#! /usr/bin/vvp
:ivl_version "12.0 (stable)";
:ivl_delay_selection "TYPICAL";
:vpi_time_precision - 12;
:vpi_module "/usr/lib/aarch64-linux-gnu/ivl/system.vpi";
:vpi_module "/usr/lib/aarch64-linux-gnu/ivl/vhdl_sys.vpi";
:vpi_module "/usr/lib/aarch64-linux-gnu/ivl/vhdl_textio.vpi";
:vpi_module "/usr/lib/aarch64-linux-gnu/ivl/v2005_math.vpi";
:vpi_module "/usr/lib/aarch64-linux-gnu/ivl/va_math.vpi";
:vpi_module "/usr/lib/aarch64-linux-gnu/ivl/v2009.vpi";
S_0xba9e10b33330 .scope package, "$unit" "$unit" 2 1;
 .timescale 0 0;
S_0xba9e10b0c890 .scope module, "tb_bram_to_dram" "tb_bram_to_dram" 3 3;
 .timescale -9 -12;
v0xba9e10b183d0_0 .var/2s "addr_errors", 31 0;
v0xba9e10b187d0 .array "axi_addr_captured", 31 0, 31 0;
v0xba9e10b18890_0 .var/2s "axi_capture_count", 31 0;
v0xba9e10b1ef20 .array "axi_captured", 31 0, 63 0;
v0xba9e10b1efe0_0 .net "axi_wr_addr", 31 0, v0xba9e10c8a4b0_0;  1 drivers
v0xba9e10b18bc0_0 .net "axi_wr_data", 63 0, v0xba9e10af59a0_0;  1 drivers
v0xba9e10b18c80_0 .net "axi_wr_en", 0 0, v0xba9e10afd0c0_0;  1 drivers
v0xba9e10b193b0_0 .var "axi_wr_ready", 0 0;
v0xba9e10b19450_0 .var "b2d_rd_data", 63 0;
v0xba9e10c8c2f0_0 .net "b2d_rd_en", 0 0, v0xba9e10ae10c0_0;  1 drivers
v0xba9e10c8c390_0 .var "b2d_rd_grant", 0 0;
v0xba9e10be2750_0 .net "b2d_word_addr", 12 0, v0xba9e10adb7f0_0;  1 drivers
v0xba9e10be27f0_0 .var/2s "bp_count", 31 0;
v0xba9e10b0cd80_0 .net "cache_valid_index", 7 0, v0xba9e10b106a0_0;  1 drivers
v0xba9e10b0ce40_0 .net "cache_valid_value", 0 0, v0xba9e10c92450_0;  1 drivers
v0xba9e10b33ec0_0 .net "cache_valid_wr_en", 0 0, v0xba9e109e3760_0;  1 drivers
v0xba9e10b33f60_0 .var "clk", 0 0;
v0xba9e10b2f8e0_0 .var/2s "col_errors", 31 0;
v0xba9e10b2f9c0_0 .var/str "current_suite";
v0xba9e10b30090_0 .var "engine_done", 0 0;
v0xba9e10b30130_0 .var "expected_addr", 31 0;
v0xba9e10b1a8f0_0 .var "got_cache_idx", 7 0;
v0xba9e10b1a9d0_0 .var "got_cache_pulse", 0 0;
v0xba9e10b1b870_0 .var "got_cache_val", 0 0;
v0xba9e10b1b930_0 .var/2s "i", 31 0;
v0xba9e10b1f690_0 .var/2s "n", 31 0;
v0xba9e10b1f770_0 .net "quarter_complete", 0 0, L_0xba9e10add710;  1 drivers
v0xba9e10b29d70_0 .var/2s "rdy_timer", 31 0;
v0xba9e10b29e30_0 .var "rst", 0 0;
v0xba9e10b2a560_0 .var "sixteenth_base_addr", 31 0;
v0xba9e10b2a600_0 .var/2s "tests_failed", 31 0;
v0xba9e10c8cd60_0 .var/2s "tests_passed", 31 0;
v0xba9e10c8ce40_0 .var/2s "tests_run", 31 0;
v0xba9e109d3290_0 .var "tile_done", 255 0;
v0xba9e109d3350_0 .var "tt_fill_colour", 5 0;
v0xba9e109d3410_0 .var "tt_is_filled", 0 0;
v0xba9e10c8b510_0 .net "tt_rd_index", 7 0, L_0xba9e10b02340;  1 drivers
v0xba9e10c8b5b0_0 .var/2s "writes_seen", 31 0;
E_0xba9e109e1e60 .event anyedge, v0xba9e10ae10c0_0, v0xba9e10adb7f0_0;
S_0xba9e10b1fc60 .scope autotask, "check" "check" 3 15, 3 15 0, S_0xba9e10b0c890;
 .timescale -9 -12;
v0xba9e10be6540_0 .var "cond", 0 0;
v0xba9e10c8d710_0 .var/str "desc";
TD_tb_bram_to_dram.check ;
    ; show_stmt_assign_vector: Get l-value for compressed += operand
    %load/vec4 v0xba9e10c8ce40_0;
    %pushi/vec4 1, 0, 32;
    %add;
    %cast2;
    %store/vec4 v0xba9e10c8ce40_0, 0, 32;
    %load/vec4 v0xba9e10be6540_0;
    %flag_set/vec4 8;
    %jmp/0xz  T_0.0, 8;
    ; show_stmt_assign_vector: Get l-value for compressed += operand
    %load/vec4 v0xba9e10c8cd60_0;
    %pushi/vec4 1, 0, 32;
    %add;
    %cast2;
    %store/vec4 v0xba9e10c8cd60_0, 0, 32;
    %vpi_call/w 3 17 "$display", "  [PASS] %s", v0xba9e10c8d710_0 {0 0 0};
    %jmp T_0.1;
T_0.0 ;
    ; show_stmt_assign_vector: Get l-value for compressed += operand
    %load/vec4 v0xba9e10b2a600_0;
    %pushi/vec4 1, 0, 32;
    %add;
    %cast2;
    %store/vec4 v0xba9e10b2a600_0, 0, 32;
    %vpi_call/w 3 18 "$display", "  [FAIL] %s  (suite: %s)", v0xba9e10c8d710_0, v0xba9e10b2f9c0_0 {0 0 0};
T_0.1 ;
    %end;
S_0xba9e10b1d930 .scope autotask, "collect_writes" "collect_writes" 3 88, 3 88 0, S_0xba9e10b0c890;
 .timescale -9 -12;
v0xba9e10c8fd00_0 .var/2s "collected", 31 0;
v0xba9e10b16c90_0 .var/2s "n", 31 0;
TD_tb_bram_to_dram.collect_writes ;
    %pushi/vec4 0, 0, 32;
    %store/vec4 v0xba9e10c8fd00_0, 0, 32;
    %pushi/vec4 0, 0, 32;
    %store/vec4 v0xba9e10b18890_0, 0, 32;
T_1.2 ;
    %load/vec4 v0xba9e10c8fd00_0;
    %load/vec4 v0xba9e10b16c90_0;
    %cmp/s;
    %jmp/0xz T_1.3, 5;
    %wait E_0xba9e109dd6e0;
    %delay 1000, 0;
    %load/vec4 v0xba9e10b18c80_0;
    %flag_set/vec4 9;
    %flag_get/vec4 9;
    %jmp/0 T_1.6, 9;
    %load/vec4 v0xba9e10b193b0_0;
    %and;
T_1.6;
    %flag_set/vec4 8;
    %jmp/0xz  T_1.4, 8;
    %load/vec4 v0xba9e10b18bc0_0;
    %ix/getv/s 4, v0xba9e10c8fd00_0;
    %store/vec4a v0xba9e10b1ef20, 4, 0;
    %load/vec4 v0xba9e10b1efe0_0;
    %ix/getv/s 4, v0xba9e10c8fd00_0;
    %store/vec4a v0xba9e10b187d0, 4, 0;
    ; show_stmt_assign_vector: Get l-value for compressed += operand
    %load/vec4 v0xba9e10c8fd00_0;
    %pushi/vec4 1, 0, 32;
    %add;
    %cast2;
    %store/vec4 v0xba9e10c8fd00_0, 0, 32;
    %load/vec4 v0xba9e10c8fd00_0;
    %store/vec4 v0xba9e10b18890_0, 0, 32;
T_1.4 ;
    %jmp T_1.2;
T_1.3 ;
    %end;
S_0xba9e10b1d560 .scope autotask, "do_reset" "do_reset" 3 103, 3 103 0, S_0xba9e10b0c890;
 .timescale -9 -12;
TD_tb_bram_to_dram.do_reset ;
    %pushi/vec4 1, 0, 1;
    %store/vec4 v0xba9e10b29e30_0, 0, 1;
    %alloc S_0xba9e10c8ba10;
    %pushi/vec4 2, 0, 32;
    %store/vec4 v0xba9e10a36790_0, 0, 32;
    %fork TD_tb_bram_to_dram.tick, S_0xba9e10c8ba10;
    %join;
    %free S_0xba9e10c8ba10;
    %pushi/vec4 0, 0, 1;
    %store/vec4 v0xba9e10b29e30_0, 0, 1;
    %pushi/vec4 0, 0, 256;
    %store/vec4 v0xba9e109d3290_0, 0, 256;
    %pushi/vec4 0, 0, 1;
    %store/vec4 v0xba9e10b30090_0, 0, 1;
    %pushi/vec4 0, 0, 1;
    %store/vec4 v0xba9e109d3410_0, 0, 1;
    %pushi/vec4 0, 0, 6;
    %store/vec4 v0xba9e109d3350_0, 0, 6;
    %pushi/vec4 1, 0, 1;
    %store/vec4 v0xba9e10b193b0_0, 0, 1;
    %pushi/vec4 0, 0, 32;
    %store/vec4 v0xba9e10b2a560_0, 0, 32;
    %alloc S_0xba9e10c8ba10;
    %pushi/vec4 1, 0, 32;
    %store/vec4 v0xba9e10a36790_0, 0, 32;
    %fork TD_tb_bram_to_dram.tick, S_0xba9e10c8ba10;
    %join;
    %free S_0xba9e10c8ba10;
    %end;
S_0xba9e10b1c210 .scope module, "dut" "bram_to_dram" 3 53, 4 4 0, S_0xba9e10b0c890;
 .timescale 0 0;
    .port_info 0 /INPUT 1 "clk";
    .port_info 1 /INPUT 1 "rst";
    .port_info 2 /INPUT 256 "tile_done";
    .port_info 3 /INPUT 1 "engine_done";
    .port_info 4 /OUTPUT 8 "tt_rd_index";
    .port_info 5 /INPUT 1 "tt_is_filled";
    .port_info 6 /INPUT 6 "tt_fill_colour";
    .port_info 7 /OUTPUT 13 "b2d_word_addr";
    .port_info 8 /OUTPUT 1 "b2d_rd_en";
    .port_info 9 /INPUT 1 "b2d_rd_grant";
    .port_info 10 /INPUT 64 "b2d_rd_data";
    .port_info 11 /OUTPUT 32 "axi_wr_addr";
    .port_info 12 /OUTPUT 64 "axi_wr_data";
    .port_info 13 /OUTPUT 1 "axi_wr_en";
    .port_info 14 /INPUT 1 "axi_wr_ready";
    .port_info 15 /OUTPUT 1 "cache_valid_wr_en";
    .port_info 16 /OUTPUT 8 "cache_valid_index";
    .port_info 17 /OUTPUT 1 "cache_valid_value";
    .port_info 18 /INPUT 32 "sixteenth_base_addr";
    .port_info 19 /OUTPUT 1 "quarter_complete";
enum0xba9e109ab310 .enum4 (3)
   "SCAN" 3'b000,
   "CHECK_TABLE" 3'b001,
   "GENERATE_FILL" 3'b010,
   "BURST_PIPE" 3'b011,
   "PIPE_DRAIN" 3'b100
 ;
L_0xba9e10c8a390 .functor NOT 256, v0xba9e10a25230_0, C4<0000000000000000000000000000000000000000000000000000000000000000000000000000000000000000000000000000000000000000000000000000000000000000000000000000000000000000000000000000000000000000000000000000000000000000000000000000000000000000000000000000000000000000>, C4<0000000000000000000000000000000000000000000000000000000000000000000000000000000000000000000000000000000000000000000000000000000000000000000000000000000000000000000000000000000000000000000000000000000000000000000000000000000000000000000000000000000000000000>, C4<0000000000000000000000000000000000000000000000000000000000000000000000000000000000000000000000000000000000000000000000000000000000000000000000000000000000000000000000000000000000000000000000000000000000000000000000000000000000000000000000000000000000000000>;
L_0xba9e10affb50 .functor AND 256, v0xba9e109d3290_0, L_0xba9e10c8a390, C4<1111111111111111111111111111111111111111111111111111111111111111111111111111111111111111111111111111111111111111111111111111111111111111111111111111111111111111111111111111111111111111111111111111111111111111111111111111111111111111111111111111111111111111>, C4<1111111111111111111111111111111111111111111111111111111111111111111111111111111111111111111111111111111111111111111111111111111111111111111111111111111111111111111111111111111111111111111111111111111111111111111111111111111111111111111111111111111111111111>;
L_0xba9e10b02340 .functor BUFZ 8, v0xba9e10a78420_0, C4<00000000>, C4<00000000>, C4<00000000>;
L_0xba9e10add710 .functor AND 1, L_0xba9e10dd0180, v0xba9e10b30090_0, C4<1>, C4<1>;
v0xba9e10b23520_0 .net *"_ivl_0", 255 0, L_0xba9e10c8a390;  1 drivers
L_0xfaeca83f7018 .functor BUFT 1, C4<1111111111111111111111111111111111111111111111111111111111111111111111111111111111111111111111111111111111111111111111111111111111111111111111111111111111111111111111111111111111111111111111111111111111111111111111111111111111111111111111111111111111111111>, C4<0>, C4<0>, C4<0>;
v0xba9e10b329a0_0 .net/2u *"_ivl_6", 255 0, L_0xfaeca83f7018;  1 drivers
v0xba9e10b28fa0_0 .net *"_ivl_8", 0 0, L_0xba9e10dd0180;  1 drivers
v0xba9e10b36b70_0 .var "any_pending", 0 0;
v0xba9e10c8a4b0_0 .var "axi_wr_addr", 31 0;
v0xba9e10af59a0_0 .var "axi_wr_data", 63 0;
v0xba9e10afd0c0_0 .var "axi_wr_en", 0 0;
v0xba9e10affcf0_0 .net "axi_wr_ready", 0 0, v0xba9e10b193b0_0;  1 drivers
v0xba9e10b024e0_0 .net "b2d_rd_data", 63 0, v0xba9e10b19450_0;  1 drivers
v0xba9e10ae10c0_0 .var "b2d_rd_en", 0 0;
v0xba9e109d8b90_0 .net "b2d_rd_grant", 0 0, v0xba9e10c8c390_0;  1 drivers
v0xba9e10adb7f0_0 .var "b2d_word_addr", 12 0;
v0xba9e10b106a0_0 .var "cache_valid_index", 7 0;
v0xba9e10c92450_0 .var "cache_valid_value", 0 0;
v0xba9e109e3760_0 .var "cache_valid_wr_en", 0 0;
v0xba9e10a6c450_0 .net "clk", 0 0, v0xba9e10b33f60_0;  1 drivers
v0xba9e10a78420_0 .var "cur_tile", 7 0;
v0xba9e10a0cec0_0 .net "engine_done", 0 0, v0xba9e10b30090_0;  1 drivers
v0xba9e10a0b1c0_0 .var "fill_count", 4 0;
v0xba9e109c3d40_0 .var "fill_word", 63 0;
v0xba9e109c3f40_0 .var "next_tile", 7 0;
v0xba9e10a26170_0 .net "pending", 255 0, L_0xba9e10affb50;  1 drivers
v0xba9e109c2020_0 .var "pipe_data", 63 0;
v0xba9e10b31020_0 .var "pipe_valid", 0 0;
v0xba9e10a25580_0 .net "quarter_complete", 0 0, L_0xba9e10add710;  alias, 1 drivers
v0xba9e10a36c20_0 .var "rd_count", 4 0;
v0xba9e10a5dca0_0 .net "rst", 0 0, v0xba9e10b29e30_0;  1 drivers
v0xba9e10a67e50_0 .net "sixteenth_base_addr", 31 0, v0xba9e10b2a560_0;  1 drivers
v0xba9e109c21a0_0 .var "state", 2 0;
v0xba9e109d08f0_0 .net "tile_done", 255 0, v0xba9e109d3290_0;  1 drivers
v0xba9e10a25230_0 .var "transferred", 255 0;
v0xba9e10a5d950_0 .net "tt_fill_colour", 5 0, v0xba9e109d3350_0;  1 drivers
v0xba9e10b0c2a0_0 .net "tt_is_filled", 0 0, v0xba9e109d3410_0;  1 drivers
v0xba9e10c92850_0 .net "tt_rd_index", 7 0, L_0xba9e10b02340;  alias, 1 drivers
v0xba9e10b1dd40_0 .var "wr_count", 4 0;
E_0xba9e109dd6e0 .event posedge, v0xba9e10a6c450_0;
E_0xba9e109e2150 .event anyedge, v0xba9e10a5d950_0;
E_0xba9e109de570 .event anyedge, v0xba9e10a26170_0;
L_0xba9e10dd0180 .cmp/eq 256, v0xba9e10a25230_0, L_0xfaeca83f7018;
S_0xba9e10b1be40 .scope begin, "$ivl_for_loop0" "$ivl_for_loop0" 4 68, 4 68 0, S_0xba9e10b1c210;
 .timescale 0 0;
v0xba9e10b2edc0_0 .var/2s "i", 31 0;
S_0xba9e10b1b230 .scope begin, "$ivl_for_loop1" "$ivl_for_loop1" 4 83, 4 83 0, S_0xba9e10b1c210;
 .timescale 0 0;
v0xba9e10b2cec0_0 .var/2s "i", 31 0;
S_0xba9e10b1ae00 .scope autotask, "suite" "suite" 3 8, 3 8 0, S_0xba9e10b0c890;
 .timescale -9 -12;
v0xba9e10b2d520_0 .var/str "name";
TD_tb_bram_to_dram.suite ;
    %load/str v0xba9e10b2d520_0;
    %store/str v0xba9e10b2f9c0_0;
    %vpi_call/w 3 10 "$display", "\012%0s", "========================================================================" {0 0 0};
    %vpi_call/w 3 11 "$display", "  SUITE: %s", v0xba9e10b2d520_0 {0 0 0};
    %vpi_call/w 3 12 "$display", "%0s", "========================================================================" {0 0 0};
    %end;
S_0xba9e10b216b0 .scope autotask, "summary" "summary" 3 21, 3 21 0, S_0xba9e10b0c890;
 .timescale -9 -12;
TD_tb_bram_to_dram.summary ;
    %vpi_call/w 3 22 "$display", "\012%0s", "========================================================================" {0 0 0};
    %vpi_call/w 3 23 "$display", "  RESULTS: %0d / %0d passed", v0xba9e10c8cd60_0, v0xba9e10c8ce40_0 {0 0 0};
    %load/vec4 v0xba9e10b2a600_0;
    %cmpi/e 0, 0, 32;
    %jmp/0xz  T_4.7, 4;
    %vpi_call/w 3 24 "$display", "  ALL TESTS PASSED" {0 0 0};
    %jmp T_4.8;
T_4.7 ;
    %vpi_call/w 3 25 "$display", "  %0d TEST(S) FAILED", v0xba9e10b2a600_0 {0 0 0};
T_4.8 ;
    %vpi_call/w 3 26 "$display", "%0s\012", "========================================================================" {0 0 0};
    %end;
S_0xba9e10c8ba10 .scope autotask, "tick" "tick" 3 31, 3 31 0, S_0xba9e10b0c890;
 .timescale -9 -12;
v0xba9e10a36790_0 .var/2s "n", 31 0;
TD_tb_bram_to_dram.tick ;
    %load/vec4 v0xba9e10a36790_0;
T_5.9 %dup/vec4;
    %pushi/vec4 0, 0, 32;
    %cmp/s;
    %jmp/1xz T_5.10, 5;
    %jmp/1 T_5.10, 4;
    %pushi/vec4 1, 0, 32;
    %sub;
    %wait E_0xba9e109dd6e0;
    %jmp T_5.9;
T_5.10 ;
    %pop/vec4 1;
    %delay 1000, 0;
    %end;
S_0xba9e10c8bde0 .scope autotask, "wait_tile" "wait_tile" 3 120, 3 120 0, S_0xba9e10b0c890;
 .timescale -9 -12;
v0xba9e10b32c90_0 .var "idx", 7 0;
v0xba9e10b17fd0_0 .var/2s "maxc", 31 0;
TD_tb_bram_to_dram.wait_tile ;
    %pushi/vec4 0, 0, 32;
    %store/vec4 v0xba9e10b1f690_0, 0, 32;
T_6.11 ;
    %load/vec4 v0xba9e10b33ec0_0;
    %flag_set/vec4 10;
    %flag_get/vec4 10;
    %jmp/0 T_6.14, 10;
    %load/vec4 v0xba9e10b0cd80_0;
    %load/vec4 v0xba9e10b32c90_0;
    %cmp/e;
    %flag_get/vec4 4;
    %and;
T_6.14;
    %nor/r;
    %flag_set/vec4 9;
    %flag_get/vec4 9;
    %jmp/0 T_6.13, 9;
    %load/vec4 v0xba9e10b1f690_0;
    %load/vec4 v0xba9e10b17fd0_0;
    %cmp/s;
    %flag_get/vec4 5;
    %and;
T_6.13;
    %flag_set/vec4 8;
    %jmp/0xz T_6.12, 8;
    %alloc S_0xba9e10c8ba10;
    %pushi/vec4 1, 0, 32;
    %store/vec4 v0xba9e10a36790_0, 0, 32;
    %fork TD_tb_bram_to_dram.tick, S_0xba9e10c8ba10;
    %join;
    %free S_0xba9e10c8ba10;
    ; show_stmt_assign_vector: Get l-value for compressed += operand
    %load/vec4 v0xba9e10b1f690_0;
    %pushi/vec4 1, 0, 32;
    %add;
    %cast2;
    %store/vec4 v0xba9e10b1f690_0, 0, 32;
    %jmp T_6.11;
T_6.12 ;
    %alloc S_0xba9e10c8ba10;
    %pushi/vec4 2, 0, 32;
    %store/vec4 v0xba9e10a36790_0, 0, 32;
    %fork TD_tb_bram_to_dram.tick, S_0xba9e10c8ba10;
    %join;
    %free S_0xba9e10c8ba10;
    %end;
S_0xba9e10b20030 .scope module, "top_level" "top_level" 5 4;
 .timescale -9 -12;
    .port_info 0 /INPUT 1 "clk";
    .port_info 1 /INPUT 1 "rst";
    .port_info 2 /OUTPUT 32 "hp_axi_wr_addr";
    .port_info 3 /OUTPUT 64 "hp_axi_wr_data";
    .port_info 4 /OUTPUT 1 "hp_axi_wr_en";
    .port_info 5 /INPUT 1 "hp_axi_wr_ready";
    .port_info 6 /OUTPUT 1 "irq_all_done";
o0xba9e10d5a998 .functor BUFZ 1, C4<z>; HiZ drive
L_0xba9e10a5da50 .functor OR 1, o0xba9e10d5a998, v0xba9e10dbd970_0, C4<0>, C4<0>;
L_0xba9e10dd5800 .functor BUFZ 1, v0xba9e10dbd100_0, C4<0>, C4<0>, C4<0>;
v0xba9e10dbe880_0 .var "cfg_centre_x", 31 0;
v0xba9e10dbe960_0 .var "cfg_centre_y", 31 0;
v0xba9e10dbea00_0 .var "cfg_equation_id", 4 0;
v0xba9e10dbeaa0_0 .var "cfg_image_base_addr", 31 0;
v0xba9e10dbeb40_0 .var "cfg_max_iter", 11 0;
v0xba9e10dbec30_0 .var "cfg_zoom_level", 31 0;
o0xba9e10c94c68 .functor BUFZ 1, C4<z>; HiZ drive
v0xba9e10dbecd0_0 .net "clk", 0 0, o0xba9e10c94c68;  0 drivers
v0xba9e10dbed70_0 .net "ctrl_all_done", 0 0, v0xba9e10dbd100_0;  1 drivers
v0xba9e10dbee10_0 .net "ctrl_centre_x", 31 0, v0xba9e10dbd1e0_0;  1 drivers
v0xba9e10dbef40_0 .net "ctrl_centre_y", 31 0, v0xba9e10dbd2a0_0;  1 drivers
v0xba9e10dbf070_0 .net "ctrl_engine_rst", 0 0, v0xba9e10dbd970_0;  1 drivers
v0xba9e10dbf110_0 .net "ctrl_equation_id", 4 0, v0xba9e10dbda30_0;  1 drivers
v0xba9e10dbf240_0 .net "ctrl_max_iter", 11 0, v0xba9e10dbdaf0_0;  1 drivers
v0xba9e10dbf370_0 .net "ctrl_quarter_complete", 0 0, L_0xba9e10dd56d0;  1 drivers
v0xba9e10dbf410_0 .net "ctrl_sixteenth_base_addr", 31 0, v0xba9e10dbddb0_0;  1 drivers
v0xba9e10dbf4d0_0 .net "ctrl_start", 0 0, v0xba9e10dbe140_0;  1 drivers
v0xba9e10dbf570_0 .net "ctrl_x_offset", 9 0, v0xba9e10dbe2f0_0;  1 drivers
v0xba9e10dbf740_0 .net "ctrl_y_offset", 9 0, v0xba9e10dbe3b0_0;  1 drivers
v0xba9e10dbf890_0 .net "ctrl_zoom_level", 31 0, v0xba9e10dbe470_0;  1 drivers
v0xba9e10dbf9e0_0 .net "engine_combined_rst", 0 0, L_0xba9e10a5da50;  1 drivers
v0xba9e10dbfa80_0 .net "hp_axi_wr_addr", 31 0, v0xba9e10b1d130_0;  1 drivers
v0xba9e10dbfb40_0 .net "hp_axi_wr_data", 63 0, v0xba9e10b1d210_0;  1 drivers
v0xba9e10dbfc00_0 .net "hp_axi_wr_en", 0 0, v0xba9e10b2e2b0_0;  1 drivers
o0xba9e10c94ae8 .functor BUFZ 1, C4<z>; HiZ drive
v0xba9e10dbfca0_0 .net "hp_axi_wr_ready", 0 0, o0xba9e10c94ae8;  0 drivers
v0xba9e10dbfd40_0 .net "irq_all_done", 0 0, L_0xba9e10dd5800;  1 drivers
v0xba9e10dbfe00_0 .var "ps_start", 0 0;
v0xba9e10dbfea0_0 .net "rst", 0 0, o0xba9e10d5a998;  0 drivers
S_0xba9e10c91550 .scope module, "u_engine" "per_sixteenth_engine" 5 72, 6 3 0, S_0xba9e10b20030;
 .timescale -9 -12;
    .port_info 0 /INPUT 1 "clk";
    .port_info 1 /INPUT 1 "rst";
    .port_info 2 /INPUT 1 "start";
    .port_info 3 /OUTPUT 1 "engine_done";
    .port_info 4 /OUTPUT 1 "quarter_complete";
    .port_info 5 /INPUT 5 "equation_id";
    .port_info 6 /INPUT 32 "centre_x";
    .port_info 7 /INPUT 32 "centre_y";
    .port_info 8 /INPUT 32 "zoom_level";
    .port_info 9 /INPUT 12 "max_iter";
    .port_info 10 /INPUT 10 "x_offset";
    .port_info 11 /INPUT 10 "y_offset";
    .port_info 12 /INPUT 32 "sixteenth_base_addr";
    .port_info 13 /OUTPUT 32 "axi_wr_addr";
    .port_info 14 /OUTPUT 64 "axi_wr_data";
    .port_info 15 /OUTPUT 1 "axi_wr_en";
    .port_info 16 /INPUT 1 "axi_wr_ready";
v0xba9e10db87d0_0 .net "axi_wr_addr", 31 0, v0xba9e10b1d130_0;  alias, 1 drivers
v0xba9e10db88e0_0 .net "axi_wr_data", 63 0, v0xba9e10b1d210_0;  alias, 1 drivers
v0xba9e10db89b0_0 .net "axi_wr_en", 0 0, v0xba9e10b2e2b0_0;  alias, 1 drivers
v0xba9e10db8a80_0 .net "axi_wr_ready", 0 0, o0xba9e10c94ae8;  alias, 0 drivers
v0xba9e10db8b50_0 .net "cbram_b2d_rd_data", 63 0, v0xba9e10a6f280_0;  1 drivers
v0xba9e10db8c40_0 .net "cbram_b2d_rd_en", 0 0, v0xba9e109bf3c0_0;  1 drivers
v0xba9e10db8d30_0 .net "cbram_b2d_rd_grant", 0 0, L_0xba9e10dd39f0;  1 drivers
v0xba9e10db8e20_0 .net "cbram_b2d_word_addr", 12 0, v0xba9e109bf540_0;  1 drivers
v0xba9e10db8f10_0 .net "cbram_ctrl_rd_data", 7 0, v0xba9e10a104a0_0;  1 drivers
v0xba9e10db8fb0_0 .net "cbram_ctrl_rd_en", 0 0, L_0xba9e10dd0a80;  1 drivers
v0xba9e10db90a0_0 .net "cbram_ctrl_rd_x", 8 0, L_0xba9e10a25330;  1 drivers
v0xba9e10db91b0_0 .net "cbram_ctrl_rd_y", 8 0, L_0xba9e10a251c0;  1 drivers
L_0xfaeca83f72e8 .functor BUFT 1, C4<00000101>, C4<0>, C4<0>, C4<0>;
v0xba9e10db92c0_0 .net "cbram_ctrl_wr_data", 7 0, L_0xfaeca83f72e8;  1 drivers
v0xba9e10db93d0_0 .net "cbram_ctrl_wr_en", 0 0, L_0xba9e109d63d0;  1 drivers
v0xba9e10db94c0_0 .net "cbram_ctrl_wr_x", 8 0, L_0xba9e109f9870;  1 drivers
v0xba9e10db95d0_0 .net "cbram_ctrl_wr_y", 8 0, L_0xba9e109e1910;  1 drivers
v0xba9e10db96e0_0 .net "centre_x", 31 0, v0xba9e10dbd1e0_0;  alias, 1 drivers
v0xba9e10db9900_0 .net "centre_y", 31 0, v0xba9e10dbd2a0_0;  alias, 1 drivers
v0xba9e10db9a10_0 .net "clk", 0 0, o0xba9e10c94c68;  alias, 0 drivers
v0xba9e10db9ab0_0 .net "comp_complete", 0 0, v0xba9e10da6da0_0;  1 drivers
v0xba9e10db9ba0_0 .net "comp_differ", 0 0, v0xba9e10da6e60_0;  1 drivers
v0xba9e10db9c90_0 .net "comp_expected_count", 10 0, v0xba9e10db2a70_0;  1 drivers
v0xba9e10db9d80_0 .net "comp_quad_size", 8 0, v0xba9e10db2d50_0;  1 drivers
v0xba9e10db9e70_0 .net "comp_ref_colour_o", 5 0, v0xba9e10da7630_0;  1 drivers
v0xba9e10db9f60_0 .net "comp_sched_reset", 0 0, v0xba9e10db3210_0;  1 drivers
v0xba9e10dba050_0 .net "comp_top_left_x", 8 0, v0xba9e10db35d0_0;  1 drivers
v0xba9e10dba140_0 .net "comp_top_left_y", 8 0, v0xba9e10db36c0_0;  1 drivers
v0xba9e10dba230_0 .net "cqh_comp_data", 21 0, L_0xba9e10dd30d0;  1 drivers
v0xba9e10dba2d0_0 .net "cqh_comp_pop", 0 0, L_0xba9e10dd2360;  1 drivers
v0xba9e10dba400_0 .net "cqh_comp_valid", 0 0, L_0xba9e10dd3700;  1 drivers
v0xba9e10dba4a0_0 .net "cqh_done", 0 0, L_0xba9e10dd11c0;  1 drivers
v0xba9e10dba540_0 .net "cqh_iter_colour", 3 0, L_0xba9e10dd17c0;  1 drivers
v0xba9e10dba630_0 .net "cqh_iter_x", 8 0, L_0xba9e10dd12b0;  1 drivers
v0xba9e10dba930_0 .net "cqh_iter_y", 8 0, L_0xba9e10dd1410;  1 drivers
L_0xfaeca83f7180 .functor BUFT 1, C4<0000000000000000000000000000000000000000000000000000000000000000000000000000000000000000000000000000000000000000000000000000000000000000000000000000000000000000000000000000000000000000000000000000000000000000000000000000000000000000000000000000000000000000>, C4<0>, C4<0>, C4<0>;
v0xba9e10dbaa20_0 .net "cu_tile_done_set", 255 0, L_0xfaeca83f7180;  1 drivers
v0xba9e10dbaac0_0 .net "engine_done", 0 0, v0xba9e10db2900_0;  1 drivers
v0xba9e10dbabb0_0 .net "equation_id", 4 0, v0xba9e10dbda30_0;  alias, 1 drivers
v0xba9e10dbaca0_0 .net "jqh_coord_out", 17 0, v0xba9e10db0fd0_0;  1 drivers
v0xba9e10dbad90_0 .net "jqh_flush", 0 0, v0xba9e10db2b40_0;  1 drivers
v0xba9e10dbaec0_0 .net "jqh_grant", 0 0, v0xba9e10db1190_0;  1 drivers
v0xba9e10dbaf60_0 .net "jqh_sched_coord", 17 0, v0xba9e10db2f90_0;  1 drivers
v0xba9e10dbb090_0 .net "jqh_sched_push", 0 0, v0xba9e10db3030_0;  1 drivers
v0xba9e10dbb130_0 .net "jqh_sched_stall", 0 0, L_0xba9e10dd28a0;  1 drivers
v0xba9e10dbb220_0 .net "jqh_wants_job", 0 0, L_0xba9e10a5d8e0;  1 drivers
v0xba9e10dbb310_0 .net "max_iter", 11 0, v0xba9e10dbdaf0_0;  alias, 1 drivers
v0xba9e10dbb400_0 .net "quarter_complete", 0 0, L_0xba9e10dd56d0;  alias, 1 drivers
v0xba9e10dbb4a0_0 .net "rst", 0 0, L_0xba9e10a5da50;  alias, 1 drivers
v0xba9e10dbb540_0 .net "sbram_a_rd", 0 0, L_0xba9e10dd08b0;  1 drivers
v0xba9e10dbb630_0 .net "sbram_a_rstate", 1 0, v0xba9e10db5000_0;  1 drivers
v0xba9e10dbb720_0 .net "sbram_a_we", 0 0, L_0xba9e109e1770;  1 drivers
L_0xfaeca83f7378 .functor BUFT 1, C4<11>, C4<0>, C4<0>, C4<0>;
v0xba9e10dbb810_0 .net "sbram_a_wstate", 1 0, L_0xfaeca83f7378;  1 drivers
v0xba9e10dbb900_0 .net "sbram_a_x", 8 0, L_0xba9e10a368f0;  1 drivers
v0xba9e10dbb9f0_0 .net "sbram_a_y", 8 0, L_0xba9e10a36720;  1 drivers
v0xba9e10dbbae0_0 .net "sched_tile_done_set", 255 0, v0xba9e10db33b0_0;  1 drivers
v0xba9e10dbbb80_0 .net "sixteenth_base_addr", 31 0, v0xba9e10dbddb0_0;  alias, 1 drivers
v0xba9e10dbbc20_0 .net "start", 0 0, v0xba9e10dbe140_0;  alias, 1 drivers
v0xba9e10dbbcc0_0 .var "tile_done", 255 0;
v0xba9e10dbbd60_0 .net "tt_fill_colour", 5 0, L_0xba9e10dd49b0;  1 drivers
v0xba9e10dbbe50_0 .net "tt_is_filled", 0 0, L_0xba9e10dd46a0;  1 drivers
v0xba9e10dbbf40_0 .net "tt_rd_index", 7 0, v0xba9e10a1be70_0;  1 drivers
v0xba9e10dbc030_0 .net "tt_wr_quad_colour", 5 0, v0xba9e10db3790_0;  1 drivers
v0xba9e10dbc120_0 .net "tt_wr_quad_en", 0 0, v0xba9e10db3850_0;  1 drivers
v0xba9e10dbc210_0 .net "tt_wr_quad_size", 7 0, v0xba9e10db3910_0;  1 drivers
v0xba9e10dbc300_0 .net "tt_wr_quad_tlx", 7 0, v0xba9e10db39f0_0;  1 drivers
v0xba9e10dbc3f0_0 .net "tt_wr_quad_tly", 7 0, v0xba9e10db3ad0_0;  1 drivers
L_0xfaeca83f7138 .functor BUFT 1, C4<000000>, C4<0>, C4<0>, C4<0>;
v0xba9e10dbc4e0_0 .net "tt_wr_single_colour", 5 0, L_0xfaeca83f7138;  1 drivers
L_0xfaeca83f7060 .functor BUFT 1, C4<0>, C4<0>, C4<0>, C4<0>;
v0xba9e10dbc5d0_0 .net "tt_wr_single_en", 0 0, L_0xfaeca83f7060;  1 drivers
L_0xfaeca83f70f0 .functor BUFT 1, C4<0>, C4<0>, C4<0>, C4<0>;
v0xba9e10dbc6c0_0 .net "tt_wr_single_filled", 0 0, L_0xfaeca83f70f0;  1 drivers
L_0xfaeca83f70a8 .functor BUFT 1, C4<00000000>, C4<0>, C4<0>, C4<0>;
v0xba9e10dbc7b0_0 .net "tt_wr_single_index", 7 0, L_0xfaeca83f70a8;  1 drivers
v0xba9e10dbc8a0_0 .net "x_offset", 9 0, v0xba9e10dbe2f0_0;  alias, 1 drivers
v0xba9e10dbc990_0 .net "y_offset", 9 0, v0xba9e10dbe3b0_0;  alias, 1 drivers
v0xba9e10dbca80_0 .net "zoom_level", 31 0, v0xba9e10dbe470_0;  alias, 1 drivers
S_0xba9e10b33a60 .scope module, "u_bram_to_dram" "bram_to_dram" 6 301, 4 4 0, S_0xba9e10c91550;
 .timescale 0 0;
    .port_info 0 /INPUT 1 "clk";
    .port_info 1 /INPUT 1 "rst";
    .port_info 2 /INPUT 256 "tile_done";
    .port_info 3 /INPUT 1 "engine_done";
    .port_info 4 /OUTPUT 8 "tt_rd_index";
    .port_info 5 /INPUT 1 "tt_is_filled";
    .port_info 6 /INPUT 6 "tt_fill_colour";
    .port_info 7 /OUTPUT 13 "b2d_word_addr";
    .port_info 8 /OUTPUT 1 "b2d_rd_en";
    .port_info 9 /INPUT 1 "b2d_rd_grant";
    .port_info 10 /INPUT 64 "b2d_rd_data";
    .port_info 11 /OUTPUT 32 "axi_wr_addr";
    .port_info 12 /OUTPUT 64 "axi_wr_data";
    .port_info 13 /OUTPUT 1 "axi_wr_en";
    .port_info 14 /INPUT 1 "axi_wr_ready";
    .port_info 15 /OUTPUT 1 "cache_valid_wr_en";
    .port_info 16 /OUTPUT 8 "cache_valid_index";
    .port_info 17 /OUTPUT 1 "cache_valid_value";
    .port_info 18 /INPUT 32 "sixteenth_base_addr";
    .port_info 19 /OUTPUT 1 "quarter_complete";
enum0xba9e10a9f770 .enum4 (3)
   "SCAN" 3'b000,
   "CHECK_TABLE" 3'b001,
   "GENERATE_FILL" 3'b010,
   "BURST_PIPE" 3'b011,
   "PIPE_DRAIN" 3'b100
 ;
L_0xba9e10dd4f30 .functor NOT 256, v0xba9e109cdff0_0, C4<0000000000000000000000000000000000000000000000000000000000000000000000000000000000000000000000000000000000000000000000000000000000000000000000000000000000000000000000000000000000000000000000000000000000000000000000000000000000000000000000000000000000000000>, C4<0000000000000000000000000000000000000000000000000000000000000000000000000000000000000000000000000000000000000000000000000000000000000000000000000000000000000000000000000000000000000000000000000000000000000000000000000000000000000000000000000000000000000000>, C4<0000000000000000000000000000000000000000000000000000000000000000000000000000000000000000000000000000000000000000000000000000000000000000000000000000000000000000000000000000000000000000000000000000000000000000000000000000000000000000000000000000000000000000>;
L_0xba9e10dd5160 .functor AND 256, v0xba9e10dbbcc0_0, L_0xba9e10dd4f30, C4<1111111111111111111111111111111111111111111111111111111111111111111111111111111111111111111111111111111111111111111111111111111111111111111111111111111111111111111111111111111111111111111111111111111111111111111111111111111111111111111111111111111111111111>, C4<1111111111111111111111111111111111111111111111111111111111111111111111111111111111111111111111111111111111111111111111111111111111111111111111111111111111111111111111111111111111111111111111111111111111111111111111111111111111111111111111111111111111111111>;
L_0xba9e10dd56d0 .functor AND 1, L_0xba9e10dd5590, v0xba9e10db2900_0, C4<1>, C4<1>;
v0xba9e10b2db60_0 .net *"_ivl_0", 255 0, L_0xba9e10dd4f30;  1 drivers
L_0xfaeca83f7888 .functor BUFT 1, C4<1111111111111111111111111111111111111111111111111111111111111111111111111111111111111111111111111111111111111111111111111111111111111111111111111111111111111111111111111111111111111111111111111111111111111111111111111111111111111111111111111111111111111111>, C4<0>, C4<0>, C4<0>;
v0xba9e10b2dc60_0 .net/2u *"_ivl_6", 255 0, L_0xfaeca83f7888;  1 drivers
v0xba9e10b2b360_0 .net *"_ivl_8", 0 0, L_0xba9e10dd5590;  1 drivers
v0xba9e10b2b420_0 .var "any_pending", 0 0;
v0xba9e10b1d130_0 .var "axi_wr_addr", 31 0;
v0xba9e10b1d210_0 .var "axi_wr_data", 63 0;
v0xba9e10b2e2b0_0 .var "axi_wr_en", 0 0;
v0xba9e10b2e370_0 .net "axi_wr_ready", 0 0, o0xba9e10c94ae8;  alias, 0 drivers
v0xba9e109bf2e0_0 .net "b2d_rd_data", 63 0, v0xba9e10a6f280_0;  alias, 1 drivers
v0xba9e109bf3c0_0 .var "b2d_rd_en", 0 0;
v0xba9e109bf480_0 .net "b2d_rd_grant", 0 0, L_0xba9e10dd39f0;  alias, 1 drivers
v0xba9e109bf540_0 .var "b2d_word_addr", 12 0;
v0xba9e109bf620_0 .var "cache_valid_index", 7 0;
v0xba9e10a1bc30_0 .var "cache_valid_value", 0 0;
v0xba9e10a1bcf0_0 .var "cache_valid_wr_en", 0 0;
v0xba9e10a1bdb0_0 .net "clk", 0 0, o0xba9e10c94c68;  alias, 0 drivers
v0xba9e10a1be70_0 .var "cur_tile", 7 0;
v0xba9e10a1bf50_0 .net "engine_done", 0 0, v0xba9e10db2900_0;  alias, 1 drivers
v0xba9e10a1c010_0 .var "fill_count", 4 0;
v0xba9e109c37b0_0 .var "fill_word", 63 0;
v0xba9e109c3890_0 .var "next_tile", 7 0;
v0xba9e109c3970_0 .net "pending", 255 0, L_0xba9e10dd5160;  1 drivers
v0xba9e109c3a50_0 .var "pipe_data", 63 0;
v0xba9e109c3b30_0 .var "pipe_valid", 0 0;
v0xba9e109cb070_0 .net "quarter_complete", 0 0, L_0xba9e10dd56d0;  alias, 1 drivers
v0xba9e109cb130_0 .var "rd_count", 4 0;
v0xba9e109cb210_0 .net "rst", 0 0, L_0xba9e10a5da50;  alias, 1 drivers
v0xba9e109cb2d0_0 .net "sixteenth_base_addr", 31 0, v0xba9e10dbddb0_0;  alias, 1 drivers
v0xba9e109cb3b0_0 .var "state", 2 0;
v0xba9e109cdf10_0 .net "tile_done", 255 0, v0xba9e10dbbcc0_0;  1 drivers
v0xba9e109cdff0_0 .var "transferred", 255 0;
v0xba9e109ce0d0_0 .net "tt_fill_colour", 5 0, L_0xba9e10dd49b0;  alias, 1 drivers
v0xba9e109ce1b0_0 .net "tt_is_filled", 0 0, L_0xba9e10dd46a0;  alias, 1 drivers
v0xba9e10a40600_0 .net "tt_rd_index", 7 0, v0xba9e10a1be70_0;  alias, 1 drivers
v0xba9e10a406e0_0 .var "wr_count", 4 0;
E_0xba9e109de160 .event posedge, v0xba9e10a1bdb0_0;
E_0xba9e109dde20 .event anyedge, v0xba9e109ce0d0_0;
E_0xba9e109e2b40 .event anyedge, v0xba9e109c3970_0;
L_0xba9e10dd5590 .cmp/eq 256, v0xba9e109cdff0_0, L_0xfaeca83f7888;
S_0xba9e10984790 .scope begin, "$ivl_for_loop0" "$ivl_for_loop0" 4 68, 4 68 0, S_0xba9e10b33a60;
 .timescale 0 0;
v0xba9e10b1a250_0 .var/2s "i", 31 0;
S_0xba9e10b1ec00 .scope begin, "$ivl_for_loop1" "$ivl_for_loop1" 4 83, 4 83 0, S_0xba9e10b33a60;
 .timescale 0 0;
v0xba9e10b1a350_0 .var/2s "i", 31 0;
S_0xba9e10a2de50 .scope module, "u_colour_bram" "colour_bram" 6 249, 7 4 0, S_0xba9e10c91550;
 .timescale 0 0;
    .port_info 0 /INPUT 1 "clk";
    .port_info 1 /INPUT 9 "ctrl_rd_x";
    .port_info 2 /INPUT 9 "ctrl_rd_y";
    .port_info 3 /INPUT 1 "ctrl_rd_en";
    .port_info 4 /OUTPUT 8 "ctrl_rd_data";
    .port_info 5 /INPUT 9 "ctrl_wr_x";
    .port_info 6 /INPUT 9 "ctrl_wr_y";
    .port_info 7 /INPUT 1 "ctrl_wr_en";
    .port_info 8 /INPUT 8 "ctrl_wr_data";
    .port_info 9 /INPUT 13 "b2d_word_addr";
    .port_info 10 /INPUT 1 "b2d_rd_en";
    .port_info 11 /OUTPUT 1 "b2d_rd_grant";
    .port_info 12 /OUTPUT 64 "b2d_rd_data";
L_0xba9e10dd39f0 .functor AND 1, v0xba9e109bf3c0_0, L_0xba9e10dd38c0, C4<1>, C4<1>;
v0xba9e10a6f000_0 .net *"_ivl_1", 0 0, L_0xba9e10dd38c0;  1 drivers
v0xba9e10a6f0e0_0 .var "a_byte_off_reg", 2 0;
v0xba9e10a6f1c0_0 .var "a_rd_word", 63 0;
v0xba9e10a6f280_0 .var "b2d_rd_data", 63 0;
v0xba9e10a6f340_0 .net "b2d_rd_en", 0 0, v0xba9e109bf3c0_0;  alias, 1 drivers
v0xba9e10a10220_0 .net "b2d_rd_grant", 0 0, L_0xba9e10dd39f0;  alias, 1 drivers
v0xba9e10a102c0_0 .net "b2d_word_addr", 12 0, v0xba9e109bf540_0;  alias, 1 drivers
v0xba9e10a10360_0 .var "b_wr_word", 63 0;
v0xba9e10a10400_0 .net "clk", 0 0, o0xba9e10c94c68;  alias, 0 drivers
v0xba9e10a104a0_0 .var "ctrl_rd_data", 7 0;
v0xba9e10a10540_0 .net "ctrl_rd_en", 0 0, L_0xba9e10dd0a80;  alias, 1 drivers
v0xba9e10a10600_0 .net "ctrl_rd_x", 8 0, L_0xba9e10a25330;  alias, 1 drivers
v0xba9e10a66380_0 .net "ctrl_rd_y", 8 0, L_0xba9e10a251c0;  alias, 1 drivers
v0xba9e10a66460_0 .net "ctrl_wr_data", 7 0, L_0xfaeca83f72e8;  alias, 1 drivers
v0xba9e10a66540_0 .net "ctrl_wr_en", 0 0, L_0xba9e109d63d0;  alias, 1 drivers
v0xba9e10a66600_0 .net "ctrl_wr_x", 8 0, L_0xba9e109f9870;  alias, 1 drivers
v0xba9e10a666e0_0 .net "ctrl_wr_y", 8 0, L_0xba9e109e1910;  alias, 1 drivers
v0xba9e109dc910 .array "mem", 8191 0, 63 0;
v0xba9e10da5ee0_0 .net "wr_byte_off", 2 0, L_0xba9e10dd3a60;  1 drivers
E_0xba9e109e1c10/0 .event anyedge, v0xba9e10a66600_0, v0xba9e10a666e0_0, v0xba9e10a58410_0, v0xba9e10a05d40_0;
v0xba9e109dc910_0 .array/port v0xba9e109dc910, 0;
E_0xba9e109e1c10/1 .event anyedge, v0xba9e10a58410_0, v0xba9e10a05d40_0, v0xba9e10a05b60_0, v0xba9e109dc910_0;
v0xba9e109dc910_1 .array/port v0xba9e109dc910, 1;
v0xba9e109dc910_2 .array/port v0xba9e109dc910, 2;
v0xba9e109dc910_3 .array/port v0xba9e109dc910, 3;
v0xba9e109dc910_4 .array/port v0xba9e109dc910, 4;
E_0xba9e109e1c10/2 .event anyedge, v0xba9e109dc910_1, v0xba9e109dc910_2, v0xba9e109dc910_3, v0xba9e109dc910_4;
v0xba9e109dc910_5 .array/port v0xba9e109dc910, 5;
v0xba9e109dc910_6 .array/port v0xba9e109dc910, 6;
v0xba9e109dc910_7 .array/port v0xba9e109dc910, 7;
v0xba9e109dc910_8 .array/port v0xba9e109dc910, 8;
E_0xba9e109e1c10/3 .event anyedge, v0xba9e109dc910_5, v0xba9e109dc910_6, v0xba9e109dc910_7, v0xba9e109dc910_8;
v0xba9e109dc910_9 .array/port v0xba9e109dc910, 9;
v0xba9e109dc910_10 .array/port v0xba9e109dc910, 10;
v0xba9e109dc910_11 .array/port v0xba9e109dc910, 11;
v0xba9e109dc910_12 .array/port v0xba9e109dc910, 12;
E_0xba9e109e1c10/4 .event anyedge, v0xba9e109dc910_9, v0xba9e109dc910_10, v0xba9e109dc910_11, v0xba9e109dc910_12;
v0xba9e109dc910_13 .array/port v0xba9e109dc910, 13;
v0xba9e109dc910_14 .array/port v0xba9e109dc910, 14;
v0xba9e109dc910_15 .array/port v0xba9e109dc910, 15;
v0xba9e109dc910_16 .array/port v0xba9e109dc910, 16;
E_0xba9e109e1c10/5 .event anyedge, v0xba9e109dc910_13, v0xba9e109dc910_14, v0xba9e109dc910_15, v0xba9e109dc910_16;
v0xba9e109dc910_17 .array/port v0xba9e109dc910, 17;
v0xba9e109dc910_18 .array/port v0xba9e109dc910, 18;
v0xba9e109dc910_19 .array/port v0xba9e109dc910, 19;
v0xba9e109dc910_20 .array/port v0xba9e109dc910, 20;
E_0xba9e109e1c10/6 .event anyedge, v0xba9e109dc910_17, v0xba9e109dc910_18, v0xba9e109dc910_19, v0xba9e109dc910_20;
v0xba9e109dc910_21 .array/port v0xba9e109dc910, 21;
v0xba9e109dc910_22 .array/port v0xba9e109dc910, 22;
v0xba9e109dc910_23 .array/port v0xba9e109dc910, 23;
v0xba9e109dc910_24 .array/port v0xba9e109dc910, 24;
E_0xba9e109e1c10/7 .event anyedge, v0xba9e109dc910_21, v0xba9e109dc910_22, v0xba9e109dc910_23, v0xba9e109dc910_24;
v0xba9e109dc910_25 .array/port v0xba9e109dc910, 25;
v0xba9e109dc910_26 .array/port v0xba9e109dc910, 26;
v0xba9e109dc910_27 .array/port v0xba9e109dc910, 27;
v0xba9e109dc910_28 .array/port v0xba9e109dc910, 28;
E_0xba9e109e1c10/8 .event anyedge, v0xba9e109dc910_25, v0xba9e109dc910_26, v0xba9e109dc910_27, v0xba9e109dc910_28;
v0xba9e109dc910_29 .array/port v0xba9e109dc910, 29;
v0xba9e109dc910_30 .array/port v0xba9e109dc910, 30;
v0xba9e109dc910_31 .array/port v0xba9e109dc910, 31;
v0xba9e109dc910_32 .array/port v0xba9e109dc910, 32;
E_0xba9e109e1c10/9 .event anyedge, v0xba9e109dc910_29, v0xba9e109dc910_30, v0xba9e109dc910_31, v0xba9e109dc910_32;
v0xba9e109dc910_33 .array/port v0xba9e109dc910, 33;
v0xba9e109dc910_34 .array/port v0xba9e109dc910, 34;
v0xba9e109dc910_35 .array/port v0xba9e109dc910, 35;
v0xba9e109dc910_36 .array/port v0xba9e109dc910, 36;
E_0xba9e109e1c10/10 .event anyedge, v0xba9e109dc910_33, v0xba9e109dc910_34, v0xba9e109dc910_35, v0xba9e109dc910_36;
v0xba9e109dc910_37 .array/port v0xba9e109dc910, 37;
v0xba9e109dc910_38 .array/port v0xba9e109dc910, 38;
v0xba9e109dc910_39 .array/port v0xba9e109dc910, 39;
v0xba9e109dc910_40 .array/port v0xba9e109dc910, 40;
E_0xba9e109e1c10/11 .event anyedge, v0xba9e109dc910_37, v0xba9e109dc910_38, v0xba9e109dc910_39, v0xba9e109dc910_40;
v0xba9e109dc910_41 .array/port v0xba9e109dc910, 41;
v0xba9e109dc910_42 .array/port v0xba9e109dc910, 42;
v0xba9e109dc910_43 .array/port v0xba9e109dc910, 43;
v0xba9e109dc910_44 .array/port v0xba9e109dc910, 44;
E_0xba9e109e1c10/12 .event anyedge, v0xba9e109dc910_41, v0xba9e109dc910_42, v0xba9e109dc910_43, v0xba9e109dc910_44;
v0xba9e109dc910_45 .array/port v0xba9e109dc910, 45;
v0xba9e109dc910_46 .array/port v0xba9e109dc910, 46;
v0xba9e109dc910_47 .array/port v0xba9e109dc910, 47;
v0xba9e109dc910_48 .array/port v0xba9e109dc910, 48;
E_0xba9e109e1c10/13 .event anyedge, v0xba9e109dc910_45, v0xba9e109dc910_46, v0xba9e109dc910_47, v0xba9e109dc910_48;
v0xba9e109dc910_49 .array/port v0xba9e109dc910, 49;
v0xba9e109dc910_50 .array/port v0xba9e109dc910, 50;
v0xba9e109dc910_51 .array/port v0xba9e109dc910, 51;
v0xba9e109dc910_52 .array/port v0xba9e109dc910, 52;
E_0xba9e109e1c10/14 .event anyedge, v0xba9e109dc910_49, v0xba9e109dc910_50, v0xba9e109dc910_51, v0xba9e109dc910_52;
v0xba9e109dc910_53 .array/port v0xba9e109dc910, 53;
v0xba9e109dc910_54 .array/port v0xba9e109dc910, 54;
v0xba9e109dc910_55 .array/port v0xba9e109dc910, 55;
v0xba9e109dc910_56 .array/port v0xba9e109dc910, 56;
E_0xba9e109e1c10/15 .event anyedge, v0xba9e109dc910_53, v0xba9e109dc910_54, v0xba9e109dc910_55, v0xba9e109dc910_56;
v0xba9e109dc910_57 .array/port v0xba9e109dc910, 57;
v0xba9e109dc910_58 .array/port v0xba9e109dc910, 58;
v0xba9e109dc910_59 .array/port v0xba9e109dc910, 59;
v0xba9e109dc910_60 .array/port v0xba9e109dc910, 60;
E_0xba9e109e1c10/16 .event anyedge, v0xba9e109dc910_57, v0xba9e109dc910_58, v0xba9e109dc910_59, v0xba9e109dc910_60;
v0xba9e109dc910_61 .array/port v0xba9e109dc910, 61;
v0xba9e109dc910_62 .array/port v0xba9e109dc910, 62;
v0xba9e109dc910_63 .array/port v0xba9e109dc910, 63;
v0xba9e109dc910_64 .array/port v0xba9e109dc910, 64;
E_0xba9e109e1c10/17 .event anyedge, v0xba9e109dc910_61, v0xba9e109dc910_62, v0xba9e109dc910_63, v0xba9e109dc910_64;
v0xba9e109dc910_65 .array/port v0xba9e109dc910, 65;
v0xba9e109dc910_66 .array/port v0xba9e109dc910, 66;
v0xba9e109dc910_67 .array/port v0xba9e109dc910, 67;
v0xba9e109dc910_68 .array/port v0xba9e109dc910, 68;
E_0xba9e109e1c10/18 .event anyedge, v0xba9e109dc910_65, v0xba9e109dc910_66, v0xba9e109dc910_67, v0xba9e109dc910_68;
v0xba9e109dc910_69 .array/port v0xba9e109dc910, 69;
v0xba9e109dc910_70 .array/port v0xba9e109dc910, 70;
v0xba9e109dc910_71 .array/port v0xba9e109dc910, 71;
v0xba9e109dc910_72 .array/port v0xba9e109dc910, 72;
E_0xba9e109e1c10/19 .event anyedge, v0xba9e109dc910_69, v0xba9e109dc910_70, v0xba9e109dc910_71, v0xba9e109dc910_72;
v0xba9e109dc910_73 .array/port v0xba9e109dc910, 73;
v0xba9e109dc910_74 .array/port v0xba9e109dc910, 74;
v0xba9e109dc910_75 .array/port v0xba9e109dc910, 75;
v0xba9e109dc910_76 .array/port v0xba9e109dc910, 76;
E_0xba9e109e1c10/20 .event anyedge, v0xba9e109dc910_73, v0xba9e109dc910_74, v0xba9e109dc910_75, v0xba9e109dc910_76;
v0xba9e109dc910_77 .array/port v0xba9e109dc910, 77;
v0xba9e109dc910_78 .array/port v0xba9e109dc910, 78;
v0xba9e109dc910_79 .array/port v0xba9e109dc910, 79;
v0xba9e109dc910_80 .array/port v0xba9e109dc910, 80;
E_0xba9e109e1c10/21 .event anyedge, v0xba9e109dc910_77, v0xba9e109dc910_78, v0xba9e109dc910_79, v0xba9e109dc910_80;
v0xba9e109dc910_81 .array/port v0xba9e109dc910, 81;
v0xba9e109dc910_82 .array/port v0xba9e109dc910, 82;
v0xba9e109dc910_83 .array/port v0xba9e109dc910, 83;
v0xba9e109dc910_84 .array/port v0xba9e109dc910, 84;
E_0xba9e109e1c10/22 .event anyedge, v0xba9e109dc910_81, v0xba9e109dc910_82, v0xba9e109dc910_83, v0xba9e109dc910_84;
v0xba9e109dc910_85 .array/port v0xba9e109dc910, 85;
v0xba9e109dc910_86 .array/port v0xba9e109dc910, 86;
v0xba9e109dc910_87 .array/port v0xba9e109dc910, 87;
v0xba9e109dc910_88 .array/port v0xba9e109dc910, 88;
E_0xba9e109e1c10/23 .event anyedge, v0xba9e109dc910_85, v0xba9e109dc910_86, v0xba9e109dc910_87, v0xba9e109dc910_88;
v0xba9e109dc910_89 .array/port v0xba9e109dc910, 89;
v0xba9e109dc910_90 .array/port v0xba9e109dc910, 90;
v0xba9e109dc910_91 .array/port v0xba9e109dc910, 91;
v0xba9e109dc910_92 .array/port v0xba9e109dc910, 92;
E_0xba9e109e1c10/24 .event anyedge, v0xba9e109dc910_89, v0xba9e109dc910_90, v0xba9e109dc910_91, v0xba9e109dc910_92;
v0xba9e109dc910_93 .array/port v0xba9e109dc910, 93;
v0xba9e109dc910_94 .array/port v0xba9e109dc910, 94;
v0xba9e109dc910_95 .array/port v0xba9e109dc910, 95;
v0xba9e109dc910_96 .array/port v0xba9e109dc910, 96;
E_0xba9e109e1c10/25 .event anyedge, v0xba9e109dc910_93, v0xba9e109dc910_94, v0xba9e109dc910_95, v0xba9e109dc910_96;
v0xba9e109dc910_97 .array/port v0xba9e109dc910, 97;
v0xba9e109dc910_98 .array/port v0xba9e109dc910, 98;
v0xba9e109dc910_99 .array/port v0xba9e109dc910, 99;
v0xba9e109dc910_100 .array/port v0xba9e109dc910, 100;
E_0xba9e109e1c10/26 .event anyedge, v0xba9e109dc910_97, v0xba9e109dc910_98, v0xba9e109dc910_99, v0xba9e109dc910_100;
v0xba9e109dc910_101 .array/port v0xba9e109dc910, 101;
v0xba9e109dc910_102 .array/port v0xba9e109dc910, 102;
v0xba9e109dc910_103 .array/port v0xba9e109dc910, 103;
v0xba9e109dc910_104 .array/port v0xba9e109dc910, 104;
E_0xba9e109e1c10/27 .event anyedge, v0xba9e109dc910_101, v0xba9e109dc910_102, v0xba9e109dc910_103, v0xba9e109dc910_104;
v0xba9e109dc910_105 .array/port v0xba9e109dc910, 105;
v0xba9e109dc910_106 .array/port v0xba9e109dc910, 106;
v0xba9e109dc910_107 .array/port v0xba9e109dc910, 107;
v0xba9e109dc910_108 .array/port v0xba9e109dc910, 108;
E_0xba9e109e1c10/28 .event anyedge, v0xba9e109dc910_105, v0xba9e109dc910_106, v0xba9e109dc910_107, v0xba9e109dc910_108;
v0xba9e109dc910_109 .array/port v0xba9e109dc910, 109;
v0xba9e109dc910_110 .array/port v0xba9e109dc910, 110;
v0xba9e109dc910_111 .array/port v0xba9e109dc910, 111;
v0xba9e109dc910_112 .array/port v0xba9e109dc910, 112;
E_0xba9e109e1c10/29 .event anyedge, v0xba9e109dc910_109, v0xba9e109dc910_110, v0xba9e109dc910_111, v0xba9e109dc910_112;
v0xba9e109dc910_113 .array/port v0xba9e109dc910, 113;
v0xba9e109dc910_114 .array/port v0xba9e109dc910, 114;
v0xba9e109dc910_115 .array/port v0xba9e109dc910, 115;
v0xba9e109dc910_116 .array/port v0xba9e109dc910, 116;
E_0xba9e109e1c10/30 .event anyedge, v0xba9e109dc910_113, v0xba9e109dc910_114, v0xba9e109dc910_115, v0xba9e109dc910_116;
v0xba9e109dc910_117 .array/port v0xba9e109dc910, 117;
v0xba9e109dc910_118 .array/port v0xba9e109dc910, 118;
v0xba9e109dc910_119 .array/port v0xba9e109dc910, 119;
v0xba9e109dc910_120 .array/port v0xba9e109dc910, 120;
E_0xba9e109e1c10/31 .event anyedge, v0xba9e109dc910_117, v0xba9e109dc910_118, v0xba9e109dc910_119, v0xba9e109dc910_120;
v0xba9e109dc910_121 .array/port v0xba9e109dc910, 121;
v0xba9e109dc910_122 .array/port v0xba9e109dc910, 122;
v0xba9e109dc910_123 .array/port v0xba9e109dc910, 123;
v0xba9e109dc910_124 .array/port v0xba9e109dc910, 124;
E_0xba9e109e1c10/32 .event anyedge, v0xba9e109dc910_121, v0xba9e109dc910_122, v0xba9e109dc910_123, v0xba9e109dc910_124;
v0xba9e109dc910_125 .array/port v0xba9e109dc910, 125;
v0xba9e109dc910_126 .array/port v0xba9e109dc910, 126;
v0xba9e109dc910_127 .array/port v0xba9e109dc910, 127;
v0xba9e109dc910_128 .array/port v0xba9e109dc910, 128;
E_0xba9e109e1c10/33 .event anyedge, v0xba9e109dc910_125, v0xba9e109dc910_126, v0xba9e109dc910_127, v0xba9e109dc910_128;
v0xba9e109dc910_129 .array/port v0xba9e109dc910, 129;
v0xba9e109dc910_130 .array/port v0xba9e109dc910, 130;
v0xba9e109dc910_131 .array/port v0xba9e109dc910, 131;
v0xba9e109dc910_132 .array/port v0xba9e109dc910, 132;
E_0xba9e109e1c10/34 .event anyedge, v0xba9e109dc910_129, v0xba9e109dc910_130, v0xba9e109dc910_131, v0xba9e109dc910_132;
v0xba9e109dc910_133 .array/port v0xba9e109dc910, 133;
v0xba9e109dc910_134 .array/port v0xba9e109dc910, 134;
v0xba9e109dc910_135 .array/port v0xba9e109dc910, 135;
v0xba9e109dc910_136 .array/port v0xba9e109dc910, 136;
E_0xba9e109e1c10/35 .event anyedge, v0xba9e109dc910_133, v0xba9e109dc910_134, v0xba9e109dc910_135, v0xba9e109dc910_136;
v0xba9e109dc910_137 .array/port v0xba9e109dc910, 137;
v0xba9e109dc910_138 .array/port v0xba9e109dc910, 138;
v0xba9e109dc910_139 .array/port v0xba9e109dc910, 139;
v0xba9e109dc910_140 .array/port v0xba9e109dc910, 140;
E_0xba9e109e1c10/36 .event anyedge, v0xba9e109dc910_137, v0xba9e109dc910_138, v0xba9e109dc910_139, v0xba9e109dc910_140;
v0xba9e109dc910_141 .array/port v0xba9e109dc910, 141;
v0xba9e109dc910_142 .array/port v0xba9e109dc910, 142;
v0xba9e109dc910_143 .array/port v0xba9e109dc910, 143;
v0xba9e109dc910_144 .array/port v0xba9e109dc910, 144;
E_0xba9e109e1c10/37 .event anyedge, v0xba9e109dc910_141, v0xba9e109dc910_142, v0xba9e109dc910_143, v0xba9e109dc910_144;
v0xba9e109dc910_145 .array/port v0xba9e109dc910, 145;
v0xba9e109dc910_146 .array/port v0xba9e109dc910, 146;
v0xba9e109dc910_147 .array/port v0xba9e109dc910, 147;
v0xba9e109dc910_148 .array/port v0xba9e109dc910, 148;
E_0xba9e109e1c10/38 .event anyedge, v0xba9e109dc910_145, v0xba9e109dc910_146, v0xba9e109dc910_147, v0xba9e109dc910_148;
v0xba9e109dc910_149 .array/port v0xba9e109dc910, 149;
v0xba9e109dc910_150 .array/port v0xba9e109dc910, 150;
v0xba9e109dc910_151 .array/port v0xba9e109dc910, 151;
v0xba9e109dc910_152 .array/port v0xba9e109dc910, 152;
E_0xba9e109e1c10/39 .event anyedge, v0xba9e109dc910_149, v0xba9e109dc910_150, v0xba9e109dc910_151, v0xba9e109dc910_152;
v0xba9e109dc910_153 .array/port v0xba9e109dc910, 153;
v0xba9e109dc910_154 .array/port v0xba9e109dc910, 154;
v0xba9e109dc910_155 .array/port v0xba9e109dc910, 155;
v0xba9e109dc910_156 .array/port v0xba9e109dc910, 156;
E_0xba9e109e1c10/40 .event anyedge, v0xba9e109dc910_153, v0xba9e109dc910_154, v0xba9e109dc910_155, v0xba9e109dc910_156;
v0xba9e109dc910_157 .array/port v0xba9e109dc910, 157;
v0xba9e109dc910_158 .array/port v0xba9e109dc910, 158;
v0xba9e109dc910_159 .array/port v0xba9e109dc910, 159;
v0xba9e109dc910_160 .array/port v0xba9e109dc910, 160;
E_0xba9e109e1c10/41 .event anyedge, v0xba9e109dc910_157, v0xba9e109dc910_158, v0xba9e109dc910_159, v0xba9e109dc910_160;
v0xba9e109dc910_161 .array/port v0xba9e109dc910, 161;
v0xba9e109dc910_162 .array/port v0xba9e109dc910, 162;
v0xba9e109dc910_163 .array/port v0xba9e109dc910, 163;
v0xba9e109dc910_164 .array/port v0xba9e109dc910, 164;
E_0xba9e109e1c10/42 .event anyedge, v0xba9e109dc910_161, v0xba9e109dc910_162, v0xba9e109dc910_163, v0xba9e109dc910_164;
v0xba9e109dc910_165 .array/port v0xba9e109dc910, 165;
v0xba9e109dc910_166 .array/port v0xba9e109dc910, 166;
v0xba9e109dc910_167 .array/port v0xba9e109dc910, 167;
v0xba9e109dc910_168 .array/port v0xba9e109dc910, 168;
E_0xba9e109e1c10/43 .event anyedge, v0xba9e109dc910_165, v0xba9e109dc910_166, v0xba9e109dc910_167, v0xba9e109dc910_168;
v0xba9e109dc910_169 .array/port v0xba9e109dc910, 169;
v0xba9e109dc910_170 .array/port v0xba9e109dc910, 170;
v0xba9e109dc910_171 .array/port v0xba9e109dc910, 171;
v0xba9e109dc910_172 .array/port v0xba9e109dc910, 172;
E_0xba9e109e1c10/44 .event anyedge, v0xba9e109dc910_169, v0xba9e109dc910_170, v0xba9e109dc910_171, v0xba9e109dc910_172;
v0xba9e109dc910_173 .array/port v0xba9e109dc910, 173;
v0xba9e109dc910_174 .array/port v0xba9e109dc910, 174;
v0xba9e109dc910_175 .array/port v0xba9e109dc910, 175;
v0xba9e109dc910_176 .array/port v0xba9e109dc910, 176;
E_0xba9e109e1c10/45 .event anyedge, v0xba9e109dc910_173, v0xba9e109dc910_174, v0xba9e109dc910_175, v0xba9e109dc910_176;
v0xba9e109dc910_177 .array/port v0xba9e109dc910, 177;
v0xba9e109dc910_178 .array/port v0xba9e109dc910, 178;
v0xba9e109dc910_179 .array/port v0xba9e109dc910, 179;
v0xba9e109dc910_180 .array/port v0xba9e109dc910, 180;
E_0xba9e109e1c10/46 .event anyedge, v0xba9e109dc910_177, v0xba9e109dc910_178, v0xba9e109dc910_179, v0xba9e109dc910_180;
v0xba9e109dc910_181 .array/port v0xba9e109dc910, 181;
v0xba9e109dc910_182 .array/port v0xba9e109dc910, 182;
v0xba9e109dc910_183 .array/port v0xba9e109dc910, 183;
v0xba9e109dc910_184 .array/port v0xba9e109dc910, 184;
E_0xba9e109e1c10/47 .event anyedge, v0xba9e109dc910_181, v0xba9e109dc910_182, v0xba9e109dc910_183, v0xba9e109dc910_184;
v0xba9e109dc910_185 .array/port v0xba9e109dc910, 185;
v0xba9e109dc910_186 .array/port v0xba9e109dc910, 186;
v0xba9e109dc910_187 .array/port v0xba9e109dc910, 187;
v0xba9e109dc910_188 .array/port v0xba9e109dc910, 188;
E_0xba9e109e1c10/48 .event anyedge, v0xba9e109dc910_185, v0xba9e109dc910_186, v0xba9e109dc910_187, v0xba9e109dc910_188;
v0xba9e109dc910_189 .array/port v0xba9e109dc910, 189;
v0xba9e109dc910_190 .array/port v0xba9e109dc910, 190;
v0xba9e109dc910_191 .array/port v0xba9e109dc910, 191;
v0xba9e109dc910_192 .array/port v0xba9e109dc910, 192;
E_0xba9e109e1c10/49 .event anyedge, v0xba9e109dc910_189, v0xba9e109dc910_190, v0xba9e109dc910_191, v0xba9e109dc910_192;
v0xba9e109dc910_193 .array/port v0xba9e109dc910, 193;
v0xba9e109dc910_194 .array/port v0xba9e109dc910, 194;
v0xba9e109dc910_195 .array/port v0xba9e109dc910, 195;
v0xba9e109dc910_196 .array/port v0xba9e109dc910, 196;
E_0xba9e109e1c10/50 .event anyedge, v0xba9e109dc910_193, v0xba9e109dc910_194, v0xba9e109dc910_195, v0xba9e109dc910_196;
v0xba9e109dc910_197 .array/port v0xba9e109dc910, 197;
v0xba9e109dc910_198 .array/port v0xba9e109dc910, 198;
v0xba9e109dc910_199 .array/port v0xba9e109dc910, 199;
v0xba9e109dc910_200 .array/port v0xba9e109dc910, 200;
E_0xba9e109e1c10/51 .event anyedge, v0xba9e109dc910_197, v0xba9e109dc910_198, v0xba9e109dc910_199, v0xba9e109dc910_200;
v0xba9e109dc910_201 .array/port v0xba9e109dc910, 201;
v0xba9e109dc910_202 .array/port v0xba9e109dc910, 202;
v0xba9e109dc910_203 .array/port v0xba9e109dc910, 203;
v0xba9e109dc910_204 .array/port v0xba9e109dc910, 204;
E_0xba9e109e1c10/52 .event anyedge, v0xba9e109dc910_201, v0xba9e109dc910_202, v0xba9e109dc910_203, v0xba9e109dc910_204;
v0xba9e109dc910_205 .array/port v0xba9e109dc910, 205;
v0xba9e109dc910_206 .array/port v0xba9e109dc910, 206;
v0xba9e109dc910_207 .array/port v0xba9e109dc910, 207;
v0xba9e109dc910_208 .array/port v0xba9e109dc910, 208;
E_0xba9e109e1c10/53 .event anyedge, v0xba9e109dc910_205, v0xba9e109dc910_206, v0xba9e109dc910_207, v0xba9e109dc910_208;
v0xba9e109dc910_209 .array/port v0xba9e109dc910, 209;
v0xba9e109dc910_210 .array/port v0xba9e109dc910, 210;
v0xba9e109dc910_211 .array/port v0xba9e109dc910, 211;
v0xba9e109dc910_212 .array/port v0xba9e109dc910, 212;
E_0xba9e109e1c10/54 .event anyedge, v0xba9e109dc910_209, v0xba9e109dc910_210, v0xba9e109dc910_211, v0xba9e109dc910_212;
v0xba9e109dc910_213 .array/port v0xba9e109dc910, 213;
v0xba9e109dc910_214 .array/port v0xba9e109dc910, 214;
v0xba9e109dc910_215 .array/port v0xba9e109dc910, 215;
v0xba9e109dc910_216 .array/port v0xba9e109dc910, 216;
E_0xba9e109e1c10/55 .event anyedge, v0xba9e109dc910_213, v0xba9e109dc910_214, v0xba9e109dc910_215, v0xba9e109dc910_216;
v0xba9e109dc910_217 .array/port v0xba9e109dc910, 217;
v0xba9e109dc910_218 .array/port v0xba9e109dc910, 218;
v0xba9e109dc910_219 .array/port v0xba9e109dc910, 219;
v0xba9e109dc910_220 .array/port v0xba9e109dc910, 220;
E_0xba9e109e1c10/56 .event anyedge, v0xba9e109dc910_217, v0xba9e109dc910_218, v0xba9e109dc910_219, v0xba9e109dc910_220;
v0xba9e109dc910_221 .array/port v0xba9e109dc910, 221;
v0xba9e109dc910_222 .array/port v0xba9e109dc910, 222;
v0xba9e109dc910_223 .array/port v0xba9e109dc910, 223;
v0xba9e109dc910_224 .array/port v0xba9e109dc910, 224;
E_0xba9e109e1c10/57 .event anyedge, v0xba9e109dc910_221, v0xba9e109dc910_222, v0xba9e109dc910_223, v0xba9e109dc910_224;
v0xba9e109dc910_225 .array/port v0xba9e109dc910, 225;
v0xba9e109dc910_226 .array/port v0xba9e109dc910, 226;
v0xba9e109dc910_227 .array/port v0xba9e109dc910, 227;
v0xba9e109dc910_228 .array/port v0xba9e109dc910, 228;
E_0xba9e109e1c10/58 .event anyedge, v0xba9e109dc910_225, v0xba9e109dc910_226, v0xba9e109dc910_227, v0xba9e109dc910_228;
v0xba9e109dc910_229 .array/port v0xba9e109dc910, 229;
v0xba9e109dc910_230 .array/port v0xba9e109dc910, 230;
v0xba9e109dc910_231 .array/port v0xba9e109dc910, 231;
v0xba9e109dc910_232 .array/port v0xba9e109dc910, 232;
E_0xba9e109e1c10/59 .event anyedge, v0xba9e109dc910_229, v0xba9e109dc910_230, v0xba9e109dc910_231, v0xba9e109dc910_232;
v0xba9e109dc910_233 .array/port v0xba9e109dc910, 233;
v0xba9e109dc910_234 .array/port v0xba9e109dc910, 234;
v0xba9e109dc910_235 .array/port v0xba9e109dc910, 235;
v0xba9e109dc910_236 .array/port v0xba9e109dc910, 236;
E_0xba9e109e1c10/60 .event anyedge, v0xba9e109dc910_233, v0xba9e109dc910_234, v0xba9e109dc910_235, v0xba9e109dc910_236;
v0xba9e109dc910_237 .array/port v0xba9e109dc910, 237;
v0xba9e109dc910_238 .array/port v0xba9e109dc910, 238;
v0xba9e109dc910_239 .array/port v0xba9e109dc910, 239;
v0xba9e109dc910_240 .array/port v0xba9e109dc910, 240;
E_0xba9e109e1c10/61 .event anyedge, v0xba9e109dc910_237, v0xba9e109dc910_238, v0xba9e109dc910_239, v0xba9e109dc910_240;
v0xba9e109dc910_241 .array/port v0xba9e109dc910, 241;
v0xba9e109dc910_242 .array/port v0xba9e109dc910, 242;
v0xba9e109dc910_243 .array/port v0xba9e109dc910, 243;
v0xba9e109dc910_244 .array/port v0xba9e109dc910, 244;
E_0xba9e109e1c10/62 .event anyedge, v0xba9e109dc910_241, v0xba9e109dc910_242, v0xba9e109dc910_243, v0xba9e109dc910_244;
v0xba9e109dc910_245 .array/port v0xba9e109dc910, 245;
v0xba9e109dc910_246 .array/port v0xba9e109dc910, 246;
v0xba9e109dc910_247 .array/port v0xba9e109dc910, 247;
v0xba9e109dc910_248 .array/port v0xba9e109dc910, 248;
E_0xba9e109e1c10/63 .event anyedge, v0xba9e109dc910_245, v0xba9e109dc910_246, v0xba9e109dc910_247, v0xba9e109dc910_248;
v0xba9e109dc910_249 .array/port v0xba9e109dc910, 249;
v0xba9e109dc910_250 .array/port v0xba9e109dc910, 250;
v0xba9e109dc910_251 .array/port v0xba9e109dc910, 251;
v0xba9e109dc910_252 .array/port v0xba9e109dc910, 252;
E_0xba9e109e1c10/64 .event anyedge, v0xba9e109dc910_249, v0xba9e109dc910_250, v0xba9e109dc910_251, v0xba9e109dc910_252;
v0xba9e109dc910_253 .array/port v0xba9e109dc910, 253;
v0xba9e109dc910_254 .array/port v0xba9e109dc910, 254;
v0xba9e109dc910_255 .array/port v0xba9e109dc910, 255;
v0xba9e109dc910_256 .array/port v0xba9e109dc910, 256;
E_0xba9e109e1c10/65 .event anyedge, v0xba9e109dc910_253, v0xba9e109dc910_254, v0xba9e109dc910_255, v0xba9e109dc910_256;
v0xba9e109dc910_257 .array/port v0xba9e109dc910, 257;
v0xba9e109dc910_258 .array/port v0xba9e109dc910, 258;
v0xba9e109dc910_259 .array/port v0xba9e109dc910, 259;
v0xba9e109dc910_260 .array/port v0xba9e109dc910, 260;
E_0xba9e109e1c10/66 .event anyedge, v0xba9e109dc910_257, v0xba9e109dc910_258, v0xba9e109dc910_259, v0xba9e109dc910_260;
v0xba9e109dc910_261 .array/port v0xba9e109dc910, 261;
v0xba9e109dc910_262 .array/port v0xba9e109dc910, 262;
v0xba9e109dc910_263 .array/port v0xba9e109dc910, 263;
v0xba9e109dc910_264 .array/port v0xba9e109dc910, 264;
E_0xba9e109e1c10/67 .event anyedge, v0xba9e109dc910_261, v0xba9e109dc910_262, v0xba9e109dc910_263, v0xba9e109dc910_264;
v0xba9e109dc910_265 .array/port v0xba9e109dc910, 265;
v0xba9e109dc910_266 .array/port v0xba9e109dc910, 266;
v0xba9e109dc910_267 .array/port v0xba9e109dc910, 267;
v0xba9e109dc910_268 .array/port v0xba9e109dc910, 268;
E_0xba9e109e1c10/68 .event anyedge, v0xba9e109dc910_265, v0xba9e109dc910_266, v0xba9e109dc910_267, v0xba9e109dc910_268;
v0xba9e109dc910_269 .array/port v0xba9e109dc910, 269;
v0xba9e109dc910_270 .array/port v0xba9e109dc910, 270;
v0xba9e109dc910_271 .array/port v0xba9e109dc910, 271;
v0xba9e109dc910_272 .array/port v0xba9e109dc910, 272;
E_0xba9e109e1c10/69 .event anyedge, v0xba9e109dc910_269, v0xba9e109dc910_270, v0xba9e109dc910_271, v0xba9e109dc910_272;
v0xba9e109dc910_273 .array/port v0xba9e109dc910, 273;
v0xba9e109dc910_274 .array/port v0xba9e109dc910, 274;
v0xba9e109dc910_275 .array/port v0xba9e109dc910, 275;
v0xba9e109dc910_276 .array/port v0xba9e109dc910, 276;
E_0xba9e109e1c10/70 .event anyedge, v0xba9e109dc910_273, v0xba9e109dc910_274, v0xba9e109dc910_275, v0xba9e109dc910_276;
v0xba9e109dc910_277 .array/port v0xba9e109dc910, 277;
v0xba9e109dc910_278 .array/port v0xba9e109dc910, 278;
v0xba9e109dc910_279 .array/port v0xba9e109dc910, 279;
v0xba9e109dc910_280 .array/port v0xba9e109dc910, 280;
E_0xba9e109e1c10/71 .event anyedge, v0xba9e109dc910_277, v0xba9e109dc910_278, v0xba9e109dc910_279, v0xba9e109dc910_280;
v0xba9e109dc910_281 .array/port v0xba9e109dc910, 281;
v0xba9e109dc910_282 .array/port v0xba9e109dc910, 282;
v0xba9e109dc910_283 .array/port v0xba9e109dc910, 283;
v0xba9e109dc910_284 .array/port v0xba9e109dc910, 284;
E_0xba9e109e1c10/72 .event anyedge, v0xba9e109dc910_281, v0xba9e109dc910_282, v0xba9e109dc910_283, v0xba9e109dc910_284;
v0xba9e109dc910_285 .array/port v0xba9e109dc910, 285;
v0xba9e109dc910_286 .array/port v0xba9e109dc910, 286;
v0xba9e109dc910_287 .array/port v0xba9e109dc910, 287;
v0xba9e109dc910_288 .array/port v0xba9e109dc910, 288;
E_0xba9e109e1c10/73 .event anyedge, v0xba9e109dc910_285, v0xba9e109dc910_286, v0xba9e109dc910_287, v0xba9e109dc910_288;
v0xba9e109dc910_289 .array/port v0xba9e109dc910, 289;
v0xba9e109dc910_290 .array/port v0xba9e109dc910, 290;
v0xba9e109dc910_291 .array/port v0xba9e109dc910, 291;
v0xba9e109dc910_292 .array/port v0xba9e109dc910, 292;
E_0xba9e109e1c10/74 .event anyedge, v0xba9e109dc910_289, v0xba9e109dc910_290, v0xba9e109dc910_291, v0xba9e109dc910_292;
v0xba9e109dc910_293 .array/port v0xba9e109dc910, 293;
v0xba9e109dc910_294 .array/port v0xba9e109dc910, 294;
v0xba9e109dc910_295 .array/port v0xba9e109dc910, 295;
v0xba9e109dc910_296 .array/port v0xba9e109dc910, 296;
E_0xba9e109e1c10/75 .event anyedge, v0xba9e109dc910_293, v0xba9e109dc910_294, v0xba9e109dc910_295, v0xba9e109dc910_296;
v0xba9e109dc910_297 .array/port v0xba9e109dc910, 297;
v0xba9e109dc910_298 .array/port v0xba9e109dc910, 298;
v0xba9e109dc910_299 .array/port v0xba9e109dc910, 299;
v0xba9e109dc910_300 .array/port v0xba9e109dc910, 300;
E_0xba9e109e1c10/76 .event anyedge, v0xba9e109dc910_297, v0xba9e109dc910_298, v0xba9e109dc910_299, v0xba9e109dc910_300;
v0xba9e109dc910_301 .array/port v0xba9e109dc910, 301;
v0xba9e109dc910_302 .array/port v0xba9e109dc910, 302;
v0xba9e109dc910_303 .array/port v0xba9e109dc910, 303;
v0xba9e109dc910_304 .array/port v0xba9e109dc910, 304;
E_0xba9e109e1c10/77 .event anyedge, v0xba9e109dc910_301, v0xba9e109dc910_302, v0xba9e109dc910_303, v0xba9e109dc910_304;
v0xba9e109dc910_305 .array/port v0xba9e109dc910, 305;
v0xba9e109dc910_306 .array/port v0xba9e109dc910, 306;
v0xba9e109dc910_307 .array/port v0xba9e109dc910, 307;
v0xba9e109dc910_308 .array/port v0xba9e109dc910, 308;
E_0xba9e109e1c10/78 .event anyedge, v0xba9e109dc910_305, v0xba9e109dc910_306, v0xba9e109dc910_307, v0xba9e109dc910_308;
v0xba9e109dc910_309 .array/port v0xba9e109dc910, 309;
v0xba9e109dc910_310 .array/port v0xba9e109dc910, 310;
v0xba9e109dc910_311 .array/port v0xba9e109dc910, 311;
v0xba9e109dc910_312 .array/port v0xba9e109dc910, 312;
E_0xba9e109e1c10/79 .event anyedge, v0xba9e109dc910_309, v0xba9e109dc910_310, v0xba9e109dc910_311, v0xba9e109dc910_312;
v0xba9e109dc910_313 .array/port v0xba9e109dc910, 313;
v0xba9e109dc910_314 .array/port v0xba9e109dc910, 314;
v0xba9e109dc910_315 .array/port v0xba9e109dc910, 315;
v0xba9e109dc910_316 .array/port v0xba9e109dc910, 316;
E_0xba9e109e1c10/80 .event anyedge, v0xba9e109dc910_313, v0xba9e109dc910_314, v0xba9e109dc910_315, v0xba9e109dc910_316;
v0xba9e109dc910_317 .array/port v0xba9e109dc910, 317;
v0xba9e109dc910_318 .array/port v0xba9e109dc910, 318;
v0xba9e109dc910_319 .array/port v0xba9e109dc910, 319;
v0xba9e109dc910_320 .array/port v0xba9e109dc910, 320;
E_0xba9e109e1c10/81 .event anyedge, v0xba9e109dc910_317, v0xba9e109dc910_318, v0xba9e109dc910_319, v0xba9e109dc910_320;
v0xba9e109dc910_321 .array/port v0xba9e109dc910, 321;
v0xba9e109dc910_322 .array/port v0xba9e109dc910, 322;
v0xba9e109dc910_323 .array/port v0xba9e109dc910, 323;
v0xba9e109dc910_324 .array/port v0xba9e109dc910, 324;
E_0xba9e109e1c10/82 .event anyedge, v0xba9e109dc910_321, v0xba9e109dc910_322, v0xba9e109dc910_323, v0xba9e109dc910_324;
v0xba9e109dc910_325 .array/port v0xba9e109dc910, 325;
v0xba9e109dc910_326 .array/port v0xba9e109dc910, 326;
v0xba9e109dc910_327 .array/port v0xba9e109dc910, 327;
v0xba9e109dc910_328 .array/port v0xba9e109dc910, 328;
E_0xba9e109e1c10/83 .event anyedge, v0xba9e109dc910_325, v0xba9e109dc910_326, v0xba9e109dc910_327, v0xba9e109dc910_328;
v0xba9e109dc910_329 .array/port v0xba9e109dc910, 329;
v0xba9e109dc910_330 .array/port v0xba9e109dc910, 330;
v0xba9e109dc910_331 .array/port v0xba9e109dc910, 331;
v0xba9e109dc910_332 .array/port v0xba9e109dc910, 332;
E_0xba9e109e1c10/84 .event anyedge, v0xba9e109dc910_329, v0xba9e109dc910_330, v0xba9e109dc910_331, v0xba9e109dc910_332;
v0xba9e109dc910_333 .array/port v0xba9e109dc910, 333;
v0xba9e109dc910_334 .array/port v0xba9e109dc910, 334;
v0xba9e109dc910_335 .array/port v0xba9e109dc910, 335;
v0xba9e109dc910_336 .array/port v0xba9e109dc910, 336;
E_0xba9e109e1c10/85 .event anyedge, v0xba9e109dc910_333, v0xba9e109dc910_334, v0xba9e109dc910_335, v0xba9e109dc910_336;
v0xba9e109dc910_337 .array/port v0xba9e109dc910, 337;
v0xba9e109dc910_338 .array/port v0xba9e109dc910, 338;
v0xba9e109dc910_339 .array/port v0xba9e109dc910, 339;
v0xba9e109dc910_340 .array/port v0xba9e109dc910, 340;
E_0xba9e109e1c10/86 .event anyedge, v0xba9e109dc910_337, v0xba9e109dc910_338, v0xba9e109dc910_339, v0xba9e109dc910_340;
v0xba9e109dc910_341 .array/port v0xba9e109dc910, 341;
v0xba9e109dc910_342 .array/port v0xba9e109dc910, 342;
v0xba9e109dc910_343 .array/port v0xba9e109dc910, 343;
v0xba9e109dc910_344 .array/port v0xba9e109dc910, 344;
E_0xba9e109e1c10/87 .event anyedge, v0xba9e109dc910_341, v0xba9e109dc910_342, v0xba9e109dc910_343, v0xba9e109dc910_344;
v0xba9e109dc910_345 .array/port v0xba9e109dc910, 345;
v0xba9e109dc910_346 .array/port v0xba9e109dc910, 346;
v0xba9e109dc910_347 .array/port v0xba9e109dc910, 347;
v0xba9e109dc910_348 .array/port v0xba9e109dc910, 348;
E_0xba9e109e1c10/88 .event anyedge, v0xba9e109dc910_345, v0xba9e109dc910_346, v0xba9e109dc910_347, v0xba9e109dc910_348;
v0xba9e109dc910_349 .array/port v0xba9e109dc910, 349;
v0xba9e109dc910_350 .array/port v0xba9e109dc910, 350;
v0xba9e109dc910_351 .array/port v0xba9e109dc910, 351;
v0xba9e109dc910_352 .array/port v0xba9e109dc910, 352;
E_0xba9e109e1c10/89 .event anyedge, v0xba9e109dc910_349, v0xba9e109dc910_350, v0xba9e109dc910_351, v0xba9e109dc910_352;
v0xba9e109dc910_353 .array/port v0xba9e109dc910, 353;
v0xba9e109dc910_354 .array/port v0xba9e109dc910, 354;
v0xba9e109dc910_355 .array/port v0xba9e109dc910, 355;
v0xba9e109dc910_356 .array/port v0xba9e109dc910, 356;
E_0xba9e109e1c10/90 .event anyedge, v0xba9e109dc910_353, v0xba9e109dc910_354, v0xba9e109dc910_355, v0xba9e109dc910_356;
v0xba9e109dc910_357 .array/port v0xba9e109dc910, 357;
v0xba9e109dc910_358 .array/port v0xba9e109dc910, 358;
v0xba9e109dc910_359 .array/port v0xba9e109dc910, 359;
v0xba9e109dc910_360 .array/port v0xba9e109dc910, 360;
E_0xba9e109e1c10/91 .event anyedge, v0xba9e109dc910_357, v0xba9e109dc910_358, v0xba9e109dc910_359, v0xba9e109dc910_360;
v0xba9e109dc910_361 .array/port v0xba9e109dc910, 361;
v0xba9e109dc910_362 .array/port v0xba9e109dc910, 362;
v0xba9e109dc910_363 .array/port v0xba9e109dc910, 363;
v0xba9e109dc910_364 .array/port v0xba9e109dc910, 364;
E_0xba9e109e1c10/92 .event anyedge, v0xba9e109dc910_361, v0xba9e109dc910_362, v0xba9e109dc910_363, v0xba9e109dc910_364;
v0xba9e109dc910_365 .array/port v0xba9e109dc910, 365;
v0xba9e109dc910_366 .array/port v0xba9e109dc910, 366;
v0xba9e109dc910_367 .array/port v0xba9e109dc910, 367;
v0xba9e109dc910_368 .array/port v0xba9e109dc910, 368;
E_0xba9e109e1c10/93 .event anyedge, v0xba9e109dc910_365, v0xba9e109dc910_366, v0xba9e109dc910_367, v0xba9e109dc910_368;
v0xba9e109dc910_369 .array/port v0xba9e109dc910, 369;
v0xba9e109dc910_370 .array/port v0xba9e109dc910, 370;
v0xba9e109dc910_371 .array/port v0xba9e109dc910, 371;
v0xba9e109dc910_372 .array/port v0xba9e109dc910, 372;
E_0xba9e109e1c10/94 .event anyedge, v0xba9e109dc910_369, v0xba9e109dc910_370, v0xba9e109dc910_371, v0xba9e109dc910_372;
v0xba9e109dc910_373 .array/port v0xba9e109dc910, 373;
v0xba9e109dc910_374 .array/port v0xba9e109dc910, 374;
v0xba9e109dc910_375 .array/port v0xba9e109dc910, 375;
v0xba9e109dc910_376 .array/port v0xba9e109dc910, 376;
E_0xba9e109e1c10/95 .event anyedge, v0xba9e109dc910_373, v0xba9e109dc910_374, v0xba9e109dc910_375, v0xba9e109dc910_376;
v0xba9e109dc910_377 .array/port v0xba9e109dc910, 377;
v0xba9e109dc910_378 .array/port v0xba9e109dc910, 378;
v0xba9e109dc910_379 .array/port v0xba9e109dc910, 379;
v0xba9e109dc910_380 .array/port v0xba9e109dc910, 380;
E_0xba9e109e1c10/96 .event anyedge, v0xba9e109dc910_377, v0xba9e109dc910_378, v0xba9e109dc910_379, v0xba9e109dc910_380;
v0xba9e109dc910_381 .array/port v0xba9e109dc910, 381;
v0xba9e109dc910_382 .array/port v0xba9e109dc910, 382;
v0xba9e109dc910_383 .array/port v0xba9e109dc910, 383;
v0xba9e109dc910_384 .array/port v0xba9e109dc910, 384;
E_0xba9e109e1c10/97 .event anyedge, v0xba9e109dc910_381, v0xba9e109dc910_382, v0xba9e109dc910_383, v0xba9e109dc910_384;
v0xba9e109dc910_385 .array/port v0xba9e109dc910, 385;
v0xba9e109dc910_386 .array/port v0xba9e109dc910, 386;
v0xba9e109dc910_387 .array/port v0xba9e109dc910, 387;
v0xba9e109dc910_388 .array/port v0xba9e109dc910, 388;
E_0xba9e109e1c10/98 .event anyedge, v0xba9e109dc910_385, v0xba9e109dc910_386, v0xba9e109dc910_387, v0xba9e109dc910_388;
v0xba9e109dc910_389 .array/port v0xba9e109dc910, 389;
v0xba9e109dc910_390 .array/port v0xba9e109dc910, 390;
v0xba9e109dc910_391 .array/port v0xba9e109dc910, 391;
v0xba9e109dc910_392 .array/port v0xba9e109dc910, 392;
E_0xba9e109e1c10/99 .event anyedge, v0xba9e109dc910_389, v0xba9e109dc910_390, v0xba9e109dc910_391, v0xba9e109dc910_392;
v0xba9e109dc910_393 .array/port v0xba9e109dc910, 393;
v0xba9e109dc910_394 .array/port v0xba9e109dc910, 394;
v0xba9e109dc910_395 .array/port v0xba9e109dc910, 395;
v0xba9e109dc910_396 .array/port v0xba9e109dc910, 396;
E_0xba9e109e1c10/100 .event anyedge, v0xba9e109dc910_393, v0xba9e109dc910_394, v0xba9e109dc910_395, v0xba9e109dc910_396;
v0xba9e109dc910_397 .array/port v0xba9e109dc910, 397;
v0xba9e109dc910_398 .array/port v0xba9e109dc910, 398;
v0xba9e109dc910_399 .array/port v0xba9e109dc910, 399;
v0xba9e109dc910_400 .array/port v0xba9e109dc910, 400;
E_0xba9e109e1c10/101 .event anyedge, v0xba9e109dc910_397, v0xba9e109dc910_398, v0xba9e109dc910_399, v0xba9e109dc910_400;
v0xba9e109dc910_401 .array/port v0xba9e109dc910, 401;
v0xba9e109dc910_402 .array/port v0xba9e109dc910, 402;
v0xba9e109dc910_403 .array/port v0xba9e109dc910, 403;
v0xba9e109dc910_404 .array/port v0xba9e109dc910, 404;
E_0xba9e109e1c10/102 .event anyedge, v0xba9e109dc910_401, v0xba9e109dc910_402, v0xba9e109dc910_403, v0xba9e109dc910_404;
v0xba9e109dc910_405 .array/port v0xba9e109dc910, 405;
v0xba9e109dc910_406 .array/port v0xba9e109dc910, 406;
v0xba9e109dc910_407 .array/port v0xba9e109dc910, 407;
v0xba9e109dc910_408 .array/port v0xba9e109dc910, 408;
E_0xba9e109e1c10/103 .event anyedge, v0xba9e109dc910_405, v0xba9e109dc910_406, v0xba9e109dc910_407, v0xba9e109dc910_408;
v0xba9e109dc910_409 .array/port v0xba9e109dc910, 409;
v0xba9e109dc910_410 .array/port v0xba9e109dc910, 410;
v0xba9e109dc910_411 .array/port v0xba9e109dc910, 411;
v0xba9e109dc910_412 .array/port v0xba9e109dc910, 412;
E_0xba9e109e1c10/104 .event anyedge, v0xba9e109dc910_409, v0xba9e109dc910_410, v0xba9e109dc910_411, v0xba9e109dc910_412;
v0xba9e109dc910_413 .array/port v0xba9e109dc910, 413;
v0xba9e109dc910_414 .array/port v0xba9e109dc910, 414;
v0xba9e109dc910_415 .array/port v0xba9e109dc910, 415;
v0xba9e109dc910_416 .array/port v0xba9e109dc910, 416;
E_0xba9e109e1c10/105 .event anyedge, v0xba9e109dc910_413, v0xba9e109dc910_414, v0xba9e109dc910_415, v0xba9e109dc910_416;
v0xba9e109dc910_417 .array/port v0xba9e109dc910, 417;
v0xba9e109dc910_418 .array/port v0xba9e109dc910, 418;
v0xba9e109dc910_419 .array/port v0xba9e109dc910, 419;
v0xba9e109dc910_420 .array/port v0xba9e109dc910, 420;
E_0xba9e109e1c10/106 .event anyedge, v0xba9e109dc910_417, v0xba9e109dc910_418, v0xba9e109dc910_419, v0xba9e109dc910_420;
v0xba9e109dc910_421 .array/port v0xba9e109dc910, 421;
v0xba9e109dc910_422 .array/port v0xba9e109dc910, 422;
v0xba9e109dc910_423 .array/port v0xba9e109dc910, 423;
v0xba9e109dc910_424 .array/port v0xba9e109dc910, 424;
E_0xba9e109e1c10/107 .event anyedge, v0xba9e109dc910_421, v0xba9e109dc910_422, v0xba9e109dc910_423, v0xba9e109dc910_424;
v0xba9e109dc910_425 .array/port v0xba9e109dc910, 425;
v0xba9e109dc910_426 .array/port v0xba9e109dc910, 426;
v0xba9e109dc910_427 .array/port v0xba9e109dc910, 427;
v0xba9e109dc910_428 .array/port v0xba9e109dc910, 428;
E_0xba9e109e1c10/108 .event anyedge, v0xba9e109dc910_425, v0xba9e109dc910_426, v0xba9e109dc910_427, v0xba9e109dc910_428;
v0xba9e109dc910_429 .array/port v0xba9e109dc910, 429;
v0xba9e109dc910_430 .array/port v0xba9e109dc910, 430;
v0xba9e109dc910_431 .array/port v0xba9e109dc910, 431;
v0xba9e109dc910_432 .array/port v0xba9e109dc910, 432;
E_0xba9e109e1c10/109 .event anyedge, v0xba9e109dc910_429, v0xba9e109dc910_430, v0xba9e109dc910_431, v0xba9e109dc910_432;
v0xba9e109dc910_433 .array/port v0xba9e109dc910, 433;
v0xba9e109dc910_434 .array/port v0xba9e109dc910, 434;
v0xba9e109dc910_435 .array/port v0xba9e109dc910, 435;
v0xba9e109dc910_436 .array/port v0xba9e109dc910, 436;
E_0xba9e109e1c10/110 .event anyedge, v0xba9e109dc910_433, v0xba9e109dc910_434, v0xba9e109dc910_435, v0xba9e109dc910_436;
v0xba9e109dc910_437 .array/port v0xba9e109dc910, 437;
v0xba9e109dc910_438 .array/port v0xba9e109dc910, 438;
v0xba9e109dc910_439 .array/port v0xba9e109dc910, 439;
v0xba9e109dc910_440 .array/port v0xba9e109dc910, 440;
E_0xba9e109e1c10/111 .event anyedge, v0xba9e109dc910_437, v0xba9e109dc910_438, v0xba9e109dc910_439, v0xba9e109dc910_440;
v0xba9e109dc910_441 .array/port v0xba9e109dc910, 441;
v0xba9e109dc910_442 .array/port v0xba9e109dc910, 442;
v0xba9e109dc910_443 .array/port v0xba9e109dc910, 443;
v0xba9e109dc910_444 .array/port v0xba9e109dc910, 444;
E_0xba9e109e1c10/112 .event anyedge, v0xba9e109dc910_441, v0xba9e109dc910_442, v0xba9e109dc910_443, v0xba9e109dc910_444;
v0xba9e109dc910_445 .array/port v0xba9e109dc910, 445;
v0xba9e109dc910_446 .array/port v0xba9e109dc910, 446;
v0xba9e109dc910_447 .array/port v0xba9e109dc910, 447;
v0xba9e109dc910_448 .array/port v0xba9e109dc910, 448;
E_0xba9e109e1c10/113 .event anyedge, v0xba9e109dc910_445, v0xba9e109dc910_446, v0xba9e109dc910_447, v0xba9e109dc910_448;
v0xba9e109dc910_449 .array/port v0xba9e109dc910, 449;
v0xba9e109dc910_450 .array/port v0xba9e109dc910, 450;
v0xba9e109dc910_451 .array/port v0xba9e109dc910, 451;
v0xba9e109dc910_452 .array/port v0xba9e109dc910, 452;
E_0xba9e109e1c10/114 .event anyedge, v0xba9e109dc910_449, v0xba9e109dc910_450, v0xba9e109dc910_451, v0xba9e109dc910_452;
v0xba9e109dc910_453 .array/port v0xba9e109dc910, 453;
v0xba9e109dc910_454 .array/port v0xba9e109dc910, 454;
v0xba9e109dc910_455 .array/port v0xba9e109dc910, 455;
v0xba9e109dc910_456 .array/port v0xba9e109dc910, 456;
E_0xba9e109e1c10/115 .event anyedge, v0xba9e109dc910_453, v0xba9e109dc910_454, v0xba9e109dc910_455, v0xba9e109dc910_456;
v0xba9e109dc910_457 .array/port v0xba9e109dc910, 457;
v0xba9e109dc910_458 .array/port v0xba9e109dc910, 458;
v0xba9e109dc910_459 .array/port v0xba9e109dc910, 459;
v0xba9e109dc910_460 .array/port v0xba9e109dc910, 460;
E_0xba9e109e1c10/116 .event anyedge, v0xba9e109dc910_457, v0xba9e109dc910_458, v0xba9e109dc910_459, v0xba9e109dc910_460;
v0xba9e109dc910_461 .array/port v0xba9e109dc910, 461;
v0xba9e109dc910_462 .array/port v0xba9e109dc910, 462;
v0xba9e109dc910_463 .array/port v0xba9e109dc910, 463;
v0xba9e109dc910_464 .array/port v0xba9e109dc910, 464;
E_0xba9e109e1c10/117 .event anyedge, v0xba9e109dc910_461, v0xba9e109dc910_462, v0xba9e109dc910_463, v0xba9e109dc910_464;
v0xba9e109dc910_465 .array/port v0xba9e109dc910, 465;
v0xba9e109dc910_466 .array/port v0xba9e109dc910, 466;
v0xba9e109dc910_467 .array/port v0xba9e109dc910, 467;
v0xba9e109dc910_468 .array/port v0xba9e109dc910, 468;
E_0xba9e109e1c10/118 .event anyedge, v0xba9e109dc910_465, v0xba9e109dc910_466, v0xba9e109dc910_467, v0xba9e109dc910_468;
v0xba9e109dc910_469 .array/port v0xba9e109dc910, 469;
v0xba9e109dc910_470 .array/port v0xba9e109dc910, 470;
v0xba9e109dc910_471 .array/port v0xba9e109dc910, 471;
v0xba9e109dc910_472 .array/port v0xba9e109dc910, 472;
E_0xba9e109e1c10/119 .event anyedge, v0xba9e109dc910_469, v0xba9e109dc910_470, v0xba9e109dc910_471, v0xba9e109dc910_472;
v0xba9e109dc910_473 .array/port v0xba9e109dc910, 473;
v0xba9e109dc910_474 .array/port v0xba9e109dc910, 474;
v0xba9e109dc910_475 .array/port v0xba9e109dc910, 475;
v0xba9e109dc910_476 .array/port v0xba9e109dc910, 476;
E_0xba9e109e1c10/120 .event anyedge, v0xba9e109dc910_473, v0xba9e109dc910_474, v0xba9e109dc910_475, v0xba9e109dc910_476;
v0xba9e109dc910_477 .array/port v0xba9e109dc910, 477;
v0xba9e109dc910_478 .array/port v0xba9e109dc910, 478;
v0xba9e109dc910_479 .array/port v0xba9e109dc910, 479;
v0xba9e109dc910_480 .array/port v0xba9e109dc910, 480;
E_0xba9e109e1c10/121 .event anyedge, v0xba9e109dc910_477, v0xba9e109dc910_478, v0xba9e109dc910_479, v0xba9e109dc910_480;
v0xba9e109dc910_481 .array/port v0xba9e109dc910, 481;
v0xba9e109dc910_482 .array/port v0xba9e109dc910, 482;
v0xba9e109dc910_483 .array/port v0xba9e109dc910, 483;
v0xba9e109dc910_484 .array/port v0xba9e109dc910, 484;
E_0xba9e109e1c10/122 .event anyedge, v0xba9e109dc910_481, v0xba9e109dc910_482, v0xba9e109dc910_483, v0xba9e109dc910_484;
v0xba9e109dc910_485 .array/port v0xba9e109dc910, 485;
v0xba9e109dc910_486 .array/port v0xba9e109dc910, 486;
v0xba9e109dc910_487 .array/port v0xba9e109dc910, 487;
v0xba9e109dc910_488 .array/port v0xba9e109dc910, 488;
E_0xba9e109e1c10/123 .event anyedge, v0xba9e109dc910_485, v0xba9e109dc910_486, v0xba9e109dc910_487, v0xba9e109dc910_488;
v0xba9e109dc910_489 .array/port v0xba9e109dc910, 489;
v0xba9e109dc910_490 .array/port v0xba9e109dc910, 490;
v0xba9e109dc910_491 .array/port v0xba9e109dc910, 491;
v0xba9e109dc910_492 .array/port v0xba9e109dc910, 492;
E_0xba9e109e1c10/124 .event anyedge, v0xba9e109dc910_489, v0xba9e109dc910_490, v0xba9e109dc910_491, v0xba9e109dc910_492;
v0xba9e109dc910_493 .array/port v0xba9e109dc910, 493;
v0xba9e109dc910_494 .array/port v0xba9e109dc910, 494;
v0xba9e109dc910_495 .array/port v0xba9e109dc910, 495;
v0xba9e109dc910_496 .array/port v0xba9e109dc910, 496;
E_0xba9e109e1c10/125 .event anyedge, v0xba9e109dc910_493, v0xba9e109dc910_494, v0xba9e109dc910_495, v0xba9e109dc910_496;
v0xba9e109dc910_497 .array/port v0xba9e109dc910, 497;
v0xba9e109dc910_498 .array/port v0xba9e109dc910, 498;
v0xba9e109dc910_499 .array/port v0xba9e109dc910, 499;
v0xba9e109dc910_500 .array/port v0xba9e109dc910, 500;
E_0xba9e109e1c10/126 .event anyedge, v0xba9e109dc910_497, v0xba9e109dc910_498, v0xba9e109dc910_499, v0xba9e109dc910_500;
v0xba9e109dc910_501 .array/port v0xba9e109dc910, 501;
v0xba9e109dc910_502 .array/port v0xba9e109dc910, 502;
v0xba9e109dc910_503 .array/port v0xba9e109dc910, 503;
v0xba9e109dc910_504 .array/port v0xba9e109dc910, 504;
E_0xba9e109e1c10/127 .event anyedge, v0xba9e109dc910_501, v0xba9e109dc910_502, v0xba9e109dc910_503, v0xba9e109dc910_504;
v0xba9e109dc910_505 .array/port v0xba9e109dc910, 505;
v0xba9e109dc910_506 .array/port v0xba9e109dc910, 506;
v0xba9e109dc910_507 .array/port v0xba9e109dc910, 507;
v0xba9e109dc910_508 .array/port v0xba9e109dc910, 508;
E_0xba9e109e1c10/128 .event anyedge, v0xba9e109dc910_505, v0xba9e109dc910_506, v0xba9e109dc910_507, v0xba9e109dc910_508;
v0xba9e109dc910_509 .array/port v0xba9e109dc910, 509;
v0xba9e109dc910_510 .array/port v0xba9e109dc910, 510;
v0xba9e109dc910_511 .array/port v0xba9e109dc910, 511;
v0xba9e109dc910_512 .array/port v0xba9e109dc910, 512;
E_0xba9e109e1c10/129 .event anyedge, v0xba9e109dc910_509, v0xba9e109dc910_510, v0xba9e109dc910_511, v0xba9e109dc910_512;
v0xba9e109dc910_513 .array/port v0xba9e109dc910, 513;
v0xba9e109dc910_514 .array/port v0xba9e109dc910, 514;
v0xba9e109dc910_515 .array/port v0xba9e109dc910, 515;
v0xba9e109dc910_516 .array/port v0xba9e109dc910, 516;
E_0xba9e109e1c10/130 .event anyedge, v0xba9e109dc910_513, v0xba9e109dc910_514, v0xba9e109dc910_515, v0xba9e109dc910_516;
v0xba9e109dc910_517 .array/port v0xba9e109dc910, 517;
v0xba9e109dc910_518 .array/port v0xba9e109dc910, 518;
v0xba9e109dc910_519 .array/port v0xba9e109dc910, 519;
v0xba9e109dc910_520 .array/port v0xba9e109dc910, 520;
E_0xba9e109e1c10/131 .event anyedge, v0xba9e109dc910_517, v0xba9e109dc910_518, v0xba9e109dc910_519, v0xba9e109dc910_520;
v0xba9e109dc910_521 .array/port v0xba9e109dc910, 521;
v0xba9e109dc910_522 .array/port v0xba9e109dc910, 522;
v0xba9e109dc910_523 .array/port v0xba9e109dc910, 523;
v0xba9e109dc910_524 .array/port v0xba9e109dc910, 524;
E_0xba9e109e1c10/132 .event anyedge, v0xba9e109dc910_521, v0xba9e109dc910_522, v0xba9e109dc910_523, v0xba9e109dc910_524;
v0xba9e109dc910_525 .array/port v0xba9e109dc910, 525;
v0xba9e109dc910_526 .array/port v0xba9e109dc910, 526;
v0xba9e109dc910_527 .array/port v0xba9e109dc910, 527;
v0xba9e109dc910_528 .array/port v0xba9e109dc910, 528;
E_0xba9e109e1c10/133 .event anyedge, v0xba9e109dc910_525, v0xba9e109dc910_526, v0xba9e109dc910_527, v0xba9e109dc910_528;
v0xba9e109dc910_529 .array/port v0xba9e109dc910, 529;
v0xba9e109dc910_530 .array/port v0xba9e109dc910, 530;
v0xba9e109dc910_531 .array/port v0xba9e109dc910, 531;
v0xba9e109dc910_532 .array/port v0xba9e109dc910, 532;
E_0xba9e109e1c10/134 .event anyedge, v0xba9e109dc910_529, v0xba9e109dc910_530, v0xba9e109dc910_531, v0xba9e109dc910_532;
v0xba9e109dc910_533 .array/port v0xba9e109dc910, 533;
v0xba9e109dc910_534 .array/port v0xba9e109dc910, 534;
v0xba9e109dc910_535 .array/port v0xba9e109dc910, 535;
v0xba9e109dc910_536 .array/port v0xba9e109dc910, 536;
E_0xba9e109e1c10/135 .event anyedge, v0xba9e109dc910_533, v0xba9e109dc910_534, v0xba9e109dc910_535, v0xba9e109dc910_536;
v0xba9e109dc910_537 .array/port v0xba9e109dc910, 537;
v0xba9e109dc910_538 .array/port v0xba9e109dc910, 538;
v0xba9e109dc910_539 .array/port v0xba9e109dc910, 539;
v0xba9e109dc910_540 .array/port v0xba9e109dc910, 540;
E_0xba9e109e1c10/136 .event anyedge, v0xba9e109dc910_537, v0xba9e109dc910_538, v0xba9e109dc910_539, v0xba9e109dc910_540;
v0xba9e109dc910_541 .array/port v0xba9e109dc910, 541;
v0xba9e109dc910_542 .array/port v0xba9e109dc910, 542;
v0xba9e109dc910_543 .array/port v0xba9e109dc910, 543;
v0xba9e109dc910_544 .array/port v0xba9e109dc910, 544;
E_0xba9e109e1c10/137 .event anyedge, v0xba9e109dc910_541, v0xba9e109dc910_542, v0xba9e109dc910_543, v0xba9e109dc910_544;
v0xba9e109dc910_545 .array/port v0xba9e109dc910, 545;
v0xba9e109dc910_546 .array/port v0xba9e109dc910, 546;
v0xba9e109dc910_547 .array/port v0xba9e109dc910, 547;
v0xba9e109dc910_548 .array/port v0xba9e109dc910, 548;
E_0xba9e109e1c10/138 .event anyedge, v0xba9e109dc910_545, v0xba9e109dc910_546, v0xba9e109dc910_547, v0xba9e109dc910_548;
v0xba9e109dc910_549 .array/port v0xba9e109dc910, 549;
v0xba9e109dc910_550 .array/port v0xba9e109dc910, 550;
v0xba9e109dc910_551 .array/port v0xba9e109dc910, 551;
v0xba9e109dc910_552 .array/port v0xba9e109dc910, 552;
E_0xba9e109e1c10/139 .event anyedge, v0xba9e109dc910_549, v0xba9e109dc910_550, v0xba9e109dc910_551, v0xba9e109dc910_552;
v0xba9e109dc910_553 .array/port v0xba9e109dc910, 553;
v0xba9e109dc910_554 .array/port v0xba9e109dc910, 554;
v0xba9e109dc910_555 .array/port v0xba9e109dc910, 555;
v0xba9e109dc910_556 .array/port v0xba9e109dc910, 556;
E_0xba9e109e1c10/140 .event anyedge, v0xba9e109dc910_553, v0xba9e109dc910_554, v0xba9e109dc910_555, v0xba9e109dc910_556;
v0xba9e109dc910_557 .array/port v0xba9e109dc910, 557;
v0xba9e109dc910_558 .array/port v0xba9e109dc910, 558;
v0xba9e109dc910_559 .array/port v0xba9e109dc910, 559;
v0xba9e109dc910_560 .array/port v0xba9e109dc910, 560;
E_0xba9e109e1c10/141 .event anyedge, v0xba9e109dc910_557, v0xba9e109dc910_558, v0xba9e109dc910_559, v0xba9e109dc910_560;
v0xba9e109dc910_561 .array/port v0xba9e109dc910, 561;
v0xba9e109dc910_562 .array/port v0xba9e109dc910, 562;
v0xba9e109dc910_563 .array/port v0xba9e109dc910, 563;
v0xba9e109dc910_564 .array/port v0xba9e109dc910, 564;
E_0xba9e109e1c10/142 .event anyedge, v0xba9e109dc910_561, v0xba9e109dc910_562, v0xba9e109dc910_563, v0xba9e109dc910_564;
v0xba9e109dc910_565 .array/port v0xba9e109dc910, 565;
v0xba9e109dc910_566 .array/port v0xba9e109dc910, 566;
v0xba9e109dc910_567 .array/port v0xba9e109dc910, 567;
v0xba9e109dc910_568 .array/port v0xba9e109dc910, 568;
E_0xba9e109e1c10/143 .event anyedge, v0xba9e109dc910_565, v0xba9e109dc910_566, v0xba9e109dc910_567, v0xba9e109dc910_568;
v0xba9e109dc910_569 .array/port v0xba9e109dc910, 569;
v0xba9e109dc910_570 .array/port v0xba9e109dc910, 570;
v0xba9e109dc910_571 .array/port v0xba9e109dc910, 571;
v0xba9e109dc910_572 .array/port v0xba9e109dc910, 572;
E_0xba9e109e1c10/144 .event anyedge, v0xba9e109dc910_569, v0xba9e109dc910_570, v0xba9e109dc910_571, v0xba9e109dc910_572;
v0xba9e109dc910_573 .array/port v0xba9e109dc910, 573;
v0xba9e109dc910_574 .array/port v0xba9e109dc910, 574;
v0xba9e109dc910_575 .array/port v0xba9e109dc910, 575;
v0xba9e109dc910_576 .array/port v0xba9e109dc910, 576;
E_0xba9e109e1c10/145 .event anyedge, v0xba9e109dc910_573, v0xba9e109dc910_574, v0xba9e109dc910_575, v0xba9e109dc910_576;
v0xba9e109dc910_577 .array/port v0xba9e109dc910, 577;
v0xba9e109dc910_578 .array/port v0xba9e109dc910, 578;
v0xba9e109dc910_579 .array/port v0xba9e109dc910, 579;
v0xba9e109dc910_580 .array/port v0xba9e109dc910, 580;
E_0xba9e109e1c10/146 .event anyedge, v0xba9e109dc910_577, v0xba9e109dc910_578, v0xba9e109dc910_579, v0xba9e109dc910_580;
v0xba9e109dc910_581 .array/port v0xba9e109dc910, 581;
v0xba9e109dc910_582 .array/port v0xba9e109dc910, 582;
v0xba9e109dc910_583 .array/port v0xba9e109dc910, 583;
v0xba9e109dc910_584 .array/port v0xba9e109dc910, 584;
E_0xba9e109e1c10/147 .event anyedge, v0xba9e109dc910_581, v0xba9e109dc910_582, v0xba9e109dc910_583, v0xba9e109dc910_584;
v0xba9e109dc910_585 .array/port v0xba9e109dc910, 585;
v0xba9e109dc910_586 .array/port v0xba9e109dc910, 586;
v0xba9e109dc910_587 .array/port v0xba9e109dc910, 587;
v0xba9e109dc910_588 .array/port v0xba9e109dc910, 588;
E_0xba9e109e1c10/148 .event anyedge, v0xba9e109dc910_585, v0xba9e109dc910_586, v0xba9e109dc910_587, v0xba9e109dc910_588;
v0xba9e109dc910_589 .array/port v0xba9e109dc910, 589;
v0xba9e109dc910_590 .array/port v0xba9e109dc910, 590;
v0xba9e109dc910_591 .array/port v0xba9e109dc910, 591;
v0xba9e109dc910_592 .array/port v0xba9e109dc910, 592;
E_0xba9e109e1c10/149 .event anyedge, v0xba9e109dc910_589, v0xba9e109dc910_590, v0xba9e109dc910_591, v0xba9e109dc910_592;
v0xba9e109dc910_593 .array/port v0xba9e109dc910, 593;
v0xba9e109dc910_594 .array/port v0xba9e109dc910, 594;
v0xba9e109dc910_595 .array/port v0xba9e109dc910, 595;
v0xba9e109dc910_596 .array/port v0xba9e109dc910, 596;
E_0xba9e109e1c10/150 .event anyedge, v0xba9e109dc910_593, v0xba9e109dc910_594, v0xba9e109dc910_595, v0xba9e109dc910_596;
v0xba9e109dc910_597 .array/port v0xba9e109dc910, 597;
v0xba9e109dc910_598 .array/port v0xba9e109dc910, 598;
v0xba9e109dc910_599 .array/port v0xba9e109dc910, 599;
v0xba9e109dc910_600 .array/port v0xba9e109dc910, 600;
E_0xba9e109e1c10/151 .event anyedge, v0xba9e109dc910_597, v0xba9e109dc910_598, v0xba9e109dc910_599, v0xba9e109dc910_600;
v0xba9e109dc910_601 .array/port v0xba9e109dc910, 601;
v0xba9e109dc910_602 .array/port v0xba9e109dc910, 602;
v0xba9e109dc910_603 .array/port v0xba9e109dc910, 603;
v0xba9e109dc910_604 .array/port v0xba9e109dc910, 604;
E_0xba9e109e1c10/152 .event anyedge, v0xba9e109dc910_601, v0xba9e109dc910_602, v0xba9e109dc910_603, v0xba9e109dc910_604;
v0xba9e109dc910_605 .array/port v0xba9e109dc910, 605;
v0xba9e109dc910_606 .array/port v0xba9e109dc910, 606;
v0xba9e109dc910_607 .array/port v0xba9e109dc910, 607;
v0xba9e109dc910_608 .array/port v0xba9e109dc910, 608;
E_0xba9e109e1c10/153 .event anyedge, v0xba9e109dc910_605, v0xba9e109dc910_606, v0xba9e109dc910_607, v0xba9e109dc910_608;
v0xba9e109dc910_609 .array/port v0xba9e109dc910, 609;
v0xba9e109dc910_610 .array/port v0xba9e109dc910, 610;
v0xba9e109dc910_611 .array/port v0xba9e109dc910, 611;
v0xba9e109dc910_612 .array/port v0xba9e109dc910, 612;
E_0xba9e109e1c10/154 .event anyedge, v0xba9e109dc910_609, v0xba9e109dc910_610, v0xba9e109dc910_611, v0xba9e109dc910_612;
v0xba9e109dc910_613 .array/port v0xba9e109dc910, 613;
v0xba9e109dc910_614 .array/port v0xba9e109dc910, 614;
v0xba9e109dc910_615 .array/port v0xba9e109dc910, 615;
v0xba9e109dc910_616 .array/port v0xba9e109dc910, 616;
E_0xba9e109e1c10/155 .event anyedge, v0xba9e109dc910_613, v0xba9e109dc910_614, v0xba9e109dc910_615, v0xba9e109dc910_616;
v0xba9e109dc910_617 .array/port v0xba9e109dc910, 617;
v0xba9e109dc910_618 .array/port v0xba9e109dc910, 618;
v0xba9e109dc910_619 .array/port v0xba9e109dc910, 619;
v0xba9e109dc910_620 .array/port v0xba9e109dc910, 620;
E_0xba9e109e1c10/156 .event anyedge, v0xba9e109dc910_617, v0xba9e109dc910_618, v0xba9e109dc910_619, v0xba9e109dc910_620;
v0xba9e109dc910_621 .array/port v0xba9e109dc910, 621;
v0xba9e109dc910_622 .array/port v0xba9e109dc910, 622;
v0xba9e109dc910_623 .array/port v0xba9e109dc910, 623;
v0xba9e109dc910_624 .array/port v0xba9e109dc910, 624;
E_0xba9e109e1c10/157 .event anyedge, v0xba9e109dc910_621, v0xba9e109dc910_622, v0xba9e109dc910_623, v0xba9e109dc910_624;
v0xba9e109dc910_625 .array/port v0xba9e109dc910, 625;
v0xba9e109dc910_626 .array/port v0xba9e109dc910, 626;
v0xba9e109dc910_627 .array/port v0xba9e109dc910, 627;
v0xba9e109dc910_628 .array/port v0xba9e109dc910, 628;
E_0xba9e109e1c10/158 .event anyedge, v0xba9e109dc910_625, v0xba9e109dc910_626, v0xba9e109dc910_627, v0xba9e109dc910_628;
v0xba9e109dc910_629 .array/port v0xba9e109dc910, 629;
v0xba9e109dc910_630 .array/port v0xba9e109dc910, 630;
v0xba9e109dc910_631 .array/port v0xba9e109dc910, 631;
v0xba9e109dc910_632 .array/port v0xba9e109dc910, 632;
E_0xba9e109e1c10/159 .event anyedge, v0xba9e109dc910_629, v0xba9e109dc910_630, v0xba9e109dc910_631, v0xba9e109dc910_632;
v0xba9e109dc910_633 .array/port v0xba9e109dc910, 633;
v0xba9e109dc910_634 .array/port v0xba9e109dc910, 634;
v0xba9e109dc910_635 .array/port v0xba9e109dc910, 635;
v0xba9e109dc910_636 .array/port v0xba9e109dc910, 636;
E_0xba9e109e1c10/160 .event anyedge, v0xba9e109dc910_633, v0xba9e109dc910_634, v0xba9e109dc910_635, v0xba9e109dc910_636;
v0xba9e109dc910_637 .array/port v0xba9e109dc910, 637;
v0xba9e109dc910_638 .array/port v0xba9e109dc910, 638;
v0xba9e109dc910_639 .array/port v0xba9e109dc910, 639;
v0xba9e109dc910_640 .array/port v0xba9e109dc910, 640;
E_0xba9e109e1c10/161 .event anyedge, v0xba9e109dc910_637, v0xba9e109dc910_638, v0xba9e109dc910_639, v0xba9e109dc910_640;
v0xba9e109dc910_641 .array/port v0xba9e109dc910, 641;
v0xba9e109dc910_642 .array/port v0xba9e109dc910, 642;
v0xba9e109dc910_643 .array/port v0xba9e109dc910, 643;
v0xba9e109dc910_644 .array/port v0xba9e109dc910, 644;
E_0xba9e109e1c10/162 .event anyedge, v0xba9e109dc910_641, v0xba9e109dc910_642, v0xba9e109dc910_643, v0xba9e109dc910_644;
v0xba9e109dc910_645 .array/port v0xba9e109dc910, 645;
v0xba9e109dc910_646 .array/port v0xba9e109dc910, 646;
v0xba9e109dc910_647 .array/port v0xba9e109dc910, 647;
v0xba9e109dc910_648 .array/port v0xba9e109dc910, 648;
E_0xba9e109e1c10/163 .event anyedge, v0xba9e109dc910_645, v0xba9e109dc910_646, v0xba9e109dc910_647, v0xba9e109dc910_648;
v0xba9e109dc910_649 .array/port v0xba9e109dc910, 649;
v0xba9e109dc910_650 .array/port v0xba9e109dc910, 650;
v0xba9e109dc910_651 .array/port v0xba9e109dc910, 651;
v0xba9e109dc910_652 .array/port v0xba9e109dc910, 652;
E_0xba9e109e1c10/164 .event anyedge, v0xba9e109dc910_649, v0xba9e109dc910_650, v0xba9e109dc910_651, v0xba9e109dc910_652;
v0xba9e109dc910_653 .array/port v0xba9e109dc910, 653;
v0xba9e109dc910_654 .array/port v0xba9e109dc910, 654;
v0xba9e109dc910_655 .array/port v0xba9e109dc910, 655;
v0xba9e109dc910_656 .array/port v0xba9e109dc910, 656;
E_0xba9e109e1c10/165 .event anyedge, v0xba9e109dc910_653, v0xba9e109dc910_654, v0xba9e109dc910_655, v0xba9e109dc910_656;
v0xba9e109dc910_657 .array/port v0xba9e109dc910, 657;
v0xba9e109dc910_658 .array/port v0xba9e109dc910, 658;
v0xba9e109dc910_659 .array/port v0xba9e109dc910, 659;
v0xba9e109dc910_660 .array/port v0xba9e109dc910, 660;
E_0xba9e109e1c10/166 .event anyedge, v0xba9e109dc910_657, v0xba9e109dc910_658, v0xba9e109dc910_659, v0xba9e109dc910_660;
v0xba9e109dc910_661 .array/port v0xba9e109dc910, 661;
v0xba9e109dc910_662 .array/port v0xba9e109dc910, 662;
v0xba9e109dc910_663 .array/port v0xba9e109dc910, 663;
v0xba9e109dc910_664 .array/port v0xba9e109dc910, 664;
E_0xba9e109e1c10/167 .event anyedge, v0xba9e109dc910_661, v0xba9e109dc910_662, v0xba9e109dc910_663, v0xba9e109dc910_664;
v0xba9e109dc910_665 .array/port v0xba9e109dc910, 665;
v0xba9e109dc910_666 .array/port v0xba9e109dc910, 666;
v0xba9e109dc910_667 .array/port v0xba9e109dc910, 667;
v0xba9e109dc910_668 .array/port v0xba9e109dc910, 668;
E_0xba9e109e1c10/168 .event anyedge, v0xba9e109dc910_665, v0xba9e109dc910_666, v0xba9e109dc910_667, v0xba9e109dc910_668;
v0xba9e109dc910_669 .array/port v0xba9e109dc910, 669;
v0xba9e109dc910_670 .array/port v0xba9e109dc910, 670;
v0xba9e109dc910_671 .array/port v0xba9e109dc910, 671;
v0xba9e109dc910_672 .array/port v0xba9e109dc910, 672;
E_0xba9e109e1c10/169 .event anyedge, v0xba9e109dc910_669, v0xba9e109dc910_670, v0xba9e109dc910_671, v0xba9e109dc910_672;
v0xba9e109dc910_673 .array/port v0xba9e109dc910, 673;
v0xba9e109dc910_674 .array/port v0xba9e109dc910, 674;
v0xba9e109dc910_675 .array/port v0xba9e109dc910, 675;
v0xba9e109dc910_676 .array/port v0xba9e109dc910, 676;
E_0xba9e109e1c10/170 .event anyedge, v0xba9e109dc910_673, v0xba9e109dc910_674, v0xba9e109dc910_675, v0xba9e109dc910_676;
v0xba9e109dc910_677 .array/port v0xba9e109dc910, 677;
v0xba9e109dc910_678 .array/port v0xba9e109dc910, 678;
v0xba9e109dc910_679 .array/port v0xba9e109dc910, 679;
v0xba9e109dc910_680 .array/port v0xba9e109dc910, 680;
E_0xba9e109e1c10/171 .event anyedge, v0xba9e109dc910_677, v0xba9e109dc910_678, v0xba9e109dc910_679, v0xba9e109dc910_680;
v0xba9e109dc910_681 .array/port v0xba9e109dc910, 681;
v0xba9e109dc910_682 .array/port v0xba9e109dc910, 682;
v0xba9e109dc910_683 .array/port v0xba9e109dc910, 683;
v0xba9e109dc910_684 .array/port v0xba9e109dc910, 684;
E_0xba9e109e1c10/172 .event anyedge, v0xba9e109dc910_681, v0xba9e109dc910_682, v0xba9e109dc910_683, v0xba9e109dc910_684;
v0xba9e109dc910_685 .array/port v0xba9e109dc910, 685;
v0xba9e109dc910_686 .array/port v0xba9e109dc910, 686;
v0xba9e109dc910_687 .array/port v0xba9e109dc910, 687;
v0xba9e109dc910_688 .array/port v0xba9e109dc910, 688;
E_0xba9e109e1c10/173 .event anyedge, v0xba9e109dc910_685, v0xba9e109dc910_686, v0xba9e109dc910_687, v0xba9e109dc910_688;
v0xba9e109dc910_689 .array/port v0xba9e109dc910, 689;
v0xba9e109dc910_690 .array/port v0xba9e109dc910, 690;
v0xba9e109dc910_691 .array/port v0xba9e109dc910, 691;
v0xba9e109dc910_692 .array/port v0xba9e109dc910, 692;
E_0xba9e109e1c10/174 .event anyedge, v0xba9e109dc910_689, v0xba9e109dc910_690, v0xba9e109dc910_691, v0xba9e109dc910_692;
v0xba9e109dc910_693 .array/port v0xba9e109dc910, 693;
v0xba9e109dc910_694 .array/port v0xba9e109dc910, 694;
v0xba9e109dc910_695 .array/port v0xba9e109dc910, 695;
v0xba9e109dc910_696 .array/port v0xba9e109dc910, 696;
E_0xba9e109e1c10/175 .event anyedge, v0xba9e109dc910_693, v0xba9e109dc910_694, v0xba9e109dc910_695, v0xba9e109dc910_696;
v0xba9e109dc910_697 .array/port v0xba9e109dc910, 697;
v0xba9e109dc910_698 .array/port v0xba9e109dc910, 698;
v0xba9e109dc910_699 .array/port v0xba9e109dc910, 699;
v0xba9e109dc910_700 .array/port v0xba9e109dc910, 700;
E_0xba9e109e1c10/176 .event anyedge, v0xba9e109dc910_697, v0xba9e109dc910_698, v0xba9e109dc910_699, v0xba9e109dc910_700;
v0xba9e109dc910_701 .array/port v0xba9e109dc910, 701;
v0xba9e109dc910_702 .array/port v0xba9e109dc910, 702;
v0xba9e109dc910_703 .array/port v0xba9e109dc910, 703;
v0xba9e109dc910_704 .array/port v0xba9e109dc910, 704;
E_0xba9e109e1c10/177 .event anyedge, v0xba9e109dc910_701, v0xba9e109dc910_702, v0xba9e109dc910_703, v0xba9e109dc910_704;
v0xba9e109dc910_705 .array/port v0xba9e109dc910, 705;
v0xba9e109dc910_706 .array/port v0xba9e109dc910, 706;
v0xba9e109dc910_707 .array/port v0xba9e109dc910, 707;
v0xba9e109dc910_708 .array/port v0xba9e109dc910, 708;
E_0xba9e109e1c10/178 .event anyedge, v0xba9e109dc910_705, v0xba9e109dc910_706, v0xba9e109dc910_707, v0xba9e109dc910_708;
v0xba9e109dc910_709 .array/port v0xba9e109dc910, 709;
v0xba9e109dc910_710 .array/port v0xba9e109dc910, 710;
v0xba9e109dc910_711 .array/port v0xba9e109dc910, 711;
v0xba9e109dc910_712 .array/port v0xba9e109dc910, 712;
E_0xba9e109e1c10/179 .event anyedge, v0xba9e109dc910_709, v0xba9e109dc910_710, v0xba9e109dc910_711, v0xba9e109dc910_712;
v0xba9e109dc910_713 .array/port v0xba9e109dc910, 713;
v0xba9e109dc910_714 .array/port v0xba9e109dc910, 714;
v0xba9e109dc910_715 .array/port v0xba9e109dc910, 715;
v0xba9e109dc910_716 .array/port v0xba9e109dc910, 716;
E_0xba9e109e1c10/180 .event anyedge, v0xba9e109dc910_713, v0xba9e109dc910_714, v0xba9e109dc910_715, v0xba9e109dc910_716;
v0xba9e109dc910_717 .array/port v0xba9e109dc910, 717;
v0xba9e109dc910_718 .array/port v0xba9e109dc910, 718;
v0xba9e109dc910_719 .array/port v0xba9e109dc910, 719;
v0xba9e109dc910_720 .array/port v0xba9e109dc910, 720;
E_0xba9e109e1c10/181 .event anyedge, v0xba9e109dc910_717, v0xba9e109dc910_718, v0xba9e109dc910_719, v0xba9e109dc910_720;
v0xba9e109dc910_721 .array/port v0xba9e109dc910, 721;
v0xba9e109dc910_722 .array/port v0xba9e109dc910, 722;
v0xba9e109dc910_723 .array/port v0xba9e109dc910, 723;
v0xba9e109dc910_724 .array/port v0xba9e109dc910, 724;
E_0xba9e109e1c10/182 .event anyedge, v0xba9e109dc910_721, v0xba9e109dc910_722, v0xba9e109dc910_723, v0xba9e109dc910_724;
v0xba9e109dc910_725 .array/port v0xba9e109dc910, 725;
v0xba9e109dc910_726 .array/port v0xba9e109dc910, 726;
v0xba9e109dc910_727 .array/port v0xba9e109dc910, 727;
v0xba9e109dc910_728 .array/port v0xba9e109dc910, 728;
E_0xba9e109e1c10/183 .event anyedge, v0xba9e109dc910_725, v0xba9e109dc910_726, v0xba9e109dc910_727, v0xba9e109dc910_728;
v0xba9e109dc910_729 .array/port v0xba9e109dc910, 729;
v0xba9e109dc910_730 .array/port v0xba9e109dc910, 730;
v0xba9e109dc910_731 .array/port v0xba9e109dc910, 731;
v0xba9e109dc910_732 .array/port v0xba9e109dc910, 732;
E_0xba9e109e1c10/184 .event anyedge, v0xba9e109dc910_729, v0xba9e109dc910_730, v0xba9e109dc910_731, v0xba9e109dc910_732;
v0xba9e109dc910_733 .array/port v0xba9e109dc910, 733;
v0xba9e109dc910_734 .array/port v0xba9e109dc910, 734;
v0xba9e109dc910_735 .array/port v0xba9e109dc910, 735;
v0xba9e109dc910_736 .array/port v0xba9e109dc910, 736;
E_0xba9e109e1c10/185 .event anyedge, v0xba9e109dc910_733, v0xba9e109dc910_734, v0xba9e109dc910_735, v0xba9e109dc910_736;
v0xba9e109dc910_737 .array/port v0xba9e109dc910, 737;
v0xba9e109dc910_738 .array/port v0xba9e109dc910, 738;
v0xba9e109dc910_739 .array/port v0xba9e109dc910, 739;
v0xba9e109dc910_740 .array/port v0xba9e109dc910, 740;
E_0xba9e109e1c10/186 .event anyedge, v0xba9e109dc910_737, v0xba9e109dc910_738, v0xba9e109dc910_739, v0xba9e109dc910_740;
v0xba9e109dc910_741 .array/port v0xba9e109dc910, 741;
v0xba9e109dc910_742 .array/port v0xba9e109dc910, 742;
v0xba9e109dc910_743 .array/port v0xba9e109dc910, 743;
v0xba9e109dc910_744 .array/port v0xba9e109dc910, 744;
E_0xba9e109e1c10/187 .event anyedge, v0xba9e109dc910_741, v0xba9e109dc910_742, v0xba9e109dc910_743, v0xba9e109dc910_744;
v0xba9e109dc910_745 .array/port v0xba9e109dc910, 745;
v0xba9e109dc910_746 .array/port v0xba9e109dc910, 746;
v0xba9e109dc910_747 .array/port v0xba9e109dc910, 747;
v0xba9e109dc910_748 .array/port v0xba9e109dc910, 748;
E_0xba9e109e1c10/188 .event anyedge, v0xba9e109dc910_745, v0xba9e109dc910_746, v0xba9e109dc910_747, v0xba9e109dc910_748;
v0xba9e109dc910_749 .array/port v0xba9e109dc910, 749;
v0xba9e109dc910_750 .array/port v0xba9e109dc910, 750;
v0xba9e109dc910_751 .array/port v0xba9e109dc910, 751;
v0xba9e109dc910_752 .array/port v0xba9e109dc910, 752;
E_0xba9e109e1c10/189 .event anyedge, v0xba9e109dc910_749, v0xba9e109dc910_750, v0xba9e109dc910_751, v0xba9e109dc910_752;
v0xba9e109dc910_753 .array/port v0xba9e109dc910, 753;
v0xba9e109dc910_754 .array/port v0xba9e109dc910, 754;
v0xba9e109dc910_755 .array/port v0xba9e109dc910, 755;
v0xba9e109dc910_756 .array/port v0xba9e109dc910, 756;
E_0xba9e109e1c10/190 .event anyedge, v0xba9e109dc910_753, v0xba9e109dc910_754, v0xba9e109dc910_755, v0xba9e109dc910_756;
v0xba9e109dc910_757 .array/port v0xba9e109dc910, 757;
v0xba9e109dc910_758 .array/port v0xba9e109dc910, 758;
v0xba9e109dc910_759 .array/port v0xba9e109dc910, 759;
v0xba9e109dc910_760 .array/port v0xba9e109dc910, 760;
E_0xba9e109e1c10/191 .event anyedge, v0xba9e109dc910_757, v0xba9e109dc910_758, v0xba9e109dc910_759, v0xba9e109dc910_760;
v0xba9e109dc910_761 .array/port v0xba9e109dc910, 761;
v0xba9e109dc910_762 .array/port v0xba9e109dc910, 762;
v0xba9e109dc910_763 .array/port v0xba9e109dc910, 763;
v0xba9e109dc910_764 .array/port v0xba9e109dc910, 764;
E_0xba9e109e1c10/192 .event anyedge, v0xba9e109dc910_761, v0xba9e109dc910_762, v0xba9e109dc910_763, v0xba9e109dc910_764;
v0xba9e109dc910_765 .array/port v0xba9e109dc910, 765;
v0xba9e109dc910_766 .array/port v0xba9e109dc910, 766;
v0xba9e109dc910_767 .array/port v0xba9e109dc910, 767;
v0xba9e109dc910_768 .array/port v0xba9e109dc910, 768;
E_0xba9e109e1c10/193 .event anyedge, v0xba9e109dc910_765, v0xba9e109dc910_766, v0xba9e109dc910_767, v0xba9e109dc910_768;
v0xba9e109dc910_769 .array/port v0xba9e109dc910, 769;
v0xba9e109dc910_770 .array/port v0xba9e109dc910, 770;
v0xba9e109dc910_771 .array/port v0xba9e109dc910, 771;
v0xba9e109dc910_772 .array/port v0xba9e109dc910, 772;
E_0xba9e109e1c10/194 .event anyedge, v0xba9e109dc910_769, v0xba9e109dc910_770, v0xba9e109dc910_771, v0xba9e109dc910_772;
v0xba9e109dc910_773 .array/port v0xba9e109dc910, 773;
v0xba9e109dc910_774 .array/port v0xba9e109dc910, 774;
v0xba9e109dc910_775 .array/port v0xba9e109dc910, 775;
v0xba9e109dc910_776 .array/port v0xba9e109dc910, 776;
E_0xba9e109e1c10/195 .event anyedge, v0xba9e109dc910_773, v0xba9e109dc910_774, v0xba9e109dc910_775, v0xba9e109dc910_776;
v0xba9e109dc910_777 .array/port v0xba9e109dc910, 777;
v0xba9e109dc910_778 .array/port v0xba9e109dc910, 778;
v0xba9e109dc910_779 .array/port v0xba9e109dc910, 779;
v0xba9e109dc910_780 .array/port v0xba9e109dc910, 780;
E_0xba9e109e1c10/196 .event anyedge, v0xba9e109dc910_777, v0xba9e109dc910_778, v0xba9e109dc910_779, v0xba9e109dc910_780;
v0xba9e109dc910_781 .array/port v0xba9e109dc910, 781;
v0xba9e109dc910_782 .array/port v0xba9e109dc910, 782;
v0xba9e109dc910_783 .array/port v0xba9e109dc910, 783;
v0xba9e109dc910_784 .array/port v0xba9e109dc910, 784;
E_0xba9e109e1c10/197 .event anyedge, v0xba9e109dc910_781, v0xba9e109dc910_782, v0xba9e109dc910_783, v0xba9e109dc910_784;
v0xba9e109dc910_785 .array/port v0xba9e109dc910, 785;
v0xba9e109dc910_786 .array/port v0xba9e109dc910, 786;
v0xba9e109dc910_787 .array/port v0xba9e109dc910, 787;
v0xba9e109dc910_788 .array/port v0xba9e109dc910, 788;
E_0xba9e109e1c10/198 .event anyedge, v0xba9e109dc910_785, v0xba9e109dc910_786, v0xba9e109dc910_787, v0xba9e109dc910_788;
v0xba9e109dc910_789 .array/port v0xba9e109dc910, 789;
v0xba9e109dc910_790 .array/port v0xba9e109dc910, 790;
v0xba9e109dc910_791 .array/port v0xba9e109dc910, 791;
v0xba9e109dc910_792 .array/port v0xba9e109dc910, 792;
E_0xba9e109e1c10/199 .event anyedge, v0xba9e109dc910_789, v0xba9e109dc910_790, v0xba9e109dc910_791, v0xba9e109dc910_792;
v0xba9e109dc910_793 .array/port v0xba9e109dc910, 793;
v0xba9e109dc910_794 .array/port v0xba9e109dc910, 794;
v0xba9e109dc910_795 .array/port v0xba9e109dc910, 795;
v0xba9e109dc910_796 .array/port v0xba9e109dc910, 796;
E_0xba9e109e1c10/200 .event anyedge, v0xba9e109dc910_793, v0xba9e109dc910_794, v0xba9e109dc910_795, v0xba9e109dc910_796;
v0xba9e109dc910_797 .array/port v0xba9e109dc910, 797;
v0xba9e109dc910_798 .array/port v0xba9e109dc910, 798;
v0xba9e109dc910_799 .array/port v0xba9e109dc910, 799;
v0xba9e109dc910_800 .array/port v0xba9e109dc910, 800;
E_0xba9e109e1c10/201 .event anyedge, v0xba9e109dc910_797, v0xba9e109dc910_798, v0xba9e109dc910_799, v0xba9e109dc910_800;
v0xba9e109dc910_801 .array/port v0xba9e109dc910, 801;
v0xba9e109dc910_802 .array/port v0xba9e109dc910, 802;
v0xba9e109dc910_803 .array/port v0xba9e109dc910, 803;
v0xba9e109dc910_804 .array/port v0xba9e109dc910, 804;
E_0xba9e109e1c10/202 .event anyedge, v0xba9e109dc910_801, v0xba9e109dc910_802, v0xba9e109dc910_803, v0xba9e109dc910_804;
v0xba9e109dc910_805 .array/port v0xba9e109dc910, 805;
v0xba9e109dc910_806 .array/port v0xba9e109dc910, 806;
v0xba9e109dc910_807 .array/port v0xba9e109dc910, 807;
v0xba9e109dc910_808 .array/port v0xba9e109dc910, 808;
E_0xba9e109e1c10/203 .event anyedge, v0xba9e109dc910_805, v0xba9e109dc910_806, v0xba9e109dc910_807, v0xba9e109dc910_808;
v0xba9e109dc910_809 .array/port v0xba9e109dc910, 809;
v0xba9e109dc910_810 .array/port v0xba9e109dc910, 810;
v0xba9e109dc910_811 .array/port v0xba9e109dc910, 811;
v0xba9e109dc910_812 .array/port v0xba9e109dc910, 812;
E_0xba9e109e1c10/204 .event anyedge, v0xba9e109dc910_809, v0xba9e109dc910_810, v0xba9e109dc910_811, v0xba9e109dc910_812;
v0xba9e109dc910_813 .array/port v0xba9e109dc910, 813;
v0xba9e109dc910_814 .array/port v0xba9e109dc910, 814;
v0xba9e109dc910_815 .array/port v0xba9e109dc910, 815;
v0xba9e109dc910_816 .array/port v0xba9e109dc910, 816;
E_0xba9e109e1c10/205 .event anyedge, v0xba9e109dc910_813, v0xba9e109dc910_814, v0xba9e109dc910_815, v0xba9e109dc910_816;
v0xba9e109dc910_817 .array/port v0xba9e109dc910, 817;
v0xba9e109dc910_818 .array/port v0xba9e109dc910, 818;
v0xba9e109dc910_819 .array/port v0xba9e109dc910, 819;
v0xba9e109dc910_820 .array/port v0xba9e109dc910, 820;
E_0xba9e109e1c10/206 .event anyedge, v0xba9e109dc910_817, v0xba9e109dc910_818, v0xba9e109dc910_819, v0xba9e109dc910_820;
v0xba9e109dc910_821 .array/port v0xba9e109dc910, 821;
v0xba9e109dc910_822 .array/port v0xba9e109dc910, 822;
v0xba9e109dc910_823 .array/port v0xba9e109dc910, 823;
v0xba9e109dc910_824 .array/port v0xba9e109dc910, 824;
E_0xba9e109e1c10/207 .event anyedge, v0xba9e109dc910_821, v0xba9e109dc910_822, v0xba9e109dc910_823, v0xba9e109dc910_824;
v0xba9e109dc910_825 .array/port v0xba9e109dc910, 825;
v0xba9e109dc910_826 .array/port v0xba9e109dc910, 826;
v0xba9e109dc910_827 .array/port v0xba9e109dc910, 827;
v0xba9e109dc910_828 .array/port v0xba9e109dc910, 828;
E_0xba9e109e1c10/208 .event anyedge, v0xba9e109dc910_825, v0xba9e109dc910_826, v0xba9e109dc910_827, v0xba9e109dc910_828;
v0xba9e109dc910_829 .array/port v0xba9e109dc910, 829;
v0xba9e109dc910_830 .array/port v0xba9e109dc910, 830;
v0xba9e109dc910_831 .array/port v0xba9e109dc910, 831;
v0xba9e109dc910_832 .array/port v0xba9e109dc910, 832;
E_0xba9e109e1c10/209 .event anyedge, v0xba9e109dc910_829, v0xba9e109dc910_830, v0xba9e109dc910_831, v0xba9e109dc910_832;
v0xba9e109dc910_833 .array/port v0xba9e109dc910, 833;
v0xba9e109dc910_834 .array/port v0xba9e109dc910, 834;
v0xba9e109dc910_835 .array/port v0xba9e109dc910, 835;
v0xba9e109dc910_836 .array/port v0xba9e109dc910, 836;
E_0xba9e109e1c10/210 .event anyedge, v0xba9e109dc910_833, v0xba9e109dc910_834, v0xba9e109dc910_835, v0xba9e109dc910_836;
v0xba9e109dc910_837 .array/port v0xba9e109dc910, 837;
v0xba9e109dc910_838 .array/port v0xba9e109dc910, 838;
v0xba9e109dc910_839 .array/port v0xba9e109dc910, 839;
v0xba9e109dc910_840 .array/port v0xba9e109dc910, 840;
E_0xba9e109e1c10/211 .event anyedge, v0xba9e109dc910_837, v0xba9e109dc910_838, v0xba9e109dc910_839, v0xba9e109dc910_840;
v0xba9e109dc910_841 .array/port v0xba9e109dc910, 841;
v0xba9e109dc910_842 .array/port v0xba9e109dc910, 842;
v0xba9e109dc910_843 .array/port v0xba9e109dc910, 843;
v0xba9e109dc910_844 .array/port v0xba9e109dc910, 844;
E_0xba9e109e1c10/212 .event anyedge, v0xba9e109dc910_841, v0xba9e109dc910_842, v0xba9e109dc910_843, v0xba9e109dc910_844;
v0xba9e109dc910_845 .array/port v0xba9e109dc910, 845;
v0xba9e109dc910_846 .array/port v0xba9e109dc910, 846;
v0xba9e109dc910_847 .array/port v0xba9e109dc910, 847;
v0xba9e109dc910_848 .array/port v0xba9e109dc910, 848;
E_0xba9e109e1c10/213 .event anyedge, v0xba9e109dc910_845, v0xba9e109dc910_846, v0xba9e109dc910_847, v0xba9e109dc910_848;
v0xba9e109dc910_849 .array/port v0xba9e109dc910, 849;
v0xba9e109dc910_850 .array/port v0xba9e109dc910, 850;
v0xba9e109dc910_851 .array/port v0xba9e109dc910, 851;
v0xba9e109dc910_852 .array/port v0xba9e109dc910, 852;
E_0xba9e109e1c10/214 .event anyedge, v0xba9e109dc910_849, v0xba9e109dc910_850, v0xba9e109dc910_851, v0xba9e109dc910_852;
v0xba9e109dc910_853 .array/port v0xba9e109dc910, 853;
v0xba9e109dc910_854 .array/port v0xba9e109dc910, 854;
v0xba9e109dc910_855 .array/port v0xba9e109dc910, 855;
v0xba9e109dc910_856 .array/port v0xba9e109dc910, 856;
E_0xba9e109e1c10/215 .event anyedge, v0xba9e109dc910_853, v0xba9e109dc910_854, v0xba9e109dc910_855, v0xba9e109dc910_856;
v0xba9e109dc910_857 .array/port v0xba9e109dc910, 857;
v0xba9e109dc910_858 .array/port v0xba9e109dc910, 858;
v0xba9e109dc910_859 .array/port v0xba9e109dc910, 859;
v0xba9e109dc910_860 .array/port v0xba9e109dc910, 860;
E_0xba9e109e1c10/216 .event anyedge, v0xba9e109dc910_857, v0xba9e109dc910_858, v0xba9e109dc910_859, v0xba9e109dc910_860;
v0xba9e109dc910_861 .array/port v0xba9e109dc910, 861;
v0xba9e109dc910_862 .array/port v0xba9e109dc910, 862;
v0xba9e109dc910_863 .array/port v0xba9e109dc910, 863;
v0xba9e109dc910_864 .array/port v0xba9e109dc910, 864;
E_0xba9e109e1c10/217 .event anyedge, v0xba9e109dc910_861, v0xba9e109dc910_862, v0xba9e109dc910_863, v0xba9e109dc910_864;
v0xba9e109dc910_865 .array/port v0xba9e109dc910, 865;
v0xba9e109dc910_866 .array/port v0xba9e109dc910, 866;
v0xba9e109dc910_867 .array/port v0xba9e109dc910, 867;
v0xba9e109dc910_868 .array/port v0xba9e109dc910, 868;
E_0xba9e109e1c10/218 .event anyedge, v0xba9e109dc910_865, v0xba9e109dc910_866, v0xba9e109dc910_867, v0xba9e109dc910_868;
v0xba9e109dc910_869 .array/port v0xba9e109dc910, 869;
v0xba9e109dc910_870 .array/port v0xba9e109dc910, 870;
v0xba9e109dc910_871 .array/port v0xba9e109dc910, 871;
v0xba9e109dc910_872 .array/port v0xba9e109dc910, 872;
E_0xba9e109e1c10/219 .event anyedge, v0xba9e109dc910_869, v0xba9e109dc910_870, v0xba9e109dc910_871, v0xba9e109dc910_872;
v0xba9e109dc910_873 .array/port v0xba9e109dc910, 873;
v0xba9e109dc910_874 .array/port v0xba9e109dc910, 874;
v0xba9e109dc910_875 .array/port v0xba9e109dc910, 875;
v0xba9e109dc910_876 .array/port v0xba9e109dc910, 876;
E_0xba9e109e1c10/220 .event anyedge, v0xba9e109dc910_873, v0xba9e109dc910_874, v0xba9e109dc910_875, v0xba9e109dc910_876;
v0xba9e109dc910_877 .array/port v0xba9e109dc910, 877;
v0xba9e109dc910_878 .array/port v0xba9e109dc910, 878;
v0xba9e109dc910_879 .array/port v0xba9e109dc910, 879;
v0xba9e109dc910_880 .array/port v0xba9e109dc910, 880;
E_0xba9e109e1c10/221 .event anyedge, v0xba9e109dc910_877, v0xba9e109dc910_878, v0xba9e109dc910_879, v0xba9e109dc910_880;
v0xba9e109dc910_881 .array/port v0xba9e109dc910, 881;
v0xba9e109dc910_882 .array/port v0xba9e109dc910, 882;
v0xba9e109dc910_883 .array/port v0xba9e109dc910, 883;
v0xba9e109dc910_884 .array/port v0xba9e109dc910, 884;
E_0xba9e109e1c10/222 .event anyedge, v0xba9e109dc910_881, v0xba9e109dc910_882, v0xba9e109dc910_883, v0xba9e109dc910_884;
v0xba9e109dc910_885 .array/port v0xba9e109dc910, 885;
v0xba9e109dc910_886 .array/port v0xba9e109dc910, 886;
v0xba9e109dc910_887 .array/port v0xba9e109dc910, 887;
v0xba9e109dc910_888 .array/port v0xba9e109dc910, 888;
E_0xba9e109e1c10/223 .event anyedge, v0xba9e109dc910_885, v0xba9e109dc910_886, v0xba9e109dc910_887, v0xba9e109dc910_888;
v0xba9e109dc910_889 .array/port v0xba9e109dc910, 889;
v0xba9e109dc910_890 .array/port v0xba9e109dc910, 890;
v0xba9e109dc910_891 .array/port v0xba9e109dc910, 891;
v0xba9e109dc910_892 .array/port v0xba9e109dc910, 892;
E_0xba9e109e1c10/224 .event anyedge, v0xba9e109dc910_889, v0xba9e109dc910_890, v0xba9e109dc910_891, v0xba9e109dc910_892;
v0xba9e109dc910_893 .array/port v0xba9e109dc910, 893;
v0xba9e109dc910_894 .array/port v0xba9e109dc910, 894;
v0xba9e109dc910_895 .array/port v0xba9e109dc910, 895;
v0xba9e109dc910_896 .array/port v0xba9e109dc910, 896;
E_0xba9e109e1c10/225 .event anyedge, v0xba9e109dc910_893, v0xba9e109dc910_894, v0xba9e109dc910_895, v0xba9e109dc910_896;
v0xba9e109dc910_897 .array/port v0xba9e109dc910, 897;
v0xba9e109dc910_898 .array/port v0xba9e109dc910, 898;
v0xba9e109dc910_899 .array/port v0xba9e109dc910, 899;
v0xba9e109dc910_900 .array/port v0xba9e109dc910, 900;
E_0xba9e109e1c10/226 .event anyedge, v0xba9e109dc910_897, v0xba9e109dc910_898, v0xba9e109dc910_899, v0xba9e109dc910_900;
v0xba9e109dc910_901 .array/port v0xba9e109dc910, 901;
v0xba9e109dc910_902 .array/port v0xba9e109dc910, 902;
v0xba9e109dc910_903 .array/port v0xba9e109dc910, 903;
v0xba9e109dc910_904 .array/port v0xba9e109dc910, 904;
E_0xba9e109e1c10/227 .event anyedge, v0xba9e109dc910_901, v0xba9e109dc910_902, v0xba9e109dc910_903, v0xba9e109dc910_904;
v0xba9e109dc910_905 .array/port v0xba9e109dc910, 905;
v0xba9e109dc910_906 .array/port v0xba9e109dc910, 906;
v0xba9e109dc910_907 .array/port v0xba9e109dc910, 907;
v0xba9e109dc910_908 .array/port v0xba9e109dc910, 908;
E_0xba9e109e1c10/228 .event anyedge, v0xba9e109dc910_905, v0xba9e109dc910_906, v0xba9e109dc910_907, v0xba9e109dc910_908;
v0xba9e109dc910_909 .array/port v0xba9e109dc910, 909;
v0xba9e109dc910_910 .array/port v0xba9e109dc910, 910;
v0xba9e109dc910_911 .array/port v0xba9e109dc910, 911;
v0xba9e109dc910_912 .array/port v0xba9e109dc910, 912;
E_0xba9e109e1c10/229 .event anyedge, v0xba9e109dc910_909, v0xba9e109dc910_910, v0xba9e109dc910_911, v0xba9e109dc910_912;
v0xba9e109dc910_913 .array/port v0xba9e109dc910, 913;
v0xba9e109dc910_914 .array/port v0xba9e109dc910, 914;
v0xba9e109dc910_915 .array/port v0xba9e109dc910, 915;
v0xba9e109dc910_916 .array/port v0xba9e109dc910, 916;
E_0xba9e109e1c10/230 .event anyedge, v0xba9e109dc910_913, v0xba9e109dc910_914, v0xba9e109dc910_915, v0xba9e109dc910_916;
v0xba9e109dc910_917 .array/port v0xba9e109dc910, 917;
v0xba9e109dc910_918 .array/port v0xba9e109dc910, 918;
v0xba9e109dc910_919 .array/port v0xba9e109dc910, 919;
v0xba9e109dc910_920 .array/port v0xba9e109dc910, 920;
E_0xba9e109e1c10/231 .event anyedge, v0xba9e109dc910_917, v0xba9e109dc910_918, v0xba9e109dc910_919, v0xba9e109dc910_920;
v0xba9e109dc910_921 .array/port v0xba9e109dc910, 921;
v0xba9e109dc910_922 .array/port v0xba9e109dc910, 922;
v0xba9e109dc910_923 .array/port v0xba9e109dc910, 923;
v0xba9e109dc910_924 .array/port v0xba9e109dc910, 924;
E_0xba9e109e1c10/232 .event anyedge, v0xba9e109dc910_921, v0xba9e109dc910_922, v0xba9e109dc910_923, v0xba9e109dc910_924;
v0xba9e109dc910_925 .array/port v0xba9e109dc910, 925;
v0xba9e109dc910_926 .array/port v0xba9e109dc910, 926;
v0xba9e109dc910_927 .array/port v0xba9e109dc910, 927;
v0xba9e109dc910_928 .array/port v0xba9e109dc910, 928;
E_0xba9e109e1c10/233 .event anyedge, v0xba9e109dc910_925, v0xba9e109dc910_926, v0xba9e109dc910_927, v0xba9e109dc910_928;
v0xba9e109dc910_929 .array/port v0xba9e109dc910, 929;
v0xba9e109dc910_930 .array/port v0xba9e109dc910, 930;
v0xba9e109dc910_931 .array/port v0xba9e109dc910, 931;
v0xba9e109dc910_932 .array/port v0xba9e109dc910, 932;
E_0xba9e109e1c10/234 .event anyedge, v0xba9e109dc910_929, v0xba9e109dc910_930, v0xba9e109dc910_931, v0xba9e109dc910_932;
v0xba9e109dc910_933 .array/port v0xba9e109dc910, 933;
v0xba9e109dc910_934 .array/port v0xba9e109dc910, 934;
v0xba9e109dc910_935 .array/port v0xba9e109dc910, 935;
v0xba9e109dc910_936 .array/port v0xba9e109dc910, 936;
E_0xba9e109e1c10/235 .event anyedge, v0xba9e109dc910_933, v0xba9e109dc910_934, v0xba9e109dc910_935, v0xba9e109dc910_936;
v0xba9e109dc910_937 .array/port v0xba9e109dc910, 937;
v0xba9e109dc910_938 .array/port v0xba9e109dc910, 938;
v0xba9e109dc910_939 .array/port v0xba9e109dc910, 939;
v0xba9e109dc910_940 .array/port v0xba9e109dc910, 940;
E_0xba9e109e1c10/236 .event anyedge, v0xba9e109dc910_937, v0xba9e109dc910_938, v0xba9e109dc910_939, v0xba9e109dc910_940;
v0xba9e109dc910_941 .array/port v0xba9e109dc910, 941;
v0xba9e109dc910_942 .array/port v0xba9e109dc910, 942;
v0xba9e109dc910_943 .array/port v0xba9e109dc910, 943;
v0xba9e109dc910_944 .array/port v0xba9e109dc910, 944;
E_0xba9e109e1c10/237 .event anyedge, v0xba9e109dc910_941, v0xba9e109dc910_942, v0xba9e109dc910_943, v0xba9e109dc910_944;
v0xba9e109dc910_945 .array/port v0xba9e109dc910, 945;
v0xba9e109dc910_946 .array/port v0xba9e109dc910, 946;
v0xba9e109dc910_947 .array/port v0xba9e109dc910, 947;
v0xba9e109dc910_948 .array/port v0xba9e109dc910, 948;
E_0xba9e109e1c10/238 .event anyedge, v0xba9e109dc910_945, v0xba9e109dc910_946, v0xba9e109dc910_947, v0xba9e109dc910_948;
v0xba9e109dc910_949 .array/port v0xba9e109dc910, 949;
v0xba9e109dc910_950 .array/port v0xba9e109dc910, 950;
v0xba9e109dc910_951 .array/port v0xba9e109dc910, 951;
v0xba9e109dc910_952 .array/port v0xba9e109dc910, 952;
E_0xba9e109e1c10/239 .event anyedge, v0xba9e109dc910_949, v0xba9e109dc910_950, v0xba9e109dc910_951, v0xba9e109dc910_952;
v0xba9e109dc910_953 .array/port v0xba9e109dc910, 953;
v0xba9e109dc910_954 .array/port v0xba9e109dc910, 954;
v0xba9e109dc910_955 .array/port v0xba9e109dc910, 955;
v0xba9e109dc910_956 .array/port v0xba9e109dc910, 956;
E_0xba9e109e1c10/240 .event anyedge, v0xba9e109dc910_953, v0xba9e109dc910_954, v0xba9e109dc910_955, v0xba9e109dc910_956;
v0xba9e109dc910_957 .array/port v0xba9e109dc910, 957;
v0xba9e109dc910_958 .array/port v0xba9e109dc910, 958;
v0xba9e109dc910_959 .array/port v0xba9e109dc910, 959;
v0xba9e109dc910_960 .array/port v0xba9e109dc910, 960;
E_0xba9e109e1c10/241 .event anyedge, v0xba9e109dc910_957, v0xba9e109dc910_958, v0xba9e109dc910_959, v0xba9e109dc910_960;
v0xba9e109dc910_961 .array/port v0xba9e109dc910, 961;
v0xba9e109dc910_962 .array/port v0xba9e109dc910, 962;
v0xba9e109dc910_963 .array/port v0xba9e109dc910, 963;
v0xba9e109dc910_964 .array/port v0xba9e109dc910, 964;
E_0xba9e109e1c10/242 .event anyedge, v0xba9e109dc910_961, v0xba9e109dc910_962, v0xba9e109dc910_963, v0xba9e109dc910_964;
v0xba9e109dc910_965 .array/port v0xba9e109dc910, 965;
v0xba9e109dc910_966 .array/port v0xba9e109dc910, 966;
v0xba9e109dc910_967 .array/port v0xba9e109dc910, 967;
v0xba9e109dc910_968 .array/port v0xba9e109dc910, 968;
E_0xba9e109e1c10/243 .event anyedge, v0xba9e109dc910_965, v0xba9e109dc910_966, v0xba9e109dc910_967, v0xba9e109dc910_968;
v0xba9e109dc910_969 .array/port v0xba9e109dc910, 969;
v0xba9e109dc910_970 .array/port v0xba9e109dc910, 970;
v0xba9e109dc910_971 .array/port v0xba9e109dc910, 971;
v0xba9e109dc910_972 .array/port v0xba9e109dc910, 972;
E_0xba9e109e1c10/244 .event anyedge, v0xba9e109dc910_969, v0xba9e109dc910_970, v0xba9e109dc910_971, v0xba9e109dc910_972;
v0xba9e109dc910_973 .array/port v0xba9e109dc910, 973;
v0xba9e109dc910_974 .array/port v0xba9e109dc910, 974;
v0xba9e109dc910_975 .array/port v0xba9e109dc910, 975;
v0xba9e109dc910_976 .array/port v0xba9e109dc910, 976;
E_0xba9e109e1c10/245 .event anyedge, v0xba9e109dc910_973, v0xba9e109dc910_974, v0xba9e109dc910_975, v0xba9e109dc910_976;
v0xba9e109dc910_977 .array/port v0xba9e109dc910, 977;
v0xba9e109dc910_978 .array/port v0xba9e109dc910, 978;
v0xba9e109dc910_979 .array/port v0xba9e109dc910, 979;
v0xba9e109dc910_980 .array/port v0xba9e109dc910, 980;
E_0xba9e109e1c10/246 .event anyedge, v0xba9e109dc910_977, v0xba9e109dc910_978, v0xba9e109dc910_979, v0xba9e109dc910_980;
v0xba9e109dc910_981 .array/port v0xba9e109dc910, 981;
v0xba9e109dc910_982 .array/port v0xba9e109dc910, 982;
v0xba9e109dc910_983 .array/port v0xba9e109dc910, 983;
v0xba9e109dc910_984 .array/port v0xba9e109dc910, 984;
E_0xba9e109e1c10/247 .event anyedge, v0xba9e109dc910_981, v0xba9e109dc910_982, v0xba9e109dc910_983, v0xba9e109dc910_984;
v0xba9e109dc910_985 .array/port v0xba9e109dc910, 985;
v0xba9e109dc910_986 .array/port v0xba9e109dc910, 986;
v0xba9e109dc910_987 .array/port v0xba9e109dc910, 987;
v0xba9e109dc910_988 .array/port v0xba9e109dc910, 988;
E_0xba9e109e1c10/248 .event anyedge, v0xba9e109dc910_985, v0xba9e109dc910_986, v0xba9e109dc910_987, v0xba9e109dc910_988;
v0xba9e109dc910_989 .array/port v0xba9e109dc910, 989;
v0xba9e109dc910_990 .array/port v0xba9e109dc910, 990;
v0xba9e109dc910_991 .array/port v0xba9e109dc910, 991;
v0xba9e109dc910_992 .array/port v0xba9e109dc910, 992;
E_0xba9e109e1c10/249 .event anyedge, v0xba9e109dc910_989, v0xba9e109dc910_990, v0xba9e109dc910_991, v0xba9e109dc910_992;
v0xba9e109dc910_993 .array/port v0xba9e109dc910, 993;
v0xba9e109dc910_994 .array/port v0xba9e109dc910, 994;
v0xba9e109dc910_995 .array/port v0xba9e109dc910, 995;
v0xba9e109dc910_996 .array/port v0xba9e109dc910, 996;
E_0xba9e109e1c10/250 .event anyedge, v0xba9e109dc910_993, v0xba9e109dc910_994, v0xba9e109dc910_995, v0xba9e109dc910_996;
v0xba9e109dc910_997 .array/port v0xba9e109dc910, 997;
v0xba9e109dc910_998 .array/port v0xba9e109dc910, 998;
v0xba9e109dc910_999 .array/port v0xba9e109dc910, 999;
v0xba9e109dc910_1000 .array/port v0xba9e109dc910, 1000;
E_0xba9e109e1c10/251 .event anyedge, v0xba9e109dc910_997, v0xba9e109dc910_998, v0xba9e109dc910_999, v0xba9e109dc910_1000;
v0xba9e109dc910_1001 .array/port v0xba9e109dc910, 1001;
v0xba9e109dc910_1002 .array/port v0xba9e109dc910, 1002;
v0xba9e109dc910_1003 .array/port v0xba9e109dc910, 1003;
v0xba9e109dc910_1004 .array/port v0xba9e109dc910, 1004;
E_0xba9e109e1c10/252 .event anyedge, v0xba9e109dc910_1001, v0xba9e109dc910_1002, v0xba9e109dc910_1003, v0xba9e109dc910_1004;
v0xba9e109dc910_1005 .array/port v0xba9e109dc910, 1005;
v0xba9e109dc910_1006 .array/port v0xba9e109dc910, 1006;
v0xba9e109dc910_1007 .array/port v0xba9e109dc910, 1007;
v0xba9e109dc910_1008 .array/port v0xba9e109dc910, 1008;
E_0xba9e109e1c10/253 .event anyedge, v0xba9e109dc910_1005, v0xba9e109dc910_1006, v0xba9e109dc910_1007, v0xba9e109dc910_1008;
v0xba9e109dc910_1009 .array/port v0xba9e109dc910, 1009;
v0xba9e109dc910_1010 .array/port v0xba9e109dc910, 1010;
v0xba9e109dc910_1011 .array/port v0xba9e109dc910, 1011;
v0xba9e109dc910_1012 .array/port v0xba9e109dc910, 1012;
E_0xba9e109e1c10/254 .event anyedge, v0xba9e109dc910_1009, v0xba9e109dc910_1010, v0xba9e109dc910_1011, v0xba9e109dc910_1012;
v0xba9e109dc910_1013 .array/port v0xba9e109dc910, 1013;
v0xba9e109dc910_1014 .array/port v0xba9e109dc910, 1014;
v0xba9e109dc910_1015 .array/port v0xba9e109dc910, 1015;
v0xba9e109dc910_1016 .array/port v0xba9e109dc910, 1016;
E_0xba9e109e1c10/255 .event anyedge, v0xba9e109dc910_1013, v0xba9e109dc910_1014, v0xba9e109dc910_1015, v0xba9e109dc910_1016;
v0xba9e109dc910_1017 .array/port v0xba9e109dc910, 1017;
v0xba9e109dc910_1018 .array/port v0xba9e109dc910, 1018;
v0xba9e109dc910_1019 .array/port v0xba9e109dc910, 1019;
v0xba9e109dc910_1020 .array/port v0xba9e109dc910, 1020;
E_0xba9e109e1c10/256 .event anyedge, v0xba9e109dc910_1017, v0xba9e109dc910_1018, v0xba9e109dc910_1019, v0xba9e109dc910_1020;
v0xba9e109dc910_1021 .array/port v0xba9e109dc910, 1021;
v0xba9e109dc910_1022 .array/port v0xba9e109dc910, 1022;
v0xba9e109dc910_1023 .array/port v0xba9e109dc910, 1023;
v0xba9e109dc910_1024 .array/port v0xba9e109dc910, 1024;
E_0xba9e109e1c10/257 .event anyedge, v0xba9e109dc910_1021, v0xba9e109dc910_1022, v0xba9e109dc910_1023, v0xba9e109dc910_1024;
v0xba9e109dc910_1025 .array/port v0xba9e109dc910, 1025;
v0xba9e109dc910_1026 .array/port v0xba9e109dc910, 1026;
v0xba9e109dc910_1027 .array/port v0xba9e109dc910, 1027;
v0xba9e109dc910_1028 .array/port v0xba9e109dc910, 1028;
E_0xba9e109e1c10/258 .event anyedge, v0xba9e109dc910_1025, v0xba9e109dc910_1026, v0xba9e109dc910_1027, v0xba9e109dc910_1028;
v0xba9e109dc910_1029 .array/port v0xba9e109dc910, 1029;
v0xba9e109dc910_1030 .array/port v0xba9e109dc910, 1030;
v0xba9e109dc910_1031 .array/port v0xba9e109dc910, 1031;
v0xba9e109dc910_1032 .array/port v0xba9e109dc910, 1032;
E_0xba9e109e1c10/259 .event anyedge, v0xba9e109dc910_1029, v0xba9e109dc910_1030, v0xba9e109dc910_1031, v0xba9e109dc910_1032;
v0xba9e109dc910_1033 .array/port v0xba9e109dc910, 1033;
v0xba9e109dc910_1034 .array/port v0xba9e109dc910, 1034;
v0xba9e109dc910_1035 .array/port v0xba9e109dc910, 1035;
v0xba9e109dc910_1036 .array/port v0xba9e109dc910, 1036;
E_0xba9e109e1c10/260 .event anyedge, v0xba9e109dc910_1033, v0xba9e109dc910_1034, v0xba9e109dc910_1035, v0xba9e109dc910_1036;
v0xba9e109dc910_1037 .array/port v0xba9e109dc910, 1037;
v0xba9e109dc910_1038 .array/port v0xba9e109dc910, 1038;
v0xba9e109dc910_1039 .array/port v0xba9e109dc910, 1039;
v0xba9e109dc910_1040 .array/port v0xba9e109dc910, 1040;
E_0xba9e109e1c10/261 .event anyedge, v0xba9e109dc910_1037, v0xba9e109dc910_1038, v0xba9e109dc910_1039, v0xba9e109dc910_1040;
v0xba9e109dc910_1041 .array/port v0xba9e109dc910, 1041;
v0xba9e109dc910_1042 .array/port v0xba9e109dc910, 1042;
v0xba9e109dc910_1043 .array/port v0xba9e109dc910, 1043;
v0xba9e109dc910_1044 .array/port v0xba9e109dc910, 1044;
E_0xba9e109e1c10/262 .event anyedge, v0xba9e109dc910_1041, v0xba9e109dc910_1042, v0xba9e109dc910_1043, v0xba9e109dc910_1044;
v0xba9e109dc910_1045 .array/port v0xba9e109dc910, 1045;
v0xba9e109dc910_1046 .array/port v0xba9e109dc910, 1046;
v0xba9e109dc910_1047 .array/port v0xba9e109dc910, 1047;
v0xba9e109dc910_1048 .array/port v0xba9e109dc910, 1048;
E_0xba9e109e1c10/263 .event anyedge, v0xba9e109dc910_1045, v0xba9e109dc910_1046, v0xba9e109dc910_1047, v0xba9e109dc910_1048;
v0xba9e109dc910_1049 .array/port v0xba9e109dc910, 1049;
v0xba9e109dc910_1050 .array/port v0xba9e109dc910, 1050;
v0xba9e109dc910_1051 .array/port v0xba9e109dc910, 1051;
v0xba9e109dc910_1052 .array/port v0xba9e109dc910, 1052;
E_0xba9e109e1c10/264 .event anyedge, v0xba9e109dc910_1049, v0xba9e109dc910_1050, v0xba9e109dc910_1051, v0xba9e109dc910_1052;
v0xba9e109dc910_1053 .array/port v0xba9e109dc910, 1053;
v0xba9e109dc910_1054 .array/port v0xba9e109dc910, 1054;
v0xba9e109dc910_1055 .array/port v0xba9e109dc910, 1055;
v0xba9e109dc910_1056 .array/port v0xba9e109dc910, 1056;
E_0xba9e109e1c10/265 .event anyedge, v0xba9e109dc910_1053, v0xba9e109dc910_1054, v0xba9e109dc910_1055, v0xba9e109dc910_1056;
v0xba9e109dc910_1057 .array/port v0xba9e109dc910, 1057;
v0xba9e109dc910_1058 .array/port v0xba9e109dc910, 1058;
v0xba9e109dc910_1059 .array/port v0xba9e109dc910, 1059;
v0xba9e109dc910_1060 .array/port v0xba9e109dc910, 1060;
E_0xba9e109e1c10/266 .event anyedge, v0xba9e109dc910_1057, v0xba9e109dc910_1058, v0xba9e109dc910_1059, v0xba9e109dc910_1060;
v0xba9e109dc910_1061 .array/port v0xba9e109dc910, 1061;
v0xba9e109dc910_1062 .array/port v0xba9e109dc910, 1062;
v0xba9e109dc910_1063 .array/port v0xba9e109dc910, 1063;
v0xba9e109dc910_1064 .array/port v0xba9e109dc910, 1064;
E_0xba9e109e1c10/267 .event anyedge, v0xba9e109dc910_1061, v0xba9e109dc910_1062, v0xba9e109dc910_1063, v0xba9e109dc910_1064;
v0xba9e109dc910_1065 .array/port v0xba9e109dc910, 1065;
v0xba9e109dc910_1066 .array/port v0xba9e109dc910, 1066;
v0xba9e109dc910_1067 .array/port v0xba9e109dc910, 1067;
v0xba9e109dc910_1068 .array/port v0xba9e109dc910, 1068;
E_0xba9e109e1c10/268 .event anyedge, v0xba9e109dc910_1065, v0xba9e109dc910_1066, v0xba9e109dc910_1067, v0xba9e109dc910_1068;
v0xba9e109dc910_1069 .array/port v0xba9e109dc910, 1069;
v0xba9e109dc910_1070 .array/port v0xba9e109dc910, 1070;
v0xba9e109dc910_1071 .array/port v0xba9e109dc910, 1071;
v0xba9e109dc910_1072 .array/port v0xba9e109dc910, 1072;
E_0xba9e109e1c10/269 .event anyedge, v0xba9e109dc910_1069, v0xba9e109dc910_1070, v0xba9e109dc910_1071, v0xba9e109dc910_1072;
v0xba9e109dc910_1073 .array/port v0xba9e109dc910, 1073;
v0xba9e109dc910_1074 .array/port v0xba9e109dc910, 1074;
v0xba9e109dc910_1075 .array/port v0xba9e109dc910, 1075;
v0xba9e109dc910_1076 .array/port v0xba9e109dc910, 1076;
E_0xba9e109e1c10/270 .event anyedge, v0xba9e109dc910_1073, v0xba9e109dc910_1074, v0xba9e109dc910_1075, v0xba9e109dc910_1076;
v0xba9e109dc910_1077 .array/port v0xba9e109dc910, 1077;
v0xba9e109dc910_1078 .array/port v0xba9e109dc910, 1078;
v0xba9e109dc910_1079 .array/port v0xba9e109dc910, 1079;
v0xba9e109dc910_1080 .array/port v0xba9e109dc910, 1080;
E_0xba9e109e1c10/271 .event anyedge, v0xba9e109dc910_1077, v0xba9e109dc910_1078, v0xba9e109dc910_1079, v0xba9e109dc910_1080;
v0xba9e109dc910_1081 .array/port v0xba9e109dc910, 1081;
v0xba9e109dc910_1082 .array/port v0xba9e109dc910, 1082;
v0xba9e109dc910_1083 .array/port v0xba9e109dc910, 1083;
v0xba9e109dc910_1084 .array/port v0xba9e109dc910, 1084;
E_0xba9e109e1c10/272 .event anyedge, v0xba9e109dc910_1081, v0xba9e109dc910_1082, v0xba9e109dc910_1083, v0xba9e109dc910_1084;
v0xba9e109dc910_1085 .array/port v0xba9e109dc910, 1085;
v0xba9e109dc910_1086 .array/port v0xba9e109dc910, 1086;
v0xba9e109dc910_1087 .array/port v0xba9e109dc910, 1087;
v0xba9e109dc910_1088 .array/port v0xba9e109dc910, 1088;
E_0xba9e109e1c10/273 .event anyedge, v0xba9e109dc910_1085, v0xba9e109dc910_1086, v0xba9e109dc910_1087, v0xba9e109dc910_1088;
v0xba9e109dc910_1089 .array/port v0xba9e109dc910, 1089;
v0xba9e109dc910_1090 .array/port v0xba9e109dc910, 1090;
v0xba9e109dc910_1091 .array/port v0xba9e109dc910, 1091;
v0xba9e109dc910_1092 .array/port v0xba9e109dc910, 1092;
E_0xba9e109e1c10/274 .event anyedge, v0xba9e109dc910_1089, v0xba9e109dc910_1090, v0xba9e109dc910_1091, v0xba9e109dc910_1092;
v0xba9e109dc910_1093 .array/port v0xba9e109dc910, 1093;
v0xba9e109dc910_1094 .array/port v0xba9e109dc910, 1094;
v0xba9e109dc910_1095 .array/port v0xba9e109dc910, 1095;
v0xba9e109dc910_1096 .array/port v0xba9e109dc910, 1096;
E_0xba9e109e1c10/275 .event anyedge, v0xba9e109dc910_1093, v0xba9e109dc910_1094, v0xba9e109dc910_1095, v0xba9e109dc910_1096;
v0xba9e109dc910_1097 .array/port v0xba9e109dc910, 1097;
v0xba9e109dc910_1098 .array/port v0xba9e109dc910, 1098;
v0xba9e109dc910_1099 .array/port v0xba9e109dc910, 1099;
v0xba9e109dc910_1100 .array/port v0xba9e109dc910, 1100;
E_0xba9e109e1c10/276 .event anyedge, v0xba9e109dc910_1097, v0xba9e109dc910_1098, v0xba9e109dc910_1099, v0xba9e109dc910_1100;
v0xba9e109dc910_1101 .array/port v0xba9e109dc910, 1101;
v0xba9e109dc910_1102 .array/port v0xba9e109dc910, 1102;
v0xba9e109dc910_1103 .array/port v0xba9e109dc910, 1103;
v0xba9e109dc910_1104 .array/port v0xba9e109dc910, 1104;
E_0xba9e109e1c10/277 .event anyedge, v0xba9e109dc910_1101, v0xba9e109dc910_1102, v0xba9e109dc910_1103, v0xba9e109dc910_1104;
v0xba9e109dc910_1105 .array/port v0xba9e109dc910, 1105;
v0xba9e109dc910_1106 .array/port v0xba9e109dc910, 1106;
v0xba9e109dc910_1107 .array/port v0xba9e109dc910, 1107;
v0xba9e109dc910_1108 .array/port v0xba9e109dc910, 1108;
E_0xba9e109e1c10/278 .event anyedge, v0xba9e109dc910_1105, v0xba9e109dc910_1106, v0xba9e109dc910_1107, v0xba9e109dc910_1108;
v0xba9e109dc910_1109 .array/port v0xba9e109dc910, 1109;
v0xba9e109dc910_1110 .array/port v0xba9e109dc910, 1110;
v0xba9e109dc910_1111 .array/port v0xba9e109dc910, 1111;
v0xba9e109dc910_1112 .array/port v0xba9e109dc910, 1112;
E_0xba9e109e1c10/279 .event anyedge, v0xba9e109dc910_1109, v0xba9e109dc910_1110, v0xba9e109dc910_1111, v0xba9e109dc910_1112;
v0xba9e109dc910_1113 .array/port v0xba9e109dc910, 1113;
v0xba9e109dc910_1114 .array/port v0xba9e109dc910, 1114;
v0xba9e109dc910_1115 .array/port v0xba9e109dc910, 1115;
v0xba9e109dc910_1116 .array/port v0xba9e109dc910, 1116;
E_0xba9e109e1c10/280 .event anyedge, v0xba9e109dc910_1113, v0xba9e109dc910_1114, v0xba9e109dc910_1115, v0xba9e109dc910_1116;
v0xba9e109dc910_1117 .array/port v0xba9e109dc910, 1117;
v0xba9e109dc910_1118 .array/port v0xba9e109dc910, 1118;
v0xba9e109dc910_1119 .array/port v0xba9e109dc910, 1119;
v0xba9e109dc910_1120 .array/port v0xba9e109dc910, 1120;
E_0xba9e109e1c10/281 .event anyedge, v0xba9e109dc910_1117, v0xba9e109dc910_1118, v0xba9e109dc910_1119, v0xba9e109dc910_1120;
v0xba9e109dc910_1121 .array/port v0xba9e109dc910, 1121;
v0xba9e109dc910_1122 .array/port v0xba9e109dc910, 1122;
v0xba9e109dc910_1123 .array/port v0xba9e109dc910, 1123;
v0xba9e109dc910_1124 .array/port v0xba9e109dc910, 1124;
E_0xba9e109e1c10/282 .event anyedge, v0xba9e109dc910_1121, v0xba9e109dc910_1122, v0xba9e109dc910_1123, v0xba9e109dc910_1124;
v0xba9e109dc910_1125 .array/port v0xba9e109dc910, 1125;
v0xba9e109dc910_1126 .array/port v0xba9e109dc910, 1126;
v0xba9e109dc910_1127 .array/port v0xba9e109dc910, 1127;
v0xba9e109dc910_1128 .array/port v0xba9e109dc910, 1128;
E_0xba9e109e1c10/283 .event anyedge, v0xba9e109dc910_1125, v0xba9e109dc910_1126, v0xba9e109dc910_1127, v0xba9e109dc910_1128;
v0xba9e109dc910_1129 .array/port v0xba9e109dc910, 1129;
v0xba9e109dc910_1130 .array/port v0xba9e109dc910, 1130;
v0xba9e109dc910_1131 .array/port v0xba9e109dc910, 1131;
v0xba9e109dc910_1132 .array/port v0xba9e109dc910, 1132;
E_0xba9e109e1c10/284 .event anyedge, v0xba9e109dc910_1129, v0xba9e109dc910_1130, v0xba9e109dc910_1131, v0xba9e109dc910_1132;
v0xba9e109dc910_1133 .array/port v0xba9e109dc910, 1133;
v0xba9e109dc910_1134 .array/port v0xba9e109dc910, 1134;
v0xba9e109dc910_1135 .array/port v0xba9e109dc910, 1135;
v0xba9e109dc910_1136 .array/port v0xba9e109dc910, 1136;
E_0xba9e109e1c10/285 .event anyedge, v0xba9e109dc910_1133, v0xba9e109dc910_1134, v0xba9e109dc910_1135, v0xba9e109dc910_1136;
v0xba9e109dc910_1137 .array/port v0xba9e109dc910, 1137;
v0xba9e109dc910_1138 .array/port v0xba9e109dc910, 1138;
v0xba9e109dc910_1139 .array/port v0xba9e109dc910, 1139;
v0xba9e109dc910_1140 .array/port v0xba9e109dc910, 1140;
E_0xba9e109e1c10/286 .event anyedge, v0xba9e109dc910_1137, v0xba9e109dc910_1138, v0xba9e109dc910_1139, v0xba9e109dc910_1140;
v0xba9e109dc910_1141 .array/port v0xba9e109dc910, 1141;
v0xba9e109dc910_1142 .array/port v0xba9e109dc910, 1142;
v0xba9e109dc910_1143 .array/port v0xba9e109dc910, 1143;
v0xba9e109dc910_1144 .array/port v0xba9e109dc910, 1144;
E_0xba9e109e1c10/287 .event anyedge, v0xba9e109dc910_1141, v0xba9e109dc910_1142, v0xba9e109dc910_1143, v0xba9e109dc910_1144;
v0xba9e109dc910_1145 .array/port v0xba9e109dc910, 1145;
v0xba9e109dc910_1146 .array/port v0xba9e109dc910, 1146;
v0xba9e109dc910_1147 .array/port v0xba9e109dc910, 1147;
v0xba9e109dc910_1148 .array/port v0xba9e109dc910, 1148;
E_0xba9e109e1c10/288 .event anyedge, v0xba9e109dc910_1145, v0xba9e109dc910_1146, v0xba9e109dc910_1147, v0xba9e109dc910_1148;
v0xba9e109dc910_1149 .array/port v0xba9e109dc910, 1149;
v0xba9e109dc910_1150 .array/port v0xba9e109dc910, 1150;
v0xba9e109dc910_1151 .array/port v0xba9e109dc910, 1151;
v0xba9e109dc910_1152 .array/port v0xba9e109dc910, 1152;
E_0xba9e109e1c10/289 .event anyedge, v0xba9e109dc910_1149, v0xba9e109dc910_1150, v0xba9e109dc910_1151, v0xba9e109dc910_1152;
v0xba9e109dc910_1153 .array/port v0xba9e109dc910, 1153;
v0xba9e109dc910_1154 .array/port v0xba9e109dc910, 1154;
v0xba9e109dc910_1155 .array/port v0xba9e109dc910, 1155;
v0xba9e109dc910_1156 .array/port v0xba9e109dc910, 1156;
E_0xba9e109e1c10/290 .event anyedge, v0xba9e109dc910_1153, v0xba9e109dc910_1154, v0xba9e109dc910_1155, v0xba9e109dc910_1156;
v0xba9e109dc910_1157 .array/port v0xba9e109dc910, 1157;
v0xba9e109dc910_1158 .array/port v0xba9e109dc910, 1158;
v0xba9e109dc910_1159 .array/port v0xba9e109dc910, 1159;
v0xba9e109dc910_1160 .array/port v0xba9e109dc910, 1160;
E_0xba9e109e1c10/291 .event anyedge, v0xba9e109dc910_1157, v0xba9e109dc910_1158, v0xba9e109dc910_1159, v0xba9e109dc910_1160;
v0xba9e109dc910_1161 .array/port v0xba9e109dc910, 1161;
v0xba9e109dc910_1162 .array/port v0xba9e109dc910, 1162;
v0xba9e109dc910_1163 .array/port v0xba9e109dc910, 1163;
v0xba9e109dc910_1164 .array/port v0xba9e109dc910, 1164;
E_0xba9e109e1c10/292 .event anyedge, v0xba9e109dc910_1161, v0xba9e109dc910_1162, v0xba9e109dc910_1163, v0xba9e109dc910_1164;
v0xba9e109dc910_1165 .array/port v0xba9e109dc910, 1165;
v0xba9e109dc910_1166 .array/port v0xba9e109dc910, 1166;
v0xba9e109dc910_1167 .array/port v0xba9e109dc910, 1167;
v0xba9e109dc910_1168 .array/port v0xba9e109dc910, 1168;
E_0xba9e109e1c10/293 .event anyedge, v0xba9e109dc910_1165, v0xba9e109dc910_1166, v0xba9e109dc910_1167, v0xba9e109dc910_1168;
v0xba9e109dc910_1169 .array/port v0xba9e109dc910, 1169;
v0xba9e109dc910_1170 .array/port v0xba9e109dc910, 1170;
v0xba9e109dc910_1171 .array/port v0xba9e109dc910, 1171;
v0xba9e109dc910_1172 .array/port v0xba9e109dc910, 1172;
E_0xba9e109e1c10/294 .event anyedge, v0xba9e109dc910_1169, v0xba9e109dc910_1170, v0xba9e109dc910_1171, v0xba9e109dc910_1172;
v0xba9e109dc910_1173 .array/port v0xba9e109dc910, 1173;
v0xba9e109dc910_1174 .array/port v0xba9e109dc910, 1174;
v0xba9e109dc910_1175 .array/port v0xba9e109dc910, 1175;
v0xba9e109dc910_1176 .array/port v0xba9e109dc910, 1176;
E_0xba9e109e1c10/295 .event anyedge, v0xba9e109dc910_1173, v0xba9e109dc910_1174, v0xba9e109dc910_1175, v0xba9e109dc910_1176;
v0xba9e109dc910_1177 .array/port v0xba9e109dc910, 1177;
v0xba9e109dc910_1178 .array/port v0xba9e109dc910, 1178;
v0xba9e109dc910_1179 .array/port v0xba9e109dc910, 1179;
v0xba9e109dc910_1180 .array/port v0xba9e109dc910, 1180;
E_0xba9e109e1c10/296 .event anyedge, v0xba9e109dc910_1177, v0xba9e109dc910_1178, v0xba9e109dc910_1179, v0xba9e109dc910_1180;
v0xba9e109dc910_1181 .array/port v0xba9e109dc910, 1181;
v0xba9e109dc910_1182 .array/port v0xba9e109dc910, 1182;
v0xba9e109dc910_1183 .array/port v0xba9e109dc910, 1183;
v0xba9e109dc910_1184 .array/port v0xba9e109dc910, 1184;
E_0xba9e109e1c10/297 .event anyedge, v0xba9e109dc910_1181, v0xba9e109dc910_1182, v0xba9e109dc910_1183, v0xba9e109dc910_1184;
v0xba9e109dc910_1185 .array/port v0xba9e109dc910, 1185;
v0xba9e109dc910_1186 .array/port v0xba9e109dc910, 1186;
v0xba9e109dc910_1187 .array/port v0xba9e109dc910, 1187;
v0xba9e109dc910_1188 .array/port v0xba9e109dc910, 1188;
E_0xba9e109e1c10/298 .event anyedge, v0xba9e109dc910_1185, v0xba9e109dc910_1186, v0xba9e109dc910_1187, v0xba9e109dc910_1188;
v0xba9e109dc910_1189 .array/port v0xba9e109dc910, 1189;
v0xba9e109dc910_1190 .array/port v0xba9e109dc910, 1190;
v0xba9e109dc910_1191 .array/port v0xba9e109dc910, 1191;
v0xba9e109dc910_1192 .array/port v0xba9e109dc910, 1192;
E_0xba9e109e1c10/299 .event anyedge, v0xba9e109dc910_1189, v0xba9e109dc910_1190, v0xba9e109dc910_1191, v0xba9e109dc910_1192;
v0xba9e109dc910_1193 .array/port v0xba9e109dc910, 1193;
v0xba9e109dc910_1194 .array/port v0xba9e109dc910, 1194;
v0xba9e109dc910_1195 .array/port v0xba9e109dc910, 1195;
v0xba9e109dc910_1196 .array/port v0xba9e109dc910, 1196;
E_0xba9e109e1c10/300 .event anyedge, v0xba9e109dc910_1193, v0xba9e109dc910_1194, v0xba9e109dc910_1195, v0xba9e109dc910_1196;
v0xba9e109dc910_1197 .array/port v0xba9e109dc910, 1197;
v0xba9e109dc910_1198 .array/port v0xba9e109dc910, 1198;
v0xba9e109dc910_1199 .array/port v0xba9e109dc910, 1199;
v0xba9e109dc910_1200 .array/port v0xba9e109dc910, 1200;
E_0xba9e109e1c10/301 .event anyedge, v0xba9e109dc910_1197, v0xba9e109dc910_1198, v0xba9e109dc910_1199, v0xba9e109dc910_1200;
v0xba9e109dc910_1201 .array/port v0xba9e109dc910, 1201;
v0xba9e109dc910_1202 .array/port v0xba9e109dc910, 1202;
v0xba9e109dc910_1203 .array/port v0xba9e109dc910, 1203;
v0xba9e109dc910_1204 .array/port v0xba9e109dc910, 1204;
E_0xba9e109e1c10/302 .event anyedge, v0xba9e109dc910_1201, v0xba9e109dc910_1202, v0xba9e109dc910_1203, v0xba9e109dc910_1204;
v0xba9e109dc910_1205 .array/port v0xba9e109dc910, 1205;
v0xba9e109dc910_1206 .array/port v0xba9e109dc910, 1206;
v0xba9e109dc910_1207 .array/port v0xba9e109dc910, 1207;
v0xba9e109dc910_1208 .array/port v0xba9e109dc910, 1208;
E_0xba9e109e1c10/303 .event anyedge, v0xba9e109dc910_1205, v0xba9e109dc910_1206, v0xba9e109dc910_1207, v0xba9e109dc910_1208;
v0xba9e109dc910_1209 .array/port v0xba9e109dc910, 1209;
v0xba9e109dc910_1210 .array/port v0xba9e109dc910, 1210;
v0xba9e109dc910_1211 .array/port v0xba9e109dc910, 1211;
v0xba9e109dc910_1212 .array/port v0xba9e109dc910, 1212;
E_0xba9e109e1c10/304 .event anyedge, v0xba9e109dc910_1209, v0xba9e109dc910_1210, v0xba9e109dc910_1211, v0xba9e109dc910_1212;
v0xba9e109dc910_1213 .array/port v0xba9e109dc910, 1213;
v0xba9e109dc910_1214 .array/port v0xba9e109dc910, 1214;
v0xba9e109dc910_1215 .array/port v0xba9e109dc910, 1215;
v0xba9e109dc910_1216 .array/port v0xba9e109dc910, 1216;
E_0xba9e109e1c10/305 .event anyedge, v0xba9e109dc910_1213, v0xba9e109dc910_1214, v0xba9e109dc910_1215, v0xba9e109dc910_1216;
v0xba9e109dc910_1217 .array/port v0xba9e109dc910, 1217;
v0xba9e109dc910_1218 .array/port v0xba9e109dc910, 1218;
v0xba9e109dc910_1219 .array/port v0xba9e109dc910, 1219;
v0xba9e109dc910_1220 .array/port v0xba9e109dc910, 1220;
E_0xba9e109e1c10/306 .event anyedge, v0xba9e109dc910_1217, v0xba9e109dc910_1218, v0xba9e109dc910_1219, v0xba9e109dc910_1220;
v0xba9e109dc910_1221 .array/port v0xba9e109dc910, 1221;
v0xba9e109dc910_1222 .array/port v0xba9e109dc910, 1222;
v0xba9e109dc910_1223 .array/port v0xba9e109dc910, 1223;
v0xba9e109dc910_1224 .array/port v0xba9e109dc910, 1224;
E_0xba9e109e1c10/307 .event anyedge, v0xba9e109dc910_1221, v0xba9e109dc910_1222, v0xba9e109dc910_1223, v0xba9e109dc910_1224;
v0xba9e109dc910_1225 .array/port v0xba9e109dc910, 1225;
v0xba9e109dc910_1226 .array/port v0xba9e109dc910, 1226;
v0xba9e109dc910_1227 .array/port v0xba9e109dc910, 1227;
v0xba9e109dc910_1228 .array/port v0xba9e109dc910, 1228;
E_0xba9e109e1c10/308 .event anyedge, v0xba9e109dc910_1225, v0xba9e109dc910_1226, v0xba9e109dc910_1227, v0xba9e109dc910_1228;
v0xba9e109dc910_1229 .array/port v0xba9e109dc910, 1229;
v0xba9e109dc910_1230 .array/port v0xba9e109dc910, 1230;
v0xba9e109dc910_1231 .array/port v0xba9e109dc910, 1231;
v0xba9e109dc910_1232 .array/port v0xba9e109dc910, 1232;
E_0xba9e109e1c10/309 .event anyedge, v0xba9e109dc910_1229, v0xba9e109dc910_1230, v0xba9e109dc910_1231, v0xba9e109dc910_1232;
v0xba9e109dc910_1233 .array/port v0xba9e109dc910, 1233;
v0xba9e109dc910_1234 .array/port v0xba9e109dc910, 1234;
v0xba9e109dc910_1235 .array/port v0xba9e109dc910, 1235;
v0xba9e109dc910_1236 .array/port v0xba9e109dc910, 1236;
E_0xba9e109e1c10/310 .event anyedge, v0xba9e109dc910_1233, v0xba9e109dc910_1234, v0xba9e109dc910_1235, v0xba9e109dc910_1236;
v0xba9e109dc910_1237 .array/port v0xba9e109dc910, 1237;
v0xba9e109dc910_1238 .array/port v0xba9e109dc910, 1238;
v0xba9e109dc910_1239 .array/port v0xba9e109dc910, 1239;
v0xba9e109dc910_1240 .array/port v0xba9e109dc910, 1240;
E_0xba9e109e1c10/311 .event anyedge, v0xba9e109dc910_1237, v0xba9e109dc910_1238, v0xba9e109dc910_1239, v0xba9e109dc910_1240;
v0xba9e109dc910_1241 .array/port v0xba9e109dc910, 1241;
v0xba9e109dc910_1242 .array/port v0xba9e109dc910, 1242;
v0xba9e109dc910_1243 .array/port v0xba9e109dc910, 1243;
v0xba9e109dc910_1244 .array/port v0xba9e109dc910, 1244;
E_0xba9e109e1c10/312 .event anyedge, v0xba9e109dc910_1241, v0xba9e109dc910_1242, v0xba9e109dc910_1243, v0xba9e109dc910_1244;
v0xba9e109dc910_1245 .array/port v0xba9e109dc910, 1245;
v0xba9e109dc910_1246 .array/port v0xba9e109dc910, 1246;
v0xba9e109dc910_1247 .array/port v0xba9e109dc910, 1247;
v0xba9e109dc910_1248 .array/port v0xba9e109dc910, 1248;
E_0xba9e109e1c10/313 .event anyedge, v0xba9e109dc910_1245, v0xba9e109dc910_1246, v0xba9e109dc910_1247, v0xba9e109dc910_1248;
v0xba9e109dc910_1249 .array/port v0xba9e109dc910, 1249;
v0xba9e109dc910_1250 .array/port v0xba9e109dc910, 1250;
v0xba9e109dc910_1251 .array/port v0xba9e109dc910, 1251;
v0xba9e109dc910_1252 .array/port v0xba9e109dc910, 1252;
E_0xba9e109e1c10/314 .event anyedge, v0xba9e109dc910_1249, v0xba9e109dc910_1250, v0xba9e109dc910_1251, v0xba9e109dc910_1252;
v0xba9e109dc910_1253 .array/port v0xba9e109dc910, 1253;
v0xba9e109dc910_1254 .array/port v0xba9e109dc910, 1254;
v0xba9e109dc910_1255 .array/port v0xba9e109dc910, 1255;
v0xba9e109dc910_1256 .array/port v0xba9e109dc910, 1256;
E_0xba9e109e1c10/315 .event anyedge, v0xba9e109dc910_1253, v0xba9e109dc910_1254, v0xba9e109dc910_1255, v0xba9e109dc910_1256;
v0xba9e109dc910_1257 .array/port v0xba9e109dc910, 1257;
v0xba9e109dc910_1258 .array/port v0xba9e109dc910, 1258;
v0xba9e109dc910_1259 .array/port v0xba9e109dc910, 1259;
v0xba9e109dc910_1260 .array/port v0xba9e109dc910, 1260;
E_0xba9e109e1c10/316 .event anyedge, v0xba9e109dc910_1257, v0xba9e109dc910_1258, v0xba9e109dc910_1259, v0xba9e109dc910_1260;
v0xba9e109dc910_1261 .array/port v0xba9e109dc910, 1261;
v0xba9e109dc910_1262 .array/port v0xba9e109dc910, 1262;
v0xba9e109dc910_1263 .array/port v0xba9e109dc910, 1263;
v0xba9e109dc910_1264 .array/port v0xba9e109dc910, 1264;
E_0xba9e109e1c10/317 .event anyedge, v0xba9e109dc910_1261, v0xba9e109dc910_1262, v0xba9e109dc910_1263, v0xba9e109dc910_1264;
v0xba9e109dc910_1265 .array/port v0xba9e109dc910, 1265;
v0xba9e109dc910_1266 .array/port v0xba9e109dc910, 1266;
v0xba9e109dc910_1267 .array/port v0xba9e109dc910, 1267;
v0xba9e109dc910_1268 .array/port v0xba9e109dc910, 1268;
E_0xba9e109e1c10/318 .event anyedge, v0xba9e109dc910_1265, v0xba9e109dc910_1266, v0xba9e109dc910_1267, v0xba9e109dc910_1268;
v0xba9e109dc910_1269 .array/port v0xba9e109dc910, 1269;
v0xba9e109dc910_1270 .array/port v0xba9e109dc910, 1270;
v0xba9e109dc910_1271 .array/port v0xba9e109dc910, 1271;
v0xba9e109dc910_1272 .array/port v0xba9e109dc910, 1272;
E_0xba9e109e1c10/319 .event anyedge, v0xba9e109dc910_1269, v0xba9e109dc910_1270, v0xba9e109dc910_1271, v0xba9e109dc910_1272;
v0xba9e109dc910_1273 .array/port v0xba9e109dc910, 1273;
v0xba9e109dc910_1274 .array/port v0xba9e109dc910, 1274;
v0xba9e109dc910_1275 .array/port v0xba9e109dc910, 1275;
v0xba9e109dc910_1276 .array/port v0xba9e109dc910, 1276;
E_0xba9e109e1c10/320 .event anyedge, v0xba9e109dc910_1273, v0xba9e109dc910_1274, v0xba9e109dc910_1275, v0xba9e109dc910_1276;
v0xba9e109dc910_1277 .array/port v0xba9e109dc910, 1277;
v0xba9e109dc910_1278 .array/port v0xba9e109dc910, 1278;
v0xba9e109dc910_1279 .array/port v0xba9e109dc910, 1279;
v0xba9e109dc910_1280 .array/port v0xba9e109dc910, 1280;
E_0xba9e109e1c10/321 .event anyedge, v0xba9e109dc910_1277, v0xba9e109dc910_1278, v0xba9e109dc910_1279, v0xba9e109dc910_1280;
v0xba9e109dc910_1281 .array/port v0xba9e109dc910, 1281;
v0xba9e109dc910_1282 .array/port v0xba9e109dc910, 1282;
v0xba9e109dc910_1283 .array/port v0xba9e109dc910, 1283;
v0xba9e109dc910_1284 .array/port v0xba9e109dc910, 1284;
E_0xba9e109e1c10/322 .event anyedge, v0xba9e109dc910_1281, v0xba9e109dc910_1282, v0xba9e109dc910_1283, v0xba9e109dc910_1284;
v0xba9e109dc910_1285 .array/port v0xba9e109dc910, 1285;
v0xba9e109dc910_1286 .array/port v0xba9e109dc910, 1286;
v0xba9e109dc910_1287 .array/port v0xba9e109dc910, 1287;
v0xba9e109dc910_1288 .array/port v0xba9e109dc910, 1288;
E_0xba9e109e1c10/323 .event anyedge, v0xba9e109dc910_1285, v0xba9e109dc910_1286, v0xba9e109dc910_1287, v0xba9e109dc910_1288;
v0xba9e109dc910_1289 .array/port v0xba9e109dc910, 1289;
v0xba9e109dc910_1290 .array/port v0xba9e109dc910, 1290;
v0xba9e109dc910_1291 .array/port v0xba9e109dc910, 1291;
v0xba9e109dc910_1292 .array/port v0xba9e109dc910, 1292;
E_0xba9e109e1c10/324 .event anyedge, v0xba9e109dc910_1289, v0xba9e109dc910_1290, v0xba9e109dc910_1291, v0xba9e109dc910_1292;
v0xba9e109dc910_1293 .array/port v0xba9e109dc910, 1293;
v0xba9e109dc910_1294 .array/port v0xba9e109dc910, 1294;
v0xba9e109dc910_1295 .array/port v0xba9e109dc910, 1295;
v0xba9e109dc910_1296 .array/port v0xba9e109dc910, 1296;
E_0xba9e109e1c10/325 .event anyedge, v0xba9e109dc910_1293, v0xba9e109dc910_1294, v0xba9e109dc910_1295, v0xba9e109dc910_1296;
v0xba9e109dc910_1297 .array/port v0xba9e109dc910, 1297;
v0xba9e109dc910_1298 .array/port v0xba9e109dc910, 1298;
v0xba9e109dc910_1299 .array/port v0xba9e109dc910, 1299;
v0xba9e109dc910_1300 .array/port v0xba9e109dc910, 1300;
E_0xba9e109e1c10/326 .event anyedge, v0xba9e109dc910_1297, v0xba9e109dc910_1298, v0xba9e109dc910_1299, v0xba9e109dc910_1300;
v0xba9e109dc910_1301 .array/port v0xba9e109dc910, 1301;
v0xba9e109dc910_1302 .array/port v0xba9e109dc910, 1302;
v0xba9e109dc910_1303 .array/port v0xba9e109dc910, 1303;
v0xba9e109dc910_1304 .array/port v0xba9e109dc910, 1304;
E_0xba9e109e1c10/327 .event anyedge, v0xba9e109dc910_1301, v0xba9e109dc910_1302, v0xba9e109dc910_1303, v0xba9e109dc910_1304;
v0xba9e109dc910_1305 .array/port v0xba9e109dc910, 1305;
v0xba9e109dc910_1306 .array/port v0xba9e109dc910, 1306;
v0xba9e109dc910_1307 .array/port v0xba9e109dc910, 1307;
v0xba9e109dc910_1308 .array/port v0xba9e109dc910, 1308;
E_0xba9e109e1c10/328 .event anyedge, v0xba9e109dc910_1305, v0xba9e109dc910_1306, v0xba9e109dc910_1307, v0xba9e109dc910_1308;
v0xba9e109dc910_1309 .array/port v0xba9e109dc910, 1309;
v0xba9e109dc910_1310 .array/port v0xba9e109dc910, 1310;
v0xba9e109dc910_1311 .array/port v0xba9e109dc910, 1311;
v0xba9e109dc910_1312 .array/port v0xba9e109dc910, 1312;
E_0xba9e109e1c10/329 .event anyedge, v0xba9e109dc910_1309, v0xba9e109dc910_1310, v0xba9e109dc910_1311, v0xba9e109dc910_1312;
v0xba9e109dc910_1313 .array/port v0xba9e109dc910, 1313;
v0xba9e109dc910_1314 .array/port v0xba9e109dc910, 1314;
v0xba9e109dc910_1315 .array/port v0xba9e109dc910, 1315;
v0xba9e109dc910_1316 .array/port v0xba9e109dc910, 1316;
E_0xba9e109e1c10/330 .event anyedge, v0xba9e109dc910_1313, v0xba9e109dc910_1314, v0xba9e109dc910_1315, v0xba9e109dc910_1316;
v0xba9e109dc910_1317 .array/port v0xba9e109dc910, 1317;
v0xba9e109dc910_1318 .array/port v0xba9e109dc910, 1318;
v0xba9e109dc910_1319 .array/port v0xba9e109dc910, 1319;
v0xba9e109dc910_1320 .array/port v0xba9e109dc910, 1320;
E_0xba9e109e1c10/331 .event anyedge, v0xba9e109dc910_1317, v0xba9e109dc910_1318, v0xba9e109dc910_1319, v0xba9e109dc910_1320;
v0xba9e109dc910_1321 .array/port v0xba9e109dc910, 1321;
v0xba9e109dc910_1322 .array/port v0xba9e109dc910, 1322;
v0xba9e109dc910_1323 .array/port v0xba9e109dc910, 1323;
v0xba9e109dc910_1324 .array/port v0xba9e109dc910, 1324;
E_0xba9e109e1c10/332 .event anyedge, v0xba9e109dc910_1321, v0xba9e109dc910_1322, v0xba9e109dc910_1323, v0xba9e109dc910_1324;
v0xba9e109dc910_1325 .array/port v0xba9e109dc910, 1325;
v0xba9e109dc910_1326 .array/port v0xba9e109dc910, 1326;
v0xba9e109dc910_1327 .array/port v0xba9e109dc910, 1327;
v0xba9e109dc910_1328 .array/port v0xba9e109dc910, 1328;
E_0xba9e109e1c10/333 .event anyedge, v0xba9e109dc910_1325, v0xba9e109dc910_1326, v0xba9e109dc910_1327, v0xba9e109dc910_1328;
v0xba9e109dc910_1329 .array/port v0xba9e109dc910, 1329;
v0xba9e109dc910_1330 .array/port v0xba9e109dc910, 1330;
v0xba9e109dc910_1331 .array/port v0xba9e109dc910, 1331;
v0xba9e109dc910_1332 .array/port v0xba9e109dc910, 1332;
E_0xba9e109e1c10/334 .event anyedge, v0xba9e109dc910_1329, v0xba9e109dc910_1330, v0xba9e109dc910_1331, v0xba9e109dc910_1332;
v0xba9e109dc910_1333 .array/port v0xba9e109dc910, 1333;
v0xba9e109dc910_1334 .array/port v0xba9e109dc910, 1334;
v0xba9e109dc910_1335 .array/port v0xba9e109dc910, 1335;
v0xba9e109dc910_1336 .array/port v0xba9e109dc910, 1336;
E_0xba9e109e1c10/335 .event anyedge, v0xba9e109dc910_1333, v0xba9e109dc910_1334, v0xba9e109dc910_1335, v0xba9e109dc910_1336;
v0xba9e109dc910_1337 .array/port v0xba9e109dc910, 1337;
v0xba9e109dc910_1338 .array/port v0xba9e109dc910, 1338;
v0xba9e109dc910_1339 .array/port v0xba9e109dc910, 1339;
v0xba9e109dc910_1340 .array/port v0xba9e109dc910, 1340;
E_0xba9e109e1c10/336 .event anyedge, v0xba9e109dc910_1337, v0xba9e109dc910_1338, v0xba9e109dc910_1339, v0xba9e109dc910_1340;
v0xba9e109dc910_1341 .array/port v0xba9e109dc910, 1341;
v0xba9e109dc910_1342 .array/port v0xba9e109dc910, 1342;
v0xba9e109dc910_1343 .array/port v0xba9e109dc910, 1343;
v0xba9e109dc910_1344 .array/port v0xba9e109dc910, 1344;
E_0xba9e109e1c10/337 .event anyedge, v0xba9e109dc910_1341, v0xba9e109dc910_1342, v0xba9e109dc910_1343, v0xba9e109dc910_1344;
v0xba9e109dc910_1345 .array/port v0xba9e109dc910, 1345;
v0xba9e109dc910_1346 .array/port v0xba9e109dc910, 1346;
v0xba9e109dc910_1347 .array/port v0xba9e109dc910, 1347;
v0xba9e109dc910_1348 .array/port v0xba9e109dc910, 1348;
E_0xba9e109e1c10/338 .event anyedge, v0xba9e109dc910_1345, v0xba9e109dc910_1346, v0xba9e109dc910_1347, v0xba9e109dc910_1348;
v0xba9e109dc910_1349 .array/port v0xba9e109dc910, 1349;
v0xba9e109dc910_1350 .array/port v0xba9e109dc910, 1350;
v0xba9e109dc910_1351 .array/port v0xba9e109dc910, 1351;
v0xba9e109dc910_1352 .array/port v0xba9e109dc910, 1352;
E_0xba9e109e1c10/339 .event anyedge, v0xba9e109dc910_1349, v0xba9e109dc910_1350, v0xba9e109dc910_1351, v0xba9e109dc910_1352;
v0xba9e109dc910_1353 .array/port v0xba9e109dc910, 1353;
v0xba9e109dc910_1354 .array/port v0xba9e109dc910, 1354;
v0xba9e109dc910_1355 .array/port v0xba9e109dc910, 1355;
v0xba9e109dc910_1356 .array/port v0xba9e109dc910, 1356;
E_0xba9e109e1c10/340 .event anyedge, v0xba9e109dc910_1353, v0xba9e109dc910_1354, v0xba9e109dc910_1355, v0xba9e109dc910_1356;
v0xba9e109dc910_1357 .array/port v0xba9e109dc910, 1357;
v0xba9e109dc910_1358 .array/port v0xba9e109dc910, 1358;
v0xba9e109dc910_1359 .array/port v0xba9e109dc910, 1359;
v0xba9e109dc910_1360 .array/port v0xba9e109dc910, 1360;
E_0xba9e109e1c10/341 .event anyedge, v0xba9e109dc910_1357, v0xba9e109dc910_1358, v0xba9e109dc910_1359, v0xba9e109dc910_1360;
v0xba9e109dc910_1361 .array/port v0xba9e109dc910, 1361;
v0xba9e109dc910_1362 .array/port v0xba9e109dc910, 1362;
v0xba9e109dc910_1363 .array/port v0xba9e109dc910, 1363;
v0xba9e109dc910_1364 .array/port v0xba9e109dc910, 1364;
E_0xba9e109e1c10/342 .event anyedge, v0xba9e109dc910_1361, v0xba9e109dc910_1362, v0xba9e109dc910_1363, v0xba9e109dc910_1364;
v0xba9e109dc910_1365 .array/port v0xba9e109dc910, 1365;
v0xba9e109dc910_1366 .array/port v0xba9e109dc910, 1366;
v0xba9e109dc910_1367 .array/port v0xba9e109dc910, 1367;
v0xba9e109dc910_1368 .array/port v0xba9e109dc910, 1368;
E_0xba9e109e1c10/343 .event anyedge, v0xba9e109dc910_1365, v0xba9e109dc910_1366, v0xba9e109dc910_1367, v0xba9e109dc910_1368;
v0xba9e109dc910_1369 .array/port v0xba9e109dc910, 1369;
v0xba9e109dc910_1370 .array/port v0xba9e109dc910, 1370;
v0xba9e109dc910_1371 .array/port v0xba9e109dc910, 1371;
v0xba9e109dc910_1372 .array/port v0xba9e109dc910, 1372;
E_0xba9e109e1c10/344 .event anyedge, v0xba9e109dc910_1369, v0xba9e109dc910_1370, v0xba9e109dc910_1371, v0xba9e109dc910_1372;
v0xba9e109dc910_1373 .array/port v0xba9e109dc910, 1373;
v0xba9e109dc910_1374 .array/port v0xba9e109dc910, 1374;
v0xba9e109dc910_1375 .array/port v0xba9e109dc910, 1375;
v0xba9e109dc910_1376 .array/port v0xba9e109dc910, 1376;
E_0xba9e109e1c10/345 .event anyedge, v0xba9e109dc910_1373, v0xba9e109dc910_1374, v0xba9e109dc910_1375, v0xba9e109dc910_1376;
v0xba9e109dc910_1377 .array/port v0xba9e109dc910, 1377;
v0xba9e109dc910_1378 .array/port v0xba9e109dc910, 1378;
v0xba9e109dc910_1379 .array/port v0xba9e109dc910, 1379;
v0xba9e109dc910_1380 .array/port v0xba9e109dc910, 1380;
E_0xba9e109e1c10/346 .event anyedge, v0xba9e109dc910_1377, v0xba9e109dc910_1378, v0xba9e109dc910_1379, v0xba9e109dc910_1380;
v0xba9e109dc910_1381 .array/port v0xba9e109dc910, 1381;
v0xba9e109dc910_1382 .array/port v0xba9e109dc910, 1382;
v0xba9e109dc910_1383 .array/port v0xba9e109dc910, 1383;
v0xba9e109dc910_1384 .array/port v0xba9e109dc910, 1384;
E_0xba9e109e1c10/347 .event anyedge, v0xba9e109dc910_1381, v0xba9e109dc910_1382, v0xba9e109dc910_1383, v0xba9e109dc910_1384;
v0xba9e109dc910_1385 .array/port v0xba9e109dc910, 1385;
v0xba9e109dc910_1386 .array/port v0xba9e109dc910, 1386;
v0xba9e109dc910_1387 .array/port v0xba9e109dc910, 1387;
v0xba9e109dc910_1388 .array/port v0xba9e109dc910, 1388;
E_0xba9e109e1c10/348 .event anyedge, v0xba9e109dc910_1385, v0xba9e109dc910_1386, v0xba9e109dc910_1387, v0xba9e109dc910_1388;
v0xba9e109dc910_1389 .array/port v0xba9e109dc910, 1389;
v0xba9e109dc910_1390 .array/port v0xba9e109dc910, 1390;
v0xba9e109dc910_1391 .array/port v0xba9e109dc910, 1391;
v0xba9e109dc910_1392 .array/port v0xba9e109dc910, 1392;
E_0xba9e109e1c10/349 .event anyedge, v0xba9e109dc910_1389, v0xba9e109dc910_1390, v0xba9e109dc910_1391, v0xba9e109dc910_1392;
v0xba9e109dc910_1393 .array/port v0xba9e109dc910, 1393;
v0xba9e109dc910_1394 .array/port v0xba9e109dc910, 1394;
v0xba9e109dc910_1395 .array/port v0xba9e109dc910, 1395;
v0xba9e109dc910_1396 .array/port v0xba9e109dc910, 1396;
E_0xba9e109e1c10/350 .event anyedge, v0xba9e109dc910_1393, v0xba9e109dc910_1394, v0xba9e109dc910_1395, v0xba9e109dc910_1396;
v0xba9e109dc910_1397 .array/port v0xba9e109dc910, 1397;
v0xba9e109dc910_1398 .array/port v0xba9e109dc910, 1398;
v0xba9e109dc910_1399 .array/port v0xba9e109dc910, 1399;
v0xba9e109dc910_1400 .array/port v0xba9e109dc910, 1400;
E_0xba9e109e1c10/351 .event anyedge, v0xba9e109dc910_1397, v0xba9e109dc910_1398, v0xba9e109dc910_1399, v0xba9e109dc910_1400;
v0xba9e109dc910_1401 .array/port v0xba9e109dc910, 1401;
v0xba9e109dc910_1402 .array/port v0xba9e109dc910, 1402;
v0xba9e109dc910_1403 .array/port v0xba9e109dc910, 1403;
v0xba9e109dc910_1404 .array/port v0xba9e109dc910, 1404;
E_0xba9e109e1c10/352 .event anyedge, v0xba9e109dc910_1401, v0xba9e109dc910_1402, v0xba9e109dc910_1403, v0xba9e109dc910_1404;
v0xba9e109dc910_1405 .array/port v0xba9e109dc910, 1405;
v0xba9e109dc910_1406 .array/port v0xba9e109dc910, 1406;
v0xba9e109dc910_1407 .array/port v0xba9e109dc910, 1407;
v0xba9e109dc910_1408 .array/port v0xba9e109dc910, 1408;
E_0xba9e109e1c10/353 .event anyedge, v0xba9e109dc910_1405, v0xba9e109dc910_1406, v0xba9e109dc910_1407, v0xba9e109dc910_1408;
v0xba9e109dc910_1409 .array/port v0xba9e109dc910, 1409;
v0xba9e109dc910_1410 .array/port v0xba9e109dc910, 1410;
v0xba9e109dc910_1411 .array/port v0xba9e109dc910, 1411;
v0xba9e109dc910_1412 .array/port v0xba9e109dc910, 1412;
E_0xba9e109e1c10/354 .event anyedge, v0xba9e109dc910_1409, v0xba9e109dc910_1410, v0xba9e109dc910_1411, v0xba9e109dc910_1412;
v0xba9e109dc910_1413 .array/port v0xba9e109dc910, 1413;
v0xba9e109dc910_1414 .array/port v0xba9e109dc910, 1414;
v0xba9e109dc910_1415 .array/port v0xba9e109dc910, 1415;
v0xba9e109dc910_1416 .array/port v0xba9e109dc910, 1416;
E_0xba9e109e1c10/355 .event anyedge, v0xba9e109dc910_1413, v0xba9e109dc910_1414, v0xba9e109dc910_1415, v0xba9e109dc910_1416;
v0xba9e109dc910_1417 .array/port v0xba9e109dc910, 1417;
v0xba9e109dc910_1418 .array/port v0xba9e109dc910, 1418;
v0xba9e109dc910_1419 .array/port v0xba9e109dc910, 1419;
v0xba9e109dc910_1420 .array/port v0xba9e109dc910, 1420;
E_0xba9e109e1c10/356 .event anyedge, v0xba9e109dc910_1417, v0xba9e109dc910_1418, v0xba9e109dc910_1419, v0xba9e109dc910_1420;
v0xba9e109dc910_1421 .array/port v0xba9e109dc910, 1421;
v0xba9e109dc910_1422 .array/port v0xba9e109dc910, 1422;
v0xba9e109dc910_1423 .array/port v0xba9e109dc910, 1423;
v0xba9e109dc910_1424 .array/port v0xba9e109dc910, 1424;
E_0xba9e109e1c10/357 .event anyedge, v0xba9e109dc910_1421, v0xba9e109dc910_1422, v0xba9e109dc910_1423, v0xba9e109dc910_1424;
v0xba9e109dc910_1425 .array/port v0xba9e109dc910, 1425;
v0xba9e109dc910_1426 .array/port v0xba9e109dc910, 1426;
v0xba9e109dc910_1427 .array/port v0xba9e109dc910, 1427;
v0xba9e109dc910_1428 .array/port v0xba9e109dc910, 1428;
E_0xba9e109e1c10/358 .event anyedge, v0xba9e109dc910_1425, v0xba9e109dc910_1426, v0xba9e109dc910_1427, v0xba9e109dc910_1428;
v0xba9e109dc910_1429 .array/port v0xba9e109dc910, 1429;
v0xba9e109dc910_1430 .array/port v0xba9e109dc910, 1430;
v0xba9e109dc910_1431 .array/port v0xba9e109dc910, 1431;
v0xba9e109dc910_1432 .array/port v0xba9e109dc910, 1432;
E_0xba9e109e1c10/359 .event anyedge, v0xba9e109dc910_1429, v0xba9e109dc910_1430, v0xba9e109dc910_1431, v0xba9e109dc910_1432;
v0xba9e109dc910_1433 .array/port v0xba9e109dc910, 1433;
v0xba9e109dc910_1434 .array/port v0xba9e109dc910, 1434;
v0xba9e109dc910_1435 .array/port v0xba9e109dc910, 1435;
v0xba9e109dc910_1436 .array/port v0xba9e109dc910, 1436;
E_0xba9e109e1c10/360 .event anyedge, v0xba9e109dc910_1433, v0xba9e109dc910_1434, v0xba9e109dc910_1435, v0xba9e109dc910_1436;
v0xba9e109dc910_1437 .array/port v0xba9e109dc910, 1437;
v0xba9e109dc910_1438 .array/port v0xba9e109dc910, 1438;
v0xba9e109dc910_1439 .array/port v0xba9e109dc910, 1439;
v0xba9e109dc910_1440 .array/port v0xba9e109dc910, 1440;
E_0xba9e109e1c10/361 .event anyedge, v0xba9e109dc910_1437, v0xba9e109dc910_1438, v0xba9e109dc910_1439, v0xba9e109dc910_1440;
v0xba9e109dc910_1441 .array/port v0xba9e109dc910, 1441;
v0xba9e109dc910_1442 .array/port v0xba9e109dc910, 1442;
v0xba9e109dc910_1443 .array/port v0xba9e109dc910, 1443;
v0xba9e109dc910_1444 .array/port v0xba9e109dc910, 1444;
E_0xba9e109e1c10/362 .event anyedge, v0xba9e109dc910_1441, v0xba9e109dc910_1442, v0xba9e109dc910_1443, v0xba9e109dc910_1444;
v0xba9e109dc910_1445 .array/port v0xba9e109dc910, 1445;
v0xba9e109dc910_1446 .array/port v0xba9e109dc910, 1446;
v0xba9e109dc910_1447 .array/port v0xba9e109dc910, 1447;
v0xba9e109dc910_1448 .array/port v0xba9e109dc910, 1448;
E_0xba9e109e1c10/363 .event anyedge, v0xba9e109dc910_1445, v0xba9e109dc910_1446, v0xba9e109dc910_1447, v0xba9e109dc910_1448;
v0xba9e109dc910_1449 .array/port v0xba9e109dc910, 1449;
v0xba9e109dc910_1450 .array/port v0xba9e109dc910, 1450;
v0xba9e109dc910_1451 .array/port v0xba9e109dc910, 1451;
v0xba9e109dc910_1452 .array/port v0xba9e109dc910, 1452;
E_0xba9e109e1c10/364 .event anyedge, v0xba9e109dc910_1449, v0xba9e109dc910_1450, v0xba9e109dc910_1451, v0xba9e109dc910_1452;
v0xba9e109dc910_1453 .array/port v0xba9e109dc910, 1453;
v0xba9e109dc910_1454 .array/port v0xba9e109dc910, 1454;
v0xba9e109dc910_1455 .array/port v0xba9e109dc910, 1455;
v0xba9e109dc910_1456 .array/port v0xba9e109dc910, 1456;
E_0xba9e109e1c10/365 .event anyedge, v0xba9e109dc910_1453, v0xba9e109dc910_1454, v0xba9e109dc910_1455, v0xba9e109dc910_1456;
v0xba9e109dc910_1457 .array/port v0xba9e109dc910, 1457;
v0xba9e109dc910_1458 .array/port v0xba9e109dc910, 1458;
v0xba9e109dc910_1459 .array/port v0xba9e109dc910, 1459;
v0xba9e109dc910_1460 .array/port v0xba9e109dc910, 1460;
E_0xba9e109e1c10/366 .event anyedge, v0xba9e109dc910_1457, v0xba9e109dc910_1458, v0xba9e109dc910_1459, v0xba9e109dc910_1460;
v0xba9e109dc910_1461 .array/port v0xba9e109dc910, 1461;
v0xba9e109dc910_1462 .array/port v0xba9e109dc910, 1462;
v0xba9e109dc910_1463 .array/port v0xba9e109dc910, 1463;
v0xba9e109dc910_1464 .array/port v0xba9e109dc910, 1464;
E_0xba9e109e1c10/367 .event anyedge, v0xba9e109dc910_1461, v0xba9e109dc910_1462, v0xba9e109dc910_1463, v0xba9e109dc910_1464;
v0xba9e109dc910_1465 .array/port v0xba9e109dc910, 1465;
v0xba9e109dc910_1466 .array/port v0xba9e109dc910, 1466;
v0xba9e109dc910_1467 .array/port v0xba9e109dc910, 1467;
v0xba9e109dc910_1468 .array/port v0xba9e109dc910, 1468;
E_0xba9e109e1c10/368 .event anyedge, v0xba9e109dc910_1465, v0xba9e109dc910_1466, v0xba9e109dc910_1467, v0xba9e109dc910_1468;
v0xba9e109dc910_1469 .array/port v0xba9e109dc910, 1469;
v0xba9e109dc910_1470 .array/port v0xba9e109dc910, 1470;
v0xba9e109dc910_1471 .array/port v0xba9e109dc910, 1471;
v0xba9e109dc910_1472 .array/port v0xba9e109dc910, 1472;
E_0xba9e109e1c10/369 .event anyedge, v0xba9e109dc910_1469, v0xba9e109dc910_1470, v0xba9e109dc910_1471, v0xba9e109dc910_1472;
v0xba9e109dc910_1473 .array/port v0xba9e109dc910, 1473;
v0xba9e109dc910_1474 .array/port v0xba9e109dc910, 1474;
v0xba9e109dc910_1475 .array/port v0xba9e109dc910, 1475;
v0xba9e109dc910_1476 .array/port v0xba9e109dc910, 1476;
E_0xba9e109e1c10/370 .event anyedge, v0xba9e109dc910_1473, v0xba9e109dc910_1474, v0xba9e109dc910_1475, v0xba9e109dc910_1476;
v0xba9e109dc910_1477 .array/port v0xba9e109dc910, 1477;
v0xba9e109dc910_1478 .array/port v0xba9e109dc910, 1478;
v0xba9e109dc910_1479 .array/port v0xba9e109dc910, 1479;
v0xba9e109dc910_1480 .array/port v0xba9e109dc910, 1480;
E_0xba9e109e1c10/371 .event anyedge, v0xba9e109dc910_1477, v0xba9e109dc910_1478, v0xba9e109dc910_1479, v0xba9e109dc910_1480;
v0xba9e109dc910_1481 .array/port v0xba9e109dc910, 1481;
v0xba9e109dc910_1482 .array/port v0xba9e109dc910, 1482;
v0xba9e109dc910_1483 .array/port v0xba9e109dc910, 1483;
v0xba9e109dc910_1484 .array/port v0xba9e109dc910, 1484;
E_0xba9e109e1c10/372 .event anyedge, v0xba9e109dc910_1481, v0xba9e109dc910_1482, v0xba9e109dc910_1483, v0xba9e109dc910_1484;
v0xba9e109dc910_1485 .array/port v0xba9e109dc910, 1485;
v0xba9e109dc910_1486 .array/port v0xba9e109dc910, 1486;
v0xba9e109dc910_1487 .array/port v0xba9e109dc910, 1487;
v0xba9e109dc910_1488 .array/port v0xba9e109dc910, 1488;
E_0xba9e109e1c10/373 .event anyedge, v0xba9e109dc910_1485, v0xba9e109dc910_1486, v0xba9e109dc910_1487, v0xba9e109dc910_1488;
v0xba9e109dc910_1489 .array/port v0xba9e109dc910, 1489;
v0xba9e109dc910_1490 .array/port v0xba9e109dc910, 1490;
v0xba9e109dc910_1491 .array/port v0xba9e109dc910, 1491;
v0xba9e109dc910_1492 .array/port v0xba9e109dc910, 1492;
E_0xba9e109e1c10/374 .event anyedge, v0xba9e109dc910_1489, v0xba9e109dc910_1490, v0xba9e109dc910_1491, v0xba9e109dc910_1492;
v0xba9e109dc910_1493 .array/port v0xba9e109dc910, 1493;
v0xba9e109dc910_1494 .array/port v0xba9e109dc910, 1494;
v0xba9e109dc910_1495 .array/port v0xba9e109dc910, 1495;
v0xba9e109dc910_1496 .array/port v0xba9e109dc910, 1496;
E_0xba9e109e1c10/375 .event anyedge, v0xba9e109dc910_1493, v0xba9e109dc910_1494, v0xba9e109dc910_1495, v0xba9e109dc910_1496;
v0xba9e109dc910_1497 .array/port v0xba9e109dc910, 1497;
v0xba9e109dc910_1498 .array/port v0xba9e109dc910, 1498;
v0xba9e109dc910_1499 .array/port v0xba9e109dc910, 1499;
v0xba9e109dc910_1500 .array/port v0xba9e109dc910, 1500;
E_0xba9e109e1c10/376 .event anyedge, v0xba9e109dc910_1497, v0xba9e109dc910_1498, v0xba9e109dc910_1499, v0xba9e109dc910_1500;
v0xba9e109dc910_1501 .array/port v0xba9e109dc910, 1501;
v0xba9e109dc910_1502 .array/port v0xba9e109dc910, 1502;
v0xba9e109dc910_1503 .array/port v0xba9e109dc910, 1503;
v0xba9e109dc910_1504 .array/port v0xba9e109dc910, 1504;
E_0xba9e109e1c10/377 .event anyedge, v0xba9e109dc910_1501, v0xba9e109dc910_1502, v0xba9e109dc910_1503, v0xba9e109dc910_1504;
v0xba9e109dc910_1505 .array/port v0xba9e109dc910, 1505;
v0xba9e109dc910_1506 .array/port v0xba9e109dc910, 1506;
v0xba9e109dc910_1507 .array/port v0xba9e109dc910, 1507;
v0xba9e109dc910_1508 .array/port v0xba9e109dc910, 1508;
E_0xba9e109e1c10/378 .event anyedge, v0xba9e109dc910_1505, v0xba9e109dc910_1506, v0xba9e109dc910_1507, v0xba9e109dc910_1508;
v0xba9e109dc910_1509 .array/port v0xba9e109dc910, 1509;
v0xba9e109dc910_1510 .array/port v0xba9e109dc910, 1510;
v0xba9e109dc910_1511 .array/port v0xba9e109dc910, 1511;
v0xba9e109dc910_1512 .array/port v0xba9e109dc910, 1512;
E_0xba9e109e1c10/379 .event anyedge, v0xba9e109dc910_1509, v0xba9e109dc910_1510, v0xba9e109dc910_1511, v0xba9e109dc910_1512;
v0xba9e109dc910_1513 .array/port v0xba9e109dc910, 1513;
v0xba9e109dc910_1514 .array/port v0xba9e109dc910, 1514;
v0xba9e109dc910_1515 .array/port v0xba9e109dc910, 1515;
v0xba9e109dc910_1516 .array/port v0xba9e109dc910, 1516;
E_0xba9e109e1c10/380 .event anyedge, v0xba9e109dc910_1513, v0xba9e109dc910_1514, v0xba9e109dc910_1515, v0xba9e109dc910_1516;
v0xba9e109dc910_1517 .array/port v0xba9e109dc910, 1517;
v0xba9e109dc910_1518 .array/port v0xba9e109dc910, 1518;
v0xba9e109dc910_1519 .array/port v0xba9e109dc910, 1519;
v0xba9e109dc910_1520 .array/port v0xba9e109dc910, 1520;
E_0xba9e109e1c10/381 .event anyedge, v0xba9e109dc910_1517, v0xba9e109dc910_1518, v0xba9e109dc910_1519, v0xba9e109dc910_1520;
v0xba9e109dc910_1521 .array/port v0xba9e109dc910, 1521;
v0xba9e109dc910_1522 .array/port v0xba9e109dc910, 1522;
v0xba9e109dc910_1523 .array/port v0xba9e109dc910, 1523;
v0xba9e109dc910_1524 .array/port v0xba9e109dc910, 1524;
E_0xba9e109e1c10/382 .event anyedge, v0xba9e109dc910_1521, v0xba9e109dc910_1522, v0xba9e109dc910_1523, v0xba9e109dc910_1524;
v0xba9e109dc910_1525 .array/port v0xba9e109dc910, 1525;
v0xba9e109dc910_1526 .array/port v0xba9e109dc910, 1526;
v0xba9e109dc910_1527 .array/port v0xba9e109dc910, 1527;
v0xba9e109dc910_1528 .array/port v0xba9e109dc910, 1528;
E_0xba9e109e1c10/383 .event anyedge, v0xba9e109dc910_1525, v0xba9e109dc910_1526, v0xba9e109dc910_1527, v0xba9e109dc910_1528;
v0xba9e109dc910_1529 .array/port v0xba9e109dc910, 1529;
v0xba9e109dc910_1530 .array/port v0xba9e109dc910, 1530;
v0xba9e109dc910_1531 .array/port v0xba9e109dc910, 1531;
v0xba9e109dc910_1532 .array/port v0xba9e109dc910, 1532;
E_0xba9e109e1c10/384 .event anyedge, v0xba9e109dc910_1529, v0xba9e109dc910_1530, v0xba9e109dc910_1531, v0xba9e109dc910_1532;
v0xba9e109dc910_1533 .array/port v0xba9e109dc910, 1533;
v0xba9e109dc910_1534 .array/port v0xba9e109dc910, 1534;
v0xba9e109dc910_1535 .array/port v0xba9e109dc910, 1535;
v0xba9e109dc910_1536 .array/port v0xba9e109dc910, 1536;
E_0xba9e109e1c10/385 .event anyedge, v0xba9e109dc910_1533, v0xba9e109dc910_1534, v0xba9e109dc910_1535, v0xba9e109dc910_1536;
v0xba9e109dc910_1537 .array/port v0xba9e109dc910, 1537;
v0xba9e109dc910_1538 .array/port v0xba9e109dc910, 1538;
v0xba9e109dc910_1539 .array/port v0xba9e109dc910, 1539;
v0xba9e109dc910_1540 .array/port v0xba9e109dc910, 1540;
E_0xba9e109e1c10/386 .event anyedge, v0xba9e109dc910_1537, v0xba9e109dc910_1538, v0xba9e109dc910_1539, v0xba9e109dc910_1540;
v0xba9e109dc910_1541 .array/port v0xba9e109dc910, 1541;
v0xba9e109dc910_1542 .array/port v0xba9e109dc910, 1542;
v0xba9e109dc910_1543 .array/port v0xba9e109dc910, 1543;
v0xba9e109dc910_1544 .array/port v0xba9e109dc910, 1544;
E_0xba9e109e1c10/387 .event anyedge, v0xba9e109dc910_1541, v0xba9e109dc910_1542, v0xba9e109dc910_1543, v0xba9e109dc910_1544;
v0xba9e109dc910_1545 .array/port v0xba9e109dc910, 1545;
v0xba9e109dc910_1546 .array/port v0xba9e109dc910, 1546;
v0xba9e109dc910_1547 .array/port v0xba9e109dc910, 1547;
v0xba9e109dc910_1548 .array/port v0xba9e109dc910, 1548;
E_0xba9e109e1c10/388 .event anyedge, v0xba9e109dc910_1545, v0xba9e109dc910_1546, v0xba9e109dc910_1547, v0xba9e109dc910_1548;
v0xba9e109dc910_1549 .array/port v0xba9e109dc910, 1549;
v0xba9e109dc910_1550 .array/port v0xba9e109dc910, 1550;
v0xba9e109dc910_1551 .array/port v0xba9e109dc910, 1551;
v0xba9e109dc910_1552 .array/port v0xba9e109dc910, 1552;
E_0xba9e109e1c10/389 .event anyedge, v0xba9e109dc910_1549, v0xba9e109dc910_1550, v0xba9e109dc910_1551, v0xba9e109dc910_1552;
v0xba9e109dc910_1553 .array/port v0xba9e109dc910, 1553;
v0xba9e109dc910_1554 .array/port v0xba9e109dc910, 1554;
v0xba9e109dc910_1555 .array/port v0xba9e109dc910, 1555;
v0xba9e109dc910_1556 .array/port v0xba9e109dc910, 1556;
E_0xba9e109e1c10/390 .event anyedge, v0xba9e109dc910_1553, v0xba9e109dc910_1554, v0xba9e109dc910_1555, v0xba9e109dc910_1556;
v0xba9e109dc910_1557 .array/port v0xba9e109dc910, 1557;
v0xba9e109dc910_1558 .array/port v0xba9e109dc910, 1558;
v0xba9e109dc910_1559 .array/port v0xba9e109dc910, 1559;
v0xba9e109dc910_1560 .array/port v0xba9e109dc910, 1560;
E_0xba9e109e1c10/391 .event anyedge, v0xba9e109dc910_1557, v0xba9e109dc910_1558, v0xba9e109dc910_1559, v0xba9e109dc910_1560;
v0xba9e109dc910_1561 .array/port v0xba9e109dc910, 1561;
v0xba9e109dc910_1562 .array/port v0xba9e109dc910, 1562;
v0xba9e109dc910_1563 .array/port v0xba9e109dc910, 1563;
v0xba9e109dc910_1564 .array/port v0xba9e109dc910, 1564;
E_0xba9e109e1c10/392 .event anyedge, v0xba9e109dc910_1561, v0xba9e109dc910_1562, v0xba9e109dc910_1563, v0xba9e109dc910_1564;
v0xba9e109dc910_1565 .array/port v0xba9e109dc910, 1565;
v0xba9e109dc910_1566 .array/port v0xba9e109dc910, 1566;
v0xba9e109dc910_1567 .array/port v0xba9e109dc910, 1567;
v0xba9e109dc910_1568 .array/port v0xba9e109dc910, 1568;
E_0xba9e109e1c10/393 .event anyedge, v0xba9e109dc910_1565, v0xba9e109dc910_1566, v0xba9e109dc910_1567, v0xba9e109dc910_1568;
v0xba9e109dc910_1569 .array/port v0xba9e109dc910, 1569;
v0xba9e109dc910_1570 .array/port v0xba9e109dc910, 1570;
v0xba9e109dc910_1571 .array/port v0xba9e109dc910, 1571;
v0xba9e109dc910_1572 .array/port v0xba9e109dc910, 1572;
E_0xba9e109e1c10/394 .event anyedge, v0xba9e109dc910_1569, v0xba9e109dc910_1570, v0xba9e109dc910_1571, v0xba9e109dc910_1572;
v0xba9e109dc910_1573 .array/port v0xba9e109dc910, 1573;
v0xba9e109dc910_1574 .array/port v0xba9e109dc910, 1574;
v0xba9e109dc910_1575 .array/port v0xba9e109dc910, 1575;
v0xba9e109dc910_1576 .array/port v0xba9e109dc910, 1576;
E_0xba9e109e1c10/395 .event anyedge, v0xba9e109dc910_1573, v0xba9e109dc910_1574, v0xba9e109dc910_1575, v0xba9e109dc910_1576;
v0xba9e109dc910_1577 .array/port v0xba9e109dc910, 1577;
v0xba9e109dc910_1578 .array/port v0xba9e109dc910, 1578;
v0xba9e109dc910_1579 .array/port v0xba9e109dc910, 1579;
v0xba9e109dc910_1580 .array/port v0xba9e109dc910, 1580;
E_0xba9e109e1c10/396 .event anyedge, v0xba9e109dc910_1577, v0xba9e109dc910_1578, v0xba9e109dc910_1579, v0xba9e109dc910_1580;
v0xba9e109dc910_1581 .array/port v0xba9e109dc910, 1581;
v0xba9e109dc910_1582 .array/port v0xba9e109dc910, 1582;
v0xba9e109dc910_1583 .array/port v0xba9e109dc910, 1583;
v0xba9e109dc910_1584 .array/port v0xba9e109dc910, 1584;
E_0xba9e109e1c10/397 .event anyedge, v0xba9e109dc910_1581, v0xba9e109dc910_1582, v0xba9e109dc910_1583, v0xba9e109dc910_1584;
v0xba9e109dc910_1585 .array/port v0xba9e109dc910, 1585;
v0xba9e109dc910_1586 .array/port v0xba9e109dc910, 1586;
v0xba9e109dc910_1587 .array/port v0xba9e109dc910, 1587;
v0xba9e109dc910_1588 .array/port v0xba9e109dc910, 1588;
E_0xba9e109e1c10/398 .event anyedge, v0xba9e109dc910_1585, v0xba9e109dc910_1586, v0xba9e109dc910_1587, v0xba9e109dc910_1588;
v0xba9e109dc910_1589 .array/port v0xba9e109dc910, 1589;
v0xba9e109dc910_1590 .array/port v0xba9e109dc910, 1590;
v0xba9e109dc910_1591 .array/port v0xba9e109dc910, 1591;
v0xba9e109dc910_1592 .array/port v0xba9e109dc910, 1592;
E_0xba9e109e1c10/399 .event anyedge, v0xba9e109dc910_1589, v0xba9e109dc910_1590, v0xba9e109dc910_1591, v0xba9e109dc910_1592;
v0xba9e109dc910_1593 .array/port v0xba9e109dc910, 1593;
v0xba9e109dc910_1594 .array/port v0xba9e109dc910, 1594;
v0xba9e109dc910_1595 .array/port v0xba9e109dc910, 1595;
v0xba9e109dc910_1596 .array/port v0xba9e109dc910, 1596;
E_0xba9e109e1c10/400 .event anyedge, v0xba9e109dc910_1593, v0xba9e109dc910_1594, v0xba9e109dc910_1595, v0xba9e109dc910_1596;
v0xba9e109dc910_1597 .array/port v0xba9e109dc910, 1597;
v0xba9e109dc910_1598 .array/port v0xba9e109dc910, 1598;
v0xba9e109dc910_1599 .array/port v0xba9e109dc910, 1599;
v0xba9e109dc910_1600 .array/port v0xba9e109dc910, 1600;
E_0xba9e109e1c10/401 .event anyedge, v0xba9e109dc910_1597, v0xba9e109dc910_1598, v0xba9e109dc910_1599, v0xba9e109dc910_1600;
v0xba9e109dc910_1601 .array/port v0xba9e109dc910, 1601;
v0xba9e109dc910_1602 .array/port v0xba9e109dc910, 1602;
v0xba9e109dc910_1603 .array/port v0xba9e109dc910, 1603;
v0xba9e109dc910_1604 .array/port v0xba9e109dc910, 1604;
E_0xba9e109e1c10/402 .event anyedge, v0xba9e109dc910_1601, v0xba9e109dc910_1602, v0xba9e109dc910_1603, v0xba9e109dc910_1604;
v0xba9e109dc910_1605 .array/port v0xba9e109dc910, 1605;
v0xba9e109dc910_1606 .array/port v0xba9e109dc910, 1606;
v0xba9e109dc910_1607 .array/port v0xba9e109dc910, 1607;
v0xba9e109dc910_1608 .array/port v0xba9e109dc910, 1608;
E_0xba9e109e1c10/403 .event anyedge, v0xba9e109dc910_1605, v0xba9e109dc910_1606, v0xba9e109dc910_1607, v0xba9e109dc910_1608;
v0xba9e109dc910_1609 .array/port v0xba9e109dc910, 1609;
v0xba9e109dc910_1610 .array/port v0xba9e109dc910, 1610;
v0xba9e109dc910_1611 .array/port v0xba9e109dc910, 1611;
v0xba9e109dc910_1612 .array/port v0xba9e109dc910, 1612;
E_0xba9e109e1c10/404 .event anyedge, v0xba9e109dc910_1609, v0xba9e109dc910_1610, v0xba9e109dc910_1611, v0xba9e109dc910_1612;
v0xba9e109dc910_1613 .array/port v0xba9e109dc910, 1613;
v0xba9e109dc910_1614 .array/port v0xba9e109dc910, 1614;
v0xba9e109dc910_1615 .array/port v0xba9e109dc910, 1615;
v0xba9e109dc910_1616 .array/port v0xba9e109dc910, 1616;
E_0xba9e109e1c10/405 .event anyedge, v0xba9e109dc910_1613, v0xba9e109dc910_1614, v0xba9e109dc910_1615, v0xba9e109dc910_1616;
v0xba9e109dc910_1617 .array/port v0xba9e109dc910, 1617;
v0xba9e109dc910_1618 .array/port v0xba9e109dc910, 1618;
v0xba9e109dc910_1619 .array/port v0xba9e109dc910, 1619;
v0xba9e109dc910_1620 .array/port v0xba9e109dc910, 1620;
E_0xba9e109e1c10/406 .event anyedge, v0xba9e109dc910_1617, v0xba9e109dc910_1618, v0xba9e109dc910_1619, v0xba9e109dc910_1620;
v0xba9e109dc910_1621 .array/port v0xba9e109dc910, 1621;
v0xba9e109dc910_1622 .array/port v0xba9e109dc910, 1622;
v0xba9e109dc910_1623 .array/port v0xba9e109dc910, 1623;
v0xba9e109dc910_1624 .array/port v0xba9e109dc910, 1624;
E_0xba9e109e1c10/407 .event anyedge, v0xba9e109dc910_1621, v0xba9e109dc910_1622, v0xba9e109dc910_1623, v0xba9e109dc910_1624;
v0xba9e109dc910_1625 .array/port v0xba9e109dc910, 1625;
v0xba9e109dc910_1626 .array/port v0xba9e109dc910, 1626;
v0xba9e109dc910_1627 .array/port v0xba9e109dc910, 1627;
v0xba9e109dc910_1628 .array/port v0xba9e109dc910, 1628;
E_0xba9e109e1c10/408 .event anyedge, v0xba9e109dc910_1625, v0xba9e109dc910_1626, v0xba9e109dc910_1627, v0xba9e109dc910_1628;
v0xba9e109dc910_1629 .array/port v0xba9e109dc910, 1629;
v0xba9e109dc910_1630 .array/port v0xba9e109dc910, 1630;
v0xba9e109dc910_1631 .array/port v0xba9e109dc910, 1631;
v0xba9e109dc910_1632 .array/port v0xba9e109dc910, 1632;
E_0xba9e109e1c10/409 .event anyedge, v0xba9e109dc910_1629, v0xba9e109dc910_1630, v0xba9e109dc910_1631, v0xba9e109dc910_1632;
v0xba9e109dc910_1633 .array/port v0xba9e109dc910, 1633;
v0xba9e109dc910_1634 .array/port v0xba9e109dc910, 1634;
v0xba9e109dc910_1635 .array/port v0xba9e109dc910, 1635;
v0xba9e109dc910_1636 .array/port v0xba9e109dc910, 1636;
E_0xba9e109e1c10/410 .event anyedge, v0xba9e109dc910_1633, v0xba9e109dc910_1634, v0xba9e109dc910_1635, v0xba9e109dc910_1636;
v0xba9e109dc910_1637 .array/port v0xba9e109dc910, 1637;
v0xba9e109dc910_1638 .array/port v0xba9e109dc910, 1638;
v0xba9e109dc910_1639 .array/port v0xba9e109dc910, 1639;
v0xba9e109dc910_1640 .array/port v0xba9e109dc910, 1640;
E_0xba9e109e1c10/411 .event anyedge, v0xba9e109dc910_1637, v0xba9e109dc910_1638, v0xba9e109dc910_1639, v0xba9e109dc910_1640;
v0xba9e109dc910_1641 .array/port v0xba9e109dc910, 1641;
v0xba9e109dc910_1642 .array/port v0xba9e109dc910, 1642;
v0xba9e109dc910_1643 .array/port v0xba9e109dc910, 1643;
v0xba9e109dc910_1644 .array/port v0xba9e109dc910, 1644;
E_0xba9e109e1c10/412 .event anyedge, v0xba9e109dc910_1641, v0xba9e109dc910_1642, v0xba9e109dc910_1643, v0xba9e109dc910_1644;
v0xba9e109dc910_1645 .array/port v0xba9e109dc910, 1645;
v0xba9e109dc910_1646 .array/port v0xba9e109dc910, 1646;
v0xba9e109dc910_1647 .array/port v0xba9e109dc910, 1647;
v0xba9e109dc910_1648 .array/port v0xba9e109dc910, 1648;
E_0xba9e109e1c10/413 .event anyedge, v0xba9e109dc910_1645, v0xba9e109dc910_1646, v0xba9e109dc910_1647, v0xba9e109dc910_1648;
v0xba9e109dc910_1649 .array/port v0xba9e109dc910, 1649;
v0xba9e109dc910_1650 .array/port v0xba9e109dc910, 1650;
v0xba9e109dc910_1651 .array/port v0xba9e109dc910, 1651;
v0xba9e109dc910_1652 .array/port v0xba9e109dc910, 1652;
E_0xba9e109e1c10/414 .event anyedge, v0xba9e109dc910_1649, v0xba9e109dc910_1650, v0xba9e109dc910_1651, v0xba9e109dc910_1652;
v0xba9e109dc910_1653 .array/port v0xba9e109dc910, 1653;
v0xba9e109dc910_1654 .array/port v0xba9e109dc910, 1654;
v0xba9e109dc910_1655 .array/port v0xba9e109dc910, 1655;
v0xba9e109dc910_1656 .array/port v0xba9e109dc910, 1656;
E_0xba9e109e1c10/415 .event anyedge, v0xba9e109dc910_1653, v0xba9e109dc910_1654, v0xba9e109dc910_1655, v0xba9e109dc910_1656;
v0xba9e109dc910_1657 .array/port v0xba9e109dc910, 1657;
v0xba9e109dc910_1658 .array/port v0xba9e109dc910, 1658;
v0xba9e109dc910_1659 .array/port v0xba9e109dc910, 1659;
v0xba9e109dc910_1660 .array/port v0xba9e109dc910, 1660;
E_0xba9e109e1c10/416 .event anyedge, v0xba9e109dc910_1657, v0xba9e109dc910_1658, v0xba9e109dc910_1659, v0xba9e109dc910_1660;
v0xba9e109dc910_1661 .array/port v0xba9e109dc910, 1661;
v0xba9e109dc910_1662 .array/port v0xba9e109dc910, 1662;
v0xba9e109dc910_1663 .array/port v0xba9e109dc910, 1663;
v0xba9e109dc910_1664 .array/port v0xba9e109dc910, 1664;
E_0xba9e109e1c10/417 .event anyedge, v0xba9e109dc910_1661, v0xba9e109dc910_1662, v0xba9e109dc910_1663, v0xba9e109dc910_1664;
v0xba9e109dc910_1665 .array/port v0xba9e109dc910, 1665;
v0xba9e109dc910_1666 .array/port v0xba9e109dc910, 1666;
v0xba9e109dc910_1667 .array/port v0xba9e109dc910, 1667;
v0xba9e109dc910_1668 .array/port v0xba9e109dc910, 1668;
E_0xba9e109e1c10/418 .event anyedge, v0xba9e109dc910_1665, v0xba9e109dc910_1666, v0xba9e109dc910_1667, v0xba9e109dc910_1668;
v0xba9e109dc910_1669 .array/port v0xba9e109dc910, 1669;
v0xba9e109dc910_1670 .array/port v0xba9e109dc910, 1670;
v0xba9e109dc910_1671 .array/port v0xba9e109dc910, 1671;
v0xba9e109dc910_1672 .array/port v0xba9e109dc910, 1672;
E_0xba9e109e1c10/419 .event anyedge, v0xba9e109dc910_1669, v0xba9e109dc910_1670, v0xba9e109dc910_1671, v0xba9e109dc910_1672;
v0xba9e109dc910_1673 .array/port v0xba9e109dc910, 1673;
v0xba9e109dc910_1674 .array/port v0xba9e109dc910, 1674;
v0xba9e109dc910_1675 .array/port v0xba9e109dc910, 1675;
v0xba9e109dc910_1676 .array/port v0xba9e109dc910, 1676;
E_0xba9e109e1c10/420 .event anyedge, v0xba9e109dc910_1673, v0xba9e109dc910_1674, v0xba9e109dc910_1675, v0xba9e109dc910_1676;
v0xba9e109dc910_1677 .array/port v0xba9e109dc910, 1677;
v0xba9e109dc910_1678 .array/port v0xba9e109dc910, 1678;
v0xba9e109dc910_1679 .array/port v0xba9e109dc910, 1679;
v0xba9e109dc910_1680 .array/port v0xba9e109dc910, 1680;
E_0xba9e109e1c10/421 .event anyedge, v0xba9e109dc910_1677, v0xba9e109dc910_1678, v0xba9e109dc910_1679, v0xba9e109dc910_1680;
v0xba9e109dc910_1681 .array/port v0xba9e109dc910, 1681;
v0xba9e109dc910_1682 .array/port v0xba9e109dc910, 1682;
v0xba9e109dc910_1683 .array/port v0xba9e109dc910, 1683;
v0xba9e109dc910_1684 .array/port v0xba9e109dc910, 1684;
E_0xba9e109e1c10/422 .event anyedge, v0xba9e109dc910_1681, v0xba9e109dc910_1682, v0xba9e109dc910_1683, v0xba9e109dc910_1684;
v0xba9e109dc910_1685 .array/port v0xba9e109dc910, 1685;
v0xba9e109dc910_1686 .array/port v0xba9e109dc910, 1686;
v0xba9e109dc910_1687 .array/port v0xba9e109dc910, 1687;
v0xba9e109dc910_1688 .array/port v0xba9e109dc910, 1688;
E_0xba9e109e1c10/423 .event anyedge, v0xba9e109dc910_1685, v0xba9e109dc910_1686, v0xba9e109dc910_1687, v0xba9e109dc910_1688;
v0xba9e109dc910_1689 .array/port v0xba9e109dc910, 1689;
v0xba9e109dc910_1690 .array/port v0xba9e109dc910, 1690;
v0xba9e109dc910_1691 .array/port v0xba9e109dc910, 1691;
v0xba9e109dc910_1692 .array/port v0xba9e109dc910, 1692;
E_0xba9e109e1c10/424 .event anyedge, v0xba9e109dc910_1689, v0xba9e109dc910_1690, v0xba9e109dc910_1691, v0xba9e109dc910_1692;
v0xba9e109dc910_1693 .array/port v0xba9e109dc910, 1693;
v0xba9e109dc910_1694 .array/port v0xba9e109dc910, 1694;
v0xba9e109dc910_1695 .array/port v0xba9e109dc910, 1695;
v0xba9e109dc910_1696 .array/port v0xba9e109dc910, 1696;
E_0xba9e109e1c10/425 .event anyedge, v0xba9e109dc910_1693, v0xba9e109dc910_1694, v0xba9e109dc910_1695, v0xba9e109dc910_1696;
v0xba9e109dc910_1697 .array/port v0xba9e109dc910, 1697;
v0xba9e109dc910_1698 .array/port v0xba9e109dc910, 1698;
v0xba9e109dc910_1699 .array/port v0xba9e109dc910, 1699;
v0xba9e109dc910_1700 .array/port v0xba9e109dc910, 1700;
E_0xba9e109e1c10/426 .event anyedge, v0xba9e109dc910_1697, v0xba9e109dc910_1698, v0xba9e109dc910_1699, v0xba9e109dc910_1700;
v0xba9e109dc910_1701 .array/port v0xba9e109dc910, 1701;
v0xba9e109dc910_1702 .array/port v0xba9e109dc910, 1702;
v0xba9e109dc910_1703 .array/port v0xba9e109dc910, 1703;
v0xba9e109dc910_1704 .array/port v0xba9e109dc910, 1704;
E_0xba9e109e1c10/427 .event anyedge, v0xba9e109dc910_1701, v0xba9e109dc910_1702, v0xba9e109dc910_1703, v0xba9e109dc910_1704;
v0xba9e109dc910_1705 .array/port v0xba9e109dc910, 1705;
v0xba9e109dc910_1706 .array/port v0xba9e109dc910, 1706;
v0xba9e109dc910_1707 .array/port v0xba9e109dc910, 1707;
v0xba9e109dc910_1708 .array/port v0xba9e109dc910, 1708;
E_0xba9e109e1c10/428 .event anyedge, v0xba9e109dc910_1705, v0xba9e109dc910_1706, v0xba9e109dc910_1707, v0xba9e109dc910_1708;
v0xba9e109dc910_1709 .array/port v0xba9e109dc910, 1709;
v0xba9e109dc910_1710 .array/port v0xba9e109dc910, 1710;
v0xba9e109dc910_1711 .array/port v0xba9e109dc910, 1711;
v0xba9e109dc910_1712 .array/port v0xba9e109dc910, 1712;
E_0xba9e109e1c10/429 .event anyedge, v0xba9e109dc910_1709, v0xba9e109dc910_1710, v0xba9e109dc910_1711, v0xba9e109dc910_1712;
v0xba9e109dc910_1713 .array/port v0xba9e109dc910, 1713;
v0xba9e109dc910_1714 .array/port v0xba9e109dc910, 1714;
v0xba9e109dc910_1715 .array/port v0xba9e109dc910, 1715;
v0xba9e109dc910_1716 .array/port v0xba9e109dc910, 1716;
E_0xba9e109e1c10/430 .event anyedge, v0xba9e109dc910_1713, v0xba9e109dc910_1714, v0xba9e109dc910_1715, v0xba9e109dc910_1716;
v0xba9e109dc910_1717 .array/port v0xba9e109dc910, 1717;
v0xba9e109dc910_1718 .array/port v0xba9e109dc910, 1718;
v0xba9e109dc910_1719 .array/port v0xba9e109dc910, 1719;
v0xba9e109dc910_1720 .array/port v0xba9e109dc910, 1720;
E_0xba9e109e1c10/431 .event anyedge, v0xba9e109dc910_1717, v0xba9e109dc910_1718, v0xba9e109dc910_1719, v0xba9e109dc910_1720;
v0xba9e109dc910_1721 .array/port v0xba9e109dc910, 1721;
v0xba9e109dc910_1722 .array/port v0xba9e109dc910, 1722;
v0xba9e109dc910_1723 .array/port v0xba9e109dc910, 1723;
v0xba9e109dc910_1724 .array/port v0xba9e109dc910, 1724;
E_0xba9e109e1c10/432 .event anyedge, v0xba9e109dc910_1721, v0xba9e109dc910_1722, v0xba9e109dc910_1723, v0xba9e109dc910_1724;
v0xba9e109dc910_1725 .array/port v0xba9e109dc910, 1725;
v0xba9e109dc910_1726 .array/port v0xba9e109dc910, 1726;
v0xba9e109dc910_1727 .array/port v0xba9e109dc910, 1727;
v0xba9e109dc910_1728 .array/port v0xba9e109dc910, 1728;
E_0xba9e109e1c10/433 .event anyedge, v0xba9e109dc910_1725, v0xba9e109dc910_1726, v0xba9e109dc910_1727, v0xba9e109dc910_1728;
v0xba9e109dc910_1729 .array/port v0xba9e109dc910, 1729;
v0xba9e109dc910_1730 .array/port v0xba9e109dc910, 1730;
v0xba9e109dc910_1731 .array/port v0xba9e109dc910, 1731;
v0xba9e109dc910_1732 .array/port v0xba9e109dc910, 1732;
E_0xba9e109e1c10/434 .event anyedge, v0xba9e109dc910_1729, v0xba9e109dc910_1730, v0xba9e109dc910_1731, v0xba9e109dc910_1732;
v0xba9e109dc910_1733 .array/port v0xba9e109dc910, 1733;
v0xba9e109dc910_1734 .array/port v0xba9e109dc910, 1734;
v0xba9e109dc910_1735 .array/port v0xba9e109dc910, 1735;
v0xba9e109dc910_1736 .array/port v0xba9e109dc910, 1736;
E_0xba9e109e1c10/435 .event anyedge, v0xba9e109dc910_1733, v0xba9e109dc910_1734, v0xba9e109dc910_1735, v0xba9e109dc910_1736;
v0xba9e109dc910_1737 .array/port v0xba9e109dc910, 1737;
v0xba9e109dc910_1738 .array/port v0xba9e109dc910, 1738;
v0xba9e109dc910_1739 .array/port v0xba9e109dc910, 1739;
v0xba9e109dc910_1740 .array/port v0xba9e109dc910, 1740;
E_0xba9e109e1c10/436 .event anyedge, v0xba9e109dc910_1737, v0xba9e109dc910_1738, v0xba9e109dc910_1739, v0xba9e109dc910_1740;
v0xba9e109dc910_1741 .array/port v0xba9e109dc910, 1741;
v0xba9e109dc910_1742 .array/port v0xba9e109dc910, 1742;
v0xba9e109dc910_1743 .array/port v0xba9e109dc910, 1743;
v0xba9e109dc910_1744 .array/port v0xba9e109dc910, 1744;
E_0xba9e109e1c10/437 .event anyedge, v0xba9e109dc910_1741, v0xba9e109dc910_1742, v0xba9e109dc910_1743, v0xba9e109dc910_1744;
v0xba9e109dc910_1745 .array/port v0xba9e109dc910, 1745;
v0xba9e109dc910_1746 .array/port v0xba9e109dc910, 1746;
v0xba9e109dc910_1747 .array/port v0xba9e109dc910, 1747;
v0xba9e109dc910_1748 .array/port v0xba9e109dc910, 1748;
E_0xba9e109e1c10/438 .event anyedge, v0xba9e109dc910_1745, v0xba9e109dc910_1746, v0xba9e109dc910_1747, v0xba9e109dc910_1748;
v0xba9e109dc910_1749 .array/port v0xba9e109dc910, 1749;
v0xba9e109dc910_1750 .array/port v0xba9e109dc910, 1750;
v0xba9e109dc910_1751 .array/port v0xba9e109dc910, 1751;
v0xba9e109dc910_1752 .array/port v0xba9e109dc910, 1752;
E_0xba9e109e1c10/439 .event anyedge, v0xba9e109dc910_1749, v0xba9e109dc910_1750, v0xba9e109dc910_1751, v0xba9e109dc910_1752;
v0xba9e109dc910_1753 .array/port v0xba9e109dc910, 1753;
v0xba9e109dc910_1754 .array/port v0xba9e109dc910, 1754;
v0xba9e109dc910_1755 .array/port v0xba9e109dc910, 1755;
v0xba9e109dc910_1756 .array/port v0xba9e109dc910, 1756;
E_0xba9e109e1c10/440 .event anyedge, v0xba9e109dc910_1753, v0xba9e109dc910_1754, v0xba9e109dc910_1755, v0xba9e109dc910_1756;
v0xba9e109dc910_1757 .array/port v0xba9e109dc910, 1757;
v0xba9e109dc910_1758 .array/port v0xba9e109dc910, 1758;
v0xba9e109dc910_1759 .array/port v0xba9e109dc910, 1759;
v0xba9e109dc910_1760 .array/port v0xba9e109dc910, 1760;
E_0xba9e109e1c10/441 .event anyedge, v0xba9e109dc910_1757, v0xba9e109dc910_1758, v0xba9e109dc910_1759, v0xba9e109dc910_1760;
v0xba9e109dc910_1761 .array/port v0xba9e109dc910, 1761;
v0xba9e109dc910_1762 .array/port v0xba9e109dc910, 1762;
v0xba9e109dc910_1763 .array/port v0xba9e109dc910, 1763;
v0xba9e109dc910_1764 .array/port v0xba9e109dc910, 1764;
E_0xba9e109e1c10/442 .event anyedge, v0xba9e109dc910_1761, v0xba9e109dc910_1762, v0xba9e109dc910_1763, v0xba9e109dc910_1764;
v0xba9e109dc910_1765 .array/port v0xba9e109dc910, 1765;
v0xba9e109dc910_1766 .array/port v0xba9e109dc910, 1766;
v0xba9e109dc910_1767 .array/port v0xba9e109dc910, 1767;
v0xba9e109dc910_1768 .array/port v0xba9e109dc910, 1768;
E_0xba9e109e1c10/443 .event anyedge, v0xba9e109dc910_1765, v0xba9e109dc910_1766, v0xba9e109dc910_1767, v0xba9e109dc910_1768;
v0xba9e109dc910_1769 .array/port v0xba9e109dc910, 1769;
v0xba9e109dc910_1770 .array/port v0xba9e109dc910, 1770;
v0xba9e109dc910_1771 .array/port v0xba9e109dc910, 1771;
v0xba9e109dc910_1772 .array/port v0xba9e109dc910, 1772;
E_0xba9e109e1c10/444 .event anyedge, v0xba9e109dc910_1769, v0xba9e109dc910_1770, v0xba9e109dc910_1771, v0xba9e109dc910_1772;
v0xba9e109dc910_1773 .array/port v0xba9e109dc910, 1773;
v0xba9e109dc910_1774 .array/port v0xba9e109dc910, 1774;
v0xba9e109dc910_1775 .array/port v0xba9e109dc910, 1775;
v0xba9e109dc910_1776 .array/port v0xba9e109dc910, 1776;
E_0xba9e109e1c10/445 .event anyedge, v0xba9e109dc910_1773, v0xba9e109dc910_1774, v0xba9e109dc910_1775, v0xba9e109dc910_1776;
v0xba9e109dc910_1777 .array/port v0xba9e109dc910, 1777;
v0xba9e109dc910_1778 .array/port v0xba9e109dc910, 1778;
v0xba9e109dc910_1779 .array/port v0xba9e109dc910, 1779;
v0xba9e109dc910_1780 .array/port v0xba9e109dc910, 1780;
E_0xba9e109e1c10/446 .event anyedge, v0xba9e109dc910_1777, v0xba9e109dc910_1778, v0xba9e109dc910_1779, v0xba9e109dc910_1780;
v0xba9e109dc910_1781 .array/port v0xba9e109dc910, 1781;
v0xba9e109dc910_1782 .array/port v0xba9e109dc910, 1782;
v0xba9e109dc910_1783 .array/port v0xba9e109dc910, 1783;
v0xba9e109dc910_1784 .array/port v0xba9e109dc910, 1784;
E_0xba9e109e1c10/447 .event anyedge, v0xba9e109dc910_1781, v0xba9e109dc910_1782, v0xba9e109dc910_1783, v0xba9e109dc910_1784;
v0xba9e109dc910_1785 .array/port v0xba9e109dc910, 1785;
v0xba9e109dc910_1786 .array/port v0xba9e109dc910, 1786;
v0xba9e109dc910_1787 .array/port v0xba9e109dc910, 1787;
v0xba9e109dc910_1788 .array/port v0xba9e109dc910, 1788;
E_0xba9e109e1c10/448 .event anyedge, v0xba9e109dc910_1785, v0xba9e109dc910_1786, v0xba9e109dc910_1787, v0xba9e109dc910_1788;
v0xba9e109dc910_1789 .array/port v0xba9e109dc910, 1789;
v0xba9e109dc910_1790 .array/port v0xba9e109dc910, 1790;
v0xba9e109dc910_1791 .array/port v0xba9e109dc910, 1791;
v0xba9e109dc910_1792 .array/port v0xba9e109dc910, 1792;
E_0xba9e109e1c10/449 .event anyedge, v0xba9e109dc910_1789, v0xba9e109dc910_1790, v0xba9e109dc910_1791, v0xba9e109dc910_1792;
v0xba9e109dc910_1793 .array/port v0xba9e109dc910, 1793;
v0xba9e109dc910_1794 .array/port v0xba9e109dc910, 1794;
v0xba9e109dc910_1795 .array/port v0xba9e109dc910, 1795;
v0xba9e109dc910_1796 .array/port v0xba9e109dc910, 1796;
E_0xba9e109e1c10/450 .event anyedge, v0xba9e109dc910_1793, v0xba9e109dc910_1794, v0xba9e109dc910_1795, v0xba9e109dc910_1796;
v0xba9e109dc910_1797 .array/port v0xba9e109dc910, 1797;
v0xba9e109dc910_1798 .array/port v0xba9e109dc910, 1798;
v0xba9e109dc910_1799 .array/port v0xba9e109dc910, 1799;
v0xba9e109dc910_1800 .array/port v0xba9e109dc910, 1800;
E_0xba9e109e1c10/451 .event anyedge, v0xba9e109dc910_1797, v0xba9e109dc910_1798, v0xba9e109dc910_1799, v0xba9e109dc910_1800;
v0xba9e109dc910_1801 .array/port v0xba9e109dc910, 1801;
v0xba9e109dc910_1802 .array/port v0xba9e109dc910, 1802;
v0xba9e109dc910_1803 .array/port v0xba9e109dc910, 1803;
v0xba9e109dc910_1804 .array/port v0xba9e109dc910, 1804;
E_0xba9e109e1c10/452 .event anyedge, v0xba9e109dc910_1801, v0xba9e109dc910_1802, v0xba9e109dc910_1803, v0xba9e109dc910_1804;
v0xba9e109dc910_1805 .array/port v0xba9e109dc910, 1805;
v0xba9e109dc910_1806 .array/port v0xba9e109dc910, 1806;
v0xba9e109dc910_1807 .array/port v0xba9e109dc910, 1807;
v0xba9e109dc910_1808 .array/port v0xba9e109dc910, 1808;
E_0xba9e109e1c10/453 .event anyedge, v0xba9e109dc910_1805, v0xba9e109dc910_1806, v0xba9e109dc910_1807, v0xba9e109dc910_1808;
v0xba9e109dc910_1809 .array/port v0xba9e109dc910, 1809;
v0xba9e109dc910_1810 .array/port v0xba9e109dc910, 1810;
v0xba9e109dc910_1811 .array/port v0xba9e109dc910, 1811;
v0xba9e109dc910_1812 .array/port v0xba9e109dc910, 1812;
E_0xba9e109e1c10/454 .event anyedge, v0xba9e109dc910_1809, v0xba9e109dc910_1810, v0xba9e109dc910_1811, v0xba9e109dc910_1812;
v0xba9e109dc910_1813 .array/port v0xba9e109dc910, 1813;
v0xba9e109dc910_1814 .array/port v0xba9e109dc910, 1814;
v0xba9e109dc910_1815 .array/port v0xba9e109dc910, 1815;
v0xba9e109dc910_1816 .array/port v0xba9e109dc910, 1816;
E_0xba9e109e1c10/455 .event anyedge, v0xba9e109dc910_1813, v0xba9e109dc910_1814, v0xba9e109dc910_1815, v0xba9e109dc910_1816;
v0xba9e109dc910_1817 .array/port v0xba9e109dc910, 1817;
v0xba9e109dc910_1818 .array/port v0xba9e109dc910, 1818;
v0xba9e109dc910_1819 .array/port v0xba9e109dc910, 1819;
v0xba9e109dc910_1820 .array/port v0xba9e109dc910, 1820;
E_0xba9e109e1c10/456 .event anyedge, v0xba9e109dc910_1817, v0xba9e109dc910_1818, v0xba9e109dc910_1819, v0xba9e109dc910_1820;
v0xba9e109dc910_1821 .array/port v0xba9e109dc910, 1821;
v0xba9e109dc910_1822 .array/port v0xba9e109dc910, 1822;
v0xba9e109dc910_1823 .array/port v0xba9e109dc910, 1823;
v0xba9e109dc910_1824 .array/port v0xba9e109dc910, 1824;
E_0xba9e109e1c10/457 .event anyedge, v0xba9e109dc910_1821, v0xba9e109dc910_1822, v0xba9e109dc910_1823, v0xba9e109dc910_1824;
v0xba9e109dc910_1825 .array/port v0xba9e109dc910, 1825;
v0xba9e109dc910_1826 .array/port v0xba9e109dc910, 1826;
v0xba9e109dc910_1827 .array/port v0xba9e109dc910, 1827;
v0xba9e109dc910_1828 .array/port v0xba9e109dc910, 1828;
E_0xba9e109e1c10/458 .event anyedge, v0xba9e109dc910_1825, v0xba9e109dc910_1826, v0xba9e109dc910_1827, v0xba9e109dc910_1828;
v0xba9e109dc910_1829 .array/port v0xba9e109dc910, 1829;
v0xba9e109dc910_1830 .array/port v0xba9e109dc910, 1830;
v0xba9e109dc910_1831 .array/port v0xba9e109dc910, 1831;
v0xba9e109dc910_1832 .array/port v0xba9e109dc910, 1832;
E_0xba9e109e1c10/459 .event anyedge, v0xba9e109dc910_1829, v0xba9e109dc910_1830, v0xba9e109dc910_1831, v0xba9e109dc910_1832;
v0xba9e109dc910_1833 .array/port v0xba9e109dc910, 1833;
v0xba9e109dc910_1834 .array/port v0xba9e109dc910, 1834;
v0xba9e109dc910_1835 .array/port v0xba9e109dc910, 1835;
v0xba9e109dc910_1836 .array/port v0xba9e109dc910, 1836;
E_0xba9e109e1c10/460 .event anyedge, v0xba9e109dc910_1833, v0xba9e109dc910_1834, v0xba9e109dc910_1835, v0xba9e109dc910_1836;
v0xba9e109dc910_1837 .array/port v0xba9e109dc910, 1837;
v0xba9e109dc910_1838 .array/port v0xba9e109dc910, 1838;
v0xba9e109dc910_1839 .array/port v0xba9e109dc910, 1839;
v0xba9e109dc910_1840 .array/port v0xba9e109dc910, 1840;
E_0xba9e109e1c10/461 .event anyedge, v0xba9e109dc910_1837, v0xba9e109dc910_1838, v0xba9e109dc910_1839, v0xba9e109dc910_1840;
v0xba9e109dc910_1841 .array/port v0xba9e109dc910, 1841;
v0xba9e109dc910_1842 .array/port v0xba9e109dc910, 1842;
v0xba9e109dc910_1843 .array/port v0xba9e109dc910, 1843;
v0xba9e109dc910_1844 .array/port v0xba9e109dc910, 1844;
E_0xba9e109e1c10/462 .event anyedge, v0xba9e109dc910_1841, v0xba9e109dc910_1842, v0xba9e109dc910_1843, v0xba9e109dc910_1844;
v0xba9e109dc910_1845 .array/port v0xba9e109dc910, 1845;
v0xba9e109dc910_1846 .array/port v0xba9e109dc910, 1846;
v0xba9e109dc910_1847 .array/port v0xba9e109dc910, 1847;
v0xba9e109dc910_1848 .array/port v0xba9e109dc910, 1848;
E_0xba9e109e1c10/463 .event anyedge, v0xba9e109dc910_1845, v0xba9e109dc910_1846, v0xba9e109dc910_1847, v0xba9e109dc910_1848;
v0xba9e109dc910_1849 .array/port v0xba9e109dc910, 1849;
v0xba9e109dc910_1850 .array/port v0xba9e109dc910, 1850;
v0xba9e109dc910_1851 .array/port v0xba9e109dc910, 1851;
v0xba9e109dc910_1852 .array/port v0xba9e109dc910, 1852;
E_0xba9e109e1c10/464 .event anyedge, v0xba9e109dc910_1849, v0xba9e109dc910_1850, v0xba9e109dc910_1851, v0xba9e109dc910_1852;
v0xba9e109dc910_1853 .array/port v0xba9e109dc910, 1853;
v0xba9e109dc910_1854 .array/port v0xba9e109dc910, 1854;
v0xba9e109dc910_1855 .array/port v0xba9e109dc910, 1855;
v0xba9e109dc910_1856 .array/port v0xba9e109dc910, 1856;
E_0xba9e109e1c10/465 .event anyedge, v0xba9e109dc910_1853, v0xba9e109dc910_1854, v0xba9e109dc910_1855, v0xba9e109dc910_1856;
v0xba9e109dc910_1857 .array/port v0xba9e109dc910, 1857;
v0xba9e109dc910_1858 .array/port v0xba9e109dc910, 1858;
v0xba9e109dc910_1859 .array/port v0xba9e109dc910, 1859;
v0xba9e109dc910_1860 .array/port v0xba9e109dc910, 1860;
E_0xba9e109e1c10/466 .event anyedge, v0xba9e109dc910_1857, v0xba9e109dc910_1858, v0xba9e109dc910_1859, v0xba9e109dc910_1860;
v0xba9e109dc910_1861 .array/port v0xba9e109dc910, 1861;
v0xba9e109dc910_1862 .array/port v0xba9e109dc910, 1862;
v0xba9e109dc910_1863 .array/port v0xba9e109dc910, 1863;
v0xba9e109dc910_1864 .array/port v0xba9e109dc910, 1864;
E_0xba9e109e1c10/467 .event anyedge, v0xba9e109dc910_1861, v0xba9e109dc910_1862, v0xba9e109dc910_1863, v0xba9e109dc910_1864;
v0xba9e109dc910_1865 .array/port v0xba9e109dc910, 1865;
v0xba9e109dc910_1866 .array/port v0xba9e109dc910, 1866;
v0xba9e109dc910_1867 .array/port v0xba9e109dc910, 1867;
v0xba9e109dc910_1868 .array/port v0xba9e109dc910, 1868;
E_0xba9e109e1c10/468 .event anyedge, v0xba9e109dc910_1865, v0xba9e109dc910_1866, v0xba9e109dc910_1867, v0xba9e109dc910_1868;
v0xba9e109dc910_1869 .array/port v0xba9e109dc910, 1869;
v0xba9e109dc910_1870 .array/port v0xba9e109dc910, 1870;
v0xba9e109dc910_1871 .array/port v0xba9e109dc910, 1871;
v0xba9e109dc910_1872 .array/port v0xba9e109dc910, 1872;
E_0xba9e109e1c10/469 .event anyedge, v0xba9e109dc910_1869, v0xba9e109dc910_1870, v0xba9e109dc910_1871, v0xba9e109dc910_1872;
v0xba9e109dc910_1873 .array/port v0xba9e109dc910, 1873;
v0xba9e109dc910_1874 .array/port v0xba9e109dc910, 1874;
v0xba9e109dc910_1875 .array/port v0xba9e109dc910, 1875;
v0xba9e109dc910_1876 .array/port v0xba9e109dc910, 1876;
E_0xba9e109e1c10/470 .event anyedge, v0xba9e109dc910_1873, v0xba9e109dc910_1874, v0xba9e109dc910_1875, v0xba9e109dc910_1876;
v0xba9e109dc910_1877 .array/port v0xba9e109dc910, 1877;
v0xba9e109dc910_1878 .array/port v0xba9e109dc910, 1878;
v0xba9e109dc910_1879 .array/port v0xba9e109dc910, 1879;
v0xba9e109dc910_1880 .array/port v0xba9e109dc910, 1880;
E_0xba9e109e1c10/471 .event anyedge, v0xba9e109dc910_1877, v0xba9e109dc910_1878, v0xba9e109dc910_1879, v0xba9e109dc910_1880;
v0xba9e109dc910_1881 .array/port v0xba9e109dc910, 1881;
v0xba9e109dc910_1882 .array/port v0xba9e109dc910, 1882;
v0xba9e109dc910_1883 .array/port v0xba9e109dc910, 1883;
v0xba9e109dc910_1884 .array/port v0xba9e109dc910, 1884;
E_0xba9e109e1c10/472 .event anyedge, v0xba9e109dc910_1881, v0xba9e109dc910_1882, v0xba9e109dc910_1883, v0xba9e109dc910_1884;
v0xba9e109dc910_1885 .array/port v0xba9e109dc910, 1885;
v0xba9e109dc910_1886 .array/port v0xba9e109dc910, 1886;
v0xba9e109dc910_1887 .array/port v0xba9e109dc910, 1887;
v0xba9e109dc910_1888 .array/port v0xba9e109dc910, 1888;
E_0xba9e109e1c10/473 .event anyedge, v0xba9e109dc910_1885, v0xba9e109dc910_1886, v0xba9e109dc910_1887, v0xba9e109dc910_1888;
v0xba9e109dc910_1889 .array/port v0xba9e109dc910, 1889;
v0xba9e109dc910_1890 .array/port v0xba9e109dc910, 1890;
v0xba9e109dc910_1891 .array/port v0xba9e109dc910, 1891;
v0xba9e109dc910_1892 .array/port v0xba9e109dc910, 1892;
E_0xba9e109e1c10/474 .event anyedge, v0xba9e109dc910_1889, v0xba9e109dc910_1890, v0xba9e109dc910_1891, v0xba9e109dc910_1892;
v0xba9e109dc910_1893 .array/port v0xba9e109dc910, 1893;
v0xba9e109dc910_1894 .array/port v0xba9e109dc910, 1894;
v0xba9e109dc910_1895 .array/port v0xba9e109dc910, 1895;
v0xba9e109dc910_1896 .array/port v0xba9e109dc910, 1896;
E_0xba9e109e1c10/475 .event anyedge, v0xba9e109dc910_1893, v0xba9e109dc910_1894, v0xba9e109dc910_1895, v0xba9e109dc910_1896;
v0xba9e109dc910_1897 .array/port v0xba9e109dc910, 1897;
v0xba9e109dc910_1898 .array/port v0xba9e109dc910, 1898;
v0xba9e109dc910_1899 .array/port v0xba9e109dc910, 1899;
v0xba9e109dc910_1900 .array/port v0xba9e109dc910, 1900;
E_0xba9e109e1c10/476 .event anyedge, v0xba9e109dc910_1897, v0xba9e109dc910_1898, v0xba9e109dc910_1899, v0xba9e109dc910_1900;
v0xba9e109dc910_1901 .array/port v0xba9e109dc910, 1901;
v0xba9e109dc910_1902 .array/port v0xba9e109dc910, 1902;
v0xba9e109dc910_1903 .array/port v0xba9e109dc910, 1903;
v0xba9e109dc910_1904 .array/port v0xba9e109dc910, 1904;
E_0xba9e109e1c10/477 .event anyedge, v0xba9e109dc910_1901, v0xba9e109dc910_1902, v0xba9e109dc910_1903, v0xba9e109dc910_1904;
v0xba9e109dc910_1905 .array/port v0xba9e109dc910, 1905;
v0xba9e109dc910_1906 .array/port v0xba9e109dc910, 1906;
v0xba9e109dc910_1907 .array/port v0xba9e109dc910, 1907;
v0xba9e109dc910_1908 .array/port v0xba9e109dc910, 1908;
E_0xba9e109e1c10/478 .event anyedge, v0xba9e109dc910_1905, v0xba9e109dc910_1906, v0xba9e109dc910_1907, v0xba9e109dc910_1908;
v0xba9e109dc910_1909 .array/port v0xba9e109dc910, 1909;
v0xba9e109dc910_1910 .array/port v0xba9e109dc910, 1910;
v0xba9e109dc910_1911 .array/port v0xba9e109dc910, 1911;
v0xba9e109dc910_1912 .array/port v0xba9e109dc910, 1912;
E_0xba9e109e1c10/479 .event anyedge, v0xba9e109dc910_1909, v0xba9e109dc910_1910, v0xba9e109dc910_1911, v0xba9e109dc910_1912;
v0xba9e109dc910_1913 .array/port v0xba9e109dc910, 1913;
v0xba9e109dc910_1914 .array/port v0xba9e109dc910, 1914;
v0xba9e109dc910_1915 .array/port v0xba9e109dc910, 1915;
v0xba9e109dc910_1916 .array/port v0xba9e109dc910, 1916;
E_0xba9e109e1c10/480 .event anyedge, v0xba9e109dc910_1913, v0xba9e109dc910_1914, v0xba9e109dc910_1915, v0xba9e109dc910_1916;
v0xba9e109dc910_1917 .array/port v0xba9e109dc910, 1917;
v0xba9e109dc910_1918 .array/port v0xba9e109dc910, 1918;
v0xba9e109dc910_1919 .array/port v0xba9e109dc910, 1919;
v0xba9e109dc910_1920 .array/port v0xba9e109dc910, 1920;
E_0xba9e109e1c10/481 .event anyedge, v0xba9e109dc910_1917, v0xba9e109dc910_1918, v0xba9e109dc910_1919, v0xba9e109dc910_1920;
v0xba9e109dc910_1921 .array/port v0xba9e109dc910, 1921;
v0xba9e109dc910_1922 .array/port v0xba9e109dc910, 1922;
v0xba9e109dc910_1923 .array/port v0xba9e109dc910, 1923;
v0xba9e109dc910_1924 .array/port v0xba9e109dc910, 1924;
E_0xba9e109e1c10/482 .event anyedge, v0xba9e109dc910_1921, v0xba9e109dc910_1922, v0xba9e109dc910_1923, v0xba9e109dc910_1924;
v0xba9e109dc910_1925 .array/port v0xba9e109dc910, 1925;
v0xba9e109dc910_1926 .array/port v0xba9e109dc910, 1926;
v0xba9e109dc910_1927 .array/port v0xba9e109dc910, 1927;
v0xba9e109dc910_1928 .array/port v0xba9e109dc910, 1928;
E_0xba9e109e1c10/483 .event anyedge, v0xba9e109dc910_1925, v0xba9e109dc910_1926, v0xba9e109dc910_1927, v0xba9e109dc910_1928;
v0xba9e109dc910_1929 .array/port v0xba9e109dc910, 1929;
v0xba9e109dc910_1930 .array/port v0xba9e109dc910, 1930;
v0xba9e109dc910_1931 .array/port v0xba9e109dc910, 1931;
v0xba9e109dc910_1932 .array/port v0xba9e109dc910, 1932;
E_0xba9e109e1c10/484 .event anyedge, v0xba9e109dc910_1929, v0xba9e109dc910_1930, v0xba9e109dc910_1931, v0xba9e109dc910_1932;
v0xba9e109dc910_1933 .array/port v0xba9e109dc910, 1933;
v0xba9e109dc910_1934 .array/port v0xba9e109dc910, 1934;
v0xba9e109dc910_1935 .array/port v0xba9e109dc910, 1935;
v0xba9e109dc910_1936 .array/port v0xba9e109dc910, 1936;
E_0xba9e109e1c10/485 .event anyedge, v0xba9e109dc910_1933, v0xba9e109dc910_1934, v0xba9e109dc910_1935, v0xba9e109dc910_1936;
v0xba9e109dc910_1937 .array/port v0xba9e109dc910, 1937;
v0xba9e109dc910_1938 .array/port v0xba9e109dc910, 1938;
v0xba9e109dc910_1939 .array/port v0xba9e109dc910, 1939;
v0xba9e109dc910_1940 .array/port v0xba9e109dc910, 1940;
E_0xba9e109e1c10/486 .event anyedge, v0xba9e109dc910_1937, v0xba9e109dc910_1938, v0xba9e109dc910_1939, v0xba9e109dc910_1940;
v0xba9e109dc910_1941 .array/port v0xba9e109dc910, 1941;
v0xba9e109dc910_1942 .array/port v0xba9e109dc910, 1942;
v0xba9e109dc910_1943 .array/port v0xba9e109dc910, 1943;
v0xba9e109dc910_1944 .array/port v0xba9e109dc910, 1944;
E_0xba9e109e1c10/487 .event anyedge, v0xba9e109dc910_1941, v0xba9e109dc910_1942, v0xba9e109dc910_1943, v0xba9e109dc910_1944;
v0xba9e109dc910_1945 .array/port v0xba9e109dc910, 1945;
v0xba9e109dc910_1946 .array/port v0xba9e109dc910, 1946;
v0xba9e109dc910_1947 .array/port v0xba9e109dc910, 1947;
v0xba9e109dc910_1948 .array/port v0xba9e109dc910, 1948;
E_0xba9e109e1c10/488 .event anyedge, v0xba9e109dc910_1945, v0xba9e109dc910_1946, v0xba9e109dc910_1947, v0xba9e109dc910_1948;
v0xba9e109dc910_1949 .array/port v0xba9e109dc910, 1949;
v0xba9e109dc910_1950 .array/port v0xba9e109dc910, 1950;
v0xba9e109dc910_1951 .array/port v0xba9e109dc910, 1951;
v0xba9e109dc910_1952 .array/port v0xba9e109dc910, 1952;
E_0xba9e109e1c10/489 .event anyedge, v0xba9e109dc910_1949, v0xba9e109dc910_1950, v0xba9e109dc910_1951, v0xba9e109dc910_1952;
v0xba9e109dc910_1953 .array/port v0xba9e109dc910, 1953;
v0xba9e109dc910_1954 .array/port v0xba9e109dc910, 1954;
v0xba9e109dc910_1955 .array/port v0xba9e109dc910, 1955;
v0xba9e109dc910_1956 .array/port v0xba9e109dc910, 1956;
E_0xba9e109e1c10/490 .event anyedge, v0xba9e109dc910_1953, v0xba9e109dc910_1954, v0xba9e109dc910_1955, v0xba9e109dc910_1956;
v0xba9e109dc910_1957 .array/port v0xba9e109dc910, 1957;
v0xba9e109dc910_1958 .array/port v0xba9e109dc910, 1958;
v0xba9e109dc910_1959 .array/port v0xba9e109dc910, 1959;
v0xba9e109dc910_1960 .array/port v0xba9e109dc910, 1960;
E_0xba9e109e1c10/491 .event anyedge, v0xba9e109dc910_1957, v0xba9e109dc910_1958, v0xba9e109dc910_1959, v0xba9e109dc910_1960;
v0xba9e109dc910_1961 .array/port v0xba9e109dc910, 1961;
v0xba9e109dc910_1962 .array/port v0xba9e109dc910, 1962;
v0xba9e109dc910_1963 .array/port v0xba9e109dc910, 1963;
v0xba9e109dc910_1964 .array/port v0xba9e109dc910, 1964;
E_0xba9e109e1c10/492 .event anyedge, v0xba9e109dc910_1961, v0xba9e109dc910_1962, v0xba9e109dc910_1963, v0xba9e109dc910_1964;
v0xba9e109dc910_1965 .array/port v0xba9e109dc910, 1965;
v0xba9e109dc910_1966 .array/port v0xba9e109dc910, 1966;
v0xba9e109dc910_1967 .array/port v0xba9e109dc910, 1967;
v0xba9e109dc910_1968 .array/port v0xba9e109dc910, 1968;
E_0xba9e109e1c10/493 .event anyedge, v0xba9e109dc910_1965, v0xba9e109dc910_1966, v0xba9e109dc910_1967, v0xba9e109dc910_1968;
v0xba9e109dc910_1969 .array/port v0xba9e109dc910, 1969;
v0xba9e109dc910_1970 .array/port v0xba9e109dc910, 1970;
v0xba9e109dc910_1971 .array/port v0xba9e109dc910, 1971;
v0xba9e109dc910_1972 .array/port v0xba9e109dc910, 1972;
E_0xba9e109e1c10/494 .event anyedge, v0xba9e109dc910_1969, v0xba9e109dc910_1970, v0xba9e109dc910_1971, v0xba9e109dc910_1972;
v0xba9e109dc910_1973 .array/port v0xba9e109dc910, 1973;
v0xba9e109dc910_1974 .array/port v0xba9e109dc910, 1974;
v0xba9e109dc910_1975 .array/port v0xba9e109dc910, 1975;
v0xba9e109dc910_1976 .array/port v0xba9e109dc910, 1976;
E_0xba9e109e1c10/495 .event anyedge, v0xba9e109dc910_1973, v0xba9e109dc910_1974, v0xba9e109dc910_1975, v0xba9e109dc910_1976;
v0xba9e109dc910_1977 .array/port v0xba9e109dc910, 1977;
v0xba9e109dc910_1978 .array/port v0xba9e109dc910, 1978;
v0xba9e109dc910_1979 .array/port v0xba9e109dc910, 1979;
v0xba9e109dc910_1980 .array/port v0xba9e109dc910, 1980;
E_0xba9e109e1c10/496 .event anyedge, v0xba9e109dc910_1977, v0xba9e109dc910_1978, v0xba9e109dc910_1979, v0xba9e109dc910_1980;
v0xba9e109dc910_1981 .array/port v0xba9e109dc910, 1981;
v0xba9e109dc910_1982 .array/port v0xba9e109dc910, 1982;
v0xba9e109dc910_1983 .array/port v0xba9e109dc910, 1983;
v0xba9e109dc910_1984 .array/port v0xba9e109dc910, 1984;
E_0xba9e109e1c10/497 .event anyedge, v0xba9e109dc910_1981, v0xba9e109dc910_1982, v0xba9e109dc910_1983, v0xba9e109dc910_1984;
v0xba9e109dc910_1985 .array/port v0xba9e109dc910, 1985;
v0xba9e109dc910_1986 .array/port v0xba9e109dc910, 1986;
v0xba9e109dc910_1987 .array/port v0xba9e109dc910, 1987;
v0xba9e109dc910_1988 .array/port v0xba9e109dc910, 1988;
E_0xba9e109e1c10/498 .event anyedge, v0xba9e109dc910_1985, v0xba9e109dc910_1986, v0xba9e109dc910_1987, v0xba9e109dc910_1988;
v0xba9e109dc910_1989 .array/port v0xba9e109dc910, 1989;
v0xba9e109dc910_1990 .array/port v0xba9e109dc910, 1990;
v0xba9e109dc910_1991 .array/port v0xba9e109dc910, 1991;
v0xba9e109dc910_1992 .array/port v0xba9e109dc910, 1992;
E_0xba9e109e1c10/499 .event anyedge, v0xba9e109dc910_1989, v0xba9e109dc910_1990, v0xba9e109dc910_1991, v0xba9e109dc910_1992;
v0xba9e109dc910_1993 .array/port v0xba9e109dc910, 1993;
v0xba9e109dc910_1994 .array/port v0xba9e109dc910, 1994;
v0xba9e109dc910_1995 .array/port v0xba9e109dc910, 1995;
v0xba9e109dc910_1996 .array/port v0xba9e109dc910, 1996;
E_0xba9e109e1c10/500 .event anyedge, v0xba9e109dc910_1993, v0xba9e109dc910_1994, v0xba9e109dc910_1995, v0xba9e109dc910_1996;
v0xba9e109dc910_1997 .array/port v0xba9e109dc910, 1997;
v0xba9e109dc910_1998 .array/port v0xba9e109dc910, 1998;
v0xba9e109dc910_1999 .array/port v0xba9e109dc910, 1999;
v0xba9e109dc910_2000 .array/port v0xba9e109dc910, 2000;
E_0xba9e109e1c10/501 .event anyedge, v0xba9e109dc910_1997, v0xba9e109dc910_1998, v0xba9e109dc910_1999, v0xba9e109dc910_2000;
v0xba9e109dc910_2001 .array/port v0xba9e109dc910, 2001;
v0xba9e109dc910_2002 .array/port v0xba9e109dc910, 2002;
v0xba9e109dc910_2003 .array/port v0xba9e109dc910, 2003;
v0xba9e109dc910_2004 .array/port v0xba9e109dc910, 2004;
E_0xba9e109e1c10/502 .event anyedge, v0xba9e109dc910_2001, v0xba9e109dc910_2002, v0xba9e109dc910_2003, v0xba9e109dc910_2004;
v0xba9e109dc910_2005 .array/port v0xba9e109dc910, 2005;
v0xba9e109dc910_2006 .array/port v0xba9e109dc910, 2006;
v0xba9e109dc910_2007 .array/port v0xba9e109dc910, 2007;
v0xba9e109dc910_2008 .array/port v0xba9e109dc910, 2008;
E_0xba9e109e1c10/503 .event anyedge, v0xba9e109dc910_2005, v0xba9e109dc910_2006, v0xba9e109dc910_2007, v0xba9e109dc910_2008;
v0xba9e109dc910_2009 .array/port v0xba9e109dc910, 2009;
v0xba9e109dc910_2010 .array/port v0xba9e109dc910, 2010;
v0xba9e109dc910_2011 .array/port v0xba9e109dc910, 2011;
v0xba9e109dc910_2012 .array/port v0xba9e109dc910, 2012;
E_0xba9e109e1c10/504 .event anyedge, v0xba9e109dc910_2009, v0xba9e109dc910_2010, v0xba9e109dc910_2011, v0xba9e109dc910_2012;
v0xba9e109dc910_2013 .array/port v0xba9e109dc910, 2013;
v0xba9e109dc910_2014 .array/port v0xba9e109dc910, 2014;
v0xba9e109dc910_2015 .array/port v0xba9e109dc910, 2015;
v0xba9e109dc910_2016 .array/port v0xba9e109dc910, 2016;
E_0xba9e109e1c10/505 .event anyedge, v0xba9e109dc910_2013, v0xba9e109dc910_2014, v0xba9e109dc910_2015, v0xba9e109dc910_2016;
v0xba9e109dc910_2017 .array/port v0xba9e109dc910, 2017;
v0xba9e109dc910_2018 .array/port v0xba9e109dc910, 2018;
v0xba9e109dc910_2019 .array/port v0xba9e109dc910, 2019;
v0xba9e109dc910_2020 .array/port v0xba9e109dc910, 2020;
E_0xba9e109e1c10/506 .event anyedge, v0xba9e109dc910_2017, v0xba9e109dc910_2018, v0xba9e109dc910_2019, v0xba9e109dc910_2020;
v0xba9e109dc910_2021 .array/port v0xba9e109dc910, 2021;
v0xba9e109dc910_2022 .array/port v0xba9e109dc910, 2022;
v0xba9e109dc910_2023 .array/port v0xba9e109dc910, 2023;
v0xba9e109dc910_2024 .array/port v0xba9e109dc910, 2024;
E_0xba9e109e1c10/507 .event anyedge, v0xba9e109dc910_2021, v0xba9e109dc910_2022, v0xba9e109dc910_2023, v0xba9e109dc910_2024;
v0xba9e109dc910_2025 .array/port v0xba9e109dc910, 2025;
v0xba9e109dc910_2026 .array/port v0xba9e109dc910, 2026;
v0xba9e109dc910_2027 .array/port v0xba9e109dc910, 2027;
v0xba9e109dc910_2028 .array/port v0xba9e109dc910, 2028;
E_0xba9e109e1c10/508 .event anyedge, v0xba9e109dc910_2025, v0xba9e109dc910_2026, v0xba9e109dc910_2027, v0xba9e109dc910_2028;
v0xba9e109dc910_2029 .array/port v0xba9e109dc910, 2029;
v0xba9e109dc910_2030 .array/port v0xba9e109dc910, 2030;
v0xba9e109dc910_2031 .array/port v0xba9e109dc910, 2031;
v0xba9e109dc910_2032 .array/port v0xba9e109dc910, 2032;
E_0xba9e109e1c10/509 .event anyedge, v0xba9e109dc910_2029, v0xba9e109dc910_2030, v0xba9e109dc910_2031, v0xba9e109dc910_2032;
v0xba9e109dc910_2033 .array/port v0xba9e109dc910, 2033;
v0xba9e109dc910_2034 .array/port v0xba9e109dc910, 2034;
v0xba9e109dc910_2035 .array/port v0xba9e109dc910, 2035;
v0xba9e109dc910_2036 .array/port v0xba9e109dc910, 2036;
E_0xba9e109e1c10/510 .event anyedge, v0xba9e109dc910_2033, v0xba9e109dc910_2034, v0xba9e109dc910_2035, v0xba9e109dc910_2036;
v0xba9e109dc910_2037 .array/port v0xba9e109dc910, 2037;
v0xba9e109dc910_2038 .array/port v0xba9e109dc910, 2038;
v0xba9e109dc910_2039 .array/port v0xba9e109dc910, 2039;
v0xba9e109dc910_2040 .array/port v0xba9e109dc910, 2040;
E_0xba9e109e1c10/511 .event anyedge, v0xba9e109dc910_2037, v0xba9e109dc910_2038, v0xba9e109dc910_2039, v0xba9e109dc910_2040;
v0xba9e109dc910_2041 .array/port v0xba9e109dc910, 2041;
v0xba9e109dc910_2042 .array/port v0xba9e109dc910, 2042;
v0xba9e109dc910_2043 .array/port v0xba9e109dc910, 2043;
v0xba9e109dc910_2044 .array/port v0xba9e109dc910, 2044;
E_0xba9e109e1c10/512 .event anyedge, v0xba9e109dc910_2041, v0xba9e109dc910_2042, v0xba9e109dc910_2043, v0xba9e109dc910_2044;
v0xba9e109dc910_2045 .array/port v0xba9e109dc910, 2045;
v0xba9e109dc910_2046 .array/port v0xba9e109dc910, 2046;
v0xba9e109dc910_2047 .array/port v0xba9e109dc910, 2047;
v0xba9e109dc910_2048 .array/port v0xba9e109dc910, 2048;
E_0xba9e109e1c10/513 .event anyedge, v0xba9e109dc910_2045, v0xba9e109dc910_2046, v0xba9e109dc910_2047, v0xba9e109dc910_2048;
v0xba9e109dc910_2049 .array/port v0xba9e109dc910, 2049;
v0xba9e109dc910_2050 .array/port v0xba9e109dc910, 2050;
v0xba9e109dc910_2051 .array/port v0xba9e109dc910, 2051;
v0xba9e109dc910_2052 .array/port v0xba9e109dc910, 2052;
E_0xba9e109e1c10/514 .event anyedge, v0xba9e109dc910_2049, v0xba9e109dc910_2050, v0xba9e109dc910_2051, v0xba9e109dc910_2052;
v0xba9e109dc910_2053 .array/port v0xba9e109dc910, 2053;
v0xba9e109dc910_2054 .array/port v0xba9e109dc910, 2054;
v0xba9e109dc910_2055 .array/port v0xba9e109dc910, 2055;
v0xba9e109dc910_2056 .array/port v0xba9e109dc910, 2056;
E_0xba9e109e1c10/515 .event anyedge, v0xba9e109dc910_2053, v0xba9e109dc910_2054, v0xba9e109dc910_2055, v0xba9e109dc910_2056;
v0xba9e109dc910_2057 .array/port v0xba9e109dc910, 2057;
v0xba9e109dc910_2058 .array/port v0xba9e109dc910, 2058;
v0xba9e109dc910_2059 .array/port v0xba9e109dc910, 2059;
v0xba9e109dc910_2060 .array/port v0xba9e109dc910, 2060;
E_0xba9e109e1c10/516 .event anyedge, v0xba9e109dc910_2057, v0xba9e109dc910_2058, v0xba9e109dc910_2059, v0xba9e109dc910_2060;
v0xba9e109dc910_2061 .array/port v0xba9e109dc910, 2061;
v0xba9e109dc910_2062 .array/port v0xba9e109dc910, 2062;
v0xba9e109dc910_2063 .array/port v0xba9e109dc910, 2063;
v0xba9e109dc910_2064 .array/port v0xba9e109dc910, 2064;
E_0xba9e109e1c10/517 .event anyedge, v0xba9e109dc910_2061, v0xba9e109dc910_2062, v0xba9e109dc910_2063, v0xba9e109dc910_2064;
v0xba9e109dc910_2065 .array/port v0xba9e109dc910, 2065;
v0xba9e109dc910_2066 .array/port v0xba9e109dc910, 2066;
v0xba9e109dc910_2067 .array/port v0xba9e109dc910, 2067;
v0xba9e109dc910_2068 .array/port v0xba9e109dc910, 2068;
E_0xba9e109e1c10/518 .event anyedge, v0xba9e109dc910_2065, v0xba9e109dc910_2066, v0xba9e109dc910_2067, v0xba9e109dc910_2068;
v0xba9e109dc910_2069 .array/port v0xba9e109dc910, 2069;
v0xba9e109dc910_2070 .array/port v0xba9e109dc910, 2070;
v0xba9e109dc910_2071 .array/port v0xba9e109dc910, 2071;
v0xba9e109dc910_2072 .array/port v0xba9e109dc910, 2072;
E_0xba9e109e1c10/519 .event anyedge, v0xba9e109dc910_2069, v0xba9e109dc910_2070, v0xba9e109dc910_2071, v0xba9e109dc910_2072;
v0xba9e109dc910_2073 .array/port v0xba9e109dc910, 2073;
v0xba9e109dc910_2074 .array/port v0xba9e109dc910, 2074;
v0xba9e109dc910_2075 .array/port v0xba9e109dc910, 2075;
v0xba9e109dc910_2076 .array/port v0xba9e109dc910, 2076;
E_0xba9e109e1c10/520 .event anyedge, v0xba9e109dc910_2073, v0xba9e109dc910_2074, v0xba9e109dc910_2075, v0xba9e109dc910_2076;
v0xba9e109dc910_2077 .array/port v0xba9e109dc910, 2077;
v0xba9e109dc910_2078 .array/port v0xba9e109dc910, 2078;
v0xba9e109dc910_2079 .array/port v0xba9e109dc910, 2079;
v0xba9e109dc910_2080 .array/port v0xba9e109dc910, 2080;
E_0xba9e109e1c10/521 .event anyedge, v0xba9e109dc910_2077, v0xba9e109dc910_2078, v0xba9e109dc910_2079, v0xba9e109dc910_2080;
v0xba9e109dc910_2081 .array/port v0xba9e109dc910, 2081;
v0xba9e109dc910_2082 .array/port v0xba9e109dc910, 2082;
v0xba9e109dc910_2083 .array/port v0xba9e109dc910, 2083;
v0xba9e109dc910_2084 .array/port v0xba9e109dc910, 2084;
E_0xba9e109e1c10/522 .event anyedge, v0xba9e109dc910_2081, v0xba9e109dc910_2082, v0xba9e109dc910_2083, v0xba9e109dc910_2084;
v0xba9e109dc910_2085 .array/port v0xba9e109dc910, 2085;
v0xba9e109dc910_2086 .array/port v0xba9e109dc910, 2086;
v0xba9e109dc910_2087 .array/port v0xba9e109dc910, 2087;
v0xba9e109dc910_2088 .array/port v0xba9e109dc910, 2088;
E_0xba9e109e1c10/523 .event anyedge, v0xba9e109dc910_2085, v0xba9e109dc910_2086, v0xba9e109dc910_2087, v0xba9e109dc910_2088;
v0xba9e109dc910_2089 .array/port v0xba9e109dc910, 2089;
v0xba9e109dc910_2090 .array/port v0xba9e109dc910, 2090;
v0xba9e109dc910_2091 .array/port v0xba9e109dc910, 2091;
v0xba9e109dc910_2092 .array/port v0xba9e109dc910, 2092;
E_0xba9e109e1c10/524 .event anyedge, v0xba9e109dc910_2089, v0xba9e109dc910_2090, v0xba9e109dc910_2091, v0xba9e109dc910_2092;
v0xba9e109dc910_2093 .array/port v0xba9e109dc910, 2093;
v0xba9e109dc910_2094 .array/port v0xba9e109dc910, 2094;
v0xba9e109dc910_2095 .array/port v0xba9e109dc910, 2095;
v0xba9e109dc910_2096 .array/port v0xba9e109dc910, 2096;
E_0xba9e109e1c10/525 .event anyedge, v0xba9e109dc910_2093, v0xba9e109dc910_2094, v0xba9e109dc910_2095, v0xba9e109dc910_2096;
v0xba9e109dc910_2097 .array/port v0xba9e109dc910, 2097;
v0xba9e109dc910_2098 .array/port v0xba9e109dc910, 2098;
v0xba9e109dc910_2099 .array/port v0xba9e109dc910, 2099;
v0xba9e109dc910_2100 .array/port v0xba9e109dc910, 2100;
E_0xba9e109e1c10/526 .event anyedge, v0xba9e109dc910_2097, v0xba9e109dc910_2098, v0xba9e109dc910_2099, v0xba9e109dc910_2100;
v0xba9e109dc910_2101 .array/port v0xba9e109dc910, 2101;
v0xba9e109dc910_2102 .array/port v0xba9e109dc910, 2102;
v0xba9e109dc910_2103 .array/port v0xba9e109dc910, 2103;
v0xba9e109dc910_2104 .array/port v0xba9e109dc910, 2104;
E_0xba9e109e1c10/527 .event anyedge, v0xba9e109dc910_2101, v0xba9e109dc910_2102, v0xba9e109dc910_2103, v0xba9e109dc910_2104;
v0xba9e109dc910_2105 .array/port v0xba9e109dc910, 2105;
v0xba9e109dc910_2106 .array/port v0xba9e109dc910, 2106;
v0xba9e109dc910_2107 .array/port v0xba9e109dc910, 2107;
v0xba9e109dc910_2108 .array/port v0xba9e109dc910, 2108;
E_0xba9e109e1c10/528 .event anyedge, v0xba9e109dc910_2105, v0xba9e109dc910_2106, v0xba9e109dc910_2107, v0xba9e109dc910_2108;
v0xba9e109dc910_2109 .array/port v0xba9e109dc910, 2109;
v0xba9e109dc910_2110 .array/port v0xba9e109dc910, 2110;
v0xba9e109dc910_2111 .array/port v0xba9e109dc910, 2111;
v0xba9e109dc910_2112 .array/port v0xba9e109dc910, 2112;
E_0xba9e109e1c10/529 .event anyedge, v0xba9e109dc910_2109, v0xba9e109dc910_2110, v0xba9e109dc910_2111, v0xba9e109dc910_2112;
v0xba9e109dc910_2113 .array/port v0xba9e109dc910, 2113;
v0xba9e109dc910_2114 .array/port v0xba9e109dc910, 2114;
v0xba9e109dc910_2115 .array/port v0xba9e109dc910, 2115;
v0xba9e109dc910_2116 .array/port v0xba9e109dc910, 2116;
E_0xba9e109e1c10/530 .event anyedge, v0xba9e109dc910_2113, v0xba9e109dc910_2114, v0xba9e109dc910_2115, v0xba9e109dc910_2116;
v0xba9e109dc910_2117 .array/port v0xba9e109dc910, 2117;
v0xba9e109dc910_2118 .array/port v0xba9e109dc910, 2118;
v0xba9e109dc910_2119 .array/port v0xba9e109dc910, 2119;
v0xba9e109dc910_2120 .array/port v0xba9e109dc910, 2120;
E_0xba9e109e1c10/531 .event anyedge, v0xba9e109dc910_2117, v0xba9e109dc910_2118, v0xba9e109dc910_2119, v0xba9e109dc910_2120;
v0xba9e109dc910_2121 .array/port v0xba9e109dc910, 2121;
v0xba9e109dc910_2122 .array/port v0xba9e109dc910, 2122;
v0xba9e109dc910_2123 .array/port v0xba9e109dc910, 2123;
v0xba9e109dc910_2124 .array/port v0xba9e109dc910, 2124;
E_0xba9e109e1c10/532 .event anyedge, v0xba9e109dc910_2121, v0xba9e109dc910_2122, v0xba9e109dc910_2123, v0xba9e109dc910_2124;
v0xba9e109dc910_2125 .array/port v0xba9e109dc910, 2125;
v0xba9e109dc910_2126 .array/port v0xba9e109dc910, 2126;
v0xba9e109dc910_2127 .array/port v0xba9e109dc910, 2127;
v0xba9e109dc910_2128 .array/port v0xba9e109dc910, 2128;
E_0xba9e109e1c10/533 .event anyedge, v0xba9e109dc910_2125, v0xba9e109dc910_2126, v0xba9e109dc910_2127, v0xba9e109dc910_2128;
v0xba9e109dc910_2129 .array/port v0xba9e109dc910, 2129;
v0xba9e109dc910_2130 .array/port v0xba9e109dc910, 2130;
v0xba9e109dc910_2131 .array/port v0xba9e109dc910, 2131;
v0xba9e109dc910_2132 .array/port v0xba9e109dc910, 2132;
E_0xba9e109e1c10/534 .event anyedge, v0xba9e109dc910_2129, v0xba9e109dc910_2130, v0xba9e109dc910_2131, v0xba9e109dc910_2132;
v0xba9e109dc910_2133 .array/port v0xba9e109dc910, 2133;
v0xba9e109dc910_2134 .array/port v0xba9e109dc910, 2134;
v0xba9e109dc910_2135 .array/port v0xba9e109dc910, 2135;
v0xba9e109dc910_2136 .array/port v0xba9e109dc910, 2136;
E_0xba9e109e1c10/535 .event anyedge, v0xba9e109dc910_2133, v0xba9e109dc910_2134, v0xba9e109dc910_2135, v0xba9e109dc910_2136;
v0xba9e109dc910_2137 .array/port v0xba9e109dc910, 2137;
v0xba9e109dc910_2138 .array/port v0xba9e109dc910, 2138;
v0xba9e109dc910_2139 .array/port v0xba9e109dc910, 2139;
v0xba9e109dc910_2140 .array/port v0xba9e109dc910, 2140;
E_0xba9e109e1c10/536 .event anyedge, v0xba9e109dc910_2137, v0xba9e109dc910_2138, v0xba9e109dc910_2139, v0xba9e109dc910_2140;
v0xba9e109dc910_2141 .array/port v0xba9e109dc910, 2141;
v0xba9e109dc910_2142 .array/port v0xba9e109dc910, 2142;
v0xba9e109dc910_2143 .array/port v0xba9e109dc910, 2143;
v0xba9e109dc910_2144 .array/port v0xba9e109dc910, 2144;
E_0xba9e109e1c10/537 .event anyedge, v0xba9e109dc910_2141, v0xba9e109dc910_2142, v0xba9e109dc910_2143, v0xba9e109dc910_2144;
v0xba9e109dc910_2145 .array/port v0xba9e109dc910, 2145;
v0xba9e109dc910_2146 .array/port v0xba9e109dc910, 2146;
v0xba9e109dc910_2147 .array/port v0xba9e109dc910, 2147;
v0xba9e109dc910_2148 .array/port v0xba9e109dc910, 2148;
E_0xba9e109e1c10/538 .event anyedge, v0xba9e109dc910_2145, v0xba9e109dc910_2146, v0xba9e109dc910_2147, v0xba9e109dc910_2148;
v0xba9e109dc910_2149 .array/port v0xba9e109dc910, 2149;
v0xba9e109dc910_2150 .array/port v0xba9e109dc910, 2150;
v0xba9e109dc910_2151 .array/port v0xba9e109dc910, 2151;
v0xba9e109dc910_2152 .array/port v0xba9e109dc910, 2152;
E_0xba9e109e1c10/539 .event anyedge, v0xba9e109dc910_2149, v0xba9e109dc910_2150, v0xba9e109dc910_2151, v0xba9e109dc910_2152;
v0xba9e109dc910_2153 .array/port v0xba9e109dc910, 2153;
v0xba9e109dc910_2154 .array/port v0xba9e109dc910, 2154;
v0xba9e109dc910_2155 .array/port v0xba9e109dc910, 2155;
v0xba9e109dc910_2156 .array/port v0xba9e109dc910, 2156;
E_0xba9e109e1c10/540 .event anyedge, v0xba9e109dc910_2153, v0xba9e109dc910_2154, v0xba9e109dc910_2155, v0xba9e109dc910_2156;
v0xba9e109dc910_2157 .array/port v0xba9e109dc910, 2157;
v0xba9e109dc910_2158 .array/port v0xba9e109dc910, 2158;
v0xba9e109dc910_2159 .array/port v0xba9e109dc910, 2159;
v0xba9e109dc910_2160 .array/port v0xba9e109dc910, 2160;
E_0xba9e109e1c10/541 .event anyedge, v0xba9e109dc910_2157, v0xba9e109dc910_2158, v0xba9e109dc910_2159, v0xba9e109dc910_2160;
v0xba9e109dc910_2161 .array/port v0xba9e109dc910, 2161;
v0xba9e109dc910_2162 .array/port v0xba9e109dc910, 2162;
v0xba9e109dc910_2163 .array/port v0xba9e109dc910, 2163;
v0xba9e109dc910_2164 .array/port v0xba9e109dc910, 2164;
E_0xba9e109e1c10/542 .event anyedge, v0xba9e109dc910_2161, v0xba9e109dc910_2162, v0xba9e109dc910_2163, v0xba9e109dc910_2164;
v0xba9e109dc910_2165 .array/port v0xba9e109dc910, 2165;
v0xba9e109dc910_2166 .array/port v0xba9e109dc910, 2166;
v0xba9e109dc910_2167 .array/port v0xba9e109dc910, 2167;
v0xba9e109dc910_2168 .array/port v0xba9e109dc910, 2168;
E_0xba9e109e1c10/543 .event anyedge, v0xba9e109dc910_2165, v0xba9e109dc910_2166, v0xba9e109dc910_2167, v0xba9e109dc910_2168;
v0xba9e109dc910_2169 .array/port v0xba9e109dc910, 2169;
v0xba9e109dc910_2170 .array/port v0xba9e109dc910, 2170;
v0xba9e109dc910_2171 .array/port v0xba9e109dc910, 2171;
v0xba9e109dc910_2172 .array/port v0xba9e109dc910, 2172;
E_0xba9e109e1c10/544 .event anyedge, v0xba9e109dc910_2169, v0xba9e109dc910_2170, v0xba9e109dc910_2171, v0xba9e109dc910_2172;
v0xba9e109dc910_2173 .array/port v0xba9e109dc910, 2173;
v0xba9e109dc910_2174 .array/port v0xba9e109dc910, 2174;
v0xba9e109dc910_2175 .array/port v0xba9e109dc910, 2175;
v0xba9e109dc910_2176 .array/port v0xba9e109dc910, 2176;
E_0xba9e109e1c10/545 .event anyedge, v0xba9e109dc910_2173, v0xba9e109dc910_2174, v0xba9e109dc910_2175, v0xba9e109dc910_2176;
v0xba9e109dc910_2177 .array/port v0xba9e109dc910, 2177;
v0xba9e109dc910_2178 .array/port v0xba9e109dc910, 2178;
v0xba9e109dc910_2179 .array/port v0xba9e109dc910, 2179;
v0xba9e109dc910_2180 .array/port v0xba9e109dc910, 2180;
E_0xba9e109e1c10/546 .event anyedge, v0xba9e109dc910_2177, v0xba9e109dc910_2178, v0xba9e109dc910_2179, v0xba9e109dc910_2180;
v0xba9e109dc910_2181 .array/port v0xba9e109dc910, 2181;
v0xba9e109dc910_2182 .array/port v0xba9e109dc910, 2182;
v0xba9e109dc910_2183 .array/port v0xba9e109dc910, 2183;
v0xba9e109dc910_2184 .array/port v0xba9e109dc910, 2184;
E_0xba9e109e1c10/547 .event anyedge, v0xba9e109dc910_2181, v0xba9e109dc910_2182, v0xba9e109dc910_2183, v0xba9e109dc910_2184;
v0xba9e109dc910_2185 .array/port v0xba9e109dc910, 2185;
v0xba9e109dc910_2186 .array/port v0xba9e109dc910, 2186;
v0xba9e109dc910_2187 .array/port v0xba9e109dc910, 2187;
v0xba9e109dc910_2188 .array/port v0xba9e109dc910, 2188;
E_0xba9e109e1c10/548 .event anyedge, v0xba9e109dc910_2185, v0xba9e109dc910_2186, v0xba9e109dc910_2187, v0xba9e109dc910_2188;
v0xba9e109dc910_2189 .array/port v0xba9e109dc910, 2189;
v0xba9e109dc910_2190 .array/port v0xba9e109dc910, 2190;
v0xba9e109dc910_2191 .array/port v0xba9e109dc910, 2191;
v0xba9e109dc910_2192 .array/port v0xba9e109dc910, 2192;
E_0xba9e109e1c10/549 .event anyedge, v0xba9e109dc910_2189, v0xba9e109dc910_2190, v0xba9e109dc910_2191, v0xba9e109dc910_2192;
v0xba9e109dc910_2193 .array/port v0xba9e109dc910, 2193;
v0xba9e109dc910_2194 .array/port v0xba9e109dc910, 2194;
v0xba9e109dc910_2195 .array/port v0xba9e109dc910, 2195;
v0xba9e109dc910_2196 .array/port v0xba9e109dc910, 2196;
E_0xba9e109e1c10/550 .event anyedge, v0xba9e109dc910_2193, v0xba9e109dc910_2194, v0xba9e109dc910_2195, v0xba9e109dc910_2196;
v0xba9e109dc910_2197 .array/port v0xba9e109dc910, 2197;
v0xba9e109dc910_2198 .array/port v0xba9e109dc910, 2198;
v0xba9e109dc910_2199 .array/port v0xba9e109dc910, 2199;
v0xba9e109dc910_2200 .array/port v0xba9e109dc910, 2200;
E_0xba9e109e1c10/551 .event anyedge, v0xba9e109dc910_2197, v0xba9e109dc910_2198, v0xba9e109dc910_2199, v0xba9e109dc910_2200;
v0xba9e109dc910_2201 .array/port v0xba9e109dc910, 2201;
v0xba9e109dc910_2202 .array/port v0xba9e109dc910, 2202;
v0xba9e109dc910_2203 .array/port v0xba9e109dc910, 2203;
v0xba9e109dc910_2204 .array/port v0xba9e109dc910, 2204;
E_0xba9e109e1c10/552 .event anyedge, v0xba9e109dc910_2201, v0xba9e109dc910_2202, v0xba9e109dc910_2203, v0xba9e109dc910_2204;
v0xba9e109dc910_2205 .array/port v0xba9e109dc910, 2205;
v0xba9e109dc910_2206 .array/port v0xba9e109dc910, 2206;
v0xba9e109dc910_2207 .array/port v0xba9e109dc910, 2207;
v0xba9e109dc910_2208 .array/port v0xba9e109dc910, 2208;
E_0xba9e109e1c10/553 .event anyedge, v0xba9e109dc910_2205, v0xba9e109dc910_2206, v0xba9e109dc910_2207, v0xba9e109dc910_2208;
v0xba9e109dc910_2209 .array/port v0xba9e109dc910, 2209;
v0xba9e109dc910_2210 .array/port v0xba9e109dc910, 2210;
v0xba9e109dc910_2211 .array/port v0xba9e109dc910, 2211;
v0xba9e109dc910_2212 .array/port v0xba9e109dc910, 2212;
E_0xba9e109e1c10/554 .event anyedge, v0xba9e109dc910_2209, v0xba9e109dc910_2210, v0xba9e109dc910_2211, v0xba9e109dc910_2212;
v0xba9e109dc910_2213 .array/port v0xba9e109dc910, 2213;
v0xba9e109dc910_2214 .array/port v0xba9e109dc910, 2214;
v0xba9e109dc910_2215 .array/port v0xba9e109dc910, 2215;
v0xba9e109dc910_2216 .array/port v0xba9e109dc910, 2216;
E_0xba9e109e1c10/555 .event anyedge, v0xba9e109dc910_2213, v0xba9e109dc910_2214, v0xba9e109dc910_2215, v0xba9e109dc910_2216;
v0xba9e109dc910_2217 .array/port v0xba9e109dc910, 2217;
v0xba9e109dc910_2218 .array/port v0xba9e109dc910, 2218;
v0xba9e109dc910_2219 .array/port v0xba9e109dc910, 2219;
v0xba9e109dc910_2220 .array/port v0xba9e109dc910, 2220;
E_0xba9e109e1c10/556 .event anyedge, v0xba9e109dc910_2217, v0xba9e109dc910_2218, v0xba9e109dc910_2219, v0xba9e109dc910_2220;
v0xba9e109dc910_2221 .array/port v0xba9e109dc910, 2221;
v0xba9e109dc910_2222 .array/port v0xba9e109dc910, 2222;
v0xba9e109dc910_2223 .array/port v0xba9e109dc910, 2223;
v0xba9e109dc910_2224 .array/port v0xba9e109dc910, 2224;
E_0xba9e109e1c10/557 .event anyedge, v0xba9e109dc910_2221, v0xba9e109dc910_2222, v0xba9e109dc910_2223, v0xba9e109dc910_2224;
v0xba9e109dc910_2225 .array/port v0xba9e109dc910, 2225;
v0xba9e109dc910_2226 .array/port v0xba9e109dc910, 2226;
v0xba9e109dc910_2227 .array/port v0xba9e109dc910, 2227;
v0xba9e109dc910_2228 .array/port v0xba9e109dc910, 2228;
E_0xba9e109e1c10/558 .event anyedge, v0xba9e109dc910_2225, v0xba9e109dc910_2226, v0xba9e109dc910_2227, v0xba9e109dc910_2228;
v0xba9e109dc910_2229 .array/port v0xba9e109dc910, 2229;
v0xba9e109dc910_2230 .array/port v0xba9e109dc910, 2230;
v0xba9e109dc910_2231 .array/port v0xba9e109dc910, 2231;
v0xba9e109dc910_2232 .array/port v0xba9e109dc910, 2232;
E_0xba9e109e1c10/559 .event anyedge, v0xba9e109dc910_2229, v0xba9e109dc910_2230, v0xba9e109dc910_2231, v0xba9e109dc910_2232;
v0xba9e109dc910_2233 .array/port v0xba9e109dc910, 2233;
v0xba9e109dc910_2234 .array/port v0xba9e109dc910, 2234;
v0xba9e109dc910_2235 .array/port v0xba9e109dc910, 2235;
v0xba9e109dc910_2236 .array/port v0xba9e109dc910, 2236;
E_0xba9e109e1c10/560 .event anyedge, v0xba9e109dc910_2233, v0xba9e109dc910_2234, v0xba9e109dc910_2235, v0xba9e109dc910_2236;
v0xba9e109dc910_2237 .array/port v0xba9e109dc910, 2237;
v0xba9e109dc910_2238 .array/port v0xba9e109dc910, 2238;
v0xba9e109dc910_2239 .array/port v0xba9e109dc910, 2239;
v0xba9e109dc910_2240 .array/port v0xba9e109dc910, 2240;
E_0xba9e109e1c10/561 .event anyedge, v0xba9e109dc910_2237, v0xba9e109dc910_2238, v0xba9e109dc910_2239, v0xba9e109dc910_2240;
v0xba9e109dc910_2241 .array/port v0xba9e109dc910, 2241;
v0xba9e109dc910_2242 .array/port v0xba9e109dc910, 2242;
v0xba9e109dc910_2243 .array/port v0xba9e109dc910, 2243;
v0xba9e109dc910_2244 .array/port v0xba9e109dc910, 2244;
E_0xba9e109e1c10/562 .event anyedge, v0xba9e109dc910_2241, v0xba9e109dc910_2242, v0xba9e109dc910_2243, v0xba9e109dc910_2244;
v0xba9e109dc910_2245 .array/port v0xba9e109dc910, 2245;
v0xba9e109dc910_2246 .array/port v0xba9e109dc910, 2246;
v0xba9e109dc910_2247 .array/port v0xba9e109dc910, 2247;
v0xba9e109dc910_2248 .array/port v0xba9e109dc910, 2248;
E_0xba9e109e1c10/563 .event anyedge, v0xba9e109dc910_2245, v0xba9e109dc910_2246, v0xba9e109dc910_2247, v0xba9e109dc910_2248;
v0xba9e109dc910_2249 .array/port v0xba9e109dc910, 2249;
v0xba9e109dc910_2250 .array/port v0xba9e109dc910, 2250;
v0xba9e109dc910_2251 .array/port v0xba9e109dc910, 2251;
v0xba9e109dc910_2252 .array/port v0xba9e109dc910, 2252;
E_0xba9e109e1c10/564 .event anyedge, v0xba9e109dc910_2249, v0xba9e109dc910_2250, v0xba9e109dc910_2251, v0xba9e109dc910_2252;
v0xba9e109dc910_2253 .array/port v0xba9e109dc910, 2253;
v0xba9e109dc910_2254 .array/port v0xba9e109dc910, 2254;
v0xba9e109dc910_2255 .array/port v0xba9e109dc910, 2255;
v0xba9e109dc910_2256 .array/port v0xba9e109dc910, 2256;
E_0xba9e109e1c10/565 .event anyedge, v0xba9e109dc910_2253, v0xba9e109dc910_2254, v0xba9e109dc910_2255, v0xba9e109dc910_2256;
v0xba9e109dc910_2257 .array/port v0xba9e109dc910, 2257;
v0xba9e109dc910_2258 .array/port v0xba9e109dc910, 2258;
v0xba9e109dc910_2259 .array/port v0xba9e109dc910, 2259;
v0xba9e109dc910_2260 .array/port v0xba9e109dc910, 2260;
E_0xba9e109e1c10/566 .event anyedge, v0xba9e109dc910_2257, v0xba9e109dc910_2258, v0xba9e109dc910_2259, v0xba9e109dc910_2260;
v0xba9e109dc910_2261 .array/port v0xba9e109dc910, 2261;
v0xba9e109dc910_2262 .array/port v0xba9e109dc910, 2262;
v0xba9e109dc910_2263 .array/port v0xba9e109dc910, 2263;
v0xba9e109dc910_2264 .array/port v0xba9e109dc910, 2264;
E_0xba9e109e1c10/567 .event anyedge, v0xba9e109dc910_2261, v0xba9e109dc910_2262, v0xba9e109dc910_2263, v0xba9e109dc910_2264;
v0xba9e109dc910_2265 .array/port v0xba9e109dc910, 2265;
v0xba9e109dc910_2266 .array/port v0xba9e109dc910, 2266;
v0xba9e109dc910_2267 .array/port v0xba9e109dc910, 2267;
v0xba9e109dc910_2268 .array/port v0xba9e109dc910, 2268;
E_0xba9e109e1c10/568 .event anyedge, v0xba9e109dc910_2265, v0xba9e109dc910_2266, v0xba9e109dc910_2267, v0xba9e109dc910_2268;
v0xba9e109dc910_2269 .array/port v0xba9e109dc910, 2269;
v0xba9e109dc910_2270 .array/port v0xba9e109dc910, 2270;
v0xba9e109dc910_2271 .array/port v0xba9e109dc910, 2271;
v0xba9e109dc910_2272 .array/port v0xba9e109dc910, 2272;
E_0xba9e109e1c10/569 .event anyedge, v0xba9e109dc910_2269, v0xba9e109dc910_2270, v0xba9e109dc910_2271, v0xba9e109dc910_2272;
v0xba9e109dc910_2273 .array/port v0xba9e109dc910, 2273;
v0xba9e109dc910_2274 .array/port v0xba9e109dc910, 2274;
v0xba9e109dc910_2275 .array/port v0xba9e109dc910, 2275;
v0xba9e109dc910_2276 .array/port v0xba9e109dc910, 2276;
E_0xba9e109e1c10/570 .event anyedge, v0xba9e109dc910_2273, v0xba9e109dc910_2274, v0xba9e109dc910_2275, v0xba9e109dc910_2276;
v0xba9e109dc910_2277 .array/port v0xba9e109dc910, 2277;
v0xba9e109dc910_2278 .array/port v0xba9e109dc910, 2278;
v0xba9e109dc910_2279 .array/port v0xba9e109dc910, 2279;
v0xba9e109dc910_2280 .array/port v0xba9e109dc910, 2280;
E_0xba9e109e1c10/571 .event anyedge, v0xba9e109dc910_2277, v0xba9e109dc910_2278, v0xba9e109dc910_2279, v0xba9e109dc910_2280;
v0xba9e109dc910_2281 .array/port v0xba9e109dc910, 2281;
v0xba9e109dc910_2282 .array/port v0xba9e109dc910, 2282;
v0xba9e109dc910_2283 .array/port v0xba9e109dc910, 2283;
v0xba9e109dc910_2284 .array/port v0xba9e109dc910, 2284;
E_0xba9e109e1c10/572 .event anyedge, v0xba9e109dc910_2281, v0xba9e109dc910_2282, v0xba9e109dc910_2283, v0xba9e109dc910_2284;
v0xba9e109dc910_2285 .array/port v0xba9e109dc910, 2285;
v0xba9e109dc910_2286 .array/port v0xba9e109dc910, 2286;
v0xba9e109dc910_2287 .array/port v0xba9e109dc910, 2287;
v0xba9e109dc910_2288 .array/port v0xba9e109dc910, 2288;
E_0xba9e109e1c10/573 .event anyedge, v0xba9e109dc910_2285, v0xba9e109dc910_2286, v0xba9e109dc910_2287, v0xba9e109dc910_2288;
v0xba9e109dc910_2289 .array/port v0xba9e109dc910, 2289;
v0xba9e109dc910_2290 .array/port v0xba9e109dc910, 2290;
v0xba9e109dc910_2291 .array/port v0xba9e109dc910, 2291;
v0xba9e109dc910_2292 .array/port v0xba9e109dc910, 2292;
E_0xba9e109e1c10/574 .event anyedge, v0xba9e109dc910_2289, v0xba9e109dc910_2290, v0xba9e109dc910_2291, v0xba9e109dc910_2292;
v0xba9e109dc910_2293 .array/port v0xba9e109dc910, 2293;
v0xba9e109dc910_2294 .array/port v0xba9e109dc910, 2294;
v0xba9e109dc910_2295 .array/port v0xba9e109dc910, 2295;
v0xba9e109dc910_2296 .array/port v0xba9e109dc910, 2296;
E_0xba9e109e1c10/575 .event anyedge, v0xba9e109dc910_2293, v0xba9e109dc910_2294, v0xba9e109dc910_2295, v0xba9e109dc910_2296;
v0xba9e109dc910_2297 .array/port v0xba9e109dc910, 2297;
v0xba9e109dc910_2298 .array/port v0xba9e109dc910, 2298;
v0xba9e109dc910_2299 .array/port v0xba9e109dc910, 2299;
v0xba9e109dc910_2300 .array/port v0xba9e109dc910, 2300;
E_0xba9e109e1c10/576 .event anyedge, v0xba9e109dc910_2297, v0xba9e109dc910_2298, v0xba9e109dc910_2299, v0xba9e109dc910_2300;
v0xba9e109dc910_2301 .array/port v0xba9e109dc910, 2301;
v0xba9e109dc910_2302 .array/port v0xba9e109dc910, 2302;
v0xba9e109dc910_2303 .array/port v0xba9e109dc910, 2303;
v0xba9e109dc910_2304 .array/port v0xba9e109dc910, 2304;
E_0xba9e109e1c10/577 .event anyedge, v0xba9e109dc910_2301, v0xba9e109dc910_2302, v0xba9e109dc910_2303, v0xba9e109dc910_2304;
v0xba9e109dc910_2305 .array/port v0xba9e109dc910, 2305;
v0xba9e109dc910_2306 .array/port v0xba9e109dc910, 2306;
v0xba9e109dc910_2307 .array/port v0xba9e109dc910, 2307;
v0xba9e109dc910_2308 .array/port v0xba9e109dc910, 2308;
E_0xba9e109e1c10/578 .event anyedge, v0xba9e109dc910_2305, v0xba9e109dc910_2306, v0xba9e109dc910_2307, v0xba9e109dc910_2308;
v0xba9e109dc910_2309 .array/port v0xba9e109dc910, 2309;
v0xba9e109dc910_2310 .array/port v0xba9e109dc910, 2310;
v0xba9e109dc910_2311 .array/port v0xba9e109dc910, 2311;
v0xba9e109dc910_2312 .array/port v0xba9e109dc910, 2312;
E_0xba9e109e1c10/579 .event anyedge, v0xba9e109dc910_2309, v0xba9e109dc910_2310, v0xba9e109dc910_2311, v0xba9e109dc910_2312;
v0xba9e109dc910_2313 .array/port v0xba9e109dc910, 2313;
v0xba9e109dc910_2314 .array/port v0xba9e109dc910, 2314;
v0xba9e109dc910_2315 .array/port v0xba9e109dc910, 2315;
v0xba9e109dc910_2316 .array/port v0xba9e109dc910, 2316;
E_0xba9e109e1c10/580 .event anyedge, v0xba9e109dc910_2313, v0xba9e109dc910_2314, v0xba9e109dc910_2315, v0xba9e109dc910_2316;
v0xba9e109dc910_2317 .array/port v0xba9e109dc910, 2317;
v0xba9e109dc910_2318 .array/port v0xba9e109dc910, 2318;
v0xba9e109dc910_2319 .array/port v0xba9e109dc910, 2319;
v0xba9e109dc910_2320 .array/port v0xba9e109dc910, 2320;
E_0xba9e109e1c10/581 .event anyedge, v0xba9e109dc910_2317, v0xba9e109dc910_2318, v0xba9e109dc910_2319, v0xba9e109dc910_2320;
v0xba9e109dc910_2321 .array/port v0xba9e109dc910, 2321;
v0xba9e109dc910_2322 .array/port v0xba9e109dc910, 2322;
v0xba9e109dc910_2323 .array/port v0xba9e109dc910, 2323;
v0xba9e109dc910_2324 .array/port v0xba9e109dc910, 2324;
E_0xba9e109e1c10/582 .event anyedge, v0xba9e109dc910_2321, v0xba9e109dc910_2322, v0xba9e109dc910_2323, v0xba9e109dc910_2324;
v0xba9e109dc910_2325 .array/port v0xba9e109dc910, 2325;
v0xba9e109dc910_2326 .array/port v0xba9e109dc910, 2326;
v0xba9e109dc910_2327 .array/port v0xba9e109dc910, 2327;
v0xba9e109dc910_2328 .array/port v0xba9e109dc910, 2328;
E_0xba9e109e1c10/583 .event anyedge, v0xba9e109dc910_2325, v0xba9e109dc910_2326, v0xba9e109dc910_2327, v0xba9e109dc910_2328;
v0xba9e109dc910_2329 .array/port v0xba9e109dc910, 2329;
v0xba9e109dc910_2330 .array/port v0xba9e109dc910, 2330;
v0xba9e109dc910_2331 .array/port v0xba9e109dc910, 2331;
v0xba9e109dc910_2332 .array/port v0xba9e109dc910, 2332;
E_0xba9e109e1c10/584 .event anyedge, v0xba9e109dc910_2329, v0xba9e109dc910_2330, v0xba9e109dc910_2331, v0xba9e109dc910_2332;
v0xba9e109dc910_2333 .array/port v0xba9e109dc910, 2333;
v0xba9e109dc910_2334 .array/port v0xba9e109dc910, 2334;
v0xba9e109dc910_2335 .array/port v0xba9e109dc910, 2335;
v0xba9e109dc910_2336 .array/port v0xba9e109dc910, 2336;
E_0xba9e109e1c10/585 .event anyedge, v0xba9e109dc910_2333, v0xba9e109dc910_2334, v0xba9e109dc910_2335, v0xba9e109dc910_2336;
v0xba9e109dc910_2337 .array/port v0xba9e109dc910, 2337;
v0xba9e109dc910_2338 .array/port v0xba9e109dc910, 2338;
v0xba9e109dc910_2339 .array/port v0xba9e109dc910, 2339;
v0xba9e109dc910_2340 .array/port v0xba9e109dc910, 2340;
E_0xba9e109e1c10/586 .event anyedge, v0xba9e109dc910_2337, v0xba9e109dc910_2338, v0xba9e109dc910_2339, v0xba9e109dc910_2340;
v0xba9e109dc910_2341 .array/port v0xba9e109dc910, 2341;
v0xba9e109dc910_2342 .array/port v0xba9e109dc910, 2342;
v0xba9e109dc910_2343 .array/port v0xba9e109dc910, 2343;
v0xba9e109dc910_2344 .array/port v0xba9e109dc910, 2344;
E_0xba9e109e1c10/587 .event anyedge, v0xba9e109dc910_2341, v0xba9e109dc910_2342, v0xba9e109dc910_2343, v0xba9e109dc910_2344;
v0xba9e109dc910_2345 .array/port v0xba9e109dc910, 2345;
v0xba9e109dc910_2346 .array/port v0xba9e109dc910, 2346;
v0xba9e109dc910_2347 .array/port v0xba9e109dc910, 2347;
v0xba9e109dc910_2348 .array/port v0xba9e109dc910, 2348;
E_0xba9e109e1c10/588 .event anyedge, v0xba9e109dc910_2345, v0xba9e109dc910_2346, v0xba9e109dc910_2347, v0xba9e109dc910_2348;
v0xba9e109dc910_2349 .array/port v0xba9e109dc910, 2349;
v0xba9e109dc910_2350 .array/port v0xba9e109dc910, 2350;
v0xba9e109dc910_2351 .array/port v0xba9e109dc910, 2351;
v0xba9e109dc910_2352 .array/port v0xba9e109dc910, 2352;
E_0xba9e109e1c10/589 .event anyedge, v0xba9e109dc910_2349, v0xba9e109dc910_2350, v0xba9e109dc910_2351, v0xba9e109dc910_2352;
v0xba9e109dc910_2353 .array/port v0xba9e109dc910, 2353;
v0xba9e109dc910_2354 .array/port v0xba9e109dc910, 2354;
v0xba9e109dc910_2355 .array/port v0xba9e109dc910, 2355;
v0xba9e109dc910_2356 .array/port v0xba9e109dc910, 2356;
E_0xba9e109e1c10/590 .event anyedge, v0xba9e109dc910_2353, v0xba9e109dc910_2354, v0xba9e109dc910_2355, v0xba9e109dc910_2356;
v0xba9e109dc910_2357 .array/port v0xba9e109dc910, 2357;
v0xba9e109dc910_2358 .array/port v0xba9e109dc910, 2358;
v0xba9e109dc910_2359 .array/port v0xba9e109dc910, 2359;
v0xba9e109dc910_2360 .array/port v0xba9e109dc910, 2360;
E_0xba9e109e1c10/591 .event anyedge, v0xba9e109dc910_2357, v0xba9e109dc910_2358, v0xba9e109dc910_2359, v0xba9e109dc910_2360;
v0xba9e109dc910_2361 .array/port v0xba9e109dc910, 2361;
v0xba9e109dc910_2362 .array/port v0xba9e109dc910, 2362;
v0xba9e109dc910_2363 .array/port v0xba9e109dc910, 2363;
v0xba9e109dc910_2364 .array/port v0xba9e109dc910, 2364;
E_0xba9e109e1c10/592 .event anyedge, v0xba9e109dc910_2361, v0xba9e109dc910_2362, v0xba9e109dc910_2363, v0xba9e109dc910_2364;
v0xba9e109dc910_2365 .array/port v0xba9e109dc910, 2365;
v0xba9e109dc910_2366 .array/port v0xba9e109dc910, 2366;
v0xba9e109dc910_2367 .array/port v0xba9e109dc910, 2367;
v0xba9e109dc910_2368 .array/port v0xba9e109dc910, 2368;
E_0xba9e109e1c10/593 .event anyedge, v0xba9e109dc910_2365, v0xba9e109dc910_2366, v0xba9e109dc910_2367, v0xba9e109dc910_2368;
v0xba9e109dc910_2369 .array/port v0xba9e109dc910, 2369;
v0xba9e109dc910_2370 .array/port v0xba9e109dc910, 2370;
v0xba9e109dc910_2371 .array/port v0xba9e109dc910, 2371;
v0xba9e109dc910_2372 .array/port v0xba9e109dc910, 2372;
E_0xba9e109e1c10/594 .event anyedge, v0xba9e109dc910_2369, v0xba9e109dc910_2370, v0xba9e109dc910_2371, v0xba9e109dc910_2372;
v0xba9e109dc910_2373 .array/port v0xba9e109dc910, 2373;
v0xba9e109dc910_2374 .array/port v0xba9e109dc910, 2374;
v0xba9e109dc910_2375 .array/port v0xba9e109dc910, 2375;
v0xba9e109dc910_2376 .array/port v0xba9e109dc910, 2376;
E_0xba9e109e1c10/595 .event anyedge, v0xba9e109dc910_2373, v0xba9e109dc910_2374, v0xba9e109dc910_2375, v0xba9e109dc910_2376;
v0xba9e109dc910_2377 .array/port v0xba9e109dc910, 2377;
v0xba9e109dc910_2378 .array/port v0xba9e109dc910, 2378;
v0xba9e109dc910_2379 .array/port v0xba9e109dc910, 2379;
v0xba9e109dc910_2380 .array/port v0xba9e109dc910, 2380;
E_0xba9e109e1c10/596 .event anyedge, v0xba9e109dc910_2377, v0xba9e109dc910_2378, v0xba9e109dc910_2379, v0xba9e109dc910_2380;
v0xba9e109dc910_2381 .array/port v0xba9e109dc910, 2381;
v0xba9e109dc910_2382 .array/port v0xba9e109dc910, 2382;
v0xba9e109dc910_2383 .array/port v0xba9e109dc910, 2383;
v0xba9e109dc910_2384 .array/port v0xba9e109dc910, 2384;
E_0xba9e109e1c10/597 .event anyedge, v0xba9e109dc910_2381, v0xba9e109dc910_2382, v0xba9e109dc910_2383, v0xba9e109dc910_2384;
v0xba9e109dc910_2385 .array/port v0xba9e109dc910, 2385;
v0xba9e109dc910_2386 .array/port v0xba9e109dc910, 2386;
v0xba9e109dc910_2387 .array/port v0xba9e109dc910, 2387;
v0xba9e109dc910_2388 .array/port v0xba9e109dc910, 2388;
E_0xba9e109e1c10/598 .event anyedge, v0xba9e109dc910_2385, v0xba9e109dc910_2386, v0xba9e109dc910_2387, v0xba9e109dc910_2388;
v0xba9e109dc910_2389 .array/port v0xba9e109dc910, 2389;
v0xba9e109dc910_2390 .array/port v0xba9e109dc910, 2390;
v0xba9e109dc910_2391 .array/port v0xba9e109dc910, 2391;
v0xba9e109dc910_2392 .array/port v0xba9e109dc910, 2392;
E_0xba9e109e1c10/599 .event anyedge, v0xba9e109dc910_2389, v0xba9e109dc910_2390, v0xba9e109dc910_2391, v0xba9e109dc910_2392;
v0xba9e109dc910_2393 .array/port v0xba9e109dc910, 2393;
v0xba9e109dc910_2394 .array/port v0xba9e109dc910, 2394;
v0xba9e109dc910_2395 .array/port v0xba9e109dc910, 2395;
v0xba9e109dc910_2396 .array/port v0xba9e109dc910, 2396;
E_0xba9e109e1c10/600 .event anyedge, v0xba9e109dc910_2393, v0xba9e109dc910_2394, v0xba9e109dc910_2395, v0xba9e109dc910_2396;
v0xba9e109dc910_2397 .array/port v0xba9e109dc910, 2397;
v0xba9e109dc910_2398 .array/port v0xba9e109dc910, 2398;
v0xba9e109dc910_2399 .array/port v0xba9e109dc910, 2399;
v0xba9e109dc910_2400 .array/port v0xba9e109dc910, 2400;
E_0xba9e109e1c10/601 .event anyedge, v0xba9e109dc910_2397, v0xba9e109dc910_2398, v0xba9e109dc910_2399, v0xba9e109dc910_2400;
v0xba9e109dc910_2401 .array/port v0xba9e109dc910, 2401;
v0xba9e109dc910_2402 .array/port v0xba9e109dc910, 2402;
v0xba9e109dc910_2403 .array/port v0xba9e109dc910, 2403;
v0xba9e109dc910_2404 .array/port v0xba9e109dc910, 2404;
E_0xba9e109e1c10/602 .event anyedge, v0xba9e109dc910_2401, v0xba9e109dc910_2402, v0xba9e109dc910_2403, v0xba9e109dc910_2404;
v0xba9e109dc910_2405 .array/port v0xba9e109dc910, 2405;
v0xba9e109dc910_2406 .array/port v0xba9e109dc910, 2406;
v0xba9e109dc910_2407 .array/port v0xba9e109dc910, 2407;
v0xba9e109dc910_2408 .array/port v0xba9e109dc910, 2408;
E_0xba9e109e1c10/603 .event anyedge, v0xba9e109dc910_2405, v0xba9e109dc910_2406, v0xba9e109dc910_2407, v0xba9e109dc910_2408;
v0xba9e109dc910_2409 .array/port v0xba9e109dc910, 2409;
v0xba9e109dc910_2410 .array/port v0xba9e109dc910, 2410;
v0xba9e109dc910_2411 .array/port v0xba9e109dc910, 2411;
v0xba9e109dc910_2412 .array/port v0xba9e109dc910, 2412;
E_0xba9e109e1c10/604 .event anyedge, v0xba9e109dc910_2409, v0xba9e109dc910_2410, v0xba9e109dc910_2411, v0xba9e109dc910_2412;
v0xba9e109dc910_2413 .array/port v0xba9e109dc910, 2413;
v0xba9e109dc910_2414 .array/port v0xba9e109dc910, 2414;
v0xba9e109dc910_2415 .array/port v0xba9e109dc910, 2415;
v0xba9e109dc910_2416 .array/port v0xba9e109dc910, 2416;
E_0xba9e109e1c10/605 .event anyedge, v0xba9e109dc910_2413, v0xba9e109dc910_2414, v0xba9e109dc910_2415, v0xba9e109dc910_2416;
v0xba9e109dc910_2417 .array/port v0xba9e109dc910, 2417;
v0xba9e109dc910_2418 .array/port v0xba9e109dc910, 2418;
v0xba9e109dc910_2419 .array/port v0xba9e109dc910, 2419;
v0xba9e109dc910_2420 .array/port v0xba9e109dc910, 2420;
E_0xba9e109e1c10/606 .event anyedge, v0xba9e109dc910_2417, v0xba9e109dc910_2418, v0xba9e109dc910_2419, v0xba9e109dc910_2420;
v0xba9e109dc910_2421 .array/port v0xba9e109dc910, 2421;
v0xba9e109dc910_2422 .array/port v0xba9e109dc910, 2422;
v0xba9e109dc910_2423 .array/port v0xba9e109dc910, 2423;
v0xba9e109dc910_2424 .array/port v0xba9e109dc910, 2424;
E_0xba9e109e1c10/607 .event anyedge, v0xba9e109dc910_2421, v0xba9e109dc910_2422, v0xba9e109dc910_2423, v0xba9e109dc910_2424;
v0xba9e109dc910_2425 .array/port v0xba9e109dc910, 2425;
v0xba9e109dc910_2426 .array/port v0xba9e109dc910, 2426;
v0xba9e109dc910_2427 .array/port v0xba9e109dc910, 2427;
v0xba9e109dc910_2428 .array/port v0xba9e109dc910, 2428;
E_0xba9e109e1c10/608 .event anyedge, v0xba9e109dc910_2425, v0xba9e109dc910_2426, v0xba9e109dc910_2427, v0xba9e109dc910_2428;
v0xba9e109dc910_2429 .array/port v0xba9e109dc910, 2429;
v0xba9e109dc910_2430 .array/port v0xba9e109dc910, 2430;
v0xba9e109dc910_2431 .array/port v0xba9e109dc910, 2431;
v0xba9e109dc910_2432 .array/port v0xba9e109dc910, 2432;
E_0xba9e109e1c10/609 .event anyedge, v0xba9e109dc910_2429, v0xba9e109dc910_2430, v0xba9e109dc910_2431, v0xba9e109dc910_2432;
v0xba9e109dc910_2433 .array/port v0xba9e109dc910, 2433;
v0xba9e109dc910_2434 .array/port v0xba9e109dc910, 2434;
v0xba9e109dc910_2435 .array/port v0xba9e109dc910, 2435;
v0xba9e109dc910_2436 .array/port v0xba9e109dc910, 2436;
E_0xba9e109e1c10/610 .event anyedge, v0xba9e109dc910_2433, v0xba9e109dc910_2434, v0xba9e109dc910_2435, v0xba9e109dc910_2436;
v0xba9e109dc910_2437 .array/port v0xba9e109dc910, 2437;
v0xba9e109dc910_2438 .array/port v0xba9e109dc910, 2438;
v0xba9e109dc910_2439 .array/port v0xba9e109dc910, 2439;
v0xba9e109dc910_2440 .array/port v0xba9e109dc910, 2440;
E_0xba9e109e1c10/611 .event anyedge, v0xba9e109dc910_2437, v0xba9e109dc910_2438, v0xba9e109dc910_2439, v0xba9e109dc910_2440;
v0xba9e109dc910_2441 .array/port v0xba9e109dc910, 2441;
v0xba9e109dc910_2442 .array/port v0xba9e109dc910, 2442;
v0xba9e109dc910_2443 .array/port v0xba9e109dc910, 2443;
v0xba9e109dc910_2444 .array/port v0xba9e109dc910, 2444;
E_0xba9e109e1c10/612 .event anyedge, v0xba9e109dc910_2441, v0xba9e109dc910_2442, v0xba9e109dc910_2443, v0xba9e109dc910_2444;
v0xba9e109dc910_2445 .array/port v0xba9e109dc910, 2445;
v0xba9e109dc910_2446 .array/port v0xba9e109dc910, 2446;
v0xba9e109dc910_2447 .array/port v0xba9e109dc910, 2447;
v0xba9e109dc910_2448 .array/port v0xba9e109dc910, 2448;
E_0xba9e109e1c10/613 .event anyedge, v0xba9e109dc910_2445, v0xba9e109dc910_2446, v0xba9e109dc910_2447, v0xba9e109dc910_2448;
v0xba9e109dc910_2449 .array/port v0xba9e109dc910, 2449;
v0xba9e109dc910_2450 .array/port v0xba9e109dc910, 2450;
v0xba9e109dc910_2451 .array/port v0xba9e109dc910, 2451;
v0xba9e109dc910_2452 .array/port v0xba9e109dc910, 2452;
E_0xba9e109e1c10/614 .event anyedge, v0xba9e109dc910_2449, v0xba9e109dc910_2450, v0xba9e109dc910_2451, v0xba9e109dc910_2452;
v0xba9e109dc910_2453 .array/port v0xba9e109dc910, 2453;
v0xba9e109dc910_2454 .array/port v0xba9e109dc910, 2454;
v0xba9e109dc910_2455 .array/port v0xba9e109dc910, 2455;
v0xba9e109dc910_2456 .array/port v0xba9e109dc910, 2456;
E_0xba9e109e1c10/615 .event anyedge, v0xba9e109dc910_2453, v0xba9e109dc910_2454, v0xba9e109dc910_2455, v0xba9e109dc910_2456;
v0xba9e109dc910_2457 .array/port v0xba9e109dc910, 2457;
v0xba9e109dc910_2458 .array/port v0xba9e109dc910, 2458;
v0xba9e109dc910_2459 .array/port v0xba9e109dc910, 2459;
v0xba9e109dc910_2460 .array/port v0xba9e109dc910, 2460;
E_0xba9e109e1c10/616 .event anyedge, v0xba9e109dc910_2457, v0xba9e109dc910_2458, v0xba9e109dc910_2459, v0xba9e109dc910_2460;
v0xba9e109dc910_2461 .array/port v0xba9e109dc910, 2461;
v0xba9e109dc910_2462 .array/port v0xba9e109dc910, 2462;
v0xba9e109dc910_2463 .array/port v0xba9e109dc910, 2463;
v0xba9e109dc910_2464 .array/port v0xba9e109dc910, 2464;
E_0xba9e109e1c10/617 .event anyedge, v0xba9e109dc910_2461, v0xba9e109dc910_2462, v0xba9e109dc910_2463, v0xba9e109dc910_2464;
v0xba9e109dc910_2465 .array/port v0xba9e109dc910, 2465;
v0xba9e109dc910_2466 .array/port v0xba9e109dc910, 2466;
v0xba9e109dc910_2467 .array/port v0xba9e109dc910, 2467;
v0xba9e109dc910_2468 .array/port v0xba9e109dc910, 2468;
E_0xba9e109e1c10/618 .event anyedge, v0xba9e109dc910_2465, v0xba9e109dc910_2466, v0xba9e109dc910_2467, v0xba9e109dc910_2468;
v0xba9e109dc910_2469 .array/port v0xba9e109dc910, 2469;
v0xba9e109dc910_2470 .array/port v0xba9e109dc910, 2470;
v0xba9e109dc910_2471 .array/port v0xba9e109dc910, 2471;
v0xba9e109dc910_2472 .array/port v0xba9e109dc910, 2472;
E_0xba9e109e1c10/619 .event anyedge, v0xba9e109dc910_2469, v0xba9e109dc910_2470, v0xba9e109dc910_2471, v0xba9e109dc910_2472;
v0xba9e109dc910_2473 .array/port v0xba9e109dc910, 2473;
v0xba9e109dc910_2474 .array/port v0xba9e109dc910, 2474;
v0xba9e109dc910_2475 .array/port v0xba9e109dc910, 2475;
v0xba9e109dc910_2476 .array/port v0xba9e109dc910, 2476;
E_0xba9e109e1c10/620 .event anyedge, v0xba9e109dc910_2473, v0xba9e109dc910_2474, v0xba9e109dc910_2475, v0xba9e109dc910_2476;
v0xba9e109dc910_2477 .array/port v0xba9e109dc910, 2477;
v0xba9e109dc910_2478 .array/port v0xba9e109dc910, 2478;
v0xba9e109dc910_2479 .array/port v0xba9e109dc910, 2479;
v0xba9e109dc910_2480 .array/port v0xba9e109dc910, 2480;
E_0xba9e109e1c10/621 .event anyedge, v0xba9e109dc910_2477, v0xba9e109dc910_2478, v0xba9e109dc910_2479, v0xba9e109dc910_2480;
v0xba9e109dc910_2481 .array/port v0xba9e109dc910, 2481;
v0xba9e109dc910_2482 .array/port v0xba9e109dc910, 2482;
v0xba9e109dc910_2483 .array/port v0xba9e109dc910, 2483;
v0xba9e109dc910_2484 .array/port v0xba9e109dc910, 2484;
E_0xba9e109e1c10/622 .event anyedge, v0xba9e109dc910_2481, v0xba9e109dc910_2482, v0xba9e109dc910_2483, v0xba9e109dc910_2484;
v0xba9e109dc910_2485 .array/port v0xba9e109dc910, 2485;
v0xba9e109dc910_2486 .array/port v0xba9e109dc910, 2486;
v0xba9e109dc910_2487 .array/port v0xba9e109dc910, 2487;
v0xba9e109dc910_2488 .array/port v0xba9e109dc910, 2488;
E_0xba9e109e1c10/623 .event anyedge, v0xba9e109dc910_2485, v0xba9e109dc910_2486, v0xba9e109dc910_2487, v0xba9e109dc910_2488;
v0xba9e109dc910_2489 .array/port v0xba9e109dc910, 2489;
v0xba9e109dc910_2490 .array/port v0xba9e109dc910, 2490;
v0xba9e109dc910_2491 .array/port v0xba9e109dc910, 2491;
v0xba9e109dc910_2492 .array/port v0xba9e109dc910, 2492;
E_0xba9e109e1c10/624 .event anyedge, v0xba9e109dc910_2489, v0xba9e109dc910_2490, v0xba9e109dc910_2491, v0xba9e109dc910_2492;
v0xba9e109dc910_2493 .array/port v0xba9e109dc910, 2493;
v0xba9e109dc910_2494 .array/port v0xba9e109dc910, 2494;
v0xba9e109dc910_2495 .array/port v0xba9e109dc910, 2495;
v0xba9e109dc910_2496 .array/port v0xba9e109dc910, 2496;
E_0xba9e109e1c10/625 .event anyedge, v0xba9e109dc910_2493, v0xba9e109dc910_2494, v0xba9e109dc910_2495, v0xba9e109dc910_2496;
v0xba9e109dc910_2497 .array/port v0xba9e109dc910, 2497;
v0xba9e109dc910_2498 .array/port v0xba9e109dc910, 2498;
v0xba9e109dc910_2499 .array/port v0xba9e109dc910, 2499;
v0xba9e109dc910_2500 .array/port v0xba9e109dc910, 2500;
E_0xba9e109e1c10/626 .event anyedge, v0xba9e109dc910_2497, v0xba9e109dc910_2498, v0xba9e109dc910_2499, v0xba9e109dc910_2500;
v0xba9e109dc910_2501 .array/port v0xba9e109dc910, 2501;
v0xba9e109dc910_2502 .array/port v0xba9e109dc910, 2502;
v0xba9e109dc910_2503 .array/port v0xba9e109dc910, 2503;
v0xba9e109dc910_2504 .array/port v0xba9e109dc910, 2504;
E_0xba9e109e1c10/627 .event anyedge, v0xba9e109dc910_2501, v0xba9e109dc910_2502, v0xba9e109dc910_2503, v0xba9e109dc910_2504;
v0xba9e109dc910_2505 .array/port v0xba9e109dc910, 2505;
v0xba9e109dc910_2506 .array/port v0xba9e109dc910, 2506;
v0xba9e109dc910_2507 .array/port v0xba9e109dc910, 2507;
v0xba9e109dc910_2508 .array/port v0xba9e109dc910, 2508;
E_0xba9e109e1c10/628 .event anyedge, v0xba9e109dc910_2505, v0xba9e109dc910_2506, v0xba9e109dc910_2507, v0xba9e109dc910_2508;
v0xba9e109dc910_2509 .array/port v0xba9e109dc910, 2509;
v0xba9e109dc910_2510 .array/port v0xba9e109dc910, 2510;
v0xba9e109dc910_2511 .array/port v0xba9e109dc910, 2511;
v0xba9e109dc910_2512 .array/port v0xba9e109dc910, 2512;
E_0xba9e109e1c10/629 .event anyedge, v0xba9e109dc910_2509, v0xba9e109dc910_2510, v0xba9e109dc910_2511, v0xba9e109dc910_2512;
v0xba9e109dc910_2513 .array/port v0xba9e109dc910, 2513;
v0xba9e109dc910_2514 .array/port v0xba9e109dc910, 2514;
v0xba9e109dc910_2515 .array/port v0xba9e109dc910, 2515;
v0xba9e109dc910_2516 .array/port v0xba9e109dc910, 2516;
E_0xba9e109e1c10/630 .event anyedge, v0xba9e109dc910_2513, v0xba9e109dc910_2514, v0xba9e109dc910_2515, v0xba9e109dc910_2516;
v0xba9e109dc910_2517 .array/port v0xba9e109dc910, 2517;
v0xba9e109dc910_2518 .array/port v0xba9e109dc910, 2518;
v0xba9e109dc910_2519 .array/port v0xba9e109dc910, 2519;
v0xba9e109dc910_2520 .array/port v0xba9e109dc910, 2520;
E_0xba9e109e1c10/631 .event anyedge, v0xba9e109dc910_2517, v0xba9e109dc910_2518, v0xba9e109dc910_2519, v0xba9e109dc910_2520;
v0xba9e109dc910_2521 .array/port v0xba9e109dc910, 2521;
v0xba9e109dc910_2522 .array/port v0xba9e109dc910, 2522;
v0xba9e109dc910_2523 .array/port v0xba9e109dc910, 2523;
v0xba9e109dc910_2524 .array/port v0xba9e109dc910, 2524;
E_0xba9e109e1c10/632 .event anyedge, v0xba9e109dc910_2521, v0xba9e109dc910_2522, v0xba9e109dc910_2523, v0xba9e109dc910_2524;
v0xba9e109dc910_2525 .array/port v0xba9e109dc910, 2525;
v0xba9e109dc910_2526 .array/port v0xba9e109dc910, 2526;
v0xba9e109dc910_2527 .array/port v0xba9e109dc910, 2527;
v0xba9e109dc910_2528 .array/port v0xba9e109dc910, 2528;
E_0xba9e109e1c10/633 .event anyedge, v0xba9e109dc910_2525, v0xba9e109dc910_2526, v0xba9e109dc910_2527, v0xba9e109dc910_2528;
v0xba9e109dc910_2529 .array/port v0xba9e109dc910, 2529;
v0xba9e109dc910_2530 .array/port v0xba9e109dc910, 2530;
v0xba9e109dc910_2531 .array/port v0xba9e109dc910, 2531;
v0xba9e109dc910_2532 .array/port v0xba9e109dc910, 2532;
E_0xba9e109e1c10/634 .event anyedge, v0xba9e109dc910_2529, v0xba9e109dc910_2530, v0xba9e109dc910_2531, v0xba9e109dc910_2532;
v0xba9e109dc910_2533 .array/port v0xba9e109dc910, 2533;
v0xba9e109dc910_2534 .array/port v0xba9e109dc910, 2534;
v0xba9e109dc910_2535 .array/port v0xba9e109dc910, 2535;
v0xba9e109dc910_2536 .array/port v0xba9e109dc910, 2536;
E_0xba9e109e1c10/635 .event anyedge, v0xba9e109dc910_2533, v0xba9e109dc910_2534, v0xba9e109dc910_2535, v0xba9e109dc910_2536;
v0xba9e109dc910_2537 .array/port v0xba9e109dc910, 2537;
v0xba9e109dc910_2538 .array/port v0xba9e109dc910, 2538;
v0xba9e109dc910_2539 .array/port v0xba9e109dc910, 2539;
v0xba9e109dc910_2540 .array/port v0xba9e109dc910, 2540;
E_0xba9e109e1c10/636 .event anyedge, v0xba9e109dc910_2537, v0xba9e109dc910_2538, v0xba9e109dc910_2539, v0xba9e109dc910_2540;
v0xba9e109dc910_2541 .array/port v0xba9e109dc910, 2541;
v0xba9e109dc910_2542 .array/port v0xba9e109dc910, 2542;
v0xba9e109dc910_2543 .array/port v0xba9e109dc910, 2543;
v0xba9e109dc910_2544 .array/port v0xba9e109dc910, 2544;
E_0xba9e109e1c10/637 .event anyedge, v0xba9e109dc910_2541, v0xba9e109dc910_2542, v0xba9e109dc910_2543, v0xba9e109dc910_2544;
v0xba9e109dc910_2545 .array/port v0xba9e109dc910, 2545;
v0xba9e109dc910_2546 .array/port v0xba9e109dc910, 2546;
v0xba9e109dc910_2547 .array/port v0xba9e109dc910, 2547;
v0xba9e109dc910_2548 .array/port v0xba9e109dc910, 2548;
E_0xba9e109e1c10/638 .event anyedge, v0xba9e109dc910_2545, v0xba9e109dc910_2546, v0xba9e109dc910_2547, v0xba9e109dc910_2548;
v0xba9e109dc910_2549 .array/port v0xba9e109dc910, 2549;
v0xba9e109dc910_2550 .array/port v0xba9e109dc910, 2550;
v0xba9e109dc910_2551 .array/port v0xba9e109dc910, 2551;
v0xba9e109dc910_2552 .array/port v0xba9e109dc910, 2552;
E_0xba9e109e1c10/639 .event anyedge, v0xba9e109dc910_2549, v0xba9e109dc910_2550, v0xba9e109dc910_2551, v0xba9e109dc910_2552;
v0xba9e109dc910_2553 .array/port v0xba9e109dc910, 2553;
v0xba9e109dc910_2554 .array/port v0xba9e109dc910, 2554;
v0xba9e109dc910_2555 .array/port v0xba9e109dc910, 2555;
v0xba9e109dc910_2556 .array/port v0xba9e109dc910, 2556;
E_0xba9e109e1c10/640 .event anyedge, v0xba9e109dc910_2553, v0xba9e109dc910_2554, v0xba9e109dc910_2555, v0xba9e109dc910_2556;
v0xba9e109dc910_2557 .array/port v0xba9e109dc910, 2557;
v0xba9e109dc910_2558 .array/port v0xba9e109dc910, 2558;
v0xba9e109dc910_2559 .array/port v0xba9e109dc910, 2559;
v0xba9e109dc910_2560 .array/port v0xba9e109dc910, 2560;
E_0xba9e109e1c10/641 .event anyedge, v0xba9e109dc910_2557, v0xba9e109dc910_2558, v0xba9e109dc910_2559, v0xba9e109dc910_2560;
v0xba9e109dc910_2561 .array/port v0xba9e109dc910, 2561;
v0xba9e109dc910_2562 .array/port v0xba9e109dc910, 2562;
v0xba9e109dc910_2563 .array/port v0xba9e109dc910, 2563;
v0xba9e109dc910_2564 .array/port v0xba9e109dc910, 2564;
E_0xba9e109e1c10/642 .event anyedge, v0xba9e109dc910_2561, v0xba9e109dc910_2562, v0xba9e109dc910_2563, v0xba9e109dc910_2564;
v0xba9e109dc910_2565 .array/port v0xba9e109dc910, 2565;
v0xba9e109dc910_2566 .array/port v0xba9e109dc910, 2566;
v0xba9e109dc910_2567 .array/port v0xba9e109dc910, 2567;
v0xba9e109dc910_2568 .array/port v0xba9e109dc910, 2568;
E_0xba9e109e1c10/643 .event anyedge, v0xba9e109dc910_2565, v0xba9e109dc910_2566, v0xba9e109dc910_2567, v0xba9e109dc910_2568;
v0xba9e109dc910_2569 .array/port v0xba9e109dc910, 2569;
v0xba9e109dc910_2570 .array/port v0xba9e109dc910, 2570;
v0xba9e109dc910_2571 .array/port v0xba9e109dc910, 2571;
v0xba9e109dc910_2572 .array/port v0xba9e109dc910, 2572;
E_0xba9e109e1c10/644 .event anyedge, v0xba9e109dc910_2569, v0xba9e109dc910_2570, v0xba9e109dc910_2571, v0xba9e109dc910_2572;
v0xba9e109dc910_2573 .array/port v0xba9e109dc910, 2573;
v0xba9e109dc910_2574 .array/port v0xba9e109dc910, 2574;
v0xba9e109dc910_2575 .array/port v0xba9e109dc910, 2575;
v0xba9e109dc910_2576 .array/port v0xba9e109dc910, 2576;
E_0xba9e109e1c10/645 .event anyedge, v0xba9e109dc910_2573, v0xba9e109dc910_2574, v0xba9e109dc910_2575, v0xba9e109dc910_2576;
v0xba9e109dc910_2577 .array/port v0xba9e109dc910, 2577;
v0xba9e109dc910_2578 .array/port v0xba9e109dc910, 2578;
v0xba9e109dc910_2579 .array/port v0xba9e109dc910, 2579;
v0xba9e109dc910_2580 .array/port v0xba9e109dc910, 2580;
E_0xba9e109e1c10/646 .event anyedge, v0xba9e109dc910_2577, v0xba9e109dc910_2578, v0xba9e109dc910_2579, v0xba9e109dc910_2580;
v0xba9e109dc910_2581 .array/port v0xba9e109dc910, 2581;
v0xba9e109dc910_2582 .array/port v0xba9e109dc910, 2582;
v0xba9e109dc910_2583 .array/port v0xba9e109dc910, 2583;
v0xba9e109dc910_2584 .array/port v0xba9e109dc910, 2584;
E_0xba9e109e1c10/647 .event anyedge, v0xba9e109dc910_2581, v0xba9e109dc910_2582, v0xba9e109dc910_2583, v0xba9e109dc910_2584;
v0xba9e109dc910_2585 .array/port v0xba9e109dc910, 2585;
v0xba9e109dc910_2586 .array/port v0xba9e109dc910, 2586;
v0xba9e109dc910_2587 .array/port v0xba9e109dc910, 2587;
v0xba9e109dc910_2588 .array/port v0xba9e109dc910, 2588;
E_0xba9e109e1c10/648 .event anyedge, v0xba9e109dc910_2585, v0xba9e109dc910_2586, v0xba9e109dc910_2587, v0xba9e109dc910_2588;
v0xba9e109dc910_2589 .array/port v0xba9e109dc910, 2589;
v0xba9e109dc910_2590 .array/port v0xba9e109dc910, 2590;
v0xba9e109dc910_2591 .array/port v0xba9e109dc910, 2591;
v0xba9e109dc910_2592 .array/port v0xba9e109dc910, 2592;
E_0xba9e109e1c10/649 .event anyedge, v0xba9e109dc910_2589, v0xba9e109dc910_2590, v0xba9e109dc910_2591, v0xba9e109dc910_2592;
v0xba9e109dc910_2593 .array/port v0xba9e109dc910, 2593;
v0xba9e109dc910_2594 .array/port v0xba9e109dc910, 2594;
v0xba9e109dc910_2595 .array/port v0xba9e109dc910, 2595;
v0xba9e109dc910_2596 .array/port v0xba9e109dc910, 2596;
E_0xba9e109e1c10/650 .event anyedge, v0xba9e109dc910_2593, v0xba9e109dc910_2594, v0xba9e109dc910_2595, v0xba9e109dc910_2596;
v0xba9e109dc910_2597 .array/port v0xba9e109dc910, 2597;
v0xba9e109dc910_2598 .array/port v0xba9e109dc910, 2598;
v0xba9e109dc910_2599 .array/port v0xba9e109dc910, 2599;
v0xba9e109dc910_2600 .array/port v0xba9e109dc910, 2600;
E_0xba9e109e1c10/651 .event anyedge, v0xba9e109dc910_2597, v0xba9e109dc910_2598, v0xba9e109dc910_2599, v0xba9e109dc910_2600;
v0xba9e109dc910_2601 .array/port v0xba9e109dc910, 2601;
v0xba9e109dc910_2602 .array/port v0xba9e109dc910, 2602;
v0xba9e109dc910_2603 .array/port v0xba9e109dc910, 2603;
v0xba9e109dc910_2604 .array/port v0xba9e109dc910, 2604;
E_0xba9e109e1c10/652 .event anyedge, v0xba9e109dc910_2601, v0xba9e109dc910_2602, v0xba9e109dc910_2603, v0xba9e109dc910_2604;
v0xba9e109dc910_2605 .array/port v0xba9e109dc910, 2605;
v0xba9e109dc910_2606 .array/port v0xba9e109dc910, 2606;
v0xba9e109dc910_2607 .array/port v0xba9e109dc910, 2607;
v0xba9e109dc910_2608 .array/port v0xba9e109dc910, 2608;
E_0xba9e109e1c10/653 .event anyedge, v0xba9e109dc910_2605, v0xba9e109dc910_2606, v0xba9e109dc910_2607, v0xba9e109dc910_2608;
v0xba9e109dc910_2609 .array/port v0xba9e109dc910, 2609;
v0xba9e109dc910_2610 .array/port v0xba9e109dc910, 2610;
v0xba9e109dc910_2611 .array/port v0xba9e109dc910, 2611;
v0xba9e109dc910_2612 .array/port v0xba9e109dc910, 2612;
E_0xba9e109e1c10/654 .event anyedge, v0xba9e109dc910_2609, v0xba9e109dc910_2610, v0xba9e109dc910_2611, v0xba9e109dc910_2612;
v0xba9e109dc910_2613 .array/port v0xba9e109dc910, 2613;
v0xba9e109dc910_2614 .array/port v0xba9e109dc910, 2614;
v0xba9e109dc910_2615 .array/port v0xba9e109dc910, 2615;
v0xba9e109dc910_2616 .array/port v0xba9e109dc910, 2616;
E_0xba9e109e1c10/655 .event anyedge, v0xba9e109dc910_2613, v0xba9e109dc910_2614, v0xba9e109dc910_2615, v0xba9e109dc910_2616;
v0xba9e109dc910_2617 .array/port v0xba9e109dc910, 2617;
v0xba9e109dc910_2618 .array/port v0xba9e109dc910, 2618;
v0xba9e109dc910_2619 .array/port v0xba9e109dc910, 2619;
v0xba9e109dc910_2620 .array/port v0xba9e109dc910, 2620;
E_0xba9e109e1c10/656 .event anyedge, v0xba9e109dc910_2617, v0xba9e109dc910_2618, v0xba9e109dc910_2619, v0xba9e109dc910_2620;
v0xba9e109dc910_2621 .array/port v0xba9e109dc910, 2621;
v0xba9e109dc910_2622 .array/port v0xba9e109dc910, 2622;
v0xba9e109dc910_2623 .array/port v0xba9e109dc910, 2623;
v0xba9e109dc910_2624 .array/port v0xba9e109dc910, 2624;
E_0xba9e109e1c10/657 .event anyedge, v0xba9e109dc910_2621, v0xba9e109dc910_2622, v0xba9e109dc910_2623, v0xba9e109dc910_2624;
v0xba9e109dc910_2625 .array/port v0xba9e109dc910, 2625;
v0xba9e109dc910_2626 .array/port v0xba9e109dc910, 2626;
v0xba9e109dc910_2627 .array/port v0xba9e109dc910, 2627;
v0xba9e109dc910_2628 .array/port v0xba9e109dc910, 2628;
E_0xba9e109e1c10/658 .event anyedge, v0xba9e109dc910_2625, v0xba9e109dc910_2626, v0xba9e109dc910_2627, v0xba9e109dc910_2628;
v0xba9e109dc910_2629 .array/port v0xba9e109dc910, 2629;
v0xba9e109dc910_2630 .array/port v0xba9e109dc910, 2630;
v0xba9e109dc910_2631 .array/port v0xba9e109dc910, 2631;
v0xba9e109dc910_2632 .array/port v0xba9e109dc910, 2632;
E_0xba9e109e1c10/659 .event anyedge, v0xba9e109dc910_2629, v0xba9e109dc910_2630, v0xba9e109dc910_2631, v0xba9e109dc910_2632;
v0xba9e109dc910_2633 .array/port v0xba9e109dc910, 2633;
v0xba9e109dc910_2634 .array/port v0xba9e109dc910, 2634;
v0xba9e109dc910_2635 .array/port v0xba9e109dc910, 2635;
v0xba9e109dc910_2636 .array/port v0xba9e109dc910, 2636;
E_0xba9e109e1c10/660 .event anyedge, v0xba9e109dc910_2633, v0xba9e109dc910_2634, v0xba9e109dc910_2635, v0xba9e109dc910_2636;
v0xba9e109dc910_2637 .array/port v0xba9e109dc910, 2637;
v0xba9e109dc910_2638 .array/port v0xba9e109dc910, 2638;
v0xba9e109dc910_2639 .array/port v0xba9e109dc910, 2639;
v0xba9e109dc910_2640 .array/port v0xba9e109dc910, 2640;
E_0xba9e109e1c10/661 .event anyedge, v0xba9e109dc910_2637, v0xba9e109dc910_2638, v0xba9e109dc910_2639, v0xba9e109dc910_2640;
v0xba9e109dc910_2641 .array/port v0xba9e109dc910, 2641;
v0xba9e109dc910_2642 .array/port v0xba9e109dc910, 2642;
v0xba9e109dc910_2643 .array/port v0xba9e109dc910, 2643;
v0xba9e109dc910_2644 .array/port v0xba9e109dc910, 2644;
E_0xba9e109e1c10/662 .event anyedge, v0xba9e109dc910_2641, v0xba9e109dc910_2642, v0xba9e109dc910_2643, v0xba9e109dc910_2644;
v0xba9e109dc910_2645 .array/port v0xba9e109dc910, 2645;
v0xba9e109dc910_2646 .array/port v0xba9e109dc910, 2646;
v0xba9e109dc910_2647 .array/port v0xba9e109dc910, 2647;
v0xba9e109dc910_2648 .array/port v0xba9e109dc910, 2648;
E_0xba9e109e1c10/663 .event anyedge, v0xba9e109dc910_2645, v0xba9e109dc910_2646, v0xba9e109dc910_2647, v0xba9e109dc910_2648;
v0xba9e109dc910_2649 .array/port v0xba9e109dc910, 2649;
v0xba9e109dc910_2650 .array/port v0xba9e109dc910, 2650;
v0xba9e109dc910_2651 .array/port v0xba9e109dc910, 2651;
v0xba9e109dc910_2652 .array/port v0xba9e109dc910, 2652;
E_0xba9e109e1c10/664 .event anyedge, v0xba9e109dc910_2649, v0xba9e109dc910_2650, v0xba9e109dc910_2651, v0xba9e109dc910_2652;
v0xba9e109dc910_2653 .array/port v0xba9e109dc910, 2653;
v0xba9e109dc910_2654 .array/port v0xba9e109dc910, 2654;
v0xba9e109dc910_2655 .array/port v0xba9e109dc910, 2655;
v0xba9e109dc910_2656 .array/port v0xba9e109dc910, 2656;
E_0xba9e109e1c10/665 .event anyedge, v0xba9e109dc910_2653, v0xba9e109dc910_2654, v0xba9e109dc910_2655, v0xba9e109dc910_2656;
v0xba9e109dc910_2657 .array/port v0xba9e109dc910, 2657;
v0xba9e109dc910_2658 .array/port v0xba9e109dc910, 2658;
v0xba9e109dc910_2659 .array/port v0xba9e109dc910, 2659;
v0xba9e109dc910_2660 .array/port v0xba9e109dc910, 2660;
E_0xba9e109e1c10/666 .event anyedge, v0xba9e109dc910_2657, v0xba9e109dc910_2658, v0xba9e109dc910_2659, v0xba9e109dc910_2660;
v0xba9e109dc910_2661 .array/port v0xba9e109dc910, 2661;
v0xba9e109dc910_2662 .array/port v0xba9e109dc910, 2662;
v0xba9e109dc910_2663 .array/port v0xba9e109dc910, 2663;
v0xba9e109dc910_2664 .array/port v0xba9e109dc910, 2664;
E_0xba9e109e1c10/667 .event anyedge, v0xba9e109dc910_2661, v0xba9e109dc910_2662, v0xba9e109dc910_2663, v0xba9e109dc910_2664;
v0xba9e109dc910_2665 .array/port v0xba9e109dc910, 2665;
v0xba9e109dc910_2666 .array/port v0xba9e109dc910, 2666;
v0xba9e109dc910_2667 .array/port v0xba9e109dc910, 2667;
v0xba9e109dc910_2668 .array/port v0xba9e109dc910, 2668;
E_0xba9e109e1c10/668 .event anyedge, v0xba9e109dc910_2665, v0xba9e109dc910_2666, v0xba9e109dc910_2667, v0xba9e109dc910_2668;
v0xba9e109dc910_2669 .array/port v0xba9e109dc910, 2669;
v0xba9e109dc910_2670 .array/port v0xba9e109dc910, 2670;
v0xba9e109dc910_2671 .array/port v0xba9e109dc910, 2671;
v0xba9e109dc910_2672 .array/port v0xba9e109dc910, 2672;
E_0xba9e109e1c10/669 .event anyedge, v0xba9e109dc910_2669, v0xba9e109dc910_2670, v0xba9e109dc910_2671, v0xba9e109dc910_2672;
v0xba9e109dc910_2673 .array/port v0xba9e109dc910, 2673;
v0xba9e109dc910_2674 .array/port v0xba9e109dc910, 2674;
v0xba9e109dc910_2675 .array/port v0xba9e109dc910, 2675;
v0xba9e109dc910_2676 .array/port v0xba9e109dc910, 2676;
E_0xba9e109e1c10/670 .event anyedge, v0xba9e109dc910_2673, v0xba9e109dc910_2674, v0xba9e109dc910_2675, v0xba9e109dc910_2676;
v0xba9e109dc910_2677 .array/port v0xba9e109dc910, 2677;
v0xba9e109dc910_2678 .array/port v0xba9e109dc910, 2678;
v0xba9e109dc910_2679 .array/port v0xba9e109dc910, 2679;
v0xba9e109dc910_2680 .array/port v0xba9e109dc910, 2680;
E_0xba9e109e1c10/671 .event anyedge, v0xba9e109dc910_2677, v0xba9e109dc910_2678, v0xba9e109dc910_2679, v0xba9e109dc910_2680;
v0xba9e109dc910_2681 .array/port v0xba9e109dc910, 2681;
v0xba9e109dc910_2682 .array/port v0xba9e109dc910, 2682;
v0xba9e109dc910_2683 .array/port v0xba9e109dc910, 2683;
v0xba9e109dc910_2684 .array/port v0xba9e109dc910, 2684;
E_0xba9e109e1c10/672 .event anyedge, v0xba9e109dc910_2681, v0xba9e109dc910_2682, v0xba9e109dc910_2683, v0xba9e109dc910_2684;
v0xba9e109dc910_2685 .array/port v0xba9e109dc910, 2685;
v0xba9e109dc910_2686 .array/port v0xba9e109dc910, 2686;
v0xba9e109dc910_2687 .array/port v0xba9e109dc910, 2687;
v0xba9e109dc910_2688 .array/port v0xba9e109dc910, 2688;
E_0xba9e109e1c10/673 .event anyedge, v0xba9e109dc910_2685, v0xba9e109dc910_2686, v0xba9e109dc910_2687, v0xba9e109dc910_2688;
v0xba9e109dc910_2689 .array/port v0xba9e109dc910, 2689;
v0xba9e109dc910_2690 .array/port v0xba9e109dc910, 2690;
v0xba9e109dc910_2691 .array/port v0xba9e109dc910, 2691;
v0xba9e109dc910_2692 .array/port v0xba9e109dc910, 2692;
E_0xba9e109e1c10/674 .event anyedge, v0xba9e109dc910_2689, v0xba9e109dc910_2690, v0xba9e109dc910_2691, v0xba9e109dc910_2692;
v0xba9e109dc910_2693 .array/port v0xba9e109dc910, 2693;
v0xba9e109dc910_2694 .array/port v0xba9e109dc910, 2694;
v0xba9e109dc910_2695 .array/port v0xba9e109dc910, 2695;
v0xba9e109dc910_2696 .array/port v0xba9e109dc910, 2696;
E_0xba9e109e1c10/675 .event anyedge, v0xba9e109dc910_2693, v0xba9e109dc910_2694, v0xba9e109dc910_2695, v0xba9e109dc910_2696;
v0xba9e109dc910_2697 .array/port v0xba9e109dc910, 2697;
v0xba9e109dc910_2698 .array/port v0xba9e109dc910, 2698;
v0xba9e109dc910_2699 .array/port v0xba9e109dc910, 2699;
v0xba9e109dc910_2700 .array/port v0xba9e109dc910, 2700;
E_0xba9e109e1c10/676 .event anyedge, v0xba9e109dc910_2697, v0xba9e109dc910_2698, v0xba9e109dc910_2699, v0xba9e109dc910_2700;
v0xba9e109dc910_2701 .array/port v0xba9e109dc910, 2701;
v0xba9e109dc910_2702 .array/port v0xba9e109dc910, 2702;
v0xba9e109dc910_2703 .array/port v0xba9e109dc910, 2703;
v0xba9e109dc910_2704 .array/port v0xba9e109dc910, 2704;
E_0xba9e109e1c10/677 .event anyedge, v0xba9e109dc910_2701, v0xba9e109dc910_2702, v0xba9e109dc910_2703, v0xba9e109dc910_2704;
v0xba9e109dc910_2705 .array/port v0xba9e109dc910, 2705;
v0xba9e109dc910_2706 .array/port v0xba9e109dc910, 2706;
v0xba9e109dc910_2707 .array/port v0xba9e109dc910, 2707;
v0xba9e109dc910_2708 .array/port v0xba9e109dc910, 2708;
E_0xba9e109e1c10/678 .event anyedge, v0xba9e109dc910_2705, v0xba9e109dc910_2706, v0xba9e109dc910_2707, v0xba9e109dc910_2708;
v0xba9e109dc910_2709 .array/port v0xba9e109dc910, 2709;
v0xba9e109dc910_2710 .array/port v0xba9e109dc910, 2710;
v0xba9e109dc910_2711 .array/port v0xba9e109dc910, 2711;
v0xba9e109dc910_2712 .array/port v0xba9e109dc910, 2712;
E_0xba9e109e1c10/679 .event anyedge, v0xba9e109dc910_2709, v0xba9e109dc910_2710, v0xba9e109dc910_2711, v0xba9e109dc910_2712;
v0xba9e109dc910_2713 .array/port v0xba9e109dc910, 2713;
v0xba9e109dc910_2714 .array/port v0xba9e109dc910, 2714;
v0xba9e109dc910_2715 .array/port v0xba9e109dc910, 2715;
v0xba9e109dc910_2716 .array/port v0xba9e109dc910, 2716;
E_0xba9e109e1c10/680 .event anyedge, v0xba9e109dc910_2713, v0xba9e109dc910_2714, v0xba9e109dc910_2715, v0xba9e109dc910_2716;
v0xba9e109dc910_2717 .array/port v0xba9e109dc910, 2717;
v0xba9e109dc910_2718 .array/port v0xba9e109dc910, 2718;
v0xba9e109dc910_2719 .array/port v0xba9e109dc910, 2719;
v0xba9e109dc910_2720 .array/port v0xba9e109dc910, 2720;
E_0xba9e109e1c10/681 .event anyedge, v0xba9e109dc910_2717, v0xba9e109dc910_2718, v0xba9e109dc910_2719, v0xba9e109dc910_2720;
v0xba9e109dc910_2721 .array/port v0xba9e109dc910, 2721;
v0xba9e109dc910_2722 .array/port v0xba9e109dc910, 2722;
v0xba9e109dc910_2723 .array/port v0xba9e109dc910, 2723;
v0xba9e109dc910_2724 .array/port v0xba9e109dc910, 2724;
E_0xba9e109e1c10/682 .event anyedge, v0xba9e109dc910_2721, v0xba9e109dc910_2722, v0xba9e109dc910_2723, v0xba9e109dc910_2724;
v0xba9e109dc910_2725 .array/port v0xba9e109dc910, 2725;
v0xba9e109dc910_2726 .array/port v0xba9e109dc910, 2726;
v0xba9e109dc910_2727 .array/port v0xba9e109dc910, 2727;
v0xba9e109dc910_2728 .array/port v0xba9e109dc910, 2728;
E_0xba9e109e1c10/683 .event anyedge, v0xba9e109dc910_2725, v0xba9e109dc910_2726, v0xba9e109dc910_2727, v0xba9e109dc910_2728;
v0xba9e109dc910_2729 .array/port v0xba9e109dc910, 2729;
v0xba9e109dc910_2730 .array/port v0xba9e109dc910, 2730;
v0xba9e109dc910_2731 .array/port v0xba9e109dc910, 2731;
v0xba9e109dc910_2732 .array/port v0xba9e109dc910, 2732;
E_0xba9e109e1c10/684 .event anyedge, v0xba9e109dc910_2729, v0xba9e109dc910_2730, v0xba9e109dc910_2731, v0xba9e109dc910_2732;
v0xba9e109dc910_2733 .array/port v0xba9e109dc910, 2733;
v0xba9e109dc910_2734 .array/port v0xba9e109dc910, 2734;
v0xba9e109dc910_2735 .array/port v0xba9e109dc910, 2735;
v0xba9e109dc910_2736 .array/port v0xba9e109dc910, 2736;
E_0xba9e109e1c10/685 .event anyedge, v0xba9e109dc910_2733, v0xba9e109dc910_2734, v0xba9e109dc910_2735, v0xba9e109dc910_2736;
v0xba9e109dc910_2737 .array/port v0xba9e109dc910, 2737;
v0xba9e109dc910_2738 .array/port v0xba9e109dc910, 2738;
v0xba9e109dc910_2739 .array/port v0xba9e109dc910, 2739;
v0xba9e109dc910_2740 .array/port v0xba9e109dc910, 2740;
E_0xba9e109e1c10/686 .event anyedge, v0xba9e109dc910_2737, v0xba9e109dc910_2738, v0xba9e109dc910_2739, v0xba9e109dc910_2740;
v0xba9e109dc910_2741 .array/port v0xba9e109dc910, 2741;
v0xba9e109dc910_2742 .array/port v0xba9e109dc910, 2742;
v0xba9e109dc910_2743 .array/port v0xba9e109dc910, 2743;
v0xba9e109dc910_2744 .array/port v0xba9e109dc910, 2744;
E_0xba9e109e1c10/687 .event anyedge, v0xba9e109dc910_2741, v0xba9e109dc910_2742, v0xba9e109dc910_2743, v0xba9e109dc910_2744;
v0xba9e109dc910_2745 .array/port v0xba9e109dc910, 2745;
v0xba9e109dc910_2746 .array/port v0xba9e109dc910, 2746;
v0xba9e109dc910_2747 .array/port v0xba9e109dc910, 2747;
v0xba9e109dc910_2748 .array/port v0xba9e109dc910, 2748;
E_0xba9e109e1c10/688 .event anyedge, v0xba9e109dc910_2745, v0xba9e109dc910_2746, v0xba9e109dc910_2747, v0xba9e109dc910_2748;
v0xba9e109dc910_2749 .array/port v0xba9e109dc910, 2749;
v0xba9e109dc910_2750 .array/port v0xba9e109dc910, 2750;
v0xba9e109dc910_2751 .array/port v0xba9e109dc910, 2751;
v0xba9e109dc910_2752 .array/port v0xba9e109dc910, 2752;
E_0xba9e109e1c10/689 .event anyedge, v0xba9e109dc910_2749, v0xba9e109dc910_2750, v0xba9e109dc910_2751, v0xba9e109dc910_2752;
v0xba9e109dc910_2753 .array/port v0xba9e109dc910, 2753;
v0xba9e109dc910_2754 .array/port v0xba9e109dc910, 2754;
v0xba9e109dc910_2755 .array/port v0xba9e109dc910, 2755;
v0xba9e109dc910_2756 .array/port v0xba9e109dc910, 2756;
E_0xba9e109e1c10/690 .event anyedge, v0xba9e109dc910_2753, v0xba9e109dc910_2754, v0xba9e109dc910_2755, v0xba9e109dc910_2756;
v0xba9e109dc910_2757 .array/port v0xba9e109dc910, 2757;
v0xba9e109dc910_2758 .array/port v0xba9e109dc910, 2758;
v0xba9e109dc910_2759 .array/port v0xba9e109dc910, 2759;
v0xba9e109dc910_2760 .array/port v0xba9e109dc910, 2760;
E_0xba9e109e1c10/691 .event anyedge, v0xba9e109dc910_2757, v0xba9e109dc910_2758, v0xba9e109dc910_2759, v0xba9e109dc910_2760;
v0xba9e109dc910_2761 .array/port v0xba9e109dc910, 2761;
v0xba9e109dc910_2762 .array/port v0xba9e109dc910, 2762;
v0xba9e109dc910_2763 .array/port v0xba9e109dc910, 2763;
v0xba9e109dc910_2764 .array/port v0xba9e109dc910, 2764;
E_0xba9e109e1c10/692 .event anyedge, v0xba9e109dc910_2761, v0xba9e109dc910_2762, v0xba9e109dc910_2763, v0xba9e109dc910_2764;
v0xba9e109dc910_2765 .array/port v0xba9e109dc910, 2765;
v0xba9e109dc910_2766 .array/port v0xba9e109dc910, 2766;
v0xba9e109dc910_2767 .array/port v0xba9e109dc910, 2767;
v0xba9e109dc910_2768 .array/port v0xba9e109dc910, 2768;
E_0xba9e109e1c10/693 .event anyedge, v0xba9e109dc910_2765, v0xba9e109dc910_2766, v0xba9e109dc910_2767, v0xba9e109dc910_2768;
v0xba9e109dc910_2769 .array/port v0xba9e109dc910, 2769;
v0xba9e109dc910_2770 .array/port v0xba9e109dc910, 2770;
v0xba9e109dc910_2771 .array/port v0xba9e109dc910, 2771;
v0xba9e109dc910_2772 .array/port v0xba9e109dc910, 2772;
E_0xba9e109e1c10/694 .event anyedge, v0xba9e109dc910_2769, v0xba9e109dc910_2770, v0xba9e109dc910_2771, v0xba9e109dc910_2772;
v0xba9e109dc910_2773 .array/port v0xba9e109dc910, 2773;
v0xba9e109dc910_2774 .array/port v0xba9e109dc910, 2774;
v0xba9e109dc910_2775 .array/port v0xba9e109dc910, 2775;
v0xba9e109dc910_2776 .array/port v0xba9e109dc910, 2776;
E_0xba9e109e1c10/695 .event anyedge, v0xba9e109dc910_2773, v0xba9e109dc910_2774, v0xba9e109dc910_2775, v0xba9e109dc910_2776;
v0xba9e109dc910_2777 .array/port v0xba9e109dc910, 2777;
v0xba9e109dc910_2778 .array/port v0xba9e109dc910, 2778;
v0xba9e109dc910_2779 .array/port v0xba9e109dc910, 2779;
v0xba9e109dc910_2780 .array/port v0xba9e109dc910, 2780;
E_0xba9e109e1c10/696 .event anyedge, v0xba9e109dc910_2777, v0xba9e109dc910_2778, v0xba9e109dc910_2779, v0xba9e109dc910_2780;
v0xba9e109dc910_2781 .array/port v0xba9e109dc910, 2781;
v0xba9e109dc910_2782 .array/port v0xba9e109dc910, 2782;
v0xba9e109dc910_2783 .array/port v0xba9e109dc910, 2783;
v0xba9e109dc910_2784 .array/port v0xba9e109dc910, 2784;
E_0xba9e109e1c10/697 .event anyedge, v0xba9e109dc910_2781, v0xba9e109dc910_2782, v0xba9e109dc910_2783, v0xba9e109dc910_2784;
v0xba9e109dc910_2785 .array/port v0xba9e109dc910, 2785;
v0xba9e109dc910_2786 .array/port v0xba9e109dc910, 2786;
v0xba9e109dc910_2787 .array/port v0xba9e109dc910, 2787;
v0xba9e109dc910_2788 .array/port v0xba9e109dc910, 2788;
E_0xba9e109e1c10/698 .event anyedge, v0xba9e109dc910_2785, v0xba9e109dc910_2786, v0xba9e109dc910_2787, v0xba9e109dc910_2788;
v0xba9e109dc910_2789 .array/port v0xba9e109dc910, 2789;
v0xba9e109dc910_2790 .array/port v0xba9e109dc910, 2790;
v0xba9e109dc910_2791 .array/port v0xba9e109dc910, 2791;
v0xba9e109dc910_2792 .array/port v0xba9e109dc910, 2792;
E_0xba9e109e1c10/699 .event anyedge, v0xba9e109dc910_2789, v0xba9e109dc910_2790, v0xba9e109dc910_2791, v0xba9e109dc910_2792;
v0xba9e109dc910_2793 .array/port v0xba9e109dc910, 2793;
v0xba9e109dc910_2794 .array/port v0xba9e109dc910, 2794;
v0xba9e109dc910_2795 .array/port v0xba9e109dc910, 2795;
v0xba9e109dc910_2796 .array/port v0xba9e109dc910, 2796;
E_0xba9e109e1c10/700 .event anyedge, v0xba9e109dc910_2793, v0xba9e109dc910_2794, v0xba9e109dc910_2795, v0xba9e109dc910_2796;
v0xba9e109dc910_2797 .array/port v0xba9e109dc910, 2797;
v0xba9e109dc910_2798 .array/port v0xba9e109dc910, 2798;
v0xba9e109dc910_2799 .array/port v0xba9e109dc910, 2799;
v0xba9e109dc910_2800 .array/port v0xba9e109dc910, 2800;
E_0xba9e109e1c10/701 .event anyedge, v0xba9e109dc910_2797, v0xba9e109dc910_2798, v0xba9e109dc910_2799, v0xba9e109dc910_2800;
v0xba9e109dc910_2801 .array/port v0xba9e109dc910, 2801;
v0xba9e109dc910_2802 .array/port v0xba9e109dc910, 2802;
v0xba9e109dc910_2803 .array/port v0xba9e109dc910, 2803;
v0xba9e109dc910_2804 .array/port v0xba9e109dc910, 2804;
E_0xba9e109e1c10/702 .event anyedge, v0xba9e109dc910_2801, v0xba9e109dc910_2802, v0xba9e109dc910_2803, v0xba9e109dc910_2804;
v0xba9e109dc910_2805 .array/port v0xba9e109dc910, 2805;
v0xba9e109dc910_2806 .array/port v0xba9e109dc910, 2806;
v0xba9e109dc910_2807 .array/port v0xba9e109dc910, 2807;
v0xba9e109dc910_2808 .array/port v0xba9e109dc910, 2808;
E_0xba9e109e1c10/703 .event anyedge, v0xba9e109dc910_2805, v0xba9e109dc910_2806, v0xba9e109dc910_2807, v0xba9e109dc910_2808;
v0xba9e109dc910_2809 .array/port v0xba9e109dc910, 2809;
v0xba9e109dc910_2810 .array/port v0xba9e109dc910, 2810;
v0xba9e109dc910_2811 .array/port v0xba9e109dc910, 2811;
v0xba9e109dc910_2812 .array/port v0xba9e109dc910, 2812;
E_0xba9e109e1c10/704 .event anyedge, v0xba9e109dc910_2809, v0xba9e109dc910_2810, v0xba9e109dc910_2811, v0xba9e109dc910_2812;
v0xba9e109dc910_2813 .array/port v0xba9e109dc910, 2813;
v0xba9e109dc910_2814 .array/port v0xba9e109dc910, 2814;
v0xba9e109dc910_2815 .array/port v0xba9e109dc910, 2815;
v0xba9e109dc910_2816 .array/port v0xba9e109dc910, 2816;
E_0xba9e109e1c10/705 .event anyedge, v0xba9e109dc910_2813, v0xba9e109dc910_2814, v0xba9e109dc910_2815, v0xba9e109dc910_2816;
v0xba9e109dc910_2817 .array/port v0xba9e109dc910, 2817;
v0xba9e109dc910_2818 .array/port v0xba9e109dc910, 2818;
v0xba9e109dc910_2819 .array/port v0xba9e109dc910, 2819;
v0xba9e109dc910_2820 .array/port v0xba9e109dc910, 2820;
E_0xba9e109e1c10/706 .event anyedge, v0xba9e109dc910_2817, v0xba9e109dc910_2818, v0xba9e109dc910_2819, v0xba9e109dc910_2820;
v0xba9e109dc910_2821 .array/port v0xba9e109dc910, 2821;
v0xba9e109dc910_2822 .array/port v0xba9e109dc910, 2822;
v0xba9e109dc910_2823 .array/port v0xba9e109dc910, 2823;
v0xba9e109dc910_2824 .array/port v0xba9e109dc910, 2824;
E_0xba9e109e1c10/707 .event anyedge, v0xba9e109dc910_2821, v0xba9e109dc910_2822, v0xba9e109dc910_2823, v0xba9e109dc910_2824;
v0xba9e109dc910_2825 .array/port v0xba9e109dc910, 2825;
v0xba9e109dc910_2826 .array/port v0xba9e109dc910, 2826;
v0xba9e109dc910_2827 .array/port v0xba9e109dc910, 2827;
v0xba9e109dc910_2828 .array/port v0xba9e109dc910, 2828;
E_0xba9e109e1c10/708 .event anyedge, v0xba9e109dc910_2825, v0xba9e109dc910_2826, v0xba9e109dc910_2827, v0xba9e109dc910_2828;
v0xba9e109dc910_2829 .array/port v0xba9e109dc910, 2829;
v0xba9e109dc910_2830 .array/port v0xba9e109dc910, 2830;
v0xba9e109dc910_2831 .array/port v0xba9e109dc910, 2831;
v0xba9e109dc910_2832 .array/port v0xba9e109dc910, 2832;
E_0xba9e109e1c10/709 .event anyedge, v0xba9e109dc910_2829, v0xba9e109dc910_2830, v0xba9e109dc910_2831, v0xba9e109dc910_2832;
v0xba9e109dc910_2833 .array/port v0xba9e109dc910, 2833;
v0xba9e109dc910_2834 .array/port v0xba9e109dc910, 2834;
v0xba9e109dc910_2835 .array/port v0xba9e109dc910, 2835;
v0xba9e109dc910_2836 .array/port v0xba9e109dc910, 2836;
E_0xba9e109e1c10/710 .event anyedge, v0xba9e109dc910_2833, v0xba9e109dc910_2834, v0xba9e109dc910_2835, v0xba9e109dc910_2836;
v0xba9e109dc910_2837 .array/port v0xba9e109dc910, 2837;
v0xba9e109dc910_2838 .array/port v0xba9e109dc910, 2838;
v0xba9e109dc910_2839 .array/port v0xba9e109dc910, 2839;
v0xba9e109dc910_2840 .array/port v0xba9e109dc910, 2840;
E_0xba9e109e1c10/711 .event anyedge, v0xba9e109dc910_2837, v0xba9e109dc910_2838, v0xba9e109dc910_2839, v0xba9e109dc910_2840;
v0xba9e109dc910_2841 .array/port v0xba9e109dc910, 2841;
v0xba9e109dc910_2842 .array/port v0xba9e109dc910, 2842;
v0xba9e109dc910_2843 .array/port v0xba9e109dc910, 2843;
v0xba9e109dc910_2844 .array/port v0xba9e109dc910, 2844;
E_0xba9e109e1c10/712 .event anyedge, v0xba9e109dc910_2841, v0xba9e109dc910_2842, v0xba9e109dc910_2843, v0xba9e109dc910_2844;
v0xba9e109dc910_2845 .array/port v0xba9e109dc910, 2845;
v0xba9e109dc910_2846 .array/port v0xba9e109dc910, 2846;
v0xba9e109dc910_2847 .array/port v0xba9e109dc910, 2847;
v0xba9e109dc910_2848 .array/port v0xba9e109dc910, 2848;
E_0xba9e109e1c10/713 .event anyedge, v0xba9e109dc910_2845, v0xba9e109dc910_2846, v0xba9e109dc910_2847, v0xba9e109dc910_2848;
v0xba9e109dc910_2849 .array/port v0xba9e109dc910, 2849;
v0xba9e109dc910_2850 .array/port v0xba9e109dc910, 2850;
v0xba9e109dc910_2851 .array/port v0xba9e109dc910, 2851;
v0xba9e109dc910_2852 .array/port v0xba9e109dc910, 2852;
E_0xba9e109e1c10/714 .event anyedge, v0xba9e109dc910_2849, v0xba9e109dc910_2850, v0xba9e109dc910_2851, v0xba9e109dc910_2852;
v0xba9e109dc910_2853 .array/port v0xba9e109dc910, 2853;
v0xba9e109dc910_2854 .array/port v0xba9e109dc910, 2854;
v0xba9e109dc910_2855 .array/port v0xba9e109dc910, 2855;
v0xba9e109dc910_2856 .array/port v0xba9e109dc910, 2856;
E_0xba9e109e1c10/715 .event anyedge, v0xba9e109dc910_2853, v0xba9e109dc910_2854, v0xba9e109dc910_2855, v0xba9e109dc910_2856;
v0xba9e109dc910_2857 .array/port v0xba9e109dc910, 2857;
v0xba9e109dc910_2858 .array/port v0xba9e109dc910, 2858;
v0xba9e109dc910_2859 .array/port v0xba9e109dc910, 2859;
v0xba9e109dc910_2860 .array/port v0xba9e109dc910, 2860;
E_0xba9e109e1c10/716 .event anyedge, v0xba9e109dc910_2857, v0xba9e109dc910_2858, v0xba9e109dc910_2859, v0xba9e109dc910_2860;
v0xba9e109dc910_2861 .array/port v0xba9e109dc910, 2861;
v0xba9e109dc910_2862 .array/port v0xba9e109dc910, 2862;
v0xba9e109dc910_2863 .array/port v0xba9e109dc910, 2863;
v0xba9e109dc910_2864 .array/port v0xba9e109dc910, 2864;
E_0xba9e109e1c10/717 .event anyedge, v0xba9e109dc910_2861, v0xba9e109dc910_2862, v0xba9e109dc910_2863, v0xba9e109dc910_2864;
v0xba9e109dc910_2865 .array/port v0xba9e109dc910, 2865;
v0xba9e109dc910_2866 .array/port v0xba9e109dc910, 2866;
v0xba9e109dc910_2867 .array/port v0xba9e109dc910, 2867;
v0xba9e109dc910_2868 .array/port v0xba9e109dc910, 2868;
E_0xba9e109e1c10/718 .event anyedge, v0xba9e109dc910_2865, v0xba9e109dc910_2866, v0xba9e109dc910_2867, v0xba9e109dc910_2868;
v0xba9e109dc910_2869 .array/port v0xba9e109dc910, 2869;
v0xba9e109dc910_2870 .array/port v0xba9e109dc910, 2870;
v0xba9e109dc910_2871 .array/port v0xba9e109dc910, 2871;
v0xba9e109dc910_2872 .array/port v0xba9e109dc910, 2872;
E_0xba9e109e1c10/719 .event anyedge, v0xba9e109dc910_2869, v0xba9e109dc910_2870, v0xba9e109dc910_2871, v0xba9e109dc910_2872;
v0xba9e109dc910_2873 .array/port v0xba9e109dc910, 2873;
v0xba9e109dc910_2874 .array/port v0xba9e109dc910, 2874;
v0xba9e109dc910_2875 .array/port v0xba9e109dc910, 2875;
v0xba9e109dc910_2876 .array/port v0xba9e109dc910, 2876;
E_0xba9e109e1c10/720 .event anyedge, v0xba9e109dc910_2873, v0xba9e109dc910_2874, v0xba9e109dc910_2875, v0xba9e109dc910_2876;
v0xba9e109dc910_2877 .array/port v0xba9e109dc910, 2877;
v0xba9e109dc910_2878 .array/port v0xba9e109dc910, 2878;
v0xba9e109dc910_2879 .array/port v0xba9e109dc910, 2879;
v0xba9e109dc910_2880 .array/port v0xba9e109dc910, 2880;
E_0xba9e109e1c10/721 .event anyedge, v0xba9e109dc910_2877, v0xba9e109dc910_2878, v0xba9e109dc910_2879, v0xba9e109dc910_2880;
v0xba9e109dc910_2881 .array/port v0xba9e109dc910, 2881;
v0xba9e109dc910_2882 .array/port v0xba9e109dc910, 2882;
v0xba9e109dc910_2883 .array/port v0xba9e109dc910, 2883;
v0xba9e109dc910_2884 .array/port v0xba9e109dc910, 2884;
E_0xba9e109e1c10/722 .event anyedge, v0xba9e109dc910_2881, v0xba9e109dc910_2882, v0xba9e109dc910_2883, v0xba9e109dc910_2884;
v0xba9e109dc910_2885 .array/port v0xba9e109dc910, 2885;
v0xba9e109dc910_2886 .array/port v0xba9e109dc910, 2886;
v0xba9e109dc910_2887 .array/port v0xba9e109dc910, 2887;
v0xba9e109dc910_2888 .array/port v0xba9e109dc910, 2888;
E_0xba9e109e1c10/723 .event anyedge, v0xba9e109dc910_2885, v0xba9e109dc910_2886, v0xba9e109dc910_2887, v0xba9e109dc910_2888;
v0xba9e109dc910_2889 .array/port v0xba9e109dc910, 2889;
v0xba9e109dc910_2890 .array/port v0xba9e109dc910, 2890;
v0xba9e109dc910_2891 .array/port v0xba9e109dc910, 2891;
v0xba9e109dc910_2892 .array/port v0xba9e109dc910, 2892;
E_0xba9e109e1c10/724 .event anyedge, v0xba9e109dc910_2889, v0xba9e109dc910_2890, v0xba9e109dc910_2891, v0xba9e109dc910_2892;
v0xba9e109dc910_2893 .array/port v0xba9e109dc910, 2893;
v0xba9e109dc910_2894 .array/port v0xba9e109dc910, 2894;
v0xba9e109dc910_2895 .array/port v0xba9e109dc910, 2895;
v0xba9e109dc910_2896 .array/port v0xba9e109dc910, 2896;
E_0xba9e109e1c10/725 .event anyedge, v0xba9e109dc910_2893, v0xba9e109dc910_2894, v0xba9e109dc910_2895, v0xba9e109dc910_2896;
v0xba9e109dc910_2897 .array/port v0xba9e109dc910, 2897;
v0xba9e109dc910_2898 .array/port v0xba9e109dc910, 2898;
v0xba9e109dc910_2899 .array/port v0xba9e109dc910, 2899;
v0xba9e109dc910_2900 .array/port v0xba9e109dc910, 2900;
E_0xba9e109e1c10/726 .event anyedge, v0xba9e109dc910_2897, v0xba9e109dc910_2898, v0xba9e109dc910_2899, v0xba9e109dc910_2900;
v0xba9e109dc910_2901 .array/port v0xba9e109dc910, 2901;
v0xba9e109dc910_2902 .array/port v0xba9e109dc910, 2902;
v0xba9e109dc910_2903 .array/port v0xba9e109dc910, 2903;
v0xba9e109dc910_2904 .array/port v0xba9e109dc910, 2904;
E_0xba9e109e1c10/727 .event anyedge, v0xba9e109dc910_2901, v0xba9e109dc910_2902, v0xba9e109dc910_2903, v0xba9e109dc910_2904;
v0xba9e109dc910_2905 .array/port v0xba9e109dc910, 2905;
v0xba9e109dc910_2906 .array/port v0xba9e109dc910, 2906;
v0xba9e109dc910_2907 .array/port v0xba9e109dc910, 2907;
v0xba9e109dc910_2908 .array/port v0xba9e109dc910, 2908;
E_0xba9e109e1c10/728 .event anyedge, v0xba9e109dc910_2905, v0xba9e109dc910_2906, v0xba9e109dc910_2907, v0xba9e109dc910_2908;
v0xba9e109dc910_2909 .array/port v0xba9e109dc910, 2909;
v0xba9e109dc910_2910 .array/port v0xba9e109dc910, 2910;
v0xba9e109dc910_2911 .array/port v0xba9e109dc910, 2911;
v0xba9e109dc910_2912 .array/port v0xba9e109dc910, 2912;
E_0xba9e109e1c10/729 .event anyedge, v0xba9e109dc910_2909, v0xba9e109dc910_2910, v0xba9e109dc910_2911, v0xba9e109dc910_2912;
v0xba9e109dc910_2913 .array/port v0xba9e109dc910, 2913;
v0xba9e109dc910_2914 .array/port v0xba9e109dc910, 2914;
v0xba9e109dc910_2915 .array/port v0xba9e109dc910, 2915;
v0xba9e109dc910_2916 .array/port v0xba9e109dc910, 2916;
E_0xba9e109e1c10/730 .event anyedge, v0xba9e109dc910_2913, v0xba9e109dc910_2914, v0xba9e109dc910_2915, v0xba9e109dc910_2916;
v0xba9e109dc910_2917 .array/port v0xba9e109dc910, 2917;
v0xba9e109dc910_2918 .array/port v0xba9e109dc910, 2918;
v0xba9e109dc910_2919 .array/port v0xba9e109dc910, 2919;
v0xba9e109dc910_2920 .array/port v0xba9e109dc910, 2920;
E_0xba9e109e1c10/731 .event anyedge, v0xba9e109dc910_2917, v0xba9e109dc910_2918, v0xba9e109dc910_2919, v0xba9e109dc910_2920;
v0xba9e109dc910_2921 .array/port v0xba9e109dc910, 2921;
v0xba9e109dc910_2922 .array/port v0xba9e109dc910, 2922;
v0xba9e109dc910_2923 .array/port v0xba9e109dc910, 2923;
v0xba9e109dc910_2924 .array/port v0xba9e109dc910, 2924;
E_0xba9e109e1c10/732 .event anyedge, v0xba9e109dc910_2921, v0xba9e109dc910_2922, v0xba9e109dc910_2923, v0xba9e109dc910_2924;
v0xba9e109dc910_2925 .array/port v0xba9e109dc910, 2925;
v0xba9e109dc910_2926 .array/port v0xba9e109dc910, 2926;
v0xba9e109dc910_2927 .array/port v0xba9e109dc910, 2927;
v0xba9e109dc910_2928 .array/port v0xba9e109dc910, 2928;
E_0xba9e109e1c10/733 .event anyedge, v0xba9e109dc910_2925, v0xba9e109dc910_2926, v0xba9e109dc910_2927, v0xba9e109dc910_2928;
v0xba9e109dc910_2929 .array/port v0xba9e109dc910, 2929;
v0xba9e109dc910_2930 .array/port v0xba9e109dc910, 2930;
v0xba9e109dc910_2931 .array/port v0xba9e109dc910, 2931;
v0xba9e109dc910_2932 .array/port v0xba9e109dc910, 2932;
E_0xba9e109e1c10/734 .event anyedge, v0xba9e109dc910_2929, v0xba9e109dc910_2930, v0xba9e109dc910_2931, v0xba9e109dc910_2932;
v0xba9e109dc910_2933 .array/port v0xba9e109dc910, 2933;
v0xba9e109dc910_2934 .array/port v0xba9e109dc910, 2934;
v0xba9e109dc910_2935 .array/port v0xba9e109dc910, 2935;
v0xba9e109dc910_2936 .array/port v0xba9e109dc910, 2936;
E_0xba9e109e1c10/735 .event anyedge, v0xba9e109dc910_2933, v0xba9e109dc910_2934, v0xba9e109dc910_2935, v0xba9e109dc910_2936;
v0xba9e109dc910_2937 .array/port v0xba9e109dc910, 2937;
v0xba9e109dc910_2938 .array/port v0xba9e109dc910, 2938;
v0xba9e109dc910_2939 .array/port v0xba9e109dc910, 2939;
v0xba9e109dc910_2940 .array/port v0xba9e109dc910, 2940;
E_0xba9e109e1c10/736 .event anyedge, v0xba9e109dc910_2937, v0xba9e109dc910_2938, v0xba9e109dc910_2939, v0xba9e109dc910_2940;
v0xba9e109dc910_2941 .array/port v0xba9e109dc910, 2941;
v0xba9e109dc910_2942 .array/port v0xba9e109dc910, 2942;
v0xba9e109dc910_2943 .array/port v0xba9e109dc910, 2943;
v0xba9e109dc910_2944 .array/port v0xba9e109dc910, 2944;
E_0xba9e109e1c10/737 .event anyedge, v0xba9e109dc910_2941, v0xba9e109dc910_2942, v0xba9e109dc910_2943, v0xba9e109dc910_2944;
v0xba9e109dc910_2945 .array/port v0xba9e109dc910, 2945;
v0xba9e109dc910_2946 .array/port v0xba9e109dc910, 2946;
v0xba9e109dc910_2947 .array/port v0xba9e109dc910, 2947;
v0xba9e109dc910_2948 .array/port v0xba9e109dc910, 2948;
E_0xba9e109e1c10/738 .event anyedge, v0xba9e109dc910_2945, v0xba9e109dc910_2946, v0xba9e109dc910_2947, v0xba9e109dc910_2948;
v0xba9e109dc910_2949 .array/port v0xba9e109dc910, 2949;
v0xba9e109dc910_2950 .array/port v0xba9e109dc910, 2950;
v0xba9e109dc910_2951 .array/port v0xba9e109dc910, 2951;
v0xba9e109dc910_2952 .array/port v0xba9e109dc910, 2952;
E_0xba9e109e1c10/739 .event anyedge, v0xba9e109dc910_2949, v0xba9e109dc910_2950, v0xba9e109dc910_2951, v0xba9e109dc910_2952;
v0xba9e109dc910_2953 .array/port v0xba9e109dc910, 2953;
v0xba9e109dc910_2954 .array/port v0xba9e109dc910, 2954;
v0xba9e109dc910_2955 .array/port v0xba9e109dc910, 2955;
v0xba9e109dc910_2956 .array/port v0xba9e109dc910, 2956;
E_0xba9e109e1c10/740 .event anyedge, v0xba9e109dc910_2953, v0xba9e109dc910_2954, v0xba9e109dc910_2955, v0xba9e109dc910_2956;
v0xba9e109dc910_2957 .array/port v0xba9e109dc910, 2957;
v0xba9e109dc910_2958 .array/port v0xba9e109dc910, 2958;
v0xba9e109dc910_2959 .array/port v0xba9e109dc910, 2959;
v0xba9e109dc910_2960 .array/port v0xba9e109dc910, 2960;
E_0xba9e109e1c10/741 .event anyedge, v0xba9e109dc910_2957, v0xba9e109dc910_2958, v0xba9e109dc910_2959, v0xba9e109dc910_2960;
v0xba9e109dc910_2961 .array/port v0xba9e109dc910, 2961;
v0xba9e109dc910_2962 .array/port v0xba9e109dc910, 2962;
v0xba9e109dc910_2963 .array/port v0xba9e109dc910, 2963;
v0xba9e109dc910_2964 .array/port v0xba9e109dc910, 2964;
E_0xba9e109e1c10/742 .event anyedge, v0xba9e109dc910_2961, v0xba9e109dc910_2962, v0xba9e109dc910_2963, v0xba9e109dc910_2964;
v0xba9e109dc910_2965 .array/port v0xba9e109dc910, 2965;
v0xba9e109dc910_2966 .array/port v0xba9e109dc910, 2966;
v0xba9e109dc910_2967 .array/port v0xba9e109dc910, 2967;
v0xba9e109dc910_2968 .array/port v0xba9e109dc910, 2968;
E_0xba9e109e1c10/743 .event anyedge, v0xba9e109dc910_2965, v0xba9e109dc910_2966, v0xba9e109dc910_2967, v0xba9e109dc910_2968;
v0xba9e109dc910_2969 .array/port v0xba9e109dc910, 2969;
v0xba9e109dc910_2970 .array/port v0xba9e109dc910, 2970;
v0xba9e109dc910_2971 .array/port v0xba9e109dc910, 2971;
v0xba9e109dc910_2972 .array/port v0xba9e109dc910, 2972;
E_0xba9e109e1c10/744 .event anyedge, v0xba9e109dc910_2969, v0xba9e109dc910_2970, v0xba9e109dc910_2971, v0xba9e109dc910_2972;
v0xba9e109dc910_2973 .array/port v0xba9e109dc910, 2973;
v0xba9e109dc910_2974 .array/port v0xba9e109dc910, 2974;
v0xba9e109dc910_2975 .array/port v0xba9e109dc910, 2975;
v0xba9e109dc910_2976 .array/port v0xba9e109dc910, 2976;
E_0xba9e109e1c10/745 .event anyedge, v0xba9e109dc910_2973, v0xba9e109dc910_2974, v0xba9e109dc910_2975, v0xba9e109dc910_2976;
v0xba9e109dc910_2977 .array/port v0xba9e109dc910, 2977;
v0xba9e109dc910_2978 .array/port v0xba9e109dc910, 2978;
v0xba9e109dc910_2979 .array/port v0xba9e109dc910, 2979;
v0xba9e109dc910_2980 .array/port v0xba9e109dc910, 2980;
E_0xba9e109e1c10/746 .event anyedge, v0xba9e109dc910_2977, v0xba9e109dc910_2978, v0xba9e109dc910_2979, v0xba9e109dc910_2980;
v0xba9e109dc910_2981 .array/port v0xba9e109dc910, 2981;
v0xba9e109dc910_2982 .array/port v0xba9e109dc910, 2982;
v0xba9e109dc910_2983 .array/port v0xba9e109dc910, 2983;
v0xba9e109dc910_2984 .array/port v0xba9e109dc910, 2984;
E_0xba9e109e1c10/747 .event anyedge, v0xba9e109dc910_2981, v0xba9e109dc910_2982, v0xba9e109dc910_2983, v0xba9e109dc910_2984;
v0xba9e109dc910_2985 .array/port v0xba9e109dc910, 2985;
v0xba9e109dc910_2986 .array/port v0xba9e109dc910, 2986;
v0xba9e109dc910_2987 .array/port v0xba9e109dc910, 2987;
v0xba9e109dc910_2988 .array/port v0xba9e109dc910, 2988;
E_0xba9e109e1c10/748 .event anyedge, v0xba9e109dc910_2985, v0xba9e109dc910_2986, v0xba9e109dc910_2987, v0xba9e109dc910_2988;
v0xba9e109dc910_2989 .array/port v0xba9e109dc910, 2989;
v0xba9e109dc910_2990 .array/port v0xba9e109dc910, 2990;
v0xba9e109dc910_2991 .array/port v0xba9e109dc910, 2991;
v0xba9e109dc910_2992 .array/port v0xba9e109dc910, 2992;
E_0xba9e109e1c10/749 .event anyedge, v0xba9e109dc910_2989, v0xba9e109dc910_2990, v0xba9e109dc910_2991, v0xba9e109dc910_2992;
v0xba9e109dc910_2993 .array/port v0xba9e109dc910, 2993;
v0xba9e109dc910_2994 .array/port v0xba9e109dc910, 2994;
v0xba9e109dc910_2995 .array/port v0xba9e109dc910, 2995;
v0xba9e109dc910_2996 .array/port v0xba9e109dc910, 2996;
E_0xba9e109e1c10/750 .event anyedge, v0xba9e109dc910_2993, v0xba9e109dc910_2994, v0xba9e109dc910_2995, v0xba9e109dc910_2996;
v0xba9e109dc910_2997 .array/port v0xba9e109dc910, 2997;
v0xba9e109dc910_2998 .array/port v0xba9e109dc910, 2998;
v0xba9e109dc910_2999 .array/port v0xba9e109dc910, 2999;
v0xba9e109dc910_3000 .array/port v0xba9e109dc910, 3000;
E_0xba9e109e1c10/751 .event anyedge, v0xba9e109dc910_2997, v0xba9e109dc910_2998, v0xba9e109dc910_2999, v0xba9e109dc910_3000;
v0xba9e109dc910_3001 .array/port v0xba9e109dc910, 3001;
v0xba9e109dc910_3002 .array/port v0xba9e109dc910, 3002;
v0xba9e109dc910_3003 .array/port v0xba9e109dc910, 3003;
v0xba9e109dc910_3004 .array/port v0xba9e109dc910, 3004;
E_0xba9e109e1c10/752 .event anyedge, v0xba9e109dc910_3001, v0xba9e109dc910_3002, v0xba9e109dc910_3003, v0xba9e109dc910_3004;
v0xba9e109dc910_3005 .array/port v0xba9e109dc910, 3005;
v0xba9e109dc910_3006 .array/port v0xba9e109dc910, 3006;
v0xba9e109dc910_3007 .array/port v0xba9e109dc910, 3007;
v0xba9e109dc910_3008 .array/port v0xba9e109dc910, 3008;
E_0xba9e109e1c10/753 .event anyedge, v0xba9e109dc910_3005, v0xba9e109dc910_3006, v0xba9e109dc910_3007, v0xba9e109dc910_3008;
v0xba9e109dc910_3009 .array/port v0xba9e109dc910, 3009;
v0xba9e109dc910_3010 .array/port v0xba9e109dc910, 3010;
v0xba9e109dc910_3011 .array/port v0xba9e109dc910, 3011;
v0xba9e109dc910_3012 .array/port v0xba9e109dc910, 3012;
E_0xba9e109e1c10/754 .event anyedge, v0xba9e109dc910_3009, v0xba9e109dc910_3010, v0xba9e109dc910_3011, v0xba9e109dc910_3012;
v0xba9e109dc910_3013 .array/port v0xba9e109dc910, 3013;
v0xba9e109dc910_3014 .array/port v0xba9e109dc910, 3014;
v0xba9e109dc910_3015 .array/port v0xba9e109dc910, 3015;
v0xba9e109dc910_3016 .array/port v0xba9e109dc910, 3016;
E_0xba9e109e1c10/755 .event anyedge, v0xba9e109dc910_3013, v0xba9e109dc910_3014, v0xba9e109dc910_3015, v0xba9e109dc910_3016;
v0xba9e109dc910_3017 .array/port v0xba9e109dc910, 3017;
v0xba9e109dc910_3018 .array/port v0xba9e109dc910, 3018;
v0xba9e109dc910_3019 .array/port v0xba9e109dc910, 3019;
v0xba9e109dc910_3020 .array/port v0xba9e109dc910, 3020;
E_0xba9e109e1c10/756 .event anyedge, v0xba9e109dc910_3017, v0xba9e109dc910_3018, v0xba9e109dc910_3019, v0xba9e109dc910_3020;
v0xba9e109dc910_3021 .array/port v0xba9e109dc910, 3021;
v0xba9e109dc910_3022 .array/port v0xba9e109dc910, 3022;
v0xba9e109dc910_3023 .array/port v0xba9e109dc910, 3023;
v0xba9e109dc910_3024 .array/port v0xba9e109dc910, 3024;
E_0xba9e109e1c10/757 .event anyedge, v0xba9e109dc910_3021, v0xba9e109dc910_3022, v0xba9e109dc910_3023, v0xba9e109dc910_3024;
v0xba9e109dc910_3025 .array/port v0xba9e109dc910, 3025;
v0xba9e109dc910_3026 .array/port v0xba9e109dc910, 3026;
v0xba9e109dc910_3027 .array/port v0xba9e109dc910, 3027;
v0xba9e109dc910_3028 .array/port v0xba9e109dc910, 3028;
E_0xba9e109e1c10/758 .event anyedge, v0xba9e109dc910_3025, v0xba9e109dc910_3026, v0xba9e109dc910_3027, v0xba9e109dc910_3028;
v0xba9e109dc910_3029 .array/port v0xba9e109dc910, 3029;
v0xba9e109dc910_3030 .array/port v0xba9e109dc910, 3030;
v0xba9e109dc910_3031 .array/port v0xba9e109dc910, 3031;
v0xba9e109dc910_3032 .array/port v0xba9e109dc910, 3032;
E_0xba9e109e1c10/759 .event anyedge, v0xba9e109dc910_3029, v0xba9e109dc910_3030, v0xba9e109dc910_3031, v0xba9e109dc910_3032;
v0xba9e109dc910_3033 .array/port v0xba9e109dc910, 3033;
v0xba9e109dc910_3034 .array/port v0xba9e109dc910, 3034;
v0xba9e109dc910_3035 .array/port v0xba9e109dc910, 3035;
v0xba9e109dc910_3036 .array/port v0xba9e109dc910, 3036;
E_0xba9e109e1c10/760 .event anyedge, v0xba9e109dc910_3033, v0xba9e109dc910_3034, v0xba9e109dc910_3035, v0xba9e109dc910_3036;
v0xba9e109dc910_3037 .array/port v0xba9e109dc910, 3037;
v0xba9e109dc910_3038 .array/port v0xba9e109dc910, 3038;
v0xba9e109dc910_3039 .array/port v0xba9e109dc910, 3039;
v0xba9e109dc910_3040 .array/port v0xba9e109dc910, 3040;
E_0xba9e109e1c10/761 .event anyedge, v0xba9e109dc910_3037, v0xba9e109dc910_3038, v0xba9e109dc910_3039, v0xba9e109dc910_3040;
v0xba9e109dc910_3041 .array/port v0xba9e109dc910, 3041;
v0xba9e109dc910_3042 .array/port v0xba9e109dc910, 3042;
v0xba9e109dc910_3043 .array/port v0xba9e109dc910, 3043;
v0xba9e109dc910_3044 .array/port v0xba9e109dc910, 3044;
E_0xba9e109e1c10/762 .event anyedge, v0xba9e109dc910_3041, v0xba9e109dc910_3042, v0xba9e109dc910_3043, v0xba9e109dc910_3044;
v0xba9e109dc910_3045 .array/port v0xba9e109dc910, 3045;
v0xba9e109dc910_3046 .array/port v0xba9e109dc910, 3046;
v0xba9e109dc910_3047 .array/port v0xba9e109dc910, 3047;
v0xba9e109dc910_3048 .array/port v0xba9e109dc910, 3048;
E_0xba9e109e1c10/763 .event anyedge, v0xba9e109dc910_3045, v0xba9e109dc910_3046, v0xba9e109dc910_3047, v0xba9e109dc910_3048;
v0xba9e109dc910_3049 .array/port v0xba9e109dc910, 3049;
v0xba9e109dc910_3050 .array/port v0xba9e109dc910, 3050;
v0xba9e109dc910_3051 .array/port v0xba9e109dc910, 3051;
v0xba9e109dc910_3052 .array/port v0xba9e109dc910, 3052;
E_0xba9e109e1c10/764 .event anyedge, v0xba9e109dc910_3049, v0xba9e109dc910_3050, v0xba9e109dc910_3051, v0xba9e109dc910_3052;
v0xba9e109dc910_3053 .array/port v0xba9e109dc910, 3053;
v0xba9e109dc910_3054 .array/port v0xba9e109dc910, 3054;
v0xba9e109dc910_3055 .array/port v0xba9e109dc910, 3055;
v0xba9e109dc910_3056 .array/port v0xba9e109dc910, 3056;
E_0xba9e109e1c10/765 .event anyedge, v0xba9e109dc910_3053, v0xba9e109dc910_3054, v0xba9e109dc910_3055, v0xba9e109dc910_3056;
v0xba9e109dc910_3057 .array/port v0xba9e109dc910, 3057;
v0xba9e109dc910_3058 .array/port v0xba9e109dc910, 3058;
v0xba9e109dc910_3059 .array/port v0xba9e109dc910, 3059;
v0xba9e109dc910_3060 .array/port v0xba9e109dc910, 3060;
E_0xba9e109e1c10/766 .event anyedge, v0xba9e109dc910_3057, v0xba9e109dc910_3058, v0xba9e109dc910_3059, v0xba9e109dc910_3060;
v0xba9e109dc910_3061 .array/port v0xba9e109dc910, 3061;
v0xba9e109dc910_3062 .array/port v0xba9e109dc910, 3062;
v0xba9e109dc910_3063 .array/port v0xba9e109dc910, 3063;
v0xba9e109dc910_3064 .array/port v0xba9e109dc910, 3064;
E_0xba9e109e1c10/767 .event anyedge, v0xba9e109dc910_3061, v0xba9e109dc910_3062, v0xba9e109dc910_3063, v0xba9e109dc910_3064;
v0xba9e109dc910_3065 .array/port v0xba9e109dc910, 3065;
v0xba9e109dc910_3066 .array/port v0xba9e109dc910, 3066;
v0xba9e109dc910_3067 .array/port v0xba9e109dc910, 3067;
v0xba9e109dc910_3068 .array/port v0xba9e109dc910, 3068;
E_0xba9e109e1c10/768 .event anyedge, v0xba9e109dc910_3065, v0xba9e109dc910_3066, v0xba9e109dc910_3067, v0xba9e109dc910_3068;
v0xba9e109dc910_3069 .array/port v0xba9e109dc910, 3069;
v0xba9e109dc910_3070 .array/port v0xba9e109dc910, 3070;
v0xba9e109dc910_3071 .array/port v0xba9e109dc910, 3071;
v0xba9e109dc910_3072 .array/port v0xba9e109dc910, 3072;
E_0xba9e109e1c10/769 .event anyedge, v0xba9e109dc910_3069, v0xba9e109dc910_3070, v0xba9e109dc910_3071, v0xba9e109dc910_3072;
v0xba9e109dc910_3073 .array/port v0xba9e109dc910, 3073;
v0xba9e109dc910_3074 .array/port v0xba9e109dc910, 3074;
v0xba9e109dc910_3075 .array/port v0xba9e109dc910, 3075;
v0xba9e109dc910_3076 .array/port v0xba9e109dc910, 3076;
E_0xba9e109e1c10/770 .event anyedge, v0xba9e109dc910_3073, v0xba9e109dc910_3074, v0xba9e109dc910_3075, v0xba9e109dc910_3076;
v0xba9e109dc910_3077 .array/port v0xba9e109dc910, 3077;
v0xba9e109dc910_3078 .array/port v0xba9e109dc910, 3078;
v0xba9e109dc910_3079 .array/port v0xba9e109dc910, 3079;
v0xba9e109dc910_3080 .array/port v0xba9e109dc910, 3080;
E_0xba9e109e1c10/771 .event anyedge, v0xba9e109dc910_3077, v0xba9e109dc910_3078, v0xba9e109dc910_3079, v0xba9e109dc910_3080;
v0xba9e109dc910_3081 .array/port v0xba9e109dc910, 3081;
v0xba9e109dc910_3082 .array/port v0xba9e109dc910, 3082;
v0xba9e109dc910_3083 .array/port v0xba9e109dc910, 3083;
v0xba9e109dc910_3084 .array/port v0xba9e109dc910, 3084;
E_0xba9e109e1c10/772 .event anyedge, v0xba9e109dc910_3081, v0xba9e109dc910_3082, v0xba9e109dc910_3083, v0xba9e109dc910_3084;
v0xba9e109dc910_3085 .array/port v0xba9e109dc910, 3085;
v0xba9e109dc910_3086 .array/port v0xba9e109dc910, 3086;
v0xba9e109dc910_3087 .array/port v0xba9e109dc910, 3087;
v0xba9e109dc910_3088 .array/port v0xba9e109dc910, 3088;
E_0xba9e109e1c10/773 .event anyedge, v0xba9e109dc910_3085, v0xba9e109dc910_3086, v0xba9e109dc910_3087, v0xba9e109dc910_3088;
v0xba9e109dc910_3089 .array/port v0xba9e109dc910, 3089;
v0xba9e109dc910_3090 .array/port v0xba9e109dc910, 3090;
v0xba9e109dc910_3091 .array/port v0xba9e109dc910, 3091;
v0xba9e109dc910_3092 .array/port v0xba9e109dc910, 3092;
E_0xba9e109e1c10/774 .event anyedge, v0xba9e109dc910_3089, v0xba9e109dc910_3090, v0xba9e109dc910_3091, v0xba9e109dc910_3092;
v0xba9e109dc910_3093 .array/port v0xba9e109dc910, 3093;
v0xba9e109dc910_3094 .array/port v0xba9e109dc910, 3094;
v0xba9e109dc910_3095 .array/port v0xba9e109dc910, 3095;
v0xba9e109dc910_3096 .array/port v0xba9e109dc910, 3096;
E_0xba9e109e1c10/775 .event anyedge, v0xba9e109dc910_3093, v0xba9e109dc910_3094, v0xba9e109dc910_3095, v0xba9e109dc910_3096;
v0xba9e109dc910_3097 .array/port v0xba9e109dc910, 3097;
v0xba9e109dc910_3098 .array/port v0xba9e109dc910, 3098;
v0xba9e109dc910_3099 .array/port v0xba9e109dc910, 3099;
v0xba9e109dc910_3100 .array/port v0xba9e109dc910, 3100;
E_0xba9e109e1c10/776 .event anyedge, v0xba9e109dc910_3097, v0xba9e109dc910_3098, v0xba9e109dc910_3099, v0xba9e109dc910_3100;
v0xba9e109dc910_3101 .array/port v0xba9e109dc910, 3101;
v0xba9e109dc910_3102 .array/port v0xba9e109dc910, 3102;
v0xba9e109dc910_3103 .array/port v0xba9e109dc910, 3103;
v0xba9e109dc910_3104 .array/port v0xba9e109dc910, 3104;
E_0xba9e109e1c10/777 .event anyedge, v0xba9e109dc910_3101, v0xba9e109dc910_3102, v0xba9e109dc910_3103, v0xba9e109dc910_3104;
v0xba9e109dc910_3105 .array/port v0xba9e109dc910, 3105;
v0xba9e109dc910_3106 .array/port v0xba9e109dc910, 3106;
v0xba9e109dc910_3107 .array/port v0xba9e109dc910, 3107;
v0xba9e109dc910_3108 .array/port v0xba9e109dc910, 3108;
E_0xba9e109e1c10/778 .event anyedge, v0xba9e109dc910_3105, v0xba9e109dc910_3106, v0xba9e109dc910_3107, v0xba9e109dc910_3108;
v0xba9e109dc910_3109 .array/port v0xba9e109dc910, 3109;
v0xba9e109dc910_3110 .array/port v0xba9e109dc910, 3110;
v0xba9e109dc910_3111 .array/port v0xba9e109dc910, 3111;
v0xba9e109dc910_3112 .array/port v0xba9e109dc910, 3112;
E_0xba9e109e1c10/779 .event anyedge, v0xba9e109dc910_3109, v0xba9e109dc910_3110, v0xba9e109dc910_3111, v0xba9e109dc910_3112;
v0xba9e109dc910_3113 .array/port v0xba9e109dc910, 3113;
v0xba9e109dc910_3114 .array/port v0xba9e109dc910, 3114;
v0xba9e109dc910_3115 .array/port v0xba9e109dc910, 3115;
v0xba9e109dc910_3116 .array/port v0xba9e109dc910, 3116;
E_0xba9e109e1c10/780 .event anyedge, v0xba9e109dc910_3113, v0xba9e109dc910_3114, v0xba9e109dc910_3115, v0xba9e109dc910_3116;
v0xba9e109dc910_3117 .array/port v0xba9e109dc910, 3117;
v0xba9e109dc910_3118 .array/port v0xba9e109dc910, 3118;
v0xba9e109dc910_3119 .array/port v0xba9e109dc910, 3119;
v0xba9e109dc910_3120 .array/port v0xba9e109dc910, 3120;
E_0xba9e109e1c10/781 .event anyedge, v0xba9e109dc910_3117, v0xba9e109dc910_3118, v0xba9e109dc910_3119, v0xba9e109dc910_3120;
v0xba9e109dc910_3121 .array/port v0xba9e109dc910, 3121;
v0xba9e109dc910_3122 .array/port v0xba9e109dc910, 3122;
v0xba9e109dc910_3123 .array/port v0xba9e109dc910, 3123;
v0xba9e109dc910_3124 .array/port v0xba9e109dc910, 3124;
E_0xba9e109e1c10/782 .event anyedge, v0xba9e109dc910_3121, v0xba9e109dc910_3122, v0xba9e109dc910_3123, v0xba9e109dc910_3124;
v0xba9e109dc910_3125 .array/port v0xba9e109dc910, 3125;
v0xba9e109dc910_3126 .array/port v0xba9e109dc910, 3126;
v0xba9e109dc910_3127 .array/port v0xba9e109dc910, 3127;
v0xba9e109dc910_3128 .array/port v0xba9e109dc910, 3128;
E_0xba9e109e1c10/783 .event anyedge, v0xba9e109dc910_3125, v0xba9e109dc910_3126, v0xba9e109dc910_3127, v0xba9e109dc910_3128;
v0xba9e109dc910_3129 .array/port v0xba9e109dc910, 3129;
v0xba9e109dc910_3130 .array/port v0xba9e109dc910, 3130;
v0xba9e109dc910_3131 .array/port v0xba9e109dc910, 3131;
v0xba9e109dc910_3132 .array/port v0xba9e109dc910, 3132;
E_0xba9e109e1c10/784 .event anyedge, v0xba9e109dc910_3129, v0xba9e109dc910_3130, v0xba9e109dc910_3131, v0xba9e109dc910_3132;
v0xba9e109dc910_3133 .array/port v0xba9e109dc910, 3133;
v0xba9e109dc910_3134 .array/port v0xba9e109dc910, 3134;
v0xba9e109dc910_3135 .array/port v0xba9e109dc910, 3135;
v0xba9e109dc910_3136 .array/port v0xba9e109dc910, 3136;
E_0xba9e109e1c10/785 .event anyedge, v0xba9e109dc910_3133, v0xba9e109dc910_3134, v0xba9e109dc910_3135, v0xba9e109dc910_3136;
v0xba9e109dc910_3137 .array/port v0xba9e109dc910, 3137;
v0xba9e109dc910_3138 .array/port v0xba9e109dc910, 3138;
v0xba9e109dc910_3139 .array/port v0xba9e109dc910, 3139;
v0xba9e109dc910_3140 .array/port v0xba9e109dc910, 3140;
E_0xba9e109e1c10/786 .event anyedge, v0xba9e109dc910_3137, v0xba9e109dc910_3138, v0xba9e109dc910_3139, v0xba9e109dc910_3140;
v0xba9e109dc910_3141 .array/port v0xba9e109dc910, 3141;
v0xba9e109dc910_3142 .array/port v0xba9e109dc910, 3142;
v0xba9e109dc910_3143 .array/port v0xba9e109dc910, 3143;
v0xba9e109dc910_3144 .array/port v0xba9e109dc910, 3144;
E_0xba9e109e1c10/787 .event anyedge, v0xba9e109dc910_3141, v0xba9e109dc910_3142, v0xba9e109dc910_3143, v0xba9e109dc910_3144;
v0xba9e109dc910_3145 .array/port v0xba9e109dc910, 3145;
v0xba9e109dc910_3146 .array/port v0xba9e109dc910, 3146;
v0xba9e109dc910_3147 .array/port v0xba9e109dc910, 3147;
v0xba9e109dc910_3148 .array/port v0xba9e109dc910, 3148;
E_0xba9e109e1c10/788 .event anyedge, v0xba9e109dc910_3145, v0xba9e109dc910_3146, v0xba9e109dc910_3147, v0xba9e109dc910_3148;
v0xba9e109dc910_3149 .array/port v0xba9e109dc910, 3149;
v0xba9e109dc910_3150 .array/port v0xba9e109dc910, 3150;
v0xba9e109dc910_3151 .array/port v0xba9e109dc910, 3151;
v0xba9e109dc910_3152 .array/port v0xba9e109dc910, 3152;
E_0xba9e109e1c10/789 .event anyedge, v0xba9e109dc910_3149, v0xba9e109dc910_3150, v0xba9e109dc910_3151, v0xba9e109dc910_3152;
v0xba9e109dc910_3153 .array/port v0xba9e109dc910, 3153;
v0xba9e109dc910_3154 .array/port v0xba9e109dc910, 3154;
v0xba9e109dc910_3155 .array/port v0xba9e109dc910, 3155;
v0xba9e109dc910_3156 .array/port v0xba9e109dc910, 3156;
E_0xba9e109e1c10/790 .event anyedge, v0xba9e109dc910_3153, v0xba9e109dc910_3154, v0xba9e109dc910_3155, v0xba9e109dc910_3156;
v0xba9e109dc910_3157 .array/port v0xba9e109dc910, 3157;
v0xba9e109dc910_3158 .array/port v0xba9e109dc910, 3158;
v0xba9e109dc910_3159 .array/port v0xba9e109dc910, 3159;
v0xba9e109dc910_3160 .array/port v0xba9e109dc910, 3160;
E_0xba9e109e1c10/791 .event anyedge, v0xba9e109dc910_3157, v0xba9e109dc910_3158, v0xba9e109dc910_3159, v0xba9e109dc910_3160;
v0xba9e109dc910_3161 .array/port v0xba9e109dc910, 3161;
v0xba9e109dc910_3162 .array/port v0xba9e109dc910, 3162;
v0xba9e109dc910_3163 .array/port v0xba9e109dc910, 3163;
v0xba9e109dc910_3164 .array/port v0xba9e109dc910, 3164;
E_0xba9e109e1c10/792 .event anyedge, v0xba9e109dc910_3161, v0xba9e109dc910_3162, v0xba9e109dc910_3163, v0xba9e109dc910_3164;
v0xba9e109dc910_3165 .array/port v0xba9e109dc910, 3165;
v0xba9e109dc910_3166 .array/port v0xba9e109dc910, 3166;
v0xba9e109dc910_3167 .array/port v0xba9e109dc910, 3167;
v0xba9e109dc910_3168 .array/port v0xba9e109dc910, 3168;
E_0xba9e109e1c10/793 .event anyedge, v0xba9e109dc910_3165, v0xba9e109dc910_3166, v0xba9e109dc910_3167, v0xba9e109dc910_3168;
v0xba9e109dc910_3169 .array/port v0xba9e109dc910, 3169;
v0xba9e109dc910_3170 .array/port v0xba9e109dc910, 3170;
v0xba9e109dc910_3171 .array/port v0xba9e109dc910, 3171;
v0xba9e109dc910_3172 .array/port v0xba9e109dc910, 3172;
E_0xba9e109e1c10/794 .event anyedge, v0xba9e109dc910_3169, v0xba9e109dc910_3170, v0xba9e109dc910_3171, v0xba9e109dc910_3172;
v0xba9e109dc910_3173 .array/port v0xba9e109dc910, 3173;
v0xba9e109dc910_3174 .array/port v0xba9e109dc910, 3174;
v0xba9e109dc910_3175 .array/port v0xba9e109dc910, 3175;
v0xba9e109dc910_3176 .array/port v0xba9e109dc910, 3176;
E_0xba9e109e1c10/795 .event anyedge, v0xba9e109dc910_3173, v0xba9e109dc910_3174, v0xba9e109dc910_3175, v0xba9e109dc910_3176;
v0xba9e109dc910_3177 .array/port v0xba9e109dc910, 3177;
v0xba9e109dc910_3178 .array/port v0xba9e109dc910, 3178;
v0xba9e109dc910_3179 .array/port v0xba9e109dc910, 3179;
v0xba9e109dc910_3180 .array/port v0xba9e109dc910, 3180;
E_0xba9e109e1c10/796 .event anyedge, v0xba9e109dc910_3177, v0xba9e109dc910_3178, v0xba9e109dc910_3179, v0xba9e109dc910_3180;
v0xba9e109dc910_3181 .array/port v0xba9e109dc910, 3181;
v0xba9e109dc910_3182 .array/port v0xba9e109dc910, 3182;
v0xba9e109dc910_3183 .array/port v0xba9e109dc910, 3183;
v0xba9e109dc910_3184 .array/port v0xba9e109dc910, 3184;
E_0xba9e109e1c10/797 .event anyedge, v0xba9e109dc910_3181, v0xba9e109dc910_3182, v0xba9e109dc910_3183, v0xba9e109dc910_3184;
v0xba9e109dc910_3185 .array/port v0xba9e109dc910, 3185;
v0xba9e109dc910_3186 .array/port v0xba9e109dc910, 3186;
v0xba9e109dc910_3187 .array/port v0xba9e109dc910, 3187;
v0xba9e109dc910_3188 .array/port v0xba9e109dc910, 3188;
E_0xba9e109e1c10/798 .event anyedge, v0xba9e109dc910_3185, v0xba9e109dc910_3186, v0xba9e109dc910_3187, v0xba9e109dc910_3188;
v0xba9e109dc910_3189 .array/port v0xba9e109dc910, 3189;
v0xba9e109dc910_3190 .array/port v0xba9e109dc910, 3190;
v0xba9e109dc910_3191 .array/port v0xba9e109dc910, 3191;
v0xba9e109dc910_3192 .array/port v0xba9e109dc910, 3192;
E_0xba9e109e1c10/799 .event anyedge, v0xba9e109dc910_3189, v0xba9e109dc910_3190, v0xba9e109dc910_3191, v0xba9e109dc910_3192;
v0xba9e109dc910_3193 .array/port v0xba9e109dc910, 3193;
v0xba9e109dc910_3194 .array/port v0xba9e109dc910, 3194;
v0xba9e109dc910_3195 .array/port v0xba9e109dc910, 3195;
v0xba9e109dc910_3196 .array/port v0xba9e109dc910, 3196;
E_0xba9e109e1c10/800 .event anyedge, v0xba9e109dc910_3193, v0xba9e109dc910_3194, v0xba9e109dc910_3195, v0xba9e109dc910_3196;
v0xba9e109dc910_3197 .array/port v0xba9e109dc910, 3197;
v0xba9e109dc910_3198 .array/port v0xba9e109dc910, 3198;
v0xba9e109dc910_3199 .array/port v0xba9e109dc910, 3199;
v0xba9e109dc910_3200 .array/port v0xba9e109dc910, 3200;
E_0xba9e109e1c10/801 .event anyedge, v0xba9e109dc910_3197, v0xba9e109dc910_3198, v0xba9e109dc910_3199, v0xba9e109dc910_3200;
v0xba9e109dc910_3201 .array/port v0xba9e109dc910, 3201;
v0xba9e109dc910_3202 .array/port v0xba9e109dc910, 3202;
v0xba9e109dc910_3203 .array/port v0xba9e109dc910, 3203;
v0xba9e109dc910_3204 .array/port v0xba9e109dc910, 3204;
E_0xba9e109e1c10/802 .event anyedge, v0xba9e109dc910_3201, v0xba9e109dc910_3202, v0xba9e109dc910_3203, v0xba9e109dc910_3204;
v0xba9e109dc910_3205 .array/port v0xba9e109dc910, 3205;
v0xba9e109dc910_3206 .array/port v0xba9e109dc910, 3206;
v0xba9e109dc910_3207 .array/port v0xba9e109dc910, 3207;
v0xba9e109dc910_3208 .array/port v0xba9e109dc910, 3208;
E_0xba9e109e1c10/803 .event anyedge, v0xba9e109dc910_3205, v0xba9e109dc910_3206, v0xba9e109dc910_3207, v0xba9e109dc910_3208;
v0xba9e109dc910_3209 .array/port v0xba9e109dc910, 3209;
v0xba9e109dc910_3210 .array/port v0xba9e109dc910, 3210;
v0xba9e109dc910_3211 .array/port v0xba9e109dc910, 3211;
v0xba9e109dc910_3212 .array/port v0xba9e109dc910, 3212;
E_0xba9e109e1c10/804 .event anyedge, v0xba9e109dc910_3209, v0xba9e109dc910_3210, v0xba9e109dc910_3211, v0xba9e109dc910_3212;
v0xba9e109dc910_3213 .array/port v0xba9e109dc910, 3213;
v0xba9e109dc910_3214 .array/port v0xba9e109dc910, 3214;
v0xba9e109dc910_3215 .array/port v0xba9e109dc910, 3215;
v0xba9e109dc910_3216 .array/port v0xba9e109dc910, 3216;
E_0xba9e109e1c10/805 .event anyedge, v0xba9e109dc910_3213, v0xba9e109dc910_3214, v0xba9e109dc910_3215, v0xba9e109dc910_3216;
v0xba9e109dc910_3217 .array/port v0xba9e109dc910, 3217;
v0xba9e109dc910_3218 .array/port v0xba9e109dc910, 3218;
v0xba9e109dc910_3219 .array/port v0xba9e109dc910, 3219;
v0xba9e109dc910_3220 .array/port v0xba9e109dc910, 3220;
E_0xba9e109e1c10/806 .event anyedge, v0xba9e109dc910_3217, v0xba9e109dc910_3218, v0xba9e109dc910_3219, v0xba9e109dc910_3220;
v0xba9e109dc910_3221 .array/port v0xba9e109dc910, 3221;
v0xba9e109dc910_3222 .array/port v0xba9e109dc910, 3222;
v0xba9e109dc910_3223 .array/port v0xba9e109dc910, 3223;
v0xba9e109dc910_3224 .array/port v0xba9e109dc910, 3224;
E_0xba9e109e1c10/807 .event anyedge, v0xba9e109dc910_3221, v0xba9e109dc910_3222, v0xba9e109dc910_3223, v0xba9e109dc910_3224;
v0xba9e109dc910_3225 .array/port v0xba9e109dc910, 3225;
v0xba9e109dc910_3226 .array/port v0xba9e109dc910, 3226;
v0xba9e109dc910_3227 .array/port v0xba9e109dc910, 3227;
v0xba9e109dc910_3228 .array/port v0xba9e109dc910, 3228;
E_0xba9e109e1c10/808 .event anyedge, v0xba9e109dc910_3225, v0xba9e109dc910_3226, v0xba9e109dc910_3227, v0xba9e109dc910_3228;
v0xba9e109dc910_3229 .array/port v0xba9e109dc910, 3229;
v0xba9e109dc910_3230 .array/port v0xba9e109dc910, 3230;
v0xba9e109dc910_3231 .array/port v0xba9e109dc910, 3231;
v0xba9e109dc910_3232 .array/port v0xba9e109dc910, 3232;
E_0xba9e109e1c10/809 .event anyedge, v0xba9e109dc910_3229, v0xba9e109dc910_3230, v0xba9e109dc910_3231, v0xba9e109dc910_3232;
v0xba9e109dc910_3233 .array/port v0xba9e109dc910, 3233;
v0xba9e109dc910_3234 .array/port v0xba9e109dc910, 3234;
v0xba9e109dc910_3235 .array/port v0xba9e109dc910, 3235;
v0xba9e109dc910_3236 .array/port v0xba9e109dc910, 3236;
E_0xba9e109e1c10/810 .event anyedge, v0xba9e109dc910_3233, v0xba9e109dc910_3234, v0xba9e109dc910_3235, v0xba9e109dc910_3236;
v0xba9e109dc910_3237 .array/port v0xba9e109dc910, 3237;
v0xba9e109dc910_3238 .array/port v0xba9e109dc910, 3238;
v0xba9e109dc910_3239 .array/port v0xba9e109dc910, 3239;
v0xba9e109dc910_3240 .array/port v0xba9e109dc910, 3240;
E_0xba9e109e1c10/811 .event anyedge, v0xba9e109dc910_3237, v0xba9e109dc910_3238, v0xba9e109dc910_3239, v0xba9e109dc910_3240;
v0xba9e109dc910_3241 .array/port v0xba9e109dc910, 3241;
v0xba9e109dc910_3242 .array/port v0xba9e109dc910, 3242;
v0xba9e109dc910_3243 .array/port v0xba9e109dc910, 3243;
v0xba9e109dc910_3244 .array/port v0xba9e109dc910, 3244;
E_0xba9e109e1c10/812 .event anyedge, v0xba9e109dc910_3241, v0xba9e109dc910_3242, v0xba9e109dc910_3243, v0xba9e109dc910_3244;
v0xba9e109dc910_3245 .array/port v0xba9e109dc910, 3245;
v0xba9e109dc910_3246 .array/port v0xba9e109dc910, 3246;
v0xba9e109dc910_3247 .array/port v0xba9e109dc910, 3247;
v0xba9e109dc910_3248 .array/port v0xba9e109dc910, 3248;
E_0xba9e109e1c10/813 .event anyedge, v0xba9e109dc910_3245, v0xba9e109dc910_3246, v0xba9e109dc910_3247, v0xba9e109dc910_3248;
v0xba9e109dc910_3249 .array/port v0xba9e109dc910, 3249;
v0xba9e109dc910_3250 .array/port v0xba9e109dc910, 3250;
v0xba9e109dc910_3251 .array/port v0xba9e109dc910, 3251;
v0xba9e109dc910_3252 .array/port v0xba9e109dc910, 3252;
E_0xba9e109e1c10/814 .event anyedge, v0xba9e109dc910_3249, v0xba9e109dc910_3250, v0xba9e109dc910_3251, v0xba9e109dc910_3252;
v0xba9e109dc910_3253 .array/port v0xba9e109dc910, 3253;
v0xba9e109dc910_3254 .array/port v0xba9e109dc910, 3254;
v0xba9e109dc910_3255 .array/port v0xba9e109dc910, 3255;
v0xba9e109dc910_3256 .array/port v0xba9e109dc910, 3256;
E_0xba9e109e1c10/815 .event anyedge, v0xba9e109dc910_3253, v0xba9e109dc910_3254, v0xba9e109dc910_3255, v0xba9e109dc910_3256;
v0xba9e109dc910_3257 .array/port v0xba9e109dc910, 3257;
v0xba9e109dc910_3258 .array/port v0xba9e109dc910, 3258;
v0xba9e109dc910_3259 .array/port v0xba9e109dc910, 3259;
v0xba9e109dc910_3260 .array/port v0xba9e109dc910, 3260;
E_0xba9e109e1c10/816 .event anyedge, v0xba9e109dc910_3257, v0xba9e109dc910_3258, v0xba9e109dc910_3259, v0xba9e109dc910_3260;
v0xba9e109dc910_3261 .array/port v0xba9e109dc910, 3261;
v0xba9e109dc910_3262 .array/port v0xba9e109dc910, 3262;
v0xba9e109dc910_3263 .array/port v0xba9e109dc910, 3263;
v0xba9e109dc910_3264 .array/port v0xba9e109dc910, 3264;
E_0xba9e109e1c10/817 .event anyedge, v0xba9e109dc910_3261, v0xba9e109dc910_3262, v0xba9e109dc910_3263, v0xba9e109dc910_3264;
v0xba9e109dc910_3265 .array/port v0xba9e109dc910, 3265;
v0xba9e109dc910_3266 .array/port v0xba9e109dc910, 3266;
v0xba9e109dc910_3267 .array/port v0xba9e109dc910, 3267;
v0xba9e109dc910_3268 .array/port v0xba9e109dc910, 3268;
E_0xba9e109e1c10/818 .event anyedge, v0xba9e109dc910_3265, v0xba9e109dc910_3266, v0xba9e109dc910_3267, v0xba9e109dc910_3268;
v0xba9e109dc910_3269 .array/port v0xba9e109dc910, 3269;
v0xba9e109dc910_3270 .array/port v0xba9e109dc910, 3270;
v0xba9e109dc910_3271 .array/port v0xba9e109dc910, 3271;
v0xba9e109dc910_3272 .array/port v0xba9e109dc910, 3272;
E_0xba9e109e1c10/819 .event anyedge, v0xba9e109dc910_3269, v0xba9e109dc910_3270, v0xba9e109dc910_3271, v0xba9e109dc910_3272;
v0xba9e109dc910_3273 .array/port v0xba9e109dc910, 3273;
v0xba9e109dc910_3274 .array/port v0xba9e109dc910, 3274;
v0xba9e109dc910_3275 .array/port v0xba9e109dc910, 3275;
v0xba9e109dc910_3276 .array/port v0xba9e109dc910, 3276;
E_0xba9e109e1c10/820 .event anyedge, v0xba9e109dc910_3273, v0xba9e109dc910_3274, v0xba9e109dc910_3275, v0xba9e109dc910_3276;
v0xba9e109dc910_3277 .array/port v0xba9e109dc910, 3277;
v0xba9e109dc910_3278 .array/port v0xba9e109dc910, 3278;
v0xba9e109dc910_3279 .array/port v0xba9e109dc910, 3279;
v0xba9e109dc910_3280 .array/port v0xba9e109dc910, 3280;
E_0xba9e109e1c10/821 .event anyedge, v0xba9e109dc910_3277, v0xba9e109dc910_3278, v0xba9e109dc910_3279, v0xba9e109dc910_3280;
v0xba9e109dc910_3281 .array/port v0xba9e109dc910, 3281;
v0xba9e109dc910_3282 .array/port v0xba9e109dc910, 3282;
v0xba9e109dc910_3283 .array/port v0xba9e109dc910, 3283;
v0xba9e109dc910_3284 .array/port v0xba9e109dc910, 3284;
E_0xba9e109e1c10/822 .event anyedge, v0xba9e109dc910_3281, v0xba9e109dc910_3282, v0xba9e109dc910_3283, v0xba9e109dc910_3284;
v0xba9e109dc910_3285 .array/port v0xba9e109dc910, 3285;
v0xba9e109dc910_3286 .array/port v0xba9e109dc910, 3286;
v0xba9e109dc910_3287 .array/port v0xba9e109dc910, 3287;
v0xba9e109dc910_3288 .array/port v0xba9e109dc910, 3288;
E_0xba9e109e1c10/823 .event anyedge, v0xba9e109dc910_3285, v0xba9e109dc910_3286, v0xba9e109dc910_3287, v0xba9e109dc910_3288;
v0xba9e109dc910_3289 .array/port v0xba9e109dc910, 3289;
v0xba9e109dc910_3290 .array/port v0xba9e109dc910, 3290;
v0xba9e109dc910_3291 .array/port v0xba9e109dc910, 3291;
v0xba9e109dc910_3292 .array/port v0xba9e109dc910, 3292;
E_0xba9e109e1c10/824 .event anyedge, v0xba9e109dc910_3289, v0xba9e109dc910_3290, v0xba9e109dc910_3291, v0xba9e109dc910_3292;
v0xba9e109dc910_3293 .array/port v0xba9e109dc910, 3293;
v0xba9e109dc910_3294 .array/port v0xba9e109dc910, 3294;
v0xba9e109dc910_3295 .array/port v0xba9e109dc910, 3295;
v0xba9e109dc910_3296 .array/port v0xba9e109dc910, 3296;
E_0xba9e109e1c10/825 .event anyedge, v0xba9e109dc910_3293, v0xba9e109dc910_3294, v0xba9e109dc910_3295, v0xba9e109dc910_3296;
v0xba9e109dc910_3297 .array/port v0xba9e109dc910, 3297;
v0xba9e109dc910_3298 .array/port v0xba9e109dc910, 3298;
v0xba9e109dc910_3299 .array/port v0xba9e109dc910, 3299;
v0xba9e109dc910_3300 .array/port v0xba9e109dc910, 3300;
E_0xba9e109e1c10/826 .event anyedge, v0xba9e109dc910_3297, v0xba9e109dc910_3298, v0xba9e109dc910_3299, v0xba9e109dc910_3300;
v0xba9e109dc910_3301 .array/port v0xba9e109dc910, 3301;
v0xba9e109dc910_3302 .array/port v0xba9e109dc910, 3302;
v0xba9e109dc910_3303 .array/port v0xba9e109dc910, 3303;
v0xba9e109dc910_3304 .array/port v0xba9e109dc910, 3304;
E_0xba9e109e1c10/827 .event anyedge, v0xba9e109dc910_3301, v0xba9e109dc910_3302, v0xba9e109dc910_3303, v0xba9e109dc910_3304;
v0xba9e109dc910_3305 .array/port v0xba9e109dc910, 3305;
v0xba9e109dc910_3306 .array/port v0xba9e109dc910, 3306;
v0xba9e109dc910_3307 .array/port v0xba9e109dc910, 3307;
v0xba9e109dc910_3308 .array/port v0xba9e109dc910, 3308;
E_0xba9e109e1c10/828 .event anyedge, v0xba9e109dc910_3305, v0xba9e109dc910_3306, v0xba9e109dc910_3307, v0xba9e109dc910_3308;
v0xba9e109dc910_3309 .array/port v0xba9e109dc910, 3309;
v0xba9e109dc910_3310 .array/port v0xba9e109dc910, 3310;
v0xba9e109dc910_3311 .array/port v0xba9e109dc910, 3311;
v0xba9e109dc910_3312 .array/port v0xba9e109dc910, 3312;
E_0xba9e109e1c10/829 .event anyedge, v0xba9e109dc910_3309, v0xba9e109dc910_3310, v0xba9e109dc910_3311, v0xba9e109dc910_3312;
v0xba9e109dc910_3313 .array/port v0xba9e109dc910, 3313;
v0xba9e109dc910_3314 .array/port v0xba9e109dc910, 3314;
v0xba9e109dc910_3315 .array/port v0xba9e109dc910, 3315;
v0xba9e109dc910_3316 .array/port v0xba9e109dc910, 3316;
E_0xba9e109e1c10/830 .event anyedge, v0xba9e109dc910_3313, v0xba9e109dc910_3314, v0xba9e109dc910_3315, v0xba9e109dc910_3316;
v0xba9e109dc910_3317 .array/port v0xba9e109dc910, 3317;
v0xba9e109dc910_3318 .array/port v0xba9e109dc910, 3318;
v0xba9e109dc910_3319 .array/port v0xba9e109dc910, 3319;
v0xba9e109dc910_3320 .array/port v0xba9e109dc910, 3320;
E_0xba9e109e1c10/831 .event anyedge, v0xba9e109dc910_3317, v0xba9e109dc910_3318, v0xba9e109dc910_3319, v0xba9e109dc910_3320;
v0xba9e109dc910_3321 .array/port v0xba9e109dc910, 3321;
v0xba9e109dc910_3322 .array/port v0xba9e109dc910, 3322;
v0xba9e109dc910_3323 .array/port v0xba9e109dc910, 3323;
v0xba9e109dc910_3324 .array/port v0xba9e109dc910, 3324;
E_0xba9e109e1c10/832 .event anyedge, v0xba9e109dc910_3321, v0xba9e109dc910_3322, v0xba9e109dc910_3323, v0xba9e109dc910_3324;
v0xba9e109dc910_3325 .array/port v0xba9e109dc910, 3325;
v0xba9e109dc910_3326 .array/port v0xba9e109dc910, 3326;
v0xba9e109dc910_3327 .array/port v0xba9e109dc910, 3327;
v0xba9e109dc910_3328 .array/port v0xba9e109dc910, 3328;
E_0xba9e109e1c10/833 .event anyedge, v0xba9e109dc910_3325, v0xba9e109dc910_3326, v0xba9e109dc910_3327, v0xba9e109dc910_3328;
v0xba9e109dc910_3329 .array/port v0xba9e109dc910, 3329;
v0xba9e109dc910_3330 .array/port v0xba9e109dc910, 3330;
v0xba9e109dc910_3331 .array/port v0xba9e109dc910, 3331;
v0xba9e109dc910_3332 .array/port v0xba9e109dc910, 3332;
E_0xba9e109e1c10/834 .event anyedge, v0xba9e109dc910_3329, v0xba9e109dc910_3330, v0xba9e109dc910_3331, v0xba9e109dc910_3332;
v0xba9e109dc910_3333 .array/port v0xba9e109dc910, 3333;
v0xba9e109dc910_3334 .array/port v0xba9e109dc910, 3334;
v0xba9e109dc910_3335 .array/port v0xba9e109dc910, 3335;
v0xba9e109dc910_3336 .array/port v0xba9e109dc910, 3336;
E_0xba9e109e1c10/835 .event anyedge, v0xba9e109dc910_3333, v0xba9e109dc910_3334, v0xba9e109dc910_3335, v0xba9e109dc910_3336;
v0xba9e109dc910_3337 .array/port v0xba9e109dc910, 3337;
v0xba9e109dc910_3338 .array/port v0xba9e109dc910, 3338;
v0xba9e109dc910_3339 .array/port v0xba9e109dc910, 3339;
v0xba9e109dc910_3340 .array/port v0xba9e109dc910, 3340;
E_0xba9e109e1c10/836 .event anyedge, v0xba9e109dc910_3337, v0xba9e109dc910_3338, v0xba9e109dc910_3339, v0xba9e109dc910_3340;
v0xba9e109dc910_3341 .array/port v0xba9e109dc910, 3341;
v0xba9e109dc910_3342 .array/port v0xba9e109dc910, 3342;
v0xba9e109dc910_3343 .array/port v0xba9e109dc910, 3343;
v0xba9e109dc910_3344 .array/port v0xba9e109dc910, 3344;
E_0xba9e109e1c10/837 .event anyedge, v0xba9e109dc910_3341, v0xba9e109dc910_3342, v0xba9e109dc910_3343, v0xba9e109dc910_3344;
v0xba9e109dc910_3345 .array/port v0xba9e109dc910, 3345;
v0xba9e109dc910_3346 .array/port v0xba9e109dc910, 3346;
v0xba9e109dc910_3347 .array/port v0xba9e109dc910, 3347;
v0xba9e109dc910_3348 .array/port v0xba9e109dc910, 3348;
E_0xba9e109e1c10/838 .event anyedge, v0xba9e109dc910_3345, v0xba9e109dc910_3346, v0xba9e109dc910_3347, v0xba9e109dc910_3348;
v0xba9e109dc910_3349 .array/port v0xba9e109dc910, 3349;
v0xba9e109dc910_3350 .array/port v0xba9e109dc910, 3350;
v0xba9e109dc910_3351 .array/port v0xba9e109dc910, 3351;
v0xba9e109dc910_3352 .array/port v0xba9e109dc910, 3352;
E_0xba9e109e1c10/839 .event anyedge, v0xba9e109dc910_3349, v0xba9e109dc910_3350, v0xba9e109dc910_3351, v0xba9e109dc910_3352;
v0xba9e109dc910_3353 .array/port v0xba9e109dc910, 3353;
v0xba9e109dc910_3354 .array/port v0xba9e109dc910, 3354;
v0xba9e109dc910_3355 .array/port v0xba9e109dc910, 3355;
v0xba9e109dc910_3356 .array/port v0xba9e109dc910, 3356;
E_0xba9e109e1c10/840 .event anyedge, v0xba9e109dc910_3353, v0xba9e109dc910_3354, v0xba9e109dc910_3355, v0xba9e109dc910_3356;
v0xba9e109dc910_3357 .array/port v0xba9e109dc910, 3357;
v0xba9e109dc910_3358 .array/port v0xba9e109dc910, 3358;
v0xba9e109dc910_3359 .array/port v0xba9e109dc910, 3359;
v0xba9e109dc910_3360 .array/port v0xba9e109dc910, 3360;
E_0xba9e109e1c10/841 .event anyedge, v0xba9e109dc910_3357, v0xba9e109dc910_3358, v0xba9e109dc910_3359, v0xba9e109dc910_3360;
v0xba9e109dc910_3361 .array/port v0xba9e109dc910, 3361;
v0xba9e109dc910_3362 .array/port v0xba9e109dc910, 3362;
v0xba9e109dc910_3363 .array/port v0xba9e109dc910, 3363;
v0xba9e109dc910_3364 .array/port v0xba9e109dc910, 3364;
E_0xba9e109e1c10/842 .event anyedge, v0xba9e109dc910_3361, v0xba9e109dc910_3362, v0xba9e109dc910_3363, v0xba9e109dc910_3364;
v0xba9e109dc910_3365 .array/port v0xba9e109dc910, 3365;
v0xba9e109dc910_3366 .array/port v0xba9e109dc910, 3366;
v0xba9e109dc910_3367 .array/port v0xba9e109dc910, 3367;
v0xba9e109dc910_3368 .array/port v0xba9e109dc910, 3368;
E_0xba9e109e1c10/843 .event anyedge, v0xba9e109dc910_3365, v0xba9e109dc910_3366, v0xba9e109dc910_3367, v0xba9e109dc910_3368;
v0xba9e109dc910_3369 .array/port v0xba9e109dc910, 3369;
v0xba9e109dc910_3370 .array/port v0xba9e109dc910, 3370;
v0xba9e109dc910_3371 .array/port v0xba9e109dc910, 3371;
v0xba9e109dc910_3372 .array/port v0xba9e109dc910, 3372;
E_0xba9e109e1c10/844 .event anyedge, v0xba9e109dc910_3369, v0xba9e109dc910_3370, v0xba9e109dc910_3371, v0xba9e109dc910_3372;
v0xba9e109dc910_3373 .array/port v0xba9e109dc910, 3373;
v0xba9e109dc910_3374 .array/port v0xba9e109dc910, 3374;
v0xba9e109dc910_3375 .array/port v0xba9e109dc910, 3375;
v0xba9e109dc910_3376 .array/port v0xba9e109dc910, 3376;
E_0xba9e109e1c10/845 .event anyedge, v0xba9e109dc910_3373, v0xba9e109dc910_3374, v0xba9e109dc910_3375, v0xba9e109dc910_3376;
v0xba9e109dc910_3377 .array/port v0xba9e109dc910, 3377;
v0xba9e109dc910_3378 .array/port v0xba9e109dc910, 3378;
v0xba9e109dc910_3379 .array/port v0xba9e109dc910, 3379;
v0xba9e109dc910_3380 .array/port v0xba9e109dc910, 3380;
E_0xba9e109e1c10/846 .event anyedge, v0xba9e109dc910_3377, v0xba9e109dc910_3378, v0xba9e109dc910_3379, v0xba9e109dc910_3380;
v0xba9e109dc910_3381 .array/port v0xba9e109dc910, 3381;
v0xba9e109dc910_3382 .array/port v0xba9e109dc910, 3382;
v0xba9e109dc910_3383 .array/port v0xba9e109dc910, 3383;
v0xba9e109dc910_3384 .array/port v0xba9e109dc910, 3384;
E_0xba9e109e1c10/847 .event anyedge, v0xba9e109dc910_3381, v0xba9e109dc910_3382, v0xba9e109dc910_3383, v0xba9e109dc910_3384;
v0xba9e109dc910_3385 .array/port v0xba9e109dc910, 3385;
v0xba9e109dc910_3386 .array/port v0xba9e109dc910, 3386;
v0xba9e109dc910_3387 .array/port v0xba9e109dc910, 3387;
v0xba9e109dc910_3388 .array/port v0xba9e109dc910, 3388;
E_0xba9e109e1c10/848 .event anyedge, v0xba9e109dc910_3385, v0xba9e109dc910_3386, v0xba9e109dc910_3387, v0xba9e109dc910_3388;
v0xba9e109dc910_3389 .array/port v0xba9e109dc910, 3389;
v0xba9e109dc910_3390 .array/port v0xba9e109dc910, 3390;
v0xba9e109dc910_3391 .array/port v0xba9e109dc910, 3391;
v0xba9e109dc910_3392 .array/port v0xba9e109dc910, 3392;
E_0xba9e109e1c10/849 .event anyedge, v0xba9e109dc910_3389, v0xba9e109dc910_3390, v0xba9e109dc910_3391, v0xba9e109dc910_3392;
v0xba9e109dc910_3393 .array/port v0xba9e109dc910, 3393;
v0xba9e109dc910_3394 .array/port v0xba9e109dc910, 3394;
v0xba9e109dc910_3395 .array/port v0xba9e109dc910, 3395;
v0xba9e109dc910_3396 .array/port v0xba9e109dc910, 3396;
E_0xba9e109e1c10/850 .event anyedge, v0xba9e109dc910_3393, v0xba9e109dc910_3394, v0xba9e109dc910_3395, v0xba9e109dc910_3396;
v0xba9e109dc910_3397 .array/port v0xba9e109dc910, 3397;
v0xba9e109dc910_3398 .array/port v0xba9e109dc910, 3398;
v0xba9e109dc910_3399 .array/port v0xba9e109dc910, 3399;
v0xba9e109dc910_3400 .array/port v0xba9e109dc910, 3400;
E_0xba9e109e1c10/851 .event anyedge, v0xba9e109dc910_3397, v0xba9e109dc910_3398, v0xba9e109dc910_3399, v0xba9e109dc910_3400;
v0xba9e109dc910_3401 .array/port v0xba9e109dc910, 3401;
v0xba9e109dc910_3402 .array/port v0xba9e109dc910, 3402;
v0xba9e109dc910_3403 .array/port v0xba9e109dc910, 3403;
v0xba9e109dc910_3404 .array/port v0xba9e109dc910, 3404;
E_0xba9e109e1c10/852 .event anyedge, v0xba9e109dc910_3401, v0xba9e109dc910_3402, v0xba9e109dc910_3403, v0xba9e109dc910_3404;
v0xba9e109dc910_3405 .array/port v0xba9e109dc910, 3405;
v0xba9e109dc910_3406 .array/port v0xba9e109dc910, 3406;
v0xba9e109dc910_3407 .array/port v0xba9e109dc910, 3407;
v0xba9e109dc910_3408 .array/port v0xba9e109dc910, 3408;
E_0xba9e109e1c10/853 .event anyedge, v0xba9e109dc910_3405, v0xba9e109dc910_3406, v0xba9e109dc910_3407, v0xba9e109dc910_3408;
v0xba9e109dc910_3409 .array/port v0xba9e109dc910, 3409;
v0xba9e109dc910_3410 .array/port v0xba9e109dc910, 3410;
v0xba9e109dc910_3411 .array/port v0xba9e109dc910, 3411;
v0xba9e109dc910_3412 .array/port v0xba9e109dc910, 3412;
E_0xba9e109e1c10/854 .event anyedge, v0xba9e109dc910_3409, v0xba9e109dc910_3410, v0xba9e109dc910_3411, v0xba9e109dc910_3412;
v0xba9e109dc910_3413 .array/port v0xba9e109dc910, 3413;
v0xba9e109dc910_3414 .array/port v0xba9e109dc910, 3414;
v0xba9e109dc910_3415 .array/port v0xba9e109dc910, 3415;
v0xba9e109dc910_3416 .array/port v0xba9e109dc910, 3416;
E_0xba9e109e1c10/855 .event anyedge, v0xba9e109dc910_3413, v0xba9e109dc910_3414, v0xba9e109dc910_3415, v0xba9e109dc910_3416;
v0xba9e109dc910_3417 .array/port v0xba9e109dc910, 3417;
v0xba9e109dc910_3418 .array/port v0xba9e109dc910, 3418;
v0xba9e109dc910_3419 .array/port v0xba9e109dc910, 3419;
v0xba9e109dc910_3420 .array/port v0xba9e109dc910, 3420;
E_0xba9e109e1c10/856 .event anyedge, v0xba9e109dc910_3417, v0xba9e109dc910_3418, v0xba9e109dc910_3419, v0xba9e109dc910_3420;
v0xba9e109dc910_3421 .array/port v0xba9e109dc910, 3421;
v0xba9e109dc910_3422 .array/port v0xba9e109dc910, 3422;
v0xba9e109dc910_3423 .array/port v0xba9e109dc910, 3423;
v0xba9e109dc910_3424 .array/port v0xba9e109dc910, 3424;
E_0xba9e109e1c10/857 .event anyedge, v0xba9e109dc910_3421, v0xba9e109dc910_3422, v0xba9e109dc910_3423, v0xba9e109dc910_3424;
v0xba9e109dc910_3425 .array/port v0xba9e109dc910, 3425;
v0xba9e109dc910_3426 .array/port v0xba9e109dc910, 3426;
v0xba9e109dc910_3427 .array/port v0xba9e109dc910, 3427;
v0xba9e109dc910_3428 .array/port v0xba9e109dc910, 3428;
E_0xba9e109e1c10/858 .event anyedge, v0xba9e109dc910_3425, v0xba9e109dc910_3426, v0xba9e109dc910_3427, v0xba9e109dc910_3428;
v0xba9e109dc910_3429 .array/port v0xba9e109dc910, 3429;
v0xba9e109dc910_3430 .array/port v0xba9e109dc910, 3430;
v0xba9e109dc910_3431 .array/port v0xba9e109dc910, 3431;
v0xba9e109dc910_3432 .array/port v0xba9e109dc910, 3432;
E_0xba9e109e1c10/859 .event anyedge, v0xba9e109dc910_3429, v0xba9e109dc910_3430, v0xba9e109dc910_3431, v0xba9e109dc910_3432;
v0xba9e109dc910_3433 .array/port v0xba9e109dc910, 3433;
v0xba9e109dc910_3434 .array/port v0xba9e109dc910, 3434;
v0xba9e109dc910_3435 .array/port v0xba9e109dc910, 3435;
v0xba9e109dc910_3436 .array/port v0xba9e109dc910, 3436;
E_0xba9e109e1c10/860 .event anyedge, v0xba9e109dc910_3433, v0xba9e109dc910_3434, v0xba9e109dc910_3435, v0xba9e109dc910_3436;
v0xba9e109dc910_3437 .array/port v0xba9e109dc910, 3437;
v0xba9e109dc910_3438 .array/port v0xba9e109dc910, 3438;
v0xba9e109dc910_3439 .array/port v0xba9e109dc910, 3439;
v0xba9e109dc910_3440 .array/port v0xba9e109dc910, 3440;
E_0xba9e109e1c10/861 .event anyedge, v0xba9e109dc910_3437, v0xba9e109dc910_3438, v0xba9e109dc910_3439, v0xba9e109dc910_3440;
v0xba9e109dc910_3441 .array/port v0xba9e109dc910, 3441;
v0xba9e109dc910_3442 .array/port v0xba9e109dc910, 3442;
v0xba9e109dc910_3443 .array/port v0xba9e109dc910, 3443;
v0xba9e109dc910_3444 .array/port v0xba9e109dc910, 3444;
E_0xba9e109e1c10/862 .event anyedge, v0xba9e109dc910_3441, v0xba9e109dc910_3442, v0xba9e109dc910_3443, v0xba9e109dc910_3444;
v0xba9e109dc910_3445 .array/port v0xba9e109dc910, 3445;
v0xba9e109dc910_3446 .array/port v0xba9e109dc910, 3446;
v0xba9e109dc910_3447 .array/port v0xba9e109dc910, 3447;
v0xba9e109dc910_3448 .array/port v0xba9e109dc910, 3448;
E_0xba9e109e1c10/863 .event anyedge, v0xba9e109dc910_3445, v0xba9e109dc910_3446, v0xba9e109dc910_3447, v0xba9e109dc910_3448;
v0xba9e109dc910_3449 .array/port v0xba9e109dc910, 3449;
v0xba9e109dc910_3450 .array/port v0xba9e109dc910, 3450;
v0xba9e109dc910_3451 .array/port v0xba9e109dc910, 3451;
v0xba9e109dc910_3452 .array/port v0xba9e109dc910, 3452;
E_0xba9e109e1c10/864 .event anyedge, v0xba9e109dc910_3449, v0xba9e109dc910_3450, v0xba9e109dc910_3451, v0xba9e109dc910_3452;
v0xba9e109dc910_3453 .array/port v0xba9e109dc910, 3453;
v0xba9e109dc910_3454 .array/port v0xba9e109dc910, 3454;
v0xba9e109dc910_3455 .array/port v0xba9e109dc910, 3455;
v0xba9e109dc910_3456 .array/port v0xba9e109dc910, 3456;
E_0xba9e109e1c10/865 .event anyedge, v0xba9e109dc910_3453, v0xba9e109dc910_3454, v0xba9e109dc910_3455, v0xba9e109dc910_3456;
v0xba9e109dc910_3457 .array/port v0xba9e109dc910, 3457;
v0xba9e109dc910_3458 .array/port v0xba9e109dc910, 3458;
v0xba9e109dc910_3459 .array/port v0xba9e109dc910, 3459;
v0xba9e109dc910_3460 .array/port v0xba9e109dc910, 3460;
E_0xba9e109e1c10/866 .event anyedge, v0xba9e109dc910_3457, v0xba9e109dc910_3458, v0xba9e109dc910_3459, v0xba9e109dc910_3460;
v0xba9e109dc910_3461 .array/port v0xba9e109dc910, 3461;
v0xba9e109dc910_3462 .array/port v0xba9e109dc910, 3462;
v0xba9e109dc910_3463 .array/port v0xba9e109dc910, 3463;
v0xba9e109dc910_3464 .array/port v0xba9e109dc910, 3464;
E_0xba9e109e1c10/867 .event anyedge, v0xba9e109dc910_3461, v0xba9e109dc910_3462, v0xba9e109dc910_3463, v0xba9e109dc910_3464;
v0xba9e109dc910_3465 .array/port v0xba9e109dc910, 3465;
v0xba9e109dc910_3466 .array/port v0xba9e109dc910, 3466;
v0xba9e109dc910_3467 .array/port v0xba9e109dc910, 3467;
v0xba9e109dc910_3468 .array/port v0xba9e109dc910, 3468;
E_0xba9e109e1c10/868 .event anyedge, v0xba9e109dc910_3465, v0xba9e109dc910_3466, v0xba9e109dc910_3467, v0xba9e109dc910_3468;
v0xba9e109dc910_3469 .array/port v0xba9e109dc910, 3469;
v0xba9e109dc910_3470 .array/port v0xba9e109dc910, 3470;
v0xba9e109dc910_3471 .array/port v0xba9e109dc910, 3471;
v0xba9e109dc910_3472 .array/port v0xba9e109dc910, 3472;
E_0xba9e109e1c10/869 .event anyedge, v0xba9e109dc910_3469, v0xba9e109dc910_3470, v0xba9e109dc910_3471, v0xba9e109dc910_3472;
v0xba9e109dc910_3473 .array/port v0xba9e109dc910, 3473;
v0xba9e109dc910_3474 .array/port v0xba9e109dc910, 3474;
v0xba9e109dc910_3475 .array/port v0xba9e109dc910, 3475;
v0xba9e109dc910_3476 .array/port v0xba9e109dc910, 3476;
E_0xba9e109e1c10/870 .event anyedge, v0xba9e109dc910_3473, v0xba9e109dc910_3474, v0xba9e109dc910_3475, v0xba9e109dc910_3476;
v0xba9e109dc910_3477 .array/port v0xba9e109dc910, 3477;
v0xba9e109dc910_3478 .array/port v0xba9e109dc910, 3478;
v0xba9e109dc910_3479 .array/port v0xba9e109dc910, 3479;
v0xba9e109dc910_3480 .array/port v0xba9e109dc910, 3480;
E_0xba9e109e1c10/871 .event anyedge, v0xba9e109dc910_3477, v0xba9e109dc910_3478, v0xba9e109dc910_3479, v0xba9e109dc910_3480;
v0xba9e109dc910_3481 .array/port v0xba9e109dc910, 3481;
v0xba9e109dc910_3482 .array/port v0xba9e109dc910, 3482;
v0xba9e109dc910_3483 .array/port v0xba9e109dc910, 3483;
v0xba9e109dc910_3484 .array/port v0xba9e109dc910, 3484;
E_0xba9e109e1c10/872 .event anyedge, v0xba9e109dc910_3481, v0xba9e109dc910_3482, v0xba9e109dc910_3483, v0xba9e109dc910_3484;
v0xba9e109dc910_3485 .array/port v0xba9e109dc910, 3485;
v0xba9e109dc910_3486 .array/port v0xba9e109dc910, 3486;
v0xba9e109dc910_3487 .array/port v0xba9e109dc910, 3487;
v0xba9e109dc910_3488 .array/port v0xba9e109dc910, 3488;
E_0xba9e109e1c10/873 .event anyedge, v0xba9e109dc910_3485, v0xba9e109dc910_3486, v0xba9e109dc910_3487, v0xba9e109dc910_3488;
v0xba9e109dc910_3489 .array/port v0xba9e109dc910, 3489;
v0xba9e109dc910_3490 .array/port v0xba9e109dc910, 3490;
v0xba9e109dc910_3491 .array/port v0xba9e109dc910, 3491;
v0xba9e109dc910_3492 .array/port v0xba9e109dc910, 3492;
E_0xba9e109e1c10/874 .event anyedge, v0xba9e109dc910_3489, v0xba9e109dc910_3490, v0xba9e109dc910_3491, v0xba9e109dc910_3492;
v0xba9e109dc910_3493 .array/port v0xba9e109dc910, 3493;
v0xba9e109dc910_3494 .array/port v0xba9e109dc910, 3494;
v0xba9e109dc910_3495 .array/port v0xba9e109dc910, 3495;
v0xba9e109dc910_3496 .array/port v0xba9e109dc910, 3496;
E_0xba9e109e1c10/875 .event anyedge, v0xba9e109dc910_3493, v0xba9e109dc910_3494, v0xba9e109dc910_3495, v0xba9e109dc910_3496;
v0xba9e109dc910_3497 .array/port v0xba9e109dc910, 3497;
v0xba9e109dc910_3498 .array/port v0xba9e109dc910, 3498;
v0xba9e109dc910_3499 .array/port v0xba9e109dc910, 3499;
v0xba9e109dc910_3500 .array/port v0xba9e109dc910, 3500;
E_0xba9e109e1c10/876 .event anyedge, v0xba9e109dc910_3497, v0xba9e109dc910_3498, v0xba9e109dc910_3499, v0xba9e109dc910_3500;
v0xba9e109dc910_3501 .array/port v0xba9e109dc910, 3501;
v0xba9e109dc910_3502 .array/port v0xba9e109dc910, 3502;
v0xba9e109dc910_3503 .array/port v0xba9e109dc910, 3503;
v0xba9e109dc910_3504 .array/port v0xba9e109dc910, 3504;
E_0xba9e109e1c10/877 .event anyedge, v0xba9e109dc910_3501, v0xba9e109dc910_3502, v0xba9e109dc910_3503, v0xba9e109dc910_3504;
v0xba9e109dc910_3505 .array/port v0xba9e109dc910, 3505;
v0xba9e109dc910_3506 .array/port v0xba9e109dc910, 3506;
v0xba9e109dc910_3507 .array/port v0xba9e109dc910, 3507;
v0xba9e109dc910_3508 .array/port v0xba9e109dc910, 3508;
E_0xba9e109e1c10/878 .event anyedge, v0xba9e109dc910_3505, v0xba9e109dc910_3506, v0xba9e109dc910_3507, v0xba9e109dc910_3508;
v0xba9e109dc910_3509 .array/port v0xba9e109dc910, 3509;
v0xba9e109dc910_3510 .array/port v0xba9e109dc910, 3510;
v0xba9e109dc910_3511 .array/port v0xba9e109dc910, 3511;
v0xba9e109dc910_3512 .array/port v0xba9e109dc910, 3512;
E_0xba9e109e1c10/879 .event anyedge, v0xba9e109dc910_3509, v0xba9e109dc910_3510, v0xba9e109dc910_3511, v0xba9e109dc910_3512;
v0xba9e109dc910_3513 .array/port v0xba9e109dc910, 3513;
v0xba9e109dc910_3514 .array/port v0xba9e109dc910, 3514;
v0xba9e109dc910_3515 .array/port v0xba9e109dc910, 3515;
v0xba9e109dc910_3516 .array/port v0xba9e109dc910, 3516;
E_0xba9e109e1c10/880 .event anyedge, v0xba9e109dc910_3513, v0xba9e109dc910_3514, v0xba9e109dc910_3515, v0xba9e109dc910_3516;
v0xba9e109dc910_3517 .array/port v0xba9e109dc910, 3517;
v0xba9e109dc910_3518 .array/port v0xba9e109dc910, 3518;
v0xba9e109dc910_3519 .array/port v0xba9e109dc910, 3519;
v0xba9e109dc910_3520 .array/port v0xba9e109dc910, 3520;
E_0xba9e109e1c10/881 .event anyedge, v0xba9e109dc910_3517, v0xba9e109dc910_3518, v0xba9e109dc910_3519, v0xba9e109dc910_3520;
v0xba9e109dc910_3521 .array/port v0xba9e109dc910, 3521;
v0xba9e109dc910_3522 .array/port v0xba9e109dc910, 3522;
v0xba9e109dc910_3523 .array/port v0xba9e109dc910, 3523;
v0xba9e109dc910_3524 .array/port v0xba9e109dc910, 3524;
E_0xba9e109e1c10/882 .event anyedge, v0xba9e109dc910_3521, v0xba9e109dc910_3522, v0xba9e109dc910_3523, v0xba9e109dc910_3524;
v0xba9e109dc910_3525 .array/port v0xba9e109dc910, 3525;
v0xba9e109dc910_3526 .array/port v0xba9e109dc910, 3526;
v0xba9e109dc910_3527 .array/port v0xba9e109dc910, 3527;
v0xba9e109dc910_3528 .array/port v0xba9e109dc910, 3528;
E_0xba9e109e1c10/883 .event anyedge, v0xba9e109dc910_3525, v0xba9e109dc910_3526, v0xba9e109dc910_3527, v0xba9e109dc910_3528;
v0xba9e109dc910_3529 .array/port v0xba9e109dc910, 3529;
v0xba9e109dc910_3530 .array/port v0xba9e109dc910, 3530;
v0xba9e109dc910_3531 .array/port v0xba9e109dc910, 3531;
v0xba9e109dc910_3532 .array/port v0xba9e109dc910, 3532;
E_0xba9e109e1c10/884 .event anyedge, v0xba9e109dc910_3529, v0xba9e109dc910_3530, v0xba9e109dc910_3531, v0xba9e109dc910_3532;
v0xba9e109dc910_3533 .array/port v0xba9e109dc910, 3533;
v0xba9e109dc910_3534 .array/port v0xba9e109dc910, 3534;
v0xba9e109dc910_3535 .array/port v0xba9e109dc910, 3535;
v0xba9e109dc910_3536 .array/port v0xba9e109dc910, 3536;
E_0xba9e109e1c10/885 .event anyedge, v0xba9e109dc910_3533, v0xba9e109dc910_3534, v0xba9e109dc910_3535, v0xba9e109dc910_3536;
v0xba9e109dc910_3537 .array/port v0xba9e109dc910, 3537;
v0xba9e109dc910_3538 .array/port v0xba9e109dc910, 3538;
v0xba9e109dc910_3539 .array/port v0xba9e109dc910, 3539;
v0xba9e109dc910_3540 .array/port v0xba9e109dc910, 3540;
E_0xba9e109e1c10/886 .event anyedge, v0xba9e109dc910_3537, v0xba9e109dc910_3538, v0xba9e109dc910_3539, v0xba9e109dc910_3540;
v0xba9e109dc910_3541 .array/port v0xba9e109dc910, 3541;
v0xba9e109dc910_3542 .array/port v0xba9e109dc910, 3542;
v0xba9e109dc910_3543 .array/port v0xba9e109dc910, 3543;
v0xba9e109dc910_3544 .array/port v0xba9e109dc910, 3544;
E_0xba9e109e1c10/887 .event anyedge, v0xba9e109dc910_3541, v0xba9e109dc910_3542, v0xba9e109dc910_3543, v0xba9e109dc910_3544;
v0xba9e109dc910_3545 .array/port v0xba9e109dc910, 3545;
v0xba9e109dc910_3546 .array/port v0xba9e109dc910, 3546;
v0xba9e109dc910_3547 .array/port v0xba9e109dc910, 3547;
v0xba9e109dc910_3548 .array/port v0xba9e109dc910, 3548;
E_0xba9e109e1c10/888 .event anyedge, v0xba9e109dc910_3545, v0xba9e109dc910_3546, v0xba9e109dc910_3547, v0xba9e109dc910_3548;
v0xba9e109dc910_3549 .array/port v0xba9e109dc910, 3549;
v0xba9e109dc910_3550 .array/port v0xba9e109dc910, 3550;
v0xba9e109dc910_3551 .array/port v0xba9e109dc910, 3551;
v0xba9e109dc910_3552 .array/port v0xba9e109dc910, 3552;
E_0xba9e109e1c10/889 .event anyedge, v0xba9e109dc910_3549, v0xba9e109dc910_3550, v0xba9e109dc910_3551, v0xba9e109dc910_3552;
v0xba9e109dc910_3553 .array/port v0xba9e109dc910, 3553;
v0xba9e109dc910_3554 .array/port v0xba9e109dc910, 3554;
v0xba9e109dc910_3555 .array/port v0xba9e109dc910, 3555;
v0xba9e109dc910_3556 .array/port v0xba9e109dc910, 3556;
E_0xba9e109e1c10/890 .event anyedge, v0xba9e109dc910_3553, v0xba9e109dc910_3554, v0xba9e109dc910_3555, v0xba9e109dc910_3556;
v0xba9e109dc910_3557 .array/port v0xba9e109dc910, 3557;
v0xba9e109dc910_3558 .array/port v0xba9e109dc910, 3558;
v0xba9e109dc910_3559 .array/port v0xba9e109dc910, 3559;
v0xba9e109dc910_3560 .array/port v0xba9e109dc910, 3560;
E_0xba9e109e1c10/891 .event anyedge, v0xba9e109dc910_3557, v0xba9e109dc910_3558, v0xba9e109dc910_3559, v0xba9e109dc910_3560;
v0xba9e109dc910_3561 .array/port v0xba9e109dc910, 3561;
v0xba9e109dc910_3562 .array/port v0xba9e109dc910, 3562;
v0xba9e109dc910_3563 .array/port v0xba9e109dc910, 3563;
v0xba9e109dc910_3564 .array/port v0xba9e109dc910, 3564;
E_0xba9e109e1c10/892 .event anyedge, v0xba9e109dc910_3561, v0xba9e109dc910_3562, v0xba9e109dc910_3563, v0xba9e109dc910_3564;
v0xba9e109dc910_3565 .array/port v0xba9e109dc910, 3565;
v0xba9e109dc910_3566 .array/port v0xba9e109dc910, 3566;
v0xba9e109dc910_3567 .array/port v0xba9e109dc910, 3567;
v0xba9e109dc910_3568 .array/port v0xba9e109dc910, 3568;
E_0xba9e109e1c10/893 .event anyedge, v0xba9e109dc910_3565, v0xba9e109dc910_3566, v0xba9e109dc910_3567, v0xba9e109dc910_3568;
v0xba9e109dc910_3569 .array/port v0xba9e109dc910, 3569;
v0xba9e109dc910_3570 .array/port v0xba9e109dc910, 3570;
v0xba9e109dc910_3571 .array/port v0xba9e109dc910, 3571;
v0xba9e109dc910_3572 .array/port v0xba9e109dc910, 3572;
E_0xba9e109e1c10/894 .event anyedge, v0xba9e109dc910_3569, v0xba9e109dc910_3570, v0xba9e109dc910_3571, v0xba9e109dc910_3572;
v0xba9e109dc910_3573 .array/port v0xba9e109dc910, 3573;
v0xba9e109dc910_3574 .array/port v0xba9e109dc910, 3574;
v0xba9e109dc910_3575 .array/port v0xba9e109dc910, 3575;
v0xba9e109dc910_3576 .array/port v0xba9e109dc910, 3576;
E_0xba9e109e1c10/895 .event anyedge, v0xba9e109dc910_3573, v0xba9e109dc910_3574, v0xba9e109dc910_3575, v0xba9e109dc910_3576;
v0xba9e109dc910_3577 .array/port v0xba9e109dc910, 3577;
v0xba9e109dc910_3578 .array/port v0xba9e109dc910, 3578;
v0xba9e109dc910_3579 .array/port v0xba9e109dc910, 3579;
v0xba9e109dc910_3580 .array/port v0xba9e109dc910, 3580;
E_0xba9e109e1c10/896 .event anyedge, v0xba9e109dc910_3577, v0xba9e109dc910_3578, v0xba9e109dc910_3579, v0xba9e109dc910_3580;
v0xba9e109dc910_3581 .array/port v0xba9e109dc910, 3581;
v0xba9e109dc910_3582 .array/port v0xba9e109dc910, 3582;
v0xba9e109dc910_3583 .array/port v0xba9e109dc910, 3583;
v0xba9e109dc910_3584 .array/port v0xba9e109dc910, 3584;
E_0xba9e109e1c10/897 .event anyedge, v0xba9e109dc910_3581, v0xba9e109dc910_3582, v0xba9e109dc910_3583, v0xba9e109dc910_3584;
v0xba9e109dc910_3585 .array/port v0xba9e109dc910, 3585;
v0xba9e109dc910_3586 .array/port v0xba9e109dc910, 3586;
v0xba9e109dc910_3587 .array/port v0xba9e109dc910, 3587;
v0xba9e109dc910_3588 .array/port v0xba9e109dc910, 3588;
E_0xba9e109e1c10/898 .event anyedge, v0xba9e109dc910_3585, v0xba9e109dc910_3586, v0xba9e109dc910_3587, v0xba9e109dc910_3588;
v0xba9e109dc910_3589 .array/port v0xba9e109dc910, 3589;
v0xba9e109dc910_3590 .array/port v0xba9e109dc910, 3590;
v0xba9e109dc910_3591 .array/port v0xba9e109dc910, 3591;
v0xba9e109dc910_3592 .array/port v0xba9e109dc910, 3592;
E_0xba9e109e1c10/899 .event anyedge, v0xba9e109dc910_3589, v0xba9e109dc910_3590, v0xba9e109dc910_3591, v0xba9e109dc910_3592;
v0xba9e109dc910_3593 .array/port v0xba9e109dc910, 3593;
v0xba9e109dc910_3594 .array/port v0xba9e109dc910, 3594;
v0xba9e109dc910_3595 .array/port v0xba9e109dc910, 3595;
v0xba9e109dc910_3596 .array/port v0xba9e109dc910, 3596;
E_0xba9e109e1c10/900 .event anyedge, v0xba9e109dc910_3593, v0xba9e109dc910_3594, v0xba9e109dc910_3595, v0xba9e109dc910_3596;
v0xba9e109dc910_3597 .array/port v0xba9e109dc910, 3597;
v0xba9e109dc910_3598 .array/port v0xba9e109dc910, 3598;
v0xba9e109dc910_3599 .array/port v0xba9e109dc910, 3599;
v0xba9e109dc910_3600 .array/port v0xba9e109dc910, 3600;
E_0xba9e109e1c10/901 .event anyedge, v0xba9e109dc910_3597, v0xba9e109dc910_3598, v0xba9e109dc910_3599, v0xba9e109dc910_3600;
v0xba9e109dc910_3601 .array/port v0xba9e109dc910, 3601;
v0xba9e109dc910_3602 .array/port v0xba9e109dc910, 3602;
v0xba9e109dc910_3603 .array/port v0xba9e109dc910, 3603;
v0xba9e109dc910_3604 .array/port v0xba9e109dc910, 3604;
E_0xba9e109e1c10/902 .event anyedge, v0xba9e109dc910_3601, v0xba9e109dc910_3602, v0xba9e109dc910_3603, v0xba9e109dc910_3604;
v0xba9e109dc910_3605 .array/port v0xba9e109dc910, 3605;
v0xba9e109dc910_3606 .array/port v0xba9e109dc910, 3606;
v0xba9e109dc910_3607 .array/port v0xba9e109dc910, 3607;
v0xba9e109dc910_3608 .array/port v0xba9e109dc910, 3608;
E_0xba9e109e1c10/903 .event anyedge, v0xba9e109dc910_3605, v0xba9e109dc910_3606, v0xba9e109dc910_3607, v0xba9e109dc910_3608;
v0xba9e109dc910_3609 .array/port v0xba9e109dc910, 3609;
v0xba9e109dc910_3610 .array/port v0xba9e109dc910, 3610;
v0xba9e109dc910_3611 .array/port v0xba9e109dc910, 3611;
v0xba9e109dc910_3612 .array/port v0xba9e109dc910, 3612;
E_0xba9e109e1c10/904 .event anyedge, v0xba9e109dc910_3609, v0xba9e109dc910_3610, v0xba9e109dc910_3611, v0xba9e109dc910_3612;
v0xba9e109dc910_3613 .array/port v0xba9e109dc910, 3613;
v0xba9e109dc910_3614 .array/port v0xba9e109dc910, 3614;
v0xba9e109dc910_3615 .array/port v0xba9e109dc910, 3615;
v0xba9e109dc910_3616 .array/port v0xba9e109dc910, 3616;
E_0xba9e109e1c10/905 .event anyedge, v0xba9e109dc910_3613, v0xba9e109dc910_3614, v0xba9e109dc910_3615, v0xba9e109dc910_3616;
v0xba9e109dc910_3617 .array/port v0xba9e109dc910, 3617;
v0xba9e109dc910_3618 .array/port v0xba9e109dc910, 3618;
v0xba9e109dc910_3619 .array/port v0xba9e109dc910, 3619;
v0xba9e109dc910_3620 .array/port v0xba9e109dc910, 3620;
E_0xba9e109e1c10/906 .event anyedge, v0xba9e109dc910_3617, v0xba9e109dc910_3618, v0xba9e109dc910_3619, v0xba9e109dc910_3620;
v0xba9e109dc910_3621 .array/port v0xba9e109dc910, 3621;
v0xba9e109dc910_3622 .array/port v0xba9e109dc910, 3622;
v0xba9e109dc910_3623 .array/port v0xba9e109dc910, 3623;
v0xba9e109dc910_3624 .array/port v0xba9e109dc910, 3624;
E_0xba9e109e1c10/907 .event anyedge, v0xba9e109dc910_3621, v0xba9e109dc910_3622, v0xba9e109dc910_3623, v0xba9e109dc910_3624;
v0xba9e109dc910_3625 .array/port v0xba9e109dc910, 3625;
v0xba9e109dc910_3626 .array/port v0xba9e109dc910, 3626;
v0xba9e109dc910_3627 .array/port v0xba9e109dc910, 3627;
v0xba9e109dc910_3628 .array/port v0xba9e109dc910, 3628;
E_0xba9e109e1c10/908 .event anyedge, v0xba9e109dc910_3625, v0xba9e109dc910_3626, v0xba9e109dc910_3627, v0xba9e109dc910_3628;
v0xba9e109dc910_3629 .array/port v0xba9e109dc910, 3629;
v0xba9e109dc910_3630 .array/port v0xba9e109dc910, 3630;
v0xba9e109dc910_3631 .array/port v0xba9e109dc910, 3631;
v0xba9e109dc910_3632 .array/port v0xba9e109dc910, 3632;
E_0xba9e109e1c10/909 .event anyedge, v0xba9e109dc910_3629, v0xba9e109dc910_3630, v0xba9e109dc910_3631, v0xba9e109dc910_3632;
v0xba9e109dc910_3633 .array/port v0xba9e109dc910, 3633;
v0xba9e109dc910_3634 .array/port v0xba9e109dc910, 3634;
v0xba9e109dc910_3635 .array/port v0xba9e109dc910, 3635;
v0xba9e109dc910_3636 .array/port v0xba9e109dc910, 3636;
E_0xba9e109e1c10/910 .event anyedge, v0xba9e109dc910_3633, v0xba9e109dc910_3634, v0xba9e109dc910_3635, v0xba9e109dc910_3636;
v0xba9e109dc910_3637 .array/port v0xba9e109dc910, 3637;
v0xba9e109dc910_3638 .array/port v0xba9e109dc910, 3638;
v0xba9e109dc910_3639 .array/port v0xba9e109dc910, 3639;
v0xba9e109dc910_3640 .array/port v0xba9e109dc910, 3640;
E_0xba9e109e1c10/911 .event anyedge, v0xba9e109dc910_3637, v0xba9e109dc910_3638, v0xba9e109dc910_3639, v0xba9e109dc910_3640;
v0xba9e109dc910_3641 .array/port v0xba9e109dc910, 3641;
v0xba9e109dc910_3642 .array/port v0xba9e109dc910, 3642;
v0xba9e109dc910_3643 .array/port v0xba9e109dc910, 3643;
v0xba9e109dc910_3644 .array/port v0xba9e109dc910, 3644;
E_0xba9e109e1c10/912 .event anyedge, v0xba9e109dc910_3641, v0xba9e109dc910_3642, v0xba9e109dc910_3643, v0xba9e109dc910_3644;
v0xba9e109dc910_3645 .array/port v0xba9e109dc910, 3645;
v0xba9e109dc910_3646 .array/port v0xba9e109dc910, 3646;
v0xba9e109dc910_3647 .array/port v0xba9e109dc910, 3647;
v0xba9e109dc910_3648 .array/port v0xba9e109dc910, 3648;
E_0xba9e109e1c10/913 .event anyedge, v0xba9e109dc910_3645, v0xba9e109dc910_3646, v0xba9e109dc910_3647, v0xba9e109dc910_3648;
v0xba9e109dc910_3649 .array/port v0xba9e109dc910, 3649;
v0xba9e109dc910_3650 .array/port v0xba9e109dc910, 3650;
v0xba9e109dc910_3651 .array/port v0xba9e109dc910, 3651;
v0xba9e109dc910_3652 .array/port v0xba9e109dc910, 3652;
E_0xba9e109e1c10/914 .event anyedge, v0xba9e109dc910_3649, v0xba9e109dc910_3650, v0xba9e109dc910_3651, v0xba9e109dc910_3652;
v0xba9e109dc910_3653 .array/port v0xba9e109dc910, 3653;
v0xba9e109dc910_3654 .array/port v0xba9e109dc910, 3654;
v0xba9e109dc910_3655 .array/port v0xba9e109dc910, 3655;
v0xba9e109dc910_3656 .array/port v0xba9e109dc910, 3656;
E_0xba9e109e1c10/915 .event anyedge, v0xba9e109dc910_3653, v0xba9e109dc910_3654, v0xba9e109dc910_3655, v0xba9e109dc910_3656;
v0xba9e109dc910_3657 .array/port v0xba9e109dc910, 3657;
v0xba9e109dc910_3658 .array/port v0xba9e109dc910, 3658;
v0xba9e109dc910_3659 .array/port v0xba9e109dc910, 3659;
v0xba9e109dc910_3660 .array/port v0xba9e109dc910, 3660;
E_0xba9e109e1c10/916 .event anyedge, v0xba9e109dc910_3657, v0xba9e109dc910_3658, v0xba9e109dc910_3659, v0xba9e109dc910_3660;
v0xba9e109dc910_3661 .array/port v0xba9e109dc910, 3661;
v0xba9e109dc910_3662 .array/port v0xba9e109dc910, 3662;
v0xba9e109dc910_3663 .array/port v0xba9e109dc910, 3663;
v0xba9e109dc910_3664 .array/port v0xba9e109dc910, 3664;
E_0xba9e109e1c10/917 .event anyedge, v0xba9e109dc910_3661, v0xba9e109dc910_3662, v0xba9e109dc910_3663, v0xba9e109dc910_3664;
v0xba9e109dc910_3665 .array/port v0xba9e109dc910, 3665;
v0xba9e109dc910_3666 .array/port v0xba9e109dc910, 3666;
v0xba9e109dc910_3667 .array/port v0xba9e109dc910, 3667;
v0xba9e109dc910_3668 .array/port v0xba9e109dc910, 3668;
E_0xba9e109e1c10/918 .event anyedge, v0xba9e109dc910_3665, v0xba9e109dc910_3666, v0xba9e109dc910_3667, v0xba9e109dc910_3668;
v0xba9e109dc910_3669 .array/port v0xba9e109dc910, 3669;
v0xba9e109dc910_3670 .array/port v0xba9e109dc910, 3670;
v0xba9e109dc910_3671 .array/port v0xba9e109dc910, 3671;
v0xba9e109dc910_3672 .array/port v0xba9e109dc910, 3672;
E_0xba9e109e1c10/919 .event anyedge, v0xba9e109dc910_3669, v0xba9e109dc910_3670, v0xba9e109dc910_3671, v0xba9e109dc910_3672;
v0xba9e109dc910_3673 .array/port v0xba9e109dc910, 3673;
v0xba9e109dc910_3674 .array/port v0xba9e109dc910, 3674;
v0xba9e109dc910_3675 .array/port v0xba9e109dc910, 3675;
v0xba9e109dc910_3676 .array/port v0xba9e109dc910, 3676;
E_0xba9e109e1c10/920 .event anyedge, v0xba9e109dc910_3673, v0xba9e109dc910_3674, v0xba9e109dc910_3675, v0xba9e109dc910_3676;
v0xba9e109dc910_3677 .array/port v0xba9e109dc910, 3677;
v0xba9e109dc910_3678 .array/port v0xba9e109dc910, 3678;
v0xba9e109dc910_3679 .array/port v0xba9e109dc910, 3679;
v0xba9e109dc910_3680 .array/port v0xba9e109dc910, 3680;
E_0xba9e109e1c10/921 .event anyedge, v0xba9e109dc910_3677, v0xba9e109dc910_3678, v0xba9e109dc910_3679, v0xba9e109dc910_3680;
v0xba9e109dc910_3681 .array/port v0xba9e109dc910, 3681;
v0xba9e109dc910_3682 .array/port v0xba9e109dc910, 3682;
v0xba9e109dc910_3683 .array/port v0xba9e109dc910, 3683;
v0xba9e109dc910_3684 .array/port v0xba9e109dc910, 3684;
E_0xba9e109e1c10/922 .event anyedge, v0xba9e109dc910_3681, v0xba9e109dc910_3682, v0xba9e109dc910_3683, v0xba9e109dc910_3684;
v0xba9e109dc910_3685 .array/port v0xba9e109dc910, 3685;
v0xba9e109dc910_3686 .array/port v0xba9e109dc910, 3686;
v0xba9e109dc910_3687 .array/port v0xba9e109dc910, 3687;
v0xba9e109dc910_3688 .array/port v0xba9e109dc910, 3688;
E_0xba9e109e1c10/923 .event anyedge, v0xba9e109dc910_3685, v0xba9e109dc910_3686, v0xba9e109dc910_3687, v0xba9e109dc910_3688;
v0xba9e109dc910_3689 .array/port v0xba9e109dc910, 3689;
v0xba9e109dc910_3690 .array/port v0xba9e109dc910, 3690;
v0xba9e109dc910_3691 .array/port v0xba9e109dc910, 3691;
v0xba9e109dc910_3692 .array/port v0xba9e109dc910, 3692;
E_0xba9e109e1c10/924 .event anyedge, v0xba9e109dc910_3689, v0xba9e109dc910_3690, v0xba9e109dc910_3691, v0xba9e109dc910_3692;
v0xba9e109dc910_3693 .array/port v0xba9e109dc910, 3693;
v0xba9e109dc910_3694 .array/port v0xba9e109dc910, 3694;
v0xba9e109dc910_3695 .array/port v0xba9e109dc910, 3695;
v0xba9e109dc910_3696 .array/port v0xba9e109dc910, 3696;
E_0xba9e109e1c10/925 .event anyedge, v0xba9e109dc910_3693, v0xba9e109dc910_3694, v0xba9e109dc910_3695, v0xba9e109dc910_3696;
v0xba9e109dc910_3697 .array/port v0xba9e109dc910, 3697;
v0xba9e109dc910_3698 .array/port v0xba9e109dc910, 3698;
v0xba9e109dc910_3699 .array/port v0xba9e109dc910, 3699;
v0xba9e109dc910_3700 .array/port v0xba9e109dc910, 3700;
E_0xba9e109e1c10/926 .event anyedge, v0xba9e109dc910_3697, v0xba9e109dc910_3698, v0xba9e109dc910_3699, v0xba9e109dc910_3700;
v0xba9e109dc910_3701 .array/port v0xba9e109dc910, 3701;
v0xba9e109dc910_3702 .array/port v0xba9e109dc910, 3702;
v0xba9e109dc910_3703 .array/port v0xba9e109dc910, 3703;
v0xba9e109dc910_3704 .array/port v0xba9e109dc910, 3704;
E_0xba9e109e1c10/927 .event anyedge, v0xba9e109dc910_3701, v0xba9e109dc910_3702, v0xba9e109dc910_3703, v0xba9e109dc910_3704;
v0xba9e109dc910_3705 .array/port v0xba9e109dc910, 3705;
v0xba9e109dc910_3706 .array/port v0xba9e109dc910, 3706;
v0xba9e109dc910_3707 .array/port v0xba9e109dc910, 3707;
v0xba9e109dc910_3708 .array/port v0xba9e109dc910, 3708;
E_0xba9e109e1c10/928 .event anyedge, v0xba9e109dc910_3705, v0xba9e109dc910_3706, v0xba9e109dc910_3707, v0xba9e109dc910_3708;
v0xba9e109dc910_3709 .array/port v0xba9e109dc910, 3709;
v0xba9e109dc910_3710 .array/port v0xba9e109dc910, 3710;
v0xba9e109dc910_3711 .array/port v0xba9e109dc910, 3711;
v0xba9e109dc910_3712 .array/port v0xba9e109dc910, 3712;
E_0xba9e109e1c10/929 .event anyedge, v0xba9e109dc910_3709, v0xba9e109dc910_3710, v0xba9e109dc910_3711, v0xba9e109dc910_3712;
v0xba9e109dc910_3713 .array/port v0xba9e109dc910, 3713;
v0xba9e109dc910_3714 .array/port v0xba9e109dc910, 3714;
v0xba9e109dc910_3715 .array/port v0xba9e109dc910, 3715;
v0xba9e109dc910_3716 .array/port v0xba9e109dc910, 3716;
E_0xba9e109e1c10/930 .event anyedge, v0xba9e109dc910_3713, v0xba9e109dc910_3714, v0xba9e109dc910_3715, v0xba9e109dc910_3716;
v0xba9e109dc910_3717 .array/port v0xba9e109dc910, 3717;
v0xba9e109dc910_3718 .array/port v0xba9e109dc910, 3718;
v0xba9e109dc910_3719 .array/port v0xba9e109dc910, 3719;
v0xba9e109dc910_3720 .array/port v0xba9e109dc910, 3720;
E_0xba9e109e1c10/931 .event anyedge, v0xba9e109dc910_3717, v0xba9e109dc910_3718, v0xba9e109dc910_3719, v0xba9e109dc910_3720;
v0xba9e109dc910_3721 .array/port v0xba9e109dc910, 3721;
v0xba9e109dc910_3722 .array/port v0xba9e109dc910, 3722;
v0xba9e109dc910_3723 .array/port v0xba9e109dc910, 3723;
v0xba9e109dc910_3724 .array/port v0xba9e109dc910, 3724;
E_0xba9e109e1c10/932 .event anyedge, v0xba9e109dc910_3721, v0xba9e109dc910_3722, v0xba9e109dc910_3723, v0xba9e109dc910_3724;
v0xba9e109dc910_3725 .array/port v0xba9e109dc910, 3725;
v0xba9e109dc910_3726 .array/port v0xba9e109dc910, 3726;
v0xba9e109dc910_3727 .array/port v0xba9e109dc910, 3727;
v0xba9e109dc910_3728 .array/port v0xba9e109dc910, 3728;
E_0xba9e109e1c10/933 .event anyedge, v0xba9e109dc910_3725, v0xba9e109dc910_3726, v0xba9e109dc910_3727, v0xba9e109dc910_3728;
v0xba9e109dc910_3729 .array/port v0xba9e109dc910, 3729;
v0xba9e109dc910_3730 .array/port v0xba9e109dc910, 3730;
v0xba9e109dc910_3731 .array/port v0xba9e109dc910, 3731;
v0xba9e109dc910_3732 .array/port v0xba9e109dc910, 3732;
E_0xba9e109e1c10/934 .event anyedge, v0xba9e109dc910_3729, v0xba9e109dc910_3730, v0xba9e109dc910_3731, v0xba9e109dc910_3732;
v0xba9e109dc910_3733 .array/port v0xba9e109dc910, 3733;
v0xba9e109dc910_3734 .array/port v0xba9e109dc910, 3734;
v0xba9e109dc910_3735 .array/port v0xba9e109dc910, 3735;
v0xba9e109dc910_3736 .array/port v0xba9e109dc910, 3736;
E_0xba9e109e1c10/935 .event anyedge, v0xba9e109dc910_3733, v0xba9e109dc910_3734, v0xba9e109dc910_3735, v0xba9e109dc910_3736;
v0xba9e109dc910_3737 .array/port v0xba9e109dc910, 3737;
v0xba9e109dc910_3738 .array/port v0xba9e109dc910, 3738;
v0xba9e109dc910_3739 .array/port v0xba9e109dc910, 3739;
v0xba9e109dc910_3740 .array/port v0xba9e109dc910, 3740;
E_0xba9e109e1c10/936 .event anyedge, v0xba9e109dc910_3737, v0xba9e109dc910_3738, v0xba9e109dc910_3739, v0xba9e109dc910_3740;
v0xba9e109dc910_3741 .array/port v0xba9e109dc910, 3741;
v0xba9e109dc910_3742 .array/port v0xba9e109dc910, 3742;
v0xba9e109dc910_3743 .array/port v0xba9e109dc910, 3743;
v0xba9e109dc910_3744 .array/port v0xba9e109dc910, 3744;
E_0xba9e109e1c10/937 .event anyedge, v0xba9e109dc910_3741, v0xba9e109dc910_3742, v0xba9e109dc910_3743, v0xba9e109dc910_3744;
v0xba9e109dc910_3745 .array/port v0xba9e109dc910, 3745;
v0xba9e109dc910_3746 .array/port v0xba9e109dc910, 3746;
v0xba9e109dc910_3747 .array/port v0xba9e109dc910, 3747;
v0xba9e109dc910_3748 .array/port v0xba9e109dc910, 3748;
E_0xba9e109e1c10/938 .event anyedge, v0xba9e109dc910_3745, v0xba9e109dc910_3746, v0xba9e109dc910_3747, v0xba9e109dc910_3748;
v0xba9e109dc910_3749 .array/port v0xba9e109dc910, 3749;
v0xba9e109dc910_3750 .array/port v0xba9e109dc910, 3750;
v0xba9e109dc910_3751 .array/port v0xba9e109dc910, 3751;
v0xba9e109dc910_3752 .array/port v0xba9e109dc910, 3752;
E_0xba9e109e1c10/939 .event anyedge, v0xba9e109dc910_3749, v0xba9e109dc910_3750, v0xba9e109dc910_3751, v0xba9e109dc910_3752;
v0xba9e109dc910_3753 .array/port v0xba9e109dc910, 3753;
v0xba9e109dc910_3754 .array/port v0xba9e109dc910, 3754;
v0xba9e109dc910_3755 .array/port v0xba9e109dc910, 3755;
v0xba9e109dc910_3756 .array/port v0xba9e109dc910, 3756;
E_0xba9e109e1c10/940 .event anyedge, v0xba9e109dc910_3753, v0xba9e109dc910_3754, v0xba9e109dc910_3755, v0xba9e109dc910_3756;
v0xba9e109dc910_3757 .array/port v0xba9e109dc910, 3757;
v0xba9e109dc910_3758 .array/port v0xba9e109dc910, 3758;
v0xba9e109dc910_3759 .array/port v0xba9e109dc910, 3759;
v0xba9e109dc910_3760 .array/port v0xba9e109dc910, 3760;
E_0xba9e109e1c10/941 .event anyedge, v0xba9e109dc910_3757, v0xba9e109dc910_3758, v0xba9e109dc910_3759, v0xba9e109dc910_3760;
v0xba9e109dc910_3761 .array/port v0xba9e109dc910, 3761;
v0xba9e109dc910_3762 .array/port v0xba9e109dc910, 3762;
v0xba9e109dc910_3763 .array/port v0xba9e109dc910, 3763;
v0xba9e109dc910_3764 .array/port v0xba9e109dc910, 3764;
E_0xba9e109e1c10/942 .event anyedge, v0xba9e109dc910_3761, v0xba9e109dc910_3762, v0xba9e109dc910_3763, v0xba9e109dc910_3764;
v0xba9e109dc910_3765 .array/port v0xba9e109dc910, 3765;
v0xba9e109dc910_3766 .array/port v0xba9e109dc910, 3766;
v0xba9e109dc910_3767 .array/port v0xba9e109dc910, 3767;
v0xba9e109dc910_3768 .array/port v0xba9e109dc910, 3768;
E_0xba9e109e1c10/943 .event anyedge, v0xba9e109dc910_3765, v0xba9e109dc910_3766, v0xba9e109dc910_3767, v0xba9e109dc910_3768;
v0xba9e109dc910_3769 .array/port v0xba9e109dc910, 3769;
v0xba9e109dc910_3770 .array/port v0xba9e109dc910, 3770;
v0xba9e109dc910_3771 .array/port v0xba9e109dc910, 3771;
v0xba9e109dc910_3772 .array/port v0xba9e109dc910, 3772;
E_0xba9e109e1c10/944 .event anyedge, v0xba9e109dc910_3769, v0xba9e109dc910_3770, v0xba9e109dc910_3771, v0xba9e109dc910_3772;
v0xba9e109dc910_3773 .array/port v0xba9e109dc910, 3773;
v0xba9e109dc910_3774 .array/port v0xba9e109dc910, 3774;
v0xba9e109dc910_3775 .array/port v0xba9e109dc910, 3775;
v0xba9e109dc910_3776 .array/port v0xba9e109dc910, 3776;
E_0xba9e109e1c10/945 .event anyedge, v0xba9e109dc910_3773, v0xba9e109dc910_3774, v0xba9e109dc910_3775, v0xba9e109dc910_3776;
v0xba9e109dc910_3777 .array/port v0xba9e109dc910, 3777;
v0xba9e109dc910_3778 .array/port v0xba9e109dc910, 3778;
v0xba9e109dc910_3779 .array/port v0xba9e109dc910, 3779;
v0xba9e109dc910_3780 .array/port v0xba9e109dc910, 3780;
E_0xba9e109e1c10/946 .event anyedge, v0xba9e109dc910_3777, v0xba9e109dc910_3778, v0xba9e109dc910_3779, v0xba9e109dc910_3780;
v0xba9e109dc910_3781 .array/port v0xba9e109dc910, 3781;
v0xba9e109dc910_3782 .array/port v0xba9e109dc910, 3782;
v0xba9e109dc910_3783 .array/port v0xba9e109dc910, 3783;
v0xba9e109dc910_3784 .array/port v0xba9e109dc910, 3784;
E_0xba9e109e1c10/947 .event anyedge, v0xba9e109dc910_3781, v0xba9e109dc910_3782, v0xba9e109dc910_3783, v0xba9e109dc910_3784;
v0xba9e109dc910_3785 .array/port v0xba9e109dc910, 3785;
v0xba9e109dc910_3786 .array/port v0xba9e109dc910, 3786;
v0xba9e109dc910_3787 .array/port v0xba9e109dc910, 3787;
v0xba9e109dc910_3788 .array/port v0xba9e109dc910, 3788;
E_0xba9e109e1c10/948 .event anyedge, v0xba9e109dc910_3785, v0xba9e109dc910_3786, v0xba9e109dc910_3787, v0xba9e109dc910_3788;
v0xba9e109dc910_3789 .array/port v0xba9e109dc910, 3789;
v0xba9e109dc910_3790 .array/port v0xba9e109dc910, 3790;
v0xba9e109dc910_3791 .array/port v0xba9e109dc910, 3791;
v0xba9e109dc910_3792 .array/port v0xba9e109dc910, 3792;
E_0xba9e109e1c10/949 .event anyedge, v0xba9e109dc910_3789, v0xba9e109dc910_3790, v0xba9e109dc910_3791, v0xba9e109dc910_3792;
v0xba9e109dc910_3793 .array/port v0xba9e109dc910, 3793;
v0xba9e109dc910_3794 .array/port v0xba9e109dc910, 3794;
v0xba9e109dc910_3795 .array/port v0xba9e109dc910, 3795;
v0xba9e109dc910_3796 .array/port v0xba9e109dc910, 3796;
E_0xba9e109e1c10/950 .event anyedge, v0xba9e109dc910_3793, v0xba9e109dc910_3794, v0xba9e109dc910_3795, v0xba9e109dc910_3796;
v0xba9e109dc910_3797 .array/port v0xba9e109dc910, 3797;
v0xba9e109dc910_3798 .array/port v0xba9e109dc910, 3798;
v0xba9e109dc910_3799 .array/port v0xba9e109dc910, 3799;
v0xba9e109dc910_3800 .array/port v0xba9e109dc910, 3800;
E_0xba9e109e1c10/951 .event anyedge, v0xba9e109dc910_3797, v0xba9e109dc910_3798, v0xba9e109dc910_3799, v0xba9e109dc910_3800;
v0xba9e109dc910_3801 .array/port v0xba9e109dc910, 3801;
v0xba9e109dc910_3802 .array/port v0xba9e109dc910, 3802;
v0xba9e109dc910_3803 .array/port v0xba9e109dc910, 3803;
v0xba9e109dc910_3804 .array/port v0xba9e109dc910, 3804;
E_0xba9e109e1c10/952 .event anyedge, v0xba9e109dc910_3801, v0xba9e109dc910_3802, v0xba9e109dc910_3803, v0xba9e109dc910_3804;
v0xba9e109dc910_3805 .array/port v0xba9e109dc910, 3805;
v0xba9e109dc910_3806 .array/port v0xba9e109dc910, 3806;
v0xba9e109dc910_3807 .array/port v0xba9e109dc910, 3807;
v0xba9e109dc910_3808 .array/port v0xba9e109dc910, 3808;
E_0xba9e109e1c10/953 .event anyedge, v0xba9e109dc910_3805, v0xba9e109dc910_3806, v0xba9e109dc910_3807, v0xba9e109dc910_3808;
v0xba9e109dc910_3809 .array/port v0xba9e109dc910, 3809;
v0xba9e109dc910_3810 .array/port v0xba9e109dc910, 3810;
v0xba9e109dc910_3811 .array/port v0xba9e109dc910, 3811;
v0xba9e109dc910_3812 .array/port v0xba9e109dc910, 3812;
E_0xba9e109e1c10/954 .event anyedge, v0xba9e109dc910_3809, v0xba9e109dc910_3810, v0xba9e109dc910_3811, v0xba9e109dc910_3812;
v0xba9e109dc910_3813 .array/port v0xba9e109dc910, 3813;
v0xba9e109dc910_3814 .array/port v0xba9e109dc910, 3814;
v0xba9e109dc910_3815 .array/port v0xba9e109dc910, 3815;
v0xba9e109dc910_3816 .array/port v0xba9e109dc910, 3816;
E_0xba9e109e1c10/955 .event anyedge, v0xba9e109dc910_3813, v0xba9e109dc910_3814, v0xba9e109dc910_3815, v0xba9e109dc910_3816;
v0xba9e109dc910_3817 .array/port v0xba9e109dc910, 3817;
v0xba9e109dc910_3818 .array/port v0xba9e109dc910, 3818;
v0xba9e109dc910_3819 .array/port v0xba9e109dc910, 3819;
v0xba9e109dc910_3820 .array/port v0xba9e109dc910, 3820;
E_0xba9e109e1c10/956 .event anyedge, v0xba9e109dc910_3817, v0xba9e109dc910_3818, v0xba9e109dc910_3819, v0xba9e109dc910_3820;
v0xba9e109dc910_3821 .array/port v0xba9e109dc910, 3821;
v0xba9e109dc910_3822 .array/port v0xba9e109dc910, 3822;
v0xba9e109dc910_3823 .array/port v0xba9e109dc910, 3823;
v0xba9e109dc910_3824 .array/port v0xba9e109dc910, 3824;
E_0xba9e109e1c10/957 .event anyedge, v0xba9e109dc910_3821, v0xba9e109dc910_3822, v0xba9e109dc910_3823, v0xba9e109dc910_3824;
v0xba9e109dc910_3825 .array/port v0xba9e109dc910, 3825;
v0xba9e109dc910_3826 .array/port v0xba9e109dc910, 3826;
v0xba9e109dc910_3827 .array/port v0xba9e109dc910, 3827;
v0xba9e109dc910_3828 .array/port v0xba9e109dc910, 3828;
E_0xba9e109e1c10/958 .event anyedge, v0xba9e109dc910_3825, v0xba9e109dc910_3826, v0xba9e109dc910_3827, v0xba9e109dc910_3828;
v0xba9e109dc910_3829 .array/port v0xba9e109dc910, 3829;
v0xba9e109dc910_3830 .array/port v0xba9e109dc910, 3830;
v0xba9e109dc910_3831 .array/port v0xba9e109dc910, 3831;
v0xba9e109dc910_3832 .array/port v0xba9e109dc910, 3832;
E_0xba9e109e1c10/959 .event anyedge, v0xba9e109dc910_3829, v0xba9e109dc910_3830, v0xba9e109dc910_3831, v0xba9e109dc910_3832;
v0xba9e109dc910_3833 .array/port v0xba9e109dc910, 3833;
v0xba9e109dc910_3834 .array/port v0xba9e109dc910, 3834;
v0xba9e109dc910_3835 .array/port v0xba9e109dc910, 3835;
v0xba9e109dc910_3836 .array/port v0xba9e109dc910, 3836;
E_0xba9e109e1c10/960 .event anyedge, v0xba9e109dc910_3833, v0xba9e109dc910_3834, v0xba9e109dc910_3835, v0xba9e109dc910_3836;
v0xba9e109dc910_3837 .array/port v0xba9e109dc910, 3837;
v0xba9e109dc910_3838 .array/port v0xba9e109dc910, 3838;
v0xba9e109dc910_3839 .array/port v0xba9e109dc910, 3839;
v0xba9e109dc910_3840 .array/port v0xba9e109dc910, 3840;
E_0xba9e109e1c10/961 .event anyedge, v0xba9e109dc910_3837, v0xba9e109dc910_3838, v0xba9e109dc910_3839, v0xba9e109dc910_3840;
v0xba9e109dc910_3841 .array/port v0xba9e109dc910, 3841;
v0xba9e109dc910_3842 .array/port v0xba9e109dc910, 3842;
v0xba9e109dc910_3843 .array/port v0xba9e109dc910, 3843;
v0xba9e109dc910_3844 .array/port v0xba9e109dc910, 3844;
E_0xba9e109e1c10/962 .event anyedge, v0xba9e109dc910_3841, v0xba9e109dc910_3842, v0xba9e109dc910_3843, v0xba9e109dc910_3844;
v0xba9e109dc910_3845 .array/port v0xba9e109dc910, 3845;
v0xba9e109dc910_3846 .array/port v0xba9e109dc910, 3846;
v0xba9e109dc910_3847 .array/port v0xba9e109dc910, 3847;
v0xba9e109dc910_3848 .array/port v0xba9e109dc910, 3848;
E_0xba9e109e1c10/963 .event anyedge, v0xba9e109dc910_3845, v0xba9e109dc910_3846, v0xba9e109dc910_3847, v0xba9e109dc910_3848;
v0xba9e109dc910_3849 .array/port v0xba9e109dc910, 3849;
v0xba9e109dc910_3850 .array/port v0xba9e109dc910, 3850;
v0xba9e109dc910_3851 .array/port v0xba9e109dc910, 3851;
v0xba9e109dc910_3852 .array/port v0xba9e109dc910, 3852;
E_0xba9e109e1c10/964 .event anyedge, v0xba9e109dc910_3849, v0xba9e109dc910_3850, v0xba9e109dc910_3851, v0xba9e109dc910_3852;
v0xba9e109dc910_3853 .array/port v0xba9e109dc910, 3853;
v0xba9e109dc910_3854 .array/port v0xba9e109dc910, 3854;
v0xba9e109dc910_3855 .array/port v0xba9e109dc910, 3855;
v0xba9e109dc910_3856 .array/port v0xba9e109dc910, 3856;
E_0xba9e109e1c10/965 .event anyedge, v0xba9e109dc910_3853, v0xba9e109dc910_3854, v0xba9e109dc910_3855, v0xba9e109dc910_3856;
v0xba9e109dc910_3857 .array/port v0xba9e109dc910, 3857;
v0xba9e109dc910_3858 .array/port v0xba9e109dc910, 3858;
v0xba9e109dc910_3859 .array/port v0xba9e109dc910, 3859;
v0xba9e109dc910_3860 .array/port v0xba9e109dc910, 3860;
E_0xba9e109e1c10/966 .event anyedge, v0xba9e109dc910_3857, v0xba9e109dc910_3858, v0xba9e109dc910_3859, v0xba9e109dc910_3860;
v0xba9e109dc910_3861 .array/port v0xba9e109dc910, 3861;
v0xba9e109dc910_3862 .array/port v0xba9e109dc910, 3862;
v0xba9e109dc910_3863 .array/port v0xba9e109dc910, 3863;
v0xba9e109dc910_3864 .array/port v0xba9e109dc910, 3864;
E_0xba9e109e1c10/967 .event anyedge, v0xba9e109dc910_3861, v0xba9e109dc910_3862, v0xba9e109dc910_3863, v0xba9e109dc910_3864;
v0xba9e109dc910_3865 .array/port v0xba9e109dc910, 3865;
v0xba9e109dc910_3866 .array/port v0xba9e109dc910, 3866;
v0xba9e109dc910_3867 .array/port v0xba9e109dc910, 3867;
v0xba9e109dc910_3868 .array/port v0xba9e109dc910, 3868;
E_0xba9e109e1c10/968 .event anyedge, v0xba9e109dc910_3865, v0xba9e109dc910_3866, v0xba9e109dc910_3867, v0xba9e109dc910_3868;
v0xba9e109dc910_3869 .array/port v0xba9e109dc910, 3869;
v0xba9e109dc910_3870 .array/port v0xba9e109dc910, 3870;
v0xba9e109dc910_3871 .array/port v0xba9e109dc910, 3871;
v0xba9e109dc910_3872 .array/port v0xba9e109dc910, 3872;
E_0xba9e109e1c10/969 .event anyedge, v0xba9e109dc910_3869, v0xba9e109dc910_3870, v0xba9e109dc910_3871, v0xba9e109dc910_3872;
v0xba9e109dc910_3873 .array/port v0xba9e109dc910, 3873;
v0xba9e109dc910_3874 .array/port v0xba9e109dc910, 3874;
v0xba9e109dc910_3875 .array/port v0xba9e109dc910, 3875;
v0xba9e109dc910_3876 .array/port v0xba9e109dc910, 3876;
E_0xba9e109e1c10/970 .event anyedge, v0xba9e109dc910_3873, v0xba9e109dc910_3874, v0xba9e109dc910_3875, v0xba9e109dc910_3876;
v0xba9e109dc910_3877 .array/port v0xba9e109dc910, 3877;
v0xba9e109dc910_3878 .array/port v0xba9e109dc910, 3878;
v0xba9e109dc910_3879 .array/port v0xba9e109dc910, 3879;
v0xba9e109dc910_3880 .array/port v0xba9e109dc910, 3880;
E_0xba9e109e1c10/971 .event anyedge, v0xba9e109dc910_3877, v0xba9e109dc910_3878, v0xba9e109dc910_3879, v0xba9e109dc910_3880;
v0xba9e109dc910_3881 .array/port v0xba9e109dc910, 3881;
v0xba9e109dc910_3882 .array/port v0xba9e109dc910, 3882;
v0xba9e109dc910_3883 .array/port v0xba9e109dc910, 3883;
v0xba9e109dc910_3884 .array/port v0xba9e109dc910, 3884;
E_0xba9e109e1c10/972 .event anyedge, v0xba9e109dc910_3881, v0xba9e109dc910_3882, v0xba9e109dc910_3883, v0xba9e109dc910_3884;
v0xba9e109dc910_3885 .array/port v0xba9e109dc910, 3885;
v0xba9e109dc910_3886 .array/port v0xba9e109dc910, 3886;
v0xba9e109dc910_3887 .array/port v0xba9e109dc910, 3887;
v0xba9e109dc910_3888 .array/port v0xba9e109dc910, 3888;
E_0xba9e109e1c10/973 .event anyedge, v0xba9e109dc910_3885, v0xba9e109dc910_3886, v0xba9e109dc910_3887, v0xba9e109dc910_3888;
v0xba9e109dc910_3889 .array/port v0xba9e109dc910, 3889;
v0xba9e109dc910_3890 .array/port v0xba9e109dc910, 3890;
v0xba9e109dc910_3891 .array/port v0xba9e109dc910, 3891;
v0xba9e109dc910_3892 .array/port v0xba9e109dc910, 3892;
E_0xba9e109e1c10/974 .event anyedge, v0xba9e109dc910_3889, v0xba9e109dc910_3890, v0xba9e109dc910_3891, v0xba9e109dc910_3892;
v0xba9e109dc910_3893 .array/port v0xba9e109dc910, 3893;
v0xba9e109dc910_3894 .array/port v0xba9e109dc910, 3894;
v0xba9e109dc910_3895 .array/port v0xba9e109dc910, 3895;
v0xba9e109dc910_3896 .array/port v0xba9e109dc910, 3896;
E_0xba9e109e1c10/975 .event anyedge, v0xba9e109dc910_3893, v0xba9e109dc910_3894, v0xba9e109dc910_3895, v0xba9e109dc910_3896;
v0xba9e109dc910_3897 .array/port v0xba9e109dc910, 3897;
v0xba9e109dc910_3898 .array/port v0xba9e109dc910, 3898;
v0xba9e109dc910_3899 .array/port v0xba9e109dc910, 3899;
v0xba9e109dc910_3900 .array/port v0xba9e109dc910, 3900;
E_0xba9e109e1c10/976 .event anyedge, v0xba9e109dc910_3897, v0xba9e109dc910_3898, v0xba9e109dc910_3899, v0xba9e109dc910_3900;
v0xba9e109dc910_3901 .array/port v0xba9e109dc910, 3901;
v0xba9e109dc910_3902 .array/port v0xba9e109dc910, 3902;
v0xba9e109dc910_3903 .array/port v0xba9e109dc910, 3903;
v0xba9e109dc910_3904 .array/port v0xba9e109dc910, 3904;
E_0xba9e109e1c10/977 .event anyedge, v0xba9e109dc910_3901, v0xba9e109dc910_3902, v0xba9e109dc910_3903, v0xba9e109dc910_3904;
v0xba9e109dc910_3905 .array/port v0xba9e109dc910, 3905;
v0xba9e109dc910_3906 .array/port v0xba9e109dc910, 3906;
v0xba9e109dc910_3907 .array/port v0xba9e109dc910, 3907;
v0xba9e109dc910_3908 .array/port v0xba9e109dc910, 3908;
E_0xba9e109e1c10/978 .event anyedge, v0xba9e109dc910_3905, v0xba9e109dc910_3906, v0xba9e109dc910_3907, v0xba9e109dc910_3908;
v0xba9e109dc910_3909 .array/port v0xba9e109dc910, 3909;
v0xba9e109dc910_3910 .array/port v0xba9e109dc910, 3910;
v0xba9e109dc910_3911 .array/port v0xba9e109dc910, 3911;
v0xba9e109dc910_3912 .array/port v0xba9e109dc910, 3912;
E_0xba9e109e1c10/979 .event anyedge, v0xba9e109dc910_3909, v0xba9e109dc910_3910, v0xba9e109dc910_3911, v0xba9e109dc910_3912;
v0xba9e109dc910_3913 .array/port v0xba9e109dc910, 3913;
v0xba9e109dc910_3914 .array/port v0xba9e109dc910, 3914;
v0xba9e109dc910_3915 .array/port v0xba9e109dc910, 3915;
v0xba9e109dc910_3916 .array/port v0xba9e109dc910, 3916;
E_0xba9e109e1c10/980 .event anyedge, v0xba9e109dc910_3913, v0xba9e109dc910_3914, v0xba9e109dc910_3915, v0xba9e109dc910_3916;
v0xba9e109dc910_3917 .array/port v0xba9e109dc910, 3917;
v0xba9e109dc910_3918 .array/port v0xba9e109dc910, 3918;
v0xba9e109dc910_3919 .array/port v0xba9e109dc910, 3919;
v0xba9e109dc910_3920 .array/port v0xba9e109dc910, 3920;
E_0xba9e109e1c10/981 .event anyedge, v0xba9e109dc910_3917, v0xba9e109dc910_3918, v0xba9e109dc910_3919, v0xba9e109dc910_3920;
v0xba9e109dc910_3921 .array/port v0xba9e109dc910, 3921;
v0xba9e109dc910_3922 .array/port v0xba9e109dc910, 3922;
v0xba9e109dc910_3923 .array/port v0xba9e109dc910, 3923;
v0xba9e109dc910_3924 .array/port v0xba9e109dc910, 3924;
E_0xba9e109e1c10/982 .event anyedge, v0xba9e109dc910_3921, v0xba9e109dc910_3922, v0xba9e109dc910_3923, v0xba9e109dc910_3924;
v0xba9e109dc910_3925 .array/port v0xba9e109dc910, 3925;
v0xba9e109dc910_3926 .array/port v0xba9e109dc910, 3926;
v0xba9e109dc910_3927 .array/port v0xba9e109dc910, 3927;
v0xba9e109dc910_3928 .array/port v0xba9e109dc910, 3928;
E_0xba9e109e1c10/983 .event anyedge, v0xba9e109dc910_3925, v0xba9e109dc910_3926, v0xba9e109dc910_3927, v0xba9e109dc910_3928;
v0xba9e109dc910_3929 .array/port v0xba9e109dc910, 3929;
v0xba9e109dc910_3930 .array/port v0xba9e109dc910, 3930;
v0xba9e109dc910_3931 .array/port v0xba9e109dc910, 3931;
v0xba9e109dc910_3932 .array/port v0xba9e109dc910, 3932;
E_0xba9e109e1c10/984 .event anyedge, v0xba9e109dc910_3929, v0xba9e109dc910_3930, v0xba9e109dc910_3931, v0xba9e109dc910_3932;
v0xba9e109dc910_3933 .array/port v0xba9e109dc910, 3933;
v0xba9e109dc910_3934 .array/port v0xba9e109dc910, 3934;
v0xba9e109dc910_3935 .array/port v0xba9e109dc910, 3935;
v0xba9e109dc910_3936 .array/port v0xba9e109dc910, 3936;
E_0xba9e109e1c10/985 .event anyedge, v0xba9e109dc910_3933, v0xba9e109dc910_3934, v0xba9e109dc910_3935, v0xba9e109dc910_3936;
v0xba9e109dc910_3937 .array/port v0xba9e109dc910, 3937;
v0xba9e109dc910_3938 .array/port v0xba9e109dc910, 3938;
v0xba9e109dc910_3939 .array/port v0xba9e109dc910, 3939;
v0xba9e109dc910_3940 .array/port v0xba9e109dc910, 3940;
E_0xba9e109e1c10/986 .event anyedge, v0xba9e109dc910_3937, v0xba9e109dc910_3938, v0xba9e109dc910_3939, v0xba9e109dc910_3940;
v0xba9e109dc910_3941 .array/port v0xba9e109dc910, 3941;
v0xba9e109dc910_3942 .array/port v0xba9e109dc910, 3942;
v0xba9e109dc910_3943 .array/port v0xba9e109dc910, 3943;
v0xba9e109dc910_3944 .array/port v0xba9e109dc910, 3944;
E_0xba9e109e1c10/987 .event anyedge, v0xba9e109dc910_3941, v0xba9e109dc910_3942, v0xba9e109dc910_3943, v0xba9e109dc910_3944;
v0xba9e109dc910_3945 .array/port v0xba9e109dc910, 3945;
v0xba9e109dc910_3946 .array/port v0xba9e109dc910, 3946;
v0xba9e109dc910_3947 .array/port v0xba9e109dc910, 3947;
v0xba9e109dc910_3948 .array/port v0xba9e109dc910, 3948;
E_0xba9e109e1c10/988 .event anyedge, v0xba9e109dc910_3945, v0xba9e109dc910_3946, v0xba9e109dc910_3947, v0xba9e109dc910_3948;
v0xba9e109dc910_3949 .array/port v0xba9e109dc910, 3949;
v0xba9e109dc910_3950 .array/port v0xba9e109dc910, 3950;
v0xba9e109dc910_3951 .array/port v0xba9e109dc910, 3951;
v0xba9e109dc910_3952 .array/port v0xba9e109dc910, 3952;
E_0xba9e109e1c10/989 .event anyedge, v0xba9e109dc910_3949, v0xba9e109dc910_3950, v0xba9e109dc910_3951, v0xba9e109dc910_3952;
v0xba9e109dc910_3953 .array/port v0xba9e109dc910, 3953;
v0xba9e109dc910_3954 .array/port v0xba9e109dc910, 3954;
v0xba9e109dc910_3955 .array/port v0xba9e109dc910, 3955;
v0xba9e109dc910_3956 .array/port v0xba9e109dc910, 3956;
E_0xba9e109e1c10/990 .event anyedge, v0xba9e109dc910_3953, v0xba9e109dc910_3954, v0xba9e109dc910_3955, v0xba9e109dc910_3956;
v0xba9e109dc910_3957 .array/port v0xba9e109dc910, 3957;
v0xba9e109dc910_3958 .array/port v0xba9e109dc910, 3958;
v0xba9e109dc910_3959 .array/port v0xba9e109dc910, 3959;
v0xba9e109dc910_3960 .array/port v0xba9e109dc910, 3960;
E_0xba9e109e1c10/991 .event anyedge, v0xba9e109dc910_3957, v0xba9e109dc910_3958, v0xba9e109dc910_3959, v0xba9e109dc910_3960;
v0xba9e109dc910_3961 .array/port v0xba9e109dc910, 3961;
v0xba9e109dc910_3962 .array/port v0xba9e109dc910, 3962;
v0xba9e109dc910_3963 .array/port v0xba9e109dc910, 3963;
v0xba9e109dc910_3964 .array/port v0xba9e109dc910, 3964;
E_0xba9e109e1c10/992 .event anyedge, v0xba9e109dc910_3961, v0xba9e109dc910_3962, v0xba9e109dc910_3963, v0xba9e109dc910_3964;
v0xba9e109dc910_3965 .array/port v0xba9e109dc910, 3965;
v0xba9e109dc910_3966 .array/port v0xba9e109dc910, 3966;
v0xba9e109dc910_3967 .array/port v0xba9e109dc910, 3967;
v0xba9e109dc910_3968 .array/port v0xba9e109dc910, 3968;
E_0xba9e109e1c10/993 .event anyedge, v0xba9e109dc910_3965, v0xba9e109dc910_3966, v0xba9e109dc910_3967, v0xba9e109dc910_3968;
v0xba9e109dc910_3969 .array/port v0xba9e109dc910, 3969;
v0xba9e109dc910_3970 .array/port v0xba9e109dc910, 3970;
v0xba9e109dc910_3971 .array/port v0xba9e109dc910, 3971;
v0xba9e109dc910_3972 .array/port v0xba9e109dc910, 3972;
E_0xba9e109e1c10/994 .event anyedge, v0xba9e109dc910_3969, v0xba9e109dc910_3970, v0xba9e109dc910_3971, v0xba9e109dc910_3972;
v0xba9e109dc910_3973 .array/port v0xba9e109dc910, 3973;
v0xba9e109dc910_3974 .array/port v0xba9e109dc910, 3974;
v0xba9e109dc910_3975 .array/port v0xba9e109dc910, 3975;
v0xba9e109dc910_3976 .array/port v0xba9e109dc910, 3976;
E_0xba9e109e1c10/995 .event anyedge, v0xba9e109dc910_3973, v0xba9e109dc910_3974, v0xba9e109dc910_3975, v0xba9e109dc910_3976;
v0xba9e109dc910_3977 .array/port v0xba9e109dc910, 3977;
v0xba9e109dc910_3978 .array/port v0xba9e109dc910, 3978;
v0xba9e109dc910_3979 .array/port v0xba9e109dc910, 3979;
v0xba9e109dc910_3980 .array/port v0xba9e109dc910, 3980;
E_0xba9e109e1c10/996 .event anyedge, v0xba9e109dc910_3977, v0xba9e109dc910_3978, v0xba9e109dc910_3979, v0xba9e109dc910_3980;
v0xba9e109dc910_3981 .array/port v0xba9e109dc910, 3981;
v0xba9e109dc910_3982 .array/port v0xba9e109dc910, 3982;
v0xba9e109dc910_3983 .array/port v0xba9e109dc910, 3983;
v0xba9e109dc910_3984 .array/port v0xba9e109dc910, 3984;
E_0xba9e109e1c10/997 .event anyedge, v0xba9e109dc910_3981, v0xba9e109dc910_3982, v0xba9e109dc910_3983, v0xba9e109dc910_3984;
v0xba9e109dc910_3985 .array/port v0xba9e109dc910, 3985;
v0xba9e109dc910_3986 .array/port v0xba9e109dc910, 3986;
v0xba9e109dc910_3987 .array/port v0xba9e109dc910, 3987;
v0xba9e109dc910_3988 .array/port v0xba9e109dc910, 3988;
E_0xba9e109e1c10/998 .event anyedge, v0xba9e109dc910_3985, v0xba9e109dc910_3986, v0xba9e109dc910_3987, v0xba9e109dc910_3988;
v0xba9e109dc910_3989 .array/port v0xba9e109dc910, 3989;
v0xba9e109dc910_3990 .array/port v0xba9e109dc910, 3990;
v0xba9e109dc910_3991 .array/port v0xba9e109dc910, 3991;
v0xba9e109dc910_3992 .array/port v0xba9e109dc910, 3992;
E_0xba9e109e1c10/999 .event anyedge, v0xba9e109dc910_3989, v0xba9e109dc910_3990, v0xba9e109dc910_3991, v0xba9e109dc910_3992;
v0xba9e109dc910_3993 .array/port v0xba9e109dc910, 3993;
v0xba9e109dc910_3994 .array/port v0xba9e109dc910, 3994;
v0xba9e109dc910_3995 .array/port v0xba9e109dc910, 3995;
v0xba9e109dc910_3996 .array/port v0xba9e109dc910, 3996;
E_0xba9e109e1c10/1000 .event anyedge, v0xba9e109dc910_3993, v0xba9e109dc910_3994, v0xba9e109dc910_3995, v0xba9e109dc910_3996;
v0xba9e109dc910_3997 .array/port v0xba9e109dc910, 3997;
v0xba9e109dc910_3998 .array/port v0xba9e109dc910, 3998;
v0xba9e109dc910_3999 .array/port v0xba9e109dc910, 3999;
v0xba9e109dc910_4000 .array/port v0xba9e109dc910, 4000;
E_0xba9e109e1c10/1001 .event anyedge, v0xba9e109dc910_3997, v0xba9e109dc910_3998, v0xba9e109dc910_3999, v0xba9e109dc910_4000;
v0xba9e109dc910_4001 .array/port v0xba9e109dc910, 4001;
v0xba9e109dc910_4002 .array/port v0xba9e109dc910, 4002;
v0xba9e109dc910_4003 .array/port v0xba9e109dc910, 4003;
v0xba9e109dc910_4004 .array/port v0xba9e109dc910, 4004;
E_0xba9e109e1c10/1002 .event anyedge, v0xba9e109dc910_4001, v0xba9e109dc910_4002, v0xba9e109dc910_4003, v0xba9e109dc910_4004;
v0xba9e109dc910_4005 .array/port v0xba9e109dc910, 4005;
v0xba9e109dc910_4006 .array/port v0xba9e109dc910, 4006;
v0xba9e109dc910_4007 .array/port v0xba9e109dc910, 4007;
v0xba9e109dc910_4008 .array/port v0xba9e109dc910, 4008;
E_0xba9e109e1c10/1003 .event anyedge, v0xba9e109dc910_4005, v0xba9e109dc910_4006, v0xba9e109dc910_4007, v0xba9e109dc910_4008;
v0xba9e109dc910_4009 .array/port v0xba9e109dc910, 4009;
v0xba9e109dc910_4010 .array/port v0xba9e109dc910, 4010;
v0xba9e109dc910_4011 .array/port v0xba9e109dc910, 4011;
v0xba9e109dc910_4012 .array/port v0xba9e109dc910, 4012;
E_0xba9e109e1c10/1004 .event anyedge, v0xba9e109dc910_4009, v0xba9e109dc910_4010, v0xba9e109dc910_4011, v0xba9e109dc910_4012;
v0xba9e109dc910_4013 .array/port v0xba9e109dc910, 4013;
v0xba9e109dc910_4014 .array/port v0xba9e109dc910, 4014;
v0xba9e109dc910_4015 .array/port v0xba9e109dc910, 4015;
v0xba9e109dc910_4016 .array/port v0xba9e109dc910, 4016;
E_0xba9e109e1c10/1005 .event anyedge, v0xba9e109dc910_4013, v0xba9e109dc910_4014, v0xba9e109dc910_4015, v0xba9e109dc910_4016;
v0xba9e109dc910_4017 .array/port v0xba9e109dc910, 4017;
v0xba9e109dc910_4018 .array/port v0xba9e109dc910, 4018;
v0xba9e109dc910_4019 .array/port v0xba9e109dc910, 4019;
v0xba9e109dc910_4020 .array/port v0xba9e109dc910, 4020;
E_0xba9e109e1c10/1006 .event anyedge, v0xba9e109dc910_4017, v0xba9e109dc910_4018, v0xba9e109dc910_4019, v0xba9e109dc910_4020;
v0xba9e109dc910_4021 .array/port v0xba9e109dc910, 4021;
v0xba9e109dc910_4022 .array/port v0xba9e109dc910, 4022;
v0xba9e109dc910_4023 .array/port v0xba9e109dc910, 4023;
v0xba9e109dc910_4024 .array/port v0xba9e109dc910, 4024;
E_0xba9e109e1c10/1007 .event anyedge, v0xba9e109dc910_4021, v0xba9e109dc910_4022, v0xba9e109dc910_4023, v0xba9e109dc910_4024;
v0xba9e109dc910_4025 .array/port v0xba9e109dc910, 4025;
v0xba9e109dc910_4026 .array/port v0xba9e109dc910, 4026;
v0xba9e109dc910_4027 .array/port v0xba9e109dc910, 4027;
v0xba9e109dc910_4028 .array/port v0xba9e109dc910, 4028;
E_0xba9e109e1c10/1008 .event anyedge, v0xba9e109dc910_4025, v0xba9e109dc910_4026, v0xba9e109dc910_4027, v0xba9e109dc910_4028;
v0xba9e109dc910_4029 .array/port v0xba9e109dc910, 4029;
v0xba9e109dc910_4030 .array/port v0xba9e109dc910, 4030;
v0xba9e109dc910_4031 .array/port v0xba9e109dc910, 4031;
v0xba9e109dc910_4032 .array/port v0xba9e109dc910, 4032;
E_0xba9e109e1c10/1009 .event anyedge, v0xba9e109dc910_4029, v0xba9e109dc910_4030, v0xba9e109dc910_4031, v0xba9e109dc910_4032;
v0xba9e109dc910_4033 .array/port v0xba9e109dc910, 4033;
v0xba9e109dc910_4034 .array/port v0xba9e109dc910, 4034;
v0xba9e109dc910_4035 .array/port v0xba9e109dc910, 4035;
v0xba9e109dc910_4036 .array/port v0xba9e109dc910, 4036;
E_0xba9e109e1c10/1010 .event anyedge, v0xba9e109dc910_4033, v0xba9e109dc910_4034, v0xba9e109dc910_4035, v0xba9e109dc910_4036;
v0xba9e109dc910_4037 .array/port v0xba9e109dc910, 4037;
v0xba9e109dc910_4038 .array/port v0xba9e109dc910, 4038;
v0xba9e109dc910_4039 .array/port v0xba9e109dc910, 4039;
v0xba9e109dc910_4040 .array/port v0xba9e109dc910, 4040;
E_0xba9e109e1c10/1011 .event anyedge, v0xba9e109dc910_4037, v0xba9e109dc910_4038, v0xba9e109dc910_4039, v0xba9e109dc910_4040;
v0xba9e109dc910_4041 .array/port v0xba9e109dc910, 4041;
v0xba9e109dc910_4042 .array/port v0xba9e109dc910, 4042;
v0xba9e109dc910_4043 .array/port v0xba9e109dc910, 4043;
v0xba9e109dc910_4044 .array/port v0xba9e109dc910, 4044;
E_0xba9e109e1c10/1012 .event anyedge, v0xba9e109dc910_4041, v0xba9e109dc910_4042, v0xba9e109dc910_4043, v0xba9e109dc910_4044;
v0xba9e109dc910_4045 .array/port v0xba9e109dc910, 4045;
v0xba9e109dc910_4046 .array/port v0xba9e109dc910, 4046;
v0xba9e109dc910_4047 .array/port v0xba9e109dc910, 4047;
v0xba9e109dc910_4048 .array/port v0xba9e109dc910, 4048;
E_0xba9e109e1c10/1013 .event anyedge, v0xba9e109dc910_4045, v0xba9e109dc910_4046, v0xba9e109dc910_4047, v0xba9e109dc910_4048;
v0xba9e109dc910_4049 .array/port v0xba9e109dc910, 4049;
v0xba9e109dc910_4050 .array/port v0xba9e109dc910, 4050;
v0xba9e109dc910_4051 .array/port v0xba9e109dc910, 4051;
v0xba9e109dc910_4052 .array/port v0xba9e109dc910, 4052;
E_0xba9e109e1c10/1014 .event anyedge, v0xba9e109dc910_4049, v0xba9e109dc910_4050, v0xba9e109dc910_4051, v0xba9e109dc910_4052;
v0xba9e109dc910_4053 .array/port v0xba9e109dc910, 4053;
v0xba9e109dc910_4054 .array/port v0xba9e109dc910, 4054;
v0xba9e109dc910_4055 .array/port v0xba9e109dc910, 4055;
v0xba9e109dc910_4056 .array/port v0xba9e109dc910, 4056;
E_0xba9e109e1c10/1015 .event anyedge, v0xba9e109dc910_4053, v0xba9e109dc910_4054, v0xba9e109dc910_4055, v0xba9e109dc910_4056;
v0xba9e109dc910_4057 .array/port v0xba9e109dc910, 4057;
v0xba9e109dc910_4058 .array/port v0xba9e109dc910, 4058;
v0xba9e109dc910_4059 .array/port v0xba9e109dc910, 4059;
v0xba9e109dc910_4060 .array/port v0xba9e109dc910, 4060;
E_0xba9e109e1c10/1016 .event anyedge, v0xba9e109dc910_4057, v0xba9e109dc910_4058, v0xba9e109dc910_4059, v0xba9e109dc910_4060;
v0xba9e109dc910_4061 .array/port v0xba9e109dc910, 4061;
v0xba9e109dc910_4062 .array/port v0xba9e109dc910, 4062;
v0xba9e109dc910_4063 .array/port v0xba9e109dc910, 4063;
v0xba9e109dc910_4064 .array/port v0xba9e109dc910, 4064;
E_0xba9e109e1c10/1017 .event anyedge, v0xba9e109dc910_4061, v0xba9e109dc910_4062, v0xba9e109dc910_4063, v0xba9e109dc910_4064;
v0xba9e109dc910_4065 .array/port v0xba9e109dc910, 4065;
v0xba9e109dc910_4066 .array/port v0xba9e109dc910, 4066;
v0xba9e109dc910_4067 .array/port v0xba9e109dc910, 4067;
v0xba9e109dc910_4068 .array/port v0xba9e109dc910, 4068;
E_0xba9e109e1c10/1018 .event anyedge, v0xba9e109dc910_4065, v0xba9e109dc910_4066, v0xba9e109dc910_4067, v0xba9e109dc910_4068;
v0xba9e109dc910_4069 .array/port v0xba9e109dc910, 4069;
v0xba9e109dc910_4070 .array/port v0xba9e109dc910, 4070;
v0xba9e109dc910_4071 .array/port v0xba9e109dc910, 4071;
v0xba9e109dc910_4072 .array/port v0xba9e109dc910, 4072;
E_0xba9e109e1c10/1019 .event anyedge, v0xba9e109dc910_4069, v0xba9e109dc910_4070, v0xba9e109dc910_4071, v0xba9e109dc910_4072;
v0xba9e109dc910_4073 .array/port v0xba9e109dc910, 4073;
v0xba9e109dc910_4074 .array/port v0xba9e109dc910, 4074;
v0xba9e109dc910_4075 .array/port v0xba9e109dc910, 4075;
v0xba9e109dc910_4076 .array/port v0xba9e109dc910, 4076;
E_0xba9e109e1c10/1020 .event anyedge, v0xba9e109dc910_4073, v0xba9e109dc910_4074, v0xba9e109dc910_4075, v0xba9e109dc910_4076;
v0xba9e109dc910_4077 .array/port v0xba9e109dc910, 4077;
v0xba9e109dc910_4078 .array/port v0xba9e109dc910, 4078;
v0xba9e109dc910_4079 .array/port v0xba9e109dc910, 4079;
v0xba9e109dc910_4080 .array/port v0xba9e109dc910, 4080;
E_0xba9e109e1c10/1021 .event anyedge, v0xba9e109dc910_4077, v0xba9e109dc910_4078, v0xba9e109dc910_4079, v0xba9e109dc910_4080;
v0xba9e109dc910_4081 .array/port v0xba9e109dc910, 4081;
v0xba9e109dc910_4082 .array/port v0xba9e109dc910, 4082;
v0xba9e109dc910_4083 .array/port v0xba9e109dc910, 4083;
v0xba9e109dc910_4084 .array/port v0xba9e109dc910, 4084;
E_0xba9e109e1c10/1022 .event anyedge, v0xba9e109dc910_4081, v0xba9e109dc910_4082, v0xba9e109dc910_4083, v0xba9e109dc910_4084;
v0xba9e109dc910_4085 .array/port v0xba9e109dc910, 4085;
v0xba9e109dc910_4086 .array/port v0xba9e109dc910, 4086;
v0xba9e109dc910_4087 .array/port v0xba9e109dc910, 4087;
v0xba9e109dc910_4088 .array/port v0xba9e109dc910, 4088;
E_0xba9e109e1c10/1023 .event anyedge, v0xba9e109dc910_4085, v0xba9e109dc910_4086, v0xba9e109dc910_4087, v0xba9e109dc910_4088;
v0xba9e109dc910_4089 .array/port v0xba9e109dc910, 4089;
v0xba9e109dc910_4090 .array/port v0xba9e109dc910, 4090;
v0xba9e109dc910_4091 .array/port v0xba9e109dc910, 4091;
v0xba9e109dc910_4092 .array/port v0xba9e109dc910, 4092;
E_0xba9e109e1c10/1024 .event anyedge, v0xba9e109dc910_4089, v0xba9e109dc910_4090, v0xba9e109dc910_4091, v0xba9e109dc910_4092;
v0xba9e109dc910_4093 .array/port v0xba9e109dc910, 4093;
v0xba9e109dc910_4094 .array/port v0xba9e109dc910, 4094;
v0xba9e109dc910_4095 .array/port v0xba9e109dc910, 4095;
v0xba9e109dc910_4096 .array/port v0xba9e109dc910, 4096;
E_0xba9e109e1c10/1025 .event anyedge, v0xba9e109dc910_4093, v0xba9e109dc910_4094, v0xba9e109dc910_4095, v0xba9e109dc910_4096;
v0xba9e109dc910_4097 .array/port v0xba9e109dc910, 4097;
v0xba9e109dc910_4098 .array/port v0xba9e109dc910, 4098;
v0xba9e109dc910_4099 .array/port v0xba9e109dc910, 4099;
v0xba9e109dc910_4100 .array/port v0xba9e109dc910, 4100;
E_0xba9e109e1c10/1026 .event anyedge, v0xba9e109dc910_4097, v0xba9e109dc910_4098, v0xba9e109dc910_4099, v0xba9e109dc910_4100;
v0xba9e109dc910_4101 .array/port v0xba9e109dc910, 4101;
v0xba9e109dc910_4102 .array/port v0xba9e109dc910, 4102;
v0xba9e109dc910_4103 .array/port v0xba9e109dc910, 4103;
v0xba9e109dc910_4104 .array/port v0xba9e109dc910, 4104;
E_0xba9e109e1c10/1027 .event anyedge, v0xba9e109dc910_4101, v0xba9e109dc910_4102, v0xba9e109dc910_4103, v0xba9e109dc910_4104;
v0xba9e109dc910_4105 .array/port v0xba9e109dc910, 4105;
v0xba9e109dc910_4106 .array/port v0xba9e109dc910, 4106;
v0xba9e109dc910_4107 .array/port v0xba9e109dc910, 4107;
v0xba9e109dc910_4108 .array/port v0xba9e109dc910, 4108;
E_0xba9e109e1c10/1028 .event anyedge, v0xba9e109dc910_4105, v0xba9e109dc910_4106, v0xba9e109dc910_4107, v0xba9e109dc910_4108;
v0xba9e109dc910_4109 .array/port v0xba9e109dc910, 4109;
v0xba9e109dc910_4110 .array/port v0xba9e109dc910, 4110;
v0xba9e109dc910_4111 .array/port v0xba9e109dc910, 4111;
v0xba9e109dc910_4112 .array/port v0xba9e109dc910, 4112;
E_0xba9e109e1c10/1029 .event anyedge, v0xba9e109dc910_4109, v0xba9e109dc910_4110, v0xba9e109dc910_4111, v0xba9e109dc910_4112;
v0xba9e109dc910_4113 .array/port v0xba9e109dc910, 4113;
v0xba9e109dc910_4114 .array/port v0xba9e109dc910, 4114;
v0xba9e109dc910_4115 .array/port v0xba9e109dc910, 4115;
v0xba9e109dc910_4116 .array/port v0xba9e109dc910, 4116;
E_0xba9e109e1c10/1030 .event anyedge, v0xba9e109dc910_4113, v0xba9e109dc910_4114, v0xba9e109dc910_4115, v0xba9e109dc910_4116;
v0xba9e109dc910_4117 .array/port v0xba9e109dc910, 4117;
v0xba9e109dc910_4118 .array/port v0xba9e109dc910, 4118;
v0xba9e109dc910_4119 .array/port v0xba9e109dc910, 4119;
v0xba9e109dc910_4120 .array/port v0xba9e109dc910, 4120;
E_0xba9e109e1c10/1031 .event anyedge, v0xba9e109dc910_4117, v0xba9e109dc910_4118, v0xba9e109dc910_4119, v0xba9e109dc910_4120;
v0xba9e109dc910_4121 .array/port v0xba9e109dc910, 4121;
v0xba9e109dc910_4122 .array/port v0xba9e109dc910, 4122;
v0xba9e109dc910_4123 .array/port v0xba9e109dc910, 4123;
v0xba9e109dc910_4124 .array/port v0xba9e109dc910, 4124;
E_0xba9e109e1c10/1032 .event anyedge, v0xba9e109dc910_4121, v0xba9e109dc910_4122, v0xba9e109dc910_4123, v0xba9e109dc910_4124;
v0xba9e109dc910_4125 .array/port v0xba9e109dc910, 4125;
v0xba9e109dc910_4126 .array/port v0xba9e109dc910, 4126;
v0xba9e109dc910_4127 .array/port v0xba9e109dc910, 4127;
v0xba9e109dc910_4128 .array/port v0xba9e109dc910, 4128;
E_0xba9e109e1c10/1033 .event anyedge, v0xba9e109dc910_4125, v0xba9e109dc910_4126, v0xba9e109dc910_4127, v0xba9e109dc910_4128;
v0xba9e109dc910_4129 .array/port v0xba9e109dc910, 4129;
v0xba9e109dc910_4130 .array/port v0xba9e109dc910, 4130;
v0xba9e109dc910_4131 .array/port v0xba9e109dc910, 4131;
v0xba9e109dc910_4132 .array/port v0xba9e109dc910, 4132;
E_0xba9e109e1c10/1034 .event anyedge, v0xba9e109dc910_4129, v0xba9e109dc910_4130, v0xba9e109dc910_4131, v0xba9e109dc910_4132;
v0xba9e109dc910_4133 .array/port v0xba9e109dc910, 4133;
v0xba9e109dc910_4134 .array/port v0xba9e109dc910, 4134;
v0xba9e109dc910_4135 .array/port v0xba9e109dc910, 4135;
v0xba9e109dc910_4136 .array/port v0xba9e109dc910, 4136;
E_0xba9e109e1c10/1035 .event anyedge, v0xba9e109dc910_4133, v0xba9e109dc910_4134, v0xba9e109dc910_4135, v0xba9e109dc910_4136;
v0xba9e109dc910_4137 .array/port v0xba9e109dc910, 4137;
v0xba9e109dc910_4138 .array/port v0xba9e109dc910, 4138;
v0xba9e109dc910_4139 .array/port v0xba9e109dc910, 4139;
v0xba9e109dc910_4140 .array/port v0xba9e109dc910, 4140;
E_0xba9e109e1c10/1036 .event anyedge, v0xba9e109dc910_4137, v0xba9e109dc910_4138, v0xba9e109dc910_4139, v0xba9e109dc910_4140;
v0xba9e109dc910_4141 .array/port v0xba9e109dc910, 4141;
v0xba9e109dc910_4142 .array/port v0xba9e109dc910, 4142;
v0xba9e109dc910_4143 .array/port v0xba9e109dc910, 4143;
v0xba9e109dc910_4144 .array/port v0xba9e109dc910, 4144;
E_0xba9e109e1c10/1037 .event anyedge, v0xba9e109dc910_4141, v0xba9e109dc910_4142, v0xba9e109dc910_4143, v0xba9e109dc910_4144;
v0xba9e109dc910_4145 .array/port v0xba9e109dc910, 4145;
v0xba9e109dc910_4146 .array/port v0xba9e109dc910, 4146;
v0xba9e109dc910_4147 .array/port v0xba9e109dc910, 4147;
v0xba9e109dc910_4148 .array/port v0xba9e109dc910, 4148;
E_0xba9e109e1c10/1038 .event anyedge, v0xba9e109dc910_4145, v0xba9e109dc910_4146, v0xba9e109dc910_4147, v0xba9e109dc910_4148;
v0xba9e109dc910_4149 .array/port v0xba9e109dc910, 4149;
v0xba9e109dc910_4150 .array/port v0xba9e109dc910, 4150;
v0xba9e109dc910_4151 .array/port v0xba9e109dc910, 4151;
v0xba9e109dc910_4152 .array/port v0xba9e109dc910, 4152;
E_0xba9e109e1c10/1039 .event anyedge, v0xba9e109dc910_4149, v0xba9e109dc910_4150, v0xba9e109dc910_4151, v0xba9e109dc910_4152;
v0xba9e109dc910_4153 .array/port v0xba9e109dc910, 4153;
v0xba9e109dc910_4154 .array/port v0xba9e109dc910, 4154;
v0xba9e109dc910_4155 .array/port v0xba9e109dc910, 4155;
v0xba9e109dc910_4156 .array/port v0xba9e109dc910, 4156;
E_0xba9e109e1c10/1040 .event anyedge, v0xba9e109dc910_4153, v0xba9e109dc910_4154, v0xba9e109dc910_4155, v0xba9e109dc910_4156;
v0xba9e109dc910_4157 .array/port v0xba9e109dc910, 4157;
v0xba9e109dc910_4158 .array/port v0xba9e109dc910, 4158;
v0xba9e109dc910_4159 .array/port v0xba9e109dc910, 4159;
v0xba9e109dc910_4160 .array/port v0xba9e109dc910, 4160;
E_0xba9e109e1c10/1041 .event anyedge, v0xba9e109dc910_4157, v0xba9e109dc910_4158, v0xba9e109dc910_4159, v0xba9e109dc910_4160;
v0xba9e109dc910_4161 .array/port v0xba9e109dc910, 4161;
v0xba9e109dc910_4162 .array/port v0xba9e109dc910, 4162;
v0xba9e109dc910_4163 .array/port v0xba9e109dc910, 4163;
v0xba9e109dc910_4164 .array/port v0xba9e109dc910, 4164;
E_0xba9e109e1c10/1042 .event anyedge, v0xba9e109dc910_4161, v0xba9e109dc910_4162, v0xba9e109dc910_4163, v0xba9e109dc910_4164;
v0xba9e109dc910_4165 .array/port v0xba9e109dc910, 4165;
v0xba9e109dc910_4166 .array/port v0xba9e109dc910, 4166;
v0xba9e109dc910_4167 .array/port v0xba9e109dc910, 4167;
v0xba9e109dc910_4168 .array/port v0xba9e109dc910, 4168;
E_0xba9e109e1c10/1043 .event anyedge, v0xba9e109dc910_4165, v0xba9e109dc910_4166, v0xba9e109dc910_4167, v0xba9e109dc910_4168;
v0xba9e109dc910_4169 .array/port v0xba9e109dc910, 4169;
v0xba9e109dc910_4170 .array/port v0xba9e109dc910, 4170;
v0xba9e109dc910_4171 .array/port v0xba9e109dc910, 4171;
v0xba9e109dc910_4172 .array/port v0xba9e109dc910, 4172;
E_0xba9e109e1c10/1044 .event anyedge, v0xba9e109dc910_4169, v0xba9e109dc910_4170, v0xba9e109dc910_4171, v0xba9e109dc910_4172;
v0xba9e109dc910_4173 .array/port v0xba9e109dc910, 4173;
v0xba9e109dc910_4174 .array/port v0xba9e109dc910, 4174;
v0xba9e109dc910_4175 .array/port v0xba9e109dc910, 4175;
v0xba9e109dc910_4176 .array/port v0xba9e109dc910, 4176;
E_0xba9e109e1c10/1045 .event anyedge, v0xba9e109dc910_4173, v0xba9e109dc910_4174, v0xba9e109dc910_4175, v0xba9e109dc910_4176;
v0xba9e109dc910_4177 .array/port v0xba9e109dc910, 4177;
v0xba9e109dc910_4178 .array/port v0xba9e109dc910, 4178;
v0xba9e109dc910_4179 .array/port v0xba9e109dc910, 4179;
v0xba9e109dc910_4180 .array/port v0xba9e109dc910, 4180;
E_0xba9e109e1c10/1046 .event anyedge, v0xba9e109dc910_4177, v0xba9e109dc910_4178, v0xba9e109dc910_4179, v0xba9e109dc910_4180;
v0xba9e109dc910_4181 .array/port v0xba9e109dc910, 4181;
v0xba9e109dc910_4182 .array/port v0xba9e109dc910, 4182;
v0xba9e109dc910_4183 .array/port v0xba9e109dc910, 4183;
v0xba9e109dc910_4184 .array/port v0xba9e109dc910, 4184;
E_0xba9e109e1c10/1047 .event anyedge, v0xba9e109dc910_4181, v0xba9e109dc910_4182, v0xba9e109dc910_4183, v0xba9e109dc910_4184;
v0xba9e109dc910_4185 .array/port v0xba9e109dc910, 4185;
v0xba9e109dc910_4186 .array/port v0xba9e109dc910, 4186;
v0xba9e109dc910_4187 .array/port v0xba9e109dc910, 4187;
v0xba9e109dc910_4188 .array/port v0xba9e109dc910, 4188;
E_0xba9e109e1c10/1048 .event anyedge, v0xba9e109dc910_4185, v0xba9e109dc910_4186, v0xba9e109dc910_4187, v0xba9e109dc910_4188;
v0xba9e109dc910_4189 .array/port v0xba9e109dc910, 4189;
v0xba9e109dc910_4190 .array/port v0xba9e109dc910, 4190;
v0xba9e109dc910_4191 .array/port v0xba9e109dc910, 4191;
v0xba9e109dc910_4192 .array/port v0xba9e109dc910, 4192;
E_0xba9e109e1c10/1049 .event anyedge, v0xba9e109dc910_4189, v0xba9e109dc910_4190, v0xba9e109dc910_4191, v0xba9e109dc910_4192;
v0xba9e109dc910_4193 .array/port v0xba9e109dc910, 4193;
v0xba9e109dc910_4194 .array/port v0xba9e109dc910, 4194;
v0xba9e109dc910_4195 .array/port v0xba9e109dc910, 4195;
v0xba9e109dc910_4196 .array/port v0xba9e109dc910, 4196;
E_0xba9e109e1c10/1050 .event anyedge, v0xba9e109dc910_4193, v0xba9e109dc910_4194, v0xba9e109dc910_4195, v0xba9e109dc910_4196;
v0xba9e109dc910_4197 .array/port v0xba9e109dc910, 4197;
v0xba9e109dc910_4198 .array/port v0xba9e109dc910, 4198;
v0xba9e109dc910_4199 .array/port v0xba9e109dc910, 4199;
v0xba9e109dc910_4200 .array/port v0xba9e109dc910, 4200;
E_0xba9e109e1c10/1051 .event anyedge, v0xba9e109dc910_4197, v0xba9e109dc910_4198, v0xba9e109dc910_4199, v0xba9e109dc910_4200;
v0xba9e109dc910_4201 .array/port v0xba9e109dc910, 4201;
v0xba9e109dc910_4202 .array/port v0xba9e109dc910, 4202;
v0xba9e109dc910_4203 .array/port v0xba9e109dc910, 4203;
v0xba9e109dc910_4204 .array/port v0xba9e109dc910, 4204;
E_0xba9e109e1c10/1052 .event anyedge, v0xba9e109dc910_4201, v0xba9e109dc910_4202, v0xba9e109dc910_4203, v0xba9e109dc910_4204;
v0xba9e109dc910_4205 .array/port v0xba9e109dc910, 4205;
v0xba9e109dc910_4206 .array/port v0xba9e109dc910, 4206;
v0xba9e109dc910_4207 .array/port v0xba9e109dc910, 4207;
v0xba9e109dc910_4208 .array/port v0xba9e109dc910, 4208;
E_0xba9e109e1c10/1053 .event anyedge, v0xba9e109dc910_4205, v0xba9e109dc910_4206, v0xba9e109dc910_4207, v0xba9e109dc910_4208;
v0xba9e109dc910_4209 .array/port v0xba9e109dc910, 4209;
v0xba9e109dc910_4210 .array/port v0xba9e109dc910, 4210;
v0xba9e109dc910_4211 .array/port v0xba9e109dc910, 4211;
v0xba9e109dc910_4212 .array/port v0xba9e109dc910, 4212;
E_0xba9e109e1c10/1054 .event anyedge, v0xba9e109dc910_4209, v0xba9e109dc910_4210, v0xba9e109dc910_4211, v0xba9e109dc910_4212;
v0xba9e109dc910_4213 .array/port v0xba9e109dc910, 4213;
v0xba9e109dc910_4214 .array/port v0xba9e109dc910, 4214;
v0xba9e109dc910_4215 .array/port v0xba9e109dc910, 4215;
v0xba9e109dc910_4216 .array/port v0xba9e109dc910, 4216;
E_0xba9e109e1c10/1055 .event anyedge, v0xba9e109dc910_4213, v0xba9e109dc910_4214, v0xba9e109dc910_4215, v0xba9e109dc910_4216;
v0xba9e109dc910_4217 .array/port v0xba9e109dc910, 4217;
v0xba9e109dc910_4218 .array/port v0xba9e109dc910, 4218;
v0xba9e109dc910_4219 .array/port v0xba9e109dc910, 4219;
v0xba9e109dc910_4220 .array/port v0xba9e109dc910, 4220;
E_0xba9e109e1c10/1056 .event anyedge, v0xba9e109dc910_4217, v0xba9e109dc910_4218, v0xba9e109dc910_4219, v0xba9e109dc910_4220;
v0xba9e109dc910_4221 .array/port v0xba9e109dc910, 4221;
v0xba9e109dc910_4222 .array/port v0xba9e109dc910, 4222;
v0xba9e109dc910_4223 .array/port v0xba9e109dc910, 4223;
v0xba9e109dc910_4224 .array/port v0xba9e109dc910, 4224;
E_0xba9e109e1c10/1057 .event anyedge, v0xba9e109dc910_4221, v0xba9e109dc910_4222, v0xba9e109dc910_4223, v0xba9e109dc910_4224;
v0xba9e109dc910_4225 .array/port v0xba9e109dc910, 4225;
v0xba9e109dc910_4226 .array/port v0xba9e109dc910, 4226;
v0xba9e109dc910_4227 .array/port v0xba9e109dc910, 4227;
v0xba9e109dc910_4228 .array/port v0xba9e109dc910, 4228;
E_0xba9e109e1c10/1058 .event anyedge, v0xba9e109dc910_4225, v0xba9e109dc910_4226, v0xba9e109dc910_4227, v0xba9e109dc910_4228;
v0xba9e109dc910_4229 .array/port v0xba9e109dc910, 4229;
v0xba9e109dc910_4230 .array/port v0xba9e109dc910, 4230;
v0xba9e109dc910_4231 .array/port v0xba9e109dc910, 4231;
v0xba9e109dc910_4232 .array/port v0xba9e109dc910, 4232;
E_0xba9e109e1c10/1059 .event anyedge, v0xba9e109dc910_4229, v0xba9e109dc910_4230, v0xba9e109dc910_4231, v0xba9e109dc910_4232;
v0xba9e109dc910_4233 .array/port v0xba9e109dc910, 4233;
v0xba9e109dc910_4234 .array/port v0xba9e109dc910, 4234;
v0xba9e109dc910_4235 .array/port v0xba9e109dc910, 4235;
v0xba9e109dc910_4236 .array/port v0xba9e109dc910, 4236;
E_0xba9e109e1c10/1060 .event anyedge, v0xba9e109dc910_4233, v0xba9e109dc910_4234, v0xba9e109dc910_4235, v0xba9e109dc910_4236;
v0xba9e109dc910_4237 .array/port v0xba9e109dc910, 4237;
v0xba9e109dc910_4238 .array/port v0xba9e109dc910, 4238;
v0xba9e109dc910_4239 .array/port v0xba9e109dc910, 4239;
v0xba9e109dc910_4240 .array/port v0xba9e109dc910, 4240;
E_0xba9e109e1c10/1061 .event anyedge, v0xba9e109dc910_4237, v0xba9e109dc910_4238, v0xba9e109dc910_4239, v0xba9e109dc910_4240;
v0xba9e109dc910_4241 .array/port v0xba9e109dc910, 4241;
v0xba9e109dc910_4242 .array/port v0xba9e109dc910, 4242;
v0xba9e109dc910_4243 .array/port v0xba9e109dc910, 4243;
v0xba9e109dc910_4244 .array/port v0xba9e109dc910, 4244;
E_0xba9e109e1c10/1062 .event anyedge, v0xba9e109dc910_4241, v0xba9e109dc910_4242, v0xba9e109dc910_4243, v0xba9e109dc910_4244;
v0xba9e109dc910_4245 .array/port v0xba9e109dc910, 4245;
v0xba9e109dc910_4246 .array/port v0xba9e109dc910, 4246;
v0xba9e109dc910_4247 .array/port v0xba9e109dc910, 4247;
v0xba9e109dc910_4248 .array/port v0xba9e109dc910, 4248;
E_0xba9e109e1c10/1063 .event anyedge, v0xba9e109dc910_4245, v0xba9e109dc910_4246, v0xba9e109dc910_4247, v0xba9e109dc910_4248;
v0xba9e109dc910_4249 .array/port v0xba9e109dc910, 4249;
v0xba9e109dc910_4250 .array/port v0xba9e109dc910, 4250;
v0xba9e109dc910_4251 .array/port v0xba9e109dc910, 4251;
v0xba9e109dc910_4252 .array/port v0xba9e109dc910, 4252;
E_0xba9e109e1c10/1064 .event anyedge, v0xba9e109dc910_4249, v0xba9e109dc910_4250, v0xba9e109dc910_4251, v0xba9e109dc910_4252;
v0xba9e109dc910_4253 .array/port v0xba9e109dc910, 4253;
v0xba9e109dc910_4254 .array/port v0xba9e109dc910, 4254;
v0xba9e109dc910_4255 .array/port v0xba9e109dc910, 4255;
v0xba9e109dc910_4256 .array/port v0xba9e109dc910, 4256;
E_0xba9e109e1c10/1065 .event anyedge, v0xba9e109dc910_4253, v0xba9e109dc910_4254, v0xba9e109dc910_4255, v0xba9e109dc910_4256;
v0xba9e109dc910_4257 .array/port v0xba9e109dc910, 4257;
v0xba9e109dc910_4258 .array/port v0xba9e109dc910, 4258;
v0xba9e109dc910_4259 .array/port v0xba9e109dc910, 4259;
v0xba9e109dc910_4260 .array/port v0xba9e109dc910, 4260;
E_0xba9e109e1c10/1066 .event anyedge, v0xba9e109dc910_4257, v0xba9e109dc910_4258, v0xba9e109dc910_4259, v0xba9e109dc910_4260;
v0xba9e109dc910_4261 .array/port v0xba9e109dc910, 4261;
v0xba9e109dc910_4262 .array/port v0xba9e109dc910, 4262;
v0xba9e109dc910_4263 .array/port v0xba9e109dc910, 4263;
v0xba9e109dc910_4264 .array/port v0xba9e109dc910, 4264;
E_0xba9e109e1c10/1067 .event anyedge, v0xba9e109dc910_4261, v0xba9e109dc910_4262, v0xba9e109dc910_4263, v0xba9e109dc910_4264;
v0xba9e109dc910_4265 .array/port v0xba9e109dc910, 4265;
v0xba9e109dc910_4266 .array/port v0xba9e109dc910, 4266;
v0xba9e109dc910_4267 .array/port v0xba9e109dc910, 4267;
v0xba9e109dc910_4268 .array/port v0xba9e109dc910, 4268;
E_0xba9e109e1c10/1068 .event anyedge, v0xba9e109dc910_4265, v0xba9e109dc910_4266, v0xba9e109dc910_4267, v0xba9e109dc910_4268;
v0xba9e109dc910_4269 .array/port v0xba9e109dc910, 4269;
v0xba9e109dc910_4270 .array/port v0xba9e109dc910, 4270;
v0xba9e109dc910_4271 .array/port v0xba9e109dc910, 4271;
v0xba9e109dc910_4272 .array/port v0xba9e109dc910, 4272;
E_0xba9e109e1c10/1069 .event anyedge, v0xba9e109dc910_4269, v0xba9e109dc910_4270, v0xba9e109dc910_4271, v0xba9e109dc910_4272;
v0xba9e109dc910_4273 .array/port v0xba9e109dc910, 4273;
v0xba9e109dc910_4274 .array/port v0xba9e109dc910, 4274;
v0xba9e109dc910_4275 .array/port v0xba9e109dc910, 4275;
v0xba9e109dc910_4276 .array/port v0xba9e109dc910, 4276;
E_0xba9e109e1c10/1070 .event anyedge, v0xba9e109dc910_4273, v0xba9e109dc910_4274, v0xba9e109dc910_4275, v0xba9e109dc910_4276;
v0xba9e109dc910_4277 .array/port v0xba9e109dc910, 4277;
v0xba9e109dc910_4278 .array/port v0xba9e109dc910, 4278;
v0xba9e109dc910_4279 .array/port v0xba9e109dc910, 4279;
v0xba9e109dc910_4280 .array/port v0xba9e109dc910, 4280;
E_0xba9e109e1c10/1071 .event anyedge, v0xba9e109dc910_4277, v0xba9e109dc910_4278, v0xba9e109dc910_4279, v0xba9e109dc910_4280;
v0xba9e109dc910_4281 .array/port v0xba9e109dc910, 4281;
v0xba9e109dc910_4282 .array/port v0xba9e109dc910, 4282;
v0xba9e109dc910_4283 .array/port v0xba9e109dc910, 4283;
v0xba9e109dc910_4284 .array/port v0xba9e109dc910, 4284;
E_0xba9e109e1c10/1072 .event anyedge, v0xba9e109dc910_4281, v0xba9e109dc910_4282, v0xba9e109dc910_4283, v0xba9e109dc910_4284;
v0xba9e109dc910_4285 .array/port v0xba9e109dc910, 4285;
v0xba9e109dc910_4286 .array/port v0xba9e109dc910, 4286;
v0xba9e109dc910_4287 .array/port v0xba9e109dc910, 4287;
v0xba9e109dc910_4288 .array/port v0xba9e109dc910, 4288;
E_0xba9e109e1c10/1073 .event anyedge, v0xba9e109dc910_4285, v0xba9e109dc910_4286, v0xba9e109dc910_4287, v0xba9e109dc910_4288;
v0xba9e109dc910_4289 .array/port v0xba9e109dc910, 4289;
v0xba9e109dc910_4290 .array/port v0xba9e109dc910, 4290;
v0xba9e109dc910_4291 .array/port v0xba9e109dc910, 4291;
v0xba9e109dc910_4292 .array/port v0xba9e109dc910, 4292;
E_0xba9e109e1c10/1074 .event anyedge, v0xba9e109dc910_4289, v0xba9e109dc910_4290, v0xba9e109dc910_4291, v0xba9e109dc910_4292;
v0xba9e109dc910_4293 .array/port v0xba9e109dc910, 4293;
v0xba9e109dc910_4294 .array/port v0xba9e109dc910, 4294;
v0xba9e109dc910_4295 .array/port v0xba9e109dc910, 4295;
v0xba9e109dc910_4296 .array/port v0xba9e109dc910, 4296;
E_0xba9e109e1c10/1075 .event anyedge, v0xba9e109dc910_4293, v0xba9e109dc910_4294, v0xba9e109dc910_4295, v0xba9e109dc910_4296;
v0xba9e109dc910_4297 .array/port v0xba9e109dc910, 4297;
v0xba9e109dc910_4298 .array/port v0xba9e109dc910, 4298;
v0xba9e109dc910_4299 .array/port v0xba9e109dc910, 4299;
v0xba9e109dc910_4300 .array/port v0xba9e109dc910, 4300;
E_0xba9e109e1c10/1076 .event anyedge, v0xba9e109dc910_4297, v0xba9e109dc910_4298, v0xba9e109dc910_4299, v0xba9e109dc910_4300;
v0xba9e109dc910_4301 .array/port v0xba9e109dc910, 4301;
v0xba9e109dc910_4302 .array/port v0xba9e109dc910, 4302;
v0xba9e109dc910_4303 .array/port v0xba9e109dc910, 4303;
v0xba9e109dc910_4304 .array/port v0xba9e109dc910, 4304;
E_0xba9e109e1c10/1077 .event anyedge, v0xba9e109dc910_4301, v0xba9e109dc910_4302, v0xba9e109dc910_4303, v0xba9e109dc910_4304;
v0xba9e109dc910_4305 .array/port v0xba9e109dc910, 4305;
v0xba9e109dc910_4306 .array/port v0xba9e109dc910, 4306;
v0xba9e109dc910_4307 .array/port v0xba9e109dc910, 4307;
v0xba9e109dc910_4308 .array/port v0xba9e109dc910, 4308;
E_0xba9e109e1c10/1078 .event anyedge, v0xba9e109dc910_4305, v0xba9e109dc910_4306, v0xba9e109dc910_4307, v0xba9e109dc910_4308;
v0xba9e109dc910_4309 .array/port v0xba9e109dc910, 4309;
v0xba9e109dc910_4310 .array/port v0xba9e109dc910, 4310;
v0xba9e109dc910_4311 .array/port v0xba9e109dc910, 4311;
v0xba9e109dc910_4312 .array/port v0xba9e109dc910, 4312;
E_0xba9e109e1c10/1079 .event anyedge, v0xba9e109dc910_4309, v0xba9e109dc910_4310, v0xba9e109dc910_4311, v0xba9e109dc910_4312;
v0xba9e109dc910_4313 .array/port v0xba9e109dc910, 4313;
v0xba9e109dc910_4314 .array/port v0xba9e109dc910, 4314;
v0xba9e109dc910_4315 .array/port v0xba9e109dc910, 4315;
v0xba9e109dc910_4316 .array/port v0xba9e109dc910, 4316;
E_0xba9e109e1c10/1080 .event anyedge, v0xba9e109dc910_4313, v0xba9e109dc910_4314, v0xba9e109dc910_4315, v0xba9e109dc910_4316;
v0xba9e109dc910_4317 .array/port v0xba9e109dc910, 4317;
v0xba9e109dc910_4318 .array/port v0xba9e109dc910, 4318;
v0xba9e109dc910_4319 .array/port v0xba9e109dc910, 4319;
v0xba9e109dc910_4320 .array/port v0xba9e109dc910, 4320;
E_0xba9e109e1c10/1081 .event anyedge, v0xba9e109dc910_4317, v0xba9e109dc910_4318, v0xba9e109dc910_4319, v0xba9e109dc910_4320;
v0xba9e109dc910_4321 .array/port v0xba9e109dc910, 4321;
v0xba9e109dc910_4322 .array/port v0xba9e109dc910, 4322;
v0xba9e109dc910_4323 .array/port v0xba9e109dc910, 4323;
v0xba9e109dc910_4324 .array/port v0xba9e109dc910, 4324;
E_0xba9e109e1c10/1082 .event anyedge, v0xba9e109dc910_4321, v0xba9e109dc910_4322, v0xba9e109dc910_4323, v0xba9e109dc910_4324;
v0xba9e109dc910_4325 .array/port v0xba9e109dc910, 4325;
v0xba9e109dc910_4326 .array/port v0xba9e109dc910, 4326;
v0xba9e109dc910_4327 .array/port v0xba9e109dc910, 4327;
v0xba9e109dc910_4328 .array/port v0xba9e109dc910, 4328;
E_0xba9e109e1c10/1083 .event anyedge, v0xba9e109dc910_4325, v0xba9e109dc910_4326, v0xba9e109dc910_4327, v0xba9e109dc910_4328;
v0xba9e109dc910_4329 .array/port v0xba9e109dc910, 4329;
v0xba9e109dc910_4330 .array/port v0xba9e109dc910, 4330;
v0xba9e109dc910_4331 .array/port v0xba9e109dc910, 4331;
v0xba9e109dc910_4332 .array/port v0xba9e109dc910, 4332;
E_0xba9e109e1c10/1084 .event anyedge, v0xba9e109dc910_4329, v0xba9e109dc910_4330, v0xba9e109dc910_4331, v0xba9e109dc910_4332;
v0xba9e109dc910_4333 .array/port v0xba9e109dc910, 4333;
v0xba9e109dc910_4334 .array/port v0xba9e109dc910, 4334;
v0xba9e109dc910_4335 .array/port v0xba9e109dc910, 4335;
v0xba9e109dc910_4336 .array/port v0xba9e109dc910, 4336;
E_0xba9e109e1c10/1085 .event anyedge, v0xba9e109dc910_4333, v0xba9e109dc910_4334, v0xba9e109dc910_4335, v0xba9e109dc910_4336;
v0xba9e109dc910_4337 .array/port v0xba9e109dc910, 4337;
v0xba9e109dc910_4338 .array/port v0xba9e109dc910, 4338;
v0xba9e109dc910_4339 .array/port v0xba9e109dc910, 4339;
v0xba9e109dc910_4340 .array/port v0xba9e109dc910, 4340;
E_0xba9e109e1c10/1086 .event anyedge, v0xba9e109dc910_4337, v0xba9e109dc910_4338, v0xba9e109dc910_4339, v0xba9e109dc910_4340;
v0xba9e109dc910_4341 .array/port v0xba9e109dc910, 4341;
v0xba9e109dc910_4342 .array/port v0xba9e109dc910, 4342;
v0xba9e109dc910_4343 .array/port v0xba9e109dc910, 4343;
v0xba9e109dc910_4344 .array/port v0xba9e109dc910, 4344;
E_0xba9e109e1c10/1087 .event anyedge, v0xba9e109dc910_4341, v0xba9e109dc910_4342, v0xba9e109dc910_4343, v0xba9e109dc910_4344;
v0xba9e109dc910_4345 .array/port v0xba9e109dc910, 4345;
v0xba9e109dc910_4346 .array/port v0xba9e109dc910, 4346;
v0xba9e109dc910_4347 .array/port v0xba9e109dc910, 4347;
v0xba9e109dc910_4348 .array/port v0xba9e109dc910, 4348;
E_0xba9e109e1c10/1088 .event anyedge, v0xba9e109dc910_4345, v0xba9e109dc910_4346, v0xba9e109dc910_4347, v0xba9e109dc910_4348;
v0xba9e109dc910_4349 .array/port v0xba9e109dc910, 4349;
v0xba9e109dc910_4350 .array/port v0xba9e109dc910, 4350;
v0xba9e109dc910_4351 .array/port v0xba9e109dc910, 4351;
v0xba9e109dc910_4352 .array/port v0xba9e109dc910, 4352;
E_0xba9e109e1c10/1089 .event anyedge, v0xba9e109dc910_4349, v0xba9e109dc910_4350, v0xba9e109dc910_4351, v0xba9e109dc910_4352;
v0xba9e109dc910_4353 .array/port v0xba9e109dc910, 4353;
v0xba9e109dc910_4354 .array/port v0xba9e109dc910, 4354;
v0xba9e109dc910_4355 .array/port v0xba9e109dc910, 4355;
v0xba9e109dc910_4356 .array/port v0xba9e109dc910, 4356;
E_0xba9e109e1c10/1090 .event anyedge, v0xba9e109dc910_4353, v0xba9e109dc910_4354, v0xba9e109dc910_4355, v0xba9e109dc910_4356;
v0xba9e109dc910_4357 .array/port v0xba9e109dc910, 4357;
v0xba9e109dc910_4358 .array/port v0xba9e109dc910, 4358;
v0xba9e109dc910_4359 .array/port v0xba9e109dc910, 4359;
v0xba9e109dc910_4360 .array/port v0xba9e109dc910, 4360;
E_0xba9e109e1c10/1091 .event anyedge, v0xba9e109dc910_4357, v0xba9e109dc910_4358, v0xba9e109dc910_4359, v0xba9e109dc910_4360;
v0xba9e109dc910_4361 .array/port v0xba9e109dc910, 4361;
v0xba9e109dc910_4362 .array/port v0xba9e109dc910, 4362;
v0xba9e109dc910_4363 .array/port v0xba9e109dc910, 4363;
v0xba9e109dc910_4364 .array/port v0xba9e109dc910, 4364;
E_0xba9e109e1c10/1092 .event anyedge, v0xba9e109dc910_4361, v0xba9e109dc910_4362, v0xba9e109dc910_4363, v0xba9e109dc910_4364;
v0xba9e109dc910_4365 .array/port v0xba9e109dc910, 4365;
v0xba9e109dc910_4366 .array/port v0xba9e109dc910, 4366;
v0xba9e109dc910_4367 .array/port v0xba9e109dc910, 4367;
v0xba9e109dc910_4368 .array/port v0xba9e109dc910, 4368;
E_0xba9e109e1c10/1093 .event anyedge, v0xba9e109dc910_4365, v0xba9e109dc910_4366, v0xba9e109dc910_4367, v0xba9e109dc910_4368;
v0xba9e109dc910_4369 .array/port v0xba9e109dc910, 4369;
v0xba9e109dc910_4370 .array/port v0xba9e109dc910, 4370;
v0xba9e109dc910_4371 .array/port v0xba9e109dc910, 4371;
v0xba9e109dc910_4372 .array/port v0xba9e109dc910, 4372;
E_0xba9e109e1c10/1094 .event anyedge, v0xba9e109dc910_4369, v0xba9e109dc910_4370, v0xba9e109dc910_4371, v0xba9e109dc910_4372;
v0xba9e109dc910_4373 .array/port v0xba9e109dc910, 4373;
v0xba9e109dc910_4374 .array/port v0xba9e109dc910, 4374;
v0xba9e109dc910_4375 .array/port v0xba9e109dc910, 4375;
v0xba9e109dc910_4376 .array/port v0xba9e109dc910, 4376;
E_0xba9e109e1c10/1095 .event anyedge, v0xba9e109dc910_4373, v0xba9e109dc910_4374, v0xba9e109dc910_4375, v0xba9e109dc910_4376;
v0xba9e109dc910_4377 .array/port v0xba9e109dc910, 4377;
v0xba9e109dc910_4378 .array/port v0xba9e109dc910, 4378;
v0xba9e109dc910_4379 .array/port v0xba9e109dc910, 4379;
v0xba9e109dc910_4380 .array/port v0xba9e109dc910, 4380;
E_0xba9e109e1c10/1096 .event anyedge, v0xba9e109dc910_4377, v0xba9e109dc910_4378, v0xba9e109dc910_4379, v0xba9e109dc910_4380;
v0xba9e109dc910_4381 .array/port v0xba9e109dc910, 4381;
v0xba9e109dc910_4382 .array/port v0xba9e109dc910, 4382;
v0xba9e109dc910_4383 .array/port v0xba9e109dc910, 4383;
v0xba9e109dc910_4384 .array/port v0xba9e109dc910, 4384;
E_0xba9e109e1c10/1097 .event anyedge, v0xba9e109dc910_4381, v0xba9e109dc910_4382, v0xba9e109dc910_4383, v0xba9e109dc910_4384;
v0xba9e109dc910_4385 .array/port v0xba9e109dc910, 4385;
v0xba9e109dc910_4386 .array/port v0xba9e109dc910, 4386;
v0xba9e109dc910_4387 .array/port v0xba9e109dc910, 4387;
v0xba9e109dc910_4388 .array/port v0xba9e109dc910, 4388;
E_0xba9e109e1c10/1098 .event anyedge, v0xba9e109dc910_4385, v0xba9e109dc910_4386, v0xba9e109dc910_4387, v0xba9e109dc910_4388;
v0xba9e109dc910_4389 .array/port v0xba9e109dc910, 4389;
v0xba9e109dc910_4390 .array/port v0xba9e109dc910, 4390;
v0xba9e109dc910_4391 .array/port v0xba9e109dc910, 4391;
v0xba9e109dc910_4392 .array/port v0xba9e109dc910, 4392;
E_0xba9e109e1c10/1099 .event anyedge, v0xba9e109dc910_4389, v0xba9e109dc910_4390, v0xba9e109dc910_4391, v0xba9e109dc910_4392;
v0xba9e109dc910_4393 .array/port v0xba9e109dc910, 4393;
v0xba9e109dc910_4394 .array/port v0xba9e109dc910, 4394;
v0xba9e109dc910_4395 .array/port v0xba9e109dc910, 4395;
v0xba9e109dc910_4396 .array/port v0xba9e109dc910, 4396;
E_0xba9e109e1c10/1100 .event anyedge, v0xba9e109dc910_4393, v0xba9e109dc910_4394, v0xba9e109dc910_4395, v0xba9e109dc910_4396;
v0xba9e109dc910_4397 .array/port v0xba9e109dc910, 4397;
v0xba9e109dc910_4398 .array/port v0xba9e109dc910, 4398;
v0xba9e109dc910_4399 .array/port v0xba9e109dc910, 4399;
v0xba9e109dc910_4400 .array/port v0xba9e109dc910, 4400;
E_0xba9e109e1c10/1101 .event anyedge, v0xba9e109dc910_4397, v0xba9e109dc910_4398, v0xba9e109dc910_4399, v0xba9e109dc910_4400;
v0xba9e109dc910_4401 .array/port v0xba9e109dc910, 4401;
v0xba9e109dc910_4402 .array/port v0xba9e109dc910, 4402;
v0xba9e109dc910_4403 .array/port v0xba9e109dc910, 4403;
v0xba9e109dc910_4404 .array/port v0xba9e109dc910, 4404;
E_0xba9e109e1c10/1102 .event anyedge, v0xba9e109dc910_4401, v0xba9e109dc910_4402, v0xba9e109dc910_4403, v0xba9e109dc910_4404;
v0xba9e109dc910_4405 .array/port v0xba9e109dc910, 4405;
v0xba9e109dc910_4406 .array/port v0xba9e109dc910, 4406;
v0xba9e109dc910_4407 .array/port v0xba9e109dc910, 4407;
v0xba9e109dc910_4408 .array/port v0xba9e109dc910, 4408;
E_0xba9e109e1c10/1103 .event anyedge, v0xba9e109dc910_4405, v0xba9e109dc910_4406, v0xba9e109dc910_4407, v0xba9e109dc910_4408;
v0xba9e109dc910_4409 .array/port v0xba9e109dc910, 4409;
v0xba9e109dc910_4410 .array/port v0xba9e109dc910, 4410;
v0xba9e109dc910_4411 .array/port v0xba9e109dc910, 4411;
v0xba9e109dc910_4412 .array/port v0xba9e109dc910, 4412;
E_0xba9e109e1c10/1104 .event anyedge, v0xba9e109dc910_4409, v0xba9e109dc910_4410, v0xba9e109dc910_4411, v0xba9e109dc910_4412;
v0xba9e109dc910_4413 .array/port v0xba9e109dc910, 4413;
v0xba9e109dc910_4414 .array/port v0xba9e109dc910, 4414;
v0xba9e109dc910_4415 .array/port v0xba9e109dc910, 4415;
v0xba9e109dc910_4416 .array/port v0xba9e109dc910, 4416;
E_0xba9e109e1c10/1105 .event anyedge, v0xba9e109dc910_4413, v0xba9e109dc910_4414, v0xba9e109dc910_4415, v0xba9e109dc910_4416;
v0xba9e109dc910_4417 .array/port v0xba9e109dc910, 4417;
v0xba9e109dc910_4418 .array/port v0xba9e109dc910, 4418;
v0xba9e109dc910_4419 .array/port v0xba9e109dc910, 4419;
v0xba9e109dc910_4420 .array/port v0xba9e109dc910, 4420;
E_0xba9e109e1c10/1106 .event anyedge, v0xba9e109dc910_4417, v0xba9e109dc910_4418, v0xba9e109dc910_4419, v0xba9e109dc910_4420;
v0xba9e109dc910_4421 .array/port v0xba9e109dc910, 4421;
v0xba9e109dc910_4422 .array/port v0xba9e109dc910, 4422;
v0xba9e109dc910_4423 .array/port v0xba9e109dc910, 4423;
v0xba9e109dc910_4424 .array/port v0xba9e109dc910, 4424;
E_0xba9e109e1c10/1107 .event anyedge, v0xba9e109dc910_4421, v0xba9e109dc910_4422, v0xba9e109dc910_4423, v0xba9e109dc910_4424;
v0xba9e109dc910_4425 .array/port v0xba9e109dc910, 4425;
v0xba9e109dc910_4426 .array/port v0xba9e109dc910, 4426;
v0xba9e109dc910_4427 .array/port v0xba9e109dc910, 4427;
v0xba9e109dc910_4428 .array/port v0xba9e109dc910, 4428;
E_0xba9e109e1c10/1108 .event anyedge, v0xba9e109dc910_4425, v0xba9e109dc910_4426, v0xba9e109dc910_4427, v0xba9e109dc910_4428;
v0xba9e109dc910_4429 .array/port v0xba9e109dc910, 4429;
v0xba9e109dc910_4430 .array/port v0xba9e109dc910, 4430;
v0xba9e109dc910_4431 .array/port v0xba9e109dc910, 4431;
v0xba9e109dc910_4432 .array/port v0xba9e109dc910, 4432;
E_0xba9e109e1c10/1109 .event anyedge, v0xba9e109dc910_4429, v0xba9e109dc910_4430, v0xba9e109dc910_4431, v0xba9e109dc910_4432;
v0xba9e109dc910_4433 .array/port v0xba9e109dc910, 4433;
v0xba9e109dc910_4434 .array/port v0xba9e109dc910, 4434;
v0xba9e109dc910_4435 .array/port v0xba9e109dc910, 4435;
v0xba9e109dc910_4436 .array/port v0xba9e109dc910, 4436;
E_0xba9e109e1c10/1110 .event anyedge, v0xba9e109dc910_4433, v0xba9e109dc910_4434, v0xba9e109dc910_4435, v0xba9e109dc910_4436;
v0xba9e109dc910_4437 .array/port v0xba9e109dc910, 4437;
v0xba9e109dc910_4438 .array/port v0xba9e109dc910, 4438;
v0xba9e109dc910_4439 .array/port v0xba9e109dc910, 4439;
v0xba9e109dc910_4440 .array/port v0xba9e109dc910, 4440;
E_0xba9e109e1c10/1111 .event anyedge, v0xba9e109dc910_4437, v0xba9e109dc910_4438, v0xba9e109dc910_4439, v0xba9e109dc910_4440;
v0xba9e109dc910_4441 .array/port v0xba9e109dc910, 4441;
v0xba9e109dc910_4442 .array/port v0xba9e109dc910, 4442;
v0xba9e109dc910_4443 .array/port v0xba9e109dc910, 4443;
v0xba9e109dc910_4444 .array/port v0xba9e109dc910, 4444;
E_0xba9e109e1c10/1112 .event anyedge, v0xba9e109dc910_4441, v0xba9e109dc910_4442, v0xba9e109dc910_4443, v0xba9e109dc910_4444;
v0xba9e109dc910_4445 .array/port v0xba9e109dc910, 4445;
v0xba9e109dc910_4446 .array/port v0xba9e109dc910, 4446;
v0xba9e109dc910_4447 .array/port v0xba9e109dc910, 4447;
v0xba9e109dc910_4448 .array/port v0xba9e109dc910, 4448;
E_0xba9e109e1c10/1113 .event anyedge, v0xba9e109dc910_4445, v0xba9e109dc910_4446, v0xba9e109dc910_4447, v0xba9e109dc910_4448;
v0xba9e109dc910_4449 .array/port v0xba9e109dc910, 4449;
v0xba9e109dc910_4450 .array/port v0xba9e109dc910, 4450;
v0xba9e109dc910_4451 .array/port v0xba9e109dc910, 4451;
v0xba9e109dc910_4452 .array/port v0xba9e109dc910, 4452;
E_0xba9e109e1c10/1114 .event anyedge, v0xba9e109dc910_4449, v0xba9e109dc910_4450, v0xba9e109dc910_4451, v0xba9e109dc910_4452;
v0xba9e109dc910_4453 .array/port v0xba9e109dc910, 4453;
v0xba9e109dc910_4454 .array/port v0xba9e109dc910, 4454;
v0xba9e109dc910_4455 .array/port v0xba9e109dc910, 4455;
v0xba9e109dc910_4456 .array/port v0xba9e109dc910, 4456;
E_0xba9e109e1c10/1115 .event anyedge, v0xba9e109dc910_4453, v0xba9e109dc910_4454, v0xba9e109dc910_4455, v0xba9e109dc910_4456;
v0xba9e109dc910_4457 .array/port v0xba9e109dc910, 4457;
v0xba9e109dc910_4458 .array/port v0xba9e109dc910, 4458;
v0xba9e109dc910_4459 .array/port v0xba9e109dc910, 4459;
v0xba9e109dc910_4460 .array/port v0xba9e109dc910, 4460;
E_0xba9e109e1c10/1116 .event anyedge, v0xba9e109dc910_4457, v0xba9e109dc910_4458, v0xba9e109dc910_4459, v0xba9e109dc910_4460;
v0xba9e109dc910_4461 .array/port v0xba9e109dc910, 4461;
v0xba9e109dc910_4462 .array/port v0xba9e109dc910, 4462;
v0xba9e109dc910_4463 .array/port v0xba9e109dc910, 4463;
v0xba9e109dc910_4464 .array/port v0xba9e109dc910, 4464;
E_0xba9e109e1c10/1117 .event anyedge, v0xba9e109dc910_4461, v0xba9e109dc910_4462, v0xba9e109dc910_4463, v0xba9e109dc910_4464;
v0xba9e109dc910_4465 .array/port v0xba9e109dc910, 4465;
v0xba9e109dc910_4466 .array/port v0xba9e109dc910, 4466;
v0xba9e109dc910_4467 .array/port v0xba9e109dc910, 4467;
v0xba9e109dc910_4468 .array/port v0xba9e109dc910, 4468;
E_0xba9e109e1c10/1118 .event anyedge, v0xba9e109dc910_4465, v0xba9e109dc910_4466, v0xba9e109dc910_4467, v0xba9e109dc910_4468;
v0xba9e109dc910_4469 .array/port v0xba9e109dc910, 4469;
v0xba9e109dc910_4470 .array/port v0xba9e109dc910, 4470;
v0xba9e109dc910_4471 .array/port v0xba9e109dc910, 4471;
v0xba9e109dc910_4472 .array/port v0xba9e109dc910, 4472;
E_0xba9e109e1c10/1119 .event anyedge, v0xba9e109dc910_4469, v0xba9e109dc910_4470, v0xba9e109dc910_4471, v0xba9e109dc910_4472;
v0xba9e109dc910_4473 .array/port v0xba9e109dc910, 4473;
v0xba9e109dc910_4474 .array/port v0xba9e109dc910, 4474;
v0xba9e109dc910_4475 .array/port v0xba9e109dc910, 4475;
v0xba9e109dc910_4476 .array/port v0xba9e109dc910, 4476;
E_0xba9e109e1c10/1120 .event anyedge, v0xba9e109dc910_4473, v0xba9e109dc910_4474, v0xba9e109dc910_4475, v0xba9e109dc910_4476;
v0xba9e109dc910_4477 .array/port v0xba9e109dc910, 4477;
v0xba9e109dc910_4478 .array/port v0xba9e109dc910, 4478;
v0xba9e109dc910_4479 .array/port v0xba9e109dc910, 4479;
v0xba9e109dc910_4480 .array/port v0xba9e109dc910, 4480;
E_0xba9e109e1c10/1121 .event anyedge, v0xba9e109dc910_4477, v0xba9e109dc910_4478, v0xba9e109dc910_4479, v0xba9e109dc910_4480;
v0xba9e109dc910_4481 .array/port v0xba9e109dc910, 4481;
v0xba9e109dc910_4482 .array/port v0xba9e109dc910, 4482;
v0xba9e109dc910_4483 .array/port v0xba9e109dc910, 4483;
v0xba9e109dc910_4484 .array/port v0xba9e109dc910, 4484;
E_0xba9e109e1c10/1122 .event anyedge, v0xba9e109dc910_4481, v0xba9e109dc910_4482, v0xba9e109dc910_4483, v0xba9e109dc910_4484;
v0xba9e109dc910_4485 .array/port v0xba9e109dc910, 4485;
v0xba9e109dc910_4486 .array/port v0xba9e109dc910, 4486;
v0xba9e109dc910_4487 .array/port v0xba9e109dc910, 4487;
v0xba9e109dc910_4488 .array/port v0xba9e109dc910, 4488;
E_0xba9e109e1c10/1123 .event anyedge, v0xba9e109dc910_4485, v0xba9e109dc910_4486, v0xba9e109dc910_4487, v0xba9e109dc910_4488;
v0xba9e109dc910_4489 .array/port v0xba9e109dc910, 4489;
v0xba9e109dc910_4490 .array/port v0xba9e109dc910, 4490;
v0xba9e109dc910_4491 .array/port v0xba9e109dc910, 4491;
v0xba9e109dc910_4492 .array/port v0xba9e109dc910, 4492;
E_0xba9e109e1c10/1124 .event anyedge, v0xba9e109dc910_4489, v0xba9e109dc910_4490, v0xba9e109dc910_4491, v0xba9e109dc910_4492;
v0xba9e109dc910_4493 .array/port v0xba9e109dc910, 4493;
v0xba9e109dc910_4494 .array/port v0xba9e109dc910, 4494;
v0xba9e109dc910_4495 .array/port v0xba9e109dc910, 4495;
v0xba9e109dc910_4496 .array/port v0xba9e109dc910, 4496;
E_0xba9e109e1c10/1125 .event anyedge, v0xba9e109dc910_4493, v0xba9e109dc910_4494, v0xba9e109dc910_4495, v0xba9e109dc910_4496;
v0xba9e109dc910_4497 .array/port v0xba9e109dc910, 4497;
v0xba9e109dc910_4498 .array/port v0xba9e109dc910, 4498;
v0xba9e109dc910_4499 .array/port v0xba9e109dc910, 4499;
v0xba9e109dc910_4500 .array/port v0xba9e109dc910, 4500;
E_0xba9e109e1c10/1126 .event anyedge, v0xba9e109dc910_4497, v0xba9e109dc910_4498, v0xba9e109dc910_4499, v0xba9e109dc910_4500;
v0xba9e109dc910_4501 .array/port v0xba9e109dc910, 4501;
v0xba9e109dc910_4502 .array/port v0xba9e109dc910, 4502;
v0xba9e109dc910_4503 .array/port v0xba9e109dc910, 4503;
v0xba9e109dc910_4504 .array/port v0xba9e109dc910, 4504;
E_0xba9e109e1c10/1127 .event anyedge, v0xba9e109dc910_4501, v0xba9e109dc910_4502, v0xba9e109dc910_4503, v0xba9e109dc910_4504;
v0xba9e109dc910_4505 .array/port v0xba9e109dc910, 4505;
v0xba9e109dc910_4506 .array/port v0xba9e109dc910, 4506;
v0xba9e109dc910_4507 .array/port v0xba9e109dc910, 4507;
v0xba9e109dc910_4508 .array/port v0xba9e109dc910, 4508;
E_0xba9e109e1c10/1128 .event anyedge, v0xba9e109dc910_4505, v0xba9e109dc910_4506, v0xba9e109dc910_4507, v0xba9e109dc910_4508;
v0xba9e109dc910_4509 .array/port v0xba9e109dc910, 4509;
v0xba9e109dc910_4510 .array/port v0xba9e109dc910, 4510;
v0xba9e109dc910_4511 .array/port v0xba9e109dc910, 4511;
v0xba9e109dc910_4512 .array/port v0xba9e109dc910, 4512;
E_0xba9e109e1c10/1129 .event anyedge, v0xba9e109dc910_4509, v0xba9e109dc910_4510, v0xba9e109dc910_4511, v0xba9e109dc910_4512;
v0xba9e109dc910_4513 .array/port v0xba9e109dc910, 4513;
v0xba9e109dc910_4514 .array/port v0xba9e109dc910, 4514;
v0xba9e109dc910_4515 .array/port v0xba9e109dc910, 4515;
v0xba9e109dc910_4516 .array/port v0xba9e109dc910, 4516;
E_0xba9e109e1c10/1130 .event anyedge, v0xba9e109dc910_4513, v0xba9e109dc910_4514, v0xba9e109dc910_4515, v0xba9e109dc910_4516;
v0xba9e109dc910_4517 .array/port v0xba9e109dc910, 4517;
v0xba9e109dc910_4518 .array/port v0xba9e109dc910, 4518;
v0xba9e109dc910_4519 .array/port v0xba9e109dc910, 4519;
v0xba9e109dc910_4520 .array/port v0xba9e109dc910, 4520;
E_0xba9e109e1c10/1131 .event anyedge, v0xba9e109dc910_4517, v0xba9e109dc910_4518, v0xba9e109dc910_4519, v0xba9e109dc910_4520;
v0xba9e109dc910_4521 .array/port v0xba9e109dc910, 4521;
v0xba9e109dc910_4522 .array/port v0xba9e109dc910, 4522;
v0xba9e109dc910_4523 .array/port v0xba9e109dc910, 4523;
v0xba9e109dc910_4524 .array/port v0xba9e109dc910, 4524;
E_0xba9e109e1c10/1132 .event anyedge, v0xba9e109dc910_4521, v0xba9e109dc910_4522, v0xba9e109dc910_4523, v0xba9e109dc910_4524;
v0xba9e109dc910_4525 .array/port v0xba9e109dc910, 4525;
v0xba9e109dc910_4526 .array/port v0xba9e109dc910, 4526;
v0xba9e109dc910_4527 .array/port v0xba9e109dc910, 4527;
v0xba9e109dc910_4528 .array/port v0xba9e109dc910, 4528;
E_0xba9e109e1c10/1133 .event anyedge, v0xba9e109dc910_4525, v0xba9e109dc910_4526, v0xba9e109dc910_4527, v0xba9e109dc910_4528;
v0xba9e109dc910_4529 .array/port v0xba9e109dc910, 4529;
v0xba9e109dc910_4530 .array/port v0xba9e109dc910, 4530;
v0xba9e109dc910_4531 .array/port v0xba9e109dc910, 4531;
v0xba9e109dc910_4532 .array/port v0xba9e109dc910, 4532;
E_0xba9e109e1c10/1134 .event anyedge, v0xba9e109dc910_4529, v0xba9e109dc910_4530, v0xba9e109dc910_4531, v0xba9e109dc910_4532;
v0xba9e109dc910_4533 .array/port v0xba9e109dc910, 4533;
v0xba9e109dc910_4534 .array/port v0xba9e109dc910, 4534;
v0xba9e109dc910_4535 .array/port v0xba9e109dc910, 4535;
v0xba9e109dc910_4536 .array/port v0xba9e109dc910, 4536;
E_0xba9e109e1c10/1135 .event anyedge, v0xba9e109dc910_4533, v0xba9e109dc910_4534, v0xba9e109dc910_4535, v0xba9e109dc910_4536;
v0xba9e109dc910_4537 .array/port v0xba9e109dc910, 4537;
v0xba9e109dc910_4538 .array/port v0xba9e109dc910, 4538;
v0xba9e109dc910_4539 .array/port v0xba9e109dc910, 4539;
v0xba9e109dc910_4540 .array/port v0xba9e109dc910, 4540;
E_0xba9e109e1c10/1136 .event anyedge, v0xba9e109dc910_4537, v0xba9e109dc910_4538, v0xba9e109dc910_4539, v0xba9e109dc910_4540;
v0xba9e109dc910_4541 .array/port v0xba9e109dc910, 4541;
v0xba9e109dc910_4542 .array/port v0xba9e109dc910, 4542;
v0xba9e109dc910_4543 .array/port v0xba9e109dc910, 4543;
v0xba9e109dc910_4544 .array/port v0xba9e109dc910, 4544;
E_0xba9e109e1c10/1137 .event anyedge, v0xba9e109dc910_4541, v0xba9e109dc910_4542, v0xba9e109dc910_4543, v0xba9e109dc910_4544;
v0xba9e109dc910_4545 .array/port v0xba9e109dc910, 4545;
v0xba9e109dc910_4546 .array/port v0xba9e109dc910, 4546;
v0xba9e109dc910_4547 .array/port v0xba9e109dc910, 4547;
v0xba9e109dc910_4548 .array/port v0xba9e109dc910, 4548;
E_0xba9e109e1c10/1138 .event anyedge, v0xba9e109dc910_4545, v0xba9e109dc910_4546, v0xba9e109dc910_4547, v0xba9e109dc910_4548;
v0xba9e109dc910_4549 .array/port v0xba9e109dc910, 4549;
v0xba9e109dc910_4550 .array/port v0xba9e109dc910, 4550;
v0xba9e109dc910_4551 .array/port v0xba9e109dc910, 4551;
v0xba9e109dc910_4552 .array/port v0xba9e109dc910, 4552;
E_0xba9e109e1c10/1139 .event anyedge, v0xba9e109dc910_4549, v0xba9e109dc910_4550, v0xba9e109dc910_4551, v0xba9e109dc910_4552;
v0xba9e109dc910_4553 .array/port v0xba9e109dc910, 4553;
v0xba9e109dc910_4554 .array/port v0xba9e109dc910, 4554;
v0xba9e109dc910_4555 .array/port v0xba9e109dc910, 4555;
v0xba9e109dc910_4556 .array/port v0xba9e109dc910, 4556;
E_0xba9e109e1c10/1140 .event anyedge, v0xba9e109dc910_4553, v0xba9e109dc910_4554, v0xba9e109dc910_4555, v0xba9e109dc910_4556;
v0xba9e109dc910_4557 .array/port v0xba9e109dc910, 4557;
v0xba9e109dc910_4558 .array/port v0xba9e109dc910, 4558;
v0xba9e109dc910_4559 .array/port v0xba9e109dc910, 4559;
v0xba9e109dc910_4560 .array/port v0xba9e109dc910, 4560;
E_0xba9e109e1c10/1141 .event anyedge, v0xba9e109dc910_4557, v0xba9e109dc910_4558, v0xba9e109dc910_4559, v0xba9e109dc910_4560;
v0xba9e109dc910_4561 .array/port v0xba9e109dc910, 4561;
v0xba9e109dc910_4562 .array/port v0xba9e109dc910, 4562;
v0xba9e109dc910_4563 .array/port v0xba9e109dc910, 4563;
v0xba9e109dc910_4564 .array/port v0xba9e109dc910, 4564;
E_0xba9e109e1c10/1142 .event anyedge, v0xba9e109dc910_4561, v0xba9e109dc910_4562, v0xba9e109dc910_4563, v0xba9e109dc910_4564;
v0xba9e109dc910_4565 .array/port v0xba9e109dc910, 4565;
v0xba9e109dc910_4566 .array/port v0xba9e109dc910, 4566;
v0xba9e109dc910_4567 .array/port v0xba9e109dc910, 4567;
v0xba9e109dc910_4568 .array/port v0xba9e109dc910, 4568;
E_0xba9e109e1c10/1143 .event anyedge, v0xba9e109dc910_4565, v0xba9e109dc910_4566, v0xba9e109dc910_4567, v0xba9e109dc910_4568;
v0xba9e109dc910_4569 .array/port v0xba9e109dc910, 4569;
v0xba9e109dc910_4570 .array/port v0xba9e109dc910, 4570;
v0xba9e109dc910_4571 .array/port v0xba9e109dc910, 4571;
v0xba9e109dc910_4572 .array/port v0xba9e109dc910, 4572;
E_0xba9e109e1c10/1144 .event anyedge, v0xba9e109dc910_4569, v0xba9e109dc910_4570, v0xba9e109dc910_4571, v0xba9e109dc910_4572;
v0xba9e109dc910_4573 .array/port v0xba9e109dc910, 4573;
v0xba9e109dc910_4574 .array/port v0xba9e109dc910, 4574;
v0xba9e109dc910_4575 .array/port v0xba9e109dc910, 4575;
v0xba9e109dc910_4576 .array/port v0xba9e109dc910, 4576;
E_0xba9e109e1c10/1145 .event anyedge, v0xba9e109dc910_4573, v0xba9e109dc910_4574, v0xba9e109dc910_4575, v0xba9e109dc910_4576;
v0xba9e109dc910_4577 .array/port v0xba9e109dc910, 4577;
v0xba9e109dc910_4578 .array/port v0xba9e109dc910, 4578;
v0xba9e109dc910_4579 .array/port v0xba9e109dc910, 4579;
v0xba9e109dc910_4580 .array/port v0xba9e109dc910, 4580;
E_0xba9e109e1c10/1146 .event anyedge, v0xba9e109dc910_4577, v0xba9e109dc910_4578, v0xba9e109dc910_4579, v0xba9e109dc910_4580;
v0xba9e109dc910_4581 .array/port v0xba9e109dc910, 4581;
v0xba9e109dc910_4582 .array/port v0xba9e109dc910, 4582;
v0xba9e109dc910_4583 .array/port v0xba9e109dc910, 4583;
v0xba9e109dc910_4584 .array/port v0xba9e109dc910, 4584;
E_0xba9e109e1c10/1147 .event anyedge, v0xba9e109dc910_4581, v0xba9e109dc910_4582, v0xba9e109dc910_4583, v0xba9e109dc910_4584;
v0xba9e109dc910_4585 .array/port v0xba9e109dc910, 4585;
v0xba9e109dc910_4586 .array/port v0xba9e109dc910, 4586;
v0xba9e109dc910_4587 .array/port v0xba9e109dc910, 4587;
v0xba9e109dc910_4588 .array/port v0xba9e109dc910, 4588;
E_0xba9e109e1c10/1148 .event anyedge, v0xba9e109dc910_4585, v0xba9e109dc910_4586, v0xba9e109dc910_4587, v0xba9e109dc910_4588;
v0xba9e109dc910_4589 .array/port v0xba9e109dc910, 4589;
v0xba9e109dc910_4590 .array/port v0xba9e109dc910, 4590;
v0xba9e109dc910_4591 .array/port v0xba9e109dc910, 4591;
v0xba9e109dc910_4592 .array/port v0xba9e109dc910, 4592;
E_0xba9e109e1c10/1149 .event anyedge, v0xba9e109dc910_4589, v0xba9e109dc910_4590, v0xba9e109dc910_4591, v0xba9e109dc910_4592;
v0xba9e109dc910_4593 .array/port v0xba9e109dc910, 4593;
v0xba9e109dc910_4594 .array/port v0xba9e109dc910, 4594;
v0xba9e109dc910_4595 .array/port v0xba9e109dc910, 4595;
v0xba9e109dc910_4596 .array/port v0xba9e109dc910, 4596;
E_0xba9e109e1c10/1150 .event anyedge, v0xba9e109dc910_4593, v0xba9e109dc910_4594, v0xba9e109dc910_4595, v0xba9e109dc910_4596;
v0xba9e109dc910_4597 .array/port v0xba9e109dc910, 4597;
v0xba9e109dc910_4598 .array/port v0xba9e109dc910, 4598;
v0xba9e109dc910_4599 .array/port v0xba9e109dc910, 4599;
v0xba9e109dc910_4600 .array/port v0xba9e109dc910, 4600;
E_0xba9e109e1c10/1151 .event anyedge, v0xba9e109dc910_4597, v0xba9e109dc910_4598, v0xba9e109dc910_4599, v0xba9e109dc910_4600;
v0xba9e109dc910_4601 .array/port v0xba9e109dc910, 4601;
v0xba9e109dc910_4602 .array/port v0xba9e109dc910, 4602;
v0xba9e109dc910_4603 .array/port v0xba9e109dc910, 4603;
v0xba9e109dc910_4604 .array/port v0xba9e109dc910, 4604;
E_0xba9e109e1c10/1152 .event anyedge, v0xba9e109dc910_4601, v0xba9e109dc910_4602, v0xba9e109dc910_4603, v0xba9e109dc910_4604;
v0xba9e109dc910_4605 .array/port v0xba9e109dc910, 4605;
v0xba9e109dc910_4606 .array/port v0xba9e109dc910, 4606;
v0xba9e109dc910_4607 .array/port v0xba9e109dc910, 4607;
v0xba9e109dc910_4608 .array/port v0xba9e109dc910, 4608;
E_0xba9e109e1c10/1153 .event anyedge, v0xba9e109dc910_4605, v0xba9e109dc910_4606, v0xba9e109dc910_4607, v0xba9e109dc910_4608;
v0xba9e109dc910_4609 .array/port v0xba9e109dc910, 4609;
v0xba9e109dc910_4610 .array/port v0xba9e109dc910, 4610;
v0xba9e109dc910_4611 .array/port v0xba9e109dc910, 4611;
v0xba9e109dc910_4612 .array/port v0xba9e109dc910, 4612;
E_0xba9e109e1c10/1154 .event anyedge, v0xba9e109dc910_4609, v0xba9e109dc910_4610, v0xba9e109dc910_4611, v0xba9e109dc910_4612;
v0xba9e109dc910_4613 .array/port v0xba9e109dc910, 4613;
v0xba9e109dc910_4614 .array/port v0xba9e109dc910, 4614;
v0xba9e109dc910_4615 .array/port v0xba9e109dc910, 4615;
v0xba9e109dc910_4616 .array/port v0xba9e109dc910, 4616;
E_0xba9e109e1c10/1155 .event anyedge, v0xba9e109dc910_4613, v0xba9e109dc910_4614, v0xba9e109dc910_4615, v0xba9e109dc910_4616;
v0xba9e109dc910_4617 .array/port v0xba9e109dc910, 4617;
v0xba9e109dc910_4618 .array/port v0xba9e109dc910, 4618;
v0xba9e109dc910_4619 .array/port v0xba9e109dc910, 4619;
v0xba9e109dc910_4620 .array/port v0xba9e109dc910, 4620;
E_0xba9e109e1c10/1156 .event anyedge, v0xba9e109dc910_4617, v0xba9e109dc910_4618, v0xba9e109dc910_4619, v0xba9e109dc910_4620;
v0xba9e109dc910_4621 .array/port v0xba9e109dc910, 4621;
v0xba9e109dc910_4622 .array/port v0xba9e109dc910, 4622;
v0xba9e109dc910_4623 .array/port v0xba9e109dc910, 4623;
v0xba9e109dc910_4624 .array/port v0xba9e109dc910, 4624;
E_0xba9e109e1c10/1157 .event anyedge, v0xba9e109dc910_4621, v0xba9e109dc910_4622, v0xba9e109dc910_4623, v0xba9e109dc910_4624;
v0xba9e109dc910_4625 .array/port v0xba9e109dc910, 4625;
v0xba9e109dc910_4626 .array/port v0xba9e109dc910, 4626;
v0xba9e109dc910_4627 .array/port v0xba9e109dc910, 4627;
v0xba9e109dc910_4628 .array/port v0xba9e109dc910, 4628;
E_0xba9e109e1c10/1158 .event anyedge, v0xba9e109dc910_4625, v0xba9e109dc910_4626, v0xba9e109dc910_4627, v0xba9e109dc910_4628;
v0xba9e109dc910_4629 .array/port v0xba9e109dc910, 4629;
v0xba9e109dc910_4630 .array/port v0xba9e109dc910, 4630;
v0xba9e109dc910_4631 .array/port v0xba9e109dc910, 4631;
v0xba9e109dc910_4632 .array/port v0xba9e109dc910, 4632;
E_0xba9e109e1c10/1159 .event anyedge, v0xba9e109dc910_4629, v0xba9e109dc910_4630, v0xba9e109dc910_4631, v0xba9e109dc910_4632;
v0xba9e109dc910_4633 .array/port v0xba9e109dc910, 4633;
v0xba9e109dc910_4634 .array/port v0xba9e109dc910, 4634;
v0xba9e109dc910_4635 .array/port v0xba9e109dc910, 4635;
v0xba9e109dc910_4636 .array/port v0xba9e109dc910, 4636;
E_0xba9e109e1c10/1160 .event anyedge, v0xba9e109dc910_4633, v0xba9e109dc910_4634, v0xba9e109dc910_4635, v0xba9e109dc910_4636;
v0xba9e109dc910_4637 .array/port v0xba9e109dc910, 4637;
v0xba9e109dc910_4638 .array/port v0xba9e109dc910, 4638;
v0xba9e109dc910_4639 .array/port v0xba9e109dc910, 4639;
v0xba9e109dc910_4640 .array/port v0xba9e109dc910, 4640;
E_0xba9e109e1c10/1161 .event anyedge, v0xba9e109dc910_4637, v0xba9e109dc910_4638, v0xba9e109dc910_4639, v0xba9e109dc910_4640;
v0xba9e109dc910_4641 .array/port v0xba9e109dc910, 4641;
v0xba9e109dc910_4642 .array/port v0xba9e109dc910, 4642;
v0xba9e109dc910_4643 .array/port v0xba9e109dc910, 4643;
v0xba9e109dc910_4644 .array/port v0xba9e109dc910, 4644;
E_0xba9e109e1c10/1162 .event anyedge, v0xba9e109dc910_4641, v0xba9e109dc910_4642, v0xba9e109dc910_4643, v0xba9e109dc910_4644;
v0xba9e109dc910_4645 .array/port v0xba9e109dc910, 4645;
v0xba9e109dc910_4646 .array/port v0xba9e109dc910, 4646;
v0xba9e109dc910_4647 .array/port v0xba9e109dc910, 4647;
v0xba9e109dc910_4648 .array/port v0xba9e109dc910, 4648;
E_0xba9e109e1c10/1163 .event anyedge, v0xba9e109dc910_4645, v0xba9e109dc910_4646, v0xba9e109dc910_4647, v0xba9e109dc910_4648;
v0xba9e109dc910_4649 .array/port v0xba9e109dc910, 4649;
v0xba9e109dc910_4650 .array/port v0xba9e109dc910, 4650;
v0xba9e109dc910_4651 .array/port v0xba9e109dc910, 4651;
v0xba9e109dc910_4652 .array/port v0xba9e109dc910, 4652;
E_0xba9e109e1c10/1164 .event anyedge, v0xba9e109dc910_4649, v0xba9e109dc910_4650, v0xba9e109dc910_4651, v0xba9e109dc910_4652;
v0xba9e109dc910_4653 .array/port v0xba9e109dc910, 4653;
v0xba9e109dc910_4654 .array/port v0xba9e109dc910, 4654;
v0xba9e109dc910_4655 .array/port v0xba9e109dc910, 4655;
v0xba9e109dc910_4656 .array/port v0xba9e109dc910, 4656;
E_0xba9e109e1c10/1165 .event anyedge, v0xba9e109dc910_4653, v0xba9e109dc910_4654, v0xba9e109dc910_4655, v0xba9e109dc910_4656;
v0xba9e109dc910_4657 .array/port v0xba9e109dc910, 4657;
v0xba9e109dc910_4658 .array/port v0xba9e109dc910, 4658;
v0xba9e109dc910_4659 .array/port v0xba9e109dc910, 4659;
v0xba9e109dc910_4660 .array/port v0xba9e109dc910, 4660;
E_0xba9e109e1c10/1166 .event anyedge, v0xba9e109dc910_4657, v0xba9e109dc910_4658, v0xba9e109dc910_4659, v0xba9e109dc910_4660;
v0xba9e109dc910_4661 .array/port v0xba9e109dc910, 4661;
v0xba9e109dc910_4662 .array/port v0xba9e109dc910, 4662;
v0xba9e109dc910_4663 .array/port v0xba9e109dc910, 4663;
v0xba9e109dc910_4664 .array/port v0xba9e109dc910, 4664;
E_0xba9e109e1c10/1167 .event anyedge, v0xba9e109dc910_4661, v0xba9e109dc910_4662, v0xba9e109dc910_4663, v0xba9e109dc910_4664;
v0xba9e109dc910_4665 .array/port v0xba9e109dc910, 4665;
v0xba9e109dc910_4666 .array/port v0xba9e109dc910, 4666;
v0xba9e109dc910_4667 .array/port v0xba9e109dc910, 4667;
v0xba9e109dc910_4668 .array/port v0xba9e109dc910, 4668;
E_0xba9e109e1c10/1168 .event anyedge, v0xba9e109dc910_4665, v0xba9e109dc910_4666, v0xba9e109dc910_4667, v0xba9e109dc910_4668;
v0xba9e109dc910_4669 .array/port v0xba9e109dc910, 4669;
v0xba9e109dc910_4670 .array/port v0xba9e109dc910, 4670;
v0xba9e109dc910_4671 .array/port v0xba9e109dc910, 4671;
v0xba9e109dc910_4672 .array/port v0xba9e109dc910, 4672;
E_0xba9e109e1c10/1169 .event anyedge, v0xba9e109dc910_4669, v0xba9e109dc910_4670, v0xba9e109dc910_4671, v0xba9e109dc910_4672;
v0xba9e109dc910_4673 .array/port v0xba9e109dc910, 4673;
v0xba9e109dc910_4674 .array/port v0xba9e109dc910, 4674;
v0xba9e109dc910_4675 .array/port v0xba9e109dc910, 4675;
v0xba9e109dc910_4676 .array/port v0xba9e109dc910, 4676;
E_0xba9e109e1c10/1170 .event anyedge, v0xba9e109dc910_4673, v0xba9e109dc910_4674, v0xba9e109dc910_4675, v0xba9e109dc910_4676;
v0xba9e109dc910_4677 .array/port v0xba9e109dc910, 4677;
v0xba9e109dc910_4678 .array/port v0xba9e109dc910, 4678;
v0xba9e109dc910_4679 .array/port v0xba9e109dc910, 4679;
v0xba9e109dc910_4680 .array/port v0xba9e109dc910, 4680;
E_0xba9e109e1c10/1171 .event anyedge, v0xba9e109dc910_4677, v0xba9e109dc910_4678, v0xba9e109dc910_4679, v0xba9e109dc910_4680;
v0xba9e109dc910_4681 .array/port v0xba9e109dc910, 4681;
v0xba9e109dc910_4682 .array/port v0xba9e109dc910, 4682;
v0xba9e109dc910_4683 .array/port v0xba9e109dc910, 4683;
v0xba9e109dc910_4684 .array/port v0xba9e109dc910, 4684;
E_0xba9e109e1c10/1172 .event anyedge, v0xba9e109dc910_4681, v0xba9e109dc910_4682, v0xba9e109dc910_4683, v0xba9e109dc910_4684;
v0xba9e109dc910_4685 .array/port v0xba9e109dc910, 4685;
v0xba9e109dc910_4686 .array/port v0xba9e109dc910, 4686;
v0xba9e109dc910_4687 .array/port v0xba9e109dc910, 4687;
v0xba9e109dc910_4688 .array/port v0xba9e109dc910, 4688;
E_0xba9e109e1c10/1173 .event anyedge, v0xba9e109dc910_4685, v0xba9e109dc910_4686, v0xba9e109dc910_4687, v0xba9e109dc910_4688;
v0xba9e109dc910_4689 .array/port v0xba9e109dc910, 4689;
v0xba9e109dc910_4690 .array/port v0xba9e109dc910, 4690;
v0xba9e109dc910_4691 .array/port v0xba9e109dc910, 4691;
v0xba9e109dc910_4692 .array/port v0xba9e109dc910, 4692;
E_0xba9e109e1c10/1174 .event anyedge, v0xba9e109dc910_4689, v0xba9e109dc910_4690, v0xba9e109dc910_4691, v0xba9e109dc910_4692;
v0xba9e109dc910_4693 .array/port v0xba9e109dc910, 4693;
v0xba9e109dc910_4694 .array/port v0xba9e109dc910, 4694;
v0xba9e109dc910_4695 .array/port v0xba9e109dc910, 4695;
v0xba9e109dc910_4696 .array/port v0xba9e109dc910, 4696;
E_0xba9e109e1c10/1175 .event anyedge, v0xba9e109dc910_4693, v0xba9e109dc910_4694, v0xba9e109dc910_4695, v0xba9e109dc910_4696;
v0xba9e109dc910_4697 .array/port v0xba9e109dc910, 4697;
v0xba9e109dc910_4698 .array/port v0xba9e109dc910, 4698;
v0xba9e109dc910_4699 .array/port v0xba9e109dc910, 4699;
v0xba9e109dc910_4700 .array/port v0xba9e109dc910, 4700;
E_0xba9e109e1c10/1176 .event anyedge, v0xba9e109dc910_4697, v0xba9e109dc910_4698, v0xba9e109dc910_4699, v0xba9e109dc910_4700;
v0xba9e109dc910_4701 .array/port v0xba9e109dc910, 4701;
v0xba9e109dc910_4702 .array/port v0xba9e109dc910, 4702;
v0xba9e109dc910_4703 .array/port v0xba9e109dc910, 4703;
v0xba9e109dc910_4704 .array/port v0xba9e109dc910, 4704;
E_0xba9e109e1c10/1177 .event anyedge, v0xba9e109dc910_4701, v0xba9e109dc910_4702, v0xba9e109dc910_4703, v0xba9e109dc910_4704;
v0xba9e109dc910_4705 .array/port v0xba9e109dc910, 4705;
v0xba9e109dc910_4706 .array/port v0xba9e109dc910, 4706;
v0xba9e109dc910_4707 .array/port v0xba9e109dc910, 4707;
v0xba9e109dc910_4708 .array/port v0xba9e109dc910, 4708;
E_0xba9e109e1c10/1178 .event anyedge, v0xba9e109dc910_4705, v0xba9e109dc910_4706, v0xba9e109dc910_4707, v0xba9e109dc910_4708;
v0xba9e109dc910_4709 .array/port v0xba9e109dc910, 4709;
v0xba9e109dc910_4710 .array/port v0xba9e109dc910, 4710;
v0xba9e109dc910_4711 .array/port v0xba9e109dc910, 4711;
v0xba9e109dc910_4712 .array/port v0xba9e109dc910, 4712;
E_0xba9e109e1c10/1179 .event anyedge, v0xba9e109dc910_4709, v0xba9e109dc910_4710, v0xba9e109dc910_4711, v0xba9e109dc910_4712;
v0xba9e109dc910_4713 .array/port v0xba9e109dc910, 4713;
v0xba9e109dc910_4714 .array/port v0xba9e109dc910, 4714;
v0xba9e109dc910_4715 .array/port v0xba9e109dc910, 4715;
v0xba9e109dc910_4716 .array/port v0xba9e109dc910, 4716;
E_0xba9e109e1c10/1180 .event anyedge, v0xba9e109dc910_4713, v0xba9e109dc910_4714, v0xba9e109dc910_4715, v0xba9e109dc910_4716;
v0xba9e109dc910_4717 .array/port v0xba9e109dc910, 4717;
v0xba9e109dc910_4718 .array/port v0xba9e109dc910, 4718;
v0xba9e109dc910_4719 .array/port v0xba9e109dc910, 4719;
v0xba9e109dc910_4720 .array/port v0xba9e109dc910, 4720;
E_0xba9e109e1c10/1181 .event anyedge, v0xba9e109dc910_4717, v0xba9e109dc910_4718, v0xba9e109dc910_4719, v0xba9e109dc910_4720;
v0xba9e109dc910_4721 .array/port v0xba9e109dc910, 4721;
v0xba9e109dc910_4722 .array/port v0xba9e109dc910, 4722;
v0xba9e109dc910_4723 .array/port v0xba9e109dc910, 4723;
v0xba9e109dc910_4724 .array/port v0xba9e109dc910, 4724;
E_0xba9e109e1c10/1182 .event anyedge, v0xba9e109dc910_4721, v0xba9e109dc910_4722, v0xba9e109dc910_4723, v0xba9e109dc910_4724;
v0xba9e109dc910_4725 .array/port v0xba9e109dc910, 4725;
v0xba9e109dc910_4726 .array/port v0xba9e109dc910, 4726;
v0xba9e109dc910_4727 .array/port v0xba9e109dc910, 4727;
v0xba9e109dc910_4728 .array/port v0xba9e109dc910, 4728;
E_0xba9e109e1c10/1183 .event anyedge, v0xba9e109dc910_4725, v0xba9e109dc910_4726, v0xba9e109dc910_4727, v0xba9e109dc910_4728;
v0xba9e109dc910_4729 .array/port v0xba9e109dc910, 4729;
v0xba9e109dc910_4730 .array/port v0xba9e109dc910, 4730;
v0xba9e109dc910_4731 .array/port v0xba9e109dc910, 4731;
v0xba9e109dc910_4732 .array/port v0xba9e109dc910, 4732;
E_0xba9e109e1c10/1184 .event anyedge, v0xba9e109dc910_4729, v0xba9e109dc910_4730, v0xba9e109dc910_4731, v0xba9e109dc910_4732;
v0xba9e109dc910_4733 .array/port v0xba9e109dc910, 4733;
v0xba9e109dc910_4734 .array/port v0xba9e109dc910, 4734;
v0xba9e109dc910_4735 .array/port v0xba9e109dc910, 4735;
v0xba9e109dc910_4736 .array/port v0xba9e109dc910, 4736;
E_0xba9e109e1c10/1185 .event anyedge, v0xba9e109dc910_4733, v0xba9e109dc910_4734, v0xba9e109dc910_4735, v0xba9e109dc910_4736;
v0xba9e109dc910_4737 .array/port v0xba9e109dc910, 4737;
v0xba9e109dc910_4738 .array/port v0xba9e109dc910, 4738;
v0xba9e109dc910_4739 .array/port v0xba9e109dc910, 4739;
v0xba9e109dc910_4740 .array/port v0xba9e109dc910, 4740;
E_0xba9e109e1c10/1186 .event anyedge, v0xba9e109dc910_4737, v0xba9e109dc910_4738, v0xba9e109dc910_4739, v0xba9e109dc910_4740;
v0xba9e109dc910_4741 .array/port v0xba9e109dc910, 4741;
v0xba9e109dc910_4742 .array/port v0xba9e109dc910, 4742;
v0xba9e109dc910_4743 .array/port v0xba9e109dc910, 4743;
v0xba9e109dc910_4744 .array/port v0xba9e109dc910, 4744;
E_0xba9e109e1c10/1187 .event anyedge, v0xba9e109dc910_4741, v0xba9e109dc910_4742, v0xba9e109dc910_4743, v0xba9e109dc910_4744;
v0xba9e109dc910_4745 .array/port v0xba9e109dc910, 4745;
v0xba9e109dc910_4746 .array/port v0xba9e109dc910, 4746;
v0xba9e109dc910_4747 .array/port v0xba9e109dc910, 4747;
v0xba9e109dc910_4748 .array/port v0xba9e109dc910, 4748;
E_0xba9e109e1c10/1188 .event anyedge, v0xba9e109dc910_4745, v0xba9e109dc910_4746, v0xba9e109dc910_4747, v0xba9e109dc910_4748;
v0xba9e109dc910_4749 .array/port v0xba9e109dc910, 4749;
v0xba9e109dc910_4750 .array/port v0xba9e109dc910, 4750;
v0xba9e109dc910_4751 .array/port v0xba9e109dc910, 4751;
v0xba9e109dc910_4752 .array/port v0xba9e109dc910, 4752;
E_0xba9e109e1c10/1189 .event anyedge, v0xba9e109dc910_4749, v0xba9e109dc910_4750, v0xba9e109dc910_4751, v0xba9e109dc910_4752;
v0xba9e109dc910_4753 .array/port v0xba9e109dc910, 4753;
v0xba9e109dc910_4754 .array/port v0xba9e109dc910, 4754;
v0xba9e109dc910_4755 .array/port v0xba9e109dc910, 4755;
v0xba9e109dc910_4756 .array/port v0xba9e109dc910, 4756;
E_0xba9e109e1c10/1190 .event anyedge, v0xba9e109dc910_4753, v0xba9e109dc910_4754, v0xba9e109dc910_4755, v0xba9e109dc910_4756;
v0xba9e109dc910_4757 .array/port v0xba9e109dc910, 4757;
v0xba9e109dc910_4758 .array/port v0xba9e109dc910, 4758;
v0xba9e109dc910_4759 .array/port v0xba9e109dc910, 4759;
v0xba9e109dc910_4760 .array/port v0xba9e109dc910, 4760;
E_0xba9e109e1c10/1191 .event anyedge, v0xba9e109dc910_4757, v0xba9e109dc910_4758, v0xba9e109dc910_4759, v0xba9e109dc910_4760;
v0xba9e109dc910_4761 .array/port v0xba9e109dc910, 4761;
v0xba9e109dc910_4762 .array/port v0xba9e109dc910, 4762;
v0xba9e109dc910_4763 .array/port v0xba9e109dc910, 4763;
v0xba9e109dc910_4764 .array/port v0xba9e109dc910, 4764;
E_0xba9e109e1c10/1192 .event anyedge, v0xba9e109dc910_4761, v0xba9e109dc910_4762, v0xba9e109dc910_4763, v0xba9e109dc910_4764;
v0xba9e109dc910_4765 .array/port v0xba9e109dc910, 4765;
v0xba9e109dc910_4766 .array/port v0xba9e109dc910, 4766;
v0xba9e109dc910_4767 .array/port v0xba9e109dc910, 4767;
v0xba9e109dc910_4768 .array/port v0xba9e109dc910, 4768;
E_0xba9e109e1c10/1193 .event anyedge, v0xba9e109dc910_4765, v0xba9e109dc910_4766, v0xba9e109dc910_4767, v0xba9e109dc910_4768;
v0xba9e109dc910_4769 .array/port v0xba9e109dc910, 4769;
v0xba9e109dc910_4770 .array/port v0xba9e109dc910, 4770;
v0xba9e109dc910_4771 .array/port v0xba9e109dc910, 4771;
v0xba9e109dc910_4772 .array/port v0xba9e109dc910, 4772;
E_0xba9e109e1c10/1194 .event anyedge, v0xba9e109dc910_4769, v0xba9e109dc910_4770, v0xba9e109dc910_4771, v0xba9e109dc910_4772;
v0xba9e109dc910_4773 .array/port v0xba9e109dc910, 4773;
v0xba9e109dc910_4774 .array/port v0xba9e109dc910, 4774;
v0xba9e109dc910_4775 .array/port v0xba9e109dc910, 4775;
v0xba9e109dc910_4776 .array/port v0xba9e109dc910, 4776;
E_0xba9e109e1c10/1195 .event anyedge, v0xba9e109dc910_4773, v0xba9e109dc910_4774, v0xba9e109dc910_4775, v0xba9e109dc910_4776;
v0xba9e109dc910_4777 .array/port v0xba9e109dc910, 4777;
v0xba9e109dc910_4778 .array/port v0xba9e109dc910, 4778;
v0xba9e109dc910_4779 .array/port v0xba9e109dc910, 4779;
v0xba9e109dc910_4780 .array/port v0xba9e109dc910, 4780;
E_0xba9e109e1c10/1196 .event anyedge, v0xba9e109dc910_4777, v0xba9e109dc910_4778, v0xba9e109dc910_4779, v0xba9e109dc910_4780;
v0xba9e109dc910_4781 .array/port v0xba9e109dc910, 4781;
v0xba9e109dc910_4782 .array/port v0xba9e109dc910, 4782;
v0xba9e109dc910_4783 .array/port v0xba9e109dc910, 4783;
v0xba9e109dc910_4784 .array/port v0xba9e109dc910, 4784;
E_0xba9e109e1c10/1197 .event anyedge, v0xba9e109dc910_4781, v0xba9e109dc910_4782, v0xba9e109dc910_4783, v0xba9e109dc910_4784;
v0xba9e109dc910_4785 .array/port v0xba9e109dc910, 4785;
v0xba9e109dc910_4786 .array/port v0xba9e109dc910, 4786;
v0xba9e109dc910_4787 .array/port v0xba9e109dc910, 4787;
v0xba9e109dc910_4788 .array/port v0xba9e109dc910, 4788;
E_0xba9e109e1c10/1198 .event anyedge, v0xba9e109dc910_4785, v0xba9e109dc910_4786, v0xba9e109dc910_4787, v0xba9e109dc910_4788;
v0xba9e109dc910_4789 .array/port v0xba9e109dc910, 4789;
v0xba9e109dc910_4790 .array/port v0xba9e109dc910, 4790;
v0xba9e109dc910_4791 .array/port v0xba9e109dc910, 4791;
v0xba9e109dc910_4792 .array/port v0xba9e109dc910, 4792;
E_0xba9e109e1c10/1199 .event anyedge, v0xba9e109dc910_4789, v0xba9e109dc910_4790, v0xba9e109dc910_4791, v0xba9e109dc910_4792;
v0xba9e109dc910_4793 .array/port v0xba9e109dc910, 4793;
v0xba9e109dc910_4794 .array/port v0xba9e109dc910, 4794;
v0xba9e109dc910_4795 .array/port v0xba9e109dc910, 4795;
v0xba9e109dc910_4796 .array/port v0xba9e109dc910, 4796;
E_0xba9e109e1c10/1200 .event anyedge, v0xba9e109dc910_4793, v0xba9e109dc910_4794, v0xba9e109dc910_4795, v0xba9e109dc910_4796;
v0xba9e109dc910_4797 .array/port v0xba9e109dc910, 4797;
v0xba9e109dc910_4798 .array/port v0xba9e109dc910, 4798;
v0xba9e109dc910_4799 .array/port v0xba9e109dc910, 4799;
v0xba9e109dc910_4800 .array/port v0xba9e109dc910, 4800;
E_0xba9e109e1c10/1201 .event anyedge, v0xba9e109dc910_4797, v0xba9e109dc910_4798, v0xba9e109dc910_4799, v0xba9e109dc910_4800;
v0xba9e109dc910_4801 .array/port v0xba9e109dc910, 4801;
v0xba9e109dc910_4802 .array/port v0xba9e109dc910, 4802;
v0xba9e109dc910_4803 .array/port v0xba9e109dc910, 4803;
v0xba9e109dc910_4804 .array/port v0xba9e109dc910, 4804;
E_0xba9e109e1c10/1202 .event anyedge, v0xba9e109dc910_4801, v0xba9e109dc910_4802, v0xba9e109dc910_4803, v0xba9e109dc910_4804;
v0xba9e109dc910_4805 .array/port v0xba9e109dc910, 4805;
v0xba9e109dc910_4806 .array/port v0xba9e109dc910, 4806;
v0xba9e109dc910_4807 .array/port v0xba9e109dc910, 4807;
v0xba9e109dc910_4808 .array/port v0xba9e109dc910, 4808;
E_0xba9e109e1c10/1203 .event anyedge, v0xba9e109dc910_4805, v0xba9e109dc910_4806, v0xba9e109dc910_4807, v0xba9e109dc910_4808;
v0xba9e109dc910_4809 .array/port v0xba9e109dc910, 4809;
v0xba9e109dc910_4810 .array/port v0xba9e109dc910, 4810;
v0xba9e109dc910_4811 .array/port v0xba9e109dc910, 4811;
v0xba9e109dc910_4812 .array/port v0xba9e109dc910, 4812;
E_0xba9e109e1c10/1204 .event anyedge, v0xba9e109dc910_4809, v0xba9e109dc910_4810, v0xba9e109dc910_4811, v0xba9e109dc910_4812;
v0xba9e109dc910_4813 .array/port v0xba9e109dc910, 4813;
v0xba9e109dc910_4814 .array/port v0xba9e109dc910, 4814;
v0xba9e109dc910_4815 .array/port v0xba9e109dc910, 4815;
v0xba9e109dc910_4816 .array/port v0xba9e109dc910, 4816;
E_0xba9e109e1c10/1205 .event anyedge, v0xba9e109dc910_4813, v0xba9e109dc910_4814, v0xba9e109dc910_4815, v0xba9e109dc910_4816;
v0xba9e109dc910_4817 .array/port v0xba9e109dc910, 4817;
v0xba9e109dc910_4818 .array/port v0xba9e109dc910, 4818;
v0xba9e109dc910_4819 .array/port v0xba9e109dc910, 4819;
v0xba9e109dc910_4820 .array/port v0xba9e109dc910, 4820;
E_0xba9e109e1c10/1206 .event anyedge, v0xba9e109dc910_4817, v0xba9e109dc910_4818, v0xba9e109dc910_4819, v0xba9e109dc910_4820;
v0xba9e109dc910_4821 .array/port v0xba9e109dc910, 4821;
v0xba9e109dc910_4822 .array/port v0xba9e109dc910, 4822;
v0xba9e109dc910_4823 .array/port v0xba9e109dc910, 4823;
v0xba9e109dc910_4824 .array/port v0xba9e109dc910, 4824;
E_0xba9e109e1c10/1207 .event anyedge, v0xba9e109dc910_4821, v0xba9e109dc910_4822, v0xba9e109dc910_4823, v0xba9e109dc910_4824;
v0xba9e109dc910_4825 .array/port v0xba9e109dc910, 4825;
v0xba9e109dc910_4826 .array/port v0xba9e109dc910, 4826;
v0xba9e109dc910_4827 .array/port v0xba9e109dc910, 4827;
v0xba9e109dc910_4828 .array/port v0xba9e109dc910, 4828;
E_0xba9e109e1c10/1208 .event anyedge, v0xba9e109dc910_4825, v0xba9e109dc910_4826, v0xba9e109dc910_4827, v0xba9e109dc910_4828;
v0xba9e109dc910_4829 .array/port v0xba9e109dc910, 4829;
v0xba9e109dc910_4830 .array/port v0xba9e109dc910, 4830;
v0xba9e109dc910_4831 .array/port v0xba9e109dc910, 4831;
v0xba9e109dc910_4832 .array/port v0xba9e109dc910, 4832;
E_0xba9e109e1c10/1209 .event anyedge, v0xba9e109dc910_4829, v0xba9e109dc910_4830, v0xba9e109dc910_4831, v0xba9e109dc910_4832;
v0xba9e109dc910_4833 .array/port v0xba9e109dc910, 4833;
v0xba9e109dc910_4834 .array/port v0xba9e109dc910, 4834;
v0xba9e109dc910_4835 .array/port v0xba9e109dc910, 4835;
v0xba9e109dc910_4836 .array/port v0xba9e109dc910, 4836;
E_0xba9e109e1c10/1210 .event anyedge, v0xba9e109dc910_4833, v0xba9e109dc910_4834, v0xba9e109dc910_4835, v0xba9e109dc910_4836;
v0xba9e109dc910_4837 .array/port v0xba9e109dc910, 4837;
v0xba9e109dc910_4838 .array/port v0xba9e109dc910, 4838;
v0xba9e109dc910_4839 .array/port v0xba9e109dc910, 4839;
v0xba9e109dc910_4840 .array/port v0xba9e109dc910, 4840;
E_0xba9e109e1c10/1211 .event anyedge, v0xba9e109dc910_4837, v0xba9e109dc910_4838, v0xba9e109dc910_4839, v0xba9e109dc910_4840;
v0xba9e109dc910_4841 .array/port v0xba9e109dc910, 4841;
v0xba9e109dc910_4842 .array/port v0xba9e109dc910, 4842;
v0xba9e109dc910_4843 .array/port v0xba9e109dc910, 4843;
v0xba9e109dc910_4844 .array/port v0xba9e109dc910, 4844;
E_0xba9e109e1c10/1212 .event anyedge, v0xba9e109dc910_4841, v0xba9e109dc910_4842, v0xba9e109dc910_4843, v0xba9e109dc910_4844;
v0xba9e109dc910_4845 .array/port v0xba9e109dc910, 4845;
v0xba9e109dc910_4846 .array/port v0xba9e109dc910, 4846;
v0xba9e109dc910_4847 .array/port v0xba9e109dc910, 4847;
v0xba9e109dc910_4848 .array/port v0xba9e109dc910, 4848;
E_0xba9e109e1c10/1213 .event anyedge, v0xba9e109dc910_4845, v0xba9e109dc910_4846, v0xba9e109dc910_4847, v0xba9e109dc910_4848;
v0xba9e109dc910_4849 .array/port v0xba9e109dc910, 4849;
v0xba9e109dc910_4850 .array/port v0xba9e109dc910, 4850;
v0xba9e109dc910_4851 .array/port v0xba9e109dc910, 4851;
v0xba9e109dc910_4852 .array/port v0xba9e109dc910, 4852;
E_0xba9e109e1c10/1214 .event anyedge, v0xba9e109dc910_4849, v0xba9e109dc910_4850, v0xba9e109dc910_4851, v0xba9e109dc910_4852;
v0xba9e109dc910_4853 .array/port v0xba9e109dc910, 4853;
v0xba9e109dc910_4854 .array/port v0xba9e109dc910, 4854;
v0xba9e109dc910_4855 .array/port v0xba9e109dc910, 4855;
v0xba9e109dc910_4856 .array/port v0xba9e109dc910, 4856;
E_0xba9e109e1c10/1215 .event anyedge, v0xba9e109dc910_4853, v0xba9e109dc910_4854, v0xba9e109dc910_4855, v0xba9e109dc910_4856;
v0xba9e109dc910_4857 .array/port v0xba9e109dc910, 4857;
v0xba9e109dc910_4858 .array/port v0xba9e109dc910, 4858;
v0xba9e109dc910_4859 .array/port v0xba9e109dc910, 4859;
v0xba9e109dc910_4860 .array/port v0xba9e109dc910, 4860;
E_0xba9e109e1c10/1216 .event anyedge, v0xba9e109dc910_4857, v0xba9e109dc910_4858, v0xba9e109dc910_4859, v0xba9e109dc910_4860;
v0xba9e109dc910_4861 .array/port v0xba9e109dc910, 4861;
v0xba9e109dc910_4862 .array/port v0xba9e109dc910, 4862;
v0xba9e109dc910_4863 .array/port v0xba9e109dc910, 4863;
v0xba9e109dc910_4864 .array/port v0xba9e109dc910, 4864;
E_0xba9e109e1c10/1217 .event anyedge, v0xba9e109dc910_4861, v0xba9e109dc910_4862, v0xba9e109dc910_4863, v0xba9e109dc910_4864;
v0xba9e109dc910_4865 .array/port v0xba9e109dc910, 4865;
v0xba9e109dc910_4866 .array/port v0xba9e109dc910, 4866;
v0xba9e109dc910_4867 .array/port v0xba9e109dc910, 4867;
v0xba9e109dc910_4868 .array/port v0xba9e109dc910, 4868;
E_0xba9e109e1c10/1218 .event anyedge, v0xba9e109dc910_4865, v0xba9e109dc910_4866, v0xba9e109dc910_4867, v0xba9e109dc910_4868;
v0xba9e109dc910_4869 .array/port v0xba9e109dc910, 4869;
v0xba9e109dc910_4870 .array/port v0xba9e109dc910, 4870;
v0xba9e109dc910_4871 .array/port v0xba9e109dc910, 4871;
v0xba9e109dc910_4872 .array/port v0xba9e109dc910, 4872;
E_0xba9e109e1c10/1219 .event anyedge, v0xba9e109dc910_4869, v0xba9e109dc910_4870, v0xba9e109dc910_4871, v0xba9e109dc910_4872;
v0xba9e109dc910_4873 .array/port v0xba9e109dc910, 4873;
v0xba9e109dc910_4874 .array/port v0xba9e109dc910, 4874;
v0xba9e109dc910_4875 .array/port v0xba9e109dc910, 4875;
v0xba9e109dc910_4876 .array/port v0xba9e109dc910, 4876;
E_0xba9e109e1c10/1220 .event anyedge, v0xba9e109dc910_4873, v0xba9e109dc910_4874, v0xba9e109dc910_4875, v0xba9e109dc910_4876;
v0xba9e109dc910_4877 .array/port v0xba9e109dc910, 4877;
v0xba9e109dc910_4878 .array/port v0xba9e109dc910, 4878;
v0xba9e109dc910_4879 .array/port v0xba9e109dc910, 4879;
v0xba9e109dc910_4880 .array/port v0xba9e109dc910, 4880;
E_0xba9e109e1c10/1221 .event anyedge, v0xba9e109dc910_4877, v0xba9e109dc910_4878, v0xba9e109dc910_4879, v0xba9e109dc910_4880;
v0xba9e109dc910_4881 .array/port v0xba9e109dc910, 4881;
v0xba9e109dc910_4882 .array/port v0xba9e109dc910, 4882;
v0xba9e109dc910_4883 .array/port v0xba9e109dc910, 4883;
v0xba9e109dc910_4884 .array/port v0xba9e109dc910, 4884;
E_0xba9e109e1c10/1222 .event anyedge, v0xba9e109dc910_4881, v0xba9e109dc910_4882, v0xba9e109dc910_4883, v0xba9e109dc910_4884;
v0xba9e109dc910_4885 .array/port v0xba9e109dc910, 4885;
v0xba9e109dc910_4886 .array/port v0xba9e109dc910, 4886;
v0xba9e109dc910_4887 .array/port v0xba9e109dc910, 4887;
v0xba9e109dc910_4888 .array/port v0xba9e109dc910, 4888;
E_0xba9e109e1c10/1223 .event anyedge, v0xba9e109dc910_4885, v0xba9e109dc910_4886, v0xba9e109dc910_4887, v0xba9e109dc910_4888;
v0xba9e109dc910_4889 .array/port v0xba9e109dc910, 4889;
v0xba9e109dc910_4890 .array/port v0xba9e109dc910, 4890;
v0xba9e109dc910_4891 .array/port v0xba9e109dc910, 4891;
v0xba9e109dc910_4892 .array/port v0xba9e109dc910, 4892;
E_0xba9e109e1c10/1224 .event anyedge, v0xba9e109dc910_4889, v0xba9e109dc910_4890, v0xba9e109dc910_4891, v0xba9e109dc910_4892;
v0xba9e109dc910_4893 .array/port v0xba9e109dc910, 4893;
v0xba9e109dc910_4894 .array/port v0xba9e109dc910, 4894;
v0xba9e109dc910_4895 .array/port v0xba9e109dc910, 4895;
v0xba9e109dc910_4896 .array/port v0xba9e109dc910, 4896;
E_0xba9e109e1c10/1225 .event anyedge, v0xba9e109dc910_4893, v0xba9e109dc910_4894, v0xba9e109dc910_4895, v0xba9e109dc910_4896;
v0xba9e109dc910_4897 .array/port v0xba9e109dc910, 4897;
v0xba9e109dc910_4898 .array/port v0xba9e109dc910, 4898;
v0xba9e109dc910_4899 .array/port v0xba9e109dc910, 4899;
v0xba9e109dc910_4900 .array/port v0xba9e109dc910, 4900;
E_0xba9e109e1c10/1226 .event anyedge, v0xba9e109dc910_4897, v0xba9e109dc910_4898, v0xba9e109dc910_4899, v0xba9e109dc910_4900;
v0xba9e109dc910_4901 .array/port v0xba9e109dc910, 4901;
v0xba9e109dc910_4902 .array/port v0xba9e109dc910, 4902;
v0xba9e109dc910_4903 .array/port v0xba9e109dc910, 4903;
v0xba9e109dc910_4904 .array/port v0xba9e109dc910, 4904;
E_0xba9e109e1c10/1227 .event anyedge, v0xba9e109dc910_4901, v0xba9e109dc910_4902, v0xba9e109dc910_4903, v0xba9e109dc910_4904;
v0xba9e109dc910_4905 .array/port v0xba9e109dc910, 4905;
v0xba9e109dc910_4906 .array/port v0xba9e109dc910, 4906;
v0xba9e109dc910_4907 .array/port v0xba9e109dc910, 4907;
v0xba9e109dc910_4908 .array/port v0xba9e109dc910, 4908;
E_0xba9e109e1c10/1228 .event anyedge, v0xba9e109dc910_4905, v0xba9e109dc910_4906, v0xba9e109dc910_4907, v0xba9e109dc910_4908;
v0xba9e109dc910_4909 .array/port v0xba9e109dc910, 4909;
v0xba9e109dc910_4910 .array/port v0xba9e109dc910, 4910;
v0xba9e109dc910_4911 .array/port v0xba9e109dc910, 4911;
v0xba9e109dc910_4912 .array/port v0xba9e109dc910, 4912;
E_0xba9e109e1c10/1229 .event anyedge, v0xba9e109dc910_4909, v0xba9e109dc910_4910, v0xba9e109dc910_4911, v0xba9e109dc910_4912;
v0xba9e109dc910_4913 .array/port v0xba9e109dc910, 4913;
v0xba9e109dc910_4914 .array/port v0xba9e109dc910, 4914;
v0xba9e109dc910_4915 .array/port v0xba9e109dc910, 4915;
v0xba9e109dc910_4916 .array/port v0xba9e109dc910, 4916;
E_0xba9e109e1c10/1230 .event anyedge, v0xba9e109dc910_4913, v0xba9e109dc910_4914, v0xba9e109dc910_4915, v0xba9e109dc910_4916;
v0xba9e109dc910_4917 .array/port v0xba9e109dc910, 4917;
v0xba9e109dc910_4918 .array/port v0xba9e109dc910, 4918;
v0xba9e109dc910_4919 .array/port v0xba9e109dc910, 4919;
v0xba9e109dc910_4920 .array/port v0xba9e109dc910, 4920;
E_0xba9e109e1c10/1231 .event anyedge, v0xba9e109dc910_4917, v0xba9e109dc910_4918, v0xba9e109dc910_4919, v0xba9e109dc910_4920;
v0xba9e109dc910_4921 .array/port v0xba9e109dc910, 4921;
v0xba9e109dc910_4922 .array/port v0xba9e109dc910, 4922;
v0xba9e109dc910_4923 .array/port v0xba9e109dc910, 4923;
v0xba9e109dc910_4924 .array/port v0xba9e109dc910, 4924;
E_0xba9e109e1c10/1232 .event anyedge, v0xba9e109dc910_4921, v0xba9e109dc910_4922, v0xba9e109dc910_4923, v0xba9e109dc910_4924;
v0xba9e109dc910_4925 .array/port v0xba9e109dc910, 4925;
v0xba9e109dc910_4926 .array/port v0xba9e109dc910, 4926;
v0xba9e109dc910_4927 .array/port v0xba9e109dc910, 4927;
v0xba9e109dc910_4928 .array/port v0xba9e109dc910, 4928;
E_0xba9e109e1c10/1233 .event anyedge, v0xba9e109dc910_4925, v0xba9e109dc910_4926, v0xba9e109dc910_4927, v0xba9e109dc910_4928;
v0xba9e109dc910_4929 .array/port v0xba9e109dc910, 4929;
v0xba9e109dc910_4930 .array/port v0xba9e109dc910, 4930;
v0xba9e109dc910_4931 .array/port v0xba9e109dc910, 4931;
v0xba9e109dc910_4932 .array/port v0xba9e109dc910, 4932;
E_0xba9e109e1c10/1234 .event anyedge, v0xba9e109dc910_4929, v0xba9e109dc910_4930, v0xba9e109dc910_4931, v0xba9e109dc910_4932;
v0xba9e109dc910_4933 .array/port v0xba9e109dc910, 4933;
v0xba9e109dc910_4934 .array/port v0xba9e109dc910, 4934;
v0xba9e109dc910_4935 .array/port v0xba9e109dc910, 4935;
v0xba9e109dc910_4936 .array/port v0xba9e109dc910, 4936;
E_0xba9e109e1c10/1235 .event anyedge, v0xba9e109dc910_4933, v0xba9e109dc910_4934, v0xba9e109dc910_4935, v0xba9e109dc910_4936;
v0xba9e109dc910_4937 .array/port v0xba9e109dc910, 4937;
v0xba9e109dc910_4938 .array/port v0xba9e109dc910, 4938;
v0xba9e109dc910_4939 .array/port v0xba9e109dc910, 4939;
v0xba9e109dc910_4940 .array/port v0xba9e109dc910, 4940;
E_0xba9e109e1c10/1236 .event anyedge, v0xba9e109dc910_4937, v0xba9e109dc910_4938, v0xba9e109dc910_4939, v0xba9e109dc910_4940;
v0xba9e109dc910_4941 .array/port v0xba9e109dc910, 4941;
v0xba9e109dc910_4942 .array/port v0xba9e109dc910, 4942;
v0xba9e109dc910_4943 .array/port v0xba9e109dc910, 4943;
v0xba9e109dc910_4944 .array/port v0xba9e109dc910, 4944;
E_0xba9e109e1c10/1237 .event anyedge, v0xba9e109dc910_4941, v0xba9e109dc910_4942, v0xba9e109dc910_4943, v0xba9e109dc910_4944;
v0xba9e109dc910_4945 .array/port v0xba9e109dc910, 4945;
v0xba9e109dc910_4946 .array/port v0xba9e109dc910, 4946;
v0xba9e109dc910_4947 .array/port v0xba9e109dc910, 4947;
v0xba9e109dc910_4948 .array/port v0xba9e109dc910, 4948;
E_0xba9e109e1c10/1238 .event anyedge, v0xba9e109dc910_4945, v0xba9e109dc910_4946, v0xba9e109dc910_4947, v0xba9e109dc910_4948;
v0xba9e109dc910_4949 .array/port v0xba9e109dc910, 4949;
v0xba9e109dc910_4950 .array/port v0xba9e109dc910, 4950;
v0xba9e109dc910_4951 .array/port v0xba9e109dc910, 4951;
v0xba9e109dc910_4952 .array/port v0xba9e109dc910, 4952;
E_0xba9e109e1c10/1239 .event anyedge, v0xba9e109dc910_4949, v0xba9e109dc910_4950, v0xba9e109dc910_4951, v0xba9e109dc910_4952;
v0xba9e109dc910_4953 .array/port v0xba9e109dc910, 4953;
v0xba9e109dc910_4954 .array/port v0xba9e109dc910, 4954;
v0xba9e109dc910_4955 .array/port v0xba9e109dc910, 4955;
v0xba9e109dc910_4956 .array/port v0xba9e109dc910, 4956;
E_0xba9e109e1c10/1240 .event anyedge, v0xba9e109dc910_4953, v0xba9e109dc910_4954, v0xba9e109dc910_4955, v0xba9e109dc910_4956;
v0xba9e109dc910_4957 .array/port v0xba9e109dc910, 4957;
v0xba9e109dc910_4958 .array/port v0xba9e109dc910, 4958;
v0xba9e109dc910_4959 .array/port v0xba9e109dc910, 4959;
v0xba9e109dc910_4960 .array/port v0xba9e109dc910, 4960;
E_0xba9e109e1c10/1241 .event anyedge, v0xba9e109dc910_4957, v0xba9e109dc910_4958, v0xba9e109dc910_4959, v0xba9e109dc910_4960;
v0xba9e109dc910_4961 .array/port v0xba9e109dc910, 4961;
v0xba9e109dc910_4962 .array/port v0xba9e109dc910, 4962;
v0xba9e109dc910_4963 .array/port v0xba9e109dc910, 4963;
v0xba9e109dc910_4964 .array/port v0xba9e109dc910, 4964;
E_0xba9e109e1c10/1242 .event anyedge, v0xba9e109dc910_4961, v0xba9e109dc910_4962, v0xba9e109dc910_4963, v0xba9e109dc910_4964;
v0xba9e109dc910_4965 .array/port v0xba9e109dc910, 4965;
v0xba9e109dc910_4966 .array/port v0xba9e109dc910, 4966;
v0xba9e109dc910_4967 .array/port v0xba9e109dc910, 4967;
v0xba9e109dc910_4968 .array/port v0xba9e109dc910, 4968;
E_0xba9e109e1c10/1243 .event anyedge, v0xba9e109dc910_4965, v0xba9e109dc910_4966, v0xba9e109dc910_4967, v0xba9e109dc910_4968;
v0xba9e109dc910_4969 .array/port v0xba9e109dc910, 4969;
v0xba9e109dc910_4970 .array/port v0xba9e109dc910, 4970;
v0xba9e109dc910_4971 .array/port v0xba9e109dc910, 4971;
v0xba9e109dc910_4972 .array/port v0xba9e109dc910, 4972;
E_0xba9e109e1c10/1244 .event anyedge, v0xba9e109dc910_4969, v0xba9e109dc910_4970, v0xba9e109dc910_4971, v0xba9e109dc910_4972;
v0xba9e109dc910_4973 .array/port v0xba9e109dc910, 4973;
v0xba9e109dc910_4974 .array/port v0xba9e109dc910, 4974;
v0xba9e109dc910_4975 .array/port v0xba9e109dc910, 4975;
v0xba9e109dc910_4976 .array/port v0xba9e109dc910, 4976;
E_0xba9e109e1c10/1245 .event anyedge, v0xba9e109dc910_4973, v0xba9e109dc910_4974, v0xba9e109dc910_4975, v0xba9e109dc910_4976;
v0xba9e109dc910_4977 .array/port v0xba9e109dc910, 4977;
v0xba9e109dc910_4978 .array/port v0xba9e109dc910, 4978;
v0xba9e109dc910_4979 .array/port v0xba9e109dc910, 4979;
v0xba9e109dc910_4980 .array/port v0xba9e109dc910, 4980;
E_0xba9e109e1c10/1246 .event anyedge, v0xba9e109dc910_4977, v0xba9e109dc910_4978, v0xba9e109dc910_4979, v0xba9e109dc910_4980;
v0xba9e109dc910_4981 .array/port v0xba9e109dc910, 4981;
v0xba9e109dc910_4982 .array/port v0xba9e109dc910, 4982;
v0xba9e109dc910_4983 .array/port v0xba9e109dc910, 4983;
v0xba9e109dc910_4984 .array/port v0xba9e109dc910, 4984;
E_0xba9e109e1c10/1247 .event anyedge, v0xba9e109dc910_4981, v0xba9e109dc910_4982, v0xba9e109dc910_4983, v0xba9e109dc910_4984;
v0xba9e109dc910_4985 .array/port v0xba9e109dc910, 4985;
v0xba9e109dc910_4986 .array/port v0xba9e109dc910, 4986;
v0xba9e109dc910_4987 .array/port v0xba9e109dc910, 4987;
v0xba9e109dc910_4988 .array/port v0xba9e109dc910, 4988;
E_0xba9e109e1c10/1248 .event anyedge, v0xba9e109dc910_4985, v0xba9e109dc910_4986, v0xba9e109dc910_4987, v0xba9e109dc910_4988;
v0xba9e109dc910_4989 .array/port v0xba9e109dc910, 4989;
v0xba9e109dc910_4990 .array/port v0xba9e109dc910, 4990;
v0xba9e109dc910_4991 .array/port v0xba9e109dc910, 4991;
v0xba9e109dc910_4992 .array/port v0xba9e109dc910, 4992;
E_0xba9e109e1c10/1249 .event anyedge, v0xba9e109dc910_4989, v0xba9e109dc910_4990, v0xba9e109dc910_4991, v0xba9e109dc910_4992;
v0xba9e109dc910_4993 .array/port v0xba9e109dc910, 4993;
v0xba9e109dc910_4994 .array/port v0xba9e109dc910, 4994;
v0xba9e109dc910_4995 .array/port v0xba9e109dc910, 4995;
v0xba9e109dc910_4996 .array/port v0xba9e109dc910, 4996;
E_0xba9e109e1c10/1250 .event anyedge, v0xba9e109dc910_4993, v0xba9e109dc910_4994, v0xba9e109dc910_4995, v0xba9e109dc910_4996;
v0xba9e109dc910_4997 .array/port v0xba9e109dc910, 4997;
v0xba9e109dc910_4998 .array/port v0xba9e109dc910, 4998;
v0xba9e109dc910_4999 .array/port v0xba9e109dc910, 4999;
v0xba9e109dc910_5000 .array/port v0xba9e109dc910, 5000;
E_0xba9e109e1c10/1251 .event anyedge, v0xba9e109dc910_4997, v0xba9e109dc910_4998, v0xba9e109dc910_4999, v0xba9e109dc910_5000;
v0xba9e109dc910_5001 .array/port v0xba9e109dc910, 5001;
v0xba9e109dc910_5002 .array/port v0xba9e109dc910, 5002;
v0xba9e109dc910_5003 .array/port v0xba9e109dc910, 5003;
v0xba9e109dc910_5004 .array/port v0xba9e109dc910, 5004;
E_0xba9e109e1c10/1252 .event anyedge, v0xba9e109dc910_5001, v0xba9e109dc910_5002, v0xba9e109dc910_5003, v0xba9e109dc910_5004;
v0xba9e109dc910_5005 .array/port v0xba9e109dc910, 5005;
v0xba9e109dc910_5006 .array/port v0xba9e109dc910, 5006;
v0xba9e109dc910_5007 .array/port v0xba9e109dc910, 5007;
v0xba9e109dc910_5008 .array/port v0xba9e109dc910, 5008;
E_0xba9e109e1c10/1253 .event anyedge, v0xba9e109dc910_5005, v0xba9e109dc910_5006, v0xba9e109dc910_5007, v0xba9e109dc910_5008;
v0xba9e109dc910_5009 .array/port v0xba9e109dc910, 5009;
v0xba9e109dc910_5010 .array/port v0xba9e109dc910, 5010;
v0xba9e109dc910_5011 .array/port v0xba9e109dc910, 5011;
v0xba9e109dc910_5012 .array/port v0xba9e109dc910, 5012;
E_0xba9e109e1c10/1254 .event anyedge, v0xba9e109dc910_5009, v0xba9e109dc910_5010, v0xba9e109dc910_5011, v0xba9e109dc910_5012;
v0xba9e109dc910_5013 .array/port v0xba9e109dc910, 5013;
v0xba9e109dc910_5014 .array/port v0xba9e109dc910, 5014;
v0xba9e109dc910_5015 .array/port v0xba9e109dc910, 5015;
v0xba9e109dc910_5016 .array/port v0xba9e109dc910, 5016;
E_0xba9e109e1c10/1255 .event anyedge, v0xba9e109dc910_5013, v0xba9e109dc910_5014, v0xba9e109dc910_5015, v0xba9e109dc910_5016;
v0xba9e109dc910_5017 .array/port v0xba9e109dc910, 5017;
v0xba9e109dc910_5018 .array/port v0xba9e109dc910, 5018;
v0xba9e109dc910_5019 .array/port v0xba9e109dc910, 5019;
v0xba9e109dc910_5020 .array/port v0xba9e109dc910, 5020;
E_0xba9e109e1c10/1256 .event anyedge, v0xba9e109dc910_5017, v0xba9e109dc910_5018, v0xba9e109dc910_5019, v0xba9e109dc910_5020;
v0xba9e109dc910_5021 .array/port v0xba9e109dc910, 5021;
v0xba9e109dc910_5022 .array/port v0xba9e109dc910, 5022;
v0xba9e109dc910_5023 .array/port v0xba9e109dc910, 5023;
v0xba9e109dc910_5024 .array/port v0xba9e109dc910, 5024;
E_0xba9e109e1c10/1257 .event anyedge, v0xba9e109dc910_5021, v0xba9e109dc910_5022, v0xba9e109dc910_5023, v0xba9e109dc910_5024;
v0xba9e109dc910_5025 .array/port v0xba9e109dc910, 5025;
v0xba9e109dc910_5026 .array/port v0xba9e109dc910, 5026;
v0xba9e109dc910_5027 .array/port v0xba9e109dc910, 5027;
v0xba9e109dc910_5028 .array/port v0xba9e109dc910, 5028;
E_0xba9e109e1c10/1258 .event anyedge, v0xba9e109dc910_5025, v0xba9e109dc910_5026, v0xba9e109dc910_5027, v0xba9e109dc910_5028;
v0xba9e109dc910_5029 .array/port v0xba9e109dc910, 5029;
v0xba9e109dc910_5030 .array/port v0xba9e109dc910, 5030;
v0xba9e109dc910_5031 .array/port v0xba9e109dc910, 5031;
v0xba9e109dc910_5032 .array/port v0xba9e109dc910, 5032;
E_0xba9e109e1c10/1259 .event anyedge, v0xba9e109dc910_5029, v0xba9e109dc910_5030, v0xba9e109dc910_5031, v0xba9e109dc910_5032;
v0xba9e109dc910_5033 .array/port v0xba9e109dc910, 5033;
v0xba9e109dc910_5034 .array/port v0xba9e109dc910, 5034;
v0xba9e109dc910_5035 .array/port v0xba9e109dc910, 5035;
v0xba9e109dc910_5036 .array/port v0xba9e109dc910, 5036;
E_0xba9e109e1c10/1260 .event anyedge, v0xba9e109dc910_5033, v0xba9e109dc910_5034, v0xba9e109dc910_5035, v0xba9e109dc910_5036;
v0xba9e109dc910_5037 .array/port v0xba9e109dc910, 5037;
v0xba9e109dc910_5038 .array/port v0xba9e109dc910, 5038;
v0xba9e109dc910_5039 .array/port v0xba9e109dc910, 5039;
v0xba9e109dc910_5040 .array/port v0xba9e109dc910, 5040;
E_0xba9e109e1c10/1261 .event anyedge, v0xba9e109dc910_5037, v0xba9e109dc910_5038, v0xba9e109dc910_5039, v0xba9e109dc910_5040;
v0xba9e109dc910_5041 .array/port v0xba9e109dc910, 5041;
v0xba9e109dc910_5042 .array/port v0xba9e109dc910, 5042;
v0xba9e109dc910_5043 .array/port v0xba9e109dc910, 5043;
v0xba9e109dc910_5044 .array/port v0xba9e109dc910, 5044;
E_0xba9e109e1c10/1262 .event anyedge, v0xba9e109dc910_5041, v0xba9e109dc910_5042, v0xba9e109dc910_5043, v0xba9e109dc910_5044;
v0xba9e109dc910_5045 .array/port v0xba9e109dc910, 5045;
v0xba9e109dc910_5046 .array/port v0xba9e109dc910, 5046;
v0xba9e109dc910_5047 .array/port v0xba9e109dc910, 5047;
v0xba9e109dc910_5048 .array/port v0xba9e109dc910, 5048;
E_0xba9e109e1c10/1263 .event anyedge, v0xba9e109dc910_5045, v0xba9e109dc910_5046, v0xba9e109dc910_5047, v0xba9e109dc910_5048;
v0xba9e109dc910_5049 .array/port v0xba9e109dc910, 5049;
v0xba9e109dc910_5050 .array/port v0xba9e109dc910, 5050;
v0xba9e109dc910_5051 .array/port v0xba9e109dc910, 5051;
v0xba9e109dc910_5052 .array/port v0xba9e109dc910, 5052;
E_0xba9e109e1c10/1264 .event anyedge, v0xba9e109dc910_5049, v0xba9e109dc910_5050, v0xba9e109dc910_5051, v0xba9e109dc910_5052;
v0xba9e109dc910_5053 .array/port v0xba9e109dc910, 5053;
v0xba9e109dc910_5054 .array/port v0xba9e109dc910, 5054;
v0xba9e109dc910_5055 .array/port v0xba9e109dc910, 5055;
v0xba9e109dc910_5056 .array/port v0xba9e109dc910, 5056;
E_0xba9e109e1c10/1265 .event anyedge, v0xba9e109dc910_5053, v0xba9e109dc910_5054, v0xba9e109dc910_5055, v0xba9e109dc910_5056;
v0xba9e109dc910_5057 .array/port v0xba9e109dc910, 5057;
v0xba9e109dc910_5058 .array/port v0xba9e109dc910, 5058;
v0xba9e109dc910_5059 .array/port v0xba9e109dc910, 5059;
v0xba9e109dc910_5060 .array/port v0xba9e109dc910, 5060;
E_0xba9e109e1c10/1266 .event anyedge, v0xba9e109dc910_5057, v0xba9e109dc910_5058, v0xba9e109dc910_5059, v0xba9e109dc910_5060;
v0xba9e109dc910_5061 .array/port v0xba9e109dc910, 5061;
v0xba9e109dc910_5062 .array/port v0xba9e109dc910, 5062;
v0xba9e109dc910_5063 .array/port v0xba9e109dc910, 5063;
v0xba9e109dc910_5064 .array/port v0xba9e109dc910, 5064;
E_0xba9e109e1c10/1267 .event anyedge, v0xba9e109dc910_5061, v0xba9e109dc910_5062, v0xba9e109dc910_5063, v0xba9e109dc910_5064;
v0xba9e109dc910_5065 .array/port v0xba9e109dc910, 5065;
v0xba9e109dc910_5066 .array/port v0xba9e109dc910, 5066;
v0xba9e109dc910_5067 .array/port v0xba9e109dc910, 5067;
v0xba9e109dc910_5068 .array/port v0xba9e109dc910, 5068;
E_0xba9e109e1c10/1268 .event anyedge, v0xba9e109dc910_5065, v0xba9e109dc910_5066, v0xba9e109dc910_5067, v0xba9e109dc910_5068;
v0xba9e109dc910_5069 .array/port v0xba9e109dc910, 5069;
v0xba9e109dc910_5070 .array/port v0xba9e109dc910, 5070;
v0xba9e109dc910_5071 .array/port v0xba9e109dc910, 5071;
v0xba9e109dc910_5072 .array/port v0xba9e109dc910, 5072;
E_0xba9e109e1c10/1269 .event anyedge, v0xba9e109dc910_5069, v0xba9e109dc910_5070, v0xba9e109dc910_5071, v0xba9e109dc910_5072;
v0xba9e109dc910_5073 .array/port v0xba9e109dc910, 5073;
v0xba9e109dc910_5074 .array/port v0xba9e109dc910, 5074;
v0xba9e109dc910_5075 .array/port v0xba9e109dc910, 5075;
v0xba9e109dc910_5076 .array/port v0xba9e109dc910, 5076;
E_0xba9e109e1c10/1270 .event anyedge, v0xba9e109dc910_5073, v0xba9e109dc910_5074, v0xba9e109dc910_5075, v0xba9e109dc910_5076;
v0xba9e109dc910_5077 .array/port v0xba9e109dc910, 5077;
v0xba9e109dc910_5078 .array/port v0xba9e109dc910, 5078;
v0xba9e109dc910_5079 .array/port v0xba9e109dc910, 5079;
v0xba9e109dc910_5080 .array/port v0xba9e109dc910, 5080;
E_0xba9e109e1c10/1271 .event anyedge, v0xba9e109dc910_5077, v0xba9e109dc910_5078, v0xba9e109dc910_5079, v0xba9e109dc910_5080;
v0xba9e109dc910_5081 .array/port v0xba9e109dc910, 5081;
v0xba9e109dc910_5082 .array/port v0xba9e109dc910, 5082;
v0xba9e109dc910_5083 .array/port v0xba9e109dc910, 5083;
v0xba9e109dc910_5084 .array/port v0xba9e109dc910, 5084;
E_0xba9e109e1c10/1272 .event anyedge, v0xba9e109dc910_5081, v0xba9e109dc910_5082, v0xba9e109dc910_5083, v0xba9e109dc910_5084;
v0xba9e109dc910_5085 .array/port v0xba9e109dc910, 5085;
v0xba9e109dc910_5086 .array/port v0xba9e109dc910, 5086;
v0xba9e109dc910_5087 .array/port v0xba9e109dc910, 5087;
v0xba9e109dc910_5088 .array/port v0xba9e109dc910, 5088;
E_0xba9e109e1c10/1273 .event anyedge, v0xba9e109dc910_5085, v0xba9e109dc910_5086, v0xba9e109dc910_5087, v0xba9e109dc910_5088;
v0xba9e109dc910_5089 .array/port v0xba9e109dc910, 5089;
v0xba9e109dc910_5090 .array/port v0xba9e109dc910, 5090;
v0xba9e109dc910_5091 .array/port v0xba9e109dc910, 5091;
v0xba9e109dc910_5092 .array/port v0xba9e109dc910, 5092;
E_0xba9e109e1c10/1274 .event anyedge, v0xba9e109dc910_5089, v0xba9e109dc910_5090, v0xba9e109dc910_5091, v0xba9e109dc910_5092;
v0xba9e109dc910_5093 .array/port v0xba9e109dc910, 5093;
v0xba9e109dc910_5094 .array/port v0xba9e109dc910, 5094;
v0xba9e109dc910_5095 .array/port v0xba9e109dc910, 5095;
v0xba9e109dc910_5096 .array/port v0xba9e109dc910, 5096;
E_0xba9e109e1c10/1275 .event anyedge, v0xba9e109dc910_5093, v0xba9e109dc910_5094, v0xba9e109dc910_5095, v0xba9e109dc910_5096;
v0xba9e109dc910_5097 .array/port v0xba9e109dc910, 5097;
v0xba9e109dc910_5098 .array/port v0xba9e109dc910, 5098;
v0xba9e109dc910_5099 .array/port v0xba9e109dc910, 5099;
v0xba9e109dc910_5100 .array/port v0xba9e109dc910, 5100;
E_0xba9e109e1c10/1276 .event anyedge, v0xba9e109dc910_5097, v0xba9e109dc910_5098, v0xba9e109dc910_5099, v0xba9e109dc910_5100;
v0xba9e109dc910_5101 .array/port v0xba9e109dc910, 5101;
v0xba9e109dc910_5102 .array/port v0xba9e109dc910, 5102;
v0xba9e109dc910_5103 .array/port v0xba9e109dc910, 5103;
v0xba9e109dc910_5104 .array/port v0xba9e109dc910, 5104;
E_0xba9e109e1c10/1277 .event anyedge, v0xba9e109dc910_5101, v0xba9e109dc910_5102, v0xba9e109dc910_5103, v0xba9e109dc910_5104;
v0xba9e109dc910_5105 .array/port v0xba9e109dc910, 5105;
v0xba9e109dc910_5106 .array/port v0xba9e109dc910, 5106;
v0xba9e109dc910_5107 .array/port v0xba9e109dc910, 5107;
v0xba9e109dc910_5108 .array/port v0xba9e109dc910, 5108;
E_0xba9e109e1c10/1278 .event anyedge, v0xba9e109dc910_5105, v0xba9e109dc910_5106, v0xba9e109dc910_5107, v0xba9e109dc910_5108;
v0xba9e109dc910_5109 .array/port v0xba9e109dc910, 5109;
v0xba9e109dc910_5110 .array/port v0xba9e109dc910, 5110;
v0xba9e109dc910_5111 .array/port v0xba9e109dc910, 5111;
v0xba9e109dc910_5112 .array/port v0xba9e109dc910, 5112;
E_0xba9e109e1c10/1279 .event anyedge, v0xba9e109dc910_5109, v0xba9e109dc910_5110, v0xba9e109dc910_5111, v0xba9e109dc910_5112;
v0xba9e109dc910_5113 .array/port v0xba9e109dc910, 5113;
v0xba9e109dc910_5114 .array/port v0xba9e109dc910, 5114;
v0xba9e109dc910_5115 .array/port v0xba9e109dc910, 5115;
v0xba9e109dc910_5116 .array/port v0xba9e109dc910, 5116;
E_0xba9e109e1c10/1280 .event anyedge, v0xba9e109dc910_5113, v0xba9e109dc910_5114, v0xba9e109dc910_5115, v0xba9e109dc910_5116;
v0xba9e109dc910_5117 .array/port v0xba9e109dc910, 5117;
v0xba9e109dc910_5118 .array/port v0xba9e109dc910, 5118;
v0xba9e109dc910_5119 .array/port v0xba9e109dc910, 5119;
v0xba9e109dc910_5120 .array/port v0xba9e109dc910, 5120;
E_0xba9e109e1c10/1281 .event anyedge, v0xba9e109dc910_5117, v0xba9e109dc910_5118, v0xba9e109dc910_5119, v0xba9e109dc910_5120;
v0xba9e109dc910_5121 .array/port v0xba9e109dc910, 5121;
v0xba9e109dc910_5122 .array/port v0xba9e109dc910, 5122;
v0xba9e109dc910_5123 .array/port v0xba9e109dc910, 5123;
v0xba9e109dc910_5124 .array/port v0xba9e109dc910, 5124;
E_0xba9e109e1c10/1282 .event anyedge, v0xba9e109dc910_5121, v0xba9e109dc910_5122, v0xba9e109dc910_5123, v0xba9e109dc910_5124;
v0xba9e109dc910_5125 .array/port v0xba9e109dc910, 5125;
v0xba9e109dc910_5126 .array/port v0xba9e109dc910, 5126;
v0xba9e109dc910_5127 .array/port v0xba9e109dc910, 5127;
v0xba9e109dc910_5128 .array/port v0xba9e109dc910, 5128;
E_0xba9e109e1c10/1283 .event anyedge, v0xba9e109dc910_5125, v0xba9e109dc910_5126, v0xba9e109dc910_5127, v0xba9e109dc910_5128;
v0xba9e109dc910_5129 .array/port v0xba9e109dc910, 5129;
v0xba9e109dc910_5130 .array/port v0xba9e109dc910, 5130;
v0xba9e109dc910_5131 .array/port v0xba9e109dc910, 5131;
v0xba9e109dc910_5132 .array/port v0xba9e109dc910, 5132;
E_0xba9e109e1c10/1284 .event anyedge, v0xba9e109dc910_5129, v0xba9e109dc910_5130, v0xba9e109dc910_5131, v0xba9e109dc910_5132;
v0xba9e109dc910_5133 .array/port v0xba9e109dc910, 5133;
v0xba9e109dc910_5134 .array/port v0xba9e109dc910, 5134;
v0xba9e109dc910_5135 .array/port v0xba9e109dc910, 5135;
v0xba9e109dc910_5136 .array/port v0xba9e109dc910, 5136;
E_0xba9e109e1c10/1285 .event anyedge, v0xba9e109dc910_5133, v0xba9e109dc910_5134, v0xba9e109dc910_5135, v0xba9e109dc910_5136;
v0xba9e109dc910_5137 .array/port v0xba9e109dc910, 5137;
v0xba9e109dc910_5138 .array/port v0xba9e109dc910, 5138;
v0xba9e109dc910_5139 .array/port v0xba9e109dc910, 5139;
v0xba9e109dc910_5140 .array/port v0xba9e109dc910, 5140;
E_0xba9e109e1c10/1286 .event anyedge, v0xba9e109dc910_5137, v0xba9e109dc910_5138, v0xba9e109dc910_5139, v0xba9e109dc910_5140;
v0xba9e109dc910_5141 .array/port v0xba9e109dc910, 5141;
v0xba9e109dc910_5142 .array/port v0xba9e109dc910, 5142;
v0xba9e109dc910_5143 .array/port v0xba9e109dc910, 5143;
v0xba9e109dc910_5144 .array/port v0xba9e109dc910, 5144;
E_0xba9e109e1c10/1287 .event anyedge, v0xba9e109dc910_5141, v0xba9e109dc910_5142, v0xba9e109dc910_5143, v0xba9e109dc910_5144;
v0xba9e109dc910_5145 .array/port v0xba9e109dc910, 5145;
v0xba9e109dc910_5146 .array/port v0xba9e109dc910, 5146;
v0xba9e109dc910_5147 .array/port v0xba9e109dc910, 5147;
v0xba9e109dc910_5148 .array/port v0xba9e109dc910, 5148;
E_0xba9e109e1c10/1288 .event anyedge, v0xba9e109dc910_5145, v0xba9e109dc910_5146, v0xba9e109dc910_5147, v0xba9e109dc910_5148;
v0xba9e109dc910_5149 .array/port v0xba9e109dc910, 5149;
v0xba9e109dc910_5150 .array/port v0xba9e109dc910, 5150;
v0xba9e109dc910_5151 .array/port v0xba9e109dc910, 5151;
v0xba9e109dc910_5152 .array/port v0xba9e109dc910, 5152;
E_0xba9e109e1c10/1289 .event anyedge, v0xba9e109dc910_5149, v0xba9e109dc910_5150, v0xba9e109dc910_5151, v0xba9e109dc910_5152;
v0xba9e109dc910_5153 .array/port v0xba9e109dc910, 5153;
v0xba9e109dc910_5154 .array/port v0xba9e109dc910, 5154;
v0xba9e109dc910_5155 .array/port v0xba9e109dc910, 5155;
v0xba9e109dc910_5156 .array/port v0xba9e109dc910, 5156;
E_0xba9e109e1c10/1290 .event anyedge, v0xba9e109dc910_5153, v0xba9e109dc910_5154, v0xba9e109dc910_5155, v0xba9e109dc910_5156;
v0xba9e109dc910_5157 .array/port v0xba9e109dc910, 5157;
v0xba9e109dc910_5158 .array/port v0xba9e109dc910, 5158;
v0xba9e109dc910_5159 .array/port v0xba9e109dc910, 5159;
v0xba9e109dc910_5160 .array/port v0xba9e109dc910, 5160;
E_0xba9e109e1c10/1291 .event anyedge, v0xba9e109dc910_5157, v0xba9e109dc910_5158, v0xba9e109dc910_5159, v0xba9e109dc910_5160;
v0xba9e109dc910_5161 .array/port v0xba9e109dc910, 5161;
v0xba9e109dc910_5162 .array/port v0xba9e109dc910, 5162;
v0xba9e109dc910_5163 .array/port v0xba9e109dc910, 5163;
v0xba9e109dc910_5164 .array/port v0xba9e109dc910, 5164;
E_0xba9e109e1c10/1292 .event anyedge, v0xba9e109dc910_5161, v0xba9e109dc910_5162, v0xba9e109dc910_5163, v0xba9e109dc910_5164;
v0xba9e109dc910_5165 .array/port v0xba9e109dc910, 5165;
v0xba9e109dc910_5166 .array/port v0xba9e109dc910, 5166;
v0xba9e109dc910_5167 .array/port v0xba9e109dc910, 5167;
v0xba9e109dc910_5168 .array/port v0xba9e109dc910, 5168;
E_0xba9e109e1c10/1293 .event anyedge, v0xba9e109dc910_5165, v0xba9e109dc910_5166, v0xba9e109dc910_5167, v0xba9e109dc910_5168;
v0xba9e109dc910_5169 .array/port v0xba9e109dc910, 5169;
v0xba9e109dc910_5170 .array/port v0xba9e109dc910, 5170;
v0xba9e109dc910_5171 .array/port v0xba9e109dc910, 5171;
v0xba9e109dc910_5172 .array/port v0xba9e109dc910, 5172;
E_0xba9e109e1c10/1294 .event anyedge, v0xba9e109dc910_5169, v0xba9e109dc910_5170, v0xba9e109dc910_5171, v0xba9e109dc910_5172;
v0xba9e109dc910_5173 .array/port v0xba9e109dc910, 5173;
v0xba9e109dc910_5174 .array/port v0xba9e109dc910, 5174;
v0xba9e109dc910_5175 .array/port v0xba9e109dc910, 5175;
v0xba9e109dc910_5176 .array/port v0xba9e109dc910, 5176;
E_0xba9e109e1c10/1295 .event anyedge, v0xba9e109dc910_5173, v0xba9e109dc910_5174, v0xba9e109dc910_5175, v0xba9e109dc910_5176;
v0xba9e109dc910_5177 .array/port v0xba9e109dc910, 5177;
v0xba9e109dc910_5178 .array/port v0xba9e109dc910, 5178;
v0xba9e109dc910_5179 .array/port v0xba9e109dc910, 5179;
v0xba9e109dc910_5180 .array/port v0xba9e109dc910, 5180;
E_0xba9e109e1c10/1296 .event anyedge, v0xba9e109dc910_5177, v0xba9e109dc910_5178, v0xba9e109dc910_5179, v0xba9e109dc910_5180;
v0xba9e109dc910_5181 .array/port v0xba9e109dc910, 5181;
v0xba9e109dc910_5182 .array/port v0xba9e109dc910, 5182;
v0xba9e109dc910_5183 .array/port v0xba9e109dc910, 5183;
v0xba9e109dc910_5184 .array/port v0xba9e109dc910, 5184;
E_0xba9e109e1c10/1297 .event anyedge, v0xba9e109dc910_5181, v0xba9e109dc910_5182, v0xba9e109dc910_5183, v0xba9e109dc910_5184;
v0xba9e109dc910_5185 .array/port v0xba9e109dc910, 5185;
v0xba9e109dc910_5186 .array/port v0xba9e109dc910, 5186;
v0xba9e109dc910_5187 .array/port v0xba9e109dc910, 5187;
v0xba9e109dc910_5188 .array/port v0xba9e109dc910, 5188;
E_0xba9e109e1c10/1298 .event anyedge, v0xba9e109dc910_5185, v0xba9e109dc910_5186, v0xba9e109dc910_5187, v0xba9e109dc910_5188;
v0xba9e109dc910_5189 .array/port v0xba9e109dc910, 5189;
v0xba9e109dc910_5190 .array/port v0xba9e109dc910, 5190;
v0xba9e109dc910_5191 .array/port v0xba9e109dc910, 5191;
v0xba9e109dc910_5192 .array/port v0xba9e109dc910, 5192;
E_0xba9e109e1c10/1299 .event anyedge, v0xba9e109dc910_5189, v0xba9e109dc910_5190, v0xba9e109dc910_5191, v0xba9e109dc910_5192;
v0xba9e109dc910_5193 .array/port v0xba9e109dc910, 5193;
v0xba9e109dc910_5194 .array/port v0xba9e109dc910, 5194;
v0xba9e109dc910_5195 .array/port v0xba9e109dc910, 5195;
v0xba9e109dc910_5196 .array/port v0xba9e109dc910, 5196;
E_0xba9e109e1c10/1300 .event anyedge, v0xba9e109dc910_5193, v0xba9e109dc910_5194, v0xba9e109dc910_5195, v0xba9e109dc910_5196;
v0xba9e109dc910_5197 .array/port v0xba9e109dc910, 5197;
v0xba9e109dc910_5198 .array/port v0xba9e109dc910, 5198;
v0xba9e109dc910_5199 .array/port v0xba9e109dc910, 5199;
v0xba9e109dc910_5200 .array/port v0xba9e109dc910, 5200;
E_0xba9e109e1c10/1301 .event anyedge, v0xba9e109dc910_5197, v0xba9e109dc910_5198, v0xba9e109dc910_5199, v0xba9e109dc910_5200;
v0xba9e109dc910_5201 .array/port v0xba9e109dc910, 5201;
v0xba9e109dc910_5202 .array/port v0xba9e109dc910, 5202;
v0xba9e109dc910_5203 .array/port v0xba9e109dc910, 5203;
v0xba9e109dc910_5204 .array/port v0xba9e109dc910, 5204;
E_0xba9e109e1c10/1302 .event anyedge, v0xba9e109dc910_5201, v0xba9e109dc910_5202, v0xba9e109dc910_5203, v0xba9e109dc910_5204;
v0xba9e109dc910_5205 .array/port v0xba9e109dc910, 5205;
v0xba9e109dc910_5206 .array/port v0xba9e109dc910, 5206;
v0xba9e109dc910_5207 .array/port v0xba9e109dc910, 5207;
v0xba9e109dc910_5208 .array/port v0xba9e109dc910, 5208;
E_0xba9e109e1c10/1303 .event anyedge, v0xba9e109dc910_5205, v0xba9e109dc910_5206, v0xba9e109dc910_5207, v0xba9e109dc910_5208;
v0xba9e109dc910_5209 .array/port v0xba9e109dc910, 5209;
v0xba9e109dc910_5210 .array/port v0xba9e109dc910, 5210;
v0xba9e109dc910_5211 .array/port v0xba9e109dc910, 5211;
v0xba9e109dc910_5212 .array/port v0xba9e109dc910, 5212;
E_0xba9e109e1c10/1304 .event anyedge, v0xba9e109dc910_5209, v0xba9e109dc910_5210, v0xba9e109dc910_5211, v0xba9e109dc910_5212;
v0xba9e109dc910_5213 .array/port v0xba9e109dc910, 5213;
v0xba9e109dc910_5214 .array/port v0xba9e109dc910, 5214;
v0xba9e109dc910_5215 .array/port v0xba9e109dc910, 5215;
v0xba9e109dc910_5216 .array/port v0xba9e109dc910, 5216;
E_0xba9e109e1c10/1305 .event anyedge, v0xba9e109dc910_5213, v0xba9e109dc910_5214, v0xba9e109dc910_5215, v0xba9e109dc910_5216;
v0xba9e109dc910_5217 .array/port v0xba9e109dc910, 5217;
v0xba9e109dc910_5218 .array/port v0xba9e109dc910, 5218;
v0xba9e109dc910_5219 .array/port v0xba9e109dc910, 5219;
v0xba9e109dc910_5220 .array/port v0xba9e109dc910, 5220;
E_0xba9e109e1c10/1306 .event anyedge, v0xba9e109dc910_5217, v0xba9e109dc910_5218, v0xba9e109dc910_5219, v0xba9e109dc910_5220;
v0xba9e109dc910_5221 .array/port v0xba9e109dc910, 5221;
v0xba9e109dc910_5222 .array/port v0xba9e109dc910, 5222;
v0xba9e109dc910_5223 .array/port v0xba9e109dc910, 5223;
v0xba9e109dc910_5224 .array/port v0xba9e109dc910, 5224;
E_0xba9e109e1c10/1307 .event anyedge, v0xba9e109dc910_5221, v0xba9e109dc910_5222, v0xba9e109dc910_5223, v0xba9e109dc910_5224;
v0xba9e109dc910_5225 .array/port v0xba9e109dc910, 5225;
v0xba9e109dc910_5226 .array/port v0xba9e109dc910, 5226;
v0xba9e109dc910_5227 .array/port v0xba9e109dc910, 5227;
v0xba9e109dc910_5228 .array/port v0xba9e109dc910, 5228;
E_0xba9e109e1c10/1308 .event anyedge, v0xba9e109dc910_5225, v0xba9e109dc910_5226, v0xba9e109dc910_5227, v0xba9e109dc910_5228;
v0xba9e109dc910_5229 .array/port v0xba9e109dc910, 5229;
v0xba9e109dc910_5230 .array/port v0xba9e109dc910, 5230;
v0xba9e109dc910_5231 .array/port v0xba9e109dc910, 5231;
v0xba9e109dc910_5232 .array/port v0xba9e109dc910, 5232;
E_0xba9e109e1c10/1309 .event anyedge, v0xba9e109dc910_5229, v0xba9e109dc910_5230, v0xba9e109dc910_5231, v0xba9e109dc910_5232;
v0xba9e109dc910_5233 .array/port v0xba9e109dc910, 5233;
v0xba9e109dc910_5234 .array/port v0xba9e109dc910, 5234;
v0xba9e109dc910_5235 .array/port v0xba9e109dc910, 5235;
v0xba9e109dc910_5236 .array/port v0xba9e109dc910, 5236;
E_0xba9e109e1c10/1310 .event anyedge, v0xba9e109dc910_5233, v0xba9e109dc910_5234, v0xba9e109dc910_5235, v0xba9e109dc910_5236;
v0xba9e109dc910_5237 .array/port v0xba9e109dc910, 5237;
v0xba9e109dc910_5238 .array/port v0xba9e109dc910, 5238;
v0xba9e109dc910_5239 .array/port v0xba9e109dc910, 5239;
v0xba9e109dc910_5240 .array/port v0xba9e109dc910, 5240;
E_0xba9e109e1c10/1311 .event anyedge, v0xba9e109dc910_5237, v0xba9e109dc910_5238, v0xba9e109dc910_5239, v0xba9e109dc910_5240;
v0xba9e109dc910_5241 .array/port v0xba9e109dc910, 5241;
v0xba9e109dc910_5242 .array/port v0xba9e109dc910, 5242;
v0xba9e109dc910_5243 .array/port v0xba9e109dc910, 5243;
v0xba9e109dc910_5244 .array/port v0xba9e109dc910, 5244;
E_0xba9e109e1c10/1312 .event anyedge, v0xba9e109dc910_5241, v0xba9e109dc910_5242, v0xba9e109dc910_5243, v0xba9e109dc910_5244;
v0xba9e109dc910_5245 .array/port v0xba9e109dc910, 5245;
v0xba9e109dc910_5246 .array/port v0xba9e109dc910, 5246;
v0xba9e109dc910_5247 .array/port v0xba9e109dc910, 5247;
v0xba9e109dc910_5248 .array/port v0xba9e109dc910, 5248;
E_0xba9e109e1c10/1313 .event anyedge, v0xba9e109dc910_5245, v0xba9e109dc910_5246, v0xba9e109dc910_5247, v0xba9e109dc910_5248;
v0xba9e109dc910_5249 .array/port v0xba9e109dc910, 5249;
v0xba9e109dc910_5250 .array/port v0xba9e109dc910, 5250;
v0xba9e109dc910_5251 .array/port v0xba9e109dc910, 5251;
v0xba9e109dc910_5252 .array/port v0xba9e109dc910, 5252;
E_0xba9e109e1c10/1314 .event anyedge, v0xba9e109dc910_5249, v0xba9e109dc910_5250, v0xba9e109dc910_5251, v0xba9e109dc910_5252;
v0xba9e109dc910_5253 .array/port v0xba9e109dc910, 5253;
v0xba9e109dc910_5254 .array/port v0xba9e109dc910, 5254;
v0xba9e109dc910_5255 .array/port v0xba9e109dc910, 5255;
v0xba9e109dc910_5256 .array/port v0xba9e109dc910, 5256;
E_0xba9e109e1c10/1315 .event anyedge, v0xba9e109dc910_5253, v0xba9e109dc910_5254, v0xba9e109dc910_5255, v0xba9e109dc910_5256;
v0xba9e109dc910_5257 .array/port v0xba9e109dc910, 5257;
v0xba9e109dc910_5258 .array/port v0xba9e109dc910, 5258;
v0xba9e109dc910_5259 .array/port v0xba9e109dc910, 5259;
v0xba9e109dc910_5260 .array/port v0xba9e109dc910, 5260;
E_0xba9e109e1c10/1316 .event anyedge, v0xba9e109dc910_5257, v0xba9e109dc910_5258, v0xba9e109dc910_5259, v0xba9e109dc910_5260;
v0xba9e109dc910_5261 .array/port v0xba9e109dc910, 5261;
v0xba9e109dc910_5262 .array/port v0xba9e109dc910, 5262;
v0xba9e109dc910_5263 .array/port v0xba9e109dc910, 5263;
v0xba9e109dc910_5264 .array/port v0xba9e109dc910, 5264;
E_0xba9e109e1c10/1317 .event anyedge, v0xba9e109dc910_5261, v0xba9e109dc910_5262, v0xba9e109dc910_5263, v0xba9e109dc910_5264;
v0xba9e109dc910_5265 .array/port v0xba9e109dc910, 5265;
v0xba9e109dc910_5266 .array/port v0xba9e109dc910, 5266;
v0xba9e109dc910_5267 .array/port v0xba9e109dc910, 5267;
v0xba9e109dc910_5268 .array/port v0xba9e109dc910, 5268;
E_0xba9e109e1c10/1318 .event anyedge, v0xba9e109dc910_5265, v0xba9e109dc910_5266, v0xba9e109dc910_5267, v0xba9e109dc910_5268;
v0xba9e109dc910_5269 .array/port v0xba9e109dc910, 5269;
v0xba9e109dc910_5270 .array/port v0xba9e109dc910, 5270;
v0xba9e109dc910_5271 .array/port v0xba9e109dc910, 5271;
v0xba9e109dc910_5272 .array/port v0xba9e109dc910, 5272;
E_0xba9e109e1c10/1319 .event anyedge, v0xba9e109dc910_5269, v0xba9e109dc910_5270, v0xba9e109dc910_5271, v0xba9e109dc910_5272;
v0xba9e109dc910_5273 .array/port v0xba9e109dc910, 5273;
v0xba9e109dc910_5274 .array/port v0xba9e109dc910, 5274;
v0xba9e109dc910_5275 .array/port v0xba9e109dc910, 5275;
v0xba9e109dc910_5276 .array/port v0xba9e109dc910, 5276;
E_0xba9e109e1c10/1320 .event anyedge, v0xba9e109dc910_5273, v0xba9e109dc910_5274, v0xba9e109dc910_5275, v0xba9e109dc910_5276;
v0xba9e109dc910_5277 .array/port v0xba9e109dc910, 5277;
v0xba9e109dc910_5278 .array/port v0xba9e109dc910, 5278;
v0xba9e109dc910_5279 .array/port v0xba9e109dc910, 5279;
v0xba9e109dc910_5280 .array/port v0xba9e109dc910, 5280;
E_0xba9e109e1c10/1321 .event anyedge, v0xba9e109dc910_5277, v0xba9e109dc910_5278, v0xba9e109dc910_5279, v0xba9e109dc910_5280;
v0xba9e109dc910_5281 .array/port v0xba9e109dc910, 5281;
v0xba9e109dc910_5282 .array/port v0xba9e109dc910, 5282;
v0xba9e109dc910_5283 .array/port v0xba9e109dc910, 5283;
v0xba9e109dc910_5284 .array/port v0xba9e109dc910, 5284;
E_0xba9e109e1c10/1322 .event anyedge, v0xba9e109dc910_5281, v0xba9e109dc910_5282, v0xba9e109dc910_5283, v0xba9e109dc910_5284;
v0xba9e109dc910_5285 .array/port v0xba9e109dc910, 5285;
v0xba9e109dc910_5286 .array/port v0xba9e109dc910, 5286;
v0xba9e109dc910_5287 .array/port v0xba9e109dc910, 5287;
v0xba9e109dc910_5288 .array/port v0xba9e109dc910, 5288;
E_0xba9e109e1c10/1323 .event anyedge, v0xba9e109dc910_5285, v0xba9e109dc910_5286, v0xba9e109dc910_5287, v0xba9e109dc910_5288;
v0xba9e109dc910_5289 .array/port v0xba9e109dc910, 5289;
v0xba9e109dc910_5290 .array/port v0xba9e109dc910, 5290;
v0xba9e109dc910_5291 .array/port v0xba9e109dc910, 5291;
v0xba9e109dc910_5292 .array/port v0xba9e109dc910, 5292;
E_0xba9e109e1c10/1324 .event anyedge, v0xba9e109dc910_5289, v0xba9e109dc910_5290, v0xba9e109dc910_5291, v0xba9e109dc910_5292;
v0xba9e109dc910_5293 .array/port v0xba9e109dc910, 5293;
v0xba9e109dc910_5294 .array/port v0xba9e109dc910, 5294;
v0xba9e109dc910_5295 .array/port v0xba9e109dc910, 5295;
v0xba9e109dc910_5296 .array/port v0xba9e109dc910, 5296;
E_0xba9e109e1c10/1325 .event anyedge, v0xba9e109dc910_5293, v0xba9e109dc910_5294, v0xba9e109dc910_5295, v0xba9e109dc910_5296;
v0xba9e109dc910_5297 .array/port v0xba9e109dc910, 5297;
v0xba9e109dc910_5298 .array/port v0xba9e109dc910, 5298;
v0xba9e109dc910_5299 .array/port v0xba9e109dc910, 5299;
v0xba9e109dc910_5300 .array/port v0xba9e109dc910, 5300;
E_0xba9e109e1c10/1326 .event anyedge, v0xba9e109dc910_5297, v0xba9e109dc910_5298, v0xba9e109dc910_5299, v0xba9e109dc910_5300;
v0xba9e109dc910_5301 .array/port v0xba9e109dc910, 5301;
v0xba9e109dc910_5302 .array/port v0xba9e109dc910, 5302;
v0xba9e109dc910_5303 .array/port v0xba9e109dc910, 5303;
v0xba9e109dc910_5304 .array/port v0xba9e109dc910, 5304;
E_0xba9e109e1c10/1327 .event anyedge, v0xba9e109dc910_5301, v0xba9e109dc910_5302, v0xba9e109dc910_5303, v0xba9e109dc910_5304;
v0xba9e109dc910_5305 .array/port v0xba9e109dc910, 5305;
v0xba9e109dc910_5306 .array/port v0xba9e109dc910, 5306;
v0xba9e109dc910_5307 .array/port v0xba9e109dc910, 5307;
v0xba9e109dc910_5308 .array/port v0xba9e109dc910, 5308;
E_0xba9e109e1c10/1328 .event anyedge, v0xba9e109dc910_5305, v0xba9e109dc910_5306, v0xba9e109dc910_5307, v0xba9e109dc910_5308;
v0xba9e109dc910_5309 .array/port v0xba9e109dc910, 5309;
v0xba9e109dc910_5310 .array/port v0xba9e109dc910, 5310;
v0xba9e109dc910_5311 .array/port v0xba9e109dc910, 5311;
v0xba9e109dc910_5312 .array/port v0xba9e109dc910, 5312;
E_0xba9e109e1c10/1329 .event anyedge, v0xba9e109dc910_5309, v0xba9e109dc910_5310, v0xba9e109dc910_5311, v0xba9e109dc910_5312;
v0xba9e109dc910_5313 .array/port v0xba9e109dc910, 5313;
v0xba9e109dc910_5314 .array/port v0xba9e109dc910, 5314;
v0xba9e109dc910_5315 .array/port v0xba9e109dc910, 5315;
v0xba9e109dc910_5316 .array/port v0xba9e109dc910, 5316;
E_0xba9e109e1c10/1330 .event anyedge, v0xba9e109dc910_5313, v0xba9e109dc910_5314, v0xba9e109dc910_5315, v0xba9e109dc910_5316;
v0xba9e109dc910_5317 .array/port v0xba9e109dc910, 5317;
v0xba9e109dc910_5318 .array/port v0xba9e109dc910, 5318;
v0xba9e109dc910_5319 .array/port v0xba9e109dc910, 5319;
v0xba9e109dc910_5320 .array/port v0xba9e109dc910, 5320;
E_0xba9e109e1c10/1331 .event anyedge, v0xba9e109dc910_5317, v0xba9e109dc910_5318, v0xba9e109dc910_5319, v0xba9e109dc910_5320;
v0xba9e109dc910_5321 .array/port v0xba9e109dc910, 5321;
v0xba9e109dc910_5322 .array/port v0xba9e109dc910, 5322;
v0xba9e109dc910_5323 .array/port v0xba9e109dc910, 5323;
v0xba9e109dc910_5324 .array/port v0xba9e109dc910, 5324;
E_0xba9e109e1c10/1332 .event anyedge, v0xba9e109dc910_5321, v0xba9e109dc910_5322, v0xba9e109dc910_5323, v0xba9e109dc910_5324;
v0xba9e109dc910_5325 .array/port v0xba9e109dc910, 5325;
v0xba9e109dc910_5326 .array/port v0xba9e109dc910, 5326;
v0xba9e109dc910_5327 .array/port v0xba9e109dc910, 5327;
v0xba9e109dc910_5328 .array/port v0xba9e109dc910, 5328;
E_0xba9e109e1c10/1333 .event anyedge, v0xba9e109dc910_5325, v0xba9e109dc910_5326, v0xba9e109dc910_5327, v0xba9e109dc910_5328;
v0xba9e109dc910_5329 .array/port v0xba9e109dc910, 5329;
v0xba9e109dc910_5330 .array/port v0xba9e109dc910, 5330;
v0xba9e109dc910_5331 .array/port v0xba9e109dc910, 5331;
v0xba9e109dc910_5332 .array/port v0xba9e109dc910, 5332;
E_0xba9e109e1c10/1334 .event anyedge, v0xba9e109dc910_5329, v0xba9e109dc910_5330, v0xba9e109dc910_5331, v0xba9e109dc910_5332;
v0xba9e109dc910_5333 .array/port v0xba9e109dc910, 5333;
v0xba9e109dc910_5334 .array/port v0xba9e109dc910, 5334;
v0xba9e109dc910_5335 .array/port v0xba9e109dc910, 5335;
v0xba9e109dc910_5336 .array/port v0xba9e109dc910, 5336;
E_0xba9e109e1c10/1335 .event anyedge, v0xba9e109dc910_5333, v0xba9e109dc910_5334, v0xba9e109dc910_5335, v0xba9e109dc910_5336;
v0xba9e109dc910_5337 .array/port v0xba9e109dc910, 5337;
v0xba9e109dc910_5338 .array/port v0xba9e109dc910, 5338;
v0xba9e109dc910_5339 .array/port v0xba9e109dc910, 5339;
v0xba9e109dc910_5340 .array/port v0xba9e109dc910, 5340;
E_0xba9e109e1c10/1336 .event anyedge, v0xba9e109dc910_5337, v0xba9e109dc910_5338, v0xba9e109dc910_5339, v0xba9e109dc910_5340;
v0xba9e109dc910_5341 .array/port v0xba9e109dc910, 5341;
v0xba9e109dc910_5342 .array/port v0xba9e109dc910, 5342;
v0xba9e109dc910_5343 .array/port v0xba9e109dc910, 5343;
v0xba9e109dc910_5344 .array/port v0xba9e109dc910, 5344;
E_0xba9e109e1c10/1337 .event anyedge, v0xba9e109dc910_5341, v0xba9e109dc910_5342, v0xba9e109dc910_5343, v0xba9e109dc910_5344;
v0xba9e109dc910_5345 .array/port v0xba9e109dc910, 5345;
v0xba9e109dc910_5346 .array/port v0xba9e109dc910, 5346;
v0xba9e109dc910_5347 .array/port v0xba9e109dc910, 5347;
v0xba9e109dc910_5348 .array/port v0xba9e109dc910, 5348;
E_0xba9e109e1c10/1338 .event anyedge, v0xba9e109dc910_5345, v0xba9e109dc910_5346, v0xba9e109dc910_5347, v0xba9e109dc910_5348;
v0xba9e109dc910_5349 .array/port v0xba9e109dc910, 5349;
v0xba9e109dc910_5350 .array/port v0xba9e109dc910, 5350;
v0xba9e109dc910_5351 .array/port v0xba9e109dc910, 5351;
v0xba9e109dc910_5352 .array/port v0xba9e109dc910, 5352;
E_0xba9e109e1c10/1339 .event anyedge, v0xba9e109dc910_5349, v0xba9e109dc910_5350, v0xba9e109dc910_5351, v0xba9e109dc910_5352;
v0xba9e109dc910_5353 .array/port v0xba9e109dc910, 5353;
v0xba9e109dc910_5354 .array/port v0xba9e109dc910, 5354;
v0xba9e109dc910_5355 .array/port v0xba9e109dc910, 5355;
v0xba9e109dc910_5356 .array/port v0xba9e109dc910, 5356;
E_0xba9e109e1c10/1340 .event anyedge, v0xba9e109dc910_5353, v0xba9e109dc910_5354, v0xba9e109dc910_5355, v0xba9e109dc910_5356;
v0xba9e109dc910_5357 .array/port v0xba9e109dc910, 5357;
v0xba9e109dc910_5358 .array/port v0xba9e109dc910, 5358;
v0xba9e109dc910_5359 .array/port v0xba9e109dc910, 5359;
v0xba9e109dc910_5360 .array/port v0xba9e109dc910, 5360;
E_0xba9e109e1c10/1341 .event anyedge, v0xba9e109dc910_5357, v0xba9e109dc910_5358, v0xba9e109dc910_5359, v0xba9e109dc910_5360;
v0xba9e109dc910_5361 .array/port v0xba9e109dc910, 5361;
v0xba9e109dc910_5362 .array/port v0xba9e109dc910, 5362;
v0xba9e109dc910_5363 .array/port v0xba9e109dc910, 5363;
v0xba9e109dc910_5364 .array/port v0xba9e109dc910, 5364;
E_0xba9e109e1c10/1342 .event anyedge, v0xba9e109dc910_5361, v0xba9e109dc910_5362, v0xba9e109dc910_5363, v0xba9e109dc910_5364;
v0xba9e109dc910_5365 .array/port v0xba9e109dc910, 5365;
v0xba9e109dc910_5366 .array/port v0xba9e109dc910, 5366;
v0xba9e109dc910_5367 .array/port v0xba9e109dc910, 5367;
v0xba9e109dc910_5368 .array/port v0xba9e109dc910, 5368;
E_0xba9e109e1c10/1343 .event anyedge, v0xba9e109dc910_5365, v0xba9e109dc910_5366, v0xba9e109dc910_5367, v0xba9e109dc910_5368;
v0xba9e109dc910_5369 .array/port v0xba9e109dc910, 5369;
v0xba9e109dc910_5370 .array/port v0xba9e109dc910, 5370;
v0xba9e109dc910_5371 .array/port v0xba9e109dc910, 5371;
v0xba9e109dc910_5372 .array/port v0xba9e109dc910, 5372;
E_0xba9e109e1c10/1344 .event anyedge, v0xba9e109dc910_5369, v0xba9e109dc910_5370, v0xba9e109dc910_5371, v0xba9e109dc910_5372;
v0xba9e109dc910_5373 .array/port v0xba9e109dc910, 5373;
v0xba9e109dc910_5374 .array/port v0xba9e109dc910, 5374;
v0xba9e109dc910_5375 .array/port v0xba9e109dc910, 5375;
v0xba9e109dc910_5376 .array/port v0xba9e109dc910, 5376;
E_0xba9e109e1c10/1345 .event anyedge, v0xba9e109dc910_5373, v0xba9e109dc910_5374, v0xba9e109dc910_5375, v0xba9e109dc910_5376;
v0xba9e109dc910_5377 .array/port v0xba9e109dc910, 5377;
v0xba9e109dc910_5378 .array/port v0xba9e109dc910, 5378;
v0xba9e109dc910_5379 .array/port v0xba9e109dc910, 5379;
v0xba9e109dc910_5380 .array/port v0xba9e109dc910, 5380;
E_0xba9e109e1c10/1346 .event anyedge, v0xba9e109dc910_5377, v0xba9e109dc910_5378, v0xba9e109dc910_5379, v0xba9e109dc910_5380;
v0xba9e109dc910_5381 .array/port v0xba9e109dc910, 5381;
v0xba9e109dc910_5382 .array/port v0xba9e109dc910, 5382;
v0xba9e109dc910_5383 .array/port v0xba9e109dc910, 5383;
v0xba9e109dc910_5384 .array/port v0xba9e109dc910, 5384;
E_0xba9e109e1c10/1347 .event anyedge, v0xba9e109dc910_5381, v0xba9e109dc910_5382, v0xba9e109dc910_5383, v0xba9e109dc910_5384;
v0xba9e109dc910_5385 .array/port v0xba9e109dc910, 5385;
v0xba9e109dc910_5386 .array/port v0xba9e109dc910, 5386;
v0xba9e109dc910_5387 .array/port v0xba9e109dc910, 5387;
v0xba9e109dc910_5388 .array/port v0xba9e109dc910, 5388;
E_0xba9e109e1c10/1348 .event anyedge, v0xba9e109dc910_5385, v0xba9e109dc910_5386, v0xba9e109dc910_5387, v0xba9e109dc910_5388;
v0xba9e109dc910_5389 .array/port v0xba9e109dc910, 5389;
v0xba9e109dc910_5390 .array/port v0xba9e109dc910, 5390;
v0xba9e109dc910_5391 .array/port v0xba9e109dc910, 5391;
v0xba9e109dc910_5392 .array/port v0xba9e109dc910, 5392;
E_0xba9e109e1c10/1349 .event anyedge, v0xba9e109dc910_5389, v0xba9e109dc910_5390, v0xba9e109dc910_5391, v0xba9e109dc910_5392;
v0xba9e109dc910_5393 .array/port v0xba9e109dc910, 5393;
v0xba9e109dc910_5394 .array/port v0xba9e109dc910, 5394;
v0xba9e109dc910_5395 .array/port v0xba9e109dc910, 5395;
v0xba9e109dc910_5396 .array/port v0xba9e109dc910, 5396;
E_0xba9e109e1c10/1350 .event anyedge, v0xba9e109dc910_5393, v0xba9e109dc910_5394, v0xba9e109dc910_5395, v0xba9e109dc910_5396;
v0xba9e109dc910_5397 .array/port v0xba9e109dc910, 5397;
v0xba9e109dc910_5398 .array/port v0xba9e109dc910, 5398;
v0xba9e109dc910_5399 .array/port v0xba9e109dc910, 5399;
v0xba9e109dc910_5400 .array/port v0xba9e109dc910, 5400;
E_0xba9e109e1c10/1351 .event anyedge, v0xba9e109dc910_5397, v0xba9e109dc910_5398, v0xba9e109dc910_5399, v0xba9e109dc910_5400;
v0xba9e109dc910_5401 .array/port v0xba9e109dc910, 5401;
v0xba9e109dc910_5402 .array/port v0xba9e109dc910, 5402;
v0xba9e109dc910_5403 .array/port v0xba9e109dc910, 5403;
v0xba9e109dc910_5404 .array/port v0xba9e109dc910, 5404;
E_0xba9e109e1c10/1352 .event anyedge, v0xba9e109dc910_5401, v0xba9e109dc910_5402, v0xba9e109dc910_5403, v0xba9e109dc910_5404;
v0xba9e109dc910_5405 .array/port v0xba9e109dc910, 5405;
v0xba9e109dc910_5406 .array/port v0xba9e109dc910, 5406;
v0xba9e109dc910_5407 .array/port v0xba9e109dc910, 5407;
v0xba9e109dc910_5408 .array/port v0xba9e109dc910, 5408;
E_0xba9e109e1c10/1353 .event anyedge, v0xba9e109dc910_5405, v0xba9e109dc910_5406, v0xba9e109dc910_5407, v0xba9e109dc910_5408;
v0xba9e109dc910_5409 .array/port v0xba9e109dc910, 5409;
v0xba9e109dc910_5410 .array/port v0xba9e109dc910, 5410;
v0xba9e109dc910_5411 .array/port v0xba9e109dc910, 5411;
v0xba9e109dc910_5412 .array/port v0xba9e109dc910, 5412;
E_0xba9e109e1c10/1354 .event anyedge, v0xba9e109dc910_5409, v0xba9e109dc910_5410, v0xba9e109dc910_5411, v0xba9e109dc910_5412;
v0xba9e109dc910_5413 .array/port v0xba9e109dc910, 5413;
v0xba9e109dc910_5414 .array/port v0xba9e109dc910, 5414;
v0xba9e109dc910_5415 .array/port v0xba9e109dc910, 5415;
v0xba9e109dc910_5416 .array/port v0xba9e109dc910, 5416;
E_0xba9e109e1c10/1355 .event anyedge, v0xba9e109dc910_5413, v0xba9e109dc910_5414, v0xba9e109dc910_5415, v0xba9e109dc910_5416;
v0xba9e109dc910_5417 .array/port v0xba9e109dc910, 5417;
v0xba9e109dc910_5418 .array/port v0xba9e109dc910, 5418;
v0xba9e109dc910_5419 .array/port v0xba9e109dc910, 5419;
v0xba9e109dc910_5420 .array/port v0xba9e109dc910, 5420;
E_0xba9e109e1c10/1356 .event anyedge, v0xba9e109dc910_5417, v0xba9e109dc910_5418, v0xba9e109dc910_5419, v0xba9e109dc910_5420;
v0xba9e109dc910_5421 .array/port v0xba9e109dc910, 5421;
v0xba9e109dc910_5422 .array/port v0xba9e109dc910, 5422;
v0xba9e109dc910_5423 .array/port v0xba9e109dc910, 5423;
v0xba9e109dc910_5424 .array/port v0xba9e109dc910, 5424;
E_0xba9e109e1c10/1357 .event anyedge, v0xba9e109dc910_5421, v0xba9e109dc910_5422, v0xba9e109dc910_5423, v0xba9e109dc910_5424;
v0xba9e109dc910_5425 .array/port v0xba9e109dc910, 5425;
v0xba9e109dc910_5426 .array/port v0xba9e109dc910, 5426;
v0xba9e109dc910_5427 .array/port v0xba9e109dc910, 5427;
v0xba9e109dc910_5428 .array/port v0xba9e109dc910, 5428;
E_0xba9e109e1c10/1358 .event anyedge, v0xba9e109dc910_5425, v0xba9e109dc910_5426, v0xba9e109dc910_5427, v0xba9e109dc910_5428;
v0xba9e109dc910_5429 .array/port v0xba9e109dc910, 5429;
v0xba9e109dc910_5430 .array/port v0xba9e109dc910, 5430;
v0xba9e109dc910_5431 .array/port v0xba9e109dc910, 5431;
v0xba9e109dc910_5432 .array/port v0xba9e109dc910, 5432;
E_0xba9e109e1c10/1359 .event anyedge, v0xba9e109dc910_5429, v0xba9e109dc910_5430, v0xba9e109dc910_5431, v0xba9e109dc910_5432;
v0xba9e109dc910_5433 .array/port v0xba9e109dc910, 5433;
v0xba9e109dc910_5434 .array/port v0xba9e109dc910, 5434;
v0xba9e109dc910_5435 .array/port v0xba9e109dc910, 5435;
v0xba9e109dc910_5436 .array/port v0xba9e109dc910, 5436;
E_0xba9e109e1c10/1360 .event anyedge, v0xba9e109dc910_5433, v0xba9e109dc910_5434, v0xba9e109dc910_5435, v0xba9e109dc910_5436;
v0xba9e109dc910_5437 .array/port v0xba9e109dc910, 5437;
v0xba9e109dc910_5438 .array/port v0xba9e109dc910, 5438;
v0xba9e109dc910_5439 .array/port v0xba9e109dc910, 5439;
v0xba9e109dc910_5440 .array/port v0xba9e109dc910, 5440;
E_0xba9e109e1c10/1361 .event anyedge, v0xba9e109dc910_5437, v0xba9e109dc910_5438, v0xba9e109dc910_5439, v0xba9e109dc910_5440;
v0xba9e109dc910_5441 .array/port v0xba9e109dc910, 5441;
v0xba9e109dc910_5442 .array/port v0xba9e109dc910, 5442;
v0xba9e109dc910_5443 .array/port v0xba9e109dc910, 5443;
v0xba9e109dc910_5444 .array/port v0xba9e109dc910, 5444;
E_0xba9e109e1c10/1362 .event anyedge, v0xba9e109dc910_5441, v0xba9e109dc910_5442, v0xba9e109dc910_5443, v0xba9e109dc910_5444;
v0xba9e109dc910_5445 .array/port v0xba9e109dc910, 5445;
v0xba9e109dc910_5446 .array/port v0xba9e109dc910, 5446;
v0xba9e109dc910_5447 .array/port v0xba9e109dc910, 5447;
v0xba9e109dc910_5448 .array/port v0xba9e109dc910, 5448;
E_0xba9e109e1c10/1363 .event anyedge, v0xba9e109dc910_5445, v0xba9e109dc910_5446, v0xba9e109dc910_5447, v0xba9e109dc910_5448;
v0xba9e109dc910_5449 .array/port v0xba9e109dc910, 5449;
v0xba9e109dc910_5450 .array/port v0xba9e109dc910, 5450;
v0xba9e109dc910_5451 .array/port v0xba9e109dc910, 5451;
v0xba9e109dc910_5452 .array/port v0xba9e109dc910, 5452;
E_0xba9e109e1c10/1364 .event anyedge, v0xba9e109dc910_5449, v0xba9e109dc910_5450, v0xba9e109dc910_5451, v0xba9e109dc910_5452;
v0xba9e109dc910_5453 .array/port v0xba9e109dc910, 5453;
v0xba9e109dc910_5454 .array/port v0xba9e109dc910, 5454;
v0xba9e109dc910_5455 .array/port v0xba9e109dc910, 5455;
v0xba9e109dc910_5456 .array/port v0xba9e109dc910, 5456;
E_0xba9e109e1c10/1365 .event anyedge, v0xba9e109dc910_5453, v0xba9e109dc910_5454, v0xba9e109dc910_5455, v0xba9e109dc910_5456;
v0xba9e109dc910_5457 .array/port v0xba9e109dc910, 5457;
v0xba9e109dc910_5458 .array/port v0xba9e109dc910, 5458;
v0xba9e109dc910_5459 .array/port v0xba9e109dc910, 5459;
v0xba9e109dc910_5460 .array/port v0xba9e109dc910, 5460;
E_0xba9e109e1c10/1366 .event anyedge, v0xba9e109dc910_5457, v0xba9e109dc910_5458, v0xba9e109dc910_5459, v0xba9e109dc910_5460;
v0xba9e109dc910_5461 .array/port v0xba9e109dc910, 5461;
v0xba9e109dc910_5462 .array/port v0xba9e109dc910, 5462;
v0xba9e109dc910_5463 .array/port v0xba9e109dc910, 5463;
v0xba9e109dc910_5464 .array/port v0xba9e109dc910, 5464;
E_0xba9e109e1c10/1367 .event anyedge, v0xba9e109dc910_5461, v0xba9e109dc910_5462, v0xba9e109dc910_5463, v0xba9e109dc910_5464;
v0xba9e109dc910_5465 .array/port v0xba9e109dc910, 5465;
v0xba9e109dc910_5466 .array/port v0xba9e109dc910, 5466;
v0xba9e109dc910_5467 .array/port v0xba9e109dc910, 5467;
v0xba9e109dc910_5468 .array/port v0xba9e109dc910, 5468;
E_0xba9e109e1c10/1368 .event anyedge, v0xba9e109dc910_5465, v0xba9e109dc910_5466, v0xba9e109dc910_5467, v0xba9e109dc910_5468;
v0xba9e109dc910_5469 .array/port v0xba9e109dc910, 5469;
v0xba9e109dc910_5470 .array/port v0xba9e109dc910, 5470;
v0xba9e109dc910_5471 .array/port v0xba9e109dc910, 5471;
v0xba9e109dc910_5472 .array/port v0xba9e109dc910, 5472;
E_0xba9e109e1c10/1369 .event anyedge, v0xba9e109dc910_5469, v0xba9e109dc910_5470, v0xba9e109dc910_5471, v0xba9e109dc910_5472;
v0xba9e109dc910_5473 .array/port v0xba9e109dc910, 5473;
v0xba9e109dc910_5474 .array/port v0xba9e109dc910, 5474;
v0xba9e109dc910_5475 .array/port v0xba9e109dc910, 5475;
v0xba9e109dc910_5476 .array/port v0xba9e109dc910, 5476;
E_0xba9e109e1c10/1370 .event anyedge, v0xba9e109dc910_5473, v0xba9e109dc910_5474, v0xba9e109dc910_5475, v0xba9e109dc910_5476;
v0xba9e109dc910_5477 .array/port v0xba9e109dc910, 5477;
v0xba9e109dc910_5478 .array/port v0xba9e109dc910, 5478;
v0xba9e109dc910_5479 .array/port v0xba9e109dc910, 5479;
v0xba9e109dc910_5480 .array/port v0xba9e109dc910, 5480;
E_0xba9e109e1c10/1371 .event anyedge, v0xba9e109dc910_5477, v0xba9e109dc910_5478, v0xba9e109dc910_5479, v0xba9e109dc910_5480;
v0xba9e109dc910_5481 .array/port v0xba9e109dc910, 5481;
v0xba9e109dc910_5482 .array/port v0xba9e109dc910, 5482;
v0xba9e109dc910_5483 .array/port v0xba9e109dc910, 5483;
v0xba9e109dc910_5484 .array/port v0xba9e109dc910, 5484;
E_0xba9e109e1c10/1372 .event anyedge, v0xba9e109dc910_5481, v0xba9e109dc910_5482, v0xba9e109dc910_5483, v0xba9e109dc910_5484;
v0xba9e109dc910_5485 .array/port v0xba9e109dc910, 5485;
v0xba9e109dc910_5486 .array/port v0xba9e109dc910, 5486;
v0xba9e109dc910_5487 .array/port v0xba9e109dc910, 5487;
v0xba9e109dc910_5488 .array/port v0xba9e109dc910, 5488;
E_0xba9e109e1c10/1373 .event anyedge, v0xba9e109dc910_5485, v0xba9e109dc910_5486, v0xba9e109dc910_5487, v0xba9e109dc910_5488;
v0xba9e109dc910_5489 .array/port v0xba9e109dc910, 5489;
v0xba9e109dc910_5490 .array/port v0xba9e109dc910, 5490;
v0xba9e109dc910_5491 .array/port v0xba9e109dc910, 5491;
v0xba9e109dc910_5492 .array/port v0xba9e109dc910, 5492;
E_0xba9e109e1c10/1374 .event anyedge, v0xba9e109dc910_5489, v0xba9e109dc910_5490, v0xba9e109dc910_5491, v0xba9e109dc910_5492;
v0xba9e109dc910_5493 .array/port v0xba9e109dc910, 5493;
v0xba9e109dc910_5494 .array/port v0xba9e109dc910, 5494;
v0xba9e109dc910_5495 .array/port v0xba9e109dc910, 5495;
v0xba9e109dc910_5496 .array/port v0xba9e109dc910, 5496;
E_0xba9e109e1c10/1375 .event anyedge, v0xba9e109dc910_5493, v0xba9e109dc910_5494, v0xba9e109dc910_5495, v0xba9e109dc910_5496;
v0xba9e109dc910_5497 .array/port v0xba9e109dc910, 5497;
v0xba9e109dc910_5498 .array/port v0xba9e109dc910, 5498;
v0xba9e109dc910_5499 .array/port v0xba9e109dc910, 5499;
v0xba9e109dc910_5500 .array/port v0xba9e109dc910, 5500;
E_0xba9e109e1c10/1376 .event anyedge, v0xba9e109dc910_5497, v0xba9e109dc910_5498, v0xba9e109dc910_5499, v0xba9e109dc910_5500;
v0xba9e109dc910_5501 .array/port v0xba9e109dc910, 5501;
v0xba9e109dc910_5502 .array/port v0xba9e109dc910, 5502;
v0xba9e109dc910_5503 .array/port v0xba9e109dc910, 5503;
v0xba9e109dc910_5504 .array/port v0xba9e109dc910, 5504;
E_0xba9e109e1c10/1377 .event anyedge, v0xba9e109dc910_5501, v0xba9e109dc910_5502, v0xba9e109dc910_5503, v0xba9e109dc910_5504;
v0xba9e109dc910_5505 .array/port v0xba9e109dc910, 5505;
v0xba9e109dc910_5506 .array/port v0xba9e109dc910, 5506;
v0xba9e109dc910_5507 .array/port v0xba9e109dc910, 5507;
v0xba9e109dc910_5508 .array/port v0xba9e109dc910, 5508;
E_0xba9e109e1c10/1378 .event anyedge, v0xba9e109dc910_5505, v0xba9e109dc910_5506, v0xba9e109dc910_5507, v0xba9e109dc910_5508;
v0xba9e109dc910_5509 .array/port v0xba9e109dc910, 5509;
v0xba9e109dc910_5510 .array/port v0xba9e109dc910, 5510;
v0xba9e109dc910_5511 .array/port v0xba9e109dc910, 5511;
v0xba9e109dc910_5512 .array/port v0xba9e109dc910, 5512;
E_0xba9e109e1c10/1379 .event anyedge, v0xba9e109dc910_5509, v0xba9e109dc910_5510, v0xba9e109dc910_5511, v0xba9e109dc910_5512;
v0xba9e109dc910_5513 .array/port v0xba9e109dc910, 5513;
v0xba9e109dc910_5514 .array/port v0xba9e109dc910, 5514;
v0xba9e109dc910_5515 .array/port v0xba9e109dc910, 5515;
v0xba9e109dc910_5516 .array/port v0xba9e109dc910, 5516;
E_0xba9e109e1c10/1380 .event anyedge, v0xba9e109dc910_5513, v0xba9e109dc910_5514, v0xba9e109dc910_5515, v0xba9e109dc910_5516;
v0xba9e109dc910_5517 .array/port v0xba9e109dc910, 5517;
v0xba9e109dc910_5518 .array/port v0xba9e109dc910, 5518;
v0xba9e109dc910_5519 .array/port v0xba9e109dc910, 5519;
v0xba9e109dc910_5520 .array/port v0xba9e109dc910, 5520;
E_0xba9e109e1c10/1381 .event anyedge, v0xba9e109dc910_5517, v0xba9e109dc910_5518, v0xba9e109dc910_5519, v0xba9e109dc910_5520;
v0xba9e109dc910_5521 .array/port v0xba9e109dc910, 5521;
v0xba9e109dc910_5522 .array/port v0xba9e109dc910, 5522;
v0xba9e109dc910_5523 .array/port v0xba9e109dc910, 5523;
v0xba9e109dc910_5524 .array/port v0xba9e109dc910, 5524;
E_0xba9e109e1c10/1382 .event anyedge, v0xba9e109dc910_5521, v0xba9e109dc910_5522, v0xba9e109dc910_5523, v0xba9e109dc910_5524;
v0xba9e109dc910_5525 .array/port v0xba9e109dc910, 5525;
v0xba9e109dc910_5526 .array/port v0xba9e109dc910, 5526;
v0xba9e109dc910_5527 .array/port v0xba9e109dc910, 5527;
v0xba9e109dc910_5528 .array/port v0xba9e109dc910, 5528;
E_0xba9e109e1c10/1383 .event anyedge, v0xba9e109dc910_5525, v0xba9e109dc910_5526, v0xba9e109dc910_5527, v0xba9e109dc910_5528;
v0xba9e109dc910_5529 .array/port v0xba9e109dc910, 5529;
v0xba9e109dc910_5530 .array/port v0xba9e109dc910, 5530;
v0xba9e109dc910_5531 .array/port v0xba9e109dc910, 5531;
v0xba9e109dc910_5532 .array/port v0xba9e109dc910, 5532;
E_0xba9e109e1c10/1384 .event anyedge, v0xba9e109dc910_5529, v0xba9e109dc910_5530, v0xba9e109dc910_5531, v0xba9e109dc910_5532;
v0xba9e109dc910_5533 .array/port v0xba9e109dc910, 5533;
v0xba9e109dc910_5534 .array/port v0xba9e109dc910, 5534;
v0xba9e109dc910_5535 .array/port v0xba9e109dc910, 5535;
v0xba9e109dc910_5536 .array/port v0xba9e109dc910, 5536;
E_0xba9e109e1c10/1385 .event anyedge, v0xba9e109dc910_5533, v0xba9e109dc910_5534, v0xba9e109dc910_5535, v0xba9e109dc910_5536;
v0xba9e109dc910_5537 .array/port v0xba9e109dc910, 5537;
v0xba9e109dc910_5538 .array/port v0xba9e109dc910, 5538;
v0xba9e109dc910_5539 .array/port v0xba9e109dc910, 5539;
v0xba9e109dc910_5540 .array/port v0xba9e109dc910, 5540;
E_0xba9e109e1c10/1386 .event anyedge, v0xba9e109dc910_5537, v0xba9e109dc910_5538, v0xba9e109dc910_5539, v0xba9e109dc910_5540;
v0xba9e109dc910_5541 .array/port v0xba9e109dc910, 5541;
v0xba9e109dc910_5542 .array/port v0xba9e109dc910, 5542;
v0xba9e109dc910_5543 .array/port v0xba9e109dc910, 5543;
v0xba9e109dc910_5544 .array/port v0xba9e109dc910, 5544;
E_0xba9e109e1c10/1387 .event anyedge, v0xba9e109dc910_5541, v0xba9e109dc910_5542, v0xba9e109dc910_5543, v0xba9e109dc910_5544;
v0xba9e109dc910_5545 .array/port v0xba9e109dc910, 5545;
v0xba9e109dc910_5546 .array/port v0xba9e109dc910, 5546;
v0xba9e109dc910_5547 .array/port v0xba9e109dc910, 5547;
v0xba9e109dc910_5548 .array/port v0xba9e109dc910, 5548;
E_0xba9e109e1c10/1388 .event anyedge, v0xba9e109dc910_5545, v0xba9e109dc910_5546, v0xba9e109dc910_5547, v0xba9e109dc910_5548;
v0xba9e109dc910_5549 .array/port v0xba9e109dc910, 5549;
v0xba9e109dc910_5550 .array/port v0xba9e109dc910, 5550;
v0xba9e109dc910_5551 .array/port v0xba9e109dc910, 5551;
v0xba9e109dc910_5552 .array/port v0xba9e109dc910, 5552;
E_0xba9e109e1c10/1389 .event anyedge, v0xba9e109dc910_5549, v0xba9e109dc910_5550, v0xba9e109dc910_5551, v0xba9e109dc910_5552;
v0xba9e109dc910_5553 .array/port v0xba9e109dc910, 5553;
v0xba9e109dc910_5554 .array/port v0xba9e109dc910, 5554;
v0xba9e109dc910_5555 .array/port v0xba9e109dc910, 5555;
v0xba9e109dc910_5556 .array/port v0xba9e109dc910, 5556;
E_0xba9e109e1c10/1390 .event anyedge, v0xba9e109dc910_5553, v0xba9e109dc910_5554, v0xba9e109dc910_5555, v0xba9e109dc910_5556;
v0xba9e109dc910_5557 .array/port v0xba9e109dc910, 5557;
v0xba9e109dc910_5558 .array/port v0xba9e109dc910, 5558;
v0xba9e109dc910_5559 .array/port v0xba9e109dc910, 5559;
v0xba9e109dc910_5560 .array/port v0xba9e109dc910, 5560;
E_0xba9e109e1c10/1391 .event anyedge, v0xba9e109dc910_5557, v0xba9e109dc910_5558, v0xba9e109dc910_5559, v0xba9e109dc910_5560;
v0xba9e109dc910_5561 .array/port v0xba9e109dc910, 5561;
v0xba9e109dc910_5562 .array/port v0xba9e109dc910, 5562;
v0xba9e109dc910_5563 .array/port v0xba9e109dc910, 5563;
v0xba9e109dc910_5564 .array/port v0xba9e109dc910, 5564;
E_0xba9e109e1c10/1392 .event anyedge, v0xba9e109dc910_5561, v0xba9e109dc910_5562, v0xba9e109dc910_5563, v0xba9e109dc910_5564;
v0xba9e109dc910_5565 .array/port v0xba9e109dc910, 5565;
v0xba9e109dc910_5566 .array/port v0xba9e109dc910, 5566;
v0xba9e109dc910_5567 .array/port v0xba9e109dc910, 5567;
v0xba9e109dc910_5568 .array/port v0xba9e109dc910, 5568;
E_0xba9e109e1c10/1393 .event anyedge, v0xba9e109dc910_5565, v0xba9e109dc910_5566, v0xba9e109dc910_5567, v0xba9e109dc910_5568;
v0xba9e109dc910_5569 .array/port v0xba9e109dc910, 5569;
v0xba9e109dc910_5570 .array/port v0xba9e109dc910, 5570;
v0xba9e109dc910_5571 .array/port v0xba9e109dc910, 5571;
v0xba9e109dc910_5572 .array/port v0xba9e109dc910, 5572;
E_0xba9e109e1c10/1394 .event anyedge, v0xba9e109dc910_5569, v0xba9e109dc910_5570, v0xba9e109dc910_5571, v0xba9e109dc910_5572;
v0xba9e109dc910_5573 .array/port v0xba9e109dc910, 5573;
v0xba9e109dc910_5574 .array/port v0xba9e109dc910, 5574;
v0xba9e109dc910_5575 .array/port v0xba9e109dc910, 5575;
v0xba9e109dc910_5576 .array/port v0xba9e109dc910, 5576;
E_0xba9e109e1c10/1395 .event anyedge, v0xba9e109dc910_5573, v0xba9e109dc910_5574, v0xba9e109dc910_5575, v0xba9e109dc910_5576;
v0xba9e109dc910_5577 .array/port v0xba9e109dc910, 5577;
v0xba9e109dc910_5578 .array/port v0xba9e109dc910, 5578;
v0xba9e109dc910_5579 .array/port v0xba9e109dc910, 5579;
v0xba9e109dc910_5580 .array/port v0xba9e109dc910, 5580;
E_0xba9e109e1c10/1396 .event anyedge, v0xba9e109dc910_5577, v0xba9e109dc910_5578, v0xba9e109dc910_5579, v0xba9e109dc910_5580;
v0xba9e109dc910_5581 .array/port v0xba9e109dc910, 5581;
v0xba9e109dc910_5582 .array/port v0xba9e109dc910, 5582;
v0xba9e109dc910_5583 .array/port v0xba9e109dc910, 5583;
v0xba9e109dc910_5584 .array/port v0xba9e109dc910, 5584;
E_0xba9e109e1c10/1397 .event anyedge, v0xba9e109dc910_5581, v0xba9e109dc910_5582, v0xba9e109dc910_5583, v0xba9e109dc910_5584;
v0xba9e109dc910_5585 .array/port v0xba9e109dc910, 5585;
v0xba9e109dc910_5586 .array/port v0xba9e109dc910, 5586;
v0xba9e109dc910_5587 .array/port v0xba9e109dc910, 5587;
v0xba9e109dc910_5588 .array/port v0xba9e109dc910, 5588;
E_0xba9e109e1c10/1398 .event anyedge, v0xba9e109dc910_5585, v0xba9e109dc910_5586, v0xba9e109dc910_5587, v0xba9e109dc910_5588;
v0xba9e109dc910_5589 .array/port v0xba9e109dc910, 5589;
v0xba9e109dc910_5590 .array/port v0xba9e109dc910, 5590;
v0xba9e109dc910_5591 .array/port v0xba9e109dc910, 5591;
v0xba9e109dc910_5592 .array/port v0xba9e109dc910, 5592;
E_0xba9e109e1c10/1399 .event anyedge, v0xba9e109dc910_5589, v0xba9e109dc910_5590, v0xba9e109dc910_5591, v0xba9e109dc910_5592;
v0xba9e109dc910_5593 .array/port v0xba9e109dc910, 5593;
v0xba9e109dc910_5594 .array/port v0xba9e109dc910, 5594;
v0xba9e109dc910_5595 .array/port v0xba9e109dc910, 5595;
v0xba9e109dc910_5596 .array/port v0xba9e109dc910, 5596;
E_0xba9e109e1c10/1400 .event anyedge, v0xba9e109dc910_5593, v0xba9e109dc910_5594, v0xba9e109dc910_5595, v0xba9e109dc910_5596;
v0xba9e109dc910_5597 .array/port v0xba9e109dc910, 5597;
v0xba9e109dc910_5598 .array/port v0xba9e109dc910, 5598;
v0xba9e109dc910_5599 .array/port v0xba9e109dc910, 5599;
v0xba9e109dc910_5600 .array/port v0xba9e109dc910, 5600;
E_0xba9e109e1c10/1401 .event anyedge, v0xba9e109dc910_5597, v0xba9e109dc910_5598, v0xba9e109dc910_5599, v0xba9e109dc910_5600;
v0xba9e109dc910_5601 .array/port v0xba9e109dc910, 5601;
v0xba9e109dc910_5602 .array/port v0xba9e109dc910, 5602;
v0xba9e109dc910_5603 .array/port v0xba9e109dc910, 5603;
v0xba9e109dc910_5604 .array/port v0xba9e109dc910, 5604;
E_0xba9e109e1c10/1402 .event anyedge, v0xba9e109dc910_5601, v0xba9e109dc910_5602, v0xba9e109dc910_5603, v0xba9e109dc910_5604;
v0xba9e109dc910_5605 .array/port v0xba9e109dc910, 5605;
v0xba9e109dc910_5606 .array/port v0xba9e109dc910, 5606;
v0xba9e109dc910_5607 .array/port v0xba9e109dc910, 5607;
v0xba9e109dc910_5608 .array/port v0xba9e109dc910, 5608;
E_0xba9e109e1c10/1403 .event anyedge, v0xba9e109dc910_5605, v0xba9e109dc910_5606, v0xba9e109dc910_5607, v0xba9e109dc910_5608;
v0xba9e109dc910_5609 .array/port v0xba9e109dc910, 5609;
v0xba9e109dc910_5610 .array/port v0xba9e109dc910, 5610;
v0xba9e109dc910_5611 .array/port v0xba9e109dc910, 5611;
v0xba9e109dc910_5612 .array/port v0xba9e109dc910, 5612;
E_0xba9e109e1c10/1404 .event anyedge, v0xba9e109dc910_5609, v0xba9e109dc910_5610, v0xba9e109dc910_5611, v0xba9e109dc910_5612;
v0xba9e109dc910_5613 .array/port v0xba9e109dc910, 5613;
v0xba9e109dc910_5614 .array/port v0xba9e109dc910, 5614;
v0xba9e109dc910_5615 .array/port v0xba9e109dc910, 5615;
v0xba9e109dc910_5616 .array/port v0xba9e109dc910, 5616;
E_0xba9e109e1c10/1405 .event anyedge, v0xba9e109dc910_5613, v0xba9e109dc910_5614, v0xba9e109dc910_5615, v0xba9e109dc910_5616;
v0xba9e109dc910_5617 .array/port v0xba9e109dc910, 5617;
v0xba9e109dc910_5618 .array/port v0xba9e109dc910, 5618;
v0xba9e109dc910_5619 .array/port v0xba9e109dc910, 5619;
v0xba9e109dc910_5620 .array/port v0xba9e109dc910, 5620;
E_0xba9e109e1c10/1406 .event anyedge, v0xba9e109dc910_5617, v0xba9e109dc910_5618, v0xba9e109dc910_5619, v0xba9e109dc910_5620;
v0xba9e109dc910_5621 .array/port v0xba9e109dc910, 5621;
v0xba9e109dc910_5622 .array/port v0xba9e109dc910, 5622;
v0xba9e109dc910_5623 .array/port v0xba9e109dc910, 5623;
v0xba9e109dc910_5624 .array/port v0xba9e109dc910, 5624;
E_0xba9e109e1c10/1407 .event anyedge, v0xba9e109dc910_5621, v0xba9e109dc910_5622, v0xba9e109dc910_5623, v0xba9e109dc910_5624;
v0xba9e109dc910_5625 .array/port v0xba9e109dc910, 5625;
v0xba9e109dc910_5626 .array/port v0xba9e109dc910, 5626;
v0xba9e109dc910_5627 .array/port v0xba9e109dc910, 5627;
v0xba9e109dc910_5628 .array/port v0xba9e109dc910, 5628;
E_0xba9e109e1c10/1408 .event anyedge, v0xba9e109dc910_5625, v0xba9e109dc910_5626, v0xba9e109dc910_5627, v0xba9e109dc910_5628;
v0xba9e109dc910_5629 .array/port v0xba9e109dc910, 5629;
v0xba9e109dc910_5630 .array/port v0xba9e109dc910, 5630;
v0xba9e109dc910_5631 .array/port v0xba9e109dc910, 5631;
v0xba9e109dc910_5632 .array/port v0xba9e109dc910, 5632;
E_0xba9e109e1c10/1409 .event anyedge, v0xba9e109dc910_5629, v0xba9e109dc910_5630, v0xba9e109dc910_5631, v0xba9e109dc910_5632;
v0xba9e109dc910_5633 .array/port v0xba9e109dc910, 5633;
v0xba9e109dc910_5634 .array/port v0xba9e109dc910, 5634;
v0xba9e109dc910_5635 .array/port v0xba9e109dc910, 5635;
v0xba9e109dc910_5636 .array/port v0xba9e109dc910, 5636;
E_0xba9e109e1c10/1410 .event anyedge, v0xba9e109dc910_5633, v0xba9e109dc910_5634, v0xba9e109dc910_5635, v0xba9e109dc910_5636;
v0xba9e109dc910_5637 .array/port v0xba9e109dc910, 5637;
v0xba9e109dc910_5638 .array/port v0xba9e109dc910, 5638;
v0xba9e109dc910_5639 .array/port v0xba9e109dc910, 5639;
v0xba9e109dc910_5640 .array/port v0xba9e109dc910, 5640;
E_0xba9e109e1c10/1411 .event anyedge, v0xba9e109dc910_5637, v0xba9e109dc910_5638, v0xba9e109dc910_5639, v0xba9e109dc910_5640;
v0xba9e109dc910_5641 .array/port v0xba9e109dc910, 5641;
v0xba9e109dc910_5642 .array/port v0xba9e109dc910, 5642;
v0xba9e109dc910_5643 .array/port v0xba9e109dc910, 5643;
v0xba9e109dc910_5644 .array/port v0xba9e109dc910, 5644;
E_0xba9e109e1c10/1412 .event anyedge, v0xba9e109dc910_5641, v0xba9e109dc910_5642, v0xba9e109dc910_5643, v0xba9e109dc910_5644;
v0xba9e109dc910_5645 .array/port v0xba9e109dc910, 5645;
v0xba9e109dc910_5646 .array/port v0xba9e109dc910, 5646;
v0xba9e109dc910_5647 .array/port v0xba9e109dc910, 5647;
v0xba9e109dc910_5648 .array/port v0xba9e109dc910, 5648;
E_0xba9e109e1c10/1413 .event anyedge, v0xba9e109dc910_5645, v0xba9e109dc910_5646, v0xba9e109dc910_5647, v0xba9e109dc910_5648;
v0xba9e109dc910_5649 .array/port v0xba9e109dc910, 5649;
v0xba9e109dc910_5650 .array/port v0xba9e109dc910, 5650;
v0xba9e109dc910_5651 .array/port v0xba9e109dc910, 5651;
v0xba9e109dc910_5652 .array/port v0xba9e109dc910, 5652;
E_0xba9e109e1c10/1414 .event anyedge, v0xba9e109dc910_5649, v0xba9e109dc910_5650, v0xba9e109dc910_5651, v0xba9e109dc910_5652;
v0xba9e109dc910_5653 .array/port v0xba9e109dc910, 5653;
v0xba9e109dc910_5654 .array/port v0xba9e109dc910, 5654;
v0xba9e109dc910_5655 .array/port v0xba9e109dc910, 5655;
v0xba9e109dc910_5656 .array/port v0xba9e109dc910, 5656;
E_0xba9e109e1c10/1415 .event anyedge, v0xba9e109dc910_5653, v0xba9e109dc910_5654, v0xba9e109dc910_5655, v0xba9e109dc910_5656;
v0xba9e109dc910_5657 .array/port v0xba9e109dc910, 5657;
v0xba9e109dc910_5658 .array/port v0xba9e109dc910, 5658;
v0xba9e109dc910_5659 .array/port v0xba9e109dc910, 5659;
v0xba9e109dc910_5660 .array/port v0xba9e109dc910, 5660;
E_0xba9e109e1c10/1416 .event anyedge, v0xba9e109dc910_5657, v0xba9e109dc910_5658, v0xba9e109dc910_5659, v0xba9e109dc910_5660;
v0xba9e109dc910_5661 .array/port v0xba9e109dc910, 5661;
v0xba9e109dc910_5662 .array/port v0xba9e109dc910, 5662;
v0xba9e109dc910_5663 .array/port v0xba9e109dc910, 5663;
v0xba9e109dc910_5664 .array/port v0xba9e109dc910, 5664;
E_0xba9e109e1c10/1417 .event anyedge, v0xba9e109dc910_5661, v0xba9e109dc910_5662, v0xba9e109dc910_5663, v0xba9e109dc910_5664;
v0xba9e109dc910_5665 .array/port v0xba9e109dc910, 5665;
v0xba9e109dc910_5666 .array/port v0xba9e109dc910, 5666;
v0xba9e109dc910_5667 .array/port v0xba9e109dc910, 5667;
v0xba9e109dc910_5668 .array/port v0xba9e109dc910, 5668;
E_0xba9e109e1c10/1418 .event anyedge, v0xba9e109dc910_5665, v0xba9e109dc910_5666, v0xba9e109dc910_5667, v0xba9e109dc910_5668;
v0xba9e109dc910_5669 .array/port v0xba9e109dc910, 5669;
v0xba9e109dc910_5670 .array/port v0xba9e109dc910, 5670;
v0xba9e109dc910_5671 .array/port v0xba9e109dc910, 5671;
v0xba9e109dc910_5672 .array/port v0xba9e109dc910, 5672;
E_0xba9e109e1c10/1419 .event anyedge, v0xba9e109dc910_5669, v0xba9e109dc910_5670, v0xba9e109dc910_5671, v0xba9e109dc910_5672;
v0xba9e109dc910_5673 .array/port v0xba9e109dc910, 5673;
v0xba9e109dc910_5674 .array/port v0xba9e109dc910, 5674;
v0xba9e109dc910_5675 .array/port v0xba9e109dc910, 5675;
v0xba9e109dc910_5676 .array/port v0xba9e109dc910, 5676;
E_0xba9e109e1c10/1420 .event anyedge, v0xba9e109dc910_5673, v0xba9e109dc910_5674, v0xba9e109dc910_5675, v0xba9e109dc910_5676;
v0xba9e109dc910_5677 .array/port v0xba9e109dc910, 5677;
v0xba9e109dc910_5678 .array/port v0xba9e109dc910, 5678;
v0xba9e109dc910_5679 .array/port v0xba9e109dc910, 5679;
v0xba9e109dc910_5680 .array/port v0xba9e109dc910, 5680;
E_0xba9e109e1c10/1421 .event anyedge, v0xba9e109dc910_5677, v0xba9e109dc910_5678, v0xba9e109dc910_5679, v0xba9e109dc910_5680;
v0xba9e109dc910_5681 .array/port v0xba9e109dc910, 5681;
v0xba9e109dc910_5682 .array/port v0xba9e109dc910, 5682;
v0xba9e109dc910_5683 .array/port v0xba9e109dc910, 5683;
v0xba9e109dc910_5684 .array/port v0xba9e109dc910, 5684;
E_0xba9e109e1c10/1422 .event anyedge, v0xba9e109dc910_5681, v0xba9e109dc910_5682, v0xba9e109dc910_5683, v0xba9e109dc910_5684;
v0xba9e109dc910_5685 .array/port v0xba9e109dc910, 5685;
v0xba9e109dc910_5686 .array/port v0xba9e109dc910, 5686;
v0xba9e109dc910_5687 .array/port v0xba9e109dc910, 5687;
v0xba9e109dc910_5688 .array/port v0xba9e109dc910, 5688;
E_0xba9e109e1c10/1423 .event anyedge, v0xba9e109dc910_5685, v0xba9e109dc910_5686, v0xba9e109dc910_5687, v0xba9e109dc910_5688;
v0xba9e109dc910_5689 .array/port v0xba9e109dc910, 5689;
v0xba9e109dc910_5690 .array/port v0xba9e109dc910, 5690;
v0xba9e109dc910_5691 .array/port v0xba9e109dc910, 5691;
v0xba9e109dc910_5692 .array/port v0xba9e109dc910, 5692;
E_0xba9e109e1c10/1424 .event anyedge, v0xba9e109dc910_5689, v0xba9e109dc910_5690, v0xba9e109dc910_5691, v0xba9e109dc910_5692;
v0xba9e109dc910_5693 .array/port v0xba9e109dc910, 5693;
v0xba9e109dc910_5694 .array/port v0xba9e109dc910, 5694;
v0xba9e109dc910_5695 .array/port v0xba9e109dc910, 5695;
v0xba9e109dc910_5696 .array/port v0xba9e109dc910, 5696;
E_0xba9e109e1c10/1425 .event anyedge, v0xba9e109dc910_5693, v0xba9e109dc910_5694, v0xba9e109dc910_5695, v0xba9e109dc910_5696;
v0xba9e109dc910_5697 .array/port v0xba9e109dc910, 5697;
v0xba9e109dc910_5698 .array/port v0xba9e109dc910, 5698;
v0xba9e109dc910_5699 .array/port v0xba9e109dc910, 5699;
v0xba9e109dc910_5700 .array/port v0xba9e109dc910, 5700;
E_0xba9e109e1c10/1426 .event anyedge, v0xba9e109dc910_5697, v0xba9e109dc910_5698, v0xba9e109dc910_5699, v0xba9e109dc910_5700;
v0xba9e109dc910_5701 .array/port v0xba9e109dc910, 5701;
v0xba9e109dc910_5702 .array/port v0xba9e109dc910, 5702;
v0xba9e109dc910_5703 .array/port v0xba9e109dc910, 5703;
v0xba9e109dc910_5704 .array/port v0xba9e109dc910, 5704;
E_0xba9e109e1c10/1427 .event anyedge, v0xba9e109dc910_5701, v0xba9e109dc910_5702, v0xba9e109dc910_5703, v0xba9e109dc910_5704;
v0xba9e109dc910_5705 .array/port v0xba9e109dc910, 5705;
v0xba9e109dc910_5706 .array/port v0xba9e109dc910, 5706;
v0xba9e109dc910_5707 .array/port v0xba9e109dc910, 5707;
v0xba9e109dc910_5708 .array/port v0xba9e109dc910, 5708;
E_0xba9e109e1c10/1428 .event anyedge, v0xba9e109dc910_5705, v0xba9e109dc910_5706, v0xba9e109dc910_5707, v0xba9e109dc910_5708;
v0xba9e109dc910_5709 .array/port v0xba9e109dc910, 5709;
v0xba9e109dc910_5710 .array/port v0xba9e109dc910, 5710;
v0xba9e109dc910_5711 .array/port v0xba9e109dc910, 5711;
v0xba9e109dc910_5712 .array/port v0xba9e109dc910, 5712;
E_0xba9e109e1c10/1429 .event anyedge, v0xba9e109dc910_5709, v0xba9e109dc910_5710, v0xba9e109dc910_5711, v0xba9e109dc910_5712;
v0xba9e109dc910_5713 .array/port v0xba9e109dc910, 5713;
v0xba9e109dc910_5714 .array/port v0xba9e109dc910, 5714;
v0xba9e109dc910_5715 .array/port v0xba9e109dc910, 5715;
v0xba9e109dc910_5716 .array/port v0xba9e109dc910, 5716;
E_0xba9e109e1c10/1430 .event anyedge, v0xba9e109dc910_5713, v0xba9e109dc910_5714, v0xba9e109dc910_5715, v0xba9e109dc910_5716;
v0xba9e109dc910_5717 .array/port v0xba9e109dc910, 5717;
v0xba9e109dc910_5718 .array/port v0xba9e109dc910, 5718;
v0xba9e109dc910_5719 .array/port v0xba9e109dc910, 5719;
v0xba9e109dc910_5720 .array/port v0xba9e109dc910, 5720;
E_0xba9e109e1c10/1431 .event anyedge, v0xba9e109dc910_5717, v0xba9e109dc910_5718, v0xba9e109dc910_5719, v0xba9e109dc910_5720;
v0xba9e109dc910_5721 .array/port v0xba9e109dc910, 5721;
v0xba9e109dc910_5722 .array/port v0xba9e109dc910, 5722;
v0xba9e109dc910_5723 .array/port v0xba9e109dc910, 5723;
v0xba9e109dc910_5724 .array/port v0xba9e109dc910, 5724;
E_0xba9e109e1c10/1432 .event anyedge, v0xba9e109dc910_5721, v0xba9e109dc910_5722, v0xba9e109dc910_5723, v0xba9e109dc910_5724;
v0xba9e109dc910_5725 .array/port v0xba9e109dc910, 5725;
v0xba9e109dc910_5726 .array/port v0xba9e109dc910, 5726;
v0xba9e109dc910_5727 .array/port v0xba9e109dc910, 5727;
v0xba9e109dc910_5728 .array/port v0xba9e109dc910, 5728;
E_0xba9e109e1c10/1433 .event anyedge, v0xba9e109dc910_5725, v0xba9e109dc910_5726, v0xba9e109dc910_5727, v0xba9e109dc910_5728;
v0xba9e109dc910_5729 .array/port v0xba9e109dc910, 5729;
v0xba9e109dc910_5730 .array/port v0xba9e109dc910, 5730;
v0xba9e109dc910_5731 .array/port v0xba9e109dc910, 5731;
v0xba9e109dc910_5732 .array/port v0xba9e109dc910, 5732;
E_0xba9e109e1c10/1434 .event anyedge, v0xba9e109dc910_5729, v0xba9e109dc910_5730, v0xba9e109dc910_5731, v0xba9e109dc910_5732;
v0xba9e109dc910_5733 .array/port v0xba9e109dc910, 5733;
v0xba9e109dc910_5734 .array/port v0xba9e109dc910, 5734;
v0xba9e109dc910_5735 .array/port v0xba9e109dc910, 5735;
v0xba9e109dc910_5736 .array/port v0xba9e109dc910, 5736;
E_0xba9e109e1c10/1435 .event anyedge, v0xba9e109dc910_5733, v0xba9e109dc910_5734, v0xba9e109dc910_5735, v0xba9e109dc910_5736;
v0xba9e109dc910_5737 .array/port v0xba9e109dc910, 5737;
v0xba9e109dc910_5738 .array/port v0xba9e109dc910, 5738;
v0xba9e109dc910_5739 .array/port v0xba9e109dc910, 5739;
v0xba9e109dc910_5740 .array/port v0xba9e109dc910, 5740;
E_0xba9e109e1c10/1436 .event anyedge, v0xba9e109dc910_5737, v0xba9e109dc910_5738, v0xba9e109dc910_5739, v0xba9e109dc910_5740;
v0xba9e109dc910_5741 .array/port v0xba9e109dc910, 5741;
v0xba9e109dc910_5742 .array/port v0xba9e109dc910, 5742;
v0xba9e109dc910_5743 .array/port v0xba9e109dc910, 5743;
v0xba9e109dc910_5744 .array/port v0xba9e109dc910, 5744;
E_0xba9e109e1c10/1437 .event anyedge, v0xba9e109dc910_5741, v0xba9e109dc910_5742, v0xba9e109dc910_5743, v0xba9e109dc910_5744;
v0xba9e109dc910_5745 .array/port v0xba9e109dc910, 5745;
v0xba9e109dc910_5746 .array/port v0xba9e109dc910, 5746;
v0xba9e109dc910_5747 .array/port v0xba9e109dc910, 5747;
v0xba9e109dc910_5748 .array/port v0xba9e109dc910, 5748;
E_0xba9e109e1c10/1438 .event anyedge, v0xba9e109dc910_5745, v0xba9e109dc910_5746, v0xba9e109dc910_5747, v0xba9e109dc910_5748;
v0xba9e109dc910_5749 .array/port v0xba9e109dc910, 5749;
v0xba9e109dc910_5750 .array/port v0xba9e109dc910, 5750;
v0xba9e109dc910_5751 .array/port v0xba9e109dc910, 5751;
v0xba9e109dc910_5752 .array/port v0xba9e109dc910, 5752;
E_0xba9e109e1c10/1439 .event anyedge, v0xba9e109dc910_5749, v0xba9e109dc910_5750, v0xba9e109dc910_5751, v0xba9e109dc910_5752;
v0xba9e109dc910_5753 .array/port v0xba9e109dc910, 5753;
v0xba9e109dc910_5754 .array/port v0xba9e109dc910, 5754;
v0xba9e109dc910_5755 .array/port v0xba9e109dc910, 5755;
v0xba9e109dc910_5756 .array/port v0xba9e109dc910, 5756;
E_0xba9e109e1c10/1440 .event anyedge, v0xba9e109dc910_5753, v0xba9e109dc910_5754, v0xba9e109dc910_5755, v0xba9e109dc910_5756;
v0xba9e109dc910_5757 .array/port v0xba9e109dc910, 5757;
v0xba9e109dc910_5758 .array/port v0xba9e109dc910, 5758;
v0xba9e109dc910_5759 .array/port v0xba9e109dc910, 5759;
v0xba9e109dc910_5760 .array/port v0xba9e109dc910, 5760;
E_0xba9e109e1c10/1441 .event anyedge, v0xba9e109dc910_5757, v0xba9e109dc910_5758, v0xba9e109dc910_5759, v0xba9e109dc910_5760;
v0xba9e109dc910_5761 .array/port v0xba9e109dc910, 5761;
v0xba9e109dc910_5762 .array/port v0xba9e109dc910, 5762;
v0xba9e109dc910_5763 .array/port v0xba9e109dc910, 5763;
v0xba9e109dc910_5764 .array/port v0xba9e109dc910, 5764;
E_0xba9e109e1c10/1442 .event anyedge, v0xba9e109dc910_5761, v0xba9e109dc910_5762, v0xba9e109dc910_5763, v0xba9e109dc910_5764;
v0xba9e109dc910_5765 .array/port v0xba9e109dc910, 5765;
v0xba9e109dc910_5766 .array/port v0xba9e109dc910, 5766;
v0xba9e109dc910_5767 .array/port v0xba9e109dc910, 5767;
v0xba9e109dc910_5768 .array/port v0xba9e109dc910, 5768;
E_0xba9e109e1c10/1443 .event anyedge, v0xba9e109dc910_5765, v0xba9e109dc910_5766, v0xba9e109dc910_5767, v0xba9e109dc910_5768;
v0xba9e109dc910_5769 .array/port v0xba9e109dc910, 5769;
v0xba9e109dc910_5770 .array/port v0xba9e109dc910, 5770;
v0xba9e109dc910_5771 .array/port v0xba9e109dc910, 5771;
v0xba9e109dc910_5772 .array/port v0xba9e109dc910, 5772;
E_0xba9e109e1c10/1444 .event anyedge, v0xba9e109dc910_5769, v0xba9e109dc910_5770, v0xba9e109dc910_5771, v0xba9e109dc910_5772;
v0xba9e109dc910_5773 .array/port v0xba9e109dc910, 5773;
v0xba9e109dc910_5774 .array/port v0xba9e109dc910, 5774;
v0xba9e109dc910_5775 .array/port v0xba9e109dc910, 5775;
v0xba9e109dc910_5776 .array/port v0xba9e109dc910, 5776;
E_0xba9e109e1c10/1445 .event anyedge, v0xba9e109dc910_5773, v0xba9e109dc910_5774, v0xba9e109dc910_5775, v0xba9e109dc910_5776;
v0xba9e109dc910_5777 .array/port v0xba9e109dc910, 5777;
v0xba9e109dc910_5778 .array/port v0xba9e109dc910, 5778;
v0xba9e109dc910_5779 .array/port v0xba9e109dc910, 5779;
v0xba9e109dc910_5780 .array/port v0xba9e109dc910, 5780;
E_0xba9e109e1c10/1446 .event anyedge, v0xba9e109dc910_5777, v0xba9e109dc910_5778, v0xba9e109dc910_5779, v0xba9e109dc910_5780;
v0xba9e109dc910_5781 .array/port v0xba9e109dc910, 5781;
v0xba9e109dc910_5782 .array/port v0xba9e109dc910, 5782;
v0xba9e109dc910_5783 .array/port v0xba9e109dc910, 5783;
v0xba9e109dc910_5784 .array/port v0xba9e109dc910, 5784;
E_0xba9e109e1c10/1447 .event anyedge, v0xba9e109dc910_5781, v0xba9e109dc910_5782, v0xba9e109dc910_5783, v0xba9e109dc910_5784;
v0xba9e109dc910_5785 .array/port v0xba9e109dc910, 5785;
v0xba9e109dc910_5786 .array/port v0xba9e109dc910, 5786;
v0xba9e109dc910_5787 .array/port v0xba9e109dc910, 5787;
v0xba9e109dc910_5788 .array/port v0xba9e109dc910, 5788;
E_0xba9e109e1c10/1448 .event anyedge, v0xba9e109dc910_5785, v0xba9e109dc910_5786, v0xba9e109dc910_5787, v0xba9e109dc910_5788;
v0xba9e109dc910_5789 .array/port v0xba9e109dc910, 5789;
v0xba9e109dc910_5790 .array/port v0xba9e109dc910, 5790;
v0xba9e109dc910_5791 .array/port v0xba9e109dc910, 5791;
v0xba9e109dc910_5792 .array/port v0xba9e109dc910, 5792;
E_0xba9e109e1c10/1449 .event anyedge, v0xba9e109dc910_5789, v0xba9e109dc910_5790, v0xba9e109dc910_5791, v0xba9e109dc910_5792;
v0xba9e109dc910_5793 .array/port v0xba9e109dc910, 5793;
v0xba9e109dc910_5794 .array/port v0xba9e109dc910, 5794;
v0xba9e109dc910_5795 .array/port v0xba9e109dc910, 5795;
v0xba9e109dc910_5796 .array/port v0xba9e109dc910, 5796;
E_0xba9e109e1c10/1450 .event anyedge, v0xba9e109dc910_5793, v0xba9e109dc910_5794, v0xba9e109dc910_5795, v0xba9e109dc910_5796;
v0xba9e109dc910_5797 .array/port v0xba9e109dc910, 5797;
v0xba9e109dc910_5798 .array/port v0xba9e109dc910, 5798;
v0xba9e109dc910_5799 .array/port v0xba9e109dc910, 5799;
v0xba9e109dc910_5800 .array/port v0xba9e109dc910, 5800;
E_0xba9e109e1c10/1451 .event anyedge, v0xba9e109dc910_5797, v0xba9e109dc910_5798, v0xba9e109dc910_5799, v0xba9e109dc910_5800;
v0xba9e109dc910_5801 .array/port v0xba9e109dc910, 5801;
v0xba9e109dc910_5802 .array/port v0xba9e109dc910, 5802;
v0xba9e109dc910_5803 .array/port v0xba9e109dc910, 5803;
v0xba9e109dc910_5804 .array/port v0xba9e109dc910, 5804;
E_0xba9e109e1c10/1452 .event anyedge, v0xba9e109dc910_5801, v0xba9e109dc910_5802, v0xba9e109dc910_5803, v0xba9e109dc910_5804;
v0xba9e109dc910_5805 .array/port v0xba9e109dc910, 5805;
v0xba9e109dc910_5806 .array/port v0xba9e109dc910, 5806;
v0xba9e109dc910_5807 .array/port v0xba9e109dc910, 5807;
v0xba9e109dc910_5808 .array/port v0xba9e109dc910, 5808;
E_0xba9e109e1c10/1453 .event anyedge, v0xba9e109dc910_5805, v0xba9e109dc910_5806, v0xba9e109dc910_5807, v0xba9e109dc910_5808;
v0xba9e109dc910_5809 .array/port v0xba9e109dc910, 5809;
v0xba9e109dc910_5810 .array/port v0xba9e109dc910, 5810;
v0xba9e109dc910_5811 .array/port v0xba9e109dc910, 5811;
v0xba9e109dc910_5812 .array/port v0xba9e109dc910, 5812;
E_0xba9e109e1c10/1454 .event anyedge, v0xba9e109dc910_5809, v0xba9e109dc910_5810, v0xba9e109dc910_5811, v0xba9e109dc910_5812;
v0xba9e109dc910_5813 .array/port v0xba9e109dc910, 5813;
v0xba9e109dc910_5814 .array/port v0xba9e109dc910, 5814;
v0xba9e109dc910_5815 .array/port v0xba9e109dc910, 5815;
v0xba9e109dc910_5816 .array/port v0xba9e109dc910, 5816;
E_0xba9e109e1c10/1455 .event anyedge, v0xba9e109dc910_5813, v0xba9e109dc910_5814, v0xba9e109dc910_5815, v0xba9e109dc910_5816;
v0xba9e109dc910_5817 .array/port v0xba9e109dc910, 5817;
v0xba9e109dc910_5818 .array/port v0xba9e109dc910, 5818;
v0xba9e109dc910_5819 .array/port v0xba9e109dc910, 5819;
v0xba9e109dc910_5820 .array/port v0xba9e109dc910, 5820;
E_0xba9e109e1c10/1456 .event anyedge, v0xba9e109dc910_5817, v0xba9e109dc910_5818, v0xba9e109dc910_5819, v0xba9e109dc910_5820;
v0xba9e109dc910_5821 .array/port v0xba9e109dc910, 5821;
v0xba9e109dc910_5822 .array/port v0xba9e109dc910, 5822;
v0xba9e109dc910_5823 .array/port v0xba9e109dc910, 5823;
v0xba9e109dc910_5824 .array/port v0xba9e109dc910, 5824;
E_0xba9e109e1c10/1457 .event anyedge, v0xba9e109dc910_5821, v0xba9e109dc910_5822, v0xba9e109dc910_5823, v0xba9e109dc910_5824;
v0xba9e109dc910_5825 .array/port v0xba9e109dc910, 5825;
v0xba9e109dc910_5826 .array/port v0xba9e109dc910, 5826;
v0xba9e109dc910_5827 .array/port v0xba9e109dc910, 5827;
v0xba9e109dc910_5828 .array/port v0xba9e109dc910, 5828;
E_0xba9e109e1c10/1458 .event anyedge, v0xba9e109dc910_5825, v0xba9e109dc910_5826, v0xba9e109dc910_5827, v0xba9e109dc910_5828;
v0xba9e109dc910_5829 .array/port v0xba9e109dc910, 5829;
v0xba9e109dc910_5830 .array/port v0xba9e109dc910, 5830;
v0xba9e109dc910_5831 .array/port v0xba9e109dc910, 5831;
v0xba9e109dc910_5832 .array/port v0xba9e109dc910, 5832;
E_0xba9e109e1c10/1459 .event anyedge, v0xba9e109dc910_5829, v0xba9e109dc910_5830, v0xba9e109dc910_5831, v0xba9e109dc910_5832;
v0xba9e109dc910_5833 .array/port v0xba9e109dc910, 5833;
v0xba9e109dc910_5834 .array/port v0xba9e109dc910, 5834;
v0xba9e109dc910_5835 .array/port v0xba9e109dc910, 5835;
v0xba9e109dc910_5836 .array/port v0xba9e109dc910, 5836;
E_0xba9e109e1c10/1460 .event anyedge, v0xba9e109dc910_5833, v0xba9e109dc910_5834, v0xba9e109dc910_5835, v0xba9e109dc910_5836;
v0xba9e109dc910_5837 .array/port v0xba9e109dc910, 5837;
v0xba9e109dc910_5838 .array/port v0xba9e109dc910, 5838;
v0xba9e109dc910_5839 .array/port v0xba9e109dc910, 5839;
v0xba9e109dc910_5840 .array/port v0xba9e109dc910, 5840;
E_0xba9e109e1c10/1461 .event anyedge, v0xba9e109dc910_5837, v0xba9e109dc910_5838, v0xba9e109dc910_5839, v0xba9e109dc910_5840;
v0xba9e109dc910_5841 .array/port v0xba9e109dc910, 5841;
v0xba9e109dc910_5842 .array/port v0xba9e109dc910, 5842;
v0xba9e109dc910_5843 .array/port v0xba9e109dc910, 5843;
v0xba9e109dc910_5844 .array/port v0xba9e109dc910, 5844;
E_0xba9e109e1c10/1462 .event anyedge, v0xba9e109dc910_5841, v0xba9e109dc910_5842, v0xba9e109dc910_5843, v0xba9e109dc910_5844;
v0xba9e109dc910_5845 .array/port v0xba9e109dc910, 5845;
v0xba9e109dc910_5846 .array/port v0xba9e109dc910, 5846;
v0xba9e109dc910_5847 .array/port v0xba9e109dc910, 5847;
v0xba9e109dc910_5848 .array/port v0xba9e109dc910, 5848;
E_0xba9e109e1c10/1463 .event anyedge, v0xba9e109dc910_5845, v0xba9e109dc910_5846, v0xba9e109dc910_5847, v0xba9e109dc910_5848;
v0xba9e109dc910_5849 .array/port v0xba9e109dc910, 5849;
v0xba9e109dc910_5850 .array/port v0xba9e109dc910, 5850;
v0xba9e109dc910_5851 .array/port v0xba9e109dc910, 5851;
v0xba9e109dc910_5852 .array/port v0xba9e109dc910, 5852;
E_0xba9e109e1c10/1464 .event anyedge, v0xba9e109dc910_5849, v0xba9e109dc910_5850, v0xba9e109dc910_5851, v0xba9e109dc910_5852;
v0xba9e109dc910_5853 .array/port v0xba9e109dc910, 5853;
v0xba9e109dc910_5854 .array/port v0xba9e109dc910, 5854;
v0xba9e109dc910_5855 .array/port v0xba9e109dc910, 5855;
v0xba9e109dc910_5856 .array/port v0xba9e109dc910, 5856;
E_0xba9e109e1c10/1465 .event anyedge, v0xba9e109dc910_5853, v0xba9e109dc910_5854, v0xba9e109dc910_5855, v0xba9e109dc910_5856;
v0xba9e109dc910_5857 .array/port v0xba9e109dc910, 5857;
v0xba9e109dc910_5858 .array/port v0xba9e109dc910, 5858;
v0xba9e109dc910_5859 .array/port v0xba9e109dc910, 5859;
v0xba9e109dc910_5860 .array/port v0xba9e109dc910, 5860;
E_0xba9e109e1c10/1466 .event anyedge, v0xba9e109dc910_5857, v0xba9e109dc910_5858, v0xba9e109dc910_5859, v0xba9e109dc910_5860;
v0xba9e109dc910_5861 .array/port v0xba9e109dc910, 5861;
v0xba9e109dc910_5862 .array/port v0xba9e109dc910, 5862;
v0xba9e109dc910_5863 .array/port v0xba9e109dc910, 5863;
v0xba9e109dc910_5864 .array/port v0xba9e109dc910, 5864;
E_0xba9e109e1c10/1467 .event anyedge, v0xba9e109dc910_5861, v0xba9e109dc910_5862, v0xba9e109dc910_5863, v0xba9e109dc910_5864;
v0xba9e109dc910_5865 .array/port v0xba9e109dc910, 5865;
v0xba9e109dc910_5866 .array/port v0xba9e109dc910, 5866;
v0xba9e109dc910_5867 .array/port v0xba9e109dc910, 5867;
v0xba9e109dc910_5868 .array/port v0xba9e109dc910, 5868;
E_0xba9e109e1c10/1468 .event anyedge, v0xba9e109dc910_5865, v0xba9e109dc910_5866, v0xba9e109dc910_5867, v0xba9e109dc910_5868;
v0xba9e109dc910_5869 .array/port v0xba9e109dc910, 5869;
v0xba9e109dc910_5870 .array/port v0xba9e109dc910, 5870;
v0xba9e109dc910_5871 .array/port v0xba9e109dc910, 5871;
v0xba9e109dc910_5872 .array/port v0xba9e109dc910, 5872;
E_0xba9e109e1c10/1469 .event anyedge, v0xba9e109dc910_5869, v0xba9e109dc910_5870, v0xba9e109dc910_5871, v0xba9e109dc910_5872;
v0xba9e109dc910_5873 .array/port v0xba9e109dc910, 5873;
v0xba9e109dc910_5874 .array/port v0xba9e109dc910, 5874;
v0xba9e109dc910_5875 .array/port v0xba9e109dc910, 5875;
v0xba9e109dc910_5876 .array/port v0xba9e109dc910, 5876;
E_0xba9e109e1c10/1470 .event anyedge, v0xba9e109dc910_5873, v0xba9e109dc910_5874, v0xba9e109dc910_5875, v0xba9e109dc910_5876;
v0xba9e109dc910_5877 .array/port v0xba9e109dc910, 5877;
v0xba9e109dc910_5878 .array/port v0xba9e109dc910, 5878;
v0xba9e109dc910_5879 .array/port v0xba9e109dc910, 5879;
v0xba9e109dc910_5880 .array/port v0xba9e109dc910, 5880;
E_0xba9e109e1c10/1471 .event anyedge, v0xba9e109dc910_5877, v0xba9e109dc910_5878, v0xba9e109dc910_5879, v0xba9e109dc910_5880;
v0xba9e109dc910_5881 .array/port v0xba9e109dc910, 5881;
v0xba9e109dc910_5882 .array/port v0xba9e109dc910, 5882;
v0xba9e109dc910_5883 .array/port v0xba9e109dc910, 5883;
v0xba9e109dc910_5884 .array/port v0xba9e109dc910, 5884;
E_0xba9e109e1c10/1472 .event anyedge, v0xba9e109dc910_5881, v0xba9e109dc910_5882, v0xba9e109dc910_5883, v0xba9e109dc910_5884;
v0xba9e109dc910_5885 .array/port v0xba9e109dc910, 5885;
v0xba9e109dc910_5886 .array/port v0xba9e109dc910, 5886;
v0xba9e109dc910_5887 .array/port v0xba9e109dc910, 5887;
v0xba9e109dc910_5888 .array/port v0xba9e109dc910, 5888;
E_0xba9e109e1c10/1473 .event anyedge, v0xba9e109dc910_5885, v0xba9e109dc910_5886, v0xba9e109dc910_5887, v0xba9e109dc910_5888;
v0xba9e109dc910_5889 .array/port v0xba9e109dc910, 5889;
v0xba9e109dc910_5890 .array/port v0xba9e109dc910, 5890;
v0xba9e109dc910_5891 .array/port v0xba9e109dc910, 5891;
v0xba9e109dc910_5892 .array/port v0xba9e109dc910, 5892;
E_0xba9e109e1c10/1474 .event anyedge, v0xba9e109dc910_5889, v0xba9e109dc910_5890, v0xba9e109dc910_5891, v0xba9e109dc910_5892;
v0xba9e109dc910_5893 .array/port v0xba9e109dc910, 5893;
v0xba9e109dc910_5894 .array/port v0xba9e109dc910, 5894;
v0xba9e109dc910_5895 .array/port v0xba9e109dc910, 5895;
v0xba9e109dc910_5896 .array/port v0xba9e109dc910, 5896;
E_0xba9e109e1c10/1475 .event anyedge, v0xba9e109dc910_5893, v0xba9e109dc910_5894, v0xba9e109dc910_5895, v0xba9e109dc910_5896;
v0xba9e109dc910_5897 .array/port v0xba9e109dc910, 5897;
v0xba9e109dc910_5898 .array/port v0xba9e109dc910, 5898;
v0xba9e109dc910_5899 .array/port v0xba9e109dc910, 5899;
v0xba9e109dc910_5900 .array/port v0xba9e109dc910, 5900;
E_0xba9e109e1c10/1476 .event anyedge, v0xba9e109dc910_5897, v0xba9e109dc910_5898, v0xba9e109dc910_5899, v0xba9e109dc910_5900;
v0xba9e109dc910_5901 .array/port v0xba9e109dc910, 5901;
v0xba9e109dc910_5902 .array/port v0xba9e109dc910, 5902;
v0xba9e109dc910_5903 .array/port v0xba9e109dc910, 5903;
v0xba9e109dc910_5904 .array/port v0xba9e109dc910, 5904;
E_0xba9e109e1c10/1477 .event anyedge, v0xba9e109dc910_5901, v0xba9e109dc910_5902, v0xba9e109dc910_5903, v0xba9e109dc910_5904;
v0xba9e109dc910_5905 .array/port v0xba9e109dc910, 5905;
v0xba9e109dc910_5906 .array/port v0xba9e109dc910, 5906;
v0xba9e109dc910_5907 .array/port v0xba9e109dc910, 5907;
v0xba9e109dc910_5908 .array/port v0xba9e109dc910, 5908;
E_0xba9e109e1c10/1478 .event anyedge, v0xba9e109dc910_5905, v0xba9e109dc910_5906, v0xba9e109dc910_5907, v0xba9e109dc910_5908;
v0xba9e109dc910_5909 .array/port v0xba9e109dc910, 5909;
v0xba9e109dc910_5910 .array/port v0xba9e109dc910, 5910;
v0xba9e109dc910_5911 .array/port v0xba9e109dc910, 5911;
v0xba9e109dc910_5912 .array/port v0xba9e109dc910, 5912;
E_0xba9e109e1c10/1479 .event anyedge, v0xba9e109dc910_5909, v0xba9e109dc910_5910, v0xba9e109dc910_5911, v0xba9e109dc910_5912;
v0xba9e109dc910_5913 .array/port v0xba9e109dc910, 5913;
v0xba9e109dc910_5914 .array/port v0xba9e109dc910, 5914;
v0xba9e109dc910_5915 .array/port v0xba9e109dc910, 5915;
v0xba9e109dc910_5916 .array/port v0xba9e109dc910, 5916;
E_0xba9e109e1c10/1480 .event anyedge, v0xba9e109dc910_5913, v0xba9e109dc910_5914, v0xba9e109dc910_5915, v0xba9e109dc910_5916;
v0xba9e109dc910_5917 .array/port v0xba9e109dc910, 5917;
v0xba9e109dc910_5918 .array/port v0xba9e109dc910, 5918;
v0xba9e109dc910_5919 .array/port v0xba9e109dc910, 5919;
v0xba9e109dc910_5920 .array/port v0xba9e109dc910, 5920;
E_0xba9e109e1c10/1481 .event anyedge, v0xba9e109dc910_5917, v0xba9e109dc910_5918, v0xba9e109dc910_5919, v0xba9e109dc910_5920;
v0xba9e109dc910_5921 .array/port v0xba9e109dc910, 5921;
v0xba9e109dc910_5922 .array/port v0xba9e109dc910, 5922;
v0xba9e109dc910_5923 .array/port v0xba9e109dc910, 5923;
v0xba9e109dc910_5924 .array/port v0xba9e109dc910, 5924;
E_0xba9e109e1c10/1482 .event anyedge, v0xba9e109dc910_5921, v0xba9e109dc910_5922, v0xba9e109dc910_5923, v0xba9e109dc910_5924;
v0xba9e109dc910_5925 .array/port v0xba9e109dc910, 5925;
v0xba9e109dc910_5926 .array/port v0xba9e109dc910, 5926;
v0xba9e109dc910_5927 .array/port v0xba9e109dc910, 5927;
v0xba9e109dc910_5928 .array/port v0xba9e109dc910, 5928;
E_0xba9e109e1c10/1483 .event anyedge, v0xba9e109dc910_5925, v0xba9e109dc910_5926, v0xba9e109dc910_5927, v0xba9e109dc910_5928;
v0xba9e109dc910_5929 .array/port v0xba9e109dc910, 5929;
v0xba9e109dc910_5930 .array/port v0xba9e109dc910, 5930;
v0xba9e109dc910_5931 .array/port v0xba9e109dc910, 5931;
v0xba9e109dc910_5932 .array/port v0xba9e109dc910, 5932;
E_0xba9e109e1c10/1484 .event anyedge, v0xba9e109dc910_5929, v0xba9e109dc910_5930, v0xba9e109dc910_5931, v0xba9e109dc910_5932;
v0xba9e109dc910_5933 .array/port v0xba9e109dc910, 5933;
v0xba9e109dc910_5934 .array/port v0xba9e109dc910, 5934;
v0xba9e109dc910_5935 .array/port v0xba9e109dc910, 5935;
v0xba9e109dc910_5936 .array/port v0xba9e109dc910, 5936;
E_0xba9e109e1c10/1485 .event anyedge, v0xba9e109dc910_5933, v0xba9e109dc910_5934, v0xba9e109dc910_5935, v0xba9e109dc910_5936;
v0xba9e109dc910_5937 .array/port v0xba9e109dc910, 5937;
v0xba9e109dc910_5938 .array/port v0xba9e109dc910, 5938;
v0xba9e109dc910_5939 .array/port v0xba9e109dc910, 5939;
v0xba9e109dc910_5940 .array/port v0xba9e109dc910, 5940;
E_0xba9e109e1c10/1486 .event anyedge, v0xba9e109dc910_5937, v0xba9e109dc910_5938, v0xba9e109dc910_5939, v0xba9e109dc910_5940;
v0xba9e109dc910_5941 .array/port v0xba9e109dc910, 5941;
v0xba9e109dc910_5942 .array/port v0xba9e109dc910, 5942;
v0xba9e109dc910_5943 .array/port v0xba9e109dc910, 5943;
v0xba9e109dc910_5944 .array/port v0xba9e109dc910, 5944;
E_0xba9e109e1c10/1487 .event anyedge, v0xba9e109dc910_5941, v0xba9e109dc910_5942, v0xba9e109dc910_5943, v0xba9e109dc910_5944;
v0xba9e109dc910_5945 .array/port v0xba9e109dc910, 5945;
v0xba9e109dc910_5946 .array/port v0xba9e109dc910, 5946;
v0xba9e109dc910_5947 .array/port v0xba9e109dc910, 5947;
v0xba9e109dc910_5948 .array/port v0xba9e109dc910, 5948;
E_0xba9e109e1c10/1488 .event anyedge, v0xba9e109dc910_5945, v0xba9e109dc910_5946, v0xba9e109dc910_5947, v0xba9e109dc910_5948;
v0xba9e109dc910_5949 .array/port v0xba9e109dc910, 5949;
v0xba9e109dc910_5950 .array/port v0xba9e109dc910, 5950;
v0xba9e109dc910_5951 .array/port v0xba9e109dc910, 5951;
v0xba9e109dc910_5952 .array/port v0xba9e109dc910, 5952;
E_0xba9e109e1c10/1489 .event anyedge, v0xba9e109dc910_5949, v0xba9e109dc910_5950, v0xba9e109dc910_5951, v0xba9e109dc910_5952;
v0xba9e109dc910_5953 .array/port v0xba9e109dc910, 5953;
v0xba9e109dc910_5954 .array/port v0xba9e109dc910, 5954;
v0xba9e109dc910_5955 .array/port v0xba9e109dc910, 5955;
v0xba9e109dc910_5956 .array/port v0xba9e109dc910, 5956;
E_0xba9e109e1c10/1490 .event anyedge, v0xba9e109dc910_5953, v0xba9e109dc910_5954, v0xba9e109dc910_5955, v0xba9e109dc910_5956;
v0xba9e109dc910_5957 .array/port v0xba9e109dc910, 5957;
v0xba9e109dc910_5958 .array/port v0xba9e109dc910, 5958;
v0xba9e109dc910_5959 .array/port v0xba9e109dc910, 5959;
v0xba9e109dc910_5960 .array/port v0xba9e109dc910, 5960;
E_0xba9e109e1c10/1491 .event anyedge, v0xba9e109dc910_5957, v0xba9e109dc910_5958, v0xba9e109dc910_5959, v0xba9e109dc910_5960;
v0xba9e109dc910_5961 .array/port v0xba9e109dc910, 5961;
v0xba9e109dc910_5962 .array/port v0xba9e109dc910, 5962;
v0xba9e109dc910_5963 .array/port v0xba9e109dc910, 5963;
v0xba9e109dc910_5964 .array/port v0xba9e109dc910, 5964;
E_0xba9e109e1c10/1492 .event anyedge, v0xba9e109dc910_5961, v0xba9e109dc910_5962, v0xba9e109dc910_5963, v0xba9e109dc910_5964;
v0xba9e109dc910_5965 .array/port v0xba9e109dc910, 5965;
v0xba9e109dc910_5966 .array/port v0xba9e109dc910, 5966;
v0xba9e109dc910_5967 .array/port v0xba9e109dc910, 5967;
v0xba9e109dc910_5968 .array/port v0xba9e109dc910, 5968;
E_0xba9e109e1c10/1493 .event anyedge, v0xba9e109dc910_5965, v0xba9e109dc910_5966, v0xba9e109dc910_5967, v0xba9e109dc910_5968;
v0xba9e109dc910_5969 .array/port v0xba9e109dc910, 5969;
v0xba9e109dc910_5970 .array/port v0xba9e109dc910, 5970;
v0xba9e109dc910_5971 .array/port v0xba9e109dc910, 5971;
v0xba9e109dc910_5972 .array/port v0xba9e109dc910, 5972;
E_0xba9e109e1c10/1494 .event anyedge, v0xba9e109dc910_5969, v0xba9e109dc910_5970, v0xba9e109dc910_5971, v0xba9e109dc910_5972;
v0xba9e109dc910_5973 .array/port v0xba9e109dc910, 5973;
v0xba9e109dc910_5974 .array/port v0xba9e109dc910, 5974;
v0xba9e109dc910_5975 .array/port v0xba9e109dc910, 5975;
v0xba9e109dc910_5976 .array/port v0xba9e109dc910, 5976;
E_0xba9e109e1c10/1495 .event anyedge, v0xba9e109dc910_5973, v0xba9e109dc910_5974, v0xba9e109dc910_5975, v0xba9e109dc910_5976;
v0xba9e109dc910_5977 .array/port v0xba9e109dc910, 5977;
v0xba9e109dc910_5978 .array/port v0xba9e109dc910, 5978;
v0xba9e109dc910_5979 .array/port v0xba9e109dc910, 5979;
v0xba9e109dc910_5980 .array/port v0xba9e109dc910, 5980;
E_0xba9e109e1c10/1496 .event anyedge, v0xba9e109dc910_5977, v0xba9e109dc910_5978, v0xba9e109dc910_5979, v0xba9e109dc910_5980;
v0xba9e109dc910_5981 .array/port v0xba9e109dc910, 5981;
v0xba9e109dc910_5982 .array/port v0xba9e109dc910, 5982;
v0xba9e109dc910_5983 .array/port v0xba9e109dc910, 5983;
v0xba9e109dc910_5984 .array/port v0xba9e109dc910, 5984;
E_0xba9e109e1c10/1497 .event anyedge, v0xba9e109dc910_5981, v0xba9e109dc910_5982, v0xba9e109dc910_5983, v0xba9e109dc910_5984;
v0xba9e109dc910_5985 .array/port v0xba9e109dc910, 5985;
v0xba9e109dc910_5986 .array/port v0xba9e109dc910, 5986;
v0xba9e109dc910_5987 .array/port v0xba9e109dc910, 5987;
v0xba9e109dc910_5988 .array/port v0xba9e109dc910, 5988;
E_0xba9e109e1c10/1498 .event anyedge, v0xba9e109dc910_5985, v0xba9e109dc910_5986, v0xba9e109dc910_5987, v0xba9e109dc910_5988;
v0xba9e109dc910_5989 .array/port v0xba9e109dc910, 5989;
v0xba9e109dc910_5990 .array/port v0xba9e109dc910, 5990;
v0xba9e109dc910_5991 .array/port v0xba9e109dc910, 5991;
v0xba9e109dc910_5992 .array/port v0xba9e109dc910, 5992;
E_0xba9e109e1c10/1499 .event anyedge, v0xba9e109dc910_5989, v0xba9e109dc910_5990, v0xba9e109dc910_5991, v0xba9e109dc910_5992;
v0xba9e109dc910_5993 .array/port v0xba9e109dc910, 5993;
v0xba9e109dc910_5994 .array/port v0xba9e109dc910, 5994;
v0xba9e109dc910_5995 .array/port v0xba9e109dc910, 5995;
v0xba9e109dc910_5996 .array/port v0xba9e109dc910, 5996;
E_0xba9e109e1c10/1500 .event anyedge, v0xba9e109dc910_5993, v0xba9e109dc910_5994, v0xba9e109dc910_5995, v0xba9e109dc910_5996;
v0xba9e109dc910_5997 .array/port v0xba9e109dc910, 5997;
v0xba9e109dc910_5998 .array/port v0xba9e109dc910, 5998;
v0xba9e109dc910_5999 .array/port v0xba9e109dc910, 5999;
v0xba9e109dc910_6000 .array/port v0xba9e109dc910, 6000;
E_0xba9e109e1c10/1501 .event anyedge, v0xba9e109dc910_5997, v0xba9e109dc910_5998, v0xba9e109dc910_5999, v0xba9e109dc910_6000;
v0xba9e109dc910_6001 .array/port v0xba9e109dc910, 6001;
v0xba9e109dc910_6002 .array/port v0xba9e109dc910, 6002;
v0xba9e109dc910_6003 .array/port v0xba9e109dc910, 6003;
v0xba9e109dc910_6004 .array/port v0xba9e109dc910, 6004;
E_0xba9e109e1c10/1502 .event anyedge, v0xba9e109dc910_6001, v0xba9e109dc910_6002, v0xba9e109dc910_6003, v0xba9e109dc910_6004;
v0xba9e109dc910_6005 .array/port v0xba9e109dc910, 6005;
v0xba9e109dc910_6006 .array/port v0xba9e109dc910, 6006;
v0xba9e109dc910_6007 .array/port v0xba9e109dc910, 6007;
v0xba9e109dc910_6008 .array/port v0xba9e109dc910, 6008;
E_0xba9e109e1c10/1503 .event anyedge, v0xba9e109dc910_6005, v0xba9e109dc910_6006, v0xba9e109dc910_6007, v0xba9e109dc910_6008;
v0xba9e109dc910_6009 .array/port v0xba9e109dc910, 6009;
v0xba9e109dc910_6010 .array/port v0xba9e109dc910, 6010;
v0xba9e109dc910_6011 .array/port v0xba9e109dc910, 6011;
v0xba9e109dc910_6012 .array/port v0xba9e109dc910, 6012;
E_0xba9e109e1c10/1504 .event anyedge, v0xba9e109dc910_6009, v0xba9e109dc910_6010, v0xba9e109dc910_6011, v0xba9e109dc910_6012;
v0xba9e109dc910_6013 .array/port v0xba9e109dc910, 6013;
v0xba9e109dc910_6014 .array/port v0xba9e109dc910, 6014;
v0xba9e109dc910_6015 .array/port v0xba9e109dc910, 6015;
v0xba9e109dc910_6016 .array/port v0xba9e109dc910, 6016;
E_0xba9e109e1c10/1505 .event anyedge, v0xba9e109dc910_6013, v0xba9e109dc910_6014, v0xba9e109dc910_6015, v0xba9e109dc910_6016;
v0xba9e109dc910_6017 .array/port v0xba9e109dc910, 6017;
v0xba9e109dc910_6018 .array/port v0xba9e109dc910, 6018;
v0xba9e109dc910_6019 .array/port v0xba9e109dc910, 6019;
v0xba9e109dc910_6020 .array/port v0xba9e109dc910, 6020;
E_0xba9e109e1c10/1506 .event anyedge, v0xba9e109dc910_6017, v0xba9e109dc910_6018, v0xba9e109dc910_6019, v0xba9e109dc910_6020;
v0xba9e109dc910_6021 .array/port v0xba9e109dc910, 6021;
v0xba9e109dc910_6022 .array/port v0xba9e109dc910, 6022;
v0xba9e109dc910_6023 .array/port v0xba9e109dc910, 6023;
v0xba9e109dc910_6024 .array/port v0xba9e109dc910, 6024;
E_0xba9e109e1c10/1507 .event anyedge, v0xba9e109dc910_6021, v0xba9e109dc910_6022, v0xba9e109dc910_6023, v0xba9e109dc910_6024;
v0xba9e109dc910_6025 .array/port v0xba9e109dc910, 6025;
v0xba9e109dc910_6026 .array/port v0xba9e109dc910, 6026;
v0xba9e109dc910_6027 .array/port v0xba9e109dc910, 6027;
v0xba9e109dc910_6028 .array/port v0xba9e109dc910, 6028;
E_0xba9e109e1c10/1508 .event anyedge, v0xba9e109dc910_6025, v0xba9e109dc910_6026, v0xba9e109dc910_6027, v0xba9e109dc910_6028;
v0xba9e109dc910_6029 .array/port v0xba9e109dc910, 6029;
v0xba9e109dc910_6030 .array/port v0xba9e109dc910, 6030;
v0xba9e109dc910_6031 .array/port v0xba9e109dc910, 6031;
v0xba9e109dc910_6032 .array/port v0xba9e109dc910, 6032;
E_0xba9e109e1c10/1509 .event anyedge, v0xba9e109dc910_6029, v0xba9e109dc910_6030, v0xba9e109dc910_6031, v0xba9e109dc910_6032;
v0xba9e109dc910_6033 .array/port v0xba9e109dc910, 6033;
v0xba9e109dc910_6034 .array/port v0xba9e109dc910, 6034;
v0xba9e109dc910_6035 .array/port v0xba9e109dc910, 6035;
v0xba9e109dc910_6036 .array/port v0xba9e109dc910, 6036;
E_0xba9e109e1c10/1510 .event anyedge, v0xba9e109dc910_6033, v0xba9e109dc910_6034, v0xba9e109dc910_6035, v0xba9e109dc910_6036;
v0xba9e109dc910_6037 .array/port v0xba9e109dc910, 6037;
v0xba9e109dc910_6038 .array/port v0xba9e109dc910, 6038;
v0xba9e109dc910_6039 .array/port v0xba9e109dc910, 6039;
v0xba9e109dc910_6040 .array/port v0xba9e109dc910, 6040;
E_0xba9e109e1c10/1511 .event anyedge, v0xba9e109dc910_6037, v0xba9e109dc910_6038, v0xba9e109dc910_6039, v0xba9e109dc910_6040;
v0xba9e109dc910_6041 .array/port v0xba9e109dc910, 6041;
v0xba9e109dc910_6042 .array/port v0xba9e109dc910, 6042;
v0xba9e109dc910_6043 .array/port v0xba9e109dc910, 6043;
v0xba9e109dc910_6044 .array/port v0xba9e109dc910, 6044;
E_0xba9e109e1c10/1512 .event anyedge, v0xba9e109dc910_6041, v0xba9e109dc910_6042, v0xba9e109dc910_6043, v0xba9e109dc910_6044;
v0xba9e109dc910_6045 .array/port v0xba9e109dc910, 6045;
v0xba9e109dc910_6046 .array/port v0xba9e109dc910, 6046;
v0xba9e109dc910_6047 .array/port v0xba9e109dc910, 6047;
v0xba9e109dc910_6048 .array/port v0xba9e109dc910, 6048;
E_0xba9e109e1c10/1513 .event anyedge, v0xba9e109dc910_6045, v0xba9e109dc910_6046, v0xba9e109dc910_6047, v0xba9e109dc910_6048;
v0xba9e109dc910_6049 .array/port v0xba9e109dc910, 6049;
v0xba9e109dc910_6050 .array/port v0xba9e109dc910, 6050;
v0xba9e109dc910_6051 .array/port v0xba9e109dc910, 6051;
v0xba9e109dc910_6052 .array/port v0xba9e109dc910, 6052;
E_0xba9e109e1c10/1514 .event anyedge, v0xba9e109dc910_6049, v0xba9e109dc910_6050, v0xba9e109dc910_6051, v0xba9e109dc910_6052;
v0xba9e109dc910_6053 .array/port v0xba9e109dc910, 6053;
v0xba9e109dc910_6054 .array/port v0xba9e109dc910, 6054;
v0xba9e109dc910_6055 .array/port v0xba9e109dc910, 6055;
v0xba9e109dc910_6056 .array/port v0xba9e109dc910, 6056;
E_0xba9e109e1c10/1515 .event anyedge, v0xba9e109dc910_6053, v0xba9e109dc910_6054, v0xba9e109dc910_6055, v0xba9e109dc910_6056;
v0xba9e109dc910_6057 .array/port v0xba9e109dc910, 6057;
v0xba9e109dc910_6058 .array/port v0xba9e109dc910, 6058;
v0xba9e109dc910_6059 .array/port v0xba9e109dc910, 6059;
v0xba9e109dc910_6060 .array/port v0xba9e109dc910, 6060;
E_0xba9e109e1c10/1516 .event anyedge, v0xba9e109dc910_6057, v0xba9e109dc910_6058, v0xba9e109dc910_6059, v0xba9e109dc910_6060;
v0xba9e109dc910_6061 .array/port v0xba9e109dc910, 6061;
v0xba9e109dc910_6062 .array/port v0xba9e109dc910, 6062;
v0xba9e109dc910_6063 .array/port v0xba9e109dc910, 6063;
v0xba9e109dc910_6064 .array/port v0xba9e109dc910, 6064;
E_0xba9e109e1c10/1517 .event anyedge, v0xba9e109dc910_6061, v0xba9e109dc910_6062, v0xba9e109dc910_6063, v0xba9e109dc910_6064;
v0xba9e109dc910_6065 .array/port v0xba9e109dc910, 6065;
v0xba9e109dc910_6066 .array/port v0xba9e109dc910, 6066;
v0xba9e109dc910_6067 .array/port v0xba9e109dc910, 6067;
v0xba9e109dc910_6068 .array/port v0xba9e109dc910, 6068;
E_0xba9e109e1c10/1518 .event anyedge, v0xba9e109dc910_6065, v0xba9e109dc910_6066, v0xba9e109dc910_6067, v0xba9e109dc910_6068;
v0xba9e109dc910_6069 .array/port v0xba9e109dc910, 6069;
v0xba9e109dc910_6070 .array/port v0xba9e109dc910, 6070;
v0xba9e109dc910_6071 .array/port v0xba9e109dc910, 6071;
v0xba9e109dc910_6072 .array/port v0xba9e109dc910, 6072;
E_0xba9e109e1c10/1519 .event anyedge, v0xba9e109dc910_6069, v0xba9e109dc910_6070, v0xba9e109dc910_6071, v0xba9e109dc910_6072;
v0xba9e109dc910_6073 .array/port v0xba9e109dc910, 6073;
v0xba9e109dc910_6074 .array/port v0xba9e109dc910, 6074;
v0xba9e109dc910_6075 .array/port v0xba9e109dc910, 6075;
v0xba9e109dc910_6076 .array/port v0xba9e109dc910, 6076;
E_0xba9e109e1c10/1520 .event anyedge, v0xba9e109dc910_6073, v0xba9e109dc910_6074, v0xba9e109dc910_6075, v0xba9e109dc910_6076;
v0xba9e109dc910_6077 .array/port v0xba9e109dc910, 6077;
v0xba9e109dc910_6078 .array/port v0xba9e109dc910, 6078;
v0xba9e109dc910_6079 .array/port v0xba9e109dc910, 6079;
v0xba9e109dc910_6080 .array/port v0xba9e109dc910, 6080;
E_0xba9e109e1c10/1521 .event anyedge, v0xba9e109dc910_6077, v0xba9e109dc910_6078, v0xba9e109dc910_6079, v0xba9e109dc910_6080;
v0xba9e109dc910_6081 .array/port v0xba9e109dc910, 6081;
v0xba9e109dc910_6082 .array/port v0xba9e109dc910, 6082;
v0xba9e109dc910_6083 .array/port v0xba9e109dc910, 6083;
v0xba9e109dc910_6084 .array/port v0xba9e109dc910, 6084;
E_0xba9e109e1c10/1522 .event anyedge, v0xba9e109dc910_6081, v0xba9e109dc910_6082, v0xba9e109dc910_6083, v0xba9e109dc910_6084;
v0xba9e109dc910_6085 .array/port v0xba9e109dc910, 6085;
v0xba9e109dc910_6086 .array/port v0xba9e109dc910, 6086;
v0xba9e109dc910_6087 .array/port v0xba9e109dc910, 6087;
v0xba9e109dc910_6088 .array/port v0xba9e109dc910, 6088;
E_0xba9e109e1c10/1523 .event anyedge, v0xba9e109dc910_6085, v0xba9e109dc910_6086, v0xba9e109dc910_6087, v0xba9e109dc910_6088;
v0xba9e109dc910_6089 .array/port v0xba9e109dc910, 6089;
v0xba9e109dc910_6090 .array/port v0xba9e109dc910, 6090;
v0xba9e109dc910_6091 .array/port v0xba9e109dc910, 6091;
v0xba9e109dc910_6092 .array/port v0xba9e109dc910, 6092;
E_0xba9e109e1c10/1524 .event anyedge, v0xba9e109dc910_6089, v0xba9e109dc910_6090, v0xba9e109dc910_6091, v0xba9e109dc910_6092;
v0xba9e109dc910_6093 .array/port v0xba9e109dc910, 6093;
v0xba9e109dc910_6094 .array/port v0xba9e109dc910, 6094;
v0xba9e109dc910_6095 .array/port v0xba9e109dc910, 6095;
v0xba9e109dc910_6096 .array/port v0xba9e109dc910, 6096;
E_0xba9e109e1c10/1525 .event anyedge, v0xba9e109dc910_6093, v0xba9e109dc910_6094, v0xba9e109dc910_6095, v0xba9e109dc910_6096;
v0xba9e109dc910_6097 .array/port v0xba9e109dc910, 6097;
v0xba9e109dc910_6098 .array/port v0xba9e109dc910, 6098;
v0xba9e109dc910_6099 .array/port v0xba9e109dc910, 6099;
v0xba9e109dc910_6100 .array/port v0xba9e109dc910, 6100;
E_0xba9e109e1c10/1526 .event anyedge, v0xba9e109dc910_6097, v0xba9e109dc910_6098, v0xba9e109dc910_6099, v0xba9e109dc910_6100;
v0xba9e109dc910_6101 .array/port v0xba9e109dc910, 6101;
v0xba9e109dc910_6102 .array/port v0xba9e109dc910, 6102;
v0xba9e109dc910_6103 .array/port v0xba9e109dc910, 6103;
v0xba9e109dc910_6104 .array/port v0xba9e109dc910, 6104;
E_0xba9e109e1c10/1527 .event anyedge, v0xba9e109dc910_6101, v0xba9e109dc910_6102, v0xba9e109dc910_6103, v0xba9e109dc910_6104;
v0xba9e109dc910_6105 .array/port v0xba9e109dc910, 6105;
v0xba9e109dc910_6106 .array/port v0xba9e109dc910, 6106;
v0xba9e109dc910_6107 .array/port v0xba9e109dc910, 6107;
v0xba9e109dc910_6108 .array/port v0xba9e109dc910, 6108;
E_0xba9e109e1c10/1528 .event anyedge, v0xba9e109dc910_6105, v0xba9e109dc910_6106, v0xba9e109dc910_6107, v0xba9e109dc910_6108;
v0xba9e109dc910_6109 .array/port v0xba9e109dc910, 6109;
v0xba9e109dc910_6110 .array/port v0xba9e109dc910, 6110;
v0xba9e109dc910_6111 .array/port v0xba9e109dc910, 6111;
v0xba9e109dc910_6112 .array/port v0xba9e109dc910, 6112;
E_0xba9e109e1c10/1529 .event anyedge, v0xba9e109dc910_6109, v0xba9e109dc910_6110, v0xba9e109dc910_6111, v0xba9e109dc910_6112;
v0xba9e109dc910_6113 .array/port v0xba9e109dc910, 6113;
v0xba9e109dc910_6114 .array/port v0xba9e109dc910, 6114;
v0xba9e109dc910_6115 .array/port v0xba9e109dc910, 6115;
v0xba9e109dc910_6116 .array/port v0xba9e109dc910, 6116;
E_0xba9e109e1c10/1530 .event anyedge, v0xba9e109dc910_6113, v0xba9e109dc910_6114, v0xba9e109dc910_6115, v0xba9e109dc910_6116;
v0xba9e109dc910_6117 .array/port v0xba9e109dc910, 6117;
v0xba9e109dc910_6118 .array/port v0xba9e109dc910, 6118;
v0xba9e109dc910_6119 .array/port v0xba9e109dc910, 6119;
v0xba9e109dc910_6120 .array/port v0xba9e109dc910, 6120;
E_0xba9e109e1c10/1531 .event anyedge, v0xba9e109dc910_6117, v0xba9e109dc910_6118, v0xba9e109dc910_6119, v0xba9e109dc910_6120;
v0xba9e109dc910_6121 .array/port v0xba9e109dc910, 6121;
v0xba9e109dc910_6122 .array/port v0xba9e109dc910, 6122;
v0xba9e109dc910_6123 .array/port v0xba9e109dc910, 6123;
v0xba9e109dc910_6124 .array/port v0xba9e109dc910, 6124;
E_0xba9e109e1c10/1532 .event anyedge, v0xba9e109dc910_6121, v0xba9e109dc910_6122, v0xba9e109dc910_6123, v0xba9e109dc910_6124;
v0xba9e109dc910_6125 .array/port v0xba9e109dc910, 6125;
v0xba9e109dc910_6126 .array/port v0xba9e109dc910, 6126;
v0xba9e109dc910_6127 .array/port v0xba9e109dc910, 6127;
v0xba9e109dc910_6128 .array/port v0xba9e109dc910, 6128;
E_0xba9e109e1c10/1533 .event anyedge, v0xba9e109dc910_6125, v0xba9e109dc910_6126, v0xba9e109dc910_6127, v0xba9e109dc910_6128;
v0xba9e109dc910_6129 .array/port v0xba9e109dc910, 6129;
v0xba9e109dc910_6130 .array/port v0xba9e109dc910, 6130;
v0xba9e109dc910_6131 .array/port v0xba9e109dc910, 6131;
v0xba9e109dc910_6132 .array/port v0xba9e109dc910, 6132;
E_0xba9e109e1c10/1534 .event anyedge, v0xba9e109dc910_6129, v0xba9e109dc910_6130, v0xba9e109dc910_6131, v0xba9e109dc910_6132;
v0xba9e109dc910_6133 .array/port v0xba9e109dc910, 6133;
v0xba9e109dc910_6134 .array/port v0xba9e109dc910, 6134;
v0xba9e109dc910_6135 .array/port v0xba9e109dc910, 6135;
v0xba9e109dc910_6136 .array/port v0xba9e109dc910, 6136;
E_0xba9e109e1c10/1535 .event anyedge, v0xba9e109dc910_6133, v0xba9e109dc910_6134, v0xba9e109dc910_6135, v0xba9e109dc910_6136;
v0xba9e109dc910_6137 .array/port v0xba9e109dc910, 6137;
v0xba9e109dc910_6138 .array/port v0xba9e109dc910, 6138;
v0xba9e109dc910_6139 .array/port v0xba9e109dc910, 6139;
v0xba9e109dc910_6140 .array/port v0xba9e109dc910, 6140;
E_0xba9e109e1c10/1536 .event anyedge, v0xba9e109dc910_6137, v0xba9e109dc910_6138, v0xba9e109dc910_6139, v0xba9e109dc910_6140;
v0xba9e109dc910_6141 .array/port v0xba9e109dc910, 6141;
v0xba9e109dc910_6142 .array/port v0xba9e109dc910, 6142;
v0xba9e109dc910_6143 .array/port v0xba9e109dc910, 6143;
v0xba9e109dc910_6144 .array/port v0xba9e109dc910, 6144;
E_0xba9e109e1c10/1537 .event anyedge, v0xba9e109dc910_6141, v0xba9e109dc910_6142, v0xba9e109dc910_6143, v0xba9e109dc910_6144;
v0xba9e109dc910_6145 .array/port v0xba9e109dc910, 6145;
v0xba9e109dc910_6146 .array/port v0xba9e109dc910, 6146;
v0xba9e109dc910_6147 .array/port v0xba9e109dc910, 6147;
v0xba9e109dc910_6148 .array/port v0xba9e109dc910, 6148;
E_0xba9e109e1c10/1538 .event anyedge, v0xba9e109dc910_6145, v0xba9e109dc910_6146, v0xba9e109dc910_6147, v0xba9e109dc910_6148;
v0xba9e109dc910_6149 .array/port v0xba9e109dc910, 6149;
v0xba9e109dc910_6150 .array/port v0xba9e109dc910, 6150;
v0xba9e109dc910_6151 .array/port v0xba9e109dc910, 6151;
v0xba9e109dc910_6152 .array/port v0xba9e109dc910, 6152;
E_0xba9e109e1c10/1539 .event anyedge, v0xba9e109dc910_6149, v0xba9e109dc910_6150, v0xba9e109dc910_6151, v0xba9e109dc910_6152;
v0xba9e109dc910_6153 .array/port v0xba9e109dc910, 6153;
v0xba9e109dc910_6154 .array/port v0xba9e109dc910, 6154;
v0xba9e109dc910_6155 .array/port v0xba9e109dc910, 6155;
v0xba9e109dc910_6156 .array/port v0xba9e109dc910, 6156;
E_0xba9e109e1c10/1540 .event anyedge, v0xba9e109dc910_6153, v0xba9e109dc910_6154, v0xba9e109dc910_6155, v0xba9e109dc910_6156;
v0xba9e109dc910_6157 .array/port v0xba9e109dc910, 6157;
v0xba9e109dc910_6158 .array/port v0xba9e109dc910, 6158;
v0xba9e109dc910_6159 .array/port v0xba9e109dc910, 6159;
v0xba9e109dc910_6160 .array/port v0xba9e109dc910, 6160;
E_0xba9e109e1c10/1541 .event anyedge, v0xba9e109dc910_6157, v0xba9e109dc910_6158, v0xba9e109dc910_6159, v0xba9e109dc910_6160;
v0xba9e109dc910_6161 .array/port v0xba9e109dc910, 6161;
v0xba9e109dc910_6162 .array/port v0xba9e109dc910, 6162;
v0xba9e109dc910_6163 .array/port v0xba9e109dc910, 6163;
v0xba9e109dc910_6164 .array/port v0xba9e109dc910, 6164;
E_0xba9e109e1c10/1542 .event anyedge, v0xba9e109dc910_6161, v0xba9e109dc910_6162, v0xba9e109dc910_6163, v0xba9e109dc910_6164;
v0xba9e109dc910_6165 .array/port v0xba9e109dc910, 6165;
v0xba9e109dc910_6166 .array/port v0xba9e109dc910, 6166;
v0xba9e109dc910_6167 .array/port v0xba9e109dc910, 6167;
v0xba9e109dc910_6168 .array/port v0xba9e109dc910, 6168;
E_0xba9e109e1c10/1543 .event anyedge, v0xba9e109dc910_6165, v0xba9e109dc910_6166, v0xba9e109dc910_6167, v0xba9e109dc910_6168;
v0xba9e109dc910_6169 .array/port v0xba9e109dc910, 6169;
v0xba9e109dc910_6170 .array/port v0xba9e109dc910, 6170;
v0xba9e109dc910_6171 .array/port v0xba9e109dc910, 6171;
v0xba9e109dc910_6172 .array/port v0xba9e109dc910, 6172;
E_0xba9e109e1c10/1544 .event anyedge, v0xba9e109dc910_6169, v0xba9e109dc910_6170, v0xba9e109dc910_6171, v0xba9e109dc910_6172;
v0xba9e109dc910_6173 .array/port v0xba9e109dc910, 6173;
v0xba9e109dc910_6174 .array/port v0xba9e109dc910, 6174;
v0xba9e109dc910_6175 .array/port v0xba9e109dc910, 6175;
v0xba9e109dc910_6176 .array/port v0xba9e109dc910, 6176;
E_0xba9e109e1c10/1545 .event anyedge, v0xba9e109dc910_6173, v0xba9e109dc910_6174, v0xba9e109dc910_6175, v0xba9e109dc910_6176;
v0xba9e109dc910_6177 .array/port v0xba9e109dc910, 6177;
v0xba9e109dc910_6178 .array/port v0xba9e109dc910, 6178;
v0xba9e109dc910_6179 .array/port v0xba9e109dc910, 6179;
v0xba9e109dc910_6180 .array/port v0xba9e109dc910, 6180;
E_0xba9e109e1c10/1546 .event anyedge, v0xba9e109dc910_6177, v0xba9e109dc910_6178, v0xba9e109dc910_6179, v0xba9e109dc910_6180;
v0xba9e109dc910_6181 .array/port v0xba9e109dc910, 6181;
v0xba9e109dc910_6182 .array/port v0xba9e109dc910, 6182;
v0xba9e109dc910_6183 .array/port v0xba9e109dc910, 6183;
v0xba9e109dc910_6184 .array/port v0xba9e109dc910, 6184;
E_0xba9e109e1c10/1547 .event anyedge, v0xba9e109dc910_6181, v0xba9e109dc910_6182, v0xba9e109dc910_6183, v0xba9e109dc910_6184;
v0xba9e109dc910_6185 .array/port v0xba9e109dc910, 6185;
v0xba9e109dc910_6186 .array/port v0xba9e109dc910, 6186;
v0xba9e109dc910_6187 .array/port v0xba9e109dc910, 6187;
v0xba9e109dc910_6188 .array/port v0xba9e109dc910, 6188;
E_0xba9e109e1c10/1548 .event anyedge, v0xba9e109dc910_6185, v0xba9e109dc910_6186, v0xba9e109dc910_6187, v0xba9e109dc910_6188;
v0xba9e109dc910_6189 .array/port v0xba9e109dc910, 6189;
v0xba9e109dc910_6190 .array/port v0xba9e109dc910, 6190;
v0xba9e109dc910_6191 .array/port v0xba9e109dc910, 6191;
v0xba9e109dc910_6192 .array/port v0xba9e109dc910, 6192;
E_0xba9e109e1c10/1549 .event anyedge, v0xba9e109dc910_6189, v0xba9e109dc910_6190, v0xba9e109dc910_6191, v0xba9e109dc910_6192;
v0xba9e109dc910_6193 .array/port v0xba9e109dc910, 6193;
v0xba9e109dc910_6194 .array/port v0xba9e109dc910, 6194;
v0xba9e109dc910_6195 .array/port v0xba9e109dc910, 6195;
v0xba9e109dc910_6196 .array/port v0xba9e109dc910, 6196;
E_0xba9e109e1c10/1550 .event anyedge, v0xba9e109dc910_6193, v0xba9e109dc910_6194, v0xba9e109dc910_6195, v0xba9e109dc910_6196;
v0xba9e109dc910_6197 .array/port v0xba9e109dc910, 6197;
v0xba9e109dc910_6198 .array/port v0xba9e109dc910, 6198;
v0xba9e109dc910_6199 .array/port v0xba9e109dc910, 6199;
v0xba9e109dc910_6200 .array/port v0xba9e109dc910, 6200;
E_0xba9e109e1c10/1551 .event anyedge, v0xba9e109dc910_6197, v0xba9e109dc910_6198, v0xba9e109dc910_6199, v0xba9e109dc910_6200;
v0xba9e109dc910_6201 .array/port v0xba9e109dc910, 6201;
v0xba9e109dc910_6202 .array/port v0xba9e109dc910, 6202;
v0xba9e109dc910_6203 .array/port v0xba9e109dc910, 6203;
v0xba9e109dc910_6204 .array/port v0xba9e109dc910, 6204;
E_0xba9e109e1c10/1552 .event anyedge, v0xba9e109dc910_6201, v0xba9e109dc910_6202, v0xba9e109dc910_6203, v0xba9e109dc910_6204;
v0xba9e109dc910_6205 .array/port v0xba9e109dc910, 6205;
v0xba9e109dc910_6206 .array/port v0xba9e109dc910, 6206;
v0xba9e109dc910_6207 .array/port v0xba9e109dc910, 6207;
v0xba9e109dc910_6208 .array/port v0xba9e109dc910, 6208;
E_0xba9e109e1c10/1553 .event anyedge, v0xba9e109dc910_6205, v0xba9e109dc910_6206, v0xba9e109dc910_6207, v0xba9e109dc910_6208;
v0xba9e109dc910_6209 .array/port v0xba9e109dc910, 6209;
v0xba9e109dc910_6210 .array/port v0xba9e109dc910, 6210;
v0xba9e109dc910_6211 .array/port v0xba9e109dc910, 6211;
v0xba9e109dc910_6212 .array/port v0xba9e109dc910, 6212;
E_0xba9e109e1c10/1554 .event anyedge, v0xba9e109dc910_6209, v0xba9e109dc910_6210, v0xba9e109dc910_6211, v0xba9e109dc910_6212;
v0xba9e109dc910_6213 .array/port v0xba9e109dc910, 6213;
v0xba9e109dc910_6214 .array/port v0xba9e109dc910, 6214;
v0xba9e109dc910_6215 .array/port v0xba9e109dc910, 6215;
v0xba9e109dc910_6216 .array/port v0xba9e109dc910, 6216;
E_0xba9e109e1c10/1555 .event anyedge, v0xba9e109dc910_6213, v0xba9e109dc910_6214, v0xba9e109dc910_6215, v0xba9e109dc910_6216;
v0xba9e109dc910_6217 .array/port v0xba9e109dc910, 6217;
v0xba9e109dc910_6218 .array/port v0xba9e109dc910, 6218;
v0xba9e109dc910_6219 .array/port v0xba9e109dc910, 6219;
v0xba9e109dc910_6220 .array/port v0xba9e109dc910, 6220;
E_0xba9e109e1c10/1556 .event anyedge, v0xba9e109dc910_6217, v0xba9e109dc910_6218, v0xba9e109dc910_6219, v0xba9e109dc910_6220;
v0xba9e109dc910_6221 .array/port v0xba9e109dc910, 6221;
v0xba9e109dc910_6222 .array/port v0xba9e109dc910, 6222;
v0xba9e109dc910_6223 .array/port v0xba9e109dc910, 6223;
v0xba9e109dc910_6224 .array/port v0xba9e109dc910, 6224;
E_0xba9e109e1c10/1557 .event anyedge, v0xba9e109dc910_6221, v0xba9e109dc910_6222, v0xba9e109dc910_6223, v0xba9e109dc910_6224;
v0xba9e109dc910_6225 .array/port v0xba9e109dc910, 6225;
v0xba9e109dc910_6226 .array/port v0xba9e109dc910, 6226;
v0xba9e109dc910_6227 .array/port v0xba9e109dc910, 6227;
v0xba9e109dc910_6228 .array/port v0xba9e109dc910, 6228;
E_0xba9e109e1c10/1558 .event anyedge, v0xba9e109dc910_6225, v0xba9e109dc910_6226, v0xba9e109dc910_6227, v0xba9e109dc910_6228;
v0xba9e109dc910_6229 .array/port v0xba9e109dc910, 6229;
v0xba9e109dc910_6230 .array/port v0xba9e109dc910, 6230;
v0xba9e109dc910_6231 .array/port v0xba9e109dc910, 6231;
v0xba9e109dc910_6232 .array/port v0xba9e109dc910, 6232;
E_0xba9e109e1c10/1559 .event anyedge, v0xba9e109dc910_6229, v0xba9e109dc910_6230, v0xba9e109dc910_6231, v0xba9e109dc910_6232;
v0xba9e109dc910_6233 .array/port v0xba9e109dc910, 6233;
v0xba9e109dc910_6234 .array/port v0xba9e109dc910, 6234;
v0xba9e109dc910_6235 .array/port v0xba9e109dc910, 6235;
v0xba9e109dc910_6236 .array/port v0xba9e109dc910, 6236;
E_0xba9e109e1c10/1560 .event anyedge, v0xba9e109dc910_6233, v0xba9e109dc910_6234, v0xba9e109dc910_6235, v0xba9e109dc910_6236;
v0xba9e109dc910_6237 .array/port v0xba9e109dc910, 6237;
v0xba9e109dc910_6238 .array/port v0xba9e109dc910, 6238;
v0xba9e109dc910_6239 .array/port v0xba9e109dc910, 6239;
v0xba9e109dc910_6240 .array/port v0xba9e109dc910, 6240;
E_0xba9e109e1c10/1561 .event anyedge, v0xba9e109dc910_6237, v0xba9e109dc910_6238, v0xba9e109dc910_6239, v0xba9e109dc910_6240;
v0xba9e109dc910_6241 .array/port v0xba9e109dc910, 6241;
v0xba9e109dc910_6242 .array/port v0xba9e109dc910, 6242;
v0xba9e109dc910_6243 .array/port v0xba9e109dc910, 6243;
v0xba9e109dc910_6244 .array/port v0xba9e109dc910, 6244;
E_0xba9e109e1c10/1562 .event anyedge, v0xba9e109dc910_6241, v0xba9e109dc910_6242, v0xba9e109dc910_6243, v0xba9e109dc910_6244;
v0xba9e109dc910_6245 .array/port v0xba9e109dc910, 6245;
v0xba9e109dc910_6246 .array/port v0xba9e109dc910, 6246;
v0xba9e109dc910_6247 .array/port v0xba9e109dc910, 6247;
v0xba9e109dc910_6248 .array/port v0xba9e109dc910, 6248;
E_0xba9e109e1c10/1563 .event anyedge, v0xba9e109dc910_6245, v0xba9e109dc910_6246, v0xba9e109dc910_6247, v0xba9e109dc910_6248;
v0xba9e109dc910_6249 .array/port v0xba9e109dc910, 6249;
v0xba9e109dc910_6250 .array/port v0xba9e109dc910, 6250;
v0xba9e109dc910_6251 .array/port v0xba9e109dc910, 6251;
v0xba9e109dc910_6252 .array/port v0xba9e109dc910, 6252;
E_0xba9e109e1c10/1564 .event anyedge, v0xba9e109dc910_6249, v0xba9e109dc910_6250, v0xba9e109dc910_6251, v0xba9e109dc910_6252;
v0xba9e109dc910_6253 .array/port v0xba9e109dc910, 6253;
v0xba9e109dc910_6254 .array/port v0xba9e109dc910, 6254;
v0xba9e109dc910_6255 .array/port v0xba9e109dc910, 6255;
v0xba9e109dc910_6256 .array/port v0xba9e109dc910, 6256;
E_0xba9e109e1c10/1565 .event anyedge, v0xba9e109dc910_6253, v0xba9e109dc910_6254, v0xba9e109dc910_6255, v0xba9e109dc910_6256;
v0xba9e109dc910_6257 .array/port v0xba9e109dc910, 6257;
v0xba9e109dc910_6258 .array/port v0xba9e109dc910, 6258;
v0xba9e109dc910_6259 .array/port v0xba9e109dc910, 6259;
v0xba9e109dc910_6260 .array/port v0xba9e109dc910, 6260;
E_0xba9e109e1c10/1566 .event anyedge, v0xba9e109dc910_6257, v0xba9e109dc910_6258, v0xba9e109dc910_6259, v0xba9e109dc910_6260;
v0xba9e109dc910_6261 .array/port v0xba9e109dc910, 6261;
v0xba9e109dc910_6262 .array/port v0xba9e109dc910, 6262;
v0xba9e109dc910_6263 .array/port v0xba9e109dc910, 6263;
v0xba9e109dc910_6264 .array/port v0xba9e109dc910, 6264;
E_0xba9e109e1c10/1567 .event anyedge, v0xba9e109dc910_6261, v0xba9e109dc910_6262, v0xba9e109dc910_6263, v0xba9e109dc910_6264;
v0xba9e109dc910_6265 .array/port v0xba9e109dc910, 6265;
v0xba9e109dc910_6266 .array/port v0xba9e109dc910, 6266;
v0xba9e109dc910_6267 .array/port v0xba9e109dc910, 6267;
v0xba9e109dc910_6268 .array/port v0xba9e109dc910, 6268;
E_0xba9e109e1c10/1568 .event anyedge, v0xba9e109dc910_6265, v0xba9e109dc910_6266, v0xba9e109dc910_6267, v0xba9e109dc910_6268;
v0xba9e109dc910_6269 .array/port v0xba9e109dc910, 6269;
v0xba9e109dc910_6270 .array/port v0xba9e109dc910, 6270;
v0xba9e109dc910_6271 .array/port v0xba9e109dc910, 6271;
v0xba9e109dc910_6272 .array/port v0xba9e109dc910, 6272;
E_0xba9e109e1c10/1569 .event anyedge, v0xba9e109dc910_6269, v0xba9e109dc910_6270, v0xba9e109dc910_6271, v0xba9e109dc910_6272;
v0xba9e109dc910_6273 .array/port v0xba9e109dc910, 6273;
v0xba9e109dc910_6274 .array/port v0xba9e109dc910, 6274;
v0xba9e109dc910_6275 .array/port v0xba9e109dc910, 6275;
v0xba9e109dc910_6276 .array/port v0xba9e109dc910, 6276;
E_0xba9e109e1c10/1570 .event anyedge, v0xba9e109dc910_6273, v0xba9e109dc910_6274, v0xba9e109dc910_6275, v0xba9e109dc910_6276;
v0xba9e109dc910_6277 .array/port v0xba9e109dc910, 6277;
v0xba9e109dc910_6278 .array/port v0xba9e109dc910, 6278;
v0xba9e109dc910_6279 .array/port v0xba9e109dc910, 6279;
v0xba9e109dc910_6280 .array/port v0xba9e109dc910, 6280;
E_0xba9e109e1c10/1571 .event anyedge, v0xba9e109dc910_6277, v0xba9e109dc910_6278, v0xba9e109dc910_6279, v0xba9e109dc910_6280;
v0xba9e109dc910_6281 .array/port v0xba9e109dc910, 6281;
v0xba9e109dc910_6282 .array/port v0xba9e109dc910, 6282;
v0xba9e109dc910_6283 .array/port v0xba9e109dc910, 6283;
v0xba9e109dc910_6284 .array/port v0xba9e109dc910, 6284;
E_0xba9e109e1c10/1572 .event anyedge, v0xba9e109dc910_6281, v0xba9e109dc910_6282, v0xba9e109dc910_6283, v0xba9e109dc910_6284;
v0xba9e109dc910_6285 .array/port v0xba9e109dc910, 6285;
v0xba9e109dc910_6286 .array/port v0xba9e109dc910, 6286;
v0xba9e109dc910_6287 .array/port v0xba9e109dc910, 6287;
v0xba9e109dc910_6288 .array/port v0xba9e109dc910, 6288;
E_0xba9e109e1c10/1573 .event anyedge, v0xba9e109dc910_6285, v0xba9e109dc910_6286, v0xba9e109dc910_6287, v0xba9e109dc910_6288;
v0xba9e109dc910_6289 .array/port v0xba9e109dc910, 6289;
v0xba9e109dc910_6290 .array/port v0xba9e109dc910, 6290;
v0xba9e109dc910_6291 .array/port v0xba9e109dc910, 6291;
v0xba9e109dc910_6292 .array/port v0xba9e109dc910, 6292;
E_0xba9e109e1c10/1574 .event anyedge, v0xba9e109dc910_6289, v0xba9e109dc910_6290, v0xba9e109dc910_6291, v0xba9e109dc910_6292;
v0xba9e109dc910_6293 .array/port v0xba9e109dc910, 6293;
v0xba9e109dc910_6294 .array/port v0xba9e109dc910, 6294;
v0xba9e109dc910_6295 .array/port v0xba9e109dc910, 6295;
v0xba9e109dc910_6296 .array/port v0xba9e109dc910, 6296;
E_0xba9e109e1c10/1575 .event anyedge, v0xba9e109dc910_6293, v0xba9e109dc910_6294, v0xba9e109dc910_6295, v0xba9e109dc910_6296;
v0xba9e109dc910_6297 .array/port v0xba9e109dc910, 6297;
v0xba9e109dc910_6298 .array/port v0xba9e109dc910, 6298;
v0xba9e109dc910_6299 .array/port v0xba9e109dc910, 6299;
v0xba9e109dc910_6300 .array/port v0xba9e109dc910, 6300;
E_0xba9e109e1c10/1576 .event anyedge, v0xba9e109dc910_6297, v0xba9e109dc910_6298, v0xba9e109dc910_6299, v0xba9e109dc910_6300;
v0xba9e109dc910_6301 .array/port v0xba9e109dc910, 6301;
v0xba9e109dc910_6302 .array/port v0xba9e109dc910, 6302;
v0xba9e109dc910_6303 .array/port v0xba9e109dc910, 6303;
v0xba9e109dc910_6304 .array/port v0xba9e109dc910, 6304;
E_0xba9e109e1c10/1577 .event anyedge, v0xba9e109dc910_6301, v0xba9e109dc910_6302, v0xba9e109dc910_6303, v0xba9e109dc910_6304;
v0xba9e109dc910_6305 .array/port v0xba9e109dc910, 6305;
v0xba9e109dc910_6306 .array/port v0xba9e109dc910, 6306;
v0xba9e109dc910_6307 .array/port v0xba9e109dc910, 6307;
v0xba9e109dc910_6308 .array/port v0xba9e109dc910, 6308;
E_0xba9e109e1c10/1578 .event anyedge, v0xba9e109dc910_6305, v0xba9e109dc910_6306, v0xba9e109dc910_6307, v0xba9e109dc910_6308;
v0xba9e109dc910_6309 .array/port v0xba9e109dc910, 6309;
v0xba9e109dc910_6310 .array/port v0xba9e109dc910, 6310;
v0xba9e109dc910_6311 .array/port v0xba9e109dc910, 6311;
v0xba9e109dc910_6312 .array/port v0xba9e109dc910, 6312;
E_0xba9e109e1c10/1579 .event anyedge, v0xba9e109dc910_6309, v0xba9e109dc910_6310, v0xba9e109dc910_6311, v0xba9e109dc910_6312;
v0xba9e109dc910_6313 .array/port v0xba9e109dc910, 6313;
v0xba9e109dc910_6314 .array/port v0xba9e109dc910, 6314;
v0xba9e109dc910_6315 .array/port v0xba9e109dc910, 6315;
v0xba9e109dc910_6316 .array/port v0xba9e109dc910, 6316;
E_0xba9e109e1c10/1580 .event anyedge, v0xba9e109dc910_6313, v0xba9e109dc910_6314, v0xba9e109dc910_6315, v0xba9e109dc910_6316;
v0xba9e109dc910_6317 .array/port v0xba9e109dc910, 6317;
v0xba9e109dc910_6318 .array/port v0xba9e109dc910, 6318;
v0xba9e109dc910_6319 .array/port v0xba9e109dc910, 6319;
v0xba9e109dc910_6320 .array/port v0xba9e109dc910, 6320;
E_0xba9e109e1c10/1581 .event anyedge, v0xba9e109dc910_6317, v0xba9e109dc910_6318, v0xba9e109dc910_6319, v0xba9e109dc910_6320;
v0xba9e109dc910_6321 .array/port v0xba9e109dc910, 6321;
v0xba9e109dc910_6322 .array/port v0xba9e109dc910, 6322;
v0xba9e109dc910_6323 .array/port v0xba9e109dc910, 6323;
v0xba9e109dc910_6324 .array/port v0xba9e109dc910, 6324;
E_0xba9e109e1c10/1582 .event anyedge, v0xba9e109dc910_6321, v0xba9e109dc910_6322, v0xba9e109dc910_6323, v0xba9e109dc910_6324;
v0xba9e109dc910_6325 .array/port v0xba9e109dc910, 6325;
v0xba9e109dc910_6326 .array/port v0xba9e109dc910, 6326;
v0xba9e109dc910_6327 .array/port v0xba9e109dc910, 6327;
v0xba9e109dc910_6328 .array/port v0xba9e109dc910, 6328;
E_0xba9e109e1c10/1583 .event anyedge, v0xba9e109dc910_6325, v0xba9e109dc910_6326, v0xba9e109dc910_6327, v0xba9e109dc910_6328;
v0xba9e109dc910_6329 .array/port v0xba9e109dc910, 6329;
v0xba9e109dc910_6330 .array/port v0xba9e109dc910, 6330;
v0xba9e109dc910_6331 .array/port v0xba9e109dc910, 6331;
v0xba9e109dc910_6332 .array/port v0xba9e109dc910, 6332;
E_0xba9e109e1c10/1584 .event anyedge, v0xba9e109dc910_6329, v0xba9e109dc910_6330, v0xba9e109dc910_6331, v0xba9e109dc910_6332;
v0xba9e109dc910_6333 .array/port v0xba9e109dc910, 6333;
v0xba9e109dc910_6334 .array/port v0xba9e109dc910, 6334;
v0xba9e109dc910_6335 .array/port v0xba9e109dc910, 6335;
v0xba9e109dc910_6336 .array/port v0xba9e109dc910, 6336;
E_0xba9e109e1c10/1585 .event anyedge, v0xba9e109dc910_6333, v0xba9e109dc910_6334, v0xba9e109dc910_6335, v0xba9e109dc910_6336;
v0xba9e109dc910_6337 .array/port v0xba9e109dc910, 6337;
v0xba9e109dc910_6338 .array/port v0xba9e109dc910, 6338;
v0xba9e109dc910_6339 .array/port v0xba9e109dc910, 6339;
v0xba9e109dc910_6340 .array/port v0xba9e109dc910, 6340;
E_0xba9e109e1c10/1586 .event anyedge, v0xba9e109dc910_6337, v0xba9e109dc910_6338, v0xba9e109dc910_6339, v0xba9e109dc910_6340;
v0xba9e109dc910_6341 .array/port v0xba9e109dc910, 6341;
v0xba9e109dc910_6342 .array/port v0xba9e109dc910, 6342;
v0xba9e109dc910_6343 .array/port v0xba9e109dc910, 6343;
v0xba9e109dc910_6344 .array/port v0xba9e109dc910, 6344;
E_0xba9e109e1c10/1587 .event anyedge, v0xba9e109dc910_6341, v0xba9e109dc910_6342, v0xba9e109dc910_6343, v0xba9e109dc910_6344;
v0xba9e109dc910_6345 .array/port v0xba9e109dc910, 6345;
v0xba9e109dc910_6346 .array/port v0xba9e109dc910, 6346;
v0xba9e109dc910_6347 .array/port v0xba9e109dc910, 6347;
v0xba9e109dc910_6348 .array/port v0xba9e109dc910, 6348;
E_0xba9e109e1c10/1588 .event anyedge, v0xba9e109dc910_6345, v0xba9e109dc910_6346, v0xba9e109dc910_6347, v0xba9e109dc910_6348;
v0xba9e109dc910_6349 .array/port v0xba9e109dc910, 6349;
v0xba9e109dc910_6350 .array/port v0xba9e109dc910, 6350;
v0xba9e109dc910_6351 .array/port v0xba9e109dc910, 6351;
v0xba9e109dc910_6352 .array/port v0xba9e109dc910, 6352;
E_0xba9e109e1c10/1589 .event anyedge, v0xba9e109dc910_6349, v0xba9e109dc910_6350, v0xba9e109dc910_6351, v0xba9e109dc910_6352;
v0xba9e109dc910_6353 .array/port v0xba9e109dc910, 6353;
v0xba9e109dc910_6354 .array/port v0xba9e109dc910, 6354;
v0xba9e109dc910_6355 .array/port v0xba9e109dc910, 6355;
v0xba9e109dc910_6356 .array/port v0xba9e109dc910, 6356;
E_0xba9e109e1c10/1590 .event anyedge, v0xba9e109dc910_6353, v0xba9e109dc910_6354, v0xba9e109dc910_6355, v0xba9e109dc910_6356;
v0xba9e109dc910_6357 .array/port v0xba9e109dc910, 6357;
v0xba9e109dc910_6358 .array/port v0xba9e109dc910, 6358;
v0xba9e109dc910_6359 .array/port v0xba9e109dc910, 6359;
v0xba9e109dc910_6360 .array/port v0xba9e109dc910, 6360;
E_0xba9e109e1c10/1591 .event anyedge, v0xba9e109dc910_6357, v0xba9e109dc910_6358, v0xba9e109dc910_6359, v0xba9e109dc910_6360;
v0xba9e109dc910_6361 .array/port v0xba9e109dc910, 6361;
v0xba9e109dc910_6362 .array/port v0xba9e109dc910, 6362;
v0xba9e109dc910_6363 .array/port v0xba9e109dc910, 6363;
v0xba9e109dc910_6364 .array/port v0xba9e109dc910, 6364;
E_0xba9e109e1c10/1592 .event anyedge, v0xba9e109dc910_6361, v0xba9e109dc910_6362, v0xba9e109dc910_6363, v0xba9e109dc910_6364;
v0xba9e109dc910_6365 .array/port v0xba9e109dc910, 6365;
v0xba9e109dc910_6366 .array/port v0xba9e109dc910, 6366;
v0xba9e109dc910_6367 .array/port v0xba9e109dc910, 6367;
v0xba9e109dc910_6368 .array/port v0xba9e109dc910, 6368;
E_0xba9e109e1c10/1593 .event anyedge, v0xba9e109dc910_6365, v0xba9e109dc910_6366, v0xba9e109dc910_6367, v0xba9e109dc910_6368;
v0xba9e109dc910_6369 .array/port v0xba9e109dc910, 6369;
v0xba9e109dc910_6370 .array/port v0xba9e109dc910, 6370;
v0xba9e109dc910_6371 .array/port v0xba9e109dc910, 6371;
v0xba9e109dc910_6372 .array/port v0xba9e109dc910, 6372;
E_0xba9e109e1c10/1594 .event anyedge, v0xba9e109dc910_6369, v0xba9e109dc910_6370, v0xba9e109dc910_6371, v0xba9e109dc910_6372;
v0xba9e109dc910_6373 .array/port v0xba9e109dc910, 6373;
v0xba9e109dc910_6374 .array/port v0xba9e109dc910, 6374;
v0xba9e109dc910_6375 .array/port v0xba9e109dc910, 6375;
v0xba9e109dc910_6376 .array/port v0xba9e109dc910, 6376;
E_0xba9e109e1c10/1595 .event anyedge, v0xba9e109dc910_6373, v0xba9e109dc910_6374, v0xba9e109dc910_6375, v0xba9e109dc910_6376;
v0xba9e109dc910_6377 .array/port v0xba9e109dc910, 6377;
v0xba9e109dc910_6378 .array/port v0xba9e109dc910, 6378;
v0xba9e109dc910_6379 .array/port v0xba9e109dc910, 6379;
v0xba9e109dc910_6380 .array/port v0xba9e109dc910, 6380;
E_0xba9e109e1c10/1596 .event anyedge, v0xba9e109dc910_6377, v0xba9e109dc910_6378, v0xba9e109dc910_6379, v0xba9e109dc910_6380;
v0xba9e109dc910_6381 .array/port v0xba9e109dc910, 6381;
v0xba9e109dc910_6382 .array/port v0xba9e109dc910, 6382;
v0xba9e109dc910_6383 .array/port v0xba9e109dc910, 6383;
v0xba9e109dc910_6384 .array/port v0xba9e109dc910, 6384;
E_0xba9e109e1c10/1597 .event anyedge, v0xba9e109dc910_6381, v0xba9e109dc910_6382, v0xba9e109dc910_6383, v0xba9e109dc910_6384;
v0xba9e109dc910_6385 .array/port v0xba9e109dc910, 6385;
v0xba9e109dc910_6386 .array/port v0xba9e109dc910, 6386;
v0xba9e109dc910_6387 .array/port v0xba9e109dc910, 6387;
v0xba9e109dc910_6388 .array/port v0xba9e109dc910, 6388;
E_0xba9e109e1c10/1598 .event anyedge, v0xba9e109dc910_6385, v0xba9e109dc910_6386, v0xba9e109dc910_6387, v0xba9e109dc910_6388;
v0xba9e109dc910_6389 .array/port v0xba9e109dc910, 6389;
v0xba9e109dc910_6390 .array/port v0xba9e109dc910, 6390;
v0xba9e109dc910_6391 .array/port v0xba9e109dc910, 6391;
v0xba9e109dc910_6392 .array/port v0xba9e109dc910, 6392;
E_0xba9e109e1c10/1599 .event anyedge, v0xba9e109dc910_6389, v0xba9e109dc910_6390, v0xba9e109dc910_6391, v0xba9e109dc910_6392;
v0xba9e109dc910_6393 .array/port v0xba9e109dc910, 6393;
v0xba9e109dc910_6394 .array/port v0xba9e109dc910, 6394;
v0xba9e109dc910_6395 .array/port v0xba9e109dc910, 6395;
v0xba9e109dc910_6396 .array/port v0xba9e109dc910, 6396;
E_0xba9e109e1c10/1600 .event anyedge, v0xba9e109dc910_6393, v0xba9e109dc910_6394, v0xba9e109dc910_6395, v0xba9e109dc910_6396;
v0xba9e109dc910_6397 .array/port v0xba9e109dc910, 6397;
v0xba9e109dc910_6398 .array/port v0xba9e109dc910, 6398;
v0xba9e109dc910_6399 .array/port v0xba9e109dc910, 6399;
v0xba9e109dc910_6400 .array/port v0xba9e109dc910, 6400;
E_0xba9e109e1c10/1601 .event anyedge, v0xba9e109dc910_6397, v0xba9e109dc910_6398, v0xba9e109dc910_6399, v0xba9e109dc910_6400;
v0xba9e109dc910_6401 .array/port v0xba9e109dc910, 6401;
v0xba9e109dc910_6402 .array/port v0xba9e109dc910, 6402;
v0xba9e109dc910_6403 .array/port v0xba9e109dc910, 6403;
v0xba9e109dc910_6404 .array/port v0xba9e109dc910, 6404;
E_0xba9e109e1c10/1602 .event anyedge, v0xba9e109dc910_6401, v0xba9e109dc910_6402, v0xba9e109dc910_6403, v0xba9e109dc910_6404;
v0xba9e109dc910_6405 .array/port v0xba9e109dc910, 6405;
v0xba9e109dc910_6406 .array/port v0xba9e109dc910, 6406;
v0xba9e109dc910_6407 .array/port v0xba9e109dc910, 6407;
v0xba9e109dc910_6408 .array/port v0xba9e109dc910, 6408;
E_0xba9e109e1c10/1603 .event anyedge, v0xba9e109dc910_6405, v0xba9e109dc910_6406, v0xba9e109dc910_6407, v0xba9e109dc910_6408;
v0xba9e109dc910_6409 .array/port v0xba9e109dc910, 6409;
v0xba9e109dc910_6410 .array/port v0xba9e109dc910, 6410;
v0xba9e109dc910_6411 .array/port v0xba9e109dc910, 6411;
v0xba9e109dc910_6412 .array/port v0xba9e109dc910, 6412;
E_0xba9e109e1c10/1604 .event anyedge, v0xba9e109dc910_6409, v0xba9e109dc910_6410, v0xba9e109dc910_6411, v0xba9e109dc910_6412;
v0xba9e109dc910_6413 .array/port v0xba9e109dc910, 6413;
v0xba9e109dc910_6414 .array/port v0xba9e109dc910, 6414;
v0xba9e109dc910_6415 .array/port v0xba9e109dc910, 6415;
v0xba9e109dc910_6416 .array/port v0xba9e109dc910, 6416;
E_0xba9e109e1c10/1605 .event anyedge, v0xba9e109dc910_6413, v0xba9e109dc910_6414, v0xba9e109dc910_6415, v0xba9e109dc910_6416;
v0xba9e109dc910_6417 .array/port v0xba9e109dc910, 6417;
v0xba9e109dc910_6418 .array/port v0xba9e109dc910, 6418;
v0xba9e109dc910_6419 .array/port v0xba9e109dc910, 6419;
v0xba9e109dc910_6420 .array/port v0xba9e109dc910, 6420;
E_0xba9e109e1c10/1606 .event anyedge, v0xba9e109dc910_6417, v0xba9e109dc910_6418, v0xba9e109dc910_6419, v0xba9e109dc910_6420;
v0xba9e109dc910_6421 .array/port v0xba9e109dc910, 6421;
v0xba9e109dc910_6422 .array/port v0xba9e109dc910, 6422;
v0xba9e109dc910_6423 .array/port v0xba9e109dc910, 6423;
v0xba9e109dc910_6424 .array/port v0xba9e109dc910, 6424;
E_0xba9e109e1c10/1607 .event anyedge, v0xba9e109dc910_6421, v0xba9e109dc910_6422, v0xba9e109dc910_6423, v0xba9e109dc910_6424;
v0xba9e109dc910_6425 .array/port v0xba9e109dc910, 6425;
v0xba9e109dc910_6426 .array/port v0xba9e109dc910, 6426;
v0xba9e109dc910_6427 .array/port v0xba9e109dc910, 6427;
v0xba9e109dc910_6428 .array/port v0xba9e109dc910, 6428;
E_0xba9e109e1c10/1608 .event anyedge, v0xba9e109dc910_6425, v0xba9e109dc910_6426, v0xba9e109dc910_6427, v0xba9e109dc910_6428;
v0xba9e109dc910_6429 .array/port v0xba9e109dc910, 6429;
v0xba9e109dc910_6430 .array/port v0xba9e109dc910, 6430;
v0xba9e109dc910_6431 .array/port v0xba9e109dc910, 6431;
v0xba9e109dc910_6432 .array/port v0xba9e109dc910, 6432;
E_0xba9e109e1c10/1609 .event anyedge, v0xba9e109dc910_6429, v0xba9e109dc910_6430, v0xba9e109dc910_6431, v0xba9e109dc910_6432;
v0xba9e109dc910_6433 .array/port v0xba9e109dc910, 6433;
v0xba9e109dc910_6434 .array/port v0xba9e109dc910, 6434;
v0xba9e109dc910_6435 .array/port v0xba9e109dc910, 6435;
v0xba9e109dc910_6436 .array/port v0xba9e109dc910, 6436;
E_0xba9e109e1c10/1610 .event anyedge, v0xba9e109dc910_6433, v0xba9e109dc910_6434, v0xba9e109dc910_6435, v0xba9e109dc910_6436;
v0xba9e109dc910_6437 .array/port v0xba9e109dc910, 6437;
v0xba9e109dc910_6438 .array/port v0xba9e109dc910, 6438;
v0xba9e109dc910_6439 .array/port v0xba9e109dc910, 6439;
v0xba9e109dc910_6440 .array/port v0xba9e109dc910, 6440;
E_0xba9e109e1c10/1611 .event anyedge, v0xba9e109dc910_6437, v0xba9e109dc910_6438, v0xba9e109dc910_6439, v0xba9e109dc910_6440;
v0xba9e109dc910_6441 .array/port v0xba9e109dc910, 6441;
v0xba9e109dc910_6442 .array/port v0xba9e109dc910, 6442;
v0xba9e109dc910_6443 .array/port v0xba9e109dc910, 6443;
v0xba9e109dc910_6444 .array/port v0xba9e109dc910, 6444;
E_0xba9e109e1c10/1612 .event anyedge, v0xba9e109dc910_6441, v0xba9e109dc910_6442, v0xba9e109dc910_6443, v0xba9e109dc910_6444;
v0xba9e109dc910_6445 .array/port v0xba9e109dc910, 6445;
v0xba9e109dc910_6446 .array/port v0xba9e109dc910, 6446;
v0xba9e109dc910_6447 .array/port v0xba9e109dc910, 6447;
v0xba9e109dc910_6448 .array/port v0xba9e109dc910, 6448;
E_0xba9e109e1c10/1613 .event anyedge, v0xba9e109dc910_6445, v0xba9e109dc910_6446, v0xba9e109dc910_6447, v0xba9e109dc910_6448;
v0xba9e109dc910_6449 .array/port v0xba9e109dc910, 6449;
v0xba9e109dc910_6450 .array/port v0xba9e109dc910, 6450;
v0xba9e109dc910_6451 .array/port v0xba9e109dc910, 6451;
v0xba9e109dc910_6452 .array/port v0xba9e109dc910, 6452;
E_0xba9e109e1c10/1614 .event anyedge, v0xba9e109dc910_6449, v0xba9e109dc910_6450, v0xba9e109dc910_6451, v0xba9e109dc910_6452;
v0xba9e109dc910_6453 .array/port v0xba9e109dc910, 6453;
v0xba9e109dc910_6454 .array/port v0xba9e109dc910, 6454;
v0xba9e109dc910_6455 .array/port v0xba9e109dc910, 6455;
v0xba9e109dc910_6456 .array/port v0xba9e109dc910, 6456;
E_0xba9e109e1c10/1615 .event anyedge, v0xba9e109dc910_6453, v0xba9e109dc910_6454, v0xba9e109dc910_6455, v0xba9e109dc910_6456;
v0xba9e109dc910_6457 .array/port v0xba9e109dc910, 6457;
v0xba9e109dc910_6458 .array/port v0xba9e109dc910, 6458;
v0xba9e109dc910_6459 .array/port v0xba9e109dc910, 6459;
v0xba9e109dc910_6460 .array/port v0xba9e109dc910, 6460;
E_0xba9e109e1c10/1616 .event anyedge, v0xba9e109dc910_6457, v0xba9e109dc910_6458, v0xba9e109dc910_6459, v0xba9e109dc910_6460;
v0xba9e109dc910_6461 .array/port v0xba9e109dc910, 6461;
v0xba9e109dc910_6462 .array/port v0xba9e109dc910, 6462;
v0xba9e109dc910_6463 .array/port v0xba9e109dc910, 6463;
v0xba9e109dc910_6464 .array/port v0xba9e109dc910, 6464;
E_0xba9e109e1c10/1617 .event anyedge, v0xba9e109dc910_6461, v0xba9e109dc910_6462, v0xba9e109dc910_6463, v0xba9e109dc910_6464;
v0xba9e109dc910_6465 .array/port v0xba9e109dc910, 6465;
v0xba9e109dc910_6466 .array/port v0xba9e109dc910, 6466;
v0xba9e109dc910_6467 .array/port v0xba9e109dc910, 6467;
v0xba9e109dc910_6468 .array/port v0xba9e109dc910, 6468;
E_0xba9e109e1c10/1618 .event anyedge, v0xba9e109dc910_6465, v0xba9e109dc910_6466, v0xba9e109dc910_6467, v0xba9e109dc910_6468;
v0xba9e109dc910_6469 .array/port v0xba9e109dc910, 6469;
v0xba9e109dc910_6470 .array/port v0xba9e109dc910, 6470;
v0xba9e109dc910_6471 .array/port v0xba9e109dc910, 6471;
v0xba9e109dc910_6472 .array/port v0xba9e109dc910, 6472;
E_0xba9e109e1c10/1619 .event anyedge, v0xba9e109dc910_6469, v0xba9e109dc910_6470, v0xba9e109dc910_6471, v0xba9e109dc910_6472;
v0xba9e109dc910_6473 .array/port v0xba9e109dc910, 6473;
v0xba9e109dc910_6474 .array/port v0xba9e109dc910, 6474;
v0xba9e109dc910_6475 .array/port v0xba9e109dc910, 6475;
v0xba9e109dc910_6476 .array/port v0xba9e109dc910, 6476;
E_0xba9e109e1c10/1620 .event anyedge, v0xba9e109dc910_6473, v0xba9e109dc910_6474, v0xba9e109dc910_6475, v0xba9e109dc910_6476;
v0xba9e109dc910_6477 .array/port v0xba9e109dc910, 6477;
v0xba9e109dc910_6478 .array/port v0xba9e109dc910, 6478;
v0xba9e109dc910_6479 .array/port v0xba9e109dc910, 6479;
v0xba9e109dc910_6480 .array/port v0xba9e109dc910, 6480;
E_0xba9e109e1c10/1621 .event anyedge, v0xba9e109dc910_6477, v0xba9e109dc910_6478, v0xba9e109dc910_6479, v0xba9e109dc910_6480;
v0xba9e109dc910_6481 .array/port v0xba9e109dc910, 6481;
v0xba9e109dc910_6482 .array/port v0xba9e109dc910, 6482;
v0xba9e109dc910_6483 .array/port v0xba9e109dc910, 6483;
v0xba9e109dc910_6484 .array/port v0xba9e109dc910, 6484;
E_0xba9e109e1c10/1622 .event anyedge, v0xba9e109dc910_6481, v0xba9e109dc910_6482, v0xba9e109dc910_6483, v0xba9e109dc910_6484;
v0xba9e109dc910_6485 .array/port v0xba9e109dc910, 6485;
v0xba9e109dc910_6486 .array/port v0xba9e109dc910, 6486;
v0xba9e109dc910_6487 .array/port v0xba9e109dc910, 6487;
v0xba9e109dc910_6488 .array/port v0xba9e109dc910, 6488;
E_0xba9e109e1c10/1623 .event anyedge, v0xba9e109dc910_6485, v0xba9e109dc910_6486, v0xba9e109dc910_6487, v0xba9e109dc910_6488;
v0xba9e109dc910_6489 .array/port v0xba9e109dc910, 6489;
v0xba9e109dc910_6490 .array/port v0xba9e109dc910, 6490;
v0xba9e109dc910_6491 .array/port v0xba9e109dc910, 6491;
v0xba9e109dc910_6492 .array/port v0xba9e109dc910, 6492;
E_0xba9e109e1c10/1624 .event anyedge, v0xba9e109dc910_6489, v0xba9e109dc910_6490, v0xba9e109dc910_6491, v0xba9e109dc910_6492;
v0xba9e109dc910_6493 .array/port v0xba9e109dc910, 6493;
v0xba9e109dc910_6494 .array/port v0xba9e109dc910, 6494;
v0xba9e109dc910_6495 .array/port v0xba9e109dc910, 6495;
v0xba9e109dc910_6496 .array/port v0xba9e109dc910, 6496;
E_0xba9e109e1c10/1625 .event anyedge, v0xba9e109dc910_6493, v0xba9e109dc910_6494, v0xba9e109dc910_6495, v0xba9e109dc910_6496;
v0xba9e109dc910_6497 .array/port v0xba9e109dc910, 6497;
v0xba9e109dc910_6498 .array/port v0xba9e109dc910, 6498;
v0xba9e109dc910_6499 .array/port v0xba9e109dc910, 6499;
v0xba9e109dc910_6500 .array/port v0xba9e109dc910, 6500;
E_0xba9e109e1c10/1626 .event anyedge, v0xba9e109dc910_6497, v0xba9e109dc910_6498, v0xba9e109dc910_6499, v0xba9e109dc910_6500;
v0xba9e109dc910_6501 .array/port v0xba9e109dc910, 6501;
v0xba9e109dc910_6502 .array/port v0xba9e109dc910, 6502;
v0xba9e109dc910_6503 .array/port v0xba9e109dc910, 6503;
v0xba9e109dc910_6504 .array/port v0xba9e109dc910, 6504;
E_0xba9e109e1c10/1627 .event anyedge, v0xba9e109dc910_6501, v0xba9e109dc910_6502, v0xba9e109dc910_6503, v0xba9e109dc910_6504;
v0xba9e109dc910_6505 .array/port v0xba9e109dc910, 6505;
v0xba9e109dc910_6506 .array/port v0xba9e109dc910, 6506;
v0xba9e109dc910_6507 .array/port v0xba9e109dc910, 6507;
v0xba9e109dc910_6508 .array/port v0xba9e109dc910, 6508;
E_0xba9e109e1c10/1628 .event anyedge, v0xba9e109dc910_6505, v0xba9e109dc910_6506, v0xba9e109dc910_6507, v0xba9e109dc910_6508;
v0xba9e109dc910_6509 .array/port v0xba9e109dc910, 6509;
v0xba9e109dc910_6510 .array/port v0xba9e109dc910, 6510;
v0xba9e109dc910_6511 .array/port v0xba9e109dc910, 6511;
v0xba9e109dc910_6512 .array/port v0xba9e109dc910, 6512;
E_0xba9e109e1c10/1629 .event anyedge, v0xba9e109dc910_6509, v0xba9e109dc910_6510, v0xba9e109dc910_6511, v0xba9e109dc910_6512;
v0xba9e109dc910_6513 .array/port v0xba9e109dc910, 6513;
v0xba9e109dc910_6514 .array/port v0xba9e109dc910, 6514;
v0xba9e109dc910_6515 .array/port v0xba9e109dc910, 6515;
v0xba9e109dc910_6516 .array/port v0xba9e109dc910, 6516;
E_0xba9e109e1c10/1630 .event anyedge, v0xba9e109dc910_6513, v0xba9e109dc910_6514, v0xba9e109dc910_6515, v0xba9e109dc910_6516;
v0xba9e109dc910_6517 .array/port v0xba9e109dc910, 6517;
v0xba9e109dc910_6518 .array/port v0xba9e109dc910, 6518;
v0xba9e109dc910_6519 .array/port v0xba9e109dc910, 6519;
v0xba9e109dc910_6520 .array/port v0xba9e109dc910, 6520;
E_0xba9e109e1c10/1631 .event anyedge, v0xba9e109dc910_6517, v0xba9e109dc910_6518, v0xba9e109dc910_6519, v0xba9e109dc910_6520;
v0xba9e109dc910_6521 .array/port v0xba9e109dc910, 6521;
v0xba9e109dc910_6522 .array/port v0xba9e109dc910, 6522;
v0xba9e109dc910_6523 .array/port v0xba9e109dc910, 6523;
v0xba9e109dc910_6524 .array/port v0xba9e109dc910, 6524;
E_0xba9e109e1c10/1632 .event anyedge, v0xba9e109dc910_6521, v0xba9e109dc910_6522, v0xba9e109dc910_6523, v0xba9e109dc910_6524;
v0xba9e109dc910_6525 .array/port v0xba9e109dc910, 6525;
v0xba9e109dc910_6526 .array/port v0xba9e109dc910, 6526;
v0xba9e109dc910_6527 .array/port v0xba9e109dc910, 6527;
v0xba9e109dc910_6528 .array/port v0xba9e109dc910, 6528;
E_0xba9e109e1c10/1633 .event anyedge, v0xba9e109dc910_6525, v0xba9e109dc910_6526, v0xba9e109dc910_6527, v0xba9e109dc910_6528;
v0xba9e109dc910_6529 .array/port v0xba9e109dc910, 6529;
v0xba9e109dc910_6530 .array/port v0xba9e109dc910, 6530;
v0xba9e109dc910_6531 .array/port v0xba9e109dc910, 6531;
v0xba9e109dc910_6532 .array/port v0xba9e109dc910, 6532;
E_0xba9e109e1c10/1634 .event anyedge, v0xba9e109dc910_6529, v0xba9e109dc910_6530, v0xba9e109dc910_6531, v0xba9e109dc910_6532;
v0xba9e109dc910_6533 .array/port v0xba9e109dc910, 6533;
v0xba9e109dc910_6534 .array/port v0xba9e109dc910, 6534;
v0xba9e109dc910_6535 .array/port v0xba9e109dc910, 6535;
v0xba9e109dc910_6536 .array/port v0xba9e109dc910, 6536;
E_0xba9e109e1c10/1635 .event anyedge, v0xba9e109dc910_6533, v0xba9e109dc910_6534, v0xba9e109dc910_6535, v0xba9e109dc910_6536;
v0xba9e109dc910_6537 .array/port v0xba9e109dc910, 6537;
v0xba9e109dc910_6538 .array/port v0xba9e109dc910, 6538;
v0xba9e109dc910_6539 .array/port v0xba9e109dc910, 6539;
v0xba9e109dc910_6540 .array/port v0xba9e109dc910, 6540;
E_0xba9e109e1c10/1636 .event anyedge, v0xba9e109dc910_6537, v0xba9e109dc910_6538, v0xba9e109dc910_6539, v0xba9e109dc910_6540;
v0xba9e109dc910_6541 .array/port v0xba9e109dc910, 6541;
v0xba9e109dc910_6542 .array/port v0xba9e109dc910, 6542;
v0xba9e109dc910_6543 .array/port v0xba9e109dc910, 6543;
v0xba9e109dc910_6544 .array/port v0xba9e109dc910, 6544;
E_0xba9e109e1c10/1637 .event anyedge, v0xba9e109dc910_6541, v0xba9e109dc910_6542, v0xba9e109dc910_6543, v0xba9e109dc910_6544;
v0xba9e109dc910_6545 .array/port v0xba9e109dc910, 6545;
v0xba9e109dc910_6546 .array/port v0xba9e109dc910, 6546;
v0xba9e109dc910_6547 .array/port v0xba9e109dc910, 6547;
v0xba9e109dc910_6548 .array/port v0xba9e109dc910, 6548;
E_0xba9e109e1c10/1638 .event anyedge, v0xba9e109dc910_6545, v0xba9e109dc910_6546, v0xba9e109dc910_6547, v0xba9e109dc910_6548;
v0xba9e109dc910_6549 .array/port v0xba9e109dc910, 6549;
v0xba9e109dc910_6550 .array/port v0xba9e109dc910, 6550;
v0xba9e109dc910_6551 .array/port v0xba9e109dc910, 6551;
v0xba9e109dc910_6552 .array/port v0xba9e109dc910, 6552;
E_0xba9e109e1c10/1639 .event anyedge, v0xba9e109dc910_6549, v0xba9e109dc910_6550, v0xba9e109dc910_6551, v0xba9e109dc910_6552;
v0xba9e109dc910_6553 .array/port v0xba9e109dc910, 6553;
v0xba9e109dc910_6554 .array/port v0xba9e109dc910, 6554;
v0xba9e109dc910_6555 .array/port v0xba9e109dc910, 6555;
v0xba9e109dc910_6556 .array/port v0xba9e109dc910, 6556;
E_0xba9e109e1c10/1640 .event anyedge, v0xba9e109dc910_6553, v0xba9e109dc910_6554, v0xba9e109dc910_6555, v0xba9e109dc910_6556;
v0xba9e109dc910_6557 .array/port v0xba9e109dc910, 6557;
v0xba9e109dc910_6558 .array/port v0xba9e109dc910, 6558;
v0xba9e109dc910_6559 .array/port v0xba9e109dc910, 6559;
v0xba9e109dc910_6560 .array/port v0xba9e109dc910, 6560;
E_0xba9e109e1c10/1641 .event anyedge, v0xba9e109dc910_6557, v0xba9e109dc910_6558, v0xba9e109dc910_6559, v0xba9e109dc910_6560;
v0xba9e109dc910_6561 .array/port v0xba9e109dc910, 6561;
v0xba9e109dc910_6562 .array/port v0xba9e109dc910, 6562;
v0xba9e109dc910_6563 .array/port v0xba9e109dc910, 6563;
v0xba9e109dc910_6564 .array/port v0xba9e109dc910, 6564;
E_0xba9e109e1c10/1642 .event anyedge, v0xba9e109dc910_6561, v0xba9e109dc910_6562, v0xba9e109dc910_6563, v0xba9e109dc910_6564;
v0xba9e109dc910_6565 .array/port v0xba9e109dc910, 6565;
v0xba9e109dc910_6566 .array/port v0xba9e109dc910, 6566;
v0xba9e109dc910_6567 .array/port v0xba9e109dc910, 6567;
v0xba9e109dc910_6568 .array/port v0xba9e109dc910, 6568;
E_0xba9e109e1c10/1643 .event anyedge, v0xba9e109dc910_6565, v0xba9e109dc910_6566, v0xba9e109dc910_6567, v0xba9e109dc910_6568;
v0xba9e109dc910_6569 .array/port v0xba9e109dc910, 6569;
v0xba9e109dc910_6570 .array/port v0xba9e109dc910, 6570;
v0xba9e109dc910_6571 .array/port v0xba9e109dc910, 6571;
v0xba9e109dc910_6572 .array/port v0xba9e109dc910, 6572;
E_0xba9e109e1c10/1644 .event anyedge, v0xba9e109dc910_6569, v0xba9e109dc910_6570, v0xba9e109dc910_6571, v0xba9e109dc910_6572;
v0xba9e109dc910_6573 .array/port v0xba9e109dc910, 6573;
v0xba9e109dc910_6574 .array/port v0xba9e109dc910, 6574;
v0xba9e109dc910_6575 .array/port v0xba9e109dc910, 6575;
v0xba9e109dc910_6576 .array/port v0xba9e109dc910, 6576;
E_0xba9e109e1c10/1645 .event anyedge, v0xba9e109dc910_6573, v0xba9e109dc910_6574, v0xba9e109dc910_6575, v0xba9e109dc910_6576;
v0xba9e109dc910_6577 .array/port v0xba9e109dc910, 6577;
v0xba9e109dc910_6578 .array/port v0xba9e109dc910, 6578;
v0xba9e109dc910_6579 .array/port v0xba9e109dc910, 6579;
v0xba9e109dc910_6580 .array/port v0xba9e109dc910, 6580;
E_0xba9e109e1c10/1646 .event anyedge, v0xba9e109dc910_6577, v0xba9e109dc910_6578, v0xba9e109dc910_6579, v0xba9e109dc910_6580;
v0xba9e109dc910_6581 .array/port v0xba9e109dc910, 6581;
v0xba9e109dc910_6582 .array/port v0xba9e109dc910, 6582;
v0xba9e109dc910_6583 .array/port v0xba9e109dc910, 6583;
v0xba9e109dc910_6584 .array/port v0xba9e109dc910, 6584;
E_0xba9e109e1c10/1647 .event anyedge, v0xba9e109dc910_6581, v0xba9e109dc910_6582, v0xba9e109dc910_6583, v0xba9e109dc910_6584;
v0xba9e109dc910_6585 .array/port v0xba9e109dc910, 6585;
v0xba9e109dc910_6586 .array/port v0xba9e109dc910, 6586;
v0xba9e109dc910_6587 .array/port v0xba9e109dc910, 6587;
v0xba9e109dc910_6588 .array/port v0xba9e109dc910, 6588;
E_0xba9e109e1c10/1648 .event anyedge, v0xba9e109dc910_6585, v0xba9e109dc910_6586, v0xba9e109dc910_6587, v0xba9e109dc910_6588;
v0xba9e109dc910_6589 .array/port v0xba9e109dc910, 6589;
v0xba9e109dc910_6590 .array/port v0xba9e109dc910, 6590;
v0xba9e109dc910_6591 .array/port v0xba9e109dc910, 6591;
v0xba9e109dc910_6592 .array/port v0xba9e109dc910, 6592;
E_0xba9e109e1c10/1649 .event anyedge, v0xba9e109dc910_6589, v0xba9e109dc910_6590, v0xba9e109dc910_6591, v0xba9e109dc910_6592;
v0xba9e109dc910_6593 .array/port v0xba9e109dc910, 6593;
v0xba9e109dc910_6594 .array/port v0xba9e109dc910, 6594;
v0xba9e109dc910_6595 .array/port v0xba9e109dc910, 6595;
v0xba9e109dc910_6596 .array/port v0xba9e109dc910, 6596;
E_0xba9e109e1c10/1650 .event anyedge, v0xba9e109dc910_6593, v0xba9e109dc910_6594, v0xba9e109dc910_6595, v0xba9e109dc910_6596;
v0xba9e109dc910_6597 .array/port v0xba9e109dc910, 6597;
v0xba9e109dc910_6598 .array/port v0xba9e109dc910, 6598;
v0xba9e109dc910_6599 .array/port v0xba9e109dc910, 6599;
v0xba9e109dc910_6600 .array/port v0xba9e109dc910, 6600;
E_0xba9e109e1c10/1651 .event anyedge, v0xba9e109dc910_6597, v0xba9e109dc910_6598, v0xba9e109dc910_6599, v0xba9e109dc910_6600;
v0xba9e109dc910_6601 .array/port v0xba9e109dc910, 6601;
v0xba9e109dc910_6602 .array/port v0xba9e109dc910, 6602;
v0xba9e109dc910_6603 .array/port v0xba9e109dc910, 6603;
v0xba9e109dc910_6604 .array/port v0xba9e109dc910, 6604;
E_0xba9e109e1c10/1652 .event anyedge, v0xba9e109dc910_6601, v0xba9e109dc910_6602, v0xba9e109dc910_6603, v0xba9e109dc910_6604;
v0xba9e109dc910_6605 .array/port v0xba9e109dc910, 6605;
v0xba9e109dc910_6606 .array/port v0xba9e109dc910, 6606;
v0xba9e109dc910_6607 .array/port v0xba9e109dc910, 6607;
v0xba9e109dc910_6608 .array/port v0xba9e109dc910, 6608;
E_0xba9e109e1c10/1653 .event anyedge, v0xba9e109dc910_6605, v0xba9e109dc910_6606, v0xba9e109dc910_6607, v0xba9e109dc910_6608;
v0xba9e109dc910_6609 .array/port v0xba9e109dc910, 6609;
v0xba9e109dc910_6610 .array/port v0xba9e109dc910, 6610;
v0xba9e109dc910_6611 .array/port v0xba9e109dc910, 6611;
v0xba9e109dc910_6612 .array/port v0xba9e109dc910, 6612;
E_0xba9e109e1c10/1654 .event anyedge, v0xba9e109dc910_6609, v0xba9e109dc910_6610, v0xba9e109dc910_6611, v0xba9e109dc910_6612;
v0xba9e109dc910_6613 .array/port v0xba9e109dc910, 6613;
v0xba9e109dc910_6614 .array/port v0xba9e109dc910, 6614;
v0xba9e109dc910_6615 .array/port v0xba9e109dc910, 6615;
v0xba9e109dc910_6616 .array/port v0xba9e109dc910, 6616;
E_0xba9e109e1c10/1655 .event anyedge, v0xba9e109dc910_6613, v0xba9e109dc910_6614, v0xba9e109dc910_6615, v0xba9e109dc910_6616;
v0xba9e109dc910_6617 .array/port v0xba9e109dc910, 6617;
v0xba9e109dc910_6618 .array/port v0xba9e109dc910, 6618;
v0xba9e109dc910_6619 .array/port v0xba9e109dc910, 6619;
v0xba9e109dc910_6620 .array/port v0xba9e109dc910, 6620;
E_0xba9e109e1c10/1656 .event anyedge, v0xba9e109dc910_6617, v0xba9e109dc910_6618, v0xba9e109dc910_6619, v0xba9e109dc910_6620;
v0xba9e109dc910_6621 .array/port v0xba9e109dc910, 6621;
v0xba9e109dc910_6622 .array/port v0xba9e109dc910, 6622;
v0xba9e109dc910_6623 .array/port v0xba9e109dc910, 6623;
v0xba9e109dc910_6624 .array/port v0xba9e109dc910, 6624;
E_0xba9e109e1c10/1657 .event anyedge, v0xba9e109dc910_6621, v0xba9e109dc910_6622, v0xba9e109dc910_6623, v0xba9e109dc910_6624;
v0xba9e109dc910_6625 .array/port v0xba9e109dc910, 6625;
v0xba9e109dc910_6626 .array/port v0xba9e109dc910, 6626;
v0xba9e109dc910_6627 .array/port v0xba9e109dc910, 6627;
v0xba9e109dc910_6628 .array/port v0xba9e109dc910, 6628;
E_0xba9e109e1c10/1658 .event anyedge, v0xba9e109dc910_6625, v0xba9e109dc910_6626, v0xba9e109dc910_6627, v0xba9e109dc910_6628;
v0xba9e109dc910_6629 .array/port v0xba9e109dc910, 6629;
v0xba9e109dc910_6630 .array/port v0xba9e109dc910, 6630;
v0xba9e109dc910_6631 .array/port v0xba9e109dc910, 6631;
v0xba9e109dc910_6632 .array/port v0xba9e109dc910, 6632;
E_0xba9e109e1c10/1659 .event anyedge, v0xba9e109dc910_6629, v0xba9e109dc910_6630, v0xba9e109dc910_6631, v0xba9e109dc910_6632;
v0xba9e109dc910_6633 .array/port v0xba9e109dc910, 6633;
v0xba9e109dc910_6634 .array/port v0xba9e109dc910, 6634;
v0xba9e109dc910_6635 .array/port v0xba9e109dc910, 6635;
v0xba9e109dc910_6636 .array/port v0xba9e109dc910, 6636;
E_0xba9e109e1c10/1660 .event anyedge, v0xba9e109dc910_6633, v0xba9e109dc910_6634, v0xba9e109dc910_6635, v0xba9e109dc910_6636;
v0xba9e109dc910_6637 .array/port v0xba9e109dc910, 6637;
v0xba9e109dc910_6638 .array/port v0xba9e109dc910, 6638;
v0xba9e109dc910_6639 .array/port v0xba9e109dc910, 6639;
v0xba9e109dc910_6640 .array/port v0xba9e109dc910, 6640;
E_0xba9e109e1c10/1661 .event anyedge, v0xba9e109dc910_6637, v0xba9e109dc910_6638, v0xba9e109dc910_6639, v0xba9e109dc910_6640;
v0xba9e109dc910_6641 .array/port v0xba9e109dc910, 6641;
v0xba9e109dc910_6642 .array/port v0xba9e109dc910, 6642;
v0xba9e109dc910_6643 .array/port v0xba9e109dc910, 6643;
v0xba9e109dc910_6644 .array/port v0xba9e109dc910, 6644;
E_0xba9e109e1c10/1662 .event anyedge, v0xba9e109dc910_6641, v0xba9e109dc910_6642, v0xba9e109dc910_6643, v0xba9e109dc910_6644;
v0xba9e109dc910_6645 .array/port v0xba9e109dc910, 6645;
v0xba9e109dc910_6646 .array/port v0xba9e109dc910, 6646;
v0xba9e109dc910_6647 .array/port v0xba9e109dc910, 6647;
v0xba9e109dc910_6648 .array/port v0xba9e109dc910, 6648;
E_0xba9e109e1c10/1663 .event anyedge, v0xba9e109dc910_6645, v0xba9e109dc910_6646, v0xba9e109dc910_6647, v0xba9e109dc910_6648;
v0xba9e109dc910_6649 .array/port v0xba9e109dc910, 6649;
v0xba9e109dc910_6650 .array/port v0xba9e109dc910, 6650;
v0xba9e109dc910_6651 .array/port v0xba9e109dc910, 6651;
v0xba9e109dc910_6652 .array/port v0xba9e109dc910, 6652;
E_0xba9e109e1c10/1664 .event anyedge, v0xba9e109dc910_6649, v0xba9e109dc910_6650, v0xba9e109dc910_6651, v0xba9e109dc910_6652;
v0xba9e109dc910_6653 .array/port v0xba9e109dc910, 6653;
v0xba9e109dc910_6654 .array/port v0xba9e109dc910, 6654;
v0xba9e109dc910_6655 .array/port v0xba9e109dc910, 6655;
v0xba9e109dc910_6656 .array/port v0xba9e109dc910, 6656;
E_0xba9e109e1c10/1665 .event anyedge, v0xba9e109dc910_6653, v0xba9e109dc910_6654, v0xba9e109dc910_6655, v0xba9e109dc910_6656;
v0xba9e109dc910_6657 .array/port v0xba9e109dc910, 6657;
v0xba9e109dc910_6658 .array/port v0xba9e109dc910, 6658;
v0xba9e109dc910_6659 .array/port v0xba9e109dc910, 6659;
v0xba9e109dc910_6660 .array/port v0xba9e109dc910, 6660;
E_0xba9e109e1c10/1666 .event anyedge, v0xba9e109dc910_6657, v0xba9e109dc910_6658, v0xba9e109dc910_6659, v0xba9e109dc910_6660;
v0xba9e109dc910_6661 .array/port v0xba9e109dc910, 6661;
v0xba9e109dc910_6662 .array/port v0xba9e109dc910, 6662;
v0xba9e109dc910_6663 .array/port v0xba9e109dc910, 6663;
v0xba9e109dc910_6664 .array/port v0xba9e109dc910, 6664;
E_0xba9e109e1c10/1667 .event anyedge, v0xba9e109dc910_6661, v0xba9e109dc910_6662, v0xba9e109dc910_6663, v0xba9e109dc910_6664;
v0xba9e109dc910_6665 .array/port v0xba9e109dc910, 6665;
v0xba9e109dc910_6666 .array/port v0xba9e109dc910, 6666;
v0xba9e109dc910_6667 .array/port v0xba9e109dc910, 6667;
v0xba9e109dc910_6668 .array/port v0xba9e109dc910, 6668;
E_0xba9e109e1c10/1668 .event anyedge, v0xba9e109dc910_6665, v0xba9e109dc910_6666, v0xba9e109dc910_6667, v0xba9e109dc910_6668;
v0xba9e109dc910_6669 .array/port v0xba9e109dc910, 6669;
v0xba9e109dc910_6670 .array/port v0xba9e109dc910, 6670;
v0xba9e109dc910_6671 .array/port v0xba9e109dc910, 6671;
v0xba9e109dc910_6672 .array/port v0xba9e109dc910, 6672;
E_0xba9e109e1c10/1669 .event anyedge, v0xba9e109dc910_6669, v0xba9e109dc910_6670, v0xba9e109dc910_6671, v0xba9e109dc910_6672;
v0xba9e109dc910_6673 .array/port v0xba9e109dc910, 6673;
v0xba9e109dc910_6674 .array/port v0xba9e109dc910, 6674;
v0xba9e109dc910_6675 .array/port v0xba9e109dc910, 6675;
v0xba9e109dc910_6676 .array/port v0xba9e109dc910, 6676;
E_0xba9e109e1c10/1670 .event anyedge, v0xba9e109dc910_6673, v0xba9e109dc910_6674, v0xba9e109dc910_6675, v0xba9e109dc910_6676;
v0xba9e109dc910_6677 .array/port v0xba9e109dc910, 6677;
v0xba9e109dc910_6678 .array/port v0xba9e109dc910, 6678;
v0xba9e109dc910_6679 .array/port v0xba9e109dc910, 6679;
v0xba9e109dc910_6680 .array/port v0xba9e109dc910, 6680;
E_0xba9e109e1c10/1671 .event anyedge, v0xba9e109dc910_6677, v0xba9e109dc910_6678, v0xba9e109dc910_6679, v0xba9e109dc910_6680;
v0xba9e109dc910_6681 .array/port v0xba9e109dc910, 6681;
v0xba9e109dc910_6682 .array/port v0xba9e109dc910, 6682;
v0xba9e109dc910_6683 .array/port v0xba9e109dc910, 6683;
v0xba9e109dc910_6684 .array/port v0xba9e109dc910, 6684;
E_0xba9e109e1c10/1672 .event anyedge, v0xba9e109dc910_6681, v0xba9e109dc910_6682, v0xba9e109dc910_6683, v0xba9e109dc910_6684;
v0xba9e109dc910_6685 .array/port v0xba9e109dc910, 6685;
v0xba9e109dc910_6686 .array/port v0xba9e109dc910, 6686;
v0xba9e109dc910_6687 .array/port v0xba9e109dc910, 6687;
v0xba9e109dc910_6688 .array/port v0xba9e109dc910, 6688;
E_0xba9e109e1c10/1673 .event anyedge, v0xba9e109dc910_6685, v0xba9e109dc910_6686, v0xba9e109dc910_6687, v0xba9e109dc910_6688;
v0xba9e109dc910_6689 .array/port v0xba9e109dc910, 6689;
v0xba9e109dc910_6690 .array/port v0xba9e109dc910, 6690;
v0xba9e109dc910_6691 .array/port v0xba9e109dc910, 6691;
v0xba9e109dc910_6692 .array/port v0xba9e109dc910, 6692;
E_0xba9e109e1c10/1674 .event anyedge, v0xba9e109dc910_6689, v0xba9e109dc910_6690, v0xba9e109dc910_6691, v0xba9e109dc910_6692;
v0xba9e109dc910_6693 .array/port v0xba9e109dc910, 6693;
v0xba9e109dc910_6694 .array/port v0xba9e109dc910, 6694;
v0xba9e109dc910_6695 .array/port v0xba9e109dc910, 6695;
v0xba9e109dc910_6696 .array/port v0xba9e109dc910, 6696;
E_0xba9e109e1c10/1675 .event anyedge, v0xba9e109dc910_6693, v0xba9e109dc910_6694, v0xba9e109dc910_6695, v0xba9e109dc910_6696;
v0xba9e109dc910_6697 .array/port v0xba9e109dc910, 6697;
v0xba9e109dc910_6698 .array/port v0xba9e109dc910, 6698;
v0xba9e109dc910_6699 .array/port v0xba9e109dc910, 6699;
v0xba9e109dc910_6700 .array/port v0xba9e109dc910, 6700;
E_0xba9e109e1c10/1676 .event anyedge, v0xba9e109dc910_6697, v0xba9e109dc910_6698, v0xba9e109dc910_6699, v0xba9e109dc910_6700;
v0xba9e109dc910_6701 .array/port v0xba9e109dc910, 6701;
v0xba9e109dc910_6702 .array/port v0xba9e109dc910, 6702;
v0xba9e109dc910_6703 .array/port v0xba9e109dc910, 6703;
v0xba9e109dc910_6704 .array/port v0xba9e109dc910, 6704;
E_0xba9e109e1c10/1677 .event anyedge, v0xba9e109dc910_6701, v0xba9e109dc910_6702, v0xba9e109dc910_6703, v0xba9e109dc910_6704;
v0xba9e109dc910_6705 .array/port v0xba9e109dc910, 6705;
v0xba9e109dc910_6706 .array/port v0xba9e109dc910, 6706;
v0xba9e109dc910_6707 .array/port v0xba9e109dc910, 6707;
v0xba9e109dc910_6708 .array/port v0xba9e109dc910, 6708;
E_0xba9e109e1c10/1678 .event anyedge, v0xba9e109dc910_6705, v0xba9e109dc910_6706, v0xba9e109dc910_6707, v0xba9e109dc910_6708;
v0xba9e109dc910_6709 .array/port v0xba9e109dc910, 6709;
v0xba9e109dc910_6710 .array/port v0xba9e109dc910, 6710;
v0xba9e109dc910_6711 .array/port v0xba9e109dc910, 6711;
v0xba9e109dc910_6712 .array/port v0xba9e109dc910, 6712;
E_0xba9e109e1c10/1679 .event anyedge, v0xba9e109dc910_6709, v0xba9e109dc910_6710, v0xba9e109dc910_6711, v0xba9e109dc910_6712;
v0xba9e109dc910_6713 .array/port v0xba9e109dc910, 6713;
v0xba9e109dc910_6714 .array/port v0xba9e109dc910, 6714;
v0xba9e109dc910_6715 .array/port v0xba9e109dc910, 6715;
v0xba9e109dc910_6716 .array/port v0xba9e109dc910, 6716;
E_0xba9e109e1c10/1680 .event anyedge, v0xba9e109dc910_6713, v0xba9e109dc910_6714, v0xba9e109dc910_6715, v0xba9e109dc910_6716;
v0xba9e109dc910_6717 .array/port v0xba9e109dc910, 6717;
v0xba9e109dc910_6718 .array/port v0xba9e109dc910, 6718;
v0xba9e109dc910_6719 .array/port v0xba9e109dc910, 6719;
v0xba9e109dc910_6720 .array/port v0xba9e109dc910, 6720;
E_0xba9e109e1c10/1681 .event anyedge, v0xba9e109dc910_6717, v0xba9e109dc910_6718, v0xba9e109dc910_6719, v0xba9e109dc910_6720;
v0xba9e109dc910_6721 .array/port v0xba9e109dc910, 6721;
v0xba9e109dc910_6722 .array/port v0xba9e109dc910, 6722;
v0xba9e109dc910_6723 .array/port v0xba9e109dc910, 6723;
v0xba9e109dc910_6724 .array/port v0xba9e109dc910, 6724;
E_0xba9e109e1c10/1682 .event anyedge, v0xba9e109dc910_6721, v0xba9e109dc910_6722, v0xba9e109dc910_6723, v0xba9e109dc910_6724;
v0xba9e109dc910_6725 .array/port v0xba9e109dc910, 6725;
v0xba9e109dc910_6726 .array/port v0xba9e109dc910, 6726;
v0xba9e109dc910_6727 .array/port v0xba9e109dc910, 6727;
v0xba9e109dc910_6728 .array/port v0xba9e109dc910, 6728;
E_0xba9e109e1c10/1683 .event anyedge, v0xba9e109dc910_6725, v0xba9e109dc910_6726, v0xba9e109dc910_6727, v0xba9e109dc910_6728;
v0xba9e109dc910_6729 .array/port v0xba9e109dc910, 6729;
v0xba9e109dc910_6730 .array/port v0xba9e109dc910, 6730;
v0xba9e109dc910_6731 .array/port v0xba9e109dc910, 6731;
v0xba9e109dc910_6732 .array/port v0xba9e109dc910, 6732;
E_0xba9e109e1c10/1684 .event anyedge, v0xba9e109dc910_6729, v0xba9e109dc910_6730, v0xba9e109dc910_6731, v0xba9e109dc910_6732;
v0xba9e109dc910_6733 .array/port v0xba9e109dc910, 6733;
v0xba9e109dc910_6734 .array/port v0xba9e109dc910, 6734;
v0xba9e109dc910_6735 .array/port v0xba9e109dc910, 6735;
v0xba9e109dc910_6736 .array/port v0xba9e109dc910, 6736;
E_0xba9e109e1c10/1685 .event anyedge, v0xba9e109dc910_6733, v0xba9e109dc910_6734, v0xba9e109dc910_6735, v0xba9e109dc910_6736;
v0xba9e109dc910_6737 .array/port v0xba9e109dc910, 6737;
v0xba9e109dc910_6738 .array/port v0xba9e109dc910, 6738;
v0xba9e109dc910_6739 .array/port v0xba9e109dc910, 6739;
v0xba9e109dc910_6740 .array/port v0xba9e109dc910, 6740;
E_0xba9e109e1c10/1686 .event anyedge, v0xba9e109dc910_6737, v0xba9e109dc910_6738, v0xba9e109dc910_6739, v0xba9e109dc910_6740;
v0xba9e109dc910_6741 .array/port v0xba9e109dc910, 6741;
v0xba9e109dc910_6742 .array/port v0xba9e109dc910, 6742;
v0xba9e109dc910_6743 .array/port v0xba9e109dc910, 6743;
v0xba9e109dc910_6744 .array/port v0xba9e109dc910, 6744;
E_0xba9e109e1c10/1687 .event anyedge, v0xba9e109dc910_6741, v0xba9e109dc910_6742, v0xba9e109dc910_6743, v0xba9e109dc910_6744;
v0xba9e109dc910_6745 .array/port v0xba9e109dc910, 6745;
v0xba9e109dc910_6746 .array/port v0xba9e109dc910, 6746;
v0xba9e109dc910_6747 .array/port v0xba9e109dc910, 6747;
v0xba9e109dc910_6748 .array/port v0xba9e109dc910, 6748;
E_0xba9e109e1c10/1688 .event anyedge, v0xba9e109dc910_6745, v0xba9e109dc910_6746, v0xba9e109dc910_6747, v0xba9e109dc910_6748;
v0xba9e109dc910_6749 .array/port v0xba9e109dc910, 6749;
v0xba9e109dc910_6750 .array/port v0xba9e109dc910, 6750;
v0xba9e109dc910_6751 .array/port v0xba9e109dc910, 6751;
v0xba9e109dc910_6752 .array/port v0xba9e109dc910, 6752;
E_0xba9e109e1c10/1689 .event anyedge, v0xba9e109dc910_6749, v0xba9e109dc910_6750, v0xba9e109dc910_6751, v0xba9e109dc910_6752;
v0xba9e109dc910_6753 .array/port v0xba9e109dc910, 6753;
v0xba9e109dc910_6754 .array/port v0xba9e109dc910, 6754;
v0xba9e109dc910_6755 .array/port v0xba9e109dc910, 6755;
v0xba9e109dc910_6756 .array/port v0xba9e109dc910, 6756;
E_0xba9e109e1c10/1690 .event anyedge, v0xba9e109dc910_6753, v0xba9e109dc910_6754, v0xba9e109dc910_6755, v0xba9e109dc910_6756;
v0xba9e109dc910_6757 .array/port v0xba9e109dc910, 6757;
v0xba9e109dc910_6758 .array/port v0xba9e109dc910, 6758;
v0xba9e109dc910_6759 .array/port v0xba9e109dc910, 6759;
v0xba9e109dc910_6760 .array/port v0xba9e109dc910, 6760;
E_0xba9e109e1c10/1691 .event anyedge, v0xba9e109dc910_6757, v0xba9e109dc910_6758, v0xba9e109dc910_6759, v0xba9e109dc910_6760;
v0xba9e109dc910_6761 .array/port v0xba9e109dc910, 6761;
v0xba9e109dc910_6762 .array/port v0xba9e109dc910, 6762;
v0xba9e109dc910_6763 .array/port v0xba9e109dc910, 6763;
v0xba9e109dc910_6764 .array/port v0xba9e109dc910, 6764;
E_0xba9e109e1c10/1692 .event anyedge, v0xba9e109dc910_6761, v0xba9e109dc910_6762, v0xba9e109dc910_6763, v0xba9e109dc910_6764;
v0xba9e109dc910_6765 .array/port v0xba9e109dc910, 6765;
v0xba9e109dc910_6766 .array/port v0xba9e109dc910, 6766;
v0xba9e109dc910_6767 .array/port v0xba9e109dc910, 6767;
v0xba9e109dc910_6768 .array/port v0xba9e109dc910, 6768;
E_0xba9e109e1c10/1693 .event anyedge, v0xba9e109dc910_6765, v0xba9e109dc910_6766, v0xba9e109dc910_6767, v0xba9e109dc910_6768;
v0xba9e109dc910_6769 .array/port v0xba9e109dc910, 6769;
v0xba9e109dc910_6770 .array/port v0xba9e109dc910, 6770;
v0xba9e109dc910_6771 .array/port v0xba9e109dc910, 6771;
v0xba9e109dc910_6772 .array/port v0xba9e109dc910, 6772;
E_0xba9e109e1c10/1694 .event anyedge, v0xba9e109dc910_6769, v0xba9e109dc910_6770, v0xba9e109dc910_6771, v0xba9e109dc910_6772;
v0xba9e109dc910_6773 .array/port v0xba9e109dc910, 6773;
v0xba9e109dc910_6774 .array/port v0xba9e109dc910, 6774;
v0xba9e109dc910_6775 .array/port v0xba9e109dc910, 6775;
v0xba9e109dc910_6776 .array/port v0xba9e109dc910, 6776;
E_0xba9e109e1c10/1695 .event anyedge, v0xba9e109dc910_6773, v0xba9e109dc910_6774, v0xba9e109dc910_6775, v0xba9e109dc910_6776;
v0xba9e109dc910_6777 .array/port v0xba9e109dc910, 6777;
v0xba9e109dc910_6778 .array/port v0xba9e109dc910, 6778;
v0xba9e109dc910_6779 .array/port v0xba9e109dc910, 6779;
v0xba9e109dc910_6780 .array/port v0xba9e109dc910, 6780;
E_0xba9e109e1c10/1696 .event anyedge, v0xba9e109dc910_6777, v0xba9e109dc910_6778, v0xba9e109dc910_6779, v0xba9e109dc910_6780;
v0xba9e109dc910_6781 .array/port v0xba9e109dc910, 6781;
v0xba9e109dc910_6782 .array/port v0xba9e109dc910, 6782;
v0xba9e109dc910_6783 .array/port v0xba9e109dc910, 6783;
v0xba9e109dc910_6784 .array/port v0xba9e109dc910, 6784;
E_0xba9e109e1c10/1697 .event anyedge, v0xba9e109dc910_6781, v0xba9e109dc910_6782, v0xba9e109dc910_6783, v0xba9e109dc910_6784;
v0xba9e109dc910_6785 .array/port v0xba9e109dc910, 6785;
v0xba9e109dc910_6786 .array/port v0xba9e109dc910, 6786;
v0xba9e109dc910_6787 .array/port v0xba9e109dc910, 6787;
v0xba9e109dc910_6788 .array/port v0xba9e109dc910, 6788;
E_0xba9e109e1c10/1698 .event anyedge, v0xba9e109dc910_6785, v0xba9e109dc910_6786, v0xba9e109dc910_6787, v0xba9e109dc910_6788;
v0xba9e109dc910_6789 .array/port v0xba9e109dc910, 6789;
v0xba9e109dc910_6790 .array/port v0xba9e109dc910, 6790;
v0xba9e109dc910_6791 .array/port v0xba9e109dc910, 6791;
v0xba9e109dc910_6792 .array/port v0xba9e109dc910, 6792;
E_0xba9e109e1c10/1699 .event anyedge, v0xba9e109dc910_6789, v0xba9e109dc910_6790, v0xba9e109dc910_6791, v0xba9e109dc910_6792;
v0xba9e109dc910_6793 .array/port v0xba9e109dc910, 6793;
v0xba9e109dc910_6794 .array/port v0xba9e109dc910, 6794;
v0xba9e109dc910_6795 .array/port v0xba9e109dc910, 6795;
v0xba9e109dc910_6796 .array/port v0xba9e109dc910, 6796;
E_0xba9e109e1c10/1700 .event anyedge, v0xba9e109dc910_6793, v0xba9e109dc910_6794, v0xba9e109dc910_6795, v0xba9e109dc910_6796;
v0xba9e109dc910_6797 .array/port v0xba9e109dc910, 6797;
v0xba9e109dc910_6798 .array/port v0xba9e109dc910, 6798;
v0xba9e109dc910_6799 .array/port v0xba9e109dc910, 6799;
v0xba9e109dc910_6800 .array/port v0xba9e109dc910, 6800;
E_0xba9e109e1c10/1701 .event anyedge, v0xba9e109dc910_6797, v0xba9e109dc910_6798, v0xba9e109dc910_6799, v0xba9e109dc910_6800;
v0xba9e109dc910_6801 .array/port v0xba9e109dc910, 6801;
v0xba9e109dc910_6802 .array/port v0xba9e109dc910, 6802;
v0xba9e109dc910_6803 .array/port v0xba9e109dc910, 6803;
v0xba9e109dc910_6804 .array/port v0xba9e109dc910, 6804;
E_0xba9e109e1c10/1702 .event anyedge, v0xba9e109dc910_6801, v0xba9e109dc910_6802, v0xba9e109dc910_6803, v0xba9e109dc910_6804;
v0xba9e109dc910_6805 .array/port v0xba9e109dc910, 6805;
v0xba9e109dc910_6806 .array/port v0xba9e109dc910, 6806;
v0xba9e109dc910_6807 .array/port v0xba9e109dc910, 6807;
v0xba9e109dc910_6808 .array/port v0xba9e109dc910, 6808;
E_0xba9e109e1c10/1703 .event anyedge, v0xba9e109dc910_6805, v0xba9e109dc910_6806, v0xba9e109dc910_6807, v0xba9e109dc910_6808;
v0xba9e109dc910_6809 .array/port v0xba9e109dc910, 6809;
v0xba9e109dc910_6810 .array/port v0xba9e109dc910, 6810;
v0xba9e109dc910_6811 .array/port v0xba9e109dc910, 6811;
v0xba9e109dc910_6812 .array/port v0xba9e109dc910, 6812;
E_0xba9e109e1c10/1704 .event anyedge, v0xba9e109dc910_6809, v0xba9e109dc910_6810, v0xba9e109dc910_6811, v0xba9e109dc910_6812;
v0xba9e109dc910_6813 .array/port v0xba9e109dc910, 6813;
v0xba9e109dc910_6814 .array/port v0xba9e109dc910, 6814;
v0xba9e109dc910_6815 .array/port v0xba9e109dc910, 6815;
v0xba9e109dc910_6816 .array/port v0xba9e109dc910, 6816;
E_0xba9e109e1c10/1705 .event anyedge, v0xba9e109dc910_6813, v0xba9e109dc910_6814, v0xba9e109dc910_6815, v0xba9e109dc910_6816;
v0xba9e109dc910_6817 .array/port v0xba9e109dc910, 6817;
v0xba9e109dc910_6818 .array/port v0xba9e109dc910, 6818;
v0xba9e109dc910_6819 .array/port v0xba9e109dc910, 6819;
v0xba9e109dc910_6820 .array/port v0xba9e109dc910, 6820;
E_0xba9e109e1c10/1706 .event anyedge, v0xba9e109dc910_6817, v0xba9e109dc910_6818, v0xba9e109dc910_6819, v0xba9e109dc910_6820;
v0xba9e109dc910_6821 .array/port v0xba9e109dc910, 6821;
v0xba9e109dc910_6822 .array/port v0xba9e109dc910, 6822;
v0xba9e109dc910_6823 .array/port v0xba9e109dc910, 6823;
v0xba9e109dc910_6824 .array/port v0xba9e109dc910, 6824;
E_0xba9e109e1c10/1707 .event anyedge, v0xba9e109dc910_6821, v0xba9e109dc910_6822, v0xba9e109dc910_6823, v0xba9e109dc910_6824;
v0xba9e109dc910_6825 .array/port v0xba9e109dc910, 6825;
v0xba9e109dc910_6826 .array/port v0xba9e109dc910, 6826;
v0xba9e109dc910_6827 .array/port v0xba9e109dc910, 6827;
v0xba9e109dc910_6828 .array/port v0xba9e109dc910, 6828;
E_0xba9e109e1c10/1708 .event anyedge, v0xba9e109dc910_6825, v0xba9e109dc910_6826, v0xba9e109dc910_6827, v0xba9e109dc910_6828;
v0xba9e109dc910_6829 .array/port v0xba9e109dc910, 6829;
v0xba9e109dc910_6830 .array/port v0xba9e109dc910, 6830;
v0xba9e109dc910_6831 .array/port v0xba9e109dc910, 6831;
v0xba9e109dc910_6832 .array/port v0xba9e109dc910, 6832;
E_0xba9e109e1c10/1709 .event anyedge, v0xba9e109dc910_6829, v0xba9e109dc910_6830, v0xba9e109dc910_6831, v0xba9e109dc910_6832;
v0xba9e109dc910_6833 .array/port v0xba9e109dc910, 6833;
v0xba9e109dc910_6834 .array/port v0xba9e109dc910, 6834;
v0xba9e109dc910_6835 .array/port v0xba9e109dc910, 6835;
v0xba9e109dc910_6836 .array/port v0xba9e109dc910, 6836;
E_0xba9e109e1c10/1710 .event anyedge, v0xba9e109dc910_6833, v0xba9e109dc910_6834, v0xba9e109dc910_6835, v0xba9e109dc910_6836;
v0xba9e109dc910_6837 .array/port v0xba9e109dc910, 6837;
v0xba9e109dc910_6838 .array/port v0xba9e109dc910, 6838;
v0xba9e109dc910_6839 .array/port v0xba9e109dc910, 6839;
v0xba9e109dc910_6840 .array/port v0xba9e109dc910, 6840;
E_0xba9e109e1c10/1711 .event anyedge, v0xba9e109dc910_6837, v0xba9e109dc910_6838, v0xba9e109dc910_6839, v0xba9e109dc910_6840;
v0xba9e109dc910_6841 .array/port v0xba9e109dc910, 6841;
v0xba9e109dc910_6842 .array/port v0xba9e109dc910, 6842;
v0xba9e109dc910_6843 .array/port v0xba9e109dc910, 6843;
v0xba9e109dc910_6844 .array/port v0xba9e109dc910, 6844;
E_0xba9e109e1c10/1712 .event anyedge, v0xba9e109dc910_6841, v0xba9e109dc910_6842, v0xba9e109dc910_6843, v0xba9e109dc910_6844;
v0xba9e109dc910_6845 .array/port v0xba9e109dc910, 6845;
v0xba9e109dc910_6846 .array/port v0xba9e109dc910, 6846;
v0xba9e109dc910_6847 .array/port v0xba9e109dc910, 6847;
v0xba9e109dc910_6848 .array/port v0xba9e109dc910, 6848;
E_0xba9e109e1c10/1713 .event anyedge, v0xba9e109dc910_6845, v0xba9e109dc910_6846, v0xba9e109dc910_6847, v0xba9e109dc910_6848;
v0xba9e109dc910_6849 .array/port v0xba9e109dc910, 6849;
v0xba9e109dc910_6850 .array/port v0xba9e109dc910, 6850;
v0xba9e109dc910_6851 .array/port v0xba9e109dc910, 6851;
v0xba9e109dc910_6852 .array/port v0xba9e109dc910, 6852;
E_0xba9e109e1c10/1714 .event anyedge, v0xba9e109dc910_6849, v0xba9e109dc910_6850, v0xba9e109dc910_6851, v0xba9e109dc910_6852;
v0xba9e109dc910_6853 .array/port v0xba9e109dc910, 6853;
v0xba9e109dc910_6854 .array/port v0xba9e109dc910, 6854;
v0xba9e109dc910_6855 .array/port v0xba9e109dc910, 6855;
v0xba9e109dc910_6856 .array/port v0xba9e109dc910, 6856;
E_0xba9e109e1c10/1715 .event anyedge, v0xba9e109dc910_6853, v0xba9e109dc910_6854, v0xba9e109dc910_6855, v0xba9e109dc910_6856;
v0xba9e109dc910_6857 .array/port v0xba9e109dc910, 6857;
v0xba9e109dc910_6858 .array/port v0xba9e109dc910, 6858;
v0xba9e109dc910_6859 .array/port v0xba9e109dc910, 6859;
v0xba9e109dc910_6860 .array/port v0xba9e109dc910, 6860;
E_0xba9e109e1c10/1716 .event anyedge, v0xba9e109dc910_6857, v0xba9e109dc910_6858, v0xba9e109dc910_6859, v0xba9e109dc910_6860;
v0xba9e109dc910_6861 .array/port v0xba9e109dc910, 6861;
v0xba9e109dc910_6862 .array/port v0xba9e109dc910, 6862;
v0xba9e109dc910_6863 .array/port v0xba9e109dc910, 6863;
v0xba9e109dc910_6864 .array/port v0xba9e109dc910, 6864;
E_0xba9e109e1c10/1717 .event anyedge, v0xba9e109dc910_6861, v0xba9e109dc910_6862, v0xba9e109dc910_6863, v0xba9e109dc910_6864;
v0xba9e109dc910_6865 .array/port v0xba9e109dc910, 6865;
v0xba9e109dc910_6866 .array/port v0xba9e109dc910, 6866;
v0xba9e109dc910_6867 .array/port v0xba9e109dc910, 6867;
v0xba9e109dc910_6868 .array/port v0xba9e109dc910, 6868;
E_0xba9e109e1c10/1718 .event anyedge, v0xba9e109dc910_6865, v0xba9e109dc910_6866, v0xba9e109dc910_6867, v0xba9e109dc910_6868;
v0xba9e109dc910_6869 .array/port v0xba9e109dc910, 6869;
v0xba9e109dc910_6870 .array/port v0xba9e109dc910, 6870;
v0xba9e109dc910_6871 .array/port v0xba9e109dc910, 6871;
v0xba9e109dc910_6872 .array/port v0xba9e109dc910, 6872;
E_0xba9e109e1c10/1719 .event anyedge, v0xba9e109dc910_6869, v0xba9e109dc910_6870, v0xba9e109dc910_6871, v0xba9e109dc910_6872;
v0xba9e109dc910_6873 .array/port v0xba9e109dc910, 6873;
v0xba9e109dc910_6874 .array/port v0xba9e109dc910, 6874;
v0xba9e109dc910_6875 .array/port v0xba9e109dc910, 6875;
v0xba9e109dc910_6876 .array/port v0xba9e109dc910, 6876;
E_0xba9e109e1c10/1720 .event anyedge, v0xba9e109dc910_6873, v0xba9e109dc910_6874, v0xba9e109dc910_6875, v0xba9e109dc910_6876;
v0xba9e109dc910_6877 .array/port v0xba9e109dc910, 6877;
v0xba9e109dc910_6878 .array/port v0xba9e109dc910, 6878;
v0xba9e109dc910_6879 .array/port v0xba9e109dc910, 6879;
v0xba9e109dc910_6880 .array/port v0xba9e109dc910, 6880;
E_0xba9e109e1c10/1721 .event anyedge, v0xba9e109dc910_6877, v0xba9e109dc910_6878, v0xba9e109dc910_6879, v0xba9e109dc910_6880;
v0xba9e109dc910_6881 .array/port v0xba9e109dc910, 6881;
v0xba9e109dc910_6882 .array/port v0xba9e109dc910, 6882;
v0xba9e109dc910_6883 .array/port v0xba9e109dc910, 6883;
v0xba9e109dc910_6884 .array/port v0xba9e109dc910, 6884;
E_0xba9e109e1c10/1722 .event anyedge, v0xba9e109dc910_6881, v0xba9e109dc910_6882, v0xba9e109dc910_6883, v0xba9e109dc910_6884;
v0xba9e109dc910_6885 .array/port v0xba9e109dc910, 6885;
v0xba9e109dc910_6886 .array/port v0xba9e109dc910, 6886;
v0xba9e109dc910_6887 .array/port v0xba9e109dc910, 6887;
v0xba9e109dc910_6888 .array/port v0xba9e109dc910, 6888;
E_0xba9e109e1c10/1723 .event anyedge, v0xba9e109dc910_6885, v0xba9e109dc910_6886, v0xba9e109dc910_6887, v0xba9e109dc910_6888;
v0xba9e109dc910_6889 .array/port v0xba9e109dc910, 6889;
v0xba9e109dc910_6890 .array/port v0xba9e109dc910, 6890;
v0xba9e109dc910_6891 .array/port v0xba9e109dc910, 6891;
v0xba9e109dc910_6892 .array/port v0xba9e109dc910, 6892;
E_0xba9e109e1c10/1724 .event anyedge, v0xba9e109dc910_6889, v0xba9e109dc910_6890, v0xba9e109dc910_6891, v0xba9e109dc910_6892;
v0xba9e109dc910_6893 .array/port v0xba9e109dc910, 6893;
v0xba9e109dc910_6894 .array/port v0xba9e109dc910, 6894;
v0xba9e109dc910_6895 .array/port v0xba9e109dc910, 6895;
v0xba9e109dc910_6896 .array/port v0xba9e109dc910, 6896;
E_0xba9e109e1c10/1725 .event anyedge, v0xba9e109dc910_6893, v0xba9e109dc910_6894, v0xba9e109dc910_6895, v0xba9e109dc910_6896;
v0xba9e109dc910_6897 .array/port v0xba9e109dc910, 6897;
v0xba9e109dc910_6898 .array/port v0xba9e109dc910, 6898;
v0xba9e109dc910_6899 .array/port v0xba9e109dc910, 6899;
v0xba9e109dc910_6900 .array/port v0xba9e109dc910, 6900;
E_0xba9e109e1c10/1726 .event anyedge, v0xba9e109dc910_6897, v0xba9e109dc910_6898, v0xba9e109dc910_6899, v0xba9e109dc910_6900;
v0xba9e109dc910_6901 .array/port v0xba9e109dc910, 6901;
v0xba9e109dc910_6902 .array/port v0xba9e109dc910, 6902;
v0xba9e109dc910_6903 .array/port v0xba9e109dc910, 6903;
v0xba9e109dc910_6904 .array/port v0xba9e109dc910, 6904;
E_0xba9e109e1c10/1727 .event anyedge, v0xba9e109dc910_6901, v0xba9e109dc910_6902, v0xba9e109dc910_6903, v0xba9e109dc910_6904;
v0xba9e109dc910_6905 .array/port v0xba9e109dc910, 6905;
v0xba9e109dc910_6906 .array/port v0xba9e109dc910, 6906;
v0xba9e109dc910_6907 .array/port v0xba9e109dc910, 6907;
v0xba9e109dc910_6908 .array/port v0xba9e109dc910, 6908;
E_0xba9e109e1c10/1728 .event anyedge, v0xba9e109dc910_6905, v0xba9e109dc910_6906, v0xba9e109dc910_6907, v0xba9e109dc910_6908;
v0xba9e109dc910_6909 .array/port v0xba9e109dc910, 6909;
v0xba9e109dc910_6910 .array/port v0xba9e109dc910, 6910;
v0xba9e109dc910_6911 .array/port v0xba9e109dc910, 6911;
v0xba9e109dc910_6912 .array/port v0xba9e109dc910, 6912;
E_0xba9e109e1c10/1729 .event anyedge, v0xba9e109dc910_6909, v0xba9e109dc910_6910, v0xba9e109dc910_6911, v0xba9e109dc910_6912;
v0xba9e109dc910_6913 .array/port v0xba9e109dc910, 6913;
v0xba9e109dc910_6914 .array/port v0xba9e109dc910, 6914;
v0xba9e109dc910_6915 .array/port v0xba9e109dc910, 6915;
v0xba9e109dc910_6916 .array/port v0xba9e109dc910, 6916;
E_0xba9e109e1c10/1730 .event anyedge, v0xba9e109dc910_6913, v0xba9e109dc910_6914, v0xba9e109dc910_6915, v0xba9e109dc910_6916;
v0xba9e109dc910_6917 .array/port v0xba9e109dc910, 6917;
v0xba9e109dc910_6918 .array/port v0xba9e109dc910, 6918;
v0xba9e109dc910_6919 .array/port v0xba9e109dc910, 6919;
v0xba9e109dc910_6920 .array/port v0xba9e109dc910, 6920;
E_0xba9e109e1c10/1731 .event anyedge, v0xba9e109dc910_6917, v0xba9e109dc910_6918, v0xba9e109dc910_6919, v0xba9e109dc910_6920;
v0xba9e109dc910_6921 .array/port v0xba9e109dc910, 6921;
v0xba9e109dc910_6922 .array/port v0xba9e109dc910, 6922;
v0xba9e109dc910_6923 .array/port v0xba9e109dc910, 6923;
v0xba9e109dc910_6924 .array/port v0xba9e109dc910, 6924;
E_0xba9e109e1c10/1732 .event anyedge, v0xba9e109dc910_6921, v0xba9e109dc910_6922, v0xba9e109dc910_6923, v0xba9e109dc910_6924;
v0xba9e109dc910_6925 .array/port v0xba9e109dc910, 6925;
v0xba9e109dc910_6926 .array/port v0xba9e109dc910, 6926;
v0xba9e109dc910_6927 .array/port v0xba9e109dc910, 6927;
v0xba9e109dc910_6928 .array/port v0xba9e109dc910, 6928;
E_0xba9e109e1c10/1733 .event anyedge, v0xba9e109dc910_6925, v0xba9e109dc910_6926, v0xba9e109dc910_6927, v0xba9e109dc910_6928;
v0xba9e109dc910_6929 .array/port v0xba9e109dc910, 6929;
v0xba9e109dc910_6930 .array/port v0xba9e109dc910, 6930;
v0xba9e109dc910_6931 .array/port v0xba9e109dc910, 6931;
v0xba9e109dc910_6932 .array/port v0xba9e109dc910, 6932;
E_0xba9e109e1c10/1734 .event anyedge, v0xba9e109dc910_6929, v0xba9e109dc910_6930, v0xba9e109dc910_6931, v0xba9e109dc910_6932;
v0xba9e109dc910_6933 .array/port v0xba9e109dc910, 6933;
v0xba9e109dc910_6934 .array/port v0xba9e109dc910, 6934;
v0xba9e109dc910_6935 .array/port v0xba9e109dc910, 6935;
v0xba9e109dc910_6936 .array/port v0xba9e109dc910, 6936;
E_0xba9e109e1c10/1735 .event anyedge, v0xba9e109dc910_6933, v0xba9e109dc910_6934, v0xba9e109dc910_6935, v0xba9e109dc910_6936;
v0xba9e109dc910_6937 .array/port v0xba9e109dc910, 6937;
v0xba9e109dc910_6938 .array/port v0xba9e109dc910, 6938;
v0xba9e109dc910_6939 .array/port v0xba9e109dc910, 6939;
v0xba9e109dc910_6940 .array/port v0xba9e109dc910, 6940;
E_0xba9e109e1c10/1736 .event anyedge, v0xba9e109dc910_6937, v0xba9e109dc910_6938, v0xba9e109dc910_6939, v0xba9e109dc910_6940;
v0xba9e109dc910_6941 .array/port v0xba9e109dc910, 6941;
v0xba9e109dc910_6942 .array/port v0xba9e109dc910, 6942;
v0xba9e109dc910_6943 .array/port v0xba9e109dc910, 6943;
v0xba9e109dc910_6944 .array/port v0xba9e109dc910, 6944;
E_0xba9e109e1c10/1737 .event anyedge, v0xba9e109dc910_6941, v0xba9e109dc910_6942, v0xba9e109dc910_6943, v0xba9e109dc910_6944;
v0xba9e109dc910_6945 .array/port v0xba9e109dc910, 6945;
v0xba9e109dc910_6946 .array/port v0xba9e109dc910, 6946;
v0xba9e109dc910_6947 .array/port v0xba9e109dc910, 6947;
v0xba9e109dc910_6948 .array/port v0xba9e109dc910, 6948;
E_0xba9e109e1c10/1738 .event anyedge, v0xba9e109dc910_6945, v0xba9e109dc910_6946, v0xba9e109dc910_6947, v0xba9e109dc910_6948;
v0xba9e109dc910_6949 .array/port v0xba9e109dc910, 6949;
v0xba9e109dc910_6950 .array/port v0xba9e109dc910, 6950;
v0xba9e109dc910_6951 .array/port v0xba9e109dc910, 6951;
v0xba9e109dc910_6952 .array/port v0xba9e109dc910, 6952;
E_0xba9e109e1c10/1739 .event anyedge, v0xba9e109dc910_6949, v0xba9e109dc910_6950, v0xba9e109dc910_6951, v0xba9e109dc910_6952;
v0xba9e109dc910_6953 .array/port v0xba9e109dc910, 6953;
v0xba9e109dc910_6954 .array/port v0xba9e109dc910, 6954;
v0xba9e109dc910_6955 .array/port v0xba9e109dc910, 6955;
v0xba9e109dc910_6956 .array/port v0xba9e109dc910, 6956;
E_0xba9e109e1c10/1740 .event anyedge, v0xba9e109dc910_6953, v0xba9e109dc910_6954, v0xba9e109dc910_6955, v0xba9e109dc910_6956;
v0xba9e109dc910_6957 .array/port v0xba9e109dc910, 6957;
v0xba9e109dc910_6958 .array/port v0xba9e109dc910, 6958;
v0xba9e109dc910_6959 .array/port v0xba9e109dc910, 6959;
v0xba9e109dc910_6960 .array/port v0xba9e109dc910, 6960;
E_0xba9e109e1c10/1741 .event anyedge, v0xba9e109dc910_6957, v0xba9e109dc910_6958, v0xba9e109dc910_6959, v0xba9e109dc910_6960;
v0xba9e109dc910_6961 .array/port v0xba9e109dc910, 6961;
v0xba9e109dc910_6962 .array/port v0xba9e109dc910, 6962;
v0xba9e109dc910_6963 .array/port v0xba9e109dc910, 6963;
v0xba9e109dc910_6964 .array/port v0xba9e109dc910, 6964;
E_0xba9e109e1c10/1742 .event anyedge, v0xba9e109dc910_6961, v0xba9e109dc910_6962, v0xba9e109dc910_6963, v0xba9e109dc910_6964;
v0xba9e109dc910_6965 .array/port v0xba9e109dc910, 6965;
v0xba9e109dc910_6966 .array/port v0xba9e109dc910, 6966;
v0xba9e109dc910_6967 .array/port v0xba9e109dc910, 6967;
v0xba9e109dc910_6968 .array/port v0xba9e109dc910, 6968;
E_0xba9e109e1c10/1743 .event anyedge, v0xba9e109dc910_6965, v0xba9e109dc910_6966, v0xba9e109dc910_6967, v0xba9e109dc910_6968;
v0xba9e109dc910_6969 .array/port v0xba9e109dc910, 6969;
v0xba9e109dc910_6970 .array/port v0xba9e109dc910, 6970;
v0xba9e109dc910_6971 .array/port v0xba9e109dc910, 6971;
v0xba9e109dc910_6972 .array/port v0xba9e109dc910, 6972;
E_0xba9e109e1c10/1744 .event anyedge, v0xba9e109dc910_6969, v0xba9e109dc910_6970, v0xba9e109dc910_6971, v0xba9e109dc910_6972;
v0xba9e109dc910_6973 .array/port v0xba9e109dc910, 6973;
v0xba9e109dc910_6974 .array/port v0xba9e109dc910, 6974;
v0xba9e109dc910_6975 .array/port v0xba9e109dc910, 6975;
v0xba9e109dc910_6976 .array/port v0xba9e109dc910, 6976;
E_0xba9e109e1c10/1745 .event anyedge, v0xba9e109dc910_6973, v0xba9e109dc910_6974, v0xba9e109dc910_6975, v0xba9e109dc910_6976;
v0xba9e109dc910_6977 .array/port v0xba9e109dc910, 6977;
v0xba9e109dc910_6978 .array/port v0xba9e109dc910, 6978;
v0xba9e109dc910_6979 .array/port v0xba9e109dc910, 6979;
v0xba9e109dc910_6980 .array/port v0xba9e109dc910, 6980;
E_0xba9e109e1c10/1746 .event anyedge, v0xba9e109dc910_6977, v0xba9e109dc910_6978, v0xba9e109dc910_6979, v0xba9e109dc910_6980;
v0xba9e109dc910_6981 .array/port v0xba9e109dc910, 6981;
v0xba9e109dc910_6982 .array/port v0xba9e109dc910, 6982;
v0xba9e109dc910_6983 .array/port v0xba9e109dc910, 6983;
v0xba9e109dc910_6984 .array/port v0xba9e109dc910, 6984;
E_0xba9e109e1c10/1747 .event anyedge, v0xba9e109dc910_6981, v0xba9e109dc910_6982, v0xba9e109dc910_6983, v0xba9e109dc910_6984;
v0xba9e109dc910_6985 .array/port v0xba9e109dc910, 6985;
v0xba9e109dc910_6986 .array/port v0xba9e109dc910, 6986;
v0xba9e109dc910_6987 .array/port v0xba9e109dc910, 6987;
v0xba9e109dc910_6988 .array/port v0xba9e109dc910, 6988;
E_0xba9e109e1c10/1748 .event anyedge, v0xba9e109dc910_6985, v0xba9e109dc910_6986, v0xba9e109dc910_6987, v0xba9e109dc910_6988;
v0xba9e109dc910_6989 .array/port v0xba9e109dc910, 6989;
v0xba9e109dc910_6990 .array/port v0xba9e109dc910, 6990;
v0xba9e109dc910_6991 .array/port v0xba9e109dc910, 6991;
v0xba9e109dc910_6992 .array/port v0xba9e109dc910, 6992;
E_0xba9e109e1c10/1749 .event anyedge, v0xba9e109dc910_6989, v0xba9e109dc910_6990, v0xba9e109dc910_6991, v0xba9e109dc910_6992;
v0xba9e109dc910_6993 .array/port v0xba9e109dc910, 6993;
v0xba9e109dc910_6994 .array/port v0xba9e109dc910, 6994;
v0xba9e109dc910_6995 .array/port v0xba9e109dc910, 6995;
v0xba9e109dc910_6996 .array/port v0xba9e109dc910, 6996;
E_0xba9e109e1c10/1750 .event anyedge, v0xba9e109dc910_6993, v0xba9e109dc910_6994, v0xba9e109dc910_6995, v0xba9e109dc910_6996;
v0xba9e109dc910_6997 .array/port v0xba9e109dc910, 6997;
v0xba9e109dc910_6998 .array/port v0xba9e109dc910, 6998;
v0xba9e109dc910_6999 .array/port v0xba9e109dc910, 6999;
v0xba9e109dc910_7000 .array/port v0xba9e109dc910, 7000;
E_0xba9e109e1c10/1751 .event anyedge, v0xba9e109dc910_6997, v0xba9e109dc910_6998, v0xba9e109dc910_6999, v0xba9e109dc910_7000;
v0xba9e109dc910_7001 .array/port v0xba9e109dc910, 7001;
v0xba9e109dc910_7002 .array/port v0xba9e109dc910, 7002;
v0xba9e109dc910_7003 .array/port v0xba9e109dc910, 7003;
v0xba9e109dc910_7004 .array/port v0xba9e109dc910, 7004;
E_0xba9e109e1c10/1752 .event anyedge, v0xba9e109dc910_7001, v0xba9e109dc910_7002, v0xba9e109dc910_7003, v0xba9e109dc910_7004;
v0xba9e109dc910_7005 .array/port v0xba9e109dc910, 7005;
v0xba9e109dc910_7006 .array/port v0xba9e109dc910, 7006;
v0xba9e109dc910_7007 .array/port v0xba9e109dc910, 7007;
v0xba9e109dc910_7008 .array/port v0xba9e109dc910, 7008;
E_0xba9e109e1c10/1753 .event anyedge, v0xba9e109dc910_7005, v0xba9e109dc910_7006, v0xba9e109dc910_7007, v0xba9e109dc910_7008;
v0xba9e109dc910_7009 .array/port v0xba9e109dc910, 7009;
v0xba9e109dc910_7010 .array/port v0xba9e109dc910, 7010;
v0xba9e109dc910_7011 .array/port v0xba9e109dc910, 7011;
v0xba9e109dc910_7012 .array/port v0xba9e109dc910, 7012;
E_0xba9e109e1c10/1754 .event anyedge, v0xba9e109dc910_7009, v0xba9e109dc910_7010, v0xba9e109dc910_7011, v0xba9e109dc910_7012;
v0xba9e109dc910_7013 .array/port v0xba9e109dc910, 7013;
v0xba9e109dc910_7014 .array/port v0xba9e109dc910, 7014;
v0xba9e109dc910_7015 .array/port v0xba9e109dc910, 7015;
v0xba9e109dc910_7016 .array/port v0xba9e109dc910, 7016;
E_0xba9e109e1c10/1755 .event anyedge, v0xba9e109dc910_7013, v0xba9e109dc910_7014, v0xba9e109dc910_7015, v0xba9e109dc910_7016;
v0xba9e109dc910_7017 .array/port v0xba9e109dc910, 7017;
v0xba9e109dc910_7018 .array/port v0xba9e109dc910, 7018;
v0xba9e109dc910_7019 .array/port v0xba9e109dc910, 7019;
v0xba9e109dc910_7020 .array/port v0xba9e109dc910, 7020;
E_0xba9e109e1c10/1756 .event anyedge, v0xba9e109dc910_7017, v0xba9e109dc910_7018, v0xba9e109dc910_7019, v0xba9e109dc910_7020;
v0xba9e109dc910_7021 .array/port v0xba9e109dc910, 7021;
v0xba9e109dc910_7022 .array/port v0xba9e109dc910, 7022;
v0xba9e109dc910_7023 .array/port v0xba9e109dc910, 7023;
v0xba9e109dc910_7024 .array/port v0xba9e109dc910, 7024;
E_0xba9e109e1c10/1757 .event anyedge, v0xba9e109dc910_7021, v0xba9e109dc910_7022, v0xba9e109dc910_7023, v0xba9e109dc910_7024;
v0xba9e109dc910_7025 .array/port v0xba9e109dc910, 7025;
v0xba9e109dc910_7026 .array/port v0xba9e109dc910, 7026;
v0xba9e109dc910_7027 .array/port v0xba9e109dc910, 7027;
v0xba9e109dc910_7028 .array/port v0xba9e109dc910, 7028;
E_0xba9e109e1c10/1758 .event anyedge, v0xba9e109dc910_7025, v0xba9e109dc910_7026, v0xba9e109dc910_7027, v0xba9e109dc910_7028;
v0xba9e109dc910_7029 .array/port v0xba9e109dc910, 7029;
v0xba9e109dc910_7030 .array/port v0xba9e109dc910, 7030;
v0xba9e109dc910_7031 .array/port v0xba9e109dc910, 7031;
v0xba9e109dc910_7032 .array/port v0xba9e109dc910, 7032;
E_0xba9e109e1c10/1759 .event anyedge, v0xba9e109dc910_7029, v0xba9e109dc910_7030, v0xba9e109dc910_7031, v0xba9e109dc910_7032;
v0xba9e109dc910_7033 .array/port v0xba9e109dc910, 7033;
v0xba9e109dc910_7034 .array/port v0xba9e109dc910, 7034;
v0xba9e109dc910_7035 .array/port v0xba9e109dc910, 7035;
v0xba9e109dc910_7036 .array/port v0xba9e109dc910, 7036;
E_0xba9e109e1c10/1760 .event anyedge, v0xba9e109dc910_7033, v0xba9e109dc910_7034, v0xba9e109dc910_7035, v0xba9e109dc910_7036;
v0xba9e109dc910_7037 .array/port v0xba9e109dc910, 7037;
v0xba9e109dc910_7038 .array/port v0xba9e109dc910, 7038;
v0xba9e109dc910_7039 .array/port v0xba9e109dc910, 7039;
v0xba9e109dc910_7040 .array/port v0xba9e109dc910, 7040;
E_0xba9e109e1c10/1761 .event anyedge, v0xba9e109dc910_7037, v0xba9e109dc910_7038, v0xba9e109dc910_7039, v0xba9e109dc910_7040;
v0xba9e109dc910_7041 .array/port v0xba9e109dc910, 7041;
v0xba9e109dc910_7042 .array/port v0xba9e109dc910, 7042;
v0xba9e109dc910_7043 .array/port v0xba9e109dc910, 7043;
v0xba9e109dc910_7044 .array/port v0xba9e109dc910, 7044;
E_0xba9e109e1c10/1762 .event anyedge, v0xba9e109dc910_7041, v0xba9e109dc910_7042, v0xba9e109dc910_7043, v0xba9e109dc910_7044;
v0xba9e109dc910_7045 .array/port v0xba9e109dc910, 7045;
v0xba9e109dc910_7046 .array/port v0xba9e109dc910, 7046;
v0xba9e109dc910_7047 .array/port v0xba9e109dc910, 7047;
v0xba9e109dc910_7048 .array/port v0xba9e109dc910, 7048;
E_0xba9e109e1c10/1763 .event anyedge, v0xba9e109dc910_7045, v0xba9e109dc910_7046, v0xba9e109dc910_7047, v0xba9e109dc910_7048;
v0xba9e109dc910_7049 .array/port v0xba9e109dc910, 7049;
v0xba9e109dc910_7050 .array/port v0xba9e109dc910, 7050;
v0xba9e109dc910_7051 .array/port v0xba9e109dc910, 7051;
v0xba9e109dc910_7052 .array/port v0xba9e109dc910, 7052;
E_0xba9e109e1c10/1764 .event anyedge, v0xba9e109dc910_7049, v0xba9e109dc910_7050, v0xba9e109dc910_7051, v0xba9e109dc910_7052;
v0xba9e109dc910_7053 .array/port v0xba9e109dc910, 7053;
v0xba9e109dc910_7054 .array/port v0xba9e109dc910, 7054;
v0xba9e109dc910_7055 .array/port v0xba9e109dc910, 7055;
v0xba9e109dc910_7056 .array/port v0xba9e109dc910, 7056;
E_0xba9e109e1c10/1765 .event anyedge, v0xba9e109dc910_7053, v0xba9e109dc910_7054, v0xba9e109dc910_7055, v0xba9e109dc910_7056;
v0xba9e109dc910_7057 .array/port v0xba9e109dc910, 7057;
v0xba9e109dc910_7058 .array/port v0xba9e109dc910, 7058;
v0xba9e109dc910_7059 .array/port v0xba9e109dc910, 7059;
v0xba9e109dc910_7060 .array/port v0xba9e109dc910, 7060;
E_0xba9e109e1c10/1766 .event anyedge, v0xba9e109dc910_7057, v0xba9e109dc910_7058, v0xba9e109dc910_7059, v0xba9e109dc910_7060;
v0xba9e109dc910_7061 .array/port v0xba9e109dc910, 7061;
v0xba9e109dc910_7062 .array/port v0xba9e109dc910, 7062;
v0xba9e109dc910_7063 .array/port v0xba9e109dc910, 7063;
v0xba9e109dc910_7064 .array/port v0xba9e109dc910, 7064;
E_0xba9e109e1c10/1767 .event anyedge, v0xba9e109dc910_7061, v0xba9e109dc910_7062, v0xba9e109dc910_7063, v0xba9e109dc910_7064;
v0xba9e109dc910_7065 .array/port v0xba9e109dc910, 7065;
v0xba9e109dc910_7066 .array/port v0xba9e109dc910, 7066;
v0xba9e109dc910_7067 .array/port v0xba9e109dc910, 7067;
v0xba9e109dc910_7068 .array/port v0xba9e109dc910, 7068;
E_0xba9e109e1c10/1768 .event anyedge, v0xba9e109dc910_7065, v0xba9e109dc910_7066, v0xba9e109dc910_7067, v0xba9e109dc910_7068;
v0xba9e109dc910_7069 .array/port v0xba9e109dc910, 7069;
v0xba9e109dc910_7070 .array/port v0xba9e109dc910, 7070;
v0xba9e109dc910_7071 .array/port v0xba9e109dc910, 7071;
v0xba9e109dc910_7072 .array/port v0xba9e109dc910, 7072;
E_0xba9e109e1c10/1769 .event anyedge, v0xba9e109dc910_7069, v0xba9e109dc910_7070, v0xba9e109dc910_7071, v0xba9e109dc910_7072;
v0xba9e109dc910_7073 .array/port v0xba9e109dc910, 7073;
v0xba9e109dc910_7074 .array/port v0xba9e109dc910, 7074;
v0xba9e109dc910_7075 .array/port v0xba9e109dc910, 7075;
v0xba9e109dc910_7076 .array/port v0xba9e109dc910, 7076;
E_0xba9e109e1c10/1770 .event anyedge, v0xba9e109dc910_7073, v0xba9e109dc910_7074, v0xba9e109dc910_7075, v0xba9e109dc910_7076;
v0xba9e109dc910_7077 .array/port v0xba9e109dc910, 7077;
v0xba9e109dc910_7078 .array/port v0xba9e109dc910, 7078;
v0xba9e109dc910_7079 .array/port v0xba9e109dc910, 7079;
v0xba9e109dc910_7080 .array/port v0xba9e109dc910, 7080;
E_0xba9e109e1c10/1771 .event anyedge, v0xba9e109dc910_7077, v0xba9e109dc910_7078, v0xba9e109dc910_7079, v0xba9e109dc910_7080;
v0xba9e109dc910_7081 .array/port v0xba9e109dc910, 7081;
v0xba9e109dc910_7082 .array/port v0xba9e109dc910, 7082;
v0xba9e109dc910_7083 .array/port v0xba9e109dc910, 7083;
v0xba9e109dc910_7084 .array/port v0xba9e109dc910, 7084;
E_0xba9e109e1c10/1772 .event anyedge, v0xba9e109dc910_7081, v0xba9e109dc910_7082, v0xba9e109dc910_7083, v0xba9e109dc910_7084;
v0xba9e109dc910_7085 .array/port v0xba9e109dc910, 7085;
v0xba9e109dc910_7086 .array/port v0xba9e109dc910, 7086;
v0xba9e109dc910_7087 .array/port v0xba9e109dc910, 7087;
v0xba9e109dc910_7088 .array/port v0xba9e109dc910, 7088;
E_0xba9e109e1c10/1773 .event anyedge, v0xba9e109dc910_7085, v0xba9e109dc910_7086, v0xba9e109dc910_7087, v0xba9e109dc910_7088;
v0xba9e109dc910_7089 .array/port v0xba9e109dc910, 7089;
v0xba9e109dc910_7090 .array/port v0xba9e109dc910, 7090;
v0xba9e109dc910_7091 .array/port v0xba9e109dc910, 7091;
v0xba9e109dc910_7092 .array/port v0xba9e109dc910, 7092;
E_0xba9e109e1c10/1774 .event anyedge, v0xba9e109dc910_7089, v0xba9e109dc910_7090, v0xba9e109dc910_7091, v0xba9e109dc910_7092;
v0xba9e109dc910_7093 .array/port v0xba9e109dc910, 7093;
v0xba9e109dc910_7094 .array/port v0xba9e109dc910, 7094;
v0xba9e109dc910_7095 .array/port v0xba9e109dc910, 7095;
v0xba9e109dc910_7096 .array/port v0xba9e109dc910, 7096;
E_0xba9e109e1c10/1775 .event anyedge, v0xba9e109dc910_7093, v0xba9e109dc910_7094, v0xba9e109dc910_7095, v0xba9e109dc910_7096;
v0xba9e109dc910_7097 .array/port v0xba9e109dc910, 7097;
v0xba9e109dc910_7098 .array/port v0xba9e109dc910, 7098;
v0xba9e109dc910_7099 .array/port v0xba9e109dc910, 7099;
v0xba9e109dc910_7100 .array/port v0xba9e109dc910, 7100;
E_0xba9e109e1c10/1776 .event anyedge, v0xba9e109dc910_7097, v0xba9e109dc910_7098, v0xba9e109dc910_7099, v0xba9e109dc910_7100;
v0xba9e109dc910_7101 .array/port v0xba9e109dc910, 7101;
v0xba9e109dc910_7102 .array/port v0xba9e109dc910, 7102;
v0xba9e109dc910_7103 .array/port v0xba9e109dc910, 7103;
v0xba9e109dc910_7104 .array/port v0xba9e109dc910, 7104;
E_0xba9e109e1c10/1777 .event anyedge, v0xba9e109dc910_7101, v0xba9e109dc910_7102, v0xba9e109dc910_7103, v0xba9e109dc910_7104;
v0xba9e109dc910_7105 .array/port v0xba9e109dc910, 7105;
v0xba9e109dc910_7106 .array/port v0xba9e109dc910, 7106;
v0xba9e109dc910_7107 .array/port v0xba9e109dc910, 7107;
v0xba9e109dc910_7108 .array/port v0xba9e109dc910, 7108;
E_0xba9e109e1c10/1778 .event anyedge, v0xba9e109dc910_7105, v0xba9e109dc910_7106, v0xba9e109dc910_7107, v0xba9e109dc910_7108;
v0xba9e109dc910_7109 .array/port v0xba9e109dc910, 7109;
v0xba9e109dc910_7110 .array/port v0xba9e109dc910, 7110;
v0xba9e109dc910_7111 .array/port v0xba9e109dc910, 7111;
v0xba9e109dc910_7112 .array/port v0xba9e109dc910, 7112;
E_0xba9e109e1c10/1779 .event anyedge, v0xba9e109dc910_7109, v0xba9e109dc910_7110, v0xba9e109dc910_7111, v0xba9e109dc910_7112;
v0xba9e109dc910_7113 .array/port v0xba9e109dc910, 7113;
v0xba9e109dc910_7114 .array/port v0xba9e109dc910, 7114;
v0xba9e109dc910_7115 .array/port v0xba9e109dc910, 7115;
v0xba9e109dc910_7116 .array/port v0xba9e109dc910, 7116;
E_0xba9e109e1c10/1780 .event anyedge, v0xba9e109dc910_7113, v0xba9e109dc910_7114, v0xba9e109dc910_7115, v0xba9e109dc910_7116;
v0xba9e109dc910_7117 .array/port v0xba9e109dc910, 7117;
v0xba9e109dc910_7118 .array/port v0xba9e109dc910, 7118;
v0xba9e109dc910_7119 .array/port v0xba9e109dc910, 7119;
v0xba9e109dc910_7120 .array/port v0xba9e109dc910, 7120;
E_0xba9e109e1c10/1781 .event anyedge, v0xba9e109dc910_7117, v0xba9e109dc910_7118, v0xba9e109dc910_7119, v0xba9e109dc910_7120;
v0xba9e109dc910_7121 .array/port v0xba9e109dc910, 7121;
v0xba9e109dc910_7122 .array/port v0xba9e109dc910, 7122;
v0xba9e109dc910_7123 .array/port v0xba9e109dc910, 7123;
v0xba9e109dc910_7124 .array/port v0xba9e109dc910, 7124;
E_0xba9e109e1c10/1782 .event anyedge, v0xba9e109dc910_7121, v0xba9e109dc910_7122, v0xba9e109dc910_7123, v0xba9e109dc910_7124;
v0xba9e109dc910_7125 .array/port v0xba9e109dc910, 7125;
v0xba9e109dc910_7126 .array/port v0xba9e109dc910, 7126;
v0xba9e109dc910_7127 .array/port v0xba9e109dc910, 7127;
v0xba9e109dc910_7128 .array/port v0xba9e109dc910, 7128;
E_0xba9e109e1c10/1783 .event anyedge, v0xba9e109dc910_7125, v0xba9e109dc910_7126, v0xba9e109dc910_7127, v0xba9e109dc910_7128;
v0xba9e109dc910_7129 .array/port v0xba9e109dc910, 7129;
v0xba9e109dc910_7130 .array/port v0xba9e109dc910, 7130;
v0xba9e109dc910_7131 .array/port v0xba9e109dc910, 7131;
v0xba9e109dc910_7132 .array/port v0xba9e109dc910, 7132;
E_0xba9e109e1c10/1784 .event anyedge, v0xba9e109dc910_7129, v0xba9e109dc910_7130, v0xba9e109dc910_7131, v0xba9e109dc910_7132;
v0xba9e109dc910_7133 .array/port v0xba9e109dc910, 7133;
v0xba9e109dc910_7134 .array/port v0xba9e109dc910, 7134;
v0xba9e109dc910_7135 .array/port v0xba9e109dc910, 7135;
v0xba9e109dc910_7136 .array/port v0xba9e109dc910, 7136;
E_0xba9e109e1c10/1785 .event anyedge, v0xba9e109dc910_7133, v0xba9e109dc910_7134, v0xba9e109dc910_7135, v0xba9e109dc910_7136;
v0xba9e109dc910_7137 .array/port v0xba9e109dc910, 7137;
v0xba9e109dc910_7138 .array/port v0xba9e109dc910, 7138;
v0xba9e109dc910_7139 .array/port v0xba9e109dc910, 7139;
v0xba9e109dc910_7140 .array/port v0xba9e109dc910, 7140;
E_0xba9e109e1c10/1786 .event anyedge, v0xba9e109dc910_7137, v0xba9e109dc910_7138, v0xba9e109dc910_7139, v0xba9e109dc910_7140;
v0xba9e109dc910_7141 .array/port v0xba9e109dc910, 7141;
v0xba9e109dc910_7142 .array/port v0xba9e109dc910, 7142;
v0xba9e109dc910_7143 .array/port v0xba9e109dc910, 7143;
v0xba9e109dc910_7144 .array/port v0xba9e109dc910, 7144;
E_0xba9e109e1c10/1787 .event anyedge, v0xba9e109dc910_7141, v0xba9e109dc910_7142, v0xba9e109dc910_7143, v0xba9e109dc910_7144;
v0xba9e109dc910_7145 .array/port v0xba9e109dc910, 7145;
v0xba9e109dc910_7146 .array/port v0xba9e109dc910, 7146;
v0xba9e109dc910_7147 .array/port v0xba9e109dc910, 7147;
v0xba9e109dc910_7148 .array/port v0xba9e109dc910, 7148;
E_0xba9e109e1c10/1788 .event anyedge, v0xba9e109dc910_7145, v0xba9e109dc910_7146, v0xba9e109dc910_7147, v0xba9e109dc910_7148;
v0xba9e109dc910_7149 .array/port v0xba9e109dc910, 7149;
v0xba9e109dc910_7150 .array/port v0xba9e109dc910, 7150;
v0xba9e109dc910_7151 .array/port v0xba9e109dc910, 7151;
v0xba9e109dc910_7152 .array/port v0xba9e109dc910, 7152;
E_0xba9e109e1c10/1789 .event anyedge, v0xba9e109dc910_7149, v0xba9e109dc910_7150, v0xba9e109dc910_7151, v0xba9e109dc910_7152;
v0xba9e109dc910_7153 .array/port v0xba9e109dc910, 7153;
v0xba9e109dc910_7154 .array/port v0xba9e109dc910, 7154;
v0xba9e109dc910_7155 .array/port v0xba9e109dc910, 7155;
v0xba9e109dc910_7156 .array/port v0xba9e109dc910, 7156;
E_0xba9e109e1c10/1790 .event anyedge, v0xba9e109dc910_7153, v0xba9e109dc910_7154, v0xba9e109dc910_7155, v0xba9e109dc910_7156;
v0xba9e109dc910_7157 .array/port v0xba9e109dc910, 7157;
v0xba9e109dc910_7158 .array/port v0xba9e109dc910, 7158;
v0xba9e109dc910_7159 .array/port v0xba9e109dc910, 7159;
v0xba9e109dc910_7160 .array/port v0xba9e109dc910, 7160;
E_0xba9e109e1c10/1791 .event anyedge, v0xba9e109dc910_7157, v0xba9e109dc910_7158, v0xba9e109dc910_7159, v0xba9e109dc910_7160;
v0xba9e109dc910_7161 .array/port v0xba9e109dc910, 7161;
v0xba9e109dc910_7162 .array/port v0xba9e109dc910, 7162;
v0xba9e109dc910_7163 .array/port v0xba9e109dc910, 7163;
v0xba9e109dc910_7164 .array/port v0xba9e109dc910, 7164;
E_0xba9e109e1c10/1792 .event anyedge, v0xba9e109dc910_7161, v0xba9e109dc910_7162, v0xba9e109dc910_7163, v0xba9e109dc910_7164;
v0xba9e109dc910_7165 .array/port v0xba9e109dc910, 7165;
v0xba9e109dc910_7166 .array/port v0xba9e109dc910, 7166;
v0xba9e109dc910_7167 .array/port v0xba9e109dc910, 7167;
v0xba9e109dc910_7168 .array/port v0xba9e109dc910, 7168;
E_0xba9e109e1c10/1793 .event anyedge, v0xba9e109dc910_7165, v0xba9e109dc910_7166, v0xba9e109dc910_7167, v0xba9e109dc910_7168;
v0xba9e109dc910_7169 .array/port v0xba9e109dc910, 7169;
v0xba9e109dc910_7170 .array/port v0xba9e109dc910, 7170;
v0xba9e109dc910_7171 .array/port v0xba9e109dc910, 7171;
v0xba9e109dc910_7172 .array/port v0xba9e109dc910, 7172;
E_0xba9e109e1c10/1794 .event anyedge, v0xba9e109dc910_7169, v0xba9e109dc910_7170, v0xba9e109dc910_7171, v0xba9e109dc910_7172;
v0xba9e109dc910_7173 .array/port v0xba9e109dc910, 7173;
v0xba9e109dc910_7174 .array/port v0xba9e109dc910, 7174;
v0xba9e109dc910_7175 .array/port v0xba9e109dc910, 7175;
v0xba9e109dc910_7176 .array/port v0xba9e109dc910, 7176;
E_0xba9e109e1c10/1795 .event anyedge, v0xba9e109dc910_7173, v0xba9e109dc910_7174, v0xba9e109dc910_7175, v0xba9e109dc910_7176;
v0xba9e109dc910_7177 .array/port v0xba9e109dc910, 7177;
v0xba9e109dc910_7178 .array/port v0xba9e109dc910, 7178;
v0xba9e109dc910_7179 .array/port v0xba9e109dc910, 7179;
v0xba9e109dc910_7180 .array/port v0xba9e109dc910, 7180;
E_0xba9e109e1c10/1796 .event anyedge, v0xba9e109dc910_7177, v0xba9e109dc910_7178, v0xba9e109dc910_7179, v0xba9e109dc910_7180;
v0xba9e109dc910_7181 .array/port v0xba9e109dc910, 7181;
v0xba9e109dc910_7182 .array/port v0xba9e109dc910, 7182;
v0xba9e109dc910_7183 .array/port v0xba9e109dc910, 7183;
v0xba9e109dc910_7184 .array/port v0xba9e109dc910, 7184;
E_0xba9e109e1c10/1797 .event anyedge, v0xba9e109dc910_7181, v0xba9e109dc910_7182, v0xba9e109dc910_7183, v0xba9e109dc910_7184;
v0xba9e109dc910_7185 .array/port v0xba9e109dc910, 7185;
v0xba9e109dc910_7186 .array/port v0xba9e109dc910, 7186;
v0xba9e109dc910_7187 .array/port v0xba9e109dc910, 7187;
v0xba9e109dc910_7188 .array/port v0xba9e109dc910, 7188;
E_0xba9e109e1c10/1798 .event anyedge, v0xba9e109dc910_7185, v0xba9e109dc910_7186, v0xba9e109dc910_7187, v0xba9e109dc910_7188;
v0xba9e109dc910_7189 .array/port v0xba9e109dc910, 7189;
v0xba9e109dc910_7190 .array/port v0xba9e109dc910, 7190;
v0xba9e109dc910_7191 .array/port v0xba9e109dc910, 7191;
v0xba9e109dc910_7192 .array/port v0xba9e109dc910, 7192;
E_0xba9e109e1c10/1799 .event anyedge, v0xba9e109dc910_7189, v0xba9e109dc910_7190, v0xba9e109dc910_7191, v0xba9e109dc910_7192;
v0xba9e109dc910_7193 .array/port v0xba9e109dc910, 7193;
v0xba9e109dc910_7194 .array/port v0xba9e109dc910, 7194;
v0xba9e109dc910_7195 .array/port v0xba9e109dc910, 7195;
v0xba9e109dc910_7196 .array/port v0xba9e109dc910, 7196;
E_0xba9e109e1c10/1800 .event anyedge, v0xba9e109dc910_7193, v0xba9e109dc910_7194, v0xba9e109dc910_7195, v0xba9e109dc910_7196;
v0xba9e109dc910_7197 .array/port v0xba9e109dc910, 7197;
v0xba9e109dc910_7198 .array/port v0xba9e109dc910, 7198;
v0xba9e109dc910_7199 .array/port v0xba9e109dc910, 7199;
v0xba9e109dc910_7200 .array/port v0xba9e109dc910, 7200;
E_0xba9e109e1c10/1801 .event anyedge, v0xba9e109dc910_7197, v0xba9e109dc910_7198, v0xba9e109dc910_7199, v0xba9e109dc910_7200;
v0xba9e109dc910_7201 .array/port v0xba9e109dc910, 7201;
v0xba9e109dc910_7202 .array/port v0xba9e109dc910, 7202;
v0xba9e109dc910_7203 .array/port v0xba9e109dc910, 7203;
v0xba9e109dc910_7204 .array/port v0xba9e109dc910, 7204;
E_0xba9e109e1c10/1802 .event anyedge, v0xba9e109dc910_7201, v0xba9e109dc910_7202, v0xba9e109dc910_7203, v0xba9e109dc910_7204;
v0xba9e109dc910_7205 .array/port v0xba9e109dc910, 7205;
v0xba9e109dc910_7206 .array/port v0xba9e109dc910, 7206;
v0xba9e109dc910_7207 .array/port v0xba9e109dc910, 7207;
v0xba9e109dc910_7208 .array/port v0xba9e109dc910, 7208;
E_0xba9e109e1c10/1803 .event anyedge, v0xba9e109dc910_7205, v0xba9e109dc910_7206, v0xba9e109dc910_7207, v0xba9e109dc910_7208;
v0xba9e109dc910_7209 .array/port v0xba9e109dc910, 7209;
v0xba9e109dc910_7210 .array/port v0xba9e109dc910, 7210;
v0xba9e109dc910_7211 .array/port v0xba9e109dc910, 7211;
v0xba9e109dc910_7212 .array/port v0xba9e109dc910, 7212;
E_0xba9e109e1c10/1804 .event anyedge, v0xba9e109dc910_7209, v0xba9e109dc910_7210, v0xba9e109dc910_7211, v0xba9e109dc910_7212;
v0xba9e109dc910_7213 .array/port v0xba9e109dc910, 7213;
v0xba9e109dc910_7214 .array/port v0xba9e109dc910, 7214;
v0xba9e109dc910_7215 .array/port v0xba9e109dc910, 7215;
v0xba9e109dc910_7216 .array/port v0xba9e109dc910, 7216;
E_0xba9e109e1c10/1805 .event anyedge, v0xba9e109dc910_7213, v0xba9e109dc910_7214, v0xba9e109dc910_7215, v0xba9e109dc910_7216;
v0xba9e109dc910_7217 .array/port v0xba9e109dc910, 7217;
v0xba9e109dc910_7218 .array/port v0xba9e109dc910, 7218;
v0xba9e109dc910_7219 .array/port v0xba9e109dc910, 7219;
v0xba9e109dc910_7220 .array/port v0xba9e109dc910, 7220;
E_0xba9e109e1c10/1806 .event anyedge, v0xba9e109dc910_7217, v0xba9e109dc910_7218, v0xba9e109dc910_7219, v0xba9e109dc910_7220;
v0xba9e109dc910_7221 .array/port v0xba9e109dc910, 7221;
v0xba9e109dc910_7222 .array/port v0xba9e109dc910, 7222;
v0xba9e109dc910_7223 .array/port v0xba9e109dc910, 7223;
v0xba9e109dc910_7224 .array/port v0xba9e109dc910, 7224;
E_0xba9e109e1c10/1807 .event anyedge, v0xba9e109dc910_7221, v0xba9e109dc910_7222, v0xba9e109dc910_7223, v0xba9e109dc910_7224;
v0xba9e109dc910_7225 .array/port v0xba9e109dc910, 7225;
v0xba9e109dc910_7226 .array/port v0xba9e109dc910, 7226;
v0xba9e109dc910_7227 .array/port v0xba9e109dc910, 7227;
v0xba9e109dc910_7228 .array/port v0xba9e109dc910, 7228;
E_0xba9e109e1c10/1808 .event anyedge, v0xba9e109dc910_7225, v0xba9e109dc910_7226, v0xba9e109dc910_7227, v0xba9e109dc910_7228;
v0xba9e109dc910_7229 .array/port v0xba9e109dc910, 7229;
v0xba9e109dc910_7230 .array/port v0xba9e109dc910, 7230;
v0xba9e109dc910_7231 .array/port v0xba9e109dc910, 7231;
v0xba9e109dc910_7232 .array/port v0xba9e109dc910, 7232;
E_0xba9e109e1c10/1809 .event anyedge, v0xba9e109dc910_7229, v0xba9e109dc910_7230, v0xba9e109dc910_7231, v0xba9e109dc910_7232;
v0xba9e109dc910_7233 .array/port v0xba9e109dc910, 7233;
v0xba9e109dc910_7234 .array/port v0xba9e109dc910, 7234;
v0xba9e109dc910_7235 .array/port v0xba9e109dc910, 7235;
v0xba9e109dc910_7236 .array/port v0xba9e109dc910, 7236;
E_0xba9e109e1c10/1810 .event anyedge, v0xba9e109dc910_7233, v0xba9e109dc910_7234, v0xba9e109dc910_7235, v0xba9e109dc910_7236;
v0xba9e109dc910_7237 .array/port v0xba9e109dc910, 7237;
v0xba9e109dc910_7238 .array/port v0xba9e109dc910, 7238;
v0xba9e109dc910_7239 .array/port v0xba9e109dc910, 7239;
v0xba9e109dc910_7240 .array/port v0xba9e109dc910, 7240;
E_0xba9e109e1c10/1811 .event anyedge, v0xba9e109dc910_7237, v0xba9e109dc910_7238, v0xba9e109dc910_7239, v0xba9e109dc910_7240;
v0xba9e109dc910_7241 .array/port v0xba9e109dc910, 7241;
v0xba9e109dc910_7242 .array/port v0xba9e109dc910, 7242;
v0xba9e109dc910_7243 .array/port v0xba9e109dc910, 7243;
v0xba9e109dc910_7244 .array/port v0xba9e109dc910, 7244;
E_0xba9e109e1c10/1812 .event anyedge, v0xba9e109dc910_7241, v0xba9e109dc910_7242, v0xba9e109dc910_7243, v0xba9e109dc910_7244;
v0xba9e109dc910_7245 .array/port v0xba9e109dc910, 7245;
v0xba9e109dc910_7246 .array/port v0xba9e109dc910, 7246;
v0xba9e109dc910_7247 .array/port v0xba9e109dc910, 7247;
v0xba9e109dc910_7248 .array/port v0xba9e109dc910, 7248;
E_0xba9e109e1c10/1813 .event anyedge, v0xba9e109dc910_7245, v0xba9e109dc910_7246, v0xba9e109dc910_7247, v0xba9e109dc910_7248;
v0xba9e109dc910_7249 .array/port v0xba9e109dc910, 7249;
v0xba9e109dc910_7250 .array/port v0xba9e109dc910, 7250;
v0xba9e109dc910_7251 .array/port v0xba9e109dc910, 7251;
v0xba9e109dc910_7252 .array/port v0xba9e109dc910, 7252;
E_0xba9e109e1c10/1814 .event anyedge, v0xba9e109dc910_7249, v0xba9e109dc910_7250, v0xba9e109dc910_7251, v0xba9e109dc910_7252;
v0xba9e109dc910_7253 .array/port v0xba9e109dc910, 7253;
v0xba9e109dc910_7254 .array/port v0xba9e109dc910, 7254;
v0xba9e109dc910_7255 .array/port v0xba9e109dc910, 7255;
v0xba9e109dc910_7256 .array/port v0xba9e109dc910, 7256;
E_0xba9e109e1c10/1815 .event anyedge, v0xba9e109dc910_7253, v0xba9e109dc910_7254, v0xba9e109dc910_7255, v0xba9e109dc910_7256;
v0xba9e109dc910_7257 .array/port v0xba9e109dc910, 7257;
v0xba9e109dc910_7258 .array/port v0xba9e109dc910, 7258;
v0xba9e109dc910_7259 .array/port v0xba9e109dc910, 7259;
v0xba9e109dc910_7260 .array/port v0xba9e109dc910, 7260;
E_0xba9e109e1c10/1816 .event anyedge, v0xba9e109dc910_7257, v0xba9e109dc910_7258, v0xba9e109dc910_7259, v0xba9e109dc910_7260;
v0xba9e109dc910_7261 .array/port v0xba9e109dc910, 7261;
v0xba9e109dc910_7262 .array/port v0xba9e109dc910, 7262;
v0xba9e109dc910_7263 .array/port v0xba9e109dc910, 7263;
v0xba9e109dc910_7264 .array/port v0xba9e109dc910, 7264;
E_0xba9e109e1c10/1817 .event anyedge, v0xba9e109dc910_7261, v0xba9e109dc910_7262, v0xba9e109dc910_7263, v0xba9e109dc910_7264;
v0xba9e109dc910_7265 .array/port v0xba9e109dc910, 7265;
v0xba9e109dc910_7266 .array/port v0xba9e109dc910, 7266;
v0xba9e109dc910_7267 .array/port v0xba9e109dc910, 7267;
v0xba9e109dc910_7268 .array/port v0xba9e109dc910, 7268;
E_0xba9e109e1c10/1818 .event anyedge, v0xba9e109dc910_7265, v0xba9e109dc910_7266, v0xba9e109dc910_7267, v0xba9e109dc910_7268;
v0xba9e109dc910_7269 .array/port v0xba9e109dc910, 7269;
v0xba9e109dc910_7270 .array/port v0xba9e109dc910, 7270;
v0xba9e109dc910_7271 .array/port v0xba9e109dc910, 7271;
v0xba9e109dc910_7272 .array/port v0xba9e109dc910, 7272;
E_0xba9e109e1c10/1819 .event anyedge, v0xba9e109dc910_7269, v0xba9e109dc910_7270, v0xba9e109dc910_7271, v0xba9e109dc910_7272;
v0xba9e109dc910_7273 .array/port v0xba9e109dc910, 7273;
v0xba9e109dc910_7274 .array/port v0xba9e109dc910, 7274;
v0xba9e109dc910_7275 .array/port v0xba9e109dc910, 7275;
v0xba9e109dc910_7276 .array/port v0xba9e109dc910, 7276;
E_0xba9e109e1c10/1820 .event anyedge, v0xba9e109dc910_7273, v0xba9e109dc910_7274, v0xba9e109dc910_7275, v0xba9e109dc910_7276;
v0xba9e109dc910_7277 .array/port v0xba9e109dc910, 7277;
v0xba9e109dc910_7278 .array/port v0xba9e109dc910, 7278;
v0xba9e109dc910_7279 .array/port v0xba9e109dc910, 7279;
v0xba9e109dc910_7280 .array/port v0xba9e109dc910, 7280;
E_0xba9e109e1c10/1821 .event anyedge, v0xba9e109dc910_7277, v0xba9e109dc910_7278, v0xba9e109dc910_7279, v0xba9e109dc910_7280;
v0xba9e109dc910_7281 .array/port v0xba9e109dc910, 7281;
v0xba9e109dc910_7282 .array/port v0xba9e109dc910, 7282;
v0xba9e109dc910_7283 .array/port v0xba9e109dc910, 7283;
v0xba9e109dc910_7284 .array/port v0xba9e109dc910, 7284;
E_0xba9e109e1c10/1822 .event anyedge, v0xba9e109dc910_7281, v0xba9e109dc910_7282, v0xba9e109dc910_7283, v0xba9e109dc910_7284;
v0xba9e109dc910_7285 .array/port v0xba9e109dc910, 7285;
v0xba9e109dc910_7286 .array/port v0xba9e109dc910, 7286;
v0xba9e109dc910_7287 .array/port v0xba9e109dc910, 7287;
v0xba9e109dc910_7288 .array/port v0xba9e109dc910, 7288;
E_0xba9e109e1c10/1823 .event anyedge, v0xba9e109dc910_7285, v0xba9e109dc910_7286, v0xba9e109dc910_7287, v0xba9e109dc910_7288;
v0xba9e109dc910_7289 .array/port v0xba9e109dc910, 7289;
v0xba9e109dc910_7290 .array/port v0xba9e109dc910, 7290;
v0xba9e109dc910_7291 .array/port v0xba9e109dc910, 7291;
v0xba9e109dc910_7292 .array/port v0xba9e109dc910, 7292;
E_0xba9e109e1c10/1824 .event anyedge, v0xba9e109dc910_7289, v0xba9e109dc910_7290, v0xba9e109dc910_7291, v0xba9e109dc910_7292;
v0xba9e109dc910_7293 .array/port v0xba9e109dc910, 7293;
v0xba9e109dc910_7294 .array/port v0xba9e109dc910, 7294;
v0xba9e109dc910_7295 .array/port v0xba9e109dc910, 7295;
v0xba9e109dc910_7296 .array/port v0xba9e109dc910, 7296;
E_0xba9e109e1c10/1825 .event anyedge, v0xba9e109dc910_7293, v0xba9e109dc910_7294, v0xba9e109dc910_7295, v0xba9e109dc910_7296;
v0xba9e109dc910_7297 .array/port v0xba9e109dc910, 7297;
v0xba9e109dc910_7298 .array/port v0xba9e109dc910, 7298;
v0xba9e109dc910_7299 .array/port v0xba9e109dc910, 7299;
v0xba9e109dc910_7300 .array/port v0xba9e109dc910, 7300;
E_0xba9e109e1c10/1826 .event anyedge, v0xba9e109dc910_7297, v0xba9e109dc910_7298, v0xba9e109dc910_7299, v0xba9e109dc910_7300;
v0xba9e109dc910_7301 .array/port v0xba9e109dc910, 7301;
v0xba9e109dc910_7302 .array/port v0xba9e109dc910, 7302;
v0xba9e109dc910_7303 .array/port v0xba9e109dc910, 7303;
v0xba9e109dc910_7304 .array/port v0xba9e109dc910, 7304;
E_0xba9e109e1c10/1827 .event anyedge, v0xba9e109dc910_7301, v0xba9e109dc910_7302, v0xba9e109dc910_7303, v0xba9e109dc910_7304;
v0xba9e109dc910_7305 .array/port v0xba9e109dc910, 7305;
v0xba9e109dc910_7306 .array/port v0xba9e109dc910, 7306;
v0xba9e109dc910_7307 .array/port v0xba9e109dc910, 7307;
v0xba9e109dc910_7308 .array/port v0xba9e109dc910, 7308;
E_0xba9e109e1c10/1828 .event anyedge, v0xba9e109dc910_7305, v0xba9e109dc910_7306, v0xba9e109dc910_7307, v0xba9e109dc910_7308;
v0xba9e109dc910_7309 .array/port v0xba9e109dc910, 7309;
v0xba9e109dc910_7310 .array/port v0xba9e109dc910, 7310;
v0xba9e109dc910_7311 .array/port v0xba9e109dc910, 7311;
v0xba9e109dc910_7312 .array/port v0xba9e109dc910, 7312;
E_0xba9e109e1c10/1829 .event anyedge, v0xba9e109dc910_7309, v0xba9e109dc910_7310, v0xba9e109dc910_7311, v0xba9e109dc910_7312;
v0xba9e109dc910_7313 .array/port v0xba9e109dc910, 7313;
v0xba9e109dc910_7314 .array/port v0xba9e109dc910, 7314;
v0xba9e109dc910_7315 .array/port v0xba9e109dc910, 7315;
v0xba9e109dc910_7316 .array/port v0xba9e109dc910, 7316;
E_0xba9e109e1c10/1830 .event anyedge, v0xba9e109dc910_7313, v0xba9e109dc910_7314, v0xba9e109dc910_7315, v0xba9e109dc910_7316;
v0xba9e109dc910_7317 .array/port v0xba9e109dc910, 7317;
v0xba9e109dc910_7318 .array/port v0xba9e109dc910, 7318;
v0xba9e109dc910_7319 .array/port v0xba9e109dc910, 7319;
v0xba9e109dc910_7320 .array/port v0xba9e109dc910, 7320;
E_0xba9e109e1c10/1831 .event anyedge, v0xba9e109dc910_7317, v0xba9e109dc910_7318, v0xba9e109dc910_7319, v0xba9e109dc910_7320;
v0xba9e109dc910_7321 .array/port v0xba9e109dc910, 7321;
v0xba9e109dc910_7322 .array/port v0xba9e109dc910, 7322;
v0xba9e109dc910_7323 .array/port v0xba9e109dc910, 7323;
v0xba9e109dc910_7324 .array/port v0xba9e109dc910, 7324;
E_0xba9e109e1c10/1832 .event anyedge, v0xba9e109dc910_7321, v0xba9e109dc910_7322, v0xba9e109dc910_7323, v0xba9e109dc910_7324;
v0xba9e109dc910_7325 .array/port v0xba9e109dc910, 7325;
v0xba9e109dc910_7326 .array/port v0xba9e109dc910, 7326;
v0xba9e109dc910_7327 .array/port v0xba9e109dc910, 7327;
v0xba9e109dc910_7328 .array/port v0xba9e109dc910, 7328;
E_0xba9e109e1c10/1833 .event anyedge, v0xba9e109dc910_7325, v0xba9e109dc910_7326, v0xba9e109dc910_7327, v0xba9e109dc910_7328;
v0xba9e109dc910_7329 .array/port v0xba9e109dc910, 7329;
v0xba9e109dc910_7330 .array/port v0xba9e109dc910, 7330;
v0xba9e109dc910_7331 .array/port v0xba9e109dc910, 7331;
v0xba9e109dc910_7332 .array/port v0xba9e109dc910, 7332;
E_0xba9e109e1c10/1834 .event anyedge, v0xba9e109dc910_7329, v0xba9e109dc910_7330, v0xba9e109dc910_7331, v0xba9e109dc910_7332;
v0xba9e109dc910_7333 .array/port v0xba9e109dc910, 7333;
v0xba9e109dc910_7334 .array/port v0xba9e109dc910, 7334;
v0xba9e109dc910_7335 .array/port v0xba9e109dc910, 7335;
v0xba9e109dc910_7336 .array/port v0xba9e109dc910, 7336;
E_0xba9e109e1c10/1835 .event anyedge, v0xba9e109dc910_7333, v0xba9e109dc910_7334, v0xba9e109dc910_7335, v0xba9e109dc910_7336;
v0xba9e109dc910_7337 .array/port v0xba9e109dc910, 7337;
v0xba9e109dc910_7338 .array/port v0xba9e109dc910, 7338;
v0xba9e109dc910_7339 .array/port v0xba9e109dc910, 7339;
v0xba9e109dc910_7340 .array/port v0xba9e109dc910, 7340;
E_0xba9e109e1c10/1836 .event anyedge, v0xba9e109dc910_7337, v0xba9e109dc910_7338, v0xba9e109dc910_7339, v0xba9e109dc910_7340;
v0xba9e109dc910_7341 .array/port v0xba9e109dc910, 7341;
v0xba9e109dc910_7342 .array/port v0xba9e109dc910, 7342;
v0xba9e109dc910_7343 .array/port v0xba9e109dc910, 7343;
v0xba9e109dc910_7344 .array/port v0xba9e109dc910, 7344;
E_0xba9e109e1c10/1837 .event anyedge, v0xba9e109dc910_7341, v0xba9e109dc910_7342, v0xba9e109dc910_7343, v0xba9e109dc910_7344;
v0xba9e109dc910_7345 .array/port v0xba9e109dc910, 7345;
v0xba9e109dc910_7346 .array/port v0xba9e109dc910, 7346;
v0xba9e109dc910_7347 .array/port v0xba9e109dc910, 7347;
v0xba9e109dc910_7348 .array/port v0xba9e109dc910, 7348;
E_0xba9e109e1c10/1838 .event anyedge, v0xba9e109dc910_7345, v0xba9e109dc910_7346, v0xba9e109dc910_7347, v0xba9e109dc910_7348;
v0xba9e109dc910_7349 .array/port v0xba9e109dc910, 7349;
v0xba9e109dc910_7350 .array/port v0xba9e109dc910, 7350;
v0xba9e109dc910_7351 .array/port v0xba9e109dc910, 7351;
v0xba9e109dc910_7352 .array/port v0xba9e109dc910, 7352;
E_0xba9e109e1c10/1839 .event anyedge, v0xba9e109dc910_7349, v0xba9e109dc910_7350, v0xba9e109dc910_7351, v0xba9e109dc910_7352;
v0xba9e109dc910_7353 .array/port v0xba9e109dc910, 7353;
v0xba9e109dc910_7354 .array/port v0xba9e109dc910, 7354;
v0xba9e109dc910_7355 .array/port v0xba9e109dc910, 7355;
v0xba9e109dc910_7356 .array/port v0xba9e109dc910, 7356;
E_0xba9e109e1c10/1840 .event anyedge, v0xba9e109dc910_7353, v0xba9e109dc910_7354, v0xba9e109dc910_7355, v0xba9e109dc910_7356;
v0xba9e109dc910_7357 .array/port v0xba9e109dc910, 7357;
v0xba9e109dc910_7358 .array/port v0xba9e109dc910, 7358;
v0xba9e109dc910_7359 .array/port v0xba9e109dc910, 7359;
v0xba9e109dc910_7360 .array/port v0xba9e109dc910, 7360;
E_0xba9e109e1c10/1841 .event anyedge, v0xba9e109dc910_7357, v0xba9e109dc910_7358, v0xba9e109dc910_7359, v0xba9e109dc910_7360;
v0xba9e109dc910_7361 .array/port v0xba9e109dc910, 7361;
v0xba9e109dc910_7362 .array/port v0xba9e109dc910, 7362;
v0xba9e109dc910_7363 .array/port v0xba9e109dc910, 7363;
v0xba9e109dc910_7364 .array/port v0xba9e109dc910, 7364;
E_0xba9e109e1c10/1842 .event anyedge, v0xba9e109dc910_7361, v0xba9e109dc910_7362, v0xba9e109dc910_7363, v0xba9e109dc910_7364;
v0xba9e109dc910_7365 .array/port v0xba9e109dc910, 7365;
v0xba9e109dc910_7366 .array/port v0xba9e109dc910, 7366;
v0xba9e109dc910_7367 .array/port v0xba9e109dc910, 7367;
v0xba9e109dc910_7368 .array/port v0xba9e109dc910, 7368;
E_0xba9e109e1c10/1843 .event anyedge, v0xba9e109dc910_7365, v0xba9e109dc910_7366, v0xba9e109dc910_7367, v0xba9e109dc910_7368;
v0xba9e109dc910_7369 .array/port v0xba9e109dc910, 7369;
v0xba9e109dc910_7370 .array/port v0xba9e109dc910, 7370;
v0xba9e109dc910_7371 .array/port v0xba9e109dc910, 7371;
v0xba9e109dc910_7372 .array/port v0xba9e109dc910, 7372;
E_0xba9e109e1c10/1844 .event anyedge, v0xba9e109dc910_7369, v0xba9e109dc910_7370, v0xba9e109dc910_7371, v0xba9e109dc910_7372;
v0xba9e109dc910_7373 .array/port v0xba9e109dc910, 7373;
v0xba9e109dc910_7374 .array/port v0xba9e109dc910, 7374;
v0xba9e109dc910_7375 .array/port v0xba9e109dc910, 7375;
v0xba9e109dc910_7376 .array/port v0xba9e109dc910, 7376;
E_0xba9e109e1c10/1845 .event anyedge, v0xba9e109dc910_7373, v0xba9e109dc910_7374, v0xba9e109dc910_7375, v0xba9e109dc910_7376;
v0xba9e109dc910_7377 .array/port v0xba9e109dc910, 7377;
v0xba9e109dc910_7378 .array/port v0xba9e109dc910, 7378;
v0xba9e109dc910_7379 .array/port v0xba9e109dc910, 7379;
v0xba9e109dc910_7380 .array/port v0xba9e109dc910, 7380;
E_0xba9e109e1c10/1846 .event anyedge, v0xba9e109dc910_7377, v0xba9e109dc910_7378, v0xba9e109dc910_7379, v0xba9e109dc910_7380;
v0xba9e109dc910_7381 .array/port v0xba9e109dc910, 7381;
v0xba9e109dc910_7382 .array/port v0xba9e109dc910, 7382;
v0xba9e109dc910_7383 .array/port v0xba9e109dc910, 7383;
v0xba9e109dc910_7384 .array/port v0xba9e109dc910, 7384;
E_0xba9e109e1c10/1847 .event anyedge, v0xba9e109dc910_7381, v0xba9e109dc910_7382, v0xba9e109dc910_7383, v0xba9e109dc910_7384;
v0xba9e109dc910_7385 .array/port v0xba9e109dc910, 7385;
v0xba9e109dc910_7386 .array/port v0xba9e109dc910, 7386;
v0xba9e109dc910_7387 .array/port v0xba9e109dc910, 7387;
v0xba9e109dc910_7388 .array/port v0xba9e109dc910, 7388;
E_0xba9e109e1c10/1848 .event anyedge, v0xba9e109dc910_7385, v0xba9e109dc910_7386, v0xba9e109dc910_7387, v0xba9e109dc910_7388;
v0xba9e109dc910_7389 .array/port v0xba9e109dc910, 7389;
v0xba9e109dc910_7390 .array/port v0xba9e109dc910, 7390;
v0xba9e109dc910_7391 .array/port v0xba9e109dc910, 7391;
v0xba9e109dc910_7392 .array/port v0xba9e109dc910, 7392;
E_0xba9e109e1c10/1849 .event anyedge, v0xba9e109dc910_7389, v0xba9e109dc910_7390, v0xba9e109dc910_7391, v0xba9e109dc910_7392;
v0xba9e109dc910_7393 .array/port v0xba9e109dc910, 7393;
v0xba9e109dc910_7394 .array/port v0xba9e109dc910, 7394;
v0xba9e109dc910_7395 .array/port v0xba9e109dc910, 7395;
v0xba9e109dc910_7396 .array/port v0xba9e109dc910, 7396;
E_0xba9e109e1c10/1850 .event anyedge, v0xba9e109dc910_7393, v0xba9e109dc910_7394, v0xba9e109dc910_7395, v0xba9e109dc910_7396;
v0xba9e109dc910_7397 .array/port v0xba9e109dc910, 7397;
v0xba9e109dc910_7398 .array/port v0xba9e109dc910, 7398;
v0xba9e109dc910_7399 .array/port v0xba9e109dc910, 7399;
v0xba9e109dc910_7400 .array/port v0xba9e109dc910, 7400;
E_0xba9e109e1c10/1851 .event anyedge, v0xba9e109dc910_7397, v0xba9e109dc910_7398, v0xba9e109dc910_7399, v0xba9e109dc910_7400;
v0xba9e109dc910_7401 .array/port v0xba9e109dc910, 7401;
v0xba9e109dc910_7402 .array/port v0xba9e109dc910, 7402;
v0xba9e109dc910_7403 .array/port v0xba9e109dc910, 7403;
v0xba9e109dc910_7404 .array/port v0xba9e109dc910, 7404;
E_0xba9e109e1c10/1852 .event anyedge, v0xba9e109dc910_7401, v0xba9e109dc910_7402, v0xba9e109dc910_7403, v0xba9e109dc910_7404;
v0xba9e109dc910_7405 .array/port v0xba9e109dc910, 7405;
v0xba9e109dc910_7406 .array/port v0xba9e109dc910, 7406;
v0xba9e109dc910_7407 .array/port v0xba9e109dc910, 7407;
v0xba9e109dc910_7408 .array/port v0xba9e109dc910, 7408;
E_0xba9e109e1c10/1853 .event anyedge, v0xba9e109dc910_7405, v0xba9e109dc910_7406, v0xba9e109dc910_7407, v0xba9e109dc910_7408;
v0xba9e109dc910_7409 .array/port v0xba9e109dc910, 7409;
v0xba9e109dc910_7410 .array/port v0xba9e109dc910, 7410;
v0xba9e109dc910_7411 .array/port v0xba9e109dc910, 7411;
v0xba9e109dc910_7412 .array/port v0xba9e109dc910, 7412;
E_0xba9e109e1c10/1854 .event anyedge, v0xba9e109dc910_7409, v0xba9e109dc910_7410, v0xba9e109dc910_7411, v0xba9e109dc910_7412;
v0xba9e109dc910_7413 .array/port v0xba9e109dc910, 7413;
v0xba9e109dc910_7414 .array/port v0xba9e109dc910, 7414;
v0xba9e109dc910_7415 .array/port v0xba9e109dc910, 7415;
v0xba9e109dc910_7416 .array/port v0xba9e109dc910, 7416;
E_0xba9e109e1c10/1855 .event anyedge, v0xba9e109dc910_7413, v0xba9e109dc910_7414, v0xba9e109dc910_7415, v0xba9e109dc910_7416;
v0xba9e109dc910_7417 .array/port v0xba9e109dc910, 7417;
v0xba9e109dc910_7418 .array/port v0xba9e109dc910, 7418;
v0xba9e109dc910_7419 .array/port v0xba9e109dc910, 7419;
v0xba9e109dc910_7420 .array/port v0xba9e109dc910, 7420;
E_0xba9e109e1c10/1856 .event anyedge, v0xba9e109dc910_7417, v0xba9e109dc910_7418, v0xba9e109dc910_7419, v0xba9e109dc910_7420;
v0xba9e109dc910_7421 .array/port v0xba9e109dc910, 7421;
v0xba9e109dc910_7422 .array/port v0xba9e109dc910, 7422;
v0xba9e109dc910_7423 .array/port v0xba9e109dc910, 7423;
v0xba9e109dc910_7424 .array/port v0xba9e109dc910, 7424;
E_0xba9e109e1c10/1857 .event anyedge, v0xba9e109dc910_7421, v0xba9e109dc910_7422, v0xba9e109dc910_7423, v0xba9e109dc910_7424;
v0xba9e109dc910_7425 .array/port v0xba9e109dc910, 7425;
v0xba9e109dc910_7426 .array/port v0xba9e109dc910, 7426;
v0xba9e109dc910_7427 .array/port v0xba9e109dc910, 7427;
v0xba9e109dc910_7428 .array/port v0xba9e109dc910, 7428;
E_0xba9e109e1c10/1858 .event anyedge, v0xba9e109dc910_7425, v0xba9e109dc910_7426, v0xba9e109dc910_7427, v0xba9e109dc910_7428;
v0xba9e109dc910_7429 .array/port v0xba9e109dc910, 7429;
v0xba9e109dc910_7430 .array/port v0xba9e109dc910, 7430;
v0xba9e109dc910_7431 .array/port v0xba9e109dc910, 7431;
v0xba9e109dc910_7432 .array/port v0xba9e109dc910, 7432;
E_0xba9e109e1c10/1859 .event anyedge, v0xba9e109dc910_7429, v0xba9e109dc910_7430, v0xba9e109dc910_7431, v0xba9e109dc910_7432;
v0xba9e109dc910_7433 .array/port v0xba9e109dc910, 7433;
v0xba9e109dc910_7434 .array/port v0xba9e109dc910, 7434;
v0xba9e109dc910_7435 .array/port v0xba9e109dc910, 7435;
v0xba9e109dc910_7436 .array/port v0xba9e109dc910, 7436;
E_0xba9e109e1c10/1860 .event anyedge, v0xba9e109dc910_7433, v0xba9e109dc910_7434, v0xba9e109dc910_7435, v0xba9e109dc910_7436;
v0xba9e109dc910_7437 .array/port v0xba9e109dc910, 7437;
v0xba9e109dc910_7438 .array/port v0xba9e109dc910, 7438;
v0xba9e109dc910_7439 .array/port v0xba9e109dc910, 7439;
v0xba9e109dc910_7440 .array/port v0xba9e109dc910, 7440;
E_0xba9e109e1c10/1861 .event anyedge, v0xba9e109dc910_7437, v0xba9e109dc910_7438, v0xba9e109dc910_7439, v0xba9e109dc910_7440;
v0xba9e109dc910_7441 .array/port v0xba9e109dc910, 7441;
v0xba9e109dc910_7442 .array/port v0xba9e109dc910, 7442;
v0xba9e109dc910_7443 .array/port v0xba9e109dc910, 7443;
v0xba9e109dc910_7444 .array/port v0xba9e109dc910, 7444;
E_0xba9e109e1c10/1862 .event anyedge, v0xba9e109dc910_7441, v0xba9e109dc910_7442, v0xba9e109dc910_7443, v0xba9e109dc910_7444;
v0xba9e109dc910_7445 .array/port v0xba9e109dc910, 7445;
v0xba9e109dc910_7446 .array/port v0xba9e109dc910, 7446;
v0xba9e109dc910_7447 .array/port v0xba9e109dc910, 7447;
v0xba9e109dc910_7448 .array/port v0xba9e109dc910, 7448;
E_0xba9e109e1c10/1863 .event anyedge, v0xba9e109dc910_7445, v0xba9e109dc910_7446, v0xba9e109dc910_7447, v0xba9e109dc910_7448;
v0xba9e109dc910_7449 .array/port v0xba9e109dc910, 7449;
v0xba9e109dc910_7450 .array/port v0xba9e109dc910, 7450;
v0xba9e109dc910_7451 .array/port v0xba9e109dc910, 7451;
v0xba9e109dc910_7452 .array/port v0xba9e109dc910, 7452;
E_0xba9e109e1c10/1864 .event anyedge, v0xba9e109dc910_7449, v0xba9e109dc910_7450, v0xba9e109dc910_7451, v0xba9e109dc910_7452;
v0xba9e109dc910_7453 .array/port v0xba9e109dc910, 7453;
v0xba9e109dc910_7454 .array/port v0xba9e109dc910, 7454;
v0xba9e109dc910_7455 .array/port v0xba9e109dc910, 7455;
v0xba9e109dc910_7456 .array/port v0xba9e109dc910, 7456;
E_0xba9e109e1c10/1865 .event anyedge, v0xba9e109dc910_7453, v0xba9e109dc910_7454, v0xba9e109dc910_7455, v0xba9e109dc910_7456;
v0xba9e109dc910_7457 .array/port v0xba9e109dc910, 7457;
v0xba9e109dc910_7458 .array/port v0xba9e109dc910, 7458;
v0xba9e109dc910_7459 .array/port v0xba9e109dc910, 7459;
v0xba9e109dc910_7460 .array/port v0xba9e109dc910, 7460;
E_0xba9e109e1c10/1866 .event anyedge, v0xba9e109dc910_7457, v0xba9e109dc910_7458, v0xba9e109dc910_7459, v0xba9e109dc910_7460;
v0xba9e109dc910_7461 .array/port v0xba9e109dc910, 7461;
v0xba9e109dc910_7462 .array/port v0xba9e109dc910, 7462;
v0xba9e109dc910_7463 .array/port v0xba9e109dc910, 7463;
v0xba9e109dc910_7464 .array/port v0xba9e109dc910, 7464;
E_0xba9e109e1c10/1867 .event anyedge, v0xba9e109dc910_7461, v0xba9e109dc910_7462, v0xba9e109dc910_7463, v0xba9e109dc910_7464;
v0xba9e109dc910_7465 .array/port v0xba9e109dc910, 7465;
v0xba9e109dc910_7466 .array/port v0xba9e109dc910, 7466;
v0xba9e109dc910_7467 .array/port v0xba9e109dc910, 7467;
v0xba9e109dc910_7468 .array/port v0xba9e109dc910, 7468;
E_0xba9e109e1c10/1868 .event anyedge, v0xba9e109dc910_7465, v0xba9e109dc910_7466, v0xba9e109dc910_7467, v0xba9e109dc910_7468;
v0xba9e109dc910_7469 .array/port v0xba9e109dc910, 7469;
v0xba9e109dc910_7470 .array/port v0xba9e109dc910, 7470;
v0xba9e109dc910_7471 .array/port v0xba9e109dc910, 7471;
v0xba9e109dc910_7472 .array/port v0xba9e109dc910, 7472;
E_0xba9e109e1c10/1869 .event anyedge, v0xba9e109dc910_7469, v0xba9e109dc910_7470, v0xba9e109dc910_7471, v0xba9e109dc910_7472;
v0xba9e109dc910_7473 .array/port v0xba9e109dc910, 7473;
v0xba9e109dc910_7474 .array/port v0xba9e109dc910, 7474;
v0xba9e109dc910_7475 .array/port v0xba9e109dc910, 7475;
v0xba9e109dc910_7476 .array/port v0xba9e109dc910, 7476;
E_0xba9e109e1c10/1870 .event anyedge, v0xba9e109dc910_7473, v0xba9e109dc910_7474, v0xba9e109dc910_7475, v0xba9e109dc910_7476;
v0xba9e109dc910_7477 .array/port v0xba9e109dc910, 7477;
v0xba9e109dc910_7478 .array/port v0xba9e109dc910, 7478;
v0xba9e109dc910_7479 .array/port v0xba9e109dc910, 7479;
v0xba9e109dc910_7480 .array/port v0xba9e109dc910, 7480;
E_0xba9e109e1c10/1871 .event anyedge, v0xba9e109dc910_7477, v0xba9e109dc910_7478, v0xba9e109dc910_7479, v0xba9e109dc910_7480;
v0xba9e109dc910_7481 .array/port v0xba9e109dc910, 7481;
v0xba9e109dc910_7482 .array/port v0xba9e109dc910, 7482;
v0xba9e109dc910_7483 .array/port v0xba9e109dc910, 7483;
v0xba9e109dc910_7484 .array/port v0xba9e109dc910, 7484;
E_0xba9e109e1c10/1872 .event anyedge, v0xba9e109dc910_7481, v0xba9e109dc910_7482, v0xba9e109dc910_7483, v0xba9e109dc910_7484;
v0xba9e109dc910_7485 .array/port v0xba9e109dc910, 7485;
v0xba9e109dc910_7486 .array/port v0xba9e109dc910, 7486;
v0xba9e109dc910_7487 .array/port v0xba9e109dc910, 7487;
v0xba9e109dc910_7488 .array/port v0xba9e109dc910, 7488;
E_0xba9e109e1c10/1873 .event anyedge, v0xba9e109dc910_7485, v0xba9e109dc910_7486, v0xba9e109dc910_7487, v0xba9e109dc910_7488;
v0xba9e109dc910_7489 .array/port v0xba9e109dc910, 7489;
v0xba9e109dc910_7490 .array/port v0xba9e109dc910, 7490;
v0xba9e109dc910_7491 .array/port v0xba9e109dc910, 7491;
v0xba9e109dc910_7492 .array/port v0xba9e109dc910, 7492;
E_0xba9e109e1c10/1874 .event anyedge, v0xba9e109dc910_7489, v0xba9e109dc910_7490, v0xba9e109dc910_7491, v0xba9e109dc910_7492;
v0xba9e109dc910_7493 .array/port v0xba9e109dc910, 7493;
v0xba9e109dc910_7494 .array/port v0xba9e109dc910, 7494;
v0xba9e109dc910_7495 .array/port v0xba9e109dc910, 7495;
v0xba9e109dc910_7496 .array/port v0xba9e109dc910, 7496;
E_0xba9e109e1c10/1875 .event anyedge, v0xba9e109dc910_7493, v0xba9e109dc910_7494, v0xba9e109dc910_7495, v0xba9e109dc910_7496;
v0xba9e109dc910_7497 .array/port v0xba9e109dc910, 7497;
v0xba9e109dc910_7498 .array/port v0xba9e109dc910, 7498;
v0xba9e109dc910_7499 .array/port v0xba9e109dc910, 7499;
v0xba9e109dc910_7500 .array/port v0xba9e109dc910, 7500;
E_0xba9e109e1c10/1876 .event anyedge, v0xba9e109dc910_7497, v0xba9e109dc910_7498, v0xba9e109dc910_7499, v0xba9e109dc910_7500;
v0xba9e109dc910_7501 .array/port v0xba9e109dc910, 7501;
v0xba9e109dc910_7502 .array/port v0xba9e109dc910, 7502;
v0xba9e109dc910_7503 .array/port v0xba9e109dc910, 7503;
v0xba9e109dc910_7504 .array/port v0xba9e109dc910, 7504;
E_0xba9e109e1c10/1877 .event anyedge, v0xba9e109dc910_7501, v0xba9e109dc910_7502, v0xba9e109dc910_7503, v0xba9e109dc910_7504;
v0xba9e109dc910_7505 .array/port v0xba9e109dc910, 7505;
v0xba9e109dc910_7506 .array/port v0xba9e109dc910, 7506;
v0xba9e109dc910_7507 .array/port v0xba9e109dc910, 7507;
v0xba9e109dc910_7508 .array/port v0xba9e109dc910, 7508;
E_0xba9e109e1c10/1878 .event anyedge, v0xba9e109dc910_7505, v0xba9e109dc910_7506, v0xba9e109dc910_7507, v0xba9e109dc910_7508;
v0xba9e109dc910_7509 .array/port v0xba9e109dc910, 7509;
v0xba9e109dc910_7510 .array/port v0xba9e109dc910, 7510;
v0xba9e109dc910_7511 .array/port v0xba9e109dc910, 7511;
v0xba9e109dc910_7512 .array/port v0xba9e109dc910, 7512;
E_0xba9e109e1c10/1879 .event anyedge, v0xba9e109dc910_7509, v0xba9e109dc910_7510, v0xba9e109dc910_7511, v0xba9e109dc910_7512;
v0xba9e109dc910_7513 .array/port v0xba9e109dc910, 7513;
v0xba9e109dc910_7514 .array/port v0xba9e109dc910, 7514;
v0xba9e109dc910_7515 .array/port v0xba9e109dc910, 7515;
v0xba9e109dc910_7516 .array/port v0xba9e109dc910, 7516;
E_0xba9e109e1c10/1880 .event anyedge, v0xba9e109dc910_7513, v0xba9e109dc910_7514, v0xba9e109dc910_7515, v0xba9e109dc910_7516;
v0xba9e109dc910_7517 .array/port v0xba9e109dc910, 7517;
v0xba9e109dc910_7518 .array/port v0xba9e109dc910, 7518;
v0xba9e109dc910_7519 .array/port v0xba9e109dc910, 7519;
v0xba9e109dc910_7520 .array/port v0xba9e109dc910, 7520;
E_0xba9e109e1c10/1881 .event anyedge, v0xba9e109dc910_7517, v0xba9e109dc910_7518, v0xba9e109dc910_7519, v0xba9e109dc910_7520;
v0xba9e109dc910_7521 .array/port v0xba9e109dc910, 7521;
v0xba9e109dc910_7522 .array/port v0xba9e109dc910, 7522;
v0xba9e109dc910_7523 .array/port v0xba9e109dc910, 7523;
v0xba9e109dc910_7524 .array/port v0xba9e109dc910, 7524;
E_0xba9e109e1c10/1882 .event anyedge, v0xba9e109dc910_7521, v0xba9e109dc910_7522, v0xba9e109dc910_7523, v0xba9e109dc910_7524;
v0xba9e109dc910_7525 .array/port v0xba9e109dc910, 7525;
v0xba9e109dc910_7526 .array/port v0xba9e109dc910, 7526;
v0xba9e109dc910_7527 .array/port v0xba9e109dc910, 7527;
v0xba9e109dc910_7528 .array/port v0xba9e109dc910, 7528;
E_0xba9e109e1c10/1883 .event anyedge, v0xba9e109dc910_7525, v0xba9e109dc910_7526, v0xba9e109dc910_7527, v0xba9e109dc910_7528;
v0xba9e109dc910_7529 .array/port v0xba9e109dc910, 7529;
v0xba9e109dc910_7530 .array/port v0xba9e109dc910, 7530;
v0xba9e109dc910_7531 .array/port v0xba9e109dc910, 7531;
v0xba9e109dc910_7532 .array/port v0xba9e109dc910, 7532;
E_0xba9e109e1c10/1884 .event anyedge, v0xba9e109dc910_7529, v0xba9e109dc910_7530, v0xba9e109dc910_7531, v0xba9e109dc910_7532;
v0xba9e109dc910_7533 .array/port v0xba9e109dc910, 7533;
v0xba9e109dc910_7534 .array/port v0xba9e109dc910, 7534;
v0xba9e109dc910_7535 .array/port v0xba9e109dc910, 7535;
v0xba9e109dc910_7536 .array/port v0xba9e109dc910, 7536;
E_0xba9e109e1c10/1885 .event anyedge, v0xba9e109dc910_7533, v0xba9e109dc910_7534, v0xba9e109dc910_7535, v0xba9e109dc910_7536;
v0xba9e109dc910_7537 .array/port v0xba9e109dc910, 7537;
v0xba9e109dc910_7538 .array/port v0xba9e109dc910, 7538;
v0xba9e109dc910_7539 .array/port v0xba9e109dc910, 7539;
v0xba9e109dc910_7540 .array/port v0xba9e109dc910, 7540;
E_0xba9e109e1c10/1886 .event anyedge, v0xba9e109dc910_7537, v0xba9e109dc910_7538, v0xba9e109dc910_7539, v0xba9e109dc910_7540;
v0xba9e109dc910_7541 .array/port v0xba9e109dc910, 7541;
v0xba9e109dc910_7542 .array/port v0xba9e109dc910, 7542;
v0xba9e109dc910_7543 .array/port v0xba9e109dc910, 7543;
v0xba9e109dc910_7544 .array/port v0xba9e109dc910, 7544;
E_0xba9e109e1c10/1887 .event anyedge, v0xba9e109dc910_7541, v0xba9e109dc910_7542, v0xba9e109dc910_7543, v0xba9e109dc910_7544;
v0xba9e109dc910_7545 .array/port v0xba9e109dc910, 7545;
v0xba9e109dc910_7546 .array/port v0xba9e109dc910, 7546;
v0xba9e109dc910_7547 .array/port v0xba9e109dc910, 7547;
v0xba9e109dc910_7548 .array/port v0xba9e109dc910, 7548;
E_0xba9e109e1c10/1888 .event anyedge, v0xba9e109dc910_7545, v0xba9e109dc910_7546, v0xba9e109dc910_7547, v0xba9e109dc910_7548;
v0xba9e109dc910_7549 .array/port v0xba9e109dc910, 7549;
v0xba9e109dc910_7550 .array/port v0xba9e109dc910, 7550;
v0xba9e109dc910_7551 .array/port v0xba9e109dc910, 7551;
v0xba9e109dc910_7552 .array/port v0xba9e109dc910, 7552;
E_0xba9e109e1c10/1889 .event anyedge, v0xba9e109dc910_7549, v0xba9e109dc910_7550, v0xba9e109dc910_7551, v0xba9e109dc910_7552;
v0xba9e109dc910_7553 .array/port v0xba9e109dc910, 7553;
v0xba9e109dc910_7554 .array/port v0xba9e109dc910, 7554;
v0xba9e109dc910_7555 .array/port v0xba9e109dc910, 7555;
v0xba9e109dc910_7556 .array/port v0xba9e109dc910, 7556;
E_0xba9e109e1c10/1890 .event anyedge, v0xba9e109dc910_7553, v0xba9e109dc910_7554, v0xba9e109dc910_7555, v0xba9e109dc910_7556;
v0xba9e109dc910_7557 .array/port v0xba9e109dc910, 7557;
v0xba9e109dc910_7558 .array/port v0xba9e109dc910, 7558;
v0xba9e109dc910_7559 .array/port v0xba9e109dc910, 7559;
v0xba9e109dc910_7560 .array/port v0xba9e109dc910, 7560;
E_0xba9e109e1c10/1891 .event anyedge, v0xba9e109dc910_7557, v0xba9e109dc910_7558, v0xba9e109dc910_7559, v0xba9e109dc910_7560;
v0xba9e109dc910_7561 .array/port v0xba9e109dc910, 7561;
v0xba9e109dc910_7562 .array/port v0xba9e109dc910, 7562;
v0xba9e109dc910_7563 .array/port v0xba9e109dc910, 7563;
v0xba9e109dc910_7564 .array/port v0xba9e109dc910, 7564;
E_0xba9e109e1c10/1892 .event anyedge, v0xba9e109dc910_7561, v0xba9e109dc910_7562, v0xba9e109dc910_7563, v0xba9e109dc910_7564;
v0xba9e109dc910_7565 .array/port v0xba9e109dc910, 7565;
v0xba9e109dc910_7566 .array/port v0xba9e109dc910, 7566;
v0xba9e109dc910_7567 .array/port v0xba9e109dc910, 7567;
v0xba9e109dc910_7568 .array/port v0xba9e109dc910, 7568;
E_0xba9e109e1c10/1893 .event anyedge, v0xba9e109dc910_7565, v0xba9e109dc910_7566, v0xba9e109dc910_7567, v0xba9e109dc910_7568;
v0xba9e109dc910_7569 .array/port v0xba9e109dc910, 7569;
v0xba9e109dc910_7570 .array/port v0xba9e109dc910, 7570;
v0xba9e109dc910_7571 .array/port v0xba9e109dc910, 7571;
v0xba9e109dc910_7572 .array/port v0xba9e109dc910, 7572;
E_0xba9e109e1c10/1894 .event anyedge, v0xba9e109dc910_7569, v0xba9e109dc910_7570, v0xba9e109dc910_7571, v0xba9e109dc910_7572;
v0xba9e109dc910_7573 .array/port v0xba9e109dc910, 7573;
v0xba9e109dc910_7574 .array/port v0xba9e109dc910, 7574;
v0xba9e109dc910_7575 .array/port v0xba9e109dc910, 7575;
v0xba9e109dc910_7576 .array/port v0xba9e109dc910, 7576;
E_0xba9e109e1c10/1895 .event anyedge, v0xba9e109dc910_7573, v0xba9e109dc910_7574, v0xba9e109dc910_7575, v0xba9e109dc910_7576;
v0xba9e109dc910_7577 .array/port v0xba9e109dc910, 7577;
v0xba9e109dc910_7578 .array/port v0xba9e109dc910, 7578;
v0xba9e109dc910_7579 .array/port v0xba9e109dc910, 7579;
v0xba9e109dc910_7580 .array/port v0xba9e109dc910, 7580;
E_0xba9e109e1c10/1896 .event anyedge, v0xba9e109dc910_7577, v0xba9e109dc910_7578, v0xba9e109dc910_7579, v0xba9e109dc910_7580;
v0xba9e109dc910_7581 .array/port v0xba9e109dc910, 7581;
v0xba9e109dc910_7582 .array/port v0xba9e109dc910, 7582;
v0xba9e109dc910_7583 .array/port v0xba9e109dc910, 7583;
v0xba9e109dc910_7584 .array/port v0xba9e109dc910, 7584;
E_0xba9e109e1c10/1897 .event anyedge, v0xba9e109dc910_7581, v0xba9e109dc910_7582, v0xba9e109dc910_7583, v0xba9e109dc910_7584;
v0xba9e109dc910_7585 .array/port v0xba9e109dc910, 7585;
v0xba9e109dc910_7586 .array/port v0xba9e109dc910, 7586;
v0xba9e109dc910_7587 .array/port v0xba9e109dc910, 7587;
v0xba9e109dc910_7588 .array/port v0xba9e109dc910, 7588;
E_0xba9e109e1c10/1898 .event anyedge, v0xba9e109dc910_7585, v0xba9e109dc910_7586, v0xba9e109dc910_7587, v0xba9e109dc910_7588;
v0xba9e109dc910_7589 .array/port v0xba9e109dc910, 7589;
v0xba9e109dc910_7590 .array/port v0xba9e109dc910, 7590;
v0xba9e109dc910_7591 .array/port v0xba9e109dc910, 7591;
v0xba9e109dc910_7592 .array/port v0xba9e109dc910, 7592;
E_0xba9e109e1c10/1899 .event anyedge, v0xba9e109dc910_7589, v0xba9e109dc910_7590, v0xba9e109dc910_7591, v0xba9e109dc910_7592;
v0xba9e109dc910_7593 .array/port v0xba9e109dc910, 7593;
v0xba9e109dc910_7594 .array/port v0xba9e109dc910, 7594;
v0xba9e109dc910_7595 .array/port v0xba9e109dc910, 7595;
v0xba9e109dc910_7596 .array/port v0xba9e109dc910, 7596;
E_0xba9e109e1c10/1900 .event anyedge, v0xba9e109dc910_7593, v0xba9e109dc910_7594, v0xba9e109dc910_7595, v0xba9e109dc910_7596;
v0xba9e109dc910_7597 .array/port v0xba9e109dc910, 7597;
v0xba9e109dc910_7598 .array/port v0xba9e109dc910, 7598;
v0xba9e109dc910_7599 .array/port v0xba9e109dc910, 7599;
v0xba9e109dc910_7600 .array/port v0xba9e109dc910, 7600;
E_0xba9e109e1c10/1901 .event anyedge, v0xba9e109dc910_7597, v0xba9e109dc910_7598, v0xba9e109dc910_7599, v0xba9e109dc910_7600;
v0xba9e109dc910_7601 .array/port v0xba9e109dc910, 7601;
v0xba9e109dc910_7602 .array/port v0xba9e109dc910, 7602;
v0xba9e109dc910_7603 .array/port v0xba9e109dc910, 7603;
v0xba9e109dc910_7604 .array/port v0xba9e109dc910, 7604;
E_0xba9e109e1c10/1902 .event anyedge, v0xba9e109dc910_7601, v0xba9e109dc910_7602, v0xba9e109dc910_7603, v0xba9e109dc910_7604;
v0xba9e109dc910_7605 .array/port v0xba9e109dc910, 7605;
v0xba9e109dc910_7606 .array/port v0xba9e109dc910, 7606;
v0xba9e109dc910_7607 .array/port v0xba9e109dc910, 7607;
v0xba9e109dc910_7608 .array/port v0xba9e109dc910, 7608;
E_0xba9e109e1c10/1903 .event anyedge, v0xba9e109dc910_7605, v0xba9e109dc910_7606, v0xba9e109dc910_7607, v0xba9e109dc910_7608;
v0xba9e109dc910_7609 .array/port v0xba9e109dc910, 7609;
v0xba9e109dc910_7610 .array/port v0xba9e109dc910, 7610;
v0xba9e109dc910_7611 .array/port v0xba9e109dc910, 7611;
v0xba9e109dc910_7612 .array/port v0xba9e109dc910, 7612;
E_0xba9e109e1c10/1904 .event anyedge, v0xba9e109dc910_7609, v0xba9e109dc910_7610, v0xba9e109dc910_7611, v0xba9e109dc910_7612;
v0xba9e109dc910_7613 .array/port v0xba9e109dc910, 7613;
v0xba9e109dc910_7614 .array/port v0xba9e109dc910, 7614;
v0xba9e109dc910_7615 .array/port v0xba9e109dc910, 7615;
v0xba9e109dc910_7616 .array/port v0xba9e109dc910, 7616;
E_0xba9e109e1c10/1905 .event anyedge, v0xba9e109dc910_7613, v0xba9e109dc910_7614, v0xba9e109dc910_7615, v0xba9e109dc910_7616;
v0xba9e109dc910_7617 .array/port v0xba9e109dc910, 7617;
v0xba9e109dc910_7618 .array/port v0xba9e109dc910, 7618;
v0xba9e109dc910_7619 .array/port v0xba9e109dc910, 7619;
v0xba9e109dc910_7620 .array/port v0xba9e109dc910, 7620;
E_0xba9e109e1c10/1906 .event anyedge, v0xba9e109dc910_7617, v0xba9e109dc910_7618, v0xba9e109dc910_7619, v0xba9e109dc910_7620;
v0xba9e109dc910_7621 .array/port v0xba9e109dc910, 7621;
v0xba9e109dc910_7622 .array/port v0xba9e109dc910, 7622;
v0xba9e109dc910_7623 .array/port v0xba9e109dc910, 7623;
v0xba9e109dc910_7624 .array/port v0xba9e109dc910, 7624;
E_0xba9e109e1c10/1907 .event anyedge, v0xba9e109dc910_7621, v0xba9e109dc910_7622, v0xba9e109dc910_7623, v0xba9e109dc910_7624;
v0xba9e109dc910_7625 .array/port v0xba9e109dc910, 7625;
v0xba9e109dc910_7626 .array/port v0xba9e109dc910, 7626;
v0xba9e109dc910_7627 .array/port v0xba9e109dc910, 7627;
v0xba9e109dc910_7628 .array/port v0xba9e109dc910, 7628;
E_0xba9e109e1c10/1908 .event anyedge, v0xba9e109dc910_7625, v0xba9e109dc910_7626, v0xba9e109dc910_7627, v0xba9e109dc910_7628;
v0xba9e109dc910_7629 .array/port v0xba9e109dc910, 7629;
v0xba9e109dc910_7630 .array/port v0xba9e109dc910, 7630;
v0xba9e109dc910_7631 .array/port v0xba9e109dc910, 7631;
v0xba9e109dc910_7632 .array/port v0xba9e109dc910, 7632;
E_0xba9e109e1c10/1909 .event anyedge, v0xba9e109dc910_7629, v0xba9e109dc910_7630, v0xba9e109dc910_7631, v0xba9e109dc910_7632;
v0xba9e109dc910_7633 .array/port v0xba9e109dc910, 7633;
v0xba9e109dc910_7634 .array/port v0xba9e109dc910, 7634;
v0xba9e109dc910_7635 .array/port v0xba9e109dc910, 7635;
v0xba9e109dc910_7636 .array/port v0xba9e109dc910, 7636;
E_0xba9e109e1c10/1910 .event anyedge, v0xba9e109dc910_7633, v0xba9e109dc910_7634, v0xba9e109dc910_7635, v0xba9e109dc910_7636;
v0xba9e109dc910_7637 .array/port v0xba9e109dc910, 7637;
v0xba9e109dc910_7638 .array/port v0xba9e109dc910, 7638;
v0xba9e109dc910_7639 .array/port v0xba9e109dc910, 7639;
v0xba9e109dc910_7640 .array/port v0xba9e109dc910, 7640;
E_0xba9e109e1c10/1911 .event anyedge, v0xba9e109dc910_7637, v0xba9e109dc910_7638, v0xba9e109dc910_7639, v0xba9e109dc910_7640;
v0xba9e109dc910_7641 .array/port v0xba9e109dc910, 7641;
v0xba9e109dc910_7642 .array/port v0xba9e109dc910, 7642;
v0xba9e109dc910_7643 .array/port v0xba9e109dc910, 7643;
v0xba9e109dc910_7644 .array/port v0xba9e109dc910, 7644;
E_0xba9e109e1c10/1912 .event anyedge, v0xba9e109dc910_7641, v0xba9e109dc910_7642, v0xba9e109dc910_7643, v0xba9e109dc910_7644;
v0xba9e109dc910_7645 .array/port v0xba9e109dc910, 7645;
v0xba9e109dc910_7646 .array/port v0xba9e109dc910, 7646;
v0xba9e109dc910_7647 .array/port v0xba9e109dc910, 7647;
v0xba9e109dc910_7648 .array/port v0xba9e109dc910, 7648;
E_0xba9e109e1c10/1913 .event anyedge, v0xba9e109dc910_7645, v0xba9e109dc910_7646, v0xba9e109dc910_7647, v0xba9e109dc910_7648;
v0xba9e109dc910_7649 .array/port v0xba9e109dc910, 7649;
v0xba9e109dc910_7650 .array/port v0xba9e109dc910, 7650;
v0xba9e109dc910_7651 .array/port v0xba9e109dc910, 7651;
v0xba9e109dc910_7652 .array/port v0xba9e109dc910, 7652;
E_0xba9e109e1c10/1914 .event anyedge, v0xba9e109dc910_7649, v0xba9e109dc910_7650, v0xba9e109dc910_7651, v0xba9e109dc910_7652;
v0xba9e109dc910_7653 .array/port v0xba9e109dc910, 7653;
v0xba9e109dc910_7654 .array/port v0xba9e109dc910, 7654;
v0xba9e109dc910_7655 .array/port v0xba9e109dc910, 7655;
v0xba9e109dc910_7656 .array/port v0xba9e109dc910, 7656;
E_0xba9e109e1c10/1915 .event anyedge, v0xba9e109dc910_7653, v0xba9e109dc910_7654, v0xba9e109dc910_7655, v0xba9e109dc910_7656;
v0xba9e109dc910_7657 .array/port v0xba9e109dc910, 7657;
v0xba9e109dc910_7658 .array/port v0xba9e109dc910, 7658;
v0xba9e109dc910_7659 .array/port v0xba9e109dc910, 7659;
v0xba9e109dc910_7660 .array/port v0xba9e109dc910, 7660;
E_0xba9e109e1c10/1916 .event anyedge, v0xba9e109dc910_7657, v0xba9e109dc910_7658, v0xba9e109dc910_7659, v0xba9e109dc910_7660;
v0xba9e109dc910_7661 .array/port v0xba9e109dc910, 7661;
v0xba9e109dc910_7662 .array/port v0xba9e109dc910, 7662;
v0xba9e109dc910_7663 .array/port v0xba9e109dc910, 7663;
v0xba9e109dc910_7664 .array/port v0xba9e109dc910, 7664;
E_0xba9e109e1c10/1917 .event anyedge, v0xba9e109dc910_7661, v0xba9e109dc910_7662, v0xba9e109dc910_7663, v0xba9e109dc910_7664;
v0xba9e109dc910_7665 .array/port v0xba9e109dc910, 7665;
v0xba9e109dc910_7666 .array/port v0xba9e109dc910, 7666;
v0xba9e109dc910_7667 .array/port v0xba9e109dc910, 7667;
v0xba9e109dc910_7668 .array/port v0xba9e109dc910, 7668;
E_0xba9e109e1c10/1918 .event anyedge, v0xba9e109dc910_7665, v0xba9e109dc910_7666, v0xba9e109dc910_7667, v0xba9e109dc910_7668;
v0xba9e109dc910_7669 .array/port v0xba9e109dc910, 7669;
v0xba9e109dc910_7670 .array/port v0xba9e109dc910, 7670;
v0xba9e109dc910_7671 .array/port v0xba9e109dc910, 7671;
v0xba9e109dc910_7672 .array/port v0xba9e109dc910, 7672;
E_0xba9e109e1c10/1919 .event anyedge, v0xba9e109dc910_7669, v0xba9e109dc910_7670, v0xba9e109dc910_7671, v0xba9e109dc910_7672;
v0xba9e109dc910_7673 .array/port v0xba9e109dc910, 7673;
v0xba9e109dc910_7674 .array/port v0xba9e109dc910, 7674;
v0xba9e109dc910_7675 .array/port v0xba9e109dc910, 7675;
v0xba9e109dc910_7676 .array/port v0xba9e109dc910, 7676;
E_0xba9e109e1c10/1920 .event anyedge, v0xba9e109dc910_7673, v0xba9e109dc910_7674, v0xba9e109dc910_7675, v0xba9e109dc910_7676;
v0xba9e109dc910_7677 .array/port v0xba9e109dc910, 7677;
v0xba9e109dc910_7678 .array/port v0xba9e109dc910, 7678;
v0xba9e109dc910_7679 .array/port v0xba9e109dc910, 7679;
v0xba9e109dc910_7680 .array/port v0xba9e109dc910, 7680;
E_0xba9e109e1c10/1921 .event anyedge, v0xba9e109dc910_7677, v0xba9e109dc910_7678, v0xba9e109dc910_7679, v0xba9e109dc910_7680;
v0xba9e109dc910_7681 .array/port v0xba9e109dc910, 7681;
v0xba9e109dc910_7682 .array/port v0xba9e109dc910, 7682;
v0xba9e109dc910_7683 .array/port v0xba9e109dc910, 7683;
v0xba9e109dc910_7684 .array/port v0xba9e109dc910, 7684;
E_0xba9e109e1c10/1922 .event anyedge, v0xba9e109dc910_7681, v0xba9e109dc910_7682, v0xba9e109dc910_7683, v0xba9e109dc910_7684;
v0xba9e109dc910_7685 .array/port v0xba9e109dc910, 7685;
v0xba9e109dc910_7686 .array/port v0xba9e109dc910, 7686;
v0xba9e109dc910_7687 .array/port v0xba9e109dc910, 7687;
v0xba9e109dc910_7688 .array/port v0xba9e109dc910, 7688;
E_0xba9e109e1c10/1923 .event anyedge, v0xba9e109dc910_7685, v0xba9e109dc910_7686, v0xba9e109dc910_7687, v0xba9e109dc910_7688;
v0xba9e109dc910_7689 .array/port v0xba9e109dc910, 7689;
v0xba9e109dc910_7690 .array/port v0xba9e109dc910, 7690;
v0xba9e109dc910_7691 .array/port v0xba9e109dc910, 7691;
v0xba9e109dc910_7692 .array/port v0xba9e109dc910, 7692;
E_0xba9e109e1c10/1924 .event anyedge, v0xba9e109dc910_7689, v0xba9e109dc910_7690, v0xba9e109dc910_7691, v0xba9e109dc910_7692;
v0xba9e109dc910_7693 .array/port v0xba9e109dc910, 7693;
v0xba9e109dc910_7694 .array/port v0xba9e109dc910, 7694;
v0xba9e109dc910_7695 .array/port v0xba9e109dc910, 7695;
v0xba9e109dc910_7696 .array/port v0xba9e109dc910, 7696;
E_0xba9e109e1c10/1925 .event anyedge, v0xba9e109dc910_7693, v0xba9e109dc910_7694, v0xba9e109dc910_7695, v0xba9e109dc910_7696;
v0xba9e109dc910_7697 .array/port v0xba9e109dc910, 7697;
v0xba9e109dc910_7698 .array/port v0xba9e109dc910, 7698;
v0xba9e109dc910_7699 .array/port v0xba9e109dc910, 7699;
v0xba9e109dc910_7700 .array/port v0xba9e109dc910, 7700;
E_0xba9e109e1c10/1926 .event anyedge, v0xba9e109dc910_7697, v0xba9e109dc910_7698, v0xba9e109dc910_7699, v0xba9e109dc910_7700;
v0xba9e109dc910_7701 .array/port v0xba9e109dc910, 7701;
v0xba9e109dc910_7702 .array/port v0xba9e109dc910, 7702;
v0xba9e109dc910_7703 .array/port v0xba9e109dc910, 7703;
v0xba9e109dc910_7704 .array/port v0xba9e109dc910, 7704;
E_0xba9e109e1c10/1927 .event anyedge, v0xba9e109dc910_7701, v0xba9e109dc910_7702, v0xba9e109dc910_7703, v0xba9e109dc910_7704;
v0xba9e109dc910_7705 .array/port v0xba9e109dc910, 7705;
v0xba9e109dc910_7706 .array/port v0xba9e109dc910, 7706;
v0xba9e109dc910_7707 .array/port v0xba9e109dc910, 7707;
v0xba9e109dc910_7708 .array/port v0xba9e109dc910, 7708;
E_0xba9e109e1c10/1928 .event anyedge, v0xba9e109dc910_7705, v0xba9e109dc910_7706, v0xba9e109dc910_7707, v0xba9e109dc910_7708;
v0xba9e109dc910_7709 .array/port v0xba9e109dc910, 7709;
v0xba9e109dc910_7710 .array/port v0xba9e109dc910, 7710;
v0xba9e109dc910_7711 .array/port v0xba9e109dc910, 7711;
v0xba9e109dc910_7712 .array/port v0xba9e109dc910, 7712;
E_0xba9e109e1c10/1929 .event anyedge, v0xba9e109dc910_7709, v0xba9e109dc910_7710, v0xba9e109dc910_7711, v0xba9e109dc910_7712;
v0xba9e109dc910_7713 .array/port v0xba9e109dc910, 7713;
v0xba9e109dc910_7714 .array/port v0xba9e109dc910, 7714;
v0xba9e109dc910_7715 .array/port v0xba9e109dc910, 7715;
v0xba9e109dc910_7716 .array/port v0xba9e109dc910, 7716;
E_0xba9e109e1c10/1930 .event anyedge, v0xba9e109dc910_7713, v0xba9e109dc910_7714, v0xba9e109dc910_7715, v0xba9e109dc910_7716;
v0xba9e109dc910_7717 .array/port v0xba9e109dc910, 7717;
v0xba9e109dc910_7718 .array/port v0xba9e109dc910, 7718;
v0xba9e109dc910_7719 .array/port v0xba9e109dc910, 7719;
v0xba9e109dc910_7720 .array/port v0xba9e109dc910, 7720;
E_0xba9e109e1c10/1931 .event anyedge, v0xba9e109dc910_7717, v0xba9e109dc910_7718, v0xba9e109dc910_7719, v0xba9e109dc910_7720;
v0xba9e109dc910_7721 .array/port v0xba9e109dc910, 7721;
v0xba9e109dc910_7722 .array/port v0xba9e109dc910, 7722;
v0xba9e109dc910_7723 .array/port v0xba9e109dc910, 7723;
v0xba9e109dc910_7724 .array/port v0xba9e109dc910, 7724;
E_0xba9e109e1c10/1932 .event anyedge, v0xba9e109dc910_7721, v0xba9e109dc910_7722, v0xba9e109dc910_7723, v0xba9e109dc910_7724;
v0xba9e109dc910_7725 .array/port v0xba9e109dc910, 7725;
v0xba9e109dc910_7726 .array/port v0xba9e109dc910, 7726;
v0xba9e109dc910_7727 .array/port v0xba9e109dc910, 7727;
v0xba9e109dc910_7728 .array/port v0xba9e109dc910, 7728;
E_0xba9e109e1c10/1933 .event anyedge, v0xba9e109dc910_7725, v0xba9e109dc910_7726, v0xba9e109dc910_7727, v0xba9e109dc910_7728;
v0xba9e109dc910_7729 .array/port v0xba9e109dc910, 7729;
v0xba9e109dc910_7730 .array/port v0xba9e109dc910, 7730;
v0xba9e109dc910_7731 .array/port v0xba9e109dc910, 7731;
v0xba9e109dc910_7732 .array/port v0xba9e109dc910, 7732;
E_0xba9e109e1c10/1934 .event anyedge, v0xba9e109dc910_7729, v0xba9e109dc910_7730, v0xba9e109dc910_7731, v0xba9e109dc910_7732;
v0xba9e109dc910_7733 .array/port v0xba9e109dc910, 7733;
v0xba9e109dc910_7734 .array/port v0xba9e109dc910, 7734;
v0xba9e109dc910_7735 .array/port v0xba9e109dc910, 7735;
v0xba9e109dc910_7736 .array/port v0xba9e109dc910, 7736;
E_0xba9e109e1c10/1935 .event anyedge, v0xba9e109dc910_7733, v0xba9e109dc910_7734, v0xba9e109dc910_7735, v0xba9e109dc910_7736;
v0xba9e109dc910_7737 .array/port v0xba9e109dc910, 7737;
v0xba9e109dc910_7738 .array/port v0xba9e109dc910, 7738;
v0xba9e109dc910_7739 .array/port v0xba9e109dc910, 7739;
v0xba9e109dc910_7740 .array/port v0xba9e109dc910, 7740;
E_0xba9e109e1c10/1936 .event anyedge, v0xba9e109dc910_7737, v0xba9e109dc910_7738, v0xba9e109dc910_7739, v0xba9e109dc910_7740;
v0xba9e109dc910_7741 .array/port v0xba9e109dc910, 7741;
v0xba9e109dc910_7742 .array/port v0xba9e109dc910, 7742;
v0xba9e109dc910_7743 .array/port v0xba9e109dc910, 7743;
v0xba9e109dc910_7744 .array/port v0xba9e109dc910, 7744;
E_0xba9e109e1c10/1937 .event anyedge, v0xba9e109dc910_7741, v0xba9e109dc910_7742, v0xba9e109dc910_7743, v0xba9e109dc910_7744;
v0xba9e109dc910_7745 .array/port v0xba9e109dc910, 7745;
v0xba9e109dc910_7746 .array/port v0xba9e109dc910, 7746;
v0xba9e109dc910_7747 .array/port v0xba9e109dc910, 7747;
v0xba9e109dc910_7748 .array/port v0xba9e109dc910, 7748;
E_0xba9e109e1c10/1938 .event anyedge, v0xba9e109dc910_7745, v0xba9e109dc910_7746, v0xba9e109dc910_7747, v0xba9e109dc910_7748;
v0xba9e109dc910_7749 .array/port v0xba9e109dc910, 7749;
v0xba9e109dc910_7750 .array/port v0xba9e109dc910, 7750;
v0xba9e109dc910_7751 .array/port v0xba9e109dc910, 7751;
v0xba9e109dc910_7752 .array/port v0xba9e109dc910, 7752;
E_0xba9e109e1c10/1939 .event anyedge, v0xba9e109dc910_7749, v0xba9e109dc910_7750, v0xba9e109dc910_7751, v0xba9e109dc910_7752;
v0xba9e109dc910_7753 .array/port v0xba9e109dc910, 7753;
v0xba9e109dc910_7754 .array/port v0xba9e109dc910, 7754;
v0xba9e109dc910_7755 .array/port v0xba9e109dc910, 7755;
v0xba9e109dc910_7756 .array/port v0xba9e109dc910, 7756;
E_0xba9e109e1c10/1940 .event anyedge, v0xba9e109dc910_7753, v0xba9e109dc910_7754, v0xba9e109dc910_7755, v0xba9e109dc910_7756;
v0xba9e109dc910_7757 .array/port v0xba9e109dc910, 7757;
v0xba9e109dc910_7758 .array/port v0xba9e109dc910, 7758;
v0xba9e109dc910_7759 .array/port v0xba9e109dc910, 7759;
v0xba9e109dc910_7760 .array/port v0xba9e109dc910, 7760;
E_0xba9e109e1c10/1941 .event anyedge, v0xba9e109dc910_7757, v0xba9e109dc910_7758, v0xba9e109dc910_7759, v0xba9e109dc910_7760;
v0xba9e109dc910_7761 .array/port v0xba9e109dc910, 7761;
v0xba9e109dc910_7762 .array/port v0xba9e109dc910, 7762;
v0xba9e109dc910_7763 .array/port v0xba9e109dc910, 7763;
v0xba9e109dc910_7764 .array/port v0xba9e109dc910, 7764;
E_0xba9e109e1c10/1942 .event anyedge, v0xba9e109dc910_7761, v0xba9e109dc910_7762, v0xba9e109dc910_7763, v0xba9e109dc910_7764;
v0xba9e109dc910_7765 .array/port v0xba9e109dc910, 7765;
v0xba9e109dc910_7766 .array/port v0xba9e109dc910, 7766;
v0xba9e109dc910_7767 .array/port v0xba9e109dc910, 7767;
v0xba9e109dc910_7768 .array/port v0xba9e109dc910, 7768;
E_0xba9e109e1c10/1943 .event anyedge, v0xba9e109dc910_7765, v0xba9e109dc910_7766, v0xba9e109dc910_7767, v0xba9e109dc910_7768;
v0xba9e109dc910_7769 .array/port v0xba9e109dc910, 7769;
v0xba9e109dc910_7770 .array/port v0xba9e109dc910, 7770;
v0xba9e109dc910_7771 .array/port v0xba9e109dc910, 7771;
v0xba9e109dc910_7772 .array/port v0xba9e109dc910, 7772;
E_0xba9e109e1c10/1944 .event anyedge, v0xba9e109dc910_7769, v0xba9e109dc910_7770, v0xba9e109dc910_7771, v0xba9e109dc910_7772;
v0xba9e109dc910_7773 .array/port v0xba9e109dc910, 7773;
v0xba9e109dc910_7774 .array/port v0xba9e109dc910, 7774;
v0xba9e109dc910_7775 .array/port v0xba9e109dc910, 7775;
v0xba9e109dc910_7776 .array/port v0xba9e109dc910, 7776;
E_0xba9e109e1c10/1945 .event anyedge, v0xba9e109dc910_7773, v0xba9e109dc910_7774, v0xba9e109dc910_7775, v0xba9e109dc910_7776;
v0xba9e109dc910_7777 .array/port v0xba9e109dc910, 7777;
v0xba9e109dc910_7778 .array/port v0xba9e109dc910, 7778;
v0xba9e109dc910_7779 .array/port v0xba9e109dc910, 7779;
v0xba9e109dc910_7780 .array/port v0xba9e109dc910, 7780;
E_0xba9e109e1c10/1946 .event anyedge, v0xba9e109dc910_7777, v0xba9e109dc910_7778, v0xba9e109dc910_7779, v0xba9e109dc910_7780;
v0xba9e109dc910_7781 .array/port v0xba9e109dc910, 7781;
v0xba9e109dc910_7782 .array/port v0xba9e109dc910, 7782;
v0xba9e109dc910_7783 .array/port v0xba9e109dc910, 7783;
v0xba9e109dc910_7784 .array/port v0xba9e109dc910, 7784;
E_0xba9e109e1c10/1947 .event anyedge, v0xba9e109dc910_7781, v0xba9e109dc910_7782, v0xba9e109dc910_7783, v0xba9e109dc910_7784;
v0xba9e109dc910_7785 .array/port v0xba9e109dc910, 7785;
v0xba9e109dc910_7786 .array/port v0xba9e109dc910, 7786;
v0xba9e109dc910_7787 .array/port v0xba9e109dc910, 7787;
v0xba9e109dc910_7788 .array/port v0xba9e109dc910, 7788;
E_0xba9e109e1c10/1948 .event anyedge, v0xba9e109dc910_7785, v0xba9e109dc910_7786, v0xba9e109dc910_7787, v0xba9e109dc910_7788;
v0xba9e109dc910_7789 .array/port v0xba9e109dc910, 7789;
v0xba9e109dc910_7790 .array/port v0xba9e109dc910, 7790;
v0xba9e109dc910_7791 .array/port v0xba9e109dc910, 7791;
v0xba9e109dc910_7792 .array/port v0xba9e109dc910, 7792;
E_0xba9e109e1c10/1949 .event anyedge, v0xba9e109dc910_7789, v0xba9e109dc910_7790, v0xba9e109dc910_7791, v0xba9e109dc910_7792;
v0xba9e109dc910_7793 .array/port v0xba9e109dc910, 7793;
v0xba9e109dc910_7794 .array/port v0xba9e109dc910, 7794;
v0xba9e109dc910_7795 .array/port v0xba9e109dc910, 7795;
v0xba9e109dc910_7796 .array/port v0xba9e109dc910, 7796;
E_0xba9e109e1c10/1950 .event anyedge, v0xba9e109dc910_7793, v0xba9e109dc910_7794, v0xba9e109dc910_7795, v0xba9e109dc910_7796;
v0xba9e109dc910_7797 .array/port v0xba9e109dc910, 7797;
v0xba9e109dc910_7798 .array/port v0xba9e109dc910, 7798;
v0xba9e109dc910_7799 .array/port v0xba9e109dc910, 7799;
v0xba9e109dc910_7800 .array/port v0xba9e109dc910, 7800;
E_0xba9e109e1c10/1951 .event anyedge, v0xba9e109dc910_7797, v0xba9e109dc910_7798, v0xba9e109dc910_7799, v0xba9e109dc910_7800;
v0xba9e109dc910_7801 .array/port v0xba9e109dc910, 7801;
v0xba9e109dc910_7802 .array/port v0xba9e109dc910, 7802;
v0xba9e109dc910_7803 .array/port v0xba9e109dc910, 7803;
v0xba9e109dc910_7804 .array/port v0xba9e109dc910, 7804;
E_0xba9e109e1c10/1952 .event anyedge, v0xba9e109dc910_7801, v0xba9e109dc910_7802, v0xba9e109dc910_7803, v0xba9e109dc910_7804;
v0xba9e109dc910_7805 .array/port v0xba9e109dc910, 7805;
v0xba9e109dc910_7806 .array/port v0xba9e109dc910, 7806;
v0xba9e109dc910_7807 .array/port v0xba9e109dc910, 7807;
v0xba9e109dc910_7808 .array/port v0xba9e109dc910, 7808;
E_0xba9e109e1c10/1953 .event anyedge, v0xba9e109dc910_7805, v0xba9e109dc910_7806, v0xba9e109dc910_7807, v0xba9e109dc910_7808;
v0xba9e109dc910_7809 .array/port v0xba9e109dc910, 7809;
v0xba9e109dc910_7810 .array/port v0xba9e109dc910, 7810;
v0xba9e109dc910_7811 .array/port v0xba9e109dc910, 7811;
v0xba9e109dc910_7812 .array/port v0xba9e109dc910, 7812;
E_0xba9e109e1c10/1954 .event anyedge, v0xba9e109dc910_7809, v0xba9e109dc910_7810, v0xba9e109dc910_7811, v0xba9e109dc910_7812;
v0xba9e109dc910_7813 .array/port v0xba9e109dc910, 7813;
v0xba9e109dc910_7814 .array/port v0xba9e109dc910, 7814;
v0xba9e109dc910_7815 .array/port v0xba9e109dc910, 7815;
v0xba9e109dc910_7816 .array/port v0xba9e109dc910, 7816;
E_0xba9e109e1c10/1955 .event anyedge, v0xba9e109dc910_7813, v0xba9e109dc910_7814, v0xba9e109dc910_7815, v0xba9e109dc910_7816;
v0xba9e109dc910_7817 .array/port v0xba9e109dc910, 7817;
v0xba9e109dc910_7818 .array/port v0xba9e109dc910, 7818;
v0xba9e109dc910_7819 .array/port v0xba9e109dc910, 7819;
v0xba9e109dc910_7820 .array/port v0xba9e109dc910, 7820;
E_0xba9e109e1c10/1956 .event anyedge, v0xba9e109dc910_7817, v0xba9e109dc910_7818, v0xba9e109dc910_7819, v0xba9e109dc910_7820;
v0xba9e109dc910_7821 .array/port v0xba9e109dc910, 7821;
v0xba9e109dc910_7822 .array/port v0xba9e109dc910, 7822;
v0xba9e109dc910_7823 .array/port v0xba9e109dc910, 7823;
v0xba9e109dc910_7824 .array/port v0xba9e109dc910, 7824;
E_0xba9e109e1c10/1957 .event anyedge, v0xba9e109dc910_7821, v0xba9e109dc910_7822, v0xba9e109dc910_7823, v0xba9e109dc910_7824;
v0xba9e109dc910_7825 .array/port v0xba9e109dc910, 7825;
v0xba9e109dc910_7826 .array/port v0xba9e109dc910, 7826;
v0xba9e109dc910_7827 .array/port v0xba9e109dc910, 7827;
v0xba9e109dc910_7828 .array/port v0xba9e109dc910, 7828;
E_0xba9e109e1c10/1958 .event anyedge, v0xba9e109dc910_7825, v0xba9e109dc910_7826, v0xba9e109dc910_7827, v0xba9e109dc910_7828;
v0xba9e109dc910_7829 .array/port v0xba9e109dc910, 7829;
v0xba9e109dc910_7830 .array/port v0xba9e109dc910, 7830;
v0xba9e109dc910_7831 .array/port v0xba9e109dc910, 7831;
v0xba9e109dc910_7832 .array/port v0xba9e109dc910, 7832;
E_0xba9e109e1c10/1959 .event anyedge, v0xba9e109dc910_7829, v0xba9e109dc910_7830, v0xba9e109dc910_7831, v0xba9e109dc910_7832;
v0xba9e109dc910_7833 .array/port v0xba9e109dc910, 7833;
v0xba9e109dc910_7834 .array/port v0xba9e109dc910, 7834;
v0xba9e109dc910_7835 .array/port v0xba9e109dc910, 7835;
v0xba9e109dc910_7836 .array/port v0xba9e109dc910, 7836;
E_0xba9e109e1c10/1960 .event anyedge, v0xba9e109dc910_7833, v0xba9e109dc910_7834, v0xba9e109dc910_7835, v0xba9e109dc910_7836;
v0xba9e109dc910_7837 .array/port v0xba9e109dc910, 7837;
v0xba9e109dc910_7838 .array/port v0xba9e109dc910, 7838;
v0xba9e109dc910_7839 .array/port v0xba9e109dc910, 7839;
v0xba9e109dc910_7840 .array/port v0xba9e109dc910, 7840;
E_0xba9e109e1c10/1961 .event anyedge, v0xba9e109dc910_7837, v0xba9e109dc910_7838, v0xba9e109dc910_7839, v0xba9e109dc910_7840;
v0xba9e109dc910_7841 .array/port v0xba9e109dc910, 7841;
v0xba9e109dc910_7842 .array/port v0xba9e109dc910, 7842;
v0xba9e109dc910_7843 .array/port v0xba9e109dc910, 7843;
v0xba9e109dc910_7844 .array/port v0xba9e109dc910, 7844;
E_0xba9e109e1c10/1962 .event anyedge, v0xba9e109dc910_7841, v0xba9e109dc910_7842, v0xba9e109dc910_7843, v0xba9e109dc910_7844;
v0xba9e109dc910_7845 .array/port v0xba9e109dc910, 7845;
v0xba9e109dc910_7846 .array/port v0xba9e109dc910, 7846;
v0xba9e109dc910_7847 .array/port v0xba9e109dc910, 7847;
v0xba9e109dc910_7848 .array/port v0xba9e109dc910, 7848;
E_0xba9e109e1c10/1963 .event anyedge, v0xba9e109dc910_7845, v0xba9e109dc910_7846, v0xba9e109dc910_7847, v0xba9e109dc910_7848;
v0xba9e109dc910_7849 .array/port v0xba9e109dc910, 7849;
v0xba9e109dc910_7850 .array/port v0xba9e109dc910, 7850;
v0xba9e109dc910_7851 .array/port v0xba9e109dc910, 7851;
v0xba9e109dc910_7852 .array/port v0xba9e109dc910, 7852;
E_0xba9e109e1c10/1964 .event anyedge, v0xba9e109dc910_7849, v0xba9e109dc910_7850, v0xba9e109dc910_7851, v0xba9e109dc910_7852;
v0xba9e109dc910_7853 .array/port v0xba9e109dc910, 7853;
v0xba9e109dc910_7854 .array/port v0xba9e109dc910, 7854;
v0xba9e109dc910_7855 .array/port v0xba9e109dc910, 7855;
v0xba9e109dc910_7856 .array/port v0xba9e109dc910, 7856;
E_0xba9e109e1c10/1965 .event anyedge, v0xba9e109dc910_7853, v0xba9e109dc910_7854, v0xba9e109dc910_7855, v0xba9e109dc910_7856;
v0xba9e109dc910_7857 .array/port v0xba9e109dc910, 7857;
v0xba9e109dc910_7858 .array/port v0xba9e109dc910, 7858;
v0xba9e109dc910_7859 .array/port v0xba9e109dc910, 7859;
v0xba9e109dc910_7860 .array/port v0xba9e109dc910, 7860;
E_0xba9e109e1c10/1966 .event anyedge, v0xba9e109dc910_7857, v0xba9e109dc910_7858, v0xba9e109dc910_7859, v0xba9e109dc910_7860;
v0xba9e109dc910_7861 .array/port v0xba9e109dc910, 7861;
v0xba9e109dc910_7862 .array/port v0xba9e109dc910, 7862;
v0xba9e109dc910_7863 .array/port v0xba9e109dc910, 7863;
v0xba9e109dc910_7864 .array/port v0xba9e109dc910, 7864;
E_0xba9e109e1c10/1967 .event anyedge, v0xba9e109dc910_7861, v0xba9e109dc910_7862, v0xba9e109dc910_7863, v0xba9e109dc910_7864;
v0xba9e109dc910_7865 .array/port v0xba9e109dc910, 7865;
v0xba9e109dc910_7866 .array/port v0xba9e109dc910, 7866;
v0xba9e109dc910_7867 .array/port v0xba9e109dc910, 7867;
v0xba9e109dc910_7868 .array/port v0xba9e109dc910, 7868;
E_0xba9e109e1c10/1968 .event anyedge, v0xba9e109dc910_7865, v0xba9e109dc910_7866, v0xba9e109dc910_7867, v0xba9e109dc910_7868;
v0xba9e109dc910_7869 .array/port v0xba9e109dc910, 7869;
v0xba9e109dc910_7870 .array/port v0xba9e109dc910, 7870;
v0xba9e109dc910_7871 .array/port v0xba9e109dc910, 7871;
v0xba9e109dc910_7872 .array/port v0xba9e109dc910, 7872;
E_0xba9e109e1c10/1969 .event anyedge, v0xba9e109dc910_7869, v0xba9e109dc910_7870, v0xba9e109dc910_7871, v0xba9e109dc910_7872;
v0xba9e109dc910_7873 .array/port v0xba9e109dc910, 7873;
v0xba9e109dc910_7874 .array/port v0xba9e109dc910, 7874;
v0xba9e109dc910_7875 .array/port v0xba9e109dc910, 7875;
v0xba9e109dc910_7876 .array/port v0xba9e109dc910, 7876;
E_0xba9e109e1c10/1970 .event anyedge, v0xba9e109dc910_7873, v0xba9e109dc910_7874, v0xba9e109dc910_7875, v0xba9e109dc910_7876;
v0xba9e109dc910_7877 .array/port v0xba9e109dc910, 7877;
v0xba9e109dc910_7878 .array/port v0xba9e109dc910, 7878;
v0xba9e109dc910_7879 .array/port v0xba9e109dc910, 7879;
v0xba9e109dc910_7880 .array/port v0xba9e109dc910, 7880;
E_0xba9e109e1c10/1971 .event anyedge, v0xba9e109dc910_7877, v0xba9e109dc910_7878, v0xba9e109dc910_7879, v0xba9e109dc910_7880;
v0xba9e109dc910_7881 .array/port v0xba9e109dc910, 7881;
v0xba9e109dc910_7882 .array/port v0xba9e109dc910, 7882;
v0xba9e109dc910_7883 .array/port v0xba9e109dc910, 7883;
v0xba9e109dc910_7884 .array/port v0xba9e109dc910, 7884;
E_0xba9e109e1c10/1972 .event anyedge, v0xba9e109dc910_7881, v0xba9e109dc910_7882, v0xba9e109dc910_7883, v0xba9e109dc910_7884;
v0xba9e109dc910_7885 .array/port v0xba9e109dc910, 7885;
v0xba9e109dc910_7886 .array/port v0xba9e109dc910, 7886;
v0xba9e109dc910_7887 .array/port v0xba9e109dc910, 7887;
v0xba9e109dc910_7888 .array/port v0xba9e109dc910, 7888;
E_0xba9e109e1c10/1973 .event anyedge, v0xba9e109dc910_7885, v0xba9e109dc910_7886, v0xba9e109dc910_7887, v0xba9e109dc910_7888;
v0xba9e109dc910_7889 .array/port v0xba9e109dc910, 7889;
v0xba9e109dc910_7890 .array/port v0xba9e109dc910, 7890;
v0xba9e109dc910_7891 .array/port v0xba9e109dc910, 7891;
v0xba9e109dc910_7892 .array/port v0xba9e109dc910, 7892;
E_0xba9e109e1c10/1974 .event anyedge, v0xba9e109dc910_7889, v0xba9e109dc910_7890, v0xba9e109dc910_7891, v0xba9e109dc910_7892;
v0xba9e109dc910_7893 .array/port v0xba9e109dc910, 7893;
v0xba9e109dc910_7894 .array/port v0xba9e109dc910, 7894;
v0xba9e109dc910_7895 .array/port v0xba9e109dc910, 7895;
v0xba9e109dc910_7896 .array/port v0xba9e109dc910, 7896;
E_0xba9e109e1c10/1975 .event anyedge, v0xba9e109dc910_7893, v0xba9e109dc910_7894, v0xba9e109dc910_7895, v0xba9e109dc910_7896;
v0xba9e109dc910_7897 .array/port v0xba9e109dc910, 7897;
v0xba9e109dc910_7898 .array/port v0xba9e109dc910, 7898;
v0xba9e109dc910_7899 .array/port v0xba9e109dc910, 7899;
v0xba9e109dc910_7900 .array/port v0xba9e109dc910, 7900;
E_0xba9e109e1c10/1976 .event anyedge, v0xba9e109dc910_7897, v0xba9e109dc910_7898, v0xba9e109dc910_7899, v0xba9e109dc910_7900;
v0xba9e109dc910_7901 .array/port v0xba9e109dc910, 7901;
v0xba9e109dc910_7902 .array/port v0xba9e109dc910, 7902;
v0xba9e109dc910_7903 .array/port v0xba9e109dc910, 7903;
v0xba9e109dc910_7904 .array/port v0xba9e109dc910, 7904;
E_0xba9e109e1c10/1977 .event anyedge, v0xba9e109dc910_7901, v0xba9e109dc910_7902, v0xba9e109dc910_7903, v0xba9e109dc910_7904;
v0xba9e109dc910_7905 .array/port v0xba9e109dc910, 7905;
v0xba9e109dc910_7906 .array/port v0xba9e109dc910, 7906;
v0xba9e109dc910_7907 .array/port v0xba9e109dc910, 7907;
v0xba9e109dc910_7908 .array/port v0xba9e109dc910, 7908;
E_0xba9e109e1c10/1978 .event anyedge, v0xba9e109dc910_7905, v0xba9e109dc910_7906, v0xba9e109dc910_7907, v0xba9e109dc910_7908;
v0xba9e109dc910_7909 .array/port v0xba9e109dc910, 7909;
v0xba9e109dc910_7910 .array/port v0xba9e109dc910, 7910;
v0xba9e109dc910_7911 .array/port v0xba9e109dc910, 7911;
v0xba9e109dc910_7912 .array/port v0xba9e109dc910, 7912;
E_0xba9e109e1c10/1979 .event anyedge, v0xba9e109dc910_7909, v0xba9e109dc910_7910, v0xba9e109dc910_7911, v0xba9e109dc910_7912;
v0xba9e109dc910_7913 .array/port v0xba9e109dc910, 7913;
v0xba9e109dc910_7914 .array/port v0xba9e109dc910, 7914;
v0xba9e109dc910_7915 .array/port v0xba9e109dc910, 7915;
v0xba9e109dc910_7916 .array/port v0xba9e109dc910, 7916;
E_0xba9e109e1c10/1980 .event anyedge, v0xba9e109dc910_7913, v0xba9e109dc910_7914, v0xba9e109dc910_7915, v0xba9e109dc910_7916;
v0xba9e109dc910_7917 .array/port v0xba9e109dc910, 7917;
v0xba9e109dc910_7918 .array/port v0xba9e109dc910, 7918;
v0xba9e109dc910_7919 .array/port v0xba9e109dc910, 7919;
v0xba9e109dc910_7920 .array/port v0xba9e109dc910, 7920;
E_0xba9e109e1c10/1981 .event anyedge, v0xba9e109dc910_7917, v0xba9e109dc910_7918, v0xba9e109dc910_7919, v0xba9e109dc910_7920;
v0xba9e109dc910_7921 .array/port v0xba9e109dc910, 7921;
v0xba9e109dc910_7922 .array/port v0xba9e109dc910, 7922;
v0xba9e109dc910_7923 .array/port v0xba9e109dc910, 7923;
v0xba9e109dc910_7924 .array/port v0xba9e109dc910, 7924;
E_0xba9e109e1c10/1982 .event anyedge, v0xba9e109dc910_7921, v0xba9e109dc910_7922, v0xba9e109dc910_7923, v0xba9e109dc910_7924;
v0xba9e109dc910_7925 .array/port v0xba9e109dc910, 7925;
v0xba9e109dc910_7926 .array/port v0xba9e109dc910, 7926;
v0xba9e109dc910_7927 .array/port v0xba9e109dc910, 7927;
v0xba9e109dc910_7928 .array/port v0xba9e109dc910, 7928;
E_0xba9e109e1c10/1983 .event anyedge, v0xba9e109dc910_7925, v0xba9e109dc910_7926, v0xba9e109dc910_7927, v0xba9e109dc910_7928;
v0xba9e109dc910_7929 .array/port v0xba9e109dc910, 7929;
v0xba9e109dc910_7930 .array/port v0xba9e109dc910, 7930;
v0xba9e109dc910_7931 .array/port v0xba9e109dc910, 7931;
v0xba9e109dc910_7932 .array/port v0xba9e109dc910, 7932;
E_0xba9e109e1c10/1984 .event anyedge, v0xba9e109dc910_7929, v0xba9e109dc910_7930, v0xba9e109dc910_7931, v0xba9e109dc910_7932;
v0xba9e109dc910_7933 .array/port v0xba9e109dc910, 7933;
v0xba9e109dc910_7934 .array/port v0xba9e109dc910, 7934;
v0xba9e109dc910_7935 .array/port v0xba9e109dc910, 7935;
v0xba9e109dc910_7936 .array/port v0xba9e109dc910, 7936;
E_0xba9e109e1c10/1985 .event anyedge, v0xba9e109dc910_7933, v0xba9e109dc910_7934, v0xba9e109dc910_7935, v0xba9e109dc910_7936;
v0xba9e109dc910_7937 .array/port v0xba9e109dc910, 7937;
v0xba9e109dc910_7938 .array/port v0xba9e109dc910, 7938;
v0xba9e109dc910_7939 .array/port v0xba9e109dc910, 7939;
v0xba9e109dc910_7940 .array/port v0xba9e109dc910, 7940;
E_0xba9e109e1c10/1986 .event anyedge, v0xba9e109dc910_7937, v0xba9e109dc910_7938, v0xba9e109dc910_7939, v0xba9e109dc910_7940;
v0xba9e109dc910_7941 .array/port v0xba9e109dc910, 7941;
v0xba9e109dc910_7942 .array/port v0xba9e109dc910, 7942;
v0xba9e109dc910_7943 .array/port v0xba9e109dc910, 7943;
v0xba9e109dc910_7944 .array/port v0xba9e109dc910, 7944;
E_0xba9e109e1c10/1987 .event anyedge, v0xba9e109dc910_7941, v0xba9e109dc910_7942, v0xba9e109dc910_7943, v0xba9e109dc910_7944;
v0xba9e109dc910_7945 .array/port v0xba9e109dc910, 7945;
v0xba9e109dc910_7946 .array/port v0xba9e109dc910, 7946;
v0xba9e109dc910_7947 .array/port v0xba9e109dc910, 7947;
v0xba9e109dc910_7948 .array/port v0xba9e109dc910, 7948;
E_0xba9e109e1c10/1988 .event anyedge, v0xba9e109dc910_7945, v0xba9e109dc910_7946, v0xba9e109dc910_7947, v0xba9e109dc910_7948;
v0xba9e109dc910_7949 .array/port v0xba9e109dc910, 7949;
v0xba9e109dc910_7950 .array/port v0xba9e109dc910, 7950;
v0xba9e109dc910_7951 .array/port v0xba9e109dc910, 7951;
v0xba9e109dc910_7952 .array/port v0xba9e109dc910, 7952;
E_0xba9e109e1c10/1989 .event anyedge, v0xba9e109dc910_7949, v0xba9e109dc910_7950, v0xba9e109dc910_7951, v0xba9e109dc910_7952;
v0xba9e109dc910_7953 .array/port v0xba9e109dc910, 7953;
v0xba9e109dc910_7954 .array/port v0xba9e109dc910, 7954;
v0xba9e109dc910_7955 .array/port v0xba9e109dc910, 7955;
v0xba9e109dc910_7956 .array/port v0xba9e109dc910, 7956;
E_0xba9e109e1c10/1990 .event anyedge, v0xba9e109dc910_7953, v0xba9e109dc910_7954, v0xba9e109dc910_7955, v0xba9e109dc910_7956;
v0xba9e109dc910_7957 .array/port v0xba9e109dc910, 7957;
v0xba9e109dc910_7958 .array/port v0xba9e109dc910, 7958;
v0xba9e109dc910_7959 .array/port v0xba9e109dc910, 7959;
v0xba9e109dc910_7960 .array/port v0xba9e109dc910, 7960;
E_0xba9e109e1c10/1991 .event anyedge, v0xba9e109dc910_7957, v0xba9e109dc910_7958, v0xba9e109dc910_7959, v0xba9e109dc910_7960;
v0xba9e109dc910_7961 .array/port v0xba9e109dc910, 7961;
v0xba9e109dc910_7962 .array/port v0xba9e109dc910, 7962;
v0xba9e109dc910_7963 .array/port v0xba9e109dc910, 7963;
v0xba9e109dc910_7964 .array/port v0xba9e109dc910, 7964;
E_0xba9e109e1c10/1992 .event anyedge, v0xba9e109dc910_7961, v0xba9e109dc910_7962, v0xba9e109dc910_7963, v0xba9e109dc910_7964;
v0xba9e109dc910_7965 .array/port v0xba9e109dc910, 7965;
v0xba9e109dc910_7966 .array/port v0xba9e109dc910, 7966;
v0xba9e109dc910_7967 .array/port v0xba9e109dc910, 7967;
v0xba9e109dc910_7968 .array/port v0xba9e109dc910, 7968;
E_0xba9e109e1c10/1993 .event anyedge, v0xba9e109dc910_7965, v0xba9e109dc910_7966, v0xba9e109dc910_7967, v0xba9e109dc910_7968;
v0xba9e109dc910_7969 .array/port v0xba9e109dc910, 7969;
v0xba9e109dc910_7970 .array/port v0xba9e109dc910, 7970;
v0xba9e109dc910_7971 .array/port v0xba9e109dc910, 7971;
v0xba9e109dc910_7972 .array/port v0xba9e109dc910, 7972;
E_0xba9e109e1c10/1994 .event anyedge, v0xba9e109dc910_7969, v0xba9e109dc910_7970, v0xba9e109dc910_7971, v0xba9e109dc910_7972;
v0xba9e109dc910_7973 .array/port v0xba9e109dc910, 7973;
v0xba9e109dc910_7974 .array/port v0xba9e109dc910, 7974;
v0xba9e109dc910_7975 .array/port v0xba9e109dc910, 7975;
v0xba9e109dc910_7976 .array/port v0xba9e109dc910, 7976;
E_0xba9e109e1c10/1995 .event anyedge, v0xba9e109dc910_7973, v0xba9e109dc910_7974, v0xba9e109dc910_7975, v0xba9e109dc910_7976;
v0xba9e109dc910_7977 .array/port v0xba9e109dc910, 7977;
v0xba9e109dc910_7978 .array/port v0xba9e109dc910, 7978;
v0xba9e109dc910_7979 .array/port v0xba9e109dc910, 7979;
v0xba9e109dc910_7980 .array/port v0xba9e109dc910, 7980;
E_0xba9e109e1c10/1996 .event anyedge, v0xba9e109dc910_7977, v0xba9e109dc910_7978, v0xba9e109dc910_7979, v0xba9e109dc910_7980;
v0xba9e109dc910_7981 .array/port v0xba9e109dc910, 7981;
v0xba9e109dc910_7982 .array/port v0xba9e109dc910, 7982;
v0xba9e109dc910_7983 .array/port v0xba9e109dc910, 7983;
v0xba9e109dc910_7984 .array/port v0xba9e109dc910, 7984;
E_0xba9e109e1c10/1997 .event anyedge, v0xba9e109dc910_7981, v0xba9e109dc910_7982, v0xba9e109dc910_7983, v0xba9e109dc910_7984;
v0xba9e109dc910_7985 .array/port v0xba9e109dc910, 7985;
v0xba9e109dc910_7986 .array/port v0xba9e109dc910, 7986;
v0xba9e109dc910_7987 .array/port v0xba9e109dc910, 7987;
v0xba9e109dc910_7988 .array/port v0xba9e109dc910, 7988;
E_0xba9e109e1c10/1998 .event anyedge, v0xba9e109dc910_7985, v0xba9e109dc910_7986, v0xba9e109dc910_7987, v0xba9e109dc910_7988;
v0xba9e109dc910_7989 .array/port v0xba9e109dc910, 7989;
v0xba9e109dc910_7990 .array/port v0xba9e109dc910, 7990;
v0xba9e109dc910_7991 .array/port v0xba9e109dc910, 7991;
v0xba9e109dc910_7992 .array/port v0xba9e109dc910, 7992;
E_0xba9e109e1c10/1999 .event anyedge, v0xba9e109dc910_7989, v0xba9e109dc910_7990, v0xba9e109dc910_7991, v0xba9e109dc910_7992;
v0xba9e109dc910_7993 .array/port v0xba9e109dc910, 7993;
v0xba9e109dc910_7994 .array/port v0xba9e109dc910, 7994;
v0xba9e109dc910_7995 .array/port v0xba9e109dc910, 7995;
v0xba9e109dc910_7996 .array/port v0xba9e109dc910, 7996;
E_0xba9e109e1c10/2000 .event anyedge, v0xba9e109dc910_7993, v0xba9e109dc910_7994, v0xba9e109dc910_7995, v0xba9e109dc910_7996;
v0xba9e109dc910_7997 .array/port v0xba9e109dc910, 7997;
v0xba9e109dc910_7998 .array/port v0xba9e109dc910, 7998;
v0xba9e109dc910_7999 .array/port v0xba9e109dc910, 7999;
v0xba9e109dc910_8000 .array/port v0xba9e109dc910, 8000;
E_0xba9e109e1c10/2001 .event anyedge, v0xba9e109dc910_7997, v0xba9e109dc910_7998, v0xba9e109dc910_7999, v0xba9e109dc910_8000;
v0xba9e109dc910_8001 .array/port v0xba9e109dc910, 8001;
v0xba9e109dc910_8002 .array/port v0xba9e109dc910, 8002;
v0xba9e109dc910_8003 .array/port v0xba9e109dc910, 8003;
v0xba9e109dc910_8004 .array/port v0xba9e109dc910, 8004;
E_0xba9e109e1c10/2002 .event anyedge, v0xba9e109dc910_8001, v0xba9e109dc910_8002, v0xba9e109dc910_8003, v0xba9e109dc910_8004;
v0xba9e109dc910_8005 .array/port v0xba9e109dc910, 8005;
v0xba9e109dc910_8006 .array/port v0xba9e109dc910, 8006;
v0xba9e109dc910_8007 .array/port v0xba9e109dc910, 8007;
v0xba9e109dc910_8008 .array/port v0xba9e109dc910, 8008;
E_0xba9e109e1c10/2003 .event anyedge, v0xba9e109dc910_8005, v0xba9e109dc910_8006, v0xba9e109dc910_8007, v0xba9e109dc910_8008;
v0xba9e109dc910_8009 .array/port v0xba9e109dc910, 8009;
v0xba9e109dc910_8010 .array/port v0xba9e109dc910, 8010;
v0xba9e109dc910_8011 .array/port v0xba9e109dc910, 8011;
v0xba9e109dc910_8012 .array/port v0xba9e109dc910, 8012;
E_0xba9e109e1c10/2004 .event anyedge, v0xba9e109dc910_8009, v0xba9e109dc910_8010, v0xba9e109dc910_8011, v0xba9e109dc910_8012;
v0xba9e109dc910_8013 .array/port v0xba9e109dc910, 8013;
v0xba9e109dc910_8014 .array/port v0xba9e109dc910, 8014;
v0xba9e109dc910_8015 .array/port v0xba9e109dc910, 8015;
v0xba9e109dc910_8016 .array/port v0xba9e109dc910, 8016;
E_0xba9e109e1c10/2005 .event anyedge, v0xba9e109dc910_8013, v0xba9e109dc910_8014, v0xba9e109dc910_8015, v0xba9e109dc910_8016;
v0xba9e109dc910_8017 .array/port v0xba9e109dc910, 8017;
v0xba9e109dc910_8018 .array/port v0xba9e109dc910, 8018;
v0xba9e109dc910_8019 .array/port v0xba9e109dc910, 8019;
v0xba9e109dc910_8020 .array/port v0xba9e109dc910, 8020;
E_0xba9e109e1c10/2006 .event anyedge, v0xba9e109dc910_8017, v0xba9e109dc910_8018, v0xba9e109dc910_8019, v0xba9e109dc910_8020;
v0xba9e109dc910_8021 .array/port v0xba9e109dc910, 8021;
v0xba9e109dc910_8022 .array/port v0xba9e109dc910, 8022;
v0xba9e109dc910_8023 .array/port v0xba9e109dc910, 8023;
v0xba9e109dc910_8024 .array/port v0xba9e109dc910, 8024;
E_0xba9e109e1c10/2007 .event anyedge, v0xba9e109dc910_8021, v0xba9e109dc910_8022, v0xba9e109dc910_8023, v0xba9e109dc910_8024;
v0xba9e109dc910_8025 .array/port v0xba9e109dc910, 8025;
v0xba9e109dc910_8026 .array/port v0xba9e109dc910, 8026;
v0xba9e109dc910_8027 .array/port v0xba9e109dc910, 8027;
v0xba9e109dc910_8028 .array/port v0xba9e109dc910, 8028;
E_0xba9e109e1c10/2008 .event anyedge, v0xba9e109dc910_8025, v0xba9e109dc910_8026, v0xba9e109dc910_8027, v0xba9e109dc910_8028;
v0xba9e109dc910_8029 .array/port v0xba9e109dc910, 8029;
v0xba9e109dc910_8030 .array/port v0xba9e109dc910, 8030;
v0xba9e109dc910_8031 .array/port v0xba9e109dc910, 8031;
v0xba9e109dc910_8032 .array/port v0xba9e109dc910, 8032;
E_0xba9e109e1c10/2009 .event anyedge, v0xba9e109dc910_8029, v0xba9e109dc910_8030, v0xba9e109dc910_8031, v0xba9e109dc910_8032;
v0xba9e109dc910_8033 .array/port v0xba9e109dc910, 8033;
v0xba9e109dc910_8034 .array/port v0xba9e109dc910, 8034;
v0xba9e109dc910_8035 .array/port v0xba9e109dc910, 8035;
v0xba9e109dc910_8036 .array/port v0xba9e109dc910, 8036;
E_0xba9e109e1c10/2010 .event anyedge, v0xba9e109dc910_8033, v0xba9e109dc910_8034, v0xba9e109dc910_8035, v0xba9e109dc910_8036;
v0xba9e109dc910_8037 .array/port v0xba9e109dc910, 8037;
v0xba9e109dc910_8038 .array/port v0xba9e109dc910, 8038;
v0xba9e109dc910_8039 .array/port v0xba9e109dc910, 8039;
v0xba9e109dc910_8040 .array/port v0xba9e109dc910, 8040;
E_0xba9e109e1c10/2011 .event anyedge, v0xba9e109dc910_8037, v0xba9e109dc910_8038, v0xba9e109dc910_8039, v0xba9e109dc910_8040;
v0xba9e109dc910_8041 .array/port v0xba9e109dc910, 8041;
v0xba9e109dc910_8042 .array/port v0xba9e109dc910, 8042;
v0xba9e109dc910_8043 .array/port v0xba9e109dc910, 8043;
v0xba9e109dc910_8044 .array/port v0xba9e109dc910, 8044;
E_0xba9e109e1c10/2012 .event anyedge, v0xba9e109dc910_8041, v0xba9e109dc910_8042, v0xba9e109dc910_8043, v0xba9e109dc910_8044;
v0xba9e109dc910_8045 .array/port v0xba9e109dc910, 8045;
v0xba9e109dc910_8046 .array/port v0xba9e109dc910, 8046;
v0xba9e109dc910_8047 .array/port v0xba9e109dc910, 8047;
v0xba9e109dc910_8048 .array/port v0xba9e109dc910, 8048;
E_0xba9e109e1c10/2013 .event anyedge, v0xba9e109dc910_8045, v0xba9e109dc910_8046, v0xba9e109dc910_8047, v0xba9e109dc910_8048;
v0xba9e109dc910_8049 .array/port v0xba9e109dc910, 8049;
v0xba9e109dc910_8050 .array/port v0xba9e109dc910, 8050;
v0xba9e109dc910_8051 .array/port v0xba9e109dc910, 8051;
v0xba9e109dc910_8052 .array/port v0xba9e109dc910, 8052;
E_0xba9e109e1c10/2014 .event anyedge, v0xba9e109dc910_8049, v0xba9e109dc910_8050, v0xba9e109dc910_8051, v0xba9e109dc910_8052;
v0xba9e109dc910_8053 .array/port v0xba9e109dc910, 8053;
v0xba9e109dc910_8054 .array/port v0xba9e109dc910, 8054;
v0xba9e109dc910_8055 .array/port v0xba9e109dc910, 8055;
v0xba9e109dc910_8056 .array/port v0xba9e109dc910, 8056;
E_0xba9e109e1c10/2015 .event anyedge, v0xba9e109dc910_8053, v0xba9e109dc910_8054, v0xba9e109dc910_8055, v0xba9e109dc910_8056;
v0xba9e109dc910_8057 .array/port v0xba9e109dc910, 8057;
v0xba9e109dc910_8058 .array/port v0xba9e109dc910, 8058;
v0xba9e109dc910_8059 .array/port v0xba9e109dc910, 8059;
v0xba9e109dc910_8060 .array/port v0xba9e109dc910, 8060;
E_0xba9e109e1c10/2016 .event anyedge, v0xba9e109dc910_8057, v0xba9e109dc910_8058, v0xba9e109dc910_8059, v0xba9e109dc910_8060;
v0xba9e109dc910_8061 .array/port v0xba9e109dc910, 8061;
v0xba9e109dc910_8062 .array/port v0xba9e109dc910, 8062;
v0xba9e109dc910_8063 .array/port v0xba9e109dc910, 8063;
v0xba9e109dc910_8064 .array/port v0xba9e109dc910, 8064;
E_0xba9e109e1c10/2017 .event anyedge, v0xba9e109dc910_8061, v0xba9e109dc910_8062, v0xba9e109dc910_8063, v0xba9e109dc910_8064;
v0xba9e109dc910_8065 .array/port v0xba9e109dc910, 8065;
v0xba9e109dc910_8066 .array/port v0xba9e109dc910, 8066;
v0xba9e109dc910_8067 .array/port v0xba9e109dc910, 8067;
v0xba9e109dc910_8068 .array/port v0xba9e109dc910, 8068;
E_0xba9e109e1c10/2018 .event anyedge, v0xba9e109dc910_8065, v0xba9e109dc910_8066, v0xba9e109dc910_8067, v0xba9e109dc910_8068;
v0xba9e109dc910_8069 .array/port v0xba9e109dc910, 8069;
v0xba9e109dc910_8070 .array/port v0xba9e109dc910, 8070;
v0xba9e109dc910_8071 .array/port v0xba9e109dc910, 8071;
v0xba9e109dc910_8072 .array/port v0xba9e109dc910, 8072;
E_0xba9e109e1c10/2019 .event anyedge, v0xba9e109dc910_8069, v0xba9e109dc910_8070, v0xba9e109dc910_8071, v0xba9e109dc910_8072;
v0xba9e109dc910_8073 .array/port v0xba9e109dc910, 8073;
v0xba9e109dc910_8074 .array/port v0xba9e109dc910, 8074;
v0xba9e109dc910_8075 .array/port v0xba9e109dc910, 8075;
v0xba9e109dc910_8076 .array/port v0xba9e109dc910, 8076;
E_0xba9e109e1c10/2020 .event anyedge, v0xba9e109dc910_8073, v0xba9e109dc910_8074, v0xba9e109dc910_8075, v0xba9e109dc910_8076;
v0xba9e109dc910_8077 .array/port v0xba9e109dc910, 8077;
v0xba9e109dc910_8078 .array/port v0xba9e109dc910, 8078;
v0xba9e109dc910_8079 .array/port v0xba9e109dc910, 8079;
v0xba9e109dc910_8080 .array/port v0xba9e109dc910, 8080;
E_0xba9e109e1c10/2021 .event anyedge, v0xba9e109dc910_8077, v0xba9e109dc910_8078, v0xba9e109dc910_8079, v0xba9e109dc910_8080;
v0xba9e109dc910_8081 .array/port v0xba9e109dc910, 8081;
v0xba9e109dc910_8082 .array/port v0xba9e109dc910, 8082;
v0xba9e109dc910_8083 .array/port v0xba9e109dc910, 8083;
v0xba9e109dc910_8084 .array/port v0xba9e109dc910, 8084;
E_0xba9e109e1c10/2022 .event anyedge, v0xba9e109dc910_8081, v0xba9e109dc910_8082, v0xba9e109dc910_8083, v0xba9e109dc910_8084;
v0xba9e109dc910_8085 .array/port v0xba9e109dc910, 8085;
v0xba9e109dc910_8086 .array/port v0xba9e109dc910, 8086;
v0xba9e109dc910_8087 .array/port v0xba9e109dc910, 8087;
v0xba9e109dc910_8088 .array/port v0xba9e109dc910, 8088;
E_0xba9e109e1c10/2023 .event anyedge, v0xba9e109dc910_8085, v0xba9e109dc910_8086, v0xba9e109dc910_8087, v0xba9e109dc910_8088;
v0xba9e109dc910_8089 .array/port v0xba9e109dc910, 8089;
v0xba9e109dc910_8090 .array/port v0xba9e109dc910, 8090;
v0xba9e109dc910_8091 .array/port v0xba9e109dc910, 8091;
v0xba9e109dc910_8092 .array/port v0xba9e109dc910, 8092;
E_0xba9e109e1c10/2024 .event anyedge, v0xba9e109dc910_8089, v0xba9e109dc910_8090, v0xba9e109dc910_8091, v0xba9e109dc910_8092;
v0xba9e109dc910_8093 .array/port v0xba9e109dc910, 8093;
v0xba9e109dc910_8094 .array/port v0xba9e109dc910, 8094;
v0xba9e109dc910_8095 .array/port v0xba9e109dc910, 8095;
v0xba9e109dc910_8096 .array/port v0xba9e109dc910, 8096;
E_0xba9e109e1c10/2025 .event anyedge, v0xba9e109dc910_8093, v0xba9e109dc910_8094, v0xba9e109dc910_8095, v0xba9e109dc910_8096;
v0xba9e109dc910_8097 .array/port v0xba9e109dc910, 8097;
v0xba9e109dc910_8098 .array/port v0xba9e109dc910, 8098;
v0xba9e109dc910_8099 .array/port v0xba9e109dc910, 8099;
v0xba9e109dc910_8100 .array/port v0xba9e109dc910, 8100;
E_0xba9e109e1c10/2026 .event anyedge, v0xba9e109dc910_8097, v0xba9e109dc910_8098, v0xba9e109dc910_8099, v0xba9e109dc910_8100;
v0xba9e109dc910_8101 .array/port v0xba9e109dc910, 8101;
v0xba9e109dc910_8102 .array/port v0xba9e109dc910, 8102;
v0xba9e109dc910_8103 .array/port v0xba9e109dc910, 8103;
v0xba9e109dc910_8104 .array/port v0xba9e109dc910, 8104;
E_0xba9e109e1c10/2027 .event anyedge, v0xba9e109dc910_8101, v0xba9e109dc910_8102, v0xba9e109dc910_8103, v0xba9e109dc910_8104;
v0xba9e109dc910_8105 .array/port v0xba9e109dc910, 8105;
v0xba9e109dc910_8106 .array/port v0xba9e109dc910, 8106;
v0xba9e109dc910_8107 .array/port v0xba9e109dc910, 8107;
v0xba9e109dc910_8108 .array/port v0xba9e109dc910, 8108;
E_0xba9e109e1c10/2028 .event anyedge, v0xba9e109dc910_8105, v0xba9e109dc910_8106, v0xba9e109dc910_8107, v0xba9e109dc910_8108;
v0xba9e109dc910_8109 .array/port v0xba9e109dc910, 8109;
v0xba9e109dc910_8110 .array/port v0xba9e109dc910, 8110;
v0xba9e109dc910_8111 .array/port v0xba9e109dc910, 8111;
v0xba9e109dc910_8112 .array/port v0xba9e109dc910, 8112;
E_0xba9e109e1c10/2029 .event anyedge, v0xba9e109dc910_8109, v0xba9e109dc910_8110, v0xba9e109dc910_8111, v0xba9e109dc910_8112;
v0xba9e109dc910_8113 .array/port v0xba9e109dc910, 8113;
v0xba9e109dc910_8114 .array/port v0xba9e109dc910, 8114;
v0xba9e109dc910_8115 .array/port v0xba9e109dc910, 8115;
v0xba9e109dc910_8116 .array/port v0xba9e109dc910, 8116;
E_0xba9e109e1c10/2030 .event anyedge, v0xba9e109dc910_8113, v0xba9e109dc910_8114, v0xba9e109dc910_8115, v0xba9e109dc910_8116;
v0xba9e109dc910_8117 .array/port v0xba9e109dc910, 8117;
v0xba9e109dc910_8118 .array/port v0xba9e109dc910, 8118;
v0xba9e109dc910_8119 .array/port v0xba9e109dc910, 8119;
v0xba9e109dc910_8120 .array/port v0xba9e109dc910, 8120;
E_0xba9e109e1c10/2031 .event anyedge, v0xba9e109dc910_8117, v0xba9e109dc910_8118, v0xba9e109dc910_8119, v0xba9e109dc910_8120;
v0xba9e109dc910_8121 .array/port v0xba9e109dc910, 8121;
v0xba9e109dc910_8122 .array/port v0xba9e109dc910, 8122;
v0xba9e109dc910_8123 .array/port v0xba9e109dc910, 8123;
v0xba9e109dc910_8124 .array/port v0xba9e109dc910, 8124;
E_0xba9e109e1c10/2032 .event anyedge, v0xba9e109dc910_8121, v0xba9e109dc910_8122, v0xba9e109dc910_8123, v0xba9e109dc910_8124;
v0xba9e109dc910_8125 .array/port v0xba9e109dc910, 8125;
v0xba9e109dc910_8126 .array/port v0xba9e109dc910, 8126;
v0xba9e109dc910_8127 .array/port v0xba9e109dc910, 8127;
v0xba9e109dc910_8128 .array/port v0xba9e109dc910, 8128;
E_0xba9e109e1c10/2033 .event anyedge, v0xba9e109dc910_8125, v0xba9e109dc910_8126, v0xba9e109dc910_8127, v0xba9e109dc910_8128;
v0xba9e109dc910_8129 .array/port v0xba9e109dc910, 8129;
v0xba9e109dc910_8130 .array/port v0xba9e109dc910, 8130;
v0xba9e109dc910_8131 .array/port v0xba9e109dc910, 8131;
v0xba9e109dc910_8132 .array/port v0xba9e109dc910, 8132;
E_0xba9e109e1c10/2034 .event anyedge, v0xba9e109dc910_8129, v0xba9e109dc910_8130, v0xba9e109dc910_8131, v0xba9e109dc910_8132;
v0xba9e109dc910_8133 .array/port v0xba9e109dc910, 8133;
v0xba9e109dc910_8134 .array/port v0xba9e109dc910, 8134;
v0xba9e109dc910_8135 .array/port v0xba9e109dc910, 8135;
v0xba9e109dc910_8136 .array/port v0xba9e109dc910, 8136;
E_0xba9e109e1c10/2035 .event anyedge, v0xba9e109dc910_8133, v0xba9e109dc910_8134, v0xba9e109dc910_8135, v0xba9e109dc910_8136;
v0xba9e109dc910_8137 .array/port v0xba9e109dc910, 8137;
v0xba9e109dc910_8138 .array/port v0xba9e109dc910, 8138;
v0xba9e109dc910_8139 .array/port v0xba9e109dc910, 8139;
v0xba9e109dc910_8140 .array/port v0xba9e109dc910, 8140;
E_0xba9e109e1c10/2036 .event anyedge, v0xba9e109dc910_8137, v0xba9e109dc910_8138, v0xba9e109dc910_8139, v0xba9e109dc910_8140;
v0xba9e109dc910_8141 .array/port v0xba9e109dc910, 8141;
v0xba9e109dc910_8142 .array/port v0xba9e109dc910, 8142;
v0xba9e109dc910_8143 .array/port v0xba9e109dc910, 8143;
v0xba9e109dc910_8144 .array/port v0xba9e109dc910, 8144;
E_0xba9e109e1c10/2037 .event anyedge, v0xba9e109dc910_8141, v0xba9e109dc910_8142, v0xba9e109dc910_8143, v0xba9e109dc910_8144;
v0xba9e109dc910_8145 .array/port v0xba9e109dc910, 8145;
v0xba9e109dc910_8146 .array/port v0xba9e109dc910, 8146;
v0xba9e109dc910_8147 .array/port v0xba9e109dc910, 8147;
v0xba9e109dc910_8148 .array/port v0xba9e109dc910, 8148;
E_0xba9e109e1c10/2038 .event anyedge, v0xba9e109dc910_8145, v0xba9e109dc910_8146, v0xba9e109dc910_8147, v0xba9e109dc910_8148;
v0xba9e109dc910_8149 .array/port v0xba9e109dc910, 8149;
v0xba9e109dc910_8150 .array/port v0xba9e109dc910, 8150;
v0xba9e109dc910_8151 .array/port v0xba9e109dc910, 8151;
v0xba9e109dc910_8152 .array/port v0xba9e109dc910, 8152;
E_0xba9e109e1c10/2039 .event anyedge, v0xba9e109dc910_8149, v0xba9e109dc910_8150, v0xba9e109dc910_8151, v0xba9e109dc910_8152;
v0xba9e109dc910_8153 .array/port v0xba9e109dc910, 8153;
v0xba9e109dc910_8154 .array/port v0xba9e109dc910, 8154;
v0xba9e109dc910_8155 .array/port v0xba9e109dc910, 8155;
v0xba9e109dc910_8156 .array/port v0xba9e109dc910, 8156;
E_0xba9e109e1c10/2040 .event anyedge, v0xba9e109dc910_8153, v0xba9e109dc910_8154, v0xba9e109dc910_8155, v0xba9e109dc910_8156;
v0xba9e109dc910_8157 .array/port v0xba9e109dc910, 8157;
v0xba9e109dc910_8158 .array/port v0xba9e109dc910, 8158;
v0xba9e109dc910_8159 .array/port v0xba9e109dc910, 8159;
v0xba9e109dc910_8160 .array/port v0xba9e109dc910, 8160;
E_0xba9e109e1c10/2041 .event anyedge, v0xba9e109dc910_8157, v0xba9e109dc910_8158, v0xba9e109dc910_8159, v0xba9e109dc910_8160;
v0xba9e109dc910_8161 .array/port v0xba9e109dc910, 8161;
v0xba9e109dc910_8162 .array/port v0xba9e109dc910, 8162;
v0xba9e109dc910_8163 .array/port v0xba9e109dc910, 8163;
v0xba9e109dc910_8164 .array/port v0xba9e109dc910, 8164;
E_0xba9e109e1c10/2042 .event anyedge, v0xba9e109dc910_8161, v0xba9e109dc910_8162, v0xba9e109dc910_8163, v0xba9e109dc910_8164;
v0xba9e109dc910_8165 .array/port v0xba9e109dc910, 8165;
v0xba9e109dc910_8166 .array/port v0xba9e109dc910, 8166;
v0xba9e109dc910_8167 .array/port v0xba9e109dc910, 8167;
v0xba9e109dc910_8168 .array/port v0xba9e109dc910, 8168;
E_0xba9e109e1c10/2043 .event anyedge, v0xba9e109dc910_8165, v0xba9e109dc910_8166, v0xba9e109dc910_8167, v0xba9e109dc910_8168;
v0xba9e109dc910_8169 .array/port v0xba9e109dc910, 8169;
v0xba9e109dc910_8170 .array/port v0xba9e109dc910, 8170;
v0xba9e109dc910_8171 .array/port v0xba9e109dc910, 8171;
v0xba9e109dc910_8172 .array/port v0xba9e109dc910, 8172;
E_0xba9e109e1c10/2044 .event anyedge, v0xba9e109dc910_8169, v0xba9e109dc910_8170, v0xba9e109dc910_8171, v0xba9e109dc910_8172;
v0xba9e109dc910_8173 .array/port v0xba9e109dc910, 8173;
v0xba9e109dc910_8174 .array/port v0xba9e109dc910, 8174;
v0xba9e109dc910_8175 .array/port v0xba9e109dc910, 8175;
v0xba9e109dc910_8176 .array/port v0xba9e109dc910, 8176;
E_0xba9e109e1c10/2045 .event anyedge, v0xba9e109dc910_8173, v0xba9e109dc910_8174, v0xba9e109dc910_8175, v0xba9e109dc910_8176;
v0xba9e109dc910_8177 .array/port v0xba9e109dc910, 8177;
v0xba9e109dc910_8178 .array/port v0xba9e109dc910, 8178;
v0xba9e109dc910_8179 .array/port v0xba9e109dc910, 8179;
v0xba9e109dc910_8180 .array/port v0xba9e109dc910, 8180;
E_0xba9e109e1c10/2046 .event anyedge, v0xba9e109dc910_8177, v0xba9e109dc910_8178, v0xba9e109dc910_8179, v0xba9e109dc910_8180;
v0xba9e109dc910_8181 .array/port v0xba9e109dc910, 8181;
v0xba9e109dc910_8182 .array/port v0xba9e109dc910, 8182;
v0xba9e109dc910_8183 .array/port v0xba9e109dc910, 8183;
v0xba9e109dc910_8184 .array/port v0xba9e109dc910, 8184;
E_0xba9e109e1c10/2047 .event anyedge, v0xba9e109dc910_8181, v0xba9e109dc910_8182, v0xba9e109dc910_8183, v0xba9e109dc910_8184;
v0xba9e109dc910_8185 .array/port v0xba9e109dc910, 8185;
v0xba9e109dc910_8186 .array/port v0xba9e109dc910, 8186;
v0xba9e109dc910_8187 .array/port v0xba9e109dc910, 8187;
v0xba9e109dc910_8188 .array/port v0xba9e109dc910, 8188;
E_0xba9e109e1c10/2048 .event anyedge, v0xba9e109dc910_8185, v0xba9e109dc910_8186, v0xba9e109dc910_8187, v0xba9e109dc910_8188;
v0xba9e109dc910_8189 .array/port v0xba9e109dc910, 8189;
v0xba9e109dc910_8190 .array/port v0xba9e109dc910, 8190;
v0xba9e109dc910_8191 .array/port v0xba9e109dc910, 8191;
E_0xba9e109e1c10/2049 .event anyedge, v0xba9e109dc910_8189, v0xba9e109dc910_8190, v0xba9e109dc910_8191, v0xba9e10da5ee0_0;
E_0xba9e109e1c10/2050 .event anyedge, v0xba9e10a66460_0;
E_0xba9e109e1c10 .event/or E_0xba9e109e1c10/0, E_0xba9e109e1c10/1, E_0xba9e109e1c10/2, E_0xba9e109e1c10/3, E_0xba9e109e1c10/4, E_0xba9e109e1c10/5, E_0xba9e109e1c10/6, E_0xba9e109e1c10/7, E_0xba9e109e1c10/8, E_0xba9e109e1c10/9, E_0xba9e109e1c10/10, E_0xba9e109e1c10/11, E_0xba9e109e1c10/12, E_0xba9e109e1c10/13, E_0xba9e109e1c10/14, E_0xba9e109e1c10/15, E_0xba9e109e1c10/16, E_0xba9e109e1c10/17, E_0xba9e109e1c10/18, E_0xba9e109e1c10/19, E_0xba9e109e1c10/20, E_0xba9e109e1c10/21, E_0xba9e109e1c10/22, E_0xba9e109e1c10/23, E_0xba9e109e1c10/24, E_0xba9e109e1c10/25, E_0xba9e109e1c10/26, E_0xba9e109e1c10/27, E_0xba9e109e1c10/28, E_0xba9e109e1c10/29, E_0xba9e109e1c10/30, E_0xba9e109e1c10/31, E_0xba9e109e1c10/32, E_0xba9e109e1c10/33, E_0xba9e109e1c10/34, E_0xba9e109e1c10/35, E_0xba9e109e1c10/36, E_0xba9e109e1c10/37, E_0xba9e109e1c10/38, E_0xba9e109e1c10/39, E_0xba9e109e1c10/40, E_0xba9e109e1c10/41, E_0xba9e109e1c10/42, E_0xba9e109e1c10/43, E_0xba9e109e1c10/44, E_0xba9e109e1c10/45, E_0xba9e109e1c10/46, E_0xba9e109e1c10/47, E_0xba9e109e1c10/48, E_0xba9e109e1c10/49, E_0xba9e109e1c10/50, E_0xba9e109e1c10/51, E_0xba9e109e1c10/52, E_0xba9e109e1c10/53, E_0xba9e109e1c10/54, E_0xba9e109e1c10/55, E_0xba9e109e1c10/56, E_0xba9e109e1c10/57, E_0xba9e109e1c10/58, E_0xba9e109e1c10/59, E_0xba9e109e1c10/60, E_0xba9e109e1c10/61, E_0xba9e109e1c10/62, E_0xba9e109e1c10/63, E_0xba9e109e1c10/64, E_0xba9e109e1c10/65, E_0xba9e109e1c10/66, E_0xba9e109e1c10/67, E_0xba9e109e1c10/68, E_0xba9e109e1c10/69, E_0xba9e109e1c10/70, E_0xba9e109e1c10/71, E_0xba9e109e1c10/72, E_0xba9e109e1c10/73, E_0xba9e109e1c10/74, E_0xba9e109e1c10/75, E_0xba9e109e1c10/76, E_0xba9e109e1c10/77, E_0xba9e109e1c10/78, E_0xba9e109e1c10/79, E_0xba9e109e1c10/80, E_0xba9e109e1c10/81, E_0xba9e109e1c10/82, E_0xba9e109e1c10/83, E_0xba9e109e1c10/84, E_0xba9e109e1c10/85, E_0xba9e109e1c10/86, E_0xba9e109e1c10/87, E_0xba9e109e1c10/88, E_0xba9e109e1c10/89, E_0xba9e109e1c10/90, E_0xba9e109e1c10/91, E_0xba9e109e1c10/92, E_0xba9e109e1c10/93, E_0xba9e109e1c10/94, E_0xba9e109e1c10/95, E_0xba9e109e1c10/96, E_0xba9e109e1c10/97, E_0xba9e109e1c10/98, E_0xba9e109e1c10/99, E_0xba9e109e1c10/100, E_0xba9e109e1c10/101, E_0xba9e109e1c10/102, E_0xba9e109e1c10/103, E_0xba9e109e1c10/104, E_0xba9e109e1c10/105, E_0xba9e109e1c10/106, E_0xba9e109e1c10/107, E_0xba9e109e1c10/108, E_0xba9e109e1c10/109, E_0xba9e109e1c10/110, E_0xba9e109e1c10/111, E_0xba9e109e1c10/112, E_0xba9e109e1c10/113, E_0xba9e109e1c10/114, E_0xba9e109e1c10/115, E_0xba9e109e1c10/116, E_0xba9e109e1c10/117, E_0xba9e109e1c10/118, E_0xba9e109e1c10/119, E_0xba9e109e1c10/120, E_0xba9e109e1c10/121, E_0xba9e109e1c10/122, E_0xba9e109e1c10/123, E_0xba9e109e1c10/124, E_0xba9e109e1c10/125, E_0xba9e109e1c10/126, E_0xba9e109e1c10/127, E_0xba9e109e1c10/128, E_0xba9e109e1c10/129, E_0xba9e109e1c10/130, E_0xba9e109e1c10/131, E_0xba9e109e1c10/132, E_0xba9e109e1c10/133, E_0xba9e109e1c10/134, E_0xba9e109e1c10/135, E_0xba9e109e1c10/136, E_0xba9e109e1c10/137, E_0xba9e109e1c10/138, E_0xba9e109e1c10/139, E_0xba9e109e1c10/140, E_0xba9e109e1c10/141, E_0xba9e109e1c10/142, E_0xba9e109e1c10/143, E_0xba9e109e1c10/144, E_0xba9e109e1c10/145, E_0xba9e109e1c10/146, E_0xba9e109e1c10/147, E_0xba9e109e1c10/148, E_0xba9e109e1c10/149, E_0xba9e109e1c10/150, E_0xba9e109e1c10/151, E_0xba9e109e1c10/152, E_0xba9e109e1c10/153, E_0xba9e109e1c10/154, E_0xba9e109e1c10/155, E_0xba9e109e1c10/156, E_0xba9e109e1c10/157, E_0xba9e109e1c10/158, E_0xba9e109e1c10/159, E_0xba9e109e1c10/160, E_0xba9e109e1c10/161, E_0xba9e109e1c10/162, E_0xba9e109e1c10/163, E_0xba9e109e1c10/164, E_0xba9e109e1c10/165, E_0xba9e109e1c10/166, E_0xba9e109e1c10/167, E_0xba9e109e1c10/168, E_0xba9e109e1c10/169, E_0xba9e109e1c10/170, E_0xba9e109e1c10/171, E_0xba9e109e1c10/172, E_0xba9e109e1c10/173, E_0xba9e109e1c10/174, E_0xba9e109e1c10/175, E_0xba9e109e1c10/176, E_0xba9e109e1c10/177, E_0xba9e109e1c10/178, E_0xba9e109e1c10/179, E_0xba9e109e1c10/180, E_0xba9e109e1c10/181, E_0xba9e109e1c10/182, E_0xba9e109e1c10/183, E_0xba9e109e1c10/184, E_0xba9e109e1c10/185, E_0xba9e109e1c10/186, E_0xba9e109e1c10/187, E_0xba9e109e1c10/188, E_0xba9e109e1c10/189, E_0xba9e109e1c10/190, E_0xba9e109e1c10/191, E_0xba9e109e1c10/192, E_0xba9e109e1c10/193, E_0xba9e109e1c10/194, E_0xba9e109e1c10/195, E_0xba9e109e1c10/196, E_0xba9e109e1c10/197, E_0xba9e109e1c10/198, E_0xba9e109e1c10/199, E_0xba9e109e1c10/200, E_0xba9e109e1c10/201, E_0xba9e109e1c10/202, E_0xba9e109e1c10/203, E_0xba9e109e1c10/204, E_0xba9e109e1c10/205, E_0xba9e109e1c10/206, E_0xba9e109e1c10/207, E_0xba9e109e1c10/208, E_0xba9e109e1c10/209, E_0xba9e109e1c10/210, E_0xba9e109e1c10/211, E_0xba9e109e1c10/212, E_0xba9e109e1c10/213, E_0xba9e109e1c10/214, E_0xba9e109e1c10/215, E_0xba9e109e1c10/216, E_0xba9e109e1c10/217, E_0xba9e109e1c10/218, E_0xba9e109e1c10/219, E_0xba9e109e1c10/220, E_0xba9e109e1c10/221, E_0xba9e109e1c10/222, E_0xba9e109e1c10/223, E_0xba9e109e1c10/224, E_0xba9e109e1c10/225, E_0xba9e109e1c10/226, E_0xba9e109e1c10/227, E_0xba9e109e1c10/228, E_0xba9e109e1c10/229, E_0xba9e109e1c10/230, E_0xba9e109e1c10/231, E_0xba9e109e1c10/232, E_0xba9e109e1c10/233, E_0xba9e109e1c10/234, E_0xba9e109e1c10/235, E_0xba9e109e1c10/236, E_0xba9e109e1c10/237, E_0xba9e109e1c10/238, E_0xba9e109e1c10/239, E_0xba9e109e1c10/240, E_0xba9e109e1c10/241, E_0xba9e109e1c10/242, E_0xba9e109e1c10/243, E_0xba9e109e1c10/244, E_0xba9e109e1c10/245, E_0xba9e109e1c10/246, E_0xba9e109e1c10/247, E_0xba9e109e1c10/248, E_0xba9e109e1c10/249, E_0xba9e109e1c10/250, E_0xba9e109e1c10/251, E_0xba9e109e1c10/252, E_0xba9e109e1c10/253, E_0xba9e109e1c10/254, E_0xba9e109e1c10/255, E_0xba9e109e1c10/256, E_0xba9e109e1c10/257, E_0xba9e109e1c10/258, E_0xba9e109e1c10/259, E_0xba9e109e1c10/260, E_0xba9e109e1c10/261, E_0xba9e109e1c10/262, E_0xba9e109e1c10/263, E_0xba9e109e1c10/264, E_0xba9e109e1c10/265, E_0xba9e109e1c10/266, E_0xba9e109e1c10/267, E_0xba9e109e1c10/268, E_0xba9e109e1c10/269, E_0xba9e109e1c10/270, E_0xba9e109e1c10/271, E_0xba9e109e1c10/272, E_0xba9e109e1c10/273, E_0xba9e109e1c10/274, E_0xba9e109e1c10/275, E_0xba9e109e1c10/276, E_0xba9e109e1c10/277, E_0xba9e109e1c10/278, E_0xba9e109e1c10/279, E_0xba9e109e1c10/280, E_0xba9e109e1c10/281, E_0xba9e109e1c10/282, E_0xba9e109e1c10/283, E_0xba9e109e1c10/284, E_0xba9e109e1c10/285, E_0xba9e109e1c10/286, E_0xba9e109e1c10/287, E_0xba9e109e1c10/288, E_0xba9e109e1c10/289, E_0xba9e109e1c10/290, E_0xba9e109e1c10/291, E_0xba9e109e1c10/292, E_0xba9e109e1c10/293, E_0xba9e109e1c10/294, E_0xba9e109e1c10/295, E_0xba9e109e1c10/296, E_0xba9e109e1c10/297, E_0xba9e109e1c10/298, E_0xba9e109e1c10/299, E_0xba9e109e1c10/300, E_0xba9e109e1c10/301, E_0xba9e109e1c10/302, E_0xba9e109e1c10/303, E_0xba9e109e1c10/304, E_0xba9e109e1c10/305, E_0xba9e109e1c10/306, E_0xba9e109e1c10/307, E_0xba9e109e1c10/308, E_0xba9e109e1c10/309, E_0xba9e109e1c10/310, E_0xba9e109e1c10/311, E_0xba9e109e1c10/312, E_0xba9e109e1c10/313, E_0xba9e109e1c10/314, E_0xba9e109e1c10/315, E_0xba9e109e1c10/316, E_0xba9e109e1c10/317, E_0xba9e109e1c10/318, E_0xba9e109e1c10/319, E_0xba9e109e1c10/320, E_0xba9e109e1c10/321, E_0xba9e109e1c10/322, E_0xba9e109e1c10/323, E_0xba9e109e1c10/324, E_0xba9e109e1c10/325, E_0xba9e109e1c10/326, E_0xba9e109e1c10/327, E_0xba9e109e1c10/328, E_0xba9e109e1c10/329, E_0xba9e109e1c10/330, E_0xba9e109e1c10/331, E_0xba9e109e1c10/332, E_0xba9e109e1c10/333, E_0xba9e109e1c10/334, E_0xba9e109e1c10/335, E_0xba9e109e1c10/336, E_0xba9e109e1c10/337, E_0xba9e109e1c10/338, E_0xba9e109e1c10/339, E_0xba9e109e1c10/340, E_0xba9e109e1c10/341, E_0xba9e109e1c10/342, E_0xba9e109e1c10/343, E_0xba9e109e1c10/344, E_0xba9e109e1c10/345, E_0xba9e109e1c10/346, E_0xba9e109e1c10/347, E_0xba9e109e1c10/348, E_0xba9e109e1c10/349, E_0xba9e109e1c10/350, E_0xba9e109e1c10/351, E_0xba9e109e1c10/352, E_0xba9e109e1c10/353, E_0xba9e109e1c10/354, E_0xba9e109e1c10/355, E_0xba9e109e1c10/356, E_0xba9e109e1c10/357, E_0xba9e109e1c10/358, E_0xba9e109e1c10/359, E_0xba9e109e1c10/360, E_0xba9e109e1c10/361, E_0xba9e109e1c10/362, E_0xba9e109e1c10/363, E_0xba9e109e1c10/364, E_0xba9e109e1c10/365, E_0xba9e109e1c10/366, E_0xba9e109e1c10/367, E_0xba9e109e1c10/368, E_0xba9e109e1c10/369, E_0xba9e109e1c10/370, E_0xba9e109e1c10/371, E_0xba9e109e1c10/372, E_0xba9e109e1c10/373, E_0xba9e109e1c10/374, E_0xba9e109e1c10/375, E_0xba9e109e1c10/376, E_0xba9e109e1c10/377, E_0xba9e109e1c10/378, E_0xba9e109e1c10/379, E_0xba9e109e1c10/380, E_0xba9e109e1c10/381, E_0xba9e109e1c10/382, E_0xba9e109e1c10/383, E_0xba9e109e1c10/384, E_0xba9e109e1c10/385, E_0xba9e109e1c10/386, E_0xba9e109e1c10/387, E_0xba9e109e1c10/388, E_0xba9e109e1c10/389, E_0xba9e109e1c10/390, E_0xba9e109e1c10/391, E_0xba9e109e1c10/392, E_0xba9e109e1c10/393, E_0xba9e109e1c10/394, E_0xba9e109e1c10/395, E_0xba9e109e1c10/396, E_0xba9e109e1c10/397, E_0xba9e109e1c10/398, E_0xba9e109e1c10/399, E_0xba9e109e1c10/400, E_0xba9e109e1c10/401, E_0xba9e109e1c10/402, E_0xba9e109e1c10/403, E_0xba9e109e1c10/404, E_0xba9e109e1c10/405, E_0xba9e109e1c10/406, E_0xba9e109e1c10/407, E_0xba9e109e1c10/408, E_0xba9e109e1c10/409, E_0xba9e109e1c10/410, E_0xba9e109e1c10/411, E_0xba9e109e1c10/412, E_0xba9e109e1c10/413, E_0xba9e109e1c10/414, E_0xba9e109e1c10/415, E_0xba9e109e1c10/416, E_0xba9e109e1c10/417, E_0xba9e109e1c10/418, E_0xba9e109e1c10/419, E_0xba9e109e1c10/420, E_0xba9e109e1c10/421, E_0xba9e109e1c10/422, E_0xba9e109e1c10/423, E_0xba9e109e1c10/424, E_0xba9e109e1c10/425, E_0xba9e109e1c10/426, E_0xba9e109e1c10/427, E_0xba9e109e1c10/428, E_0xba9e109e1c10/429, E_0xba9e109e1c10/430, E_0xba9e109e1c10/431, E_0xba9e109e1c10/432, E_0xba9e109e1c10/433, E_0xba9e109e1c10/434, E_0xba9e109e1c10/435, E_0xba9e109e1c10/436, E_0xba9e109e1c10/437, E_0xba9e109e1c10/438, E_0xba9e109e1c10/439, E_0xba9e109e1c10/440, E_0xba9e109e1c10/441, E_0xba9e109e1c10/442, E_0xba9e109e1c10/443, E_0xba9e109e1c10/444, E_0xba9e109e1c10/445, E_0xba9e109e1c10/446, E_0xba9e109e1c10/447, E_0xba9e109e1c10/448, E_0xba9e109e1c10/449, E_0xba9e109e1c10/450, E_0xba9e109e1c10/451, E_0xba9e109e1c10/452, E_0xba9e109e1c10/453, E_0xba9e109e1c10/454, E_0xba9e109e1c10/455, E_0xba9e109e1c10/456, E_0xba9e109e1c10/457, E_0xba9e109e1c10/458, E_0xba9e109e1c10/459, E_0xba9e109e1c10/460, E_0xba9e109e1c10/461, E_0xba9e109e1c10/462, E_0xba9e109e1c10/463, E_0xba9e109e1c10/464, E_0xba9e109e1c10/465, E_0xba9e109e1c10/466, E_0xba9e109e1c10/467, E_0xba9e109e1c10/468, E_0xba9e109e1c10/469, E_0xba9e109e1c10/470, E_0xba9e109e1c10/471, E_0xba9e109e1c10/472, E_0xba9e109e1c10/473, E_0xba9e109e1c10/474, E_0xba9e109e1c10/475, E_0xba9e109e1c10/476, E_0xba9e109e1c10/477, E_0xba9e109e1c10/478, E_0xba9e109e1c10/479, E_0xba9e109e1c10/480, E_0xba9e109e1c10/481, E_0xba9e109e1c10/482, E_0xba9e109e1c10/483, E_0xba9e109e1c10/484, E_0xba9e109e1c10/485, E_0xba9e109e1c10/486, E_0xba9e109e1c10/487, E_0xba9e109e1c10/488, E_0xba9e109e1c10/489, E_0xba9e109e1c10/490, E_0xba9e109e1c10/491, E_0xba9e109e1c10/492, E_0xba9e109e1c10/493, E_0xba9e109e1c10/494, E_0xba9e109e1c10/495, E_0xba9e109e1c10/496, E_0xba9e109e1c10/497, E_0xba9e109e1c10/498, E_0xba9e109e1c10/499, E_0xba9e109e1c10/500, E_0xba9e109e1c10/501, E_0xba9e109e1c10/502, E_0xba9e109e1c10/503, E_0xba9e109e1c10/504, E_0xba9e109e1c10/505, E_0xba9e109e1c10/506, E_0xba9e109e1c10/507, E_0xba9e109e1c10/508, E_0xba9e109e1c10/509, E_0xba9e109e1c10/510, E_0xba9e109e1c10/511, E_0xba9e109e1c10/512, E_0xba9e109e1c10/513, E_0xba9e109e1c10/514, E_0xba9e109e1c10/515, E_0xba9e109e1c10/516, E_0xba9e109e1c10/517, E_0xba9e109e1c10/518, E_0xba9e109e1c10/519, E_0xba9e109e1c10/520, E_0xba9e109e1c10/521, E_0xba9e109e1c10/522, E_0xba9e109e1c10/523, E_0xba9e109e1c10/524, E_0xba9e109e1c10/525, E_0xba9e109e1c10/526, E_0xba9e109e1c10/527, E_0xba9e109e1c10/528, E_0xba9e109e1c10/529, E_0xba9e109e1c10/530, E_0xba9e109e1c10/531, E_0xba9e109e1c10/532, E_0xba9e109e1c10/533, E_0xba9e109e1c10/534, E_0xba9e109e1c10/535, E_0xba9e109e1c10/536, E_0xba9e109e1c10/537, E_0xba9e109e1c10/538, E_0xba9e109e1c10/539, E_0xba9e109e1c10/540, E_0xba9e109e1c10/541, E_0xba9e109e1c10/542, E_0xba9e109e1c10/543, E_0xba9e109e1c10/544, E_0xba9e109e1c10/545, E_0xba9e109e1c10/546, E_0xba9e109e1c10/547, E_0xba9e109e1c10/548, E_0xba9e109e1c10/549, E_0xba9e109e1c10/550, E_0xba9e109e1c10/551, E_0xba9e109e1c10/552, E_0xba9e109e1c10/553, E_0xba9e109e1c10/554, E_0xba9e109e1c10/555, E_0xba9e109e1c10/556, E_0xba9e109e1c10/557, E_0xba9e109e1c10/558, E_0xba9e109e1c10/559, E_0xba9e109e1c10/560, E_0xba9e109e1c10/561, E_0xba9e109e1c10/562, E_0xba9e109e1c10/563, E_0xba9e109e1c10/564, E_0xba9e109e1c10/565, E_0xba9e109e1c10/566, E_0xba9e109e1c10/567, E_0xba9e109e1c10/568, E_0xba9e109e1c10/569, E_0xba9e109e1c10/570, E_0xba9e109e1c10/571, E_0xba9e109e1c10/572, E_0xba9e109e1c10/573, E_0xba9e109e1c10/574, E_0xba9e109e1c10/575, E_0xba9e109e1c10/576, E_0xba9e109e1c10/577, E_0xba9e109e1c10/578, E_0xba9e109e1c10/579, E_0xba9e109e1c10/580, E_0xba9e109e1c10/581, E_0xba9e109e1c10/582, E_0xba9e109e1c10/583, E_0xba9e109e1c10/584, E_0xba9e109e1c10/585, E_0xba9e109e1c10/586, E_0xba9e109e1c10/587, E_0xba9e109e1c10/588, E_0xba9e109e1c10/589, E_0xba9e109e1c10/590, E_0xba9e109e1c10/591, E_0xba9e109e1c10/592, E_0xba9e109e1c10/593, E_0xba9e109e1c10/594, E_0xba9e109e1c10/595, E_0xba9e109e1c10/596, E_0xba9e109e1c10/597, E_0xba9e109e1c10/598, E_0xba9e109e1c10/599, E_0xba9e109e1c10/600, E_0xba9e109e1c10/601, E_0xba9e109e1c10/602, E_0xba9e109e1c10/603, E_0xba9e109e1c10/604, E_0xba9e109e1c10/605, E_0xba9e109e1c10/606, E_0xba9e109e1c10/607, E_0xba9e109e1c10/608, E_0xba9e109e1c10/609, E_0xba9e109e1c10/610, E_0xba9e109e1c10/611, E_0xba9e109e1c10/612, E_0xba9e109e1c10/613, E_0xba9e109e1c10/614, E_0xba9e109e1c10/615, E_0xba9e109e1c10/616, E_0xba9e109e1c10/617, E_0xba9e109e1c10/618, E_0xba9e109e1c10/619, E_0xba9e109e1c10/620, E_0xba9e109e1c10/621, E_0xba9e109e1c10/622, E_0xba9e109e1c10/623, E_0xba9e109e1c10/624, E_0xba9e109e1c10/625, E_0xba9e109e1c10/626, E_0xba9e109e1c10/627, E_0xba9e109e1c10/628, E_0xba9e109e1c10/629, E_0xba9e109e1c10/630, E_0xba9e109e1c10/631, E_0xba9e109e1c10/632, E_0xba9e109e1c10/633, E_0xba9e109e1c10/634, E_0xba9e109e1c10/635, E_0xba9e109e1c10/636, E_0xba9e109e1c10/637, E_0xba9e109e1c10/638, E_0xba9e109e1c10/639, E_0xba9e109e1c10/640, E_0xba9e109e1c10/641, E_0xba9e109e1c10/642, E_0xba9e109e1c10/643, E_0xba9e109e1c10/644, E_0xba9e109e1c10/645, E_0xba9e109e1c10/646, E_0xba9e109e1c10/647, E_0xba9e109e1c10/648, E_0xba9e109e1c10/649, E_0xba9e109e1c10/650, E_0xba9e109e1c10/651, E_0xba9e109e1c10/652, E_0xba9e109e1c10/653, E_0xba9e109e1c10/654, E_0xba9e109e1c10/655, E_0xba9e109e1c10/656, E_0xba9e109e1c10/657, E_0xba9e109e1c10/658, E_0xba9e109e1c10/659, E_0xba9e109e1c10/660, E_0xba9e109e1c10/661, E_0xba9e109e1c10/662, E_0xba9e109e1c10/663, E_0xba9e109e1c10/664, E_0xba9e109e1c10/665, E_0xba9e109e1c10/666, E_0xba9e109e1c10/667, E_0xba9e109e1c10/668, E_0xba9e109e1c10/669, E_0xba9e109e1c10/670, E_0xba9e109e1c10/671, E_0xba9e109e1c10/672, E_0xba9e109e1c10/673, E_0xba9e109e1c10/674, E_0xba9e109e1c10/675, E_0xba9e109e1c10/676, E_0xba9e109e1c10/677, E_0xba9e109e1c10/678, E_0xba9e109e1c10/679, E_0xba9e109e1c10/680, E_0xba9e109e1c10/681, E_0xba9e109e1c10/682, E_0xba9e109e1c10/683, E_0xba9e109e1c10/684, E_0xba9e109e1c10/685, E_0xba9e109e1c10/686, E_0xba9e109e1c10/687, E_0xba9e109e1c10/688, E_0xba9e109e1c10/689, E_0xba9e109e1c10/690, E_0xba9e109e1c10/691, E_0xba9e109e1c10/692, E_0xba9e109e1c10/693, E_0xba9e109e1c10/694, E_0xba9e109e1c10/695, E_0xba9e109e1c10/696, E_0xba9e109e1c10/697, E_0xba9e109e1c10/698, E_0xba9e109e1c10/699, E_0xba9e109e1c10/700, E_0xba9e109e1c10/701, E_0xba9e109e1c10/702, E_0xba9e109e1c10/703, E_0xba9e109e1c10/704, E_0xba9e109e1c10/705, E_0xba9e109e1c10/706, E_0xba9e109e1c10/707, E_0xba9e109e1c10/708, E_0xba9e109e1c10/709, E_0xba9e109e1c10/710, E_0xba9e109e1c10/711, E_0xba9e109e1c10/712, E_0xba9e109e1c10/713, E_0xba9e109e1c10/714, E_0xba9e109e1c10/715, E_0xba9e109e1c10/716, E_0xba9e109e1c10/717, E_0xba9e109e1c10/718, E_0xba9e109e1c10/719, E_0xba9e109e1c10/720, E_0xba9e109e1c10/721, E_0xba9e109e1c10/722, E_0xba9e109e1c10/723, E_0xba9e109e1c10/724, E_0xba9e109e1c10/725, E_0xba9e109e1c10/726, E_0xba9e109e1c10/727, E_0xba9e109e1c10/728, E_0xba9e109e1c10/729, E_0xba9e109e1c10/730, E_0xba9e109e1c10/731, E_0xba9e109e1c10/732, E_0xba9e109e1c10/733, E_0xba9e109e1c10/734, E_0xba9e109e1c10/735, E_0xba9e109e1c10/736, E_0xba9e109e1c10/737, E_0xba9e109e1c10/738, E_0xba9e109e1c10/739, E_0xba9e109e1c10/740, E_0xba9e109e1c10/741, E_0xba9e109e1c10/742, E_0xba9e109e1c10/743, E_0xba9e109e1c10/744, E_0xba9e109e1c10/745, E_0xba9e109e1c10/746, E_0xba9e109e1c10/747, E_0xba9e109e1c10/748, E_0xba9e109e1c10/749, E_0xba9e109e1c10/750, E_0xba9e109e1c10/751, E_0xba9e109e1c10/752, E_0xba9e109e1c10/753, E_0xba9e109e1c10/754, E_0xba9e109e1c10/755, E_0xba9e109e1c10/756, E_0xba9e109e1c10/757, E_0xba9e109e1c10/758, E_0xba9e109e1c10/759, E_0xba9e109e1c10/760, E_0xba9e109e1c10/761, E_0xba9e109e1c10/762, E_0xba9e109e1c10/763, E_0xba9e109e1c10/764, E_0xba9e109e1c10/765, E_0xba9e109e1c10/766, E_0xba9e109e1c10/767, E_0xba9e109e1c10/768, E_0xba9e109e1c10/769, E_0xba9e109e1c10/770, E_0xba9e109e1c10/771, E_0xba9e109e1c10/772, E_0xba9e109e1c10/773, E_0xba9e109e1c10/774, E_0xba9e109e1c10/775, E_0xba9e109e1c10/776, E_0xba9e109e1c10/777, E_0xba9e109e1c10/778, E_0xba9e109e1c10/779, E_0xba9e109e1c10/780, E_0xba9e109e1c10/781, E_0xba9e109e1c10/782, E_0xba9e109e1c10/783, E_0xba9e109e1c10/784, E_0xba9e109e1c10/785, E_0xba9e109e1c10/786, E_0xba9e109e1c10/787, E_0xba9e109e1c10/788, E_0xba9e109e1c10/789, E_0xba9e109e1c10/790, E_0xba9e109e1c10/791, E_0xba9e109e1c10/792, E_0xba9e109e1c10/793, E_0xba9e109e1c10/794, E_0xba9e109e1c10/795, E_0xba9e109e1c10/796, E_0xba9e109e1c10/797, E_0xba9e109e1c10/798, E_0xba9e109e1c10/799, E_0xba9e109e1c10/800, E_0xba9e109e1c10/801, E_0xba9e109e1c10/802, E_0xba9e109e1c10/803, E_0xba9e109e1c10/804, E_0xba9e109e1c10/805, E_0xba9e109e1c10/806, E_0xba9e109e1c10/807, E_0xba9e109e1c10/808, E_0xba9e109e1c10/809, E_0xba9e109e1c10/810, E_0xba9e109e1c10/811, E_0xba9e109e1c10/812, E_0xba9e109e1c10/813, E_0xba9e109e1c10/814, E_0xba9e109e1c10/815, E_0xba9e109e1c10/816, E_0xba9e109e1c10/817, E_0xba9e109e1c10/818, E_0xba9e109e1c10/819, E_0xba9e109e1c10/820, E_0xba9e109e1c10/821, E_0xba9e109e1c10/822, E_0xba9e109e1c10/823, E_0xba9e109e1c10/824, E_0xba9e109e1c10/825, E_0xba9e109e1c10/826, E_0xba9e109e1c10/827, E_0xba9e109e1c10/828, E_0xba9e109e1c10/829, E_0xba9e109e1c10/830, E_0xba9e109e1c10/831, E_0xba9e109e1c10/832, E_0xba9e109e1c10/833, E_0xba9e109e1c10/834, E_0xba9e109e1c10/835, E_0xba9e109e1c10/836, E_0xba9e109e1c10/837, E_0xba9e109e1c10/838, E_0xba9e109e1c10/839, E_0xba9e109e1c10/840, E_0xba9e109e1c10/841, E_0xba9e109e1c10/842, E_0xba9e109e1c10/843, E_0xba9e109e1c10/844, E_0xba9e109e1c10/845, E_0xba9e109e1c10/846, E_0xba9e109e1c10/847, E_0xba9e109e1c10/848, E_0xba9e109e1c10/849, E_0xba9e109e1c10/850, E_0xba9e109e1c10/851, E_0xba9e109e1c10/852, E_0xba9e109e1c10/853, E_0xba9e109e1c10/854, E_0xba9e109e1c10/855, E_0xba9e109e1c10/856, E_0xba9e109e1c10/857, E_0xba9e109e1c10/858, E_0xba9e109e1c10/859, E_0xba9e109e1c10/860, E_0xba9e109e1c10/861, E_0xba9e109e1c10/862, E_0xba9e109e1c10/863, E_0xba9e109e1c10/864, E_0xba9e109e1c10/865, E_0xba9e109e1c10/866, E_0xba9e109e1c10/867, E_0xba9e109e1c10/868, E_0xba9e109e1c10/869, E_0xba9e109e1c10/870, E_0xba9e109e1c10/871, E_0xba9e109e1c10/872, E_0xba9e109e1c10/873, E_0xba9e109e1c10/874, E_0xba9e109e1c10/875, E_0xba9e109e1c10/876, E_0xba9e109e1c10/877, E_0xba9e109e1c10/878, E_0xba9e109e1c10/879, E_0xba9e109e1c10/880, E_0xba9e109e1c10/881, E_0xba9e109e1c10/882, E_0xba9e109e1c10/883, E_0xba9e109e1c10/884, E_0xba9e109e1c10/885, E_0xba9e109e1c10/886, E_0xba9e109e1c10/887, E_0xba9e109e1c10/888, E_0xba9e109e1c10/889, E_0xba9e109e1c10/890, E_0xba9e109e1c10/891, E_0xba9e109e1c10/892, E_0xba9e109e1c10/893, E_0xba9e109e1c10/894, E_0xba9e109e1c10/895, E_0xba9e109e1c10/896, E_0xba9e109e1c10/897, E_0xba9e109e1c10/898, E_0xba9e109e1c10/899, E_0xba9e109e1c10/900, E_0xba9e109e1c10/901, E_0xba9e109e1c10/902, E_0xba9e109e1c10/903, E_0xba9e109e1c10/904, E_0xba9e109e1c10/905, E_0xba9e109e1c10/906, E_0xba9e109e1c10/907, E_0xba9e109e1c10/908, E_0xba9e109e1c10/909, E_0xba9e109e1c10/910, E_0xba9e109e1c10/911, E_0xba9e109e1c10/912, E_0xba9e109e1c10/913, E_0xba9e109e1c10/914, E_0xba9e109e1c10/915, E_0xba9e109e1c10/916, E_0xba9e109e1c10/917, E_0xba9e109e1c10/918, E_0xba9e109e1c10/919, E_0xba9e109e1c10/920, E_0xba9e109e1c10/921, E_0xba9e109e1c10/922, E_0xba9e109e1c10/923, E_0xba9e109e1c10/924, E_0xba9e109e1c10/925, E_0xba9e109e1c10/926, E_0xba9e109e1c10/927, E_0xba9e109e1c10/928, E_0xba9e109e1c10/929, E_0xba9e109e1c10/930, E_0xba9e109e1c10/931, E_0xba9e109e1c10/932, E_0xba9e109e1c10/933, E_0xba9e109e1c10/934, E_0xba9e109e1c10/935, E_0xba9e109e1c10/936, E_0xba9e109e1c10/937, E_0xba9e109e1c10/938, E_0xba9e109e1c10/939, E_0xba9e109e1c10/940, E_0xba9e109e1c10/941, E_0xba9e109e1c10/942, E_0xba9e109e1c10/943, E_0xba9e109e1c10/944, E_0xba9e109e1c10/945, E_0xba9e109e1c10/946, E_0xba9e109e1c10/947, E_0xba9e109e1c10/948, E_0xba9e109e1c10/949, E_0xba9e109e1c10/950, E_0xba9e109e1c10/951, E_0xba9e109e1c10/952, E_0xba9e109e1c10/953, E_0xba9e109e1c10/954, E_0xba9e109e1c10/955, E_0xba9e109e1c10/956, E_0xba9e109e1c10/957, E_0xba9e109e1c10/958, E_0xba9e109e1c10/959, E_0xba9e109e1c10/960, E_0xba9e109e1c10/961, E_0xba9e109e1c10/962, E_0xba9e109e1c10/963, E_0xba9e109e1c10/964, E_0xba9e109e1c10/965, E_0xba9e109e1c10/966, E_0xba9e109e1c10/967, E_0xba9e109e1c10/968, E_0xba9e109e1c10/969, E_0xba9e109e1c10/970, E_0xba9e109e1c10/971, E_0xba9e109e1c10/972, E_0xba9e109e1c10/973, E_0xba9e109e1c10/974, E_0xba9e109e1c10/975, E_0xba9e109e1c10/976, E_0xba9e109e1c10/977, E_0xba9e109e1c10/978, E_0xba9e109e1c10/979, E_0xba9e109e1c10/980, E_0xba9e109e1c10/981, E_0xba9e109e1c10/982, E_0xba9e109e1c10/983, E_0xba9e109e1c10/984, E_0xba9e109e1c10/985, E_0xba9e109e1c10/986, E_0xba9e109e1c10/987, E_0xba9e109e1c10/988, E_0xba9e109e1c10/989, E_0xba9e109e1c10/990, E_0xba9e109e1c10/991, E_0xba9e109e1c10/992, E_0xba9e109e1c10/993, E_0xba9e109e1c10/994, E_0xba9e109e1c10/995, E_0xba9e109e1c10/996, E_0xba9e109e1c10/997, E_0xba9e109e1c10/998, E_0xba9e109e1c10/999, E_0xba9e109e1c10/1000, E_0xba9e109e1c10/1001, E_0xba9e109e1c10/1002, E_0xba9e109e1c10/1003, E_0xba9e109e1c10/1004, E_0xba9e109e1c10/1005, E_0xba9e109e1c10/1006, E_0xba9e109e1c10/1007, E_0xba9e109e1c10/1008, E_0xba9e109e1c10/1009, E_0xba9e109e1c10/1010, E_0xba9e109e1c10/1011, E_0xba9e109e1c10/1012, E_0xba9e109e1c10/1013, E_0xba9e109e1c10/1014, E_0xba9e109e1c10/1015, E_0xba9e109e1c10/1016, E_0xba9e109e1c10/1017, E_0xba9e109e1c10/1018, E_0xba9e109e1c10/1019, E_0xba9e109e1c10/1020, E_0xba9e109e1c10/1021, E_0xba9e109e1c10/1022, E_0xba9e109e1c10/1023, E_0xba9e109e1c10/1024, E_0xba9e109e1c10/1025, E_0xba9e109e1c10/1026, E_0xba9e109e1c10/1027, E_0xba9e109e1c10/1028, E_0xba9e109e1c10/1029, E_0xba9e109e1c10/1030, E_0xba9e109e1c10/1031, E_0xba9e109e1c10/1032, E_0xba9e109e1c10/1033, E_0xba9e109e1c10/1034, E_0xba9e109e1c10/1035, E_0xba9e109e1c10/1036, E_0xba9e109e1c10/1037, E_0xba9e109e1c10/1038, E_0xba9e109e1c10/1039, E_0xba9e109e1c10/1040, E_0xba9e109e1c10/1041, E_0xba9e109e1c10/1042, E_0xba9e109e1c10/1043, E_0xba9e109e1c10/1044, E_0xba9e109e1c10/1045, E_0xba9e109e1c10/1046, E_0xba9e109e1c10/1047, E_0xba9e109e1c10/1048, E_0xba9e109e1c10/1049, E_0xba9e109e1c10/1050, E_0xba9e109e1c10/1051, E_0xba9e109e1c10/1052, E_0xba9e109e1c10/1053, E_0xba9e109e1c10/1054, E_0xba9e109e1c10/1055, E_0xba9e109e1c10/1056, E_0xba9e109e1c10/1057, E_0xba9e109e1c10/1058, E_0xba9e109e1c10/1059, E_0xba9e109e1c10/1060, E_0xba9e109e1c10/1061, E_0xba9e109e1c10/1062, E_0xba9e109e1c10/1063, E_0xba9e109e1c10/1064, E_0xba9e109e1c10/1065, E_0xba9e109e1c10/1066, E_0xba9e109e1c10/1067, E_0xba9e109e1c10/1068, E_0xba9e109e1c10/1069, E_0xba9e109e1c10/1070, E_0xba9e109e1c10/1071, E_0xba9e109e1c10/1072, E_0xba9e109e1c10/1073, E_0xba9e109e1c10/1074, E_0xba9e109e1c10/1075, E_0xba9e109e1c10/1076, E_0xba9e109e1c10/1077, E_0xba9e109e1c10/1078, E_0xba9e109e1c10/1079, E_0xba9e109e1c10/1080, E_0xba9e109e1c10/1081, E_0xba9e109e1c10/1082, E_0xba9e109e1c10/1083, E_0xba9e109e1c10/1084, E_0xba9e109e1c10/1085, E_0xba9e109e1c10/1086, E_0xba9e109e1c10/1087, E_0xba9e109e1c10/1088, E_0xba9e109e1c10/1089, E_0xba9e109e1c10/1090, E_0xba9e109e1c10/1091, E_0xba9e109e1c10/1092, E_0xba9e109e1c10/1093, E_0xba9e109e1c10/1094, E_0xba9e109e1c10/1095, E_0xba9e109e1c10/1096, E_0xba9e109e1c10/1097, E_0xba9e109e1c10/1098, E_0xba9e109e1c10/1099, E_0xba9e109e1c10/1100, E_0xba9e109e1c10/1101, E_0xba9e109e1c10/1102, E_0xba9e109e1c10/1103, E_0xba9e109e1c10/1104, E_0xba9e109e1c10/1105, E_0xba9e109e1c10/1106, E_0xba9e109e1c10/1107, E_0xba9e109e1c10/1108, E_0xba9e109e1c10/1109, E_0xba9e109e1c10/1110, E_0xba9e109e1c10/1111, E_0xba9e109e1c10/1112, E_0xba9e109e1c10/1113, E_0xba9e109e1c10/1114, E_0xba9e109e1c10/1115, E_0xba9e109e1c10/1116, E_0xba9e109e1c10/1117, E_0xba9e109e1c10/1118, E_0xba9e109e1c10/1119, E_0xba9e109e1c10/1120, E_0xba9e109e1c10/1121, E_0xba9e109e1c10/1122, E_0xba9e109e1c10/1123, E_0xba9e109e1c10/1124, E_0xba9e109e1c10/1125, E_0xba9e109e1c10/1126, E_0xba9e109e1c10/1127, E_0xba9e109e1c10/1128, E_0xba9e109e1c10/1129, E_0xba9e109e1c10/1130, E_0xba9e109e1c10/1131, E_0xba9e109e1c10/1132, E_0xba9e109e1c10/1133, E_0xba9e109e1c10/1134, E_0xba9e109e1c10/1135, E_0xba9e109e1c10/1136, E_0xba9e109e1c10/1137, E_0xba9e109e1c10/1138, E_0xba9e109e1c10/1139, E_0xba9e109e1c10/1140, E_0xba9e109e1c10/1141, E_0xba9e109e1c10/1142, E_0xba9e109e1c10/1143, E_0xba9e109e1c10/1144, E_0xba9e109e1c10/1145, E_0xba9e109e1c10/1146, E_0xba9e109e1c10/1147, E_0xba9e109e1c10/1148, E_0xba9e109e1c10/1149, E_0xba9e109e1c10/1150, E_0xba9e109e1c10/1151, E_0xba9e109e1c10/1152, E_0xba9e109e1c10/1153, E_0xba9e109e1c10/1154, E_0xba9e109e1c10/1155, E_0xba9e109e1c10/1156, E_0xba9e109e1c10/1157, E_0xba9e109e1c10/1158, E_0xba9e109e1c10/1159, E_0xba9e109e1c10/1160, E_0xba9e109e1c10/1161, E_0xba9e109e1c10/1162, E_0xba9e109e1c10/1163, E_0xba9e109e1c10/1164, E_0xba9e109e1c10/1165, E_0xba9e109e1c10/1166, E_0xba9e109e1c10/1167, E_0xba9e109e1c10/1168, E_0xba9e109e1c10/1169, E_0xba9e109e1c10/1170, E_0xba9e109e1c10/1171, E_0xba9e109e1c10/1172, E_0xba9e109e1c10/1173, E_0xba9e109e1c10/1174, E_0xba9e109e1c10/1175, E_0xba9e109e1c10/1176, E_0xba9e109e1c10/1177, E_0xba9e109e1c10/1178, E_0xba9e109e1c10/1179, E_0xba9e109e1c10/1180, E_0xba9e109e1c10/1181, E_0xba9e109e1c10/1182, E_0xba9e109e1c10/1183, E_0xba9e109e1c10/1184, E_0xba9e109e1c10/1185, E_0xba9e109e1c10/1186, E_0xba9e109e1c10/1187, E_0xba9e109e1c10/1188, E_0xba9e109e1c10/1189, E_0xba9e109e1c10/1190, E_0xba9e109e1c10/1191, E_0xba9e109e1c10/1192, E_0xba9e109e1c10/1193, E_0xba9e109e1c10/1194, E_0xba9e109e1c10/1195, E_0xba9e109e1c10/1196, E_0xba9e109e1c10/1197, E_0xba9e109e1c10/1198, E_0xba9e109e1c10/1199, E_0xba9e109e1c10/1200, E_0xba9e109e1c10/1201, E_0xba9e109e1c10/1202, E_0xba9e109e1c10/1203, E_0xba9e109e1c10/1204, E_0xba9e109e1c10/1205, E_0xba9e109e1c10/1206, E_0xba9e109e1c10/1207, E_0xba9e109e1c10/1208, E_0xba9e109e1c10/1209, E_0xba9e109e1c10/1210, E_0xba9e109e1c10/1211, E_0xba9e109e1c10/1212, E_0xba9e109e1c10/1213, E_0xba9e109e1c10/1214, E_0xba9e109e1c10/1215, E_0xba9e109e1c10/1216, E_0xba9e109e1c10/1217, E_0xba9e109e1c10/1218, E_0xba9e109e1c10/1219, E_0xba9e109e1c10/1220, E_0xba9e109e1c10/1221, E_0xba9e109e1c10/1222, E_0xba9e109e1c10/1223, E_0xba9e109e1c10/1224, E_0xba9e109e1c10/1225, E_0xba9e109e1c10/1226, E_0xba9e109e1c10/1227, E_0xba9e109e1c10/1228, E_0xba9e109e1c10/1229, E_0xba9e109e1c10/1230, E_0xba9e109e1c10/1231, E_0xba9e109e1c10/1232, E_0xba9e109e1c10/1233, E_0xba9e109e1c10/1234, E_0xba9e109e1c10/1235, E_0xba9e109e1c10/1236, E_0xba9e109e1c10/1237, E_0xba9e109e1c10/1238, E_0xba9e109e1c10/1239, E_0xba9e109e1c10/1240, E_0xba9e109e1c10/1241, E_0xba9e109e1c10/1242, E_0xba9e109e1c10/1243, E_0xba9e109e1c10/1244, E_0xba9e109e1c10/1245, E_0xba9e109e1c10/1246, E_0xba9e109e1c10/1247, E_0xba9e109e1c10/1248, E_0xba9e109e1c10/1249, E_0xba9e109e1c10/1250, E_0xba9e109e1c10/1251, E_0xba9e109e1c10/1252, E_0xba9e109e1c10/1253, E_0xba9e109e1c10/1254, E_0xba9e109e1c10/1255, E_0xba9e109e1c10/1256, E_0xba9e109e1c10/1257, E_0xba9e109e1c10/1258, E_0xba9e109e1c10/1259, E_0xba9e109e1c10/1260, E_0xba9e109e1c10/1261, E_0xba9e109e1c10/1262, E_0xba9e109e1c10/1263, E_0xba9e109e1c10/1264, E_0xba9e109e1c10/1265, E_0xba9e109e1c10/1266, E_0xba9e109e1c10/1267, E_0xba9e109e1c10/1268, E_0xba9e109e1c10/1269, E_0xba9e109e1c10/1270, E_0xba9e109e1c10/1271, E_0xba9e109e1c10/1272, E_0xba9e109e1c10/1273, E_0xba9e109e1c10/1274, E_0xba9e109e1c10/1275, E_0xba9e109e1c10/1276, E_0xba9e109e1c10/1277, E_0xba9e109e1c10/1278, E_0xba9e109e1c10/1279, E_0xba9e109e1c10/1280, E_0xba9e109e1c10/1281, E_0xba9e109e1c10/1282, E_0xba9e109e1c10/1283, E_0xba9e109e1c10/1284, E_0xba9e109e1c10/1285, E_0xba9e109e1c10/1286, E_0xba9e109e1c10/1287, E_0xba9e109e1c10/1288, E_0xba9e109e1c10/1289, E_0xba9e109e1c10/1290, E_0xba9e109e1c10/1291, E_0xba9e109e1c10/1292, E_0xba9e109e1c10/1293, E_0xba9e109e1c10/1294, E_0xba9e109e1c10/1295, E_0xba9e109e1c10/1296, E_0xba9e109e1c10/1297, E_0xba9e109e1c10/1298, E_0xba9e109e1c10/1299, E_0xba9e109e1c10/1300, E_0xba9e109e1c10/1301, E_0xba9e109e1c10/1302, E_0xba9e109e1c10/1303, E_0xba9e109e1c10/1304, E_0xba9e109e1c10/1305, E_0xba9e109e1c10/1306, E_0xba9e109e1c10/1307, E_0xba9e109e1c10/1308, E_0xba9e109e1c10/1309, E_0xba9e109e1c10/1310, E_0xba9e109e1c10/1311, E_0xba9e109e1c10/1312, E_0xba9e109e1c10/1313, E_0xba9e109e1c10/1314, E_0xba9e109e1c10/1315, E_0xba9e109e1c10/1316, E_0xba9e109e1c10/1317, E_0xba9e109e1c10/1318, E_0xba9e109e1c10/1319, E_0xba9e109e1c10/1320, E_0xba9e109e1c10/1321, E_0xba9e109e1c10/1322, E_0xba9e109e1c10/1323, E_0xba9e109e1c10/1324, E_0xba9e109e1c10/1325, E_0xba9e109e1c10/1326, E_0xba9e109e1c10/1327, E_0xba9e109e1c10/1328, E_0xba9e109e1c10/1329, E_0xba9e109e1c10/1330, E_0xba9e109e1c10/1331, E_0xba9e109e1c10/1332, E_0xba9e109e1c10/1333, E_0xba9e109e1c10/1334, E_0xba9e109e1c10/1335, E_0xba9e109e1c10/1336, E_0xba9e109e1c10/1337, E_0xba9e109e1c10/1338, E_0xba9e109e1c10/1339, E_0xba9e109e1c10/1340, E_0xba9e109e1c10/1341, E_0xba9e109e1c10/1342, E_0xba9e109e1c10/1343, E_0xba9e109e1c10/1344, E_0xba9e109e1c10/1345, E_0xba9e109e1c10/1346, E_0xba9e109e1c10/1347, E_0xba9e109e1c10/1348, E_0xba9e109e1c10/1349, E_0xba9e109e1c10/1350, E_0xba9e109e1c10/1351, E_0xba9e109e1c10/1352, E_0xba9e109e1c10/1353, E_0xba9e109e1c10/1354, E_0xba9e109e1c10/1355, E_0xba9e109e1c10/1356, E_0xba9e109e1c10/1357, E_0xba9e109e1c10/1358, E_0xba9e109e1c10/1359, E_0xba9e109e1c10/1360, E_0xba9e109e1c10/1361, E_0xba9e109e1c10/1362, E_0xba9e109e1c10/1363, E_0xba9e109e1c10/1364, E_0xba9e109e1c10/1365, E_0xba9e109e1c10/1366, E_0xba9e109e1c10/1367, E_0xba9e109e1c10/1368, E_0xba9e109e1c10/1369, E_0xba9e109e1c10/1370, E_0xba9e109e1c10/1371, E_0xba9e109e1c10/1372, E_0xba9e109e1c10/1373, E_0xba9e109e1c10/1374, E_0xba9e109e1c10/1375, E_0xba9e109e1c10/1376, E_0xba9e109e1c10/1377, E_0xba9e109e1c10/1378, E_0xba9e109e1c10/1379, E_0xba9e109e1c10/1380, E_0xba9e109e1c10/1381, E_0xba9e109e1c10/1382, E_0xba9e109e1c10/1383, E_0xba9e109e1c10/1384, E_0xba9e109e1c10/1385, E_0xba9e109e1c10/1386, E_0xba9e109e1c10/1387, E_0xba9e109e1c10/1388, E_0xba9e109e1c10/1389, E_0xba9e109e1c10/1390, E_0xba9e109e1c10/1391, E_0xba9e109e1c10/1392, E_0xba9e109e1c10/1393, E_0xba9e109e1c10/1394, E_0xba9e109e1c10/1395, E_0xba9e109e1c10/1396, E_0xba9e109e1c10/1397, E_0xba9e109e1c10/1398, E_0xba9e109e1c10/1399, E_0xba9e109e1c10/1400, E_0xba9e109e1c10/1401, E_0xba9e109e1c10/1402, E_0xba9e109e1c10/1403, E_0xba9e109e1c10/1404, E_0xba9e109e1c10/1405, E_0xba9e109e1c10/1406, E_0xba9e109e1c10/1407, E_0xba9e109e1c10/1408, E_0xba9e109e1c10/1409, E_0xba9e109e1c10/1410, E_0xba9e109e1c10/1411, E_0xba9e109e1c10/1412, E_0xba9e109e1c10/1413, E_0xba9e109e1c10/1414, E_0xba9e109e1c10/1415, E_0xba9e109e1c10/1416, E_0xba9e109e1c10/1417, E_0xba9e109e1c10/1418, E_0xba9e109e1c10/1419, E_0xba9e109e1c10/1420, E_0xba9e109e1c10/1421, E_0xba9e109e1c10/1422, E_0xba9e109e1c10/1423, E_0xba9e109e1c10/1424, E_0xba9e109e1c10/1425, E_0xba9e109e1c10/1426, E_0xba9e109e1c10/1427, E_0xba9e109e1c10/1428, E_0xba9e109e1c10/1429, E_0xba9e109e1c10/1430, E_0xba9e109e1c10/1431, E_0xba9e109e1c10/1432, E_0xba9e109e1c10/1433, E_0xba9e109e1c10/1434, E_0xba9e109e1c10/1435, E_0xba9e109e1c10/1436, E_0xba9e109e1c10/1437, E_0xba9e109e1c10/1438, E_0xba9e109e1c10/1439, E_0xba9e109e1c10/1440, E_0xba9e109e1c10/1441, E_0xba9e109e1c10/1442, E_0xba9e109e1c10/1443, E_0xba9e109e1c10/1444, E_0xba9e109e1c10/1445, E_0xba9e109e1c10/1446, E_0xba9e109e1c10/1447, E_0xba9e109e1c10/1448, E_0xba9e109e1c10/1449, E_0xba9e109e1c10/1450, E_0xba9e109e1c10/1451, E_0xba9e109e1c10/1452, E_0xba9e109e1c10/1453, E_0xba9e109e1c10/1454, E_0xba9e109e1c10/1455, E_0xba9e109e1c10/1456, E_0xba9e109e1c10/1457, E_0xba9e109e1c10/1458, E_0xba9e109e1c10/1459, E_0xba9e109e1c10/1460, E_0xba9e109e1c10/1461, E_0xba9e109e1c10/1462, E_0xba9e109e1c10/1463, E_0xba9e109e1c10/1464, E_0xba9e109e1c10/1465, E_0xba9e109e1c10/1466, E_0xba9e109e1c10/1467, E_0xba9e109e1c10/1468, E_0xba9e109e1c10/1469, E_0xba9e109e1c10/1470, E_0xba9e109e1c10/1471, E_0xba9e109e1c10/1472, E_0xba9e109e1c10/1473, E_0xba9e109e1c10/1474, E_0xba9e109e1c10/1475, E_0xba9e109e1c10/1476, E_0xba9e109e1c10/1477, E_0xba9e109e1c10/1478, E_0xba9e109e1c10/1479, E_0xba9e109e1c10/1480, E_0xba9e109e1c10/1481, E_0xba9e109e1c10/1482, E_0xba9e109e1c10/1483, E_0xba9e109e1c10/1484, E_0xba9e109e1c10/1485, E_0xba9e109e1c10/1486, E_0xba9e109e1c10/1487, E_0xba9e109e1c10/1488, E_0xba9e109e1c10/1489, E_0xba9e109e1c10/1490, E_0xba9e109e1c10/1491, E_0xba9e109e1c10/1492, E_0xba9e109e1c10/1493, E_0xba9e109e1c10/1494, E_0xba9e109e1c10/1495, E_0xba9e109e1c10/1496, E_0xba9e109e1c10/1497, E_0xba9e109e1c10/1498, E_0xba9e109e1c10/1499, E_0xba9e109e1c10/1500, E_0xba9e109e1c10/1501, E_0xba9e109e1c10/1502, E_0xba9e109e1c10/1503, E_0xba9e109e1c10/1504, E_0xba9e109e1c10/1505, E_0xba9e109e1c10/1506, E_0xba9e109e1c10/1507, E_0xba9e109e1c10/1508, E_0xba9e109e1c10/1509, E_0xba9e109e1c10/1510, E_0xba9e109e1c10/1511, E_0xba9e109e1c10/1512, E_0xba9e109e1c10/1513, E_0xba9e109e1c10/1514, E_0xba9e109e1c10/1515, E_0xba9e109e1c10/1516, E_0xba9e109e1c10/1517, E_0xba9e109e1c10/1518, E_0xba9e109e1c10/1519, E_0xba9e109e1c10/1520, E_0xba9e109e1c10/1521, E_0xba9e109e1c10/1522, E_0xba9e109e1c10/1523, E_0xba9e109e1c10/1524, E_0xba9e109e1c10/1525, E_0xba9e109e1c10/1526, E_0xba9e109e1c10/1527, E_0xba9e109e1c10/1528, E_0xba9e109e1c10/1529, E_0xba9e109e1c10/1530, E_0xba9e109e1c10/1531, E_0xba9e109e1c10/1532, E_0xba9e109e1c10/1533, E_0xba9e109e1c10/1534, E_0xba9e109e1c10/1535, E_0xba9e109e1c10/1536, E_0xba9e109e1c10/1537, E_0xba9e109e1c10/1538, E_0xba9e109e1c10/1539, E_0xba9e109e1c10/1540, E_0xba9e109e1c10/1541, E_0xba9e109e1c10/1542, E_0xba9e109e1c10/1543, E_0xba9e109e1c10/1544, E_0xba9e109e1c10/1545, E_0xba9e109e1c10/1546, E_0xba9e109e1c10/1547, E_0xba9e109e1c10/1548, E_0xba9e109e1c10/1549, E_0xba9e109e1c10/1550, E_0xba9e109e1c10/1551, E_0xba9e109e1c10/1552, E_0xba9e109e1c10/1553, E_0xba9e109e1c10/1554, E_0xba9e109e1c10/1555, E_0xba9e109e1c10/1556, E_0xba9e109e1c10/1557, E_0xba9e109e1c10/1558, E_0xba9e109e1c10/1559, E_0xba9e109e1c10/1560, E_0xba9e109e1c10/1561, E_0xba9e109e1c10/1562, E_0xba9e109e1c10/1563, E_0xba9e109e1c10/1564, E_0xba9e109e1c10/1565, E_0xba9e109e1c10/1566, E_0xba9e109e1c10/1567, E_0xba9e109e1c10/1568, E_0xba9e109e1c10/1569, E_0xba9e109e1c10/1570, E_0xba9e109e1c10/1571, E_0xba9e109e1c10/1572, E_0xba9e109e1c10/1573, E_0xba9e109e1c10/1574, E_0xba9e109e1c10/1575, E_0xba9e109e1c10/1576, E_0xba9e109e1c10/1577, E_0xba9e109e1c10/1578, E_0xba9e109e1c10/1579, E_0xba9e109e1c10/1580, E_0xba9e109e1c10/1581, E_0xba9e109e1c10/1582, E_0xba9e109e1c10/1583, E_0xba9e109e1c10/1584, E_0xba9e109e1c10/1585, E_0xba9e109e1c10/1586, E_0xba9e109e1c10/1587, E_0xba9e109e1c10/1588, E_0xba9e109e1c10/1589, E_0xba9e109e1c10/1590, E_0xba9e109e1c10/1591, E_0xba9e109e1c10/1592, E_0xba9e109e1c10/1593, E_0xba9e109e1c10/1594, E_0xba9e109e1c10/1595, E_0xba9e109e1c10/1596, E_0xba9e109e1c10/1597, E_0xba9e109e1c10/1598, E_0xba9e109e1c10/1599, E_0xba9e109e1c10/1600, E_0xba9e109e1c10/1601, E_0xba9e109e1c10/1602, E_0xba9e109e1c10/1603, E_0xba9e109e1c10/1604, E_0xba9e109e1c10/1605, E_0xba9e109e1c10/1606, E_0xba9e109e1c10/1607, E_0xba9e109e1c10/1608, E_0xba9e109e1c10/1609, E_0xba9e109e1c10/1610, E_0xba9e109e1c10/1611, E_0xba9e109e1c10/1612, E_0xba9e109e1c10/1613, E_0xba9e109e1c10/1614, E_0xba9e109e1c10/1615, E_0xba9e109e1c10/1616, E_0xba9e109e1c10/1617, E_0xba9e109e1c10/1618, E_0xba9e109e1c10/1619, E_0xba9e109e1c10/1620, E_0xba9e109e1c10/1621, E_0xba9e109e1c10/1622, E_0xba9e109e1c10/1623, E_0xba9e109e1c10/1624, E_0xba9e109e1c10/1625, E_0xba9e109e1c10/1626, E_0xba9e109e1c10/1627, E_0xba9e109e1c10/1628, E_0xba9e109e1c10/1629, E_0xba9e109e1c10/1630, E_0xba9e109e1c10/1631, E_0xba9e109e1c10/1632, E_0xba9e109e1c10/1633, E_0xba9e109e1c10/1634, E_0xba9e109e1c10/1635, E_0xba9e109e1c10/1636, E_0xba9e109e1c10/1637, E_0xba9e109e1c10/1638, E_0xba9e109e1c10/1639, E_0xba9e109e1c10/1640, E_0xba9e109e1c10/1641, E_0xba9e109e1c10/1642, E_0xba9e109e1c10/1643, E_0xba9e109e1c10/1644, E_0xba9e109e1c10/1645, E_0xba9e109e1c10/1646, E_0xba9e109e1c10/1647, E_0xba9e109e1c10/1648, E_0xba9e109e1c10/1649, E_0xba9e109e1c10/1650, E_0xba9e109e1c10/1651, E_0xba9e109e1c10/1652, E_0xba9e109e1c10/1653, E_0xba9e109e1c10/1654, E_0xba9e109e1c10/1655, E_0xba9e109e1c10/1656, E_0xba9e109e1c10/1657, E_0xba9e109e1c10/1658, E_0xba9e109e1c10/1659, E_0xba9e109e1c10/1660, E_0xba9e109e1c10/1661, E_0xba9e109e1c10/1662, E_0xba9e109e1c10/1663, E_0xba9e109e1c10/1664, E_0xba9e109e1c10/1665, E_0xba9e109e1c10/1666, E_0xba9e109e1c10/1667, E_0xba9e109e1c10/1668, E_0xba9e109e1c10/1669, E_0xba9e109e1c10/1670, E_0xba9e109e1c10/1671, E_0xba9e109e1c10/1672, E_0xba9e109e1c10/1673, E_0xba9e109e1c10/1674, E_0xba9e109e1c10/1675, E_0xba9e109e1c10/1676, E_0xba9e109e1c10/1677, E_0xba9e109e1c10/1678, E_0xba9e109e1c10/1679, E_0xba9e109e1c10/1680, E_0xba9e109e1c10/1681, E_0xba9e109e1c10/1682, E_0xba9e109e1c10/1683, E_0xba9e109e1c10/1684, E_0xba9e109e1c10/1685, E_0xba9e109e1c10/1686, E_0xba9e109e1c10/1687, E_0xba9e109e1c10/1688, E_0xba9e109e1c10/1689, E_0xba9e109e1c10/1690, E_0xba9e109e1c10/1691, E_0xba9e109e1c10/1692, E_0xba9e109e1c10/1693, E_0xba9e109e1c10/1694, E_0xba9e109e1c10/1695, E_0xba9e109e1c10/1696, E_0xba9e109e1c10/1697, E_0xba9e109e1c10/1698, E_0xba9e109e1c10/1699, E_0xba9e109e1c10/1700, E_0xba9e109e1c10/1701, E_0xba9e109e1c10/1702, E_0xba9e109e1c10/1703, E_0xba9e109e1c10/1704, E_0xba9e109e1c10/1705, E_0xba9e109e1c10/1706, E_0xba9e109e1c10/1707, E_0xba9e109e1c10/1708, E_0xba9e109e1c10/1709, E_0xba9e109e1c10/1710, E_0xba9e109e1c10/1711, E_0xba9e109e1c10/1712, E_0xba9e109e1c10/1713, E_0xba9e109e1c10/1714, E_0xba9e109e1c10/1715, E_0xba9e109e1c10/1716, E_0xba9e109e1c10/1717, E_0xba9e109e1c10/1718, E_0xba9e109e1c10/1719, E_0xba9e109e1c10/1720, E_0xba9e109e1c10/1721, E_0xba9e109e1c10/1722, E_0xba9e109e1c10/1723, E_0xba9e109e1c10/1724, E_0xba9e109e1c10/1725, E_0xba9e109e1c10/1726, E_0xba9e109e1c10/1727, E_0xba9e109e1c10/1728, E_0xba9e109e1c10/1729, E_0xba9e109e1c10/1730, E_0xba9e109e1c10/1731, E_0xba9e109e1c10/1732, E_0xba9e109e1c10/1733, E_0xba9e109e1c10/1734, E_0xba9e109e1c10/1735, E_0xba9e109e1c10/1736, E_0xba9e109e1c10/1737, E_0xba9e109e1c10/1738, E_0xba9e109e1c10/1739, E_0xba9e109e1c10/1740, E_0xba9e109e1c10/1741, E_0xba9e109e1c10/1742, E_0xba9e109e1c10/1743, E_0xba9e109e1c10/1744, E_0xba9e109e1c10/1745, E_0xba9e109e1c10/1746, E_0xba9e109e1c10/1747, E_0xba9e109e1c10/1748, E_0xba9e109e1c10/1749, E_0xba9e109e1c10/1750, E_0xba9e109e1c10/1751, E_0xba9e109e1c10/1752, E_0xba9e109e1c10/1753, E_0xba9e109e1c10/1754, E_0xba9e109e1c10/1755, E_0xba9e109e1c10/1756, E_0xba9e109e1c10/1757, E_0xba9e109e1c10/1758, E_0xba9e109e1c10/1759, E_0xba9e109e1c10/1760, E_0xba9e109e1c10/1761, E_0xba9e109e1c10/1762, E_0xba9e109e1c10/1763, E_0xba9e109e1c10/1764, E_0xba9e109e1c10/1765, E_0xba9e109e1c10/1766, E_0xba9e109e1c10/1767, E_0xba9e109e1c10/1768, E_0xba9e109e1c10/1769, E_0xba9e109e1c10/1770, E_0xba9e109e1c10/1771, E_0xba9e109e1c10/1772, E_0xba9e109e1c10/1773, E_0xba9e109e1c10/1774, E_0xba9e109e1c10/1775, E_0xba9e109e1c10/1776, E_0xba9e109e1c10/1777, E_0xba9e109e1c10/1778, E_0xba9e109e1c10/1779, E_0xba9e109e1c10/1780, E_0xba9e109e1c10/1781, E_0xba9e109e1c10/1782, E_0xba9e109e1c10/1783, E_0xba9e109e1c10/1784, E_0xba9e109e1c10/1785, E_0xba9e109e1c10/1786, E_0xba9e109e1c10/1787, E_0xba9e109e1c10/1788, E_0xba9e109e1c10/1789, E_0xba9e109e1c10/1790, E_0xba9e109e1c10/1791, E_0xba9e109e1c10/1792, E_0xba9e109e1c10/1793, E_0xba9e109e1c10/1794, E_0xba9e109e1c10/1795, E_0xba9e109e1c10/1796, E_0xba9e109e1c10/1797, E_0xba9e109e1c10/1798, E_0xba9e109e1c10/1799, E_0xba9e109e1c10/1800, E_0xba9e109e1c10/1801, E_0xba9e109e1c10/1802, E_0xba9e109e1c10/1803, E_0xba9e109e1c10/1804, E_0xba9e109e1c10/1805, E_0xba9e109e1c10/1806, E_0xba9e109e1c10/1807, E_0xba9e109e1c10/1808, E_0xba9e109e1c10/1809, E_0xba9e109e1c10/1810, E_0xba9e109e1c10/1811, E_0xba9e109e1c10/1812, E_0xba9e109e1c10/1813, E_0xba9e109e1c10/1814, E_0xba9e109e1c10/1815, E_0xba9e109e1c10/1816, E_0xba9e109e1c10/1817, E_0xba9e109e1c10/1818, E_0xba9e109e1c10/1819, E_0xba9e109e1c10/1820, E_0xba9e109e1c10/1821, E_0xba9e109e1c10/1822, E_0xba9e109e1c10/1823, E_0xba9e109e1c10/1824, E_0xba9e109e1c10/1825, E_0xba9e109e1c10/1826, E_0xba9e109e1c10/1827, E_0xba9e109e1c10/1828, E_0xba9e109e1c10/1829, E_0xba9e109e1c10/1830, E_0xba9e109e1c10/1831, E_0xba9e109e1c10/1832, E_0xba9e109e1c10/1833, E_0xba9e109e1c10/1834, E_0xba9e109e1c10/1835, E_0xba9e109e1c10/1836, E_0xba9e109e1c10/1837, E_0xba9e109e1c10/1838, E_0xba9e109e1c10/1839, E_0xba9e109e1c10/1840, E_0xba9e109e1c10/1841, E_0xba9e109e1c10/1842, E_0xba9e109e1c10/1843, E_0xba9e109e1c10/1844, E_0xba9e109e1c10/1845, E_0xba9e109e1c10/1846, E_0xba9e109e1c10/1847, E_0xba9e109e1c10/1848, E_0xba9e109e1c10/1849, E_0xba9e109e1c10/1850, E_0xba9e109e1c10/1851, E_0xba9e109e1c10/1852, E_0xba9e109e1c10/1853, E_0xba9e109e1c10/1854, E_0xba9e109e1c10/1855, E_0xba9e109e1c10/1856, E_0xba9e109e1c10/1857, E_0xba9e109e1c10/1858, E_0xba9e109e1c10/1859, E_0xba9e109e1c10/1860, E_0xba9e109e1c10/1861, E_0xba9e109e1c10/1862, E_0xba9e109e1c10/1863, E_0xba9e109e1c10/1864, E_0xba9e109e1c10/1865, E_0xba9e109e1c10/1866, E_0xba9e109e1c10/1867, E_0xba9e109e1c10/1868, E_0xba9e109e1c10/1869, E_0xba9e109e1c10/1870, E_0xba9e109e1c10/1871, E_0xba9e109e1c10/1872, E_0xba9e109e1c10/1873, E_0xba9e109e1c10/1874, E_0xba9e109e1c10/1875, E_0xba9e109e1c10/1876, E_0xba9e109e1c10/1877, E_0xba9e109e1c10/1878, E_0xba9e109e1c10/1879, E_0xba9e109e1c10/1880, E_0xba9e109e1c10/1881, E_0xba9e109e1c10/1882, E_0xba9e109e1c10/1883, E_0xba9e109e1c10/1884, E_0xba9e109e1c10/1885, E_0xba9e109e1c10/1886, E_0xba9e109e1c10/1887, E_0xba9e109e1c10/1888, E_0xba9e109e1c10/1889, E_0xba9e109e1c10/1890, E_0xba9e109e1c10/1891, E_0xba9e109e1c10/1892, E_0xba9e109e1c10/1893, E_0xba9e109e1c10/1894, E_0xba9e109e1c10/1895, E_0xba9e109e1c10/1896, E_0xba9e109e1c10/1897, E_0xba9e109e1c10/1898, E_0xba9e109e1c10/1899, E_0xba9e109e1c10/1900, E_0xba9e109e1c10/1901, E_0xba9e109e1c10/1902, E_0xba9e109e1c10/1903, E_0xba9e109e1c10/1904, E_0xba9e109e1c10/1905, E_0xba9e109e1c10/1906, E_0xba9e109e1c10/1907, E_0xba9e109e1c10/1908, E_0xba9e109e1c10/1909, E_0xba9e109e1c10/1910, E_0xba9e109e1c10/1911, E_0xba9e109e1c10/1912, E_0xba9e109e1c10/1913, E_0xba9e109e1c10/1914, E_0xba9e109e1c10/1915, E_0xba9e109e1c10/1916, E_0xba9e109e1c10/1917, E_0xba9e109e1c10/1918, E_0xba9e109e1c10/1919, E_0xba9e109e1c10/1920, E_0xba9e109e1c10/1921, E_0xba9e109e1c10/1922, E_0xba9e109e1c10/1923, E_0xba9e109e1c10/1924, E_0xba9e109e1c10/1925, E_0xba9e109e1c10/1926, E_0xba9e109e1c10/1927, E_0xba9e109e1c10/1928, E_0xba9e109e1c10/1929, E_0xba9e109e1c10/1930, E_0xba9e109e1c10/1931, E_0xba9e109e1c10/1932, E_0xba9e109e1c10/1933, E_0xba9e109e1c10/1934, E_0xba9e109e1c10/1935, E_0xba9e109e1c10/1936, E_0xba9e109e1c10/1937, E_0xba9e109e1c10/1938, E_0xba9e109e1c10/1939, E_0xba9e109e1c10/1940, E_0xba9e109e1c10/1941, E_0xba9e109e1c10/1942, E_0xba9e109e1c10/1943, E_0xba9e109e1c10/1944, E_0xba9e109e1c10/1945, E_0xba9e109e1c10/1946, E_0xba9e109e1c10/1947, E_0xba9e109e1c10/1948, E_0xba9e109e1c10/1949, E_0xba9e109e1c10/1950, E_0xba9e109e1c10/1951, E_0xba9e109e1c10/1952, E_0xba9e109e1c10/1953, E_0xba9e109e1c10/1954, E_0xba9e109e1c10/1955, E_0xba9e109e1c10/1956, E_0xba9e109e1c10/1957, E_0xba9e109e1c10/1958, E_0xba9e109e1c10/1959, E_0xba9e109e1c10/1960, E_0xba9e109e1c10/1961, E_0xba9e109e1c10/1962, E_0xba9e109e1c10/1963, E_0xba9e109e1c10/1964, E_0xba9e109e1c10/1965, E_0xba9e109e1c10/1966, E_0xba9e109e1c10/1967, E_0xba9e109e1c10/1968, E_0xba9e109e1c10/1969, E_0xba9e109e1c10/1970, E_0xba9e109e1c10/1971, E_0xba9e109e1c10/1972, E_0xba9e109e1c10/1973, E_0xba9e109e1c10/1974, E_0xba9e109e1c10/1975, E_0xba9e109e1c10/1976, E_0xba9e109e1c10/1977, E_0xba9e109e1c10/1978, E_0xba9e109e1c10/1979, E_0xba9e109e1c10/1980, E_0xba9e109e1c10/1981, E_0xba9e109e1c10/1982, E_0xba9e109e1c10/1983, E_0xba9e109e1c10/1984, E_0xba9e109e1c10/1985, E_0xba9e109e1c10/1986, E_0xba9e109e1c10/1987, E_0xba9e109e1c10/1988, E_0xba9e109e1c10/1989, E_0xba9e109e1c10/1990, E_0xba9e109e1c10/1991, E_0xba9e109e1c10/1992, E_0xba9e109e1c10/1993, E_0xba9e109e1c10/1994, E_0xba9e109e1c10/1995, E_0xba9e109e1c10/1996, E_0xba9e109e1c10/1997, E_0xba9e109e1c10/1998, E_0xba9e109e1c10/1999, E_0xba9e109e1c10/2000, E_0xba9e109e1c10/2001, E_0xba9e109e1c10/2002, E_0xba9e109e1c10/2003, E_0xba9e109e1c10/2004, E_0xba9e109e1c10/2005, E_0xba9e109e1c10/2006, E_0xba9e109e1c10/2007, E_0xba9e109e1c10/2008, E_0xba9e109e1c10/2009, E_0xba9e109e1c10/2010, E_0xba9e109e1c10/2011, E_0xba9e109e1c10/2012, E_0xba9e109e1c10/2013, E_0xba9e109e1c10/2014, E_0xba9e109e1c10/2015, E_0xba9e109e1c10/2016, E_0xba9e109e1c10/2017, E_0xba9e109e1c10/2018, E_0xba9e109e1c10/2019, E_0xba9e109e1c10/2020, E_0xba9e109e1c10/2021, E_0xba9e109e1c10/2022, E_0xba9e109e1c10/2023, E_0xba9e109e1c10/2024, E_0xba9e109e1c10/2025, E_0xba9e109e1c10/2026, E_0xba9e109e1c10/2027, E_0xba9e109e1c10/2028, E_0xba9e109e1c10/2029, E_0xba9e109e1c10/2030, E_0xba9e109e1c10/2031, E_0xba9e109e1c10/2032, E_0xba9e109e1c10/2033, E_0xba9e109e1c10/2034, E_0xba9e109e1c10/2035, E_0xba9e109e1c10/2036, E_0xba9e109e1c10/2037, E_0xba9e109e1c10/2038, E_0xba9e109e1c10/2039, E_0xba9e109e1c10/2040, E_0xba9e109e1c10/2041, E_0xba9e109e1c10/2042, E_0xba9e109e1c10/2043, E_0xba9e109e1c10/2044, E_0xba9e109e1c10/2045, E_0xba9e109e1c10/2046, E_0xba9e109e1c10/2047, E_0xba9e109e1c10/2048, E_0xba9e109e1c10/2049, E_0xba9e109e1c10/2050;
E_0xba9e109a8840/0 .event anyedge, v0xba9e10a6f0e0_0, v0xba9e10a6f1c0_0, v0xba9e10a6f1c0_0, v0xba9e10a6f1c0_0;
E_0xba9e109a8840/1 .event anyedge, v0xba9e10a6f1c0_0, v0xba9e10a6f1c0_0, v0xba9e10a6f1c0_0, v0xba9e10a6f1c0_0;
E_0xba9e109a8840/2 .event anyedge, v0xba9e10a6f1c0_0;
E_0xba9e109a8840 .event/or E_0xba9e109a8840/0, E_0xba9e109a8840/1, E_0xba9e109a8840/2;
L_0xba9e10dd38c0 .reduce/nor L_0xba9e109d63d0;
L_0xba9e10dd3a60 .ufunc/vec4 TD_top_level.u_engine.u_colour_bram.byte_off, 3, L_0xba9e109f9870, L_0xba9e109e1910 (v0xba9e10a58270_0, v0xba9e10a58330_0) S_0xba9e10a2e140;
S_0xba9e10a2e140 .scope function.vec4.s3, "byte_off" "byte_off" 7 32, 7 32 0, S_0xba9e10a2de50;
 .timescale 0 0;
; Variable byte_off is vec4 return value of scope S_0xba9e10a2e140
v0xba9e10a58190_0 .var "ta", 15 0;
v0xba9e10a58270_0 .var "x", 8 0;
v0xba9e10a58330_0 .var "y", 8 0;
TD_top_level.u_engine.u_colour_bram.byte_off ;
    %load/vec4 v0xba9e10a58330_0;
    %parti/s 4, 4, 4;
    %load/vec4 v0xba9e10a58270_0;
    %parti/s 4, 4, 4;
    %concat/vec4; draw_concat_vec4
    %load/vec4 v0xba9e10a58330_0;
    %parti/s 4, 0, 2;
    %concat/vec4; draw_concat_vec4
    %load/vec4 v0xba9e10a58270_0;
    %parti/s 4, 0, 2;
    %concat/vec4; draw_concat_vec4
    %store/vec4 v0xba9e10a58190_0, 0, 16;
    %load/vec4 v0xba9e10a58190_0;
    %parti/s 3, 0, 2;
    %ret/vec4 0, 0, 3;  Assign to byte_off (store_vec4_to_lval)
    %disable/flow S_0xba9e10a2e140;
    %end;
S_0xba9e10a05960 .scope function.vec4.s13, "word_addr" "word_addr" 7 26, 7 26 0, S_0xba9e10a2de50;
 .timescale 0 0;
v0xba9e10a05b60_0 .var "ta", 15 0;
; Variable word_addr is vec4 return value of scope S_0xba9e10a05960
v0xba9e10a05d40_0 .var "x", 8 0;
v0xba9e10a58410_0 .var "y", 8 0;
TD_top_level.u_engine.u_colour_bram.word_addr ;
    %load/vec4 v0xba9e10a58410_0;
    %parti/s 4, 4, 4;
    %load/vec4 v0xba9e10a05d40_0;
    %parti/s 4, 4, 4;
    %concat/vec4; draw_concat_vec4
    %load/vec4 v0xba9e10a58410_0;
    %parti/s 4, 0, 2;
    %concat/vec4; draw_concat_vec4
    %load/vec4 v0xba9e10a05d40_0;
    %parti/s 4, 0, 2;
    %concat/vec4; draw_concat_vec4
    %store/vec4 v0xba9e10a05b60_0, 0, 16;
    %load/vec4 v0xba9e10a05b60_0;
    %parti/s 13, 3, 3;
    %ret/vec4 0, 0, 13;  Assign to word_addr (store_vec4_to_lval)
    %disable/flow S_0xba9e10a05960;
    %end;
S_0xba9e10da6160 .scope module, "u_comparator" "comparator" 6 201, 8 4 0, S_0xba9e10c91550;
 .timescale 0 0;
    .port_info 0 /INPUT 1 "clk";
    .port_info 1 /INPUT 1 "rst";
    .port_info 2 /INPUT 1 "sched_reset";
    .port_info 3 /INPUT 9 "top_left_x";
    .port_info 4 /INPUT 9 "top_left_y";
    .port_info 5 /INPUT 9 "quad_size";
    .port_info 6 /INPUT 11 "expected_count";
    .port_info 7 /INPUT 1 "comp_valid";
    .port_info 8 /INPUT 22 "comp_data";
    .port_info 9 /OUTPUT 1 "comp_pop";
    .port_info 10 /OUTPUT 6 "ref_colour_o";
    .port_info 11 /OUTPUT 1 "differ";
    .port_info 12 /OUTPUT 1 "complete";
L_0xba9e10dd1c40 .functor AND 1, L_0xba9e10dd1ab0, L_0xba9e10dd1cb0, C4<1>, C4<1>;
L_0xba9e10dd1ee0 .functor AND 1, L_0xba9e10dd1c40, L_0xba9e10dd1df0, C4<1>, C4<1>;
L_0xba9e10dd2090 .functor AND 1, L_0xba9e10dd1ee0, L_0xba9e10dd2270, C4<1>, C4<1>;
L_0xba9e10dd2360 .functor BUFZ 1, L_0xba9e10dd3700, C4<0>, C4<0>, C4<0>;
v0xba9e10da6430_0 .net *"_ivl_10", 0 0, L_0xba9e10dd1cb0;  1 drivers
v0xba9e10da64f0_0 .net *"_ivl_13", 0 0, L_0xba9e10dd1c40;  1 drivers
v0xba9e10da65b0_0 .net *"_ivl_14", 0 0, L_0xba9e10dd1df0;  1 drivers
v0xba9e10da6650_0 .net *"_ivl_17", 0 0, L_0xba9e10dd1ee0;  1 drivers
v0xba9e10da6710_0 .net *"_ivl_18", 8 0, L_0xba9e10dd1ff0;  1 drivers
v0xba9e10da6840_0 .net *"_ivl_20", 0 0, L_0xba9e10dd2270;  1 drivers
v0xba9e10da6900_0 .net *"_ivl_6", 0 0, L_0xba9e10dd1ab0;  1 drivers
v0xba9e10da69c0_0 .net *"_ivl_8", 8 0, L_0xba9e10dd1ba0;  1 drivers
v0xba9e10da6aa0_0 .net "clk", 0 0, o0xba9e10c94c68;  alias, 0 drivers
v0xba9e10da6b40_0 .net "comp_data", 21 0, L_0xba9e10dd30d0;  alias, 1 drivers
v0xba9e10da6c20_0 .net "comp_pop", 0 0, L_0xba9e10dd2360;  alias, 1 drivers
v0xba9e10da6ce0_0 .net "comp_valid", 0 0, L_0xba9e10dd3700;  alias, 1 drivers
v0xba9e10da6da0_0 .var "complete", 0 0;
v0xba9e10da6e60_0 .var "differ", 0 0;
v0xba9e10da6f20_0 .net "entry_colour", 3 0, L_0xba9e10dd1a10;  1 drivers
v0xba9e10da7000_0 .net "entry_x", 8 0, L_0xba9e10dd18d0;  1 drivers
v0xba9e10da70e0_0 .net "entry_y", 8 0, L_0xba9e10dd1970;  1 drivers
v0xba9e10da72d0_0 .net "expected_count", 10 0, v0xba9e10db2a70_0;  alias, 1 drivers
v0xba9e10da73b0_0 .net "in_bounds", 0 0, L_0xba9e10dd2090;  1 drivers
v0xba9e10da7470_0 .net "quad_size", 8 0, v0xba9e10db2d50_0;  alias, 1 drivers
v0xba9e10da7550_0 .var "ref_colour", 3 0;
v0xba9e10da7630_0 .var "ref_colour_o", 5 0;
v0xba9e10da7710_0 .var "ref_valid", 0 0;
v0xba9e10da77d0_0 .net "rst", 0 0, L_0xba9e10a5da50;  alias, 1 drivers
v0xba9e10da7870_0 .net "sched_reset", 0 0, v0xba9e10db3210_0;  alias, 1 drivers
v0xba9e10da7910_0 .var "seen_count", 10 0;
v0xba9e10da79f0_0 .net "top_left_x", 8 0, v0xba9e10db35d0_0;  alias, 1 drivers
v0xba9e10da7ad0_0 .net "top_left_y", 8 0, v0xba9e10db36c0_0;  alias, 1 drivers
L_0xba9e10dd18d0 .part L_0xba9e10dd30d0, 0, 9;
L_0xba9e10dd1970 .part L_0xba9e10dd30d0, 9, 9;
L_0xba9e10dd1a10 .part L_0xba9e10dd30d0, 18, 4;
L_0xba9e10dd1ab0 .cmp/ge 9, L_0xba9e10dd18d0, v0xba9e10db35d0_0;
L_0xba9e10dd1ba0 .arith/sum 9, v0xba9e10db35d0_0, v0xba9e10db2d50_0;
L_0xba9e10dd1cb0 .cmp/gt 9, L_0xba9e10dd1ba0, L_0xba9e10dd18d0;
L_0xba9e10dd1df0 .cmp/ge 9, L_0xba9e10dd1970, v0xba9e10db36c0_0;
L_0xba9e10dd1ff0 .arith/sum 9, v0xba9e10db36c0_0, v0xba9e10db2d50_0;
L_0xba9e10dd2270 .cmp/gt 9, L_0xba9e10dd1ff0, L_0xba9e10dd1970;
S_0xba9e10da7d50 .scope module, "u_complete_queue_handler" "complete_queue_handler" 6 233, 9 5 0, S_0xba9e10c91550;
 .timescale 0 0;
    .port_info 0 /INPUT 1 "clk";
    .port_info 1 /INPUT 1 "rst";
    .port_info 2 /INPUT 1 "done";
    .port_info 3 /INPUT 9 "iter_x";
    .port_info 4 /INPUT 9 "iter_y";
    .port_info 5 /INPUT 4 "iter_colour";
    .port_info 6 /INPUT 1 "comp_pop";
    .port_info 7 /OUTPUT 1 "comp_valid";
    .port_info 8 /OUTPUT 22 "comp_data";
    .port_info 9 /OUTPUT 1 "full_err";
L_0xba9e10dd3590 .functor AND 1, L_0xba9e10dd11c0, L_0xba9e10dd3460, C4<1>, C4<1>;
L_0xba9e10dd3690 .functor AND 1, L_0xba9e10dd11c0, L_0xba9e10dd2ce0, C4<1>, C4<1>;
v0xba9e10da9f70_0 .net *"_ivl_3", 0 0, L_0xba9e10dd3460;  1 drivers
v0xba9e10daa050_0 .net "clk", 0 0, o0xba9e10c94c68;  alias, 0 drivers
v0xba9e10daa110_0 .net "comp_data", 21 0, L_0xba9e10dd30d0;  alias, 1 drivers
v0xba9e10daa1e0_0 .net "comp_pop", 0 0, L_0xba9e10dd2360;  alias, 1 drivers
v0xba9e10daa280_0 .net "comp_valid", 0 0, L_0xba9e10dd3700;  alias, 1 drivers
v0xba9e10daa320_0 .net "done", 0 0, L_0xba9e10dd11c0;  alias, 1 drivers
v0xba9e10daa3c0_0 .net "full_err", 0 0, L_0xba9e10dd3690;  1 drivers
v0xba9e10daa460_0 .net "iter_colour", 3 0, L_0xba9e10dd17c0;  alias, 1 drivers
v0xba9e10daa540_0 .net "iter_x", 8 0, L_0xba9e10dd12b0;  alias, 1 drivers
v0xba9e10daa6b0_0 .net "iter_y", 8 0, L_0xba9e10dd1410;  alias, 1 drivers
v0xba9e10daa790_0 .net "q_data_in", 21 0, L_0xba9e10dd32a0;  1 drivers
v0xba9e10daa850_0 .net "q_empty", 0 0, L_0xba9e10dd2d80;  1 drivers
v0xba9e10daa940_0 .net "q_full", 0 0, L_0xba9e10dd2ce0;  1 drivers
v0xba9e10daaa30_0 .net "q_push", 0 0, L_0xba9e10dd3590;  1 drivers
v0xba9e10daab20_0 .net "rst", 0 0, L_0xba9e10a5da50;  alias, 1 drivers
L_0xba9e10dd32a0 .concat [ 9 9 4 0], L_0xba9e10dd12b0, L_0xba9e10dd1410, L_0xba9e10dd17c0;
L_0xba9e10dd3460 .reduce/nor L_0xba9e10dd2ce0;
L_0xba9e10dd3700 .reduce/nor L_0xba9e10dd2d80;
S_0xba9e10da8030 .scope module, "u_complete_queue" "complete_queue" 9 28, 10 3 0, S_0xba9e10da7d50;
 .timescale 0 0;
    .port_info 0 /INPUT 1 "clk";
    .port_info 1 /INPUT 1 "rst";
    .port_info 2 /INPUT 1 "push";
    .port_info 3 /INPUT 22 "data_in";
    .port_info 4 /INPUT 1 "pop";
    .port_info 5 /OUTPUT 22 "data_out";
    .port_info 6 /OUTPUT 1 "full";
    .port_info 7 /OUTPUT 1 "empty";
v0xba9e10da9910_0 .net "clk", 0 0, o0xba9e10c94c68;  alias, 0 drivers
v0xba9e10da99d0_0 .net "data_in", 21 0, L_0xba9e10dd32a0;  alias, 1 drivers
v0xba9e10da9a90_0 .net "data_out", 21 0, L_0xba9e10dd30d0;  alias, 1 drivers
v0xba9e10da9b30_0 .net "empty", 0 0, L_0xba9e10dd2d80;  alias, 1 drivers
v0xba9e10da9bd0_0 .net "full", 0 0, L_0xba9e10dd2ce0;  alias, 1 drivers
v0xba9e10da9c70_0 .net "pop", 0 0, L_0xba9e10dd2360;  alias, 1 drivers
v0xba9e10da9d60_0 .net "push", 0 0, L_0xba9e10dd3590;  alias, 1 drivers
v0xba9e10da9e00_0 .net "rst", 0 0, L_0xba9e10a5da50;  alias, 1 drivers
S_0xba9e10da8350 .scope module, "u_fifo" "fifo" 10 22, 11 4 0, S_0xba9e10da8030;
 .timescale 0 0;
    .port_info 0 /INPUT 1 "clk";
    .port_info 1 /INPUT 1 "rst";
    .port_info 2 /INPUT 1 "flush";
    .port_info 3 /INPUT 1 "push";
    .port_info 4 /INPUT 22 "data_in";
    .port_info 5 /INPUT 1 "pop";
    .port_info 6 /OUTPUT 22 "data_out";
    .port_info 7 /OUTPUT 1 "full";
    .port_info 8 /OUTPUT 1 "empty";
P_0xba9e10da8550 .param/l "DATA_WIDTH" 0 11 5, +C4<00000000000000000000000000010110>;
P_0xba9e10da8590 .param/l "DEPTH" 0 11 6, +C4<00000000000000000000000000100000>;
P_0xba9e10da85d0 .param/l "PTR_W" 1 11 22, +C4<00000000000000000000000000000101>;
L_0xba9e10dd30d0 .functor BUFZ 22, L_0xba9e10dd2ec0, C4<0000000000000000000000>, C4<0000000000000000000000>, C4<0000000000000000000000>;
L_0xfaeca83f75b8 .functor BUFT 1, C4<100000>, C4<0>, C4<0>, C4<0>;
v0xba9e10da8840_0 .net/2u *"_ivl_0", 5 0, L_0xfaeca83f75b8;  1 drivers
v0xba9e10da8940_0 .net *"_ivl_10", 6 0, L_0xba9e10dd2f60;  1 drivers
L_0xfaeca83f7648 .functor BUFT 1, C4<00>, C4<0>, C4<0>, C4<0>;
v0xba9e10da8a20_0 .net *"_ivl_13", 1 0, L_0xfaeca83f7648;  1 drivers
L_0xfaeca83f7600 .functor BUFT 1, C4<000000>, C4<0>, C4<0>, C4<0>;
v0xba9e10da8ae0_0 .net/2u *"_ivl_4", 5 0, L_0xfaeca83f7600;  1 drivers
v0xba9e10da8bc0_0 .net *"_ivl_8", 21 0, L_0xba9e10dd2ec0;  1 drivers
v0xba9e10da8cf0_0 .net "clk", 0 0, o0xba9e10c94c68;  alias, 0 drivers
v0xba9e10da8d90_0 .var "count", 5 0;
v0xba9e10da8e70_0 .net "data_in", 21 0, L_0xba9e10dd32a0;  alias, 1 drivers
v0xba9e10da8f50_0 .net "data_out", 21 0, L_0xba9e10dd30d0;  alias, 1 drivers
v0xba9e10da9010_0 .net "empty", 0 0, L_0xba9e10dd2d80;  alias, 1 drivers
L_0xfaeca83f7690 .functor BUFT 1, C4<0>, C4<0>, C4<0>, C4<0>;
v0xba9e10da90b0_0 .net "flush", 0 0, L_0xfaeca83f7690;  1 drivers
v0xba9e10da9170_0 .net "full", 0 0, L_0xba9e10dd2ce0;  alias, 1 drivers
v0xba9e10da9230_0 .var "head", 4 0;
v0xba9e10da9310 .array "mem", 31 0, 21 0;
v0xba9e10da93d0_0 .net "pop", 0 0, L_0xba9e10dd2360;  alias, 1 drivers
v0xba9e10da9470_0 .net "push", 0 0, L_0xba9e10dd3590;  alias, 1 drivers
v0xba9e10da9510_0 .net "rst", 0 0, L_0xba9e10a5da50;  alias, 1 drivers
v0xba9e10da96c0_0 .var "tail", 4 0;
L_0xba9e10dd2ce0 .cmp/eq 6, v0xba9e10da8d90_0, L_0xfaeca83f75b8;
L_0xba9e10dd2d80 .cmp/eq 6, v0xba9e10da8d90_0, L_0xfaeca83f7600;
L_0xba9e10dd2ec0 .array/port v0xba9e10da9310, L_0xba9e10dd2f60;
L_0xba9e10dd2f60 .concat [ 5 2 0 0], v0xba9e10da96c0_0, L_0xfaeca83f7648;
S_0xba9e10daad90 .scope module, "u_control_unit" "control_unit" 6 146, 12 16 0, S_0xba9e10c91550;
 .timescale -9 -12;
    .port_info 0 /INPUT 1 "clk";
    .port_info 1 /INPUT 1 "rst";
    .port_info 2 /INPUT 5 "equation_id";
    .port_info 3 /INPUT 32 "centre_x";
    .port_info 4 /INPUT 32 "centre_y";
    .port_info 5 /INPUT 32 "zoom_level";
    .port_info 6 /INPUT 12 "max_iter";
    .port_info 7 /INPUT 10 "x_offset";
    .port_info 8 /INPUT 10 "y_offset";
    .port_info 9 /OUTPUT 1 "wants_job";
    .port_info 10 /INPUT 1 "grant";
    .port_info 11 /INPUT 18 "coord_out";
    .port_info 12 /OUTPUT 1 "done";
    .port_info 13 /OUTPUT 9 "iter_x";
    .port_info 14 /OUTPUT 9 "iter_y";
    .port_info 15 /OUTPUT 4 "iter_colour";
    .port_info 16 /OUTPUT 9 "cu_rd_x";
    .port_info 17 /OUTPUT 9 "cu_rd_y";
    .port_info 18 /OUTPUT 1 "cu_rd_en";
    .port_info 19 /INPUT 8 "cu_rd_data";
    .port_info 20 /OUTPUT 9 "cu_wr_x";
    .port_info 21 /OUTPUT 9 "cu_wr_y";
    .port_info 22 /OUTPUT 1 "cu_wr_en";
    .port_info 23 /OUTPUT 8 "cu_wr_data";
    .port_info 24 /OUTPUT 9 "sb_x";
    .port_info 25 /OUTPUT 9 "sb_y";
    .port_info 26 /OUTPUT 1 "sb_rd";
    .port_info 27 /OUTPUT 1 "sb_we";
    .port_info 28 /OUTPUT 2 "sb_wstate";
    .port_info 29 /INPUT 2 "sb_rstate";
    .port_info 30 /OUTPUT 1 "tt_wr_single_en";
    .port_info 31 /OUTPUT 8 "tt_wr_single_index";
    .port_info 32 /OUTPUT 1 "tt_wr_single_filled";
    .port_info 33 /OUTPUT 6 "tt_wr_single_colour";
    .port_info 34 /OUTPUT 256 "cu_tile_done_set";
P_0xba9e10daaf70 .param/l "STUB_COLOUR" 1 12 69, C4<0101>;
enum0xba9e10a9aa80 .enum4 (2)
   "S_IDLE" 2'b00,
   "S_READ" 2'b01,
   "S_WAIT" 2'b10,
   "S_OUTPUT" 2'b11
 ;
L_0xba9e10a5d8e0 .functor AND 1, L_0xba9e10dd0680, L_0xba9e10dd0770, C4<1>, C4<1>;
L_0xba9e10a368f0 .functor BUFZ 9, v0xba9e10dad640_0, C4<000000000>, C4<000000000>, C4<000000000>;
L_0xba9e10a36720 .functor BUFZ 9, v0xba9e10dad720_0, C4<000000000>, C4<000000000>, C4<000000000>;
L_0xba9e10a25330 .functor BUFZ 9, v0xba9e10dad640_0, C4<000000000>, C4<000000000>, C4<000000000>;
L_0xba9e10a251c0 .functor BUFZ 9, v0xba9e10dad720_0, C4<000000000>, C4<000000000>, C4<000000000>;
L_0xba9e109d63d0 .functor AND 1, L_0xba9e10dd0bf0, L_0xba9e10dd0d20, C4<1>, C4<1>;
L_0xba9e109f9870 .functor BUFZ 9, v0xba9e10dad640_0, C4<000000000>, C4<000000000>, C4<000000000>;
L_0xba9e109e1910 .functor BUFZ 9, v0xba9e10dad720_0, C4<000000000>, C4<000000000>, C4<000000000>;
L_0xba9e109e1770 .functor AND 1, L_0xba9e10dd0ef0, L_0xba9e10dd0fe0, C4<1>, C4<1>;
L_0xba9e10dd12b0 .functor BUFZ 9, v0xba9e10dad640_0, C4<000000000>, C4<000000000>, C4<000000000>;
L_0xba9e10dd1410 .functor BUFZ 9, v0xba9e10dad720_0, C4<000000000>, C4<000000000>, C4<000000000>;
L_0xfaeca83f71c8 .functor BUFT 1, C4<00>, C4<0>, C4<0>, C4<0>;
v0xba9e10dab3a0_0 .net/2u *"_ivl_10", 1 0, L_0xfaeca83f71c8;  1 drivers
v0xba9e10dab4a0_0 .net *"_ivl_12", 0 0, L_0xba9e10dd0680;  1 drivers
v0xba9e10dab560_0 .net *"_ivl_15", 0 0, L_0xba9e10dd0770;  1 drivers
L_0xfaeca83f7210 .functor BUFT 1, C4<01>, C4<0>, C4<0>, C4<0>;
v0xba9e10dab600_0 .net/2u *"_ivl_18", 1 0, L_0xfaeca83f7210;  1 drivers
L_0xfaeca83f7258 .functor BUFT 1, C4<01>, C4<0>, C4<0>, C4<0>;
v0xba9e10dab6e0_0 .net/2u *"_ivl_26", 1 0, L_0xfaeca83f7258;  1 drivers
L_0xfaeca83f72a0 .functor BUFT 1, C4<11>, C4<0>, C4<0>, C4<0>;
v0xba9e10dab810_0 .net/2u *"_ivl_34", 1 0, L_0xfaeca83f72a0;  1 drivers
v0xba9e10dab8f0_0 .net *"_ivl_36", 0 0, L_0xba9e10dd0bf0;  1 drivers
v0xba9e10dab9b0_0 .net *"_ivl_39", 0 0, L_0xba9e10dd0d20;  1 drivers
L_0xfaeca83f7330 .functor BUFT 1, C4<11>, C4<0>, C4<0>, C4<0>;
v0xba9e10daba70_0 .net/2u *"_ivl_48", 1 0, L_0xfaeca83f7330;  1 drivers
v0xba9e10dabbe0_0 .net *"_ivl_50", 0 0, L_0xba9e10dd0ef0;  1 drivers
v0xba9e10dabca0_0 .net *"_ivl_53", 0 0, L_0xba9e10dd0fe0;  1 drivers
L_0xfaeca83f73c0 .functor BUFT 1, C4<11>, C4<0>, C4<0>, C4<0>;
v0xba9e10dabd60_0 .net/2u *"_ivl_58", 1 0, L_0xfaeca83f73c0;  1 drivers
L_0xfaeca83f7408 .functor BUFT 1, C4<11>, C4<0>, C4<0>, C4<0>;
v0xba9e10dabe40_0 .net/2u *"_ivl_66", 1 0, L_0xfaeca83f7408;  1 drivers
v0xba9e10dabf20_0 .net *"_ivl_68", 0 0, L_0xba9e10dd1510;  1 drivers
L_0xfaeca83f7450 .functor BUFT 1, C4<0101>, C4<0>, C4<0>, C4<0>;
v0xba9e10dabfe0_0 .net/2u *"_ivl_70", 3 0, L_0xfaeca83f7450;  1 drivers
v0xba9e10dac0c0_0 .net *"_ivl_72", 3 0, L_0xba9e10dd1610;  1 drivers
L_0xfaeca83f7498 .functor BUFT 1, C4<0000>, C4<0>, C4<0>, C4<0>;
v0xba9e10dac1a0_0 .net/2u *"_ivl_74", 3 0, L_0xfaeca83f7498;  1 drivers
v0xba9e10dac390_0 .var "already_done", 0 0;
v0xba9e10dac450_0 .var "cached_colour", 3 0;
v0xba9e10dac530_0 .net "centre_x", 31 0, v0xba9e10dbd1e0_0;  alias, 1 drivers
v0xba9e10dac610_0 .net "centre_y", 31 0, v0xba9e10dbd2a0_0;  alias, 1 drivers
v0xba9e10dac6f0_0 .net "clk", 0 0, o0xba9e10c94c68;  alias, 0 drivers
v0xba9e10dac790_0 .net "coord_out", 17 0, v0xba9e10db0fd0_0;  alias, 1 drivers
v0xba9e10dac870_0 .net "cu_rd_data", 7 0, v0xba9e10a104a0_0;  alias, 1 drivers
v0xba9e10dac930_0 .net "cu_rd_en", 0 0, L_0xba9e10dd0a80;  alias, 1 drivers
v0xba9e10dac9d0_0 .net "cu_rd_x", 8 0, L_0xba9e10a25330;  alias, 1 drivers
v0xba9e10daca70_0 .net "cu_rd_y", 8 0, L_0xba9e10a251c0;  alias, 1 drivers
v0xba9e10dacb10_0 .net "cu_tile_done_set", 255 0, L_0xfaeca83f7180;  alias, 1 drivers
v0xba9e10dacbd0_0 .net "cu_wr_data", 7 0, L_0xfaeca83f72e8;  alias, 1 drivers
v0xba9e10dacc90_0 .net "cu_wr_en", 0 0, L_0xba9e109d63d0;  alias, 1 drivers
v0xba9e10dacd30_0 .net "cu_wr_x", 8 0, L_0xba9e109f9870;  alias, 1 drivers
v0xba9e10dace00_0 .net "cu_wr_y", 8 0, L_0xba9e109e1910;  alias, 1 drivers
v0xba9e10daced0_0 .net "done", 0 0, L_0xba9e10dd11c0;  alias, 1 drivers
v0xba9e10dad1b0_0 .net "equation_id", 4 0, v0xba9e10dbda30_0;  alias, 1 drivers
v0xba9e10dad250_0 .net "grant", 0 0, v0xba9e10db1190_0;  alias, 1 drivers
v0xba9e10dad2f0_0 .net "iter_colour", 3 0, L_0xba9e10dd17c0;  alias, 1 drivers
v0xba9e10dad3e0_0 .net "iter_x", 8 0, L_0xba9e10dd12b0;  alias, 1 drivers
v0xba9e10dad4b0_0 .net "iter_y", 8 0, L_0xba9e10dd1410;  alias, 1 drivers
v0xba9e10dad580_0 .net "max_iter", 11 0, v0xba9e10dbdaf0_0;  alias, 1 drivers
v0xba9e10dad640_0 .var "px", 8 0;
v0xba9e10dad720_0 .var "py", 8 0;
v0xba9e10dad800_0 .net "rst", 0 0, L_0xba9e10a5da50;  alias, 1 drivers
v0xba9e10dad8a0_0 .net "sb_rd", 0 0, L_0xba9e10dd08b0;  alias, 1 drivers
v0xba9e10dad960_0 .net "sb_rstate", 1 0, v0xba9e10db5000_0;  alias, 1 drivers
v0xba9e10dada40_0 .net "sb_we", 0 0, L_0xba9e109e1770;  alias, 1 drivers
v0xba9e10dadb00_0 .net "sb_wstate", 1 0, L_0xfaeca83f7378;  alias, 1 drivers
v0xba9e10dadbe0_0 .net "sb_x", 8 0, L_0xba9e10a368f0;  alias, 1 drivers
v0xba9e10dadcc0_0 .net "sb_y", 8 0, L_0xba9e10a36720;  alias, 1 drivers
v0xba9e10dadda0_0 .var "state", 1 0;
v0xba9e10dade80_0 .net "tt_wr_single_colour", 5 0, L_0xfaeca83f7138;  alias, 1 drivers
v0xba9e10dadf60_0 .net "tt_wr_single_en", 0 0, L_0xfaeca83f7060;  alias, 1 drivers
v0xba9e10dae020_0 .net "tt_wr_single_filled", 0 0, L_0xfaeca83f70f0;  alias, 1 drivers
v0xba9e10dae0e0_0 .net "tt_wr_single_index", 7 0, L_0xfaeca83f70a8;  alias, 1 drivers
v0xba9e10dae1c0_0 .net "wants_job", 0 0, L_0xba9e10a5d8e0;  alias, 1 drivers
v0xba9e10dae280_0 .net "x_offset", 9 0, v0xba9e10dbe2f0_0;  alias, 1 drivers
v0xba9e10dae360_0 .net "y_offset", 9 0, v0xba9e10dbe3b0_0;  alias, 1 drivers
v0xba9e10dae440_0 .net "zoom_level", 31 0, v0xba9e10dbe470_0;  alias, 1 drivers
L_0xba9e10dd0680 .cmp/eq 2, v0xba9e10dadda0_0, L_0xfaeca83f71c8;
L_0xba9e10dd0770 .reduce/nor v0xba9e10db1190_0;
L_0xba9e10dd08b0 .cmp/eq 2, v0xba9e10dadda0_0, L_0xfaeca83f7210;
L_0xba9e10dd0a80 .cmp/eq 2, v0xba9e10dadda0_0, L_0xfaeca83f7258;
L_0xba9e10dd0bf0 .cmp/eq 2, v0xba9e10dadda0_0, L_0xfaeca83f72a0;
L_0xba9e10dd0d20 .reduce/nor v0xba9e10dac390_0;
L_0xba9e10dd0ef0 .cmp/eq 2, v0xba9e10dadda0_0, L_0xfaeca83f7330;
L_0xba9e10dd0fe0 .reduce/nor v0xba9e10dac390_0;
L_0xba9e10dd11c0 .cmp/eq 2, v0xba9e10dadda0_0, L_0xfaeca83f73c0;
L_0xba9e10dd1510 .cmp/eq 2, v0xba9e10dadda0_0, L_0xfaeca83f7408;
L_0xba9e10dd1610 .functor MUXZ 4, L_0xfaeca83f7450, v0xba9e10dac450_0, v0xba9e10dac390_0, C4<>;
L_0xba9e10dd17c0 .functor MUXZ 4, L_0xfaeca83f7498, L_0xba9e10dd1610, L_0xba9e10dd1510, C4<>;
S_0xba9e10dae980 .scope module, "u_job_queue_handler" "job_queue_handler" 6 219, 13 4 0, S_0xba9e10c91550;
 .timescale 0 0;
    .port_info 0 /INPUT 1 "clk";
    .port_info 1 /INPUT 1 "rst";
    .port_info 2 /INPUT 18 "sched_coord";
    .port_info 3 /INPUT 1 "sched_push";
    .port_info 4 /OUTPUT 1 "sched_stall";
    .port_info 5 /INPUT 1 "flush";
    .port_info 6 /INPUT 1 "wants_job";
    .port_info 7 /OUTPUT 1 "grant";
    .port_info 8 /OUTPUT 18 "coord_out";
L_0xba9e10dd28a0 .functor BUFZ 1, L_0xba9e10dd23d0, C4<0>, C4<0>, C4<0>;
L_0xba9e10dd2a40 .functor AND 1, v0xba9e10db3030_0, L_0xba9e10dd29a0, C4<1>, C4<1>;
L_0xba9e10dd2be0 .functor AND 1, L_0xba9e10a5d8e0, L_0xba9e10dd2ab0, C4<1>, C4<1>;
v0xba9e10db0d60_0 .net *"_ivl_3", 0 0, L_0xba9e10dd29a0;  1 drivers
v0xba9e10db0e40_0 .net *"_ivl_7", 0 0, L_0xba9e10dd2ab0;  1 drivers
v0xba9e10db0f00_0 .net "clk", 0 0, o0xba9e10c94c68;  alias, 0 drivers
v0xba9e10db0fd0_0 .var "coord_out", 17 0;
v0xba9e10db10a0_0 .net "flush", 0 0, v0xba9e10db2b40_0;  alias, 1 drivers
v0xba9e10db1190_0 .var "grant", 0 0;
v0xba9e10db1230_0 .net "q_data_out", 17 0, L_0xba9e10dd27e0;  1 drivers
v0xba9e10db1320_0 .net "q_empty", 0 0, L_0xba9e10dd24c0;  1 drivers
v0xba9e10db1410_0 .net "q_full", 0 0, L_0xba9e10dd23d0;  1 drivers
v0xba9e10db14b0_0 .net "q_pop", 0 0, L_0xba9e10dd2be0;  1 drivers
v0xba9e10db15a0_0 .net "q_push", 0 0, L_0xba9e10dd2a40;  1 drivers
v0xba9e10db1690_0 .net "rst", 0 0, L_0xba9e10a5da50;  alias, 1 drivers
v0xba9e10db1840_0 .net "sched_coord", 17 0, v0xba9e10db2f90_0;  alias, 1 drivers
v0xba9e10db1930_0 .net "sched_push", 0 0, v0xba9e10db3030_0;  alias, 1 drivers
v0xba9e10db19f0_0 .net "sched_stall", 0 0, L_0xba9e10dd28a0;  alias, 1 drivers
v0xba9e10db1ab0_0 .net "wants_job", 0 0, L_0xba9e10a5d8e0;  alias, 1 drivers
L_0xba9e10dd29a0 .reduce/nor L_0xba9e10dd23d0;
L_0xba9e10dd2ab0 .reduce/nor L_0xba9e10dd24c0;
S_0xba9e10daec40 .scope module, "u_job_queue" "job_queue" 13 27, 14 3 0, S_0xba9e10dae980;
 .timescale 0 0;
    .port_info 0 /INPUT 1 "clk";
    .port_info 1 /INPUT 1 "rst";
    .port_info 2 /INPUT 1 "flush";
    .port_info 3 /INPUT 1 "push";
    .port_info 4 /INPUT 18 "data_in";
    .port_info 5 /INPUT 1 "pop";
    .port_info 6 /OUTPUT 18 "data_out";
    .port_info 7 /OUTPUT 1 "full";
    .port_info 8 /OUTPUT 1 "empty";
v0xba9e10db0510_0 .net "clk", 0 0, o0xba9e10c94c68;  alias, 0 drivers
v0xba9e10db06e0_0 .net "data_in", 17 0, v0xba9e10db2f90_0;  alias, 1 drivers
v0xba9e10db07a0_0 .net "data_out", 17 0, L_0xba9e10dd27e0;  alias, 1 drivers
v0xba9e10db08a0_0 .net "empty", 0 0, L_0xba9e10dd24c0;  alias, 1 drivers
v0xba9e10db0970_0 .net "flush", 0 0, v0xba9e10db2b40_0;  alias, 1 drivers
v0xba9e10db0a10_0 .net "full", 0 0, L_0xba9e10dd23d0;  alias, 1 drivers
v0xba9e10db0ae0_0 .net "pop", 0 0, L_0xba9e10dd2be0;  alias, 1 drivers
v0xba9e10db0bb0_0 .net "push", 0 0, L_0xba9e10dd2a40;  alias, 1 drivers
v0xba9e10db0c80_0 .net "rst", 0 0, L_0xba9e10a5da50;  alias, 1 drivers
S_0xba9e10daef70 .scope module, "u_fifo" "fifo" 14 23, 11 4 0, S_0xba9e10daec40;
 .timescale 0 0;
    .port_info 0 /INPUT 1 "clk";
    .port_info 1 /INPUT 1 "rst";
    .port_info 2 /INPUT 1 "flush";
    .port_info 3 /INPUT 1 "push";
    .port_info 4 /INPUT 18 "data_in";
    .port_info 5 /INPUT 1 "pop";
    .port_info 6 /OUTPUT 18 "data_out";
    .port_info 7 /OUTPUT 1 "full";
    .port_info 8 /OUTPUT 1 "empty";
P_0xba9e10daf170 .param/l "DATA_WIDTH" 0 11 5, +C4<00000000000000000000000000010010>;
P_0xba9e10daf1b0 .param/l "DEPTH" 0 11 6, +C4<00000000000000000000100000000000>;
P_0xba9e10daf1f0 .param/l "PTR_W" 1 11 22, +C4<00000000000000000000000000001011>;
L_0xba9e10dd27e0 .functor BUFZ 18, L_0xba9e10dd2600, C4<000000000000000000>, C4<000000000000000000>, C4<000000000000000000>;
L_0xfaeca83f74e0 .functor BUFT 1, C4<100000000000>, C4<0>, C4<0>, C4<0>;
v0xba9e10daf4f0_0 .net/2u *"_ivl_0", 11 0, L_0xfaeca83f74e0;  1 drivers
v0xba9e10daf5f0_0 .net *"_ivl_10", 12 0, L_0xba9e10dd26a0;  1 drivers
L_0xfaeca83f7570 .functor BUFT 1, C4<00>, C4<0>, C4<0>, C4<0>;
v0xba9e10daf6d0_0 .net *"_ivl_13", 1 0, L_0xfaeca83f7570;  1 drivers
L_0xfaeca83f7528 .functor BUFT 1, C4<000000000000>, C4<0>, C4<0>, C4<0>;
v0xba9e10daf7c0_0 .net/2u *"_ivl_4", 11 0, L_0xfaeca83f7528;  1 drivers
v0xba9e10daf8a0_0 .net *"_ivl_8", 17 0, L_0xba9e10dd2600;  1 drivers
v0xba9e10daf9d0_0 .net "clk", 0 0, o0xba9e10c94c68;  alias, 0 drivers
v0xba9e10dafa70_0 .var "count", 11 0;
v0xba9e10dafb50_0 .net "data_in", 17 0, v0xba9e10db2f90_0;  alias, 1 drivers
v0xba9e10dafc30_0 .net "data_out", 17 0, L_0xba9e10dd27e0;  alias, 1 drivers
v0xba9e10dafd10_0 .net "empty", 0 0, L_0xba9e10dd24c0;  alias, 1 drivers
v0xba9e10dafdd0_0 .net "flush", 0 0, v0xba9e10db2b40_0;  alias, 1 drivers
v0xba9e10dafe90_0 .net "full", 0 0, L_0xba9e10dd23d0;  alias, 1 drivers
v0xba9e10daff50_0 .var "head", 10 0;
v0xba9e10db0030 .array "mem", 2047 0, 17 0;
v0xba9e10db00f0_0 .net "pop", 0 0, L_0xba9e10dd2be0;  alias, 1 drivers
v0xba9e10db01b0_0 .net "push", 0 0, L_0xba9e10dd2a40;  alias, 1 drivers
v0xba9e10db0270_0 .net "rst", 0 0, L_0xba9e10a5da50;  alias, 1 drivers
v0xba9e10db0310_0 .var "tail", 10 0;
L_0xba9e10dd23d0 .cmp/eq 12, v0xba9e10dafa70_0, L_0xfaeca83f74e0;
L_0xba9e10dd24c0 .cmp/eq 12, v0xba9e10dafa70_0, L_0xfaeca83f7528;
L_0xba9e10dd2600 .array/port v0xba9e10db0030, L_0xba9e10dd26a0;
L_0xba9e10dd26a0 .concat [ 11 2 0 0], v0xba9e10db0310_0, L_0xfaeca83f7570;
S_0xba9e10db1ca0 .scope module, "u_scheduler" "scheduler" 6 100, 15 12 0, S_0xba9e10c91550;
 .timescale -9 -12;
    .port_info 0 /INPUT 1 "clk";
    .port_info 1 /INPUT 1 "rst";
    .port_info 2 /INPUT 1 "start";
    .port_info 3 /INPUT 5 "equation_id";
    .port_info 4 /INPUT 32 "centre_x";
    .port_info 5 /INPUT 32 "centre_y";
    .port_info 6 /INPUT 32 "zoom_level";
    .port_info 7 /INPUT 12 "max_iter";
    .port_info 8 /INPUT 10 "x_offset";
    .port_info 9 /INPUT 10 "y_offset";
    .port_info 10 /OUTPUT 18 "sched_coord";
    .port_info 11 /OUTPUT 1 "sched_push";
    .port_info 12 /OUTPUT 1 "flush";
    .port_info 13 /INPUT 1 "sched_stall";
    .port_info 14 /OUTPUT 1 "sched_reset";
    .port_info 15 /OUTPUT 9 "top_left_x";
    .port_info 16 /OUTPUT 9 "top_left_y";
    .port_info 17 /OUTPUT 9 "quad_size";
    .port_info 18 /OUTPUT 11 "expected_count";
    .port_info 19 /INPUT 1 "differ";
    .port_info 20 /INPUT 1 "complete";
    .port_info 21 /INPUT 6 "ref_colour_o";
    .port_info 22 /OUTPUT 1 "tt_wr_quad_en";
    .port_info 23 /OUTPUT 8 "tt_wr_quad_tlx";
    .port_info 24 /OUTPUT 8 "tt_wr_quad_tly";
    .port_info 25 /OUTPUT 8 "tt_wr_quad_size";
    .port_info 26 /OUTPUT 6 "tt_wr_quad_colour";
    .port_info 27 /OUTPUT 256 "sched_tile_done_set";
    .port_info 28 /OUTPUT 1 "engine_done";
P_0xba9e10db1e30 .param/l "COORD0" 1 15 57, C4<000000000000000000>;
P_0xba9e10db1e70 .param/l "COORD1" 1 15 58, C4<000000000000001111>;
P_0xba9e10db1eb0 .param/l "COORD2" 1 15 59, C4<000001111000000000>;
P_0xba9e10db1ef0 .param/l "COORD3" 1 15 60, C4<000001111000001111>;
P_0xba9e10db1f30 .param/l "NUM_PIXELS" 1 15 61, +C4<00000000000000000000000000000100>;
enum0xba9e10a99cd0 .enum4 (3)
   "IDLE" 3'b000,
   "CONFIG" 3'b001,
   "PUSH" 3'b010,
   "WAIT_COMP" 3'b011,
   "FILL" 3'b100,
   "DONE" 3'b101
 ;
v0xba9e10db24b0_0 .net "centre_x", 31 0, v0xba9e10dbd1e0_0;  alias, 1 drivers
v0xba9e10db2590_0 .net "centre_y", 31 0, v0xba9e10dbd2a0_0;  alias, 1 drivers
v0xba9e10db2630_0 .net "clk", 0 0, o0xba9e10c94c68;  alias, 0 drivers
v0xba9e10db26d0_0 .net "complete", 0 0, v0xba9e10da6da0_0;  alias, 1 drivers
v0xba9e10db2770_0 .var "cur_coord", 17 0;
v0xba9e10db2860_0 .net "differ", 0 0, v0xba9e10da6e60_0;  alias, 1 drivers
v0xba9e10db2900_0 .var "engine_done", 0 0;
v0xba9e10db29a0_0 .net "equation_id", 4 0, v0xba9e10dbda30_0;  alias, 1 drivers
v0xba9e10db2a70_0 .var "expected_count", 10 0;
v0xba9e10db2b40_0 .var "flush", 0 0;
v0xba9e10db2be0_0 .net "max_iter", 11 0, v0xba9e10dbdaf0_0;  alias, 1 drivers
v0xba9e10db2cb0_0 .var/2s "push_idx", 31 0;
v0xba9e10db2d50_0 .var "quad_size", 8 0;
v0xba9e10db2e20_0 .net "ref_colour_o", 5 0, v0xba9e10da7630_0;  alias, 1 drivers
v0xba9e10db2ef0_0 .net "rst", 0 0, L_0xba9e10a5da50;  alias, 1 drivers
v0xba9e10db2f90_0 .var "sched_coord", 17 0;
v0xba9e10db3030_0 .var "sched_push", 0 0;
v0xba9e10db3210_0 .var "sched_reset", 0 0;
v0xba9e10db32e0_0 .net "sched_stall", 0 0, L_0xba9e10dd28a0;  alias, 1 drivers
v0xba9e10db33b0_0 .var "sched_tile_done_set", 255 0;
v0xba9e10db3450_0 .net "start", 0 0, v0xba9e10dbe140_0;  alias, 1 drivers
v0xba9e10db34f0_0 .var "state", 2 0;
v0xba9e10db35d0_0 .var "top_left_x", 8 0;
v0xba9e10db36c0_0 .var "top_left_y", 8 0;
v0xba9e10db3790_0 .var "tt_wr_quad_colour", 5 0;
v0xba9e10db3850_0 .var "tt_wr_quad_en", 0 0;
v0xba9e10db3910_0 .var "tt_wr_quad_size", 7 0;
v0xba9e10db39f0_0 .var "tt_wr_quad_tlx", 7 0;
v0xba9e10db3ad0_0 .var "tt_wr_quad_tly", 7 0;
v0xba9e10db3bb0_0 .net "x_offset", 9 0, v0xba9e10dbe2f0_0;  alias, 1 drivers
v0xba9e10db3ca0_0 .net "y_offset", 9 0, v0xba9e10dbe3b0_0;  alias, 1 drivers
v0xba9e10db3d70_0 .net "zoom_level", 31 0, v0xba9e10dbe470_0;  alias, 1 drivers
E_0xba9e10a9f8b0 .event anyedge, v0xba9e10db2cb0_0;
S_0xba9e10db41c0 .scope module, "u_state_bram" "state_bram" 6 267, 16 5 0, S_0xba9e10c91550;
 .timescale 0 0;
    .port_info 0 /INPUT 1 "clk";
    .port_info 1 /INPUT 1 "rst";
    .port_info 2 /INPUT 9 "a_x";
    .port_info 3 /INPUT 9 "a_y";
    .port_info 4 /INPUT 1 "a_rd";
    .port_info 5 /INPUT 1 "a_we";
    .port_info 6 /INPUT 2 "a_wstate";
    .port_info 7 /OUTPUT 2 "a_rstate";
L_0xba9e10dd44a0 .functor BUFZ 8, L_0xba9e10dd4300, C4<00000000>, C4<00000000>, C4<00000000>;
v0xba9e10db47e0_0 .net *"_ivl_1", 3 0, L_0xba9e10dd3c20;  1 drivers
L_0xfaeca83f76d8 .functor BUFT 1, C4<00000000>, C4<0>, C4<0>, C4<0>;
v0xba9e10db48e0_0 .net/2u *"_ivl_14", 7 0, L_0xfaeca83f76d8;  1 drivers
v0xba9e10db49c0_0 .net *"_ivl_18", 7 0, L_0xba9e10dd4300;  1 drivers
v0xba9e10db4ab0_0 .net *"_ivl_20", 15 0, L_0xba9e10dd43a0;  1 drivers
L_0xfaeca83f7720 .functor BUFT 1, C4<00>, C4<0>, C4<0>, C4<0>;
v0xba9e10db4b90_0 .net *"_ivl_23", 1 0, L_0xfaeca83f7720;  1 drivers
v0xba9e10db4cc0_0 .net *"_ivl_3", 3 0, L_0xba9e10dd3d50;  1 drivers
v0xba9e10db4da0_0 .net *"_ivl_5", 3 0, L_0xba9e10dd3e80;  1 drivers
v0xba9e10db4e80_0 .net *"_ivl_7", 3 0, L_0xba9e10dd3f20;  1 drivers
v0xba9e10db4f60_0 .net "a_rd", 0 0, L_0xba9e10dd08b0;  alias, 1 drivers
v0xba9e10db5000_0 .var "a_rstate", 1 0;
v0xba9e10db50d0_0 .net "a_we", 0 0, L_0xba9e109e1770;  alias, 1 drivers
v0xba9e10db51a0_0 .net "a_wstate", 1 0, L_0xfaeca83f7378;  alias, 1 drivers
v0xba9e10db5270_0 .net "a_x", 8 0, L_0xba9e10a368f0;  alias, 1 drivers
v0xba9e10db5340_0 .net "a_y", 8 0, L_0xba9e10a36720;  alias, 1 drivers
v0xba9e10db5410_0 .net "bit_slot", 1 0, L_0xba9e10dd4170;  1 drivers
v0xba9e10db54b0_0 .net "byte_addr", 13 0, L_0xba9e10dd4090;  1 drivers
v0xba9e10db5590_0 .net "clk", 0 0, o0xba9e10c94c68;  alias, 0 drivers
v0xba9e10db5740_0 .net "cur_byte", 7 0, L_0xba9e10dd44a0;  1 drivers
v0xba9e10db5820 .array "mem", 16383 0, 7 0;
v0xba9e10db5900_0 .var "new_byte", 7 0;
v0xba9e10db59e0_0 .var "post_rst", 0 0;
v0xba9e10db5aa0_0 .var "rd_byte", 7 0;
v0xba9e10db5b80_0 .net "rd_byte_out", 7 0, L_0xba9e10dd4210;  1 drivers
v0xba9e10db5c60_0 .net "rst", 0 0, L_0xba9e10a5da50;  alias, 1 drivers
v0xba9e10db5d00_0 .net "tile_addr", 15 0, L_0xba9e10dd3ff0;  1 drivers
E_0xba9e109a8640 .event anyedge, v0xba9e10db5740_0, v0xba9e10db5410_0, v0xba9e10dadb00_0;
E_0xba9e10a9c060/0 .event anyedge, v0xba9e10db5410_0, v0xba9e10db5b80_0, v0xba9e10db5b80_0, v0xba9e10db5b80_0;
E_0xba9e10a9c060/1 .event anyedge, v0xba9e10db5b80_0;
E_0xba9e10a9c060 .event/or E_0xba9e10a9c060/0, E_0xba9e10a9c060/1;
L_0xba9e10dd3c20 .part L_0xba9e10a36720, 4, 4;
L_0xba9e10dd3d50 .part L_0xba9e10a368f0, 4, 4;
L_0xba9e10dd3e80 .part L_0xba9e10a36720, 0, 4;
L_0xba9e10dd3f20 .part L_0xba9e10a368f0, 0, 4;
L_0xba9e10dd3ff0 .concat [ 4 4 4 4], L_0xba9e10dd3f20, L_0xba9e10dd3e80, L_0xba9e10dd3d50, L_0xba9e10dd3c20;
L_0xba9e10dd4090 .part L_0xba9e10dd3ff0, 2, 14;
L_0xba9e10dd4170 .part L_0xba9e10dd3ff0, 0, 2;
L_0xba9e10dd4210 .functor MUXZ 8, v0xba9e10db5aa0_0, L_0xfaeca83f76d8, v0xba9e10db59e0_0, C4<>;
L_0xba9e10dd4300 .array/port v0xba9e10db5820, L_0xba9e10dd43a0;
L_0xba9e10dd43a0 .concat [ 14 2 0 0], L_0xba9e10dd4090, L_0xfaeca83f7720;
S_0xba9e10db44e0 .scope begin, "$ivl_for_loop2" "$ivl_for_loop2" 16 68, 16 68 0, S_0xba9e10db41c0;
 .timescale 0 0;
v0xba9e10db46e0_0 .var/2s "i", 31 0;
S_0xba9e10db5ee0 .scope module, "u_tile_table" "tile_table" 6 282, 17 4 0, S_0xba9e10c91550;
 .timescale 0 0;
    .port_info 0 /INPUT 1 "clk";
    .port_info 1 /INPUT 1 "rst";
    .port_info 2 /INPUT 1 "wr_single_en";
    .port_info 3 /INPUT 8 "wr_single_index";
    .port_info 4 /INPUT 1 "wr_single_filled";
    .port_info 5 /INPUT 6 "wr_single_colour";
    .port_info 6 /INPUT 1 "wr_quad_en";
    .port_info 7 /INPUT 8 "wr_quad_tlx";
    .port_info 8 /INPUT 8 "wr_quad_tly";
    .port_info 9 /INPUT 8 "wr_quad_size";
    .port_info 10 /INPUT 6 "wr_quad_colour";
    .port_info 11 /INPUT 8 "rd_index";
    .port_info 12 /OUTPUT 1 "rd_is_filled";
    .port_info 13 /OUTPUT 6 "rd_fill_colour";
v0xba9e10db6a60_0 .net *"_ivl_0", 6 0, L_0xba9e10dd4510;  1 drivers
v0xba9e10db6b60_0 .net *"_ivl_10", 9 0, L_0xba9e10dd4830;  1 drivers
L_0xfaeca83f77b0 .functor BUFT 1, C4<00>, C4<0>, C4<0>, C4<0>;
v0xba9e10db6c40_0 .net *"_ivl_13", 1 0, L_0xfaeca83f77b0;  1 drivers
v0xba9e10db6d30_0 .net *"_ivl_2", 9 0, L_0xba9e10dd45b0;  1 drivers
v0xba9e10db6e10_0 .net *"_ivl_24", 3 0, L_0xba9e10dd4e90;  1 drivers
L_0xfaeca83f77f8 .functor BUFT 1, C4<0001>, C4<0>, C4<0>, C4<0>;
v0xba9e10db6f40_0 .net/2u *"_ivl_26", 3 0, L_0xfaeca83f77f8;  1 drivers
v0xba9e10db7020_0 .net *"_ivl_30", 3 0, L_0xba9e10dd51d0;  1 drivers
L_0xfaeca83f7840 .functor BUFT 1, C4<0001>, C4<0>, C4<0>, C4<0>;
v0xba9e10db7100_0 .net/2u *"_ivl_32", 3 0, L_0xfaeca83f7840;  1 drivers
L_0xfaeca83f7768 .functor BUFT 1, C4<00>, C4<0>, C4<0>, C4<0>;
v0xba9e10db71e0_0 .net *"_ivl_5", 1 0, L_0xfaeca83f7768;  1 drivers
v0xba9e10db7350_0 .net *"_ivl_8", 6 0, L_0xba9e10dd4790;  1 drivers
v0xba9e10db7430_0 .net "clk", 0 0, o0xba9e10c94c68;  alias, 0 drivers
v0xba9e10db74d0_0 .net "num_cols", 3 0, L_0xba9e10dd4c30;  1 drivers
v0xba9e10db75b0_0 .net "num_rows", 3 0, L_0xba9e10dd4cd0;  1 drivers
v0xba9e10db7690_0 .net "rd_fill_colour", 5 0, L_0xba9e10dd49b0;  alias, 1 drivers
v0xba9e10db7750_0 .net "rd_index", 7 0, v0xba9e10a1be70_0;  alias, 1 drivers
v0xba9e10db7820_0 .net "rd_is_filled", 0 0, L_0xba9e10dd46a0;  alias, 1 drivers
v0xba9e10db78f0_0 .net "rst", 0 0, L_0xba9e10a5da50;  alias, 1 drivers
v0xba9e10db7aa0_0 .net "tile_col_end", 3 0, L_0xba9e10dd4ff0;  1 drivers
v0xba9e10db7b40_0 .net "tile_col_start", 3 0, L_0xba9e10dd4aa0;  1 drivers
v0xba9e10db7c20_0 .net "tile_row_end", 3 0, L_0xba9e10dd52c0;  1 drivers
v0xba9e10db7d00_0 .net "tile_row_start", 3 0, L_0xba9e10dd4b40;  1 drivers
v0xba9e10db7de0 .array "tile_table", 255 0, 6 0;
v0xba9e10db7ea0_0 .net "wr_quad_colour", 5 0, v0xba9e10db3790_0;  alias, 1 drivers
v0xba9e10db7f90_0 .net "wr_quad_en", 0 0, v0xba9e10db3850_0;  alias, 1 drivers
v0xba9e10db8060_0 .net "wr_quad_size", 7 0, v0xba9e10db3910_0;  alias, 1 drivers
v0xba9e10db8130_0 .net "wr_quad_tlx", 7 0, v0xba9e10db39f0_0;  alias, 1 drivers
v0xba9e10db8200_0 .net "wr_quad_tly", 7 0, v0xba9e10db3ad0_0;  alias, 1 drivers
v0xba9e10db82d0_0 .net "wr_single_colour", 5 0, L_0xfaeca83f7138;  alias, 1 drivers
v0xba9e10db83a0_0 .net "wr_single_en", 0 0, L_0xfaeca83f7060;  alias, 1 drivers
v0xba9e10db8470_0 .net "wr_single_filled", 0 0, L_0xfaeca83f70f0;  alias, 1 drivers
v0xba9e10db8540_0 .net "wr_single_index", 7 0, L_0xfaeca83f70a8;  alias, 1 drivers
L_0xba9e10dd4510 .array/port v0xba9e10db7de0, L_0xba9e10dd45b0;
L_0xba9e10dd45b0 .concat [ 8 2 0 0], v0xba9e10a1be70_0, L_0xfaeca83f7768;
L_0xba9e10dd46a0 .part L_0xba9e10dd4510, 6, 1;
L_0xba9e10dd4790 .array/port v0xba9e10db7de0, L_0xba9e10dd4830;
L_0xba9e10dd4830 .concat [ 8 2 0 0], v0xba9e10a1be70_0, L_0xfaeca83f77b0;
L_0xba9e10dd49b0 .part L_0xba9e10dd4790, 0, 6;
L_0xba9e10dd4aa0 .part v0xba9e10db39f0_0, 4, 4;
L_0xba9e10dd4b40 .part v0xba9e10db3ad0_0, 4, 4;
L_0xba9e10dd4c30 .part v0xba9e10db3910_0, 4, 4;
L_0xba9e10dd4cd0 .part v0xba9e10db3910_0, 4, 4;
L_0xba9e10dd4e90 .arith/sum 4, L_0xba9e10dd4aa0, L_0xba9e10dd4c30;
L_0xba9e10dd4ff0 .arith/sub 4, L_0xba9e10dd4e90, L_0xfaeca83f77f8;
L_0xba9e10dd51d0 .arith/sum 4, L_0xba9e10dd4b40, L_0xba9e10dd4cd0;
L_0xba9e10dd52c0 .arith/sub 4, L_0xba9e10dd51d0, L_0xfaeca83f7840;
S_0xba9e10db61d0 .scope begin, "$ivl_for_loop3" "$ivl_for_loop3" 17 47, 17 47 0, S_0xba9e10db5ee0;
 .timescale 0 0;
v0xba9e10db6380_0 .var/2s "i", 31 0;
S_0xba9e10db6480 .scope begin, "$ivl_for_loop4" "$ivl_for_loop4" 17 52, 17 52 0, S_0xba9e10db5ee0;
 .timescale 0 0;
v0xba9e10db6960_0 .var/2s "row", 31 0;
S_0xba9e10db6680 .scope begin, "$ivl_for_loop5" "$ivl_for_loop5" 17 53, 17 53 0, S_0xba9e10db6480;
 .timescale 0 0;
v0xba9e10db6860_0 .var/2s "col", 31 0;
S_0xba9e10dbcd00 .scope module, "u_sixteenth_controller" "sixteenth_controller" 5 47, 18 4 0, S_0xba9e10b20030;
 .timescale -9 -12;
    .port_info 0 /INPUT 1 "clk";
    .port_info 1 /INPUT 1 "rst";
    .port_info 2 /INPUT 1 "ps_start";
    .port_info 3 /INPUT 5 "cfg_equation_id";
    .port_info 4 /INPUT 32 "cfg_centre_x";
    .port_info 5 /INPUT 32 "cfg_centre_y";
    .port_info 6 /INPUT 32 "cfg_zoom_level";
    .port_info 7 /INPUT 12 "cfg_max_iter";
    .port_info 8 /INPUT 32 "cfg_image_base_addr";
    .port_info 9 /OUTPUT 1 "engine_rst";
    .port_info 10 /OUTPUT 1 "start";
    .port_info 11 /OUTPUT 5 "equation_id";
    .port_info 12 /OUTPUT 32 "centre_x";
    .port_info 13 /OUTPUT 32 "centre_y";
    .port_info 14 /OUTPUT 32 "zoom_level";
    .port_info 15 /OUTPUT 12 "max_iter";
    .port_info 16 /OUTPUT 10 "x_offset";
    .port_info 17 /OUTPUT 10 "y_offset";
    .port_info 18 /OUTPUT 32 "sixteenth_base_addr";
    .port_info 19 /INPUT 1 "quarter_complete";
    .port_info 20 /OUTPUT 1 "all_done";
enum0xba9e109bc360 .enum4 (2)
   "IDLE" 2'b00,
   "LOAD" 2'b01,
   "RENDER" 2'b10,
   "NEXT" 2'b11
 ;
v0xba9e10dbd100_0 .var "all_done", 0 0;
v0xba9e10dbd1e0_0 .var "centre_x", 31 0;
v0xba9e10dbd2a0_0 .var "centre_y", 31 0;
v0xba9e10dbd340_0 .net "cfg_centre_x", 31 0, v0xba9e10dbe880_0;  1 drivers
v0xba9e10dbd420_0 .net "cfg_centre_y", 31 0, v0xba9e10dbe960_0;  1 drivers
v0xba9e10dbd550_0 .net "cfg_equation_id", 4 0, v0xba9e10dbea00_0;  1 drivers
v0xba9e10dbd630_0 .net "cfg_image_base_addr", 31 0, v0xba9e10dbeaa0_0;  1 drivers
v0xba9e10dbd710_0 .net "cfg_max_iter", 11 0, v0xba9e10dbeb40_0;  1 drivers
v0xba9e10dbd7f0_0 .net "cfg_zoom_level", 31 0, v0xba9e10dbec30_0;  1 drivers
v0xba9e10dbd8d0_0 .net "clk", 0 0, o0xba9e10c94c68;  alias, 0 drivers
v0xba9e10dbd970_0 .var "engine_rst", 0 0;
v0xba9e10dbda30_0 .var "equation_id", 4 0;
v0xba9e10dbdaf0_0 .var "max_iter", 11 0;
v0xba9e10dbdbb0_0 .net "ps_start", 0 0, v0xba9e10dbfe00_0;  1 drivers
v0xba9e10dbdc70_0 .net "quarter_complete", 0 0, L_0xba9e10dd56d0;  alias, 1 drivers
v0xba9e10dbdd10_0 .net "rst", 0 0, o0xba9e10d5a998;  alias, 0 drivers
v0xba9e10dbddb0_0 .var "sixteenth_base_addr", 31 0;
v0xba9e10dbdec0_0 .net "sixteenth_col", 1 0, L_0xba9e10dd0450;  1 drivers
v0xba9e10dbdf80_0 .var "sixteenth_index", 3 0;
v0xba9e10dbe060_0 .net "sixteenth_row", 1 0, L_0xba9e10dd04f0;  1 drivers
v0xba9e10dbe140_0 .var "start", 0 0;
v0xba9e10dbe230_0 .var "state", 1 0;
v0xba9e10dbe2f0_0 .var "x_offset", 9 0;
v0xba9e10dbe3b0_0 .var "y_offset", 9 0;
v0xba9e10dbe470_0 .var "zoom_level", 31 0;
L_0xba9e10dd0450 .part v0xba9e10dbdf80_0, 0, 2;
L_0xba9e10dd04f0 .part v0xba9e10dbdf80_0, 2, 2;
    .scope S_0xba9e10b1c210;
T_9 ;
Ewait_0 .event/or E_0xba9e109de570, E_0x0;
    %wait Ewait_0;
    %pushi/vec4 0, 0, 8;
    %store/vec4 v0xba9e109c3f40_0, 0, 8;
    %pushi/vec4 0, 0, 1;
    %store/vec4 v0xba9e10b36b70_0, 0, 1;
    %fork t_1, S_0xba9e10b1be40;
    %jmp t_0;
    .scope S_0xba9e10b1be40;
t_1 ;
    %pushi/vec4 255, 0, 32;
    %store/vec4 v0xba9e10b2edc0_0, 0, 32;
T_9.0 ;
    %load/vec4 v0xba9e10b2edc0_0;
    %cmpi/s 0, 0, 32;
    %flag_inv 5; GE is !LT
    %jmp/0xz T_9.1, 5;
    %load/vec4 v0xba9e10a26170_0;
    %load/vec4 v0xba9e10b2edc0_0;
    %part/s 1;
    %flag_set/vec4 8;
    %jmp/0xz  T_9.2, 8;
    %load/vec4 v0xba9e10b2edc0_0;
    %pad/s 8;
    %store/vec4 v0xba9e109c3f40_0, 0, 8;
    %pushi/vec4 1, 0, 1;
    %store/vec4 v0xba9e10b36b70_0, 0, 1;
T_9.2 ;
    ; show_stmt_assign_vector: Get l-value for compressed -= operand
    %load/vec4 v0xba9e10b2edc0_0;
    %pushi/vec4 1, 0, 32;
    %sub;
    %cast2;
    %store/vec4 v0xba9e10b2edc0_0, 0, 32;
    %jmp T_9.0;
T_9.1 ;
    %end;
    .scope S_0xba9e10b1c210;
t_0 %join;
    %jmp T_9;
    .thread T_9, $push;
    .scope S_0xba9e10b1c210;
T_10 ;
Ewait_1 .event/or E_0xba9e109e2150, E_0x0;
    %wait Ewait_1;
    %pushi/vec4 0, 0, 64;
    %store/vec4 v0xba9e109c3d40_0, 0, 64;
    %fork t_3, S_0xba9e10b1b230;
    %jmp t_2;
    .scope S_0xba9e10b1b230;
t_3 ;
    %pushi/vec4 0, 0, 32;
    %store/vec4 v0xba9e10b2cec0_0, 0, 32;
T_10.0 ;
    %load/vec4 v0xba9e10b2cec0_0;
    %cmpi/s 8, 0, 32;
    %jmp/0xz T_10.1, 5;
    %pushi/vec4 0, 0, 2;
    %load/vec4 v0xba9e10a5d950_0;
    %concat/vec4; draw_concat_vec4
    %load/vec4 v0xba9e10b2cec0_0;
    %muli 8, 0, 32;
    %ix/vec4/s 4;
    %store/vec4 v0xba9e109c3d40_0, 4, 8;
    ; show_stmt_assign_vector: Get l-value for compressed += operand
    %load/vec4 v0xba9e10b2cec0_0;
    %pushi/vec4 1, 0, 32;
    %add;
    %cast2;
    %store/vec4 v0xba9e10b2cec0_0, 0, 32;
    %jmp T_10.0;
T_10.1 ;
    %end;
    .scope S_0xba9e10b1c210;
t_2 %join;
    %jmp T_10;
    .thread T_10, $push;
    .scope S_0xba9e10b1c210;
T_11 ;
    %wait E_0xba9e109dd6e0;
    %load/vec4 v0xba9e10a5dca0_0;
    %flag_set/vec4 8;
    %jmp/0xz  T_11.0, 8;
    %pushi/vec4 0, 0, 3;
    %assign/vec4 v0xba9e109c21a0_0, 0;
    %pushi/vec4 0, 0, 256;
    %assign/vec4 v0xba9e10a25230_0, 0;
    %pushi/vec4 0, 0, 8;
    %assign/vec4 v0xba9e10a78420_0, 0;
    %pushi/vec4 0, 0, 5;
    %assign/vec4 v0xba9e10a36c20_0, 0;
    %pushi/vec4 0, 0, 5;
    %assign/vec4 v0xba9e10b1dd40_0, 0;
    %pushi/vec4 0, 0, 5;
    %assign/vec4 v0xba9e10a0b1c0_0, 0;
    %pushi/vec4 0, 0, 1;
    %assign/vec4 v0xba9e10b31020_0, 0;
    %pushi/vec4 0, 0, 64;
    %assign/vec4 v0xba9e109c2020_0, 0;
    %pushi/vec4 0, 0, 1;
    %assign/vec4 v0xba9e10ae10c0_0, 0;
    %pushi/vec4 0, 0, 13;
    %assign/vec4 v0xba9e10adb7f0_0, 0;
    %pushi/vec4 0, 0, 1;
    %assign/vec4 v0xba9e10afd0c0_0, 0;
    %pushi/vec4 0, 0, 32;
    %assign/vec4 v0xba9e10c8a4b0_0, 0;
    %pushi/vec4 0, 0, 64;
    %assign/vec4 v0xba9e10af59a0_0, 0;
    %pushi/vec4 0, 0, 1;
    %assign/vec4 v0xba9e109e3760_0, 0;
    %jmp T_11.1;
T_11.0 ;
    %pushi/vec4 0, 0, 1;
    %assign/vec4 v0xba9e10ae10c0_0, 0;
    %pushi/vec4 0, 0, 1;
    %assign/vec4 v0xba9e10afd0c0_0, 0;
    %pushi/vec4 0, 0, 1;
    %assign/vec4 v0xba9e109e3760_0, 0;
    %load/vec4 v0xba9e109c21a0_0;
    %dup/vec4;
    %pushi/vec4 0, 0, 3;
    %cmp/u;
    %jmp/1 T_11.2, 6;
    %dup/vec4;
    %pushi/vec4 1, 0, 3;
    %cmp/u;
    %jmp/1 T_11.3, 6;
    %dup/vec4;
    %pushi/vec4 2, 0, 3;
    %cmp/u;
    %jmp/1 T_11.4, 6;
    %dup/vec4;
    %pushi/vec4 3, 0, 3;
    %cmp/u;
    %jmp/1 T_11.5, 6;
    %dup/vec4;
    %pushi/vec4 4, 0, 3;
    %cmp/u;
    %jmp/1 T_11.6, 6;
    %jmp T_11.7;
T_11.2 ;
    %pushi/vec4 0, 0, 1;
    %assign/vec4 v0xba9e10b31020_0, 0;
    %pushi/vec4 0, 0, 5;
    %assign/vec4 v0xba9e10a36c20_0, 0;
    %pushi/vec4 0, 0, 5;
    %assign/vec4 v0xba9e10b1dd40_0, 0;
    %pushi/vec4 0, 0, 5;
    %assign/vec4 v0xba9e10a0b1c0_0, 0;
    %load/vec4 v0xba9e10b36b70_0;
    %flag_set/vec4 8;
    %jmp/0xz  T_11.8, 8;
    %load/vec4 v0xba9e109c3f40_0;
    %assign/vec4 v0xba9e10a78420_0, 0;
    %pushi/vec4 1, 0, 3;
    %assign/vec4 v0xba9e109c21a0_0, 0;
T_11.8 ;
    %jmp T_11.7;
T_11.3 ;
    %load/vec4 v0xba9e10b0c2a0_0;
    %flag_set/vec4 8;
    %jmp/0xz  T_11.10, 8;
    %pushi/vec4 2, 0, 3;
    %assign/vec4 v0xba9e109c21a0_0, 0;
    %jmp T_11.11;
T_11.10 ;
    %pushi/vec4 1, 0, 1;
    %assign/vec4 v0xba9e10ae10c0_0, 0;
    %load/vec4 v0xba9e10a78420_0;
    %concati/vec4 0, 0, 5;
    %assign/vec4 v0xba9e10adb7f0_0, 0;
    %pushi/vec4 3, 0, 3;
    %assign/vec4 v0xba9e109c21a0_0, 0;
T_11.11 ;
    %jmp T_11.7;
T_11.4 ;
    %load/vec4 v0xba9e10affcf0_0;
    %flag_set/vec4 8;
    %jmp/0xz  T_11.12, 8;
    %load/vec4 v0xba9e10a67e50_0;
    %load/vec4 v0xba9e10a78420_0;
    %concati/vec4 0, 0, 8;
    %pad/u 32;
    %add;
    %load/vec4 v0xba9e10b1dd40_0;
    %concati/vec4 0, 0, 3;
    %pad/u 32;
    %add;
    %assign/vec4 v0xba9e10c8a4b0_0, 0;
    %pushi/vec4 1, 0, 1;
    %assign/vec4 v0xba9e10afd0c0_0, 0;
    %load/vec4 v0xba9e109c3d40_0;
    %assign/vec4 v0xba9e10af59a0_0, 0;
    %load/vec4 v0xba9e10a0b1c0_0;
    %addi 1, 0, 5;
    %assign/vec4 v0xba9e10a0b1c0_0, 0;
    %load/vec4 v0xba9e10b1dd40_0;
    %addi 1, 0, 5;
    %assign/vec4 v0xba9e10b1dd40_0, 0;
    %load/vec4 v0xba9e10a0b1c0_0;
    %cmpi/e 31, 0, 5;
    %jmp/0xz  T_11.14, 4;
    %pushi/vec4 1, 0, 1;
    %ix/load 5, 0, 0;
    %ix/getv 4, v0xba9e10a78420_0;
    %assign/vec4/off/d v0xba9e10a25230_0, 4, 5;
    %pushi/vec4 1, 0, 1;
    %assign/vec4 v0xba9e109e3760_0, 0;
    %load/vec4 v0xba9e10a78420_0;
    %assign/vec4 v0xba9e10b106a0_0, 0;
    %pushi/vec4 0, 0, 1;
    %assign/vec4 v0xba9e10c92450_0, 0;
    %pushi/vec4 0, 0, 3;
    %assign/vec4 v0xba9e109c21a0_0, 0;
T_11.14 ;
T_11.12 ;
    %jmp T_11.7;
T_11.5 ;
    %load/vec4 v0xba9e109d8b90_0;
    %flag_set/vec4 8;
    %jmp/0xz  T_11.16, 8;
    %load/vec4 v0xba9e10b31020_0;
    %nor/r;
    %flag_set/vec4 8;
    %jmp/0xz  T_11.18, 8;
    %load/vec4 v0xba9e10b024e0_0;
    %assign/vec4 v0xba9e109c2020_0, 0;
    %pushi/vec4 1, 0, 1;
    %assign/vec4 v0xba9e10b31020_0, 0;
    %load/vec4 v0xba9e10a36c20_0;
    %addi 1, 0, 5;
    %assign/vec4 v0xba9e10a36c20_0, 0;
    %load/vec4 v0xba9e10a36c20_0;
    %cmpi/u 31, 0, 5;
    %jmp/0xz  T_11.20, 5;
    %pushi/vec4 1, 0, 1;
    %assign/vec4 v0xba9e10ae10c0_0, 0;
    %load/vec4 v0xba9e10a78420_0;
    %load/vec4 v0xba9e10a36c20_0;
    %pad/u 32;
    %addi 1, 0, 32;
    %pad/u 5;
    %concat/vec4; draw_concat_vec4
    %assign/vec4 v0xba9e10adb7f0_0, 0;
    %jmp T_11.21;
T_11.20 ;
    %pushi/vec4 4, 0, 3;
    %assign/vec4 v0xba9e109c21a0_0, 0;
T_11.21 ;
    %jmp T_11.19;
T_11.18 ;
    %load/vec4 v0xba9e10affcf0_0;
    %flag_set/vec4 8;
    %jmp/0xz  T_11.22, 8;
    %load/vec4 v0xba9e10a67e50_0;
    %load/vec4 v0xba9e10a78420_0;
    %concati/vec4 0, 0, 8;
    %pad/u 32;
    %add;
    %load/vec4 v0xba9e10b1dd40_0;
    %concati/vec4 0, 0, 3;
    %pad/u 32;
    %add;
    %assign/vec4 v0xba9e10c8a4b0_0, 0;
    %pushi/vec4 1, 0, 1;
    %assign/vec4 v0xba9e10afd0c0_0, 0;
    %load/vec4 v0xba9e109c2020_0;
    %assign/vec4 v0xba9e10af59a0_0, 0;
    %load/vec4 v0xba9e10b1dd40_0;
    %addi 1, 0, 5;
    %assign/vec4 v0xba9e10b1dd40_0, 0;
    %load/vec4 v0xba9e10b024e0_0;
    %assign/vec4 v0xba9e109c2020_0, 0;
    %load/vec4 v0xba9e10a36c20_0;
    %addi 1, 0, 5;
    %assign/vec4 v0xba9e10a36c20_0, 0;
    %load/vec4 v0xba9e10a36c20_0;
    %cmpi/e 31, 0, 5;
    %jmp/0xz  T_11.24, 4;
    %pushi/vec4 4, 0, 3;
    %assign/vec4 v0xba9e109c21a0_0, 0;
    %jmp T_11.25;
T_11.24 ;
    %pushi/vec4 1, 0, 1;
    %assign/vec4 v0xba9e10ae10c0_0, 0;
    %load/vec4 v0xba9e10a78420_0;
    %load/vec4 v0xba9e10a36c20_0;
    %pad/u 32;
    %addi 1, 0, 32;
    %pad/u 5;
    %concat/vec4; draw_concat_vec4
    %assign/vec4 v0xba9e10adb7f0_0, 0;
T_11.25 ;
    %jmp T_11.23;
T_11.22 ;
    %pushi/vec4 1, 0, 1;
    %assign/vec4 v0xba9e10ae10c0_0, 0;
    %load/vec4 v0xba9e10a78420_0;
    %load/vec4 v0xba9e10a36c20_0;
    %concat/vec4; draw_concat_vec4
    %assign/vec4 v0xba9e10adb7f0_0, 0;
T_11.23 ;
T_11.19 ;
    %jmp T_11.17;
T_11.16 ;
    %pushi/vec4 1, 0, 1;
    %assign/vec4 v0xba9e10ae10c0_0, 0;
    %load/vec4 v0xba9e10a78420_0;
    %load/vec4 v0xba9e10a36c20_0;
    %concat/vec4; draw_concat_vec4
    %assign/vec4 v0xba9e10adb7f0_0, 0;
T_11.17 ;
    %jmp T_11.7;
T_11.6 ;
    %load/vec4 v0xba9e10b31020_0;
    %flag_set/vec4 9;
    %flag_get/vec4 9;
    %jmp/0 T_11.28, 9;
    %load/vec4 v0xba9e10affcf0_0;
    %and;
T_11.28;
    %flag_set/vec4 8;
    %jmp/0xz  T_11.26, 8;
    %load/vec4 v0xba9e10a67e50_0;
    %load/vec4 v0xba9e10a78420_0;
    %concati/vec4 0, 0, 8;
    %pad/u 32;
    %add;
    %load/vec4 v0xba9e10b1dd40_0;
    %concati/vec4 0, 0, 3;
    %pad/u 32;
    %add;
    %assign/vec4 v0xba9e10c8a4b0_0, 0;
    %pushi/vec4 1, 0, 1;
    %assign/vec4 v0xba9e10afd0c0_0, 0;
    %load/vec4 v0xba9e109c2020_0;
    %assign/vec4 v0xba9e10af59a0_0, 0;
    %pushi/vec4 0, 0, 1;
    %assign/vec4 v0xba9e10b31020_0, 0;
    %pushi/vec4 1, 0, 1;
    %ix/load 5, 0, 0;
    %ix/getv 4, v0xba9e10a78420_0;
    %assign/vec4/off/d v0xba9e10a25230_0, 4, 5;
    %pushi/vec4 1, 0, 1;
    %assign/vec4 v0xba9e109e3760_0, 0;
    %load/vec4 v0xba9e10a78420_0;
    %assign/vec4 v0xba9e10b106a0_0, 0;
    %pushi/vec4 1, 0, 1;
    %assign/vec4 v0xba9e10c92450_0, 0;
    %pushi/vec4 0, 0, 3;
    %assign/vec4 v0xba9e109c21a0_0, 0;
T_11.26 ;
    %jmp T_11.7;
T_11.7 ;
    %pop/vec4 1;
T_11.1 ;
    %jmp T_11;
    .thread T_11;
    .scope S_0xba9e10b0c890;
T_12 ;
    %pushi/vec4 0, 0, 32;
    %store/vec4 v0xba9e10c8ce40_0, 0, 32;
    %pushi/vec4 0, 0, 32;
    %store/vec4 v0xba9e10c8cd60_0, 0, 32;
    %pushi/vec4 0, 0, 32;
    %store/vec4 v0xba9e10b2a600_0, 0, 32;
    %pushi/str "";
    %store/str v0xba9e10b2f9c0_0;
    %pushi/vec4 0, 0, 1;
    %store/vec4 v0xba9e10b33f60_0, 0, 1;
    %end;
    .thread T_12, $init;
    .scope S_0xba9e10b0c890;
T_13 ;
    %delay 5000, 0;
    %load/vec4 v0xba9e10b33f60_0;
    %inv;
    %store/vec4 v0xba9e10b33f60_0, 0, 1;
    %jmp T_13;
    .thread T_13;
    .scope S_0xba9e10b0c890;
T_14 ;
Ewait_2 .event/or E_0xba9e109e1e60, E_0x0;
    %wait Ewait_2;
    %load/vec4 v0xba9e10c8c2f0_0;
    %store/vec4 v0xba9e10c8c390_0, 0, 1;
    %load/vec4 v0xba9e10be2750_0;
    %parti/s 8, 0, 2;
    %replicate 8;
    %store/vec4 v0xba9e10b19450_0, 0, 64;
    %jmp T_14;
    .thread T_14, $push;
    .scope S_0xba9e10b0c890;
T_15 ;
    %vpi_call/w 3 129 "$dumpfile", "sim/waves/tb_bram_to_dram.vcd" {0 0 0};
    %vpi_call/w 3 130 "$dumpvars", 32'sb00000000000000000000000000000000, S_0xba9e10b0c890 {0 0 0};
    %pushi/vec4 1, 0, 1;
    %store/vec4 v0xba9e10b29e30_0, 0, 1;
    %pushi/vec4 0, 0, 256;
    %store/vec4 v0xba9e109d3290_0, 0, 256;
    %pushi/vec4 0, 0, 1;
    %store/vec4 v0xba9e10b30090_0, 0, 1;
    %pushi/vec4 0, 0, 1;
    %store/vec4 v0xba9e109d3410_0, 0, 1;
    %pushi/vec4 0, 0, 6;
    %store/vec4 v0xba9e109d3350_0, 0, 6;
    %pushi/vec4 1, 0, 1;
    %store/vec4 v0xba9e10b193b0_0, 0, 1;
    %pushi/vec4 0, 0, 32;
    %store/vec4 v0xba9e10b2a560_0, 0, 32;
    %alloc S_0xba9e10c8ba10;
    %pushi/vec4 3, 0, 32;
    %store/vec4 v0xba9e10a36790_0, 0, 32;
    %fork TD_tb_bram_to_dram.tick, S_0xba9e10c8ba10;
    %join;
    %free S_0xba9e10c8ba10;
    %alloc S_0xba9e10b1ae00;
    %pushi/str "TILED TILE - basic transfer AXI always ready";
    %store/str v0xba9e10b2d520_0;
    %fork TD_tb_bram_to_dram.suite, S_0xba9e10b1ae00;
    %join;
    %free S_0xba9e10b1ae00;
    %alloc S_0xba9e10b1d560;
    %fork TD_tb_bram_to_dram.do_reset, S_0xba9e10b1d560;
    %join;
    %free S_0xba9e10b1d560;
    %pushi/vec4 0, 0, 1;
    %store/vec4 v0xba9e109d3410_0, 0, 1;
    %alloc S_0xba9e10c8ba10;
    %pushi/vec4 2, 0, 32;
    %store/vec4 v0xba9e10a36790_0, 0, 32;
    %fork TD_tb_bram_to_dram.tick, S_0xba9e10c8ba10;
    %join;
    %free S_0xba9e10c8ba10;
    %pushi/vec4 1, 0, 1;
    %ix/load 4, 0, 0;
    %flag_set/imm 4, 0;
    %store/vec4 v0xba9e109d3290_0, 4, 1;
    %alloc S_0xba9e10b1d930;
    %pushi/vec4 32, 0, 32;
    %store/vec4 v0xba9e10b16c90_0, 0, 32;
    %fork TD_tb_bram_to_dram.collect_writes, S_0xba9e10b1d930;
    %join;
    %free S_0xba9e10b1d930;
    %alloc S_0xba9e10b1fc60;
    %load/vec4 v0xba9e10b18890_0;
    %pushi/vec4 32, 0, 32;
    %cmp/e;
    %flag_get/vec4 4;
    %store/vec4 v0xba9e10be6540_0, 0, 1;
    %vpi_func/s 3 143 "$sformatf", "32 AXI writes issued (got %0d)", v0xba9e10b18890_0 {0 0 0};
    %store/str v0xba9e10c8d710_0;
    %fork TD_tb_bram_to_dram.check, S_0xba9e10b1fc60;
    %join;
    %free S_0xba9e10b1fc60;
    %pushi/vec4 0, 0, 32;
    %store/vec4 v0xba9e10b183d0_0, 0, 32;
    %pushi/vec4 0, 0, 32;
    %store/vec4 v0xba9e10b1b930_0, 0, 32;
T_15.0 ;
    %load/vec4 v0xba9e10b1b930_0;
    %cmpi/s 32, 0, 32;
    %jmp/0xz T_15.1, 5;
    %pushi/vec4 0, 0, 32;
    %load/vec4 v0xba9e10b1b930_0;
    %muli 8, 0, 32;
    %add;
    %store/vec4 v0xba9e10b30130_0, 0, 32;
    %ix/getv/s 4, v0xba9e10b1b930_0;
    %load/vec4a v0xba9e10b187d0, 4;
    %load/vec4 v0xba9e10b30130_0;
    %cmp/ne;
    %jmp/0xz  T_15.2, 4;
    ; show_stmt_assign_vector: Get l-value for compressed += operand
    %load/vec4 v0xba9e10b183d0_0;
    %pushi/vec4 1, 0, 32;
    %add;
    %cast2;
    %store/vec4 v0xba9e10b183d0_0, 0, 32;
T_15.2 ;
    ; show_stmt_assign_vector: Get l-value for compressed += operand
    %load/vec4 v0xba9e10b1b930_0;
    %pushi/vec4 1, 0, 32;
    %add;
    %cast2;
    %store/vec4 v0xba9e10b1b930_0, 0, 32;
    %jmp T_15.0;
T_15.1 ;
    %alloc S_0xba9e10b1fc60;
    %load/vec4 v0xba9e10b183d0_0;
    %pushi/vec4 0, 0, 32;
    %cmp/e;
    %flag_get/vec4 4;
    %store/vec4 v0xba9e10be6540_0, 0, 1;
    %vpi_func/s 3 150 "$sformatf", "all 32 addresses sequential (%0d errors)", v0xba9e10b183d0_0 {0 0 0};
    %store/str v0xba9e10c8d710_0;
    %fork TD_tb_bram_to_dram.check, S_0xba9e10b1fc60;
    %join;
    %free S_0xba9e10b1fc60;
    %alloc S_0xba9e10b1ae00;
    %pushi/str "TILED TILE - AXI backpressure";
    %store/str v0xba9e10b2d520_0;
    %fork TD_tb_bram_to_dram.suite, S_0xba9e10b1ae00;
    %join;
    %free S_0xba9e10b1ae00;
    %alloc S_0xba9e10b1d560;
    %fork TD_tb_bram_to_dram.do_reset, S_0xba9e10b1d560;
    %join;
    %free S_0xba9e10b1d560;
    %pushi/vec4 0, 0, 1;
    %store/vec4 v0xba9e109d3410_0, 0, 1;
    %pushi/vec4 1, 0, 1;
    %ix/load 4, 1, 0;
    %flag_set/imm 4, 0;
    %store/vec4 v0xba9e109d3290_0, 4, 1;
    %pushi/vec4 0, 0, 32;
    %store/vec4 v0xba9e10b29d70_0, 0, 32;
    %pushi/vec4 0, 0, 32;
    %store/vec4 v0xba9e10be27f0_0, 0, 32;
    %pushi/vec4 0, 0, 32;
    %store/vec4 v0xba9e10b18890_0, 0, 32;
    %pushi/vec4 1, 0, 1;
    %store/vec4 v0xba9e10b193b0_0, 0, 1;
T_15.4 ;
    %load/vec4 v0xba9e10be27f0_0;
    %cmpi/s 32, 0, 32;
    %jmp/0xz T_15.5, 5;
    %wait E_0xba9e109dd6e0;
    %delay 1000, 0;
    ; show_stmt_assign_vector: Get l-value for compressed += operand
    %load/vec4 v0xba9e10b29d70_0;
    %pushi/vec4 1, 0, 32;
    %add;
    %cast2;
    %store/vec4 v0xba9e10b29d70_0, 0, 32;
    %load/vec4 v0xba9e10b29d70_0;
    %cmpi/e 3, 0, 32;
    %jmp/0xz  T_15.6, 4;
    %pushi/vec4 1, 0, 1;
    %store/vec4 v0xba9e10b193b0_0, 0, 1;
    %jmp T_15.7;
T_15.6 ;
    %load/vec4 v0xba9e10b29d70_0;
    %cmpi/e 6, 0, 32;
    %jmp/0xz  T_15.8, 4;
    %pushi/vec4 0, 0, 1;
    %store/vec4 v0xba9e10b193b0_0, 0, 1;
    %pushi/vec4 0, 0, 32;
    %store/vec4 v0xba9e10b29d70_0, 0, 32;
T_15.8 ;
T_15.7 ;
    %load/vec4 v0xba9e10b18c80_0;
    %flag_set/vec4 8;
    %jmp/0xz  T_15.10, 8;
    %load/vec4 v0xba9e10b18bc0_0;
    %ix/getv/s 4, v0xba9e10be27f0_0;
    %store/vec4a v0xba9e10b1ef20, 4, 0;
    %load/vec4 v0xba9e10b1efe0_0;
    %ix/getv/s 4, v0xba9e10be27f0_0;
    %store/vec4a v0xba9e10b187d0, 4, 0;
    ; show_stmt_assign_vector: Get l-value for compressed += operand
    %load/vec4 v0xba9e10be27f0_0;
    %pushi/vec4 1, 0, 32;
    %add;
    %cast2;
    %store/vec4 v0xba9e10be27f0_0, 0, 32;
    %load/vec4 v0xba9e10be27f0_0;
    %store/vec4 v0xba9e10b18890_0, 0, 32;
T_15.10 ;
    %jmp T_15.4;
T_15.5 ;
    %pushi/vec4 1, 0, 1;
    %store/vec4 v0xba9e10b193b0_0, 0, 1;
    %alloc S_0xba9e10b1fc60;
    %load/vec4 v0xba9e10b18890_0;
    %pushi/vec4 32, 0, 32;
    %cmp/e;
    %flag_get/vec4 4;
    %store/vec4 v0xba9e10be6540_0, 0, 1;
    %vpi_func/s 3 174 "$sformatf", "backpressure: still 32 writes (got %0d)", v0xba9e10b18890_0 {0 0 0};
    %store/str v0xba9e10c8d710_0;
    %fork TD_tb_bram_to_dram.check, S_0xba9e10b1fc60;
    %join;
    %free S_0xba9e10b1fc60;
    %alloc S_0xba9e10b1ae00;
    %pushi/str "FLOOD FILLED TILE - solid colour in all AXI writes";
    %store/str v0xba9e10b2d520_0;
    %fork TD_tb_bram_to_dram.suite, S_0xba9e10b1ae00;
    %join;
    %free S_0xba9e10b1ae00;
    %alloc S_0xba9e10b1d560;
    %fork TD_tb_bram_to_dram.do_reset, S_0xba9e10b1d560;
    %join;
    %free S_0xba9e10b1d560;
    %pushi/vec4 1, 0, 1;
    %store/vec4 v0xba9e109d3410_0, 0, 1;
    %pushi/vec4 42, 0, 6;
    %store/vec4 v0xba9e109d3350_0, 0, 6;
    %pushi/vec4 1, 0, 1;
    %ix/load 4, 0, 0;
    %flag_set/imm 4, 0;
    %store/vec4 v0xba9e109d3290_0, 4, 1;
    %alloc S_0xba9e10b1d930;
    %pushi/vec4 32, 0, 32;
    %store/vec4 v0xba9e10b16c90_0, 0, 32;
    %fork TD_tb_bram_to_dram.collect_writes, S_0xba9e10b1d930;
    %join;
    %free S_0xba9e10b1d930;
    %alloc S_0xba9e10b1fc60;
    %load/vec4 v0xba9e10b18890_0;
    %pushi/vec4 32, 0, 32;
    %cmp/e;
    %flag_get/vec4 4;
    %store/vec4 v0xba9e10be6540_0, 0, 1;
    %vpi_func/s 3 183 "$sformatf", "flood fill: 32 AXI writes (got %0d)", v0xba9e10b18890_0 {0 0 0};
    %store/str v0xba9e10c8d710_0;
    %fork TD_tb_bram_to_dram.check, S_0xba9e10b1fc60;
    %join;
    %free S_0xba9e10b1fc60;
    %pushi/vec4 0, 0, 32;
    %store/vec4 v0xba9e10b2f8e0_0, 0, 32;
    %pushi/vec4 0, 0, 32;
    %store/vec4 v0xba9e10b1b930_0, 0, 32;
T_15.12 ;
    %load/vec4 v0xba9e10b1b930_0;
    %cmpi/s 32, 0, 32;
    %jmp/0xz T_15.13, 5;
    %ix/getv/s 4, v0xba9e10b1b930_0;
    %load/vec4a v0xba9e10b1ef20, 4;
    %parti/s 8, 0, 2;
    %cmpi/ne 42, 0, 8;
    %jmp/0xz  T_15.14, 4;
    ; show_stmt_assign_vector: Get l-value for compressed += operand
    %load/vec4 v0xba9e10b2f8e0_0;
    %pushi/vec4 1, 0, 32;
    %add;
    %cast2;
    %store/vec4 v0xba9e10b2f8e0_0, 0, 32;
T_15.14 ;
    %ix/getv/s 4, v0xba9e10b1b930_0;
    %load/vec4a v0xba9e10b1ef20, 4;
    %parti/s 8, 8, 5;
    %cmpi/ne 42, 0, 8;
    %jmp/0xz  T_15.16, 4;
    ; show_stmt_assign_vector: Get l-value for compressed += operand
    %load/vec4 v0xba9e10b2f8e0_0;
    %pushi/vec4 1, 0, 32;
    %add;
    %cast2;
    %store/vec4 v0xba9e10b2f8e0_0, 0, 32;
T_15.16 ;
    %ix/getv/s 4, v0xba9e10b1b930_0;
    %load/vec4a v0xba9e10b1ef20, 4;
    %parti/s 8, 16, 6;
    %cmpi/ne 42, 0, 8;
    %jmp/0xz  T_15.18, 4;
    ; show_stmt_assign_vector: Get l-value for compressed += operand
    %load/vec4 v0xba9e10b2f8e0_0;
    %pushi/vec4 1, 0, 32;
    %add;
    %cast2;
    %store/vec4 v0xba9e10b2f8e0_0, 0, 32;
T_15.18 ;
    %ix/getv/s 4, v0xba9e10b1b930_0;
    %load/vec4a v0xba9e10b1ef20, 4;
    %parti/s 8, 24, 6;
    %cmpi/ne 42, 0, 8;
    %jmp/0xz  T_15.20, 4;
    ; show_stmt_assign_vector: Get l-value for compressed += operand
    %load/vec4 v0xba9e10b2f8e0_0;
    %pushi/vec4 1, 0, 32;
    %add;
    %cast2;
    %store/vec4 v0xba9e10b2f8e0_0, 0, 32;
T_15.20 ;
    %ix/getv/s 4, v0xba9e10b1b930_0;
    %load/vec4a v0xba9e10b1ef20, 4;
    %parti/s 8, 32, 7;
    %cmpi/ne 42, 0, 8;
    %jmp/0xz  T_15.22, 4;
    ; show_stmt_assign_vector: Get l-value for compressed += operand
    %load/vec4 v0xba9e10b2f8e0_0;
    %pushi/vec4 1, 0, 32;
    %add;
    %cast2;
    %store/vec4 v0xba9e10b2f8e0_0, 0, 32;
T_15.22 ;
    %ix/getv/s 4, v0xba9e10b1b930_0;
    %load/vec4a v0xba9e10b1ef20, 4;
    %parti/s 8, 40, 7;
    %cmpi/ne 42, 0, 8;
    %jmp/0xz  T_15.24, 4;
    ; show_stmt_assign_vector: Get l-value for compressed += operand
    %load/vec4 v0xba9e10b2f8e0_0;
    %pushi/vec4 1, 0, 32;
    %add;
    %cast2;
    %store/vec4 v0xba9e10b2f8e0_0, 0, 32;
T_15.24 ;
    %ix/getv/s 4, v0xba9e10b1b930_0;
    %load/vec4a v0xba9e10b1ef20, 4;
    %parti/s 8, 48, 7;
    %cmpi/ne 42, 0, 8;
    %jmp/0xz  T_15.26, 4;
    ; show_stmt_assign_vector: Get l-value for compressed += operand
    %load/vec4 v0xba9e10b2f8e0_0;
    %pushi/vec4 1, 0, 32;
    %add;
    %cast2;
    %store/vec4 v0xba9e10b2f8e0_0, 0, 32;
T_15.26 ;
    %ix/getv/s 4, v0xba9e10b1b930_0;
    %load/vec4a v0xba9e10b1ef20, 4;
    %parti/s 8, 56, 7;
    %cmpi/ne 42, 0, 8;
    %jmp/0xz  T_15.28, 4;
    ; show_stmt_assign_vector: Get l-value for compressed += operand
    %load/vec4 v0xba9e10b2f8e0_0;
    %pushi/vec4 1, 0, 32;
    %add;
    %cast2;
    %store/vec4 v0xba9e10b2f8e0_0, 0, 32;
T_15.28 ;
    ; show_stmt_assign_vector: Get l-value for compressed += operand
    %load/vec4 v0xba9e10b1b930_0;
    %pushi/vec4 1, 0, 32;
    %add;
    %cast2;
    %store/vec4 v0xba9e10b1b930_0, 0, 32;
    %jmp T_15.12;
T_15.13 ;
    %alloc S_0xba9e10b1fc60;
    %load/vec4 v0xba9e10b2f8e0_0;
    %pushi/vec4 0, 0, 32;
    %cmp/e;
    %flag_get/vec4 4;
    %store/vec4 v0xba9e10be6540_0, 0, 1;
    %vpi_func/s 3 196 "$sformatf", "flood fill: all words are fill colour (%0d errors)", v0xba9e10b2f8e0_0 {0 0 0};
    %store/str v0xba9e10c8d710_0;
    %fork TD_tb_bram_to_dram.check, S_0xba9e10b1fc60;
    %join;
    %free S_0xba9e10b1fc60;
    %alloc S_0xba9e10b1ae00;
    %pushi/str "FLOOD FILL - cache_valid=0";
    %store/str v0xba9e10b2d520_0;
    %fork TD_tb_bram_to_dram.suite, S_0xba9e10b1ae00;
    %join;
    %free S_0xba9e10b1ae00;
    %alloc S_0xba9e10b1d560;
    %fork TD_tb_bram_to_dram.do_reset, S_0xba9e10b1d560;
    %join;
    %free S_0xba9e10b1d560;
    %pushi/vec4 1, 0, 1;
    %store/vec4 v0xba9e109d3410_0, 0, 1;
    %pushi/vec4 15, 0, 6;
    %store/vec4 v0xba9e109d3350_0, 0, 6;
    %pushi/vec4 1, 0, 1;
    %ix/load 4, 5, 0;
    %flag_set/imm 4, 0;
    %store/vec4 v0xba9e109d3290_0, 4, 1;
    %pushi/vec4 0, 0, 1;
    %store/vec4 v0xba9e10b1a9d0_0, 0, 1;
    %pushi/vec4 0, 0, 1;
    %store/vec4 v0xba9e10b1b870_0, 0, 1;
    %pushi/vec4 0, 0, 8;
    %store/vec4 v0xba9e10b1a8f0_0, 0, 8;
    %pushi/vec4 100, 0, 32;
T_15.30 %dup/vec4;
    %pushi/vec4 0, 0, 32;
    %cmp/s;
    %jmp/1xz T_15.31, 5;
    %jmp/1 T_15.31, 4;
    %pushi/vec4 1, 0, 32;
    %sub;
    %wait E_0xba9e109dd6e0;
    %delay 1000, 0;
    %load/vec4 v0xba9e10b33ec0_0;
    %flag_set/vec4 8;
    %jmp/0xz  T_15.32, 8;
    %pushi/vec4 1, 0, 1;
    %store/vec4 v0xba9e10b1a9d0_0, 0, 1;
    %load/vec4 v0xba9e10b0ce40_0;
    %store/vec4 v0xba9e10b1b870_0, 0, 1;
    %load/vec4 v0xba9e10b0cd80_0;
    %store/vec4 v0xba9e10b1a8f0_0, 0, 8;
T_15.32 ;
    %jmp T_15.30;
T_15.31 ;
    %pop/vec4 1;
    %alloc S_0xba9e10b1fc60;
    %load/vec4 v0xba9e10b1a9d0_0;
    %store/vec4 v0xba9e10be6540_0, 0, 1;
    %pushi/str "cache_valid_wr_en pulsed";
    %store/str v0xba9e10c8d710_0;
    %fork TD_tb_bram_to_dram.check, S_0xba9e10b1fc60;
    %join;
    %free S_0xba9e10b1fc60;
    %alloc S_0xba9e10b1fc60;
    %load/vec4 v0xba9e10b1b870_0;
    %pushi/vec4 0, 0, 1;
    %cmp/e;
    %flag_get/vec4 4;
    %store/vec4 v0xba9e10be6540_0, 0, 1;
    %pushi/str "cache_valid=0 for flood fill";
    %store/str v0xba9e10c8d710_0;
    %fork TD_tb_bram_to_dram.check, S_0xba9e10b1fc60;
    %join;
    %free S_0xba9e10b1fc60;
    %alloc S_0xba9e10b1fc60;
    %load/vec4 v0xba9e10b1a8f0_0;
    %pushi/vec4 5, 0, 8;
    %cmp/e;
    %flag_get/vec4 4;
    %store/vec4 v0xba9e10be6540_0, 0, 1;
    %pushi/str "cache_valid_index=5";
    %store/str v0xba9e10c8d710_0;
    %fork TD_tb_bram_to_dram.check, S_0xba9e10b1fc60;
    %join;
    %free S_0xba9e10b1fc60;
    %alloc S_0xba9e10b1ae00;
    %pushi/str "TILED TILE - cache_valid=1";
    %store/str v0xba9e10b2d520_0;
    %fork TD_tb_bram_to_dram.suite, S_0xba9e10b1ae00;
    %join;
    %free S_0xba9e10b1ae00;
    %alloc S_0xba9e10b1d560;
    %fork TD_tb_bram_to_dram.do_reset, S_0xba9e10b1d560;
    %join;
    %free S_0xba9e10b1d560;
    %pushi/vec4 0, 0, 1;
    %store/vec4 v0xba9e109d3410_0, 0, 1;
    %pushi/vec4 1, 0, 1;
    %ix/load 4, 3, 0;
    %flag_set/imm 4, 0;
    %store/vec4 v0xba9e109d3290_0, 4, 1;
    %pushi/vec4 0, 0, 1;
    %store/vec4 v0xba9e10b1a9d0_0, 0, 1;
    %pushi/vec4 0, 0, 1;
    %store/vec4 v0xba9e10b1b870_0, 0, 1;
    %pushi/vec4 150, 0, 32;
T_15.34 %dup/vec4;
    %pushi/vec4 0, 0, 32;
    %cmp/s;
    %jmp/1xz T_15.35, 5;
    %jmp/1 T_15.35, 4;
    %pushi/vec4 1, 0, 32;
    %sub;
    %wait E_0xba9e109dd6e0;
    %delay 1000, 0;
    %load/vec4 v0xba9e10b33ec0_0;
    %flag_set/vec4 9;
    %flag_get/vec4 9;
    %jmp/0 T_15.38, 9;
    %load/vec4 v0xba9e10b0cd80_0;
    %pushi/vec4 3, 0, 8;
    %cmp/e;
    %flag_get/vec4 4;
    %and;
T_15.38;
    %flag_set/vec4 8;
    %jmp/0xz  T_15.36, 8;
    %pushi/vec4 1, 0, 1;
    %store/vec4 v0xba9e10b1a9d0_0, 0, 1;
    %load/vec4 v0xba9e10b0ce40_0;
    %store/vec4 v0xba9e10b1b870_0, 0, 1;
T_15.36 ;
    %jmp T_15.34;
T_15.35 ;
    %pop/vec4 1;
    %alloc S_0xba9e10b1fc60;
    %load/vec4 v0xba9e10b1a9d0_0;
    %store/vec4 v0xba9e10be6540_0, 0, 1;
    %pushi/str "cache_valid_wr_en pulsed for tile 3";
    %store/str v0xba9e10c8d710_0;
    %fork TD_tb_bram_to_dram.check, S_0xba9e10b1fc60;
    %join;
    %free S_0xba9e10b1fc60;
    %alloc S_0xba9e10b1fc60;
    %load/vec4 v0xba9e10b1b870_0;
    %pushi/vec4 1, 0, 1;
    %cmp/e;
    %flag_get/vec4 4;
    %store/vec4 v0xba9e10be6540_0, 0, 1;
    %pushi/str "cache_valid=1 for tiled tile";
    %store/str v0xba9e10c8d710_0;
    %fork TD_tb_bram_to_dram.check, S_0xba9e10b1fc60;
    %join;
    %free S_0xba9e10b1fc60;
    %alloc S_0xba9e10b1ae00;
    %pushi/str "MULTIPLE TILES - 3 tiled tiles sequentially";
    %store/str v0xba9e10b2d520_0;
    %fork TD_tb_bram_to_dram.suite, S_0xba9e10b1ae00;
    %join;
    %free S_0xba9e10b1ae00;
    %alloc S_0xba9e10b1d560;
    %fork TD_tb_bram_to_dram.do_reset, S_0xba9e10b1d560;
    %join;
    %free S_0xba9e10b1d560;
    %pushi/vec4 0, 0, 1;
    %store/vec4 v0xba9e109d3410_0, 0, 1;
    %pushi/vec4 1, 0, 1;
    %ix/load 4, 0, 0;
    %flag_set/imm 4, 0;
    %store/vec4 v0xba9e109d3290_0, 4, 1;
    %pushi/vec4 1, 0, 1;
    %ix/load 4, 1, 0;
    %flag_set/imm 4, 0;
    %store/vec4 v0xba9e109d3290_0, 4, 1;
    %pushi/vec4 1, 0, 1;
    %ix/load 4, 2, 0;
    %flag_set/imm 4, 0;
    %store/vec4 v0xba9e109d3290_0, 4, 1;
    %pushi/vec4 0, 0, 32;
    %store/vec4 v0xba9e10c8b5b0_0, 0, 32;
    %pushi/vec4 300, 0, 32;
T_15.39 %dup/vec4;
    %pushi/vec4 0, 0, 32;
    %cmp/s;
    %jmp/1xz T_15.40, 5;
    %jmp/1 T_15.40, 4;
    %pushi/vec4 1, 0, 32;
    %sub;
    %wait E_0xba9e109dd6e0;
    %delay 1000, 0;
    %load/vec4 v0xba9e10b18c80_0;
    %flag_set/vec4 9;
    %flag_get/vec4 9;
    %jmp/0 T_15.43, 9;
    %load/vec4 v0xba9e10b193b0_0;
    %and;
T_15.43;
    %flag_set/vec4 8;
    %jmp/0xz  T_15.41, 8;
    ; show_stmt_assign_vector: Get l-value for compressed += operand
    %load/vec4 v0xba9e10c8b5b0_0;
    %pushi/vec4 1, 0, 32;
    %add;
    %cast2;
    %store/vec4 v0xba9e10c8b5b0_0, 0, 32;
T_15.41 ;
    %jmp T_15.39;
T_15.40 ;
    %pop/vec4 1;
    %alloc S_0xba9e10b1fc60;
    %load/vec4 v0xba9e10c8b5b0_0;
    %pushi/vec4 96, 0, 32;
    %cmp/e;
    %flag_get/vec4 4;
    %store/vec4 v0xba9e10be6540_0, 0, 1;
    %vpi_func/s 3 241 "$sformatf", "3 tiles: 96 total writes (got %0d)", v0xba9e10c8b5b0_0 {0 0 0};
    %store/str v0xba9e10c8d710_0;
    %fork TD_tb_bram_to_dram.check, S_0xba9e10b1fc60;
    %join;
    %free S_0xba9e10b1fc60;
    %alloc S_0xba9e10b1ae00;
    %pushi/str "QUARTER COMPLETE - needs both all-transferred and engine_done";
    %store/str v0xba9e10b2d520_0;
    %fork TD_tb_bram_to_dram.suite, S_0xba9e10b1ae00;
    %join;
    %free S_0xba9e10b1ae00;
    %alloc S_0xba9e10b1d560;
    %fork TD_tb_bram_to_dram.do_reset, S_0xba9e10b1d560;
    %join;
    %free S_0xba9e10b1d560;
    %pushi/vec4 1, 0, 1;
    %store/vec4 v0xba9e109d3410_0, 0, 1;
    %pushi/vec4 1, 0, 6;
    %store/vec4 v0xba9e109d3350_0, 0, 6;
    %pushi/vec4 4294967295, 0, 32;
    %concati/vec4 4294967295, 0, 32;
    %concati/vec4 4294967295, 0, 32;
    %concati/vec4 4294967295, 0, 32;
    %concati/vec4 4294967295, 0, 32;
    %concati/vec4 4294967295, 0, 32;
    %concati/vec4 4294967295, 0, 32;
    %concati/vec4 4294967295, 0, 32;
    %store/vec4 v0xba9e109d3290_0, 0, 256;
    %pushi/vec4 0, 0, 1;
    %store/vec4 v0xba9e10b30090_0, 0, 1;
    %pushi/vec4 10000, 0, 32;
T_15.44 %dup/vec4;
    %pushi/vec4 0, 0, 32;
    %cmp/s;
    %jmp/1xz T_15.45, 5;
    %jmp/1 T_15.45, 4;
    %pushi/vec4 1, 0, 32;
    %sub;
    %alloc S_0xba9e10c8ba10;
    %pushi/vec4 1, 0, 32;
    %store/vec4 v0xba9e10a36790_0, 0, 32;
    %fork TD_tb_bram_to_dram.tick, S_0xba9e10c8ba10;
    %join;
    %free S_0xba9e10c8ba10;
    %jmp T_15.44;
T_15.45 ;
    %pop/vec4 1;
    %alloc S_0xba9e10b1fc60;
    %load/vec4 v0xba9e10b1f770_0;
    %nor/r;
    %store/vec4 v0xba9e10be6540_0, 0, 1;
    %pushi/str "quarter_complete low without engine_done";
    %store/str v0xba9e10c8d710_0;
    %fork TD_tb_bram_to_dram.check, S_0xba9e10b1fc60;
    %join;
    %free S_0xba9e10b1fc60;
    %pushi/vec4 1, 0, 1;
    %store/vec4 v0xba9e10b30090_0, 0, 1;
    %alloc S_0xba9e10c8ba10;
    %pushi/vec4 5, 0, 32;
    %store/vec4 v0xba9e10a36790_0, 0, 32;
    %fork TD_tb_bram_to_dram.tick, S_0xba9e10c8ba10;
    %join;
    %free S_0xba9e10c8ba10;
    %alloc S_0xba9e10b1fc60;
    %load/vec4 v0xba9e10b1f770_0;
    %store/vec4 v0xba9e10be6540_0, 0, 1;
    %pushi/str "quarter_complete after engine_done";
    %store/str v0xba9e10c8d710_0;
    %fork TD_tb_bram_to_dram.check, S_0xba9e10b1fc60;
    %join;
    %free S_0xba9e10b1fc60;
    %alloc S_0xba9e10b1ae00;
    %pushi/str "QUARTER COMPLETE - engine_done before tiles";
    %store/str v0xba9e10b2d520_0;
    %fork TD_tb_bram_to_dram.suite, S_0xba9e10b1ae00;
    %join;
    %free S_0xba9e10b1ae00;
    %alloc S_0xba9e10b1d560;
    %fork TD_tb_bram_to_dram.do_reset, S_0xba9e10b1d560;
    %join;
    %free S_0xba9e10b1d560;
    %pushi/vec4 1, 0, 1;
    %store/vec4 v0xba9e109d3410_0, 0, 1;
    %pushi/vec4 1, 0, 6;
    %store/vec4 v0xba9e109d3350_0, 0, 6;
    %pushi/vec4 1, 0, 1;
    %store/vec4 v0xba9e10b30090_0, 0, 1;
    %alloc S_0xba9e10c8ba10;
    %pushi/vec4 2, 0, 32;
    %store/vec4 v0xba9e10a36790_0, 0, 32;
    %fork TD_tb_bram_to_dram.tick, S_0xba9e10c8ba10;
    %join;
    %free S_0xba9e10c8ba10;
    %alloc S_0xba9e10b1fc60;
    %load/vec4 v0xba9e10b1f770_0;
    %nor/r;
    %store/vec4 v0xba9e10be6540_0, 0, 1;
    %pushi/str "quarter_complete low before any tiles transferred";
    %store/str v0xba9e10c8d710_0;
    %fork TD_tb_bram_to_dram.check, S_0xba9e10b1fc60;
    %join;
    %free S_0xba9e10b1fc60;
    %pushi/vec4 4294967295, 0, 32;
    %concati/vec4 4294967295, 0, 32;
    %concati/vec4 4294967295, 0, 32;
    %concati/vec4 4294967295, 0, 32;
    %concati/vec4 4294967295, 0, 32;
    %concati/vec4 4294967295, 0, 32;
    %concati/vec4 4294967295, 0, 32;
    %concati/vec4 4294967295, 0, 32;
    %store/vec4 v0xba9e109d3290_0, 0, 256;
    %pushi/vec4 10000, 0, 32;
T_15.46 %dup/vec4;
    %pushi/vec4 0, 0, 32;
    %cmp/s;
    %jmp/1xz T_15.47, 5;
    %jmp/1 T_15.47, 4;
    %pushi/vec4 1, 0, 32;
    %sub;
    %alloc S_0xba9e10c8ba10;
    %pushi/vec4 1, 0, 32;
    %store/vec4 v0xba9e10a36790_0, 0, 32;
    %fork TD_tb_bram_to_dram.tick, S_0xba9e10c8ba10;
    %join;
    %free S_0xba9e10c8ba10;
    %jmp T_15.46;
T_15.47 ;
    %pop/vec4 1;
    %alloc S_0xba9e10b1fc60;
    %load/vec4 v0xba9e10b1f770_0;
    %store/vec4 v0xba9e10be6540_0, 0, 1;
    %pushi/str "quarter_complete after all tiles transferred";
    %store/str v0xba9e10c8d710_0;
    %fork TD_tb_bram_to_dram.check, S_0xba9e10b1fc60;
    %join;
    %free S_0xba9e10b1fc60;
    %alloc S_0xba9e10b1ae00;
    %pushi/str "BASE ADDRESS - AXI addresses respect sixteenth_base_addr";
    %store/str v0xba9e10b2d520_0;
    %fork TD_tb_bram_to_dram.suite, S_0xba9e10b1ae00;
    %join;
    %free S_0xba9e10b1ae00;
    %alloc S_0xba9e10b1d560;
    %fork TD_tb_bram_to_dram.do_reset, S_0xba9e10b1d560;
    %join;
    %free S_0xba9e10b1d560;
    %pushi/vec4 1048576, 0, 32;
    %store/vec4 v0xba9e10b2a560_0, 0, 32;
    %pushi/vec4 0, 0, 1;
    %store/vec4 v0xba9e109d3410_0, 0, 1;
    %alloc S_0xba9e10c8ba10;
    %pushi/vec4 2, 0, 32;
    %store/vec4 v0xba9e10a36790_0, 0, 32;
    %fork TD_tb_bram_to_dram.tick, S_0xba9e10c8ba10;
    %join;
    %free S_0xba9e10c8ba10;
    %pushi/vec4 1, 0, 1;
    %ix/load 4, 0, 0;
    %flag_set/imm 4, 0;
    %store/vec4 v0xba9e109d3290_0, 4, 1;
    %alloc S_0xba9e10b1d930;
    %pushi/vec4 32, 0, 32;
    %store/vec4 v0xba9e10b16c90_0, 0, 32;
    %fork TD_tb_bram_to_dram.collect_writes, S_0xba9e10b1d930;
    %join;
    %free S_0xba9e10b1d930;
    %alloc S_0xba9e10b1fc60;
    %ix/load 4, 0, 0;
    %flag_set/imm 4, 0;
    %load/vec4a v0xba9e10b187d0, 4;
    %pushi/vec4 1048576, 0, 32;
    %cmp/e;
    %flag_get/vec4 4;
    %store/vec4 v0xba9e10be6540_0, 0, 1;
    %vpi_func/s 3 271 "$sformatf", "first write at base (got 0x%08X)", &A<v0xba9e10b187d0, 0> {0 0 0};
    %store/str v0xba9e10c8d710_0;
    %fork TD_tb_bram_to_dram.check, S_0xba9e10b1fc60;
    %join;
    %free S_0xba9e10b1fc60;
    %alloc S_0xba9e10b1fc60;
    %ix/load 4, 1, 0;
    %flag_set/imm 4, 0;
    %load/vec4a v0xba9e10b187d0, 4;
    %pushi/vec4 1048584, 0, 32;
    %cmp/e;
    %flag_get/vec4 4;
    %store/vec4 v0xba9e10be6540_0, 0, 1;
    %vpi_func/s 3 273 "$sformatf", "second write at base+8 (got 0x%08X)", &A<v0xba9e10b187d0, 1> {0 0 0};
    %store/str v0xba9e10c8d710_0;
    %fork TD_tb_bram_to_dram.check, S_0xba9e10b1fc60;
    %join;
    %free S_0xba9e10b1fc60;
    %alloc S_0xba9e10b1fc60;
    %ix/load 4, 31, 0;
    %flag_set/imm 4, 0;
    %load/vec4a v0xba9e10b187d0, 4;
    %pushi/vec4 1048824, 0, 32;
    %cmp/e;
    %flag_get/vec4 4;
    %store/vec4 v0xba9e10be6540_0, 0, 1;
    %vpi_func/s 3 275 "$sformatf", "last write at base+248 (got 0x%08X)", &A<v0xba9e10b187d0, 31> {0 0 0};
    %store/str v0xba9e10c8d710_0;
    %fork TD_tb_bram_to_dram.check, S_0xba9e10b1fc60;
    %join;
    %free S_0xba9e10b1fc60;
    %alloc S_0xba9e10b216b0;
    %fork TD_tb_bram_to_dram.summary, S_0xba9e10b216b0;
    %join;
    %free S_0xba9e10b216b0;
    %vpi_call/w 3 278 "$finish" {0 0 0};
    %end;
    .thread T_15;
    .scope S_0xba9e10b0c890;
T_16 ;
    %delay 1215752192, 23;
    %vpi_call/w 3 281 "$display", "[TIMEOUT]" {0 0 0};
    %vpi_call/w 3 281 "$finish" {0 0 0};
    %end;
    .thread T_16;
    .scope S_0xba9e10dbcd00;
T_17 ;
    %wait E_0xba9e109de160;
    %load/vec4 v0xba9e10dbdd10_0;
    %flag_set/vec4 8;
    %jmp/0xz  T_17.0, 8;
    %pushi/vec4 0, 0, 2;
    %assign/vec4 v0xba9e10dbe230_0, 0;
    %pushi/vec4 0, 0, 4;
    %assign/vec4 v0xba9e10dbdf80_0, 0;
    %pushi/vec4 0, 0, 1;
    %assign/vec4 v0xba9e10dbd100_0, 0;
    %pushi/vec4 0, 0, 1;
    %assign/vec4 v0xba9e10dbe140_0, 0;
    %pushi/vec4 1, 0, 1;
    %assign/vec4 v0xba9e10dbd970_0, 0;
    %pushi/vec4 0, 0, 5;
    %assign/vec4 v0xba9e10dbda30_0, 0;
    %pushi/vec4 0, 0, 32;
    %assign/vec4 v0xba9e10dbd1e0_0, 0;
    %pushi/vec4 0, 0, 32;
    %assign/vec4 v0xba9e10dbd2a0_0, 0;
    %pushi/vec4 0, 0, 32;
    %assign/vec4 v0xba9e10dbe470_0, 0;
    %pushi/vec4 0, 0, 12;
    %assign/vec4 v0xba9e10dbdaf0_0, 0;
    %pushi/vec4 0, 0, 10;
    %assign/vec4 v0xba9e10dbe2f0_0, 0;
    %pushi/vec4 0, 0, 10;
    %assign/vec4 v0xba9e10dbe3b0_0, 0;
    %pushi/vec4 0, 0, 32;
    %assign/vec4 v0xba9e10dbddb0_0, 0;
    %jmp T_17.1;
T_17.0 ;
    %pushi/vec4 0, 0, 1;
    %assign/vec4 v0xba9e10dbd100_0, 0;
    %pushi/vec4 0, 0, 1;
    %assign/vec4 v0xba9e10dbe140_0, 0;
    %load/vec4 v0xba9e10dbe230_0;
    %dup/vec4;
    %pushi/vec4 0, 0, 2;
    %cmp/u;
    %jmp/1 T_17.2, 6;
    %dup/vec4;
    %pushi/vec4 1, 0, 2;
    %cmp/u;
    %jmp/1 T_17.3, 6;
    %dup/vec4;
    %pushi/vec4 2, 0, 2;
    %cmp/u;
    %jmp/1 T_17.4, 6;
    %dup/vec4;
    %pushi/vec4 3, 0, 2;
    %cmp/u;
    %jmp/1 T_17.5, 6;
    %jmp T_17.6;
T_17.2 ;
    %pushi/vec4 1, 0, 1;
    %assign/vec4 v0xba9e10dbd970_0, 0;
    %pushi/vec4 0, 0, 4;
    %assign/vec4 v0xba9e10dbdf80_0, 0;
    %load/vec4 v0xba9e10dbdbb0_0;
    %flag_set/vec4 8;
    %jmp/0xz  T_17.7, 8;
    %load/vec4 v0xba9e10dbd550_0;
    %assign/vec4 v0xba9e10dbda30_0, 0;
    %load/vec4 v0xba9e10dbd340_0;
    %assign/vec4 v0xba9e10dbd1e0_0, 0;
    %load/vec4 v0xba9e10dbd420_0;
    %assign/vec4 v0xba9e10dbd2a0_0, 0;
    %load/vec4 v0xba9e10dbd7f0_0;
    %assign/vec4 v0xba9e10dbe470_0, 0;
    %load/vec4 v0xba9e10dbd710_0;
    %assign/vec4 v0xba9e10dbdaf0_0, 0;
    %pushi/vec4 1, 0, 2;
    %assign/vec4 v0xba9e10dbe230_0, 0;
T_17.7 ;
    %jmp T_17.6;
T_17.3 ;
    %pushi/vec4 1, 0, 1;
    %assign/vec4 v0xba9e10dbd970_0, 0;
    %load/vec4 v0xba9e10dbdec0_0;
    %concati/vec4 0, 0, 8;
    %assign/vec4 v0xba9e10dbe2f0_0, 0;
    %load/vec4 v0xba9e10dbe060_0;
    %concati/vec4 0, 0, 8;
    %assign/vec4 v0xba9e10dbe3b0_0, 0;
    %load/vec4 v0xba9e10dbd630_0;
    %load/vec4 v0xba9e10dbdf80_0;
    %pad/u 32;
    %muli 66048, 0, 32;
    %add;
    %assign/vec4 v0xba9e10dbddb0_0, 0;
    %pushi/vec4 2, 0, 2;
    %assign/vec4 v0xba9e10dbe230_0, 0;
    %jmp T_17.6;
T_17.4 ;
    %pushi/vec4 0, 0, 1;
    %assign/vec4 v0xba9e10dbd970_0, 0;
    %pushi/vec4 1, 0, 1;
    %assign/vec4 v0xba9e10dbe140_0, 0;
    %load/vec4 v0xba9e10dbdc70_0;
    %flag_set/vec4 8;
    %jmp/0xz  T_17.9, 8;
    %pushi/vec4 0, 0, 1;
    %assign/vec4 v0xba9e10dbe140_0, 0;
    %pushi/vec4 3, 0, 2;
    %assign/vec4 v0xba9e10dbe230_0, 0;
T_17.9 ;
    %jmp T_17.6;
T_17.5 ;
    %pushi/vec4 1, 0, 1;
    %assign/vec4 v0xba9e10dbd970_0, 0;
    %load/vec4 v0xba9e10dbdf80_0;
    %cmpi/e 15, 0, 4;
    %jmp/0xz  T_17.11, 4;
    %pushi/vec4 1, 0, 1;
    %assign/vec4 v0xba9e10dbd100_0, 0;
    %pushi/vec4 0, 0, 2;
    %assign/vec4 v0xba9e10dbe230_0, 0;
    %jmp T_17.12;
T_17.11 ;
    %load/vec4 v0xba9e10dbdf80_0;
    %addi 1, 0, 4;
    %assign/vec4 v0xba9e10dbdf80_0, 0;
    %pushi/vec4 1, 0, 2;
    %assign/vec4 v0xba9e10dbe230_0, 0;
T_17.12 ;
    %jmp T_17.6;
T_17.6 ;
    %pop/vec4 1;
T_17.1 ;
    %jmp T_17;
    .thread T_17;
    .scope S_0xba9e10db1ca0;
T_18 ;
Ewait_3 .event/or E_0xba9e10a9f8b0, E_0x0;
    %wait Ewait_3;
    %load/vec4 v0xba9e10db2cb0_0;
    %dup/vec4;
    %pushi/vec4 0, 0, 32;
    %cmp/u;
    %jmp/1 T_18.0, 6;
    %dup/vec4;
    %pushi/vec4 1, 0, 32;
    %cmp/u;
    %jmp/1 T_18.1, 6;
    %dup/vec4;
    %pushi/vec4 2, 0, 32;
    %cmp/u;
    %jmp/1 T_18.2, 6;
    %pushi/vec4 7695, 0, 18;
    %store/vec4 v0xba9e10db2770_0, 0, 18;
    %jmp T_18.4;
T_18.0 ;
    %pushi/vec4 0, 0, 18;
    %store/vec4 v0xba9e10db2770_0, 0, 18;
    %jmp T_18.4;
T_18.1 ;
    %pushi/vec4 15, 0, 18;
    %store/vec4 v0xba9e10db2770_0, 0, 18;
    %jmp T_18.4;
T_18.2 ;
    %pushi/vec4 7680, 0, 18;
    %store/vec4 v0xba9e10db2770_0, 0, 18;
    %jmp T_18.4;
T_18.4 ;
    %pop/vec4 1;
    %jmp T_18;
    .thread T_18, $push;
    .scope S_0xba9e10db1ca0;
T_19 ;
    %wait E_0xba9e109de160;
    %load/vec4 v0xba9e10db2ef0_0;
    %flag_set/vec4 8;
    %jmp/0xz  T_19.0, 8;
    %pushi/vec4 0, 0, 3;
    %assign/vec4 v0xba9e10db34f0_0, 0;
    %pushi/vec4 0, 0, 32;
    %assign/vec4 v0xba9e10db2cb0_0, 0;
    %pushi/vec4 0, 0, 18;
    %assign/vec4 v0xba9e10db2f90_0, 0;
    %pushi/vec4 0, 0, 1;
    %assign/vec4 v0xba9e10db3030_0, 0;
    %pushi/vec4 0, 0, 1;
    %assign/vec4 v0xba9e10db2b40_0, 0;
    %pushi/vec4 0, 0, 1;
    %assign/vec4 v0xba9e10db3210_0, 0;
    %pushi/vec4 0, 0, 9;
    %assign/vec4 v0xba9e10db35d0_0, 0;
    %pushi/vec4 0, 0, 9;
    %assign/vec4 v0xba9e10db36c0_0, 0;
    %pushi/vec4 0, 0, 9;
    %assign/vec4 v0xba9e10db2d50_0, 0;
    %pushi/vec4 0, 0, 11;
    %assign/vec4 v0xba9e10db2a70_0, 0;
    %pushi/vec4 0, 0, 1;
    %assign/vec4 v0xba9e10db3850_0, 0;
    %pushi/vec4 0, 0, 8;
    %assign/vec4 v0xba9e10db39f0_0, 0;
    %pushi/vec4 0, 0, 8;
    %assign/vec4 v0xba9e10db3ad0_0, 0;
    %pushi/vec4 0, 0, 8;
    %assign/vec4 v0xba9e10db3910_0, 0;
    %pushi/vec4 0, 0, 6;
    %assign/vec4 v0xba9e10db3790_0, 0;
    %pushi/vec4 0, 0, 256;
    %assign/vec4 v0xba9e10db33b0_0, 0;
    %pushi/vec4 0, 0, 1;
    %assign/vec4 v0xba9e10db2900_0, 0;
    %jmp T_19.1;
T_19.0 ;
    %pushi/vec4 0, 0, 1;
    %assign/vec4 v0xba9e10db3030_0, 0;
    %pushi/vec4 0, 0, 1;
    %assign/vec4 v0xba9e10db2b40_0, 0;
    %pushi/vec4 0, 0, 1;
    %assign/vec4 v0xba9e10db3210_0, 0;
    %pushi/vec4 0, 0, 1;
    %assign/vec4 v0xba9e10db3850_0, 0;
    %pushi/vec4 0, 0, 256;
    %assign/vec4 v0xba9e10db33b0_0, 0;
    %pushi/vec4 0, 0, 1;
    %assign/vec4 v0xba9e10db2900_0, 0;
    %load/vec4 v0xba9e10db34f0_0;
    %dup/vec4;
    %pushi/vec4 0, 0, 3;
    %cmp/u;
    %jmp/1 T_19.2, 6;
    %dup/vec4;
    %pushi/vec4 1, 0, 3;
    %cmp/u;
    %jmp/1 T_19.3, 6;
    %dup/vec4;
    %pushi/vec4 2, 0, 3;
    %cmp/u;
    %jmp/1 T_19.4, 6;
    %dup/vec4;
    %pushi/vec4 3, 0, 3;
    %cmp/u;
    %jmp/1 T_19.5, 6;
    %dup/vec4;
    %pushi/vec4 4, 0, 3;
    %cmp/u;
    %jmp/1 T_19.6, 6;
    %dup/vec4;
    %pushi/vec4 5, 0, 3;
    %cmp/u;
    %jmp/1 T_19.7, 6;
    %jmp T_19.8;
T_19.2 ;
    %load/vec4 v0xba9e10db3450_0;
    %flag_set/vec4 8;
    %jmp/0xz  T_19.9, 8;
    %pushi/vec4 1, 0, 3;
    %assign/vec4 v0xba9e10db34f0_0, 0;
T_19.9 ;
    %jmp T_19.8;
T_19.3 ;
    %pushi/vec4 1, 0, 1;
    %assign/vec4 v0xba9e10db3210_0, 0;
    %pushi/vec4 0, 0, 9;
    %assign/vec4 v0xba9e10db35d0_0, 0;
    %pushi/vec4 0, 0, 9;
    %assign/vec4 v0xba9e10db36c0_0, 0;
    %pushi/vec4 16, 0, 9;
    %assign/vec4 v0xba9e10db2d50_0, 0;
    %pushi/vec4 4, 0, 11;
    %assign/vec4 v0xba9e10db2a70_0, 0;
    %pushi/vec4 0, 0, 32;
    %assign/vec4 v0xba9e10db2cb0_0, 0;
    %pushi/vec4 2, 0, 3;
    %assign/vec4 v0xba9e10db34f0_0, 0;
    %jmp T_19.8;
T_19.4 ;
    %load/vec4 v0xba9e10db32e0_0;
    %nor/r;
    %flag_set/vec4 8;
    %jmp/0xz  T_19.11, 8;
    %load/vec4 v0xba9e10db2770_0;
    %assign/vec4 v0xba9e10db2f90_0, 0;
    %pushi/vec4 1, 0, 1;
    %assign/vec4 v0xba9e10db3030_0, 0;
    %load/vec4 v0xba9e10db2cb0_0;
    %cmpi/e 3, 0, 32;
    %jmp/0xz  T_19.13, 4;
    %pushi/vec4 3, 0, 3;
    %assign/vec4 v0xba9e10db34f0_0, 0;
    %jmp T_19.14;
T_19.13 ;
    %load/vec4 v0xba9e10db2cb0_0;
    %addi 1, 0, 32;
    %cast2;
    %assign/vec4 v0xba9e10db2cb0_0, 0;
T_19.14 ;
T_19.11 ;
    %jmp T_19.8;
T_19.5 ;
    %load/vec4 v0xba9e10db26d0_0;
    %flag_set/vec4 8;
    %jmp/0xz  T_19.15, 8;
    %pushi/vec4 4, 0, 3;
    %assign/vec4 v0xba9e10db34f0_0, 0;
T_19.15 ;
    %jmp T_19.8;
T_19.6 ;
    %load/vec4 v0xba9e10db2860_0;
    %nor/r;
    %flag_set/vec4 8;
    %jmp/0xz  T_19.17, 8;
    %pushi/vec4 1, 0, 1;
    %assign/vec4 v0xba9e10db3850_0, 0;
    %pushi/vec4 0, 0, 8;
    %assign/vec4 v0xba9e10db39f0_0, 0;
    %pushi/vec4 0, 0, 8;
    %assign/vec4 v0xba9e10db3ad0_0, 0;
    %pushi/vec4 16, 0, 8;
    %assign/vec4 v0xba9e10db3910_0, 0;
    %load/vec4 v0xba9e10db2e20_0;
    %assign/vec4 v0xba9e10db3790_0, 0;
    %pushi/vec4 1, 0, 1;
    %ix/load 4, 0, 0;
    %ix/load 5, 0, 0;
    %flag_set/imm 4, 0;
    %assign/vec4/off/d v0xba9e10db33b0_0, 4, 5;
T_19.17 ;
    %pushi/vec4 5, 0, 3;
    %assign/vec4 v0xba9e10db34f0_0, 0;
    %jmp T_19.8;
T_19.7 ;
    %pushi/vec4 1, 0, 1;
    %assign/vec4 v0xba9e10db2900_0, 0;
    %jmp T_19.8;
T_19.8 ;
    %pop/vec4 1;
T_19.1 ;
    %jmp T_19;
    .thread T_19;
    .scope S_0xba9e10daad90;
T_20 ;
    %wait E_0xba9e109de160;
    %load/vec4 v0xba9e10dad800_0;
    %flag_set/vec4 8;
    %jmp/0xz  T_20.0, 8;
    %pushi/vec4 0, 0, 2;
    %assign/vec4 v0xba9e10dadda0_0, 0;
    %pushi/vec4 0, 0, 9;
    %assign/vec4 v0xba9e10dad640_0, 0;
    %pushi/vec4 0, 0, 9;
    %assign/vec4 v0xba9e10dad720_0, 0;
    %pushi/vec4 0, 0, 1;
    %assign/vec4 v0xba9e10dac390_0, 0;
    %pushi/vec4 0, 0, 4;
    %assign/vec4 v0xba9e10dac450_0, 0;
    %jmp T_20.1;
T_20.0 ;
    %load/vec4 v0xba9e10dadda0_0;
    %dup/vec4;
    %pushi/vec4 0, 0, 2;
    %cmp/u;
    %jmp/1 T_20.2, 6;
    %dup/vec4;
    %pushi/vec4 1, 0, 2;
    %cmp/u;
    %jmp/1 T_20.3, 6;
    %dup/vec4;
    %pushi/vec4 2, 0, 2;
    %cmp/u;
    %jmp/1 T_20.4, 6;
    %dup/vec4;
    %pushi/vec4 3, 0, 2;
    %cmp/u;
    %jmp/1 T_20.5, 6;
    %jmp T_20.6;
T_20.2 ;
    %load/vec4 v0xba9e10dad250_0;
    %flag_set/vec4 8;
    %jmp/0xz  T_20.7, 8;
    %load/vec4 v0xba9e10dac790_0;
    %parti/s 9, 0, 2;
    %assign/vec4 v0xba9e10dad640_0, 0;
    %load/vec4 v0xba9e10dac790_0;
    %parti/s 9, 9, 5;
    %assign/vec4 v0xba9e10dad720_0, 0;
    %pushi/vec4 1, 0, 2;
    %assign/vec4 v0xba9e10dadda0_0, 0;
T_20.7 ;
    %jmp T_20.6;
T_20.3 ;
    %pushi/vec4 2, 0, 2;
    %assign/vec4 v0xba9e10dadda0_0, 0;
    %jmp T_20.6;
T_20.4 ;
    %load/vec4 v0xba9e10dad960_0;
    %pushi/vec4 3, 0, 2;
    %cmp/e;
    %flag_get/vec4 4;
    %assign/vec4 v0xba9e10dac390_0, 0;
    %load/vec4 v0xba9e10dac870_0;
    %parti/s 4, 0, 2;
    %assign/vec4 v0xba9e10dac450_0, 0;
    %pushi/vec4 3, 0, 2;
    %assign/vec4 v0xba9e10dadda0_0, 0;
    %jmp T_20.6;
T_20.5 ;
    %pushi/vec4 0, 0, 2;
    %assign/vec4 v0xba9e10dadda0_0, 0;
    %jmp T_20.6;
T_20.6 ;
    %pop/vec4 1;
T_20.1 ;
    %jmp T_20;
    .thread T_20;
    .scope S_0xba9e10da6160;
T_21 ;
    %wait E_0xba9e109de160;
    %load/vec4 v0xba9e10da77d0_0;
    %flag_set/vec4 8;
    %jmp/0xz  T_21.0, 8;
    %pushi/vec4 0, 0, 1;
    %assign/vec4 v0xba9e10da6e60_0, 0;
    %pushi/vec4 0, 0, 1;
    %assign/vec4 v0xba9e10da6da0_0, 0;
    %pushi/vec4 0, 0, 4;
    %assign/vec4 v0xba9e10da7550_0, 0;
    %pushi/vec4 0, 0, 1;
    %assign/vec4 v0xba9e10da7710_0, 0;
    %pushi/vec4 0, 0, 11;
    %assign/vec4 v0xba9e10da7910_0, 0;
    %jmp T_21.1;
T_21.0 ;
    %load/vec4 v0xba9e10da7870_0;
    %flag_set/vec4 8;
    %jmp/0xz  T_21.2, 8;
    %pushi/vec4 0, 0, 1;
    %assign/vec4 v0xba9e10da6e60_0, 0;
    %pushi/vec4 0, 0, 1;
    %assign/vec4 v0xba9e10da6da0_0, 0;
    %pushi/vec4 0, 0, 4;
    %assign/vec4 v0xba9e10da7550_0, 0;
    %pushi/vec4 0, 0, 1;
    %assign/vec4 v0xba9e10da7710_0, 0;
    %pushi/vec4 0, 0, 11;
    %assign/vec4 v0xba9e10da7910_0, 0;
    %jmp T_21.3;
T_21.2 ;
    %load/vec4 v0xba9e10da6ce0_0;
    %flag_set/vec4 9;
    %flag_get/vec4 9;
    %jmp/0 T_21.6, 9;
    %load/vec4 v0xba9e10da73b0_0;
    %and;
T_21.6;
    %flag_set/vec4 8;
    %jmp/0xz  T_21.4, 8;
    %load/vec4 v0xba9e10da7710_0;
    %nor/r;
    %flag_set/vec4 8;
    %jmp/0xz  T_21.7, 8;
    %load/vec4 v0xba9e10da6f20_0;
    %assign/vec4 v0xba9e10da7550_0, 0;
    %pushi/vec4 1, 0, 1;
    %assign/vec4 v0xba9e10da7710_0, 0;
    %jmp T_21.8;
T_21.7 ;
    %load/vec4 v0xba9e10da6f20_0;
    %load/vec4 v0xba9e10da7550_0;
    %cmp/ne;
    %jmp/0xz  T_21.9, 4;
    %pushi/vec4 1, 0, 1;
    %assign/vec4 v0xba9e10da6e60_0, 0;
T_21.9 ;
T_21.8 ;
    %load/vec4 v0xba9e10da7910_0;
    %addi 1, 0, 11;
    %assign/vec4 v0xba9e10da7910_0, 0;
    %load/vec4 v0xba9e10da7910_0;
    %addi 1, 0, 11;
    %load/vec4 v0xba9e10da72d0_0;
    %cmp/e;
    %jmp/0xz  T_21.11, 4;
    %pushi/vec4 1, 0, 1;
    %assign/vec4 v0xba9e10da6da0_0, 0;
T_21.11 ;
    %load/vec4 v0xba9e10da7550_0;
    %pad/u 6;
    %assign/vec4 v0xba9e10da7630_0, 0;
T_21.4 ;
T_21.3 ;
T_21.1 ;
    %jmp T_21;
    .thread T_21;
    .scope S_0xba9e10daef70;
T_22 ;
    %wait E_0xba9e109de160;
    %load/vec4 v0xba9e10db0270_0;
    %flag_set/vec4 8;
    %jmp/1 T_22.2, 8;
    %load/vec4 v0xba9e10dafdd0_0;
    %flag_set/vec4 9;
    %flag_or 8, 9;
T_22.2;
    %jmp/0xz  T_22.0, 8;
    %pushi/vec4 0, 0, 11;
    %assign/vec4 v0xba9e10daff50_0, 0;
    %pushi/vec4 0, 0, 11;
    %assign/vec4 v0xba9e10db0310_0, 0;
    %pushi/vec4 0, 0, 12;
    %assign/vec4 v0xba9e10dafa70_0, 0;
    %jmp T_22.1;
T_22.0 ;
    %load/vec4 v0xba9e10db01b0_0;
    %flag_set/vec4 9;
    %flag_get/vec4 9;
    %jmp/0 T_22.5, 9;
    %load/vec4 v0xba9e10dafe90_0;
    %nor/r;
    %and;
T_22.5;
    %flag_set/vec4 8;
    %jmp/0xz  T_22.3, 8;
    %load/vec4 v0xba9e10dafb50_0;
    %load/vec4 v0xba9e10daff50_0;
    %pad/u 13;
    %ix/vec4 3;
    %ix/load 4, 0, 0; Constant delay
    %assign/vec4/a/d v0xba9e10db0030, 0, 4;
    %load/vec4 v0xba9e10daff50_0;
    %addi 1, 0, 11;
    %assign/vec4 v0xba9e10daff50_0, 0;
T_22.3 ;
    %load/vec4 v0xba9e10db00f0_0;
    %flag_set/vec4 9;
    %flag_get/vec4 9;
    %jmp/0 T_22.8, 9;
    %load/vec4 v0xba9e10dafd10_0;
    %nor/r;
    %and;
T_22.8;
    %flag_set/vec4 8;
    %jmp/0xz  T_22.6, 8;
    %load/vec4 v0xba9e10db0310_0;
    %addi 1, 0, 11;
    %assign/vec4 v0xba9e10db0310_0, 0;
T_22.6 ;
    %load/vec4 v0xba9e10db01b0_0;
    %flag_set/vec4 8;
    %flag_get/vec4 8;
    %jmp/0 T_22.13, 8;
    %load/vec4 v0xba9e10dafe90_0;
    %nor/r;
    %and;
T_22.13;
    %load/vec4 v0xba9e10db00f0_0;
    %flag_set/vec4 8;
    %flag_get/vec4 8;
    %jmp/0 T_22.14, 8;
    %load/vec4 v0xba9e10dafd10_0;
    %nor/r;
    %and;
T_22.14;
    %concat/vec4; draw_concat_vec4
    %dup/vec4;
    %pushi/vec4 2, 0, 2;
    %cmp/u;
    %jmp/1 T_22.9, 6;
    %dup/vec4;
    %pushi/vec4 1, 0, 2;
    %cmp/u;
    %jmp/1 T_22.10, 6;
    %load/vec4 v0xba9e10dafa70_0;
    %assign/vec4 v0xba9e10dafa70_0, 0;
    %jmp T_22.12;
T_22.9 ;
    %load/vec4 v0xba9e10dafa70_0;
    %addi 1, 0, 12;
    %assign/vec4 v0xba9e10dafa70_0, 0;
    %jmp T_22.12;
T_22.10 ;
    %load/vec4 v0xba9e10dafa70_0;
    %subi 1, 0, 12;
    %assign/vec4 v0xba9e10dafa70_0, 0;
    %jmp T_22.12;
T_22.12 ;
    %pop/vec4 1;
T_22.1 ;
    %jmp T_22;
    .thread T_22;
    .scope S_0xba9e10dae980;
T_23 ;
    %wait E_0xba9e109de160;
    %load/vec4 v0xba9e10db1690_0;
    %flag_set/vec4 8;
    %jmp/1 T_23.2, 8;
    %load/vec4 v0xba9e10db10a0_0;
    %flag_set/vec4 9;
    %flag_or 8, 9;
T_23.2;
    %jmp/0xz  T_23.0, 8;
    %pushi/vec4 0, 0, 1;
    %assign/vec4 v0xba9e10db1190_0, 0;
    %pushi/vec4 0, 0, 18;
    %assign/vec4 v0xba9e10db0fd0_0, 0;
    %jmp T_23.1;
T_23.0 ;
    %load/vec4 v0xba9e10db1ab0_0;
    %flag_set/vec4 8;
    %flag_get/vec4 8;
    %jmp/0 T_23.3, 8;
    %load/vec4 v0xba9e10db1320_0;
    %nor/r;
    %and;
T_23.3;
    %assign/vec4 v0xba9e10db1190_0, 0;
    %load/vec4 v0xba9e10db1230_0;
    %assign/vec4 v0xba9e10db0fd0_0, 0;
T_23.1 ;
    %jmp T_23;
    .thread T_23;
    .scope S_0xba9e10da8350;
T_24 ;
    %wait E_0xba9e109de160;
    %load/vec4 v0xba9e10da9510_0;
    %flag_set/vec4 8;
    %jmp/1 T_24.2, 8;
    %load/vec4 v0xba9e10da90b0_0;
    %flag_set/vec4 9;
    %flag_or 8, 9;
T_24.2;
    %jmp/0xz  T_24.0, 8;
    %pushi/vec4 0, 0, 5;
    %assign/vec4 v0xba9e10da9230_0, 0;
    %pushi/vec4 0, 0, 5;
    %assign/vec4 v0xba9e10da96c0_0, 0;
    %pushi/vec4 0, 0, 6;
    %assign/vec4 v0xba9e10da8d90_0, 0;
    %jmp T_24.1;
T_24.0 ;
    %load/vec4 v0xba9e10da9470_0;
    %flag_set/vec4 9;
    %flag_get/vec4 9;
    %jmp/0 T_24.5, 9;
    %load/vec4 v0xba9e10da9170_0;
    %nor/r;
    %and;
T_24.5;
    %flag_set/vec4 8;
    %jmp/0xz  T_24.3, 8;
    %load/vec4 v0xba9e10da8e70_0;
    %load/vec4 v0xba9e10da9230_0;
    %pad/u 7;
    %ix/vec4 3;
    %ix/load 4, 0, 0; Constant delay
    %assign/vec4/a/d v0xba9e10da9310, 0, 4;
    %load/vec4 v0xba9e10da9230_0;
    %addi 1, 0, 5;
    %assign/vec4 v0xba9e10da9230_0, 0;
T_24.3 ;
    %load/vec4 v0xba9e10da93d0_0;
    %flag_set/vec4 9;
    %flag_get/vec4 9;
    %jmp/0 T_24.8, 9;
    %load/vec4 v0xba9e10da9010_0;
    %nor/r;
    %and;
T_24.8;
    %flag_set/vec4 8;
    %jmp/0xz  T_24.6, 8;
    %load/vec4 v0xba9e10da96c0_0;
    %addi 1, 0, 5;
    %assign/vec4 v0xba9e10da96c0_0, 0;
T_24.6 ;
    %load/vec4 v0xba9e10da9470_0;
    %flag_set/vec4 8;
    %flag_get/vec4 8;
    %jmp/0 T_24.13, 8;
    %load/vec4 v0xba9e10da9170_0;
    %nor/r;
    %and;
T_24.13;
    %load/vec4 v0xba9e10da93d0_0;
    %flag_set/vec4 8;
    %flag_get/vec4 8;
    %jmp/0 T_24.14, 8;
    %load/vec4 v0xba9e10da9010_0;
    %nor/r;
    %and;
T_24.14;
    %concat/vec4; draw_concat_vec4
    %dup/vec4;
    %pushi/vec4 2, 0, 2;
    %cmp/u;
    %jmp/1 T_24.9, 6;
    %dup/vec4;
    %pushi/vec4 1, 0, 2;
    %cmp/u;
    %jmp/1 T_24.10, 6;
    %load/vec4 v0xba9e10da8d90_0;
    %assign/vec4 v0xba9e10da8d90_0, 0;
    %jmp T_24.12;
T_24.9 ;
    %load/vec4 v0xba9e10da8d90_0;
    %addi 1, 0, 6;
    %assign/vec4 v0xba9e10da8d90_0, 0;
    %jmp T_24.12;
T_24.10 ;
    %load/vec4 v0xba9e10da8d90_0;
    %subi 1, 0, 6;
    %assign/vec4 v0xba9e10da8d90_0, 0;
    %jmp T_24.12;
T_24.12 ;
    %pop/vec4 1;
T_24.1 ;
    %jmp T_24;
    .thread T_24;
    .scope S_0xba9e10a2de50;
T_25 ;
    %wait E_0xba9e109de160;
    %load/vec4 v0xba9e10a10540_0;
    %flag_set/vec4 8;
    %jmp/0xz  T_25.0, 8;
    %load/vec4 v0xba9e10a10600_0;
    %load/vec4 v0xba9e10a66380_0;
    %store/vec4 v0xba9e10a58410_0, 0, 9;
    %store/vec4 v0xba9e10a05d40_0, 0, 9;
    %callf/vec4 TD_top_level.u_engine.u_colour_bram.word_addr, S_0xba9e10a05960;
    %pad/u 15;
    %ix/vec4 4;
    %load/vec4a v0xba9e109dc910, 4;
    %assign/vec4 v0xba9e10a6f1c0_0, 0;
    %load/vec4 v0xba9e10a10600_0;
    %load/vec4 v0xba9e10a66380_0;
    %store/vec4 v0xba9e10a58330_0, 0, 9;
    %store/vec4 v0xba9e10a58270_0, 0, 9;
    %callf/vec4 TD_top_level.u_engine.u_colour_bram.byte_off, S_0xba9e10a2e140;
    %assign/vec4 v0xba9e10a6f0e0_0, 0;
T_25.0 ;
    %jmp T_25;
    .thread T_25;
    .scope S_0xba9e10a2de50;
T_26 ;
Ewait_4 .event/or E_0xba9e109a8840, E_0x0;
    %wait Ewait_4;
    %load/vec4 v0xba9e10a6f0e0_0;
    %dup/vec4;
    %pushi/vec4 0, 0, 3;
    %cmp/u;
    %jmp/1 T_26.0, 6;
    %dup/vec4;
    %pushi/vec4 1, 0, 3;
    %cmp/u;
    %jmp/1 T_26.1, 6;
    %dup/vec4;
    %pushi/vec4 2, 0, 3;
    %cmp/u;
    %jmp/1 T_26.2, 6;
    %dup/vec4;
    %pushi/vec4 3, 0, 3;
    %cmp/u;
    %jmp/1 T_26.3, 6;
    %dup/vec4;
    %pushi/vec4 4, 0, 3;
    %cmp/u;
    %jmp/1 T_26.4, 6;
    %dup/vec4;
    %pushi/vec4 5, 0, 3;
    %cmp/u;
    %jmp/1 T_26.5, 6;
    %dup/vec4;
    %pushi/vec4 6, 0, 3;
    %cmp/u;
    %jmp/1 T_26.6, 6;
    %load/vec4 v0xba9e10a6f1c0_0;
    %parti/s 8, 56, 7;
    %store/vec4 v0xba9e10a104a0_0, 0, 8;
    %jmp T_26.8;
T_26.0 ;
    %load/vec4 v0xba9e10a6f1c0_0;
    %parti/s 8, 0, 2;
    %store/vec4 v0xba9e10a104a0_0, 0, 8;
    %jmp T_26.8;
T_26.1 ;
    %load/vec4 v0xba9e10a6f1c0_0;
    %parti/s 8, 8, 5;
    %store/vec4 v0xba9e10a104a0_0, 0, 8;
    %jmp T_26.8;
T_26.2 ;
    %load/vec4 v0xba9e10a6f1c0_0;
    %parti/s 8, 16, 6;
    %store/vec4 v0xba9e10a104a0_0, 0, 8;
    %jmp T_26.8;
T_26.3 ;
    %load/vec4 v0xba9e10a6f1c0_0;
    %parti/s 8, 24, 6;
    %store/vec4 v0xba9e10a104a0_0, 0, 8;
    %jmp T_26.8;
T_26.4 ;
    %load/vec4 v0xba9e10a6f1c0_0;
    %parti/s 8, 32, 7;
    %store/vec4 v0xba9e10a104a0_0, 0, 8;
    %jmp T_26.8;
T_26.5 ;
    %load/vec4 v0xba9e10a6f1c0_0;
    %parti/s 8, 40, 7;
    %store/vec4 v0xba9e10a104a0_0, 0, 8;
    %jmp T_26.8;
T_26.6 ;
    %load/vec4 v0xba9e10a6f1c0_0;
    %parti/s 8, 48, 7;
    %store/vec4 v0xba9e10a104a0_0, 0, 8;
    %jmp T_26.8;
T_26.8 ;
    %pop/vec4 1;
    %jmp T_26;
    .thread T_26, $push;
    .scope S_0xba9e10a2de50;
T_27 ;
Ewait_5 .event/or E_0xba9e109e1c10, E_0x0;
    %wait Ewait_5;
    %load/vec4 v0xba9e10a66600_0;
    %load/vec4 v0xba9e10a666e0_0;
    %store/vec4 v0xba9e10a58410_0, 0, 9;
    %store/vec4 v0xba9e10a05d40_0, 0, 9;
    %callf/vec4 TD_top_level.u_engine.u_colour_bram.word_addr, S_0xba9e10a05960;
    %pad/u 15;
    %ix/vec4 4;
    %load/vec4a v0xba9e109dc910, 4;
    %store/vec4 v0xba9e10a10360_0, 0, 64;
    %load/vec4 v0xba9e10da5ee0_0;
    %dup/vec4;
    %pushi/vec4 0, 0, 3;
    %cmp/u;
    %jmp/1 T_27.0, 6;
    %dup/vec4;
    %pushi/vec4 1, 0, 3;
    %cmp/u;
    %jmp/1 T_27.1, 6;
    %dup/vec4;
    %pushi/vec4 2, 0, 3;
    %cmp/u;
    %jmp/1 T_27.2, 6;
    %dup/vec4;
    %pushi/vec4 3, 0, 3;
    %cmp/u;
    %jmp/1 T_27.3, 6;
    %dup/vec4;
    %pushi/vec4 4, 0, 3;
    %cmp/u;
    %jmp/1 T_27.4, 6;
    %dup/vec4;
    %pushi/vec4 5, 0, 3;
    %cmp/u;
    %jmp/1 T_27.5, 6;
    %dup/vec4;
    %pushi/vec4 6, 0, 3;
    %cmp/u;
    %jmp/1 T_27.6, 6;
    %load/vec4 v0xba9e10a66460_0;
    %ix/load 4, 56, 0;
    %flag_set/imm 4, 0;
    %store/vec4 v0xba9e10a10360_0, 4, 8;
    %jmp T_27.8;
T_27.0 ;
    %load/vec4 v0xba9e10a66460_0;
    %ix/load 4, 0, 0;
    %flag_set/imm 4, 0;
    %store/vec4 v0xba9e10a10360_0, 4, 8;
    %jmp T_27.8;
T_27.1 ;
    %load/vec4 v0xba9e10a66460_0;
    %ix/load 4, 8, 0;
    %flag_set/imm 4, 0;
    %store/vec4 v0xba9e10a10360_0, 4, 8;
    %jmp T_27.8;
T_27.2 ;
    %load/vec4 v0xba9e10a66460_0;
    %ix/load 4, 16, 0;
    %flag_set/imm 4, 0;
    %store/vec4 v0xba9e10a10360_0, 4, 8;
    %jmp T_27.8;
T_27.3 ;
    %load/vec4 v0xba9e10a66460_0;
    %ix/load 4, 24, 0;
    %flag_set/imm 4, 0;
    %store/vec4 v0xba9e10a10360_0, 4, 8;
    %jmp T_27.8;
T_27.4 ;
    %load/vec4 v0xba9e10a66460_0;
    %ix/load 4, 32, 0;
    %flag_set/imm 4, 0;
    %store/vec4 v0xba9e10a10360_0, 4, 8;
    %jmp T_27.8;
T_27.5 ;
    %load/vec4 v0xba9e10a66460_0;
    %ix/load 4, 40, 0;
    %flag_set/imm 4, 0;
    %store/vec4 v0xba9e10a10360_0, 4, 8;
    %jmp T_27.8;
T_27.6 ;
    %load/vec4 v0xba9e10a66460_0;
    %ix/load 4, 48, 0;
    %flag_set/imm 4, 0;
    %store/vec4 v0xba9e10a10360_0, 4, 8;
    %jmp T_27.8;
T_27.8 ;
    %pop/vec4 1;
    %jmp T_27;
    .thread T_27, $push;
    .scope S_0xba9e10a2de50;
T_28 ;
    %wait E_0xba9e109de160;
    %load/vec4 v0xba9e10a66540_0;
    %flag_set/vec4 8;
    %jmp/0xz  T_28.0, 8;
    %load/vec4 v0xba9e10a10360_0;
    %load/vec4 v0xba9e10a66600_0;
    %load/vec4 v0xba9e10a666e0_0;
    %store/vec4 v0xba9e10a58410_0, 0, 9;
    %store/vec4 v0xba9e10a05d40_0, 0, 9;
    %callf/vec4 TD_top_level.u_engine.u_colour_bram.word_addr, S_0xba9e10a05960;
    %pad/u 15;
    %ix/vec4 3;
    %ix/load 4, 0, 0; Constant delay
    %assign/vec4/a/d v0xba9e109dc910, 0, 4;
    %jmp T_28.1;
T_28.0 ;
    %load/vec4 v0xba9e10a6f340_0;
    %flag_set/vec4 8;
    %jmp/0xz  T_28.2, 8;
    %load/vec4 v0xba9e10a102c0_0;
    %pad/u 15;
    %ix/vec4 4;
    %load/vec4a v0xba9e109dc910, 4;
    %assign/vec4 v0xba9e10a6f280_0, 0;
T_28.2 ;
T_28.1 ;
    %jmp T_28;
    .thread T_28;
    .scope S_0xba9e10db41c0;
T_29 ;
    %wait E_0xba9e109de160;
    %load/vec4 v0xba9e10db5c60_0;
    %flag_set/vec4 8;
    %jmp/0xz  T_29.0, 8;
    %pushi/vec4 1, 0, 1;
    %assign/vec4 v0xba9e10db59e0_0, 0;
    %jmp T_29.1;
T_29.0 ;
    %load/vec4 v0xba9e10db4f60_0;
    %flag_set/vec4 8;
    %jmp/0xz  T_29.2, 8;
    %pushi/vec4 0, 0, 1;
    %assign/vec4 v0xba9e10db59e0_0, 0;
T_29.2 ;
T_29.1 ;
    %load/vec4 v0xba9e10db4f60_0;
    %flag_set/vec4 8;
    %jmp/0xz  T_29.4, 8;
    %load/vec4 v0xba9e10db54b0_0;
    %pad/u 16;
    %ix/vec4 4;
    %load/vec4a v0xba9e10db5820, 4;
    %assign/vec4 v0xba9e10db5aa0_0, 0;
T_29.4 ;
    %jmp T_29;
    .thread T_29;
    .scope S_0xba9e10db41c0;
T_30 ;
Ewait_6 .event/or E_0xba9e10a9c060, E_0x0;
    %wait Ewait_6;
    %load/vec4 v0xba9e10db5410_0;
    %dup/vec4;
    %pushi/vec4 0, 0, 2;
    %cmp/u;
    %jmp/1 T_30.0, 6;
    %dup/vec4;
    %pushi/vec4 1, 0, 2;
    %cmp/u;
    %jmp/1 T_30.1, 6;
    %dup/vec4;
    %pushi/vec4 2, 0, 2;
    %cmp/u;
    %jmp/1 T_30.2, 6;
    %load/vec4 v0xba9e10db5b80_0;
    %parti/s 2, 6, 4;
    %store/vec4 v0xba9e10db5000_0, 0, 2;
    %jmp T_30.4;
T_30.0 ;
    %load/vec4 v0xba9e10db5b80_0;
    %parti/s 2, 0, 2;
    %store/vec4 v0xba9e10db5000_0, 0, 2;
    %jmp T_30.4;
T_30.1 ;
    %load/vec4 v0xba9e10db5b80_0;
    %parti/s 2, 2, 3;
    %store/vec4 v0xba9e10db5000_0, 0, 2;
    %jmp T_30.4;
T_30.2 ;
    %load/vec4 v0xba9e10db5b80_0;
    %parti/s 2, 4, 4;
    %store/vec4 v0xba9e10db5000_0, 0, 2;
    %jmp T_30.4;
T_30.4 ;
    %pop/vec4 1;
    %jmp T_30;
    .thread T_30, $push;
    .scope S_0xba9e10db41c0;
T_31 ;
Ewait_7 .event/or E_0xba9e109a8640, E_0x0;
    %wait Ewait_7;
    %load/vec4 v0xba9e10db5740_0;
    %store/vec4 v0xba9e10db5900_0, 0, 8;
    %load/vec4 v0xba9e10db5410_0;
    %dup/vec4;
    %pushi/vec4 0, 0, 2;
    %cmp/u;
    %jmp/1 T_31.0, 6;
    %dup/vec4;
    %pushi/vec4 1, 0, 2;
    %cmp/u;
    %jmp/1 T_31.1, 6;
    %dup/vec4;
    %pushi/vec4 2, 0, 2;
    %cmp/u;
    %jmp/1 T_31.2, 6;
    %load/vec4 v0xba9e10db51a0_0;
    %ix/load 4, 6, 0;
    %flag_set/imm 4, 0;
    %store/vec4 v0xba9e10db5900_0, 4, 2;
    %jmp T_31.4;
T_31.0 ;
    %load/vec4 v0xba9e10db51a0_0;
    %ix/load 4, 0, 0;
    %flag_set/imm 4, 0;
    %store/vec4 v0xba9e10db5900_0, 4, 2;
    %jmp T_31.4;
T_31.1 ;
    %load/vec4 v0xba9e10db51a0_0;
    %ix/load 4, 2, 0;
    %flag_set/imm 4, 0;
    %store/vec4 v0xba9e10db5900_0, 4, 2;
    %jmp T_31.4;
T_31.2 ;
    %load/vec4 v0xba9e10db51a0_0;
    %ix/load 4, 4, 0;
    %flag_set/imm 4, 0;
    %store/vec4 v0xba9e10db5900_0, 4, 2;
    %jmp T_31.4;
T_31.4 ;
    %pop/vec4 1;
    %jmp T_31;
    .thread T_31, $push;
    .scope S_0xba9e10db41c0;
T_32 ;
    %fork t_5, S_0xba9e10db44e0;
    %jmp t_4;
    .scope S_0xba9e10db44e0;
t_5 ;
    %pushi/vec4 0, 0, 32;
    %store/vec4 v0xba9e10db46e0_0, 0, 32;
T_32.0 ;
    %load/vec4 v0xba9e10db46e0_0;
    %cmpi/s 16384, 0, 32;
    %jmp/0xz T_32.1, 5;
    %pushi/vec4 0, 0, 8;
    %ix/getv/s 4, v0xba9e10db46e0_0;
    %store/vec4a v0xba9e10db5820, 4, 0;
    ; show_stmt_assign_vector: Get l-value for compressed += operand
    %load/vec4 v0xba9e10db46e0_0;
    %pushi/vec4 1, 0, 32;
    %add;
    %cast2;
    %store/vec4 v0xba9e10db46e0_0, 0, 32;
    %jmp T_32.0;
T_32.1 ;
    %end;
    .scope S_0xba9e10db41c0;
t_4 %join;
    %end;
    .thread T_32;
    .scope S_0xba9e10db41c0;
T_33 ;
    %wait E_0xba9e109de160;
    %load/vec4 v0xba9e10db50d0_0;
    %flag_set/vec4 9;
    %flag_get/vec4 9;
    %jmp/0 T_33.2, 9;
    %load/vec4 v0xba9e10db5c60_0;
    %nor/r;
    %and;
T_33.2;
    %flag_set/vec4 8;
    %jmp/0xz  T_33.0, 8;
    %load/vec4 v0xba9e10db5900_0;
    %load/vec4 v0xba9e10db54b0_0;
    %pad/u 16;
    %ix/vec4 3;
    %ix/load 4, 0, 0; Constant delay
    %assign/vec4/a/d v0xba9e10db5820, 0, 4;
T_33.0 ;
    %jmp T_33;
    .thread T_33;
    .scope S_0xba9e10db5ee0;
T_34 ;
    %wait E_0xba9e109de160;
    %load/vec4 v0xba9e10db78f0_0;
    %flag_set/vec4 8;
    %jmp/0xz  T_34.0, 8;
    %fork t_7, S_0xba9e10db61d0;
    %jmp t_6;
    .scope S_0xba9e10db61d0;
t_7 ;
    %pushi/vec4 0, 0, 32;
    %store/vec4 v0xba9e10db6380_0, 0, 32;
T_34.2 ;
    %load/vec4 v0xba9e10db6380_0;
    %cmpi/s 256, 0, 32;
    %jmp/0xz T_34.3, 5;
    %pushi/vec4 0, 0, 7;
    %ix/getv/s 3, v0xba9e10db6380_0;
    %ix/load 4, 0, 0; Constant delay
    %assign/vec4/a/d v0xba9e10db7de0, 0, 4;
    ; show_stmt_assign_vector: Get l-value for compressed += operand
    %load/vec4 v0xba9e10db6380_0;
    %pushi/vec4 1, 0, 32;
    %add;
    %cast2;
    %store/vec4 v0xba9e10db6380_0, 0, 32;
    %jmp T_34.2;
T_34.3 ;
    %end;
    .scope S_0xba9e10db5ee0;
t_6 %join;
    %jmp T_34.1;
T_34.0 ;
    %load/vec4 v0xba9e10db7f90_0;
    %flag_set/vec4 8;
    %jmp/0xz  T_34.4, 8;
    %fork t_9, S_0xba9e10db6480;
    %jmp t_8;
    .scope S_0xba9e10db6480;
t_9 ;
    %pushi/vec4 0, 0, 32;
    %store/vec4 v0xba9e10db6960_0, 0, 32;
T_34.6 ;
    %load/vec4 v0xba9e10db6960_0;
    %cmpi/s 16, 0, 32;
    %jmp/0xz T_34.7, 5;
    %fork t_11, S_0xba9e10db6680;
    %jmp t_10;
    .scope S_0xba9e10db6680;
t_11 ;
    %pushi/vec4 0, 0, 32;
    %store/vec4 v0xba9e10db6860_0, 0, 32;
T_34.8 ;
    %load/vec4 v0xba9e10db6860_0;
    %cmpi/s 16, 0, 32;
    %jmp/0xz T_34.9, 5;
    %load/vec4 v0xba9e10db7d00_0;
    %pad/u 32;
    %cast2;
    %load/vec4 v0xba9e10db6960_0;
    %cmp/s;
    %flag_or 5, 4;
    %flag_get/vec4 5;
    %jmp/0 T_34.14, 5;
    %load/vec4 v0xba9e10db6960_0;
    %load/vec4 v0xba9e10db7c20_0;
    %pad/u 32;
    %cast2;
    %cmp/s;
    %flag_get/vec4 4;
    %flag_get/vec4 5;
    %or;
    %and;
T_34.14;
    %flag_set/vec4 10;
    %flag_get/vec4 10;
    %jmp/0 T_34.13, 10;
    %load/vec4 v0xba9e10db7b40_0;
    %pad/u 32;
    %cast2;
    %load/vec4 v0xba9e10db6860_0;
    %cmp/s;
    %flag_get/vec4 4;
    %flag_get/vec4 5;
    %or;
    %and;
T_34.13;
    %flag_set/vec4 9;
    %flag_get/vec4 9;
    %jmp/0 T_34.12, 9;
    %load/vec4 v0xba9e10db6860_0;
    %load/vec4 v0xba9e10db7aa0_0;
    %pad/u 32;
    %cast2;
    %cmp/s;
    %flag_get/vec4 4;
    %flag_get/vec4 5;
    %or;
    %and;
T_34.12;
    %flag_set/vec4 8;
    %jmp/0xz  T_34.10, 8;
    %pushi/vec4 1, 0, 1;
    %load/vec4 v0xba9e10db7ea0_0;
    %concat/vec4; draw_concat_vec4
    %load/vec4 v0xba9e10db6960_0;
    %pad/s 4;
    %load/vec4 v0xba9e10db6860_0;
    %pad/s 4;
    %concat/vec4; draw_concat_vec4
    %pad/u 10;
    %ix/vec4 3;
    %ix/load 4, 0, 0; Constant delay
    %assign/vec4/a/d v0xba9e10db7de0, 0, 4;
T_34.10 ;
    ; show_stmt_assign_vector: Get l-value for compressed += operand
    %load/vec4 v0xba9e10db6860_0;
    %pushi/vec4 1, 0, 32;
    %add;
    %cast2;
    %store/vec4 v0xba9e10db6860_0, 0, 32;
    %jmp T_34.8;
T_34.9 ;
    %end;
    .scope S_0xba9e10db6480;
t_10 %join;
    ; show_stmt_assign_vector: Get l-value for compressed += operand
    %load/vec4 v0xba9e10db6960_0;
    %pushi/vec4 1, 0, 32;
    %add;
    %cast2;
    %store/vec4 v0xba9e10db6960_0, 0, 32;
    %jmp T_34.6;
T_34.7 ;
    %end;
    .scope S_0xba9e10db5ee0;
t_8 %join;
    %jmp T_34.5;
T_34.4 ;
    %load/vec4 v0xba9e10db83a0_0;
    %flag_set/vec4 8;
    %jmp/0xz  T_34.15, 8;
    %load/vec4 v0xba9e10db8470_0;
    %load/vec4 v0xba9e10db82d0_0;
    %concat/vec4; draw_concat_vec4
    %load/vec4 v0xba9e10db8540_0;
    %pad/u 10;
    %ix/vec4 3;
    %ix/load 4, 0, 0; Constant delay
    %assign/vec4/a/d v0xba9e10db7de0, 0, 4;
T_34.15 ;
T_34.5 ;
T_34.1 ;
    %jmp T_34;
    .thread T_34;
    .scope S_0xba9e10b33a60;
T_35 ;
Ewait_8 .event/or E_0xba9e109e2b40, E_0x0;
    %wait Ewait_8;
    %pushi/vec4 0, 0, 8;
    %store/vec4 v0xba9e109c3890_0, 0, 8;
    %pushi/vec4 0, 0, 1;
    %store/vec4 v0xba9e10b2b420_0, 0, 1;
    %fork t_13, S_0xba9e10984790;
    %jmp t_12;
    .scope S_0xba9e10984790;
t_13 ;
    %pushi/vec4 255, 0, 32;
    %store/vec4 v0xba9e10b1a250_0, 0, 32;
T_35.0 ;
    %load/vec4 v0xba9e10b1a250_0;
    %cmpi/s 0, 0, 32;
    %flag_inv 5; GE is !LT
    %jmp/0xz T_35.1, 5;
    %load/vec4 v0xba9e109c3970_0;
    %load/vec4 v0xba9e10b1a250_0;
    %part/s 1;
    %flag_set/vec4 8;
    %jmp/0xz  T_35.2, 8;
    %load/vec4 v0xba9e10b1a250_0;
    %pad/s 8;
    %store/vec4 v0xba9e109c3890_0, 0, 8;
    %pushi/vec4 1, 0, 1;
    %store/vec4 v0xba9e10b2b420_0, 0, 1;
T_35.2 ;
    ; show_stmt_assign_vector: Get l-value for compressed -= operand
    %load/vec4 v0xba9e10b1a250_0;
    %pushi/vec4 1, 0, 32;
    %sub;
    %cast2;
    %store/vec4 v0xba9e10b1a250_0, 0, 32;
    %jmp T_35.0;
T_35.1 ;
    %end;
    .scope S_0xba9e10b33a60;
t_12 %join;
    %jmp T_35;
    .thread T_35, $push;
    .scope S_0xba9e10b33a60;
T_36 ;
Ewait_9 .event/or E_0xba9e109dde20, E_0x0;
    %wait Ewait_9;
    %pushi/vec4 0, 0, 64;
    %store/vec4 v0xba9e109c37b0_0, 0, 64;
    %fork t_15, S_0xba9e10b1ec00;
    %jmp t_14;
    .scope S_0xba9e10b1ec00;
t_15 ;
    %pushi/vec4 0, 0, 32;
    %store/vec4 v0xba9e10b1a350_0, 0, 32;
T_36.0 ;
    %load/vec4 v0xba9e10b1a350_0;
    %cmpi/s 8, 0, 32;
    %jmp/0xz T_36.1, 5;
    %pushi/vec4 0, 0, 2;
    %load/vec4 v0xba9e109ce0d0_0;
    %concat/vec4; draw_concat_vec4
    %load/vec4 v0xba9e10b1a350_0;
    %muli 8, 0, 32;
    %ix/vec4/s 4;
    %store/vec4 v0xba9e109c37b0_0, 4, 8;
    ; show_stmt_assign_vector: Get l-value for compressed += operand
    %load/vec4 v0xba9e10b1a350_0;
    %pushi/vec4 1, 0, 32;
    %add;
    %cast2;
    %store/vec4 v0xba9e10b1a350_0, 0, 32;
    %jmp T_36.0;
T_36.1 ;
    %end;
    .scope S_0xba9e10b33a60;
t_14 %join;
    %jmp T_36;
    .thread T_36, $push;
    .scope S_0xba9e10b33a60;
T_37 ;
    %wait E_0xba9e109de160;
    %load/vec4 v0xba9e109cb210_0;
    %flag_set/vec4 8;
    %jmp/0xz  T_37.0, 8;
    %pushi/vec4 0, 0, 3;
    %assign/vec4 v0xba9e109cb3b0_0, 0;
    %pushi/vec4 0, 0, 256;
    %assign/vec4 v0xba9e109cdff0_0, 0;
    %pushi/vec4 0, 0, 8;
    %assign/vec4 v0xba9e10a1be70_0, 0;
    %pushi/vec4 0, 0, 5;
    %assign/vec4 v0xba9e109cb130_0, 0;
    %pushi/vec4 0, 0, 5;
    %assign/vec4 v0xba9e10a406e0_0, 0;
    %pushi/vec4 0, 0, 5;
    %assign/vec4 v0xba9e10a1c010_0, 0;
    %pushi/vec4 0, 0, 1;
    %assign/vec4 v0xba9e109c3b30_0, 0;
    %pushi/vec4 0, 0, 64;
    %assign/vec4 v0xba9e109c3a50_0, 0;
    %pushi/vec4 0, 0, 1;
    %assign/vec4 v0xba9e109bf3c0_0, 0;
    %pushi/vec4 0, 0, 13;
    %assign/vec4 v0xba9e109bf540_0, 0;
    %pushi/vec4 0, 0, 1;
    %assign/vec4 v0xba9e10b2e2b0_0, 0;
    %pushi/vec4 0, 0, 32;
    %assign/vec4 v0xba9e10b1d130_0, 0;
    %pushi/vec4 0, 0, 64;
    %assign/vec4 v0xba9e10b1d210_0, 0;
    %pushi/vec4 0, 0, 1;
    %assign/vec4 v0xba9e10a1bcf0_0, 0;
    %jmp T_37.1;
T_37.0 ;
    %pushi/vec4 0, 0, 1;
    %assign/vec4 v0xba9e109bf3c0_0, 0;
    %pushi/vec4 0, 0, 1;
    %assign/vec4 v0xba9e10b2e2b0_0, 0;
    %pushi/vec4 0, 0, 1;
    %assign/vec4 v0xba9e10a1bcf0_0, 0;
    %load/vec4 v0xba9e109cb3b0_0;
    %dup/vec4;
    %pushi/vec4 0, 0, 3;
    %cmp/u;
    %jmp/1 T_37.2, 6;
    %dup/vec4;
    %pushi/vec4 1, 0, 3;
    %cmp/u;
    %jmp/1 T_37.3, 6;
    %dup/vec4;
    %pushi/vec4 2, 0, 3;
    %cmp/u;
    %jmp/1 T_37.4, 6;
    %dup/vec4;
    %pushi/vec4 3, 0, 3;
    %cmp/u;
    %jmp/1 T_37.5, 6;
    %dup/vec4;
    %pushi/vec4 4, 0, 3;
    %cmp/u;
    %jmp/1 T_37.6, 6;
    %jmp T_37.7;
T_37.2 ;
    %pushi/vec4 0, 0, 1;
    %assign/vec4 v0xba9e109c3b30_0, 0;
    %pushi/vec4 0, 0, 5;
    %assign/vec4 v0xba9e109cb130_0, 0;
    %pushi/vec4 0, 0, 5;
    %assign/vec4 v0xba9e10a406e0_0, 0;
    %pushi/vec4 0, 0, 5;
    %assign/vec4 v0xba9e10a1c010_0, 0;
    %load/vec4 v0xba9e10b2b420_0;
    %flag_set/vec4 8;
    %jmp/0xz  T_37.8, 8;
    %load/vec4 v0xba9e109c3890_0;
    %assign/vec4 v0xba9e10a1be70_0, 0;
    %pushi/vec4 1, 0, 3;
    %assign/vec4 v0xba9e109cb3b0_0, 0;
T_37.8 ;
    %jmp T_37.7;
T_37.3 ;
    %load/vec4 v0xba9e109ce1b0_0;
    %flag_set/vec4 8;
    %jmp/0xz  T_37.10, 8;
    %pushi/vec4 2, 0, 3;
    %assign/vec4 v0xba9e109cb3b0_0, 0;
    %jmp T_37.11;
T_37.10 ;
    %pushi/vec4 1, 0, 1;
    %assign/vec4 v0xba9e109bf3c0_0, 0;
    %load/vec4 v0xba9e10a1be70_0;
    %concati/vec4 0, 0, 5;
    %assign/vec4 v0xba9e109bf540_0, 0;
    %pushi/vec4 3, 0, 3;
    %assign/vec4 v0xba9e109cb3b0_0, 0;
T_37.11 ;
    %jmp T_37.7;
T_37.4 ;
    %load/vec4 v0xba9e10b2e370_0;
    %flag_set/vec4 8;
    %jmp/0xz  T_37.12, 8;
    %load/vec4 v0xba9e109cb2d0_0;
    %load/vec4 v0xba9e10a1be70_0;
    %concati/vec4 0, 0, 8;
    %pad/u 32;
    %add;
    %load/vec4 v0xba9e10a406e0_0;
    %concati/vec4 0, 0, 3;
    %pad/u 32;
    %add;
    %assign/vec4 v0xba9e10b1d130_0, 0;
    %pushi/vec4 1, 0, 1;
    %assign/vec4 v0xba9e10b2e2b0_0, 0;
    %load/vec4 v0xba9e109c37b0_0;
    %assign/vec4 v0xba9e10b1d210_0, 0;
    %load/vec4 v0xba9e10a1c010_0;
    %addi 1, 0, 5;
    %assign/vec4 v0xba9e10a1c010_0, 0;
    %load/vec4 v0xba9e10a406e0_0;
    %addi 1, 0, 5;
    %assign/vec4 v0xba9e10a406e0_0, 0;
    %load/vec4 v0xba9e10a1c010_0;
    %cmpi/e 31, 0, 5;
    %jmp/0xz  T_37.14, 4;
    %pushi/vec4 1, 0, 1;
    %ix/load 5, 0, 0;
    %ix/getv 4, v0xba9e10a1be70_0;
    %assign/vec4/off/d v0xba9e109cdff0_0, 4, 5;
    %pushi/vec4 1, 0, 1;
    %assign/vec4 v0xba9e10a1bcf0_0, 0;
    %load/vec4 v0xba9e10a1be70_0;
    %assign/vec4 v0xba9e109bf620_0, 0;
    %pushi/vec4 0, 0, 1;
    %assign/vec4 v0xba9e10a1bc30_0, 0;
    %pushi/vec4 0, 0, 3;
    %assign/vec4 v0xba9e109cb3b0_0, 0;
T_37.14 ;
T_37.12 ;
    %jmp T_37.7;
T_37.5 ;
    %load/vec4 v0xba9e109bf480_0;
    %flag_set/vec4 8;
    %jmp/0xz  T_37.16, 8;
    %load/vec4 v0xba9e109c3b30_0;
    %nor/r;
    %flag_set/vec4 8;
    %jmp/0xz  T_37.18, 8;
    %load/vec4 v0xba9e109bf2e0_0;
    %assign/vec4 v0xba9e109c3a50_0, 0;
    %pushi/vec4 1, 0, 1;
    %assign/vec4 v0xba9e109c3b30_0, 0;
    %load/vec4 v0xba9e109cb130_0;
    %addi 1, 0, 5;
    %assign/vec4 v0xba9e109cb130_0, 0;
    %load/vec4 v0xba9e109cb130_0;
    %cmpi/u 31, 0, 5;
    %jmp/0xz  T_37.20, 5;
    %pushi/vec4 1, 0, 1;
    %assign/vec4 v0xba9e109bf3c0_0, 0;
    %load/vec4 v0xba9e10a1be70_0;
    %load/vec4 v0xba9e109cb130_0;
    %pad/u 32;
    %addi 1, 0, 32;
    %pad/u 5;
    %concat/vec4; draw_concat_vec4
    %assign/vec4 v0xba9e109bf540_0, 0;
    %jmp T_37.21;
T_37.20 ;
    %pushi/vec4 4, 0, 3;
    %assign/vec4 v0xba9e109cb3b0_0, 0;
T_37.21 ;
    %jmp T_37.19;
T_37.18 ;
    %load/vec4 v0xba9e10b2e370_0;
    %flag_set/vec4 8;
    %jmp/0xz  T_37.22, 8;
    %load/vec4 v0xba9e109cb2d0_0;
    %load/vec4 v0xba9e10a1be70_0;
    %concati/vec4 0, 0, 8;
    %pad/u 32;
    %add;
    %load/vec4 v0xba9e10a406e0_0;
    %concati/vec4 0, 0, 3;
    %pad/u 32;
    %add;
    %assign/vec4 v0xba9e10b1d130_0, 0;
    %pushi/vec4 1, 0, 1;
    %assign/vec4 v0xba9e10b2e2b0_0, 0;
    %load/vec4 v0xba9e109c3a50_0;
    %assign/vec4 v0xba9e10b1d210_0, 0;
    %load/vec4 v0xba9e10a406e0_0;
    %addi 1, 0, 5;
    %assign/vec4 v0xba9e10a406e0_0, 0;
    %load/vec4 v0xba9e109bf2e0_0;
    %assign/vec4 v0xba9e109c3a50_0, 0;
    %load/vec4 v0xba9e109cb130_0;
    %addi 1, 0, 5;
    %assign/vec4 v0xba9e109cb130_0, 0;
    %load/vec4 v0xba9e109cb130_0;
    %cmpi/e 31, 0, 5;
    %jmp/0xz  T_37.24, 4;
    %pushi/vec4 4, 0, 3;
    %assign/vec4 v0xba9e109cb3b0_0, 0;
    %jmp T_37.25;
T_37.24 ;
    %pushi/vec4 1, 0, 1;
    %assign/vec4 v0xba9e109bf3c0_0, 0;
    %load/vec4 v0xba9e10a1be70_0;
    %load/vec4 v0xba9e109cb130_0;
    %pad/u 32;
    %addi 1, 0, 32;
    %pad/u 5;
    %concat/vec4; draw_concat_vec4
    %assign/vec4 v0xba9e109bf540_0, 0;
T_37.25 ;
    %jmp T_37.23;
T_37.22 ;
    %pushi/vec4 1, 0, 1;
    %assign/vec4 v0xba9e109bf3c0_0, 0;
    %load/vec4 v0xba9e10a1be70_0;
    %load/vec4 v0xba9e109cb130_0;
    %concat/vec4; draw_concat_vec4
    %assign/vec4 v0xba9e109bf540_0, 0;
T_37.23 ;
T_37.19 ;
    %jmp T_37.17;
T_37.16 ;
    %pushi/vec4 1, 0, 1;
    %assign/vec4 v0xba9e109bf3c0_0, 0;
    %load/vec4 v0xba9e10a1be70_0;
    %load/vec4 v0xba9e109cb130_0;
    %concat/vec4; draw_concat_vec4
    %assign/vec4 v0xba9e109bf540_0, 0;
T_37.17 ;
    %jmp T_37.7;
T_37.6 ;
    %load/vec4 v0xba9e109c3b30_0;
    %flag_set/vec4 9;
    %flag_get/vec4 9;
    %jmp/0 T_37.28, 9;
    %load/vec4 v0xba9e10b2e370_0;
    %and;
T_37.28;
    %flag_set/vec4 8;
    %jmp/0xz  T_37.26, 8;
    %load/vec4 v0xba9e109cb2d0_0;
    %load/vec4 v0xba9e10a1be70_0;
    %concati/vec4 0, 0, 8;
    %pad/u 32;
    %add;
    %load/vec4 v0xba9e10a406e0_0;
    %concati/vec4 0, 0, 3;
    %pad/u 32;
    %add;
    %assign/vec4 v0xba9e10b1d130_0, 0;
    %pushi/vec4 1, 0, 1;
    %assign/vec4 v0xba9e10b2e2b0_0, 0;
    %load/vec4 v0xba9e109c3a50_0;
    %assign/vec4 v0xba9e10b1d210_0, 0;
    %pushi/vec4 0, 0, 1;
    %assign/vec4 v0xba9e109c3b30_0, 0;
    %pushi/vec4 1, 0, 1;
    %ix/load 5, 0, 0;
    %ix/getv 4, v0xba9e10a1be70_0;
    %assign/vec4/off/d v0xba9e109cdff0_0, 4, 5;
    %pushi/vec4 1, 0, 1;
    %assign/vec4 v0xba9e10a1bcf0_0, 0;
    %load/vec4 v0xba9e10a1be70_0;
    %assign/vec4 v0xba9e109bf620_0, 0;
    %pushi/vec4 1, 0, 1;
    %assign/vec4 v0xba9e10a1bc30_0, 0;
    %pushi/vec4 0, 0, 3;
    %assign/vec4 v0xba9e109cb3b0_0, 0;
T_37.26 ;
    %jmp T_37.7;
T_37.7 ;
    %pop/vec4 1;
T_37.1 ;
    %jmp T_37;
    .thread T_37;
    .scope S_0xba9e10c91550;
T_38 ;
    %wait E_0xba9e109de160;
    %load/vec4 v0xba9e10dbb4a0_0;
    %flag_set/vec4 8;
    %jmp/0xz  T_38.0, 8;
    %pushi/vec4 0, 0, 256;
    %assign/vec4 v0xba9e10dbbcc0_0, 0;
    %jmp T_38.1;
T_38.0 ;
    %load/vec4 v0xba9e10dbbcc0_0;
    %load/vec4 v0xba9e10dbbae0_0;
    %or;
    %load/vec4 v0xba9e10dbaa20_0;
    %or;
    %assign/vec4 v0xba9e10dbbcc0_0, 0;
T_38.1 ;
    %jmp T_38;
    .thread T_38;
    .scope S_0xba9e10b20030;
T_39 ;
    %pushi/vec4 0, 0, 1;
    %store/vec4 v0xba9e10dbfe00_0, 0, 1;
    %pushi/vec4 0, 0, 5;
    %store/vec4 v0xba9e10dbea00_0, 0, 5;
    %pushi/vec4 0, 0, 32;
    %store/vec4 v0xba9e10dbe880_0, 0, 32;
    %pushi/vec4 0, 0, 32;
    %store/vec4 v0xba9e10dbe960_0, 0, 32;
    %pushi/vec4 0, 0, 32;
    %store/vec4 v0xba9e10dbec30_0, 0, 32;
    %pushi/vec4 0, 0, 12;
    %store/vec4 v0xba9e10dbeb40_0, 0, 12;
    %pushi/vec4 0, 0, 32;
    %store/vec4 v0xba9e10dbeaa0_0, 0, 32;
    %end;
    .thread T_39, $init;
# The file index is used to find the file name in the following table.
:file_names 19;
    "N/A";
    "<interactive>";
    "-";
    "tb/memory/tb_bram_to_dram.sv";
    "hdl/memory/bram_to_dram.sv";
    "hdl/top/top_level.sv";
    "hdl/top/per_sixteenth_engine.sv";
    "hdl/memory/colour_bram.sv";
    "hdl/comparator/comparator.sv";
    "hdl/queues/complete_queue_handler.sv";
    "hdl/queues/complete_queue.sv";
    "hdl/queues/fifo.sv";
    "hdl/stubs/control_unit.sv";
    "hdl/queues/job_queue_handler.sv";
    "hdl/queues/job_queue.sv";
    "hdl/stubs/scheduler.sv";
    "hdl/memory/state_bram.sv";
    "hdl/memory/tile_table.sv";
    "hdl/top/sixteenth_controller.sv";
