#! /usr/bin/vvp
:ivl_version "12.0 (stable)";
:ivl_delay_selection "TYPICAL";
:vpi_time_precision - 12;
:vpi_module "/usr/lib/aarch64-linux-gnu/ivl/system.vpi";
:vpi_module "/usr/lib/aarch64-linux-gnu/ivl/vhdl_sys.vpi";
:vpi_module "/usr/lib/aarch64-linux-gnu/ivl/vhdl_textio.vpi";
:vpi_module "/usr/lib/aarch64-linux-gnu/ivl/v2005_math.vpi";
:vpi_module "/usr/lib/aarch64-linux-gnu/ivl/va_math.vpi";
:vpi_module "/usr/lib/aarch64-linux-gnu/ivl/v2009.vpi";
S_0xb9d199f4a580 .scope package, "$unit" "$unit" 2 1;
 .timescale 0 0;
S_0xb9d199f3c530 .scope module, "bram_to_dram" "bram_to_dram" 3 4;
 .timescale 0 0;
    .port_info 0 /INPUT 1 "clk";
    .port_info 1 /INPUT 1 "rst";
    .port_info 2 /INPUT 256 "tile_done";
    .port_info 3 /INPUT 1 "engine_done";
    .port_info 4 /OUTPUT 8 "tt_rd_index";
    .port_info 5 /INPUT 1 "tt_is_filled";
    .port_info 6 /INPUT 6 "tt_fill_colour";
    .port_info 7 /OUTPUT 13 "b2d_word_addr";
    .port_info 8 /OUTPUT 1 "b2d_rd_en";
    .port_info 9 /INPUT 1 "b2d_rd_grant";
    .port_info 10 /INPUT 64 "b2d_rd_data";
    .port_info 11 /OUTPUT 32 "axi_wr_addr";
    .port_info 12 /OUTPUT 64 "axi_wr_data";
    .port_info 13 /OUTPUT 1 "axi_wr_en";
    .port_info 14 /INPUT 1 "axi_wr_ready";
    .port_info 15 /OUTPUT 1 "cache_valid_wr_en";
    .port_info 16 /OUTPUT 8 "cache_valid_index";
    .port_info 17 /OUTPUT 1 "cache_valid_value";
    .port_info 18 /INPUT 32 "sixteenth_base_addr";
    .port_info 19 /OUTPUT 1 "quarter_complete";
enum0xb9d199e6a930 .enum4 (3)
   "SCAN" 3'b000,
   "CHECK_TABLE" 3'b001,
   "GENERATE_FILL" 3'b010,
   "BURST_PIPE" 3'b011,
   "PIPE_DRAIN" 3'b100
 ;
L_0xb9d199f43ab0 .functor NOT 256, v0xb9d199e8b070_0, C4<0000000000000000000000000000000000000000000000000000000000000000000000000000000000000000000000000000000000000000000000000000000000000000000000000000000000000000000000000000000000000000000000000000000000000000000000000000000000000000000000000000000000000000>, C4<0000000000000000000000000000000000000000000000000000000000000000000000000000000000000000000000000000000000000000000000000000000000000000000000000000000000000000000000000000000000000000000000000000000000000000000000000000000000000000000000000000000000000000>, C4<0000000000000000000000000000000000000000000000000000000000000000000000000000000000000000000000000000000000000000000000000000000000000000000000000000000000000000000000000000000000000000000000000000000000000000000000000000000000000000000000000000000000000000>;
o0xb9d19a0b3b68 .functor BUFZ 256, C4<zzzzzzzzzzzzzzzzzzzzzzzzzzzzzzzzzzzzzzzzzzzzzzzzzzzzzzzzzzzzzzzzzzzzzzzzzzzzzzzzzzzzzzzzzzzzzzzzzzzzzzzzzzzzzzzzzzzzzzzzzzzzzzzzzzzzzzzzzzzzzzzzzzzzzzzzzzzzzzzzzzzzzzzzzzzzzzzzzzzzzzzzzzzzzzzzzzzzzzzzzzzzzzzzzzzzzzzzzzzzzzzzzzzzzzzzzzzzzzzzzzzzzzzzzzzzzzzz>; HiZ drive
L_0xb9d199f3af90 .functor AND 256, o0xb9d19a0b3b68, L_0xb9d199f43ab0, C4<1111111111111111111111111111111111111111111111111111111111111111111111111111111111111111111111111111111111111111111111111111111111111111111111111111111111111111111111111111111111111111111111111111111111111111111111111111111111111111111111111111111111111111>, C4<1111111111111111111111111111111111111111111111111111111111111111111111111111111111111111111111111111111111111111111111111111111111111111111111111111111111111111111111111111111111111111111111111111111111111111111111111111111111111111111111111111111111111111>;
L_0xb9d199e963d0 .functor BUFZ 8, v0xb9d199e445c0_0, C4<00000000>, C4<00000000>, C4<00000000>;
o0xb9d19a0b3928 .functor BUFZ 1, C4<z>; HiZ drive
L_0xb9d199eb9870 .functor AND 1, L_0xb9d19a1edd00, o0xb9d19a0b3928, C4<1>, C4<1>;
v0xb9d199f3f000_0 .net *"_ivl_0", 255 0, L_0xb9d199f43ab0;  1 drivers
L_0xf2103d6e7018 .functor BUFT 1, C4<1111111111111111111111111111111111111111111111111111111111111111111111111111111111111111111111111111111111111111111111111111111111111111111111111111111111111111111111111111111111111111111111111111111111111111111111111111111111111111111111111111111111111111>, C4<0>, C4<0>, C4<0>;
v0xb9d199f3b0b0_0 .net/2u *"_ivl_6", 255 0, L_0xf2103d6e7018;  1 drivers
v0xb9d199e98b90_0 .net *"_ivl_8", 0 0, L_0xb9d19a1edd00;  1 drivers
v0xb9d199ee8870_0 .var "any_pending", 0 0;
v0xb9d199eccec0_0 .var "axi_wr_addr", 31 0;
v0xb9d199ecb1c0_0 .var "axi_wr_data", 63 0;
v0xb9d199e83d40_0 .var "axi_wr_en", 0 0;
o0xb9d19a0b3748 .functor BUFZ 1, C4<z>; HiZ drive
v0xb9d199e83f40_0 .net "axi_wr_ready", 0 0, o0xb9d19a0b3748;  0 drivers
o0xb9d19a0b3778 .functor BUFZ 64, C4<zzzzzzzzzzzzzzzzzzzzzzzzzzzzzzzzzzzzzzzzzzzzzzzzzzzzzzzzzzzzzzzz>; HiZ drive
v0xb9d199e82020_0 .net "b2d_rd_data", 63 0, o0xb9d19a0b3778;  0 drivers
v0xb9d199e93410_0 .var "b2d_rd_en", 0 0;
o0xb9d19a0b37d8 .functor BUFZ 1, C4<z>; HiZ drive
v0xb9d199f32190_0 .net "b2d_rd_grant", 0 0, o0xb9d19a0b37d8;  0 drivers
v0xb9d199f35ff0_0 .var "b2d_word_addr", 12 0;
v0xb9d199f360d0_0 .var "cache_valid_index", 7 0;
v0xb9d199f367e0_0 .var "cache_valid_value", 0 0;
v0xb9d199f368a0_0 .var "cache_valid_wr_en", 0 0;
o0xb9d19a0b38c8 .functor BUFZ 1, C4<z>; HiZ drive
v0xb9d199e44500_0 .net "clk", 0 0, o0xb9d19a0b38c8;  0 drivers
v0xb9d199e445c0_0 .var "cur_tile", 7 0;
v0xb9d199e446a0_0 .net "engine_done", 0 0, o0xb9d19a0b3928;  0 drivers
v0xb9d199e44760_0 .var "fill_count", 4 0;
v0xb9d199e44840_0 .var "fill_word", 63 0;
v0xb9d199e7f2e0_0 .var "next_tile", 7 0;
v0xb9d199e7f3c0_0 .net "pending", 255 0, L_0xb9d199f3af90;  1 drivers
v0xb9d199e7f4a0_0 .var "pipe_data", 63 0;
v0xb9d199e7f580_0 .var "pipe_valid", 0 0;
v0xb9d199e7f640_0 .net "quarter_complete", 0 0, L_0xb9d199eb9870;  1 drivers
v0xb9d199e837b0_0 .var "rd_count", 4 0;
o0xb9d19a0b3ad8 .functor BUFZ 1, C4<z>; HiZ drive
v0xb9d199e83890_0 .net "rst", 0 0, o0xb9d19a0b3ad8;  0 drivers
o0xb9d19a0b3b08 .functor BUFZ 32, C4<zzzzzzzzzzzzzzzzzzzzzzzzzzzzzzzz>; HiZ drive
v0xb9d199e83950_0 .net "sixteenth_base_addr", 31 0, o0xb9d19a0b3b08;  0 drivers
v0xb9d199e83a30_0 .var "state", 2 0;
v0xb9d199e83b10_0 .net "tile_done", 255 0, o0xb9d19a0b3b68;  0 drivers
v0xb9d199e8b070_0 .var "transferred", 255 0;
o0xb9d19a0b3bc8 .functor BUFZ 6, C4<zzzzzz>; HiZ drive
v0xb9d199e8b150_0 .net "tt_fill_colour", 5 0, o0xb9d19a0b3bc8;  0 drivers
o0xb9d19a0b3bf8 .functor BUFZ 1, C4<z>; HiZ drive
v0xb9d199e8b230_0 .net "tt_is_filled", 0 0, o0xb9d19a0b3bf8;  0 drivers
v0xb9d199e8b2f0_0 .net "tt_rd_index", 7 0, L_0xb9d199e963d0;  1 drivers
v0xb9d199e8b3d0_0 .var "wr_count", 4 0;
E_0xb9d199ea1250 .event posedge, v0xb9d199e44500_0;
E_0xb9d199ea1e60 .event anyedge, v0xb9d199e8b150_0;
E_0xb9d199e9d6e0 .event anyedge, v0xb9d199e7f3c0_0;
L_0xb9d19a1edd00 .cmp/eq 256, v0xb9d199e8b070_0, L_0xf2103d6e7018;
S_0xb9d199f3a5a0 .scope begin, "$ivl_for_loop0" "$ivl_for_loop0" 3 68, 3 68 0, S_0xb9d199f3c530;
 .timescale 0 0;
v0xb9d199f47460_0 .var/2s "i", 31 0;
S_0xb9d199e93060 .scope begin, "$ivl_for_loop1" "$ivl_for_loop1" 3 83, 3 83 0, S_0xb9d199f3c530;
 .timescale 0 0;
v0xb9d199f4b040_0 .var/2s "i", 31 0;
S_0xb9d199eb64a0 .scope module, "comparator" "comparator" 4 4;
 .timescale 0 0;
    .port_info 0 /INPUT 1 "clk";
    .port_info 1 /INPUT 1 "rst";
    .port_info 2 /INPUT 1 "sched_reset";
    .port_info 3 /INPUT 9 "top_left_x";
    .port_info 4 /INPUT 9 "top_left_y";
    .port_info 5 /INPUT 9 "quad_size";
    .port_info 6 /INPUT 11 "expected_count";
    .port_info 7 /INPUT 1 "comp_valid";
    .port_info 8 /INPUT 22 "comp_data";
    .port_info 9 /OUTPUT 1 "comp_pop";
    .port_info 10 /OUTPUT 6 "ref_colour_o";
    .port_info 11 /OUTPUT 1 "differ";
    .port_info 12 /OUTPUT 1 "complete";
L_0xb9d199ea1910 .functor AND 1, L_0xb9d19a1ee0f0, L_0xb9d19a1ee300, C4<1>, C4<1>;
L_0xb9d199ea1770 .functor AND 1, L_0xb9d199ea1910, L_0xb9d19a1ee4d0, C4<1>, C4<1>;
L_0xb9d19a1ee700 .functor AND 1, L_0xb9d199ea1770, L_0xb9d19a1ee860, C4<1>, C4<1>;
o0xb9d19a0b4258 .functor BUFZ 1, C4<z>; HiZ drive
L_0xb9d19a1ee9f0 .functor BUFZ 1, o0xb9d19a0b4258, C4<0>, C4<0>, C4<0>;
v0xb9d199e8e280_0 .net *"_ivl_10", 0 0, L_0xb9d19a1ee300;  1 drivers
v0xb9d199ec5960_0 .net *"_ivl_13", 0 0, L_0xb9d199ea1910;  1 drivers
v0xb9d199ec5a20_0 .net *"_ivl_14", 0 0, L_0xb9d19a1ee4d0;  1 drivers
v0xb9d199ec5ac0_0 .net *"_ivl_17", 0 0, L_0xb9d199ea1770;  1 drivers
v0xb9d199ec5b80_0 .net *"_ivl_18", 8 0, L_0xb9d19a1ee660;  1 drivers
v0xb9d199ec5c60_0 .net *"_ivl_20", 0 0, L_0xb9d19a1ee860;  1 drivers
v0xb9d199ec5d20_0 .net *"_ivl_6", 0 0, L_0xb9d19a1ee0f0;  1 drivers
v0xb9d199edbc30_0 .net *"_ivl_8", 8 0, L_0xb9d19a1ee210;  1 drivers
o0xb9d19a0b41c8 .functor BUFZ 1, C4<z>; HiZ drive
v0xb9d199edbd10_0 .net "clk", 0 0, o0xb9d19a0b41c8;  0 drivers
o0xb9d19a0b41f8 .functor BUFZ 22, C4<zzzzzzzzzzzzzzzzzzzzzz>; HiZ drive
v0xb9d199edbdd0_0 .net "comp_data", 21 0, o0xb9d19a0b41f8;  0 drivers
v0xb9d199edbeb0_0 .net "comp_pop", 0 0, L_0xb9d19a1ee9f0;  1 drivers
v0xb9d199edbf70_0 .net "comp_valid", 0 0, o0xb9d19a0b4258;  0 drivers
v0xb9d199ed0220_0 .var "complete", 0 0;
v0xb9d199ed02e0_0 .var "differ", 0 0;
v0xb9d199ed03a0_0 .net "entry_colour", 3 0, L_0xb9d19a1ee050;  1 drivers
v0xb9d199ed0480_0 .net "entry_x", 8 0, L_0xb9d19a1edec0;  1 drivers
v0xb9d199ed0560_0 .net "entry_y", 8 0, L_0xb9d19a1edf60;  1 drivers
o0xb9d19a0b4378 .functor BUFZ 11, C4<zzzzzzzzzzz>; HiZ drive
v0xb9d199e9c910_0 .net "expected_count", 10 0, o0xb9d19a0b4378;  0 drivers
v0xb9d199e9c9f0_0 .net "in_bounds", 0 0, L_0xb9d19a1ee700;  1 drivers
o0xb9d19a0b43d8 .functor BUFZ 9, C4<zzzzzzzzz>; HiZ drive
v0xb9d199e9cab0_0 .net "quad_size", 8 0, o0xb9d19a0b43d8;  0 drivers
v0xb9d199e9cb90_0 .var "ref_colour", 3 0;
v0xb9d199e9cc70_0 .var "ref_colour_o", 5 0;
v0xb9d19a0e35a0_0 .var "ref_valid", 0 0;
o0xb9d19a0b4498 .functor BUFZ 1, C4<z>; HiZ drive
v0xb9d19a0e3640_0 .net "rst", 0 0, o0xb9d19a0b4498;  0 drivers
o0xb9d19a0b44c8 .functor BUFZ 1, C4<z>; HiZ drive
v0xb9d19a0e36e0_0 .net "sched_reset", 0 0, o0xb9d19a0b44c8;  0 drivers
v0xb9d19a0e3780_0 .var "seen_count", 10 0;
o0xb9d19a0b4528 .functor BUFZ 9, C4<zzzzzzzzz>; HiZ drive
v0xb9d19a0e3820_0 .net "top_left_x", 8 0, o0xb9d19a0b4528;  0 drivers
o0xb9d19a0b4558 .functor BUFZ 9, C4<zzzzzzzzz>; HiZ drive
v0xb9d19a0e38c0_0 .net "top_left_y", 8 0, o0xb9d19a0b4558;  0 drivers
E_0xb9d199ea2150 .event posedge, v0xb9d199edbd10_0;
L_0xb9d19a1edec0 .part o0xb9d19a0b41f8, 0, 9;
L_0xb9d19a1edf60 .part o0xb9d19a0b41f8, 9, 9;
L_0xb9d19a1ee050 .part o0xb9d19a0b41f8, 18, 4;
L_0xb9d19a1ee0f0 .cmp/ge 9, L_0xb9d19a1edec0, o0xb9d19a0b4528;
L_0xb9d19a1ee210 .arith/sum 9, o0xb9d19a0b4528, o0xb9d19a0b43d8;
L_0xb9d19a1ee300 .cmp/gt 9, L_0xb9d19a1ee210, L_0xb9d19a1edec0;
L_0xb9d19a1ee4d0 .cmp/ge 9, L_0xb9d19a1edf60, o0xb9d19a0b4558;
L_0xb9d19a1ee660 .arith/sum 9, o0xb9d19a0b4558, o0xb9d19a0b43d8;
L_0xb9d19a1ee860 .cmp/gt 9, L_0xb9d19a1ee660, L_0xb9d19a1edf60;
S_0xb9d199f15c20 .scope module, "complete_queue_handler" "complete_queue_handler" 5 5;
 .timescale 0 0;
    .port_info 0 /INPUT 1 "clk";
    .port_info 1 /INPUT 1 "rst";
    .port_info 2 /INPUT 1 "done";
    .port_info 3 /INPUT 9 "iter_x";
    .port_info 4 /INPUT 9 "iter_y";
    .port_info 5 /INPUT 4 "iter_colour";
    .port_info 6 /INPUT 1 "comp_pop";
    .port_info 7 /OUTPUT 1 "comp_valid";
    .port_info 8 /OUTPUT 22 "comp_data";
    .port_info 9 /OUTPUT 1 "full_err";
o0xb9d19a0b4eb8 .functor BUFZ 1, C4<z>; HiZ drive
L_0xb9d19a1ef0c0 .functor AND 1, o0xb9d19a0b4eb8, L_0xb9d19a1ef020, C4<1>, C4<1>;
L_0xb9d19a1ef130 .functor AND 1, o0xb9d19a0b4eb8, L_0xb9d19a1eea60, C4<1>, C4<1>;
v0xb9d19a0e4e60_0 .net *"_ivl_3", 0 0, L_0xb9d19a1ef020;  1 drivers
o0xb9d19a0b48e8 .functor BUFZ 1, C4<z>; HiZ drive
v0xb9d19a0e4f00_0 .net "clk", 0 0, o0xb9d19a0b48e8;  0 drivers
v0xb9d19a0e4fa0_0 .net "comp_data", 21 0, L_0xb9d19a1eee70;  1 drivers
o0xb9d19a0b4a68 .functor BUFZ 1, C4<z>; HiZ drive
v0xb9d19a0e5040_0 .net "comp_pop", 0 0, o0xb9d19a0b4a68;  0 drivers
v0xb9d19a0e50e0_0 .net "comp_valid", 0 0, L_0xb9d19a1ef1f0;  1 drivers
v0xb9d19a0e5180_0 .net "done", 0 0, o0xb9d19a0b4eb8;  0 drivers
v0xb9d19a0e5220_0 .net "full_err", 0 0, L_0xb9d19a1ef130;  1 drivers
o0xb9d19a0b4f18 .functor BUFZ 4, C4<zzzz>; HiZ drive
v0xb9d19a0e52c0_0 .net "iter_colour", 3 0, o0xb9d19a0b4f18;  0 drivers
o0xb9d19a0b4f48 .functor BUFZ 9, C4<zzzzzzzzz>; HiZ drive
v0xb9d19a0e5360_0 .net "iter_x", 8 0, o0xb9d19a0b4f48;  0 drivers
o0xb9d19a0b4f78 .functor BUFZ 9, C4<zzzzzzzzz>; HiZ drive
v0xb9d19a0e5400_0 .net "iter_y", 8 0, o0xb9d19a0b4f78;  0 drivers
v0xb9d19a0e54a0_0 .net "q_data_in", 21 0, L_0xb9d19a1eef80;  1 drivers
v0xb9d19a0e5540_0 .net "q_empty", 0 0, L_0xb9d19a1eeb50;  1 drivers
v0xb9d19a0e55e0_0 .net "q_full", 0 0, L_0xb9d19a1eea60;  1 drivers
v0xb9d19a0e5680_0 .net "q_push", 0 0, L_0xb9d19a1ef0c0;  1 drivers
o0xb9d19a0b4ac8 .functor BUFZ 1, C4<z>; HiZ drive
v0xb9d19a0e5720_0 .net "rst", 0 0, o0xb9d19a0b4ac8;  0 drivers
L_0xb9d19a1eef80 .concat [ 9 9 4 0], o0xb9d19a0b4f48, o0xb9d19a0b4f78, o0xb9d19a0b4f18;
L_0xb9d19a1ef020 .reduce/nor L_0xb9d19a1eea60;
L_0xb9d19a1ef1f0 .reduce/nor L_0xb9d19a1eeb50;
S_0xb9d19a0e3960 .scope module, "u_complete_queue" "complete_queue" 5 28, 6 3 0, S_0xb9d199f15c20;
 .timescale 0 0;
    .port_info 0 /INPUT 1 "clk";
    .port_info 1 /INPUT 1 "rst";
    .port_info 2 /INPUT 1 "push";
    .port_info 3 /INPUT 22 "data_in";
    .port_info 4 /INPUT 1 "pop";
    .port_info 5 /OUTPUT 22 "data_out";
    .port_info 6 /OUTPUT 1 "full";
    .port_info 7 /OUTPUT 1 "empty";
v0xb9d19a0e4960_0 .net "clk", 0 0, o0xb9d19a0b48e8;  alias, 0 drivers
v0xb9d19a0e4a00_0 .net "data_in", 21 0, L_0xb9d19a1eef80;  alias, 1 drivers
v0xb9d19a0e4aa0_0 .net "data_out", 21 0, L_0xb9d19a1eee70;  alias, 1 drivers
v0xb9d19a0e4b40_0 .net "empty", 0 0, L_0xb9d19a1eeb50;  alias, 1 drivers
v0xb9d19a0e4be0_0 .net "full", 0 0, L_0xb9d19a1eea60;  alias, 1 drivers
v0xb9d19a0e4c80_0 .net "pop", 0 0, o0xb9d19a0b4a68;  alias, 0 drivers
v0xb9d19a0e4d20_0 .net "push", 0 0, L_0xb9d19a1ef0c0;  alias, 1 drivers
v0xb9d19a0e4dc0_0 .net "rst", 0 0, o0xb9d19a0b4ac8;  alias, 0 drivers
S_0xb9d19a0e3bc0 .scope module, "u_fifo" "fifo" 6 22, 7 4 0, S_0xb9d19a0e3960;
 .timescale 0 0;
    .port_info 0 /INPUT 1 "clk";
    .port_info 1 /INPUT 1 "rst";
    .port_info 2 /INPUT 1 "flush";
    .port_info 3 /INPUT 1 "push";
    .port_info 4 /INPUT 22 "data_in";
    .port_info 5 /INPUT 1 "pop";
    .port_info 6 /OUTPUT 22 "data_out";
    .port_info 7 /OUTPUT 1 "full";
    .port_info 8 /OUTPUT 1 "empty";
P_0xb9d19a0e3d50 .param/l "DATA_WIDTH" 0 7 5, +C4<00000000000000000000000000010110>;
P_0xb9d19a0e3d90 .param/l "DEPTH" 0 7 6, +C4<00000000000000000000000000100000>;
P_0xb9d19a0e3dd0 .param/l "PTR_W" 1 7 22, +C4<00000000000000000000000000000101>;
L_0xb9d19a1eee70 .functor BUFZ 22, L_0xb9d19a1eec90, C4<0000000000000000000000>, C4<0000000000000000000000>, C4<0000000000000000000000>;
L_0xf2103d6e7060 .functor BUFT 1, C4<100000>, C4<0>, C4<0>, C4<0>;
v0xb9d19a0e3e20_0 .net/2u *"_ivl_0", 5 0, L_0xf2103d6e7060;  1 drivers
v0xb9d19a0e3ec0_0 .net *"_ivl_10", 6 0, L_0xb9d19a1eed30;  1 drivers
L_0xf2103d6e70f0 .functor BUFT 1, C4<00>, C4<0>, C4<0>, C4<0>;
v0xb9d19a0e3f60_0 .net *"_ivl_13", 1 0, L_0xf2103d6e70f0;  1 drivers
L_0xf2103d6e70a8 .functor BUFT 1, C4<000000>, C4<0>, C4<0>, C4<0>;
v0xb9d19a0e4000_0 .net/2u *"_ivl_4", 5 0, L_0xf2103d6e70a8;  1 drivers
v0xb9d19a0e40a0_0 .net *"_ivl_8", 21 0, L_0xb9d19a1eec90;  1 drivers
v0xb9d19a0e4140_0 .net "clk", 0 0, o0xb9d19a0b48e8;  alias, 0 drivers
v0xb9d19a0e41e0_0 .var "count", 5 0;
v0xb9d19a0e4280_0 .net "data_in", 21 0, L_0xb9d19a1eef80;  alias, 1 drivers
v0xb9d19a0e4320_0 .net "data_out", 21 0, L_0xb9d19a1eee70;  alias, 1 drivers
v0xb9d19a0e43c0_0 .net "empty", 0 0, L_0xb9d19a1eeb50;  alias, 1 drivers
L_0xf2103d6e7138 .functor BUFT 1, C4<0>, C4<0>, C4<0>, C4<0>;
v0xb9d19a0e4460_0 .net "flush", 0 0, L_0xf2103d6e7138;  1 drivers
v0xb9d19a0e4500_0 .net "full", 0 0, L_0xb9d19a1eea60;  alias, 1 drivers
v0xb9d19a0e45a0_0 .var "head", 4 0;
v0xb9d19a0e4640 .array "mem", 31 0, 21 0;
v0xb9d19a0e46e0_0 .net "pop", 0 0, o0xb9d19a0b4a68;  alias, 0 drivers
v0xb9d19a0e4780_0 .net "push", 0 0, L_0xb9d19a1ef0c0;  alias, 1 drivers
v0xb9d19a0e4820_0 .net "rst", 0 0, o0xb9d19a0b4ac8;  alias, 0 drivers
v0xb9d19a0e48c0_0 .var "tail", 4 0;
E_0xb9d199e9e570 .event posedge, v0xb9d19a0e4140_0;
L_0xb9d19a1eea60 .cmp/eq 6, v0xb9d19a0e41e0_0, L_0xf2103d6e7060;
L_0xb9d19a1eeb50 .cmp/eq 6, v0xb9d19a0e41e0_0, L_0xf2103d6e70a8;
L_0xb9d19a1eec90 .array/port v0xb9d19a0e4640, L_0xb9d19a1eed30;
L_0xb9d19a1eed30 .concat [ 5 2 0 0], v0xb9d19a0e48c0_0, L_0xf2103d6e70f0;
S_0xb9d199f39e50 .scope module, "job_queue_handler" "job_queue_handler" 8 4;
 .timescale 0 0;
    .port_info 0 /INPUT 1 "clk";
    .port_info 1 /INPUT 1 "rst";
    .port_info 2 /INPUT 18 "sched_coord";
    .port_info 3 /INPUT 1 "sched_push";
    .port_info 4 /OUTPUT 1 "sched_stall";
    .port_info 5 /INPUT 1 "flush";
    .port_info 6 /INPUT 1 "wants_job";
    .port_info 7 /OUTPUT 1 "grant";
    .port_info 8 /OUTPUT 18 "coord_out";
L_0xb9d19a1ef7d0 .functor BUFZ 1, L_0xb9d19a1ef320, C4<0>, C4<0>, C4<0>;
o0xb9d19a0b58d8 .functor BUFZ 1, C4<z>; HiZ drive
L_0xb9d19a1ef970 .functor AND 1, o0xb9d19a0b58d8, L_0xb9d19a1ef8d0, C4<1>, C4<1>;
o0xb9d19a0b5938 .functor BUFZ 1, C4<z>; HiZ drive
L_0xb9d19a1efb10 .functor AND 1, o0xb9d19a0b5938, L_0xb9d19a1ef9e0, C4<1>, C4<1>;
v0xb9d19a0e6f60_0 .net *"_ivl_3", 0 0, L_0xb9d19a1ef8d0;  1 drivers
v0xb9d19a0e7000_0 .net *"_ivl_7", 0 0, L_0xb9d19a1ef9e0;  1 drivers
o0xb9d19a0b5278 .functor BUFZ 1, C4<z>; HiZ drive
v0xb9d19a0e70a0_0 .net "clk", 0 0, o0xb9d19a0b5278;  0 drivers
v0xb9d19a0e7140_0 .var "coord_out", 17 0;
o0xb9d19a0b5368 .functor BUFZ 1, C4<z>; HiZ drive
v0xb9d19a0e71e0_0 .net "flush", 0 0, o0xb9d19a0b5368;  0 drivers
v0xb9d19a0e7280_0 .var "grant", 0 0;
v0xb9d19a0e7320_0 .net "q_data_out", 17 0, L_0xb9d19a1ef710;  1 drivers
v0xb9d19a0e73c0_0 .net "q_empty", 0 0, L_0xb9d19a1ef3c0;  1 drivers
v0xb9d19a0e7460_0 .net "q_full", 0 0, L_0xb9d19a1ef320;  1 drivers
v0xb9d19a0e7500_0 .net "q_pop", 0 0, L_0xb9d19a1efb10;  1 drivers
v0xb9d19a0e75a0_0 .net "q_push", 0 0, L_0xb9d19a1ef970;  1 drivers
o0xb9d19a0b5458 .functor BUFZ 1, C4<z>; HiZ drive
v0xb9d19a0e7640_0 .net "rst", 0 0, o0xb9d19a0b5458;  0 drivers
o0xb9d19a0b52d8 .functor BUFZ 18, C4<zzzzzzzzzzzzzzzzzz>; HiZ drive
v0xb9d19a0e76e0_0 .net "sched_coord", 17 0, o0xb9d19a0b52d8;  0 drivers
v0xb9d19a0e7780_0 .net "sched_push", 0 0, o0xb9d19a0b58d8;  0 drivers
v0xb9d19a0e7820_0 .net "sched_stall", 0 0, L_0xb9d19a1ef7d0;  1 drivers
v0xb9d19a0e78c0_0 .net "wants_job", 0 0, o0xb9d19a0b5938;  0 drivers
L_0xb9d19a1ef8d0 .reduce/nor L_0xb9d19a1ef320;
L_0xb9d19a1ef9e0 .reduce/nor L_0xb9d19a1ef3c0;
S_0xb9d19a0e57c0 .scope module, "u_job_queue" "job_queue" 8 27, 9 3 0, S_0xb9d199f39e50;
 .timescale 0 0;
    .port_info 0 /INPUT 1 "clk";
    .port_info 1 /INPUT 1 "rst";
    .port_info 2 /INPUT 1 "flush";
    .port_info 3 /INPUT 1 "push";
    .port_info 4 /INPUT 18 "data_in";
    .port_info 5 /INPUT 1 "pop";
    .port_info 6 /OUTPUT 18 "data_out";
    .port_info 7 /OUTPUT 1 "full";
    .port_info 8 /OUTPUT 1 "empty";
v0xb9d19a0e69c0_0 .net "clk", 0 0, o0xb9d19a0b5278;  alias, 0 drivers
v0xb9d19a0e6a60_0 .net "data_in", 17 0, o0xb9d19a0b52d8;  alias, 0 drivers
v0xb9d19a0e6b00_0 .net "data_out", 17 0, L_0xb9d19a1ef710;  alias, 1 drivers
v0xb9d19a0e6ba0_0 .net "empty", 0 0, L_0xb9d19a1ef3c0;  alias, 1 drivers
v0xb9d19a0e6c40_0 .net "flush", 0 0, o0xb9d19a0b5368;  alias, 0 drivers
v0xb9d19a0e6ce0_0 .net "full", 0 0, L_0xb9d19a1ef320;  alias, 1 drivers
v0xb9d19a0e6d80_0 .net "pop", 0 0, L_0xb9d19a1efb10;  alias, 1 drivers
v0xb9d19a0e6e20_0 .net "push", 0 0, L_0xb9d19a1ef970;  alias, 1 drivers
v0xb9d19a0e6ec0_0 .net "rst", 0 0, o0xb9d19a0b5458;  alias, 0 drivers
S_0xb9d19a0e5a30 .scope module, "u_fifo" "fifo" 9 23, 7 4 0, S_0xb9d19a0e57c0;
 .timescale 0 0;
    .port_info 0 /INPUT 1 "clk";
    .port_info 1 /INPUT 1 "rst";
    .port_info 2 /INPUT 1 "flush";
    .port_info 3 /INPUT 1 "push";
    .port_info 4 /INPUT 18 "data_in";
    .port_info 5 /INPUT 1 "pop";
    .port_info 6 /OUTPUT 18 "data_out";
    .port_info 7 /OUTPUT 1 "full";
    .port_info 8 /OUTPUT 1 "empty";
P_0xb9d19a0e5bc0 .param/l "DATA_WIDTH" 0 7 5, +C4<00000000000000000000000000010010>;
P_0xb9d19a0e5c00 .param/l "DEPTH" 0 7 6, +C4<00000000000000000000100000000000>;
P_0xb9d19a0e5c40 .param/l "PTR_W" 1 7 22, +C4<00000000000000000000000000001011>;
L_0xb9d19a1ef710 .functor BUFZ 18, L_0xb9d19a1ef500, C4<000000000000000000>, C4<000000000000000000>, C4<000000000000000000>;
L_0xf2103d6e7180 .functor BUFT 1, C4<100000000000>, C4<0>, C4<0>, C4<0>;
v0xb9d19a0e5d70_0 .net/2u *"_ivl_0", 11 0, L_0xf2103d6e7180;  1 drivers
v0xb9d19a0e5e10_0 .net *"_ivl_10", 12 0, L_0xb9d19a1ef5a0;  1 drivers
L_0xf2103d6e7210 .functor BUFT 1, C4<00>, C4<0>, C4<0>, C4<0>;
v0xb9d19a0e5eb0_0 .net *"_ivl_13", 1 0, L_0xf2103d6e7210;  1 drivers
L_0xf2103d6e71c8 .functor BUFT 1, C4<000000000000>, C4<0>, C4<0>, C4<0>;
v0xb9d19a0e5f50_0 .net/2u *"_ivl_4", 11 0, L_0xf2103d6e71c8;  1 drivers
v0xb9d19a0e5ff0_0 .net *"_ivl_8", 17 0, L_0xb9d19a1ef500;  1 drivers
v0xb9d19a0e6090_0 .net "clk", 0 0, o0xb9d19a0b5278;  alias, 0 drivers
v0xb9d19a0e6130_0 .var "count", 11 0;
v0xb9d19a0e61d0_0 .net "data_in", 17 0, o0xb9d19a0b52d8;  alias, 0 drivers
v0xb9d19a0e6270_0 .net "data_out", 17 0, L_0xb9d19a1ef710;  alias, 1 drivers
v0xb9d19a0e6310_0 .net "empty", 0 0, L_0xb9d19a1ef3c0;  alias, 1 drivers
v0xb9d19a0e63b0_0 .net "flush", 0 0, o0xb9d19a0b5368;  alias, 0 drivers
v0xb9d19a0e6450_0 .net "full", 0 0, L_0xb9d19a1ef320;  alias, 1 drivers
v0xb9d19a0e64f0_0 .var "head", 10 0;
v0xb9d19a0e6590 .array "mem", 2047 0, 17 0;
v0xb9d19a0e6630_0 .net "pop", 0 0, L_0xb9d19a1efb10;  alias, 1 drivers
v0xb9d19a0e66d0_0 .net "push", 0 0, L_0xb9d19a1ef970;  alias, 1 drivers
v0xb9d19a0e6770_0 .net "rst", 0 0, o0xb9d19a0b5458;  alias, 0 drivers
v0xb9d19a0e6920_0 .var "tail", 10 0;
E_0xb9d199e9e160 .event posedge, v0xb9d19a0e6090_0;
L_0xb9d19a1ef320 .cmp/eq 12, v0xb9d19a0e6130_0, L_0xf2103d6e7180;
L_0xb9d19a1ef3c0 .cmp/eq 12, v0xb9d19a0e6130_0, L_0xf2103d6e71c8;
L_0xb9d19a1ef500 .array/port v0xb9d19a0e6590, L_0xb9d19a1ef5a0;
L_0xb9d19a1ef5a0 .concat [ 11 2 0 0], v0xb9d19a0e6920_0, L_0xf2103d6e7210;
S_0xb9d199f49f60 .scope module, "state_bram" "state_bram" 10 5;
 .timescale 0 0;
    .port_info 0 /INPUT 1 "clk";
    .port_info 1 /INPUT 1 "rst";
    .port_info 2 /INPUT 9 "a_x";
    .port_info 3 /INPUT 9 "a_y";
    .port_info 4 /INPUT 1 "a_rd";
    .port_info 5 /INPUT 1 "a_we";
    .port_info 6 /INPUT 2 "a_wstate";
    .port_info 7 /OUTPUT 2 "a_rstate";
L_0xb9d19a1f0610 .functor BUFZ 8, L_0xb9d19a1f03d0, C4<00000000>, C4<00000000>, C4<00000000>;
v0xb9d19a0e7b90_0 .net *"_ivl_1", 3 0, L_0xb9d19a1efb80;  1 drivers
L_0xf2103d6e7258 .functor BUFT 1, C4<00000000>, C4<0>, C4<0>, C4<0>;
v0xb9d19a0e7c30_0 .net/2u *"_ivl_14", 7 0, L_0xf2103d6e7258;  1 drivers
v0xb9d19a0e7cd0_0 .net *"_ivl_18", 7 0, L_0xb9d19a1f03d0;  1 drivers
v0xb9d19a0e7d70_0 .net *"_ivl_20", 15 0, L_0xb9d19a1f0470;  1 drivers
L_0xf2103d6e72a0 .functor BUFT 1, C4<00>, C4<0>, C4<0>, C4<0>;
v0xb9d19a0e7e10_0 .net *"_ivl_23", 1 0, L_0xf2103d6e72a0;  1 drivers
v0xb9d19a0e7eb0_0 .net *"_ivl_3", 3 0, L_0xb9d19a1efc20;  1 drivers
v0xb9d19a0e7f50_0 .net *"_ivl_5", 3 0, L_0xb9d19a1efcc0;  1 drivers
v0xb9d19a0e7ff0_0 .net *"_ivl_7", 3 0, L_0xb9d19a1efdb0;  1 drivers
o0xb9d19a0b5cc8 .functor BUFZ 1, C4<z>; HiZ drive
v0xb9d19a0e8090_0 .net "a_rd", 0 0, o0xb9d19a0b5cc8;  0 drivers
v0xb9d19a0e8130_0 .var "a_rstate", 1 0;
o0xb9d19a0b5d28 .functor BUFZ 1, C4<z>; HiZ drive
v0xb9d19a0e81d0_0 .net "a_we", 0 0, o0xb9d19a0b5d28;  0 drivers
o0xb9d19a0b5d58 .functor BUFZ 2, C4<zz>; HiZ drive
v0xb9d19a0e8270_0 .net "a_wstate", 1 0, o0xb9d19a0b5d58;  0 drivers
o0xb9d19a0b5d88 .functor BUFZ 9, C4<zzzzzzzzz>; HiZ drive
v0xb9d19a0e8310_0 .net "a_x", 8 0, o0xb9d19a0b5d88;  0 drivers
o0xb9d19a0b5db8 .functor BUFZ 9, C4<zzzzzzzzz>; HiZ drive
v0xb9d19a0e83b0_0 .net "a_y", 8 0, o0xb9d19a0b5db8;  0 drivers
v0xb9d19a0e8450_0 .net "bit_slot", 1 0, L_0xb9d19a1f01b0;  1 drivers
v0xb9d19a0e84f0_0 .net "byte_addr", 13 0, L_0xb9d19a1f0080;  1 drivers
o0xb9d19a0b5e48 .functor BUFZ 1, C4<z>; HiZ drive
v0xb9d19a0e8590_0 .net "clk", 0 0, o0xb9d19a0b5e48;  0 drivers
v0xb9d19a0e8740_0 .net "cur_byte", 7 0, L_0xb9d19a1f0610;  1 drivers
v0xb9d19a0e87e0 .array "mem", 16383 0, 7 0;
v0xb9d19a0f8890_0 .var "new_byte", 7 0;
v0xb9d19a0f8930_0 .var "post_rst", 0 0;
v0xb9d19a0f89d0_0 .var "rd_byte", 7 0;
v0xb9d19a0f8a70_0 .net "rd_byte_out", 7 0, L_0xb9d19a1f02e0;  1 drivers
o0xb9d19a0b5f68 .functor BUFZ 1, C4<z>; HiZ drive
v0xb9d19a0f8b10_0 .net "rst", 0 0, o0xb9d19a0b5f68;  0 drivers
v0xb9d19a0f8bb0_0 .net "tile_addr", 15 0, L_0xb9d19a1efea0;  1 drivers
E_0xb9d199e9de20 .event posedge, v0xb9d19a0e8590_0;
E_0xb9d199ea2b40 .event anyedge, v0xb9d19a0e8740_0, v0xb9d19a0e8450_0, v0xb9d19a0e8270_0;
E_0xb9d199ea1c10/0 .event anyedge, v0xb9d19a0e8450_0, v0xb9d19a0f8a70_0, v0xb9d19a0f8a70_0, v0xb9d19a0f8a70_0;
E_0xb9d199ea1c10/1 .event anyedge, v0xb9d19a0f8a70_0;
E_0xb9d199ea1c10 .event/or E_0xb9d199ea1c10/0, E_0xb9d199ea1c10/1;
L_0xb9d19a1efb80 .part o0xb9d19a0b5db8, 4, 4;
L_0xb9d19a1efc20 .part o0xb9d19a0b5d88, 4, 4;
L_0xb9d19a1efcc0 .part o0xb9d19a0b5db8, 0, 4;
L_0xb9d19a1efdb0 .part o0xb9d19a0b5d88, 0, 4;
L_0xb9d19a1efea0 .concat [ 4 4 4 4], L_0xb9d19a1efdb0, L_0xb9d19a1efcc0, L_0xb9d19a1efc20, L_0xb9d19a1efb80;
L_0xb9d19a1f0080 .part L_0xb9d19a1efea0, 2, 14;
L_0xb9d19a1f01b0 .part L_0xb9d19a1efea0, 0, 2;
L_0xb9d19a1f02e0 .functor MUXZ 8, v0xb9d19a0f89d0_0, L_0xf2103d6e7258, v0xb9d19a0f8930_0, C4<>;
L_0xb9d19a1f03d0 .array/port v0xb9d19a0e87e0, L_0xb9d19a1f0470;
L_0xb9d19a1f0470 .concat [ 14 2 0 0], L_0xb9d19a1f0080, L_0xf2103d6e72a0;
S_0xb9d19a0e7960 .scope begin, "$ivl_for_loop2" "$ivl_for_loop2" 10 68, 10 68 0, S_0xb9d199f49f60;
 .timescale 0 0;
v0xb9d19a0e7af0_0 .var/2s "i", 31 0;
S_0xb9d199f37650 .scope module, "tb_colour_bram" "tb_colour_bram" 11 3;
 .timescale -9 -12;
v0xb9d19a1da4b0_0 .var "a_rd", 0 0;
v0xb9d19a1da570_0 .net "a_rdata", 7 0, v0xb9d19a10ac30_0;  1 drivers
v0xb9d19a1da630_0 .var "a_wdata", 7 0;
v0xb9d19a1da6f0_0 .var "a_we", 0 0;
v0xb9d19a1da7b0_0 .var "a_x", 8 0;
v0xb9d19a1da8c0_0 .var "a_y", 8 0;
v0xb9d19a1da980_0 .var "b_rd", 0 0;
v0xb9d19a1daa20_0 .net "b_rd_grant", 0 0, L_0xb9d19a1f07c0;  1 drivers
v0xb9d19a1daac0_0 .net "b_rdata", 63 0, v0xb9d19a10a870_0;  1 drivers
v0xb9d19a1dab80_0 .var "b_word_addr", 12 0;
v0xb9d19a1dac40_0 .var "clk", 0 0;
v0xb9d19a1dace0_0 .var "ctrl_wr_data", 7 0;
v0xb9d19a1dada0_0 .var "ctrl_wr_en", 0 0;
v0xb9d19a1dae40_0 .var "ctrl_wr_x", 8 0;
v0xb9d19a1daf00_0 .var "ctrl_wr_y", 8 0;
v0xb9d19a1dafc0_0 .var/str "current_suite";
v0xb9d19a1db080_0 .var "got", 7 0;
v0xb9d19a1db270_0 .var/2s "tests_failed", 31 0;
v0xb9d19a1db350_0 .var/2s "tests_passed", 31 0;
v0xb9d19a1db430_0 .var/2s "tests_run", 31 0;
S_0xb9d19a0f8c50 .scope begin, "$ivl_for_loop6" "$ivl_for_loop6" 11 115, 11 115 0, S_0xb9d199f37650;
 .timescale -9 -12;
v0xb9d19a0f8de0_0 .var/2s "i", 31 0;
S_0xb9d19a0f8e80 .scope begin, "$ivl_for_loop7" "$ivl_for_loop7" 11 117, 11 117 0, S_0xb9d199f37650;
 .timescale -9 -12;
v0xb9d19a0f9010_0 .var/2s "i", 31 0;
S_0xb9d19a0f90b0 .scope begin, "$ivl_for_loop8" "$ivl_for_loop8" 11 135, 11 135 0, S_0xb9d199f37650;
 .timescale -9 -12;
v0xb9d19a0f9240_0 .var/2s "i", 31 0;
S_0xb9d19a0f92e0 .scope begin, "$ivl_for_loop9" "$ivl_for_loop9" 11 140, 11 140 0, S_0xb9d199f37650;
 .timescale -9 -12;
v0xb9d19a0f9470_0 .var/2s "i", 31 0;
S_0xb9d19a0f9510 .scope autofunction.vec4.s8, "axi_rdata_byte" "axi_rdata_byte" 11 180, 11 180 0, S_0xb9d199f37650;
 .timescale -9 -12;
; Variable axi_rdata_byte is vec4 return value of scope S_0xb9d19a0f9510
v0xb9d19a0f9740_0 .var/2s "idx", 31 0;
v0xb9d19a0f97e0_0 .var "w", 63 0;
TD_tb_colour_bram.axi_rdata_byte ;
    %load/vec4 v0xb9d19a0f97e0_0;
    %load/vec4 v0xb9d19a0f9740_0;
    %muli 8, 0, 32;
    %part/s 8;
    %ret/vec4 0, 0, 8;  Assign to axi_rdata_byte (store_vec4_to_lval)
    %disable/flow S_0xb9d19a0f9510;
    %end;
S_0xb9d19a0f9880 .scope autotask, "check" "check" 11 15, 11 15 0, S_0xb9d199f37650;
 .timescale -9 -12;
v0xb9d19a0f9a10_0 .var "cond", 0 0;
v0xb9d19a0f9ab0_0 .var/str "desc";
TD_tb_colour_bram.check ;
    ; show_stmt_assign_vector: Get l-value for compressed += operand
    %load/vec4 v0xb9d19a1db430_0;
    %pushi/vec4 1, 0, 32;
    %add;
    %cast2;
    %store/vec4 v0xb9d19a1db430_0, 0, 32;
    %load/vec4 v0xb9d19a0f9a10_0;
    %flag_set/vec4 8;
    %jmp/0xz  T_1.0, 8;
    ; show_stmt_assign_vector: Get l-value for compressed += operand
    %load/vec4 v0xb9d19a1db350_0;
    %pushi/vec4 1, 0, 32;
    %add;
    %cast2;
    %store/vec4 v0xb9d19a1db350_0, 0, 32;
    %vpi_call/w 11 17 "$display", "  [PASS] %s", v0xb9d19a0f9ab0_0 {0 0 0};
    %jmp T_1.1;
T_1.0 ;
    ; show_stmt_assign_vector: Get l-value for compressed += operand
    %load/vec4 v0xb9d19a1db270_0;
    %pushi/vec4 1, 0, 32;
    %add;
    %cast2;
    %store/vec4 v0xb9d19a1db270_0, 0, 32;
    %vpi_call/w 11 18 "$display", "  [FAIL] %s  (suite: %s)", v0xb9d19a0f9ab0_0, v0xb9d19a1dafc0_0 {0 0 0};
T_1.1 ;
    %end;
S_0xb9d19a0f9b50 .scope module, "dut" "colour_bram" 11 43, 12 4 0, S_0xb9d199f37650;
 .timescale 0 0;
    .port_info 0 /INPUT 1 "clk";
    .port_info 1 /INPUT 9 "ctrl_rd_x";
    .port_info 2 /INPUT 9 "ctrl_rd_y";
    .port_info 3 /INPUT 1 "ctrl_rd_en";
    .port_info 4 /OUTPUT 8 "ctrl_rd_data";
    .port_info 5 /INPUT 9 "ctrl_wr_x";
    .port_info 6 /INPUT 9 "ctrl_wr_y";
    .port_info 7 /INPUT 1 "ctrl_wr_en";
    .port_info 8 /INPUT 8 "ctrl_wr_data";
    .port_info 9 /INPUT 13 "b2d_word_addr";
    .port_info 10 /INPUT 1 "b2d_rd_en";
    .port_info 11 /OUTPUT 1 "b2d_rd_grant";
    .port_info 12 /OUTPUT 64 "b2d_rd_data";
L_0xb9d19a1f07c0 .functor AND 1, v0xb9d19a1da980_0, L_0xb9d19a1f06d0, C4<1>, C4<1>;
v0xb9d19a10a690_0 .net *"_ivl_1", 0 0, L_0xb9d19a1f06d0;  1 drivers
v0xb9d19a10a730_0 .var "a_byte_off_reg", 2 0;
v0xb9d19a10a7d0_0 .var "a_rd_word", 63 0;
v0xb9d19a10a870_0 .var "b2d_rd_data", 63 0;
v0xb9d19a10a910_0 .net "b2d_rd_en", 0 0, v0xb9d19a1da980_0;  1 drivers
v0xb9d19a10a9b0_0 .net "b2d_rd_grant", 0 0, L_0xb9d19a1f07c0;  alias, 1 drivers
v0xb9d19a10aa50_0 .net "b2d_word_addr", 12 0, v0xb9d19a1dab80_0;  1 drivers
v0xb9d19a10aaf0_0 .var "b_wr_word", 63 0;
v0xb9d19a10ab90_0 .net "clk", 0 0, v0xb9d19a1dac40_0;  1 drivers
v0xb9d19a10ac30_0 .var "ctrl_rd_data", 7 0;
v0xb9d19a10acd0_0 .net "ctrl_rd_en", 0 0, v0xb9d19a1da4b0_0;  1 drivers
v0xb9d19a10ad70_0 .net "ctrl_rd_x", 8 0, v0xb9d19a1da7b0_0;  1 drivers
v0xb9d19a10ae10_0 .net "ctrl_rd_y", 8 0, v0xb9d19a1da8c0_0;  1 drivers
v0xb9d19a10aeb0_0 .net "ctrl_wr_data", 7 0, v0xb9d19a1dace0_0;  1 drivers
v0xb9d19a10af50_0 .net "ctrl_wr_en", 0 0, v0xb9d19a1dada0_0;  1 drivers
v0xb9d19a10aff0_0 .net "ctrl_wr_x", 8 0, v0xb9d19a1dae40_0;  1 drivers
v0xb9d19a10b090_0 .net "ctrl_wr_y", 8 0, v0xb9d19a1daf00_0;  1 drivers
v0xb9d19a10b240 .array "mem", 8191 0, 63 0;
v0xb9d19a1d9250_0 .net "wr_byte_off", 2 0, L_0xb9d19a1f0920;  1 drivers
E_0xb9d199e68600 .event posedge, v0xb9d19a10ab90_0;
E_0xb9d199e68640/0 .event anyedge, v0xb9d19a10aff0_0, v0xb9d19a10b090_0, v0xb9d19a10a5f0_0, v0xb9d19a10a550_0;
v0xb9d19a10b240_0 .array/port v0xb9d19a10b240, 0;
E_0xb9d199e68640/1 .event anyedge, v0xb9d19a10a5f0_0, v0xb9d19a10a550_0, v0xb9d19a10a410_0, v0xb9d19a10b240_0;
v0xb9d19a10b240_1 .array/port v0xb9d19a10b240, 1;
v0xb9d19a10b240_2 .array/port v0xb9d19a10b240, 2;
v0xb9d19a10b240_3 .array/port v0xb9d19a10b240, 3;
v0xb9d19a10b240_4 .array/port v0xb9d19a10b240, 4;
E_0xb9d199e68640/2 .event anyedge, v0xb9d19a10b240_1, v0xb9d19a10b240_2, v0xb9d19a10b240_3, v0xb9d19a10b240_4;
v0xb9d19a10b240_5 .array/port v0xb9d19a10b240, 5;
v0xb9d19a10b240_6 .array/port v0xb9d19a10b240, 6;
v0xb9d19a10b240_7 .array/port v0xb9d19a10b240, 7;
v0xb9d19a10b240_8 .array/port v0xb9d19a10b240, 8;
E_0xb9d199e68640/3 .event anyedge, v0xb9d19a10b240_5, v0xb9d19a10b240_6, v0xb9d19a10b240_7, v0xb9d19a10b240_8;
v0xb9d19a10b240_9 .array/port v0xb9d19a10b240, 9;
v0xb9d19a10b240_10 .array/port v0xb9d19a10b240, 10;
v0xb9d19a10b240_11 .array/port v0xb9d19a10b240, 11;
v0xb9d19a10b240_12 .array/port v0xb9d19a10b240, 12;
E_0xb9d199e68640/4 .event anyedge, v0xb9d19a10b240_9, v0xb9d19a10b240_10, v0xb9d19a10b240_11, v0xb9d19a10b240_12;
v0xb9d19a10b240_13 .array/port v0xb9d19a10b240, 13;
v0xb9d19a10b240_14 .array/port v0xb9d19a10b240, 14;
v0xb9d19a10b240_15 .array/port v0xb9d19a10b240, 15;
v0xb9d19a10b240_16 .array/port v0xb9d19a10b240, 16;
E_0xb9d199e68640/5 .event anyedge, v0xb9d19a10b240_13, v0xb9d19a10b240_14, v0xb9d19a10b240_15, v0xb9d19a10b240_16;
v0xb9d19a10b240_17 .array/port v0xb9d19a10b240, 17;
v0xb9d19a10b240_18 .array/port v0xb9d19a10b240, 18;
v0xb9d19a10b240_19 .array/port v0xb9d19a10b240, 19;
v0xb9d19a10b240_20 .array/port v0xb9d19a10b240, 20;
E_0xb9d199e68640/6 .event anyedge, v0xb9d19a10b240_17, v0xb9d19a10b240_18, v0xb9d19a10b240_19, v0xb9d19a10b240_20;
v0xb9d19a10b240_21 .array/port v0xb9d19a10b240, 21;
v0xb9d19a10b240_22 .array/port v0xb9d19a10b240, 22;
v0xb9d19a10b240_23 .array/port v0xb9d19a10b240, 23;
v0xb9d19a10b240_24 .array/port v0xb9d19a10b240, 24;
E_0xb9d199e68640/7 .event anyedge, v0xb9d19a10b240_21, v0xb9d19a10b240_22, v0xb9d19a10b240_23, v0xb9d19a10b240_24;
v0xb9d19a10b240_25 .array/port v0xb9d19a10b240, 25;
v0xb9d19a10b240_26 .array/port v0xb9d19a10b240, 26;
v0xb9d19a10b240_27 .array/port v0xb9d19a10b240, 27;
v0xb9d19a10b240_28 .array/port v0xb9d19a10b240, 28;
E_0xb9d199e68640/8 .event anyedge, v0xb9d19a10b240_25, v0xb9d19a10b240_26, v0xb9d19a10b240_27, v0xb9d19a10b240_28;
v0xb9d19a10b240_29 .array/port v0xb9d19a10b240, 29;
v0xb9d19a10b240_30 .array/port v0xb9d19a10b240, 30;
v0xb9d19a10b240_31 .array/port v0xb9d19a10b240, 31;
v0xb9d19a10b240_32 .array/port v0xb9d19a10b240, 32;
E_0xb9d199e68640/9 .event anyedge, v0xb9d19a10b240_29, v0xb9d19a10b240_30, v0xb9d19a10b240_31, v0xb9d19a10b240_32;
v0xb9d19a10b240_33 .array/port v0xb9d19a10b240, 33;
v0xb9d19a10b240_34 .array/port v0xb9d19a10b240, 34;
v0xb9d19a10b240_35 .array/port v0xb9d19a10b240, 35;
v0xb9d19a10b240_36 .array/port v0xb9d19a10b240, 36;
E_0xb9d199e68640/10 .event anyedge, v0xb9d19a10b240_33, v0xb9d19a10b240_34, v0xb9d19a10b240_35, v0xb9d19a10b240_36;
v0xb9d19a10b240_37 .array/port v0xb9d19a10b240, 37;
v0xb9d19a10b240_38 .array/port v0xb9d19a10b240, 38;
v0xb9d19a10b240_39 .array/port v0xb9d19a10b240, 39;
v0xb9d19a10b240_40 .array/port v0xb9d19a10b240, 40;
E_0xb9d199e68640/11 .event anyedge, v0xb9d19a10b240_37, v0xb9d19a10b240_38, v0xb9d19a10b240_39, v0xb9d19a10b240_40;
v0xb9d19a10b240_41 .array/port v0xb9d19a10b240, 41;
v0xb9d19a10b240_42 .array/port v0xb9d19a10b240, 42;
v0xb9d19a10b240_43 .array/port v0xb9d19a10b240, 43;
v0xb9d19a10b240_44 .array/port v0xb9d19a10b240, 44;
E_0xb9d199e68640/12 .event anyedge, v0xb9d19a10b240_41, v0xb9d19a10b240_42, v0xb9d19a10b240_43, v0xb9d19a10b240_44;
v0xb9d19a10b240_45 .array/port v0xb9d19a10b240, 45;
v0xb9d19a10b240_46 .array/port v0xb9d19a10b240, 46;
v0xb9d19a10b240_47 .array/port v0xb9d19a10b240, 47;
v0xb9d19a10b240_48 .array/port v0xb9d19a10b240, 48;
E_0xb9d199e68640/13 .event anyedge, v0xb9d19a10b240_45, v0xb9d19a10b240_46, v0xb9d19a10b240_47, v0xb9d19a10b240_48;
v0xb9d19a10b240_49 .array/port v0xb9d19a10b240, 49;
v0xb9d19a10b240_50 .array/port v0xb9d19a10b240, 50;
v0xb9d19a10b240_51 .array/port v0xb9d19a10b240, 51;
v0xb9d19a10b240_52 .array/port v0xb9d19a10b240, 52;
E_0xb9d199e68640/14 .event anyedge, v0xb9d19a10b240_49, v0xb9d19a10b240_50, v0xb9d19a10b240_51, v0xb9d19a10b240_52;
v0xb9d19a10b240_53 .array/port v0xb9d19a10b240, 53;
v0xb9d19a10b240_54 .array/port v0xb9d19a10b240, 54;
v0xb9d19a10b240_55 .array/port v0xb9d19a10b240, 55;
v0xb9d19a10b240_56 .array/port v0xb9d19a10b240, 56;
E_0xb9d199e68640/15 .event anyedge, v0xb9d19a10b240_53, v0xb9d19a10b240_54, v0xb9d19a10b240_55, v0xb9d19a10b240_56;
v0xb9d19a10b240_57 .array/port v0xb9d19a10b240, 57;
v0xb9d19a10b240_58 .array/port v0xb9d19a10b240, 58;
v0xb9d19a10b240_59 .array/port v0xb9d19a10b240, 59;
v0xb9d19a10b240_60 .array/port v0xb9d19a10b240, 60;
E_0xb9d199e68640/16 .event anyedge, v0xb9d19a10b240_57, v0xb9d19a10b240_58, v0xb9d19a10b240_59, v0xb9d19a10b240_60;
v0xb9d19a10b240_61 .array/port v0xb9d19a10b240, 61;
v0xb9d19a10b240_62 .array/port v0xb9d19a10b240, 62;
v0xb9d19a10b240_63 .array/port v0xb9d19a10b240, 63;
v0xb9d19a10b240_64 .array/port v0xb9d19a10b240, 64;
E_0xb9d199e68640/17 .event anyedge, v0xb9d19a10b240_61, v0xb9d19a10b240_62, v0xb9d19a10b240_63, v0xb9d19a10b240_64;
v0xb9d19a10b240_65 .array/port v0xb9d19a10b240, 65;
v0xb9d19a10b240_66 .array/port v0xb9d19a10b240, 66;
v0xb9d19a10b240_67 .array/port v0xb9d19a10b240, 67;
v0xb9d19a10b240_68 .array/port v0xb9d19a10b240, 68;
E_0xb9d199e68640/18 .event anyedge, v0xb9d19a10b240_65, v0xb9d19a10b240_66, v0xb9d19a10b240_67, v0xb9d19a10b240_68;
v0xb9d19a10b240_69 .array/port v0xb9d19a10b240, 69;
v0xb9d19a10b240_70 .array/port v0xb9d19a10b240, 70;
v0xb9d19a10b240_71 .array/port v0xb9d19a10b240, 71;
v0xb9d19a10b240_72 .array/port v0xb9d19a10b240, 72;
E_0xb9d199e68640/19 .event anyedge, v0xb9d19a10b240_69, v0xb9d19a10b240_70, v0xb9d19a10b240_71, v0xb9d19a10b240_72;
v0xb9d19a10b240_73 .array/port v0xb9d19a10b240, 73;
v0xb9d19a10b240_74 .array/port v0xb9d19a10b240, 74;
v0xb9d19a10b240_75 .array/port v0xb9d19a10b240, 75;
v0xb9d19a10b240_76 .array/port v0xb9d19a10b240, 76;
E_0xb9d199e68640/20 .event anyedge, v0xb9d19a10b240_73, v0xb9d19a10b240_74, v0xb9d19a10b240_75, v0xb9d19a10b240_76;
v0xb9d19a10b240_77 .array/port v0xb9d19a10b240, 77;
v0xb9d19a10b240_78 .array/port v0xb9d19a10b240, 78;
v0xb9d19a10b240_79 .array/port v0xb9d19a10b240, 79;
v0xb9d19a10b240_80 .array/port v0xb9d19a10b240, 80;
E_0xb9d199e68640/21 .event anyedge, v0xb9d19a10b240_77, v0xb9d19a10b240_78, v0xb9d19a10b240_79, v0xb9d19a10b240_80;
v0xb9d19a10b240_81 .array/port v0xb9d19a10b240, 81;
v0xb9d19a10b240_82 .array/port v0xb9d19a10b240, 82;
v0xb9d19a10b240_83 .array/port v0xb9d19a10b240, 83;
v0xb9d19a10b240_84 .array/port v0xb9d19a10b240, 84;
E_0xb9d199e68640/22 .event anyedge, v0xb9d19a10b240_81, v0xb9d19a10b240_82, v0xb9d19a10b240_83, v0xb9d19a10b240_84;
v0xb9d19a10b240_85 .array/port v0xb9d19a10b240, 85;
v0xb9d19a10b240_86 .array/port v0xb9d19a10b240, 86;
v0xb9d19a10b240_87 .array/port v0xb9d19a10b240, 87;
v0xb9d19a10b240_88 .array/port v0xb9d19a10b240, 88;
E_0xb9d199e68640/23 .event anyedge, v0xb9d19a10b240_85, v0xb9d19a10b240_86, v0xb9d19a10b240_87, v0xb9d19a10b240_88;
v0xb9d19a10b240_89 .array/port v0xb9d19a10b240, 89;
v0xb9d19a10b240_90 .array/port v0xb9d19a10b240, 90;
v0xb9d19a10b240_91 .array/port v0xb9d19a10b240, 91;
v0xb9d19a10b240_92 .array/port v0xb9d19a10b240, 92;
E_0xb9d199e68640/24 .event anyedge, v0xb9d19a10b240_89, v0xb9d19a10b240_90, v0xb9d19a10b240_91, v0xb9d19a10b240_92;
v0xb9d19a10b240_93 .array/port v0xb9d19a10b240, 93;
v0xb9d19a10b240_94 .array/port v0xb9d19a10b240, 94;
v0xb9d19a10b240_95 .array/port v0xb9d19a10b240, 95;
v0xb9d19a10b240_96 .array/port v0xb9d19a10b240, 96;
E_0xb9d199e68640/25 .event anyedge, v0xb9d19a10b240_93, v0xb9d19a10b240_94, v0xb9d19a10b240_95, v0xb9d19a10b240_96;
v0xb9d19a10b240_97 .array/port v0xb9d19a10b240, 97;
v0xb9d19a10b240_98 .array/port v0xb9d19a10b240, 98;
v0xb9d19a10b240_99 .array/port v0xb9d19a10b240, 99;
v0xb9d19a10b240_100 .array/port v0xb9d19a10b240, 100;
E_0xb9d199e68640/26 .event anyedge, v0xb9d19a10b240_97, v0xb9d19a10b240_98, v0xb9d19a10b240_99, v0xb9d19a10b240_100;
v0xb9d19a10b240_101 .array/port v0xb9d19a10b240, 101;
v0xb9d19a10b240_102 .array/port v0xb9d19a10b240, 102;
v0xb9d19a10b240_103 .array/port v0xb9d19a10b240, 103;
v0xb9d19a10b240_104 .array/port v0xb9d19a10b240, 104;
E_0xb9d199e68640/27 .event anyedge, v0xb9d19a10b240_101, v0xb9d19a10b240_102, v0xb9d19a10b240_103, v0xb9d19a10b240_104;
v0xb9d19a10b240_105 .array/port v0xb9d19a10b240, 105;
v0xb9d19a10b240_106 .array/port v0xb9d19a10b240, 106;
v0xb9d19a10b240_107 .array/port v0xb9d19a10b240, 107;
v0xb9d19a10b240_108 .array/port v0xb9d19a10b240, 108;
E_0xb9d199e68640/28 .event anyedge, v0xb9d19a10b240_105, v0xb9d19a10b240_106, v0xb9d19a10b240_107, v0xb9d19a10b240_108;
v0xb9d19a10b240_109 .array/port v0xb9d19a10b240, 109;
v0xb9d19a10b240_110 .array/port v0xb9d19a10b240, 110;
v0xb9d19a10b240_111 .array/port v0xb9d19a10b240, 111;
v0xb9d19a10b240_112 .array/port v0xb9d19a10b240, 112;
E_0xb9d199e68640/29 .event anyedge, v0xb9d19a10b240_109, v0xb9d19a10b240_110, v0xb9d19a10b240_111, v0xb9d19a10b240_112;
v0xb9d19a10b240_113 .array/port v0xb9d19a10b240, 113;
v0xb9d19a10b240_114 .array/port v0xb9d19a10b240, 114;
v0xb9d19a10b240_115 .array/port v0xb9d19a10b240, 115;
v0xb9d19a10b240_116 .array/port v0xb9d19a10b240, 116;
E_0xb9d199e68640/30 .event anyedge, v0xb9d19a10b240_113, v0xb9d19a10b240_114, v0xb9d19a10b240_115, v0xb9d19a10b240_116;
v0xb9d19a10b240_117 .array/port v0xb9d19a10b240, 117;
v0xb9d19a10b240_118 .array/port v0xb9d19a10b240, 118;
v0xb9d19a10b240_119 .array/port v0xb9d19a10b240, 119;
v0xb9d19a10b240_120 .array/port v0xb9d19a10b240, 120;
E_0xb9d199e68640/31 .event anyedge, v0xb9d19a10b240_117, v0xb9d19a10b240_118, v0xb9d19a10b240_119, v0xb9d19a10b240_120;
v0xb9d19a10b240_121 .array/port v0xb9d19a10b240, 121;
v0xb9d19a10b240_122 .array/port v0xb9d19a10b240, 122;
v0xb9d19a10b240_123 .array/port v0xb9d19a10b240, 123;
v0xb9d19a10b240_124 .array/port v0xb9d19a10b240, 124;
E_0xb9d199e68640/32 .event anyedge, v0xb9d19a10b240_121, v0xb9d19a10b240_122, v0xb9d19a10b240_123, v0xb9d19a10b240_124;
v0xb9d19a10b240_125 .array/port v0xb9d19a10b240, 125;
v0xb9d19a10b240_126 .array/port v0xb9d19a10b240, 126;
v0xb9d19a10b240_127 .array/port v0xb9d19a10b240, 127;
v0xb9d19a10b240_128 .array/port v0xb9d19a10b240, 128;
E_0xb9d199e68640/33 .event anyedge, v0xb9d19a10b240_125, v0xb9d19a10b240_126, v0xb9d19a10b240_127, v0xb9d19a10b240_128;
v0xb9d19a10b240_129 .array/port v0xb9d19a10b240, 129;
v0xb9d19a10b240_130 .array/port v0xb9d19a10b240, 130;
v0xb9d19a10b240_131 .array/port v0xb9d19a10b240, 131;
v0xb9d19a10b240_132 .array/port v0xb9d19a10b240, 132;
E_0xb9d199e68640/34 .event anyedge, v0xb9d19a10b240_129, v0xb9d19a10b240_130, v0xb9d19a10b240_131, v0xb9d19a10b240_132;
v0xb9d19a10b240_133 .array/port v0xb9d19a10b240, 133;
v0xb9d19a10b240_134 .array/port v0xb9d19a10b240, 134;
v0xb9d19a10b240_135 .array/port v0xb9d19a10b240, 135;
v0xb9d19a10b240_136 .array/port v0xb9d19a10b240, 136;
E_0xb9d199e68640/35 .event anyedge, v0xb9d19a10b240_133, v0xb9d19a10b240_134, v0xb9d19a10b240_135, v0xb9d19a10b240_136;
v0xb9d19a10b240_137 .array/port v0xb9d19a10b240, 137;
v0xb9d19a10b240_138 .array/port v0xb9d19a10b240, 138;
v0xb9d19a10b240_139 .array/port v0xb9d19a10b240, 139;
v0xb9d19a10b240_140 .array/port v0xb9d19a10b240, 140;
E_0xb9d199e68640/36 .event anyedge, v0xb9d19a10b240_137, v0xb9d19a10b240_138, v0xb9d19a10b240_139, v0xb9d19a10b240_140;
v0xb9d19a10b240_141 .array/port v0xb9d19a10b240, 141;
v0xb9d19a10b240_142 .array/port v0xb9d19a10b240, 142;
v0xb9d19a10b240_143 .array/port v0xb9d19a10b240, 143;
v0xb9d19a10b240_144 .array/port v0xb9d19a10b240, 144;
E_0xb9d199e68640/37 .event anyedge, v0xb9d19a10b240_141, v0xb9d19a10b240_142, v0xb9d19a10b240_143, v0xb9d19a10b240_144;
v0xb9d19a10b240_145 .array/port v0xb9d19a10b240, 145;
v0xb9d19a10b240_146 .array/port v0xb9d19a10b240, 146;
v0xb9d19a10b240_147 .array/port v0xb9d19a10b240, 147;
v0xb9d19a10b240_148 .array/port v0xb9d19a10b240, 148;
E_0xb9d199e68640/38 .event anyedge, v0xb9d19a10b240_145, v0xb9d19a10b240_146, v0xb9d19a10b240_147, v0xb9d19a10b240_148;
v0xb9d19a10b240_149 .array/port v0xb9d19a10b240, 149;
v0xb9d19a10b240_150 .array/port v0xb9d19a10b240, 150;
v0xb9d19a10b240_151 .array/port v0xb9d19a10b240, 151;
v0xb9d19a10b240_152 .array/port v0xb9d19a10b240, 152;
E_0xb9d199e68640/39 .event anyedge, v0xb9d19a10b240_149, v0xb9d19a10b240_150, v0xb9d19a10b240_151, v0xb9d19a10b240_152;
v0xb9d19a10b240_153 .array/port v0xb9d19a10b240, 153;
v0xb9d19a10b240_154 .array/port v0xb9d19a10b240, 154;
v0xb9d19a10b240_155 .array/port v0xb9d19a10b240, 155;
v0xb9d19a10b240_156 .array/port v0xb9d19a10b240, 156;
E_0xb9d199e68640/40 .event anyedge, v0xb9d19a10b240_153, v0xb9d19a10b240_154, v0xb9d19a10b240_155, v0xb9d19a10b240_156;
v0xb9d19a10b240_157 .array/port v0xb9d19a10b240, 157;
v0xb9d19a10b240_158 .array/port v0xb9d19a10b240, 158;
v0xb9d19a10b240_159 .array/port v0xb9d19a10b240, 159;
v0xb9d19a10b240_160 .array/port v0xb9d19a10b240, 160;
E_0xb9d199e68640/41 .event anyedge, v0xb9d19a10b240_157, v0xb9d19a10b240_158, v0xb9d19a10b240_159, v0xb9d19a10b240_160;
v0xb9d19a10b240_161 .array/port v0xb9d19a10b240, 161;
v0xb9d19a10b240_162 .array/port v0xb9d19a10b240, 162;
v0xb9d19a10b240_163 .array/port v0xb9d19a10b240, 163;
v0xb9d19a10b240_164 .array/port v0xb9d19a10b240, 164;
E_0xb9d199e68640/42 .event anyedge, v0xb9d19a10b240_161, v0xb9d19a10b240_162, v0xb9d19a10b240_163, v0xb9d19a10b240_164;
v0xb9d19a10b240_165 .array/port v0xb9d19a10b240, 165;
v0xb9d19a10b240_166 .array/port v0xb9d19a10b240, 166;
v0xb9d19a10b240_167 .array/port v0xb9d19a10b240, 167;
v0xb9d19a10b240_168 .array/port v0xb9d19a10b240, 168;
E_0xb9d199e68640/43 .event anyedge, v0xb9d19a10b240_165, v0xb9d19a10b240_166, v0xb9d19a10b240_167, v0xb9d19a10b240_168;
v0xb9d19a10b240_169 .array/port v0xb9d19a10b240, 169;
v0xb9d19a10b240_170 .array/port v0xb9d19a10b240, 170;
v0xb9d19a10b240_171 .array/port v0xb9d19a10b240, 171;
v0xb9d19a10b240_172 .array/port v0xb9d19a10b240, 172;
E_0xb9d199e68640/44 .event anyedge, v0xb9d19a10b240_169, v0xb9d19a10b240_170, v0xb9d19a10b240_171, v0xb9d19a10b240_172;
v0xb9d19a10b240_173 .array/port v0xb9d19a10b240, 173;
v0xb9d19a10b240_174 .array/port v0xb9d19a10b240, 174;
v0xb9d19a10b240_175 .array/port v0xb9d19a10b240, 175;
v0xb9d19a10b240_176 .array/port v0xb9d19a10b240, 176;
E_0xb9d199e68640/45 .event anyedge, v0xb9d19a10b240_173, v0xb9d19a10b240_174, v0xb9d19a10b240_175, v0xb9d19a10b240_176;
v0xb9d19a10b240_177 .array/port v0xb9d19a10b240, 177;
v0xb9d19a10b240_178 .array/port v0xb9d19a10b240, 178;
v0xb9d19a10b240_179 .array/port v0xb9d19a10b240, 179;
v0xb9d19a10b240_180 .array/port v0xb9d19a10b240, 180;
E_0xb9d199e68640/46 .event anyedge, v0xb9d19a10b240_177, v0xb9d19a10b240_178, v0xb9d19a10b240_179, v0xb9d19a10b240_180;
v0xb9d19a10b240_181 .array/port v0xb9d19a10b240, 181;
v0xb9d19a10b240_182 .array/port v0xb9d19a10b240, 182;
v0xb9d19a10b240_183 .array/port v0xb9d19a10b240, 183;
v0xb9d19a10b240_184 .array/port v0xb9d19a10b240, 184;
E_0xb9d199e68640/47 .event anyedge, v0xb9d19a10b240_181, v0xb9d19a10b240_182, v0xb9d19a10b240_183, v0xb9d19a10b240_184;
v0xb9d19a10b240_185 .array/port v0xb9d19a10b240, 185;
v0xb9d19a10b240_186 .array/port v0xb9d19a10b240, 186;
v0xb9d19a10b240_187 .array/port v0xb9d19a10b240, 187;
v0xb9d19a10b240_188 .array/port v0xb9d19a10b240, 188;
E_0xb9d199e68640/48 .event anyedge, v0xb9d19a10b240_185, v0xb9d19a10b240_186, v0xb9d19a10b240_187, v0xb9d19a10b240_188;
v0xb9d19a10b240_189 .array/port v0xb9d19a10b240, 189;
v0xb9d19a10b240_190 .array/port v0xb9d19a10b240, 190;
v0xb9d19a10b240_191 .array/port v0xb9d19a10b240, 191;
v0xb9d19a10b240_192 .array/port v0xb9d19a10b240, 192;
E_0xb9d199e68640/49 .event anyedge, v0xb9d19a10b240_189, v0xb9d19a10b240_190, v0xb9d19a10b240_191, v0xb9d19a10b240_192;
v0xb9d19a10b240_193 .array/port v0xb9d19a10b240, 193;
v0xb9d19a10b240_194 .array/port v0xb9d19a10b240, 194;
v0xb9d19a10b240_195 .array/port v0xb9d19a10b240, 195;
v0xb9d19a10b240_196 .array/port v0xb9d19a10b240, 196;
E_0xb9d199e68640/50 .event anyedge, v0xb9d19a10b240_193, v0xb9d19a10b240_194, v0xb9d19a10b240_195, v0xb9d19a10b240_196;
v0xb9d19a10b240_197 .array/port v0xb9d19a10b240, 197;
v0xb9d19a10b240_198 .array/port v0xb9d19a10b240, 198;
v0xb9d19a10b240_199 .array/port v0xb9d19a10b240, 199;
v0xb9d19a10b240_200 .array/port v0xb9d19a10b240, 200;
E_0xb9d199e68640/51 .event anyedge, v0xb9d19a10b240_197, v0xb9d19a10b240_198, v0xb9d19a10b240_199, v0xb9d19a10b240_200;
v0xb9d19a10b240_201 .array/port v0xb9d19a10b240, 201;
v0xb9d19a10b240_202 .array/port v0xb9d19a10b240, 202;
v0xb9d19a10b240_203 .array/port v0xb9d19a10b240, 203;
v0xb9d19a10b240_204 .array/port v0xb9d19a10b240, 204;
E_0xb9d199e68640/52 .event anyedge, v0xb9d19a10b240_201, v0xb9d19a10b240_202, v0xb9d19a10b240_203, v0xb9d19a10b240_204;
v0xb9d19a10b240_205 .array/port v0xb9d19a10b240, 205;
v0xb9d19a10b240_206 .array/port v0xb9d19a10b240, 206;
v0xb9d19a10b240_207 .array/port v0xb9d19a10b240, 207;
v0xb9d19a10b240_208 .array/port v0xb9d19a10b240, 208;
E_0xb9d199e68640/53 .event anyedge, v0xb9d19a10b240_205, v0xb9d19a10b240_206, v0xb9d19a10b240_207, v0xb9d19a10b240_208;
v0xb9d19a10b240_209 .array/port v0xb9d19a10b240, 209;
v0xb9d19a10b240_210 .array/port v0xb9d19a10b240, 210;
v0xb9d19a10b240_211 .array/port v0xb9d19a10b240, 211;
v0xb9d19a10b240_212 .array/port v0xb9d19a10b240, 212;
E_0xb9d199e68640/54 .event anyedge, v0xb9d19a10b240_209, v0xb9d19a10b240_210, v0xb9d19a10b240_211, v0xb9d19a10b240_212;
v0xb9d19a10b240_213 .array/port v0xb9d19a10b240, 213;
v0xb9d19a10b240_214 .array/port v0xb9d19a10b240, 214;
v0xb9d19a10b240_215 .array/port v0xb9d19a10b240, 215;
v0xb9d19a10b240_216 .array/port v0xb9d19a10b240, 216;
E_0xb9d199e68640/55 .event anyedge, v0xb9d19a10b240_213, v0xb9d19a10b240_214, v0xb9d19a10b240_215, v0xb9d19a10b240_216;
v0xb9d19a10b240_217 .array/port v0xb9d19a10b240, 217;
v0xb9d19a10b240_218 .array/port v0xb9d19a10b240, 218;
v0xb9d19a10b240_219 .array/port v0xb9d19a10b240, 219;
v0xb9d19a10b240_220 .array/port v0xb9d19a10b240, 220;
E_0xb9d199e68640/56 .event anyedge, v0xb9d19a10b240_217, v0xb9d19a10b240_218, v0xb9d19a10b240_219, v0xb9d19a10b240_220;
v0xb9d19a10b240_221 .array/port v0xb9d19a10b240, 221;
v0xb9d19a10b240_222 .array/port v0xb9d19a10b240, 222;
v0xb9d19a10b240_223 .array/port v0xb9d19a10b240, 223;
v0xb9d19a10b240_224 .array/port v0xb9d19a10b240, 224;
E_0xb9d199e68640/57 .event anyedge, v0xb9d19a10b240_221, v0xb9d19a10b240_222, v0xb9d19a10b240_223, v0xb9d19a10b240_224;
v0xb9d19a10b240_225 .array/port v0xb9d19a10b240, 225;
v0xb9d19a10b240_226 .array/port v0xb9d19a10b240, 226;
v0xb9d19a10b240_227 .array/port v0xb9d19a10b240, 227;
v0xb9d19a10b240_228 .array/port v0xb9d19a10b240, 228;
E_0xb9d199e68640/58 .event anyedge, v0xb9d19a10b240_225, v0xb9d19a10b240_226, v0xb9d19a10b240_227, v0xb9d19a10b240_228;
v0xb9d19a10b240_229 .array/port v0xb9d19a10b240, 229;
v0xb9d19a10b240_230 .array/port v0xb9d19a10b240, 230;
v0xb9d19a10b240_231 .array/port v0xb9d19a10b240, 231;
v0xb9d19a10b240_232 .array/port v0xb9d19a10b240, 232;
E_0xb9d199e68640/59 .event anyedge, v0xb9d19a10b240_229, v0xb9d19a10b240_230, v0xb9d19a10b240_231, v0xb9d19a10b240_232;
v0xb9d19a10b240_233 .array/port v0xb9d19a10b240, 233;
v0xb9d19a10b240_234 .array/port v0xb9d19a10b240, 234;
v0xb9d19a10b240_235 .array/port v0xb9d19a10b240, 235;
v0xb9d19a10b240_236 .array/port v0xb9d19a10b240, 236;
E_0xb9d199e68640/60 .event anyedge, v0xb9d19a10b240_233, v0xb9d19a10b240_234, v0xb9d19a10b240_235, v0xb9d19a10b240_236;
v0xb9d19a10b240_237 .array/port v0xb9d19a10b240, 237;
v0xb9d19a10b240_238 .array/port v0xb9d19a10b240, 238;
v0xb9d19a10b240_239 .array/port v0xb9d19a10b240, 239;
v0xb9d19a10b240_240 .array/port v0xb9d19a10b240, 240;
E_0xb9d199e68640/61 .event anyedge, v0xb9d19a10b240_237, v0xb9d19a10b240_238, v0xb9d19a10b240_239, v0xb9d19a10b240_240;
v0xb9d19a10b240_241 .array/port v0xb9d19a10b240, 241;
v0xb9d19a10b240_242 .array/port v0xb9d19a10b240, 242;
v0xb9d19a10b240_243 .array/port v0xb9d19a10b240, 243;
v0xb9d19a10b240_244 .array/port v0xb9d19a10b240, 244;
E_0xb9d199e68640/62 .event anyedge, v0xb9d19a10b240_241, v0xb9d19a10b240_242, v0xb9d19a10b240_243, v0xb9d19a10b240_244;
v0xb9d19a10b240_245 .array/port v0xb9d19a10b240, 245;
v0xb9d19a10b240_246 .array/port v0xb9d19a10b240, 246;
v0xb9d19a10b240_247 .array/port v0xb9d19a10b240, 247;
v0xb9d19a10b240_248 .array/port v0xb9d19a10b240, 248;
E_0xb9d199e68640/63 .event anyedge, v0xb9d19a10b240_245, v0xb9d19a10b240_246, v0xb9d19a10b240_247, v0xb9d19a10b240_248;
v0xb9d19a10b240_249 .array/port v0xb9d19a10b240, 249;
v0xb9d19a10b240_250 .array/port v0xb9d19a10b240, 250;
v0xb9d19a10b240_251 .array/port v0xb9d19a10b240, 251;
v0xb9d19a10b240_252 .array/port v0xb9d19a10b240, 252;
E_0xb9d199e68640/64 .event anyedge, v0xb9d19a10b240_249, v0xb9d19a10b240_250, v0xb9d19a10b240_251, v0xb9d19a10b240_252;
v0xb9d19a10b240_253 .array/port v0xb9d19a10b240, 253;
v0xb9d19a10b240_254 .array/port v0xb9d19a10b240, 254;
v0xb9d19a10b240_255 .array/port v0xb9d19a10b240, 255;
v0xb9d19a10b240_256 .array/port v0xb9d19a10b240, 256;
E_0xb9d199e68640/65 .event anyedge, v0xb9d19a10b240_253, v0xb9d19a10b240_254, v0xb9d19a10b240_255, v0xb9d19a10b240_256;
v0xb9d19a10b240_257 .array/port v0xb9d19a10b240, 257;
v0xb9d19a10b240_258 .array/port v0xb9d19a10b240, 258;
v0xb9d19a10b240_259 .array/port v0xb9d19a10b240, 259;
v0xb9d19a10b240_260 .array/port v0xb9d19a10b240, 260;
E_0xb9d199e68640/66 .event anyedge, v0xb9d19a10b240_257, v0xb9d19a10b240_258, v0xb9d19a10b240_259, v0xb9d19a10b240_260;
v0xb9d19a10b240_261 .array/port v0xb9d19a10b240, 261;
v0xb9d19a10b240_262 .array/port v0xb9d19a10b240, 262;
v0xb9d19a10b240_263 .array/port v0xb9d19a10b240, 263;
v0xb9d19a10b240_264 .array/port v0xb9d19a10b240, 264;
E_0xb9d199e68640/67 .event anyedge, v0xb9d19a10b240_261, v0xb9d19a10b240_262, v0xb9d19a10b240_263, v0xb9d19a10b240_264;
v0xb9d19a10b240_265 .array/port v0xb9d19a10b240, 265;
v0xb9d19a10b240_266 .array/port v0xb9d19a10b240, 266;
v0xb9d19a10b240_267 .array/port v0xb9d19a10b240, 267;
v0xb9d19a10b240_268 .array/port v0xb9d19a10b240, 268;
E_0xb9d199e68640/68 .event anyedge, v0xb9d19a10b240_265, v0xb9d19a10b240_266, v0xb9d19a10b240_267, v0xb9d19a10b240_268;
v0xb9d19a10b240_269 .array/port v0xb9d19a10b240, 269;
v0xb9d19a10b240_270 .array/port v0xb9d19a10b240, 270;
v0xb9d19a10b240_271 .array/port v0xb9d19a10b240, 271;
v0xb9d19a10b240_272 .array/port v0xb9d19a10b240, 272;
E_0xb9d199e68640/69 .event anyedge, v0xb9d19a10b240_269, v0xb9d19a10b240_270, v0xb9d19a10b240_271, v0xb9d19a10b240_272;
v0xb9d19a10b240_273 .array/port v0xb9d19a10b240, 273;
v0xb9d19a10b240_274 .array/port v0xb9d19a10b240, 274;
v0xb9d19a10b240_275 .array/port v0xb9d19a10b240, 275;
v0xb9d19a10b240_276 .array/port v0xb9d19a10b240, 276;
E_0xb9d199e68640/70 .event anyedge, v0xb9d19a10b240_273, v0xb9d19a10b240_274, v0xb9d19a10b240_275, v0xb9d19a10b240_276;
v0xb9d19a10b240_277 .array/port v0xb9d19a10b240, 277;
v0xb9d19a10b240_278 .array/port v0xb9d19a10b240, 278;
v0xb9d19a10b240_279 .array/port v0xb9d19a10b240, 279;
v0xb9d19a10b240_280 .array/port v0xb9d19a10b240, 280;
E_0xb9d199e68640/71 .event anyedge, v0xb9d19a10b240_277, v0xb9d19a10b240_278, v0xb9d19a10b240_279, v0xb9d19a10b240_280;
v0xb9d19a10b240_281 .array/port v0xb9d19a10b240, 281;
v0xb9d19a10b240_282 .array/port v0xb9d19a10b240, 282;
v0xb9d19a10b240_283 .array/port v0xb9d19a10b240, 283;
v0xb9d19a10b240_284 .array/port v0xb9d19a10b240, 284;
E_0xb9d199e68640/72 .event anyedge, v0xb9d19a10b240_281, v0xb9d19a10b240_282, v0xb9d19a10b240_283, v0xb9d19a10b240_284;
v0xb9d19a10b240_285 .array/port v0xb9d19a10b240, 285;
v0xb9d19a10b240_286 .array/port v0xb9d19a10b240, 286;
v0xb9d19a10b240_287 .array/port v0xb9d19a10b240, 287;
v0xb9d19a10b240_288 .array/port v0xb9d19a10b240, 288;
E_0xb9d199e68640/73 .event anyedge, v0xb9d19a10b240_285, v0xb9d19a10b240_286, v0xb9d19a10b240_287, v0xb9d19a10b240_288;
v0xb9d19a10b240_289 .array/port v0xb9d19a10b240, 289;
v0xb9d19a10b240_290 .array/port v0xb9d19a10b240, 290;
v0xb9d19a10b240_291 .array/port v0xb9d19a10b240, 291;
v0xb9d19a10b240_292 .array/port v0xb9d19a10b240, 292;
E_0xb9d199e68640/74 .event anyedge, v0xb9d19a10b240_289, v0xb9d19a10b240_290, v0xb9d19a10b240_291, v0xb9d19a10b240_292;
v0xb9d19a10b240_293 .array/port v0xb9d19a10b240, 293;
v0xb9d19a10b240_294 .array/port v0xb9d19a10b240, 294;
v0xb9d19a10b240_295 .array/port v0xb9d19a10b240, 295;
v0xb9d19a10b240_296 .array/port v0xb9d19a10b240, 296;
E_0xb9d199e68640/75 .event anyedge, v0xb9d19a10b240_293, v0xb9d19a10b240_294, v0xb9d19a10b240_295, v0xb9d19a10b240_296;
v0xb9d19a10b240_297 .array/port v0xb9d19a10b240, 297;
v0xb9d19a10b240_298 .array/port v0xb9d19a10b240, 298;
v0xb9d19a10b240_299 .array/port v0xb9d19a10b240, 299;
v0xb9d19a10b240_300 .array/port v0xb9d19a10b240, 300;
E_0xb9d199e68640/76 .event anyedge, v0xb9d19a10b240_297, v0xb9d19a10b240_298, v0xb9d19a10b240_299, v0xb9d19a10b240_300;
v0xb9d19a10b240_301 .array/port v0xb9d19a10b240, 301;
v0xb9d19a10b240_302 .array/port v0xb9d19a10b240, 302;
v0xb9d19a10b240_303 .array/port v0xb9d19a10b240, 303;
v0xb9d19a10b240_304 .array/port v0xb9d19a10b240, 304;
E_0xb9d199e68640/77 .event anyedge, v0xb9d19a10b240_301, v0xb9d19a10b240_302, v0xb9d19a10b240_303, v0xb9d19a10b240_304;
v0xb9d19a10b240_305 .array/port v0xb9d19a10b240, 305;
v0xb9d19a10b240_306 .array/port v0xb9d19a10b240, 306;
v0xb9d19a10b240_307 .array/port v0xb9d19a10b240, 307;
v0xb9d19a10b240_308 .array/port v0xb9d19a10b240, 308;
E_0xb9d199e68640/78 .event anyedge, v0xb9d19a10b240_305, v0xb9d19a10b240_306, v0xb9d19a10b240_307, v0xb9d19a10b240_308;
v0xb9d19a10b240_309 .array/port v0xb9d19a10b240, 309;
v0xb9d19a10b240_310 .array/port v0xb9d19a10b240, 310;
v0xb9d19a10b240_311 .array/port v0xb9d19a10b240, 311;
v0xb9d19a10b240_312 .array/port v0xb9d19a10b240, 312;
E_0xb9d199e68640/79 .event anyedge, v0xb9d19a10b240_309, v0xb9d19a10b240_310, v0xb9d19a10b240_311, v0xb9d19a10b240_312;
v0xb9d19a10b240_313 .array/port v0xb9d19a10b240, 313;
v0xb9d19a10b240_314 .array/port v0xb9d19a10b240, 314;
v0xb9d19a10b240_315 .array/port v0xb9d19a10b240, 315;
v0xb9d19a10b240_316 .array/port v0xb9d19a10b240, 316;
E_0xb9d199e68640/80 .event anyedge, v0xb9d19a10b240_313, v0xb9d19a10b240_314, v0xb9d19a10b240_315, v0xb9d19a10b240_316;
v0xb9d19a10b240_317 .array/port v0xb9d19a10b240, 317;
v0xb9d19a10b240_318 .array/port v0xb9d19a10b240, 318;
v0xb9d19a10b240_319 .array/port v0xb9d19a10b240, 319;
v0xb9d19a10b240_320 .array/port v0xb9d19a10b240, 320;
E_0xb9d199e68640/81 .event anyedge, v0xb9d19a10b240_317, v0xb9d19a10b240_318, v0xb9d19a10b240_319, v0xb9d19a10b240_320;
v0xb9d19a10b240_321 .array/port v0xb9d19a10b240, 321;
v0xb9d19a10b240_322 .array/port v0xb9d19a10b240, 322;
v0xb9d19a10b240_323 .array/port v0xb9d19a10b240, 323;
v0xb9d19a10b240_324 .array/port v0xb9d19a10b240, 324;
E_0xb9d199e68640/82 .event anyedge, v0xb9d19a10b240_321, v0xb9d19a10b240_322, v0xb9d19a10b240_323, v0xb9d19a10b240_324;
v0xb9d19a10b240_325 .array/port v0xb9d19a10b240, 325;
v0xb9d19a10b240_326 .array/port v0xb9d19a10b240, 326;
v0xb9d19a10b240_327 .array/port v0xb9d19a10b240, 327;
v0xb9d19a10b240_328 .array/port v0xb9d19a10b240, 328;
E_0xb9d199e68640/83 .event anyedge, v0xb9d19a10b240_325, v0xb9d19a10b240_326, v0xb9d19a10b240_327, v0xb9d19a10b240_328;
v0xb9d19a10b240_329 .array/port v0xb9d19a10b240, 329;
v0xb9d19a10b240_330 .array/port v0xb9d19a10b240, 330;
v0xb9d19a10b240_331 .array/port v0xb9d19a10b240, 331;
v0xb9d19a10b240_332 .array/port v0xb9d19a10b240, 332;
E_0xb9d199e68640/84 .event anyedge, v0xb9d19a10b240_329, v0xb9d19a10b240_330, v0xb9d19a10b240_331, v0xb9d19a10b240_332;
v0xb9d19a10b240_333 .array/port v0xb9d19a10b240, 333;
v0xb9d19a10b240_334 .array/port v0xb9d19a10b240, 334;
v0xb9d19a10b240_335 .array/port v0xb9d19a10b240, 335;
v0xb9d19a10b240_336 .array/port v0xb9d19a10b240, 336;
E_0xb9d199e68640/85 .event anyedge, v0xb9d19a10b240_333, v0xb9d19a10b240_334, v0xb9d19a10b240_335, v0xb9d19a10b240_336;
v0xb9d19a10b240_337 .array/port v0xb9d19a10b240, 337;
v0xb9d19a10b240_338 .array/port v0xb9d19a10b240, 338;
v0xb9d19a10b240_339 .array/port v0xb9d19a10b240, 339;
v0xb9d19a10b240_340 .array/port v0xb9d19a10b240, 340;
E_0xb9d199e68640/86 .event anyedge, v0xb9d19a10b240_337, v0xb9d19a10b240_338, v0xb9d19a10b240_339, v0xb9d19a10b240_340;
v0xb9d19a10b240_341 .array/port v0xb9d19a10b240, 341;
v0xb9d19a10b240_342 .array/port v0xb9d19a10b240, 342;
v0xb9d19a10b240_343 .array/port v0xb9d19a10b240, 343;
v0xb9d19a10b240_344 .array/port v0xb9d19a10b240, 344;
E_0xb9d199e68640/87 .event anyedge, v0xb9d19a10b240_341, v0xb9d19a10b240_342, v0xb9d19a10b240_343, v0xb9d19a10b240_344;
v0xb9d19a10b240_345 .array/port v0xb9d19a10b240, 345;
v0xb9d19a10b240_346 .array/port v0xb9d19a10b240, 346;
v0xb9d19a10b240_347 .array/port v0xb9d19a10b240, 347;
v0xb9d19a10b240_348 .array/port v0xb9d19a10b240, 348;
E_0xb9d199e68640/88 .event anyedge, v0xb9d19a10b240_345, v0xb9d19a10b240_346, v0xb9d19a10b240_347, v0xb9d19a10b240_348;
v0xb9d19a10b240_349 .array/port v0xb9d19a10b240, 349;
v0xb9d19a10b240_350 .array/port v0xb9d19a10b240, 350;
v0xb9d19a10b240_351 .array/port v0xb9d19a10b240, 351;
v0xb9d19a10b240_352 .array/port v0xb9d19a10b240, 352;
E_0xb9d199e68640/89 .event anyedge, v0xb9d19a10b240_349, v0xb9d19a10b240_350, v0xb9d19a10b240_351, v0xb9d19a10b240_352;
v0xb9d19a10b240_353 .array/port v0xb9d19a10b240, 353;
v0xb9d19a10b240_354 .array/port v0xb9d19a10b240, 354;
v0xb9d19a10b240_355 .array/port v0xb9d19a10b240, 355;
v0xb9d19a10b240_356 .array/port v0xb9d19a10b240, 356;
E_0xb9d199e68640/90 .event anyedge, v0xb9d19a10b240_353, v0xb9d19a10b240_354, v0xb9d19a10b240_355, v0xb9d19a10b240_356;
v0xb9d19a10b240_357 .array/port v0xb9d19a10b240, 357;
v0xb9d19a10b240_358 .array/port v0xb9d19a10b240, 358;
v0xb9d19a10b240_359 .array/port v0xb9d19a10b240, 359;
v0xb9d19a10b240_360 .array/port v0xb9d19a10b240, 360;
E_0xb9d199e68640/91 .event anyedge, v0xb9d19a10b240_357, v0xb9d19a10b240_358, v0xb9d19a10b240_359, v0xb9d19a10b240_360;
v0xb9d19a10b240_361 .array/port v0xb9d19a10b240, 361;
v0xb9d19a10b240_362 .array/port v0xb9d19a10b240, 362;
v0xb9d19a10b240_363 .array/port v0xb9d19a10b240, 363;
v0xb9d19a10b240_364 .array/port v0xb9d19a10b240, 364;
E_0xb9d199e68640/92 .event anyedge, v0xb9d19a10b240_361, v0xb9d19a10b240_362, v0xb9d19a10b240_363, v0xb9d19a10b240_364;
v0xb9d19a10b240_365 .array/port v0xb9d19a10b240, 365;
v0xb9d19a10b240_366 .array/port v0xb9d19a10b240, 366;
v0xb9d19a10b240_367 .array/port v0xb9d19a10b240, 367;
v0xb9d19a10b240_368 .array/port v0xb9d19a10b240, 368;
E_0xb9d199e68640/93 .event anyedge, v0xb9d19a10b240_365, v0xb9d19a10b240_366, v0xb9d19a10b240_367, v0xb9d19a10b240_368;
v0xb9d19a10b240_369 .array/port v0xb9d19a10b240, 369;
v0xb9d19a10b240_370 .array/port v0xb9d19a10b240, 370;
v0xb9d19a10b240_371 .array/port v0xb9d19a10b240, 371;
v0xb9d19a10b240_372 .array/port v0xb9d19a10b240, 372;
E_0xb9d199e68640/94 .event anyedge, v0xb9d19a10b240_369, v0xb9d19a10b240_370, v0xb9d19a10b240_371, v0xb9d19a10b240_372;
v0xb9d19a10b240_373 .array/port v0xb9d19a10b240, 373;
v0xb9d19a10b240_374 .array/port v0xb9d19a10b240, 374;
v0xb9d19a10b240_375 .array/port v0xb9d19a10b240, 375;
v0xb9d19a10b240_376 .array/port v0xb9d19a10b240, 376;
E_0xb9d199e68640/95 .event anyedge, v0xb9d19a10b240_373, v0xb9d19a10b240_374, v0xb9d19a10b240_375, v0xb9d19a10b240_376;
v0xb9d19a10b240_377 .array/port v0xb9d19a10b240, 377;
v0xb9d19a10b240_378 .array/port v0xb9d19a10b240, 378;
v0xb9d19a10b240_379 .array/port v0xb9d19a10b240, 379;
v0xb9d19a10b240_380 .array/port v0xb9d19a10b240, 380;
E_0xb9d199e68640/96 .event anyedge, v0xb9d19a10b240_377, v0xb9d19a10b240_378, v0xb9d19a10b240_379, v0xb9d19a10b240_380;
v0xb9d19a10b240_381 .array/port v0xb9d19a10b240, 381;
v0xb9d19a10b240_382 .array/port v0xb9d19a10b240, 382;
v0xb9d19a10b240_383 .array/port v0xb9d19a10b240, 383;
v0xb9d19a10b240_384 .array/port v0xb9d19a10b240, 384;
E_0xb9d199e68640/97 .event anyedge, v0xb9d19a10b240_381, v0xb9d19a10b240_382, v0xb9d19a10b240_383, v0xb9d19a10b240_384;
v0xb9d19a10b240_385 .array/port v0xb9d19a10b240, 385;
v0xb9d19a10b240_386 .array/port v0xb9d19a10b240, 386;
v0xb9d19a10b240_387 .array/port v0xb9d19a10b240, 387;
v0xb9d19a10b240_388 .array/port v0xb9d19a10b240, 388;
E_0xb9d199e68640/98 .event anyedge, v0xb9d19a10b240_385, v0xb9d19a10b240_386, v0xb9d19a10b240_387, v0xb9d19a10b240_388;
v0xb9d19a10b240_389 .array/port v0xb9d19a10b240, 389;
v0xb9d19a10b240_390 .array/port v0xb9d19a10b240, 390;
v0xb9d19a10b240_391 .array/port v0xb9d19a10b240, 391;
v0xb9d19a10b240_392 .array/port v0xb9d19a10b240, 392;
E_0xb9d199e68640/99 .event anyedge, v0xb9d19a10b240_389, v0xb9d19a10b240_390, v0xb9d19a10b240_391, v0xb9d19a10b240_392;
v0xb9d19a10b240_393 .array/port v0xb9d19a10b240, 393;
v0xb9d19a10b240_394 .array/port v0xb9d19a10b240, 394;
v0xb9d19a10b240_395 .array/port v0xb9d19a10b240, 395;
v0xb9d19a10b240_396 .array/port v0xb9d19a10b240, 396;
E_0xb9d199e68640/100 .event anyedge, v0xb9d19a10b240_393, v0xb9d19a10b240_394, v0xb9d19a10b240_395, v0xb9d19a10b240_396;
v0xb9d19a10b240_397 .array/port v0xb9d19a10b240, 397;
v0xb9d19a10b240_398 .array/port v0xb9d19a10b240, 398;
v0xb9d19a10b240_399 .array/port v0xb9d19a10b240, 399;
v0xb9d19a10b240_400 .array/port v0xb9d19a10b240, 400;
E_0xb9d199e68640/101 .event anyedge, v0xb9d19a10b240_397, v0xb9d19a10b240_398, v0xb9d19a10b240_399, v0xb9d19a10b240_400;
v0xb9d19a10b240_401 .array/port v0xb9d19a10b240, 401;
v0xb9d19a10b240_402 .array/port v0xb9d19a10b240, 402;
v0xb9d19a10b240_403 .array/port v0xb9d19a10b240, 403;
v0xb9d19a10b240_404 .array/port v0xb9d19a10b240, 404;
E_0xb9d199e68640/102 .event anyedge, v0xb9d19a10b240_401, v0xb9d19a10b240_402, v0xb9d19a10b240_403, v0xb9d19a10b240_404;
v0xb9d19a10b240_405 .array/port v0xb9d19a10b240, 405;
v0xb9d19a10b240_406 .array/port v0xb9d19a10b240, 406;
v0xb9d19a10b240_407 .array/port v0xb9d19a10b240, 407;
v0xb9d19a10b240_408 .array/port v0xb9d19a10b240, 408;
E_0xb9d199e68640/103 .event anyedge, v0xb9d19a10b240_405, v0xb9d19a10b240_406, v0xb9d19a10b240_407, v0xb9d19a10b240_408;
v0xb9d19a10b240_409 .array/port v0xb9d19a10b240, 409;
v0xb9d19a10b240_410 .array/port v0xb9d19a10b240, 410;
v0xb9d19a10b240_411 .array/port v0xb9d19a10b240, 411;
v0xb9d19a10b240_412 .array/port v0xb9d19a10b240, 412;
E_0xb9d199e68640/104 .event anyedge, v0xb9d19a10b240_409, v0xb9d19a10b240_410, v0xb9d19a10b240_411, v0xb9d19a10b240_412;
v0xb9d19a10b240_413 .array/port v0xb9d19a10b240, 413;
v0xb9d19a10b240_414 .array/port v0xb9d19a10b240, 414;
v0xb9d19a10b240_415 .array/port v0xb9d19a10b240, 415;
v0xb9d19a10b240_416 .array/port v0xb9d19a10b240, 416;
E_0xb9d199e68640/105 .event anyedge, v0xb9d19a10b240_413, v0xb9d19a10b240_414, v0xb9d19a10b240_415, v0xb9d19a10b240_416;
v0xb9d19a10b240_417 .array/port v0xb9d19a10b240, 417;
v0xb9d19a10b240_418 .array/port v0xb9d19a10b240, 418;
v0xb9d19a10b240_419 .array/port v0xb9d19a10b240, 419;
v0xb9d19a10b240_420 .array/port v0xb9d19a10b240, 420;
E_0xb9d199e68640/106 .event anyedge, v0xb9d19a10b240_417, v0xb9d19a10b240_418, v0xb9d19a10b240_419, v0xb9d19a10b240_420;
v0xb9d19a10b240_421 .array/port v0xb9d19a10b240, 421;
v0xb9d19a10b240_422 .array/port v0xb9d19a10b240, 422;
v0xb9d19a10b240_423 .array/port v0xb9d19a10b240, 423;
v0xb9d19a10b240_424 .array/port v0xb9d19a10b240, 424;
E_0xb9d199e68640/107 .event anyedge, v0xb9d19a10b240_421, v0xb9d19a10b240_422, v0xb9d19a10b240_423, v0xb9d19a10b240_424;
v0xb9d19a10b240_425 .array/port v0xb9d19a10b240, 425;
v0xb9d19a10b240_426 .array/port v0xb9d19a10b240, 426;
v0xb9d19a10b240_427 .array/port v0xb9d19a10b240, 427;
v0xb9d19a10b240_428 .array/port v0xb9d19a10b240, 428;
E_0xb9d199e68640/108 .event anyedge, v0xb9d19a10b240_425, v0xb9d19a10b240_426, v0xb9d19a10b240_427, v0xb9d19a10b240_428;
v0xb9d19a10b240_429 .array/port v0xb9d19a10b240, 429;
v0xb9d19a10b240_430 .array/port v0xb9d19a10b240, 430;
v0xb9d19a10b240_431 .array/port v0xb9d19a10b240, 431;
v0xb9d19a10b240_432 .array/port v0xb9d19a10b240, 432;
E_0xb9d199e68640/109 .event anyedge, v0xb9d19a10b240_429, v0xb9d19a10b240_430, v0xb9d19a10b240_431, v0xb9d19a10b240_432;
v0xb9d19a10b240_433 .array/port v0xb9d19a10b240, 433;
v0xb9d19a10b240_434 .array/port v0xb9d19a10b240, 434;
v0xb9d19a10b240_435 .array/port v0xb9d19a10b240, 435;
v0xb9d19a10b240_436 .array/port v0xb9d19a10b240, 436;
E_0xb9d199e68640/110 .event anyedge, v0xb9d19a10b240_433, v0xb9d19a10b240_434, v0xb9d19a10b240_435, v0xb9d19a10b240_436;
v0xb9d19a10b240_437 .array/port v0xb9d19a10b240, 437;
v0xb9d19a10b240_438 .array/port v0xb9d19a10b240, 438;
v0xb9d19a10b240_439 .array/port v0xb9d19a10b240, 439;
v0xb9d19a10b240_440 .array/port v0xb9d19a10b240, 440;
E_0xb9d199e68640/111 .event anyedge, v0xb9d19a10b240_437, v0xb9d19a10b240_438, v0xb9d19a10b240_439, v0xb9d19a10b240_440;
v0xb9d19a10b240_441 .array/port v0xb9d19a10b240, 441;
v0xb9d19a10b240_442 .array/port v0xb9d19a10b240, 442;
v0xb9d19a10b240_443 .array/port v0xb9d19a10b240, 443;
v0xb9d19a10b240_444 .array/port v0xb9d19a10b240, 444;
E_0xb9d199e68640/112 .event anyedge, v0xb9d19a10b240_441, v0xb9d19a10b240_442, v0xb9d19a10b240_443, v0xb9d19a10b240_444;
v0xb9d19a10b240_445 .array/port v0xb9d19a10b240, 445;
v0xb9d19a10b240_446 .array/port v0xb9d19a10b240, 446;
v0xb9d19a10b240_447 .array/port v0xb9d19a10b240, 447;
v0xb9d19a10b240_448 .array/port v0xb9d19a10b240, 448;
E_0xb9d199e68640/113 .event anyedge, v0xb9d19a10b240_445, v0xb9d19a10b240_446, v0xb9d19a10b240_447, v0xb9d19a10b240_448;
v0xb9d19a10b240_449 .array/port v0xb9d19a10b240, 449;
v0xb9d19a10b240_450 .array/port v0xb9d19a10b240, 450;
v0xb9d19a10b240_451 .array/port v0xb9d19a10b240, 451;
v0xb9d19a10b240_452 .array/port v0xb9d19a10b240, 452;
E_0xb9d199e68640/114 .event anyedge, v0xb9d19a10b240_449, v0xb9d19a10b240_450, v0xb9d19a10b240_451, v0xb9d19a10b240_452;
v0xb9d19a10b240_453 .array/port v0xb9d19a10b240, 453;
v0xb9d19a10b240_454 .array/port v0xb9d19a10b240, 454;
v0xb9d19a10b240_455 .array/port v0xb9d19a10b240, 455;
v0xb9d19a10b240_456 .array/port v0xb9d19a10b240, 456;
E_0xb9d199e68640/115 .event anyedge, v0xb9d19a10b240_453, v0xb9d19a10b240_454, v0xb9d19a10b240_455, v0xb9d19a10b240_456;
v0xb9d19a10b240_457 .array/port v0xb9d19a10b240, 457;
v0xb9d19a10b240_458 .array/port v0xb9d19a10b240, 458;
v0xb9d19a10b240_459 .array/port v0xb9d19a10b240, 459;
v0xb9d19a10b240_460 .array/port v0xb9d19a10b240, 460;
E_0xb9d199e68640/116 .event anyedge, v0xb9d19a10b240_457, v0xb9d19a10b240_458, v0xb9d19a10b240_459, v0xb9d19a10b240_460;
v0xb9d19a10b240_461 .array/port v0xb9d19a10b240, 461;
v0xb9d19a10b240_462 .array/port v0xb9d19a10b240, 462;
v0xb9d19a10b240_463 .array/port v0xb9d19a10b240, 463;
v0xb9d19a10b240_464 .array/port v0xb9d19a10b240, 464;
E_0xb9d199e68640/117 .event anyedge, v0xb9d19a10b240_461, v0xb9d19a10b240_462, v0xb9d19a10b240_463, v0xb9d19a10b240_464;
v0xb9d19a10b240_465 .array/port v0xb9d19a10b240, 465;
v0xb9d19a10b240_466 .array/port v0xb9d19a10b240, 466;
v0xb9d19a10b240_467 .array/port v0xb9d19a10b240, 467;
v0xb9d19a10b240_468 .array/port v0xb9d19a10b240, 468;
E_0xb9d199e68640/118 .event anyedge, v0xb9d19a10b240_465, v0xb9d19a10b240_466, v0xb9d19a10b240_467, v0xb9d19a10b240_468;
v0xb9d19a10b240_469 .array/port v0xb9d19a10b240, 469;
v0xb9d19a10b240_470 .array/port v0xb9d19a10b240, 470;
v0xb9d19a10b240_471 .array/port v0xb9d19a10b240, 471;
v0xb9d19a10b240_472 .array/port v0xb9d19a10b240, 472;
E_0xb9d199e68640/119 .event anyedge, v0xb9d19a10b240_469, v0xb9d19a10b240_470, v0xb9d19a10b240_471, v0xb9d19a10b240_472;
v0xb9d19a10b240_473 .array/port v0xb9d19a10b240, 473;
v0xb9d19a10b240_474 .array/port v0xb9d19a10b240, 474;
v0xb9d19a10b240_475 .array/port v0xb9d19a10b240, 475;
v0xb9d19a10b240_476 .array/port v0xb9d19a10b240, 476;
E_0xb9d199e68640/120 .event anyedge, v0xb9d19a10b240_473, v0xb9d19a10b240_474, v0xb9d19a10b240_475, v0xb9d19a10b240_476;
v0xb9d19a10b240_477 .array/port v0xb9d19a10b240, 477;
v0xb9d19a10b240_478 .array/port v0xb9d19a10b240, 478;
v0xb9d19a10b240_479 .array/port v0xb9d19a10b240, 479;
v0xb9d19a10b240_480 .array/port v0xb9d19a10b240, 480;
E_0xb9d199e68640/121 .event anyedge, v0xb9d19a10b240_477, v0xb9d19a10b240_478, v0xb9d19a10b240_479, v0xb9d19a10b240_480;
v0xb9d19a10b240_481 .array/port v0xb9d19a10b240, 481;
v0xb9d19a10b240_482 .array/port v0xb9d19a10b240, 482;
v0xb9d19a10b240_483 .array/port v0xb9d19a10b240, 483;
v0xb9d19a10b240_484 .array/port v0xb9d19a10b240, 484;
E_0xb9d199e68640/122 .event anyedge, v0xb9d19a10b240_481, v0xb9d19a10b240_482, v0xb9d19a10b240_483, v0xb9d19a10b240_484;
v0xb9d19a10b240_485 .array/port v0xb9d19a10b240, 485;
v0xb9d19a10b240_486 .array/port v0xb9d19a10b240, 486;
v0xb9d19a10b240_487 .array/port v0xb9d19a10b240, 487;
v0xb9d19a10b240_488 .array/port v0xb9d19a10b240, 488;
E_0xb9d199e68640/123 .event anyedge, v0xb9d19a10b240_485, v0xb9d19a10b240_486, v0xb9d19a10b240_487, v0xb9d19a10b240_488;
v0xb9d19a10b240_489 .array/port v0xb9d19a10b240, 489;
v0xb9d19a10b240_490 .array/port v0xb9d19a10b240, 490;
v0xb9d19a10b240_491 .array/port v0xb9d19a10b240, 491;
v0xb9d19a10b240_492 .array/port v0xb9d19a10b240, 492;
E_0xb9d199e68640/124 .event anyedge, v0xb9d19a10b240_489, v0xb9d19a10b240_490, v0xb9d19a10b240_491, v0xb9d19a10b240_492;
v0xb9d19a10b240_493 .array/port v0xb9d19a10b240, 493;
v0xb9d19a10b240_494 .array/port v0xb9d19a10b240, 494;
v0xb9d19a10b240_495 .array/port v0xb9d19a10b240, 495;
v0xb9d19a10b240_496 .array/port v0xb9d19a10b240, 496;
E_0xb9d199e68640/125 .event anyedge, v0xb9d19a10b240_493, v0xb9d19a10b240_494, v0xb9d19a10b240_495, v0xb9d19a10b240_496;
v0xb9d19a10b240_497 .array/port v0xb9d19a10b240, 497;
v0xb9d19a10b240_498 .array/port v0xb9d19a10b240, 498;
v0xb9d19a10b240_499 .array/port v0xb9d19a10b240, 499;
v0xb9d19a10b240_500 .array/port v0xb9d19a10b240, 500;
E_0xb9d199e68640/126 .event anyedge, v0xb9d19a10b240_497, v0xb9d19a10b240_498, v0xb9d19a10b240_499, v0xb9d19a10b240_500;
v0xb9d19a10b240_501 .array/port v0xb9d19a10b240, 501;
v0xb9d19a10b240_502 .array/port v0xb9d19a10b240, 502;
v0xb9d19a10b240_503 .array/port v0xb9d19a10b240, 503;
v0xb9d19a10b240_504 .array/port v0xb9d19a10b240, 504;
E_0xb9d199e68640/127 .event anyedge, v0xb9d19a10b240_501, v0xb9d19a10b240_502, v0xb9d19a10b240_503, v0xb9d19a10b240_504;
v0xb9d19a10b240_505 .array/port v0xb9d19a10b240, 505;
v0xb9d19a10b240_506 .array/port v0xb9d19a10b240, 506;
v0xb9d19a10b240_507 .array/port v0xb9d19a10b240, 507;
v0xb9d19a10b240_508 .array/port v0xb9d19a10b240, 508;
E_0xb9d199e68640/128 .event anyedge, v0xb9d19a10b240_505, v0xb9d19a10b240_506, v0xb9d19a10b240_507, v0xb9d19a10b240_508;
v0xb9d19a10b240_509 .array/port v0xb9d19a10b240, 509;
v0xb9d19a10b240_510 .array/port v0xb9d19a10b240, 510;
v0xb9d19a10b240_511 .array/port v0xb9d19a10b240, 511;
v0xb9d19a10b240_512 .array/port v0xb9d19a10b240, 512;
E_0xb9d199e68640/129 .event anyedge, v0xb9d19a10b240_509, v0xb9d19a10b240_510, v0xb9d19a10b240_511, v0xb9d19a10b240_512;
v0xb9d19a10b240_513 .array/port v0xb9d19a10b240, 513;
v0xb9d19a10b240_514 .array/port v0xb9d19a10b240, 514;
v0xb9d19a10b240_515 .array/port v0xb9d19a10b240, 515;
v0xb9d19a10b240_516 .array/port v0xb9d19a10b240, 516;
E_0xb9d199e68640/130 .event anyedge, v0xb9d19a10b240_513, v0xb9d19a10b240_514, v0xb9d19a10b240_515, v0xb9d19a10b240_516;
v0xb9d19a10b240_517 .array/port v0xb9d19a10b240, 517;
v0xb9d19a10b240_518 .array/port v0xb9d19a10b240, 518;
v0xb9d19a10b240_519 .array/port v0xb9d19a10b240, 519;
v0xb9d19a10b240_520 .array/port v0xb9d19a10b240, 520;
E_0xb9d199e68640/131 .event anyedge, v0xb9d19a10b240_517, v0xb9d19a10b240_518, v0xb9d19a10b240_519, v0xb9d19a10b240_520;
v0xb9d19a10b240_521 .array/port v0xb9d19a10b240, 521;
v0xb9d19a10b240_522 .array/port v0xb9d19a10b240, 522;
v0xb9d19a10b240_523 .array/port v0xb9d19a10b240, 523;
v0xb9d19a10b240_524 .array/port v0xb9d19a10b240, 524;
E_0xb9d199e68640/132 .event anyedge, v0xb9d19a10b240_521, v0xb9d19a10b240_522, v0xb9d19a10b240_523, v0xb9d19a10b240_524;
v0xb9d19a10b240_525 .array/port v0xb9d19a10b240, 525;
v0xb9d19a10b240_526 .array/port v0xb9d19a10b240, 526;
v0xb9d19a10b240_527 .array/port v0xb9d19a10b240, 527;
v0xb9d19a10b240_528 .array/port v0xb9d19a10b240, 528;
E_0xb9d199e68640/133 .event anyedge, v0xb9d19a10b240_525, v0xb9d19a10b240_526, v0xb9d19a10b240_527, v0xb9d19a10b240_528;
v0xb9d19a10b240_529 .array/port v0xb9d19a10b240, 529;
v0xb9d19a10b240_530 .array/port v0xb9d19a10b240, 530;
v0xb9d19a10b240_531 .array/port v0xb9d19a10b240, 531;
v0xb9d19a10b240_532 .array/port v0xb9d19a10b240, 532;
E_0xb9d199e68640/134 .event anyedge, v0xb9d19a10b240_529, v0xb9d19a10b240_530, v0xb9d19a10b240_531, v0xb9d19a10b240_532;
v0xb9d19a10b240_533 .array/port v0xb9d19a10b240, 533;
v0xb9d19a10b240_534 .array/port v0xb9d19a10b240, 534;
v0xb9d19a10b240_535 .array/port v0xb9d19a10b240, 535;
v0xb9d19a10b240_536 .array/port v0xb9d19a10b240, 536;
E_0xb9d199e68640/135 .event anyedge, v0xb9d19a10b240_533, v0xb9d19a10b240_534, v0xb9d19a10b240_535, v0xb9d19a10b240_536;
v0xb9d19a10b240_537 .array/port v0xb9d19a10b240, 537;
v0xb9d19a10b240_538 .array/port v0xb9d19a10b240, 538;
v0xb9d19a10b240_539 .array/port v0xb9d19a10b240, 539;
v0xb9d19a10b240_540 .array/port v0xb9d19a10b240, 540;
E_0xb9d199e68640/136 .event anyedge, v0xb9d19a10b240_537, v0xb9d19a10b240_538, v0xb9d19a10b240_539, v0xb9d19a10b240_540;
v0xb9d19a10b240_541 .array/port v0xb9d19a10b240, 541;
v0xb9d19a10b240_542 .array/port v0xb9d19a10b240, 542;
v0xb9d19a10b240_543 .array/port v0xb9d19a10b240, 543;
v0xb9d19a10b240_544 .array/port v0xb9d19a10b240, 544;
E_0xb9d199e68640/137 .event anyedge, v0xb9d19a10b240_541, v0xb9d19a10b240_542, v0xb9d19a10b240_543, v0xb9d19a10b240_544;
v0xb9d19a10b240_545 .array/port v0xb9d19a10b240, 545;
v0xb9d19a10b240_546 .array/port v0xb9d19a10b240, 546;
v0xb9d19a10b240_547 .array/port v0xb9d19a10b240, 547;
v0xb9d19a10b240_548 .array/port v0xb9d19a10b240, 548;
E_0xb9d199e68640/138 .event anyedge, v0xb9d19a10b240_545, v0xb9d19a10b240_546, v0xb9d19a10b240_547, v0xb9d19a10b240_548;
v0xb9d19a10b240_549 .array/port v0xb9d19a10b240, 549;
v0xb9d19a10b240_550 .array/port v0xb9d19a10b240, 550;
v0xb9d19a10b240_551 .array/port v0xb9d19a10b240, 551;
v0xb9d19a10b240_552 .array/port v0xb9d19a10b240, 552;
E_0xb9d199e68640/139 .event anyedge, v0xb9d19a10b240_549, v0xb9d19a10b240_550, v0xb9d19a10b240_551, v0xb9d19a10b240_552;
v0xb9d19a10b240_553 .array/port v0xb9d19a10b240, 553;
v0xb9d19a10b240_554 .array/port v0xb9d19a10b240, 554;
v0xb9d19a10b240_555 .array/port v0xb9d19a10b240, 555;
v0xb9d19a10b240_556 .array/port v0xb9d19a10b240, 556;
E_0xb9d199e68640/140 .event anyedge, v0xb9d19a10b240_553, v0xb9d19a10b240_554, v0xb9d19a10b240_555, v0xb9d19a10b240_556;
v0xb9d19a10b240_557 .array/port v0xb9d19a10b240, 557;
v0xb9d19a10b240_558 .array/port v0xb9d19a10b240, 558;
v0xb9d19a10b240_559 .array/port v0xb9d19a10b240, 559;
v0xb9d19a10b240_560 .array/port v0xb9d19a10b240, 560;
E_0xb9d199e68640/141 .event anyedge, v0xb9d19a10b240_557, v0xb9d19a10b240_558, v0xb9d19a10b240_559, v0xb9d19a10b240_560;
v0xb9d19a10b240_561 .array/port v0xb9d19a10b240, 561;
v0xb9d19a10b240_562 .array/port v0xb9d19a10b240, 562;
v0xb9d19a10b240_563 .array/port v0xb9d19a10b240, 563;
v0xb9d19a10b240_564 .array/port v0xb9d19a10b240, 564;
E_0xb9d199e68640/142 .event anyedge, v0xb9d19a10b240_561, v0xb9d19a10b240_562, v0xb9d19a10b240_563, v0xb9d19a10b240_564;
v0xb9d19a10b240_565 .array/port v0xb9d19a10b240, 565;
v0xb9d19a10b240_566 .array/port v0xb9d19a10b240, 566;
v0xb9d19a10b240_567 .array/port v0xb9d19a10b240, 567;
v0xb9d19a10b240_568 .array/port v0xb9d19a10b240, 568;
E_0xb9d199e68640/143 .event anyedge, v0xb9d19a10b240_565, v0xb9d19a10b240_566, v0xb9d19a10b240_567, v0xb9d19a10b240_568;
v0xb9d19a10b240_569 .array/port v0xb9d19a10b240, 569;
v0xb9d19a10b240_570 .array/port v0xb9d19a10b240, 570;
v0xb9d19a10b240_571 .array/port v0xb9d19a10b240, 571;
v0xb9d19a10b240_572 .array/port v0xb9d19a10b240, 572;
E_0xb9d199e68640/144 .event anyedge, v0xb9d19a10b240_569, v0xb9d19a10b240_570, v0xb9d19a10b240_571, v0xb9d19a10b240_572;
v0xb9d19a10b240_573 .array/port v0xb9d19a10b240, 573;
v0xb9d19a10b240_574 .array/port v0xb9d19a10b240, 574;
v0xb9d19a10b240_575 .array/port v0xb9d19a10b240, 575;
v0xb9d19a10b240_576 .array/port v0xb9d19a10b240, 576;
E_0xb9d199e68640/145 .event anyedge, v0xb9d19a10b240_573, v0xb9d19a10b240_574, v0xb9d19a10b240_575, v0xb9d19a10b240_576;
v0xb9d19a10b240_577 .array/port v0xb9d19a10b240, 577;
v0xb9d19a10b240_578 .array/port v0xb9d19a10b240, 578;
v0xb9d19a10b240_579 .array/port v0xb9d19a10b240, 579;
v0xb9d19a10b240_580 .array/port v0xb9d19a10b240, 580;
E_0xb9d199e68640/146 .event anyedge, v0xb9d19a10b240_577, v0xb9d19a10b240_578, v0xb9d19a10b240_579, v0xb9d19a10b240_580;
v0xb9d19a10b240_581 .array/port v0xb9d19a10b240, 581;
v0xb9d19a10b240_582 .array/port v0xb9d19a10b240, 582;
v0xb9d19a10b240_583 .array/port v0xb9d19a10b240, 583;
v0xb9d19a10b240_584 .array/port v0xb9d19a10b240, 584;
E_0xb9d199e68640/147 .event anyedge, v0xb9d19a10b240_581, v0xb9d19a10b240_582, v0xb9d19a10b240_583, v0xb9d19a10b240_584;
v0xb9d19a10b240_585 .array/port v0xb9d19a10b240, 585;
v0xb9d19a10b240_586 .array/port v0xb9d19a10b240, 586;
v0xb9d19a10b240_587 .array/port v0xb9d19a10b240, 587;
v0xb9d19a10b240_588 .array/port v0xb9d19a10b240, 588;
E_0xb9d199e68640/148 .event anyedge, v0xb9d19a10b240_585, v0xb9d19a10b240_586, v0xb9d19a10b240_587, v0xb9d19a10b240_588;
v0xb9d19a10b240_589 .array/port v0xb9d19a10b240, 589;
v0xb9d19a10b240_590 .array/port v0xb9d19a10b240, 590;
v0xb9d19a10b240_591 .array/port v0xb9d19a10b240, 591;
v0xb9d19a10b240_592 .array/port v0xb9d19a10b240, 592;
E_0xb9d199e68640/149 .event anyedge, v0xb9d19a10b240_589, v0xb9d19a10b240_590, v0xb9d19a10b240_591, v0xb9d19a10b240_592;
v0xb9d19a10b240_593 .array/port v0xb9d19a10b240, 593;
v0xb9d19a10b240_594 .array/port v0xb9d19a10b240, 594;
v0xb9d19a10b240_595 .array/port v0xb9d19a10b240, 595;
v0xb9d19a10b240_596 .array/port v0xb9d19a10b240, 596;
E_0xb9d199e68640/150 .event anyedge, v0xb9d19a10b240_593, v0xb9d19a10b240_594, v0xb9d19a10b240_595, v0xb9d19a10b240_596;
v0xb9d19a10b240_597 .array/port v0xb9d19a10b240, 597;
v0xb9d19a10b240_598 .array/port v0xb9d19a10b240, 598;
v0xb9d19a10b240_599 .array/port v0xb9d19a10b240, 599;
v0xb9d19a10b240_600 .array/port v0xb9d19a10b240, 600;
E_0xb9d199e68640/151 .event anyedge, v0xb9d19a10b240_597, v0xb9d19a10b240_598, v0xb9d19a10b240_599, v0xb9d19a10b240_600;
v0xb9d19a10b240_601 .array/port v0xb9d19a10b240, 601;
v0xb9d19a10b240_602 .array/port v0xb9d19a10b240, 602;
v0xb9d19a10b240_603 .array/port v0xb9d19a10b240, 603;
v0xb9d19a10b240_604 .array/port v0xb9d19a10b240, 604;
E_0xb9d199e68640/152 .event anyedge, v0xb9d19a10b240_601, v0xb9d19a10b240_602, v0xb9d19a10b240_603, v0xb9d19a10b240_604;
v0xb9d19a10b240_605 .array/port v0xb9d19a10b240, 605;
v0xb9d19a10b240_606 .array/port v0xb9d19a10b240, 606;
v0xb9d19a10b240_607 .array/port v0xb9d19a10b240, 607;
v0xb9d19a10b240_608 .array/port v0xb9d19a10b240, 608;
E_0xb9d199e68640/153 .event anyedge, v0xb9d19a10b240_605, v0xb9d19a10b240_606, v0xb9d19a10b240_607, v0xb9d19a10b240_608;
v0xb9d19a10b240_609 .array/port v0xb9d19a10b240, 609;
v0xb9d19a10b240_610 .array/port v0xb9d19a10b240, 610;
v0xb9d19a10b240_611 .array/port v0xb9d19a10b240, 611;
v0xb9d19a10b240_612 .array/port v0xb9d19a10b240, 612;
E_0xb9d199e68640/154 .event anyedge, v0xb9d19a10b240_609, v0xb9d19a10b240_610, v0xb9d19a10b240_611, v0xb9d19a10b240_612;
v0xb9d19a10b240_613 .array/port v0xb9d19a10b240, 613;
v0xb9d19a10b240_614 .array/port v0xb9d19a10b240, 614;
v0xb9d19a10b240_615 .array/port v0xb9d19a10b240, 615;
v0xb9d19a10b240_616 .array/port v0xb9d19a10b240, 616;
E_0xb9d199e68640/155 .event anyedge, v0xb9d19a10b240_613, v0xb9d19a10b240_614, v0xb9d19a10b240_615, v0xb9d19a10b240_616;
v0xb9d19a10b240_617 .array/port v0xb9d19a10b240, 617;
v0xb9d19a10b240_618 .array/port v0xb9d19a10b240, 618;
v0xb9d19a10b240_619 .array/port v0xb9d19a10b240, 619;
v0xb9d19a10b240_620 .array/port v0xb9d19a10b240, 620;
E_0xb9d199e68640/156 .event anyedge, v0xb9d19a10b240_617, v0xb9d19a10b240_618, v0xb9d19a10b240_619, v0xb9d19a10b240_620;
v0xb9d19a10b240_621 .array/port v0xb9d19a10b240, 621;
v0xb9d19a10b240_622 .array/port v0xb9d19a10b240, 622;
v0xb9d19a10b240_623 .array/port v0xb9d19a10b240, 623;
v0xb9d19a10b240_624 .array/port v0xb9d19a10b240, 624;
E_0xb9d199e68640/157 .event anyedge, v0xb9d19a10b240_621, v0xb9d19a10b240_622, v0xb9d19a10b240_623, v0xb9d19a10b240_624;
v0xb9d19a10b240_625 .array/port v0xb9d19a10b240, 625;
v0xb9d19a10b240_626 .array/port v0xb9d19a10b240, 626;
v0xb9d19a10b240_627 .array/port v0xb9d19a10b240, 627;
v0xb9d19a10b240_628 .array/port v0xb9d19a10b240, 628;
E_0xb9d199e68640/158 .event anyedge, v0xb9d19a10b240_625, v0xb9d19a10b240_626, v0xb9d19a10b240_627, v0xb9d19a10b240_628;
v0xb9d19a10b240_629 .array/port v0xb9d19a10b240, 629;
v0xb9d19a10b240_630 .array/port v0xb9d19a10b240, 630;
v0xb9d19a10b240_631 .array/port v0xb9d19a10b240, 631;
v0xb9d19a10b240_632 .array/port v0xb9d19a10b240, 632;
E_0xb9d199e68640/159 .event anyedge, v0xb9d19a10b240_629, v0xb9d19a10b240_630, v0xb9d19a10b240_631, v0xb9d19a10b240_632;
v0xb9d19a10b240_633 .array/port v0xb9d19a10b240, 633;
v0xb9d19a10b240_634 .array/port v0xb9d19a10b240, 634;
v0xb9d19a10b240_635 .array/port v0xb9d19a10b240, 635;
v0xb9d19a10b240_636 .array/port v0xb9d19a10b240, 636;
E_0xb9d199e68640/160 .event anyedge, v0xb9d19a10b240_633, v0xb9d19a10b240_634, v0xb9d19a10b240_635, v0xb9d19a10b240_636;
v0xb9d19a10b240_637 .array/port v0xb9d19a10b240, 637;
v0xb9d19a10b240_638 .array/port v0xb9d19a10b240, 638;
v0xb9d19a10b240_639 .array/port v0xb9d19a10b240, 639;
v0xb9d19a10b240_640 .array/port v0xb9d19a10b240, 640;
E_0xb9d199e68640/161 .event anyedge, v0xb9d19a10b240_637, v0xb9d19a10b240_638, v0xb9d19a10b240_639, v0xb9d19a10b240_640;
v0xb9d19a10b240_641 .array/port v0xb9d19a10b240, 641;
v0xb9d19a10b240_642 .array/port v0xb9d19a10b240, 642;
v0xb9d19a10b240_643 .array/port v0xb9d19a10b240, 643;
v0xb9d19a10b240_644 .array/port v0xb9d19a10b240, 644;
E_0xb9d199e68640/162 .event anyedge, v0xb9d19a10b240_641, v0xb9d19a10b240_642, v0xb9d19a10b240_643, v0xb9d19a10b240_644;
v0xb9d19a10b240_645 .array/port v0xb9d19a10b240, 645;
v0xb9d19a10b240_646 .array/port v0xb9d19a10b240, 646;
v0xb9d19a10b240_647 .array/port v0xb9d19a10b240, 647;
v0xb9d19a10b240_648 .array/port v0xb9d19a10b240, 648;
E_0xb9d199e68640/163 .event anyedge, v0xb9d19a10b240_645, v0xb9d19a10b240_646, v0xb9d19a10b240_647, v0xb9d19a10b240_648;
v0xb9d19a10b240_649 .array/port v0xb9d19a10b240, 649;
v0xb9d19a10b240_650 .array/port v0xb9d19a10b240, 650;
v0xb9d19a10b240_651 .array/port v0xb9d19a10b240, 651;
v0xb9d19a10b240_652 .array/port v0xb9d19a10b240, 652;
E_0xb9d199e68640/164 .event anyedge, v0xb9d19a10b240_649, v0xb9d19a10b240_650, v0xb9d19a10b240_651, v0xb9d19a10b240_652;
v0xb9d19a10b240_653 .array/port v0xb9d19a10b240, 653;
v0xb9d19a10b240_654 .array/port v0xb9d19a10b240, 654;
v0xb9d19a10b240_655 .array/port v0xb9d19a10b240, 655;
v0xb9d19a10b240_656 .array/port v0xb9d19a10b240, 656;
E_0xb9d199e68640/165 .event anyedge, v0xb9d19a10b240_653, v0xb9d19a10b240_654, v0xb9d19a10b240_655, v0xb9d19a10b240_656;
v0xb9d19a10b240_657 .array/port v0xb9d19a10b240, 657;
v0xb9d19a10b240_658 .array/port v0xb9d19a10b240, 658;
v0xb9d19a10b240_659 .array/port v0xb9d19a10b240, 659;
v0xb9d19a10b240_660 .array/port v0xb9d19a10b240, 660;
E_0xb9d199e68640/166 .event anyedge, v0xb9d19a10b240_657, v0xb9d19a10b240_658, v0xb9d19a10b240_659, v0xb9d19a10b240_660;
v0xb9d19a10b240_661 .array/port v0xb9d19a10b240, 661;
v0xb9d19a10b240_662 .array/port v0xb9d19a10b240, 662;
v0xb9d19a10b240_663 .array/port v0xb9d19a10b240, 663;
v0xb9d19a10b240_664 .array/port v0xb9d19a10b240, 664;
E_0xb9d199e68640/167 .event anyedge, v0xb9d19a10b240_661, v0xb9d19a10b240_662, v0xb9d19a10b240_663, v0xb9d19a10b240_664;
v0xb9d19a10b240_665 .array/port v0xb9d19a10b240, 665;
v0xb9d19a10b240_666 .array/port v0xb9d19a10b240, 666;
v0xb9d19a10b240_667 .array/port v0xb9d19a10b240, 667;
v0xb9d19a10b240_668 .array/port v0xb9d19a10b240, 668;
E_0xb9d199e68640/168 .event anyedge, v0xb9d19a10b240_665, v0xb9d19a10b240_666, v0xb9d19a10b240_667, v0xb9d19a10b240_668;
v0xb9d19a10b240_669 .array/port v0xb9d19a10b240, 669;
v0xb9d19a10b240_670 .array/port v0xb9d19a10b240, 670;
v0xb9d19a10b240_671 .array/port v0xb9d19a10b240, 671;
v0xb9d19a10b240_672 .array/port v0xb9d19a10b240, 672;
E_0xb9d199e68640/169 .event anyedge, v0xb9d19a10b240_669, v0xb9d19a10b240_670, v0xb9d19a10b240_671, v0xb9d19a10b240_672;
v0xb9d19a10b240_673 .array/port v0xb9d19a10b240, 673;
v0xb9d19a10b240_674 .array/port v0xb9d19a10b240, 674;
v0xb9d19a10b240_675 .array/port v0xb9d19a10b240, 675;
v0xb9d19a10b240_676 .array/port v0xb9d19a10b240, 676;
E_0xb9d199e68640/170 .event anyedge, v0xb9d19a10b240_673, v0xb9d19a10b240_674, v0xb9d19a10b240_675, v0xb9d19a10b240_676;
v0xb9d19a10b240_677 .array/port v0xb9d19a10b240, 677;
v0xb9d19a10b240_678 .array/port v0xb9d19a10b240, 678;
v0xb9d19a10b240_679 .array/port v0xb9d19a10b240, 679;
v0xb9d19a10b240_680 .array/port v0xb9d19a10b240, 680;
E_0xb9d199e68640/171 .event anyedge, v0xb9d19a10b240_677, v0xb9d19a10b240_678, v0xb9d19a10b240_679, v0xb9d19a10b240_680;
v0xb9d19a10b240_681 .array/port v0xb9d19a10b240, 681;
v0xb9d19a10b240_682 .array/port v0xb9d19a10b240, 682;
v0xb9d19a10b240_683 .array/port v0xb9d19a10b240, 683;
v0xb9d19a10b240_684 .array/port v0xb9d19a10b240, 684;
E_0xb9d199e68640/172 .event anyedge, v0xb9d19a10b240_681, v0xb9d19a10b240_682, v0xb9d19a10b240_683, v0xb9d19a10b240_684;
v0xb9d19a10b240_685 .array/port v0xb9d19a10b240, 685;
v0xb9d19a10b240_686 .array/port v0xb9d19a10b240, 686;
v0xb9d19a10b240_687 .array/port v0xb9d19a10b240, 687;
v0xb9d19a10b240_688 .array/port v0xb9d19a10b240, 688;
E_0xb9d199e68640/173 .event anyedge, v0xb9d19a10b240_685, v0xb9d19a10b240_686, v0xb9d19a10b240_687, v0xb9d19a10b240_688;
v0xb9d19a10b240_689 .array/port v0xb9d19a10b240, 689;
v0xb9d19a10b240_690 .array/port v0xb9d19a10b240, 690;
v0xb9d19a10b240_691 .array/port v0xb9d19a10b240, 691;
v0xb9d19a10b240_692 .array/port v0xb9d19a10b240, 692;
E_0xb9d199e68640/174 .event anyedge, v0xb9d19a10b240_689, v0xb9d19a10b240_690, v0xb9d19a10b240_691, v0xb9d19a10b240_692;
v0xb9d19a10b240_693 .array/port v0xb9d19a10b240, 693;
v0xb9d19a10b240_694 .array/port v0xb9d19a10b240, 694;
v0xb9d19a10b240_695 .array/port v0xb9d19a10b240, 695;
v0xb9d19a10b240_696 .array/port v0xb9d19a10b240, 696;
E_0xb9d199e68640/175 .event anyedge, v0xb9d19a10b240_693, v0xb9d19a10b240_694, v0xb9d19a10b240_695, v0xb9d19a10b240_696;
v0xb9d19a10b240_697 .array/port v0xb9d19a10b240, 697;
v0xb9d19a10b240_698 .array/port v0xb9d19a10b240, 698;
v0xb9d19a10b240_699 .array/port v0xb9d19a10b240, 699;
v0xb9d19a10b240_700 .array/port v0xb9d19a10b240, 700;
E_0xb9d199e68640/176 .event anyedge, v0xb9d19a10b240_697, v0xb9d19a10b240_698, v0xb9d19a10b240_699, v0xb9d19a10b240_700;
v0xb9d19a10b240_701 .array/port v0xb9d19a10b240, 701;
v0xb9d19a10b240_702 .array/port v0xb9d19a10b240, 702;
v0xb9d19a10b240_703 .array/port v0xb9d19a10b240, 703;
v0xb9d19a10b240_704 .array/port v0xb9d19a10b240, 704;
E_0xb9d199e68640/177 .event anyedge, v0xb9d19a10b240_701, v0xb9d19a10b240_702, v0xb9d19a10b240_703, v0xb9d19a10b240_704;
v0xb9d19a10b240_705 .array/port v0xb9d19a10b240, 705;
v0xb9d19a10b240_706 .array/port v0xb9d19a10b240, 706;
v0xb9d19a10b240_707 .array/port v0xb9d19a10b240, 707;
v0xb9d19a10b240_708 .array/port v0xb9d19a10b240, 708;
E_0xb9d199e68640/178 .event anyedge, v0xb9d19a10b240_705, v0xb9d19a10b240_706, v0xb9d19a10b240_707, v0xb9d19a10b240_708;
v0xb9d19a10b240_709 .array/port v0xb9d19a10b240, 709;
v0xb9d19a10b240_710 .array/port v0xb9d19a10b240, 710;
v0xb9d19a10b240_711 .array/port v0xb9d19a10b240, 711;
v0xb9d19a10b240_712 .array/port v0xb9d19a10b240, 712;
E_0xb9d199e68640/179 .event anyedge, v0xb9d19a10b240_709, v0xb9d19a10b240_710, v0xb9d19a10b240_711, v0xb9d19a10b240_712;
v0xb9d19a10b240_713 .array/port v0xb9d19a10b240, 713;
v0xb9d19a10b240_714 .array/port v0xb9d19a10b240, 714;
v0xb9d19a10b240_715 .array/port v0xb9d19a10b240, 715;
v0xb9d19a10b240_716 .array/port v0xb9d19a10b240, 716;
E_0xb9d199e68640/180 .event anyedge, v0xb9d19a10b240_713, v0xb9d19a10b240_714, v0xb9d19a10b240_715, v0xb9d19a10b240_716;
v0xb9d19a10b240_717 .array/port v0xb9d19a10b240, 717;
v0xb9d19a10b240_718 .array/port v0xb9d19a10b240, 718;
v0xb9d19a10b240_719 .array/port v0xb9d19a10b240, 719;
v0xb9d19a10b240_720 .array/port v0xb9d19a10b240, 720;
E_0xb9d199e68640/181 .event anyedge, v0xb9d19a10b240_717, v0xb9d19a10b240_718, v0xb9d19a10b240_719, v0xb9d19a10b240_720;
v0xb9d19a10b240_721 .array/port v0xb9d19a10b240, 721;
v0xb9d19a10b240_722 .array/port v0xb9d19a10b240, 722;
v0xb9d19a10b240_723 .array/port v0xb9d19a10b240, 723;
v0xb9d19a10b240_724 .array/port v0xb9d19a10b240, 724;
E_0xb9d199e68640/182 .event anyedge, v0xb9d19a10b240_721, v0xb9d19a10b240_722, v0xb9d19a10b240_723, v0xb9d19a10b240_724;
v0xb9d19a10b240_725 .array/port v0xb9d19a10b240, 725;
v0xb9d19a10b240_726 .array/port v0xb9d19a10b240, 726;
v0xb9d19a10b240_727 .array/port v0xb9d19a10b240, 727;
v0xb9d19a10b240_728 .array/port v0xb9d19a10b240, 728;
E_0xb9d199e68640/183 .event anyedge, v0xb9d19a10b240_725, v0xb9d19a10b240_726, v0xb9d19a10b240_727, v0xb9d19a10b240_728;
v0xb9d19a10b240_729 .array/port v0xb9d19a10b240, 729;
v0xb9d19a10b240_730 .array/port v0xb9d19a10b240, 730;
v0xb9d19a10b240_731 .array/port v0xb9d19a10b240, 731;
v0xb9d19a10b240_732 .array/port v0xb9d19a10b240, 732;
E_0xb9d199e68640/184 .event anyedge, v0xb9d19a10b240_729, v0xb9d19a10b240_730, v0xb9d19a10b240_731, v0xb9d19a10b240_732;
v0xb9d19a10b240_733 .array/port v0xb9d19a10b240, 733;
v0xb9d19a10b240_734 .array/port v0xb9d19a10b240, 734;
v0xb9d19a10b240_735 .array/port v0xb9d19a10b240, 735;
v0xb9d19a10b240_736 .array/port v0xb9d19a10b240, 736;
E_0xb9d199e68640/185 .event anyedge, v0xb9d19a10b240_733, v0xb9d19a10b240_734, v0xb9d19a10b240_735, v0xb9d19a10b240_736;
v0xb9d19a10b240_737 .array/port v0xb9d19a10b240, 737;
v0xb9d19a10b240_738 .array/port v0xb9d19a10b240, 738;
v0xb9d19a10b240_739 .array/port v0xb9d19a10b240, 739;
v0xb9d19a10b240_740 .array/port v0xb9d19a10b240, 740;
E_0xb9d199e68640/186 .event anyedge, v0xb9d19a10b240_737, v0xb9d19a10b240_738, v0xb9d19a10b240_739, v0xb9d19a10b240_740;
v0xb9d19a10b240_741 .array/port v0xb9d19a10b240, 741;
v0xb9d19a10b240_742 .array/port v0xb9d19a10b240, 742;
v0xb9d19a10b240_743 .array/port v0xb9d19a10b240, 743;
v0xb9d19a10b240_744 .array/port v0xb9d19a10b240, 744;
E_0xb9d199e68640/187 .event anyedge, v0xb9d19a10b240_741, v0xb9d19a10b240_742, v0xb9d19a10b240_743, v0xb9d19a10b240_744;
v0xb9d19a10b240_745 .array/port v0xb9d19a10b240, 745;
v0xb9d19a10b240_746 .array/port v0xb9d19a10b240, 746;
v0xb9d19a10b240_747 .array/port v0xb9d19a10b240, 747;
v0xb9d19a10b240_748 .array/port v0xb9d19a10b240, 748;
E_0xb9d199e68640/188 .event anyedge, v0xb9d19a10b240_745, v0xb9d19a10b240_746, v0xb9d19a10b240_747, v0xb9d19a10b240_748;
v0xb9d19a10b240_749 .array/port v0xb9d19a10b240, 749;
v0xb9d19a10b240_750 .array/port v0xb9d19a10b240, 750;
v0xb9d19a10b240_751 .array/port v0xb9d19a10b240, 751;
v0xb9d19a10b240_752 .array/port v0xb9d19a10b240, 752;
E_0xb9d199e68640/189 .event anyedge, v0xb9d19a10b240_749, v0xb9d19a10b240_750, v0xb9d19a10b240_751, v0xb9d19a10b240_752;
v0xb9d19a10b240_753 .array/port v0xb9d19a10b240, 753;
v0xb9d19a10b240_754 .array/port v0xb9d19a10b240, 754;
v0xb9d19a10b240_755 .array/port v0xb9d19a10b240, 755;
v0xb9d19a10b240_756 .array/port v0xb9d19a10b240, 756;
E_0xb9d199e68640/190 .event anyedge, v0xb9d19a10b240_753, v0xb9d19a10b240_754, v0xb9d19a10b240_755, v0xb9d19a10b240_756;
v0xb9d19a10b240_757 .array/port v0xb9d19a10b240, 757;
v0xb9d19a10b240_758 .array/port v0xb9d19a10b240, 758;
v0xb9d19a10b240_759 .array/port v0xb9d19a10b240, 759;
v0xb9d19a10b240_760 .array/port v0xb9d19a10b240, 760;
E_0xb9d199e68640/191 .event anyedge, v0xb9d19a10b240_757, v0xb9d19a10b240_758, v0xb9d19a10b240_759, v0xb9d19a10b240_760;
v0xb9d19a10b240_761 .array/port v0xb9d19a10b240, 761;
v0xb9d19a10b240_762 .array/port v0xb9d19a10b240, 762;
v0xb9d19a10b240_763 .array/port v0xb9d19a10b240, 763;
v0xb9d19a10b240_764 .array/port v0xb9d19a10b240, 764;
E_0xb9d199e68640/192 .event anyedge, v0xb9d19a10b240_761, v0xb9d19a10b240_762, v0xb9d19a10b240_763, v0xb9d19a10b240_764;
v0xb9d19a10b240_765 .array/port v0xb9d19a10b240, 765;
v0xb9d19a10b240_766 .array/port v0xb9d19a10b240, 766;
v0xb9d19a10b240_767 .array/port v0xb9d19a10b240, 767;
v0xb9d19a10b240_768 .array/port v0xb9d19a10b240, 768;
E_0xb9d199e68640/193 .event anyedge, v0xb9d19a10b240_765, v0xb9d19a10b240_766, v0xb9d19a10b240_767, v0xb9d19a10b240_768;
v0xb9d19a10b240_769 .array/port v0xb9d19a10b240, 769;
v0xb9d19a10b240_770 .array/port v0xb9d19a10b240, 770;
v0xb9d19a10b240_771 .array/port v0xb9d19a10b240, 771;
v0xb9d19a10b240_772 .array/port v0xb9d19a10b240, 772;
E_0xb9d199e68640/194 .event anyedge, v0xb9d19a10b240_769, v0xb9d19a10b240_770, v0xb9d19a10b240_771, v0xb9d19a10b240_772;
v0xb9d19a10b240_773 .array/port v0xb9d19a10b240, 773;
v0xb9d19a10b240_774 .array/port v0xb9d19a10b240, 774;
v0xb9d19a10b240_775 .array/port v0xb9d19a10b240, 775;
v0xb9d19a10b240_776 .array/port v0xb9d19a10b240, 776;
E_0xb9d199e68640/195 .event anyedge, v0xb9d19a10b240_773, v0xb9d19a10b240_774, v0xb9d19a10b240_775, v0xb9d19a10b240_776;
v0xb9d19a10b240_777 .array/port v0xb9d19a10b240, 777;
v0xb9d19a10b240_778 .array/port v0xb9d19a10b240, 778;
v0xb9d19a10b240_779 .array/port v0xb9d19a10b240, 779;
v0xb9d19a10b240_780 .array/port v0xb9d19a10b240, 780;
E_0xb9d199e68640/196 .event anyedge, v0xb9d19a10b240_777, v0xb9d19a10b240_778, v0xb9d19a10b240_779, v0xb9d19a10b240_780;
v0xb9d19a10b240_781 .array/port v0xb9d19a10b240, 781;
v0xb9d19a10b240_782 .array/port v0xb9d19a10b240, 782;
v0xb9d19a10b240_783 .array/port v0xb9d19a10b240, 783;
v0xb9d19a10b240_784 .array/port v0xb9d19a10b240, 784;
E_0xb9d199e68640/197 .event anyedge, v0xb9d19a10b240_781, v0xb9d19a10b240_782, v0xb9d19a10b240_783, v0xb9d19a10b240_784;
v0xb9d19a10b240_785 .array/port v0xb9d19a10b240, 785;
v0xb9d19a10b240_786 .array/port v0xb9d19a10b240, 786;
v0xb9d19a10b240_787 .array/port v0xb9d19a10b240, 787;
v0xb9d19a10b240_788 .array/port v0xb9d19a10b240, 788;
E_0xb9d199e68640/198 .event anyedge, v0xb9d19a10b240_785, v0xb9d19a10b240_786, v0xb9d19a10b240_787, v0xb9d19a10b240_788;
v0xb9d19a10b240_789 .array/port v0xb9d19a10b240, 789;
v0xb9d19a10b240_790 .array/port v0xb9d19a10b240, 790;
v0xb9d19a10b240_791 .array/port v0xb9d19a10b240, 791;
v0xb9d19a10b240_792 .array/port v0xb9d19a10b240, 792;
E_0xb9d199e68640/199 .event anyedge, v0xb9d19a10b240_789, v0xb9d19a10b240_790, v0xb9d19a10b240_791, v0xb9d19a10b240_792;
v0xb9d19a10b240_793 .array/port v0xb9d19a10b240, 793;
v0xb9d19a10b240_794 .array/port v0xb9d19a10b240, 794;
v0xb9d19a10b240_795 .array/port v0xb9d19a10b240, 795;
v0xb9d19a10b240_796 .array/port v0xb9d19a10b240, 796;
E_0xb9d199e68640/200 .event anyedge, v0xb9d19a10b240_793, v0xb9d19a10b240_794, v0xb9d19a10b240_795, v0xb9d19a10b240_796;
v0xb9d19a10b240_797 .array/port v0xb9d19a10b240, 797;
v0xb9d19a10b240_798 .array/port v0xb9d19a10b240, 798;
v0xb9d19a10b240_799 .array/port v0xb9d19a10b240, 799;
v0xb9d19a10b240_800 .array/port v0xb9d19a10b240, 800;
E_0xb9d199e68640/201 .event anyedge, v0xb9d19a10b240_797, v0xb9d19a10b240_798, v0xb9d19a10b240_799, v0xb9d19a10b240_800;
v0xb9d19a10b240_801 .array/port v0xb9d19a10b240, 801;
v0xb9d19a10b240_802 .array/port v0xb9d19a10b240, 802;
v0xb9d19a10b240_803 .array/port v0xb9d19a10b240, 803;
v0xb9d19a10b240_804 .array/port v0xb9d19a10b240, 804;
E_0xb9d199e68640/202 .event anyedge, v0xb9d19a10b240_801, v0xb9d19a10b240_802, v0xb9d19a10b240_803, v0xb9d19a10b240_804;
v0xb9d19a10b240_805 .array/port v0xb9d19a10b240, 805;
v0xb9d19a10b240_806 .array/port v0xb9d19a10b240, 806;
v0xb9d19a10b240_807 .array/port v0xb9d19a10b240, 807;
v0xb9d19a10b240_808 .array/port v0xb9d19a10b240, 808;
E_0xb9d199e68640/203 .event anyedge, v0xb9d19a10b240_805, v0xb9d19a10b240_806, v0xb9d19a10b240_807, v0xb9d19a10b240_808;
v0xb9d19a10b240_809 .array/port v0xb9d19a10b240, 809;
v0xb9d19a10b240_810 .array/port v0xb9d19a10b240, 810;
v0xb9d19a10b240_811 .array/port v0xb9d19a10b240, 811;
v0xb9d19a10b240_812 .array/port v0xb9d19a10b240, 812;
E_0xb9d199e68640/204 .event anyedge, v0xb9d19a10b240_809, v0xb9d19a10b240_810, v0xb9d19a10b240_811, v0xb9d19a10b240_812;
v0xb9d19a10b240_813 .array/port v0xb9d19a10b240, 813;
v0xb9d19a10b240_814 .array/port v0xb9d19a10b240, 814;
v0xb9d19a10b240_815 .array/port v0xb9d19a10b240, 815;
v0xb9d19a10b240_816 .array/port v0xb9d19a10b240, 816;
E_0xb9d199e68640/205 .event anyedge, v0xb9d19a10b240_813, v0xb9d19a10b240_814, v0xb9d19a10b240_815, v0xb9d19a10b240_816;
v0xb9d19a10b240_817 .array/port v0xb9d19a10b240, 817;
v0xb9d19a10b240_818 .array/port v0xb9d19a10b240, 818;
v0xb9d19a10b240_819 .array/port v0xb9d19a10b240, 819;
v0xb9d19a10b240_820 .array/port v0xb9d19a10b240, 820;
E_0xb9d199e68640/206 .event anyedge, v0xb9d19a10b240_817, v0xb9d19a10b240_818, v0xb9d19a10b240_819, v0xb9d19a10b240_820;
v0xb9d19a10b240_821 .array/port v0xb9d19a10b240, 821;
v0xb9d19a10b240_822 .array/port v0xb9d19a10b240, 822;
v0xb9d19a10b240_823 .array/port v0xb9d19a10b240, 823;
v0xb9d19a10b240_824 .array/port v0xb9d19a10b240, 824;
E_0xb9d199e68640/207 .event anyedge, v0xb9d19a10b240_821, v0xb9d19a10b240_822, v0xb9d19a10b240_823, v0xb9d19a10b240_824;
v0xb9d19a10b240_825 .array/port v0xb9d19a10b240, 825;
v0xb9d19a10b240_826 .array/port v0xb9d19a10b240, 826;
v0xb9d19a10b240_827 .array/port v0xb9d19a10b240, 827;
v0xb9d19a10b240_828 .array/port v0xb9d19a10b240, 828;
E_0xb9d199e68640/208 .event anyedge, v0xb9d19a10b240_825, v0xb9d19a10b240_826, v0xb9d19a10b240_827, v0xb9d19a10b240_828;
v0xb9d19a10b240_829 .array/port v0xb9d19a10b240, 829;
v0xb9d19a10b240_830 .array/port v0xb9d19a10b240, 830;
v0xb9d19a10b240_831 .array/port v0xb9d19a10b240, 831;
v0xb9d19a10b240_832 .array/port v0xb9d19a10b240, 832;
E_0xb9d199e68640/209 .event anyedge, v0xb9d19a10b240_829, v0xb9d19a10b240_830, v0xb9d19a10b240_831, v0xb9d19a10b240_832;
v0xb9d19a10b240_833 .array/port v0xb9d19a10b240, 833;
v0xb9d19a10b240_834 .array/port v0xb9d19a10b240, 834;
v0xb9d19a10b240_835 .array/port v0xb9d19a10b240, 835;
v0xb9d19a10b240_836 .array/port v0xb9d19a10b240, 836;
E_0xb9d199e68640/210 .event anyedge, v0xb9d19a10b240_833, v0xb9d19a10b240_834, v0xb9d19a10b240_835, v0xb9d19a10b240_836;
v0xb9d19a10b240_837 .array/port v0xb9d19a10b240, 837;
v0xb9d19a10b240_838 .array/port v0xb9d19a10b240, 838;
v0xb9d19a10b240_839 .array/port v0xb9d19a10b240, 839;
v0xb9d19a10b240_840 .array/port v0xb9d19a10b240, 840;
E_0xb9d199e68640/211 .event anyedge, v0xb9d19a10b240_837, v0xb9d19a10b240_838, v0xb9d19a10b240_839, v0xb9d19a10b240_840;
v0xb9d19a10b240_841 .array/port v0xb9d19a10b240, 841;
v0xb9d19a10b240_842 .array/port v0xb9d19a10b240, 842;
v0xb9d19a10b240_843 .array/port v0xb9d19a10b240, 843;
v0xb9d19a10b240_844 .array/port v0xb9d19a10b240, 844;
E_0xb9d199e68640/212 .event anyedge, v0xb9d19a10b240_841, v0xb9d19a10b240_842, v0xb9d19a10b240_843, v0xb9d19a10b240_844;
v0xb9d19a10b240_845 .array/port v0xb9d19a10b240, 845;
v0xb9d19a10b240_846 .array/port v0xb9d19a10b240, 846;
v0xb9d19a10b240_847 .array/port v0xb9d19a10b240, 847;
v0xb9d19a10b240_848 .array/port v0xb9d19a10b240, 848;
E_0xb9d199e68640/213 .event anyedge, v0xb9d19a10b240_845, v0xb9d19a10b240_846, v0xb9d19a10b240_847, v0xb9d19a10b240_848;
v0xb9d19a10b240_849 .array/port v0xb9d19a10b240, 849;
v0xb9d19a10b240_850 .array/port v0xb9d19a10b240, 850;
v0xb9d19a10b240_851 .array/port v0xb9d19a10b240, 851;
v0xb9d19a10b240_852 .array/port v0xb9d19a10b240, 852;
E_0xb9d199e68640/214 .event anyedge, v0xb9d19a10b240_849, v0xb9d19a10b240_850, v0xb9d19a10b240_851, v0xb9d19a10b240_852;
v0xb9d19a10b240_853 .array/port v0xb9d19a10b240, 853;
v0xb9d19a10b240_854 .array/port v0xb9d19a10b240, 854;
v0xb9d19a10b240_855 .array/port v0xb9d19a10b240, 855;
v0xb9d19a10b240_856 .array/port v0xb9d19a10b240, 856;
E_0xb9d199e68640/215 .event anyedge, v0xb9d19a10b240_853, v0xb9d19a10b240_854, v0xb9d19a10b240_855, v0xb9d19a10b240_856;
v0xb9d19a10b240_857 .array/port v0xb9d19a10b240, 857;
v0xb9d19a10b240_858 .array/port v0xb9d19a10b240, 858;
v0xb9d19a10b240_859 .array/port v0xb9d19a10b240, 859;
v0xb9d19a10b240_860 .array/port v0xb9d19a10b240, 860;
E_0xb9d199e68640/216 .event anyedge, v0xb9d19a10b240_857, v0xb9d19a10b240_858, v0xb9d19a10b240_859, v0xb9d19a10b240_860;
v0xb9d19a10b240_861 .array/port v0xb9d19a10b240, 861;
v0xb9d19a10b240_862 .array/port v0xb9d19a10b240, 862;
v0xb9d19a10b240_863 .array/port v0xb9d19a10b240, 863;
v0xb9d19a10b240_864 .array/port v0xb9d19a10b240, 864;
E_0xb9d199e68640/217 .event anyedge, v0xb9d19a10b240_861, v0xb9d19a10b240_862, v0xb9d19a10b240_863, v0xb9d19a10b240_864;
v0xb9d19a10b240_865 .array/port v0xb9d19a10b240, 865;
v0xb9d19a10b240_866 .array/port v0xb9d19a10b240, 866;
v0xb9d19a10b240_867 .array/port v0xb9d19a10b240, 867;
v0xb9d19a10b240_868 .array/port v0xb9d19a10b240, 868;
E_0xb9d199e68640/218 .event anyedge, v0xb9d19a10b240_865, v0xb9d19a10b240_866, v0xb9d19a10b240_867, v0xb9d19a10b240_868;
v0xb9d19a10b240_869 .array/port v0xb9d19a10b240, 869;
v0xb9d19a10b240_870 .array/port v0xb9d19a10b240, 870;
v0xb9d19a10b240_871 .array/port v0xb9d19a10b240, 871;
v0xb9d19a10b240_872 .array/port v0xb9d19a10b240, 872;
E_0xb9d199e68640/219 .event anyedge, v0xb9d19a10b240_869, v0xb9d19a10b240_870, v0xb9d19a10b240_871, v0xb9d19a10b240_872;
v0xb9d19a10b240_873 .array/port v0xb9d19a10b240, 873;
v0xb9d19a10b240_874 .array/port v0xb9d19a10b240, 874;
v0xb9d19a10b240_875 .array/port v0xb9d19a10b240, 875;
v0xb9d19a10b240_876 .array/port v0xb9d19a10b240, 876;
E_0xb9d199e68640/220 .event anyedge, v0xb9d19a10b240_873, v0xb9d19a10b240_874, v0xb9d19a10b240_875, v0xb9d19a10b240_876;
v0xb9d19a10b240_877 .array/port v0xb9d19a10b240, 877;
v0xb9d19a10b240_878 .array/port v0xb9d19a10b240, 878;
v0xb9d19a10b240_879 .array/port v0xb9d19a10b240, 879;
v0xb9d19a10b240_880 .array/port v0xb9d19a10b240, 880;
E_0xb9d199e68640/221 .event anyedge, v0xb9d19a10b240_877, v0xb9d19a10b240_878, v0xb9d19a10b240_879, v0xb9d19a10b240_880;
v0xb9d19a10b240_881 .array/port v0xb9d19a10b240, 881;
v0xb9d19a10b240_882 .array/port v0xb9d19a10b240, 882;
v0xb9d19a10b240_883 .array/port v0xb9d19a10b240, 883;
v0xb9d19a10b240_884 .array/port v0xb9d19a10b240, 884;
E_0xb9d199e68640/222 .event anyedge, v0xb9d19a10b240_881, v0xb9d19a10b240_882, v0xb9d19a10b240_883, v0xb9d19a10b240_884;
v0xb9d19a10b240_885 .array/port v0xb9d19a10b240, 885;
v0xb9d19a10b240_886 .array/port v0xb9d19a10b240, 886;
v0xb9d19a10b240_887 .array/port v0xb9d19a10b240, 887;
v0xb9d19a10b240_888 .array/port v0xb9d19a10b240, 888;
E_0xb9d199e68640/223 .event anyedge, v0xb9d19a10b240_885, v0xb9d19a10b240_886, v0xb9d19a10b240_887, v0xb9d19a10b240_888;
v0xb9d19a10b240_889 .array/port v0xb9d19a10b240, 889;
v0xb9d19a10b240_890 .array/port v0xb9d19a10b240, 890;
v0xb9d19a10b240_891 .array/port v0xb9d19a10b240, 891;
v0xb9d19a10b240_892 .array/port v0xb9d19a10b240, 892;
E_0xb9d199e68640/224 .event anyedge, v0xb9d19a10b240_889, v0xb9d19a10b240_890, v0xb9d19a10b240_891, v0xb9d19a10b240_892;
v0xb9d19a10b240_893 .array/port v0xb9d19a10b240, 893;
v0xb9d19a10b240_894 .array/port v0xb9d19a10b240, 894;
v0xb9d19a10b240_895 .array/port v0xb9d19a10b240, 895;
v0xb9d19a10b240_896 .array/port v0xb9d19a10b240, 896;
E_0xb9d199e68640/225 .event anyedge, v0xb9d19a10b240_893, v0xb9d19a10b240_894, v0xb9d19a10b240_895, v0xb9d19a10b240_896;
v0xb9d19a10b240_897 .array/port v0xb9d19a10b240, 897;
v0xb9d19a10b240_898 .array/port v0xb9d19a10b240, 898;
v0xb9d19a10b240_899 .array/port v0xb9d19a10b240, 899;
v0xb9d19a10b240_900 .array/port v0xb9d19a10b240, 900;
E_0xb9d199e68640/226 .event anyedge, v0xb9d19a10b240_897, v0xb9d19a10b240_898, v0xb9d19a10b240_899, v0xb9d19a10b240_900;
v0xb9d19a10b240_901 .array/port v0xb9d19a10b240, 901;
v0xb9d19a10b240_902 .array/port v0xb9d19a10b240, 902;
v0xb9d19a10b240_903 .array/port v0xb9d19a10b240, 903;
v0xb9d19a10b240_904 .array/port v0xb9d19a10b240, 904;
E_0xb9d199e68640/227 .event anyedge, v0xb9d19a10b240_901, v0xb9d19a10b240_902, v0xb9d19a10b240_903, v0xb9d19a10b240_904;
v0xb9d19a10b240_905 .array/port v0xb9d19a10b240, 905;
v0xb9d19a10b240_906 .array/port v0xb9d19a10b240, 906;
v0xb9d19a10b240_907 .array/port v0xb9d19a10b240, 907;
v0xb9d19a10b240_908 .array/port v0xb9d19a10b240, 908;
E_0xb9d199e68640/228 .event anyedge, v0xb9d19a10b240_905, v0xb9d19a10b240_906, v0xb9d19a10b240_907, v0xb9d19a10b240_908;
v0xb9d19a10b240_909 .array/port v0xb9d19a10b240, 909;
v0xb9d19a10b240_910 .array/port v0xb9d19a10b240, 910;
v0xb9d19a10b240_911 .array/port v0xb9d19a10b240, 911;
v0xb9d19a10b240_912 .array/port v0xb9d19a10b240, 912;
E_0xb9d199e68640/229 .event anyedge, v0xb9d19a10b240_909, v0xb9d19a10b240_910, v0xb9d19a10b240_911, v0xb9d19a10b240_912;
v0xb9d19a10b240_913 .array/port v0xb9d19a10b240, 913;
v0xb9d19a10b240_914 .array/port v0xb9d19a10b240, 914;
v0xb9d19a10b240_915 .array/port v0xb9d19a10b240, 915;
v0xb9d19a10b240_916 .array/port v0xb9d19a10b240, 916;
E_0xb9d199e68640/230 .event anyedge, v0xb9d19a10b240_913, v0xb9d19a10b240_914, v0xb9d19a10b240_915, v0xb9d19a10b240_916;
v0xb9d19a10b240_917 .array/port v0xb9d19a10b240, 917;
v0xb9d19a10b240_918 .array/port v0xb9d19a10b240, 918;
v0xb9d19a10b240_919 .array/port v0xb9d19a10b240, 919;
v0xb9d19a10b240_920 .array/port v0xb9d19a10b240, 920;
E_0xb9d199e68640/231 .event anyedge, v0xb9d19a10b240_917, v0xb9d19a10b240_918, v0xb9d19a10b240_919, v0xb9d19a10b240_920;
v0xb9d19a10b240_921 .array/port v0xb9d19a10b240, 921;
v0xb9d19a10b240_922 .array/port v0xb9d19a10b240, 922;
v0xb9d19a10b240_923 .array/port v0xb9d19a10b240, 923;
v0xb9d19a10b240_924 .array/port v0xb9d19a10b240, 924;
E_0xb9d199e68640/232 .event anyedge, v0xb9d19a10b240_921, v0xb9d19a10b240_922, v0xb9d19a10b240_923, v0xb9d19a10b240_924;
v0xb9d19a10b240_925 .array/port v0xb9d19a10b240, 925;
v0xb9d19a10b240_926 .array/port v0xb9d19a10b240, 926;
v0xb9d19a10b240_927 .array/port v0xb9d19a10b240, 927;
v0xb9d19a10b240_928 .array/port v0xb9d19a10b240, 928;
E_0xb9d199e68640/233 .event anyedge, v0xb9d19a10b240_925, v0xb9d19a10b240_926, v0xb9d19a10b240_927, v0xb9d19a10b240_928;
v0xb9d19a10b240_929 .array/port v0xb9d19a10b240, 929;
v0xb9d19a10b240_930 .array/port v0xb9d19a10b240, 930;
v0xb9d19a10b240_931 .array/port v0xb9d19a10b240, 931;
v0xb9d19a10b240_932 .array/port v0xb9d19a10b240, 932;
E_0xb9d199e68640/234 .event anyedge, v0xb9d19a10b240_929, v0xb9d19a10b240_930, v0xb9d19a10b240_931, v0xb9d19a10b240_932;
v0xb9d19a10b240_933 .array/port v0xb9d19a10b240, 933;
v0xb9d19a10b240_934 .array/port v0xb9d19a10b240, 934;
v0xb9d19a10b240_935 .array/port v0xb9d19a10b240, 935;
v0xb9d19a10b240_936 .array/port v0xb9d19a10b240, 936;
E_0xb9d199e68640/235 .event anyedge, v0xb9d19a10b240_933, v0xb9d19a10b240_934, v0xb9d19a10b240_935, v0xb9d19a10b240_936;
v0xb9d19a10b240_937 .array/port v0xb9d19a10b240, 937;
v0xb9d19a10b240_938 .array/port v0xb9d19a10b240, 938;
v0xb9d19a10b240_939 .array/port v0xb9d19a10b240, 939;
v0xb9d19a10b240_940 .array/port v0xb9d19a10b240, 940;
E_0xb9d199e68640/236 .event anyedge, v0xb9d19a10b240_937, v0xb9d19a10b240_938, v0xb9d19a10b240_939, v0xb9d19a10b240_940;
v0xb9d19a10b240_941 .array/port v0xb9d19a10b240, 941;
v0xb9d19a10b240_942 .array/port v0xb9d19a10b240, 942;
v0xb9d19a10b240_943 .array/port v0xb9d19a10b240, 943;
v0xb9d19a10b240_944 .array/port v0xb9d19a10b240, 944;
E_0xb9d199e68640/237 .event anyedge, v0xb9d19a10b240_941, v0xb9d19a10b240_942, v0xb9d19a10b240_943, v0xb9d19a10b240_944;
v0xb9d19a10b240_945 .array/port v0xb9d19a10b240, 945;
v0xb9d19a10b240_946 .array/port v0xb9d19a10b240, 946;
v0xb9d19a10b240_947 .array/port v0xb9d19a10b240, 947;
v0xb9d19a10b240_948 .array/port v0xb9d19a10b240, 948;
E_0xb9d199e68640/238 .event anyedge, v0xb9d19a10b240_945, v0xb9d19a10b240_946, v0xb9d19a10b240_947, v0xb9d19a10b240_948;
v0xb9d19a10b240_949 .array/port v0xb9d19a10b240, 949;
v0xb9d19a10b240_950 .array/port v0xb9d19a10b240, 950;
v0xb9d19a10b240_951 .array/port v0xb9d19a10b240, 951;
v0xb9d19a10b240_952 .array/port v0xb9d19a10b240, 952;
E_0xb9d199e68640/239 .event anyedge, v0xb9d19a10b240_949, v0xb9d19a10b240_950, v0xb9d19a10b240_951, v0xb9d19a10b240_952;
v0xb9d19a10b240_953 .array/port v0xb9d19a10b240, 953;
v0xb9d19a10b240_954 .array/port v0xb9d19a10b240, 954;
v0xb9d19a10b240_955 .array/port v0xb9d19a10b240, 955;
v0xb9d19a10b240_956 .array/port v0xb9d19a10b240, 956;
E_0xb9d199e68640/240 .event anyedge, v0xb9d19a10b240_953, v0xb9d19a10b240_954, v0xb9d19a10b240_955, v0xb9d19a10b240_956;
v0xb9d19a10b240_957 .array/port v0xb9d19a10b240, 957;
v0xb9d19a10b240_958 .array/port v0xb9d19a10b240, 958;
v0xb9d19a10b240_959 .array/port v0xb9d19a10b240, 959;
v0xb9d19a10b240_960 .array/port v0xb9d19a10b240, 960;
E_0xb9d199e68640/241 .event anyedge, v0xb9d19a10b240_957, v0xb9d19a10b240_958, v0xb9d19a10b240_959, v0xb9d19a10b240_960;
v0xb9d19a10b240_961 .array/port v0xb9d19a10b240, 961;
v0xb9d19a10b240_962 .array/port v0xb9d19a10b240, 962;
v0xb9d19a10b240_963 .array/port v0xb9d19a10b240, 963;
v0xb9d19a10b240_964 .array/port v0xb9d19a10b240, 964;
E_0xb9d199e68640/242 .event anyedge, v0xb9d19a10b240_961, v0xb9d19a10b240_962, v0xb9d19a10b240_963, v0xb9d19a10b240_964;
v0xb9d19a10b240_965 .array/port v0xb9d19a10b240, 965;
v0xb9d19a10b240_966 .array/port v0xb9d19a10b240, 966;
v0xb9d19a10b240_967 .array/port v0xb9d19a10b240, 967;
v0xb9d19a10b240_968 .array/port v0xb9d19a10b240, 968;
E_0xb9d199e68640/243 .event anyedge, v0xb9d19a10b240_965, v0xb9d19a10b240_966, v0xb9d19a10b240_967, v0xb9d19a10b240_968;
v0xb9d19a10b240_969 .array/port v0xb9d19a10b240, 969;
v0xb9d19a10b240_970 .array/port v0xb9d19a10b240, 970;
v0xb9d19a10b240_971 .array/port v0xb9d19a10b240, 971;
v0xb9d19a10b240_972 .array/port v0xb9d19a10b240, 972;
E_0xb9d199e68640/244 .event anyedge, v0xb9d19a10b240_969, v0xb9d19a10b240_970, v0xb9d19a10b240_971, v0xb9d19a10b240_972;
v0xb9d19a10b240_973 .array/port v0xb9d19a10b240, 973;
v0xb9d19a10b240_974 .array/port v0xb9d19a10b240, 974;
v0xb9d19a10b240_975 .array/port v0xb9d19a10b240, 975;
v0xb9d19a10b240_976 .array/port v0xb9d19a10b240, 976;
E_0xb9d199e68640/245 .event anyedge, v0xb9d19a10b240_973, v0xb9d19a10b240_974, v0xb9d19a10b240_975, v0xb9d19a10b240_976;
v0xb9d19a10b240_977 .array/port v0xb9d19a10b240, 977;
v0xb9d19a10b240_978 .array/port v0xb9d19a10b240, 978;
v0xb9d19a10b240_979 .array/port v0xb9d19a10b240, 979;
v0xb9d19a10b240_980 .array/port v0xb9d19a10b240, 980;
E_0xb9d199e68640/246 .event anyedge, v0xb9d19a10b240_977, v0xb9d19a10b240_978, v0xb9d19a10b240_979, v0xb9d19a10b240_980;
v0xb9d19a10b240_981 .array/port v0xb9d19a10b240, 981;
v0xb9d19a10b240_982 .array/port v0xb9d19a10b240, 982;
v0xb9d19a10b240_983 .array/port v0xb9d19a10b240, 983;
v0xb9d19a10b240_984 .array/port v0xb9d19a10b240, 984;
E_0xb9d199e68640/247 .event anyedge, v0xb9d19a10b240_981, v0xb9d19a10b240_982, v0xb9d19a10b240_983, v0xb9d19a10b240_984;
v0xb9d19a10b240_985 .array/port v0xb9d19a10b240, 985;
v0xb9d19a10b240_986 .array/port v0xb9d19a10b240, 986;
v0xb9d19a10b240_987 .array/port v0xb9d19a10b240, 987;
v0xb9d19a10b240_988 .array/port v0xb9d19a10b240, 988;
E_0xb9d199e68640/248 .event anyedge, v0xb9d19a10b240_985, v0xb9d19a10b240_986, v0xb9d19a10b240_987, v0xb9d19a10b240_988;
v0xb9d19a10b240_989 .array/port v0xb9d19a10b240, 989;
v0xb9d19a10b240_990 .array/port v0xb9d19a10b240, 990;
v0xb9d19a10b240_991 .array/port v0xb9d19a10b240, 991;
v0xb9d19a10b240_992 .array/port v0xb9d19a10b240, 992;
E_0xb9d199e68640/249 .event anyedge, v0xb9d19a10b240_989, v0xb9d19a10b240_990, v0xb9d19a10b240_991, v0xb9d19a10b240_992;
v0xb9d19a10b240_993 .array/port v0xb9d19a10b240, 993;
v0xb9d19a10b240_994 .array/port v0xb9d19a10b240, 994;
v0xb9d19a10b240_995 .array/port v0xb9d19a10b240, 995;
v0xb9d19a10b240_996 .array/port v0xb9d19a10b240, 996;
E_0xb9d199e68640/250 .event anyedge, v0xb9d19a10b240_993, v0xb9d19a10b240_994, v0xb9d19a10b240_995, v0xb9d19a10b240_996;
v0xb9d19a10b240_997 .array/port v0xb9d19a10b240, 997;
v0xb9d19a10b240_998 .array/port v0xb9d19a10b240, 998;
v0xb9d19a10b240_999 .array/port v0xb9d19a10b240, 999;
v0xb9d19a10b240_1000 .array/port v0xb9d19a10b240, 1000;
E_0xb9d199e68640/251 .event anyedge, v0xb9d19a10b240_997, v0xb9d19a10b240_998, v0xb9d19a10b240_999, v0xb9d19a10b240_1000;
v0xb9d19a10b240_1001 .array/port v0xb9d19a10b240, 1001;
v0xb9d19a10b240_1002 .array/port v0xb9d19a10b240, 1002;
v0xb9d19a10b240_1003 .array/port v0xb9d19a10b240, 1003;
v0xb9d19a10b240_1004 .array/port v0xb9d19a10b240, 1004;
E_0xb9d199e68640/252 .event anyedge, v0xb9d19a10b240_1001, v0xb9d19a10b240_1002, v0xb9d19a10b240_1003, v0xb9d19a10b240_1004;
v0xb9d19a10b240_1005 .array/port v0xb9d19a10b240, 1005;
v0xb9d19a10b240_1006 .array/port v0xb9d19a10b240, 1006;
v0xb9d19a10b240_1007 .array/port v0xb9d19a10b240, 1007;
v0xb9d19a10b240_1008 .array/port v0xb9d19a10b240, 1008;
E_0xb9d199e68640/253 .event anyedge, v0xb9d19a10b240_1005, v0xb9d19a10b240_1006, v0xb9d19a10b240_1007, v0xb9d19a10b240_1008;
v0xb9d19a10b240_1009 .array/port v0xb9d19a10b240, 1009;
v0xb9d19a10b240_1010 .array/port v0xb9d19a10b240, 1010;
v0xb9d19a10b240_1011 .array/port v0xb9d19a10b240, 1011;
v0xb9d19a10b240_1012 .array/port v0xb9d19a10b240, 1012;
E_0xb9d199e68640/254 .event anyedge, v0xb9d19a10b240_1009, v0xb9d19a10b240_1010, v0xb9d19a10b240_1011, v0xb9d19a10b240_1012;
v0xb9d19a10b240_1013 .array/port v0xb9d19a10b240, 1013;
v0xb9d19a10b240_1014 .array/port v0xb9d19a10b240, 1014;
v0xb9d19a10b240_1015 .array/port v0xb9d19a10b240, 1015;
v0xb9d19a10b240_1016 .array/port v0xb9d19a10b240, 1016;
E_0xb9d199e68640/255 .event anyedge, v0xb9d19a10b240_1013, v0xb9d19a10b240_1014, v0xb9d19a10b240_1015, v0xb9d19a10b240_1016;
v0xb9d19a10b240_1017 .array/port v0xb9d19a10b240, 1017;
v0xb9d19a10b240_1018 .array/port v0xb9d19a10b240, 1018;
v0xb9d19a10b240_1019 .array/port v0xb9d19a10b240, 1019;
v0xb9d19a10b240_1020 .array/port v0xb9d19a10b240, 1020;
E_0xb9d199e68640/256 .event anyedge, v0xb9d19a10b240_1017, v0xb9d19a10b240_1018, v0xb9d19a10b240_1019, v0xb9d19a10b240_1020;
v0xb9d19a10b240_1021 .array/port v0xb9d19a10b240, 1021;
v0xb9d19a10b240_1022 .array/port v0xb9d19a10b240, 1022;
v0xb9d19a10b240_1023 .array/port v0xb9d19a10b240, 1023;
v0xb9d19a10b240_1024 .array/port v0xb9d19a10b240, 1024;
E_0xb9d199e68640/257 .event anyedge, v0xb9d19a10b240_1021, v0xb9d19a10b240_1022, v0xb9d19a10b240_1023, v0xb9d19a10b240_1024;
v0xb9d19a10b240_1025 .array/port v0xb9d19a10b240, 1025;
v0xb9d19a10b240_1026 .array/port v0xb9d19a10b240, 1026;
v0xb9d19a10b240_1027 .array/port v0xb9d19a10b240, 1027;
v0xb9d19a10b240_1028 .array/port v0xb9d19a10b240, 1028;
E_0xb9d199e68640/258 .event anyedge, v0xb9d19a10b240_1025, v0xb9d19a10b240_1026, v0xb9d19a10b240_1027, v0xb9d19a10b240_1028;
v0xb9d19a10b240_1029 .array/port v0xb9d19a10b240, 1029;
v0xb9d19a10b240_1030 .array/port v0xb9d19a10b240, 1030;
v0xb9d19a10b240_1031 .array/port v0xb9d19a10b240, 1031;
v0xb9d19a10b240_1032 .array/port v0xb9d19a10b240, 1032;
E_0xb9d199e68640/259 .event anyedge, v0xb9d19a10b240_1029, v0xb9d19a10b240_1030, v0xb9d19a10b240_1031, v0xb9d19a10b240_1032;
v0xb9d19a10b240_1033 .array/port v0xb9d19a10b240, 1033;
v0xb9d19a10b240_1034 .array/port v0xb9d19a10b240, 1034;
v0xb9d19a10b240_1035 .array/port v0xb9d19a10b240, 1035;
v0xb9d19a10b240_1036 .array/port v0xb9d19a10b240, 1036;
E_0xb9d199e68640/260 .event anyedge, v0xb9d19a10b240_1033, v0xb9d19a10b240_1034, v0xb9d19a10b240_1035, v0xb9d19a10b240_1036;
v0xb9d19a10b240_1037 .array/port v0xb9d19a10b240, 1037;
v0xb9d19a10b240_1038 .array/port v0xb9d19a10b240, 1038;
v0xb9d19a10b240_1039 .array/port v0xb9d19a10b240, 1039;
v0xb9d19a10b240_1040 .array/port v0xb9d19a10b240, 1040;
E_0xb9d199e68640/261 .event anyedge, v0xb9d19a10b240_1037, v0xb9d19a10b240_1038, v0xb9d19a10b240_1039, v0xb9d19a10b240_1040;
v0xb9d19a10b240_1041 .array/port v0xb9d19a10b240, 1041;
v0xb9d19a10b240_1042 .array/port v0xb9d19a10b240, 1042;
v0xb9d19a10b240_1043 .array/port v0xb9d19a10b240, 1043;
v0xb9d19a10b240_1044 .array/port v0xb9d19a10b240, 1044;
E_0xb9d199e68640/262 .event anyedge, v0xb9d19a10b240_1041, v0xb9d19a10b240_1042, v0xb9d19a10b240_1043, v0xb9d19a10b240_1044;
v0xb9d19a10b240_1045 .array/port v0xb9d19a10b240, 1045;
v0xb9d19a10b240_1046 .array/port v0xb9d19a10b240, 1046;
v0xb9d19a10b240_1047 .array/port v0xb9d19a10b240, 1047;
v0xb9d19a10b240_1048 .array/port v0xb9d19a10b240, 1048;
E_0xb9d199e68640/263 .event anyedge, v0xb9d19a10b240_1045, v0xb9d19a10b240_1046, v0xb9d19a10b240_1047, v0xb9d19a10b240_1048;
v0xb9d19a10b240_1049 .array/port v0xb9d19a10b240, 1049;
v0xb9d19a10b240_1050 .array/port v0xb9d19a10b240, 1050;
v0xb9d19a10b240_1051 .array/port v0xb9d19a10b240, 1051;
v0xb9d19a10b240_1052 .array/port v0xb9d19a10b240, 1052;
E_0xb9d199e68640/264 .event anyedge, v0xb9d19a10b240_1049, v0xb9d19a10b240_1050, v0xb9d19a10b240_1051, v0xb9d19a10b240_1052;
v0xb9d19a10b240_1053 .array/port v0xb9d19a10b240, 1053;
v0xb9d19a10b240_1054 .array/port v0xb9d19a10b240, 1054;
v0xb9d19a10b240_1055 .array/port v0xb9d19a10b240, 1055;
v0xb9d19a10b240_1056 .array/port v0xb9d19a10b240, 1056;
E_0xb9d199e68640/265 .event anyedge, v0xb9d19a10b240_1053, v0xb9d19a10b240_1054, v0xb9d19a10b240_1055, v0xb9d19a10b240_1056;
v0xb9d19a10b240_1057 .array/port v0xb9d19a10b240, 1057;
v0xb9d19a10b240_1058 .array/port v0xb9d19a10b240, 1058;
v0xb9d19a10b240_1059 .array/port v0xb9d19a10b240, 1059;
v0xb9d19a10b240_1060 .array/port v0xb9d19a10b240, 1060;
E_0xb9d199e68640/266 .event anyedge, v0xb9d19a10b240_1057, v0xb9d19a10b240_1058, v0xb9d19a10b240_1059, v0xb9d19a10b240_1060;
v0xb9d19a10b240_1061 .array/port v0xb9d19a10b240, 1061;
v0xb9d19a10b240_1062 .array/port v0xb9d19a10b240, 1062;
v0xb9d19a10b240_1063 .array/port v0xb9d19a10b240, 1063;
v0xb9d19a10b240_1064 .array/port v0xb9d19a10b240, 1064;
E_0xb9d199e68640/267 .event anyedge, v0xb9d19a10b240_1061, v0xb9d19a10b240_1062, v0xb9d19a10b240_1063, v0xb9d19a10b240_1064;
v0xb9d19a10b240_1065 .array/port v0xb9d19a10b240, 1065;
v0xb9d19a10b240_1066 .array/port v0xb9d19a10b240, 1066;
v0xb9d19a10b240_1067 .array/port v0xb9d19a10b240, 1067;
v0xb9d19a10b240_1068 .array/port v0xb9d19a10b240, 1068;
E_0xb9d199e68640/268 .event anyedge, v0xb9d19a10b240_1065, v0xb9d19a10b240_1066, v0xb9d19a10b240_1067, v0xb9d19a10b240_1068;
v0xb9d19a10b240_1069 .array/port v0xb9d19a10b240, 1069;
v0xb9d19a10b240_1070 .array/port v0xb9d19a10b240, 1070;
v0xb9d19a10b240_1071 .array/port v0xb9d19a10b240, 1071;
v0xb9d19a10b240_1072 .array/port v0xb9d19a10b240, 1072;
E_0xb9d199e68640/269 .event anyedge, v0xb9d19a10b240_1069, v0xb9d19a10b240_1070, v0xb9d19a10b240_1071, v0xb9d19a10b240_1072;
v0xb9d19a10b240_1073 .array/port v0xb9d19a10b240, 1073;
v0xb9d19a10b240_1074 .array/port v0xb9d19a10b240, 1074;
v0xb9d19a10b240_1075 .array/port v0xb9d19a10b240, 1075;
v0xb9d19a10b240_1076 .array/port v0xb9d19a10b240, 1076;
E_0xb9d199e68640/270 .event anyedge, v0xb9d19a10b240_1073, v0xb9d19a10b240_1074, v0xb9d19a10b240_1075, v0xb9d19a10b240_1076;
v0xb9d19a10b240_1077 .array/port v0xb9d19a10b240, 1077;
v0xb9d19a10b240_1078 .array/port v0xb9d19a10b240, 1078;
v0xb9d19a10b240_1079 .array/port v0xb9d19a10b240, 1079;
v0xb9d19a10b240_1080 .array/port v0xb9d19a10b240, 1080;
E_0xb9d199e68640/271 .event anyedge, v0xb9d19a10b240_1077, v0xb9d19a10b240_1078, v0xb9d19a10b240_1079, v0xb9d19a10b240_1080;
v0xb9d19a10b240_1081 .array/port v0xb9d19a10b240, 1081;
v0xb9d19a10b240_1082 .array/port v0xb9d19a10b240, 1082;
v0xb9d19a10b240_1083 .array/port v0xb9d19a10b240, 1083;
v0xb9d19a10b240_1084 .array/port v0xb9d19a10b240, 1084;
E_0xb9d199e68640/272 .event anyedge, v0xb9d19a10b240_1081, v0xb9d19a10b240_1082, v0xb9d19a10b240_1083, v0xb9d19a10b240_1084;
v0xb9d19a10b240_1085 .array/port v0xb9d19a10b240, 1085;
v0xb9d19a10b240_1086 .array/port v0xb9d19a10b240, 1086;
v0xb9d19a10b240_1087 .array/port v0xb9d19a10b240, 1087;
v0xb9d19a10b240_1088 .array/port v0xb9d19a10b240, 1088;
E_0xb9d199e68640/273 .event anyedge, v0xb9d19a10b240_1085, v0xb9d19a10b240_1086, v0xb9d19a10b240_1087, v0xb9d19a10b240_1088;
v0xb9d19a10b240_1089 .array/port v0xb9d19a10b240, 1089;
v0xb9d19a10b240_1090 .array/port v0xb9d19a10b240, 1090;
v0xb9d19a10b240_1091 .array/port v0xb9d19a10b240, 1091;
v0xb9d19a10b240_1092 .array/port v0xb9d19a10b240, 1092;
E_0xb9d199e68640/274 .event anyedge, v0xb9d19a10b240_1089, v0xb9d19a10b240_1090, v0xb9d19a10b240_1091, v0xb9d19a10b240_1092;
v0xb9d19a10b240_1093 .array/port v0xb9d19a10b240, 1093;
v0xb9d19a10b240_1094 .array/port v0xb9d19a10b240, 1094;
v0xb9d19a10b240_1095 .array/port v0xb9d19a10b240, 1095;
v0xb9d19a10b240_1096 .array/port v0xb9d19a10b240, 1096;
E_0xb9d199e68640/275 .event anyedge, v0xb9d19a10b240_1093, v0xb9d19a10b240_1094, v0xb9d19a10b240_1095, v0xb9d19a10b240_1096;
v0xb9d19a10b240_1097 .array/port v0xb9d19a10b240, 1097;
v0xb9d19a10b240_1098 .array/port v0xb9d19a10b240, 1098;
v0xb9d19a10b240_1099 .array/port v0xb9d19a10b240, 1099;
v0xb9d19a10b240_1100 .array/port v0xb9d19a10b240, 1100;
E_0xb9d199e68640/276 .event anyedge, v0xb9d19a10b240_1097, v0xb9d19a10b240_1098, v0xb9d19a10b240_1099, v0xb9d19a10b240_1100;
v0xb9d19a10b240_1101 .array/port v0xb9d19a10b240, 1101;
v0xb9d19a10b240_1102 .array/port v0xb9d19a10b240, 1102;
v0xb9d19a10b240_1103 .array/port v0xb9d19a10b240, 1103;
v0xb9d19a10b240_1104 .array/port v0xb9d19a10b240, 1104;
E_0xb9d199e68640/277 .event anyedge, v0xb9d19a10b240_1101, v0xb9d19a10b240_1102, v0xb9d19a10b240_1103, v0xb9d19a10b240_1104;
v0xb9d19a10b240_1105 .array/port v0xb9d19a10b240, 1105;
v0xb9d19a10b240_1106 .array/port v0xb9d19a10b240, 1106;
v0xb9d19a10b240_1107 .array/port v0xb9d19a10b240, 1107;
v0xb9d19a10b240_1108 .array/port v0xb9d19a10b240, 1108;
E_0xb9d199e68640/278 .event anyedge, v0xb9d19a10b240_1105, v0xb9d19a10b240_1106, v0xb9d19a10b240_1107, v0xb9d19a10b240_1108;
v0xb9d19a10b240_1109 .array/port v0xb9d19a10b240, 1109;
v0xb9d19a10b240_1110 .array/port v0xb9d19a10b240, 1110;
v0xb9d19a10b240_1111 .array/port v0xb9d19a10b240, 1111;
v0xb9d19a10b240_1112 .array/port v0xb9d19a10b240, 1112;
E_0xb9d199e68640/279 .event anyedge, v0xb9d19a10b240_1109, v0xb9d19a10b240_1110, v0xb9d19a10b240_1111, v0xb9d19a10b240_1112;
v0xb9d19a10b240_1113 .array/port v0xb9d19a10b240, 1113;
v0xb9d19a10b240_1114 .array/port v0xb9d19a10b240, 1114;
v0xb9d19a10b240_1115 .array/port v0xb9d19a10b240, 1115;
v0xb9d19a10b240_1116 .array/port v0xb9d19a10b240, 1116;
E_0xb9d199e68640/280 .event anyedge, v0xb9d19a10b240_1113, v0xb9d19a10b240_1114, v0xb9d19a10b240_1115, v0xb9d19a10b240_1116;
v0xb9d19a10b240_1117 .array/port v0xb9d19a10b240, 1117;
v0xb9d19a10b240_1118 .array/port v0xb9d19a10b240, 1118;
v0xb9d19a10b240_1119 .array/port v0xb9d19a10b240, 1119;
v0xb9d19a10b240_1120 .array/port v0xb9d19a10b240, 1120;
E_0xb9d199e68640/281 .event anyedge, v0xb9d19a10b240_1117, v0xb9d19a10b240_1118, v0xb9d19a10b240_1119, v0xb9d19a10b240_1120;
v0xb9d19a10b240_1121 .array/port v0xb9d19a10b240, 1121;
v0xb9d19a10b240_1122 .array/port v0xb9d19a10b240, 1122;
v0xb9d19a10b240_1123 .array/port v0xb9d19a10b240, 1123;
v0xb9d19a10b240_1124 .array/port v0xb9d19a10b240, 1124;
E_0xb9d199e68640/282 .event anyedge, v0xb9d19a10b240_1121, v0xb9d19a10b240_1122, v0xb9d19a10b240_1123, v0xb9d19a10b240_1124;
v0xb9d19a10b240_1125 .array/port v0xb9d19a10b240, 1125;
v0xb9d19a10b240_1126 .array/port v0xb9d19a10b240, 1126;
v0xb9d19a10b240_1127 .array/port v0xb9d19a10b240, 1127;
v0xb9d19a10b240_1128 .array/port v0xb9d19a10b240, 1128;
E_0xb9d199e68640/283 .event anyedge, v0xb9d19a10b240_1125, v0xb9d19a10b240_1126, v0xb9d19a10b240_1127, v0xb9d19a10b240_1128;
v0xb9d19a10b240_1129 .array/port v0xb9d19a10b240, 1129;
v0xb9d19a10b240_1130 .array/port v0xb9d19a10b240, 1130;
v0xb9d19a10b240_1131 .array/port v0xb9d19a10b240, 1131;
v0xb9d19a10b240_1132 .array/port v0xb9d19a10b240, 1132;
E_0xb9d199e68640/284 .event anyedge, v0xb9d19a10b240_1129, v0xb9d19a10b240_1130, v0xb9d19a10b240_1131, v0xb9d19a10b240_1132;
v0xb9d19a10b240_1133 .array/port v0xb9d19a10b240, 1133;
v0xb9d19a10b240_1134 .array/port v0xb9d19a10b240, 1134;
v0xb9d19a10b240_1135 .array/port v0xb9d19a10b240, 1135;
v0xb9d19a10b240_1136 .array/port v0xb9d19a10b240, 1136;
E_0xb9d199e68640/285 .event anyedge, v0xb9d19a10b240_1133, v0xb9d19a10b240_1134, v0xb9d19a10b240_1135, v0xb9d19a10b240_1136;
v0xb9d19a10b240_1137 .array/port v0xb9d19a10b240, 1137;
v0xb9d19a10b240_1138 .array/port v0xb9d19a10b240, 1138;
v0xb9d19a10b240_1139 .array/port v0xb9d19a10b240, 1139;
v0xb9d19a10b240_1140 .array/port v0xb9d19a10b240, 1140;
E_0xb9d199e68640/286 .event anyedge, v0xb9d19a10b240_1137, v0xb9d19a10b240_1138, v0xb9d19a10b240_1139, v0xb9d19a10b240_1140;
v0xb9d19a10b240_1141 .array/port v0xb9d19a10b240, 1141;
v0xb9d19a10b240_1142 .array/port v0xb9d19a10b240, 1142;
v0xb9d19a10b240_1143 .array/port v0xb9d19a10b240, 1143;
v0xb9d19a10b240_1144 .array/port v0xb9d19a10b240, 1144;
E_0xb9d199e68640/287 .event anyedge, v0xb9d19a10b240_1141, v0xb9d19a10b240_1142, v0xb9d19a10b240_1143, v0xb9d19a10b240_1144;
v0xb9d19a10b240_1145 .array/port v0xb9d19a10b240, 1145;
v0xb9d19a10b240_1146 .array/port v0xb9d19a10b240, 1146;
v0xb9d19a10b240_1147 .array/port v0xb9d19a10b240, 1147;
v0xb9d19a10b240_1148 .array/port v0xb9d19a10b240, 1148;
E_0xb9d199e68640/288 .event anyedge, v0xb9d19a10b240_1145, v0xb9d19a10b240_1146, v0xb9d19a10b240_1147, v0xb9d19a10b240_1148;
v0xb9d19a10b240_1149 .array/port v0xb9d19a10b240, 1149;
v0xb9d19a10b240_1150 .array/port v0xb9d19a10b240, 1150;
v0xb9d19a10b240_1151 .array/port v0xb9d19a10b240, 1151;
v0xb9d19a10b240_1152 .array/port v0xb9d19a10b240, 1152;
E_0xb9d199e68640/289 .event anyedge, v0xb9d19a10b240_1149, v0xb9d19a10b240_1150, v0xb9d19a10b240_1151, v0xb9d19a10b240_1152;
v0xb9d19a10b240_1153 .array/port v0xb9d19a10b240, 1153;
v0xb9d19a10b240_1154 .array/port v0xb9d19a10b240, 1154;
v0xb9d19a10b240_1155 .array/port v0xb9d19a10b240, 1155;
v0xb9d19a10b240_1156 .array/port v0xb9d19a10b240, 1156;
E_0xb9d199e68640/290 .event anyedge, v0xb9d19a10b240_1153, v0xb9d19a10b240_1154, v0xb9d19a10b240_1155, v0xb9d19a10b240_1156;
v0xb9d19a10b240_1157 .array/port v0xb9d19a10b240, 1157;
v0xb9d19a10b240_1158 .array/port v0xb9d19a10b240, 1158;
v0xb9d19a10b240_1159 .array/port v0xb9d19a10b240, 1159;
v0xb9d19a10b240_1160 .array/port v0xb9d19a10b240, 1160;
E_0xb9d199e68640/291 .event anyedge, v0xb9d19a10b240_1157, v0xb9d19a10b240_1158, v0xb9d19a10b240_1159, v0xb9d19a10b240_1160;
v0xb9d19a10b240_1161 .array/port v0xb9d19a10b240, 1161;
v0xb9d19a10b240_1162 .array/port v0xb9d19a10b240, 1162;
v0xb9d19a10b240_1163 .array/port v0xb9d19a10b240, 1163;
v0xb9d19a10b240_1164 .array/port v0xb9d19a10b240, 1164;
E_0xb9d199e68640/292 .event anyedge, v0xb9d19a10b240_1161, v0xb9d19a10b240_1162, v0xb9d19a10b240_1163, v0xb9d19a10b240_1164;
v0xb9d19a10b240_1165 .array/port v0xb9d19a10b240, 1165;
v0xb9d19a10b240_1166 .array/port v0xb9d19a10b240, 1166;
v0xb9d19a10b240_1167 .array/port v0xb9d19a10b240, 1167;
v0xb9d19a10b240_1168 .array/port v0xb9d19a10b240, 1168;
E_0xb9d199e68640/293 .event anyedge, v0xb9d19a10b240_1165, v0xb9d19a10b240_1166, v0xb9d19a10b240_1167, v0xb9d19a10b240_1168;
v0xb9d19a10b240_1169 .array/port v0xb9d19a10b240, 1169;
v0xb9d19a10b240_1170 .array/port v0xb9d19a10b240, 1170;
v0xb9d19a10b240_1171 .array/port v0xb9d19a10b240, 1171;
v0xb9d19a10b240_1172 .array/port v0xb9d19a10b240, 1172;
E_0xb9d199e68640/294 .event anyedge, v0xb9d19a10b240_1169, v0xb9d19a10b240_1170, v0xb9d19a10b240_1171, v0xb9d19a10b240_1172;
v0xb9d19a10b240_1173 .array/port v0xb9d19a10b240, 1173;
v0xb9d19a10b240_1174 .array/port v0xb9d19a10b240, 1174;
v0xb9d19a10b240_1175 .array/port v0xb9d19a10b240, 1175;
v0xb9d19a10b240_1176 .array/port v0xb9d19a10b240, 1176;
E_0xb9d199e68640/295 .event anyedge, v0xb9d19a10b240_1173, v0xb9d19a10b240_1174, v0xb9d19a10b240_1175, v0xb9d19a10b240_1176;
v0xb9d19a10b240_1177 .array/port v0xb9d19a10b240, 1177;
v0xb9d19a10b240_1178 .array/port v0xb9d19a10b240, 1178;
v0xb9d19a10b240_1179 .array/port v0xb9d19a10b240, 1179;
v0xb9d19a10b240_1180 .array/port v0xb9d19a10b240, 1180;
E_0xb9d199e68640/296 .event anyedge, v0xb9d19a10b240_1177, v0xb9d19a10b240_1178, v0xb9d19a10b240_1179, v0xb9d19a10b240_1180;
v0xb9d19a10b240_1181 .array/port v0xb9d19a10b240, 1181;
v0xb9d19a10b240_1182 .array/port v0xb9d19a10b240, 1182;
v0xb9d19a10b240_1183 .array/port v0xb9d19a10b240, 1183;
v0xb9d19a10b240_1184 .array/port v0xb9d19a10b240, 1184;
E_0xb9d199e68640/297 .event anyedge, v0xb9d19a10b240_1181, v0xb9d19a10b240_1182, v0xb9d19a10b240_1183, v0xb9d19a10b240_1184;
v0xb9d19a10b240_1185 .array/port v0xb9d19a10b240, 1185;
v0xb9d19a10b240_1186 .array/port v0xb9d19a10b240, 1186;
v0xb9d19a10b240_1187 .array/port v0xb9d19a10b240, 1187;
v0xb9d19a10b240_1188 .array/port v0xb9d19a10b240, 1188;
E_0xb9d199e68640/298 .event anyedge, v0xb9d19a10b240_1185, v0xb9d19a10b240_1186, v0xb9d19a10b240_1187, v0xb9d19a10b240_1188;
v0xb9d19a10b240_1189 .array/port v0xb9d19a10b240, 1189;
v0xb9d19a10b240_1190 .array/port v0xb9d19a10b240, 1190;
v0xb9d19a10b240_1191 .array/port v0xb9d19a10b240, 1191;
v0xb9d19a10b240_1192 .array/port v0xb9d19a10b240, 1192;
E_0xb9d199e68640/299 .event anyedge, v0xb9d19a10b240_1189, v0xb9d19a10b240_1190, v0xb9d19a10b240_1191, v0xb9d19a10b240_1192;
v0xb9d19a10b240_1193 .array/port v0xb9d19a10b240, 1193;
v0xb9d19a10b240_1194 .array/port v0xb9d19a10b240, 1194;
v0xb9d19a10b240_1195 .array/port v0xb9d19a10b240, 1195;
v0xb9d19a10b240_1196 .array/port v0xb9d19a10b240, 1196;
E_0xb9d199e68640/300 .event anyedge, v0xb9d19a10b240_1193, v0xb9d19a10b240_1194, v0xb9d19a10b240_1195, v0xb9d19a10b240_1196;
v0xb9d19a10b240_1197 .array/port v0xb9d19a10b240, 1197;
v0xb9d19a10b240_1198 .array/port v0xb9d19a10b240, 1198;
v0xb9d19a10b240_1199 .array/port v0xb9d19a10b240, 1199;
v0xb9d19a10b240_1200 .array/port v0xb9d19a10b240, 1200;
E_0xb9d199e68640/301 .event anyedge, v0xb9d19a10b240_1197, v0xb9d19a10b240_1198, v0xb9d19a10b240_1199, v0xb9d19a10b240_1200;
v0xb9d19a10b240_1201 .array/port v0xb9d19a10b240, 1201;
v0xb9d19a10b240_1202 .array/port v0xb9d19a10b240, 1202;
v0xb9d19a10b240_1203 .array/port v0xb9d19a10b240, 1203;
v0xb9d19a10b240_1204 .array/port v0xb9d19a10b240, 1204;
E_0xb9d199e68640/302 .event anyedge, v0xb9d19a10b240_1201, v0xb9d19a10b240_1202, v0xb9d19a10b240_1203, v0xb9d19a10b240_1204;
v0xb9d19a10b240_1205 .array/port v0xb9d19a10b240, 1205;
v0xb9d19a10b240_1206 .array/port v0xb9d19a10b240, 1206;
v0xb9d19a10b240_1207 .array/port v0xb9d19a10b240, 1207;
v0xb9d19a10b240_1208 .array/port v0xb9d19a10b240, 1208;
E_0xb9d199e68640/303 .event anyedge, v0xb9d19a10b240_1205, v0xb9d19a10b240_1206, v0xb9d19a10b240_1207, v0xb9d19a10b240_1208;
v0xb9d19a10b240_1209 .array/port v0xb9d19a10b240, 1209;
v0xb9d19a10b240_1210 .array/port v0xb9d19a10b240, 1210;
v0xb9d19a10b240_1211 .array/port v0xb9d19a10b240, 1211;
v0xb9d19a10b240_1212 .array/port v0xb9d19a10b240, 1212;
E_0xb9d199e68640/304 .event anyedge, v0xb9d19a10b240_1209, v0xb9d19a10b240_1210, v0xb9d19a10b240_1211, v0xb9d19a10b240_1212;
v0xb9d19a10b240_1213 .array/port v0xb9d19a10b240, 1213;
v0xb9d19a10b240_1214 .array/port v0xb9d19a10b240, 1214;
v0xb9d19a10b240_1215 .array/port v0xb9d19a10b240, 1215;
v0xb9d19a10b240_1216 .array/port v0xb9d19a10b240, 1216;
E_0xb9d199e68640/305 .event anyedge, v0xb9d19a10b240_1213, v0xb9d19a10b240_1214, v0xb9d19a10b240_1215, v0xb9d19a10b240_1216;
v0xb9d19a10b240_1217 .array/port v0xb9d19a10b240, 1217;
v0xb9d19a10b240_1218 .array/port v0xb9d19a10b240, 1218;
v0xb9d19a10b240_1219 .array/port v0xb9d19a10b240, 1219;
v0xb9d19a10b240_1220 .array/port v0xb9d19a10b240, 1220;
E_0xb9d199e68640/306 .event anyedge, v0xb9d19a10b240_1217, v0xb9d19a10b240_1218, v0xb9d19a10b240_1219, v0xb9d19a10b240_1220;
v0xb9d19a10b240_1221 .array/port v0xb9d19a10b240, 1221;
v0xb9d19a10b240_1222 .array/port v0xb9d19a10b240, 1222;
v0xb9d19a10b240_1223 .array/port v0xb9d19a10b240, 1223;
v0xb9d19a10b240_1224 .array/port v0xb9d19a10b240, 1224;
E_0xb9d199e68640/307 .event anyedge, v0xb9d19a10b240_1221, v0xb9d19a10b240_1222, v0xb9d19a10b240_1223, v0xb9d19a10b240_1224;
v0xb9d19a10b240_1225 .array/port v0xb9d19a10b240, 1225;
v0xb9d19a10b240_1226 .array/port v0xb9d19a10b240, 1226;
v0xb9d19a10b240_1227 .array/port v0xb9d19a10b240, 1227;
v0xb9d19a10b240_1228 .array/port v0xb9d19a10b240, 1228;
E_0xb9d199e68640/308 .event anyedge, v0xb9d19a10b240_1225, v0xb9d19a10b240_1226, v0xb9d19a10b240_1227, v0xb9d19a10b240_1228;
v0xb9d19a10b240_1229 .array/port v0xb9d19a10b240, 1229;
v0xb9d19a10b240_1230 .array/port v0xb9d19a10b240, 1230;
v0xb9d19a10b240_1231 .array/port v0xb9d19a10b240, 1231;
v0xb9d19a10b240_1232 .array/port v0xb9d19a10b240, 1232;
E_0xb9d199e68640/309 .event anyedge, v0xb9d19a10b240_1229, v0xb9d19a10b240_1230, v0xb9d19a10b240_1231, v0xb9d19a10b240_1232;
v0xb9d19a10b240_1233 .array/port v0xb9d19a10b240, 1233;
v0xb9d19a10b240_1234 .array/port v0xb9d19a10b240, 1234;
v0xb9d19a10b240_1235 .array/port v0xb9d19a10b240, 1235;
v0xb9d19a10b240_1236 .array/port v0xb9d19a10b240, 1236;
E_0xb9d199e68640/310 .event anyedge, v0xb9d19a10b240_1233, v0xb9d19a10b240_1234, v0xb9d19a10b240_1235, v0xb9d19a10b240_1236;
v0xb9d19a10b240_1237 .array/port v0xb9d19a10b240, 1237;
v0xb9d19a10b240_1238 .array/port v0xb9d19a10b240, 1238;
v0xb9d19a10b240_1239 .array/port v0xb9d19a10b240, 1239;
v0xb9d19a10b240_1240 .array/port v0xb9d19a10b240, 1240;
E_0xb9d199e68640/311 .event anyedge, v0xb9d19a10b240_1237, v0xb9d19a10b240_1238, v0xb9d19a10b240_1239, v0xb9d19a10b240_1240;
v0xb9d19a10b240_1241 .array/port v0xb9d19a10b240, 1241;
v0xb9d19a10b240_1242 .array/port v0xb9d19a10b240, 1242;
v0xb9d19a10b240_1243 .array/port v0xb9d19a10b240, 1243;
v0xb9d19a10b240_1244 .array/port v0xb9d19a10b240, 1244;
E_0xb9d199e68640/312 .event anyedge, v0xb9d19a10b240_1241, v0xb9d19a10b240_1242, v0xb9d19a10b240_1243, v0xb9d19a10b240_1244;
v0xb9d19a10b240_1245 .array/port v0xb9d19a10b240, 1245;
v0xb9d19a10b240_1246 .array/port v0xb9d19a10b240, 1246;
v0xb9d19a10b240_1247 .array/port v0xb9d19a10b240, 1247;
v0xb9d19a10b240_1248 .array/port v0xb9d19a10b240, 1248;
E_0xb9d199e68640/313 .event anyedge, v0xb9d19a10b240_1245, v0xb9d19a10b240_1246, v0xb9d19a10b240_1247, v0xb9d19a10b240_1248;
v0xb9d19a10b240_1249 .array/port v0xb9d19a10b240, 1249;
v0xb9d19a10b240_1250 .array/port v0xb9d19a10b240, 1250;
v0xb9d19a10b240_1251 .array/port v0xb9d19a10b240, 1251;
v0xb9d19a10b240_1252 .array/port v0xb9d19a10b240, 1252;
E_0xb9d199e68640/314 .event anyedge, v0xb9d19a10b240_1249, v0xb9d19a10b240_1250, v0xb9d19a10b240_1251, v0xb9d19a10b240_1252;
v0xb9d19a10b240_1253 .array/port v0xb9d19a10b240, 1253;
v0xb9d19a10b240_1254 .array/port v0xb9d19a10b240, 1254;
v0xb9d19a10b240_1255 .array/port v0xb9d19a10b240, 1255;
v0xb9d19a10b240_1256 .array/port v0xb9d19a10b240, 1256;
E_0xb9d199e68640/315 .event anyedge, v0xb9d19a10b240_1253, v0xb9d19a10b240_1254, v0xb9d19a10b240_1255, v0xb9d19a10b240_1256;
v0xb9d19a10b240_1257 .array/port v0xb9d19a10b240, 1257;
v0xb9d19a10b240_1258 .array/port v0xb9d19a10b240, 1258;
v0xb9d19a10b240_1259 .array/port v0xb9d19a10b240, 1259;
v0xb9d19a10b240_1260 .array/port v0xb9d19a10b240, 1260;
E_0xb9d199e68640/316 .event anyedge, v0xb9d19a10b240_1257, v0xb9d19a10b240_1258, v0xb9d19a10b240_1259, v0xb9d19a10b240_1260;
v0xb9d19a10b240_1261 .array/port v0xb9d19a10b240, 1261;
v0xb9d19a10b240_1262 .array/port v0xb9d19a10b240, 1262;
v0xb9d19a10b240_1263 .array/port v0xb9d19a10b240, 1263;
v0xb9d19a10b240_1264 .array/port v0xb9d19a10b240, 1264;
E_0xb9d199e68640/317 .event anyedge, v0xb9d19a10b240_1261, v0xb9d19a10b240_1262, v0xb9d19a10b240_1263, v0xb9d19a10b240_1264;
v0xb9d19a10b240_1265 .array/port v0xb9d19a10b240, 1265;
v0xb9d19a10b240_1266 .array/port v0xb9d19a10b240, 1266;
v0xb9d19a10b240_1267 .array/port v0xb9d19a10b240, 1267;
v0xb9d19a10b240_1268 .array/port v0xb9d19a10b240, 1268;
E_0xb9d199e68640/318 .event anyedge, v0xb9d19a10b240_1265, v0xb9d19a10b240_1266, v0xb9d19a10b240_1267, v0xb9d19a10b240_1268;
v0xb9d19a10b240_1269 .array/port v0xb9d19a10b240, 1269;
v0xb9d19a10b240_1270 .array/port v0xb9d19a10b240, 1270;
v0xb9d19a10b240_1271 .array/port v0xb9d19a10b240, 1271;
v0xb9d19a10b240_1272 .array/port v0xb9d19a10b240, 1272;
E_0xb9d199e68640/319 .event anyedge, v0xb9d19a10b240_1269, v0xb9d19a10b240_1270, v0xb9d19a10b240_1271, v0xb9d19a10b240_1272;
v0xb9d19a10b240_1273 .array/port v0xb9d19a10b240, 1273;
v0xb9d19a10b240_1274 .array/port v0xb9d19a10b240, 1274;
v0xb9d19a10b240_1275 .array/port v0xb9d19a10b240, 1275;
v0xb9d19a10b240_1276 .array/port v0xb9d19a10b240, 1276;
E_0xb9d199e68640/320 .event anyedge, v0xb9d19a10b240_1273, v0xb9d19a10b240_1274, v0xb9d19a10b240_1275, v0xb9d19a10b240_1276;
v0xb9d19a10b240_1277 .array/port v0xb9d19a10b240, 1277;
v0xb9d19a10b240_1278 .array/port v0xb9d19a10b240, 1278;
v0xb9d19a10b240_1279 .array/port v0xb9d19a10b240, 1279;
v0xb9d19a10b240_1280 .array/port v0xb9d19a10b240, 1280;
E_0xb9d199e68640/321 .event anyedge, v0xb9d19a10b240_1277, v0xb9d19a10b240_1278, v0xb9d19a10b240_1279, v0xb9d19a10b240_1280;
v0xb9d19a10b240_1281 .array/port v0xb9d19a10b240, 1281;
v0xb9d19a10b240_1282 .array/port v0xb9d19a10b240, 1282;
v0xb9d19a10b240_1283 .array/port v0xb9d19a10b240, 1283;
v0xb9d19a10b240_1284 .array/port v0xb9d19a10b240, 1284;
E_0xb9d199e68640/322 .event anyedge, v0xb9d19a10b240_1281, v0xb9d19a10b240_1282, v0xb9d19a10b240_1283, v0xb9d19a10b240_1284;
v0xb9d19a10b240_1285 .array/port v0xb9d19a10b240, 1285;
v0xb9d19a10b240_1286 .array/port v0xb9d19a10b240, 1286;
v0xb9d19a10b240_1287 .array/port v0xb9d19a10b240, 1287;
v0xb9d19a10b240_1288 .array/port v0xb9d19a10b240, 1288;
E_0xb9d199e68640/323 .event anyedge, v0xb9d19a10b240_1285, v0xb9d19a10b240_1286, v0xb9d19a10b240_1287, v0xb9d19a10b240_1288;
v0xb9d19a10b240_1289 .array/port v0xb9d19a10b240, 1289;
v0xb9d19a10b240_1290 .array/port v0xb9d19a10b240, 1290;
v0xb9d19a10b240_1291 .array/port v0xb9d19a10b240, 1291;
v0xb9d19a10b240_1292 .array/port v0xb9d19a10b240, 1292;
E_0xb9d199e68640/324 .event anyedge, v0xb9d19a10b240_1289, v0xb9d19a10b240_1290, v0xb9d19a10b240_1291, v0xb9d19a10b240_1292;
v0xb9d19a10b240_1293 .array/port v0xb9d19a10b240, 1293;
v0xb9d19a10b240_1294 .array/port v0xb9d19a10b240, 1294;
v0xb9d19a10b240_1295 .array/port v0xb9d19a10b240, 1295;
v0xb9d19a10b240_1296 .array/port v0xb9d19a10b240, 1296;
E_0xb9d199e68640/325 .event anyedge, v0xb9d19a10b240_1293, v0xb9d19a10b240_1294, v0xb9d19a10b240_1295, v0xb9d19a10b240_1296;
v0xb9d19a10b240_1297 .array/port v0xb9d19a10b240, 1297;
v0xb9d19a10b240_1298 .array/port v0xb9d19a10b240, 1298;
v0xb9d19a10b240_1299 .array/port v0xb9d19a10b240, 1299;
v0xb9d19a10b240_1300 .array/port v0xb9d19a10b240, 1300;
E_0xb9d199e68640/326 .event anyedge, v0xb9d19a10b240_1297, v0xb9d19a10b240_1298, v0xb9d19a10b240_1299, v0xb9d19a10b240_1300;
v0xb9d19a10b240_1301 .array/port v0xb9d19a10b240, 1301;
v0xb9d19a10b240_1302 .array/port v0xb9d19a10b240, 1302;
v0xb9d19a10b240_1303 .array/port v0xb9d19a10b240, 1303;
v0xb9d19a10b240_1304 .array/port v0xb9d19a10b240, 1304;
E_0xb9d199e68640/327 .event anyedge, v0xb9d19a10b240_1301, v0xb9d19a10b240_1302, v0xb9d19a10b240_1303, v0xb9d19a10b240_1304;
v0xb9d19a10b240_1305 .array/port v0xb9d19a10b240, 1305;
v0xb9d19a10b240_1306 .array/port v0xb9d19a10b240, 1306;
v0xb9d19a10b240_1307 .array/port v0xb9d19a10b240, 1307;
v0xb9d19a10b240_1308 .array/port v0xb9d19a10b240, 1308;
E_0xb9d199e68640/328 .event anyedge, v0xb9d19a10b240_1305, v0xb9d19a10b240_1306, v0xb9d19a10b240_1307, v0xb9d19a10b240_1308;
v0xb9d19a10b240_1309 .array/port v0xb9d19a10b240, 1309;
v0xb9d19a10b240_1310 .array/port v0xb9d19a10b240, 1310;
v0xb9d19a10b240_1311 .array/port v0xb9d19a10b240, 1311;
v0xb9d19a10b240_1312 .array/port v0xb9d19a10b240, 1312;
E_0xb9d199e68640/329 .event anyedge, v0xb9d19a10b240_1309, v0xb9d19a10b240_1310, v0xb9d19a10b240_1311, v0xb9d19a10b240_1312;
v0xb9d19a10b240_1313 .array/port v0xb9d19a10b240, 1313;
v0xb9d19a10b240_1314 .array/port v0xb9d19a10b240, 1314;
v0xb9d19a10b240_1315 .array/port v0xb9d19a10b240, 1315;
v0xb9d19a10b240_1316 .array/port v0xb9d19a10b240, 1316;
E_0xb9d199e68640/330 .event anyedge, v0xb9d19a10b240_1313, v0xb9d19a10b240_1314, v0xb9d19a10b240_1315, v0xb9d19a10b240_1316;
v0xb9d19a10b240_1317 .array/port v0xb9d19a10b240, 1317;
v0xb9d19a10b240_1318 .array/port v0xb9d19a10b240, 1318;
v0xb9d19a10b240_1319 .array/port v0xb9d19a10b240, 1319;
v0xb9d19a10b240_1320 .array/port v0xb9d19a10b240, 1320;
E_0xb9d199e68640/331 .event anyedge, v0xb9d19a10b240_1317, v0xb9d19a10b240_1318, v0xb9d19a10b240_1319, v0xb9d19a10b240_1320;
v0xb9d19a10b240_1321 .array/port v0xb9d19a10b240, 1321;
v0xb9d19a10b240_1322 .array/port v0xb9d19a10b240, 1322;
v0xb9d19a10b240_1323 .array/port v0xb9d19a10b240, 1323;
v0xb9d19a10b240_1324 .array/port v0xb9d19a10b240, 1324;
E_0xb9d199e68640/332 .event anyedge, v0xb9d19a10b240_1321, v0xb9d19a10b240_1322, v0xb9d19a10b240_1323, v0xb9d19a10b240_1324;
v0xb9d19a10b240_1325 .array/port v0xb9d19a10b240, 1325;
v0xb9d19a10b240_1326 .array/port v0xb9d19a10b240, 1326;
v0xb9d19a10b240_1327 .array/port v0xb9d19a10b240, 1327;
v0xb9d19a10b240_1328 .array/port v0xb9d19a10b240, 1328;
E_0xb9d199e68640/333 .event anyedge, v0xb9d19a10b240_1325, v0xb9d19a10b240_1326, v0xb9d19a10b240_1327, v0xb9d19a10b240_1328;
v0xb9d19a10b240_1329 .array/port v0xb9d19a10b240, 1329;
v0xb9d19a10b240_1330 .array/port v0xb9d19a10b240, 1330;
v0xb9d19a10b240_1331 .array/port v0xb9d19a10b240, 1331;
v0xb9d19a10b240_1332 .array/port v0xb9d19a10b240, 1332;
E_0xb9d199e68640/334 .event anyedge, v0xb9d19a10b240_1329, v0xb9d19a10b240_1330, v0xb9d19a10b240_1331, v0xb9d19a10b240_1332;
v0xb9d19a10b240_1333 .array/port v0xb9d19a10b240, 1333;
v0xb9d19a10b240_1334 .array/port v0xb9d19a10b240, 1334;
v0xb9d19a10b240_1335 .array/port v0xb9d19a10b240, 1335;
v0xb9d19a10b240_1336 .array/port v0xb9d19a10b240, 1336;
E_0xb9d199e68640/335 .event anyedge, v0xb9d19a10b240_1333, v0xb9d19a10b240_1334, v0xb9d19a10b240_1335, v0xb9d19a10b240_1336;
v0xb9d19a10b240_1337 .array/port v0xb9d19a10b240, 1337;
v0xb9d19a10b240_1338 .array/port v0xb9d19a10b240, 1338;
v0xb9d19a10b240_1339 .array/port v0xb9d19a10b240, 1339;
v0xb9d19a10b240_1340 .array/port v0xb9d19a10b240, 1340;
E_0xb9d199e68640/336 .event anyedge, v0xb9d19a10b240_1337, v0xb9d19a10b240_1338, v0xb9d19a10b240_1339, v0xb9d19a10b240_1340;
v0xb9d19a10b240_1341 .array/port v0xb9d19a10b240, 1341;
v0xb9d19a10b240_1342 .array/port v0xb9d19a10b240, 1342;
v0xb9d19a10b240_1343 .array/port v0xb9d19a10b240, 1343;
v0xb9d19a10b240_1344 .array/port v0xb9d19a10b240, 1344;
E_0xb9d199e68640/337 .event anyedge, v0xb9d19a10b240_1341, v0xb9d19a10b240_1342, v0xb9d19a10b240_1343, v0xb9d19a10b240_1344;
v0xb9d19a10b240_1345 .array/port v0xb9d19a10b240, 1345;
v0xb9d19a10b240_1346 .array/port v0xb9d19a10b240, 1346;
v0xb9d19a10b240_1347 .array/port v0xb9d19a10b240, 1347;
v0xb9d19a10b240_1348 .array/port v0xb9d19a10b240, 1348;
E_0xb9d199e68640/338 .event anyedge, v0xb9d19a10b240_1345, v0xb9d19a10b240_1346, v0xb9d19a10b240_1347, v0xb9d19a10b240_1348;
v0xb9d19a10b240_1349 .array/port v0xb9d19a10b240, 1349;
v0xb9d19a10b240_1350 .array/port v0xb9d19a10b240, 1350;
v0xb9d19a10b240_1351 .array/port v0xb9d19a10b240, 1351;
v0xb9d19a10b240_1352 .array/port v0xb9d19a10b240, 1352;
E_0xb9d199e68640/339 .event anyedge, v0xb9d19a10b240_1349, v0xb9d19a10b240_1350, v0xb9d19a10b240_1351, v0xb9d19a10b240_1352;
v0xb9d19a10b240_1353 .array/port v0xb9d19a10b240, 1353;
v0xb9d19a10b240_1354 .array/port v0xb9d19a10b240, 1354;
v0xb9d19a10b240_1355 .array/port v0xb9d19a10b240, 1355;
v0xb9d19a10b240_1356 .array/port v0xb9d19a10b240, 1356;
E_0xb9d199e68640/340 .event anyedge, v0xb9d19a10b240_1353, v0xb9d19a10b240_1354, v0xb9d19a10b240_1355, v0xb9d19a10b240_1356;
v0xb9d19a10b240_1357 .array/port v0xb9d19a10b240, 1357;
v0xb9d19a10b240_1358 .array/port v0xb9d19a10b240, 1358;
v0xb9d19a10b240_1359 .array/port v0xb9d19a10b240, 1359;
v0xb9d19a10b240_1360 .array/port v0xb9d19a10b240, 1360;
E_0xb9d199e68640/341 .event anyedge, v0xb9d19a10b240_1357, v0xb9d19a10b240_1358, v0xb9d19a10b240_1359, v0xb9d19a10b240_1360;
v0xb9d19a10b240_1361 .array/port v0xb9d19a10b240, 1361;
v0xb9d19a10b240_1362 .array/port v0xb9d19a10b240, 1362;
v0xb9d19a10b240_1363 .array/port v0xb9d19a10b240, 1363;
v0xb9d19a10b240_1364 .array/port v0xb9d19a10b240, 1364;
E_0xb9d199e68640/342 .event anyedge, v0xb9d19a10b240_1361, v0xb9d19a10b240_1362, v0xb9d19a10b240_1363, v0xb9d19a10b240_1364;
v0xb9d19a10b240_1365 .array/port v0xb9d19a10b240, 1365;
v0xb9d19a10b240_1366 .array/port v0xb9d19a10b240, 1366;
v0xb9d19a10b240_1367 .array/port v0xb9d19a10b240, 1367;
v0xb9d19a10b240_1368 .array/port v0xb9d19a10b240, 1368;
E_0xb9d199e68640/343 .event anyedge, v0xb9d19a10b240_1365, v0xb9d19a10b240_1366, v0xb9d19a10b240_1367, v0xb9d19a10b240_1368;
v0xb9d19a10b240_1369 .array/port v0xb9d19a10b240, 1369;
v0xb9d19a10b240_1370 .array/port v0xb9d19a10b240, 1370;
v0xb9d19a10b240_1371 .array/port v0xb9d19a10b240, 1371;
v0xb9d19a10b240_1372 .array/port v0xb9d19a10b240, 1372;
E_0xb9d199e68640/344 .event anyedge, v0xb9d19a10b240_1369, v0xb9d19a10b240_1370, v0xb9d19a10b240_1371, v0xb9d19a10b240_1372;
v0xb9d19a10b240_1373 .array/port v0xb9d19a10b240, 1373;
v0xb9d19a10b240_1374 .array/port v0xb9d19a10b240, 1374;
v0xb9d19a10b240_1375 .array/port v0xb9d19a10b240, 1375;
v0xb9d19a10b240_1376 .array/port v0xb9d19a10b240, 1376;
E_0xb9d199e68640/345 .event anyedge, v0xb9d19a10b240_1373, v0xb9d19a10b240_1374, v0xb9d19a10b240_1375, v0xb9d19a10b240_1376;
v0xb9d19a10b240_1377 .array/port v0xb9d19a10b240, 1377;
v0xb9d19a10b240_1378 .array/port v0xb9d19a10b240, 1378;
v0xb9d19a10b240_1379 .array/port v0xb9d19a10b240, 1379;
v0xb9d19a10b240_1380 .array/port v0xb9d19a10b240, 1380;
E_0xb9d199e68640/346 .event anyedge, v0xb9d19a10b240_1377, v0xb9d19a10b240_1378, v0xb9d19a10b240_1379, v0xb9d19a10b240_1380;
v0xb9d19a10b240_1381 .array/port v0xb9d19a10b240, 1381;
v0xb9d19a10b240_1382 .array/port v0xb9d19a10b240, 1382;
v0xb9d19a10b240_1383 .array/port v0xb9d19a10b240, 1383;
v0xb9d19a10b240_1384 .array/port v0xb9d19a10b240, 1384;
E_0xb9d199e68640/347 .event anyedge, v0xb9d19a10b240_1381, v0xb9d19a10b240_1382, v0xb9d19a10b240_1383, v0xb9d19a10b240_1384;
v0xb9d19a10b240_1385 .array/port v0xb9d19a10b240, 1385;
v0xb9d19a10b240_1386 .array/port v0xb9d19a10b240, 1386;
v0xb9d19a10b240_1387 .array/port v0xb9d19a10b240, 1387;
v0xb9d19a10b240_1388 .array/port v0xb9d19a10b240, 1388;
E_0xb9d199e68640/348 .event anyedge, v0xb9d19a10b240_1385, v0xb9d19a10b240_1386, v0xb9d19a10b240_1387, v0xb9d19a10b240_1388;
v0xb9d19a10b240_1389 .array/port v0xb9d19a10b240, 1389;
v0xb9d19a10b240_1390 .array/port v0xb9d19a10b240, 1390;
v0xb9d19a10b240_1391 .array/port v0xb9d19a10b240, 1391;
v0xb9d19a10b240_1392 .array/port v0xb9d19a10b240, 1392;
E_0xb9d199e68640/349 .event anyedge, v0xb9d19a10b240_1389, v0xb9d19a10b240_1390, v0xb9d19a10b240_1391, v0xb9d19a10b240_1392;
v0xb9d19a10b240_1393 .array/port v0xb9d19a10b240, 1393;
v0xb9d19a10b240_1394 .array/port v0xb9d19a10b240, 1394;
v0xb9d19a10b240_1395 .array/port v0xb9d19a10b240, 1395;
v0xb9d19a10b240_1396 .array/port v0xb9d19a10b240, 1396;
E_0xb9d199e68640/350 .event anyedge, v0xb9d19a10b240_1393, v0xb9d19a10b240_1394, v0xb9d19a10b240_1395, v0xb9d19a10b240_1396;
v0xb9d19a10b240_1397 .array/port v0xb9d19a10b240, 1397;
v0xb9d19a10b240_1398 .array/port v0xb9d19a10b240, 1398;
v0xb9d19a10b240_1399 .array/port v0xb9d19a10b240, 1399;
v0xb9d19a10b240_1400 .array/port v0xb9d19a10b240, 1400;
E_0xb9d199e68640/351 .event anyedge, v0xb9d19a10b240_1397, v0xb9d19a10b240_1398, v0xb9d19a10b240_1399, v0xb9d19a10b240_1400;
v0xb9d19a10b240_1401 .array/port v0xb9d19a10b240, 1401;
v0xb9d19a10b240_1402 .array/port v0xb9d19a10b240, 1402;
v0xb9d19a10b240_1403 .array/port v0xb9d19a10b240, 1403;
v0xb9d19a10b240_1404 .array/port v0xb9d19a10b240, 1404;
E_0xb9d199e68640/352 .event anyedge, v0xb9d19a10b240_1401, v0xb9d19a10b240_1402, v0xb9d19a10b240_1403, v0xb9d19a10b240_1404;
v0xb9d19a10b240_1405 .array/port v0xb9d19a10b240, 1405;
v0xb9d19a10b240_1406 .array/port v0xb9d19a10b240, 1406;
v0xb9d19a10b240_1407 .array/port v0xb9d19a10b240, 1407;
v0xb9d19a10b240_1408 .array/port v0xb9d19a10b240, 1408;
E_0xb9d199e68640/353 .event anyedge, v0xb9d19a10b240_1405, v0xb9d19a10b240_1406, v0xb9d19a10b240_1407, v0xb9d19a10b240_1408;
v0xb9d19a10b240_1409 .array/port v0xb9d19a10b240, 1409;
v0xb9d19a10b240_1410 .array/port v0xb9d19a10b240, 1410;
v0xb9d19a10b240_1411 .array/port v0xb9d19a10b240, 1411;
v0xb9d19a10b240_1412 .array/port v0xb9d19a10b240, 1412;
E_0xb9d199e68640/354 .event anyedge, v0xb9d19a10b240_1409, v0xb9d19a10b240_1410, v0xb9d19a10b240_1411, v0xb9d19a10b240_1412;
v0xb9d19a10b240_1413 .array/port v0xb9d19a10b240, 1413;
v0xb9d19a10b240_1414 .array/port v0xb9d19a10b240, 1414;
v0xb9d19a10b240_1415 .array/port v0xb9d19a10b240, 1415;
v0xb9d19a10b240_1416 .array/port v0xb9d19a10b240, 1416;
E_0xb9d199e68640/355 .event anyedge, v0xb9d19a10b240_1413, v0xb9d19a10b240_1414, v0xb9d19a10b240_1415, v0xb9d19a10b240_1416;
v0xb9d19a10b240_1417 .array/port v0xb9d19a10b240, 1417;
v0xb9d19a10b240_1418 .array/port v0xb9d19a10b240, 1418;
v0xb9d19a10b240_1419 .array/port v0xb9d19a10b240, 1419;
v0xb9d19a10b240_1420 .array/port v0xb9d19a10b240, 1420;
E_0xb9d199e68640/356 .event anyedge, v0xb9d19a10b240_1417, v0xb9d19a10b240_1418, v0xb9d19a10b240_1419, v0xb9d19a10b240_1420;
v0xb9d19a10b240_1421 .array/port v0xb9d19a10b240, 1421;
v0xb9d19a10b240_1422 .array/port v0xb9d19a10b240, 1422;
v0xb9d19a10b240_1423 .array/port v0xb9d19a10b240, 1423;
v0xb9d19a10b240_1424 .array/port v0xb9d19a10b240, 1424;
E_0xb9d199e68640/357 .event anyedge, v0xb9d19a10b240_1421, v0xb9d19a10b240_1422, v0xb9d19a10b240_1423, v0xb9d19a10b240_1424;
v0xb9d19a10b240_1425 .array/port v0xb9d19a10b240, 1425;
v0xb9d19a10b240_1426 .array/port v0xb9d19a10b240, 1426;
v0xb9d19a10b240_1427 .array/port v0xb9d19a10b240, 1427;
v0xb9d19a10b240_1428 .array/port v0xb9d19a10b240, 1428;
E_0xb9d199e68640/358 .event anyedge, v0xb9d19a10b240_1425, v0xb9d19a10b240_1426, v0xb9d19a10b240_1427, v0xb9d19a10b240_1428;
v0xb9d19a10b240_1429 .array/port v0xb9d19a10b240, 1429;
v0xb9d19a10b240_1430 .array/port v0xb9d19a10b240, 1430;
v0xb9d19a10b240_1431 .array/port v0xb9d19a10b240, 1431;
v0xb9d19a10b240_1432 .array/port v0xb9d19a10b240, 1432;
E_0xb9d199e68640/359 .event anyedge, v0xb9d19a10b240_1429, v0xb9d19a10b240_1430, v0xb9d19a10b240_1431, v0xb9d19a10b240_1432;
v0xb9d19a10b240_1433 .array/port v0xb9d19a10b240, 1433;
v0xb9d19a10b240_1434 .array/port v0xb9d19a10b240, 1434;
v0xb9d19a10b240_1435 .array/port v0xb9d19a10b240, 1435;
v0xb9d19a10b240_1436 .array/port v0xb9d19a10b240, 1436;
E_0xb9d199e68640/360 .event anyedge, v0xb9d19a10b240_1433, v0xb9d19a10b240_1434, v0xb9d19a10b240_1435, v0xb9d19a10b240_1436;
v0xb9d19a10b240_1437 .array/port v0xb9d19a10b240, 1437;
v0xb9d19a10b240_1438 .array/port v0xb9d19a10b240, 1438;
v0xb9d19a10b240_1439 .array/port v0xb9d19a10b240, 1439;
v0xb9d19a10b240_1440 .array/port v0xb9d19a10b240, 1440;
E_0xb9d199e68640/361 .event anyedge, v0xb9d19a10b240_1437, v0xb9d19a10b240_1438, v0xb9d19a10b240_1439, v0xb9d19a10b240_1440;
v0xb9d19a10b240_1441 .array/port v0xb9d19a10b240, 1441;
v0xb9d19a10b240_1442 .array/port v0xb9d19a10b240, 1442;
v0xb9d19a10b240_1443 .array/port v0xb9d19a10b240, 1443;
v0xb9d19a10b240_1444 .array/port v0xb9d19a10b240, 1444;
E_0xb9d199e68640/362 .event anyedge, v0xb9d19a10b240_1441, v0xb9d19a10b240_1442, v0xb9d19a10b240_1443, v0xb9d19a10b240_1444;
v0xb9d19a10b240_1445 .array/port v0xb9d19a10b240, 1445;
v0xb9d19a10b240_1446 .array/port v0xb9d19a10b240, 1446;
v0xb9d19a10b240_1447 .array/port v0xb9d19a10b240, 1447;
v0xb9d19a10b240_1448 .array/port v0xb9d19a10b240, 1448;
E_0xb9d199e68640/363 .event anyedge, v0xb9d19a10b240_1445, v0xb9d19a10b240_1446, v0xb9d19a10b240_1447, v0xb9d19a10b240_1448;
v0xb9d19a10b240_1449 .array/port v0xb9d19a10b240, 1449;
v0xb9d19a10b240_1450 .array/port v0xb9d19a10b240, 1450;
v0xb9d19a10b240_1451 .array/port v0xb9d19a10b240, 1451;
v0xb9d19a10b240_1452 .array/port v0xb9d19a10b240, 1452;
E_0xb9d199e68640/364 .event anyedge, v0xb9d19a10b240_1449, v0xb9d19a10b240_1450, v0xb9d19a10b240_1451, v0xb9d19a10b240_1452;
v0xb9d19a10b240_1453 .array/port v0xb9d19a10b240, 1453;
v0xb9d19a10b240_1454 .array/port v0xb9d19a10b240, 1454;
v0xb9d19a10b240_1455 .array/port v0xb9d19a10b240, 1455;
v0xb9d19a10b240_1456 .array/port v0xb9d19a10b240, 1456;
E_0xb9d199e68640/365 .event anyedge, v0xb9d19a10b240_1453, v0xb9d19a10b240_1454, v0xb9d19a10b240_1455, v0xb9d19a10b240_1456;
v0xb9d19a10b240_1457 .array/port v0xb9d19a10b240, 1457;
v0xb9d19a10b240_1458 .array/port v0xb9d19a10b240, 1458;
v0xb9d19a10b240_1459 .array/port v0xb9d19a10b240, 1459;
v0xb9d19a10b240_1460 .array/port v0xb9d19a10b240, 1460;
E_0xb9d199e68640/366 .event anyedge, v0xb9d19a10b240_1457, v0xb9d19a10b240_1458, v0xb9d19a10b240_1459, v0xb9d19a10b240_1460;
v0xb9d19a10b240_1461 .array/port v0xb9d19a10b240, 1461;
v0xb9d19a10b240_1462 .array/port v0xb9d19a10b240, 1462;
v0xb9d19a10b240_1463 .array/port v0xb9d19a10b240, 1463;
v0xb9d19a10b240_1464 .array/port v0xb9d19a10b240, 1464;
E_0xb9d199e68640/367 .event anyedge, v0xb9d19a10b240_1461, v0xb9d19a10b240_1462, v0xb9d19a10b240_1463, v0xb9d19a10b240_1464;
v0xb9d19a10b240_1465 .array/port v0xb9d19a10b240, 1465;
v0xb9d19a10b240_1466 .array/port v0xb9d19a10b240, 1466;
v0xb9d19a10b240_1467 .array/port v0xb9d19a10b240, 1467;
v0xb9d19a10b240_1468 .array/port v0xb9d19a10b240, 1468;
E_0xb9d199e68640/368 .event anyedge, v0xb9d19a10b240_1465, v0xb9d19a10b240_1466, v0xb9d19a10b240_1467, v0xb9d19a10b240_1468;
v0xb9d19a10b240_1469 .array/port v0xb9d19a10b240, 1469;
v0xb9d19a10b240_1470 .array/port v0xb9d19a10b240, 1470;
v0xb9d19a10b240_1471 .array/port v0xb9d19a10b240, 1471;
v0xb9d19a10b240_1472 .array/port v0xb9d19a10b240, 1472;
E_0xb9d199e68640/369 .event anyedge, v0xb9d19a10b240_1469, v0xb9d19a10b240_1470, v0xb9d19a10b240_1471, v0xb9d19a10b240_1472;
v0xb9d19a10b240_1473 .array/port v0xb9d19a10b240, 1473;
v0xb9d19a10b240_1474 .array/port v0xb9d19a10b240, 1474;
v0xb9d19a10b240_1475 .array/port v0xb9d19a10b240, 1475;
v0xb9d19a10b240_1476 .array/port v0xb9d19a10b240, 1476;
E_0xb9d199e68640/370 .event anyedge, v0xb9d19a10b240_1473, v0xb9d19a10b240_1474, v0xb9d19a10b240_1475, v0xb9d19a10b240_1476;
v0xb9d19a10b240_1477 .array/port v0xb9d19a10b240, 1477;
v0xb9d19a10b240_1478 .array/port v0xb9d19a10b240, 1478;
v0xb9d19a10b240_1479 .array/port v0xb9d19a10b240, 1479;
v0xb9d19a10b240_1480 .array/port v0xb9d19a10b240, 1480;
E_0xb9d199e68640/371 .event anyedge, v0xb9d19a10b240_1477, v0xb9d19a10b240_1478, v0xb9d19a10b240_1479, v0xb9d19a10b240_1480;
v0xb9d19a10b240_1481 .array/port v0xb9d19a10b240, 1481;
v0xb9d19a10b240_1482 .array/port v0xb9d19a10b240, 1482;
v0xb9d19a10b240_1483 .array/port v0xb9d19a10b240, 1483;
v0xb9d19a10b240_1484 .array/port v0xb9d19a10b240, 1484;
E_0xb9d199e68640/372 .event anyedge, v0xb9d19a10b240_1481, v0xb9d19a10b240_1482, v0xb9d19a10b240_1483, v0xb9d19a10b240_1484;
v0xb9d19a10b240_1485 .array/port v0xb9d19a10b240, 1485;
v0xb9d19a10b240_1486 .array/port v0xb9d19a10b240, 1486;
v0xb9d19a10b240_1487 .array/port v0xb9d19a10b240, 1487;
v0xb9d19a10b240_1488 .array/port v0xb9d19a10b240, 1488;
E_0xb9d199e68640/373 .event anyedge, v0xb9d19a10b240_1485, v0xb9d19a10b240_1486, v0xb9d19a10b240_1487, v0xb9d19a10b240_1488;
v0xb9d19a10b240_1489 .array/port v0xb9d19a10b240, 1489;
v0xb9d19a10b240_1490 .array/port v0xb9d19a10b240, 1490;
v0xb9d19a10b240_1491 .array/port v0xb9d19a10b240, 1491;
v0xb9d19a10b240_1492 .array/port v0xb9d19a10b240, 1492;
E_0xb9d199e68640/374 .event anyedge, v0xb9d19a10b240_1489, v0xb9d19a10b240_1490, v0xb9d19a10b240_1491, v0xb9d19a10b240_1492;
v0xb9d19a10b240_1493 .array/port v0xb9d19a10b240, 1493;
v0xb9d19a10b240_1494 .array/port v0xb9d19a10b240, 1494;
v0xb9d19a10b240_1495 .array/port v0xb9d19a10b240, 1495;
v0xb9d19a10b240_1496 .array/port v0xb9d19a10b240, 1496;
E_0xb9d199e68640/375 .event anyedge, v0xb9d19a10b240_1493, v0xb9d19a10b240_1494, v0xb9d19a10b240_1495, v0xb9d19a10b240_1496;
v0xb9d19a10b240_1497 .array/port v0xb9d19a10b240, 1497;
v0xb9d19a10b240_1498 .array/port v0xb9d19a10b240, 1498;
v0xb9d19a10b240_1499 .array/port v0xb9d19a10b240, 1499;
v0xb9d19a10b240_1500 .array/port v0xb9d19a10b240, 1500;
E_0xb9d199e68640/376 .event anyedge, v0xb9d19a10b240_1497, v0xb9d19a10b240_1498, v0xb9d19a10b240_1499, v0xb9d19a10b240_1500;
v0xb9d19a10b240_1501 .array/port v0xb9d19a10b240, 1501;
v0xb9d19a10b240_1502 .array/port v0xb9d19a10b240, 1502;
v0xb9d19a10b240_1503 .array/port v0xb9d19a10b240, 1503;
v0xb9d19a10b240_1504 .array/port v0xb9d19a10b240, 1504;
E_0xb9d199e68640/377 .event anyedge, v0xb9d19a10b240_1501, v0xb9d19a10b240_1502, v0xb9d19a10b240_1503, v0xb9d19a10b240_1504;
v0xb9d19a10b240_1505 .array/port v0xb9d19a10b240, 1505;
v0xb9d19a10b240_1506 .array/port v0xb9d19a10b240, 1506;
v0xb9d19a10b240_1507 .array/port v0xb9d19a10b240, 1507;
v0xb9d19a10b240_1508 .array/port v0xb9d19a10b240, 1508;
E_0xb9d199e68640/378 .event anyedge, v0xb9d19a10b240_1505, v0xb9d19a10b240_1506, v0xb9d19a10b240_1507, v0xb9d19a10b240_1508;
v0xb9d19a10b240_1509 .array/port v0xb9d19a10b240, 1509;
v0xb9d19a10b240_1510 .array/port v0xb9d19a10b240, 1510;
v0xb9d19a10b240_1511 .array/port v0xb9d19a10b240, 1511;
v0xb9d19a10b240_1512 .array/port v0xb9d19a10b240, 1512;
E_0xb9d199e68640/379 .event anyedge, v0xb9d19a10b240_1509, v0xb9d19a10b240_1510, v0xb9d19a10b240_1511, v0xb9d19a10b240_1512;
v0xb9d19a10b240_1513 .array/port v0xb9d19a10b240, 1513;
v0xb9d19a10b240_1514 .array/port v0xb9d19a10b240, 1514;
v0xb9d19a10b240_1515 .array/port v0xb9d19a10b240, 1515;
v0xb9d19a10b240_1516 .array/port v0xb9d19a10b240, 1516;
E_0xb9d199e68640/380 .event anyedge, v0xb9d19a10b240_1513, v0xb9d19a10b240_1514, v0xb9d19a10b240_1515, v0xb9d19a10b240_1516;
v0xb9d19a10b240_1517 .array/port v0xb9d19a10b240, 1517;
v0xb9d19a10b240_1518 .array/port v0xb9d19a10b240, 1518;
v0xb9d19a10b240_1519 .array/port v0xb9d19a10b240, 1519;
v0xb9d19a10b240_1520 .array/port v0xb9d19a10b240, 1520;
E_0xb9d199e68640/381 .event anyedge, v0xb9d19a10b240_1517, v0xb9d19a10b240_1518, v0xb9d19a10b240_1519, v0xb9d19a10b240_1520;
v0xb9d19a10b240_1521 .array/port v0xb9d19a10b240, 1521;
v0xb9d19a10b240_1522 .array/port v0xb9d19a10b240, 1522;
v0xb9d19a10b240_1523 .array/port v0xb9d19a10b240, 1523;
v0xb9d19a10b240_1524 .array/port v0xb9d19a10b240, 1524;
E_0xb9d199e68640/382 .event anyedge, v0xb9d19a10b240_1521, v0xb9d19a10b240_1522, v0xb9d19a10b240_1523, v0xb9d19a10b240_1524;
v0xb9d19a10b240_1525 .array/port v0xb9d19a10b240, 1525;
v0xb9d19a10b240_1526 .array/port v0xb9d19a10b240, 1526;
v0xb9d19a10b240_1527 .array/port v0xb9d19a10b240, 1527;
v0xb9d19a10b240_1528 .array/port v0xb9d19a10b240, 1528;
E_0xb9d199e68640/383 .event anyedge, v0xb9d19a10b240_1525, v0xb9d19a10b240_1526, v0xb9d19a10b240_1527, v0xb9d19a10b240_1528;
v0xb9d19a10b240_1529 .array/port v0xb9d19a10b240, 1529;
v0xb9d19a10b240_1530 .array/port v0xb9d19a10b240, 1530;
v0xb9d19a10b240_1531 .array/port v0xb9d19a10b240, 1531;
v0xb9d19a10b240_1532 .array/port v0xb9d19a10b240, 1532;
E_0xb9d199e68640/384 .event anyedge, v0xb9d19a10b240_1529, v0xb9d19a10b240_1530, v0xb9d19a10b240_1531, v0xb9d19a10b240_1532;
v0xb9d19a10b240_1533 .array/port v0xb9d19a10b240, 1533;
v0xb9d19a10b240_1534 .array/port v0xb9d19a10b240, 1534;
v0xb9d19a10b240_1535 .array/port v0xb9d19a10b240, 1535;
v0xb9d19a10b240_1536 .array/port v0xb9d19a10b240, 1536;
E_0xb9d199e68640/385 .event anyedge, v0xb9d19a10b240_1533, v0xb9d19a10b240_1534, v0xb9d19a10b240_1535, v0xb9d19a10b240_1536;
v0xb9d19a10b240_1537 .array/port v0xb9d19a10b240, 1537;
v0xb9d19a10b240_1538 .array/port v0xb9d19a10b240, 1538;
v0xb9d19a10b240_1539 .array/port v0xb9d19a10b240, 1539;
v0xb9d19a10b240_1540 .array/port v0xb9d19a10b240, 1540;
E_0xb9d199e68640/386 .event anyedge, v0xb9d19a10b240_1537, v0xb9d19a10b240_1538, v0xb9d19a10b240_1539, v0xb9d19a10b240_1540;
v0xb9d19a10b240_1541 .array/port v0xb9d19a10b240, 1541;
v0xb9d19a10b240_1542 .array/port v0xb9d19a10b240, 1542;
v0xb9d19a10b240_1543 .array/port v0xb9d19a10b240, 1543;
v0xb9d19a10b240_1544 .array/port v0xb9d19a10b240, 1544;
E_0xb9d199e68640/387 .event anyedge, v0xb9d19a10b240_1541, v0xb9d19a10b240_1542, v0xb9d19a10b240_1543, v0xb9d19a10b240_1544;
v0xb9d19a10b240_1545 .array/port v0xb9d19a10b240, 1545;
v0xb9d19a10b240_1546 .array/port v0xb9d19a10b240, 1546;
v0xb9d19a10b240_1547 .array/port v0xb9d19a10b240, 1547;
v0xb9d19a10b240_1548 .array/port v0xb9d19a10b240, 1548;
E_0xb9d199e68640/388 .event anyedge, v0xb9d19a10b240_1545, v0xb9d19a10b240_1546, v0xb9d19a10b240_1547, v0xb9d19a10b240_1548;
v0xb9d19a10b240_1549 .array/port v0xb9d19a10b240, 1549;
v0xb9d19a10b240_1550 .array/port v0xb9d19a10b240, 1550;
v0xb9d19a10b240_1551 .array/port v0xb9d19a10b240, 1551;
v0xb9d19a10b240_1552 .array/port v0xb9d19a10b240, 1552;
E_0xb9d199e68640/389 .event anyedge, v0xb9d19a10b240_1549, v0xb9d19a10b240_1550, v0xb9d19a10b240_1551, v0xb9d19a10b240_1552;
v0xb9d19a10b240_1553 .array/port v0xb9d19a10b240, 1553;
v0xb9d19a10b240_1554 .array/port v0xb9d19a10b240, 1554;
v0xb9d19a10b240_1555 .array/port v0xb9d19a10b240, 1555;
v0xb9d19a10b240_1556 .array/port v0xb9d19a10b240, 1556;
E_0xb9d199e68640/390 .event anyedge, v0xb9d19a10b240_1553, v0xb9d19a10b240_1554, v0xb9d19a10b240_1555, v0xb9d19a10b240_1556;
v0xb9d19a10b240_1557 .array/port v0xb9d19a10b240, 1557;
v0xb9d19a10b240_1558 .array/port v0xb9d19a10b240, 1558;
v0xb9d19a10b240_1559 .array/port v0xb9d19a10b240, 1559;
v0xb9d19a10b240_1560 .array/port v0xb9d19a10b240, 1560;
E_0xb9d199e68640/391 .event anyedge, v0xb9d19a10b240_1557, v0xb9d19a10b240_1558, v0xb9d19a10b240_1559, v0xb9d19a10b240_1560;
v0xb9d19a10b240_1561 .array/port v0xb9d19a10b240, 1561;
v0xb9d19a10b240_1562 .array/port v0xb9d19a10b240, 1562;
v0xb9d19a10b240_1563 .array/port v0xb9d19a10b240, 1563;
v0xb9d19a10b240_1564 .array/port v0xb9d19a10b240, 1564;
E_0xb9d199e68640/392 .event anyedge, v0xb9d19a10b240_1561, v0xb9d19a10b240_1562, v0xb9d19a10b240_1563, v0xb9d19a10b240_1564;
v0xb9d19a10b240_1565 .array/port v0xb9d19a10b240, 1565;
v0xb9d19a10b240_1566 .array/port v0xb9d19a10b240, 1566;
v0xb9d19a10b240_1567 .array/port v0xb9d19a10b240, 1567;
v0xb9d19a10b240_1568 .array/port v0xb9d19a10b240, 1568;
E_0xb9d199e68640/393 .event anyedge, v0xb9d19a10b240_1565, v0xb9d19a10b240_1566, v0xb9d19a10b240_1567, v0xb9d19a10b240_1568;
v0xb9d19a10b240_1569 .array/port v0xb9d19a10b240, 1569;
v0xb9d19a10b240_1570 .array/port v0xb9d19a10b240, 1570;
v0xb9d19a10b240_1571 .array/port v0xb9d19a10b240, 1571;
v0xb9d19a10b240_1572 .array/port v0xb9d19a10b240, 1572;
E_0xb9d199e68640/394 .event anyedge, v0xb9d19a10b240_1569, v0xb9d19a10b240_1570, v0xb9d19a10b240_1571, v0xb9d19a10b240_1572;
v0xb9d19a10b240_1573 .array/port v0xb9d19a10b240, 1573;
v0xb9d19a10b240_1574 .array/port v0xb9d19a10b240, 1574;
v0xb9d19a10b240_1575 .array/port v0xb9d19a10b240, 1575;
v0xb9d19a10b240_1576 .array/port v0xb9d19a10b240, 1576;
E_0xb9d199e68640/395 .event anyedge, v0xb9d19a10b240_1573, v0xb9d19a10b240_1574, v0xb9d19a10b240_1575, v0xb9d19a10b240_1576;
v0xb9d19a10b240_1577 .array/port v0xb9d19a10b240, 1577;
v0xb9d19a10b240_1578 .array/port v0xb9d19a10b240, 1578;
v0xb9d19a10b240_1579 .array/port v0xb9d19a10b240, 1579;
v0xb9d19a10b240_1580 .array/port v0xb9d19a10b240, 1580;
E_0xb9d199e68640/396 .event anyedge, v0xb9d19a10b240_1577, v0xb9d19a10b240_1578, v0xb9d19a10b240_1579, v0xb9d19a10b240_1580;
v0xb9d19a10b240_1581 .array/port v0xb9d19a10b240, 1581;
v0xb9d19a10b240_1582 .array/port v0xb9d19a10b240, 1582;
v0xb9d19a10b240_1583 .array/port v0xb9d19a10b240, 1583;
v0xb9d19a10b240_1584 .array/port v0xb9d19a10b240, 1584;
E_0xb9d199e68640/397 .event anyedge, v0xb9d19a10b240_1581, v0xb9d19a10b240_1582, v0xb9d19a10b240_1583, v0xb9d19a10b240_1584;
v0xb9d19a10b240_1585 .array/port v0xb9d19a10b240, 1585;
v0xb9d19a10b240_1586 .array/port v0xb9d19a10b240, 1586;
v0xb9d19a10b240_1587 .array/port v0xb9d19a10b240, 1587;
v0xb9d19a10b240_1588 .array/port v0xb9d19a10b240, 1588;
E_0xb9d199e68640/398 .event anyedge, v0xb9d19a10b240_1585, v0xb9d19a10b240_1586, v0xb9d19a10b240_1587, v0xb9d19a10b240_1588;
v0xb9d19a10b240_1589 .array/port v0xb9d19a10b240, 1589;
v0xb9d19a10b240_1590 .array/port v0xb9d19a10b240, 1590;
v0xb9d19a10b240_1591 .array/port v0xb9d19a10b240, 1591;
v0xb9d19a10b240_1592 .array/port v0xb9d19a10b240, 1592;
E_0xb9d199e68640/399 .event anyedge, v0xb9d19a10b240_1589, v0xb9d19a10b240_1590, v0xb9d19a10b240_1591, v0xb9d19a10b240_1592;
v0xb9d19a10b240_1593 .array/port v0xb9d19a10b240, 1593;
v0xb9d19a10b240_1594 .array/port v0xb9d19a10b240, 1594;
v0xb9d19a10b240_1595 .array/port v0xb9d19a10b240, 1595;
v0xb9d19a10b240_1596 .array/port v0xb9d19a10b240, 1596;
E_0xb9d199e68640/400 .event anyedge, v0xb9d19a10b240_1593, v0xb9d19a10b240_1594, v0xb9d19a10b240_1595, v0xb9d19a10b240_1596;
v0xb9d19a10b240_1597 .array/port v0xb9d19a10b240, 1597;
v0xb9d19a10b240_1598 .array/port v0xb9d19a10b240, 1598;
v0xb9d19a10b240_1599 .array/port v0xb9d19a10b240, 1599;
v0xb9d19a10b240_1600 .array/port v0xb9d19a10b240, 1600;
E_0xb9d199e68640/401 .event anyedge, v0xb9d19a10b240_1597, v0xb9d19a10b240_1598, v0xb9d19a10b240_1599, v0xb9d19a10b240_1600;
v0xb9d19a10b240_1601 .array/port v0xb9d19a10b240, 1601;
v0xb9d19a10b240_1602 .array/port v0xb9d19a10b240, 1602;
v0xb9d19a10b240_1603 .array/port v0xb9d19a10b240, 1603;
v0xb9d19a10b240_1604 .array/port v0xb9d19a10b240, 1604;
E_0xb9d199e68640/402 .event anyedge, v0xb9d19a10b240_1601, v0xb9d19a10b240_1602, v0xb9d19a10b240_1603, v0xb9d19a10b240_1604;
v0xb9d19a10b240_1605 .array/port v0xb9d19a10b240, 1605;
v0xb9d19a10b240_1606 .array/port v0xb9d19a10b240, 1606;
v0xb9d19a10b240_1607 .array/port v0xb9d19a10b240, 1607;
v0xb9d19a10b240_1608 .array/port v0xb9d19a10b240, 1608;
E_0xb9d199e68640/403 .event anyedge, v0xb9d19a10b240_1605, v0xb9d19a10b240_1606, v0xb9d19a10b240_1607, v0xb9d19a10b240_1608;
v0xb9d19a10b240_1609 .array/port v0xb9d19a10b240, 1609;
v0xb9d19a10b240_1610 .array/port v0xb9d19a10b240, 1610;
v0xb9d19a10b240_1611 .array/port v0xb9d19a10b240, 1611;
v0xb9d19a10b240_1612 .array/port v0xb9d19a10b240, 1612;
E_0xb9d199e68640/404 .event anyedge, v0xb9d19a10b240_1609, v0xb9d19a10b240_1610, v0xb9d19a10b240_1611, v0xb9d19a10b240_1612;
v0xb9d19a10b240_1613 .array/port v0xb9d19a10b240, 1613;
v0xb9d19a10b240_1614 .array/port v0xb9d19a10b240, 1614;
v0xb9d19a10b240_1615 .array/port v0xb9d19a10b240, 1615;
v0xb9d19a10b240_1616 .array/port v0xb9d19a10b240, 1616;
E_0xb9d199e68640/405 .event anyedge, v0xb9d19a10b240_1613, v0xb9d19a10b240_1614, v0xb9d19a10b240_1615, v0xb9d19a10b240_1616;
v0xb9d19a10b240_1617 .array/port v0xb9d19a10b240, 1617;
v0xb9d19a10b240_1618 .array/port v0xb9d19a10b240, 1618;
v0xb9d19a10b240_1619 .array/port v0xb9d19a10b240, 1619;
v0xb9d19a10b240_1620 .array/port v0xb9d19a10b240, 1620;
E_0xb9d199e68640/406 .event anyedge, v0xb9d19a10b240_1617, v0xb9d19a10b240_1618, v0xb9d19a10b240_1619, v0xb9d19a10b240_1620;
v0xb9d19a10b240_1621 .array/port v0xb9d19a10b240, 1621;
v0xb9d19a10b240_1622 .array/port v0xb9d19a10b240, 1622;
v0xb9d19a10b240_1623 .array/port v0xb9d19a10b240, 1623;
v0xb9d19a10b240_1624 .array/port v0xb9d19a10b240, 1624;
E_0xb9d199e68640/407 .event anyedge, v0xb9d19a10b240_1621, v0xb9d19a10b240_1622, v0xb9d19a10b240_1623, v0xb9d19a10b240_1624;
v0xb9d19a10b240_1625 .array/port v0xb9d19a10b240, 1625;
v0xb9d19a10b240_1626 .array/port v0xb9d19a10b240, 1626;
v0xb9d19a10b240_1627 .array/port v0xb9d19a10b240, 1627;
v0xb9d19a10b240_1628 .array/port v0xb9d19a10b240, 1628;
E_0xb9d199e68640/408 .event anyedge, v0xb9d19a10b240_1625, v0xb9d19a10b240_1626, v0xb9d19a10b240_1627, v0xb9d19a10b240_1628;
v0xb9d19a10b240_1629 .array/port v0xb9d19a10b240, 1629;
v0xb9d19a10b240_1630 .array/port v0xb9d19a10b240, 1630;
v0xb9d19a10b240_1631 .array/port v0xb9d19a10b240, 1631;
v0xb9d19a10b240_1632 .array/port v0xb9d19a10b240, 1632;
E_0xb9d199e68640/409 .event anyedge, v0xb9d19a10b240_1629, v0xb9d19a10b240_1630, v0xb9d19a10b240_1631, v0xb9d19a10b240_1632;
v0xb9d19a10b240_1633 .array/port v0xb9d19a10b240, 1633;
v0xb9d19a10b240_1634 .array/port v0xb9d19a10b240, 1634;
v0xb9d19a10b240_1635 .array/port v0xb9d19a10b240, 1635;
v0xb9d19a10b240_1636 .array/port v0xb9d19a10b240, 1636;
E_0xb9d199e68640/410 .event anyedge, v0xb9d19a10b240_1633, v0xb9d19a10b240_1634, v0xb9d19a10b240_1635, v0xb9d19a10b240_1636;
v0xb9d19a10b240_1637 .array/port v0xb9d19a10b240, 1637;
v0xb9d19a10b240_1638 .array/port v0xb9d19a10b240, 1638;
v0xb9d19a10b240_1639 .array/port v0xb9d19a10b240, 1639;
v0xb9d19a10b240_1640 .array/port v0xb9d19a10b240, 1640;
E_0xb9d199e68640/411 .event anyedge, v0xb9d19a10b240_1637, v0xb9d19a10b240_1638, v0xb9d19a10b240_1639, v0xb9d19a10b240_1640;
v0xb9d19a10b240_1641 .array/port v0xb9d19a10b240, 1641;
v0xb9d19a10b240_1642 .array/port v0xb9d19a10b240, 1642;
v0xb9d19a10b240_1643 .array/port v0xb9d19a10b240, 1643;
v0xb9d19a10b240_1644 .array/port v0xb9d19a10b240, 1644;
E_0xb9d199e68640/412 .event anyedge, v0xb9d19a10b240_1641, v0xb9d19a10b240_1642, v0xb9d19a10b240_1643, v0xb9d19a10b240_1644;
v0xb9d19a10b240_1645 .array/port v0xb9d19a10b240, 1645;
v0xb9d19a10b240_1646 .array/port v0xb9d19a10b240, 1646;
v0xb9d19a10b240_1647 .array/port v0xb9d19a10b240, 1647;
v0xb9d19a10b240_1648 .array/port v0xb9d19a10b240, 1648;
E_0xb9d199e68640/413 .event anyedge, v0xb9d19a10b240_1645, v0xb9d19a10b240_1646, v0xb9d19a10b240_1647, v0xb9d19a10b240_1648;
v0xb9d19a10b240_1649 .array/port v0xb9d19a10b240, 1649;
v0xb9d19a10b240_1650 .array/port v0xb9d19a10b240, 1650;
v0xb9d19a10b240_1651 .array/port v0xb9d19a10b240, 1651;
v0xb9d19a10b240_1652 .array/port v0xb9d19a10b240, 1652;
E_0xb9d199e68640/414 .event anyedge, v0xb9d19a10b240_1649, v0xb9d19a10b240_1650, v0xb9d19a10b240_1651, v0xb9d19a10b240_1652;
v0xb9d19a10b240_1653 .array/port v0xb9d19a10b240, 1653;
v0xb9d19a10b240_1654 .array/port v0xb9d19a10b240, 1654;
v0xb9d19a10b240_1655 .array/port v0xb9d19a10b240, 1655;
v0xb9d19a10b240_1656 .array/port v0xb9d19a10b240, 1656;
E_0xb9d199e68640/415 .event anyedge, v0xb9d19a10b240_1653, v0xb9d19a10b240_1654, v0xb9d19a10b240_1655, v0xb9d19a10b240_1656;
v0xb9d19a10b240_1657 .array/port v0xb9d19a10b240, 1657;
v0xb9d19a10b240_1658 .array/port v0xb9d19a10b240, 1658;
v0xb9d19a10b240_1659 .array/port v0xb9d19a10b240, 1659;
v0xb9d19a10b240_1660 .array/port v0xb9d19a10b240, 1660;
E_0xb9d199e68640/416 .event anyedge, v0xb9d19a10b240_1657, v0xb9d19a10b240_1658, v0xb9d19a10b240_1659, v0xb9d19a10b240_1660;
v0xb9d19a10b240_1661 .array/port v0xb9d19a10b240, 1661;
v0xb9d19a10b240_1662 .array/port v0xb9d19a10b240, 1662;
v0xb9d19a10b240_1663 .array/port v0xb9d19a10b240, 1663;
v0xb9d19a10b240_1664 .array/port v0xb9d19a10b240, 1664;
E_0xb9d199e68640/417 .event anyedge, v0xb9d19a10b240_1661, v0xb9d19a10b240_1662, v0xb9d19a10b240_1663, v0xb9d19a10b240_1664;
v0xb9d19a10b240_1665 .array/port v0xb9d19a10b240, 1665;
v0xb9d19a10b240_1666 .array/port v0xb9d19a10b240, 1666;
v0xb9d19a10b240_1667 .array/port v0xb9d19a10b240, 1667;
v0xb9d19a10b240_1668 .array/port v0xb9d19a10b240, 1668;
E_0xb9d199e68640/418 .event anyedge, v0xb9d19a10b240_1665, v0xb9d19a10b240_1666, v0xb9d19a10b240_1667, v0xb9d19a10b240_1668;
v0xb9d19a10b240_1669 .array/port v0xb9d19a10b240, 1669;
v0xb9d19a10b240_1670 .array/port v0xb9d19a10b240, 1670;
v0xb9d19a10b240_1671 .array/port v0xb9d19a10b240, 1671;
v0xb9d19a10b240_1672 .array/port v0xb9d19a10b240, 1672;
E_0xb9d199e68640/419 .event anyedge, v0xb9d19a10b240_1669, v0xb9d19a10b240_1670, v0xb9d19a10b240_1671, v0xb9d19a10b240_1672;
v0xb9d19a10b240_1673 .array/port v0xb9d19a10b240, 1673;
v0xb9d19a10b240_1674 .array/port v0xb9d19a10b240, 1674;
v0xb9d19a10b240_1675 .array/port v0xb9d19a10b240, 1675;
v0xb9d19a10b240_1676 .array/port v0xb9d19a10b240, 1676;
E_0xb9d199e68640/420 .event anyedge, v0xb9d19a10b240_1673, v0xb9d19a10b240_1674, v0xb9d19a10b240_1675, v0xb9d19a10b240_1676;
v0xb9d19a10b240_1677 .array/port v0xb9d19a10b240, 1677;
v0xb9d19a10b240_1678 .array/port v0xb9d19a10b240, 1678;
v0xb9d19a10b240_1679 .array/port v0xb9d19a10b240, 1679;
v0xb9d19a10b240_1680 .array/port v0xb9d19a10b240, 1680;
E_0xb9d199e68640/421 .event anyedge, v0xb9d19a10b240_1677, v0xb9d19a10b240_1678, v0xb9d19a10b240_1679, v0xb9d19a10b240_1680;
v0xb9d19a10b240_1681 .array/port v0xb9d19a10b240, 1681;
v0xb9d19a10b240_1682 .array/port v0xb9d19a10b240, 1682;
v0xb9d19a10b240_1683 .array/port v0xb9d19a10b240, 1683;
v0xb9d19a10b240_1684 .array/port v0xb9d19a10b240, 1684;
E_0xb9d199e68640/422 .event anyedge, v0xb9d19a10b240_1681, v0xb9d19a10b240_1682, v0xb9d19a10b240_1683, v0xb9d19a10b240_1684;
v0xb9d19a10b240_1685 .array/port v0xb9d19a10b240, 1685;
v0xb9d19a10b240_1686 .array/port v0xb9d19a10b240, 1686;
v0xb9d19a10b240_1687 .array/port v0xb9d19a10b240, 1687;
v0xb9d19a10b240_1688 .array/port v0xb9d19a10b240, 1688;
E_0xb9d199e68640/423 .event anyedge, v0xb9d19a10b240_1685, v0xb9d19a10b240_1686, v0xb9d19a10b240_1687, v0xb9d19a10b240_1688;
v0xb9d19a10b240_1689 .array/port v0xb9d19a10b240, 1689;
v0xb9d19a10b240_1690 .array/port v0xb9d19a10b240, 1690;
v0xb9d19a10b240_1691 .array/port v0xb9d19a10b240, 1691;
v0xb9d19a10b240_1692 .array/port v0xb9d19a10b240, 1692;
E_0xb9d199e68640/424 .event anyedge, v0xb9d19a10b240_1689, v0xb9d19a10b240_1690, v0xb9d19a10b240_1691, v0xb9d19a10b240_1692;
v0xb9d19a10b240_1693 .array/port v0xb9d19a10b240, 1693;
v0xb9d19a10b240_1694 .array/port v0xb9d19a10b240, 1694;
v0xb9d19a10b240_1695 .array/port v0xb9d19a10b240, 1695;
v0xb9d19a10b240_1696 .array/port v0xb9d19a10b240, 1696;
E_0xb9d199e68640/425 .event anyedge, v0xb9d19a10b240_1693, v0xb9d19a10b240_1694, v0xb9d19a10b240_1695, v0xb9d19a10b240_1696;
v0xb9d19a10b240_1697 .array/port v0xb9d19a10b240, 1697;
v0xb9d19a10b240_1698 .array/port v0xb9d19a10b240, 1698;
v0xb9d19a10b240_1699 .array/port v0xb9d19a10b240, 1699;
v0xb9d19a10b240_1700 .array/port v0xb9d19a10b240, 1700;
E_0xb9d199e68640/426 .event anyedge, v0xb9d19a10b240_1697, v0xb9d19a10b240_1698, v0xb9d19a10b240_1699, v0xb9d19a10b240_1700;
v0xb9d19a10b240_1701 .array/port v0xb9d19a10b240, 1701;
v0xb9d19a10b240_1702 .array/port v0xb9d19a10b240, 1702;
v0xb9d19a10b240_1703 .array/port v0xb9d19a10b240, 1703;
v0xb9d19a10b240_1704 .array/port v0xb9d19a10b240, 1704;
E_0xb9d199e68640/427 .event anyedge, v0xb9d19a10b240_1701, v0xb9d19a10b240_1702, v0xb9d19a10b240_1703, v0xb9d19a10b240_1704;
v0xb9d19a10b240_1705 .array/port v0xb9d19a10b240, 1705;
v0xb9d19a10b240_1706 .array/port v0xb9d19a10b240, 1706;
v0xb9d19a10b240_1707 .array/port v0xb9d19a10b240, 1707;
v0xb9d19a10b240_1708 .array/port v0xb9d19a10b240, 1708;
E_0xb9d199e68640/428 .event anyedge, v0xb9d19a10b240_1705, v0xb9d19a10b240_1706, v0xb9d19a10b240_1707, v0xb9d19a10b240_1708;
v0xb9d19a10b240_1709 .array/port v0xb9d19a10b240, 1709;
v0xb9d19a10b240_1710 .array/port v0xb9d19a10b240, 1710;
v0xb9d19a10b240_1711 .array/port v0xb9d19a10b240, 1711;
v0xb9d19a10b240_1712 .array/port v0xb9d19a10b240, 1712;
E_0xb9d199e68640/429 .event anyedge, v0xb9d19a10b240_1709, v0xb9d19a10b240_1710, v0xb9d19a10b240_1711, v0xb9d19a10b240_1712;
v0xb9d19a10b240_1713 .array/port v0xb9d19a10b240, 1713;
v0xb9d19a10b240_1714 .array/port v0xb9d19a10b240, 1714;
v0xb9d19a10b240_1715 .array/port v0xb9d19a10b240, 1715;
v0xb9d19a10b240_1716 .array/port v0xb9d19a10b240, 1716;
E_0xb9d199e68640/430 .event anyedge, v0xb9d19a10b240_1713, v0xb9d19a10b240_1714, v0xb9d19a10b240_1715, v0xb9d19a10b240_1716;
v0xb9d19a10b240_1717 .array/port v0xb9d19a10b240, 1717;
v0xb9d19a10b240_1718 .array/port v0xb9d19a10b240, 1718;
v0xb9d19a10b240_1719 .array/port v0xb9d19a10b240, 1719;
v0xb9d19a10b240_1720 .array/port v0xb9d19a10b240, 1720;
E_0xb9d199e68640/431 .event anyedge, v0xb9d19a10b240_1717, v0xb9d19a10b240_1718, v0xb9d19a10b240_1719, v0xb9d19a10b240_1720;
v0xb9d19a10b240_1721 .array/port v0xb9d19a10b240, 1721;
v0xb9d19a10b240_1722 .array/port v0xb9d19a10b240, 1722;
v0xb9d19a10b240_1723 .array/port v0xb9d19a10b240, 1723;
v0xb9d19a10b240_1724 .array/port v0xb9d19a10b240, 1724;
E_0xb9d199e68640/432 .event anyedge, v0xb9d19a10b240_1721, v0xb9d19a10b240_1722, v0xb9d19a10b240_1723, v0xb9d19a10b240_1724;
v0xb9d19a10b240_1725 .array/port v0xb9d19a10b240, 1725;
v0xb9d19a10b240_1726 .array/port v0xb9d19a10b240, 1726;
v0xb9d19a10b240_1727 .array/port v0xb9d19a10b240, 1727;
v0xb9d19a10b240_1728 .array/port v0xb9d19a10b240, 1728;
E_0xb9d199e68640/433 .event anyedge, v0xb9d19a10b240_1725, v0xb9d19a10b240_1726, v0xb9d19a10b240_1727, v0xb9d19a10b240_1728;
v0xb9d19a10b240_1729 .array/port v0xb9d19a10b240, 1729;
v0xb9d19a10b240_1730 .array/port v0xb9d19a10b240, 1730;
v0xb9d19a10b240_1731 .array/port v0xb9d19a10b240, 1731;
v0xb9d19a10b240_1732 .array/port v0xb9d19a10b240, 1732;
E_0xb9d199e68640/434 .event anyedge, v0xb9d19a10b240_1729, v0xb9d19a10b240_1730, v0xb9d19a10b240_1731, v0xb9d19a10b240_1732;
v0xb9d19a10b240_1733 .array/port v0xb9d19a10b240, 1733;
v0xb9d19a10b240_1734 .array/port v0xb9d19a10b240, 1734;
v0xb9d19a10b240_1735 .array/port v0xb9d19a10b240, 1735;
v0xb9d19a10b240_1736 .array/port v0xb9d19a10b240, 1736;
E_0xb9d199e68640/435 .event anyedge, v0xb9d19a10b240_1733, v0xb9d19a10b240_1734, v0xb9d19a10b240_1735, v0xb9d19a10b240_1736;
v0xb9d19a10b240_1737 .array/port v0xb9d19a10b240, 1737;
v0xb9d19a10b240_1738 .array/port v0xb9d19a10b240, 1738;
v0xb9d19a10b240_1739 .array/port v0xb9d19a10b240, 1739;
v0xb9d19a10b240_1740 .array/port v0xb9d19a10b240, 1740;
E_0xb9d199e68640/436 .event anyedge, v0xb9d19a10b240_1737, v0xb9d19a10b240_1738, v0xb9d19a10b240_1739, v0xb9d19a10b240_1740;
v0xb9d19a10b240_1741 .array/port v0xb9d19a10b240, 1741;
v0xb9d19a10b240_1742 .array/port v0xb9d19a10b240, 1742;
v0xb9d19a10b240_1743 .array/port v0xb9d19a10b240, 1743;
v0xb9d19a10b240_1744 .array/port v0xb9d19a10b240, 1744;
E_0xb9d199e68640/437 .event anyedge, v0xb9d19a10b240_1741, v0xb9d19a10b240_1742, v0xb9d19a10b240_1743, v0xb9d19a10b240_1744;
v0xb9d19a10b240_1745 .array/port v0xb9d19a10b240, 1745;
v0xb9d19a10b240_1746 .array/port v0xb9d19a10b240, 1746;
v0xb9d19a10b240_1747 .array/port v0xb9d19a10b240, 1747;
v0xb9d19a10b240_1748 .array/port v0xb9d19a10b240, 1748;
E_0xb9d199e68640/438 .event anyedge, v0xb9d19a10b240_1745, v0xb9d19a10b240_1746, v0xb9d19a10b240_1747, v0xb9d19a10b240_1748;
v0xb9d19a10b240_1749 .array/port v0xb9d19a10b240, 1749;
v0xb9d19a10b240_1750 .array/port v0xb9d19a10b240, 1750;
v0xb9d19a10b240_1751 .array/port v0xb9d19a10b240, 1751;
v0xb9d19a10b240_1752 .array/port v0xb9d19a10b240, 1752;
E_0xb9d199e68640/439 .event anyedge, v0xb9d19a10b240_1749, v0xb9d19a10b240_1750, v0xb9d19a10b240_1751, v0xb9d19a10b240_1752;
v0xb9d19a10b240_1753 .array/port v0xb9d19a10b240, 1753;
v0xb9d19a10b240_1754 .array/port v0xb9d19a10b240, 1754;
v0xb9d19a10b240_1755 .array/port v0xb9d19a10b240, 1755;
v0xb9d19a10b240_1756 .array/port v0xb9d19a10b240, 1756;
E_0xb9d199e68640/440 .event anyedge, v0xb9d19a10b240_1753, v0xb9d19a10b240_1754, v0xb9d19a10b240_1755, v0xb9d19a10b240_1756;
v0xb9d19a10b240_1757 .array/port v0xb9d19a10b240, 1757;
v0xb9d19a10b240_1758 .array/port v0xb9d19a10b240, 1758;
v0xb9d19a10b240_1759 .array/port v0xb9d19a10b240, 1759;
v0xb9d19a10b240_1760 .array/port v0xb9d19a10b240, 1760;
E_0xb9d199e68640/441 .event anyedge, v0xb9d19a10b240_1757, v0xb9d19a10b240_1758, v0xb9d19a10b240_1759, v0xb9d19a10b240_1760;
v0xb9d19a10b240_1761 .array/port v0xb9d19a10b240, 1761;
v0xb9d19a10b240_1762 .array/port v0xb9d19a10b240, 1762;
v0xb9d19a10b240_1763 .array/port v0xb9d19a10b240, 1763;
v0xb9d19a10b240_1764 .array/port v0xb9d19a10b240, 1764;
E_0xb9d199e68640/442 .event anyedge, v0xb9d19a10b240_1761, v0xb9d19a10b240_1762, v0xb9d19a10b240_1763, v0xb9d19a10b240_1764;
v0xb9d19a10b240_1765 .array/port v0xb9d19a10b240, 1765;
v0xb9d19a10b240_1766 .array/port v0xb9d19a10b240, 1766;
v0xb9d19a10b240_1767 .array/port v0xb9d19a10b240, 1767;
v0xb9d19a10b240_1768 .array/port v0xb9d19a10b240, 1768;
E_0xb9d199e68640/443 .event anyedge, v0xb9d19a10b240_1765, v0xb9d19a10b240_1766, v0xb9d19a10b240_1767, v0xb9d19a10b240_1768;
v0xb9d19a10b240_1769 .array/port v0xb9d19a10b240, 1769;
v0xb9d19a10b240_1770 .array/port v0xb9d19a10b240, 1770;
v0xb9d19a10b240_1771 .array/port v0xb9d19a10b240, 1771;
v0xb9d19a10b240_1772 .array/port v0xb9d19a10b240, 1772;
E_0xb9d199e68640/444 .event anyedge, v0xb9d19a10b240_1769, v0xb9d19a10b240_1770, v0xb9d19a10b240_1771, v0xb9d19a10b240_1772;
v0xb9d19a10b240_1773 .array/port v0xb9d19a10b240, 1773;
v0xb9d19a10b240_1774 .array/port v0xb9d19a10b240, 1774;
v0xb9d19a10b240_1775 .array/port v0xb9d19a10b240, 1775;
v0xb9d19a10b240_1776 .array/port v0xb9d19a10b240, 1776;
E_0xb9d199e68640/445 .event anyedge, v0xb9d19a10b240_1773, v0xb9d19a10b240_1774, v0xb9d19a10b240_1775, v0xb9d19a10b240_1776;
v0xb9d19a10b240_1777 .array/port v0xb9d19a10b240, 1777;
v0xb9d19a10b240_1778 .array/port v0xb9d19a10b240, 1778;
v0xb9d19a10b240_1779 .array/port v0xb9d19a10b240, 1779;
v0xb9d19a10b240_1780 .array/port v0xb9d19a10b240, 1780;
E_0xb9d199e68640/446 .event anyedge, v0xb9d19a10b240_1777, v0xb9d19a10b240_1778, v0xb9d19a10b240_1779, v0xb9d19a10b240_1780;
v0xb9d19a10b240_1781 .array/port v0xb9d19a10b240, 1781;
v0xb9d19a10b240_1782 .array/port v0xb9d19a10b240, 1782;
v0xb9d19a10b240_1783 .array/port v0xb9d19a10b240, 1783;
v0xb9d19a10b240_1784 .array/port v0xb9d19a10b240, 1784;
E_0xb9d199e68640/447 .event anyedge, v0xb9d19a10b240_1781, v0xb9d19a10b240_1782, v0xb9d19a10b240_1783, v0xb9d19a10b240_1784;
v0xb9d19a10b240_1785 .array/port v0xb9d19a10b240, 1785;
v0xb9d19a10b240_1786 .array/port v0xb9d19a10b240, 1786;
v0xb9d19a10b240_1787 .array/port v0xb9d19a10b240, 1787;
v0xb9d19a10b240_1788 .array/port v0xb9d19a10b240, 1788;
E_0xb9d199e68640/448 .event anyedge, v0xb9d19a10b240_1785, v0xb9d19a10b240_1786, v0xb9d19a10b240_1787, v0xb9d19a10b240_1788;
v0xb9d19a10b240_1789 .array/port v0xb9d19a10b240, 1789;
v0xb9d19a10b240_1790 .array/port v0xb9d19a10b240, 1790;
v0xb9d19a10b240_1791 .array/port v0xb9d19a10b240, 1791;
v0xb9d19a10b240_1792 .array/port v0xb9d19a10b240, 1792;
E_0xb9d199e68640/449 .event anyedge, v0xb9d19a10b240_1789, v0xb9d19a10b240_1790, v0xb9d19a10b240_1791, v0xb9d19a10b240_1792;
v0xb9d19a10b240_1793 .array/port v0xb9d19a10b240, 1793;
v0xb9d19a10b240_1794 .array/port v0xb9d19a10b240, 1794;
v0xb9d19a10b240_1795 .array/port v0xb9d19a10b240, 1795;
v0xb9d19a10b240_1796 .array/port v0xb9d19a10b240, 1796;
E_0xb9d199e68640/450 .event anyedge, v0xb9d19a10b240_1793, v0xb9d19a10b240_1794, v0xb9d19a10b240_1795, v0xb9d19a10b240_1796;
v0xb9d19a10b240_1797 .array/port v0xb9d19a10b240, 1797;
v0xb9d19a10b240_1798 .array/port v0xb9d19a10b240, 1798;
v0xb9d19a10b240_1799 .array/port v0xb9d19a10b240, 1799;
v0xb9d19a10b240_1800 .array/port v0xb9d19a10b240, 1800;
E_0xb9d199e68640/451 .event anyedge, v0xb9d19a10b240_1797, v0xb9d19a10b240_1798, v0xb9d19a10b240_1799, v0xb9d19a10b240_1800;
v0xb9d19a10b240_1801 .array/port v0xb9d19a10b240, 1801;
v0xb9d19a10b240_1802 .array/port v0xb9d19a10b240, 1802;
v0xb9d19a10b240_1803 .array/port v0xb9d19a10b240, 1803;
v0xb9d19a10b240_1804 .array/port v0xb9d19a10b240, 1804;
E_0xb9d199e68640/452 .event anyedge, v0xb9d19a10b240_1801, v0xb9d19a10b240_1802, v0xb9d19a10b240_1803, v0xb9d19a10b240_1804;
v0xb9d19a10b240_1805 .array/port v0xb9d19a10b240, 1805;
v0xb9d19a10b240_1806 .array/port v0xb9d19a10b240, 1806;
v0xb9d19a10b240_1807 .array/port v0xb9d19a10b240, 1807;
v0xb9d19a10b240_1808 .array/port v0xb9d19a10b240, 1808;
E_0xb9d199e68640/453 .event anyedge, v0xb9d19a10b240_1805, v0xb9d19a10b240_1806, v0xb9d19a10b240_1807, v0xb9d19a10b240_1808;
v0xb9d19a10b240_1809 .array/port v0xb9d19a10b240, 1809;
v0xb9d19a10b240_1810 .array/port v0xb9d19a10b240, 1810;
v0xb9d19a10b240_1811 .array/port v0xb9d19a10b240, 1811;
v0xb9d19a10b240_1812 .array/port v0xb9d19a10b240, 1812;
E_0xb9d199e68640/454 .event anyedge, v0xb9d19a10b240_1809, v0xb9d19a10b240_1810, v0xb9d19a10b240_1811, v0xb9d19a10b240_1812;
v0xb9d19a10b240_1813 .array/port v0xb9d19a10b240, 1813;
v0xb9d19a10b240_1814 .array/port v0xb9d19a10b240, 1814;
v0xb9d19a10b240_1815 .array/port v0xb9d19a10b240, 1815;
v0xb9d19a10b240_1816 .array/port v0xb9d19a10b240, 1816;
E_0xb9d199e68640/455 .event anyedge, v0xb9d19a10b240_1813, v0xb9d19a10b240_1814, v0xb9d19a10b240_1815, v0xb9d19a10b240_1816;
v0xb9d19a10b240_1817 .array/port v0xb9d19a10b240, 1817;
v0xb9d19a10b240_1818 .array/port v0xb9d19a10b240, 1818;
v0xb9d19a10b240_1819 .array/port v0xb9d19a10b240, 1819;
v0xb9d19a10b240_1820 .array/port v0xb9d19a10b240, 1820;
E_0xb9d199e68640/456 .event anyedge, v0xb9d19a10b240_1817, v0xb9d19a10b240_1818, v0xb9d19a10b240_1819, v0xb9d19a10b240_1820;
v0xb9d19a10b240_1821 .array/port v0xb9d19a10b240, 1821;
v0xb9d19a10b240_1822 .array/port v0xb9d19a10b240, 1822;
v0xb9d19a10b240_1823 .array/port v0xb9d19a10b240, 1823;
v0xb9d19a10b240_1824 .array/port v0xb9d19a10b240, 1824;
E_0xb9d199e68640/457 .event anyedge, v0xb9d19a10b240_1821, v0xb9d19a10b240_1822, v0xb9d19a10b240_1823, v0xb9d19a10b240_1824;
v0xb9d19a10b240_1825 .array/port v0xb9d19a10b240, 1825;
v0xb9d19a10b240_1826 .array/port v0xb9d19a10b240, 1826;
v0xb9d19a10b240_1827 .array/port v0xb9d19a10b240, 1827;
v0xb9d19a10b240_1828 .array/port v0xb9d19a10b240, 1828;
E_0xb9d199e68640/458 .event anyedge, v0xb9d19a10b240_1825, v0xb9d19a10b240_1826, v0xb9d19a10b240_1827, v0xb9d19a10b240_1828;
v0xb9d19a10b240_1829 .array/port v0xb9d19a10b240, 1829;
v0xb9d19a10b240_1830 .array/port v0xb9d19a10b240, 1830;
v0xb9d19a10b240_1831 .array/port v0xb9d19a10b240, 1831;
v0xb9d19a10b240_1832 .array/port v0xb9d19a10b240, 1832;
E_0xb9d199e68640/459 .event anyedge, v0xb9d19a10b240_1829, v0xb9d19a10b240_1830, v0xb9d19a10b240_1831, v0xb9d19a10b240_1832;
v0xb9d19a10b240_1833 .array/port v0xb9d19a10b240, 1833;
v0xb9d19a10b240_1834 .array/port v0xb9d19a10b240, 1834;
v0xb9d19a10b240_1835 .array/port v0xb9d19a10b240, 1835;
v0xb9d19a10b240_1836 .array/port v0xb9d19a10b240, 1836;
E_0xb9d199e68640/460 .event anyedge, v0xb9d19a10b240_1833, v0xb9d19a10b240_1834, v0xb9d19a10b240_1835, v0xb9d19a10b240_1836;
v0xb9d19a10b240_1837 .array/port v0xb9d19a10b240, 1837;
v0xb9d19a10b240_1838 .array/port v0xb9d19a10b240, 1838;
v0xb9d19a10b240_1839 .array/port v0xb9d19a10b240, 1839;
v0xb9d19a10b240_1840 .array/port v0xb9d19a10b240, 1840;
E_0xb9d199e68640/461 .event anyedge, v0xb9d19a10b240_1837, v0xb9d19a10b240_1838, v0xb9d19a10b240_1839, v0xb9d19a10b240_1840;
v0xb9d19a10b240_1841 .array/port v0xb9d19a10b240, 1841;
v0xb9d19a10b240_1842 .array/port v0xb9d19a10b240, 1842;
v0xb9d19a10b240_1843 .array/port v0xb9d19a10b240, 1843;
v0xb9d19a10b240_1844 .array/port v0xb9d19a10b240, 1844;
E_0xb9d199e68640/462 .event anyedge, v0xb9d19a10b240_1841, v0xb9d19a10b240_1842, v0xb9d19a10b240_1843, v0xb9d19a10b240_1844;
v0xb9d19a10b240_1845 .array/port v0xb9d19a10b240, 1845;
v0xb9d19a10b240_1846 .array/port v0xb9d19a10b240, 1846;
v0xb9d19a10b240_1847 .array/port v0xb9d19a10b240, 1847;
v0xb9d19a10b240_1848 .array/port v0xb9d19a10b240, 1848;
E_0xb9d199e68640/463 .event anyedge, v0xb9d19a10b240_1845, v0xb9d19a10b240_1846, v0xb9d19a10b240_1847, v0xb9d19a10b240_1848;
v0xb9d19a10b240_1849 .array/port v0xb9d19a10b240, 1849;
v0xb9d19a10b240_1850 .array/port v0xb9d19a10b240, 1850;
v0xb9d19a10b240_1851 .array/port v0xb9d19a10b240, 1851;
v0xb9d19a10b240_1852 .array/port v0xb9d19a10b240, 1852;
E_0xb9d199e68640/464 .event anyedge, v0xb9d19a10b240_1849, v0xb9d19a10b240_1850, v0xb9d19a10b240_1851, v0xb9d19a10b240_1852;
v0xb9d19a10b240_1853 .array/port v0xb9d19a10b240, 1853;
v0xb9d19a10b240_1854 .array/port v0xb9d19a10b240, 1854;
v0xb9d19a10b240_1855 .array/port v0xb9d19a10b240, 1855;
v0xb9d19a10b240_1856 .array/port v0xb9d19a10b240, 1856;
E_0xb9d199e68640/465 .event anyedge, v0xb9d19a10b240_1853, v0xb9d19a10b240_1854, v0xb9d19a10b240_1855, v0xb9d19a10b240_1856;
v0xb9d19a10b240_1857 .array/port v0xb9d19a10b240, 1857;
v0xb9d19a10b240_1858 .array/port v0xb9d19a10b240, 1858;
v0xb9d19a10b240_1859 .array/port v0xb9d19a10b240, 1859;
v0xb9d19a10b240_1860 .array/port v0xb9d19a10b240, 1860;
E_0xb9d199e68640/466 .event anyedge, v0xb9d19a10b240_1857, v0xb9d19a10b240_1858, v0xb9d19a10b240_1859, v0xb9d19a10b240_1860;
v0xb9d19a10b240_1861 .array/port v0xb9d19a10b240, 1861;
v0xb9d19a10b240_1862 .array/port v0xb9d19a10b240, 1862;
v0xb9d19a10b240_1863 .array/port v0xb9d19a10b240, 1863;
v0xb9d19a10b240_1864 .array/port v0xb9d19a10b240, 1864;
E_0xb9d199e68640/467 .event anyedge, v0xb9d19a10b240_1861, v0xb9d19a10b240_1862, v0xb9d19a10b240_1863, v0xb9d19a10b240_1864;
v0xb9d19a10b240_1865 .array/port v0xb9d19a10b240, 1865;
v0xb9d19a10b240_1866 .array/port v0xb9d19a10b240, 1866;
v0xb9d19a10b240_1867 .array/port v0xb9d19a10b240, 1867;
v0xb9d19a10b240_1868 .array/port v0xb9d19a10b240, 1868;
E_0xb9d199e68640/468 .event anyedge, v0xb9d19a10b240_1865, v0xb9d19a10b240_1866, v0xb9d19a10b240_1867, v0xb9d19a10b240_1868;
v0xb9d19a10b240_1869 .array/port v0xb9d19a10b240, 1869;
v0xb9d19a10b240_1870 .array/port v0xb9d19a10b240, 1870;
v0xb9d19a10b240_1871 .array/port v0xb9d19a10b240, 1871;
v0xb9d19a10b240_1872 .array/port v0xb9d19a10b240, 1872;
E_0xb9d199e68640/469 .event anyedge, v0xb9d19a10b240_1869, v0xb9d19a10b240_1870, v0xb9d19a10b240_1871, v0xb9d19a10b240_1872;
v0xb9d19a10b240_1873 .array/port v0xb9d19a10b240, 1873;
v0xb9d19a10b240_1874 .array/port v0xb9d19a10b240, 1874;
v0xb9d19a10b240_1875 .array/port v0xb9d19a10b240, 1875;
v0xb9d19a10b240_1876 .array/port v0xb9d19a10b240, 1876;
E_0xb9d199e68640/470 .event anyedge, v0xb9d19a10b240_1873, v0xb9d19a10b240_1874, v0xb9d19a10b240_1875, v0xb9d19a10b240_1876;
v0xb9d19a10b240_1877 .array/port v0xb9d19a10b240, 1877;
v0xb9d19a10b240_1878 .array/port v0xb9d19a10b240, 1878;
v0xb9d19a10b240_1879 .array/port v0xb9d19a10b240, 1879;
v0xb9d19a10b240_1880 .array/port v0xb9d19a10b240, 1880;
E_0xb9d199e68640/471 .event anyedge, v0xb9d19a10b240_1877, v0xb9d19a10b240_1878, v0xb9d19a10b240_1879, v0xb9d19a10b240_1880;
v0xb9d19a10b240_1881 .array/port v0xb9d19a10b240, 1881;
v0xb9d19a10b240_1882 .array/port v0xb9d19a10b240, 1882;
v0xb9d19a10b240_1883 .array/port v0xb9d19a10b240, 1883;
v0xb9d19a10b240_1884 .array/port v0xb9d19a10b240, 1884;
E_0xb9d199e68640/472 .event anyedge, v0xb9d19a10b240_1881, v0xb9d19a10b240_1882, v0xb9d19a10b240_1883, v0xb9d19a10b240_1884;
v0xb9d19a10b240_1885 .array/port v0xb9d19a10b240, 1885;
v0xb9d19a10b240_1886 .array/port v0xb9d19a10b240, 1886;
v0xb9d19a10b240_1887 .array/port v0xb9d19a10b240, 1887;
v0xb9d19a10b240_1888 .array/port v0xb9d19a10b240, 1888;
E_0xb9d199e68640/473 .event anyedge, v0xb9d19a10b240_1885, v0xb9d19a10b240_1886, v0xb9d19a10b240_1887, v0xb9d19a10b240_1888;
v0xb9d19a10b240_1889 .array/port v0xb9d19a10b240, 1889;
v0xb9d19a10b240_1890 .array/port v0xb9d19a10b240, 1890;
v0xb9d19a10b240_1891 .array/port v0xb9d19a10b240, 1891;
v0xb9d19a10b240_1892 .array/port v0xb9d19a10b240, 1892;
E_0xb9d199e68640/474 .event anyedge, v0xb9d19a10b240_1889, v0xb9d19a10b240_1890, v0xb9d19a10b240_1891, v0xb9d19a10b240_1892;
v0xb9d19a10b240_1893 .array/port v0xb9d19a10b240, 1893;
v0xb9d19a10b240_1894 .array/port v0xb9d19a10b240, 1894;
v0xb9d19a10b240_1895 .array/port v0xb9d19a10b240, 1895;
v0xb9d19a10b240_1896 .array/port v0xb9d19a10b240, 1896;
E_0xb9d199e68640/475 .event anyedge, v0xb9d19a10b240_1893, v0xb9d19a10b240_1894, v0xb9d19a10b240_1895, v0xb9d19a10b240_1896;
v0xb9d19a10b240_1897 .array/port v0xb9d19a10b240, 1897;
v0xb9d19a10b240_1898 .array/port v0xb9d19a10b240, 1898;
v0xb9d19a10b240_1899 .array/port v0xb9d19a10b240, 1899;
v0xb9d19a10b240_1900 .array/port v0xb9d19a10b240, 1900;
E_0xb9d199e68640/476 .event anyedge, v0xb9d19a10b240_1897, v0xb9d19a10b240_1898, v0xb9d19a10b240_1899, v0xb9d19a10b240_1900;
v0xb9d19a10b240_1901 .array/port v0xb9d19a10b240, 1901;
v0xb9d19a10b240_1902 .array/port v0xb9d19a10b240, 1902;
v0xb9d19a10b240_1903 .array/port v0xb9d19a10b240, 1903;
v0xb9d19a10b240_1904 .array/port v0xb9d19a10b240, 1904;
E_0xb9d199e68640/477 .event anyedge, v0xb9d19a10b240_1901, v0xb9d19a10b240_1902, v0xb9d19a10b240_1903, v0xb9d19a10b240_1904;
v0xb9d19a10b240_1905 .array/port v0xb9d19a10b240, 1905;
v0xb9d19a10b240_1906 .array/port v0xb9d19a10b240, 1906;
v0xb9d19a10b240_1907 .array/port v0xb9d19a10b240, 1907;
v0xb9d19a10b240_1908 .array/port v0xb9d19a10b240, 1908;
E_0xb9d199e68640/478 .event anyedge, v0xb9d19a10b240_1905, v0xb9d19a10b240_1906, v0xb9d19a10b240_1907, v0xb9d19a10b240_1908;
v0xb9d19a10b240_1909 .array/port v0xb9d19a10b240, 1909;
v0xb9d19a10b240_1910 .array/port v0xb9d19a10b240, 1910;
v0xb9d19a10b240_1911 .array/port v0xb9d19a10b240, 1911;
v0xb9d19a10b240_1912 .array/port v0xb9d19a10b240, 1912;
E_0xb9d199e68640/479 .event anyedge, v0xb9d19a10b240_1909, v0xb9d19a10b240_1910, v0xb9d19a10b240_1911, v0xb9d19a10b240_1912;
v0xb9d19a10b240_1913 .array/port v0xb9d19a10b240, 1913;
v0xb9d19a10b240_1914 .array/port v0xb9d19a10b240, 1914;
v0xb9d19a10b240_1915 .array/port v0xb9d19a10b240, 1915;
v0xb9d19a10b240_1916 .array/port v0xb9d19a10b240, 1916;
E_0xb9d199e68640/480 .event anyedge, v0xb9d19a10b240_1913, v0xb9d19a10b240_1914, v0xb9d19a10b240_1915, v0xb9d19a10b240_1916;
v0xb9d19a10b240_1917 .array/port v0xb9d19a10b240, 1917;
v0xb9d19a10b240_1918 .array/port v0xb9d19a10b240, 1918;
v0xb9d19a10b240_1919 .array/port v0xb9d19a10b240, 1919;
v0xb9d19a10b240_1920 .array/port v0xb9d19a10b240, 1920;
E_0xb9d199e68640/481 .event anyedge, v0xb9d19a10b240_1917, v0xb9d19a10b240_1918, v0xb9d19a10b240_1919, v0xb9d19a10b240_1920;
v0xb9d19a10b240_1921 .array/port v0xb9d19a10b240, 1921;
v0xb9d19a10b240_1922 .array/port v0xb9d19a10b240, 1922;
v0xb9d19a10b240_1923 .array/port v0xb9d19a10b240, 1923;
v0xb9d19a10b240_1924 .array/port v0xb9d19a10b240, 1924;
E_0xb9d199e68640/482 .event anyedge, v0xb9d19a10b240_1921, v0xb9d19a10b240_1922, v0xb9d19a10b240_1923, v0xb9d19a10b240_1924;
v0xb9d19a10b240_1925 .array/port v0xb9d19a10b240, 1925;
v0xb9d19a10b240_1926 .array/port v0xb9d19a10b240, 1926;
v0xb9d19a10b240_1927 .array/port v0xb9d19a10b240, 1927;
v0xb9d19a10b240_1928 .array/port v0xb9d19a10b240, 1928;
E_0xb9d199e68640/483 .event anyedge, v0xb9d19a10b240_1925, v0xb9d19a10b240_1926, v0xb9d19a10b240_1927, v0xb9d19a10b240_1928;
v0xb9d19a10b240_1929 .array/port v0xb9d19a10b240, 1929;
v0xb9d19a10b240_1930 .array/port v0xb9d19a10b240, 1930;
v0xb9d19a10b240_1931 .array/port v0xb9d19a10b240, 1931;
v0xb9d19a10b240_1932 .array/port v0xb9d19a10b240, 1932;
E_0xb9d199e68640/484 .event anyedge, v0xb9d19a10b240_1929, v0xb9d19a10b240_1930, v0xb9d19a10b240_1931, v0xb9d19a10b240_1932;
v0xb9d19a10b240_1933 .array/port v0xb9d19a10b240, 1933;
v0xb9d19a10b240_1934 .array/port v0xb9d19a10b240, 1934;
v0xb9d19a10b240_1935 .array/port v0xb9d19a10b240, 1935;
v0xb9d19a10b240_1936 .array/port v0xb9d19a10b240, 1936;
E_0xb9d199e68640/485 .event anyedge, v0xb9d19a10b240_1933, v0xb9d19a10b240_1934, v0xb9d19a10b240_1935, v0xb9d19a10b240_1936;
v0xb9d19a10b240_1937 .array/port v0xb9d19a10b240, 1937;
v0xb9d19a10b240_1938 .array/port v0xb9d19a10b240, 1938;
v0xb9d19a10b240_1939 .array/port v0xb9d19a10b240, 1939;
v0xb9d19a10b240_1940 .array/port v0xb9d19a10b240, 1940;
E_0xb9d199e68640/486 .event anyedge, v0xb9d19a10b240_1937, v0xb9d19a10b240_1938, v0xb9d19a10b240_1939, v0xb9d19a10b240_1940;
v0xb9d19a10b240_1941 .array/port v0xb9d19a10b240, 1941;
v0xb9d19a10b240_1942 .array/port v0xb9d19a10b240, 1942;
v0xb9d19a10b240_1943 .array/port v0xb9d19a10b240, 1943;
v0xb9d19a10b240_1944 .array/port v0xb9d19a10b240, 1944;
E_0xb9d199e68640/487 .event anyedge, v0xb9d19a10b240_1941, v0xb9d19a10b240_1942, v0xb9d19a10b240_1943, v0xb9d19a10b240_1944;
v0xb9d19a10b240_1945 .array/port v0xb9d19a10b240, 1945;
v0xb9d19a10b240_1946 .array/port v0xb9d19a10b240, 1946;
v0xb9d19a10b240_1947 .array/port v0xb9d19a10b240, 1947;
v0xb9d19a10b240_1948 .array/port v0xb9d19a10b240, 1948;
E_0xb9d199e68640/488 .event anyedge, v0xb9d19a10b240_1945, v0xb9d19a10b240_1946, v0xb9d19a10b240_1947, v0xb9d19a10b240_1948;
v0xb9d19a10b240_1949 .array/port v0xb9d19a10b240, 1949;
v0xb9d19a10b240_1950 .array/port v0xb9d19a10b240, 1950;
v0xb9d19a10b240_1951 .array/port v0xb9d19a10b240, 1951;
v0xb9d19a10b240_1952 .array/port v0xb9d19a10b240, 1952;
E_0xb9d199e68640/489 .event anyedge, v0xb9d19a10b240_1949, v0xb9d19a10b240_1950, v0xb9d19a10b240_1951, v0xb9d19a10b240_1952;
v0xb9d19a10b240_1953 .array/port v0xb9d19a10b240, 1953;
v0xb9d19a10b240_1954 .array/port v0xb9d19a10b240, 1954;
v0xb9d19a10b240_1955 .array/port v0xb9d19a10b240, 1955;
v0xb9d19a10b240_1956 .array/port v0xb9d19a10b240, 1956;
E_0xb9d199e68640/490 .event anyedge, v0xb9d19a10b240_1953, v0xb9d19a10b240_1954, v0xb9d19a10b240_1955, v0xb9d19a10b240_1956;
v0xb9d19a10b240_1957 .array/port v0xb9d19a10b240, 1957;
v0xb9d19a10b240_1958 .array/port v0xb9d19a10b240, 1958;
v0xb9d19a10b240_1959 .array/port v0xb9d19a10b240, 1959;
v0xb9d19a10b240_1960 .array/port v0xb9d19a10b240, 1960;
E_0xb9d199e68640/491 .event anyedge, v0xb9d19a10b240_1957, v0xb9d19a10b240_1958, v0xb9d19a10b240_1959, v0xb9d19a10b240_1960;
v0xb9d19a10b240_1961 .array/port v0xb9d19a10b240, 1961;
v0xb9d19a10b240_1962 .array/port v0xb9d19a10b240, 1962;
v0xb9d19a10b240_1963 .array/port v0xb9d19a10b240, 1963;
v0xb9d19a10b240_1964 .array/port v0xb9d19a10b240, 1964;
E_0xb9d199e68640/492 .event anyedge, v0xb9d19a10b240_1961, v0xb9d19a10b240_1962, v0xb9d19a10b240_1963, v0xb9d19a10b240_1964;
v0xb9d19a10b240_1965 .array/port v0xb9d19a10b240, 1965;
v0xb9d19a10b240_1966 .array/port v0xb9d19a10b240, 1966;
v0xb9d19a10b240_1967 .array/port v0xb9d19a10b240, 1967;
v0xb9d19a10b240_1968 .array/port v0xb9d19a10b240, 1968;
E_0xb9d199e68640/493 .event anyedge, v0xb9d19a10b240_1965, v0xb9d19a10b240_1966, v0xb9d19a10b240_1967, v0xb9d19a10b240_1968;
v0xb9d19a10b240_1969 .array/port v0xb9d19a10b240, 1969;
v0xb9d19a10b240_1970 .array/port v0xb9d19a10b240, 1970;
v0xb9d19a10b240_1971 .array/port v0xb9d19a10b240, 1971;
v0xb9d19a10b240_1972 .array/port v0xb9d19a10b240, 1972;
E_0xb9d199e68640/494 .event anyedge, v0xb9d19a10b240_1969, v0xb9d19a10b240_1970, v0xb9d19a10b240_1971, v0xb9d19a10b240_1972;
v0xb9d19a10b240_1973 .array/port v0xb9d19a10b240, 1973;
v0xb9d19a10b240_1974 .array/port v0xb9d19a10b240, 1974;
v0xb9d19a10b240_1975 .array/port v0xb9d19a10b240, 1975;
v0xb9d19a10b240_1976 .array/port v0xb9d19a10b240, 1976;
E_0xb9d199e68640/495 .event anyedge, v0xb9d19a10b240_1973, v0xb9d19a10b240_1974, v0xb9d19a10b240_1975, v0xb9d19a10b240_1976;
v0xb9d19a10b240_1977 .array/port v0xb9d19a10b240, 1977;
v0xb9d19a10b240_1978 .array/port v0xb9d19a10b240, 1978;
v0xb9d19a10b240_1979 .array/port v0xb9d19a10b240, 1979;
v0xb9d19a10b240_1980 .array/port v0xb9d19a10b240, 1980;
E_0xb9d199e68640/496 .event anyedge, v0xb9d19a10b240_1977, v0xb9d19a10b240_1978, v0xb9d19a10b240_1979, v0xb9d19a10b240_1980;
v0xb9d19a10b240_1981 .array/port v0xb9d19a10b240, 1981;
v0xb9d19a10b240_1982 .array/port v0xb9d19a10b240, 1982;
v0xb9d19a10b240_1983 .array/port v0xb9d19a10b240, 1983;
v0xb9d19a10b240_1984 .array/port v0xb9d19a10b240, 1984;
E_0xb9d199e68640/497 .event anyedge, v0xb9d19a10b240_1981, v0xb9d19a10b240_1982, v0xb9d19a10b240_1983, v0xb9d19a10b240_1984;
v0xb9d19a10b240_1985 .array/port v0xb9d19a10b240, 1985;
v0xb9d19a10b240_1986 .array/port v0xb9d19a10b240, 1986;
v0xb9d19a10b240_1987 .array/port v0xb9d19a10b240, 1987;
v0xb9d19a10b240_1988 .array/port v0xb9d19a10b240, 1988;
E_0xb9d199e68640/498 .event anyedge, v0xb9d19a10b240_1985, v0xb9d19a10b240_1986, v0xb9d19a10b240_1987, v0xb9d19a10b240_1988;
v0xb9d19a10b240_1989 .array/port v0xb9d19a10b240, 1989;
v0xb9d19a10b240_1990 .array/port v0xb9d19a10b240, 1990;
v0xb9d19a10b240_1991 .array/port v0xb9d19a10b240, 1991;
v0xb9d19a10b240_1992 .array/port v0xb9d19a10b240, 1992;
E_0xb9d199e68640/499 .event anyedge, v0xb9d19a10b240_1989, v0xb9d19a10b240_1990, v0xb9d19a10b240_1991, v0xb9d19a10b240_1992;
v0xb9d19a10b240_1993 .array/port v0xb9d19a10b240, 1993;
v0xb9d19a10b240_1994 .array/port v0xb9d19a10b240, 1994;
v0xb9d19a10b240_1995 .array/port v0xb9d19a10b240, 1995;
v0xb9d19a10b240_1996 .array/port v0xb9d19a10b240, 1996;
E_0xb9d199e68640/500 .event anyedge, v0xb9d19a10b240_1993, v0xb9d19a10b240_1994, v0xb9d19a10b240_1995, v0xb9d19a10b240_1996;
v0xb9d19a10b240_1997 .array/port v0xb9d19a10b240, 1997;
v0xb9d19a10b240_1998 .array/port v0xb9d19a10b240, 1998;
v0xb9d19a10b240_1999 .array/port v0xb9d19a10b240, 1999;
v0xb9d19a10b240_2000 .array/port v0xb9d19a10b240, 2000;
E_0xb9d199e68640/501 .event anyedge, v0xb9d19a10b240_1997, v0xb9d19a10b240_1998, v0xb9d19a10b240_1999, v0xb9d19a10b240_2000;
v0xb9d19a10b240_2001 .array/port v0xb9d19a10b240, 2001;
v0xb9d19a10b240_2002 .array/port v0xb9d19a10b240, 2002;
v0xb9d19a10b240_2003 .array/port v0xb9d19a10b240, 2003;
v0xb9d19a10b240_2004 .array/port v0xb9d19a10b240, 2004;
E_0xb9d199e68640/502 .event anyedge, v0xb9d19a10b240_2001, v0xb9d19a10b240_2002, v0xb9d19a10b240_2003, v0xb9d19a10b240_2004;
v0xb9d19a10b240_2005 .array/port v0xb9d19a10b240, 2005;
v0xb9d19a10b240_2006 .array/port v0xb9d19a10b240, 2006;
v0xb9d19a10b240_2007 .array/port v0xb9d19a10b240, 2007;
v0xb9d19a10b240_2008 .array/port v0xb9d19a10b240, 2008;
E_0xb9d199e68640/503 .event anyedge, v0xb9d19a10b240_2005, v0xb9d19a10b240_2006, v0xb9d19a10b240_2007, v0xb9d19a10b240_2008;
v0xb9d19a10b240_2009 .array/port v0xb9d19a10b240, 2009;
v0xb9d19a10b240_2010 .array/port v0xb9d19a10b240, 2010;
v0xb9d19a10b240_2011 .array/port v0xb9d19a10b240, 2011;
v0xb9d19a10b240_2012 .array/port v0xb9d19a10b240, 2012;
E_0xb9d199e68640/504 .event anyedge, v0xb9d19a10b240_2009, v0xb9d19a10b240_2010, v0xb9d19a10b240_2011, v0xb9d19a10b240_2012;
v0xb9d19a10b240_2013 .array/port v0xb9d19a10b240, 2013;
v0xb9d19a10b240_2014 .array/port v0xb9d19a10b240, 2014;
v0xb9d19a10b240_2015 .array/port v0xb9d19a10b240, 2015;
v0xb9d19a10b240_2016 .array/port v0xb9d19a10b240, 2016;
E_0xb9d199e68640/505 .event anyedge, v0xb9d19a10b240_2013, v0xb9d19a10b240_2014, v0xb9d19a10b240_2015, v0xb9d19a10b240_2016;
v0xb9d19a10b240_2017 .array/port v0xb9d19a10b240, 2017;
v0xb9d19a10b240_2018 .array/port v0xb9d19a10b240, 2018;
v0xb9d19a10b240_2019 .array/port v0xb9d19a10b240, 2019;
v0xb9d19a10b240_2020 .array/port v0xb9d19a10b240, 2020;
E_0xb9d199e68640/506 .event anyedge, v0xb9d19a10b240_2017, v0xb9d19a10b240_2018, v0xb9d19a10b240_2019, v0xb9d19a10b240_2020;
v0xb9d19a10b240_2021 .array/port v0xb9d19a10b240, 2021;
v0xb9d19a10b240_2022 .array/port v0xb9d19a10b240, 2022;
v0xb9d19a10b240_2023 .array/port v0xb9d19a10b240, 2023;
v0xb9d19a10b240_2024 .array/port v0xb9d19a10b240, 2024;
E_0xb9d199e68640/507 .event anyedge, v0xb9d19a10b240_2021, v0xb9d19a10b240_2022, v0xb9d19a10b240_2023, v0xb9d19a10b240_2024;
v0xb9d19a10b240_2025 .array/port v0xb9d19a10b240, 2025;
v0xb9d19a10b240_2026 .array/port v0xb9d19a10b240, 2026;
v0xb9d19a10b240_2027 .array/port v0xb9d19a10b240, 2027;
v0xb9d19a10b240_2028 .array/port v0xb9d19a10b240, 2028;
E_0xb9d199e68640/508 .event anyedge, v0xb9d19a10b240_2025, v0xb9d19a10b240_2026, v0xb9d19a10b240_2027, v0xb9d19a10b240_2028;
v0xb9d19a10b240_2029 .array/port v0xb9d19a10b240, 2029;
v0xb9d19a10b240_2030 .array/port v0xb9d19a10b240, 2030;
v0xb9d19a10b240_2031 .array/port v0xb9d19a10b240, 2031;
v0xb9d19a10b240_2032 .array/port v0xb9d19a10b240, 2032;
E_0xb9d199e68640/509 .event anyedge, v0xb9d19a10b240_2029, v0xb9d19a10b240_2030, v0xb9d19a10b240_2031, v0xb9d19a10b240_2032;
v0xb9d19a10b240_2033 .array/port v0xb9d19a10b240, 2033;
v0xb9d19a10b240_2034 .array/port v0xb9d19a10b240, 2034;
v0xb9d19a10b240_2035 .array/port v0xb9d19a10b240, 2035;
v0xb9d19a10b240_2036 .array/port v0xb9d19a10b240, 2036;
E_0xb9d199e68640/510 .event anyedge, v0xb9d19a10b240_2033, v0xb9d19a10b240_2034, v0xb9d19a10b240_2035, v0xb9d19a10b240_2036;
v0xb9d19a10b240_2037 .array/port v0xb9d19a10b240, 2037;
v0xb9d19a10b240_2038 .array/port v0xb9d19a10b240, 2038;
v0xb9d19a10b240_2039 .array/port v0xb9d19a10b240, 2039;
v0xb9d19a10b240_2040 .array/port v0xb9d19a10b240, 2040;
E_0xb9d199e68640/511 .event anyedge, v0xb9d19a10b240_2037, v0xb9d19a10b240_2038, v0xb9d19a10b240_2039, v0xb9d19a10b240_2040;
v0xb9d19a10b240_2041 .array/port v0xb9d19a10b240, 2041;
v0xb9d19a10b240_2042 .array/port v0xb9d19a10b240, 2042;
v0xb9d19a10b240_2043 .array/port v0xb9d19a10b240, 2043;
v0xb9d19a10b240_2044 .array/port v0xb9d19a10b240, 2044;
E_0xb9d199e68640/512 .event anyedge, v0xb9d19a10b240_2041, v0xb9d19a10b240_2042, v0xb9d19a10b240_2043, v0xb9d19a10b240_2044;
v0xb9d19a10b240_2045 .array/port v0xb9d19a10b240, 2045;
v0xb9d19a10b240_2046 .array/port v0xb9d19a10b240, 2046;
v0xb9d19a10b240_2047 .array/port v0xb9d19a10b240, 2047;
v0xb9d19a10b240_2048 .array/port v0xb9d19a10b240, 2048;
E_0xb9d199e68640/513 .event anyedge, v0xb9d19a10b240_2045, v0xb9d19a10b240_2046, v0xb9d19a10b240_2047, v0xb9d19a10b240_2048;
v0xb9d19a10b240_2049 .array/port v0xb9d19a10b240, 2049;
v0xb9d19a10b240_2050 .array/port v0xb9d19a10b240, 2050;
v0xb9d19a10b240_2051 .array/port v0xb9d19a10b240, 2051;
v0xb9d19a10b240_2052 .array/port v0xb9d19a10b240, 2052;
E_0xb9d199e68640/514 .event anyedge, v0xb9d19a10b240_2049, v0xb9d19a10b240_2050, v0xb9d19a10b240_2051, v0xb9d19a10b240_2052;
v0xb9d19a10b240_2053 .array/port v0xb9d19a10b240, 2053;
v0xb9d19a10b240_2054 .array/port v0xb9d19a10b240, 2054;
v0xb9d19a10b240_2055 .array/port v0xb9d19a10b240, 2055;
v0xb9d19a10b240_2056 .array/port v0xb9d19a10b240, 2056;
E_0xb9d199e68640/515 .event anyedge, v0xb9d19a10b240_2053, v0xb9d19a10b240_2054, v0xb9d19a10b240_2055, v0xb9d19a10b240_2056;
v0xb9d19a10b240_2057 .array/port v0xb9d19a10b240, 2057;
v0xb9d19a10b240_2058 .array/port v0xb9d19a10b240, 2058;
v0xb9d19a10b240_2059 .array/port v0xb9d19a10b240, 2059;
v0xb9d19a10b240_2060 .array/port v0xb9d19a10b240, 2060;
E_0xb9d199e68640/516 .event anyedge, v0xb9d19a10b240_2057, v0xb9d19a10b240_2058, v0xb9d19a10b240_2059, v0xb9d19a10b240_2060;
v0xb9d19a10b240_2061 .array/port v0xb9d19a10b240, 2061;
v0xb9d19a10b240_2062 .array/port v0xb9d19a10b240, 2062;
v0xb9d19a10b240_2063 .array/port v0xb9d19a10b240, 2063;
v0xb9d19a10b240_2064 .array/port v0xb9d19a10b240, 2064;
E_0xb9d199e68640/517 .event anyedge, v0xb9d19a10b240_2061, v0xb9d19a10b240_2062, v0xb9d19a10b240_2063, v0xb9d19a10b240_2064;
v0xb9d19a10b240_2065 .array/port v0xb9d19a10b240, 2065;
v0xb9d19a10b240_2066 .array/port v0xb9d19a10b240, 2066;
v0xb9d19a10b240_2067 .array/port v0xb9d19a10b240, 2067;
v0xb9d19a10b240_2068 .array/port v0xb9d19a10b240, 2068;
E_0xb9d199e68640/518 .event anyedge, v0xb9d19a10b240_2065, v0xb9d19a10b240_2066, v0xb9d19a10b240_2067, v0xb9d19a10b240_2068;
v0xb9d19a10b240_2069 .array/port v0xb9d19a10b240, 2069;
v0xb9d19a10b240_2070 .array/port v0xb9d19a10b240, 2070;
v0xb9d19a10b240_2071 .array/port v0xb9d19a10b240, 2071;
v0xb9d19a10b240_2072 .array/port v0xb9d19a10b240, 2072;
E_0xb9d199e68640/519 .event anyedge, v0xb9d19a10b240_2069, v0xb9d19a10b240_2070, v0xb9d19a10b240_2071, v0xb9d19a10b240_2072;
v0xb9d19a10b240_2073 .array/port v0xb9d19a10b240, 2073;
v0xb9d19a10b240_2074 .array/port v0xb9d19a10b240, 2074;
v0xb9d19a10b240_2075 .array/port v0xb9d19a10b240, 2075;
v0xb9d19a10b240_2076 .array/port v0xb9d19a10b240, 2076;
E_0xb9d199e68640/520 .event anyedge, v0xb9d19a10b240_2073, v0xb9d19a10b240_2074, v0xb9d19a10b240_2075, v0xb9d19a10b240_2076;
v0xb9d19a10b240_2077 .array/port v0xb9d19a10b240, 2077;
v0xb9d19a10b240_2078 .array/port v0xb9d19a10b240, 2078;
v0xb9d19a10b240_2079 .array/port v0xb9d19a10b240, 2079;
v0xb9d19a10b240_2080 .array/port v0xb9d19a10b240, 2080;
E_0xb9d199e68640/521 .event anyedge, v0xb9d19a10b240_2077, v0xb9d19a10b240_2078, v0xb9d19a10b240_2079, v0xb9d19a10b240_2080;
v0xb9d19a10b240_2081 .array/port v0xb9d19a10b240, 2081;
v0xb9d19a10b240_2082 .array/port v0xb9d19a10b240, 2082;
v0xb9d19a10b240_2083 .array/port v0xb9d19a10b240, 2083;
v0xb9d19a10b240_2084 .array/port v0xb9d19a10b240, 2084;
E_0xb9d199e68640/522 .event anyedge, v0xb9d19a10b240_2081, v0xb9d19a10b240_2082, v0xb9d19a10b240_2083, v0xb9d19a10b240_2084;
v0xb9d19a10b240_2085 .array/port v0xb9d19a10b240, 2085;
v0xb9d19a10b240_2086 .array/port v0xb9d19a10b240, 2086;
v0xb9d19a10b240_2087 .array/port v0xb9d19a10b240, 2087;
v0xb9d19a10b240_2088 .array/port v0xb9d19a10b240, 2088;
E_0xb9d199e68640/523 .event anyedge, v0xb9d19a10b240_2085, v0xb9d19a10b240_2086, v0xb9d19a10b240_2087, v0xb9d19a10b240_2088;
v0xb9d19a10b240_2089 .array/port v0xb9d19a10b240, 2089;
v0xb9d19a10b240_2090 .array/port v0xb9d19a10b240, 2090;
v0xb9d19a10b240_2091 .array/port v0xb9d19a10b240, 2091;
v0xb9d19a10b240_2092 .array/port v0xb9d19a10b240, 2092;
E_0xb9d199e68640/524 .event anyedge, v0xb9d19a10b240_2089, v0xb9d19a10b240_2090, v0xb9d19a10b240_2091, v0xb9d19a10b240_2092;
v0xb9d19a10b240_2093 .array/port v0xb9d19a10b240, 2093;
v0xb9d19a10b240_2094 .array/port v0xb9d19a10b240, 2094;
v0xb9d19a10b240_2095 .array/port v0xb9d19a10b240, 2095;
v0xb9d19a10b240_2096 .array/port v0xb9d19a10b240, 2096;
E_0xb9d199e68640/525 .event anyedge, v0xb9d19a10b240_2093, v0xb9d19a10b240_2094, v0xb9d19a10b240_2095, v0xb9d19a10b240_2096;
v0xb9d19a10b240_2097 .array/port v0xb9d19a10b240, 2097;
v0xb9d19a10b240_2098 .array/port v0xb9d19a10b240, 2098;
v0xb9d19a10b240_2099 .array/port v0xb9d19a10b240, 2099;
v0xb9d19a10b240_2100 .array/port v0xb9d19a10b240, 2100;
E_0xb9d199e68640/526 .event anyedge, v0xb9d19a10b240_2097, v0xb9d19a10b240_2098, v0xb9d19a10b240_2099, v0xb9d19a10b240_2100;
v0xb9d19a10b240_2101 .array/port v0xb9d19a10b240, 2101;
v0xb9d19a10b240_2102 .array/port v0xb9d19a10b240, 2102;
v0xb9d19a10b240_2103 .array/port v0xb9d19a10b240, 2103;
v0xb9d19a10b240_2104 .array/port v0xb9d19a10b240, 2104;
E_0xb9d199e68640/527 .event anyedge, v0xb9d19a10b240_2101, v0xb9d19a10b240_2102, v0xb9d19a10b240_2103, v0xb9d19a10b240_2104;
v0xb9d19a10b240_2105 .array/port v0xb9d19a10b240, 2105;
v0xb9d19a10b240_2106 .array/port v0xb9d19a10b240, 2106;
v0xb9d19a10b240_2107 .array/port v0xb9d19a10b240, 2107;
v0xb9d19a10b240_2108 .array/port v0xb9d19a10b240, 2108;
E_0xb9d199e68640/528 .event anyedge, v0xb9d19a10b240_2105, v0xb9d19a10b240_2106, v0xb9d19a10b240_2107, v0xb9d19a10b240_2108;
v0xb9d19a10b240_2109 .array/port v0xb9d19a10b240, 2109;
v0xb9d19a10b240_2110 .array/port v0xb9d19a10b240, 2110;
v0xb9d19a10b240_2111 .array/port v0xb9d19a10b240, 2111;
v0xb9d19a10b240_2112 .array/port v0xb9d19a10b240, 2112;
E_0xb9d199e68640/529 .event anyedge, v0xb9d19a10b240_2109, v0xb9d19a10b240_2110, v0xb9d19a10b240_2111, v0xb9d19a10b240_2112;
v0xb9d19a10b240_2113 .array/port v0xb9d19a10b240, 2113;
v0xb9d19a10b240_2114 .array/port v0xb9d19a10b240, 2114;
v0xb9d19a10b240_2115 .array/port v0xb9d19a10b240, 2115;
v0xb9d19a10b240_2116 .array/port v0xb9d19a10b240, 2116;
E_0xb9d199e68640/530 .event anyedge, v0xb9d19a10b240_2113, v0xb9d19a10b240_2114, v0xb9d19a10b240_2115, v0xb9d19a10b240_2116;
v0xb9d19a10b240_2117 .array/port v0xb9d19a10b240, 2117;
v0xb9d19a10b240_2118 .array/port v0xb9d19a10b240, 2118;
v0xb9d19a10b240_2119 .array/port v0xb9d19a10b240, 2119;
v0xb9d19a10b240_2120 .array/port v0xb9d19a10b240, 2120;
E_0xb9d199e68640/531 .event anyedge, v0xb9d19a10b240_2117, v0xb9d19a10b240_2118, v0xb9d19a10b240_2119, v0xb9d19a10b240_2120;
v0xb9d19a10b240_2121 .array/port v0xb9d19a10b240, 2121;
v0xb9d19a10b240_2122 .array/port v0xb9d19a10b240, 2122;
v0xb9d19a10b240_2123 .array/port v0xb9d19a10b240, 2123;
v0xb9d19a10b240_2124 .array/port v0xb9d19a10b240, 2124;
E_0xb9d199e68640/532 .event anyedge, v0xb9d19a10b240_2121, v0xb9d19a10b240_2122, v0xb9d19a10b240_2123, v0xb9d19a10b240_2124;
v0xb9d19a10b240_2125 .array/port v0xb9d19a10b240, 2125;
v0xb9d19a10b240_2126 .array/port v0xb9d19a10b240, 2126;
v0xb9d19a10b240_2127 .array/port v0xb9d19a10b240, 2127;
v0xb9d19a10b240_2128 .array/port v0xb9d19a10b240, 2128;
E_0xb9d199e68640/533 .event anyedge, v0xb9d19a10b240_2125, v0xb9d19a10b240_2126, v0xb9d19a10b240_2127, v0xb9d19a10b240_2128;
v0xb9d19a10b240_2129 .array/port v0xb9d19a10b240, 2129;
v0xb9d19a10b240_2130 .array/port v0xb9d19a10b240, 2130;
v0xb9d19a10b240_2131 .array/port v0xb9d19a10b240, 2131;
v0xb9d19a10b240_2132 .array/port v0xb9d19a10b240, 2132;
E_0xb9d199e68640/534 .event anyedge, v0xb9d19a10b240_2129, v0xb9d19a10b240_2130, v0xb9d19a10b240_2131, v0xb9d19a10b240_2132;
v0xb9d19a10b240_2133 .array/port v0xb9d19a10b240, 2133;
v0xb9d19a10b240_2134 .array/port v0xb9d19a10b240, 2134;
v0xb9d19a10b240_2135 .array/port v0xb9d19a10b240, 2135;
v0xb9d19a10b240_2136 .array/port v0xb9d19a10b240, 2136;
E_0xb9d199e68640/535 .event anyedge, v0xb9d19a10b240_2133, v0xb9d19a10b240_2134, v0xb9d19a10b240_2135, v0xb9d19a10b240_2136;
v0xb9d19a10b240_2137 .array/port v0xb9d19a10b240, 2137;
v0xb9d19a10b240_2138 .array/port v0xb9d19a10b240, 2138;
v0xb9d19a10b240_2139 .array/port v0xb9d19a10b240, 2139;
v0xb9d19a10b240_2140 .array/port v0xb9d19a10b240, 2140;
E_0xb9d199e68640/536 .event anyedge, v0xb9d19a10b240_2137, v0xb9d19a10b240_2138, v0xb9d19a10b240_2139, v0xb9d19a10b240_2140;
v0xb9d19a10b240_2141 .array/port v0xb9d19a10b240, 2141;
v0xb9d19a10b240_2142 .array/port v0xb9d19a10b240, 2142;
v0xb9d19a10b240_2143 .array/port v0xb9d19a10b240, 2143;
v0xb9d19a10b240_2144 .array/port v0xb9d19a10b240, 2144;
E_0xb9d199e68640/537 .event anyedge, v0xb9d19a10b240_2141, v0xb9d19a10b240_2142, v0xb9d19a10b240_2143, v0xb9d19a10b240_2144;
v0xb9d19a10b240_2145 .array/port v0xb9d19a10b240, 2145;
v0xb9d19a10b240_2146 .array/port v0xb9d19a10b240, 2146;
v0xb9d19a10b240_2147 .array/port v0xb9d19a10b240, 2147;
v0xb9d19a10b240_2148 .array/port v0xb9d19a10b240, 2148;
E_0xb9d199e68640/538 .event anyedge, v0xb9d19a10b240_2145, v0xb9d19a10b240_2146, v0xb9d19a10b240_2147, v0xb9d19a10b240_2148;
v0xb9d19a10b240_2149 .array/port v0xb9d19a10b240, 2149;
v0xb9d19a10b240_2150 .array/port v0xb9d19a10b240, 2150;
v0xb9d19a10b240_2151 .array/port v0xb9d19a10b240, 2151;
v0xb9d19a10b240_2152 .array/port v0xb9d19a10b240, 2152;
E_0xb9d199e68640/539 .event anyedge, v0xb9d19a10b240_2149, v0xb9d19a10b240_2150, v0xb9d19a10b240_2151, v0xb9d19a10b240_2152;
v0xb9d19a10b240_2153 .array/port v0xb9d19a10b240, 2153;
v0xb9d19a10b240_2154 .array/port v0xb9d19a10b240, 2154;
v0xb9d19a10b240_2155 .array/port v0xb9d19a10b240, 2155;
v0xb9d19a10b240_2156 .array/port v0xb9d19a10b240, 2156;
E_0xb9d199e68640/540 .event anyedge, v0xb9d19a10b240_2153, v0xb9d19a10b240_2154, v0xb9d19a10b240_2155, v0xb9d19a10b240_2156;
v0xb9d19a10b240_2157 .array/port v0xb9d19a10b240, 2157;
v0xb9d19a10b240_2158 .array/port v0xb9d19a10b240, 2158;
v0xb9d19a10b240_2159 .array/port v0xb9d19a10b240, 2159;
v0xb9d19a10b240_2160 .array/port v0xb9d19a10b240, 2160;
E_0xb9d199e68640/541 .event anyedge, v0xb9d19a10b240_2157, v0xb9d19a10b240_2158, v0xb9d19a10b240_2159, v0xb9d19a10b240_2160;
v0xb9d19a10b240_2161 .array/port v0xb9d19a10b240, 2161;
v0xb9d19a10b240_2162 .array/port v0xb9d19a10b240, 2162;
v0xb9d19a10b240_2163 .array/port v0xb9d19a10b240, 2163;
v0xb9d19a10b240_2164 .array/port v0xb9d19a10b240, 2164;
E_0xb9d199e68640/542 .event anyedge, v0xb9d19a10b240_2161, v0xb9d19a10b240_2162, v0xb9d19a10b240_2163, v0xb9d19a10b240_2164;
v0xb9d19a10b240_2165 .array/port v0xb9d19a10b240, 2165;
v0xb9d19a10b240_2166 .array/port v0xb9d19a10b240, 2166;
v0xb9d19a10b240_2167 .array/port v0xb9d19a10b240, 2167;
v0xb9d19a10b240_2168 .array/port v0xb9d19a10b240, 2168;
E_0xb9d199e68640/543 .event anyedge, v0xb9d19a10b240_2165, v0xb9d19a10b240_2166, v0xb9d19a10b240_2167, v0xb9d19a10b240_2168;
v0xb9d19a10b240_2169 .array/port v0xb9d19a10b240, 2169;
v0xb9d19a10b240_2170 .array/port v0xb9d19a10b240, 2170;
v0xb9d19a10b240_2171 .array/port v0xb9d19a10b240, 2171;
v0xb9d19a10b240_2172 .array/port v0xb9d19a10b240, 2172;
E_0xb9d199e68640/544 .event anyedge, v0xb9d19a10b240_2169, v0xb9d19a10b240_2170, v0xb9d19a10b240_2171, v0xb9d19a10b240_2172;
v0xb9d19a10b240_2173 .array/port v0xb9d19a10b240, 2173;
v0xb9d19a10b240_2174 .array/port v0xb9d19a10b240, 2174;
v0xb9d19a10b240_2175 .array/port v0xb9d19a10b240, 2175;
v0xb9d19a10b240_2176 .array/port v0xb9d19a10b240, 2176;
E_0xb9d199e68640/545 .event anyedge, v0xb9d19a10b240_2173, v0xb9d19a10b240_2174, v0xb9d19a10b240_2175, v0xb9d19a10b240_2176;
v0xb9d19a10b240_2177 .array/port v0xb9d19a10b240, 2177;
v0xb9d19a10b240_2178 .array/port v0xb9d19a10b240, 2178;
v0xb9d19a10b240_2179 .array/port v0xb9d19a10b240, 2179;
v0xb9d19a10b240_2180 .array/port v0xb9d19a10b240, 2180;
E_0xb9d199e68640/546 .event anyedge, v0xb9d19a10b240_2177, v0xb9d19a10b240_2178, v0xb9d19a10b240_2179, v0xb9d19a10b240_2180;
v0xb9d19a10b240_2181 .array/port v0xb9d19a10b240, 2181;
v0xb9d19a10b240_2182 .array/port v0xb9d19a10b240, 2182;
v0xb9d19a10b240_2183 .array/port v0xb9d19a10b240, 2183;
v0xb9d19a10b240_2184 .array/port v0xb9d19a10b240, 2184;
E_0xb9d199e68640/547 .event anyedge, v0xb9d19a10b240_2181, v0xb9d19a10b240_2182, v0xb9d19a10b240_2183, v0xb9d19a10b240_2184;
v0xb9d19a10b240_2185 .array/port v0xb9d19a10b240, 2185;
v0xb9d19a10b240_2186 .array/port v0xb9d19a10b240, 2186;
v0xb9d19a10b240_2187 .array/port v0xb9d19a10b240, 2187;
v0xb9d19a10b240_2188 .array/port v0xb9d19a10b240, 2188;
E_0xb9d199e68640/548 .event anyedge, v0xb9d19a10b240_2185, v0xb9d19a10b240_2186, v0xb9d19a10b240_2187, v0xb9d19a10b240_2188;
v0xb9d19a10b240_2189 .array/port v0xb9d19a10b240, 2189;
v0xb9d19a10b240_2190 .array/port v0xb9d19a10b240, 2190;
v0xb9d19a10b240_2191 .array/port v0xb9d19a10b240, 2191;
v0xb9d19a10b240_2192 .array/port v0xb9d19a10b240, 2192;
E_0xb9d199e68640/549 .event anyedge, v0xb9d19a10b240_2189, v0xb9d19a10b240_2190, v0xb9d19a10b240_2191, v0xb9d19a10b240_2192;
v0xb9d19a10b240_2193 .array/port v0xb9d19a10b240, 2193;
v0xb9d19a10b240_2194 .array/port v0xb9d19a10b240, 2194;
v0xb9d19a10b240_2195 .array/port v0xb9d19a10b240, 2195;
v0xb9d19a10b240_2196 .array/port v0xb9d19a10b240, 2196;
E_0xb9d199e68640/550 .event anyedge, v0xb9d19a10b240_2193, v0xb9d19a10b240_2194, v0xb9d19a10b240_2195, v0xb9d19a10b240_2196;
v0xb9d19a10b240_2197 .array/port v0xb9d19a10b240, 2197;
v0xb9d19a10b240_2198 .array/port v0xb9d19a10b240, 2198;
v0xb9d19a10b240_2199 .array/port v0xb9d19a10b240, 2199;
v0xb9d19a10b240_2200 .array/port v0xb9d19a10b240, 2200;
E_0xb9d199e68640/551 .event anyedge, v0xb9d19a10b240_2197, v0xb9d19a10b240_2198, v0xb9d19a10b240_2199, v0xb9d19a10b240_2200;
v0xb9d19a10b240_2201 .array/port v0xb9d19a10b240, 2201;
v0xb9d19a10b240_2202 .array/port v0xb9d19a10b240, 2202;
v0xb9d19a10b240_2203 .array/port v0xb9d19a10b240, 2203;
v0xb9d19a10b240_2204 .array/port v0xb9d19a10b240, 2204;
E_0xb9d199e68640/552 .event anyedge, v0xb9d19a10b240_2201, v0xb9d19a10b240_2202, v0xb9d19a10b240_2203, v0xb9d19a10b240_2204;
v0xb9d19a10b240_2205 .array/port v0xb9d19a10b240, 2205;
v0xb9d19a10b240_2206 .array/port v0xb9d19a10b240, 2206;
v0xb9d19a10b240_2207 .array/port v0xb9d19a10b240, 2207;
v0xb9d19a10b240_2208 .array/port v0xb9d19a10b240, 2208;
E_0xb9d199e68640/553 .event anyedge, v0xb9d19a10b240_2205, v0xb9d19a10b240_2206, v0xb9d19a10b240_2207, v0xb9d19a10b240_2208;
v0xb9d19a10b240_2209 .array/port v0xb9d19a10b240, 2209;
v0xb9d19a10b240_2210 .array/port v0xb9d19a10b240, 2210;
v0xb9d19a10b240_2211 .array/port v0xb9d19a10b240, 2211;
v0xb9d19a10b240_2212 .array/port v0xb9d19a10b240, 2212;
E_0xb9d199e68640/554 .event anyedge, v0xb9d19a10b240_2209, v0xb9d19a10b240_2210, v0xb9d19a10b240_2211, v0xb9d19a10b240_2212;
v0xb9d19a10b240_2213 .array/port v0xb9d19a10b240, 2213;
v0xb9d19a10b240_2214 .array/port v0xb9d19a10b240, 2214;
v0xb9d19a10b240_2215 .array/port v0xb9d19a10b240, 2215;
v0xb9d19a10b240_2216 .array/port v0xb9d19a10b240, 2216;
E_0xb9d199e68640/555 .event anyedge, v0xb9d19a10b240_2213, v0xb9d19a10b240_2214, v0xb9d19a10b240_2215, v0xb9d19a10b240_2216;
v0xb9d19a10b240_2217 .array/port v0xb9d19a10b240, 2217;
v0xb9d19a10b240_2218 .array/port v0xb9d19a10b240, 2218;
v0xb9d19a10b240_2219 .array/port v0xb9d19a10b240, 2219;
v0xb9d19a10b240_2220 .array/port v0xb9d19a10b240, 2220;
E_0xb9d199e68640/556 .event anyedge, v0xb9d19a10b240_2217, v0xb9d19a10b240_2218, v0xb9d19a10b240_2219, v0xb9d19a10b240_2220;
v0xb9d19a10b240_2221 .array/port v0xb9d19a10b240, 2221;
v0xb9d19a10b240_2222 .array/port v0xb9d19a10b240, 2222;
v0xb9d19a10b240_2223 .array/port v0xb9d19a10b240, 2223;
v0xb9d19a10b240_2224 .array/port v0xb9d19a10b240, 2224;
E_0xb9d199e68640/557 .event anyedge, v0xb9d19a10b240_2221, v0xb9d19a10b240_2222, v0xb9d19a10b240_2223, v0xb9d19a10b240_2224;
v0xb9d19a10b240_2225 .array/port v0xb9d19a10b240, 2225;
v0xb9d19a10b240_2226 .array/port v0xb9d19a10b240, 2226;
v0xb9d19a10b240_2227 .array/port v0xb9d19a10b240, 2227;
v0xb9d19a10b240_2228 .array/port v0xb9d19a10b240, 2228;
E_0xb9d199e68640/558 .event anyedge, v0xb9d19a10b240_2225, v0xb9d19a10b240_2226, v0xb9d19a10b240_2227, v0xb9d19a10b240_2228;
v0xb9d19a10b240_2229 .array/port v0xb9d19a10b240, 2229;
v0xb9d19a10b240_2230 .array/port v0xb9d19a10b240, 2230;
v0xb9d19a10b240_2231 .array/port v0xb9d19a10b240, 2231;
v0xb9d19a10b240_2232 .array/port v0xb9d19a10b240, 2232;
E_0xb9d199e68640/559 .event anyedge, v0xb9d19a10b240_2229, v0xb9d19a10b240_2230, v0xb9d19a10b240_2231, v0xb9d19a10b240_2232;
v0xb9d19a10b240_2233 .array/port v0xb9d19a10b240, 2233;
v0xb9d19a10b240_2234 .array/port v0xb9d19a10b240, 2234;
v0xb9d19a10b240_2235 .array/port v0xb9d19a10b240, 2235;
v0xb9d19a10b240_2236 .array/port v0xb9d19a10b240, 2236;
E_0xb9d199e68640/560 .event anyedge, v0xb9d19a10b240_2233, v0xb9d19a10b240_2234, v0xb9d19a10b240_2235, v0xb9d19a10b240_2236;
v0xb9d19a10b240_2237 .array/port v0xb9d19a10b240, 2237;
v0xb9d19a10b240_2238 .array/port v0xb9d19a10b240, 2238;
v0xb9d19a10b240_2239 .array/port v0xb9d19a10b240, 2239;
v0xb9d19a10b240_2240 .array/port v0xb9d19a10b240, 2240;
E_0xb9d199e68640/561 .event anyedge, v0xb9d19a10b240_2237, v0xb9d19a10b240_2238, v0xb9d19a10b240_2239, v0xb9d19a10b240_2240;
v0xb9d19a10b240_2241 .array/port v0xb9d19a10b240, 2241;
v0xb9d19a10b240_2242 .array/port v0xb9d19a10b240, 2242;
v0xb9d19a10b240_2243 .array/port v0xb9d19a10b240, 2243;
v0xb9d19a10b240_2244 .array/port v0xb9d19a10b240, 2244;
E_0xb9d199e68640/562 .event anyedge, v0xb9d19a10b240_2241, v0xb9d19a10b240_2242, v0xb9d19a10b240_2243, v0xb9d19a10b240_2244;
v0xb9d19a10b240_2245 .array/port v0xb9d19a10b240, 2245;
v0xb9d19a10b240_2246 .array/port v0xb9d19a10b240, 2246;
v0xb9d19a10b240_2247 .array/port v0xb9d19a10b240, 2247;
v0xb9d19a10b240_2248 .array/port v0xb9d19a10b240, 2248;
E_0xb9d199e68640/563 .event anyedge, v0xb9d19a10b240_2245, v0xb9d19a10b240_2246, v0xb9d19a10b240_2247, v0xb9d19a10b240_2248;
v0xb9d19a10b240_2249 .array/port v0xb9d19a10b240, 2249;
v0xb9d19a10b240_2250 .array/port v0xb9d19a10b240, 2250;
v0xb9d19a10b240_2251 .array/port v0xb9d19a10b240, 2251;
v0xb9d19a10b240_2252 .array/port v0xb9d19a10b240, 2252;
E_0xb9d199e68640/564 .event anyedge, v0xb9d19a10b240_2249, v0xb9d19a10b240_2250, v0xb9d19a10b240_2251, v0xb9d19a10b240_2252;
v0xb9d19a10b240_2253 .array/port v0xb9d19a10b240, 2253;
v0xb9d19a10b240_2254 .array/port v0xb9d19a10b240, 2254;
v0xb9d19a10b240_2255 .array/port v0xb9d19a10b240, 2255;
v0xb9d19a10b240_2256 .array/port v0xb9d19a10b240, 2256;
E_0xb9d199e68640/565 .event anyedge, v0xb9d19a10b240_2253, v0xb9d19a10b240_2254, v0xb9d19a10b240_2255, v0xb9d19a10b240_2256;
v0xb9d19a10b240_2257 .array/port v0xb9d19a10b240, 2257;
v0xb9d19a10b240_2258 .array/port v0xb9d19a10b240, 2258;
v0xb9d19a10b240_2259 .array/port v0xb9d19a10b240, 2259;
v0xb9d19a10b240_2260 .array/port v0xb9d19a10b240, 2260;
E_0xb9d199e68640/566 .event anyedge, v0xb9d19a10b240_2257, v0xb9d19a10b240_2258, v0xb9d19a10b240_2259, v0xb9d19a10b240_2260;
v0xb9d19a10b240_2261 .array/port v0xb9d19a10b240, 2261;
v0xb9d19a10b240_2262 .array/port v0xb9d19a10b240, 2262;
v0xb9d19a10b240_2263 .array/port v0xb9d19a10b240, 2263;
v0xb9d19a10b240_2264 .array/port v0xb9d19a10b240, 2264;
E_0xb9d199e68640/567 .event anyedge, v0xb9d19a10b240_2261, v0xb9d19a10b240_2262, v0xb9d19a10b240_2263, v0xb9d19a10b240_2264;
v0xb9d19a10b240_2265 .array/port v0xb9d19a10b240, 2265;
v0xb9d19a10b240_2266 .array/port v0xb9d19a10b240, 2266;
v0xb9d19a10b240_2267 .array/port v0xb9d19a10b240, 2267;
v0xb9d19a10b240_2268 .array/port v0xb9d19a10b240, 2268;
E_0xb9d199e68640/568 .event anyedge, v0xb9d19a10b240_2265, v0xb9d19a10b240_2266, v0xb9d19a10b240_2267, v0xb9d19a10b240_2268;
v0xb9d19a10b240_2269 .array/port v0xb9d19a10b240, 2269;
v0xb9d19a10b240_2270 .array/port v0xb9d19a10b240, 2270;
v0xb9d19a10b240_2271 .array/port v0xb9d19a10b240, 2271;
v0xb9d19a10b240_2272 .array/port v0xb9d19a10b240, 2272;
E_0xb9d199e68640/569 .event anyedge, v0xb9d19a10b240_2269, v0xb9d19a10b240_2270, v0xb9d19a10b240_2271, v0xb9d19a10b240_2272;
v0xb9d19a10b240_2273 .array/port v0xb9d19a10b240, 2273;
v0xb9d19a10b240_2274 .array/port v0xb9d19a10b240, 2274;
v0xb9d19a10b240_2275 .array/port v0xb9d19a10b240, 2275;
v0xb9d19a10b240_2276 .array/port v0xb9d19a10b240, 2276;
E_0xb9d199e68640/570 .event anyedge, v0xb9d19a10b240_2273, v0xb9d19a10b240_2274, v0xb9d19a10b240_2275, v0xb9d19a10b240_2276;
v0xb9d19a10b240_2277 .array/port v0xb9d19a10b240, 2277;
v0xb9d19a10b240_2278 .array/port v0xb9d19a10b240, 2278;
v0xb9d19a10b240_2279 .array/port v0xb9d19a10b240, 2279;
v0xb9d19a10b240_2280 .array/port v0xb9d19a10b240, 2280;
E_0xb9d199e68640/571 .event anyedge, v0xb9d19a10b240_2277, v0xb9d19a10b240_2278, v0xb9d19a10b240_2279, v0xb9d19a10b240_2280;
v0xb9d19a10b240_2281 .array/port v0xb9d19a10b240, 2281;
v0xb9d19a10b240_2282 .array/port v0xb9d19a10b240, 2282;
v0xb9d19a10b240_2283 .array/port v0xb9d19a10b240, 2283;
v0xb9d19a10b240_2284 .array/port v0xb9d19a10b240, 2284;
E_0xb9d199e68640/572 .event anyedge, v0xb9d19a10b240_2281, v0xb9d19a10b240_2282, v0xb9d19a10b240_2283, v0xb9d19a10b240_2284;
v0xb9d19a10b240_2285 .array/port v0xb9d19a10b240, 2285;
v0xb9d19a10b240_2286 .array/port v0xb9d19a10b240, 2286;
v0xb9d19a10b240_2287 .array/port v0xb9d19a10b240, 2287;
v0xb9d19a10b240_2288 .array/port v0xb9d19a10b240, 2288;
E_0xb9d199e68640/573 .event anyedge, v0xb9d19a10b240_2285, v0xb9d19a10b240_2286, v0xb9d19a10b240_2287, v0xb9d19a10b240_2288;
v0xb9d19a10b240_2289 .array/port v0xb9d19a10b240, 2289;
v0xb9d19a10b240_2290 .array/port v0xb9d19a10b240, 2290;
v0xb9d19a10b240_2291 .array/port v0xb9d19a10b240, 2291;
v0xb9d19a10b240_2292 .array/port v0xb9d19a10b240, 2292;
E_0xb9d199e68640/574 .event anyedge, v0xb9d19a10b240_2289, v0xb9d19a10b240_2290, v0xb9d19a10b240_2291, v0xb9d19a10b240_2292;
v0xb9d19a10b240_2293 .array/port v0xb9d19a10b240, 2293;
v0xb9d19a10b240_2294 .array/port v0xb9d19a10b240, 2294;
v0xb9d19a10b240_2295 .array/port v0xb9d19a10b240, 2295;
v0xb9d19a10b240_2296 .array/port v0xb9d19a10b240, 2296;
E_0xb9d199e68640/575 .event anyedge, v0xb9d19a10b240_2293, v0xb9d19a10b240_2294, v0xb9d19a10b240_2295, v0xb9d19a10b240_2296;
v0xb9d19a10b240_2297 .array/port v0xb9d19a10b240, 2297;
v0xb9d19a10b240_2298 .array/port v0xb9d19a10b240, 2298;
v0xb9d19a10b240_2299 .array/port v0xb9d19a10b240, 2299;
v0xb9d19a10b240_2300 .array/port v0xb9d19a10b240, 2300;
E_0xb9d199e68640/576 .event anyedge, v0xb9d19a10b240_2297, v0xb9d19a10b240_2298, v0xb9d19a10b240_2299, v0xb9d19a10b240_2300;
v0xb9d19a10b240_2301 .array/port v0xb9d19a10b240, 2301;
v0xb9d19a10b240_2302 .array/port v0xb9d19a10b240, 2302;
v0xb9d19a10b240_2303 .array/port v0xb9d19a10b240, 2303;
v0xb9d19a10b240_2304 .array/port v0xb9d19a10b240, 2304;
E_0xb9d199e68640/577 .event anyedge, v0xb9d19a10b240_2301, v0xb9d19a10b240_2302, v0xb9d19a10b240_2303, v0xb9d19a10b240_2304;
v0xb9d19a10b240_2305 .array/port v0xb9d19a10b240, 2305;
v0xb9d19a10b240_2306 .array/port v0xb9d19a10b240, 2306;
v0xb9d19a10b240_2307 .array/port v0xb9d19a10b240, 2307;
v0xb9d19a10b240_2308 .array/port v0xb9d19a10b240, 2308;
E_0xb9d199e68640/578 .event anyedge, v0xb9d19a10b240_2305, v0xb9d19a10b240_2306, v0xb9d19a10b240_2307, v0xb9d19a10b240_2308;
v0xb9d19a10b240_2309 .array/port v0xb9d19a10b240, 2309;
v0xb9d19a10b240_2310 .array/port v0xb9d19a10b240, 2310;
v0xb9d19a10b240_2311 .array/port v0xb9d19a10b240, 2311;
v0xb9d19a10b240_2312 .array/port v0xb9d19a10b240, 2312;
E_0xb9d199e68640/579 .event anyedge, v0xb9d19a10b240_2309, v0xb9d19a10b240_2310, v0xb9d19a10b240_2311, v0xb9d19a10b240_2312;
v0xb9d19a10b240_2313 .array/port v0xb9d19a10b240, 2313;
v0xb9d19a10b240_2314 .array/port v0xb9d19a10b240, 2314;
v0xb9d19a10b240_2315 .array/port v0xb9d19a10b240, 2315;
v0xb9d19a10b240_2316 .array/port v0xb9d19a10b240, 2316;
E_0xb9d199e68640/580 .event anyedge, v0xb9d19a10b240_2313, v0xb9d19a10b240_2314, v0xb9d19a10b240_2315, v0xb9d19a10b240_2316;
v0xb9d19a10b240_2317 .array/port v0xb9d19a10b240, 2317;
v0xb9d19a10b240_2318 .array/port v0xb9d19a10b240, 2318;
v0xb9d19a10b240_2319 .array/port v0xb9d19a10b240, 2319;
v0xb9d19a10b240_2320 .array/port v0xb9d19a10b240, 2320;
E_0xb9d199e68640/581 .event anyedge, v0xb9d19a10b240_2317, v0xb9d19a10b240_2318, v0xb9d19a10b240_2319, v0xb9d19a10b240_2320;
v0xb9d19a10b240_2321 .array/port v0xb9d19a10b240, 2321;
v0xb9d19a10b240_2322 .array/port v0xb9d19a10b240, 2322;
v0xb9d19a10b240_2323 .array/port v0xb9d19a10b240, 2323;
v0xb9d19a10b240_2324 .array/port v0xb9d19a10b240, 2324;
E_0xb9d199e68640/582 .event anyedge, v0xb9d19a10b240_2321, v0xb9d19a10b240_2322, v0xb9d19a10b240_2323, v0xb9d19a10b240_2324;
v0xb9d19a10b240_2325 .array/port v0xb9d19a10b240, 2325;
v0xb9d19a10b240_2326 .array/port v0xb9d19a10b240, 2326;
v0xb9d19a10b240_2327 .array/port v0xb9d19a10b240, 2327;
v0xb9d19a10b240_2328 .array/port v0xb9d19a10b240, 2328;
E_0xb9d199e68640/583 .event anyedge, v0xb9d19a10b240_2325, v0xb9d19a10b240_2326, v0xb9d19a10b240_2327, v0xb9d19a10b240_2328;
v0xb9d19a10b240_2329 .array/port v0xb9d19a10b240, 2329;
v0xb9d19a10b240_2330 .array/port v0xb9d19a10b240, 2330;
v0xb9d19a10b240_2331 .array/port v0xb9d19a10b240, 2331;
v0xb9d19a10b240_2332 .array/port v0xb9d19a10b240, 2332;
E_0xb9d199e68640/584 .event anyedge, v0xb9d19a10b240_2329, v0xb9d19a10b240_2330, v0xb9d19a10b240_2331, v0xb9d19a10b240_2332;
v0xb9d19a10b240_2333 .array/port v0xb9d19a10b240, 2333;
v0xb9d19a10b240_2334 .array/port v0xb9d19a10b240, 2334;
v0xb9d19a10b240_2335 .array/port v0xb9d19a10b240, 2335;
v0xb9d19a10b240_2336 .array/port v0xb9d19a10b240, 2336;
E_0xb9d199e68640/585 .event anyedge, v0xb9d19a10b240_2333, v0xb9d19a10b240_2334, v0xb9d19a10b240_2335, v0xb9d19a10b240_2336;
v0xb9d19a10b240_2337 .array/port v0xb9d19a10b240, 2337;
v0xb9d19a10b240_2338 .array/port v0xb9d19a10b240, 2338;
v0xb9d19a10b240_2339 .array/port v0xb9d19a10b240, 2339;
v0xb9d19a10b240_2340 .array/port v0xb9d19a10b240, 2340;
E_0xb9d199e68640/586 .event anyedge, v0xb9d19a10b240_2337, v0xb9d19a10b240_2338, v0xb9d19a10b240_2339, v0xb9d19a10b240_2340;
v0xb9d19a10b240_2341 .array/port v0xb9d19a10b240, 2341;
v0xb9d19a10b240_2342 .array/port v0xb9d19a10b240, 2342;
v0xb9d19a10b240_2343 .array/port v0xb9d19a10b240, 2343;
v0xb9d19a10b240_2344 .array/port v0xb9d19a10b240, 2344;
E_0xb9d199e68640/587 .event anyedge, v0xb9d19a10b240_2341, v0xb9d19a10b240_2342, v0xb9d19a10b240_2343, v0xb9d19a10b240_2344;
v0xb9d19a10b240_2345 .array/port v0xb9d19a10b240, 2345;
v0xb9d19a10b240_2346 .array/port v0xb9d19a10b240, 2346;
v0xb9d19a10b240_2347 .array/port v0xb9d19a10b240, 2347;
v0xb9d19a10b240_2348 .array/port v0xb9d19a10b240, 2348;
E_0xb9d199e68640/588 .event anyedge, v0xb9d19a10b240_2345, v0xb9d19a10b240_2346, v0xb9d19a10b240_2347, v0xb9d19a10b240_2348;
v0xb9d19a10b240_2349 .array/port v0xb9d19a10b240, 2349;
v0xb9d19a10b240_2350 .array/port v0xb9d19a10b240, 2350;
v0xb9d19a10b240_2351 .array/port v0xb9d19a10b240, 2351;
v0xb9d19a10b240_2352 .array/port v0xb9d19a10b240, 2352;
E_0xb9d199e68640/589 .event anyedge, v0xb9d19a10b240_2349, v0xb9d19a10b240_2350, v0xb9d19a10b240_2351, v0xb9d19a10b240_2352;
v0xb9d19a10b240_2353 .array/port v0xb9d19a10b240, 2353;
v0xb9d19a10b240_2354 .array/port v0xb9d19a10b240, 2354;
v0xb9d19a10b240_2355 .array/port v0xb9d19a10b240, 2355;
v0xb9d19a10b240_2356 .array/port v0xb9d19a10b240, 2356;
E_0xb9d199e68640/590 .event anyedge, v0xb9d19a10b240_2353, v0xb9d19a10b240_2354, v0xb9d19a10b240_2355, v0xb9d19a10b240_2356;
v0xb9d19a10b240_2357 .array/port v0xb9d19a10b240, 2357;
v0xb9d19a10b240_2358 .array/port v0xb9d19a10b240, 2358;
v0xb9d19a10b240_2359 .array/port v0xb9d19a10b240, 2359;
v0xb9d19a10b240_2360 .array/port v0xb9d19a10b240, 2360;
E_0xb9d199e68640/591 .event anyedge, v0xb9d19a10b240_2357, v0xb9d19a10b240_2358, v0xb9d19a10b240_2359, v0xb9d19a10b240_2360;
v0xb9d19a10b240_2361 .array/port v0xb9d19a10b240, 2361;
v0xb9d19a10b240_2362 .array/port v0xb9d19a10b240, 2362;
v0xb9d19a10b240_2363 .array/port v0xb9d19a10b240, 2363;
v0xb9d19a10b240_2364 .array/port v0xb9d19a10b240, 2364;
E_0xb9d199e68640/592 .event anyedge, v0xb9d19a10b240_2361, v0xb9d19a10b240_2362, v0xb9d19a10b240_2363, v0xb9d19a10b240_2364;
v0xb9d19a10b240_2365 .array/port v0xb9d19a10b240, 2365;
v0xb9d19a10b240_2366 .array/port v0xb9d19a10b240, 2366;
v0xb9d19a10b240_2367 .array/port v0xb9d19a10b240, 2367;
v0xb9d19a10b240_2368 .array/port v0xb9d19a10b240, 2368;
E_0xb9d199e68640/593 .event anyedge, v0xb9d19a10b240_2365, v0xb9d19a10b240_2366, v0xb9d19a10b240_2367, v0xb9d19a10b240_2368;
v0xb9d19a10b240_2369 .array/port v0xb9d19a10b240, 2369;
v0xb9d19a10b240_2370 .array/port v0xb9d19a10b240, 2370;
v0xb9d19a10b240_2371 .array/port v0xb9d19a10b240, 2371;
v0xb9d19a10b240_2372 .array/port v0xb9d19a10b240, 2372;
E_0xb9d199e68640/594 .event anyedge, v0xb9d19a10b240_2369, v0xb9d19a10b240_2370, v0xb9d19a10b240_2371, v0xb9d19a10b240_2372;
v0xb9d19a10b240_2373 .array/port v0xb9d19a10b240, 2373;
v0xb9d19a10b240_2374 .array/port v0xb9d19a10b240, 2374;
v0xb9d19a10b240_2375 .array/port v0xb9d19a10b240, 2375;
v0xb9d19a10b240_2376 .array/port v0xb9d19a10b240, 2376;
E_0xb9d199e68640/595 .event anyedge, v0xb9d19a10b240_2373, v0xb9d19a10b240_2374, v0xb9d19a10b240_2375, v0xb9d19a10b240_2376;
v0xb9d19a10b240_2377 .array/port v0xb9d19a10b240, 2377;
v0xb9d19a10b240_2378 .array/port v0xb9d19a10b240, 2378;
v0xb9d19a10b240_2379 .array/port v0xb9d19a10b240, 2379;
v0xb9d19a10b240_2380 .array/port v0xb9d19a10b240, 2380;
E_0xb9d199e68640/596 .event anyedge, v0xb9d19a10b240_2377, v0xb9d19a10b240_2378, v0xb9d19a10b240_2379, v0xb9d19a10b240_2380;
v0xb9d19a10b240_2381 .array/port v0xb9d19a10b240, 2381;
v0xb9d19a10b240_2382 .array/port v0xb9d19a10b240, 2382;
v0xb9d19a10b240_2383 .array/port v0xb9d19a10b240, 2383;
v0xb9d19a10b240_2384 .array/port v0xb9d19a10b240, 2384;
E_0xb9d199e68640/597 .event anyedge, v0xb9d19a10b240_2381, v0xb9d19a10b240_2382, v0xb9d19a10b240_2383, v0xb9d19a10b240_2384;
v0xb9d19a10b240_2385 .array/port v0xb9d19a10b240, 2385;
v0xb9d19a10b240_2386 .array/port v0xb9d19a10b240, 2386;
v0xb9d19a10b240_2387 .array/port v0xb9d19a10b240, 2387;
v0xb9d19a10b240_2388 .array/port v0xb9d19a10b240, 2388;
E_0xb9d199e68640/598 .event anyedge, v0xb9d19a10b240_2385, v0xb9d19a10b240_2386, v0xb9d19a10b240_2387, v0xb9d19a10b240_2388;
v0xb9d19a10b240_2389 .array/port v0xb9d19a10b240, 2389;
v0xb9d19a10b240_2390 .array/port v0xb9d19a10b240, 2390;
v0xb9d19a10b240_2391 .array/port v0xb9d19a10b240, 2391;
v0xb9d19a10b240_2392 .array/port v0xb9d19a10b240, 2392;
E_0xb9d199e68640/599 .event anyedge, v0xb9d19a10b240_2389, v0xb9d19a10b240_2390, v0xb9d19a10b240_2391, v0xb9d19a10b240_2392;
v0xb9d19a10b240_2393 .array/port v0xb9d19a10b240, 2393;
v0xb9d19a10b240_2394 .array/port v0xb9d19a10b240, 2394;
v0xb9d19a10b240_2395 .array/port v0xb9d19a10b240, 2395;
v0xb9d19a10b240_2396 .array/port v0xb9d19a10b240, 2396;
E_0xb9d199e68640/600 .event anyedge, v0xb9d19a10b240_2393, v0xb9d19a10b240_2394, v0xb9d19a10b240_2395, v0xb9d19a10b240_2396;
v0xb9d19a10b240_2397 .array/port v0xb9d19a10b240, 2397;
v0xb9d19a10b240_2398 .array/port v0xb9d19a10b240, 2398;
v0xb9d19a10b240_2399 .array/port v0xb9d19a10b240, 2399;
v0xb9d19a10b240_2400 .array/port v0xb9d19a10b240, 2400;
E_0xb9d199e68640/601 .event anyedge, v0xb9d19a10b240_2397, v0xb9d19a10b240_2398, v0xb9d19a10b240_2399, v0xb9d19a10b240_2400;
v0xb9d19a10b240_2401 .array/port v0xb9d19a10b240, 2401;
v0xb9d19a10b240_2402 .array/port v0xb9d19a10b240, 2402;
v0xb9d19a10b240_2403 .array/port v0xb9d19a10b240, 2403;
v0xb9d19a10b240_2404 .array/port v0xb9d19a10b240, 2404;
E_0xb9d199e68640/602 .event anyedge, v0xb9d19a10b240_2401, v0xb9d19a10b240_2402, v0xb9d19a10b240_2403, v0xb9d19a10b240_2404;
v0xb9d19a10b240_2405 .array/port v0xb9d19a10b240, 2405;
v0xb9d19a10b240_2406 .array/port v0xb9d19a10b240, 2406;
v0xb9d19a10b240_2407 .array/port v0xb9d19a10b240, 2407;
v0xb9d19a10b240_2408 .array/port v0xb9d19a10b240, 2408;
E_0xb9d199e68640/603 .event anyedge, v0xb9d19a10b240_2405, v0xb9d19a10b240_2406, v0xb9d19a10b240_2407, v0xb9d19a10b240_2408;
v0xb9d19a10b240_2409 .array/port v0xb9d19a10b240, 2409;
v0xb9d19a10b240_2410 .array/port v0xb9d19a10b240, 2410;
v0xb9d19a10b240_2411 .array/port v0xb9d19a10b240, 2411;
v0xb9d19a10b240_2412 .array/port v0xb9d19a10b240, 2412;
E_0xb9d199e68640/604 .event anyedge, v0xb9d19a10b240_2409, v0xb9d19a10b240_2410, v0xb9d19a10b240_2411, v0xb9d19a10b240_2412;
v0xb9d19a10b240_2413 .array/port v0xb9d19a10b240, 2413;
v0xb9d19a10b240_2414 .array/port v0xb9d19a10b240, 2414;
v0xb9d19a10b240_2415 .array/port v0xb9d19a10b240, 2415;
v0xb9d19a10b240_2416 .array/port v0xb9d19a10b240, 2416;
E_0xb9d199e68640/605 .event anyedge, v0xb9d19a10b240_2413, v0xb9d19a10b240_2414, v0xb9d19a10b240_2415, v0xb9d19a10b240_2416;
v0xb9d19a10b240_2417 .array/port v0xb9d19a10b240, 2417;
v0xb9d19a10b240_2418 .array/port v0xb9d19a10b240, 2418;
v0xb9d19a10b240_2419 .array/port v0xb9d19a10b240, 2419;
v0xb9d19a10b240_2420 .array/port v0xb9d19a10b240, 2420;
E_0xb9d199e68640/606 .event anyedge, v0xb9d19a10b240_2417, v0xb9d19a10b240_2418, v0xb9d19a10b240_2419, v0xb9d19a10b240_2420;
v0xb9d19a10b240_2421 .array/port v0xb9d19a10b240, 2421;
v0xb9d19a10b240_2422 .array/port v0xb9d19a10b240, 2422;
v0xb9d19a10b240_2423 .array/port v0xb9d19a10b240, 2423;
v0xb9d19a10b240_2424 .array/port v0xb9d19a10b240, 2424;
E_0xb9d199e68640/607 .event anyedge, v0xb9d19a10b240_2421, v0xb9d19a10b240_2422, v0xb9d19a10b240_2423, v0xb9d19a10b240_2424;
v0xb9d19a10b240_2425 .array/port v0xb9d19a10b240, 2425;
v0xb9d19a10b240_2426 .array/port v0xb9d19a10b240, 2426;
v0xb9d19a10b240_2427 .array/port v0xb9d19a10b240, 2427;
v0xb9d19a10b240_2428 .array/port v0xb9d19a10b240, 2428;
E_0xb9d199e68640/608 .event anyedge, v0xb9d19a10b240_2425, v0xb9d19a10b240_2426, v0xb9d19a10b240_2427, v0xb9d19a10b240_2428;
v0xb9d19a10b240_2429 .array/port v0xb9d19a10b240, 2429;
v0xb9d19a10b240_2430 .array/port v0xb9d19a10b240, 2430;
v0xb9d19a10b240_2431 .array/port v0xb9d19a10b240, 2431;
v0xb9d19a10b240_2432 .array/port v0xb9d19a10b240, 2432;
E_0xb9d199e68640/609 .event anyedge, v0xb9d19a10b240_2429, v0xb9d19a10b240_2430, v0xb9d19a10b240_2431, v0xb9d19a10b240_2432;
v0xb9d19a10b240_2433 .array/port v0xb9d19a10b240, 2433;
v0xb9d19a10b240_2434 .array/port v0xb9d19a10b240, 2434;
v0xb9d19a10b240_2435 .array/port v0xb9d19a10b240, 2435;
v0xb9d19a10b240_2436 .array/port v0xb9d19a10b240, 2436;
E_0xb9d199e68640/610 .event anyedge, v0xb9d19a10b240_2433, v0xb9d19a10b240_2434, v0xb9d19a10b240_2435, v0xb9d19a10b240_2436;
v0xb9d19a10b240_2437 .array/port v0xb9d19a10b240, 2437;
v0xb9d19a10b240_2438 .array/port v0xb9d19a10b240, 2438;
v0xb9d19a10b240_2439 .array/port v0xb9d19a10b240, 2439;
v0xb9d19a10b240_2440 .array/port v0xb9d19a10b240, 2440;
E_0xb9d199e68640/611 .event anyedge, v0xb9d19a10b240_2437, v0xb9d19a10b240_2438, v0xb9d19a10b240_2439, v0xb9d19a10b240_2440;
v0xb9d19a10b240_2441 .array/port v0xb9d19a10b240, 2441;
v0xb9d19a10b240_2442 .array/port v0xb9d19a10b240, 2442;
v0xb9d19a10b240_2443 .array/port v0xb9d19a10b240, 2443;
v0xb9d19a10b240_2444 .array/port v0xb9d19a10b240, 2444;
E_0xb9d199e68640/612 .event anyedge, v0xb9d19a10b240_2441, v0xb9d19a10b240_2442, v0xb9d19a10b240_2443, v0xb9d19a10b240_2444;
v0xb9d19a10b240_2445 .array/port v0xb9d19a10b240, 2445;
v0xb9d19a10b240_2446 .array/port v0xb9d19a10b240, 2446;
v0xb9d19a10b240_2447 .array/port v0xb9d19a10b240, 2447;
v0xb9d19a10b240_2448 .array/port v0xb9d19a10b240, 2448;
E_0xb9d199e68640/613 .event anyedge, v0xb9d19a10b240_2445, v0xb9d19a10b240_2446, v0xb9d19a10b240_2447, v0xb9d19a10b240_2448;
v0xb9d19a10b240_2449 .array/port v0xb9d19a10b240, 2449;
v0xb9d19a10b240_2450 .array/port v0xb9d19a10b240, 2450;
v0xb9d19a10b240_2451 .array/port v0xb9d19a10b240, 2451;
v0xb9d19a10b240_2452 .array/port v0xb9d19a10b240, 2452;
E_0xb9d199e68640/614 .event anyedge, v0xb9d19a10b240_2449, v0xb9d19a10b240_2450, v0xb9d19a10b240_2451, v0xb9d19a10b240_2452;
v0xb9d19a10b240_2453 .array/port v0xb9d19a10b240, 2453;
v0xb9d19a10b240_2454 .array/port v0xb9d19a10b240, 2454;
v0xb9d19a10b240_2455 .array/port v0xb9d19a10b240, 2455;
v0xb9d19a10b240_2456 .array/port v0xb9d19a10b240, 2456;
E_0xb9d199e68640/615 .event anyedge, v0xb9d19a10b240_2453, v0xb9d19a10b240_2454, v0xb9d19a10b240_2455, v0xb9d19a10b240_2456;
v0xb9d19a10b240_2457 .array/port v0xb9d19a10b240, 2457;
v0xb9d19a10b240_2458 .array/port v0xb9d19a10b240, 2458;
v0xb9d19a10b240_2459 .array/port v0xb9d19a10b240, 2459;
v0xb9d19a10b240_2460 .array/port v0xb9d19a10b240, 2460;
E_0xb9d199e68640/616 .event anyedge, v0xb9d19a10b240_2457, v0xb9d19a10b240_2458, v0xb9d19a10b240_2459, v0xb9d19a10b240_2460;
v0xb9d19a10b240_2461 .array/port v0xb9d19a10b240, 2461;
v0xb9d19a10b240_2462 .array/port v0xb9d19a10b240, 2462;
v0xb9d19a10b240_2463 .array/port v0xb9d19a10b240, 2463;
v0xb9d19a10b240_2464 .array/port v0xb9d19a10b240, 2464;
E_0xb9d199e68640/617 .event anyedge, v0xb9d19a10b240_2461, v0xb9d19a10b240_2462, v0xb9d19a10b240_2463, v0xb9d19a10b240_2464;
v0xb9d19a10b240_2465 .array/port v0xb9d19a10b240, 2465;
v0xb9d19a10b240_2466 .array/port v0xb9d19a10b240, 2466;
v0xb9d19a10b240_2467 .array/port v0xb9d19a10b240, 2467;
v0xb9d19a10b240_2468 .array/port v0xb9d19a10b240, 2468;
E_0xb9d199e68640/618 .event anyedge, v0xb9d19a10b240_2465, v0xb9d19a10b240_2466, v0xb9d19a10b240_2467, v0xb9d19a10b240_2468;
v0xb9d19a10b240_2469 .array/port v0xb9d19a10b240, 2469;
v0xb9d19a10b240_2470 .array/port v0xb9d19a10b240, 2470;
v0xb9d19a10b240_2471 .array/port v0xb9d19a10b240, 2471;
v0xb9d19a10b240_2472 .array/port v0xb9d19a10b240, 2472;
E_0xb9d199e68640/619 .event anyedge, v0xb9d19a10b240_2469, v0xb9d19a10b240_2470, v0xb9d19a10b240_2471, v0xb9d19a10b240_2472;
v0xb9d19a10b240_2473 .array/port v0xb9d19a10b240, 2473;
v0xb9d19a10b240_2474 .array/port v0xb9d19a10b240, 2474;
v0xb9d19a10b240_2475 .array/port v0xb9d19a10b240, 2475;
v0xb9d19a10b240_2476 .array/port v0xb9d19a10b240, 2476;
E_0xb9d199e68640/620 .event anyedge, v0xb9d19a10b240_2473, v0xb9d19a10b240_2474, v0xb9d19a10b240_2475, v0xb9d19a10b240_2476;
v0xb9d19a10b240_2477 .array/port v0xb9d19a10b240, 2477;
v0xb9d19a10b240_2478 .array/port v0xb9d19a10b240, 2478;
v0xb9d19a10b240_2479 .array/port v0xb9d19a10b240, 2479;
v0xb9d19a10b240_2480 .array/port v0xb9d19a10b240, 2480;
E_0xb9d199e68640/621 .event anyedge, v0xb9d19a10b240_2477, v0xb9d19a10b240_2478, v0xb9d19a10b240_2479, v0xb9d19a10b240_2480;
v0xb9d19a10b240_2481 .array/port v0xb9d19a10b240, 2481;
v0xb9d19a10b240_2482 .array/port v0xb9d19a10b240, 2482;
v0xb9d19a10b240_2483 .array/port v0xb9d19a10b240, 2483;
v0xb9d19a10b240_2484 .array/port v0xb9d19a10b240, 2484;
E_0xb9d199e68640/622 .event anyedge, v0xb9d19a10b240_2481, v0xb9d19a10b240_2482, v0xb9d19a10b240_2483, v0xb9d19a10b240_2484;
v0xb9d19a10b240_2485 .array/port v0xb9d19a10b240, 2485;
v0xb9d19a10b240_2486 .array/port v0xb9d19a10b240, 2486;
v0xb9d19a10b240_2487 .array/port v0xb9d19a10b240, 2487;
v0xb9d19a10b240_2488 .array/port v0xb9d19a10b240, 2488;
E_0xb9d199e68640/623 .event anyedge, v0xb9d19a10b240_2485, v0xb9d19a10b240_2486, v0xb9d19a10b240_2487, v0xb9d19a10b240_2488;
v0xb9d19a10b240_2489 .array/port v0xb9d19a10b240, 2489;
v0xb9d19a10b240_2490 .array/port v0xb9d19a10b240, 2490;
v0xb9d19a10b240_2491 .array/port v0xb9d19a10b240, 2491;
v0xb9d19a10b240_2492 .array/port v0xb9d19a10b240, 2492;
E_0xb9d199e68640/624 .event anyedge, v0xb9d19a10b240_2489, v0xb9d19a10b240_2490, v0xb9d19a10b240_2491, v0xb9d19a10b240_2492;
v0xb9d19a10b240_2493 .array/port v0xb9d19a10b240, 2493;
v0xb9d19a10b240_2494 .array/port v0xb9d19a10b240, 2494;
v0xb9d19a10b240_2495 .array/port v0xb9d19a10b240, 2495;
v0xb9d19a10b240_2496 .array/port v0xb9d19a10b240, 2496;
E_0xb9d199e68640/625 .event anyedge, v0xb9d19a10b240_2493, v0xb9d19a10b240_2494, v0xb9d19a10b240_2495, v0xb9d19a10b240_2496;
v0xb9d19a10b240_2497 .array/port v0xb9d19a10b240, 2497;
v0xb9d19a10b240_2498 .array/port v0xb9d19a10b240, 2498;
v0xb9d19a10b240_2499 .array/port v0xb9d19a10b240, 2499;
v0xb9d19a10b240_2500 .array/port v0xb9d19a10b240, 2500;
E_0xb9d199e68640/626 .event anyedge, v0xb9d19a10b240_2497, v0xb9d19a10b240_2498, v0xb9d19a10b240_2499, v0xb9d19a10b240_2500;
v0xb9d19a10b240_2501 .array/port v0xb9d19a10b240, 2501;
v0xb9d19a10b240_2502 .array/port v0xb9d19a10b240, 2502;
v0xb9d19a10b240_2503 .array/port v0xb9d19a10b240, 2503;
v0xb9d19a10b240_2504 .array/port v0xb9d19a10b240, 2504;
E_0xb9d199e68640/627 .event anyedge, v0xb9d19a10b240_2501, v0xb9d19a10b240_2502, v0xb9d19a10b240_2503, v0xb9d19a10b240_2504;
v0xb9d19a10b240_2505 .array/port v0xb9d19a10b240, 2505;
v0xb9d19a10b240_2506 .array/port v0xb9d19a10b240, 2506;
v0xb9d19a10b240_2507 .array/port v0xb9d19a10b240, 2507;
v0xb9d19a10b240_2508 .array/port v0xb9d19a10b240, 2508;
E_0xb9d199e68640/628 .event anyedge, v0xb9d19a10b240_2505, v0xb9d19a10b240_2506, v0xb9d19a10b240_2507, v0xb9d19a10b240_2508;
v0xb9d19a10b240_2509 .array/port v0xb9d19a10b240, 2509;
v0xb9d19a10b240_2510 .array/port v0xb9d19a10b240, 2510;
v0xb9d19a10b240_2511 .array/port v0xb9d19a10b240, 2511;
v0xb9d19a10b240_2512 .array/port v0xb9d19a10b240, 2512;
E_0xb9d199e68640/629 .event anyedge, v0xb9d19a10b240_2509, v0xb9d19a10b240_2510, v0xb9d19a10b240_2511, v0xb9d19a10b240_2512;
v0xb9d19a10b240_2513 .array/port v0xb9d19a10b240, 2513;
v0xb9d19a10b240_2514 .array/port v0xb9d19a10b240, 2514;
v0xb9d19a10b240_2515 .array/port v0xb9d19a10b240, 2515;
v0xb9d19a10b240_2516 .array/port v0xb9d19a10b240, 2516;
E_0xb9d199e68640/630 .event anyedge, v0xb9d19a10b240_2513, v0xb9d19a10b240_2514, v0xb9d19a10b240_2515, v0xb9d19a10b240_2516;
v0xb9d19a10b240_2517 .array/port v0xb9d19a10b240, 2517;
v0xb9d19a10b240_2518 .array/port v0xb9d19a10b240, 2518;
v0xb9d19a10b240_2519 .array/port v0xb9d19a10b240, 2519;
v0xb9d19a10b240_2520 .array/port v0xb9d19a10b240, 2520;
E_0xb9d199e68640/631 .event anyedge, v0xb9d19a10b240_2517, v0xb9d19a10b240_2518, v0xb9d19a10b240_2519, v0xb9d19a10b240_2520;
v0xb9d19a10b240_2521 .array/port v0xb9d19a10b240, 2521;
v0xb9d19a10b240_2522 .array/port v0xb9d19a10b240, 2522;
v0xb9d19a10b240_2523 .array/port v0xb9d19a10b240, 2523;
v0xb9d19a10b240_2524 .array/port v0xb9d19a10b240, 2524;
E_0xb9d199e68640/632 .event anyedge, v0xb9d19a10b240_2521, v0xb9d19a10b240_2522, v0xb9d19a10b240_2523, v0xb9d19a10b240_2524;
v0xb9d19a10b240_2525 .array/port v0xb9d19a10b240, 2525;
v0xb9d19a10b240_2526 .array/port v0xb9d19a10b240, 2526;
v0xb9d19a10b240_2527 .array/port v0xb9d19a10b240, 2527;
v0xb9d19a10b240_2528 .array/port v0xb9d19a10b240, 2528;
E_0xb9d199e68640/633 .event anyedge, v0xb9d19a10b240_2525, v0xb9d19a10b240_2526, v0xb9d19a10b240_2527, v0xb9d19a10b240_2528;
v0xb9d19a10b240_2529 .array/port v0xb9d19a10b240, 2529;
v0xb9d19a10b240_2530 .array/port v0xb9d19a10b240, 2530;
v0xb9d19a10b240_2531 .array/port v0xb9d19a10b240, 2531;
v0xb9d19a10b240_2532 .array/port v0xb9d19a10b240, 2532;
E_0xb9d199e68640/634 .event anyedge, v0xb9d19a10b240_2529, v0xb9d19a10b240_2530, v0xb9d19a10b240_2531, v0xb9d19a10b240_2532;
v0xb9d19a10b240_2533 .array/port v0xb9d19a10b240, 2533;
v0xb9d19a10b240_2534 .array/port v0xb9d19a10b240, 2534;
v0xb9d19a10b240_2535 .array/port v0xb9d19a10b240, 2535;
v0xb9d19a10b240_2536 .array/port v0xb9d19a10b240, 2536;
E_0xb9d199e68640/635 .event anyedge, v0xb9d19a10b240_2533, v0xb9d19a10b240_2534, v0xb9d19a10b240_2535, v0xb9d19a10b240_2536;
v0xb9d19a10b240_2537 .array/port v0xb9d19a10b240, 2537;
v0xb9d19a10b240_2538 .array/port v0xb9d19a10b240, 2538;
v0xb9d19a10b240_2539 .array/port v0xb9d19a10b240, 2539;
v0xb9d19a10b240_2540 .array/port v0xb9d19a10b240, 2540;
E_0xb9d199e68640/636 .event anyedge, v0xb9d19a10b240_2537, v0xb9d19a10b240_2538, v0xb9d19a10b240_2539, v0xb9d19a10b240_2540;
v0xb9d19a10b240_2541 .array/port v0xb9d19a10b240, 2541;
v0xb9d19a10b240_2542 .array/port v0xb9d19a10b240, 2542;
v0xb9d19a10b240_2543 .array/port v0xb9d19a10b240, 2543;
v0xb9d19a10b240_2544 .array/port v0xb9d19a10b240, 2544;
E_0xb9d199e68640/637 .event anyedge, v0xb9d19a10b240_2541, v0xb9d19a10b240_2542, v0xb9d19a10b240_2543, v0xb9d19a10b240_2544;
v0xb9d19a10b240_2545 .array/port v0xb9d19a10b240, 2545;
v0xb9d19a10b240_2546 .array/port v0xb9d19a10b240, 2546;
v0xb9d19a10b240_2547 .array/port v0xb9d19a10b240, 2547;
v0xb9d19a10b240_2548 .array/port v0xb9d19a10b240, 2548;
E_0xb9d199e68640/638 .event anyedge, v0xb9d19a10b240_2545, v0xb9d19a10b240_2546, v0xb9d19a10b240_2547, v0xb9d19a10b240_2548;
v0xb9d19a10b240_2549 .array/port v0xb9d19a10b240, 2549;
v0xb9d19a10b240_2550 .array/port v0xb9d19a10b240, 2550;
v0xb9d19a10b240_2551 .array/port v0xb9d19a10b240, 2551;
v0xb9d19a10b240_2552 .array/port v0xb9d19a10b240, 2552;
E_0xb9d199e68640/639 .event anyedge, v0xb9d19a10b240_2549, v0xb9d19a10b240_2550, v0xb9d19a10b240_2551, v0xb9d19a10b240_2552;
v0xb9d19a10b240_2553 .array/port v0xb9d19a10b240, 2553;
v0xb9d19a10b240_2554 .array/port v0xb9d19a10b240, 2554;
v0xb9d19a10b240_2555 .array/port v0xb9d19a10b240, 2555;
v0xb9d19a10b240_2556 .array/port v0xb9d19a10b240, 2556;
E_0xb9d199e68640/640 .event anyedge, v0xb9d19a10b240_2553, v0xb9d19a10b240_2554, v0xb9d19a10b240_2555, v0xb9d19a10b240_2556;
v0xb9d19a10b240_2557 .array/port v0xb9d19a10b240, 2557;
v0xb9d19a10b240_2558 .array/port v0xb9d19a10b240, 2558;
v0xb9d19a10b240_2559 .array/port v0xb9d19a10b240, 2559;
v0xb9d19a10b240_2560 .array/port v0xb9d19a10b240, 2560;
E_0xb9d199e68640/641 .event anyedge, v0xb9d19a10b240_2557, v0xb9d19a10b240_2558, v0xb9d19a10b240_2559, v0xb9d19a10b240_2560;
v0xb9d19a10b240_2561 .array/port v0xb9d19a10b240, 2561;
v0xb9d19a10b240_2562 .array/port v0xb9d19a10b240, 2562;
v0xb9d19a10b240_2563 .array/port v0xb9d19a10b240, 2563;
v0xb9d19a10b240_2564 .array/port v0xb9d19a10b240, 2564;
E_0xb9d199e68640/642 .event anyedge, v0xb9d19a10b240_2561, v0xb9d19a10b240_2562, v0xb9d19a10b240_2563, v0xb9d19a10b240_2564;
v0xb9d19a10b240_2565 .array/port v0xb9d19a10b240, 2565;
v0xb9d19a10b240_2566 .array/port v0xb9d19a10b240, 2566;
v0xb9d19a10b240_2567 .array/port v0xb9d19a10b240, 2567;
v0xb9d19a10b240_2568 .array/port v0xb9d19a10b240, 2568;
E_0xb9d199e68640/643 .event anyedge, v0xb9d19a10b240_2565, v0xb9d19a10b240_2566, v0xb9d19a10b240_2567, v0xb9d19a10b240_2568;
v0xb9d19a10b240_2569 .array/port v0xb9d19a10b240, 2569;
v0xb9d19a10b240_2570 .array/port v0xb9d19a10b240, 2570;
v0xb9d19a10b240_2571 .array/port v0xb9d19a10b240, 2571;
v0xb9d19a10b240_2572 .array/port v0xb9d19a10b240, 2572;
E_0xb9d199e68640/644 .event anyedge, v0xb9d19a10b240_2569, v0xb9d19a10b240_2570, v0xb9d19a10b240_2571, v0xb9d19a10b240_2572;
v0xb9d19a10b240_2573 .array/port v0xb9d19a10b240, 2573;
v0xb9d19a10b240_2574 .array/port v0xb9d19a10b240, 2574;
v0xb9d19a10b240_2575 .array/port v0xb9d19a10b240, 2575;
v0xb9d19a10b240_2576 .array/port v0xb9d19a10b240, 2576;
E_0xb9d199e68640/645 .event anyedge, v0xb9d19a10b240_2573, v0xb9d19a10b240_2574, v0xb9d19a10b240_2575, v0xb9d19a10b240_2576;
v0xb9d19a10b240_2577 .array/port v0xb9d19a10b240, 2577;
v0xb9d19a10b240_2578 .array/port v0xb9d19a10b240, 2578;
v0xb9d19a10b240_2579 .array/port v0xb9d19a10b240, 2579;
v0xb9d19a10b240_2580 .array/port v0xb9d19a10b240, 2580;
E_0xb9d199e68640/646 .event anyedge, v0xb9d19a10b240_2577, v0xb9d19a10b240_2578, v0xb9d19a10b240_2579, v0xb9d19a10b240_2580;
v0xb9d19a10b240_2581 .array/port v0xb9d19a10b240, 2581;
v0xb9d19a10b240_2582 .array/port v0xb9d19a10b240, 2582;
v0xb9d19a10b240_2583 .array/port v0xb9d19a10b240, 2583;
v0xb9d19a10b240_2584 .array/port v0xb9d19a10b240, 2584;
E_0xb9d199e68640/647 .event anyedge, v0xb9d19a10b240_2581, v0xb9d19a10b240_2582, v0xb9d19a10b240_2583, v0xb9d19a10b240_2584;
v0xb9d19a10b240_2585 .array/port v0xb9d19a10b240, 2585;
v0xb9d19a10b240_2586 .array/port v0xb9d19a10b240, 2586;
v0xb9d19a10b240_2587 .array/port v0xb9d19a10b240, 2587;
v0xb9d19a10b240_2588 .array/port v0xb9d19a10b240, 2588;
E_0xb9d199e68640/648 .event anyedge, v0xb9d19a10b240_2585, v0xb9d19a10b240_2586, v0xb9d19a10b240_2587, v0xb9d19a10b240_2588;
v0xb9d19a10b240_2589 .array/port v0xb9d19a10b240, 2589;
v0xb9d19a10b240_2590 .array/port v0xb9d19a10b240, 2590;
v0xb9d19a10b240_2591 .array/port v0xb9d19a10b240, 2591;
v0xb9d19a10b240_2592 .array/port v0xb9d19a10b240, 2592;
E_0xb9d199e68640/649 .event anyedge, v0xb9d19a10b240_2589, v0xb9d19a10b240_2590, v0xb9d19a10b240_2591, v0xb9d19a10b240_2592;
v0xb9d19a10b240_2593 .array/port v0xb9d19a10b240, 2593;
v0xb9d19a10b240_2594 .array/port v0xb9d19a10b240, 2594;
v0xb9d19a10b240_2595 .array/port v0xb9d19a10b240, 2595;
v0xb9d19a10b240_2596 .array/port v0xb9d19a10b240, 2596;
E_0xb9d199e68640/650 .event anyedge, v0xb9d19a10b240_2593, v0xb9d19a10b240_2594, v0xb9d19a10b240_2595, v0xb9d19a10b240_2596;
v0xb9d19a10b240_2597 .array/port v0xb9d19a10b240, 2597;
v0xb9d19a10b240_2598 .array/port v0xb9d19a10b240, 2598;
v0xb9d19a10b240_2599 .array/port v0xb9d19a10b240, 2599;
v0xb9d19a10b240_2600 .array/port v0xb9d19a10b240, 2600;
E_0xb9d199e68640/651 .event anyedge, v0xb9d19a10b240_2597, v0xb9d19a10b240_2598, v0xb9d19a10b240_2599, v0xb9d19a10b240_2600;
v0xb9d19a10b240_2601 .array/port v0xb9d19a10b240, 2601;
v0xb9d19a10b240_2602 .array/port v0xb9d19a10b240, 2602;
v0xb9d19a10b240_2603 .array/port v0xb9d19a10b240, 2603;
v0xb9d19a10b240_2604 .array/port v0xb9d19a10b240, 2604;
E_0xb9d199e68640/652 .event anyedge, v0xb9d19a10b240_2601, v0xb9d19a10b240_2602, v0xb9d19a10b240_2603, v0xb9d19a10b240_2604;
v0xb9d19a10b240_2605 .array/port v0xb9d19a10b240, 2605;
v0xb9d19a10b240_2606 .array/port v0xb9d19a10b240, 2606;
v0xb9d19a10b240_2607 .array/port v0xb9d19a10b240, 2607;
v0xb9d19a10b240_2608 .array/port v0xb9d19a10b240, 2608;
E_0xb9d199e68640/653 .event anyedge, v0xb9d19a10b240_2605, v0xb9d19a10b240_2606, v0xb9d19a10b240_2607, v0xb9d19a10b240_2608;
v0xb9d19a10b240_2609 .array/port v0xb9d19a10b240, 2609;
v0xb9d19a10b240_2610 .array/port v0xb9d19a10b240, 2610;
v0xb9d19a10b240_2611 .array/port v0xb9d19a10b240, 2611;
v0xb9d19a10b240_2612 .array/port v0xb9d19a10b240, 2612;
E_0xb9d199e68640/654 .event anyedge, v0xb9d19a10b240_2609, v0xb9d19a10b240_2610, v0xb9d19a10b240_2611, v0xb9d19a10b240_2612;
v0xb9d19a10b240_2613 .array/port v0xb9d19a10b240, 2613;
v0xb9d19a10b240_2614 .array/port v0xb9d19a10b240, 2614;
v0xb9d19a10b240_2615 .array/port v0xb9d19a10b240, 2615;
v0xb9d19a10b240_2616 .array/port v0xb9d19a10b240, 2616;
E_0xb9d199e68640/655 .event anyedge, v0xb9d19a10b240_2613, v0xb9d19a10b240_2614, v0xb9d19a10b240_2615, v0xb9d19a10b240_2616;
v0xb9d19a10b240_2617 .array/port v0xb9d19a10b240, 2617;
v0xb9d19a10b240_2618 .array/port v0xb9d19a10b240, 2618;
v0xb9d19a10b240_2619 .array/port v0xb9d19a10b240, 2619;
v0xb9d19a10b240_2620 .array/port v0xb9d19a10b240, 2620;
E_0xb9d199e68640/656 .event anyedge, v0xb9d19a10b240_2617, v0xb9d19a10b240_2618, v0xb9d19a10b240_2619, v0xb9d19a10b240_2620;
v0xb9d19a10b240_2621 .array/port v0xb9d19a10b240, 2621;
v0xb9d19a10b240_2622 .array/port v0xb9d19a10b240, 2622;
v0xb9d19a10b240_2623 .array/port v0xb9d19a10b240, 2623;
v0xb9d19a10b240_2624 .array/port v0xb9d19a10b240, 2624;
E_0xb9d199e68640/657 .event anyedge, v0xb9d19a10b240_2621, v0xb9d19a10b240_2622, v0xb9d19a10b240_2623, v0xb9d19a10b240_2624;
v0xb9d19a10b240_2625 .array/port v0xb9d19a10b240, 2625;
v0xb9d19a10b240_2626 .array/port v0xb9d19a10b240, 2626;
v0xb9d19a10b240_2627 .array/port v0xb9d19a10b240, 2627;
v0xb9d19a10b240_2628 .array/port v0xb9d19a10b240, 2628;
E_0xb9d199e68640/658 .event anyedge, v0xb9d19a10b240_2625, v0xb9d19a10b240_2626, v0xb9d19a10b240_2627, v0xb9d19a10b240_2628;
v0xb9d19a10b240_2629 .array/port v0xb9d19a10b240, 2629;
v0xb9d19a10b240_2630 .array/port v0xb9d19a10b240, 2630;
v0xb9d19a10b240_2631 .array/port v0xb9d19a10b240, 2631;
v0xb9d19a10b240_2632 .array/port v0xb9d19a10b240, 2632;
E_0xb9d199e68640/659 .event anyedge, v0xb9d19a10b240_2629, v0xb9d19a10b240_2630, v0xb9d19a10b240_2631, v0xb9d19a10b240_2632;
v0xb9d19a10b240_2633 .array/port v0xb9d19a10b240, 2633;
v0xb9d19a10b240_2634 .array/port v0xb9d19a10b240, 2634;
v0xb9d19a10b240_2635 .array/port v0xb9d19a10b240, 2635;
v0xb9d19a10b240_2636 .array/port v0xb9d19a10b240, 2636;
E_0xb9d199e68640/660 .event anyedge, v0xb9d19a10b240_2633, v0xb9d19a10b240_2634, v0xb9d19a10b240_2635, v0xb9d19a10b240_2636;
v0xb9d19a10b240_2637 .array/port v0xb9d19a10b240, 2637;
v0xb9d19a10b240_2638 .array/port v0xb9d19a10b240, 2638;
v0xb9d19a10b240_2639 .array/port v0xb9d19a10b240, 2639;
v0xb9d19a10b240_2640 .array/port v0xb9d19a10b240, 2640;
E_0xb9d199e68640/661 .event anyedge, v0xb9d19a10b240_2637, v0xb9d19a10b240_2638, v0xb9d19a10b240_2639, v0xb9d19a10b240_2640;
v0xb9d19a10b240_2641 .array/port v0xb9d19a10b240, 2641;
v0xb9d19a10b240_2642 .array/port v0xb9d19a10b240, 2642;
v0xb9d19a10b240_2643 .array/port v0xb9d19a10b240, 2643;
v0xb9d19a10b240_2644 .array/port v0xb9d19a10b240, 2644;
E_0xb9d199e68640/662 .event anyedge, v0xb9d19a10b240_2641, v0xb9d19a10b240_2642, v0xb9d19a10b240_2643, v0xb9d19a10b240_2644;
v0xb9d19a10b240_2645 .array/port v0xb9d19a10b240, 2645;
v0xb9d19a10b240_2646 .array/port v0xb9d19a10b240, 2646;
v0xb9d19a10b240_2647 .array/port v0xb9d19a10b240, 2647;
v0xb9d19a10b240_2648 .array/port v0xb9d19a10b240, 2648;
E_0xb9d199e68640/663 .event anyedge, v0xb9d19a10b240_2645, v0xb9d19a10b240_2646, v0xb9d19a10b240_2647, v0xb9d19a10b240_2648;
v0xb9d19a10b240_2649 .array/port v0xb9d19a10b240, 2649;
v0xb9d19a10b240_2650 .array/port v0xb9d19a10b240, 2650;
v0xb9d19a10b240_2651 .array/port v0xb9d19a10b240, 2651;
v0xb9d19a10b240_2652 .array/port v0xb9d19a10b240, 2652;
E_0xb9d199e68640/664 .event anyedge, v0xb9d19a10b240_2649, v0xb9d19a10b240_2650, v0xb9d19a10b240_2651, v0xb9d19a10b240_2652;
v0xb9d19a10b240_2653 .array/port v0xb9d19a10b240, 2653;
v0xb9d19a10b240_2654 .array/port v0xb9d19a10b240, 2654;
v0xb9d19a10b240_2655 .array/port v0xb9d19a10b240, 2655;
v0xb9d19a10b240_2656 .array/port v0xb9d19a10b240, 2656;
E_0xb9d199e68640/665 .event anyedge, v0xb9d19a10b240_2653, v0xb9d19a10b240_2654, v0xb9d19a10b240_2655, v0xb9d19a10b240_2656;
v0xb9d19a10b240_2657 .array/port v0xb9d19a10b240, 2657;
v0xb9d19a10b240_2658 .array/port v0xb9d19a10b240, 2658;
v0xb9d19a10b240_2659 .array/port v0xb9d19a10b240, 2659;
v0xb9d19a10b240_2660 .array/port v0xb9d19a10b240, 2660;
E_0xb9d199e68640/666 .event anyedge, v0xb9d19a10b240_2657, v0xb9d19a10b240_2658, v0xb9d19a10b240_2659, v0xb9d19a10b240_2660;
v0xb9d19a10b240_2661 .array/port v0xb9d19a10b240, 2661;
v0xb9d19a10b240_2662 .array/port v0xb9d19a10b240, 2662;
v0xb9d19a10b240_2663 .array/port v0xb9d19a10b240, 2663;
v0xb9d19a10b240_2664 .array/port v0xb9d19a10b240, 2664;
E_0xb9d199e68640/667 .event anyedge, v0xb9d19a10b240_2661, v0xb9d19a10b240_2662, v0xb9d19a10b240_2663, v0xb9d19a10b240_2664;
v0xb9d19a10b240_2665 .array/port v0xb9d19a10b240, 2665;
v0xb9d19a10b240_2666 .array/port v0xb9d19a10b240, 2666;
v0xb9d19a10b240_2667 .array/port v0xb9d19a10b240, 2667;
v0xb9d19a10b240_2668 .array/port v0xb9d19a10b240, 2668;
E_0xb9d199e68640/668 .event anyedge, v0xb9d19a10b240_2665, v0xb9d19a10b240_2666, v0xb9d19a10b240_2667, v0xb9d19a10b240_2668;
v0xb9d19a10b240_2669 .array/port v0xb9d19a10b240, 2669;
v0xb9d19a10b240_2670 .array/port v0xb9d19a10b240, 2670;
v0xb9d19a10b240_2671 .array/port v0xb9d19a10b240, 2671;
v0xb9d19a10b240_2672 .array/port v0xb9d19a10b240, 2672;
E_0xb9d199e68640/669 .event anyedge, v0xb9d19a10b240_2669, v0xb9d19a10b240_2670, v0xb9d19a10b240_2671, v0xb9d19a10b240_2672;
v0xb9d19a10b240_2673 .array/port v0xb9d19a10b240, 2673;
v0xb9d19a10b240_2674 .array/port v0xb9d19a10b240, 2674;
v0xb9d19a10b240_2675 .array/port v0xb9d19a10b240, 2675;
v0xb9d19a10b240_2676 .array/port v0xb9d19a10b240, 2676;
E_0xb9d199e68640/670 .event anyedge, v0xb9d19a10b240_2673, v0xb9d19a10b240_2674, v0xb9d19a10b240_2675, v0xb9d19a10b240_2676;
v0xb9d19a10b240_2677 .array/port v0xb9d19a10b240, 2677;
v0xb9d19a10b240_2678 .array/port v0xb9d19a10b240, 2678;
v0xb9d19a10b240_2679 .array/port v0xb9d19a10b240, 2679;
v0xb9d19a10b240_2680 .array/port v0xb9d19a10b240, 2680;
E_0xb9d199e68640/671 .event anyedge, v0xb9d19a10b240_2677, v0xb9d19a10b240_2678, v0xb9d19a10b240_2679, v0xb9d19a10b240_2680;
v0xb9d19a10b240_2681 .array/port v0xb9d19a10b240, 2681;
v0xb9d19a10b240_2682 .array/port v0xb9d19a10b240, 2682;
v0xb9d19a10b240_2683 .array/port v0xb9d19a10b240, 2683;
v0xb9d19a10b240_2684 .array/port v0xb9d19a10b240, 2684;
E_0xb9d199e68640/672 .event anyedge, v0xb9d19a10b240_2681, v0xb9d19a10b240_2682, v0xb9d19a10b240_2683, v0xb9d19a10b240_2684;
v0xb9d19a10b240_2685 .array/port v0xb9d19a10b240, 2685;
v0xb9d19a10b240_2686 .array/port v0xb9d19a10b240, 2686;
v0xb9d19a10b240_2687 .array/port v0xb9d19a10b240, 2687;
v0xb9d19a10b240_2688 .array/port v0xb9d19a10b240, 2688;
E_0xb9d199e68640/673 .event anyedge, v0xb9d19a10b240_2685, v0xb9d19a10b240_2686, v0xb9d19a10b240_2687, v0xb9d19a10b240_2688;
v0xb9d19a10b240_2689 .array/port v0xb9d19a10b240, 2689;
v0xb9d19a10b240_2690 .array/port v0xb9d19a10b240, 2690;
v0xb9d19a10b240_2691 .array/port v0xb9d19a10b240, 2691;
v0xb9d19a10b240_2692 .array/port v0xb9d19a10b240, 2692;
E_0xb9d199e68640/674 .event anyedge, v0xb9d19a10b240_2689, v0xb9d19a10b240_2690, v0xb9d19a10b240_2691, v0xb9d19a10b240_2692;
v0xb9d19a10b240_2693 .array/port v0xb9d19a10b240, 2693;
v0xb9d19a10b240_2694 .array/port v0xb9d19a10b240, 2694;
v0xb9d19a10b240_2695 .array/port v0xb9d19a10b240, 2695;
v0xb9d19a10b240_2696 .array/port v0xb9d19a10b240, 2696;
E_0xb9d199e68640/675 .event anyedge, v0xb9d19a10b240_2693, v0xb9d19a10b240_2694, v0xb9d19a10b240_2695, v0xb9d19a10b240_2696;
v0xb9d19a10b240_2697 .array/port v0xb9d19a10b240, 2697;
v0xb9d19a10b240_2698 .array/port v0xb9d19a10b240, 2698;
v0xb9d19a10b240_2699 .array/port v0xb9d19a10b240, 2699;
v0xb9d19a10b240_2700 .array/port v0xb9d19a10b240, 2700;
E_0xb9d199e68640/676 .event anyedge, v0xb9d19a10b240_2697, v0xb9d19a10b240_2698, v0xb9d19a10b240_2699, v0xb9d19a10b240_2700;
v0xb9d19a10b240_2701 .array/port v0xb9d19a10b240, 2701;
v0xb9d19a10b240_2702 .array/port v0xb9d19a10b240, 2702;
v0xb9d19a10b240_2703 .array/port v0xb9d19a10b240, 2703;
v0xb9d19a10b240_2704 .array/port v0xb9d19a10b240, 2704;
E_0xb9d199e68640/677 .event anyedge, v0xb9d19a10b240_2701, v0xb9d19a10b240_2702, v0xb9d19a10b240_2703, v0xb9d19a10b240_2704;
v0xb9d19a10b240_2705 .array/port v0xb9d19a10b240, 2705;
v0xb9d19a10b240_2706 .array/port v0xb9d19a10b240, 2706;
v0xb9d19a10b240_2707 .array/port v0xb9d19a10b240, 2707;
v0xb9d19a10b240_2708 .array/port v0xb9d19a10b240, 2708;
E_0xb9d199e68640/678 .event anyedge, v0xb9d19a10b240_2705, v0xb9d19a10b240_2706, v0xb9d19a10b240_2707, v0xb9d19a10b240_2708;
v0xb9d19a10b240_2709 .array/port v0xb9d19a10b240, 2709;
v0xb9d19a10b240_2710 .array/port v0xb9d19a10b240, 2710;
v0xb9d19a10b240_2711 .array/port v0xb9d19a10b240, 2711;
v0xb9d19a10b240_2712 .array/port v0xb9d19a10b240, 2712;
E_0xb9d199e68640/679 .event anyedge, v0xb9d19a10b240_2709, v0xb9d19a10b240_2710, v0xb9d19a10b240_2711, v0xb9d19a10b240_2712;
v0xb9d19a10b240_2713 .array/port v0xb9d19a10b240, 2713;
v0xb9d19a10b240_2714 .array/port v0xb9d19a10b240, 2714;
v0xb9d19a10b240_2715 .array/port v0xb9d19a10b240, 2715;
v0xb9d19a10b240_2716 .array/port v0xb9d19a10b240, 2716;
E_0xb9d199e68640/680 .event anyedge, v0xb9d19a10b240_2713, v0xb9d19a10b240_2714, v0xb9d19a10b240_2715, v0xb9d19a10b240_2716;
v0xb9d19a10b240_2717 .array/port v0xb9d19a10b240, 2717;
v0xb9d19a10b240_2718 .array/port v0xb9d19a10b240, 2718;
v0xb9d19a10b240_2719 .array/port v0xb9d19a10b240, 2719;
v0xb9d19a10b240_2720 .array/port v0xb9d19a10b240, 2720;
E_0xb9d199e68640/681 .event anyedge, v0xb9d19a10b240_2717, v0xb9d19a10b240_2718, v0xb9d19a10b240_2719, v0xb9d19a10b240_2720;
v0xb9d19a10b240_2721 .array/port v0xb9d19a10b240, 2721;
v0xb9d19a10b240_2722 .array/port v0xb9d19a10b240, 2722;
v0xb9d19a10b240_2723 .array/port v0xb9d19a10b240, 2723;
v0xb9d19a10b240_2724 .array/port v0xb9d19a10b240, 2724;
E_0xb9d199e68640/682 .event anyedge, v0xb9d19a10b240_2721, v0xb9d19a10b240_2722, v0xb9d19a10b240_2723, v0xb9d19a10b240_2724;
v0xb9d19a10b240_2725 .array/port v0xb9d19a10b240, 2725;
v0xb9d19a10b240_2726 .array/port v0xb9d19a10b240, 2726;
v0xb9d19a10b240_2727 .array/port v0xb9d19a10b240, 2727;
v0xb9d19a10b240_2728 .array/port v0xb9d19a10b240, 2728;
E_0xb9d199e68640/683 .event anyedge, v0xb9d19a10b240_2725, v0xb9d19a10b240_2726, v0xb9d19a10b240_2727, v0xb9d19a10b240_2728;
v0xb9d19a10b240_2729 .array/port v0xb9d19a10b240, 2729;
v0xb9d19a10b240_2730 .array/port v0xb9d19a10b240, 2730;
v0xb9d19a10b240_2731 .array/port v0xb9d19a10b240, 2731;
v0xb9d19a10b240_2732 .array/port v0xb9d19a10b240, 2732;
E_0xb9d199e68640/684 .event anyedge, v0xb9d19a10b240_2729, v0xb9d19a10b240_2730, v0xb9d19a10b240_2731, v0xb9d19a10b240_2732;
v0xb9d19a10b240_2733 .array/port v0xb9d19a10b240, 2733;
v0xb9d19a10b240_2734 .array/port v0xb9d19a10b240, 2734;
v0xb9d19a10b240_2735 .array/port v0xb9d19a10b240, 2735;
v0xb9d19a10b240_2736 .array/port v0xb9d19a10b240, 2736;
E_0xb9d199e68640/685 .event anyedge, v0xb9d19a10b240_2733, v0xb9d19a10b240_2734, v0xb9d19a10b240_2735, v0xb9d19a10b240_2736;
v0xb9d19a10b240_2737 .array/port v0xb9d19a10b240, 2737;
v0xb9d19a10b240_2738 .array/port v0xb9d19a10b240, 2738;
v0xb9d19a10b240_2739 .array/port v0xb9d19a10b240, 2739;
v0xb9d19a10b240_2740 .array/port v0xb9d19a10b240, 2740;
E_0xb9d199e68640/686 .event anyedge, v0xb9d19a10b240_2737, v0xb9d19a10b240_2738, v0xb9d19a10b240_2739, v0xb9d19a10b240_2740;
v0xb9d19a10b240_2741 .array/port v0xb9d19a10b240, 2741;
v0xb9d19a10b240_2742 .array/port v0xb9d19a10b240, 2742;
v0xb9d19a10b240_2743 .array/port v0xb9d19a10b240, 2743;
v0xb9d19a10b240_2744 .array/port v0xb9d19a10b240, 2744;
E_0xb9d199e68640/687 .event anyedge, v0xb9d19a10b240_2741, v0xb9d19a10b240_2742, v0xb9d19a10b240_2743, v0xb9d19a10b240_2744;
v0xb9d19a10b240_2745 .array/port v0xb9d19a10b240, 2745;
v0xb9d19a10b240_2746 .array/port v0xb9d19a10b240, 2746;
v0xb9d19a10b240_2747 .array/port v0xb9d19a10b240, 2747;
v0xb9d19a10b240_2748 .array/port v0xb9d19a10b240, 2748;
E_0xb9d199e68640/688 .event anyedge, v0xb9d19a10b240_2745, v0xb9d19a10b240_2746, v0xb9d19a10b240_2747, v0xb9d19a10b240_2748;
v0xb9d19a10b240_2749 .array/port v0xb9d19a10b240, 2749;
v0xb9d19a10b240_2750 .array/port v0xb9d19a10b240, 2750;
v0xb9d19a10b240_2751 .array/port v0xb9d19a10b240, 2751;
v0xb9d19a10b240_2752 .array/port v0xb9d19a10b240, 2752;
E_0xb9d199e68640/689 .event anyedge, v0xb9d19a10b240_2749, v0xb9d19a10b240_2750, v0xb9d19a10b240_2751, v0xb9d19a10b240_2752;
v0xb9d19a10b240_2753 .array/port v0xb9d19a10b240, 2753;
v0xb9d19a10b240_2754 .array/port v0xb9d19a10b240, 2754;
v0xb9d19a10b240_2755 .array/port v0xb9d19a10b240, 2755;
v0xb9d19a10b240_2756 .array/port v0xb9d19a10b240, 2756;
E_0xb9d199e68640/690 .event anyedge, v0xb9d19a10b240_2753, v0xb9d19a10b240_2754, v0xb9d19a10b240_2755, v0xb9d19a10b240_2756;
v0xb9d19a10b240_2757 .array/port v0xb9d19a10b240, 2757;
v0xb9d19a10b240_2758 .array/port v0xb9d19a10b240, 2758;
v0xb9d19a10b240_2759 .array/port v0xb9d19a10b240, 2759;
v0xb9d19a10b240_2760 .array/port v0xb9d19a10b240, 2760;
E_0xb9d199e68640/691 .event anyedge, v0xb9d19a10b240_2757, v0xb9d19a10b240_2758, v0xb9d19a10b240_2759, v0xb9d19a10b240_2760;
v0xb9d19a10b240_2761 .array/port v0xb9d19a10b240, 2761;
v0xb9d19a10b240_2762 .array/port v0xb9d19a10b240, 2762;
v0xb9d19a10b240_2763 .array/port v0xb9d19a10b240, 2763;
v0xb9d19a10b240_2764 .array/port v0xb9d19a10b240, 2764;
E_0xb9d199e68640/692 .event anyedge, v0xb9d19a10b240_2761, v0xb9d19a10b240_2762, v0xb9d19a10b240_2763, v0xb9d19a10b240_2764;
v0xb9d19a10b240_2765 .array/port v0xb9d19a10b240, 2765;
v0xb9d19a10b240_2766 .array/port v0xb9d19a10b240, 2766;
v0xb9d19a10b240_2767 .array/port v0xb9d19a10b240, 2767;
v0xb9d19a10b240_2768 .array/port v0xb9d19a10b240, 2768;
E_0xb9d199e68640/693 .event anyedge, v0xb9d19a10b240_2765, v0xb9d19a10b240_2766, v0xb9d19a10b240_2767, v0xb9d19a10b240_2768;
v0xb9d19a10b240_2769 .array/port v0xb9d19a10b240, 2769;
v0xb9d19a10b240_2770 .array/port v0xb9d19a10b240, 2770;
v0xb9d19a10b240_2771 .array/port v0xb9d19a10b240, 2771;
v0xb9d19a10b240_2772 .array/port v0xb9d19a10b240, 2772;
E_0xb9d199e68640/694 .event anyedge, v0xb9d19a10b240_2769, v0xb9d19a10b240_2770, v0xb9d19a10b240_2771, v0xb9d19a10b240_2772;
v0xb9d19a10b240_2773 .array/port v0xb9d19a10b240, 2773;
v0xb9d19a10b240_2774 .array/port v0xb9d19a10b240, 2774;
v0xb9d19a10b240_2775 .array/port v0xb9d19a10b240, 2775;
v0xb9d19a10b240_2776 .array/port v0xb9d19a10b240, 2776;
E_0xb9d199e68640/695 .event anyedge, v0xb9d19a10b240_2773, v0xb9d19a10b240_2774, v0xb9d19a10b240_2775, v0xb9d19a10b240_2776;
v0xb9d19a10b240_2777 .array/port v0xb9d19a10b240, 2777;
v0xb9d19a10b240_2778 .array/port v0xb9d19a10b240, 2778;
v0xb9d19a10b240_2779 .array/port v0xb9d19a10b240, 2779;
v0xb9d19a10b240_2780 .array/port v0xb9d19a10b240, 2780;
E_0xb9d199e68640/696 .event anyedge, v0xb9d19a10b240_2777, v0xb9d19a10b240_2778, v0xb9d19a10b240_2779, v0xb9d19a10b240_2780;
v0xb9d19a10b240_2781 .array/port v0xb9d19a10b240, 2781;
v0xb9d19a10b240_2782 .array/port v0xb9d19a10b240, 2782;
v0xb9d19a10b240_2783 .array/port v0xb9d19a10b240, 2783;
v0xb9d19a10b240_2784 .array/port v0xb9d19a10b240, 2784;
E_0xb9d199e68640/697 .event anyedge, v0xb9d19a10b240_2781, v0xb9d19a10b240_2782, v0xb9d19a10b240_2783, v0xb9d19a10b240_2784;
v0xb9d19a10b240_2785 .array/port v0xb9d19a10b240, 2785;
v0xb9d19a10b240_2786 .array/port v0xb9d19a10b240, 2786;
v0xb9d19a10b240_2787 .array/port v0xb9d19a10b240, 2787;
v0xb9d19a10b240_2788 .array/port v0xb9d19a10b240, 2788;
E_0xb9d199e68640/698 .event anyedge, v0xb9d19a10b240_2785, v0xb9d19a10b240_2786, v0xb9d19a10b240_2787, v0xb9d19a10b240_2788;
v0xb9d19a10b240_2789 .array/port v0xb9d19a10b240, 2789;
v0xb9d19a10b240_2790 .array/port v0xb9d19a10b240, 2790;
v0xb9d19a10b240_2791 .array/port v0xb9d19a10b240, 2791;
v0xb9d19a10b240_2792 .array/port v0xb9d19a10b240, 2792;
E_0xb9d199e68640/699 .event anyedge, v0xb9d19a10b240_2789, v0xb9d19a10b240_2790, v0xb9d19a10b240_2791, v0xb9d19a10b240_2792;
v0xb9d19a10b240_2793 .array/port v0xb9d19a10b240, 2793;
v0xb9d19a10b240_2794 .array/port v0xb9d19a10b240, 2794;
v0xb9d19a10b240_2795 .array/port v0xb9d19a10b240, 2795;
v0xb9d19a10b240_2796 .array/port v0xb9d19a10b240, 2796;
E_0xb9d199e68640/700 .event anyedge, v0xb9d19a10b240_2793, v0xb9d19a10b240_2794, v0xb9d19a10b240_2795, v0xb9d19a10b240_2796;
v0xb9d19a10b240_2797 .array/port v0xb9d19a10b240, 2797;
v0xb9d19a10b240_2798 .array/port v0xb9d19a10b240, 2798;
v0xb9d19a10b240_2799 .array/port v0xb9d19a10b240, 2799;
v0xb9d19a10b240_2800 .array/port v0xb9d19a10b240, 2800;
E_0xb9d199e68640/701 .event anyedge, v0xb9d19a10b240_2797, v0xb9d19a10b240_2798, v0xb9d19a10b240_2799, v0xb9d19a10b240_2800;
v0xb9d19a10b240_2801 .array/port v0xb9d19a10b240, 2801;
v0xb9d19a10b240_2802 .array/port v0xb9d19a10b240, 2802;
v0xb9d19a10b240_2803 .array/port v0xb9d19a10b240, 2803;
v0xb9d19a10b240_2804 .array/port v0xb9d19a10b240, 2804;
E_0xb9d199e68640/702 .event anyedge, v0xb9d19a10b240_2801, v0xb9d19a10b240_2802, v0xb9d19a10b240_2803, v0xb9d19a10b240_2804;
v0xb9d19a10b240_2805 .array/port v0xb9d19a10b240, 2805;
v0xb9d19a10b240_2806 .array/port v0xb9d19a10b240, 2806;
v0xb9d19a10b240_2807 .array/port v0xb9d19a10b240, 2807;
v0xb9d19a10b240_2808 .array/port v0xb9d19a10b240, 2808;
E_0xb9d199e68640/703 .event anyedge, v0xb9d19a10b240_2805, v0xb9d19a10b240_2806, v0xb9d19a10b240_2807, v0xb9d19a10b240_2808;
v0xb9d19a10b240_2809 .array/port v0xb9d19a10b240, 2809;
v0xb9d19a10b240_2810 .array/port v0xb9d19a10b240, 2810;
v0xb9d19a10b240_2811 .array/port v0xb9d19a10b240, 2811;
v0xb9d19a10b240_2812 .array/port v0xb9d19a10b240, 2812;
E_0xb9d199e68640/704 .event anyedge, v0xb9d19a10b240_2809, v0xb9d19a10b240_2810, v0xb9d19a10b240_2811, v0xb9d19a10b240_2812;
v0xb9d19a10b240_2813 .array/port v0xb9d19a10b240, 2813;
v0xb9d19a10b240_2814 .array/port v0xb9d19a10b240, 2814;
v0xb9d19a10b240_2815 .array/port v0xb9d19a10b240, 2815;
v0xb9d19a10b240_2816 .array/port v0xb9d19a10b240, 2816;
E_0xb9d199e68640/705 .event anyedge, v0xb9d19a10b240_2813, v0xb9d19a10b240_2814, v0xb9d19a10b240_2815, v0xb9d19a10b240_2816;
v0xb9d19a10b240_2817 .array/port v0xb9d19a10b240, 2817;
v0xb9d19a10b240_2818 .array/port v0xb9d19a10b240, 2818;
v0xb9d19a10b240_2819 .array/port v0xb9d19a10b240, 2819;
v0xb9d19a10b240_2820 .array/port v0xb9d19a10b240, 2820;
E_0xb9d199e68640/706 .event anyedge, v0xb9d19a10b240_2817, v0xb9d19a10b240_2818, v0xb9d19a10b240_2819, v0xb9d19a10b240_2820;
v0xb9d19a10b240_2821 .array/port v0xb9d19a10b240, 2821;
v0xb9d19a10b240_2822 .array/port v0xb9d19a10b240, 2822;
v0xb9d19a10b240_2823 .array/port v0xb9d19a10b240, 2823;
v0xb9d19a10b240_2824 .array/port v0xb9d19a10b240, 2824;
E_0xb9d199e68640/707 .event anyedge, v0xb9d19a10b240_2821, v0xb9d19a10b240_2822, v0xb9d19a10b240_2823, v0xb9d19a10b240_2824;
v0xb9d19a10b240_2825 .array/port v0xb9d19a10b240, 2825;
v0xb9d19a10b240_2826 .array/port v0xb9d19a10b240, 2826;
v0xb9d19a10b240_2827 .array/port v0xb9d19a10b240, 2827;
v0xb9d19a10b240_2828 .array/port v0xb9d19a10b240, 2828;
E_0xb9d199e68640/708 .event anyedge, v0xb9d19a10b240_2825, v0xb9d19a10b240_2826, v0xb9d19a10b240_2827, v0xb9d19a10b240_2828;
v0xb9d19a10b240_2829 .array/port v0xb9d19a10b240, 2829;
v0xb9d19a10b240_2830 .array/port v0xb9d19a10b240, 2830;
v0xb9d19a10b240_2831 .array/port v0xb9d19a10b240, 2831;
v0xb9d19a10b240_2832 .array/port v0xb9d19a10b240, 2832;
E_0xb9d199e68640/709 .event anyedge, v0xb9d19a10b240_2829, v0xb9d19a10b240_2830, v0xb9d19a10b240_2831, v0xb9d19a10b240_2832;
v0xb9d19a10b240_2833 .array/port v0xb9d19a10b240, 2833;
v0xb9d19a10b240_2834 .array/port v0xb9d19a10b240, 2834;
v0xb9d19a10b240_2835 .array/port v0xb9d19a10b240, 2835;
v0xb9d19a10b240_2836 .array/port v0xb9d19a10b240, 2836;
E_0xb9d199e68640/710 .event anyedge, v0xb9d19a10b240_2833, v0xb9d19a10b240_2834, v0xb9d19a10b240_2835, v0xb9d19a10b240_2836;
v0xb9d19a10b240_2837 .array/port v0xb9d19a10b240, 2837;
v0xb9d19a10b240_2838 .array/port v0xb9d19a10b240, 2838;
v0xb9d19a10b240_2839 .array/port v0xb9d19a10b240, 2839;
v0xb9d19a10b240_2840 .array/port v0xb9d19a10b240, 2840;
E_0xb9d199e68640/711 .event anyedge, v0xb9d19a10b240_2837, v0xb9d19a10b240_2838, v0xb9d19a10b240_2839, v0xb9d19a10b240_2840;
v0xb9d19a10b240_2841 .array/port v0xb9d19a10b240, 2841;
v0xb9d19a10b240_2842 .array/port v0xb9d19a10b240, 2842;
v0xb9d19a10b240_2843 .array/port v0xb9d19a10b240, 2843;
v0xb9d19a10b240_2844 .array/port v0xb9d19a10b240, 2844;
E_0xb9d199e68640/712 .event anyedge, v0xb9d19a10b240_2841, v0xb9d19a10b240_2842, v0xb9d19a10b240_2843, v0xb9d19a10b240_2844;
v0xb9d19a10b240_2845 .array/port v0xb9d19a10b240, 2845;
v0xb9d19a10b240_2846 .array/port v0xb9d19a10b240, 2846;
v0xb9d19a10b240_2847 .array/port v0xb9d19a10b240, 2847;
v0xb9d19a10b240_2848 .array/port v0xb9d19a10b240, 2848;
E_0xb9d199e68640/713 .event anyedge, v0xb9d19a10b240_2845, v0xb9d19a10b240_2846, v0xb9d19a10b240_2847, v0xb9d19a10b240_2848;
v0xb9d19a10b240_2849 .array/port v0xb9d19a10b240, 2849;
v0xb9d19a10b240_2850 .array/port v0xb9d19a10b240, 2850;
v0xb9d19a10b240_2851 .array/port v0xb9d19a10b240, 2851;
v0xb9d19a10b240_2852 .array/port v0xb9d19a10b240, 2852;
E_0xb9d199e68640/714 .event anyedge, v0xb9d19a10b240_2849, v0xb9d19a10b240_2850, v0xb9d19a10b240_2851, v0xb9d19a10b240_2852;
v0xb9d19a10b240_2853 .array/port v0xb9d19a10b240, 2853;
v0xb9d19a10b240_2854 .array/port v0xb9d19a10b240, 2854;
v0xb9d19a10b240_2855 .array/port v0xb9d19a10b240, 2855;
v0xb9d19a10b240_2856 .array/port v0xb9d19a10b240, 2856;
E_0xb9d199e68640/715 .event anyedge, v0xb9d19a10b240_2853, v0xb9d19a10b240_2854, v0xb9d19a10b240_2855, v0xb9d19a10b240_2856;
v0xb9d19a10b240_2857 .array/port v0xb9d19a10b240, 2857;
v0xb9d19a10b240_2858 .array/port v0xb9d19a10b240, 2858;
v0xb9d19a10b240_2859 .array/port v0xb9d19a10b240, 2859;
v0xb9d19a10b240_2860 .array/port v0xb9d19a10b240, 2860;
E_0xb9d199e68640/716 .event anyedge, v0xb9d19a10b240_2857, v0xb9d19a10b240_2858, v0xb9d19a10b240_2859, v0xb9d19a10b240_2860;
v0xb9d19a10b240_2861 .array/port v0xb9d19a10b240, 2861;
v0xb9d19a10b240_2862 .array/port v0xb9d19a10b240, 2862;
v0xb9d19a10b240_2863 .array/port v0xb9d19a10b240, 2863;
v0xb9d19a10b240_2864 .array/port v0xb9d19a10b240, 2864;
E_0xb9d199e68640/717 .event anyedge, v0xb9d19a10b240_2861, v0xb9d19a10b240_2862, v0xb9d19a10b240_2863, v0xb9d19a10b240_2864;
v0xb9d19a10b240_2865 .array/port v0xb9d19a10b240, 2865;
v0xb9d19a10b240_2866 .array/port v0xb9d19a10b240, 2866;
v0xb9d19a10b240_2867 .array/port v0xb9d19a10b240, 2867;
v0xb9d19a10b240_2868 .array/port v0xb9d19a10b240, 2868;
E_0xb9d199e68640/718 .event anyedge, v0xb9d19a10b240_2865, v0xb9d19a10b240_2866, v0xb9d19a10b240_2867, v0xb9d19a10b240_2868;
v0xb9d19a10b240_2869 .array/port v0xb9d19a10b240, 2869;
v0xb9d19a10b240_2870 .array/port v0xb9d19a10b240, 2870;
v0xb9d19a10b240_2871 .array/port v0xb9d19a10b240, 2871;
v0xb9d19a10b240_2872 .array/port v0xb9d19a10b240, 2872;
E_0xb9d199e68640/719 .event anyedge, v0xb9d19a10b240_2869, v0xb9d19a10b240_2870, v0xb9d19a10b240_2871, v0xb9d19a10b240_2872;
v0xb9d19a10b240_2873 .array/port v0xb9d19a10b240, 2873;
v0xb9d19a10b240_2874 .array/port v0xb9d19a10b240, 2874;
v0xb9d19a10b240_2875 .array/port v0xb9d19a10b240, 2875;
v0xb9d19a10b240_2876 .array/port v0xb9d19a10b240, 2876;
E_0xb9d199e68640/720 .event anyedge, v0xb9d19a10b240_2873, v0xb9d19a10b240_2874, v0xb9d19a10b240_2875, v0xb9d19a10b240_2876;
v0xb9d19a10b240_2877 .array/port v0xb9d19a10b240, 2877;
v0xb9d19a10b240_2878 .array/port v0xb9d19a10b240, 2878;
v0xb9d19a10b240_2879 .array/port v0xb9d19a10b240, 2879;
v0xb9d19a10b240_2880 .array/port v0xb9d19a10b240, 2880;
E_0xb9d199e68640/721 .event anyedge, v0xb9d19a10b240_2877, v0xb9d19a10b240_2878, v0xb9d19a10b240_2879, v0xb9d19a10b240_2880;
v0xb9d19a10b240_2881 .array/port v0xb9d19a10b240, 2881;
v0xb9d19a10b240_2882 .array/port v0xb9d19a10b240, 2882;
v0xb9d19a10b240_2883 .array/port v0xb9d19a10b240, 2883;
v0xb9d19a10b240_2884 .array/port v0xb9d19a10b240, 2884;
E_0xb9d199e68640/722 .event anyedge, v0xb9d19a10b240_2881, v0xb9d19a10b240_2882, v0xb9d19a10b240_2883, v0xb9d19a10b240_2884;
v0xb9d19a10b240_2885 .array/port v0xb9d19a10b240, 2885;
v0xb9d19a10b240_2886 .array/port v0xb9d19a10b240, 2886;
v0xb9d19a10b240_2887 .array/port v0xb9d19a10b240, 2887;
v0xb9d19a10b240_2888 .array/port v0xb9d19a10b240, 2888;
E_0xb9d199e68640/723 .event anyedge, v0xb9d19a10b240_2885, v0xb9d19a10b240_2886, v0xb9d19a10b240_2887, v0xb9d19a10b240_2888;
v0xb9d19a10b240_2889 .array/port v0xb9d19a10b240, 2889;
v0xb9d19a10b240_2890 .array/port v0xb9d19a10b240, 2890;
v0xb9d19a10b240_2891 .array/port v0xb9d19a10b240, 2891;
v0xb9d19a10b240_2892 .array/port v0xb9d19a10b240, 2892;
E_0xb9d199e68640/724 .event anyedge, v0xb9d19a10b240_2889, v0xb9d19a10b240_2890, v0xb9d19a10b240_2891, v0xb9d19a10b240_2892;
v0xb9d19a10b240_2893 .array/port v0xb9d19a10b240, 2893;
v0xb9d19a10b240_2894 .array/port v0xb9d19a10b240, 2894;
v0xb9d19a10b240_2895 .array/port v0xb9d19a10b240, 2895;
v0xb9d19a10b240_2896 .array/port v0xb9d19a10b240, 2896;
E_0xb9d199e68640/725 .event anyedge, v0xb9d19a10b240_2893, v0xb9d19a10b240_2894, v0xb9d19a10b240_2895, v0xb9d19a10b240_2896;
v0xb9d19a10b240_2897 .array/port v0xb9d19a10b240, 2897;
v0xb9d19a10b240_2898 .array/port v0xb9d19a10b240, 2898;
v0xb9d19a10b240_2899 .array/port v0xb9d19a10b240, 2899;
v0xb9d19a10b240_2900 .array/port v0xb9d19a10b240, 2900;
E_0xb9d199e68640/726 .event anyedge, v0xb9d19a10b240_2897, v0xb9d19a10b240_2898, v0xb9d19a10b240_2899, v0xb9d19a10b240_2900;
v0xb9d19a10b240_2901 .array/port v0xb9d19a10b240, 2901;
v0xb9d19a10b240_2902 .array/port v0xb9d19a10b240, 2902;
v0xb9d19a10b240_2903 .array/port v0xb9d19a10b240, 2903;
v0xb9d19a10b240_2904 .array/port v0xb9d19a10b240, 2904;
E_0xb9d199e68640/727 .event anyedge, v0xb9d19a10b240_2901, v0xb9d19a10b240_2902, v0xb9d19a10b240_2903, v0xb9d19a10b240_2904;
v0xb9d19a10b240_2905 .array/port v0xb9d19a10b240, 2905;
v0xb9d19a10b240_2906 .array/port v0xb9d19a10b240, 2906;
v0xb9d19a10b240_2907 .array/port v0xb9d19a10b240, 2907;
v0xb9d19a10b240_2908 .array/port v0xb9d19a10b240, 2908;
E_0xb9d199e68640/728 .event anyedge, v0xb9d19a10b240_2905, v0xb9d19a10b240_2906, v0xb9d19a10b240_2907, v0xb9d19a10b240_2908;
v0xb9d19a10b240_2909 .array/port v0xb9d19a10b240, 2909;
v0xb9d19a10b240_2910 .array/port v0xb9d19a10b240, 2910;
v0xb9d19a10b240_2911 .array/port v0xb9d19a10b240, 2911;
v0xb9d19a10b240_2912 .array/port v0xb9d19a10b240, 2912;
E_0xb9d199e68640/729 .event anyedge, v0xb9d19a10b240_2909, v0xb9d19a10b240_2910, v0xb9d19a10b240_2911, v0xb9d19a10b240_2912;
v0xb9d19a10b240_2913 .array/port v0xb9d19a10b240, 2913;
v0xb9d19a10b240_2914 .array/port v0xb9d19a10b240, 2914;
v0xb9d19a10b240_2915 .array/port v0xb9d19a10b240, 2915;
v0xb9d19a10b240_2916 .array/port v0xb9d19a10b240, 2916;
E_0xb9d199e68640/730 .event anyedge, v0xb9d19a10b240_2913, v0xb9d19a10b240_2914, v0xb9d19a10b240_2915, v0xb9d19a10b240_2916;
v0xb9d19a10b240_2917 .array/port v0xb9d19a10b240, 2917;
v0xb9d19a10b240_2918 .array/port v0xb9d19a10b240, 2918;
v0xb9d19a10b240_2919 .array/port v0xb9d19a10b240, 2919;
v0xb9d19a10b240_2920 .array/port v0xb9d19a10b240, 2920;
E_0xb9d199e68640/731 .event anyedge, v0xb9d19a10b240_2917, v0xb9d19a10b240_2918, v0xb9d19a10b240_2919, v0xb9d19a10b240_2920;
v0xb9d19a10b240_2921 .array/port v0xb9d19a10b240, 2921;
v0xb9d19a10b240_2922 .array/port v0xb9d19a10b240, 2922;
v0xb9d19a10b240_2923 .array/port v0xb9d19a10b240, 2923;
v0xb9d19a10b240_2924 .array/port v0xb9d19a10b240, 2924;
E_0xb9d199e68640/732 .event anyedge, v0xb9d19a10b240_2921, v0xb9d19a10b240_2922, v0xb9d19a10b240_2923, v0xb9d19a10b240_2924;
v0xb9d19a10b240_2925 .array/port v0xb9d19a10b240, 2925;
v0xb9d19a10b240_2926 .array/port v0xb9d19a10b240, 2926;
v0xb9d19a10b240_2927 .array/port v0xb9d19a10b240, 2927;
v0xb9d19a10b240_2928 .array/port v0xb9d19a10b240, 2928;
E_0xb9d199e68640/733 .event anyedge, v0xb9d19a10b240_2925, v0xb9d19a10b240_2926, v0xb9d19a10b240_2927, v0xb9d19a10b240_2928;
v0xb9d19a10b240_2929 .array/port v0xb9d19a10b240, 2929;
v0xb9d19a10b240_2930 .array/port v0xb9d19a10b240, 2930;
v0xb9d19a10b240_2931 .array/port v0xb9d19a10b240, 2931;
v0xb9d19a10b240_2932 .array/port v0xb9d19a10b240, 2932;
E_0xb9d199e68640/734 .event anyedge, v0xb9d19a10b240_2929, v0xb9d19a10b240_2930, v0xb9d19a10b240_2931, v0xb9d19a10b240_2932;
v0xb9d19a10b240_2933 .array/port v0xb9d19a10b240, 2933;
v0xb9d19a10b240_2934 .array/port v0xb9d19a10b240, 2934;
v0xb9d19a10b240_2935 .array/port v0xb9d19a10b240, 2935;
v0xb9d19a10b240_2936 .array/port v0xb9d19a10b240, 2936;
E_0xb9d199e68640/735 .event anyedge, v0xb9d19a10b240_2933, v0xb9d19a10b240_2934, v0xb9d19a10b240_2935, v0xb9d19a10b240_2936;
v0xb9d19a10b240_2937 .array/port v0xb9d19a10b240, 2937;
v0xb9d19a10b240_2938 .array/port v0xb9d19a10b240, 2938;
v0xb9d19a10b240_2939 .array/port v0xb9d19a10b240, 2939;
v0xb9d19a10b240_2940 .array/port v0xb9d19a10b240, 2940;
E_0xb9d199e68640/736 .event anyedge, v0xb9d19a10b240_2937, v0xb9d19a10b240_2938, v0xb9d19a10b240_2939, v0xb9d19a10b240_2940;
v0xb9d19a10b240_2941 .array/port v0xb9d19a10b240, 2941;
v0xb9d19a10b240_2942 .array/port v0xb9d19a10b240, 2942;
v0xb9d19a10b240_2943 .array/port v0xb9d19a10b240, 2943;
v0xb9d19a10b240_2944 .array/port v0xb9d19a10b240, 2944;
E_0xb9d199e68640/737 .event anyedge, v0xb9d19a10b240_2941, v0xb9d19a10b240_2942, v0xb9d19a10b240_2943, v0xb9d19a10b240_2944;
v0xb9d19a10b240_2945 .array/port v0xb9d19a10b240, 2945;
v0xb9d19a10b240_2946 .array/port v0xb9d19a10b240, 2946;
v0xb9d19a10b240_2947 .array/port v0xb9d19a10b240, 2947;
v0xb9d19a10b240_2948 .array/port v0xb9d19a10b240, 2948;
E_0xb9d199e68640/738 .event anyedge, v0xb9d19a10b240_2945, v0xb9d19a10b240_2946, v0xb9d19a10b240_2947, v0xb9d19a10b240_2948;
v0xb9d19a10b240_2949 .array/port v0xb9d19a10b240, 2949;
v0xb9d19a10b240_2950 .array/port v0xb9d19a10b240, 2950;
v0xb9d19a10b240_2951 .array/port v0xb9d19a10b240, 2951;
v0xb9d19a10b240_2952 .array/port v0xb9d19a10b240, 2952;
E_0xb9d199e68640/739 .event anyedge, v0xb9d19a10b240_2949, v0xb9d19a10b240_2950, v0xb9d19a10b240_2951, v0xb9d19a10b240_2952;
v0xb9d19a10b240_2953 .array/port v0xb9d19a10b240, 2953;
v0xb9d19a10b240_2954 .array/port v0xb9d19a10b240, 2954;
v0xb9d19a10b240_2955 .array/port v0xb9d19a10b240, 2955;
v0xb9d19a10b240_2956 .array/port v0xb9d19a10b240, 2956;
E_0xb9d199e68640/740 .event anyedge, v0xb9d19a10b240_2953, v0xb9d19a10b240_2954, v0xb9d19a10b240_2955, v0xb9d19a10b240_2956;
v0xb9d19a10b240_2957 .array/port v0xb9d19a10b240, 2957;
v0xb9d19a10b240_2958 .array/port v0xb9d19a10b240, 2958;
v0xb9d19a10b240_2959 .array/port v0xb9d19a10b240, 2959;
v0xb9d19a10b240_2960 .array/port v0xb9d19a10b240, 2960;
E_0xb9d199e68640/741 .event anyedge, v0xb9d19a10b240_2957, v0xb9d19a10b240_2958, v0xb9d19a10b240_2959, v0xb9d19a10b240_2960;
v0xb9d19a10b240_2961 .array/port v0xb9d19a10b240, 2961;
v0xb9d19a10b240_2962 .array/port v0xb9d19a10b240, 2962;
v0xb9d19a10b240_2963 .array/port v0xb9d19a10b240, 2963;
v0xb9d19a10b240_2964 .array/port v0xb9d19a10b240, 2964;
E_0xb9d199e68640/742 .event anyedge, v0xb9d19a10b240_2961, v0xb9d19a10b240_2962, v0xb9d19a10b240_2963, v0xb9d19a10b240_2964;
v0xb9d19a10b240_2965 .array/port v0xb9d19a10b240, 2965;
v0xb9d19a10b240_2966 .array/port v0xb9d19a10b240, 2966;
v0xb9d19a10b240_2967 .array/port v0xb9d19a10b240, 2967;
v0xb9d19a10b240_2968 .array/port v0xb9d19a10b240, 2968;
E_0xb9d199e68640/743 .event anyedge, v0xb9d19a10b240_2965, v0xb9d19a10b240_2966, v0xb9d19a10b240_2967, v0xb9d19a10b240_2968;
v0xb9d19a10b240_2969 .array/port v0xb9d19a10b240, 2969;
v0xb9d19a10b240_2970 .array/port v0xb9d19a10b240, 2970;
v0xb9d19a10b240_2971 .array/port v0xb9d19a10b240, 2971;
v0xb9d19a10b240_2972 .array/port v0xb9d19a10b240, 2972;
E_0xb9d199e68640/744 .event anyedge, v0xb9d19a10b240_2969, v0xb9d19a10b240_2970, v0xb9d19a10b240_2971, v0xb9d19a10b240_2972;
v0xb9d19a10b240_2973 .array/port v0xb9d19a10b240, 2973;
v0xb9d19a10b240_2974 .array/port v0xb9d19a10b240, 2974;
v0xb9d19a10b240_2975 .array/port v0xb9d19a10b240, 2975;
v0xb9d19a10b240_2976 .array/port v0xb9d19a10b240, 2976;
E_0xb9d199e68640/745 .event anyedge, v0xb9d19a10b240_2973, v0xb9d19a10b240_2974, v0xb9d19a10b240_2975, v0xb9d19a10b240_2976;
v0xb9d19a10b240_2977 .array/port v0xb9d19a10b240, 2977;
v0xb9d19a10b240_2978 .array/port v0xb9d19a10b240, 2978;
v0xb9d19a10b240_2979 .array/port v0xb9d19a10b240, 2979;
v0xb9d19a10b240_2980 .array/port v0xb9d19a10b240, 2980;
E_0xb9d199e68640/746 .event anyedge, v0xb9d19a10b240_2977, v0xb9d19a10b240_2978, v0xb9d19a10b240_2979, v0xb9d19a10b240_2980;
v0xb9d19a10b240_2981 .array/port v0xb9d19a10b240, 2981;
v0xb9d19a10b240_2982 .array/port v0xb9d19a10b240, 2982;
v0xb9d19a10b240_2983 .array/port v0xb9d19a10b240, 2983;
v0xb9d19a10b240_2984 .array/port v0xb9d19a10b240, 2984;
E_0xb9d199e68640/747 .event anyedge, v0xb9d19a10b240_2981, v0xb9d19a10b240_2982, v0xb9d19a10b240_2983, v0xb9d19a10b240_2984;
v0xb9d19a10b240_2985 .array/port v0xb9d19a10b240, 2985;
v0xb9d19a10b240_2986 .array/port v0xb9d19a10b240, 2986;
v0xb9d19a10b240_2987 .array/port v0xb9d19a10b240, 2987;
v0xb9d19a10b240_2988 .array/port v0xb9d19a10b240, 2988;
E_0xb9d199e68640/748 .event anyedge, v0xb9d19a10b240_2985, v0xb9d19a10b240_2986, v0xb9d19a10b240_2987, v0xb9d19a10b240_2988;
v0xb9d19a10b240_2989 .array/port v0xb9d19a10b240, 2989;
v0xb9d19a10b240_2990 .array/port v0xb9d19a10b240, 2990;
v0xb9d19a10b240_2991 .array/port v0xb9d19a10b240, 2991;
v0xb9d19a10b240_2992 .array/port v0xb9d19a10b240, 2992;
E_0xb9d199e68640/749 .event anyedge, v0xb9d19a10b240_2989, v0xb9d19a10b240_2990, v0xb9d19a10b240_2991, v0xb9d19a10b240_2992;
v0xb9d19a10b240_2993 .array/port v0xb9d19a10b240, 2993;
v0xb9d19a10b240_2994 .array/port v0xb9d19a10b240, 2994;
v0xb9d19a10b240_2995 .array/port v0xb9d19a10b240, 2995;
v0xb9d19a10b240_2996 .array/port v0xb9d19a10b240, 2996;
E_0xb9d199e68640/750 .event anyedge, v0xb9d19a10b240_2993, v0xb9d19a10b240_2994, v0xb9d19a10b240_2995, v0xb9d19a10b240_2996;
v0xb9d19a10b240_2997 .array/port v0xb9d19a10b240, 2997;
v0xb9d19a10b240_2998 .array/port v0xb9d19a10b240, 2998;
v0xb9d19a10b240_2999 .array/port v0xb9d19a10b240, 2999;
v0xb9d19a10b240_3000 .array/port v0xb9d19a10b240, 3000;
E_0xb9d199e68640/751 .event anyedge, v0xb9d19a10b240_2997, v0xb9d19a10b240_2998, v0xb9d19a10b240_2999, v0xb9d19a10b240_3000;
v0xb9d19a10b240_3001 .array/port v0xb9d19a10b240, 3001;
v0xb9d19a10b240_3002 .array/port v0xb9d19a10b240, 3002;
v0xb9d19a10b240_3003 .array/port v0xb9d19a10b240, 3003;
v0xb9d19a10b240_3004 .array/port v0xb9d19a10b240, 3004;
E_0xb9d199e68640/752 .event anyedge, v0xb9d19a10b240_3001, v0xb9d19a10b240_3002, v0xb9d19a10b240_3003, v0xb9d19a10b240_3004;
v0xb9d19a10b240_3005 .array/port v0xb9d19a10b240, 3005;
v0xb9d19a10b240_3006 .array/port v0xb9d19a10b240, 3006;
v0xb9d19a10b240_3007 .array/port v0xb9d19a10b240, 3007;
v0xb9d19a10b240_3008 .array/port v0xb9d19a10b240, 3008;
E_0xb9d199e68640/753 .event anyedge, v0xb9d19a10b240_3005, v0xb9d19a10b240_3006, v0xb9d19a10b240_3007, v0xb9d19a10b240_3008;
v0xb9d19a10b240_3009 .array/port v0xb9d19a10b240, 3009;
v0xb9d19a10b240_3010 .array/port v0xb9d19a10b240, 3010;
v0xb9d19a10b240_3011 .array/port v0xb9d19a10b240, 3011;
v0xb9d19a10b240_3012 .array/port v0xb9d19a10b240, 3012;
E_0xb9d199e68640/754 .event anyedge, v0xb9d19a10b240_3009, v0xb9d19a10b240_3010, v0xb9d19a10b240_3011, v0xb9d19a10b240_3012;
v0xb9d19a10b240_3013 .array/port v0xb9d19a10b240, 3013;
v0xb9d19a10b240_3014 .array/port v0xb9d19a10b240, 3014;
v0xb9d19a10b240_3015 .array/port v0xb9d19a10b240, 3015;
v0xb9d19a10b240_3016 .array/port v0xb9d19a10b240, 3016;
E_0xb9d199e68640/755 .event anyedge, v0xb9d19a10b240_3013, v0xb9d19a10b240_3014, v0xb9d19a10b240_3015, v0xb9d19a10b240_3016;
v0xb9d19a10b240_3017 .array/port v0xb9d19a10b240, 3017;
v0xb9d19a10b240_3018 .array/port v0xb9d19a10b240, 3018;
v0xb9d19a10b240_3019 .array/port v0xb9d19a10b240, 3019;
v0xb9d19a10b240_3020 .array/port v0xb9d19a10b240, 3020;
E_0xb9d199e68640/756 .event anyedge, v0xb9d19a10b240_3017, v0xb9d19a10b240_3018, v0xb9d19a10b240_3019, v0xb9d19a10b240_3020;
v0xb9d19a10b240_3021 .array/port v0xb9d19a10b240, 3021;
v0xb9d19a10b240_3022 .array/port v0xb9d19a10b240, 3022;
v0xb9d19a10b240_3023 .array/port v0xb9d19a10b240, 3023;
v0xb9d19a10b240_3024 .array/port v0xb9d19a10b240, 3024;
E_0xb9d199e68640/757 .event anyedge, v0xb9d19a10b240_3021, v0xb9d19a10b240_3022, v0xb9d19a10b240_3023, v0xb9d19a10b240_3024;
v0xb9d19a10b240_3025 .array/port v0xb9d19a10b240, 3025;
v0xb9d19a10b240_3026 .array/port v0xb9d19a10b240, 3026;
v0xb9d19a10b240_3027 .array/port v0xb9d19a10b240, 3027;
v0xb9d19a10b240_3028 .array/port v0xb9d19a10b240, 3028;
E_0xb9d199e68640/758 .event anyedge, v0xb9d19a10b240_3025, v0xb9d19a10b240_3026, v0xb9d19a10b240_3027, v0xb9d19a10b240_3028;
v0xb9d19a10b240_3029 .array/port v0xb9d19a10b240, 3029;
v0xb9d19a10b240_3030 .array/port v0xb9d19a10b240, 3030;
v0xb9d19a10b240_3031 .array/port v0xb9d19a10b240, 3031;
v0xb9d19a10b240_3032 .array/port v0xb9d19a10b240, 3032;
E_0xb9d199e68640/759 .event anyedge, v0xb9d19a10b240_3029, v0xb9d19a10b240_3030, v0xb9d19a10b240_3031, v0xb9d19a10b240_3032;
v0xb9d19a10b240_3033 .array/port v0xb9d19a10b240, 3033;
v0xb9d19a10b240_3034 .array/port v0xb9d19a10b240, 3034;
v0xb9d19a10b240_3035 .array/port v0xb9d19a10b240, 3035;
v0xb9d19a10b240_3036 .array/port v0xb9d19a10b240, 3036;
E_0xb9d199e68640/760 .event anyedge, v0xb9d19a10b240_3033, v0xb9d19a10b240_3034, v0xb9d19a10b240_3035, v0xb9d19a10b240_3036;
v0xb9d19a10b240_3037 .array/port v0xb9d19a10b240, 3037;
v0xb9d19a10b240_3038 .array/port v0xb9d19a10b240, 3038;
v0xb9d19a10b240_3039 .array/port v0xb9d19a10b240, 3039;
v0xb9d19a10b240_3040 .array/port v0xb9d19a10b240, 3040;
E_0xb9d199e68640/761 .event anyedge, v0xb9d19a10b240_3037, v0xb9d19a10b240_3038, v0xb9d19a10b240_3039, v0xb9d19a10b240_3040;
v0xb9d19a10b240_3041 .array/port v0xb9d19a10b240, 3041;
v0xb9d19a10b240_3042 .array/port v0xb9d19a10b240, 3042;
v0xb9d19a10b240_3043 .array/port v0xb9d19a10b240, 3043;
v0xb9d19a10b240_3044 .array/port v0xb9d19a10b240, 3044;
E_0xb9d199e68640/762 .event anyedge, v0xb9d19a10b240_3041, v0xb9d19a10b240_3042, v0xb9d19a10b240_3043, v0xb9d19a10b240_3044;
v0xb9d19a10b240_3045 .array/port v0xb9d19a10b240, 3045;
v0xb9d19a10b240_3046 .array/port v0xb9d19a10b240, 3046;
v0xb9d19a10b240_3047 .array/port v0xb9d19a10b240, 3047;
v0xb9d19a10b240_3048 .array/port v0xb9d19a10b240, 3048;
E_0xb9d199e68640/763 .event anyedge, v0xb9d19a10b240_3045, v0xb9d19a10b240_3046, v0xb9d19a10b240_3047, v0xb9d19a10b240_3048;
v0xb9d19a10b240_3049 .array/port v0xb9d19a10b240, 3049;
v0xb9d19a10b240_3050 .array/port v0xb9d19a10b240, 3050;
v0xb9d19a10b240_3051 .array/port v0xb9d19a10b240, 3051;
v0xb9d19a10b240_3052 .array/port v0xb9d19a10b240, 3052;
E_0xb9d199e68640/764 .event anyedge, v0xb9d19a10b240_3049, v0xb9d19a10b240_3050, v0xb9d19a10b240_3051, v0xb9d19a10b240_3052;
v0xb9d19a10b240_3053 .array/port v0xb9d19a10b240, 3053;
v0xb9d19a10b240_3054 .array/port v0xb9d19a10b240, 3054;
v0xb9d19a10b240_3055 .array/port v0xb9d19a10b240, 3055;
v0xb9d19a10b240_3056 .array/port v0xb9d19a10b240, 3056;
E_0xb9d199e68640/765 .event anyedge, v0xb9d19a10b240_3053, v0xb9d19a10b240_3054, v0xb9d19a10b240_3055, v0xb9d19a10b240_3056;
v0xb9d19a10b240_3057 .array/port v0xb9d19a10b240, 3057;
v0xb9d19a10b240_3058 .array/port v0xb9d19a10b240, 3058;
v0xb9d19a10b240_3059 .array/port v0xb9d19a10b240, 3059;
v0xb9d19a10b240_3060 .array/port v0xb9d19a10b240, 3060;
E_0xb9d199e68640/766 .event anyedge, v0xb9d19a10b240_3057, v0xb9d19a10b240_3058, v0xb9d19a10b240_3059, v0xb9d19a10b240_3060;
v0xb9d19a10b240_3061 .array/port v0xb9d19a10b240, 3061;
v0xb9d19a10b240_3062 .array/port v0xb9d19a10b240, 3062;
v0xb9d19a10b240_3063 .array/port v0xb9d19a10b240, 3063;
v0xb9d19a10b240_3064 .array/port v0xb9d19a10b240, 3064;
E_0xb9d199e68640/767 .event anyedge, v0xb9d19a10b240_3061, v0xb9d19a10b240_3062, v0xb9d19a10b240_3063, v0xb9d19a10b240_3064;
v0xb9d19a10b240_3065 .array/port v0xb9d19a10b240, 3065;
v0xb9d19a10b240_3066 .array/port v0xb9d19a10b240, 3066;
v0xb9d19a10b240_3067 .array/port v0xb9d19a10b240, 3067;
v0xb9d19a10b240_3068 .array/port v0xb9d19a10b240, 3068;
E_0xb9d199e68640/768 .event anyedge, v0xb9d19a10b240_3065, v0xb9d19a10b240_3066, v0xb9d19a10b240_3067, v0xb9d19a10b240_3068;
v0xb9d19a10b240_3069 .array/port v0xb9d19a10b240, 3069;
v0xb9d19a10b240_3070 .array/port v0xb9d19a10b240, 3070;
v0xb9d19a10b240_3071 .array/port v0xb9d19a10b240, 3071;
v0xb9d19a10b240_3072 .array/port v0xb9d19a10b240, 3072;
E_0xb9d199e68640/769 .event anyedge, v0xb9d19a10b240_3069, v0xb9d19a10b240_3070, v0xb9d19a10b240_3071, v0xb9d19a10b240_3072;
v0xb9d19a10b240_3073 .array/port v0xb9d19a10b240, 3073;
v0xb9d19a10b240_3074 .array/port v0xb9d19a10b240, 3074;
v0xb9d19a10b240_3075 .array/port v0xb9d19a10b240, 3075;
v0xb9d19a10b240_3076 .array/port v0xb9d19a10b240, 3076;
E_0xb9d199e68640/770 .event anyedge, v0xb9d19a10b240_3073, v0xb9d19a10b240_3074, v0xb9d19a10b240_3075, v0xb9d19a10b240_3076;
v0xb9d19a10b240_3077 .array/port v0xb9d19a10b240, 3077;
v0xb9d19a10b240_3078 .array/port v0xb9d19a10b240, 3078;
v0xb9d19a10b240_3079 .array/port v0xb9d19a10b240, 3079;
v0xb9d19a10b240_3080 .array/port v0xb9d19a10b240, 3080;
E_0xb9d199e68640/771 .event anyedge, v0xb9d19a10b240_3077, v0xb9d19a10b240_3078, v0xb9d19a10b240_3079, v0xb9d19a10b240_3080;
v0xb9d19a10b240_3081 .array/port v0xb9d19a10b240, 3081;
v0xb9d19a10b240_3082 .array/port v0xb9d19a10b240, 3082;
v0xb9d19a10b240_3083 .array/port v0xb9d19a10b240, 3083;
v0xb9d19a10b240_3084 .array/port v0xb9d19a10b240, 3084;
E_0xb9d199e68640/772 .event anyedge, v0xb9d19a10b240_3081, v0xb9d19a10b240_3082, v0xb9d19a10b240_3083, v0xb9d19a10b240_3084;
v0xb9d19a10b240_3085 .array/port v0xb9d19a10b240, 3085;
v0xb9d19a10b240_3086 .array/port v0xb9d19a10b240, 3086;
v0xb9d19a10b240_3087 .array/port v0xb9d19a10b240, 3087;
v0xb9d19a10b240_3088 .array/port v0xb9d19a10b240, 3088;
E_0xb9d199e68640/773 .event anyedge, v0xb9d19a10b240_3085, v0xb9d19a10b240_3086, v0xb9d19a10b240_3087, v0xb9d19a10b240_3088;
v0xb9d19a10b240_3089 .array/port v0xb9d19a10b240, 3089;
v0xb9d19a10b240_3090 .array/port v0xb9d19a10b240, 3090;
v0xb9d19a10b240_3091 .array/port v0xb9d19a10b240, 3091;
v0xb9d19a10b240_3092 .array/port v0xb9d19a10b240, 3092;
E_0xb9d199e68640/774 .event anyedge, v0xb9d19a10b240_3089, v0xb9d19a10b240_3090, v0xb9d19a10b240_3091, v0xb9d19a10b240_3092;
v0xb9d19a10b240_3093 .array/port v0xb9d19a10b240, 3093;
v0xb9d19a10b240_3094 .array/port v0xb9d19a10b240, 3094;
v0xb9d19a10b240_3095 .array/port v0xb9d19a10b240, 3095;
v0xb9d19a10b240_3096 .array/port v0xb9d19a10b240, 3096;
E_0xb9d199e68640/775 .event anyedge, v0xb9d19a10b240_3093, v0xb9d19a10b240_3094, v0xb9d19a10b240_3095, v0xb9d19a10b240_3096;
v0xb9d19a10b240_3097 .array/port v0xb9d19a10b240, 3097;
v0xb9d19a10b240_3098 .array/port v0xb9d19a10b240, 3098;
v0xb9d19a10b240_3099 .array/port v0xb9d19a10b240, 3099;
v0xb9d19a10b240_3100 .array/port v0xb9d19a10b240, 3100;
E_0xb9d199e68640/776 .event anyedge, v0xb9d19a10b240_3097, v0xb9d19a10b240_3098, v0xb9d19a10b240_3099, v0xb9d19a10b240_3100;
v0xb9d19a10b240_3101 .array/port v0xb9d19a10b240, 3101;
v0xb9d19a10b240_3102 .array/port v0xb9d19a10b240, 3102;
v0xb9d19a10b240_3103 .array/port v0xb9d19a10b240, 3103;
v0xb9d19a10b240_3104 .array/port v0xb9d19a10b240, 3104;
E_0xb9d199e68640/777 .event anyedge, v0xb9d19a10b240_3101, v0xb9d19a10b240_3102, v0xb9d19a10b240_3103, v0xb9d19a10b240_3104;
v0xb9d19a10b240_3105 .array/port v0xb9d19a10b240, 3105;
v0xb9d19a10b240_3106 .array/port v0xb9d19a10b240, 3106;
v0xb9d19a10b240_3107 .array/port v0xb9d19a10b240, 3107;
v0xb9d19a10b240_3108 .array/port v0xb9d19a10b240, 3108;
E_0xb9d199e68640/778 .event anyedge, v0xb9d19a10b240_3105, v0xb9d19a10b240_3106, v0xb9d19a10b240_3107, v0xb9d19a10b240_3108;
v0xb9d19a10b240_3109 .array/port v0xb9d19a10b240, 3109;
v0xb9d19a10b240_3110 .array/port v0xb9d19a10b240, 3110;
v0xb9d19a10b240_3111 .array/port v0xb9d19a10b240, 3111;
v0xb9d19a10b240_3112 .array/port v0xb9d19a10b240, 3112;
E_0xb9d199e68640/779 .event anyedge, v0xb9d19a10b240_3109, v0xb9d19a10b240_3110, v0xb9d19a10b240_3111, v0xb9d19a10b240_3112;
v0xb9d19a10b240_3113 .array/port v0xb9d19a10b240, 3113;
v0xb9d19a10b240_3114 .array/port v0xb9d19a10b240, 3114;
v0xb9d19a10b240_3115 .array/port v0xb9d19a10b240, 3115;
v0xb9d19a10b240_3116 .array/port v0xb9d19a10b240, 3116;
E_0xb9d199e68640/780 .event anyedge, v0xb9d19a10b240_3113, v0xb9d19a10b240_3114, v0xb9d19a10b240_3115, v0xb9d19a10b240_3116;
v0xb9d19a10b240_3117 .array/port v0xb9d19a10b240, 3117;
v0xb9d19a10b240_3118 .array/port v0xb9d19a10b240, 3118;
v0xb9d19a10b240_3119 .array/port v0xb9d19a10b240, 3119;
v0xb9d19a10b240_3120 .array/port v0xb9d19a10b240, 3120;
E_0xb9d199e68640/781 .event anyedge, v0xb9d19a10b240_3117, v0xb9d19a10b240_3118, v0xb9d19a10b240_3119, v0xb9d19a10b240_3120;
v0xb9d19a10b240_3121 .array/port v0xb9d19a10b240, 3121;
v0xb9d19a10b240_3122 .array/port v0xb9d19a10b240, 3122;
v0xb9d19a10b240_3123 .array/port v0xb9d19a10b240, 3123;
v0xb9d19a10b240_3124 .array/port v0xb9d19a10b240, 3124;
E_0xb9d199e68640/782 .event anyedge, v0xb9d19a10b240_3121, v0xb9d19a10b240_3122, v0xb9d19a10b240_3123, v0xb9d19a10b240_3124;
v0xb9d19a10b240_3125 .array/port v0xb9d19a10b240, 3125;
v0xb9d19a10b240_3126 .array/port v0xb9d19a10b240, 3126;
v0xb9d19a10b240_3127 .array/port v0xb9d19a10b240, 3127;
v0xb9d19a10b240_3128 .array/port v0xb9d19a10b240, 3128;
E_0xb9d199e68640/783 .event anyedge, v0xb9d19a10b240_3125, v0xb9d19a10b240_3126, v0xb9d19a10b240_3127, v0xb9d19a10b240_3128;
v0xb9d19a10b240_3129 .array/port v0xb9d19a10b240, 3129;
v0xb9d19a10b240_3130 .array/port v0xb9d19a10b240, 3130;
v0xb9d19a10b240_3131 .array/port v0xb9d19a10b240, 3131;
v0xb9d19a10b240_3132 .array/port v0xb9d19a10b240, 3132;
E_0xb9d199e68640/784 .event anyedge, v0xb9d19a10b240_3129, v0xb9d19a10b240_3130, v0xb9d19a10b240_3131, v0xb9d19a10b240_3132;
v0xb9d19a10b240_3133 .array/port v0xb9d19a10b240, 3133;
v0xb9d19a10b240_3134 .array/port v0xb9d19a10b240, 3134;
v0xb9d19a10b240_3135 .array/port v0xb9d19a10b240, 3135;
v0xb9d19a10b240_3136 .array/port v0xb9d19a10b240, 3136;
E_0xb9d199e68640/785 .event anyedge, v0xb9d19a10b240_3133, v0xb9d19a10b240_3134, v0xb9d19a10b240_3135, v0xb9d19a10b240_3136;
v0xb9d19a10b240_3137 .array/port v0xb9d19a10b240, 3137;
v0xb9d19a10b240_3138 .array/port v0xb9d19a10b240, 3138;
v0xb9d19a10b240_3139 .array/port v0xb9d19a10b240, 3139;
v0xb9d19a10b240_3140 .array/port v0xb9d19a10b240, 3140;
E_0xb9d199e68640/786 .event anyedge, v0xb9d19a10b240_3137, v0xb9d19a10b240_3138, v0xb9d19a10b240_3139, v0xb9d19a10b240_3140;
v0xb9d19a10b240_3141 .array/port v0xb9d19a10b240, 3141;
v0xb9d19a10b240_3142 .array/port v0xb9d19a10b240, 3142;
v0xb9d19a10b240_3143 .array/port v0xb9d19a10b240, 3143;
v0xb9d19a10b240_3144 .array/port v0xb9d19a10b240, 3144;
E_0xb9d199e68640/787 .event anyedge, v0xb9d19a10b240_3141, v0xb9d19a10b240_3142, v0xb9d19a10b240_3143, v0xb9d19a10b240_3144;
v0xb9d19a10b240_3145 .array/port v0xb9d19a10b240, 3145;
v0xb9d19a10b240_3146 .array/port v0xb9d19a10b240, 3146;
v0xb9d19a10b240_3147 .array/port v0xb9d19a10b240, 3147;
v0xb9d19a10b240_3148 .array/port v0xb9d19a10b240, 3148;
E_0xb9d199e68640/788 .event anyedge, v0xb9d19a10b240_3145, v0xb9d19a10b240_3146, v0xb9d19a10b240_3147, v0xb9d19a10b240_3148;
v0xb9d19a10b240_3149 .array/port v0xb9d19a10b240, 3149;
v0xb9d19a10b240_3150 .array/port v0xb9d19a10b240, 3150;
v0xb9d19a10b240_3151 .array/port v0xb9d19a10b240, 3151;
v0xb9d19a10b240_3152 .array/port v0xb9d19a10b240, 3152;
E_0xb9d199e68640/789 .event anyedge, v0xb9d19a10b240_3149, v0xb9d19a10b240_3150, v0xb9d19a10b240_3151, v0xb9d19a10b240_3152;
v0xb9d19a10b240_3153 .array/port v0xb9d19a10b240, 3153;
v0xb9d19a10b240_3154 .array/port v0xb9d19a10b240, 3154;
v0xb9d19a10b240_3155 .array/port v0xb9d19a10b240, 3155;
v0xb9d19a10b240_3156 .array/port v0xb9d19a10b240, 3156;
E_0xb9d199e68640/790 .event anyedge, v0xb9d19a10b240_3153, v0xb9d19a10b240_3154, v0xb9d19a10b240_3155, v0xb9d19a10b240_3156;
v0xb9d19a10b240_3157 .array/port v0xb9d19a10b240, 3157;
v0xb9d19a10b240_3158 .array/port v0xb9d19a10b240, 3158;
v0xb9d19a10b240_3159 .array/port v0xb9d19a10b240, 3159;
v0xb9d19a10b240_3160 .array/port v0xb9d19a10b240, 3160;
E_0xb9d199e68640/791 .event anyedge, v0xb9d19a10b240_3157, v0xb9d19a10b240_3158, v0xb9d19a10b240_3159, v0xb9d19a10b240_3160;
v0xb9d19a10b240_3161 .array/port v0xb9d19a10b240, 3161;
v0xb9d19a10b240_3162 .array/port v0xb9d19a10b240, 3162;
v0xb9d19a10b240_3163 .array/port v0xb9d19a10b240, 3163;
v0xb9d19a10b240_3164 .array/port v0xb9d19a10b240, 3164;
E_0xb9d199e68640/792 .event anyedge, v0xb9d19a10b240_3161, v0xb9d19a10b240_3162, v0xb9d19a10b240_3163, v0xb9d19a10b240_3164;
v0xb9d19a10b240_3165 .array/port v0xb9d19a10b240, 3165;
v0xb9d19a10b240_3166 .array/port v0xb9d19a10b240, 3166;
v0xb9d19a10b240_3167 .array/port v0xb9d19a10b240, 3167;
v0xb9d19a10b240_3168 .array/port v0xb9d19a10b240, 3168;
E_0xb9d199e68640/793 .event anyedge, v0xb9d19a10b240_3165, v0xb9d19a10b240_3166, v0xb9d19a10b240_3167, v0xb9d19a10b240_3168;
v0xb9d19a10b240_3169 .array/port v0xb9d19a10b240, 3169;
v0xb9d19a10b240_3170 .array/port v0xb9d19a10b240, 3170;
v0xb9d19a10b240_3171 .array/port v0xb9d19a10b240, 3171;
v0xb9d19a10b240_3172 .array/port v0xb9d19a10b240, 3172;
E_0xb9d199e68640/794 .event anyedge, v0xb9d19a10b240_3169, v0xb9d19a10b240_3170, v0xb9d19a10b240_3171, v0xb9d19a10b240_3172;
v0xb9d19a10b240_3173 .array/port v0xb9d19a10b240, 3173;
v0xb9d19a10b240_3174 .array/port v0xb9d19a10b240, 3174;
v0xb9d19a10b240_3175 .array/port v0xb9d19a10b240, 3175;
v0xb9d19a10b240_3176 .array/port v0xb9d19a10b240, 3176;
E_0xb9d199e68640/795 .event anyedge, v0xb9d19a10b240_3173, v0xb9d19a10b240_3174, v0xb9d19a10b240_3175, v0xb9d19a10b240_3176;
v0xb9d19a10b240_3177 .array/port v0xb9d19a10b240, 3177;
v0xb9d19a10b240_3178 .array/port v0xb9d19a10b240, 3178;
v0xb9d19a10b240_3179 .array/port v0xb9d19a10b240, 3179;
v0xb9d19a10b240_3180 .array/port v0xb9d19a10b240, 3180;
E_0xb9d199e68640/796 .event anyedge, v0xb9d19a10b240_3177, v0xb9d19a10b240_3178, v0xb9d19a10b240_3179, v0xb9d19a10b240_3180;
v0xb9d19a10b240_3181 .array/port v0xb9d19a10b240, 3181;
v0xb9d19a10b240_3182 .array/port v0xb9d19a10b240, 3182;
v0xb9d19a10b240_3183 .array/port v0xb9d19a10b240, 3183;
v0xb9d19a10b240_3184 .array/port v0xb9d19a10b240, 3184;
E_0xb9d199e68640/797 .event anyedge, v0xb9d19a10b240_3181, v0xb9d19a10b240_3182, v0xb9d19a10b240_3183, v0xb9d19a10b240_3184;
v0xb9d19a10b240_3185 .array/port v0xb9d19a10b240, 3185;
v0xb9d19a10b240_3186 .array/port v0xb9d19a10b240, 3186;
v0xb9d19a10b240_3187 .array/port v0xb9d19a10b240, 3187;
v0xb9d19a10b240_3188 .array/port v0xb9d19a10b240, 3188;
E_0xb9d199e68640/798 .event anyedge, v0xb9d19a10b240_3185, v0xb9d19a10b240_3186, v0xb9d19a10b240_3187, v0xb9d19a10b240_3188;
v0xb9d19a10b240_3189 .array/port v0xb9d19a10b240, 3189;
v0xb9d19a10b240_3190 .array/port v0xb9d19a10b240, 3190;
v0xb9d19a10b240_3191 .array/port v0xb9d19a10b240, 3191;
v0xb9d19a10b240_3192 .array/port v0xb9d19a10b240, 3192;
E_0xb9d199e68640/799 .event anyedge, v0xb9d19a10b240_3189, v0xb9d19a10b240_3190, v0xb9d19a10b240_3191, v0xb9d19a10b240_3192;
v0xb9d19a10b240_3193 .array/port v0xb9d19a10b240, 3193;
v0xb9d19a10b240_3194 .array/port v0xb9d19a10b240, 3194;
v0xb9d19a10b240_3195 .array/port v0xb9d19a10b240, 3195;
v0xb9d19a10b240_3196 .array/port v0xb9d19a10b240, 3196;
E_0xb9d199e68640/800 .event anyedge, v0xb9d19a10b240_3193, v0xb9d19a10b240_3194, v0xb9d19a10b240_3195, v0xb9d19a10b240_3196;
v0xb9d19a10b240_3197 .array/port v0xb9d19a10b240, 3197;
v0xb9d19a10b240_3198 .array/port v0xb9d19a10b240, 3198;
v0xb9d19a10b240_3199 .array/port v0xb9d19a10b240, 3199;
v0xb9d19a10b240_3200 .array/port v0xb9d19a10b240, 3200;
E_0xb9d199e68640/801 .event anyedge, v0xb9d19a10b240_3197, v0xb9d19a10b240_3198, v0xb9d19a10b240_3199, v0xb9d19a10b240_3200;
v0xb9d19a10b240_3201 .array/port v0xb9d19a10b240, 3201;
v0xb9d19a10b240_3202 .array/port v0xb9d19a10b240, 3202;
v0xb9d19a10b240_3203 .array/port v0xb9d19a10b240, 3203;
v0xb9d19a10b240_3204 .array/port v0xb9d19a10b240, 3204;
E_0xb9d199e68640/802 .event anyedge, v0xb9d19a10b240_3201, v0xb9d19a10b240_3202, v0xb9d19a10b240_3203, v0xb9d19a10b240_3204;
v0xb9d19a10b240_3205 .array/port v0xb9d19a10b240, 3205;
v0xb9d19a10b240_3206 .array/port v0xb9d19a10b240, 3206;
v0xb9d19a10b240_3207 .array/port v0xb9d19a10b240, 3207;
v0xb9d19a10b240_3208 .array/port v0xb9d19a10b240, 3208;
E_0xb9d199e68640/803 .event anyedge, v0xb9d19a10b240_3205, v0xb9d19a10b240_3206, v0xb9d19a10b240_3207, v0xb9d19a10b240_3208;
v0xb9d19a10b240_3209 .array/port v0xb9d19a10b240, 3209;
v0xb9d19a10b240_3210 .array/port v0xb9d19a10b240, 3210;
v0xb9d19a10b240_3211 .array/port v0xb9d19a10b240, 3211;
v0xb9d19a10b240_3212 .array/port v0xb9d19a10b240, 3212;
E_0xb9d199e68640/804 .event anyedge, v0xb9d19a10b240_3209, v0xb9d19a10b240_3210, v0xb9d19a10b240_3211, v0xb9d19a10b240_3212;
v0xb9d19a10b240_3213 .array/port v0xb9d19a10b240, 3213;
v0xb9d19a10b240_3214 .array/port v0xb9d19a10b240, 3214;
v0xb9d19a10b240_3215 .array/port v0xb9d19a10b240, 3215;
v0xb9d19a10b240_3216 .array/port v0xb9d19a10b240, 3216;
E_0xb9d199e68640/805 .event anyedge, v0xb9d19a10b240_3213, v0xb9d19a10b240_3214, v0xb9d19a10b240_3215, v0xb9d19a10b240_3216;
v0xb9d19a10b240_3217 .array/port v0xb9d19a10b240, 3217;
v0xb9d19a10b240_3218 .array/port v0xb9d19a10b240, 3218;
v0xb9d19a10b240_3219 .array/port v0xb9d19a10b240, 3219;
v0xb9d19a10b240_3220 .array/port v0xb9d19a10b240, 3220;
E_0xb9d199e68640/806 .event anyedge, v0xb9d19a10b240_3217, v0xb9d19a10b240_3218, v0xb9d19a10b240_3219, v0xb9d19a10b240_3220;
v0xb9d19a10b240_3221 .array/port v0xb9d19a10b240, 3221;
v0xb9d19a10b240_3222 .array/port v0xb9d19a10b240, 3222;
v0xb9d19a10b240_3223 .array/port v0xb9d19a10b240, 3223;
v0xb9d19a10b240_3224 .array/port v0xb9d19a10b240, 3224;
E_0xb9d199e68640/807 .event anyedge, v0xb9d19a10b240_3221, v0xb9d19a10b240_3222, v0xb9d19a10b240_3223, v0xb9d19a10b240_3224;
v0xb9d19a10b240_3225 .array/port v0xb9d19a10b240, 3225;
v0xb9d19a10b240_3226 .array/port v0xb9d19a10b240, 3226;
v0xb9d19a10b240_3227 .array/port v0xb9d19a10b240, 3227;
v0xb9d19a10b240_3228 .array/port v0xb9d19a10b240, 3228;
E_0xb9d199e68640/808 .event anyedge, v0xb9d19a10b240_3225, v0xb9d19a10b240_3226, v0xb9d19a10b240_3227, v0xb9d19a10b240_3228;
v0xb9d19a10b240_3229 .array/port v0xb9d19a10b240, 3229;
v0xb9d19a10b240_3230 .array/port v0xb9d19a10b240, 3230;
v0xb9d19a10b240_3231 .array/port v0xb9d19a10b240, 3231;
v0xb9d19a10b240_3232 .array/port v0xb9d19a10b240, 3232;
E_0xb9d199e68640/809 .event anyedge, v0xb9d19a10b240_3229, v0xb9d19a10b240_3230, v0xb9d19a10b240_3231, v0xb9d19a10b240_3232;
v0xb9d19a10b240_3233 .array/port v0xb9d19a10b240, 3233;
v0xb9d19a10b240_3234 .array/port v0xb9d19a10b240, 3234;
v0xb9d19a10b240_3235 .array/port v0xb9d19a10b240, 3235;
v0xb9d19a10b240_3236 .array/port v0xb9d19a10b240, 3236;
E_0xb9d199e68640/810 .event anyedge, v0xb9d19a10b240_3233, v0xb9d19a10b240_3234, v0xb9d19a10b240_3235, v0xb9d19a10b240_3236;
v0xb9d19a10b240_3237 .array/port v0xb9d19a10b240, 3237;
v0xb9d19a10b240_3238 .array/port v0xb9d19a10b240, 3238;
v0xb9d19a10b240_3239 .array/port v0xb9d19a10b240, 3239;
v0xb9d19a10b240_3240 .array/port v0xb9d19a10b240, 3240;
E_0xb9d199e68640/811 .event anyedge, v0xb9d19a10b240_3237, v0xb9d19a10b240_3238, v0xb9d19a10b240_3239, v0xb9d19a10b240_3240;
v0xb9d19a10b240_3241 .array/port v0xb9d19a10b240, 3241;
v0xb9d19a10b240_3242 .array/port v0xb9d19a10b240, 3242;
v0xb9d19a10b240_3243 .array/port v0xb9d19a10b240, 3243;
v0xb9d19a10b240_3244 .array/port v0xb9d19a10b240, 3244;
E_0xb9d199e68640/812 .event anyedge, v0xb9d19a10b240_3241, v0xb9d19a10b240_3242, v0xb9d19a10b240_3243, v0xb9d19a10b240_3244;
v0xb9d19a10b240_3245 .array/port v0xb9d19a10b240, 3245;
v0xb9d19a10b240_3246 .array/port v0xb9d19a10b240, 3246;
v0xb9d19a10b240_3247 .array/port v0xb9d19a10b240, 3247;
v0xb9d19a10b240_3248 .array/port v0xb9d19a10b240, 3248;
E_0xb9d199e68640/813 .event anyedge, v0xb9d19a10b240_3245, v0xb9d19a10b240_3246, v0xb9d19a10b240_3247, v0xb9d19a10b240_3248;
v0xb9d19a10b240_3249 .array/port v0xb9d19a10b240, 3249;
v0xb9d19a10b240_3250 .array/port v0xb9d19a10b240, 3250;
v0xb9d19a10b240_3251 .array/port v0xb9d19a10b240, 3251;
v0xb9d19a10b240_3252 .array/port v0xb9d19a10b240, 3252;
E_0xb9d199e68640/814 .event anyedge, v0xb9d19a10b240_3249, v0xb9d19a10b240_3250, v0xb9d19a10b240_3251, v0xb9d19a10b240_3252;
v0xb9d19a10b240_3253 .array/port v0xb9d19a10b240, 3253;
v0xb9d19a10b240_3254 .array/port v0xb9d19a10b240, 3254;
v0xb9d19a10b240_3255 .array/port v0xb9d19a10b240, 3255;
v0xb9d19a10b240_3256 .array/port v0xb9d19a10b240, 3256;
E_0xb9d199e68640/815 .event anyedge, v0xb9d19a10b240_3253, v0xb9d19a10b240_3254, v0xb9d19a10b240_3255, v0xb9d19a10b240_3256;
v0xb9d19a10b240_3257 .array/port v0xb9d19a10b240, 3257;
v0xb9d19a10b240_3258 .array/port v0xb9d19a10b240, 3258;
v0xb9d19a10b240_3259 .array/port v0xb9d19a10b240, 3259;
v0xb9d19a10b240_3260 .array/port v0xb9d19a10b240, 3260;
E_0xb9d199e68640/816 .event anyedge, v0xb9d19a10b240_3257, v0xb9d19a10b240_3258, v0xb9d19a10b240_3259, v0xb9d19a10b240_3260;
v0xb9d19a10b240_3261 .array/port v0xb9d19a10b240, 3261;
v0xb9d19a10b240_3262 .array/port v0xb9d19a10b240, 3262;
v0xb9d19a10b240_3263 .array/port v0xb9d19a10b240, 3263;
v0xb9d19a10b240_3264 .array/port v0xb9d19a10b240, 3264;
E_0xb9d199e68640/817 .event anyedge, v0xb9d19a10b240_3261, v0xb9d19a10b240_3262, v0xb9d19a10b240_3263, v0xb9d19a10b240_3264;
v0xb9d19a10b240_3265 .array/port v0xb9d19a10b240, 3265;
v0xb9d19a10b240_3266 .array/port v0xb9d19a10b240, 3266;
v0xb9d19a10b240_3267 .array/port v0xb9d19a10b240, 3267;
v0xb9d19a10b240_3268 .array/port v0xb9d19a10b240, 3268;
E_0xb9d199e68640/818 .event anyedge, v0xb9d19a10b240_3265, v0xb9d19a10b240_3266, v0xb9d19a10b240_3267, v0xb9d19a10b240_3268;
v0xb9d19a10b240_3269 .array/port v0xb9d19a10b240, 3269;
v0xb9d19a10b240_3270 .array/port v0xb9d19a10b240, 3270;
v0xb9d19a10b240_3271 .array/port v0xb9d19a10b240, 3271;
v0xb9d19a10b240_3272 .array/port v0xb9d19a10b240, 3272;
E_0xb9d199e68640/819 .event anyedge, v0xb9d19a10b240_3269, v0xb9d19a10b240_3270, v0xb9d19a10b240_3271, v0xb9d19a10b240_3272;
v0xb9d19a10b240_3273 .array/port v0xb9d19a10b240, 3273;
v0xb9d19a10b240_3274 .array/port v0xb9d19a10b240, 3274;
v0xb9d19a10b240_3275 .array/port v0xb9d19a10b240, 3275;
v0xb9d19a10b240_3276 .array/port v0xb9d19a10b240, 3276;
E_0xb9d199e68640/820 .event anyedge, v0xb9d19a10b240_3273, v0xb9d19a10b240_3274, v0xb9d19a10b240_3275, v0xb9d19a10b240_3276;
v0xb9d19a10b240_3277 .array/port v0xb9d19a10b240, 3277;
v0xb9d19a10b240_3278 .array/port v0xb9d19a10b240, 3278;
v0xb9d19a10b240_3279 .array/port v0xb9d19a10b240, 3279;
v0xb9d19a10b240_3280 .array/port v0xb9d19a10b240, 3280;
E_0xb9d199e68640/821 .event anyedge, v0xb9d19a10b240_3277, v0xb9d19a10b240_3278, v0xb9d19a10b240_3279, v0xb9d19a10b240_3280;
v0xb9d19a10b240_3281 .array/port v0xb9d19a10b240, 3281;
v0xb9d19a10b240_3282 .array/port v0xb9d19a10b240, 3282;
v0xb9d19a10b240_3283 .array/port v0xb9d19a10b240, 3283;
v0xb9d19a10b240_3284 .array/port v0xb9d19a10b240, 3284;
E_0xb9d199e68640/822 .event anyedge, v0xb9d19a10b240_3281, v0xb9d19a10b240_3282, v0xb9d19a10b240_3283, v0xb9d19a10b240_3284;
v0xb9d19a10b240_3285 .array/port v0xb9d19a10b240, 3285;
v0xb9d19a10b240_3286 .array/port v0xb9d19a10b240, 3286;
v0xb9d19a10b240_3287 .array/port v0xb9d19a10b240, 3287;
v0xb9d19a10b240_3288 .array/port v0xb9d19a10b240, 3288;
E_0xb9d199e68640/823 .event anyedge, v0xb9d19a10b240_3285, v0xb9d19a10b240_3286, v0xb9d19a10b240_3287, v0xb9d19a10b240_3288;
v0xb9d19a10b240_3289 .array/port v0xb9d19a10b240, 3289;
v0xb9d19a10b240_3290 .array/port v0xb9d19a10b240, 3290;
v0xb9d19a10b240_3291 .array/port v0xb9d19a10b240, 3291;
v0xb9d19a10b240_3292 .array/port v0xb9d19a10b240, 3292;
E_0xb9d199e68640/824 .event anyedge, v0xb9d19a10b240_3289, v0xb9d19a10b240_3290, v0xb9d19a10b240_3291, v0xb9d19a10b240_3292;
v0xb9d19a10b240_3293 .array/port v0xb9d19a10b240, 3293;
v0xb9d19a10b240_3294 .array/port v0xb9d19a10b240, 3294;
v0xb9d19a10b240_3295 .array/port v0xb9d19a10b240, 3295;
v0xb9d19a10b240_3296 .array/port v0xb9d19a10b240, 3296;
E_0xb9d199e68640/825 .event anyedge, v0xb9d19a10b240_3293, v0xb9d19a10b240_3294, v0xb9d19a10b240_3295, v0xb9d19a10b240_3296;
v0xb9d19a10b240_3297 .array/port v0xb9d19a10b240, 3297;
v0xb9d19a10b240_3298 .array/port v0xb9d19a10b240, 3298;
v0xb9d19a10b240_3299 .array/port v0xb9d19a10b240, 3299;
v0xb9d19a10b240_3300 .array/port v0xb9d19a10b240, 3300;
E_0xb9d199e68640/826 .event anyedge, v0xb9d19a10b240_3297, v0xb9d19a10b240_3298, v0xb9d19a10b240_3299, v0xb9d19a10b240_3300;
v0xb9d19a10b240_3301 .array/port v0xb9d19a10b240, 3301;
v0xb9d19a10b240_3302 .array/port v0xb9d19a10b240, 3302;
v0xb9d19a10b240_3303 .array/port v0xb9d19a10b240, 3303;
v0xb9d19a10b240_3304 .array/port v0xb9d19a10b240, 3304;
E_0xb9d199e68640/827 .event anyedge, v0xb9d19a10b240_3301, v0xb9d19a10b240_3302, v0xb9d19a10b240_3303, v0xb9d19a10b240_3304;
v0xb9d19a10b240_3305 .array/port v0xb9d19a10b240, 3305;
v0xb9d19a10b240_3306 .array/port v0xb9d19a10b240, 3306;
v0xb9d19a10b240_3307 .array/port v0xb9d19a10b240, 3307;
v0xb9d19a10b240_3308 .array/port v0xb9d19a10b240, 3308;
E_0xb9d199e68640/828 .event anyedge, v0xb9d19a10b240_3305, v0xb9d19a10b240_3306, v0xb9d19a10b240_3307, v0xb9d19a10b240_3308;
v0xb9d19a10b240_3309 .array/port v0xb9d19a10b240, 3309;
v0xb9d19a10b240_3310 .array/port v0xb9d19a10b240, 3310;
v0xb9d19a10b240_3311 .array/port v0xb9d19a10b240, 3311;
v0xb9d19a10b240_3312 .array/port v0xb9d19a10b240, 3312;
E_0xb9d199e68640/829 .event anyedge, v0xb9d19a10b240_3309, v0xb9d19a10b240_3310, v0xb9d19a10b240_3311, v0xb9d19a10b240_3312;
v0xb9d19a10b240_3313 .array/port v0xb9d19a10b240, 3313;
v0xb9d19a10b240_3314 .array/port v0xb9d19a10b240, 3314;
v0xb9d19a10b240_3315 .array/port v0xb9d19a10b240, 3315;
v0xb9d19a10b240_3316 .array/port v0xb9d19a10b240, 3316;
E_0xb9d199e68640/830 .event anyedge, v0xb9d19a10b240_3313, v0xb9d19a10b240_3314, v0xb9d19a10b240_3315, v0xb9d19a10b240_3316;
v0xb9d19a10b240_3317 .array/port v0xb9d19a10b240, 3317;
v0xb9d19a10b240_3318 .array/port v0xb9d19a10b240, 3318;
v0xb9d19a10b240_3319 .array/port v0xb9d19a10b240, 3319;
v0xb9d19a10b240_3320 .array/port v0xb9d19a10b240, 3320;
E_0xb9d199e68640/831 .event anyedge, v0xb9d19a10b240_3317, v0xb9d19a10b240_3318, v0xb9d19a10b240_3319, v0xb9d19a10b240_3320;
v0xb9d19a10b240_3321 .array/port v0xb9d19a10b240, 3321;
v0xb9d19a10b240_3322 .array/port v0xb9d19a10b240, 3322;
v0xb9d19a10b240_3323 .array/port v0xb9d19a10b240, 3323;
v0xb9d19a10b240_3324 .array/port v0xb9d19a10b240, 3324;
E_0xb9d199e68640/832 .event anyedge, v0xb9d19a10b240_3321, v0xb9d19a10b240_3322, v0xb9d19a10b240_3323, v0xb9d19a10b240_3324;
v0xb9d19a10b240_3325 .array/port v0xb9d19a10b240, 3325;
v0xb9d19a10b240_3326 .array/port v0xb9d19a10b240, 3326;
v0xb9d19a10b240_3327 .array/port v0xb9d19a10b240, 3327;
v0xb9d19a10b240_3328 .array/port v0xb9d19a10b240, 3328;
E_0xb9d199e68640/833 .event anyedge, v0xb9d19a10b240_3325, v0xb9d19a10b240_3326, v0xb9d19a10b240_3327, v0xb9d19a10b240_3328;
v0xb9d19a10b240_3329 .array/port v0xb9d19a10b240, 3329;
v0xb9d19a10b240_3330 .array/port v0xb9d19a10b240, 3330;
v0xb9d19a10b240_3331 .array/port v0xb9d19a10b240, 3331;
v0xb9d19a10b240_3332 .array/port v0xb9d19a10b240, 3332;
E_0xb9d199e68640/834 .event anyedge, v0xb9d19a10b240_3329, v0xb9d19a10b240_3330, v0xb9d19a10b240_3331, v0xb9d19a10b240_3332;
v0xb9d19a10b240_3333 .array/port v0xb9d19a10b240, 3333;
v0xb9d19a10b240_3334 .array/port v0xb9d19a10b240, 3334;
v0xb9d19a10b240_3335 .array/port v0xb9d19a10b240, 3335;
v0xb9d19a10b240_3336 .array/port v0xb9d19a10b240, 3336;
E_0xb9d199e68640/835 .event anyedge, v0xb9d19a10b240_3333, v0xb9d19a10b240_3334, v0xb9d19a10b240_3335, v0xb9d19a10b240_3336;
v0xb9d19a10b240_3337 .array/port v0xb9d19a10b240, 3337;
v0xb9d19a10b240_3338 .array/port v0xb9d19a10b240, 3338;
v0xb9d19a10b240_3339 .array/port v0xb9d19a10b240, 3339;
v0xb9d19a10b240_3340 .array/port v0xb9d19a10b240, 3340;
E_0xb9d199e68640/836 .event anyedge, v0xb9d19a10b240_3337, v0xb9d19a10b240_3338, v0xb9d19a10b240_3339, v0xb9d19a10b240_3340;
v0xb9d19a10b240_3341 .array/port v0xb9d19a10b240, 3341;
v0xb9d19a10b240_3342 .array/port v0xb9d19a10b240, 3342;
v0xb9d19a10b240_3343 .array/port v0xb9d19a10b240, 3343;
v0xb9d19a10b240_3344 .array/port v0xb9d19a10b240, 3344;
E_0xb9d199e68640/837 .event anyedge, v0xb9d19a10b240_3341, v0xb9d19a10b240_3342, v0xb9d19a10b240_3343, v0xb9d19a10b240_3344;
v0xb9d19a10b240_3345 .array/port v0xb9d19a10b240, 3345;
v0xb9d19a10b240_3346 .array/port v0xb9d19a10b240, 3346;
v0xb9d19a10b240_3347 .array/port v0xb9d19a10b240, 3347;
v0xb9d19a10b240_3348 .array/port v0xb9d19a10b240, 3348;
E_0xb9d199e68640/838 .event anyedge, v0xb9d19a10b240_3345, v0xb9d19a10b240_3346, v0xb9d19a10b240_3347, v0xb9d19a10b240_3348;
v0xb9d19a10b240_3349 .array/port v0xb9d19a10b240, 3349;
v0xb9d19a10b240_3350 .array/port v0xb9d19a10b240, 3350;
v0xb9d19a10b240_3351 .array/port v0xb9d19a10b240, 3351;
v0xb9d19a10b240_3352 .array/port v0xb9d19a10b240, 3352;
E_0xb9d199e68640/839 .event anyedge, v0xb9d19a10b240_3349, v0xb9d19a10b240_3350, v0xb9d19a10b240_3351, v0xb9d19a10b240_3352;
v0xb9d19a10b240_3353 .array/port v0xb9d19a10b240, 3353;
v0xb9d19a10b240_3354 .array/port v0xb9d19a10b240, 3354;
v0xb9d19a10b240_3355 .array/port v0xb9d19a10b240, 3355;
v0xb9d19a10b240_3356 .array/port v0xb9d19a10b240, 3356;
E_0xb9d199e68640/840 .event anyedge, v0xb9d19a10b240_3353, v0xb9d19a10b240_3354, v0xb9d19a10b240_3355, v0xb9d19a10b240_3356;
v0xb9d19a10b240_3357 .array/port v0xb9d19a10b240, 3357;
v0xb9d19a10b240_3358 .array/port v0xb9d19a10b240, 3358;
v0xb9d19a10b240_3359 .array/port v0xb9d19a10b240, 3359;
v0xb9d19a10b240_3360 .array/port v0xb9d19a10b240, 3360;
E_0xb9d199e68640/841 .event anyedge, v0xb9d19a10b240_3357, v0xb9d19a10b240_3358, v0xb9d19a10b240_3359, v0xb9d19a10b240_3360;
v0xb9d19a10b240_3361 .array/port v0xb9d19a10b240, 3361;
v0xb9d19a10b240_3362 .array/port v0xb9d19a10b240, 3362;
v0xb9d19a10b240_3363 .array/port v0xb9d19a10b240, 3363;
v0xb9d19a10b240_3364 .array/port v0xb9d19a10b240, 3364;
E_0xb9d199e68640/842 .event anyedge, v0xb9d19a10b240_3361, v0xb9d19a10b240_3362, v0xb9d19a10b240_3363, v0xb9d19a10b240_3364;
v0xb9d19a10b240_3365 .array/port v0xb9d19a10b240, 3365;
v0xb9d19a10b240_3366 .array/port v0xb9d19a10b240, 3366;
v0xb9d19a10b240_3367 .array/port v0xb9d19a10b240, 3367;
v0xb9d19a10b240_3368 .array/port v0xb9d19a10b240, 3368;
E_0xb9d199e68640/843 .event anyedge, v0xb9d19a10b240_3365, v0xb9d19a10b240_3366, v0xb9d19a10b240_3367, v0xb9d19a10b240_3368;
v0xb9d19a10b240_3369 .array/port v0xb9d19a10b240, 3369;
v0xb9d19a10b240_3370 .array/port v0xb9d19a10b240, 3370;
v0xb9d19a10b240_3371 .array/port v0xb9d19a10b240, 3371;
v0xb9d19a10b240_3372 .array/port v0xb9d19a10b240, 3372;
E_0xb9d199e68640/844 .event anyedge, v0xb9d19a10b240_3369, v0xb9d19a10b240_3370, v0xb9d19a10b240_3371, v0xb9d19a10b240_3372;
v0xb9d19a10b240_3373 .array/port v0xb9d19a10b240, 3373;
v0xb9d19a10b240_3374 .array/port v0xb9d19a10b240, 3374;
v0xb9d19a10b240_3375 .array/port v0xb9d19a10b240, 3375;
v0xb9d19a10b240_3376 .array/port v0xb9d19a10b240, 3376;
E_0xb9d199e68640/845 .event anyedge, v0xb9d19a10b240_3373, v0xb9d19a10b240_3374, v0xb9d19a10b240_3375, v0xb9d19a10b240_3376;
v0xb9d19a10b240_3377 .array/port v0xb9d19a10b240, 3377;
v0xb9d19a10b240_3378 .array/port v0xb9d19a10b240, 3378;
v0xb9d19a10b240_3379 .array/port v0xb9d19a10b240, 3379;
v0xb9d19a10b240_3380 .array/port v0xb9d19a10b240, 3380;
E_0xb9d199e68640/846 .event anyedge, v0xb9d19a10b240_3377, v0xb9d19a10b240_3378, v0xb9d19a10b240_3379, v0xb9d19a10b240_3380;
v0xb9d19a10b240_3381 .array/port v0xb9d19a10b240, 3381;
v0xb9d19a10b240_3382 .array/port v0xb9d19a10b240, 3382;
v0xb9d19a10b240_3383 .array/port v0xb9d19a10b240, 3383;
v0xb9d19a10b240_3384 .array/port v0xb9d19a10b240, 3384;
E_0xb9d199e68640/847 .event anyedge, v0xb9d19a10b240_3381, v0xb9d19a10b240_3382, v0xb9d19a10b240_3383, v0xb9d19a10b240_3384;
v0xb9d19a10b240_3385 .array/port v0xb9d19a10b240, 3385;
v0xb9d19a10b240_3386 .array/port v0xb9d19a10b240, 3386;
v0xb9d19a10b240_3387 .array/port v0xb9d19a10b240, 3387;
v0xb9d19a10b240_3388 .array/port v0xb9d19a10b240, 3388;
E_0xb9d199e68640/848 .event anyedge, v0xb9d19a10b240_3385, v0xb9d19a10b240_3386, v0xb9d19a10b240_3387, v0xb9d19a10b240_3388;
v0xb9d19a10b240_3389 .array/port v0xb9d19a10b240, 3389;
v0xb9d19a10b240_3390 .array/port v0xb9d19a10b240, 3390;
v0xb9d19a10b240_3391 .array/port v0xb9d19a10b240, 3391;
v0xb9d19a10b240_3392 .array/port v0xb9d19a10b240, 3392;
E_0xb9d199e68640/849 .event anyedge, v0xb9d19a10b240_3389, v0xb9d19a10b240_3390, v0xb9d19a10b240_3391, v0xb9d19a10b240_3392;
v0xb9d19a10b240_3393 .array/port v0xb9d19a10b240, 3393;
v0xb9d19a10b240_3394 .array/port v0xb9d19a10b240, 3394;
v0xb9d19a10b240_3395 .array/port v0xb9d19a10b240, 3395;
v0xb9d19a10b240_3396 .array/port v0xb9d19a10b240, 3396;
E_0xb9d199e68640/850 .event anyedge, v0xb9d19a10b240_3393, v0xb9d19a10b240_3394, v0xb9d19a10b240_3395, v0xb9d19a10b240_3396;
v0xb9d19a10b240_3397 .array/port v0xb9d19a10b240, 3397;
v0xb9d19a10b240_3398 .array/port v0xb9d19a10b240, 3398;
v0xb9d19a10b240_3399 .array/port v0xb9d19a10b240, 3399;
v0xb9d19a10b240_3400 .array/port v0xb9d19a10b240, 3400;
E_0xb9d199e68640/851 .event anyedge, v0xb9d19a10b240_3397, v0xb9d19a10b240_3398, v0xb9d19a10b240_3399, v0xb9d19a10b240_3400;
v0xb9d19a10b240_3401 .array/port v0xb9d19a10b240, 3401;
v0xb9d19a10b240_3402 .array/port v0xb9d19a10b240, 3402;
v0xb9d19a10b240_3403 .array/port v0xb9d19a10b240, 3403;
v0xb9d19a10b240_3404 .array/port v0xb9d19a10b240, 3404;
E_0xb9d199e68640/852 .event anyedge, v0xb9d19a10b240_3401, v0xb9d19a10b240_3402, v0xb9d19a10b240_3403, v0xb9d19a10b240_3404;
v0xb9d19a10b240_3405 .array/port v0xb9d19a10b240, 3405;
v0xb9d19a10b240_3406 .array/port v0xb9d19a10b240, 3406;
v0xb9d19a10b240_3407 .array/port v0xb9d19a10b240, 3407;
v0xb9d19a10b240_3408 .array/port v0xb9d19a10b240, 3408;
E_0xb9d199e68640/853 .event anyedge, v0xb9d19a10b240_3405, v0xb9d19a10b240_3406, v0xb9d19a10b240_3407, v0xb9d19a10b240_3408;
v0xb9d19a10b240_3409 .array/port v0xb9d19a10b240, 3409;
v0xb9d19a10b240_3410 .array/port v0xb9d19a10b240, 3410;
v0xb9d19a10b240_3411 .array/port v0xb9d19a10b240, 3411;
v0xb9d19a10b240_3412 .array/port v0xb9d19a10b240, 3412;
E_0xb9d199e68640/854 .event anyedge, v0xb9d19a10b240_3409, v0xb9d19a10b240_3410, v0xb9d19a10b240_3411, v0xb9d19a10b240_3412;
v0xb9d19a10b240_3413 .array/port v0xb9d19a10b240, 3413;
v0xb9d19a10b240_3414 .array/port v0xb9d19a10b240, 3414;
v0xb9d19a10b240_3415 .array/port v0xb9d19a10b240, 3415;
v0xb9d19a10b240_3416 .array/port v0xb9d19a10b240, 3416;
E_0xb9d199e68640/855 .event anyedge, v0xb9d19a10b240_3413, v0xb9d19a10b240_3414, v0xb9d19a10b240_3415, v0xb9d19a10b240_3416;
v0xb9d19a10b240_3417 .array/port v0xb9d19a10b240, 3417;
v0xb9d19a10b240_3418 .array/port v0xb9d19a10b240, 3418;
v0xb9d19a10b240_3419 .array/port v0xb9d19a10b240, 3419;
v0xb9d19a10b240_3420 .array/port v0xb9d19a10b240, 3420;
E_0xb9d199e68640/856 .event anyedge, v0xb9d19a10b240_3417, v0xb9d19a10b240_3418, v0xb9d19a10b240_3419, v0xb9d19a10b240_3420;
v0xb9d19a10b240_3421 .array/port v0xb9d19a10b240, 3421;
v0xb9d19a10b240_3422 .array/port v0xb9d19a10b240, 3422;
v0xb9d19a10b240_3423 .array/port v0xb9d19a10b240, 3423;
v0xb9d19a10b240_3424 .array/port v0xb9d19a10b240, 3424;
E_0xb9d199e68640/857 .event anyedge, v0xb9d19a10b240_3421, v0xb9d19a10b240_3422, v0xb9d19a10b240_3423, v0xb9d19a10b240_3424;
v0xb9d19a10b240_3425 .array/port v0xb9d19a10b240, 3425;
v0xb9d19a10b240_3426 .array/port v0xb9d19a10b240, 3426;
v0xb9d19a10b240_3427 .array/port v0xb9d19a10b240, 3427;
v0xb9d19a10b240_3428 .array/port v0xb9d19a10b240, 3428;
E_0xb9d199e68640/858 .event anyedge, v0xb9d19a10b240_3425, v0xb9d19a10b240_3426, v0xb9d19a10b240_3427, v0xb9d19a10b240_3428;
v0xb9d19a10b240_3429 .array/port v0xb9d19a10b240, 3429;
v0xb9d19a10b240_3430 .array/port v0xb9d19a10b240, 3430;
v0xb9d19a10b240_3431 .array/port v0xb9d19a10b240, 3431;
v0xb9d19a10b240_3432 .array/port v0xb9d19a10b240, 3432;
E_0xb9d199e68640/859 .event anyedge, v0xb9d19a10b240_3429, v0xb9d19a10b240_3430, v0xb9d19a10b240_3431, v0xb9d19a10b240_3432;
v0xb9d19a10b240_3433 .array/port v0xb9d19a10b240, 3433;
v0xb9d19a10b240_3434 .array/port v0xb9d19a10b240, 3434;
v0xb9d19a10b240_3435 .array/port v0xb9d19a10b240, 3435;
v0xb9d19a10b240_3436 .array/port v0xb9d19a10b240, 3436;
E_0xb9d199e68640/860 .event anyedge, v0xb9d19a10b240_3433, v0xb9d19a10b240_3434, v0xb9d19a10b240_3435, v0xb9d19a10b240_3436;
v0xb9d19a10b240_3437 .array/port v0xb9d19a10b240, 3437;
v0xb9d19a10b240_3438 .array/port v0xb9d19a10b240, 3438;
v0xb9d19a10b240_3439 .array/port v0xb9d19a10b240, 3439;
v0xb9d19a10b240_3440 .array/port v0xb9d19a10b240, 3440;
E_0xb9d199e68640/861 .event anyedge, v0xb9d19a10b240_3437, v0xb9d19a10b240_3438, v0xb9d19a10b240_3439, v0xb9d19a10b240_3440;
v0xb9d19a10b240_3441 .array/port v0xb9d19a10b240, 3441;
v0xb9d19a10b240_3442 .array/port v0xb9d19a10b240, 3442;
v0xb9d19a10b240_3443 .array/port v0xb9d19a10b240, 3443;
v0xb9d19a10b240_3444 .array/port v0xb9d19a10b240, 3444;
E_0xb9d199e68640/862 .event anyedge, v0xb9d19a10b240_3441, v0xb9d19a10b240_3442, v0xb9d19a10b240_3443, v0xb9d19a10b240_3444;
v0xb9d19a10b240_3445 .array/port v0xb9d19a10b240, 3445;
v0xb9d19a10b240_3446 .array/port v0xb9d19a10b240, 3446;
v0xb9d19a10b240_3447 .array/port v0xb9d19a10b240, 3447;
v0xb9d19a10b240_3448 .array/port v0xb9d19a10b240, 3448;
E_0xb9d199e68640/863 .event anyedge, v0xb9d19a10b240_3445, v0xb9d19a10b240_3446, v0xb9d19a10b240_3447, v0xb9d19a10b240_3448;
v0xb9d19a10b240_3449 .array/port v0xb9d19a10b240, 3449;
v0xb9d19a10b240_3450 .array/port v0xb9d19a10b240, 3450;
v0xb9d19a10b240_3451 .array/port v0xb9d19a10b240, 3451;
v0xb9d19a10b240_3452 .array/port v0xb9d19a10b240, 3452;
E_0xb9d199e68640/864 .event anyedge, v0xb9d19a10b240_3449, v0xb9d19a10b240_3450, v0xb9d19a10b240_3451, v0xb9d19a10b240_3452;
v0xb9d19a10b240_3453 .array/port v0xb9d19a10b240, 3453;
v0xb9d19a10b240_3454 .array/port v0xb9d19a10b240, 3454;
v0xb9d19a10b240_3455 .array/port v0xb9d19a10b240, 3455;
v0xb9d19a10b240_3456 .array/port v0xb9d19a10b240, 3456;
E_0xb9d199e68640/865 .event anyedge, v0xb9d19a10b240_3453, v0xb9d19a10b240_3454, v0xb9d19a10b240_3455, v0xb9d19a10b240_3456;
v0xb9d19a10b240_3457 .array/port v0xb9d19a10b240, 3457;
v0xb9d19a10b240_3458 .array/port v0xb9d19a10b240, 3458;
v0xb9d19a10b240_3459 .array/port v0xb9d19a10b240, 3459;
v0xb9d19a10b240_3460 .array/port v0xb9d19a10b240, 3460;
E_0xb9d199e68640/866 .event anyedge, v0xb9d19a10b240_3457, v0xb9d19a10b240_3458, v0xb9d19a10b240_3459, v0xb9d19a10b240_3460;
v0xb9d19a10b240_3461 .array/port v0xb9d19a10b240, 3461;
v0xb9d19a10b240_3462 .array/port v0xb9d19a10b240, 3462;
v0xb9d19a10b240_3463 .array/port v0xb9d19a10b240, 3463;
v0xb9d19a10b240_3464 .array/port v0xb9d19a10b240, 3464;
E_0xb9d199e68640/867 .event anyedge, v0xb9d19a10b240_3461, v0xb9d19a10b240_3462, v0xb9d19a10b240_3463, v0xb9d19a10b240_3464;
v0xb9d19a10b240_3465 .array/port v0xb9d19a10b240, 3465;
v0xb9d19a10b240_3466 .array/port v0xb9d19a10b240, 3466;
v0xb9d19a10b240_3467 .array/port v0xb9d19a10b240, 3467;
v0xb9d19a10b240_3468 .array/port v0xb9d19a10b240, 3468;
E_0xb9d199e68640/868 .event anyedge, v0xb9d19a10b240_3465, v0xb9d19a10b240_3466, v0xb9d19a10b240_3467, v0xb9d19a10b240_3468;
v0xb9d19a10b240_3469 .array/port v0xb9d19a10b240, 3469;
v0xb9d19a10b240_3470 .array/port v0xb9d19a10b240, 3470;
v0xb9d19a10b240_3471 .array/port v0xb9d19a10b240, 3471;
v0xb9d19a10b240_3472 .array/port v0xb9d19a10b240, 3472;
E_0xb9d199e68640/869 .event anyedge, v0xb9d19a10b240_3469, v0xb9d19a10b240_3470, v0xb9d19a10b240_3471, v0xb9d19a10b240_3472;
v0xb9d19a10b240_3473 .array/port v0xb9d19a10b240, 3473;
v0xb9d19a10b240_3474 .array/port v0xb9d19a10b240, 3474;
v0xb9d19a10b240_3475 .array/port v0xb9d19a10b240, 3475;
v0xb9d19a10b240_3476 .array/port v0xb9d19a10b240, 3476;
E_0xb9d199e68640/870 .event anyedge, v0xb9d19a10b240_3473, v0xb9d19a10b240_3474, v0xb9d19a10b240_3475, v0xb9d19a10b240_3476;
v0xb9d19a10b240_3477 .array/port v0xb9d19a10b240, 3477;
v0xb9d19a10b240_3478 .array/port v0xb9d19a10b240, 3478;
v0xb9d19a10b240_3479 .array/port v0xb9d19a10b240, 3479;
v0xb9d19a10b240_3480 .array/port v0xb9d19a10b240, 3480;
E_0xb9d199e68640/871 .event anyedge, v0xb9d19a10b240_3477, v0xb9d19a10b240_3478, v0xb9d19a10b240_3479, v0xb9d19a10b240_3480;
v0xb9d19a10b240_3481 .array/port v0xb9d19a10b240, 3481;
v0xb9d19a10b240_3482 .array/port v0xb9d19a10b240, 3482;
v0xb9d19a10b240_3483 .array/port v0xb9d19a10b240, 3483;
v0xb9d19a10b240_3484 .array/port v0xb9d19a10b240, 3484;
E_0xb9d199e68640/872 .event anyedge, v0xb9d19a10b240_3481, v0xb9d19a10b240_3482, v0xb9d19a10b240_3483, v0xb9d19a10b240_3484;
v0xb9d19a10b240_3485 .array/port v0xb9d19a10b240, 3485;
v0xb9d19a10b240_3486 .array/port v0xb9d19a10b240, 3486;
v0xb9d19a10b240_3487 .array/port v0xb9d19a10b240, 3487;
v0xb9d19a10b240_3488 .array/port v0xb9d19a10b240, 3488;
E_0xb9d199e68640/873 .event anyedge, v0xb9d19a10b240_3485, v0xb9d19a10b240_3486, v0xb9d19a10b240_3487, v0xb9d19a10b240_3488;
v0xb9d19a10b240_3489 .array/port v0xb9d19a10b240, 3489;
v0xb9d19a10b240_3490 .array/port v0xb9d19a10b240, 3490;
v0xb9d19a10b240_3491 .array/port v0xb9d19a10b240, 3491;
v0xb9d19a10b240_3492 .array/port v0xb9d19a10b240, 3492;
E_0xb9d199e68640/874 .event anyedge, v0xb9d19a10b240_3489, v0xb9d19a10b240_3490, v0xb9d19a10b240_3491, v0xb9d19a10b240_3492;
v0xb9d19a10b240_3493 .array/port v0xb9d19a10b240, 3493;
v0xb9d19a10b240_3494 .array/port v0xb9d19a10b240, 3494;
v0xb9d19a10b240_3495 .array/port v0xb9d19a10b240, 3495;
v0xb9d19a10b240_3496 .array/port v0xb9d19a10b240, 3496;
E_0xb9d199e68640/875 .event anyedge, v0xb9d19a10b240_3493, v0xb9d19a10b240_3494, v0xb9d19a10b240_3495, v0xb9d19a10b240_3496;
v0xb9d19a10b240_3497 .array/port v0xb9d19a10b240, 3497;
v0xb9d19a10b240_3498 .array/port v0xb9d19a10b240, 3498;
v0xb9d19a10b240_3499 .array/port v0xb9d19a10b240, 3499;
v0xb9d19a10b240_3500 .array/port v0xb9d19a10b240, 3500;
E_0xb9d199e68640/876 .event anyedge, v0xb9d19a10b240_3497, v0xb9d19a10b240_3498, v0xb9d19a10b240_3499, v0xb9d19a10b240_3500;
v0xb9d19a10b240_3501 .array/port v0xb9d19a10b240, 3501;
v0xb9d19a10b240_3502 .array/port v0xb9d19a10b240, 3502;
v0xb9d19a10b240_3503 .array/port v0xb9d19a10b240, 3503;
v0xb9d19a10b240_3504 .array/port v0xb9d19a10b240, 3504;
E_0xb9d199e68640/877 .event anyedge, v0xb9d19a10b240_3501, v0xb9d19a10b240_3502, v0xb9d19a10b240_3503, v0xb9d19a10b240_3504;
v0xb9d19a10b240_3505 .array/port v0xb9d19a10b240, 3505;
v0xb9d19a10b240_3506 .array/port v0xb9d19a10b240, 3506;
v0xb9d19a10b240_3507 .array/port v0xb9d19a10b240, 3507;
v0xb9d19a10b240_3508 .array/port v0xb9d19a10b240, 3508;
E_0xb9d199e68640/878 .event anyedge, v0xb9d19a10b240_3505, v0xb9d19a10b240_3506, v0xb9d19a10b240_3507, v0xb9d19a10b240_3508;
v0xb9d19a10b240_3509 .array/port v0xb9d19a10b240, 3509;
v0xb9d19a10b240_3510 .array/port v0xb9d19a10b240, 3510;
v0xb9d19a10b240_3511 .array/port v0xb9d19a10b240, 3511;
v0xb9d19a10b240_3512 .array/port v0xb9d19a10b240, 3512;
E_0xb9d199e68640/879 .event anyedge, v0xb9d19a10b240_3509, v0xb9d19a10b240_3510, v0xb9d19a10b240_3511, v0xb9d19a10b240_3512;
v0xb9d19a10b240_3513 .array/port v0xb9d19a10b240, 3513;
v0xb9d19a10b240_3514 .array/port v0xb9d19a10b240, 3514;
v0xb9d19a10b240_3515 .array/port v0xb9d19a10b240, 3515;
v0xb9d19a10b240_3516 .array/port v0xb9d19a10b240, 3516;
E_0xb9d199e68640/880 .event anyedge, v0xb9d19a10b240_3513, v0xb9d19a10b240_3514, v0xb9d19a10b240_3515, v0xb9d19a10b240_3516;
v0xb9d19a10b240_3517 .array/port v0xb9d19a10b240, 3517;
v0xb9d19a10b240_3518 .array/port v0xb9d19a10b240, 3518;
v0xb9d19a10b240_3519 .array/port v0xb9d19a10b240, 3519;
v0xb9d19a10b240_3520 .array/port v0xb9d19a10b240, 3520;
E_0xb9d199e68640/881 .event anyedge, v0xb9d19a10b240_3517, v0xb9d19a10b240_3518, v0xb9d19a10b240_3519, v0xb9d19a10b240_3520;
v0xb9d19a10b240_3521 .array/port v0xb9d19a10b240, 3521;
v0xb9d19a10b240_3522 .array/port v0xb9d19a10b240, 3522;
v0xb9d19a10b240_3523 .array/port v0xb9d19a10b240, 3523;
v0xb9d19a10b240_3524 .array/port v0xb9d19a10b240, 3524;
E_0xb9d199e68640/882 .event anyedge, v0xb9d19a10b240_3521, v0xb9d19a10b240_3522, v0xb9d19a10b240_3523, v0xb9d19a10b240_3524;
v0xb9d19a10b240_3525 .array/port v0xb9d19a10b240, 3525;
v0xb9d19a10b240_3526 .array/port v0xb9d19a10b240, 3526;
v0xb9d19a10b240_3527 .array/port v0xb9d19a10b240, 3527;
v0xb9d19a10b240_3528 .array/port v0xb9d19a10b240, 3528;
E_0xb9d199e68640/883 .event anyedge, v0xb9d19a10b240_3525, v0xb9d19a10b240_3526, v0xb9d19a10b240_3527, v0xb9d19a10b240_3528;
v0xb9d19a10b240_3529 .array/port v0xb9d19a10b240, 3529;
v0xb9d19a10b240_3530 .array/port v0xb9d19a10b240, 3530;
v0xb9d19a10b240_3531 .array/port v0xb9d19a10b240, 3531;
v0xb9d19a10b240_3532 .array/port v0xb9d19a10b240, 3532;
E_0xb9d199e68640/884 .event anyedge, v0xb9d19a10b240_3529, v0xb9d19a10b240_3530, v0xb9d19a10b240_3531, v0xb9d19a10b240_3532;
v0xb9d19a10b240_3533 .array/port v0xb9d19a10b240, 3533;
v0xb9d19a10b240_3534 .array/port v0xb9d19a10b240, 3534;
v0xb9d19a10b240_3535 .array/port v0xb9d19a10b240, 3535;
v0xb9d19a10b240_3536 .array/port v0xb9d19a10b240, 3536;
E_0xb9d199e68640/885 .event anyedge, v0xb9d19a10b240_3533, v0xb9d19a10b240_3534, v0xb9d19a10b240_3535, v0xb9d19a10b240_3536;
v0xb9d19a10b240_3537 .array/port v0xb9d19a10b240, 3537;
v0xb9d19a10b240_3538 .array/port v0xb9d19a10b240, 3538;
v0xb9d19a10b240_3539 .array/port v0xb9d19a10b240, 3539;
v0xb9d19a10b240_3540 .array/port v0xb9d19a10b240, 3540;
E_0xb9d199e68640/886 .event anyedge, v0xb9d19a10b240_3537, v0xb9d19a10b240_3538, v0xb9d19a10b240_3539, v0xb9d19a10b240_3540;
v0xb9d19a10b240_3541 .array/port v0xb9d19a10b240, 3541;
v0xb9d19a10b240_3542 .array/port v0xb9d19a10b240, 3542;
v0xb9d19a10b240_3543 .array/port v0xb9d19a10b240, 3543;
v0xb9d19a10b240_3544 .array/port v0xb9d19a10b240, 3544;
E_0xb9d199e68640/887 .event anyedge, v0xb9d19a10b240_3541, v0xb9d19a10b240_3542, v0xb9d19a10b240_3543, v0xb9d19a10b240_3544;
v0xb9d19a10b240_3545 .array/port v0xb9d19a10b240, 3545;
v0xb9d19a10b240_3546 .array/port v0xb9d19a10b240, 3546;
v0xb9d19a10b240_3547 .array/port v0xb9d19a10b240, 3547;
v0xb9d19a10b240_3548 .array/port v0xb9d19a10b240, 3548;
E_0xb9d199e68640/888 .event anyedge, v0xb9d19a10b240_3545, v0xb9d19a10b240_3546, v0xb9d19a10b240_3547, v0xb9d19a10b240_3548;
v0xb9d19a10b240_3549 .array/port v0xb9d19a10b240, 3549;
v0xb9d19a10b240_3550 .array/port v0xb9d19a10b240, 3550;
v0xb9d19a10b240_3551 .array/port v0xb9d19a10b240, 3551;
v0xb9d19a10b240_3552 .array/port v0xb9d19a10b240, 3552;
E_0xb9d199e68640/889 .event anyedge, v0xb9d19a10b240_3549, v0xb9d19a10b240_3550, v0xb9d19a10b240_3551, v0xb9d19a10b240_3552;
v0xb9d19a10b240_3553 .array/port v0xb9d19a10b240, 3553;
v0xb9d19a10b240_3554 .array/port v0xb9d19a10b240, 3554;
v0xb9d19a10b240_3555 .array/port v0xb9d19a10b240, 3555;
v0xb9d19a10b240_3556 .array/port v0xb9d19a10b240, 3556;
E_0xb9d199e68640/890 .event anyedge, v0xb9d19a10b240_3553, v0xb9d19a10b240_3554, v0xb9d19a10b240_3555, v0xb9d19a10b240_3556;
v0xb9d19a10b240_3557 .array/port v0xb9d19a10b240, 3557;
v0xb9d19a10b240_3558 .array/port v0xb9d19a10b240, 3558;
v0xb9d19a10b240_3559 .array/port v0xb9d19a10b240, 3559;
v0xb9d19a10b240_3560 .array/port v0xb9d19a10b240, 3560;
E_0xb9d199e68640/891 .event anyedge, v0xb9d19a10b240_3557, v0xb9d19a10b240_3558, v0xb9d19a10b240_3559, v0xb9d19a10b240_3560;
v0xb9d19a10b240_3561 .array/port v0xb9d19a10b240, 3561;
v0xb9d19a10b240_3562 .array/port v0xb9d19a10b240, 3562;
v0xb9d19a10b240_3563 .array/port v0xb9d19a10b240, 3563;
v0xb9d19a10b240_3564 .array/port v0xb9d19a10b240, 3564;
E_0xb9d199e68640/892 .event anyedge, v0xb9d19a10b240_3561, v0xb9d19a10b240_3562, v0xb9d19a10b240_3563, v0xb9d19a10b240_3564;
v0xb9d19a10b240_3565 .array/port v0xb9d19a10b240, 3565;
v0xb9d19a10b240_3566 .array/port v0xb9d19a10b240, 3566;
v0xb9d19a10b240_3567 .array/port v0xb9d19a10b240, 3567;
v0xb9d19a10b240_3568 .array/port v0xb9d19a10b240, 3568;
E_0xb9d199e68640/893 .event anyedge, v0xb9d19a10b240_3565, v0xb9d19a10b240_3566, v0xb9d19a10b240_3567, v0xb9d19a10b240_3568;
v0xb9d19a10b240_3569 .array/port v0xb9d19a10b240, 3569;
v0xb9d19a10b240_3570 .array/port v0xb9d19a10b240, 3570;
v0xb9d19a10b240_3571 .array/port v0xb9d19a10b240, 3571;
v0xb9d19a10b240_3572 .array/port v0xb9d19a10b240, 3572;
E_0xb9d199e68640/894 .event anyedge, v0xb9d19a10b240_3569, v0xb9d19a10b240_3570, v0xb9d19a10b240_3571, v0xb9d19a10b240_3572;
v0xb9d19a10b240_3573 .array/port v0xb9d19a10b240, 3573;
v0xb9d19a10b240_3574 .array/port v0xb9d19a10b240, 3574;
v0xb9d19a10b240_3575 .array/port v0xb9d19a10b240, 3575;
v0xb9d19a10b240_3576 .array/port v0xb9d19a10b240, 3576;
E_0xb9d199e68640/895 .event anyedge, v0xb9d19a10b240_3573, v0xb9d19a10b240_3574, v0xb9d19a10b240_3575, v0xb9d19a10b240_3576;
v0xb9d19a10b240_3577 .array/port v0xb9d19a10b240, 3577;
v0xb9d19a10b240_3578 .array/port v0xb9d19a10b240, 3578;
v0xb9d19a10b240_3579 .array/port v0xb9d19a10b240, 3579;
v0xb9d19a10b240_3580 .array/port v0xb9d19a10b240, 3580;
E_0xb9d199e68640/896 .event anyedge, v0xb9d19a10b240_3577, v0xb9d19a10b240_3578, v0xb9d19a10b240_3579, v0xb9d19a10b240_3580;
v0xb9d19a10b240_3581 .array/port v0xb9d19a10b240, 3581;
v0xb9d19a10b240_3582 .array/port v0xb9d19a10b240, 3582;
v0xb9d19a10b240_3583 .array/port v0xb9d19a10b240, 3583;
v0xb9d19a10b240_3584 .array/port v0xb9d19a10b240, 3584;
E_0xb9d199e68640/897 .event anyedge, v0xb9d19a10b240_3581, v0xb9d19a10b240_3582, v0xb9d19a10b240_3583, v0xb9d19a10b240_3584;
v0xb9d19a10b240_3585 .array/port v0xb9d19a10b240, 3585;
v0xb9d19a10b240_3586 .array/port v0xb9d19a10b240, 3586;
v0xb9d19a10b240_3587 .array/port v0xb9d19a10b240, 3587;
v0xb9d19a10b240_3588 .array/port v0xb9d19a10b240, 3588;
E_0xb9d199e68640/898 .event anyedge, v0xb9d19a10b240_3585, v0xb9d19a10b240_3586, v0xb9d19a10b240_3587, v0xb9d19a10b240_3588;
v0xb9d19a10b240_3589 .array/port v0xb9d19a10b240, 3589;
v0xb9d19a10b240_3590 .array/port v0xb9d19a10b240, 3590;
v0xb9d19a10b240_3591 .array/port v0xb9d19a10b240, 3591;
v0xb9d19a10b240_3592 .array/port v0xb9d19a10b240, 3592;
E_0xb9d199e68640/899 .event anyedge, v0xb9d19a10b240_3589, v0xb9d19a10b240_3590, v0xb9d19a10b240_3591, v0xb9d19a10b240_3592;
v0xb9d19a10b240_3593 .array/port v0xb9d19a10b240, 3593;
v0xb9d19a10b240_3594 .array/port v0xb9d19a10b240, 3594;
v0xb9d19a10b240_3595 .array/port v0xb9d19a10b240, 3595;
v0xb9d19a10b240_3596 .array/port v0xb9d19a10b240, 3596;
E_0xb9d199e68640/900 .event anyedge, v0xb9d19a10b240_3593, v0xb9d19a10b240_3594, v0xb9d19a10b240_3595, v0xb9d19a10b240_3596;
v0xb9d19a10b240_3597 .array/port v0xb9d19a10b240, 3597;
v0xb9d19a10b240_3598 .array/port v0xb9d19a10b240, 3598;
v0xb9d19a10b240_3599 .array/port v0xb9d19a10b240, 3599;
v0xb9d19a10b240_3600 .array/port v0xb9d19a10b240, 3600;
E_0xb9d199e68640/901 .event anyedge, v0xb9d19a10b240_3597, v0xb9d19a10b240_3598, v0xb9d19a10b240_3599, v0xb9d19a10b240_3600;
v0xb9d19a10b240_3601 .array/port v0xb9d19a10b240, 3601;
v0xb9d19a10b240_3602 .array/port v0xb9d19a10b240, 3602;
v0xb9d19a10b240_3603 .array/port v0xb9d19a10b240, 3603;
v0xb9d19a10b240_3604 .array/port v0xb9d19a10b240, 3604;
E_0xb9d199e68640/902 .event anyedge, v0xb9d19a10b240_3601, v0xb9d19a10b240_3602, v0xb9d19a10b240_3603, v0xb9d19a10b240_3604;
v0xb9d19a10b240_3605 .array/port v0xb9d19a10b240, 3605;
v0xb9d19a10b240_3606 .array/port v0xb9d19a10b240, 3606;
v0xb9d19a10b240_3607 .array/port v0xb9d19a10b240, 3607;
v0xb9d19a10b240_3608 .array/port v0xb9d19a10b240, 3608;
E_0xb9d199e68640/903 .event anyedge, v0xb9d19a10b240_3605, v0xb9d19a10b240_3606, v0xb9d19a10b240_3607, v0xb9d19a10b240_3608;
v0xb9d19a10b240_3609 .array/port v0xb9d19a10b240, 3609;
v0xb9d19a10b240_3610 .array/port v0xb9d19a10b240, 3610;
v0xb9d19a10b240_3611 .array/port v0xb9d19a10b240, 3611;
v0xb9d19a10b240_3612 .array/port v0xb9d19a10b240, 3612;
E_0xb9d199e68640/904 .event anyedge, v0xb9d19a10b240_3609, v0xb9d19a10b240_3610, v0xb9d19a10b240_3611, v0xb9d19a10b240_3612;
v0xb9d19a10b240_3613 .array/port v0xb9d19a10b240, 3613;
v0xb9d19a10b240_3614 .array/port v0xb9d19a10b240, 3614;
v0xb9d19a10b240_3615 .array/port v0xb9d19a10b240, 3615;
v0xb9d19a10b240_3616 .array/port v0xb9d19a10b240, 3616;
E_0xb9d199e68640/905 .event anyedge, v0xb9d19a10b240_3613, v0xb9d19a10b240_3614, v0xb9d19a10b240_3615, v0xb9d19a10b240_3616;
v0xb9d19a10b240_3617 .array/port v0xb9d19a10b240, 3617;
v0xb9d19a10b240_3618 .array/port v0xb9d19a10b240, 3618;
v0xb9d19a10b240_3619 .array/port v0xb9d19a10b240, 3619;
v0xb9d19a10b240_3620 .array/port v0xb9d19a10b240, 3620;
E_0xb9d199e68640/906 .event anyedge, v0xb9d19a10b240_3617, v0xb9d19a10b240_3618, v0xb9d19a10b240_3619, v0xb9d19a10b240_3620;
v0xb9d19a10b240_3621 .array/port v0xb9d19a10b240, 3621;
v0xb9d19a10b240_3622 .array/port v0xb9d19a10b240, 3622;
v0xb9d19a10b240_3623 .array/port v0xb9d19a10b240, 3623;
v0xb9d19a10b240_3624 .array/port v0xb9d19a10b240, 3624;
E_0xb9d199e68640/907 .event anyedge, v0xb9d19a10b240_3621, v0xb9d19a10b240_3622, v0xb9d19a10b240_3623, v0xb9d19a10b240_3624;
v0xb9d19a10b240_3625 .array/port v0xb9d19a10b240, 3625;
v0xb9d19a10b240_3626 .array/port v0xb9d19a10b240, 3626;
v0xb9d19a10b240_3627 .array/port v0xb9d19a10b240, 3627;
v0xb9d19a10b240_3628 .array/port v0xb9d19a10b240, 3628;
E_0xb9d199e68640/908 .event anyedge, v0xb9d19a10b240_3625, v0xb9d19a10b240_3626, v0xb9d19a10b240_3627, v0xb9d19a10b240_3628;
v0xb9d19a10b240_3629 .array/port v0xb9d19a10b240, 3629;
v0xb9d19a10b240_3630 .array/port v0xb9d19a10b240, 3630;
v0xb9d19a10b240_3631 .array/port v0xb9d19a10b240, 3631;
v0xb9d19a10b240_3632 .array/port v0xb9d19a10b240, 3632;
E_0xb9d199e68640/909 .event anyedge, v0xb9d19a10b240_3629, v0xb9d19a10b240_3630, v0xb9d19a10b240_3631, v0xb9d19a10b240_3632;
v0xb9d19a10b240_3633 .array/port v0xb9d19a10b240, 3633;
v0xb9d19a10b240_3634 .array/port v0xb9d19a10b240, 3634;
v0xb9d19a10b240_3635 .array/port v0xb9d19a10b240, 3635;
v0xb9d19a10b240_3636 .array/port v0xb9d19a10b240, 3636;
E_0xb9d199e68640/910 .event anyedge, v0xb9d19a10b240_3633, v0xb9d19a10b240_3634, v0xb9d19a10b240_3635, v0xb9d19a10b240_3636;
v0xb9d19a10b240_3637 .array/port v0xb9d19a10b240, 3637;
v0xb9d19a10b240_3638 .array/port v0xb9d19a10b240, 3638;
v0xb9d19a10b240_3639 .array/port v0xb9d19a10b240, 3639;
v0xb9d19a10b240_3640 .array/port v0xb9d19a10b240, 3640;
E_0xb9d199e68640/911 .event anyedge, v0xb9d19a10b240_3637, v0xb9d19a10b240_3638, v0xb9d19a10b240_3639, v0xb9d19a10b240_3640;
v0xb9d19a10b240_3641 .array/port v0xb9d19a10b240, 3641;
v0xb9d19a10b240_3642 .array/port v0xb9d19a10b240, 3642;
v0xb9d19a10b240_3643 .array/port v0xb9d19a10b240, 3643;
v0xb9d19a10b240_3644 .array/port v0xb9d19a10b240, 3644;
E_0xb9d199e68640/912 .event anyedge, v0xb9d19a10b240_3641, v0xb9d19a10b240_3642, v0xb9d19a10b240_3643, v0xb9d19a10b240_3644;
v0xb9d19a10b240_3645 .array/port v0xb9d19a10b240, 3645;
v0xb9d19a10b240_3646 .array/port v0xb9d19a10b240, 3646;
v0xb9d19a10b240_3647 .array/port v0xb9d19a10b240, 3647;
v0xb9d19a10b240_3648 .array/port v0xb9d19a10b240, 3648;
E_0xb9d199e68640/913 .event anyedge, v0xb9d19a10b240_3645, v0xb9d19a10b240_3646, v0xb9d19a10b240_3647, v0xb9d19a10b240_3648;
v0xb9d19a10b240_3649 .array/port v0xb9d19a10b240, 3649;
v0xb9d19a10b240_3650 .array/port v0xb9d19a10b240, 3650;
v0xb9d19a10b240_3651 .array/port v0xb9d19a10b240, 3651;
v0xb9d19a10b240_3652 .array/port v0xb9d19a10b240, 3652;
E_0xb9d199e68640/914 .event anyedge, v0xb9d19a10b240_3649, v0xb9d19a10b240_3650, v0xb9d19a10b240_3651, v0xb9d19a10b240_3652;
v0xb9d19a10b240_3653 .array/port v0xb9d19a10b240, 3653;
v0xb9d19a10b240_3654 .array/port v0xb9d19a10b240, 3654;
v0xb9d19a10b240_3655 .array/port v0xb9d19a10b240, 3655;
v0xb9d19a10b240_3656 .array/port v0xb9d19a10b240, 3656;
E_0xb9d199e68640/915 .event anyedge, v0xb9d19a10b240_3653, v0xb9d19a10b240_3654, v0xb9d19a10b240_3655, v0xb9d19a10b240_3656;
v0xb9d19a10b240_3657 .array/port v0xb9d19a10b240, 3657;
v0xb9d19a10b240_3658 .array/port v0xb9d19a10b240, 3658;
v0xb9d19a10b240_3659 .array/port v0xb9d19a10b240, 3659;
v0xb9d19a10b240_3660 .array/port v0xb9d19a10b240, 3660;
E_0xb9d199e68640/916 .event anyedge, v0xb9d19a10b240_3657, v0xb9d19a10b240_3658, v0xb9d19a10b240_3659, v0xb9d19a10b240_3660;
v0xb9d19a10b240_3661 .array/port v0xb9d19a10b240, 3661;
v0xb9d19a10b240_3662 .array/port v0xb9d19a10b240, 3662;
v0xb9d19a10b240_3663 .array/port v0xb9d19a10b240, 3663;
v0xb9d19a10b240_3664 .array/port v0xb9d19a10b240, 3664;
E_0xb9d199e68640/917 .event anyedge, v0xb9d19a10b240_3661, v0xb9d19a10b240_3662, v0xb9d19a10b240_3663, v0xb9d19a10b240_3664;
v0xb9d19a10b240_3665 .array/port v0xb9d19a10b240, 3665;
v0xb9d19a10b240_3666 .array/port v0xb9d19a10b240, 3666;
v0xb9d19a10b240_3667 .array/port v0xb9d19a10b240, 3667;
v0xb9d19a10b240_3668 .array/port v0xb9d19a10b240, 3668;
E_0xb9d199e68640/918 .event anyedge, v0xb9d19a10b240_3665, v0xb9d19a10b240_3666, v0xb9d19a10b240_3667, v0xb9d19a10b240_3668;
v0xb9d19a10b240_3669 .array/port v0xb9d19a10b240, 3669;
v0xb9d19a10b240_3670 .array/port v0xb9d19a10b240, 3670;
v0xb9d19a10b240_3671 .array/port v0xb9d19a10b240, 3671;
v0xb9d19a10b240_3672 .array/port v0xb9d19a10b240, 3672;
E_0xb9d199e68640/919 .event anyedge, v0xb9d19a10b240_3669, v0xb9d19a10b240_3670, v0xb9d19a10b240_3671, v0xb9d19a10b240_3672;
v0xb9d19a10b240_3673 .array/port v0xb9d19a10b240, 3673;
v0xb9d19a10b240_3674 .array/port v0xb9d19a10b240, 3674;
v0xb9d19a10b240_3675 .array/port v0xb9d19a10b240, 3675;
v0xb9d19a10b240_3676 .array/port v0xb9d19a10b240, 3676;
E_0xb9d199e68640/920 .event anyedge, v0xb9d19a10b240_3673, v0xb9d19a10b240_3674, v0xb9d19a10b240_3675, v0xb9d19a10b240_3676;
v0xb9d19a10b240_3677 .array/port v0xb9d19a10b240, 3677;
v0xb9d19a10b240_3678 .array/port v0xb9d19a10b240, 3678;
v0xb9d19a10b240_3679 .array/port v0xb9d19a10b240, 3679;
v0xb9d19a10b240_3680 .array/port v0xb9d19a10b240, 3680;
E_0xb9d199e68640/921 .event anyedge, v0xb9d19a10b240_3677, v0xb9d19a10b240_3678, v0xb9d19a10b240_3679, v0xb9d19a10b240_3680;
v0xb9d19a10b240_3681 .array/port v0xb9d19a10b240, 3681;
v0xb9d19a10b240_3682 .array/port v0xb9d19a10b240, 3682;
v0xb9d19a10b240_3683 .array/port v0xb9d19a10b240, 3683;
v0xb9d19a10b240_3684 .array/port v0xb9d19a10b240, 3684;
E_0xb9d199e68640/922 .event anyedge, v0xb9d19a10b240_3681, v0xb9d19a10b240_3682, v0xb9d19a10b240_3683, v0xb9d19a10b240_3684;
v0xb9d19a10b240_3685 .array/port v0xb9d19a10b240, 3685;
v0xb9d19a10b240_3686 .array/port v0xb9d19a10b240, 3686;
v0xb9d19a10b240_3687 .array/port v0xb9d19a10b240, 3687;
v0xb9d19a10b240_3688 .array/port v0xb9d19a10b240, 3688;
E_0xb9d199e68640/923 .event anyedge, v0xb9d19a10b240_3685, v0xb9d19a10b240_3686, v0xb9d19a10b240_3687, v0xb9d19a10b240_3688;
v0xb9d19a10b240_3689 .array/port v0xb9d19a10b240, 3689;
v0xb9d19a10b240_3690 .array/port v0xb9d19a10b240, 3690;
v0xb9d19a10b240_3691 .array/port v0xb9d19a10b240, 3691;
v0xb9d19a10b240_3692 .array/port v0xb9d19a10b240, 3692;
E_0xb9d199e68640/924 .event anyedge, v0xb9d19a10b240_3689, v0xb9d19a10b240_3690, v0xb9d19a10b240_3691, v0xb9d19a10b240_3692;
v0xb9d19a10b240_3693 .array/port v0xb9d19a10b240, 3693;
v0xb9d19a10b240_3694 .array/port v0xb9d19a10b240, 3694;
v0xb9d19a10b240_3695 .array/port v0xb9d19a10b240, 3695;
v0xb9d19a10b240_3696 .array/port v0xb9d19a10b240, 3696;
E_0xb9d199e68640/925 .event anyedge, v0xb9d19a10b240_3693, v0xb9d19a10b240_3694, v0xb9d19a10b240_3695, v0xb9d19a10b240_3696;
v0xb9d19a10b240_3697 .array/port v0xb9d19a10b240, 3697;
v0xb9d19a10b240_3698 .array/port v0xb9d19a10b240, 3698;
v0xb9d19a10b240_3699 .array/port v0xb9d19a10b240, 3699;
v0xb9d19a10b240_3700 .array/port v0xb9d19a10b240, 3700;
E_0xb9d199e68640/926 .event anyedge, v0xb9d19a10b240_3697, v0xb9d19a10b240_3698, v0xb9d19a10b240_3699, v0xb9d19a10b240_3700;
v0xb9d19a10b240_3701 .array/port v0xb9d19a10b240, 3701;
v0xb9d19a10b240_3702 .array/port v0xb9d19a10b240, 3702;
v0xb9d19a10b240_3703 .array/port v0xb9d19a10b240, 3703;
v0xb9d19a10b240_3704 .array/port v0xb9d19a10b240, 3704;
E_0xb9d199e68640/927 .event anyedge, v0xb9d19a10b240_3701, v0xb9d19a10b240_3702, v0xb9d19a10b240_3703, v0xb9d19a10b240_3704;
v0xb9d19a10b240_3705 .array/port v0xb9d19a10b240, 3705;
v0xb9d19a10b240_3706 .array/port v0xb9d19a10b240, 3706;
v0xb9d19a10b240_3707 .array/port v0xb9d19a10b240, 3707;
v0xb9d19a10b240_3708 .array/port v0xb9d19a10b240, 3708;
E_0xb9d199e68640/928 .event anyedge, v0xb9d19a10b240_3705, v0xb9d19a10b240_3706, v0xb9d19a10b240_3707, v0xb9d19a10b240_3708;
v0xb9d19a10b240_3709 .array/port v0xb9d19a10b240, 3709;
v0xb9d19a10b240_3710 .array/port v0xb9d19a10b240, 3710;
v0xb9d19a10b240_3711 .array/port v0xb9d19a10b240, 3711;
v0xb9d19a10b240_3712 .array/port v0xb9d19a10b240, 3712;
E_0xb9d199e68640/929 .event anyedge, v0xb9d19a10b240_3709, v0xb9d19a10b240_3710, v0xb9d19a10b240_3711, v0xb9d19a10b240_3712;
v0xb9d19a10b240_3713 .array/port v0xb9d19a10b240, 3713;
v0xb9d19a10b240_3714 .array/port v0xb9d19a10b240, 3714;
v0xb9d19a10b240_3715 .array/port v0xb9d19a10b240, 3715;
v0xb9d19a10b240_3716 .array/port v0xb9d19a10b240, 3716;
E_0xb9d199e68640/930 .event anyedge, v0xb9d19a10b240_3713, v0xb9d19a10b240_3714, v0xb9d19a10b240_3715, v0xb9d19a10b240_3716;
v0xb9d19a10b240_3717 .array/port v0xb9d19a10b240, 3717;
v0xb9d19a10b240_3718 .array/port v0xb9d19a10b240, 3718;
v0xb9d19a10b240_3719 .array/port v0xb9d19a10b240, 3719;
v0xb9d19a10b240_3720 .array/port v0xb9d19a10b240, 3720;
E_0xb9d199e68640/931 .event anyedge, v0xb9d19a10b240_3717, v0xb9d19a10b240_3718, v0xb9d19a10b240_3719, v0xb9d19a10b240_3720;
v0xb9d19a10b240_3721 .array/port v0xb9d19a10b240, 3721;
v0xb9d19a10b240_3722 .array/port v0xb9d19a10b240, 3722;
v0xb9d19a10b240_3723 .array/port v0xb9d19a10b240, 3723;
v0xb9d19a10b240_3724 .array/port v0xb9d19a10b240, 3724;
E_0xb9d199e68640/932 .event anyedge, v0xb9d19a10b240_3721, v0xb9d19a10b240_3722, v0xb9d19a10b240_3723, v0xb9d19a10b240_3724;
v0xb9d19a10b240_3725 .array/port v0xb9d19a10b240, 3725;
v0xb9d19a10b240_3726 .array/port v0xb9d19a10b240, 3726;
v0xb9d19a10b240_3727 .array/port v0xb9d19a10b240, 3727;
v0xb9d19a10b240_3728 .array/port v0xb9d19a10b240, 3728;
E_0xb9d199e68640/933 .event anyedge, v0xb9d19a10b240_3725, v0xb9d19a10b240_3726, v0xb9d19a10b240_3727, v0xb9d19a10b240_3728;
v0xb9d19a10b240_3729 .array/port v0xb9d19a10b240, 3729;
v0xb9d19a10b240_3730 .array/port v0xb9d19a10b240, 3730;
v0xb9d19a10b240_3731 .array/port v0xb9d19a10b240, 3731;
v0xb9d19a10b240_3732 .array/port v0xb9d19a10b240, 3732;
E_0xb9d199e68640/934 .event anyedge, v0xb9d19a10b240_3729, v0xb9d19a10b240_3730, v0xb9d19a10b240_3731, v0xb9d19a10b240_3732;
v0xb9d19a10b240_3733 .array/port v0xb9d19a10b240, 3733;
v0xb9d19a10b240_3734 .array/port v0xb9d19a10b240, 3734;
v0xb9d19a10b240_3735 .array/port v0xb9d19a10b240, 3735;
v0xb9d19a10b240_3736 .array/port v0xb9d19a10b240, 3736;
E_0xb9d199e68640/935 .event anyedge, v0xb9d19a10b240_3733, v0xb9d19a10b240_3734, v0xb9d19a10b240_3735, v0xb9d19a10b240_3736;
v0xb9d19a10b240_3737 .array/port v0xb9d19a10b240, 3737;
v0xb9d19a10b240_3738 .array/port v0xb9d19a10b240, 3738;
v0xb9d19a10b240_3739 .array/port v0xb9d19a10b240, 3739;
v0xb9d19a10b240_3740 .array/port v0xb9d19a10b240, 3740;
E_0xb9d199e68640/936 .event anyedge, v0xb9d19a10b240_3737, v0xb9d19a10b240_3738, v0xb9d19a10b240_3739, v0xb9d19a10b240_3740;
v0xb9d19a10b240_3741 .array/port v0xb9d19a10b240, 3741;
v0xb9d19a10b240_3742 .array/port v0xb9d19a10b240, 3742;
v0xb9d19a10b240_3743 .array/port v0xb9d19a10b240, 3743;
v0xb9d19a10b240_3744 .array/port v0xb9d19a10b240, 3744;
E_0xb9d199e68640/937 .event anyedge, v0xb9d19a10b240_3741, v0xb9d19a10b240_3742, v0xb9d19a10b240_3743, v0xb9d19a10b240_3744;
v0xb9d19a10b240_3745 .array/port v0xb9d19a10b240, 3745;
v0xb9d19a10b240_3746 .array/port v0xb9d19a10b240, 3746;
v0xb9d19a10b240_3747 .array/port v0xb9d19a10b240, 3747;
v0xb9d19a10b240_3748 .array/port v0xb9d19a10b240, 3748;
E_0xb9d199e68640/938 .event anyedge, v0xb9d19a10b240_3745, v0xb9d19a10b240_3746, v0xb9d19a10b240_3747, v0xb9d19a10b240_3748;
v0xb9d19a10b240_3749 .array/port v0xb9d19a10b240, 3749;
v0xb9d19a10b240_3750 .array/port v0xb9d19a10b240, 3750;
v0xb9d19a10b240_3751 .array/port v0xb9d19a10b240, 3751;
v0xb9d19a10b240_3752 .array/port v0xb9d19a10b240, 3752;
E_0xb9d199e68640/939 .event anyedge, v0xb9d19a10b240_3749, v0xb9d19a10b240_3750, v0xb9d19a10b240_3751, v0xb9d19a10b240_3752;
v0xb9d19a10b240_3753 .array/port v0xb9d19a10b240, 3753;
v0xb9d19a10b240_3754 .array/port v0xb9d19a10b240, 3754;
v0xb9d19a10b240_3755 .array/port v0xb9d19a10b240, 3755;
v0xb9d19a10b240_3756 .array/port v0xb9d19a10b240, 3756;
E_0xb9d199e68640/940 .event anyedge, v0xb9d19a10b240_3753, v0xb9d19a10b240_3754, v0xb9d19a10b240_3755, v0xb9d19a10b240_3756;
v0xb9d19a10b240_3757 .array/port v0xb9d19a10b240, 3757;
v0xb9d19a10b240_3758 .array/port v0xb9d19a10b240, 3758;
v0xb9d19a10b240_3759 .array/port v0xb9d19a10b240, 3759;
v0xb9d19a10b240_3760 .array/port v0xb9d19a10b240, 3760;
E_0xb9d199e68640/941 .event anyedge, v0xb9d19a10b240_3757, v0xb9d19a10b240_3758, v0xb9d19a10b240_3759, v0xb9d19a10b240_3760;
v0xb9d19a10b240_3761 .array/port v0xb9d19a10b240, 3761;
v0xb9d19a10b240_3762 .array/port v0xb9d19a10b240, 3762;
v0xb9d19a10b240_3763 .array/port v0xb9d19a10b240, 3763;
v0xb9d19a10b240_3764 .array/port v0xb9d19a10b240, 3764;
E_0xb9d199e68640/942 .event anyedge, v0xb9d19a10b240_3761, v0xb9d19a10b240_3762, v0xb9d19a10b240_3763, v0xb9d19a10b240_3764;
v0xb9d19a10b240_3765 .array/port v0xb9d19a10b240, 3765;
v0xb9d19a10b240_3766 .array/port v0xb9d19a10b240, 3766;
v0xb9d19a10b240_3767 .array/port v0xb9d19a10b240, 3767;
v0xb9d19a10b240_3768 .array/port v0xb9d19a10b240, 3768;
E_0xb9d199e68640/943 .event anyedge, v0xb9d19a10b240_3765, v0xb9d19a10b240_3766, v0xb9d19a10b240_3767, v0xb9d19a10b240_3768;
v0xb9d19a10b240_3769 .array/port v0xb9d19a10b240, 3769;
v0xb9d19a10b240_3770 .array/port v0xb9d19a10b240, 3770;
v0xb9d19a10b240_3771 .array/port v0xb9d19a10b240, 3771;
v0xb9d19a10b240_3772 .array/port v0xb9d19a10b240, 3772;
E_0xb9d199e68640/944 .event anyedge, v0xb9d19a10b240_3769, v0xb9d19a10b240_3770, v0xb9d19a10b240_3771, v0xb9d19a10b240_3772;
v0xb9d19a10b240_3773 .array/port v0xb9d19a10b240, 3773;
v0xb9d19a10b240_3774 .array/port v0xb9d19a10b240, 3774;
v0xb9d19a10b240_3775 .array/port v0xb9d19a10b240, 3775;
v0xb9d19a10b240_3776 .array/port v0xb9d19a10b240, 3776;
E_0xb9d199e68640/945 .event anyedge, v0xb9d19a10b240_3773, v0xb9d19a10b240_3774, v0xb9d19a10b240_3775, v0xb9d19a10b240_3776;
v0xb9d19a10b240_3777 .array/port v0xb9d19a10b240, 3777;
v0xb9d19a10b240_3778 .array/port v0xb9d19a10b240, 3778;
v0xb9d19a10b240_3779 .array/port v0xb9d19a10b240, 3779;
v0xb9d19a10b240_3780 .array/port v0xb9d19a10b240, 3780;
E_0xb9d199e68640/946 .event anyedge, v0xb9d19a10b240_3777, v0xb9d19a10b240_3778, v0xb9d19a10b240_3779, v0xb9d19a10b240_3780;
v0xb9d19a10b240_3781 .array/port v0xb9d19a10b240, 3781;
v0xb9d19a10b240_3782 .array/port v0xb9d19a10b240, 3782;
v0xb9d19a10b240_3783 .array/port v0xb9d19a10b240, 3783;
v0xb9d19a10b240_3784 .array/port v0xb9d19a10b240, 3784;
E_0xb9d199e68640/947 .event anyedge, v0xb9d19a10b240_3781, v0xb9d19a10b240_3782, v0xb9d19a10b240_3783, v0xb9d19a10b240_3784;
v0xb9d19a10b240_3785 .array/port v0xb9d19a10b240, 3785;
v0xb9d19a10b240_3786 .array/port v0xb9d19a10b240, 3786;
v0xb9d19a10b240_3787 .array/port v0xb9d19a10b240, 3787;
v0xb9d19a10b240_3788 .array/port v0xb9d19a10b240, 3788;
E_0xb9d199e68640/948 .event anyedge, v0xb9d19a10b240_3785, v0xb9d19a10b240_3786, v0xb9d19a10b240_3787, v0xb9d19a10b240_3788;
v0xb9d19a10b240_3789 .array/port v0xb9d19a10b240, 3789;
v0xb9d19a10b240_3790 .array/port v0xb9d19a10b240, 3790;
v0xb9d19a10b240_3791 .array/port v0xb9d19a10b240, 3791;
v0xb9d19a10b240_3792 .array/port v0xb9d19a10b240, 3792;
E_0xb9d199e68640/949 .event anyedge, v0xb9d19a10b240_3789, v0xb9d19a10b240_3790, v0xb9d19a10b240_3791, v0xb9d19a10b240_3792;
v0xb9d19a10b240_3793 .array/port v0xb9d19a10b240, 3793;
v0xb9d19a10b240_3794 .array/port v0xb9d19a10b240, 3794;
v0xb9d19a10b240_3795 .array/port v0xb9d19a10b240, 3795;
v0xb9d19a10b240_3796 .array/port v0xb9d19a10b240, 3796;
E_0xb9d199e68640/950 .event anyedge, v0xb9d19a10b240_3793, v0xb9d19a10b240_3794, v0xb9d19a10b240_3795, v0xb9d19a10b240_3796;
v0xb9d19a10b240_3797 .array/port v0xb9d19a10b240, 3797;
v0xb9d19a10b240_3798 .array/port v0xb9d19a10b240, 3798;
v0xb9d19a10b240_3799 .array/port v0xb9d19a10b240, 3799;
v0xb9d19a10b240_3800 .array/port v0xb9d19a10b240, 3800;
E_0xb9d199e68640/951 .event anyedge, v0xb9d19a10b240_3797, v0xb9d19a10b240_3798, v0xb9d19a10b240_3799, v0xb9d19a10b240_3800;
v0xb9d19a10b240_3801 .array/port v0xb9d19a10b240, 3801;
v0xb9d19a10b240_3802 .array/port v0xb9d19a10b240, 3802;
v0xb9d19a10b240_3803 .array/port v0xb9d19a10b240, 3803;
v0xb9d19a10b240_3804 .array/port v0xb9d19a10b240, 3804;
E_0xb9d199e68640/952 .event anyedge, v0xb9d19a10b240_3801, v0xb9d19a10b240_3802, v0xb9d19a10b240_3803, v0xb9d19a10b240_3804;
v0xb9d19a10b240_3805 .array/port v0xb9d19a10b240, 3805;
v0xb9d19a10b240_3806 .array/port v0xb9d19a10b240, 3806;
v0xb9d19a10b240_3807 .array/port v0xb9d19a10b240, 3807;
v0xb9d19a10b240_3808 .array/port v0xb9d19a10b240, 3808;
E_0xb9d199e68640/953 .event anyedge, v0xb9d19a10b240_3805, v0xb9d19a10b240_3806, v0xb9d19a10b240_3807, v0xb9d19a10b240_3808;
v0xb9d19a10b240_3809 .array/port v0xb9d19a10b240, 3809;
v0xb9d19a10b240_3810 .array/port v0xb9d19a10b240, 3810;
v0xb9d19a10b240_3811 .array/port v0xb9d19a10b240, 3811;
v0xb9d19a10b240_3812 .array/port v0xb9d19a10b240, 3812;
E_0xb9d199e68640/954 .event anyedge, v0xb9d19a10b240_3809, v0xb9d19a10b240_3810, v0xb9d19a10b240_3811, v0xb9d19a10b240_3812;
v0xb9d19a10b240_3813 .array/port v0xb9d19a10b240, 3813;
v0xb9d19a10b240_3814 .array/port v0xb9d19a10b240, 3814;
v0xb9d19a10b240_3815 .array/port v0xb9d19a10b240, 3815;
v0xb9d19a10b240_3816 .array/port v0xb9d19a10b240, 3816;
E_0xb9d199e68640/955 .event anyedge, v0xb9d19a10b240_3813, v0xb9d19a10b240_3814, v0xb9d19a10b240_3815, v0xb9d19a10b240_3816;
v0xb9d19a10b240_3817 .array/port v0xb9d19a10b240, 3817;
v0xb9d19a10b240_3818 .array/port v0xb9d19a10b240, 3818;
v0xb9d19a10b240_3819 .array/port v0xb9d19a10b240, 3819;
v0xb9d19a10b240_3820 .array/port v0xb9d19a10b240, 3820;
E_0xb9d199e68640/956 .event anyedge, v0xb9d19a10b240_3817, v0xb9d19a10b240_3818, v0xb9d19a10b240_3819, v0xb9d19a10b240_3820;
v0xb9d19a10b240_3821 .array/port v0xb9d19a10b240, 3821;
v0xb9d19a10b240_3822 .array/port v0xb9d19a10b240, 3822;
v0xb9d19a10b240_3823 .array/port v0xb9d19a10b240, 3823;
v0xb9d19a10b240_3824 .array/port v0xb9d19a10b240, 3824;
E_0xb9d199e68640/957 .event anyedge, v0xb9d19a10b240_3821, v0xb9d19a10b240_3822, v0xb9d19a10b240_3823, v0xb9d19a10b240_3824;
v0xb9d19a10b240_3825 .array/port v0xb9d19a10b240, 3825;
v0xb9d19a10b240_3826 .array/port v0xb9d19a10b240, 3826;
v0xb9d19a10b240_3827 .array/port v0xb9d19a10b240, 3827;
v0xb9d19a10b240_3828 .array/port v0xb9d19a10b240, 3828;
E_0xb9d199e68640/958 .event anyedge, v0xb9d19a10b240_3825, v0xb9d19a10b240_3826, v0xb9d19a10b240_3827, v0xb9d19a10b240_3828;
v0xb9d19a10b240_3829 .array/port v0xb9d19a10b240, 3829;
v0xb9d19a10b240_3830 .array/port v0xb9d19a10b240, 3830;
v0xb9d19a10b240_3831 .array/port v0xb9d19a10b240, 3831;
v0xb9d19a10b240_3832 .array/port v0xb9d19a10b240, 3832;
E_0xb9d199e68640/959 .event anyedge, v0xb9d19a10b240_3829, v0xb9d19a10b240_3830, v0xb9d19a10b240_3831, v0xb9d19a10b240_3832;
v0xb9d19a10b240_3833 .array/port v0xb9d19a10b240, 3833;
v0xb9d19a10b240_3834 .array/port v0xb9d19a10b240, 3834;
v0xb9d19a10b240_3835 .array/port v0xb9d19a10b240, 3835;
v0xb9d19a10b240_3836 .array/port v0xb9d19a10b240, 3836;
E_0xb9d199e68640/960 .event anyedge, v0xb9d19a10b240_3833, v0xb9d19a10b240_3834, v0xb9d19a10b240_3835, v0xb9d19a10b240_3836;
v0xb9d19a10b240_3837 .array/port v0xb9d19a10b240, 3837;
v0xb9d19a10b240_3838 .array/port v0xb9d19a10b240, 3838;
v0xb9d19a10b240_3839 .array/port v0xb9d19a10b240, 3839;
v0xb9d19a10b240_3840 .array/port v0xb9d19a10b240, 3840;
E_0xb9d199e68640/961 .event anyedge, v0xb9d19a10b240_3837, v0xb9d19a10b240_3838, v0xb9d19a10b240_3839, v0xb9d19a10b240_3840;
v0xb9d19a10b240_3841 .array/port v0xb9d19a10b240, 3841;
v0xb9d19a10b240_3842 .array/port v0xb9d19a10b240, 3842;
v0xb9d19a10b240_3843 .array/port v0xb9d19a10b240, 3843;
v0xb9d19a10b240_3844 .array/port v0xb9d19a10b240, 3844;
E_0xb9d199e68640/962 .event anyedge, v0xb9d19a10b240_3841, v0xb9d19a10b240_3842, v0xb9d19a10b240_3843, v0xb9d19a10b240_3844;
v0xb9d19a10b240_3845 .array/port v0xb9d19a10b240, 3845;
v0xb9d19a10b240_3846 .array/port v0xb9d19a10b240, 3846;
v0xb9d19a10b240_3847 .array/port v0xb9d19a10b240, 3847;
v0xb9d19a10b240_3848 .array/port v0xb9d19a10b240, 3848;
E_0xb9d199e68640/963 .event anyedge, v0xb9d19a10b240_3845, v0xb9d19a10b240_3846, v0xb9d19a10b240_3847, v0xb9d19a10b240_3848;
v0xb9d19a10b240_3849 .array/port v0xb9d19a10b240, 3849;
v0xb9d19a10b240_3850 .array/port v0xb9d19a10b240, 3850;
v0xb9d19a10b240_3851 .array/port v0xb9d19a10b240, 3851;
v0xb9d19a10b240_3852 .array/port v0xb9d19a10b240, 3852;
E_0xb9d199e68640/964 .event anyedge, v0xb9d19a10b240_3849, v0xb9d19a10b240_3850, v0xb9d19a10b240_3851, v0xb9d19a10b240_3852;
v0xb9d19a10b240_3853 .array/port v0xb9d19a10b240, 3853;
v0xb9d19a10b240_3854 .array/port v0xb9d19a10b240, 3854;
v0xb9d19a10b240_3855 .array/port v0xb9d19a10b240, 3855;
v0xb9d19a10b240_3856 .array/port v0xb9d19a10b240, 3856;
E_0xb9d199e68640/965 .event anyedge, v0xb9d19a10b240_3853, v0xb9d19a10b240_3854, v0xb9d19a10b240_3855, v0xb9d19a10b240_3856;
v0xb9d19a10b240_3857 .array/port v0xb9d19a10b240, 3857;
v0xb9d19a10b240_3858 .array/port v0xb9d19a10b240, 3858;
v0xb9d19a10b240_3859 .array/port v0xb9d19a10b240, 3859;
v0xb9d19a10b240_3860 .array/port v0xb9d19a10b240, 3860;
E_0xb9d199e68640/966 .event anyedge, v0xb9d19a10b240_3857, v0xb9d19a10b240_3858, v0xb9d19a10b240_3859, v0xb9d19a10b240_3860;
v0xb9d19a10b240_3861 .array/port v0xb9d19a10b240, 3861;
v0xb9d19a10b240_3862 .array/port v0xb9d19a10b240, 3862;
v0xb9d19a10b240_3863 .array/port v0xb9d19a10b240, 3863;
v0xb9d19a10b240_3864 .array/port v0xb9d19a10b240, 3864;
E_0xb9d199e68640/967 .event anyedge, v0xb9d19a10b240_3861, v0xb9d19a10b240_3862, v0xb9d19a10b240_3863, v0xb9d19a10b240_3864;
v0xb9d19a10b240_3865 .array/port v0xb9d19a10b240, 3865;
v0xb9d19a10b240_3866 .array/port v0xb9d19a10b240, 3866;
v0xb9d19a10b240_3867 .array/port v0xb9d19a10b240, 3867;
v0xb9d19a10b240_3868 .array/port v0xb9d19a10b240, 3868;
E_0xb9d199e68640/968 .event anyedge, v0xb9d19a10b240_3865, v0xb9d19a10b240_3866, v0xb9d19a10b240_3867, v0xb9d19a10b240_3868;
v0xb9d19a10b240_3869 .array/port v0xb9d19a10b240, 3869;
v0xb9d19a10b240_3870 .array/port v0xb9d19a10b240, 3870;
v0xb9d19a10b240_3871 .array/port v0xb9d19a10b240, 3871;
v0xb9d19a10b240_3872 .array/port v0xb9d19a10b240, 3872;
E_0xb9d199e68640/969 .event anyedge, v0xb9d19a10b240_3869, v0xb9d19a10b240_3870, v0xb9d19a10b240_3871, v0xb9d19a10b240_3872;
v0xb9d19a10b240_3873 .array/port v0xb9d19a10b240, 3873;
v0xb9d19a10b240_3874 .array/port v0xb9d19a10b240, 3874;
v0xb9d19a10b240_3875 .array/port v0xb9d19a10b240, 3875;
v0xb9d19a10b240_3876 .array/port v0xb9d19a10b240, 3876;
E_0xb9d199e68640/970 .event anyedge, v0xb9d19a10b240_3873, v0xb9d19a10b240_3874, v0xb9d19a10b240_3875, v0xb9d19a10b240_3876;
v0xb9d19a10b240_3877 .array/port v0xb9d19a10b240, 3877;
v0xb9d19a10b240_3878 .array/port v0xb9d19a10b240, 3878;
v0xb9d19a10b240_3879 .array/port v0xb9d19a10b240, 3879;
v0xb9d19a10b240_3880 .array/port v0xb9d19a10b240, 3880;
E_0xb9d199e68640/971 .event anyedge, v0xb9d19a10b240_3877, v0xb9d19a10b240_3878, v0xb9d19a10b240_3879, v0xb9d19a10b240_3880;
v0xb9d19a10b240_3881 .array/port v0xb9d19a10b240, 3881;
v0xb9d19a10b240_3882 .array/port v0xb9d19a10b240, 3882;
v0xb9d19a10b240_3883 .array/port v0xb9d19a10b240, 3883;
v0xb9d19a10b240_3884 .array/port v0xb9d19a10b240, 3884;
E_0xb9d199e68640/972 .event anyedge, v0xb9d19a10b240_3881, v0xb9d19a10b240_3882, v0xb9d19a10b240_3883, v0xb9d19a10b240_3884;
v0xb9d19a10b240_3885 .array/port v0xb9d19a10b240, 3885;
v0xb9d19a10b240_3886 .array/port v0xb9d19a10b240, 3886;
v0xb9d19a10b240_3887 .array/port v0xb9d19a10b240, 3887;
v0xb9d19a10b240_3888 .array/port v0xb9d19a10b240, 3888;
E_0xb9d199e68640/973 .event anyedge, v0xb9d19a10b240_3885, v0xb9d19a10b240_3886, v0xb9d19a10b240_3887, v0xb9d19a10b240_3888;
v0xb9d19a10b240_3889 .array/port v0xb9d19a10b240, 3889;
v0xb9d19a10b240_3890 .array/port v0xb9d19a10b240, 3890;
v0xb9d19a10b240_3891 .array/port v0xb9d19a10b240, 3891;
v0xb9d19a10b240_3892 .array/port v0xb9d19a10b240, 3892;
E_0xb9d199e68640/974 .event anyedge, v0xb9d19a10b240_3889, v0xb9d19a10b240_3890, v0xb9d19a10b240_3891, v0xb9d19a10b240_3892;
v0xb9d19a10b240_3893 .array/port v0xb9d19a10b240, 3893;
v0xb9d19a10b240_3894 .array/port v0xb9d19a10b240, 3894;
v0xb9d19a10b240_3895 .array/port v0xb9d19a10b240, 3895;
v0xb9d19a10b240_3896 .array/port v0xb9d19a10b240, 3896;
E_0xb9d199e68640/975 .event anyedge, v0xb9d19a10b240_3893, v0xb9d19a10b240_3894, v0xb9d19a10b240_3895, v0xb9d19a10b240_3896;
v0xb9d19a10b240_3897 .array/port v0xb9d19a10b240, 3897;
v0xb9d19a10b240_3898 .array/port v0xb9d19a10b240, 3898;
v0xb9d19a10b240_3899 .array/port v0xb9d19a10b240, 3899;
v0xb9d19a10b240_3900 .array/port v0xb9d19a10b240, 3900;
E_0xb9d199e68640/976 .event anyedge, v0xb9d19a10b240_3897, v0xb9d19a10b240_3898, v0xb9d19a10b240_3899, v0xb9d19a10b240_3900;
v0xb9d19a10b240_3901 .array/port v0xb9d19a10b240, 3901;
v0xb9d19a10b240_3902 .array/port v0xb9d19a10b240, 3902;
v0xb9d19a10b240_3903 .array/port v0xb9d19a10b240, 3903;
v0xb9d19a10b240_3904 .array/port v0xb9d19a10b240, 3904;
E_0xb9d199e68640/977 .event anyedge, v0xb9d19a10b240_3901, v0xb9d19a10b240_3902, v0xb9d19a10b240_3903, v0xb9d19a10b240_3904;
v0xb9d19a10b240_3905 .array/port v0xb9d19a10b240, 3905;
v0xb9d19a10b240_3906 .array/port v0xb9d19a10b240, 3906;
v0xb9d19a10b240_3907 .array/port v0xb9d19a10b240, 3907;
v0xb9d19a10b240_3908 .array/port v0xb9d19a10b240, 3908;
E_0xb9d199e68640/978 .event anyedge, v0xb9d19a10b240_3905, v0xb9d19a10b240_3906, v0xb9d19a10b240_3907, v0xb9d19a10b240_3908;
v0xb9d19a10b240_3909 .array/port v0xb9d19a10b240, 3909;
v0xb9d19a10b240_3910 .array/port v0xb9d19a10b240, 3910;
v0xb9d19a10b240_3911 .array/port v0xb9d19a10b240, 3911;
v0xb9d19a10b240_3912 .array/port v0xb9d19a10b240, 3912;
E_0xb9d199e68640/979 .event anyedge, v0xb9d19a10b240_3909, v0xb9d19a10b240_3910, v0xb9d19a10b240_3911, v0xb9d19a10b240_3912;
v0xb9d19a10b240_3913 .array/port v0xb9d19a10b240, 3913;
v0xb9d19a10b240_3914 .array/port v0xb9d19a10b240, 3914;
v0xb9d19a10b240_3915 .array/port v0xb9d19a10b240, 3915;
v0xb9d19a10b240_3916 .array/port v0xb9d19a10b240, 3916;
E_0xb9d199e68640/980 .event anyedge, v0xb9d19a10b240_3913, v0xb9d19a10b240_3914, v0xb9d19a10b240_3915, v0xb9d19a10b240_3916;
v0xb9d19a10b240_3917 .array/port v0xb9d19a10b240, 3917;
v0xb9d19a10b240_3918 .array/port v0xb9d19a10b240, 3918;
v0xb9d19a10b240_3919 .array/port v0xb9d19a10b240, 3919;
v0xb9d19a10b240_3920 .array/port v0xb9d19a10b240, 3920;
E_0xb9d199e68640/981 .event anyedge, v0xb9d19a10b240_3917, v0xb9d19a10b240_3918, v0xb9d19a10b240_3919, v0xb9d19a10b240_3920;
v0xb9d19a10b240_3921 .array/port v0xb9d19a10b240, 3921;
v0xb9d19a10b240_3922 .array/port v0xb9d19a10b240, 3922;
v0xb9d19a10b240_3923 .array/port v0xb9d19a10b240, 3923;
v0xb9d19a10b240_3924 .array/port v0xb9d19a10b240, 3924;
E_0xb9d199e68640/982 .event anyedge, v0xb9d19a10b240_3921, v0xb9d19a10b240_3922, v0xb9d19a10b240_3923, v0xb9d19a10b240_3924;
v0xb9d19a10b240_3925 .array/port v0xb9d19a10b240, 3925;
v0xb9d19a10b240_3926 .array/port v0xb9d19a10b240, 3926;
v0xb9d19a10b240_3927 .array/port v0xb9d19a10b240, 3927;
v0xb9d19a10b240_3928 .array/port v0xb9d19a10b240, 3928;
E_0xb9d199e68640/983 .event anyedge, v0xb9d19a10b240_3925, v0xb9d19a10b240_3926, v0xb9d19a10b240_3927, v0xb9d19a10b240_3928;
v0xb9d19a10b240_3929 .array/port v0xb9d19a10b240, 3929;
v0xb9d19a10b240_3930 .array/port v0xb9d19a10b240, 3930;
v0xb9d19a10b240_3931 .array/port v0xb9d19a10b240, 3931;
v0xb9d19a10b240_3932 .array/port v0xb9d19a10b240, 3932;
E_0xb9d199e68640/984 .event anyedge, v0xb9d19a10b240_3929, v0xb9d19a10b240_3930, v0xb9d19a10b240_3931, v0xb9d19a10b240_3932;
v0xb9d19a10b240_3933 .array/port v0xb9d19a10b240, 3933;
v0xb9d19a10b240_3934 .array/port v0xb9d19a10b240, 3934;
v0xb9d19a10b240_3935 .array/port v0xb9d19a10b240, 3935;
v0xb9d19a10b240_3936 .array/port v0xb9d19a10b240, 3936;
E_0xb9d199e68640/985 .event anyedge, v0xb9d19a10b240_3933, v0xb9d19a10b240_3934, v0xb9d19a10b240_3935, v0xb9d19a10b240_3936;
v0xb9d19a10b240_3937 .array/port v0xb9d19a10b240, 3937;
v0xb9d19a10b240_3938 .array/port v0xb9d19a10b240, 3938;
v0xb9d19a10b240_3939 .array/port v0xb9d19a10b240, 3939;
v0xb9d19a10b240_3940 .array/port v0xb9d19a10b240, 3940;
E_0xb9d199e68640/986 .event anyedge, v0xb9d19a10b240_3937, v0xb9d19a10b240_3938, v0xb9d19a10b240_3939, v0xb9d19a10b240_3940;
v0xb9d19a10b240_3941 .array/port v0xb9d19a10b240, 3941;
v0xb9d19a10b240_3942 .array/port v0xb9d19a10b240, 3942;
v0xb9d19a10b240_3943 .array/port v0xb9d19a10b240, 3943;
v0xb9d19a10b240_3944 .array/port v0xb9d19a10b240, 3944;
E_0xb9d199e68640/987 .event anyedge, v0xb9d19a10b240_3941, v0xb9d19a10b240_3942, v0xb9d19a10b240_3943, v0xb9d19a10b240_3944;
v0xb9d19a10b240_3945 .array/port v0xb9d19a10b240, 3945;
v0xb9d19a10b240_3946 .array/port v0xb9d19a10b240, 3946;
v0xb9d19a10b240_3947 .array/port v0xb9d19a10b240, 3947;
v0xb9d19a10b240_3948 .array/port v0xb9d19a10b240, 3948;
E_0xb9d199e68640/988 .event anyedge, v0xb9d19a10b240_3945, v0xb9d19a10b240_3946, v0xb9d19a10b240_3947, v0xb9d19a10b240_3948;
v0xb9d19a10b240_3949 .array/port v0xb9d19a10b240, 3949;
v0xb9d19a10b240_3950 .array/port v0xb9d19a10b240, 3950;
v0xb9d19a10b240_3951 .array/port v0xb9d19a10b240, 3951;
v0xb9d19a10b240_3952 .array/port v0xb9d19a10b240, 3952;
E_0xb9d199e68640/989 .event anyedge, v0xb9d19a10b240_3949, v0xb9d19a10b240_3950, v0xb9d19a10b240_3951, v0xb9d19a10b240_3952;
v0xb9d19a10b240_3953 .array/port v0xb9d19a10b240, 3953;
v0xb9d19a10b240_3954 .array/port v0xb9d19a10b240, 3954;
v0xb9d19a10b240_3955 .array/port v0xb9d19a10b240, 3955;
v0xb9d19a10b240_3956 .array/port v0xb9d19a10b240, 3956;
E_0xb9d199e68640/990 .event anyedge, v0xb9d19a10b240_3953, v0xb9d19a10b240_3954, v0xb9d19a10b240_3955, v0xb9d19a10b240_3956;
v0xb9d19a10b240_3957 .array/port v0xb9d19a10b240, 3957;
v0xb9d19a10b240_3958 .array/port v0xb9d19a10b240, 3958;
v0xb9d19a10b240_3959 .array/port v0xb9d19a10b240, 3959;
v0xb9d19a10b240_3960 .array/port v0xb9d19a10b240, 3960;
E_0xb9d199e68640/991 .event anyedge, v0xb9d19a10b240_3957, v0xb9d19a10b240_3958, v0xb9d19a10b240_3959, v0xb9d19a10b240_3960;
v0xb9d19a10b240_3961 .array/port v0xb9d19a10b240, 3961;
v0xb9d19a10b240_3962 .array/port v0xb9d19a10b240, 3962;
v0xb9d19a10b240_3963 .array/port v0xb9d19a10b240, 3963;
v0xb9d19a10b240_3964 .array/port v0xb9d19a10b240, 3964;
E_0xb9d199e68640/992 .event anyedge, v0xb9d19a10b240_3961, v0xb9d19a10b240_3962, v0xb9d19a10b240_3963, v0xb9d19a10b240_3964;
v0xb9d19a10b240_3965 .array/port v0xb9d19a10b240, 3965;
v0xb9d19a10b240_3966 .array/port v0xb9d19a10b240, 3966;
v0xb9d19a10b240_3967 .array/port v0xb9d19a10b240, 3967;
v0xb9d19a10b240_3968 .array/port v0xb9d19a10b240, 3968;
E_0xb9d199e68640/993 .event anyedge, v0xb9d19a10b240_3965, v0xb9d19a10b240_3966, v0xb9d19a10b240_3967, v0xb9d19a10b240_3968;
v0xb9d19a10b240_3969 .array/port v0xb9d19a10b240, 3969;
v0xb9d19a10b240_3970 .array/port v0xb9d19a10b240, 3970;
v0xb9d19a10b240_3971 .array/port v0xb9d19a10b240, 3971;
v0xb9d19a10b240_3972 .array/port v0xb9d19a10b240, 3972;
E_0xb9d199e68640/994 .event anyedge, v0xb9d19a10b240_3969, v0xb9d19a10b240_3970, v0xb9d19a10b240_3971, v0xb9d19a10b240_3972;
v0xb9d19a10b240_3973 .array/port v0xb9d19a10b240, 3973;
v0xb9d19a10b240_3974 .array/port v0xb9d19a10b240, 3974;
v0xb9d19a10b240_3975 .array/port v0xb9d19a10b240, 3975;
v0xb9d19a10b240_3976 .array/port v0xb9d19a10b240, 3976;
E_0xb9d199e68640/995 .event anyedge, v0xb9d19a10b240_3973, v0xb9d19a10b240_3974, v0xb9d19a10b240_3975, v0xb9d19a10b240_3976;
v0xb9d19a10b240_3977 .array/port v0xb9d19a10b240, 3977;
v0xb9d19a10b240_3978 .array/port v0xb9d19a10b240, 3978;
v0xb9d19a10b240_3979 .array/port v0xb9d19a10b240, 3979;
v0xb9d19a10b240_3980 .array/port v0xb9d19a10b240, 3980;
E_0xb9d199e68640/996 .event anyedge, v0xb9d19a10b240_3977, v0xb9d19a10b240_3978, v0xb9d19a10b240_3979, v0xb9d19a10b240_3980;
v0xb9d19a10b240_3981 .array/port v0xb9d19a10b240, 3981;
v0xb9d19a10b240_3982 .array/port v0xb9d19a10b240, 3982;
v0xb9d19a10b240_3983 .array/port v0xb9d19a10b240, 3983;
v0xb9d19a10b240_3984 .array/port v0xb9d19a10b240, 3984;
E_0xb9d199e68640/997 .event anyedge, v0xb9d19a10b240_3981, v0xb9d19a10b240_3982, v0xb9d19a10b240_3983, v0xb9d19a10b240_3984;
v0xb9d19a10b240_3985 .array/port v0xb9d19a10b240, 3985;
v0xb9d19a10b240_3986 .array/port v0xb9d19a10b240, 3986;
v0xb9d19a10b240_3987 .array/port v0xb9d19a10b240, 3987;
v0xb9d19a10b240_3988 .array/port v0xb9d19a10b240, 3988;
E_0xb9d199e68640/998 .event anyedge, v0xb9d19a10b240_3985, v0xb9d19a10b240_3986, v0xb9d19a10b240_3987, v0xb9d19a10b240_3988;
v0xb9d19a10b240_3989 .array/port v0xb9d19a10b240, 3989;
v0xb9d19a10b240_3990 .array/port v0xb9d19a10b240, 3990;
v0xb9d19a10b240_3991 .array/port v0xb9d19a10b240, 3991;
v0xb9d19a10b240_3992 .array/port v0xb9d19a10b240, 3992;
E_0xb9d199e68640/999 .event anyedge, v0xb9d19a10b240_3989, v0xb9d19a10b240_3990, v0xb9d19a10b240_3991, v0xb9d19a10b240_3992;
v0xb9d19a10b240_3993 .array/port v0xb9d19a10b240, 3993;
v0xb9d19a10b240_3994 .array/port v0xb9d19a10b240, 3994;
v0xb9d19a10b240_3995 .array/port v0xb9d19a10b240, 3995;
v0xb9d19a10b240_3996 .array/port v0xb9d19a10b240, 3996;
E_0xb9d199e68640/1000 .event anyedge, v0xb9d19a10b240_3993, v0xb9d19a10b240_3994, v0xb9d19a10b240_3995, v0xb9d19a10b240_3996;
v0xb9d19a10b240_3997 .array/port v0xb9d19a10b240, 3997;
v0xb9d19a10b240_3998 .array/port v0xb9d19a10b240, 3998;
v0xb9d19a10b240_3999 .array/port v0xb9d19a10b240, 3999;
v0xb9d19a10b240_4000 .array/port v0xb9d19a10b240, 4000;
E_0xb9d199e68640/1001 .event anyedge, v0xb9d19a10b240_3997, v0xb9d19a10b240_3998, v0xb9d19a10b240_3999, v0xb9d19a10b240_4000;
v0xb9d19a10b240_4001 .array/port v0xb9d19a10b240, 4001;
v0xb9d19a10b240_4002 .array/port v0xb9d19a10b240, 4002;
v0xb9d19a10b240_4003 .array/port v0xb9d19a10b240, 4003;
v0xb9d19a10b240_4004 .array/port v0xb9d19a10b240, 4004;
E_0xb9d199e68640/1002 .event anyedge, v0xb9d19a10b240_4001, v0xb9d19a10b240_4002, v0xb9d19a10b240_4003, v0xb9d19a10b240_4004;
v0xb9d19a10b240_4005 .array/port v0xb9d19a10b240, 4005;
v0xb9d19a10b240_4006 .array/port v0xb9d19a10b240, 4006;
v0xb9d19a10b240_4007 .array/port v0xb9d19a10b240, 4007;
v0xb9d19a10b240_4008 .array/port v0xb9d19a10b240, 4008;
E_0xb9d199e68640/1003 .event anyedge, v0xb9d19a10b240_4005, v0xb9d19a10b240_4006, v0xb9d19a10b240_4007, v0xb9d19a10b240_4008;
v0xb9d19a10b240_4009 .array/port v0xb9d19a10b240, 4009;
v0xb9d19a10b240_4010 .array/port v0xb9d19a10b240, 4010;
v0xb9d19a10b240_4011 .array/port v0xb9d19a10b240, 4011;
v0xb9d19a10b240_4012 .array/port v0xb9d19a10b240, 4012;
E_0xb9d199e68640/1004 .event anyedge, v0xb9d19a10b240_4009, v0xb9d19a10b240_4010, v0xb9d19a10b240_4011, v0xb9d19a10b240_4012;
v0xb9d19a10b240_4013 .array/port v0xb9d19a10b240, 4013;
v0xb9d19a10b240_4014 .array/port v0xb9d19a10b240, 4014;
v0xb9d19a10b240_4015 .array/port v0xb9d19a10b240, 4015;
v0xb9d19a10b240_4016 .array/port v0xb9d19a10b240, 4016;
E_0xb9d199e68640/1005 .event anyedge, v0xb9d19a10b240_4013, v0xb9d19a10b240_4014, v0xb9d19a10b240_4015, v0xb9d19a10b240_4016;
v0xb9d19a10b240_4017 .array/port v0xb9d19a10b240, 4017;
v0xb9d19a10b240_4018 .array/port v0xb9d19a10b240, 4018;
v0xb9d19a10b240_4019 .array/port v0xb9d19a10b240, 4019;
v0xb9d19a10b240_4020 .array/port v0xb9d19a10b240, 4020;
E_0xb9d199e68640/1006 .event anyedge, v0xb9d19a10b240_4017, v0xb9d19a10b240_4018, v0xb9d19a10b240_4019, v0xb9d19a10b240_4020;
v0xb9d19a10b240_4021 .array/port v0xb9d19a10b240, 4021;
v0xb9d19a10b240_4022 .array/port v0xb9d19a10b240, 4022;
v0xb9d19a10b240_4023 .array/port v0xb9d19a10b240, 4023;
v0xb9d19a10b240_4024 .array/port v0xb9d19a10b240, 4024;
E_0xb9d199e68640/1007 .event anyedge, v0xb9d19a10b240_4021, v0xb9d19a10b240_4022, v0xb9d19a10b240_4023, v0xb9d19a10b240_4024;
v0xb9d19a10b240_4025 .array/port v0xb9d19a10b240, 4025;
v0xb9d19a10b240_4026 .array/port v0xb9d19a10b240, 4026;
v0xb9d19a10b240_4027 .array/port v0xb9d19a10b240, 4027;
v0xb9d19a10b240_4028 .array/port v0xb9d19a10b240, 4028;
E_0xb9d199e68640/1008 .event anyedge, v0xb9d19a10b240_4025, v0xb9d19a10b240_4026, v0xb9d19a10b240_4027, v0xb9d19a10b240_4028;
v0xb9d19a10b240_4029 .array/port v0xb9d19a10b240, 4029;
v0xb9d19a10b240_4030 .array/port v0xb9d19a10b240, 4030;
v0xb9d19a10b240_4031 .array/port v0xb9d19a10b240, 4031;
v0xb9d19a10b240_4032 .array/port v0xb9d19a10b240, 4032;
E_0xb9d199e68640/1009 .event anyedge, v0xb9d19a10b240_4029, v0xb9d19a10b240_4030, v0xb9d19a10b240_4031, v0xb9d19a10b240_4032;
v0xb9d19a10b240_4033 .array/port v0xb9d19a10b240, 4033;
v0xb9d19a10b240_4034 .array/port v0xb9d19a10b240, 4034;
v0xb9d19a10b240_4035 .array/port v0xb9d19a10b240, 4035;
v0xb9d19a10b240_4036 .array/port v0xb9d19a10b240, 4036;
E_0xb9d199e68640/1010 .event anyedge, v0xb9d19a10b240_4033, v0xb9d19a10b240_4034, v0xb9d19a10b240_4035, v0xb9d19a10b240_4036;
v0xb9d19a10b240_4037 .array/port v0xb9d19a10b240, 4037;
v0xb9d19a10b240_4038 .array/port v0xb9d19a10b240, 4038;
v0xb9d19a10b240_4039 .array/port v0xb9d19a10b240, 4039;
v0xb9d19a10b240_4040 .array/port v0xb9d19a10b240, 4040;
E_0xb9d199e68640/1011 .event anyedge, v0xb9d19a10b240_4037, v0xb9d19a10b240_4038, v0xb9d19a10b240_4039, v0xb9d19a10b240_4040;
v0xb9d19a10b240_4041 .array/port v0xb9d19a10b240, 4041;
v0xb9d19a10b240_4042 .array/port v0xb9d19a10b240, 4042;
v0xb9d19a10b240_4043 .array/port v0xb9d19a10b240, 4043;
v0xb9d19a10b240_4044 .array/port v0xb9d19a10b240, 4044;
E_0xb9d199e68640/1012 .event anyedge, v0xb9d19a10b240_4041, v0xb9d19a10b240_4042, v0xb9d19a10b240_4043, v0xb9d19a10b240_4044;
v0xb9d19a10b240_4045 .array/port v0xb9d19a10b240, 4045;
v0xb9d19a10b240_4046 .array/port v0xb9d19a10b240, 4046;
v0xb9d19a10b240_4047 .array/port v0xb9d19a10b240, 4047;
v0xb9d19a10b240_4048 .array/port v0xb9d19a10b240, 4048;
E_0xb9d199e68640/1013 .event anyedge, v0xb9d19a10b240_4045, v0xb9d19a10b240_4046, v0xb9d19a10b240_4047, v0xb9d19a10b240_4048;
v0xb9d19a10b240_4049 .array/port v0xb9d19a10b240, 4049;
v0xb9d19a10b240_4050 .array/port v0xb9d19a10b240, 4050;
v0xb9d19a10b240_4051 .array/port v0xb9d19a10b240, 4051;
v0xb9d19a10b240_4052 .array/port v0xb9d19a10b240, 4052;
E_0xb9d199e68640/1014 .event anyedge, v0xb9d19a10b240_4049, v0xb9d19a10b240_4050, v0xb9d19a10b240_4051, v0xb9d19a10b240_4052;
v0xb9d19a10b240_4053 .array/port v0xb9d19a10b240, 4053;
v0xb9d19a10b240_4054 .array/port v0xb9d19a10b240, 4054;
v0xb9d19a10b240_4055 .array/port v0xb9d19a10b240, 4055;
v0xb9d19a10b240_4056 .array/port v0xb9d19a10b240, 4056;
E_0xb9d199e68640/1015 .event anyedge, v0xb9d19a10b240_4053, v0xb9d19a10b240_4054, v0xb9d19a10b240_4055, v0xb9d19a10b240_4056;
v0xb9d19a10b240_4057 .array/port v0xb9d19a10b240, 4057;
v0xb9d19a10b240_4058 .array/port v0xb9d19a10b240, 4058;
v0xb9d19a10b240_4059 .array/port v0xb9d19a10b240, 4059;
v0xb9d19a10b240_4060 .array/port v0xb9d19a10b240, 4060;
E_0xb9d199e68640/1016 .event anyedge, v0xb9d19a10b240_4057, v0xb9d19a10b240_4058, v0xb9d19a10b240_4059, v0xb9d19a10b240_4060;
v0xb9d19a10b240_4061 .array/port v0xb9d19a10b240, 4061;
v0xb9d19a10b240_4062 .array/port v0xb9d19a10b240, 4062;
v0xb9d19a10b240_4063 .array/port v0xb9d19a10b240, 4063;
v0xb9d19a10b240_4064 .array/port v0xb9d19a10b240, 4064;
E_0xb9d199e68640/1017 .event anyedge, v0xb9d19a10b240_4061, v0xb9d19a10b240_4062, v0xb9d19a10b240_4063, v0xb9d19a10b240_4064;
v0xb9d19a10b240_4065 .array/port v0xb9d19a10b240, 4065;
v0xb9d19a10b240_4066 .array/port v0xb9d19a10b240, 4066;
v0xb9d19a10b240_4067 .array/port v0xb9d19a10b240, 4067;
v0xb9d19a10b240_4068 .array/port v0xb9d19a10b240, 4068;
E_0xb9d199e68640/1018 .event anyedge, v0xb9d19a10b240_4065, v0xb9d19a10b240_4066, v0xb9d19a10b240_4067, v0xb9d19a10b240_4068;
v0xb9d19a10b240_4069 .array/port v0xb9d19a10b240, 4069;
v0xb9d19a10b240_4070 .array/port v0xb9d19a10b240, 4070;
v0xb9d19a10b240_4071 .array/port v0xb9d19a10b240, 4071;
v0xb9d19a10b240_4072 .array/port v0xb9d19a10b240, 4072;
E_0xb9d199e68640/1019 .event anyedge, v0xb9d19a10b240_4069, v0xb9d19a10b240_4070, v0xb9d19a10b240_4071, v0xb9d19a10b240_4072;
v0xb9d19a10b240_4073 .array/port v0xb9d19a10b240, 4073;
v0xb9d19a10b240_4074 .array/port v0xb9d19a10b240, 4074;
v0xb9d19a10b240_4075 .array/port v0xb9d19a10b240, 4075;
v0xb9d19a10b240_4076 .array/port v0xb9d19a10b240, 4076;
E_0xb9d199e68640/1020 .event anyedge, v0xb9d19a10b240_4073, v0xb9d19a10b240_4074, v0xb9d19a10b240_4075, v0xb9d19a10b240_4076;
v0xb9d19a10b240_4077 .array/port v0xb9d19a10b240, 4077;
v0xb9d19a10b240_4078 .array/port v0xb9d19a10b240, 4078;
v0xb9d19a10b240_4079 .array/port v0xb9d19a10b240, 4079;
v0xb9d19a10b240_4080 .array/port v0xb9d19a10b240, 4080;
E_0xb9d199e68640/1021 .event anyedge, v0xb9d19a10b240_4077, v0xb9d19a10b240_4078, v0xb9d19a10b240_4079, v0xb9d19a10b240_4080;
v0xb9d19a10b240_4081 .array/port v0xb9d19a10b240, 4081;
v0xb9d19a10b240_4082 .array/port v0xb9d19a10b240, 4082;
v0xb9d19a10b240_4083 .array/port v0xb9d19a10b240, 4083;
v0xb9d19a10b240_4084 .array/port v0xb9d19a10b240, 4084;
E_0xb9d199e68640/1022 .event anyedge, v0xb9d19a10b240_4081, v0xb9d19a10b240_4082, v0xb9d19a10b240_4083, v0xb9d19a10b240_4084;
v0xb9d19a10b240_4085 .array/port v0xb9d19a10b240, 4085;
v0xb9d19a10b240_4086 .array/port v0xb9d19a10b240, 4086;
v0xb9d19a10b240_4087 .array/port v0xb9d19a10b240, 4087;
v0xb9d19a10b240_4088 .array/port v0xb9d19a10b240, 4088;
E_0xb9d199e68640/1023 .event anyedge, v0xb9d19a10b240_4085, v0xb9d19a10b240_4086, v0xb9d19a10b240_4087, v0xb9d19a10b240_4088;
v0xb9d19a10b240_4089 .array/port v0xb9d19a10b240, 4089;
v0xb9d19a10b240_4090 .array/port v0xb9d19a10b240, 4090;
v0xb9d19a10b240_4091 .array/port v0xb9d19a10b240, 4091;
v0xb9d19a10b240_4092 .array/port v0xb9d19a10b240, 4092;
E_0xb9d199e68640/1024 .event anyedge, v0xb9d19a10b240_4089, v0xb9d19a10b240_4090, v0xb9d19a10b240_4091, v0xb9d19a10b240_4092;
v0xb9d19a10b240_4093 .array/port v0xb9d19a10b240, 4093;
v0xb9d19a10b240_4094 .array/port v0xb9d19a10b240, 4094;
v0xb9d19a10b240_4095 .array/port v0xb9d19a10b240, 4095;
v0xb9d19a10b240_4096 .array/port v0xb9d19a10b240, 4096;
E_0xb9d199e68640/1025 .event anyedge, v0xb9d19a10b240_4093, v0xb9d19a10b240_4094, v0xb9d19a10b240_4095, v0xb9d19a10b240_4096;
v0xb9d19a10b240_4097 .array/port v0xb9d19a10b240, 4097;
v0xb9d19a10b240_4098 .array/port v0xb9d19a10b240, 4098;
v0xb9d19a10b240_4099 .array/port v0xb9d19a10b240, 4099;
v0xb9d19a10b240_4100 .array/port v0xb9d19a10b240, 4100;
E_0xb9d199e68640/1026 .event anyedge, v0xb9d19a10b240_4097, v0xb9d19a10b240_4098, v0xb9d19a10b240_4099, v0xb9d19a10b240_4100;
v0xb9d19a10b240_4101 .array/port v0xb9d19a10b240, 4101;
v0xb9d19a10b240_4102 .array/port v0xb9d19a10b240, 4102;
v0xb9d19a10b240_4103 .array/port v0xb9d19a10b240, 4103;
v0xb9d19a10b240_4104 .array/port v0xb9d19a10b240, 4104;
E_0xb9d199e68640/1027 .event anyedge, v0xb9d19a10b240_4101, v0xb9d19a10b240_4102, v0xb9d19a10b240_4103, v0xb9d19a10b240_4104;
v0xb9d19a10b240_4105 .array/port v0xb9d19a10b240, 4105;
v0xb9d19a10b240_4106 .array/port v0xb9d19a10b240, 4106;
v0xb9d19a10b240_4107 .array/port v0xb9d19a10b240, 4107;
v0xb9d19a10b240_4108 .array/port v0xb9d19a10b240, 4108;
E_0xb9d199e68640/1028 .event anyedge, v0xb9d19a10b240_4105, v0xb9d19a10b240_4106, v0xb9d19a10b240_4107, v0xb9d19a10b240_4108;
v0xb9d19a10b240_4109 .array/port v0xb9d19a10b240, 4109;
v0xb9d19a10b240_4110 .array/port v0xb9d19a10b240, 4110;
v0xb9d19a10b240_4111 .array/port v0xb9d19a10b240, 4111;
v0xb9d19a10b240_4112 .array/port v0xb9d19a10b240, 4112;
E_0xb9d199e68640/1029 .event anyedge, v0xb9d19a10b240_4109, v0xb9d19a10b240_4110, v0xb9d19a10b240_4111, v0xb9d19a10b240_4112;
v0xb9d19a10b240_4113 .array/port v0xb9d19a10b240, 4113;
v0xb9d19a10b240_4114 .array/port v0xb9d19a10b240, 4114;
v0xb9d19a10b240_4115 .array/port v0xb9d19a10b240, 4115;
v0xb9d19a10b240_4116 .array/port v0xb9d19a10b240, 4116;
E_0xb9d199e68640/1030 .event anyedge, v0xb9d19a10b240_4113, v0xb9d19a10b240_4114, v0xb9d19a10b240_4115, v0xb9d19a10b240_4116;
v0xb9d19a10b240_4117 .array/port v0xb9d19a10b240, 4117;
v0xb9d19a10b240_4118 .array/port v0xb9d19a10b240, 4118;
v0xb9d19a10b240_4119 .array/port v0xb9d19a10b240, 4119;
v0xb9d19a10b240_4120 .array/port v0xb9d19a10b240, 4120;
E_0xb9d199e68640/1031 .event anyedge, v0xb9d19a10b240_4117, v0xb9d19a10b240_4118, v0xb9d19a10b240_4119, v0xb9d19a10b240_4120;
v0xb9d19a10b240_4121 .array/port v0xb9d19a10b240, 4121;
v0xb9d19a10b240_4122 .array/port v0xb9d19a10b240, 4122;
v0xb9d19a10b240_4123 .array/port v0xb9d19a10b240, 4123;
v0xb9d19a10b240_4124 .array/port v0xb9d19a10b240, 4124;
E_0xb9d199e68640/1032 .event anyedge, v0xb9d19a10b240_4121, v0xb9d19a10b240_4122, v0xb9d19a10b240_4123, v0xb9d19a10b240_4124;
v0xb9d19a10b240_4125 .array/port v0xb9d19a10b240, 4125;
v0xb9d19a10b240_4126 .array/port v0xb9d19a10b240, 4126;
v0xb9d19a10b240_4127 .array/port v0xb9d19a10b240, 4127;
v0xb9d19a10b240_4128 .array/port v0xb9d19a10b240, 4128;
E_0xb9d199e68640/1033 .event anyedge, v0xb9d19a10b240_4125, v0xb9d19a10b240_4126, v0xb9d19a10b240_4127, v0xb9d19a10b240_4128;
v0xb9d19a10b240_4129 .array/port v0xb9d19a10b240, 4129;
v0xb9d19a10b240_4130 .array/port v0xb9d19a10b240, 4130;
v0xb9d19a10b240_4131 .array/port v0xb9d19a10b240, 4131;
v0xb9d19a10b240_4132 .array/port v0xb9d19a10b240, 4132;
E_0xb9d199e68640/1034 .event anyedge, v0xb9d19a10b240_4129, v0xb9d19a10b240_4130, v0xb9d19a10b240_4131, v0xb9d19a10b240_4132;
v0xb9d19a10b240_4133 .array/port v0xb9d19a10b240, 4133;
v0xb9d19a10b240_4134 .array/port v0xb9d19a10b240, 4134;
v0xb9d19a10b240_4135 .array/port v0xb9d19a10b240, 4135;
v0xb9d19a10b240_4136 .array/port v0xb9d19a10b240, 4136;
E_0xb9d199e68640/1035 .event anyedge, v0xb9d19a10b240_4133, v0xb9d19a10b240_4134, v0xb9d19a10b240_4135, v0xb9d19a10b240_4136;
v0xb9d19a10b240_4137 .array/port v0xb9d19a10b240, 4137;
v0xb9d19a10b240_4138 .array/port v0xb9d19a10b240, 4138;
v0xb9d19a10b240_4139 .array/port v0xb9d19a10b240, 4139;
v0xb9d19a10b240_4140 .array/port v0xb9d19a10b240, 4140;
E_0xb9d199e68640/1036 .event anyedge, v0xb9d19a10b240_4137, v0xb9d19a10b240_4138, v0xb9d19a10b240_4139, v0xb9d19a10b240_4140;
v0xb9d19a10b240_4141 .array/port v0xb9d19a10b240, 4141;
v0xb9d19a10b240_4142 .array/port v0xb9d19a10b240, 4142;
v0xb9d19a10b240_4143 .array/port v0xb9d19a10b240, 4143;
v0xb9d19a10b240_4144 .array/port v0xb9d19a10b240, 4144;
E_0xb9d199e68640/1037 .event anyedge, v0xb9d19a10b240_4141, v0xb9d19a10b240_4142, v0xb9d19a10b240_4143, v0xb9d19a10b240_4144;
v0xb9d19a10b240_4145 .array/port v0xb9d19a10b240, 4145;
v0xb9d19a10b240_4146 .array/port v0xb9d19a10b240, 4146;
v0xb9d19a10b240_4147 .array/port v0xb9d19a10b240, 4147;
v0xb9d19a10b240_4148 .array/port v0xb9d19a10b240, 4148;
E_0xb9d199e68640/1038 .event anyedge, v0xb9d19a10b240_4145, v0xb9d19a10b240_4146, v0xb9d19a10b240_4147, v0xb9d19a10b240_4148;
v0xb9d19a10b240_4149 .array/port v0xb9d19a10b240, 4149;
v0xb9d19a10b240_4150 .array/port v0xb9d19a10b240, 4150;
v0xb9d19a10b240_4151 .array/port v0xb9d19a10b240, 4151;
v0xb9d19a10b240_4152 .array/port v0xb9d19a10b240, 4152;
E_0xb9d199e68640/1039 .event anyedge, v0xb9d19a10b240_4149, v0xb9d19a10b240_4150, v0xb9d19a10b240_4151, v0xb9d19a10b240_4152;
v0xb9d19a10b240_4153 .array/port v0xb9d19a10b240, 4153;
v0xb9d19a10b240_4154 .array/port v0xb9d19a10b240, 4154;
v0xb9d19a10b240_4155 .array/port v0xb9d19a10b240, 4155;
v0xb9d19a10b240_4156 .array/port v0xb9d19a10b240, 4156;
E_0xb9d199e68640/1040 .event anyedge, v0xb9d19a10b240_4153, v0xb9d19a10b240_4154, v0xb9d19a10b240_4155, v0xb9d19a10b240_4156;
v0xb9d19a10b240_4157 .array/port v0xb9d19a10b240, 4157;
v0xb9d19a10b240_4158 .array/port v0xb9d19a10b240, 4158;
v0xb9d19a10b240_4159 .array/port v0xb9d19a10b240, 4159;
v0xb9d19a10b240_4160 .array/port v0xb9d19a10b240, 4160;
E_0xb9d199e68640/1041 .event anyedge, v0xb9d19a10b240_4157, v0xb9d19a10b240_4158, v0xb9d19a10b240_4159, v0xb9d19a10b240_4160;
v0xb9d19a10b240_4161 .array/port v0xb9d19a10b240, 4161;
v0xb9d19a10b240_4162 .array/port v0xb9d19a10b240, 4162;
v0xb9d19a10b240_4163 .array/port v0xb9d19a10b240, 4163;
v0xb9d19a10b240_4164 .array/port v0xb9d19a10b240, 4164;
E_0xb9d199e68640/1042 .event anyedge, v0xb9d19a10b240_4161, v0xb9d19a10b240_4162, v0xb9d19a10b240_4163, v0xb9d19a10b240_4164;
v0xb9d19a10b240_4165 .array/port v0xb9d19a10b240, 4165;
v0xb9d19a10b240_4166 .array/port v0xb9d19a10b240, 4166;
v0xb9d19a10b240_4167 .array/port v0xb9d19a10b240, 4167;
v0xb9d19a10b240_4168 .array/port v0xb9d19a10b240, 4168;
E_0xb9d199e68640/1043 .event anyedge, v0xb9d19a10b240_4165, v0xb9d19a10b240_4166, v0xb9d19a10b240_4167, v0xb9d19a10b240_4168;
v0xb9d19a10b240_4169 .array/port v0xb9d19a10b240, 4169;
v0xb9d19a10b240_4170 .array/port v0xb9d19a10b240, 4170;
v0xb9d19a10b240_4171 .array/port v0xb9d19a10b240, 4171;
v0xb9d19a10b240_4172 .array/port v0xb9d19a10b240, 4172;
E_0xb9d199e68640/1044 .event anyedge, v0xb9d19a10b240_4169, v0xb9d19a10b240_4170, v0xb9d19a10b240_4171, v0xb9d19a10b240_4172;
v0xb9d19a10b240_4173 .array/port v0xb9d19a10b240, 4173;
v0xb9d19a10b240_4174 .array/port v0xb9d19a10b240, 4174;
v0xb9d19a10b240_4175 .array/port v0xb9d19a10b240, 4175;
v0xb9d19a10b240_4176 .array/port v0xb9d19a10b240, 4176;
E_0xb9d199e68640/1045 .event anyedge, v0xb9d19a10b240_4173, v0xb9d19a10b240_4174, v0xb9d19a10b240_4175, v0xb9d19a10b240_4176;
v0xb9d19a10b240_4177 .array/port v0xb9d19a10b240, 4177;
v0xb9d19a10b240_4178 .array/port v0xb9d19a10b240, 4178;
v0xb9d19a10b240_4179 .array/port v0xb9d19a10b240, 4179;
v0xb9d19a10b240_4180 .array/port v0xb9d19a10b240, 4180;
E_0xb9d199e68640/1046 .event anyedge, v0xb9d19a10b240_4177, v0xb9d19a10b240_4178, v0xb9d19a10b240_4179, v0xb9d19a10b240_4180;
v0xb9d19a10b240_4181 .array/port v0xb9d19a10b240, 4181;
v0xb9d19a10b240_4182 .array/port v0xb9d19a10b240, 4182;
v0xb9d19a10b240_4183 .array/port v0xb9d19a10b240, 4183;
v0xb9d19a10b240_4184 .array/port v0xb9d19a10b240, 4184;
E_0xb9d199e68640/1047 .event anyedge, v0xb9d19a10b240_4181, v0xb9d19a10b240_4182, v0xb9d19a10b240_4183, v0xb9d19a10b240_4184;
v0xb9d19a10b240_4185 .array/port v0xb9d19a10b240, 4185;
v0xb9d19a10b240_4186 .array/port v0xb9d19a10b240, 4186;
v0xb9d19a10b240_4187 .array/port v0xb9d19a10b240, 4187;
v0xb9d19a10b240_4188 .array/port v0xb9d19a10b240, 4188;
E_0xb9d199e68640/1048 .event anyedge, v0xb9d19a10b240_4185, v0xb9d19a10b240_4186, v0xb9d19a10b240_4187, v0xb9d19a10b240_4188;
v0xb9d19a10b240_4189 .array/port v0xb9d19a10b240, 4189;
v0xb9d19a10b240_4190 .array/port v0xb9d19a10b240, 4190;
v0xb9d19a10b240_4191 .array/port v0xb9d19a10b240, 4191;
v0xb9d19a10b240_4192 .array/port v0xb9d19a10b240, 4192;
E_0xb9d199e68640/1049 .event anyedge, v0xb9d19a10b240_4189, v0xb9d19a10b240_4190, v0xb9d19a10b240_4191, v0xb9d19a10b240_4192;
v0xb9d19a10b240_4193 .array/port v0xb9d19a10b240, 4193;
v0xb9d19a10b240_4194 .array/port v0xb9d19a10b240, 4194;
v0xb9d19a10b240_4195 .array/port v0xb9d19a10b240, 4195;
v0xb9d19a10b240_4196 .array/port v0xb9d19a10b240, 4196;
E_0xb9d199e68640/1050 .event anyedge, v0xb9d19a10b240_4193, v0xb9d19a10b240_4194, v0xb9d19a10b240_4195, v0xb9d19a10b240_4196;
v0xb9d19a10b240_4197 .array/port v0xb9d19a10b240, 4197;
v0xb9d19a10b240_4198 .array/port v0xb9d19a10b240, 4198;
v0xb9d19a10b240_4199 .array/port v0xb9d19a10b240, 4199;
v0xb9d19a10b240_4200 .array/port v0xb9d19a10b240, 4200;
E_0xb9d199e68640/1051 .event anyedge, v0xb9d19a10b240_4197, v0xb9d19a10b240_4198, v0xb9d19a10b240_4199, v0xb9d19a10b240_4200;
v0xb9d19a10b240_4201 .array/port v0xb9d19a10b240, 4201;
v0xb9d19a10b240_4202 .array/port v0xb9d19a10b240, 4202;
v0xb9d19a10b240_4203 .array/port v0xb9d19a10b240, 4203;
v0xb9d19a10b240_4204 .array/port v0xb9d19a10b240, 4204;
E_0xb9d199e68640/1052 .event anyedge, v0xb9d19a10b240_4201, v0xb9d19a10b240_4202, v0xb9d19a10b240_4203, v0xb9d19a10b240_4204;
v0xb9d19a10b240_4205 .array/port v0xb9d19a10b240, 4205;
v0xb9d19a10b240_4206 .array/port v0xb9d19a10b240, 4206;
v0xb9d19a10b240_4207 .array/port v0xb9d19a10b240, 4207;
v0xb9d19a10b240_4208 .array/port v0xb9d19a10b240, 4208;
E_0xb9d199e68640/1053 .event anyedge, v0xb9d19a10b240_4205, v0xb9d19a10b240_4206, v0xb9d19a10b240_4207, v0xb9d19a10b240_4208;
v0xb9d19a10b240_4209 .array/port v0xb9d19a10b240, 4209;
v0xb9d19a10b240_4210 .array/port v0xb9d19a10b240, 4210;
v0xb9d19a10b240_4211 .array/port v0xb9d19a10b240, 4211;
v0xb9d19a10b240_4212 .array/port v0xb9d19a10b240, 4212;
E_0xb9d199e68640/1054 .event anyedge, v0xb9d19a10b240_4209, v0xb9d19a10b240_4210, v0xb9d19a10b240_4211, v0xb9d19a10b240_4212;
v0xb9d19a10b240_4213 .array/port v0xb9d19a10b240, 4213;
v0xb9d19a10b240_4214 .array/port v0xb9d19a10b240, 4214;
v0xb9d19a10b240_4215 .array/port v0xb9d19a10b240, 4215;
v0xb9d19a10b240_4216 .array/port v0xb9d19a10b240, 4216;
E_0xb9d199e68640/1055 .event anyedge, v0xb9d19a10b240_4213, v0xb9d19a10b240_4214, v0xb9d19a10b240_4215, v0xb9d19a10b240_4216;
v0xb9d19a10b240_4217 .array/port v0xb9d19a10b240, 4217;
v0xb9d19a10b240_4218 .array/port v0xb9d19a10b240, 4218;
v0xb9d19a10b240_4219 .array/port v0xb9d19a10b240, 4219;
v0xb9d19a10b240_4220 .array/port v0xb9d19a10b240, 4220;
E_0xb9d199e68640/1056 .event anyedge, v0xb9d19a10b240_4217, v0xb9d19a10b240_4218, v0xb9d19a10b240_4219, v0xb9d19a10b240_4220;
v0xb9d19a10b240_4221 .array/port v0xb9d19a10b240, 4221;
v0xb9d19a10b240_4222 .array/port v0xb9d19a10b240, 4222;
v0xb9d19a10b240_4223 .array/port v0xb9d19a10b240, 4223;
v0xb9d19a10b240_4224 .array/port v0xb9d19a10b240, 4224;
E_0xb9d199e68640/1057 .event anyedge, v0xb9d19a10b240_4221, v0xb9d19a10b240_4222, v0xb9d19a10b240_4223, v0xb9d19a10b240_4224;
v0xb9d19a10b240_4225 .array/port v0xb9d19a10b240, 4225;
v0xb9d19a10b240_4226 .array/port v0xb9d19a10b240, 4226;
v0xb9d19a10b240_4227 .array/port v0xb9d19a10b240, 4227;
v0xb9d19a10b240_4228 .array/port v0xb9d19a10b240, 4228;
E_0xb9d199e68640/1058 .event anyedge, v0xb9d19a10b240_4225, v0xb9d19a10b240_4226, v0xb9d19a10b240_4227, v0xb9d19a10b240_4228;
v0xb9d19a10b240_4229 .array/port v0xb9d19a10b240, 4229;
v0xb9d19a10b240_4230 .array/port v0xb9d19a10b240, 4230;
v0xb9d19a10b240_4231 .array/port v0xb9d19a10b240, 4231;
v0xb9d19a10b240_4232 .array/port v0xb9d19a10b240, 4232;
E_0xb9d199e68640/1059 .event anyedge, v0xb9d19a10b240_4229, v0xb9d19a10b240_4230, v0xb9d19a10b240_4231, v0xb9d19a10b240_4232;
v0xb9d19a10b240_4233 .array/port v0xb9d19a10b240, 4233;
v0xb9d19a10b240_4234 .array/port v0xb9d19a10b240, 4234;
v0xb9d19a10b240_4235 .array/port v0xb9d19a10b240, 4235;
v0xb9d19a10b240_4236 .array/port v0xb9d19a10b240, 4236;
E_0xb9d199e68640/1060 .event anyedge, v0xb9d19a10b240_4233, v0xb9d19a10b240_4234, v0xb9d19a10b240_4235, v0xb9d19a10b240_4236;
v0xb9d19a10b240_4237 .array/port v0xb9d19a10b240, 4237;
v0xb9d19a10b240_4238 .array/port v0xb9d19a10b240, 4238;
v0xb9d19a10b240_4239 .array/port v0xb9d19a10b240, 4239;
v0xb9d19a10b240_4240 .array/port v0xb9d19a10b240, 4240;
E_0xb9d199e68640/1061 .event anyedge, v0xb9d19a10b240_4237, v0xb9d19a10b240_4238, v0xb9d19a10b240_4239, v0xb9d19a10b240_4240;
v0xb9d19a10b240_4241 .array/port v0xb9d19a10b240, 4241;
v0xb9d19a10b240_4242 .array/port v0xb9d19a10b240, 4242;
v0xb9d19a10b240_4243 .array/port v0xb9d19a10b240, 4243;
v0xb9d19a10b240_4244 .array/port v0xb9d19a10b240, 4244;
E_0xb9d199e68640/1062 .event anyedge, v0xb9d19a10b240_4241, v0xb9d19a10b240_4242, v0xb9d19a10b240_4243, v0xb9d19a10b240_4244;
v0xb9d19a10b240_4245 .array/port v0xb9d19a10b240, 4245;
v0xb9d19a10b240_4246 .array/port v0xb9d19a10b240, 4246;
v0xb9d19a10b240_4247 .array/port v0xb9d19a10b240, 4247;
v0xb9d19a10b240_4248 .array/port v0xb9d19a10b240, 4248;
E_0xb9d199e68640/1063 .event anyedge, v0xb9d19a10b240_4245, v0xb9d19a10b240_4246, v0xb9d19a10b240_4247, v0xb9d19a10b240_4248;
v0xb9d19a10b240_4249 .array/port v0xb9d19a10b240, 4249;
v0xb9d19a10b240_4250 .array/port v0xb9d19a10b240, 4250;
v0xb9d19a10b240_4251 .array/port v0xb9d19a10b240, 4251;
v0xb9d19a10b240_4252 .array/port v0xb9d19a10b240, 4252;
E_0xb9d199e68640/1064 .event anyedge, v0xb9d19a10b240_4249, v0xb9d19a10b240_4250, v0xb9d19a10b240_4251, v0xb9d19a10b240_4252;
v0xb9d19a10b240_4253 .array/port v0xb9d19a10b240, 4253;
v0xb9d19a10b240_4254 .array/port v0xb9d19a10b240, 4254;
v0xb9d19a10b240_4255 .array/port v0xb9d19a10b240, 4255;
v0xb9d19a10b240_4256 .array/port v0xb9d19a10b240, 4256;
E_0xb9d199e68640/1065 .event anyedge, v0xb9d19a10b240_4253, v0xb9d19a10b240_4254, v0xb9d19a10b240_4255, v0xb9d19a10b240_4256;
v0xb9d19a10b240_4257 .array/port v0xb9d19a10b240, 4257;
v0xb9d19a10b240_4258 .array/port v0xb9d19a10b240, 4258;
v0xb9d19a10b240_4259 .array/port v0xb9d19a10b240, 4259;
v0xb9d19a10b240_4260 .array/port v0xb9d19a10b240, 4260;
E_0xb9d199e68640/1066 .event anyedge, v0xb9d19a10b240_4257, v0xb9d19a10b240_4258, v0xb9d19a10b240_4259, v0xb9d19a10b240_4260;
v0xb9d19a10b240_4261 .array/port v0xb9d19a10b240, 4261;
v0xb9d19a10b240_4262 .array/port v0xb9d19a10b240, 4262;
v0xb9d19a10b240_4263 .array/port v0xb9d19a10b240, 4263;
v0xb9d19a10b240_4264 .array/port v0xb9d19a10b240, 4264;
E_0xb9d199e68640/1067 .event anyedge, v0xb9d19a10b240_4261, v0xb9d19a10b240_4262, v0xb9d19a10b240_4263, v0xb9d19a10b240_4264;
v0xb9d19a10b240_4265 .array/port v0xb9d19a10b240, 4265;
v0xb9d19a10b240_4266 .array/port v0xb9d19a10b240, 4266;
v0xb9d19a10b240_4267 .array/port v0xb9d19a10b240, 4267;
v0xb9d19a10b240_4268 .array/port v0xb9d19a10b240, 4268;
E_0xb9d199e68640/1068 .event anyedge, v0xb9d19a10b240_4265, v0xb9d19a10b240_4266, v0xb9d19a10b240_4267, v0xb9d19a10b240_4268;
v0xb9d19a10b240_4269 .array/port v0xb9d19a10b240, 4269;
v0xb9d19a10b240_4270 .array/port v0xb9d19a10b240, 4270;
v0xb9d19a10b240_4271 .array/port v0xb9d19a10b240, 4271;
v0xb9d19a10b240_4272 .array/port v0xb9d19a10b240, 4272;
E_0xb9d199e68640/1069 .event anyedge, v0xb9d19a10b240_4269, v0xb9d19a10b240_4270, v0xb9d19a10b240_4271, v0xb9d19a10b240_4272;
v0xb9d19a10b240_4273 .array/port v0xb9d19a10b240, 4273;
v0xb9d19a10b240_4274 .array/port v0xb9d19a10b240, 4274;
v0xb9d19a10b240_4275 .array/port v0xb9d19a10b240, 4275;
v0xb9d19a10b240_4276 .array/port v0xb9d19a10b240, 4276;
E_0xb9d199e68640/1070 .event anyedge, v0xb9d19a10b240_4273, v0xb9d19a10b240_4274, v0xb9d19a10b240_4275, v0xb9d19a10b240_4276;
v0xb9d19a10b240_4277 .array/port v0xb9d19a10b240, 4277;
v0xb9d19a10b240_4278 .array/port v0xb9d19a10b240, 4278;
v0xb9d19a10b240_4279 .array/port v0xb9d19a10b240, 4279;
v0xb9d19a10b240_4280 .array/port v0xb9d19a10b240, 4280;
E_0xb9d199e68640/1071 .event anyedge, v0xb9d19a10b240_4277, v0xb9d19a10b240_4278, v0xb9d19a10b240_4279, v0xb9d19a10b240_4280;
v0xb9d19a10b240_4281 .array/port v0xb9d19a10b240, 4281;
v0xb9d19a10b240_4282 .array/port v0xb9d19a10b240, 4282;
v0xb9d19a10b240_4283 .array/port v0xb9d19a10b240, 4283;
v0xb9d19a10b240_4284 .array/port v0xb9d19a10b240, 4284;
E_0xb9d199e68640/1072 .event anyedge, v0xb9d19a10b240_4281, v0xb9d19a10b240_4282, v0xb9d19a10b240_4283, v0xb9d19a10b240_4284;
v0xb9d19a10b240_4285 .array/port v0xb9d19a10b240, 4285;
v0xb9d19a10b240_4286 .array/port v0xb9d19a10b240, 4286;
v0xb9d19a10b240_4287 .array/port v0xb9d19a10b240, 4287;
v0xb9d19a10b240_4288 .array/port v0xb9d19a10b240, 4288;
E_0xb9d199e68640/1073 .event anyedge, v0xb9d19a10b240_4285, v0xb9d19a10b240_4286, v0xb9d19a10b240_4287, v0xb9d19a10b240_4288;
v0xb9d19a10b240_4289 .array/port v0xb9d19a10b240, 4289;
v0xb9d19a10b240_4290 .array/port v0xb9d19a10b240, 4290;
v0xb9d19a10b240_4291 .array/port v0xb9d19a10b240, 4291;
v0xb9d19a10b240_4292 .array/port v0xb9d19a10b240, 4292;
E_0xb9d199e68640/1074 .event anyedge, v0xb9d19a10b240_4289, v0xb9d19a10b240_4290, v0xb9d19a10b240_4291, v0xb9d19a10b240_4292;
v0xb9d19a10b240_4293 .array/port v0xb9d19a10b240, 4293;
v0xb9d19a10b240_4294 .array/port v0xb9d19a10b240, 4294;
v0xb9d19a10b240_4295 .array/port v0xb9d19a10b240, 4295;
v0xb9d19a10b240_4296 .array/port v0xb9d19a10b240, 4296;
E_0xb9d199e68640/1075 .event anyedge, v0xb9d19a10b240_4293, v0xb9d19a10b240_4294, v0xb9d19a10b240_4295, v0xb9d19a10b240_4296;
v0xb9d19a10b240_4297 .array/port v0xb9d19a10b240, 4297;
v0xb9d19a10b240_4298 .array/port v0xb9d19a10b240, 4298;
v0xb9d19a10b240_4299 .array/port v0xb9d19a10b240, 4299;
v0xb9d19a10b240_4300 .array/port v0xb9d19a10b240, 4300;
E_0xb9d199e68640/1076 .event anyedge, v0xb9d19a10b240_4297, v0xb9d19a10b240_4298, v0xb9d19a10b240_4299, v0xb9d19a10b240_4300;
v0xb9d19a10b240_4301 .array/port v0xb9d19a10b240, 4301;
v0xb9d19a10b240_4302 .array/port v0xb9d19a10b240, 4302;
v0xb9d19a10b240_4303 .array/port v0xb9d19a10b240, 4303;
v0xb9d19a10b240_4304 .array/port v0xb9d19a10b240, 4304;
E_0xb9d199e68640/1077 .event anyedge, v0xb9d19a10b240_4301, v0xb9d19a10b240_4302, v0xb9d19a10b240_4303, v0xb9d19a10b240_4304;
v0xb9d19a10b240_4305 .array/port v0xb9d19a10b240, 4305;
v0xb9d19a10b240_4306 .array/port v0xb9d19a10b240, 4306;
v0xb9d19a10b240_4307 .array/port v0xb9d19a10b240, 4307;
v0xb9d19a10b240_4308 .array/port v0xb9d19a10b240, 4308;
E_0xb9d199e68640/1078 .event anyedge, v0xb9d19a10b240_4305, v0xb9d19a10b240_4306, v0xb9d19a10b240_4307, v0xb9d19a10b240_4308;
v0xb9d19a10b240_4309 .array/port v0xb9d19a10b240, 4309;
v0xb9d19a10b240_4310 .array/port v0xb9d19a10b240, 4310;
v0xb9d19a10b240_4311 .array/port v0xb9d19a10b240, 4311;
v0xb9d19a10b240_4312 .array/port v0xb9d19a10b240, 4312;
E_0xb9d199e68640/1079 .event anyedge, v0xb9d19a10b240_4309, v0xb9d19a10b240_4310, v0xb9d19a10b240_4311, v0xb9d19a10b240_4312;
v0xb9d19a10b240_4313 .array/port v0xb9d19a10b240, 4313;
v0xb9d19a10b240_4314 .array/port v0xb9d19a10b240, 4314;
v0xb9d19a10b240_4315 .array/port v0xb9d19a10b240, 4315;
v0xb9d19a10b240_4316 .array/port v0xb9d19a10b240, 4316;
E_0xb9d199e68640/1080 .event anyedge, v0xb9d19a10b240_4313, v0xb9d19a10b240_4314, v0xb9d19a10b240_4315, v0xb9d19a10b240_4316;
v0xb9d19a10b240_4317 .array/port v0xb9d19a10b240, 4317;
v0xb9d19a10b240_4318 .array/port v0xb9d19a10b240, 4318;
v0xb9d19a10b240_4319 .array/port v0xb9d19a10b240, 4319;
v0xb9d19a10b240_4320 .array/port v0xb9d19a10b240, 4320;
E_0xb9d199e68640/1081 .event anyedge, v0xb9d19a10b240_4317, v0xb9d19a10b240_4318, v0xb9d19a10b240_4319, v0xb9d19a10b240_4320;
v0xb9d19a10b240_4321 .array/port v0xb9d19a10b240, 4321;
v0xb9d19a10b240_4322 .array/port v0xb9d19a10b240, 4322;
v0xb9d19a10b240_4323 .array/port v0xb9d19a10b240, 4323;
v0xb9d19a10b240_4324 .array/port v0xb9d19a10b240, 4324;
E_0xb9d199e68640/1082 .event anyedge, v0xb9d19a10b240_4321, v0xb9d19a10b240_4322, v0xb9d19a10b240_4323, v0xb9d19a10b240_4324;
v0xb9d19a10b240_4325 .array/port v0xb9d19a10b240, 4325;
v0xb9d19a10b240_4326 .array/port v0xb9d19a10b240, 4326;
v0xb9d19a10b240_4327 .array/port v0xb9d19a10b240, 4327;
v0xb9d19a10b240_4328 .array/port v0xb9d19a10b240, 4328;
E_0xb9d199e68640/1083 .event anyedge, v0xb9d19a10b240_4325, v0xb9d19a10b240_4326, v0xb9d19a10b240_4327, v0xb9d19a10b240_4328;
v0xb9d19a10b240_4329 .array/port v0xb9d19a10b240, 4329;
v0xb9d19a10b240_4330 .array/port v0xb9d19a10b240, 4330;
v0xb9d19a10b240_4331 .array/port v0xb9d19a10b240, 4331;
v0xb9d19a10b240_4332 .array/port v0xb9d19a10b240, 4332;
E_0xb9d199e68640/1084 .event anyedge, v0xb9d19a10b240_4329, v0xb9d19a10b240_4330, v0xb9d19a10b240_4331, v0xb9d19a10b240_4332;
v0xb9d19a10b240_4333 .array/port v0xb9d19a10b240, 4333;
v0xb9d19a10b240_4334 .array/port v0xb9d19a10b240, 4334;
v0xb9d19a10b240_4335 .array/port v0xb9d19a10b240, 4335;
v0xb9d19a10b240_4336 .array/port v0xb9d19a10b240, 4336;
E_0xb9d199e68640/1085 .event anyedge, v0xb9d19a10b240_4333, v0xb9d19a10b240_4334, v0xb9d19a10b240_4335, v0xb9d19a10b240_4336;
v0xb9d19a10b240_4337 .array/port v0xb9d19a10b240, 4337;
v0xb9d19a10b240_4338 .array/port v0xb9d19a10b240, 4338;
v0xb9d19a10b240_4339 .array/port v0xb9d19a10b240, 4339;
v0xb9d19a10b240_4340 .array/port v0xb9d19a10b240, 4340;
E_0xb9d199e68640/1086 .event anyedge, v0xb9d19a10b240_4337, v0xb9d19a10b240_4338, v0xb9d19a10b240_4339, v0xb9d19a10b240_4340;
v0xb9d19a10b240_4341 .array/port v0xb9d19a10b240, 4341;
v0xb9d19a10b240_4342 .array/port v0xb9d19a10b240, 4342;
v0xb9d19a10b240_4343 .array/port v0xb9d19a10b240, 4343;
v0xb9d19a10b240_4344 .array/port v0xb9d19a10b240, 4344;
E_0xb9d199e68640/1087 .event anyedge, v0xb9d19a10b240_4341, v0xb9d19a10b240_4342, v0xb9d19a10b240_4343, v0xb9d19a10b240_4344;
v0xb9d19a10b240_4345 .array/port v0xb9d19a10b240, 4345;
v0xb9d19a10b240_4346 .array/port v0xb9d19a10b240, 4346;
v0xb9d19a10b240_4347 .array/port v0xb9d19a10b240, 4347;
v0xb9d19a10b240_4348 .array/port v0xb9d19a10b240, 4348;
E_0xb9d199e68640/1088 .event anyedge, v0xb9d19a10b240_4345, v0xb9d19a10b240_4346, v0xb9d19a10b240_4347, v0xb9d19a10b240_4348;
v0xb9d19a10b240_4349 .array/port v0xb9d19a10b240, 4349;
v0xb9d19a10b240_4350 .array/port v0xb9d19a10b240, 4350;
v0xb9d19a10b240_4351 .array/port v0xb9d19a10b240, 4351;
v0xb9d19a10b240_4352 .array/port v0xb9d19a10b240, 4352;
E_0xb9d199e68640/1089 .event anyedge, v0xb9d19a10b240_4349, v0xb9d19a10b240_4350, v0xb9d19a10b240_4351, v0xb9d19a10b240_4352;
v0xb9d19a10b240_4353 .array/port v0xb9d19a10b240, 4353;
v0xb9d19a10b240_4354 .array/port v0xb9d19a10b240, 4354;
v0xb9d19a10b240_4355 .array/port v0xb9d19a10b240, 4355;
v0xb9d19a10b240_4356 .array/port v0xb9d19a10b240, 4356;
E_0xb9d199e68640/1090 .event anyedge, v0xb9d19a10b240_4353, v0xb9d19a10b240_4354, v0xb9d19a10b240_4355, v0xb9d19a10b240_4356;
v0xb9d19a10b240_4357 .array/port v0xb9d19a10b240, 4357;
v0xb9d19a10b240_4358 .array/port v0xb9d19a10b240, 4358;
v0xb9d19a10b240_4359 .array/port v0xb9d19a10b240, 4359;
v0xb9d19a10b240_4360 .array/port v0xb9d19a10b240, 4360;
E_0xb9d199e68640/1091 .event anyedge, v0xb9d19a10b240_4357, v0xb9d19a10b240_4358, v0xb9d19a10b240_4359, v0xb9d19a10b240_4360;
v0xb9d19a10b240_4361 .array/port v0xb9d19a10b240, 4361;
v0xb9d19a10b240_4362 .array/port v0xb9d19a10b240, 4362;
v0xb9d19a10b240_4363 .array/port v0xb9d19a10b240, 4363;
v0xb9d19a10b240_4364 .array/port v0xb9d19a10b240, 4364;
E_0xb9d199e68640/1092 .event anyedge, v0xb9d19a10b240_4361, v0xb9d19a10b240_4362, v0xb9d19a10b240_4363, v0xb9d19a10b240_4364;
v0xb9d19a10b240_4365 .array/port v0xb9d19a10b240, 4365;
v0xb9d19a10b240_4366 .array/port v0xb9d19a10b240, 4366;
v0xb9d19a10b240_4367 .array/port v0xb9d19a10b240, 4367;
v0xb9d19a10b240_4368 .array/port v0xb9d19a10b240, 4368;
E_0xb9d199e68640/1093 .event anyedge, v0xb9d19a10b240_4365, v0xb9d19a10b240_4366, v0xb9d19a10b240_4367, v0xb9d19a10b240_4368;
v0xb9d19a10b240_4369 .array/port v0xb9d19a10b240, 4369;
v0xb9d19a10b240_4370 .array/port v0xb9d19a10b240, 4370;
v0xb9d19a10b240_4371 .array/port v0xb9d19a10b240, 4371;
v0xb9d19a10b240_4372 .array/port v0xb9d19a10b240, 4372;
E_0xb9d199e68640/1094 .event anyedge, v0xb9d19a10b240_4369, v0xb9d19a10b240_4370, v0xb9d19a10b240_4371, v0xb9d19a10b240_4372;
v0xb9d19a10b240_4373 .array/port v0xb9d19a10b240, 4373;
v0xb9d19a10b240_4374 .array/port v0xb9d19a10b240, 4374;
v0xb9d19a10b240_4375 .array/port v0xb9d19a10b240, 4375;
v0xb9d19a10b240_4376 .array/port v0xb9d19a10b240, 4376;
E_0xb9d199e68640/1095 .event anyedge, v0xb9d19a10b240_4373, v0xb9d19a10b240_4374, v0xb9d19a10b240_4375, v0xb9d19a10b240_4376;
v0xb9d19a10b240_4377 .array/port v0xb9d19a10b240, 4377;
v0xb9d19a10b240_4378 .array/port v0xb9d19a10b240, 4378;
v0xb9d19a10b240_4379 .array/port v0xb9d19a10b240, 4379;
v0xb9d19a10b240_4380 .array/port v0xb9d19a10b240, 4380;
E_0xb9d199e68640/1096 .event anyedge, v0xb9d19a10b240_4377, v0xb9d19a10b240_4378, v0xb9d19a10b240_4379, v0xb9d19a10b240_4380;
v0xb9d19a10b240_4381 .array/port v0xb9d19a10b240, 4381;
v0xb9d19a10b240_4382 .array/port v0xb9d19a10b240, 4382;
v0xb9d19a10b240_4383 .array/port v0xb9d19a10b240, 4383;
v0xb9d19a10b240_4384 .array/port v0xb9d19a10b240, 4384;
E_0xb9d199e68640/1097 .event anyedge, v0xb9d19a10b240_4381, v0xb9d19a10b240_4382, v0xb9d19a10b240_4383, v0xb9d19a10b240_4384;
v0xb9d19a10b240_4385 .array/port v0xb9d19a10b240, 4385;
v0xb9d19a10b240_4386 .array/port v0xb9d19a10b240, 4386;
v0xb9d19a10b240_4387 .array/port v0xb9d19a10b240, 4387;
v0xb9d19a10b240_4388 .array/port v0xb9d19a10b240, 4388;
E_0xb9d199e68640/1098 .event anyedge, v0xb9d19a10b240_4385, v0xb9d19a10b240_4386, v0xb9d19a10b240_4387, v0xb9d19a10b240_4388;
v0xb9d19a10b240_4389 .array/port v0xb9d19a10b240, 4389;
v0xb9d19a10b240_4390 .array/port v0xb9d19a10b240, 4390;
v0xb9d19a10b240_4391 .array/port v0xb9d19a10b240, 4391;
v0xb9d19a10b240_4392 .array/port v0xb9d19a10b240, 4392;
E_0xb9d199e68640/1099 .event anyedge, v0xb9d19a10b240_4389, v0xb9d19a10b240_4390, v0xb9d19a10b240_4391, v0xb9d19a10b240_4392;
v0xb9d19a10b240_4393 .array/port v0xb9d19a10b240, 4393;
v0xb9d19a10b240_4394 .array/port v0xb9d19a10b240, 4394;
v0xb9d19a10b240_4395 .array/port v0xb9d19a10b240, 4395;
v0xb9d19a10b240_4396 .array/port v0xb9d19a10b240, 4396;
E_0xb9d199e68640/1100 .event anyedge, v0xb9d19a10b240_4393, v0xb9d19a10b240_4394, v0xb9d19a10b240_4395, v0xb9d19a10b240_4396;
v0xb9d19a10b240_4397 .array/port v0xb9d19a10b240, 4397;
v0xb9d19a10b240_4398 .array/port v0xb9d19a10b240, 4398;
v0xb9d19a10b240_4399 .array/port v0xb9d19a10b240, 4399;
v0xb9d19a10b240_4400 .array/port v0xb9d19a10b240, 4400;
E_0xb9d199e68640/1101 .event anyedge, v0xb9d19a10b240_4397, v0xb9d19a10b240_4398, v0xb9d19a10b240_4399, v0xb9d19a10b240_4400;
v0xb9d19a10b240_4401 .array/port v0xb9d19a10b240, 4401;
v0xb9d19a10b240_4402 .array/port v0xb9d19a10b240, 4402;
v0xb9d19a10b240_4403 .array/port v0xb9d19a10b240, 4403;
v0xb9d19a10b240_4404 .array/port v0xb9d19a10b240, 4404;
E_0xb9d199e68640/1102 .event anyedge, v0xb9d19a10b240_4401, v0xb9d19a10b240_4402, v0xb9d19a10b240_4403, v0xb9d19a10b240_4404;
v0xb9d19a10b240_4405 .array/port v0xb9d19a10b240, 4405;
v0xb9d19a10b240_4406 .array/port v0xb9d19a10b240, 4406;
v0xb9d19a10b240_4407 .array/port v0xb9d19a10b240, 4407;
v0xb9d19a10b240_4408 .array/port v0xb9d19a10b240, 4408;
E_0xb9d199e68640/1103 .event anyedge, v0xb9d19a10b240_4405, v0xb9d19a10b240_4406, v0xb9d19a10b240_4407, v0xb9d19a10b240_4408;
v0xb9d19a10b240_4409 .array/port v0xb9d19a10b240, 4409;
v0xb9d19a10b240_4410 .array/port v0xb9d19a10b240, 4410;
v0xb9d19a10b240_4411 .array/port v0xb9d19a10b240, 4411;
v0xb9d19a10b240_4412 .array/port v0xb9d19a10b240, 4412;
E_0xb9d199e68640/1104 .event anyedge, v0xb9d19a10b240_4409, v0xb9d19a10b240_4410, v0xb9d19a10b240_4411, v0xb9d19a10b240_4412;
v0xb9d19a10b240_4413 .array/port v0xb9d19a10b240, 4413;
v0xb9d19a10b240_4414 .array/port v0xb9d19a10b240, 4414;
v0xb9d19a10b240_4415 .array/port v0xb9d19a10b240, 4415;
v0xb9d19a10b240_4416 .array/port v0xb9d19a10b240, 4416;
E_0xb9d199e68640/1105 .event anyedge, v0xb9d19a10b240_4413, v0xb9d19a10b240_4414, v0xb9d19a10b240_4415, v0xb9d19a10b240_4416;
v0xb9d19a10b240_4417 .array/port v0xb9d19a10b240, 4417;
v0xb9d19a10b240_4418 .array/port v0xb9d19a10b240, 4418;
v0xb9d19a10b240_4419 .array/port v0xb9d19a10b240, 4419;
v0xb9d19a10b240_4420 .array/port v0xb9d19a10b240, 4420;
E_0xb9d199e68640/1106 .event anyedge, v0xb9d19a10b240_4417, v0xb9d19a10b240_4418, v0xb9d19a10b240_4419, v0xb9d19a10b240_4420;
v0xb9d19a10b240_4421 .array/port v0xb9d19a10b240, 4421;
v0xb9d19a10b240_4422 .array/port v0xb9d19a10b240, 4422;
v0xb9d19a10b240_4423 .array/port v0xb9d19a10b240, 4423;
v0xb9d19a10b240_4424 .array/port v0xb9d19a10b240, 4424;
E_0xb9d199e68640/1107 .event anyedge, v0xb9d19a10b240_4421, v0xb9d19a10b240_4422, v0xb9d19a10b240_4423, v0xb9d19a10b240_4424;
v0xb9d19a10b240_4425 .array/port v0xb9d19a10b240, 4425;
v0xb9d19a10b240_4426 .array/port v0xb9d19a10b240, 4426;
v0xb9d19a10b240_4427 .array/port v0xb9d19a10b240, 4427;
v0xb9d19a10b240_4428 .array/port v0xb9d19a10b240, 4428;
E_0xb9d199e68640/1108 .event anyedge, v0xb9d19a10b240_4425, v0xb9d19a10b240_4426, v0xb9d19a10b240_4427, v0xb9d19a10b240_4428;
v0xb9d19a10b240_4429 .array/port v0xb9d19a10b240, 4429;
v0xb9d19a10b240_4430 .array/port v0xb9d19a10b240, 4430;
v0xb9d19a10b240_4431 .array/port v0xb9d19a10b240, 4431;
v0xb9d19a10b240_4432 .array/port v0xb9d19a10b240, 4432;
E_0xb9d199e68640/1109 .event anyedge, v0xb9d19a10b240_4429, v0xb9d19a10b240_4430, v0xb9d19a10b240_4431, v0xb9d19a10b240_4432;
v0xb9d19a10b240_4433 .array/port v0xb9d19a10b240, 4433;
v0xb9d19a10b240_4434 .array/port v0xb9d19a10b240, 4434;
v0xb9d19a10b240_4435 .array/port v0xb9d19a10b240, 4435;
v0xb9d19a10b240_4436 .array/port v0xb9d19a10b240, 4436;
E_0xb9d199e68640/1110 .event anyedge, v0xb9d19a10b240_4433, v0xb9d19a10b240_4434, v0xb9d19a10b240_4435, v0xb9d19a10b240_4436;
v0xb9d19a10b240_4437 .array/port v0xb9d19a10b240, 4437;
v0xb9d19a10b240_4438 .array/port v0xb9d19a10b240, 4438;
v0xb9d19a10b240_4439 .array/port v0xb9d19a10b240, 4439;
v0xb9d19a10b240_4440 .array/port v0xb9d19a10b240, 4440;
E_0xb9d199e68640/1111 .event anyedge, v0xb9d19a10b240_4437, v0xb9d19a10b240_4438, v0xb9d19a10b240_4439, v0xb9d19a10b240_4440;
v0xb9d19a10b240_4441 .array/port v0xb9d19a10b240, 4441;
v0xb9d19a10b240_4442 .array/port v0xb9d19a10b240, 4442;
v0xb9d19a10b240_4443 .array/port v0xb9d19a10b240, 4443;
v0xb9d19a10b240_4444 .array/port v0xb9d19a10b240, 4444;
E_0xb9d199e68640/1112 .event anyedge, v0xb9d19a10b240_4441, v0xb9d19a10b240_4442, v0xb9d19a10b240_4443, v0xb9d19a10b240_4444;
v0xb9d19a10b240_4445 .array/port v0xb9d19a10b240, 4445;
v0xb9d19a10b240_4446 .array/port v0xb9d19a10b240, 4446;
v0xb9d19a10b240_4447 .array/port v0xb9d19a10b240, 4447;
v0xb9d19a10b240_4448 .array/port v0xb9d19a10b240, 4448;
E_0xb9d199e68640/1113 .event anyedge, v0xb9d19a10b240_4445, v0xb9d19a10b240_4446, v0xb9d19a10b240_4447, v0xb9d19a10b240_4448;
v0xb9d19a10b240_4449 .array/port v0xb9d19a10b240, 4449;
v0xb9d19a10b240_4450 .array/port v0xb9d19a10b240, 4450;
v0xb9d19a10b240_4451 .array/port v0xb9d19a10b240, 4451;
v0xb9d19a10b240_4452 .array/port v0xb9d19a10b240, 4452;
E_0xb9d199e68640/1114 .event anyedge, v0xb9d19a10b240_4449, v0xb9d19a10b240_4450, v0xb9d19a10b240_4451, v0xb9d19a10b240_4452;
v0xb9d19a10b240_4453 .array/port v0xb9d19a10b240, 4453;
v0xb9d19a10b240_4454 .array/port v0xb9d19a10b240, 4454;
v0xb9d19a10b240_4455 .array/port v0xb9d19a10b240, 4455;
v0xb9d19a10b240_4456 .array/port v0xb9d19a10b240, 4456;
E_0xb9d199e68640/1115 .event anyedge, v0xb9d19a10b240_4453, v0xb9d19a10b240_4454, v0xb9d19a10b240_4455, v0xb9d19a10b240_4456;
v0xb9d19a10b240_4457 .array/port v0xb9d19a10b240, 4457;
v0xb9d19a10b240_4458 .array/port v0xb9d19a10b240, 4458;
v0xb9d19a10b240_4459 .array/port v0xb9d19a10b240, 4459;
v0xb9d19a10b240_4460 .array/port v0xb9d19a10b240, 4460;
E_0xb9d199e68640/1116 .event anyedge, v0xb9d19a10b240_4457, v0xb9d19a10b240_4458, v0xb9d19a10b240_4459, v0xb9d19a10b240_4460;
v0xb9d19a10b240_4461 .array/port v0xb9d19a10b240, 4461;
v0xb9d19a10b240_4462 .array/port v0xb9d19a10b240, 4462;
v0xb9d19a10b240_4463 .array/port v0xb9d19a10b240, 4463;
v0xb9d19a10b240_4464 .array/port v0xb9d19a10b240, 4464;
E_0xb9d199e68640/1117 .event anyedge, v0xb9d19a10b240_4461, v0xb9d19a10b240_4462, v0xb9d19a10b240_4463, v0xb9d19a10b240_4464;
v0xb9d19a10b240_4465 .array/port v0xb9d19a10b240, 4465;
v0xb9d19a10b240_4466 .array/port v0xb9d19a10b240, 4466;
v0xb9d19a10b240_4467 .array/port v0xb9d19a10b240, 4467;
v0xb9d19a10b240_4468 .array/port v0xb9d19a10b240, 4468;
E_0xb9d199e68640/1118 .event anyedge, v0xb9d19a10b240_4465, v0xb9d19a10b240_4466, v0xb9d19a10b240_4467, v0xb9d19a10b240_4468;
v0xb9d19a10b240_4469 .array/port v0xb9d19a10b240, 4469;
v0xb9d19a10b240_4470 .array/port v0xb9d19a10b240, 4470;
v0xb9d19a10b240_4471 .array/port v0xb9d19a10b240, 4471;
v0xb9d19a10b240_4472 .array/port v0xb9d19a10b240, 4472;
E_0xb9d199e68640/1119 .event anyedge, v0xb9d19a10b240_4469, v0xb9d19a10b240_4470, v0xb9d19a10b240_4471, v0xb9d19a10b240_4472;
v0xb9d19a10b240_4473 .array/port v0xb9d19a10b240, 4473;
v0xb9d19a10b240_4474 .array/port v0xb9d19a10b240, 4474;
v0xb9d19a10b240_4475 .array/port v0xb9d19a10b240, 4475;
v0xb9d19a10b240_4476 .array/port v0xb9d19a10b240, 4476;
E_0xb9d199e68640/1120 .event anyedge, v0xb9d19a10b240_4473, v0xb9d19a10b240_4474, v0xb9d19a10b240_4475, v0xb9d19a10b240_4476;
v0xb9d19a10b240_4477 .array/port v0xb9d19a10b240, 4477;
v0xb9d19a10b240_4478 .array/port v0xb9d19a10b240, 4478;
v0xb9d19a10b240_4479 .array/port v0xb9d19a10b240, 4479;
v0xb9d19a10b240_4480 .array/port v0xb9d19a10b240, 4480;
E_0xb9d199e68640/1121 .event anyedge, v0xb9d19a10b240_4477, v0xb9d19a10b240_4478, v0xb9d19a10b240_4479, v0xb9d19a10b240_4480;
v0xb9d19a10b240_4481 .array/port v0xb9d19a10b240, 4481;
v0xb9d19a10b240_4482 .array/port v0xb9d19a10b240, 4482;
v0xb9d19a10b240_4483 .array/port v0xb9d19a10b240, 4483;
v0xb9d19a10b240_4484 .array/port v0xb9d19a10b240, 4484;
E_0xb9d199e68640/1122 .event anyedge, v0xb9d19a10b240_4481, v0xb9d19a10b240_4482, v0xb9d19a10b240_4483, v0xb9d19a10b240_4484;
v0xb9d19a10b240_4485 .array/port v0xb9d19a10b240, 4485;
v0xb9d19a10b240_4486 .array/port v0xb9d19a10b240, 4486;
v0xb9d19a10b240_4487 .array/port v0xb9d19a10b240, 4487;
v0xb9d19a10b240_4488 .array/port v0xb9d19a10b240, 4488;
E_0xb9d199e68640/1123 .event anyedge, v0xb9d19a10b240_4485, v0xb9d19a10b240_4486, v0xb9d19a10b240_4487, v0xb9d19a10b240_4488;
v0xb9d19a10b240_4489 .array/port v0xb9d19a10b240, 4489;
v0xb9d19a10b240_4490 .array/port v0xb9d19a10b240, 4490;
v0xb9d19a10b240_4491 .array/port v0xb9d19a10b240, 4491;
v0xb9d19a10b240_4492 .array/port v0xb9d19a10b240, 4492;
E_0xb9d199e68640/1124 .event anyedge, v0xb9d19a10b240_4489, v0xb9d19a10b240_4490, v0xb9d19a10b240_4491, v0xb9d19a10b240_4492;
v0xb9d19a10b240_4493 .array/port v0xb9d19a10b240, 4493;
v0xb9d19a10b240_4494 .array/port v0xb9d19a10b240, 4494;
v0xb9d19a10b240_4495 .array/port v0xb9d19a10b240, 4495;
v0xb9d19a10b240_4496 .array/port v0xb9d19a10b240, 4496;
E_0xb9d199e68640/1125 .event anyedge, v0xb9d19a10b240_4493, v0xb9d19a10b240_4494, v0xb9d19a10b240_4495, v0xb9d19a10b240_4496;
v0xb9d19a10b240_4497 .array/port v0xb9d19a10b240, 4497;
v0xb9d19a10b240_4498 .array/port v0xb9d19a10b240, 4498;
v0xb9d19a10b240_4499 .array/port v0xb9d19a10b240, 4499;
v0xb9d19a10b240_4500 .array/port v0xb9d19a10b240, 4500;
E_0xb9d199e68640/1126 .event anyedge, v0xb9d19a10b240_4497, v0xb9d19a10b240_4498, v0xb9d19a10b240_4499, v0xb9d19a10b240_4500;
v0xb9d19a10b240_4501 .array/port v0xb9d19a10b240, 4501;
v0xb9d19a10b240_4502 .array/port v0xb9d19a10b240, 4502;
v0xb9d19a10b240_4503 .array/port v0xb9d19a10b240, 4503;
v0xb9d19a10b240_4504 .array/port v0xb9d19a10b240, 4504;
E_0xb9d199e68640/1127 .event anyedge, v0xb9d19a10b240_4501, v0xb9d19a10b240_4502, v0xb9d19a10b240_4503, v0xb9d19a10b240_4504;
v0xb9d19a10b240_4505 .array/port v0xb9d19a10b240, 4505;
v0xb9d19a10b240_4506 .array/port v0xb9d19a10b240, 4506;
v0xb9d19a10b240_4507 .array/port v0xb9d19a10b240, 4507;
v0xb9d19a10b240_4508 .array/port v0xb9d19a10b240, 4508;
E_0xb9d199e68640/1128 .event anyedge, v0xb9d19a10b240_4505, v0xb9d19a10b240_4506, v0xb9d19a10b240_4507, v0xb9d19a10b240_4508;
v0xb9d19a10b240_4509 .array/port v0xb9d19a10b240, 4509;
v0xb9d19a10b240_4510 .array/port v0xb9d19a10b240, 4510;
v0xb9d19a10b240_4511 .array/port v0xb9d19a10b240, 4511;
v0xb9d19a10b240_4512 .array/port v0xb9d19a10b240, 4512;
E_0xb9d199e68640/1129 .event anyedge, v0xb9d19a10b240_4509, v0xb9d19a10b240_4510, v0xb9d19a10b240_4511, v0xb9d19a10b240_4512;
v0xb9d19a10b240_4513 .array/port v0xb9d19a10b240, 4513;
v0xb9d19a10b240_4514 .array/port v0xb9d19a10b240, 4514;
v0xb9d19a10b240_4515 .array/port v0xb9d19a10b240, 4515;
v0xb9d19a10b240_4516 .array/port v0xb9d19a10b240, 4516;
E_0xb9d199e68640/1130 .event anyedge, v0xb9d19a10b240_4513, v0xb9d19a10b240_4514, v0xb9d19a10b240_4515, v0xb9d19a10b240_4516;
v0xb9d19a10b240_4517 .array/port v0xb9d19a10b240, 4517;
v0xb9d19a10b240_4518 .array/port v0xb9d19a10b240, 4518;
v0xb9d19a10b240_4519 .array/port v0xb9d19a10b240, 4519;
v0xb9d19a10b240_4520 .array/port v0xb9d19a10b240, 4520;
E_0xb9d199e68640/1131 .event anyedge, v0xb9d19a10b240_4517, v0xb9d19a10b240_4518, v0xb9d19a10b240_4519, v0xb9d19a10b240_4520;
v0xb9d19a10b240_4521 .array/port v0xb9d19a10b240, 4521;
v0xb9d19a10b240_4522 .array/port v0xb9d19a10b240, 4522;
v0xb9d19a10b240_4523 .array/port v0xb9d19a10b240, 4523;
v0xb9d19a10b240_4524 .array/port v0xb9d19a10b240, 4524;
E_0xb9d199e68640/1132 .event anyedge, v0xb9d19a10b240_4521, v0xb9d19a10b240_4522, v0xb9d19a10b240_4523, v0xb9d19a10b240_4524;
v0xb9d19a10b240_4525 .array/port v0xb9d19a10b240, 4525;
v0xb9d19a10b240_4526 .array/port v0xb9d19a10b240, 4526;
v0xb9d19a10b240_4527 .array/port v0xb9d19a10b240, 4527;
v0xb9d19a10b240_4528 .array/port v0xb9d19a10b240, 4528;
E_0xb9d199e68640/1133 .event anyedge, v0xb9d19a10b240_4525, v0xb9d19a10b240_4526, v0xb9d19a10b240_4527, v0xb9d19a10b240_4528;
v0xb9d19a10b240_4529 .array/port v0xb9d19a10b240, 4529;
v0xb9d19a10b240_4530 .array/port v0xb9d19a10b240, 4530;
v0xb9d19a10b240_4531 .array/port v0xb9d19a10b240, 4531;
v0xb9d19a10b240_4532 .array/port v0xb9d19a10b240, 4532;
E_0xb9d199e68640/1134 .event anyedge, v0xb9d19a10b240_4529, v0xb9d19a10b240_4530, v0xb9d19a10b240_4531, v0xb9d19a10b240_4532;
v0xb9d19a10b240_4533 .array/port v0xb9d19a10b240, 4533;
v0xb9d19a10b240_4534 .array/port v0xb9d19a10b240, 4534;
v0xb9d19a10b240_4535 .array/port v0xb9d19a10b240, 4535;
v0xb9d19a10b240_4536 .array/port v0xb9d19a10b240, 4536;
E_0xb9d199e68640/1135 .event anyedge, v0xb9d19a10b240_4533, v0xb9d19a10b240_4534, v0xb9d19a10b240_4535, v0xb9d19a10b240_4536;
v0xb9d19a10b240_4537 .array/port v0xb9d19a10b240, 4537;
v0xb9d19a10b240_4538 .array/port v0xb9d19a10b240, 4538;
v0xb9d19a10b240_4539 .array/port v0xb9d19a10b240, 4539;
v0xb9d19a10b240_4540 .array/port v0xb9d19a10b240, 4540;
E_0xb9d199e68640/1136 .event anyedge, v0xb9d19a10b240_4537, v0xb9d19a10b240_4538, v0xb9d19a10b240_4539, v0xb9d19a10b240_4540;
v0xb9d19a10b240_4541 .array/port v0xb9d19a10b240, 4541;
v0xb9d19a10b240_4542 .array/port v0xb9d19a10b240, 4542;
v0xb9d19a10b240_4543 .array/port v0xb9d19a10b240, 4543;
v0xb9d19a10b240_4544 .array/port v0xb9d19a10b240, 4544;
E_0xb9d199e68640/1137 .event anyedge, v0xb9d19a10b240_4541, v0xb9d19a10b240_4542, v0xb9d19a10b240_4543, v0xb9d19a10b240_4544;
v0xb9d19a10b240_4545 .array/port v0xb9d19a10b240, 4545;
v0xb9d19a10b240_4546 .array/port v0xb9d19a10b240, 4546;
v0xb9d19a10b240_4547 .array/port v0xb9d19a10b240, 4547;
v0xb9d19a10b240_4548 .array/port v0xb9d19a10b240, 4548;
E_0xb9d199e68640/1138 .event anyedge, v0xb9d19a10b240_4545, v0xb9d19a10b240_4546, v0xb9d19a10b240_4547, v0xb9d19a10b240_4548;
v0xb9d19a10b240_4549 .array/port v0xb9d19a10b240, 4549;
v0xb9d19a10b240_4550 .array/port v0xb9d19a10b240, 4550;
v0xb9d19a10b240_4551 .array/port v0xb9d19a10b240, 4551;
v0xb9d19a10b240_4552 .array/port v0xb9d19a10b240, 4552;
E_0xb9d199e68640/1139 .event anyedge, v0xb9d19a10b240_4549, v0xb9d19a10b240_4550, v0xb9d19a10b240_4551, v0xb9d19a10b240_4552;
v0xb9d19a10b240_4553 .array/port v0xb9d19a10b240, 4553;
v0xb9d19a10b240_4554 .array/port v0xb9d19a10b240, 4554;
v0xb9d19a10b240_4555 .array/port v0xb9d19a10b240, 4555;
v0xb9d19a10b240_4556 .array/port v0xb9d19a10b240, 4556;
E_0xb9d199e68640/1140 .event anyedge, v0xb9d19a10b240_4553, v0xb9d19a10b240_4554, v0xb9d19a10b240_4555, v0xb9d19a10b240_4556;
v0xb9d19a10b240_4557 .array/port v0xb9d19a10b240, 4557;
v0xb9d19a10b240_4558 .array/port v0xb9d19a10b240, 4558;
v0xb9d19a10b240_4559 .array/port v0xb9d19a10b240, 4559;
v0xb9d19a10b240_4560 .array/port v0xb9d19a10b240, 4560;
E_0xb9d199e68640/1141 .event anyedge, v0xb9d19a10b240_4557, v0xb9d19a10b240_4558, v0xb9d19a10b240_4559, v0xb9d19a10b240_4560;
v0xb9d19a10b240_4561 .array/port v0xb9d19a10b240, 4561;
v0xb9d19a10b240_4562 .array/port v0xb9d19a10b240, 4562;
v0xb9d19a10b240_4563 .array/port v0xb9d19a10b240, 4563;
v0xb9d19a10b240_4564 .array/port v0xb9d19a10b240, 4564;
E_0xb9d199e68640/1142 .event anyedge, v0xb9d19a10b240_4561, v0xb9d19a10b240_4562, v0xb9d19a10b240_4563, v0xb9d19a10b240_4564;
v0xb9d19a10b240_4565 .array/port v0xb9d19a10b240, 4565;
v0xb9d19a10b240_4566 .array/port v0xb9d19a10b240, 4566;
v0xb9d19a10b240_4567 .array/port v0xb9d19a10b240, 4567;
v0xb9d19a10b240_4568 .array/port v0xb9d19a10b240, 4568;
E_0xb9d199e68640/1143 .event anyedge, v0xb9d19a10b240_4565, v0xb9d19a10b240_4566, v0xb9d19a10b240_4567, v0xb9d19a10b240_4568;
v0xb9d19a10b240_4569 .array/port v0xb9d19a10b240, 4569;
v0xb9d19a10b240_4570 .array/port v0xb9d19a10b240, 4570;
v0xb9d19a10b240_4571 .array/port v0xb9d19a10b240, 4571;
v0xb9d19a10b240_4572 .array/port v0xb9d19a10b240, 4572;
E_0xb9d199e68640/1144 .event anyedge, v0xb9d19a10b240_4569, v0xb9d19a10b240_4570, v0xb9d19a10b240_4571, v0xb9d19a10b240_4572;
v0xb9d19a10b240_4573 .array/port v0xb9d19a10b240, 4573;
v0xb9d19a10b240_4574 .array/port v0xb9d19a10b240, 4574;
v0xb9d19a10b240_4575 .array/port v0xb9d19a10b240, 4575;
v0xb9d19a10b240_4576 .array/port v0xb9d19a10b240, 4576;
E_0xb9d199e68640/1145 .event anyedge, v0xb9d19a10b240_4573, v0xb9d19a10b240_4574, v0xb9d19a10b240_4575, v0xb9d19a10b240_4576;
v0xb9d19a10b240_4577 .array/port v0xb9d19a10b240, 4577;
v0xb9d19a10b240_4578 .array/port v0xb9d19a10b240, 4578;
v0xb9d19a10b240_4579 .array/port v0xb9d19a10b240, 4579;
v0xb9d19a10b240_4580 .array/port v0xb9d19a10b240, 4580;
E_0xb9d199e68640/1146 .event anyedge, v0xb9d19a10b240_4577, v0xb9d19a10b240_4578, v0xb9d19a10b240_4579, v0xb9d19a10b240_4580;
v0xb9d19a10b240_4581 .array/port v0xb9d19a10b240, 4581;
v0xb9d19a10b240_4582 .array/port v0xb9d19a10b240, 4582;
v0xb9d19a10b240_4583 .array/port v0xb9d19a10b240, 4583;
v0xb9d19a10b240_4584 .array/port v0xb9d19a10b240, 4584;
E_0xb9d199e68640/1147 .event anyedge, v0xb9d19a10b240_4581, v0xb9d19a10b240_4582, v0xb9d19a10b240_4583, v0xb9d19a10b240_4584;
v0xb9d19a10b240_4585 .array/port v0xb9d19a10b240, 4585;
v0xb9d19a10b240_4586 .array/port v0xb9d19a10b240, 4586;
v0xb9d19a10b240_4587 .array/port v0xb9d19a10b240, 4587;
v0xb9d19a10b240_4588 .array/port v0xb9d19a10b240, 4588;
E_0xb9d199e68640/1148 .event anyedge, v0xb9d19a10b240_4585, v0xb9d19a10b240_4586, v0xb9d19a10b240_4587, v0xb9d19a10b240_4588;
v0xb9d19a10b240_4589 .array/port v0xb9d19a10b240, 4589;
v0xb9d19a10b240_4590 .array/port v0xb9d19a10b240, 4590;
v0xb9d19a10b240_4591 .array/port v0xb9d19a10b240, 4591;
v0xb9d19a10b240_4592 .array/port v0xb9d19a10b240, 4592;
E_0xb9d199e68640/1149 .event anyedge, v0xb9d19a10b240_4589, v0xb9d19a10b240_4590, v0xb9d19a10b240_4591, v0xb9d19a10b240_4592;
v0xb9d19a10b240_4593 .array/port v0xb9d19a10b240, 4593;
v0xb9d19a10b240_4594 .array/port v0xb9d19a10b240, 4594;
v0xb9d19a10b240_4595 .array/port v0xb9d19a10b240, 4595;
v0xb9d19a10b240_4596 .array/port v0xb9d19a10b240, 4596;
E_0xb9d199e68640/1150 .event anyedge, v0xb9d19a10b240_4593, v0xb9d19a10b240_4594, v0xb9d19a10b240_4595, v0xb9d19a10b240_4596;
v0xb9d19a10b240_4597 .array/port v0xb9d19a10b240, 4597;
v0xb9d19a10b240_4598 .array/port v0xb9d19a10b240, 4598;
v0xb9d19a10b240_4599 .array/port v0xb9d19a10b240, 4599;
v0xb9d19a10b240_4600 .array/port v0xb9d19a10b240, 4600;
E_0xb9d199e68640/1151 .event anyedge, v0xb9d19a10b240_4597, v0xb9d19a10b240_4598, v0xb9d19a10b240_4599, v0xb9d19a10b240_4600;
v0xb9d19a10b240_4601 .array/port v0xb9d19a10b240, 4601;
v0xb9d19a10b240_4602 .array/port v0xb9d19a10b240, 4602;
v0xb9d19a10b240_4603 .array/port v0xb9d19a10b240, 4603;
v0xb9d19a10b240_4604 .array/port v0xb9d19a10b240, 4604;
E_0xb9d199e68640/1152 .event anyedge, v0xb9d19a10b240_4601, v0xb9d19a10b240_4602, v0xb9d19a10b240_4603, v0xb9d19a10b240_4604;
v0xb9d19a10b240_4605 .array/port v0xb9d19a10b240, 4605;
v0xb9d19a10b240_4606 .array/port v0xb9d19a10b240, 4606;
v0xb9d19a10b240_4607 .array/port v0xb9d19a10b240, 4607;
v0xb9d19a10b240_4608 .array/port v0xb9d19a10b240, 4608;
E_0xb9d199e68640/1153 .event anyedge, v0xb9d19a10b240_4605, v0xb9d19a10b240_4606, v0xb9d19a10b240_4607, v0xb9d19a10b240_4608;
v0xb9d19a10b240_4609 .array/port v0xb9d19a10b240, 4609;
v0xb9d19a10b240_4610 .array/port v0xb9d19a10b240, 4610;
v0xb9d19a10b240_4611 .array/port v0xb9d19a10b240, 4611;
v0xb9d19a10b240_4612 .array/port v0xb9d19a10b240, 4612;
E_0xb9d199e68640/1154 .event anyedge, v0xb9d19a10b240_4609, v0xb9d19a10b240_4610, v0xb9d19a10b240_4611, v0xb9d19a10b240_4612;
v0xb9d19a10b240_4613 .array/port v0xb9d19a10b240, 4613;
v0xb9d19a10b240_4614 .array/port v0xb9d19a10b240, 4614;
v0xb9d19a10b240_4615 .array/port v0xb9d19a10b240, 4615;
v0xb9d19a10b240_4616 .array/port v0xb9d19a10b240, 4616;
E_0xb9d199e68640/1155 .event anyedge, v0xb9d19a10b240_4613, v0xb9d19a10b240_4614, v0xb9d19a10b240_4615, v0xb9d19a10b240_4616;
v0xb9d19a10b240_4617 .array/port v0xb9d19a10b240, 4617;
v0xb9d19a10b240_4618 .array/port v0xb9d19a10b240, 4618;
v0xb9d19a10b240_4619 .array/port v0xb9d19a10b240, 4619;
v0xb9d19a10b240_4620 .array/port v0xb9d19a10b240, 4620;
E_0xb9d199e68640/1156 .event anyedge, v0xb9d19a10b240_4617, v0xb9d19a10b240_4618, v0xb9d19a10b240_4619, v0xb9d19a10b240_4620;
v0xb9d19a10b240_4621 .array/port v0xb9d19a10b240, 4621;
v0xb9d19a10b240_4622 .array/port v0xb9d19a10b240, 4622;
v0xb9d19a10b240_4623 .array/port v0xb9d19a10b240, 4623;
v0xb9d19a10b240_4624 .array/port v0xb9d19a10b240, 4624;
E_0xb9d199e68640/1157 .event anyedge, v0xb9d19a10b240_4621, v0xb9d19a10b240_4622, v0xb9d19a10b240_4623, v0xb9d19a10b240_4624;
v0xb9d19a10b240_4625 .array/port v0xb9d19a10b240, 4625;
v0xb9d19a10b240_4626 .array/port v0xb9d19a10b240, 4626;
v0xb9d19a10b240_4627 .array/port v0xb9d19a10b240, 4627;
v0xb9d19a10b240_4628 .array/port v0xb9d19a10b240, 4628;
E_0xb9d199e68640/1158 .event anyedge, v0xb9d19a10b240_4625, v0xb9d19a10b240_4626, v0xb9d19a10b240_4627, v0xb9d19a10b240_4628;
v0xb9d19a10b240_4629 .array/port v0xb9d19a10b240, 4629;
v0xb9d19a10b240_4630 .array/port v0xb9d19a10b240, 4630;
v0xb9d19a10b240_4631 .array/port v0xb9d19a10b240, 4631;
v0xb9d19a10b240_4632 .array/port v0xb9d19a10b240, 4632;
E_0xb9d199e68640/1159 .event anyedge, v0xb9d19a10b240_4629, v0xb9d19a10b240_4630, v0xb9d19a10b240_4631, v0xb9d19a10b240_4632;
v0xb9d19a10b240_4633 .array/port v0xb9d19a10b240, 4633;
v0xb9d19a10b240_4634 .array/port v0xb9d19a10b240, 4634;
v0xb9d19a10b240_4635 .array/port v0xb9d19a10b240, 4635;
v0xb9d19a10b240_4636 .array/port v0xb9d19a10b240, 4636;
E_0xb9d199e68640/1160 .event anyedge, v0xb9d19a10b240_4633, v0xb9d19a10b240_4634, v0xb9d19a10b240_4635, v0xb9d19a10b240_4636;
v0xb9d19a10b240_4637 .array/port v0xb9d19a10b240, 4637;
v0xb9d19a10b240_4638 .array/port v0xb9d19a10b240, 4638;
v0xb9d19a10b240_4639 .array/port v0xb9d19a10b240, 4639;
v0xb9d19a10b240_4640 .array/port v0xb9d19a10b240, 4640;
E_0xb9d199e68640/1161 .event anyedge, v0xb9d19a10b240_4637, v0xb9d19a10b240_4638, v0xb9d19a10b240_4639, v0xb9d19a10b240_4640;
v0xb9d19a10b240_4641 .array/port v0xb9d19a10b240, 4641;
v0xb9d19a10b240_4642 .array/port v0xb9d19a10b240, 4642;
v0xb9d19a10b240_4643 .array/port v0xb9d19a10b240, 4643;
v0xb9d19a10b240_4644 .array/port v0xb9d19a10b240, 4644;
E_0xb9d199e68640/1162 .event anyedge, v0xb9d19a10b240_4641, v0xb9d19a10b240_4642, v0xb9d19a10b240_4643, v0xb9d19a10b240_4644;
v0xb9d19a10b240_4645 .array/port v0xb9d19a10b240, 4645;
v0xb9d19a10b240_4646 .array/port v0xb9d19a10b240, 4646;
v0xb9d19a10b240_4647 .array/port v0xb9d19a10b240, 4647;
v0xb9d19a10b240_4648 .array/port v0xb9d19a10b240, 4648;
E_0xb9d199e68640/1163 .event anyedge, v0xb9d19a10b240_4645, v0xb9d19a10b240_4646, v0xb9d19a10b240_4647, v0xb9d19a10b240_4648;
v0xb9d19a10b240_4649 .array/port v0xb9d19a10b240, 4649;
v0xb9d19a10b240_4650 .array/port v0xb9d19a10b240, 4650;
v0xb9d19a10b240_4651 .array/port v0xb9d19a10b240, 4651;
v0xb9d19a10b240_4652 .array/port v0xb9d19a10b240, 4652;
E_0xb9d199e68640/1164 .event anyedge, v0xb9d19a10b240_4649, v0xb9d19a10b240_4650, v0xb9d19a10b240_4651, v0xb9d19a10b240_4652;
v0xb9d19a10b240_4653 .array/port v0xb9d19a10b240, 4653;
v0xb9d19a10b240_4654 .array/port v0xb9d19a10b240, 4654;
v0xb9d19a10b240_4655 .array/port v0xb9d19a10b240, 4655;
v0xb9d19a10b240_4656 .array/port v0xb9d19a10b240, 4656;
E_0xb9d199e68640/1165 .event anyedge, v0xb9d19a10b240_4653, v0xb9d19a10b240_4654, v0xb9d19a10b240_4655, v0xb9d19a10b240_4656;
v0xb9d19a10b240_4657 .array/port v0xb9d19a10b240, 4657;
v0xb9d19a10b240_4658 .array/port v0xb9d19a10b240, 4658;
v0xb9d19a10b240_4659 .array/port v0xb9d19a10b240, 4659;
v0xb9d19a10b240_4660 .array/port v0xb9d19a10b240, 4660;
E_0xb9d199e68640/1166 .event anyedge, v0xb9d19a10b240_4657, v0xb9d19a10b240_4658, v0xb9d19a10b240_4659, v0xb9d19a10b240_4660;
v0xb9d19a10b240_4661 .array/port v0xb9d19a10b240, 4661;
v0xb9d19a10b240_4662 .array/port v0xb9d19a10b240, 4662;
v0xb9d19a10b240_4663 .array/port v0xb9d19a10b240, 4663;
v0xb9d19a10b240_4664 .array/port v0xb9d19a10b240, 4664;
E_0xb9d199e68640/1167 .event anyedge, v0xb9d19a10b240_4661, v0xb9d19a10b240_4662, v0xb9d19a10b240_4663, v0xb9d19a10b240_4664;
v0xb9d19a10b240_4665 .array/port v0xb9d19a10b240, 4665;
v0xb9d19a10b240_4666 .array/port v0xb9d19a10b240, 4666;
v0xb9d19a10b240_4667 .array/port v0xb9d19a10b240, 4667;
v0xb9d19a10b240_4668 .array/port v0xb9d19a10b240, 4668;
E_0xb9d199e68640/1168 .event anyedge, v0xb9d19a10b240_4665, v0xb9d19a10b240_4666, v0xb9d19a10b240_4667, v0xb9d19a10b240_4668;
v0xb9d19a10b240_4669 .array/port v0xb9d19a10b240, 4669;
v0xb9d19a10b240_4670 .array/port v0xb9d19a10b240, 4670;
v0xb9d19a10b240_4671 .array/port v0xb9d19a10b240, 4671;
v0xb9d19a10b240_4672 .array/port v0xb9d19a10b240, 4672;
E_0xb9d199e68640/1169 .event anyedge, v0xb9d19a10b240_4669, v0xb9d19a10b240_4670, v0xb9d19a10b240_4671, v0xb9d19a10b240_4672;
v0xb9d19a10b240_4673 .array/port v0xb9d19a10b240, 4673;
v0xb9d19a10b240_4674 .array/port v0xb9d19a10b240, 4674;
v0xb9d19a10b240_4675 .array/port v0xb9d19a10b240, 4675;
v0xb9d19a10b240_4676 .array/port v0xb9d19a10b240, 4676;
E_0xb9d199e68640/1170 .event anyedge, v0xb9d19a10b240_4673, v0xb9d19a10b240_4674, v0xb9d19a10b240_4675, v0xb9d19a10b240_4676;
v0xb9d19a10b240_4677 .array/port v0xb9d19a10b240, 4677;
v0xb9d19a10b240_4678 .array/port v0xb9d19a10b240, 4678;
v0xb9d19a10b240_4679 .array/port v0xb9d19a10b240, 4679;
v0xb9d19a10b240_4680 .array/port v0xb9d19a10b240, 4680;
E_0xb9d199e68640/1171 .event anyedge, v0xb9d19a10b240_4677, v0xb9d19a10b240_4678, v0xb9d19a10b240_4679, v0xb9d19a10b240_4680;
v0xb9d19a10b240_4681 .array/port v0xb9d19a10b240, 4681;
v0xb9d19a10b240_4682 .array/port v0xb9d19a10b240, 4682;
v0xb9d19a10b240_4683 .array/port v0xb9d19a10b240, 4683;
v0xb9d19a10b240_4684 .array/port v0xb9d19a10b240, 4684;
E_0xb9d199e68640/1172 .event anyedge, v0xb9d19a10b240_4681, v0xb9d19a10b240_4682, v0xb9d19a10b240_4683, v0xb9d19a10b240_4684;
v0xb9d19a10b240_4685 .array/port v0xb9d19a10b240, 4685;
v0xb9d19a10b240_4686 .array/port v0xb9d19a10b240, 4686;
v0xb9d19a10b240_4687 .array/port v0xb9d19a10b240, 4687;
v0xb9d19a10b240_4688 .array/port v0xb9d19a10b240, 4688;
E_0xb9d199e68640/1173 .event anyedge, v0xb9d19a10b240_4685, v0xb9d19a10b240_4686, v0xb9d19a10b240_4687, v0xb9d19a10b240_4688;
v0xb9d19a10b240_4689 .array/port v0xb9d19a10b240, 4689;
v0xb9d19a10b240_4690 .array/port v0xb9d19a10b240, 4690;
v0xb9d19a10b240_4691 .array/port v0xb9d19a10b240, 4691;
v0xb9d19a10b240_4692 .array/port v0xb9d19a10b240, 4692;
E_0xb9d199e68640/1174 .event anyedge, v0xb9d19a10b240_4689, v0xb9d19a10b240_4690, v0xb9d19a10b240_4691, v0xb9d19a10b240_4692;
v0xb9d19a10b240_4693 .array/port v0xb9d19a10b240, 4693;
v0xb9d19a10b240_4694 .array/port v0xb9d19a10b240, 4694;
v0xb9d19a10b240_4695 .array/port v0xb9d19a10b240, 4695;
v0xb9d19a10b240_4696 .array/port v0xb9d19a10b240, 4696;
E_0xb9d199e68640/1175 .event anyedge, v0xb9d19a10b240_4693, v0xb9d19a10b240_4694, v0xb9d19a10b240_4695, v0xb9d19a10b240_4696;
v0xb9d19a10b240_4697 .array/port v0xb9d19a10b240, 4697;
v0xb9d19a10b240_4698 .array/port v0xb9d19a10b240, 4698;
v0xb9d19a10b240_4699 .array/port v0xb9d19a10b240, 4699;
v0xb9d19a10b240_4700 .array/port v0xb9d19a10b240, 4700;
E_0xb9d199e68640/1176 .event anyedge, v0xb9d19a10b240_4697, v0xb9d19a10b240_4698, v0xb9d19a10b240_4699, v0xb9d19a10b240_4700;
v0xb9d19a10b240_4701 .array/port v0xb9d19a10b240, 4701;
v0xb9d19a10b240_4702 .array/port v0xb9d19a10b240, 4702;
v0xb9d19a10b240_4703 .array/port v0xb9d19a10b240, 4703;
v0xb9d19a10b240_4704 .array/port v0xb9d19a10b240, 4704;
E_0xb9d199e68640/1177 .event anyedge, v0xb9d19a10b240_4701, v0xb9d19a10b240_4702, v0xb9d19a10b240_4703, v0xb9d19a10b240_4704;
v0xb9d19a10b240_4705 .array/port v0xb9d19a10b240, 4705;
v0xb9d19a10b240_4706 .array/port v0xb9d19a10b240, 4706;
v0xb9d19a10b240_4707 .array/port v0xb9d19a10b240, 4707;
v0xb9d19a10b240_4708 .array/port v0xb9d19a10b240, 4708;
E_0xb9d199e68640/1178 .event anyedge, v0xb9d19a10b240_4705, v0xb9d19a10b240_4706, v0xb9d19a10b240_4707, v0xb9d19a10b240_4708;
v0xb9d19a10b240_4709 .array/port v0xb9d19a10b240, 4709;
v0xb9d19a10b240_4710 .array/port v0xb9d19a10b240, 4710;
v0xb9d19a10b240_4711 .array/port v0xb9d19a10b240, 4711;
v0xb9d19a10b240_4712 .array/port v0xb9d19a10b240, 4712;
E_0xb9d199e68640/1179 .event anyedge, v0xb9d19a10b240_4709, v0xb9d19a10b240_4710, v0xb9d19a10b240_4711, v0xb9d19a10b240_4712;
v0xb9d19a10b240_4713 .array/port v0xb9d19a10b240, 4713;
v0xb9d19a10b240_4714 .array/port v0xb9d19a10b240, 4714;
v0xb9d19a10b240_4715 .array/port v0xb9d19a10b240, 4715;
v0xb9d19a10b240_4716 .array/port v0xb9d19a10b240, 4716;
E_0xb9d199e68640/1180 .event anyedge, v0xb9d19a10b240_4713, v0xb9d19a10b240_4714, v0xb9d19a10b240_4715, v0xb9d19a10b240_4716;
v0xb9d19a10b240_4717 .array/port v0xb9d19a10b240, 4717;
v0xb9d19a10b240_4718 .array/port v0xb9d19a10b240, 4718;
v0xb9d19a10b240_4719 .array/port v0xb9d19a10b240, 4719;
v0xb9d19a10b240_4720 .array/port v0xb9d19a10b240, 4720;
E_0xb9d199e68640/1181 .event anyedge, v0xb9d19a10b240_4717, v0xb9d19a10b240_4718, v0xb9d19a10b240_4719, v0xb9d19a10b240_4720;
v0xb9d19a10b240_4721 .array/port v0xb9d19a10b240, 4721;
v0xb9d19a10b240_4722 .array/port v0xb9d19a10b240, 4722;
v0xb9d19a10b240_4723 .array/port v0xb9d19a10b240, 4723;
v0xb9d19a10b240_4724 .array/port v0xb9d19a10b240, 4724;
E_0xb9d199e68640/1182 .event anyedge, v0xb9d19a10b240_4721, v0xb9d19a10b240_4722, v0xb9d19a10b240_4723, v0xb9d19a10b240_4724;
v0xb9d19a10b240_4725 .array/port v0xb9d19a10b240, 4725;
v0xb9d19a10b240_4726 .array/port v0xb9d19a10b240, 4726;
v0xb9d19a10b240_4727 .array/port v0xb9d19a10b240, 4727;
v0xb9d19a10b240_4728 .array/port v0xb9d19a10b240, 4728;
E_0xb9d199e68640/1183 .event anyedge, v0xb9d19a10b240_4725, v0xb9d19a10b240_4726, v0xb9d19a10b240_4727, v0xb9d19a10b240_4728;
v0xb9d19a10b240_4729 .array/port v0xb9d19a10b240, 4729;
v0xb9d19a10b240_4730 .array/port v0xb9d19a10b240, 4730;
v0xb9d19a10b240_4731 .array/port v0xb9d19a10b240, 4731;
v0xb9d19a10b240_4732 .array/port v0xb9d19a10b240, 4732;
E_0xb9d199e68640/1184 .event anyedge, v0xb9d19a10b240_4729, v0xb9d19a10b240_4730, v0xb9d19a10b240_4731, v0xb9d19a10b240_4732;
v0xb9d19a10b240_4733 .array/port v0xb9d19a10b240, 4733;
v0xb9d19a10b240_4734 .array/port v0xb9d19a10b240, 4734;
v0xb9d19a10b240_4735 .array/port v0xb9d19a10b240, 4735;
v0xb9d19a10b240_4736 .array/port v0xb9d19a10b240, 4736;
E_0xb9d199e68640/1185 .event anyedge, v0xb9d19a10b240_4733, v0xb9d19a10b240_4734, v0xb9d19a10b240_4735, v0xb9d19a10b240_4736;
v0xb9d19a10b240_4737 .array/port v0xb9d19a10b240, 4737;
v0xb9d19a10b240_4738 .array/port v0xb9d19a10b240, 4738;
v0xb9d19a10b240_4739 .array/port v0xb9d19a10b240, 4739;
v0xb9d19a10b240_4740 .array/port v0xb9d19a10b240, 4740;
E_0xb9d199e68640/1186 .event anyedge, v0xb9d19a10b240_4737, v0xb9d19a10b240_4738, v0xb9d19a10b240_4739, v0xb9d19a10b240_4740;
v0xb9d19a10b240_4741 .array/port v0xb9d19a10b240, 4741;
v0xb9d19a10b240_4742 .array/port v0xb9d19a10b240, 4742;
v0xb9d19a10b240_4743 .array/port v0xb9d19a10b240, 4743;
v0xb9d19a10b240_4744 .array/port v0xb9d19a10b240, 4744;
E_0xb9d199e68640/1187 .event anyedge, v0xb9d19a10b240_4741, v0xb9d19a10b240_4742, v0xb9d19a10b240_4743, v0xb9d19a10b240_4744;
v0xb9d19a10b240_4745 .array/port v0xb9d19a10b240, 4745;
v0xb9d19a10b240_4746 .array/port v0xb9d19a10b240, 4746;
v0xb9d19a10b240_4747 .array/port v0xb9d19a10b240, 4747;
v0xb9d19a10b240_4748 .array/port v0xb9d19a10b240, 4748;
E_0xb9d199e68640/1188 .event anyedge, v0xb9d19a10b240_4745, v0xb9d19a10b240_4746, v0xb9d19a10b240_4747, v0xb9d19a10b240_4748;
v0xb9d19a10b240_4749 .array/port v0xb9d19a10b240, 4749;
v0xb9d19a10b240_4750 .array/port v0xb9d19a10b240, 4750;
v0xb9d19a10b240_4751 .array/port v0xb9d19a10b240, 4751;
v0xb9d19a10b240_4752 .array/port v0xb9d19a10b240, 4752;
E_0xb9d199e68640/1189 .event anyedge, v0xb9d19a10b240_4749, v0xb9d19a10b240_4750, v0xb9d19a10b240_4751, v0xb9d19a10b240_4752;
v0xb9d19a10b240_4753 .array/port v0xb9d19a10b240, 4753;
v0xb9d19a10b240_4754 .array/port v0xb9d19a10b240, 4754;
v0xb9d19a10b240_4755 .array/port v0xb9d19a10b240, 4755;
v0xb9d19a10b240_4756 .array/port v0xb9d19a10b240, 4756;
E_0xb9d199e68640/1190 .event anyedge, v0xb9d19a10b240_4753, v0xb9d19a10b240_4754, v0xb9d19a10b240_4755, v0xb9d19a10b240_4756;
v0xb9d19a10b240_4757 .array/port v0xb9d19a10b240, 4757;
v0xb9d19a10b240_4758 .array/port v0xb9d19a10b240, 4758;
v0xb9d19a10b240_4759 .array/port v0xb9d19a10b240, 4759;
v0xb9d19a10b240_4760 .array/port v0xb9d19a10b240, 4760;
E_0xb9d199e68640/1191 .event anyedge, v0xb9d19a10b240_4757, v0xb9d19a10b240_4758, v0xb9d19a10b240_4759, v0xb9d19a10b240_4760;
v0xb9d19a10b240_4761 .array/port v0xb9d19a10b240, 4761;
v0xb9d19a10b240_4762 .array/port v0xb9d19a10b240, 4762;
v0xb9d19a10b240_4763 .array/port v0xb9d19a10b240, 4763;
v0xb9d19a10b240_4764 .array/port v0xb9d19a10b240, 4764;
E_0xb9d199e68640/1192 .event anyedge, v0xb9d19a10b240_4761, v0xb9d19a10b240_4762, v0xb9d19a10b240_4763, v0xb9d19a10b240_4764;
v0xb9d19a10b240_4765 .array/port v0xb9d19a10b240, 4765;
v0xb9d19a10b240_4766 .array/port v0xb9d19a10b240, 4766;
v0xb9d19a10b240_4767 .array/port v0xb9d19a10b240, 4767;
v0xb9d19a10b240_4768 .array/port v0xb9d19a10b240, 4768;
E_0xb9d199e68640/1193 .event anyedge, v0xb9d19a10b240_4765, v0xb9d19a10b240_4766, v0xb9d19a10b240_4767, v0xb9d19a10b240_4768;
v0xb9d19a10b240_4769 .array/port v0xb9d19a10b240, 4769;
v0xb9d19a10b240_4770 .array/port v0xb9d19a10b240, 4770;
v0xb9d19a10b240_4771 .array/port v0xb9d19a10b240, 4771;
v0xb9d19a10b240_4772 .array/port v0xb9d19a10b240, 4772;
E_0xb9d199e68640/1194 .event anyedge, v0xb9d19a10b240_4769, v0xb9d19a10b240_4770, v0xb9d19a10b240_4771, v0xb9d19a10b240_4772;
v0xb9d19a10b240_4773 .array/port v0xb9d19a10b240, 4773;
v0xb9d19a10b240_4774 .array/port v0xb9d19a10b240, 4774;
v0xb9d19a10b240_4775 .array/port v0xb9d19a10b240, 4775;
v0xb9d19a10b240_4776 .array/port v0xb9d19a10b240, 4776;
E_0xb9d199e68640/1195 .event anyedge, v0xb9d19a10b240_4773, v0xb9d19a10b240_4774, v0xb9d19a10b240_4775, v0xb9d19a10b240_4776;
v0xb9d19a10b240_4777 .array/port v0xb9d19a10b240, 4777;
v0xb9d19a10b240_4778 .array/port v0xb9d19a10b240, 4778;
v0xb9d19a10b240_4779 .array/port v0xb9d19a10b240, 4779;
v0xb9d19a10b240_4780 .array/port v0xb9d19a10b240, 4780;
E_0xb9d199e68640/1196 .event anyedge, v0xb9d19a10b240_4777, v0xb9d19a10b240_4778, v0xb9d19a10b240_4779, v0xb9d19a10b240_4780;
v0xb9d19a10b240_4781 .array/port v0xb9d19a10b240, 4781;
v0xb9d19a10b240_4782 .array/port v0xb9d19a10b240, 4782;
v0xb9d19a10b240_4783 .array/port v0xb9d19a10b240, 4783;
v0xb9d19a10b240_4784 .array/port v0xb9d19a10b240, 4784;
E_0xb9d199e68640/1197 .event anyedge, v0xb9d19a10b240_4781, v0xb9d19a10b240_4782, v0xb9d19a10b240_4783, v0xb9d19a10b240_4784;
v0xb9d19a10b240_4785 .array/port v0xb9d19a10b240, 4785;
v0xb9d19a10b240_4786 .array/port v0xb9d19a10b240, 4786;
v0xb9d19a10b240_4787 .array/port v0xb9d19a10b240, 4787;
v0xb9d19a10b240_4788 .array/port v0xb9d19a10b240, 4788;
E_0xb9d199e68640/1198 .event anyedge, v0xb9d19a10b240_4785, v0xb9d19a10b240_4786, v0xb9d19a10b240_4787, v0xb9d19a10b240_4788;
v0xb9d19a10b240_4789 .array/port v0xb9d19a10b240, 4789;
v0xb9d19a10b240_4790 .array/port v0xb9d19a10b240, 4790;
v0xb9d19a10b240_4791 .array/port v0xb9d19a10b240, 4791;
v0xb9d19a10b240_4792 .array/port v0xb9d19a10b240, 4792;
E_0xb9d199e68640/1199 .event anyedge, v0xb9d19a10b240_4789, v0xb9d19a10b240_4790, v0xb9d19a10b240_4791, v0xb9d19a10b240_4792;
v0xb9d19a10b240_4793 .array/port v0xb9d19a10b240, 4793;
v0xb9d19a10b240_4794 .array/port v0xb9d19a10b240, 4794;
v0xb9d19a10b240_4795 .array/port v0xb9d19a10b240, 4795;
v0xb9d19a10b240_4796 .array/port v0xb9d19a10b240, 4796;
E_0xb9d199e68640/1200 .event anyedge, v0xb9d19a10b240_4793, v0xb9d19a10b240_4794, v0xb9d19a10b240_4795, v0xb9d19a10b240_4796;
v0xb9d19a10b240_4797 .array/port v0xb9d19a10b240, 4797;
v0xb9d19a10b240_4798 .array/port v0xb9d19a10b240, 4798;
v0xb9d19a10b240_4799 .array/port v0xb9d19a10b240, 4799;
v0xb9d19a10b240_4800 .array/port v0xb9d19a10b240, 4800;
E_0xb9d199e68640/1201 .event anyedge, v0xb9d19a10b240_4797, v0xb9d19a10b240_4798, v0xb9d19a10b240_4799, v0xb9d19a10b240_4800;
v0xb9d19a10b240_4801 .array/port v0xb9d19a10b240, 4801;
v0xb9d19a10b240_4802 .array/port v0xb9d19a10b240, 4802;
v0xb9d19a10b240_4803 .array/port v0xb9d19a10b240, 4803;
v0xb9d19a10b240_4804 .array/port v0xb9d19a10b240, 4804;
E_0xb9d199e68640/1202 .event anyedge, v0xb9d19a10b240_4801, v0xb9d19a10b240_4802, v0xb9d19a10b240_4803, v0xb9d19a10b240_4804;
v0xb9d19a10b240_4805 .array/port v0xb9d19a10b240, 4805;
v0xb9d19a10b240_4806 .array/port v0xb9d19a10b240, 4806;
v0xb9d19a10b240_4807 .array/port v0xb9d19a10b240, 4807;
v0xb9d19a10b240_4808 .array/port v0xb9d19a10b240, 4808;
E_0xb9d199e68640/1203 .event anyedge, v0xb9d19a10b240_4805, v0xb9d19a10b240_4806, v0xb9d19a10b240_4807, v0xb9d19a10b240_4808;
v0xb9d19a10b240_4809 .array/port v0xb9d19a10b240, 4809;
v0xb9d19a10b240_4810 .array/port v0xb9d19a10b240, 4810;
v0xb9d19a10b240_4811 .array/port v0xb9d19a10b240, 4811;
v0xb9d19a10b240_4812 .array/port v0xb9d19a10b240, 4812;
E_0xb9d199e68640/1204 .event anyedge, v0xb9d19a10b240_4809, v0xb9d19a10b240_4810, v0xb9d19a10b240_4811, v0xb9d19a10b240_4812;
v0xb9d19a10b240_4813 .array/port v0xb9d19a10b240, 4813;
v0xb9d19a10b240_4814 .array/port v0xb9d19a10b240, 4814;
v0xb9d19a10b240_4815 .array/port v0xb9d19a10b240, 4815;
v0xb9d19a10b240_4816 .array/port v0xb9d19a10b240, 4816;
E_0xb9d199e68640/1205 .event anyedge, v0xb9d19a10b240_4813, v0xb9d19a10b240_4814, v0xb9d19a10b240_4815, v0xb9d19a10b240_4816;
v0xb9d19a10b240_4817 .array/port v0xb9d19a10b240, 4817;
v0xb9d19a10b240_4818 .array/port v0xb9d19a10b240, 4818;
v0xb9d19a10b240_4819 .array/port v0xb9d19a10b240, 4819;
v0xb9d19a10b240_4820 .array/port v0xb9d19a10b240, 4820;
E_0xb9d199e68640/1206 .event anyedge, v0xb9d19a10b240_4817, v0xb9d19a10b240_4818, v0xb9d19a10b240_4819, v0xb9d19a10b240_4820;
v0xb9d19a10b240_4821 .array/port v0xb9d19a10b240, 4821;
v0xb9d19a10b240_4822 .array/port v0xb9d19a10b240, 4822;
v0xb9d19a10b240_4823 .array/port v0xb9d19a10b240, 4823;
v0xb9d19a10b240_4824 .array/port v0xb9d19a10b240, 4824;
E_0xb9d199e68640/1207 .event anyedge, v0xb9d19a10b240_4821, v0xb9d19a10b240_4822, v0xb9d19a10b240_4823, v0xb9d19a10b240_4824;
v0xb9d19a10b240_4825 .array/port v0xb9d19a10b240, 4825;
v0xb9d19a10b240_4826 .array/port v0xb9d19a10b240, 4826;
v0xb9d19a10b240_4827 .array/port v0xb9d19a10b240, 4827;
v0xb9d19a10b240_4828 .array/port v0xb9d19a10b240, 4828;
E_0xb9d199e68640/1208 .event anyedge, v0xb9d19a10b240_4825, v0xb9d19a10b240_4826, v0xb9d19a10b240_4827, v0xb9d19a10b240_4828;
v0xb9d19a10b240_4829 .array/port v0xb9d19a10b240, 4829;
v0xb9d19a10b240_4830 .array/port v0xb9d19a10b240, 4830;
v0xb9d19a10b240_4831 .array/port v0xb9d19a10b240, 4831;
v0xb9d19a10b240_4832 .array/port v0xb9d19a10b240, 4832;
E_0xb9d199e68640/1209 .event anyedge, v0xb9d19a10b240_4829, v0xb9d19a10b240_4830, v0xb9d19a10b240_4831, v0xb9d19a10b240_4832;
v0xb9d19a10b240_4833 .array/port v0xb9d19a10b240, 4833;
v0xb9d19a10b240_4834 .array/port v0xb9d19a10b240, 4834;
v0xb9d19a10b240_4835 .array/port v0xb9d19a10b240, 4835;
v0xb9d19a10b240_4836 .array/port v0xb9d19a10b240, 4836;
E_0xb9d199e68640/1210 .event anyedge, v0xb9d19a10b240_4833, v0xb9d19a10b240_4834, v0xb9d19a10b240_4835, v0xb9d19a10b240_4836;
v0xb9d19a10b240_4837 .array/port v0xb9d19a10b240, 4837;
v0xb9d19a10b240_4838 .array/port v0xb9d19a10b240, 4838;
v0xb9d19a10b240_4839 .array/port v0xb9d19a10b240, 4839;
v0xb9d19a10b240_4840 .array/port v0xb9d19a10b240, 4840;
E_0xb9d199e68640/1211 .event anyedge, v0xb9d19a10b240_4837, v0xb9d19a10b240_4838, v0xb9d19a10b240_4839, v0xb9d19a10b240_4840;
v0xb9d19a10b240_4841 .array/port v0xb9d19a10b240, 4841;
v0xb9d19a10b240_4842 .array/port v0xb9d19a10b240, 4842;
v0xb9d19a10b240_4843 .array/port v0xb9d19a10b240, 4843;
v0xb9d19a10b240_4844 .array/port v0xb9d19a10b240, 4844;
E_0xb9d199e68640/1212 .event anyedge, v0xb9d19a10b240_4841, v0xb9d19a10b240_4842, v0xb9d19a10b240_4843, v0xb9d19a10b240_4844;
v0xb9d19a10b240_4845 .array/port v0xb9d19a10b240, 4845;
v0xb9d19a10b240_4846 .array/port v0xb9d19a10b240, 4846;
v0xb9d19a10b240_4847 .array/port v0xb9d19a10b240, 4847;
v0xb9d19a10b240_4848 .array/port v0xb9d19a10b240, 4848;
E_0xb9d199e68640/1213 .event anyedge, v0xb9d19a10b240_4845, v0xb9d19a10b240_4846, v0xb9d19a10b240_4847, v0xb9d19a10b240_4848;
v0xb9d19a10b240_4849 .array/port v0xb9d19a10b240, 4849;
v0xb9d19a10b240_4850 .array/port v0xb9d19a10b240, 4850;
v0xb9d19a10b240_4851 .array/port v0xb9d19a10b240, 4851;
v0xb9d19a10b240_4852 .array/port v0xb9d19a10b240, 4852;
E_0xb9d199e68640/1214 .event anyedge, v0xb9d19a10b240_4849, v0xb9d19a10b240_4850, v0xb9d19a10b240_4851, v0xb9d19a10b240_4852;
v0xb9d19a10b240_4853 .array/port v0xb9d19a10b240, 4853;
v0xb9d19a10b240_4854 .array/port v0xb9d19a10b240, 4854;
v0xb9d19a10b240_4855 .array/port v0xb9d19a10b240, 4855;
v0xb9d19a10b240_4856 .array/port v0xb9d19a10b240, 4856;
E_0xb9d199e68640/1215 .event anyedge, v0xb9d19a10b240_4853, v0xb9d19a10b240_4854, v0xb9d19a10b240_4855, v0xb9d19a10b240_4856;
v0xb9d19a10b240_4857 .array/port v0xb9d19a10b240, 4857;
v0xb9d19a10b240_4858 .array/port v0xb9d19a10b240, 4858;
v0xb9d19a10b240_4859 .array/port v0xb9d19a10b240, 4859;
v0xb9d19a10b240_4860 .array/port v0xb9d19a10b240, 4860;
E_0xb9d199e68640/1216 .event anyedge, v0xb9d19a10b240_4857, v0xb9d19a10b240_4858, v0xb9d19a10b240_4859, v0xb9d19a10b240_4860;
v0xb9d19a10b240_4861 .array/port v0xb9d19a10b240, 4861;
v0xb9d19a10b240_4862 .array/port v0xb9d19a10b240, 4862;
v0xb9d19a10b240_4863 .array/port v0xb9d19a10b240, 4863;
v0xb9d19a10b240_4864 .array/port v0xb9d19a10b240, 4864;
E_0xb9d199e68640/1217 .event anyedge, v0xb9d19a10b240_4861, v0xb9d19a10b240_4862, v0xb9d19a10b240_4863, v0xb9d19a10b240_4864;
v0xb9d19a10b240_4865 .array/port v0xb9d19a10b240, 4865;
v0xb9d19a10b240_4866 .array/port v0xb9d19a10b240, 4866;
v0xb9d19a10b240_4867 .array/port v0xb9d19a10b240, 4867;
v0xb9d19a10b240_4868 .array/port v0xb9d19a10b240, 4868;
E_0xb9d199e68640/1218 .event anyedge, v0xb9d19a10b240_4865, v0xb9d19a10b240_4866, v0xb9d19a10b240_4867, v0xb9d19a10b240_4868;
v0xb9d19a10b240_4869 .array/port v0xb9d19a10b240, 4869;
v0xb9d19a10b240_4870 .array/port v0xb9d19a10b240, 4870;
v0xb9d19a10b240_4871 .array/port v0xb9d19a10b240, 4871;
v0xb9d19a10b240_4872 .array/port v0xb9d19a10b240, 4872;
E_0xb9d199e68640/1219 .event anyedge, v0xb9d19a10b240_4869, v0xb9d19a10b240_4870, v0xb9d19a10b240_4871, v0xb9d19a10b240_4872;
v0xb9d19a10b240_4873 .array/port v0xb9d19a10b240, 4873;
v0xb9d19a10b240_4874 .array/port v0xb9d19a10b240, 4874;
v0xb9d19a10b240_4875 .array/port v0xb9d19a10b240, 4875;
v0xb9d19a10b240_4876 .array/port v0xb9d19a10b240, 4876;
E_0xb9d199e68640/1220 .event anyedge, v0xb9d19a10b240_4873, v0xb9d19a10b240_4874, v0xb9d19a10b240_4875, v0xb9d19a10b240_4876;
v0xb9d19a10b240_4877 .array/port v0xb9d19a10b240, 4877;
v0xb9d19a10b240_4878 .array/port v0xb9d19a10b240, 4878;
v0xb9d19a10b240_4879 .array/port v0xb9d19a10b240, 4879;
v0xb9d19a10b240_4880 .array/port v0xb9d19a10b240, 4880;
E_0xb9d199e68640/1221 .event anyedge, v0xb9d19a10b240_4877, v0xb9d19a10b240_4878, v0xb9d19a10b240_4879, v0xb9d19a10b240_4880;
v0xb9d19a10b240_4881 .array/port v0xb9d19a10b240, 4881;
v0xb9d19a10b240_4882 .array/port v0xb9d19a10b240, 4882;
v0xb9d19a10b240_4883 .array/port v0xb9d19a10b240, 4883;
v0xb9d19a10b240_4884 .array/port v0xb9d19a10b240, 4884;
E_0xb9d199e68640/1222 .event anyedge, v0xb9d19a10b240_4881, v0xb9d19a10b240_4882, v0xb9d19a10b240_4883, v0xb9d19a10b240_4884;
v0xb9d19a10b240_4885 .array/port v0xb9d19a10b240, 4885;
v0xb9d19a10b240_4886 .array/port v0xb9d19a10b240, 4886;
v0xb9d19a10b240_4887 .array/port v0xb9d19a10b240, 4887;
v0xb9d19a10b240_4888 .array/port v0xb9d19a10b240, 4888;
E_0xb9d199e68640/1223 .event anyedge, v0xb9d19a10b240_4885, v0xb9d19a10b240_4886, v0xb9d19a10b240_4887, v0xb9d19a10b240_4888;
v0xb9d19a10b240_4889 .array/port v0xb9d19a10b240, 4889;
v0xb9d19a10b240_4890 .array/port v0xb9d19a10b240, 4890;
v0xb9d19a10b240_4891 .array/port v0xb9d19a10b240, 4891;
v0xb9d19a10b240_4892 .array/port v0xb9d19a10b240, 4892;
E_0xb9d199e68640/1224 .event anyedge, v0xb9d19a10b240_4889, v0xb9d19a10b240_4890, v0xb9d19a10b240_4891, v0xb9d19a10b240_4892;
v0xb9d19a10b240_4893 .array/port v0xb9d19a10b240, 4893;
v0xb9d19a10b240_4894 .array/port v0xb9d19a10b240, 4894;
v0xb9d19a10b240_4895 .array/port v0xb9d19a10b240, 4895;
v0xb9d19a10b240_4896 .array/port v0xb9d19a10b240, 4896;
E_0xb9d199e68640/1225 .event anyedge, v0xb9d19a10b240_4893, v0xb9d19a10b240_4894, v0xb9d19a10b240_4895, v0xb9d19a10b240_4896;
v0xb9d19a10b240_4897 .array/port v0xb9d19a10b240, 4897;
v0xb9d19a10b240_4898 .array/port v0xb9d19a10b240, 4898;
v0xb9d19a10b240_4899 .array/port v0xb9d19a10b240, 4899;
v0xb9d19a10b240_4900 .array/port v0xb9d19a10b240, 4900;
E_0xb9d199e68640/1226 .event anyedge, v0xb9d19a10b240_4897, v0xb9d19a10b240_4898, v0xb9d19a10b240_4899, v0xb9d19a10b240_4900;
v0xb9d19a10b240_4901 .array/port v0xb9d19a10b240, 4901;
v0xb9d19a10b240_4902 .array/port v0xb9d19a10b240, 4902;
v0xb9d19a10b240_4903 .array/port v0xb9d19a10b240, 4903;
v0xb9d19a10b240_4904 .array/port v0xb9d19a10b240, 4904;
E_0xb9d199e68640/1227 .event anyedge, v0xb9d19a10b240_4901, v0xb9d19a10b240_4902, v0xb9d19a10b240_4903, v0xb9d19a10b240_4904;
v0xb9d19a10b240_4905 .array/port v0xb9d19a10b240, 4905;
v0xb9d19a10b240_4906 .array/port v0xb9d19a10b240, 4906;
v0xb9d19a10b240_4907 .array/port v0xb9d19a10b240, 4907;
v0xb9d19a10b240_4908 .array/port v0xb9d19a10b240, 4908;
E_0xb9d199e68640/1228 .event anyedge, v0xb9d19a10b240_4905, v0xb9d19a10b240_4906, v0xb9d19a10b240_4907, v0xb9d19a10b240_4908;
v0xb9d19a10b240_4909 .array/port v0xb9d19a10b240, 4909;
v0xb9d19a10b240_4910 .array/port v0xb9d19a10b240, 4910;
v0xb9d19a10b240_4911 .array/port v0xb9d19a10b240, 4911;
v0xb9d19a10b240_4912 .array/port v0xb9d19a10b240, 4912;
E_0xb9d199e68640/1229 .event anyedge, v0xb9d19a10b240_4909, v0xb9d19a10b240_4910, v0xb9d19a10b240_4911, v0xb9d19a10b240_4912;
v0xb9d19a10b240_4913 .array/port v0xb9d19a10b240, 4913;
v0xb9d19a10b240_4914 .array/port v0xb9d19a10b240, 4914;
v0xb9d19a10b240_4915 .array/port v0xb9d19a10b240, 4915;
v0xb9d19a10b240_4916 .array/port v0xb9d19a10b240, 4916;
E_0xb9d199e68640/1230 .event anyedge, v0xb9d19a10b240_4913, v0xb9d19a10b240_4914, v0xb9d19a10b240_4915, v0xb9d19a10b240_4916;
v0xb9d19a10b240_4917 .array/port v0xb9d19a10b240, 4917;
v0xb9d19a10b240_4918 .array/port v0xb9d19a10b240, 4918;
v0xb9d19a10b240_4919 .array/port v0xb9d19a10b240, 4919;
v0xb9d19a10b240_4920 .array/port v0xb9d19a10b240, 4920;
E_0xb9d199e68640/1231 .event anyedge, v0xb9d19a10b240_4917, v0xb9d19a10b240_4918, v0xb9d19a10b240_4919, v0xb9d19a10b240_4920;
v0xb9d19a10b240_4921 .array/port v0xb9d19a10b240, 4921;
v0xb9d19a10b240_4922 .array/port v0xb9d19a10b240, 4922;
v0xb9d19a10b240_4923 .array/port v0xb9d19a10b240, 4923;
v0xb9d19a10b240_4924 .array/port v0xb9d19a10b240, 4924;
E_0xb9d199e68640/1232 .event anyedge, v0xb9d19a10b240_4921, v0xb9d19a10b240_4922, v0xb9d19a10b240_4923, v0xb9d19a10b240_4924;
v0xb9d19a10b240_4925 .array/port v0xb9d19a10b240, 4925;
v0xb9d19a10b240_4926 .array/port v0xb9d19a10b240, 4926;
v0xb9d19a10b240_4927 .array/port v0xb9d19a10b240, 4927;
v0xb9d19a10b240_4928 .array/port v0xb9d19a10b240, 4928;
E_0xb9d199e68640/1233 .event anyedge, v0xb9d19a10b240_4925, v0xb9d19a10b240_4926, v0xb9d19a10b240_4927, v0xb9d19a10b240_4928;
v0xb9d19a10b240_4929 .array/port v0xb9d19a10b240, 4929;
v0xb9d19a10b240_4930 .array/port v0xb9d19a10b240, 4930;
v0xb9d19a10b240_4931 .array/port v0xb9d19a10b240, 4931;
v0xb9d19a10b240_4932 .array/port v0xb9d19a10b240, 4932;
E_0xb9d199e68640/1234 .event anyedge, v0xb9d19a10b240_4929, v0xb9d19a10b240_4930, v0xb9d19a10b240_4931, v0xb9d19a10b240_4932;
v0xb9d19a10b240_4933 .array/port v0xb9d19a10b240, 4933;
v0xb9d19a10b240_4934 .array/port v0xb9d19a10b240, 4934;
v0xb9d19a10b240_4935 .array/port v0xb9d19a10b240, 4935;
v0xb9d19a10b240_4936 .array/port v0xb9d19a10b240, 4936;
E_0xb9d199e68640/1235 .event anyedge, v0xb9d19a10b240_4933, v0xb9d19a10b240_4934, v0xb9d19a10b240_4935, v0xb9d19a10b240_4936;
v0xb9d19a10b240_4937 .array/port v0xb9d19a10b240, 4937;
v0xb9d19a10b240_4938 .array/port v0xb9d19a10b240, 4938;
v0xb9d19a10b240_4939 .array/port v0xb9d19a10b240, 4939;
v0xb9d19a10b240_4940 .array/port v0xb9d19a10b240, 4940;
E_0xb9d199e68640/1236 .event anyedge, v0xb9d19a10b240_4937, v0xb9d19a10b240_4938, v0xb9d19a10b240_4939, v0xb9d19a10b240_4940;
v0xb9d19a10b240_4941 .array/port v0xb9d19a10b240, 4941;
v0xb9d19a10b240_4942 .array/port v0xb9d19a10b240, 4942;
v0xb9d19a10b240_4943 .array/port v0xb9d19a10b240, 4943;
v0xb9d19a10b240_4944 .array/port v0xb9d19a10b240, 4944;
E_0xb9d199e68640/1237 .event anyedge, v0xb9d19a10b240_4941, v0xb9d19a10b240_4942, v0xb9d19a10b240_4943, v0xb9d19a10b240_4944;
v0xb9d19a10b240_4945 .array/port v0xb9d19a10b240, 4945;
v0xb9d19a10b240_4946 .array/port v0xb9d19a10b240, 4946;
v0xb9d19a10b240_4947 .array/port v0xb9d19a10b240, 4947;
v0xb9d19a10b240_4948 .array/port v0xb9d19a10b240, 4948;
E_0xb9d199e68640/1238 .event anyedge, v0xb9d19a10b240_4945, v0xb9d19a10b240_4946, v0xb9d19a10b240_4947, v0xb9d19a10b240_4948;
v0xb9d19a10b240_4949 .array/port v0xb9d19a10b240, 4949;
v0xb9d19a10b240_4950 .array/port v0xb9d19a10b240, 4950;
v0xb9d19a10b240_4951 .array/port v0xb9d19a10b240, 4951;
v0xb9d19a10b240_4952 .array/port v0xb9d19a10b240, 4952;
E_0xb9d199e68640/1239 .event anyedge, v0xb9d19a10b240_4949, v0xb9d19a10b240_4950, v0xb9d19a10b240_4951, v0xb9d19a10b240_4952;
v0xb9d19a10b240_4953 .array/port v0xb9d19a10b240, 4953;
v0xb9d19a10b240_4954 .array/port v0xb9d19a10b240, 4954;
v0xb9d19a10b240_4955 .array/port v0xb9d19a10b240, 4955;
v0xb9d19a10b240_4956 .array/port v0xb9d19a10b240, 4956;
E_0xb9d199e68640/1240 .event anyedge, v0xb9d19a10b240_4953, v0xb9d19a10b240_4954, v0xb9d19a10b240_4955, v0xb9d19a10b240_4956;
v0xb9d19a10b240_4957 .array/port v0xb9d19a10b240, 4957;
v0xb9d19a10b240_4958 .array/port v0xb9d19a10b240, 4958;
v0xb9d19a10b240_4959 .array/port v0xb9d19a10b240, 4959;
v0xb9d19a10b240_4960 .array/port v0xb9d19a10b240, 4960;
E_0xb9d199e68640/1241 .event anyedge, v0xb9d19a10b240_4957, v0xb9d19a10b240_4958, v0xb9d19a10b240_4959, v0xb9d19a10b240_4960;
v0xb9d19a10b240_4961 .array/port v0xb9d19a10b240, 4961;
v0xb9d19a10b240_4962 .array/port v0xb9d19a10b240, 4962;
v0xb9d19a10b240_4963 .array/port v0xb9d19a10b240, 4963;
v0xb9d19a10b240_4964 .array/port v0xb9d19a10b240, 4964;
E_0xb9d199e68640/1242 .event anyedge, v0xb9d19a10b240_4961, v0xb9d19a10b240_4962, v0xb9d19a10b240_4963, v0xb9d19a10b240_4964;
v0xb9d19a10b240_4965 .array/port v0xb9d19a10b240, 4965;
v0xb9d19a10b240_4966 .array/port v0xb9d19a10b240, 4966;
v0xb9d19a10b240_4967 .array/port v0xb9d19a10b240, 4967;
v0xb9d19a10b240_4968 .array/port v0xb9d19a10b240, 4968;
E_0xb9d199e68640/1243 .event anyedge, v0xb9d19a10b240_4965, v0xb9d19a10b240_4966, v0xb9d19a10b240_4967, v0xb9d19a10b240_4968;
v0xb9d19a10b240_4969 .array/port v0xb9d19a10b240, 4969;
v0xb9d19a10b240_4970 .array/port v0xb9d19a10b240, 4970;
v0xb9d19a10b240_4971 .array/port v0xb9d19a10b240, 4971;
v0xb9d19a10b240_4972 .array/port v0xb9d19a10b240, 4972;
E_0xb9d199e68640/1244 .event anyedge, v0xb9d19a10b240_4969, v0xb9d19a10b240_4970, v0xb9d19a10b240_4971, v0xb9d19a10b240_4972;
v0xb9d19a10b240_4973 .array/port v0xb9d19a10b240, 4973;
v0xb9d19a10b240_4974 .array/port v0xb9d19a10b240, 4974;
v0xb9d19a10b240_4975 .array/port v0xb9d19a10b240, 4975;
v0xb9d19a10b240_4976 .array/port v0xb9d19a10b240, 4976;
E_0xb9d199e68640/1245 .event anyedge, v0xb9d19a10b240_4973, v0xb9d19a10b240_4974, v0xb9d19a10b240_4975, v0xb9d19a10b240_4976;
v0xb9d19a10b240_4977 .array/port v0xb9d19a10b240, 4977;
v0xb9d19a10b240_4978 .array/port v0xb9d19a10b240, 4978;
v0xb9d19a10b240_4979 .array/port v0xb9d19a10b240, 4979;
v0xb9d19a10b240_4980 .array/port v0xb9d19a10b240, 4980;
E_0xb9d199e68640/1246 .event anyedge, v0xb9d19a10b240_4977, v0xb9d19a10b240_4978, v0xb9d19a10b240_4979, v0xb9d19a10b240_4980;
v0xb9d19a10b240_4981 .array/port v0xb9d19a10b240, 4981;
v0xb9d19a10b240_4982 .array/port v0xb9d19a10b240, 4982;
v0xb9d19a10b240_4983 .array/port v0xb9d19a10b240, 4983;
v0xb9d19a10b240_4984 .array/port v0xb9d19a10b240, 4984;
E_0xb9d199e68640/1247 .event anyedge, v0xb9d19a10b240_4981, v0xb9d19a10b240_4982, v0xb9d19a10b240_4983, v0xb9d19a10b240_4984;
v0xb9d19a10b240_4985 .array/port v0xb9d19a10b240, 4985;
v0xb9d19a10b240_4986 .array/port v0xb9d19a10b240, 4986;
v0xb9d19a10b240_4987 .array/port v0xb9d19a10b240, 4987;
v0xb9d19a10b240_4988 .array/port v0xb9d19a10b240, 4988;
E_0xb9d199e68640/1248 .event anyedge, v0xb9d19a10b240_4985, v0xb9d19a10b240_4986, v0xb9d19a10b240_4987, v0xb9d19a10b240_4988;
v0xb9d19a10b240_4989 .array/port v0xb9d19a10b240, 4989;
v0xb9d19a10b240_4990 .array/port v0xb9d19a10b240, 4990;
v0xb9d19a10b240_4991 .array/port v0xb9d19a10b240, 4991;
v0xb9d19a10b240_4992 .array/port v0xb9d19a10b240, 4992;
E_0xb9d199e68640/1249 .event anyedge, v0xb9d19a10b240_4989, v0xb9d19a10b240_4990, v0xb9d19a10b240_4991, v0xb9d19a10b240_4992;
v0xb9d19a10b240_4993 .array/port v0xb9d19a10b240, 4993;
v0xb9d19a10b240_4994 .array/port v0xb9d19a10b240, 4994;
v0xb9d19a10b240_4995 .array/port v0xb9d19a10b240, 4995;
v0xb9d19a10b240_4996 .array/port v0xb9d19a10b240, 4996;
E_0xb9d199e68640/1250 .event anyedge, v0xb9d19a10b240_4993, v0xb9d19a10b240_4994, v0xb9d19a10b240_4995, v0xb9d19a10b240_4996;
v0xb9d19a10b240_4997 .array/port v0xb9d19a10b240, 4997;
v0xb9d19a10b240_4998 .array/port v0xb9d19a10b240, 4998;
v0xb9d19a10b240_4999 .array/port v0xb9d19a10b240, 4999;
v0xb9d19a10b240_5000 .array/port v0xb9d19a10b240, 5000;
E_0xb9d199e68640/1251 .event anyedge, v0xb9d19a10b240_4997, v0xb9d19a10b240_4998, v0xb9d19a10b240_4999, v0xb9d19a10b240_5000;
v0xb9d19a10b240_5001 .array/port v0xb9d19a10b240, 5001;
v0xb9d19a10b240_5002 .array/port v0xb9d19a10b240, 5002;
v0xb9d19a10b240_5003 .array/port v0xb9d19a10b240, 5003;
v0xb9d19a10b240_5004 .array/port v0xb9d19a10b240, 5004;
E_0xb9d199e68640/1252 .event anyedge, v0xb9d19a10b240_5001, v0xb9d19a10b240_5002, v0xb9d19a10b240_5003, v0xb9d19a10b240_5004;
v0xb9d19a10b240_5005 .array/port v0xb9d19a10b240, 5005;
v0xb9d19a10b240_5006 .array/port v0xb9d19a10b240, 5006;
v0xb9d19a10b240_5007 .array/port v0xb9d19a10b240, 5007;
v0xb9d19a10b240_5008 .array/port v0xb9d19a10b240, 5008;
E_0xb9d199e68640/1253 .event anyedge, v0xb9d19a10b240_5005, v0xb9d19a10b240_5006, v0xb9d19a10b240_5007, v0xb9d19a10b240_5008;
v0xb9d19a10b240_5009 .array/port v0xb9d19a10b240, 5009;
v0xb9d19a10b240_5010 .array/port v0xb9d19a10b240, 5010;
v0xb9d19a10b240_5011 .array/port v0xb9d19a10b240, 5011;
v0xb9d19a10b240_5012 .array/port v0xb9d19a10b240, 5012;
E_0xb9d199e68640/1254 .event anyedge, v0xb9d19a10b240_5009, v0xb9d19a10b240_5010, v0xb9d19a10b240_5011, v0xb9d19a10b240_5012;
v0xb9d19a10b240_5013 .array/port v0xb9d19a10b240, 5013;
v0xb9d19a10b240_5014 .array/port v0xb9d19a10b240, 5014;
v0xb9d19a10b240_5015 .array/port v0xb9d19a10b240, 5015;
v0xb9d19a10b240_5016 .array/port v0xb9d19a10b240, 5016;
E_0xb9d199e68640/1255 .event anyedge, v0xb9d19a10b240_5013, v0xb9d19a10b240_5014, v0xb9d19a10b240_5015, v0xb9d19a10b240_5016;
v0xb9d19a10b240_5017 .array/port v0xb9d19a10b240, 5017;
v0xb9d19a10b240_5018 .array/port v0xb9d19a10b240, 5018;
v0xb9d19a10b240_5019 .array/port v0xb9d19a10b240, 5019;
v0xb9d19a10b240_5020 .array/port v0xb9d19a10b240, 5020;
E_0xb9d199e68640/1256 .event anyedge, v0xb9d19a10b240_5017, v0xb9d19a10b240_5018, v0xb9d19a10b240_5019, v0xb9d19a10b240_5020;
v0xb9d19a10b240_5021 .array/port v0xb9d19a10b240, 5021;
v0xb9d19a10b240_5022 .array/port v0xb9d19a10b240, 5022;
v0xb9d19a10b240_5023 .array/port v0xb9d19a10b240, 5023;
v0xb9d19a10b240_5024 .array/port v0xb9d19a10b240, 5024;
E_0xb9d199e68640/1257 .event anyedge, v0xb9d19a10b240_5021, v0xb9d19a10b240_5022, v0xb9d19a10b240_5023, v0xb9d19a10b240_5024;
v0xb9d19a10b240_5025 .array/port v0xb9d19a10b240, 5025;
v0xb9d19a10b240_5026 .array/port v0xb9d19a10b240, 5026;
v0xb9d19a10b240_5027 .array/port v0xb9d19a10b240, 5027;
v0xb9d19a10b240_5028 .array/port v0xb9d19a10b240, 5028;
E_0xb9d199e68640/1258 .event anyedge, v0xb9d19a10b240_5025, v0xb9d19a10b240_5026, v0xb9d19a10b240_5027, v0xb9d19a10b240_5028;
v0xb9d19a10b240_5029 .array/port v0xb9d19a10b240, 5029;
v0xb9d19a10b240_5030 .array/port v0xb9d19a10b240, 5030;
v0xb9d19a10b240_5031 .array/port v0xb9d19a10b240, 5031;
v0xb9d19a10b240_5032 .array/port v0xb9d19a10b240, 5032;
E_0xb9d199e68640/1259 .event anyedge, v0xb9d19a10b240_5029, v0xb9d19a10b240_5030, v0xb9d19a10b240_5031, v0xb9d19a10b240_5032;
v0xb9d19a10b240_5033 .array/port v0xb9d19a10b240, 5033;
v0xb9d19a10b240_5034 .array/port v0xb9d19a10b240, 5034;
v0xb9d19a10b240_5035 .array/port v0xb9d19a10b240, 5035;
v0xb9d19a10b240_5036 .array/port v0xb9d19a10b240, 5036;
E_0xb9d199e68640/1260 .event anyedge, v0xb9d19a10b240_5033, v0xb9d19a10b240_5034, v0xb9d19a10b240_5035, v0xb9d19a10b240_5036;
v0xb9d19a10b240_5037 .array/port v0xb9d19a10b240, 5037;
v0xb9d19a10b240_5038 .array/port v0xb9d19a10b240, 5038;
v0xb9d19a10b240_5039 .array/port v0xb9d19a10b240, 5039;
v0xb9d19a10b240_5040 .array/port v0xb9d19a10b240, 5040;
E_0xb9d199e68640/1261 .event anyedge, v0xb9d19a10b240_5037, v0xb9d19a10b240_5038, v0xb9d19a10b240_5039, v0xb9d19a10b240_5040;
v0xb9d19a10b240_5041 .array/port v0xb9d19a10b240, 5041;
v0xb9d19a10b240_5042 .array/port v0xb9d19a10b240, 5042;
v0xb9d19a10b240_5043 .array/port v0xb9d19a10b240, 5043;
v0xb9d19a10b240_5044 .array/port v0xb9d19a10b240, 5044;
E_0xb9d199e68640/1262 .event anyedge, v0xb9d19a10b240_5041, v0xb9d19a10b240_5042, v0xb9d19a10b240_5043, v0xb9d19a10b240_5044;
v0xb9d19a10b240_5045 .array/port v0xb9d19a10b240, 5045;
v0xb9d19a10b240_5046 .array/port v0xb9d19a10b240, 5046;
v0xb9d19a10b240_5047 .array/port v0xb9d19a10b240, 5047;
v0xb9d19a10b240_5048 .array/port v0xb9d19a10b240, 5048;
E_0xb9d199e68640/1263 .event anyedge, v0xb9d19a10b240_5045, v0xb9d19a10b240_5046, v0xb9d19a10b240_5047, v0xb9d19a10b240_5048;
v0xb9d19a10b240_5049 .array/port v0xb9d19a10b240, 5049;
v0xb9d19a10b240_5050 .array/port v0xb9d19a10b240, 5050;
v0xb9d19a10b240_5051 .array/port v0xb9d19a10b240, 5051;
v0xb9d19a10b240_5052 .array/port v0xb9d19a10b240, 5052;
E_0xb9d199e68640/1264 .event anyedge, v0xb9d19a10b240_5049, v0xb9d19a10b240_5050, v0xb9d19a10b240_5051, v0xb9d19a10b240_5052;
v0xb9d19a10b240_5053 .array/port v0xb9d19a10b240, 5053;
v0xb9d19a10b240_5054 .array/port v0xb9d19a10b240, 5054;
v0xb9d19a10b240_5055 .array/port v0xb9d19a10b240, 5055;
v0xb9d19a10b240_5056 .array/port v0xb9d19a10b240, 5056;
E_0xb9d199e68640/1265 .event anyedge, v0xb9d19a10b240_5053, v0xb9d19a10b240_5054, v0xb9d19a10b240_5055, v0xb9d19a10b240_5056;
v0xb9d19a10b240_5057 .array/port v0xb9d19a10b240, 5057;
v0xb9d19a10b240_5058 .array/port v0xb9d19a10b240, 5058;
v0xb9d19a10b240_5059 .array/port v0xb9d19a10b240, 5059;
v0xb9d19a10b240_5060 .array/port v0xb9d19a10b240, 5060;
E_0xb9d199e68640/1266 .event anyedge, v0xb9d19a10b240_5057, v0xb9d19a10b240_5058, v0xb9d19a10b240_5059, v0xb9d19a10b240_5060;
v0xb9d19a10b240_5061 .array/port v0xb9d19a10b240, 5061;
v0xb9d19a10b240_5062 .array/port v0xb9d19a10b240, 5062;
v0xb9d19a10b240_5063 .array/port v0xb9d19a10b240, 5063;
v0xb9d19a10b240_5064 .array/port v0xb9d19a10b240, 5064;
E_0xb9d199e68640/1267 .event anyedge, v0xb9d19a10b240_5061, v0xb9d19a10b240_5062, v0xb9d19a10b240_5063, v0xb9d19a10b240_5064;
v0xb9d19a10b240_5065 .array/port v0xb9d19a10b240, 5065;
v0xb9d19a10b240_5066 .array/port v0xb9d19a10b240, 5066;
v0xb9d19a10b240_5067 .array/port v0xb9d19a10b240, 5067;
v0xb9d19a10b240_5068 .array/port v0xb9d19a10b240, 5068;
E_0xb9d199e68640/1268 .event anyedge, v0xb9d19a10b240_5065, v0xb9d19a10b240_5066, v0xb9d19a10b240_5067, v0xb9d19a10b240_5068;
v0xb9d19a10b240_5069 .array/port v0xb9d19a10b240, 5069;
v0xb9d19a10b240_5070 .array/port v0xb9d19a10b240, 5070;
v0xb9d19a10b240_5071 .array/port v0xb9d19a10b240, 5071;
v0xb9d19a10b240_5072 .array/port v0xb9d19a10b240, 5072;
E_0xb9d199e68640/1269 .event anyedge, v0xb9d19a10b240_5069, v0xb9d19a10b240_5070, v0xb9d19a10b240_5071, v0xb9d19a10b240_5072;
v0xb9d19a10b240_5073 .array/port v0xb9d19a10b240, 5073;
v0xb9d19a10b240_5074 .array/port v0xb9d19a10b240, 5074;
v0xb9d19a10b240_5075 .array/port v0xb9d19a10b240, 5075;
v0xb9d19a10b240_5076 .array/port v0xb9d19a10b240, 5076;
E_0xb9d199e68640/1270 .event anyedge, v0xb9d19a10b240_5073, v0xb9d19a10b240_5074, v0xb9d19a10b240_5075, v0xb9d19a10b240_5076;
v0xb9d19a10b240_5077 .array/port v0xb9d19a10b240, 5077;
v0xb9d19a10b240_5078 .array/port v0xb9d19a10b240, 5078;
v0xb9d19a10b240_5079 .array/port v0xb9d19a10b240, 5079;
v0xb9d19a10b240_5080 .array/port v0xb9d19a10b240, 5080;
E_0xb9d199e68640/1271 .event anyedge, v0xb9d19a10b240_5077, v0xb9d19a10b240_5078, v0xb9d19a10b240_5079, v0xb9d19a10b240_5080;
v0xb9d19a10b240_5081 .array/port v0xb9d19a10b240, 5081;
v0xb9d19a10b240_5082 .array/port v0xb9d19a10b240, 5082;
v0xb9d19a10b240_5083 .array/port v0xb9d19a10b240, 5083;
v0xb9d19a10b240_5084 .array/port v0xb9d19a10b240, 5084;
E_0xb9d199e68640/1272 .event anyedge, v0xb9d19a10b240_5081, v0xb9d19a10b240_5082, v0xb9d19a10b240_5083, v0xb9d19a10b240_5084;
v0xb9d19a10b240_5085 .array/port v0xb9d19a10b240, 5085;
v0xb9d19a10b240_5086 .array/port v0xb9d19a10b240, 5086;
v0xb9d19a10b240_5087 .array/port v0xb9d19a10b240, 5087;
v0xb9d19a10b240_5088 .array/port v0xb9d19a10b240, 5088;
E_0xb9d199e68640/1273 .event anyedge, v0xb9d19a10b240_5085, v0xb9d19a10b240_5086, v0xb9d19a10b240_5087, v0xb9d19a10b240_5088;
v0xb9d19a10b240_5089 .array/port v0xb9d19a10b240, 5089;
v0xb9d19a10b240_5090 .array/port v0xb9d19a10b240, 5090;
v0xb9d19a10b240_5091 .array/port v0xb9d19a10b240, 5091;
v0xb9d19a10b240_5092 .array/port v0xb9d19a10b240, 5092;
E_0xb9d199e68640/1274 .event anyedge, v0xb9d19a10b240_5089, v0xb9d19a10b240_5090, v0xb9d19a10b240_5091, v0xb9d19a10b240_5092;
v0xb9d19a10b240_5093 .array/port v0xb9d19a10b240, 5093;
v0xb9d19a10b240_5094 .array/port v0xb9d19a10b240, 5094;
v0xb9d19a10b240_5095 .array/port v0xb9d19a10b240, 5095;
v0xb9d19a10b240_5096 .array/port v0xb9d19a10b240, 5096;
E_0xb9d199e68640/1275 .event anyedge, v0xb9d19a10b240_5093, v0xb9d19a10b240_5094, v0xb9d19a10b240_5095, v0xb9d19a10b240_5096;
v0xb9d19a10b240_5097 .array/port v0xb9d19a10b240, 5097;
v0xb9d19a10b240_5098 .array/port v0xb9d19a10b240, 5098;
v0xb9d19a10b240_5099 .array/port v0xb9d19a10b240, 5099;
v0xb9d19a10b240_5100 .array/port v0xb9d19a10b240, 5100;
E_0xb9d199e68640/1276 .event anyedge, v0xb9d19a10b240_5097, v0xb9d19a10b240_5098, v0xb9d19a10b240_5099, v0xb9d19a10b240_5100;
v0xb9d19a10b240_5101 .array/port v0xb9d19a10b240, 5101;
v0xb9d19a10b240_5102 .array/port v0xb9d19a10b240, 5102;
v0xb9d19a10b240_5103 .array/port v0xb9d19a10b240, 5103;
v0xb9d19a10b240_5104 .array/port v0xb9d19a10b240, 5104;
E_0xb9d199e68640/1277 .event anyedge, v0xb9d19a10b240_5101, v0xb9d19a10b240_5102, v0xb9d19a10b240_5103, v0xb9d19a10b240_5104;
v0xb9d19a10b240_5105 .array/port v0xb9d19a10b240, 5105;
v0xb9d19a10b240_5106 .array/port v0xb9d19a10b240, 5106;
v0xb9d19a10b240_5107 .array/port v0xb9d19a10b240, 5107;
v0xb9d19a10b240_5108 .array/port v0xb9d19a10b240, 5108;
E_0xb9d199e68640/1278 .event anyedge, v0xb9d19a10b240_5105, v0xb9d19a10b240_5106, v0xb9d19a10b240_5107, v0xb9d19a10b240_5108;
v0xb9d19a10b240_5109 .array/port v0xb9d19a10b240, 5109;
v0xb9d19a10b240_5110 .array/port v0xb9d19a10b240, 5110;
v0xb9d19a10b240_5111 .array/port v0xb9d19a10b240, 5111;
v0xb9d19a10b240_5112 .array/port v0xb9d19a10b240, 5112;
E_0xb9d199e68640/1279 .event anyedge, v0xb9d19a10b240_5109, v0xb9d19a10b240_5110, v0xb9d19a10b240_5111, v0xb9d19a10b240_5112;
v0xb9d19a10b240_5113 .array/port v0xb9d19a10b240, 5113;
v0xb9d19a10b240_5114 .array/port v0xb9d19a10b240, 5114;
v0xb9d19a10b240_5115 .array/port v0xb9d19a10b240, 5115;
v0xb9d19a10b240_5116 .array/port v0xb9d19a10b240, 5116;
E_0xb9d199e68640/1280 .event anyedge, v0xb9d19a10b240_5113, v0xb9d19a10b240_5114, v0xb9d19a10b240_5115, v0xb9d19a10b240_5116;
v0xb9d19a10b240_5117 .array/port v0xb9d19a10b240, 5117;
v0xb9d19a10b240_5118 .array/port v0xb9d19a10b240, 5118;
v0xb9d19a10b240_5119 .array/port v0xb9d19a10b240, 5119;
v0xb9d19a10b240_5120 .array/port v0xb9d19a10b240, 5120;
E_0xb9d199e68640/1281 .event anyedge, v0xb9d19a10b240_5117, v0xb9d19a10b240_5118, v0xb9d19a10b240_5119, v0xb9d19a10b240_5120;
v0xb9d19a10b240_5121 .array/port v0xb9d19a10b240, 5121;
v0xb9d19a10b240_5122 .array/port v0xb9d19a10b240, 5122;
v0xb9d19a10b240_5123 .array/port v0xb9d19a10b240, 5123;
v0xb9d19a10b240_5124 .array/port v0xb9d19a10b240, 5124;
E_0xb9d199e68640/1282 .event anyedge, v0xb9d19a10b240_5121, v0xb9d19a10b240_5122, v0xb9d19a10b240_5123, v0xb9d19a10b240_5124;
v0xb9d19a10b240_5125 .array/port v0xb9d19a10b240, 5125;
v0xb9d19a10b240_5126 .array/port v0xb9d19a10b240, 5126;
v0xb9d19a10b240_5127 .array/port v0xb9d19a10b240, 5127;
v0xb9d19a10b240_5128 .array/port v0xb9d19a10b240, 5128;
E_0xb9d199e68640/1283 .event anyedge, v0xb9d19a10b240_5125, v0xb9d19a10b240_5126, v0xb9d19a10b240_5127, v0xb9d19a10b240_5128;
v0xb9d19a10b240_5129 .array/port v0xb9d19a10b240, 5129;
v0xb9d19a10b240_5130 .array/port v0xb9d19a10b240, 5130;
v0xb9d19a10b240_5131 .array/port v0xb9d19a10b240, 5131;
v0xb9d19a10b240_5132 .array/port v0xb9d19a10b240, 5132;
E_0xb9d199e68640/1284 .event anyedge, v0xb9d19a10b240_5129, v0xb9d19a10b240_5130, v0xb9d19a10b240_5131, v0xb9d19a10b240_5132;
v0xb9d19a10b240_5133 .array/port v0xb9d19a10b240, 5133;
v0xb9d19a10b240_5134 .array/port v0xb9d19a10b240, 5134;
v0xb9d19a10b240_5135 .array/port v0xb9d19a10b240, 5135;
v0xb9d19a10b240_5136 .array/port v0xb9d19a10b240, 5136;
E_0xb9d199e68640/1285 .event anyedge, v0xb9d19a10b240_5133, v0xb9d19a10b240_5134, v0xb9d19a10b240_5135, v0xb9d19a10b240_5136;
v0xb9d19a10b240_5137 .array/port v0xb9d19a10b240, 5137;
v0xb9d19a10b240_5138 .array/port v0xb9d19a10b240, 5138;
v0xb9d19a10b240_5139 .array/port v0xb9d19a10b240, 5139;
v0xb9d19a10b240_5140 .array/port v0xb9d19a10b240, 5140;
E_0xb9d199e68640/1286 .event anyedge, v0xb9d19a10b240_5137, v0xb9d19a10b240_5138, v0xb9d19a10b240_5139, v0xb9d19a10b240_5140;
v0xb9d19a10b240_5141 .array/port v0xb9d19a10b240, 5141;
v0xb9d19a10b240_5142 .array/port v0xb9d19a10b240, 5142;
v0xb9d19a10b240_5143 .array/port v0xb9d19a10b240, 5143;
v0xb9d19a10b240_5144 .array/port v0xb9d19a10b240, 5144;
E_0xb9d199e68640/1287 .event anyedge, v0xb9d19a10b240_5141, v0xb9d19a10b240_5142, v0xb9d19a10b240_5143, v0xb9d19a10b240_5144;
v0xb9d19a10b240_5145 .array/port v0xb9d19a10b240, 5145;
v0xb9d19a10b240_5146 .array/port v0xb9d19a10b240, 5146;
v0xb9d19a10b240_5147 .array/port v0xb9d19a10b240, 5147;
v0xb9d19a10b240_5148 .array/port v0xb9d19a10b240, 5148;
E_0xb9d199e68640/1288 .event anyedge, v0xb9d19a10b240_5145, v0xb9d19a10b240_5146, v0xb9d19a10b240_5147, v0xb9d19a10b240_5148;
v0xb9d19a10b240_5149 .array/port v0xb9d19a10b240, 5149;
v0xb9d19a10b240_5150 .array/port v0xb9d19a10b240, 5150;
v0xb9d19a10b240_5151 .array/port v0xb9d19a10b240, 5151;
v0xb9d19a10b240_5152 .array/port v0xb9d19a10b240, 5152;
E_0xb9d199e68640/1289 .event anyedge, v0xb9d19a10b240_5149, v0xb9d19a10b240_5150, v0xb9d19a10b240_5151, v0xb9d19a10b240_5152;
v0xb9d19a10b240_5153 .array/port v0xb9d19a10b240, 5153;
v0xb9d19a10b240_5154 .array/port v0xb9d19a10b240, 5154;
v0xb9d19a10b240_5155 .array/port v0xb9d19a10b240, 5155;
v0xb9d19a10b240_5156 .array/port v0xb9d19a10b240, 5156;
E_0xb9d199e68640/1290 .event anyedge, v0xb9d19a10b240_5153, v0xb9d19a10b240_5154, v0xb9d19a10b240_5155, v0xb9d19a10b240_5156;
v0xb9d19a10b240_5157 .array/port v0xb9d19a10b240, 5157;
v0xb9d19a10b240_5158 .array/port v0xb9d19a10b240, 5158;
v0xb9d19a10b240_5159 .array/port v0xb9d19a10b240, 5159;
v0xb9d19a10b240_5160 .array/port v0xb9d19a10b240, 5160;
E_0xb9d199e68640/1291 .event anyedge, v0xb9d19a10b240_5157, v0xb9d19a10b240_5158, v0xb9d19a10b240_5159, v0xb9d19a10b240_5160;
v0xb9d19a10b240_5161 .array/port v0xb9d19a10b240, 5161;
v0xb9d19a10b240_5162 .array/port v0xb9d19a10b240, 5162;
v0xb9d19a10b240_5163 .array/port v0xb9d19a10b240, 5163;
v0xb9d19a10b240_5164 .array/port v0xb9d19a10b240, 5164;
E_0xb9d199e68640/1292 .event anyedge, v0xb9d19a10b240_5161, v0xb9d19a10b240_5162, v0xb9d19a10b240_5163, v0xb9d19a10b240_5164;
v0xb9d19a10b240_5165 .array/port v0xb9d19a10b240, 5165;
v0xb9d19a10b240_5166 .array/port v0xb9d19a10b240, 5166;
v0xb9d19a10b240_5167 .array/port v0xb9d19a10b240, 5167;
v0xb9d19a10b240_5168 .array/port v0xb9d19a10b240, 5168;
E_0xb9d199e68640/1293 .event anyedge, v0xb9d19a10b240_5165, v0xb9d19a10b240_5166, v0xb9d19a10b240_5167, v0xb9d19a10b240_5168;
v0xb9d19a10b240_5169 .array/port v0xb9d19a10b240, 5169;
v0xb9d19a10b240_5170 .array/port v0xb9d19a10b240, 5170;
v0xb9d19a10b240_5171 .array/port v0xb9d19a10b240, 5171;
v0xb9d19a10b240_5172 .array/port v0xb9d19a10b240, 5172;
E_0xb9d199e68640/1294 .event anyedge, v0xb9d19a10b240_5169, v0xb9d19a10b240_5170, v0xb9d19a10b240_5171, v0xb9d19a10b240_5172;
v0xb9d19a10b240_5173 .array/port v0xb9d19a10b240, 5173;
v0xb9d19a10b240_5174 .array/port v0xb9d19a10b240, 5174;
v0xb9d19a10b240_5175 .array/port v0xb9d19a10b240, 5175;
v0xb9d19a10b240_5176 .array/port v0xb9d19a10b240, 5176;
E_0xb9d199e68640/1295 .event anyedge, v0xb9d19a10b240_5173, v0xb9d19a10b240_5174, v0xb9d19a10b240_5175, v0xb9d19a10b240_5176;
v0xb9d19a10b240_5177 .array/port v0xb9d19a10b240, 5177;
v0xb9d19a10b240_5178 .array/port v0xb9d19a10b240, 5178;
v0xb9d19a10b240_5179 .array/port v0xb9d19a10b240, 5179;
v0xb9d19a10b240_5180 .array/port v0xb9d19a10b240, 5180;
E_0xb9d199e68640/1296 .event anyedge, v0xb9d19a10b240_5177, v0xb9d19a10b240_5178, v0xb9d19a10b240_5179, v0xb9d19a10b240_5180;
v0xb9d19a10b240_5181 .array/port v0xb9d19a10b240, 5181;
v0xb9d19a10b240_5182 .array/port v0xb9d19a10b240, 5182;
v0xb9d19a10b240_5183 .array/port v0xb9d19a10b240, 5183;
v0xb9d19a10b240_5184 .array/port v0xb9d19a10b240, 5184;
E_0xb9d199e68640/1297 .event anyedge, v0xb9d19a10b240_5181, v0xb9d19a10b240_5182, v0xb9d19a10b240_5183, v0xb9d19a10b240_5184;
v0xb9d19a10b240_5185 .array/port v0xb9d19a10b240, 5185;
v0xb9d19a10b240_5186 .array/port v0xb9d19a10b240, 5186;
v0xb9d19a10b240_5187 .array/port v0xb9d19a10b240, 5187;
v0xb9d19a10b240_5188 .array/port v0xb9d19a10b240, 5188;
E_0xb9d199e68640/1298 .event anyedge, v0xb9d19a10b240_5185, v0xb9d19a10b240_5186, v0xb9d19a10b240_5187, v0xb9d19a10b240_5188;
v0xb9d19a10b240_5189 .array/port v0xb9d19a10b240, 5189;
v0xb9d19a10b240_5190 .array/port v0xb9d19a10b240, 5190;
v0xb9d19a10b240_5191 .array/port v0xb9d19a10b240, 5191;
v0xb9d19a10b240_5192 .array/port v0xb9d19a10b240, 5192;
E_0xb9d199e68640/1299 .event anyedge, v0xb9d19a10b240_5189, v0xb9d19a10b240_5190, v0xb9d19a10b240_5191, v0xb9d19a10b240_5192;
v0xb9d19a10b240_5193 .array/port v0xb9d19a10b240, 5193;
v0xb9d19a10b240_5194 .array/port v0xb9d19a10b240, 5194;
v0xb9d19a10b240_5195 .array/port v0xb9d19a10b240, 5195;
v0xb9d19a10b240_5196 .array/port v0xb9d19a10b240, 5196;
E_0xb9d199e68640/1300 .event anyedge, v0xb9d19a10b240_5193, v0xb9d19a10b240_5194, v0xb9d19a10b240_5195, v0xb9d19a10b240_5196;
v0xb9d19a10b240_5197 .array/port v0xb9d19a10b240, 5197;
v0xb9d19a10b240_5198 .array/port v0xb9d19a10b240, 5198;
v0xb9d19a10b240_5199 .array/port v0xb9d19a10b240, 5199;
v0xb9d19a10b240_5200 .array/port v0xb9d19a10b240, 5200;
E_0xb9d199e68640/1301 .event anyedge, v0xb9d19a10b240_5197, v0xb9d19a10b240_5198, v0xb9d19a10b240_5199, v0xb9d19a10b240_5200;
v0xb9d19a10b240_5201 .array/port v0xb9d19a10b240, 5201;
v0xb9d19a10b240_5202 .array/port v0xb9d19a10b240, 5202;
v0xb9d19a10b240_5203 .array/port v0xb9d19a10b240, 5203;
v0xb9d19a10b240_5204 .array/port v0xb9d19a10b240, 5204;
E_0xb9d199e68640/1302 .event anyedge, v0xb9d19a10b240_5201, v0xb9d19a10b240_5202, v0xb9d19a10b240_5203, v0xb9d19a10b240_5204;
v0xb9d19a10b240_5205 .array/port v0xb9d19a10b240, 5205;
v0xb9d19a10b240_5206 .array/port v0xb9d19a10b240, 5206;
v0xb9d19a10b240_5207 .array/port v0xb9d19a10b240, 5207;
v0xb9d19a10b240_5208 .array/port v0xb9d19a10b240, 5208;
E_0xb9d199e68640/1303 .event anyedge, v0xb9d19a10b240_5205, v0xb9d19a10b240_5206, v0xb9d19a10b240_5207, v0xb9d19a10b240_5208;
v0xb9d19a10b240_5209 .array/port v0xb9d19a10b240, 5209;
v0xb9d19a10b240_5210 .array/port v0xb9d19a10b240, 5210;
v0xb9d19a10b240_5211 .array/port v0xb9d19a10b240, 5211;
v0xb9d19a10b240_5212 .array/port v0xb9d19a10b240, 5212;
E_0xb9d199e68640/1304 .event anyedge, v0xb9d19a10b240_5209, v0xb9d19a10b240_5210, v0xb9d19a10b240_5211, v0xb9d19a10b240_5212;
v0xb9d19a10b240_5213 .array/port v0xb9d19a10b240, 5213;
v0xb9d19a10b240_5214 .array/port v0xb9d19a10b240, 5214;
v0xb9d19a10b240_5215 .array/port v0xb9d19a10b240, 5215;
v0xb9d19a10b240_5216 .array/port v0xb9d19a10b240, 5216;
E_0xb9d199e68640/1305 .event anyedge, v0xb9d19a10b240_5213, v0xb9d19a10b240_5214, v0xb9d19a10b240_5215, v0xb9d19a10b240_5216;
v0xb9d19a10b240_5217 .array/port v0xb9d19a10b240, 5217;
v0xb9d19a10b240_5218 .array/port v0xb9d19a10b240, 5218;
v0xb9d19a10b240_5219 .array/port v0xb9d19a10b240, 5219;
v0xb9d19a10b240_5220 .array/port v0xb9d19a10b240, 5220;
E_0xb9d199e68640/1306 .event anyedge, v0xb9d19a10b240_5217, v0xb9d19a10b240_5218, v0xb9d19a10b240_5219, v0xb9d19a10b240_5220;
v0xb9d19a10b240_5221 .array/port v0xb9d19a10b240, 5221;
v0xb9d19a10b240_5222 .array/port v0xb9d19a10b240, 5222;
v0xb9d19a10b240_5223 .array/port v0xb9d19a10b240, 5223;
v0xb9d19a10b240_5224 .array/port v0xb9d19a10b240, 5224;
E_0xb9d199e68640/1307 .event anyedge, v0xb9d19a10b240_5221, v0xb9d19a10b240_5222, v0xb9d19a10b240_5223, v0xb9d19a10b240_5224;
v0xb9d19a10b240_5225 .array/port v0xb9d19a10b240, 5225;
v0xb9d19a10b240_5226 .array/port v0xb9d19a10b240, 5226;
v0xb9d19a10b240_5227 .array/port v0xb9d19a10b240, 5227;
v0xb9d19a10b240_5228 .array/port v0xb9d19a10b240, 5228;
E_0xb9d199e68640/1308 .event anyedge, v0xb9d19a10b240_5225, v0xb9d19a10b240_5226, v0xb9d19a10b240_5227, v0xb9d19a10b240_5228;
v0xb9d19a10b240_5229 .array/port v0xb9d19a10b240, 5229;
v0xb9d19a10b240_5230 .array/port v0xb9d19a10b240, 5230;
v0xb9d19a10b240_5231 .array/port v0xb9d19a10b240, 5231;
v0xb9d19a10b240_5232 .array/port v0xb9d19a10b240, 5232;
E_0xb9d199e68640/1309 .event anyedge, v0xb9d19a10b240_5229, v0xb9d19a10b240_5230, v0xb9d19a10b240_5231, v0xb9d19a10b240_5232;
v0xb9d19a10b240_5233 .array/port v0xb9d19a10b240, 5233;
v0xb9d19a10b240_5234 .array/port v0xb9d19a10b240, 5234;
v0xb9d19a10b240_5235 .array/port v0xb9d19a10b240, 5235;
v0xb9d19a10b240_5236 .array/port v0xb9d19a10b240, 5236;
E_0xb9d199e68640/1310 .event anyedge, v0xb9d19a10b240_5233, v0xb9d19a10b240_5234, v0xb9d19a10b240_5235, v0xb9d19a10b240_5236;
v0xb9d19a10b240_5237 .array/port v0xb9d19a10b240, 5237;
v0xb9d19a10b240_5238 .array/port v0xb9d19a10b240, 5238;
v0xb9d19a10b240_5239 .array/port v0xb9d19a10b240, 5239;
v0xb9d19a10b240_5240 .array/port v0xb9d19a10b240, 5240;
E_0xb9d199e68640/1311 .event anyedge, v0xb9d19a10b240_5237, v0xb9d19a10b240_5238, v0xb9d19a10b240_5239, v0xb9d19a10b240_5240;
v0xb9d19a10b240_5241 .array/port v0xb9d19a10b240, 5241;
v0xb9d19a10b240_5242 .array/port v0xb9d19a10b240, 5242;
v0xb9d19a10b240_5243 .array/port v0xb9d19a10b240, 5243;
v0xb9d19a10b240_5244 .array/port v0xb9d19a10b240, 5244;
E_0xb9d199e68640/1312 .event anyedge, v0xb9d19a10b240_5241, v0xb9d19a10b240_5242, v0xb9d19a10b240_5243, v0xb9d19a10b240_5244;
v0xb9d19a10b240_5245 .array/port v0xb9d19a10b240, 5245;
v0xb9d19a10b240_5246 .array/port v0xb9d19a10b240, 5246;
v0xb9d19a10b240_5247 .array/port v0xb9d19a10b240, 5247;
v0xb9d19a10b240_5248 .array/port v0xb9d19a10b240, 5248;
E_0xb9d199e68640/1313 .event anyedge, v0xb9d19a10b240_5245, v0xb9d19a10b240_5246, v0xb9d19a10b240_5247, v0xb9d19a10b240_5248;
v0xb9d19a10b240_5249 .array/port v0xb9d19a10b240, 5249;
v0xb9d19a10b240_5250 .array/port v0xb9d19a10b240, 5250;
v0xb9d19a10b240_5251 .array/port v0xb9d19a10b240, 5251;
v0xb9d19a10b240_5252 .array/port v0xb9d19a10b240, 5252;
E_0xb9d199e68640/1314 .event anyedge, v0xb9d19a10b240_5249, v0xb9d19a10b240_5250, v0xb9d19a10b240_5251, v0xb9d19a10b240_5252;
v0xb9d19a10b240_5253 .array/port v0xb9d19a10b240, 5253;
v0xb9d19a10b240_5254 .array/port v0xb9d19a10b240, 5254;
v0xb9d19a10b240_5255 .array/port v0xb9d19a10b240, 5255;
v0xb9d19a10b240_5256 .array/port v0xb9d19a10b240, 5256;
E_0xb9d199e68640/1315 .event anyedge, v0xb9d19a10b240_5253, v0xb9d19a10b240_5254, v0xb9d19a10b240_5255, v0xb9d19a10b240_5256;
v0xb9d19a10b240_5257 .array/port v0xb9d19a10b240, 5257;
v0xb9d19a10b240_5258 .array/port v0xb9d19a10b240, 5258;
v0xb9d19a10b240_5259 .array/port v0xb9d19a10b240, 5259;
v0xb9d19a10b240_5260 .array/port v0xb9d19a10b240, 5260;
E_0xb9d199e68640/1316 .event anyedge, v0xb9d19a10b240_5257, v0xb9d19a10b240_5258, v0xb9d19a10b240_5259, v0xb9d19a10b240_5260;
v0xb9d19a10b240_5261 .array/port v0xb9d19a10b240, 5261;
v0xb9d19a10b240_5262 .array/port v0xb9d19a10b240, 5262;
v0xb9d19a10b240_5263 .array/port v0xb9d19a10b240, 5263;
v0xb9d19a10b240_5264 .array/port v0xb9d19a10b240, 5264;
E_0xb9d199e68640/1317 .event anyedge, v0xb9d19a10b240_5261, v0xb9d19a10b240_5262, v0xb9d19a10b240_5263, v0xb9d19a10b240_5264;
v0xb9d19a10b240_5265 .array/port v0xb9d19a10b240, 5265;
v0xb9d19a10b240_5266 .array/port v0xb9d19a10b240, 5266;
v0xb9d19a10b240_5267 .array/port v0xb9d19a10b240, 5267;
v0xb9d19a10b240_5268 .array/port v0xb9d19a10b240, 5268;
E_0xb9d199e68640/1318 .event anyedge, v0xb9d19a10b240_5265, v0xb9d19a10b240_5266, v0xb9d19a10b240_5267, v0xb9d19a10b240_5268;
v0xb9d19a10b240_5269 .array/port v0xb9d19a10b240, 5269;
v0xb9d19a10b240_5270 .array/port v0xb9d19a10b240, 5270;
v0xb9d19a10b240_5271 .array/port v0xb9d19a10b240, 5271;
v0xb9d19a10b240_5272 .array/port v0xb9d19a10b240, 5272;
E_0xb9d199e68640/1319 .event anyedge, v0xb9d19a10b240_5269, v0xb9d19a10b240_5270, v0xb9d19a10b240_5271, v0xb9d19a10b240_5272;
v0xb9d19a10b240_5273 .array/port v0xb9d19a10b240, 5273;
v0xb9d19a10b240_5274 .array/port v0xb9d19a10b240, 5274;
v0xb9d19a10b240_5275 .array/port v0xb9d19a10b240, 5275;
v0xb9d19a10b240_5276 .array/port v0xb9d19a10b240, 5276;
E_0xb9d199e68640/1320 .event anyedge, v0xb9d19a10b240_5273, v0xb9d19a10b240_5274, v0xb9d19a10b240_5275, v0xb9d19a10b240_5276;
v0xb9d19a10b240_5277 .array/port v0xb9d19a10b240, 5277;
v0xb9d19a10b240_5278 .array/port v0xb9d19a10b240, 5278;
v0xb9d19a10b240_5279 .array/port v0xb9d19a10b240, 5279;
v0xb9d19a10b240_5280 .array/port v0xb9d19a10b240, 5280;
E_0xb9d199e68640/1321 .event anyedge, v0xb9d19a10b240_5277, v0xb9d19a10b240_5278, v0xb9d19a10b240_5279, v0xb9d19a10b240_5280;
v0xb9d19a10b240_5281 .array/port v0xb9d19a10b240, 5281;
v0xb9d19a10b240_5282 .array/port v0xb9d19a10b240, 5282;
v0xb9d19a10b240_5283 .array/port v0xb9d19a10b240, 5283;
v0xb9d19a10b240_5284 .array/port v0xb9d19a10b240, 5284;
E_0xb9d199e68640/1322 .event anyedge, v0xb9d19a10b240_5281, v0xb9d19a10b240_5282, v0xb9d19a10b240_5283, v0xb9d19a10b240_5284;
v0xb9d19a10b240_5285 .array/port v0xb9d19a10b240, 5285;
v0xb9d19a10b240_5286 .array/port v0xb9d19a10b240, 5286;
v0xb9d19a10b240_5287 .array/port v0xb9d19a10b240, 5287;
v0xb9d19a10b240_5288 .array/port v0xb9d19a10b240, 5288;
E_0xb9d199e68640/1323 .event anyedge, v0xb9d19a10b240_5285, v0xb9d19a10b240_5286, v0xb9d19a10b240_5287, v0xb9d19a10b240_5288;
v0xb9d19a10b240_5289 .array/port v0xb9d19a10b240, 5289;
v0xb9d19a10b240_5290 .array/port v0xb9d19a10b240, 5290;
v0xb9d19a10b240_5291 .array/port v0xb9d19a10b240, 5291;
v0xb9d19a10b240_5292 .array/port v0xb9d19a10b240, 5292;
E_0xb9d199e68640/1324 .event anyedge, v0xb9d19a10b240_5289, v0xb9d19a10b240_5290, v0xb9d19a10b240_5291, v0xb9d19a10b240_5292;
v0xb9d19a10b240_5293 .array/port v0xb9d19a10b240, 5293;
v0xb9d19a10b240_5294 .array/port v0xb9d19a10b240, 5294;
v0xb9d19a10b240_5295 .array/port v0xb9d19a10b240, 5295;
v0xb9d19a10b240_5296 .array/port v0xb9d19a10b240, 5296;
E_0xb9d199e68640/1325 .event anyedge, v0xb9d19a10b240_5293, v0xb9d19a10b240_5294, v0xb9d19a10b240_5295, v0xb9d19a10b240_5296;
v0xb9d19a10b240_5297 .array/port v0xb9d19a10b240, 5297;
v0xb9d19a10b240_5298 .array/port v0xb9d19a10b240, 5298;
v0xb9d19a10b240_5299 .array/port v0xb9d19a10b240, 5299;
v0xb9d19a10b240_5300 .array/port v0xb9d19a10b240, 5300;
E_0xb9d199e68640/1326 .event anyedge, v0xb9d19a10b240_5297, v0xb9d19a10b240_5298, v0xb9d19a10b240_5299, v0xb9d19a10b240_5300;
v0xb9d19a10b240_5301 .array/port v0xb9d19a10b240, 5301;
v0xb9d19a10b240_5302 .array/port v0xb9d19a10b240, 5302;
v0xb9d19a10b240_5303 .array/port v0xb9d19a10b240, 5303;
v0xb9d19a10b240_5304 .array/port v0xb9d19a10b240, 5304;
E_0xb9d199e68640/1327 .event anyedge, v0xb9d19a10b240_5301, v0xb9d19a10b240_5302, v0xb9d19a10b240_5303, v0xb9d19a10b240_5304;
v0xb9d19a10b240_5305 .array/port v0xb9d19a10b240, 5305;
v0xb9d19a10b240_5306 .array/port v0xb9d19a10b240, 5306;
v0xb9d19a10b240_5307 .array/port v0xb9d19a10b240, 5307;
v0xb9d19a10b240_5308 .array/port v0xb9d19a10b240, 5308;
E_0xb9d199e68640/1328 .event anyedge, v0xb9d19a10b240_5305, v0xb9d19a10b240_5306, v0xb9d19a10b240_5307, v0xb9d19a10b240_5308;
v0xb9d19a10b240_5309 .array/port v0xb9d19a10b240, 5309;
v0xb9d19a10b240_5310 .array/port v0xb9d19a10b240, 5310;
v0xb9d19a10b240_5311 .array/port v0xb9d19a10b240, 5311;
v0xb9d19a10b240_5312 .array/port v0xb9d19a10b240, 5312;
E_0xb9d199e68640/1329 .event anyedge, v0xb9d19a10b240_5309, v0xb9d19a10b240_5310, v0xb9d19a10b240_5311, v0xb9d19a10b240_5312;
v0xb9d19a10b240_5313 .array/port v0xb9d19a10b240, 5313;
v0xb9d19a10b240_5314 .array/port v0xb9d19a10b240, 5314;
v0xb9d19a10b240_5315 .array/port v0xb9d19a10b240, 5315;
v0xb9d19a10b240_5316 .array/port v0xb9d19a10b240, 5316;
E_0xb9d199e68640/1330 .event anyedge, v0xb9d19a10b240_5313, v0xb9d19a10b240_5314, v0xb9d19a10b240_5315, v0xb9d19a10b240_5316;
v0xb9d19a10b240_5317 .array/port v0xb9d19a10b240, 5317;
v0xb9d19a10b240_5318 .array/port v0xb9d19a10b240, 5318;
v0xb9d19a10b240_5319 .array/port v0xb9d19a10b240, 5319;
v0xb9d19a10b240_5320 .array/port v0xb9d19a10b240, 5320;
E_0xb9d199e68640/1331 .event anyedge, v0xb9d19a10b240_5317, v0xb9d19a10b240_5318, v0xb9d19a10b240_5319, v0xb9d19a10b240_5320;
v0xb9d19a10b240_5321 .array/port v0xb9d19a10b240, 5321;
v0xb9d19a10b240_5322 .array/port v0xb9d19a10b240, 5322;
v0xb9d19a10b240_5323 .array/port v0xb9d19a10b240, 5323;
v0xb9d19a10b240_5324 .array/port v0xb9d19a10b240, 5324;
E_0xb9d199e68640/1332 .event anyedge, v0xb9d19a10b240_5321, v0xb9d19a10b240_5322, v0xb9d19a10b240_5323, v0xb9d19a10b240_5324;
v0xb9d19a10b240_5325 .array/port v0xb9d19a10b240, 5325;
v0xb9d19a10b240_5326 .array/port v0xb9d19a10b240, 5326;
v0xb9d19a10b240_5327 .array/port v0xb9d19a10b240, 5327;
v0xb9d19a10b240_5328 .array/port v0xb9d19a10b240, 5328;
E_0xb9d199e68640/1333 .event anyedge, v0xb9d19a10b240_5325, v0xb9d19a10b240_5326, v0xb9d19a10b240_5327, v0xb9d19a10b240_5328;
v0xb9d19a10b240_5329 .array/port v0xb9d19a10b240, 5329;
v0xb9d19a10b240_5330 .array/port v0xb9d19a10b240, 5330;
v0xb9d19a10b240_5331 .array/port v0xb9d19a10b240, 5331;
v0xb9d19a10b240_5332 .array/port v0xb9d19a10b240, 5332;
E_0xb9d199e68640/1334 .event anyedge, v0xb9d19a10b240_5329, v0xb9d19a10b240_5330, v0xb9d19a10b240_5331, v0xb9d19a10b240_5332;
v0xb9d19a10b240_5333 .array/port v0xb9d19a10b240, 5333;
v0xb9d19a10b240_5334 .array/port v0xb9d19a10b240, 5334;
v0xb9d19a10b240_5335 .array/port v0xb9d19a10b240, 5335;
v0xb9d19a10b240_5336 .array/port v0xb9d19a10b240, 5336;
E_0xb9d199e68640/1335 .event anyedge, v0xb9d19a10b240_5333, v0xb9d19a10b240_5334, v0xb9d19a10b240_5335, v0xb9d19a10b240_5336;
v0xb9d19a10b240_5337 .array/port v0xb9d19a10b240, 5337;
v0xb9d19a10b240_5338 .array/port v0xb9d19a10b240, 5338;
v0xb9d19a10b240_5339 .array/port v0xb9d19a10b240, 5339;
v0xb9d19a10b240_5340 .array/port v0xb9d19a10b240, 5340;
E_0xb9d199e68640/1336 .event anyedge, v0xb9d19a10b240_5337, v0xb9d19a10b240_5338, v0xb9d19a10b240_5339, v0xb9d19a10b240_5340;
v0xb9d19a10b240_5341 .array/port v0xb9d19a10b240, 5341;
v0xb9d19a10b240_5342 .array/port v0xb9d19a10b240, 5342;
v0xb9d19a10b240_5343 .array/port v0xb9d19a10b240, 5343;
v0xb9d19a10b240_5344 .array/port v0xb9d19a10b240, 5344;
E_0xb9d199e68640/1337 .event anyedge, v0xb9d19a10b240_5341, v0xb9d19a10b240_5342, v0xb9d19a10b240_5343, v0xb9d19a10b240_5344;
v0xb9d19a10b240_5345 .array/port v0xb9d19a10b240, 5345;
v0xb9d19a10b240_5346 .array/port v0xb9d19a10b240, 5346;
v0xb9d19a10b240_5347 .array/port v0xb9d19a10b240, 5347;
v0xb9d19a10b240_5348 .array/port v0xb9d19a10b240, 5348;
E_0xb9d199e68640/1338 .event anyedge, v0xb9d19a10b240_5345, v0xb9d19a10b240_5346, v0xb9d19a10b240_5347, v0xb9d19a10b240_5348;
v0xb9d19a10b240_5349 .array/port v0xb9d19a10b240, 5349;
v0xb9d19a10b240_5350 .array/port v0xb9d19a10b240, 5350;
v0xb9d19a10b240_5351 .array/port v0xb9d19a10b240, 5351;
v0xb9d19a10b240_5352 .array/port v0xb9d19a10b240, 5352;
E_0xb9d199e68640/1339 .event anyedge, v0xb9d19a10b240_5349, v0xb9d19a10b240_5350, v0xb9d19a10b240_5351, v0xb9d19a10b240_5352;
v0xb9d19a10b240_5353 .array/port v0xb9d19a10b240, 5353;
v0xb9d19a10b240_5354 .array/port v0xb9d19a10b240, 5354;
v0xb9d19a10b240_5355 .array/port v0xb9d19a10b240, 5355;
v0xb9d19a10b240_5356 .array/port v0xb9d19a10b240, 5356;
E_0xb9d199e68640/1340 .event anyedge, v0xb9d19a10b240_5353, v0xb9d19a10b240_5354, v0xb9d19a10b240_5355, v0xb9d19a10b240_5356;
v0xb9d19a10b240_5357 .array/port v0xb9d19a10b240, 5357;
v0xb9d19a10b240_5358 .array/port v0xb9d19a10b240, 5358;
v0xb9d19a10b240_5359 .array/port v0xb9d19a10b240, 5359;
v0xb9d19a10b240_5360 .array/port v0xb9d19a10b240, 5360;
E_0xb9d199e68640/1341 .event anyedge, v0xb9d19a10b240_5357, v0xb9d19a10b240_5358, v0xb9d19a10b240_5359, v0xb9d19a10b240_5360;
v0xb9d19a10b240_5361 .array/port v0xb9d19a10b240, 5361;
v0xb9d19a10b240_5362 .array/port v0xb9d19a10b240, 5362;
v0xb9d19a10b240_5363 .array/port v0xb9d19a10b240, 5363;
v0xb9d19a10b240_5364 .array/port v0xb9d19a10b240, 5364;
E_0xb9d199e68640/1342 .event anyedge, v0xb9d19a10b240_5361, v0xb9d19a10b240_5362, v0xb9d19a10b240_5363, v0xb9d19a10b240_5364;
v0xb9d19a10b240_5365 .array/port v0xb9d19a10b240, 5365;
v0xb9d19a10b240_5366 .array/port v0xb9d19a10b240, 5366;
v0xb9d19a10b240_5367 .array/port v0xb9d19a10b240, 5367;
v0xb9d19a10b240_5368 .array/port v0xb9d19a10b240, 5368;
E_0xb9d199e68640/1343 .event anyedge, v0xb9d19a10b240_5365, v0xb9d19a10b240_5366, v0xb9d19a10b240_5367, v0xb9d19a10b240_5368;
v0xb9d19a10b240_5369 .array/port v0xb9d19a10b240, 5369;
v0xb9d19a10b240_5370 .array/port v0xb9d19a10b240, 5370;
v0xb9d19a10b240_5371 .array/port v0xb9d19a10b240, 5371;
v0xb9d19a10b240_5372 .array/port v0xb9d19a10b240, 5372;
E_0xb9d199e68640/1344 .event anyedge, v0xb9d19a10b240_5369, v0xb9d19a10b240_5370, v0xb9d19a10b240_5371, v0xb9d19a10b240_5372;
v0xb9d19a10b240_5373 .array/port v0xb9d19a10b240, 5373;
v0xb9d19a10b240_5374 .array/port v0xb9d19a10b240, 5374;
v0xb9d19a10b240_5375 .array/port v0xb9d19a10b240, 5375;
v0xb9d19a10b240_5376 .array/port v0xb9d19a10b240, 5376;
E_0xb9d199e68640/1345 .event anyedge, v0xb9d19a10b240_5373, v0xb9d19a10b240_5374, v0xb9d19a10b240_5375, v0xb9d19a10b240_5376;
v0xb9d19a10b240_5377 .array/port v0xb9d19a10b240, 5377;
v0xb9d19a10b240_5378 .array/port v0xb9d19a10b240, 5378;
v0xb9d19a10b240_5379 .array/port v0xb9d19a10b240, 5379;
v0xb9d19a10b240_5380 .array/port v0xb9d19a10b240, 5380;
E_0xb9d199e68640/1346 .event anyedge, v0xb9d19a10b240_5377, v0xb9d19a10b240_5378, v0xb9d19a10b240_5379, v0xb9d19a10b240_5380;
v0xb9d19a10b240_5381 .array/port v0xb9d19a10b240, 5381;
v0xb9d19a10b240_5382 .array/port v0xb9d19a10b240, 5382;
v0xb9d19a10b240_5383 .array/port v0xb9d19a10b240, 5383;
v0xb9d19a10b240_5384 .array/port v0xb9d19a10b240, 5384;
E_0xb9d199e68640/1347 .event anyedge, v0xb9d19a10b240_5381, v0xb9d19a10b240_5382, v0xb9d19a10b240_5383, v0xb9d19a10b240_5384;
v0xb9d19a10b240_5385 .array/port v0xb9d19a10b240, 5385;
v0xb9d19a10b240_5386 .array/port v0xb9d19a10b240, 5386;
v0xb9d19a10b240_5387 .array/port v0xb9d19a10b240, 5387;
v0xb9d19a10b240_5388 .array/port v0xb9d19a10b240, 5388;
E_0xb9d199e68640/1348 .event anyedge, v0xb9d19a10b240_5385, v0xb9d19a10b240_5386, v0xb9d19a10b240_5387, v0xb9d19a10b240_5388;
v0xb9d19a10b240_5389 .array/port v0xb9d19a10b240, 5389;
v0xb9d19a10b240_5390 .array/port v0xb9d19a10b240, 5390;
v0xb9d19a10b240_5391 .array/port v0xb9d19a10b240, 5391;
v0xb9d19a10b240_5392 .array/port v0xb9d19a10b240, 5392;
E_0xb9d199e68640/1349 .event anyedge, v0xb9d19a10b240_5389, v0xb9d19a10b240_5390, v0xb9d19a10b240_5391, v0xb9d19a10b240_5392;
v0xb9d19a10b240_5393 .array/port v0xb9d19a10b240, 5393;
v0xb9d19a10b240_5394 .array/port v0xb9d19a10b240, 5394;
v0xb9d19a10b240_5395 .array/port v0xb9d19a10b240, 5395;
v0xb9d19a10b240_5396 .array/port v0xb9d19a10b240, 5396;
E_0xb9d199e68640/1350 .event anyedge, v0xb9d19a10b240_5393, v0xb9d19a10b240_5394, v0xb9d19a10b240_5395, v0xb9d19a10b240_5396;
v0xb9d19a10b240_5397 .array/port v0xb9d19a10b240, 5397;
v0xb9d19a10b240_5398 .array/port v0xb9d19a10b240, 5398;
v0xb9d19a10b240_5399 .array/port v0xb9d19a10b240, 5399;
v0xb9d19a10b240_5400 .array/port v0xb9d19a10b240, 5400;
E_0xb9d199e68640/1351 .event anyedge, v0xb9d19a10b240_5397, v0xb9d19a10b240_5398, v0xb9d19a10b240_5399, v0xb9d19a10b240_5400;
v0xb9d19a10b240_5401 .array/port v0xb9d19a10b240, 5401;
v0xb9d19a10b240_5402 .array/port v0xb9d19a10b240, 5402;
v0xb9d19a10b240_5403 .array/port v0xb9d19a10b240, 5403;
v0xb9d19a10b240_5404 .array/port v0xb9d19a10b240, 5404;
E_0xb9d199e68640/1352 .event anyedge, v0xb9d19a10b240_5401, v0xb9d19a10b240_5402, v0xb9d19a10b240_5403, v0xb9d19a10b240_5404;
v0xb9d19a10b240_5405 .array/port v0xb9d19a10b240, 5405;
v0xb9d19a10b240_5406 .array/port v0xb9d19a10b240, 5406;
v0xb9d19a10b240_5407 .array/port v0xb9d19a10b240, 5407;
v0xb9d19a10b240_5408 .array/port v0xb9d19a10b240, 5408;
E_0xb9d199e68640/1353 .event anyedge, v0xb9d19a10b240_5405, v0xb9d19a10b240_5406, v0xb9d19a10b240_5407, v0xb9d19a10b240_5408;
v0xb9d19a10b240_5409 .array/port v0xb9d19a10b240, 5409;
v0xb9d19a10b240_5410 .array/port v0xb9d19a10b240, 5410;
v0xb9d19a10b240_5411 .array/port v0xb9d19a10b240, 5411;
v0xb9d19a10b240_5412 .array/port v0xb9d19a10b240, 5412;
E_0xb9d199e68640/1354 .event anyedge, v0xb9d19a10b240_5409, v0xb9d19a10b240_5410, v0xb9d19a10b240_5411, v0xb9d19a10b240_5412;
v0xb9d19a10b240_5413 .array/port v0xb9d19a10b240, 5413;
v0xb9d19a10b240_5414 .array/port v0xb9d19a10b240, 5414;
v0xb9d19a10b240_5415 .array/port v0xb9d19a10b240, 5415;
v0xb9d19a10b240_5416 .array/port v0xb9d19a10b240, 5416;
E_0xb9d199e68640/1355 .event anyedge, v0xb9d19a10b240_5413, v0xb9d19a10b240_5414, v0xb9d19a10b240_5415, v0xb9d19a10b240_5416;
v0xb9d19a10b240_5417 .array/port v0xb9d19a10b240, 5417;
v0xb9d19a10b240_5418 .array/port v0xb9d19a10b240, 5418;
v0xb9d19a10b240_5419 .array/port v0xb9d19a10b240, 5419;
v0xb9d19a10b240_5420 .array/port v0xb9d19a10b240, 5420;
E_0xb9d199e68640/1356 .event anyedge, v0xb9d19a10b240_5417, v0xb9d19a10b240_5418, v0xb9d19a10b240_5419, v0xb9d19a10b240_5420;
v0xb9d19a10b240_5421 .array/port v0xb9d19a10b240, 5421;
v0xb9d19a10b240_5422 .array/port v0xb9d19a10b240, 5422;
v0xb9d19a10b240_5423 .array/port v0xb9d19a10b240, 5423;
v0xb9d19a10b240_5424 .array/port v0xb9d19a10b240, 5424;
E_0xb9d199e68640/1357 .event anyedge, v0xb9d19a10b240_5421, v0xb9d19a10b240_5422, v0xb9d19a10b240_5423, v0xb9d19a10b240_5424;
v0xb9d19a10b240_5425 .array/port v0xb9d19a10b240, 5425;
v0xb9d19a10b240_5426 .array/port v0xb9d19a10b240, 5426;
v0xb9d19a10b240_5427 .array/port v0xb9d19a10b240, 5427;
v0xb9d19a10b240_5428 .array/port v0xb9d19a10b240, 5428;
E_0xb9d199e68640/1358 .event anyedge, v0xb9d19a10b240_5425, v0xb9d19a10b240_5426, v0xb9d19a10b240_5427, v0xb9d19a10b240_5428;
v0xb9d19a10b240_5429 .array/port v0xb9d19a10b240, 5429;
v0xb9d19a10b240_5430 .array/port v0xb9d19a10b240, 5430;
v0xb9d19a10b240_5431 .array/port v0xb9d19a10b240, 5431;
v0xb9d19a10b240_5432 .array/port v0xb9d19a10b240, 5432;
E_0xb9d199e68640/1359 .event anyedge, v0xb9d19a10b240_5429, v0xb9d19a10b240_5430, v0xb9d19a10b240_5431, v0xb9d19a10b240_5432;
v0xb9d19a10b240_5433 .array/port v0xb9d19a10b240, 5433;
v0xb9d19a10b240_5434 .array/port v0xb9d19a10b240, 5434;
v0xb9d19a10b240_5435 .array/port v0xb9d19a10b240, 5435;
v0xb9d19a10b240_5436 .array/port v0xb9d19a10b240, 5436;
E_0xb9d199e68640/1360 .event anyedge, v0xb9d19a10b240_5433, v0xb9d19a10b240_5434, v0xb9d19a10b240_5435, v0xb9d19a10b240_5436;
v0xb9d19a10b240_5437 .array/port v0xb9d19a10b240, 5437;
v0xb9d19a10b240_5438 .array/port v0xb9d19a10b240, 5438;
v0xb9d19a10b240_5439 .array/port v0xb9d19a10b240, 5439;
v0xb9d19a10b240_5440 .array/port v0xb9d19a10b240, 5440;
E_0xb9d199e68640/1361 .event anyedge, v0xb9d19a10b240_5437, v0xb9d19a10b240_5438, v0xb9d19a10b240_5439, v0xb9d19a10b240_5440;
v0xb9d19a10b240_5441 .array/port v0xb9d19a10b240, 5441;
v0xb9d19a10b240_5442 .array/port v0xb9d19a10b240, 5442;
v0xb9d19a10b240_5443 .array/port v0xb9d19a10b240, 5443;
v0xb9d19a10b240_5444 .array/port v0xb9d19a10b240, 5444;
E_0xb9d199e68640/1362 .event anyedge, v0xb9d19a10b240_5441, v0xb9d19a10b240_5442, v0xb9d19a10b240_5443, v0xb9d19a10b240_5444;
v0xb9d19a10b240_5445 .array/port v0xb9d19a10b240, 5445;
v0xb9d19a10b240_5446 .array/port v0xb9d19a10b240, 5446;
v0xb9d19a10b240_5447 .array/port v0xb9d19a10b240, 5447;
v0xb9d19a10b240_5448 .array/port v0xb9d19a10b240, 5448;
E_0xb9d199e68640/1363 .event anyedge, v0xb9d19a10b240_5445, v0xb9d19a10b240_5446, v0xb9d19a10b240_5447, v0xb9d19a10b240_5448;
v0xb9d19a10b240_5449 .array/port v0xb9d19a10b240, 5449;
v0xb9d19a10b240_5450 .array/port v0xb9d19a10b240, 5450;
v0xb9d19a10b240_5451 .array/port v0xb9d19a10b240, 5451;
v0xb9d19a10b240_5452 .array/port v0xb9d19a10b240, 5452;
E_0xb9d199e68640/1364 .event anyedge, v0xb9d19a10b240_5449, v0xb9d19a10b240_5450, v0xb9d19a10b240_5451, v0xb9d19a10b240_5452;
v0xb9d19a10b240_5453 .array/port v0xb9d19a10b240, 5453;
v0xb9d19a10b240_5454 .array/port v0xb9d19a10b240, 5454;
v0xb9d19a10b240_5455 .array/port v0xb9d19a10b240, 5455;
v0xb9d19a10b240_5456 .array/port v0xb9d19a10b240, 5456;
E_0xb9d199e68640/1365 .event anyedge, v0xb9d19a10b240_5453, v0xb9d19a10b240_5454, v0xb9d19a10b240_5455, v0xb9d19a10b240_5456;
v0xb9d19a10b240_5457 .array/port v0xb9d19a10b240, 5457;
v0xb9d19a10b240_5458 .array/port v0xb9d19a10b240, 5458;
v0xb9d19a10b240_5459 .array/port v0xb9d19a10b240, 5459;
v0xb9d19a10b240_5460 .array/port v0xb9d19a10b240, 5460;
E_0xb9d199e68640/1366 .event anyedge, v0xb9d19a10b240_5457, v0xb9d19a10b240_5458, v0xb9d19a10b240_5459, v0xb9d19a10b240_5460;
v0xb9d19a10b240_5461 .array/port v0xb9d19a10b240, 5461;
v0xb9d19a10b240_5462 .array/port v0xb9d19a10b240, 5462;
v0xb9d19a10b240_5463 .array/port v0xb9d19a10b240, 5463;
v0xb9d19a10b240_5464 .array/port v0xb9d19a10b240, 5464;
E_0xb9d199e68640/1367 .event anyedge, v0xb9d19a10b240_5461, v0xb9d19a10b240_5462, v0xb9d19a10b240_5463, v0xb9d19a10b240_5464;
v0xb9d19a10b240_5465 .array/port v0xb9d19a10b240, 5465;
v0xb9d19a10b240_5466 .array/port v0xb9d19a10b240, 5466;
v0xb9d19a10b240_5467 .array/port v0xb9d19a10b240, 5467;
v0xb9d19a10b240_5468 .array/port v0xb9d19a10b240, 5468;
E_0xb9d199e68640/1368 .event anyedge, v0xb9d19a10b240_5465, v0xb9d19a10b240_5466, v0xb9d19a10b240_5467, v0xb9d19a10b240_5468;
v0xb9d19a10b240_5469 .array/port v0xb9d19a10b240, 5469;
v0xb9d19a10b240_5470 .array/port v0xb9d19a10b240, 5470;
v0xb9d19a10b240_5471 .array/port v0xb9d19a10b240, 5471;
v0xb9d19a10b240_5472 .array/port v0xb9d19a10b240, 5472;
E_0xb9d199e68640/1369 .event anyedge, v0xb9d19a10b240_5469, v0xb9d19a10b240_5470, v0xb9d19a10b240_5471, v0xb9d19a10b240_5472;
v0xb9d19a10b240_5473 .array/port v0xb9d19a10b240, 5473;
v0xb9d19a10b240_5474 .array/port v0xb9d19a10b240, 5474;
v0xb9d19a10b240_5475 .array/port v0xb9d19a10b240, 5475;
v0xb9d19a10b240_5476 .array/port v0xb9d19a10b240, 5476;
E_0xb9d199e68640/1370 .event anyedge, v0xb9d19a10b240_5473, v0xb9d19a10b240_5474, v0xb9d19a10b240_5475, v0xb9d19a10b240_5476;
v0xb9d19a10b240_5477 .array/port v0xb9d19a10b240, 5477;
v0xb9d19a10b240_5478 .array/port v0xb9d19a10b240, 5478;
v0xb9d19a10b240_5479 .array/port v0xb9d19a10b240, 5479;
v0xb9d19a10b240_5480 .array/port v0xb9d19a10b240, 5480;
E_0xb9d199e68640/1371 .event anyedge, v0xb9d19a10b240_5477, v0xb9d19a10b240_5478, v0xb9d19a10b240_5479, v0xb9d19a10b240_5480;
v0xb9d19a10b240_5481 .array/port v0xb9d19a10b240, 5481;
v0xb9d19a10b240_5482 .array/port v0xb9d19a10b240, 5482;
v0xb9d19a10b240_5483 .array/port v0xb9d19a10b240, 5483;
v0xb9d19a10b240_5484 .array/port v0xb9d19a10b240, 5484;
E_0xb9d199e68640/1372 .event anyedge, v0xb9d19a10b240_5481, v0xb9d19a10b240_5482, v0xb9d19a10b240_5483, v0xb9d19a10b240_5484;
v0xb9d19a10b240_5485 .array/port v0xb9d19a10b240, 5485;
v0xb9d19a10b240_5486 .array/port v0xb9d19a10b240, 5486;
v0xb9d19a10b240_5487 .array/port v0xb9d19a10b240, 5487;
v0xb9d19a10b240_5488 .array/port v0xb9d19a10b240, 5488;
E_0xb9d199e68640/1373 .event anyedge, v0xb9d19a10b240_5485, v0xb9d19a10b240_5486, v0xb9d19a10b240_5487, v0xb9d19a10b240_5488;
v0xb9d19a10b240_5489 .array/port v0xb9d19a10b240, 5489;
v0xb9d19a10b240_5490 .array/port v0xb9d19a10b240, 5490;
v0xb9d19a10b240_5491 .array/port v0xb9d19a10b240, 5491;
v0xb9d19a10b240_5492 .array/port v0xb9d19a10b240, 5492;
E_0xb9d199e68640/1374 .event anyedge, v0xb9d19a10b240_5489, v0xb9d19a10b240_5490, v0xb9d19a10b240_5491, v0xb9d19a10b240_5492;
v0xb9d19a10b240_5493 .array/port v0xb9d19a10b240, 5493;
v0xb9d19a10b240_5494 .array/port v0xb9d19a10b240, 5494;
v0xb9d19a10b240_5495 .array/port v0xb9d19a10b240, 5495;
v0xb9d19a10b240_5496 .array/port v0xb9d19a10b240, 5496;
E_0xb9d199e68640/1375 .event anyedge, v0xb9d19a10b240_5493, v0xb9d19a10b240_5494, v0xb9d19a10b240_5495, v0xb9d19a10b240_5496;
v0xb9d19a10b240_5497 .array/port v0xb9d19a10b240, 5497;
v0xb9d19a10b240_5498 .array/port v0xb9d19a10b240, 5498;
v0xb9d19a10b240_5499 .array/port v0xb9d19a10b240, 5499;
v0xb9d19a10b240_5500 .array/port v0xb9d19a10b240, 5500;
E_0xb9d199e68640/1376 .event anyedge, v0xb9d19a10b240_5497, v0xb9d19a10b240_5498, v0xb9d19a10b240_5499, v0xb9d19a10b240_5500;
v0xb9d19a10b240_5501 .array/port v0xb9d19a10b240, 5501;
v0xb9d19a10b240_5502 .array/port v0xb9d19a10b240, 5502;
v0xb9d19a10b240_5503 .array/port v0xb9d19a10b240, 5503;
v0xb9d19a10b240_5504 .array/port v0xb9d19a10b240, 5504;
E_0xb9d199e68640/1377 .event anyedge, v0xb9d19a10b240_5501, v0xb9d19a10b240_5502, v0xb9d19a10b240_5503, v0xb9d19a10b240_5504;
v0xb9d19a10b240_5505 .array/port v0xb9d19a10b240, 5505;
v0xb9d19a10b240_5506 .array/port v0xb9d19a10b240, 5506;
v0xb9d19a10b240_5507 .array/port v0xb9d19a10b240, 5507;
v0xb9d19a10b240_5508 .array/port v0xb9d19a10b240, 5508;
E_0xb9d199e68640/1378 .event anyedge, v0xb9d19a10b240_5505, v0xb9d19a10b240_5506, v0xb9d19a10b240_5507, v0xb9d19a10b240_5508;
v0xb9d19a10b240_5509 .array/port v0xb9d19a10b240, 5509;
v0xb9d19a10b240_5510 .array/port v0xb9d19a10b240, 5510;
v0xb9d19a10b240_5511 .array/port v0xb9d19a10b240, 5511;
v0xb9d19a10b240_5512 .array/port v0xb9d19a10b240, 5512;
E_0xb9d199e68640/1379 .event anyedge, v0xb9d19a10b240_5509, v0xb9d19a10b240_5510, v0xb9d19a10b240_5511, v0xb9d19a10b240_5512;
v0xb9d19a10b240_5513 .array/port v0xb9d19a10b240, 5513;
v0xb9d19a10b240_5514 .array/port v0xb9d19a10b240, 5514;
v0xb9d19a10b240_5515 .array/port v0xb9d19a10b240, 5515;
v0xb9d19a10b240_5516 .array/port v0xb9d19a10b240, 5516;
E_0xb9d199e68640/1380 .event anyedge, v0xb9d19a10b240_5513, v0xb9d19a10b240_5514, v0xb9d19a10b240_5515, v0xb9d19a10b240_5516;
v0xb9d19a10b240_5517 .array/port v0xb9d19a10b240, 5517;
v0xb9d19a10b240_5518 .array/port v0xb9d19a10b240, 5518;
v0xb9d19a10b240_5519 .array/port v0xb9d19a10b240, 5519;
v0xb9d19a10b240_5520 .array/port v0xb9d19a10b240, 5520;
E_0xb9d199e68640/1381 .event anyedge, v0xb9d19a10b240_5517, v0xb9d19a10b240_5518, v0xb9d19a10b240_5519, v0xb9d19a10b240_5520;
v0xb9d19a10b240_5521 .array/port v0xb9d19a10b240, 5521;
v0xb9d19a10b240_5522 .array/port v0xb9d19a10b240, 5522;
v0xb9d19a10b240_5523 .array/port v0xb9d19a10b240, 5523;
v0xb9d19a10b240_5524 .array/port v0xb9d19a10b240, 5524;
E_0xb9d199e68640/1382 .event anyedge, v0xb9d19a10b240_5521, v0xb9d19a10b240_5522, v0xb9d19a10b240_5523, v0xb9d19a10b240_5524;
v0xb9d19a10b240_5525 .array/port v0xb9d19a10b240, 5525;
v0xb9d19a10b240_5526 .array/port v0xb9d19a10b240, 5526;
v0xb9d19a10b240_5527 .array/port v0xb9d19a10b240, 5527;
v0xb9d19a10b240_5528 .array/port v0xb9d19a10b240, 5528;
E_0xb9d199e68640/1383 .event anyedge, v0xb9d19a10b240_5525, v0xb9d19a10b240_5526, v0xb9d19a10b240_5527, v0xb9d19a10b240_5528;
v0xb9d19a10b240_5529 .array/port v0xb9d19a10b240, 5529;
v0xb9d19a10b240_5530 .array/port v0xb9d19a10b240, 5530;
v0xb9d19a10b240_5531 .array/port v0xb9d19a10b240, 5531;
v0xb9d19a10b240_5532 .array/port v0xb9d19a10b240, 5532;
E_0xb9d199e68640/1384 .event anyedge, v0xb9d19a10b240_5529, v0xb9d19a10b240_5530, v0xb9d19a10b240_5531, v0xb9d19a10b240_5532;
v0xb9d19a10b240_5533 .array/port v0xb9d19a10b240, 5533;
v0xb9d19a10b240_5534 .array/port v0xb9d19a10b240, 5534;
v0xb9d19a10b240_5535 .array/port v0xb9d19a10b240, 5535;
v0xb9d19a10b240_5536 .array/port v0xb9d19a10b240, 5536;
E_0xb9d199e68640/1385 .event anyedge, v0xb9d19a10b240_5533, v0xb9d19a10b240_5534, v0xb9d19a10b240_5535, v0xb9d19a10b240_5536;
v0xb9d19a10b240_5537 .array/port v0xb9d19a10b240, 5537;
v0xb9d19a10b240_5538 .array/port v0xb9d19a10b240, 5538;
v0xb9d19a10b240_5539 .array/port v0xb9d19a10b240, 5539;
v0xb9d19a10b240_5540 .array/port v0xb9d19a10b240, 5540;
E_0xb9d199e68640/1386 .event anyedge, v0xb9d19a10b240_5537, v0xb9d19a10b240_5538, v0xb9d19a10b240_5539, v0xb9d19a10b240_5540;
v0xb9d19a10b240_5541 .array/port v0xb9d19a10b240, 5541;
v0xb9d19a10b240_5542 .array/port v0xb9d19a10b240, 5542;
v0xb9d19a10b240_5543 .array/port v0xb9d19a10b240, 5543;
v0xb9d19a10b240_5544 .array/port v0xb9d19a10b240, 5544;
E_0xb9d199e68640/1387 .event anyedge, v0xb9d19a10b240_5541, v0xb9d19a10b240_5542, v0xb9d19a10b240_5543, v0xb9d19a10b240_5544;
v0xb9d19a10b240_5545 .array/port v0xb9d19a10b240, 5545;
v0xb9d19a10b240_5546 .array/port v0xb9d19a10b240, 5546;
v0xb9d19a10b240_5547 .array/port v0xb9d19a10b240, 5547;
v0xb9d19a10b240_5548 .array/port v0xb9d19a10b240, 5548;
E_0xb9d199e68640/1388 .event anyedge, v0xb9d19a10b240_5545, v0xb9d19a10b240_5546, v0xb9d19a10b240_5547, v0xb9d19a10b240_5548;
v0xb9d19a10b240_5549 .array/port v0xb9d19a10b240, 5549;
v0xb9d19a10b240_5550 .array/port v0xb9d19a10b240, 5550;
v0xb9d19a10b240_5551 .array/port v0xb9d19a10b240, 5551;
v0xb9d19a10b240_5552 .array/port v0xb9d19a10b240, 5552;
E_0xb9d199e68640/1389 .event anyedge, v0xb9d19a10b240_5549, v0xb9d19a10b240_5550, v0xb9d19a10b240_5551, v0xb9d19a10b240_5552;
v0xb9d19a10b240_5553 .array/port v0xb9d19a10b240, 5553;
v0xb9d19a10b240_5554 .array/port v0xb9d19a10b240, 5554;
v0xb9d19a10b240_5555 .array/port v0xb9d19a10b240, 5555;
v0xb9d19a10b240_5556 .array/port v0xb9d19a10b240, 5556;
E_0xb9d199e68640/1390 .event anyedge, v0xb9d19a10b240_5553, v0xb9d19a10b240_5554, v0xb9d19a10b240_5555, v0xb9d19a10b240_5556;
v0xb9d19a10b240_5557 .array/port v0xb9d19a10b240, 5557;
v0xb9d19a10b240_5558 .array/port v0xb9d19a10b240, 5558;
v0xb9d19a10b240_5559 .array/port v0xb9d19a10b240, 5559;
v0xb9d19a10b240_5560 .array/port v0xb9d19a10b240, 5560;
E_0xb9d199e68640/1391 .event anyedge, v0xb9d19a10b240_5557, v0xb9d19a10b240_5558, v0xb9d19a10b240_5559, v0xb9d19a10b240_5560;
v0xb9d19a10b240_5561 .array/port v0xb9d19a10b240, 5561;
v0xb9d19a10b240_5562 .array/port v0xb9d19a10b240, 5562;
v0xb9d19a10b240_5563 .array/port v0xb9d19a10b240, 5563;
v0xb9d19a10b240_5564 .array/port v0xb9d19a10b240, 5564;
E_0xb9d199e68640/1392 .event anyedge, v0xb9d19a10b240_5561, v0xb9d19a10b240_5562, v0xb9d19a10b240_5563, v0xb9d19a10b240_5564;
v0xb9d19a10b240_5565 .array/port v0xb9d19a10b240, 5565;
v0xb9d19a10b240_5566 .array/port v0xb9d19a10b240, 5566;
v0xb9d19a10b240_5567 .array/port v0xb9d19a10b240, 5567;
v0xb9d19a10b240_5568 .array/port v0xb9d19a10b240, 5568;
E_0xb9d199e68640/1393 .event anyedge, v0xb9d19a10b240_5565, v0xb9d19a10b240_5566, v0xb9d19a10b240_5567, v0xb9d19a10b240_5568;
v0xb9d19a10b240_5569 .array/port v0xb9d19a10b240, 5569;
v0xb9d19a10b240_5570 .array/port v0xb9d19a10b240, 5570;
v0xb9d19a10b240_5571 .array/port v0xb9d19a10b240, 5571;
v0xb9d19a10b240_5572 .array/port v0xb9d19a10b240, 5572;
E_0xb9d199e68640/1394 .event anyedge, v0xb9d19a10b240_5569, v0xb9d19a10b240_5570, v0xb9d19a10b240_5571, v0xb9d19a10b240_5572;
v0xb9d19a10b240_5573 .array/port v0xb9d19a10b240, 5573;
v0xb9d19a10b240_5574 .array/port v0xb9d19a10b240, 5574;
v0xb9d19a10b240_5575 .array/port v0xb9d19a10b240, 5575;
v0xb9d19a10b240_5576 .array/port v0xb9d19a10b240, 5576;
E_0xb9d199e68640/1395 .event anyedge, v0xb9d19a10b240_5573, v0xb9d19a10b240_5574, v0xb9d19a10b240_5575, v0xb9d19a10b240_5576;
v0xb9d19a10b240_5577 .array/port v0xb9d19a10b240, 5577;
v0xb9d19a10b240_5578 .array/port v0xb9d19a10b240, 5578;
v0xb9d19a10b240_5579 .array/port v0xb9d19a10b240, 5579;
v0xb9d19a10b240_5580 .array/port v0xb9d19a10b240, 5580;
E_0xb9d199e68640/1396 .event anyedge, v0xb9d19a10b240_5577, v0xb9d19a10b240_5578, v0xb9d19a10b240_5579, v0xb9d19a10b240_5580;
v0xb9d19a10b240_5581 .array/port v0xb9d19a10b240, 5581;
v0xb9d19a10b240_5582 .array/port v0xb9d19a10b240, 5582;
v0xb9d19a10b240_5583 .array/port v0xb9d19a10b240, 5583;
v0xb9d19a10b240_5584 .array/port v0xb9d19a10b240, 5584;
E_0xb9d199e68640/1397 .event anyedge, v0xb9d19a10b240_5581, v0xb9d19a10b240_5582, v0xb9d19a10b240_5583, v0xb9d19a10b240_5584;
v0xb9d19a10b240_5585 .array/port v0xb9d19a10b240, 5585;
v0xb9d19a10b240_5586 .array/port v0xb9d19a10b240, 5586;
v0xb9d19a10b240_5587 .array/port v0xb9d19a10b240, 5587;
v0xb9d19a10b240_5588 .array/port v0xb9d19a10b240, 5588;
E_0xb9d199e68640/1398 .event anyedge, v0xb9d19a10b240_5585, v0xb9d19a10b240_5586, v0xb9d19a10b240_5587, v0xb9d19a10b240_5588;
v0xb9d19a10b240_5589 .array/port v0xb9d19a10b240, 5589;
v0xb9d19a10b240_5590 .array/port v0xb9d19a10b240, 5590;
v0xb9d19a10b240_5591 .array/port v0xb9d19a10b240, 5591;
v0xb9d19a10b240_5592 .array/port v0xb9d19a10b240, 5592;
E_0xb9d199e68640/1399 .event anyedge, v0xb9d19a10b240_5589, v0xb9d19a10b240_5590, v0xb9d19a10b240_5591, v0xb9d19a10b240_5592;
v0xb9d19a10b240_5593 .array/port v0xb9d19a10b240, 5593;
v0xb9d19a10b240_5594 .array/port v0xb9d19a10b240, 5594;
v0xb9d19a10b240_5595 .array/port v0xb9d19a10b240, 5595;
v0xb9d19a10b240_5596 .array/port v0xb9d19a10b240, 5596;
E_0xb9d199e68640/1400 .event anyedge, v0xb9d19a10b240_5593, v0xb9d19a10b240_5594, v0xb9d19a10b240_5595, v0xb9d19a10b240_5596;
v0xb9d19a10b240_5597 .array/port v0xb9d19a10b240, 5597;
v0xb9d19a10b240_5598 .array/port v0xb9d19a10b240, 5598;
v0xb9d19a10b240_5599 .array/port v0xb9d19a10b240, 5599;
v0xb9d19a10b240_5600 .array/port v0xb9d19a10b240, 5600;
E_0xb9d199e68640/1401 .event anyedge, v0xb9d19a10b240_5597, v0xb9d19a10b240_5598, v0xb9d19a10b240_5599, v0xb9d19a10b240_5600;
v0xb9d19a10b240_5601 .array/port v0xb9d19a10b240, 5601;
v0xb9d19a10b240_5602 .array/port v0xb9d19a10b240, 5602;
v0xb9d19a10b240_5603 .array/port v0xb9d19a10b240, 5603;
v0xb9d19a10b240_5604 .array/port v0xb9d19a10b240, 5604;
E_0xb9d199e68640/1402 .event anyedge, v0xb9d19a10b240_5601, v0xb9d19a10b240_5602, v0xb9d19a10b240_5603, v0xb9d19a10b240_5604;
v0xb9d19a10b240_5605 .array/port v0xb9d19a10b240, 5605;
v0xb9d19a10b240_5606 .array/port v0xb9d19a10b240, 5606;
v0xb9d19a10b240_5607 .array/port v0xb9d19a10b240, 5607;
v0xb9d19a10b240_5608 .array/port v0xb9d19a10b240, 5608;
E_0xb9d199e68640/1403 .event anyedge, v0xb9d19a10b240_5605, v0xb9d19a10b240_5606, v0xb9d19a10b240_5607, v0xb9d19a10b240_5608;
v0xb9d19a10b240_5609 .array/port v0xb9d19a10b240, 5609;
v0xb9d19a10b240_5610 .array/port v0xb9d19a10b240, 5610;
v0xb9d19a10b240_5611 .array/port v0xb9d19a10b240, 5611;
v0xb9d19a10b240_5612 .array/port v0xb9d19a10b240, 5612;
E_0xb9d199e68640/1404 .event anyedge, v0xb9d19a10b240_5609, v0xb9d19a10b240_5610, v0xb9d19a10b240_5611, v0xb9d19a10b240_5612;
v0xb9d19a10b240_5613 .array/port v0xb9d19a10b240, 5613;
v0xb9d19a10b240_5614 .array/port v0xb9d19a10b240, 5614;
v0xb9d19a10b240_5615 .array/port v0xb9d19a10b240, 5615;
v0xb9d19a10b240_5616 .array/port v0xb9d19a10b240, 5616;
E_0xb9d199e68640/1405 .event anyedge, v0xb9d19a10b240_5613, v0xb9d19a10b240_5614, v0xb9d19a10b240_5615, v0xb9d19a10b240_5616;
v0xb9d19a10b240_5617 .array/port v0xb9d19a10b240, 5617;
v0xb9d19a10b240_5618 .array/port v0xb9d19a10b240, 5618;
v0xb9d19a10b240_5619 .array/port v0xb9d19a10b240, 5619;
v0xb9d19a10b240_5620 .array/port v0xb9d19a10b240, 5620;
E_0xb9d199e68640/1406 .event anyedge, v0xb9d19a10b240_5617, v0xb9d19a10b240_5618, v0xb9d19a10b240_5619, v0xb9d19a10b240_5620;
v0xb9d19a10b240_5621 .array/port v0xb9d19a10b240, 5621;
v0xb9d19a10b240_5622 .array/port v0xb9d19a10b240, 5622;
v0xb9d19a10b240_5623 .array/port v0xb9d19a10b240, 5623;
v0xb9d19a10b240_5624 .array/port v0xb9d19a10b240, 5624;
E_0xb9d199e68640/1407 .event anyedge, v0xb9d19a10b240_5621, v0xb9d19a10b240_5622, v0xb9d19a10b240_5623, v0xb9d19a10b240_5624;
v0xb9d19a10b240_5625 .array/port v0xb9d19a10b240, 5625;
v0xb9d19a10b240_5626 .array/port v0xb9d19a10b240, 5626;
v0xb9d19a10b240_5627 .array/port v0xb9d19a10b240, 5627;
v0xb9d19a10b240_5628 .array/port v0xb9d19a10b240, 5628;
E_0xb9d199e68640/1408 .event anyedge, v0xb9d19a10b240_5625, v0xb9d19a10b240_5626, v0xb9d19a10b240_5627, v0xb9d19a10b240_5628;
v0xb9d19a10b240_5629 .array/port v0xb9d19a10b240, 5629;
v0xb9d19a10b240_5630 .array/port v0xb9d19a10b240, 5630;
v0xb9d19a10b240_5631 .array/port v0xb9d19a10b240, 5631;
v0xb9d19a10b240_5632 .array/port v0xb9d19a10b240, 5632;
E_0xb9d199e68640/1409 .event anyedge, v0xb9d19a10b240_5629, v0xb9d19a10b240_5630, v0xb9d19a10b240_5631, v0xb9d19a10b240_5632;
v0xb9d19a10b240_5633 .array/port v0xb9d19a10b240, 5633;
v0xb9d19a10b240_5634 .array/port v0xb9d19a10b240, 5634;
v0xb9d19a10b240_5635 .array/port v0xb9d19a10b240, 5635;
v0xb9d19a10b240_5636 .array/port v0xb9d19a10b240, 5636;
E_0xb9d199e68640/1410 .event anyedge, v0xb9d19a10b240_5633, v0xb9d19a10b240_5634, v0xb9d19a10b240_5635, v0xb9d19a10b240_5636;
v0xb9d19a10b240_5637 .array/port v0xb9d19a10b240, 5637;
v0xb9d19a10b240_5638 .array/port v0xb9d19a10b240, 5638;
v0xb9d19a10b240_5639 .array/port v0xb9d19a10b240, 5639;
v0xb9d19a10b240_5640 .array/port v0xb9d19a10b240, 5640;
E_0xb9d199e68640/1411 .event anyedge, v0xb9d19a10b240_5637, v0xb9d19a10b240_5638, v0xb9d19a10b240_5639, v0xb9d19a10b240_5640;
v0xb9d19a10b240_5641 .array/port v0xb9d19a10b240, 5641;
v0xb9d19a10b240_5642 .array/port v0xb9d19a10b240, 5642;
v0xb9d19a10b240_5643 .array/port v0xb9d19a10b240, 5643;
v0xb9d19a10b240_5644 .array/port v0xb9d19a10b240, 5644;
E_0xb9d199e68640/1412 .event anyedge, v0xb9d19a10b240_5641, v0xb9d19a10b240_5642, v0xb9d19a10b240_5643, v0xb9d19a10b240_5644;
v0xb9d19a10b240_5645 .array/port v0xb9d19a10b240, 5645;
v0xb9d19a10b240_5646 .array/port v0xb9d19a10b240, 5646;
v0xb9d19a10b240_5647 .array/port v0xb9d19a10b240, 5647;
v0xb9d19a10b240_5648 .array/port v0xb9d19a10b240, 5648;
E_0xb9d199e68640/1413 .event anyedge, v0xb9d19a10b240_5645, v0xb9d19a10b240_5646, v0xb9d19a10b240_5647, v0xb9d19a10b240_5648;
v0xb9d19a10b240_5649 .array/port v0xb9d19a10b240, 5649;
v0xb9d19a10b240_5650 .array/port v0xb9d19a10b240, 5650;
v0xb9d19a10b240_5651 .array/port v0xb9d19a10b240, 5651;
v0xb9d19a10b240_5652 .array/port v0xb9d19a10b240, 5652;
E_0xb9d199e68640/1414 .event anyedge, v0xb9d19a10b240_5649, v0xb9d19a10b240_5650, v0xb9d19a10b240_5651, v0xb9d19a10b240_5652;
v0xb9d19a10b240_5653 .array/port v0xb9d19a10b240, 5653;
v0xb9d19a10b240_5654 .array/port v0xb9d19a10b240, 5654;
v0xb9d19a10b240_5655 .array/port v0xb9d19a10b240, 5655;
v0xb9d19a10b240_5656 .array/port v0xb9d19a10b240, 5656;
E_0xb9d199e68640/1415 .event anyedge, v0xb9d19a10b240_5653, v0xb9d19a10b240_5654, v0xb9d19a10b240_5655, v0xb9d19a10b240_5656;
v0xb9d19a10b240_5657 .array/port v0xb9d19a10b240, 5657;
v0xb9d19a10b240_5658 .array/port v0xb9d19a10b240, 5658;
v0xb9d19a10b240_5659 .array/port v0xb9d19a10b240, 5659;
v0xb9d19a10b240_5660 .array/port v0xb9d19a10b240, 5660;
E_0xb9d199e68640/1416 .event anyedge, v0xb9d19a10b240_5657, v0xb9d19a10b240_5658, v0xb9d19a10b240_5659, v0xb9d19a10b240_5660;
v0xb9d19a10b240_5661 .array/port v0xb9d19a10b240, 5661;
v0xb9d19a10b240_5662 .array/port v0xb9d19a10b240, 5662;
v0xb9d19a10b240_5663 .array/port v0xb9d19a10b240, 5663;
v0xb9d19a10b240_5664 .array/port v0xb9d19a10b240, 5664;
E_0xb9d199e68640/1417 .event anyedge, v0xb9d19a10b240_5661, v0xb9d19a10b240_5662, v0xb9d19a10b240_5663, v0xb9d19a10b240_5664;
v0xb9d19a10b240_5665 .array/port v0xb9d19a10b240, 5665;
v0xb9d19a10b240_5666 .array/port v0xb9d19a10b240, 5666;
v0xb9d19a10b240_5667 .array/port v0xb9d19a10b240, 5667;
v0xb9d19a10b240_5668 .array/port v0xb9d19a10b240, 5668;
E_0xb9d199e68640/1418 .event anyedge, v0xb9d19a10b240_5665, v0xb9d19a10b240_5666, v0xb9d19a10b240_5667, v0xb9d19a10b240_5668;
v0xb9d19a10b240_5669 .array/port v0xb9d19a10b240, 5669;
v0xb9d19a10b240_5670 .array/port v0xb9d19a10b240, 5670;
v0xb9d19a10b240_5671 .array/port v0xb9d19a10b240, 5671;
v0xb9d19a10b240_5672 .array/port v0xb9d19a10b240, 5672;
E_0xb9d199e68640/1419 .event anyedge, v0xb9d19a10b240_5669, v0xb9d19a10b240_5670, v0xb9d19a10b240_5671, v0xb9d19a10b240_5672;
v0xb9d19a10b240_5673 .array/port v0xb9d19a10b240, 5673;
v0xb9d19a10b240_5674 .array/port v0xb9d19a10b240, 5674;
v0xb9d19a10b240_5675 .array/port v0xb9d19a10b240, 5675;
v0xb9d19a10b240_5676 .array/port v0xb9d19a10b240, 5676;
E_0xb9d199e68640/1420 .event anyedge, v0xb9d19a10b240_5673, v0xb9d19a10b240_5674, v0xb9d19a10b240_5675, v0xb9d19a10b240_5676;
v0xb9d19a10b240_5677 .array/port v0xb9d19a10b240, 5677;
v0xb9d19a10b240_5678 .array/port v0xb9d19a10b240, 5678;
v0xb9d19a10b240_5679 .array/port v0xb9d19a10b240, 5679;
v0xb9d19a10b240_5680 .array/port v0xb9d19a10b240, 5680;
E_0xb9d199e68640/1421 .event anyedge, v0xb9d19a10b240_5677, v0xb9d19a10b240_5678, v0xb9d19a10b240_5679, v0xb9d19a10b240_5680;
v0xb9d19a10b240_5681 .array/port v0xb9d19a10b240, 5681;
v0xb9d19a10b240_5682 .array/port v0xb9d19a10b240, 5682;
v0xb9d19a10b240_5683 .array/port v0xb9d19a10b240, 5683;
v0xb9d19a10b240_5684 .array/port v0xb9d19a10b240, 5684;
E_0xb9d199e68640/1422 .event anyedge, v0xb9d19a10b240_5681, v0xb9d19a10b240_5682, v0xb9d19a10b240_5683, v0xb9d19a10b240_5684;
v0xb9d19a10b240_5685 .array/port v0xb9d19a10b240, 5685;
v0xb9d19a10b240_5686 .array/port v0xb9d19a10b240, 5686;
v0xb9d19a10b240_5687 .array/port v0xb9d19a10b240, 5687;
v0xb9d19a10b240_5688 .array/port v0xb9d19a10b240, 5688;
E_0xb9d199e68640/1423 .event anyedge, v0xb9d19a10b240_5685, v0xb9d19a10b240_5686, v0xb9d19a10b240_5687, v0xb9d19a10b240_5688;
v0xb9d19a10b240_5689 .array/port v0xb9d19a10b240, 5689;
v0xb9d19a10b240_5690 .array/port v0xb9d19a10b240, 5690;
v0xb9d19a10b240_5691 .array/port v0xb9d19a10b240, 5691;
v0xb9d19a10b240_5692 .array/port v0xb9d19a10b240, 5692;
E_0xb9d199e68640/1424 .event anyedge, v0xb9d19a10b240_5689, v0xb9d19a10b240_5690, v0xb9d19a10b240_5691, v0xb9d19a10b240_5692;
v0xb9d19a10b240_5693 .array/port v0xb9d19a10b240, 5693;
v0xb9d19a10b240_5694 .array/port v0xb9d19a10b240, 5694;
v0xb9d19a10b240_5695 .array/port v0xb9d19a10b240, 5695;
v0xb9d19a10b240_5696 .array/port v0xb9d19a10b240, 5696;
E_0xb9d199e68640/1425 .event anyedge, v0xb9d19a10b240_5693, v0xb9d19a10b240_5694, v0xb9d19a10b240_5695, v0xb9d19a10b240_5696;
v0xb9d19a10b240_5697 .array/port v0xb9d19a10b240, 5697;
v0xb9d19a10b240_5698 .array/port v0xb9d19a10b240, 5698;
v0xb9d19a10b240_5699 .array/port v0xb9d19a10b240, 5699;
v0xb9d19a10b240_5700 .array/port v0xb9d19a10b240, 5700;
E_0xb9d199e68640/1426 .event anyedge, v0xb9d19a10b240_5697, v0xb9d19a10b240_5698, v0xb9d19a10b240_5699, v0xb9d19a10b240_5700;
v0xb9d19a10b240_5701 .array/port v0xb9d19a10b240, 5701;
v0xb9d19a10b240_5702 .array/port v0xb9d19a10b240, 5702;
v0xb9d19a10b240_5703 .array/port v0xb9d19a10b240, 5703;
v0xb9d19a10b240_5704 .array/port v0xb9d19a10b240, 5704;
E_0xb9d199e68640/1427 .event anyedge, v0xb9d19a10b240_5701, v0xb9d19a10b240_5702, v0xb9d19a10b240_5703, v0xb9d19a10b240_5704;
v0xb9d19a10b240_5705 .array/port v0xb9d19a10b240, 5705;
v0xb9d19a10b240_5706 .array/port v0xb9d19a10b240, 5706;
v0xb9d19a10b240_5707 .array/port v0xb9d19a10b240, 5707;
v0xb9d19a10b240_5708 .array/port v0xb9d19a10b240, 5708;
E_0xb9d199e68640/1428 .event anyedge, v0xb9d19a10b240_5705, v0xb9d19a10b240_5706, v0xb9d19a10b240_5707, v0xb9d19a10b240_5708;
v0xb9d19a10b240_5709 .array/port v0xb9d19a10b240, 5709;
v0xb9d19a10b240_5710 .array/port v0xb9d19a10b240, 5710;
v0xb9d19a10b240_5711 .array/port v0xb9d19a10b240, 5711;
v0xb9d19a10b240_5712 .array/port v0xb9d19a10b240, 5712;
E_0xb9d199e68640/1429 .event anyedge, v0xb9d19a10b240_5709, v0xb9d19a10b240_5710, v0xb9d19a10b240_5711, v0xb9d19a10b240_5712;
v0xb9d19a10b240_5713 .array/port v0xb9d19a10b240, 5713;
v0xb9d19a10b240_5714 .array/port v0xb9d19a10b240, 5714;
v0xb9d19a10b240_5715 .array/port v0xb9d19a10b240, 5715;
v0xb9d19a10b240_5716 .array/port v0xb9d19a10b240, 5716;
E_0xb9d199e68640/1430 .event anyedge, v0xb9d19a10b240_5713, v0xb9d19a10b240_5714, v0xb9d19a10b240_5715, v0xb9d19a10b240_5716;
v0xb9d19a10b240_5717 .array/port v0xb9d19a10b240, 5717;
v0xb9d19a10b240_5718 .array/port v0xb9d19a10b240, 5718;
v0xb9d19a10b240_5719 .array/port v0xb9d19a10b240, 5719;
v0xb9d19a10b240_5720 .array/port v0xb9d19a10b240, 5720;
E_0xb9d199e68640/1431 .event anyedge, v0xb9d19a10b240_5717, v0xb9d19a10b240_5718, v0xb9d19a10b240_5719, v0xb9d19a10b240_5720;
v0xb9d19a10b240_5721 .array/port v0xb9d19a10b240, 5721;
v0xb9d19a10b240_5722 .array/port v0xb9d19a10b240, 5722;
v0xb9d19a10b240_5723 .array/port v0xb9d19a10b240, 5723;
v0xb9d19a10b240_5724 .array/port v0xb9d19a10b240, 5724;
E_0xb9d199e68640/1432 .event anyedge, v0xb9d19a10b240_5721, v0xb9d19a10b240_5722, v0xb9d19a10b240_5723, v0xb9d19a10b240_5724;
v0xb9d19a10b240_5725 .array/port v0xb9d19a10b240, 5725;
v0xb9d19a10b240_5726 .array/port v0xb9d19a10b240, 5726;
v0xb9d19a10b240_5727 .array/port v0xb9d19a10b240, 5727;
v0xb9d19a10b240_5728 .array/port v0xb9d19a10b240, 5728;
E_0xb9d199e68640/1433 .event anyedge, v0xb9d19a10b240_5725, v0xb9d19a10b240_5726, v0xb9d19a10b240_5727, v0xb9d19a10b240_5728;
v0xb9d19a10b240_5729 .array/port v0xb9d19a10b240, 5729;
v0xb9d19a10b240_5730 .array/port v0xb9d19a10b240, 5730;
v0xb9d19a10b240_5731 .array/port v0xb9d19a10b240, 5731;
v0xb9d19a10b240_5732 .array/port v0xb9d19a10b240, 5732;
E_0xb9d199e68640/1434 .event anyedge, v0xb9d19a10b240_5729, v0xb9d19a10b240_5730, v0xb9d19a10b240_5731, v0xb9d19a10b240_5732;
v0xb9d19a10b240_5733 .array/port v0xb9d19a10b240, 5733;
v0xb9d19a10b240_5734 .array/port v0xb9d19a10b240, 5734;
v0xb9d19a10b240_5735 .array/port v0xb9d19a10b240, 5735;
v0xb9d19a10b240_5736 .array/port v0xb9d19a10b240, 5736;
E_0xb9d199e68640/1435 .event anyedge, v0xb9d19a10b240_5733, v0xb9d19a10b240_5734, v0xb9d19a10b240_5735, v0xb9d19a10b240_5736;
v0xb9d19a10b240_5737 .array/port v0xb9d19a10b240, 5737;
v0xb9d19a10b240_5738 .array/port v0xb9d19a10b240, 5738;
v0xb9d19a10b240_5739 .array/port v0xb9d19a10b240, 5739;
v0xb9d19a10b240_5740 .array/port v0xb9d19a10b240, 5740;
E_0xb9d199e68640/1436 .event anyedge, v0xb9d19a10b240_5737, v0xb9d19a10b240_5738, v0xb9d19a10b240_5739, v0xb9d19a10b240_5740;
v0xb9d19a10b240_5741 .array/port v0xb9d19a10b240, 5741;
v0xb9d19a10b240_5742 .array/port v0xb9d19a10b240, 5742;
v0xb9d19a10b240_5743 .array/port v0xb9d19a10b240, 5743;
v0xb9d19a10b240_5744 .array/port v0xb9d19a10b240, 5744;
E_0xb9d199e68640/1437 .event anyedge, v0xb9d19a10b240_5741, v0xb9d19a10b240_5742, v0xb9d19a10b240_5743, v0xb9d19a10b240_5744;
v0xb9d19a10b240_5745 .array/port v0xb9d19a10b240, 5745;
v0xb9d19a10b240_5746 .array/port v0xb9d19a10b240, 5746;
v0xb9d19a10b240_5747 .array/port v0xb9d19a10b240, 5747;
v0xb9d19a10b240_5748 .array/port v0xb9d19a10b240, 5748;
E_0xb9d199e68640/1438 .event anyedge, v0xb9d19a10b240_5745, v0xb9d19a10b240_5746, v0xb9d19a10b240_5747, v0xb9d19a10b240_5748;
v0xb9d19a10b240_5749 .array/port v0xb9d19a10b240, 5749;
v0xb9d19a10b240_5750 .array/port v0xb9d19a10b240, 5750;
v0xb9d19a10b240_5751 .array/port v0xb9d19a10b240, 5751;
v0xb9d19a10b240_5752 .array/port v0xb9d19a10b240, 5752;
E_0xb9d199e68640/1439 .event anyedge, v0xb9d19a10b240_5749, v0xb9d19a10b240_5750, v0xb9d19a10b240_5751, v0xb9d19a10b240_5752;
v0xb9d19a10b240_5753 .array/port v0xb9d19a10b240, 5753;
v0xb9d19a10b240_5754 .array/port v0xb9d19a10b240, 5754;
v0xb9d19a10b240_5755 .array/port v0xb9d19a10b240, 5755;
v0xb9d19a10b240_5756 .array/port v0xb9d19a10b240, 5756;
E_0xb9d199e68640/1440 .event anyedge, v0xb9d19a10b240_5753, v0xb9d19a10b240_5754, v0xb9d19a10b240_5755, v0xb9d19a10b240_5756;
v0xb9d19a10b240_5757 .array/port v0xb9d19a10b240, 5757;
v0xb9d19a10b240_5758 .array/port v0xb9d19a10b240, 5758;
v0xb9d19a10b240_5759 .array/port v0xb9d19a10b240, 5759;
v0xb9d19a10b240_5760 .array/port v0xb9d19a10b240, 5760;
E_0xb9d199e68640/1441 .event anyedge, v0xb9d19a10b240_5757, v0xb9d19a10b240_5758, v0xb9d19a10b240_5759, v0xb9d19a10b240_5760;
v0xb9d19a10b240_5761 .array/port v0xb9d19a10b240, 5761;
v0xb9d19a10b240_5762 .array/port v0xb9d19a10b240, 5762;
v0xb9d19a10b240_5763 .array/port v0xb9d19a10b240, 5763;
v0xb9d19a10b240_5764 .array/port v0xb9d19a10b240, 5764;
E_0xb9d199e68640/1442 .event anyedge, v0xb9d19a10b240_5761, v0xb9d19a10b240_5762, v0xb9d19a10b240_5763, v0xb9d19a10b240_5764;
v0xb9d19a10b240_5765 .array/port v0xb9d19a10b240, 5765;
v0xb9d19a10b240_5766 .array/port v0xb9d19a10b240, 5766;
v0xb9d19a10b240_5767 .array/port v0xb9d19a10b240, 5767;
v0xb9d19a10b240_5768 .array/port v0xb9d19a10b240, 5768;
E_0xb9d199e68640/1443 .event anyedge, v0xb9d19a10b240_5765, v0xb9d19a10b240_5766, v0xb9d19a10b240_5767, v0xb9d19a10b240_5768;
v0xb9d19a10b240_5769 .array/port v0xb9d19a10b240, 5769;
v0xb9d19a10b240_5770 .array/port v0xb9d19a10b240, 5770;
v0xb9d19a10b240_5771 .array/port v0xb9d19a10b240, 5771;
v0xb9d19a10b240_5772 .array/port v0xb9d19a10b240, 5772;
E_0xb9d199e68640/1444 .event anyedge, v0xb9d19a10b240_5769, v0xb9d19a10b240_5770, v0xb9d19a10b240_5771, v0xb9d19a10b240_5772;
v0xb9d19a10b240_5773 .array/port v0xb9d19a10b240, 5773;
v0xb9d19a10b240_5774 .array/port v0xb9d19a10b240, 5774;
v0xb9d19a10b240_5775 .array/port v0xb9d19a10b240, 5775;
v0xb9d19a10b240_5776 .array/port v0xb9d19a10b240, 5776;
E_0xb9d199e68640/1445 .event anyedge, v0xb9d19a10b240_5773, v0xb9d19a10b240_5774, v0xb9d19a10b240_5775, v0xb9d19a10b240_5776;
v0xb9d19a10b240_5777 .array/port v0xb9d19a10b240, 5777;
v0xb9d19a10b240_5778 .array/port v0xb9d19a10b240, 5778;
v0xb9d19a10b240_5779 .array/port v0xb9d19a10b240, 5779;
v0xb9d19a10b240_5780 .array/port v0xb9d19a10b240, 5780;
E_0xb9d199e68640/1446 .event anyedge, v0xb9d19a10b240_5777, v0xb9d19a10b240_5778, v0xb9d19a10b240_5779, v0xb9d19a10b240_5780;
v0xb9d19a10b240_5781 .array/port v0xb9d19a10b240, 5781;
v0xb9d19a10b240_5782 .array/port v0xb9d19a10b240, 5782;
v0xb9d19a10b240_5783 .array/port v0xb9d19a10b240, 5783;
v0xb9d19a10b240_5784 .array/port v0xb9d19a10b240, 5784;
E_0xb9d199e68640/1447 .event anyedge, v0xb9d19a10b240_5781, v0xb9d19a10b240_5782, v0xb9d19a10b240_5783, v0xb9d19a10b240_5784;
v0xb9d19a10b240_5785 .array/port v0xb9d19a10b240, 5785;
v0xb9d19a10b240_5786 .array/port v0xb9d19a10b240, 5786;
v0xb9d19a10b240_5787 .array/port v0xb9d19a10b240, 5787;
v0xb9d19a10b240_5788 .array/port v0xb9d19a10b240, 5788;
E_0xb9d199e68640/1448 .event anyedge, v0xb9d19a10b240_5785, v0xb9d19a10b240_5786, v0xb9d19a10b240_5787, v0xb9d19a10b240_5788;
v0xb9d19a10b240_5789 .array/port v0xb9d19a10b240, 5789;
v0xb9d19a10b240_5790 .array/port v0xb9d19a10b240, 5790;
v0xb9d19a10b240_5791 .array/port v0xb9d19a10b240, 5791;
v0xb9d19a10b240_5792 .array/port v0xb9d19a10b240, 5792;
E_0xb9d199e68640/1449 .event anyedge, v0xb9d19a10b240_5789, v0xb9d19a10b240_5790, v0xb9d19a10b240_5791, v0xb9d19a10b240_5792;
v0xb9d19a10b240_5793 .array/port v0xb9d19a10b240, 5793;
v0xb9d19a10b240_5794 .array/port v0xb9d19a10b240, 5794;
v0xb9d19a10b240_5795 .array/port v0xb9d19a10b240, 5795;
v0xb9d19a10b240_5796 .array/port v0xb9d19a10b240, 5796;
E_0xb9d199e68640/1450 .event anyedge, v0xb9d19a10b240_5793, v0xb9d19a10b240_5794, v0xb9d19a10b240_5795, v0xb9d19a10b240_5796;
v0xb9d19a10b240_5797 .array/port v0xb9d19a10b240, 5797;
v0xb9d19a10b240_5798 .array/port v0xb9d19a10b240, 5798;
v0xb9d19a10b240_5799 .array/port v0xb9d19a10b240, 5799;
v0xb9d19a10b240_5800 .array/port v0xb9d19a10b240, 5800;
E_0xb9d199e68640/1451 .event anyedge, v0xb9d19a10b240_5797, v0xb9d19a10b240_5798, v0xb9d19a10b240_5799, v0xb9d19a10b240_5800;
v0xb9d19a10b240_5801 .array/port v0xb9d19a10b240, 5801;
v0xb9d19a10b240_5802 .array/port v0xb9d19a10b240, 5802;
v0xb9d19a10b240_5803 .array/port v0xb9d19a10b240, 5803;
v0xb9d19a10b240_5804 .array/port v0xb9d19a10b240, 5804;
E_0xb9d199e68640/1452 .event anyedge, v0xb9d19a10b240_5801, v0xb9d19a10b240_5802, v0xb9d19a10b240_5803, v0xb9d19a10b240_5804;
v0xb9d19a10b240_5805 .array/port v0xb9d19a10b240, 5805;
v0xb9d19a10b240_5806 .array/port v0xb9d19a10b240, 5806;
v0xb9d19a10b240_5807 .array/port v0xb9d19a10b240, 5807;
v0xb9d19a10b240_5808 .array/port v0xb9d19a10b240, 5808;
E_0xb9d199e68640/1453 .event anyedge, v0xb9d19a10b240_5805, v0xb9d19a10b240_5806, v0xb9d19a10b240_5807, v0xb9d19a10b240_5808;
v0xb9d19a10b240_5809 .array/port v0xb9d19a10b240, 5809;
v0xb9d19a10b240_5810 .array/port v0xb9d19a10b240, 5810;
v0xb9d19a10b240_5811 .array/port v0xb9d19a10b240, 5811;
v0xb9d19a10b240_5812 .array/port v0xb9d19a10b240, 5812;
E_0xb9d199e68640/1454 .event anyedge, v0xb9d19a10b240_5809, v0xb9d19a10b240_5810, v0xb9d19a10b240_5811, v0xb9d19a10b240_5812;
v0xb9d19a10b240_5813 .array/port v0xb9d19a10b240, 5813;
v0xb9d19a10b240_5814 .array/port v0xb9d19a10b240, 5814;
v0xb9d19a10b240_5815 .array/port v0xb9d19a10b240, 5815;
v0xb9d19a10b240_5816 .array/port v0xb9d19a10b240, 5816;
E_0xb9d199e68640/1455 .event anyedge, v0xb9d19a10b240_5813, v0xb9d19a10b240_5814, v0xb9d19a10b240_5815, v0xb9d19a10b240_5816;
v0xb9d19a10b240_5817 .array/port v0xb9d19a10b240, 5817;
v0xb9d19a10b240_5818 .array/port v0xb9d19a10b240, 5818;
v0xb9d19a10b240_5819 .array/port v0xb9d19a10b240, 5819;
v0xb9d19a10b240_5820 .array/port v0xb9d19a10b240, 5820;
E_0xb9d199e68640/1456 .event anyedge, v0xb9d19a10b240_5817, v0xb9d19a10b240_5818, v0xb9d19a10b240_5819, v0xb9d19a10b240_5820;
v0xb9d19a10b240_5821 .array/port v0xb9d19a10b240, 5821;
v0xb9d19a10b240_5822 .array/port v0xb9d19a10b240, 5822;
v0xb9d19a10b240_5823 .array/port v0xb9d19a10b240, 5823;
v0xb9d19a10b240_5824 .array/port v0xb9d19a10b240, 5824;
E_0xb9d199e68640/1457 .event anyedge, v0xb9d19a10b240_5821, v0xb9d19a10b240_5822, v0xb9d19a10b240_5823, v0xb9d19a10b240_5824;
v0xb9d19a10b240_5825 .array/port v0xb9d19a10b240, 5825;
v0xb9d19a10b240_5826 .array/port v0xb9d19a10b240, 5826;
v0xb9d19a10b240_5827 .array/port v0xb9d19a10b240, 5827;
v0xb9d19a10b240_5828 .array/port v0xb9d19a10b240, 5828;
E_0xb9d199e68640/1458 .event anyedge, v0xb9d19a10b240_5825, v0xb9d19a10b240_5826, v0xb9d19a10b240_5827, v0xb9d19a10b240_5828;
v0xb9d19a10b240_5829 .array/port v0xb9d19a10b240, 5829;
v0xb9d19a10b240_5830 .array/port v0xb9d19a10b240, 5830;
v0xb9d19a10b240_5831 .array/port v0xb9d19a10b240, 5831;
v0xb9d19a10b240_5832 .array/port v0xb9d19a10b240, 5832;
E_0xb9d199e68640/1459 .event anyedge, v0xb9d19a10b240_5829, v0xb9d19a10b240_5830, v0xb9d19a10b240_5831, v0xb9d19a10b240_5832;
v0xb9d19a10b240_5833 .array/port v0xb9d19a10b240, 5833;
v0xb9d19a10b240_5834 .array/port v0xb9d19a10b240, 5834;
v0xb9d19a10b240_5835 .array/port v0xb9d19a10b240, 5835;
v0xb9d19a10b240_5836 .array/port v0xb9d19a10b240, 5836;
E_0xb9d199e68640/1460 .event anyedge, v0xb9d19a10b240_5833, v0xb9d19a10b240_5834, v0xb9d19a10b240_5835, v0xb9d19a10b240_5836;
v0xb9d19a10b240_5837 .array/port v0xb9d19a10b240, 5837;
v0xb9d19a10b240_5838 .array/port v0xb9d19a10b240, 5838;
v0xb9d19a10b240_5839 .array/port v0xb9d19a10b240, 5839;
v0xb9d19a10b240_5840 .array/port v0xb9d19a10b240, 5840;
E_0xb9d199e68640/1461 .event anyedge, v0xb9d19a10b240_5837, v0xb9d19a10b240_5838, v0xb9d19a10b240_5839, v0xb9d19a10b240_5840;
v0xb9d19a10b240_5841 .array/port v0xb9d19a10b240, 5841;
v0xb9d19a10b240_5842 .array/port v0xb9d19a10b240, 5842;
v0xb9d19a10b240_5843 .array/port v0xb9d19a10b240, 5843;
v0xb9d19a10b240_5844 .array/port v0xb9d19a10b240, 5844;
E_0xb9d199e68640/1462 .event anyedge, v0xb9d19a10b240_5841, v0xb9d19a10b240_5842, v0xb9d19a10b240_5843, v0xb9d19a10b240_5844;
v0xb9d19a10b240_5845 .array/port v0xb9d19a10b240, 5845;
v0xb9d19a10b240_5846 .array/port v0xb9d19a10b240, 5846;
v0xb9d19a10b240_5847 .array/port v0xb9d19a10b240, 5847;
v0xb9d19a10b240_5848 .array/port v0xb9d19a10b240, 5848;
E_0xb9d199e68640/1463 .event anyedge, v0xb9d19a10b240_5845, v0xb9d19a10b240_5846, v0xb9d19a10b240_5847, v0xb9d19a10b240_5848;
v0xb9d19a10b240_5849 .array/port v0xb9d19a10b240, 5849;
v0xb9d19a10b240_5850 .array/port v0xb9d19a10b240, 5850;
v0xb9d19a10b240_5851 .array/port v0xb9d19a10b240, 5851;
v0xb9d19a10b240_5852 .array/port v0xb9d19a10b240, 5852;
E_0xb9d199e68640/1464 .event anyedge, v0xb9d19a10b240_5849, v0xb9d19a10b240_5850, v0xb9d19a10b240_5851, v0xb9d19a10b240_5852;
v0xb9d19a10b240_5853 .array/port v0xb9d19a10b240, 5853;
v0xb9d19a10b240_5854 .array/port v0xb9d19a10b240, 5854;
v0xb9d19a10b240_5855 .array/port v0xb9d19a10b240, 5855;
v0xb9d19a10b240_5856 .array/port v0xb9d19a10b240, 5856;
E_0xb9d199e68640/1465 .event anyedge, v0xb9d19a10b240_5853, v0xb9d19a10b240_5854, v0xb9d19a10b240_5855, v0xb9d19a10b240_5856;
v0xb9d19a10b240_5857 .array/port v0xb9d19a10b240, 5857;
v0xb9d19a10b240_5858 .array/port v0xb9d19a10b240, 5858;
v0xb9d19a10b240_5859 .array/port v0xb9d19a10b240, 5859;
v0xb9d19a10b240_5860 .array/port v0xb9d19a10b240, 5860;
E_0xb9d199e68640/1466 .event anyedge, v0xb9d19a10b240_5857, v0xb9d19a10b240_5858, v0xb9d19a10b240_5859, v0xb9d19a10b240_5860;
v0xb9d19a10b240_5861 .array/port v0xb9d19a10b240, 5861;
v0xb9d19a10b240_5862 .array/port v0xb9d19a10b240, 5862;
v0xb9d19a10b240_5863 .array/port v0xb9d19a10b240, 5863;
v0xb9d19a10b240_5864 .array/port v0xb9d19a10b240, 5864;
E_0xb9d199e68640/1467 .event anyedge, v0xb9d19a10b240_5861, v0xb9d19a10b240_5862, v0xb9d19a10b240_5863, v0xb9d19a10b240_5864;
v0xb9d19a10b240_5865 .array/port v0xb9d19a10b240, 5865;
v0xb9d19a10b240_5866 .array/port v0xb9d19a10b240, 5866;
v0xb9d19a10b240_5867 .array/port v0xb9d19a10b240, 5867;
v0xb9d19a10b240_5868 .array/port v0xb9d19a10b240, 5868;
E_0xb9d199e68640/1468 .event anyedge, v0xb9d19a10b240_5865, v0xb9d19a10b240_5866, v0xb9d19a10b240_5867, v0xb9d19a10b240_5868;
v0xb9d19a10b240_5869 .array/port v0xb9d19a10b240, 5869;
v0xb9d19a10b240_5870 .array/port v0xb9d19a10b240, 5870;
v0xb9d19a10b240_5871 .array/port v0xb9d19a10b240, 5871;
v0xb9d19a10b240_5872 .array/port v0xb9d19a10b240, 5872;
E_0xb9d199e68640/1469 .event anyedge, v0xb9d19a10b240_5869, v0xb9d19a10b240_5870, v0xb9d19a10b240_5871, v0xb9d19a10b240_5872;
v0xb9d19a10b240_5873 .array/port v0xb9d19a10b240, 5873;
v0xb9d19a10b240_5874 .array/port v0xb9d19a10b240, 5874;
v0xb9d19a10b240_5875 .array/port v0xb9d19a10b240, 5875;
v0xb9d19a10b240_5876 .array/port v0xb9d19a10b240, 5876;
E_0xb9d199e68640/1470 .event anyedge, v0xb9d19a10b240_5873, v0xb9d19a10b240_5874, v0xb9d19a10b240_5875, v0xb9d19a10b240_5876;
v0xb9d19a10b240_5877 .array/port v0xb9d19a10b240, 5877;
v0xb9d19a10b240_5878 .array/port v0xb9d19a10b240, 5878;
v0xb9d19a10b240_5879 .array/port v0xb9d19a10b240, 5879;
v0xb9d19a10b240_5880 .array/port v0xb9d19a10b240, 5880;
E_0xb9d199e68640/1471 .event anyedge, v0xb9d19a10b240_5877, v0xb9d19a10b240_5878, v0xb9d19a10b240_5879, v0xb9d19a10b240_5880;
v0xb9d19a10b240_5881 .array/port v0xb9d19a10b240, 5881;
v0xb9d19a10b240_5882 .array/port v0xb9d19a10b240, 5882;
v0xb9d19a10b240_5883 .array/port v0xb9d19a10b240, 5883;
v0xb9d19a10b240_5884 .array/port v0xb9d19a10b240, 5884;
E_0xb9d199e68640/1472 .event anyedge, v0xb9d19a10b240_5881, v0xb9d19a10b240_5882, v0xb9d19a10b240_5883, v0xb9d19a10b240_5884;
v0xb9d19a10b240_5885 .array/port v0xb9d19a10b240, 5885;
v0xb9d19a10b240_5886 .array/port v0xb9d19a10b240, 5886;
v0xb9d19a10b240_5887 .array/port v0xb9d19a10b240, 5887;
v0xb9d19a10b240_5888 .array/port v0xb9d19a10b240, 5888;
E_0xb9d199e68640/1473 .event anyedge, v0xb9d19a10b240_5885, v0xb9d19a10b240_5886, v0xb9d19a10b240_5887, v0xb9d19a10b240_5888;
v0xb9d19a10b240_5889 .array/port v0xb9d19a10b240, 5889;
v0xb9d19a10b240_5890 .array/port v0xb9d19a10b240, 5890;
v0xb9d19a10b240_5891 .array/port v0xb9d19a10b240, 5891;
v0xb9d19a10b240_5892 .array/port v0xb9d19a10b240, 5892;
E_0xb9d199e68640/1474 .event anyedge, v0xb9d19a10b240_5889, v0xb9d19a10b240_5890, v0xb9d19a10b240_5891, v0xb9d19a10b240_5892;
v0xb9d19a10b240_5893 .array/port v0xb9d19a10b240, 5893;
v0xb9d19a10b240_5894 .array/port v0xb9d19a10b240, 5894;
v0xb9d19a10b240_5895 .array/port v0xb9d19a10b240, 5895;
v0xb9d19a10b240_5896 .array/port v0xb9d19a10b240, 5896;
E_0xb9d199e68640/1475 .event anyedge, v0xb9d19a10b240_5893, v0xb9d19a10b240_5894, v0xb9d19a10b240_5895, v0xb9d19a10b240_5896;
v0xb9d19a10b240_5897 .array/port v0xb9d19a10b240, 5897;
v0xb9d19a10b240_5898 .array/port v0xb9d19a10b240, 5898;
v0xb9d19a10b240_5899 .array/port v0xb9d19a10b240, 5899;
v0xb9d19a10b240_5900 .array/port v0xb9d19a10b240, 5900;
E_0xb9d199e68640/1476 .event anyedge, v0xb9d19a10b240_5897, v0xb9d19a10b240_5898, v0xb9d19a10b240_5899, v0xb9d19a10b240_5900;
v0xb9d19a10b240_5901 .array/port v0xb9d19a10b240, 5901;
v0xb9d19a10b240_5902 .array/port v0xb9d19a10b240, 5902;
v0xb9d19a10b240_5903 .array/port v0xb9d19a10b240, 5903;
v0xb9d19a10b240_5904 .array/port v0xb9d19a10b240, 5904;
E_0xb9d199e68640/1477 .event anyedge, v0xb9d19a10b240_5901, v0xb9d19a10b240_5902, v0xb9d19a10b240_5903, v0xb9d19a10b240_5904;
v0xb9d19a10b240_5905 .array/port v0xb9d19a10b240, 5905;
v0xb9d19a10b240_5906 .array/port v0xb9d19a10b240, 5906;
v0xb9d19a10b240_5907 .array/port v0xb9d19a10b240, 5907;
v0xb9d19a10b240_5908 .array/port v0xb9d19a10b240, 5908;
E_0xb9d199e68640/1478 .event anyedge, v0xb9d19a10b240_5905, v0xb9d19a10b240_5906, v0xb9d19a10b240_5907, v0xb9d19a10b240_5908;
v0xb9d19a10b240_5909 .array/port v0xb9d19a10b240, 5909;
v0xb9d19a10b240_5910 .array/port v0xb9d19a10b240, 5910;
v0xb9d19a10b240_5911 .array/port v0xb9d19a10b240, 5911;
v0xb9d19a10b240_5912 .array/port v0xb9d19a10b240, 5912;
E_0xb9d199e68640/1479 .event anyedge, v0xb9d19a10b240_5909, v0xb9d19a10b240_5910, v0xb9d19a10b240_5911, v0xb9d19a10b240_5912;
v0xb9d19a10b240_5913 .array/port v0xb9d19a10b240, 5913;
v0xb9d19a10b240_5914 .array/port v0xb9d19a10b240, 5914;
v0xb9d19a10b240_5915 .array/port v0xb9d19a10b240, 5915;
v0xb9d19a10b240_5916 .array/port v0xb9d19a10b240, 5916;
E_0xb9d199e68640/1480 .event anyedge, v0xb9d19a10b240_5913, v0xb9d19a10b240_5914, v0xb9d19a10b240_5915, v0xb9d19a10b240_5916;
v0xb9d19a10b240_5917 .array/port v0xb9d19a10b240, 5917;
v0xb9d19a10b240_5918 .array/port v0xb9d19a10b240, 5918;
v0xb9d19a10b240_5919 .array/port v0xb9d19a10b240, 5919;
v0xb9d19a10b240_5920 .array/port v0xb9d19a10b240, 5920;
E_0xb9d199e68640/1481 .event anyedge, v0xb9d19a10b240_5917, v0xb9d19a10b240_5918, v0xb9d19a10b240_5919, v0xb9d19a10b240_5920;
v0xb9d19a10b240_5921 .array/port v0xb9d19a10b240, 5921;
v0xb9d19a10b240_5922 .array/port v0xb9d19a10b240, 5922;
v0xb9d19a10b240_5923 .array/port v0xb9d19a10b240, 5923;
v0xb9d19a10b240_5924 .array/port v0xb9d19a10b240, 5924;
E_0xb9d199e68640/1482 .event anyedge, v0xb9d19a10b240_5921, v0xb9d19a10b240_5922, v0xb9d19a10b240_5923, v0xb9d19a10b240_5924;
v0xb9d19a10b240_5925 .array/port v0xb9d19a10b240, 5925;
v0xb9d19a10b240_5926 .array/port v0xb9d19a10b240, 5926;
v0xb9d19a10b240_5927 .array/port v0xb9d19a10b240, 5927;
v0xb9d19a10b240_5928 .array/port v0xb9d19a10b240, 5928;
E_0xb9d199e68640/1483 .event anyedge, v0xb9d19a10b240_5925, v0xb9d19a10b240_5926, v0xb9d19a10b240_5927, v0xb9d19a10b240_5928;
v0xb9d19a10b240_5929 .array/port v0xb9d19a10b240, 5929;
v0xb9d19a10b240_5930 .array/port v0xb9d19a10b240, 5930;
v0xb9d19a10b240_5931 .array/port v0xb9d19a10b240, 5931;
v0xb9d19a10b240_5932 .array/port v0xb9d19a10b240, 5932;
E_0xb9d199e68640/1484 .event anyedge, v0xb9d19a10b240_5929, v0xb9d19a10b240_5930, v0xb9d19a10b240_5931, v0xb9d19a10b240_5932;
v0xb9d19a10b240_5933 .array/port v0xb9d19a10b240, 5933;
v0xb9d19a10b240_5934 .array/port v0xb9d19a10b240, 5934;
v0xb9d19a10b240_5935 .array/port v0xb9d19a10b240, 5935;
v0xb9d19a10b240_5936 .array/port v0xb9d19a10b240, 5936;
E_0xb9d199e68640/1485 .event anyedge, v0xb9d19a10b240_5933, v0xb9d19a10b240_5934, v0xb9d19a10b240_5935, v0xb9d19a10b240_5936;
v0xb9d19a10b240_5937 .array/port v0xb9d19a10b240, 5937;
v0xb9d19a10b240_5938 .array/port v0xb9d19a10b240, 5938;
v0xb9d19a10b240_5939 .array/port v0xb9d19a10b240, 5939;
v0xb9d19a10b240_5940 .array/port v0xb9d19a10b240, 5940;
E_0xb9d199e68640/1486 .event anyedge, v0xb9d19a10b240_5937, v0xb9d19a10b240_5938, v0xb9d19a10b240_5939, v0xb9d19a10b240_5940;
v0xb9d19a10b240_5941 .array/port v0xb9d19a10b240, 5941;
v0xb9d19a10b240_5942 .array/port v0xb9d19a10b240, 5942;
v0xb9d19a10b240_5943 .array/port v0xb9d19a10b240, 5943;
v0xb9d19a10b240_5944 .array/port v0xb9d19a10b240, 5944;
E_0xb9d199e68640/1487 .event anyedge, v0xb9d19a10b240_5941, v0xb9d19a10b240_5942, v0xb9d19a10b240_5943, v0xb9d19a10b240_5944;
v0xb9d19a10b240_5945 .array/port v0xb9d19a10b240, 5945;
v0xb9d19a10b240_5946 .array/port v0xb9d19a10b240, 5946;
v0xb9d19a10b240_5947 .array/port v0xb9d19a10b240, 5947;
v0xb9d19a10b240_5948 .array/port v0xb9d19a10b240, 5948;
E_0xb9d199e68640/1488 .event anyedge, v0xb9d19a10b240_5945, v0xb9d19a10b240_5946, v0xb9d19a10b240_5947, v0xb9d19a10b240_5948;
v0xb9d19a10b240_5949 .array/port v0xb9d19a10b240, 5949;
v0xb9d19a10b240_5950 .array/port v0xb9d19a10b240, 5950;
v0xb9d19a10b240_5951 .array/port v0xb9d19a10b240, 5951;
v0xb9d19a10b240_5952 .array/port v0xb9d19a10b240, 5952;
E_0xb9d199e68640/1489 .event anyedge, v0xb9d19a10b240_5949, v0xb9d19a10b240_5950, v0xb9d19a10b240_5951, v0xb9d19a10b240_5952;
v0xb9d19a10b240_5953 .array/port v0xb9d19a10b240, 5953;
v0xb9d19a10b240_5954 .array/port v0xb9d19a10b240, 5954;
v0xb9d19a10b240_5955 .array/port v0xb9d19a10b240, 5955;
v0xb9d19a10b240_5956 .array/port v0xb9d19a10b240, 5956;
E_0xb9d199e68640/1490 .event anyedge, v0xb9d19a10b240_5953, v0xb9d19a10b240_5954, v0xb9d19a10b240_5955, v0xb9d19a10b240_5956;
v0xb9d19a10b240_5957 .array/port v0xb9d19a10b240, 5957;
v0xb9d19a10b240_5958 .array/port v0xb9d19a10b240, 5958;
v0xb9d19a10b240_5959 .array/port v0xb9d19a10b240, 5959;
v0xb9d19a10b240_5960 .array/port v0xb9d19a10b240, 5960;
E_0xb9d199e68640/1491 .event anyedge, v0xb9d19a10b240_5957, v0xb9d19a10b240_5958, v0xb9d19a10b240_5959, v0xb9d19a10b240_5960;
v0xb9d19a10b240_5961 .array/port v0xb9d19a10b240, 5961;
v0xb9d19a10b240_5962 .array/port v0xb9d19a10b240, 5962;
v0xb9d19a10b240_5963 .array/port v0xb9d19a10b240, 5963;
v0xb9d19a10b240_5964 .array/port v0xb9d19a10b240, 5964;
E_0xb9d199e68640/1492 .event anyedge, v0xb9d19a10b240_5961, v0xb9d19a10b240_5962, v0xb9d19a10b240_5963, v0xb9d19a10b240_5964;
v0xb9d19a10b240_5965 .array/port v0xb9d19a10b240, 5965;
v0xb9d19a10b240_5966 .array/port v0xb9d19a10b240, 5966;
v0xb9d19a10b240_5967 .array/port v0xb9d19a10b240, 5967;
v0xb9d19a10b240_5968 .array/port v0xb9d19a10b240, 5968;
E_0xb9d199e68640/1493 .event anyedge, v0xb9d19a10b240_5965, v0xb9d19a10b240_5966, v0xb9d19a10b240_5967, v0xb9d19a10b240_5968;
v0xb9d19a10b240_5969 .array/port v0xb9d19a10b240, 5969;
v0xb9d19a10b240_5970 .array/port v0xb9d19a10b240, 5970;
v0xb9d19a10b240_5971 .array/port v0xb9d19a10b240, 5971;
v0xb9d19a10b240_5972 .array/port v0xb9d19a10b240, 5972;
E_0xb9d199e68640/1494 .event anyedge, v0xb9d19a10b240_5969, v0xb9d19a10b240_5970, v0xb9d19a10b240_5971, v0xb9d19a10b240_5972;
v0xb9d19a10b240_5973 .array/port v0xb9d19a10b240, 5973;
v0xb9d19a10b240_5974 .array/port v0xb9d19a10b240, 5974;
v0xb9d19a10b240_5975 .array/port v0xb9d19a10b240, 5975;
v0xb9d19a10b240_5976 .array/port v0xb9d19a10b240, 5976;
E_0xb9d199e68640/1495 .event anyedge, v0xb9d19a10b240_5973, v0xb9d19a10b240_5974, v0xb9d19a10b240_5975, v0xb9d19a10b240_5976;
v0xb9d19a10b240_5977 .array/port v0xb9d19a10b240, 5977;
v0xb9d19a10b240_5978 .array/port v0xb9d19a10b240, 5978;
v0xb9d19a10b240_5979 .array/port v0xb9d19a10b240, 5979;
v0xb9d19a10b240_5980 .array/port v0xb9d19a10b240, 5980;
E_0xb9d199e68640/1496 .event anyedge, v0xb9d19a10b240_5977, v0xb9d19a10b240_5978, v0xb9d19a10b240_5979, v0xb9d19a10b240_5980;
v0xb9d19a10b240_5981 .array/port v0xb9d19a10b240, 5981;
v0xb9d19a10b240_5982 .array/port v0xb9d19a10b240, 5982;
v0xb9d19a10b240_5983 .array/port v0xb9d19a10b240, 5983;
v0xb9d19a10b240_5984 .array/port v0xb9d19a10b240, 5984;
E_0xb9d199e68640/1497 .event anyedge, v0xb9d19a10b240_5981, v0xb9d19a10b240_5982, v0xb9d19a10b240_5983, v0xb9d19a10b240_5984;
v0xb9d19a10b240_5985 .array/port v0xb9d19a10b240, 5985;
v0xb9d19a10b240_5986 .array/port v0xb9d19a10b240, 5986;
v0xb9d19a10b240_5987 .array/port v0xb9d19a10b240, 5987;
v0xb9d19a10b240_5988 .array/port v0xb9d19a10b240, 5988;
E_0xb9d199e68640/1498 .event anyedge, v0xb9d19a10b240_5985, v0xb9d19a10b240_5986, v0xb9d19a10b240_5987, v0xb9d19a10b240_5988;
v0xb9d19a10b240_5989 .array/port v0xb9d19a10b240, 5989;
v0xb9d19a10b240_5990 .array/port v0xb9d19a10b240, 5990;
v0xb9d19a10b240_5991 .array/port v0xb9d19a10b240, 5991;
v0xb9d19a10b240_5992 .array/port v0xb9d19a10b240, 5992;
E_0xb9d199e68640/1499 .event anyedge, v0xb9d19a10b240_5989, v0xb9d19a10b240_5990, v0xb9d19a10b240_5991, v0xb9d19a10b240_5992;
v0xb9d19a10b240_5993 .array/port v0xb9d19a10b240, 5993;
v0xb9d19a10b240_5994 .array/port v0xb9d19a10b240, 5994;
v0xb9d19a10b240_5995 .array/port v0xb9d19a10b240, 5995;
v0xb9d19a10b240_5996 .array/port v0xb9d19a10b240, 5996;
E_0xb9d199e68640/1500 .event anyedge, v0xb9d19a10b240_5993, v0xb9d19a10b240_5994, v0xb9d19a10b240_5995, v0xb9d19a10b240_5996;
v0xb9d19a10b240_5997 .array/port v0xb9d19a10b240, 5997;
v0xb9d19a10b240_5998 .array/port v0xb9d19a10b240, 5998;
v0xb9d19a10b240_5999 .array/port v0xb9d19a10b240, 5999;
v0xb9d19a10b240_6000 .array/port v0xb9d19a10b240, 6000;
E_0xb9d199e68640/1501 .event anyedge, v0xb9d19a10b240_5997, v0xb9d19a10b240_5998, v0xb9d19a10b240_5999, v0xb9d19a10b240_6000;
v0xb9d19a10b240_6001 .array/port v0xb9d19a10b240, 6001;
v0xb9d19a10b240_6002 .array/port v0xb9d19a10b240, 6002;
v0xb9d19a10b240_6003 .array/port v0xb9d19a10b240, 6003;
v0xb9d19a10b240_6004 .array/port v0xb9d19a10b240, 6004;
E_0xb9d199e68640/1502 .event anyedge, v0xb9d19a10b240_6001, v0xb9d19a10b240_6002, v0xb9d19a10b240_6003, v0xb9d19a10b240_6004;
v0xb9d19a10b240_6005 .array/port v0xb9d19a10b240, 6005;
v0xb9d19a10b240_6006 .array/port v0xb9d19a10b240, 6006;
v0xb9d19a10b240_6007 .array/port v0xb9d19a10b240, 6007;
v0xb9d19a10b240_6008 .array/port v0xb9d19a10b240, 6008;
E_0xb9d199e68640/1503 .event anyedge, v0xb9d19a10b240_6005, v0xb9d19a10b240_6006, v0xb9d19a10b240_6007, v0xb9d19a10b240_6008;
v0xb9d19a10b240_6009 .array/port v0xb9d19a10b240, 6009;
v0xb9d19a10b240_6010 .array/port v0xb9d19a10b240, 6010;
v0xb9d19a10b240_6011 .array/port v0xb9d19a10b240, 6011;
v0xb9d19a10b240_6012 .array/port v0xb9d19a10b240, 6012;
E_0xb9d199e68640/1504 .event anyedge, v0xb9d19a10b240_6009, v0xb9d19a10b240_6010, v0xb9d19a10b240_6011, v0xb9d19a10b240_6012;
v0xb9d19a10b240_6013 .array/port v0xb9d19a10b240, 6013;
v0xb9d19a10b240_6014 .array/port v0xb9d19a10b240, 6014;
v0xb9d19a10b240_6015 .array/port v0xb9d19a10b240, 6015;
v0xb9d19a10b240_6016 .array/port v0xb9d19a10b240, 6016;
E_0xb9d199e68640/1505 .event anyedge, v0xb9d19a10b240_6013, v0xb9d19a10b240_6014, v0xb9d19a10b240_6015, v0xb9d19a10b240_6016;
v0xb9d19a10b240_6017 .array/port v0xb9d19a10b240, 6017;
v0xb9d19a10b240_6018 .array/port v0xb9d19a10b240, 6018;
v0xb9d19a10b240_6019 .array/port v0xb9d19a10b240, 6019;
v0xb9d19a10b240_6020 .array/port v0xb9d19a10b240, 6020;
E_0xb9d199e68640/1506 .event anyedge, v0xb9d19a10b240_6017, v0xb9d19a10b240_6018, v0xb9d19a10b240_6019, v0xb9d19a10b240_6020;
v0xb9d19a10b240_6021 .array/port v0xb9d19a10b240, 6021;
v0xb9d19a10b240_6022 .array/port v0xb9d19a10b240, 6022;
v0xb9d19a10b240_6023 .array/port v0xb9d19a10b240, 6023;
v0xb9d19a10b240_6024 .array/port v0xb9d19a10b240, 6024;
E_0xb9d199e68640/1507 .event anyedge, v0xb9d19a10b240_6021, v0xb9d19a10b240_6022, v0xb9d19a10b240_6023, v0xb9d19a10b240_6024;
v0xb9d19a10b240_6025 .array/port v0xb9d19a10b240, 6025;
v0xb9d19a10b240_6026 .array/port v0xb9d19a10b240, 6026;
v0xb9d19a10b240_6027 .array/port v0xb9d19a10b240, 6027;
v0xb9d19a10b240_6028 .array/port v0xb9d19a10b240, 6028;
E_0xb9d199e68640/1508 .event anyedge, v0xb9d19a10b240_6025, v0xb9d19a10b240_6026, v0xb9d19a10b240_6027, v0xb9d19a10b240_6028;
v0xb9d19a10b240_6029 .array/port v0xb9d19a10b240, 6029;
v0xb9d19a10b240_6030 .array/port v0xb9d19a10b240, 6030;
v0xb9d19a10b240_6031 .array/port v0xb9d19a10b240, 6031;
v0xb9d19a10b240_6032 .array/port v0xb9d19a10b240, 6032;
E_0xb9d199e68640/1509 .event anyedge, v0xb9d19a10b240_6029, v0xb9d19a10b240_6030, v0xb9d19a10b240_6031, v0xb9d19a10b240_6032;
v0xb9d19a10b240_6033 .array/port v0xb9d19a10b240, 6033;
v0xb9d19a10b240_6034 .array/port v0xb9d19a10b240, 6034;
v0xb9d19a10b240_6035 .array/port v0xb9d19a10b240, 6035;
v0xb9d19a10b240_6036 .array/port v0xb9d19a10b240, 6036;
E_0xb9d199e68640/1510 .event anyedge, v0xb9d19a10b240_6033, v0xb9d19a10b240_6034, v0xb9d19a10b240_6035, v0xb9d19a10b240_6036;
v0xb9d19a10b240_6037 .array/port v0xb9d19a10b240, 6037;
v0xb9d19a10b240_6038 .array/port v0xb9d19a10b240, 6038;
v0xb9d19a10b240_6039 .array/port v0xb9d19a10b240, 6039;
v0xb9d19a10b240_6040 .array/port v0xb9d19a10b240, 6040;
E_0xb9d199e68640/1511 .event anyedge, v0xb9d19a10b240_6037, v0xb9d19a10b240_6038, v0xb9d19a10b240_6039, v0xb9d19a10b240_6040;
v0xb9d19a10b240_6041 .array/port v0xb9d19a10b240, 6041;
v0xb9d19a10b240_6042 .array/port v0xb9d19a10b240, 6042;
v0xb9d19a10b240_6043 .array/port v0xb9d19a10b240, 6043;
v0xb9d19a10b240_6044 .array/port v0xb9d19a10b240, 6044;
E_0xb9d199e68640/1512 .event anyedge, v0xb9d19a10b240_6041, v0xb9d19a10b240_6042, v0xb9d19a10b240_6043, v0xb9d19a10b240_6044;
v0xb9d19a10b240_6045 .array/port v0xb9d19a10b240, 6045;
v0xb9d19a10b240_6046 .array/port v0xb9d19a10b240, 6046;
v0xb9d19a10b240_6047 .array/port v0xb9d19a10b240, 6047;
v0xb9d19a10b240_6048 .array/port v0xb9d19a10b240, 6048;
E_0xb9d199e68640/1513 .event anyedge, v0xb9d19a10b240_6045, v0xb9d19a10b240_6046, v0xb9d19a10b240_6047, v0xb9d19a10b240_6048;
v0xb9d19a10b240_6049 .array/port v0xb9d19a10b240, 6049;
v0xb9d19a10b240_6050 .array/port v0xb9d19a10b240, 6050;
v0xb9d19a10b240_6051 .array/port v0xb9d19a10b240, 6051;
v0xb9d19a10b240_6052 .array/port v0xb9d19a10b240, 6052;
E_0xb9d199e68640/1514 .event anyedge, v0xb9d19a10b240_6049, v0xb9d19a10b240_6050, v0xb9d19a10b240_6051, v0xb9d19a10b240_6052;
v0xb9d19a10b240_6053 .array/port v0xb9d19a10b240, 6053;
v0xb9d19a10b240_6054 .array/port v0xb9d19a10b240, 6054;
v0xb9d19a10b240_6055 .array/port v0xb9d19a10b240, 6055;
v0xb9d19a10b240_6056 .array/port v0xb9d19a10b240, 6056;
E_0xb9d199e68640/1515 .event anyedge, v0xb9d19a10b240_6053, v0xb9d19a10b240_6054, v0xb9d19a10b240_6055, v0xb9d19a10b240_6056;
v0xb9d19a10b240_6057 .array/port v0xb9d19a10b240, 6057;
v0xb9d19a10b240_6058 .array/port v0xb9d19a10b240, 6058;
v0xb9d19a10b240_6059 .array/port v0xb9d19a10b240, 6059;
v0xb9d19a10b240_6060 .array/port v0xb9d19a10b240, 6060;
E_0xb9d199e68640/1516 .event anyedge, v0xb9d19a10b240_6057, v0xb9d19a10b240_6058, v0xb9d19a10b240_6059, v0xb9d19a10b240_6060;
v0xb9d19a10b240_6061 .array/port v0xb9d19a10b240, 6061;
v0xb9d19a10b240_6062 .array/port v0xb9d19a10b240, 6062;
v0xb9d19a10b240_6063 .array/port v0xb9d19a10b240, 6063;
v0xb9d19a10b240_6064 .array/port v0xb9d19a10b240, 6064;
E_0xb9d199e68640/1517 .event anyedge, v0xb9d19a10b240_6061, v0xb9d19a10b240_6062, v0xb9d19a10b240_6063, v0xb9d19a10b240_6064;
v0xb9d19a10b240_6065 .array/port v0xb9d19a10b240, 6065;
v0xb9d19a10b240_6066 .array/port v0xb9d19a10b240, 6066;
v0xb9d19a10b240_6067 .array/port v0xb9d19a10b240, 6067;
v0xb9d19a10b240_6068 .array/port v0xb9d19a10b240, 6068;
E_0xb9d199e68640/1518 .event anyedge, v0xb9d19a10b240_6065, v0xb9d19a10b240_6066, v0xb9d19a10b240_6067, v0xb9d19a10b240_6068;
v0xb9d19a10b240_6069 .array/port v0xb9d19a10b240, 6069;
v0xb9d19a10b240_6070 .array/port v0xb9d19a10b240, 6070;
v0xb9d19a10b240_6071 .array/port v0xb9d19a10b240, 6071;
v0xb9d19a10b240_6072 .array/port v0xb9d19a10b240, 6072;
E_0xb9d199e68640/1519 .event anyedge, v0xb9d19a10b240_6069, v0xb9d19a10b240_6070, v0xb9d19a10b240_6071, v0xb9d19a10b240_6072;
v0xb9d19a10b240_6073 .array/port v0xb9d19a10b240, 6073;
v0xb9d19a10b240_6074 .array/port v0xb9d19a10b240, 6074;
v0xb9d19a10b240_6075 .array/port v0xb9d19a10b240, 6075;
v0xb9d19a10b240_6076 .array/port v0xb9d19a10b240, 6076;
E_0xb9d199e68640/1520 .event anyedge, v0xb9d19a10b240_6073, v0xb9d19a10b240_6074, v0xb9d19a10b240_6075, v0xb9d19a10b240_6076;
v0xb9d19a10b240_6077 .array/port v0xb9d19a10b240, 6077;
v0xb9d19a10b240_6078 .array/port v0xb9d19a10b240, 6078;
v0xb9d19a10b240_6079 .array/port v0xb9d19a10b240, 6079;
v0xb9d19a10b240_6080 .array/port v0xb9d19a10b240, 6080;
E_0xb9d199e68640/1521 .event anyedge, v0xb9d19a10b240_6077, v0xb9d19a10b240_6078, v0xb9d19a10b240_6079, v0xb9d19a10b240_6080;
v0xb9d19a10b240_6081 .array/port v0xb9d19a10b240, 6081;
v0xb9d19a10b240_6082 .array/port v0xb9d19a10b240, 6082;
v0xb9d19a10b240_6083 .array/port v0xb9d19a10b240, 6083;
v0xb9d19a10b240_6084 .array/port v0xb9d19a10b240, 6084;
E_0xb9d199e68640/1522 .event anyedge, v0xb9d19a10b240_6081, v0xb9d19a10b240_6082, v0xb9d19a10b240_6083, v0xb9d19a10b240_6084;
v0xb9d19a10b240_6085 .array/port v0xb9d19a10b240, 6085;
v0xb9d19a10b240_6086 .array/port v0xb9d19a10b240, 6086;
v0xb9d19a10b240_6087 .array/port v0xb9d19a10b240, 6087;
v0xb9d19a10b240_6088 .array/port v0xb9d19a10b240, 6088;
E_0xb9d199e68640/1523 .event anyedge, v0xb9d19a10b240_6085, v0xb9d19a10b240_6086, v0xb9d19a10b240_6087, v0xb9d19a10b240_6088;
v0xb9d19a10b240_6089 .array/port v0xb9d19a10b240, 6089;
v0xb9d19a10b240_6090 .array/port v0xb9d19a10b240, 6090;
v0xb9d19a10b240_6091 .array/port v0xb9d19a10b240, 6091;
v0xb9d19a10b240_6092 .array/port v0xb9d19a10b240, 6092;
E_0xb9d199e68640/1524 .event anyedge, v0xb9d19a10b240_6089, v0xb9d19a10b240_6090, v0xb9d19a10b240_6091, v0xb9d19a10b240_6092;
v0xb9d19a10b240_6093 .array/port v0xb9d19a10b240, 6093;
v0xb9d19a10b240_6094 .array/port v0xb9d19a10b240, 6094;
v0xb9d19a10b240_6095 .array/port v0xb9d19a10b240, 6095;
v0xb9d19a10b240_6096 .array/port v0xb9d19a10b240, 6096;
E_0xb9d199e68640/1525 .event anyedge, v0xb9d19a10b240_6093, v0xb9d19a10b240_6094, v0xb9d19a10b240_6095, v0xb9d19a10b240_6096;
v0xb9d19a10b240_6097 .array/port v0xb9d19a10b240, 6097;
v0xb9d19a10b240_6098 .array/port v0xb9d19a10b240, 6098;
v0xb9d19a10b240_6099 .array/port v0xb9d19a10b240, 6099;
v0xb9d19a10b240_6100 .array/port v0xb9d19a10b240, 6100;
E_0xb9d199e68640/1526 .event anyedge, v0xb9d19a10b240_6097, v0xb9d19a10b240_6098, v0xb9d19a10b240_6099, v0xb9d19a10b240_6100;
v0xb9d19a10b240_6101 .array/port v0xb9d19a10b240, 6101;
v0xb9d19a10b240_6102 .array/port v0xb9d19a10b240, 6102;
v0xb9d19a10b240_6103 .array/port v0xb9d19a10b240, 6103;
v0xb9d19a10b240_6104 .array/port v0xb9d19a10b240, 6104;
E_0xb9d199e68640/1527 .event anyedge, v0xb9d19a10b240_6101, v0xb9d19a10b240_6102, v0xb9d19a10b240_6103, v0xb9d19a10b240_6104;
v0xb9d19a10b240_6105 .array/port v0xb9d19a10b240, 6105;
v0xb9d19a10b240_6106 .array/port v0xb9d19a10b240, 6106;
v0xb9d19a10b240_6107 .array/port v0xb9d19a10b240, 6107;
v0xb9d19a10b240_6108 .array/port v0xb9d19a10b240, 6108;
E_0xb9d199e68640/1528 .event anyedge, v0xb9d19a10b240_6105, v0xb9d19a10b240_6106, v0xb9d19a10b240_6107, v0xb9d19a10b240_6108;
v0xb9d19a10b240_6109 .array/port v0xb9d19a10b240, 6109;
v0xb9d19a10b240_6110 .array/port v0xb9d19a10b240, 6110;
v0xb9d19a10b240_6111 .array/port v0xb9d19a10b240, 6111;
v0xb9d19a10b240_6112 .array/port v0xb9d19a10b240, 6112;
E_0xb9d199e68640/1529 .event anyedge, v0xb9d19a10b240_6109, v0xb9d19a10b240_6110, v0xb9d19a10b240_6111, v0xb9d19a10b240_6112;
v0xb9d19a10b240_6113 .array/port v0xb9d19a10b240, 6113;
v0xb9d19a10b240_6114 .array/port v0xb9d19a10b240, 6114;
v0xb9d19a10b240_6115 .array/port v0xb9d19a10b240, 6115;
v0xb9d19a10b240_6116 .array/port v0xb9d19a10b240, 6116;
E_0xb9d199e68640/1530 .event anyedge, v0xb9d19a10b240_6113, v0xb9d19a10b240_6114, v0xb9d19a10b240_6115, v0xb9d19a10b240_6116;
v0xb9d19a10b240_6117 .array/port v0xb9d19a10b240, 6117;
v0xb9d19a10b240_6118 .array/port v0xb9d19a10b240, 6118;
v0xb9d19a10b240_6119 .array/port v0xb9d19a10b240, 6119;
v0xb9d19a10b240_6120 .array/port v0xb9d19a10b240, 6120;
E_0xb9d199e68640/1531 .event anyedge, v0xb9d19a10b240_6117, v0xb9d19a10b240_6118, v0xb9d19a10b240_6119, v0xb9d19a10b240_6120;
v0xb9d19a10b240_6121 .array/port v0xb9d19a10b240, 6121;
v0xb9d19a10b240_6122 .array/port v0xb9d19a10b240, 6122;
v0xb9d19a10b240_6123 .array/port v0xb9d19a10b240, 6123;
v0xb9d19a10b240_6124 .array/port v0xb9d19a10b240, 6124;
E_0xb9d199e68640/1532 .event anyedge, v0xb9d19a10b240_6121, v0xb9d19a10b240_6122, v0xb9d19a10b240_6123, v0xb9d19a10b240_6124;
v0xb9d19a10b240_6125 .array/port v0xb9d19a10b240, 6125;
v0xb9d19a10b240_6126 .array/port v0xb9d19a10b240, 6126;
v0xb9d19a10b240_6127 .array/port v0xb9d19a10b240, 6127;
v0xb9d19a10b240_6128 .array/port v0xb9d19a10b240, 6128;
E_0xb9d199e68640/1533 .event anyedge, v0xb9d19a10b240_6125, v0xb9d19a10b240_6126, v0xb9d19a10b240_6127, v0xb9d19a10b240_6128;
v0xb9d19a10b240_6129 .array/port v0xb9d19a10b240, 6129;
v0xb9d19a10b240_6130 .array/port v0xb9d19a10b240, 6130;
v0xb9d19a10b240_6131 .array/port v0xb9d19a10b240, 6131;
v0xb9d19a10b240_6132 .array/port v0xb9d19a10b240, 6132;
E_0xb9d199e68640/1534 .event anyedge, v0xb9d19a10b240_6129, v0xb9d19a10b240_6130, v0xb9d19a10b240_6131, v0xb9d19a10b240_6132;
v0xb9d19a10b240_6133 .array/port v0xb9d19a10b240, 6133;
v0xb9d19a10b240_6134 .array/port v0xb9d19a10b240, 6134;
v0xb9d19a10b240_6135 .array/port v0xb9d19a10b240, 6135;
v0xb9d19a10b240_6136 .array/port v0xb9d19a10b240, 6136;
E_0xb9d199e68640/1535 .event anyedge, v0xb9d19a10b240_6133, v0xb9d19a10b240_6134, v0xb9d19a10b240_6135, v0xb9d19a10b240_6136;
v0xb9d19a10b240_6137 .array/port v0xb9d19a10b240, 6137;
v0xb9d19a10b240_6138 .array/port v0xb9d19a10b240, 6138;
v0xb9d19a10b240_6139 .array/port v0xb9d19a10b240, 6139;
v0xb9d19a10b240_6140 .array/port v0xb9d19a10b240, 6140;
E_0xb9d199e68640/1536 .event anyedge, v0xb9d19a10b240_6137, v0xb9d19a10b240_6138, v0xb9d19a10b240_6139, v0xb9d19a10b240_6140;
v0xb9d19a10b240_6141 .array/port v0xb9d19a10b240, 6141;
v0xb9d19a10b240_6142 .array/port v0xb9d19a10b240, 6142;
v0xb9d19a10b240_6143 .array/port v0xb9d19a10b240, 6143;
v0xb9d19a10b240_6144 .array/port v0xb9d19a10b240, 6144;
E_0xb9d199e68640/1537 .event anyedge, v0xb9d19a10b240_6141, v0xb9d19a10b240_6142, v0xb9d19a10b240_6143, v0xb9d19a10b240_6144;
v0xb9d19a10b240_6145 .array/port v0xb9d19a10b240, 6145;
v0xb9d19a10b240_6146 .array/port v0xb9d19a10b240, 6146;
v0xb9d19a10b240_6147 .array/port v0xb9d19a10b240, 6147;
v0xb9d19a10b240_6148 .array/port v0xb9d19a10b240, 6148;
E_0xb9d199e68640/1538 .event anyedge, v0xb9d19a10b240_6145, v0xb9d19a10b240_6146, v0xb9d19a10b240_6147, v0xb9d19a10b240_6148;
v0xb9d19a10b240_6149 .array/port v0xb9d19a10b240, 6149;
v0xb9d19a10b240_6150 .array/port v0xb9d19a10b240, 6150;
v0xb9d19a10b240_6151 .array/port v0xb9d19a10b240, 6151;
v0xb9d19a10b240_6152 .array/port v0xb9d19a10b240, 6152;
E_0xb9d199e68640/1539 .event anyedge, v0xb9d19a10b240_6149, v0xb9d19a10b240_6150, v0xb9d19a10b240_6151, v0xb9d19a10b240_6152;
v0xb9d19a10b240_6153 .array/port v0xb9d19a10b240, 6153;
v0xb9d19a10b240_6154 .array/port v0xb9d19a10b240, 6154;
v0xb9d19a10b240_6155 .array/port v0xb9d19a10b240, 6155;
v0xb9d19a10b240_6156 .array/port v0xb9d19a10b240, 6156;
E_0xb9d199e68640/1540 .event anyedge, v0xb9d19a10b240_6153, v0xb9d19a10b240_6154, v0xb9d19a10b240_6155, v0xb9d19a10b240_6156;
v0xb9d19a10b240_6157 .array/port v0xb9d19a10b240, 6157;
v0xb9d19a10b240_6158 .array/port v0xb9d19a10b240, 6158;
v0xb9d19a10b240_6159 .array/port v0xb9d19a10b240, 6159;
v0xb9d19a10b240_6160 .array/port v0xb9d19a10b240, 6160;
E_0xb9d199e68640/1541 .event anyedge, v0xb9d19a10b240_6157, v0xb9d19a10b240_6158, v0xb9d19a10b240_6159, v0xb9d19a10b240_6160;
v0xb9d19a10b240_6161 .array/port v0xb9d19a10b240, 6161;
v0xb9d19a10b240_6162 .array/port v0xb9d19a10b240, 6162;
v0xb9d19a10b240_6163 .array/port v0xb9d19a10b240, 6163;
v0xb9d19a10b240_6164 .array/port v0xb9d19a10b240, 6164;
E_0xb9d199e68640/1542 .event anyedge, v0xb9d19a10b240_6161, v0xb9d19a10b240_6162, v0xb9d19a10b240_6163, v0xb9d19a10b240_6164;
v0xb9d19a10b240_6165 .array/port v0xb9d19a10b240, 6165;
v0xb9d19a10b240_6166 .array/port v0xb9d19a10b240, 6166;
v0xb9d19a10b240_6167 .array/port v0xb9d19a10b240, 6167;
v0xb9d19a10b240_6168 .array/port v0xb9d19a10b240, 6168;
E_0xb9d199e68640/1543 .event anyedge, v0xb9d19a10b240_6165, v0xb9d19a10b240_6166, v0xb9d19a10b240_6167, v0xb9d19a10b240_6168;
v0xb9d19a10b240_6169 .array/port v0xb9d19a10b240, 6169;
v0xb9d19a10b240_6170 .array/port v0xb9d19a10b240, 6170;
v0xb9d19a10b240_6171 .array/port v0xb9d19a10b240, 6171;
v0xb9d19a10b240_6172 .array/port v0xb9d19a10b240, 6172;
E_0xb9d199e68640/1544 .event anyedge, v0xb9d19a10b240_6169, v0xb9d19a10b240_6170, v0xb9d19a10b240_6171, v0xb9d19a10b240_6172;
v0xb9d19a10b240_6173 .array/port v0xb9d19a10b240, 6173;
v0xb9d19a10b240_6174 .array/port v0xb9d19a10b240, 6174;
v0xb9d19a10b240_6175 .array/port v0xb9d19a10b240, 6175;
v0xb9d19a10b240_6176 .array/port v0xb9d19a10b240, 6176;
E_0xb9d199e68640/1545 .event anyedge, v0xb9d19a10b240_6173, v0xb9d19a10b240_6174, v0xb9d19a10b240_6175, v0xb9d19a10b240_6176;
v0xb9d19a10b240_6177 .array/port v0xb9d19a10b240, 6177;
v0xb9d19a10b240_6178 .array/port v0xb9d19a10b240, 6178;
v0xb9d19a10b240_6179 .array/port v0xb9d19a10b240, 6179;
v0xb9d19a10b240_6180 .array/port v0xb9d19a10b240, 6180;
E_0xb9d199e68640/1546 .event anyedge, v0xb9d19a10b240_6177, v0xb9d19a10b240_6178, v0xb9d19a10b240_6179, v0xb9d19a10b240_6180;
v0xb9d19a10b240_6181 .array/port v0xb9d19a10b240, 6181;
v0xb9d19a10b240_6182 .array/port v0xb9d19a10b240, 6182;
v0xb9d19a10b240_6183 .array/port v0xb9d19a10b240, 6183;
v0xb9d19a10b240_6184 .array/port v0xb9d19a10b240, 6184;
E_0xb9d199e68640/1547 .event anyedge, v0xb9d19a10b240_6181, v0xb9d19a10b240_6182, v0xb9d19a10b240_6183, v0xb9d19a10b240_6184;
v0xb9d19a10b240_6185 .array/port v0xb9d19a10b240, 6185;
v0xb9d19a10b240_6186 .array/port v0xb9d19a10b240, 6186;
v0xb9d19a10b240_6187 .array/port v0xb9d19a10b240, 6187;
v0xb9d19a10b240_6188 .array/port v0xb9d19a10b240, 6188;
E_0xb9d199e68640/1548 .event anyedge, v0xb9d19a10b240_6185, v0xb9d19a10b240_6186, v0xb9d19a10b240_6187, v0xb9d19a10b240_6188;
v0xb9d19a10b240_6189 .array/port v0xb9d19a10b240, 6189;
v0xb9d19a10b240_6190 .array/port v0xb9d19a10b240, 6190;
v0xb9d19a10b240_6191 .array/port v0xb9d19a10b240, 6191;
v0xb9d19a10b240_6192 .array/port v0xb9d19a10b240, 6192;
E_0xb9d199e68640/1549 .event anyedge, v0xb9d19a10b240_6189, v0xb9d19a10b240_6190, v0xb9d19a10b240_6191, v0xb9d19a10b240_6192;
v0xb9d19a10b240_6193 .array/port v0xb9d19a10b240, 6193;
v0xb9d19a10b240_6194 .array/port v0xb9d19a10b240, 6194;
v0xb9d19a10b240_6195 .array/port v0xb9d19a10b240, 6195;
v0xb9d19a10b240_6196 .array/port v0xb9d19a10b240, 6196;
E_0xb9d199e68640/1550 .event anyedge, v0xb9d19a10b240_6193, v0xb9d19a10b240_6194, v0xb9d19a10b240_6195, v0xb9d19a10b240_6196;
v0xb9d19a10b240_6197 .array/port v0xb9d19a10b240, 6197;
v0xb9d19a10b240_6198 .array/port v0xb9d19a10b240, 6198;
v0xb9d19a10b240_6199 .array/port v0xb9d19a10b240, 6199;
v0xb9d19a10b240_6200 .array/port v0xb9d19a10b240, 6200;
E_0xb9d199e68640/1551 .event anyedge, v0xb9d19a10b240_6197, v0xb9d19a10b240_6198, v0xb9d19a10b240_6199, v0xb9d19a10b240_6200;
v0xb9d19a10b240_6201 .array/port v0xb9d19a10b240, 6201;
v0xb9d19a10b240_6202 .array/port v0xb9d19a10b240, 6202;
v0xb9d19a10b240_6203 .array/port v0xb9d19a10b240, 6203;
v0xb9d19a10b240_6204 .array/port v0xb9d19a10b240, 6204;
E_0xb9d199e68640/1552 .event anyedge, v0xb9d19a10b240_6201, v0xb9d19a10b240_6202, v0xb9d19a10b240_6203, v0xb9d19a10b240_6204;
v0xb9d19a10b240_6205 .array/port v0xb9d19a10b240, 6205;
v0xb9d19a10b240_6206 .array/port v0xb9d19a10b240, 6206;
v0xb9d19a10b240_6207 .array/port v0xb9d19a10b240, 6207;
v0xb9d19a10b240_6208 .array/port v0xb9d19a10b240, 6208;
E_0xb9d199e68640/1553 .event anyedge, v0xb9d19a10b240_6205, v0xb9d19a10b240_6206, v0xb9d19a10b240_6207, v0xb9d19a10b240_6208;
v0xb9d19a10b240_6209 .array/port v0xb9d19a10b240, 6209;
v0xb9d19a10b240_6210 .array/port v0xb9d19a10b240, 6210;
v0xb9d19a10b240_6211 .array/port v0xb9d19a10b240, 6211;
v0xb9d19a10b240_6212 .array/port v0xb9d19a10b240, 6212;
E_0xb9d199e68640/1554 .event anyedge, v0xb9d19a10b240_6209, v0xb9d19a10b240_6210, v0xb9d19a10b240_6211, v0xb9d19a10b240_6212;
v0xb9d19a10b240_6213 .array/port v0xb9d19a10b240, 6213;
v0xb9d19a10b240_6214 .array/port v0xb9d19a10b240, 6214;
v0xb9d19a10b240_6215 .array/port v0xb9d19a10b240, 6215;
v0xb9d19a10b240_6216 .array/port v0xb9d19a10b240, 6216;
E_0xb9d199e68640/1555 .event anyedge, v0xb9d19a10b240_6213, v0xb9d19a10b240_6214, v0xb9d19a10b240_6215, v0xb9d19a10b240_6216;
v0xb9d19a10b240_6217 .array/port v0xb9d19a10b240, 6217;
v0xb9d19a10b240_6218 .array/port v0xb9d19a10b240, 6218;
v0xb9d19a10b240_6219 .array/port v0xb9d19a10b240, 6219;
v0xb9d19a10b240_6220 .array/port v0xb9d19a10b240, 6220;
E_0xb9d199e68640/1556 .event anyedge, v0xb9d19a10b240_6217, v0xb9d19a10b240_6218, v0xb9d19a10b240_6219, v0xb9d19a10b240_6220;
v0xb9d19a10b240_6221 .array/port v0xb9d19a10b240, 6221;
v0xb9d19a10b240_6222 .array/port v0xb9d19a10b240, 6222;
v0xb9d19a10b240_6223 .array/port v0xb9d19a10b240, 6223;
v0xb9d19a10b240_6224 .array/port v0xb9d19a10b240, 6224;
E_0xb9d199e68640/1557 .event anyedge, v0xb9d19a10b240_6221, v0xb9d19a10b240_6222, v0xb9d19a10b240_6223, v0xb9d19a10b240_6224;
v0xb9d19a10b240_6225 .array/port v0xb9d19a10b240, 6225;
v0xb9d19a10b240_6226 .array/port v0xb9d19a10b240, 6226;
v0xb9d19a10b240_6227 .array/port v0xb9d19a10b240, 6227;
v0xb9d19a10b240_6228 .array/port v0xb9d19a10b240, 6228;
E_0xb9d199e68640/1558 .event anyedge, v0xb9d19a10b240_6225, v0xb9d19a10b240_6226, v0xb9d19a10b240_6227, v0xb9d19a10b240_6228;
v0xb9d19a10b240_6229 .array/port v0xb9d19a10b240, 6229;
v0xb9d19a10b240_6230 .array/port v0xb9d19a10b240, 6230;
v0xb9d19a10b240_6231 .array/port v0xb9d19a10b240, 6231;
v0xb9d19a10b240_6232 .array/port v0xb9d19a10b240, 6232;
E_0xb9d199e68640/1559 .event anyedge, v0xb9d19a10b240_6229, v0xb9d19a10b240_6230, v0xb9d19a10b240_6231, v0xb9d19a10b240_6232;
v0xb9d19a10b240_6233 .array/port v0xb9d19a10b240, 6233;
v0xb9d19a10b240_6234 .array/port v0xb9d19a10b240, 6234;
v0xb9d19a10b240_6235 .array/port v0xb9d19a10b240, 6235;
v0xb9d19a10b240_6236 .array/port v0xb9d19a10b240, 6236;
E_0xb9d199e68640/1560 .event anyedge, v0xb9d19a10b240_6233, v0xb9d19a10b240_6234, v0xb9d19a10b240_6235, v0xb9d19a10b240_6236;
v0xb9d19a10b240_6237 .array/port v0xb9d19a10b240, 6237;
v0xb9d19a10b240_6238 .array/port v0xb9d19a10b240, 6238;
v0xb9d19a10b240_6239 .array/port v0xb9d19a10b240, 6239;
v0xb9d19a10b240_6240 .array/port v0xb9d19a10b240, 6240;
E_0xb9d199e68640/1561 .event anyedge, v0xb9d19a10b240_6237, v0xb9d19a10b240_6238, v0xb9d19a10b240_6239, v0xb9d19a10b240_6240;
v0xb9d19a10b240_6241 .array/port v0xb9d19a10b240, 6241;
v0xb9d19a10b240_6242 .array/port v0xb9d19a10b240, 6242;
v0xb9d19a10b240_6243 .array/port v0xb9d19a10b240, 6243;
v0xb9d19a10b240_6244 .array/port v0xb9d19a10b240, 6244;
E_0xb9d199e68640/1562 .event anyedge, v0xb9d19a10b240_6241, v0xb9d19a10b240_6242, v0xb9d19a10b240_6243, v0xb9d19a10b240_6244;
v0xb9d19a10b240_6245 .array/port v0xb9d19a10b240, 6245;
v0xb9d19a10b240_6246 .array/port v0xb9d19a10b240, 6246;
v0xb9d19a10b240_6247 .array/port v0xb9d19a10b240, 6247;
v0xb9d19a10b240_6248 .array/port v0xb9d19a10b240, 6248;
E_0xb9d199e68640/1563 .event anyedge, v0xb9d19a10b240_6245, v0xb9d19a10b240_6246, v0xb9d19a10b240_6247, v0xb9d19a10b240_6248;
v0xb9d19a10b240_6249 .array/port v0xb9d19a10b240, 6249;
v0xb9d19a10b240_6250 .array/port v0xb9d19a10b240, 6250;
v0xb9d19a10b240_6251 .array/port v0xb9d19a10b240, 6251;
v0xb9d19a10b240_6252 .array/port v0xb9d19a10b240, 6252;
E_0xb9d199e68640/1564 .event anyedge, v0xb9d19a10b240_6249, v0xb9d19a10b240_6250, v0xb9d19a10b240_6251, v0xb9d19a10b240_6252;
v0xb9d19a10b240_6253 .array/port v0xb9d19a10b240, 6253;
v0xb9d19a10b240_6254 .array/port v0xb9d19a10b240, 6254;
v0xb9d19a10b240_6255 .array/port v0xb9d19a10b240, 6255;
v0xb9d19a10b240_6256 .array/port v0xb9d19a10b240, 6256;
E_0xb9d199e68640/1565 .event anyedge, v0xb9d19a10b240_6253, v0xb9d19a10b240_6254, v0xb9d19a10b240_6255, v0xb9d19a10b240_6256;
v0xb9d19a10b240_6257 .array/port v0xb9d19a10b240, 6257;
v0xb9d19a10b240_6258 .array/port v0xb9d19a10b240, 6258;
v0xb9d19a10b240_6259 .array/port v0xb9d19a10b240, 6259;
v0xb9d19a10b240_6260 .array/port v0xb9d19a10b240, 6260;
E_0xb9d199e68640/1566 .event anyedge, v0xb9d19a10b240_6257, v0xb9d19a10b240_6258, v0xb9d19a10b240_6259, v0xb9d19a10b240_6260;
v0xb9d19a10b240_6261 .array/port v0xb9d19a10b240, 6261;
v0xb9d19a10b240_6262 .array/port v0xb9d19a10b240, 6262;
v0xb9d19a10b240_6263 .array/port v0xb9d19a10b240, 6263;
v0xb9d19a10b240_6264 .array/port v0xb9d19a10b240, 6264;
E_0xb9d199e68640/1567 .event anyedge, v0xb9d19a10b240_6261, v0xb9d19a10b240_6262, v0xb9d19a10b240_6263, v0xb9d19a10b240_6264;
v0xb9d19a10b240_6265 .array/port v0xb9d19a10b240, 6265;
v0xb9d19a10b240_6266 .array/port v0xb9d19a10b240, 6266;
v0xb9d19a10b240_6267 .array/port v0xb9d19a10b240, 6267;
v0xb9d19a10b240_6268 .array/port v0xb9d19a10b240, 6268;
E_0xb9d199e68640/1568 .event anyedge, v0xb9d19a10b240_6265, v0xb9d19a10b240_6266, v0xb9d19a10b240_6267, v0xb9d19a10b240_6268;
v0xb9d19a10b240_6269 .array/port v0xb9d19a10b240, 6269;
v0xb9d19a10b240_6270 .array/port v0xb9d19a10b240, 6270;
v0xb9d19a10b240_6271 .array/port v0xb9d19a10b240, 6271;
v0xb9d19a10b240_6272 .array/port v0xb9d19a10b240, 6272;
E_0xb9d199e68640/1569 .event anyedge, v0xb9d19a10b240_6269, v0xb9d19a10b240_6270, v0xb9d19a10b240_6271, v0xb9d19a10b240_6272;
v0xb9d19a10b240_6273 .array/port v0xb9d19a10b240, 6273;
v0xb9d19a10b240_6274 .array/port v0xb9d19a10b240, 6274;
v0xb9d19a10b240_6275 .array/port v0xb9d19a10b240, 6275;
v0xb9d19a10b240_6276 .array/port v0xb9d19a10b240, 6276;
E_0xb9d199e68640/1570 .event anyedge, v0xb9d19a10b240_6273, v0xb9d19a10b240_6274, v0xb9d19a10b240_6275, v0xb9d19a10b240_6276;
v0xb9d19a10b240_6277 .array/port v0xb9d19a10b240, 6277;
v0xb9d19a10b240_6278 .array/port v0xb9d19a10b240, 6278;
v0xb9d19a10b240_6279 .array/port v0xb9d19a10b240, 6279;
v0xb9d19a10b240_6280 .array/port v0xb9d19a10b240, 6280;
E_0xb9d199e68640/1571 .event anyedge, v0xb9d19a10b240_6277, v0xb9d19a10b240_6278, v0xb9d19a10b240_6279, v0xb9d19a10b240_6280;
v0xb9d19a10b240_6281 .array/port v0xb9d19a10b240, 6281;
v0xb9d19a10b240_6282 .array/port v0xb9d19a10b240, 6282;
v0xb9d19a10b240_6283 .array/port v0xb9d19a10b240, 6283;
v0xb9d19a10b240_6284 .array/port v0xb9d19a10b240, 6284;
E_0xb9d199e68640/1572 .event anyedge, v0xb9d19a10b240_6281, v0xb9d19a10b240_6282, v0xb9d19a10b240_6283, v0xb9d19a10b240_6284;
v0xb9d19a10b240_6285 .array/port v0xb9d19a10b240, 6285;
v0xb9d19a10b240_6286 .array/port v0xb9d19a10b240, 6286;
v0xb9d19a10b240_6287 .array/port v0xb9d19a10b240, 6287;
v0xb9d19a10b240_6288 .array/port v0xb9d19a10b240, 6288;
E_0xb9d199e68640/1573 .event anyedge, v0xb9d19a10b240_6285, v0xb9d19a10b240_6286, v0xb9d19a10b240_6287, v0xb9d19a10b240_6288;
v0xb9d19a10b240_6289 .array/port v0xb9d19a10b240, 6289;
v0xb9d19a10b240_6290 .array/port v0xb9d19a10b240, 6290;
v0xb9d19a10b240_6291 .array/port v0xb9d19a10b240, 6291;
v0xb9d19a10b240_6292 .array/port v0xb9d19a10b240, 6292;
E_0xb9d199e68640/1574 .event anyedge, v0xb9d19a10b240_6289, v0xb9d19a10b240_6290, v0xb9d19a10b240_6291, v0xb9d19a10b240_6292;
v0xb9d19a10b240_6293 .array/port v0xb9d19a10b240, 6293;
v0xb9d19a10b240_6294 .array/port v0xb9d19a10b240, 6294;
v0xb9d19a10b240_6295 .array/port v0xb9d19a10b240, 6295;
v0xb9d19a10b240_6296 .array/port v0xb9d19a10b240, 6296;
E_0xb9d199e68640/1575 .event anyedge, v0xb9d19a10b240_6293, v0xb9d19a10b240_6294, v0xb9d19a10b240_6295, v0xb9d19a10b240_6296;
v0xb9d19a10b240_6297 .array/port v0xb9d19a10b240, 6297;
v0xb9d19a10b240_6298 .array/port v0xb9d19a10b240, 6298;
v0xb9d19a10b240_6299 .array/port v0xb9d19a10b240, 6299;
v0xb9d19a10b240_6300 .array/port v0xb9d19a10b240, 6300;
E_0xb9d199e68640/1576 .event anyedge, v0xb9d19a10b240_6297, v0xb9d19a10b240_6298, v0xb9d19a10b240_6299, v0xb9d19a10b240_6300;
v0xb9d19a10b240_6301 .array/port v0xb9d19a10b240, 6301;
v0xb9d19a10b240_6302 .array/port v0xb9d19a10b240, 6302;
v0xb9d19a10b240_6303 .array/port v0xb9d19a10b240, 6303;
v0xb9d19a10b240_6304 .array/port v0xb9d19a10b240, 6304;
E_0xb9d199e68640/1577 .event anyedge, v0xb9d19a10b240_6301, v0xb9d19a10b240_6302, v0xb9d19a10b240_6303, v0xb9d19a10b240_6304;
v0xb9d19a10b240_6305 .array/port v0xb9d19a10b240, 6305;
v0xb9d19a10b240_6306 .array/port v0xb9d19a10b240, 6306;
v0xb9d19a10b240_6307 .array/port v0xb9d19a10b240, 6307;
v0xb9d19a10b240_6308 .array/port v0xb9d19a10b240, 6308;
E_0xb9d199e68640/1578 .event anyedge, v0xb9d19a10b240_6305, v0xb9d19a10b240_6306, v0xb9d19a10b240_6307, v0xb9d19a10b240_6308;
v0xb9d19a10b240_6309 .array/port v0xb9d19a10b240, 6309;
v0xb9d19a10b240_6310 .array/port v0xb9d19a10b240, 6310;
v0xb9d19a10b240_6311 .array/port v0xb9d19a10b240, 6311;
v0xb9d19a10b240_6312 .array/port v0xb9d19a10b240, 6312;
E_0xb9d199e68640/1579 .event anyedge, v0xb9d19a10b240_6309, v0xb9d19a10b240_6310, v0xb9d19a10b240_6311, v0xb9d19a10b240_6312;
v0xb9d19a10b240_6313 .array/port v0xb9d19a10b240, 6313;
v0xb9d19a10b240_6314 .array/port v0xb9d19a10b240, 6314;
v0xb9d19a10b240_6315 .array/port v0xb9d19a10b240, 6315;
v0xb9d19a10b240_6316 .array/port v0xb9d19a10b240, 6316;
E_0xb9d199e68640/1580 .event anyedge, v0xb9d19a10b240_6313, v0xb9d19a10b240_6314, v0xb9d19a10b240_6315, v0xb9d19a10b240_6316;
v0xb9d19a10b240_6317 .array/port v0xb9d19a10b240, 6317;
v0xb9d19a10b240_6318 .array/port v0xb9d19a10b240, 6318;
v0xb9d19a10b240_6319 .array/port v0xb9d19a10b240, 6319;
v0xb9d19a10b240_6320 .array/port v0xb9d19a10b240, 6320;
E_0xb9d199e68640/1581 .event anyedge, v0xb9d19a10b240_6317, v0xb9d19a10b240_6318, v0xb9d19a10b240_6319, v0xb9d19a10b240_6320;
v0xb9d19a10b240_6321 .array/port v0xb9d19a10b240, 6321;
v0xb9d19a10b240_6322 .array/port v0xb9d19a10b240, 6322;
v0xb9d19a10b240_6323 .array/port v0xb9d19a10b240, 6323;
v0xb9d19a10b240_6324 .array/port v0xb9d19a10b240, 6324;
E_0xb9d199e68640/1582 .event anyedge, v0xb9d19a10b240_6321, v0xb9d19a10b240_6322, v0xb9d19a10b240_6323, v0xb9d19a10b240_6324;
v0xb9d19a10b240_6325 .array/port v0xb9d19a10b240, 6325;
v0xb9d19a10b240_6326 .array/port v0xb9d19a10b240, 6326;
v0xb9d19a10b240_6327 .array/port v0xb9d19a10b240, 6327;
v0xb9d19a10b240_6328 .array/port v0xb9d19a10b240, 6328;
E_0xb9d199e68640/1583 .event anyedge, v0xb9d19a10b240_6325, v0xb9d19a10b240_6326, v0xb9d19a10b240_6327, v0xb9d19a10b240_6328;
v0xb9d19a10b240_6329 .array/port v0xb9d19a10b240, 6329;
v0xb9d19a10b240_6330 .array/port v0xb9d19a10b240, 6330;
v0xb9d19a10b240_6331 .array/port v0xb9d19a10b240, 6331;
v0xb9d19a10b240_6332 .array/port v0xb9d19a10b240, 6332;
E_0xb9d199e68640/1584 .event anyedge, v0xb9d19a10b240_6329, v0xb9d19a10b240_6330, v0xb9d19a10b240_6331, v0xb9d19a10b240_6332;
v0xb9d19a10b240_6333 .array/port v0xb9d19a10b240, 6333;
v0xb9d19a10b240_6334 .array/port v0xb9d19a10b240, 6334;
v0xb9d19a10b240_6335 .array/port v0xb9d19a10b240, 6335;
v0xb9d19a10b240_6336 .array/port v0xb9d19a10b240, 6336;
E_0xb9d199e68640/1585 .event anyedge, v0xb9d19a10b240_6333, v0xb9d19a10b240_6334, v0xb9d19a10b240_6335, v0xb9d19a10b240_6336;
v0xb9d19a10b240_6337 .array/port v0xb9d19a10b240, 6337;
v0xb9d19a10b240_6338 .array/port v0xb9d19a10b240, 6338;
v0xb9d19a10b240_6339 .array/port v0xb9d19a10b240, 6339;
v0xb9d19a10b240_6340 .array/port v0xb9d19a10b240, 6340;
E_0xb9d199e68640/1586 .event anyedge, v0xb9d19a10b240_6337, v0xb9d19a10b240_6338, v0xb9d19a10b240_6339, v0xb9d19a10b240_6340;
v0xb9d19a10b240_6341 .array/port v0xb9d19a10b240, 6341;
v0xb9d19a10b240_6342 .array/port v0xb9d19a10b240, 6342;
v0xb9d19a10b240_6343 .array/port v0xb9d19a10b240, 6343;
v0xb9d19a10b240_6344 .array/port v0xb9d19a10b240, 6344;
E_0xb9d199e68640/1587 .event anyedge, v0xb9d19a10b240_6341, v0xb9d19a10b240_6342, v0xb9d19a10b240_6343, v0xb9d19a10b240_6344;
v0xb9d19a10b240_6345 .array/port v0xb9d19a10b240, 6345;
v0xb9d19a10b240_6346 .array/port v0xb9d19a10b240, 6346;
v0xb9d19a10b240_6347 .array/port v0xb9d19a10b240, 6347;
v0xb9d19a10b240_6348 .array/port v0xb9d19a10b240, 6348;
E_0xb9d199e68640/1588 .event anyedge, v0xb9d19a10b240_6345, v0xb9d19a10b240_6346, v0xb9d19a10b240_6347, v0xb9d19a10b240_6348;
v0xb9d19a10b240_6349 .array/port v0xb9d19a10b240, 6349;
v0xb9d19a10b240_6350 .array/port v0xb9d19a10b240, 6350;
v0xb9d19a10b240_6351 .array/port v0xb9d19a10b240, 6351;
v0xb9d19a10b240_6352 .array/port v0xb9d19a10b240, 6352;
E_0xb9d199e68640/1589 .event anyedge, v0xb9d19a10b240_6349, v0xb9d19a10b240_6350, v0xb9d19a10b240_6351, v0xb9d19a10b240_6352;
v0xb9d19a10b240_6353 .array/port v0xb9d19a10b240, 6353;
v0xb9d19a10b240_6354 .array/port v0xb9d19a10b240, 6354;
v0xb9d19a10b240_6355 .array/port v0xb9d19a10b240, 6355;
v0xb9d19a10b240_6356 .array/port v0xb9d19a10b240, 6356;
E_0xb9d199e68640/1590 .event anyedge, v0xb9d19a10b240_6353, v0xb9d19a10b240_6354, v0xb9d19a10b240_6355, v0xb9d19a10b240_6356;
v0xb9d19a10b240_6357 .array/port v0xb9d19a10b240, 6357;
v0xb9d19a10b240_6358 .array/port v0xb9d19a10b240, 6358;
v0xb9d19a10b240_6359 .array/port v0xb9d19a10b240, 6359;
v0xb9d19a10b240_6360 .array/port v0xb9d19a10b240, 6360;
E_0xb9d199e68640/1591 .event anyedge, v0xb9d19a10b240_6357, v0xb9d19a10b240_6358, v0xb9d19a10b240_6359, v0xb9d19a10b240_6360;
v0xb9d19a10b240_6361 .array/port v0xb9d19a10b240, 6361;
v0xb9d19a10b240_6362 .array/port v0xb9d19a10b240, 6362;
v0xb9d19a10b240_6363 .array/port v0xb9d19a10b240, 6363;
v0xb9d19a10b240_6364 .array/port v0xb9d19a10b240, 6364;
E_0xb9d199e68640/1592 .event anyedge, v0xb9d19a10b240_6361, v0xb9d19a10b240_6362, v0xb9d19a10b240_6363, v0xb9d19a10b240_6364;
v0xb9d19a10b240_6365 .array/port v0xb9d19a10b240, 6365;
v0xb9d19a10b240_6366 .array/port v0xb9d19a10b240, 6366;
v0xb9d19a10b240_6367 .array/port v0xb9d19a10b240, 6367;
v0xb9d19a10b240_6368 .array/port v0xb9d19a10b240, 6368;
E_0xb9d199e68640/1593 .event anyedge, v0xb9d19a10b240_6365, v0xb9d19a10b240_6366, v0xb9d19a10b240_6367, v0xb9d19a10b240_6368;
v0xb9d19a10b240_6369 .array/port v0xb9d19a10b240, 6369;
v0xb9d19a10b240_6370 .array/port v0xb9d19a10b240, 6370;
v0xb9d19a10b240_6371 .array/port v0xb9d19a10b240, 6371;
v0xb9d19a10b240_6372 .array/port v0xb9d19a10b240, 6372;
E_0xb9d199e68640/1594 .event anyedge, v0xb9d19a10b240_6369, v0xb9d19a10b240_6370, v0xb9d19a10b240_6371, v0xb9d19a10b240_6372;
v0xb9d19a10b240_6373 .array/port v0xb9d19a10b240, 6373;
v0xb9d19a10b240_6374 .array/port v0xb9d19a10b240, 6374;
v0xb9d19a10b240_6375 .array/port v0xb9d19a10b240, 6375;
v0xb9d19a10b240_6376 .array/port v0xb9d19a10b240, 6376;
E_0xb9d199e68640/1595 .event anyedge, v0xb9d19a10b240_6373, v0xb9d19a10b240_6374, v0xb9d19a10b240_6375, v0xb9d19a10b240_6376;
v0xb9d19a10b240_6377 .array/port v0xb9d19a10b240, 6377;
v0xb9d19a10b240_6378 .array/port v0xb9d19a10b240, 6378;
v0xb9d19a10b240_6379 .array/port v0xb9d19a10b240, 6379;
v0xb9d19a10b240_6380 .array/port v0xb9d19a10b240, 6380;
E_0xb9d199e68640/1596 .event anyedge, v0xb9d19a10b240_6377, v0xb9d19a10b240_6378, v0xb9d19a10b240_6379, v0xb9d19a10b240_6380;
v0xb9d19a10b240_6381 .array/port v0xb9d19a10b240, 6381;
v0xb9d19a10b240_6382 .array/port v0xb9d19a10b240, 6382;
v0xb9d19a10b240_6383 .array/port v0xb9d19a10b240, 6383;
v0xb9d19a10b240_6384 .array/port v0xb9d19a10b240, 6384;
E_0xb9d199e68640/1597 .event anyedge, v0xb9d19a10b240_6381, v0xb9d19a10b240_6382, v0xb9d19a10b240_6383, v0xb9d19a10b240_6384;
v0xb9d19a10b240_6385 .array/port v0xb9d19a10b240, 6385;
v0xb9d19a10b240_6386 .array/port v0xb9d19a10b240, 6386;
v0xb9d19a10b240_6387 .array/port v0xb9d19a10b240, 6387;
v0xb9d19a10b240_6388 .array/port v0xb9d19a10b240, 6388;
E_0xb9d199e68640/1598 .event anyedge, v0xb9d19a10b240_6385, v0xb9d19a10b240_6386, v0xb9d19a10b240_6387, v0xb9d19a10b240_6388;
v0xb9d19a10b240_6389 .array/port v0xb9d19a10b240, 6389;
v0xb9d19a10b240_6390 .array/port v0xb9d19a10b240, 6390;
v0xb9d19a10b240_6391 .array/port v0xb9d19a10b240, 6391;
v0xb9d19a10b240_6392 .array/port v0xb9d19a10b240, 6392;
E_0xb9d199e68640/1599 .event anyedge, v0xb9d19a10b240_6389, v0xb9d19a10b240_6390, v0xb9d19a10b240_6391, v0xb9d19a10b240_6392;
v0xb9d19a10b240_6393 .array/port v0xb9d19a10b240, 6393;
v0xb9d19a10b240_6394 .array/port v0xb9d19a10b240, 6394;
v0xb9d19a10b240_6395 .array/port v0xb9d19a10b240, 6395;
v0xb9d19a10b240_6396 .array/port v0xb9d19a10b240, 6396;
E_0xb9d199e68640/1600 .event anyedge, v0xb9d19a10b240_6393, v0xb9d19a10b240_6394, v0xb9d19a10b240_6395, v0xb9d19a10b240_6396;
v0xb9d19a10b240_6397 .array/port v0xb9d19a10b240, 6397;
v0xb9d19a10b240_6398 .array/port v0xb9d19a10b240, 6398;
v0xb9d19a10b240_6399 .array/port v0xb9d19a10b240, 6399;
v0xb9d19a10b240_6400 .array/port v0xb9d19a10b240, 6400;
E_0xb9d199e68640/1601 .event anyedge, v0xb9d19a10b240_6397, v0xb9d19a10b240_6398, v0xb9d19a10b240_6399, v0xb9d19a10b240_6400;
v0xb9d19a10b240_6401 .array/port v0xb9d19a10b240, 6401;
v0xb9d19a10b240_6402 .array/port v0xb9d19a10b240, 6402;
v0xb9d19a10b240_6403 .array/port v0xb9d19a10b240, 6403;
v0xb9d19a10b240_6404 .array/port v0xb9d19a10b240, 6404;
E_0xb9d199e68640/1602 .event anyedge, v0xb9d19a10b240_6401, v0xb9d19a10b240_6402, v0xb9d19a10b240_6403, v0xb9d19a10b240_6404;
v0xb9d19a10b240_6405 .array/port v0xb9d19a10b240, 6405;
v0xb9d19a10b240_6406 .array/port v0xb9d19a10b240, 6406;
v0xb9d19a10b240_6407 .array/port v0xb9d19a10b240, 6407;
v0xb9d19a10b240_6408 .array/port v0xb9d19a10b240, 6408;
E_0xb9d199e68640/1603 .event anyedge, v0xb9d19a10b240_6405, v0xb9d19a10b240_6406, v0xb9d19a10b240_6407, v0xb9d19a10b240_6408;
v0xb9d19a10b240_6409 .array/port v0xb9d19a10b240, 6409;
v0xb9d19a10b240_6410 .array/port v0xb9d19a10b240, 6410;
v0xb9d19a10b240_6411 .array/port v0xb9d19a10b240, 6411;
v0xb9d19a10b240_6412 .array/port v0xb9d19a10b240, 6412;
E_0xb9d199e68640/1604 .event anyedge, v0xb9d19a10b240_6409, v0xb9d19a10b240_6410, v0xb9d19a10b240_6411, v0xb9d19a10b240_6412;
v0xb9d19a10b240_6413 .array/port v0xb9d19a10b240, 6413;
v0xb9d19a10b240_6414 .array/port v0xb9d19a10b240, 6414;
v0xb9d19a10b240_6415 .array/port v0xb9d19a10b240, 6415;
v0xb9d19a10b240_6416 .array/port v0xb9d19a10b240, 6416;
E_0xb9d199e68640/1605 .event anyedge, v0xb9d19a10b240_6413, v0xb9d19a10b240_6414, v0xb9d19a10b240_6415, v0xb9d19a10b240_6416;
v0xb9d19a10b240_6417 .array/port v0xb9d19a10b240, 6417;
v0xb9d19a10b240_6418 .array/port v0xb9d19a10b240, 6418;
v0xb9d19a10b240_6419 .array/port v0xb9d19a10b240, 6419;
v0xb9d19a10b240_6420 .array/port v0xb9d19a10b240, 6420;
E_0xb9d199e68640/1606 .event anyedge, v0xb9d19a10b240_6417, v0xb9d19a10b240_6418, v0xb9d19a10b240_6419, v0xb9d19a10b240_6420;
v0xb9d19a10b240_6421 .array/port v0xb9d19a10b240, 6421;
v0xb9d19a10b240_6422 .array/port v0xb9d19a10b240, 6422;
v0xb9d19a10b240_6423 .array/port v0xb9d19a10b240, 6423;
v0xb9d19a10b240_6424 .array/port v0xb9d19a10b240, 6424;
E_0xb9d199e68640/1607 .event anyedge, v0xb9d19a10b240_6421, v0xb9d19a10b240_6422, v0xb9d19a10b240_6423, v0xb9d19a10b240_6424;
v0xb9d19a10b240_6425 .array/port v0xb9d19a10b240, 6425;
v0xb9d19a10b240_6426 .array/port v0xb9d19a10b240, 6426;
v0xb9d19a10b240_6427 .array/port v0xb9d19a10b240, 6427;
v0xb9d19a10b240_6428 .array/port v0xb9d19a10b240, 6428;
E_0xb9d199e68640/1608 .event anyedge, v0xb9d19a10b240_6425, v0xb9d19a10b240_6426, v0xb9d19a10b240_6427, v0xb9d19a10b240_6428;
v0xb9d19a10b240_6429 .array/port v0xb9d19a10b240, 6429;
v0xb9d19a10b240_6430 .array/port v0xb9d19a10b240, 6430;
v0xb9d19a10b240_6431 .array/port v0xb9d19a10b240, 6431;
v0xb9d19a10b240_6432 .array/port v0xb9d19a10b240, 6432;
E_0xb9d199e68640/1609 .event anyedge, v0xb9d19a10b240_6429, v0xb9d19a10b240_6430, v0xb9d19a10b240_6431, v0xb9d19a10b240_6432;
v0xb9d19a10b240_6433 .array/port v0xb9d19a10b240, 6433;
v0xb9d19a10b240_6434 .array/port v0xb9d19a10b240, 6434;
v0xb9d19a10b240_6435 .array/port v0xb9d19a10b240, 6435;
v0xb9d19a10b240_6436 .array/port v0xb9d19a10b240, 6436;
E_0xb9d199e68640/1610 .event anyedge, v0xb9d19a10b240_6433, v0xb9d19a10b240_6434, v0xb9d19a10b240_6435, v0xb9d19a10b240_6436;
v0xb9d19a10b240_6437 .array/port v0xb9d19a10b240, 6437;
v0xb9d19a10b240_6438 .array/port v0xb9d19a10b240, 6438;
v0xb9d19a10b240_6439 .array/port v0xb9d19a10b240, 6439;
v0xb9d19a10b240_6440 .array/port v0xb9d19a10b240, 6440;
E_0xb9d199e68640/1611 .event anyedge, v0xb9d19a10b240_6437, v0xb9d19a10b240_6438, v0xb9d19a10b240_6439, v0xb9d19a10b240_6440;
v0xb9d19a10b240_6441 .array/port v0xb9d19a10b240, 6441;
v0xb9d19a10b240_6442 .array/port v0xb9d19a10b240, 6442;
v0xb9d19a10b240_6443 .array/port v0xb9d19a10b240, 6443;
v0xb9d19a10b240_6444 .array/port v0xb9d19a10b240, 6444;
E_0xb9d199e68640/1612 .event anyedge, v0xb9d19a10b240_6441, v0xb9d19a10b240_6442, v0xb9d19a10b240_6443, v0xb9d19a10b240_6444;
v0xb9d19a10b240_6445 .array/port v0xb9d19a10b240, 6445;
v0xb9d19a10b240_6446 .array/port v0xb9d19a10b240, 6446;
v0xb9d19a10b240_6447 .array/port v0xb9d19a10b240, 6447;
v0xb9d19a10b240_6448 .array/port v0xb9d19a10b240, 6448;
E_0xb9d199e68640/1613 .event anyedge, v0xb9d19a10b240_6445, v0xb9d19a10b240_6446, v0xb9d19a10b240_6447, v0xb9d19a10b240_6448;
v0xb9d19a10b240_6449 .array/port v0xb9d19a10b240, 6449;
v0xb9d19a10b240_6450 .array/port v0xb9d19a10b240, 6450;
v0xb9d19a10b240_6451 .array/port v0xb9d19a10b240, 6451;
v0xb9d19a10b240_6452 .array/port v0xb9d19a10b240, 6452;
E_0xb9d199e68640/1614 .event anyedge, v0xb9d19a10b240_6449, v0xb9d19a10b240_6450, v0xb9d19a10b240_6451, v0xb9d19a10b240_6452;
v0xb9d19a10b240_6453 .array/port v0xb9d19a10b240, 6453;
v0xb9d19a10b240_6454 .array/port v0xb9d19a10b240, 6454;
v0xb9d19a10b240_6455 .array/port v0xb9d19a10b240, 6455;
v0xb9d19a10b240_6456 .array/port v0xb9d19a10b240, 6456;
E_0xb9d199e68640/1615 .event anyedge, v0xb9d19a10b240_6453, v0xb9d19a10b240_6454, v0xb9d19a10b240_6455, v0xb9d19a10b240_6456;
v0xb9d19a10b240_6457 .array/port v0xb9d19a10b240, 6457;
v0xb9d19a10b240_6458 .array/port v0xb9d19a10b240, 6458;
v0xb9d19a10b240_6459 .array/port v0xb9d19a10b240, 6459;
v0xb9d19a10b240_6460 .array/port v0xb9d19a10b240, 6460;
E_0xb9d199e68640/1616 .event anyedge, v0xb9d19a10b240_6457, v0xb9d19a10b240_6458, v0xb9d19a10b240_6459, v0xb9d19a10b240_6460;
v0xb9d19a10b240_6461 .array/port v0xb9d19a10b240, 6461;
v0xb9d19a10b240_6462 .array/port v0xb9d19a10b240, 6462;
v0xb9d19a10b240_6463 .array/port v0xb9d19a10b240, 6463;
v0xb9d19a10b240_6464 .array/port v0xb9d19a10b240, 6464;
E_0xb9d199e68640/1617 .event anyedge, v0xb9d19a10b240_6461, v0xb9d19a10b240_6462, v0xb9d19a10b240_6463, v0xb9d19a10b240_6464;
v0xb9d19a10b240_6465 .array/port v0xb9d19a10b240, 6465;
v0xb9d19a10b240_6466 .array/port v0xb9d19a10b240, 6466;
v0xb9d19a10b240_6467 .array/port v0xb9d19a10b240, 6467;
v0xb9d19a10b240_6468 .array/port v0xb9d19a10b240, 6468;
E_0xb9d199e68640/1618 .event anyedge, v0xb9d19a10b240_6465, v0xb9d19a10b240_6466, v0xb9d19a10b240_6467, v0xb9d19a10b240_6468;
v0xb9d19a10b240_6469 .array/port v0xb9d19a10b240, 6469;
v0xb9d19a10b240_6470 .array/port v0xb9d19a10b240, 6470;
v0xb9d19a10b240_6471 .array/port v0xb9d19a10b240, 6471;
v0xb9d19a10b240_6472 .array/port v0xb9d19a10b240, 6472;
E_0xb9d199e68640/1619 .event anyedge, v0xb9d19a10b240_6469, v0xb9d19a10b240_6470, v0xb9d19a10b240_6471, v0xb9d19a10b240_6472;
v0xb9d19a10b240_6473 .array/port v0xb9d19a10b240, 6473;
v0xb9d19a10b240_6474 .array/port v0xb9d19a10b240, 6474;
v0xb9d19a10b240_6475 .array/port v0xb9d19a10b240, 6475;
v0xb9d19a10b240_6476 .array/port v0xb9d19a10b240, 6476;
E_0xb9d199e68640/1620 .event anyedge, v0xb9d19a10b240_6473, v0xb9d19a10b240_6474, v0xb9d19a10b240_6475, v0xb9d19a10b240_6476;
v0xb9d19a10b240_6477 .array/port v0xb9d19a10b240, 6477;
v0xb9d19a10b240_6478 .array/port v0xb9d19a10b240, 6478;
v0xb9d19a10b240_6479 .array/port v0xb9d19a10b240, 6479;
v0xb9d19a10b240_6480 .array/port v0xb9d19a10b240, 6480;
E_0xb9d199e68640/1621 .event anyedge, v0xb9d19a10b240_6477, v0xb9d19a10b240_6478, v0xb9d19a10b240_6479, v0xb9d19a10b240_6480;
v0xb9d19a10b240_6481 .array/port v0xb9d19a10b240, 6481;
v0xb9d19a10b240_6482 .array/port v0xb9d19a10b240, 6482;
v0xb9d19a10b240_6483 .array/port v0xb9d19a10b240, 6483;
v0xb9d19a10b240_6484 .array/port v0xb9d19a10b240, 6484;
E_0xb9d199e68640/1622 .event anyedge, v0xb9d19a10b240_6481, v0xb9d19a10b240_6482, v0xb9d19a10b240_6483, v0xb9d19a10b240_6484;
v0xb9d19a10b240_6485 .array/port v0xb9d19a10b240, 6485;
v0xb9d19a10b240_6486 .array/port v0xb9d19a10b240, 6486;
v0xb9d19a10b240_6487 .array/port v0xb9d19a10b240, 6487;
v0xb9d19a10b240_6488 .array/port v0xb9d19a10b240, 6488;
E_0xb9d199e68640/1623 .event anyedge, v0xb9d19a10b240_6485, v0xb9d19a10b240_6486, v0xb9d19a10b240_6487, v0xb9d19a10b240_6488;
v0xb9d19a10b240_6489 .array/port v0xb9d19a10b240, 6489;
v0xb9d19a10b240_6490 .array/port v0xb9d19a10b240, 6490;
v0xb9d19a10b240_6491 .array/port v0xb9d19a10b240, 6491;
v0xb9d19a10b240_6492 .array/port v0xb9d19a10b240, 6492;
E_0xb9d199e68640/1624 .event anyedge, v0xb9d19a10b240_6489, v0xb9d19a10b240_6490, v0xb9d19a10b240_6491, v0xb9d19a10b240_6492;
v0xb9d19a10b240_6493 .array/port v0xb9d19a10b240, 6493;
v0xb9d19a10b240_6494 .array/port v0xb9d19a10b240, 6494;
v0xb9d19a10b240_6495 .array/port v0xb9d19a10b240, 6495;
v0xb9d19a10b240_6496 .array/port v0xb9d19a10b240, 6496;
E_0xb9d199e68640/1625 .event anyedge, v0xb9d19a10b240_6493, v0xb9d19a10b240_6494, v0xb9d19a10b240_6495, v0xb9d19a10b240_6496;
v0xb9d19a10b240_6497 .array/port v0xb9d19a10b240, 6497;
v0xb9d19a10b240_6498 .array/port v0xb9d19a10b240, 6498;
v0xb9d19a10b240_6499 .array/port v0xb9d19a10b240, 6499;
v0xb9d19a10b240_6500 .array/port v0xb9d19a10b240, 6500;
E_0xb9d199e68640/1626 .event anyedge, v0xb9d19a10b240_6497, v0xb9d19a10b240_6498, v0xb9d19a10b240_6499, v0xb9d19a10b240_6500;
v0xb9d19a10b240_6501 .array/port v0xb9d19a10b240, 6501;
v0xb9d19a10b240_6502 .array/port v0xb9d19a10b240, 6502;
v0xb9d19a10b240_6503 .array/port v0xb9d19a10b240, 6503;
v0xb9d19a10b240_6504 .array/port v0xb9d19a10b240, 6504;
E_0xb9d199e68640/1627 .event anyedge, v0xb9d19a10b240_6501, v0xb9d19a10b240_6502, v0xb9d19a10b240_6503, v0xb9d19a10b240_6504;
v0xb9d19a10b240_6505 .array/port v0xb9d19a10b240, 6505;
v0xb9d19a10b240_6506 .array/port v0xb9d19a10b240, 6506;
v0xb9d19a10b240_6507 .array/port v0xb9d19a10b240, 6507;
v0xb9d19a10b240_6508 .array/port v0xb9d19a10b240, 6508;
E_0xb9d199e68640/1628 .event anyedge, v0xb9d19a10b240_6505, v0xb9d19a10b240_6506, v0xb9d19a10b240_6507, v0xb9d19a10b240_6508;
v0xb9d19a10b240_6509 .array/port v0xb9d19a10b240, 6509;
v0xb9d19a10b240_6510 .array/port v0xb9d19a10b240, 6510;
v0xb9d19a10b240_6511 .array/port v0xb9d19a10b240, 6511;
v0xb9d19a10b240_6512 .array/port v0xb9d19a10b240, 6512;
E_0xb9d199e68640/1629 .event anyedge, v0xb9d19a10b240_6509, v0xb9d19a10b240_6510, v0xb9d19a10b240_6511, v0xb9d19a10b240_6512;
v0xb9d19a10b240_6513 .array/port v0xb9d19a10b240, 6513;
v0xb9d19a10b240_6514 .array/port v0xb9d19a10b240, 6514;
v0xb9d19a10b240_6515 .array/port v0xb9d19a10b240, 6515;
v0xb9d19a10b240_6516 .array/port v0xb9d19a10b240, 6516;
E_0xb9d199e68640/1630 .event anyedge, v0xb9d19a10b240_6513, v0xb9d19a10b240_6514, v0xb9d19a10b240_6515, v0xb9d19a10b240_6516;
v0xb9d19a10b240_6517 .array/port v0xb9d19a10b240, 6517;
v0xb9d19a10b240_6518 .array/port v0xb9d19a10b240, 6518;
v0xb9d19a10b240_6519 .array/port v0xb9d19a10b240, 6519;
v0xb9d19a10b240_6520 .array/port v0xb9d19a10b240, 6520;
E_0xb9d199e68640/1631 .event anyedge, v0xb9d19a10b240_6517, v0xb9d19a10b240_6518, v0xb9d19a10b240_6519, v0xb9d19a10b240_6520;
v0xb9d19a10b240_6521 .array/port v0xb9d19a10b240, 6521;
v0xb9d19a10b240_6522 .array/port v0xb9d19a10b240, 6522;
v0xb9d19a10b240_6523 .array/port v0xb9d19a10b240, 6523;
v0xb9d19a10b240_6524 .array/port v0xb9d19a10b240, 6524;
E_0xb9d199e68640/1632 .event anyedge, v0xb9d19a10b240_6521, v0xb9d19a10b240_6522, v0xb9d19a10b240_6523, v0xb9d19a10b240_6524;
v0xb9d19a10b240_6525 .array/port v0xb9d19a10b240, 6525;
v0xb9d19a10b240_6526 .array/port v0xb9d19a10b240, 6526;
v0xb9d19a10b240_6527 .array/port v0xb9d19a10b240, 6527;
v0xb9d19a10b240_6528 .array/port v0xb9d19a10b240, 6528;
E_0xb9d199e68640/1633 .event anyedge, v0xb9d19a10b240_6525, v0xb9d19a10b240_6526, v0xb9d19a10b240_6527, v0xb9d19a10b240_6528;
v0xb9d19a10b240_6529 .array/port v0xb9d19a10b240, 6529;
v0xb9d19a10b240_6530 .array/port v0xb9d19a10b240, 6530;
v0xb9d19a10b240_6531 .array/port v0xb9d19a10b240, 6531;
v0xb9d19a10b240_6532 .array/port v0xb9d19a10b240, 6532;
E_0xb9d199e68640/1634 .event anyedge, v0xb9d19a10b240_6529, v0xb9d19a10b240_6530, v0xb9d19a10b240_6531, v0xb9d19a10b240_6532;
v0xb9d19a10b240_6533 .array/port v0xb9d19a10b240, 6533;
v0xb9d19a10b240_6534 .array/port v0xb9d19a10b240, 6534;
v0xb9d19a10b240_6535 .array/port v0xb9d19a10b240, 6535;
v0xb9d19a10b240_6536 .array/port v0xb9d19a10b240, 6536;
E_0xb9d199e68640/1635 .event anyedge, v0xb9d19a10b240_6533, v0xb9d19a10b240_6534, v0xb9d19a10b240_6535, v0xb9d19a10b240_6536;
v0xb9d19a10b240_6537 .array/port v0xb9d19a10b240, 6537;
v0xb9d19a10b240_6538 .array/port v0xb9d19a10b240, 6538;
v0xb9d19a10b240_6539 .array/port v0xb9d19a10b240, 6539;
v0xb9d19a10b240_6540 .array/port v0xb9d19a10b240, 6540;
E_0xb9d199e68640/1636 .event anyedge, v0xb9d19a10b240_6537, v0xb9d19a10b240_6538, v0xb9d19a10b240_6539, v0xb9d19a10b240_6540;
v0xb9d19a10b240_6541 .array/port v0xb9d19a10b240, 6541;
v0xb9d19a10b240_6542 .array/port v0xb9d19a10b240, 6542;
v0xb9d19a10b240_6543 .array/port v0xb9d19a10b240, 6543;
v0xb9d19a10b240_6544 .array/port v0xb9d19a10b240, 6544;
E_0xb9d199e68640/1637 .event anyedge, v0xb9d19a10b240_6541, v0xb9d19a10b240_6542, v0xb9d19a10b240_6543, v0xb9d19a10b240_6544;
v0xb9d19a10b240_6545 .array/port v0xb9d19a10b240, 6545;
v0xb9d19a10b240_6546 .array/port v0xb9d19a10b240, 6546;
v0xb9d19a10b240_6547 .array/port v0xb9d19a10b240, 6547;
v0xb9d19a10b240_6548 .array/port v0xb9d19a10b240, 6548;
E_0xb9d199e68640/1638 .event anyedge, v0xb9d19a10b240_6545, v0xb9d19a10b240_6546, v0xb9d19a10b240_6547, v0xb9d19a10b240_6548;
v0xb9d19a10b240_6549 .array/port v0xb9d19a10b240, 6549;
v0xb9d19a10b240_6550 .array/port v0xb9d19a10b240, 6550;
v0xb9d19a10b240_6551 .array/port v0xb9d19a10b240, 6551;
v0xb9d19a10b240_6552 .array/port v0xb9d19a10b240, 6552;
E_0xb9d199e68640/1639 .event anyedge, v0xb9d19a10b240_6549, v0xb9d19a10b240_6550, v0xb9d19a10b240_6551, v0xb9d19a10b240_6552;
v0xb9d19a10b240_6553 .array/port v0xb9d19a10b240, 6553;
v0xb9d19a10b240_6554 .array/port v0xb9d19a10b240, 6554;
v0xb9d19a10b240_6555 .array/port v0xb9d19a10b240, 6555;
v0xb9d19a10b240_6556 .array/port v0xb9d19a10b240, 6556;
E_0xb9d199e68640/1640 .event anyedge, v0xb9d19a10b240_6553, v0xb9d19a10b240_6554, v0xb9d19a10b240_6555, v0xb9d19a10b240_6556;
v0xb9d19a10b240_6557 .array/port v0xb9d19a10b240, 6557;
v0xb9d19a10b240_6558 .array/port v0xb9d19a10b240, 6558;
v0xb9d19a10b240_6559 .array/port v0xb9d19a10b240, 6559;
v0xb9d19a10b240_6560 .array/port v0xb9d19a10b240, 6560;
E_0xb9d199e68640/1641 .event anyedge, v0xb9d19a10b240_6557, v0xb9d19a10b240_6558, v0xb9d19a10b240_6559, v0xb9d19a10b240_6560;
v0xb9d19a10b240_6561 .array/port v0xb9d19a10b240, 6561;
v0xb9d19a10b240_6562 .array/port v0xb9d19a10b240, 6562;
v0xb9d19a10b240_6563 .array/port v0xb9d19a10b240, 6563;
v0xb9d19a10b240_6564 .array/port v0xb9d19a10b240, 6564;
E_0xb9d199e68640/1642 .event anyedge, v0xb9d19a10b240_6561, v0xb9d19a10b240_6562, v0xb9d19a10b240_6563, v0xb9d19a10b240_6564;
v0xb9d19a10b240_6565 .array/port v0xb9d19a10b240, 6565;
v0xb9d19a10b240_6566 .array/port v0xb9d19a10b240, 6566;
v0xb9d19a10b240_6567 .array/port v0xb9d19a10b240, 6567;
v0xb9d19a10b240_6568 .array/port v0xb9d19a10b240, 6568;
E_0xb9d199e68640/1643 .event anyedge, v0xb9d19a10b240_6565, v0xb9d19a10b240_6566, v0xb9d19a10b240_6567, v0xb9d19a10b240_6568;
v0xb9d19a10b240_6569 .array/port v0xb9d19a10b240, 6569;
v0xb9d19a10b240_6570 .array/port v0xb9d19a10b240, 6570;
v0xb9d19a10b240_6571 .array/port v0xb9d19a10b240, 6571;
v0xb9d19a10b240_6572 .array/port v0xb9d19a10b240, 6572;
E_0xb9d199e68640/1644 .event anyedge, v0xb9d19a10b240_6569, v0xb9d19a10b240_6570, v0xb9d19a10b240_6571, v0xb9d19a10b240_6572;
v0xb9d19a10b240_6573 .array/port v0xb9d19a10b240, 6573;
v0xb9d19a10b240_6574 .array/port v0xb9d19a10b240, 6574;
v0xb9d19a10b240_6575 .array/port v0xb9d19a10b240, 6575;
v0xb9d19a10b240_6576 .array/port v0xb9d19a10b240, 6576;
E_0xb9d199e68640/1645 .event anyedge, v0xb9d19a10b240_6573, v0xb9d19a10b240_6574, v0xb9d19a10b240_6575, v0xb9d19a10b240_6576;
v0xb9d19a10b240_6577 .array/port v0xb9d19a10b240, 6577;
v0xb9d19a10b240_6578 .array/port v0xb9d19a10b240, 6578;
v0xb9d19a10b240_6579 .array/port v0xb9d19a10b240, 6579;
v0xb9d19a10b240_6580 .array/port v0xb9d19a10b240, 6580;
E_0xb9d199e68640/1646 .event anyedge, v0xb9d19a10b240_6577, v0xb9d19a10b240_6578, v0xb9d19a10b240_6579, v0xb9d19a10b240_6580;
v0xb9d19a10b240_6581 .array/port v0xb9d19a10b240, 6581;
v0xb9d19a10b240_6582 .array/port v0xb9d19a10b240, 6582;
v0xb9d19a10b240_6583 .array/port v0xb9d19a10b240, 6583;
v0xb9d19a10b240_6584 .array/port v0xb9d19a10b240, 6584;
E_0xb9d199e68640/1647 .event anyedge, v0xb9d19a10b240_6581, v0xb9d19a10b240_6582, v0xb9d19a10b240_6583, v0xb9d19a10b240_6584;
v0xb9d19a10b240_6585 .array/port v0xb9d19a10b240, 6585;
v0xb9d19a10b240_6586 .array/port v0xb9d19a10b240, 6586;
v0xb9d19a10b240_6587 .array/port v0xb9d19a10b240, 6587;
v0xb9d19a10b240_6588 .array/port v0xb9d19a10b240, 6588;
E_0xb9d199e68640/1648 .event anyedge, v0xb9d19a10b240_6585, v0xb9d19a10b240_6586, v0xb9d19a10b240_6587, v0xb9d19a10b240_6588;
v0xb9d19a10b240_6589 .array/port v0xb9d19a10b240, 6589;
v0xb9d19a10b240_6590 .array/port v0xb9d19a10b240, 6590;
v0xb9d19a10b240_6591 .array/port v0xb9d19a10b240, 6591;
v0xb9d19a10b240_6592 .array/port v0xb9d19a10b240, 6592;
E_0xb9d199e68640/1649 .event anyedge, v0xb9d19a10b240_6589, v0xb9d19a10b240_6590, v0xb9d19a10b240_6591, v0xb9d19a10b240_6592;
v0xb9d19a10b240_6593 .array/port v0xb9d19a10b240, 6593;
v0xb9d19a10b240_6594 .array/port v0xb9d19a10b240, 6594;
v0xb9d19a10b240_6595 .array/port v0xb9d19a10b240, 6595;
v0xb9d19a10b240_6596 .array/port v0xb9d19a10b240, 6596;
E_0xb9d199e68640/1650 .event anyedge, v0xb9d19a10b240_6593, v0xb9d19a10b240_6594, v0xb9d19a10b240_6595, v0xb9d19a10b240_6596;
v0xb9d19a10b240_6597 .array/port v0xb9d19a10b240, 6597;
v0xb9d19a10b240_6598 .array/port v0xb9d19a10b240, 6598;
v0xb9d19a10b240_6599 .array/port v0xb9d19a10b240, 6599;
v0xb9d19a10b240_6600 .array/port v0xb9d19a10b240, 6600;
E_0xb9d199e68640/1651 .event anyedge, v0xb9d19a10b240_6597, v0xb9d19a10b240_6598, v0xb9d19a10b240_6599, v0xb9d19a10b240_6600;
v0xb9d19a10b240_6601 .array/port v0xb9d19a10b240, 6601;
v0xb9d19a10b240_6602 .array/port v0xb9d19a10b240, 6602;
v0xb9d19a10b240_6603 .array/port v0xb9d19a10b240, 6603;
v0xb9d19a10b240_6604 .array/port v0xb9d19a10b240, 6604;
E_0xb9d199e68640/1652 .event anyedge, v0xb9d19a10b240_6601, v0xb9d19a10b240_6602, v0xb9d19a10b240_6603, v0xb9d19a10b240_6604;
v0xb9d19a10b240_6605 .array/port v0xb9d19a10b240, 6605;
v0xb9d19a10b240_6606 .array/port v0xb9d19a10b240, 6606;
v0xb9d19a10b240_6607 .array/port v0xb9d19a10b240, 6607;
v0xb9d19a10b240_6608 .array/port v0xb9d19a10b240, 6608;
E_0xb9d199e68640/1653 .event anyedge, v0xb9d19a10b240_6605, v0xb9d19a10b240_6606, v0xb9d19a10b240_6607, v0xb9d19a10b240_6608;
v0xb9d19a10b240_6609 .array/port v0xb9d19a10b240, 6609;
v0xb9d19a10b240_6610 .array/port v0xb9d19a10b240, 6610;
v0xb9d19a10b240_6611 .array/port v0xb9d19a10b240, 6611;
v0xb9d19a10b240_6612 .array/port v0xb9d19a10b240, 6612;
E_0xb9d199e68640/1654 .event anyedge, v0xb9d19a10b240_6609, v0xb9d19a10b240_6610, v0xb9d19a10b240_6611, v0xb9d19a10b240_6612;
v0xb9d19a10b240_6613 .array/port v0xb9d19a10b240, 6613;
v0xb9d19a10b240_6614 .array/port v0xb9d19a10b240, 6614;
v0xb9d19a10b240_6615 .array/port v0xb9d19a10b240, 6615;
v0xb9d19a10b240_6616 .array/port v0xb9d19a10b240, 6616;
E_0xb9d199e68640/1655 .event anyedge, v0xb9d19a10b240_6613, v0xb9d19a10b240_6614, v0xb9d19a10b240_6615, v0xb9d19a10b240_6616;
v0xb9d19a10b240_6617 .array/port v0xb9d19a10b240, 6617;
v0xb9d19a10b240_6618 .array/port v0xb9d19a10b240, 6618;
v0xb9d19a10b240_6619 .array/port v0xb9d19a10b240, 6619;
v0xb9d19a10b240_6620 .array/port v0xb9d19a10b240, 6620;
E_0xb9d199e68640/1656 .event anyedge, v0xb9d19a10b240_6617, v0xb9d19a10b240_6618, v0xb9d19a10b240_6619, v0xb9d19a10b240_6620;
v0xb9d19a10b240_6621 .array/port v0xb9d19a10b240, 6621;
v0xb9d19a10b240_6622 .array/port v0xb9d19a10b240, 6622;
v0xb9d19a10b240_6623 .array/port v0xb9d19a10b240, 6623;
v0xb9d19a10b240_6624 .array/port v0xb9d19a10b240, 6624;
E_0xb9d199e68640/1657 .event anyedge, v0xb9d19a10b240_6621, v0xb9d19a10b240_6622, v0xb9d19a10b240_6623, v0xb9d19a10b240_6624;
v0xb9d19a10b240_6625 .array/port v0xb9d19a10b240, 6625;
v0xb9d19a10b240_6626 .array/port v0xb9d19a10b240, 6626;
v0xb9d19a10b240_6627 .array/port v0xb9d19a10b240, 6627;
v0xb9d19a10b240_6628 .array/port v0xb9d19a10b240, 6628;
E_0xb9d199e68640/1658 .event anyedge, v0xb9d19a10b240_6625, v0xb9d19a10b240_6626, v0xb9d19a10b240_6627, v0xb9d19a10b240_6628;
v0xb9d19a10b240_6629 .array/port v0xb9d19a10b240, 6629;
v0xb9d19a10b240_6630 .array/port v0xb9d19a10b240, 6630;
v0xb9d19a10b240_6631 .array/port v0xb9d19a10b240, 6631;
v0xb9d19a10b240_6632 .array/port v0xb9d19a10b240, 6632;
E_0xb9d199e68640/1659 .event anyedge, v0xb9d19a10b240_6629, v0xb9d19a10b240_6630, v0xb9d19a10b240_6631, v0xb9d19a10b240_6632;
v0xb9d19a10b240_6633 .array/port v0xb9d19a10b240, 6633;
v0xb9d19a10b240_6634 .array/port v0xb9d19a10b240, 6634;
v0xb9d19a10b240_6635 .array/port v0xb9d19a10b240, 6635;
v0xb9d19a10b240_6636 .array/port v0xb9d19a10b240, 6636;
E_0xb9d199e68640/1660 .event anyedge, v0xb9d19a10b240_6633, v0xb9d19a10b240_6634, v0xb9d19a10b240_6635, v0xb9d19a10b240_6636;
v0xb9d19a10b240_6637 .array/port v0xb9d19a10b240, 6637;
v0xb9d19a10b240_6638 .array/port v0xb9d19a10b240, 6638;
v0xb9d19a10b240_6639 .array/port v0xb9d19a10b240, 6639;
v0xb9d19a10b240_6640 .array/port v0xb9d19a10b240, 6640;
E_0xb9d199e68640/1661 .event anyedge, v0xb9d19a10b240_6637, v0xb9d19a10b240_6638, v0xb9d19a10b240_6639, v0xb9d19a10b240_6640;
v0xb9d19a10b240_6641 .array/port v0xb9d19a10b240, 6641;
v0xb9d19a10b240_6642 .array/port v0xb9d19a10b240, 6642;
v0xb9d19a10b240_6643 .array/port v0xb9d19a10b240, 6643;
v0xb9d19a10b240_6644 .array/port v0xb9d19a10b240, 6644;
E_0xb9d199e68640/1662 .event anyedge, v0xb9d19a10b240_6641, v0xb9d19a10b240_6642, v0xb9d19a10b240_6643, v0xb9d19a10b240_6644;
v0xb9d19a10b240_6645 .array/port v0xb9d19a10b240, 6645;
v0xb9d19a10b240_6646 .array/port v0xb9d19a10b240, 6646;
v0xb9d19a10b240_6647 .array/port v0xb9d19a10b240, 6647;
v0xb9d19a10b240_6648 .array/port v0xb9d19a10b240, 6648;
E_0xb9d199e68640/1663 .event anyedge, v0xb9d19a10b240_6645, v0xb9d19a10b240_6646, v0xb9d19a10b240_6647, v0xb9d19a10b240_6648;
v0xb9d19a10b240_6649 .array/port v0xb9d19a10b240, 6649;
v0xb9d19a10b240_6650 .array/port v0xb9d19a10b240, 6650;
v0xb9d19a10b240_6651 .array/port v0xb9d19a10b240, 6651;
v0xb9d19a10b240_6652 .array/port v0xb9d19a10b240, 6652;
E_0xb9d199e68640/1664 .event anyedge, v0xb9d19a10b240_6649, v0xb9d19a10b240_6650, v0xb9d19a10b240_6651, v0xb9d19a10b240_6652;
v0xb9d19a10b240_6653 .array/port v0xb9d19a10b240, 6653;
v0xb9d19a10b240_6654 .array/port v0xb9d19a10b240, 6654;
v0xb9d19a10b240_6655 .array/port v0xb9d19a10b240, 6655;
v0xb9d19a10b240_6656 .array/port v0xb9d19a10b240, 6656;
E_0xb9d199e68640/1665 .event anyedge, v0xb9d19a10b240_6653, v0xb9d19a10b240_6654, v0xb9d19a10b240_6655, v0xb9d19a10b240_6656;
v0xb9d19a10b240_6657 .array/port v0xb9d19a10b240, 6657;
v0xb9d19a10b240_6658 .array/port v0xb9d19a10b240, 6658;
v0xb9d19a10b240_6659 .array/port v0xb9d19a10b240, 6659;
v0xb9d19a10b240_6660 .array/port v0xb9d19a10b240, 6660;
E_0xb9d199e68640/1666 .event anyedge, v0xb9d19a10b240_6657, v0xb9d19a10b240_6658, v0xb9d19a10b240_6659, v0xb9d19a10b240_6660;
v0xb9d19a10b240_6661 .array/port v0xb9d19a10b240, 6661;
v0xb9d19a10b240_6662 .array/port v0xb9d19a10b240, 6662;
v0xb9d19a10b240_6663 .array/port v0xb9d19a10b240, 6663;
v0xb9d19a10b240_6664 .array/port v0xb9d19a10b240, 6664;
E_0xb9d199e68640/1667 .event anyedge, v0xb9d19a10b240_6661, v0xb9d19a10b240_6662, v0xb9d19a10b240_6663, v0xb9d19a10b240_6664;
v0xb9d19a10b240_6665 .array/port v0xb9d19a10b240, 6665;
v0xb9d19a10b240_6666 .array/port v0xb9d19a10b240, 6666;
v0xb9d19a10b240_6667 .array/port v0xb9d19a10b240, 6667;
v0xb9d19a10b240_6668 .array/port v0xb9d19a10b240, 6668;
E_0xb9d199e68640/1668 .event anyedge, v0xb9d19a10b240_6665, v0xb9d19a10b240_6666, v0xb9d19a10b240_6667, v0xb9d19a10b240_6668;
v0xb9d19a10b240_6669 .array/port v0xb9d19a10b240, 6669;
v0xb9d19a10b240_6670 .array/port v0xb9d19a10b240, 6670;
v0xb9d19a10b240_6671 .array/port v0xb9d19a10b240, 6671;
v0xb9d19a10b240_6672 .array/port v0xb9d19a10b240, 6672;
E_0xb9d199e68640/1669 .event anyedge, v0xb9d19a10b240_6669, v0xb9d19a10b240_6670, v0xb9d19a10b240_6671, v0xb9d19a10b240_6672;
v0xb9d19a10b240_6673 .array/port v0xb9d19a10b240, 6673;
v0xb9d19a10b240_6674 .array/port v0xb9d19a10b240, 6674;
v0xb9d19a10b240_6675 .array/port v0xb9d19a10b240, 6675;
v0xb9d19a10b240_6676 .array/port v0xb9d19a10b240, 6676;
E_0xb9d199e68640/1670 .event anyedge, v0xb9d19a10b240_6673, v0xb9d19a10b240_6674, v0xb9d19a10b240_6675, v0xb9d19a10b240_6676;
v0xb9d19a10b240_6677 .array/port v0xb9d19a10b240, 6677;
v0xb9d19a10b240_6678 .array/port v0xb9d19a10b240, 6678;
v0xb9d19a10b240_6679 .array/port v0xb9d19a10b240, 6679;
v0xb9d19a10b240_6680 .array/port v0xb9d19a10b240, 6680;
E_0xb9d199e68640/1671 .event anyedge, v0xb9d19a10b240_6677, v0xb9d19a10b240_6678, v0xb9d19a10b240_6679, v0xb9d19a10b240_6680;
v0xb9d19a10b240_6681 .array/port v0xb9d19a10b240, 6681;
v0xb9d19a10b240_6682 .array/port v0xb9d19a10b240, 6682;
v0xb9d19a10b240_6683 .array/port v0xb9d19a10b240, 6683;
v0xb9d19a10b240_6684 .array/port v0xb9d19a10b240, 6684;
E_0xb9d199e68640/1672 .event anyedge, v0xb9d19a10b240_6681, v0xb9d19a10b240_6682, v0xb9d19a10b240_6683, v0xb9d19a10b240_6684;
v0xb9d19a10b240_6685 .array/port v0xb9d19a10b240, 6685;
v0xb9d19a10b240_6686 .array/port v0xb9d19a10b240, 6686;
v0xb9d19a10b240_6687 .array/port v0xb9d19a10b240, 6687;
v0xb9d19a10b240_6688 .array/port v0xb9d19a10b240, 6688;
E_0xb9d199e68640/1673 .event anyedge, v0xb9d19a10b240_6685, v0xb9d19a10b240_6686, v0xb9d19a10b240_6687, v0xb9d19a10b240_6688;
v0xb9d19a10b240_6689 .array/port v0xb9d19a10b240, 6689;
v0xb9d19a10b240_6690 .array/port v0xb9d19a10b240, 6690;
v0xb9d19a10b240_6691 .array/port v0xb9d19a10b240, 6691;
v0xb9d19a10b240_6692 .array/port v0xb9d19a10b240, 6692;
E_0xb9d199e68640/1674 .event anyedge, v0xb9d19a10b240_6689, v0xb9d19a10b240_6690, v0xb9d19a10b240_6691, v0xb9d19a10b240_6692;
v0xb9d19a10b240_6693 .array/port v0xb9d19a10b240, 6693;
v0xb9d19a10b240_6694 .array/port v0xb9d19a10b240, 6694;
v0xb9d19a10b240_6695 .array/port v0xb9d19a10b240, 6695;
v0xb9d19a10b240_6696 .array/port v0xb9d19a10b240, 6696;
E_0xb9d199e68640/1675 .event anyedge, v0xb9d19a10b240_6693, v0xb9d19a10b240_6694, v0xb9d19a10b240_6695, v0xb9d19a10b240_6696;
v0xb9d19a10b240_6697 .array/port v0xb9d19a10b240, 6697;
v0xb9d19a10b240_6698 .array/port v0xb9d19a10b240, 6698;
v0xb9d19a10b240_6699 .array/port v0xb9d19a10b240, 6699;
v0xb9d19a10b240_6700 .array/port v0xb9d19a10b240, 6700;
E_0xb9d199e68640/1676 .event anyedge, v0xb9d19a10b240_6697, v0xb9d19a10b240_6698, v0xb9d19a10b240_6699, v0xb9d19a10b240_6700;
v0xb9d19a10b240_6701 .array/port v0xb9d19a10b240, 6701;
v0xb9d19a10b240_6702 .array/port v0xb9d19a10b240, 6702;
v0xb9d19a10b240_6703 .array/port v0xb9d19a10b240, 6703;
v0xb9d19a10b240_6704 .array/port v0xb9d19a10b240, 6704;
E_0xb9d199e68640/1677 .event anyedge, v0xb9d19a10b240_6701, v0xb9d19a10b240_6702, v0xb9d19a10b240_6703, v0xb9d19a10b240_6704;
v0xb9d19a10b240_6705 .array/port v0xb9d19a10b240, 6705;
v0xb9d19a10b240_6706 .array/port v0xb9d19a10b240, 6706;
v0xb9d19a10b240_6707 .array/port v0xb9d19a10b240, 6707;
v0xb9d19a10b240_6708 .array/port v0xb9d19a10b240, 6708;
E_0xb9d199e68640/1678 .event anyedge, v0xb9d19a10b240_6705, v0xb9d19a10b240_6706, v0xb9d19a10b240_6707, v0xb9d19a10b240_6708;
v0xb9d19a10b240_6709 .array/port v0xb9d19a10b240, 6709;
v0xb9d19a10b240_6710 .array/port v0xb9d19a10b240, 6710;
v0xb9d19a10b240_6711 .array/port v0xb9d19a10b240, 6711;
v0xb9d19a10b240_6712 .array/port v0xb9d19a10b240, 6712;
E_0xb9d199e68640/1679 .event anyedge, v0xb9d19a10b240_6709, v0xb9d19a10b240_6710, v0xb9d19a10b240_6711, v0xb9d19a10b240_6712;
v0xb9d19a10b240_6713 .array/port v0xb9d19a10b240, 6713;
v0xb9d19a10b240_6714 .array/port v0xb9d19a10b240, 6714;
v0xb9d19a10b240_6715 .array/port v0xb9d19a10b240, 6715;
v0xb9d19a10b240_6716 .array/port v0xb9d19a10b240, 6716;
E_0xb9d199e68640/1680 .event anyedge, v0xb9d19a10b240_6713, v0xb9d19a10b240_6714, v0xb9d19a10b240_6715, v0xb9d19a10b240_6716;
v0xb9d19a10b240_6717 .array/port v0xb9d19a10b240, 6717;
v0xb9d19a10b240_6718 .array/port v0xb9d19a10b240, 6718;
v0xb9d19a10b240_6719 .array/port v0xb9d19a10b240, 6719;
v0xb9d19a10b240_6720 .array/port v0xb9d19a10b240, 6720;
E_0xb9d199e68640/1681 .event anyedge, v0xb9d19a10b240_6717, v0xb9d19a10b240_6718, v0xb9d19a10b240_6719, v0xb9d19a10b240_6720;
v0xb9d19a10b240_6721 .array/port v0xb9d19a10b240, 6721;
v0xb9d19a10b240_6722 .array/port v0xb9d19a10b240, 6722;
v0xb9d19a10b240_6723 .array/port v0xb9d19a10b240, 6723;
v0xb9d19a10b240_6724 .array/port v0xb9d19a10b240, 6724;
E_0xb9d199e68640/1682 .event anyedge, v0xb9d19a10b240_6721, v0xb9d19a10b240_6722, v0xb9d19a10b240_6723, v0xb9d19a10b240_6724;
v0xb9d19a10b240_6725 .array/port v0xb9d19a10b240, 6725;
v0xb9d19a10b240_6726 .array/port v0xb9d19a10b240, 6726;
v0xb9d19a10b240_6727 .array/port v0xb9d19a10b240, 6727;
v0xb9d19a10b240_6728 .array/port v0xb9d19a10b240, 6728;
E_0xb9d199e68640/1683 .event anyedge, v0xb9d19a10b240_6725, v0xb9d19a10b240_6726, v0xb9d19a10b240_6727, v0xb9d19a10b240_6728;
v0xb9d19a10b240_6729 .array/port v0xb9d19a10b240, 6729;
v0xb9d19a10b240_6730 .array/port v0xb9d19a10b240, 6730;
v0xb9d19a10b240_6731 .array/port v0xb9d19a10b240, 6731;
v0xb9d19a10b240_6732 .array/port v0xb9d19a10b240, 6732;
E_0xb9d199e68640/1684 .event anyedge, v0xb9d19a10b240_6729, v0xb9d19a10b240_6730, v0xb9d19a10b240_6731, v0xb9d19a10b240_6732;
v0xb9d19a10b240_6733 .array/port v0xb9d19a10b240, 6733;
v0xb9d19a10b240_6734 .array/port v0xb9d19a10b240, 6734;
v0xb9d19a10b240_6735 .array/port v0xb9d19a10b240, 6735;
v0xb9d19a10b240_6736 .array/port v0xb9d19a10b240, 6736;
E_0xb9d199e68640/1685 .event anyedge, v0xb9d19a10b240_6733, v0xb9d19a10b240_6734, v0xb9d19a10b240_6735, v0xb9d19a10b240_6736;
v0xb9d19a10b240_6737 .array/port v0xb9d19a10b240, 6737;
v0xb9d19a10b240_6738 .array/port v0xb9d19a10b240, 6738;
v0xb9d19a10b240_6739 .array/port v0xb9d19a10b240, 6739;
v0xb9d19a10b240_6740 .array/port v0xb9d19a10b240, 6740;
E_0xb9d199e68640/1686 .event anyedge, v0xb9d19a10b240_6737, v0xb9d19a10b240_6738, v0xb9d19a10b240_6739, v0xb9d19a10b240_6740;
v0xb9d19a10b240_6741 .array/port v0xb9d19a10b240, 6741;
v0xb9d19a10b240_6742 .array/port v0xb9d19a10b240, 6742;
v0xb9d19a10b240_6743 .array/port v0xb9d19a10b240, 6743;
v0xb9d19a10b240_6744 .array/port v0xb9d19a10b240, 6744;
E_0xb9d199e68640/1687 .event anyedge, v0xb9d19a10b240_6741, v0xb9d19a10b240_6742, v0xb9d19a10b240_6743, v0xb9d19a10b240_6744;
v0xb9d19a10b240_6745 .array/port v0xb9d19a10b240, 6745;
v0xb9d19a10b240_6746 .array/port v0xb9d19a10b240, 6746;
v0xb9d19a10b240_6747 .array/port v0xb9d19a10b240, 6747;
v0xb9d19a10b240_6748 .array/port v0xb9d19a10b240, 6748;
E_0xb9d199e68640/1688 .event anyedge, v0xb9d19a10b240_6745, v0xb9d19a10b240_6746, v0xb9d19a10b240_6747, v0xb9d19a10b240_6748;
v0xb9d19a10b240_6749 .array/port v0xb9d19a10b240, 6749;
v0xb9d19a10b240_6750 .array/port v0xb9d19a10b240, 6750;
v0xb9d19a10b240_6751 .array/port v0xb9d19a10b240, 6751;
v0xb9d19a10b240_6752 .array/port v0xb9d19a10b240, 6752;
E_0xb9d199e68640/1689 .event anyedge, v0xb9d19a10b240_6749, v0xb9d19a10b240_6750, v0xb9d19a10b240_6751, v0xb9d19a10b240_6752;
v0xb9d19a10b240_6753 .array/port v0xb9d19a10b240, 6753;
v0xb9d19a10b240_6754 .array/port v0xb9d19a10b240, 6754;
v0xb9d19a10b240_6755 .array/port v0xb9d19a10b240, 6755;
v0xb9d19a10b240_6756 .array/port v0xb9d19a10b240, 6756;
E_0xb9d199e68640/1690 .event anyedge, v0xb9d19a10b240_6753, v0xb9d19a10b240_6754, v0xb9d19a10b240_6755, v0xb9d19a10b240_6756;
v0xb9d19a10b240_6757 .array/port v0xb9d19a10b240, 6757;
v0xb9d19a10b240_6758 .array/port v0xb9d19a10b240, 6758;
v0xb9d19a10b240_6759 .array/port v0xb9d19a10b240, 6759;
v0xb9d19a10b240_6760 .array/port v0xb9d19a10b240, 6760;
E_0xb9d199e68640/1691 .event anyedge, v0xb9d19a10b240_6757, v0xb9d19a10b240_6758, v0xb9d19a10b240_6759, v0xb9d19a10b240_6760;
v0xb9d19a10b240_6761 .array/port v0xb9d19a10b240, 6761;
v0xb9d19a10b240_6762 .array/port v0xb9d19a10b240, 6762;
v0xb9d19a10b240_6763 .array/port v0xb9d19a10b240, 6763;
v0xb9d19a10b240_6764 .array/port v0xb9d19a10b240, 6764;
E_0xb9d199e68640/1692 .event anyedge, v0xb9d19a10b240_6761, v0xb9d19a10b240_6762, v0xb9d19a10b240_6763, v0xb9d19a10b240_6764;
v0xb9d19a10b240_6765 .array/port v0xb9d19a10b240, 6765;
v0xb9d19a10b240_6766 .array/port v0xb9d19a10b240, 6766;
v0xb9d19a10b240_6767 .array/port v0xb9d19a10b240, 6767;
v0xb9d19a10b240_6768 .array/port v0xb9d19a10b240, 6768;
E_0xb9d199e68640/1693 .event anyedge, v0xb9d19a10b240_6765, v0xb9d19a10b240_6766, v0xb9d19a10b240_6767, v0xb9d19a10b240_6768;
v0xb9d19a10b240_6769 .array/port v0xb9d19a10b240, 6769;
v0xb9d19a10b240_6770 .array/port v0xb9d19a10b240, 6770;
v0xb9d19a10b240_6771 .array/port v0xb9d19a10b240, 6771;
v0xb9d19a10b240_6772 .array/port v0xb9d19a10b240, 6772;
E_0xb9d199e68640/1694 .event anyedge, v0xb9d19a10b240_6769, v0xb9d19a10b240_6770, v0xb9d19a10b240_6771, v0xb9d19a10b240_6772;
v0xb9d19a10b240_6773 .array/port v0xb9d19a10b240, 6773;
v0xb9d19a10b240_6774 .array/port v0xb9d19a10b240, 6774;
v0xb9d19a10b240_6775 .array/port v0xb9d19a10b240, 6775;
v0xb9d19a10b240_6776 .array/port v0xb9d19a10b240, 6776;
E_0xb9d199e68640/1695 .event anyedge, v0xb9d19a10b240_6773, v0xb9d19a10b240_6774, v0xb9d19a10b240_6775, v0xb9d19a10b240_6776;
v0xb9d19a10b240_6777 .array/port v0xb9d19a10b240, 6777;
v0xb9d19a10b240_6778 .array/port v0xb9d19a10b240, 6778;
v0xb9d19a10b240_6779 .array/port v0xb9d19a10b240, 6779;
v0xb9d19a10b240_6780 .array/port v0xb9d19a10b240, 6780;
E_0xb9d199e68640/1696 .event anyedge, v0xb9d19a10b240_6777, v0xb9d19a10b240_6778, v0xb9d19a10b240_6779, v0xb9d19a10b240_6780;
v0xb9d19a10b240_6781 .array/port v0xb9d19a10b240, 6781;
v0xb9d19a10b240_6782 .array/port v0xb9d19a10b240, 6782;
v0xb9d19a10b240_6783 .array/port v0xb9d19a10b240, 6783;
v0xb9d19a10b240_6784 .array/port v0xb9d19a10b240, 6784;
E_0xb9d199e68640/1697 .event anyedge, v0xb9d19a10b240_6781, v0xb9d19a10b240_6782, v0xb9d19a10b240_6783, v0xb9d19a10b240_6784;
v0xb9d19a10b240_6785 .array/port v0xb9d19a10b240, 6785;
v0xb9d19a10b240_6786 .array/port v0xb9d19a10b240, 6786;
v0xb9d19a10b240_6787 .array/port v0xb9d19a10b240, 6787;
v0xb9d19a10b240_6788 .array/port v0xb9d19a10b240, 6788;
E_0xb9d199e68640/1698 .event anyedge, v0xb9d19a10b240_6785, v0xb9d19a10b240_6786, v0xb9d19a10b240_6787, v0xb9d19a10b240_6788;
v0xb9d19a10b240_6789 .array/port v0xb9d19a10b240, 6789;
v0xb9d19a10b240_6790 .array/port v0xb9d19a10b240, 6790;
v0xb9d19a10b240_6791 .array/port v0xb9d19a10b240, 6791;
v0xb9d19a10b240_6792 .array/port v0xb9d19a10b240, 6792;
E_0xb9d199e68640/1699 .event anyedge, v0xb9d19a10b240_6789, v0xb9d19a10b240_6790, v0xb9d19a10b240_6791, v0xb9d19a10b240_6792;
v0xb9d19a10b240_6793 .array/port v0xb9d19a10b240, 6793;
v0xb9d19a10b240_6794 .array/port v0xb9d19a10b240, 6794;
v0xb9d19a10b240_6795 .array/port v0xb9d19a10b240, 6795;
v0xb9d19a10b240_6796 .array/port v0xb9d19a10b240, 6796;
E_0xb9d199e68640/1700 .event anyedge, v0xb9d19a10b240_6793, v0xb9d19a10b240_6794, v0xb9d19a10b240_6795, v0xb9d19a10b240_6796;
v0xb9d19a10b240_6797 .array/port v0xb9d19a10b240, 6797;
v0xb9d19a10b240_6798 .array/port v0xb9d19a10b240, 6798;
v0xb9d19a10b240_6799 .array/port v0xb9d19a10b240, 6799;
v0xb9d19a10b240_6800 .array/port v0xb9d19a10b240, 6800;
E_0xb9d199e68640/1701 .event anyedge, v0xb9d19a10b240_6797, v0xb9d19a10b240_6798, v0xb9d19a10b240_6799, v0xb9d19a10b240_6800;
v0xb9d19a10b240_6801 .array/port v0xb9d19a10b240, 6801;
v0xb9d19a10b240_6802 .array/port v0xb9d19a10b240, 6802;
v0xb9d19a10b240_6803 .array/port v0xb9d19a10b240, 6803;
v0xb9d19a10b240_6804 .array/port v0xb9d19a10b240, 6804;
E_0xb9d199e68640/1702 .event anyedge, v0xb9d19a10b240_6801, v0xb9d19a10b240_6802, v0xb9d19a10b240_6803, v0xb9d19a10b240_6804;
v0xb9d19a10b240_6805 .array/port v0xb9d19a10b240, 6805;
v0xb9d19a10b240_6806 .array/port v0xb9d19a10b240, 6806;
v0xb9d19a10b240_6807 .array/port v0xb9d19a10b240, 6807;
v0xb9d19a10b240_6808 .array/port v0xb9d19a10b240, 6808;
E_0xb9d199e68640/1703 .event anyedge, v0xb9d19a10b240_6805, v0xb9d19a10b240_6806, v0xb9d19a10b240_6807, v0xb9d19a10b240_6808;
v0xb9d19a10b240_6809 .array/port v0xb9d19a10b240, 6809;
v0xb9d19a10b240_6810 .array/port v0xb9d19a10b240, 6810;
v0xb9d19a10b240_6811 .array/port v0xb9d19a10b240, 6811;
v0xb9d19a10b240_6812 .array/port v0xb9d19a10b240, 6812;
E_0xb9d199e68640/1704 .event anyedge, v0xb9d19a10b240_6809, v0xb9d19a10b240_6810, v0xb9d19a10b240_6811, v0xb9d19a10b240_6812;
v0xb9d19a10b240_6813 .array/port v0xb9d19a10b240, 6813;
v0xb9d19a10b240_6814 .array/port v0xb9d19a10b240, 6814;
v0xb9d19a10b240_6815 .array/port v0xb9d19a10b240, 6815;
v0xb9d19a10b240_6816 .array/port v0xb9d19a10b240, 6816;
E_0xb9d199e68640/1705 .event anyedge, v0xb9d19a10b240_6813, v0xb9d19a10b240_6814, v0xb9d19a10b240_6815, v0xb9d19a10b240_6816;
v0xb9d19a10b240_6817 .array/port v0xb9d19a10b240, 6817;
v0xb9d19a10b240_6818 .array/port v0xb9d19a10b240, 6818;
v0xb9d19a10b240_6819 .array/port v0xb9d19a10b240, 6819;
v0xb9d19a10b240_6820 .array/port v0xb9d19a10b240, 6820;
E_0xb9d199e68640/1706 .event anyedge, v0xb9d19a10b240_6817, v0xb9d19a10b240_6818, v0xb9d19a10b240_6819, v0xb9d19a10b240_6820;
v0xb9d19a10b240_6821 .array/port v0xb9d19a10b240, 6821;
v0xb9d19a10b240_6822 .array/port v0xb9d19a10b240, 6822;
v0xb9d19a10b240_6823 .array/port v0xb9d19a10b240, 6823;
v0xb9d19a10b240_6824 .array/port v0xb9d19a10b240, 6824;
E_0xb9d199e68640/1707 .event anyedge, v0xb9d19a10b240_6821, v0xb9d19a10b240_6822, v0xb9d19a10b240_6823, v0xb9d19a10b240_6824;
v0xb9d19a10b240_6825 .array/port v0xb9d19a10b240, 6825;
v0xb9d19a10b240_6826 .array/port v0xb9d19a10b240, 6826;
v0xb9d19a10b240_6827 .array/port v0xb9d19a10b240, 6827;
v0xb9d19a10b240_6828 .array/port v0xb9d19a10b240, 6828;
E_0xb9d199e68640/1708 .event anyedge, v0xb9d19a10b240_6825, v0xb9d19a10b240_6826, v0xb9d19a10b240_6827, v0xb9d19a10b240_6828;
v0xb9d19a10b240_6829 .array/port v0xb9d19a10b240, 6829;
v0xb9d19a10b240_6830 .array/port v0xb9d19a10b240, 6830;
v0xb9d19a10b240_6831 .array/port v0xb9d19a10b240, 6831;
v0xb9d19a10b240_6832 .array/port v0xb9d19a10b240, 6832;
E_0xb9d199e68640/1709 .event anyedge, v0xb9d19a10b240_6829, v0xb9d19a10b240_6830, v0xb9d19a10b240_6831, v0xb9d19a10b240_6832;
v0xb9d19a10b240_6833 .array/port v0xb9d19a10b240, 6833;
v0xb9d19a10b240_6834 .array/port v0xb9d19a10b240, 6834;
v0xb9d19a10b240_6835 .array/port v0xb9d19a10b240, 6835;
v0xb9d19a10b240_6836 .array/port v0xb9d19a10b240, 6836;
E_0xb9d199e68640/1710 .event anyedge, v0xb9d19a10b240_6833, v0xb9d19a10b240_6834, v0xb9d19a10b240_6835, v0xb9d19a10b240_6836;
v0xb9d19a10b240_6837 .array/port v0xb9d19a10b240, 6837;
v0xb9d19a10b240_6838 .array/port v0xb9d19a10b240, 6838;
v0xb9d19a10b240_6839 .array/port v0xb9d19a10b240, 6839;
v0xb9d19a10b240_6840 .array/port v0xb9d19a10b240, 6840;
E_0xb9d199e68640/1711 .event anyedge, v0xb9d19a10b240_6837, v0xb9d19a10b240_6838, v0xb9d19a10b240_6839, v0xb9d19a10b240_6840;
v0xb9d19a10b240_6841 .array/port v0xb9d19a10b240, 6841;
v0xb9d19a10b240_6842 .array/port v0xb9d19a10b240, 6842;
v0xb9d19a10b240_6843 .array/port v0xb9d19a10b240, 6843;
v0xb9d19a10b240_6844 .array/port v0xb9d19a10b240, 6844;
E_0xb9d199e68640/1712 .event anyedge, v0xb9d19a10b240_6841, v0xb9d19a10b240_6842, v0xb9d19a10b240_6843, v0xb9d19a10b240_6844;
v0xb9d19a10b240_6845 .array/port v0xb9d19a10b240, 6845;
v0xb9d19a10b240_6846 .array/port v0xb9d19a10b240, 6846;
v0xb9d19a10b240_6847 .array/port v0xb9d19a10b240, 6847;
v0xb9d19a10b240_6848 .array/port v0xb9d19a10b240, 6848;
E_0xb9d199e68640/1713 .event anyedge, v0xb9d19a10b240_6845, v0xb9d19a10b240_6846, v0xb9d19a10b240_6847, v0xb9d19a10b240_6848;
v0xb9d19a10b240_6849 .array/port v0xb9d19a10b240, 6849;
v0xb9d19a10b240_6850 .array/port v0xb9d19a10b240, 6850;
v0xb9d19a10b240_6851 .array/port v0xb9d19a10b240, 6851;
v0xb9d19a10b240_6852 .array/port v0xb9d19a10b240, 6852;
E_0xb9d199e68640/1714 .event anyedge, v0xb9d19a10b240_6849, v0xb9d19a10b240_6850, v0xb9d19a10b240_6851, v0xb9d19a10b240_6852;
v0xb9d19a10b240_6853 .array/port v0xb9d19a10b240, 6853;
v0xb9d19a10b240_6854 .array/port v0xb9d19a10b240, 6854;
v0xb9d19a10b240_6855 .array/port v0xb9d19a10b240, 6855;
v0xb9d19a10b240_6856 .array/port v0xb9d19a10b240, 6856;
E_0xb9d199e68640/1715 .event anyedge, v0xb9d19a10b240_6853, v0xb9d19a10b240_6854, v0xb9d19a10b240_6855, v0xb9d19a10b240_6856;
v0xb9d19a10b240_6857 .array/port v0xb9d19a10b240, 6857;
v0xb9d19a10b240_6858 .array/port v0xb9d19a10b240, 6858;
v0xb9d19a10b240_6859 .array/port v0xb9d19a10b240, 6859;
v0xb9d19a10b240_6860 .array/port v0xb9d19a10b240, 6860;
E_0xb9d199e68640/1716 .event anyedge, v0xb9d19a10b240_6857, v0xb9d19a10b240_6858, v0xb9d19a10b240_6859, v0xb9d19a10b240_6860;
v0xb9d19a10b240_6861 .array/port v0xb9d19a10b240, 6861;
v0xb9d19a10b240_6862 .array/port v0xb9d19a10b240, 6862;
v0xb9d19a10b240_6863 .array/port v0xb9d19a10b240, 6863;
v0xb9d19a10b240_6864 .array/port v0xb9d19a10b240, 6864;
E_0xb9d199e68640/1717 .event anyedge, v0xb9d19a10b240_6861, v0xb9d19a10b240_6862, v0xb9d19a10b240_6863, v0xb9d19a10b240_6864;
v0xb9d19a10b240_6865 .array/port v0xb9d19a10b240, 6865;
v0xb9d19a10b240_6866 .array/port v0xb9d19a10b240, 6866;
v0xb9d19a10b240_6867 .array/port v0xb9d19a10b240, 6867;
v0xb9d19a10b240_6868 .array/port v0xb9d19a10b240, 6868;
E_0xb9d199e68640/1718 .event anyedge, v0xb9d19a10b240_6865, v0xb9d19a10b240_6866, v0xb9d19a10b240_6867, v0xb9d19a10b240_6868;
v0xb9d19a10b240_6869 .array/port v0xb9d19a10b240, 6869;
v0xb9d19a10b240_6870 .array/port v0xb9d19a10b240, 6870;
v0xb9d19a10b240_6871 .array/port v0xb9d19a10b240, 6871;
v0xb9d19a10b240_6872 .array/port v0xb9d19a10b240, 6872;
E_0xb9d199e68640/1719 .event anyedge, v0xb9d19a10b240_6869, v0xb9d19a10b240_6870, v0xb9d19a10b240_6871, v0xb9d19a10b240_6872;
v0xb9d19a10b240_6873 .array/port v0xb9d19a10b240, 6873;
v0xb9d19a10b240_6874 .array/port v0xb9d19a10b240, 6874;
v0xb9d19a10b240_6875 .array/port v0xb9d19a10b240, 6875;
v0xb9d19a10b240_6876 .array/port v0xb9d19a10b240, 6876;
E_0xb9d199e68640/1720 .event anyedge, v0xb9d19a10b240_6873, v0xb9d19a10b240_6874, v0xb9d19a10b240_6875, v0xb9d19a10b240_6876;
v0xb9d19a10b240_6877 .array/port v0xb9d19a10b240, 6877;
v0xb9d19a10b240_6878 .array/port v0xb9d19a10b240, 6878;
v0xb9d19a10b240_6879 .array/port v0xb9d19a10b240, 6879;
v0xb9d19a10b240_6880 .array/port v0xb9d19a10b240, 6880;
E_0xb9d199e68640/1721 .event anyedge, v0xb9d19a10b240_6877, v0xb9d19a10b240_6878, v0xb9d19a10b240_6879, v0xb9d19a10b240_6880;
v0xb9d19a10b240_6881 .array/port v0xb9d19a10b240, 6881;
v0xb9d19a10b240_6882 .array/port v0xb9d19a10b240, 6882;
v0xb9d19a10b240_6883 .array/port v0xb9d19a10b240, 6883;
v0xb9d19a10b240_6884 .array/port v0xb9d19a10b240, 6884;
E_0xb9d199e68640/1722 .event anyedge, v0xb9d19a10b240_6881, v0xb9d19a10b240_6882, v0xb9d19a10b240_6883, v0xb9d19a10b240_6884;
v0xb9d19a10b240_6885 .array/port v0xb9d19a10b240, 6885;
v0xb9d19a10b240_6886 .array/port v0xb9d19a10b240, 6886;
v0xb9d19a10b240_6887 .array/port v0xb9d19a10b240, 6887;
v0xb9d19a10b240_6888 .array/port v0xb9d19a10b240, 6888;
E_0xb9d199e68640/1723 .event anyedge, v0xb9d19a10b240_6885, v0xb9d19a10b240_6886, v0xb9d19a10b240_6887, v0xb9d19a10b240_6888;
v0xb9d19a10b240_6889 .array/port v0xb9d19a10b240, 6889;
v0xb9d19a10b240_6890 .array/port v0xb9d19a10b240, 6890;
v0xb9d19a10b240_6891 .array/port v0xb9d19a10b240, 6891;
v0xb9d19a10b240_6892 .array/port v0xb9d19a10b240, 6892;
E_0xb9d199e68640/1724 .event anyedge, v0xb9d19a10b240_6889, v0xb9d19a10b240_6890, v0xb9d19a10b240_6891, v0xb9d19a10b240_6892;
v0xb9d19a10b240_6893 .array/port v0xb9d19a10b240, 6893;
v0xb9d19a10b240_6894 .array/port v0xb9d19a10b240, 6894;
v0xb9d19a10b240_6895 .array/port v0xb9d19a10b240, 6895;
v0xb9d19a10b240_6896 .array/port v0xb9d19a10b240, 6896;
E_0xb9d199e68640/1725 .event anyedge, v0xb9d19a10b240_6893, v0xb9d19a10b240_6894, v0xb9d19a10b240_6895, v0xb9d19a10b240_6896;
v0xb9d19a10b240_6897 .array/port v0xb9d19a10b240, 6897;
v0xb9d19a10b240_6898 .array/port v0xb9d19a10b240, 6898;
v0xb9d19a10b240_6899 .array/port v0xb9d19a10b240, 6899;
v0xb9d19a10b240_6900 .array/port v0xb9d19a10b240, 6900;
E_0xb9d199e68640/1726 .event anyedge, v0xb9d19a10b240_6897, v0xb9d19a10b240_6898, v0xb9d19a10b240_6899, v0xb9d19a10b240_6900;
v0xb9d19a10b240_6901 .array/port v0xb9d19a10b240, 6901;
v0xb9d19a10b240_6902 .array/port v0xb9d19a10b240, 6902;
v0xb9d19a10b240_6903 .array/port v0xb9d19a10b240, 6903;
v0xb9d19a10b240_6904 .array/port v0xb9d19a10b240, 6904;
E_0xb9d199e68640/1727 .event anyedge, v0xb9d19a10b240_6901, v0xb9d19a10b240_6902, v0xb9d19a10b240_6903, v0xb9d19a10b240_6904;
v0xb9d19a10b240_6905 .array/port v0xb9d19a10b240, 6905;
v0xb9d19a10b240_6906 .array/port v0xb9d19a10b240, 6906;
v0xb9d19a10b240_6907 .array/port v0xb9d19a10b240, 6907;
v0xb9d19a10b240_6908 .array/port v0xb9d19a10b240, 6908;
E_0xb9d199e68640/1728 .event anyedge, v0xb9d19a10b240_6905, v0xb9d19a10b240_6906, v0xb9d19a10b240_6907, v0xb9d19a10b240_6908;
v0xb9d19a10b240_6909 .array/port v0xb9d19a10b240, 6909;
v0xb9d19a10b240_6910 .array/port v0xb9d19a10b240, 6910;
v0xb9d19a10b240_6911 .array/port v0xb9d19a10b240, 6911;
v0xb9d19a10b240_6912 .array/port v0xb9d19a10b240, 6912;
E_0xb9d199e68640/1729 .event anyedge, v0xb9d19a10b240_6909, v0xb9d19a10b240_6910, v0xb9d19a10b240_6911, v0xb9d19a10b240_6912;
v0xb9d19a10b240_6913 .array/port v0xb9d19a10b240, 6913;
v0xb9d19a10b240_6914 .array/port v0xb9d19a10b240, 6914;
v0xb9d19a10b240_6915 .array/port v0xb9d19a10b240, 6915;
v0xb9d19a10b240_6916 .array/port v0xb9d19a10b240, 6916;
E_0xb9d199e68640/1730 .event anyedge, v0xb9d19a10b240_6913, v0xb9d19a10b240_6914, v0xb9d19a10b240_6915, v0xb9d19a10b240_6916;
v0xb9d19a10b240_6917 .array/port v0xb9d19a10b240, 6917;
v0xb9d19a10b240_6918 .array/port v0xb9d19a10b240, 6918;
v0xb9d19a10b240_6919 .array/port v0xb9d19a10b240, 6919;
v0xb9d19a10b240_6920 .array/port v0xb9d19a10b240, 6920;
E_0xb9d199e68640/1731 .event anyedge, v0xb9d19a10b240_6917, v0xb9d19a10b240_6918, v0xb9d19a10b240_6919, v0xb9d19a10b240_6920;
v0xb9d19a10b240_6921 .array/port v0xb9d19a10b240, 6921;
v0xb9d19a10b240_6922 .array/port v0xb9d19a10b240, 6922;
v0xb9d19a10b240_6923 .array/port v0xb9d19a10b240, 6923;
v0xb9d19a10b240_6924 .array/port v0xb9d19a10b240, 6924;
E_0xb9d199e68640/1732 .event anyedge, v0xb9d19a10b240_6921, v0xb9d19a10b240_6922, v0xb9d19a10b240_6923, v0xb9d19a10b240_6924;
v0xb9d19a10b240_6925 .array/port v0xb9d19a10b240, 6925;
v0xb9d19a10b240_6926 .array/port v0xb9d19a10b240, 6926;
v0xb9d19a10b240_6927 .array/port v0xb9d19a10b240, 6927;
v0xb9d19a10b240_6928 .array/port v0xb9d19a10b240, 6928;
E_0xb9d199e68640/1733 .event anyedge, v0xb9d19a10b240_6925, v0xb9d19a10b240_6926, v0xb9d19a10b240_6927, v0xb9d19a10b240_6928;
v0xb9d19a10b240_6929 .array/port v0xb9d19a10b240, 6929;
v0xb9d19a10b240_6930 .array/port v0xb9d19a10b240, 6930;
v0xb9d19a10b240_6931 .array/port v0xb9d19a10b240, 6931;
v0xb9d19a10b240_6932 .array/port v0xb9d19a10b240, 6932;
E_0xb9d199e68640/1734 .event anyedge, v0xb9d19a10b240_6929, v0xb9d19a10b240_6930, v0xb9d19a10b240_6931, v0xb9d19a10b240_6932;
v0xb9d19a10b240_6933 .array/port v0xb9d19a10b240, 6933;
v0xb9d19a10b240_6934 .array/port v0xb9d19a10b240, 6934;
v0xb9d19a10b240_6935 .array/port v0xb9d19a10b240, 6935;
v0xb9d19a10b240_6936 .array/port v0xb9d19a10b240, 6936;
E_0xb9d199e68640/1735 .event anyedge, v0xb9d19a10b240_6933, v0xb9d19a10b240_6934, v0xb9d19a10b240_6935, v0xb9d19a10b240_6936;
v0xb9d19a10b240_6937 .array/port v0xb9d19a10b240, 6937;
v0xb9d19a10b240_6938 .array/port v0xb9d19a10b240, 6938;
v0xb9d19a10b240_6939 .array/port v0xb9d19a10b240, 6939;
v0xb9d19a10b240_6940 .array/port v0xb9d19a10b240, 6940;
E_0xb9d199e68640/1736 .event anyedge, v0xb9d19a10b240_6937, v0xb9d19a10b240_6938, v0xb9d19a10b240_6939, v0xb9d19a10b240_6940;
v0xb9d19a10b240_6941 .array/port v0xb9d19a10b240, 6941;
v0xb9d19a10b240_6942 .array/port v0xb9d19a10b240, 6942;
v0xb9d19a10b240_6943 .array/port v0xb9d19a10b240, 6943;
v0xb9d19a10b240_6944 .array/port v0xb9d19a10b240, 6944;
E_0xb9d199e68640/1737 .event anyedge, v0xb9d19a10b240_6941, v0xb9d19a10b240_6942, v0xb9d19a10b240_6943, v0xb9d19a10b240_6944;
v0xb9d19a10b240_6945 .array/port v0xb9d19a10b240, 6945;
v0xb9d19a10b240_6946 .array/port v0xb9d19a10b240, 6946;
v0xb9d19a10b240_6947 .array/port v0xb9d19a10b240, 6947;
v0xb9d19a10b240_6948 .array/port v0xb9d19a10b240, 6948;
E_0xb9d199e68640/1738 .event anyedge, v0xb9d19a10b240_6945, v0xb9d19a10b240_6946, v0xb9d19a10b240_6947, v0xb9d19a10b240_6948;
v0xb9d19a10b240_6949 .array/port v0xb9d19a10b240, 6949;
v0xb9d19a10b240_6950 .array/port v0xb9d19a10b240, 6950;
v0xb9d19a10b240_6951 .array/port v0xb9d19a10b240, 6951;
v0xb9d19a10b240_6952 .array/port v0xb9d19a10b240, 6952;
E_0xb9d199e68640/1739 .event anyedge, v0xb9d19a10b240_6949, v0xb9d19a10b240_6950, v0xb9d19a10b240_6951, v0xb9d19a10b240_6952;
v0xb9d19a10b240_6953 .array/port v0xb9d19a10b240, 6953;
v0xb9d19a10b240_6954 .array/port v0xb9d19a10b240, 6954;
v0xb9d19a10b240_6955 .array/port v0xb9d19a10b240, 6955;
v0xb9d19a10b240_6956 .array/port v0xb9d19a10b240, 6956;
E_0xb9d199e68640/1740 .event anyedge, v0xb9d19a10b240_6953, v0xb9d19a10b240_6954, v0xb9d19a10b240_6955, v0xb9d19a10b240_6956;
v0xb9d19a10b240_6957 .array/port v0xb9d19a10b240, 6957;
v0xb9d19a10b240_6958 .array/port v0xb9d19a10b240, 6958;
v0xb9d19a10b240_6959 .array/port v0xb9d19a10b240, 6959;
v0xb9d19a10b240_6960 .array/port v0xb9d19a10b240, 6960;
E_0xb9d199e68640/1741 .event anyedge, v0xb9d19a10b240_6957, v0xb9d19a10b240_6958, v0xb9d19a10b240_6959, v0xb9d19a10b240_6960;
v0xb9d19a10b240_6961 .array/port v0xb9d19a10b240, 6961;
v0xb9d19a10b240_6962 .array/port v0xb9d19a10b240, 6962;
v0xb9d19a10b240_6963 .array/port v0xb9d19a10b240, 6963;
v0xb9d19a10b240_6964 .array/port v0xb9d19a10b240, 6964;
E_0xb9d199e68640/1742 .event anyedge, v0xb9d19a10b240_6961, v0xb9d19a10b240_6962, v0xb9d19a10b240_6963, v0xb9d19a10b240_6964;
v0xb9d19a10b240_6965 .array/port v0xb9d19a10b240, 6965;
v0xb9d19a10b240_6966 .array/port v0xb9d19a10b240, 6966;
v0xb9d19a10b240_6967 .array/port v0xb9d19a10b240, 6967;
v0xb9d19a10b240_6968 .array/port v0xb9d19a10b240, 6968;
E_0xb9d199e68640/1743 .event anyedge, v0xb9d19a10b240_6965, v0xb9d19a10b240_6966, v0xb9d19a10b240_6967, v0xb9d19a10b240_6968;
v0xb9d19a10b240_6969 .array/port v0xb9d19a10b240, 6969;
v0xb9d19a10b240_6970 .array/port v0xb9d19a10b240, 6970;
v0xb9d19a10b240_6971 .array/port v0xb9d19a10b240, 6971;
v0xb9d19a10b240_6972 .array/port v0xb9d19a10b240, 6972;
E_0xb9d199e68640/1744 .event anyedge, v0xb9d19a10b240_6969, v0xb9d19a10b240_6970, v0xb9d19a10b240_6971, v0xb9d19a10b240_6972;
v0xb9d19a10b240_6973 .array/port v0xb9d19a10b240, 6973;
v0xb9d19a10b240_6974 .array/port v0xb9d19a10b240, 6974;
v0xb9d19a10b240_6975 .array/port v0xb9d19a10b240, 6975;
v0xb9d19a10b240_6976 .array/port v0xb9d19a10b240, 6976;
E_0xb9d199e68640/1745 .event anyedge, v0xb9d19a10b240_6973, v0xb9d19a10b240_6974, v0xb9d19a10b240_6975, v0xb9d19a10b240_6976;
v0xb9d19a10b240_6977 .array/port v0xb9d19a10b240, 6977;
v0xb9d19a10b240_6978 .array/port v0xb9d19a10b240, 6978;
v0xb9d19a10b240_6979 .array/port v0xb9d19a10b240, 6979;
v0xb9d19a10b240_6980 .array/port v0xb9d19a10b240, 6980;
E_0xb9d199e68640/1746 .event anyedge, v0xb9d19a10b240_6977, v0xb9d19a10b240_6978, v0xb9d19a10b240_6979, v0xb9d19a10b240_6980;
v0xb9d19a10b240_6981 .array/port v0xb9d19a10b240, 6981;
v0xb9d19a10b240_6982 .array/port v0xb9d19a10b240, 6982;
v0xb9d19a10b240_6983 .array/port v0xb9d19a10b240, 6983;
v0xb9d19a10b240_6984 .array/port v0xb9d19a10b240, 6984;
E_0xb9d199e68640/1747 .event anyedge, v0xb9d19a10b240_6981, v0xb9d19a10b240_6982, v0xb9d19a10b240_6983, v0xb9d19a10b240_6984;
v0xb9d19a10b240_6985 .array/port v0xb9d19a10b240, 6985;
v0xb9d19a10b240_6986 .array/port v0xb9d19a10b240, 6986;
v0xb9d19a10b240_6987 .array/port v0xb9d19a10b240, 6987;
v0xb9d19a10b240_6988 .array/port v0xb9d19a10b240, 6988;
E_0xb9d199e68640/1748 .event anyedge, v0xb9d19a10b240_6985, v0xb9d19a10b240_6986, v0xb9d19a10b240_6987, v0xb9d19a10b240_6988;
v0xb9d19a10b240_6989 .array/port v0xb9d19a10b240, 6989;
v0xb9d19a10b240_6990 .array/port v0xb9d19a10b240, 6990;
v0xb9d19a10b240_6991 .array/port v0xb9d19a10b240, 6991;
v0xb9d19a10b240_6992 .array/port v0xb9d19a10b240, 6992;
E_0xb9d199e68640/1749 .event anyedge, v0xb9d19a10b240_6989, v0xb9d19a10b240_6990, v0xb9d19a10b240_6991, v0xb9d19a10b240_6992;
v0xb9d19a10b240_6993 .array/port v0xb9d19a10b240, 6993;
v0xb9d19a10b240_6994 .array/port v0xb9d19a10b240, 6994;
v0xb9d19a10b240_6995 .array/port v0xb9d19a10b240, 6995;
v0xb9d19a10b240_6996 .array/port v0xb9d19a10b240, 6996;
E_0xb9d199e68640/1750 .event anyedge, v0xb9d19a10b240_6993, v0xb9d19a10b240_6994, v0xb9d19a10b240_6995, v0xb9d19a10b240_6996;
v0xb9d19a10b240_6997 .array/port v0xb9d19a10b240, 6997;
v0xb9d19a10b240_6998 .array/port v0xb9d19a10b240, 6998;
v0xb9d19a10b240_6999 .array/port v0xb9d19a10b240, 6999;
v0xb9d19a10b240_7000 .array/port v0xb9d19a10b240, 7000;
E_0xb9d199e68640/1751 .event anyedge, v0xb9d19a10b240_6997, v0xb9d19a10b240_6998, v0xb9d19a10b240_6999, v0xb9d19a10b240_7000;
v0xb9d19a10b240_7001 .array/port v0xb9d19a10b240, 7001;
v0xb9d19a10b240_7002 .array/port v0xb9d19a10b240, 7002;
v0xb9d19a10b240_7003 .array/port v0xb9d19a10b240, 7003;
v0xb9d19a10b240_7004 .array/port v0xb9d19a10b240, 7004;
E_0xb9d199e68640/1752 .event anyedge, v0xb9d19a10b240_7001, v0xb9d19a10b240_7002, v0xb9d19a10b240_7003, v0xb9d19a10b240_7004;
v0xb9d19a10b240_7005 .array/port v0xb9d19a10b240, 7005;
v0xb9d19a10b240_7006 .array/port v0xb9d19a10b240, 7006;
v0xb9d19a10b240_7007 .array/port v0xb9d19a10b240, 7007;
v0xb9d19a10b240_7008 .array/port v0xb9d19a10b240, 7008;
E_0xb9d199e68640/1753 .event anyedge, v0xb9d19a10b240_7005, v0xb9d19a10b240_7006, v0xb9d19a10b240_7007, v0xb9d19a10b240_7008;
v0xb9d19a10b240_7009 .array/port v0xb9d19a10b240, 7009;
v0xb9d19a10b240_7010 .array/port v0xb9d19a10b240, 7010;
v0xb9d19a10b240_7011 .array/port v0xb9d19a10b240, 7011;
v0xb9d19a10b240_7012 .array/port v0xb9d19a10b240, 7012;
E_0xb9d199e68640/1754 .event anyedge, v0xb9d19a10b240_7009, v0xb9d19a10b240_7010, v0xb9d19a10b240_7011, v0xb9d19a10b240_7012;
v0xb9d19a10b240_7013 .array/port v0xb9d19a10b240, 7013;
v0xb9d19a10b240_7014 .array/port v0xb9d19a10b240, 7014;
v0xb9d19a10b240_7015 .array/port v0xb9d19a10b240, 7015;
v0xb9d19a10b240_7016 .array/port v0xb9d19a10b240, 7016;
E_0xb9d199e68640/1755 .event anyedge, v0xb9d19a10b240_7013, v0xb9d19a10b240_7014, v0xb9d19a10b240_7015, v0xb9d19a10b240_7016;
v0xb9d19a10b240_7017 .array/port v0xb9d19a10b240, 7017;
v0xb9d19a10b240_7018 .array/port v0xb9d19a10b240, 7018;
v0xb9d19a10b240_7019 .array/port v0xb9d19a10b240, 7019;
v0xb9d19a10b240_7020 .array/port v0xb9d19a10b240, 7020;
E_0xb9d199e68640/1756 .event anyedge, v0xb9d19a10b240_7017, v0xb9d19a10b240_7018, v0xb9d19a10b240_7019, v0xb9d19a10b240_7020;
v0xb9d19a10b240_7021 .array/port v0xb9d19a10b240, 7021;
v0xb9d19a10b240_7022 .array/port v0xb9d19a10b240, 7022;
v0xb9d19a10b240_7023 .array/port v0xb9d19a10b240, 7023;
v0xb9d19a10b240_7024 .array/port v0xb9d19a10b240, 7024;
E_0xb9d199e68640/1757 .event anyedge, v0xb9d19a10b240_7021, v0xb9d19a10b240_7022, v0xb9d19a10b240_7023, v0xb9d19a10b240_7024;
v0xb9d19a10b240_7025 .array/port v0xb9d19a10b240, 7025;
v0xb9d19a10b240_7026 .array/port v0xb9d19a10b240, 7026;
v0xb9d19a10b240_7027 .array/port v0xb9d19a10b240, 7027;
v0xb9d19a10b240_7028 .array/port v0xb9d19a10b240, 7028;
E_0xb9d199e68640/1758 .event anyedge, v0xb9d19a10b240_7025, v0xb9d19a10b240_7026, v0xb9d19a10b240_7027, v0xb9d19a10b240_7028;
v0xb9d19a10b240_7029 .array/port v0xb9d19a10b240, 7029;
v0xb9d19a10b240_7030 .array/port v0xb9d19a10b240, 7030;
v0xb9d19a10b240_7031 .array/port v0xb9d19a10b240, 7031;
v0xb9d19a10b240_7032 .array/port v0xb9d19a10b240, 7032;
E_0xb9d199e68640/1759 .event anyedge, v0xb9d19a10b240_7029, v0xb9d19a10b240_7030, v0xb9d19a10b240_7031, v0xb9d19a10b240_7032;
v0xb9d19a10b240_7033 .array/port v0xb9d19a10b240, 7033;
v0xb9d19a10b240_7034 .array/port v0xb9d19a10b240, 7034;
v0xb9d19a10b240_7035 .array/port v0xb9d19a10b240, 7035;
v0xb9d19a10b240_7036 .array/port v0xb9d19a10b240, 7036;
E_0xb9d199e68640/1760 .event anyedge, v0xb9d19a10b240_7033, v0xb9d19a10b240_7034, v0xb9d19a10b240_7035, v0xb9d19a10b240_7036;
v0xb9d19a10b240_7037 .array/port v0xb9d19a10b240, 7037;
v0xb9d19a10b240_7038 .array/port v0xb9d19a10b240, 7038;
v0xb9d19a10b240_7039 .array/port v0xb9d19a10b240, 7039;
v0xb9d19a10b240_7040 .array/port v0xb9d19a10b240, 7040;
E_0xb9d199e68640/1761 .event anyedge, v0xb9d19a10b240_7037, v0xb9d19a10b240_7038, v0xb9d19a10b240_7039, v0xb9d19a10b240_7040;
v0xb9d19a10b240_7041 .array/port v0xb9d19a10b240, 7041;
v0xb9d19a10b240_7042 .array/port v0xb9d19a10b240, 7042;
v0xb9d19a10b240_7043 .array/port v0xb9d19a10b240, 7043;
v0xb9d19a10b240_7044 .array/port v0xb9d19a10b240, 7044;
E_0xb9d199e68640/1762 .event anyedge, v0xb9d19a10b240_7041, v0xb9d19a10b240_7042, v0xb9d19a10b240_7043, v0xb9d19a10b240_7044;
v0xb9d19a10b240_7045 .array/port v0xb9d19a10b240, 7045;
v0xb9d19a10b240_7046 .array/port v0xb9d19a10b240, 7046;
v0xb9d19a10b240_7047 .array/port v0xb9d19a10b240, 7047;
v0xb9d19a10b240_7048 .array/port v0xb9d19a10b240, 7048;
E_0xb9d199e68640/1763 .event anyedge, v0xb9d19a10b240_7045, v0xb9d19a10b240_7046, v0xb9d19a10b240_7047, v0xb9d19a10b240_7048;
v0xb9d19a10b240_7049 .array/port v0xb9d19a10b240, 7049;
v0xb9d19a10b240_7050 .array/port v0xb9d19a10b240, 7050;
v0xb9d19a10b240_7051 .array/port v0xb9d19a10b240, 7051;
v0xb9d19a10b240_7052 .array/port v0xb9d19a10b240, 7052;
E_0xb9d199e68640/1764 .event anyedge, v0xb9d19a10b240_7049, v0xb9d19a10b240_7050, v0xb9d19a10b240_7051, v0xb9d19a10b240_7052;
v0xb9d19a10b240_7053 .array/port v0xb9d19a10b240, 7053;
v0xb9d19a10b240_7054 .array/port v0xb9d19a10b240, 7054;
v0xb9d19a10b240_7055 .array/port v0xb9d19a10b240, 7055;
v0xb9d19a10b240_7056 .array/port v0xb9d19a10b240, 7056;
E_0xb9d199e68640/1765 .event anyedge, v0xb9d19a10b240_7053, v0xb9d19a10b240_7054, v0xb9d19a10b240_7055, v0xb9d19a10b240_7056;
v0xb9d19a10b240_7057 .array/port v0xb9d19a10b240, 7057;
v0xb9d19a10b240_7058 .array/port v0xb9d19a10b240, 7058;
v0xb9d19a10b240_7059 .array/port v0xb9d19a10b240, 7059;
v0xb9d19a10b240_7060 .array/port v0xb9d19a10b240, 7060;
E_0xb9d199e68640/1766 .event anyedge, v0xb9d19a10b240_7057, v0xb9d19a10b240_7058, v0xb9d19a10b240_7059, v0xb9d19a10b240_7060;
v0xb9d19a10b240_7061 .array/port v0xb9d19a10b240, 7061;
v0xb9d19a10b240_7062 .array/port v0xb9d19a10b240, 7062;
v0xb9d19a10b240_7063 .array/port v0xb9d19a10b240, 7063;
v0xb9d19a10b240_7064 .array/port v0xb9d19a10b240, 7064;
E_0xb9d199e68640/1767 .event anyedge, v0xb9d19a10b240_7061, v0xb9d19a10b240_7062, v0xb9d19a10b240_7063, v0xb9d19a10b240_7064;
v0xb9d19a10b240_7065 .array/port v0xb9d19a10b240, 7065;
v0xb9d19a10b240_7066 .array/port v0xb9d19a10b240, 7066;
v0xb9d19a10b240_7067 .array/port v0xb9d19a10b240, 7067;
v0xb9d19a10b240_7068 .array/port v0xb9d19a10b240, 7068;
E_0xb9d199e68640/1768 .event anyedge, v0xb9d19a10b240_7065, v0xb9d19a10b240_7066, v0xb9d19a10b240_7067, v0xb9d19a10b240_7068;
v0xb9d19a10b240_7069 .array/port v0xb9d19a10b240, 7069;
v0xb9d19a10b240_7070 .array/port v0xb9d19a10b240, 7070;
v0xb9d19a10b240_7071 .array/port v0xb9d19a10b240, 7071;
v0xb9d19a10b240_7072 .array/port v0xb9d19a10b240, 7072;
E_0xb9d199e68640/1769 .event anyedge, v0xb9d19a10b240_7069, v0xb9d19a10b240_7070, v0xb9d19a10b240_7071, v0xb9d19a10b240_7072;
v0xb9d19a10b240_7073 .array/port v0xb9d19a10b240, 7073;
v0xb9d19a10b240_7074 .array/port v0xb9d19a10b240, 7074;
v0xb9d19a10b240_7075 .array/port v0xb9d19a10b240, 7075;
v0xb9d19a10b240_7076 .array/port v0xb9d19a10b240, 7076;
E_0xb9d199e68640/1770 .event anyedge, v0xb9d19a10b240_7073, v0xb9d19a10b240_7074, v0xb9d19a10b240_7075, v0xb9d19a10b240_7076;
v0xb9d19a10b240_7077 .array/port v0xb9d19a10b240, 7077;
v0xb9d19a10b240_7078 .array/port v0xb9d19a10b240, 7078;
v0xb9d19a10b240_7079 .array/port v0xb9d19a10b240, 7079;
v0xb9d19a10b240_7080 .array/port v0xb9d19a10b240, 7080;
E_0xb9d199e68640/1771 .event anyedge, v0xb9d19a10b240_7077, v0xb9d19a10b240_7078, v0xb9d19a10b240_7079, v0xb9d19a10b240_7080;
v0xb9d19a10b240_7081 .array/port v0xb9d19a10b240, 7081;
v0xb9d19a10b240_7082 .array/port v0xb9d19a10b240, 7082;
v0xb9d19a10b240_7083 .array/port v0xb9d19a10b240, 7083;
v0xb9d19a10b240_7084 .array/port v0xb9d19a10b240, 7084;
E_0xb9d199e68640/1772 .event anyedge, v0xb9d19a10b240_7081, v0xb9d19a10b240_7082, v0xb9d19a10b240_7083, v0xb9d19a10b240_7084;
v0xb9d19a10b240_7085 .array/port v0xb9d19a10b240, 7085;
v0xb9d19a10b240_7086 .array/port v0xb9d19a10b240, 7086;
v0xb9d19a10b240_7087 .array/port v0xb9d19a10b240, 7087;
v0xb9d19a10b240_7088 .array/port v0xb9d19a10b240, 7088;
E_0xb9d199e68640/1773 .event anyedge, v0xb9d19a10b240_7085, v0xb9d19a10b240_7086, v0xb9d19a10b240_7087, v0xb9d19a10b240_7088;
v0xb9d19a10b240_7089 .array/port v0xb9d19a10b240, 7089;
v0xb9d19a10b240_7090 .array/port v0xb9d19a10b240, 7090;
v0xb9d19a10b240_7091 .array/port v0xb9d19a10b240, 7091;
v0xb9d19a10b240_7092 .array/port v0xb9d19a10b240, 7092;
E_0xb9d199e68640/1774 .event anyedge, v0xb9d19a10b240_7089, v0xb9d19a10b240_7090, v0xb9d19a10b240_7091, v0xb9d19a10b240_7092;
v0xb9d19a10b240_7093 .array/port v0xb9d19a10b240, 7093;
v0xb9d19a10b240_7094 .array/port v0xb9d19a10b240, 7094;
v0xb9d19a10b240_7095 .array/port v0xb9d19a10b240, 7095;
v0xb9d19a10b240_7096 .array/port v0xb9d19a10b240, 7096;
E_0xb9d199e68640/1775 .event anyedge, v0xb9d19a10b240_7093, v0xb9d19a10b240_7094, v0xb9d19a10b240_7095, v0xb9d19a10b240_7096;
v0xb9d19a10b240_7097 .array/port v0xb9d19a10b240, 7097;
v0xb9d19a10b240_7098 .array/port v0xb9d19a10b240, 7098;
v0xb9d19a10b240_7099 .array/port v0xb9d19a10b240, 7099;
v0xb9d19a10b240_7100 .array/port v0xb9d19a10b240, 7100;
E_0xb9d199e68640/1776 .event anyedge, v0xb9d19a10b240_7097, v0xb9d19a10b240_7098, v0xb9d19a10b240_7099, v0xb9d19a10b240_7100;
v0xb9d19a10b240_7101 .array/port v0xb9d19a10b240, 7101;
v0xb9d19a10b240_7102 .array/port v0xb9d19a10b240, 7102;
v0xb9d19a10b240_7103 .array/port v0xb9d19a10b240, 7103;
v0xb9d19a10b240_7104 .array/port v0xb9d19a10b240, 7104;
E_0xb9d199e68640/1777 .event anyedge, v0xb9d19a10b240_7101, v0xb9d19a10b240_7102, v0xb9d19a10b240_7103, v0xb9d19a10b240_7104;
v0xb9d19a10b240_7105 .array/port v0xb9d19a10b240, 7105;
v0xb9d19a10b240_7106 .array/port v0xb9d19a10b240, 7106;
v0xb9d19a10b240_7107 .array/port v0xb9d19a10b240, 7107;
v0xb9d19a10b240_7108 .array/port v0xb9d19a10b240, 7108;
E_0xb9d199e68640/1778 .event anyedge, v0xb9d19a10b240_7105, v0xb9d19a10b240_7106, v0xb9d19a10b240_7107, v0xb9d19a10b240_7108;
v0xb9d19a10b240_7109 .array/port v0xb9d19a10b240, 7109;
v0xb9d19a10b240_7110 .array/port v0xb9d19a10b240, 7110;
v0xb9d19a10b240_7111 .array/port v0xb9d19a10b240, 7111;
v0xb9d19a10b240_7112 .array/port v0xb9d19a10b240, 7112;
E_0xb9d199e68640/1779 .event anyedge, v0xb9d19a10b240_7109, v0xb9d19a10b240_7110, v0xb9d19a10b240_7111, v0xb9d19a10b240_7112;
v0xb9d19a10b240_7113 .array/port v0xb9d19a10b240, 7113;
v0xb9d19a10b240_7114 .array/port v0xb9d19a10b240, 7114;
v0xb9d19a10b240_7115 .array/port v0xb9d19a10b240, 7115;
v0xb9d19a10b240_7116 .array/port v0xb9d19a10b240, 7116;
E_0xb9d199e68640/1780 .event anyedge, v0xb9d19a10b240_7113, v0xb9d19a10b240_7114, v0xb9d19a10b240_7115, v0xb9d19a10b240_7116;
v0xb9d19a10b240_7117 .array/port v0xb9d19a10b240, 7117;
v0xb9d19a10b240_7118 .array/port v0xb9d19a10b240, 7118;
v0xb9d19a10b240_7119 .array/port v0xb9d19a10b240, 7119;
v0xb9d19a10b240_7120 .array/port v0xb9d19a10b240, 7120;
E_0xb9d199e68640/1781 .event anyedge, v0xb9d19a10b240_7117, v0xb9d19a10b240_7118, v0xb9d19a10b240_7119, v0xb9d19a10b240_7120;
v0xb9d19a10b240_7121 .array/port v0xb9d19a10b240, 7121;
v0xb9d19a10b240_7122 .array/port v0xb9d19a10b240, 7122;
v0xb9d19a10b240_7123 .array/port v0xb9d19a10b240, 7123;
v0xb9d19a10b240_7124 .array/port v0xb9d19a10b240, 7124;
E_0xb9d199e68640/1782 .event anyedge, v0xb9d19a10b240_7121, v0xb9d19a10b240_7122, v0xb9d19a10b240_7123, v0xb9d19a10b240_7124;
v0xb9d19a10b240_7125 .array/port v0xb9d19a10b240, 7125;
v0xb9d19a10b240_7126 .array/port v0xb9d19a10b240, 7126;
v0xb9d19a10b240_7127 .array/port v0xb9d19a10b240, 7127;
v0xb9d19a10b240_7128 .array/port v0xb9d19a10b240, 7128;
E_0xb9d199e68640/1783 .event anyedge, v0xb9d19a10b240_7125, v0xb9d19a10b240_7126, v0xb9d19a10b240_7127, v0xb9d19a10b240_7128;
v0xb9d19a10b240_7129 .array/port v0xb9d19a10b240, 7129;
v0xb9d19a10b240_7130 .array/port v0xb9d19a10b240, 7130;
v0xb9d19a10b240_7131 .array/port v0xb9d19a10b240, 7131;
v0xb9d19a10b240_7132 .array/port v0xb9d19a10b240, 7132;
E_0xb9d199e68640/1784 .event anyedge, v0xb9d19a10b240_7129, v0xb9d19a10b240_7130, v0xb9d19a10b240_7131, v0xb9d19a10b240_7132;
v0xb9d19a10b240_7133 .array/port v0xb9d19a10b240, 7133;
v0xb9d19a10b240_7134 .array/port v0xb9d19a10b240, 7134;
v0xb9d19a10b240_7135 .array/port v0xb9d19a10b240, 7135;
v0xb9d19a10b240_7136 .array/port v0xb9d19a10b240, 7136;
E_0xb9d199e68640/1785 .event anyedge, v0xb9d19a10b240_7133, v0xb9d19a10b240_7134, v0xb9d19a10b240_7135, v0xb9d19a10b240_7136;
v0xb9d19a10b240_7137 .array/port v0xb9d19a10b240, 7137;
v0xb9d19a10b240_7138 .array/port v0xb9d19a10b240, 7138;
v0xb9d19a10b240_7139 .array/port v0xb9d19a10b240, 7139;
v0xb9d19a10b240_7140 .array/port v0xb9d19a10b240, 7140;
E_0xb9d199e68640/1786 .event anyedge, v0xb9d19a10b240_7137, v0xb9d19a10b240_7138, v0xb9d19a10b240_7139, v0xb9d19a10b240_7140;
v0xb9d19a10b240_7141 .array/port v0xb9d19a10b240, 7141;
v0xb9d19a10b240_7142 .array/port v0xb9d19a10b240, 7142;
v0xb9d19a10b240_7143 .array/port v0xb9d19a10b240, 7143;
v0xb9d19a10b240_7144 .array/port v0xb9d19a10b240, 7144;
E_0xb9d199e68640/1787 .event anyedge, v0xb9d19a10b240_7141, v0xb9d19a10b240_7142, v0xb9d19a10b240_7143, v0xb9d19a10b240_7144;
v0xb9d19a10b240_7145 .array/port v0xb9d19a10b240, 7145;
v0xb9d19a10b240_7146 .array/port v0xb9d19a10b240, 7146;
v0xb9d19a10b240_7147 .array/port v0xb9d19a10b240, 7147;
v0xb9d19a10b240_7148 .array/port v0xb9d19a10b240, 7148;
E_0xb9d199e68640/1788 .event anyedge, v0xb9d19a10b240_7145, v0xb9d19a10b240_7146, v0xb9d19a10b240_7147, v0xb9d19a10b240_7148;
v0xb9d19a10b240_7149 .array/port v0xb9d19a10b240, 7149;
v0xb9d19a10b240_7150 .array/port v0xb9d19a10b240, 7150;
v0xb9d19a10b240_7151 .array/port v0xb9d19a10b240, 7151;
v0xb9d19a10b240_7152 .array/port v0xb9d19a10b240, 7152;
E_0xb9d199e68640/1789 .event anyedge, v0xb9d19a10b240_7149, v0xb9d19a10b240_7150, v0xb9d19a10b240_7151, v0xb9d19a10b240_7152;
v0xb9d19a10b240_7153 .array/port v0xb9d19a10b240, 7153;
v0xb9d19a10b240_7154 .array/port v0xb9d19a10b240, 7154;
v0xb9d19a10b240_7155 .array/port v0xb9d19a10b240, 7155;
v0xb9d19a10b240_7156 .array/port v0xb9d19a10b240, 7156;
E_0xb9d199e68640/1790 .event anyedge, v0xb9d19a10b240_7153, v0xb9d19a10b240_7154, v0xb9d19a10b240_7155, v0xb9d19a10b240_7156;
v0xb9d19a10b240_7157 .array/port v0xb9d19a10b240, 7157;
v0xb9d19a10b240_7158 .array/port v0xb9d19a10b240, 7158;
v0xb9d19a10b240_7159 .array/port v0xb9d19a10b240, 7159;
v0xb9d19a10b240_7160 .array/port v0xb9d19a10b240, 7160;
E_0xb9d199e68640/1791 .event anyedge, v0xb9d19a10b240_7157, v0xb9d19a10b240_7158, v0xb9d19a10b240_7159, v0xb9d19a10b240_7160;
v0xb9d19a10b240_7161 .array/port v0xb9d19a10b240, 7161;
v0xb9d19a10b240_7162 .array/port v0xb9d19a10b240, 7162;
v0xb9d19a10b240_7163 .array/port v0xb9d19a10b240, 7163;
v0xb9d19a10b240_7164 .array/port v0xb9d19a10b240, 7164;
E_0xb9d199e68640/1792 .event anyedge, v0xb9d19a10b240_7161, v0xb9d19a10b240_7162, v0xb9d19a10b240_7163, v0xb9d19a10b240_7164;
v0xb9d19a10b240_7165 .array/port v0xb9d19a10b240, 7165;
v0xb9d19a10b240_7166 .array/port v0xb9d19a10b240, 7166;
v0xb9d19a10b240_7167 .array/port v0xb9d19a10b240, 7167;
v0xb9d19a10b240_7168 .array/port v0xb9d19a10b240, 7168;
E_0xb9d199e68640/1793 .event anyedge, v0xb9d19a10b240_7165, v0xb9d19a10b240_7166, v0xb9d19a10b240_7167, v0xb9d19a10b240_7168;
v0xb9d19a10b240_7169 .array/port v0xb9d19a10b240, 7169;
v0xb9d19a10b240_7170 .array/port v0xb9d19a10b240, 7170;
v0xb9d19a10b240_7171 .array/port v0xb9d19a10b240, 7171;
v0xb9d19a10b240_7172 .array/port v0xb9d19a10b240, 7172;
E_0xb9d199e68640/1794 .event anyedge, v0xb9d19a10b240_7169, v0xb9d19a10b240_7170, v0xb9d19a10b240_7171, v0xb9d19a10b240_7172;
v0xb9d19a10b240_7173 .array/port v0xb9d19a10b240, 7173;
v0xb9d19a10b240_7174 .array/port v0xb9d19a10b240, 7174;
v0xb9d19a10b240_7175 .array/port v0xb9d19a10b240, 7175;
v0xb9d19a10b240_7176 .array/port v0xb9d19a10b240, 7176;
E_0xb9d199e68640/1795 .event anyedge, v0xb9d19a10b240_7173, v0xb9d19a10b240_7174, v0xb9d19a10b240_7175, v0xb9d19a10b240_7176;
v0xb9d19a10b240_7177 .array/port v0xb9d19a10b240, 7177;
v0xb9d19a10b240_7178 .array/port v0xb9d19a10b240, 7178;
v0xb9d19a10b240_7179 .array/port v0xb9d19a10b240, 7179;
v0xb9d19a10b240_7180 .array/port v0xb9d19a10b240, 7180;
E_0xb9d199e68640/1796 .event anyedge, v0xb9d19a10b240_7177, v0xb9d19a10b240_7178, v0xb9d19a10b240_7179, v0xb9d19a10b240_7180;
v0xb9d19a10b240_7181 .array/port v0xb9d19a10b240, 7181;
v0xb9d19a10b240_7182 .array/port v0xb9d19a10b240, 7182;
v0xb9d19a10b240_7183 .array/port v0xb9d19a10b240, 7183;
v0xb9d19a10b240_7184 .array/port v0xb9d19a10b240, 7184;
E_0xb9d199e68640/1797 .event anyedge, v0xb9d19a10b240_7181, v0xb9d19a10b240_7182, v0xb9d19a10b240_7183, v0xb9d19a10b240_7184;
v0xb9d19a10b240_7185 .array/port v0xb9d19a10b240, 7185;
v0xb9d19a10b240_7186 .array/port v0xb9d19a10b240, 7186;
v0xb9d19a10b240_7187 .array/port v0xb9d19a10b240, 7187;
v0xb9d19a10b240_7188 .array/port v0xb9d19a10b240, 7188;
E_0xb9d199e68640/1798 .event anyedge, v0xb9d19a10b240_7185, v0xb9d19a10b240_7186, v0xb9d19a10b240_7187, v0xb9d19a10b240_7188;
v0xb9d19a10b240_7189 .array/port v0xb9d19a10b240, 7189;
v0xb9d19a10b240_7190 .array/port v0xb9d19a10b240, 7190;
v0xb9d19a10b240_7191 .array/port v0xb9d19a10b240, 7191;
v0xb9d19a10b240_7192 .array/port v0xb9d19a10b240, 7192;
E_0xb9d199e68640/1799 .event anyedge, v0xb9d19a10b240_7189, v0xb9d19a10b240_7190, v0xb9d19a10b240_7191, v0xb9d19a10b240_7192;
v0xb9d19a10b240_7193 .array/port v0xb9d19a10b240, 7193;
v0xb9d19a10b240_7194 .array/port v0xb9d19a10b240, 7194;
v0xb9d19a10b240_7195 .array/port v0xb9d19a10b240, 7195;
v0xb9d19a10b240_7196 .array/port v0xb9d19a10b240, 7196;
E_0xb9d199e68640/1800 .event anyedge, v0xb9d19a10b240_7193, v0xb9d19a10b240_7194, v0xb9d19a10b240_7195, v0xb9d19a10b240_7196;
v0xb9d19a10b240_7197 .array/port v0xb9d19a10b240, 7197;
v0xb9d19a10b240_7198 .array/port v0xb9d19a10b240, 7198;
v0xb9d19a10b240_7199 .array/port v0xb9d19a10b240, 7199;
v0xb9d19a10b240_7200 .array/port v0xb9d19a10b240, 7200;
E_0xb9d199e68640/1801 .event anyedge, v0xb9d19a10b240_7197, v0xb9d19a10b240_7198, v0xb9d19a10b240_7199, v0xb9d19a10b240_7200;
v0xb9d19a10b240_7201 .array/port v0xb9d19a10b240, 7201;
v0xb9d19a10b240_7202 .array/port v0xb9d19a10b240, 7202;
v0xb9d19a10b240_7203 .array/port v0xb9d19a10b240, 7203;
v0xb9d19a10b240_7204 .array/port v0xb9d19a10b240, 7204;
E_0xb9d199e68640/1802 .event anyedge, v0xb9d19a10b240_7201, v0xb9d19a10b240_7202, v0xb9d19a10b240_7203, v0xb9d19a10b240_7204;
v0xb9d19a10b240_7205 .array/port v0xb9d19a10b240, 7205;
v0xb9d19a10b240_7206 .array/port v0xb9d19a10b240, 7206;
v0xb9d19a10b240_7207 .array/port v0xb9d19a10b240, 7207;
v0xb9d19a10b240_7208 .array/port v0xb9d19a10b240, 7208;
E_0xb9d199e68640/1803 .event anyedge, v0xb9d19a10b240_7205, v0xb9d19a10b240_7206, v0xb9d19a10b240_7207, v0xb9d19a10b240_7208;
v0xb9d19a10b240_7209 .array/port v0xb9d19a10b240, 7209;
v0xb9d19a10b240_7210 .array/port v0xb9d19a10b240, 7210;
v0xb9d19a10b240_7211 .array/port v0xb9d19a10b240, 7211;
v0xb9d19a10b240_7212 .array/port v0xb9d19a10b240, 7212;
E_0xb9d199e68640/1804 .event anyedge, v0xb9d19a10b240_7209, v0xb9d19a10b240_7210, v0xb9d19a10b240_7211, v0xb9d19a10b240_7212;
v0xb9d19a10b240_7213 .array/port v0xb9d19a10b240, 7213;
v0xb9d19a10b240_7214 .array/port v0xb9d19a10b240, 7214;
v0xb9d19a10b240_7215 .array/port v0xb9d19a10b240, 7215;
v0xb9d19a10b240_7216 .array/port v0xb9d19a10b240, 7216;
E_0xb9d199e68640/1805 .event anyedge, v0xb9d19a10b240_7213, v0xb9d19a10b240_7214, v0xb9d19a10b240_7215, v0xb9d19a10b240_7216;
v0xb9d19a10b240_7217 .array/port v0xb9d19a10b240, 7217;
v0xb9d19a10b240_7218 .array/port v0xb9d19a10b240, 7218;
v0xb9d19a10b240_7219 .array/port v0xb9d19a10b240, 7219;
v0xb9d19a10b240_7220 .array/port v0xb9d19a10b240, 7220;
E_0xb9d199e68640/1806 .event anyedge, v0xb9d19a10b240_7217, v0xb9d19a10b240_7218, v0xb9d19a10b240_7219, v0xb9d19a10b240_7220;
v0xb9d19a10b240_7221 .array/port v0xb9d19a10b240, 7221;
v0xb9d19a10b240_7222 .array/port v0xb9d19a10b240, 7222;
v0xb9d19a10b240_7223 .array/port v0xb9d19a10b240, 7223;
v0xb9d19a10b240_7224 .array/port v0xb9d19a10b240, 7224;
E_0xb9d199e68640/1807 .event anyedge, v0xb9d19a10b240_7221, v0xb9d19a10b240_7222, v0xb9d19a10b240_7223, v0xb9d19a10b240_7224;
v0xb9d19a10b240_7225 .array/port v0xb9d19a10b240, 7225;
v0xb9d19a10b240_7226 .array/port v0xb9d19a10b240, 7226;
v0xb9d19a10b240_7227 .array/port v0xb9d19a10b240, 7227;
v0xb9d19a10b240_7228 .array/port v0xb9d19a10b240, 7228;
E_0xb9d199e68640/1808 .event anyedge, v0xb9d19a10b240_7225, v0xb9d19a10b240_7226, v0xb9d19a10b240_7227, v0xb9d19a10b240_7228;
v0xb9d19a10b240_7229 .array/port v0xb9d19a10b240, 7229;
v0xb9d19a10b240_7230 .array/port v0xb9d19a10b240, 7230;
v0xb9d19a10b240_7231 .array/port v0xb9d19a10b240, 7231;
v0xb9d19a10b240_7232 .array/port v0xb9d19a10b240, 7232;
E_0xb9d199e68640/1809 .event anyedge, v0xb9d19a10b240_7229, v0xb9d19a10b240_7230, v0xb9d19a10b240_7231, v0xb9d19a10b240_7232;
v0xb9d19a10b240_7233 .array/port v0xb9d19a10b240, 7233;
v0xb9d19a10b240_7234 .array/port v0xb9d19a10b240, 7234;
v0xb9d19a10b240_7235 .array/port v0xb9d19a10b240, 7235;
v0xb9d19a10b240_7236 .array/port v0xb9d19a10b240, 7236;
E_0xb9d199e68640/1810 .event anyedge, v0xb9d19a10b240_7233, v0xb9d19a10b240_7234, v0xb9d19a10b240_7235, v0xb9d19a10b240_7236;
v0xb9d19a10b240_7237 .array/port v0xb9d19a10b240, 7237;
v0xb9d19a10b240_7238 .array/port v0xb9d19a10b240, 7238;
v0xb9d19a10b240_7239 .array/port v0xb9d19a10b240, 7239;
v0xb9d19a10b240_7240 .array/port v0xb9d19a10b240, 7240;
E_0xb9d199e68640/1811 .event anyedge, v0xb9d19a10b240_7237, v0xb9d19a10b240_7238, v0xb9d19a10b240_7239, v0xb9d19a10b240_7240;
v0xb9d19a10b240_7241 .array/port v0xb9d19a10b240, 7241;
v0xb9d19a10b240_7242 .array/port v0xb9d19a10b240, 7242;
v0xb9d19a10b240_7243 .array/port v0xb9d19a10b240, 7243;
v0xb9d19a10b240_7244 .array/port v0xb9d19a10b240, 7244;
E_0xb9d199e68640/1812 .event anyedge, v0xb9d19a10b240_7241, v0xb9d19a10b240_7242, v0xb9d19a10b240_7243, v0xb9d19a10b240_7244;
v0xb9d19a10b240_7245 .array/port v0xb9d19a10b240, 7245;
v0xb9d19a10b240_7246 .array/port v0xb9d19a10b240, 7246;
v0xb9d19a10b240_7247 .array/port v0xb9d19a10b240, 7247;
v0xb9d19a10b240_7248 .array/port v0xb9d19a10b240, 7248;
E_0xb9d199e68640/1813 .event anyedge, v0xb9d19a10b240_7245, v0xb9d19a10b240_7246, v0xb9d19a10b240_7247, v0xb9d19a10b240_7248;
v0xb9d19a10b240_7249 .array/port v0xb9d19a10b240, 7249;
v0xb9d19a10b240_7250 .array/port v0xb9d19a10b240, 7250;
v0xb9d19a10b240_7251 .array/port v0xb9d19a10b240, 7251;
v0xb9d19a10b240_7252 .array/port v0xb9d19a10b240, 7252;
E_0xb9d199e68640/1814 .event anyedge, v0xb9d19a10b240_7249, v0xb9d19a10b240_7250, v0xb9d19a10b240_7251, v0xb9d19a10b240_7252;
v0xb9d19a10b240_7253 .array/port v0xb9d19a10b240, 7253;
v0xb9d19a10b240_7254 .array/port v0xb9d19a10b240, 7254;
v0xb9d19a10b240_7255 .array/port v0xb9d19a10b240, 7255;
v0xb9d19a10b240_7256 .array/port v0xb9d19a10b240, 7256;
E_0xb9d199e68640/1815 .event anyedge, v0xb9d19a10b240_7253, v0xb9d19a10b240_7254, v0xb9d19a10b240_7255, v0xb9d19a10b240_7256;
v0xb9d19a10b240_7257 .array/port v0xb9d19a10b240, 7257;
v0xb9d19a10b240_7258 .array/port v0xb9d19a10b240, 7258;
v0xb9d19a10b240_7259 .array/port v0xb9d19a10b240, 7259;
v0xb9d19a10b240_7260 .array/port v0xb9d19a10b240, 7260;
E_0xb9d199e68640/1816 .event anyedge, v0xb9d19a10b240_7257, v0xb9d19a10b240_7258, v0xb9d19a10b240_7259, v0xb9d19a10b240_7260;
v0xb9d19a10b240_7261 .array/port v0xb9d19a10b240, 7261;
v0xb9d19a10b240_7262 .array/port v0xb9d19a10b240, 7262;
v0xb9d19a10b240_7263 .array/port v0xb9d19a10b240, 7263;
v0xb9d19a10b240_7264 .array/port v0xb9d19a10b240, 7264;
E_0xb9d199e68640/1817 .event anyedge, v0xb9d19a10b240_7261, v0xb9d19a10b240_7262, v0xb9d19a10b240_7263, v0xb9d19a10b240_7264;
v0xb9d19a10b240_7265 .array/port v0xb9d19a10b240, 7265;
v0xb9d19a10b240_7266 .array/port v0xb9d19a10b240, 7266;
v0xb9d19a10b240_7267 .array/port v0xb9d19a10b240, 7267;
v0xb9d19a10b240_7268 .array/port v0xb9d19a10b240, 7268;
E_0xb9d199e68640/1818 .event anyedge, v0xb9d19a10b240_7265, v0xb9d19a10b240_7266, v0xb9d19a10b240_7267, v0xb9d19a10b240_7268;
v0xb9d19a10b240_7269 .array/port v0xb9d19a10b240, 7269;
v0xb9d19a10b240_7270 .array/port v0xb9d19a10b240, 7270;
v0xb9d19a10b240_7271 .array/port v0xb9d19a10b240, 7271;
v0xb9d19a10b240_7272 .array/port v0xb9d19a10b240, 7272;
E_0xb9d199e68640/1819 .event anyedge, v0xb9d19a10b240_7269, v0xb9d19a10b240_7270, v0xb9d19a10b240_7271, v0xb9d19a10b240_7272;
v0xb9d19a10b240_7273 .array/port v0xb9d19a10b240, 7273;
v0xb9d19a10b240_7274 .array/port v0xb9d19a10b240, 7274;
v0xb9d19a10b240_7275 .array/port v0xb9d19a10b240, 7275;
v0xb9d19a10b240_7276 .array/port v0xb9d19a10b240, 7276;
E_0xb9d199e68640/1820 .event anyedge, v0xb9d19a10b240_7273, v0xb9d19a10b240_7274, v0xb9d19a10b240_7275, v0xb9d19a10b240_7276;
v0xb9d19a10b240_7277 .array/port v0xb9d19a10b240, 7277;
v0xb9d19a10b240_7278 .array/port v0xb9d19a10b240, 7278;
v0xb9d19a10b240_7279 .array/port v0xb9d19a10b240, 7279;
v0xb9d19a10b240_7280 .array/port v0xb9d19a10b240, 7280;
E_0xb9d199e68640/1821 .event anyedge, v0xb9d19a10b240_7277, v0xb9d19a10b240_7278, v0xb9d19a10b240_7279, v0xb9d19a10b240_7280;
v0xb9d19a10b240_7281 .array/port v0xb9d19a10b240, 7281;
v0xb9d19a10b240_7282 .array/port v0xb9d19a10b240, 7282;
v0xb9d19a10b240_7283 .array/port v0xb9d19a10b240, 7283;
v0xb9d19a10b240_7284 .array/port v0xb9d19a10b240, 7284;
E_0xb9d199e68640/1822 .event anyedge, v0xb9d19a10b240_7281, v0xb9d19a10b240_7282, v0xb9d19a10b240_7283, v0xb9d19a10b240_7284;
v0xb9d19a10b240_7285 .array/port v0xb9d19a10b240, 7285;
v0xb9d19a10b240_7286 .array/port v0xb9d19a10b240, 7286;
v0xb9d19a10b240_7287 .array/port v0xb9d19a10b240, 7287;
v0xb9d19a10b240_7288 .array/port v0xb9d19a10b240, 7288;
E_0xb9d199e68640/1823 .event anyedge, v0xb9d19a10b240_7285, v0xb9d19a10b240_7286, v0xb9d19a10b240_7287, v0xb9d19a10b240_7288;
v0xb9d19a10b240_7289 .array/port v0xb9d19a10b240, 7289;
v0xb9d19a10b240_7290 .array/port v0xb9d19a10b240, 7290;
v0xb9d19a10b240_7291 .array/port v0xb9d19a10b240, 7291;
v0xb9d19a10b240_7292 .array/port v0xb9d19a10b240, 7292;
E_0xb9d199e68640/1824 .event anyedge, v0xb9d19a10b240_7289, v0xb9d19a10b240_7290, v0xb9d19a10b240_7291, v0xb9d19a10b240_7292;
v0xb9d19a10b240_7293 .array/port v0xb9d19a10b240, 7293;
v0xb9d19a10b240_7294 .array/port v0xb9d19a10b240, 7294;
v0xb9d19a10b240_7295 .array/port v0xb9d19a10b240, 7295;
v0xb9d19a10b240_7296 .array/port v0xb9d19a10b240, 7296;
E_0xb9d199e68640/1825 .event anyedge, v0xb9d19a10b240_7293, v0xb9d19a10b240_7294, v0xb9d19a10b240_7295, v0xb9d19a10b240_7296;
v0xb9d19a10b240_7297 .array/port v0xb9d19a10b240, 7297;
v0xb9d19a10b240_7298 .array/port v0xb9d19a10b240, 7298;
v0xb9d19a10b240_7299 .array/port v0xb9d19a10b240, 7299;
v0xb9d19a10b240_7300 .array/port v0xb9d19a10b240, 7300;
E_0xb9d199e68640/1826 .event anyedge, v0xb9d19a10b240_7297, v0xb9d19a10b240_7298, v0xb9d19a10b240_7299, v0xb9d19a10b240_7300;
v0xb9d19a10b240_7301 .array/port v0xb9d19a10b240, 7301;
v0xb9d19a10b240_7302 .array/port v0xb9d19a10b240, 7302;
v0xb9d19a10b240_7303 .array/port v0xb9d19a10b240, 7303;
v0xb9d19a10b240_7304 .array/port v0xb9d19a10b240, 7304;
E_0xb9d199e68640/1827 .event anyedge, v0xb9d19a10b240_7301, v0xb9d19a10b240_7302, v0xb9d19a10b240_7303, v0xb9d19a10b240_7304;
v0xb9d19a10b240_7305 .array/port v0xb9d19a10b240, 7305;
v0xb9d19a10b240_7306 .array/port v0xb9d19a10b240, 7306;
v0xb9d19a10b240_7307 .array/port v0xb9d19a10b240, 7307;
v0xb9d19a10b240_7308 .array/port v0xb9d19a10b240, 7308;
E_0xb9d199e68640/1828 .event anyedge, v0xb9d19a10b240_7305, v0xb9d19a10b240_7306, v0xb9d19a10b240_7307, v0xb9d19a10b240_7308;
v0xb9d19a10b240_7309 .array/port v0xb9d19a10b240, 7309;
v0xb9d19a10b240_7310 .array/port v0xb9d19a10b240, 7310;
v0xb9d19a10b240_7311 .array/port v0xb9d19a10b240, 7311;
v0xb9d19a10b240_7312 .array/port v0xb9d19a10b240, 7312;
E_0xb9d199e68640/1829 .event anyedge, v0xb9d19a10b240_7309, v0xb9d19a10b240_7310, v0xb9d19a10b240_7311, v0xb9d19a10b240_7312;
v0xb9d19a10b240_7313 .array/port v0xb9d19a10b240, 7313;
v0xb9d19a10b240_7314 .array/port v0xb9d19a10b240, 7314;
v0xb9d19a10b240_7315 .array/port v0xb9d19a10b240, 7315;
v0xb9d19a10b240_7316 .array/port v0xb9d19a10b240, 7316;
E_0xb9d199e68640/1830 .event anyedge, v0xb9d19a10b240_7313, v0xb9d19a10b240_7314, v0xb9d19a10b240_7315, v0xb9d19a10b240_7316;
v0xb9d19a10b240_7317 .array/port v0xb9d19a10b240, 7317;
v0xb9d19a10b240_7318 .array/port v0xb9d19a10b240, 7318;
v0xb9d19a10b240_7319 .array/port v0xb9d19a10b240, 7319;
v0xb9d19a10b240_7320 .array/port v0xb9d19a10b240, 7320;
E_0xb9d199e68640/1831 .event anyedge, v0xb9d19a10b240_7317, v0xb9d19a10b240_7318, v0xb9d19a10b240_7319, v0xb9d19a10b240_7320;
v0xb9d19a10b240_7321 .array/port v0xb9d19a10b240, 7321;
v0xb9d19a10b240_7322 .array/port v0xb9d19a10b240, 7322;
v0xb9d19a10b240_7323 .array/port v0xb9d19a10b240, 7323;
v0xb9d19a10b240_7324 .array/port v0xb9d19a10b240, 7324;
E_0xb9d199e68640/1832 .event anyedge, v0xb9d19a10b240_7321, v0xb9d19a10b240_7322, v0xb9d19a10b240_7323, v0xb9d19a10b240_7324;
v0xb9d19a10b240_7325 .array/port v0xb9d19a10b240, 7325;
v0xb9d19a10b240_7326 .array/port v0xb9d19a10b240, 7326;
v0xb9d19a10b240_7327 .array/port v0xb9d19a10b240, 7327;
v0xb9d19a10b240_7328 .array/port v0xb9d19a10b240, 7328;
E_0xb9d199e68640/1833 .event anyedge, v0xb9d19a10b240_7325, v0xb9d19a10b240_7326, v0xb9d19a10b240_7327, v0xb9d19a10b240_7328;
v0xb9d19a10b240_7329 .array/port v0xb9d19a10b240, 7329;
v0xb9d19a10b240_7330 .array/port v0xb9d19a10b240, 7330;
v0xb9d19a10b240_7331 .array/port v0xb9d19a10b240, 7331;
v0xb9d19a10b240_7332 .array/port v0xb9d19a10b240, 7332;
E_0xb9d199e68640/1834 .event anyedge, v0xb9d19a10b240_7329, v0xb9d19a10b240_7330, v0xb9d19a10b240_7331, v0xb9d19a10b240_7332;
v0xb9d19a10b240_7333 .array/port v0xb9d19a10b240, 7333;
v0xb9d19a10b240_7334 .array/port v0xb9d19a10b240, 7334;
v0xb9d19a10b240_7335 .array/port v0xb9d19a10b240, 7335;
v0xb9d19a10b240_7336 .array/port v0xb9d19a10b240, 7336;
E_0xb9d199e68640/1835 .event anyedge, v0xb9d19a10b240_7333, v0xb9d19a10b240_7334, v0xb9d19a10b240_7335, v0xb9d19a10b240_7336;
v0xb9d19a10b240_7337 .array/port v0xb9d19a10b240, 7337;
v0xb9d19a10b240_7338 .array/port v0xb9d19a10b240, 7338;
v0xb9d19a10b240_7339 .array/port v0xb9d19a10b240, 7339;
v0xb9d19a10b240_7340 .array/port v0xb9d19a10b240, 7340;
E_0xb9d199e68640/1836 .event anyedge, v0xb9d19a10b240_7337, v0xb9d19a10b240_7338, v0xb9d19a10b240_7339, v0xb9d19a10b240_7340;
v0xb9d19a10b240_7341 .array/port v0xb9d19a10b240, 7341;
v0xb9d19a10b240_7342 .array/port v0xb9d19a10b240, 7342;
v0xb9d19a10b240_7343 .array/port v0xb9d19a10b240, 7343;
v0xb9d19a10b240_7344 .array/port v0xb9d19a10b240, 7344;
E_0xb9d199e68640/1837 .event anyedge, v0xb9d19a10b240_7341, v0xb9d19a10b240_7342, v0xb9d19a10b240_7343, v0xb9d19a10b240_7344;
v0xb9d19a10b240_7345 .array/port v0xb9d19a10b240, 7345;
v0xb9d19a10b240_7346 .array/port v0xb9d19a10b240, 7346;
v0xb9d19a10b240_7347 .array/port v0xb9d19a10b240, 7347;
v0xb9d19a10b240_7348 .array/port v0xb9d19a10b240, 7348;
E_0xb9d199e68640/1838 .event anyedge, v0xb9d19a10b240_7345, v0xb9d19a10b240_7346, v0xb9d19a10b240_7347, v0xb9d19a10b240_7348;
v0xb9d19a10b240_7349 .array/port v0xb9d19a10b240, 7349;
v0xb9d19a10b240_7350 .array/port v0xb9d19a10b240, 7350;
v0xb9d19a10b240_7351 .array/port v0xb9d19a10b240, 7351;
v0xb9d19a10b240_7352 .array/port v0xb9d19a10b240, 7352;
E_0xb9d199e68640/1839 .event anyedge, v0xb9d19a10b240_7349, v0xb9d19a10b240_7350, v0xb9d19a10b240_7351, v0xb9d19a10b240_7352;
v0xb9d19a10b240_7353 .array/port v0xb9d19a10b240, 7353;
v0xb9d19a10b240_7354 .array/port v0xb9d19a10b240, 7354;
v0xb9d19a10b240_7355 .array/port v0xb9d19a10b240, 7355;
v0xb9d19a10b240_7356 .array/port v0xb9d19a10b240, 7356;
E_0xb9d199e68640/1840 .event anyedge, v0xb9d19a10b240_7353, v0xb9d19a10b240_7354, v0xb9d19a10b240_7355, v0xb9d19a10b240_7356;
v0xb9d19a10b240_7357 .array/port v0xb9d19a10b240, 7357;
v0xb9d19a10b240_7358 .array/port v0xb9d19a10b240, 7358;
v0xb9d19a10b240_7359 .array/port v0xb9d19a10b240, 7359;
v0xb9d19a10b240_7360 .array/port v0xb9d19a10b240, 7360;
E_0xb9d199e68640/1841 .event anyedge, v0xb9d19a10b240_7357, v0xb9d19a10b240_7358, v0xb9d19a10b240_7359, v0xb9d19a10b240_7360;
v0xb9d19a10b240_7361 .array/port v0xb9d19a10b240, 7361;
v0xb9d19a10b240_7362 .array/port v0xb9d19a10b240, 7362;
v0xb9d19a10b240_7363 .array/port v0xb9d19a10b240, 7363;
v0xb9d19a10b240_7364 .array/port v0xb9d19a10b240, 7364;
E_0xb9d199e68640/1842 .event anyedge, v0xb9d19a10b240_7361, v0xb9d19a10b240_7362, v0xb9d19a10b240_7363, v0xb9d19a10b240_7364;
v0xb9d19a10b240_7365 .array/port v0xb9d19a10b240, 7365;
v0xb9d19a10b240_7366 .array/port v0xb9d19a10b240, 7366;
v0xb9d19a10b240_7367 .array/port v0xb9d19a10b240, 7367;
v0xb9d19a10b240_7368 .array/port v0xb9d19a10b240, 7368;
E_0xb9d199e68640/1843 .event anyedge, v0xb9d19a10b240_7365, v0xb9d19a10b240_7366, v0xb9d19a10b240_7367, v0xb9d19a10b240_7368;
v0xb9d19a10b240_7369 .array/port v0xb9d19a10b240, 7369;
v0xb9d19a10b240_7370 .array/port v0xb9d19a10b240, 7370;
v0xb9d19a10b240_7371 .array/port v0xb9d19a10b240, 7371;
v0xb9d19a10b240_7372 .array/port v0xb9d19a10b240, 7372;
E_0xb9d199e68640/1844 .event anyedge, v0xb9d19a10b240_7369, v0xb9d19a10b240_7370, v0xb9d19a10b240_7371, v0xb9d19a10b240_7372;
v0xb9d19a10b240_7373 .array/port v0xb9d19a10b240, 7373;
v0xb9d19a10b240_7374 .array/port v0xb9d19a10b240, 7374;
v0xb9d19a10b240_7375 .array/port v0xb9d19a10b240, 7375;
v0xb9d19a10b240_7376 .array/port v0xb9d19a10b240, 7376;
E_0xb9d199e68640/1845 .event anyedge, v0xb9d19a10b240_7373, v0xb9d19a10b240_7374, v0xb9d19a10b240_7375, v0xb9d19a10b240_7376;
v0xb9d19a10b240_7377 .array/port v0xb9d19a10b240, 7377;
v0xb9d19a10b240_7378 .array/port v0xb9d19a10b240, 7378;
v0xb9d19a10b240_7379 .array/port v0xb9d19a10b240, 7379;
v0xb9d19a10b240_7380 .array/port v0xb9d19a10b240, 7380;
E_0xb9d199e68640/1846 .event anyedge, v0xb9d19a10b240_7377, v0xb9d19a10b240_7378, v0xb9d19a10b240_7379, v0xb9d19a10b240_7380;
v0xb9d19a10b240_7381 .array/port v0xb9d19a10b240, 7381;
v0xb9d19a10b240_7382 .array/port v0xb9d19a10b240, 7382;
v0xb9d19a10b240_7383 .array/port v0xb9d19a10b240, 7383;
v0xb9d19a10b240_7384 .array/port v0xb9d19a10b240, 7384;
E_0xb9d199e68640/1847 .event anyedge, v0xb9d19a10b240_7381, v0xb9d19a10b240_7382, v0xb9d19a10b240_7383, v0xb9d19a10b240_7384;
v0xb9d19a10b240_7385 .array/port v0xb9d19a10b240, 7385;
v0xb9d19a10b240_7386 .array/port v0xb9d19a10b240, 7386;
v0xb9d19a10b240_7387 .array/port v0xb9d19a10b240, 7387;
v0xb9d19a10b240_7388 .array/port v0xb9d19a10b240, 7388;
E_0xb9d199e68640/1848 .event anyedge, v0xb9d19a10b240_7385, v0xb9d19a10b240_7386, v0xb9d19a10b240_7387, v0xb9d19a10b240_7388;
v0xb9d19a10b240_7389 .array/port v0xb9d19a10b240, 7389;
v0xb9d19a10b240_7390 .array/port v0xb9d19a10b240, 7390;
v0xb9d19a10b240_7391 .array/port v0xb9d19a10b240, 7391;
v0xb9d19a10b240_7392 .array/port v0xb9d19a10b240, 7392;
E_0xb9d199e68640/1849 .event anyedge, v0xb9d19a10b240_7389, v0xb9d19a10b240_7390, v0xb9d19a10b240_7391, v0xb9d19a10b240_7392;
v0xb9d19a10b240_7393 .array/port v0xb9d19a10b240, 7393;
v0xb9d19a10b240_7394 .array/port v0xb9d19a10b240, 7394;
v0xb9d19a10b240_7395 .array/port v0xb9d19a10b240, 7395;
v0xb9d19a10b240_7396 .array/port v0xb9d19a10b240, 7396;
E_0xb9d199e68640/1850 .event anyedge, v0xb9d19a10b240_7393, v0xb9d19a10b240_7394, v0xb9d19a10b240_7395, v0xb9d19a10b240_7396;
v0xb9d19a10b240_7397 .array/port v0xb9d19a10b240, 7397;
v0xb9d19a10b240_7398 .array/port v0xb9d19a10b240, 7398;
v0xb9d19a10b240_7399 .array/port v0xb9d19a10b240, 7399;
v0xb9d19a10b240_7400 .array/port v0xb9d19a10b240, 7400;
E_0xb9d199e68640/1851 .event anyedge, v0xb9d19a10b240_7397, v0xb9d19a10b240_7398, v0xb9d19a10b240_7399, v0xb9d19a10b240_7400;
v0xb9d19a10b240_7401 .array/port v0xb9d19a10b240, 7401;
v0xb9d19a10b240_7402 .array/port v0xb9d19a10b240, 7402;
v0xb9d19a10b240_7403 .array/port v0xb9d19a10b240, 7403;
v0xb9d19a10b240_7404 .array/port v0xb9d19a10b240, 7404;
E_0xb9d199e68640/1852 .event anyedge, v0xb9d19a10b240_7401, v0xb9d19a10b240_7402, v0xb9d19a10b240_7403, v0xb9d19a10b240_7404;
v0xb9d19a10b240_7405 .array/port v0xb9d19a10b240, 7405;
v0xb9d19a10b240_7406 .array/port v0xb9d19a10b240, 7406;
v0xb9d19a10b240_7407 .array/port v0xb9d19a10b240, 7407;
v0xb9d19a10b240_7408 .array/port v0xb9d19a10b240, 7408;
E_0xb9d199e68640/1853 .event anyedge, v0xb9d19a10b240_7405, v0xb9d19a10b240_7406, v0xb9d19a10b240_7407, v0xb9d19a10b240_7408;
v0xb9d19a10b240_7409 .array/port v0xb9d19a10b240, 7409;
v0xb9d19a10b240_7410 .array/port v0xb9d19a10b240, 7410;
v0xb9d19a10b240_7411 .array/port v0xb9d19a10b240, 7411;
v0xb9d19a10b240_7412 .array/port v0xb9d19a10b240, 7412;
E_0xb9d199e68640/1854 .event anyedge, v0xb9d19a10b240_7409, v0xb9d19a10b240_7410, v0xb9d19a10b240_7411, v0xb9d19a10b240_7412;
v0xb9d19a10b240_7413 .array/port v0xb9d19a10b240, 7413;
v0xb9d19a10b240_7414 .array/port v0xb9d19a10b240, 7414;
v0xb9d19a10b240_7415 .array/port v0xb9d19a10b240, 7415;
v0xb9d19a10b240_7416 .array/port v0xb9d19a10b240, 7416;
E_0xb9d199e68640/1855 .event anyedge, v0xb9d19a10b240_7413, v0xb9d19a10b240_7414, v0xb9d19a10b240_7415, v0xb9d19a10b240_7416;
v0xb9d19a10b240_7417 .array/port v0xb9d19a10b240, 7417;
v0xb9d19a10b240_7418 .array/port v0xb9d19a10b240, 7418;
v0xb9d19a10b240_7419 .array/port v0xb9d19a10b240, 7419;
v0xb9d19a10b240_7420 .array/port v0xb9d19a10b240, 7420;
E_0xb9d199e68640/1856 .event anyedge, v0xb9d19a10b240_7417, v0xb9d19a10b240_7418, v0xb9d19a10b240_7419, v0xb9d19a10b240_7420;
v0xb9d19a10b240_7421 .array/port v0xb9d19a10b240, 7421;
v0xb9d19a10b240_7422 .array/port v0xb9d19a10b240, 7422;
v0xb9d19a10b240_7423 .array/port v0xb9d19a10b240, 7423;
v0xb9d19a10b240_7424 .array/port v0xb9d19a10b240, 7424;
E_0xb9d199e68640/1857 .event anyedge, v0xb9d19a10b240_7421, v0xb9d19a10b240_7422, v0xb9d19a10b240_7423, v0xb9d19a10b240_7424;
v0xb9d19a10b240_7425 .array/port v0xb9d19a10b240, 7425;
v0xb9d19a10b240_7426 .array/port v0xb9d19a10b240, 7426;
v0xb9d19a10b240_7427 .array/port v0xb9d19a10b240, 7427;
v0xb9d19a10b240_7428 .array/port v0xb9d19a10b240, 7428;
E_0xb9d199e68640/1858 .event anyedge, v0xb9d19a10b240_7425, v0xb9d19a10b240_7426, v0xb9d19a10b240_7427, v0xb9d19a10b240_7428;
v0xb9d19a10b240_7429 .array/port v0xb9d19a10b240, 7429;
v0xb9d19a10b240_7430 .array/port v0xb9d19a10b240, 7430;
v0xb9d19a10b240_7431 .array/port v0xb9d19a10b240, 7431;
v0xb9d19a10b240_7432 .array/port v0xb9d19a10b240, 7432;
E_0xb9d199e68640/1859 .event anyedge, v0xb9d19a10b240_7429, v0xb9d19a10b240_7430, v0xb9d19a10b240_7431, v0xb9d19a10b240_7432;
v0xb9d19a10b240_7433 .array/port v0xb9d19a10b240, 7433;
v0xb9d19a10b240_7434 .array/port v0xb9d19a10b240, 7434;
v0xb9d19a10b240_7435 .array/port v0xb9d19a10b240, 7435;
v0xb9d19a10b240_7436 .array/port v0xb9d19a10b240, 7436;
E_0xb9d199e68640/1860 .event anyedge, v0xb9d19a10b240_7433, v0xb9d19a10b240_7434, v0xb9d19a10b240_7435, v0xb9d19a10b240_7436;
v0xb9d19a10b240_7437 .array/port v0xb9d19a10b240, 7437;
v0xb9d19a10b240_7438 .array/port v0xb9d19a10b240, 7438;
v0xb9d19a10b240_7439 .array/port v0xb9d19a10b240, 7439;
v0xb9d19a10b240_7440 .array/port v0xb9d19a10b240, 7440;
E_0xb9d199e68640/1861 .event anyedge, v0xb9d19a10b240_7437, v0xb9d19a10b240_7438, v0xb9d19a10b240_7439, v0xb9d19a10b240_7440;
v0xb9d19a10b240_7441 .array/port v0xb9d19a10b240, 7441;
v0xb9d19a10b240_7442 .array/port v0xb9d19a10b240, 7442;
v0xb9d19a10b240_7443 .array/port v0xb9d19a10b240, 7443;
v0xb9d19a10b240_7444 .array/port v0xb9d19a10b240, 7444;
E_0xb9d199e68640/1862 .event anyedge, v0xb9d19a10b240_7441, v0xb9d19a10b240_7442, v0xb9d19a10b240_7443, v0xb9d19a10b240_7444;
v0xb9d19a10b240_7445 .array/port v0xb9d19a10b240, 7445;
v0xb9d19a10b240_7446 .array/port v0xb9d19a10b240, 7446;
v0xb9d19a10b240_7447 .array/port v0xb9d19a10b240, 7447;
v0xb9d19a10b240_7448 .array/port v0xb9d19a10b240, 7448;
E_0xb9d199e68640/1863 .event anyedge, v0xb9d19a10b240_7445, v0xb9d19a10b240_7446, v0xb9d19a10b240_7447, v0xb9d19a10b240_7448;
v0xb9d19a10b240_7449 .array/port v0xb9d19a10b240, 7449;
v0xb9d19a10b240_7450 .array/port v0xb9d19a10b240, 7450;
v0xb9d19a10b240_7451 .array/port v0xb9d19a10b240, 7451;
v0xb9d19a10b240_7452 .array/port v0xb9d19a10b240, 7452;
E_0xb9d199e68640/1864 .event anyedge, v0xb9d19a10b240_7449, v0xb9d19a10b240_7450, v0xb9d19a10b240_7451, v0xb9d19a10b240_7452;
v0xb9d19a10b240_7453 .array/port v0xb9d19a10b240, 7453;
v0xb9d19a10b240_7454 .array/port v0xb9d19a10b240, 7454;
v0xb9d19a10b240_7455 .array/port v0xb9d19a10b240, 7455;
v0xb9d19a10b240_7456 .array/port v0xb9d19a10b240, 7456;
E_0xb9d199e68640/1865 .event anyedge, v0xb9d19a10b240_7453, v0xb9d19a10b240_7454, v0xb9d19a10b240_7455, v0xb9d19a10b240_7456;
v0xb9d19a10b240_7457 .array/port v0xb9d19a10b240, 7457;
v0xb9d19a10b240_7458 .array/port v0xb9d19a10b240, 7458;
v0xb9d19a10b240_7459 .array/port v0xb9d19a10b240, 7459;
v0xb9d19a10b240_7460 .array/port v0xb9d19a10b240, 7460;
E_0xb9d199e68640/1866 .event anyedge, v0xb9d19a10b240_7457, v0xb9d19a10b240_7458, v0xb9d19a10b240_7459, v0xb9d19a10b240_7460;
v0xb9d19a10b240_7461 .array/port v0xb9d19a10b240, 7461;
v0xb9d19a10b240_7462 .array/port v0xb9d19a10b240, 7462;
v0xb9d19a10b240_7463 .array/port v0xb9d19a10b240, 7463;
v0xb9d19a10b240_7464 .array/port v0xb9d19a10b240, 7464;
E_0xb9d199e68640/1867 .event anyedge, v0xb9d19a10b240_7461, v0xb9d19a10b240_7462, v0xb9d19a10b240_7463, v0xb9d19a10b240_7464;
v0xb9d19a10b240_7465 .array/port v0xb9d19a10b240, 7465;
v0xb9d19a10b240_7466 .array/port v0xb9d19a10b240, 7466;
v0xb9d19a10b240_7467 .array/port v0xb9d19a10b240, 7467;
v0xb9d19a10b240_7468 .array/port v0xb9d19a10b240, 7468;
E_0xb9d199e68640/1868 .event anyedge, v0xb9d19a10b240_7465, v0xb9d19a10b240_7466, v0xb9d19a10b240_7467, v0xb9d19a10b240_7468;
v0xb9d19a10b240_7469 .array/port v0xb9d19a10b240, 7469;
v0xb9d19a10b240_7470 .array/port v0xb9d19a10b240, 7470;
v0xb9d19a10b240_7471 .array/port v0xb9d19a10b240, 7471;
v0xb9d19a10b240_7472 .array/port v0xb9d19a10b240, 7472;
E_0xb9d199e68640/1869 .event anyedge, v0xb9d19a10b240_7469, v0xb9d19a10b240_7470, v0xb9d19a10b240_7471, v0xb9d19a10b240_7472;
v0xb9d19a10b240_7473 .array/port v0xb9d19a10b240, 7473;
v0xb9d19a10b240_7474 .array/port v0xb9d19a10b240, 7474;
v0xb9d19a10b240_7475 .array/port v0xb9d19a10b240, 7475;
v0xb9d19a10b240_7476 .array/port v0xb9d19a10b240, 7476;
E_0xb9d199e68640/1870 .event anyedge, v0xb9d19a10b240_7473, v0xb9d19a10b240_7474, v0xb9d19a10b240_7475, v0xb9d19a10b240_7476;
v0xb9d19a10b240_7477 .array/port v0xb9d19a10b240, 7477;
v0xb9d19a10b240_7478 .array/port v0xb9d19a10b240, 7478;
v0xb9d19a10b240_7479 .array/port v0xb9d19a10b240, 7479;
v0xb9d19a10b240_7480 .array/port v0xb9d19a10b240, 7480;
E_0xb9d199e68640/1871 .event anyedge, v0xb9d19a10b240_7477, v0xb9d19a10b240_7478, v0xb9d19a10b240_7479, v0xb9d19a10b240_7480;
v0xb9d19a10b240_7481 .array/port v0xb9d19a10b240, 7481;
v0xb9d19a10b240_7482 .array/port v0xb9d19a10b240, 7482;
v0xb9d19a10b240_7483 .array/port v0xb9d19a10b240, 7483;
v0xb9d19a10b240_7484 .array/port v0xb9d19a10b240, 7484;
E_0xb9d199e68640/1872 .event anyedge, v0xb9d19a10b240_7481, v0xb9d19a10b240_7482, v0xb9d19a10b240_7483, v0xb9d19a10b240_7484;
v0xb9d19a10b240_7485 .array/port v0xb9d19a10b240, 7485;
v0xb9d19a10b240_7486 .array/port v0xb9d19a10b240, 7486;
v0xb9d19a10b240_7487 .array/port v0xb9d19a10b240, 7487;
v0xb9d19a10b240_7488 .array/port v0xb9d19a10b240, 7488;
E_0xb9d199e68640/1873 .event anyedge, v0xb9d19a10b240_7485, v0xb9d19a10b240_7486, v0xb9d19a10b240_7487, v0xb9d19a10b240_7488;
v0xb9d19a10b240_7489 .array/port v0xb9d19a10b240, 7489;
v0xb9d19a10b240_7490 .array/port v0xb9d19a10b240, 7490;
v0xb9d19a10b240_7491 .array/port v0xb9d19a10b240, 7491;
v0xb9d19a10b240_7492 .array/port v0xb9d19a10b240, 7492;
E_0xb9d199e68640/1874 .event anyedge, v0xb9d19a10b240_7489, v0xb9d19a10b240_7490, v0xb9d19a10b240_7491, v0xb9d19a10b240_7492;
v0xb9d19a10b240_7493 .array/port v0xb9d19a10b240, 7493;
v0xb9d19a10b240_7494 .array/port v0xb9d19a10b240, 7494;
v0xb9d19a10b240_7495 .array/port v0xb9d19a10b240, 7495;
v0xb9d19a10b240_7496 .array/port v0xb9d19a10b240, 7496;
E_0xb9d199e68640/1875 .event anyedge, v0xb9d19a10b240_7493, v0xb9d19a10b240_7494, v0xb9d19a10b240_7495, v0xb9d19a10b240_7496;
v0xb9d19a10b240_7497 .array/port v0xb9d19a10b240, 7497;
v0xb9d19a10b240_7498 .array/port v0xb9d19a10b240, 7498;
v0xb9d19a10b240_7499 .array/port v0xb9d19a10b240, 7499;
v0xb9d19a10b240_7500 .array/port v0xb9d19a10b240, 7500;
E_0xb9d199e68640/1876 .event anyedge, v0xb9d19a10b240_7497, v0xb9d19a10b240_7498, v0xb9d19a10b240_7499, v0xb9d19a10b240_7500;
v0xb9d19a10b240_7501 .array/port v0xb9d19a10b240, 7501;
v0xb9d19a10b240_7502 .array/port v0xb9d19a10b240, 7502;
v0xb9d19a10b240_7503 .array/port v0xb9d19a10b240, 7503;
v0xb9d19a10b240_7504 .array/port v0xb9d19a10b240, 7504;
E_0xb9d199e68640/1877 .event anyedge, v0xb9d19a10b240_7501, v0xb9d19a10b240_7502, v0xb9d19a10b240_7503, v0xb9d19a10b240_7504;
v0xb9d19a10b240_7505 .array/port v0xb9d19a10b240, 7505;
v0xb9d19a10b240_7506 .array/port v0xb9d19a10b240, 7506;
v0xb9d19a10b240_7507 .array/port v0xb9d19a10b240, 7507;
v0xb9d19a10b240_7508 .array/port v0xb9d19a10b240, 7508;
E_0xb9d199e68640/1878 .event anyedge, v0xb9d19a10b240_7505, v0xb9d19a10b240_7506, v0xb9d19a10b240_7507, v0xb9d19a10b240_7508;
v0xb9d19a10b240_7509 .array/port v0xb9d19a10b240, 7509;
v0xb9d19a10b240_7510 .array/port v0xb9d19a10b240, 7510;
v0xb9d19a10b240_7511 .array/port v0xb9d19a10b240, 7511;
v0xb9d19a10b240_7512 .array/port v0xb9d19a10b240, 7512;
E_0xb9d199e68640/1879 .event anyedge, v0xb9d19a10b240_7509, v0xb9d19a10b240_7510, v0xb9d19a10b240_7511, v0xb9d19a10b240_7512;
v0xb9d19a10b240_7513 .array/port v0xb9d19a10b240, 7513;
v0xb9d19a10b240_7514 .array/port v0xb9d19a10b240, 7514;
v0xb9d19a10b240_7515 .array/port v0xb9d19a10b240, 7515;
v0xb9d19a10b240_7516 .array/port v0xb9d19a10b240, 7516;
E_0xb9d199e68640/1880 .event anyedge, v0xb9d19a10b240_7513, v0xb9d19a10b240_7514, v0xb9d19a10b240_7515, v0xb9d19a10b240_7516;
v0xb9d19a10b240_7517 .array/port v0xb9d19a10b240, 7517;
v0xb9d19a10b240_7518 .array/port v0xb9d19a10b240, 7518;
v0xb9d19a10b240_7519 .array/port v0xb9d19a10b240, 7519;
v0xb9d19a10b240_7520 .array/port v0xb9d19a10b240, 7520;
E_0xb9d199e68640/1881 .event anyedge, v0xb9d19a10b240_7517, v0xb9d19a10b240_7518, v0xb9d19a10b240_7519, v0xb9d19a10b240_7520;
v0xb9d19a10b240_7521 .array/port v0xb9d19a10b240, 7521;
v0xb9d19a10b240_7522 .array/port v0xb9d19a10b240, 7522;
v0xb9d19a10b240_7523 .array/port v0xb9d19a10b240, 7523;
v0xb9d19a10b240_7524 .array/port v0xb9d19a10b240, 7524;
E_0xb9d199e68640/1882 .event anyedge, v0xb9d19a10b240_7521, v0xb9d19a10b240_7522, v0xb9d19a10b240_7523, v0xb9d19a10b240_7524;
v0xb9d19a10b240_7525 .array/port v0xb9d19a10b240, 7525;
v0xb9d19a10b240_7526 .array/port v0xb9d19a10b240, 7526;
v0xb9d19a10b240_7527 .array/port v0xb9d19a10b240, 7527;
v0xb9d19a10b240_7528 .array/port v0xb9d19a10b240, 7528;
E_0xb9d199e68640/1883 .event anyedge, v0xb9d19a10b240_7525, v0xb9d19a10b240_7526, v0xb9d19a10b240_7527, v0xb9d19a10b240_7528;
v0xb9d19a10b240_7529 .array/port v0xb9d19a10b240, 7529;
v0xb9d19a10b240_7530 .array/port v0xb9d19a10b240, 7530;
v0xb9d19a10b240_7531 .array/port v0xb9d19a10b240, 7531;
v0xb9d19a10b240_7532 .array/port v0xb9d19a10b240, 7532;
E_0xb9d199e68640/1884 .event anyedge, v0xb9d19a10b240_7529, v0xb9d19a10b240_7530, v0xb9d19a10b240_7531, v0xb9d19a10b240_7532;
v0xb9d19a10b240_7533 .array/port v0xb9d19a10b240, 7533;
v0xb9d19a10b240_7534 .array/port v0xb9d19a10b240, 7534;
v0xb9d19a10b240_7535 .array/port v0xb9d19a10b240, 7535;
v0xb9d19a10b240_7536 .array/port v0xb9d19a10b240, 7536;
E_0xb9d199e68640/1885 .event anyedge, v0xb9d19a10b240_7533, v0xb9d19a10b240_7534, v0xb9d19a10b240_7535, v0xb9d19a10b240_7536;
v0xb9d19a10b240_7537 .array/port v0xb9d19a10b240, 7537;
v0xb9d19a10b240_7538 .array/port v0xb9d19a10b240, 7538;
v0xb9d19a10b240_7539 .array/port v0xb9d19a10b240, 7539;
v0xb9d19a10b240_7540 .array/port v0xb9d19a10b240, 7540;
E_0xb9d199e68640/1886 .event anyedge, v0xb9d19a10b240_7537, v0xb9d19a10b240_7538, v0xb9d19a10b240_7539, v0xb9d19a10b240_7540;
v0xb9d19a10b240_7541 .array/port v0xb9d19a10b240, 7541;
v0xb9d19a10b240_7542 .array/port v0xb9d19a10b240, 7542;
v0xb9d19a10b240_7543 .array/port v0xb9d19a10b240, 7543;
v0xb9d19a10b240_7544 .array/port v0xb9d19a10b240, 7544;
E_0xb9d199e68640/1887 .event anyedge, v0xb9d19a10b240_7541, v0xb9d19a10b240_7542, v0xb9d19a10b240_7543, v0xb9d19a10b240_7544;
v0xb9d19a10b240_7545 .array/port v0xb9d19a10b240, 7545;
v0xb9d19a10b240_7546 .array/port v0xb9d19a10b240, 7546;
v0xb9d19a10b240_7547 .array/port v0xb9d19a10b240, 7547;
v0xb9d19a10b240_7548 .array/port v0xb9d19a10b240, 7548;
E_0xb9d199e68640/1888 .event anyedge, v0xb9d19a10b240_7545, v0xb9d19a10b240_7546, v0xb9d19a10b240_7547, v0xb9d19a10b240_7548;
v0xb9d19a10b240_7549 .array/port v0xb9d19a10b240, 7549;
v0xb9d19a10b240_7550 .array/port v0xb9d19a10b240, 7550;
v0xb9d19a10b240_7551 .array/port v0xb9d19a10b240, 7551;
v0xb9d19a10b240_7552 .array/port v0xb9d19a10b240, 7552;
E_0xb9d199e68640/1889 .event anyedge, v0xb9d19a10b240_7549, v0xb9d19a10b240_7550, v0xb9d19a10b240_7551, v0xb9d19a10b240_7552;
v0xb9d19a10b240_7553 .array/port v0xb9d19a10b240, 7553;
v0xb9d19a10b240_7554 .array/port v0xb9d19a10b240, 7554;
v0xb9d19a10b240_7555 .array/port v0xb9d19a10b240, 7555;
v0xb9d19a10b240_7556 .array/port v0xb9d19a10b240, 7556;
E_0xb9d199e68640/1890 .event anyedge, v0xb9d19a10b240_7553, v0xb9d19a10b240_7554, v0xb9d19a10b240_7555, v0xb9d19a10b240_7556;
v0xb9d19a10b240_7557 .array/port v0xb9d19a10b240, 7557;
v0xb9d19a10b240_7558 .array/port v0xb9d19a10b240, 7558;
v0xb9d19a10b240_7559 .array/port v0xb9d19a10b240, 7559;
v0xb9d19a10b240_7560 .array/port v0xb9d19a10b240, 7560;
E_0xb9d199e68640/1891 .event anyedge, v0xb9d19a10b240_7557, v0xb9d19a10b240_7558, v0xb9d19a10b240_7559, v0xb9d19a10b240_7560;
v0xb9d19a10b240_7561 .array/port v0xb9d19a10b240, 7561;
v0xb9d19a10b240_7562 .array/port v0xb9d19a10b240, 7562;
v0xb9d19a10b240_7563 .array/port v0xb9d19a10b240, 7563;
v0xb9d19a10b240_7564 .array/port v0xb9d19a10b240, 7564;
E_0xb9d199e68640/1892 .event anyedge, v0xb9d19a10b240_7561, v0xb9d19a10b240_7562, v0xb9d19a10b240_7563, v0xb9d19a10b240_7564;
v0xb9d19a10b240_7565 .array/port v0xb9d19a10b240, 7565;
v0xb9d19a10b240_7566 .array/port v0xb9d19a10b240, 7566;
v0xb9d19a10b240_7567 .array/port v0xb9d19a10b240, 7567;
v0xb9d19a10b240_7568 .array/port v0xb9d19a10b240, 7568;
E_0xb9d199e68640/1893 .event anyedge, v0xb9d19a10b240_7565, v0xb9d19a10b240_7566, v0xb9d19a10b240_7567, v0xb9d19a10b240_7568;
v0xb9d19a10b240_7569 .array/port v0xb9d19a10b240, 7569;
v0xb9d19a10b240_7570 .array/port v0xb9d19a10b240, 7570;
v0xb9d19a10b240_7571 .array/port v0xb9d19a10b240, 7571;
v0xb9d19a10b240_7572 .array/port v0xb9d19a10b240, 7572;
E_0xb9d199e68640/1894 .event anyedge, v0xb9d19a10b240_7569, v0xb9d19a10b240_7570, v0xb9d19a10b240_7571, v0xb9d19a10b240_7572;
v0xb9d19a10b240_7573 .array/port v0xb9d19a10b240, 7573;
v0xb9d19a10b240_7574 .array/port v0xb9d19a10b240, 7574;
v0xb9d19a10b240_7575 .array/port v0xb9d19a10b240, 7575;
v0xb9d19a10b240_7576 .array/port v0xb9d19a10b240, 7576;
E_0xb9d199e68640/1895 .event anyedge, v0xb9d19a10b240_7573, v0xb9d19a10b240_7574, v0xb9d19a10b240_7575, v0xb9d19a10b240_7576;
v0xb9d19a10b240_7577 .array/port v0xb9d19a10b240, 7577;
v0xb9d19a10b240_7578 .array/port v0xb9d19a10b240, 7578;
v0xb9d19a10b240_7579 .array/port v0xb9d19a10b240, 7579;
v0xb9d19a10b240_7580 .array/port v0xb9d19a10b240, 7580;
E_0xb9d199e68640/1896 .event anyedge, v0xb9d19a10b240_7577, v0xb9d19a10b240_7578, v0xb9d19a10b240_7579, v0xb9d19a10b240_7580;
v0xb9d19a10b240_7581 .array/port v0xb9d19a10b240, 7581;
v0xb9d19a10b240_7582 .array/port v0xb9d19a10b240, 7582;
v0xb9d19a10b240_7583 .array/port v0xb9d19a10b240, 7583;
v0xb9d19a10b240_7584 .array/port v0xb9d19a10b240, 7584;
E_0xb9d199e68640/1897 .event anyedge, v0xb9d19a10b240_7581, v0xb9d19a10b240_7582, v0xb9d19a10b240_7583, v0xb9d19a10b240_7584;
v0xb9d19a10b240_7585 .array/port v0xb9d19a10b240, 7585;
v0xb9d19a10b240_7586 .array/port v0xb9d19a10b240, 7586;
v0xb9d19a10b240_7587 .array/port v0xb9d19a10b240, 7587;
v0xb9d19a10b240_7588 .array/port v0xb9d19a10b240, 7588;
E_0xb9d199e68640/1898 .event anyedge, v0xb9d19a10b240_7585, v0xb9d19a10b240_7586, v0xb9d19a10b240_7587, v0xb9d19a10b240_7588;
v0xb9d19a10b240_7589 .array/port v0xb9d19a10b240, 7589;
v0xb9d19a10b240_7590 .array/port v0xb9d19a10b240, 7590;
v0xb9d19a10b240_7591 .array/port v0xb9d19a10b240, 7591;
v0xb9d19a10b240_7592 .array/port v0xb9d19a10b240, 7592;
E_0xb9d199e68640/1899 .event anyedge, v0xb9d19a10b240_7589, v0xb9d19a10b240_7590, v0xb9d19a10b240_7591, v0xb9d19a10b240_7592;
v0xb9d19a10b240_7593 .array/port v0xb9d19a10b240, 7593;
v0xb9d19a10b240_7594 .array/port v0xb9d19a10b240, 7594;
v0xb9d19a10b240_7595 .array/port v0xb9d19a10b240, 7595;
v0xb9d19a10b240_7596 .array/port v0xb9d19a10b240, 7596;
E_0xb9d199e68640/1900 .event anyedge, v0xb9d19a10b240_7593, v0xb9d19a10b240_7594, v0xb9d19a10b240_7595, v0xb9d19a10b240_7596;
v0xb9d19a10b240_7597 .array/port v0xb9d19a10b240, 7597;
v0xb9d19a10b240_7598 .array/port v0xb9d19a10b240, 7598;
v0xb9d19a10b240_7599 .array/port v0xb9d19a10b240, 7599;
v0xb9d19a10b240_7600 .array/port v0xb9d19a10b240, 7600;
E_0xb9d199e68640/1901 .event anyedge, v0xb9d19a10b240_7597, v0xb9d19a10b240_7598, v0xb9d19a10b240_7599, v0xb9d19a10b240_7600;
v0xb9d19a10b240_7601 .array/port v0xb9d19a10b240, 7601;
v0xb9d19a10b240_7602 .array/port v0xb9d19a10b240, 7602;
v0xb9d19a10b240_7603 .array/port v0xb9d19a10b240, 7603;
v0xb9d19a10b240_7604 .array/port v0xb9d19a10b240, 7604;
E_0xb9d199e68640/1902 .event anyedge, v0xb9d19a10b240_7601, v0xb9d19a10b240_7602, v0xb9d19a10b240_7603, v0xb9d19a10b240_7604;
v0xb9d19a10b240_7605 .array/port v0xb9d19a10b240, 7605;
v0xb9d19a10b240_7606 .array/port v0xb9d19a10b240, 7606;
v0xb9d19a10b240_7607 .array/port v0xb9d19a10b240, 7607;
v0xb9d19a10b240_7608 .array/port v0xb9d19a10b240, 7608;
E_0xb9d199e68640/1903 .event anyedge, v0xb9d19a10b240_7605, v0xb9d19a10b240_7606, v0xb9d19a10b240_7607, v0xb9d19a10b240_7608;
v0xb9d19a10b240_7609 .array/port v0xb9d19a10b240, 7609;
v0xb9d19a10b240_7610 .array/port v0xb9d19a10b240, 7610;
v0xb9d19a10b240_7611 .array/port v0xb9d19a10b240, 7611;
v0xb9d19a10b240_7612 .array/port v0xb9d19a10b240, 7612;
E_0xb9d199e68640/1904 .event anyedge, v0xb9d19a10b240_7609, v0xb9d19a10b240_7610, v0xb9d19a10b240_7611, v0xb9d19a10b240_7612;
v0xb9d19a10b240_7613 .array/port v0xb9d19a10b240, 7613;
v0xb9d19a10b240_7614 .array/port v0xb9d19a10b240, 7614;
v0xb9d19a10b240_7615 .array/port v0xb9d19a10b240, 7615;
v0xb9d19a10b240_7616 .array/port v0xb9d19a10b240, 7616;
E_0xb9d199e68640/1905 .event anyedge, v0xb9d19a10b240_7613, v0xb9d19a10b240_7614, v0xb9d19a10b240_7615, v0xb9d19a10b240_7616;
v0xb9d19a10b240_7617 .array/port v0xb9d19a10b240, 7617;
v0xb9d19a10b240_7618 .array/port v0xb9d19a10b240, 7618;
v0xb9d19a10b240_7619 .array/port v0xb9d19a10b240, 7619;
v0xb9d19a10b240_7620 .array/port v0xb9d19a10b240, 7620;
E_0xb9d199e68640/1906 .event anyedge, v0xb9d19a10b240_7617, v0xb9d19a10b240_7618, v0xb9d19a10b240_7619, v0xb9d19a10b240_7620;
v0xb9d19a10b240_7621 .array/port v0xb9d19a10b240, 7621;
v0xb9d19a10b240_7622 .array/port v0xb9d19a10b240, 7622;
v0xb9d19a10b240_7623 .array/port v0xb9d19a10b240, 7623;
v0xb9d19a10b240_7624 .array/port v0xb9d19a10b240, 7624;
E_0xb9d199e68640/1907 .event anyedge, v0xb9d19a10b240_7621, v0xb9d19a10b240_7622, v0xb9d19a10b240_7623, v0xb9d19a10b240_7624;
v0xb9d19a10b240_7625 .array/port v0xb9d19a10b240, 7625;
v0xb9d19a10b240_7626 .array/port v0xb9d19a10b240, 7626;
v0xb9d19a10b240_7627 .array/port v0xb9d19a10b240, 7627;
v0xb9d19a10b240_7628 .array/port v0xb9d19a10b240, 7628;
E_0xb9d199e68640/1908 .event anyedge, v0xb9d19a10b240_7625, v0xb9d19a10b240_7626, v0xb9d19a10b240_7627, v0xb9d19a10b240_7628;
v0xb9d19a10b240_7629 .array/port v0xb9d19a10b240, 7629;
v0xb9d19a10b240_7630 .array/port v0xb9d19a10b240, 7630;
v0xb9d19a10b240_7631 .array/port v0xb9d19a10b240, 7631;
v0xb9d19a10b240_7632 .array/port v0xb9d19a10b240, 7632;
E_0xb9d199e68640/1909 .event anyedge, v0xb9d19a10b240_7629, v0xb9d19a10b240_7630, v0xb9d19a10b240_7631, v0xb9d19a10b240_7632;
v0xb9d19a10b240_7633 .array/port v0xb9d19a10b240, 7633;
v0xb9d19a10b240_7634 .array/port v0xb9d19a10b240, 7634;
v0xb9d19a10b240_7635 .array/port v0xb9d19a10b240, 7635;
v0xb9d19a10b240_7636 .array/port v0xb9d19a10b240, 7636;
E_0xb9d199e68640/1910 .event anyedge, v0xb9d19a10b240_7633, v0xb9d19a10b240_7634, v0xb9d19a10b240_7635, v0xb9d19a10b240_7636;
v0xb9d19a10b240_7637 .array/port v0xb9d19a10b240, 7637;
v0xb9d19a10b240_7638 .array/port v0xb9d19a10b240, 7638;
v0xb9d19a10b240_7639 .array/port v0xb9d19a10b240, 7639;
v0xb9d19a10b240_7640 .array/port v0xb9d19a10b240, 7640;
E_0xb9d199e68640/1911 .event anyedge, v0xb9d19a10b240_7637, v0xb9d19a10b240_7638, v0xb9d19a10b240_7639, v0xb9d19a10b240_7640;
v0xb9d19a10b240_7641 .array/port v0xb9d19a10b240, 7641;
v0xb9d19a10b240_7642 .array/port v0xb9d19a10b240, 7642;
v0xb9d19a10b240_7643 .array/port v0xb9d19a10b240, 7643;
v0xb9d19a10b240_7644 .array/port v0xb9d19a10b240, 7644;
E_0xb9d199e68640/1912 .event anyedge, v0xb9d19a10b240_7641, v0xb9d19a10b240_7642, v0xb9d19a10b240_7643, v0xb9d19a10b240_7644;
v0xb9d19a10b240_7645 .array/port v0xb9d19a10b240, 7645;
v0xb9d19a10b240_7646 .array/port v0xb9d19a10b240, 7646;
v0xb9d19a10b240_7647 .array/port v0xb9d19a10b240, 7647;
v0xb9d19a10b240_7648 .array/port v0xb9d19a10b240, 7648;
E_0xb9d199e68640/1913 .event anyedge, v0xb9d19a10b240_7645, v0xb9d19a10b240_7646, v0xb9d19a10b240_7647, v0xb9d19a10b240_7648;
v0xb9d19a10b240_7649 .array/port v0xb9d19a10b240, 7649;
v0xb9d19a10b240_7650 .array/port v0xb9d19a10b240, 7650;
v0xb9d19a10b240_7651 .array/port v0xb9d19a10b240, 7651;
v0xb9d19a10b240_7652 .array/port v0xb9d19a10b240, 7652;
E_0xb9d199e68640/1914 .event anyedge, v0xb9d19a10b240_7649, v0xb9d19a10b240_7650, v0xb9d19a10b240_7651, v0xb9d19a10b240_7652;
v0xb9d19a10b240_7653 .array/port v0xb9d19a10b240, 7653;
v0xb9d19a10b240_7654 .array/port v0xb9d19a10b240, 7654;
v0xb9d19a10b240_7655 .array/port v0xb9d19a10b240, 7655;
v0xb9d19a10b240_7656 .array/port v0xb9d19a10b240, 7656;
E_0xb9d199e68640/1915 .event anyedge, v0xb9d19a10b240_7653, v0xb9d19a10b240_7654, v0xb9d19a10b240_7655, v0xb9d19a10b240_7656;
v0xb9d19a10b240_7657 .array/port v0xb9d19a10b240, 7657;
v0xb9d19a10b240_7658 .array/port v0xb9d19a10b240, 7658;
v0xb9d19a10b240_7659 .array/port v0xb9d19a10b240, 7659;
v0xb9d19a10b240_7660 .array/port v0xb9d19a10b240, 7660;
E_0xb9d199e68640/1916 .event anyedge, v0xb9d19a10b240_7657, v0xb9d19a10b240_7658, v0xb9d19a10b240_7659, v0xb9d19a10b240_7660;
v0xb9d19a10b240_7661 .array/port v0xb9d19a10b240, 7661;
v0xb9d19a10b240_7662 .array/port v0xb9d19a10b240, 7662;
v0xb9d19a10b240_7663 .array/port v0xb9d19a10b240, 7663;
v0xb9d19a10b240_7664 .array/port v0xb9d19a10b240, 7664;
E_0xb9d199e68640/1917 .event anyedge, v0xb9d19a10b240_7661, v0xb9d19a10b240_7662, v0xb9d19a10b240_7663, v0xb9d19a10b240_7664;
v0xb9d19a10b240_7665 .array/port v0xb9d19a10b240, 7665;
v0xb9d19a10b240_7666 .array/port v0xb9d19a10b240, 7666;
v0xb9d19a10b240_7667 .array/port v0xb9d19a10b240, 7667;
v0xb9d19a10b240_7668 .array/port v0xb9d19a10b240, 7668;
E_0xb9d199e68640/1918 .event anyedge, v0xb9d19a10b240_7665, v0xb9d19a10b240_7666, v0xb9d19a10b240_7667, v0xb9d19a10b240_7668;
v0xb9d19a10b240_7669 .array/port v0xb9d19a10b240, 7669;
v0xb9d19a10b240_7670 .array/port v0xb9d19a10b240, 7670;
v0xb9d19a10b240_7671 .array/port v0xb9d19a10b240, 7671;
v0xb9d19a10b240_7672 .array/port v0xb9d19a10b240, 7672;
E_0xb9d199e68640/1919 .event anyedge, v0xb9d19a10b240_7669, v0xb9d19a10b240_7670, v0xb9d19a10b240_7671, v0xb9d19a10b240_7672;
v0xb9d19a10b240_7673 .array/port v0xb9d19a10b240, 7673;
v0xb9d19a10b240_7674 .array/port v0xb9d19a10b240, 7674;
v0xb9d19a10b240_7675 .array/port v0xb9d19a10b240, 7675;
v0xb9d19a10b240_7676 .array/port v0xb9d19a10b240, 7676;
E_0xb9d199e68640/1920 .event anyedge, v0xb9d19a10b240_7673, v0xb9d19a10b240_7674, v0xb9d19a10b240_7675, v0xb9d19a10b240_7676;
v0xb9d19a10b240_7677 .array/port v0xb9d19a10b240, 7677;
v0xb9d19a10b240_7678 .array/port v0xb9d19a10b240, 7678;
v0xb9d19a10b240_7679 .array/port v0xb9d19a10b240, 7679;
v0xb9d19a10b240_7680 .array/port v0xb9d19a10b240, 7680;
E_0xb9d199e68640/1921 .event anyedge, v0xb9d19a10b240_7677, v0xb9d19a10b240_7678, v0xb9d19a10b240_7679, v0xb9d19a10b240_7680;
v0xb9d19a10b240_7681 .array/port v0xb9d19a10b240, 7681;
v0xb9d19a10b240_7682 .array/port v0xb9d19a10b240, 7682;
v0xb9d19a10b240_7683 .array/port v0xb9d19a10b240, 7683;
v0xb9d19a10b240_7684 .array/port v0xb9d19a10b240, 7684;
E_0xb9d199e68640/1922 .event anyedge, v0xb9d19a10b240_7681, v0xb9d19a10b240_7682, v0xb9d19a10b240_7683, v0xb9d19a10b240_7684;
v0xb9d19a10b240_7685 .array/port v0xb9d19a10b240, 7685;
v0xb9d19a10b240_7686 .array/port v0xb9d19a10b240, 7686;
v0xb9d19a10b240_7687 .array/port v0xb9d19a10b240, 7687;
v0xb9d19a10b240_7688 .array/port v0xb9d19a10b240, 7688;
E_0xb9d199e68640/1923 .event anyedge, v0xb9d19a10b240_7685, v0xb9d19a10b240_7686, v0xb9d19a10b240_7687, v0xb9d19a10b240_7688;
v0xb9d19a10b240_7689 .array/port v0xb9d19a10b240, 7689;
v0xb9d19a10b240_7690 .array/port v0xb9d19a10b240, 7690;
v0xb9d19a10b240_7691 .array/port v0xb9d19a10b240, 7691;
v0xb9d19a10b240_7692 .array/port v0xb9d19a10b240, 7692;
E_0xb9d199e68640/1924 .event anyedge, v0xb9d19a10b240_7689, v0xb9d19a10b240_7690, v0xb9d19a10b240_7691, v0xb9d19a10b240_7692;
v0xb9d19a10b240_7693 .array/port v0xb9d19a10b240, 7693;
v0xb9d19a10b240_7694 .array/port v0xb9d19a10b240, 7694;
v0xb9d19a10b240_7695 .array/port v0xb9d19a10b240, 7695;
v0xb9d19a10b240_7696 .array/port v0xb9d19a10b240, 7696;
E_0xb9d199e68640/1925 .event anyedge, v0xb9d19a10b240_7693, v0xb9d19a10b240_7694, v0xb9d19a10b240_7695, v0xb9d19a10b240_7696;
v0xb9d19a10b240_7697 .array/port v0xb9d19a10b240, 7697;
v0xb9d19a10b240_7698 .array/port v0xb9d19a10b240, 7698;
v0xb9d19a10b240_7699 .array/port v0xb9d19a10b240, 7699;
v0xb9d19a10b240_7700 .array/port v0xb9d19a10b240, 7700;
E_0xb9d199e68640/1926 .event anyedge, v0xb9d19a10b240_7697, v0xb9d19a10b240_7698, v0xb9d19a10b240_7699, v0xb9d19a10b240_7700;
v0xb9d19a10b240_7701 .array/port v0xb9d19a10b240, 7701;
v0xb9d19a10b240_7702 .array/port v0xb9d19a10b240, 7702;
v0xb9d19a10b240_7703 .array/port v0xb9d19a10b240, 7703;
v0xb9d19a10b240_7704 .array/port v0xb9d19a10b240, 7704;
E_0xb9d199e68640/1927 .event anyedge, v0xb9d19a10b240_7701, v0xb9d19a10b240_7702, v0xb9d19a10b240_7703, v0xb9d19a10b240_7704;
v0xb9d19a10b240_7705 .array/port v0xb9d19a10b240, 7705;
v0xb9d19a10b240_7706 .array/port v0xb9d19a10b240, 7706;
v0xb9d19a10b240_7707 .array/port v0xb9d19a10b240, 7707;
v0xb9d19a10b240_7708 .array/port v0xb9d19a10b240, 7708;
E_0xb9d199e68640/1928 .event anyedge, v0xb9d19a10b240_7705, v0xb9d19a10b240_7706, v0xb9d19a10b240_7707, v0xb9d19a10b240_7708;
v0xb9d19a10b240_7709 .array/port v0xb9d19a10b240, 7709;
v0xb9d19a10b240_7710 .array/port v0xb9d19a10b240, 7710;
v0xb9d19a10b240_7711 .array/port v0xb9d19a10b240, 7711;
v0xb9d19a10b240_7712 .array/port v0xb9d19a10b240, 7712;
E_0xb9d199e68640/1929 .event anyedge, v0xb9d19a10b240_7709, v0xb9d19a10b240_7710, v0xb9d19a10b240_7711, v0xb9d19a10b240_7712;
v0xb9d19a10b240_7713 .array/port v0xb9d19a10b240, 7713;
v0xb9d19a10b240_7714 .array/port v0xb9d19a10b240, 7714;
v0xb9d19a10b240_7715 .array/port v0xb9d19a10b240, 7715;
v0xb9d19a10b240_7716 .array/port v0xb9d19a10b240, 7716;
E_0xb9d199e68640/1930 .event anyedge, v0xb9d19a10b240_7713, v0xb9d19a10b240_7714, v0xb9d19a10b240_7715, v0xb9d19a10b240_7716;
v0xb9d19a10b240_7717 .array/port v0xb9d19a10b240, 7717;
v0xb9d19a10b240_7718 .array/port v0xb9d19a10b240, 7718;
v0xb9d19a10b240_7719 .array/port v0xb9d19a10b240, 7719;
v0xb9d19a10b240_7720 .array/port v0xb9d19a10b240, 7720;
E_0xb9d199e68640/1931 .event anyedge, v0xb9d19a10b240_7717, v0xb9d19a10b240_7718, v0xb9d19a10b240_7719, v0xb9d19a10b240_7720;
v0xb9d19a10b240_7721 .array/port v0xb9d19a10b240, 7721;
v0xb9d19a10b240_7722 .array/port v0xb9d19a10b240, 7722;
v0xb9d19a10b240_7723 .array/port v0xb9d19a10b240, 7723;
v0xb9d19a10b240_7724 .array/port v0xb9d19a10b240, 7724;
E_0xb9d199e68640/1932 .event anyedge, v0xb9d19a10b240_7721, v0xb9d19a10b240_7722, v0xb9d19a10b240_7723, v0xb9d19a10b240_7724;
v0xb9d19a10b240_7725 .array/port v0xb9d19a10b240, 7725;
v0xb9d19a10b240_7726 .array/port v0xb9d19a10b240, 7726;
v0xb9d19a10b240_7727 .array/port v0xb9d19a10b240, 7727;
v0xb9d19a10b240_7728 .array/port v0xb9d19a10b240, 7728;
E_0xb9d199e68640/1933 .event anyedge, v0xb9d19a10b240_7725, v0xb9d19a10b240_7726, v0xb9d19a10b240_7727, v0xb9d19a10b240_7728;
v0xb9d19a10b240_7729 .array/port v0xb9d19a10b240, 7729;
v0xb9d19a10b240_7730 .array/port v0xb9d19a10b240, 7730;
v0xb9d19a10b240_7731 .array/port v0xb9d19a10b240, 7731;
v0xb9d19a10b240_7732 .array/port v0xb9d19a10b240, 7732;
E_0xb9d199e68640/1934 .event anyedge, v0xb9d19a10b240_7729, v0xb9d19a10b240_7730, v0xb9d19a10b240_7731, v0xb9d19a10b240_7732;
v0xb9d19a10b240_7733 .array/port v0xb9d19a10b240, 7733;
v0xb9d19a10b240_7734 .array/port v0xb9d19a10b240, 7734;
v0xb9d19a10b240_7735 .array/port v0xb9d19a10b240, 7735;
v0xb9d19a10b240_7736 .array/port v0xb9d19a10b240, 7736;
E_0xb9d199e68640/1935 .event anyedge, v0xb9d19a10b240_7733, v0xb9d19a10b240_7734, v0xb9d19a10b240_7735, v0xb9d19a10b240_7736;
v0xb9d19a10b240_7737 .array/port v0xb9d19a10b240, 7737;
v0xb9d19a10b240_7738 .array/port v0xb9d19a10b240, 7738;
v0xb9d19a10b240_7739 .array/port v0xb9d19a10b240, 7739;
v0xb9d19a10b240_7740 .array/port v0xb9d19a10b240, 7740;
E_0xb9d199e68640/1936 .event anyedge, v0xb9d19a10b240_7737, v0xb9d19a10b240_7738, v0xb9d19a10b240_7739, v0xb9d19a10b240_7740;
v0xb9d19a10b240_7741 .array/port v0xb9d19a10b240, 7741;
v0xb9d19a10b240_7742 .array/port v0xb9d19a10b240, 7742;
v0xb9d19a10b240_7743 .array/port v0xb9d19a10b240, 7743;
v0xb9d19a10b240_7744 .array/port v0xb9d19a10b240, 7744;
E_0xb9d199e68640/1937 .event anyedge, v0xb9d19a10b240_7741, v0xb9d19a10b240_7742, v0xb9d19a10b240_7743, v0xb9d19a10b240_7744;
v0xb9d19a10b240_7745 .array/port v0xb9d19a10b240, 7745;
v0xb9d19a10b240_7746 .array/port v0xb9d19a10b240, 7746;
v0xb9d19a10b240_7747 .array/port v0xb9d19a10b240, 7747;
v0xb9d19a10b240_7748 .array/port v0xb9d19a10b240, 7748;
E_0xb9d199e68640/1938 .event anyedge, v0xb9d19a10b240_7745, v0xb9d19a10b240_7746, v0xb9d19a10b240_7747, v0xb9d19a10b240_7748;
v0xb9d19a10b240_7749 .array/port v0xb9d19a10b240, 7749;
v0xb9d19a10b240_7750 .array/port v0xb9d19a10b240, 7750;
v0xb9d19a10b240_7751 .array/port v0xb9d19a10b240, 7751;
v0xb9d19a10b240_7752 .array/port v0xb9d19a10b240, 7752;
E_0xb9d199e68640/1939 .event anyedge, v0xb9d19a10b240_7749, v0xb9d19a10b240_7750, v0xb9d19a10b240_7751, v0xb9d19a10b240_7752;
v0xb9d19a10b240_7753 .array/port v0xb9d19a10b240, 7753;
v0xb9d19a10b240_7754 .array/port v0xb9d19a10b240, 7754;
v0xb9d19a10b240_7755 .array/port v0xb9d19a10b240, 7755;
v0xb9d19a10b240_7756 .array/port v0xb9d19a10b240, 7756;
E_0xb9d199e68640/1940 .event anyedge, v0xb9d19a10b240_7753, v0xb9d19a10b240_7754, v0xb9d19a10b240_7755, v0xb9d19a10b240_7756;
v0xb9d19a10b240_7757 .array/port v0xb9d19a10b240, 7757;
v0xb9d19a10b240_7758 .array/port v0xb9d19a10b240, 7758;
v0xb9d19a10b240_7759 .array/port v0xb9d19a10b240, 7759;
v0xb9d19a10b240_7760 .array/port v0xb9d19a10b240, 7760;
E_0xb9d199e68640/1941 .event anyedge, v0xb9d19a10b240_7757, v0xb9d19a10b240_7758, v0xb9d19a10b240_7759, v0xb9d19a10b240_7760;
v0xb9d19a10b240_7761 .array/port v0xb9d19a10b240, 7761;
v0xb9d19a10b240_7762 .array/port v0xb9d19a10b240, 7762;
v0xb9d19a10b240_7763 .array/port v0xb9d19a10b240, 7763;
v0xb9d19a10b240_7764 .array/port v0xb9d19a10b240, 7764;
E_0xb9d199e68640/1942 .event anyedge, v0xb9d19a10b240_7761, v0xb9d19a10b240_7762, v0xb9d19a10b240_7763, v0xb9d19a10b240_7764;
v0xb9d19a10b240_7765 .array/port v0xb9d19a10b240, 7765;
v0xb9d19a10b240_7766 .array/port v0xb9d19a10b240, 7766;
v0xb9d19a10b240_7767 .array/port v0xb9d19a10b240, 7767;
v0xb9d19a10b240_7768 .array/port v0xb9d19a10b240, 7768;
E_0xb9d199e68640/1943 .event anyedge, v0xb9d19a10b240_7765, v0xb9d19a10b240_7766, v0xb9d19a10b240_7767, v0xb9d19a10b240_7768;
v0xb9d19a10b240_7769 .array/port v0xb9d19a10b240, 7769;
v0xb9d19a10b240_7770 .array/port v0xb9d19a10b240, 7770;
v0xb9d19a10b240_7771 .array/port v0xb9d19a10b240, 7771;
v0xb9d19a10b240_7772 .array/port v0xb9d19a10b240, 7772;
E_0xb9d199e68640/1944 .event anyedge, v0xb9d19a10b240_7769, v0xb9d19a10b240_7770, v0xb9d19a10b240_7771, v0xb9d19a10b240_7772;
v0xb9d19a10b240_7773 .array/port v0xb9d19a10b240, 7773;
v0xb9d19a10b240_7774 .array/port v0xb9d19a10b240, 7774;
v0xb9d19a10b240_7775 .array/port v0xb9d19a10b240, 7775;
v0xb9d19a10b240_7776 .array/port v0xb9d19a10b240, 7776;
E_0xb9d199e68640/1945 .event anyedge, v0xb9d19a10b240_7773, v0xb9d19a10b240_7774, v0xb9d19a10b240_7775, v0xb9d19a10b240_7776;
v0xb9d19a10b240_7777 .array/port v0xb9d19a10b240, 7777;
v0xb9d19a10b240_7778 .array/port v0xb9d19a10b240, 7778;
v0xb9d19a10b240_7779 .array/port v0xb9d19a10b240, 7779;
v0xb9d19a10b240_7780 .array/port v0xb9d19a10b240, 7780;
E_0xb9d199e68640/1946 .event anyedge, v0xb9d19a10b240_7777, v0xb9d19a10b240_7778, v0xb9d19a10b240_7779, v0xb9d19a10b240_7780;
v0xb9d19a10b240_7781 .array/port v0xb9d19a10b240, 7781;
v0xb9d19a10b240_7782 .array/port v0xb9d19a10b240, 7782;
v0xb9d19a10b240_7783 .array/port v0xb9d19a10b240, 7783;
v0xb9d19a10b240_7784 .array/port v0xb9d19a10b240, 7784;
E_0xb9d199e68640/1947 .event anyedge, v0xb9d19a10b240_7781, v0xb9d19a10b240_7782, v0xb9d19a10b240_7783, v0xb9d19a10b240_7784;
v0xb9d19a10b240_7785 .array/port v0xb9d19a10b240, 7785;
v0xb9d19a10b240_7786 .array/port v0xb9d19a10b240, 7786;
v0xb9d19a10b240_7787 .array/port v0xb9d19a10b240, 7787;
v0xb9d19a10b240_7788 .array/port v0xb9d19a10b240, 7788;
E_0xb9d199e68640/1948 .event anyedge, v0xb9d19a10b240_7785, v0xb9d19a10b240_7786, v0xb9d19a10b240_7787, v0xb9d19a10b240_7788;
v0xb9d19a10b240_7789 .array/port v0xb9d19a10b240, 7789;
v0xb9d19a10b240_7790 .array/port v0xb9d19a10b240, 7790;
v0xb9d19a10b240_7791 .array/port v0xb9d19a10b240, 7791;
v0xb9d19a10b240_7792 .array/port v0xb9d19a10b240, 7792;
E_0xb9d199e68640/1949 .event anyedge, v0xb9d19a10b240_7789, v0xb9d19a10b240_7790, v0xb9d19a10b240_7791, v0xb9d19a10b240_7792;
v0xb9d19a10b240_7793 .array/port v0xb9d19a10b240, 7793;
v0xb9d19a10b240_7794 .array/port v0xb9d19a10b240, 7794;
v0xb9d19a10b240_7795 .array/port v0xb9d19a10b240, 7795;
v0xb9d19a10b240_7796 .array/port v0xb9d19a10b240, 7796;
E_0xb9d199e68640/1950 .event anyedge, v0xb9d19a10b240_7793, v0xb9d19a10b240_7794, v0xb9d19a10b240_7795, v0xb9d19a10b240_7796;
v0xb9d19a10b240_7797 .array/port v0xb9d19a10b240, 7797;
v0xb9d19a10b240_7798 .array/port v0xb9d19a10b240, 7798;
v0xb9d19a10b240_7799 .array/port v0xb9d19a10b240, 7799;
v0xb9d19a10b240_7800 .array/port v0xb9d19a10b240, 7800;
E_0xb9d199e68640/1951 .event anyedge, v0xb9d19a10b240_7797, v0xb9d19a10b240_7798, v0xb9d19a10b240_7799, v0xb9d19a10b240_7800;
v0xb9d19a10b240_7801 .array/port v0xb9d19a10b240, 7801;
v0xb9d19a10b240_7802 .array/port v0xb9d19a10b240, 7802;
v0xb9d19a10b240_7803 .array/port v0xb9d19a10b240, 7803;
v0xb9d19a10b240_7804 .array/port v0xb9d19a10b240, 7804;
E_0xb9d199e68640/1952 .event anyedge, v0xb9d19a10b240_7801, v0xb9d19a10b240_7802, v0xb9d19a10b240_7803, v0xb9d19a10b240_7804;
v0xb9d19a10b240_7805 .array/port v0xb9d19a10b240, 7805;
v0xb9d19a10b240_7806 .array/port v0xb9d19a10b240, 7806;
v0xb9d19a10b240_7807 .array/port v0xb9d19a10b240, 7807;
v0xb9d19a10b240_7808 .array/port v0xb9d19a10b240, 7808;
E_0xb9d199e68640/1953 .event anyedge, v0xb9d19a10b240_7805, v0xb9d19a10b240_7806, v0xb9d19a10b240_7807, v0xb9d19a10b240_7808;
v0xb9d19a10b240_7809 .array/port v0xb9d19a10b240, 7809;
v0xb9d19a10b240_7810 .array/port v0xb9d19a10b240, 7810;
v0xb9d19a10b240_7811 .array/port v0xb9d19a10b240, 7811;
v0xb9d19a10b240_7812 .array/port v0xb9d19a10b240, 7812;
E_0xb9d199e68640/1954 .event anyedge, v0xb9d19a10b240_7809, v0xb9d19a10b240_7810, v0xb9d19a10b240_7811, v0xb9d19a10b240_7812;
v0xb9d19a10b240_7813 .array/port v0xb9d19a10b240, 7813;
v0xb9d19a10b240_7814 .array/port v0xb9d19a10b240, 7814;
v0xb9d19a10b240_7815 .array/port v0xb9d19a10b240, 7815;
v0xb9d19a10b240_7816 .array/port v0xb9d19a10b240, 7816;
E_0xb9d199e68640/1955 .event anyedge, v0xb9d19a10b240_7813, v0xb9d19a10b240_7814, v0xb9d19a10b240_7815, v0xb9d19a10b240_7816;
v0xb9d19a10b240_7817 .array/port v0xb9d19a10b240, 7817;
v0xb9d19a10b240_7818 .array/port v0xb9d19a10b240, 7818;
v0xb9d19a10b240_7819 .array/port v0xb9d19a10b240, 7819;
v0xb9d19a10b240_7820 .array/port v0xb9d19a10b240, 7820;
E_0xb9d199e68640/1956 .event anyedge, v0xb9d19a10b240_7817, v0xb9d19a10b240_7818, v0xb9d19a10b240_7819, v0xb9d19a10b240_7820;
v0xb9d19a10b240_7821 .array/port v0xb9d19a10b240, 7821;
v0xb9d19a10b240_7822 .array/port v0xb9d19a10b240, 7822;
v0xb9d19a10b240_7823 .array/port v0xb9d19a10b240, 7823;
v0xb9d19a10b240_7824 .array/port v0xb9d19a10b240, 7824;
E_0xb9d199e68640/1957 .event anyedge, v0xb9d19a10b240_7821, v0xb9d19a10b240_7822, v0xb9d19a10b240_7823, v0xb9d19a10b240_7824;
v0xb9d19a10b240_7825 .array/port v0xb9d19a10b240, 7825;
v0xb9d19a10b240_7826 .array/port v0xb9d19a10b240, 7826;
v0xb9d19a10b240_7827 .array/port v0xb9d19a10b240, 7827;
v0xb9d19a10b240_7828 .array/port v0xb9d19a10b240, 7828;
E_0xb9d199e68640/1958 .event anyedge, v0xb9d19a10b240_7825, v0xb9d19a10b240_7826, v0xb9d19a10b240_7827, v0xb9d19a10b240_7828;
v0xb9d19a10b240_7829 .array/port v0xb9d19a10b240, 7829;
v0xb9d19a10b240_7830 .array/port v0xb9d19a10b240, 7830;
v0xb9d19a10b240_7831 .array/port v0xb9d19a10b240, 7831;
v0xb9d19a10b240_7832 .array/port v0xb9d19a10b240, 7832;
E_0xb9d199e68640/1959 .event anyedge, v0xb9d19a10b240_7829, v0xb9d19a10b240_7830, v0xb9d19a10b240_7831, v0xb9d19a10b240_7832;
v0xb9d19a10b240_7833 .array/port v0xb9d19a10b240, 7833;
v0xb9d19a10b240_7834 .array/port v0xb9d19a10b240, 7834;
v0xb9d19a10b240_7835 .array/port v0xb9d19a10b240, 7835;
v0xb9d19a10b240_7836 .array/port v0xb9d19a10b240, 7836;
E_0xb9d199e68640/1960 .event anyedge, v0xb9d19a10b240_7833, v0xb9d19a10b240_7834, v0xb9d19a10b240_7835, v0xb9d19a10b240_7836;
v0xb9d19a10b240_7837 .array/port v0xb9d19a10b240, 7837;
v0xb9d19a10b240_7838 .array/port v0xb9d19a10b240, 7838;
v0xb9d19a10b240_7839 .array/port v0xb9d19a10b240, 7839;
v0xb9d19a10b240_7840 .array/port v0xb9d19a10b240, 7840;
E_0xb9d199e68640/1961 .event anyedge, v0xb9d19a10b240_7837, v0xb9d19a10b240_7838, v0xb9d19a10b240_7839, v0xb9d19a10b240_7840;
v0xb9d19a10b240_7841 .array/port v0xb9d19a10b240, 7841;
v0xb9d19a10b240_7842 .array/port v0xb9d19a10b240, 7842;
v0xb9d19a10b240_7843 .array/port v0xb9d19a10b240, 7843;
v0xb9d19a10b240_7844 .array/port v0xb9d19a10b240, 7844;
E_0xb9d199e68640/1962 .event anyedge, v0xb9d19a10b240_7841, v0xb9d19a10b240_7842, v0xb9d19a10b240_7843, v0xb9d19a10b240_7844;
v0xb9d19a10b240_7845 .array/port v0xb9d19a10b240, 7845;
v0xb9d19a10b240_7846 .array/port v0xb9d19a10b240, 7846;
v0xb9d19a10b240_7847 .array/port v0xb9d19a10b240, 7847;
v0xb9d19a10b240_7848 .array/port v0xb9d19a10b240, 7848;
E_0xb9d199e68640/1963 .event anyedge, v0xb9d19a10b240_7845, v0xb9d19a10b240_7846, v0xb9d19a10b240_7847, v0xb9d19a10b240_7848;
v0xb9d19a10b240_7849 .array/port v0xb9d19a10b240, 7849;
v0xb9d19a10b240_7850 .array/port v0xb9d19a10b240, 7850;
v0xb9d19a10b240_7851 .array/port v0xb9d19a10b240, 7851;
v0xb9d19a10b240_7852 .array/port v0xb9d19a10b240, 7852;
E_0xb9d199e68640/1964 .event anyedge, v0xb9d19a10b240_7849, v0xb9d19a10b240_7850, v0xb9d19a10b240_7851, v0xb9d19a10b240_7852;
v0xb9d19a10b240_7853 .array/port v0xb9d19a10b240, 7853;
v0xb9d19a10b240_7854 .array/port v0xb9d19a10b240, 7854;
v0xb9d19a10b240_7855 .array/port v0xb9d19a10b240, 7855;
v0xb9d19a10b240_7856 .array/port v0xb9d19a10b240, 7856;
E_0xb9d199e68640/1965 .event anyedge, v0xb9d19a10b240_7853, v0xb9d19a10b240_7854, v0xb9d19a10b240_7855, v0xb9d19a10b240_7856;
v0xb9d19a10b240_7857 .array/port v0xb9d19a10b240, 7857;
v0xb9d19a10b240_7858 .array/port v0xb9d19a10b240, 7858;
v0xb9d19a10b240_7859 .array/port v0xb9d19a10b240, 7859;
v0xb9d19a10b240_7860 .array/port v0xb9d19a10b240, 7860;
E_0xb9d199e68640/1966 .event anyedge, v0xb9d19a10b240_7857, v0xb9d19a10b240_7858, v0xb9d19a10b240_7859, v0xb9d19a10b240_7860;
v0xb9d19a10b240_7861 .array/port v0xb9d19a10b240, 7861;
v0xb9d19a10b240_7862 .array/port v0xb9d19a10b240, 7862;
v0xb9d19a10b240_7863 .array/port v0xb9d19a10b240, 7863;
v0xb9d19a10b240_7864 .array/port v0xb9d19a10b240, 7864;
E_0xb9d199e68640/1967 .event anyedge, v0xb9d19a10b240_7861, v0xb9d19a10b240_7862, v0xb9d19a10b240_7863, v0xb9d19a10b240_7864;
v0xb9d19a10b240_7865 .array/port v0xb9d19a10b240, 7865;
v0xb9d19a10b240_7866 .array/port v0xb9d19a10b240, 7866;
v0xb9d19a10b240_7867 .array/port v0xb9d19a10b240, 7867;
v0xb9d19a10b240_7868 .array/port v0xb9d19a10b240, 7868;
E_0xb9d199e68640/1968 .event anyedge, v0xb9d19a10b240_7865, v0xb9d19a10b240_7866, v0xb9d19a10b240_7867, v0xb9d19a10b240_7868;
v0xb9d19a10b240_7869 .array/port v0xb9d19a10b240, 7869;
v0xb9d19a10b240_7870 .array/port v0xb9d19a10b240, 7870;
v0xb9d19a10b240_7871 .array/port v0xb9d19a10b240, 7871;
v0xb9d19a10b240_7872 .array/port v0xb9d19a10b240, 7872;
E_0xb9d199e68640/1969 .event anyedge, v0xb9d19a10b240_7869, v0xb9d19a10b240_7870, v0xb9d19a10b240_7871, v0xb9d19a10b240_7872;
v0xb9d19a10b240_7873 .array/port v0xb9d19a10b240, 7873;
v0xb9d19a10b240_7874 .array/port v0xb9d19a10b240, 7874;
v0xb9d19a10b240_7875 .array/port v0xb9d19a10b240, 7875;
v0xb9d19a10b240_7876 .array/port v0xb9d19a10b240, 7876;
E_0xb9d199e68640/1970 .event anyedge, v0xb9d19a10b240_7873, v0xb9d19a10b240_7874, v0xb9d19a10b240_7875, v0xb9d19a10b240_7876;
v0xb9d19a10b240_7877 .array/port v0xb9d19a10b240, 7877;
v0xb9d19a10b240_7878 .array/port v0xb9d19a10b240, 7878;
v0xb9d19a10b240_7879 .array/port v0xb9d19a10b240, 7879;
v0xb9d19a10b240_7880 .array/port v0xb9d19a10b240, 7880;
E_0xb9d199e68640/1971 .event anyedge, v0xb9d19a10b240_7877, v0xb9d19a10b240_7878, v0xb9d19a10b240_7879, v0xb9d19a10b240_7880;
v0xb9d19a10b240_7881 .array/port v0xb9d19a10b240, 7881;
v0xb9d19a10b240_7882 .array/port v0xb9d19a10b240, 7882;
v0xb9d19a10b240_7883 .array/port v0xb9d19a10b240, 7883;
v0xb9d19a10b240_7884 .array/port v0xb9d19a10b240, 7884;
E_0xb9d199e68640/1972 .event anyedge, v0xb9d19a10b240_7881, v0xb9d19a10b240_7882, v0xb9d19a10b240_7883, v0xb9d19a10b240_7884;
v0xb9d19a10b240_7885 .array/port v0xb9d19a10b240, 7885;
v0xb9d19a10b240_7886 .array/port v0xb9d19a10b240, 7886;
v0xb9d19a10b240_7887 .array/port v0xb9d19a10b240, 7887;
v0xb9d19a10b240_7888 .array/port v0xb9d19a10b240, 7888;
E_0xb9d199e68640/1973 .event anyedge, v0xb9d19a10b240_7885, v0xb9d19a10b240_7886, v0xb9d19a10b240_7887, v0xb9d19a10b240_7888;
v0xb9d19a10b240_7889 .array/port v0xb9d19a10b240, 7889;
v0xb9d19a10b240_7890 .array/port v0xb9d19a10b240, 7890;
v0xb9d19a10b240_7891 .array/port v0xb9d19a10b240, 7891;
v0xb9d19a10b240_7892 .array/port v0xb9d19a10b240, 7892;
E_0xb9d199e68640/1974 .event anyedge, v0xb9d19a10b240_7889, v0xb9d19a10b240_7890, v0xb9d19a10b240_7891, v0xb9d19a10b240_7892;
v0xb9d19a10b240_7893 .array/port v0xb9d19a10b240, 7893;
v0xb9d19a10b240_7894 .array/port v0xb9d19a10b240, 7894;
v0xb9d19a10b240_7895 .array/port v0xb9d19a10b240, 7895;
v0xb9d19a10b240_7896 .array/port v0xb9d19a10b240, 7896;
E_0xb9d199e68640/1975 .event anyedge, v0xb9d19a10b240_7893, v0xb9d19a10b240_7894, v0xb9d19a10b240_7895, v0xb9d19a10b240_7896;
v0xb9d19a10b240_7897 .array/port v0xb9d19a10b240, 7897;
v0xb9d19a10b240_7898 .array/port v0xb9d19a10b240, 7898;
v0xb9d19a10b240_7899 .array/port v0xb9d19a10b240, 7899;
v0xb9d19a10b240_7900 .array/port v0xb9d19a10b240, 7900;
E_0xb9d199e68640/1976 .event anyedge, v0xb9d19a10b240_7897, v0xb9d19a10b240_7898, v0xb9d19a10b240_7899, v0xb9d19a10b240_7900;
v0xb9d19a10b240_7901 .array/port v0xb9d19a10b240, 7901;
v0xb9d19a10b240_7902 .array/port v0xb9d19a10b240, 7902;
v0xb9d19a10b240_7903 .array/port v0xb9d19a10b240, 7903;
v0xb9d19a10b240_7904 .array/port v0xb9d19a10b240, 7904;
E_0xb9d199e68640/1977 .event anyedge, v0xb9d19a10b240_7901, v0xb9d19a10b240_7902, v0xb9d19a10b240_7903, v0xb9d19a10b240_7904;
v0xb9d19a10b240_7905 .array/port v0xb9d19a10b240, 7905;
v0xb9d19a10b240_7906 .array/port v0xb9d19a10b240, 7906;
v0xb9d19a10b240_7907 .array/port v0xb9d19a10b240, 7907;
v0xb9d19a10b240_7908 .array/port v0xb9d19a10b240, 7908;
E_0xb9d199e68640/1978 .event anyedge, v0xb9d19a10b240_7905, v0xb9d19a10b240_7906, v0xb9d19a10b240_7907, v0xb9d19a10b240_7908;
v0xb9d19a10b240_7909 .array/port v0xb9d19a10b240, 7909;
v0xb9d19a10b240_7910 .array/port v0xb9d19a10b240, 7910;
v0xb9d19a10b240_7911 .array/port v0xb9d19a10b240, 7911;
v0xb9d19a10b240_7912 .array/port v0xb9d19a10b240, 7912;
E_0xb9d199e68640/1979 .event anyedge, v0xb9d19a10b240_7909, v0xb9d19a10b240_7910, v0xb9d19a10b240_7911, v0xb9d19a10b240_7912;
v0xb9d19a10b240_7913 .array/port v0xb9d19a10b240, 7913;
v0xb9d19a10b240_7914 .array/port v0xb9d19a10b240, 7914;
v0xb9d19a10b240_7915 .array/port v0xb9d19a10b240, 7915;
v0xb9d19a10b240_7916 .array/port v0xb9d19a10b240, 7916;
E_0xb9d199e68640/1980 .event anyedge, v0xb9d19a10b240_7913, v0xb9d19a10b240_7914, v0xb9d19a10b240_7915, v0xb9d19a10b240_7916;
v0xb9d19a10b240_7917 .array/port v0xb9d19a10b240, 7917;
v0xb9d19a10b240_7918 .array/port v0xb9d19a10b240, 7918;
v0xb9d19a10b240_7919 .array/port v0xb9d19a10b240, 7919;
v0xb9d19a10b240_7920 .array/port v0xb9d19a10b240, 7920;
E_0xb9d199e68640/1981 .event anyedge, v0xb9d19a10b240_7917, v0xb9d19a10b240_7918, v0xb9d19a10b240_7919, v0xb9d19a10b240_7920;
v0xb9d19a10b240_7921 .array/port v0xb9d19a10b240, 7921;
v0xb9d19a10b240_7922 .array/port v0xb9d19a10b240, 7922;
v0xb9d19a10b240_7923 .array/port v0xb9d19a10b240, 7923;
v0xb9d19a10b240_7924 .array/port v0xb9d19a10b240, 7924;
E_0xb9d199e68640/1982 .event anyedge, v0xb9d19a10b240_7921, v0xb9d19a10b240_7922, v0xb9d19a10b240_7923, v0xb9d19a10b240_7924;
v0xb9d19a10b240_7925 .array/port v0xb9d19a10b240, 7925;
v0xb9d19a10b240_7926 .array/port v0xb9d19a10b240, 7926;
v0xb9d19a10b240_7927 .array/port v0xb9d19a10b240, 7927;
v0xb9d19a10b240_7928 .array/port v0xb9d19a10b240, 7928;
E_0xb9d199e68640/1983 .event anyedge, v0xb9d19a10b240_7925, v0xb9d19a10b240_7926, v0xb9d19a10b240_7927, v0xb9d19a10b240_7928;
v0xb9d19a10b240_7929 .array/port v0xb9d19a10b240, 7929;
v0xb9d19a10b240_7930 .array/port v0xb9d19a10b240, 7930;
v0xb9d19a10b240_7931 .array/port v0xb9d19a10b240, 7931;
v0xb9d19a10b240_7932 .array/port v0xb9d19a10b240, 7932;
E_0xb9d199e68640/1984 .event anyedge, v0xb9d19a10b240_7929, v0xb9d19a10b240_7930, v0xb9d19a10b240_7931, v0xb9d19a10b240_7932;
v0xb9d19a10b240_7933 .array/port v0xb9d19a10b240, 7933;
v0xb9d19a10b240_7934 .array/port v0xb9d19a10b240, 7934;
v0xb9d19a10b240_7935 .array/port v0xb9d19a10b240, 7935;
v0xb9d19a10b240_7936 .array/port v0xb9d19a10b240, 7936;
E_0xb9d199e68640/1985 .event anyedge, v0xb9d19a10b240_7933, v0xb9d19a10b240_7934, v0xb9d19a10b240_7935, v0xb9d19a10b240_7936;
v0xb9d19a10b240_7937 .array/port v0xb9d19a10b240, 7937;
v0xb9d19a10b240_7938 .array/port v0xb9d19a10b240, 7938;
v0xb9d19a10b240_7939 .array/port v0xb9d19a10b240, 7939;
v0xb9d19a10b240_7940 .array/port v0xb9d19a10b240, 7940;
E_0xb9d199e68640/1986 .event anyedge, v0xb9d19a10b240_7937, v0xb9d19a10b240_7938, v0xb9d19a10b240_7939, v0xb9d19a10b240_7940;
v0xb9d19a10b240_7941 .array/port v0xb9d19a10b240, 7941;
v0xb9d19a10b240_7942 .array/port v0xb9d19a10b240, 7942;
v0xb9d19a10b240_7943 .array/port v0xb9d19a10b240, 7943;
v0xb9d19a10b240_7944 .array/port v0xb9d19a10b240, 7944;
E_0xb9d199e68640/1987 .event anyedge, v0xb9d19a10b240_7941, v0xb9d19a10b240_7942, v0xb9d19a10b240_7943, v0xb9d19a10b240_7944;
v0xb9d19a10b240_7945 .array/port v0xb9d19a10b240, 7945;
v0xb9d19a10b240_7946 .array/port v0xb9d19a10b240, 7946;
v0xb9d19a10b240_7947 .array/port v0xb9d19a10b240, 7947;
v0xb9d19a10b240_7948 .array/port v0xb9d19a10b240, 7948;
E_0xb9d199e68640/1988 .event anyedge, v0xb9d19a10b240_7945, v0xb9d19a10b240_7946, v0xb9d19a10b240_7947, v0xb9d19a10b240_7948;
v0xb9d19a10b240_7949 .array/port v0xb9d19a10b240, 7949;
v0xb9d19a10b240_7950 .array/port v0xb9d19a10b240, 7950;
v0xb9d19a10b240_7951 .array/port v0xb9d19a10b240, 7951;
v0xb9d19a10b240_7952 .array/port v0xb9d19a10b240, 7952;
E_0xb9d199e68640/1989 .event anyedge, v0xb9d19a10b240_7949, v0xb9d19a10b240_7950, v0xb9d19a10b240_7951, v0xb9d19a10b240_7952;
v0xb9d19a10b240_7953 .array/port v0xb9d19a10b240, 7953;
v0xb9d19a10b240_7954 .array/port v0xb9d19a10b240, 7954;
v0xb9d19a10b240_7955 .array/port v0xb9d19a10b240, 7955;
v0xb9d19a10b240_7956 .array/port v0xb9d19a10b240, 7956;
E_0xb9d199e68640/1990 .event anyedge, v0xb9d19a10b240_7953, v0xb9d19a10b240_7954, v0xb9d19a10b240_7955, v0xb9d19a10b240_7956;
v0xb9d19a10b240_7957 .array/port v0xb9d19a10b240, 7957;
v0xb9d19a10b240_7958 .array/port v0xb9d19a10b240, 7958;
v0xb9d19a10b240_7959 .array/port v0xb9d19a10b240, 7959;
v0xb9d19a10b240_7960 .array/port v0xb9d19a10b240, 7960;
E_0xb9d199e68640/1991 .event anyedge, v0xb9d19a10b240_7957, v0xb9d19a10b240_7958, v0xb9d19a10b240_7959, v0xb9d19a10b240_7960;
v0xb9d19a10b240_7961 .array/port v0xb9d19a10b240, 7961;
v0xb9d19a10b240_7962 .array/port v0xb9d19a10b240, 7962;
v0xb9d19a10b240_7963 .array/port v0xb9d19a10b240, 7963;
v0xb9d19a10b240_7964 .array/port v0xb9d19a10b240, 7964;
E_0xb9d199e68640/1992 .event anyedge, v0xb9d19a10b240_7961, v0xb9d19a10b240_7962, v0xb9d19a10b240_7963, v0xb9d19a10b240_7964;
v0xb9d19a10b240_7965 .array/port v0xb9d19a10b240, 7965;
v0xb9d19a10b240_7966 .array/port v0xb9d19a10b240, 7966;
v0xb9d19a10b240_7967 .array/port v0xb9d19a10b240, 7967;
v0xb9d19a10b240_7968 .array/port v0xb9d19a10b240, 7968;
E_0xb9d199e68640/1993 .event anyedge, v0xb9d19a10b240_7965, v0xb9d19a10b240_7966, v0xb9d19a10b240_7967, v0xb9d19a10b240_7968;
v0xb9d19a10b240_7969 .array/port v0xb9d19a10b240, 7969;
v0xb9d19a10b240_7970 .array/port v0xb9d19a10b240, 7970;
v0xb9d19a10b240_7971 .array/port v0xb9d19a10b240, 7971;
v0xb9d19a10b240_7972 .array/port v0xb9d19a10b240, 7972;
E_0xb9d199e68640/1994 .event anyedge, v0xb9d19a10b240_7969, v0xb9d19a10b240_7970, v0xb9d19a10b240_7971, v0xb9d19a10b240_7972;
v0xb9d19a10b240_7973 .array/port v0xb9d19a10b240, 7973;
v0xb9d19a10b240_7974 .array/port v0xb9d19a10b240, 7974;
v0xb9d19a10b240_7975 .array/port v0xb9d19a10b240, 7975;
v0xb9d19a10b240_7976 .array/port v0xb9d19a10b240, 7976;
E_0xb9d199e68640/1995 .event anyedge, v0xb9d19a10b240_7973, v0xb9d19a10b240_7974, v0xb9d19a10b240_7975, v0xb9d19a10b240_7976;
v0xb9d19a10b240_7977 .array/port v0xb9d19a10b240, 7977;
v0xb9d19a10b240_7978 .array/port v0xb9d19a10b240, 7978;
v0xb9d19a10b240_7979 .array/port v0xb9d19a10b240, 7979;
v0xb9d19a10b240_7980 .array/port v0xb9d19a10b240, 7980;
E_0xb9d199e68640/1996 .event anyedge, v0xb9d19a10b240_7977, v0xb9d19a10b240_7978, v0xb9d19a10b240_7979, v0xb9d19a10b240_7980;
v0xb9d19a10b240_7981 .array/port v0xb9d19a10b240, 7981;
v0xb9d19a10b240_7982 .array/port v0xb9d19a10b240, 7982;
v0xb9d19a10b240_7983 .array/port v0xb9d19a10b240, 7983;
v0xb9d19a10b240_7984 .array/port v0xb9d19a10b240, 7984;
E_0xb9d199e68640/1997 .event anyedge, v0xb9d19a10b240_7981, v0xb9d19a10b240_7982, v0xb9d19a10b240_7983, v0xb9d19a10b240_7984;
v0xb9d19a10b240_7985 .array/port v0xb9d19a10b240, 7985;
v0xb9d19a10b240_7986 .array/port v0xb9d19a10b240, 7986;
v0xb9d19a10b240_7987 .array/port v0xb9d19a10b240, 7987;
v0xb9d19a10b240_7988 .array/port v0xb9d19a10b240, 7988;
E_0xb9d199e68640/1998 .event anyedge, v0xb9d19a10b240_7985, v0xb9d19a10b240_7986, v0xb9d19a10b240_7987, v0xb9d19a10b240_7988;
v0xb9d19a10b240_7989 .array/port v0xb9d19a10b240, 7989;
v0xb9d19a10b240_7990 .array/port v0xb9d19a10b240, 7990;
v0xb9d19a10b240_7991 .array/port v0xb9d19a10b240, 7991;
v0xb9d19a10b240_7992 .array/port v0xb9d19a10b240, 7992;
E_0xb9d199e68640/1999 .event anyedge, v0xb9d19a10b240_7989, v0xb9d19a10b240_7990, v0xb9d19a10b240_7991, v0xb9d19a10b240_7992;
v0xb9d19a10b240_7993 .array/port v0xb9d19a10b240, 7993;
v0xb9d19a10b240_7994 .array/port v0xb9d19a10b240, 7994;
v0xb9d19a10b240_7995 .array/port v0xb9d19a10b240, 7995;
v0xb9d19a10b240_7996 .array/port v0xb9d19a10b240, 7996;
E_0xb9d199e68640/2000 .event anyedge, v0xb9d19a10b240_7993, v0xb9d19a10b240_7994, v0xb9d19a10b240_7995, v0xb9d19a10b240_7996;
v0xb9d19a10b240_7997 .array/port v0xb9d19a10b240, 7997;
v0xb9d19a10b240_7998 .array/port v0xb9d19a10b240, 7998;
v0xb9d19a10b240_7999 .array/port v0xb9d19a10b240, 7999;
v0xb9d19a10b240_8000 .array/port v0xb9d19a10b240, 8000;
E_0xb9d199e68640/2001 .event anyedge, v0xb9d19a10b240_7997, v0xb9d19a10b240_7998, v0xb9d19a10b240_7999, v0xb9d19a10b240_8000;
v0xb9d19a10b240_8001 .array/port v0xb9d19a10b240, 8001;
v0xb9d19a10b240_8002 .array/port v0xb9d19a10b240, 8002;
v0xb9d19a10b240_8003 .array/port v0xb9d19a10b240, 8003;
v0xb9d19a10b240_8004 .array/port v0xb9d19a10b240, 8004;
E_0xb9d199e68640/2002 .event anyedge, v0xb9d19a10b240_8001, v0xb9d19a10b240_8002, v0xb9d19a10b240_8003, v0xb9d19a10b240_8004;
v0xb9d19a10b240_8005 .array/port v0xb9d19a10b240, 8005;
v0xb9d19a10b240_8006 .array/port v0xb9d19a10b240, 8006;
v0xb9d19a10b240_8007 .array/port v0xb9d19a10b240, 8007;
v0xb9d19a10b240_8008 .array/port v0xb9d19a10b240, 8008;
E_0xb9d199e68640/2003 .event anyedge, v0xb9d19a10b240_8005, v0xb9d19a10b240_8006, v0xb9d19a10b240_8007, v0xb9d19a10b240_8008;
v0xb9d19a10b240_8009 .array/port v0xb9d19a10b240, 8009;
v0xb9d19a10b240_8010 .array/port v0xb9d19a10b240, 8010;
v0xb9d19a10b240_8011 .array/port v0xb9d19a10b240, 8011;
v0xb9d19a10b240_8012 .array/port v0xb9d19a10b240, 8012;
E_0xb9d199e68640/2004 .event anyedge, v0xb9d19a10b240_8009, v0xb9d19a10b240_8010, v0xb9d19a10b240_8011, v0xb9d19a10b240_8012;
v0xb9d19a10b240_8013 .array/port v0xb9d19a10b240, 8013;
v0xb9d19a10b240_8014 .array/port v0xb9d19a10b240, 8014;
v0xb9d19a10b240_8015 .array/port v0xb9d19a10b240, 8015;
v0xb9d19a10b240_8016 .array/port v0xb9d19a10b240, 8016;
E_0xb9d199e68640/2005 .event anyedge, v0xb9d19a10b240_8013, v0xb9d19a10b240_8014, v0xb9d19a10b240_8015, v0xb9d19a10b240_8016;
v0xb9d19a10b240_8017 .array/port v0xb9d19a10b240, 8017;
v0xb9d19a10b240_8018 .array/port v0xb9d19a10b240, 8018;
v0xb9d19a10b240_8019 .array/port v0xb9d19a10b240, 8019;
v0xb9d19a10b240_8020 .array/port v0xb9d19a10b240, 8020;
E_0xb9d199e68640/2006 .event anyedge, v0xb9d19a10b240_8017, v0xb9d19a10b240_8018, v0xb9d19a10b240_8019, v0xb9d19a10b240_8020;
v0xb9d19a10b240_8021 .array/port v0xb9d19a10b240, 8021;
v0xb9d19a10b240_8022 .array/port v0xb9d19a10b240, 8022;
v0xb9d19a10b240_8023 .array/port v0xb9d19a10b240, 8023;
v0xb9d19a10b240_8024 .array/port v0xb9d19a10b240, 8024;
E_0xb9d199e68640/2007 .event anyedge, v0xb9d19a10b240_8021, v0xb9d19a10b240_8022, v0xb9d19a10b240_8023, v0xb9d19a10b240_8024;
v0xb9d19a10b240_8025 .array/port v0xb9d19a10b240, 8025;
v0xb9d19a10b240_8026 .array/port v0xb9d19a10b240, 8026;
v0xb9d19a10b240_8027 .array/port v0xb9d19a10b240, 8027;
v0xb9d19a10b240_8028 .array/port v0xb9d19a10b240, 8028;
E_0xb9d199e68640/2008 .event anyedge, v0xb9d19a10b240_8025, v0xb9d19a10b240_8026, v0xb9d19a10b240_8027, v0xb9d19a10b240_8028;
v0xb9d19a10b240_8029 .array/port v0xb9d19a10b240, 8029;
v0xb9d19a10b240_8030 .array/port v0xb9d19a10b240, 8030;
v0xb9d19a10b240_8031 .array/port v0xb9d19a10b240, 8031;
v0xb9d19a10b240_8032 .array/port v0xb9d19a10b240, 8032;
E_0xb9d199e68640/2009 .event anyedge, v0xb9d19a10b240_8029, v0xb9d19a10b240_8030, v0xb9d19a10b240_8031, v0xb9d19a10b240_8032;
v0xb9d19a10b240_8033 .array/port v0xb9d19a10b240, 8033;
v0xb9d19a10b240_8034 .array/port v0xb9d19a10b240, 8034;
v0xb9d19a10b240_8035 .array/port v0xb9d19a10b240, 8035;
v0xb9d19a10b240_8036 .array/port v0xb9d19a10b240, 8036;
E_0xb9d199e68640/2010 .event anyedge, v0xb9d19a10b240_8033, v0xb9d19a10b240_8034, v0xb9d19a10b240_8035, v0xb9d19a10b240_8036;
v0xb9d19a10b240_8037 .array/port v0xb9d19a10b240, 8037;
v0xb9d19a10b240_8038 .array/port v0xb9d19a10b240, 8038;
v0xb9d19a10b240_8039 .array/port v0xb9d19a10b240, 8039;
v0xb9d19a10b240_8040 .array/port v0xb9d19a10b240, 8040;
E_0xb9d199e68640/2011 .event anyedge, v0xb9d19a10b240_8037, v0xb9d19a10b240_8038, v0xb9d19a10b240_8039, v0xb9d19a10b240_8040;
v0xb9d19a10b240_8041 .array/port v0xb9d19a10b240, 8041;
v0xb9d19a10b240_8042 .array/port v0xb9d19a10b240, 8042;
v0xb9d19a10b240_8043 .array/port v0xb9d19a10b240, 8043;
v0xb9d19a10b240_8044 .array/port v0xb9d19a10b240, 8044;
E_0xb9d199e68640/2012 .event anyedge, v0xb9d19a10b240_8041, v0xb9d19a10b240_8042, v0xb9d19a10b240_8043, v0xb9d19a10b240_8044;
v0xb9d19a10b240_8045 .array/port v0xb9d19a10b240, 8045;
v0xb9d19a10b240_8046 .array/port v0xb9d19a10b240, 8046;
v0xb9d19a10b240_8047 .array/port v0xb9d19a10b240, 8047;
v0xb9d19a10b240_8048 .array/port v0xb9d19a10b240, 8048;
E_0xb9d199e68640/2013 .event anyedge, v0xb9d19a10b240_8045, v0xb9d19a10b240_8046, v0xb9d19a10b240_8047, v0xb9d19a10b240_8048;
v0xb9d19a10b240_8049 .array/port v0xb9d19a10b240, 8049;
v0xb9d19a10b240_8050 .array/port v0xb9d19a10b240, 8050;
v0xb9d19a10b240_8051 .array/port v0xb9d19a10b240, 8051;
v0xb9d19a10b240_8052 .array/port v0xb9d19a10b240, 8052;
E_0xb9d199e68640/2014 .event anyedge, v0xb9d19a10b240_8049, v0xb9d19a10b240_8050, v0xb9d19a10b240_8051, v0xb9d19a10b240_8052;
v0xb9d19a10b240_8053 .array/port v0xb9d19a10b240, 8053;
v0xb9d19a10b240_8054 .array/port v0xb9d19a10b240, 8054;
v0xb9d19a10b240_8055 .array/port v0xb9d19a10b240, 8055;
v0xb9d19a10b240_8056 .array/port v0xb9d19a10b240, 8056;
E_0xb9d199e68640/2015 .event anyedge, v0xb9d19a10b240_8053, v0xb9d19a10b240_8054, v0xb9d19a10b240_8055, v0xb9d19a10b240_8056;
v0xb9d19a10b240_8057 .array/port v0xb9d19a10b240, 8057;
v0xb9d19a10b240_8058 .array/port v0xb9d19a10b240, 8058;
v0xb9d19a10b240_8059 .array/port v0xb9d19a10b240, 8059;
v0xb9d19a10b240_8060 .array/port v0xb9d19a10b240, 8060;
E_0xb9d199e68640/2016 .event anyedge, v0xb9d19a10b240_8057, v0xb9d19a10b240_8058, v0xb9d19a10b240_8059, v0xb9d19a10b240_8060;
v0xb9d19a10b240_8061 .array/port v0xb9d19a10b240, 8061;
v0xb9d19a10b240_8062 .array/port v0xb9d19a10b240, 8062;
v0xb9d19a10b240_8063 .array/port v0xb9d19a10b240, 8063;
v0xb9d19a10b240_8064 .array/port v0xb9d19a10b240, 8064;
E_0xb9d199e68640/2017 .event anyedge, v0xb9d19a10b240_8061, v0xb9d19a10b240_8062, v0xb9d19a10b240_8063, v0xb9d19a10b240_8064;
v0xb9d19a10b240_8065 .array/port v0xb9d19a10b240, 8065;
v0xb9d19a10b240_8066 .array/port v0xb9d19a10b240, 8066;
v0xb9d19a10b240_8067 .array/port v0xb9d19a10b240, 8067;
v0xb9d19a10b240_8068 .array/port v0xb9d19a10b240, 8068;
E_0xb9d199e68640/2018 .event anyedge, v0xb9d19a10b240_8065, v0xb9d19a10b240_8066, v0xb9d19a10b240_8067, v0xb9d19a10b240_8068;
v0xb9d19a10b240_8069 .array/port v0xb9d19a10b240, 8069;
v0xb9d19a10b240_8070 .array/port v0xb9d19a10b240, 8070;
v0xb9d19a10b240_8071 .array/port v0xb9d19a10b240, 8071;
v0xb9d19a10b240_8072 .array/port v0xb9d19a10b240, 8072;
E_0xb9d199e68640/2019 .event anyedge, v0xb9d19a10b240_8069, v0xb9d19a10b240_8070, v0xb9d19a10b240_8071, v0xb9d19a10b240_8072;
v0xb9d19a10b240_8073 .array/port v0xb9d19a10b240, 8073;
v0xb9d19a10b240_8074 .array/port v0xb9d19a10b240, 8074;
v0xb9d19a10b240_8075 .array/port v0xb9d19a10b240, 8075;
v0xb9d19a10b240_8076 .array/port v0xb9d19a10b240, 8076;
E_0xb9d199e68640/2020 .event anyedge, v0xb9d19a10b240_8073, v0xb9d19a10b240_8074, v0xb9d19a10b240_8075, v0xb9d19a10b240_8076;
v0xb9d19a10b240_8077 .array/port v0xb9d19a10b240, 8077;
v0xb9d19a10b240_8078 .array/port v0xb9d19a10b240, 8078;
v0xb9d19a10b240_8079 .array/port v0xb9d19a10b240, 8079;
v0xb9d19a10b240_8080 .array/port v0xb9d19a10b240, 8080;
E_0xb9d199e68640/2021 .event anyedge, v0xb9d19a10b240_8077, v0xb9d19a10b240_8078, v0xb9d19a10b240_8079, v0xb9d19a10b240_8080;
v0xb9d19a10b240_8081 .array/port v0xb9d19a10b240, 8081;
v0xb9d19a10b240_8082 .array/port v0xb9d19a10b240, 8082;
v0xb9d19a10b240_8083 .array/port v0xb9d19a10b240, 8083;
v0xb9d19a10b240_8084 .array/port v0xb9d19a10b240, 8084;
E_0xb9d199e68640/2022 .event anyedge, v0xb9d19a10b240_8081, v0xb9d19a10b240_8082, v0xb9d19a10b240_8083, v0xb9d19a10b240_8084;
v0xb9d19a10b240_8085 .array/port v0xb9d19a10b240, 8085;
v0xb9d19a10b240_8086 .array/port v0xb9d19a10b240, 8086;
v0xb9d19a10b240_8087 .array/port v0xb9d19a10b240, 8087;
v0xb9d19a10b240_8088 .array/port v0xb9d19a10b240, 8088;
E_0xb9d199e68640/2023 .event anyedge, v0xb9d19a10b240_8085, v0xb9d19a10b240_8086, v0xb9d19a10b240_8087, v0xb9d19a10b240_8088;
v0xb9d19a10b240_8089 .array/port v0xb9d19a10b240, 8089;
v0xb9d19a10b240_8090 .array/port v0xb9d19a10b240, 8090;
v0xb9d19a10b240_8091 .array/port v0xb9d19a10b240, 8091;
v0xb9d19a10b240_8092 .array/port v0xb9d19a10b240, 8092;
E_0xb9d199e68640/2024 .event anyedge, v0xb9d19a10b240_8089, v0xb9d19a10b240_8090, v0xb9d19a10b240_8091, v0xb9d19a10b240_8092;
v0xb9d19a10b240_8093 .array/port v0xb9d19a10b240, 8093;
v0xb9d19a10b240_8094 .array/port v0xb9d19a10b240, 8094;
v0xb9d19a10b240_8095 .array/port v0xb9d19a10b240, 8095;
v0xb9d19a10b240_8096 .array/port v0xb9d19a10b240, 8096;
E_0xb9d199e68640/2025 .event anyedge, v0xb9d19a10b240_8093, v0xb9d19a10b240_8094, v0xb9d19a10b240_8095, v0xb9d19a10b240_8096;
v0xb9d19a10b240_8097 .array/port v0xb9d19a10b240, 8097;
v0xb9d19a10b240_8098 .array/port v0xb9d19a10b240, 8098;
v0xb9d19a10b240_8099 .array/port v0xb9d19a10b240, 8099;
v0xb9d19a10b240_8100 .array/port v0xb9d19a10b240, 8100;
E_0xb9d199e68640/2026 .event anyedge, v0xb9d19a10b240_8097, v0xb9d19a10b240_8098, v0xb9d19a10b240_8099, v0xb9d19a10b240_8100;
v0xb9d19a10b240_8101 .array/port v0xb9d19a10b240, 8101;
v0xb9d19a10b240_8102 .array/port v0xb9d19a10b240, 8102;
v0xb9d19a10b240_8103 .array/port v0xb9d19a10b240, 8103;
v0xb9d19a10b240_8104 .array/port v0xb9d19a10b240, 8104;
E_0xb9d199e68640/2027 .event anyedge, v0xb9d19a10b240_8101, v0xb9d19a10b240_8102, v0xb9d19a10b240_8103, v0xb9d19a10b240_8104;
v0xb9d19a10b240_8105 .array/port v0xb9d19a10b240, 8105;
v0xb9d19a10b240_8106 .array/port v0xb9d19a10b240, 8106;
v0xb9d19a10b240_8107 .array/port v0xb9d19a10b240, 8107;
v0xb9d19a10b240_8108 .array/port v0xb9d19a10b240, 8108;
E_0xb9d199e68640/2028 .event anyedge, v0xb9d19a10b240_8105, v0xb9d19a10b240_8106, v0xb9d19a10b240_8107, v0xb9d19a10b240_8108;
v0xb9d19a10b240_8109 .array/port v0xb9d19a10b240, 8109;
v0xb9d19a10b240_8110 .array/port v0xb9d19a10b240, 8110;
v0xb9d19a10b240_8111 .array/port v0xb9d19a10b240, 8111;
v0xb9d19a10b240_8112 .array/port v0xb9d19a10b240, 8112;
E_0xb9d199e68640/2029 .event anyedge, v0xb9d19a10b240_8109, v0xb9d19a10b240_8110, v0xb9d19a10b240_8111, v0xb9d19a10b240_8112;
v0xb9d19a10b240_8113 .array/port v0xb9d19a10b240, 8113;
v0xb9d19a10b240_8114 .array/port v0xb9d19a10b240, 8114;
v0xb9d19a10b240_8115 .array/port v0xb9d19a10b240, 8115;
v0xb9d19a10b240_8116 .array/port v0xb9d19a10b240, 8116;
E_0xb9d199e68640/2030 .event anyedge, v0xb9d19a10b240_8113, v0xb9d19a10b240_8114, v0xb9d19a10b240_8115, v0xb9d19a10b240_8116;
v0xb9d19a10b240_8117 .array/port v0xb9d19a10b240, 8117;
v0xb9d19a10b240_8118 .array/port v0xb9d19a10b240, 8118;
v0xb9d19a10b240_8119 .array/port v0xb9d19a10b240, 8119;
v0xb9d19a10b240_8120 .array/port v0xb9d19a10b240, 8120;
E_0xb9d199e68640/2031 .event anyedge, v0xb9d19a10b240_8117, v0xb9d19a10b240_8118, v0xb9d19a10b240_8119, v0xb9d19a10b240_8120;
v0xb9d19a10b240_8121 .array/port v0xb9d19a10b240, 8121;
v0xb9d19a10b240_8122 .array/port v0xb9d19a10b240, 8122;
v0xb9d19a10b240_8123 .array/port v0xb9d19a10b240, 8123;
v0xb9d19a10b240_8124 .array/port v0xb9d19a10b240, 8124;
E_0xb9d199e68640/2032 .event anyedge, v0xb9d19a10b240_8121, v0xb9d19a10b240_8122, v0xb9d19a10b240_8123, v0xb9d19a10b240_8124;
v0xb9d19a10b240_8125 .array/port v0xb9d19a10b240, 8125;
v0xb9d19a10b240_8126 .array/port v0xb9d19a10b240, 8126;
v0xb9d19a10b240_8127 .array/port v0xb9d19a10b240, 8127;
v0xb9d19a10b240_8128 .array/port v0xb9d19a10b240, 8128;
E_0xb9d199e68640/2033 .event anyedge, v0xb9d19a10b240_8125, v0xb9d19a10b240_8126, v0xb9d19a10b240_8127, v0xb9d19a10b240_8128;
v0xb9d19a10b240_8129 .array/port v0xb9d19a10b240, 8129;
v0xb9d19a10b240_8130 .array/port v0xb9d19a10b240, 8130;
v0xb9d19a10b240_8131 .array/port v0xb9d19a10b240, 8131;
v0xb9d19a10b240_8132 .array/port v0xb9d19a10b240, 8132;
E_0xb9d199e68640/2034 .event anyedge, v0xb9d19a10b240_8129, v0xb9d19a10b240_8130, v0xb9d19a10b240_8131, v0xb9d19a10b240_8132;
v0xb9d19a10b240_8133 .array/port v0xb9d19a10b240, 8133;
v0xb9d19a10b240_8134 .array/port v0xb9d19a10b240, 8134;
v0xb9d19a10b240_8135 .array/port v0xb9d19a10b240, 8135;
v0xb9d19a10b240_8136 .array/port v0xb9d19a10b240, 8136;
E_0xb9d199e68640/2035 .event anyedge, v0xb9d19a10b240_8133, v0xb9d19a10b240_8134, v0xb9d19a10b240_8135, v0xb9d19a10b240_8136;
v0xb9d19a10b240_8137 .array/port v0xb9d19a10b240, 8137;
v0xb9d19a10b240_8138 .array/port v0xb9d19a10b240, 8138;
v0xb9d19a10b240_8139 .array/port v0xb9d19a10b240, 8139;
v0xb9d19a10b240_8140 .array/port v0xb9d19a10b240, 8140;
E_0xb9d199e68640/2036 .event anyedge, v0xb9d19a10b240_8137, v0xb9d19a10b240_8138, v0xb9d19a10b240_8139, v0xb9d19a10b240_8140;
v0xb9d19a10b240_8141 .array/port v0xb9d19a10b240, 8141;
v0xb9d19a10b240_8142 .array/port v0xb9d19a10b240, 8142;
v0xb9d19a10b240_8143 .array/port v0xb9d19a10b240, 8143;
v0xb9d19a10b240_8144 .array/port v0xb9d19a10b240, 8144;
E_0xb9d199e68640/2037 .event anyedge, v0xb9d19a10b240_8141, v0xb9d19a10b240_8142, v0xb9d19a10b240_8143, v0xb9d19a10b240_8144;
v0xb9d19a10b240_8145 .array/port v0xb9d19a10b240, 8145;
v0xb9d19a10b240_8146 .array/port v0xb9d19a10b240, 8146;
v0xb9d19a10b240_8147 .array/port v0xb9d19a10b240, 8147;
v0xb9d19a10b240_8148 .array/port v0xb9d19a10b240, 8148;
E_0xb9d199e68640/2038 .event anyedge, v0xb9d19a10b240_8145, v0xb9d19a10b240_8146, v0xb9d19a10b240_8147, v0xb9d19a10b240_8148;
v0xb9d19a10b240_8149 .array/port v0xb9d19a10b240, 8149;
v0xb9d19a10b240_8150 .array/port v0xb9d19a10b240, 8150;
v0xb9d19a10b240_8151 .array/port v0xb9d19a10b240, 8151;
v0xb9d19a10b240_8152 .array/port v0xb9d19a10b240, 8152;
E_0xb9d199e68640/2039 .event anyedge, v0xb9d19a10b240_8149, v0xb9d19a10b240_8150, v0xb9d19a10b240_8151, v0xb9d19a10b240_8152;
v0xb9d19a10b240_8153 .array/port v0xb9d19a10b240, 8153;
v0xb9d19a10b240_8154 .array/port v0xb9d19a10b240, 8154;
v0xb9d19a10b240_8155 .array/port v0xb9d19a10b240, 8155;
v0xb9d19a10b240_8156 .array/port v0xb9d19a10b240, 8156;
E_0xb9d199e68640/2040 .event anyedge, v0xb9d19a10b240_8153, v0xb9d19a10b240_8154, v0xb9d19a10b240_8155, v0xb9d19a10b240_8156;
v0xb9d19a10b240_8157 .array/port v0xb9d19a10b240, 8157;
v0xb9d19a10b240_8158 .array/port v0xb9d19a10b240, 8158;
v0xb9d19a10b240_8159 .array/port v0xb9d19a10b240, 8159;
v0xb9d19a10b240_8160 .array/port v0xb9d19a10b240, 8160;
E_0xb9d199e68640/2041 .event anyedge, v0xb9d19a10b240_8157, v0xb9d19a10b240_8158, v0xb9d19a10b240_8159, v0xb9d19a10b240_8160;
v0xb9d19a10b240_8161 .array/port v0xb9d19a10b240, 8161;
v0xb9d19a10b240_8162 .array/port v0xb9d19a10b240, 8162;
v0xb9d19a10b240_8163 .array/port v0xb9d19a10b240, 8163;
v0xb9d19a10b240_8164 .array/port v0xb9d19a10b240, 8164;
E_0xb9d199e68640/2042 .event anyedge, v0xb9d19a10b240_8161, v0xb9d19a10b240_8162, v0xb9d19a10b240_8163, v0xb9d19a10b240_8164;
v0xb9d19a10b240_8165 .array/port v0xb9d19a10b240, 8165;
v0xb9d19a10b240_8166 .array/port v0xb9d19a10b240, 8166;
v0xb9d19a10b240_8167 .array/port v0xb9d19a10b240, 8167;
v0xb9d19a10b240_8168 .array/port v0xb9d19a10b240, 8168;
E_0xb9d199e68640/2043 .event anyedge, v0xb9d19a10b240_8165, v0xb9d19a10b240_8166, v0xb9d19a10b240_8167, v0xb9d19a10b240_8168;
v0xb9d19a10b240_8169 .array/port v0xb9d19a10b240, 8169;
v0xb9d19a10b240_8170 .array/port v0xb9d19a10b240, 8170;
v0xb9d19a10b240_8171 .array/port v0xb9d19a10b240, 8171;
v0xb9d19a10b240_8172 .array/port v0xb9d19a10b240, 8172;
E_0xb9d199e68640/2044 .event anyedge, v0xb9d19a10b240_8169, v0xb9d19a10b240_8170, v0xb9d19a10b240_8171, v0xb9d19a10b240_8172;
v0xb9d19a10b240_8173 .array/port v0xb9d19a10b240, 8173;
v0xb9d19a10b240_8174 .array/port v0xb9d19a10b240, 8174;
v0xb9d19a10b240_8175 .array/port v0xb9d19a10b240, 8175;
v0xb9d19a10b240_8176 .array/port v0xb9d19a10b240, 8176;
E_0xb9d199e68640/2045 .event anyedge, v0xb9d19a10b240_8173, v0xb9d19a10b240_8174, v0xb9d19a10b240_8175, v0xb9d19a10b240_8176;
v0xb9d19a10b240_8177 .array/port v0xb9d19a10b240, 8177;
v0xb9d19a10b240_8178 .array/port v0xb9d19a10b240, 8178;
v0xb9d19a10b240_8179 .array/port v0xb9d19a10b240, 8179;
v0xb9d19a10b240_8180 .array/port v0xb9d19a10b240, 8180;
E_0xb9d199e68640/2046 .event anyedge, v0xb9d19a10b240_8177, v0xb9d19a10b240_8178, v0xb9d19a10b240_8179, v0xb9d19a10b240_8180;
v0xb9d19a10b240_8181 .array/port v0xb9d19a10b240, 8181;
v0xb9d19a10b240_8182 .array/port v0xb9d19a10b240, 8182;
v0xb9d19a10b240_8183 .array/port v0xb9d19a10b240, 8183;
v0xb9d19a10b240_8184 .array/port v0xb9d19a10b240, 8184;
E_0xb9d199e68640/2047 .event anyedge, v0xb9d19a10b240_8181, v0xb9d19a10b240_8182, v0xb9d19a10b240_8183, v0xb9d19a10b240_8184;
v0xb9d19a10b240_8185 .array/port v0xb9d19a10b240, 8185;
v0xb9d19a10b240_8186 .array/port v0xb9d19a10b240, 8186;
v0xb9d19a10b240_8187 .array/port v0xb9d19a10b240, 8187;
v0xb9d19a10b240_8188 .array/port v0xb9d19a10b240, 8188;
E_0xb9d199e68640/2048 .event anyedge, v0xb9d19a10b240_8185, v0xb9d19a10b240_8186, v0xb9d19a10b240_8187, v0xb9d19a10b240_8188;
v0xb9d19a10b240_8189 .array/port v0xb9d19a10b240, 8189;
v0xb9d19a10b240_8190 .array/port v0xb9d19a10b240, 8190;
v0xb9d19a10b240_8191 .array/port v0xb9d19a10b240, 8191;
E_0xb9d199e68640/2049 .event anyedge, v0xb9d19a10b240_8189, v0xb9d19a10b240_8190, v0xb9d19a10b240_8191, v0xb9d19a1d9250_0;
E_0xb9d199e68640/2050 .event anyedge, v0xb9d19a10aeb0_0;
E_0xb9d199e68640 .event/or E_0xb9d199e68640/0, E_0xb9d199e68640/1, E_0xb9d199e68640/2, E_0xb9d199e68640/3, E_0xb9d199e68640/4, E_0xb9d199e68640/5, E_0xb9d199e68640/6, E_0xb9d199e68640/7, E_0xb9d199e68640/8, E_0xb9d199e68640/9, E_0xb9d199e68640/10, E_0xb9d199e68640/11, E_0xb9d199e68640/12, E_0xb9d199e68640/13, E_0xb9d199e68640/14, E_0xb9d199e68640/15, E_0xb9d199e68640/16, E_0xb9d199e68640/17, E_0xb9d199e68640/18, E_0xb9d199e68640/19, E_0xb9d199e68640/20, E_0xb9d199e68640/21, E_0xb9d199e68640/22, E_0xb9d199e68640/23, E_0xb9d199e68640/24, E_0xb9d199e68640/25, E_0xb9d199e68640/26, E_0xb9d199e68640/27, E_0xb9d199e68640/28, E_0xb9d199e68640/29, E_0xb9d199e68640/30, E_0xb9d199e68640/31, E_0xb9d199e68640/32, E_0xb9d199e68640/33, E_0xb9d199e68640/34, E_0xb9d199e68640/35, E_0xb9d199e68640/36, E_0xb9d199e68640/37, E_0xb9d199e68640/38, E_0xb9d199e68640/39, E_0xb9d199e68640/40, E_0xb9d199e68640/41, E_0xb9d199e68640/42, E_0xb9d199e68640/43, E_0xb9d199e68640/44, E_0xb9d199e68640/45, E_0xb9d199e68640/46, E_0xb9d199e68640/47, E_0xb9d199e68640/48, E_0xb9d199e68640/49, E_0xb9d199e68640/50, E_0xb9d199e68640/51, E_0xb9d199e68640/52, E_0xb9d199e68640/53, E_0xb9d199e68640/54, E_0xb9d199e68640/55, E_0xb9d199e68640/56, E_0xb9d199e68640/57, E_0xb9d199e68640/58, E_0xb9d199e68640/59, E_0xb9d199e68640/60, E_0xb9d199e68640/61, E_0xb9d199e68640/62, E_0xb9d199e68640/63, E_0xb9d199e68640/64, E_0xb9d199e68640/65, E_0xb9d199e68640/66, E_0xb9d199e68640/67, E_0xb9d199e68640/68, E_0xb9d199e68640/69, E_0xb9d199e68640/70, E_0xb9d199e68640/71, E_0xb9d199e68640/72, E_0xb9d199e68640/73, E_0xb9d199e68640/74, E_0xb9d199e68640/75, E_0xb9d199e68640/76, E_0xb9d199e68640/77, E_0xb9d199e68640/78, E_0xb9d199e68640/79, E_0xb9d199e68640/80, E_0xb9d199e68640/81, E_0xb9d199e68640/82, E_0xb9d199e68640/83, E_0xb9d199e68640/84, E_0xb9d199e68640/85, E_0xb9d199e68640/86, E_0xb9d199e68640/87, E_0xb9d199e68640/88, E_0xb9d199e68640/89, E_0xb9d199e68640/90, E_0xb9d199e68640/91, E_0xb9d199e68640/92, E_0xb9d199e68640/93, E_0xb9d199e68640/94, E_0xb9d199e68640/95, E_0xb9d199e68640/96, E_0xb9d199e68640/97, E_0xb9d199e68640/98, E_0xb9d199e68640/99, E_0xb9d199e68640/100, E_0xb9d199e68640/101, E_0xb9d199e68640/102, E_0xb9d199e68640/103, E_0xb9d199e68640/104, E_0xb9d199e68640/105, E_0xb9d199e68640/106, E_0xb9d199e68640/107, E_0xb9d199e68640/108, E_0xb9d199e68640/109, E_0xb9d199e68640/110, E_0xb9d199e68640/111, E_0xb9d199e68640/112, E_0xb9d199e68640/113, E_0xb9d199e68640/114, E_0xb9d199e68640/115, E_0xb9d199e68640/116, E_0xb9d199e68640/117, E_0xb9d199e68640/118, E_0xb9d199e68640/119, E_0xb9d199e68640/120, E_0xb9d199e68640/121, E_0xb9d199e68640/122, E_0xb9d199e68640/123, E_0xb9d199e68640/124, E_0xb9d199e68640/125, E_0xb9d199e68640/126, E_0xb9d199e68640/127, E_0xb9d199e68640/128, E_0xb9d199e68640/129, E_0xb9d199e68640/130, E_0xb9d199e68640/131, E_0xb9d199e68640/132, E_0xb9d199e68640/133, E_0xb9d199e68640/134, E_0xb9d199e68640/135, E_0xb9d199e68640/136, E_0xb9d199e68640/137, E_0xb9d199e68640/138, E_0xb9d199e68640/139, E_0xb9d199e68640/140, E_0xb9d199e68640/141, E_0xb9d199e68640/142, E_0xb9d199e68640/143, E_0xb9d199e68640/144, E_0xb9d199e68640/145, E_0xb9d199e68640/146, E_0xb9d199e68640/147, E_0xb9d199e68640/148, E_0xb9d199e68640/149, E_0xb9d199e68640/150, E_0xb9d199e68640/151, E_0xb9d199e68640/152, E_0xb9d199e68640/153, E_0xb9d199e68640/154, E_0xb9d199e68640/155, E_0xb9d199e68640/156, E_0xb9d199e68640/157, E_0xb9d199e68640/158, E_0xb9d199e68640/159, E_0xb9d199e68640/160, E_0xb9d199e68640/161, E_0xb9d199e68640/162, E_0xb9d199e68640/163, E_0xb9d199e68640/164, E_0xb9d199e68640/165, E_0xb9d199e68640/166, E_0xb9d199e68640/167, E_0xb9d199e68640/168, E_0xb9d199e68640/169, E_0xb9d199e68640/170, E_0xb9d199e68640/171, E_0xb9d199e68640/172, E_0xb9d199e68640/173, E_0xb9d199e68640/174, E_0xb9d199e68640/175, E_0xb9d199e68640/176, E_0xb9d199e68640/177, E_0xb9d199e68640/178, E_0xb9d199e68640/179, E_0xb9d199e68640/180, E_0xb9d199e68640/181, E_0xb9d199e68640/182, E_0xb9d199e68640/183, E_0xb9d199e68640/184, E_0xb9d199e68640/185, E_0xb9d199e68640/186, E_0xb9d199e68640/187, E_0xb9d199e68640/188, E_0xb9d199e68640/189, E_0xb9d199e68640/190, E_0xb9d199e68640/191, E_0xb9d199e68640/192, E_0xb9d199e68640/193, E_0xb9d199e68640/194, E_0xb9d199e68640/195, E_0xb9d199e68640/196, E_0xb9d199e68640/197, E_0xb9d199e68640/198, E_0xb9d199e68640/199, E_0xb9d199e68640/200, E_0xb9d199e68640/201, E_0xb9d199e68640/202, E_0xb9d199e68640/203, E_0xb9d199e68640/204, E_0xb9d199e68640/205, E_0xb9d199e68640/206, E_0xb9d199e68640/207, E_0xb9d199e68640/208, E_0xb9d199e68640/209, E_0xb9d199e68640/210, E_0xb9d199e68640/211, E_0xb9d199e68640/212, E_0xb9d199e68640/213, E_0xb9d199e68640/214, E_0xb9d199e68640/215, E_0xb9d199e68640/216, E_0xb9d199e68640/217, E_0xb9d199e68640/218, E_0xb9d199e68640/219, E_0xb9d199e68640/220, E_0xb9d199e68640/221, E_0xb9d199e68640/222, E_0xb9d199e68640/223, E_0xb9d199e68640/224, E_0xb9d199e68640/225, E_0xb9d199e68640/226, E_0xb9d199e68640/227, E_0xb9d199e68640/228, E_0xb9d199e68640/229, E_0xb9d199e68640/230, E_0xb9d199e68640/231, E_0xb9d199e68640/232, E_0xb9d199e68640/233, E_0xb9d199e68640/234, E_0xb9d199e68640/235, E_0xb9d199e68640/236, E_0xb9d199e68640/237, E_0xb9d199e68640/238, E_0xb9d199e68640/239, E_0xb9d199e68640/240, E_0xb9d199e68640/241, E_0xb9d199e68640/242, E_0xb9d199e68640/243, E_0xb9d199e68640/244, E_0xb9d199e68640/245, E_0xb9d199e68640/246, E_0xb9d199e68640/247, E_0xb9d199e68640/248, E_0xb9d199e68640/249, E_0xb9d199e68640/250, E_0xb9d199e68640/251, E_0xb9d199e68640/252, E_0xb9d199e68640/253, E_0xb9d199e68640/254, E_0xb9d199e68640/255, E_0xb9d199e68640/256, E_0xb9d199e68640/257, E_0xb9d199e68640/258, E_0xb9d199e68640/259, E_0xb9d199e68640/260, E_0xb9d199e68640/261, E_0xb9d199e68640/262, E_0xb9d199e68640/263, E_0xb9d199e68640/264, E_0xb9d199e68640/265, E_0xb9d199e68640/266, E_0xb9d199e68640/267, E_0xb9d199e68640/268, E_0xb9d199e68640/269, E_0xb9d199e68640/270, E_0xb9d199e68640/271, E_0xb9d199e68640/272, E_0xb9d199e68640/273, E_0xb9d199e68640/274, E_0xb9d199e68640/275, E_0xb9d199e68640/276, E_0xb9d199e68640/277, E_0xb9d199e68640/278, E_0xb9d199e68640/279, E_0xb9d199e68640/280, E_0xb9d199e68640/281, E_0xb9d199e68640/282, E_0xb9d199e68640/283, E_0xb9d199e68640/284, E_0xb9d199e68640/285, E_0xb9d199e68640/286, E_0xb9d199e68640/287, E_0xb9d199e68640/288, E_0xb9d199e68640/289, E_0xb9d199e68640/290, E_0xb9d199e68640/291, E_0xb9d199e68640/292, E_0xb9d199e68640/293, E_0xb9d199e68640/294, E_0xb9d199e68640/295, E_0xb9d199e68640/296, E_0xb9d199e68640/297, E_0xb9d199e68640/298, E_0xb9d199e68640/299, E_0xb9d199e68640/300, E_0xb9d199e68640/301, E_0xb9d199e68640/302, E_0xb9d199e68640/303, E_0xb9d199e68640/304, E_0xb9d199e68640/305, E_0xb9d199e68640/306, E_0xb9d199e68640/307, E_0xb9d199e68640/308, E_0xb9d199e68640/309, E_0xb9d199e68640/310, E_0xb9d199e68640/311, E_0xb9d199e68640/312, E_0xb9d199e68640/313, E_0xb9d199e68640/314, E_0xb9d199e68640/315, E_0xb9d199e68640/316, E_0xb9d199e68640/317, E_0xb9d199e68640/318, E_0xb9d199e68640/319, E_0xb9d199e68640/320, E_0xb9d199e68640/321, E_0xb9d199e68640/322, E_0xb9d199e68640/323, E_0xb9d199e68640/324, E_0xb9d199e68640/325, E_0xb9d199e68640/326, E_0xb9d199e68640/327, E_0xb9d199e68640/328, E_0xb9d199e68640/329, E_0xb9d199e68640/330, E_0xb9d199e68640/331, E_0xb9d199e68640/332, E_0xb9d199e68640/333, E_0xb9d199e68640/334, E_0xb9d199e68640/335, E_0xb9d199e68640/336, E_0xb9d199e68640/337, E_0xb9d199e68640/338, E_0xb9d199e68640/339, E_0xb9d199e68640/340, E_0xb9d199e68640/341, E_0xb9d199e68640/342, E_0xb9d199e68640/343, E_0xb9d199e68640/344, E_0xb9d199e68640/345, E_0xb9d199e68640/346, E_0xb9d199e68640/347, E_0xb9d199e68640/348, E_0xb9d199e68640/349, E_0xb9d199e68640/350, E_0xb9d199e68640/351, E_0xb9d199e68640/352, E_0xb9d199e68640/353, E_0xb9d199e68640/354, E_0xb9d199e68640/355, E_0xb9d199e68640/356, E_0xb9d199e68640/357, E_0xb9d199e68640/358, E_0xb9d199e68640/359, E_0xb9d199e68640/360, E_0xb9d199e68640/361, E_0xb9d199e68640/362, E_0xb9d199e68640/363, E_0xb9d199e68640/364, E_0xb9d199e68640/365, E_0xb9d199e68640/366, E_0xb9d199e68640/367, E_0xb9d199e68640/368, E_0xb9d199e68640/369, E_0xb9d199e68640/370, E_0xb9d199e68640/371, E_0xb9d199e68640/372, E_0xb9d199e68640/373, E_0xb9d199e68640/374, E_0xb9d199e68640/375, E_0xb9d199e68640/376, E_0xb9d199e68640/377, E_0xb9d199e68640/378, E_0xb9d199e68640/379, E_0xb9d199e68640/380, E_0xb9d199e68640/381, E_0xb9d199e68640/382, E_0xb9d199e68640/383, E_0xb9d199e68640/384, E_0xb9d199e68640/385, E_0xb9d199e68640/386, E_0xb9d199e68640/387, E_0xb9d199e68640/388, E_0xb9d199e68640/389, E_0xb9d199e68640/390, E_0xb9d199e68640/391, E_0xb9d199e68640/392, E_0xb9d199e68640/393, E_0xb9d199e68640/394, E_0xb9d199e68640/395, E_0xb9d199e68640/396, E_0xb9d199e68640/397, E_0xb9d199e68640/398, E_0xb9d199e68640/399, E_0xb9d199e68640/400, E_0xb9d199e68640/401, E_0xb9d199e68640/402, E_0xb9d199e68640/403, E_0xb9d199e68640/404, E_0xb9d199e68640/405, E_0xb9d199e68640/406, E_0xb9d199e68640/407, E_0xb9d199e68640/408, E_0xb9d199e68640/409, E_0xb9d199e68640/410, E_0xb9d199e68640/411, E_0xb9d199e68640/412, E_0xb9d199e68640/413, E_0xb9d199e68640/414, E_0xb9d199e68640/415, E_0xb9d199e68640/416, E_0xb9d199e68640/417, E_0xb9d199e68640/418, E_0xb9d199e68640/419, E_0xb9d199e68640/420, E_0xb9d199e68640/421, E_0xb9d199e68640/422, E_0xb9d199e68640/423, E_0xb9d199e68640/424, E_0xb9d199e68640/425, E_0xb9d199e68640/426, E_0xb9d199e68640/427, E_0xb9d199e68640/428, E_0xb9d199e68640/429, E_0xb9d199e68640/430, E_0xb9d199e68640/431, E_0xb9d199e68640/432, E_0xb9d199e68640/433, E_0xb9d199e68640/434, E_0xb9d199e68640/435, E_0xb9d199e68640/436, E_0xb9d199e68640/437, E_0xb9d199e68640/438, E_0xb9d199e68640/439, E_0xb9d199e68640/440, E_0xb9d199e68640/441, E_0xb9d199e68640/442, E_0xb9d199e68640/443, E_0xb9d199e68640/444, E_0xb9d199e68640/445, E_0xb9d199e68640/446, E_0xb9d199e68640/447, E_0xb9d199e68640/448, E_0xb9d199e68640/449, E_0xb9d199e68640/450, E_0xb9d199e68640/451, E_0xb9d199e68640/452, E_0xb9d199e68640/453, E_0xb9d199e68640/454, E_0xb9d199e68640/455, E_0xb9d199e68640/456, E_0xb9d199e68640/457, E_0xb9d199e68640/458, E_0xb9d199e68640/459, E_0xb9d199e68640/460, E_0xb9d199e68640/461, E_0xb9d199e68640/462, E_0xb9d199e68640/463, E_0xb9d199e68640/464, E_0xb9d199e68640/465, E_0xb9d199e68640/466, E_0xb9d199e68640/467, E_0xb9d199e68640/468, E_0xb9d199e68640/469, E_0xb9d199e68640/470, E_0xb9d199e68640/471, E_0xb9d199e68640/472, E_0xb9d199e68640/473, E_0xb9d199e68640/474, E_0xb9d199e68640/475, E_0xb9d199e68640/476, E_0xb9d199e68640/477, E_0xb9d199e68640/478, E_0xb9d199e68640/479, E_0xb9d199e68640/480, E_0xb9d199e68640/481, E_0xb9d199e68640/482, E_0xb9d199e68640/483, E_0xb9d199e68640/484, E_0xb9d199e68640/485, E_0xb9d199e68640/486, E_0xb9d199e68640/487, E_0xb9d199e68640/488, E_0xb9d199e68640/489, E_0xb9d199e68640/490, E_0xb9d199e68640/491, E_0xb9d199e68640/492, E_0xb9d199e68640/493, E_0xb9d199e68640/494, E_0xb9d199e68640/495, E_0xb9d199e68640/496, E_0xb9d199e68640/497, E_0xb9d199e68640/498, E_0xb9d199e68640/499, E_0xb9d199e68640/500, E_0xb9d199e68640/501, E_0xb9d199e68640/502, E_0xb9d199e68640/503, E_0xb9d199e68640/504, E_0xb9d199e68640/505, E_0xb9d199e68640/506, E_0xb9d199e68640/507, E_0xb9d199e68640/508, E_0xb9d199e68640/509, E_0xb9d199e68640/510, E_0xb9d199e68640/511, E_0xb9d199e68640/512, E_0xb9d199e68640/513, E_0xb9d199e68640/514, E_0xb9d199e68640/515, E_0xb9d199e68640/516, E_0xb9d199e68640/517, E_0xb9d199e68640/518, E_0xb9d199e68640/519, E_0xb9d199e68640/520, E_0xb9d199e68640/521, E_0xb9d199e68640/522, E_0xb9d199e68640/523, E_0xb9d199e68640/524, E_0xb9d199e68640/525, E_0xb9d199e68640/526, E_0xb9d199e68640/527, E_0xb9d199e68640/528, E_0xb9d199e68640/529, E_0xb9d199e68640/530, E_0xb9d199e68640/531, E_0xb9d199e68640/532, E_0xb9d199e68640/533, E_0xb9d199e68640/534, E_0xb9d199e68640/535, E_0xb9d199e68640/536, E_0xb9d199e68640/537, E_0xb9d199e68640/538, E_0xb9d199e68640/539, E_0xb9d199e68640/540, E_0xb9d199e68640/541, E_0xb9d199e68640/542, E_0xb9d199e68640/543, E_0xb9d199e68640/544, E_0xb9d199e68640/545, E_0xb9d199e68640/546, E_0xb9d199e68640/547, E_0xb9d199e68640/548, E_0xb9d199e68640/549, E_0xb9d199e68640/550, E_0xb9d199e68640/551, E_0xb9d199e68640/552, E_0xb9d199e68640/553, E_0xb9d199e68640/554, E_0xb9d199e68640/555, E_0xb9d199e68640/556, E_0xb9d199e68640/557, E_0xb9d199e68640/558, E_0xb9d199e68640/559, E_0xb9d199e68640/560, E_0xb9d199e68640/561, E_0xb9d199e68640/562, E_0xb9d199e68640/563, E_0xb9d199e68640/564, E_0xb9d199e68640/565, E_0xb9d199e68640/566, E_0xb9d199e68640/567, E_0xb9d199e68640/568, E_0xb9d199e68640/569, E_0xb9d199e68640/570, E_0xb9d199e68640/571, E_0xb9d199e68640/572, E_0xb9d199e68640/573, E_0xb9d199e68640/574, E_0xb9d199e68640/575, E_0xb9d199e68640/576, E_0xb9d199e68640/577, E_0xb9d199e68640/578, E_0xb9d199e68640/579, E_0xb9d199e68640/580, E_0xb9d199e68640/581, E_0xb9d199e68640/582, E_0xb9d199e68640/583, E_0xb9d199e68640/584, E_0xb9d199e68640/585, E_0xb9d199e68640/586, E_0xb9d199e68640/587, E_0xb9d199e68640/588, E_0xb9d199e68640/589, E_0xb9d199e68640/590, E_0xb9d199e68640/591, E_0xb9d199e68640/592, E_0xb9d199e68640/593, E_0xb9d199e68640/594, E_0xb9d199e68640/595, E_0xb9d199e68640/596, E_0xb9d199e68640/597, E_0xb9d199e68640/598, E_0xb9d199e68640/599, E_0xb9d199e68640/600, E_0xb9d199e68640/601, E_0xb9d199e68640/602, E_0xb9d199e68640/603, E_0xb9d199e68640/604, E_0xb9d199e68640/605, E_0xb9d199e68640/606, E_0xb9d199e68640/607, E_0xb9d199e68640/608, E_0xb9d199e68640/609, E_0xb9d199e68640/610, E_0xb9d199e68640/611, E_0xb9d199e68640/612, E_0xb9d199e68640/613, E_0xb9d199e68640/614, E_0xb9d199e68640/615, E_0xb9d199e68640/616, E_0xb9d199e68640/617, E_0xb9d199e68640/618, E_0xb9d199e68640/619, E_0xb9d199e68640/620, E_0xb9d199e68640/621, E_0xb9d199e68640/622, E_0xb9d199e68640/623, E_0xb9d199e68640/624, E_0xb9d199e68640/625, E_0xb9d199e68640/626, E_0xb9d199e68640/627, E_0xb9d199e68640/628, E_0xb9d199e68640/629, E_0xb9d199e68640/630, E_0xb9d199e68640/631, E_0xb9d199e68640/632, E_0xb9d199e68640/633, E_0xb9d199e68640/634, E_0xb9d199e68640/635, E_0xb9d199e68640/636, E_0xb9d199e68640/637, E_0xb9d199e68640/638, E_0xb9d199e68640/639, E_0xb9d199e68640/640, E_0xb9d199e68640/641, E_0xb9d199e68640/642, E_0xb9d199e68640/643, E_0xb9d199e68640/644, E_0xb9d199e68640/645, E_0xb9d199e68640/646, E_0xb9d199e68640/647, E_0xb9d199e68640/648, E_0xb9d199e68640/649, E_0xb9d199e68640/650, E_0xb9d199e68640/651, E_0xb9d199e68640/652, E_0xb9d199e68640/653, E_0xb9d199e68640/654, E_0xb9d199e68640/655, E_0xb9d199e68640/656, E_0xb9d199e68640/657, E_0xb9d199e68640/658, E_0xb9d199e68640/659, E_0xb9d199e68640/660, E_0xb9d199e68640/661, E_0xb9d199e68640/662, E_0xb9d199e68640/663, E_0xb9d199e68640/664, E_0xb9d199e68640/665, E_0xb9d199e68640/666, E_0xb9d199e68640/667, E_0xb9d199e68640/668, E_0xb9d199e68640/669, E_0xb9d199e68640/670, E_0xb9d199e68640/671, E_0xb9d199e68640/672, E_0xb9d199e68640/673, E_0xb9d199e68640/674, E_0xb9d199e68640/675, E_0xb9d199e68640/676, E_0xb9d199e68640/677, E_0xb9d199e68640/678, E_0xb9d199e68640/679, E_0xb9d199e68640/680, E_0xb9d199e68640/681, E_0xb9d199e68640/682, E_0xb9d199e68640/683, E_0xb9d199e68640/684, E_0xb9d199e68640/685, E_0xb9d199e68640/686, E_0xb9d199e68640/687, E_0xb9d199e68640/688, E_0xb9d199e68640/689, E_0xb9d199e68640/690, E_0xb9d199e68640/691, E_0xb9d199e68640/692, E_0xb9d199e68640/693, E_0xb9d199e68640/694, E_0xb9d199e68640/695, E_0xb9d199e68640/696, E_0xb9d199e68640/697, E_0xb9d199e68640/698, E_0xb9d199e68640/699, E_0xb9d199e68640/700, E_0xb9d199e68640/701, E_0xb9d199e68640/702, E_0xb9d199e68640/703, E_0xb9d199e68640/704, E_0xb9d199e68640/705, E_0xb9d199e68640/706, E_0xb9d199e68640/707, E_0xb9d199e68640/708, E_0xb9d199e68640/709, E_0xb9d199e68640/710, E_0xb9d199e68640/711, E_0xb9d199e68640/712, E_0xb9d199e68640/713, E_0xb9d199e68640/714, E_0xb9d199e68640/715, E_0xb9d199e68640/716, E_0xb9d199e68640/717, E_0xb9d199e68640/718, E_0xb9d199e68640/719, E_0xb9d199e68640/720, E_0xb9d199e68640/721, E_0xb9d199e68640/722, E_0xb9d199e68640/723, E_0xb9d199e68640/724, E_0xb9d199e68640/725, E_0xb9d199e68640/726, E_0xb9d199e68640/727, E_0xb9d199e68640/728, E_0xb9d199e68640/729, E_0xb9d199e68640/730, E_0xb9d199e68640/731, E_0xb9d199e68640/732, E_0xb9d199e68640/733, E_0xb9d199e68640/734, E_0xb9d199e68640/735, E_0xb9d199e68640/736, E_0xb9d199e68640/737, E_0xb9d199e68640/738, E_0xb9d199e68640/739, E_0xb9d199e68640/740, E_0xb9d199e68640/741, E_0xb9d199e68640/742, E_0xb9d199e68640/743, E_0xb9d199e68640/744, E_0xb9d199e68640/745, E_0xb9d199e68640/746, E_0xb9d199e68640/747, E_0xb9d199e68640/748, E_0xb9d199e68640/749, E_0xb9d199e68640/750, E_0xb9d199e68640/751, E_0xb9d199e68640/752, E_0xb9d199e68640/753, E_0xb9d199e68640/754, E_0xb9d199e68640/755, E_0xb9d199e68640/756, E_0xb9d199e68640/757, E_0xb9d199e68640/758, E_0xb9d199e68640/759, E_0xb9d199e68640/760, E_0xb9d199e68640/761, E_0xb9d199e68640/762, E_0xb9d199e68640/763, E_0xb9d199e68640/764, E_0xb9d199e68640/765, E_0xb9d199e68640/766, E_0xb9d199e68640/767, E_0xb9d199e68640/768, E_0xb9d199e68640/769, E_0xb9d199e68640/770, E_0xb9d199e68640/771, E_0xb9d199e68640/772, E_0xb9d199e68640/773, E_0xb9d199e68640/774, E_0xb9d199e68640/775, E_0xb9d199e68640/776, E_0xb9d199e68640/777, E_0xb9d199e68640/778, E_0xb9d199e68640/779, E_0xb9d199e68640/780, E_0xb9d199e68640/781, E_0xb9d199e68640/782, E_0xb9d199e68640/783, E_0xb9d199e68640/784, E_0xb9d199e68640/785, E_0xb9d199e68640/786, E_0xb9d199e68640/787, E_0xb9d199e68640/788, E_0xb9d199e68640/789, E_0xb9d199e68640/790, E_0xb9d199e68640/791, E_0xb9d199e68640/792, E_0xb9d199e68640/793, E_0xb9d199e68640/794, E_0xb9d199e68640/795, E_0xb9d199e68640/796, E_0xb9d199e68640/797, E_0xb9d199e68640/798, E_0xb9d199e68640/799, E_0xb9d199e68640/800, E_0xb9d199e68640/801, E_0xb9d199e68640/802, E_0xb9d199e68640/803, E_0xb9d199e68640/804, E_0xb9d199e68640/805, E_0xb9d199e68640/806, E_0xb9d199e68640/807, E_0xb9d199e68640/808, E_0xb9d199e68640/809, E_0xb9d199e68640/810, E_0xb9d199e68640/811, E_0xb9d199e68640/812, E_0xb9d199e68640/813, E_0xb9d199e68640/814, E_0xb9d199e68640/815, E_0xb9d199e68640/816, E_0xb9d199e68640/817, E_0xb9d199e68640/818, E_0xb9d199e68640/819, E_0xb9d199e68640/820, E_0xb9d199e68640/821, E_0xb9d199e68640/822, E_0xb9d199e68640/823, E_0xb9d199e68640/824, E_0xb9d199e68640/825, E_0xb9d199e68640/826, E_0xb9d199e68640/827, E_0xb9d199e68640/828, E_0xb9d199e68640/829, E_0xb9d199e68640/830, E_0xb9d199e68640/831, E_0xb9d199e68640/832, E_0xb9d199e68640/833, E_0xb9d199e68640/834, E_0xb9d199e68640/835, E_0xb9d199e68640/836, E_0xb9d199e68640/837, E_0xb9d199e68640/838, E_0xb9d199e68640/839, E_0xb9d199e68640/840, E_0xb9d199e68640/841, E_0xb9d199e68640/842, E_0xb9d199e68640/843, E_0xb9d199e68640/844, E_0xb9d199e68640/845, E_0xb9d199e68640/846, E_0xb9d199e68640/847, E_0xb9d199e68640/848, E_0xb9d199e68640/849, E_0xb9d199e68640/850, E_0xb9d199e68640/851, E_0xb9d199e68640/852, E_0xb9d199e68640/853, E_0xb9d199e68640/854, E_0xb9d199e68640/855, E_0xb9d199e68640/856, E_0xb9d199e68640/857, E_0xb9d199e68640/858, E_0xb9d199e68640/859, E_0xb9d199e68640/860, E_0xb9d199e68640/861, E_0xb9d199e68640/862, E_0xb9d199e68640/863, E_0xb9d199e68640/864, E_0xb9d199e68640/865, E_0xb9d199e68640/866, E_0xb9d199e68640/867, E_0xb9d199e68640/868, E_0xb9d199e68640/869, E_0xb9d199e68640/870, E_0xb9d199e68640/871, E_0xb9d199e68640/872, E_0xb9d199e68640/873, E_0xb9d199e68640/874, E_0xb9d199e68640/875, E_0xb9d199e68640/876, E_0xb9d199e68640/877, E_0xb9d199e68640/878, E_0xb9d199e68640/879, E_0xb9d199e68640/880, E_0xb9d199e68640/881, E_0xb9d199e68640/882, E_0xb9d199e68640/883, E_0xb9d199e68640/884, E_0xb9d199e68640/885, E_0xb9d199e68640/886, E_0xb9d199e68640/887, E_0xb9d199e68640/888, E_0xb9d199e68640/889, E_0xb9d199e68640/890, E_0xb9d199e68640/891, E_0xb9d199e68640/892, E_0xb9d199e68640/893, E_0xb9d199e68640/894, E_0xb9d199e68640/895, E_0xb9d199e68640/896, E_0xb9d199e68640/897, E_0xb9d199e68640/898, E_0xb9d199e68640/899, E_0xb9d199e68640/900, E_0xb9d199e68640/901, E_0xb9d199e68640/902, E_0xb9d199e68640/903, E_0xb9d199e68640/904, E_0xb9d199e68640/905, E_0xb9d199e68640/906, E_0xb9d199e68640/907, E_0xb9d199e68640/908, E_0xb9d199e68640/909, E_0xb9d199e68640/910, E_0xb9d199e68640/911, E_0xb9d199e68640/912, E_0xb9d199e68640/913, E_0xb9d199e68640/914, E_0xb9d199e68640/915, E_0xb9d199e68640/916, E_0xb9d199e68640/917, E_0xb9d199e68640/918, E_0xb9d199e68640/919, E_0xb9d199e68640/920, E_0xb9d199e68640/921, E_0xb9d199e68640/922, E_0xb9d199e68640/923, E_0xb9d199e68640/924, E_0xb9d199e68640/925, E_0xb9d199e68640/926, E_0xb9d199e68640/927, E_0xb9d199e68640/928, E_0xb9d199e68640/929, E_0xb9d199e68640/930, E_0xb9d199e68640/931, E_0xb9d199e68640/932, E_0xb9d199e68640/933, E_0xb9d199e68640/934, E_0xb9d199e68640/935, E_0xb9d199e68640/936, E_0xb9d199e68640/937, E_0xb9d199e68640/938, E_0xb9d199e68640/939, E_0xb9d199e68640/940, E_0xb9d199e68640/941, E_0xb9d199e68640/942, E_0xb9d199e68640/943, E_0xb9d199e68640/944, E_0xb9d199e68640/945, E_0xb9d199e68640/946, E_0xb9d199e68640/947, E_0xb9d199e68640/948, E_0xb9d199e68640/949, E_0xb9d199e68640/950, E_0xb9d199e68640/951, E_0xb9d199e68640/952, E_0xb9d199e68640/953, E_0xb9d199e68640/954, E_0xb9d199e68640/955, E_0xb9d199e68640/956, E_0xb9d199e68640/957, E_0xb9d199e68640/958, E_0xb9d199e68640/959, E_0xb9d199e68640/960, E_0xb9d199e68640/961, E_0xb9d199e68640/962, E_0xb9d199e68640/963, E_0xb9d199e68640/964, E_0xb9d199e68640/965, E_0xb9d199e68640/966, E_0xb9d199e68640/967, E_0xb9d199e68640/968, E_0xb9d199e68640/969, E_0xb9d199e68640/970, E_0xb9d199e68640/971, E_0xb9d199e68640/972, E_0xb9d199e68640/973, E_0xb9d199e68640/974, E_0xb9d199e68640/975, E_0xb9d199e68640/976, E_0xb9d199e68640/977, E_0xb9d199e68640/978, E_0xb9d199e68640/979, E_0xb9d199e68640/980, E_0xb9d199e68640/981, E_0xb9d199e68640/982, E_0xb9d199e68640/983, E_0xb9d199e68640/984, E_0xb9d199e68640/985, E_0xb9d199e68640/986, E_0xb9d199e68640/987, E_0xb9d199e68640/988, E_0xb9d199e68640/989, E_0xb9d199e68640/990, E_0xb9d199e68640/991, E_0xb9d199e68640/992, E_0xb9d199e68640/993, E_0xb9d199e68640/994, E_0xb9d199e68640/995, E_0xb9d199e68640/996, E_0xb9d199e68640/997, E_0xb9d199e68640/998, E_0xb9d199e68640/999, E_0xb9d199e68640/1000, E_0xb9d199e68640/1001, E_0xb9d199e68640/1002, E_0xb9d199e68640/1003, E_0xb9d199e68640/1004, E_0xb9d199e68640/1005, E_0xb9d199e68640/1006, E_0xb9d199e68640/1007, E_0xb9d199e68640/1008, E_0xb9d199e68640/1009, E_0xb9d199e68640/1010, E_0xb9d199e68640/1011, E_0xb9d199e68640/1012, E_0xb9d199e68640/1013, E_0xb9d199e68640/1014, E_0xb9d199e68640/1015, E_0xb9d199e68640/1016, E_0xb9d199e68640/1017, E_0xb9d199e68640/1018, E_0xb9d199e68640/1019, E_0xb9d199e68640/1020, E_0xb9d199e68640/1021, E_0xb9d199e68640/1022, E_0xb9d199e68640/1023, E_0xb9d199e68640/1024, E_0xb9d199e68640/1025, E_0xb9d199e68640/1026, E_0xb9d199e68640/1027, E_0xb9d199e68640/1028, E_0xb9d199e68640/1029, E_0xb9d199e68640/1030, E_0xb9d199e68640/1031, E_0xb9d199e68640/1032, E_0xb9d199e68640/1033, E_0xb9d199e68640/1034, E_0xb9d199e68640/1035, E_0xb9d199e68640/1036, E_0xb9d199e68640/1037, E_0xb9d199e68640/1038, E_0xb9d199e68640/1039, E_0xb9d199e68640/1040, E_0xb9d199e68640/1041, E_0xb9d199e68640/1042, E_0xb9d199e68640/1043, E_0xb9d199e68640/1044, E_0xb9d199e68640/1045, E_0xb9d199e68640/1046, E_0xb9d199e68640/1047, E_0xb9d199e68640/1048, E_0xb9d199e68640/1049, E_0xb9d199e68640/1050, E_0xb9d199e68640/1051, E_0xb9d199e68640/1052, E_0xb9d199e68640/1053, E_0xb9d199e68640/1054, E_0xb9d199e68640/1055, E_0xb9d199e68640/1056, E_0xb9d199e68640/1057, E_0xb9d199e68640/1058, E_0xb9d199e68640/1059, E_0xb9d199e68640/1060, E_0xb9d199e68640/1061, E_0xb9d199e68640/1062, E_0xb9d199e68640/1063, E_0xb9d199e68640/1064, E_0xb9d199e68640/1065, E_0xb9d199e68640/1066, E_0xb9d199e68640/1067, E_0xb9d199e68640/1068, E_0xb9d199e68640/1069, E_0xb9d199e68640/1070, E_0xb9d199e68640/1071, E_0xb9d199e68640/1072, E_0xb9d199e68640/1073, E_0xb9d199e68640/1074, E_0xb9d199e68640/1075, E_0xb9d199e68640/1076, E_0xb9d199e68640/1077, E_0xb9d199e68640/1078, E_0xb9d199e68640/1079, E_0xb9d199e68640/1080, E_0xb9d199e68640/1081, E_0xb9d199e68640/1082, E_0xb9d199e68640/1083, E_0xb9d199e68640/1084, E_0xb9d199e68640/1085, E_0xb9d199e68640/1086, E_0xb9d199e68640/1087, E_0xb9d199e68640/1088, E_0xb9d199e68640/1089, E_0xb9d199e68640/1090, E_0xb9d199e68640/1091, E_0xb9d199e68640/1092, E_0xb9d199e68640/1093, E_0xb9d199e68640/1094, E_0xb9d199e68640/1095, E_0xb9d199e68640/1096, E_0xb9d199e68640/1097, E_0xb9d199e68640/1098, E_0xb9d199e68640/1099, E_0xb9d199e68640/1100, E_0xb9d199e68640/1101, E_0xb9d199e68640/1102, E_0xb9d199e68640/1103, E_0xb9d199e68640/1104, E_0xb9d199e68640/1105, E_0xb9d199e68640/1106, E_0xb9d199e68640/1107, E_0xb9d199e68640/1108, E_0xb9d199e68640/1109, E_0xb9d199e68640/1110, E_0xb9d199e68640/1111, E_0xb9d199e68640/1112, E_0xb9d199e68640/1113, E_0xb9d199e68640/1114, E_0xb9d199e68640/1115, E_0xb9d199e68640/1116, E_0xb9d199e68640/1117, E_0xb9d199e68640/1118, E_0xb9d199e68640/1119, E_0xb9d199e68640/1120, E_0xb9d199e68640/1121, E_0xb9d199e68640/1122, E_0xb9d199e68640/1123, E_0xb9d199e68640/1124, E_0xb9d199e68640/1125, E_0xb9d199e68640/1126, E_0xb9d199e68640/1127, E_0xb9d199e68640/1128, E_0xb9d199e68640/1129, E_0xb9d199e68640/1130, E_0xb9d199e68640/1131, E_0xb9d199e68640/1132, E_0xb9d199e68640/1133, E_0xb9d199e68640/1134, E_0xb9d199e68640/1135, E_0xb9d199e68640/1136, E_0xb9d199e68640/1137, E_0xb9d199e68640/1138, E_0xb9d199e68640/1139, E_0xb9d199e68640/1140, E_0xb9d199e68640/1141, E_0xb9d199e68640/1142, E_0xb9d199e68640/1143, E_0xb9d199e68640/1144, E_0xb9d199e68640/1145, E_0xb9d199e68640/1146, E_0xb9d199e68640/1147, E_0xb9d199e68640/1148, E_0xb9d199e68640/1149, E_0xb9d199e68640/1150, E_0xb9d199e68640/1151, E_0xb9d199e68640/1152, E_0xb9d199e68640/1153, E_0xb9d199e68640/1154, E_0xb9d199e68640/1155, E_0xb9d199e68640/1156, E_0xb9d199e68640/1157, E_0xb9d199e68640/1158, E_0xb9d199e68640/1159, E_0xb9d199e68640/1160, E_0xb9d199e68640/1161, E_0xb9d199e68640/1162, E_0xb9d199e68640/1163, E_0xb9d199e68640/1164, E_0xb9d199e68640/1165, E_0xb9d199e68640/1166, E_0xb9d199e68640/1167, E_0xb9d199e68640/1168, E_0xb9d199e68640/1169, E_0xb9d199e68640/1170, E_0xb9d199e68640/1171, E_0xb9d199e68640/1172, E_0xb9d199e68640/1173, E_0xb9d199e68640/1174, E_0xb9d199e68640/1175, E_0xb9d199e68640/1176, E_0xb9d199e68640/1177, E_0xb9d199e68640/1178, E_0xb9d199e68640/1179, E_0xb9d199e68640/1180, E_0xb9d199e68640/1181, E_0xb9d199e68640/1182, E_0xb9d199e68640/1183, E_0xb9d199e68640/1184, E_0xb9d199e68640/1185, E_0xb9d199e68640/1186, E_0xb9d199e68640/1187, E_0xb9d199e68640/1188, E_0xb9d199e68640/1189, E_0xb9d199e68640/1190, E_0xb9d199e68640/1191, E_0xb9d199e68640/1192, E_0xb9d199e68640/1193, E_0xb9d199e68640/1194, E_0xb9d199e68640/1195, E_0xb9d199e68640/1196, E_0xb9d199e68640/1197, E_0xb9d199e68640/1198, E_0xb9d199e68640/1199, E_0xb9d199e68640/1200, E_0xb9d199e68640/1201, E_0xb9d199e68640/1202, E_0xb9d199e68640/1203, E_0xb9d199e68640/1204, E_0xb9d199e68640/1205, E_0xb9d199e68640/1206, E_0xb9d199e68640/1207, E_0xb9d199e68640/1208, E_0xb9d199e68640/1209, E_0xb9d199e68640/1210, E_0xb9d199e68640/1211, E_0xb9d199e68640/1212, E_0xb9d199e68640/1213, E_0xb9d199e68640/1214, E_0xb9d199e68640/1215, E_0xb9d199e68640/1216, E_0xb9d199e68640/1217, E_0xb9d199e68640/1218, E_0xb9d199e68640/1219, E_0xb9d199e68640/1220, E_0xb9d199e68640/1221, E_0xb9d199e68640/1222, E_0xb9d199e68640/1223, E_0xb9d199e68640/1224, E_0xb9d199e68640/1225, E_0xb9d199e68640/1226, E_0xb9d199e68640/1227, E_0xb9d199e68640/1228, E_0xb9d199e68640/1229, E_0xb9d199e68640/1230, E_0xb9d199e68640/1231, E_0xb9d199e68640/1232, E_0xb9d199e68640/1233, E_0xb9d199e68640/1234, E_0xb9d199e68640/1235, E_0xb9d199e68640/1236, E_0xb9d199e68640/1237, E_0xb9d199e68640/1238, E_0xb9d199e68640/1239, E_0xb9d199e68640/1240, E_0xb9d199e68640/1241, E_0xb9d199e68640/1242, E_0xb9d199e68640/1243, E_0xb9d199e68640/1244, E_0xb9d199e68640/1245, E_0xb9d199e68640/1246, E_0xb9d199e68640/1247, E_0xb9d199e68640/1248, E_0xb9d199e68640/1249, E_0xb9d199e68640/1250, E_0xb9d199e68640/1251, E_0xb9d199e68640/1252, E_0xb9d199e68640/1253, E_0xb9d199e68640/1254, E_0xb9d199e68640/1255, E_0xb9d199e68640/1256, E_0xb9d199e68640/1257, E_0xb9d199e68640/1258, E_0xb9d199e68640/1259, E_0xb9d199e68640/1260, E_0xb9d199e68640/1261, E_0xb9d199e68640/1262, E_0xb9d199e68640/1263, E_0xb9d199e68640/1264, E_0xb9d199e68640/1265, E_0xb9d199e68640/1266, E_0xb9d199e68640/1267, E_0xb9d199e68640/1268, E_0xb9d199e68640/1269, E_0xb9d199e68640/1270, E_0xb9d199e68640/1271, E_0xb9d199e68640/1272, E_0xb9d199e68640/1273, E_0xb9d199e68640/1274, E_0xb9d199e68640/1275, E_0xb9d199e68640/1276, E_0xb9d199e68640/1277, E_0xb9d199e68640/1278, E_0xb9d199e68640/1279, E_0xb9d199e68640/1280, E_0xb9d199e68640/1281, E_0xb9d199e68640/1282, E_0xb9d199e68640/1283, E_0xb9d199e68640/1284, E_0xb9d199e68640/1285, E_0xb9d199e68640/1286, E_0xb9d199e68640/1287, E_0xb9d199e68640/1288, E_0xb9d199e68640/1289, E_0xb9d199e68640/1290, E_0xb9d199e68640/1291, E_0xb9d199e68640/1292, E_0xb9d199e68640/1293, E_0xb9d199e68640/1294, E_0xb9d199e68640/1295, E_0xb9d199e68640/1296, E_0xb9d199e68640/1297, E_0xb9d199e68640/1298, E_0xb9d199e68640/1299, E_0xb9d199e68640/1300, E_0xb9d199e68640/1301, E_0xb9d199e68640/1302, E_0xb9d199e68640/1303, E_0xb9d199e68640/1304, E_0xb9d199e68640/1305, E_0xb9d199e68640/1306, E_0xb9d199e68640/1307, E_0xb9d199e68640/1308, E_0xb9d199e68640/1309, E_0xb9d199e68640/1310, E_0xb9d199e68640/1311, E_0xb9d199e68640/1312, E_0xb9d199e68640/1313, E_0xb9d199e68640/1314, E_0xb9d199e68640/1315, E_0xb9d199e68640/1316, E_0xb9d199e68640/1317, E_0xb9d199e68640/1318, E_0xb9d199e68640/1319, E_0xb9d199e68640/1320, E_0xb9d199e68640/1321, E_0xb9d199e68640/1322, E_0xb9d199e68640/1323, E_0xb9d199e68640/1324, E_0xb9d199e68640/1325, E_0xb9d199e68640/1326, E_0xb9d199e68640/1327, E_0xb9d199e68640/1328, E_0xb9d199e68640/1329, E_0xb9d199e68640/1330, E_0xb9d199e68640/1331, E_0xb9d199e68640/1332, E_0xb9d199e68640/1333, E_0xb9d199e68640/1334, E_0xb9d199e68640/1335, E_0xb9d199e68640/1336, E_0xb9d199e68640/1337, E_0xb9d199e68640/1338, E_0xb9d199e68640/1339, E_0xb9d199e68640/1340, E_0xb9d199e68640/1341, E_0xb9d199e68640/1342, E_0xb9d199e68640/1343, E_0xb9d199e68640/1344, E_0xb9d199e68640/1345, E_0xb9d199e68640/1346, E_0xb9d199e68640/1347, E_0xb9d199e68640/1348, E_0xb9d199e68640/1349, E_0xb9d199e68640/1350, E_0xb9d199e68640/1351, E_0xb9d199e68640/1352, E_0xb9d199e68640/1353, E_0xb9d199e68640/1354, E_0xb9d199e68640/1355, E_0xb9d199e68640/1356, E_0xb9d199e68640/1357, E_0xb9d199e68640/1358, E_0xb9d199e68640/1359, E_0xb9d199e68640/1360, E_0xb9d199e68640/1361, E_0xb9d199e68640/1362, E_0xb9d199e68640/1363, E_0xb9d199e68640/1364, E_0xb9d199e68640/1365, E_0xb9d199e68640/1366, E_0xb9d199e68640/1367, E_0xb9d199e68640/1368, E_0xb9d199e68640/1369, E_0xb9d199e68640/1370, E_0xb9d199e68640/1371, E_0xb9d199e68640/1372, E_0xb9d199e68640/1373, E_0xb9d199e68640/1374, E_0xb9d199e68640/1375, E_0xb9d199e68640/1376, E_0xb9d199e68640/1377, E_0xb9d199e68640/1378, E_0xb9d199e68640/1379, E_0xb9d199e68640/1380, E_0xb9d199e68640/1381, E_0xb9d199e68640/1382, E_0xb9d199e68640/1383, E_0xb9d199e68640/1384, E_0xb9d199e68640/1385, E_0xb9d199e68640/1386, E_0xb9d199e68640/1387, E_0xb9d199e68640/1388, E_0xb9d199e68640/1389, E_0xb9d199e68640/1390, E_0xb9d199e68640/1391, E_0xb9d199e68640/1392, E_0xb9d199e68640/1393, E_0xb9d199e68640/1394, E_0xb9d199e68640/1395, E_0xb9d199e68640/1396, E_0xb9d199e68640/1397, E_0xb9d199e68640/1398, E_0xb9d199e68640/1399, E_0xb9d199e68640/1400, E_0xb9d199e68640/1401, E_0xb9d199e68640/1402, E_0xb9d199e68640/1403, E_0xb9d199e68640/1404, E_0xb9d199e68640/1405, E_0xb9d199e68640/1406, E_0xb9d199e68640/1407, E_0xb9d199e68640/1408, E_0xb9d199e68640/1409, E_0xb9d199e68640/1410, E_0xb9d199e68640/1411, E_0xb9d199e68640/1412, E_0xb9d199e68640/1413, E_0xb9d199e68640/1414, E_0xb9d199e68640/1415, E_0xb9d199e68640/1416, E_0xb9d199e68640/1417, E_0xb9d199e68640/1418, E_0xb9d199e68640/1419, E_0xb9d199e68640/1420, E_0xb9d199e68640/1421, E_0xb9d199e68640/1422, E_0xb9d199e68640/1423, E_0xb9d199e68640/1424, E_0xb9d199e68640/1425, E_0xb9d199e68640/1426, E_0xb9d199e68640/1427, E_0xb9d199e68640/1428, E_0xb9d199e68640/1429, E_0xb9d199e68640/1430, E_0xb9d199e68640/1431, E_0xb9d199e68640/1432, E_0xb9d199e68640/1433, E_0xb9d199e68640/1434, E_0xb9d199e68640/1435, E_0xb9d199e68640/1436, E_0xb9d199e68640/1437, E_0xb9d199e68640/1438, E_0xb9d199e68640/1439, E_0xb9d199e68640/1440, E_0xb9d199e68640/1441, E_0xb9d199e68640/1442, E_0xb9d199e68640/1443, E_0xb9d199e68640/1444, E_0xb9d199e68640/1445, E_0xb9d199e68640/1446, E_0xb9d199e68640/1447, E_0xb9d199e68640/1448, E_0xb9d199e68640/1449, E_0xb9d199e68640/1450, E_0xb9d199e68640/1451, E_0xb9d199e68640/1452, E_0xb9d199e68640/1453, E_0xb9d199e68640/1454, E_0xb9d199e68640/1455, E_0xb9d199e68640/1456, E_0xb9d199e68640/1457, E_0xb9d199e68640/1458, E_0xb9d199e68640/1459, E_0xb9d199e68640/1460, E_0xb9d199e68640/1461, E_0xb9d199e68640/1462, E_0xb9d199e68640/1463, E_0xb9d199e68640/1464, E_0xb9d199e68640/1465, E_0xb9d199e68640/1466, E_0xb9d199e68640/1467, E_0xb9d199e68640/1468, E_0xb9d199e68640/1469, E_0xb9d199e68640/1470, E_0xb9d199e68640/1471, E_0xb9d199e68640/1472, E_0xb9d199e68640/1473, E_0xb9d199e68640/1474, E_0xb9d199e68640/1475, E_0xb9d199e68640/1476, E_0xb9d199e68640/1477, E_0xb9d199e68640/1478, E_0xb9d199e68640/1479, E_0xb9d199e68640/1480, E_0xb9d199e68640/1481, E_0xb9d199e68640/1482, E_0xb9d199e68640/1483, E_0xb9d199e68640/1484, E_0xb9d199e68640/1485, E_0xb9d199e68640/1486, E_0xb9d199e68640/1487, E_0xb9d199e68640/1488, E_0xb9d199e68640/1489, E_0xb9d199e68640/1490, E_0xb9d199e68640/1491, E_0xb9d199e68640/1492, E_0xb9d199e68640/1493, E_0xb9d199e68640/1494, E_0xb9d199e68640/1495, E_0xb9d199e68640/1496, E_0xb9d199e68640/1497, E_0xb9d199e68640/1498, E_0xb9d199e68640/1499, E_0xb9d199e68640/1500, E_0xb9d199e68640/1501, E_0xb9d199e68640/1502, E_0xb9d199e68640/1503, E_0xb9d199e68640/1504, E_0xb9d199e68640/1505, E_0xb9d199e68640/1506, E_0xb9d199e68640/1507, E_0xb9d199e68640/1508, E_0xb9d199e68640/1509, E_0xb9d199e68640/1510, E_0xb9d199e68640/1511, E_0xb9d199e68640/1512, E_0xb9d199e68640/1513, E_0xb9d199e68640/1514, E_0xb9d199e68640/1515, E_0xb9d199e68640/1516, E_0xb9d199e68640/1517, E_0xb9d199e68640/1518, E_0xb9d199e68640/1519, E_0xb9d199e68640/1520, E_0xb9d199e68640/1521, E_0xb9d199e68640/1522, E_0xb9d199e68640/1523, E_0xb9d199e68640/1524, E_0xb9d199e68640/1525, E_0xb9d199e68640/1526, E_0xb9d199e68640/1527, E_0xb9d199e68640/1528, E_0xb9d199e68640/1529, E_0xb9d199e68640/1530, E_0xb9d199e68640/1531, E_0xb9d199e68640/1532, E_0xb9d199e68640/1533, E_0xb9d199e68640/1534, E_0xb9d199e68640/1535, E_0xb9d199e68640/1536, E_0xb9d199e68640/1537, E_0xb9d199e68640/1538, E_0xb9d199e68640/1539, E_0xb9d199e68640/1540, E_0xb9d199e68640/1541, E_0xb9d199e68640/1542, E_0xb9d199e68640/1543, E_0xb9d199e68640/1544, E_0xb9d199e68640/1545, E_0xb9d199e68640/1546, E_0xb9d199e68640/1547, E_0xb9d199e68640/1548, E_0xb9d199e68640/1549, E_0xb9d199e68640/1550, E_0xb9d199e68640/1551, E_0xb9d199e68640/1552, E_0xb9d199e68640/1553, E_0xb9d199e68640/1554, E_0xb9d199e68640/1555, E_0xb9d199e68640/1556, E_0xb9d199e68640/1557, E_0xb9d199e68640/1558, E_0xb9d199e68640/1559, E_0xb9d199e68640/1560, E_0xb9d199e68640/1561, E_0xb9d199e68640/1562, E_0xb9d199e68640/1563, E_0xb9d199e68640/1564, E_0xb9d199e68640/1565, E_0xb9d199e68640/1566, E_0xb9d199e68640/1567, E_0xb9d199e68640/1568, E_0xb9d199e68640/1569, E_0xb9d199e68640/1570, E_0xb9d199e68640/1571, E_0xb9d199e68640/1572, E_0xb9d199e68640/1573, E_0xb9d199e68640/1574, E_0xb9d199e68640/1575, E_0xb9d199e68640/1576, E_0xb9d199e68640/1577, E_0xb9d199e68640/1578, E_0xb9d199e68640/1579, E_0xb9d199e68640/1580, E_0xb9d199e68640/1581, E_0xb9d199e68640/1582, E_0xb9d199e68640/1583, E_0xb9d199e68640/1584, E_0xb9d199e68640/1585, E_0xb9d199e68640/1586, E_0xb9d199e68640/1587, E_0xb9d199e68640/1588, E_0xb9d199e68640/1589, E_0xb9d199e68640/1590, E_0xb9d199e68640/1591, E_0xb9d199e68640/1592, E_0xb9d199e68640/1593, E_0xb9d199e68640/1594, E_0xb9d199e68640/1595, E_0xb9d199e68640/1596, E_0xb9d199e68640/1597, E_0xb9d199e68640/1598, E_0xb9d199e68640/1599, E_0xb9d199e68640/1600, E_0xb9d199e68640/1601, E_0xb9d199e68640/1602, E_0xb9d199e68640/1603, E_0xb9d199e68640/1604, E_0xb9d199e68640/1605, E_0xb9d199e68640/1606, E_0xb9d199e68640/1607, E_0xb9d199e68640/1608, E_0xb9d199e68640/1609, E_0xb9d199e68640/1610, E_0xb9d199e68640/1611, E_0xb9d199e68640/1612, E_0xb9d199e68640/1613, E_0xb9d199e68640/1614, E_0xb9d199e68640/1615, E_0xb9d199e68640/1616, E_0xb9d199e68640/1617, E_0xb9d199e68640/1618, E_0xb9d199e68640/1619, E_0xb9d199e68640/1620, E_0xb9d199e68640/1621, E_0xb9d199e68640/1622, E_0xb9d199e68640/1623, E_0xb9d199e68640/1624, E_0xb9d199e68640/1625, E_0xb9d199e68640/1626, E_0xb9d199e68640/1627, E_0xb9d199e68640/1628, E_0xb9d199e68640/1629, E_0xb9d199e68640/1630, E_0xb9d199e68640/1631, E_0xb9d199e68640/1632, E_0xb9d199e68640/1633, E_0xb9d199e68640/1634, E_0xb9d199e68640/1635, E_0xb9d199e68640/1636, E_0xb9d199e68640/1637, E_0xb9d199e68640/1638, E_0xb9d199e68640/1639, E_0xb9d199e68640/1640, E_0xb9d199e68640/1641, E_0xb9d199e68640/1642, E_0xb9d199e68640/1643, E_0xb9d199e68640/1644, E_0xb9d199e68640/1645, E_0xb9d199e68640/1646, E_0xb9d199e68640/1647, E_0xb9d199e68640/1648, E_0xb9d199e68640/1649, E_0xb9d199e68640/1650, E_0xb9d199e68640/1651, E_0xb9d199e68640/1652, E_0xb9d199e68640/1653, E_0xb9d199e68640/1654, E_0xb9d199e68640/1655, E_0xb9d199e68640/1656, E_0xb9d199e68640/1657, E_0xb9d199e68640/1658, E_0xb9d199e68640/1659, E_0xb9d199e68640/1660, E_0xb9d199e68640/1661, E_0xb9d199e68640/1662, E_0xb9d199e68640/1663, E_0xb9d199e68640/1664, E_0xb9d199e68640/1665, E_0xb9d199e68640/1666, E_0xb9d199e68640/1667, E_0xb9d199e68640/1668, E_0xb9d199e68640/1669, E_0xb9d199e68640/1670, E_0xb9d199e68640/1671, E_0xb9d199e68640/1672, E_0xb9d199e68640/1673, E_0xb9d199e68640/1674, E_0xb9d199e68640/1675, E_0xb9d199e68640/1676, E_0xb9d199e68640/1677, E_0xb9d199e68640/1678, E_0xb9d199e68640/1679, E_0xb9d199e68640/1680, E_0xb9d199e68640/1681, E_0xb9d199e68640/1682, E_0xb9d199e68640/1683, E_0xb9d199e68640/1684, E_0xb9d199e68640/1685, E_0xb9d199e68640/1686, E_0xb9d199e68640/1687, E_0xb9d199e68640/1688, E_0xb9d199e68640/1689, E_0xb9d199e68640/1690, E_0xb9d199e68640/1691, E_0xb9d199e68640/1692, E_0xb9d199e68640/1693, E_0xb9d199e68640/1694, E_0xb9d199e68640/1695, E_0xb9d199e68640/1696, E_0xb9d199e68640/1697, E_0xb9d199e68640/1698, E_0xb9d199e68640/1699, E_0xb9d199e68640/1700, E_0xb9d199e68640/1701, E_0xb9d199e68640/1702, E_0xb9d199e68640/1703, E_0xb9d199e68640/1704, E_0xb9d199e68640/1705, E_0xb9d199e68640/1706, E_0xb9d199e68640/1707, E_0xb9d199e68640/1708, E_0xb9d199e68640/1709, E_0xb9d199e68640/1710, E_0xb9d199e68640/1711, E_0xb9d199e68640/1712, E_0xb9d199e68640/1713, E_0xb9d199e68640/1714, E_0xb9d199e68640/1715, E_0xb9d199e68640/1716, E_0xb9d199e68640/1717, E_0xb9d199e68640/1718, E_0xb9d199e68640/1719, E_0xb9d199e68640/1720, E_0xb9d199e68640/1721, E_0xb9d199e68640/1722, E_0xb9d199e68640/1723, E_0xb9d199e68640/1724, E_0xb9d199e68640/1725, E_0xb9d199e68640/1726, E_0xb9d199e68640/1727, E_0xb9d199e68640/1728, E_0xb9d199e68640/1729, E_0xb9d199e68640/1730, E_0xb9d199e68640/1731, E_0xb9d199e68640/1732, E_0xb9d199e68640/1733, E_0xb9d199e68640/1734, E_0xb9d199e68640/1735, E_0xb9d199e68640/1736, E_0xb9d199e68640/1737, E_0xb9d199e68640/1738, E_0xb9d199e68640/1739, E_0xb9d199e68640/1740, E_0xb9d199e68640/1741, E_0xb9d199e68640/1742, E_0xb9d199e68640/1743, E_0xb9d199e68640/1744, E_0xb9d199e68640/1745, E_0xb9d199e68640/1746, E_0xb9d199e68640/1747, E_0xb9d199e68640/1748, E_0xb9d199e68640/1749, E_0xb9d199e68640/1750, E_0xb9d199e68640/1751, E_0xb9d199e68640/1752, E_0xb9d199e68640/1753, E_0xb9d199e68640/1754, E_0xb9d199e68640/1755, E_0xb9d199e68640/1756, E_0xb9d199e68640/1757, E_0xb9d199e68640/1758, E_0xb9d199e68640/1759, E_0xb9d199e68640/1760, E_0xb9d199e68640/1761, E_0xb9d199e68640/1762, E_0xb9d199e68640/1763, E_0xb9d199e68640/1764, E_0xb9d199e68640/1765, E_0xb9d199e68640/1766, E_0xb9d199e68640/1767, E_0xb9d199e68640/1768, E_0xb9d199e68640/1769, E_0xb9d199e68640/1770, E_0xb9d199e68640/1771, E_0xb9d199e68640/1772, E_0xb9d199e68640/1773, E_0xb9d199e68640/1774, E_0xb9d199e68640/1775, E_0xb9d199e68640/1776, E_0xb9d199e68640/1777, E_0xb9d199e68640/1778, E_0xb9d199e68640/1779, E_0xb9d199e68640/1780, E_0xb9d199e68640/1781, E_0xb9d199e68640/1782, E_0xb9d199e68640/1783, E_0xb9d199e68640/1784, E_0xb9d199e68640/1785, E_0xb9d199e68640/1786, E_0xb9d199e68640/1787, E_0xb9d199e68640/1788, E_0xb9d199e68640/1789, E_0xb9d199e68640/1790, E_0xb9d199e68640/1791, E_0xb9d199e68640/1792, E_0xb9d199e68640/1793, E_0xb9d199e68640/1794, E_0xb9d199e68640/1795, E_0xb9d199e68640/1796, E_0xb9d199e68640/1797, E_0xb9d199e68640/1798, E_0xb9d199e68640/1799, E_0xb9d199e68640/1800, E_0xb9d199e68640/1801, E_0xb9d199e68640/1802, E_0xb9d199e68640/1803, E_0xb9d199e68640/1804, E_0xb9d199e68640/1805, E_0xb9d199e68640/1806, E_0xb9d199e68640/1807, E_0xb9d199e68640/1808, E_0xb9d199e68640/1809, E_0xb9d199e68640/1810, E_0xb9d199e68640/1811, E_0xb9d199e68640/1812, E_0xb9d199e68640/1813, E_0xb9d199e68640/1814, E_0xb9d199e68640/1815, E_0xb9d199e68640/1816, E_0xb9d199e68640/1817, E_0xb9d199e68640/1818, E_0xb9d199e68640/1819, E_0xb9d199e68640/1820, E_0xb9d199e68640/1821, E_0xb9d199e68640/1822, E_0xb9d199e68640/1823, E_0xb9d199e68640/1824, E_0xb9d199e68640/1825, E_0xb9d199e68640/1826, E_0xb9d199e68640/1827, E_0xb9d199e68640/1828, E_0xb9d199e68640/1829, E_0xb9d199e68640/1830, E_0xb9d199e68640/1831, E_0xb9d199e68640/1832, E_0xb9d199e68640/1833, E_0xb9d199e68640/1834, E_0xb9d199e68640/1835, E_0xb9d199e68640/1836, E_0xb9d199e68640/1837, E_0xb9d199e68640/1838, E_0xb9d199e68640/1839, E_0xb9d199e68640/1840, E_0xb9d199e68640/1841, E_0xb9d199e68640/1842, E_0xb9d199e68640/1843, E_0xb9d199e68640/1844, E_0xb9d199e68640/1845, E_0xb9d199e68640/1846, E_0xb9d199e68640/1847, E_0xb9d199e68640/1848, E_0xb9d199e68640/1849, E_0xb9d199e68640/1850, E_0xb9d199e68640/1851, E_0xb9d199e68640/1852, E_0xb9d199e68640/1853, E_0xb9d199e68640/1854, E_0xb9d199e68640/1855, E_0xb9d199e68640/1856, E_0xb9d199e68640/1857, E_0xb9d199e68640/1858, E_0xb9d199e68640/1859, E_0xb9d199e68640/1860, E_0xb9d199e68640/1861, E_0xb9d199e68640/1862, E_0xb9d199e68640/1863, E_0xb9d199e68640/1864, E_0xb9d199e68640/1865, E_0xb9d199e68640/1866, E_0xb9d199e68640/1867, E_0xb9d199e68640/1868, E_0xb9d199e68640/1869, E_0xb9d199e68640/1870, E_0xb9d199e68640/1871, E_0xb9d199e68640/1872, E_0xb9d199e68640/1873, E_0xb9d199e68640/1874, E_0xb9d199e68640/1875, E_0xb9d199e68640/1876, E_0xb9d199e68640/1877, E_0xb9d199e68640/1878, E_0xb9d199e68640/1879, E_0xb9d199e68640/1880, E_0xb9d199e68640/1881, E_0xb9d199e68640/1882, E_0xb9d199e68640/1883, E_0xb9d199e68640/1884, E_0xb9d199e68640/1885, E_0xb9d199e68640/1886, E_0xb9d199e68640/1887, E_0xb9d199e68640/1888, E_0xb9d199e68640/1889, E_0xb9d199e68640/1890, E_0xb9d199e68640/1891, E_0xb9d199e68640/1892, E_0xb9d199e68640/1893, E_0xb9d199e68640/1894, E_0xb9d199e68640/1895, E_0xb9d199e68640/1896, E_0xb9d199e68640/1897, E_0xb9d199e68640/1898, E_0xb9d199e68640/1899, E_0xb9d199e68640/1900, E_0xb9d199e68640/1901, E_0xb9d199e68640/1902, E_0xb9d199e68640/1903, E_0xb9d199e68640/1904, E_0xb9d199e68640/1905, E_0xb9d199e68640/1906, E_0xb9d199e68640/1907, E_0xb9d199e68640/1908, E_0xb9d199e68640/1909, E_0xb9d199e68640/1910, E_0xb9d199e68640/1911, E_0xb9d199e68640/1912, E_0xb9d199e68640/1913, E_0xb9d199e68640/1914, E_0xb9d199e68640/1915, E_0xb9d199e68640/1916, E_0xb9d199e68640/1917, E_0xb9d199e68640/1918, E_0xb9d199e68640/1919, E_0xb9d199e68640/1920, E_0xb9d199e68640/1921, E_0xb9d199e68640/1922, E_0xb9d199e68640/1923, E_0xb9d199e68640/1924, E_0xb9d199e68640/1925, E_0xb9d199e68640/1926, E_0xb9d199e68640/1927, E_0xb9d199e68640/1928, E_0xb9d199e68640/1929, E_0xb9d199e68640/1930, E_0xb9d199e68640/1931, E_0xb9d199e68640/1932, E_0xb9d199e68640/1933, E_0xb9d199e68640/1934, E_0xb9d199e68640/1935, E_0xb9d199e68640/1936, E_0xb9d199e68640/1937, E_0xb9d199e68640/1938, E_0xb9d199e68640/1939, E_0xb9d199e68640/1940, E_0xb9d199e68640/1941, E_0xb9d199e68640/1942, E_0xb9d199e68640/1943, E_0xb9d199e68640/1944, E_0xb9d199e68640/1945, E_0xb9d199e68640/1946, E_0xb9d199e68640/1947, E_0xb9d199e68640/1948, E_0xb9d199e68640/1949, E_0xb9d199e68640/1950, E_0xb9d199e68640/1951, E_0xb9d199e68640/1952, E_0xb9d199e68640/1953, E_0xb9d199e68640/1954, E_0xb9d199e68640/1955, E_0xb9d199e68640/1956, E_0xb9d199e68640/1957, E_0xb9d199e68640/1958, E_0xb9d199e68640/1959, E_0xb9d199e68640/1960, E_0xb9d199e68640/1961, E_0xb9d199e68640/1962, E_0xb9d199e68640/1963, E_0xb9d199e68640/1964, E_0xb9d199e68640/1965, E_0xb9d199e68640/1966, E_0xb9d199e68640/1967, E_0xb9d199e68640/1968, E_0xb9d199e68640/1969, E_0xb9d199e68640/1970, E_0xb9d199e68640/1971, E_0xb9d199e68640/1972, E_0xb9d199e68640/1973, E_0xb9d199e68640/1974, E_0xb9d199e68640/1975, E_0xb9d199e68640/1976, E_0xb9d199e68640/1977, E_0xb9d199e68640/1978, E_0xb9d199e68640/1979, E_0xb9d199e68640/1980, E_0xb9d199e68640/1981, E_0xb9d199e68640/1982, E_0xb9d199e68640/1983, E_0xb9d199e68640/1984, E_0xb9d199e68640/1985, E_0xb9d199e68640/1986, E_0xb9d199e68640/1987, E_0xb9d199e68640/1988, E_0xb9d199e68640/1989, E_0xb9d199e68640/1990, E_0xb9d199e68640/1991, E_0xb9d199e68640/1992, E_0xb9d199e68640/1993, E_0xb9d199e68640/1994, E_0xb9d199e68640/1995, E_0xb9d199e68640/1996, E_0xb9d199e68640/1997, E_0xb9d199e68640/1998, E_0xb9d199e68640/1999, E_0xb9d199e68640/2000, E_0xb9d199e68640/2001, E_0xb9d199e68640/2002, E_0xb9d199e68640/2003, E_0xb9d199e68640/2004, E_0xb9d199e68640/2005, E_0xb9d199e68640/2006, E_0xb9d199e68640/2007, E_0xb9d199e68640/2008, E_0xb9d199e68640/2009, E_0xb9d199e68640/2010, E_0xb9d199e68640/2011, E_0xb9d199e68640/2012, E_0xb9d199e68640/2013, E_0xb9d199e68640/2014, E_0xb9d199e68640/2015, E_0xb9d199e68640/2016, E_0xb9d199e68640/2017, E_0xb9d199e68640/2018, E_0xb9d199e68640/2019, E_0xb9d199e68640/2020, E_0xb9d199e68640/2021, E_0xb9d199e68640/2022, E_0xb9d199e68640/2023, E_0xb9d199e68640/2024, E_0xb9d199e68640/2025, E_0xb9d199e68640/2026, E_0xb9d199e68640/2027, E_0xb9d199e68640/2028, E_0xb9d199e68640/2029, E_0xb9d199e68640/2030, E_0xb9d199e68640/2031, E_0xb9d199e68640/2032, E_0xb9d199e68640/2033, E_0xb9d199e68640/2034, E_0xb9d199e68640/2035, E_0xb9d199e68640/2036, E_0xb9d199e68640/2037, E_0xb9d199e68640/2038, E_0xb9d199e68640/2039, E_0xb9d199e68640/2040, E_0xb9d199e68640/2041, E_0xb9d199e68640/2042, E_0xb9d199e68640/2043, E_0xb9d199e68640/2044, E_0xb9d199e68640/2045, E_0xb9d199e68640/2046, E_0xb9d199e68640/2047, E_0xb9d199e68640/2048, E_0xb9d199e68640/2049, E_0xb9d199e68640/2050;
E_0xb9d199e686c0/0 .event anyedge, v0xb9d19a10a730_0, v0xb9d19a10a7d0_0, v0xb9d19a10a7d0_0, v0xb9d19a10a7d0_0;
E_0xb9d199e686c0/1 .event anyedge, v0xb9d19a10a7d0_0, v0xb9d19a10a7d0_0, v0xb9d19a10a7d0_0, v0xb9d19a10a7d0_0;
E_0xb9d199e686c0/2 .event anyedge, v0xb9d19a10a7d0_0;
E_0xb9d199e686c0 .event/or E_0xb9d199e686c0/0, E_0xb9d199e686c0/1, E_0xb9d199e686c0/2;
L_0xb9d19a1f06d0 .reduce/nor v0xb9d19a1dada0_0;
L_0xb9d19a1f0920 .ufunc/vec4 TD_tb_colour_bram.dut.byte_off, 3, v0xb9d19a1dae40_0, v0xb9d19a1daf00_0 (v0xb9d19a10a140_0, v0xb9d19a10a1e0_0) S_0xb9d19a109e70;
S_0xb9d19a109e70 .scope function.vec4.s3, "byte_off" "byte_off" 12 32, 12 32 0, S_0xb9d19a0f9b50;
 .timescale 0 0;
; Variable byte_off is vec4 return value of scope S_0xb9d19a109e70
v0xb9d19a10a0a0_0 .var "ta", 15 0;
v0xb9d19a10a140_0 .var "x", 8 0;
v0xb9d19a10a1e0_0 .var "y", 8 0;
TD_tb_colour_bram.dut.byte_off ;
    %load/vec4 v0xb9d19a10a1e0_0;
    %parti/s 4, 4, 4;
    %load/vec4 v0xb9d19a10a140_0;
    %parti/s 4, 4, 4;
    %concat/vec4; draw_concat_vec4
    %load/vec4 v0xb9d19a10a1e0_0;
    %parti/s 4, 0, 2;
    %concat/vec4; draw_concat_vec4
    %load/vec4 v0xb9d19a10a140_0;
    %parti/s 4, 0, 2;
    %concat/vec4; draw_concat_vec4
    %store/vec4 v0xb9d19a10a0a0_0, 0, 16;
    %load/vec4 v0xb9d19a10a0a0_0;
    %parti/s 3, 0, 2;
    %ret/vec4 0, 0, 3;  Assign to byte_off (store_vec4_to_lval)
    %disable/flow S_0xb9d19a109e70;
    %end;
S_0xb9d19a10a280 .scope function.vec4.s13, "word_addr" "word_addr" 12 26, 12 26 0, S_0xb9d19a0f9b50;
 .timescale 0 0;
v0xb9d19a10a410_0 .var "ta", 15 0;
; Variable word_addr is vec4 return value of scope S_0xb9d19a10a280
v0xb9d19a10a550_0 .var "x", 8 0;
v0xb9d19a10a5f0_0 .var "y", 8 0;
TD_tb_colour_bram.dut.word_addr ;
    %load/vec4 v0xb9d19a10a5f0_0;
    %parti/s 4, 4, 4;
    %load/vec4 v0xb9d19a10a550_0;
    %parti/s 4, 4, 4;
    %concat/vec4; draw_concat_vec4
    %load/vec4 v0xb9d19a10a5f0_0;
    %parti/s 4, 0, 2;
    %concat/vec4; draw_concat_vec4
    %load/vec4 v0xb9d19a10a550_0;
    %parti/s 4, 0, 2;
    %concat/vec4; draw_concat_vec4
    %store/vec4 v0xb9d19a10a410_0, 0, 16;
    %load/vec4 v0xb9d19a10a410_0;
    %parti/s 13, 3, 3;
    %ret/vec4 0, 0, 13;  Assign to word_addr (store_vec4_to_lval)
    %disable/flow S_0xb9d19a10a280;
    %end;
S_0xb9d19a1d94d0 .scope autotask, "read_pixel" "read_pixel" 11 64, 11 64 0, S_0xb9d199f37650;
 .timescale -9 -12;
v0xb9d19a1d9660_0 .var "out", 7 0;
v0xb9d19a1d9760_0 .var "x", 8 0;
v0xb9d19a1d9840_0 .var "y", 8 0;
TD_tb_colour_bram.read_pixel ;
    %load/vec4 v0xb9d19a1d9760_0;
    %store/vec4 v0xb9d19a1da7b0_0, 0, 9;
    %load/vec4 v0xb9d19a1d9840_0;
    %store/vec4 v0xb9d19a1da8c0_0, 0, 9;
    %pushi/vec4 1, 0, 1;
    %store/vec4 v0xb9d19a1da4b0_0, 0, 1;
    %alloc S_0xb9d19a1d9d50;
    %pushi/vec4 1, 0, 32;
    %store/vec4 v0xb9d19a1d9f30_0, 0, 32;
    %fork TD_tb_colour_bram.tick, S_0xb9d19a1d9d50;
    %join;
    %free S_0xb9d19a1d9d50;
    %pushi/vec4 0, 0, 1;
    %store/vec4 v0xb9d19a1da4b0_0, 0, 1;
    %alloc S_0xb9d19a1d9d50;
    %pushi/vec4 1, 0, 32;
    %store/vec4 v0xb9d19a1d9f30_0, 0, 32;
    %fork TD_tb_colour_bram.tick, S_0xb9d19a1d9d50;
    %join;
    %free S_0xb9d19a1d9d50;
    %load/vec4 v0xb9d19a1da570_0;
    %store/vec4 v0xb9d19a1d9660_0, 0, 8;
    %end;
S_0xb9d19a1d9900 .scope autotask, "suite" "suite" 11 8, 11 8 0, S_0xb9d199f37650;
 .timescale -9 -12;
v0xb9d19a1d9ae0_0 .var/str "name";
TD_tb_colour_bram.suite ;
    %load/str v0xb9d19a1d9ae0_0;
    %store/str v0xb9d19a1dafc0_0;
    %vpi_call/w 11 10 "$display", "\012%0s", "========================================================================" {0 0 0};
    %vpi_call/w 11 11 "$display", "  SUITE: %s", v0xb9d19a1d9ae0_0 {0 0 0};
    %vpi_call/w 11 12 "$display", "%0s", "========================================================================" {0 0 0};
    %end;
S_0xb9d19a1d9bc0 .scope autotask, "summary" "summary" 11 21, 11 21 0, S_0xb9d199f37650;
 .timescale -9 -12;
TD_tb_colour_bram.summary ;
    %vpi_call/w 11 22 "$display", "\012%0s", "========================================================================" {0 0 0};
    %vpi_call/w 11 23 "$display", "  RESULTS: %0d / %0d passed", v0xb9d19a1db350_0, v0xb9d19a1db430_0 {0 0 0};
    %load/vec4 v0xb9d19a1db270_0;
    %cmpi/e 0, 0, 32;
    %jmp/0xz  T_6.2, 4;
    %vpi_call/w 11 24 "$display", "  ALL TESTS PASSED" {0 0 0};
    %jmp T_6.3;
T_6.2 ;
    %vpi_call/w 11 25 "$display", "  %0d TEST(S) FAILED", v0xb9d19a1db270_0 {0 0 0};
T_6.3 ;
    %vpi_call/w 11 26 "$display", "%0s\012", "========================================================================" {0 0 0};
    %end;
S_0xb9d19a1d9d50 .scope autotask, "tick" "tick" 11 31, 11 31 0, S_0xb9d199f37650;
 .timescale -9 -12;
v0xb9d19a1d9f30_0 .var/2s "n", 31 0;
TD_tb_colour_bram.tick ;
    %load/vec4 v0xb9d19a1d9f30_0;
T_7.4 %dup/vec4;
    %pushi/vec4 0, 0, 32;
    %cmp/s;
    %jmp/1xz T_7.5, 5;
    %jmp/1 T_7.5, 4;
    %pushi/vec4 1, 0, 32;
    %sub;
    %wait E_0xb9d199e68600;
    %jmp T_7.4;
T_7.5 ;
    %pop/vec4 1;
    %delay 1000, 0;
    %end;
S_0xb9d19a1da030 .scope autotask, "write_pixel" "write_pixel" 11 59, 11 59 0, S_0xb9d199f37650;
 .timescale -9 -12;
v0xb9d19a1da210_0 .var "col", 7 0;
v0xb9d19a1da310_0 .var "x", 8 0;
v0xb9d19a1da3f0_0 .var "y", 8 0;
TD_tb_colour_bram.write_pixel ;
    %load/vec4 v0xb9d19a1da310_0;
    %store/vec4 v0xb9d19a1dae40_0, 0, 9;
    %load/vec4 v0xb9d19a1da3f0_0;
    %store/vec4 v0xb9d19a1daf00_0, 0, 9;
    %load/vec4 v0xb9d19a1da210_0;
    %store/vec4 v0xb9d19a1dace0_0, 0, 8;
    %pushi/vec4 1, 0, 1;
    %store/vec4 v0xb9d19a1dada0_0, 0, 1;
    %alloc S_0xb9d19a1d9d50;
    %pushi/vec4 1, 0, 32;
    %store/vec4 v0xb9d19a1d9f30_0, 0, 32;
    %fork TD_tb_colour_bram.tick, S_0xb9d19a1d9d50;
    %join;
    %free S_0xb9d19a1d9d50;
    %pushi/vec4 0, 0, 1;
    %store/vec4 v0xb9d19a1dada0_0, 0, 1;
    %end;
S_0xb9d199f3e530 .scope module, "tile_table" "tile_table" 13 4;
 .timescale 0 0;
    .port_info 0 /INPUT 1 "clk";
    .port_info 1 /INPUT 1 "rst";
    .port_info 2 /INPUT 1 "wr_single_en";
    .port_info 3 /INPUT 8 "wr_single_index";
    .port_info 4 /INPUT 1 "wr_single_filled";
    .port_info 5 /INPUT 6 "wr_single_colour";
    .port_info 6 /INPUT 1 "wr_quad_en";
    .port_info 7 /INPUT 8 "wr_quad_tlx";
    .port_info 8 /INPUT 8 "wr_quad_tly";
    .port_info 9 /INPUT 8 "wr_quad_size";
    .port_info 10 /INPUT 6 "wr_quad_colour";
    .port_info 11 /INPUT 8 "rd_index";
    .port_info 12 /OUTPUT 1 "rd_is_filled";
    .port_info 13 /OUTPUT 6 "rd_fill_colour";
v0xb9d19a1dbde0_0 .net *"_ivl_0", 6 0, L_0xb9d19a1f0a60;  1 drivers
v0xb9d19a1dbee0_0 .net *"_ivl_10", 9 0, L_0xb9d19a1f0dd0;  1 drivers
L_0xf2103d6e7330 .functor BUFT 1, C4<00>, C4<0>, C4<0>, C4<0>;
v0xb9d19a1dbfc0_0 .net *"_ivl_13", 1 0, L_0xf2103d6e7330;  1 drivers
v0xb9d19a1dc080_0 .net *"_ivl_2", 9 0, L_0xb9d19a1f0b00;  1 drivers
v0xb9d19a1dc160_0 .net *"_ivl_24", 3 0, L_0xb9d19a1f13d0;  1 drivers
L_0xf2103d6e7378 .functor BUFT 1, C4<0001>, C4<0>, C4<0>, C4<0>;
v0xb9d19a1dc290_0 .net/2u *"_ivl_26", 3 0, L_0xf2103d6e7378;  1 drivers
v0xb9d19a1dc370_0 .net *"_ivl_30", 3 0, L_0xb9d19a1f16e0;  1 drivers
L_0xf2103d6e73c0 .functor BUFT 1, C4<0001>, C4<0>, C4<0>, C4<0>;
v0xb9d19a1dc450_0 .net/2u *"_ivl_32", 3 0, L_0xf2103d6e73c0;  1 drivers
L_0xf2103d6e72e8 .functor BUFT 1, C4<00>, C4<0>, C4<0>, C4<0>;
v0xb9d19a1dc530_0 .net *"_ivl_5", 1 0, L_0xf2103d6e72e8;  1 drivers
v0xb9d19a1dc610_0 .net *"_ivl_8", 6 0, L_0xb9d19a1f0d30;  1 drivers
o0xb9d19a18aad8 .functor BUFZ 1, C4<z>; HiZ drive
v0xb9d19a1dc6f0_0 .net "clk", 0 0, o0xb9d19a18aad8;  0 drivers
v0xb9d19a1dc7b0_0 .net "num_cols", 3 0, L_0xb9d19a1f11e0;  1 drivers
v0xb9d19a1dc890_0 .net "num_rows", 3 0, L_0xb9d19a1f1280;  1 drivers
v0xb9d19a1dc970_0 .net "rd_fill_colour", 5 0, L_0xb9d19a1f0f60;  1 drivers
o0xb9d19a18ab98 .functor BUFZ 8, C4<zzzzzzzz>; HiZ drive
v0xb9d19a1dca50_0 .net "rd_index", 7 0, o0xb9d19a18ab98;  0 drivers
v0xb9d19a1dcb30_0 .net "rd_is_filled", 0 0, L_0xb9d19a1f0c40;  1 drivers
o0xb9d19a18abf8 .functor BUFZ 1, C4<z>; HiZ drive
v0xb9d19a1dcbf0_0 .net "rst", 0 0, o0xb9d19a18abf8;  0 drivers
v0xb9d19a1dcdc0_0 .net "tile_col_end", 3 0, L_0xb9d19a1f1530;  1 drivers
v0xb9d19a1dcea0_0 .net "tile_col_start", 3 0, L_0xb9d19a1f1050;  1 drivers
v0xb9d19a1dcf80_0 .net "tile_row_end", 3 0, L_0xb9d19a1f17d0;  1 drivers
v0xb9d19a1dd060_0 .net "tile_row_start", 3 0, L_0xb9d19a1f10f0;  1 drivers
v0xb9d19a1dd140 .array "tile_table", 255 0, 6 0;
o0xb9d19a18ace8 .functor BUFZ 6, C4<zzzzzz>; HiZ drive
v0xb9d19a1dd200_0 .net "wr_quad_colour", 5 0, o0xb9d19a18ace8;  0 drivers
o0xb9d19a18ad18 .functor BUFZ 1, C4<z>; HiZ drive
v0xb9d19a1dd2e0_0 .net "wr_quad_en", 0 0, o0xb9d19a18ad18;  0 drivers
o0xb9d19a18ad48 .functor BUFZ 8, C4<zzzzzzzz>; HiZ drive
v0xb9d19a1dd3a0_0 .net "wr_quad_size", 7 0, o0xb9d19a18ad48;  0 drivers
o0xb9d19a18ad78 .functor BUFZ 8, C4<zzzzzzzz>; HiZ drive
v0xb9d19a1dd480_0 .net "wr_quad_tlx", 7 0, o0xb9d19a18ad78;  0 drivers
o0xb9d19a18ada8 .functor BUFZ 8, C4<zzzzzzzz>; HiZ drive
v0xb9d19a1dd560_0 .net "wr_quad_tly", 7 0, o0xb9d19a18ada8;  0 drivers
o0xb9d19a18add8 .functor BUFZ 6, C4<zzzzzz>; HiZ drive
v0xb9d19a1dd640_0 .net "wr_single_colour", 5 0, o0xb9d19a18add8;  0 drivers
o0xb9d19a18ae08 .functor BUFZ 1, C4<z>; HiZ drive
v0xb9d19a1dd720_0 .net "wr_single_en", 0 0, o0xb9d19a18ae08;  0 drivers
o0xb9d19a18ae38 .functor BUFZ 1, C4<z>; HiZ drive
v0xb9d19a1dd7e0_0 .net "wr_single_filled", 0 0, o0xb9d19a18ae38;  0 drivers
o0xb9d19a18ae68 .functor BUFZ 8, C4<zzzzzzzz>; HiZ drive
v0xb9d19a1dd8a0_0 .net "wr_single_index", 7 0, o0xb9d19a18ae68;  0 drivers
E_0xb9d19a0b2810 .event posedge, v0xb9d19a1dc6f0_0;
L_0xb9d19a1f0a60 .array/port v0xb9d19a1dd140, L_0xb9d19a1f0b00;
L_0xb9d19a1f0b00 .concat [ 8 2 0 0], o0xb9d19a18ab98, L_0xf2103d6e72e8;
L_0xb9d19a1f0c40 .part L_0xb9d19a1f0a60, 6, 1;
L_0xb9d19a1f0d30 .array/port v0xb9d19a1dd140, L_0xb9d19a1f0dd0;
L_0xb9d19a1f0dd0 .concat [ 8 2 0 0], o0xb9d19a18ab98, L_0xf2103d6e7330;
L_0xb9d19a1f0f60 .part L_0xb9d19a1f0d30, 0, 6;
L_0xb9d19a1f1050 .part o0xb9d19a18ad78, 4, 4;
L_0xb9d19a1f10f0 .part o0xb9d19a18ada8, 4, 4;
L_0xb9d19a1f11e0 .part o0xb9d19a18ad48, 4, 4;
L_0xb9d19a1f1280 .part o0xb9d19a18ad48, 4, 4;
L_0xb9d19a1f13d0 .arith/sum 4, L_0xb9d19a1f1050, L_0xb9d19a1f11e0;
L_0xb9d19a1f1530 .arith/sub 4, L_0xb9d19a1f13d0, L_0xf2103d6e7378;
L_0xb9d19a1f16e0 .arith/sum 4, L_0xb9d19a1f10f0, L_0xb9d19a1f1280;
L_0xb9d19a1f17d0 .arith/sub 4, L_0xb9d19a1f16e0, L_0xf2103d6e73c0;
S_0xb9d19a1db550 .scope begin, "$ivl_for_loop3" "$ivl_for_loop3" 13 47, 13 47 0, S_0xb9d199f3e530;
 .timescale 0 0;
v0xb9d19a1db700_0 .var/2s "i", 31 0;
S_0xb9d19a1db800 .scope begin, "$ivl_for_loop4" "$ivl_for_loop4" 13 52, 13 52 0, S_0xb9d199f3e530;
 .timescale 0 0;
v0xb9d19a1dbce0_0 .var/2s "row", 31 0;
S_0xb9d19a1dba00 .scope begin, "$ivl_for_loop5" "$ivl_for_loop5" 13 53, 13 53 0, S_0xb9d19a1db800;
 .timescale 0 0;
v0xb9d19a1dbbe0_0 .var/2s "col", 31 0;
    .scope S_0xb9d199f3c530;
T_9 ;
Ewait_0 .event/or E_0xb9d199e9d6e0, E_0x0;
    %wait Ewait_0;
    %pushi/vec4 0, 0, 8;
    %store/vec4 v0xb9d199e7f2e0_0, 0, 8;
    %pushi/vec4 0, 0, 1;
    %store/vec4 v0xb9d199ee8870_0, 0, 1;
    %fork t_1, S_0xb9d199f3a5a0;
    %jmp t_0;
    .scope S_0xb9d199f3a5a0;
t_1 ;
    %pushi/vec4 255, 0, 32;
    %store/vec4 v0xb9d199f47460_0, 0, 32;
T_9.0 ;
    %load/vec4 v0xb9d199f47460_0;
    %cmpi/s 0, 0, 32;
    %flag_inv 5; GE is !LT
    %jmp/0xz T_9.1, 5;
    %load/vec4 v0xb9d199e7f3c0_0;
    %load/vec4 v0xb9d199f47460_0;
    %part/s 1;
    %flag_set/vec4 8;
    %jmp/0xz  T_9.2, 8;
    %load/vec4 v0xb9d199f47460_0;
    %pad/s 8;
    %store/vec4 v0xb9d199e7f2e0_0, 0, 8;
    %pushi/vec4 1, 0, 1;
    %store/vec4 v0xb9d199ee8870_0, 0, 1;
T_9.2 ;
    ; show_stmt_assign_vector: Get l-value for compressed -= operand
    %load/vec4 v0xb9d199f47460_0;
    %pushi/vec4 1, 0, 32;
    %sub;
    %cast2;
    %store/vec4 v0xb9d199f47460_0, 0, 32;
    %jmp T_9.0;
T_9.1 ;
    %end;
    .scope S_0xb9d199f3c530;
t_0 %join;
    %jmp T_9;
    .thread T_9, $push;
    .scope S_0xb9d199f3c530;
T_10 ;
Ewait_1 .event/or E_0xb9d199ea1e60, E_0x0;
    %wait Ewait_1;
    %pushi/vec4 0, 0, 64;
    %store/vec4 v0xb9d199e44840_0, 0, 64;
    %fork t_3, S_0xb9d199e93060;
    %jmp t_2;
    .scope S_0xb9d199e93060;
t_3 ;
    %pushi/vec4 0, 0, 32;
    %store/vec4 v0xb9d199f4b040_0, 0, 32;
T_10.0 ;
    %load/vec4 v0xb9d199f4b040_0;
    %cmpi/s 8, 0, 32;
    %jmp/0xz T_10.1, 5;
    %pushi/vec4 0, 0, 2;
    %load/vec4 v0xb9d199e8b150_0;
    %concat/vec4; draw_concat_vec4
    %load/vec4 v0xb9d199f4b040_0;
    %muli 8, 0, 32;
    %ix/vec4/s 4;
    %store/vec4 v0xb9d199e44840_0, 4, 8;
    ; show_stmt_assign_vector: Get l-value for compressed += operand
    %load/vec4 v0xb9d199f4b040_0;
    %pushi/vec4 1, 0, 32;
    %add;
    %cast2;
    %store/vec4 v0xb9d199f4b040_0, 0, 32;
    %jmp T_10.0;
T_10.1 ;
    %end;
    .scope S_0xb9d199f3c530;
t_2 %join;
    %jmp T_10;
    .thread T_10, $push;
    .scope S_0xb9d199f3c530;
T_11 ;
    %wait E_0xb9d199ea1250;
    %load/vec4 v0xb9d199e83890_0;
    %flag_set/vec4 8;
    %jmp/0xz  T_11.0, 8;
    %pushi/vec4 0, 0, 3;
    %assign/vec4 v0xb9d199e83a30_0, 0;
    %pushi/vec4 0, 0, 256;
    %assign/vec4 v0xb9d199e8b070_0, 0;
    %pushi/vec4 0, 0, 8;
    %assign/vec4 v0xb9d199e445c0_0, 0;
    %pushi/vec4 0, 0, 5;
    %assign/vec4 v0xb9d199e837b0_0, 0;
    %pushi/vec4 0, 0, 5;
    %assign/vec4 v0xb9d199e8b3d0_0, 0;
    %pushi/vec4 0, 0, 5;
    %assign/vec4 v0xb9d199e44760_0, 0;
    %pushi/vec4 0, 0, 1;
    %assign/vec4 v0xb9d199e7f580_0, 0;
    %pushi/vec4 0, 0, 64;
    %assign/vec4 v0xb9d199e7f4a0_0, 0;
    %pushi/vec4 0, 0, 1;
    %assign/vec4 v0xb9d199e93410_0, 0;
    %pushi/vec4 0, 0, 13;
    %assign/vec4 v0xb9d199f35ff0_0, 0;
    %pushi/vec4 0, 0, 1;
    %assign/vec4 v0xb9d199e83d40_0, 0;
    %pushi/vec4 0, 0, 32;
    %assign/vec4 v0xb9d199eccec0_0, 0;
    %pushi/vec4 0, 0, 64;
    %assign/vec4 v0xb9d199ecb1c0_0, 0;
    %pushi/vec4 0, 0, 1;
    %assign/vec4 v0xb9d199f368a0_0, 0;
    %jmp T_11.1;
T_11.0 ;
    %pushi/vec4 0, 0, 1;
    %assign/vec4 v0xb9d199e93410_0, 0;
    %pushi/vec4 0, 0, 1;
    %assign/vec4 v0xb9d199e83d40_0, 0;
    %pushi/vec4 0, 0, 1;
    %assign/vec4 v0xb9d199f368a0_0, 0;
    %load/vec4 v0xb9d199e83a30_0;
    %dup/vec4;
    %pushi/vec4 0, 0, 3;
    %cmp/u;
    %jmp/1 T_11.2, 6;
    %dup/vec4;
    %pushi/vec4 1, 0, 3;
    %cmp/u;
    %jmp/1 T_11.3, 6;
    %dup/vec4;
    %pushi/vec4 2, 0, 3;
    %cmp/u;
    %jmp/1 T_11.4, 6;
    %dup/vec4;
    %pushi/vec4 3, 0, 3;
    %cmp/u;
    %jmp/1 T_11.5, 6;
    %dup/vec4;
    %pushi/vec4 4, 0, 3;
    %cmp/u;
    %jmp/1 T_11.6, 6;
    %jmp T_11.7;
T_11.2 ;
    %pushi/vec4 0, 0, 1;
    %assign/vec4 v0xb9d199e7f580_0, 0;
    %pushi/vec4 0, 0, 5;
    %assign/vec4 v0xb9d199e837b0_0, 0;
    %pushi/vec4 0, 0, 5;
    %assign/vec4 v0xb9d199e8b3d0_0, 0;
    %pushi/vec4 0, 0, 5;
    %assign/vec4 v0xb9d199e44760_0, 0;
    %load/vec4 v0xb9d199ee8870_0;
    %flag_set/vec4 8;
    %jmp/0xz  T_11.8, 8;
    %load/vec4 v0xb9d199e7f2e0_0;
    %assign/vec4 v0xb9d199e445c0_0, 0;
    %pushi/vec4 1, 0, 3;
    %assign/vec4 v0xb9d199e83a30_0, 0;
T_11.8 ;
    %jmp T_11.7;
T_11.3 ;
    %load/vec4 v0xb9d199e8b230_0;
    %flag_set/vec4 8;
    %jmp/0xz  T_11.10, 8;
    %pushi/vec4 2, 0, 3;
    %assign/vec4 v0xb9d199e83a30_0, 0;
    %jmp T_11.11;
T_11.10 ;
    %pushi/vec4 1, 0, 1;
    %assign/vec4 v0xb9d199e93410_0, 0;
    %load/vec4 v0xb9d199e445c0_0;
    %concati/vec4 0, 0, 5;
    %assign/vec4 v0xb9d199f35ff0_0, 0;
    %pushi/vec4 3, 0, 3;
    %assign/vec4 v0xb9d199e83a30_0, 0;
T_11.11 ;
    %jmp T_11.7;
T_11.4 ;
    %load/vec4 v0xb9d199e83f40_0;
    %flag_set/vec4 8;
    %jmp/0xz  T_11.12, 8;
    %load/vec4 v0xb9d199e83950_0;
    %load/vec4 v0xb9d199e445c0_0;
    %concati/vec4 0, 0, 8;
    %pad/u 32;
    %add;
    %load/vec4 v0xb9d199e8b3d0_0;
    %concati/vec4 0, 0, 3;
    %pad/u 32;
    %add;
    %assign/vec4 v0xb9d199eccec0_0, 0;
    %pushi/vec4 1, 0, 1;
    %assign/vec4 v0xb9d199e83d40_0, 0;
    %load/vec4 v0xb9d199e44840_0;
    %assign/vec4 v0xb9d199ecb1c0_0, 0;
    %load/vec4 v0xb9d199e44760_0;
    %addi 1, 0, 5;
    %assign/vec4 v0xb9d199e44760_0, 0;
    %load/vec4 v0xb9d199e8b3d0_0;
    %addi 1, 0, 5;
    %assign/vec4 v0xb9d199e8b3d0_0, 0;
    %load/vec4 v0xb9d199e44760_0;
    %cmpi/e 31, 0, 5;
    %jmp/0xz  T_11.14, 4;
    %pushi/vec4 1, 0, 1;
    %ix/load 5, 0, 0;
    %ix/getv 4, v0xb9d199e445c0_0;
    %assign/vec4/off/d v0xb9d199e8b070_0, 4, 5;
    %pushi/vec4 1, 0, 1;
    %assign/vec4 v0xb9d199f368a0_0, 0;
    %load/vec4 v0xb9d199e445c0_0;
    %assign/vec4 v0xb9d199f360d0_0, 0;
    %pushi/vec4 0, 0, 1;
    %assign/vec4 v0xb9d199f367e0_0, 0;
    %pushi/vec4 0, 0, 3;
    %assign/vec4 v0xb9d199e83a30_0, 0;
T_11.14 ;
T_11.12 ;
    %jmp T_11.7;
T_11.5 ;
    %load/vec4 v0xb9d199f32190_0;
    %flag_set/vec4 8;
    %jmp/0xz  T_11.16, 8;
    %load/vec4 v0xb9d199e7f580_0;
    %nor/r;
    %flag_set/vec4 8;
    %jmp/0xz  T_11.18, 8;
    %load/vec4 v0xb9d199e82020_0;
    %assign/vec4 v0xb9d199e7f4a0_0, 0;
    %pushi/vec4 1, 0, 1;
    %assign/vec4 v0xb9d199e7f580_0, 0;
    %load/vec4 v0xb9d199e837b0_0;
    %addi 1, 0, 5;
    %assign/vec4 v0xb9d199e837b0_0, 0;
    %load/vec4 v0xb9d199e837b0_0;
    %cmpi/u 31, 0, 5;
    %jmp/0xz  T_11.20, 5;
    %pushi/vec4 1, 0, 1;
    %assign/vec4 v0xb9d199e93410_0, 0;
    %load/vec4 v0xb9d199e445c0_0;
    %load/vec4 v0xb9d199e837b0_0;
    %pad/u 32;
    %addi 1, 0, 32;
    %pad/u 5;
    %concat/vec4; draw_concat_vec4
    %assign/vec4 v0xb9d199f35ff0_0, 0;
    %jmp T_11.21;
T_11.20 ;
    %pushi/vec4 4, 0, 3;
    %assign/vec4 v0xb9d199e83a30_0, 0;
T_11.21 ;
    %jmp T_11.19;
T_11.18 ;
    %load/vec4 v0xb9d199e83f40_0;
    %flag_set/vec4 8;
    %jmp/0xz  T_11.22, 8;
    %load/vec4 v0xb9d199e83950_0;
    %load/vec4 v0xb9d199e445c0_0;
    %concati/vec4 0, 0, 8;
    %pad/u 32;
    %add;
    %load/vec4 v0xb9d199e8b3d0_0;
    %concati/vec4 0, 0, 3;
    %pad/u 32;
    %add;
    %assign/vec4 v0xb9d199eccec0_0, 0;
    %pushi/vec4 1, 0, 1;
    %assign/vec4 v0xb9d199e83d40_0, 0;
    %load/vec4 v0xb9d199e7f4a0_0;
    %assign/vec4 v0xb9d199ecb1c0_0, 0;
    %load/vec4 v0xb9d199e8b3d0_0;
    %addi 1, 0, 5;
    %assign/vec4 v0xb9d199e8b3d0_0, 0;
    %load/vec4 v0xb9d199e82020_0;
    %assign/vec4 v0xb9d199e7f4a0_0, 0;
    %load/vec4 v0xb9d199e837b0_0;
    %addi 1, 0, 5;
    %assign/vec4 v0xb9d199e837b0_0, 0;
    %load/vec4 v0xb9d199e837b0_0;
    %cmpi/e 31, 0, 5;
    %jmp/0xz  T_11.24, 4;
    %pushi/vec4 4, 0, 3;
    %assign/vec4 v0xb9d199e83a30_0, 0;
    %jmp T_11.25;
T_11.24 ;
    %pushi/vec4 1, 0, 1;
    %assign/vec4 v0xb9d199e93410_0, 0;
    %load/vec4 v0xb9d199e445c0_0;
    %load/vec4 v0xb9d199e837b0_0;
    %pad/u 32;
    %addi 1, 0, 32;
    %pad/u 5;
    %concat/vec4; draw_concat_vec4
    %assign/vec4 v0xb9d199f35ff0_0, 0;
T_11.25 ;
    %jmp T_11.23;
T_11.22 ;
    %pushi/vec4 1, 0, 1;
    %assign/vec4 v0xb9d199e93410_0, 0;
    %load/vec4 v0xb9d199e445c0_0;
    %load/vec4 v0xb9d199e837b0_0;
    %concat/vec4; draw_concat_vec4
    %assign/vec4 v0xb9d199f35ff0_0, 0;
T_11.23 ;
T_11.19 ;
    %jmp T_11.17;
T_11.16 ;
    %pushi/vec4 1, 0, 1;
    %assign/vec4 v0xb9d199e93410_0, 0;
    %load/vec4 v0xb9d199e445c0_0;
    %load/vec4 v0xb9d199e837b0_0;
    %concat/vec4; draw_concat_vec4
    %assign/vec4 v0xb9d199f35ff0_0, 0;
T_11.17 ;
    %jmp T_11.7;
T_11.6 ;
    %load/vec4 v0xb9d199e7f580_0;
    %flag_set/vec4 9;
    %flag_get/vec4 9;
    %jmp/0 T_11.28, 9;
    %load/vec4 v0xb9d199e83f40_0;
    %and;
T_11.28;
    %flag_set/vec4 8;
    %jmp/0xz  T_11.26, 8;
    %load/vec4 v0xb9d199e83950_0;
    %load/vec4 v0xb9d199e445c0_0;
    %concati/vec4 0, 0, 8;
    %pad/u 32;
    %add;
    %load/vec4 v0xb9d199e8b3d0_0;
    %concati/vec4 0, 0, 3;
    %pad/u 32;
    %add;
    %assign/vec4 v0xb9d199eccec0_0, 0;
    %pushi/vec4 1, 0, 1;
    %assign/vec4 v0xb9d199e83d40_0, 0;
    %load/vec4 v0xb9d199e7f4a0_0;
    %assign/vec4 v0xb9d199ecb1c0_0, 0;
    %pushi/vec4 0, 0, 1;
    %assign/vec4 v0xb9d199e7f580_0, 0;
    %pushi/vec4 1, 0, 1;
    %ix/load 5, 0, 0;
    %ix/getv 4, v0xb9d199e445c0_0;
    %assign/vec4/off/d v0xb9d199e8b070_0, 4, 5;
    %pushi/vec4 1, 0, 1;
    %assign/vec4 v0xb9d199f368a0_0, 0;
    %load/vec4 v0xb9d199e445c0_0;
    %assign/vec4 v0xb9d199f360d0_0, 0;
    %pushi/vec4 1, 0, 1;
    %assign/vec4 v0xb9d199f367e0_0, 0;
    %pushi/vec4 0, 0, 3;
    %assign/vec4 v0xb9d199e83a30_0, 0;
T_11.26 ;
    %jmp T_11.7;
T_11.7 ;
    %pop/vec4 1;
T_11.1 ;
    %jmp T_11;
    .thread T_11;
    .scope S_0xb9d199eb64a0;
T_12 ;
    %wait E_0xb9d199ea2150;
    %load/vec4 v0xb9d19a0e3640_0;
    %flag_set/vec4 8;
    %jmp/0xz  T_12.0, 8;
    %pushi/vec4 0, 0, 1;
    %assign/vec4 v0xb9d199ed02e0_0, 0;
    %pushi/vec4 0, 0, 1;
    %assign/vec4 v0xb9d199ed0220_0, 0;
    %pushi/vec4 0, 0, 4;
    %assign/vec4 v0xb9d199e9cb90_0, 0;
    %pushi/vec4 0, 0, 1;
    %assign/vec4 v0xb9d19a0e35a0_0, 0;
    %pushi/vec4 0, 0, 11;
    %assign/vec4 v0xb9d19a0e3780_0, 0;
    %jmp T_12.1;
T_12.0 ;
    %load/vec4 v0xb9d19a0e36e0_0;
    %flag_set/vec4 8;
    %jmp/0xz  T_12.2, 8;
    %pushi/vec4 0, 0, 1;
    %assign/vec4 v0xb9d199ed02e0_0, 0;
    %pushi/vec4 0, 0, 1;
    %assign/vec4 v0xb9d199ed0220_0, 0;
    %pushi/vec4 0, 0, 4;
    %assign/vec4 v0xb9d199e9cb90_0, 0;
    %pushi/vec4 0, 0, 1;
    %assign/vec4 v0xb9d19a0e35a0_0, 0;
    %pushi/vec4 0, 0, 11;
    %assign/vec4 v0xb9d19a0e3780_0, 0;
    %jmp T_12.3;
T_12.2 ;
    %load/vec4 v0xb9d199edbf70_0;
    %flag_set/vec4 9;
    %flag_get/vec4 9;
    %jmp/0 T_12.6, 9;
    %load/vec4 v0xb9d199e9c9f0_0;
    %and;
T_12.6;
    %flag_set/vec4 8;
    %jmp/0xz  T_12.4, 8;
    %load/vec4 v0xb9d19a0e35a0_0;
    %nor/r;
    %flag_set/vec4 8;
    %jmp/0xz  T_12.7, 8;
    %load/vec4 v0xb9d199ed03a0_0;
    %assign/vec4 v0xb9d199e9cb90_0, 0;
    %pushi/vec4 1, 0, 1;
    %assign/vec4 v0xb9d19a0e35a0_0, 0;
    %jmp T_12.8;
T_12.7 ;
    %load/vec4 v0xb9d199ed03a0_0;
    %load/vec4 v0xb9d199e9cb90_0;
    %cmp/ne;
    %jmp/0xz  T_12.9, 4;
    %pushi/vec4 1, 0, 1;
    %assign/vec4 v0xb9d199ed02e0_0, 0;
T_12.9 ;
T_12.8 ;
    %load/vec4 v0xb9d19a0e3780_0;
    %addi 1, 0, 11;
    %assign/vec4 v0xb9d19a0e3780_0, 0;
    %load/vec4 v0xb9d19a0e3780_0;
    %addi 1, 0, 11;
    %load/vec4 v0xb9d199e9c910_0;
    %cmp/e;
    %jmp/0xz  T_12.11, 4;
    %pushi/vec4 1, 0, 1;
    %assign/vec4 v0xb9d199ed0220_0, 0;
T_12.11 ;
    %load/vec4 v0xb9d199e9cb90_0;
    %pad/u 6;
    %assign/vec4 v0xb9d199e9cc70_0, 0;
T_12.4 ;
T_12.3 ;
T_12.1 ;
    %jmp T_12;
    .thread T_12;
    .scope S_0xb9d19a0e3bc0;
T_13 ;
    %wait E_0xb9d199e9e570;
    %load/vec4 v0xb9d19a0e4820_0;
    %flag_set/vec4 8;
    %jmp/1 T_13.2, 8;
    %load/vec4 v0xb9d19a0e4460_0;
    %flag_set/vec4 9;
    %flag_or 8, 9;
T_13.2;
    %jmp/0xz  T_13.0, 8;
    %pushi/vec4 0, 0, 5;
    %assign/vec4 v0xb9d19a0e45a0_0, 0;
    %pushi/vec4 0, 0, 5;
    %assign/vec4 v0xb9d19a0e48c0_0, 0;
    %pushi/vec4 0, 0, 6;
    %assign/vec4 v0xb9d19a0e41e0_0, 0;
    %jmp T_13.1;
T_13.0 ;
    %load/vec4 v0xb9d19a0e4780_0;
    %flag_set/vec4 9;
    %flag_get/vec4 9;
    %jmp/0 T_13.5, 9;
    %load/vec4 v0xb9d19a0e4500_0;
    %nor/r;
    %and;
T_13.5;
    %flag_set/vec4 8;
    %jmp/0xz  T_13.3, 8;
    %load/vec4 v0xb9d19a0e4280_0;
    %load/vec4 v0xb9d19a0e45a0_0;
    %pad/u 7;
    %ix/vec4 3;
    %ix/load 4, 0, 0; Constant delay
    %assign/vec4/a/d v0xb9d19a0e4640, 0, 4;
    %load/vec4 v0xb9d19a0e45a0_0;
    %addi 1, 0, 5;
    %assign/vec4 v0xb9d19a0e45a0_0, 0;
T_13.3 ;
    %load/vec4 v0xb9d19a0e46e0_0;
    %flag_set/vec4 9;
    %flag_get/vec4 9;
    %jmp/0 T_13.8, 9;
    %load/vec4 v0xb9d19a0e43c0_0;
    %nor/r;
    %and;
T_13.8;
    %flag_set/vec4 8;
    %jmp/0xz  T_13.6, 8;
    %load/vec4 v0xb9d19a0e48c0_0;
    %addi 1, 0, 5;
    %assign/vec4 v0xb9d19a0e48c0_0, 0;
T_13.6 ;
    %load/vec4 v0xb9d19a0e4780_0;
    %flag_set/vec4 8;
    %flag_get/vec4 8;
    %jmp/0 T_13.13, 8;
    %load/vec4 v0xb9d19a0e4500_0;
    %nor/r;
    %and;
T_13.13;
    %load/vec4 v0xb9d19a0e46e0_0;
    %flag_set/vec4 8;
    %flag_get/vec4 8;
    %jmp/0 T_13.14, 8;
    %load/vec4 v0xb9d19a0e43c0_0;
    %nor/r;
    %and;
T_13.14;
    %concat/vec4; draw_concat_vec4
    %dup/vec4;
    %pushi/vec4 2, 0, 2;
    %cmp/u;
    %jmp/1 T_13.9, 6;
    %dup/vec4;
    %pushi/vec4 1, 0, 2;
    %cmp/u;
    %jmp/1 T_13.10, 6;
    %load/vec4 v0xb9d19a0e41e0_0;
    %assign/vec4 v0xb9d19a0e41e0_0, 0;
    %jmp T_13.12;
T_13.9 ;
    %load/vec4 v0xb9d19a0e41e0_0;
    %addi 1, 0, 6;
    %assign/vec4 v0xb9d19a0e41e0_0, 0;
    %jmp T_13.12;
T_13.10 ;
    %load/vec4 v0xb9d19a0e41e0_0;
    %subi 1, 0, 6;
    %assign/vec4 v0xb9d19a0e41e0_0, 0;
    %jmp T_13.12;
T_13.12 ;
    %pop/vec4 1;
T_13.1 ;
    %jmp T_13;
    .thread T_13;
    .scope S_0xb9d19a0e5a30;
T_14 ;
    %wait E_0xb9d199e9e160;
    %load/vec4 v0xb9d19a0e6770_0;
    %flag_set/vec4 8;
    %jmp/1 T_14.2, 8;
    %load/vec4 v0xb9d19a0e63b0_0;
    %flag_set/vec4 9;
    %flag_or 8, 9;
T_14.2;
    %jmp/0xz  T_14.0, 8;
    %pushi/vec4 0, 0, 11;
    %assign/vec4 v0xb9d19a0e64f0_0, 0;
    %pushi/vec4 0, 0, 11;
    %assign/vec4 v0xb9d19a0e6920_0, 0;
    %pushi/vec4 0, 0, 12;
    %assign/vec4 v0xb9d19a0e6130_0, 0;
    %jmp T_14.1;
T_14.0 ;
    %load/vec4 v0xb9d19a0e66d0_0;
    %flag_set/vec4 9;
    %flag_get/vec4 9;
    %jmp/0 T_14.5, 9;
    %load/vec4 v0xb9d19a0e6450_0;
    %nor/r;
    %and;
T_14.5;
    %flag_set/vec4 8;
    %jmp/0xz  T_14.3, 8;
    %load/vec4 v0xb9d19a0e61d0_0;
    %load/vec4 v0xb9d19a0e64f0_0;
    %pad/u 13;
    %ix/vec4 3;
    %ix/load 4, 0, 0; Constant delay
    %assign/vec4/a/d v0xb9d19a0e6590, 0, 4;
    %load/vec4 v0xb9d19a0e64f0_0;
    %addi 1, 0, 11;
    %assign/vec4 v0xb9d19a0e64f0_0, 0;
T_14.3 ;
    %load/vec4 v0xb9d19a0e6630_0;
    %flag_set/vec4 9;
    %flag_get/vec4 9;
    %jmp/0 T_14.8, 9;
    %load/vec4 v0xb9d19a0e6310_0;
    %nor/r;
    %and;
T_14.8;
    %flag_set/vec4 8;
    %jmp/0xz  T_14.6, 8;
    %load/vec4 v0xb9d19a0e6920_0;
    %addi 1, 0, 11;
    %assign/vec4 v0xb9d19a0e6920_0, 0;
T_14.6 ;
    %load/vec4 v0xb9d19a0e66d0_0;
    %flag_set/vec4 8;
    %flag_get/vec4 8;
    %jmp/0 T_14.13, 8;
    %load/vec4 v0xb9d19a0e6450_0;
    %nor/r;
    %and;
T_14.13;
    %load/vec4 v0xb9d19a0e6630_0;
    %flag_set/vec4 8;
    %flag_get/vec4 8;
    %jmp/0 T_14.14, 8;
    %load/vec4 v0xb9d19a0e6310_0;
    %nor/r;
    %and;
T_14.14;
    %concat/vec4; draw_concat_vec4
    %dup/vec4;
    %pushi/vec4 2, 0, 2;
    %cmp/u;
    %jmp/1 T_14.9, 6;
    %dup/vec4;
    %pushi/vec4 1, 0, 2;
    %cmp/u;
    %jmp/1 T_14.10, 6;
    %load/vec4 v0xb9d19a0e6130_0;
    %assign/vec4 v0xb9d19a0e6130_0, 0;
    %jmp T_14.12;
T_14.9 ;
    %load/vec4 v0xb9d19a0e6130_0;
    %addi 1, 0, 12;
    %assign/vec4 v0xb9d19a0e6130_0, 0;
    %jmp T_14.12;
T_14.10 ;
    %load/vec4 v0xb9d19a0e6130_0;
    %subi 1, 0, 12;
    %assign/vec4 v0xb9d19a0e6130_0, 0;
    %jmp T_14.12;
T_14.12 ;
    %pop/vec4 1;
T_14.1 ;
    %jmp T_14;
    .thread T_14;
    .scope S_0xb9d199f39e50;
T_15 ;
    %wait E_0xb9d199e9e160;
    %load/vec4 v0xb9d19a0e7640_0;
    %flag_set/vec4 8;
    %jmp/1 T_15.2, 8;
    %load/vec4 v0xb9d19a0e71e0_0;
    %flag_set/vec4 9;
    %flag_or 8, 9;
T_15.2;
    %jmp/0xz  T_15.0, 8;
    %pushi/vec4 0, 0, 1;
    %assign/vec4 v0xb9d19a0e7280_0, 0;
    %pushi/vec4 0, 0, 18;
    %assign/vec4 v0xb9d19a0e7140_0, 0;
    %jmp T_15.1;
T_15.0 ;
    %load/vec4 v0xb9d19a0e78c0_0;
    %flag_set/vec4 8;
    %flag_get/vec4 8;
    %jmp/0 T_15.3, 8;
    %load/vec4 v0xb9d19a0e73c0_0;
    %nor/r;
    %and;
T_15.3;
    %assign/vec4 v0xb9d19a0e7280_0, 0;
    %load/vec4 v0xb9d19a0e7320_0;
    %assign/vec4 v0xb9d19a0e7140_0, 0;
T_15.1 ;
    %jmp T_15;
    .thread T_15;
    .scope S_0xb9d199f49f60;
T_16 ;
    %wait E_0xb9d199e9de20;
    %load/vec4 v0xb9d19a0f8b10_0;
    %flag_set/vec4 8;
    %jmp/0xz  T_16.0, 8;
    %pushi/vec4 1, 0, 1;
    %assign/vec4 v0xb9d19a0f8930_0, 0;
    %jmp T_16.1;
T_16.0 ;
    %load/vec4 v0xb9d19a0e8090_0;
    %flag_set/vec4 8;
    %jmp/0xz  T_16.2, 8;
    %pushi/vec4 0, 0, 1;
    %assign/vec4 v0xb9d19a0f8930_0, 0;
T_16.2 ;
T_16.1 ;
    %load/vec4 v0xb9d19a0e8090_0;
    %flag_set/vec4 8;
    %jmp/0xz  T_16.4, 8;
    %load/vec4 v0xb9d19a0e84f0_0;
    %pad/u 16;
    %ix/vec4 4;
    %load/vec4a v0xb9d19a0e87e0, 4;
    %assign/vec4 v0xb9d19a0f89d0_0, 0;
T_16.4 ;
    %jmp T_16;
    .thread T_16;
    .scope S_0xb9d199f49f60;
T_17 ;
Ewait_2 .event/or E_0xb9d199ea1c10, E_0x0;
    %wait Ewait_2;
    %load/vec4 v0xb9d19a0e8450_0;
    %dup/vec4;
    %pushi/vec4 0, 0, 2;
    %cmp/u;
    %jmp/1 T_17.0, 6;
    %dup/vec4;
    %pushi/vec4 1, 0, 2;
    %cmp/u;
    %jmp/1 T_17.1, 6;
    %dup/vec4;
    %pushi/vec4 2, 0, 2;
    %cmp/u;
    %jmp/1 T_17.2, 6;
    %load/vec4 v0xb9d19a0f8a70_0;
    %parti/s 2, 6, 4;
    %store/vec4 v0xb9d19a0e8130_0, 0, 2;
    %jmp T_17.4;
T_17.0 ;
    %load/vec4 v0xb9d19a0f8a70_0;
    %parti/s 2, 0, 2;
    %store/vec4 v0xb9d19a0e8130_0, 0, 2;
    %jmp T_17.4;
T_17.1 ;
    %load/vec4 v0xb9d19a0f8a70_0;
    %parti/s 2, 2, 3;
    %store/vec4 v0xb9d19a0e8130_0, 0, 2;
    %jmp T_17.4;
T_17.2 ;
    %load/vec4 v0xb9d19a0f8a70_0;
    %parti/s 2, 4, 4;
    %store/vec4 v0xb9d19a0e8130_0, 0, 2;
    %jmp T_17.4;
T_17.4 ;
    %pop/vec4 1;
    %jmp T_17;
    .thread T_17, $push;
    .scope S_0xb9d199f49f60;
T_18 ;
Ewait_3 .event/or E_0xb9d199ea2b40, E_0x0;
    %wait Ewait_3;
    %load/vec4 v0xb9d19a0e8740_0;
    %store/vec4 v0xb9d19a0f8890_0, 0, 8;
    %load/vec4 v0xb9d19a0e8450_0;
    %dup/vec4;
    %pushi/vec4 0, 0, 2;
    %cmp/u;
    %jmp/1 T_18.0, 6;
    %dup/vec4;
    %pushi/vec4 1, 0, 2;
    %cmp/u;
    %jmp/1 T_18.1, 6;
    %dup/vec4;
    %pushi/vec4 2, 0, 2;
    %cmp/u;
    %jmp/1 T_18.2, 6;
    %load/vec4 v0xb9d19a0e8270_0;
    %ix/load 4, 6, 0;
    %flag_set/imm 4, 0;
    %store/vec4 v0xb9d19a0f8890_0, 4, 2;
    %jmp T_18.4;
T_18.0 ;
    %load/vec4 v0xb9d19a0e8270_0;
    %ix/load 4, 0, 0;
    %flag_set/imm 4, 0;
    %store/vec4 v0xb9d19a0f8890_0, 4, 2;
    %jmp T_18.4;
T_18.1 ;
    %load/vec4 v0xb9d19a0e8270_0;
    %ix/load 4, 2, 0;
    %flag_set/imm 4, 0;
    %store/vec4 v0xb9d19a0f8890_0, 4, 2;
    %jmp T_18.4;
T_18.2 ;
    %load/vec4 v0xb9d19a0e8270_0;
    %ix/load 4, 4, 0;
    %flag_set/imm 4, 0;
    %store/vec4 v0xb9d19a0f8890_0, 4, 2;
    %jmp T_18.4;
T_18.4 ;
    %pop/vec4 1;
    %jmp T_18;
    .thread T_18, $push;
    .scope S_0xb9d199f49f60;
T_19 ;
    %fork t_5, S_0xb9d19a0e7960;
    %jmp t_4;
    .scope S_0xb9d19a0e7960;
t_5 ;
    %pushi/vec4 0, 0, 32;
    %store/vec4 v0xb9d19a0e7af0_0, 0, 32;
T_19.0 ;
    %load/vec4 v0xb9d19a0e7af0_0;
    %cmpi/s 16384, 0, 32;
    %jmp/0xz T_19.1, 5;
    %pushi/vec4 0, 0, 8;
    %ix/getv/s 4, v0xb9d19a0e7af0_0;
    %store/vec4a v0xb9d19a0e87e0, 4, 0;
    ; show_stmt_assign_vector: Get l-value for compressed += operand
    %load/vec4 v0xb9d19a0e7af0_0;
    %pushi/vec4 1, 0, 32;
    %add;
    %cast2;
    %store/vec4 v0xb9d19a0e7af0_0, 0, 32;
    %jmp T_19.0;
T_19.1 ;
    %end;
    .scope S_0xb9d199f49f60;
t_4 %join;
    %end;
    .thread T_19;
    .scope S_0xb9d199f49f60;
T_20 ;
    %wait E_0xb9d199e9de20;
    %load/vec4 v0xb9d19a0e81d0_0;
    %flag_set/vec4 9;
    %flag_get/vec4 9;
    %jmp/0 T_20.2, 9;
    %load/vec4 v0xb9d19a0f8b10_0;
    %nor/r;
    %and;
T_20.2;
    %flag_set/vec4 8;
    %jmp/0xz  T_20.0, 8;
    %load/vec4 v0xb9d19a0f8890_0;
    %load/vec4 v0xb9d19a0e84f0_0;
    %pad/u 16;
    %ix/vec4 3;
    %ix/load 4, 0, 0; Constant delay
    %assign/vec4/a/d v0xb9d19a0e87e0, 0, 4;
T_20.0 ;
    %jmp T_20;
    .thread T_20;
    .scope S_0xb9d19a0f9b50;
T_21 ;
    %wait E_0xb9d199e68600;
    %load/vec4 v0xb9d19a10acd0_0;
    %flag_set/vec4 8;
    %jmp/0xz  T_21.0, 8;
    %load/vec4 v0xb9d19a10ad70_0;
    %load/vec4 v0xb9d19a10ae10_0;
    %store/vec4 v0xb9d19a10a5f0_0, 0, 9;
    %store/vec4 v0xb9d19a10a550_0, 0, 9;
    %callf/vec4 TD_tb_colour_bram.dut.word_addr, S_0xb9d19a10a280;
    %pad/u 15;
    %ix/vec4 4;
    %load/vec4a v0xb9d19a10b240, 4;
    %assign/vec4 v0xb9d19a10a7d0_0, 0;
    %load/vec4 v0xb9d19a10ad70_0;
    %load/vec4 v0xb9d19a10ae10_0;
    %store/vec4 v0xb9d19a10a1e0_0, 0, 9;
    %store/vec4 v0xb9d19a10a140_0, 0, 9;
    %callf/vec4 TD_tb_colour_bram.dut.byte_off, S_0xb9d19a109e70;
    %assign/vec4 v0xb9d19a10a730_0, 0;
T_21.0 ;
    %jmp T_21;
    .thread T_21;
    .scope S_0xb9d19a0f9b50;
T_22 ;
Ewait_4 .event/or E_0xb9d199e686c0, E_0x0;
    %wait Ewait_4;
    %load/vec4 v0xb9d19a10a730_0;
    %dup/vec4;
    %pushi/vec4 0, 0, 3;
    %cmp/u;
    %jmp/1 T_22.0, 6;
    %dup/vec4;
    %pushi/vec4 1, 0, 3;
    %cmp/u;
    %jmp/1 T_22.1, 6;
    %dup/vec4;
    %pushi/vec4 2, 0, 3;
    %cmp/u;
    %jmp/1 T_22.2, 6;
    %dup/vec4;
    %pushi/vec4 3, 0, 3;
    %cmp/u;
    %jmp/1 T_22.3, 6;
    %dup/vec4;
    %pushi/vec4 4, 0, 3;
    %cmp/u;
    %jmp/1 T_22.4, 6;
    %dup/vec4;
    %pushi/vec4 5, 0, 3;
    %cmp/u;
    %jmp/1 T_22.5, 6;
    %dup/vec4;
    %pushi/vec4 6, 0, 3;
    %cmp/u;
    %jmp/1 T_22.6, 6;
    %load/vec4 v0xb9d19a10a7d0_0;
    %parti/s 8, 56, 7;
    %store/vec4 v0xb9d19a10ac30_0, 0, 8;
    %jmp T_22.8;
T_22.0 ;
    %load/vec4 v0xb9d19a10a7d0_0;
    %parti/s 8, 0, 2;
    %store/vec4 v0xb9d19a10ac30_0, 0, 8;
    %jmp T_22.8;
T_22.1 ;
    %load/vec4 v0xb9d19a10a7d0_0;
    %parti/s 8, 8, 5;
    %store/vec4 v0xb9d19a10ac30_0, 0, 8;
    %jmp T_22.8;
T_22.2 ;
    %load/vec4 v0xb9d19a10a7d0_0;
    %parti/s 8, 16, 6;
    %store/vec4 v0xb9d19a10ac30_0, 0, 8;
    %jmp T_22.8;
T_22.3 ;
    %load/vec4 v0xb9d19a10a7d0_0;
    %parti/s 8, 24, 6;
    %store/vec4 v0xb9d19a10ac30_0, 0, 8;
    %jmp T_22.8;
T_22.4 ;
    %load/vec4 v0xb9d19a10a7d0_0;
    %parti/s 8, 32, 7;
    %store/vec4 v0xb9d19a10ac30_0, 0, 8;
    %jmp T_22.8;
T_22.5 ;
    %load/vec4 v0xb9d19a10a7d0_0;
    %parti/s 8, 40, 7;
    %store/vec4 v0xb9d19a10ac30_0, 0, 8;
    %jmp T_22.8;
T_22.6 ;
    %load/vec4 v0xb9d19a10a7d0_0;
    %parti/s 8, 48, 7;
    %store/vec4 v0xb9d19a10ac30_0, 0, 8;
    %jmp T_22.8;
T_22.8 ;
    %pop/vec4 1;
    %jmp T_22;
    .thread T_22, $push;
    .scope S_0xb9d19a0f9b50;
T_23 ;
Ewait_5 .event/or E_0xb9d199e68640, E_0x0;
    %wait Ewait_5;
    %load/vec4 v0xb9d19a10aff0_0;
    %load/vec4 v0xb9d19a10b090_0;
    %store/vec4 v0xb9d19a10a5f0_0, 0, 9;
    %store/vec4 v0xb9d19a10a550_0, 0, 9;
    %callf/vec4 TD_tb_colour_bram.dut.word_addr, S_0xb9d19a10a280;
    %pad/u 15;
    %ix/vec4 4;
    %load/vec4a v0xb9d19a10b240, 4;
    %store/vec4 v0xb9d19a10aaf0_0, 0, 64;
    %load/vec4 v0xb9d19a1d9250_0;
    %dup/vec4;
    %pushi/vec4 0, 0, 3;
    %cmp/u;
    %jmp/1 T_23.0, 6;
    %dup/vec4;
    %pushi/vec4 1, 0, 3;
    %cmp/u;
    %jmp/1 T_23.1, 6;
    %dup/vec4;
    %pushi/vec4 2, 0, 3;
    %cmp/u;
    %jmp/1 T_23.2, 6;
    %dup/vec4;
    %pushi/vec4 3, 0, 3;
    %cmp/u;
    %jmp/1 T_23.3, 6;
    %dup/vec4;
    %pushi/vec4 4, 0, 3;
    %cmp/u;
    %jmp/1 T_23.4, 6;
    %dup/vec4;
    %pushi/vec4 5, 0, 3;
    %cmp/u;
    %jmp/1 T_23.5, 6;
    %dup/vec4;
    %pushi/vec4 6, 0, 3;
    %cmp/u;
    %jmp/1 T_23.6, 6;
    %load/vec4 v0xb9d19a10aeb0_0;
    %ix/load 4, 56, 0;
    %flag_set/imm 4, 0;
    %store/vec4 v0xb9d19a10aaf0_0, 4, 8;
    %jmp T_23.8;
T_23.0 ;
    %load/vec4 v0xb9d19a10aeb0_0;
    %ix/load 4, 0, 0;
    %flag_set/imm 4, 0;
    %store/vec4 v0xb9d19a10aaf0_0, 4, 8;
    %jmp T_23.8;
T_23.1 ;
    %load/vec4 v0xb9d19a10aeb0_0;
    %ix/load 4, 8, 0;
    %flag_set/imm 4, 0;
    %store/vec4 v0xb9d19a10aaf0_0, 4, 8;
    %jmp T_23.8;
T_23.2 ;
    %load/vec4 v0xb9d19a10aeb0_0;
    %ix/load 4, 16, 0;
    %flag_set/imm 4, 0;
    %store/vec4 v0xb9d19a10aaf0_0, 4, 8;
    %jmp T_23.8;
T_23.3 ;
    %load/vec4 v0xb9d19a10aeb0_0;
    %ix/load 4, 24, 0;
    %flag_set/imm 4, 0;
    %store/vec4 v0xb9d19a10aaf0_0, 4, 8;
    %jmp T_23.8;
T_23.4 ;
    %load/vec4 v0xb9d19a10aeb0_0;
    %ix/load 4, 32, 0;
    %flag_set/imm 4, 0;
    %store/vec4 v0xb9d19a10aaf0_0, 4, 8;
    %jmp T_23.8;
T_23.5 ;
    %load/vec4 v0xb9d19a10aeb0_0;
    %ix/load 4, 40, 0;
    %flag_set/imm 4, 0;
    %store/vec4 v0xb9d19a10aaf0_0, 4, 8;
    %jmp T_23.8;
T_23.6 ;
    %load/vec4 v0xb9d19a10aeb0_0;
    %ix/load 4, 48, 0;
    %flag_set/imm 4, 0;
    %store/vec4 v0xb9d19a10aaf0_0, 4, 8;
    %jmp T_23.8;
T_23.8 ;
    %pop/vec4 1;
    %jmp T_23;
    .thread T_23, $push;
    .scope S_0xb9d19a0f9b50;
T_24 ;
    %wait E_0xb9d199e68600;
    %load/vec4 v0xb9d19a10af50_0;
    %flag_set/vec4 8;
    %jmp/0xz  T_24.0, 8;
    %load/vec4 v0xb9d19a10aaf0_0;
    %load/vec4 v0xb9d19a10aff0_0;
    %load/vec4 v0xb9d19a10b090_0;
    %store/vec4 v0xb9d19a10a5f0_0, 0, 9;
    %store/vec4 v0xb9d19a10a550_0, 0, 9;
    %callf/vec4 TD_tb_colour_bram.dut.word_addr, S_0xb9d19a10a280;
    %pad/u 15;
    %ix/vec4 3;
    %ix/load 4, 0, 0; Constant delay
    %assign/vec4/a/d v0xb9d19a10b240, 0, 4;
    %jmp T_24.1;
T_24.0 ;
    %load/vec4 v0xb9d19a10a910_0;
    %flag_set/vec4 8;
    %jmp/0xz  T_24.2, 8;
    %load/vec4 v0xb9d19a10aa50_0;
    %pad/u 15;
    %ix/vec4 4;
    %load/vec4a v0xb9d19a10b240, 4;
    %assign/vec4 v0xb9d19a10a870_0, 0;
T_24.2 ;
T_24.1 ;
    %jmp T_24;
    .thread T_24;
    .scope S_0xb9d199f37650;
T_25 ;
    %pushi/vec4 0, 0, 32;
    %store/vec4 v0xb9d19a1db430_0, 0, 32;
    %pushi/vec4 0, 0, 32;
    %store/vec4 v0xb9d19a1db350_0, 0, 32;
    %pushi/vec4 0, 0, 32;
    %store/vec4 v0xb9d19a1db270_0, 0, 32;
    %pushi/str "";
    %store/str v0xb9d19a1dafc0_0;
    %pushi/vec4 0, 0, 1;
    %store/vec4 v0xb9d19a1dac40_0, 0, 1;
    %end;
    .thread T_25, $init;
    .scope S_0xb9d199f37650;
T_26 ;
    %delay 5000, 0;
    %load/vec4 v0xb9d19a1dac40_0;
    %inv;
    %store/vec4 v0xb9d19a1dac40_0, 0, 1;
    %jmp T_26;
    .thread T_26;
    .scope S_0xb9d199f37650;
T_27 ;
    %vpi_call/w 11 73 "$dumpfile", "sim/waves/tb_colour_bram.vcd" {0 0 0};
    %vpi_call/w 11 74 "$dumpvars", 32'sb00000000000000000000000000000000, S_0xb9d199f37650 {0 0 0};
    %pushi/vec4 0, 0, 1;
    %store/vec4 v0xb9d19a1da4b0_0, 0, 1;
    %pushi/vec4 0, 0, 1;
    %store/vec4 v0xb9d19a1da6f0_0, 0, 1;
    %pushi/vec4 0, 0, 9;
    %store/vec4 v0xb9d19a1da7b0_0, 0, 9;
    %pushi/vec4 0, 0, 9;
    %store/vec4 v0xb9d19a1da8c0_0, 0, 9;
    %pushi/vec4 0, 0, 8;
    %store/vec4 v0xb9d19a1da630_0, 0, 8;
    %pushi/vec4 0, 0, 1;
    %store/vec4 v0xb9d19a1da980_0, 0, 1;
    %pushi/vec4 0, 0, 13;
    %store/vec4 v0xb9d19a1dab80_0, 0, 13;
    %pushi/vec4 0, 0, 1;
    %store/vec4 v0xb9d19a1dada0_0, 0, 1;
    %pushi/vec4 0, 0, 9;
    %store/vec4 v0xb9d19a1dae40_0, 0, 9;
    %pushi/vec4 0, 0, 9;
    %store/vec4 v0xb9d19a1daf00_0, 0, 9;
    %pushi/vec4 0, 0, 8;
    %store/vec4 v0xb9d19a1dace0_0, 0, 8;
    %alloc S_0xb9d19a1d9d50;
    %pushi/vec4 2, 0, 32;
    %store/vec4 v0xb9d19a1d9f30_0, 0, 32;
    %fork TD_tb_colour_bram.tick, S_0xb9d19a1d9d50;
    %join;
    %free S_0xb9d19a1d9d50;
    %alloc S_0xb9d19a1d9900;
    %pushi/str "PORT A - basic write then read";
    %store/str v0xb9d19a1d9ae0_0;
    %fork TD_tb_colour_bram.suite, S_0xb9d19a1d9900;
    %join;
    %free S_0xb9d19a1d9900;
    %alloc S_0xb9d19a1da030;
    %pushi/vec4 0, 0, 9;
    %store/vec4 v0xb9d19a1da310_0, 0, 9;
    %pushi/vec4 0, 0, 9;
    %store/vec4 v0xb9d19a1da3f0_0, 0, 9;
    %pushi/vec4 63, 0, 8;
    %store/vec4 v0xb9d19a1da210_0, 0, 8;
    %fork TD_tb_colour_bram.write_pixel, S_0xb9d19a1da030;
    %join;
    %free S_0xb9d19a1da030;
    %alloc S_0xb9d19a1d94d0;
    %pushi/vec4 0, 0, 9;
    %store/vec4 v0xb9d19a1d9760_0, 0, 9;
    %pushi/vec4 0, 0, 9;
    %store/vec4 v0xb9d19a1d9840_0, 0, 9;
    %fork TD_tb_colour_bram.read_pixel, S_0xb9d19a1d94d0;
    %join;
    %load/vec4 v0xb9d19a1d9660_0;
    %store/vec4 v0xb9d19a1db080_0, 0, 8;
    %free S_0xb9d19a1d94d0;
    %alloc S_0xb9d19a0f9880;
    %load/vec4 v0xb9d19a1db080_0;
    %pushi/vec4 63, 0, 8;
    %cmp/e;
    %flag_get/vec4 4;
    %store/vec4 v0xb9d19a0f9a10_0, 0, 1;
    %pushi/str "pixel (0,0) reads back correct colour";
    %store/str v0xb9d19a0f9ab0_0;
    %fork TD_tb_colour_bram.check, S_0xb9d19a0f9880;
    %join;
    %free S_0xb9d19a0f9880;
    %alloc S_0xb9d19a1da030;
    %pushi/vec4 15, 0, 9;
    %store/vec4 v0xb9d19a1da310_0, 0, 9;
    %pushi/vec4 0, 0, 9;
    %store/vec4 v0xb9d19a1da3f0_0, 0, 9;
    %pushi/vec4 42, 0, 8;
    %store/vec4 v0xb9d19a1da210_0, 0, 8;
    %fork TD_tb_colour_bram.write_pixel, S_0xb9d19a1da030;
    %join;
    %free S_0xb9d19a1da030;
    %alloc S_0xb9d19a1d94d0;
    %pushi/vec4 15, 0, 9;
    %store/vec4 v0xb9d19a1d9760_0, 0, 9;
    %pushi/vec4 0, 0, 9;
    %store/vec4 v0xb9d19a1d9840_0, 0, 9;
    %fork TD_tb_colour_bram.read_pixel, S_0xb9d19a1d94d0;
    %join;
    %load/vec4 v0xb9d19a1d9660_0;
    %store/vec4 v0xb9d19a1db080_0, 0, 8;
    %free S_0xb9d19a1d94d0;
    %alloc S_0xb9d19a0f9880;
    %load/vec4 v0xb9d19a1db080_0;
    %pushi/vec4 42, 0, 8;
    %cmp/e;
    %flag_get/vec4 4;
    %store/vec4 v0xb9d19a0f9a10_0, 0, 1;
    %pushi/str "pixel (15,0) reads back correct colour";
    %store/str v0xb9d19a0f9ab0_0;
    %fork TD_tb_colour_bram.check, S_0xb9d19a0f9880;
    %join;
    %free S_0xb9d19a0f9880;
    %alloc S_0xb9d19a1da030;
    %pushi/vec4 0, 0, 9;
    %store/vec4 v0xb9d19a1da310_0, 0, 9;
    %pushi/vec4 15, 0, 9;
    %store/vec4 v0xb9d19a1da3f0_0, 0, 9;
    %pushi/vec4 21, 0, 8;
    %store/vec4 v0xb9d19a1da210_0, 0, 8;
    %fork TD_tb_colour_bram.write_pixel, S_0xb9d19a1da030;
    %join;
    %free S_0xb9d19a1da030;
    %alloc S_0xb9d19a1d94d0;
    %pushi/vec4 0, 0, 9;
    %store/vec4 v0xb9d19a1d9760_0, 0, 9;
    %pushi/vec4 15, 0, 9;
    %store/vec4 v0xb9d19a1d9840_0, 0, 9;
    %fork TD_tb_colour_bram.read_pixel, S_0xb9d19a1d94d0;
    %join;
    %load/vec4 v0xb9d19a1d9660_0;
    %store/vec4 v0xb9d19a1db080_0, 0, 8;
    %free S_0xb9d19a1d94d0;
    %alloc S_0xb9d19a0f9880;
    %load/vec4 v0xb9d19a1db080_0;
    %pushi/vec4 21, 0, 8;
    %cmp/e;
    %flag_get/vec4 4;
    %store/vec4 v0xb9d19a0f9a10_0, 0, 1;
    %pushi/str "pixel (0,15) reads back correct - different tile row";
    %store/str v0xb9d19a0f9ab0_0;
    %fork TD_tb_colour_bram.check, S_0xb9d19a0f9880;
    %join;
    %free S_0xb9d19a0f9880;
    %alloc S_0xb9d19a1d9900;
    %pushi/str "PORT A - tile boundary pixels";
    %store/str v0xb9d19a1d9ae0_0;
    %fork TD_tb_colour_bram.suite, S_0xb9d19a1d9900;
    %join;
    %free S_0xb9d19a1d9900;
    %alloc S_0xb9d19a1da030;
    %pushi/vec4 16, 0, 9;
    %store/vec4 v0xb9d19a1da310_0, 0, 9;
    %pushi/vec4 0, 0, 9;
    %store/vec4 v0xb9d19a1da3f0_0, 0, 9;
    %pushi/vec4 1, 0, 8;
    %store/vec4 v0xb9d19a1da210_0, 0, 8;
    %fork TD_tb_colour_bram.write_pixel, S_0xb9d19a1da030;
    %join;
    %free S_0xb9d19a1da030;
    %alloc S_0xb9d19a1da030;
    %pushi/vec4 31, 0, 9;
    %store/vec4 v0xb9d19a1da310_0, 0, 9;
    %pushi/vec4 0, 0, 9;
    %store/vec4 v0xb9d19a1da3f0_0, 0, 9;
    %pushi/vec4 2, 0, 8;
    %store/vec4 v0xb9d19a1da210_0, 0, 8;
    %fork TD_tb_colour_bram.write_pixel, S_0xb9d19a1da030;
    %join;
    %free S_0xb9d19a1da030;
    %alloc S_0xb9d19a1da030;
    %pushi/vec4 0, 0, 9;
    %store/vec4 v0xb9d19a1da310_0, 0, 9;
    %pushi/vec4 16, 0, 9;
    %store/vec4 v0xb9d19a1da3f0_0, 0, 9;
    %pushi/vec4 3, 0, 8;
    %store/vec4 v0xb9d19a1da210_0, 0, 8;
    %fork TD_tb_colour_bram.write_pixel, S_0xb9d19a1da030;
    %join;
    %free S_0xb9d19a1da030;
    %alloc S_0xb9d19a1da030;
    %pushi/vec4 16, 0, 9;
    %store/vec4 v0xb9d19a1da310_0, 0, 9;
    %pushi/vec4 16, 0, 9;
    %store/vec4 v0xb9d19a1da3f0_0, 0, 9;
    %pushi/vec4 4, 0, 8;
    %store/vec4 v0xb9d19a1da210_0, 0, 8;
    %fork TD_tb_colour_bram.write_pixel, S_0xb9d19a1da030;
    %join;
    %free S_0xb9d19a1da030;
    %alloc S_0xb9d19a1d9d50;
    %pushi/vec4 1, 0, 32;
    %store/vec4 v0xb9d19a1d9f30_0, 0, 32;
    %fork TD_tb_colour_bram.tick, S_0xb9d19a1d9d50;
    %join;
    %free S_0xb9d19a1d9d50;
    %alloc S_0xb9d19a1d94d0;
    %pushi/vec4 16, 0, 9;
    %store/vec4 v0xb9d19a1d9760_0, 0, 9;
    %pushi/vec4 0, 0, 9;
    %store/vec4 v0xb9d19a1d9840_0, 0, 9;
    %fork TD_tb_colour_bram.read_pixel, S_0xb9d19a1d94d0;
    %join;
    %load/vec4 v0xb9d19a1d9660_0;
    %store/vec4 v0xb9d19a1db080_0, 0, 8;
    %free S_0xb9d19a1d94d0;
    %alloc S_0xb9d19a0f9880;
    %load/vec4 v0xb9d19a1db080_0;
    %pushi/vec4 1, 0, 8;
    %cmp/e;
    %flag_get/vec4 4;
    %store/vec4 v0xb9d19a0f9a10_0, 0, 1;
    %pushi/str "tile (1,0) first pixel";
    %store/str v0xb9d19a0f9ab0_0;
    %fork TD_tb_colour_bram.check, S_0xb9d19a0f9880;
    %join;
    %free S_0xb9d19a0f9880;
    %alloc S_0xb9d19a1d94d0;
    %pushi/vec4 31, 0, 9;
    %store/vec4 v0xb9d19a1d9760_0, 0, 9;
    %pushi/vec4 0, 0, 9;
    %store/vec4 v0xb9d19a1d9840_0, 0, 9;
    %fork TD_tb_colour_bram.read_pixel, S_0xb9d19a1d94d0;
    %join;
    %load/vec4 v0xb9d19a1d9660_0;
    %store/vec4 v0xb9d19a1db080_0, 0, 8;
    %free S_0xb9d19a1d94d0;
    %alloc S_0xb9d19a0f9880;
    %load/vec4 v0xb9d19a1db080_0;
    %pushi/vec4 2, 0, 8;
    %cmp/e;
    %flag_get/vec4 4;
    %store/vec4 v0xb9d19a0f9a10_0, 0, 1;
    %pushi/str "tile (1,0) last col first row";
    %store/str v0xb9d19a0f9ab0_0;
    %fork TD_tb_colour_bram.check, S_0xb9d19a0f9880;
    %join;
    %free S_0xb9d19a0f9880;
    %alloc S_0xb9d19a1d94d0;
    %pushi/vec4 0, 0, 9;
    %store/vec4 v0xb9d19a1d9760_0, 0, 9;
    %pushi/vec4 16, 0, 9;
    %store/vec4 v0xb9d19a1d9840_0, 0, 9;
    %fork TD_tb_colour_bram.read_pixel, S_0xb9d19a1d94d0;
    %join;
    %load/vec4 v0xb9d19a1d9660_0;
    %store/vec4 v0xb9d19a1db080_0, 0, 8;
    %free S_0xb9d19a1d94d0;
    %alloc S_0xb9d19a0f9880;
    %load/vec4 v0xb9d19a1db080_0;
    %pushi/vec4 3, 0, 8;
    %cmp/e;
    %flag_get/vec4 4;
    %store/vec4 v0xb9d19a0f9a10_0, 0, 1;
    %pushi/str "tile (0,1) first pixel";
    %store/str v0xb9d19a0f9ab0_0;
    %fork TD_tb_colour_bram.check, S_0xb9d19a0f9880;
    %join;
    %free S_0xb9d19a0f9880;
    %alloc S_0xb9d19a1d94d0;
    %pushi/vec4 16, 0, 9;
    %store/vec4 v0xb9d19a1d9760_0, 0, 9;
    %pushi/vec4 16, 0, 9;
    %store/vec4 v0xb9d19a1d9840_0, 0, 9;
    %fork TD_tb_colour_bram.read_pixel, S_0xb9d19a1d94d0;
    %join;
    %load/vec4 v0xb9d19a1d9660_0;
    %store/vec4 v0xb9d19a1db080_0, 0, 8;
    %free S_0xb9d19a1d94d0;
    %alloc S_0xb9d19a0f9880;
    %load/vec4 v0xb9d19a1db080_0;
    %pushi/vec4 4, 0, 8;
    %cmp/e;
    %flag_get/vec4 4;
    %store/vec4 v0xb9d19a0f9a10_0, 0, 1;
    %pushi/str "tile (1,1) first pixel";
    %store/str v0xb9d19a0f9ab0_0;
    %fork TD_tb_colour_bram.check, S_0xb9d19a0f9880;
    %join;
    %free S_0xb9d19a0f9880;
    %alloc S_0xb9d19a1d9900;
    %pushi/str "PORT A - overwrite same pixel";
    %store/str v0xb9d19a1d9ae0_0;
    %fork TD_tb_colour_bram.suite, S_0xb9d19a1d9900;
    %join;
    %free S_0xb9d19a1d9900;
    %alloc S_0xb9d19a1da030;
    %pushi/vec4 5, 0, 9;
    %store/vec4 v0xb9d19a1da310_0, 0, 9;
    %pushi/vec4 5, 0, 9;
    %store/vec4 v0xb9d19a1da3f0_0, 0, 9;
    %pushi/vec4 16, 0, 8;
    %store/vec4 v0xb9d19a1da210_0, 0, 8;
    %fork TD_tb_colour_bram.write_pixel, S_0xb9d19a1da030;
    %join;
    %free S_0xb9d19a1da030;
    %alloc S_0xb9d19a1d94d0;
    %pushi/vec4 5, 0, 9;
    %store/vec4 v0xb9d19a1d9760_0, 0, 9;
    %pushi/vec4 5, 0, 9;
    %store/vec4 v0xb9d19a1d9840_0, 0, 9;
    %fork TD_tb_colour_bram.read_pixel, S_0xb9d19a1d94d0;
    %join;
    %load/vec4 v0xb9d19a1d9660_0;
    %store/vec4 v0xb9d19a1db080_0, 0, 8;
    %free S_0xb9d19a1d94d0;
    %alloc S_0xb9d19a0f9880;
    %load/vec4 v0xb9d19a1db080_0;
    %pushi/vec4 16, 0, 8;
    %cmp/e;
    %flag_get/vec4 4;
    %store/vec4 v0xb9d19a0f9a10_0, 0, 1;
    %pushi/str "first write";
    %store/str v0xb9d19a0f9ab0_0;
    %fork TD_tb_colour_bram.check, S_0xb9d19a0f9880;
    %join;
    %free S_0xb9d19a0f9880;
    %alloc S_0xb9d19a1da030;
    %pushi/vec4 5, 0, 9;
    %store/vec4 v0xb9d19a1da310_0, 0, 9;
    %pushi/vec4 5, 0, 9;
    %store/vec4 v0xb9d19a1da3f0_0, 0, 9;
    %pushi/vec4 62, 0, 8;
    %store/vec4 v0xb9d19a1da210_0, 0, 8;
    %fork TD_tb_colour_bram.write_pixel, S_0xb9d19a1da030;
    %join;
    %free S_0xb9d19a1da030;
    %alloc S_0xb9d19a1d94d0;
    %pushi/vec4 5, 0, 9;
    %store/vec4 v0xb9d19a1d9760_0, 0, 9;
    %pushi/vec4 5, 0, 9;
    %store/vec4 v0xb9d19a1d9840_0, 0, 9;
    %fork TD_tb_colour_bram.read_pixel, S_0xb9d19a1d94d0;
    %join;
    %load/vec4 v0xb9d19a1d9660_0;
    %store/vec4 v0xb9d19a1db080_0, 0, 8;
    %free S_0xb9d19a1d94d0;
    %alloc S_0xb9d19a0f9880;
    %load/vec4 v0xb9d19a1db080_0;
    %pushi/vec4 62, 0, 8;
    %cmp/e;
    %flag_get/vec4 4;
    %store/vec4 v0xb9d19a0f9a10_0, 0, 1;
    %pushi/str "overwrite succeeds";
    %store/str v0xb9d19a0f9ab0_0;
    %fork TD_tb_colour_bram.check, S_0xb9d19a0f9880;
    %join;
    %free S_0xb9d19a0f9880;
    %alloc S_0xb9d19a1d9900;
    %pushi/str "PORT A - adjacent pixels in same 64-bit word independent";
    %store/str v0xb9d19a1d9ae0_0;
    %fork TD_tb_colour_bram.suite, S_0xb9d19a1d9900;
    %join;
    %free S_0xb9d19a1d9900;
    %fork t_7, S_0xb9d19a0f8c50;
    %jmp t_6;
    .scope S_0xb9d19a0f8c50;
t_7 ;
    %pushi/vec4 0, 0, 32;
    %store/vec4 v0xb9d19a0f8de0_0, 0, 32;
T_27.0 ;
    %load/vec4 v0xb9d19a0f8de0_0;
    %cmpi/s 8, 0, 32;
    %jmp/0xz T_27.1, 5;
    %alloc S_0xb9d19a1da030;
    %load/vec4 v0xb9d19a0f8de0_0;
    %pad/s 9;
    %store/vec4 v0xb9d19a1da310_0, 0, 9;
    %pushi/vec4 0, 0, 9;
    %store/vec4 v0xb9d19a1da3f0_0, 0, 9;
    %load/vec4 v0xb9d19a0f8de0_0;
    %addi 1, 0, 32;
    %pad/s 8;
    %store/vec4 v0xb9d19a1da210_0, 0, 8;
    %fork TD_tb_colour_bram.write_pixel, S_0xb9d19a1da030;
    %join;
    %free S_0xb9d19a1da030;
    ; show_stmt_assign_vector: Get l-value for compressed += operand
    %load/vec4 v0xb9d19a0f8de0_0;
    %pushi/vec4 1, 0, 32;
    %add;
    %cast2;
    %store/vec4 v0xb9d19a0f8de0_0, 0, 32;
    %jmp T_27.0;
T_27.1 ;
    %end;
    .scope S_0xb9d199f37650;
t_6 %join;
    %alloc S_0xb9d19a1d9d50;
    %pushi/vec4 1, 0, 32;
    %store/vec4 v0xb9d19a1d9f30_0, 0, 32;
    %fork TD_tb_colour_bram.tick, S_0xb9d19a1d9d50;
    %join;
    %free S_0xb9d19a1d9d50;
    %fork t_9, S_0xb9d19a0f8e80;
    %jmp t_8;
    .scope S_0xb9d19a0f8e80;
t_9 ;
    %pushi/vec4 0, 0, 32;
    %store/vec4 v0xb9d19a0f9010_0, 0, 32;
T_27.2 ;
    %load/vec4 v0xb9d19a0f9010_0;
    %cmpi/s 8, 0, 32;
    %jmp/0xz T_27.3, 5;
    %alloc S_0xb9d19a1d94d0;
    %load/vec4 v0xb9d19a0f9010_0;
    %pad/s 9;
    %store/vec4 v0xb9d19a1d9760_0, 0, 9;
    %pushi/vec4 0, 0, 9;
    %store/vec4 v0xb9d19a1d9840_0, 0, 9;
    %fork TD_tb_colour_bram.read_pixel, S_0xb9d19a1d94d0;
    %join;
    %load/vec4 v0xb9d19a1d9660_0;
    %store/vec4 v0xb9d19a1db080_0, 0, 8;
    %free S_0xb9d19a1d94d0;
    %alloc S_0xb9d19a0f9880;
    %load/vec4 v0xb9d19a1db080_0;
    %load/vec4 v0xb9d19a0f9010_0;
    %addi 1, 0, 32;
    %pad/u 8;
    %cmp/e;
    %flag_get/vec4 4;
    %store/vec4 v0xb9d19a0f9a10_0, 0, 1;
    %vpi_func/s 11 119 "$sformatf", "word-shared pixel (%0d,0) correct", v0xb9d19a0f9010_0 {0 0 0};
    %store/str v0xb9d19a0f9ab0_0;
    %fork TD_tb_colour_bram.check, S_0xb9d19a0f9880;
    %join;
    %free S_0xb9d19a0f9880;
    ; show_stmt_assign_vector: Get l-value for compressed += operand
    %load/vec4 v0xb9d19a0f9010_0;
    %pushi/vec4 1, 0, 32;
    %add;
    %cast2;
    %store/vec4 v0xb9d19a0f9010_0, 0, 32;
    %jmp T_27.2;
T_27.3 ;
    %end;
    .scope S_0xb9d199f37650;
t_8 %join;
    %alloc S_0xb9d19a1d9900;
    %pushi/str "PORT A - write does not corrupt adjacent pixels";
    %store/str v0xb9d19a1d9ae0_0;
    %fork TD_tb_colour_bram.suite, S_0xb9d19a1d9900;
    %join;
    %free S_0xb9d19a1d9900;
    %alloc S_0xb9d19a1da030;
    %pushi/vec4 0, 0, 9;
    %store/vec4 v0xb9d19a1da310_0, 0, 9;
    %pushi/vec4 0, 0, 9;
    %store/vec4 v0xb9d19a1da3f0_0, 0, 9;
    %pushi/vec4 170, 0, 8;
    %store/vec4 v0xb9d19a1da210_0, 0, 8;
    %fork TD_tb_colour_bram.write_pixel, S_0xb9d19a1da030;
    %join;
    %free S_0xb9d19a1da030;
    %alloc S_0xb9d19a1da030;
    %pushi/vec4 1, 0, 9;
    %store/vec4 v0xb9d19a1da310_0, 0, 9;
    %pushi/vec4 0, 0, 9;
    %store/vec4 v0xb9d19a1da3f0_0, 0, 9;
    %pushi/vec4 187, 0, 8;
    %store/vec4 v0xb9d19a1da210_0, 0, 8;
    %fork TD_tb_colour_bram.write_pixel, S_0xb9d19a1da030;
    %join;
    %free S_0xb9d19a1da030;
    %alloc S_0xb9d19a1da030;
    %pushi/vec4 2, 0, 9;
    %store/vec4 v0xb9d19a1da310_0, 0, 9;
    %pushi/vec4 0, 0, 9;
    %store/vec4 v0xb9d19a1da3f0_0, 0, 9;
    %pushi/vec4 204, 0, 8;
    %store/vec4 v0xb9d19a1da210_0, 0, 8;
    %fork TD_tb_colour_bram.write_pixel, S_0xb9d19a1da030;
    %join;
    %free S_0xb9d19a1da030;
    %alloc S_0xb9d19a1da030;
    %pushi/vec4 1, 0, 9;
    %store/vec4 v0xb9d19a1da310_0, 0, 9;
    %pushi/vec4 0, 0, 9;
    %store/vec4 v0xb9d19a1da3f0_0, 0, 9;
    %pushi/vec4 17, 0, 8;
    %store/vec4 v0xb9d19a1da210_0, 0, 8;
    %fork TD_tb_colour_bram.write_pixel, S_0xb9d19a1da030;
    %join;
    %free S_0xb9d19a1da030;
    %alloc S_0xb9d19a1d9d50;
    %pushi/vec4 1, 0, 32;
    %store/vec4 v0xb9d19a1d9f30_0, 0, 32;
    %fork TD_tb_colour_bram.tick, S_0xb9d19a1d9d50;
    %join;
    %free S_0xb9d19a1d9d50;
    %alloc S_0xb9d19a1d94d0;
    %pushi/vec4 0, 0, 9;
    %store/vec4 v0xb9d19a1d9760_0, 0, 9;
    %pushi/vec4 0, 0, 9;
    %store/vec4 v0xb9d19a1d9840_0, 0, 9;
    %fork TD_tb_colour_bram.read_pixel, S_0xb9d19a1d94d0;
    %join;
    %load/vec4 v0xb9d19a1d9660_0;
    %store/vec4 v0xb9d19a1db080_0, 0, 8;
    %free S_0xb9d19a1d94d0;
    %alloc S_0xb9d19a0f9880;
    %load/vec4 v0xb9d19a1db080_0;
    %pushi/vec4 170, 0, 8;
    %cmp/e;
    %flag_get/vec4 4;
    %store/vec4 v0xb9d19a0f9a10_0, 0, 1;
    %pushi/str "left neighbour unchanged";
    %store/str v0xb9d19a0f9ab0_0;
    %fork TD_tb_colour_bram.check, S_0xb9d19a0f9880;
    %join;
    %free S_0xb9d19a0f9880;
    %alloc S_0xb9d19a1d94d0;
    %pushi/vec4 1, 0, 9;
    %store/vec4 v0xb9d19a1d9760_0, 0, 9;
    %pushi/vec4 0, 0, 9;
    %store/vec4 v0xb9d19a1d9840_0, 0, 9;
    %fork TD_tb_colour_bram.read_pixel, S_0xb9d19a1d94d0;
    %join;
    %load/vec4 v0xb9d19a1d9660_0;
    %store/vec4 v0xb9d19a1db080_0, 0, 8;
    %free S_0xb9d19a1d94d0;
    %alloc S_0xb9d19a0f9880;
    %load/vec4 v0xb9d19a1db080_0;
    %pushi/vec4 17, 0, 8;
    %cmp/e;
    %flag_get/vec4 4;
    %store/vec4 v0xb9d19a0f9a10_0, 0, 1;
    %pushi/str "overwritten pixel correct";
    %store/str v0xb9d19a0f9ab0_0;
    %fork TD_tb_colour_bram.check, S_0xb9d19a0f9880;
    %join;
    %free S_0xb9d19a0f9880;
    %alloc S_0xb9d19a1d94d0;
    %pushi/vec4 2, 0, 9;
    %store/vec4 v0xb9d19a1d9760_0, 0, 9;
    %pushi/vec4 0, 0, 9;
    %store/vec4 v0xb9d19a1d9840_0, 0, 9;
    %fork TD_tb_colour_bram.read_pixel, S_0xb9d19a1d94d0;
    %join;
    %load/vec4 v0xb9d19a1d9660_0;
    %store/vec4 v0xb9d19a1db080_0, 0, 8;
    %free S_0xb9d19a1d94d0;
    %alloc S_0xb9d19a0f9880;
    %load/vec4 v0xb9d19a1db080_0;
    %pushi/vec4 204, 0, 8;
    %cmp/e;
    %flag_get/vec4 4;
    %store/vec4 v0xb9d19a0f9a10_0, 0, 1;
    %pushi/str "right neighbour unchanged";
    %store/str v0xb9d19a0f9ab0_0;
    %fork TD_tb_colour_bram.check, S_0xb9d19a0f9880;
    %join;
    %free S_0xb9d19a0f9880;
    %alloc S_0xb9d19a1d9900;
    %pushi/str "PORT B - 64-bit read returns 8 correct pixels";
    %store/str v0xb9d19a1d9ae0_0;
    %fork TD_tb_colour_bram.suite, S_0xb9d19a1d9900;
    %join;
    %free S_0xb9d19a1d9900;
    %fork t_11, S_0xb9d19a0f90b0;
    %jmp t_10;
    .scope S_0xb9d19a0f90b0;
t_11 ;
    %pushi/vec4 0, 0, 32;
    %store/vec4 v0xb9d19a0f9240_0, 0, 32;
T_27.4 ;
    %load/vec4 v0xb9d19a0f9240_0;
    %cmpi/s 8, 0, 32;
    %jmp/0xz T_27.5, 5;
    %alloc S_0xb9d19a1da030;
    %load/vec4 v0xb9d19a0f9240_0;
    %pad/s 9;
    %store/vec4 v0xb9d19a1da310_0, 0, 9;
    %pushi/vec4 0, 0, 9;
    %store/vec4 v0xb9d19a1da3f0_0, 0, 9;
    %load/vec4 v0xb9d19a0f9240_0;
    %addi 10, 0, 32;
    %pad/s 8;
    %store/vec4 v0xb9d19a1da210_0, 0, 8;
    %fork TD_tb_colour_bram.write_pixel, S_0xb9d19a1da030;
    %join;
    %free S_0xb9d19a1da030;
    ; show_stmt_assign_vector: Get l-value for compressed += operand
    %load/vec4 v0xb9d19a0f9240_0;
    %pushi/vec4 1, 0, 32;
    %add;
    %cast2;
    %store/vec4 v0xb9d19a0f9240_0, 0, 32;
    %jmp T_27.4;
T_27.5 ;
    %end;
    .scope S_0xb9d199f37650;
t_10 %join;
    %alloc S_0xb9d19a1d9d50;
    %pushi/vec4 2, 0, 32;
    %store/vec4 v0xb9d19a1d9f30_0, 0, 32;
    %fork TD_tb_colour_bram.tick, S_0xb9d19a1d9d50;
    %join;
    %free S_0xb9d19a1d9d50;
    %pushi/vec4 0, 0, 13;
    %store/vec4 v0xb9d19a1dab80_0, 0, 13;
    %pushi/vec4 1, 0, 1;
    %store/vec4 v0xb9d19a1da980_0, 0, 1;
    %alloc S_0xb9d19a1d9d50;
    %pushi/vec4 1, 0, 32;
    %store/vec4 v0xb9d19a1d9f30_0, 0, 32;
    %fork TD_tb_colour_bram.tick, S_0xb9d19a1d9d50;
    %join;
    %free S_0xb9d19a1d9d50;
    %alloc S_0xb9d19a0f9880;
    %load/vec4 v0xb9d19a1daa20_0;
    %store/vec4 v0xb9d19a0f9a10_0, 0, 1;
    %pushi/str "b2d_rd_grant asserted when no controller write";
    %store/str v0xb9d19a0f9ab0_0;
    %fork TD_tb_colour_bram.check, S_0xb9d19a0f9880;
    %join;
    %free S_0xb9d19a0f9880;
    %pushi/vec4 0, 0, 1;
    %store/vec4 v0xb9d19a1da980_0, 0, 1;
    %alloc S_0xb9d19a1d9d50;
    %pushi/vec4 1, 0, 32;
    %store/vec4 v0xb9d19a1d9f30_0, 0, 32;
    %fork TD_tb_colour_bram.tick, S_0xb9d19a1d9d50;
    %join;
    %free S_0xb9d19a1d9d50;
    %fork t_13, S_0xb9d19a0f92e0;
    %jmp t_12;
    .scope S_0xb9d19a0f92e0;
t_13 ;
    %pushi/vec4 0, 0, 32;
    %store/vec4 v0xb9d19a0f9470_0, 0, 32;
T_27.6 ;
    %load/vec4 v0xb9d19a0f9470_0;
    %cmpi/s 8, 0, 32;
    %jmp/0xz T_27.7, 5;
    %alloc S_0xb9d19a0f9880;
    %load/vec4 v0xb9d19a1daac0_0;
    %load/vec4 v0xb9d19a0f9470_0;
    %muli 8, 0, 32;
    %part/s 8;
    %load/vec4 v0xb9d19a0f9470_0;
    %addi 10, 0, 32;
    %pad/u 8;
    %cmp/e;
    %flag_get/vec4 4;
    %store/vec4 v0xb9d19a0f9a10_0, 0, 1;
    %vpi_func/s 11 142 "$sformatf", "Port B word[%0d] = pixel (%0d,0) correct", v0xb9d19a0f9470_0, v0xb9d19a0f9470_0 {0 0 0};
    %store/str v0xb9d19a0f9ab0_0;
    %fork TD_tb_colour_bram.check, S_0xb9d19a0f9880;
    %join;
    %free S_0xb9d19a0f9880;
    ; show_stmt_assign_vector: Get l-value for compressed += operand
    %load/vec4 v0xb9d19a0f9470_0;
    %pushi/vec4 1, 0, 32;
    %add;
    %cast2;
    %store/vec4 v0xb9d19a0f9470_0, 0, 32;
    %jmp T_27.6;
T_27.7 ;
    %end;
    .scope S_0xb9d199f37650;
t_12 %join;
    %alloc S_0xb9d19a1d9900;
    %pushi/str "PORT B - grant denied when controller write in same cycle";
    %store/str v0xb9d19a1d9ae0_0;
    %fork TD_tb_colour_bram.suite, S_0xb9d19a1d9900;
    %join;
    %free S_0xb9d19a1d9900;
    %pushi/vec4 1, 0, 1;
    %store/vec4 v0xb9d19a1dada0_0, 0, 1;
    %pushi/vec4 0, 0, 9;
    %store/vec4 v0xb9d19a1dae40_0, 0, 9;
    %pushi/vec4 0, 0, 9;
    %store/vec4 v0xb9d19a1daf00_0, 0, 9;
    %pushi/vec4 255, 0, 8;
    %store/vec4 v0xb9d19a1dace0_0, 0, 8;
    %pushi/vec4 1, 0, 1;
    %store/vec4 v0xb9d19a1da980_0, 0, 1;
    %pushi/vec4 0, 0, 13;
    %store/vec4 v0xb9d19a1dab80_0, 0, 13;
    %alloc S_0xb9d19a1d9d50;
    %pushi/vec4 1, 0, 32;
    %store/vec4 v0xb9d19a1d9f30_0, 0, 32;
    %fork TD_tb_colour_bram.tick, S_0xb9d19a1d9d50;
    %join;
    %free S_0xb9d19a1d9d50;
    %alloc S_0xb9d19a0f9880;
    %load/vec4 v0xb9d19a1daa20_0;
    %nor/r;
    %store/vec4 v0xb9d19a0f9a10_0, 0, 1;
    %pushi/str "b2d_rd_grant denied when controller write active";
    %store/str v0xb9d19a0f9ab0_0;
    %fork TD_tb_colour_bram.check, S_0xb9d19a0f9880;
    %join;
    %free S_0xb9d19a0f9880;
    %pushi/vec4 0, 0, 1;
    %store/vec4 v0xb9d19a1dada0_0, 0, 1;
    %pushi/vec4 0, 0, 1;
    %store/vec4 v0xb9d19a1da980_0, 0, 1;
    %alloc S_0xb9d19a1d9900;
    %pushi/str "PORT B - grant given next cycle after write clears";
    %store/str v0xb9d19a1d9ae0_0;
    %fork TD_tb_colour_bram.suite, S_0xb9d19a1d9900;
    %join;
    %free S_0xb9d19a1d9900;
    %alloc S_0xb9d19a1d9d50;
    %pushi/vec4 1, 0, 32;
    %store/vec4 v0xb9d19a1d9f30_0, 0, 32;
    %fork TD_tb_colour_bram.tick, S_0xb9d19a1d9d50;
    %join;
    %free S_0xb9d19a1d9d50;
    %pushi/vec4 1, 0, 1;
    %store/vec4 v0xb9d19a1da980_0, 0, 1;
    %pushi/vec4 0, 0, 13;
    %store/vec4 v0xb9d19a1dab80_0, 0, 13;
    %alloc S_0xb9d19a1d9d50;
    %pushi/vec4 1, 0, 32;
    %store/vec4 v0xb9d19a1d9f30_0, 0, 32;
    %fork TD_tb_colour_bram.tick, S_0xb9d19a1d9d50;
    %join;
    %free S_0xb9d19a1d9d50;
    %alloc S_0xb9d19a0f9880;
    %load/vec4 v0xb9d19a1daa20_0;
    %store/vec4 v0xb9d19a0f9a10_0, 0, 1;
    %pushi/str "b2d_rd_grant asserted cycle after write clears";
    %store/str v0xb9d19a0f9ab0_0;
    %fork TD_tb_colour_bram.check, S_0xb9d19a0f9880;
    %join;
    %free S_0xb9d19a0f9880;
    %pushi/vec4 0, 0, 1;
    %store/vec4 v0xb9d19a1da980_0, 0, 1;
    %alloc S_0xb9d19a1d9d50;
    %pushi/vec4 1, 0, 32;
    %store/vec4 v0xb9d19a1d9f30_0, 0, 32;
    %fork TD_tb_colour_bram.tick, S_0xb9d19a1d9d50;
    %join;
    %free S_0xb9d19a1d9d50;
    %alloc S_0xb9d19a1d9900;
    %pushi/str "SIMULTANEOUS - read port A and Port B different tiles";
    %store/str v0xb9d19a1d9ae0_0;
    %fork TD_tb_colour_bram.suite, S_0xb9d19a1d9900;
    %join;
    %free S_0xb9d19a1d9900;
    %alloc S_0xb9d19a1da030;
    %pushi/vec4 0, 0, 9;
    %store/vec4 v0xb9d19a1da310_0, 0, 9;
    %pushi/vec4 0, 0, 9;
    %store/vec4 v0xb9d19a1da3f0_0, 0, 9;
    %pushi/vec4 33, 0, 8;
    %store/vec4 v0xb9d19a1da210_0, 0, 8;
    %fork TD_tb_colour_bram.write_pixel, S_0xb9d19a1da030;
    %join;
    %free S_0xb9d19a1da030;
    %alloc S_0xb9d19a1da030;
    %pushi/vec4 0, 0, 9;
    %store/vec4 v0xb9d19a1da310_0, 0, 9;
    %pushi/vec4 16, 0, 9;
    %store/vec4 v0xb9d19a1da3f0_0, 0, 9;
    %pushi/vec4 66, 0, 8;
    %store/vec4 v0xb9d19a1da210_0, 0, 8;
    %fork TD_tb_colour_bram.write_pixel, S_0xb9d19a1da030;
    %join;
    %free S_0xb9d19a1da030;
    %alloc S_0xb9d19a1d9d50;
    %pushi/vec4 2, 0, 32;
    %store/vec4 v0xb9d19a1d9f30_0, 0, 32;
    %fork TD_tb_colour_bram.tick, S_0xb9d19a1d9d50;
    %join;
    %free S_0xb9d19a1d9d50;
    %pushi/vec4 0, 0, 9;
    %store/vec4 v0xb9d19a1da7b0_0, 0, 9;
    %pushi/vec4 0, 0, 9;
    %store/vec4 v0xb9d19a1da8c0_0, 0, 9;
    %pushi/vec4 1, 0, 1;
    %store/vec4 v0xb9d19a1da4b0_0, 0, 1;
    %pushi/vec4 512, 0, 13;
    %store/vec4 v0xb9d19a1dab80_0, 0, 13;
    %pushi/vec4 1, 0, 1;
    %store/vec4 v0xb9d19a1da980_0, 0, 1;
    %alloc S_0xb9d19a1d9d50;
    %pushi/vec4 1, 0, 32;
    %store/vec4 v0xb9d19a1d9f30_0, 0, 32;
    %fork TD_tb_colour_bram.tick, S_0xb9d19a1d9d50;
    %join;
    %free S_0xb9d19a1d9d50;
    %pushi/vec4 0, 0, 1;
    %store/vec4 v0xb9d19a1da4b0_0, 0, 1;
    %pushi/vec4 0, 0, 1;
    %store/vec4 v0xb9d19a1da980_0, 0, 1;
    %alloc S_0xb9d19a1d9d50;
    %pushi/vec4 1, 0, 32;
    %store/vec4 v0xb9d19a1d9f30_0, 0, 32;
    %fork TD_tb_colour_bram.tick, S_0xb9d19a1d9d50;
    %join;
    %free S_0xb9d19a1d9d50;
    %alloc S_0xb9d19a0f9880;
    %alloc S_0xb9d19a0f9510;
    %load/vec4 v0xb9d19a1daac0_0;
    %pushi/vec4 0, 0, 32;
    %store/vec4 v0xb9d19a0f9740_0, 0, 32;
    %store/vec4 v0xb9d19a0f97e0_0, 0, 64;
    %callf/vec4 TD_tb_colour_bram.axi_rdata_byte, S_0xb9d19a0f9510;
    %free S_0xb9d19a0f9510;
    %pushi/vec4 66, 0, 8;
    %cmp/e;
    %flag_get/vec4 4;
    %store/vec4 v0xb9d19a0f9a10_0, 0, 1;
    %pushi/str "Port B reads tile (0,1) correctly";
    %store/str v0xb9d19a0f9ab0_0;
    %fork TD_tb_colour_bram.check, S_0xb9d19a0f9880;
    %join;
    %free S_0xb9d19a0f9880;
    %alloc S_0xb9d19a0f9880;
    %load/vec4 v0xb9d19a1da570_0;
    %pushi/vec4 33, 0, 8;
    %cmp/e;
    %flag_get/vec4 4;
    %store/vec4 v0xb9d19a0f9a10_0, 0, 1;
    %pushi/str "Port A reads tile (0,0) correctly same cycle";
    %store/str v0xb9d19a0f9ab0_0;
    %fork TD_tb_colour_bram.check, S_0xb9d19a0f9880;
    %join;
    %free S_0xb9d19a0f9880;
    %alloc S_0xb9d19a1d9900;
    %pushi/str "SIMULTANEOUS - write and Port B read to different tiles";
    %store/str v0xb9d19a1d9ae0_0;
    %fork TD_tb_colour_bram.suite, S_0xb9d19a1d9900;
    %join;
    %free S_0xb9d19a1d9900;
    %alloc S_0xb9d19a1da030;
    %pushi/vec4 0, 0, 9;
    %store/vec4 v0xb9d19a1da310_0, 0, 9;
    %pushi/vec4 32, 0, 9;
    %store/vec4 v0xb9d19a1da3f0_0, 0, 9;
    %pushi/vec4 222, 0, 8;
    %store/vec4 v0xb9d19a1da210_0, 0, 8;
    %fork TD_tb_colour_bram.write_pixel, S_0xb9d19a1da030;
    %join;
    %free S_0xb9d19a1da030;
    %pushi/vec4 0, 0, 13;
    %store/vec4 v0xb9d19a1dab80_0, 0, 13;
    %pushi/vec4 1, 0, 1;
    %store/vec4 v0xb9d19a1da980_0, 0, 1;
    %alloc S_0xb9d19a1d9d50;
    %pushi/vec4 1, 0, 32;
    %store/vec4 v0xb9d19a1d9f30_0, 0, 32;
    %fork TD_tb_colour_bram.tick, S_0xb9d19a1d9d50;
    %join;
    %free S_0xb9d19a1d9d50;
    %pushi/vec4 0, 0, 1;
    %store/vec4 v0xb9d19a1da980_0, 0, 1;
    %alloc S_0xb9d19a0f9880;
    %load/vec4 v0xb9d19a1daa20_0;
    %store/vec4 v0xb9d19a0f9a10_0, 0, 1;
    %pushi/str "b2d granted when write targets different tile";
    %store/str v0xb9d19a0f9ab0_0;
    %fork TD_tb_colour_bram.check, S_0xb9d19a0f9880;
    %join;
    %free S_0xb9d19a0f9880;
    %alloc S_0xb9d19a1d9bc0;
    %fork TD_tb_colour_bram.summary, S_0xb9d19a1d9bc0;
    %join;
    %free S_0xb9d19a1d9bc0;
    %vpi_call/w 11 176 "$finish" {0 0 0};
    %end;
    .thread T_27;
    .scope S_0xb9d199f37650;
T_28 ;
    %delay 705032704, 1;
    %vpi_call/w 11 184 "$display", "[TIMEOUT]" {0 0 0};
    %vpi_call/w 11 184 "$finish" {0 0 0};
    %end;
    .thread T_28;
    .scope S_0xb9d199f3e530;
T_29 ;
    %wait E_0xb9d19a0b2810;
    %load/vec4 v0xb9d19a1dcbf0_0;
    %flag_set/vec4 8;
    %jmp/0xz  T_29.0, 8;
    %fork t_15, S_0xb9d19a1db550;
    %jmp t_14;
    .scope S_0xb9d19a1db550;
t_15 ;
    %pushi/vec4 0, 0, 32;
    %store/vec4 v0xb9d19a1db700_0, 0, 32;
T_29.2 ;
    %load/vec4 v0xb9d19a1db700_0;
    %cmpi/s 256, 0, 32;
    %jmp/0xz T_29.3, 5;
    %pushi/vec4 0, 0, 7;
    %ix/getv/s 3, v0xb9d19a1db700_0;
    %ix/load 4, 0, 0; Constant delay
    %assign/vec4/a/d v0xb9d19a1dd140, 0, 4;
    ; show_stmt_assign_vector: Get l-value for compressed += operand
    %load/vec4 v0xb9d19a1db700_0;
    %pushi/vec4 1, 0, 32;
    %add;
    %cast2;
    %store/vec4 v0xb9d19a1db700_0, 0, 32;
    %jmp T_29.2;
T_29.3 ;
    %end;
    .scope S_0xb9d199f3e530;
t_14 %join;
    %jmp T_29.1;
T_29.0 ;
    %load/vec4 v0xb9d19a1dd2e0_0;
    %flag_set/vec4 8;
    %jmp/0xz  T_29.4, 8;
    %fork t_17, S_0xb9d19a1db800;
    %jmp t_16;
    .scope S_0xb9d19a1db800;
t_17 ;
    %pushi/vec4 0, 0, 32;
    %store/vec4 v0xb9d19a1dbce0_0, 0, 32;
T_29.6 ;
    %load/vec4 v0xb9d19a1dbce0_0;
    %cmpi/s 16, 0, 32;
    %jmp/0xz T_29.7, 5;
    %fork t_19, S_0xb9d19a1dba00;
    %jmp t_18;
    .scope S_0xb9d19a1dba00;
t_19 ;
    %pushi/vec4 0, 0, 32;
    %store/vec4 v0xb9d19a1dbbe0_0, 0, 32;
T_29.8 ;
    %load/vec4 v0xb9d19a1dbbe0_0;
    %cmpi/s 16, 0, 32;
    %jmp/0xz T_29.9, 5;
    %load/vec4 v0xb9d19a1dd060_0;
    %pad/u 32;
    %cast2;
    %load/vec4 v0xb9d19a1dbce0_0;
    %cmp/s;
    %flag_or 5, 4;
    %flag_get/vec4 5;
    %jmp/0 T_29.14, 5;
    %load/vec4 v0xb9d19a1dbce0_0;
    %load/vec4 v0xb9d19a1dcf80_0;
    %pad/u 32;
    %cast2;
    %cmp/s;
    %flag_get/vec4 4;
    %flag_get/vec4 5;
    %or;
    %and;
T_29.14;
    %flag_set/vec4 10;
    %flag_get/vec4 10;
    %jmp/0 T_29.13, 10;
    %load/vec4 v0xb9d19a1dcea0_0;
    %pad/u 32;
    %cast2;
    %load/vec4 v0xb9d19a1dbbe0_0;
    %cmp/s;
    %flag_get/vec4 4;
    %flag_get/vec4 5;
    %or;
    %and;
T_29.13;
    %flag_set/vec4 9;
    %flag_get/vec4 9;
    %jmp/0 T_29.12, 9;
    %load/vec4 v0xb9d19a1dbbe0_0;
    %load/vec4 v0xb9d19a1dcdc0_0;
    %pad/u 32;
    %cast2;
    %cmp/s;
    %flag_get/vec4 4;
    %flag_get/vec4 5;
    %or;
    %and;
T_29.12;
    %flag_set/vec4 8;
    %jmp/0xz  T_29.10, 8;
    %pushi/vec4 1, 0, 1;
    %load/vec4 v0xb9d19a1dd200_0;
    %concat/vec4; draw_concat_vec4
    %load/vec4 v0xb9d19a1dbce0_0;
    %pad/s 4;
    %load/vec4 v0xb9d19a1dbbe0_0;
    %pad/s 4;
    %concat/vec4; draw_concat_vec4
    %pad/u 10;
    %ix/vec4 3;
    %ix/load 4, 0, 0; Constant delay
    %assign/vec4/a/d v0xb9d19a1dd140, 0, 4;
T_29.10 ;
    ; show_stmt_assign_vector: Get l-value for compressed += operand
    %load/vec4 v0xb9d19a1dbbe0_0;
    %pushi/vec4 1, 0, 32;
    %add;
    %cast2;
    %store/vec4 v0xb9d19a1dbbe0_0, 0, 32;
    %jmp T_29.8;
T_29.9 ;
    %end;
    .scope S_0xb9d19a1db800;
t_18 %join;
    ; show_stmt_assign_vector: Get l-value for compressed += operand
    %load/vec4 v0xb9d19a1dbce0_0;
    %pushi/vec4 1, 0, 32;
    %add;
    %cast2;
    %store/vec4 v0xb9d19a1dbce0_0, 0, 32;
    %jmp T_29.6;
T_29.7 ;
    %end;
    .scope S_0xb9d199f3e530;
t_16 %join;
    %jmp T_29.5;
T_29.4 ;
    %load/vec4 v0xb9d19a1dd720_0;
    %flag_set/vec4 8;
    %jmp/0xz  T_29.15, 8;
    %load/vec4 v0xb9d19a1dd7e0_0;
    %load/vec4 v0xb9d19a1dd640_0;
    %concat/vec4; draw_concat_vec4
    %load/vec4 v0xb9d19a1dd8a0_0;
    %pad/u 10;
    %ix/vec4 3;
    %ix/load 4, 0, 0; Constant delay
    %assign/vec4/a/d v0xb9d19a1dd140, 0, 4;
T_29.15 ;
T_29.5 ;
T_29.1 ;
    %jmp T_29;
    .thread T_29;
# The file index is used to find the file name in the following table.
:file_names 14;
    "N/A";
    "<interactive>";
    "-";
    "hdl/memory/bram_to_dram.sv";
    "hdl/comparator/comparator.sv";
    "hdl/queues/complete_queue_handler.sv";
    "hdl/queues/complete_queue.sv";
    "hdl/queues/fifo.sv";
    "hdl/queues/job_queue_handler.sv";
    "hdl/queues/job_queue.sv";
    "hdl/memory/state_bram.sv";
    "tb/memory/tb_colour_bram.sv";
    "hdl/memory/colour_bram.sv";
    "hdl/memory/tile_table.sv";
