#! /opt/homebrew/Cellar/icarus-verilog/13.0/bin/vvp
:ivl_version "13.0 (stable)" "(v13_0)";
:ivl_delay_selection "TYPICAL";
:vpi_time_precision - 12;
:vpi_module "/opt/homebrew/Cellar/icarus-verilog/13.0/lib/ivl/system.vpi";
:vpi_module "/opt/homebrew/Cellar/icarus-verilog/13.0/lib/ivl/vhdl_sys.vpi";
:vpi_module "/opt/homebrew/Cellar/icarus-verilog/13.0/lib/ivl/vhdl_textio.vpi";
:vpi_module "/opt/homebrew/Cellar/icarus-verilog/13.0/lib/ivl/v2005_math.vpi";
:vpi_module "/opt/homebrew/Cellar/icarus-verilog/13.0/lib/ivl/va_math.vpi";
:vpi_module "/opt/homebrew/Cellar/icarus-verilog/13.0/lib/ivl/v2009.vpi";
S_0x13ce066a0 .scope package, "$unit" "$unit" 2 1;
 .timescale 0 0;
S_0x13ce06810 .scope module, "core_ram" "core_ram" 3 1;
 .timescale 0 0;
    .port_info 0 /INPUT 1 "clk";
    .port_info 1 /INPUT 1 "we";
    .port_info 2 /INPUT 3 "addr";
    .port_info 3 /INPUT 40 "din";
    .port_info 4 /OUTPUT 40 "dout";
P_0x13ce06420 .param/l "ADDR_WIDTH" 1 3 4, +C4<00000000000000000000000000000011>;
P_0x13ce06460 .param/l "CORE_COUNT" 0 3 2, +C4<00000000000000000000000000001000>;
P_0x13ce064a0 .param/l "PIXEL_WIDTH" 0 3 3, +C4<00000000000000000000000000101000>;
o0x130008010 .functor BUFZ 3, c4<zzz>; HiZ drive
v0x13ce071a0_0 .net "addr", 2 0, o0x130008010;  0 drivers
o0x130008040 .functor BUFZ 1, c4<z>; HiZ drive
v0x13ce17210_0 .net "clk", 0 0, o0x130008040;  0 drivers
o0x130008070 .functor BUFZ 40, c4<zzzzzzzzzzzzzzzzzzzzzzzzzzzzzzzzzzzzzzzz>; HiZ drive
v0x13ce172b0_0 .net "din", 39 0, o0x130008070;  0 drivers
v0x13ce17350_0 .var "dout", 39 0;
v0x13ce17400 .array "mem", 7 0, 39 0;
o0x1300080d0 .functor BUFZ 1, c4<z>; HiZ drive
v0x13ce174e0_0 .net "we", 0 0, o0x1300080d0;  0 drivers
E_0x13ce06980 .event posedge, v0x13ce17210_0;
S_0x13ce06ba0 .scope module, "tb_cluster" "tb_cluster" 4 24;
 .timescale -9 -12;
P_0x13ce06e40 .param/l "ADDR_MASK" 1 4 89, +C4<00000000000000000000001111111111>;
P_0x13ce06e80 .param/l "CLK_PERIOD" 1 4 34, C4<0000000000000000000000000000000000000000000000000000000000001010>;
P_0x13ce06ec0 .param/l "CLUSTER_SIZE" 1 4 29, +C4<00000000000000000000000000001000>;
P_0x13ce06f00 .param/l "JOB_DATA_W" 1 4 32, +C4<00000000000000000000000000010010>;
P_0x13ce06f40 .param/l "MAX_ADDRS" 1 4 88, +C4<00000000000000000000010000000000>;
P_0x13ce06f80 .param/l "PIXEL_ADDR_W" 1 4 30, +C4<00000000000000000000000000010000>;
P_0x13ce06fc0 .param/l "PIXEL_W" 1 4 31, +C4<00000000000000000000000000001000>;
v0x13ce2e810_0 .var "clk", 0 0;
v0x13ce2e8b0_0 .net "cluster_wants_job", 0 0, v0x13ce29230_0;  1 drivers
v0x13ce2e970_0 .var/2s "collected_count", 31 0;
v0x13ce2ea20_0 .var/2u "collector_enable", 0 0;
v0x13ce2eab0_0 .var/2u "collector_random_ready", 0 0;
v0x13ce2eb90_0 .var "disp_job_data", 17 0;
v0x13ce2ec30_0 .var "disp_pixel_addr", 15 0;
v0x13ce2ece0_0 .var "disp_valid", 0 0;
v0x13ce2ed90_0 .var/2s "dispatched_count", 31 0;
v0x13ce2eea0_0 .var/2s "error_count", 31 0;
v0x13ce2ef50_0 .var/2s "outstanding", 31 0;
v0x13ce2f000_0 .net "result_data", 7 0, L_0x13ce31300;  1 drivers
v0x13ce2f0c0_0 .net "result_pixel_addr", 15 0, L_0x13ce32110;  1 drivers
v0x13ce2f150_0 .var "result_ready", 0 0;
v0x13ce2f1e0_0 .net "result_valid", 0 0, L_0x13ce31f50;  1 drivers
v0x13ce2f290_0 .var "rst_n", 0 0;
v0x13ce2f320 .array "sb_expected", 1023 0, 7 0;
v0x13ce2f4b0 .array "sb_fulladdr", 1023 0, 15 0;
v0x13ce2f540 .array "sb_valid", 1023 0, 0 0;
S_0x13ce17600 .scope begin, "$unm_blk_32" "$unm_blk_32" 4 193, 4 193 0, S_0x13ce06ba0;
 .timescale -9 -12;
v0x13ce17810_0 .var/2s "slot", 31 0;
E_0x13ce177c0 .event posedge, v0x13ce19d50_0;
S_0x13ce178d0 .scope begin, "$unm_blk_53" "$unm_blk_53" 4 412, 4 412 0, S_0x13ce06ba0;
 .timescale -9 -12;
v0x13ce17aa0_0 .var/str "vcd_path";
S_0x13ce17b30 .scope autotask, "banner" "banner" 4 303, 4 303 0, S_0x13ce06ba0;
 .timescale -9 -12;
v0x13ce17cf0_0 .var/str "s";
TD_tb_cluster.banner ;
    %vpi_call/w 4 304 "$display", "\012\342\224\200\342\224\200\342\224\200\342\224\200\342\224\200\342\224\200\342\224\200\342\224\200\342\224\200\342\224\200\342\224\200\342\224\200\342\224\200\342\224\200\342\224\200\342\224\200\342\224\200\342\224\200\342\224\200\342\224\200\342\224\200\342\224\200\342\224\200\342\224\200\342\224\200\342\224\200\342\224\200\342\224\200\342\224\200\342\224\200\342\224\200\342\224\200\342\224\200\342\224\200\342\224\200\342\224\200\342\224\200\342\224\200\342\224\200\342\224\200\342\224\200\342\224\200\342\224\200\342\224\200\342\224\200\342\224\200\342\224\200\342\224\200\342\224\200\342\224\200\342\224\200\342\224\200\342\224\200\342\224\200\342\224\200\342\224\200\342\224\200\342\224\200" {0 0 0};
    %vpi_call/w 4 305 "$display", " TEST: %s", v0x13ce17cf0_0 {0 0 0};
    %vpi_call/w 4 306 "$display", "\342\224\200\342\224\200\342\224\200\342\224\200\342\224\200\342\224\200\342\224\200\342\224\200\342\224\200\342\224\200\342\224\200\342\224\200\342\224\200\342\224\200\342\224\200\342\224\200\342\224\200\342\224\200\342\224\200\342\224\200\342\224\200\342\224\200\342\224\200\342\224\200\342\224\200\342\224\200\342\224\200\342\224\200\342\224\200\342\224\200\342\224\200\342\224\200\342\224\200\342\224\200\342\224\200\342\224\200\342\224\200\342\224\200\342\224\200\342\224\200\342\224\200\342\224\200\342\224\200\342\224\200\342\224\200\342\224\200\342\224\200\342\224\200\342\224\200\342\224\200\342\224\200\342\224\200\342\224\200\342\224\200\342\224\200\342\224\200\342\224\200\342\224\200" {0 0 0};
    %end;
S_0x13ce17d90 .scope autotask, "do_dispatch" "do_dispatch" 4 128, 4 128 0, S_0x13ce06ba0;
 .timescale -9 -12;
v0x13ce17fb0_0 .var "addr", 15 0;
v0x13ce18070_0 .var/2s "attempts", 31 0;
v0x13ce18120_0 .var "data", 17 0;
v0x13ce181e0_0 .var/2u "done_dispatch", 0 0;
v0x13ce18280_0 .var/2s "slot", 31 0;
E_0x13ce17f50 .event negedge, v0x13ce19d50_0;
TD_tb_cluster.do_dispatch ;
    %load/vec4 v0x13ce17fb0_0;
    %pad/u 32;
    %pushi/vec4 1023, 0, 32;
    %and;
    %cast2;
    %store/vec4 v0x13ce18280_0, 0, 32;
    %pushi/vec4 0, 0, 1;
    %store/vec4 v0x13ce181e0_0, 0, 1;
    %pushi/vec4 0, 0, 32;
    %store/vec4 v0x13ce18070_0, 0, 32;
T_1.0 ;
    %load/vec4 v0x13ce181e0_0;
    %nor/r;
    %flag_set/vec4 9;
    %flag_get/vec4 9;
    %jmp/0 T_1.2, 9;
    %load/vec4 v0x13ce18070_0;
    %cmpi/s 100, 0, 32;
    %flag_get/vec4 5;
    %and;
T_1.2;
    %flag_set/vec4 8;
    %jmp/0xz T_1.1, 8;
    %load/vec4 v0x13ce18070_0;
    %addi 1, 0, 32;
    %store/vec4 v0x13ce18070_0, 0, 32;
T_1.3 ;
    %load/vec4 v0x13ce2e8b0_0;
    %nor/r;
    %flag_set/vec4 8;
    %jmp/0xz T_1.4, 8;
    %wait E_0x13ce177c0;
    %jmp T_1.3;
T_1.4 ;
    %wait E_0x13ce177c0;
    %pushi/vec4 1, 0, 1;
    %assign/vec4 v0x13ce2ece0_0, 0;
    %load/vec4 v0x13ce17fb0_0;
    %assign/vec4 v0x13ce2ec30_0, 0;
    %load/vec4 v0x13ce18120_0;
    %assign/vec4 v0x13ce2eb90_0, 0;
    %wait E_0x13ce177c0;
    %pushi/vec4 0, 0, 1;
    %assign/vec4 v0x13ce2ece0_0, 0;
    %pushi/vec4 0, 0, 16;
    %assign/vec4 v0x13ce2ec30_0, 0;
    %pushi/vec4 0, 0, 18;
    %assign/vec4 v0x13ce2eb90_0, 0;
    %wait E_0x13ce17f50;
    %load/vec4 v0x13ce2a440_0;
    %flag_set/vec4 8;
    %jmp/0xz  T_1.5, 8;
    %ix/getv/s 4, v0x13ce18280_0;
    %load/vec4a v0x13ce2f540, 4;
    %flag_set/vec4 8;
    %jmp/0xz  T_1.7, 8;
    %vpi_call/w 4 166 "$error", "[%0t] TB BUG: duplicate slot for pixel_addr 0x%0h (existing 0x%0h)", $time, v0x13ce17fb0_0, &A<v0x13ce2f4b0, v0x13ce18280_0 > {0 0 0};
    %load/vec4 v0x13ce2eea0_0;
    %addi 1, 0, 32;
    %store/vec4 v0x13ce2eea0_0, 0, 32;
T_1.7 ;
    %pushi/vec4 1, 0, 1;
    %ix/getv/s 4, v0x13ce18280_0;
    %store/vec4a v0x13ce2f540, 4, 0;
    %alloc S_0x13ce2e190;
    %load/vec4 v0x13ce18120_0;
    %store/vec4 v0x13ce2e5e0_0, 0, 18;
    %callf/vec4 TD_tb_cluster.xfer, S_0x13ce2e190;
    %free S_0x13ce2e190;
    %ix/getv/s 4, v0x13ce18280_0;
    %store/vec4a v0x13ce2f320, 4, 0;
    %load/vec4 v0x13ce17fb0_0;
    %ix/getv/s 4, v0x13ce18280_0;
    %store/vec4a v0x13ce2f4b0, 4, 0;
    %load/vec4 v0x13ce2ef50_0;
    %addi 1, 0, 32;
    %store/vec4 v0x13ce2ef50_0, 0, 32;
    %load/vec4 v0x13ce2ed90_0;
    %addi 1, 0, 32;
    %store/vec4 v0x13ce2ed90_0, 0, 32;
    %pushi/vec4 1, 0, 1;
    %store/vec4 v0x13ce181e0_0, 0, 1;
T_1.5 ;
    %jmp T_1.0;
T_1.1 ;
    %load/vec4 v0x13ce181e0_0;
    %nor/r;
    %flag_set/vec4 8;
    %jmp/0xz  T_1.9, 8;
    %vpi_call/w 4 180 "$error", "[%0t] do_dispatch giving up on addr 0x%0h", $time, v0x13ce17fb0_0 {0 0 0};
    %load/vec4 v0x13ce2eea0_0;
    %addi 1, 0, 32;
    %store/vec4 v0x13ce2eea0_0, 0, 32;
T_1.9 ;
    %end;
S_0x13ce18370 .scope module, "dut" "cluster" 4 61, 5 6 0, S_0x13ce06ba0;
 .timescale 0 0;
    .port_info 0 /INPUT 1 "clk";
    .port_info 1 /INPUT 1 "rst_n";
    .port_info 2 /INPUT 1 "disp_valid";
    .port_info 3 /INPUT 16 "disp_pixel_addr";
    .port_info 4 /INPUT 18 "disp_job_data";
    .port_info 5 /OUTPUT 1 "cluster_wants_job";
    .port_info 6 /OUTPUT 1 "result_valid";
    .port_info 7 /OUTPUT 16 "result_pixel_addr";
    .port_info 8 /OUTPUT 8 "result_data";
    .port_info 9 /INPUT 1 "result_ready";
P_0x13ce18570 .param/l "CLUSTER_SIZE" 0 5 7, +C4<00000000000000000000000000001000>;
P_0x13ce185b0 .param/l "FIFO_DEPTH" 1 5 121, +C4<00000000000000000000000000001000>;
P_0x13ce185f0 .param/l "FIFO_DW" 1 5 120, +C4<00000000000000000000000000011000>;
P_0x13ce18630 .param/l "JOB_DATA_W" 0 5 10, +C4<00000000000000000000000000010010>;
P_0x13ce18670 .param/l "LOCAL_IDX_W" 1 5 11, +C4<00000000000000000000000000000011>;
P_0x13ce186b0 .param/l "PIXEL_ADDR_W" 0 5 8, +C4<00000000000000000000000000010000>;
P_0x13ce186f0 .param/l "PIXEL_W" 0 5 9, +C4<00000000000000000000000000001000>;
L_0x13ce306f0 .functor AND 1, v0x13ce29bd0_0, v0x13ce28650_0, C4<1>, C4<1>;
L_0x13ce309e0 .functor BUFZ 16, L_0x13ce30ac0, C4<0000000000000000>, C4<0000000000000000>, C4<0000000000000000>;
L_0x13ce30e90 .functor AND 1, v0x13ce26790_0, L_0x13ce30db0, C4<1>, C4<1>;
L_0x13ce32360 .functor BUFZ 24, L_0x13ce31e60, C4<000000000000000000000000>, C4<000000000000000000000000>, C4<000000000000000000000000>;
L_0x13ce323d0 .functor AND 1, L_0x13ce31f50, v0x13ce2f150_0, C4<1>, C4<1>;
L_0x130040010 .functor BUFT 1, C4<00000000>, C4<0>, C4<0>, C4<0>;
v0x13ce28980_0 .net/2u *"_ivl_50", 7 0, L_0x130040010;  1 drivers
v0x13ce28a40_0 .net *"_ivl_56", 15 0, L_0x13ce30ac0;  1 drivers
v0x13ce28ae0_0 .net *"_ivl_58", 4 0, L_0x13ce30b60;  1 drivers
L_0x130040058 .functor BUFT 1, C4<00>, C4<0>, C4<0>, C4<0>;
v0x13ce28b90_0 .net *"_ivl_61", 1 0, L_0x130040058;  1 drivers
v0x13ce28c40_0 .net *"_ivl_65", 0 0, L_0x13ce30db0;  1 drivers
v0x13ce28d20_0 .net *"_ivl_68", 7 0, L_0x13ce30fc0;  1 drivers
v0x13ce28dd0_0 .net *"_ivl_70", 4 0, L_0x13ce30c80;  1 drivers
L_0x1300400a0 .functor BUFT 1, C4<00>, C4<0>, C4<0>, C4<0>;
v0x13ce28e80_0 .net *"_ivl_73", 1 0, L_0x1300400a0;  1 drivers
L_0x1300400e8 .functor BUFT 1, C4<00000000>, C4<0>, C4<0>, C4<0>;
v0x13ce28f30_0 .net/2u *"_ivl_76", 7 0, L_0x1300400e8;  1 drivers
v0x13ce29040_0 .net *"_ivl_86", 23 0, L_0x13ce32360;  1 drivers
v0x13ce290f0_0 .net "any_done", 0 0, v0x13ce26790_0;  1 drivers
v0x13ce291a0_0 .net "clk", 0 0, v0x13ce2e810_0;  1 drivers
v0x13ce29230_0 .var "cluster_wants_job", 0 0;
v0x13ce292c0_0 .net "core_done", 7 0, L_0x13ce304e0;  1 drivers
v0x13ce29350_0 .net "core_received", 7 0, L_0x13ce31060;  1 drivers
v0x13ce293e0 .array "core_result", 7 0;
v0x13ce293e0_0 .net v0x13ce293e0 0, 7 0, v0x13ce1a2e0_0; 1 drivers
v0x13ce293e0_1 .net v0x13ce293e0 1, 7 0, v0x13ce1bd80_0; 1 drivers
v0x13ce293e0_2 .net v0x13ce293e0 2, 7 0, v0x13ce1d850_0; 1 drivers
v0x13ce293e0_3 .net v0x13ce293e0 3, 7 0, v0x13ce1f2e0_0; 1 drivers
v0x13ce293e0_4 .net v0x13ce293e0 4, 7 0, v0x13ce20df0_0; 1 drivers
v0x13ce293e0_5 .net v0x13ce293e0 5, 7 0, v0x13ce228a0_0; 1 drivers
v0x13ce293e0_6 .net v0x13ce293e0 6, 7 0, v0x13ce24310_0; 1 drivers
v0x13ce293e0_7 .net v0x13ce293e0 7, 7 0, v0x13ce25d80_0; 1 drivers
v0x13ce295c0_0 .net "core_start", 7 0, L_0x13ce30940;  1 drivers
v0x13ce29750_0 .net "core_wants_job", 7 0, L_0x13ce30380;  1 drivers
v0x13ce29800_0 .net "disp_job_data", 17 0, v0x13ce2eb90_0;  1 drivers
v0x13ce29890_0 .var "disp_job_data_q", 17 0;
v0x13ce29a20_0 .net "disp_pixel_addr", 15 0, v0x13ce2ec30_0;  1 drivers
v0x13ce29ab0_0 .var "disp_pixel_addr_q", 15 0;
v0x13ce29b40_0 .net "disp_valid", 0 0, v0x13ce2ece0_0;  1 drivers
v0x13ce29bd0_0 .var "disp_valid_q", 0 0;
v0x13ce29c60_0 .net "done_onehot", 7 0, v0x13ce269b0_0;  1 drivers
v0x13ce29cf0_0 .net "done_winner_idx", 2 0, v0x13ce26840_0;  1 drivers
v0x13ce29d80_0 .net "fifo_empty", 0 0, L_0x13ce31450;  1 drivers
v0x13ce29e10_0 .net "fifo_full", 0 0, L_0x13ce31a00;  1 drivers
v0x13ce29ea0_0 .net "fifo_rd_data", 23 0, L_0x13ce31e60;  1 drivers
v0x13ce29f30_0 .net "fifo_rd_en", 0 0, L_0x13ce323d0;  1 drivers
v0x13ce29fc0_0 .net "fifo_wr_data", 23 0, L_0x13ce311a0;  1 drivers
v0x13ce2a070_0 .net "fifo_wr_en", 0 0, L_0x13ce30e90;  1 drivers
v0x13ce2a120_0 .net "local_any_free", 0 0, v0x13ce28650_0;  1 drivers
v0x13ce29670_0 .net "local_winner_idx", 2 0, v0x13ce28700_0;  1 drivers
v0x13ce2a3b0_0 .net "pa_rdata", 15 0, L_0x13ce309e0;  1 drivers
v0x13ce2a440_0 .net "pa_we", 0 0, L_0x13ce306f0;  1 drivers
v0x13ce2a4d0 .array "pixel_addr_mem", 7 0, 15 0;
v0x13ce2a560_0 .net "result_data", 7 0, L_0x13ce31300;  alias, 1 drivers
v0x13ce2a5f0_0 .net "result_pixel_addr", 15 0, L_0x13ce32110;  alias, 1 drivers
v0x13ce2a680_0 .net "result_ready", 0 0, v0x13ce2f150_0;  1 drivers
v0x13ce2a710_0 .net "result_valid", 0 0, L_0x13ce31f50;  alias, 1 drivers
v0x13ce2a7b0_0 .net "rst_n", 0 0, v0x13ce2f290_0;  1 drivers
v0x13ce2a840_0 .net "wants_onehot", 7 0, v0x13ce28870_0;  1 drivers
L_0x13ce2f5d0 .part L_0x13ce30940, 0, 1;
L_0x13ce2f690 .part L_0x13ce31060, 0, 1;
L_0x13ce2f730 .part L_0x13ce30940, 1, 1;
L_0x13ce2f810 .part L_0x13ce31060, 1, 1;
L_0x13ce2f910 .part L_0x13ce30940, 2, 1;
L_0x13ce2f9e0 .part L_0x13ce31060, 2, 1;
L_0x13ce2fa80 .part L_0x13ce30940, 3, 1;
L_0x13ce2fbc0 .part L_0x13ce31060, 3, 1;
L_0x13ce2fd00 .part L_0x13ce30940, 4, 1;
L_0x13ce2fdf0 .part L_0x13ce31060, 4, 1;
L_0x13ce2fe90 .part L_0x13ce30940, 5, 1;
L_0x13ce2ff90 .part L_0x13ce31060, 5, 1;
L_0x13ce30030 .part L_0x13ce30940, 6, 1;
L_0x13ce30140 .part L_0x13ce31060, 6, 1;
L_0x13ce301e0 .part L_0x13ce30940, 7, 1;
LS_0x13ce30380_0_0 .concat8 [ 1 1 1 1], v0x13ce1a1a0_0, v0x13ce1bc40_0, v0x13ce1d710_0, v0x13ce1f1a0_0;
LS_0x13ce30380_0_4 .concat8 [ 1 1 1 1], v0x13ce20cb0_0, v0x13ce22760_0, v0x13ce241d0_0, v0x13ce25c40_0;
L_0x13ce30380 .concat8 [ 4 4 0 0], LS_0x13ce30380_0_0, LS_0x13ce30380_0_4;
LS_0x13ce304e0_0_0 .concat8 [ 1 1 1 1], v0x13ce19f70_0, v0x13ce1ba20_0, v0x13ce1d510_0, v0x13ce1ef70_0;
LS_0x13ce304e0_0_4 .concat8 [ 1 1 1 1], v0x13ce20ad0_0, v0x13ce22530_0, v0x13ce23fa0_0, v0x13ce25a10_0;
L_0x13ce304e0 .concat8 [ 4 4 0 0], LS_0x13ce304e0_0_0, LS_0x13ce304e0_0_4;
L_0x13ce30780 .part L_0x13ce31060, 7, 1;
L_0x13ce30940 .functor MUXZ 8, L_0x130040010, v0x13ce28870_0, v0x13ce29bd0_0, C4<>;
L_0x13ce30ac0 .array/port v0x13ce2a4d0, L_0x13ce30b60;
L_0x13ce30b60 .concat [ 3 2 0 0], v0x13ce26840_0, L_0x130040058;
L_0x13ce30db0 .reduce/nor L_0x13ce31a00;
L_0x13ce30fc0 .array/port v0x13ce293e0, L_0x13ce30c80;
L_0x13ce30c80 .concat [ 3 2 0 0], v0x13ce26840_0, L_0x1300400a0;
L_0x13ce311a0 .concat [ 8 16 0 0], L_0x13ce30fc0, L_0x13ce309e0;
L_0x13ce31060 .functor MUXZ 8, L_0x1300400e8, v0x13ce269b0_0, L_0x13ce30e90, C4<>;
L_0x13ce31f50 .reduce/nor L_0x13ce31450;
L_0x13ce32110 .part L_0x13ce32360, 8, 16;
L_0x13ce31300 .part L_0x13ce32360, 0, 8;
S_0x13ce18ba0 .scope generate, "gen_cores[0]" "gen_cores[0]" 5 102, 5 102 0, S_0x13ce18370;
 .timescale 0 0;
P_0x13ce18d80 .param/l "g" 1 5 102, +C4<00>;
S_0x13ce18e20 .scope module, "u_core" "fractal_core" 5 106, 6 16 0, S_0x13ce18ba0;
 .timescale 0 0;
    .port_info 0 /INPUT 1 "clk";
    .port_info 1 /INPUT 1 "rst_n";
    .port_info 2 /INPUT 1 "live_data";
    .port_info 3 /INPUT 18 "data_in";
    .port_info 4 /OUTPUT 1 "ready";
    .port_info 5 /OUTPUT 1 "done";
    .port_info 6 /OUTPUT 8 "result";
    .port_info 7 /INPUT 1 "received";
P_0x13ce18f90 .param/l "JOB_DATA_W" 0 6 17, +C4<00000000000000000000000000010010>;
P_0x13ce18fd0 .param/l "LAT_MAX" 0 6 20, +C4<00000000000000000000000000110010>;
P_0x13ce19010 .param/l "LAT_MIN" 0 6 19, +C4<00000000000000000000000000000101>;
P_0x13ce19050 .param/l "PIXEL_W" 0 6 18, +C4<00000000000000000000000000001000>;
enum0x13cf56670 .enum4 (2)
   "S_IDLE" 2'b00,
   "S_BUSY" 2'b01,
   "S_DONE" 2'b10
 ;
v0x13ce19d50_0 .net "clk", 0 0, v0x13ce2e810_0;  alias, 1 drivers
v0x13ce19e00_0 .var "countdown", 31 0;
v0x13ce19eb0_0 .net "data_in", 17 0, v0x13ce29890_0;  1 drivers
v0x13ce19f70_0 .var "done", 0 0;
v0x13ce1a010_0 .var "latched_data", 17 0;
v0x13ce1a100_0 .net "live_data", 0 0, L_0x13ce2f5d0;  1 drivers
v0x13ce1a1a0_0 .var "ready", 0 0;
v0x13ce1a240_0 .net "received", 0 0, L_0x13ce2f690;  1 drivers
v0x13ce1a2e0_0 .var "result", 7 0;
v0x13ce1a3f0_0 .net "rst_n", 0 0, v0x13ce2f290_0;  alias, 1 drivers
v0x13ce1a490_0 .var/2u "seed", 31 0;
v0x13ce1a540_0 .var "state", 1 0;
E_0x13ce193b0/0 .event negedge, v0x13ce1a3f0_0;
E_0x13ce193b0/1 .event posedge, v0x13ce19d50_0;
E_0x13ce193b0 .event/or E_0x13ce193b0/0, E_0x13ce193b0/1;
S_0x13ce19410 .scope autofunction.vec2.s32, "next_latency" "next_latency" 6 56, 6 56 0, S_0x13ce18e20;
 .timescale 0 0;
; Variable next_latency is bool return value of scope S_0x13ce19410
v0x13ce196a0_0 .var/2u "span", 31 0;
TD_tb_cluster.dut.gen_cores\x5B0\x5D.u_core.next_latency ;
    %pushi/vec4 46, 0, 32;
    %store/vec4 v0x13ce196a0_0, 0, 32;
    %pushi/vec4 5, 0, 32;
    %vpi_func 6 59 "$urandom" 32, v0x13ce1a490_0 {0 0 0};
    %load/vec4 v0x13ce196a0_0;
    %mod;
    %add;
    %cast2;
    %ret/vec4 0, 0, 32;  Assign to next_latency (store_vec4_to_lval)
    %disable/flow S_0x13ce19410;
    %end;
S_0x13ce19740 .scope autofunction.vec4.s8, "xfer" "xfer" 6 43, 6 43 0, S_0x13ce18e20;
 .timescale 0 0;
v0x13ce19b20_0 .var "d", 17 0;
v0x13ce19be0_0 .var "r", 7 0;
; Variable xfer is vec4 return value of scope S_0x13ce19740
TD_tb_cluster.dut.gen_cores\x5B0\x5D.u_core.xfer ;
    %pushi/vec4 0, 0, 8;
    %store/vec4 v0x13ce19be0_0, 0, 8;
    %fork t_1, S_0x13ce198b0;
    %jmp t_0;
    .scope S_0x13ce198b0;
t_1 ;
    %pushi/vec4 0, 0, 32;
    %store/vec4 v0x13ce19a70_0, 0, 32;
T_3.11 ; Top of for-loop
    %load/vec4 v0x13ce19a70_0;
    %cmpi/s 18, 0, 32;
	  %jmp/0xz T_3.12, 5;
    ; show_stmt_assign_vector: Get l-value for compressed ^= operand
    %load/vec4 v0x13ce19be0_0;
    %load/vec4 v0x13ce19a70_0;
    %pushi/vec4 8, 0, 32;
    %mod/s;
    %dup/vec4;
    %ix/vec4 4;
    %flag_mov 8, 4;
    %part/u 1;
    %load/vec4 v0x13ce19b20_0;
    %load/vec4 v0x13ce19a70_0;
    %part/s 1;
    %xor;
    %flag_mov 4, 8;
    %store/vec4 v0x13ce19be0_0, 4, 1;
T_3.13 ; for-loop step statement
    ; show_stmt_assign_vector: Get l-value for compressed += operand
    %load/vec4 v0x13ce19a70_0;
    %pushi/vec4 1, 0, 32;
    %add;
    %cast2;
    %store/vec4 v0x13ce19a70_0, 0, 32;
    %jmp T_3.11;
T_3.12 ; for-loop exit label
    %end;
    .scope S_0x13ce19740;
t_0 %join;
    %load/vec4 v0x13ce19be0_0;
    %ret/vec4 0, 0, 8;  Assign to xfer (store_vec4_to_lval)
    %disable/flow S_0x13ce19740;
    %end;
S_0x13ce198b0 .scope autobegin, "$ivl_for_loop0" "$ivl_for_loop0" 6 46, 6 46 0, S_0x13ce19740;
 .timescale 0 0;
v0x13ce19a70_0 .var/2s "i", 31 0;
S_0x13ce1a670 .scope generate, "gen_cores[1]" "gen_cores[1]" 5 102, 5 102 0, S_0x13ce18370;
 .timescale 0 0;
P_0x13ce19270 .param/l "g" 1 5 102, +C4<01>;
S_0x13ce1a8a0 .scope module, "u_core" "fractal_core" 5 106, 6 16 0, S_0x13ce1a670;
 .timescale 0 0;
    .port_info 0 /INPUT 1 "clk";
    .port_info 1 /INPUT 1 "rst_n";
    .port_info 2 /INPUT 1 "live_data";
    .port_info 3 /INPUT 18 "data_in";
    .port_info 4 /OUTPUT 1 "ready";
    .port_info 5 /OUTPUT 1 "done";
    .port_info 6 /OUTPUT 8 "result";
    .port_info 7 /INPUT 1 "received";
P_0x13ce1aa60 .param/l "JOB_DATA_W" 0 6 17, +C4<00000000000000000000000000010010>;
P_0x13ce1aaa0 .param/l "LAT_MAX" 0 6 20, +C4<00000000000000000000000000110010>;
P_0x13ce1aae0 .param/l "LAT_MIN" 0 6 19, +C4<00000000000000000000000000000101>;
P_0x13ce1ab20 .param/l "PIXEL_W" 0 6 18, +C4<00000000000000000000000000001000>;
enum0x13cf57e70 .enum4 (2)
   "S_IDLE" 2'b00,
   "S_BUSY" 2'b01,
   "S_DONE" 2'b10
 ;
v0x13ce1b7f0_0 .net "clk", 0 0, v0x13ce2e810_0;  alias, 1 drivers
v0x13ce1b8b0_0 .var "countdown", 31 0;
v0x13ce1b950_0 .net "data_in", 17 0, v0x13ce29890_0;  alias, 1 drivers
v0x13ce1ba20_0 .var "done", 0 0;
v0x13ce1bab0_0 .var "latched_data", 17 0;
v0x13ce1bba0_0 .net "live_data", 0 0, L_0x13ce2f730;  1 drivers
v0x13ce1bc40_0 .var "ready", 0 0;
v0x13ce1bce0_0 .net "received", 0 0, L_0x13ce2f810;  1 drivers
v0x13ce1bd80_0 .var "result", 7 0;
v0x13ce1be90_0 .net "rst_n", 0 0, v0x13ce2f290_0;  alias, 1 drivers
v0x13ce1bf40_0 .var/2u "seed", 31 0;
v0x13ce1bfd0_0 .var "state", 1 0;
S_0x13ce1aeb0 .scope autofunction.vec2.s32, "next_latency" "next_latency" 6 56, 6 56 0, S_0x13ce1a8a0;
 .timescale 0 0;
; Variable next_latency is bool return value of scope S_0x13ce1aeb0
v0x13ce1b140_0 .var/2u "span", 31 0;
TD_tb_cluster.dut.gen_cores\x5B1\x5D.u_core.next_latency ;
    %pushi/vec4 46, 0, 32;
    %store/vec4 v0x13ce1b140_0, 0, 32;
    %pushi/vec4 5, 0, 32;
    %vpi_func 6 59 "$urandom" 32, v0x13ce1bf40_0 {0 0 0};
    %load/vec4 v0x13ce1b140_0;
    %mod;
    %add;
    %cast2;
    %ret/vec4 0, 0, 32;  Assign to next_latency (store_vec4_to_lval)
    %disable/flow S_0x13ce1aeb0;
    %end;
S_0x13ce1b1e0 .scope autofunction.vec4.s8, "xfer" "xfer" 6 43, 6 43 0, S_0x13ce1a8a0;
 .timescale 0 0;
v0x13ce1b5c0_0 .var "d", 17 0;
v0x13ce1b680_0 .var "r", 7 0;
; Variable xfer is vec4 return value of scope S_0x13ce1b1e0
TD_tb_cluster.dut.gen_cores\x5B1\x5D.u_core.xfer ;
    %pushi/vec4 0, 0, 8;
    %store/vec4 v0x13ce1b680_0, 0, 8;
    %fork t_3, S_0x13ce1b350;
    %jmp t_2;
    .scope S_0x13ce1b350;
t_3 ;
    %pushi/vec4 0, 0, 32;
    %store/vec4 v0x13ce1b510_0, 0, 32;
T_5.14 ; Top of for-loop
    %load/vec4 v0x13ce1b510_0;
    %cmpi/s 18, 0, 32;
	  %jmp/0xz T_5.15, 5;
    ; show_stmt_assign_vector: Get l-value for compressed ^= operand
    %load/vec4 v0x13ce1b680_0;
    %load/vec4 v0x13ce1b510_0;
    %pushi/vec4 8, 0, 32;
    %mod/s;
    %dup/vec4;
    %ix/vec4 4;
    %flag_mov 8, 4;
    %part/u 1;
    %load/vec4 v0x13ce1b5c0_0;
    %load/vec4 v0x13ce1b510_0;
    %part/s 1;
    %xor;
    %flag_mov 4, 8;
    %store/vec4 v0x13ce1b680_0, 4, 1;
T_5.16 ; for-loop step statement
    ; show_stmt_assign_vector: Get l-value for compressed += operand
    %load/vec4 v0x13ce1b510_0;
    %pushi/vec4 1, 0, 32;
    %add;
    %cast2;
    %store/vec4 v0x13ce1b510_0, 0, 32;
    %jmp T_5.14;
T_5.15 ; for-loop exit label
    %end;
    .scope S_0x13ce1b1e0;
t_2 %join;
    %load/vec4 v0x13ce1b680_0;
    %ret/vec4 0, 0, 8;  Assign to xfer (store_vec4_to_lval)
    %disable/flow S_0x13ce1b1e0;
    %end;
S_0x13ce1b350 .scope autobegin, "$ivl_for_loop0" "$ivl_for_loop0" 6 46, 6 46 0, S_0x13ce1b1e0;
 .timescale 0 0;
v0x13ce1b510_0 .var/2s "i", 31 0;
S_0x13ce1c110 .scope generate, "gen_cores[2]" "gen_cores[2]" 5 102, 5 102 0, S_0x13ce18370;
 .timescale 0 0;
P_0x13ce1ad60 .param/l "g" 1 5 102, +C4<010>;
S_0x13ce1c350 .scope module, "u_core" "fractal_core" 5 106, 6 16 0, S_0x13ce1c110;
 .timescale 0 0;
    .port_info 0 /INPUT 1 "clk";
    .port_info 1 /INPUT 1 "rst_n";
    .port_info 2 /INPUT 1 "live_data";
    .port_info 3 /INPUT 18 "data_in";
    .port_info 4 /OUTPUT 1 "ready";
    .port_info 5 /OUTPUT 1 "done";
    .port_info 6 /OUTPUT 8 "result";
    .port_info 7 /INPUT 1 "received";
P_0x13ce1c510 .param/l "JOB_DATA_W" 0 6 17, +C4<00000000000000000000000000010010>;
P_0x13ce1c550 .param/l "LAT_MAX" 0 6 20, +C4<00000000000000000000000000110010>;
P_0x13ce1c590 .param/l "LAT_MIN" 0 6 19, +C4<00000000000000000000000000000101>;
P_0x13ce1c5d0 .param/l "PIXEL_W" 0 6 18, +C4<00000000000000000000000000001000>;
enum0x13cf59670 .enum4 (2)
   "S_IDLE" 2'b00,
   "S_BUSY" 2'b01,
   "S_DONE" 2'b10
 ;
v0x13ce1d2a0_0 .net "clk", 0 0, v0x13ce2e810_0;  alias, 1 drivers
v0x13ce1d380_0 .var "countdown", 31 0;
v0x13ce1d420_0 .net "data_in", 17 0, v0x13ce29890_0;  alias, 1 drivers
v0x13ce1d510_0 .var "done", 0 0;
v0x13ce1d5a0_0 .var "latched_data", 17 0;
v0x13ce1d670_0 .net "live_data", 0 0, L_0x13ce2f910;  1 drivers
v0x13ce1d710_0 .var "ready", 0 0;
v0x13ce1d7b0_0 .net "received", 0 0, L_0x13ce2f9e0;  1 drivers
v0x13ce1d850_0 .var "result", 7 0;
v0x13ce1d960_0 .net "rst_n", 0 0, v0x13ce2f290_0;  alias, 1 drivers
v0x13ce1d9f0_0 .var/2u "seed", 31 0;
v0x13ce1daa0_0 .var "state", 1 0;
S_0x13ce1c960 .scope autofunction.vec2.s32, "next_latency" "next_latency" 6 56, 6 56 0, S_0x13ce1c350;
 .timescale 0 0;
; Variable next_latency is bool return value of scope S_0x13ce1c960
v0x13ce1cbf0_0 .var/2u "span", 31 0;
TD_tb_cluster.dut.gen_cores\x5B2\x5D.u_core.next_latency ;
    %pushi/vec4 46, 0, 32;
    %store/vec4 v0x13ce1cbf0_0, 0, 32;
    %pushi/vec4 5, 0, 32;
    %vpi_func 6 59 "$urandom" 32, v0x13ce1d9f0_0 {0 0 0};
    %load/vec4 v0x13ce1cbf0_0;
    %mod;
    %add;
    %cast2;
    %ret/vec4 0, 0, 32;  Assign to next_latency (store_vec4_to_lval)
    %disable/flow S_0x13ce1c960;
    %end;
S_0x13ce1cc90 .scope autofunction.vec4.s8, "xfer" "xfer" 6 43, 6 43 0, S_0x13ce1c350;
 .timescale 0 0;
v0x13ce1d070_0 .var "d", 17 0;
v0x13ce1d130_0 .var "r", 7 0;
; Variable xfer is vec4 return value of scope S_0x13ce1cc90
TD_tb_cluster.dut.gen_cores\x5B2\x5D.u_core.xfer ;
    %pushi/vec4 0, 0, 8;
    %store/vec4 v0x13ce1d130_0, 0, 8;
    %fork t_5, S_0x13ce1ce00;
    %jmp t_4;
    .scope S_0x13ce1ce00;
t_5 ;
    %pushi/vec4 0, 0, 32;
    %store/vec4 v0x13ce1cfc0_0, 0, 32;
T_7.17 ; Top of for-loop
    %load/vec4 v0x13ce1cfc0_0;
    %cmpi/s 18, 0, 32;
	  %jmp/0xz T_7.18, 5;
    ; show_stmt_assign_vector: Get l-value for compressed ^= operand
    %load/vec4 v0x13ce1d130_0;
    %load/vec4 v0x13ce1cfc0_0;
    %pushi/vec4 8, 0, 32;
    %mod/s;
    %dup/vec4;
    %ix/vec4 4;
    %flag_mov 8, 4;
    %part/u 1;
    %load/vec4 v0x13ce1d070_0;
    %load/vec4 v0x13ce1cfc0_0;
    %part/s 1;
    %xor;
    %flag_mov 4, 8;
    %store/vec4 v0x13ce1d130_0, 4, 1;
T_7.19 ; for-loop step statement
    ; show_stmt_assign_vector: Get l-value for compressed += operand
    %load/vec4 v0x13ce1cfc0_0;
    %pushi/vec4 1, 0, 32;
    %add;
    %cast2;
    %store/vec4 v0x13ce1cfc0_0, 0, 32;
    %jmp T_7.17;
T_7.18 ; for-loop exit label
    %end;
    .scope S_0x13ce1cc90;
t_4 %join;
    %load/vec4 v0x13ce1d130_0;
    %ret/vec4 0, 0, 8;  Assign to xfer (store_vec4_to_lval)
    %disable/flow S_0x13ce1cc90;
    %end;
S_0x13ce1ce00 .scope autobegin, "$ivl_for_loop0" "$ivl_for_loop0" 6 46, 6 46 0, S_0x13ce1cc90;
 .timescale 0 0;
v0x13ce1cfc0_0 .var/2s "i", 31 0;
S_0x13ce1dc10 .scope generate, "gen_cores[3]" "gen_cores[3]" 5 102, 5 102 0, S_0x13ce18370;
 .timescale 0 0;
P_0x13ce1c810 .param/l "g" 1 5 102, +C4<011>;
S_0x13ce1de20 .scope module, "u_core" "fractal_core" 5 106, 6 16 0, S_0x13ce1dc10;
 .timescale 0 0;
    .port_info 0 /INPUT 1 "clk";
    .port_info 1 /INPUT 1 "rst_n";
    .port_info 2 /INPUT 1 "live_data";
    .port_info 3 /INPUT 18 "data_in";
    .port_info 4 /OUTPUT 1 "ready";
    .port_info 5 /OUTPUT 1 "done";
    .port_info 6 /OUTPUT 8 "result";
    .port_info 7 /INPUT 1 "received";
P_0x13ce1dfe0 .param/l "JOB_DATA_W" 0 6 17, +C4<00000000000000000000000000010010>;
P_0x13ce1e020 .param/l "LAT_MAX" 0 6 20, +C4<00000000000000000000000000110010>;
P_0x13ce1e060 .param/l "LAT_MIN" 0 6 19, +C4<00000000000000000000000000000101>;
P_0x13ce1e0a0 .param/l "PIXEL_W" 0 6 18, +C4<00000000000000000000000000001000>;
enum0x13cf5ae80 .enum4 (2)
   "S_IDLE" 2'b00,
   "S_BUSY" 2'b01,
   "S_DONE" 2'b10
 ;
v0x13ce1ed70_0 .net "clk", 0 0, v0x13ce2e810_0;  alias, 1 drivers
v0x13ce1ee10_0 .var "countdown", 31 0;
v0x13ce1eec0_0 .net "data_in", 17 0, v0x13ce29890_0;  alias, 1 drivers
v0x13ce1ef70_0 .var "done", 0 0;
v0x13ce1f010_0 .var "latched_data", 17 0;
v0x13ce1f100_0 .net "live_data", 0 0, L_0x13ce2fa80;  1 drivers
v0x13ce1f1a0_0 .var "ready", 0 0;
v0x13ce1f240_0 .net "received", 0 0, L_0x13ce2fbc0;  1 drivers
v0x13ce1f2e0_0 .var "result", 7 0;
v0x13ce1f3f0_0 .net "rst_n", 0 0, v0x13ce2f290_0;  alias, 1 drivers
v0x13ce1f480_0 .var/2u "seed", 31 0;
v0x13ce1f530_0 .var "state", 1 0;
S_0x13ce1e430 .scope autofunction.vec2.s32, "next_latency" "next_latency" 6 56, 6 56 0, S_0x13ce1de20;
 .timescale 0 0;
; Variable next_latency is bool return value of scope S_0x13ce1e430
v0x13ce1e6c0_0 .var/2u "span", 31 0;
TD_tb_cluster.dut.gen_cores\x5B3\x5D.u_core.next_latency ;
    %pushi/vec4 46, 0, 32;
    %store/vec4 v0x13ce1e6c0_0, 0, 32;
    %pushi/vec4 5, 0, 32;
    %vpi_func 6 59 "$urandom" 32, v0x13ce1f480_0 {0 0 0};
    %load/vec4 v0x13ce1e6c0_0;
    %mod;
    %add;
    %cast2;
    %ret/vec4 0, 0, 32;  Assign to next_latency (store_vec4_to_lval)
    %disable/flow S_0x13ce1e430;
    %end;
S_0x13ce1e760 .scope autofunction.vec4.s8, "xfer" "xfer" 6 43, 6 43 0, S_0x13ce1de20;
 .timescale 0 0;
v0x13ce1eb40_0 .var "d", 17 0;
v0x13ce1ec00_0 .var "r", 7 0;
; Variable xfer is vec4 return value of scope S_0x13ce1e760
TD_tb_cluster.dut.gen_cores\x5B3\x5D.u_core.xfer ;
    %pushi/vec4 0, 0, 8;
    %store/vec4 v0x13ce1ec00_0, 0, 8;
    %fork t_7, S_0x13ce1e8d0;
    %jmp t_6;
    .scope S_0x13ce1e8d0;
t_7 ;
    %pushi/vec4 0, 0, 32;
    %store/vec4 v0x13ce1ea90_0, 0, 32;
T_9.20 ; Top of for-loop
    %load/vec4 v0x13ce1ea90_0;
    %cmpi/s 18, 0, 32;
	  %jmp/0xz T_9.21, 5;
    ; show_stmt_assign_vector: Get l-value for compressed ^= operand
    %load/vec4 v0x13ce1ec00_0;
    %load/vec4 v0x13ce1ea90_0;
    %pushi/vec4 8, 0, 32;
    %mod/s;
    %dup/vec4;
    %ix/vec4 4;
    %flag_mov 8, 4;
    %part/u 1;
    %load/vec4 v0x13ce1eb40_0;
    %load/vec4 v0x13ce1ea90_0;
    %part/s 1;
    %xor;
    %flag_mov 4, 8;
    %store/vec4 v0x13ce1ec00_0, 4, 1;
T_9.22 ; for-loop step statement
    ; show_stmt_assign_vector: Get l-value for compressed += operand
    %load/vec4 v0x13ce1ea90_0;
    %pushi/vec4 1, 0, 32;
    %add;
    %cast2;
    %store/vec4 v0x13ce1ea90_0, 0, 32;
    %jmp T_9.20;
T_9.21 ; for-loop exit label
    %end;
    .scope S_0x13ce1e760;
t_6 %join;
    %load/vec4 v0x13ce1ec00_0;
    %ret/vec4 0, 0, 8;  Assign to xfer (store_vec4_to_lval)
    %disable/flow S_0x13ce1e760;
    %end;
S_0x13ce1e8d0 .scope autobegin, "$ivl_for_loop0" "$ivl_for_loop0" 6 46, 6 46 0, S_0x13ce1e760;
 .timescale 0 0;
v0x13ce1ea90_0 .var/2s "i", 31 0;
S_0x13ce1f660 .scope generate, "gen_cores[4]" "gen_cores[4]" 5 102, 5 102 0, S_0x13ce18370;
 .timescale 0 0;
P_0x13ce1f830 .param/l "g" 1 5 102, +C4<0100>;
S_0x13ce1f8d0 .scope module, "u_core" "fractal_core" 5 106, 6 16 0, S_0x13ce1f660;
 .timescale 0 0;
    .port_info 0 /INPUT 1 "clk";
    .port_info 1 /INPUT 1 "rst_n";
    .port_info 2 /INPUT 1 "live_data";
    .port_info 3 /INPUT 18 "data_in";
    .port_info 4 /OUTPUT 1 "ready";
    .port_info 5 /OUTPUT 1 "done";
    .port_info 6 /OUTPUT 8 "result";
    .port_info 7 /INPUT 1 "received";
P_0x13ce1fa90 .param/l "JOB_DATA_W" 0 6 17, +C4<00000000000000000000000000010010>;
P_0x13ce1fad0 .param/l "LAT_MAX" 0 6 20, +C4<00000000000000000000000000110010>;
P_0x13ce1fb10 .param/l "LAT_MIN" 0 6 19, +C4<00000000000000000000000000000101>;
P_0x13ce1fb50 .param/l "PIXEL_W" 0 6 18, +C4<00000000000000000000000000001000>;
enum0x13cf5c6a0 .enum4 (2)
   "S_IDLE" 2'b00,
   "S_BUSY" 2'b01,
   "S_DONE" 2'b10
 ;
v0x13ce20800_0 .net "clk", 0 0, v0x13ce2e810_0;  alias, 1 drivers
v0x13ce20920_0 .var "countdown", 31 0;
v0x13ce209c0_0 .net "data_in", 17 0, v0x13ce29890_0;  alias, 1 drivers
v0x13ce20ad0_0 .var "done", 0 0;
v0x13ce20b60_0 .var "latched_data", 17 0;
v0x13ce20c10_0 .net "live_data", 0 0, L_0x13ce2fd00;  1 drivers
v0x13ce20cb0_0 .var "ready", 0 0;
v0x13ce20d50_0 .net "received", 0 0, L_0x13ce2fdf0;  1 drivers
v0x13ce20df0_0 .var "result", 7 0;
v0x13ce20f00_0 .net "rst_n", 0 0, v0x13ce2f290_0;  alias, 1 drivers
v0x13ce21010_0 .var/2u "seed", 31 0;
v0x13ce210a0_0 .var "state", 1 0;
S_0x13ce1fec0 .scope autofunction.vec2.s32, "next_latency" "next_latency" 6 56, 6 56 0, S_0x13ce1f8d0;
 .timescale 0 0;
; Variable next_latency is bool return value of scope S_0x13ce1fec0
v0x13ce20150_0 .var/2u "span", 31 0;
TD_tb_cluster.dut.gen_cores\x5B4\x5D.u_core.next_latency ;
    %pushi/vec4 46, 0, 32;
    %store/vec4 v0x13ce20150_0, 0, 32;
    %pushi/vec4 5, 0, 32;
    %vpi_func 6 59 "$urandom" 32, v0x13ce21010_0 {0 0 0};
    %load/vec4 v0x13ce20150_0;
    %mod;
    %add;
    %cast2;
    %ret/vec4 0, 0, 32;  Assign to next_latency (store_vec4_to_lval)
    %disable/flow S_0x13ce1fec0;
    %end;
S_0x13ce201f0 .scope autofunction.vec4.s8, "xfer" "xfer" 6 43, 6 43 0, S_0x13ce1f8d0;
 .timescale 0 0;
v0x13ce205d0_0 .var "d", 17 0;
v0x13ce20690_0 .var "r", 7 0;
; Variable xfer is vec4 return value of scope S_0x13ce201f0
TD_tb_cluster.dut.gen_cores\x5B4\x5D.u_core.xfer ;
    %pushi/vec4 0, 0, 8;
    %store/vec4 v0x13ce20690_0, 0, 8;
    %fork t_9, S_0x13ce20360;
    %jmp t_8;
    .scope S_0x13ce20360;
t_9 ;
    %pushi/vec4 0, 0, 32;
    %store/vec4 v0x13ce20520_0, 0, 32;
T_11.23 ; Top of for-loop
    %load/vec4 v0x13ce20520_0;
    %cmpi/s 18, 0, 32;
	  %jmp/0xz T_11.24, 5;
    ; show_stmt_assign_vector: Get l-value for compressed ^= operand
    %load/vec4 v0x13ce20690_0;
    %load/vec4 v0x13ce20520_0;
    %pushi/vec4 8, 0, 32;
    %mod/s;
    %dup/vec4;
    %ix/vec4 4;
    %flag_mov 8, 4;
    %part/u 1;
    %load/vec4 v0x13ce205d0_0;
    %load/vec4 v0x13ce20520_0;
    %part/s 1;
    %xor;
    %flag_mov 4, 8;
    %store/vec4 v0x13ce20690_0, 4, 1;
T_11.25 ; for-loop step statement
    ; show_stmt_assign_vector: Get l-value for compressed += operand
    %load/vec4 v0x13ce20520_0;
    %pushi/vec4 1, 0, 32;
    %add;
    %cast2;
    %store/vec4 v0x13ce20520_0, 0, 32;
    %jmp T_11.23;
T_11.24 ; for-loop exit label
    %end;
    .scope S_0x13ce201f0;
t_8 %join;
    %load/vec4 v0x13ce20690_0;
    %ret/vec4 0, 0, 8;  Assign to xfer (store_vec4_to_lval)
    %disable/flow S_0x13ce201f0;
    %end;
S_0x13ce20360 .scope autobegin, "$ivl_for_loop0" "$ivl_for_loop0" 6 46, 6 46 0, S_0x13ce201f0;
 .timescale 0 0;
v0x13ce20520_0 .var/2s "i", 31 0;
S_0x13ce211b0 .scope generate, "gen_cores[5]" "gen_cores[5]" 5 102, 5 102 0, S_0x13ce18370;
 .timescale 0 0;
P_0x13ce1fd70 .param/l "g" 1 5 102, +C4<0101>;
S_0x13ce213e0 .scope module, "u_core" "fractal_core" 5 106, 6 16 0, S_0x13ce211b0;
 .timescale 0 0;
    .port_info 0 /INPUT 1 "clk";
    .port_info 1 /INPUT 1 "rst_n";
    .port_info 2 /INPUT 1 "live_data";
    .port_info 3 /INPUT 18 "data_in";
    .port_info 4 /OUTPUT 1 "ready";
    .port_info 5 /OUTPUT 1 "done";
    .port_info 6 /OUTPUT 8 "result";
    .port_info 7 /INPUT 1 "received";
P_0x13ce215a0 .param/l "JOB_DATA_W" 0 6 17, +C4<00000000000000000000000000010010>;
P_0x13ce215e0 .param/l "LAT_MAX" 0 6 20, +C4<00000000000000000000000000110010>;
P_0x13ce21620 .param/l "LAT_MIN" 0 6 19, +C4<00000000000000000000000000000101>;
P_0x13ce21660 .param/l "PIXEL_W" 0 6 18, +C4<00000000000000000000000000001000>;
enum0x13cf5de70 .enum4 (2)
   "S_IDLE" 2'b00,
   "S_BUSY" 2'b01,
   "S_DONE" 2'b10
 ;
v0x13ce22330_0 .net "clk", 0 0, v0x13ce2e810_0;  alias, 1 drivers
v0x13ce223d0_0 .var "countdown", 31 0;
v0x13ce22480_0 .net "data_in", 17 0, v0x13ce29890_0;  alias, 1 drivers
v0x13ce22530_0 .var "done", 0 0;
v0x13ce225d0_0 .var "latched_data", 17 0;
v0x13ce226c0_0 .net "live_data", 0 0, L_0x13ce2fe90;  1 drivers
v0x13ce22760_0 .var "ready", 0 0;
v0x13ce22800_0 .net "received", 0 0, L_0x13ce2ff90;  1 drivers
v0x13ce228a0_0 .var "result", 7 0;
v0x13ce229b0_0 .net "rst_n", 0 0, v0x13ce2f290_0;  alias, 1 drivers
v0x13ce22a40_0 .var/2u "seed", 31 0;
v0x13ce22af0_0 .var "state", 1 0;
S_0x13ce219f0 .scope autofunction.vec2.s32, "next_latency" "next_latency" 6 56, 6 56 0, S_0x13ce213e0;
 .timescale 0 0;
; Variable next_latency is bool return value of scope S_0x13ce219f0
v0x13ce21c80_0 .var/2u "span", 31 0;
TD_tb_cluster.dut.gen_cores\x5B5\x5D.u_core.next_latency ;
    %pushi/vec4 46, 0, 32;
    %store/vec4 v0x13ce21c80_0, 0, 32;
    %pushi/vec4 5, 0, 32;
    %vpi_func 6 59 "$urandom" 32, v0x13ce22a40_0 {0 0 0};
    %load/vec4 v0x13ce21c80_0;
    %mod;
    %add;
    %cast2;
    %ret/vec4 0, 0, 32;  Assign to next_latency (store_vec4_to_lval)
    %disable/flow S_0x13ce219f0;
    %end;
S_0x13ce21d20 .scope autofunction.vec4.s8, "xfer" "xfer" 6 43, 6 43 0, S_0x13ce213e0;
 .timescale 0 0;
v0x13ce22100_0 .var "d", 17 0;
v0x13ce221c0_0 .var "r", 7 0;
; Variable xfer is vec4 return value of scope S_0x13ce21d20
TD_tb_cluster.dut.gen_cores\x5B5\x5D.u_core.xfer ;
    %pushi/vec4 0, 0, 8;
    %store/vec4 v0x13ce221c0_0, 0, 8;
    %fork t_11, S_0x13ce21e90;
    %jmp t_10;
    .scope S_0x13ce21e90;
t_11 ;
    %pushi/vec4 0, 0, 32;
    %store/vec4 v0x13ce22050_0, 0, 32;
T_13.26 ; Top of for-loop
    %load/vec4 v0x13ce22050_0;
    %cmpi/s 18, 0, 32;
	  %jmp/0xz T_13.27, 5;
    ; show_stmt_assign_vector: Get l-value for compressed ^= operand
    %load/vec4 v0x13ce221c0_0;
    %load/vec4 v0x13ce22050_0;
    %pushi/vec4 8, 0, 32;
    %mod/s;
    %dup/vec4;
    %ix/vec4 4;
    %flag_mov 8, 4;
    %part/u 1;
    %load/vec4 v0x13ce22100_0;
    %load/vec4 v0x13ce22050_0;
    %part/s 1;
    %xor;
    %flag_mov 4, 8;
    %store/vec4 v0x13ce221c0_0, 4, 1;
T_13.28 ; for-loop step statement
    ; show_stmt_assign_vector: Get l-value for compressed += operand
    %load/vec4 v0x13ce22050_0;
    %pushi/vec4 1, 0, 32;
    %add;
    %cast2;
    %store/vec4 v0x13ce22050_0, 0, 32;
    %jmp T_13.26;
T_13.27 ; for-loop exit label
    %end;
    .scope S_0x13ce21d20;
t_10 %join;
    %load/vec4 v0x13ce221c0_0;
    %ret/vec4 0, 0, 8;  Assign to xfer (store_vec4_to_lval)
    %disable/flow S_0x13ce21d20;
    %end;
S_0x13ce21e90 .scope autobegin, "$ivl_for_loop0" "$ivl_for_loop0" 6 46, 6 46 0, S_0x13ce21d20;
 .timescale 0 0;
v0x13ce22050_0 .var/2s "i", 31 0;
S_0x13ce22c20 .scope generate, "gen_cores[6]" "gen_cores[6]" 5 102, 5 102 0, S_0x13ce18370;
 .timescale 0 0;
P_0x13ce218a0 .param/l "g" 1 5 102, +C4<0110>;
S_0x13ce22e50 .scope module, "u_core" "fractal_core" 5 106, 6 16 0, S_0x13ce22c20;
 .timescale 0 0;
    .port_info 0 /INPUT 1 "clk";
    .port_info 1 /INPUT 1 "rst_n";
    .port_info 2 /INPUT 1 "live_data";
    .port_info 3 /INPUT 18 "data_in";
    .port_info 4 /OUTPUT 1 "ready";
    .port_info 5 /OUTPUT 1 "done";
    .port_info 6 /OUTPUT 8 "result";
    .port_info 7 /INPUT 1 "received";
P_0x13ce23010 .param/l "JOB_DATA_W" 0 6 17, +C4<00000000000000000000000000010010>;
P_0x13ce23050 .param/l "LAT_MAX" 0 6 20, +C4<00000000000000000000000000110010>;
P_0x13ce23090 .param/l "LAT_MIN" 0 6 19, +C4<00000000000000000000000000000101>;
P_0x13ce230d0 .param/l "PIXEL_W" 0 6 18, +C4<00000000000000000000000000001000>;
enum0x13cf5f680 .enum4 (2)
   "S_IDLE" 2'b00,
   "S_BUSY" 2'b01,
   "S_DONE" 2'b10
 ;
v0x13ce23da0_0 .net "clk", 0 0, v0x13ce2e810_0;  alias, 1 drivers
v0x13ce23e40_0 .var "countdown", 31 0;
v0x13ce23ef0_0 .net "data_in", 17 0, v0x13ce29890_0;  alias, 1 drivers
v0x13ce23fa0_0 .var "done", 0 0;
v0x13ce24040_0 .var "latched_data", 17 0;
v0x13ce24130_0 .net "live_data", 0 0, L_0x13ce30030;  1 drivers
v0x13ce241d0_0 .var "ready", 0 0;
v0x13ce24270_0 .net "received", 0 0, L_0x13ce30140;  1 drivers
v0x13ce24310_0 .var "result", 7 0;
v0x13ce24420_0 .net "rst_n", 0 0, v0x13ce2f290_0;  alias, 1 drivers
v0x13ce244b0_0 .var/2u "seed", 31 0;
v0x13ce24560_0 .var "state", 1 0;
S_0x13ce23460 .scope autofunction.vec2.s32, "next_latency" "next_latency" 6 56, 6 56 0, S_0x13ce22e50;
 .timescale 0 0;
; Variable next_latency is bool return value of scope S_0x13ce23460
v0x13ce236f0_0 .var/2u "span", 31 0;
TD_tb_cluster.dut.gen_cores\x5B6\x5D.u_core.next_latency ;
    %pushi/vec4 46, 0, 32;
    %store/vec4 v0x13ce236f0_0, 0, 32;
    %pushi/vec4 5, 0, 32;
    %vpi_func 6 59 "$urandom" 32, v0x13ce244b0_0 {0 0 0};
    %load/vec4 v0x13ce236f0_0;
    %mod;
    %add;
    %cast2;
    %ret/vec4 0, 0, 32;  Assign to next_latency (store_vec4_to_lval)
    %disable/flow S_0x13ce23460;
    %end;
S_0x13ce23790 .scope autofunction.vec4.s8, "xfer" "xfer" 6 43, 6 43 0, S_0x13ce22e50;
 .timescale 0 0;
v0x13ce23b70_0 .var "d", 17 0;
v0x13ce23c30_0 .var "r", 7 0;
; Variable xfer is vec4 return value of scope S_0x13ce23790
TD_tb_cluster.dut.gen_cores\x5B6\x5D.u_core.xfer ;
    %pushi/vec4 0, 0, 8;
    %store/vec4 v0x13ce23c30_0, 0, 8;
    %fork t_13, S_0x13ce23900;
    %jmp t_12;
    .scope S_0x13ce23900;
t_13 ;
    %pushi/vec4 0, 0, 32;
    %store/vec4 v0x13ce23ac0_0, 0, 32;
T_15.29 ; Top of for-loop
    %load/vec4 v0x13ce23ac0_0;
    %cmpi/s 18, 0, 32;
	  %jmp/0xz T_15.30, 5;
    ; show_stmt_assign_vector: Get l-value for compressed ^= operand
    %load/vec4 v0x13ce23c30_0;
    %load/vec4 v0x13ce23ac0_0;
    %pushi/vec4 8, 0, 32;
    %mod/s;
    %dup/vec4;
    %ix/vec4 4;
    %flag_mov 8, 4;
    %part/u 1;
    %load/vec4 v0x13ce23b70_0;
    %load/vec4 v0x13ce23ac0_0;
    %part/s 1;
    %xor;
    %flag_mov 4, 8;
    %store/vec4 v0x13ce23c30_0, 4, 1;
T_15.31 ; for-loop step statement
    ; show_stmt_assign_vector: Get l-value for compressed += operand
    %load/vec4 v0x13ce23ac0_0;
    %pushi/vec4 1, 0, 32;
    %add;
    %cast2;
    %store/vec4 v0x13ce23ac0_0, 0, 32;
    %jmp T_15.29;
T_15.30 ; for-loop exit label
    %end;
    .scope S_0x13ce23790;
t_12 %join;
    %load/vec4 v0x13ce23c30_0;
    %ret/vec4 0, 0, 8;  Assign to xfer (store_vec4_to_lval)
    %disable/flow S_0x13ce23790;
    %end;
S_0x13ce23900 .scope autobegin, "$ivl_for_loop0" "$ivl_for_loop0" 6 46, 6 46 0, S_0x13ce23790;
 .timescale 0 0;
v0x13ce23ac0_0 .var/2s "i", 31 0;
S_0x13ce24690 .scope generate, "gen_cores[7]" "gen_cores[7]" 5 102, 5 102 0, S_0x13ce18370;
 .timescale 0 0;
P_0x13ce23310 .param/l "g" 1 5 102, +C4<0111>;
S_0x13ce248c0 .scope module, "u_core" "fractal_core" 5 106, 6 16 0, S_0x13ce24690;
 .timescale 0 0;
    .port_info 0 /INPUT 1 "clk";
    .port_info 1 /INPUT 1 "rst_n";
    .port_info 2 /INPUT 1 "live_data";
    .port_info 3 /INPUT 18 "data_in";
    .port_info 4 /OUTPUT 1 "ready";
    .port_info 5 /OUTPUT 1 "done";
    .port_info 6 /OUTPUT 8 "result";
    .port_info 7 /INPUT 1 "received";
P_0x13ce24a80 .param/l "JOB_DATA_W" 0 6 17, +C4<00000000000000000000000000010010>;
P_0x13ce24ac0 .param/l "LAT_MAX" 0 6 20, +C4<00000000000000000000000000110010>;
P_0x13ce24b00 .param/l "LAT_MIN" 0 6 19, +C4<00000000000000000000000000000101>;
P_0x13ce24b40 .param/l "PIXEL_W" 0 6 18, +C4<00000000000000000000000000001000>;
enum0x13cf60e70 .enum4 (2)
   "S_IDLE" 2'b00,
   "S_BUSY" 2'b01,
   "S_DONE" 2'b10
 ;
v0x13ce25810_0 .net "clk", 0 0, v0x13ce2e810_0;  alias, 1 drivers
v0x13ce258b0_0 .var "countdown", 31 0;
v0x13ce25960_0 .net "data_in", 17 0, v0x13ce29890_0;  alias, 1 drivers
v0x13ce25a10_0 .var "done", 0 0;
v0x13ce25ab0_0 .var "latched_data", 17 0;
v0x13ce25ba0_0 .net "live_data", 0 0, L_0x13ce301e0;  1 drivers
v0x13ce25c40_0 .var "ready", 0 0;
v0x13ce25ce0_0 .net "received", 0 0, L_0x13ce30780;  1 drivers
v0x13ce25d80_0 .var "result", 7 0;
v0x13ce25e90_0 .net "rst_n", 0 0, v0x13ce2f290_0;  alias, 1 drivers
v0x13ce25f20_0 .var/2u "seed", 31 0;
v0x13ce25fd0_0 .var "state", 1 0;
S_0x13ce24ed0 .scope autofunction.vec2.s32, "next_latency" "next_latency" 6 56, 6 56 0, S_0x13ce248c0;
 .timescale 0 0;
; Variable next_latency is bool return value of scope S_0x13ce24ed0
v0x13ce25160_0 .var/2u "span", 31 0;
TD_tb_cluster.dut.gen_cores\x5B7\x5D.u_core.next_latency ;
    %pushi/vec4 46, 0, 32;
    %store/vec4 v0x13ce25160_0, 0, 32;
    %pushi/vec4 5, 0, 32;
    %vpi_func 6 59 "$urandom" 32, v0x13ce25f20_0 {0 0 0};
    %load/vec4 v0x13ce25160_0;
    %mod;
    %add;
    %cast2;
    %ret/vec4 0, 0, 32;  Assign to next_latency (store_vec4_to_lval)
    %disable/flow S_0x13ce24ed0;
    %end;
S_0x13ce25200 .scope autofunction.vec4.s8, "xfer" "xfer" 6 43, 6 43 0, S_0x13ce248c0;
 .timescale 0 0;
v0x13ce255e0_0 .var "d", 17 0;
v0x13ce256a0_0 .var "r", 7 0;
; Variable xfer is vec4 return value of scope S_0x13ce25200
TD_tb_cluster.dut.gen_cores\x5B7\x5D.u_core.xfer ;
    %pushi/vec4 0, 0, 8;
    %store/vec4 v0x13ce256a0_0, 0, 8;
    %fork t_15, S_0x13ce25370;
    %jmp t_14;
    .scope S_0x13ce25370;
t_15 ;
    %pushi/vec4 0, 0, 32;
    %store/vec4 v0x13ce25530_0, 0, 32;
T_17.32 ; Top of for-loop
    %load/vec4 v0x13ce25530_0;
    %cmpi/s 18, 0, 32;
	  %jmp/0xz T_17.33, 5;
    ; show_stmt_assign_vector: Get l-value for compressed ^= operand
    %load/vec4 v0x13ce256a0_0;
    %load/vec4 v0x13ce25530_0;
    %pushi/vec4 8, 0, 32;
    %mod/s;
    %dup/vec4;
    %ix/vec4 4;
    %flag_mov 8, 4;
    %part/u 1;
    %load/vec4 v0x13ce255e0_0;
    %load/vec4 v0x13ce25530_0;
    %part/s 1;
    %xor;
    %flag_mov 4, 8;
    %store/vec4 v0x13ce256a0_0, 4, 1;
T_17.34 ; for-loop step statement
    ; show_stmt_assign_vector: Get l-value for compressed += operand
    %load/vec4 v0x13ce25530_0;
    %pushi/vec4 1, 0, 32;
    %add;
    %cast2;
    %store/vec4 v0x13ce25530_0, 0, 32;
    %jmp T_17.32;
T_17.33 ; for-loop exit label
    %end;
    .scope S_0x13ce25200;
t_14 %join;
    %load/vec4 v0x13ce256a0_0;
    %ret/vec4 0, 0, 8;  Assign to xfer (store_vec4_to_lval)
    %disable/flow S_0x13ce25200;
    %end;
S_0x13ce25370 .scope autobegin, "$ivl_for_loop0" "$ivl_for_loop0" 6 46, 6 46 0, S_0x13ce25200;
 .timescale 0 0;
v0x13ce25530_0 .var/2s "i", 31 0;
S_0x13ce26100 .scope module, "u_done_enc" "priority_encoder" 5 91, 7 1 0, S_0x13ce18370;
 .timescale 0 0;
    .port_info 0 /INPUT 8 "core_bus";
    .port_info 1 /OUTPUT 8 "core_select";
    .port_info 2 /OUTPUT 3 "core_address";
    .port_info 3 /OUTPUT 1 "any_valid";
P_0x13ce26340 .param/l "ADDRESS_LEN" 1 7 3, +C4<00000000000000000000000000000011>;
P_0x13ce26380 .param/l "BUS_WIDTH" 0 7 2, +C4<00000000000000000000000000001000>;
v0x13ce26790_0 .var "any_valid", 0 0;
v0x13ce26840_0 .var "core_address", 2 0;
v0x13ce268f0_0 .net "core_bus", 7 0, L_0x13ce304e0;  alias, 1 drivers
v0x13ce269b0_0 .var "core_select", 7 0;
E_0x13ce264a0 .event anyedge, v0x13ce268f0_0;
S_0x13ce26500 .scope begin, "$ivl_for_loop1" "$ivl_for_loop1" 7 15, 7 15 0, S_0x13ce26100;
 .timescale 0 0;
v0x13ce266d0_0 .var/2s "i", 31 0;
S_0x13ce26ac0 .scope module, "u_result_fifo" "sync_fifo" 5 137, 8 8 0, S_0x13ce18370;
 .timescale 0 0;
    .port_info 0 /INPUT 1 "clk";
    .port_info 1 /INPUT 1 "rst_n";
    .port_info 2 /INPUT 1 "wr_en";
    .port_info 3 /INPUT 24 "wr_data";
    .port_info 4 /OUTPUT 1 "full";
    .port_info 5 /INPUT 1 "rd_en";
    .port_info 6 /OUTPUT 24 "rd_data";
    .port_info 7 /OUTPUT 1 "empty";
P_0x13ce26c80 .param/l "AW" 1 8 11, +C4<00000000000000000000000000000011>;
P_0x13ce26cc0 .param/l "DEPTH" 0 8 10, +C4<00000000000000000000000000001000>;
P_0x13ce26d00 .param/l "DW" 0 8 9, +C4<00000000000000000000000000011000>;
L_0x13ce316b0 .functor XOR 1, L_0x13ce31530, L_0x13ce315d0, C4<0>, C4<0>;
L_0x13ce31a00 .functor AND 1, L_0x13ce316b0, L_0x13ce318e0, C4<1>, C4<1>;
L_0x13ce31e60 .functor BUFZ 24, L_0x13ce31af0, C4<000000000000000000000000>, C4<000000000000000000000000>, C4<000000000000000000000000>;
v0x13ce27000_0 .net *"_ivl_11", 2 0, L_0x13ce31840;  1 drivers
v0x13ce270c0_0 .net *"_ivl_12", 0 0, L_0x13ce318e0;  1 drivers
v0x13ce27160_0 .net *"_ivl_16", 23 0, L_0x13ce31af0;  1 drivers
v0x13ce271f0_0 .net *"_ivl_19", 2 0, L_0x13ce31bd0;  1 drivers
v0x13ce27280_0 .net *"_ivl_20", 4 0, L_0x13ce31cf0;  1 drivers
L_0x130040130 .functor BUFT 1, C4<00>, C4<0>, C4<0>, C4<0>;
v0x13ce27350_0 .net *"_ivl_23", 1 0, L_0x130040130;  1 drivers
v0x13ce273f0_0 .net *"_ivl_3", 0 0, L_0x13ce31530;  1 drivers
v0x13ce274a0_0 .net *"_ivl_5", 0 0, L_0x13ce315d0;  1 drivers
v0x13ce27550_0 .net *"_ivl_6", 0 0, L_0x13ce316b0;  1 drivers
v0x13ce27660_0 .net *"_ivl_9", 2 0, L_0x13ce317a0;  1 drivers
v0x13ce27700_0 .net "clk", 0 0, v0x13ce2e810_0;  alias, 1 drivers
v0x13ce27890_0 .net "empty", 0 0, L_0x13ce31450;  alias, 1 drivers
v0x13ce27920_0 .net "full", 0 0, L_0x13ce31a00;  alias, 1 drivers
v0x13ce279b0 .array "mem", 7 0, 23 0;
v0x13ce27a40_0 .net "rd_data", 23 0, L_0x13ce31e60;  alias, 1 drivers
v0x13ce27ae0_0 .net "rd_en", 0 0, L_0x13ce323d0;  alias, 1 drivers
v0x13ce27b80_0 .var "rd_ptr", 3 0;
v0x13ce27d10_0 .net "rst_n", 0 0, v0x13ce2f290_0;  alias, 1 drivers
v0x13ce27ea0_0 .net "wr_data", 23 0, L_0x13ce311a0;  alias, 1 drivers
v0x13ce27f30_0 .net "wr_en", 0 0, L_0x13ce30e90;  alias, 1 drivers
v0x13ce27fc0_0 .var "wr_ptr", 3 0;
L_0x13ce31450 .cmp/eq 4, v0x13ce27fc0_0, v0x13ce27b80_0;
L_0x13ce31530 .part v0x13ce27fc0_0, 3, 1;
L_0x13ce315d0 .part v0x13ce27b80_0, 3, 1;
L_0x13ce317a0 .part v0x13ce27fc0_0, 0, 3;
L_0x13ce31840 .part v0x13ce27b80_0, 0, 3;
L_0x13ce318e0 .cmp/eq 3, L_0x13ce317a0, L_0x13ce31840;
L_0x13ce31af0 .array/port v0x13ce279b0, L_0x13ce31cf0;
L_0x13ce31bd0 .part v0x13ce27b80_0, 0, 3;
L_0x13ce31cf0 .concat [ 3 2 0 0], L_0x13ce31bd0, L_0x130040130;
S_0x13ce28080 .scope module, "u_wants_enc" "priority_encoder" 5 60, 7 1 0, S_0x13ce18370;
 .timescale 0 0;
    .port_info 0 /INPUT 8 "core_bus";
    .port_info 1 /OUTPUT 8 "core_select";
    .port_info 2 /OUTPUT 3 "core_address";
    .port_info 3 /OUTPUT 1 "any_valid";
P_0x13ce281f0 .param/l "ADDRESS_LEN" 1 7 3, +C4<00000000000000000000000000000011>;
P_0x13ce28230 .param/l "BUS_WIDTH" 0 7 2, +C4<00000000000000000000000000001000>;
v0x13ce28650_0 .var "any_valid", 0 0;
v0x13ce28700_0 .var "core_address", 2 0;
v0x13ce287b0_0 .net "core_bus", 7 0, L_0x13ce30380;  alias, 1 drivers
v0x13ce28870_0 .var "core_select", 7 0;
E_0x13ce28370 .event anyedge, v0x13ce287b0_0;
S_0x13ce283c0 .scope begin, "$ivl_for_loop1" "$ivl_for_loop1" 7 15, 7 15 0, S_0x13ce28080;
 .timescale 0 0;
v0x13ce28590_0 .var/2s "i", 31 0;
S_0x13ce2a9e0 .scope generate, "gen_check_core[0]" "gen_check_core[0]" 4 240, 4 240 0, S_0x13ce06ba0;
 .timescale -9 -12;
P_0x13ce2ab60 .param/l "g" 1 4 240, +C4<00>;
S_0x13ce2ac00 .scope generate, "gen_check_core[1]" "gen_check_core[1]" 4 240, 4 240 0, S_0x13ce06ba0;
 .timescale -9 -12;
P_0x13ce2adc0 .param/l "g" 1 4 240, +C4<01>;
S_0x13ce2ae60 .scope generate, "gen_check_core[2]" "gen_check_core[2]" 4 240, 4 240 0, S_0x13ce06ba0;
 .timescale -9 -12;
P_0x13ce2b020 .param/l "g" 1 4 240, +C4<010>;
S_0x13ce2b0c0 .scope generate, "gen_check_core[3]" "gen_check_core[3]" 4 240, 4 240 0, S_0x13ce06ba0;
 .timescale -9 -12;
P_0x13ce18530 .param/l "g" 1 4 240, +C4<011>;
S_0x13ce2b360 .scope generate, "gen_check_core[4]" "gen_check_core[4]" 4 240, 4 240 0, S_0x13ce06ba0;
 .timescale -9 -12;
P_0x13ce2b520 .param/l "g" 1 4 240, +C4<0100>;
S_0x13ce2b5c0 .scope generate, "gen_check_core[5]" "gen_check_core[5]" 4 240, 4 240 0, S_0x13ce06ba0;
 .timescale -9 -12;
P_0x13ce2b780 .param/l "g" 1 4 240, +C4<0101>;
S_0x13ce2b820 .scope generate, "gen_check_core[6]" "gen_check_core[6]" 4 240, 4 240 0, S_0x13ce06ba0;
 .timescale -9 -12;
P_0x13ce2b9e0 .param/l "g" 1 4 240, +C4<0110>;
S_0x13ce2ba80 .scope generate, "gen_check_core[7]" "gen_check_core[7]" 4 240, 4 240 0, S_0x13ce06ba0;
 .timescale -9 -12;
P_0x13ce2bc40 .param/l "g" 1 4 240, +C4<0111>;
S_0x13ce2bce0 .scope autotask, "reset_dut" "reset_dut" 4 270, 4 270 0, S_0x13ce06ba0;
 .timescale -9 -12;
TD_tb_cluster.reset_dut ;
    %pushi/vec4 0, 0, 1;
    %store/vec4 v0x13ce2f290_0, 0, 1;
    %pushi/vec4 0, 0, 1;
    %store/vec4 v0x13ce2ece0_0, 0, 1;
    %pushi/vec4 0, 0, 16;
    %store/vec4 v0x13ce2ec30_0, 0, 16;
    %pushi/vec4 0, 0, 18;
    %store/vec4 v0x13ce2eb90_0, 0, 18;
    %pushi/vec4 4, 0, 32;
T_18.35 %dup/vec4;
    %cmpi/s 0, 0, 32;
    %jmp/1xz T_18.36, 5;
    %jmp/1 T_18.36, 4;
    %subi 1, 0, 32;
    %wait E_0x13ce177c0;
    %jmp T_18.35;
T_18.36 ;
    %pop/vec4 1;
    %pushi/vec4 1, 0, 1;
    %store/vec4 v0x13ce2f290_0, 0, 1;
    %wait E_0x13ce177c0;
    %end;
S_0x13ce2bea0 .scope autotask, "sb_clear" "sb_clear" 4 100, 4 100 0, S_0x13ce06ba0;
 .timescale -9 -12;
TD_tb_cluster.sb_clear ;
    %fork t_17, S_0x13ce2c060;
    %jmp t_16;
    .scope S_0x13ce2c060;
t_17 ;
    %pushi/vec4 0, 0, 32;
    %store/vec4 v0x13ce2c220_0, 0, 32;
T_19.37 ; Top of for-loop
    %load/vec4 v0x13ce2c220_0;
    %cmpi/s 1024, 0, 32;
	  %jmp/0xz T_19.38, 5;
    %pushi/vec4 0, 0, 1;
    %ix/getv/s 4, v0x13ce2c220_0;
    %store/vec4a v0x13ce2f540, 4, 0;
    %pushi/vec4 0, 0, 8;
    %ix/getv/s 4, v0x13ce2c220_0;
    %store/vec4a v0x13ce2f320, 4, 0;
    %pushi/vec4 0, 0, 16;
    %ix/getv/s 4, v0x13ce2c220_0;
    %store/vec4a v0x13ce2f4b0, 4, 0;
T_19.39 ; for-loop step statement
    ; show_stmt_assign_vector: Get l-value for compressed += operand
    %load/vec4 v0x13ce2c220_0;
    %pushi/vec4 1, 0, 32;
    %add;
    %cast2;
    %store/vec4 v0x13ce2c220_0, 0, 32;
    %jmp T_19.37;
T_19.38 ; for-loop exit label
    %end;
    .scope S_0x13ce2bea0;
t_16 %join;
    %pushi/vec4 0, 0, 32;
    %store/vec4 v0x13ce2ef50_0, 0, 32;
    %end;
S_0x13ce2c060 .scope autobegin, "$ivl_for_loop2" "$ivl_for_loop2" 4 101, 4 101 0, S_0x13ce2bea0;
 .timescale -9 -12;
v0x13ce2c220_0 .var/2s "i", 31 0;
S_0x13ce2c2e0 .scope autotask, "test_backpressure" "test_backpressure" 4 348, 4 348 0, S_0x13ce06ba0;
 .timescale -9 -12;
v0x13ce2c730_0 .var/2s "held_cycles", 31 0;
TD_tb_cluster.test_backpressure ;
    %alloc S_0x13ce17b30;
    %pushi/str "backpressure";
    %store/str v0x13ce17cf0_0;
    %fork TD_tb_cluster.banner, S_0x13ce17b30;
    %join;
    %free S_0x13ce17b30;
    %pushi/vec4 0, 0, 1;
    %store/vec4 v0x13ce2ea20_0, 0, 1;
    %pushi/vec4 0, 0, 1;
    %store/vec4 v0x13ce2eab0_0, 0, 1;
    %fork t_19, S_0x13ce2c4a0;
    %jmp t_18;
    .scope S_0x13ce2c4a0;
t_19 ;
    %pushi/vec4 0, 0, 32;
    %store/vec4 v0x13ce2c670_0, 0, 32;
T_20.40 ; Top of for-loop
    %load/vec4 v0x13ce2c670_0;
    %cmpi/s 8, 0, 32;
	  %jmp/0xz T_20.41, 5;
    %alloc S_0x13ce17d90;
    %pushi/vec4 16384, 0, 16;
    %load/vec4 v0x13ce2c670_0;
    %parti/s 16, 0, 2;
    %add;
    %store/vec4 v0x13ce17fb0_0, 0, 16;
    %vpi_func 4 355 "$urandom" 32 {0 0 0};
    %pushi/vec4 262143, 0, 32;
    %and;
    %pad/u 18;
    %store/vec4 v0x13ce18120_0, 0, 18;
    %fork TD_tb_cluster.do_dispatch, S_0x13ce17d90;
    %join;
    %free S_0x13ce17d90;
T_20.42 ; for-loop step statement
    ; show_stmt_assign_vector: Get l-value for compressed += operand
    %load/vec4 v0x13ce2c670_0;
    %pushi/vec4 1, 0, 32;
    %add;
    %cast2;
    %store/vec4 v0x13ce2c670_0, 0, 32;
    %jmp T_20.40;
T_20.41 ; for-loop exit label
    %end;
    .scope S_0x13ce2c2e0;
t_18 %join;
    %pushi/vec4 200, 0, 32;
    %store/vec4 v0x13ce2c730_0, 0, 32;
    %load/vec4 v0x13ce2c730_0;
T_20.43 %dup/vec4;
    %cmpi/s 0, 0, 32;
    %jmp/1xz T_20.44, 5;
    %jmp/1 T_20.44, 4;
    %subi 1, 0, 32;
    %wait E_0x13ce177c0;
    %jmp T_20.43;
T_20.44 ;
    %pop/vec4 1;
    %vpi_call/w 4 360 "$display", " \342\206\222 held result_ready low for %0d cycles, outstanding=%0d", v0x13ce2c730_0, v0x13ce2ef50_0 {0 0 0};
    %pushi/vec4 1, 0, 1;
    %store/vec4 v0x13ce2ea20_0, 0, 1;
    %alloc S_0x13ce2dbd0;
    %pushi/vec4 5000, 0, 32;
    %store/vec4 v0x13ce2e0e0_0, 0, 32;
    %fork TD_tb_cluster.wait_idle, S_0x13ce2dbd0;
    %join;
    %free S_0x13ce2dbd0;
    %vpi_call/w 4 365 "$display", " \342\206\222 drained, collected=%0d", v0x13ce2e970_0 {0 0 0};
    %end;
S_0x13ce2c4a0 .scope autobegin, "$ivl_for_loop7" "$ivl_for_loop7" 4 354, 4 354 0, S_0x13ce2c2e0;
 .timescale -9 -12;
v0x13ce2c670_0 .var/2s "i", 31 0;
S_0x13ce2c7f0 .scope autotask, "test_random_stress" "test_random_stress" 4 389, 4 389 0, S_0x13ce06ba0;
 .timescale -9 -12;
v0x13ce2cd40_0 .var "addr", 15 0;
v0x13ce2ce00_0 .var/2s "gap", 31 0;
v0x13ce2cea0_0 .var/2s "n_jobs", 31 0;
TD_tb_cluster.test_random_stress ;
    %alloc S_0x13ce17b30;
    %pushi/str "random_stress";
    %store/str v0x13ce17cf0_0;
    %fork TD_tb_cluster.banner, S_0x13ce17b30;
    %join;
    %free S_0x13ce17b30;
    %pushi/vec4 1, 0, 1;
    %store/vec4 v0x13ce2ea20_0, 0, 1;
    %pushi/vec4 1, 0, 1;
    %store/vec4 v0x13ce2eab0_0, 0, 1;
    %pushi/vec4 200, 0, 32;
    %store/vec4 v0x13ce2cea0_0, 0, 32;
    %fork t_21, S_0x13ce2cab0;
    %jmp t_20;
    .scope S_0x13ce2cab0;
t_21 ;
    %pushi/vec4 0, 0, 32;
    %store/vec4 v0x13ce2cc80_0, 0, 32;
T_21.45 ; Top of for-loop
    %load/vec4 v0x13ce2cc80_0;
    %load/vec4 v0x13ce2cea0_0;
    %cmp/s;
	  %jmp/0xz T_21.46, 5;
    %pushi/vec4 32768, 0, 16;
    %load/vec4 v0x13ce2cc80_0;
    %parti/s 16, 0, 2;
    %add;
    %store/vec4 v0x13ce2cd40_0, 0, 16;
    %alloc S_0x13ce17d90;
    %load/vec4 v0x13ce2cd40_0;
    %store/vec4 v0x13ce17fb0_0, 0, 16;
    %vpi_func 4 400 "$urandom" 32 {0 0 0};
    %pushi/vec4 262143, 0, 32;
    %and;
    %pad/u 18;
    %store/vec4 v0x13ce18120_0, 0, 18;
    %fork TD_tb_cluster.do_dispatch, S_0x13ce17d90;
    %join;
    %free S_0x13ce17d90;
    %vpi_func 4 401 "$urandom_range" 32, 32'sb00000000000000000000000000000000, 32'sb00000000000000000000000000000011 {0 0 0};
    %cast2;
    %store/vec4 v0x13ce2ce00_0, 0, 32;
    %load/vec4 v0x13ce2ce00_0;
T_21.48 %dup/vec4;
    %cmpi/s 0, 0, 32;
    %jmp/1xz T_21.49, 5;
    %jmp/1 T_21.49, 4;
    %subi 1, 0, 32;
    %wait E_0x13ce177c0;
    %jmp T_21.48;
T_21.49 ;
    %pop/vec4 1;
T_21.47 ; for-loop step statement
    ; show_stmt_assign_vector: Get l-value for compressed += operand
    %load/vec4 v0x13ce2cc80_0;
    %pushi/vec4 1, 0, 32;
    %add;
    %cast2;
    %store/vec4 v0x13ce2cc80_0, 0, 32;
    %jmp T_21.45;
T_21.46 ; for-loop exit label
    %end;
    .scope S_0x13ce2c7f0;
t_20 %join;
    %alloc S_0x13ce2dbd0;
    %pushi/vec4 50000, 0, 32;
    %store/vec4 v0x13ce2e0e0_0, 0, 32;
    %fork TD_tb_cluster.wait_idle, S_0x13ce2dbd0;
    %join;
    %free S_0x13ce2dbd0;
    %vpi_call/w 4 405 "$display", " \342\206\222 random_stress: dispatched=%0d collected=%0d", v0x13ce2cea0_0, v0x13ce2e970_0 {0 0 0};
    %end;
S_0x13ce2cab0 .scope autobegin, "$ivl_for_loop8" "$ivl_for_loop8" 4 397, 4 397 0, S_0x13ce2c7f0;
 .timescale -9 -12;
v0x13ce2cc80_0 .var/2s "i", 31 0;
S_0x13ce2cf30 .scope autotask, "test_reset_midflight" "test_reset_midflight" 4 368, 4 368 0, S_0x13ce06ba0;
 .timescale -9 -12;
TD_tb_cluster.test_reset_midflight ;
    %alloc S_0x13ce17b30;
    %pushi/str "reset_midflight";
    %store/str v0x13ce17cf0_0;
    %fork TD_tb_cluster.banner, S_0x13ce17b30;
    %join;
    %free S_0x13ce17b30;
    %pushi/vec4 1, 0, 1;
    %store/vec4 v0x13ce2ea20_0, 0, 1;
    %pushi/vec4 0, 0, 1;
    %store/vec4 v0x13ce2eab0_0, 0, 1;
    %alloc S_0x13ce17d90;
    %pushi/vec4 20481, 0, 16;
    %store/vec4 v0x13ce17fb0_0, 0, 16;
    %pushi/vec4 69905, 0, 18;
    %store/vec4 v0x13ce18120_0, 0, 18;
    %fork TD_tb_cluster.do_dispatch, S_0x13ce17d90;
    %join;
    %free S_0x13ce17d90;
    %alloc S_0x13ce17d90;
    %pushi/vec4 20482, 0, 16;
    %store/vec4 v0x13ce17fb0_0, 0, 16;
    %pushi/vec4 139810, 0, 18;
    %store/vec4 v0x13ce18120_0, 0, 18;
    %fork TD_tb_cluster.do_dispatch, S_0x13ce17d90;
    %join;
    %free S_0x13ce17d90;
    %pushi/vec4 3, 0, 32;
T_22.50 %dup/vec4;
    %cmpi/s 0, 0, 32;
    %jmp/1xz T_22.51, 5;
    %jmp/1 T_22.51, 4;
    %subi 1, 0, 32;
    %wait E_0x13ce177c0;
    %jmp T_22.50;
T_22.51 ;
    %pop/vec4 1;
    %pushi/vec4 0, 0, 1;
    %store/vec4 v0x13ce2f290_0, 0, 1;
    %alloc S_0x13ce2bea0;
    %fork TD_tb_cluster.sb_clear, S_0x13ce2bea0;
    %join;
    %free S_0x13ce2bea0;
    %pushi/vec4 5, 0, 32;
T_22.52 %dup/vec4;
    %cmpi/s 0, 0, 32;
    %jmp/1xz T_22.53, 5;
    %jmp/1 T_22.53, 4;
    %subi 1, 0, 32;
    %wait E_0x13ce177c0;
    %jmp T_22.52;
T_22.53 ;
    %pop/vec4 1;
    %pushi/vec4 1, 0, 1;
    %store/vec4 v0x13ce2f290_0, 0, 1;
    %wait E_0x13ce177c0;
    %alloc S_0x13ce17d90;
    %pushi/vec4 20483, 0, 16;
    %store/vec4 v0x13ce17fb0_0, 0, 16;
    %pushi/vec4 209715, 0, 18;
    %store/vec4 v0x13ce18120_0, 0, 18;
    %fork TD_tb_cluster.do_dispatch, S_0x13ce17d90;
    %join;
    %free S_0x13ce17d90;
    %alloc S_0x13ce2dbd0;
    %pushi/vec4 5000, 0, 32;
    %store/vec4 v0x13ce2e0e0_0, 0, 32;
    %fork TD_tb_cluster.wait_idle, S_0x13ce2dbd0;
    %join;
    %free S_0x13ce2dbd0;
    %vpi_call/w 4 386 "$display", " \342\206\222 recovered from mid-flight reset, collected=%0d", v0x13ce2e970_0 {0 0 0};
    %end;
S_0x13ce2d0f0 .scope autotask, "test_saturate_then_drain" "test_saturate_then_drain" 4 321, 4 321 0, S_0x13ce06ba0;
 .timescale -9 -12;
v0x13ce2d500_0 .var/2s "n", 31 0;
TD_tb_cluster.test_saturate_then_drain ;
    %alloc S_0x13ce17b30;
    %pushi/str "saturate_then_drain";
    %store/str v0x13ce17cf0_0;
    %fork TD_tb_cluster.banner, S_0x13ce17b30;
    %join;
    %free S_0x13ce17b30;
    %pushi/vec4 1, 0, 1;
    %store/vec4 v0x13ce2ea20_0, 0, 1;
    %pushi/vec4 0, 0, 1;
    %store/vec4 v0x13ce2eab0_0, 0, 1;
    %pushi/vec4 8, 0, 32;
    %store/vec4 v0x13ce2d500_0, 0, 32;
    %fork t_23, S_0x13ce2d2b0;
    %jmp t_22;
    .scope S_0x13ce2d2b0;
t_23 ;
    %pushi/vec4 0, 0, 32;
    %store/vec4 v0x13ce2d470_0, 0, 32;
T_23.54 ; Top of for-loop
    %load/vec4 v0x13ce2d470_0;
    %load/vec4 v0x13ce2d500_0;
    %cmp/s;
	  %jmp/0xz T_23.55, 5;
    %alloc S_0x13ce17d90;
    %pushi/vec4 8192, 0, 16;
    %load/vec4 v0x13ce2d470_0;
    %parti/s 16, 0, 2;
    %add;
    %store/vec4 v0x13ce17fb0_0, 0, 16;
    %vpi_func 4 328 "$urandom" 32 {0 0 0};
    %pushi/vec4 262143, 0, 32;
    %and;
    %pad/u 18;
    %store/vec4 v0x13ce18120_0, 0, 18;
    %fork TD_tb_cluster.do_dispatch, S_0x13ce17d90;
    %join;
    %free S_0x13ce17d90;
T_23.56 ; for-loop step statement
    ; show_stmt_assign_vector: Get l-value for compressed += operand
    %load/vec4 v0x13ce2d470_0;
    %pushi/vec4 1, 0, 32;
    %add;
    %cast2;
    %store/vec4 v0x13ce2d470_0, 0, 32;
    %jmp T_23.54;
T_23.55 ; for-loop exit label
    %end;
    .scope S_0x13ce2d0f0;
t_22 %join;
    %alloc S_0x13ce2dbd0;
    %pushi/vec4 5000, 0, 32;
    %store/vec4 v0x13ce2e0e0_0, 0, 32;
    %fork TD_tb_cluster.wait_idle, S_0x13ce2dbd0;
    %join;
    %free S_0x13ce2dbd0;
    %vpi_call/w 4 331 "$display", " \342\206\222 dispatched=%0d collected=%0d", v0x13ce2d500_0, v0x13ce2e970_0 {0 0 0};
    %end;
S_0x13ce2d2b0 .scope autobegin, "$ivl_for_loop5" "$ivl_for_loop5" 4 327, 4 327 0, S_0x13ce2d0f0;
 .timescale -9 -12;
v0x13ce2d470_0 .var/2s "i", 31 0;
S_0x13ce2d5c0 .scope autotask, "test_simultaneous_completion" "test_simultaneous_completion" 4 334, 4 334 0, S_0x13ce06ba0;
 .timescale -9 -12;
TD_tb_cluster.test_simultaneous_completion ;
    %alloc S_0x13ce17b30;
    %pushi/str "simultaneous_completion";
    %store/str v0x13ce17cf0_0;
    %fork TD_tb_cluster.banner, S_0x13ce17b30;
    %join;
    %free S_0x13ce17b30;
    %pushi/vec4 1, 0, 1;
    %store/vec4 v0x13ce2ea20_0, 0, 1;
    %pushi/vec4 0, 0, 1;
    %store/vec4 v0x13ce2eab0_0, 0, 1;
    %fork t_25, S_0x13ce2d780;
    %jmp t_24;
    .scope S_0x13ce2d780;
t_25 ;
    %pushi/vec4 0, 0, 32;
    %store/vec4 v0x13ce2d950_0, 0, 32;
T_24.57 ; Top of for-loop
    %load/vec4 v0x13ce2d950_0;
    %cmpi/s 8, 0, 32;
	  %jmp/0xz T_24.58, 5;
    %alloc S_0x13ce17d90;
    %pushi/vec4 12288, 0, 16;
    %load/vec4 v0x13ce2d950_0;
    %parti/s 16, 0, 2;
    %add;
    %store/vec4 v0x13ce17fb0_0, 0, 16;
    %load/vec4 v0x13ce2d950_0;
    %parti/s 18, 0, 2;
    %store/vec4 v0x13ce18120_0, 0, 18;
    %fork TD_tb_cluster.do_dispatch, S_0x13ce17d90;
    %join;
    %free S_0x13ce17d90;
T_24.59 ; for-loop step statement
    ; show_stmt_assign_vector: Get l-value for compressed += operand
    %load/vec4 v0x13ce2d950_0;
    %pushi/vec4 1, 0, 32;
    %add;
    %cast2;
    %store/vec4 v0x13ce2d950_0, 0, 32;
    %jmp T_24.57;
T_24.58 ; for-loop exit label
    %end;
    .scope S_0x13ce2d5c0;
t_24 %join;
    %alloc S_0x13ce2dbd0;
    %pushi/vec4 5000, 0, 32;
    %store/vec4 v0x13ce2e0e0_0, 0, 32;
    %fork TD_tb_cluster.wait_idle, S_0x13ce2dbd0;
    %join;
    %free S_0x13ce2dbd0;
    %vpi_call/w 4 345 "$display", " \342\206\222 handled bursty completion, collected=%0d", v0x13ce2e970_0 {0 0 0};
    %end;
S_0x13ce2d780 .scope autobegin, "$ivl_for_loop6" "$ivl_for_loop6" 4 341, 4 341 0, S_0x13ce2d5c0;
 .timescale -9 -12;
v0x13ce2d950_0 .var/2s "i", 31 0;
S_0x13ce2da10 .scope autotask, "test_single_dispatch" "test_single_dispatch" 4 312, 4 312 0, S_0x13ce06ba0;
 .timescale -9 -12;
TD_tb_cluster.test_single_dispatch ;
    %alloc S_0x13ce17b30;
    %pushi/str "single_dispatch";
    %store/str v0x13ce17cf0_0;
    %fork TD_tb_cluster.banner, S_0x13ce17b30;
    %join;
    %free S_0x13ce17b30;
    %pushi/vec4 1, 0, 1;
    %store/vec4 v0x13ce2ea20_0, 0, 1;
    %pushi/vec4 0, 0, 1;
    %store/vec4 v0x13ce2eab0_0, 0, 1;
    %alloc S_0x13ce17d90;
    %pushi/vec4 4660, 0, 16;
    %store/vec4 v0x13ce17fb0_0, 0, 16;
    %pushi/vec4 179422, 0, 18;
    %store/vec4 v0x13ce18120_0, 0, 18;
    %fork TD_tb_cluster.do_dispatch, S_0x13ce17d90;
    %join;
    %free S_0x13ce17d90;
    %alloc S_0x13ce2dbd0;
    %pushi/vec4 5000, 0, 32;
    %store/vec4 v0x13ce2e0e0_0, 0, 32;
    %fork TD_tb_cluster.wait_idle, S_0x13ce2dbd0;
    %join;
    %free S_0x13ce2dbd0;
    %vpi_call/w 4 318 "$display", " \342\206\222 dispatched=%0d collected=%0d", v0x13ce2ed90_0, v0x13ce2e970_0 {0 0 0};
    %end;
S_0x13ce2dbd0 .scope autotask, "wait_idle" "wait_idle" 4 280, 4 280 0, S_0x13ce06ba0;
 .timescale -9 -12;
v0x13ce2e020_0 .var/2s "c", 31 0;
v0x13ce2e0e0_0 .var/2s "max_cycles", 31 0;
TD_tb_cluster.wait_idle ;
    %pushi/vec4 0, 0, 32;
    %store/vec4 v0x13ce2e020_0, 0, 32;
T_26.60 ;
    %load/vec4 v0x13ce2ef50_0;
    %cmpi/s 0, 0, 32;
    %flag_or 5, 4; GT is !LE
    %flag_inv 5;
    %flag_get/vec4 5;
    %jmp/0 T_26.62, 5;
    %load/vec4 v0x13ce2e020_0;
    %load/vec4 v0x13ce2e0e0_0;
    %cmp/s;
    %flag_get/vec4 5;
    %and;
T_26.62;
    %flag_set/vec4 8;
    %jmp/0xz T_26.61, 8;
    %wait E_0x13ce177c0;
    ; show_stmt_assign_vector: Get l-value for compressed += operand
    %load/vec4 v0x13ce2e020_0;
    %pushi/vec4 1, 0, 32;
    %add;
    %cast2;
    %store/vec4 v0x13ce2e020_0, 0, 32;
    %jmp T_26.60;
T_26.61 ;
    %load/vec4 v0x13ce2ef50_0;
    %cmpi/s 0, 0, 32;
    %flag_or 5, 4; GT is !LE
    %flag_inv 5;
    %jmp/0xz  T_26.63, 5;
    %vpi_call/w 4 288 "$error", "[%0t] wait_idle TIMED OUT, %0d outstanding", $time, v0x13ce2ef50_0 {0 0 0};
    %vpi_call/w 4 289 "$display", "       cluster_wants_job=%b  core_wants_job=%b  core_done=%b", v0x13ce2e8b0_0, v0x13ce29750_0, v0x13ce292c0_0 {0 0 0};
    %vpi_call/w 4 291 "$display", "       fifo_empty=%b fifo_full=%b result_valid=%b result_ready=%b", v0x13ce29d80_0, v0x13ce29e10_0, v0x13ce2f1e0_0, v0x13ce2f150_0 {0 0 0};
    %vpi_call/w 4 293 "$display", "       collector_enable=%b collector_random_ready=%b", v0x13ce2ea20_0, v0x13ce2eab0_0 {0 0 0};
    %fork t_27, S_0x13ce2dd90;
    %jmp t_26;
    .scope S_0x13ce2dd90;
t_27 ;
    %pushi/vec4 0, 0, 32;
    %store/vec4 v0x13ce2df60_0, 0, 32;
T_26.65 ; Top of for-loop
    %load/vec4 v0x13ce2df60_0;
    %cmpi/s 1024, 0, 32;
	  %jmp/0xz T_26.66, 5;
    %ix/getv/s 4, v0x13ce2df60_0;
    %load/vec4a v0x13ce2f540, 4;
    %flag_set/vec4 8;
    %jmp/0xz  T_26.68, 8;
    %vpi_call/w 4 296 "$display", "         outstanding slot %0d: addr=0x%0h", v0x13ce2df60_0, &A<v0x13ce2f4b0, v0x13ce2df60_0 > {0 0 0};
T_26.68 ;
T_26.67 ; for-loop step statement
    ; show_stmt_assign_vector: Get l-value for compressed += operand
    %load/vec4 v0x13ce2df60_0;
    %pushi/vec4 1, 0, 32;
    %add;
    %cast2;
    %store/vec4 v0x13ce2df60_0, 0, 32;
    %jmp T_26.65;
T_26.66 ; for-loop exit label
    %end;
    .scope S_0x13ce2dbd0;
t_26 %join;
    %load/vec4 v0x13ce2eea0_0;
    %addi 1, 0, 32;
    %store/vec4 v0x13ce2eea0_0, 0, 32;
T_26.63 ;
    %end;
S_0x13ce2dd90 .scope autobegin, "$ivl_for_loop4" "$ivl_for_loop4" 4 295, 4 295 0, S_0x13ce2dbd0;
 .timescale -9 -12;
v0x13ce2df60_0 .var/2s "i", 31 0;
S_0x13ce2e190 .scope autofunction.vec4.s8, "xfer" "xfer" 4 110, 4 110 0, S_0x13ce06ba0;
 .timescale -9 -12;
v0x13ce2e5e0_0 .var "d", 17 0;
v0x13ce2e6a0_0 .var "r", 7 0;
; Variable xfer is vec4 return value of scope S_0x13ce2e190
TD_tb_cluster.xfer ;
    %pushi/vec4 0, 0, 8;
    %store/vec4 v0x13ce2e6a0_0, 0, 8;
    %fork t_29, S_0x13ce2e350;
    %jmp t_28;
    .scope S_0x13ce2e350;
t_29 ;
    %pushi/vec4 0, 0, 32;
    %store/vec4 v0x13ce2e520_0, 0, 32;
T_27.70 ; Top of for-loop
    %load/vec4 v0x13ce2e520_0;
    %cmpi/s 18, 0, 32;
	  %jmp/0xz T_27.71, 5;
    ; show_stmt_assign_vector: Get l-value for compressed ^= operand
    %load/vec4 v0x13ce2e6a0_0;
    %load/vec4 v0x13ce2e520_0;
    %pushi/vec4 8, 0, 32;
    %mod/s;
    %dup/vec4;
    %ix/vec4 4;
    %flag_mov 8, 4;
    %part/u 1;
    %load/vec4 v0x13ce2e5e0_0;
    %load/vec4 v0x13ce2e520_0;
    %part/s 1;
    %xor;
    %flag_mov 4, 8;
    %store/vec4 v0x13ce2e6a0_0, 4, 1;
T_27.72 ; for-loop step statement
    ; show_stmt_assign_vector: Get l-value for compressed += operand
    %load/vec4 v0x13ce2e520_0;
    %pushi/vec4 1, 0, 32;
    %add;
    %cast2;
    %store/vec4 v0x13ce2e520_0, 0, 32;
    %jmp T_27.70;
T_27.71 ; for-loop exit label
    %end;
    .scope S_0x13ce2e190;
t_28 %join;
    %load/vec4 v0x13ce2e6a0_0;
    %ret/vec4 0, 0, 8;  Assign to xfer (store_vec4_to_lval)
    %disable/flow S_0x13ce2e190;
    %end;
S_0x13ce2e350 .scope autobegin, "$ivl_for_loop3" "$ivl_for_loop3" 4 113, 4 113 0, S_0x13ce2e190;
 .timescale -9 -12;
v0x13ce2e520_0 .var/2s "i", 31 0;
    .scope S_0x13ce06810;
T_28 ;
    %wait E_0x13ce06980;
    %load/vec4 v0x13ce174e0_0;
    %flag_set/vec4 8;
    %jmp/0xz  T_28.0, 8;
    %load/vec4 v0x13ce172b0_0;
    %load/vec4 v0x13ce071a0_0;
    %pad/u 5;
    %ix/vec4 3;
    %ix/load 4, 0, 0; Constant delay
    %assign/vec4/a/d v0x13ce17400, 0, 4;
T_28.0 ;
    %load/vec4 v0x13ce071a0_0;
    %pad/u 5;
    %ix/vec4 4;
    %load/vec4a v0x13ce17400, 4;
    %assign/vec4 v0x13ce17350_0, 0;
    %jmp T_28;
    .thread T_28;
    .scope S_0x13ce2a9e0;
T_29 ;
    %wait E_0x13ce177c0;
    %load/vec4 v0x13ce2f290_0;
    %flag_set/vec4 10;
    %flag_get/vec4 10;
    %jmp/0 T_29.3, 10;
    %load/vec4 v0x13ce1a1a0_0;
    %and;
T_29.3;
    %flag_set/vec4 9;
    %flag_get/vec4 9;
    %jmp/0 T_29.2, 9;
    %load/vec4 v0x13ce19f70_0;
    %and;
T_29.2;
    %flag_set/vec4 8;
    %jmp/0xz  T_29.0, 8;
    %vpi_call/w 4 245 "$error", "[%0t] core %0d violated !ready || !done", $time, P_0x13ce2ab60 {0 0 0};
    %load/vec4 v0x13ce2eea0_0;
    %addi 1, 0, 32;
    %store/vec4 v0x13ce2eea0_0, 0, 32;
T_29.0 ;
    %jmp T_29;
    .thread T_29;
    .scope S_0x13ce2ac00;
T_30 ;
    %wait E_0x13ce177c0;
    %load/vec4 v0x13ce2f290_0;
    %flag_set/vec4 10;
    %flag_get/vec4 10;
    %jmp/0 T_30.3, 10;
    %load/vec4 v0x13ce1bc40_0;
    %and;
T_30.3;
    %flag_set/vec4 9;
    %flag_get/vec4 9;
    %jmp/0 T_30.2, 9;
    %load/vec4 v0x13ce1ba20_0;
    %and;
T_30.2;
    %flag_set/vec4 8;
    %jmp/0xz  T_30.0, 8;
    %vpi_call/w 4 245 "$error", "[%0t] core %0d violated !ready || !done", $time, P_0x13ce2adc0 {0 0 0};
    %load/vec4 v0x13ce2eea0_0;
    %addi 1, 0, 32;
    %store/vec4 v0x13ce2eea0_0, 0, 32;
T_30.0 ;
    %jmp T_30;
    .thread T_30;
    .scope S_0x13ce2ae60;
T_31 ;
    %wait E_0x13ce177c0;
    %load/vec4 v0x13ce2f290_0;
    %flag_set/vec4 10;
    %flag_get/vec4 10;
    %jmp/0 T_31.3, 10;
    %load/vec4 v0x13ce1d710_0;
    %and;
T_31.3;
    %flag_set/vec4 9;
    %flag_get/vec4 9;
    %jmp/0 T_31.2, 9;
    %load/vec4 v0x13ce1d510_0;
    %and;
T_31.2;
    %flag_set/vec4 8;
    %jmp/0xz  T_31.0, 8;
    %vpi_call/w 4 245 "$error", "[%0t] core %0d violated !ready || !done", $time, P_0x13ce2b020 {0 0 0};
    %load/vec4 v0x13ce2eea0_0;
    %addi 1, 0, 32;
    %store/vec4 v0x13ce2eea0_0, 0, 32;
T_31.0 ;
    %jmp T_31;
    .thread T_31;
    .scope S_0x13ce2b0c0;
T_32 ;
    %wait E_0x13ce177c0;
    %load/vec4 v0x13ce2f290_0;
    %flag_set/vec4 10;
    %flag_get/vec4 10;
    %jmp/0 T_32.3, 10;
    %load/vec4 v0x13ce1f1a0_0;
    %and;
T_32.3;
    %flag_set/vec4 9;
    %flag_get/vec4 9;
    %jmp/0 T_32.2, 9;
    %load/vec4 v0x13ce1ef70_0;
    %and;
T_32.2;
    %flag_set/vec4 8;
    %jmp/0xz  T_32.0, 8;
    %vpi_call/w 4 245 "$error", "[%0t] core %0d violated !ready || !done", $time, P_0x13ce18530 {0 0 0};
    %load/vec4 v0x13ce2eea0_0;
    %addi 1, 0, 32;
    %store/vec4 v0x13ce2eea0_0, 0, 32;
T_32.0 ;
    %jmp T_32;
    .thread T_32;
    .scope S_0x13ce2b360;
T_33 ;
    %wait E_0x13ce177c0;
    %load/vec4 v0x13ce2f290_0;
    %flag_set/vec4 10;
    %flag_get/vec4 10;
    %jmp/0 T_33.3, 10;
    %load/vec4 v0x13ce20cb0_0;
    %and;
T_33.3;
    %flag_set/vec4 9;
    %flag_get/vec4 9;
    %jmp/0 T_33.2, 9;
    %load/vec4 v0x13ce20ad0_0;
    %and;
T_33.2;
    %flag_set/vec4 8;
    %jmp/0xz  T_33.0, 8;
    %vpi_call/w 4 245 "$error", "[%0t] core %0d violated !ready || !done", $time, P_0x13ce2b520 {0 0 0};
    %load/vec4 v0x13ce2eea0_0;
    %addi 1, 0, 32;
    %store/vec4 v0x13ce2eea0_0, 0, 32;
T_33.0 ;
    %jmp T_33;
    .thread T_33;
    .scope S_0x13ce2b5c0;
T_34 ;
    %wait E_0x13ce177c0;
    %load/vec4 v0x13ce2f290_0;
    %flag_set/vec4 10;
    %flag_get/vec4 10;
    %jmp/0 T_34.3, 10;
    %load/vec4 v0x13ce22760_0;
    %and;
T_34.3;
    %flag_set/vec4 9;
    %flag_get/vec4 9;
    %jmp/0 T_34.2, 9;
    %load/vec4 v0x13ce22530_0;
    %and;
T_34.2;
    %flag_set/vec4 8;
    %jmp/0xz  T_34.0, 8;
    %vpi_call/w 4 245 "$error", "[%0t] core %0d violated !ready || !done", $time, P_0x13ce2b780 {0 0 0};
    %load/vec4 v0x13ce2eea0_0;
    %addi 1, 0, 32;
    %store/vec4 v0x13ce2eea0_0, 0, 32;
T_34.0 ;
    %jmp T_34;
    .thread T_34;
    .scope S_0x13ce2b820;
T_35 ;
    %wait E_0x13ce177c0;
    %load/vec4 v0x13ce2f290_0;
    %flag_set/vec4 10;
    %flag_get/vec4 10;
    %jmp/0 T_35.3, 10;
    %load/vec4 v0x13ce241d0_0;
    %and;
T_35.3;
    %flag_set/vec4 9;
    %flag_get/vec4 9;
    %jmp/0 T_35.2, 9;
    %load/vec4 v0x13ce23fa0_0;
    %and;
T_35.2;
    %flag_set/vec4 8;
    %jmp/0xz  T_35.0, 8;
    %vpi_call/w 4 245 "$error", "[%0t] core %0d violated !ready || !done", $time, P_0x13ce2b9e0 {0 0 0};
    %load/vec4 v0x13ce2eea0_0;
    %addi 1, 0, 32;
    %store/vec4 v0x13ce2eea0_0, 0, 32;
T_35.0 ;
    %jmp T_35;
    .thread T_35;
    .scope S_0x13ce2ba80;
T_36 ;
    %wait E_0x13ce177c0;
    %load/vec4 v0x13ce2f290_0;
    %flag_set/vec4 10;
    %flag_get/vec4 10;
    %jmp/0 T_36.3, 10;
    %load/vec4 v0x13ce25c40_0;
    %and;
T_36.3;
    %flag_set/vec4 9;
    %flag_get/vec4 9;
    %jmp/0 T_36.2, 9;
    %load/vec4 v0x13ce25a10_0;
    %and;
T_36.2;
    %flag_set/vec4 8;
    %jmp/0xz  T_36.0, 8;
    %vpi_call/w 4 245 "$error", "[%0t] core %0d violated !ready || !done", $time, P_0x13ce2bc40 {0 0 0};
    %load/vec4 v0x13ce2eea0_0;
    %addi 1, 0, 32;
    %store/vec4 v0x13ce2eea0_0, 0, 32;
T_36.0 ;
    %jmp T_36;
    .thread T_36;
    .scope S_0x13ce18e20;
T_37 ;
    %vpi_func 6 53 "$urandom" 32 {0 0 0};
    %cast2;
    %store/vec4 v0x13ce1a490_0, 0, 32;
    %end;
    .thread T_37;
    .scope S_0x13ce18e20;
T_38 ;
    %wait E_0x13ce193b0;
    %load/vec4 v0x13ce1a3f0_0;
    %nor/r;
    %flag_set/vec4 8;
    %jmp/0xz  T_38.0, 8;
    %pushi/vec4 0, 0, 2;
    %assign/vec4 v0x13ce1a540_0, 0;
    %pushi/vec4 0, 0, 32;
    %assign/vec4 v0x13ce19e00_0, 0;
    %pushi/vec4 0, 0, 18;
    %assign/vec4 v0x13ce1a010_0, 0;
    %pushi/vec4 0, 0, 1;
    %assign/vec4 v0x13ce1a1a0_0, 0;
    %pushi/vec4 0, 0, 1;
    %assign/vec4 v0x13ce19f70_0, 0;
    %pushi/vec4 0, 0, 8;
    %assign/vec4 v0x13ce1a2e0_0, 0;
    %jmp T_38.1;
T_38.0 ;
    %load/vec4 v0x13ce1a540_0;
    %dup/vec4;
    %pushi/vec4 0, 0, 2;
    %cmp/u;
    %jmp/1 T_38.2, 6;
    %dup/vec4;
    %pushi/vec4 1, 0, 2;
    %cmp/u;
    %jmp/1 T_38.3, 6;
    %dup/vec4;
    %pushi/vec4 2, 0, 2;
    %cmp/u;
    %jmp/1 T_38.4, 6;
    %vpi_call/w 6 71 "$warning", "value is unhandled for priority or unique case statement" {0 0 0};
    %jmp T_38.5;
T_38.2 ;
    %pushi/vec4 1, 0, 1;
    %assign/vec4 v0x13ce1a1a0_0, 0;
    %load/vec4 v0x13ce1a100_0;
    %flag_set/vec4 8;
    %jmp/0xz  T_38.6, 8;
    %load/vec4 v0x13ce19eb0_0;
    %assign/vec4 v0x13ce1a010_0, 0;
    %alloc S_0x13ce19410;
    %callf/vec4 TD_tb_cluster.dut.gen_cores\x5B0\x5D.u_core.next_latency, S_0x13ce19410;
    %free S_0x13ce19410;
    %assign/vec4 v0x13ce19e00_0, 0;
    %pushi/vec4 0, 0, 1;
    %assign/vec4 v0x13ce1a1a0_0, 0;
    %pushi/vec4 1, 0, 2;
    %assign/vec4 v0x13ce1a540_0, 0;
T_38.6 ;
    %jmp T_38.5;
T_38.3 ;
    %load/vec4 v0x13ce19e00_0;
    %cmpi/u 1, 0, 32;
    %flag_or 5, 4;
    %jmp/0xz  T_38.8, 5;
    %alloc S_0x13ce19740;
    %load/vec4 v0x13ce1a010_0;
    %store/vec4 v0x13ce19b20_0, 0, 18;
    %callf/vec4 TD_tb_cluster.dut.gen_cores\x5B0\x5D.u_core.xfer, S_0x13ce19740;
    %free S_0x13ce19740;
    %assign/vec4 v0x13ce1a2e0_0, 0;
    %pushi/vec4 1, 0, 1;
    %assign/vec4 v0x13ce19f70_0, 0;
    %pushi/vec4 2, 0, 2;
    %assign/vec4 v0x13ce1a540_0, 0;
    %jmp T_38.9;
T_38.8 ;
    %load/vec4 v0x13ce19e00_0;
    %subi 1, 0, 32;
    %assign/vec4 v0x13ce19e00_0, 0;
T_38.9 ;
    %jmp T_38.5;
T_38.4 ;
    %load/vec4 v0x13ce1a240_0;
    %flag_set/vec4 8;
    %jmp/0xz  T_38.10, 8;
    %pushi/vec4 0, 0, 1;
    %assign/vec4 v0x13ce19f70_0, 0;
    %pushi/vec4 1, 0, 1;
    %assign/vec4 v0x13ce1a1a0_0, 0;
    %pushi/vec4 0, 0, 2;
    %assign/vec4 v0x13ce1a540_0, 0;
T_38.10 ;
    %jmp T_38.5;
T_38.5 ;
    %pop/vec4 1;
T_38.1 ;
    %jmp T_38;
    .thread T_38;
    .scope S_0x13ce1a8a0;
T_39 ;
    %vpi_func 6 53 "$urandom" 32 {0 0 0};
    %cast2;
    %store/vec4 v0x13ce1bf40_0, 0, 32;
    %end;
    .thread T_39;
    .scope S_0x13ce1a8a0;
T_40 ;
    %wait E_0x13ce193b0;
    %load/vec4 v0x13ce1be90_0;
    %nor/r;
    %flag_set/vec4 8;
    %jmp/0xz  T_40.0, 8;
    %pushi/vec4 0, 0, 2;
    %assign/vec4 v0x13ce1bfd0_0, 0;
    %pushi/vec4 0, 0, 32;
    %assign/vec4 v0x13ce1b8b0_0, 0;
    %pushi/vec4 0, 0, 18;
    %assign/vec4 v0x13ce1bab0_0, 0;
    %pushi/vec4 0, 0, 1;
    %assign/vec4 v0x13ce1bc40_0, 0;
    %pushi/vec4 0, 0, 1;
    %assign/vec4 v0x13ce1ba20_0, 0;
    %pushi/vec4 0, 0, 8;
    %assign/vec4 v0x13ce1bd80_0, 0;
    %jmp T_40.1;
T_40.0 ;
    %load/vec4 v0x13ce1bfd0_0;
    %dup/vec4;
    %pushi/vec4 0, 0, 2;
    %cmp/u;
    %jmp/1 T_40.2, 6;
    %dup/vec4;
    %pushi/vec4 1, 0, 2;
    %cmp/u;
    %jmp/1 T_40.3, 6;
    %dup/vec4;
    %pushi/vec4 2, 0, 2;
    %cmp/u;
    %jmp/1 T_40.4, 6;
    %vpi_call/w 6 71 "$warning", "value is unhandled for priority or unique case statement" {0 0 0};
    %jmp T_40.5;
T_40.2 ;
    %pushi/vec4 1, 0, 1;
    %assign/vec4 v0x13ce1bc40_0, 0;
    %load/vec4 v0x13ce1bba0_0;
    %flag_set/vec4 8;
    %jmp/0xz  T_40.6, 8;
    %load/vec4 v0x13ce1b950_0;
    %assign/vec4 v0x13ce1bab0_0, 0;
    %alloc S_0x13ce1aeb0;
    %callf/vec4 TD_tb_cluster.dut.gen_cores\x5B1\x5D.u_core.next_latency, S_0x13ce1aeb0;
    %free S_0x13ce1aeb0;
    %assign/vec4 v0x13ce1b8b0_0, 0;
    %pushi/vec4 0, 0, 1;
    %assign/vec4 v0x13ce1bc40_0, 0;
    %pushi/vec4 1, 0, 2;
    %assign/vec4 v0x13ce1bfd0_0, 0;
T_40.6 ;
    %jmp T_40.5;
T_40.3 ;
    %load/vec4 v0x13ce1b8b0_0;
    %cmpi/u 1, 0, 32;
    %flag_or 5, 4;
    %jmp/0xz  T_40.8, 5;
    %alloc S_0x13ce1b1e0;
    %load/vec4 v0x13ce1bab0_0;
    %store/vec4 v0x13ce1b5c0_0, 0, 18;
    %callf/vec4 TD_tb_cluster.dut.gen_cores\x5B1\x5D.u_core.xfer, S_0x13ce1b1e0;
    %free S_0x13ce1b1e0;
    %assign/vec4 v0x13ce1bd80_0, 0;
    %pushi/vec4 1, 0, 1;
    %assign/vec4 v0x13ce1ba20_0, 0;
    %pushi/vec4 2, 0, 2;
    %assign/vec4 v0x13ce1bfd0_0, 0;
    %jmp T_40.9;
T_40.8 ;
    %load/vec4 v0x13ce1b8b0_0;
    %subi 1, 0, 32;
    %assign/vec4 v0x13ce1b8b0_0, 0;
T_40.9 ;
    %jmp T_40.5;
T_40.4 ;
    %load/vec4 v0x13ce1bce0_0;
    %flag_set/vec4 8;
    %jmp/0xz  T_40.10, 8;
    %pushi/vec4 0, 0, 1;
    %assign/vec4 v0x13ce1ba20_0, 0;
    %pushi/vec4 1, 0, 1;
    %assign/vec4 v0x13ce1bc40_0, 0;
    %pushi/vec4 0, 0, 2;
    %assign/vec4 v0x13ce1bfd0_0, 0;
T_40.10 ;
    %jmp T_40.5;
T_40.5 ;
    %pop/vec4 1;
T_40.1 ;
    %jmp T_40;
    .thread T_40;
    .scope S_0x13ce1c350;
T_41 ;
    %vpi_func 6 53 "$urandom" 32 {0 0 0};
    %cast2;
    %store/vec4 v0x13ce1d9f0_0, 0, 32;
    %end;
    .thread T_41;
    .scope S_0x13ce1c350;
T_42 ;
    %wait E_0x13ce193b0;
    %load/vec4 v0x13ce1d960_0;
    %nor/r;
    %flag_set/vec4 8;
    %jmp/0xz  T_42.0, 8;
    %pushi/vec4 0, 0, 2;
    %assign/vec4 v0x13ce1daa0_0, 0;
    %pushi/vec4 0, 0, 32;
    %assign/vec4 v0x13ce1d380_0, 0;
    %pushi/vec4 0, 0, 18;
    %assign/vec4 v0x13ce1d5a0_0, 0;
    %pushi/vec4 0, 0, 1;
    %assign/vec4 v0x13ce1d710_0, 0;
    %pushi/vec4 0, 0, 1;
    %assign/vec4 v0x13ce1d510_0, 0;
    %pushi/vec4 0, 0, 8;
    %assign/vec4 v0x13ce1d850_0, 0;
    %jmp T_42.1;
T_42.0 ;
    %load/vec4 v0x13ce1daa0_0;
    %dup/vec4;
    %pushi/vec4 0, 0, 2;
    %cmp/u;
    %jmp/1 T_42.2, 6;
    %dup/vec4;
    %pushi/vec4 1, 0, 2;
    %cmp/u;
    %jmp/1 T_42.3, 6;
    %dup/vec4;
    %pushi/vec4 2, 0, 2;
    %cmp/u;
    %jmp/1 T_42.4, 6;
    %vpi_call/w 6 71 "$warning", "value is unhandled for priority or unique case statement" {0 0 0};
    %jmp T_42.5;
T_42.2 ;
    %pushi/vec4 1, 0, 1;
    %assign/vec4 v0x13ce1d710_0, 0;
    %load/vec4 v0x13ce1d670_0;
    %flag_set/vec4 8;
    %jmp/0xz  T_42.6, 8;
    %load/vec4 v0x13ce1d420_0;
    %assign/vec4 v0x13ce1d5a0_0, 0;
    %alloc S_0x13ce1c960;
    %callf/vec4 TD_tb_cluster.dut.gen_cores\x5B2\x5D.u_core.next_latency, S_0x13ce1c960;
    %free S_0x13ce1c960;
    %assign/vec4 v0x13ce1d380_0, 0;
    %pushi/vec4 0, 0, 1;
    %assign/vec4 v0x13ce1d710_0, 0;
    %pushi/vec4 1, 0, 2;
    %assign/vec4 v0x13ce1daa0_0, 0;
T_42.6 ;
    %jmp T_42.5;
T_42.3 ;
    %load/vec4 v0x13ce1d380_0;
    %cmpi/u 1, 0, 32;
    %flag_or 5, 4;
    %jmp/0xz  T_42.8, 5;
    %alloc S_0x13ce1cc90;
    %load/vec4 v0x13ce1d5a0_0;
    %store/vec4 v0x13ce1d070_0, 0, 18;
    %callf/vec4 TD_tb_cluster.dut.gen_cores\x5B2\x5D.u_core.xfer, S_0x13ce1cc90;
    %free S_0x13ce1cc90;
    %assign/vec4 v0x13ce1d850_0, 0;
    %pushi/vec4 1, 0, 1;
    %assign/vec4 v0x13ce1d510_0, 0;
    %pushi/vec4 2, 0, 2;
    %assign/vec4 v0x13ce1daa0_0, 0;
    %jmp T_42.9;
T_42.8 ;
    %load/vec4 v0x13ce1d380_0;
    %subi 1, 0, 32;
    %assign/vec4 v0x13ce1d380_0, 0;
T_42.9 ;
    %jmp T_42.5;
T_42.4 ;
    %load/vec4 v0x13ce1d7b0_0;
    %flag_set/vec4 8;
    %jmp/0xz  T_42.10, 8;
    %pushi/vec4 0, 0, 1;
    %assign/vec4 v0x13ce1d510_0, 0;
    %pushi/vec4 1, 0, 1;
    %assign/vec4 v0x13ce1d710_0, 0;
    %pushi/vec4 0, 0, 2;
    %assign/vec4 v0x13ce1daa0_0, 0;
T_42.10 ;
    %jmp T_42.5;
T_42.5 ;
    %pop/vec4 1;
T_42.1 ;
    %jmp T_42;
    .thread T_42;
    .scope S_0x13ce1de20;
T_43 ;
    %vpi_func 6 53 "$urandom" 32 {0 0 0};
    %cast2;
    %store/vec4 v0x13ce1f480_0, 0, 32;
    %end;
    .thread T_43;
    .scope S_0x13ce1de20;
T_44 ;
    %wait E_0x13ce193b0;
    %load/vec4 v0x13ce1f3f0_0;
    %nor/r;
    %flag_set/vec4 8;
    %jmp/0xz  T_44.0, 8;
    %pushi/vec4 0, 0, 2;
    %assign/vec4 v0x13ce1f530_0, 0;
    %pushi/vec4 0, 0, 32;
    %assign/vec4 v0x13ce1ee10_0, 0;
    %pushi/vec4 0, 0, 18;
    %assign/vec4 v0x13ce1f010_0, 0;
    %pushi/vec4 0, 0, 1;
    %assign/vec4 v0x13ce1f1a0_0, 0;
    %pushi/vec4 0, 0, 1;
    %assign/vec4 v0x13ce1ef70_0, 0;
    %pushi/vec4 0, 0, 8;
    %assign/vec4 v0x13ce1f2e0_0, 0;
    %jmp T_44.1;
T_44.0 ;
    %load/vec4 v0x13ce1f530_0;
    %dup/vec4;
    %pushi/vec4 0, 0, 2;
    %cmp/u;
    %jmp/1 T_44.2, 6;
    %dup/vec4;
    %pushi/vec4 1, 0, 2;
    %cmp/u;
    %jmp/1 T_44.3, 6;
    %dup/vec4;
    %pushi/vec4 2, 0, 2;
    %cmp/u;
    %jmp/1 T_44.4, 6;
    %vpi_call/w 6 71 "$warning", "value is unhandled for priority or unique case statement" {0 0 0};
    %jmp T_44.5;
T_44.2 ;
    %pushi/vec4 1, 0, 1;
    %assign/vec4 v0x13ce1f1a0_0, 0;
    %load/vec4 v0x13ce1f100_0;
    %flag_set/vec4 8;
    %jmp/0xz  T_44.6, 8;
    %load/vec4 v0x13ce1eec0_0;
    %assign/vec4 v0x13ce1f010_0, 0;
    %alloc S_0x13ce1e430;
    %callf/vec4 TD_tb_cluster.dut.gen_cores\x5B3\x5D.u_core.next_latency, S_0x13ce1e430;
    %free S_0x13ce1e430;
    %assign/vec4 v0x13ce1ee10_0, 0;
    %pushi/vec4 0, 0, 1;
    %assign/vec4 v0x13ce1f1a0_0, 0;
    %pushi/vec4 1, 0, 2;
    %assign/vec4 v0x13ce1f530_0, 0;
T_44.6 ;
    %jmp T_44.5;
T_44.3 ;
    %load/vec4 v0x13ce1ee10_0;
    %cmpi/u 1, 0, 32;
    %flag_or 5, 4;
    %jmp/0xz  T_44.8, 5;
    %alloc S_0x13ce1e760;
    %load/vec4 v0x13ce1f010_0;
    %store/vec4 v0x13ce1eb40_0, 0, 18;
    %callf/vec4 TD_tb_cluster.dut.gen_cores\x5B3\x5D.u_core.xfer, S_0x13ce1e760;
    %free S_0x13ce1e760;
    %assign/vec4 v0x13ce1f2e0_0, 0;
    %pushi/vec4 1, 0, 1;
    %assign/vec4 v0x13ce1ef70_0, 0;
    %pushi/vec4 2, 0, 2;
    %assign/vec4 v0x13ce1f530_0, 0;
    %jmp T_44.9;
T_44.8 ;
    %load/vec4 v0x13ce1ee10_0;
    %subi 1, 0, 32;
    %assign/vec4 v0x13ce1ee10_0, 0;
T_44.9 ;
    %jmp T_44.5;
T_44.4 ;
    %load/vec4 v0x13ce1f240_0;
    %flag_set/vec4 8;
    %jmp/0xz  T_44.10, 8;
    %pushi/vec4 0, 0, 1;
    %assign/vec4 v0x13ce1ef70_0, 0;
    %pushi/vec4 1, 0, 1;
    %assign/vec4 v0x13ce1f1a0_0, 0;
    %pushi/vec4 0, 0, 2;
    %assign/vec4 v0x13ce1f530_0, 0;
T_44.10 ;
    %jmp T_44.5;
T_44.5 ;
    %pop/vec4 1;
T_44.1 ;
    %jmp T_44;
    .thread T_44;
    .scope S_0x13ce1f8d0;
T_45 ;
    %vpi_func 6 53 "$urandom" 32 {0 0 0};
    %cast2;
    %store/vec4 v0x13ce21010_0, 0, 32;
    %end;
    .thread T_45;
    .scope S_0x13ce1f8d0;
T_46 ;
    %wait E_0x13ce193b0;
    %load/vec4 v0x13ce20f00_0;
    %nor/r;
    %flag_set/vec4 8;
    %jmp/0xz  T_46.0, 8;
    %pushi/vec4 0, 0, 2;
    %assign/vec4 v0x13ce210a0_0, 0;
    %pushi/vec4 0, 0, 32;
    %assign/vec4 v0x13ce20920_0, 0;
    %pushi/vec4 0, 0, 18;
    %assign/vec4 v0x13ce20b60_0, 0;
    %pushi/vec4 0, 0, 1;
    %assign/vec4 v0x13ce20cb0_0, 0;
    %pushi/vec4 0, 0, 1;
    %assign/vec4 v0x13ce20ad0_0, 0;
    %pushi/vec4 0, 0, 8;
    %assign/vec4 v0x13ce20df0_0, 0;
    %jmp T_46.1;
T_46.0 ;
    %load/vec4 v0x13ce210a0_0;
    %dup/vec4;
    %pushi/vec4 0, 0, 2;
    %cmp/u;
    %jmp/1 T_46.2, 6;
    %dup/vec4;
    %pushi/vec4 1, 0, 2;
    %cmp/u;
    %jmp/1 T_46.3, 6;
    %dup/vec4;
    %pushi/vec4 2, 0, 2;
    %cmp/u;
    %jmp/1 T_46.4, 6;
    %vpi_call/w 6 71 "$warning", "value is unhandled for priority or unique case statement" {0 0 0};
    %jmp T_46.5;
T_46.2 ;
    %pushi/vec4 1, 0, 1;
    %assign/vec4 v0x13ce20cb0_0, 0;
    %load/vec4 v0x13ce20c10_0;
    %flag_set/vec4 8;
    %jmp/0xz  T_46.6, 8;
    %load/vec4 v0x13ce209c0_0;
    %assign/vec4 v0x13ce20b60_0, 0;
    %alloc S_0x13ce1fec0;
    %callf/vec4 TD_tb_cluster.dut.gen_cores\x5B4\x5D.u_core.next_latency, S_0x13ce1fec0;
    %free S_0x13ce1fec0;
    %assign/vec4 v0x13ce20920_0, 0;
    %pushi/vec4 0, 0, 1;
    %assign/vec4 v0x13ce20cb0_0, 0;
    %pushi/vec4 1, 0, 2;
    %assign/vec4 v0x13ce210a0_0, 0;
T_46.6 ;
    %jmp T_46.5;
T_46.3 ;
    %load/vec4 v0x13ce20920_0;
    %cmpi/u 1, 0, 32;
    %flag_or 5, 4;
    %jmp/0xz  T_46.8, 5;
    %alloc S_0x13ce201f0;
    %load/vec4 v0x13ce20b60_0;
    %store/vec4 v0x13ce205d0_0, 0, 18;
    %callf/vec4 TD_tb_cluster.dut.gen_cores\x5B4\x5D.u_core.xfer, S_0x13ce201f0;
    %free S_0x13ce201f0;
    %assign/vec4 v0x13ce20df0_0, 0;
    %pushi/vec4 1, 0, 1;
    %assign/vec4 v0x13ce20ad0_0, 0;
    %pushi/vec4 2, 0, 2;
    %assign/vec4 v0x13ce210a0_0, 0;
    %jmp T_46.9;
T_46.8 ;
    %load/vec4 v0x13ce20920_0;
    %subi 1, 0, 32;
    %assign/vec4 v0x13ce20920_0, 0;
T_46.9 ;
    %jmp T_46.5;
T_46.4 ;
    %load/vec4 v0x13ce20d50_0;
    %flag_set/vec4 8;
    %jmp/0xz  T_46.10, 8;
    %pushi/vec4 0, 0, 1;
    %assign/vec4 v0x13ce20ad0_0, 0;
    %pushi/vec4 1, 0, 1;
    %assign/vec4 v0x13ce20cb0_0, 0;
    %pushi/vec4 0, 0, 2;
    %assign/vec4 v0x13ce210a0_0, 0;
T_46.10 ;
    %jmp T_46.5;
T_46.5 ;
    %pop/vec4 1;
T_46.1 ;
    %jmp T_46;
    .thread T_46;
    .scope S_0x13ce213e0;
T_47 ;
    %vpi_func 6 53 "$urandom" 32 {0 0 0};
    %cast2;
    %store/vec4 v0x13ce22a40_0, 0, 32;
    %end;
    .thread T_47;
    .scope S_0x13ce213e0;
T_48 ;
    %wait E_0x13ce193b0;
    %load/vec4 v0x13ce229b0_0;
    %nor/r;
    %flag_set/vec4 8;
    %jmp/0xz  T_48.0, 8;
    %pushi/vec4 0, 0, 2;
    %assign/vec4 v0x13ce22af0_0, 0;
    %pushi/vec4 0, 0, 32;
    %assign/vec4 v0x13ce223d0_0, 0;
    %pushi/vec4 0, 0, 18;
    %assign/vec4 v0x13ce225d0_0, 0;
    %pushi/vec4 0, 0, 1;
    %assign/vec4 v0x13ce22760_0, 0;
    %pushi/vec4 0, 0, 1;
    %assign/vec4 v0x13ce22530_0, 0;
    %pushi/vec4 0, 0, 8;
    %assign/vec4 v0x13ce228a0_0, 0;
    %jmp T_48.1;
T_48.0 ;
    %load/vec4 v0x13ce22af0_0;
    %dup/vec4;
    %pushi/vec4 0, 0, 2;
    %cmp/u;
    %jmp/1 T_48.2, 6;
    %dup/vec4;
    %pushi/vec4 1, 0, 2;
    %cmp/u;
    %jmp/1 T_48.3, 6;
    %dup/vec4;
    %pushi/vec4 2, 0, 2;
    %cmp/u;
    %jmp/1 T_48.4, 6;
    %vpi_call/w 6 71 "$warning", "value is unhandled for priority or unique case statement" {0 0 0};
    %jmp T_48.5;
T_48.2 ;
    %pushi/vec4 1, 0, 1;
    %assign/vec4 v0x13ce22760_0, 0;
    %load/vec4 v0x13ce226c0_0;
    %flag_set/vec4 8;
    %jmp/0xz  T_48.6, 8;
    %load/vec4 v0x13ce22480_0;
    %assign/vec4 v0x13ce225d0_0, 0;
    %alloc S_0x13ce219f0;
    %callf/vec4 TD_tb_cluster.dut.gen_cores\x5B5\x5D.u_core.next_latency, S_0x13ce219f0;
    %free S_0x13ce219f0;
    %assign/vec4 v0x13ce223d0_0, 0;
    %pushi/vec4 0, 0, 1;
    %assign/vec4 v0x13ce22760_0, 0;
    %pushi/vec4 1, 0, 2;
    %assign/vec4 v0x13ce22af0_0, 0;
T_48.6 ;
    %jmp T_48.5;
T_48.3 ;
    %load/vec4 v0x13ce223d0_0;
    %cmpi/u 1, 0, 32;
    %flag_or 5, 4;
    %jmp/0xz  T_48.8, 5;
    %alloc S_0x13ce21d20;
    %load/vec4 v0x13ce225d0_0;
    %store/vec4 v0x13ce22100_0, 0, 18;
    %callf/vec4 TD_tb_cluster.dut.gen_cores\x5B5\x5D.u_core.xfer, S_0x13ce21d20;
    %free S_0x13ce21d20;
    %assign/vec4 v0x13ce228a0_0, 0;
    %pushi/vec4 1, 0, 1;
    %assign/vec4 v0x13ce22530_0, 0;
    %pushi/vec4 2, 0, 2;
    %assign/vec4 v0x13ce22af0_0, 0;
    %jmp T_48.9;
T_48.8 ;
    %load/vec4 v0x13ce223d0_0;
    %subi 1, 0, 32;
    %assign/vec4 v0x13ce223d0_0, 0;
T_48.9 ;
    %jmp T_48.5;
T_48.4 ;
    %load/vec4 v0x13ce22800_0;
    %flag_set/vec4 8;
    %jmp/0xz  T_48.10, 8;
    %pushi/vec4 0, 0, 1;
    %assign/vec4 v0x13ce22530_0, 0;
    %pushi/vec4 1, 0, 1;
    %assign/vec4 v0x13ce22760_0, 0;
    %pushi/vec4 0, 0, 2;
    %assign/vec4 v0x13ce22af0_0, 0;
T_48.10 ;
    %jmp T_48.5;
T_48.5 ;
    %pop/vec4 1;
T_48.1 ;
    %jmp T_48;
    .thread T_48;
    .scope S_0x13ce22e50;
T_49 ;
    %vpi_func 6 53 "$urandom" 32 {0 0 0};
    %cast2;
    %store/vec4 v0x13ce244b0_0, 0, 32;
    %end;
    .thread T_49;
    .scope S_0x13ce22e50;
T_50 ;
    %wait E_0x13ce193b0;
    %load/vec4 v0x13ce24420_0;
    %nor/r;
    %flag_set/vec4 8;
    %jmp/0xz  T_50.0, 8;
    %pushi/vec4 0, 0, 2;
    %assign/vec4 v0x13ce24560_0, 0;
    %pushi/vec4 0, 0, 32;
    %assign/vec4 v0x13ce23e40_0, 0;
    %pushi/vec4 0, 0, 18;
    %assign/vec4 v0x13ce24040_0, 0;
    %pushi/vec4 0, 0, 1;
    %assign/vec4 v0x13ce241d0_0, 0;
    %pushi/vec4 0, 0, 1;
    %assign/vec4 v0x13ce23fa0_0, 0;
    %pushi/vec4 0, 0, 8;
    %assign/vec4 v0x13ce24310_0, 0;
    %jmp T_50.1;
T_50.0 ;
    %load/vec4 v0x13ce24560_0;
    %dup/vec4;
    %pushi/vec4 0, 0, 2;
    %cmp/u;
    %jmp/1 T_50.2, 6;
    %dup/vec4;
    %pushi/vec4 1, 0, 2;
    %cmp/u;
    %jmp/1 T_50.3, 6;
    %dup/vec4;
    %pushi/vec4 2, 0, 2;
    %cmp/u;
    %jmp/1 T_50.4, 6;
    %vpi_call/w 6 71 "$warning", "value is unhandled for priority or unique case statement" {0 0 0};
    %jmp T_50.5;
T_50.2 ;
    %pushi/vec4 1, 0, 1;
    %assign/vec4 v0x13ce241d0_0, 0;
    %load/vec4 v0x13ce24130_0;
    %flag_set/vec4 8;
    %jmp/0xz  T_50.6, 8;
    %load/vec4 v0x13ce23ef0_0;
    %assign/vec4 v0x13ce24040_0, 0;
    %alloc S_0x13ce23460;
    %callf/vec4 TD_tb_cluster.dut.gen_cores\x5B6\x5D.u_core.next_latency, S_0x13ce23460;
    %free S_0x13ce23460;
    %assign/vec4 v0x13ce23e40_0, 0;
    %pushi/vec4 0, 0, 1;
    %assign/vec4 v0x13ce241d0_0, 0;
    %pushi/vec4 1, 0, 2;
    %assign/vec4 v0x13ce24560_0, 0;
T_50.6 ;
    %jmp T_50.5;
T_50.3 ;
    %load/vec4 v0x13ce23e40_0;
    %cmpi/u 1, 0, 32;
    %flag_or 5, 4;
    %jmp/0xz  T_50.8, 5;
    %alloc S_0x13ce23790;
    %load/vec4 v0x13ce24040_0;
    %store/vec4 v0x13ce23b70_0, 0, 18;
    %callf/vec4 TD_tb_cluster.dut.gen_cores\x5B6\x5D.u_core.xfer, S_0x13ce23790;
    %free S_0x13ce23790;
    %assign/vec4 v0x13ce24310_0, 0;
    %pushi/vec4 1, 0, 1;
    %assign/vec4 v0x13ce23fa0_0, 0;
    %pushi/vec4 2, 0, 2;
    %assign/vec4 v0x13ce24560_0, 0;
    %jmp T_50.9;
T_50.8 ;
    %load/vec4 v0x13ce23e40_0;
    %subi 1, 0, 32;
    %assign/vec4 v0x13ce23e40_0, 0;
T_50.9 ;
    %jmp T_50.5;
T_50.4 ;
    %load/vec4 v0x13ce24270_0;
    %flag_set/vec4 8;
    %jmp/0xz  T_50.10, 8;
    %pushi/vec4 0, 0, 1;
    %assign/vec4 v0x13ce23fa0_0, 0;
    %pushi/vec4 1, 0, 1;
    %assign/vec4 v0x13ce241d0_0, 0;
    %pushi/vec4 0, 0, 2;
    %assign/vec4 v0x13ce24560_0, 0;
T_50.10 ;
    %jmp T_50.5;
T_50.5 ;
    %pop/vec4 1;
T_50.1 ;
    %jmp T_50;
    .thread T_50;
    .scope S_0x13ce248c0;
T_51 ;
    %vpi_func 6 53 "$urandom" 32 {0 0 0};
    %cast2;
    %store/vec4 v0x13ce25f20_0, 0, 32;
    %end;
    .thread T_51;
    .scope S_0x13ce248c0;
T_52 ;
    %wait E_0x13ce193b0;
    %load/vec4 v0x13ce25e90_0;
    %nor/r;
    %flag_set/vec4 8;
    %jmp/0xz  T_52.0, 8;
    %pushi/vec4 0, 0, 2;
    %assign/vec4 v0x13ce25fd0_0, 0;
    %pushi/vec4 0, 0, 32;
    %assign/vec4 v0x13ce258b0_0, 0;
    %pushi/vec4 0, 0, 18;
    %assign/vec4 v0x13ce25ab0_0, 0;
    %pushi/vec4 0, 0, 1;
    %assign/vec4 v0x13ce25c40_0, 0;
    %pushi/vec4 0, 0, 1;
    %assign/vec4 v0x13ce25a10_0, 0;
    %pushi/vec4 0, 0, 8;
    %assign/vec4 v0x13ce25d80_0, 0;
    %jmp T_52.1;
T_52.0 ;
    %load/vec4 v0x13ce25fd0_0;
    %dup/vec4;
    %pushi/vec4 0, 0, 2;
    %cmp/u;
    %jmp/1 T_52.2, 6;
    %dup/vec4;
    %pushi/vec4 1, 0, 2;
    %cmp/u;
    %jmp/1 T_52.3, 6;
    %dup/vec4;
    %pushi/vec4 2, 0, 2;
    %cmp/u;
    %jmp/1 T_52.4, 6;
    %vpi_call/w 6 71 "$warning", "value is unhandled for priority or unique case statement" {0 0 0};
    %jmp T_52.5;
T_52.2 ;
    %pushi/vec4 1, 0, 1;
    %assign/vec4 v0x13ce25c40_0, 0;
    %load/vec4 v0x13ce25ba0_0;
    %flag_set/vec4 8;
    %jmp/0xz  T_52.6, 8;
    %load/vec4 v0x13ce25960_0;
    %assign/vec4 v0x13ce25ab0_0, 0;
    %alloc S_0x13ce24ed0;
    %callf/vec4 TD_tb_cluster.dut.gen_cores\x5B7\x5D.u_core.next_latency, S_0x13ce24ed0;
    %free S_0x13ce24ed0;
    %assign/vec4 v0x13ce258b0_0, 0;
    %pushi/vec4 0, 0, 1;
    %assign/vec4 v0x13ce25c40_0, 0;
    %pushi/vec4 1, 0, 2;
    %assign/vec4 v0x13ce25fd0_0, 0;
T_52.6 ;
    %jmp T_52.5;
T_52.3 ;
    %load/vec4 v0x13ce258b0_0;
    %cmpi/u 1, 0, 32;
    %flag_or 5, 4;
    %jmp/0xz  T_52.8, 5;
    %alloc S_0x13ce25200;
    %load/vec4 v0x13ce25ab0_0;
    %store/vec4 v0x13ce255e0_0, 0, 18;
    %callf/vec4 TD_tb_cluster.dut.gen_cores\x5B7\x5D.u_core.xfer, S_0x13ce25200;
    %free S_0x13ce25200;
    %assign/vec4 v0x13ce25d80_0, 0;
    %pushi/vec4 1, 0, 1;
    %assign/vec4 v0x13ce25a10_0, 0;
    %pushi/vec4 2, 0, 2;
    %assign/vec4 v0x13ce25fd0_0, 0;
    %jmp T_52.9;
T_52.8 ;
    %load/vec4 v0x13ce258b0_0;
    %subi 1, 0, 32;
    %assign/vec4 v0x13ce258b0_0, 0;
T_52.9 ;
    %jmp T_52.5;
T_52.4 ;
    %load/vec4 v0x13ce25ce0_0;
    %flag_set/vec4 8;
    %jmp/0xz  T_52.10, 8;
    %pushi/vec4 0, 0, 1;
    %assign/vec4 v0x13ce25a10_0, 0;
    %pushi/vec4 1, 0, 1;
    %assign/vec4 v0x13ce25c40_0, 0;
    %pushi/vec4 0, 0, 2;
    %assign/vec4 v0x13ce25fd0_0, 0;
T_52.10 ;
    %jmp T_52.5;
T_52.5 ;
    %pop/vec4 1;
T_52.1 ;
    %jmp T_52;
    .thread T_52;
    .scope S_0x13ce28080;
T_53 ;
Ewait_0 .event/or E_0x13ce28370, E_0x0;
    %wait Ewait_0;
    %pushi/vec4 0, 0, 8;
    %store/vec4 v0x13ce28870_0, 0, 8;
    %pushi/vec4 0, 0, 3;
    %store/vec4 v0x13ce28700_0, 0, 3;
    %pushi/vec4 0, 0, 1;
    %store/vec4 v0x13ce28650_0, 0, 1;
    %fork t_31, S_0x13ce283c0;
    %jmp t_30;
    .scope S_0x13ce283c0;
t_31 ;
    %pushi/vec4 0, 0, 32;
    %store/vec4 v0x13ce28590_0, 0, 32;
T_53.0 ; Top of for-loop
    %load/vec4 v0x13ce28590_0;
    %cmpi/s 8, 0, 32;
	  %jmp/0xz T_53.1, 5;
    %load/vec4 v0x13ce287b0_0;
    %load/vec4 v0x13ce28590_0;
    %part/s 1;
    %flag_set/vec4 9;
    %flag_get/vec4 9;
    %jmp/0 T_53.5, 9;
    %load/vec4 v0x13ce28650_0;
    %nor/r;
    %and;
T_53.5;
    %flag_set/vec4 8;
    %jmp/0xz  T_53.3, 8;
    %pushi/vec4 1, 0, 1;
    %ix/getv/s 4, v0x13ce28590_0;
    %store/vec4 v0x13ce28870_0, 4, 1;
    %load/vec4 v0x13ce28590_0;
    %parti/s 3, 0, 2;
    %store/vec4 v0x13ce28700_0, 0, 3;
    %pushi/vec4 1, 0, 1;
    %store/vec4 v0x13ce28650_0, 0, 1;
T_53.3 ;
T_53.2 ; for-loop step statement
    ; show_stmt_assign_vector: Get l-value for compressed += operand
    %load/vec4 v0x13ce28590_0;
    %pushi/vec4 1, 0, 32;
    %add;
    %cast2;
    %store/vec4 v0x13ce28590_0, 0, 32;
    %jmp T_53.0;
T_53.1 ; for-loop exit label
    %end;
    .scope S_0x13ce28080;
t_30 %join;
    %jmp T_53;
    .thread T_53, $push;
    .scope S_0x13ce26100;
T_54 ;
Ewait_1 .event/or E_0x13ce264a0, E_0x0;
    %wait Ewait_1;
    %pushi/vec4 0, 0, 8;
    %store/vec4 v0x13ce269b0_0, 0, 8;
    %pushi/vec4 0, 0, 3;
    %store/vec4 v0x13ce26840_0, 0, 3;
    %pushi/vec4 0, 0, 1;
    %store/vec4 v0x13ce26790_0, 0, 1;
    %fork t_33, S_0x13ce26500;
    %jmp t_32;
    .scope S_0x13ce26500;
t_33 ;
    %pushi/vec4 0, 0, 32;
    %store/vec4 v0x13ce266d0_0, 0, 32;
T_54.0 ; Top of for-loop
    %load/vec4 v0x13ce266d0_0;
    %cmpi/s 8, 0, 32;
	  %jmp/0xz T_54.1, 5;
    %load/vec4 v0x13ce268f0_0;
    %load/vec4 v0x13ce266d0_0;
    %part/s 1;
    %flag_set/vec4 9;
    %flag_get/vec4 9;
    %jmp/0 T_54.5, 9;
    %load/vec4 v0x13ce26790_0;
    %nor/r;
    %and;
T_54.5;
    %flag_set/vec4 8;
    %jmp/0xz  T_54.3, 8;
    %pushi/vec4 1, 0, 1;
    %ix/getv/s 4, v0x13ce266d0_0;
    %store/vec4 v0x13ce269b0_0, 4, 1;
    %load/vec4 v0x13ce266d0_0;
    %parti/s 3, 0, 2;
    %store/vec4 v0x13ce26840_0, 0, 3;
    %pushi/vec4 1, 0, 1;
    %store/vec4 v0x13ce26790_0, 0, 1;
T_54.3 ;
T_54.2 ; for-loop step statement
    ; show_stmt_assign_vector: Get l-value for compressed += operand
    %load/vec4 v0x13ce266d0_0;
    %pushi/vec4 1, 0, 32;
    %add;
    %cast2;
    %store/vec4 v0x13ce266d0_0, 0, 32;
    %jmp T_54.0;
T_54.1 ; for-loop exit label
    %end;
    .scope S_0x13ce26100;
t_32 %join;
    %jmp T_54;
    .thread T_54, $push;
    .scope S_0x13ce26ac0;
T_55 ;
    %wait E_0x13ce193b0;
    %load/vec4 v0x13ce27d10_0;
    %nor/r;
    %flag_set/vec4 8;
    %jmp/0xz  T_55.0, 8;
    %pushi/vec4 0, 0, 4;
    %assign/vec4 v0x13ce27fc0_0, 0;
    %pushi/vec4 0, 0, 4;
    %assign/vec4 v0x13ce27b80_0, 0;
    %jmp T_55.1;
T_55.0 ;
    %load/vec4 v0x13ce27f30_0;
    %flag_set/vec4 9;
    %flag_get/vec4 9;
    %jmp/0 T_55.4, 9;
    %load/vec4 v0x13ce27920_0;
    %nor/r;
    %and;
T_55.4;
    %flag_set/vec4 8;
    %jmp/0xz  T_55.2, 8;
    %load/vec4 v0x13ce27ea0_0;
    %load/vec4 v0x13ce27fc0_0;
    %parti/s 3, 0, 2;
    %pad/u 5;
    %ix/vec4 3;
    %ix/load 4, 0, 0; Constant delay
    %assign/vec4/a/d v0x13ce279b0, 0, 4;
    %load/vec4 v0x13ce27fc0_0;
    %addi 1, 0, 4;
    %assign/vec4 v0x13ce27fc0_0, 0;
T_55.2 ;
    %load/vec4 v0x13ce27ae0_0;
    %flag_set/vec4 9;
    %flag_get/vec4 9;
    %jmp/0 T_55.7, 9;
    %load/vec4 v0x13ce27890_0;
    %nor/r;
    %and;
T_55.7;
    %flag_set/vec4 8;
    %jmp/0xz  T_55.5, 8;
    %load/vec4 v0x13ce27b80_0;
    %addi 1, 0, 4;
    %assign/vec4 v0x13ce27b80_0, 0;
T_55.5 ;
T_55.1 ;
    %jmp T_55;
    .thread T_55;
    .scope S_0x13ce18370;
T_56 ;
    %wait E_0x13ce193b0;
    %load/vec4 v0x13ce2a7b0_0;
    %nor/r;
    %flag_set/vec4 8;
    %jmp/0xz  T_56.0, 8;
    %pushi/vec4 0, 0, 1;
    %assign/vec4 v0x13ce29bd0_0, 0;
    %pushi/vec4 0, 0, 16;
    %assign/vec4 v0x13ce29ab0_0, 0;
    %pushi/vec4 0, 0, 18;
    %assign/vec4 v0x13ce29890_0, 0;
    %jmp T_56.1;
T_56.0 ;
    %load/vec4 v0x13ce29b40_0;
    %assign/vec4 v0x13ce29bd0_0, 0;
    %load/vec4 v0x13ce29a20_0;
    %assign/vec4 v0x13ce29ab0_0, 0;
    %load/vec4 v0x13ce29800_0;
    %assign/vec4 v0x13ce29890_0, 0;
T_56.1 ;
    %jmp T_56;
    .thread T_56;
    .scope S_0x13ce18370;
T_57 ;
    %wait E_0x13ce193b0;
    %load/vec4 v0x13ce2a7b0_0;
    %nor/r;
    %flag_set/vec4 8;
    %jmp/0xz  T_57.0, 8;
    %pushi/vec4 0, 0, 1;
    %assign/vec4 v0x13ce29230_0, 0;
    %jmp T_57.1;
T_57.0 ;
    %load/vec4 v0x13ce2a120_0;
    %assign/vec4 v0x13ce29230_0, 0;
T_57.1 ;
    %jmp T_57;
    .thread T_57;
    .scope S_0x13ce18370;
T_58 ;
    %wait E_0x13ce177c0;
    %load/vec4 v0x13ce2a440_0;
    %flag_set/vec4 8;
    %jmp/0xz  T_58.0, 8;
    %load/vec4 v0x13ce29ab0_0;
    %load/vec4 v0x13ce29670_0;
    %pad/u 5;
    %ix/vec4 3;
    %ix/load 4, 0, 0; Constant delay
    %assign/vec4/a/d v0x13ce2a4d0, 0, 4;
T_58.0 ;
    %jmp T_58;
    .thread T_58;
    .scope S_0x13ce06ba0;
T_59 ;
    %pushi/vec4 0, 0, 1;
    %store/vec4 v0x13ce2e810_0, 0, 1;
    %end;
    .thread T_59;
    .scope S_0x13ce06ba0;
T_60 ;
    %delay 5000, 0;
    %load/vec4 v0x13ce2e810_0;
    %inv;
    %store/vec4 v0x13ce2e810_0, 0, 1;
    %jmp T_60;
    .thread T_60;
    .scope S_0x13ce06ba0;
T_61 ;
    %pushi/vec4 0, 0, 1;
    %store/vec4 v0x13ce2f150_0, 0, 1;
T_61.0 ;
    %fork t_35, S_0x13ce17600;
    %jmp t_34;
    .scope S_0x13ce17600;
t_35 ;
    %wait E_0x13ce177c0;
    %load/vec4 v0x13ce2f1e0_0;
    %flag_set/vec4 9;
    %flag_get/vec4 9;
    %jmp/0 T_61.4, 9;
    %load/vec4 v0x13ce2f150_0;
    %and;
T_61.4;
    %flag_set/vec4 8;
    %jmp/0xz  T_61.2, 8;
    %load/vec4 v0x13ce2f0c0_0;
    %pad/u 32;
    %pushi/vec4 1023, 0, 32;
    %and;
    %cast2;
    %store/vec4 v0x13ce17810_0, 0, 32;
    %ix/getv/s 4, v0x13ce17810_0;
    %load/vec4a v0x13ce2f540, 4;
    %nor/r;
    %flag_set/vec4 8;
    %jmp/1 T_61.7, 8;
    %ix/getv/s 4, v0x13ce17810_0;
    %load/vec4a v0x13ce2f4b0, 4;
    %load/vec4 v0x13ce2f0c0_0;
    %cmp/ne;
    %flag_or 8, 6;
T_61.7;
    %jmp/0xz  T_61.5, 8;
    %vpi_call/w 4 204 "$error", "[%0t] SCOREBOARD: unexpected result for pixel_addr 0x%0h", $time, v0x13ce2f0c0_0 {0 0 0};
    %load/vec4 v0x13ce2eea0_0;
    %addi 1, 0, 32;
    %store/vec4 v0x13ce2eea0_0, 0, 32;
    %jmp T_61.6;
T_61.5 ;
    %ix/getv/s 4, v0x13ce17810_0;
    %load/vec4a v0x13ce2f320, 4;
    %load/vec4 v0x13ce2f000_0;
    %cmp/ne;
    %jmp/0xz  T_61.8, 6;
    %vpi_call/w 4 208 "$error", "[%0t] SCOREBOARD: addr 0x%0h expected 0x%0h got 0x%0h", $time, v0x13ce2f0c0_0, &A<v0x13ce2f320, v0x13ce17810_0 >, v0x13ce2f000_0 {0 0 0};
    %load/vec4 v0x13ce2eea0_0;
    %addi 1, 0, 32;
    %store/vec4 v0x13ce2eea0_0, 0, 32;
    %jmp T_61.9;
T_61.8 ;
    %pushi/vec4 0, 0, 1;
    %ix/getv/s 4, v0x13ce17810_0;
    %store/vec4a v0x13ce2f540, 4, 0;
    %load/vec4 v0x13ce2ef50_0;
    %subi 1, 0, 32;
    %store/vec4 v0x13ce2ef50_0, 0, 32;
    %load/vec4 v0x13ce2e970_0;
    %addi 1, 0, 32;
    %store/vec4 v0x13ce2e970_0, 0, 32;
T_61.9 ;
T_61.6 ;
T_61.2 ;
    %load/vec4 v0x13ce2ea20_0;
    %nor/r;
    %flag_set/vec4 8;
    %jmp/0xz  T_61.10, 8;
    %pushi/vec4 0, 0, 1;
    %assign/vec4 v0x13ce2f150_0, 0;
    %jmp T_61.11;
T_61.10 ;
    %load/vec4 v0x13ce2eab0_0;
    %flag_set/vec4 8;
    %jmp/0xz  T_61.12, 8;
    %vpi_func 4 223 "$urandom" 32 {0 0 0};
    %pushi/vec4 1, 0, 32;
    %and;
    %pad/u 1;
    %assign/vec4 v0x13ce2f150_0, 0;
    %jmp T_61.13;
T_61.12 ;
    %pushi/vec4 1, 0, 1;
    %assign/vec4 v0x13ce2f150_0, 0;
T_61.13 ;
T_61.11 ;
    %end;
    .scope S_0x13ce06ba0;
t_34 %join;
    %jmp T_61.0;
T_61.1 ;
    %end;
    .thread T_61;
    .scope S_0x13ce06ba0;
T_62 ;
    %wait E_0x13ce177c0;
    %load/vec4 v0x13ce2f290_0;
    %flag_set/vec4 8;
    %jmp/0xz  T_62.0, 8;
    %vpi_func 4 255 "$countones" 32, v0x13ce295c0_0 {0 0 0};
    %cmpi/s 1, 0, 32;
    %flag_or 5, 4; GT is !LE
    %flag_inv 5;
    %jmp/0xz  T_62.2, 5;
    %vpi_call/w 4 256 "$error", "[%0t] core_start not one-hot: %b", $time, v0x13ce295c0_0 {0 0 0};
    %load/vec4 v0x13ce2eea0_0;
    %addi 1, 0, 32;
    %store/vec4 v0x13ce2eea0_0, 0, 32;
T_62.2 ;
    %load/vec4 v0x13ce295c0_0;
    %load/vec4 v0x13ce29750_0;
    %inv;
    %and;
    %cmpi/ne 0, 0, 8;
    %jmp/0xz  T_62.4, 4;
    %vpi_call/w 4 260 "$error", "[%0t] dispatched to non-free core: start=%b wants=%b", $time, v0x13ce295c0_0, v0x13ce29750_0 {0 0 0};
    %load/vec4 v0x13ce2eea0_0;
    %addi 1, 0, 32;
    %store/vec4 v0x13ce2eea0_0, 0, 32;
T_62.4 ;
T_62.0 ;
    %jmp T_62;
    .thread T_62;
    .scope S_0x13ce06ba0;
T_63 ;
    %fork t_37, S_0x13ce178d0;
    %jmp t_36;
    .scope S_0x13ce178d0;
t_37 ;
    %vpi_func 4 414 "$value$plusargs" 32, "vcd=%s", v0x13ce17aa0_0 {0 0 0};
    %cmpi/ne 0, 0, 32;
    %jmp/0xz  T_63.0, 4;
    %vpi_call/w 4 415 "$dumpfile", v0x13ce17aa0_0 {0 0 0};
    %vpi_call/w 4 416 "$dumpvars", 32'sb00000000000000000000000000000000, S_0x13ce06ba0 {0 0 0};
T_63.0 ;
    %end;
    .scope S_0x13ce06ba0;
t_36 %join;
    %end;
    .thread T_63;
    .scope S_0x13ce06ba0;
T_64 ;
    %pushi/vec4 0, 0, 32;
    %store/vec4 v0x13ce2ed90_0, 0, 32;
    %pushi/vec4 0, 0, 32;
    %store/vec4 v0x13ce2e970_0, 0, 32;
    %pushi/vec4 0, 0, 32;
    %store/vec4 v0x13ce2eea0_0, 0, 32;
    %pushi/vec4 0, 0, 1;
    %store/vec4 v0x13ce2ea20_0, 0, 1;
    %alloc S_0x13ce2bea0;
    %fork TD_tb_cluster.sb_clear, S_0x13ce2bea0;
    %join;
    %free S_0x13ce2bea0;
    %alloc S_0x13ce2bce0;
    %fork TD_tb_cluster.reset_dut, S_0x13ce2bce0;
    %join;
    %free S_0x13ce2bce0;
    %alloc S_0x13ce2da10;
    %fork TD_tb_cluster.test_single_dispatch, S_0x13ce2da10;
    %join;
    %free S_0x13ce2da10;
    %alloc S_0x13ce2bce0;
    %fork TD_tb_cluster.reset_dut, S_0x13ce2bce0;
    %join;
    %free S_0x13ce2bce0;
    %pushi/vec4 0, 0, 32;
    %store/vec4 v0x13ce2ed90_0, 0, 32;
    %pushi/vec4 0, 0, 32;
    %store/vec4 v0x13ce2e970_0, 0, 32;
    %alloc S_0x13ce2bea0;
    %fork TD_tb_cluster.sb_clear, S_0x13ce2bea0;
    %join;
    %free S_0x13ce2bea0;
    %alloc S_0x13ce2d0f0;
    %fork TD_tb_cluster.test_saturate_then_drain, S_0x13ce2d0f0;
    %join;
    %free S_0x13ce2d0f0;
    %alloc S_0x13ce2bce0;
    %fork TD_tb_cluster.reset_dut, S_0x13ce2bce0;
    %join;
    %free S_0x13ce2bce0;
    %pushi/vec4 0, 0, 32;
    %store/vec4 v0x13ce2ed90_0, 0, 32;
    %pushi/vec4 0, 0, 32;
    %store/vec4 v0x13ce2e970_0, 0, 32;
    %alloc S_0x13ce2bea0;
    %fork TD_tb_cluster.sb_clear, S_0x13ce2bea0;
    %join;
    %free S_0x13ce2bea0;
    %alloc S_0x13ce2d5c0;
    %fork TD_tb_cluster.test_simultaneous_completion, S_0x13ce2d5c0;
    %join;
    %free S_0x13ce2d5c0;
    %alloc S_0x13ce2bce0;
    %fork TD_tb_cluster.reset_dut, S_0x13ce2bce0;
    %join;
    %free S_0x13ce2bce0;
    %pushi/vec4 0, 0, 32;
    %store/vec4 v0x13ce2ed90_0, 0, 32;
    %pushi/vec4 0, 0, 32;
    %store/vec4 v0x13ce2e970_0, 0, 32;
    %alloc S_0x13ce2bea0;
    %fork TD_tb_cluster.sb_clear, S_0x13ce2bea0;
    %join;
    %free S_0x13ce2bea0;
    %alloc S_0x13ce2c2e0;
    %fork TD_tb_cluster.test_backpressure, S_0x13ce2c2e0;
    %join;
    %free S_0x13ce2c2e0;
    %alloc S_0x13ce2bce0;
    %fork TD_tb_cluster.reset_dut, S_0x13ce2bce0;
    %join;
    %free S_0x13ce2bce0;
    %pushi/vec4 0, 0, 32;
    %store/vec4 v0x13ce2ed90_0, 0, 32;
    %pushi/vec4 0, 0, 32;
    %store/vec4 v0x13ce2e970_0, 0, 32;
    %alloc S_0x13ce2bea0;
    %fork TD_tb_cluster.sb_clear, S_0x13ce2bea0;
    %join;
    %free S_0x13ce2bea0;
    %alloc S_0x13ce2cf30;
    %fork TD_tb_cluster.test_reset_midflight, S_0x13ce2cf30;
    %join;
    %free S_0x13ce2cf30;
    %alloc S_0x13ce2bce0;
    %fork TD_tb_cluster.reset_dut, S_0x13ce2bce0;
    %join;
    %free S_0x13ce2bce0;
    %pushi/vec4 0, 0, 32;
    %store/vec4 v0x13ce2ed90_0, 0, 32;
    %pushi/vec4 0, 0, 32;
    %store/vec4 v0x13ce2e970_0, 0, 32;
    %alloc S_0x13ce2bea0;
    %fork TD_tb_cluster.sb_clear, S_0x13ce2bea0;
    %join;
    %free S_0x13ce2bea0;
    %alloc S_0x13ce2c7f0;
    %fork TD_tb_cluster.test_random_stress, S_0x13ce2c7f0;
    %join;
    %free S_0x13ce2c7f0;
    %vpi_call/w 4 455 "$display", "\012\342\225\220\342\225\220\342\225\220\342\225\220\342\225\220\342\225\220\342\225\220\342\225\220\342\225\220\342\225\220\342\225\220\342\225\220\342\225\220\342\225\220\342\225\220\342\225\220\342\225\220\342\225\220\342\225\220\342\225\220\342\225\220\342\225\220\342\225\220\342\225\220\342\225\220\342\225\220\342\225\220\342\225\220\342\225\220\342\225\220\342\225\220\342\225\220\342\225\220\342\225\220\342\225\220\342\225\220\342\225\220\342\225\220\342\225\220\342\225\220\342\225\220\342\225\220\342\225\220\342\225\220\342\225\220\342\225\220\342\225\220\342\225\220\342\225\220\342\225\220\342\225\220\342\225\220\342\225\220\342\225\220\342\225\220\342\225\220\342\225\220\342\225\220" {0 0 0};
    %load/vec4 v0x13ce2eea0_0;
    %cmpi/e 0, 0, 32;
    %jmp/0xz  T_64.0, 4;
    %vpi_call/w 4 456 "$display", " ALL TESTS PASSED" {0 0 0};
    %jmp T_64.1;
T_64.0 ;
    %vpi_call/w 4 457 "$display", " FAILED \342\200\224 %0d errors", v0x13ce2eea0_0 {0 0 0};
T_64.1 ;
    %vpi_call/w 4 458 "$display", "\342\225\220\342\225\220\342\225\220\342\225\220\342\225\220\342\225\220\342\225\220\342\225\220\342\225\220\342\225\220\342\225\220\342\225\220\342\225\220\342\225\220\342\225\220\342\225\220\342\225\220\342\225\220\342\225\220\342\225\220\342\225\220\342\225\220\342\225\220\342\225\220\342\225\220\342\225\220\342\225\220\342\225\220\342\225\220\342\225\220\342\225\220\342\225\220\342\225\220\342\225\220\342\225\220\342\225\220\342\225\220\342\225\220\342\225\220\342\225\220\342\225\220\342\225\220\342\225\220\342\225\220\342\225\220\342\225\220\342\225\220\342\225\220\342\225\220\342\225\220\342\225\220\342\225\220\342\225\220\342\225\220\342\225\220\342\225\220\342\225\220\342\225\220\012" {0 0 0};
    %vpi_call/w 4 460 "$finish" {0 0 0};
    %end;
    .thread T_64;
    .scope S_0x13ce06ba0;
T_65 ;
    %delay 705032704, 1;
    %vpi_call/w 4 466 "$error", "Global timeout" {0 0 0};
    %vpi_call/w 4 467 "$finish" {0 0 0};
    %end;
    .thread T_65;
# The file index is used to find the file name in the following table.
:file_names 9;
    "N/A";
    "<interactive>";
    "-";
    "hdl/control_unit/cluster/core_ram.sv";
    "tb/control_unit/tb_cluster.sv";
    "hdl/control_unit/cluster/cluster.sv";
    "hdl/control_unit/cluster/fractal_core_stub.sv";
    "hdl/control_unit/cluster/priority_encoder.sv";
    "hdl/control_unit/cluster/sync_fifo.sv";
