#! /usr/bin/vvp
:ivl_version "11.0 (stable)";
:ivl_delay_selection "TYPICAL";
:vpi_time_precision - 12;
:vpi_module "/usr/lib/x86_64-linux-gnu/ivl/system.vpi";
:vpi_module "/usr/lib/x86_64-linux-gnu/ivl/vhdl_sys.vpi";
:vpi_module "/usr/lib/x86_64-linux-gnu/ivl/vhdl_textio.vpi";
:vpi_module "/usr/lib/x86_64-linux-gnu/ivl/v2005_math.vpi";
:vpi_module "/usr/lib/x86_64-linux-gnu/ivl/va_math.vpi";
:vpi_module "/usr/lib/x86_64-linux-gnu/ivl/v2009.vpi";
S_0x62a52f6e19e0 .scope package, "$unit" "$unit" 2 1;
 .timescale 0 0;
S_0x62a52f6b5500 .scope module, "comparator" "comparator" 3 4;
 .timescale 0 0;
    .port_info 0 /INPUT 1 "clk";
    .port_info 1 /INPUT 1 "rst";
    .port_info 2 /INPUT 1 "sched_reset";
    .port_info 3 /INPUT 9 "top_left_x";
    .port_info 4 /INPUT 9 "top_left_y";
    .port_info 5 /INPUT 9 "quad_size";
    .port_info 6 /INPUT 11 "expected_count";
    .port_info 7 /INPUT 1 "comp_valid";
    .port_info 8 /INPUT 22 "comp_data";
    .port_info 9 /OUTPUT 1 "comp_pop";
    .port_info 10 /OUTPUT 1 "differ";
    .port_info 11 /OUTPUT 1 "complete";
L_0x62a52f6c0140 .functor AND 1, L_0x62a52f722ed0, L_0x62a52f723140, C4<1>, C4<1>;
L_0x62a52f6c1ae0 .functor AND 1, L_0x62a52f6c0140, L_0x62a52f723340, C4<1>, C4<1>;
L_0x62a52f6b8e40 .functor AND 1, L_0x62a52f6c1ae0, L_0x62a52f723660, C4<1>, C4<1>;
o0x7ad8fb844228 .functor BUFZ 1, C4<z>; HiZ drive
L_0x62a52f619ce0 .functor BUFZ 1, o0x7ad8fb844228, C4<0>, C4<0>, C4<0>;
v0x62a52f6bad50_0 .net *"_ivl_10", 0 0, L_0x62a52f723140;  1 drivers
v0x62a52f6bb100_0 .net *"_ivl_13", 0 0, L_0x62a52f6c0140;  1 drivers
v0x62a52f6c02a0_0 .net *"_ivl_14", 0 0, L_0x62a52f723340;  1 drivers
v0x62a52f6c1c40_0 .net *"_ivl_17", 0 0, L_0x62a52f6c1ae0;  1 drivers
v0x62a52f6b8f60_0 .net *"_ivl_18", 8 0, L_0x62a52f7234d0;  1 drivers
v0x62a52f62e3a0_0 .net *"_ivl_20", 0 0, L_0x62a52f723660;  1 drivers
v0x62a52f6c2c90_0 .net *"_ivl_6", 0 0, L_0x62a52f722ed0;  1 drivers
v0x62a52f710d80_0 .net *"_ivl_8", 8 0, L_0x62a52f723020;  1 drivers
o0x7ad8fb844198 .functor BUFZ 1, C4<z>; HiZ drive
v0x62a52f710e60_0 .net "clk", 0 0, o0x7ad8fb844198;  0 drivers
o0x7ad8fb8441c8 .functor BUFZ 22, C4<zzzzzzzzzzzzzzzzzzzzzz>; HiZ drive
v0x62a52f710f20_0 .net "comp_data", 21 0, o0x7ad8fb8441c8;  0 drivers
v0x62a52f711000_0 .net "comp_pop", 0 0, L_0x62a52f619ce0;  1 drivers
v0x62a52f7110c0_0 .net "comp_valid", 0 0, o0x7ad8fb844228;  0 drivers
v0x62a52f711180_0 .var "complete", 0 0;
v0x62a52f711240_0 .var "differ", 0 0;
v0x62a52f711300_0 .net "entry_colour", 3 0, L_0x62a52f722e30;  1 drivers
v0x62a52f7113e0_0 .net "entry_x", 8 0, L_0x62a52f722c10;  1 drivers
v0x62a52f7114c0_0 .net "entry_y", 8 0, L_0x62a52f722d10;  1 drivers
o0x7ad8fb844348 .functor BUFZ 11, C4<zzzzzzzzzzz>; HiZ drive
v0x62a52f7115a0_0 .net "expected_count", 10 0, o0x7ad8fb844348;  0 drivers
v0x62a52f711680_0 .net "in_bounds", 0 0, L_0x62a52f6b8e40;  1 drivers
o0x7ad8fb8443a8 .functor BUFZ 9, C4<zzzzzzzzz>; HiZ drive
v0x62a52f711740_0 .net "quad_size", 8 0, o0x7ad8fb8443a8;  0 drivers
v0x62a52f711820_0 .var "ref_colour", 3 0;
v0x62a52f711900_0 .var "ref_valid", 0 0;
o0x7ad8fb844438 .functor BUFZ 1, C4<z>; HiZ drive
v0x62a52f7119c0_0 .net "rst", 0 0, o0x7ad8fb844438;  0 drivers
o0x7ad8fb844468 .functor BUFZ 1, C4<z>; HiZ drive
v0x62a52f711a80_0 .net "sched_reset", 0 0, o0x7ad8fb844468;  0 drivers
v0x62a52f711b40_0 .var "seen_count", 10 0;
o0x7ad8fb8444c8 .functor BUFZ 9, C4<zzzzzzzzz>; HiZ drive
v0x62a52f711c20_0 .net "top_left_x", 8 0, o0x7ad8fb8444c8;  0 drivers
o0x7ad8fb8444f8 .functor BUFZ 9, C4<zzzzzzzzz>; HiZ drive
v0x62a52f711d00_0 .net "top_left_y", 8 0, o0x7ad8fb8444f8;  0 drivers
E_0x62a52f61c390 .event posedge, v0x62a52f710e60_0;
L_0x62a52f722c10 .part o0x7ad8fb8441c8, 0, 9;
L_0x62a52f722d10 .part o0x7ad8fb8441c8, 9, 9;
L_0x62a52f722e30 .part o0x7ad8fb8441c8, 18, 4;
L_0x62a52f722ed0 .cmp/ge 9, L_0x62a52f722c10, o0x7ad8fb8444c8;
L_0x62a52f723020 .arith/sum 9, o0x7ad8fb8444c8, o0x7ad8fb8443a8;
L_0x62a52f723140 .cmp/gt 9, L_0x62a52f723020, L_0x62a52f722c10;
L_0x62a52f723340 .cmp/ge 9, L_0x62a52f722d10, o0x7ad8fb8444f8;
L_0x62a52f7234d0 .arith/sum 9, o0x7ad8fb8444f8, o0x7ad8fb8443a8;
L_0x62a52f723660 .cmp/gt 9, L_0x62a52f7234d0, L_0x62a52f722d10;
S_0x62a52f6b2350 .scope module, "complete_queue_handler" "complete_queue_handler" 4 5;
 .timescale 0 0;
    .port_info 0 /INPUT 1 "clk";
    .port_info 1 /INPUT 1 "rst";
    .port_info 2 /INPUT 1 "done";
    .port_info 3 /INPUT 9 "iter_x";
    .port_info 4 /INPUT 9 "iter_y";
    .port_info 5 /INPUT 4 "iter_colour";
    .port_info 6 /INPUT 1 "comp_pop";
    .port_info 7 /OUTPUT 1 "comp_valid";
    .port_info 8 /OUTPUT 22 "comp_data";
    .port_info 9 /OUTPUT 1 "full_err";
o0x7ad8fb844e28 .functor BUFZ 1, C4<z>; HiZ drive
L_0x62a52f723e90 .functor AND 1, o0x7ad8fb844e28, L_0x62a52f723dc0, C4<1>, C4<1>;
L_0x62a52f723f30 .functor AND 1, o0x7ad8fb844e28, L_0x62a52f723820, C4<1>, C4<1>;
v0x62a52f713d50_0 .net *"_ivl_3", 0 0, L_0x62a52f723dc0;  1 drivers
o0x7ad8fb844858 .functor BUFZ 1, C4<z>; HiZ drive
v0x62a52f713e30_0 .net "clk", 0 0, o0x7ad8fb844858;  0 drivers
v0x62a52f713ef0_0 .net "comp_data", 21 0, L_0x62a52f6fcfa0;  1 drivers
o0x7ad8fb8449d8 .functor BUFZ 1, C4<z>; HiZ drive
v0x62a52f713fe0_0 .net "comp_pop", 0 0, o0x7ad8fb8449d8;  0 drivers
v0x62a52f7140d0_0 .net "comp_valid", 0 0, L_0x62a52f723ff0;  1 drivers
v0x62a52f7141c0_0 .net "done", 0 0, o0x7ad8fb844e28;  0 drivers
v0x62a52f714280_0 .net "full_err", 0 0, L_0x62a52f723f30;  1 drivers
o0x7ad8fb844e88 .functor BUFZ 4, C4<zzzz>; HiZ drive
v0x62a52f714340_0 .net "iter_colour", 3 0, o0x7ad8fb844e88;  0 drivers
o0x7ad8fb844eb8 .functor BUFZ 9, C4<zzzzzzzzz>; HiZ drive
v0x62a52f714420_0 .net "iter_x", 8 0, o0x7ad8fb844eb8;  0 drivers
o0x7ad8fb844ee8 .functor BUFZ 9, C4<zzzzzzzzz>; HiZ drive
v0x62a52f714500_0 .net "iter_y", 8 0, o0x7ad8fb844ee8;  0 drivers
v0x62a52f7145e0_0 .net "q_data_in", 21 0, L_0x62a52f723c60;  1 drivers
v0x62a52f7146a0_0 .net "q_empty", 0 0, L_0x62a52f7238c0;  1 drivers
v0x62a52f714790_0 .net "q_full", 0 0, L_0x62a52f723820;  1 drivers
v0x62a52f714880_0 .net "q_push", 0 0, L_0x62a52f723e90;  1 drivers
o0x7ad8fb844a38 .functor BUFZ 1, C4<z>; HiZ drive
v0x62a52f714970_0 .net "rst", 0 0, o0x7ad8fb844a38;  0 drivers
L_0x62a52f723c60 .concat [ 9 9 4 0], o0x7ad8fb844eb8, o0x7ad8fb844ee8, o0x7ad8fb844e88;
L_0x62a52f723dc0 .reduce/nor L_0x62a52f723820;
L_0x62a52f723ff0 .reduce/nor L_0x62a52f7238c0;
S_0x62a52f711f60 .scope module, "u_complete_queue" "complete_queue" 4 28, 5 3 0, S_0x62a52f6b2350;
 .timescale 0 0;
    .port_info 0 /INPUT 1 "clk";
    .port_info 1 /INPUT 1 "rst";
    .port_info 2 /INPUT 1 "push";
    .port_info 3 /INPUT 22 "data_in";
    .port_info 4 /INPUT 1 "pop";
    .port_info 5 /OUTPUT 22 "data_out";
    .port_info 6 /OUTPUT 1 "full";
    .port_info 7 /OUTPUT 1 "empty";
v0x62a52f7136a0_0 .net "clk", 0 0, o0x7ad8fb844858;  alias, 0 drivers
v0x62a52f713760_0 .net "data_in", 21 0, L_0x62a52f723c60;  alias, 1 drivers
v0x62a52f713800_0 .net "data_out", 21 0, L_0x62a52f6fcfa0;  alias, 1 drivers
v0x62a52f713900_0 .net "empty", 0 0, L_0x62a52f7238c0;  alias, 1 drivers
v0x62a52f7139d0_0 .net "full", 0 0, L_0x62a52f723820;  alias, 1 drivers
v0x62a52f713a70_0 .net "pop", 0 0, o0x7ad8fb8449d8;  alias, 0 drivers
v0x62a52f713b40_0 .net "push", 0 0, L_0x62a52f723e90;  alias, 1 drivers
v0x62a52f713c10_0 .net "rst", 0 0, o0x7ad8fb844a38;  alias, 0 drivers
S_0x62a52f7121e0 .scope module, "u_fifo" "fifo" 5 22, 6 4 0, S_0x62a52f711f60;
 .timescale 0 0;
    .port_info 0 /INPUT 1 "clk";
    .port_info 1 /INPUT 1 "rst";
    .port_info 2 /INPUT 1 "flush";
    .port_info 3 /INPUT 1 "push";
    .port_info 4 /INPUT 22 "data_in";
    .port_info 5 /INPUT 1 "pop";
    .port_info 6 /OUTPUT 22 "data_out";
    .port_info 7 /OUTPUT 1 "full";
    .port_info 8 /OUTPUT 1 "empty";
P_0x62a52f712390 .param/l "DATA_WIDTH" 0 6 5, +C4<00000000000000000000000000010110>;
P_0x62a52f7123d0 .param/l "DEPTH" 0 6 6, +C4<00000000000000000000000000100000>;
P_0x62a52f712410 .param/l "PTR_W" 1 6 22, +C4<00000000000000000000000000000101>;
L_0x62a52f6fcfa0 .functor BUFZ 22, L_0x62a52f723a00, C4<0000000000000000000000>, C4<0000000000000000000000>, C4<0000000000000000000000>;
L_0x7ad8fb5b7018 .functor BUFT 1, C4<100000>, C4<0>, C4<0>, C4<0>;
v0x62a52f712670_0 .net/2u *"_ivl_0", 5 0, L_0x7ad8fb5b7018;  1 drivers
v0x62a52f712770_0 .net *"_ivl_10", 6 0, L_0x62a52f723aa0;  1 drivers
L_0x7ad8fb5b70a8 .functor BUFT 1, C4<00>, C4<0>, C4<0>, C4<0>;
v0x62a52f712850_0 .net *"_ivl_13", 1 0, L_0x7ad8fb5b70a8;  1 drivers
L_0x7ad8fb5b7060 .functor BUFT 1, C4<000000>, C4<0>, C4<0>, C4<0>;
v0x62a52f712910_0 .net/2u *"_ivl_4", 5 0, L_0x7ad8fb5b7060;  1 drivers
v0x62a52f7129f0_0 .net *"_ivl_8", 21 0, L_0x62a52f723a00;  1 drivers
v0x62a52f712b20_0 .net "clk", 0 0, o0x7ad8fb844858;  alias, 0 drivers
v0x62a52f712be0_0 .var "count", 5 0;
v0x62a52f712cc0_0 .net "data_in", 21 0, L_0x62a52f723c60;  alias, 1 drivers
v0x62a52f712da0_0 .net "data_out", 21 0, L_0x62a52f6fcfa0;  alias, 1 drivers
v0x62a52f712e80_0 .net "empty", 0 0, L_0x62a52f7238c0;  alias, 1 drivers
L_0x7ad8fb5b70f0 .functor BUFT 1, C4<0>, C4<0>, C4<0>, C4<0>;
v0x62a52f712f40_0 .net "flush", 0 0, L_0x7ad8fb5b70f0;  1 drivers
v0x62a52f713000_0 .net "full", 0 0, L_0x62a52f723820;  alias, 1 drivers
v0x62a52f7130c0_0 .var "head", 4 0;
v0x62a52f7131a0 .array "mem", 31 0, 21 0;
v0x62a52f713260_0 .net "pop", 0 0, o0x7ad8fb8449d8;  alias, 0 drivers
v0x62a52f713320_0 .net "push", 0 0, L_0x62a52f723e90;  alias, 1 drivers
v0x62a52f7133e0_0 .net "rst", 0 0, o0x7ad8fb844a38;  alias, 0 drivers
v0x62a52f7134a0_0 .var "tail", 4 0;
E_0x62a52f617ff0 .event posedge, v0x62a52f712b20_0;
L_0x62a52f723820 .cmp/eq 6, v0x62a52f712be0_0, L_0x7ad8fb5b7018;
L_0x62a52f7238c0 .cmp/eq 6, v0x62a52f712be0_0, L_0x7ad8fb5b7060;
L_0x62a52f723a00 .array/port v0x62a52f7131a0, L_0x62a52f723aa0;
L_0x62a52f723aa0 .concat [ 5 2 0 0], v0x62a52f7134a0_0, L_0x7ad8fb5b70a8;
S_0x62a52f6cc540 .scope module, "job_queue_handler" "job_queue_handler" 7 4;
 .timescale 0 0;
    .port_info 0 /INPUT 1 "clk";
    .port_info 1 /INPUT 1 "rst";
    .port_info 2 /INPUT 18 "sched_coord";
    .port_info 3 /INPUT 1 "sched_push";
    .port_info 4 /OUTPUT 1 "sched_stall";
    .port_info 5 /INPUT 1 "flush";
    .port_info 6 /INPUT 1 "wants_job";
    .port_info 7 /OUTPUT 1 "grant";
    .port_info 8 /OUTPUT 18 "coord_out";
L_0x62a52f734690 .functor BUFZ 1, L_0x62a52f734160, C4<0>, C4<0>, C4<0>;
o0x7ad8fb845848 .functor BUFZ 1, C4<z>; HiZ drive
L_0x62a52f734830 .functor AND 1, o0x7ad8fb845848, L_0x62a52f734790, C4<1>, C4<1>;
o0x7ad8fb8458a8 .functor BUFZ 1, C4<z>; HiZ drive
L_0x62a52f734a00 .functor AND 1, o0x7ad8fb8458a8, L_0x62a52f7348d0, C4<1>, C4<1>;
v0x62a52f716c40_0 .net *"_ivl_3", 0 0, L_0x62a52f734790;  1 drivers
v0x62a52f716d20_0 .net *"_ivl_7", 0 0, L_0x62a52f7348d0;  1 drivers
o0x7ad8fb8451e8 .functor BUFZ 1, C4<z>; HiZ drive
v0x62a52f716de0_0 .net "clk", 0 0, o0x7ad8fb8451e8;  0 drivers
v0x62a52f716eb0_0 .var "coord_out", 17 0;
o0x7ad8fb8452d8 .functor BUFZ 1, C4<z>; HiZ drive
v0x62a52f716f70_0 .net "flush", 0 0, o0x7ad8fb8452d8;  0 drivers
v0x62a52f7170b0_0 .var "grant", 0 0;
v0x62a52f717170_0 .net "q_data_out", 17 0, L_0x62a52f7345d0;  1 drivers
v0x62a52f717280_0 .net "q_empty", 0 0, L_0x62a52f734250;  1 drivers
v0x62a52f717370_0 .net "q_full", 0 0, L_0x62a52f734160;  1 drivers
v0x62a52f717410_0 .net "q_pop", 0 0, L_0x62a52f734a00;  1 drivers
v0x62a52f717500_0 .net "q_push", 0 0, L_0x62a52f734830;  1 drivers
o0x7ad8fb8453c8 .functor BUFZ 1, C4<z>; HiZ drive
v0x62a52f7175f0_0 .net "rst", 0 0, o0x7ad8fb8453c8;  0 drivers
o0x7ad8fb845248 .functor BUFZ 18, C4<zzzzzzzzzzzzzzzzzz>; HiZ drive
v0x62a52f7176e0_0 .net "sched_coord", 17 0, o0x7ad8fb845248;  0 drivers
v0x62a52f7177f0_0 .net "sched_push", 0 0, o0x7ad8fb845848;  0 drivers
v0x62a52f7178b0_0 .net "sched_stall", 0 0, L_0x62a52f734690;  1 drivers
v0x62a52f717970_0 .net "wants_job", 0 0, o0x7ad8fb8458a8;  0 drivers
L_0x62a52f734790 .reduce/nor L_0x62a52f734160;
L_0x62a52f7348d0 .reduce/nor L_0x62a52f734250;
S_0x62a52f714c00 .scope module, "u_job_queue" "job_queue" 7 27, 8 3 0, S_0x62a52f6cc540;
 .timescale 0 0;
    .port_info 0 /INPUT 1 "clk";
    .port_info 1 /INPUT 1 "rst";
    .port_info 2 /INPUT 1 "flush";
    .port_info 3 /INPUT 1 "push";
    .port_info 4 /INPUT 18 "data_in";
    .port_info 5 /INPUT 1 "pop";
    .port_info 6 /OUTPUT 18 "data_out";
    .port_info 7 /OUTPUT 1 "full";
    .port_info 8 /OUTPUT 1 "empty";
v0x62a52f7165a0_0 .net "clk", 0 0, o0x7ad8fb8451e8;  alias, 0 drivers
v0x62a52f716660_0 .net "data_in", 17 0, o0x7ad8fb845248;  alias, 0 drivers
v0x62a52f716700_0 .net "data_out", 17 0, L_0x62a52f7345d0;  alias, 1 drivers
v0x62a52f7167a0_0 .net "empty", 0 0, L_0x62a52f734250;  alias, 1 drivers
v0x62a52f716840_0 .net "flush", 0 0, o0x7ad8fb8452d8;  alias, 0 drivers
v0x62a52f7168e0_0 .net "full", 0 0, L_0x62a52f734160;  alias, 1 drivers
v0x62a52f7169b0_0 .net "pop", 0 0, L_0x62a52f734a00;  alias, 1 drivers
v0x62a52f716a80_0 .net "push", 0 0, L_0x62a52f734830;  alias, 1 drivers
v0x62a52f716b50_0 .net "rst", 0 0, o0x7ad8fb8453c8;  alias, 0 drivers
S_0x62a52f714f30 .scope module, "u_fifo" "fifo" 8 23, 6 4 0, S_0x62a52f714c00;
 .timescale 0 0;
    .port_info 0 /INPUT 1 "clk";
    .port_info 1 /INPUT 1 "rst";
    .port_info 2 /INPUT 1 "flush";
    .port_info 3 /INPUT 1 "push";
    .port_info 4 /INPUT 18 "data_in";
    .port_info 5 /INPUT 1 "pop";
    .port_info 6 /OUTPUT 18 "data_out";
    .port_info 7 /OUTPUT 1 "full";
    .port_info 8 /OUTPUT 1 "empty";
P_0x62a52f715130 .param/l "DATA_WIDTH" 0 6 5, +C4<00000000000000000000000000010010>;
P_0x62a52f715170 .param/l "DEPTH" 0 6 6, +C4<00000000000000000000100000000000>;
P_0x62a52f7151b0 .param/l "PTR_W" 1 6 22, +C4<00000000000000000000000000001011>;
L_0x62a52f7345d0 .functor BUFZ 18, L_0x62a52f734390, C4<000000000000000000>, C4<000000000000000000>, C4<000000000000000000>;
L_0x7ad8fb5b7138 .functor BUFT 1, C4<100000000000>, C4<0>, C4<0>, C4<0>;
v0x62a52f715460_0 .net/2u *"_ivl_0", 11 0, L_0x7ad8fb5b7138;  1 drivers
v0x62a52f715560_0 .net *"_ivl_10", 12 0, L_0x62a52f734430;  1 drivers
L_0x7ad8fb5b71c8 .functor BUFT 1, C4<00>, C4<0>, C4<0>, C4<0>;
v0x62a52f715640_0 .net *"_ivl_13", 1 0, L_0x7ad8fb5b71c8;  1 drivers
L_0x7ad8fb5b7180 .functor BUFT 1, C4<000000000000>, C4<0>, C4<0>, C4<0>;
v0x62a52f715700_0 .net/2u *"_ivl_4", 11 0, L_0x7ad8fb5b7180;  1 drivers
v0x62a52f7157e0_0 .net *"_ivl_8", 17 0, L_0x62a52f734390;  1 drivers
v0x62a52f715910_0 .net "clk", 0 0, o0x7ad8fb8451e8;  alias, 0 drivers
v0x62a52f7159d0_0 .var "count", 11 0;
v0x62a52f715ab0_0 .net "data_in", 17 0, o0x7ad8fb845248;  alias, 0 drivers
v0x62a52f715b90_0 .net "data_out", 17 0, L_0x62a52f7345d0;  alias, 1 drivers
v0x62a52f715c70_0 .net "empty", 0 0, L_0x62a52f734250;  alias, 1 drivers
v0x62a52f715d30_0 .net "flush", 0 0, o0x7ad8fb8452d8;  alias, 0 drivers
v0x62a52f715df0_0 .net "full", 0 0, L_0x62a52f734160;  alias, 1 drivers
v0x62a52f715eb0_0 .var "head", 10 0;
v0x62a52f715f90 .array "mem", 2047 0, 17 0;
v0x62a52f716050_0 .net "pop", 0 0, L_0x62a52f734a00;  alias, 1 drivers
v0x62a52f716110_0 .net "push", 0 0, L_0x62a52f734830;  alias, 1 drivers
v0x62a52f7161d0_0 .net "rst", 0 0, o0x7ad8fb8453c8;  alias, 0 drivers
v0x62a52f7163a0_0 .var "tail", 10 0;
E_0x62a52f618430 .event posedge, v0x62a52f715910_0;
L_0x62a52f734160 .cmp/eq 12, v0x62a52f7159d0_0, L_0x7ad8fb5b7138;
L_0x62a52f734250 .cmp/eq 12, v0x62a52f7159d0_0, L_0x7ad8fb5b7180;
L_0x62a52f734390 .array/port v0x62a52f715f90, L_0x62a52f734430;
L_0x62a52f734430 .concat [ 11 2 0 0], v0x62a52f7163a0_0, L_0x7ad8fb5b71c8;
S_0x62a52f6b7cc0 .scope module, "tb_multiply_manager_precision" "tb_multiply_manager_precision" 9 21;
 .timescale -9 -12;
P_0x62a52f5c99d0 .param/l "INTEGER_BITS" 1 9 24, +C4<00000000000000000000000000000010>;
P_0x62a52f5c9a10 .param/l "ITERATION_COUNT_WIDTH" 1 9 25, +C4<00000000000000000000000000010000>;
P_0x62a52f5c9a50 .param/l "LOW" 1 9 26, +C4<00000000000000000000000000000000>;
P_0x62a52f5c9a90 .param/l "NARROW_WIDTH" 1 9 23, +C4<00000000000000000000000000010010>;
P_0x62a52f5c9ad0 .param/l "NFRAC" 1 9 28, +C4<00000000000000000000000000010000>;
P_0x62a52f5c9b10 .param/l "PFRAC" 1 9 30, +C4<00000000000000000000000000100000>;
P_0x62a52f5c9b50 .param/l "PWIDTH" 1 9 29, +C4<00000000000000000000000000100100>;
v0x62a52f721a50_0 .var/2u "checks", 31 0;
v0x62a52f721b50_0 .var "clk", 0 0;
v0x62a52f721c10_0 .net "done", 0 0, v0x62a52f71ccc0_0;  1 drivers
v0x62a52f721ce0_0 .net "done_side", 0 0, v0x62a52f71cd80_0;  1 drivers
v0x62a52f721db0_0 .var/2u "errors", 31 0;
v0x62a52f721ea0_0 .net "iteration_out", 15 0, v0x62a52f71d290_0;  1 drivers
v0x62a52f721f40_0 .var/s "julia_c_x", 17 0;
v0x62a52f722010_0 .var/s "julia_c_y", 17 0;
v0x62a52f7220e0_0 .var "julia_type", 0 0;
v0x62a52f7221b0_0 .var "kill", 0 0;
v0x62a52f722280_0 .var "magnitude_negation_encoding", 3 0;
v0x62a52f722320_0 .var "max_iteration", 4 0;
v0x62a52f722410_0 .var "received", 0 0;
v0x62a52f7224b0_0 .var "rst", 0 0;
v0x62a52f722550_0 .var "start_left", 0 0;
v0x62a52f722620_0 .var "start_right", 0 0;
v0x62a52f7226f0_0 .var "start_wide", 0 0;
v0x62a52f7228d0_0 .var/s "starting_x_reg_1", 17 0;
v0x62a52f7229a0_0 .var/s "starting_x_reg_2", 17 0;
v0x62a52f722a70_0 .var/s "starting_y_reg_1", 17 0;
v0x62a52f722b40_0 .var/s "starting_y_reg_2", 17 0;
S_0x62a52f717ba0 .scope autotask, "do_reset" "do_reset" 9 75, 9 75 0, S_0x62a52f6b7cc0;
 .timescale -9 -12;
TD_tb_multiply_manager_precision.do_reset ;
    %pushi/vec4 1, 0, 1;
    %store/vec4 v0x62a52f7224b0_0, 0, 1;
    %pushi/vec4 0, 0, 1;
    %store/vec4 v0x62a52f7221b0_0, 0, 1;
    %pushi/vec4 0, 0, 1;
    %store/vec4 v0x62a52f722410_0, 0, 1;
    %pushi/vec4 0, 0, 1;
    %store/vec4 v0x62a52f722550_0, 0, 1;
    %pushi/vec4 0, 0, 1;
    %store/vec4 v0x62a52f722620_0, 0, 1;
    %pushi/vec4 0, 0, 1;
    %store/vec4 v0x62a52f7226f0_0, 0, 1;
    %pushi/vec4 0, 0, 1;
    %store/vec4 v0x62a52f7220e0_0, 0, 1;
    %pushi/vec4 0, 0, 4;
    %store/vec4 v0x62a52f722280_0, 0, 4;
    %pushi/vec4 0, 0, 5;
    %store/vec4 v0x62a52f722320_0, 0, 5;
    %pushi/vec4 0, 0, 18;
    %store/vec4 v0x62a52f721f40_0, 0, 18;
    %pushi/vec4 0, 0, 18;
    %store/vec4 v0x62a52f722010_0, 0, 18;
    %pushi/vec4 0, 0, 18;
    %store/vec4 v0x62a52f7228d0_0, 0, 18;
    %pushi/vec4 0, 0, 18;
    %store/vec4 v0x62a52f7229a0_0, 0, 18;
    %pushi/vec4 0, 0, 18;
    %store/vec4 v0x62a52f722a70_0, 0, 18;
    %pushi/vec4 0, 0, 18;
    %store/vec4 v0x62a52f722b40_0, 0, 18;
    %pushi/vec4 3, 0, 32;
T_0.0 %dup/vec4;
    %pushi/vec4 0, 0, 32;
    %cmp/s;
    %jmp/1xz T_0.1, 5;
    %jmp/1 T_0.1, 4;
    %pushi/vec4 1, 0, 32;
    %sub;
    %wait E_0x62a52f6fcd10;
    %jmp T_0.0;
T_0.1 ;
    %pop/vec4 1;
    %pushi/vec4 0, 0, 1;
    %store/vec4 v0x62a52f7224b0_0, 0, 1;
    %wait E_0x62a52f6fcd10;
    %end;
S_0x62a52f717d50 .scope module, "dut" "multiply_manager" 9 48, 10 41 0, S_0x62a52f6b7cc0;
 .timescale 0 0;
    .port_info 0 /INPUT 1 "clk";
    .port_info 1 /INPUT 1 "rst";
    .port_info 2 /INPUT 1 "kill";
    .port_info 3 /INPUT 1 "received";
    .port_info 4 /INPUT 1 "start_left";
    .port_info 5 /INPUT 1 "start_right";
    .port_info 6 /INPUT 1 "start_wide";
    .port_info 7 /INPUT 1 "julia_type";
    .port_info 8 /INPUT 4 "magnitude_negation_encoding";
    .port_info 9 /INPUT 5 "max_iteration";
    .port_info 10 /INPUT 18 "julia_c_x";
    .port_info 11 /INPUT 18 "julia_c_y";
    .port_info 12 /INPUT 18 "starting_x_reg_1";
    .port_info 13 /INPUT 18 "starting_x_reg_2";
    .port_info 14 /INPUT 18 "starting_y_reg_1";
    .port_info 15 /INPUT 18 "starting_y_reg_2";
    .port_info 16 /OUTPUT 1 "done";
    .port_info 17 /OUTPUT 1 "done_side";
    .port_info 18 /OUTPUT 16 "iteration_out";
P_0x62a52f6dfe40 .param/l "INTEGER_BITS" 0 10 41, +C4<00000000000000000000000000000010>;
P_0x62a52f6dfe80 .param/l "ITERATION_COUNT_WIDTH" 0 10 41, +C4<00000000000000000000000000010000>;
P_0x62a52f6dfec0 .param/l "LOWEST_MAX_ITERATION_POWER" 0 10 41, +C4<00000000000000000000000000000000>;
P_0x62a52f6dff00 .param/l "NARROW_FRACTIONAL_BITS" 1 10 70, +C4<000000000000000000000000000010000>;
P_0x62a52f6dff40 .param/l "NARROW_WIDTH" 0 10 41, +C4<00000000000000000000000000010010>;
enum0x62a52f5c8b80 .enum2/s (32)
   "T_IDLE" 0,
   "RUNNING" 1
 ;
enum0x62a52f5c94e0 .enum2/s (32)
   "UNDEFINED" 0,
   "SPLIT" 1,
   "JOINED" 2
 ;
enum0x62a52f5f1de0 .enum2/s (32)
   "C_IDLE" 0,
   "ALTER_SUM" 1,
   "X_SQUARED" 2,
   "Y_SQUARED" 3,
   "TWO_I_XY" 4,
   "ADD_COORD" 5,
   "ADD_JULIA" 6,
   "DONE" 7
 ;
v0x62a52f71cc00_0 .net "clk", 0 0, v0x62a52f721b50_0;  1 drivers
v0x62a52f71ccc0_0 .var "done", 0 0;
v0x62a52f71cd80_0 .var "done_side", 0 0;
v0x62a52f71ce50_0 .net/s "encoded_x_reg_1", 35 0, v0x62a52f71a4d0_0;  1 drivers
v0x62a52f71cf40_0 .net/s "encoded_x_reg_2", 35 0, v0x62a52f71a5c0_0;  1 drivers
v0x62a52f71d030_0 .net/s "encoded_y_reg_1", 35 0, v0x62a52f71a6a0_0;  1 drivers
v0x62a52f71d100_0 .net/s "encoded_y_reg_2", 35 0, v0x62a52f71a7d0_0;  1 drivers
v0x62a52f71d1d0_0 .var/2s "grouping_status", 31 0;
v0x62a52f71d290_0 .var "iteration_out", 15 0;
v0x62a52f71d370_0 .var "iteration_reg_1", 15 0;
v0x62a52f71d460_0 .var "iteration_reg_2", 15 0;
v0x62a52f71d520_0 .net/s "julia_c_x", 17 0, v0x62a52f721f40_0;  1 drivers
v0x62a52f71d600_0 .net/s "julia_c_y", 17 0, v0x62a52f722010_0;  1 drivers
v0x62a52f71d6e0_0 .net "julia_type", 0 0, v0x62a52f7220e0_0;  1 drivers
v0x62a52f71d7a0_0 .net "kill", 0 0, v0x62a52f7221b0_0;  1 drivers
v0x62a52f71d860_0 .var/2s "left_cycle", 31 0;
v0x62a52f71d940_0 .net "left_magnitude_flag", 0 0, v0x62a52f719170_0;  1 drivers
v0x62a52f71da10_0 .net "left_max_iteration_flag", 0 0, L_0x62a52f735290;  1 drivers
v0x62a52f71dae0_0 .var "left_multiply_mode", 1 0;
v0x62a52f71dbb0_0 .net/s "left_multiply_result", 35 0, v0x62a52f7197e0_0;  1 drivers
v0x62a52f71dc80_0 .var/2s "left_thread", 31 0;
v0x62a52f71dd20_0 .net "magnitude_negation_encoding", 3 0, v0x62a52f722280_0;  1 drivers
v0x62a52f71de10_0 .var/s "magnitude_reg_1", 35 0;
v0x62a52f71dee0_0 .var/s "magnitude_reg_2", 35 0;
v0x62a52f71dfa0_0 .net "max_iteration", 4 0, v0x62a52f722320_0;  1 drivers
v0x62a52f71e090_0 .net "received", 0 0, v0x62a52f722410_0;  1 drivers
v0x62a52f71e130_0 .var/2s "right_cycle", 31 0;
v0x62a52f71e210_0 .var/2s "right_thread", 31 0;
v0x62a52f71e2f0_0 .net "rst", 0 0, v0x62a52f7224b0_0;  1 drivers
v0x62a52f71e3b0_0 .var/s "spare_x_reg_1", 17 0;
v0x62a52f71e4a0_0 .net "start_left", 0 0, v0x62a52f722550_0;  1 drivers
v0x62a52f71e540_0 .net "start_right", 0 0, v0x62a52f722620_0;  1 drivers
v0x62a52f71e600_0 .net "start_wide", 0 0, v0x62a52f7226f0_0;  1 drivers
v0x62a52f71e6c0_0 .net/s "starting_x_reg_1", 17 0, v0x62a52f7228d0_0;  1 drivers
v0x62a52f71e7a0_0 .net/s "starting_x_reg_2", 17 0, v0x62a52f7229a0_0;  1 drivers
v0x62a52f71e880_0 .net/s "starting_y_reg_1", 17 0, v0x62a52f722a70_0;  1 drivers
v0x62a52f71e960_0 .net/s "starting_y_reg_2", 17 0, v0x62a52f722b40_0;  1 drivers
v0x62a52f71ea40_0 .var/s "sum_x_reg_1", 35 0;
v0x62a52f71eb00_0 .net "sum_x_reg_1_overflow_flag", 0 0, v0x62a52f71b600_0;  1 drivers
v0x62a52f71eba0_0 .var/s "sum_x_reg_2", 35 0;
v0x62a52f71ec90_0 .net "sum_x_reg_2_overflow_flag", 0 0, v0x62a52f71bd00_0;  1 drivers
v0x62a52f71ed30_0 .var/s "sum_y_reg_1", 35 0;
v0x62a52f71ee20_0 .net "sum_y_reg_1_overflow_flag", 0 0, v0x62a52f71c400_0;  1 drivers
v0x62a52f71eec0_0 .var/s "sum_y_reg_2", 35 0;
v0x62a52f71efb0_0 .net "sum_y_reg_2_overflow_flag", 0 0, v0x62a52f71cb00_0;  1 drivers
E_0x62a52f5ec0d0/0 .event edge, v0x62a52f718b30_0, v0x62a52f71d1d0_0, v0x62a52f71d860_0, v0x62a52f71e130_0;
E_0x62a52f5ec0d0/1 .event edge, v0x62a52f71d460_0;
E_0x62a52f5ec0d0 .event/or E_0x62a52f5ec0d0/0, E_0x62a52f5ec0d0/1;
E_0x62a52f6fcd10 .event posedge, v0x62a52f71cc00_0;
E_0x62a52f6fcd50 .event edge, v0x62a52f71d860_0;
L_0x62a52f734e70 .part v0x62a52f71ed30_0, 16, 18;
S_0x62a52f7183d0 .scope module, "left_iteration_flagger" "max_iteration_flagger" 10 186, 11 1 0, S_0x62a52f717d50;
 .timescale 0 0;
    .port_info 0 /INPUT 16 "iteration_count";
    .port_info 1 /INPUT 5 "max_iteration";
    .port_info 2 /OUTPUT 1 "flag";
P_0x62a52f6dc6c0 .param/l "ITERATION_COUNT_WIDTH" 0 11 1, +C4<00000000000000000000000000010000>;
P_0x62a52f6dc700 .param/l "LOWEST_MAX_ITERATION_POWER" 0 11 1, +C4<00000000000000000000000000000000>;
v0x62a52f7186a0_0 .net *"_ivl_0", 31 0, L_0x62a52f734f40;  1 drivers
L_0x7ad8fb5b7210 .functor BUFT 1, C4<000000000000000000000000000>, C4<0>, C4<0>, C4<0>;
v0x62a52f7187a0_0 .net *"_ivl_3", 26 0, L_0x7ad8fb5b7210;  1 drivers
L_0x7ad8fb5b7258 .functor BUFT 1, C4<00000000000000000000000000000000>, C4<0>, C4<0>, C4<0>;
v0x62a52f718880_0 .net/2u *"_ivl_4", 31 0, L_0x7ad8fb5b7258;  1 drivers
v0x62a52f718940_0 .net *"_ivl_6", 31 0, L_0x62a52f735100;  1 drivers
v0x62a52f718a20_0 .net "flag", 0 0, L_0x62a52f735290;  alias, 1 drivers
v0x62a52f718b30_0 .net "iteration_count", 15 0, v0x62a52f71d370_0;  1 drivers
v0x62a52f718c10_0 .net "max_iteration", 4 0, v0x62a52f722320_0;  alias, 1 drivers
L_0x62a52f734f40 .concat [ 5 27 0 0], v0x62a52f722320_0, L_0x7ad8fb5b7210;
L_0x62a52f735100 .arith/sum 32, L_0x62a52f734f40, L_0x7ad8fb5b7258;
L_0x62a52f735290 .part/v v0x62a52f71d370_0, L_0x62a52f735100, 1;
S_0x62a52f718d70 .scope module, "left_magnitude" "magnitude_comparison_unit" 10 178, 12 1 0, S_0x62a52f717d50;
 .timescale 0 0;
    .port_info 0 /INPUT 36 "magnitude";
    .port_info 1 /OUTPUT 1 "mag_flag";
P_0x62a52f6fd010 .param/l "INTEGER_BITS" 0 12 1, +C4<00000000000000000000000000000010>;
P_0x62a52f6fd050 .param/l "NARROW_WIDTH" 0 12 1, +C4<00000000000000000000000000010010>;
v0x62a52f719170_0 .var "mag_flag", 0 0;
v0x62a52f719250_0 .net/s "magnitude", 35 0, v0x62a52f71de10_0;  1 drivers
E_0x62a52f7190f0 .event edge, v0x62a52f719250_0;
S_0x62a52f719390 .scope module, "left_multiply" "multiply" 10 166, 13 1 0, S_0x62a52f717d50;
 .timescale 0 0;
    .port_info 0 /INPUT 18 "x";
    .port_info 1 /INPUT 18 "y";
    .port_info 2 /INPUT 2 "mode";
    .port_info 3 /OUTPUT 36 "result";
P_0x62a52f7195a0 .param/l "NARROW_WIDTH" 0 13 1, +C4<00000000000000000000000000010010>;
v0x62a52f719700_0 .net "mode", 1 0, v0x62a52f71dae0_0;  1 drivers
v0x62a52f7197e0_0 .var/s "result", 35 0;
v0x62a52f7198c0_0 .net/s "x", 17 0, v0x62a52f71e3b0_0;  1 drivers
v0x62a52f7199b0_0 .net/s "y", 17 0, L_0x62a52f734e70;  1 drivers
E_0x62a52f7196a0 .event edge, v0x62a52f719700_0, v0x62a52f7198c0_0, v0x62a52f7199b0_0;
S_0x62a52f719b40 .scope module, "mag_neg_encoder" "sum_alter" 10 138, 14 1 0, S_0x62a52f717d50;
 .timescale 0 0;
    .port_info 0 /INPUT 36 "sum_x_reg_1";
    .port_info 1 /INPUT 36 "sum_x_reg_2";
    .port_info 2 /INPUT 36 "sum_y_reg_1";
    .port_info 3 /INPUT 36 "sum_y_reg_2";
    .port_info 4 /INPUT 4 "magnitude_negation_encoding";
    .port_info 5 /OUTPUT 36 "changed_sum_x_reg_1";
    .port_info 6 /OUTPUT 36 "changed_sum_x_reg_2";
    .port_info 7 /OUTPUT 36 "changed_sum_y_reg_1";
    .port_info 8 /OUTPUT 36 "changed_sum_y_reg_2";
P_0x62a52f719d20 .param/l "INTEGER_BITS" 0 14 1, +C4<00000000000000000000000000000010>;
P_0x62a52f719d60 .param/l "NARROW_WIDTH" 0 14 1, +C4<00000000000000000000000000010010>;
P_0x62a52f719da0 .param/l "SUM_FRACTIONAL_BITS" 1 14 18, +C4<00000000000000000000000000000000000000000000000000000000000100000>;
P_0x62a52f719de0 .param/l "SUM_INT_BITS" 1 14 17, +C4<0000000000000000000000000000000000000000000000000000000000000100>;
v0x62a52f71a330_0 .net "abs_x", 0 0, L_0x62a52f734aa0;  1 drivers
v0x62a52f71a410_0 .net "abs_y", 0 0, L_0x62a52f734ca0;  1 drivers
v0x62a52f71a4d0_0 .var/s "changed_sum_x_reg_1", 35 0;
v0x62a52f71a5c0_0 .var/s "changed_sum_x_reg_2", 35 0;
v0x62a52f71a6a0_0 .var/s "changed_sum_y_reg_1", 35 0;
v0x62a52f71a7d0_0 .var/s "changed_sum_y_reg_2", 35 0;
v0x62a52f71a8b0_0 .net "magnitude_negation_encoding", 3 0, v0x62a52f722280_0;  alias, 1 drivers
v0x62a52f71a990_0 .net "neg_x", 0 0, L_0x62a52f734b40;  1 drivers
v0x62a52f71aa50_0 .net "neg_y", 0 0, L_0x62a52f734d70;  1 drivers
v0x62a52f71ab10_0 .net/s "sum_x_reg_1", 35 0, v0x62a52f71ea40_0;  1 drivers
v0x62a52f71abf0_0 .net/s "sum_x_reg_2", 35 0, v0x62a52f71eba0_0;  1 drivers
v0x62a52f71acd0_0 .net/s "sum_y_reg_1", 35 0, v0x62a52f71ed30_0;  1 drivers
v0x62a52f71adb0_0 .net/s "sum_y_reg_2", 35 0, v0x62a52f71eec0_0;  1 drivers
E_0x62a52f71a280/0 .event edge, v0x62a52f71ab10_0, v0x62a52f71abf0_0, v0x62a52f71acd0_0, v0x62a52f71adb0_0;
E_0x62a52f71a280/1 .event edge, v0x62a52f71a330_0, v0x62a52f71a990_0, v0x62a52f71a410_0, v0x62a52f71aa50_0;
E_0x62a52f71a280 .event/or E_0x62a52f71a280/0, E_0x62a52f71a280/1;
L_0x62a52f734aa0 .part v0x62a52f722280_0, 3, 1;
L_0x62a52f734b40 .part v0x62a52f722280_0, 1, 1;
L_0x62a52f734ca0 .part v0x62a52f722280_0, 2, 1;
L_0x62a52f734d70 .part v0x62a52f722280_0, 0, 1;
S_0x62a52f71afb0 .scope module, "x_1" "coord_flagger" 10 84, 15 6 0, S_0x62a52f717d50;
 .timescale 0 0;
    .port_info 0 /INPUT 36 "coordinate";
    .port_info 1 /OUTPUT 1 "flag";
P_0x62a52f71b190 .param/l "INTEGER_BITS" 0 15 6, +C4<00000000000000000000000000000010>;
P_0x62a52f71b1d0 .param/l "NARROW_FRACTIONAL_BITS" 0 15 6, +C4<000000000000000000000000000010000>;
P_0x62a52f71b210 .param/l "NARROW_WIDTH" 0 15 6, +C4<00000000000000000000000000010010>;
v0x62a52f71b4f0_0 .net/s "coordinate", 35 0, v0x62a52f71ea40_0;  alias, 1 drivers
v0x62a52f71b600_0 .var "flag", 0 0;
E_0x62a52f71b470 .event edge, v0x62a52f71ab10_0;
S_0x62a52f71b700 .scope module, "x_2" "coord_flagger" 10 89, 15 6 0, S_0x62a52f717d50;
 .timescale 0 0;
    .port_info 0 /INPUT 36 "coordinate";
    .port_info 1 /OUTPUT 1 "flag";
P_0x62a52f71b8e0 .param/l "INTEGER_BITS" 0 15 6, +C4<00000000000000000000000000000010>;
P_0x62a52f71b920 .param/l "NARROW_FRACTIONAL_BITS" 0 15 6, +C4<000000000000000000000000000010000>;
P_0x62a52f71b960 .param/l "NARROW_WIDTH" 0 15 6, +C4<00000000000000000000000000010010>;
v0x62a52f71bbf0_0 .net/s "coordinate", 35 0, v0x62a52f71eba0_0;  alias, 1 drivers
v0x62a52f71bd00_0 .var "flag", 0 0;
E_0x62a52f71bb70 .event edge, v0x62a52f71abf0_0;
S_0x62a52f71be00 .scope module, "y_1" "coord_flagger" 10 94, 15 6 0, S_0x62a52f717d50;
 .timescale 0 0;
    .port_info 0 /INPUT 36 "coordinate";
    .port_info 1 /OUTPUT 1 "flag";
P_0x62a52f71bfe0 .param/l "INTEGER_BITS" 0 15 6, +C4<00000000000000000000000000000010>;
P_0x62a52f71c020 .param/l "NARROW_FRACTIONAL_BITS" 0 15 6, +C4<000000000000000000000000000010000>;
P_0x62a52f71c060 .param/l "NARROW_WIDTH" 0 15 6, +C4<00000000000000000000000000010010>;
v0x62a52f71c2f0_0 .net/s "coordinate", 35 0, v0x62a52f71ed30_0;  alias, 1 drivers
v0x62a52f71c400_0 .var "flag", 0 0;
E_0x62a52f71c270 .event edge, v0x62a52f71acd0_0;
S_0x62a52f71c500 .scope module, "y_2" "coord_flagger" 10 99, 15 6 0, S_0x62a52f717d50;
 .timescale 0 0;
    .port_info 0 /INPUT 36 "coordinate";
    .port_info 1 /OUTPUT 1 "flag";
P_0x62a52f71c6e0 .param/l "INTEGER_BITS" 0 15 6, +C4<00000000000000000000000000000010>;
P_0x62a52f71c720 .param/l "NARROW_FRACTIONAL_BITS" 0 15 6, +C4<000000000000000000000000000010000>;
P_0x62a52f71c760 .param/l "NARROW_WIDTH" 0 15 6, +C4<00000000000000000000000000010010>;
v0x62a52f71c9f0_0 .net/s "coordinate", 35 0, v0x62a52f71eec0_0;  alias, 1 drivers
v0x62a52f71cb00_0 .var "flag", 0 0;
E_0x62a52f71c970 .event edge, v0x62a52f71adb0_0;
S_0x62a52f71f330 .scope autofunction.real, "q216_to_real" "q216_to_real" 9 70, 9 70 0, S_0x62a52f6b7cc0;
 .timescale -9 -12;
v0x62a52f7180e0_0 .var/s "q", 17 0;
; Variable q216_to_real is REAL return value of scope S_0x62a52f71f330
TD_tb_multiply_manager_precision.q216_to_real ;
    %load/vec4 v0x62a52f7180e0_0;
    %vpi_func/r 9 71 "$itor", S<0,vec4,s18> {1 0 0};
    %pushi/vec4 65536, 0, 32;
    %cvt/rv/s;
    %div/wr;
    %ret/real 0; Assign to q216_to_real
    %disable S_0x62a52f71f330;
    %end;
S_0x62a52f71f640 .scope autotask, "run_precision" "run_precision" 9 88, 9 88 0, S_0x62a52f6b7cc0;
 .timescale -9 -12;
v0x62a52f7204e0_0 .var/s "cx", 17 0;
v0x62a52f7205e0_0 .var/s "cy", 17 0;
v0x62a52f7206c0_0 .var/2u "cyc", 31 0;
v0x62a52f720780_0 .var "dax", 0 0;
v0x62a52f720840_0 .var "day", 0 0;
v0x62a52f720900_0 .var "dnx", 0 0;
v0x62a52f7209c0_0 .var "dny", 0 0;
v0x62a52f720a80_0 .var/2u "dut_count", 31 0;
v0x62a52f720b60_0 .var "dut_hit_limit", 0 0;
v0x62a52f720cb0_0 .var "enc", 3 0;
v0x62a52f720d90_0 .var "ideal_escaped", 0 0;
v0x62a52f720e50_0 .var/2u "ideal_iter", 31 0;
v0x62a52f720f30_0 .var "jtype", 0 0;
v0x62a52f720ff0_0 .var/2s "limit_bit", 31 0;
v0x62a52f7210d0_0 .var/2s "limit_val", 31 0;
v0x62a52f7211b0_0 .var "loop_done", 0 0;
v0x62a52f721270_0 .var "maxit", 4 0;
v0x62a52f721350_0 .var/str "name";
v0x62a52f721410_0 .var/s "px", 17 0;
v0x62a52f7214f0_0 .var/s "py", 17 0;
v0x62a52f7215d0_0 .var/2s "signed_div", 31 0;
E_0x62a52f71f820 .event negedge, v0x62a52f71cc00_0;
TD_tb_multiply_manager_precision.run_precision ;
    %load/vec4 v0x62a52f720cb0_0;
    %parti/s 1, 3, 3;
    %store/vec4 v0x62a52f720780_0, 0, 1;
    %load/vec4 v0x62a52f720cb0_0;
    %parti/s 1, 1, 2;
    %store/vec4 v0x62a52f720900_0, 0, 1;
    %load/vec4 v0x62a52f720cb0_0;
    %parti/s 1, 2, 3;
    %store/vec4 v0x62a52f720840_0, 0, 1;
    %load/vec4 v0x62a52f720cb0_0;
    %parti/s 1, 0, 2;
    %store/vec4 v0x62a52f7209c0_0, 0, 1;
    %load/vec4 v0x62a52f721270_0;
    %pad/u 32;
    %addi 0, 0, 32;
    %cast2;
    %store/vec4 v0x62a52f720ff0_0, 0, 32;
    %pushi/vec4 0, 0, 32;
    %store/vec4 v0x62a52f720e50_0, 0, 32;
    %pushi/vec4 0, 0, 1;
    %store/vec4 v0x62a52f720d90_0, 0, 1;
    %fork t_1, S_0x62a52f71f8a0;
    %jmp t_0;
    .scope S_0x62a52f71f8a0;
t_1 ;
    %alloc S_0x62a52f71f330;
    %load/vec4 v0x62a52f7204e0_0;
    %store/vec4 v0x62a52f7180e0_0, 0, 18;
    %callf/real TD_tb_multiply_manager_precision.q216_to_real, S_0x62a52f71f330;
    %free S_0x62a52f71f330;
    %store/real v0x62a52f71ff40_0;
    %alloc S_0x62a52f71f330;
    %load/vec4 v0x62a52f7205e0_0;
    %store/vec4 v0x62a52f7180e0_0, 0, 18;
    %callf/real TD_tb_multiply_manager_precision.q216_to_real, S_0x62a52f71f330;
    %free S_0x62a52f71f330;
    %store/real v0x62a52f720010_0;
    %alloc S_0x62a52f71f330;
    %load/vec4 v0x62a52f721410_0;
    %store/vec4 v0x62a52f7180e0_0, 0, 18;
    %callf/real TD_tb_multiply_manager_precision.q216_to_real, S_0x62a52f71f330;
    %free S_0x62a52f71f330;
    %store/real v0x62a52f7200d0_0;
    %alloc S_0x62a52f71f330;
    %load/vec4 v0x62a52f7214f0_0;
    %store/vec4 v0x62a52f7180e0_0, 0, 18;
    %callf/real TD_tb_multiply_manager_precision.q216_to_real, S_0x62a52f71f330;
    %free S_0x62a52f71f330;
    %store/real v0x62a52f7201e0_0;
    %load/vec4 v0x62a52f720f30_0;
    %flag_set/vec4 8;
    %jmp/1  T_2.2, 8;
    %pushi/real 0, 4065; load=0.00000
    %jmp/0  T_2.3, 8; End of false expr.
    %load/real v0x62a52f7200d0_0;
    %blend/wr;
    %jmp  T_2.3; End of blend
T_2.2 ;
    %load/real v0x62a52f7200d0_0;
T_2.3 ;
    %store/real v0x62a52f7202a0_0;
    %load/vec4 v0x62a52f720f30_0;
    %flag_set/vec4 8;
    %jmp/1  T_2.4, 8;
    %pushi/real 0, 4065; load=0.00000
    %jmp/0  T_2.5, 8; End of false expr.
    %load/real v0x62a52f7201e0_0;
    %blend/wr;
    %jmp  T_2.5; End of blend
T_2.4 ;
    %load/real v0x62a52f7201e0_0;
T_2.5 ;
    %store/real v0x62a52f720360_0;
    %fork t_3, S_0x62a52f71faa0;
    %jmp t_2;
    .scope S_0x62a52f71faa0;
t_3 ;
    %pushi/vec4 0, 0, 32;
    %store/vec4 v0x62a52f71fca0_0, 0, 32;
T_2.6 ;
    %load/vec4 v0x62a52f71fca0_0;
    %pushi/vec4 1, 0, 32;
    %load/vec4 v0x62a52f720ff0_0;
    %ix/vec4 4;
    %shiftl 4;
    %cmp/s;
    %flag_get/vec4 5;
    %load/vec4 v0x62a52f71fca0_0;
    %cmpi/s 200000, 0, 32;
    %flag_get/vec4 5;
    %and;
    %load/vec4 v0x62a52f720d90_0;
    %nor/r;
    %and;
    %flag_set/vec4 8;
    %jmp/0xz T_2.7, 8;
    %load/real v0x62a52f7202a0_0;
    %store/real v0x62a52f71fda0_0;
    %load/real v0x62a52f720360_0;
    %store/real v0x62a52f71fe80_0;
    %load/vec4 v0x62a52f720780_0;
    %flag_set/vec4 8;
    %jmp/0xz  T_2.8, 8;
    %load/real v0x62a52f71fda0_0;
    %pushi/vec4 0, 0, 32;
    %cvt/rv/s;
    %cmp/wr;
    %flag_get/vec4 5;
    %flag_set/vec4 8;
    %jmp/1  T_2.10, 8;
    %load/real v0x62a52f71fda0_0;
    %jmp/0  T_2.11, 8; End of false expr.
    %pushi/real 0, 0; load 0.0
    %load/real v0x62a52f71fda0_0;
    %sub/wr;
    %blend/wr;
    %jmp  T_2.11; End of blend
T_2.10 ;
    %pushi/real 0, 0; load 0.0
    %load/real v0x62a52f71fda0_0;
    %sub/wr;
T_2.11 ;
    %store/real v0x62a52f71fda0_0;
T_2.8 ;
    %load/vec4 v0x62a52f720900_0;
    %flag_set/vec4 8;
    %jmp/0xz  T_2.12, 8;
    %pushi/real 0, 0; load 0.0
    %load/real v0x62a52f71fda0_0;
    %sub/wr;
    %store/real v0x62a52f71fda0_0;
T_2.12 ;
    %load/vec4 v0x62a52f720840_0;
    %flag_set/vec4 8;
    %jmp/0xz  T_2.14, 8;
    %load/real v0x62a52f71fe80_0;
    %pushi/vec4 0, 0, 32;
    %cvt/rv/s;
    %cmp/wr;
    %flag_get/vec4 5;
    %flag_set/vec4 8;
    %jmp/1  T_2.16, 8;
    %load/real v0x62a52f71fe80_0;
    %jmp/0  T_2.17, 8; End of false expr.
    %pushi/real 0, 0; load 0.0
    %load/real v0x62a52f71fe80_0;
    %sub/wr;
    %blend/wr;
    %jmp  T_2.17; End of blend
T_2.16 ;
    %pushi/real 0, 0; load 0.0
    %load/real v0x62a52f71fe80_0;
    %sub/wr;
T_2.17 ;
    %store/real v0x62a52f71fe80_0;
T_2.14 ;
    %load/vec4 v0x62a52f7209c0_0;
    %flag_set/vec4 8;
    %jmp/0xz  T_2.18, 8;
    %pushi/real 0, 0; load 0.0
    %load/real v0x62a52f71fe80_0;
    %sub/wr;
    %store/real v0x62a52f71fe80_0;
T_2.18 ;
    %pushi/real 1073741824, 4068; load=4.00000
    %load/real v0x62a52f71fda0_0;
    %load/real v0x62a52f71fda0_0;
    %mul/wr;
    %load/real v0x62a52f71fe80_0;
    %load/real v0x62a52f71fe80_0;
    %mul/wr;
    %add/wr;
    %cmp/wr;
    %flag_or 5, 4;
    %jmp/0xz  T_2.20, 5;
    %pushi/vec4 1, 0, 1;
    %store/vec4 v0x62a52f720d90_0, 0, 1;
    %load/vec4 v0x62a52f71fca0_0;
    %store/vec4 v0x62a52f720e50_0, 0, 32;
    %jmp T_2.21;
T_2.20 ;
    %load/real v0x62a52f71fda0_0;
    %load/real v0x62a52f71fda0_0;
    %mul/wr;
    %load/real v0x62a52f71fe80_0;
    %load/real v0x62a52f71fe80_0;
    %mul/wr;
    %sub/wr;
    %store/real v0x62a52f720420_0;
    %pushi/real 1073741824, 4067; load=2.00000
    %load/real v0x62a52f71fda0_0;
    %mul/wr;
    %load/real v0x62a52f71fe80_0;
    %mul/wr;
    %load/vec4 v0x62a52f720f30_0;
    %flag_set/vec4 8;
    %jmp/1  T_2.22, 8;
    %load/real v0x62a52f7201e0_0;
    %jmp/0  T_2.23, 8; End of false expr.
    %load/real v0x62a52f720010_0;
    %blend/wr;
    %jmp  T_2.23; End of blend
T_2.22 ;
    %load/real v0x62a52f720010_0;
T_2.23 ;
    %add/wr;
    %store/real v0x62a52f720360_0;
    %load/real v0x62a52f720420_0;
    %load/vec4 v0x62a52f720f30_0;
    %flag_set/vec4 8;
    %jmp/1  T_2.24, 8;
    %load/real v0x62a52f7200d0_0;
    %jmp/0  T_2.25, 8; End of false expr.
    %load/real v0x62a52f71ff40_0;
    %blend/wr;
    %jmp  T_2.25; End of blend
T_2.24 ;
    %load/real v0x62a52f71ff40_0;
T_2.25 ;
    %add/wr;
    %store/real v0x62a52f7202a0_0;
    %load/vec4 v0x62a52f71fca0_0;
    %addi 1, 0, 32;
    %cast2;
    %store/vec4 v0x62a52f720e50_0, 0, 32;
T_2.21 ;
    ; show_stmt_assign_vector: Get l-value for compressed += operand
    %load/vec4 v0x62a52f71fca0_0;
    %pushi/vec4 1, 0, 32;
    %add;
    %cast2;
    %store/vec4 v0x62a52f71fca0_0, 0, 32;
    %jmp T_2.6;
T_2.7 ;
    %end;
    .scope S_0x62a52f71f8a0;
t_2 %join;
    %end;
    .scope S_0x62a52f71f640;
t_0 %join;
    %load/vec4 v0x62a52f720f30_0;
    %store/vec4 v0x62a52f7220e0_0, 0, 1;
    %load/vec4 v0x62a52f720cb0_0;
    %store/vec4 v0x62a52f722280_0, 0, 4;
    %load/vec4 v0x62a52f721270_0;
    %store/vec4 v0x62a52f722320_0, 0, 5;
    %load/vec4 v0x62a52f7204e0_0;
    %store/vec4 v0x62a52f721f40_0, 0, 18;
    %load/vec4 v0x62a52f7205e0_0;
    %store/vec4 v0x62a52f722010_0, 0, 18;
    %load/vec4 v0x62a52f721410_0;
    %store/vec4 v0x62a52f7228d0_0, 0, 18;
    %load/vec4 v0x62a52f7214f0_0;
    %store/vec4 v0x62a52f722a70_0, 0, 18;
    %wait E_0x62a52f71f820;
    %pushi/vec4 1, 0, 1;
    %store/vec4 v0x62a52f722550_0, 0, 1;
    %wait E_0x62a52f71f820;
    %pushi/vec4 0, 0, 1;
    %store/vec4 v0x62a52f722550_0, 0, 1;
    %pushi/vec4 0, 0, 32;
    %store/vec4 v0x62a52f7206c0_0, 0, 32;
    %pushi/vec4 0, 0, 1;
    %store/vec4 v0x62a52f7211b0_0, 0, 1;
T_2.26 ;
    %load/vec4 v0x62a52f7211b0_0;
    %nor/r;
    %flag_set/vec4 8;
    %jmp/0xz T_2.27, 8;
    %wait E_0x62a52f6fcd10;
    ; show_stmt_assign_vector: Get l-value for compressed += operand
    %load/vec4 v0x62a52f7206c0_0;
    %pushi/vec4 1, 0, 32;
    %add;
    %cast2;
    %store/vec4 v0x62a52f7206c0_0, 0, 32;
    %load/vec4 v0x62a52f721c10_0;
    %flag_set/vec4 8;
    %jmp/0xz  T_2.28, 8;
    %load/vec4 v0x62a52f721ea0_0;
    %pad/u 32;
    %cast2;
    %store/vec4 v0x62a52f720a80_0, 0, 32;
    %pushi/vec4 1, 0, 1;
    %store/vec4 v0x62a52f7211b0_0, 0, 1;
T_2.28 ;
    %load/vec4 v0x62a52f7206c0_0;
    %cmpi/u 500000, 0, 32;
    %flag_or 5, 4; GT is !LE
    %flag_inv 5;
    %jmp/0xz  T_2.30, 5;
    ; show_stmt_assign_vector: Get l-value for compressed += operand
    %load/vec4 v0x62a52f721db0_0;
    %pushi/vec4 1, 0, 32;
    %add;
    %cast2;
    %store/vec4 v0x62a52f721db0_0, 0, 32;
    ; show_stmt_assign_vector: Get l-value for compressed += operand
    %load/vec4 v0x62a52f721a50_0;
    %pushi/vec4 1, 0, 32;
    %add;
    %cast2;
    %store/vec4 v0x62a52f721a50_0, 0, 32;
    %vpi_call/w 9 160 "$display", "  [FAIL] %s : TIMEOUT", v0x62a52f721350_0 {0 0 0};
    %pushi/vec4 1, 0, 1;
    %store/vec4 v0x62a52f7211b0_0, 0, 1;
T_2.30 ;
    %jmp T_2.26;
T_2.27 ;
    %wait E_0x62a52f71f820;
    %pushi/vec4 1, 0, 1;
    %store/vec4 v0x62a52f722410_0, 0, 1;
    %wait E_0x62a52f71f820;
    %pushi/vec4 0, 0, 1;
    %store/vec4 v0x62a52f722410_0, 0, 1;
    %wait E_0x62a52f6fcd10;
    %load/vec4 v0x62a52f720a80_0;
    %load/vec4 v0x62a52f720e50_0;
    %sub;
    %cast2;
    %store/vec4 v0x62a52f7215d0_0, 0, 32;
    %pushi/vec4 1, 0, 32;
    %load/vec4 v0x62a52f720ff0_0;
    %ix/vec4 4;
    %shiftl 4;
    %cast2;
    %store/vec4 v0x62a52f7210d0_0, 0, 32;
    %load/vec4 v0x62a52f7210d0_0;
    %load/vec4 v0x62a52f720a80_0;
    %cmp/u;
    %flag_get/vec4 4;
    %flag_get/vec4 5;
    %or;
    %store/vec4 v0x62a52f720b60_0, 0, 1;
    %load/vec4 v0x62a52f7215d0_0;
    %cmpi/e 0, 0, 32;
    %jmp/0xz  T_2.32, 4;
    %vpi_call/w 9 174 "$display", "  [INFO] %-26s fixed=%0d  ideal=%0d  divergence=0  (exact)", v0x62a52f721350_0, v0x62a52f720a80_0, v0x62a52f720e50_0 {0 0 0};
    %jmp T_2.33;
T_2.32 ;
    %load/vec4 v0x62a52f720b60_0;
    %load/vec4 v0x62a52f720d90_0;
    %and;
    %flag_set/vec4 8;
    %jmp/0xz  T_2.34, 8;
    %vpi_call/w 9 178 "$display", "  [WARN] %-26s fixed=%0d (HIT LIMIT)  ideal=%0d (ESCAPES)  divergence=%0d", v0x62a52f721350_0, v0x62a52f720a80_0, v0x62a52f720e50_0, v0x62a52f7215d0_0 {0 0 0};
    %vpi_call/w 9 180 "$display", "         -> RANGE/OVERFLOW: orbit exceeded Q%0d.%0d range before escape check.", P_0x62a52f5c99d0, P_0x62a52f5c9ad0 {0 0 0};
    %vpi_call/w 9 182 "$display", "            This point is MISCLASSIFIED as in-set. Check input coord range." {0 0 0};
    %jmp T_2.35;
T_2.34 ;
    %load/vec4 v0x62a52f720b60_0;
    %nor/r;
    %load/vec4 v0x62a52f720d90_0;
    %nor/r;
    %and;
    %flag_set/vec4 8;
    %jmp/0xz  T_2.36, 8;
    %vpi_call/w 9 185 "$display", "  [WARN] %-26s fixed=%0d (ESCAPES)  ideal=%0d (HIT LIMIT)  divergence=%0d", v0x62a52f721350_0, v0x62a52f720a80_0, v0x62a52f720e50_0, v0x62a52f7215d0_0 {0 0 0};
    %vpi_call/w 9 187 "$display", "         -> truncated orbit left the set though the ideal orbit stayed in." {0 0 0};
    %jmp T_2.37;
T_2.36 ;
    %pushi/vec4 0, 0, 32;
    %load/vec4 v0x62a52f720e50_0;
    %cmp/u;
    %flag_get/vec4 5;
    %load/vec4 v0x62a52f720e50_0;
    %load/vec4 v0x62a52f7215d0_0;
    %cmp/s;
    %flag_get/vec4 4;
    %flag_get/vec4 5;
    %or;
    %load/vec4 v0x62a52f7215d0_0;
    %load/vec4 v0x62a52f720e50_0;
    %inv;
    %pushi/vec4 1, 0, 32;
    %add;
    %cmp/s;
    %flag_get/vec4 4;
    %flag_get/vec4 5;
    %or;
    %or;
    %and;
    %flag_set/vec4 8;
    %jmp/0xz  T_2.38, 8;
    %vpi_call/w 9 191 "$display", "  [WARN] %-26s fixed=%0d  ideal=%0d  divergence=%0d  (LARGE: >= ideal count)", v0x62a52f721350_0, v0x62a52f720a80_0, v0x62a52f720e50_0, v0x62a52f7215d0_0 {0 0 0};
    %jmp T_2.39;
T_2.38 ;
    %vpi_call/w 9 194 "$display", "  [INFO] %-26s fixed=%0d  ideal=%0d  divergence=%0d  (quantisation)", v0x62a52f721350_0, v0x62a52f720a80_0, v0x62a52f720e50_0, v0x62a52f7215d0_0 {0 0 0};
T_2.39 ;
T_2.37 ;
T_2.35 ;
T_2.33 ;
    %end;
S_0x62a52f71f8a0 .scope autobegin, "$unm_blk_50" "$unm_blk_50" 9 114, 9 114 0, S_0x62a52f71f640;
 .timescale -9 -12;
v0x62a52f71fda0_0 .var/real "ax_", 0 0;
v0x62a52f71fe80_0 .var/real "ay_", 0 0;
v0x62a52f71ff40_0 .var/real "i_cx", 0 0;
v0x62a52f720010_0 .var/real "i_cy", 0 0;
v0x62a52f7200d0_0 .var/real "i_px", 0 0;
v0x62a52f7201e0_0 .var/real "i_py", 0 0;
v0x62a52f7202a0_0 .var/real "ix", 0 0;
v0x62a52f720360_0 .var/real "iy", 0 0;
v0x62a52f720420_0 .var/real "t", 0 0;
S_0x62a52f71faa0 .scope autobegin, "$ivl_for_loop0" "$ivl_for_loop0" 9 121, 9 121 0, S_0x62a52f71f8a0;
 .timescale -9 -12;
v0x62a52f71fca0_0 .var/2s "k", 31 0;
S_0x62a52f7216b0 .scope autofunction.vec4.u18, "to_q216" "to_q216" 9 66, 9 66 0, S_0x62a52f6b7cc0;
 .timescale -9 -12;
; Variable to_q216 is vec4 return value of scope S_0x62a52f7216b0
v0x62a52f721990_0 .var/real "v", 0 0;
TD_tb_multiply_manager_precision.to_q216 ;
    %load/real v0x62a52f721990_0;
    %pushi/vec4 65536, 0, 32;
    %cvt/rv/s;
    %mul/wr;
    %vpi_func/r 9 67 "$floor", W<0,r> {0 1 0};
    %cvt/vr 32;
    %pad/s 18;
    %ret/vec4 0, 0, 18;  Assign to to_q216 (store_vec4_to_lval)
    %disable S_0x62a52f7216b0;
    %end;
    .scope S_0x62a52f6b5500;
T_4 ;
    %wait E_0x62a52f61c390;
    %load/vec4 v0x62a52f7119c0_0;
    %flag_set/vec4 8;
    %jmp/0xz  T_4.0, 8;
    %pushi/vec4 0, 0, 1;
    %assign/vec4 v0x62a52f711240_0, 0;
    %pushi/vec4 0, 0, 1;
    %assign/vec4 v0x62a52f711180_0, 0;
    %pushi/vec4 0, 0, 4;
    %assign/vec4 v0x62a52f711820_0, 0;
    %pushi/vec4 0, 0, 1;
    %assign/vec4 v0x62a52f711900_0, 0;
    %pushi/vec4 0, 0, 11;
    %assign/vec4 v0x62a52f711b40_0, 0;
    %jmp T_4.1;
T_4.0 ;
    %load/vec4 v0x62a52f711a80_0;
    %flag_set/vec4 8;
    %jmp/0xz  T_4.2, 8;
    %pushi/vec4 0, 0, 1;
    %assign/vec4 v0x62a52f711240_0, 0;
    %pushi/vec4 0, 0, 1;
    %assign/vec4 v0x62a52f711180_0, 0;
    %pushi/vec4 0, 0, 4;
    %assign/vec4 v0x62a52f711820_0, 0;
    %pushi/vec4 0, 0, 1;
    %assign/vec4 v0x62a52f711900_0, 0;
    %pushi/vec4 0, 0, 11;
    %assign/vec4 v0x62a52f711b40_0, 0;
    %jmp T_4.3;
T_4.2 ;
    %load/vec4 v0x62a52f7110c0_0;
    %load/vec4 v0x62a52f711680_0;
    %and;
    %flag_set/vec4 8;
    %jmp/0xz  T_4.4, 8;
    %load/vec4 v0x62a52f711900_0;
    %nor/r;
    %flag_set/vec4 8;
    %jmp/0xz  T_4.6, 8;
    %load/vec4 v0x62a52f711300_0;
    %assign/vec4 v0x62a52f711820_0, 0;
    %pushi/vec4 1, 0, 1;
    %assign/vec4 v0x62a52f711900_0, 0;
    %jmp T_4.7;
T_4.6 ;
    %load/vec4 v0x62a52f711300_0;
    %load/vec4 v0x62a52f711820_0;
    %cmp/ne;
    %jmp/0xz  T_4.8, 4;
    %pushi/vec4 1, 0, 1;
    %assign/vec4 v0x62a52f711240_0, 0;
T_4.8 ;
T_4.7 ;
    %load/vec4 v0x62a52f711b40_0;
    %addi 1, 0, 11;
    %assign/vec4 v0x62a52f711b40_0, 0;
    %load/vec4 v0x62a52f711b40_0;
    %addi 1, 0, 11;
    %load/vec4 v0x62a52f7115a0_0;
    %cmp/e;
    %jmp/0xz  T_4.10, 4;
    %pushi/vec4 1, 0, 1;
    %assign/vec4 v0x62a52f711180_0, 0;
T_4.10 ;
T_4.4 ;
T_4.3 ;
T_4.1 ;
    %jmp T_4;
    .thread T_4;
    .scope S_0x62a52f7121e0;
T_5 ;
    %wait E_0x62a52f617ff0;
    %load/vec4 v0x62a52f7133e0_0;
    %flag_set/vec4 8;
    %load/vec4 v0x62a52f712f40_0;
    %flag_set/vec4 9;
    %flag_or 9, 8;
    %jmp/0xz  T_5.0, 9;
    %pushi/vec4 0, 0, 5;
    %assign/vec4 v0x62a52f7130c0_0, 0;
    %pushi/vec4 0, 0, 5;
    %assign/vec4 v0x62a52f7134a0_0, 0;
    %pushi/vec4 0, 0, 6;
    %assign/vec4 v0x62a52f712be0_0, 0;
    %jmp T_5.1;
T_5.0 ;
    %load/vec4 v0x62a52f713320_0;
    %load/vec4 v0x62a52f713000_0;
    %nor/r;
    %and;
    %flag_set/vec4 8;
    %jmp/0xz  T_5.2, 8;
    %load/vec4 v0x62a52f712cc0_0;
    %load/vec4 v0x62a52f7130c0_0;
    %pad/u 7;
    %ix/vec4 3;
    %ix/load 4, 0, 0; Constant delay
    %assign/vec4/a/d v0x62a52f7131a0, 0, 4;
    %load/vec4 v0x62a52f7130c0_0;
    %addi 1, 0, 5;
    %assign/vec4 v0x62a52f7130c0_0, 0;
T_5.2 ;
    %load/vec4 v0x62a52f713260_0;
    %load/vec4 v0x62a52f712e80_0;
    %nor/r;
    %and;
    %flag_set/vec4 8;
    %jmp/0xz  T_5.4, 8;
    %load/vec4 v0x62a52f7134a0_0;
    %addi 1, 0, 5;
    %assign/vec4 v0x62a52f7134a0_0, 0;
T_5.4 ;
    %load/vec4 v0x62a52f713320_0;
    %load/vec4 v0x62a52f713000_0;
    %nor/r;
    %and;
    %load/vec4 v0x62a52f713260_0;
    %load/vec4 v0x62a52f712e80_0;
    %nor/r;
    %and;
    %concat/vec4; draw_concat_vec4
    %dup/vec4;
    %pushi/vec4 2, 0, 2;
    %cmp/u;
    %jmp/1 T_5.6, 6;
    %dup/vec4;
    %pushi/vec4 1, 0, 2;
    %cmp/u;
    %jmp/1 T_5.7, 6;
    %load/vec4 v0x62a52f712be0_0;
    %assign/vec4 v0x62a52f712be0_0, 0;
    %jmp T_5.9;
T_5.6 ;
    %load/vec4 v0x62a52f712be0_0;
    %addi 1, 0, 6;
    %assign/vec4 v0x62a52f712be0_0, 0;
    %jmp T_5.9;
T_5.7 ;
    %load/vec4 v0x62a52f712be0_0;
    %subi 1, 0, 6;
    %assign/vec4 v0x62a52f712be0_0, 0;
    %jmp T_5.9;
T_5.9 ;
    %pop/vec4 1;
T_5.1 ;
    %jmp T_5;
    .thread T_5;
    .scope S_0x62a52f714f30;
T_6 ;
    %wait E_0x62a52f618430;
    %load/vec4 v0x62a52f7161d0_0;
    %flag_set/vec4 8;
    %load/vec4 v0x62a52f715d30_0;
    %flag_set/vec4 9;
    %flag_or 9, 8;
    %jmp/0xz  T_6.0, 9;
    %pushi/vec4 0, 0, 11;
    %assign/vec4 v0x62a52f715eb0_0, 0;
    %pushi/vec4 0, 0, 11;
    %assign/vec4 v0x62a52f7163a0_0, 0;
    %pushi/vec4 0, 0, 12;
    %assign/vec4 v0x62a52f7159d0_0, 0;
    %jmp T_6.1;
T_6.0 ;
    %load/vec4 v0x62a52f716110_0;
    %load/vec4 v0x62a52f715df0_0;
    %nor/r;
    %and;
    %flag_set/vec4 8;
    %jmp/0xz  T_6.2, 8;
    %load/vec4 v0x62a52f715ab0_0;
    %load/vec4 v0x62a52f715eb0_0;
    %pad/u 13;
    %ix/vec4 3;
    %ix/load 4, 0, 0; Constant delay
    %assign/vec4/a/d v0x62a52f715f90, 0, 4;
    %load/vec4 v0x62a52f715eb0_0;
    %addi 1, 0, 11;
    %assign/vec4 v0x62a52f715eb0_0, 0;
T_6.2 ;
    %load/vec4 v0x62a52f716050_0;
    %load/vec4 v0x62a52f715c70_0;
    %nor/r;
    %and;
    %flag_set/vec4 8;
    %jmp/0xz  T_6.4, 8;
    %load/vec4 v0x62a52f7163a0_0;
    %addi 1, 0, 11;
    %assign/vec4 v0x62a52f7163a0_0, 0;
T_6.4 ;
    %load/vec4 v0x62a52f716110_0;
    %load/vec4 v0x62a52f715df0_0;
    %nor/r;
    %and;
    %load/vec4 v0x62a52f716050_0;
    %load/vec4 v0x62a52f715c70_0;
    %nor/r;
    %and;
    %concat/vec4; draw_concat_vec4
    %dup/vec4;
    %pushi/vec4 2, 0, 2;
    %cmp/u;
    %jmp/1 T_6.6, 6;
    %dup/vec4;
    %pushi/vec4 1, 0, 2;
    %cmp/u;
    %jmp/1 T_6.7, 6;
    %load/vec4 v0x62a52f7159d0_0;
    %assign/vec4 v0x62a52f7159d0_0, 0;
    %jmp T_6.9;
T_6.6 ;
    %load/vec4 v0x62a52f7159d0_0;
    %addi 1, 0, 12;
    %assign/vec4 v0x62a52f7159d0_0, 0;
    %jmp T_6.9;
T_6.7 ;
    %load/vec4 v0x62a52f7159d0_0;
    %subi 1, 0, 12;
    %assign/vec4 v0x62a52f7159d0_0, 0;
    %jmp T_6.9;
T_6.9 ;
    %pop/vec4 1;
T_6.1 ;
    %jmp T_6;
    .thread T_6;
    .scope S_0x62a52f6cc540;
T_7 ;
    %wait E_0x62a52f618430;
    %load/vec4 v0x62a52f7175f0_0;
    %flag_set/vec4 8;
    %load/vec4 v0x62a52f716f70_0;
    %flag_set/vec4 9;
    %flag_or 9, 8;
    %jmp/0xz  T_7.0, 9;
    %pushi/vec4 0, 0, 1;
    %assign/vec4 v0x62a52f7170b0_0, 0;
    %pushi/vec4 0, 0, 18;
    %assign/vec4 v0x62a52f716eb0_0, 0;
    %jmp T_7.1;
T_7.0 ;
    %load/vec4 v0x62a52f717970_0;
    %load/vec4 v0x62a52f717280_0;
    %nor/r;
    %and;
    %assign/vec4 v0x62a52f7170b0_0, 0;
    %load/vec4 v0x62a52f717170_0;
    %assign/vec4 v0x62a52f716eb0_0, 0;
T_7.1 ;
    %jmp T_7;
    .thread T_7;
    .scope S_0x62a52f71afb0;
T_8 ;
Ewait_0 .event/or E_0x62a52f71b470, E_0x0;
    %wait Ewait_0;
    %load/vec4 v0x62a52f71b4f0_0;
    %parti/s 3, 33, 7;
    %cmpi/e 0, 0, 3;
    %jmp/0xz  T_8.0, 4;
    %pushi/vec4 0, 0, 1;
    %store/vec4 v0x62a52f71b600_0, 0, 1;
    %jmp T_8.1;
T_8.0 ;
    %load/vec4 v0x62a52f71b4f0_0;
    %parti/s 3, 33, 7;
    %cmpi/e 7, 0, 3;
    %jmp/0xz  T_8.2, 4;
    %pushi/vec4 0, 0, 1;
    %store/vec4 v0x62a52f71b600_0, 0, 1;
    %jmp T_8.3;
T_8.2 ;
    %pushi/vec4 1, 0, 1;
    %store/vec4 v0x62a52f71b600_0, 0, 1;
T_8.3 ;
T_8.1 ;
    %jmp T_8;
    .thread T_8, $push;
    .scope S_0x62a52f71b700;
T_9 ;
Ewait_1 .event/or E_0x62a52f71bb70, E_0x0;
    %wait Ewait_1;
    %load/vec4 v0x62a52f71bbf0_0;
    %parti/s 3, 33, 7;
    %cmpi/e 0, 0, 3;
    %jmp/0xz  T_9.0, 4;
    %pushi/vec4 0, 0, 1;
    %store/vec4 v0x62a52f71bd00_0, 0, 1;
    %jmp T_9.1;
T_9.0 ;
    %load/vec4 v0x62a52f71bbf0_0;
    %parti/s 3, 33, 7;
    %cmpi/e 7, 0, 3;
    %jmp/0xz  T_9.2, 4;
    %pushi/vec4 0, 0, 1;
    %store/vec4 v0x62a52f71bd00_0, 0, 1;
    %jmp T_9.3;
T_9.2 ;
    %pushi/vec4 1, 0, 1;
    %store/vec4 v0x62a52f71bd00_0, 0, 1;
T_9.3 ;
T_9.1 ;
    %jmp T_9;
    .thread T_9, $push;
    .scope S_0x62a52f71be00;
T_10 ;
Ewait_2 .event/or E_0x62a52f71c270, E_0x0;
    %wait Ewait_2;
    %load/vec4 v0x62a52f71c2f0_0;
    %parti/s 3, 33, 7;
    %cmpi/e 0, 0, 3;
    %jmp/0xz  T_10.0, 4;
    %pushi/vec4 0, 0, 1;
    %store/vec4 v0x62a52f71c400_0, 0, 1;
    %jmp T_10.1;
T_10.0 ;
    %load/vec4 v0x62a52f71c2f0_0;
    %parti/s 3, 33, 7;
    %cmpi/e 7, 0, 3;
    %jmp/0xz  T_10.2, 4;
    %pushi/vec4 0, 0, 1;
    %store/vec4 v0x62a52f71c400_0, 0, 1;
    %jmp T_10.3;
T_10.2 ;
    %pushi/vec4 1, 0, 1;
    %store/vec4 v0x62a52f71c400_0, 0, 1;
T_10.3 ;
T_10.1 ;
    %jmp T_10;
    .thread T_10, $push;
    .scope S_0x62a52f71c500;
T_11 ;
Ewait_3 .event/or E_0x62a52f71c970, E_0x0;
    %wait Ewait_3;
    %load/vec4 v0x62a52f71c9f0_0;
    %parti/s 3, 33, 7;
    %cmpi/e 0, 0, 3;
    %jmp/0xz  T_11.0, 4;
    %pushi/vec4 0, 0, 1;
    %store/vec4 v0x62a52f71cb00_0, 0, 1;
    %jmp T_11.1;
T_11.0 ;
    %load/vec4 v0x62a52f71c9f0_0;
    %parti/s 3, 33, 7;
    %cmpi/e 7, 0, 3;
    %jmp/0xz  T_11.2, 4;
    %pushi/vec4 0, 0, 1;
    %store/vec4 v0x62a52f71cb00_0, 0, 1;
    %jmp T_11.3;
T_11.2 ;
    %pushi/vec4 1, 0, 1;
    %store/vec4 v0x62a52f71cb00_0, 0, 1;
T_11.3 ;
T_11.1 ;
    %jmp T_11;
    .thread T_11, $push;
    .scope S_0x62a52f719b40;
T_12 ;
Ewait_4 .event/or E_0x62a52f71a280, E_0x0;
    %wait Ewait_4;
    %load/vec4 v0x62a52f71ab10_0;
    %store/vec4 v0x62a52f71a4d0_0, 0, 36;
    %load/vec4 v0x62a52f71abf0_0;
    %store/vec4 v0x62a52f71a5c0_0, 0, 36;
    %load/vec4 v0x62a52f71acd0_0;
    %store/vec4 v0x62a52f71a6a0_0, 0, 36;
    %load/vec4 v0x62a52f71adb0_0;
    %store/vec4 v0x62a52f71a7d0_0, 0, 36;
    %load/vec4 v0x62a52f71a330_0;
    %flag_set/vec4 8;
    %jmp/0xz  T_12.0, 8;
    %load/vec4 v0x62a52f71ab10_0;
    %cmpi/s 0, 0, 36;
    %flag_mov 8, 5;
    %jmp/0 T_12.2, 8;
    %load/vec4 v0x62a52f71ab10_0;
    %inv;
    %pushi/vec4 1, 0, 36;
    %add;
    %jmp/1 T_12.3, 8;
T_12.2 ; End of true expr.
    %load/vec4 v0x62a52f71ab10_0;
    %jmp/0 T_12.3, 8;
 ; End of false expr.
    %blend;
T_12.3;
    %store/vec4 v0x62a52f71a4d0_0, 0, 36;
    %load/vec4 v0x62a52f71abf0_0;
    %cmpi/s 0, 0, 36;
    %flag_mov 8, 5;
    %jmp/0 T_12.4, 8;
    %load/vec4 v0x62a52f71abf0_0;
    %inv;
    %pushi/vec4 1, 0, 36;
    %add;
    %jmp/1 T_12.5, 8;
T_12.4 ; End of true expr.
    %load/vec4 v0x62a52f71abf0_0;
    %jmp/0 T_12.5, 8;
 ; End of false expr.
    %blend;
T_12.5;
    %store/vec4 v0x62a52f71a5c0_0, 0, 36;
T_12.0 ;
    %load/vec4 v0x62a52f71a990_0;
    %flag_set/vec4 8;
    %jmp/0xz  T_12.6, 8;
    %load/vec4 v0x62a52f71a4d0_0;
    %inv;
    %pushi/vec4 1, 0, 36;
    %add;
    %store/vec4 v0x62a52f71a4d0_0, 0, 36;
    %load/vec4 v0x62a52f71a5c0_0;
    %inv;
    %pushi/vec4 1, 0, 36;
    %add;
    %store/vec4 v0x62a52f71a5c0_0, 0, 36;
T_12.6 ;
    %load/vec4 v0x62a52f71a410_0;
    %flag_set/vec4 8;
    %jmp/0xz  T_12.8, 8;
    %load/vec4 v0x62a52f71acd0_0;
    %cmpi/s 0, 0, 36;
    %flag_mov 8, 5;
    %jmp/0 T_12.10, 8;
    %load/vec4 v0x62a52f71acd0_0;
    %inv;
    %pushi/vec4 1, 0, 36;
    %add;
    %jmp/1 T_12.11, 8;
T_12.10 ; End of true expr.
    %load/vec4 v0x62a52f71acd0_0;
    %jmp/0 T_12.11, 8;
 ; End of false expr.
    %blend;
T_12.11;
    %store/vec4 v0x62a52f71a6a0_0, 0, 36;
    %load/vec4 v0x62a52f71adb0_0;
    %cmpi/s 0, 0, 36;
    %flag_mov 8, 5;
    %jmp/0 T_12.12, 8;
    %load/vec4 v0x62a52f71adb0_0;
    %inv;
    %pushi/vec4 1, 0, 36;
    %add;
    %jmp/1 T_12.13, 8;
T_12.12 ; End of true expr.
    %load/vec4 v0x62a52f71adb0_0;
    %jmp/0 T_12.13, 8;
 ; End of false expr.
    %blend;
T_12.13;
    %store/vec4 v0x62a52f71a7d0_0, 0, 36;
T_12.8 ;
    %load/vec4 v0x62a52f71aa50_0;
    %flag_set/vec4 8;
    %jmp/0xz  T_12.14, 8;
    %load/vec4 v0x62a52f71a6a0_0;
    %inv;
    %pushi/vec4 1, 0, 36;
    %add;
    %store/vec4 v0x62a52f71a6a0_0, 0, 36;
    %load/vec4 v0x62a52f71a7d0_0;
    %inv;
    %pushi/vec4 1, 0, 36;
    %add;
    %store/vec4 v0x62a52f71a7d0_0, 0, 36;
T_12.14 ;
    %jmp T_12;
    .thread T_12, $push;
    .scope S_0x62a52f719390;
T_13 ;
Ewait_5 .event/or E_0x62a52f7196a0, E_0x0;
    %wait Ewait_5;
    %load/vec4 v0x62a52f719700_0;
    %dup/vec4;
    %pushi/vec4 0, 0, 2;
    %cmp/u;
    %jmp/1 T_13.0, 6;
    %dup/vec4;
    %pushi/vec4 1, 0, 2;
    %cmp/u;
    %jmp/1 T_13.1, 6;
    %dup/vec4;
    %pushi/vec4 2, 0, 2;
    %cmp/u;
    %jmp/1 T_13.2, 6;
    %pushi/vec4 0, 0, 36;
    %store/vec4 v0x62a52f7197e0_0, 0, 36;
    %jmp T_13.4;
T_13.0 ;
    %load/vec4 v0x62a52f7198c0_0;
    %pad/s 36;
    %load/vec4 v0x62a52f7198c0_0;
    %pad/s 36;
    %mul;
    %store/vec4 v0x62a52f7197e0_0, 0, 36;
    %jmp T_13.4;
T_13.1 ;
    %load/vec4 v0x62a52f7199b0_0;
    %pad/s 36;
    %load/vec4 v0x62a52f7199b0_0;
    %pad/s 36;
    %mul;
    %store/vec4 v0x62a52f7197e0_0, 0, 36;
    %jmp T_13.4;
T_13.2 ;
    %load/vec4 v0x62a52f7198c0_0;
    %pad/s 36;
    %load/vec4 v0x62a52f7199b0_0;
    %pad/s 36;
    %mul;
    %ix/load 4, 1, 0;
    %flag_set/imm 4, 0;
    %shiftl 4;
    %store/vec4 v0x62a52f7197e0_0, 0, 36;
    %jmp T_13.4;
T_13.4 ;
    %pop/vec4 1;
    %jmp T_13;
    .thread T_13, $push;
    .scope S_0x62a52f718d70;
T_14 ;
Ewait_6 .event/or E_0x62a52f7190f0, E_0x0;
    %wait Ewait_6;
    %load/vec4 v0x62a52f719250_0;
    %parti/s 2, 34, 7;
    %or/r;
    %store/vec4 v0x62a52f719170_0, 0, 1;
    %jmp T_14;
    .thread T_14, $push;
    .scope S_0x62a52f717d50;
T_15 ;
Ewait_7 .event/or E_0x62a52f6fcd50, E_0x0;
    %wait Ewait_7;
    %load/vec4 v0x62a52f71d860_0;
    %dup/vec4;
    %pushi/vec4 2, 0, 32;
    %cmp/u;
    %jmp/1 T_15.0, 6;
    %dup/vec4;
    %pushi/vec4 3, 0, 32;
    %cmp/u;
    %jmp/1 T_15.1, 6;
    %dup/vec4;
    %pushi/vec4 4, 0, 32;
    %cmp/u;
    %jmp/1 T_15.2, 6;
    %pushi/vec4 0, 0, 2;
    %store/vec4 v0x62a52f71dae0_0, 0, 2;
    %jmp T_15.4;
T_15.0 ;
    %pushi/vec4 0, 0, 2;
    %store/vec4 v0x62a52f71dae0_0, 0, 2;
    %jmp T_15.4;
T_15.1 ;
    %pushi/vec4 1, 0, 2;
    %store/vec4 v0x62a52f71dae0_0, 0, 2;
    %jmp T_15.4;
T_15.2 ;
    %pushi/vec4 2, 0, 2;
    %store/vec4 v0x62a52f71dae0_0, 0, 2;
    %jmp T_15.4;
T_15.4 ;
    %pop/vec4 1;
    %jmp T_15;
    .thread T_15, $push;
    .scope S_0x62a52f717d50;
T_16 ;
    %wait E_0x62a52f6fcd10;
    %load/vec4 v0x62a52f71d7a0_0;
    %flag_set/vec4 8;
    %load/vec4 v0x62a52f71e2f0_0;
    %flag_set/vec4 9;
    %flag_or 9, 8;
    %jmp/0xz  T_16.0, 9;
    %pushi/vec4 0, 0, 32;
    %assign/vec4 v0x62a52f71d1d0_0, 0;
    %pushi/vec4 0, 0, 32;
    %assign/vec4 v0x62a52f71dc80_0, 0;
    %pushi/vec4 0, 0, 32;
    %assign/vec4 v0x62a52f71e210_0, 0;
    %pushi/vec4 0, 0, 32;
    %assign/vec4 v0x62a52f71d860_0, 0;
    %pushi/vec4 0, 0, 32;
    %assign/vec4 v0x62a52f71e130_0, 0;
    %pushi/vec4 0, 0, 36;
    %assign/vec4 v0x62a52f71de10_0, 0;
    %pushi/vec4 0, 0, 36;
    %assign/vec4 v0x62a52f71dee0_0, 0;
    %jmp T_16.1;
T_16.0 ;
    %load/vec4 v0x62a52f71e4a0_0;
    %flag_set/vec4 8;
    %jmp/0xz  T_16.2, 8;
    %pushi/vec4 0, 0, 36;
    %assign/vec4 v0x62a52f71de10_0, 0;
    %pushi/vec4 1, 0, 32;
    %assign/vec4 v0x62a52f71d1d0_0, 0;
    %pushi/vec4 1, 0, 32;
    %assign/vec4 v0x62a52f71dc80_0, 0;
    %pushi/vec4 0, 0, 16;
    %assign/vec4 v0x62a52f71d370_0, 0;
    %load/vec4 v0x62a52f71d6e0_0;
    %flag_set/vec4 8;
    %jmp/0xz  T_16.4, 8;
    %load/vec4 v0x62a52f71e6c0_0;
    %pad/s 36;
    %ix/load 4, 16, 0;
    %flag_set/imm 4, 0;
    %shiftl 4;
    %assign/vec4 v0x62a52f71ea40_0, 0;
    %load/vec4 v0x62a52f71e880_0;
    %pad/s 36;
    %ix/load 4, 16, 0;
    %flag_set/imm 4, 0;
    %shiftl 4;
    %assign/vec4 v0x62a52f71ed30_0, 0;
    %jmp T_16.5;
T_16.4 ;
    %pushi/vec4 0, 0, 36;
    %assign/vec4 v0x62a52f71ea40_0, 0;
    %pushi/vec4 0, 0, 36;
    %assign/vec4 v0x62a52f71ed30_0, 0;
T_16.5 ;
    %pushi/vec4 1, 0, 32;
    %assign/vec4 v0x62a52f71d860_0, 0;
    %jmp T_16.3;
T_16.2 ;
    %load/vec4 v0x62a52f71dc80_0;
    %pushi/vec4 1, 0, 32;
    %cmp/e;
    %flag_get/vec4 4;
    %load/vec4 v0x62a52f71d1d0_0;
    %pushi/vec4 1, 0, 32;
    %cmp/e;
    %flag_get/vec4 4;
    %and;
    %flag_set/vec4 8;
    %jmp/0xz  T_16.6, 8;
    %load/vec4 v0x62a52f71d860_0;
    %dup/vec4;
    %pushi/vec4 1, 0, 32;
    %cmp/u;
    %jmp/1 T_16.8, 6;
    %dup/vec4;
    %pushi/vec4 2, 0, 32;
    %cmp/u;
    %jmp/1 T_16.9, 6;
    %dup/vec4;
    %pushi/vec4 3, 0, 32;
    %cmp/u;
    %jmp/1 T_16.10, 6;
    %dup/vec4;
    %pushi/vec4 4, 0, 32;
    %cmp/u;
    %jmp/1 T_16.11, 6;
    %dup/vec4;
    %pushi/vec4 6, 0, 32;
    %cmp/u;
    %jmp/1 T_16.12, 6;
    %dup/vec4;
    %pushi/vec4 5, 0, 32;
    %cmp/u;
    %jmp/1 T_16.13, 6;
    %dup/vec4;
    %pushi/vec4 7, 0, 32;
    %cmp/u;
    %jmp/1 T_16.14, 6;
    %load/vec4 v0x62a52f71d860_0;
    %assign/vec4 v0x62a52f71d860_0, 0;
    %jmp T_16.16;
T_16.8 ;
    %load/vec4 v0x62a52f71eb00_0;
    %flag_set/vec4 8;
    %load/vec4 v0x62a52f71ee20_0;
    %flag_set/vec4 9;
    %flag_or 9, 8;
    %jmp/0xz  T_16.17, 9;
    %pushi/vec4 7, 0, 32;
    %assign/vec4 v0x62a52f71d860_0, 0;
    %jmp T_16.18;
T_16.17 ;
    %load/vec4 v0x62a52f71ce50_0;
    %assign/vec4 v0x62a52f71ea40_0, 0;
    %load/vec4 v0x62a52f71ce50_0;
    %parti/s 18, 16, 6;
    %assign/vec4 v0x62a52f71e3b0_0, 0;
    %load/vec4 v0x62a52f71d030_0;
    %assign/vec4 v0x62a52f71ed30_0, 0;
    %load/vec4 v0x62a52f71da10_0;
    %flag_set/vec4 8;
    %jmp/0xz  T_16.19, 8;
    %pushi/vec4 7, 0, 32;
    %assign/vec4 v0x62a52f71d860_0, 0;
    %jmp T_16.20;
T_16.19 ;
    %pushi/vec4 2, 0, 32;
    %assign/vec4 v0x62a52f71d860_0, 0;
T_16.20 ;
T_16.18 ;
    %jmp T_16.16;
T_16.9 ;
    %load/vec4 v0x62a52f71dbb0_0;
    %assign/vec4 v0x62a52f71ea40_0, 0;
    %load/vec4 v0x62a52f71dbb0_0;
    %assign/vec4 v0x62a52f71de10_0, 0;
    %pushi/vec4 3, 0, 32;
    %assign/vec4 v0x62a52f71d860_0, 0;
    %jmp T_16.16;
T_16.10 ;
    %load/vec4 v0x62a52f71ea40_0;
    %load/vec4 v0x62a52f71dbb0_0;
    %sub;
    %assign/vec4 v0x62a52f71ea40_0, 0;
    %load/vec4 v0x62a52f71de10_0;
    %load/vec4 v0x62a52f71dbb0_0;
    %add;
    %assign/vec4 v0x62a52f71de10_0, 0;
    %load/vec4 v0x62a52f71d940_0;
    %flag_set/vec4 8;
    %jmp/0xz  T_16.21, 8;
    %pushi/vec4 7, 0, 32;
    %assign/vec4 v0x62a52f71d860_0, 0;
    %jmp T_16.22;
T_16.21 ;
    %pushi/vec4 4, 0, 32;
    %assign/vec4 v0x62a52f71d860_0, 0;
T_16.22 ;
    %jmp T_16.16;
T_16.11 ;
    %load/vec4 v0x62a52f71d940_0;
    %flag_set/vec4 8;
    %jmp/0xz  T_16.23, 8;
    %pushi/vec4 7, 0, 32;
    %assign/vec4 v0x62a52f71d860_0, 0;
    %jmp T_16.24;
T_16.23 ;
    %load/vec4 v0x62a52f71dbb0_0;
    %assign/vec4 v0x62a52f71ed30_0, 0;
    %load/vec4 v0x62a52f71d6e0_0;
    %flag_set/vec4 8;
    %jmp/0xz  T_16.25, 8;
    %pushi/vec4 6, 0, 32;
    %assign/vec4 v0x62a52f71d860_0, 0;
    %jmp T_16.26;
T_16.25 ;
    %pushi/vec4 5, 0, 32;
    %assign/vec4 v0x62a52f71d860_0, 0;
T_16.26 ;
T_16.24 ;
    %jmp T_16.16;
T_16.12 ;
    %load/vec4 v0x62a52f71ea40_0;
    %load/vec4 v0x62a52f71d520_0;
    %pad/s 36;
    %ix/load 4, 16, 0;
    %flag_set/imm 4, 0;
    %shiftl 4;
    %add;
    %assign/vec4 v0x62a52f71ea40_0, 0;
    %load/vec4 v0x62a52f71ed30_0;
    %load/vec4 v0x62a52f71d600_0;
    %pad/s 36;
    %ix/load 4, 16, 0;
    %flag_set/imm 4, 0;
    %shiftl 4;
    %add;
    %assign/vec4 v0x62a52f71ed30_0, 0;
    %pushi/vec4 1, 0, 32;
    %assign/vec4 v0x62a52f71d860_0, 0;
    %load/vec4 v0x62a52f71d370_0;
    %addi 1, 0, 16;
    %assign/vec4 v0x62a52f71d370_0, 0;
    %jmp T_16.16;
T_16.13 ;
    %load/vec4 v0x62a52f71ea40_0;
    %load/vec4 v0x62a52f71e6c0_0;
    %pad/s 36;
    %ix/load 4, 16, 0;
    %flag_set/imm 4, 0;
    %shiftl 4;
    %add;
    %assign/vec4 v0x62a52f71ea40_0, 0;
    %load/vec4 v0x62a52f71ed30_0;
    %load/vec4 v0x62a52f71e880_0;
    %pad/s 36;
    %ix/load 4, 16, 0;
    %flag_set/imm 4, 0;
    %shiftl 4;
    %add;
    %assign/vec4 v0x62a52f71ed30_0, 0;
    %pushi/vec4 1, 0, 32;
    %assign/vec4 v0x62a52f71d860_0, 0;
    %load/vec4 v0x62a52f71d370_0;
    %addi 1, 0, 16;
    %assign/vec4 v0x62a52f71d370_0, 0;
    %jmp T_16.16;
T_16.14 ;
    %load/vec4 v0x62a52f71cd80_0;
    %pad/u 32;
    %pushi/vec4 0, 0, 32;
    %cmp/e;
    %flag_get/vec4 4;
    %load/vec4 v0x62a52f71e090_0;
    %and;
    %flag_set/vec4 8;
    %jmp/0xz  T_16.27, 8;
    %pushi/vec4 0, 0, 32;
    %assign/vec4 v0x62a52f71dc80_0, 0;
    %pushi/vec4 0, 0, 32;
    %assign/vec4 v0x62a52f71d860_0, 0;
T_16.27 ;
    %jmp T_16.16;
T_16.16 ;
    %pop/vec4 1;
T_16.6 ;
T_16.3 ;
    %load/vec4 v0x62a52f71e540_0;
    %flag_set/vec4 8;
    %jmp/0xz  T_16.29, 8;
    %pushi/vec4 0, 0, 36;
    %assign/vec4 v0x62a52f71dee0_0, 0;
    %pushi/vec4 1, 0, 32;
    %assign/vec4 v0x62a52f71d1d0_0, 0;
    %pushi/vec4 1, 0, 32;
    %assign/vec4 v0x62a52f71e210_0, 0;
    %pushi/vec4 0, 0, 16;
    %assign/vec4 v0x62a52f71d460_0, 0;
    %load/vec4 v0x62a52f71d6e0_0;
    %flag_set/vec4 8;
    %jmp/0xz  T_16.31, 8;
    %load/vec4 v0x62a52f71e7a0_0;
    %pad/s 36;
    %ix/load 4, 16, 0;
    %flag_set/imm 4, 0;
    %shiftl 4;
    %assign/vec4 v0x62a52f71eba0_0, 0;
    %load/vec4 v0x62a52f71e960_0;
    %pad/s 36;
    %ix/load 4, 16, 0;
    %flag_set/imm 4, 0;
    %shiftl 4;
    %assign/vec4 v0x62a52f71eec0_0, 0;
    %jmp T_16.32;
T_16.31 ;
    %pushi/vec4 0, 0, 36;
    %assign/vec4 v0x62a52f71eba0_0, 0;
    %pushi/vec4 0, 0, 36;
    %assign/vec4 v0x62a52f71eec0_0, 0;
T_16.32 ;
T_16.29 ;
    %load/vec4 v0x62a52f71e600_0;
    %flag_set/vec4 8;
    %jmp/0xz  T_16.33, 8;
    %pushi/vec4 0, 0, 36;
    %assign/vec4 v0x62a52f71de10_0, 0;
    %pushi/vec4 0, 0, 36;
    %assign/vec4 v0x62a52f71dee0_0, 0;
    %pushi/vec4 2, 0, 32;
    %assign/vec4 v0x62a52f71d1d0_0, 0;
    %pushi/vec4 1, 0, 32;
    %assign/vec4 v0x62a52f71dc80_0, 0;
    %pushi/vec4 1, 0, 32;
    %assign/vec4 v0x62a52f71e210_0, 0;
T_16.33 ;
T_16.1 ;
    %jmp T_16;
    .thread T_16;
    .scope S_0x62a52f717d50;
T_17 ;
Ewait_8 .event/or E_0x62a52f5ec0d0, E_0x0;
    %wait Ewait_8;
    %pushi/vec4 0, 0, 1;
    %store/vec4 v0x62a52f71ccc0_0, 0, 1;
    %pushi/vec4 0, 0, 1;
    %store/vec4 v0x62a52f71cd80_0, 0, 1;
    %load/vec4 v0x62a52f71d370_0;
    %store/vec4 v0x62a52f71d290_0, 0, 16;
    %load/vec4 v0x62a52f71d1d0_0;
    %pushi/vec4 2, 0, 32;
    %cmp/e;
    %flag_get/vec4 4;
    %load/vec4 v0x62a52f71d860_0;
    %pushi/vec4 7, 0, 32;
    %cmp/e;
    %flag_get/vec4 4;
    %and;
    %flag_set/vec4 8;
    %jmp/0xz  T_17.0, 8;
    %pushi/vec4 1, 0, 1;
    %store/vec4 v0x62a52f71ccc0_0, 0, 1;
    %load/vec4 v0x62a52f71d370_0;
    %store/vec4 v0x62a52f71d290_0, 0, 16;
    %jmp T_17.1;
T_17.0 ;
    %load/vec4 v0x62a52f71d1d0_0;
    %cmpi/e 1, 0, 32;
    %jmp/0xz  T_17.2, 4;
    %load/vec4 v0x62a52f71d860_0;
    %cmpi/e 7, 0, 32;
    %jmp/0xz  T_17.4, 4;
    %pushi/vec4 0, 0, 1;
    %store/vec4 v0x62a52f71cd80_0, 0, 1;
    %pushi/vec4 1, 0, 1;
    %store/vec4 v0x62a52f71ccc0_0, 0, 1;
    %load/vec4 v0x62a52f71d370_0;
    %store/vec4 v0x62a52f71d290_0, 0, 16;
T_17.4 ;
    %load/vec4 v0x62a52f71e130_0;
    %cmpi/e 7, 0, 32;
    %jmp/0xz  T_17.6, 4;
    %pushi/vec4 1, 0, 1;
    %store/vec4 v0x62a52f71cd80_0, 0, 1;
    %pushi/vec4 1, 0, 1;
    %store/vec4 v0x62a52f71ccc0_0, 0, 1;
    %load/vec4 v0x62a52f71d460_0;
    %store/vec4 v0x62a52f71d290_0, 0, 16;
T_17.6 ;
T_17.2 ;
T_17.1 ;
    %jmp T_17;
    .thread T_17, $push;
    .scope S_0x62a52f6b7cc0;
T_18 ;
    %pushi/vec4 0, 0, 32;
    %store/vec4 v0x62a52f721db0_0, 0, 32;
    %pushi/vec4 0, 0, 32;
    %store/vec4 v0x62a52f721a50_0, 0, 32;
    %end;
    .thread T_18, $init;
    .scope S_0x62a52f6b7cc0;
T_19 ;
    %pushi/vec4 0, 0, 1;
    %store/vec4 v0x62a52f721b50_0, 0, 1;
    %end;
    .thread T_19;
    .scope S_0x62a52f6b7cc0;
T_20 ;
    %delay 5000, 0;
    %load/vec4 v0x62a52f721b50_0;
    %inv;
    %store/vec4 v0x62a52f721b50_0, 0, 1;
    %jmp T_20;
    .thread T_20;
    .scope S_0x62a52f6b7cc0;
T_21 ;
    %vpi_call/w 9 201 "$dumpfile", "sim/waves/tb_multiply_manager_precision.vcd" {0 0 0};
    %vpi_call/w 9 202 "$dumpvars", 32'sb00000000000000000000000000000000, S_0x62a52f6b7cc0 {0 0 0};
    %vpi_call/w 9 204 "$display", "==== tb_multiply_manager_precision : divergence characterisation ====" {0 0 0};
    %alloc S_0x62a52f717ba0;
    %fork TD_tb_multiply_manager_precision.do_reset, S_0x62a52f717ba0;
    %join;
    %free S_0x62a52f717ba0;
    %alloc S_0x62a52f71f640;
    %pushi/str "c=0";
    %store/str v0x62a52f721350_0;
    %pushi/vec4 0, 0, 1;
    %store/vec4 v0x62a52f720f30_0, 0, 1;
    %pushi/vec4 0, 0, 4;
    %store/vec4 v0x62a52f720cb0_0, 0, 4;
    %pushi/vec4 6, 0, 5;
    %store/vec4 v0x62a52f721270_0, 0, 5;
    %pushi/vec4 0, 0, 18;
    %store/vec4 v0x62a52f7204e0_0, 0, 18;
    %pushi/vec4 0, 0, 18;
    %store/vec4 v0x62a52f7205e0_0, 0, 18;
    %alloc S_0x62a52f7216b0;
    %pushi/real 0, 4065; load=0.00000
    %store/real v0x62a52f721990_0;
    %callf/vec4 TD_tb_multiply_manager_precision.to_q216, S_0x62a52f7216b0;
    %free S_0x62a52f7216b0;
    %store/vec4 v0x62a52f721410_0, 0, 18;
    %alloc S_0x62a52f7216b0;
    %pushi/real 0, 4065; load=0.00000
    %store/real v0x62a52f721990_0;
    %callf/vec4 TD_tb_multiply_manager_precision.to_q216, S_0x62a52f7216b0;
    %free S_0x62a52f7216b0;
    %store/vec4 v0x62a52f7214f0_0, 0, 18;
    %fork TD_tb_multiply_manager_precision.run_precision, S_0x62a52f71f640;
    %join;
    %free S_0x62a52f71f640;
    %alloc S_0x62a52f71f640;
    %pushi/str "c=(1.5,0)";
    %store/str v0x62a52f721350_0;
    %pushi/vec4 0, 0, 1;
    %store/vec4 v0x62a52f720f30_0, 0, 1;
    %pushi/vec4 0, 0, 4;
    %store/vec4 v0x62a52f720cb0_0, 0, 4;
    %pushi/vec4 6, 0, 5;
    %store/vec4 v0x62a52f721270_0, 0, 5;
    %pushi/vec4 0, 0, 18;
    %store/vec4 v0x62a52f7204e0_0, 0, 18;
    %pushi/vec4 0, 0, 18;
    %store/vec4 v0x62a52f7205e0_0, 0, 18;
    %alloc S_0x62a52f7216b0;
    %pushi/real 1610612736, 4066; load=1.50000
    %store/real v0x62a52f721990_0;
    %callf/vec4 TD_tb_multiply_manager_precision.to_q216, S_0x62a52f7216b0;
    %free S_0x62a52f7216b0;
    %store/vec4 v0x62a52f721410_0, 0, 18;
    %alloc S_0x62a52f7216b0;
    %pushi/real 0, 4065; load=0.00000
    %store/real v0x62a52f721990_0;
    %callf/vec4 TD_tb_multiply_manager_precision.to_q216, S_0x62a52f7216b0;
    %free S_0x62a52f7216b0;
    %store/vec4 v0x62a52f7214f0_0, 0, 18;
    %fork TD_tb_multiply_manager_precision.run_precision, S_0x62a52f71f640;
    %join;
    %free S_0x62a52f71f640;
    %alloc S_0x62a52f71f640;
    %pushi/str "c=(-1.0,0)";
    %store/str v0x62a52f721350_0;
    %pushi/vec4 0, 0, 1;
    %store/vec4 v0x62a52f720f30_0, 0, 1;
    %pushi/vec4 0, 0, 4;
    %store/vec4 v0x62a52f720cb0_0, 0, 4;
    %pushi/vec4 6, 0, 5;
    %store/vec4 v0x62a52f721270_0, 0, 5;
    %pushi/vec4 0, 0, 18;
    %store/vec4 v0x62a52f7204e0_0, 0, 18;
    %pushi/vec4 0, 0, 18;
    %store/vec4 v0x62a52f7205e0_0, 0, 18;
    %alloc S_0x62a52f7216b0;
    %pushi/real 1073741824, 20450; load=-1.00000
    %store/real v0x62a52f721990_0;
    %callf/vec4 TD_tb_multiply_manager_precision.to_q216, S_0x62a52f7216b0;
    %free S_0x62a52f7216b0;
    %store/vec4 v0x62a52f721410_0, 0, 18;
    %alloc S_0x62a52f7216b0;
    %pushi/real 0, 4065; load=0.00000
    %store/real v0x62a52f721990_0;
    %callf/vec4 TD_tb_multiply_manager_precision.to_q216, S_0x62a52f7216b0;
    %free S_0x62a52f7216b0;
    %store/vec4 v0x62a52f7214f0_0, 0, 18;
    %fork TD_tb_multiply_manager_precision.run_precision, S_0x62a52f71f640;
    %join;
    %free S_0x62a52f71f640;
    %alloc S_0x62a52f71f640;
    %pushi/str "c=(-0.75,0.1)";
    %store/str v0x62a52f721350_0;
    %pushi/vec4 0, 0, 1;
    %store/vec4 v0x62a52f720f30_0, 0, 1;
    %pushi/vec4 0, 0, 4;
    %store/vec4 v0x62a52f720cb0_0, 0, 4;
    %pushi/vec4 8, 0, 5;
    %store/vec4 v0x62a52f721270_0, 0, 5;
    %pushi/vec4 0, 0, 18;
    %store/vec4 v0x62a52f7204e0_0, 0, 18;
    %pushi/vec4 0, 0, 18;
    %store/vec4 v0x62a52f7205e0_0, 0, 18;
    %alloc S_0x62a52f7216b0;
    %pushi/real 1610612736, 20449; load=-0.750000
    %store/real v0x62a52f721990_0;
    %callf/vec4 TD_tb_multiply_manager_precision.to_q216, S_0x62a52f7216b0;
    %free S_0x62a52f7216b0;
    %store/vec4 v0x62a52f721410_0, 0, 18;
    %alloc S_0x62a52f7216b0;
    %pushi/real 1717986918, 4062; load=0.100000
    %pushi/real 1677722, 4040; load=0.100000
    %add/wr;
    %store/real v0x62a52f721990_0;
    %callf/vec4 TD_tb_multiply_manager_precision.to_q216, S_0x62a52f7216b0;
    %free S_0x62a52f7216b0;
    %store/vec4 v0x62a52f7214f0_0, 0, 18;
    %fork TD_tb_multiply_manager_precision.run_precision, S_0x62a52f71f640;
    %join;
    %free S_0x62a52f71f640;
    %alloc S_0x62a52f71f640;
    %pushi/str "c=(0.25,0.5)";
    %store/str v0x62a52f721350_0;
    %pushi/vec4 0, 0, 1;
    %store/vec4 v0x62a52f720f30_0, 0, 1;
    %pushi/vec4 0, 0, 4;
    %store/vec4 v0x62a52f720cb0_0, 0, 4;
    %pushi/vec4 8, 0, 5;
    %store/vec4 v0x62a52f721270_0, 0, 5;
    %pushi/vec4 0, 0, 18;
    %store/vec4 v0x62a52f7204e0_0, 0, 18;
    %pushi/vec4 0, 0, 18;
    %store/vec4 v0x62a52f7205e0_0, 0, 18;
    %alloc S_0x62a52f7216b0;
    %pushi/real 1073741824, 4064; load=0.250000
    %store/real v0x62a52f721990_0;
    %callf/vec4 TD_tb_multiply_manager_precision.to_q216, S_0x62a52f7216b0;
    %free S_0x62a52f7216b0;
    %store/vec4 v0x62a52f721410_0, 0, 18;
    %alloc S_0x62a52f7216b0;
    %pushi/real 1073741824, 4065; load=0.500000
    %store/real v0x62a52f721990_0;
    %callf/vec4 TD_tb_multiply_manager_precision.to_q216, S_0x62a52f7216b0;
    %free S_0x62a52f7216b0;
    %store/vec4 v0x62a52f7214f0_0, 0, 18;
    %fork TD_tb_multiply_manager_precision.run_precision, S_0x62a52f71f640;
    %join;
    %free S_0x62a52f71f640;
    %alloc S_0x62a52f71f640;
    %pushi/str "c=(-0.745,0.113)";
    %store/str v0x62a52f721350_0;
    %pushi/vec4 0, 0, 1;
    %store/vec4 v0x62a52f720f30_0, 0, 1;
    %pushi/vec4 0, 0, 4;
    %store/vec4 v0x62a52f720cb0_0, 0, 4;
    %pushi/vec4 9, 0, 5;
    %store/vec4 v0x62a52f721270_0, 0, 5;
    %pushi/vec4 0, 0, 18;
    %store/vec4 v0x62a52f7204e0_0, 0, 18;
    %pushi/vec4 0, 0, 18;
    %store/vec4 v0x62a52f7205e0_0, 0, 18;
    %alloc S_0x62a52f7216b0;
    %pushi/real 1599875317, 20449; load=-0.745000
    %pushi/real 3187671, 20427; load=-0.745000
    %add/wr;
    %store/real v0x62a52f721990_0;
    %callf/vec4 TD_tb_multiply_manager_precision.to_q216, S_0x62a52f7216b0;
    %free S_0x62a52f7216b0;
    %store/vec4 v0x62a52f721410_0, 0, 18;
    %alloc S_0x62a52f7216b0;
    %pushi/real 1941325217, 4062; load=0.113000
    %pushi/real 3321889, 4040; load=0.113000
    %add/wr;
    %store/real v0x62a52f721990_0;
    %callf/vec4 TD_tb_multiply_manager_precision.to_q216, S_0x62a52f7216b0;
    %free S_0x62a52f7216b0;
    %store/vec4 v0x62a52f7214f0_0, 0, 18;
    %fork TD_tb_multiply_manager_precision.run_precision, S_0x62a52f71f640;
    %join;
    %free S_0x62a52f71f640;
    %alloc S_0x62a52f71f640;
    %pushi/str "c=(0.0001,0)";
    %store/str v0x62a52f721350_0;
    %pushi/vec4 0, 0, 1;
    %store/vec4 v0x62a52f720f30_0, 0, 1;
    %pushi/vec4 0, 0, 4;
    %store/vec4 v0x62a52f720cb0_0, 0, 4;
    %pushi/vec4 9, 0, 5;
    %store/vec4 v0x62a52f721270_0, 0, 5;
    %pushi/vec4 0, 0, 18;
    %store/vec4 v0x62a52f7204e0_0, 0, 18;
    %pushi/vec4 0, 0, 18;
    %store/vec4 v0x62a52f7205e0_0, 0, 18;
    %alloc S_0x62a52f7216b0;
    %pushi/real 1759218604, 4052; load=0.000100000
    %pushi/real 1852205, 4030; load=0.000100000
    %add/wr;
    %store/real v0x62a52f721990_0;
    %callf/vec4 TD_tb_multiply_manager_precision.to_q216, S_0x62a52f7216b0;
    %free S_0x62a52f7216b0;
    %store/vec4 v0x62a52f721410_0, 0, 18;
    %alloc S_0x62a52f7216b0;
    %pushi/real 0, 4065; load=0.00000
    %store/real v0x62a52f721990_0;
    %callf/vec4 TD_tb_multiply_manager_precision.to_q216, S_0x62a52f7216b0;
    %free S_0x62a52f7216b0;
    %store/vec4 v0x62a52f7214f0_0, 0, 18;
    %fork TD_tb_multiply_manager_precision.run_precision, S_0x62a52f71f640;
    %join;
    %free S_0x62a52f71f640;
    %alloc S_0x62a52f71f640;
    %pushi/str "c=(0.000015,0)";
    %store/str v0x62a52f721350_0;
    %pushi/vec4 0, 0, 1;
    %store/vec4 v0x62a52f720f30_0, 0, 1;
    %pushi/vec4 0, 0, 4;
    %store/vec4 v0x62a52f720cb0_0, 0, 4;
    %pushi/vec4 9, 0, 5;
    %store/vec4 v0x62a52f721270_0, 0, 5;
    %pushi/vec4 0, 0, 18;
    %store/vec4 v0x62a52f7204e0_0, 0, 18;
    %pushi/vec4 0, 0, 18;
    %store/vec4 v0x62a52f7205e0_0, 0, 18;
    %alloc S_0x62a52f7216b0;
    %pushi/real 2111062325, 4049; load=1.50000e-05
    %pushi/real 1383785, 4027; load=1.50000e-05
    %add/wr;
    %store/real v0x62a52f721990_0;
    %callf/vec4 TD_tb_multiply_manager_precision.to_q216, S_0x62a52f7216b0;
    %free S_0x62a52f7216b0;
    %store/vec4 v0x62a52f721410_0, 0, 18;
    %alloc S_0x62a52f7216b0;
    %pushi/real 0, 4065; load=0.00000
    %store/real v0x62a52f721990_0;
    %callf/vec4 TD_tb_multiply_manager_precision.to_q216, S_0x62a52f7216b0;
    %free S_0x62a52f7216b0;
    %store/vec4 v0x62a52f7214f0_0, 0, 18;
    %fork TD_tb_multiply_manager_precision.run_precision, S_0x62a52f71f640;
    %join;
    %free S_0x62a52f71f640;
    %alloc S_0x62a52f71f640;
    %pushi/str "c=(2,0)";
    %store/str v0x62a52f721350_0;
    %pushi/vec4 0, 0, 1;
    %store/vec4 v0x62a52f720f30_0, 0, 1;
    %pushi/vec4 0, 0, 4;
    %store/vec4 v0x62a52f720cb0_0, 0, 4;
    %pushi/vec4 6, 0, 5;
    %store/vec4 v0x62a52f721270_0, 0, 5;
    %pushi/vec4 0, 0, 18;
    %store/vec4 v0x62a52f7204e0_0, 0, 18;
    %pushi/vec4 0, 0, 18;
    %store/vec4 v0x62a52f7205e0_0, 0, 18;
    %alloc S_0x62a52f7216b0;
    %pushi/real 1073741824, 4067; load=2.00000
    %store/real v0x62a52f721990_0;
    %callf/vec4 TD_tb_multiply_manager_precision.to_q216, S_0x62a52f7216b0;
    %free S_0x62a52f7216b0;
    %store/vec4 v0x62a52f721410_0, 0, 18;
    %alloc S_0x62a52f7216b0;
    %pushi/real 0, 4065; load=0.00000
    %store/real v0x62a52f721990_0;
    %callf/vec4 TD_tb_multiply_manager_precision.to_q216, S_0x62a52f7216b0;
    %free S_0x62a52f7216b0;
    %store/vec4 v0x62a52f7214f0_0, 0, 18;
    %fork TD_tb_multiply_manager_precision.run_precision, S_0x62a52f71f640;
    %join;
    %free S_0x62a52f71f640;
    %alloc S_0x62a52f71f640;
    %pushi/str "c=(-2,0)";
    %store/str v0x62a52f721350_0;
    %pushi/vec4 0, 0, 1;
    %store/vec4 v0x62a52f720f30_0, 0, 1;
    %pushi/vec4 0, 0, 4;
    %store/vec4 v0x62a52f720cb0_0, 0, 4;
    %pushi/vec4 6, 0, 5;
    %store/vec4 v0x62a52f721270_0, 0, 5;
    %pushi/vec4 0, 0, 18;
    %store/vec4 v0x62a52f7204e0_0, 0, 18;
    %pushi/vec4 0, 0, 18;
    %store/vec4 v0x62a52f7205e0_0, 0, 18;
    %alloc S_0x62a52f7216b0;
    %pushi/real 1073741824, 20451; load=-2.00000
    %store/real v0x62a52f721990_0;
    %callf/vec4 TD_tb_multiply_manager_precision.to_q216, S_0x62a52f7216b0;
    %free S_0x62a52f7216b0;
    %store/vec4 v0x62a52f721410_0, 0, 18;
    %alloc S_0x62a52f7216b0;
    %pushi/real 0, 4065; load=0.00000
    %store/real v0x62a52f721990_0;
    %callf/vec4 TD_tb_multiply_manager_precision.to_q216, S_0x62a52f7216b0;
    %free S_0x62a52f7216b0;
    %store/vec4 v0x62a52f7214f0_0, 0, 18;
    %fork TD_tb_multiply_manager_precision.run_precision, S_0x62a52f71f640;
    %join;
    %free S_0x62a52f71f640;
    %alloc S_0x62a52f71f640;
    %pushi/str "c=(1,1)";
    %store/str v0x62a52f721350_0;
    %pushi/vec4 0, 0, 1;
    %store/vec4 v0x62a52f720f30_0, 0, 1;
    %pushi/vec4 0, 0, 4;
    %store/vec4 v0x62a52f720cb0_0, 0, 4;
    %pushi/vec4 6, 0, 5;
    %store/vec4 v0x62a52f721270_0, 0, 5;
    %pushi/vec4 0, 0, 18;
    %store/vec4 v0x62a52f7204e0_0, 0, 18;
    %pushi/vec4 0, 0, 18;
    %store/vec4 v0x62a52f7205e0_0, 0, 18;
    %alloc S_0x62a52f7216b0;
    %pushi/real 1073741824, 4066; load=1.00000
    %store/real v0x62a52f721990_0;
    %callf/vec4 TD_tb_multiply_manager_precision.to_q216, S_0x62a52f7216b0;
    %free S_0x62a52f7216b0;
    %store/vec4 v0x62a52f721410_0, 0, 18;
    %alloc S_0x62a52f7216b0;
    %pushi/real 1073741824, 4066; load=1.00000
    %store/real v0x62a52f721990_0;
    %callf/vec4 TD_tb_multiply_manager_precision.to_q216, S_0x62a52f7216b0;
    %free S_0x62a52f7216b0;
    %store/vec4 v0x62a52f7214f0_0, 0, 18;
    %fork TD_tb_multiply_manager_precision.run_precision, S_0x62a52f71f640;
    %join;
    %free S_0x62a52f71f640;
    %alloc S_0x62a52f71f640;
    %pushi/str "c=(-1.8,1.8)";
    %store/str v0x62a52f721350_0;
    %pushi/vec4 0, 0, 1;
    %store/vec4 v0x62a52f720f30_0, 0, 1;
    %pushi/vec4 0, 0, 4;
    %store/vec4 v0x62a52f720cb0_0, 0, 4;
    %pushi/vec4 6, 0, 5;
    %store/vec4 v0x62a52f721270_0, 0, 5;
    %pushi/vec4 0, 0, 18;
    %store/vec4 v0x62a52f7204e0_0, 0, 18;
    %pushi/vec4 0, 0, 18;
    %store/vec4 v0x62a52f7205e0_0, 0, 18;
    %alloc S_0x62a52f7216b0;
    %pushi/real 1932735283, 20450; load=-1.80000
    %pushi/real 838861, 20428; load=-1.80000
    %add/wr;
    %store/real v0x62a52f721990_0;
    %callf/vec4 TD_tb_multiply_manager_precision.to_q216, S_0x62a52f7216b0;
    %free S_0x62a52f7216b0;
    %store/vec4 v0x62a52f721410_0, 0, 18;
    %alloc S_0x62a52f7216b0;
    %pushi/real 1932735283, 4066; load=1.80000
    %pushi/real 838861, 4044; load=1.80000
    %add/wr;
    %store/real v0x62a52f721990_0;
    %callf/vec4 TD_tb_multiply_manager_precision.to_q216, S_0x62a52f7216b0;
    %free S_0x62a52f7216b0;
    %store/vec4 v0x62a52f7214f0_0, 0, 18;
    %fork TD_tb_multiply_manager_precision.run_precision, S_0x62a52f71f640;
    %join;
    %free S_0x62a52f71f640;
    %alloc S_0x62a52f71f640;
    %pushi/str "c=(-0.125,0.744)";
    %store/str v0x62a52f721350_0;
    %pushi/vec4 0, 0, 1;
    %store/vec4 v0x62a52f720f30_0, 0, 1;
    %pushi/vec4 0, 0, 4;
    %store/vec4 v0x62a52f720cb0_0, 0, 4;
    %pushi/vec4 10, 0, 5;
    %store/vec4 v0x62a52f721270_0, 0, 5;
    %pushi/vec4 0, 0, 18;
    %store/vec4 v0x62a52f7204e0_0, 0, 18;
    %pushi/vec4 0, 0, 18;
    %store/vec4 v0x62a52f7205e0_0, 0, 18;
    %alloc S_0x62a52f7216b0;
    %pushi/real 1073741824, 20447; load=-0.125000
    %store/real v0x62a52f721990_0;
    %callf/vec4 TD_tb_multiply_manager_precision.to_q216, S_0x62a52f7216b0;
    %free S_0x62a52f7216b0;
    %store/vec4 v0x62a52f721410_0, 0, 18;
    %alloc S_0x62a52f7216b0;
    %pushi/real 1597727834, 4065; load=0.744000
    %pushi/real 469762, 4043; load=0.744000
    %add/wr;
    %store/real v0x62a52f721990_0;
    %callf/vec4 TD_tb_multiply_manager_precision.to_q216, S_0x62a52f7216b0;
    %free S_0x62a52f7216b0;
    %store/vec4 v0x62a52f7214f0_0, 0, 18;
    %fork TD_tb_multiply_manager_precision.run_precision, S_0x62a52f71f640;
    %join;
    %free S_0x62a52f71f640;
    %alloc S_0x62a52f71f640;
    %pushi/str "c=(-0.1011,0.9563)";
    %store/str v0x62a52f721350_0;
    %pushi/vec4 0, 0, 1;
    %store/vec4 v0x62a52f720f30_0, 0, 1;
    %pushi/vec4 0, 0, 4;
    %store/vec4 v0x62a52f720cb0_0, 0, 4;
    %pushi/vec4 10, 0, 5;
    %store/vec4 v0x62a52f721270_0, 0, 5;
    %pushi/vec4 0, 0, 18;
    %store/vec4 v0x62a52f7204e0_0, 0, 18;
    %pushi/vec4 0, 0, 18;
    %store/vec4 v0x62a52f7205e0_0, 0, 18;
    %alloc S_0x62a52f7216b0;
    %pushi/real 1736884774, 20446; load=-0.101100
    %pushi/real 2107218, 20424; load=-0.101100
    %add/wr;
    %store/real v0x62a52f721990_0;
    %callf/vec4 TD_tb_multiply_manager_precision.to_q216, S_0x62a52f7216b0;
    %free S_0x62a52f7216b0;
    %store/vec4 v0x62a52f721410_0, 0, 18;
    %alloc S_0x62a52f7216b0;
    %pushi/real 2053638612, 4065; load=0.956300
    %pushi/real 2442763, 4043; load=0.956300
    %add/wr;
    %store/real v0x62a52f721990_0;
    %callf/vec4 TD_tb_multiply_manager_precision.to_q216, S_0x62a52f7216b0;
    %free S_0x62a52f7216b0;
    %store/vec4 v0x62a52f7214f0_0, 0, 18;
    %fork TD_tb_multiply_manager_precision.run_precision, S_0x62a52f71f640;
    %join;
    %free S_0x62a52f71f640;
    %alloc S_0x62a52f71f640;
    %pushi/str "c=(-0.75,0)";
    %store/str v0x62a52f721350_0;
    %pushi/vec4 0, 0, 1;
    %store/vec4 v0x62a52f720f30_0, 0, 1;
    %pushi/vec4 0, 0, 4;
    %store/vec4 v0x62a52f720cb0_0, 0, 4;
    %pushi/vec4 12, 0, 5;
    %store/vec4 v0x62a52f721270_0, 0, 5;
    %pushi/vec4 0, 0, 18;
    %store/vec4 v0x62a52f7204e0_0, 0, 18;
    %pushi/vec4 0, 0, 18;
    %store/vec4 v0x62a52f7205e0_0, 0, 18;
    %alloc S_0x62a52f7216b0;
    %pushi/real 1610612736, 20449; load=-0.750000
    %store/real v0x62a52f721990_0;
    %callf/vec4 TD_tb_multiply_manager_precision.to_q216, S_0x62a52f7216b0;
    %free S_0x62a52f7216b0;
    %store/vec4 v0x62a52f721410_0, 0, 18;
    %alloc S_0x62a52f7216b0;
    %pushi/real 0, 4065; load=0.00000
    %store/real v0x62a52f721990_0;
    %callf/vec4 TD_tb_multiply_manager_precision.to_q216, S_0x62a52f7216b0;
    %free S_0x62a52f7216b0;
    %store/vec4 v0x62a52f7214f0_0, 0, 18;
    %fork TD_tb_multiply_manager_precision.run_precision, S_0x62a52f71f640;
    %join;
    %free S_0x62a52f71f640;
    %alloc S_0x62a52f71f640;
    %pushi/str "boundary_1";
    %store/str v0x62a52f721350_0;
    %pushi/vec4 0, 0, 1;
    %store/vec4 v0x62a52f720f30_0, 0, 1;
    %pushi/vec4 0, 0, 4;
    %store/vec4 v0x62a52f720cb0_0, 0, 4;
    %pushi/vec4 12, 0, 5;
    %store/vec4 v0x62a52f721270_0, 0, 5;
    %pushi/vec4 0, 0, 18;
    %store/vec4 v0x62a52f7204e0_0, 0, 18;
    %pushi/vec4 0, 0, 18;
    %store/vec4 v0x62a52f7205e0_0, 0, 18;
    %alloc S_0x62a52f7216b0;
    %pushi/real 1596654092, 20449; load=-0.743500
    %pushi/real 1207960, 20427; load=-0.743500
    %add/wr;
    %store/real v0x62a52f721990_0;
    %callf/vec4 TD_tb_multiply_manager_precision.to_q216, S_0x62a52f7216b0;
    %free S_0x62a52f7216b0;
    %store/vec4 v0x62a52f721410_0, 0, 18;
    %alloc S_0x62a52f7216b0;
    %pushi/real 1128717405, 4063; load=0.131400
    %pushi/real 1630745, 4041; load=0.131400
    %add/wr;
    %store/real v0x62a52f721990_0;
    %callf/vec4 TD_tb_multiply_manager_precision.to_q216, S_0x62a52f7216b0;
    %free S_0x62a52f7216b0;
    %store/vec4 v0x62a52f7214f0_0, 0, 18;
    %fork TD_tb_multiply_manager_precision.run_precision, S_0x62a52f71f640;
    %join;
    %free S_0x62a52f71f640;
    %alloc S_0x62a52f71f640;
    %pushi/str "boundary_2";
    %store/str v0x62a52f721350_0;
    %pushi/vec4 0, 0, 1;
    %store/vec4 v0x62a52f720f30_0, 0, 1;
    %pushi/vec4 0, 0, 4;
    %store/vec4 v0x62a52f720cb0_0, 0, 4;
    %pushi/vec4 12, 0, 5;
    %store/vec4 v0x62a52f721270_0, 0, 5;
    %pushi/vec4 0, 0, 18;
    %store/vec4 v0x62a52f7204e0_0, 0, 18;
    %pushi/vec4 0, 0, 18;
    %store/vec4 v0x62a52f7205e0_0, 0, 18;
    %alloc S_0x62a52f7216b0;
    %pushi/real 1596868840, 20449; load=-0.743600
    %pushi/real 2738042, 20427; load=-0.743600
    %add/wr;
    %store/real v0x62a52f721990_0;
    %callf/vec4 TD_tb_multiply_manager_precision.to_q216, S_0x62a52f7216b0;
    %free S_0x62a52f7216b0;
    %store/vec4 v0x62a52f721410_0, 0, 18;
    %alloc S_0x62a52f7216b0;
    %pushi/real 1129576398, 4063; load=0.131500
    %pushi/real 3556770, 4041; load=0.131500
    %add/wr;
    %store/real v0x62a52f721990_0;
    %callf/vec4 TD_tb_multiply_manager_precision.to_q216, S_0x62a52f7216b0;
    %free S_0x62a52f7216b0;
    %store/vec4 v0x62a52f7214f0_0, 0, 18;
    %fork TD_tb_multiply_manager_precision.run_precision, S_0x62a52f71f640;
    %join;
    %free S_0x62a52f71f640;
    %alloc S_0x62a52f71f640;
    %pushi/str "boundary_3";
    %store/str v0x62a52f721350_0;
    %pushi/vec4 0, 0, 1;
    %store/vec4 v0x62a52f720f30_0, 0, 1;
    %pushi/vec4 0, 0, 4;
    %store/vec4 v0x62a52f720cb0_0, 0, 4;
    %pushi/vec4 12, 0, 5;
    %store/vec4 v0x62a52f721270_0, 0, 5;
    %pushi/vec4 0, 0, 18;
    %store/vec4 v0x62a52f7204e0_0, 0, 18;
    %pushi/vec4 0, 0, 18;
    %store/vec4 v0x62a52f7205e0_0, 0, 18;
    %alloc S_0x62a52f7216b0;
    %pushi/real 1736816055, 20446; load=-0.101096
    %pushi/real 107643, 20424; load=-0.101096
    %add/wr;
    %store/real v0x62a52f721990_0;
    %callf/vec4 TD_tb_multiply_manager_precision.to_q216, S_0x62a52f7216b0;
    %free S_0x62a52f7216b0;
    %store/vec4 v0x62a52f721410_0, 0, 18;
    %alloc S_0x62a52f7216b0;
    %pushi/real 2053610695, 4065; load=0.956287
    %pushi/real 1237219, 4043; load=0.956287
    %add/wr;
    %store/real v0x62a52f721990_0;
    %callf/vec4 TD_tb_multiply_manager_precision.to_q216, S_0x62a52f7216b0;
    %free S_0x62a52f7216b0;
    %store/vec4 v0x62a52f7214f0_0, 0, 18;
    %fork TD_tb_multiply_manager_precision.run_precision, S_0x62a52f71f640;
    %join;
    %free S_0x62a52f71f640;
    %alloc S_0x62a52f71f640;
    %pushi/str "boundary_4";
    %store/str v0x62a52f721350_0;
    %pushi/vec4 0, 0, 1;
    %store/vec4 v0x62a52f720f30_0, 0, 1;
    %pushi/vec4 0, 0, 4;
    %store/vec4 v0x62a52f720cb0_0, 0, 4;
    %pushi/vec4 12, 0, 5;
    %store/vec4 v0x62a52f721270_0, 0, 5;
    %pushi/vec4 0, 0, 18;
    %store/vec4 v0x62a52f7204e0_0, 0, 18;
    %pushi/vec4 0, 0, 18;
    %store/vec4 v0x62a52f7205e0_0, 0, 18;
    %alloc S_0x62a52f7216b0;
    %pushi/real 1342885949, 20450; load=-1.25066
    %pushi/real 2532689, 20428; load=-1.25066
    %add/wr;
    %store/real v0x62a52f721990_0;
    %callf/vec4 TD_tb_multiply_manager_precision.to_q216, S_0x62a52f7216b0;
    %free S_0x62a52f7216b0;
    %store/vec4 v0x62a52f721410_0, 0, 18;
    %alloc S_0x62a52f7216b0;
    %pushi/real 1382635871, 4060; load=0.0201200
    %pushi/real 3893656, 4038; load=0.0201200
    %add/wr;
    %store/real v0x62a52f721990_0;
    %callf/vec4 TD_tb_multiply_manager_precision.to_q216, S_0x62a52f7216b0;
    %free S_0x62a52f7216b0;
    %store/vec4 v0x62a52f7214f0_0, 0, 18;
    %fork TD_tb_multiply_manager_precision.run_precision, S_0x62a52f71f640;
    %join;
    %free S_0x62a52f71f640;
    %alloc S_0x62a52f71f640;
    %pushi/str "eps_1";
    %store/str v0x62a52f721350_0;
    %pushi/vec4 0, 0, 1;
    %store/vec4 v0x62a52f720f30_0, 0, 1;
    %pushi/vec4 0, 0, 4;
    %store/vec4 v0x62a52f720cb0_0, 0, 4;
    %pushi/vec4 10, 0, 5;
    %store/vec4 v0x62a52f721270_0, 0, 5;
    %pushi/vec4 0, 0, 18;
    %store/vec4 v0x62a52f7204e0_0, 0, 18;
    %pushi/vec4 0, 0, 18;
    %store/vec4 v0x62a52f7205e0_0, 0, 18;
    %alloc S_0x62a52f7216b0;
    %pushi/real 1073741824, 4065; load=0.500000
    %store/real v0x62a52f721990_0;
    %callf/vec4 TD_tb_multiply_manager_precision.to_q216, S_0x62a52f7216b0;
    %free S_0x62a52f7216b0;
    %store/vec4 v0x62a52f721410_0, 0, 18;
    %alloc S_0x62a52f7216b0;
    %pushi/real 1073741824, 4065; load=0.500000
    %store/real v0x62a52f721990_0;
    %callf/vec4 TD_tb_multiply_manager_precision.to_q216, S_0x62a52f7216b0;
    %free S_0x62a52f7216b0;
    %store/vec4 v0x62a52f7214f0_0, 0, 18;
    %fork TD_tb_multiply_manager_precision.run_precision, S_0x62a52f71f640;
    %join;
    %free S_0x62a52f71f640;
    %alloc S_0x62a52f71f640;
    %pushi/str "eps_2";
    %store/str v0x62a52f721350_0;
    %pushi/vec4 0, 0, 1;
    %store/vec4 v0x62a52f720f30_0, 0, 1;
    %pushi/vec4 0, 0, 4;
    %store/vec4 v0x62a52f720cb0_0, 0, 4;
    %pushi/vec4 10, 0, 5;
    %store/vec4 v0x62a52f721270_0, 0, 5;
    %pushi/vec4 0, 0, 18;
    %store/vec4 v0x62a52f7204e0_0, 0, 18;
    %pushi/vec4 0, 0, 18;
    %store/vec4 v0x62a52f7205e0_0, 0, 18;
    %alloc S_0x62a52f7216b0;
    %pushi/real 1073774036, 4065; load=0.500015
    %pushi/real 1068373, 4043; load=0.500015
    %add/wr;
    %store/real v0x62a52f721990_0;
    %callf/vec4 TD_tb_multiply_manager_precision.to_q216, S_0x62a52f7216b0;
    %free S_0x62a52f7216b0;
    %store/vec4 v0x62a52f721410_0, 0, 18;
    %alloc S_0x62a52f7216b0;
    %pushi/real 1073741824, 4065; load=0.500000
    %store/real v0x62a52f721990_0;
    %callf/vec4 TD_tb_multiply_manager_precision.to_q216, S_0x62a52f7216b0;
    %free S_0x62a52f7216b0;
    %store/vec4 v0x62a52f7214f0_0, 0, 18;
    %fork TD_tb_multiply_manager_precision.run_precision, S_0x62a52f71f640;
    %join;
    %free S_0x62a52f71f640;
    %alloc S_0x62a52f71f640;
    %pushi/str "eps_3";
    %store/str v0x62a52f721350_0;
    %pushi/vec4 0, 0, 1;
    %store/vec4 v0x62a52f720f30_0, 0, 1;
    %pushi/vec4 0, 0, 4;
    %store/vec4 v0x62a52f720cb0_0, 0, 4;
    %pushi/vec4 10, 0, 5;
    %store/vec4 v0x62a52f721270_0, 0, 5;
    %pushi/vec4 0, 0, 18;
    %store/vec4 v0x62a52f7204e0_0, 0, 18;
    %pushi/vec4 0, 0, 18;
    %store/vec4 v0x62a52f7205e0_0, 0, 18;
    %alloc S_0x62a52f7216b0;
    %pushi/real 1073806248, 4065; load=0.500030
    %pushi/real 2136746, 4043; load=0.500030
    %add/wr;
    %store/real v0x62a52f721990_0;
    %callf/vec4 TD_tb_multiply_manager_precision.to_q216, S_0x62a52f7216b0;
    %free S_0x62a52f7216b0;
    %store/vec4 v0x62a52f721410_0, 0, 18;
    %alloc S_0x62a52f7216b0;
    %pushi/real 1073741824, 4065; load=0.500000
    %store/real v0x62a52f721990_0;
    %callf/vec4 TD_tb_multiply_manager_precision.to_q216, S_0x62a52f7216b0;
    %free S_0x62a52f7216b0;
    %store/vec4 v0x62a52f7214f0_0, 0, 18;
    %fork TD_tb_multiply_manager_precision.run_precision, S_0x62a52f71f640;
    %join;
    %free S_0x62a52f71f640;
    %alloc S_0x62a52f71f640;
    %pushi/str "symm(+y)";
    %store/str v0x62a52f721350_0;
    %pushi/vec4 0, 0, 1;
    %store/vec4 v0x62a52f720f30_0, 0, 1;
    %pushi/vec4 0, 0, 4;
    %store/vec4 v0x62a52f720cb0_0, 0, 4;
    %pushi/vec4 10, 0, 5;
    %store/vec4 v0x62a52f721270_0, 0, 5;
    %pushi/vec4 0, 0, 18;
    %store/vec4 v0x62a52f7204e0_0, 0, 18;
    %pushi/vec4 0, 0, 18;
    %store/vec4 v0x62a52f7205e0_0, 0, 18;
    %alloc S_0x62a52f7216b0;
    %pushi/real 1717986918, 20447; load=-0.200000
    %pushi/real 1677722, 20425; load=-0.200000
    %add/wr;
    %store/real v0x62a52f721990_0;
    %callf/vec4 TD_tb_multiply_manager_precision.to_q216, S_0x62a52f7216b0;
    %free S_0x62a52f7216b0;
    %store/vec4 v0x62a52f721410_0, 0, 18;
    %alloc S_0x62a52f7216b0;
    %pushi/real 1503238553, 4065; load=0.700000
    %pushi/real 2516582, 4043; load=0.700000
    %add/wr;
    %store/real v0x62a52f721990_0;
    %callf/vec4 TD_tb_multiply_manager_precision.to_q216, S_0x62a52f7216b0;
    %free S_0x62a52f7216b0;
    %store/vec4 v0x62a52f7214f0_0, 0, 18;
    %fork TD_tb_multiply_manager_precision.run_precision, S_0x62a52f71f640;
    %join;
    %free S_0x62a52f71f640;
    %alloc S_0x62a52f71f640;
    %pushi/str "symm(-y)";
    %store/str v0x62a52f721350_0;
    %pushi/vec4 0, 0, 1;
    %store/vec4 v0x62a52f720f30_0, 0, 1;
    %pushi/vec4 0, 0, 4;
    %store/vec4 v0x62a52f720cb0_0, 0, 4;
    %pushi/vec4 10, 0, 5;
    %store/vec4 v0x62a52f721270_0, 0, 5;
    %pushi/vec4 0, 0, 18;
    %store/vec4 v0x62a52f7204e0_0, 0, 18;
    %pushi/vec4 0, 0, 18;
    %store/vec4 v0x62a52f7205e0_0, 0, 18;
    %alloc S_0x62a52f7216b0;
    %pushi/real 1717986918, 20447; load=-0.200000
    %pushi/real 1677722, 20425; load=-0.200000
    %add/wr;
    %store/real v0x62a52f721990_0;
    %callf/vec4 TD_tb_multiply_manager_precision.to_q216, S_0x62a52f7216b0;
    %free S_0x62a52f7216b0;
    %store/vec4 v0x62a52f721410_0, 0, 18;
    %alloc S_0x62a52f7216b0;
    %pushi/real 1503238553, 20449; load=-0.700000
    %pushi/real 2516582, 20427; load=-0.700000
    %add/wr;
    %store/real v0x62a52f721990_0;
    %callf/vec4 TD_tb_multiply_manager_precision.to_q216, S_0x62a52f7216b0;
    %free S_0x62a52f7216b0;
    %store/vec4 v0x62a52f7214f0_0, 0, 18;
    %fork TD_tb_multiply_manager_precision.run_precision, S_0x62a52f71f640;
    %join;
    %free S_0x62a52f71f640;
    %alloc S_0x62a52f71f640;
    %pushi/str "range_max_pos";
    %store/str v0x62a52f721350_0;
    %pushi/vec4 0, 0, 1;
    %store/vec4 v0x62a52f720f30_0, 0, 1;
    %pushi/vec4 0, 0, 4;
    %store/vec4 v0x62a52f720cb0_0, 0, 4;
    %pushi/vec4 6, 0, 5;
    %store/vec4 v0x62a52f721270_0, 0, 5;
    %pushi/vec4 0, 0, 18;
    %store/vec4 v0x62a52f7204e0_0, 0, 18;
    %pushi/vec4 0, 0, 18;
    %store/vec4 v0x62a52f7205e0_0, 0, 18;
    %alloc S_0x62a52f7216b0;
    %pushi/real 2146409906, 4066; load=1.99900
    %pushi/real 738198, 4044; load=1.99900
    %add/wr;
    %store/real v0x62a52f721990_0;
    %callf/vec4 TD_tb_multiply_manager_precision.to_q216, S_0x62a52f7216b0;
    %free S_0x62a52f7216b0;
    %store/vec4 v0x62a52f721410_0, 0, 18;
    %alloc S_0x62a52f7216b0;
    %pushi/real 2146409906, 4066; load=1.99900
    %pushi/real 738198, 4044; load=1.99900
    %add/wr;
    %store/real v0x62a52f721990_0;
    %callf/vec4 TD_tb_multiply_manager_precision.to_q216, S_0x62a52f7216b0;
    %free S_0x62a52f7216b0;
    %store/vec4 v0x62a52f7214f0_0, 0, 18;
    %fork TD_tb_multiply_manager_precision.run_precision, S_0x62a52f71f640;
    %join;
    %free S_0x62a52f71f640;
    %alloc S_0x62a52f71f640;
    %pushi/str "range_max_neg";
    %store/str v0x62a52f721350_0;
    %pushi/vec4 0, 0, 1;
    %store/vec4 v0x62a52f720f30_0, 0, 1;
    %pushi/vec4 0, 0, 4;
    %store/vec4 v0x62a52f720cb0_0, 0, 4;
    %pushi/vec4 6, 0, 5;
    %store/vec4 v0x62a52f721270_0, 0, 5;
    %pushi/vec4 0, 0, 18;
    %store/vec4 v0x62a52f7204e0_0, 0, 18;
    %pushi/vec4 0, 0, 18;
    %store/vec4 v0x62a52f7205e0_0, 0, 18;
    %alloc S_0x62a52f7216b0;
    %pushi/real 2146409906, 20450; load=-1.99900
    %pushi/real 738198, 20428; load=-1.99900
    %add/wr;
    %store/real v0x62a52f721990_0;
    %callf/vec4 TD_tb_multiply_manager_precision.to_q216, S_0x62a52f7216b0;
    %free S_0x62a52f7216b0;
    %store/vec4 v0x62a52f721410_0, 0, 18;
    %alloc S_0x62a52f7216b0;
    %pushi/real 2146409906, 20450; load=-1.99900
    %pushi/real 738198, 20428; load=-1.99900
    %add/wr;
    %store/real v0x62a52f721990_0;
    %callf/vec4 TD_tb_multiply_manager_precision.to_q216, S_0x62a52f7216b0;
    %free S_0x62a52f7216b0;
    %store/vec4 v0x62a52f7214f0_0, 0, 18;
    %fork TD_tb_multiply_manager_precision.run_precision, S_0x62a52f71f640;
    %join;
    %free S_0x62a52f71f640;
    %alloc S_0x62a52f71f640;
    %pushi/str "range_mix";
    %store/str v0x62a52f721350_0;
    %pushi/vec4 0, 0, 1;
    %store/vec4 v0x62a52f720f30_0, 0, 1;
    %pushi/vec4 0, 0, 4;
    %store/vec4 v0x62a52f720cb0_0, 0, 4;
    %pushi/vec4 6, 0, 5;
    %store/vec4 v0x62a52f721270_0, 0, 5;
    %pushi/vec4 0, 0, 18;
    %store/vec4 v0x62a52f7204e0_0, 0, 18;
    %pushi/vec4 0, 0, 18;
    %store/vec4 v0x62a52f7205e0_0, 0, 18;
    %alloc S_0x62a52f7216b0;
    %pushi/real 2146409906, 4066; load=1.99900
    %pushi/real 738198, 4044; load=1.99900
    %add/wr;
    %store/real v0x62a52f721990_0;
    %callf/vec4 TD_tb_multiply_manager_precision.to_q216, S_0x62a52f7216b0;
    %free S_0x62a52f7216b0;
    %store/vec4 v0x62a52f721410_0, 0, 18;
    %alloc S_0x62a52f7216b0;
    %pushi/real 2146409906, 20450; load=-1.99900
    %pushi/real 738198, 20428; load=-1.99900
    %add/wr;
    %store/real v0x62a52f721990_0;
    %callf/vec4 TD_tb_multiply_manager_precision.to_q216, S_0x62a52f7216b0;
    %free S_0x62a52f7216b0;
    %store/vec4 v0x62a52f7214f0_0, 0, 18;
    %fork TD_tb_multiply_manager_precision.run_precision, S_0x62a52f71f640;
    %join;
    %free S_0x62a52f71f640;
    %alloc S_0x62a52f71f640;
    %pushi/str "bship(-1.7,-0.01)";
    %store/str v0x62a52f721350_0;
    %pushi/vec4 0, 0, 1;
    %store/vec4 v0x62a52f720f30_0, 0, 1;
    %pushi/vec4 12, 0, 4;
    %store/vec4 v0x62a52f720cb0_0, 0, 4;
    %pushi/vec4 8, 0, 5;
    %store/vec4 v0x62a52f721270_0, 0, 5;
    %pushi/vec4 0, 0, 18;
    %store/vec4 v0x62a52f7204e0_0, 0, 18;
    %pushi/vec4 0, 0, 18;
    %store/vec4 v0x62a52f7205e0_0, 0, 18;
    %alloc S_0x62a52f7216b0;
    %pushi/real 1825361100, 20450; load=-1.70000
    %pushi/real 3355443, 20428; load=-1.70000
    %add/wr;
    %store/real v0x62a52f721990_0;
    %callf/vec4 TD_tb_multiply_manager_precision.to_q216, S_0x62a52f7216b0;
    %free S_0x62a52f7216b0;
    %store/vec4 v0x62a52f721410_0, 0, 18;
    %alloc S_0x62a52f7216b0;
    %pushi/real 1374389534, 20443; load=-0.0100000
    %pushi/real 3019899, 20421; load=-0.0100000
    %add/wr;
    %store/real v0x62a52f721990_0;
    %callf/vec4 TD_tb_multiply_manager_precision.to_q216, S_0x62a52f7216b0;
    %free S_0x62a52f7216b0;
    %store/vec4 v0x62a52f7214f0_0, 0, 18;
    %fork TD_tb_multiply_manager_precision.run_precision, S_0x62a52f71f640;
    %join;
    %free S_0x62a52f71f640;
    %alloc S_0x62a52f71f640;
    %pushi/str "bship_edge_1";
    %store/str v0x62a52f721350_0;
    %pushi/vec4 0, 0, 1;
    %store/vec4 v0x62a52f720f30_0, 0, 1;
    %pushi/vec4 12, 0, 4;
    %store/vec4 v0x62a52f720cb0_0, 0, 4;
    %pushi/vec4 10, 0, 5;
    %store/vec4 v0x62a52f721270_0, 0, 5;
    %pushi/vec4 0, 0, 18;
    %store/vec4 v0x62a52f7204e0_0, 0, 18;
    %pushi/vec4 0, 0, 18;
    %store/vec4 v0x62a52f7205e0_0, 0, 18;
    %alloc S_0x62a52f7216b0;
    %pushi/real 1879048192, 20450; load=-1.75000
    %store/real v0x62a52f721990_0;
    %callf/vec4 TD_tb_multiply_manager_precision.to_q216, S_0x62a52f7216b0;
    %free S_0x62a52f7216b0;
    %store/vec4 v0x62a52f721410_0, 0, 18;
    %alloc S_0x62a52f7216b0;
    %pushi/real 2061584302, 20444; load=-0.0300000
    %pushi/real 335544, 20422; load=-0.0300000
    %add/wr;
    %store/real v0x62a52f721990_0;
    %callf/vec4 TD_tb_multiply_manager_precision.to_q216, S_0x62a52f7216b0;
    %free S_0x62a52f7216b0;
    %store/vec4 v0x62a52f7214f0_0, 0, 18;
    %fork TD_tb_multiply_manager_precision.run_precision, S_0x62a52f71f640;
    %join;
    %free S_0x62a52f71f640;
    %alloc S_0x62a52f71f640;
    %pushi/str "bship_edge_2";
    %store/str v0x62a52f721350_0;
    %pushi/vec4 0, 0, 1;
    %store/vec4 v0x62a52f720f30_0, 0, 1;
    %pushi/vec4 12, 0, 4;
    %store/vec4 v0x62a52f720cb0_0, 0, 4;
    %pushi/vec4 10, 0, 5;
    %store/vec4 v0x62a52f721270_0, 0, 5;
    %pushi/vec4 0, 0, 18;
    %store/vec4 v0x62a52f7204e0_0, 0, 18;
    %pushi/vec4 0, 0, 18;
    %store/vec4 v0x62a52f7205e0_0, 0, 18;
    %alloc S_0x62a52f7216b0;
    %pushi/real 1846835937, 20450; load=-1.72000
    %pushi/real 1174405, 20428; load=-1.72000
    %add/wr;
    %store/real v0x62a52f721990_0;
    %callf/vec4 TD_tb_multiply_manager_precision.to_q216, S_0x62a52f7216b0;
    %free S_0x62a52f7216b0;
    %store/vec4 v0x62a52f721410_0, 0, 18;
    %alloc S_0x62a52f7216b0;
    %pushi/real 1168231104, 20444; load=-0.0170000
    %pushi/real 2147484, 20422; load=-0.0170000
    %add/wr;
    %store/real v0x62a52f721990_0;
    %callf/vec4 TD_tb_multiply_manager_precision.to_q216, S_0x62a52f7216b0;
    %free S_0x62a52f7216b0;
    %store/vec4 v0x62a52f7214f0_0, 0, 18;
    %fork TD_tb_multiply_manager_precision.run_precision, S_0x62a52f71f640;
    %join;
    %free S_0x62a52f71f640;
    %alloc S_0x62a52f71f640;
    %pushi/str "tricorn(-0.5,0.5)";
    %store/str v0x62a52f721350_0;
    %pushi/vec4 0, 0, 1;
    %store/vec4 v0x62a52f720f30_0, 0, 1;
    %pushi/vec4 1, 0, 4;
    %store/vec4 v0x62a52f720cb0_0, 0, 4;
    %pushi/vec4 8, 0, 5;
    %store/vec4 v0x62a52f721270_0, 0, 5;
    %pushi/vec4 0, 0, 18;
    %store/vec4 v0x62a52f7204e0_0, 0, 18;
    %pushi/vec4 0, 0, 18;
    %store/vec4 v0x62a52f7205e0_0, 0, 18;
    %alloc S_0x62a52f7216b0;
    %pushi/real 1073741824, 20449; load=-0.500000
    %store/real v0x62a52f721990_0;
    %callf/vec4 TD_tb_multiply_manager_precision.to_q216, S_0x62a52f7216b0;
    %free S_0x62a52f7216b0;
    %store/vec4 v0x62a52f721410_0, 0, 18;
    %alloc S_0x62a52f7216b0;
    %pushi/real 1073741824, 4065; load=0.500000
    %store/real v0x62a52f721990_0;
    %callf/vec4 TD_tb_multiply_manager_precision.to_q216, S_0x62a52f7216b0;
    %free S_0x62a52f7216b0;
    %store/vec4 v0x62a52f7214f0_0, 0, 18;
    %fork TD_tb_multiply_manager_precision.run_precision, S_0x62a52f71f640;
    %join;
    %free S_0x62a52f71f640;
    %alloc S_0x62a52f71f640;
    %pushi/str "tricorn_edge_1";
    %store/str v0x62a52f721350_0;
    %pushi/vec4 0, 0, 1;
    %store/vec4 v0x62a52f720f30_0, 0, 1;
    %pushi/vec4 1, 0, 4;
    %store/vec4 v0x62a52f720cb0_0, 0, 4;
    %pushi/vec4 10, 0, 5;
    %store/vec4 v0x62a52f721270_0, 0, 5;
    %pushi/vec4 0, 0, 18;
    %store/vec4 v0x62a52f7204e0_0, 0, 18;
    %pushi/vec4 0, 0, 18;
    %store/vec4 v0x62a52f7205e0_0, 0, 18;
    %alloc S_0x62a52f7216b0;
    %pushi/real 1717986918, 20447; load=-0.200000
    %pushi/real 1677722, 20425; load=-0.200000
    %add/wr;
    %store/real v0x62a52f721990_0;
    %callf/vec4 TD_tb_multiply_manager_precision.to_q216, S_0x62a52f7216b0;
    %free S_0x62a52f7216b0;
    %store/vec4 v0x62a52f721410_0, 0, 18;
    %alloc S_0x62a52f7216b0;
    %pushi/real 1395864371, 4065; load=0.650000
    %pushi/real 838861, 4043; load=0.650000
    %add/wr;
    %store/real v0x62a52f721990_0;
    %callf/vec4 TD_tb_multiply_manager_precision.to_q216, S_0x62a52f7216b0;
    %free S_0x62a52f7216b0;
    %store/vec4 v0x62a52f7214f0_0, 0, 18;
    %fork TD_tb_multiply_manager_precision.run_precision, S_0x62a52f71f640;
    %join;
    %free S_0x62a52f71f640;
    %alloc S_0x62a52f71f640;
    %pushi/str "tricorn_edge_2";
    %store/str v0x62a52f721350_0;
    %pushi/vec4 0, 0, 1;
    %store/vec4 v0x62a52f720f30_0, 0, 1;
    %pushi/vec4 1, 0, 4;
    %store/vec4 v0x62a52f720cb0_0, 0, 4;
    %pushi/vec4 10, 0, 5;
    %store/vec4 v0x62a52f721270_0, 0, 5;
    %pushi/vec4 0, 0, 18;
    %store/vec4 v0x62a52f7204e0_0, 0, 18;
    %pushi/vec4 0, 0, 18;
    %store/vec4 v0x62a52f7205e0_0, 0, 18;
    %alloc S_0x62a52f7216b0;
    %pushi/real 1288490188, 20447; load=-0.150000
    %pushi/real 3355443, 20425; load=-0.150000
    %add/wr;
    %store/real v0x62a52f721990_0;
    %callf/vec4 TD_tb_multiply_manager_precision.to_q216, S_0x62a52f7216b0;
    %free S_0x62a52f7216b0;
    %store/vec4 v0x62a52f721410_0, 0, 18;
    %alloc S_0x62a52f7216b0;
    %pushi/real 1546188226, 4065; load=0.720000
    %pushi/real 2348810, 4043; load=0.720000
    %add/wr;
    %store/real v0x62a52f721990_0;
    %callf/vec4 TD_tb_multiply_manager_precision.to_q216, S_0x62a52f7216b0;
    %free S_0x62a52f7216b0;
    %store/vec4 v0x62a52f7214f0_0, 0, 18;
    %fork TD_tb_multiply_manager_precision.run_precision, S_0x62a52f71f640;
    %join;
    %free S_0x62a52f71f640;
    %alloc S_0x62a52f71f640;
    %pushi/str "julia(-0.8,0.156)";
    %store/str v0x62a52f721350_0;
    %pushi/vec4 1, 0, 1;
    %store/vec4 v0x62a52f720f30_0, 0, 1;
    %pushi/vec4 0, 0, 4;
    %store/vec4 v0x62a52f720cb0_0, 0, 4;
    %pushi/vec4 8, 0, 5;
    %store/vec4 v0x62a52f721270_0, 0, 5;
    %alloc S_0x62a52f7216b0;
    %pushi/real 1717986918, 20449; load=-0.800000
    %pushi/real 1677722, 20427; load=-0.800000
    %add/wr;
    %store/real v0x62a52f721990_0;
    %callf/vec4 TD_tb_multiply_manager_precision.to_q216, S_0x62a52f7216b0;
    %free S_0x62a52f7216b0;
    %store/vec4 v0x62a52f7204e0_0, 0, 18;
    %alloc S_0x62a52f7216b0;
    %pushi/real 1340029796, 4063; load=0.156000
    %pushi/real 1476395, 4041; load=0.156000
    %add/wr;
    %store/real v0x62a52f721990_0;
    %callf/vec4 TD_tb_multiply_manager_precision.to_q216, S_0x62a52f7216b0;
    %free S_0x62a52f7216b0;
    %store/vec4 v0x62a52f7205e0_0, 0, 18;
    %alloc S_0x62a52f7216b0;
    %pushi/real 0, 4065; load=0.00000
    %store/real v0x62a52f721990_0;
    %callf/vec4 TD_tb_multiply_manager_precision.to_q216, S_0x62a52f7216b0;
    %free S_0x62a52f7216b0;
    %store/vec4 v0x62a52f721410_0, 0, 18;
    %alloc S_0x62a52f7216b0;
    %pushi/real 0, 4065; load=0.00000
    %store/real v0x62a52f721990_0;
    %callf/vec4 TD_tb_multiply_manager_precision.to_q216, S_0x62a52f7216b0;
    %free S_0x62a52f7216b0;
    %store/vec4 v0x62a52f7214f0_0, 0, 18;
    %fork TD_tb_multiply_manager_precision.run_precision, S_0x62a52f71f640;
    %join;
    %free S_0x62a52f71f640;
    %alloc S_0x62a52f71f640;
    %pushi/str "julia_1";
    %store/str v0x62a52f721350_0;
    %pushi/vec4 1, 0, 1;
    %store/vec4 v0x62a52f720f30_0, 0, 1;
    %pushi/vec4 0, 0, 4;
    %store/vec4 v0x62a52f720cb0_0, 0, 4;
    %pushi/vec4 10, 0, 5;
    %store/vec4 v0x62a52f721270_0, 0, 5;
    %alloc S_0x62a52f7216b0;
    %pushi/real 1717986918, 20448; load=-0.400000
    %pushi/real 1677722, 20426; load=-0.400000
    %add/wr;
    %store/real v0x62a52f721990_0;
    %callf/vec4 TD_tb_multiply_manager_precision.to_q216, S_0x62a52f7216b0;
    %free S_0x62a52f7216b0;
    %store/vec4 v0x62a52f7204e0_0, 0, 18;
    %alloc S_0x62a52f7216b0;
    %pushi/real 1288490188, 4065; load=0.600000
    %pushi/real 3355443, 4043; load=0.600000
    %add/wr;
    %store/real v0x62a52f721990_0;
    %callf/vec4 TD_tb_multiply_manager_precision.to_q216, S_0x62a52f7216b0;
    %free S_0x62a52f7216b0;
    %store/vec4 v0x62a52f7205e0_0, 0, 18;
    %alloc S_0x62a52f7216b0;
    %pushi/real 0, 4065; load=0.00000
    %store/real v0x62a52f721990_0;
    %callf/vec4 TD_tb_multiply_manager_precision.to_q216, S_0x62a52f7216b0;
    %free S_0x62a52f7216b0;
    %store/vec4 v0x62a52f721410_0, 0, 18;
    %alloc S_0x62a52f7216b0;
    %pushi/real 0, 4065; load=0.00000
    %store/real v0x62a52f721990_0;
    %callf/vec4 TD_tb_multiply_manager_precision.to_q216, S_0x62a52f7216b0;
    %free S_0x62a52f7216b0;
    %store/vec4 v0x62a52f7214f0_0, 0, 18;
    %fork TD_tb_multiply_manager_precision.run_precision, S_0x62a52f71f640;
    %join;
    %free S_0x62a52f71f640;
    %alloc S_0x62a52f71f640;
    %pushi/str "julia_2";
    %store/str v0x62a52f721350_0;
    %pushi/vec4 1, 0, 1;
    %store/vec4 v0x62a52f720f30_0, 0, 1;
    %pushi/vec4 0, 0, 4;
    %store/vec4 v0x62a52f720cb0_0, 0, 4;
    %pushi/vec4 10, 0, 5;
    %store/vec4 v0x62a52f721270_0, 0, 5;
    %alloc S_0x62a52f7216b0;
    %pushi/real 1224065679, 4064; load=0.285000
    %pushi/real 1509949, 4042; load=0.285000
    %add/wr;
    %store/real v0x62a52f721990_0;
    %callf/vec4 TD_tb_multiply_manager_precision.to_q216, S_0x62a52f7216b0;
    %free S_0x62a52f7216b0;
    %store/vec4 v0x62a52f7204e0_0, 0, 18;
    %alloc S_0x62a52f7216b0;
    %pushi/real 1374389534, 4059; load=0.0100000
    %pushi/real 3019899, 4037; load=0.0100000
    %add/wr;
    %store/real v0x62a52f721990_0;
    %callf/vec4 TD_tb_multiply_manager_precision.to_q216, S_0x62a52f7216b0;
    %free S_0x62a52f7216b0;
    %store/vec4 v0x62a52f7205e0_0, 0, 18;
    %alloc S_0x62a52f7216b0;
    %pushi/real 0, 4065; load=0.00000
    %store/real v0x62a52f721990_0;
    %callf/vec4 TD_tb_multiply_manager_precision.to_q216, S_0x62a52f7216b0;
    %free S_0x62a52f7216b0;
    %store/vec4 v0x62a52f721410_0, 0, 18;
    %alloc S_0x62a52f7216b0;
    %pushi/real 0, 4065; load=0.00000
    %store/real v0x62a52f721990_0;
    %callf/vec4 TD_tb_multiply_manager_precision.to_q216, S_0x62a52f7216b0;
    %free S_0x62a52f7216b0;
    %store/vec4 v0x62a52f7214f0_0, 0, 18;
    %fork TD_tb_multiply_manager_precision.run_precision, S_0x62a52f71f640;
    %join;
    %free S_0x62a52f71f640;
    %alloc S_0x62a52f71f640;
    %pushi/str "julia_3";
    %store/str v0x62a52f721350_0;
    %pushi/vec4 1, 0, 1;
    %store/vec4 v0x62a52f720f30_0, 0, 1;
    %pushi/vec4 0, 0, 4;
    %store/vec4 v0x62a52f720cb0_0, 0, 4;
    %pushi/vec4 10, 0, 5;
    %store/vec4 v0x62a52f721270_0, 0, 5;
    %alloc S_0x62a52f7216b0;
    %pushi/real 1507018124, 20449; load=-0.701760
    %pushi/real 3441343, 20427; load=-0.701760
    %add/wr;
    %store/real v0x62a52f721990_0;
    %callf/vec4 TD_tb_multiply_manager_precision.to_q216, S_0x62a52f7216b0;
    %free S_0x62a52f7216b0;
    %store/vec4 v0x62a52f7204e0_0, 0, 18;
    %alloc S_0x62a52f7216b0;
    %pushi/real 1650126435, 20448; load=-0.384200
    %pushi/real 516738, 20426; load=-0.384200
    %add/wr;
    %store/real v0x62a52f721990_0;
    %callf/vec4 TD_tb_multiply_manager_precision.to_q216, S_0x62a52f7216b0;
    %free S_0x62a52f7216b0;
    %store/vec4 v0x62a52f7205e0_0, 0, 18;
    %alloc S_0x62a52f7216b0;
    %pushi/real 0, 4065; load=0.00000
    %store/real v0x62a52f721990_0;
    %callf/vec4 TD_tb_multiply_manager_precision.to_q216, S_0x62a52f7216b0;
    %free S_0x62a52f7216b0;
    %store/vec4 v0x62a52f721410_0, 0, 18;
    %alloc S_0x62a52f7216b0;
    %pushi/real 0, 4065; load=0.00000
    %store/real v0x62a52f721990_0;
    %callf/vec4 TD_tb_multiply_manager_precision.to_q216, S_0x62a52f7216b0;
    %free S_0x62a52f7216b0;
    %store/vec4 v0x62a52f7214f0_0, 0, 18;
    %fork TD_tb_multiply_manager_precision.run_precision, S_0x62a52f71f640;
    %join;
    %free S_0x62a52f71f640;
    %vpi_call/w 9 268 "$display", "==== DONE: %0d checks, %0d errors ====", v0x62a52f721a50_0, v0x62a52f721db0_0 {0 0 0};
    %load/vec4 v0x62a52f721db0_0;
    %cmpi/e 0, 0, 32;
    %jmp/0xz  T_21.0, 4;
    %vpi_call/w 9 269 "$display", "==== ALL TESTS PASSED ====" {0 0 0};
    %jmp T_21.1;
T_21.0 ;
    %vpi_call/w 9 270 "$display", "==== %0d FAILURE(S) ====", v0x62a52f721db0_0 {0 0 0};
T_21.1 ;
    %vpi_call/w 9 271 "$finish" {0 0 0};
    %end;
    .thread T_21;
    .scope S_0x62a52f6b7cc0;
T_22 ;
    %delay 2820130816, 4;
    %vpi_call/w 9 274 "$display", "==== GLOBAL TIMEOUT ====" {0 0 0};
    %vpi_call/w 9 274 "$finish" {0 0 0};
    %end;
    .thread T_22;
# The file index is used to find the file name in the following table.
:file_names 16;
    "N/A";
    "<interactive>";
    "-";
    "hdl/comparator/comparator.sv";
    "hdl/queues/complete_queue_handler.sv";
    "hdl/queues/complete_queue.sv";
    "hdl/queues/fifo.sv";
    "hdl/queues/job_queue_handler.sv";
    "hdl/queues/job_queue.sv";
    "tb/worker_core/tb_multiply_manager_endpoint_check.sv";
    "hdl/worker_core/multiply_manager.sv";
    "hdl/worker_core/max_iteration_flagger.sv";
    "hdl/worker_core/magnitude_comparison_unit.sv";
    "hdl/worker_core/multiply.sv";
    "hdl/worker_core/sum_alter.sv";
    "hdl/worker_core/coord_flagger.sv";
