#! /usr/bin/vvp
:ivl_version "11.0 (stable)";
:ivl_delay_selection "TYPICAL";
:vpi_time_precision - 12;
:vpi_module "/usr/lib/x86_64-linux-gnu/ivl/system.vpi";
:vpi_module "/usr/lib/x86_64-linux-gnu/ivl/vhdl_sys.vpi";
:vpi_module "/usr/lib/x86_64-linux-gnu/ivl/vhdl_textio.vpi";
:vpi_module "/usr/lib/x86_64-linux-gnu/ivl/v2005_math.vpi";
:vpi_module "/usr/lib/x86_64-linux-gnu/ivl/va_math.vpi";
:vpi_module "/usr/lib/x86_64-linux-gnu/ivl/v2009.vpi";
S_0x5b4a56eb2e20 .scope package, "$unit" "$unit" 2 1;
 .timescale 0 0;
S_0x5b4a56e7d690 .scope module, "comparator" "comparator" 3 4;
 .timescale 0 0;
    .port_info 0 /INPUT 1 "clk";
    .port_info 1 /INPUT 1 "rst";
    .port_info 2 /INPUT 1 "sched_reset";
    .port_info 3 /INPUT 9 "top_left_x";
    .port_info 4 /INPUT 9 "top_left_y";
    .port_info 5 /INPUT 9 "quad_size";
    .port_info 6 /INPUT 11 "expected_count";
    .port_info 7 /INPUT 1 "comp_valid";
    .port_info 8 /INPUT 22 "comp_data";
    .port_info 9 /OUTPUT 1 "comp_pop";
    .port_info 10 /OUTPUT 1 "differ";
    .port_info 11 /OUTPUT 1 "complete";
L_0x5b4a56e8c760 .functor AND 1, L_0x5b4a56ef6a70, L_0x5b4a56ef6ce0, C4<1>, C4<1>;
L_0x5b4a56e930f0 .functor AND 1, L_0x5b4a56e8c760, L_0x5b4a56ef6ee0, C4<1>, C4<1>;
L_0x5b4a56e80fd0 .functor AND 1, L_0x5b4a56e930f0, L_0x5b4a56ef7200, C4<1>, C4<1>;
o0x73cb4762d228 .functor BUFZ 1, C4<z>; HiZ drive
L_0x5b4a56dc4ce0 .functor BUFZ 1, o0x73cb4762d228, C4<0>, C4<0>, C4<0>;
v0x5b4a56e81410_0 .net *"_ivl_10", 0 0, L_0x5b4a56ef6ce0;  1 drivers
v0x5b4a56e86730_0 .net *"_ivl_13", 0 0, L_0x5b4a56e8c760;  1 drivers
v0x5b4a56e8c8c0_0 .net *"_ivl_14", 0 0, L_0x5b4a56ef6ee0;  1 drivers
v0x5b4a56e93250_0 .net *"_ivl_17", 0 0, L_0x5b4a56e930f0;  1 drivers
v0x5b4a56e810f0_0 .net *"_ivl_18", 8 0, L_0x5b4a56ef7070;  1 drivers
v0x5b4a56dd93a0_0 .net *"_ivl_20", 0 0, L_0x5b4a56ef7200;  1 drivers
v0x5b4a56e94170_0 .net *"_ivl_6", 0 0, L_0x5b4a56ef6a70;  1 drivers
v0x5b4a56ee1b20_0 .net *"_ivl_8", 8 0, L_0x5b4a56ef6bc0;  1 drivers
o0x73cb4762d198 .functor BUFZ 1, C4<z>; HiZ drive
v0x5b4a56ee1c00_0 .net "clk", 0 0, o0x73cb4762d198;  0 drivers
o0x73cb4762d1c8 .functor BUFZ 22, C4<zzzzzzzzzzzzzzzzzzzzzz>; HiZ drive
v0x5b4a56ee1cc0_0 .net "comp_data", 21 0, o0x73cb4762d1c8;  0 drivers
v0x5b4a56ee1da0_0 .net "comp_pop", 0 0, L_0x5b4a56dc4ce0;  1 drivers
v0x5b4a56ee1e60_0 .net "comp_valid", 0 0, o0x73cb4762d228;  0 drivers
v0x5b4a56ee1f20_0 .var "complete", 0 0;
v0x5b4a56ee1fe0_0 .var "differ", 0 0;
v0x5b4a56ee20a0_0 .net "entry_colour", 3 0, L_0x5b4a56ef69d0;  1 drivers
v0x5b4a56ee2180_0 .net "entry_x", 8 0, L_0x5b4a56ef67b0;  1 drivers
v0x5b4a56ee2260_0 .net "entry_y", 8 0, L_0x5b4a56ef68b0;  1 drivers
o0x73cb4762d348 .functor BUFZ 11, C4<zzzzzzzzzzz>; HiZ drive
v0x5b4a56ee2340_0 .net "expected_count", 10 0, o0x73cb4762d348;  0 drivers
v0x5b4a56ee2420_0 .net "in_bounds", 0 0, L_0x5b4a56e80fd0;  1 drivers
o0x73cb4762d3a8 .functor BUFZ 9, C4<zzzzzzzzz>; HiZ drive
v0x5b4a56ee24e0_0 .net "quad_size", 8 0, o0x73cb4762d3a8;  0 drivers
v0x5b4a56ee25c0_0 .var "ref_colour", 3 0;
v0x5b4a56ee26a0_0 .var "ref_valid", 0 0;
o0x73cb4762d438 .functor BUFZ 1, C4<z>; HiZ drive
v0x5b4a56ee2760_0 .net "rst", 0 0, o0x73cb4762d438;  0 drivers
o0x73cb4762d468 .functor BUFZ 1, C4<z>; HiZ drive
v0x5b4a56ee2820_0 .net "sched_reset", 0 0, o0x73cb4762d468;  0 drivers
v0x5b4a56ee28e0_0 .var "seen_count", 10 0;
o0x73cb4762d4c8 .functor BUFZ 9, C4<zzzzzzzzz>; HiZ drive
v0x5b4a56ee29c0_0 .net "top_left_x", 8 0, o0x73cb4762d4c8;  0 drivers
o0x73cb4762d4f8 .functor BUFZ 9, C4<zzzzzzzzz>; HiZ drive
v0x5b4a56ee2aa0_0 .net "top_left_y", 8 0, o0x73cb4762d4f8;  0 drivers
E_0x5b4a56dc7390 .event posedge, v0x5b4a56ee1c00_0;
L_0x5b4a56ef67b0 .part o0x73cb4762d1c8, 0, 9;
L_0x5b4a56ef68b0 .part o0x73cb4762d1c8, 9, 9;
L_0x5b4a56ef69d0 .part o0x73cb4762d1c8, 18, 4;
L_0x5b4a56ef6a70 .cmp/ge 9, L_0x5b4a56ef67b0, o0x73cb4762d4c8;
L_0x5b4a56ef6bc0 .arith/sum 9, o0x73cb4762d4c8, o0x73cb4762d3a8;
L_0x5b4a56ef6ce0 .cmp/gt 9, L_0x5b4a56ef6bc0, L_0x5b4a56ef67b0;
L_0x5b4a56ef6ee0 .cmp/ge 9, L_0x5b4a56ef68b0, o0x73cb4762d4f8;
L_0x5b4a56ef7070 .arith/sum 9, o0x73cb4762d4f8, o0x73cb4762d3a8;
L_0x5b4a56ef7200 .cmp/gt 9, L_0x5b4a56ef7070, L_0x5b4a56ef68b0;
S_0x5b4a56e7a4e0 .scope module, "complete_queue_handler" "complete_queue_handler" 4 5;
 .timescale 0 0;
    .port_info 0 /INPUT 1 "clk";
    .port_info 1 /INPUT 1 "rst";
    .port_info 2 /INPUT 1 "done";
    .port_info 3 /INPUT 9 "iter_x";
    .port_info 4 /INPUT 9 "iter_y";
    .port_info 5 /INPUT 4 "iter_colour";
    .port_info 6 /INPUT 1 "comp_pop";
    .port_info 7 /OUTPUT 1 "comp_valid";
    .port_info 8 /OUTPUT 22 "comp_data";
    .port_info 9 /OUTPUT 1 "full_err";
o0x73cb4762de28 .functor BUFZ 1, C4<z>; HiZ drive
L_0x5b4a56ef7a30 .functor AND 1, o0x73cb4762de28, L_0x5b4a56ef7960, C4<1>, C4<1>;
L_0x5b4a56ef7ad0 .functor AND 1, o0x73cb4762de28, L_0x5b4a56ef73c0, C4<1>, C4<1>;
v0x5b4a56ee4950_0 .net *"_ivl_3", 0 0, L_0x5b4a56ef7960;  1 drivers
o0x73cb4762d858 .functor BUFZ 1, C4<z>; HiZ drive
v0x5b4a56ee4a30_0 .net "clk", 0 0, o0x73cb4762d858;  0 drivers
v0x5b4a56ee4af0_0 .net "comp_data", 21 0, L_0x5b4a56ece3e0;  1 drivers
o0x73cb4762d9d8 .functor BUFZ 1, C4<z>; HiZ drive
v0x5b4a56ee4be0_0 .net "comp_pop", 0 0, o0x73cb4762d9d8;  0 drivers
v0x5b4a56ee4cd0_0 .net "comp_valid", 0 0, L_0x5b4a56ef7b90;  1 drivers
v0x5b4a56ee4dc0_0 .net "done", 0 0, o0x73cb4762de28;  0 drivers
v0x5b4a56ee4e80_0 .net "full_err", 0 0, L_0x5b4a56ef7ad0;  1 drivers
o0x73cb4762de88 .functor BUFZ 4, C4<zzzz>; HiZ drive
v0x5b4a56ee4f40_0 .net "iter_colour", 3 0, o0x73cb4762de88;  0 drivers
o0x73cb4762deb8 .functor BUFZ 9, C4<zzzzzzzzz>; HiZ drive
v0x5b4a56ee5020_0 .net "iter_x", 8 0, o0x73cb4762deb8;  0 drivers
o0x73cb4762dee8 .functor BUFZ 9, C4<zzzzzzzzz>; HiZ drive
v0x5b4a56ee5100_0 .net "iter_y", 8 0, o0x73cb4762dee8;  0 drivers
v0x5b4a56ee51e0_0 .net "q_data_in", 21 0, L_0x5b4a56ef7800;  1 drivers
v0x5b4a56ee52a0_0 .net "q_empty", 0 0, L_0x5b4a56ef7460;  1 drivers
v0x5b4a56ee5390_0 .net "q_full", 0 0, L_0x5b4a56ef73c0;  1 drivers
v0x5b4a56ee5480_0 .net "q_push", 0 0, L_0x5b4a56ef7a30;  1 drivers
o0x73cb4762da38 .functor BUFZ 1, C4<z>; HiZ drive
v0x5b4a56ee5570_0 .net "rst", 0 0, o0x73cb4762da38;  0 drivers
L_0x5b4a56ef7800 .concat [ 9 9 4 0], o0x73cb4762deb8, o0x73cb4762dee8, o0x73cb4762de88;
L_0x5b4a56ef7960 .reduce/nor L_0x5b4a56ef73c0;
L_0x5b4a56ef7b90 .reduce/nor L_0x5b4a56ef7460;
S_0x5b4a56ee2d00 .scope module, "u_complete_queue" "complete_queue" 4 28, 5 3 0, S_0x5b4a56e7a4e0;
 .timescale 0 0;
    .port_info 0 /INPUT 1 "clk";
    .port_info 1 /INPUT 1 "rst";
    .port_info 2 /INPUT 1 "push";
    .port_info 3 /INPUT 22 "data_in";
    .port_info 4 /INPUT 1 "pop";
    .port_info 5 /OUTPUT 22 "data_out";
    .port_info 6 /OUTPUT 1 "full";
    .port_info 7 /OUTPUT 1 "empty";
v0x5b4a56ee42a0_0 .net "clk", 0 0, o0x73cb4762d858;  alias, 0 drivers
v0x5b4a56ee4360_0 .net "data_in", 21 0, L_0x5b4a56ef7800;  alias, 1 drivers
v0x5b4a56ee4400_0 .net "data_out", 21 0, L_0x5b4a56ece3e0;  alias, 1 drivers
v0x5b4a56ee4500_0 .net "empty", 0 0, L_0x5b4a56ef7460;  alias, 1 drivers
v0x5b4a56ee45d0_0 .net "full", 0 0, L_0x5b4a56ef73c0;  alias, 1 drivers
v0x5b4a56ee4670_0 .net "pop", 0 0, o0x73cb4762d9d8;  alias, 0 drivers
v0x5b4a56ee4740_0 .net "push", 0 0, L_0x5b4a56ef7a30;  alias, 1 drivers
v0x5b4a56ee4810_0 .net "rst", 0 0, o0x73cb4762da38;  alias, 0 drivers
S_0x5b4a56ee2eb0 .scope module, "u_fifo" "fifo" 5 22, 6 4 0, S_0x5b4a56ee2d00;
 .timescale 0 0;
    .port_info 0 /INPUT 1 "clk";
    .port_info 1 /INPUT 1 "rst";
    .port_info 2 /INPUT 1 "flush";
    .port_info 3 /INPUT 1 "push";
    .port_info 4 /INPUT 22 "data_in";
    .port_info 5 /INPUT 1 "pop";
    .port_info 6 /OUTPUT 22 "data_out";
    .port_info 7 /OUTPUT 1 "full";
    .port_info 8 /OUTPUT 1 "empty";
P_0x5b4a56e90820 .param/l "DATA_WIDTH" 0 6 5, +C4<00000000000000000000000000010110>;
P_0x5b4a56e90860 .param/l "DEPTH" 0 6 6, +C4<00000000000000000000000000100000>;
P_0x5b4a56e908a0 .param/l "PTR_W" 1 6 22, +C4<00000000000000000000000000000101>;
L_0x5b4a56ece3e0 .functor BUFZ 22, L_0x5b4a56ef75a0, C4<0000000000000000000000>, C4<0000000000000000000000>, C4<0000000000000000000000>;
L_0x73cb473b7018 .functor BUFT 1, C4<100000>, C4<0>, C4<0>, C4<0>;
v0x5b4a56ee3270_0 .net/2u *"_ivl_0", 5 0, L_0x73cb473b7018;  1 drivers
v0x5b4a56ee3370_0 .net *"_ivl_10", 6 0, L_0x5b4a56ef7640;  1 drivers
L_0x73cb473b70a8 .functor BUFT 1, C4<00>, C4<0>, C4<0>, C4<0>;
v0x5b4a56ee3450_0 .net *"_ivl_13", 1 0, L_0x73cb473b70a8;  1 drivers
L_0x73cb473b7060 .functor BUFT 1, C4<000000>, C4<0>, C4<0>, C4<0>;
v0x5b4a56ee3510_0 .net/2u *"_ivl_4", 5 0, L_0x73cb473b7060;  1 drivers
v0x5b4a56ee35f0_0 .net *"_ivl_8", 21 0, L_0x5b4a56ef75a0;  1 drivers
v0x5b4a56ee3720_0 .net "clk", 0 0, o0x73cb4762d858;  alias, 0 drivers
v0x5b4a56ee37e0_0 .var "count", 5 0;
v0x5b4a56ee38c0_0 .net "data_in", 21 0, L_0x5b4a56ef7800;  alias, 1 drivers
v0x5b4a56ee39a0_0 .net "data_out", 21 0, L_0x5b4a56ece3e0;  alias, 1 drivers
v0x5b4a56ee3a80_0 .net "empty", 0 0, L_0x5b4a56ef7460;  alias, 1 drivers
L_0x73cb473b70f0 .functor BUFT 1, C4<0>, C4<0>, C4<0>, C4<0>;
v0x5b4a56ee3b40_0 .net "flush", 0 0, L_0x73cb473b70f0;  1 drivers
v0x5b4a56ee3c00_0 .net "full", 0 0, L_0x5b4a56ef73c0;  alias, 1 drivers
v0x5b4a56ee3cc0_0 .var "head", 4 0;
v0x5b4a56ee3da0 .array "mem", 31 0, 21 0;
v0x5b4a56ee3e60_0 .net "pop", 0 0, o0x73cb4762d9d8;  alias, 0 drivers
v0x5b4a56ee3f20_0 .net "push", 0 0, L_0x5b4a56ef7a30;  alias, 1 drivers
v0x5b4a56ee3fe0_0 .net "rst", 0 0, o0x73cb4762da38;  alias, 0 drivers
v0x5b4a56ee40a0_0 .var "tail", 4 0;
E_0x5b4a56dc2ff0 .event posedge, v0x5b4a56ee3720_0;
L_0x5b4a56ef73c0 .cmp/eq 6, v0x5b4a56ee37e0_0, L_0x73cb473b7018;
L_0x5b4a56ef7460 .cmp/eq 6, v0x5b4a56ee37e0_0, L_0x73cb473b7060;
L_0x5b4a56ef75a0 .array/port v0x5b4a56ee3da0, L_0x5b4a56ef7640;
L_0x5b4a56ef7640 .concat [ 5 2 0 0], v0x5b4a56ee40a0_0, L_0x73cb473b70a8;
S_0x5b4a56e9dea0 .scope module, "job_queue_handler" "job_queue_handler" 7 4;
 .timescale 0 0;
    .port_info 0 /INPUT 1 "clk";
    .port_info 1 /INPUT 1 "rst";
    .port_info 2 /INPUT 18 "sched_coord";
    .port_info 3 /INPUT 1 "sched_push";
    .port_info 4 /OUTPUT 1 "sched_stall";
    .port_info 5 /INPUT 1 "flush";
    .port_info 6 /INPUT 1 "wants_job";
    .port_info 7 /OUTPUT 1 "grant";
    .port_info 8 /OUTPUT 18 "coord_out";
L_0x5b4a56f08230 .functor BUFZ 1, L_0x5b4a56f07d00, C4<0>, C4<0>, C4<0>;
o0x73cb4762e848 .functor BUFZ 1, C4<z>; HiZ drive
L_0x5b4a56f083d0 .functor AND 1, o0x73cb4762e848, L_0x5b4a56f08330, C4<1>, C4<1>;
o0x73cb4762e8a8 .functor BUFZ 1, C4<z>; HiZ drive
L_0x5b4a56f085a0 .functor AND 1, o0x73cb4762e8a8, L_0x5b4a56f08470, C4<1>, C4<1>;
v0x5b4a56ee7840_0 .net *"_ivl_3", 0 0, L_0x5b4a56f08330;  1 drivers
v0x5b4a56ee7920_0 .net *"_ivl_7", 0 0, L_0x5b4a56f08470;  1 drivers
o0x73cb4762e1e8 .functor BUFZ 1, C4<z>; HiZ drive
v0x5b4a56ee79e0_0 .net "clk", 0 0, o0x73cb4762e1e8;  0 drivers
v0x5b4a56ee7ab0_0 .var "coord_out", 17 0;
o0x73cb4762e2d8 .functor BUFZ 1, C4<z>; HiZ drive
v0x5b4a56ee7b70_0 .net "flush", 0 0, o0x73cb4762e2d8;  0 drivers
v0x5b4a56ee7cb0_0 .var "grant", 0 0;
v0x5b4a56ee7d70_0 .net "q_data_out", 17 0, L_0x5b4a56f08170;  1 drivers
v0x5b4a56ee7e80_0 .net "q_empty", 0 0, L_0x5b4a56f07df0;  1 drivers
v0x5b4a56ee7f70_0 .net "q_full", 0 0, L_0x5b4a56f07d00;  1 drivers
v0x5b4a56ee8010_0 .net "q_pop", 0 0, L_0x5b4a56f085a0;  1 drivers
v0x5b4a56ee8100_0 .net "q_push", 0 0, L_0x5b4a56f083d0;  1 drivers
o0x73cb4762e3c8 .functor BUFZ 1, C4<z>; HiZ drive
v0x5b4a56ee81f0_0 .net "rst", 0 0, o0x73cb4762e3c8;  0 drivers
o0x73cb4762e248 .functor BUFZ 18, C4<zzzzzzzzzzzzzzzzzz>; HiZ drive
v0x5b4a56ee82e0_0 .net "sched_coord", 17 0, o0x73cb4762e248;  0 drivers
v0x5b4a56ee83f0_0 .net "sched_push", 0 0, o0x73cb4762e848;  0 drivers
v0x5b4a56ee84b0_0 .net "sched_stall", 0 0, L_0x5b4a56f08230;  1 drivers
v0x5b4a56ee8570_0 .net "wants_job", 0 0, o0x73cb4762e8a8;  0 drivers
L_0x5b4a56f08330 .reduce/nor L_0x5b4a56f07d00;
L_0x5b4a56f08470 .reduce/nor L_0x5b4a56f07df0;
S_0x5b4a56ee5800 .scope module, "u_job_queue" "job_queue" 7 27, 8 3 0, S_0x5b4a56e9dea0;
 .timescale 0 0;
    .port_info 0 /INPUT 1 "clk";
    .port_info 1 /INPUT 1 "rst";
    .port_info 2 /INPUT 1 "flush";
    .port_info 3 /INPUT 1 "push";
    .port_info 4 /INPUT 18 "data_in";
    .port_info 5 /INPUT 1 "pop";
    .port_info 6 /OUTPUT 18 "data_out";
    .port_info 7 /OUTPUT 1 "full";
    .port_info 8 /OUTPUT 1 "empty";
v0x5b4a56ee71a0_0 .net "clk", 0 0, o0x73cb4762e1e8;  alias, 0 drivers
v0x5b4a56ee7260_0 .net "data_in", 17 0, o0x73cb4762e248;  alias, 0 drivers
v0x5b4a56ee7300_0 .net "data_out", 17 0, L_0x5b4a56f08170;  alias, 1 drivers
v0x5b4a56ee73a0_0 .net "empty", 0 0, L_0x5b4a56f07df0;  alias, 1 drivers
v0x5b4a56ee7440_0 .net "flush", 0 0, o0x73cb4762e2d8;  alias, 0 drivers
v0x5b4a56ee74e0_0 .net "full", 0 0, L_0x5b4a56f07d00;  alias, 1 drivers
v0x5b4a56ee75b0_0 .net "pop", 0 0, L_0x5b4a56f085a0;  alias, 1 drivers
v0x5b4a56ee7680_0 .net "push", 0 0, L_0x5b4a56f083d0;  alias, 1 drivers
v0x5b4a56ee7750_0 .net "rst", 0 0, o0x73cb4762e3c8;  alias, 0 drivers
S_0x5b4a56ee5b30 .scope module, "u_fifo" "fifo" 8 23, 6 4 0, S_0x5b4a56ee5800;
 .timescale 0 0;
    .port_info 0 /INPUT 1 "clk";
    .port_info 1 /INPUT 1 "rst";
    .port_info 2 /INPUT 1 "flush";
    .port_info 3 /INPUT 1 "push";
    .port_info 4 /INPUT 18 "data_in";
    .port_info 5 /INPUT 1 "pop";
    .port_info 6 /OUTPUT 18 "data_out";
    .port_info 7 /OUTPUT 1 "full";
    .port_info 8 /OUTPUT 1 "empty";
P_0x5b4a56ee5d30 .param/l "DATA_WIDTH" 0 6 5, +C4<00000000000000000000000000010010>;
P_0x5b4a56ee5d70 .param/l "DEPTH" 0 6 6, +C4<00000000000000000000100000000000>;
P_0x5b4a56ee5db0 .param/l "PTR_W" 1 6 22, +C4<00000000000000000000000000001011>;
L_0x5b4a56f08170 .functor BUFZ 18, L_0x5b4a56f07f30, C4<000000000000000000>, C4<000000000000000000>, C4<000000000000000000>;
L_0x73cb473b7138 .functor BUFT 1, C4<100000000000>, C4<0>, C4<0>, C4<0>;
v0x5b4a56ee6060_0 .net/2u *"_ivl_0", 11 0, L_0x73cb473b7138;  1 drivers
v0x5b4a56ee6160_0 .net *"_ivl_10", 12 0, L_0x5b4a56f07fd0;  1 drivers
L_0x73cb473b71c8 .functor BUFT 1, C4<00>, C4<0>, C4<0>, C4<0>;
v0x5b4a56ee6240_0 .net *"_ivl_13", 1 0, L_0x73cb473b71c8;  1 drivers
L_0x73cb473b7180 .functor BUFT 1, C4<000000000000>, C4<0>, C4<0>, C4<0>;
v0x5b4a56ee6300_0 .net/2u *"_ivl_4", 11 0, L_0x73cb473b7180;  1 drivers
v0x5b4a56ee63e0_0 .net *"_ivl_8", 17 0, L_0x5b4a56f07f30;  1 drivers
v0x5b4a56ee6510_0 .net "clk", 0 0, o0x73cb4762e1e8;  alias, 0 drivers
v0x5b4a56ee65d0_0 .var "count", 11 0;
v0x5b4a56ee66b0_0 .net "data_in", 17 0, o0x73cb4762e248;  alias, 0 drivers
v0x5b4a56ee6790_0 .net "data_out", 17 0, L_0x5b4a56f08170;  alias, 1 drivers
v0x5b4a56ee6870_0 .net "empty", 0 0, L_0x5b4a56f07df0;  alias, 1 drivers
v0x5b4a56ee6930_0 .net "flush", 0 0, o0x73cb4762e2d8;  alias, 0 drivers
v0x5b4a56ee69f0_0 .net "full", 0 0, L_0x5b4a56f07d00;  alias, 1 drivers
v0x5b4a56ee6ab0_0 .var "head", 10 0;
v0x5b4a56ee6b90 .array "mem", 2047 0, 17 0;
v0x5b4a56ee6c50_0 .net "pop", 0 0, L_0x5b4a56f085a0;  alias, 1 drivers
v0x5b4a56ee6d10_0 .net "push", 0 0, L_0x5b4a56f083d0;  alias, 1 drivers
v0x5b4a56ee6dd0_0 .net "rst", 0 0, o0x73cb4762e3c8;  alias, 0 drivers
v0x5b4a56ee6fa0_0 .var "tail", 10 0;
E_0x5b4a56dc3430 .event posedge, v0x5b4a56ee6510_0;
L_0x5b4a56f07d00 .cmp/eq 12, v0x5b4a56ee65d0_0, L_0x73cb473b7138;
L_0x5b4a56f07df0 .cmp/eq 12, v0x5b4a56ee65d0_0, L_0x73cb473b7180;
L_0x5b4a56f07f30 .array/port v0x5b4a56ee6b90, L_0x5b4a56f07fd0;
L_0x5b4a56f07fd0 .concat [ 11 2 0 0], v0x5b4a56ee6fa0_0, L_0x73cb473b71c8;
S_0x5b4a56e9da20 .scope module, "tb_multiply_manager_precision" "tb_multiply_manager_precision" 9 40;
 .timescale -9 -12;
P_0x5b4a56e2f050 .param/l "INTEGER_BITS" 1 9 43, +C4<00000000000000000000000000000010>;
P_0x5b4a56e2f090 .param/l "ITERATION_COUNT_WIDTH" 1 9 44, +C4<00000000000000000000000000010000>;
P_0x5b4a56e2f0d0 .param/l "LOW" 1 9 45, +C4<00000000000000000000000000000000>;
P_0x5b4a56e2f110 .param/real "LSB" 1 9 51, Cr<m4000000000000000gfb2>; value=1.52588e-05
P_0x5b4a56e2f150 .param/l "NARROW_WIDTH" 1 9 42, +C4<00000000000000000000000000010010>;
P_0x5b4a56e2f190 .param/l "NFRAC" 1 9 47, +C4<00000000000000000000000000010000>;
P_0x5b4a56e2f1d0 .param/l "PFRAC" 1 9 49, +C4<00000000000000000000000000100000>;
P_0x5b4a56e2f210 .param/l "PWIDTH" 1 9 48, +C4<00000000000000000000000000100100>;
v0x5b4a56ef56d0_0 .var/2u "checks", 31 0;
v0x5b4a56ef57d0_0 .var "clk", 0 0;
v0x5b4a56ef5890_0 .net "done", 0 0, v0x5b4a56eedd50_0;  1 drivers
v0x5b4a56ef5990_0 .net "done_side", 0 0, v0x5b4a56eede10_0;  1 drivers
v0x5b4a56ef5a60_0 .var/2u "errors", 31 0;
v0x5b4a56ef5b50_0 .net "iteration_out", 15 0, v0x5b4a56eee320_0;  1 drivers
v0x5b4a56ef5bf0_0 .var/s "julia_c_x", 17 0;
v0x5b4a56ef5cc0_0 .var/s "julia_c_y", 17 0;
v0x5b4a56ef5d90_0 .var "julia_type", 0 0;
v0x5b4a56ef5e60_0 .var "kill", 0 0;
v0x5b4a56ef5f30_0 .var "magnitude_negation_encoding", 3 0;
v0x5b4a56ef5fd0_0 .var "max_iteration", 4 0;
v0x5b4a56ef60c0_0 .var "received", 0 0;
v0x5b4a56ef6160_0 .var "rst", 0 0;
v0x5b4a56ef6200_0 .var "start_left", 0 0;
v0x5b4a56ef62d0_0 .var "start_right", 0 0;
v0x5b4a56ef63a0_0 .var "start_wide", 0 0;
v0x5b4a56ef6470_0 .var/s "starting_x_reg_1", 17 0;
v0x5b4a56ef6540_0 .var/s "starting_x_reg_2", 17 0;
v0x5b4a56ef6610_0 .var/s "starting_y_reg_1", 17 0;
v0x5b4a56ef66e0_0 .var/s "starting_y_reg_2", 17 0;
S_0x5b4a56ee87a0 .scope autofunction.vec4.u36, "alter" "alter" 9 120, 9 120 0, S_0x5b4a56e9da20;
 .timescale -9 -12;
; Variable alter is vec4 return value of scope S_0x5b4a56ee87a0
v0x5b4a56ee8a50_0 .var "do_abs", 0 0;
v0x5b4a56ee8b10_0 .var "do_neg", 0 0;
v0x5b4a56ee8bb0_0 .var/s "t", 35 0;
v0x5b4a56ee8c90_0 .var/s "v", 35 0;
TD_tb_multiply_manager_precision.alter ;
    %load/vec4 v0x5b4a56ee8c90_0;
    %store/vec4 v0x5b4a56ee8bb0_0, 0, 36;
    %load/vec4 v0x5b4a56ee8a50_0;
    %flag_set/vec4 8;
    %jmp/0xz  T_0.0, 8;
    %load/vec4 v0x5b4a56ee8bb0_0;
    %cmpi/s 0, 0, 36;
    %flag_mov 8, 5;
    %jmp/0 T_0.2, 8;
    %load/vec4 v0x5b4a56ee8bb0_0;
    %inv;
    %pushi/vec4 1, 0, 36;
    %add;
    %jmp/1 T_0.3, 8;
T_0.2 ; End of true expr.
    %load/vec4 v0x5b4a56ee8bb0_0;
    %jmp/0 T_0.3, 8;
 ; End of false expr.
    %blend;
T_0.3;
    %store/vec4 v0x5b4a56ee8bb0_0, 0, 36;
T_0.0 ;
    %load/vec4 v0x5b4a56ee8b10_0;
    %flag_set/vec4 8;
    %jmp/0xz  T_0.4, 8;
    %load/vec4 v0x5b4a56ee8bb0_0;
    %inv;
    %pushi/vec4 1, 0, 36;
    %add;
    %store/vec4 v0x5b4a56ee8bb0_0, 0, 36;
T_0.4 ;
    %load/vec4 v0x5b4a56ee8bb0_0;
    %ret/vec4 0, 0, 36;  Assign to alter (store_vec4_to_lval)
    %disable S_0x5b4a56ee87a0;
    %end;
S_0x5b4a56ee8dc0 .scope autotask, "do_reset" "do_reset" 9 132, 9 132 0, S_0x5b4a56e9da20;
 .timescale -9 -12;
TD_tb_multiply_manager_precision.do_reset ;
    %pushi/vec4 1, 0, 1;
    %store/vec4 v0x5b4a56ef6160_0, 0, 1;
    %pushi/vec4 0, 0, 1;
    %store/vec4 v0x5b4a56ef5e60_0, 0, 1;
    %pushi/vec4 0, 0, 1;
    %store/vec4 v0x5b4a56ef60c0_0, 0, 1;
    %pushi/vec4 0, 0, 1;
    %store/vec4 v0x5b4a56ef6200_0, 0, 1;
    %pushi/vec4 0, 0, 1;
    %store/vec4 v0x5b4a56ef62d0_0, 0, 1;
    %pushi/vec4 0, 0, 1;
    %store/vec4 v0x5b4a56ef63a0_0, 0, 1;
    %pushi/vec4 0, 0, 1;
    %store/vec4 v0x5b4a56ef5d90_0, 0, 1;
    %pushi/vec4 0, 0, 4;
    %store/vec4 v0x5b4a56ef5f30_0, 0, 4;
    %pushi/vec4 0, 0, 5;
    %store/vec4 v0x5b4a56ef5fd0_0, 0, 5;
    %pushi/vec4 0, 0, 18;
    %store/vec4 v0x5b4a56ef5bf0_0, 0, 18;
    %pushi/vec4 0, 0, 18;
    %store/vec4 v0x5b4a56ef5cc0_0, 0, 18;
    %pushi/vec4 0, 0, 18;
    %store/vec4 v0x5b4a56ef6470_0, 0, 18;
    %pushi/vec4 0, 0, 18;
    %store/vec4 v0x5b4a56ef6540_0, 0, 18;
    %pushi/vec4 0, 0, 18;
    %store/vec4 v0x5b4a56ef6610_0, 0, 18;
    %pushi/vec4 0, 0, 18;
    %store/vec4 v0x5b4a56ef66e0_0, 0, 18;
    %pushi/vec4 3, 0, 32;
T_1.6 %dup/vec4;
    %pushi/vec4 0, 0, 32;
    %cmp/s;
    %jmp/1xz T_1.7, 5;
    %jmp/1 T_1.7, 4;
    %pushi/vec4 1, 0, 32;
    %sub;
    %wait E_0x5b4a56ece150;
    %jmp T_1.6;
T_1.7 ;
    %pop/vec4 1;
    %pushi/vec4 0, 0, 1;
    %store/vec4 v0x5b4a56ef6160_0, 0, 1;
    %wait E_0x5b4a56ece150;
    %end;
S_0x5b4a56ee8fc0 .scope module, "dut" "multiply_manager" 9 69, 10 41 0, S_0x5b4a56e9da20;
 .timescale 0 0;
    .port_info 0 /INPUT 1 "clk";
    .port_info 1 /INPUT 1 "rst";
    .port_info 2 /INPUT 1 "kill";
    .port_info 3 /INPUT 1 "received";
    .port_info 4 /INPUT 1 "start_left";
    .port_info 5 /INPUT 1 "start_right";
    .port_info 6 /INPUT 1 "start_wide";
    .port_info 7 /INPUT 1 "julia_type";
    .port_info 8 /INPUT 4 "magnitude_negation_encoding";
    .port_info 9 /INPUT 5 "max_iteration";
    .port_info 10 /INPUT 18 "julia_c_x";
    .port_info 11 /INPUT 18 "julia_c_y";
    .port_info 12 /INPUT 18 "starting_x_reg_1";
    .port_info 13 /INPUT 18 "starting_x_reg_2";
    .port_info 14 /INPUT 18 "starting_y_reg_1";
    .port_info 15 /INPUT 18 "starting_y_reg_2";
    .port_info 16 /OUTPUT 1 "done";
    .port_info 17 /OUTPUT 1 "done_side";
    .port_info 18 /OUTPUT 16 "iteration_out";
P_0x5b4a56eb1280 .param/l "INTEGER_BITS" 0 10 41, +C4<00000000000000000000000000000010>;
P_0x5b4a56eb12c0 .param/l "ITERATION_COUNT_WIDTH" 0 10 41, +C4<00000000000000000000000000010000>;
P_0x5b4a56eb1300 .param/l "LOWEST_MAX_ITERATION_POWER" 0 10 41, +C4<00000000000000000000000000000000>;
P_0x5b4a56eb1340 .param/l "NARROW_FRACTIONAL_BITS" 1 10 70, +C4<000000000000000000000000000010000>;
P_0x5b4a56eb1380 .param/l "NARROW_WIDTH" 0 10 41, +C4<00000000000000000000000000010010>;
enum0x5b4a56d73b80 .enum2/s (32)
   "T_IDLE" 0,
   "RUNNING" 1
 ;
enum0x5b4a56d744e0 .enum2/s (32)
   "UNDEFINED" 0,
   "SPLIT" 1,
   "JOINED" 2
 ;
enum0x5b4a56d9e5b0 .enum2/s (32)
   "C_IDLE" 0,
   "ALTER_SUM" 1,
   "X_SQUARED" 2,
   "Y_SQUARED" 3,
   "TWO_I_XY" 4,
   "ADD_COORD" 5,
   "ADD_JULIA" 6,
   "DONE" 7
 ;
v0x5b4a56eedc90_0 .net "clk", 0 0, v0x5b4a56ef57d0_0;  1 drivers
v0x5b4a56eedd50_0 .var "done", 0 0;
v0x5b4a56eede10_0 .var "done_side", 0 0;
v0x5b4a56eedee0_0 .net/s "encoded_x_reg_1", 35 0, v0x5b4a56eeb560_0;  1 drivers
v0x5b4a56eedfd0_0 .net/s "encoded_x_reg_2", 35 0, v0x5b4a56eeb650_0;  1 drivers
v0x5b4a56eee0c0_0 .net/s "encoded_y_reg_1", 35 0, v0x5b4a56eeb730_0;  1 drivers
v0x5b4a56eee190_0 .net/s "encoded_y_reg_2", 35 0, v0x5b4a56eeb860_0;  1 drivers
v0x5b4a56eee260_0 .var/2s "grouping_status", 31 0;
v0x5b4a56eee320_0 .var "iteration_out", 15 0;
v0x5b4a56eee400_0 .var "iteration_reg_1", 15 0;
v0x5b4a56eee4f0_0 .var "iteration_reg_2", 15 0;
v0x5b4a56eee5b0_0 .net/s "julia_c_x", 17 0, v0x5b4a56ef5bf0_0;  1 drivers
v0x5b4a56eee690_0 .net/s "julia_c_y", 17 0, v0x5b4a56ef5cc0_0;  1 drivers
v0x5b4a56eee770_0 .net "julia_type", 0 0, v0x5b4a56ef5d90_0;  1 drivers
v0x5b4a56eee830_0 .net "kill", 0 0, v0x5b4a56ef5e60_0;  1 drivers
v0x5b4a56eee8f0_0 .var/2s "left_cycle", 31 0;
v0x5b4a56eee9d0_0 .net "left_magnitude_flag", 0 0, v0x5b4a56eea200_0;  1 drivers
v0x5b4a56eeeaa0_0 .net "left_max_iteration_flag", 0 0, L_0x5b4a56f08e30;  1 drivers
v0x5b4a56eeeb70_0 .var "left_multiply_mode", 1 0;
v0x5b4a56eeec40_0 .net/s "left_multiply_result", 35 0, v0x5b4a56eea870_0;  1 drivers
v0x5b4a56eeed10_0 .var/2s "left_thread", 31 0;
v0x5b4a56eeedb0_0 .net "magnitude_negation_encoding", 3 0, v0x5b4a56ef5f30_0;  1 drivers
v0x5b4a56eeeea0_0 .var/s "magnitude_reg_1", 35 0;
v0x5b4a56eeef70_0 .var/s "magnitude_reg_2", 35 0;
v0x5b4a56eef030_0 .net "max_iteration", 4 0, v0x5b4a56ef5fd0_0;  1 drivers
v0x5b4a56eef120_0 .net "received", 0 0, v0x5b4a56ef60c0_0;  1 drivers
v0x5b4a56eef1c0_0 .var/2s "right_cycle", 31 0;
v0x5b4a56eef2a0_0 .var/2s "right_thread", 31 0;
v0x5b4a56eef380_0 .net "rst", 0 0, v0x5b4a56ef6160_0;  1 drivers
v0x5b4a56eef440_0 .var/s "spare_x_reg_1", 17 0;
v0x5b4a56eef530_0 .net "start_left", 0 0, v0x5b4a56ef6200_0;  1 drivers
v0x5b4a56eef5d0_0 .net "start_right", 0 0, v0x5b4a56ef62d0_0;  1 drivers
v0x5b4a56eef690_0 .net "start_wide", 0 0, v0x5b4a56ef63a0_0;  1 drivers
v0x5b4a56eef960_0 .net/s "starting_x_reg_1", 17 0, v0x5b4a56ef6470_0;  1 drivers
v0x5b4a56eefa40_0 .net/s "starting_x_reg_2", 17 0, v0x5b4a56ef6540_0;  1 drivers
v0x5b4a56eefb20_0 .net/s "starting_y_reg_1", 17 0, v0x5b4a56ef6610_0;  1 drivers
v0x5b4a56eefc00_0 .net/s "starting_y_reg_2", 17 0, v0x5b4a56ef66e0_0;  1 drivers
v0x5b4a56eefce0_0 .var/s "sum_x_reg_1", 35 0;
v0x5b4a56eefda0_0 .net "sum_x_reg_1_overflow_flag", 0 0, v0x5b4a56eec690_0;  1 drivers
v0x5b4a56eefe40_0 .var/s "sum_x_reg_2", 35 0;
v0x5b4a56eeff30_0 .net "sum_x_reg_2_overflow_flag", 0 0, v0x5b4a56eecd90_0;  1 drivers
v0x5b4a56eeffd0_0 .var/s "sum_y_reg_1", 35 0;
v0x5b4a56ef00c0_0 .net "sum_y_reg_1_overflow_flag", 0 0, v0x5b4a56eed490_0;  1 drivers
v0x5b4a56ef0160_0 .var/s "sum_y_reg_2", 35 0;
v0x5b4a56ef0250_0 .net "sum_y_reg_2_overflow_flag", 0 0, v0x5b4a56eedb90_0;  1 drivers
E_0x5b4a56d970d0/0 .event edge, v0x5b4a56ee9bc0_0, v0x5b4a56eee260_0, v0x5b4a56eee8f0_0, v0x5b4a56eef1c0_0;
E_0x5b4a56d970d0/1 .event edge, v0x5b4a56eee4f0_0;
E_0x5b4a56d970d0 .event/or E_0x5b4a56d970d0/0, E_0x5b4a56d970d0/1;
E_0x5b4a56ece150 .event posedge, v0x5b4a56eedc90_0;
E_0x5b4a56ece190 .event edge, v0x5b4a56eee8f0_0;
L_0x5b4a56f08a10 .part v0x5b4a56eeffd0_0, 16, 18;
S_0x5b4a56ee9430 .scope module, "left_iteration_flagger" "max_iteration_flagger" 10 186, 11 1 0, S_0x5b4a56ee8fc0;
 .timescale 0 0;
    .port_info 0 /INPUT 16 "iteration_count";
    .port_info 1 /INPUT 5 "max_iteration";
    .port_info 2 /OUTPUT 1 "flag";
P_0x5b4a56eadba0 .param/l "ITERATION_COUNT_WIDTH" 0 11 1, +C4<00000000000000000000000000010000>;
P_0x5b4a56eadbe0 .param/l "LOWEST_MAX_ITERATION_POWER" 0 11 1, +C4<00000000000000000000000000000000>;
v0x5b4a56ee9700_0 .net *"_ivl_0", 31 0, L_0x5b4a56f08ae0;  1 drivers
L_0x73cb473b7210 .functor BUFT 1, C4<000000000000000000000000000>, C4<0>, C4<0>, C4<0>;
v0x5b4a56ee9800_0 .net *"_ivl_3", 26 0, L_0x73cb473b7210;  1 drivers
L_0x73cb473b7258 .functor BUFT 1, C4<00000000000000000000000000000000>, C4<0>, C4<0>, C4<0>;
v0x5b4a56ee98e0_0 .net/2u *"_ivl_4", 31 0, L_0x73cb473b7258;  1 drivers
v0x5b4a56ee99d0_0 .net *"_ivl_6", 31 0, L_0x5b4a56f08ca0;  1 drivers
v0x5b4a56ee9ab0_0 .net "flag", 0 0, L_0x5b4a56f08e30;  alias, 1 drivers
v0x5b4a56ee9bc0_0 .net "iteration_count", 15 0, v0x5b4a56eee400_0;  1 drivers
v0x5b4a56ee9ca0_0 .net "max_iteration", 4 0, v0x5b4a56ef5fd0_0;  alias, 1 drivers
L_0x5b4a56f08ae0 .concat [ 5 27 0 0], v0x5b4a56ef5fd0_0, L_0x73cb473b7210;
L_0x5b4a56f08ca0 .arith/sum 32, L_0x5b4a56f08ae0, L_0x73cb473b7258;
L_0x5b4a56f08e30 .part/v v0x5b4a56eee400_0, L_0x5b4a56f08ca0, 1;
S_0x5b4a56ee9e00 .scope module, "left_magnitude" "magnitude_comparison_unit" 10 178, 12 1 0, S_0x5b4a56ee8fc0;
 .timescale 0 0;
    .port_info 0 /INPUT 36 "magnitude";
    .port_info 1 /OUTPUT 1 "mag_flag";
P_0x5b4a56ece450 .param/l "INTEGER_BITS" 0 12 1, +C4<00000000000000000000000000000010>;
P_0x5b4a56ece490 .param/l "NARROW_WIDTH" 0 12 1, +C4<00000000000000000000000000010010>;
v0x5b4a56eea200_0 .var "mag_flag", 0 0;
v0x5b4a56eea2e0_0 .net/s "magnitude", 35 0, v0x5b4a56eeeea0_0;  1 drivers
E_0x5b4a56eea180 .event edge, v0x5b4a56eea2e0_0;
S_0x5b4a56eea420 .scope module, "left_multiply" "multiply" 10 166, 13 1 0, S_0x5b4a56ee8fc0;
 .timescale 0 0;
    .port_info 0 /INPUT 18 "x";
    .port_info 1 /INPUT 18 "y";
    .port_info 2 /INPUT 2 "mode";
    .port_info 3 /OUTPUT 36 "result";
P_0x5b4a56eea630 .param/l "NARROW_WIDTH" 0 13 1, +C4<00000000000000000000000000010010>;
v0x5b4a56eea790_0 .net "mode", 1 0, v0x5b4a56eeeb70_0;  1 drivers
v0x5b4a56eea870_0 .var/s "result", 35 0;
v0x5b4a56eea950_0 .net/s "x", 17 0, v0x5b4a56eef440_0;  1 drivers
v0x5b4a56eeaa40_0 .net/s "y", 17 0, L_0x5b4a56f08a10;  1 drivers
E_0x5b4a56eea730 .event edge, v0x5b4a56eea790_0, v0x5b4a56eea950_0, v0x5b4a56eeaa40_0;
S_0x5b4a56eeabd0 .scope module, "mag_neg_encoder" "sum_alter" 10 138, 14 1 0, S_0x5b4a56ee8fc0;
 .timescale 0 0;
    .port_info 0 /INPUT 36 "sum_x_reg_1";
    .port_info 1 /INPUT 36 "sum_x_reg_2";
    .port_info 2 /INPUT 36 "sum_y_reg_1";
    .port_info 3 /INPUT 36 "sum_y_reg_2";
    .port_info 4 /INPUT 4 "magnitude_negation_encoding";
    .port_info 5 /OUTPUT 36 "changed_sum_x_reg_1";
    .port_info 6 /OUTPUT 36 "changed_sum_x_reg_2";
    .port_info 7 /OUTPUT 36 "changed_sum_y_reg_1";
    .port_info 8 /OUTPUT 36 "changed_sum_y_reg_2";
P_0x5b4a56eeadb0 .param/l "INTEGER_BITS" 0 14 1, +C4<00000000000000000000000000000010>;
P_0x5b4a56eeadf0 .param/l "NARROW_WIDTH" 0 14 1, +C4<00000000000000000000000000010010>;
P_0x5b4a56eeae30 .param/l "SUM_FRACTIONAL_BITS" 1 14 18, +C4<00000000000000000000000000000000000000000000000000000000000100000>;
P_0x5b4a56eeae70 .param/l "SUM_INT_BITS" 1 14 17, +C4<0000000000000000000000000000000000000000000000000000000000000100>;
v0x5b4a56eeb3c0_0 .net "abs_x", 0 0, L_0x5b4a56f08640;  1 drivers
v0x5b4a56eeb4a0_0 .net "abs_y", 0 0, L_0x5b4a56f08840;  1 drivers
v0x5b4a56eeb560_0 .var/s "changed_sum_x_reg_1", 35 0;
v0x5b4a56eeb650_0 .var/s "changed_sum_x_reg_2", 35 0;
v0x5b4a56eeb730_0 .var/s "changed_sum_y_reg_1", 35 0;
v0x5b4a56eeb860_0 .var/s "changed_sum_y_reg_2", 35 0;
v0x5b4a56eeb940_0 .net "magnitude_negation_encoding", 3 0, v0x5b4a56ef5f30_0;  alias, 1 drivers
v0x5b4a56eeba20_0 .net "neg_x", 0 0, L_0x5b4a56f086e0;  1 drivers
v0x5b4a56eebae0_0 .net "neg_y", 0 0, L_0x5b4a56f08910;  1 drivers
v0x5b4a56eebba0_0 .net/s "sum_x_reg_1", 35 0, v0x5b4a56eefce0_0;  1 drivers
v0x5b4a56eebc80_0 .net/s "sum_x_reg_2", 35 0, v0x5b4a56eefe40_0;  1 drivers
v0x5b4a56eebd60_0 .net/s "sum_y_reg_1", 35 0, v0x5b4a56eeffd0_0;  1 drivers
v0x5b4a56eebe40_0 .net/s "sum_y_reg_2", 35 0, v0x5b4a56ef0160_0;  1 drivers
E_0x5b4a56eeb310/0 .event edge, v0x5b4a56eebba0_0, v0x5b4a56eebc80_0, v0x5b4a56eebd60_0, v0x5b4a56eebe40_0;
E_0x5b4a56eeb310/1 .event edge, v0x5b4a56eeb3c0_0, v0x5b4a56eeba20_0, v0x5b4a56eeb4a0_0, v0x5b4a56eebae0_0;
E_0x5b4a56eeb310 .event/or E_0x5b4a56eeb310/0, E_0x5b4a56eeb310/1;
L_0x5b4a56f08640 .part v0x5b4a56ef5f30_0, 3, 1;
L_0x5b4a56f086e0 .part v0x5b4a56ef5f30_0, 1, 1;
L_0x5b4a56f08840 .part v0x5b4a56ef5f30_0, 2, 1;
L_0x5b4a56f08910 .part v0x5b4a56ef5f30_0, 0, 1;
S_0x5b4a56eec040 .scope module, "x_1" "coord_flagger" 10 84, 15 6 0, S_0x5b4a56ee8fc0;
 .timescale 0 0;
    .port_info 0 /INPUT 36 "coordinate";
    .port_info 1 /OUTPUT 1 "flag";
P_0x5b4a56eec220 .param/l "INTEGER_BITS" 0 15 6, +C4<00000000000000000000000000000010>;
P_0x5b4a56eec260 .param/l "NARROW_FRACTIONAL_BITS" 0 15 6, +C4<000000000000000000000000000010000>;
P_0x5b4a56eec2a0 .param/l "NARROW_WIDTH" 0 15 6, +C4<00000000000000000000000000010010>;
v0x5b4a56eec580_0 .net/s "coordinate", 35 0, v0x5b4a56eefce0_0;  alias, 1 drivers
v0x5b4a56eec690_0 .var "flag", 0 0;
E_0x5b4a56eec500 .event edge, v0x5b4a56eebba0_0;
S_0x5b4a56eec790 .scope module, "x_2" "coord_flagger" 10 89, 15 6 0, S_0x5b4a56ee8fc0;
 .timescale 0 0;
    .port_info 0 /INPUT 36 "coordinate";
    .port_info 1 /OUTPUT 1 "flag";
P_0x5b4a56eec970 .param/l "INTEGER_BITS" 0 15 6, +C4<00000000000000000000000000000010>;
P_0x5b4a56eec9b0 .param/l "NARROW_FRACTIONAL_BITS" 0 15 6, +C4<000000000000000000000000000010000>;
P_0x5b4a56eec9f0 .param/l "NARROW_WIDTH" 0 15 6, +C4<00000000000000000000000000010010>;
v0x5b4a56eecc80_0 .net/s "coordinate", 35 0, v0x5b4a56eefe40_0;  alias, 1 drivers
v0x5b4a56eecd90_0 .var "flag", 0 0;
E_0x5b4a56eecc00 .event edge, v0x5b4a56eebc80_0;
S_0x5b4a56eece90 .scope module, "y_1" "coord_flagger" 10 94, 15 6 0, S_0x5b4a56ee8fc0;
 .timescale 0 0;
    .port_info 0 /INPUT 36 "coordinate";
    .port_info 1 /OUTPUT 1 "flag";
P_0x5b4a56eed070 .param/l "INTEGER_BITS" 0 15 6, +C4<00000000000000000000000000000010>;
P_0x5b4a56eed0b0 .param/l "NARROW_FRACTIONAL_BITS" 0 15 6, +C4<000000000000000000000000000010000>;
P_0x5b4a56eed0f0 .param/l "NARROW_WIDTH" 0 15 6, +C4<00000000000000000000000000010010>;
v0x5b4a56eed380_0 .net/s "coordinate", 35 0, v0x5b4a56eeffd0_0;  alias, 1 drivers
v0x5b4a56eed490_0 .var "flag", 0 0;
E_0x5b4a56eed300 .event edge, v0x5b4a56eebd60_0;
S_0x5b4a56eed590 .scope module, "y_2" "coord_flagger" 10 99, 15 6 0, S_0x5b4a56ee8fc0;
 .timescale 0 0;
    .port_info 0 /INPUT 36 "coordinate";
    .port_info 1 /OUTPUT 1 "flag";
P_0x5b4a56eed770 .param/l "INTEGER_BITS" 0 15 6, +C4<00000000000000000000000000000010>;
P_0x5b4a56eed7b0 .param/l "NARROW_FRACTIONAL_BITS" 0 15 6, +C4<000000000000000000000000000010000>;
P_0x5b4a56eed7f0 .param/l "NARROW_WIDTH" 0 15 6, +C4<00000000000000000000000000010010>;
v0x5b4a56eeda80_0 .net/s "coordinate", 35 0, v0x5b4a56ef0160_0;  alias, 1 drivers
v0x5b4a56eedb90_0 .var "flag", 0 0;
E_0x5b4a56eeda00 .event edge, v0x5b4a56eebe40_0;
S_0x5b4a56ef05d0 .scope autofunction.vec4.s1, "escaped" "escaped" 9 128, 9 128 0, S_0x5b4a56e9da20;
 .timescale -9 -12;
; Variable escaped is vec4 return value of scope S_0x5b4a56ef05d0
v0x5b4a56ef07f0_0 .var/s "mag", 35 0;
TD_tb_multiply_manager_precision.escaped ;
    %load/vec4 v0x5b4a56ef07f0_0;
    %parti/s 2, 34, 7;
    %or/r;
    %ret/vec4 0, 0, 1;  Assign to escaped (store_vec4_to_lval)
    %disable S_0x5b4a56ef05d0;
    %end;
S_0x5b4a56ef08d0 .scope autofunction.void, "expect_eq" "expect_eq" 9 140, 9 140 0, S_0x5b4a56e9da20;
 .timescale -9 -12;
v0x5b4a56ef0b00_0 .var/s "exp", 35 0;
v0x5b4a56ef0c00_0 .var/s "got", 35 0;
v0x5b4a56ef0ce0_0 .var/2s "iter", 31 0;
v0x5b4a56ef0da0_0 .var/str "where";
TD_tb_multiply_manager_precision.expect_eq ;
    ; show_stmt_assign_vector: Get l-value for compressed += operand
    %load/vec4 v0x5b4a56ef56d0_0;
    %pushi/vec4 1, 0, 32;
    %add;
    %cast2;
    %store/vec4 v0x5b4a56ef56d0_0, 0, 32;
    %load/vec4 v0x5b4a56ef0c00_0;
    %load/vec4 v0x5b4a56ef0b00_0;
    %cmp/ne;
    %jmp/0xz  T_3.8, 6;
    ; show_stmt_assign_vector: Get l-value for compressed += operand
    %load/vec4 v0x5b4a56ef5a60_0;
    %pushi/vec4 1, 0, 32;
    %add;
    %cast2;
    %store/vec4 v0x5b4a56ef5a60_0, 0, 32;
    %load/vec4 v0x5b4a56ef0c00_0;
    %load/vec4 v0x5b4a56ef0b00_0;
    %sub;
    %vpi_call/w 9 146 "$display", "  [FAIL] %s @iter %0d : dut=%0d (0x%h) ref=%0d (0x%h)  delta=%0d LSB-ish", v0x5b4a56ef0da0_0, v0x5b4a56ef0ce0_0, v0x5b4a56ef0c00_0, v0x5b4a56ef0c00_0, v0x5b4a56ef0b00_0, v0x5b4a56ef0b00_0, S<0,vec4,s36> {1 0 0};
T_3.8 ;
    %end;
S_0x5b4a56ef0e60 .scope autofunction.vec4.u36, "mul" "mul" 9 109, 9 109 0, S_0x5b4a56e9da20;
 .timescale -9 -12;
v0x5b4a56ef1040_0 .var/s "a", 17 0;
v0x5b4a56ef1140_0 .var/s "b", 17 0;
v0x5b4a56ef1220_0 .var "m", 1 0;
; Variable mul is vec4 return value of scope S_0x5b4a56ef0e60
TD_tb_multiply_manager_precision.mul ;
    %load/vec4 v0x5b4a56ef1220_0;
    %dup/vec4;
    %pushi/vec4 0, 0, 2;
    %cmp/u;
    %jmp/1 T_4.10, 6;
    %dup/vec4;
    %pushi/vec4 1, 0, 2;
    %cmp/u;
    %jmp/1 T_4.11, 6;
    %dup/vec4;
    %pushi/vec4 2, 0, 2;
    %cmp/u;
    %jmp/1 T_4.12, 6;
    %pushi/vec4 0, 0, 36;
    %ret/vec4 0, 0, 36;  Assign to mul (store_vec4_to_lval)
    %disable S_0x5b4a56ef0e60;
    %jmp T_4.14;
T_4.10 ;
    %load/vec4 v0x5b4a56ef1040_0;
    %pad/s 36;
    %load/vec4 v0x5b4a56ef1040_0;
    %pad/s 36;
    %mul;
    %ret/vec4 0, 0, 36;  Assign to mul (store_vec4_to_lval)
    %disable S_0x5b4a56ef0e60;
    %jmp T_4.14;
T_4.11 ;
    %load/vec4 v0x5b4a56ef1140_0;
    %pad/s 36;
    %load/vec4 v0x5b4a56ef1140_0;
    %pad/s 36;
    %mul;
    %ret/vec4 0, 0, 36;  Assign to mul (store_vec4_to_lval)
    %disable S_0x5b4a56ef0e60;
    %jmp T_4.14;
T_4.12 ;
    %load/vec4 v0x5b4a56ef1040_0;
    %pad/s 36;
    %load/vec4 v0x5b4a56ef1140_0;
    %pad/s 36;
    %mul;
    %ix/load 4, 1, 0;
    %flag_set/imm 4, 0;
    %shiftl 4;
    %ret/vec4 0, 0, 36;  Assign to mul (store_vec4_to_lval)
    %disable S_0x5b4a56ef0e60;
    %jmp T_4.14;
T_4.14 ;
    %pop/vec4 1;
    %end;
S_0x5b4a56ef13f0 .scope autofunction.vec4.u18, "narrow" "narrow" 9 105, 9 105 0, S_0x5b4a56e9da20;
 .timescale -9 -12;
; Variable narrow is vec4 return value of scope S_0x5b4a56ef13f0
v0x5b4a56ef16d0_0 .var/s "v", 35 0;
TD_tb_multiply_manager_precision.narrow ;
    %load/vec4 v0x5b4a56ef16d0_0;
    %parti/s 18, 16, 6;
    %ret/vec4 0, 0, 18;  Assign to narrow (store_vec4_to_lval)
    %disable S_0x5b4a56ef13f0;
    %end;
S_0x5b4a56ef17b0 .scope autofunction.vec4.u36, "promote" "promote" 9 100, 9 100 0, S_0x5b4a56e9da20;
 .timescale -9 -12;
v0x5b4a56ef1990_0 .var/s "e", 35 0;
; Variable promote is vec4 return value of scope S_0x5b4a56ef17b0
v0x5b4a56ef1b70_0 .var/s "v", 17 0;
TD_tb_multiply_manager_precision.promote ;
    %load/vec4 v0x5b4a56ef1b70_0;
    %pad/s 36;
    %store/vec4 v0x5b4a56ef1990_0, 0, 36;
    %load/vec4 v0x5b4a56ef1990_0;
    %ix/load 4, 16, 0;
    %flag_set/imm 4, 0;
    %shiftl 4;
    %ret/vec4 0, 0, 36;  Assign to promote (store_vec4_to_lval)
    %disable S_0x5b4a56ef17b0;
    %end;
S_0x5b4a56ef1c60 .scope autofunction.real, "q216_to_real" "q216_to_real" 9 91, 9 91 0, S_0x5b4a56e9da20;
 .timescale -9 -12;
v0x5b4a56ef1e40_0 .var/s "q", 17 0;
; Variable q216_to_real is REAL return value of scope S_0x5b4a56ef1c60
TD_tb_multiply_manager_precision.q216_to_real ;
    %load/vec4 v0x5b4a56ef1e40_0;
    %vpi_func/r 9 92 "$itor", S<0,vec4,s18> {1 0 0};
    %pushi/vec4 65536, 0, 32;
    %cvt/rv/s;
    %div/wr;
    %ret/real 0; Assign to q216_to_real
    %disable S_0x5b4a56ef1c60;
    %end;
S_0x5b4a56ef2000 .scope autofunction.real, "q432_to_real" "q432_to_real" 9 95, 9 95 0, S_0x5b4a56e9da20;
 .timescale -9 -12;
v0x5b4a56ef2190_0 .var/s "q", 35 0;
; Variable q432_to_real is REAL return value of scope S_0x5b4a56ef2000
TD_tb_multiply_manager_precision.q432_to_real ;
    %load/vec4 v0x5b4a56ef2190_0;
    %vpi_func/r 9 96 "$itor", S<0,vec4,s36> {1 0 0};
    %pushi/vec4 0, 0, 32;
    %cvt/rv/s;
    %div/wr;
    %ret/real 0; Assign to q432_to_real
    %disable S_0x5b4a56ef2000;
    %end;
S_0x5b4a56ef2350 .scope autotask, "run_precision" "run_precision" 9 157, 9 157 0, S_0x5b4a56e9da20;
 .timescale -9 -12;
v0x5b4a56ef2ef0_0 .var/s "cx", 17 0;
v0x5b4a56ef2ff0_0 .var/s "cy", 17 0;
v0x5b4a56ef30d0_0 .var/2u "cyc", 31 0;
v0x5b4a56ef3190_0 .var "dax", 0 0;
v0x5b4a56ef3250_0 .var "day", 0 0;
v0x5b4a56ef3360_0 .var "dnx", 0 0;
v0x5b4a56ef3420_0 .var "dny", 0 0;
v0x5b4a56ef34e0_0 .var/2u "dut_count", 31 0;
v0x5b4a56ef35c0_0 .var "dut_hit_limit", 0 0;
v0x5b4a56ef3710_0 .var "enc", 3 0;
v0x5b4a56ef37f0_0 .var/real "i_cx", 0 0;
v0x5b4a56ef38b0_0 .var/real "i_cy", 0 0;
v0x5b4a56ef3970_0 .var/real "i_px", 0 0;
v0x5b4a56ef3a30_0 .var/real "i_py", 0 0;
v0x5b4a56ef3af0_0 .var/real "i_x", 0 0;
v0x5b4a56ef3bb0_0 .var/real "i_x2", 0 0;
v0x5b4a56ef3c70_0 .var/real "i_y", 0 0;
v0x5b4a56ef3d30_0 .var/real "i_y2", 0 0;
v0x5b4a56ef3df0_0 .var "ideal_escaped", 0 0;
v0x5b4a56ef3eb0_0 .var/2u "ideal_iter", 31 0;
v0x5b4a56ef3f90_0 .var "jtype", 0 0;
v0x5b4a56ef4050_0 .var/2s "limit_bit", 31 0;
v0x5b4a56ef4130_0 .var/2s "limit_val", 31 0;
v0x5b4a56ef4210_0 .var "loop_done", 0 0;
v0x5b4a56ef42d0_0 .var "maxit", 4 0;
v0x5b4a56ef43b0_0 .var/str "name";
v0x5b4a56ef4470_0 .var "prev_in_alter", 0 0;
v0x5b4a56ef4530_0 .var/s "px", 17 0;
v0x5b4a56ef4610_0 .var/s "py", 17 0;
v0x5b4a56ef46f0_0 .var/s "r_ax", 35 0;
v0x5b4a56ef47d0_0 .var/s "r_ay", 35 0;
v0x5b4a56ef48b0_0 .var/2u "r_iter", 31 0;
v0x5b4a56ef4990_0 .var/s "r_mag", 35 0;
v0x5b4a56ef4c80_0 .var/s "r_sum_x", 35 0;
v0x5b4a56ef4d60_0 .var/s "r_sum_y", 35 0;
v0x5b4a56ef4e40_0 .var/s "r_sx", 17 0;
v0x5b4a56ef4f20_0 .var/s "r_sy", 17 0;
v0x5b4a56ef5000_0 .var/s "r_xx", 35 0;
v0x5b4a56ef50e0_0 .var/s "r_xy2", 35 0;
v0x5b4a56ef51c0_0 .var/s "r_yy", 35 0;
v0x5b4a56ef52a0_0 .var/2s "signed_div", 31 0;
E_0x5b4a56ef2530 .event negedge, v0x5b4a56eedc90_0;
TD_tb_multiply_manager_precision.run_precision ;
    %load/vec4 v0x5b4a56ef3710_0;
    %parti/s 1, 3, 3;
    %store/vec4 v0x5b4a56ef3190_0, 0, 1;
    %load/vec4 v0x5b4a56ef3710_0;
    %parti/s 1, 1, 2;
    %store/vec4 v0x5b4a56ef3360_0, 0, 1;
    %load/vec4 v0x5b4a56ef3710_0;
    %parti/s 1, 2, 3;
    %store/vec4 v0x5b4a56ef3250_0, 0, 1;
    %load/vec4 v0x5b4a56ef3710_0;
    %parti/s 1, 0, 2;
    %store/vec4 v0x5b4a56ef3420_0, 0, 1;
    %load/vec4 v0x5b4a56ef42d0_0;
    %pad/u 32;
    %addi 0, 0, 32;
    %cast2;
    %store/vec4 v0x5b4a56ef4050_0, 0, 32;
    %pushi/vec4 0, 0, 32;
    %store/vec4 v0x5b4a56ef48b0_0, 0, 32;
    %alloc S_0x5b4a56ef1c60;
    %load/vec4 v0x5b4a56ef2ef0_0;
    %store/vec4 v0x5b4a56ef1e40_0, 0, 18;
    %callf/real TD_tb_multiply_manager_precision.q216_to_real, S_0x5b4a56ef1c60;
    %free S_0x5b4a56ef1c60;
    %store/real v0x5b4a56ef37f0_0;
    %alloc S_0x5b4a56ef1c60;
    %load/vec4 v0x5b4a56ef2ff0_0;
    %store/vec4 v0x5b4a56ef1e40_0, 0, 18;
    %callf/real TD_tb_multiply_manager_precision.q216_to_real, S_0x5b4a56ef1c60;
    %free S_0x5b4a56ef1c60;
    %store/real v0x5b4a56ef38b0_0;
    %alloc S_0x5b4a56ef1c60;
    %load/vec4 v0x5b4a56ef4530_0;
    %store/vec4 v0x5b4a56ef1e40_0, 0, 18;
    %callf/real TD_tb_multiply_manager_precision.q216_to_real, S_0x5b4a56ef1c60;
    %free S_0x5b4a56ef1c60;
    %store/real v0x5b4a56ef3970_0;
    %alloc S_0x5b4a56ef1c60;
    %load/vec4 v0x5b4a56ef4610_0;
    %store/vec4 v0x5b4a56ef1e40_0, 0, 18;
    %callf/real TD_tb_multiply_manager_precision.q216_to_real, S_0x5b4a56ef1c60;
    %free S_0x5b4a56ef1c60;
    %store/real v0x5b4a56ef3a30_0;
    %load/vec4 v0x5b4a56ef3f90_0;
    %flag_set/vec4 8;
    %jmp/0xz  T_9.15, 8;
    %alloc S_0x5b4a56ef17b0;
    %load/vec4 v0x5b4a56ef4530_0;
    %store/vec4 v0x5b4a56ef1b70_0, 0, 18;
    %callf/vec4 TD_tb_multiply_manager_precision.promote, S_0x5b4a56ef17b0;
    %free S_0x5b4a56ef17b0;
    %store/vec4 v0x5b4a56ef4c80_0, 0, 36;
    %alloc S_0x5b4a56ef17b0;
    %load/vec4 v0x5b4a56ef4610_0;
    %store/vec4 v0x5b4a56ef1b70_0, 0, 18;
    %callf/vec4 TD_tb_multiply_manager_precision.promote, S_0x5b4a56ef17b0;
    %free S_0x5b4a56ef17b0;
    %store/vec4 v0x5b4a56ef4d60_0, 0, 36;
    %load/real v0x5b4a56ef3970_0;
    %store/real v0x5b4a56ef3af0_0;
    %load/real v0x5b4a56ef3a30_0;
    %store/real v0x5b4a56ef3c70_0;
    %jmp T_9.16;
T_9.15 ;
    %pushi/vec4 0, 0, 36;
    %store/vec4 v0x5b4a56ef4c80_0, 0, 36;
    %pushi/vec4 0, 0, 36;
    %store/vec4 v0x5b4a56ef4d60_0, 0, 36;
    %pushi/real 0, 4065; load=0.00000
    %store/real v0x5b4a56ef3af0_0;
    %pushi/real 0, 4065; load=0.00000
    %store/real v0x5b4a56ef3c70_0;
T_9.16 ;
    %pushi/vec4 0, 0, 32;
    %store/vec4 v0x5b4a56ef3eb0_0, 0, 32;
    %pushi/vec4 0, 0, 1;
    %store/vec4 v0x5b4a56ef3df0_0, 0, 1;
    %fork t_1, S_0x5b4a56ef25b0;
    %jmp t_0;
    .scope S_0x5b4a56ef25b0;
t_1 ;
    %load/vec4 v0x5b4a56ef3f90_0;
    %flag_set/vec4 8;
    %jmp/1  T_9.17, 8;
    %pushi/real 0, 4065; load=0.00000
    %jmp/0  T_9.18, 8; End of false expr.
    %load/real v0x5b4a56ef3970_0;
    %blend/wr;
    %jmp  T_9.18; End of blend
T_9.17 ;
    %load/real v0x5b4a56ef3970_0;
T_9.18 ;
    %store/real v0x5b4a56ef2c50_0;
    %load/vec4 v0x5b4a56ef3f90_0;
    %flag_set/vec4 8;
    %jmp/1  T_9.19, 8;
    %pushi/real 0, 4065; load=0.00000
    %jmp/0  T_9.20, 8; End of false expr.
    %load/real v0x5b4a56ef3a30_0;
    %blend/wr;
    %jmp  T_9.20; End of blend
T_9.19 ;
    %load/real v0x5b4a56ef3a30_0;
T_9.20 ;
    %store/real v0x5b4a56ef2d20_0;
    %fork t_3, S_0x5b4a56ef27b0;
    %jmp t_2;
    .scope S_0x5b4a56ef27b0;
t_3 ;
    %pushi/vec4 0, 0, 32;
    %store/vec4 v0x5b4a56ef29b0_0, 0, 32;
T_9.21 ;
    %load/vec4 v0x5b4a56ef29b0_0;
    %pushi/vec4 1, 0, 32;
    %load/vec4 v0x5b4a56ef4050_0;
    %ix/vec4 4;
    %shiftl 4;
    %cmp/s;
    %flag_get/vec4 5;
    %load/vec4 v0x5b4a56ef29b0_0;
    %cmpi/s 200000, 0, 32;
    %flag_get/vec4 5;
    %and;
    %load/vec4 v0x5b4a56ef3df0_0;
    %nor/r;
    %and;
    %flag_set/vec4 8;
    %jmp/0xz T_9.22, 8;
    %load/real v0x5b4a56ef2c50_0;
    %store/real v0x5b4a56ef2ab0_0;
    %load/real v0x5b4a56ef2d20_0;
    %store/real v0x5b4a56ef2b90_0;
    %load/vec4 v0x5b4a56ef3190_0;
    %flag_set/vec4 8;
    %jmp/0xz  T_9.23, 8;
    %load/real v0x5b4a56ef2ab0_0;
    %pushi/vec4 0, 0, 32;
    %cvt/rv/s;
    %cmp/wr;
    %flag_get/vec4 5;
    %flag_set/vec4 8;
    %jmp/1  T_9.25, 8;
    %load/real v0x5b4a56ef2ab0_0;
    %jmp/0  T_9.26, 8; End of false expr.
    %pushi/real 0, 0; load 0.0
    %load/real v0x5b4a56ef2ab0_0;
    %sub/wr;
    %blend/wr;
    %jmp  T_9.26; End of blend
T_9.25 ;
    %pushi/real 0, 0; load 0.0
    %load/real v0x5b4a56ef2ab0_0;
    %sub/wr;
T_9.26 ;
    %store/real v0x5b4a56ef2ab0_0;
T_9.23 ;
    %load/vec4 v0x5b4a56ef3360_0;
    %flag_set/vec4 8;
    %jmp/0xz  T_9.27, 8;
    %pushi/real 0, 0; load 0.0
    %load/real v0x5b4a56ef2ab0_0;
    %sub/wr;
    %store/real v0x5b4a56ef2ab0_0;
T_9.27 ;
    %load/vec4 v0x5b4a56ef3250_0;
    %flag_set/vec4 8;
    %jmp/0xz  T_9.29, 8;
    %load/real v0x5b4a56ef2b90_0;
    %pushi/vec4 0, 0, 32;
    %cvt/rv/s;
    %cmp/wr;
    %flag_get/vec4 5;
    %flag_set/vec4 8;
    %jmp/1  T_9.31, 8;
    %load/real v0x5b4a56ef2b90_0;
    %jmp/0  T_9.32, 8; End of false expr.
    %pushi/real 0, 0; load 0.0
    %load/real v0x5b4a56ef2b90_0;
    %sub/wr;
    %blend/wr;
    %jmp  T_9.32; End of blend
T_9.31 ;
    %pushi/real 0, 0; load 0.0
    %load/real v0x5b4a56ef2b90_0;
    %sub/wr;
T_9.32 ;
    %store/real v0x5b4a56ef2b90_0;
T_9.29 ;
    %load/vec4 v0x5b4a56ef3420_0;
    %flag_set/vec4 8;
    %jmp/0xz  T_9.33, 8;
    %pushi/real 0, 0; load 0.0
    %load/real v0x5b4a56ef2b90_0;
    %sub/wr;
    %store/real v0x5b4a56ef2b90_0;
T_9.33 ;
    %load/real v0x5b4a56ef2ab0_0;
    %load/real v0x5b4a56ef2ab0_0;
    %mul/wr;
    %store/real v0x5b4a56ef3bb0_0;
    %load/real v0x5b4a56ef2b90_0;
    %load/real v0x5b4a56ef2b90_0;
    %mul/wr;
    %store/real v0x5b4a56ef3d30_0;
    %pushi/real 1073741824, 4068; load=4.00000
    %load/real v0x5b4a56ef3bb0_0;
    %load/real v0x5b4a56ef3d30_0;
    %add/wr;
    %cmp/wr;
    %flag_or 5, 4;
    %jmp/0xz  T_9.35, 5;
    %pushi/vec4 1, 0, 1;
    %store/vec4 v0x5b4a56ef3df0_0, 0, 1;
    %load/vec4 v0x5b4a56ef29b0_0;
    %store/vec4 v0x5b4a56ef3eb0_0, 0, 32;
    %jmp T_9.36;
T_9.35 ;
    %load/real v0x5b4a56ef3bb0_0;
    %load/real v0x5b4a56ef3d30_0;
    %sub/wr;
    %store/real v0x5b4a56ef2de0_0;
    %pushi/real 1073741824, 4067; load=2.00000
    %load/real v0x5b4a56ef2ab0_0;
    %mul/wr;
    %load/real v0x5b4a56ef2b90_0;
    %mul/wr;
    %load/vec4 v0x5b4a56ef3f90_0;
    %flag_set/vec4 8;
    %jmp/1  T_9.37, 8;
    %load/real v0x5b4a56ef3a30_0;
    %jmp/0  T_9.38, 8; End of false expr.
    %load/real v0x5b4a56ef38b0_0;
    %blend/wr;
    %jmp  T_9.38; End of blend
T_9.37 ;
    %load/real v0x5b4a56ef38b0_0;
T_9.38 ;
    %add/wr;
    %store/real v0x5b4a56ef2d20_0;
    %load/real v0x5b4a56ef2de0_0;
    %load/vec4 v0x5b4a56ef3f90_0;
    %flag_set/vec4 8;
    %jmp/1  T_9.39, 8;
    %load/real v0x5b4a56ef3970_0;
    %jmp/0  T_9.40, 8; End of false expr.
    %load/real v0x5b4a56ef37f0_0;
    %blend/wr;
    %jmp  T_9.40; End of blend
T_9.39 ;
    %load/real v0x5b4a56ef37f0_0;
T_9.40 ;
    %add/wr;
    %store/real v0x5b4a56ef2c50_0;
    %load/vec4 v0x5b4a56ef29b0_0;
    %addi 1, 0, 32;
    %cast2;
    %store/vec4 v0x5b4a56ef3eb0_0, 0, 32;
T_9.36 ;
    ; show_stmt_assign_vector: Get l-value for compressed += operand
    %load/vec4 v0x5b4a56ef29b0_0;
    %pushi/vec4 1, 0, 32;
    %add;
    %cast2;
    %store/vec4 v0x5b4a56ef29b0_0, 0, 32;
    %jmp T_9.21;
T_9.22 ;
    %end;
    .scope S_0x5b4a56ef25b0;
t_2 %join;
    %end;
    .scope S_0x5b4a56ef2350;
t_0 %join;
    %load/vec4 v0x5b4a56ef3f90_0;
    %store/vec4 v0x5b4a56ef5d90_0, 0, 1;
    %load/vec4 v0x5b4a56ef3710_0;
    %store/vec4 v0x5b4a56ef5f30_0, 0, 4;
    %load/vec4 v0x5b4a56ef42d0_0;
    %store/vec4 v0x5b4a56ef5fd0_0, 0, 5;
    %load/vec4 v0x5b4a56ef2ef0_0;
    %store/vec4 v0x5b4a56ef5bf0_0, 0, 18;
    %load/vec4 v0x5b4a56ef2ff0_0;
    %store/vec4 v0x5b4a56ef5cc0_0, 0, 18;
    %load/vec4 v0x5b4a56ef4530_0;
    %store/vec4 v0x5b4a56ef6470_0, 0, 18;
    %load/vec4 v0x5b4a56ef4610_0;
    %store/vec4 v0x5b4a56ef6610_0, 0, 18;
    %wait E_0x5b4a56ef2530;
    %pushi/vec4 1, 0, 1;
    %store/vec4 v0x5b4a56ef6200_0, 0, 1;
    %wait E_0x5b4a56ef2530;
    %pushi/vec4 0, 0, 1;
    %store/vec4 v0x5b4a56ef6200_0, 0, 1;
    %pushi/vec4 0, 0, 32;
    %store/vec4 v0x5b4a56ef30d0_0, 0, 32;
    %pushi/vec4 0, 0, 1;
    %store/vec4 v0x5b4a56ef4470_0, 0, 1;
    %pushi/vec4 0, 0, 1;
    %store/vec4 v0x5b4a56ef4210_0, 0, 1;
    %pushi/vec4 0, 0, 32;
    %store/vec4 v0x5b4a56ef34e0_0, 0, 32;
T_9.41 ;
    %load/vec4 v0x5b4a56ef4210_0;
    %nor/r;
    %flag_set/vec4 8;
    %jmp/0xz T_9.42, 8;
    %wait E_0x5b4a56ece150;
    ; show_stmt_assign_vector: Get l-value for compressed += operand
    %load/vec4 v0x5b4a56ef30d0_0;
    %pushi/vec4 1, 0, 32;
    %add;
    %cast2;
    %store/vec4 v0x5b4a56ef30d0_0, 0, 32;
    %load/vec4 v0x5b4a56eee8f0_0;
    %cmpi/e 1, 0, 32;
    %jmp/0xz  T_9.43, 4;
    %load/vec4 v0x5b4a56ef4470_0;
    %nor/r;
    %flag_set/vec4 8;
    %jmp/0xz  T_9.45, 8;
    %alloc S_0x5b4a56ef08d0;
    %load/vec4 v0x5b4a56eefce0_0;
    %store/vec4 v0x5b4a56ef0c00_0, 0, 36;
    %load/vec4 v0x5b4a56ef4c80_0;
    %store/vec4 v0x5b4a56ef0b00_0, 0, 36;
    %load/str v0x5b4a56ef43b0_0;
    %concati/str ".sum_x";
    %store/str v0x5b4a56ef0da0_0;
    %load/vec4 v0x5b4a56ef48b0_0;
    %store/vec4 v0x5b4a56ef0ce0_0, 0, 32;
    %callf/void TD_tb_multiply_manager_precision.expect_eq, S_0x5b4a56ef08d0;
    %free S_0x5b4a56ef08d0;
    %alloc S_0x5b4a56ef08d0;
    %load/vec4 v0x5b4a56eeffd0_0;
    %store/vec4 v0x5b4a56ef0c00_0, 0, 36;
    %load/vec4 v0x5b4a56ef4d60_0;
    %store/vec4 v0x5b4a56ef0b00_0, 0, 36;
    %load/str v0x5b4a56ef43b0_0;
    %concati/str ".sum_y";
    %store/str v0x5b4a56ef0da0_0;
    %load/vec4 v0x5b4a56ef48b0_0;
    %store/vec4 v0x5b4a56ef0ce0_0, 0, 32;
    %callf/void TD_tb_multiply_manager_precision.expect_eq, S_0x5b4a56ef08d0;
    %free S_0x5b4a56ef08d0;
    %load/vec4 v0x5b4a56ef48b0_0;
    %load/vec4 v0x5b4a56ef4050_0;
    %part/s 1;
    %flag_set/vec4 8;
    %jmp/0xz  T_9.47, 8;
T_9.47 ;
    %load/vec4 v0x5b4a56ef48b0_0;
    %load/vec4 v0x5b4a56ef4050_0;
    %part/s 1;
    %nor/r;
    %flag_set/vec4 8;
    %jmp/0xz  T_9.49, 8;
    %alloc S_0x5b4a56ee87a0;
    %load/vec4 v0x5b4a56ef4c80_0;
    %load/vec4 v0x5b4a56ef3190_0;
    %load/vec4 v0x5b4a56ef3360_0;
    %store/vec4 v0x5b4a56ee8b10_0, 0, 1;
    %store/vec4 v0x5b4a56ee8a50_0, 0, 1;
    %store/vec4 v0x5b4a56ee8c90_0, 0, 36;
    %callf/vec4 TD_tb_multiply_manager_precision.alter, S_0x5b4a56ee87a0;
    %free S_0x5b4a56ee87a0;
    %store/vec4 v0x5b4a56ef46f0_0, 0, 36;
    %alloc S_0x5b4a56ee87a0;
    %load/vec4 v0x5b4a56ef4d60_0;
    %load/vec4 v0x5b4a56ef3250_0;
    %load/vec4 v0x5b4a56ef3420_0;
    %store/vec4 v0x5b4a56ee8b10_0, 0, 1;
    %store/vec4 v0x5b4a56ee8a50_0, 0, 1;
    %store/vec4 v0x5b4a56ee8c90_0, 0, 36;
    %callf/vec4 TD_tb_multiply_manager_precision.alter, S_0x5b4a56ee87a0;
    %free S_0x5b4a56ee87a0;
    %store/vec4 v0x5b4a56ef47d0_0, 0, 36;
    %alloc S_0x5b4a56ef13f0;
    %load/vec4 v0x5b4a56ef46f0_0;
    %store/vec4 v0x5b4a56ef16d0_0, 0, 36;
    %callf/vec4 TD_tb_multiply_manager_precision.narrow, S_0x5b4a56ef13f0;
    %free S_0x5b4a56ef13f0;
    %store/vec4 v0x5b4a56ef4e40_0, 0, 18;
    %alloc S_0x5b4a56ef13f0;
    %load/vec4 v0x5b4a56ef47d0_0;
    %store/vec4 v0x5b4a56ef16d0_0, 0, 36;
    %callf/vec4 TD_tb_multiply_manager_precision.narrow, S_0x5b4a56ef13f0;
    %free S_0x5b4a56ef13f0;
    %store/vec4 v0x5b4a56ef4f20_0, 0, 18;
    %alloc S_0x5b4a56ef0e60;
    %load/vec4 v0x5b4a56ef4e40_0;
    %load/vec4 v0x5b4a56ef4f20_0;
    %pushi/vec4 0, 0, 2;
    %store/vec4 v0x5b4a56ef1220_0, 0, 2;
    %store/vec4 v0x5b4a56ef1140_0, 0, 18;
    %store/vec4 v0x5b4a56ef1040_0, 0, 18;
    %callf/vec4 TD_tb_multiply_manager_precision.mul, S_0x5b4a56ef0e60;
    %free S_0x5b4a56ef0e60;
    %store/vec4 v0x5b4a56ef5000_0, 0, 36;
    %alloc S_0x5b4a56ef0e60;
    %load/vec4 v0x5b4a56ef4e40_0;
    %load/vec4 v0x5b4a56ef4f20_0;
    %pushi/vec4 1, 0, 2;
    %store/vec4 v0x5b4a56ef1220_0, 0, 2;
    %store/vec4 v0x5b4a56ef1140_0, 0, 18;
    %store/vec4 v0x5b4a56ef1040_0, 0, 18;
    %callf/vec4 TD_tb_multiply_manager_precision.mul, S_0x5b4a56ef0e60;
    %free S_0x5b4a56ef0e60;
    %store/vec4 v0x5b4a56ef51c0_0, 0, 36;
    %load/vec4 v0x5b4a56ef5000_0;
    %load/vec4 v0x5b4a56ef51c0_0;
    %add;
    %store/vec4 v0x5b4a56ef4990_0, 0, 36;
    %alloc S_0x5b4a56ef0e60;
    %load/vec4 v0x5b4a56ef4e40_0;
    %load/vec4 v0x5b4a56ef4f20_0;
    %pushi/vec4 2, 0, 2;
    %store/vec4 v0x5b4a56ef1220_0, 0, 2;
    %store/vec4 v0x5b4a56ef1140_0, 0, 18;
    %store/vec4 v0x5b4a56ef1040_0, 0, 18;
    %callf/vec4 TD_tb_multiply_manager_precision.mul, S_0x5b4a56ef0e60;
    %free S_0x5b4a56ef0e60;
    %store/vec4 v0x5b4a56ef50e0_0, 0, 36;
    %alloc S_0x5b4a56ef05d0;
    %load/vec4 v0x5b4a56ef4990_0;
    %store/vec4 v0x5b4a56ef07f0_0, 0, 36;
    %callf/vec4 TD_tb_multiply_manager_precision.escaped, S_0x5b4a56ef05d0;
    %free S_0x5b4a56ef05d0;
    %nor/r;
    %flag_set/vec4 8;
    %jmp/0xz  T_9.51, 8;
    %load/vec4 v0x5b4a56ef3f90_0;
    %flag_set/vec4 8;
    %jmp/0xz  T_9.53, 8;
    %load/vec4 v0x5b4a56ef5000_0;
    %load/vec4 v0x5b4a56ef51c0_0;
    %sub;
    %alloc S_0x5b4a56ef17b0;
    %load/vec4 v0x5b4a56ef2ef0_0;
    %store/vec4 v0x5b4a56ef1b70_0, 0, 18;
    %callf/vec4 TD_tb_multiply_manager_precision.promote, S_0x5b4a56ef17b0;
    %free S_0x5b4a56ef17b0;
    %add;
    %store/vec4 v0x5b4a56ef4c80_0, 0, 36;
    %load/vec4 v0x5b4a56ef50e0_0;
    %alloc S_0x5b4a56ef17b0;
    %load/vec4 v0x5b4a56ef2ff0_0;
    %store/vec4 v0x5b4a56ef1b70_0, 0, 18;
    %callf/vec4 TD_tb_multiply_manager_precision.promote, S_0x5b4a56ef17b0;
    %free S_0x5b4a56ef17b0;
    %add;
    %store/vec4 v0x5b4a56ef4d60_0, 0, 36;
    %jmp T_9.54;
T_9.53 ;
    %load/vec4 v0x5b4a56ef5000_0;
    %load/vec4 v0x5b4a56ef51c0_0;
    %sub;
    %alloc S_0x5b4a56ef17b0;
    %load/vec4 v0x5b4a56ef4530_0;
    %store/vec4 v0x5b4a56ef1b70_0, 0, 18;
    %callf/vec4 TD_tb_multiply_manager_precision.promote, S_0x5b4a56ef17b0;
    %free S_0x5b4a56ef17b0;
    %add;
    %store/vec4 v0x5b4a56ef4c80_0, 0, 36;
    %load/vec4 v0x5b4a56ef50e0_0;
    %alloc S_0x5b4a56ef17b0;
    %load/vec4 v0x5b4a56ef4610_0;
    %store/vec4 v0x5b4a56ef1b70_0, 0, 18;
    %callf/vec4 TD_tb_multiply_manager_precision.promote, S_0x5b4a56ef17b0;
    %free S_0x5b4a56ef17b0;
    %add;
    %store/vec4 v0x5b4a56ef4d60_0, 0, 36;
T_9.54 ;
    %alloc S_0x5b4a56ef08d0;
    %load/vec4 v0x5b4a56eefce0_0;
    %store/vec4 v0x5b4a56ef0c00_0, 0, 36;
    %load/vec4 v0x5b4a56ef4c80_0;
    %store/vec4 v0x5b4a56ef0b00_0, 0, 36;
    %load/str v0x5b4a56ef43b0_0;
    %concati/str ".sum_x";
    %store/str v0x5b4a56ef0da0_0;
    %load/vec4 v0x5b4a56ef48b0_0;
    %store/vec4 v0x5b4a56ef0ce0_0, 0, 32;
    %callf/void TD_tb_multiply_manager_precision.expect_eq, S_0x5b4a56ef08d0;
    %free S_0x5b4a56ef08d0;
    %alloc S_0x5b4a56ef08d0;
    %load/vec4 v0x5b4a56eeffd0_0;
    %store/vec4 v0x5b4a56ef0c00_0, 0, 36;
    %load/vec4 v0x5b4a56ef4d60_0;
    %store/vec4 v0x5b4a56ef0b00_0, 0, 36;
    %load/str v0x5b4a56ef43b0_0;
    %concati/str ".sum_y";
    %store/str v0x5b4a56ef0da0_0;
    %load/vec4 v0x5b4a56ef48b0_0;
    %store/vec4 v0x5b4a56ef0ce0_0, 0, 32;
    %callf/void TD_tb_multiply_manager_precision.expect_eq, S_0x5b4a56ef08d0;
    %free S_0x5b4a56ef08d0;
    ; show_stmt_assign_vector: Get l-value for compressed += operand
    %load/vec4 v0x5b4a56ef48b0_0;
    %pushi/vec4 1, 0, 32;
    %add;
    %cast2;
    %store/vec4 v0x5b4a56ef48b0_0, 0, 32;
T_9.51 ;
T_9.49 ;
T_9.45 ;
    %pushi/vec4 1, 0, 1;
    %store/vec4 v0x5b4a56ef4470_0, 0, 1;
    %jmp T_9.44;
T_9.43 ;
    %pushi/vec4 0, 0, 1;
    %store/vec4 v0x5b4a56ef4470_0, 0, 1;
T_9.44 ;
    %load/vec4 v0x5b4a56ef5890_0;
    %flag_set/vec4 8;
    %jmp/0xz  T_9.55, 8;
    %load/vec4 v0x5b4a56ef5b50_0;
    %pad/u 32;
    %cast2;
    %store/vec4 v0x5b4a56ef34e0_0, 0, 32;
    ; show_stmt_assign_vector: Get l-value for compressed += operand
    %load/vec4 v0x5b4a56ef56d0_0;
    %pushi/vec4 1, 0, 32;
    %add;
    %cast2;
    %store/vec4 v0x5b4a56ef56d0_0, 0, 32;
    %load/vec4 v0x5b4a56ef34e0_0;
    %load/vec4 v0x5b4a56ef48b0_0;
    %cmp/ne;
    %jmp/0xz  T_9.57, 4;
    ; show_stmt_assign_vector: Get l-value for compressed += operand
    %load/vec4 v0x5b4a56ef5a60_0;
    %pushi/vec4 1, 0, 32;
    %add;
    %cast2;
    %store/vec4 v0x5b4a56ef5a60_0, 0, 32;
    %vpi_call/w 9 294 "$display", "  [FAIL] %s : final count dut=%0d ref=%0d", v0x5b4a56ef43b0_0, v0x5b4a56ef34e0_0, v0x5b4a56ef48b0_0 {0 0 0};
T_9.57 ;
    %pushi/vec4 1, 0, 1;
    %store/vec4 v0x5b4a56ef4210_0, 0, 1;
T_9.55 ;
    %load/vec4 v0x5b4a56ef30d0_0;
    %cmpi/u 500000, 0, 32;
    %flag_or 5, 4; GT is !LE
    %flag_inv 5;
    %jmp/0xz  T_9.59, 5;
    ; show_stmt_assign_vector: Get l-value for compressed += operand
    %load/vec4 v0x5b4a56ef5a60_0;
    %pushi/vec4 1, 0, 32;
    %add;
    %cast2;
    %store/vec4 v0x5b4a56ef5a60_0, 0, 32;
    ; show_stmt_assign_vector: Get l-value for compressed += operand
    %load/vec4 v0x5b4a56ef56d0_0;
    %pushi/vec4 1, 0, 32;
    %add;
    %cast2;
    %store/vec4 v0x5b4a56ef56d0_0, 0, 32;
    %vpi_call/w 9 300 "$display", "  [FAIL] %s : TIMEOUT", v0x5b4a56ef43b0_0 {0 0 0};
    %pushi/vec4 1, 0, 1;
    %store/vec4 v0x5b4a56ef4210_0, 0, 1;
T_9.59 ;
    %jmp T_9.41;
T_9.42 ;
    %wait E_0x5b4a56ef2530;
    %pushi/vec4 1, 0, 1;
    %store/vec4 v0x5b4a56ef60c0_0, 0, 1;
    %wait E_0x5b4a56ef2530;
    %pushi/vec4 0, 0, 1;
    %store/vec4 v0x5b4a56ef60c0_0, 0, 1;
    %wait E_0x5b4a56ece150;
    %load/vec4 v0x5b4a56ef34e0_0;
    %load/vec4 v0x5b4a56ef3eb0_0;
    %sub;
    %cast2;
    %store/vec4 v0x5b4a56ef52a0_0, 0, 32;
    %pushi/vec4 1, 0, 32;
    %load/vec4 v0x5b4a56ef4050_0;
    %ix/vec4 4;
    %shiftl 4;
    %cast2;
    %store/vec4 v0x5b4a56ef4130_0, 0, 32;
    %load/vec4 v0x5b4a56ef4130_0;
    %load/vec4 v0x5b4a56ef34e0_0;
    %cmp/u;
    %flag_get/vec4 4;
    %flag_get/vec4 5;
    %or;
    %store/vec4 v0x5b4a56ef35c0_0, 0, 1;
    %load/vec4 v0x5b4a56ef52a0_0;
    %cmpi/e 0, 0, 32;
    %jmp/0xz  T_9.61, 4;
    %vpi_call/w 9 316 "$display", "  [INFO] %-26s fixed=%0d  ideal=%0d  divergence=0  (exact)", v0x5b4a56ef43b0_0, v0x5b4a56ef34e0_0, v0x5b4a56ef3eb0_0 {0 0 0};
    %jmp T_9.62;
T_9.61 ;
    %load/vec4 v0x5b4a56ef35c0_0;
    %load/vec4 v0x5b4a56ef3df0_0;
    %and;
    %flag_set/vec4 8;
    %jmp/0xz  T_9.63, 8;
    %vpi_call/w 9 325 "$display", "  [WARN] %-26s fixed=%0d (HIT LIMIT)  ideal=%0d (ESCAPES)  divergence=%0d", v0x5b4a56ef43b0_0, v0x5b4a56ef34e0_0, v0x5b4a56ef3eb0_0, v0x5b4a56ef52a0_0 {0 0 0};
    %vpi_call/w 9 327 "$display", "         -> RANGE/OVERFLOW: orbit exceeded Q%0d.%0d range before escape check.", P_0x5b4a56e2f050, P_0x5b4a56e2f190 {0 0 0};
    %vpi_call/w 9 329 "$display", "            This point is MISCLASSIFIED as in-set. Check input coord range." {0 0 0};
    %jmp T_9.64;
T_9.63 ;
    %load/vec4 v0x5b4a56ef35c0_0;
    %nor/r;
    %load/vec4 v0x5b4a56ef3df0_0;
    %nor/r;
    %and;
    %flag_set/vec4 8;
    %jmp/0xz  T_9.65, 8;
    %vpi_call/w 9 335 "$display", "  [WARN] %-26s fixed=%0d (ESCAPES)  ideal=%0d (HIT LIMIT)  divergence=%0d", v0x5b4a56ef43b0_0, v0x5b4a56ef34e0_0, v0x5b4a56ef3eb0_0, v0x5b4a56ef52a0_0 {0 0 0};
    %vpi_call/w 9 337 "$display", "         -> truncated orbit left the set though the ideal orbit stayed in." {0 0 0};
    %jmp T_9.66;
T_9.65 ;
    %pushi/vec4 0, 0, 32;
    %load/vec4 v0x5b4a56ef3eb0_0;
    %cmp/u;
    %flag_get/vec4 5;
    %load/vec4 v0x5b4a56ef3eb0_0;
    %load/vec4 v0x5b4a56ef52a0_0;
    %cmp/s;
    %flag_get/vec4 4;
    %flag_get/vec4 5;
    %or;
    %load/vec4 v0x5b4a56ef52a0_0;
    %load/vec4 v0x5b4a56ef3eb0_0;
    %inv;
    %pushi/vec4 1, 0, 32;
    %add;
    %cmp/s;
    %flag_get/vec4 4;
    %flag_get/vec4 5;
    %or;
    %or;
    %and;
    %flag_set/vec4 8;
    %jmp/0xz  T_9.67, 8;
    %vpi_call/w 9 344 "$display", "  [WARN] %-26s fixed=%0d  ideal=%0d  divergence=%0d  (LARGE: >= ideal count)", v0x5b4a56ef43b0_0, v0x5b4a56ef34e0_0, v0x5b4a56ef3eb0_0, v0x5b4a56ef52a0_0 {0 0 0};
    %jmp T_9.68;
T_9.67 ;
    %vpi_call/w 9 347 "$display", "  [INFO] %-26s fixed=%0d  ideal=%0d  divergence=%0d  (quantisation)", v0x5b4a56ef43b0_0, v0x5b4a56ef34e0_0, v0x5b4a56ef3eb0_0, v0x5b4a56ef52a0_0 {0 0 0};
T_9.68 ;
T_9.66 ;
T_9.64 ;
T_9.62 ;
    %end;
S_0x5b4a56ef25b0 .scope autobegin, "$unm_blk_53" "$unm_blk_53" 9 203, 9 203 0, S_0x5b4a56ef2350;
 .timescale -9 -12;
v0x5b4a56ef2ab0_0 .var/real "ax_", 0 0;
v0x5b4a56ef2b90_0 .var/real "ay_", 0 0;
v0x5b4a56ef2c50_0 .var/real "ix", 0 0;
v0x5b4a56ef2d20_0 .var/real "iy", 0 0;
v0x5b4a56ef2de0_0 .var/real "t", 0 0;
S_0x5b4a56ef27b0 .scope autobegin, "$ivl_for_loop0" "$ivl_for_loop0" 9 208, 9 208 0, S_0x5b4a56ef25b0;
 .timescale -9 -12;
v0x5b4a56ef29b0_0 .var/2s "k", 31 0;
S_0x5b4a56ef5380 .scope autofunction.vec4.u18, "to_q216" "to_q216" 9 87, 9 87 0, S_0x5b4a56e9da20;
 .timescale -9 -12;
; Variable to_q216 is vec4 return value of scope S_0x5b4a56ef5380
v0x5b4a56ef5610_0 .var/real "v", 0 0;
TD_tb_multiply_manager_precision.to_q216 ;
    %load/real v0x5b4a56ef5610_0;
    %pushi/vec4 65536, 0, 32;
    %cvt/rv/s;
    %mul/wr;
    %vpi_func/r 9 88 "$floor", W<0,r> {0 1 0};
    %cvt/vr 32;
    %pad/s 18;
    %ret/vec4 0, 0, 18;  Assign to to_q216 (store_vec4_to_lval)
    %disable S_0x5b4a56ef5380;
    %end;
    .scope S_0x5b4a56e7d690;
T_11 ;
    %wait E_0x5b4a56dc7390;
    %load/vec4 v0x5b4a56ee2760_0;
    %flag_set/vec4 8;
    %jmp/0xz  T_11.0, 8;
    %pushi/vec4 0, 0, 1;
    %assign/vec4 v0x5b4a56ee1fe0_0, 0;
    %pushi/vec4 0, 0, 1;
    %assign/vec4 v0x5b4a56ee1f20_0, 0;
    %pushi/vec4 0, 0, 4;
    %assign/vec4 v0x5b4a56ee25c0_0, 0;
    %pushi/vec4 0, 0, 1;
    %assign/vec4 v0x5b4a56ee26a0_0, 0;
    %pushi/vec4 0, 0, 11;
    %assign/vec4 v0x5b4a56ee28e0_0, 0;
    %jmp T_11.1;
T_11.0 ;
    %load/vec4 v0x5b4a56ee2820_0;
    %flag_set/vec4 8;
    %jmp/0xz  T_11.2, 8;
    %pushi/vec4 0, 0, 1;
    %assign/vec4 v0x5b4a56ee1fe0_0, 0;
    %pushi/vec4 0, 0, 1;
    %assign/vec4 v0x5b4a56ee1f20_0, 0;
    %pushi/vec4 0, 0, 4;
    %assign/vec4 v0x5b4a56ee25c0_0, 0;
    %pushi/vec4 0, 0, 1;
    %assign/vec4 v0x5b4a56ee26a0_0, 0;
    %pushi/vec4 0, 0, 11;
    %assign/vec4 v0x5b4a56ee28e0_0, 0;
    %jmp T_11.3;
T_11.2 ;
    %load/vec4 v0x5b4a56ee1e60_0;
    %load/vec4 v0x5b4a56ee2420_0;
    %and;
    %flag_set/vec4 8;
    %jmp/0xz  T_11.4, 8;
    %load/vec4 v0x5b4a56ee26a0_0;
    %nor/r;
    %flag_set/vec4 8;
    %jmp/0xz  T_11.6, 8;
    %load/vec4 v0x5b4a56ee20a0_0;
    %assign/vec4 v0x5b4a56ee25c0_0, 0;
    %pushi/vec4 1, 0, 1;
    %assign/vec4 v0x5b4a56ee26a0_0, 0;
    %jmp T_11.7;
T_11.6 ;
    %load/vec4 v0x5b4a56ee20a0_0;
    %load/vec4 v0x5b4a56ee25c0_0;
    %cmp/ne;
    %jmp/0xz  T_11.8, 4;
    %pushi/vec4 1, 0, 1;
    %assign/vec4 v0x5b4a56ee1fe0_0, 0;
T_11.8 ;
T_11.7 ;
    %load/vec4 v0x5b4a56ee28e0_0;
    %addi 1, 0, 11;
    %assign/vec4 v0x5b4a56ee28e0_0, 0;
    %load/vec4 v0x5b4a56ee28e0_0;
    %addi 1, 0, 11;
    %load/vec4 v0x5b4a56ee2340_0;
    %cmp/e;
    %jmp/0xz  T_11.10, 4;
    %pushi/vec4 1, 0, 1;
    %assign/vec4 v0x5b4a56ee1f20_0, 0;
T_11.10 ;
T_11.4 ;
T_11.3 ;
T_11.1 ;
    %jmp T_11;
    .thread T_11;
    .scope S_0x5b4a56ee2eb0;
T_12 ;
    %wait E_0x5b4a56dc2ff0;
    %load/vec4 v0x5b4a56ee3fe0_0;
    %flag_set/vec4 8;
    %load/vec4 v0x5b4a56ee3b40_0;
    %flag_set/vec4 9;
    %flag_or 9, 8;
    %jmp/0xz  T_12.0, 9;
    %pushi/vec4 0, 0, 5;
    %assign/vec4 v0x5b4a56ee3cc0_0, 0;
    %pushi/vec4 0, 0, 5;
    %assign/vec4 v0x5b4a56ee40a0_0, 0;
    %pushi/vec4 0, 0, 6;
    %assign/vec4 v0x5b4a56ee37e0_0, 0;
    %jmp T_12.1;
T_12.0 ;
    %load/vec4 v0x5b4a56ee3f20_0;
    %load/vec4 v0x5b4a56ee3c00_0;
    %nor/r;
    %and;
    %flag_set/vec4 8;
    %jmp/0xz  T_12.2, 8;
    %load/vec4 v0x5b4a56ee38c0_0;
    %load/vec4 v0x5b4a56ee3cc0_0;
    %pad/u 7;
    %ix/vec4 3;
    %ix/load 4, 0, 0; Constant delay
    %assign/vec4/a/d v0x5b4a56ee3da0, 0, 4;
    %load/vec4 v0x5b4a56ee3cc0_0;
    %addi 1, 0, 5;
    %assign/vec4 v0x5b4a56ee3cc0_0, 0;
T_12.2 ;
    %load/vec4 v0x5b4a56ee3e60_0;
    %load/vec4 v0x5b4a56ee3a80_0;
    %nor/r;
    %and;
    %flag_set/vec4 8;
    %jmp/0xz  T_12.4, 8;
    %load/vec4 v0x5b4a56ee40a0_0;
    %addi 1, 0, 5;
    %assign/vec4 v0x5b4a56ee40a0_0, 0;
T_12.4 ;
    %load/vec4 v0x5b4a56ee3f20_0;
    %load/vec4 v0x5b4a56ee3c00_0;
    %nor/r;
    %and;
    %load/vec4 v0x5b4a56ee3e60_0;
    %load/vec4 v0x5b4a56ee3a80_0;
    %nor/r;
    %and;
    %concat/vec4; draw_concat_vec4
    %dup/vec4;
    %pushi/vec4 2, 0, 2;
    %cmp/u;
    %jmp/1 T_12.6, 6;
    %dup/vec4;
    %pushi/vec4 1, 0, 2;
    %cmp/u;
    %jmp/1 T_12.7, 6;
    %load/vec4 v0x5b4a56ee37e0_0;
    %assign/vec4 v0x5b4a56ee37e0_0, 0;
    %jmp T_12.9;
T_12.6 ;
    %load/vec4 v0x5b4a56ee37e0_0;
    %addi 1, 0, 6;
    %assign/vec4 v0x5b4a56ee37e0_0, 0;
    %jmp T_12.9;
T_12.7 ;
    %load/vec4 v0x5b4a56ee37e0_0;
    %subi 1, 0, 6;
    %assign/vec4 v0x5b4a56ee37e0_0, 0;
    %jmp T_12.9;
T_12.9 ;
    %pop/vec4 1;
T_12.1 ;
    %jmp T_12;
    .thread T_12;
    .scope S_0x5b4a56ee5b30;
T_13 ;
    %wait E_0x5b4a56dc3430;
    %load/vec4 v0x5b4a56ee6dd0_0;
    %flag_set/vec4 8;
    %load/vec4 v0x5b4a56ee6930_0;
    %flag_set/vec4 9;
    %flag_or 9, 8;
    %jmp/0xz  T_13.0, 9;
    %pushi/vec4 0, 0, 11;
    %assign/vec4 v0x5b4a56ee6ab0_0, 0;
    %pushi/vec4 0, 0, 11;
    %assign/vec4 v0x5b4a56ee6fa0_0, 0;
    %pushi/vec4 0, 0, 12;
    %assign/vec4 v0x5b4a56ee65d0_0, 0;
    %jmp T_13.1;
T_13.0 ;
    %load/vec4 v0x5b4a56ee6d10_0;
    %load/vec4 v0x5b4a56ee69f0_0;
    %nor/r;
    %and;
    %flag_set/vec4 8;
    %jmp/0xz  T_13.2, 8;
    %load/vec4 v0x5b4a56ee66b0_0;
    %load/vec4 v0x5b4a56ee6ab0_0;
    %pad/u 13;
    %ix/vec4 3;
    %ix/load 4, 0, 0; Constant delay
    %assign/vec4/a/d v0x5b4a56ee6b90, 0, 4;
    %load/vec4 v0x5b4a56ee6ab0_0;
    %addi 1, 0, 11;
    %assign/vec4 v0x5b4a56ee6ab0_0, 0;
T_13.2 ;
    %load/vec4 v0x5b4a56ee6c50_0;
    %load/vec4 v0x5b4a56ee6870_0;
    %nor/r;
    %and;
    %flag_set/vec4 8;
    %jmp/0xz  T_13.4, 8;
    %load/vec4 v0x5b4a56ee6fa0_0;
    %addi 1, 0, 11;
    %assign/vec4 v0x5b4a56ee6fa0_0, 0;
T_13.4 ;
    %load/vec4 v0x5b4a56ee6d10_0;
    %load/vec4 v0x5b4a56ee69f0_0;
    %nor/r;
    %and;
    %load/vec4 v0x5b4a56ee6c50_0;
    %load/vec4 v0x5b4a56ee6870_0;
    %nor/r;
    %and;
    %concat/vec4; draw_concat_vec4
    %dup/vec4;
    %pushi/vec4 2, 0, 2;
    %cmp/u;
    %jmp/1 T_13.6, 6;
    %dup/vec4;
    %pushi/vec4 1, 0, 2;
    %cmp/u;
    %jmp/1 T_13.7, 6;
    %load/vec4 v0x5b4a56ee65d0_0;
    %assign/vec4 v0x5b4a56ee65d0_0, 0;
    %jmp T_13.9;
T_13.6 ;
    %load/vec4 v0x5b4a56ee65d0_0;
    %addi 1, 0, 12;
    %assign/vec4 v0x5b4a56ee65d0_0, 0;
    %jmp T_13.9;
T_13.7 ;
    %load/vec4 v0x5b4a56ee65d0_0;
    %subi 1, 0, 12;
    %assign/vec4 v0x5b4a56ee65d0_0, 0;
    %jmp T_13.9;
T_13.9 ;
    %pop/vec4 1;
T_13.1 ;
    %jmp T_13;
    .thread T_13;
    .scope S_0x5b4a56e9dea0;
T_14 ;
    %wait E_0x5b4a56dc3430;
    %load/vec4 v0x5b4a56ee81f0_0;
    %flag_set/vec4 8;
    %load/vec4 v0x5b4a56ee7b70_0;
    %flag_set/vec4 9;
    %flag_or 9, 8;
    %jmp/0xz  T_14.0, 9;
    %pushi/vec4 0, 0, 1;
    %assign/vec4 v0x5b4a56ee7cb0_0, 0;
    %pushi/vec4 0, 0, 18;
    %assign/vec4 v0x5b4a56ee7ab0_0, 0;
    %jmp T_14.1;
T_14.0 ;
    %load/vec4 v0x5b4a56ee8570_0;
    %load/vec4 v0x5b4a56ee7e80_0;
    %nor/r;
    %and;
    %assign/vec4 v0x5b4a56ee7cb0_0, 0;
    %load/vec4 v0x5b4a56ee7d70_0;
    %assign/vec4 v0x5b4a56ee7ab0_0, 0;
T_14.1 ;
    %jmp T_14;
    .thread T_14;
    .scope S_0x5b4a56eec040;
T_15 ;
Ewait_0 .event/or E_0x5b4a56eec500, E_0x0;
    %wait Ewait_0;
    %load/vec4 v0x5b4a56eec580_0;
    %parti/s 3, 33, 7;
    %cmpi/e 0, 0, 3;
    %jmp/0xz  T_15.0, 4;
    %pushi/vec4 0, 0, 1;
    %store/vec4 v0x5b4a56eec690_0, 0, 1;
    %jmp T_15.1;
T_15.0 ;
    %load/vec4 v0x5b4a56eec580_0;
    %parti/s 3, 33, 7;
    %cmpi/e 7, 0, 3;
    %jmp/0xz  T_15.2, 4;
    %pushi/vec4 0, 0, 1;
    %store/vec4 v0x5b4a56eec690_0, 0, 1;
    %jmp T_15.3;
T_15.2 ;
    %pushi/vec4 1, 0, 1;
    %store/vec4 v0x5b4a56eec690_0, 0, 1;
T_15.3 ;
T_15.1 ;
    %jmp T_15;
    .thread T_15, $push;
    .scope S_0x5b4a56eec790;
T_16 ;
Ewait_1 .event/or E_0x5b4a56eecc00, E_0x0;
    %wait Ewait_1;
    %load/vec4 v0x5b4a56eecc80_0;
    %parti/s 3, 33, 7;
    %cmpi/e 0, 0, 3;
    %jmp/0xz  T_16.0, 4;
    %pushi/vec4 0, 0, 1;
    %store/vec4 v0x5b4a56eecd90_0, 0, 1;
    %jmp T_16.1;
T_16.0 ;
    %load/vec4 v0x5b4a56eecc80_0;
    %parti/s 3, 33, 7;
    %cmpi/e 7, 0, 3;
    %jmp/0xz  T_16.2, 4;
    %pushi/vec4 0, 0, 1;
    %store/vec4 v0x5b4a56eecd90_0, 0, 1;
    %jmp T_16.3;
T_16.2 ;
    %pushi/vec4 1, 0, 1;
    %store/vec4 v0x5b4a56eecd90_0, 0, 1;
T_16.3 ;
T_16.1 ;
    %jmp T_16;
    .thread T_16, $push;
    .scope S_0x5b4a56eece90;
T_17 ;
Ewait_2 .event/or E_0x5b4a56eed300, E_0x0;
    %wait Ewait_2;
    %load/vec4 v0x5b4a56eed380_0;
    %parti/s 3, 33, 7;
    %cmpi/e 0, 0, 3;
    %jmp/0xz  T_17.0, 4;
    %pushi/vec4 0, 0, 1;
    %store/vec4 v0x5b4a56eed490_0, 0, 1;
    %jmp T_17.1;
T_17.0 ;
    %load/vec4 v0x5b4a56eed380_0;
    %parti/s 3, 33, 7;
    %cmpi/e 7, 0, 3;
    %jmp/0xz  T_17.2, 4;
    %pushi/vec4 0, 0, 1;
    %store/vec4 v0x5b4a56eed490_0, 0, 1;
    %jmp T_17.3;
T_17.2 ;
    %pushi/vec4 1, 0, 1;
    %store/vec4 v0x5b4a56eed490_0, 0, 1;
T_17.3 ;
T_17.1 ;
    %jmp T_17;
    .thread T_17, $push;
    .scope S_0x5b4a56eed590;
T_18 ;
Ewait_3 .event/or E_0x5b4a56eeda00, E_0x0;
    %wait Ewait_3;
    %load/vec4 v0x5b4a56eeda80_0;
    %parti/s 3, 33, 7;
    %cmpi/e 0, 0, 3;
    %jmp/0xz  T_18.0, 4;
    %pushi/vec4 0, 0, 1;
    %store/vec4 v0x5b4a56eedb90_0, 0, 1;
    %jmp T_18.1;
T_18.0 ;
    %load/vec4 v0x5b4a56eeda80_0;
    %parti/s 3, 33, 7;
    %cmpi/e 7, 0, 3;
    %jmp/0xz  T_18.2, 4;
    %pushi/vec4 0, 0, 1;
    %store/vec4 v0x5b4a56eedb90_0, 0, 1;
    %jmp T_18.3;
T_18.2 ;
    %pushi/vec4 1, 0, 1;
    %store/vec4 v0x5b4a56eedb90_0, 0, 1;
T_18.3 ;
T_18.1 ;
    %jmp T_18;
    .thread T_18, $push;
    .scope S_0x5b4a56eeabd0;
T_19 ;
Ewait_4 .event/or E_0x5b4a56eeb310, E_0x0;
    %wait Ewait_4;
    %load/vec4 v0x5b4a56eebba0_0;
    %store/vec4 v0x5b4a56eeb560_0, 0, 36;
    %load/vec4 v0x5b4a56eebc80_0;
    %store/vec4 v0x5b4a56eeb650_0, 0, 36;
    %load/vec4 v0x5b4a56eebd60_0;
    %store/vec4 v0x5b4a56eeb730_0, 0, 36;
    %load/vec4 v0x5b4a56eebe40_0;
    %store/vec4 v0x5b4a56eeb860_0, 0, 36;
    %load/vec4 v0x5b4a56eeb3c0_0;
    %flag_set/vec4 8;
    %jmp/0xz  T_19.0, 8;
    %load/vec4 v0x5b4a56eebba0_0;
    %cmpi/s 0, 0, 36;
    %flag_mov 8, 5;
    %jmp/0 T_19.2, 8;
    %load/vec4 v0x5b4a56eebba0_0;
    %inv;
    %pushi/vec4 1, 0, 36;
    %add;
    %jmp/1 T_19.3, 8;
T_19.2 ; End of true expr.
    %load/vec4 v0x5b4a56eebba0_0;
    %jmp/0 T_19.3, 8;
 ; End of false expr.
    %blend;
T_19.3;
    %store/vec4 v0x5b4a56eeb560_0, 0, 36;
    %load/vec4 v0x5b4a56eebc80_0;
    %cmpi/s 0, 0, 36;
    %flag_mov 8, 5;
    %jmp/0 T_19.4, 8;
    %load/vec4 v0x5b4a56eebc80_0;
    %inv;
    %pushi/vec4 1, 0, 36;
    %add;
    %jmp/1 T_19.5, 8;
T_19.4 ; End of true expr.
    %load/vec4 v0x5b4a56eebc80_0;
    %jmp/0 T_19.5, 8;
 ; End of false expr.
    %blend;
T_19.5;
    %store/vec4 v0x5b4a56eeb650_0, 0, 36;
T_19.0 ;
    %load/vec4 v0x5b4a56eeba20_0;
    %flag_set/vec4 8;
    %jmp/0xz  T_19.6, 8;
    %load/vec4 v0x5b4a56eeb560_0;
    %inv;
    %pushi/vec4 1, 0, 36;
    %add;
    %store/vec4 v0x5b4a56eeb560_0, 0, 36;
    %load/vec4 v0x5b4a56eeb650_0;
    %inv;
    %pushi/vec4 1, 0, 36;
    %add;
    %store/vec4 v0x5b4a56eeb650_0, 0, 36;
T_19.6 ;
    %load/vec4 v0x5b4a56eeb4a0_0;
    %flag_set/vec4 8;
    %jmp/0xz  T_19.8, 8;
    %load/vec4 v0x5b4a56eebd60_0;
    %cmpi/s 0, 0, 36;
    %flag_mov 8, 5;
    %jmp/0 T_19.10, 8;
    %load/vec4 v0x5b4a56eebd60_0;
    %inv;
    %pushi/vec4 1, 0, 36;
    %add;
    %jmp/1 T_19.11, 8;
T_19.10 ; End of true expr.
    %load/vec4 v0x5b4a56eebd60_0;
    %jmp/0 T_19.11, 8;
 ; End of false expr.
    %blend;
T_19.11;
    %store/vec4 v0x5b4a56eeb730_0, 0, 36;
    %load/vec4 v0x5b4a56eebe40_0;
    %cmpi/s 0, 0, 36;
    %flag_mov 8, 5;
    %jmp/0 T_19.12, 8;
    %load/vec4 v0x5b4a56eebe40_0;
    %inv;
    %pushi/vec4 1, 0, 36;
    %add;
    %jmp/1 T_19.13, 8;
T_19.12 ; End of true expr.
    %load/vec4 v0x5b4a56eebe40_0;
    %jmp/0 T_19.13, 8;
 ; End of false expr.
    %blend;
T_19.13;
    %store/vec4 v0x5b4a56eeb860_0, 0, 36;
T_19.8 ;
    %load/vec4 v0x5b4a56eebae0_0;
    %flag_set/vec4 8;
    %jmp/0xz  T_19.14, 8;
    %load/vec4 v0x5b4a56eeb730_0;
    %inv;
    %pushi/vec4 1, 0, 36;
    %add;
    %store/vec4 v0x5b4a56eeb730_0, 0, 36;
    %load/vec4 v0x5b4a56eeb860_0;
    %inv;
    %pushi/vec4 1, 0, 36;
    %add;
    %store/vec4 v0x5b4a56eeb860_0, 0, 36;
T_19.14 ;
    %jmp T_19;
    .thread T_19, $push;
    .scope S_0x5b4a56eea420;
T_20 ;
Ewait_5 .event/or E_0x5b4a56eea730, E_0x0;
    %wait Ewait_5;
    %load/vec4 v0x5b4a56eea790_0;
    %dup/vec4;
    %pushi/vec4 0, 0, 2;
    %cmp/u;
    %jmp/1 T_20.0, 6;
    %dup/vec4;
    %pushi/vec4 1, 0, 2;
    %cmp/u;
    %jmp/1 T_20.1, 6;
    %dup/vec4;
    %pushi/vec4 2, 0, 2;
    %cmp/u;
    %jmp/1 T_20.2, 6;
    %pushi/vec4 0, 0, 36;
    %store/vec4 v0x5b4a56eea870_0, 0, 36;
    %jmp T_20.4;
T_20.0 ;
    %load/vec4 v0x5b4a56eea950_0;
    %pad/s 36;
    %load/vec4 v0x5b4a56eea950_0;
    %pad/s 36;
    %mul;
    %store/vec4 v0x5b4a56eea870_0, 0, 36;
    %jmp T_20.4;
T_20.1 ;
    %load/vec4 v0x5b4a56eeaa40_0;
    %pad/s 36;
    %load/vec4 v0x5b4a56eeaa40_0;
    %pad/s 36;
    %mul;
    %store/vec4 v0x5b4a56eea870_0, 0, 36;
    %jmp T_20.4;
T_20.2 ;
    %load/vec4 v0x5b4a56eea950_0;
    %pad/s 36;
    %load/vec4 v0x5b4a56eeaa40_0;
    %pad/s 36;
    %mul;
    %ix/load 4, 1, 0;
    %flag_set/imm 4, 0;
    %shiftl 4;
    %store/vec4 v0x5b4a56eea870_0, 0, 36;
    %jmp T_20.4;
T_20.4 ;
    %pop/vec4 1;
    %jmp T_20;
    .thread T_20, $push;
    .scope S_0x5b4a56ee9e00;
T_21 ;
Ewait_6 .event/or E_0x5b4a56eea180, E_0x0;
    %wait Ewait_6;
    %load/vec4 v0x5b4a56eea2e0_0;
    %parti/s 2, 34, 7;
    %or/r;
    %store/vec4 v0x5b4a56eea200_0, 0, 1;
    %jmp T_21;
    .thread T_21, $push;
    .scope S_0x5b4a56ee8fc0;
T_22 ;
Ewait_7 .event/or E_0x5b4a56ece190, E_0x0;
    %wait Ewait_7;
    %load/vec4 v0x5b4a56eee8f0_0;
    %dup/vec4;
    %pushi/vec4 2, 0, 32;
    %cmp/u;
    %jmp/1 T_22.0, 6;
    %dup/vec4;
    %pushi/vec4 3, 0, 32;
    %cmp/u;
    %jmp/1 T_22.1, 6;
    %dup/vec4;
    %pushi/vec4 4, 0, 32;
    %cmp/u;
    %jmp/1 T_22.2, 6;
    %pushi/vec4 0, 0, 2;
    %store/vec4 v0x5b4a56eeeb70_0, 0, 2;
    %jmp T_22.4;
T_22.0 ;
    %pushi/vec4 0, 0, 2;
    %store/vec4 v0x5b4a56eeeb70_0, 0, 2;
    %jmp T_22.4;
T_22.1 ;
    %pushi/vec4 1, 0, 2;
    %store/vec4 v0x5b4a56eeeb70_0, 0, 2;
    %jmp T_22.4;
T_22.2 ;
    %pushi/vec4 2, 0, 2;
    %store/vec4 v0x5b4a56eeeb70_0, 0, 2;
    %jmp T_22.4;
T_22.4 ;
    %pop/vec4 1;
    %jmp T_22;
    .thread T_22, $push;
    .scope S_0x5b4a56ee8fc0;
T_23 ;
    %wait E_0x5b4a56ece150;
    %load/vec4 v0x5b4a56eee830_0;
    %flag_set/vec4 8;
    %load/vec4 v0x5b4a56eef380_0;
    %flag_set/vec4 9;
    %flag_or 9, 8;
    %jmp/0xz  T_23.0, 9;
    %pushi/vec4 0, 0, 32;
    %assign/vec4 v0x5b4a56eee260_0, 0;
    %pushi/vec4 0, 0, 32;
    %assign/vec4 v0x5b4a56eeed10_0, 0;
    %pushi/vec4 0, 0, 32;
    %assign/vec4 v0x5b4a56eef2a0_0, 0;
    %pushi/vec4 0, 0, 32;
    %assign/vec4 v0x5b4a56eee8f0_0, 0;
    %pushi/vec4 0, 0, 32;
    %assign/vec4 v0x5b4a56eef1c0_0, 0;
    %pushi/vec4 0, 0, 36;
    %assign/vec4 v0x5b4a56eeeea0_0, 0;
    %pushi/vec4 0, 0, 36;
    %assign/vec4 v0x5b4a56eeef70_0, 0;
    %jmp T_23.1;
T_23.0 ;
    %load/vec4 v0x5b4a56eef530_0;
    %flag_set/vec4 8;
    %jmp/0xz  T_23.2, 8;
    %pushi/vec4 0, 0, 36;
    %assign/vec4 v0x5b4a56eeeea0_0, 0;
    %pushi/vec4 1, 0, 32;
    %assign/vec4 v0x5b4a56eee260_0, 0;
    %pushi/vec4 1, 0, 32;
    %assign/vec4 v0x5b4a56eeed10_0, 0;
    %pushi/vec4 0, 0, 16;
    %assign/vec4 v0x5b4a56eee400_0, 0;
    %load/vec4 v0x5b4a56eee770_0;
    %flag_set/vec4 8;
    %jmp/0xz  T_23.4, 8;
    %load/vec4 v0x5b4a56eef960_0;
    %pad/s 36;
    %ix/load 4, 16, 0;
    %flag_set/imm 4, 0;
    %shiftl 4;
    %assign/vec4 v0x5b4a56eefce0_0, 0;
    %load/vec4 v0x5b4a56eefb20_0;
    %pad/s 36;
    %ix/load 4, 16, 0;
    %flag_set/imm 4, 0;
    %shiftl 4;
    %assign/vec4 v0x5b4a56eeffd0_0, 0;
    %jmp T_23.5;
T_23.4 ;
    %pushi/vec4 0, 0, 36;
    %assign/vec4 v0x5b4a56eefce0_0, 0;
    %pushi/vec4 0, 0, 36;
    %assign/vec4 v0x5b4a56eeffd0_0, 0;
T_23.5 ;
    %pushi/vec4 1, 0, 32;
    %assign/vec4 v0x5b4a56eee8f0_0, 0;
    %jmp T_23.3;
T_23.2 ;
    %load/vec4 v0x5b4a56eeed10_0;
    %pushi/vec4 1, 0, 32;
    %cmp/e;
    %flag_get/vec4 4;
    %load/vec4 v0x5b4a56eee260_0;
    %pushi/vec4 1, 0, 32;
    %cmp/e;
    %flag_get/vec4 4;
    %and;
    %flag_set/vec4 8;
    %jmp/0xz  T_23.6, 8;
    %load/vec4 v0x5b4a56eee8f0_0;
    %dup/vec4;
    %pushi/vec4 1, 0, 32;
    %cmp/u;
    %jmp/1 T_23.8, 6;
    %dup/vec4;
    %pushi/vec4 2, 0, 32;
    %cmp/u;
    %jmp/1 T_23.9, 6;
    %dup/vec4;
    %pushi/vec4 3, 0, 32;
    %cmp/u;
    %jmp/1 T_23.10, 6;
    %dup/vec4;
    %pushi/vec4 4, 0, 32;
    %cmp/u;
    %jmp/1 T_23.11, 6;
    %dup/vec4;
    %pushi/vec4 6, 0, 32;
    %cmp/u;
    %jmp/1 T_23.12, 6;
    %dup/vec4;
    %pushi/vec4 5, 0, 32;
    %cmp/u;
    %jmp/1 T_23.13, 6;
    %dup/vec4;
    %pushi/vec4 7, 0, 32;
    %cmp/u;
    %jmp/1 T_23.14, 6;
    %load/vec4 v0x5b4a56eee8f0_0;
    %assign/vec4 v0x5b4a56eee8f0_0, 0;
    %jmp T_23.16;
T_23.8 ;
    %load/vec4 v0x5b4a56eefda0_0;
    %flag_set/vec4 8;
    %load/vec4 v0x5b4a56ef00c0_0;
    %flag_set/vec4 9;
    %flag_or 9, 8;
    %jmp/0xz  T_23.17, 9;
    %pushi/vec4 7, 0, 32;
    %assign/vec4 v0x5b4a56eee8f0_0, 0;
    %jmp T_23.18;
T_23.17 ;
    %load/vec4 v0x5b4a56eedee0_0;
    %assign/vec4 v0x5b4a56eefce0_0, 0;
    %load/vec4 v0x5b4a56eedee0_0;
    %parti/s 18, 16, 6;
    %assign/vec4 v0x5b4a56eef440_0, 0;
    %load/vec4 v0x5b4a56eee0c0_0;
    %assign/vec4 v0x5b4a56eeffd0_0, 0;
    %load/vec4 v0x5b4a56eeeaa0_0;
    %flag_set/vec4 8;
    %jmp/0xz  T_23.19, 8;
    %pushi/vec4 7, 0, 32;
    %assign/vec4 v0x5b4a56eee8f0_0, 0;
    %jmp T_23.20;
T_23.19 ;
    %pushi/vec4 2, 0, 32;
    %assign/vec4 v0x5b4a56eee8f0_0, 0;
T_23.20 ;
T_23.18 ;
    %jmp T_23.16;
T_23.9 ;
    %load/vec4 v0x5b4a56eeec40_0;
    %assign/vec4 v0x5b4a56eefce0_0, 0;
    %load/vec4 v0x5b4a56eeec40_0;
    %assign/vec4 v0x5b4a56eeeea0_0, 0;
    %pushi/vec4 3, 0, 32;
    %assign/vec4 v0x5b4a56eee8f0_0, 0;
    %jmp T_23.16;
T_23.10 ;
    %load/vec4 v0x5b4a56eefce0_0;
    %load/vec4 v0x5b4a56eeec40_0;
    %sub;
    %assign/vec4 v0x5b4a56eefce0_0, 0;
    %load/vec4 v0x5b4a56eeeea0_0;
    %load/vec4 v0x5b4a56eeec40_0;
    %add;
    %assign/vec4 v0x5b4a56eeeea0_0, 0;
    %load/vec4 v0x5b4a56eee9d0_0;
    %flag_set/vec4 8;
    %jmp/0xz  T_23.21, 8;
    %pushi/vec4 7, 0, 32;
    %assign/vec4 v0x5b4a56eee8f0_0, 0;
    %jmp T_23.22;
T_23.21 ;
    %pushi/vec4 4, 0, 32;
    %assign/vec4 v0x5b4a56eee8f0_0, 0;
T_23.22 ;
    %jmp T_23.16;
T_23.11 ;
    %load/vec4 v0x5b4a56eee9d0_0;
    %flag_set/vec4 8;
    %jmp/0xz  T_23.23, 8;
    %pushi/vec4 7, 0, 32;
    %assign/vec4 v0x5b4a56eee8f0_0, 0;
    %jmp T_23.24;
T_23.23 ;
    %load/vec4 v0x5b4a56eeec40_0;
    %assign/vec4 v0x5b4a56eeffd0_0, 0;
    %load/vec4 v0x5b4a56eee770_0;
    %flag_set/vec4 8;
    %jmp/0xz  T_23.25, 8;
    %pushi/vec4 6, 0, 32;
    %assign/vec4 v0x5b4a56eee8f0_0, 0;
    %jmp T_23.26;
T_23.25 ;
    %pushi/vec4 5, 0, 32;
    %assign/vec4 v0x5b4a56eee8f0_0, 0;
T_23.26 ;
T_23.24 ;
    %jmp T_23.16;
T_23.12 ;
    %load/vec4 v0x5b4a56eefce0_0;
    %load/vec4 v0x5b4a56eee5b0_0;
    %pad/s 36;
    %ix/load 4, 16, 0;
    %flag_set/imm 4, 0;
    %shiftl 4;
    %add;
    %assign/vec4 v0x5b4a56eefce0_0, 0;
    %load/vec4 v0x5b4a56eeffd0_0;
    %load/vec4 v0x5b4a56eee690_0;
    %pad/s 36;
    %ix/load 4, 16, 0;
    %flag_set/imm 4, 0;
    %shiftl 4;
    %add;
    %assign/vec4 v0x5b4a56eeffd0_0, 0;
    %pushi/vec4 1, 0, 32;
    %assign/vec4 v0x5b4a56eee8f0_0, 0;
    %load/vec4 v0x5b4a56eee400_0;
    %addi 1, 0, 16;
    %assign/vec4 v0x5b4a56eee400_0, 0;
    %jmp T_23.16;
T_23.13 ;
    %load/vec4 v0x5b4a56eefce0_0;
    %load/vec4 v0x5b4a56eef960_0;
    %pad/s 36;
    %ix/load 4, 16, 0;
    %flag_set/imm 4, 0;
    %shiftl 4;
    %add;
    %assign/vec4 v0x5b4a56eefce0_0, 0;
    %load/vec4 v0x5b4a56eeffd0_0;
    %load/vec4 v0x5b4a56eefb20_0;
    %pad/s 36;
    %ix/load 4, 16, 0;
    %flag_set/imm 4, 0;
    %shiftl 4;
    %add;
    %assign/vec4 v0x5b4a56eeffd0_0, 0;
    %pushi/vec4 1, 0, 32;
    %assign/vec4 v0x5b4a56eee8f0_0, 0;
    %load/vec4 v0x5b4a56eee400_0;
    %addi 1, 0, 16;
    %assign/vec4 v0x5b4a56eee400_0, 0;
    %jmp T_23.16;
T_23.14 ;
    %load/vec4 v0x5b4a56eede10_0;
    %pad/u 32;
    %pushi/vec4 0, 0, 32;
    %cmp/e;
    %flag_get/vec4 4;
    %load/vec4 v0x5b4a56eef120_0;
    %and;
    %flag_set/vec4 8;
    %jmp/0xz  T_23.27, 8;
    %pushi/vec4 0, 0, 32;
    %assign/vec4 v0x5b4a56eeed10_0, 0;
    %pushi/vec4 0, 0, 32;
    %assign/vec4 v0x5b4a56eee8f0_0, 0;
T_23.27 ;
    %jmp T_23.16;
T_23.16 ;
    %pop/vec4 1;
T_23.6 ;
T_23.3 ;
    %load/vec4 v0x5b4a56eef5d0_0;
    %flag_set/vec4 8;
    %jmp/0xz  T_23.29, 8;
    %pushi/vec4 0, 0, 36;
    %assign/vec4 v0x5b4a56eeef70_0, 0;
    %pushi/vec4 1, 0, 32;
    %assign/vec4 v0x5b4a56eee260_0, 0;
    %pushi/vec4 1, 0, 32;
    %assign/vec4 v0x5b4a56eef2a0_0, 0;
    %pushi/vec4 0, 0, 16;
    %assign/vec4 v0x5b4a56eee4f0_0, 0;
    %load/vec4 v0x5b4a56eee770_0;
    %flag_set/vec4 8;
    %jmp/0xz  T_23.31, 8;
    %load/vec4 v0x5b4a56eefa40_0;
    %pad/s 36;
    %ix/load 4, 16, 0;
    %flag_set/imm 4, 0;
    %shiftl 4;
    %assign/vec4 v0x5b4a56eefe40_0, 0;
    %load/vec4 v0x5b4a56eefc00_0;
    %pad/s 36;
    %ix/load 4, 16, 0;
    %flag_set/imm 4, 0;
    %shiftl 4;
    %assign/vec4 v0x5b4a56ef0160_0, 0;
    %jmp T_23.32;
T_23.31 ;
    %pushi/vec4 0, 0, 36;
    %assign/vec4 v0x5b4a56eefe40_0, 0;
    %pushi/vec4 0, 0, 36;
    %assign/vec4 v0x5b4a56ef0160_0, 0;
T_23.32 ;
T_23.29 ;
    %load/vec4 v0x5b4a56eef690_0;
    %flag_set/vec4 8;
    %jmp/0xz  T_23.33, 8;
    %pushi/vec4 0, 0, 36;
    %assign/vec4 v0x5b4a56eeeea0_0, 0;
    %pushi/vec4 0, 0, 36;
    %assign/vec4 v0x5b4a56eeef70_0, 0;
    %pushi/vec4 2, 0, 32;
    %assign/vec4 v0x5b4a56eee260_0, 0;
    %pushi/vec4 1, 0, 32;
    %assign/vec4 v0x5b4a56eeed10_0, 0;
    %pushi/vec4 1, 0, 32;
    %assign/vec4 v0x5b4a56eef2a0_0, 0;
T_23.33 ;
T_23.1 ;
    %jmp T_23;
    .thread T_23;
    .scope S_0x5b4a56ee8fc0;
T_24 ;
Ewait_8 .event/or E_0x5b4a56d970d0, E_0x0;
    %wait Ewait_8;
    %pushi/vec4 0, 0, 1;
    %store/vec4 v0x5b4a56eedd50_0, 0, 1;
    %pushi/vec4 0, 0, 1;
    %store/vec4 v0x5b4a56eede10_0, 0, 1;
    %load/vec4 v0x5b4a56eee400_0;
    %store/vec4 v0x5b4a56eee320_0, 0, 16;
    %load/vec4 v0x5b4a56eee260_0;
    %pushi/vec4 2, 0, 32;
    %cmp/e;
    %flag_get/vec4 4;
    %load/vec4 v0x5b4a56eee8f0_0;
    %pushi/vec4 7, 0, 32;
    %cmp/e;
    %flag_get/vec4 4;
    %and;
    %flag_set/vec4 8;
    %jmp/0xz  T_24.0, 8;
    %pushi/vec4 1, 0, 1;
    %store/vec4 v0x5b4a56eedd50_0, 0, 1;
    %load/vec4 v0x5b4a56eee400_0;
    %store/vec4 v0x5b4a56eee320_0, 0, 16;
    %jmp T_24.1;
T_24.0 ;
    %load/vec4 v0x5b4a56eee260_0;
    %cmpi/e 1, 0, 32;
    %jmp/0xz  T_24.2, 4;
    %load/vec4 v0x5b4a56eee8f0_0;
    %cmpi/e 7, 0, 32;
    %jmp/0xz  T_24.4, 4;
    %pushi/vec4 0, 0, 1;
    %store/vec4 v0x5b4a56eede10_0, 0, 1;
    %pushi/vec4 1, 0, 1;
    %store/vec4 v0x5b4a56eedd50_0, 0, 1;
    %load/vec4 v0x5b4a56eee400_0;
    %store/vec4 v0x5b4a56eee320_0, 0, 16;
T_24.4 ;
    %load/vec4 v0x5b4a56eef1c0_0;
    %cmpi/e 7, 0, 32;
    %jmp/0xz  T_24.6, 4;
    %pushi/vec4 1, 0, 1;
    %store/vec4 v0x5b4a56eede10_0, 0, 1;
    %pushi/vec4 1, 0, 1;
    %store/vec4 v0x5b4a56eedd50_0, 0, 1;
    %load/vec4 v0x5b4a56eee4f0_0;
    %store/vec4 v0x5b4a56eee320_0, 0, 16;
T_24.6 ;
T_24.2 ;
T_24.1 ;
    %jmp T_24;
    .thread T_24, $push;
    .scope S_0x5b4a56e9da20;
T_25 ;
    %pushi/vec4 0, 0, 32;
    %store/vec4 v0x5b4a56ef5a60_0, 0, 32;
    %pushi/vec4 0, 0, 32;
    %store/vec4 v0x5b4a56ef56d0_0, 0, 32;
    %end;
    .thread T_25, $init;
    .scope S_0x5b4a56e9da20;
T_26 ;
    %pushi/vec4 0, 0, 1;
    %store/vec4 v0x5b4a56ef57d0_0, 0, 1;
    %end;
    .thread T_26;
    .scope S_0x5b4a56e9da20;
T_27 ;
    %delay 5000, 0;
    %load/vec4 v0x5b4a56ef57d0_0;
    %inv;
    %store/vec4 v0x5b4a56ef57d0_0, 0, 1;
    %jmp T_27;
    .thread T_27;
    .scope S_0x5b4a56e9da20;
T_28 ;
    %vpi_call/w 9 354 "$dumpfile", "sim/waves/tb_multiply_manager_precision.vcd" {0 0 0};
    %vpi_call/w 9 355 "$dumpvars", 32'sb00000000000000000000000000000000, S_0x5b4a56e9da20 {0 0 0};
    %vpi_call/w 9 357 "$display", "==== tb_multiply_manager_precision : LSB-exact + divergence ====" {0 0 0};
    %alloc S_0x5b4a56ee8dc0;
    %fork TD_tb_multiply_manager_precision.do_reset, S_0x5b4a56ee8dc0;
    %join;
    %free S_0x5b4a56ee8dc0;
    %alloc S_0x5b4a56ef2350;
    %pushi/str "c=0";
    %store/str v0x5b4a56ef43b0_0;
    %pushi/vec4 0, 0, 1;
    %store/vec4 v0x5b4a56ef3f90_0, 0, 1;
    %pushi/vec4 0, 0, 4;
    %store/vec4 v0x5b4a56ef3710_0, 0, 4;
    %pushi/vec4 6, 0, 5;
    %store/vec4 v0x5b4a56ef42d0_0, 0, 5;
    %pushi/vec4 0, 0, 18;
    %store/vec4 v0x5b4a56ef2ef0_0, 0, 18;
    %pushi/vec4 0, 0, 18;
    %store/vec4 v0x5b4a56ef2ff0_0, 0, 18;
    %alloc S_0x5b4a56ef5380;
    %pushi/real 0, 4065; load=0.00000
    %store/real v0x5b4a56ef5610_0;
    %callf/vec4 TD_tb_multiply_manager_precision.to_q216, S_0x5b4a56ef5380;
    %free S_0x5b4a56ef5380;
    %store/vec4 v0x5b4a56ef4530_0, 0, 18;
    %alloc S_0x5b4a56ef5380;
    %pushi/real 0, 4065; load=0.00000
    %store/real v0x5b4a56ef5610_0;
    %callf/vec4 TD_tb_multiply_manager_precision.to_q216, S_0x5b4a56ef5380;
    %free S_0x5b4a56ef5380;
    %store/vec4 v0x5b4a56ef4610_0, 0, 18;
    %fork TD_tb_multiply_manager_precision.run_precision, S_0x5b4a56ef2350;
    %join;
    %free S_0x5b4a56ef2350;
    %alloc S_0x5b4a56ef2350;
    %pushi/str "c=(1.5,0)";
    %store/str v0x5b4a56ef43b0_0;
    %pushi/vec4 0, 0, 1;
    %store/vec4 v0x5b4a56ef3f90_0, 0, 1;
    %pushi/vec4 0, 0, 4;
    %store/vec4 v0x5b4a56ef3710_0, 0, 4;
    %pushi/vec4 6, 0, 5;
    %store/vec4 v0x5b4a56ef42d0_0, 0, 5;
    %pushi/vec4 0, 0, 18;
    %store/vec4 v0x5b4a56ef2ef0_0, 0, 18;
    %pushi/vec4 0, 0, 18;
    %store/vec4 v0x5b4a56ef2ff0_0, 0, 18;
    %alloc S_0x5b4a56ef5380;
    %pushi/real 1610612736, 4066; load=1.50000
    %store/real v0x5b4a56ef5610_0;
    %callf/vec4 TD_tb_multiply_manager_precision.to_q216, S_0x5b4a56ef5380;
    %free S_0x5b4a56ef5380;
    %store/vec4 v0x5b4a56ef4530_0, 0, 18;
    %alloc S_0x5b4a56ef5380;
    %pushi/real 0, 4065; load=0.00000
    %store/real v0x5b4a56ef5610_0;
    %callf/vec4 TD_tb_multiply_manager_precision.to_q216, S_0x5b4a56ef5380;
    %free S_0x5b4a56ef5380;
    %store/vec4 v0x5b4a56ef4610_0, 0, 18;
    %fork TD_tb_multiply_manager_precision.run_precision, S_0x5b4a56ef2350;
    %join;
    %free S_0x5b4a56ef2350;
    %alloc S_0x5b4a56ef2350;
    %pushi/str "c=(-1.0,0)";
    %store/str v0x5b4a56ef43b0_0;
    %pushi/vec4 0, 0, 1;
    %store/vec4 v0x5b4a56ef3f90_0, 0, 1;
    %pushi/vec4 0, 0, 4;
    %store/vec4 v0x5b4a56ef3710_0, 0, 4;
    %pushi/vec4 6, 0, 5;
    %store/vec4 v0x5b4a56ef42d0_0, 0, 5;
    %pushi/vec4 0, 0, 18;
    %store/vec4 v0x5b4a56ef2ef0_0, 0, 18;
    %pushi/vec4 0, 0, 18;
    %store/vec4 v0x5b4a56ef2ff0_0, 0, 18;
    %alloc S_0x5b4a56ef5380;
    %pushi/real 1073741824, 20450; load=-1.00000
    %store/real v0x5b4a56ef5610_0;
    %callf/vec4 TD_tb_multiply_manager_precision.to_q216, S_0x5b4a56ef5380;
    %free S_0x5b4a56ef5380;
    %store/vec4 v0x5b4a56ef4530_0, 0, 18;
    %alloc S_0x5b4a56ef5380;
    %pushi/real 0, 4065; load=0.00000
    %store/real v0x5b4a56ef5610_0;
    %callf/vec4 TD_tb_multiply_manager_precision.to_q216, S_0x5b4a56ef5380;
    %free S_0x5b4a56ef5380;
    %store/vec4 v0x5b4a56ef4610_0, 0, 18;
    %fork TD_tb_multiply_manager_precision.run_precision, S_0x5b4a56ef2350;
    %join;
    %free S_0x5b4a56ef2350;
    %alloc S_0x5b4a56ef2350;
    %pushi/str "c=(-0.75,0.1)";
    %store/str v0x5b4a56ef43b0_0;
    %pushi/vec4 0, 0, 1;
    %store/vec4 v0x5b4a56ef3f90_0, 0, 1;
    %pushi/vec4 0, 0, 4;
    %store/vec4 v0x5b4a56ef3710_0, 0, 4;
    %pushi/vec4 8, 0, 5;
    %store/vec4 v0x5b4a56ef42d0_0, 0, 5;
    %pushi/vec4 0, 0, 18;
    %store/vec4 v0x5b4a56ef2ef0_0, 0, 18;
    %pushi/vec4 0, 0, 18;
    %store/vec4 v0x5b4a56ef2ff0_0, 0, 18;
    %alloc S_0x5b4a56ef5380;
    %pushi/real 1610612736, 20449; load=-0.750000
    %store/real v0x5b4a56ef5610_0;
    %callf/vec4 TD_tb_multiply_manager_precision.to_q216, S_0x5b4a56ef5380;
    %free S_0x5b4a56ef5380;
    %store/vec4 v0x5b4a56ef4530_0, 0, 18;
    %alloc S_0x5b4a56ef5380;
    %pushi/real 1717986918, 4062; load=0.100000
    %pushi/real 1677722, 4040; load=0.100000
    %add/wr;
    %store/real v0x5b4a56ef5610_0;
    %callf/vec4 TD_tb_multiply_manager_precision.to_q216, S_0x5b4a56ef5380;
    %free S_0x5b4a56ef5380;
    %store/vec4 v0x5b4a56ef4610_0, 0, 18;
    %fork TD_tb_multiply_manager_precision.run_precision, S_0x5b4a56ef2350;
    %join;
    %free S_0x5b4a56ef2350;
    %alloc S_0x5b4a56ef2350;
    %pushi/str "c=(0.25,0.5)";
    %store/str v0x5b4a56ef43b0_0;
    %pushi/vec4 0, 0, 1;
    %store/vec4 v0x5b4a56ef3f90_0, 0, 1;
    %pushi/vec4 0, 0, 4;
    %store/vec4 v0x5b4a56ef3710_0, 0, 4;
    %pushi/vec4 8, 0, 5;
    %store/vec4 v0x5b4a56ef42d0_0, 0, 5;
    %pushi/vec4 0, 0, 18;
    %store/vec4 v0x5b4a56ef2ef0_0, 0, 18;
    %pushi/vec4 0, 0, 18;
    %store/vec4 v0x5b4a56ef2ff0_0, 0, 18;
    %alloc S_0x5b4a56ef5380;
    %pushi/real 1073741824, 4064; load=0.250000
    %store/real v0x5b4a56ef5610_0;
    %callf/vec4 TD_tb_multiply_manager_precision.to_q216, S_0x5b4a56ef5380;
    %free S_0x5b4a56ef5380;
    %store/vec4 v0x5b4a56ef4530_0, 0, 18;
    %alloc S_0x5b4a56ef5380;
    %pushi/real 1073741824, 4065; load=0.500000
    %store/real v0x5b4a56ef5610_0;
    %callf/vec4 TD_tb_multiply_manager_precision.to_q216, S_0x5b4a56ef5380;
    %free S_0x5b4a56ef5380;
    %store/vec4 v0x5b4a56ef4610_0, 0, 18;
    %fork TD_tb_multiply_manager_precision.run_precision, S_0x5b4a56ef2350;
    %join;
    %free S_0x5b4a56ef2350;
    %alloc S_0x5b4a56ef2350;
    %pushi/str "c=(-0.745,0.113)";
    %store/str v0x5b4a56ef43b0_0;
    %pushi/vec4 0, 0, 1;
    %store/vec4 v0x5b4a56ef3f90_0, 0, 1;
    %pushi/vec4 0, 0, 4;
    %store/vec4 v0x5b4a56ef3710_0, 0, 4;
    %pushi/vec4 9, 0, 5;
    %store/vec4 v0x5b4a56ef42d0_0, 0, 5;
    %pushi/vec4 0, 0, 18;
    %store/vec4 v0x5b4a56ef2ef0_0, 0, 18;
    %pushi/vec4 0, 0, 18;
    %store/vec4 v0x5b4a56ef2ff0_0, 0, 18;
    %alloc S_0x5b4a56ef5380;
    %pushi/real 1599875317, 20449; load=-0.745000
    %pushi/real 3187671, 20427; load=-0.745000
    %add/wr;
    %store/real v0x5b4a56ef5610_0;
    %callf/vec4 TD_tb_multiply_manager_precision.to_q216, S_0x5b4a56ef5380;
    %free S_0x5b4a56ef5380;
    %store/vec4 v0x5b4a56ef4530_0, 0, 18;
    %alloc S_0x5b4a56ef5380;
    %pushi/real 1941325217, 4062; load=0.113000
    %pushi/real 3321889, 4040; load=0.113000
    %add/wr;
    %store/real v0x5b4a56ef5610_0;
    %callf/vec4 TD_tb_multiply_manager_precision.to_q216, S_0x5b4a56ef5380;
    %free S_0x5b4a56ef5380;
    %store/vec4 v0x5b4a56ef4610_0, 0, 18;
    %fork TD_tb_multiply_manager_precision.run_precision, S_0x5b4a56ef2350;
    %join;
    %free S_0x5b4a56ef2350;
    %alloc S_0x5b4a56ef2350;
    %pushi/str "c=(0.0001,0)";
    %store/str v0x5b4a56ef43b0_0;
    %pushi/vec4 0, 0, 1;
    %store/vec4 v0x5b4a56ef3f90_0, 0, 1;
    %pushi/vec4 0, 0, 4;
    %store/vec4 v0x5b4a56ef3710_0, 0, 4;
    %pushi/vec4 9, 0, 5;
    %store/vec4 v0x5b4a56ef42d0_0, 0, 5;
    %pushi/vec4 0, 0, 18;
    %store/vec4 v0x5b4a56ef2ef0_0, 0, 18;
    %pushi/vec4 0, 0, 18;
    %store/vec4 v0x5b4a56ef2ff0_0, 0, 18;
    %alloc S_0x5b4a56ef5380;
    %pushi/real 1759218604, 4052; load=0.000100000
    %pushi/real 1852205, 4030; load=0.000100000
    %add/wr;
    %store/real v0x5b4a56ef5610_0;
    %callf/vec4 TD_tb_multiply_manager_precision.to_q216, S_0x5b4a56ef5380;
    %free S_0x5b4a56ef5380;
    %store/vec4 v0x5b4a56ef4530_0, 0, 18;
    %alloc S_0x5b4a56ef5380;
    %pushi/real 0, 4065; load=0.00000
    %store/real v0x5b4a56ef5610_0;
    %callf/vec4 TD_tb_multiply_manager_precision.to_q216, S_0x5b4a56ef5380;
    %free S_0x5b4a56ef5380;
    %store/vec4 v0x5b4a56ef4610_0, 0, 18;
    %fork TD_tb_multiply_manager_precision.run_precision, S_0x5b4a56ef2350;
    %join;
    %free S_0x5b4a56ef2350;
    %alloc S_0x5b4a56ef2350;
    %pushi/str "c=(0.000015,0)";
    %store/str v0x5b4a56ef43b0_0;
    %pushi/vec4 0, 0, 1;
    %store/vec4 v0x5b4a56ef3f90_0, 0, 1;
    %pushi/vec4 0, 0, 4;
    %store/vec4 v0x5b4a56ef3710_0, 0, 4;
    %pushi/vec4 9, 0, 5;
    %store/vec4 v0x5b4a56ef42d0_0, 0, 5;
    %pushi/vec4 0, 0, 18;
    %store/vec4 v0x5b4a56ef2ef0_0, 0, 18;
    %pushi/vec4 0, 0, 18;
    %store/vec4 v0x5b4a56ef2ff0_0, 0, 18;
    %alloc S_0x5b4a56ef5380;
    %pushi/real 2111062325, 4049; load=1.50000e-05
    %pushi/real 1383785, 4027; load=1.50000e-05
    %add/wr;
    %store/real v0x5b4a56ef5610_0;
    %callf/vec4 TD_tb_multiply_manager_precision.to_q216, S_0x5b4a56ef5380;
    %free S_0x5b4a56ef5380;
    %store/vec4 v0x5b4a56ef4530_0, 0, 18;
    %alloc S_0x5b4a56ef5380;
    %pushi/real 0, 4065; load=0.00000
    %store/real v0x5b4a56ef5610_0;
    %callf/vec4 TD_tb_multiply_manager_precision.to_q216, S_0x5b4a56ef5380;
    %free S_0x5b4a56ef5380;
    %store/vec4 v0x5b4a56ef4610_0, 0, 18;
    %fork TD_tb_multiply_manager_precision.run_precision, S_0x5b4a56ef2350;
    %join;
    %free S_0x5b4a56ef2350;
    %alloc S_0x5b4a56ef2350;
    %pushi/str "bship(-1.7,-0.01)";
    %store/str v0x5b4a56ef43b0_0;
    %pushi/vec4 0, 0, 1;
    %store/vec4 v0x5b4a56ef3f90_0, 0, 1;
    %pushi/vec4 12, 0, 4;
    %store/vec4 v0x5b4a56ef3710_0, 0, 4;
    %pushi/vec4 8, 0, 5;
    %store/vec4 v0x5b4a56ef42d0_0, 0, 5;
    %pushi/vec4 0, 0, 18;
    %store/vec4 v0x5b4a56ef2ef0_0, 0, 18;
    %pushi/vec4 0, 0, 18;
    %store/vec4 v0x5b4a56ef2ff0_0, 0, 18;
    %alloc S_0x5b4a56ef5380;
    %pushi/real 1825361100, 20450; load=-1.70000
    %pushi/real 3355443, 20428; load=-1.70000
    %add/wr;
    %store/real v0x5b4a56ef5610_0;
    %callf/vec4 TD_tb_multiply_manager_precision.to_q216, S_0x5b4a56ef5380;
    %free S_0x5b4a56ef5380;
    %store/vec4 v0x5b4a56ef4530_0, 0, 18;
    %alloc S_0x5b4a56ef5380;
    %pushi/real 1374389534, 20443; load=-0.0100000
    %pushi/real 3019899, 20421; load=-0.0100000
    %add/wr;
    %store/real v0x5b4a56ef5610_0;
    %callf/vec4 TD_tb_multiply_manager_precision.to_q216, S_0x5b4a56ef5380;
    %free S_0x5b4a56ef5380;
    %store/vec4 v0x5b4a56ef4610_0, 0, 18;
    %fork TD_tb_multiply_manager_precision.run_precision, S_0x5b4a56ef2350;
    %join;
    %free S_0x5b4a56ef2350;
    %alloc S_0x5b4a56ef2350;
    %pushi/str "tricorn(-0.5,0.5)";
    %store/str v0x5b4a56ef43b0_0;
    %pushi/vec4 0, 0, 1;
    %store/vec4 v0x5b4a56ef3f90_0, 0, 1;
    %pushi/vec4 1, 0, 4;
    %store/vec4 v0x5b4a56ef3710_0, 0, 4;
    %pushi/vec4 8, 0, 5;
    %store/vec4 v0x5b4a56ef42d0_0, 0, 5;
    %pushi/vec4 0, 0, 18;
    %store/vec4 v0x5b4a56ef2ef0_0, 0, 18;
    %pushi/vec4 0, 0, 18;
    %store/vec4 v0x5b4a56ef2ff0_0, 0, 18;
    %alloc S_0x5b4a56ef5380;
    %pushi/real 1073741824, 20449; load=-0.500000
    %store/real v0x5b4a56ef5610_0;
    %callf/vec4 TD_tb_multiply_manager_precision.to_q216, S_0x5b4a56ef5380;
    %free S_0x5b4a56ef5380;
    %store/vec4 v0x5b4a56ef4530_0, 0, 18;
    %alloc S_0x5b4a56ef5380;
    %pushi/real 1073741824, 4065; load=0.500000
    %store/real v0x5b4a56ef5610_0;
    %callf/vec4 TD_tb_multiply_manager_precision.to_q216, S_0x5b4a56ef5380;
    %free S_0x5b4a56ef5380;
    %store/vec4 v0x5b4a56ef4610_0, 0, 18;
    %fork TD_tb_multiply_manager_precision.run_precision, S_0x5b4a56ef2350;
    %join;
    %free S_0x5b4a56ef2350;
    %alloc S_0x5b4a56ef2350;
    %pushi/str "julia(-0.8,0.156)";
    %store/str v0x5b4a56ef43b0_0;
    %pushi/vec4 1, 0, 1;
    %store/vec4 v0x5b4a56ef3f90_0, 0, 1;
    %pushi/vec4 0, 0, 4;
    %store/vec4 v0x5b4a56ef3710_0, 0, 4;
    %pushi/vec4 8, 0, 5;
    %store/vec4 v0x5b4a56ef42d0_0, 0, 5;
    %alloc S_0x5b4a56ef5380;
    %pushi/real 1717986918, 20449; load=-0.800000
    %pushi/real 1677722, 20427; load=-0.800000
    %add/wr;
    %store/real v0x5b4a56ef5610_0;
    %callf/vec4 TD_tb_multiply_manager_precision.to_q216, S_0x5b4a56ef5380;
    %free S_0x5b4a56ef5380;
    %store/vec4 v0x5b4a56ef2ef0_0, 0, 18;
    %alloc S_0x5b4a56ef5380;
    %pushi/real 1340029796, 4063; load=0.156000
    %pushi/real 1476395, 4041; load=0.156000
    %add/wr;
    %store/real v0x5b4a56ef5610_0;
    %callf/vec4 TD_tb_multiply_manager_precision.to_q216, S_0x5b4a56ef5380;
    %free S_0x5b4a56ef5380;
    %store/vec4 v0x5b4a56ef2ff0_0, 0, 18;
    %alloc S_0x5b4a56ef5380;
    %pushi/real 0, 4065; load=0.00000
    %store/real v0x5b4a56ef5610_0;
    %callf/vec4 TD_tb_multiply_manager_precision.to_q216, S_0x5b4a56ef5380;
    %free S_0x5b4a56ef5380;
    %store/vec4 v0x5b4a56ef4530_0, 0, 18;
    %alloc S_0x5b4a56ef5380;
    %pushi/real 0, 4065; load=0.00000
    %store/real v0x5b4a56ef5610_0;
    %callf/vec4 TD_tb_multiply_manager_precision.to_q216, S_0x5b4a56ef5380;
    %free S_0x5b4a56ef5380;
    %store/vec4 v0x5b4a56ef4610_0, 0, 18;
    %fork TD_tb_multiply_manager_precision.run_precision, S_0x5b4a56ef2350;
    %join;
    %free S_0x5b4a56ef2350;
    %alloc S_0x5b4a56ef2350;
    %pushi/str "c=(2,0)";
    %store/str v0x5b4a56ef43b0_0;
    %pushi/vec4 0, 0, 1;
    %store/vec4 v0x5b4a56ef3f90_0, 0, 1;
    %pushi/vec4 0, 0, 4;
    %store/vec4 v0x5b4a56ef3710_0, 0, 4;
    %pushi/vec4 6, 0, 5;
    %store/vec4 v0x5b4a56ef42d0_0, 0, 5;
    %pushi/vec4 0, 0, 18;
    %store/vec4 v0x5b4a56ef2ef0_0, 0, 18;
    %pushi/vec4 0, 0, 18;
    %store/vec4 v0x5b4a56ef2ff0_0, 0, 18;
    %alloc S_0x5b4a56ef5380;
    %pushi/real 1073741824, 4067; load=2.00000
    %store/real v0x5b4a56ef5610_0;
    %callf/vec4 TD_tb_multiply_manager_precision.to_q216, S_0x5b4a56ef5380;
    %free S_0x5b4a56ef5380;
    %store/vec4 v0x5b4a56ef4530_0, 0, 18;
    %alloc S_0x5b4a56ef5380;
    %pushi/real 0, 4065; load=0.00000
    %store/real v0x5b4a56ef5610_0;
    %callf/vec4 TD_tb_multiply_manager_precision.to_q216, S_0x5b4a56ef5380;
    %free S_0x5b4a56ef5380;
    %store/vec4 v0x5b4a56ef4610_0, 0, 18;
    %fork TD_tb_multiply_manager_precision.run_precision, S_0x5b4a56ef2350;
    %join;
    %free S_0x5b4a56ef2350;
    %alloc S_0x5b4a56ef2350;
    %pushi/str "c=(-2,0)";
    %store/str v0x5b4a56ef43b0_0;
    %pushi/vec4 0, 0, 1;
    %store/vec4 v0x5b4a56ef3f90_0, 0, 1;
    %pushi/vec4 0, 0, 4;
    %store/vec4 v0x5b4a56ef3710_0, 0, 4;
    %pushi/vec4 6, 0, 5;
    %store/vec4 v0x5b4a56ef42d0_0, 0, 5;
    %pushi/vec4 0, 0, 18;
    %store/vec4 v0x5b4a56ef2ef0_0, 0, 18;
    %pushi/vec4 0, 0, 18;
    %store/vec4 v0x5b4a56ef2ff0_0, 0, 18;
    %alloc S_0x5b4a56ef5380;
    %pushi/real 1073741824, 20451; load=-2.00000
    %store/real v0x5b4a56ef5610_0;
    %callf/vec4 TD_tb_multiply_manager_precision.to_q216, S_0x5b4a56ef5380;
    %free S_0x5b4a56ef5380;
    %store/vec4 v0x5b4a56ef4530_0, 0, 18;
    %alloc S_0x5b4a56ef5380;
    %pushi/real 0, 4065; load=0.00000
    %store/real v0x5b4a56ef5610_0;
    %callf/vec4 TD_tb_multiply_manager_precision.to_q216, S_0x5b4a56ef5380;
    %free S_0x5b4a56ef5380;
    %store/vec4 v0x5b4a56ef4610_0, 0, 18;
    %fork TD_tb_multiply_manager_precision.run_precision, S_0x5b4a56ef2350;
    %join;
    %free S_0x5b4a56ef2350;
    %alloc S_0x5b4a56ef2350;
    %pushi/str "c=(1,1)";
    %store/str v0x5b4a56ef43b0_0;
    %pushi/vec4 0, 0, 1;
    %store/vec4 v0x5b4a56ef3f90_0, 0, 1;
    %pushi/vec4 0, 0, 4;
    %store/vec4 v0x5b4a56ef3710_0, 0, 4;
    %pushi/vec4 6, 0, 5;
    %store/vec4 v0x5b4a56ef42d0_0, 0, 5;
    %pushi/vec4 0, 0, 18;
    %store/vec4 v0x5b4a56ef2ef0_0, 0, 18;
    %pushi/vec4 0, 0, 18;
    %store/vec4 v0x5b4a56ef2ff0_0, 0, 18;
    %alloc S_0x5b4a56ef5380;
    %pushi/real 1073741824, 4066; load=1.00000
    %store/real v0x5b4a56ef5610_0;
    %callf/vec4 TD_tb_multiply_manager_precision.to_q216, S_0x5b4a56ef5380;
    %free S_0x5b4a56ef5380;
    %store/vec4 v0x5b4a56ef4530_0, 0, 18;
    %alloc S_0x5b4a56ef5380;
    %pushi/real 1073741824, 4066; load=1.00000
    %store/real v0x5b4a56ef5610_0;
    %callf/vec4 TD_tb_multiply_manager_precision.to_q216, S_0x5b4a56ef5380;
    %free S_0x5b4a56ef5380;
    %store/vec4 v0x5b4a56ef4610_0, 0, 18;
    %fork TD_tb_multiply_manager_precision.run_precision, S_0x5b4a56ef2350;
    %join;
    %free S_0x5b4a56ef2350;
    %alloc S_0x5b4a56ef2350;
    %pushi/str "c=(-1.8,1.8)";
    %store/str v0x5b4a56ef43b0_0;
    %pushi/vec4 0, 0, 1;
    %store/vec4 v0x5b4a56ef3f90_0, 0, 1;
    %pushi/vec4 0, 0, 4;
    %store/vec4 v0x5b4a56ef3710_0, 0, 4;
    %pushi/vec4 6, 0, 5;
    %store/vec4 v0x5b4a56ef42d0_0, 0, 5;
    %pushi/vec4 0, 0, 18;
    %store/vec4 v0x5b4a56ef2ef0_0, 0, 18;
    %pushi/vec4 0, 0, 18;
    %store/vec4 v0x5b4a56ef2ff0_0, 0, 18;
    %alloc S_0x5b4a56ef5380;
    %pushi/real 1932735283, 20450; load=-1.80000
    %pushi/real 838861, 20428; load=-1.80000
    %add/wr;
    %store/real v0x5b4a56ef5610_0;
    %callf/vec4 TD_tb_multiply_manager_precision.to_q216, S_0x5b4a56ef5380;
    %free S_0x5b4a56ef5380;
    %store/vec4 v0x5b4a56ef4530_0, 0, 18;
    %alloc S_0x5b4a56ef5380;
    %pushi/real 1932735283, 4066; load=1.80000
    %pushi/real 838861, 4044; load=1.80000
    %add/wr;
    %store/real v0x5b4a56ef5610_0;
    %callf/vec4 TD_tb_multiply_manager_precision.to_q216, S_0x5b4a56ef5380;
    %free S_0x5b4a56ef5380;
    %store/vec4 v0x5b4a56ef4610_0, 0, 18;
    %fork TD_tb_multiply_manager_precision.run_precision, S_0x5b4a56ef2350;
    %join;
    %free S_0x5b4a56ef2350;
    %alloc S_0x5b4a56ef2350;
    %pushi/str "c=(-0.125,0.744)";
    %store/str v0x5b4a56ef43b0_0;
    %pushi/vec4 0, 0, 1;
    %store/vec4 v0x5b4a56ef3f90_0, 0, 1;
    %pushi/vec4 0, 0, 4;
    %store/vec4 v0x5b4a56ef3710_0, 0, 4;
    %pushi/vec4 10, 0, 5;
    %store/vec4 v0x5b4a56ef42d0_0, 0, 5;
    %pushi/vec4 0, 0, 18;
    %store/vec4 v0x5b4a56ef2ef0_0, 0, 18;
    %pushi/vec4 0, 0, 18;
    %store/vec4 v0x5b4a56ef2ff0_0, 0, 18;
    %alloc S_0x5b4a56ef5380;
    %pushi/real 1073741824, 20447; load=-0.125000
    %store/real v0x5b4a56ef5610_0;
    %callf/vec4 TD_tb_multiply_manager_precision.to_q216, S_0x5b4a56ef5380;
    %free S_0x5b4a56ef5380;
    %store/vec4 v0x5b4a56ef4530_0, 0, 18;
    %alloc S_0x5b4a56ef5380;
    %pushi/real 1597727834, 4065; load=0.744000
    %pushi/real 469762, 4043; load=0.744000
    %add/wr;
    %store/real v0x5b4a56ef5610_0;
    %callf/vec4 TD_tb_multiply_manager_precision.to_q216, S_0x5b4a56ef5380;
    %free S_0x5b4a56ef5380;
    %store/vec4 v0x5b4a56ef4610_0, 0, 18;
    %fork TD_tb_multiply_manager_precision.run_precision, S_0x5b4a56ef2350;
    %join;
    %free S_0x5b4a56ef2350;
    %alloc S_0x5b4a56ef2350;
    %pushi/str "c=(-0.1011,0.9563)";
    %store/str v0x5b4a56ef43b0_0;
    %pushi/vec4 0, 0, 1;
    %store/vec4 v0x5b4a56ef3f90_0, 0, 1;
    %pushi/vec4 0, 0, 4;
    %store/vec4 v0x5b4a56ef3710_0, 0, 4;
    %pushi/vec4 10, 0, 5;
    %store/vec4 v0x5b4a56ef42d0_0, 0, 5;
    %pushi/vec4 0, 0, 18;
    %store/vec4 v0x5b4a56ef2ef0_0, 0, 18;
    %pushi/vec4 0, 0, 18;
    %store/vec4 v0x5b4a56ef2ff0_0, 0, 18;
    %alloc S_0x5b4a56ef5380;
    %pushi/real 1736884774, 20446; load=-0.101100
    %pushi/real 2107218, 20424; load=-0.101100
    %add/wr;
    %store/real v0x5b4a56ef5610_0;
    %callf/vec4 TD_tb_multiply_manager_precision.to_q216, S_0x5b4a56ef5380;
    %free S_0x5b4a56ef5380;
    %store/vec4 v0x5b4a56ef4530_0, 0, 18;
    %alloc S_0x5b4a56ef5380;
    %pushi/real 2053638612, 4065; load=0.956300
    %pushi/real 2442763, 4043; load=0.956300
    %add/wr;
    %store/real v0x5b4a56ef5610_0;
    %callf/vec4 TD_tb_multiply_manager_precision.to_q216, S_0x5b4a56ef5380;
    %free S_0x5b4a56ef5380;
    %store/vec4 v0x5b4a56ef4610_0, 0, 18;
    %fork TD_tb_multiply_manager_precision.run_precision, S_0x5b4a56ef2350;
    %join;
    %free S_0x5b4a56ef2350;
    %alloc S_0x5b4a56ef2350;
    %pushi/str "c=(-0.75,0)";
    %store/str v0x5b4a56ef43b0_0;
    %pushi/vec4 0, 0, 1;
    %store/vec4 v0x5b4a56ef3f90_0, 0, 1;
    %pushi/vec4 0, 0, 4;
    %store/vec4 v0x5b4a56ef3710_0, 0, 4;
    %pushi/vec4 12, 0, 5;
    %store/vec4 v0x5b4a56ef42d0_0, 0, 5;
    %pushi/vec4 0, 0, 18;
    %store/vec4 v0x5b4a56ef2ef0_0, 0, 18;
    %pushi/vec4 0, 0, 18;
    %store/vec4 v0x5b4a56ef2ff0_0, 0, 18;
    %alloc S_0x5b4a56ef5380;
    %pushi/real 1610612736, 20449; load=-0.750000
    %store/real v0x5b4a56ef5610_0;
    %callf/vec4 TD_tb_multiply_manager_precision.to_q216, S_0x5b4a56ef5380;
    %free S_0x5b4a56ef5380;
    %store/vec4 v0x5b4a56ef4530_0, 0, 18;
    %alloc S_0x5b4a56ef5380;
    %pushi/real 0, 4065; load=0.00000
    %store/real v0x5b4a56ef5610_0;
    %callf/vec4 TD_tb_multiply_manager_precision.to_q216, S_0x5b4a56ef5380;
    %free S_0x5b4a56ef5380;
    %store/vec4 v0x5b4a56ef4610_0, 0, 18;
    %fork TD_tb_multiply_manager_precision.run_precision, S_0x5b4a56ef2350;
    %join;
    %free S_0x5b4a56ef2350;
    %alloc S_0x5b4a56ef2350;
    %pushi/str "boundary_1";
    %store/str v0x5b4a56ef43b0_0;
    %pushi/vec4 0, 0, 1;
    %store/vec4 v0x5b4a56ef3f90_0, 0, 1;
    %pushi/vec4 0, 0, 4;
    %store/vec4 v0x5b4a56ef3710_0, 0, 4;
    %pushi/vec4 12, 0, 5;
    %store/vec4 v0x5b4a56ef42d0_0, 0, 5;
    %pushi/vec4 0, 0, 18;
    %store/vec4 v0x5b4a56ef2ef0_0, 0, 18;
    %pushi/vec4 0, 0, 18;
    %store/vec4 v0x5b4a56ef2ff0_0, 0, 18;
    %alloc S_0x5b4a56ef5380;
    %pushi/real 1596654092, 20449; load=-0.743500
    %pushi/real 1207960, 20427; load=-0.743500
    %add/wr;
    %store/real v0x5b4a56ef5610_0;
    %callf/vec4 TD_tb_multiply_manager_precision.to_q216, S_0x5b4a56ef5380;
    %free S_0x5b4a56ef5380;
    %store/vec4 v0x5b4a56ef4530_0, 0, 18;
    %alloc S_0x5b4a56ef5380;
    %pushi/real 1128717405, 4063; load=0.131400
    %pushi/real 1630745, 4041; load=0.131400
    %add/wr;
    %store/real v0x5b4a56ef5610_0;
    %callf/vec4 TD_tb_multiply_manager_precision.to_q216, S_0x5b4a56ef5380;
    %free S_0x5b4a56ef5380;
    %store/vec4 v0x5b4a56ef4610_0, 0, 18;
    %fork TD_tb_multiply_manager_precision.run_precision, S_0x5b4a56ef2350;
    %join;
    %free S_0x5b4a56ef2350;
    %alloc S_0x5b4a56ef2350;
    %pushi/str "boundary_2";
    %store/str v0x5b4a56ef43b0_0;
    %pushi/vec4 0, 0, 1;
    %store/vec4 v0x5b4a56ef3f90_0, 0, 1;
    %pushi/vec4 0, 0, 4;
    %store/vec4 v0x5b4a56ef3710_0, 0, 4;
    %pushi/vec4 12, 0, 5;
    %store/vec4 v0x5b4a56ef42d0_0, 0, 5;
    %pushi/vec4 0, 0, 18;
    %store/vec4 v0x5b4a56ef2ef0_0, 0, 18;
    %pushi/vec4 0, 0, 18;
    %store/vec4 v0x5b4a56ef2ff0_0, 0, 18;
    %alloc S_0x5b4a56ef5380;
    %pushi/real 1596868840, 20449; load=-0.743600
    %pushi/real 2738042, 20427; load=-0.743600
    %add/wr;
    %store/real v0x5b4a56ef5610_0;
    %callf/vec4 TD_tb_multiply_manager_precision.to_q216, S_0x5b4a56ef5380;
    %free S_0x5b4a56ef5380;
    %store/vec4 v0x5b4a56ef4530_0, 0, 18;
    %alloc S_0x5b4a56ef5380;
    %pushi/real 1129576398, 4063; load=0.131500
    %pushi/real 3556770, 4041; load=0.131500
    %add/wr;
    %store/real v0x5b4a56ef5610_0;
    %callf/vec4 TD_tb_multiply_manager_precision.to_q216, S_0x5b4a56ef5380;
    %free S_0x5b4a56ef5380;
    %store/vec4 v0x5b4a56ef4610_0, 0, 18;
    %fork TD_tb_multiply_manager_precision.run_precision, S_0x5b4a56ef2350;
    %join;
    %free S_0x5b4a56ef2350;
    %alloc S_0x5b4a56ef2350;
    %pushi/str "boundary_3";
    %store/str v0x5b4a56ef43b0_0;
    %pushi/vec4 0, 0, 1;
    %store/vec4 v0x5b4a56ef3f90_0, 0, 1;
    %pushi/vec4 0, 0, 4;
    %store/vec4 v0x5b4a56ef3710_0, 0, 4;
    %pushi/vec4 12, 0, 5;
    %store/vec4 v0x5b4a56ef42d0_0, 0, 5;
    %pushi/vec4 0, 0, 18;
    %store/vec4 v0x5b4a56ef2ef0_0, 0, 18;
    %pushi/vec4 0, 0, 18;
    %store/vec4 v0x5b4a56ef2ff0_0, 0, 18;
    %alloc S_0x5b4a56ef5380;
    %pushi/real 1736816055, 20446; load=-0.101096
    %pushi/real 107643, 20424; load=-0.101096
    %add/wr;
    %store/real v0x5b4a56ef5610_0;
    %callf/vec4 TD_tb_multiply_manager_precision.to_q216, S_0x5b4a56ef5380;
    %free S_0x5b4a56ef5380;
    %store/vec4 v0x5b4a56ef4530_0, 0, 18;
    %alloc S_0x5b4a56ef5380;
    %pushi/real 2053610695, 4065; load=0.956287
    %pushi/real 1237219, 4043; load=0.956287
    %add/wr;
    %store/real v0x5b4a56ef5610_0;
    %callf/vec4 TD_tb_multiply_manager_precision.to_q216, S_0x5b4a56ef5380;
    %free S_0x5b4a56ef5380;
    %store/vec4 v0x5b4a56ef4610_0, 0, 18;
    %fork TD_tb_multiply_manager_precision.run_precision, S_0x5b4a56ef2350;
    %join;
    %free S_0x5b4a56ef2350;
    %alloc S_0x5b4a56ef2350;
    %pushi/str "boundary_4";
    %store/str v0x5b4a56ef43b0_0;
    %pushi/vec4 0, 0, 1;
    %store/vec4 v0x5b4a56ef3f90_0, 0, 1;
    %pushi/vec4 0, 0, 4;
    %store/vec4 v0x5b4a56ef3710_0, 0, 4;
    %pushi/vec4 12, 0, 5;
    %store/vec4 v0x5b4a56ef42d0_0, 0, 5;
    %pushi/vec4 0, 0, 18;
    %store/vec4 v0x5b4a56ef2ef0_0, 0, 18;
    %pushi/vec4 0, 0, 18;
    %store/vec4 v0x5b4a56ef2ff0_0, 0, 18;
    %alloc S_0x5b4a56ef5380;
    %pushi/real 1342885949, 20450; load=-1.25066
    %pushi/real 2532689, 20428; load=-1.25066
    %add/wr;
    %store/real v0x5b4a56ef5610_0;
    %callf/vec4 TD_tb_multiply_manager_precision.to_q216, S_0x5b4a56ef5380;
    %free S_0x5b4a56ef5380;
    %store/vec4 v0x5b4a56ef4530_0, 0, 18;
    %alloc S_0x5b4a56ef5380;
    %pushi/real 1382635871, 4060; load=0.0201200
    %pushi/real 3893656, 4038; load=0.0201200
    %add/wr;
    %store/real v0x5b4a56ef5610_0;
    %callf/vec4 TD_tb_multiply_manager_precision.to_q216, S_0x5b4a56ef5380;
    %free S_0x5b4a56ef5380;
    %store/vec4 v0x5b4a56ef4610_0, 0, 18;
    %fork TD_tb_multiply_manager_precision.run_precision, S_0x5b4a56ef2350;
    %join;
    %free S_0x5b4a56ef2350;
    %alloc S_0x5b4a56ef2350;
    %pushi/str "eps_1";
    %store/str v0x5b4a56ef43b0_0;
    %pushi/vec4 0, 0, 1;
    %store/vec4 v0x5b4a56ef3f90_0, 0, 1;
    %pushi/vec4 0, 0, 4;
    %store/vec4 v0x5b4a56ef3710_0, 0, 4;
    %pushi/vec4 10, 0, 5;
    %store/vec4 v0x5b4a56ef42d0_0, 0, 5;
    %pushi/vec4 0, 0, 18;
    %store/vec4 v0x5b4a56ef2ef0_0, 0, 18;
    %pushi/vec4 0, 0, 18;
    %store/vec4 v0x5b4a56ef2ff0_0, 0, 18;
    %alloc S_0x5b4a56ef5380;
    %pushi/real 1073741824, 4065; load=0.500000
    %store/real v0x5b4a56ef5610_0;
    %callf/vec4 TD_tb_multiply_manager_precision.to_q216, S_0x5b4a56ef5380;
    %free S_0x5b4a56ef5380;
    %store/vec4 v0x5b4a56ef4530_0, 0, 18;
    %alloc S_0x5b4a56ef5380;
    %pushi/real 1073741824, 4065; load=0.500000
    %store/real v0x5b4a56ef5610_0;
    %callf/vec4 TD_tb_multiply_manager_precision.to_q216, S_0x5b4a56ef5380;
    %free S_0x5b4a56ef5380;
    %store/vec4 v0x5b4a56ef4610_0, 0, 18;
    %fork TD_tb_multiply_manager_precision.run_precision, S_0x5b4a56ef2350;
    %join;
    %free S_0x5b4a56ef2350;
    %alloc S_0x5b4a56ef2350;
    %pushi/str "eps_2";
    %store/str v0x5b4a56ef43b0_0;
    %pushi/vec4 0, 0, 1;
    %store/vec4 v0x5b4a56ef3f90_0, 0, 1;
    %pushi/vec4 0, 0, 4;
    %store/vec4 v0x5b4a56ef3710_0, 0, 4;
    %pushi/vec4 10, 0, 5;
    %store/vec4 v0x5b4a56ef42d0_0, 0, 5;
    %pushi/vec4 0, 0, 18;
    %store/vec4 v0x5b4a56ef2ef0_0, 0, 18;
    %pushi/vec4 0, 0, 18;
    %store/vec4 v0x5b4a56ef2ff0_0, 0, 18;
    %alloc S_0x5b4a56ef5380;
    %pushi/real 1073774036, 4065; load=0.500015
    %pushi/real 1068373, 4043; load=0.500015
    %add/wr;
    %store/real v0x5b4a56ef5610_0;
    %callf/vec4 TD_tb_multiply_manager_precision.to_q216, S_0x5b4a56ef5380;
    %free S_0x5b4a56ef5380;
    %store/vec4 v0x5b4a56ef4530_0, 0, 18;
    %alloc S_0x5b4a56ef5380;
    %pushi/real 1073741824, 4065; load=0.500000
    %store/real v0x5b4a56ef5610_0;
    %callf/vec4 TD_tb_multiply_manager_precision.to_q216, S_0x5b4a56ef5380;
    %free S_0x5b4a56ef5380;
    %store/vec4 v0x5b4a56ef4610_0, 0, 18;
    %fork TD_tb_multiply_manager_precision.run_precision, S_0x5b4a56ef2350;
    %join;
    %free S_0x5b4a56ef2350;
    %alloc S_0x5b4a56ef2350;
    %pushi/str "eps_3";
    %store/str v0x5b4a56ef43b0_0;
    %pushi/vec4 0, 0, 1;
    %store/vec4 v0x5b4a56ef3f90_0, 0, 1;
    %pushi/vec4 0, 0, 4;
    %store/vec4 v0x5b4a56ef3710_0, 0, 4;
    %pushi/vec4 10, 0, 5;
    %store/vec4 v0x5b4a56ef42d0_0, 0, 5;
    %pushi/vec4 0, 0, 18;
    %store/vec4 v0x5b4a56ef2ef0_0, 0, 18;
    %pushi/vec4 0, 0, 18;
    %store/vec4 v0x5b4a56ef2ff0_0, 0, 18;
    %alloc S_0x5b4a56ef5380;
    %pushi/real 1073806248, 4065; load=0.500030
    %pushi/real 2136746, 4043; load=0.500030
    %add/wr;
    %store/real v0x5b4a56ef5610_0;
    %callf/vec4 TD_tb_multiply_manager_precision.to_q216, S_0x5b4a56ef5380;
    %free S_0x5b4a56ef5380;
    %store/vec4 v0x5b4a56ef4530_0, 0, 18;
    %alloc S_0x5b4a56ef5380;
    %pushi/real 1073741824, 4065; load=0.500000
    %store/real v0x5b4a56ef5610_0;
    %callf/vec4 TD_tb_multiply_manager_precision.to_q216, S_0x5b4a56ef5380;
    %free S_0x5b4a56ef5380;
    %store/vec4 v0x5b4a56ef4610_0, 0, 18;
    %fork TD_tb_multiply_manager_precision.run_precision, S_0x5b4a56ef2350;
    %join;
    %free S_0x5b4a56ef2350;
    %alloc S_0x5b4a56ef2350;
    %pushi/str "symm(+y)";
    %store/str v0x5b4a56ef43b0_0;
    %pushi/vec4 0, 0, 1;
    %store/vec4 v0x5b4a56ef3f90_0, 0, 1;
    %pushi/vec4 0, 0, 4;
    %store/vec4 v0x5b4a56ef3710_0, 0, 4;
    %pushi/vec4 10, 0, 5;
    %store/vec4 v0x5b4a56ef42d0_0, 0, 5;
    %pushi/vec4 0, 0, 18;
    %store/vec4 v0x5b4a56ef2ef0_0, 0, 18;
    %pushi/vec4 0, 0, 18;
    %store/vec4 v0x5b4a56ef2ff0_0, 0, 18;
    %alloc S_0x5b4a56ef5380;
    %pushi/real 1717986918, 20447; load=-0.200000
    %pushi/real 1677722, 20425; load=-0.200000
    %add/wr;
    %store/real v0x5b4a56ef5610_0;
    %callf/vec4 TD_tb_multiply_manager_precision.to_q216, S_0x5b4a56ef5380;
    %free S_0x5b4a56ef5380;
    %store/vec4 v0x5b4a56ef4530_0, 0, 18;
    %alloc S_0x5b4a56ef5380;
    %pushi/real 1503238553, 4065; load=0.700000
    %pushi/real 2516582, 4043; load=0.700000
    %add/wr;
    %store/real v0x5b4a56ef5610_0;
    %callf/vec4 TD_tb_multiply_manager_precision.to_q216, S_0x5b4a56ef5380;
    %free S_0x5b4a56ef5380;
    %store/vec4 v0x5b4a56ef4610_0, 0, 18;
    %fork TD_tb_multiply_manager_precision.run_precision, S_0x5b4a56ef2350;
    %join;
    %free S_0x5b4a56ef2350;
    %alloc S_0x5b4a56ef2350;
    %pushi/str "symm(-y)";
    %store/str v0x5b4a56ef43b0_0;
    %pushi/vec4 0, 0, 1;
    %store/vec4 v0x5b4a56ef3f90_0, 0, 1;
    %pushi/vec4 0, 0, 4;
    %store/vec4 v0x5b4a56ef3710_0, 0, 4;
    %pushi/vec4 10, 0, 5;
    %store/vec4 v0x5b4a56ef42d0_0, 0, 5;
    %pushi/vec4 0, 0, 18;
    %store/vec4 v0x5b4a56ef2ef0_0, 0, 18;
    %pushi/vec4 0, 0, 18;
    %store/vec4 v0x5b4a56ef2ff0_0, 0, 18;
    %alloc S_0x5b4a56ef5380;
    %pushi/real 1717986918, 20447; load=-0.200000
    %pushi/real 1677722, 20425; load=-0.200000
    %add/wr;
    %store/real v0x5b4a56ef5610_0;
    %callf/vec4 TD_tb_multiply_manager_precision.to_q216, S_0x5b4a56ef5380;
    %free S_0x5b4a56ef5380;
    %store/vec4 v0x5b4a56ef4530_0, 0, 18;
    %alloc S_0x5b4a56ef5380;
    %pushi/real 1503238553, 20449; load=-0.700000
    %pushi/real 2516582, 20427; load=-0.700000
    %add/wr;
    %store/real v0x5b4a56ef5610_0;
    %callf/vec4 TD_tb_multiply_manager_precision.to_q216, S_0x5b4a56ef5380;
    %free S_0x5b4a56ef5380;
    %store/vec4 v0x5b4a56ef4610_0, 0, 18;
    %fork TD_tb_multiply_manager_precision.run_precision, S_0x5b4a56ef2350;
    %join;
    %free S_0x5b4a56ef2350;
    %alloc S_0x5b4a56ef2350;
    %pushi/str "range_max_pos";
    %store/str v0x5b4a56ef43b0_0;
    %pushi/vec4 0, 0, 1;
    %store/vec4 v0x5b4a56ef3f90_0, 0, 1;
    %pushi/vec4 0, 0, 4;
    %store/vec4 v0x5b4a56ef3710_0, 0, 4;
    %pushi/vec4 6, 0, 5;
    %store/vec4 v0x5b4a56ef42d0_0, 0, 5;
    %pushi/vec4 0, 0, 18;
    %store/vec4 v0x5b4a56ef2ef0_0, 0, 18;
    %pushi/vec4 0, 0, 18;
    %store/vec4 v0x5b4a56ef2ff0_0, 0, 18;
    %alloc S_0x5b4a56ef5380;
    %pushi/real 2146409906, 4066; load=1.99900
    %pushi/real 738198, 4044; load=1.99900
    %add/wr;
    %store/real v0x5b4a56ef5610_0;
    %callf/vec4 TD_tb_multiply_manager_precision.to_q216, S_0x5b4a56ef5380;
    %free S_0x5b4a56ef5380;
    %store/vec4 v0x5b4a56ef4530_0, 0, 18;
    %alloc S_0x5b4a56ef5380;
    %pushi/real 2146409906, 4066; load=1.99900
    %pushi/real 738198, 4044; load=1.99900
    %add/wr;
    %store/real v0x5b4a56ef5610_0;
    %callf/vec4 TD_tb_multiply_manager_precision.to_q216, S_0x5b4a56ef5380;
    %free S_0x5b4a56ef5380;
    %store/vec4 v0x5b4a56ef4610_0, 0, 18;
    %fork TD_tb_multiply_manager_precision.run_precision, S_0x5b4a56ef2350;
    %join;
    %free S_0x5b4a56ef2350;
    %alloc S_0x5b4a56ef2350;
    %pushi/str "range_max_neg";
    %store/str v0x5b4a56ef43b0_0;
    %pushi/vec4 0, 0, 1;
    %store/vec4 v0x5b4a56ef3f90_0, 0, 1;
    %pushi/vec4 0, 0, 4;
    %store/vec4 v0x5b4a56ef3710_0, 0, 4;
    %pushi/vec4 6, 0, 5;
    %store/vec4 v0x5b4a56ef42d0_0, 0, 5;
    %pushi/vec4 0, 0, 18;
    %store/vec4 v0x5b4a56ef2ef0_0, 0, 18;
    %pushi/vec4 0, 0, 18;
    %store/vec4 v0x5b4a56ef2ff0_0, 0, 18;
    %alloc S_0x5b4a56ef5380;
    %pushi/real 2146409906, 20450; load=-1.99900
    %pushi/real 738198, 20428; load=-1.99900
    %add/wr;
    %store/real v0x5b4a56ef5610_0;
    %callf/vec4 TD_tb_multiply_manager_precision.to_q216, S_0x5b4a56ef5380;
    %free S_0x5b4a56ef5380;
    %store/vec4 v0x5b4a56ef4530_0, 0, 18;
    %alloc S_0x5b4a56ef5380;
    %pushi/real 2146409906, 20450; load=-1.99900
    %pushi/real 738198, 20428; load=-1.99900
    %add/wr;
    %store/real v0x5b4a56ef5610_0;
    %callf/vec4 TD_tb_multiply_manager_precision.to_q216, S_0x5b4a56ef5380;
    %free S_0x5b4a56ef5380;
    %store/vec4 v0x5b4a56ef4610_0, 0, 18;
    %fork TD_tb_multiply_manager_precision.run_precision, S_0x5b4a56ef2350;
    %join;
    %free S_0x5b4a56ef2350;
    %alloc S_0x5b4a56ef2350;
    %pushi/str "range_mix";
    %store/str v0x5b4a56ef43b0_0;
    %pushi/vec4 0, 0, 1;
    %store/vec4 v0x5b4a56ef3f90_0, 0, 1;
    %pushi/vec4 0, 0, 4;
    %store/vec4 v0x5b4a56ef3710_0, 0, 4;
    %pushi/vec4 6, 0, 5;
    %store/vec4 v0x5b4a56ef42d0_0, 0, 5;
    %pushi/vec4 0, 0, 18;
    %store/vec4 v0x5b4a56ef2ef0_0, 0, 18;
    %pushi/vec4 0, 0, 18;
    %store/vec4 v0x5b4a56ef2ff0_0, 0, 18;
    %alloc S_0x5b4a56ef5380;
    %pushi/real 2146409906, 4066; load=1.99900
    %pushi/real 738198, 4044; load=1.99900
    %add/wr;
    %store/real v0x5b4a56ef5610_0;
    %callf/vec4 TD_tb_multiply_manager_precision.to_q216, S_0x5b4a56ef5380;
    %free S_0x5b4a56ef5380;
    %store/vec4 v0x5b4a56ef4530_0, 0, 18;
    %alloc S_0x5b4a56ef5380;
    %pushi/real 2146409906, 20450; load=-1.99900
    %pushi/real 738198, 20428; load=-1.99900
    %add/wr;
    %store/real v0x5b4a56ef5610_0;
    %callf/vec4 TD_tb_multiply_manager_precision.to_q216, S_0x5b4a56ef5380;
    %free S_0x5b4a56ef5380;
    %store/vec4 v0x5b4a56ef4610_0, 0, 18;
    %fork TD_tb_multiply_manager_precision.run_precision, S_0x5b4a56ef2350;
    %join;
    %free S_0x5b4a56ef2350;
    %alloc S_0x5b4a56ef2350;
    %pushi/str "bship_edge_1";
    %store/str v0x5b4a56ef43b0_0;
    %pushi/vec4 0, 0, 1;
    %store/vec4 v0x5b4a56ef3f90_0, 0, 1;
    %pushi/vec4 12, 0, 4;
    %store/vec4 v0x5b4a56ef3710_0, 0, 4;
    %pushi/vec4 10, 0, 5;
    %store/vec4 v0x5b4a56ef42d0_0, 0, 5;
    %pushi/vec4 0, 0, 18;
    %store/vec4 v0x5b4a56ef2ef0_0, 0, 18;
    %pushi/vec4 0, 0, 18;
    %store/vec4 v0x5b4a56ef2ff0_0, 0, 18;
    %alloc S_0x5b4a56ef5380;
    %pushi/real 1879048192, 20450; load=-1.75000
    %store/real v0x5b4a56ef5610_0;
    %callf/vec4 TD_tb_multiply_manager_precision.to_q216, S_0x5b4a56ef5380;
    %free S_0x5b4a56ef5380;
    %store/vec4 v0x5b4a56ef4530_0, 0, 18;
    %alloc S_0x5b4a56ef5380;
    %pushi/real 2061584302, 20444; load=-0.0300000
    %pushi/real 335544, 20422; load=-0.0300000
    %add/wr;
    %store/real v0x5b4a56ef5610_0;
    %callf/vec4 TD_tb_multiply_manager_precision.to_q216, S_0x5b4a56ef5380;
    %free S_0x5b4a56ef5380;
    %store/vec4 v0x5b4a56ef4610_0, 0, 18;
    %fork TD_tb_multiply_manager_precision.run_precision, S_0x5b4a56ef2350;
    %join;
    %free S_0x5b4a56ef2350;
    %alloc S_0x5b4a56ef2350;
    %pushi/str "bship_edge_2";
    %store/str v0x5b4a56ef43b0_0;
    %pushi/vec4 0, 0, 1;
    %store/vec4 v0x5b4a56ef3f90_0, 0, 1;
    %pushi/vec4 12, 0, 4;
    %store/vec4 v0x5b4a56ef3710_0, 0, 4;
    %pushi/vec4 10, 0, 5;
    %store/vec4 v0x5b4a56ef42d0_0, 0, 5;
    %pushi/vec4 0, 0, 18;
    %store/vec4 v0x5b4a56ef2ef0_0, 0, 18;
    %pushi/vec4 0, 0, 18;
    %store/vec4 v0x5b4a56ef2ff0_0, 0, 18;
    %alloc S_0x5b4a56ef5380;
    %pushi/real 1846835937, 20450; load=-1.72000
    %pushi/real 1174405, 20428; load=-1.72000
    %add/wr;
    %store/real v0x5b4a56ef5610_0;
    %callf/vec4 TD_tb_multiply_manager_precision.to_q216, S_0x5b4a56ef5380;
    %free S_0x5b4a56ef5380;
    %store/vec4 v0x5b4a56ef4530_0, 0, 18;
    %alloc S_0x5b4a56ef5380;
    %pushi/real 1168231104, 20444; load=-0.0170000
    %pushi/real 2147484, 20422; load=-0.0170000
    %add/wr;
    %store/real v0x5b4a56ef5610_0;
    %callf/vec4 TD_tb_multiply_manager_precision.to_q216, S_0x5b4a56ef5380;
    %free S_0x5b4a56ef5380;
    %store/vec4 v0x5b4a56ef4610_0, 0, 18;
    %fork TD_tb_multiply_manager_precision.run_precision, S_0x5b4a56ef2350;
    %join;
    %free S_0x5b4a56ef2350;
    %alloc S_0x5b4a56ef2350;
    %pushi/str "tricorn_edge_1";
    %store/str v0x5b4a56ef43b0_0;
    %pushi/vec4 0, 0, 1;
    %store/vec4 v0x5b4a56ef3f90_0, 0, 1;
    %pushi/vec4 1, 0, 4;
    %store/vec4 v0x5b4a56ef3710_0, 0, 4;
    %pushi/vec4 10, 0, 5;
    %store/vec4 v0x5b4a56ef42d0_0, 0, 5;
    %pushi/vec4 0, 0, 18;
    %store/vec4 v0x5b4a56ef2ef0_0, 0, 18;
    %pushi/vec4 0, 0, 18;
    %store/vec4 v0x5b4a56ef2ff0_0, 0, 18;
    %alloc S_0x5b4a56ef5380;
    %pushi/real 1717986918, 20447; load=-0.200000
    %pushi/real 1677722, 20425; load=-0.200000
    %add/wr;
    %store/real v0x5b4a56ef5610_0;
    %callf/vec4 TD_tb_multiply_manager_precision.to_q216, S_0x5b4a56ef5380;
    %free S_0x5b4a56ef5380;
    %store/vec4 v0x5b4a56ef4530_0, 0, 18;
    %alloc S_0x5b4a56ef5380;
    %pushi/real 1395864371, 4065; load=0.650000
    %pushi/real 838861, 4043; load=0.650000
    %add/wr;
    %store/real v0x5b4a56ef5610_0;
    %callf/vec4 TD_tb_multiply_manager_precision.to_q216, S_0x5b4a56ef5380;
    %free S_0x5b4a56ef5380;
    %store/vec4 v0x5b4a56ef4610_0, 0, 18;
    %fork TD_tb_multiply_manager_precision.run_precision, S_0x5b4a56ef2350;
    %join;
    %free S_0x5b4a56ef2350;
    %alloc S_0x5b4a56ef2350;
    %pushi/str "tricorn_edge_2";
    %store/str v0x5b4a56ef43b0_0;
    %pushi/vec4 0, 0, 1;
    %store/vec4 v0x5b4a56ef3f90_0, 0, 1;
    %pushi/vec4 1, 0, 4;
    %store/vec4 v0x5b4a56ef3710_0, 0, 4;
    %pushi/vec4 10, 0, 5;
    %store/vec4 v0x5b4a56ef42d0_0, 0, 5;
    %pushi/vec4 0, 0, 18;
    %store/vec4 v0x5b4a56ef2ef0_0, 0, 18;
    %pushi/vec4 0, 0, 18;
    %store/vec4 v0x5b4a56ef2ff0_0, 0, 18;
    %alloc S_0x5b4a56ef5380;
    %pushi/real 1288490188, 20447; load=-0.150000
    %pushi/real 3355443, 20425; load=-0.150000
    %add/wr;
    %store/real v0x5b4a56ef5610_0;
    %callf/vec4 TD_tb_multiply_manager_precision.to_q216, S_0x5b4a56ef5380;
    %free S_0x5b4a56ef5380;
    %store/vec4 v0x5b4a56ef4530_0, 0, 18;
    %alloc S_0x5b4a56ef5380;
    %pushi/real 1546188226, 4065; load=0.720000
    %pushi/real 2348810, 4043; load=0.720000
    %add/wr;
    %store/real v0x5b4a56ef5610_0;
    %callf/vec4 TD_tb_multiply_manager_precision.to_q216, S_0x5b4a56ef5380;
    %free S_0x5b4a56ef5380;
    %store/vec4 v0x5b4a56ef4610_0, 0, 18;
    %fork TD_tb_multiply_manager_precision.run_precision, S_0x5b4a56ef2350;
    %join;
    %free S_0x5b4a56ef2350;
    %alloc S_0x5b4a56ef2350;
    %pushi/str "julia_1";
    %store/str v0x5b4a56ef43b0_0;
    %pushi/vec4 1, 0, 1;
    %store/vec4 v0x5b4a56ef3f90_0, 0, 1;
    %pushi/vec4 0, 0, 4;
    %store/vec4 v0x5b4a56ef3710_0, 0, 4;
    %pushi/vec4 10, 0, 5;
    %store/vec4 v0x5b4a56ef42d0_0, 0, 5;
    %alloc S_0x5b4a56ef5380;
    %pushi/real 1717986918, 20448; load=-0.400000
    %pushi/real 1677722, 20426; load=-0.400000
    %add/wr;
    %store/real v0x5b4a56ef5610_0;
    %callf/vec4 TD_tb_multiply_manager_precision.to_q216, S_0x5b4a56ef5380;
    %free S_0x5b4a56ef5380;
    %store/vec4 v0x5b4a56ef2ef0_0, 0, 18;
    %alloc S_0x5b4a56ef5380;
    %pushi/real 1288490188, 4065; load=0.600000
    %pushi/real 3355443, 4043; load=0.600000
    %add/wr;
    %store/real v0x5b4a56ef5610_0;
    %callf/vec4 TD_tb_multiply_manager_precision.to_q216, S_0x5b4a56ef5380;
    %free S_0x5b4a56ef5380;
    %store/vec4 v0x5b4a56ef2ff0_0, 0, 18;
    %alloc S_0x5b4a56ef5380;
    %pushi/real 0, 4065; load=0.00000
    %store/real v0x5b4a56ef5610_0;
    %callf/vec4 TD_tb_multiply_manager_precision.to_q216, S_0x5b4a56ef5380;
    %free S_0x5b4a56ef5380;
    %store/vec4 v0x5b4a56ef4530_0, 0, 18;
    %alloc S_0x5b4a56ef5380;
    %pushi/real 0, 4065; load=0.00000
    %store/real v0x5b4a56ef5610_0;
    %callf/vec4 TD_tb_multiply_manager_precision.to_q216, S_0x5b4a56ef5380;
    %free S_0x5b4a56ef5380;
    %store/vec4 v0x5b4a56ef4610_0, 0, 18;
    %fork TD_tb_multiply_manager_precision.run_precision, S_0x5b4a56ef2350;
    %join;
    %free S_0x5b4a56ef2350;
    %alloc S_0x5b4a56ef2350;
    %pushi/str "julia_2";
    %store/str v0x5b4a56ef43b0_0;
    %pushi/vec4 1, 0, 1;
    %store/vec4 v0x5b4a56ef3f90_0, 0, 1;
    %pushi/vec4 0, 0, 4;
    %store/vec4 v0x5b4a56ef3710_0, 0, 4;
    %pushi/vec4 10, 0, 5;
    %store/vec4 v0x5b4a56ef42d0_0, 0, 5;
    %alloc S_0x5b4a56ef5380;
    %pushi/real 1224065679, 4064; load=0.285000
    %pushi/real 1509949, 4042; load=0.285000
    %add/wr;
    %store/real v0x5b4a56ef5610_0;
    %callf/vec4 TD_tb_multiply_manager_precision.to_q216, S_0x5b4a56ef5380;
    %free S_0x5b4a56ef5380;
    %store/vec4 v0x5b4a56ef2ef0_0, 0, 18;
    %alloc S_0x5b4a56ef5380;
    %pushi/real 1374389534, 4059; load=0.0100000
    %pushi/real 3019899, 4037; load=0.0100000
    %add/wr;
    %store/real v0x5b4a56ef5610_0;
    %callf/vec4 TD_tb_multiply_manager_precision.to_q216, S_0x5b4a56ef5380;
    %free S_0x5b4a56ef5380;
    %store/vec4 v0x5b4a56ef2ff0_0, 0, 18;
    %alloc S_0x5b4a56ef5380;
    %pushi/real 0, 4065; load=0.00000
    %store/real v0x5b4a56ef5610_0;
    %callf/vec4 TD_tb_multiply_manager_precision.to_q216, S_0x5b4a56ef5380;
    %free S_0x5b4a56ef5380;
    %store/vec4 v0x5b4a56ef4530_0, 0, 18;
    %alloc S_0x5b4a56ef5380;
    %pushi/real 0, 4065; load=0.00000
    %store/real v0x5b4a56ef5610_0;
    %callf/vec4 TD_tb_multiply_manager_precision.to_q216, S_0x5b4a56ef5380;
    %free S_0x5b4a56ef5380;
    %store/vec4 v0x5b4a56ef4610_0, 0, 18;
    %fork TD_tb_multiply_manager_precision.run_precision, S_0x5b4a56ef2350;
    %join;
    %free S_0x5b4a56ef2350;
    %alloc S_0x5b4a56ef2350;
    %pushi/str "julia_3";
    %store/str v0x5b4a56ef43b0_0;
    %pushi/vec4 1, 0, 1;
    %store/vec4 v0x5b4a56ef3f90_0, 0, 1;
    %pushi/vec4 0, 0, 4;
    %store/vec4 v0x5b4a56ef3710_0, 0, 4;
    %pushi/vec4 10, 0, 5;
    %store/vec4 v0x5b4a56ef42d0_0, 0, 5;
    %alloc S_0x5b4a56ef5380;
    %pushi/real 1507018124, 20449; load=-0.701760
    %pushi/real 3441343, 20427; load=-0.701760
    %add/wr;
    %store/real v0x5b4a56ef5610_0;
    %callf/vec4 TD_tb_multiply_manager_precision.to_q216, S_0x5b4a56ef5380;
    %free S_0x5b4a56ef5380;
    %store/vec4 v0x5b4a56ef2ef0_0, 0, 18;
    %alloc S_0x5b4a56ef5380;
    %pushi/real 1650126435, 20448; load=-0.384200
    %pushi/real 516738, 20426; load=-0.384200
    %add/wr;
    %store/real v0x5b4a56ef5610_0;
    %callf/vec4 TD_tb_multiply_manager_precision.to_q216, S_0x5b4a56ef5380;
    %free S_0x5b4a56ef5380;
    %store/vec4 v0x5b4a56ef2ff0_0, 0, 18;
    %alloc S_0x5b4a56ef5380;
    %pushi/real 0, 4065; load=0.00000
    %store/real v0x5b4a56ef5610_0;
    %callf/vec4 TD_tb_multiply_manager_precision.to_q216, S_0x5b4a56ef5380;
    %free S_0x5b4a56ef5380;
    %store/vec4 v0x5b4a56ef4530_0, 0, 18;
    %alloc S_0x5b4a56ef5380;
    %pushi/real 0, 4065; load=0.00000
    %store/real v0x5b4a56ef5610_0;
    %callf/vec4 TD_tb_multiply_manager_precision.to_q216, S_0x5b4a56ef5380;
    %free S_0x5b4a56ef5380;
    %store/vec4 v0x5b4a56ef4610_0, 0, 18;
    %fork TD_tb_multiply_manager_precision.run_precision, S_0x5b4a56ef2350;
    %join;
    %free S_0x5b4a56ef2350;
    %vpi_call/w 9 496 "$display", "==== DONE: %0d checks, %0d errors ====", v0x5b4a56ef56d0_0, v0x5b4a56ef5a60_0 {0 0 0};
    %load/vec4 v0x5b4a56ef5a60_0;
    %cmpi/e 0, 0, 32;
    %jmp/0xz  T_28.0, 4;
    %vpi_call/w 9 497 "$display", "==== ALL TESTS PASSED ====" {0 0 0};
    %jmp T_28.1;
T_28.0 ;
    %vpi_call/w 9 498 "$display", "==== %0d FAILURE(S) ====", v0x5b4a56ef5a60_0 {0 0 0};
T_28.1 ;
    %vpi_call/w 9 499 "$finish" {0 0 0};
    %end;
    .thread T_28;
    .scope S_0x5b4a56e9da20;
T_29 ;
    %delay 2820130816, 4;
    %vpi_call/w 9 502 "$display", "==== GLOBAL TIMEOUT ====" {0 0 0};
    %vpi_call/w 9 502 "$finish" {0 0 0};
    %end;
    .thread T_29;
# The file index is used to find the file name in the following table.
:file_names 16;
    "N/A";
    "<interactive>";
    "-";
    "hdl/comparator/comparator.sv";
    "hdl/queues/complete_queue_handler.sv";
    "hdl/queues/complete_queue.sv";
    "hdl/queues/fifo.sv";
    "hdl/queues/job_queue_handler.sv";
    "hdl/queues/job_queue.sv";
    "tb/worker_core/tb_multiply_manager_precision.sv";
    "hdl/worker_core/multiply_manager.sv";
    "hdl/worker_core/max_iteration_flagger.sv";
    "hdl/worker_core/magnitude_comparison_unit.sv";
    "hdl/worker_core/multiply.sv";
    "hdl/worker_core/sum_alter.sv";
    "hdl/worker_core/coord_flagger.sv";
