#! /usr/bin/vvp
:ivl_version "12.0 (stable)";
:ivl_delay_selection "TYPICAL";
:vpi_time_precision - 12;
:vpi_module "/usr/lib/aarch64-linux-gnu/ivl/system.vpi";
:vpi_module "/usr/lib/aarch64-linux-gnu/ivl/vhdl_sys.vpi";
:vpi_module "/usr/lib/aarch64-linux-gnu/ivl/vhdl_textio.vpi";
:vpi_module "/usr/lib/aarch64-linux-gnu/ivl/v2005_math.vpi";
:vpi_module "/usr/lib/aarch64-linux-gnu/ivl/va_math.vpi";
:vpi_module "/usr/lib/aarch64-linux-gnu/ivl/v2009.vpi";
S_0xabdf8d2e1930 .scope package, "$unit" "$unit" 2 1;
 .timescale 0 0;
S_0xabdf8d2289f0 .scope module, "bram_to_dram" "bram_to_dram" 3 4;
 .timescale 0 0;
    .port_info 0 /INPUT 1 "clk";
    .port_info 1 /INPUT 1 "rst";
    .port_info 2 /INPUT 256 "tile_done";
    .port_info 3 /INPUT 1 "engine_done";
    .port_info 4 /OUTPUT 8 "tt_rd_index";
    .port_info 5 /INPUT 1 "tt_is_filled";
    .port_info 6 /INPUT 6 "tt_fill_colour";
    .port_info 7 /OUTPUT 13 "b2d_word_addr";
    .port_info 8 /OUTPUT 1 "b2d_rd_en";
    .port_info 9 /INPUT 1 "b2d_rd_grant";
    .port_info 10 /INPUT 64 "b2d_rd_data";
    .port_info 11 /OUTPUT 32 "axi_wr_addr";
    .port_info 12 /OUTPUT 64 "axi_wr_data";
    .port_info 13 /OUTPUT 1 "axi_wr_en";
    .port_info 14 /INPUT 1 "axi_wr_ready";
    .port_info 15 /OUTPUT 1 "cache_valid_wr_en";
    .port_info 16 /OUTPUT 8 "cache_valid_index";
    .port_info 17 /OUTPUT 1 "cache_valid_value";
    .port_info 18 /INPUT 32 "sixteenth_base_addr";
    .port_info 19 /OUTPUT 1 "sixteenth_complete";
enum0xabdf8d0ba930 .enum4 (3)
   "SCAN" 3'b000,
   "CHECK_TABLE" 3'b001,
   "GENERATE_FILL" 3'b010,
   "BURST_PIPE" 3'b011,
   "PIPE_DRAIN" 3'b100
 ;
L_0xabdf8d233d00 .functor NOT 256, v0xabdf8d0db230_0, C4<0000000000000000000000000000000000000000000000000000000000000000000000000000000000000000000000000000000000000000000000000000000000000000000000000000000000000000000000000000000000000000000000000000000000000000000000000000000000000000000000000000000000000000>, C4<0000000000000000000000000000000000000000000000000000000000000000000000000000000000000000000000000000000000000000000000000000000000000000000000000000000000000000000000000000000000000000000000000000000000000000000000000000000000000000000000000000000000000000>, C4<0000000000000000000000000000000000000000000000000000000000000000000000000000000000000000000000000000000000000000000000000000000000000000000000000000000000000000000000000000000000000000000000000000000000000000000000000000000000000000000000000000000000000000>;
o0xabdf8d2fd458 .functor BUFZ 256, C4<zzzzzzzzzzzzzzzzzzzzzzzzzzzzzzzzzzzzzzzzzzzzzzzzzzzzzzzzzzzzzzzzzzzzzzzzzzzzzzzzzzzzzzzzzzzzzzzzzzzzzzzzzzzzzzzzzzzzzzzzzzzzzzzzzzzzzzzzzzzzzzzzzzzzzzzzzzzzzzzzzzzzzzzzzzzzzzzzzzzzzzzzzzzzzzzzzzzzzzzzzzzzzzzzzzzzzzzzzzzzzzzzzzzzzzzzzzzzzzzzzzzzzzzzzzzzzzzz>; HiZ drive
L_0xabdf8d2d66c0 .functor AND 256, o0xabdf8d2fd458, L_0xabdf8d233d00, C4<1111111111111111111111111111111111111111111111111111111111111111111111111111111111111111111111111111111111111111111111111111111111111111111111111111111111111111111111111111111111111111111111111111111111111111111111111111111111111111111111111111111111111111>, C4<1111111111111111111111111111111111111111111111111111111111111111111111111111111111111111111111111111111111111111111111111111111111111111111111111111111111111111111111111111111111111111111111111111111111111111111111111111111111111111111111111111111111111111>;
L_0xabdf8d2d6cc0 .functor BUFZ 8, v0xabdf8d227930_0, C4<00000000>, C4<00000000>, C4<00000000>;
o0xabdf8d2fd218 .functor BUFZ 1, C4<z>; HiZ drive
L_0xabdf8d2d6fe0 .functor AND 1, L_0xabdf8d480750, o0xabdf8d2fd218, C4<1>, C4<1>;
v0xabdf8d234b30_0 .net *"_ivl_0", 255 0, L_0xabdf8d233d00;  1 drivers
L_0xabdf8d428628 .functor BUFT 1, C4<1111111111111111111111111111111111111111111111111111111111111111111111111111111111111111111111111111111111111111111111111111111111111111111111111111111111111111111111111111111111111111111111111111111111111111111111111111111111111111111111111111111111111111>, C4<0>, C4<0>, C4<0>;
v0xabdf8d2d67e0_0 .net/2u *"_ivl_6", 255 0, L_0xabdf8d428628;  1 drivers
v0xabdf8d2d6de0_0 .net *"_ivl_8", 0 0, L_0xabdf8d480750;  1 drivers
v0xabdf8d2d7140_0 .var "any_pending", 0 0;
v0xabdf8d22bdc0_0 .var "axi_wr_addr", 31 0;
v0xabdf8d17aba0_0 .var "axi_wr_data", 63 0;
v0xabdf8d0e8b90_0 .var "axi_wr_en", 0 0;
o0xabdf8d2fd038 .functor BUFZ 1, C4<z>; HiZ drive
v0xabdf8d226840_0 .net "axi_wr_ready", 0 0, o0xabdf8d2fd038;  0 drivers
o0xabdf8d2fd068 .functor BUFZ 64, C4<zzzzzzzzzzzzzzzzzzzzzzzzzzzzzzzzzzzzzzzzzzzzzzzzzzzzzzzzzzzzzzzz>; HiZ drive
v0xabdf8d0d3d40_0 .net "b2d_rd_data", 63 0, o0xabdf8d2fd068;  0 drivers
v0xabdf8d0d3f40_0 .var "b2d_rd_en", 0 0;
o0xabdf8d2fd0c8 .functor BUFZ 1, C4<z>; HiZ drive
v0xabdf8d0d2020_0 .net "b2d_rd_grant", 0 0, o0xabdf8d2fd0c8;  0 drivers
v0xabdf8d22a820_0 .var "b2d_word_addr", 12 0;
v0xabdf8d2f8c10_0 .var "cache_valid_index", 7 0;
v0xabdf8d094820_0 .var "cache_valid_value", 0 0;
v0xabdf8d0948e0_0 .var "cache_valid_wr_en", 0 0;
o0xabdf8d2fd1b8 .functor BUFZ 1, C4<z>; HiZ drive
v0xabdf8d227870_0 .net "clk", 0 0, o0xabdf8d2fd1b8;  0 drivers
v0xabdf8d227930_0 .var "cur_tile", 7 0;
v0xabdf8d227e80_0 .net "engine_done", 0 0, o0xabdf8d2fd218;  0 drivers
v0xabdf8d227f40_0 .var "fill_count", 4 0;
v0xabdf8d22ad10_0 .var "fill_word", 63 0;
v0xabdf8d22adf0_0 .var "next_tile", 7 0;
v0xabdf8d22b340_0 .net "pending", 255 0, L_0xabdf8d2d66c0;  1 drivers
v0xabdf8d22b420_0 .var "pipe_data", 63 0;
v0xabdf8d0d37b0_0 .var "pipe_valid", 0 0;
v0xabdf8d0d3870_0 .var "rd_count", 4 0;
o0xabdf8d2fd398 .functor BUFZ 1, C4<z>; HiZ drive
v0xabdf8d0d3950_0 .net "rst", 0 0, o0xabdf8d2fd398;  0 drivers
o0xabdf8d2fd3c8 .functor BUFZ 32, C4<zzzzzzzzzzzzzzzzzzzzzzzzzzzzzzzz>; HiZ drive
v0xabdf8d0d3a10_0 .net "sixteenth_base_addr", 31 0, o0xabdf8d2fd3c8;  0 drivers
v0xabdf8d0d3af0_0 .net "sixteenth_complete", 0 0, L_0xabdf8d2d6fe0;  1 drivers
v0xabdf8d0db070_0 .var "state", 2 0;
v0xabdf8d0db150_0 .net "tile_done", 255 0, o0xabdf8d2fd458;  0 drivers
v0xabdf8d0db230_0 .var "transferred", 255 0;
o0xabdf8d2fd4b8 .functor BUFZ 6, C4<zzzzzz>; HiZ drive
v0xabdf8d0db310_0 .net "tt_fill_colour", 5 0, o0xabdf8d2fd4b8;  0 drivers
o0xabdf8d2fd4e8 .functor BUFZ 1, C4<z>; HiZ drive
v0xabdf8d0db3f0_0 .net "tt_is_filled", 0 0, o0xabdf8d2fd4e8;  0 drivers
v0xabdf8d0ddf10_0 .net "tt_rd_index", 7 0, L_0xabdf8d2d6cc0;  1 drivers
v0xabdf8d0ddff0_0 .var "wr_count", 4 0;
E_0xabdf8d0f1570 .event posedge, v0xabdf8d227870_0;
E_0xabdf8d0f1e60 .event anyedge, v0xabdf8d0db310_0;
E_0xabdf8d0ed6e0 .event anyedge, v0xabdf8d22b340_0;
L_0xabdf8d480750 .cmp/eq 256, v0xabdf8d0db230_0, L_0xabdf8d428628;
S_0xabdf8d0cf2e0 .scope begin, "$ivl_for_loop0" "$ivl_for_loop0" 3 68, 3 68 0, S_0xabdf8d2289f0;
 .timescale 0 0;
v0xabdf8d2318c0_0 .var/2s "i", 31 0;
S_0xabdf8d0cf470 .scope begin, "$ivl_for_loop1" "$ivl_for_loop1" 3 83, 3 83 0, S_0xabdf8d2289f0;
 .timescale 0 0;
v0xabdf8d233e20_0 .var/2s "i", 31 0;
S_0xabdf8d1064a0 .scope module, "colour_bram" "colour_bram" 4 4;
 .timescale 0 0;
    .port_info 0 /INPUT 1 "clk";
    .port_info 1 /INPUT 9 "ctrl_rd_x";
    .port_info 2 /INPUT 9 "ctrl_rd_y";
    .port_info 3 /INPUT 1 "ctrl_rd_en";
    .port_info 4 /OUTPUT 8 "ctrl_rd_data";
    .port_info 5 /INPUT 9 "ctrl_wr_x";
    .port_info 6 /INPUT 9 "ctrl_wr_y";
    .port_info 7 /INPUT 1 "ctrl_wr_en";
    .port_info 8 /INPUT 8 "ctrl_wr_data";
    .port_info 9 /INPUT 13 "b2d_word_addr";
    .port_info 10 /INPUT 1 "b2d_rd_en";
    .port_info 11 /OUTPUT 1 "b2d_rd_grant";
    .port_info 12 /OUTPUT 64 "b2d_rd_data";
o0xabdf8d2fdb78 .functor BUFZ 1, C4<z>; HiZ drive
L_0xabdf8d22bca0 .functor AND 1, o0xabdf8d2fdb78, L_0xabdf8d480940, C4<1>, C4<1>;
v0xabdf8d1234d0_0 .net *"_ivl_1", 0 0, L_0xabdf8d480940;  1 drivers
v0xabdf8d1235b0_0 .var "a_byte_off_reg", 2 0;
v0xabdf8d123690_0 .var "a_rd_word", 63 0;
v0xabdf8d0ec910_0 .var "b2d_rd_data", 63 0;
v0xabdf8d0ec9f0_0 .net "b2d_rd_en", 0 0, o0xabdf8d2fdb78;  0 drivers
v0xabdf8d0ecb00_0 .net "b2d_rd_grant", 0 0, L_0xabdf8d22bca0;  1 drivers
o0xabdf8d2fdbd8 .functor BUFZ 13, C4<zzzzzzzzzzzzz>; HiZ drive
v0xabdf8d0ecbc0_0 .net "b2d_word_addr", 12 0, o0xabdf8d2fdbd8;  0 drivers
v0xabdf8d0ecca0_0 .var "b_wr_word", 63 0;
o0xabdf8d2fdc38 .functor BUFZ 1, C4<z>; HiZ drive
v0xabdf8d33cee0_0 .net "clk", 0 0, o0xabdf8d2fdc38;  0 drivers
v0xabdf8d33cf80_0 .var "ctrl_rd_data", 7 0;
o0xabdf8d2fdc98 .functor BUFZ 1, C4<z>; HiZ drive
v0xabdf8d33d020_0 .net "ctrl_rd_en", 0 0, o0xabdf8d2fdc98;  0 drivers
o0xabdf8d2fdcc8 .functor BUFZ 9, C4<zzzzzzzzz>; HiZ drive
v0xabdf8d33d0c0_0 .net "ctrl_rd_x", 8 0, o0xabdf8d2fdcc8;  0 drivers
o0xabdf8d2fdcf8 .functor BUFZ 9, C4<zzzzzzzzz>; HiZ drive
v0xabdf8d33d160_0 .net "ctrl_rd_y", 8 0, o0xabdf8d2fdcf8;  0 drivers
o0xabdf8d2fdd28 .functor BUFZ 8, C4<zzzzzzzz>; HiZ drive
v0xabdf8d33d200_0 .net "ctrl_wr_data", 7 0, o0xabdf8d2fdd28;  0 drivers
o0xabdf8d2fdd58 .functor BUFZ 1, C4<z>; HiZ drive
v0xabdf8d33d2a0_0 .net "ctrl_wr_en", 0 0, o0xabdf8d2fdd58;  0 drivers
o0xabdf8d2fdd88 .functor BUFZ 9, C4<zzzzzzzzz>; HiZ drive
v0xabdf8d33d340_0 .net "ctrl_wr_x", 8 0, o0xabdf8d2fdd88;  0 drivers
o0xabdf8d2fddb8 .functor BUFZ 9, C4<zzzzzzzzz>; HiZ drive
v0xabdf8d33d3e0_0 .net "ctrl_wr_y", 8 0, o0xabdf8d2fddb8;  0 drivers
v0xabdf8d33d480 .array "mem", 8191 0, 63 0;
v0xabdf8d41a960_0 .net "wr_byte_off", 2 0, L_0xabdf8d480a90;  1 drivers
E_0xabdf8d0f2150 .event posedge, v0xabdf8d33cee0_0;
E_0xabdf8d0ee570/0 .event anyedge, v0xabdf8d33d340_0, v0xabdf8d33d3e0_0, v0xabdf8d1233f0_0, v0xabdf8d123330_0;
v0xabdf8d33d480_0 .array/port v0xabdf8d33d480, 0;
E_0xabdf8d0ee570/1 .event anyedge, v0xabdf8d1233f0_0, v0xabdf8d123330_0, v0xabdf8d12ef50_0, v0xabdf8d33d480_0;
v0xabdf8d33d480_1 .array/port v0xabdf8d33d480, 1;
v0xabdf8d33d480_2 .array/port v0xabdf8d33d480, 2;
v0xabdf8d33d480_3 .array/port v0xabdf8d33d480, 3;
v0xabdf8d33d480_4 .array/port v0xabdf8d33d480, 4;
E_0xabdf8d0ee570/2 .event anyedge, v0xabdf8d33d480_1, v0xabdf8d33d480_2, v0xabdf8d33d480_3, v0xabdf8d33d480_4;
v0xabdf8d33d480_5 .array/port v0xabdf8d33d480, 5;
v0xabdf8d33d480_6 .array/port v0xabdf8d33d480, 6;
v0xabdf8d33d480_7 .array/port v0xabdf8d33d480, 7;
v0xabdf8d33d480_8 .array/port v0xabdf8d33d480, 8;
E_0xabdf8d0ee570/3 .event anyedge, v0xabdf8d33d480_5, v0xabdf8d33d480_6, v0xabdf8d33d480_7, v0xabdf8d33d480_8;
v0xabdf8d33d480_9 .array/port v0xabdf8d33d480, 9;
v0xabdf8d33d480_10 .array/port v0xabdf8d33d480, 10;
v0xabdf8d33d480_11 .array/port v0xabdf8d33d480, 11;
v0xabdf8d33d480_12 .array/port v0xabdf8d33d480, 12;
E_0xabdf8d0ee570/4 .event anyedge, v0xabdf8d33d480_9, v0xabdf8d33d480_10, v0xabdf8d33d480_11, v0xabdf8d33d480_12;
v0xabdf8d33d480_13 .array/port v0xabdf8d33d480, 13;
v0xabdf8d33d480_14 .array/port v0xabdf8d33d480, 14;
v0xabdf8d33d480_15 .array/port v0xabdf8d33d480, 15;
v0xabdf8d33d480_16 .array/port v0xabdf8d33d480, 16;
E_0xabdf8d0ee570/5 .event anyedge, v0xabdf8d33d480_13, v0xabdf8d33d480_14, v0xabdf8d33d480_15, v0xabdf8d33d480_16;
v0xabdf8d33d480_17 .array/port v0xabdf8d33d480, 17;
v0xabdf8d33d480_18 .array/port v0xabdf8d33d480, 18;
v0xabdf8d33d480_19 .array/port v0xabdf8d33d480, 19;
v0xabdf8d33d480_20 .array/port v0xabdf8d33d480, 20;
E_0xabdf8d0ee570/6 .event anyedge, v0xabdf8d33d480_17, v0xabdf8d33d480_18, v0xabdf8d33d480_19, v0xabdf8d33d480_20;
v0xabdf8d33d480_21 .array/port v0xabdf8d33d480, 21;
v0xabdf8d33d480_22 .array/port v0xabdf8d33d480, 22;
v0xabdf8d33d480_23 .array/port v0xabdf8d33d480, 23;
v0xabdf8d33d480_24 .array/port v0xabdf8d33d480, 24;
E_0xabdf8d0ee570/7 .event anyedge, v0xabdf8d33d480_21, v0xabdf8d33d480_22, v0xabdf8d33d480_23, v0xabdf8d33d480_24;
v0xabdf8d33d480_25 .array/port v0xabdf8d33d480, 25;
v0xabdf8d33d480_26 .array/port v0xabdf8d33d480, 26;
v0xabdf8d33d480_27 .array/port v0xabdf8d33d480, 27;
v0xabdf8d33d480_28 .array/port v0xabdf8d33d480, 28;
E_0xabdf8d0ee570/8 .event anyedge, v0xabdf8d33d480_25, v0xabdf8d33d480_26, v0xabdf8d33d480_27, v0xabdf8d33d480_28;
v0xabdf8d33d480_29 .array/port v0xabdf8d33d480, 29;
v0xabdf8d33d480_30 .array/port v0xabdf8d33d480, 30;
v0xabdf8d33d480_31 .array/port v0xabdf8d33d480, 31;
v0xabdf8d33d480_32 .array/port v0xabdf8d33d480, 32;
E_0xabdf8d0ee570/9 .event anyedge, v0xabdf8d33d480_29, v0xabdf8d33d480_30, v0xabdf8d33d480_31, v0xabdf8d33d480_32;
v0xabdf8d33d480_33 .array/port v0xabdf8d33d480, 33;
v0xabdf8d33d480_34 .array/port v0xabdf8d33d480, 34;
v0xabdf8d33d480_35 .array/port v0xabdf8d33d480, 35;
v0xabdf8d33d480_36 .array/port v0xabdf8d33d480, 36;
E_0xabdf8d0ee570/10 .event anyedge, v0xabdf8d33d480_33, v0xabdf8d33d480_34, v0xabdf8d33d480_35, v0xabdf8d33d480_36;
v0xabdf8d33d480_37 .array/port v0xabdf8d33d480, 37;
v0xabdf8d33d480_38 .array/port v0xabdf8d33d480, 38;
v0xabdf8d33d480_39 .array/port v0xabdf8d33d480, 39;
v0xabdf8d33d480_40 .array/port v0xabdf8d33d480, 40;
E_0xabdf8d0ee570/11 .event anyedge, v0xabdf8d33d480_37, v0xabdf8d33d480_38, v0xabdf8d33d480_39, v0xabdf8d33d480_40;
v0xabdf8d33d480_41 .array/port v0xabdf8d33d480, 41;
v0xabdf8d33d480_42 .array/port v0xabdf8d33d480, 42;
v0xabdf8d33d480_43 .array/port v0xabdf8d33d480, 43;
v0xabdf8d33d480_44 .array/port v0xabdf8d33d480, 44;
E_0xabdf8d0ee570/12 .event anyedge, v0xabdf8d33d480_41, v0xabdf8d33d480_42, v0xabdf8d33d480_43, v0xabdf8d33d480_44;
v0xabdf8d33d480_45 .array/port v0xabdf8d33d480, 45;
v0xabdf8d33d480_46 .array/port v0xabdf8d33d480, 46;
v0xabdf8d33d480_47 .array/port v0xabdf8d33d480, 47;
v0xabdf8d33d480_48 .array/port v0xabdf8d33d480, 48;
E_0xabdf8d0ee570/13 .event anyedge, v0xabdf8d33d480_45, v0xabdf8d33d480_46, v0xabdf8d33d480_47, v0xabdf8d33d480_48;
v0xabdf8d33d480_49 .array/port v0xabdf8d33d480, 49;
v0xabdf8d33d480_50 .array/port v0xabdf8d33d480, 50;
v0xabdf8d33d480_51 .array/port v0xabdf8d33d480, 51;
v0xabdf8d33d480_52 .array/port v0xabdf8d33d480, 52;
E_0xabdf8d0ee570/14 .event anyedge, v0xabdf8d33d480_49, v0xabdf8d33d480_50, v0xabdf8d33d480_51, v0xabdf8d33d480_52;
v0xabdf8d33d480_53 .array/port v0xabdf8d33d480, 53;
v0xabdf8d33d480_54 .array/port v0xabdf8d33d480, 54;
v0xabdf8d33d480_55 .array/port v0xabdf8d33d480, 55;
v0xabdf8d33d480_56 .array/port v0xabdf8d33d480, 56;
E_0xabdf8d0ee570/15 .event anyedge, v0xabdf8d33d480_53, v0xabdf8d33d480_54, v0xabdf8d33d480_55, v0xabdf8d33d480_56;
v0xabdf8d33d480_57 .array/port v0xabdf8d33d480, 57;
v0xabdf8d33d480_58 .array/port v0xabdf8d33d480, 58;
v0xabdf8d33d480_59 .array/port v0xabdf8d33d480, 59;
v0xabdf8d33d480_60 .array/port v0xabdf8d33d480, 60;
E_0xabdf8d0ee570/16 .event anyedge, v0xabdf8d33d480_57, v0xabdf8d33d480_58, v0xabdf8d33d480_59, v0xabdf8d33d480_60;
v0xabdf8d33d480_61 .array/port v0xabdf8d33d480, 61;
v0xabdf8d33d480_62 .array/port v0xabdf8d33d480, 62;
v0xabdf8d33d480_63 .array/port v0xabdf8d33d480, 63;
v0xabdf8d33d480_64 .array/port v0xabdf8d33d480, 64;
E_0xabdf8d0ee570/17 .event anyedge, v0xabdf8d33d480_61, v0xabdf8d33d480_62, v0xabdf8d33d480_63, v0xabdf8d33d480_64;
v0xabdf8d33d480_65 .array/port v0xabdf8d33d480, 65;
v0xabdf8d33d480_66 .array/port v0xabdf8d33d480, 66;
v0xabdf8d33d480_67 .array/port v0xabdf8d33d480, 67;
v0xabdf8d33d480_68 .array/port v0xabdf8d33d480, 68;
E_0xabdf8d0ee570/18 .event anyedge, v0xabdf8d33d480_65, v0xabdf8d33d480_66, v0xabdf8d33d480_67, v0xabdf8d33d480_68;
v0xabdf8d33d480_69 .array/port v0xabdf8d33d480, 69;
v0xabdf8d33d480_70 .array/port v0xabdf8d33d480, 70;
v0xabdf8d33d480_71 .array/port v0xabdf8d33d480, 71;
v0xabdf8d33d480_72 .array/port v0xabdf8d33d480, 72;
E_0xabdf8d0ee570/19 .event anyedge, v0xabdf8d33d480_69, v0xabdf8d33d480_70, v0xabdf8d33d480_71, v0xabdf8d33d480_72;
v0xabdf8d33d480_73 .array/port v0xabdf8d33d480, 73;
v0xabdf8d33d480_74 .array/port v0xabdf8d33d480, 74;
v0xabdf8d33d480_75 .array/port v0xabdf8d33d480, 75;
v0xabdf8d33d480_76 .array/port v0xabdf8d33d480, 76;
E_0xabdf8d0ee570/20 .event anyedge, v0xabdf8d33d480_73, v0xabdf8d33d480_74, v0xabdf8d33d480_75, v0xabdf8d33d480_76;
v0xabdf8d33d480_77 .array/port v0xabdf8d33d480, 77;
v0xabdf8d33d480_78 .array/port v0xabdf8d33d480, 78;
v0xabdf8d33d480_79 .array/port v0xabdf8d33d480, 79;
v0xabdf8d33d480_80 .array/port v0xabdf8d33d480, 80;
E_0xabdf8d0ee570/21 .event anyedge, v0xabdf8d33d480_77, v0xabdf8d33d480_78, v0xabdf8d33d480_79, v0xabdf8d33d480_80;
v0xabdf8d33d480_81 .array/port v0xabdf8d33d480, 81;
v0xabdf8d33d480_82 .array/port v0xabdf8d33d480, 82;
v0xabdf8d33d480_83 .array/port v0xabdf8d33d480, 83;
v0xabdf8d33d480_84 .array/port v0xabdf8d33d480, 84;
E_0xabdf8d0ee570/22 .event anyedge, v0xabdf8d33d480_81, v0xabdf8d33d480_82, v0xabdf8d33d480_83, v0xabdf8d33d480_84;
v0xabdf8d33d480_85 .array/port v0xabdf8d33d480, 85;
v0xabdf8d33d480_86 .array/port v0xabdf8d33d480, 86;
v0xabdf8d33d480_87 .array/port v0xabdf8d33d480, 87;
v0xabdf8d33d480_88 .array/port v0xabdf8d33d480, 88;
E_0xabdf8d0ee570/23 .event anyedge, v0xabdf8d33d480_85, v0xabdf8d33d480_86, v0xabdf8d33d480_87, v0xabdf8d33d480_88;
v0xabdf8d33d480_89 .array/port v0xabdf8d33d480, 89;
v0xabdf8d33d480_90 .array/port v0xabdf8d33d480, 90;
v0xabdf8d33d480_91 .array/port v0xabdf8d33d480, 91;
v0xabdf8d33d480_92 .array/port v0xabdf8d33d480, 92;
E_0xabdf8d0ee570/24 .event anyedge, v0xabdf8d33d480_89, v0xabdf8d33d480_90, v0xabdf8d33d480_91, v0xabdf8d33d480_92;
v0xabdf8d33d480_93 .array/port v0xabdf8d33d480, 93;
v0xabdf8d33d480_94 .array/port v0xabdf8d33d480, 94;
v0xabdf8d33d480_95 .array/port v0xabdf8d33d480, 95;
v0xabdf8d33d480_96 .array/port v0xabdf8d33d480, 96;
E_0xabdf8d0ee570/25 .event anyedge, v0xabdf8d33d480_93, v0xabdf8d33d480_94, v0xabdf8d33d480_95, v0xabdf8d33d480_96;
v0xabdf8d33d480_97 .array/port v0xabdf8d33d480, 97;
v0xabdf8d33d480_98 .array/port v0xabdf8d33d480, 98;
v0xabdf8d33d480_99 .array/port v0xabdf8d33d480, 99;
v0xabdf8d33d480_100 .array/port v0xabdf8d33d480, 100;
E_0xabdf8d0ee570/26 .event anyedge, v0xabdf8d33d480_97, v0xabdf8d33d480_98, v0xabdf8d33d480_99, v0xabdf8d33d480_100;
v0xabdf8d33d480_101 .array/port v0xabdf8d33d480, 101;
v0xabdf8d33d480_102 .array/port v0xabdf8d33d480, 102;
v0xabdf8d33d480_103 .array/port v0xabdf8d33d480, 103;
v0xabdf8d33d480_104 .array/port v0xabdf8d33d480, 104;
E_0xabdf8d0ee570/27 .event anyedge, v0xabdf8d33d480_101, v0xabdf8d33d480_102, v0xabdf8d33d480_103, v0xabdf8d33d480_104;
v0xabdf8d33d480_105 .array/port v0xabdf8d33d480, 105;
v0xabdf8d33d480_106 .array/port v0xabdf8d33d480, 106;
v0xabdf8d33d480_107 .array/port v0xabdf8d33d480, 107;
v0xabdf8d33d480_108 .array/port v0xabdf8d33d480, 108;
E_0xabdf8d0ee570/28 .event anyedge, v0xabdf8d33d480_105, v0xabdf8d33d480_106, v0xabdf8d33d480_107, v0xabdf8d33d480_108;
v0xabdf8d33d480_109 .array/port v0xabdf8d33d480, 109;
v0xabdf8d33d480_110 .array/port v0xabdf8d33d480, 110;
v0xabdf8d33d480_111 .array/port v0xabdf8d33d480, 111;
v0xabdf8d33d480_112 .array/port v0xabdf8d33d480, 112;
E_0xabdf8d0ee570/29 .event anyedge, v0xabdf8d33d480_109, v0xabdf8d33d480_110, v0xabdf8d33d480_111, v0xabdf8d33d480_112;
v0xabdf8d33d480_113 .array/port v0xabdf8d33d480, 113;
v0xabdf8d33d480_114 .array/port v0xabdf8d33d480, 114;
v0xabdf8d33d480_115 .array/port v0xabdf8d33d480, 115;
v0xabdf8d33d480_116 .array/port v0xabdf8d33d480, 116;
E_0xabdf8d0ee570/30 .event anyedge, v0xabdf8d33d480_113, v0xabdf8d33d480_114, v0xabdf8d33d480_115, v0xabdf8d33d480_116;
v0xabdf8d33d480_117 .array/port v0xabdf8d33d480, 117;
v0xabdf8d33d480_118 .array/port v0xabdf8d33d480, 118;
v0xabdf8d33d480_119 .array/port v0xabdf8d33d480, 119;
v0xabdf8d33d480_120 .array/port v0xabdf8d33d480, 120;
E_0xabdf8d0ee570/31 .event anyedge, v0xabdf8d33d480_117, v0xabdf8d33d480_118, v0xabdf8d33d480_119, v0xabdf8d33d480_120;
v0xabdf8d33d480_121 .array/port v0xabdf8d33d480, 121;
v0xabdf8d33d480_122 .array/port v0xabdf8d33d480, 122;
v0xabdf8d33d480_123 .array/port v0xabdf8d33d480, 123;
v0xabdf8d33d480_124 .array/port v0xabdf8d33d480, 124;
E_0xabdf8d0ee570/32 .event anyedge, v0xabdf8d33d480_121, v0xabdf8d33d480_122, v0xabdf8d33d480_123, v0xabdf8d33d480_124;
v0xabdf8d33d480_125 .array/port v0xabdf8d33d480, 125;
v0xabdf8d33d480_126 .array/port v0xabdf8d33d480, 126;
v0xabdf8d33d480_127 .array/port v0xabdf8d33d480, 127;
v0xabdf8d33d480_128 .array/port v0xabdf8d33d480, 128;
E_0xabdf8d0ee570/33 .event anyedge, v0xabdf8d33d480_125, v0xabdf8d33d480_126, v0xabdf8d33d480_127, v0xabdf8d33d480_128;
v0xabdf8d33d480_129 .array/port v0xabdf8d33d480, 129;
v0xabdf8d33d480_130 .array/port v0xabdf8d33d480, 130;
v0xabdf8d33d480_131 .array/port v0xabdf8d33d480, 131;
v0xabdf8d33d480_132 .array/port v0xabdf8d33d480, 132;
E_0xabdf8d0ee570/34 .event anyedge, v0xabdf8d33d480_129, v0xabdf8d33d480_130, v0xabdf8d33d480_131, v0xabdf8d33d480_132;
v0xabdf8d33d480_133 .array/port v0xabdf8d33d480, 133;
v0xabdf8d33d480_134 .array/port v0xabdf8d33d480, 134;
v0xabdf8d33d480_135 .array/port v0xabdf8d33d480, 135;
v0xabdf8d33d480_136 .array/port v0xabdf8d33d480, 136;
E_0xabdf8d0ee570/35 .event anyedge, v0xabdf8d33d480_133, v0xabdf8d33d480_134, v0xabdf8d33d480_135, v0xabdf8d33d480_136;
v0xabdf8d33d480_137 .array/port v0xabdf8d33d480, 137;
v0xabdf8d33d480_138 .array/port v0xabdf8d33d480, 138;
v0xabdf8d33d480_139 .array/port v0xabdf8d33d480, 139;
v0xabdf8d33d480_140 .array/port v0xabdf8d33d480, 140;
E_0xabdf8d0ee570/36 .event anyedge, v0xabdf8d33d480_137, v0xabdf8d33d480_138, v0xabdf8d33d480_139, v0xabdf8d33d480_140;
v0xabdf8d33d480_141 .array/port v0xabdf8d33d480, 141;
v0xabdf8d33d480_142 .array/port v0xabdf8d33d480, 142;
v0xabdf8d33d480_143 .array/port v0xabdf8d33d480, 143;
v0xabdf8d33d480_144 .array/port v0xabdf8d33d480, 144;
E_0xabdf8d0ee570/37 .event anyedge, v0xabdf8d33d480_141, v0xabdf8d33d480_142, v0xabdf8d33d480_143, v0xabdf8d33d480_144;
v0xabdf8d33d480_145 .array/port v0xabdf8d33d480, 145;
v0xabdf8d33d480_146 .array/port v0xabdf8d33d480, 146;
v0xabdf8d33d480_147 .array/port v0xabdf8d33d480, 147;
v0xabdf8d33d480_148 .array/port v0xabdf8d33d480, 148;
E_0xabdf8d0ee570/38 .event anyedge, v0xabdf8d33d480_145, v0xabdf8d33d480_146, v0xabdf8d33d480_147, v0xabdf8d33d480_148;
v0xabdf8d33d480_149 .array/port v0xabdf8d33d480, 149;
v0xabdf8d33d480_150 .array/port v0xabdf8d33d480, 150;
v0xabdf8d33d480_151 .array/port v0xabdf8d33d480, 151;
v0xabdf8d33d480_152 .array/port v0xabdf8d33d480, 152;
E_0xabdf8d0ee570/39 .event anyedge, v0xabdf8d33d480_149, v0xabdf8d33d480_150, v0xabdf8d33d480_151, v0xabdf8d33d480_152;
v0xabdf8d33d480_153 .array/port v0xabdf8d33d480, 153;
v0xabdf8d33d480_154 .array/port v0xabdf8d33d480, 154;
v0xabdf8d33d480_155 .array/port v0xabdf8d33d480, 155;
v0xabdf8d33d480_156 .array/port v0xabdf8d33d480, 156;
E_0xabdf8d0ee570/40 .event anyedge, v0xabdf8d33d480_153, v0xabdf8d33d480_154, v0xabdf8d33d480_155, v0xabdf8d33d480_156;
v0xabdf8d33d480_157 .array/port v0xabdf8d33d480, 157;
v0xabdf8d33d480_158 .array/port v0xabdf8d33d480, 158;
v0xabdf8d33d480_159 .array/port v0xabdf8d33d480, 159;
v0xabdf8d33d480_160 .array/port v0xabdf8d33d480, 160;
E_0xabdf8d0ee570/41 .event anyedge, v0xabdf8d33d480_157, v0xabdf8d33d480_158, v0xabdf8d33d480_159, v0xabdf8d33d480_160;
v0xabdf8d33d480_161 .array/port v0xabdf8d33d480, 161;
v0xabdf8d33d480_162 .array/port v0xabdf8d33d480, 162;
v0xabdf8d33d480_163 .array/port v0xabdf8d33d480, 163;
v0xabdf8d33d480_164 .array/port v0xabdf8d33d480, 164;
E_0xabdf8d0ee570/42 .event anyedge, v0xabdf8d33d480_161, v0xabdf8d33d480_162, v0xabdf8d33d480_163, v0xabdf8d33d480_164;
v0xabdf8d33d480_165 .array/port v0xabdf8d33d480, 165;
v0xabdf8d33d480_166 .array/port v0xabdf8d33d480, 166;
v0xabdf8d33d480_167 .array/port v0xabdf8d33d480, 167;
v0xabdf8d33d480_168 .array/port v0xabdf8d33d480, 168;
E_0xabdf8d0ee570/43 .event anyedge, v0xabdf8d33d480_165, v0xabdf8d33d480_166, v0xabdf8d33d480_167, v0xabdf8d33d480_168;
v0xabdf8d33d480_169 .array/port v0xabdf8d33d480, 169;
v0xabdf8d33d480_170 .array/port v0xabdf8d33d480, 170;
v0xabdf8d33d480_171 .array/port v0xabdf8d33d480, 171;
v0xabdf8d33d480_172 .array/port v0xabdf8d33d480, 172;
E_0xabdf8d0ee570/44 .event anyedge, v0xabdf8d33d480_169, v0xabdf8d33d480_170, v0xabdf8d33d480_171, v0xabdf8d33d480_172;
v0xabdf8d33d480_173 .array/port v0xabdf8d33d480, 173;
v0xabdf8d33d480_174 .array/port v0xabdf8d33d480, 174;
v0xabdf8d33d480_175 .array/port v0xabdf8d33d480, 175;
v0xabdf8d33d480_176 .array/port v0xabdf8d33d480, 176;
E_0xabdf8d0ee570/45 .event anyedge, v0xabdf8d33d480_173, v0xabdf8d33d480_174, v0xabdf8d33d480_175, v0xabdf8d33d480_176;
v0xabdf8d33d480_177 .array/port v0xabdf8d33d480, 177;
v0xabdf8d33d480_178 .array/port v0xabdf8d33d480, 178;
v0xabdf8d33d480_179 .array/port v0xabdf8d33d480, 179;
v0xabdf8d33d480_180 .array/port v0xabdf8d33d480, 180;
E_0xabdf8d0ee570/46 .event anyedge, v0xabdf8d33d480_177, v0xabdf8d33d480_178, v0xabdf8d33d480_179, v0xabdf8d33d480_180;
v0xabdf8d33d480_181 .array/port v0xabdf8d33d480, 181;
v0xabdf8d33d480_182 .array/port v0xabdf8d33d480, 182;
v0xabdf8d33d480_183 .array/port v0xabdf8d33d480, 183;
v0xabdf8d33d480_184 .array/port v0xabdf8d33d480, 184;
E_0xabdf8d0ee570/47 .event anyedge, v0xabdf8d33d480_181, v0xabdf8d33d480_182, v0xabdf8d33d480_183, v0xabdf8d33d480_184;
v0xabdf8d33d480_185 .array/port v0xabdf8d33d480, 185;
v0xabdf8d33d480_186 .array/port v0xabdf8d33d480, 186;
v0xabdf8d33d480_187 .array/port v0xabdf8d33d480, 187;
v0xabdf8d33d480_188 .array/port v0xabdf8d33d480, 188;
E_0xabdf8d0ee570/48 .event anyedge, v0xabdf8d33d480_185, v0xabdf8d33d480_186, v0xabdf8d33d480_187, v0xabdf8d33d480_188;
v0xabdf8d33d480_189 .array/port v0xabdf8d33d480, 189;
v0xabdf8d33d480_190 .array/port v0xabdf8d33d480, 190;
v0xabdf8d33d480_191 .array/port v0xabdf8d33d480, 191;
v0xabdf8d33d480_192 .array/port v0xabdf8d33d480, 192;
E_0xabdf8d0ee570/49 .event anyedge, v0xabdf8d33d480_189, v0xabdf8d33d480_190, v0xabdf8d33d480_191, v0xabdf8d33d480_192;
v0xabdf8d33d480_193 .array/port v0xabdf8d33d480, 193;
v0xabdf8d33d480_194 .array/port v0xabdf8d33d480, 194;
v0xabdf8d33d480_195 .array/port v0xabdf8d33d480, 195;
v0xabdf8d33d480_196 .array/port v0xabdf8d33d480, 196;
E_0xabdf8d0ee570/50 .event anyedge, v0xabdf8d33d480_193, v0xabdf8d33d480_194, v0xabdf8d33d480_195, v0xabdf8d33d480_196;
v0xabdf8d33d480_197 .array/port v0xabdf8d33d480, 197;
v0xabdf8d33d480_198 .array/port v0xabdf8d33d480, 198;
v0xabdf8d33d480_199 .array/port v0xabdf8d33d480, 199;
v0xabdf8d33d480_200 .array/port v0xabdf8d33d480, 200;
E_0xabdf8d0ee570/51 .event anyedge, v0xabdf8d33d480_197, v0xabdf8d33d480_198, v0xabdf8d33d480_199, v0xabdf8d33d480_200;
v0xabdf8d33d480_201 .array/port v0xabdf8d33d480, 201;
v0xabdf8d33d480_202 .array/port v0xabdf8d33d480, 202;
v0xabdf8d33d480_203 .array/port v0xabdf8d33d480, 203;
v0xabdf8d33d480_204 .array/port v0xabdf8d33d480, 204;
E_0xabdf8d0ee570/52 .event anyedge, v0xabdf8d33d480_201, v0xabdf8d33d480_202, v0xabdf8d33d480_203, v0xabdf8d33d480_204;
v0xabdf8d33d480_205 .array/port v0xabdf8d33d480, 205;
v0xabdf8d33d480_206 .array/port v0xabdf8d33d480, 206;
v0xabdf8d33d480_207 .array/port v0xabdf8d33d480, 207;
v0xabdf8d33d480_208 .array/port v0xabdf8d33d480, 208;
E_0xabdf8d0ee570/53 .event anyedge, v0xabdf8d33d480_205, v0xabdf8d33d480_206, v0xabdf8d33d480_207, v0xabdf8d33d480_208;
v0xabdf8d33d480_209 .array/port v0xabdf8d33d480, 209;
v0xabdf8d33d480_210 .array/port v0xabdf8d33d480, 210;
v0xabdf8d33d480_211 .array/port v0xabdf8d33d480, 211;
v0xabdf8d33d480_212 .array/port v0xabdf8d33d480, 212;
E_0xabdf8d0ee570/54 .event anyedge, v0xabdf8d33d480_209, v0xabdf8d33d480_210, v0xabdf8d33d480_211, v0xabdf8d33d480_212;
v0xabdf8d33d480_213 .array/port v0xabdf8d33d480, 213;
v0xabdf8d33d480_214 .array/port v0xabdf8d33d480, 214;
v0xabdf8d33d480_215 .array/port v0xabdf8d33d480, 215;
v0xabdf8d33d480_216 .array/port v0xabdf8d33d480, 216;
E_0xabdf8d0ee570/55 .event anyedge, v0xabdf8d33d480_213, v0xabdf8d33d480_214, v0xabdf8d33d480_215, v0xabdf8d33d480_216;
v0xabdf8d33d480_217 .array/port v0xabdf8d33d480, 217;
v0xabdf8d33d480_218 .array/port v0xabdf8d33d480, 218;
v0xabdf8d33d480_219 .array/port v0xabdf8d33d480, 219;
v0xabdf8d33d480_220 .array/port v0xabdf8d33d480, 220;
E_0xabdf8d0ee570/56 .event anyedge, v0xabdf8d33d480_217, v0xabdf8d33d480_218, v0xabdf8d33d480_219, v0xabdf8d33d480_220;
v0xabdf8d33d480_221 .array/port v0xabdf8d33d480, 221;
v0xabdf8d33d480_222 .array/port v0xabdf8d33d480, 222;
v0xabdf8d33d480_223 .array/port v0xabdf8d33d480, 223;
v0xabdf8d33d480_224 .array/port v0xabdf8d33d480, 224;
E_0xabdf8d0ee570/57 .event anyedge, v0xabdf8d33d480_221, v0xabdf8d33d480_222, v0xabdf8d33d480_223, v0xabdf8d33d480_224;
v0xabdf8d33d480_225 .array/port v0xabdf8d33d480, 225;
v0xabdf8d33d480_226 .array/port v0xabdf8d33d480, 226;
v0xabdf8d33d480_227 .array/port v0xabdf8d33d480, 227;
v0xabdf8d33d480_228 .array/port v0xabdf8d33d480, 228;
E_0xabdf8d0ee570/58 .event anyedge, v0xabdf8d33d480_225, v0xabdf8d33d480_226, v0xabdf8d33d480_227, v0xabdf8d33d480_228;
v0xabdf8d33d480_229 .array/port v0xabdf8d33d480, 229;
v0xabdf8d33d480_230 .array/port v0xabdf8d33d480, 230;
v0xabdf8d33d480_231 .array/port v0xabdf8d33d480, 231;
v0xabdf8d33d480_232 .array/port v0xabdf8d33d480, 232;
E_0xabdf8d0ee570/59 .event anyedge, v0xabdf8d33d480_229, v0xabdf8d33d480_230, v0xabdf8d33d480_231, v0xabdf8d33d480_232;
v0xabdf8d33d480_233 .array/port v0xabdf8d33d480, 233;
v0xabdf8d33d480_234 .array/port v0xabdf8d33d480, 234;
v0xabdf8d33d480_235 .array/port v0xabdf8d33d480, 235;
v0xabdf8d33d480_236 .array/port v0xabdf8d33d480, 236;
E_0xabdf8d0ee570/60 .event anyedge, v0xabdf8d33d480_233, v0xabdf8d33d480_234, v0xabdf8d33d480_235, v0xabdf8d33d480_236;
v0xabdf8d33d480_237 .array/port v0xabdf8d33d480, 237;
v0xabdf8d33d480_238 .array/port v0xabdf8d33d480, 238;
v0xabdf8d33d480_239 .array/port v0xabdf8d33d480, 239;
v0xabdf8d33d480_240 .array/port v0xabdf8d33d480, 240;
E_0xabdf8d0ee570/61 .event anyedge, v0xabdf8d33d480_237, v0xabdf8d33d480_238, v0xabdf8d33d480_239, v0xabdf8d33d480_240;
v0xabdf8d33d480_241 .array/port v0xabdf8d33d480, 241;
v0xabdf8d33d480_242 .array/port v0xabdf8d33d480, 242;
v0xabdf8d33d480_243 .array/port v0xabdf8d33d480, 243;
v0xabdf8d33d480_244 .array/port v0xabdf8d33d480, 244;
E_0xabdf8d0ee570/62 .event anyedge, v0xabdf8d33d480_241, v0xabdf8d33d480_242, v0xabdf8d33d480_243, v0xabdf8d33d480_244;
v0xabdf8d33d480_245 .array/port v0xabdf8d33d480, 245;
v0xabdf8d33d480_246 .array/port v0xabdf8d33d480, 246;
v0xabdf8d33d480_247 .array/port v0xabdf8d33d480, 247;
v0xabdf8d33d480_248 .array/port v0xabdf8d33d480, 248;
E_0xabdf8d0ee570/63 .event anyedge, v0xabdf8d33d480_245, v0xabdf8d33d480_246, v0xabdf8d33d480_247, v0xabdf8d33d480_248;
v0xabdf8d33d480_249 .array/port v0xabdf8d33d480, 249;
v0xabdf8d33d480_250 .array/port v0xabdf8d33d480, 250;
v0xabdf8d33d480_251 .array/port v0xabdf8d33d480, 251;
v0xabdf8d33d480_252 .array/port v0xabdf8d33d480, 252;
E_0xabdf8d0ee570/64 .event anyedge, v0xabdf8d33d480_249, v0xabdf8d33d480_250, v0xabdf8d33d480_251, v0xabdf8d33d480_252;
v0xabdf8d33d480_253 .array/port v0xabdf8d33d480, 253;
v0xabdf8d33d480_254 .array/port v0xabdf8d33d480, 254;
v0xabdf8d33d480_255 .array/port v0xabdf8d33d480, 255;
v0xabdf8d33d480_256 .array/port v0xabdf8d33d480, 256;
E_0xabdf8d0ee570/65 .event anyedge, v0xabdf8d33d480_253, v0xabdf8d33d480_254, v0xabdf8d33d480_255, v0xabdf8d33d480_256;
v0xabdf8d33d480_257 .array/port v0xabdf8d33d480, 257;
v0xabdf8d33d480_258 .array/port v0xabdf8d33d480, 258;
v0xabdf8d33d480_259 .array/port v0xabdf8d33d480, 259;
v0xabdf8d33d480_260 .array/port v0xabdf8d33d480, 260;
E_0xabdf8d0ee570/66 .event anyedge, v0xabdf8d33d480_257, v0xabdf8d33d480_258, v0xabdf8d33d480_259, v0xabdf8d33d480_260;
v0xabdf8d33d480_261 .array/port v0xabdf8d33d480, 261;
v0xabdf8d33d480_262 .array/port v0xabdf8d33d480, 262;
v0xabdf8d33d480_263 .array/port v0xabdf8d33d480, 263;
v0xabdf8d33d480_264 .array/port v0xabdf8d33d480, 264;
E_0xabdf8d0ee570/67 .event anyedge, v0xabdf8d33d480_261, v0xabdf8d33d480_262, v0xabdf8d33d480_263, v0xabdf8d33d480_264;
v0xabdf8d33d480_265 .array/port v0xabdf8d33d480, 265;
v0xabdf8d33d480_266 .array/port v0xabdf8d33d480, 266;
v0xabdf8d33d480_267 .array/port v0xabdf8d33d480, 267;
v0xabdf8d33d480_268 .array/port v0xabdf8d33d480, 268;
E_0xabdf8d0ee570/68 .event anyedge, v0xabdf8d33d480_265, v0xabdf8d33d480_266, v0xabdf8d33d480_267, v0xabdf8d33d480_268;
v0xabdf8d33d480_269 .array/port v0xabdf8d33d480, 269;
v0xabdf8d33d480_270 .array/port v0xabdf8d33d480, 270;
v0xabdf8d33d480_271 .array/port v0xabdf8d33d480, 271;
v0xabdf8d33d480_272 .array/port v0xabdf8d33d480, 272;
E_0xabdf8d0ee570/69 .event anyedge, v0xabdf8d33d480_269, v0xabdf8d33d480_270, v0xabdf8d33d480_271, v0xabdf8d33d480_272;
v0xabdf8d33d480_273 .array/port v0xabdf8d33d480, 273;
v0xabdf8d33d480_274 .array/port v0xabdf8d33d480, 274;
v0xabdf8d33d480_275 .array/port v0xabdf8d33d480, 275;
v0xabdf8d33d480_276 .array/port v0xabdf8d33d480, 276;
E_0xabdf8d0ee570/70 .event anyedge, v0xabdf8d33d480_273, v0xabdf8d33d480_274, v0xabdf8d33d480_275, v0xabdf8d33d480_276;
v0xabdf8d33d480_277 .array/port v0xabdf8d33d480, 277;
v0xabdf8d33d480_278 .array/port v0xabdf8d33d480, 278;
v0xabdf8d33d480_279 .array/port v0xabdf8d33d480, 279;
v0xabdf8d33d480_280 .array/port v0xabdf8d33d480, 280;
E_0xabdf8d0ee570/71 .event anyedge, v0xabdf8d33d480_277, v0xabdf8d33d480_278, v0xabdf8d33d480_279, v0xabdf8d33d480_280;
v0xabdf8d33d480_281 .array/port v0xabdf8d33d480, 281;
v0xabdf8d33d480_282 .array/port v0xabdf8d33d480, 282;
v0xabdf8d33d480_283 .array/port v0xabdf8d33d480, 283;
v0xabdf8d33d480_284 .array/port v0xabdf8d33d480, 284;
E_0xabdf8d0ee570/72 .event anyedge, v0xabdf8d33d480_281, v0xabdf8d33d480_282, v0xabdf8d33d480_283, v0xabdf8d33d480_284;
v0xabdf8d33d480_285 .array/port v0xabdf8d33d480, 285;
v0xabdf8d33d480_286 .array/port v0xabdf8d33d480, 286;
v0xabdf8d33d480_287 .array/port v0xabdf8d33d480, 287;
v0xabdf8d33d480_288 .array/port v0xabdf8d33d480, 288;
E_0xabdf8d0ee570/73 .event anyedge, v0xabdf8d33d480_285, v0xabdf8d33d480_286, v0xabdf8d33d480_287, v0xabdf8d33d480_288;
v0xabdf8d33d480_289 .array/port v0xabdf8d33d480, 289;
v0xabdf8d33d480_290 .array/port v0xabdf8d33d480, 290;
v0xabdf8d33d480_291 .array/port v0xabdf8d33d480, 291;
v0xabdf8d33d480_292 .array/port v0xabdf8d33d480, 292;
E_0xabdf8d0ee570/74 .event anyedge, v0xabdf8d33d480_289, v0xabdf8d33d480_290, v0xabdf8d33d480_291, v0xabdf8d33d480_292;
v0xabdf8d33d480_293 .array/port v0xabdf8d33d480, 293;
v0xabdf8d33d480_294 .array/port v0xabdf8d33d480, 294;
v0xabdf8d33d480_295 .array/port v0xabdf8d33d480, 295;
v0xabdf8d33d480_296 .array/port v0xabdf8d33d480, 296;
E_0xabdf8d0ee570/75 .event anyedge, v0xabdf8d33d480_293, v0xabdf8d33d480_294, v0xabdf8d33d480_295, v0xabdf8d33d480_296;
v0xabdf8d33d480_297 .array/port v0xabdf8d33d480, 297;
v0xabdf8d33d480_298 .array/port v0xabdf8d33d480, 298;
v0xabdf8d33d480_299 .array/port v0xabdf8d33d480, 299;
v0xabdf8d33d480_300 .array/port v0xabdf8d33d480, 300;
E_0xabdf8d0ee570/76 .event anyedge, v0xabdf8d33d480_297, v0xabdf8d33d480_298, v0xabdf8d33d480_299, v0xabdf8d33d480_300;
v0xabdf8d33d480_301 .array/port v0xabdf8d33d480, 301;
v0xabdf8d33d480_302 .array/port v0xabdf8d33d480, 302;
v0xabdf8d33d480_303 .array/port v0xabdf8d33d480, 303;
v0xabdf8d33d480_304 .array/port v0xabdf8d33d480, 304;
E_0xabdf8d0ee570/77 .event anyedge, v0xabdf8d33d480_301, v0xabdf8d33d480_302, v0xabdf8d33d480_303, v0xabdf8d33d480_304;
v0xabdf8d33d480_305 .array/port v0xabdf8d33d480, 305;
v0xabdf8d33d480_306 .array/port v0xabdf8d33d480, 306;
v0xabdf8d33d480_307 .array/port v0xabdf8d33d480, 307;
v0xabdf8d33d480_308 .array/port v0xabdf8d33d480, 308;
E_0xabdf8d0ee570/78 .event anyedge, v0xabdf8d33d480_305, v0xabdf8d33d480_306, v0xabdf8d33d480_307, v0xabdf8d33d480_308;
v0xabdf8d33d480_309 .array/port v0xabdf8d33d480, 309;
v0xabdf8d33d480_310 .array/port v0xabdf8d33d480, 310;
v0xabdf8d33d480_311 .array/port v0xabdf8d33d480, 311;
v0xabdf8d33d480_312 .array/port v0xabdf8d33d480, 312;
E_0xabdf8d0ee570/79 .event anyedge, v0xabdf8d33d480_309, v0xabdf8d33d480_310, v0xabdf8d33d480_311, v0xabdf8d33d480_312;
v0xabdf8d33d480_313 .array/port v0xabdf8d33d480, 313;
v0xabdf8d33d480_314 .array/port v0xabdf8d33d480, 314;
v0xabdf8d33d480_315 .array/port v0xabdf8d33d480, 315;
v0xabdf8d33d480_316 .array/port v0xabdf8d33d480, 316;
E_0xabdf8d0ee570/80 .event anyedge, v0xabdf8d33d480_313, v0xabdf8d33d480_314, v0xabdf8d33d480_315, v0xabdf8d33d480_316;
v0xabdf8d33d480_317 .array/port v0xabdf8d33d480, 317;
v0xabdf8d33d480_318 .array/port v0xabdf8d33d480, 318;
v0xabdf8d33d480_319 .array/port v0xabdf8d33d480, 319;
v0xabdf8d33d480_320 .array/port v0xabdf8d33d480, 320;
E_0xabdf8d0ee570/81 .event anyedge, v0xabdf8d33d480_317, v0xabdf8d33d480_318, v0xabdf8d33d480_319, v0xabdf8d33d480_320;
v0xabdf8d33d480_321 .array/port v0xabdf8d33d480, 321;
v0xabdf8d33d480_322 .array/port v0xabdf8d33d480, 322;
v0xabdf8d33d480_323 .array/port v0xabdf8d33d480, 323;
v0xabdf8d33d480_324 .array/port v0xabdf8d33d480, 324;
E_0xabdf8d0ee570/82 .event anyedge, v0xabdf8d33d480_321, v0xabdf8d33d480_322, v0xabdf8d33d480_323, v0xabdf8d33d480_324;
v0xabdf8d33d480_325 .array/port v0xabdf8d33d480, 325;
v0xabdf8d33d480_326 .array/port v0xabdf8d33d480, 326;
v0xabdf8d33d480_327 .array/port v0xabdf8d33d480, 327;
v0xabdf8d33d480_328 .array/port v0xabdf8d33d480, 328;
E_0xabdf8d0ee570/83 .event anyedge, v0xabdf8d33d480_325, v0xabdf8d33d480_326, v0xabdf8d33d480_327, v0xabdf8d33d480_328;
v0xabdf8d33d480_329 .array/port v0xabdf8d33d480, 329;
v0xabdf8d33d480_330 .array/port v0xabdf8d33d480, 330;
v0xabdf8d33d480_331 .array/port v0xabdf8d33d480, 331;
v0xabdf8d33d480_332 .array/port v0xabdf8d33d480, 332;
E_0xabdf8d0ee570/84 .event anyedge, v0xabdf8d33d480_329, v0xabdf8d33d480_330, v0xabdf8d33d480_331, v0xabdf8d33d480_332;
v0xabdf8d33d480_333 .array/port v0xabdf8d33d480, 333;
v0xabdf8d33d480_334 .array/port v0xabdf8d33d480, 334;
v0xabdf8d33d480_335 .array/port v0xabdf8d33d480, 335;
v0xabdf8d33d480_336 .array/port v0xabdf8d33d480, 336;
E_0xabdf8d0ee570/85 .event anyedge, v0xabdf8d33d480_333, v0xabdf8d33d480_334, v0xabdf8d33d480_335, v0xabdf8d33d480_336;
v0xabdf8d33d480_337 .array/port v0xabdf8d33d480, 337;
v0xabdf8d33d480_338 .array/port v0xabdf8d33d480, 338;
v0xabdf8d33d480_339 .array/port v0xabdf8d33d480, 339;
v0xabdf8d33d480_340 .array/port v0xabdf8d33d480, 340;
E_0xabdf8d0ee570/86 .event anyedge, v0xabdf8d33d480_337, v0xabdf8d33d480_338, v0xabdf8d33d480_339, v0xabdf8d33d480_340;
v0xabdf8d33d480_341 .array/port v0xabdf8d33d480, 341;
v0xabdf8d33d480_342 .array/port v0xabdf8d33d480, 342;
v0xabdf8d33d480_343 .array/port v0xabdf8d33d480, 343;
v0xabdf8d33d480_344 .array/port v0xabdf8d33d480, 344;
E_0xabdf8d0ee570/87 .event anyedge, v0xabdf8d33d480_341, v0xabdf8d33d480_342, v0xabdf8d33d480_343, v0xabdf8d33d480_344;
v0xabdf8d33d480_345 .array/port v0xabdf8d33d480, 345;
v0xabdf8d33d480_346 .array/port v0xabdf8d33d480, 346;
v0xabdf8d33d480_347 .array/port v0xabdf8d33d480, 347;
v0xabdf8d33d480_348 .array/port v0xabdf8d33d480, 348;
E_0xabdf8d0ee570/88 .event anyedge, v0xabdf8d33d480_345, v0xabdf8d33d480_346, v0xabdf8d33d480_347, v0xabdf8d33d480_348;
v0xabdf8d33d480_349 .array/port v0xabdf8d33d480, 349;
v0xabdf8d33d480_350 .array/port v0xabdf8d33d480, 350;
v0xabdf8d33d480_351 .array/port v0xabdf8d33d480, 351;
v0xabdf8d33d480_352 .array/port v0xabdf8d33d480, 352;
E_0xabdf8d0ee570/89 .event anyedge, v0xabdf8d33d480_349, v0xabdf8d33d480_350, v0xabdf8d33d480_351, v0xabdf8d33d480_352;
v0xabdf8d33d480_353 .array/port v0xabdf8d33d480, 353;
v0xabdf8d33d480_354 .array/port v0xabdf8d33d480, 354;
v0xabdf8d33d480_355 .array/port v0xabdf8d33d480, 355;
v0xabdf8d33d480_356 .array/port v0xabdf8d33d480, 356;
E_0xabdf8d0ee570/90 .event anyedge, v0xabdf8d33d480_353, v0xabdf8d33d480_354, v0xabdf8d33d480_355, v0xabdf8d33d480_356;
v0xabdf8d33d480_357 .array/port v0xabdf8d33d480, 357;
v0xabdf8d33d480_358 .array/port v0xabdf8d33d480, 358;
v0xabdf8d33d480_359 .array/port v0xabdf8d33d480, 359;
v0xabdf8d33d480_360 .array/port v0xabdf8d33d480, 360;
E_0xabdf8d0ee570/91 .event anyedge, v0xabdf8d33d480_357, v0xabdf8d33d480_358, v0xabdf8d33d480_359, v0xabdf8d33d480_360;
v0xabdf8d33d480_361 .array/port v0xabdf8d33d480, 361;
v0xabdf8d33d480_362 .array/port v0xabdf8d33d480, 362;
v0xabdf8d33d480_363 .array/port v0xabdf8d33d480, 363;
v0xabdf8d33d480_364 .array/port v0xabdf8d33d480, 364;
E_0xabdf8d0ee570/92 .event anyedge, v0xabdf8d33d480_361, v0xabdf8d33d480_362, v0xabdf8d33d480_363, v0xabdf8d33d480_364;
v0xabdf8d33d480_365 .array/port v0xabdf8d33d480, 365;
v0xabdf8d33d480_366 .array/port v0xabdf8d33d480, 366;
v0xabdf8d33d480_367 .array/port v0xabdf8d33d480, 367;
v0xabdf8d33d480_368 .array/port v0xabdf8d33d480, 368;
E_0xabdf8d0ee570/93 .event anyedge, v0xabdf8d33d480_365, v0xabdf8d33d480_366, v0xabdf8d33d480_367, v0xabdf8d33d480_368;
v0xabdf8d33d480_369 .array/port v0xabdf8d33d480, 369;
v0xabdf8d33d480_370 .array/port v0xabdf8d33d480, 370;
v0xabdf8d33d480_371 .array/port v0xabdf8d33d480, 371;
v0xabdf8d33d480_372 .array/port v0xabdf8d33d480, 372;
E_0xabdf8d0ee570/94 .event anyedge, v0xabdf8d33d480_369, v0xabdf8d33d480_370, v0xabdf8d33d480_371, v0xabdf8d33d480_372;
v0xabdf8d33d480_373 .array/port v0xabdf8d33d480, 373;
v0xabdf8d33d480_374 .array/port v0xabdf8d33d480, 374;
v0xabdf8d33d480_375 .array/port v0xabdf8d33d480, 375;
v0xabdf8d33d480_376 .array/port v0xabdf8d33d480, 376;
E_0xabdf8d0ee570/95 .event anyedge, v0xabdf8d33d480_373, v0xabdf8d33d480_374, v0xabdf8d33d480_375, v0xabdf8d33d480_376;
v0xabdf8d33d480_377 .array/port v0xabdf8d33d480, 377;
v0xabdf8d33d480_378 .array/port v0xabdf8d33d480, 378;
v0xabdf8d33d480_379 .array/port v0xabdf8d33d480, 379;
v0xabdf8d33d480_380 .array/port v0xabdf8d33d480, 380;
E_0xabdf8d0ee570/96 .event anyedge, v0xabdf8d33d480_377, v0xabdf8d33d480_378, v0xabdf8d33d480_379, v0xabdf8d33d480_380;
v0xabdf8d33d480_381 .array/port v0xabdf8d33d480, 381;
v0xabdf8d33d480_382 .array/port v0xabdf8d33d480, 382;
v0xabdf8d33d480_383 .array/port v0xabdf8d33d480, 383;
v0xabdf8d33d480_384 .array/port v0xabdf8d33d480, 384;
E_0xabdf8d0ee570/97 .event anyedge, v0xabdf8d33d480_381, v0xabdf8d33d480_382, v0xabdf8d33d480_383, v0xabdf8d33d480_384;
v0xabdf8d33d480_385 .array/port v0xabdf8d33d480, 385;
v0xabdf8d33d480_386 .array/port v0xabdf8d33d480, 386;
v0xabdf8d33d480_387 .array/port v0xabdf8d33d480, 387;
v0xabdf8d33d480_388 .array/port v0xabdf8d33d480, 388;
E_0xabdf8d0ee570/98 .event anyedge, v0xabdf8d33d480_385, v0xabdf8d33d480_386, v0xabdf8d33d480_387, v0xabdf8d33d480_388;
v0xabdf8d33d480_389 .array/port v0xabdf8d33d480, 389;
v0xabdf8d33d480_390 .array/port v0xabdf8d33d480, 390;
v0xabdf8d33d480_391 .array/port v0xabdf8d33d480, 391;
v0xabdf8d33d480_392 .array/port v0xabdf8d33d480, 392;
E_0xabdf8d0ee570/99 .event anyedge, v0xabdf8d33d480_389, v0xabdf8d33d480_390, v0xabdf8d33d480_391, v0xabdf8d33d480_392;
v0xabdf8d33d480_393 .array/port v0xabdf8d33d480, 393;
v0xabdf8d33d480_394 .array/port v0xabdf8d33d480, 394;
v0xabdf8d33d480_395 .array/port v0xabdf8d33d480, 395;
v0xabdf8d33d480_396 .array/port v0xabdf8d33d480, 396;
E_0xabdf8d0ee570/100 .event anyedge, v0xabdf8d33d480_393, v0xabdf8d33d480_394, v0xabdf8d33d480_395, v0xabdf8d33d480_396;
v0xabdf8d33d480_397 .array/port v0xabdf8d33d480, 397;
v0xabdf8d33d480_398 .array/port v0xabdf8d33d480, 398;
v0xabdf8d33d480_399 .array/port v0xabdf8d33d480, 399;
v0xabdf8d33d480_400 .array/port v0xabdf8d33d480, 400;
E_0xabdf8d0ee570/101 .event anyedge, v0xabdf8d33d480_397, v0xabdf8d33d480_398, v0xabdf8d33d480_399, v0xabdf8d33d480_400;
v0xabdf8d33d480_401 .array/port v0xabdf8d33d480, 401;
v0xabdf8d33d480_402 .array/port v0xabdf8d33d480, 402;
v0xabdf8d33d480_403 .array/port v0xabdf8d33d480, 403;
v0xabdf8d33d480_404 .array/port v0xabdf8d33d480, 404;
E_0xabdf8d0ee570/102 .event anyedge, v0xabdf8d33d480_401, v0xabdf8d33d480_402, v0xabdf8d33d480_403, v0xabdf8d33d480_404;
v0xabdf8d33d480_405 .array/port v0xabdf8d33d480, 405;
v0xabdf8d33d480_406 .array/port v0xabdf8d33d480, 406;
v0xabdf8d33d480_407 .array/port v0xabdf8d33d480, 407;
v0xabdf8d33d480_408 .array/port v0xabdf8d33d480, 408;
E_0xabdf8d0ee570/103 .event anyedge, v0xabdf8d33d480_405, v0xabdf8d33d480_406, v0xabdf8d33d480_407, v0xabdf8d33d480_408;
v0xabdf8d33d480_409 .array/port v0xabdf8d33d480, 409;
v0xabdf8d33d480_410 .array/port v0xabdf8d33d480, 410;
v0xabdf8d33d480_411 .array/port v0xabdf8d33d480, 411;
v0xabdf8d33d480_412 .array/port v0xabdf8d33d480, 412;
E_0xabdf8d0ee570/104 .event anyedge, v0xabdf8d33d480_409, v0xabdf8d33d480_410, v0xabdf8d33d480_411, v0xabdf8d33d480_412;
v0xabdf8d33d480_413 .array/port v0xabdf8d33d480, 413;
v0xabdf8d33d480_414 .array/port v0xabdf8d33d480, 414;
v0xabdf8d33d480_415 .array/port v0xabdf8d33d480, 415;
v0xabdf8d33d480_416 .array/port v0xabdf8d33d480, 416;
E_0xabdf8d0ee570/105 .event anyedge, v0xabdf8d33d480_413, v0xabdf8d33d480_414, v0xabdf8d33d480_415, v0xabdf8d33d480_416;
v0xabdf8d33d480_417 .array/port v0xabdf8d33d480, 417;
v0xabdf8d33d480_418 .array/port v0xabdf8d33d480, 418;
v0xabdf8d33d480_419 .array/port v0xabdf8d33d480, 419;
v0xabdf8d33d480_420 .array/port v0xabdf8d33d480, 420;
E_0xabdf8d0ee570/106 .event anyedge, v0xabdf8d33d480_417, v0xabdf8d33d480_418, v0xabdf8d33d480_419, v0xabdf8d33d480_420;
v0xabdf8d33d480_421 .array/port v0xabdf8d33d480, 421;
v0xabdf8d33d480_422 .array/port v0xabdf8d33d480, 422;
v0xabdf8d33d480_423 .array/port v0xabdf8d33d480, 423;
v0xabdf8d33d480_424 .array/port v0xabdf8d33d480, 424;
E_0xabdf8d0ee570/107 .event anyedge, v0xabdf8d33d480_421, v0xabdf8d33d480_422, v0xabdf8d33d480_423, v0xabdf8d33d480_424;
v0xabdf8d33d480_425 .array/port v0xabdf8d33d480, 425;
v0xabdf8d33d480_426 .array/port v0xabdf8d33d480, 426;
v0xabdf8d33d480_427 .array/port v0xabdf8d33d480, 427;
v0xabdf8d33d480_428 .array/port v0xabdf8d33d480, 428;
E_0xabdf8d0ee570/108 .event anyedge, v0xabdf8d33d480_425, v0xabdf8d33d480_426, v0xabdf8d33d480_427, v0xabdf8d33d480_428;
v0xabdf8d33d480_429 .array/port v0xabdf8d33d480, 429;
v0xabdf8d33d480_430 .array/port v0xabdf8d33d480, 430;
v0xabdf8d33d480_431 .array/port v0xabdf8d33d480, 431;
v0xabdf8d33d480_432 .array/port v0xabdf8d33d480, 432;
E_0xabdf8d0ee570/109 .event anyedge, v0xabdf8d33d480_429, v0xabdf8d33d480_430, v0xabdf8d33d480_431, v0xabdf8d33d480_432;
v0xabdf8d33d480_433 .array/port v0xabdf8d33d480, 433;
v0xabdf8d33d480_434 .array/port v0xabdf8d33d480, 434;
v0xabdf8d33d480_435 .array/port v0xabdf8d33d480, 435;
v0xabdf8d33d480_436 .array/port v0xabdf8d33d480, 436;
E_0xabdf8d0ee570/110 .event anyedge, v0xabdf8d33d480_433, v0xabdf8d33d480_434, v0xabdf8d33d480_435, v0xabdf8d33d480_436;
v0xabdf8d33d480_437 .array/port v0xabdf8d33d480, 437;
v0xabdf8d33d480_438 .array/port v0xabdf8d33d480, 438;
v0xabdf8d33d480_439 .array/port v0xabdf8d33d480, 439;
v0xabdf8d33d480_440 .array/port v0xabdf8d33d480, 440;
E_0xabdf8d0ee570/111 .event anyedge, v0xabdf8d33d480_437, v0xabdf8d33d480_438, v0xabdf8d33d480_439, v0xabdf8d33d480_440;
v0xabdf8d33d480_441 .array/port v0xabdf8d33d480, 441;
v0xabdf8d33d480_442 .array/port v0xabdf8d33d480, 442;
v0xabdf8d33d480_443 .array/port v0xabdf8d33d480, 443;
v0xabdf8d33d480_444 .array/port v0xabdf8d33d480, 444;
E_0xabdf8d0ee570/112 .event anyedge, v0xabdf8d33d480_441, v0xabdf8d33d480_442, v0xabdf8d33d480_443, v0xabdf8d33d480_444;
v0xabdf8d33d480_445 .array/port v0xabdf8d33d480, 445;
v0xabdf8d33d480_446 .array/port v0xabdf8d33d480, 446;
v0xabdf8d33d480_447 .array/port v0xabdf8d33d480, 447;
v0xabdf8d33d480_448 .array/port v0xabdf8d33d480, 448;
E_0xabdf8d0ee570/113 .event anyedge, v0xabdf8d33d480_445, v0xabdf8d33d480_446, v0xabdf8d33d480_447, v0xabdf8d33d480_448;
v0xabdf8d33d480_449 .array/port v0xabdf8d33d480, 449;
v0xabdf8d33d480_450 .array/port v0xabdf8d33d480, 450;
v0xabdf8d33d480_451 .array/port v0xabdf8d33d480, 451;
v0xabdf8d33d480_452 .array/port v0xabdf8d33d480, 452;
E_0xabdf8d0ee570/114 .event anyedge, v0xabdf8d33d480_449, v0xabdf8d33d480_450, v0xabdf8d33d480_451, v0xabdf8d33d480_452;
v0xabdf8d33d480_453 .array/port v0xabdf8d33d480, 453;
v0xabdf8d33d480_454 .array/port v0xabdf8d33d480, 454;
v0xabdf8d33d480_455 .array/port v0xabdf8d33d480, 455;
v0xabdf8d33d480_456 .array/port v0xabdf8d33d480, 456;
E_0xabdf8d0ee570/115 .event anyedge, v0xabdf8d33d480_453, v0xabdf8d33d480_454, v0xabdf8d33d480_455, v0xabdf8d33d480_456;
v0xabdf8d33d480_457 .array/port v0xabdf8d33d480, 457;
v0xabdf8d33d480_458 .array/port v0xabdf8d33d480, 458;
v0xabdf8d33d480_459 .array/port v0xabdf8d33d480, 459;
v0xabdf8d33d480_460 .array/port v0xabdf8d33d480, 460;
E_0xabdf8d0ee570/116 .event anyedge, v0xabdf8d33d480_457, v0xabdf8d33d480_458, v0xabdf8d33d480_459, v0xabdf8d33d480_460;
v0xabdf8d33d480_461 .array/port v0xabdf8d33d480, 461;
v0xabdf8d33d480_462 .array/port v0xabdf8d33d480, 462;
v0xabdf8d33d480_463 .array/port v0xabdf8d33d480, 463;
v0xabdf8d33d480_464 .array/port v0xabdf8d33d480, 464;
E_0xabdf8d0ee570/117 .event anyedge, v0xabdf8d33d480_461, v0xabdf8d33d480_462, v0xabdf8d33d480_463, v0xabdf8d33d480_464;
v0xabdf8d33d480_465 .array/port v0xabdf8d33d480, 465;
v0xabdf8d33d480_466 .array/port v0xabdf8d33d480, 466;
v0xabdf8d33d480_467 .array/port v0xabdf8d33d480, 467;
v0xabdf8d33d480_468 .array/port v0xabdf8d33d480, 468;
E_0xabdf8d0ee570/118 .event anyedge, v0xabdf8d33d480_465, v0xabdf8d33d480_466, v0xabdf8d33d480_467, v0xabdf8d33d480_468;
v0xabdf8d33d480_469 .array/port v0xabdf8d33d480, 469;
v0xabdf8d33d480_470 .array/port v0xabdf8d33d480, 470;
v0xabdf8d33d480_471 .array/port v0xabdf8d33d480, 471;
v0xabdf8d33d480_472 .array/port v0xabdf8d33d480, 472;
E_0xabdf8d0ee570/119 .event anyedge, v0xabdf8d33d480_469, v0xabdf8d33d480_470, v0xabdf8d33d480_471, v0xabdf8d33d480_472;
v0xabdf8d33d480_473 .array/port v0xabdf8d33d480, 473;
v0xabdf8d33d480_474 .array/port v0xabdf8d33d480, 474;
v0xabdf8d33d480_475 .array/port v0xabdf8d33d480, 475;
v0xabdf8d33d480_476 .array/port v0xabdf8d33d480, 476;
E_0xabdf8d0ee570/120 .event anyedge, v0xabdf8d33d480_473, v0xabdf8d33d480_474, v0xabdf8d33d480_475, v0xabdf8d33d480_476;
v0xabdf8d33d480_477 .array/port v0xabdf8d33d480, 477;
v0xabdf8d33d480_478 .array/port v0xabdf8d33d480, 478;
v0xabdf8d33d480_479 .array/port v0xabdf8d33d480, 479;
v0xabdf8d33d480_480 .array/port v0xabdf8d33d480, 480;
E_0xabdf8d0ee570/121 .event anyedge, v0xabdf8d33d480_477, v0xabdf8d33d480_478, v0xabdf8d33d480_479, v0xabdf8d33d480_480;
v0xabdf8d33d480_481 .array/port v0xabdf8d33d480, 481;
v0xabdf8d33d480_482 .array/port v0xabdf8d33d480, 482;
v0xabdf8d33d480_483 .array/port v0xabdf8d33d480, 483;
v0xabdf8d33d480_484 .array/port v0xabdf8d33d480, 484;
E_0xabdf8d0ee570/122 .event anyedge, v0xabdf8d33d480_481, v0xabdf8d33d480_482, v0xabdf8d33d480_483, v0xabdf8d33d480_484;
v0xabdf8d33d480_485 .array/port v0xabdf8d33d480, 485;
v0xabdf8d33d480_486 .array/port v0xabdf8d33d480, 486;
v0xabdf8d33d480_487 .array/port v0xabdf8d33d480, 487;
v0xabdf8d33d480_488 .array/port v0xabdf8d33d480, 488;
E_0xabdf8d0ee570/123 .event anyedge, v0xabdf8d33d480_485, v0xabdf8d33d480_486, v0xabdf8d33d480_487, v0xabdf8d33d480_488;
v0xabdf8d33d480_489 .array/port v0xabdf8d33d480, 489;
v0xabdf8d33d480_490 .array/port v0xabdf8d33d480, 490;
v0xabdf8d33d480_491 .array/port v0xabdf8d33d480, 491;
v0xabdf8d33d480_492 .array/port v0xabdf8d33d480, 492;
E_0xabdf8d0ee570/124 .event anyedge, v0xabdf8d33d480_489, v0xabdf8d33d480_490, v0xabdf8d33d480_491, v0xabdf8d33d480_492;
v0xabdf8d33d480_493 .array/port v0xabdf8d33d480, 493;
v0xabdf8d33d480_494 .array/port v0xabdf8d33d480, 494;
v0xabdf8d33d480_495 .array/port v0xabdf8d33d480, 495;
v0xabdf8d33d480_496 .array/port v0xabdf8d33d480, 496;
E_0xabdf8d0ee570/125 .event anyedge, v0xabdf8d33d480_493, v0xabdf8d33d480_494, v0xabdf8d33d480_495, v0xabdf8d33d480_496;
v0xabdf8d33d480_497 .array/port v0xabdf8d33d480, 497;
v0xabdf8d33d480_498 .array/port v0xabdf8d33d480, 498;
v0xabdf8d33d480_499 .array/port v0xabdf8d33d480, 499;
v0xabdf8d33d480_500 .array/port v0xabdf8d33d480, 500;
E_0xabdf8d0ee570/126 .event anyedge, v0xabdf8d33d480_497, v0xabdf8d33d480_498, v0xabdf8d33d480_499, v0xabdf8d33d480_500;
v0xabdf8d33d480_501 .array/port v0xabdf8d33d480, 501;
v0xabdf8d33d480_502 .array/port v0xabdf8d33d480, 502;
v0xabdf8d33d480_503 .array/port v0xabdf8d33d480, 503;
v0xabdf8d33d480_504 .array/port v0xabdf8d33d480, 504;
E_0xabdf8d0ee570/127 .event anyedge, v0xabdf8d33d480_501, v0xabdf8d33d480_502, v0xabdf8d33d480_503, v0xabdf8d33d480_504;
v0xabdf8d33d480_505 .array/port v0xabdf8d33d480, 505;
v0xabdf8d33d480_506 .array/port v0xabdf8d33d480, 506;
v0xabdf8d33d480_507 .array/port v0xabdf8d33d480, 507;
v0xabdf8d33d480_508 .array/port v0xabdf8d33d480, 508;
E_0xabdf8d0ee570/128 .event anyedge, v0xabdf8d33d480_505, v0xabdf8d33d480_506, v0xabdf8d33d480_507, v0xabdf8d33d480_508;
v0xabdf8d33d480_509 .array/port v0xabdf8d33d480, 509;
v0xabdf8d33d480_510 .array/port v0xabdf8d33d480, 510;
v0xabdf8d33d480_511 .array/port v0xabdf8d33d480, 511;
v0xabdf8d33d480_512 .array/port v0xabdf8d33d480, 512;
E_0xabdf8d0ee570/129 .event anyedge, v0xabdf8d33d480_509, v0xabdf8d33d480_510, v0xabdf8d33d480_511, v0xabdf8d33d480_512;
v0xabdf8d33d480_513 .array/port v0xabdf8d33d480, 513;
v0xabdf8d33d480_514 .array/port v0xabdf8d33d480, 514;
v0xabdf8d33d480_515 .array/port v0xabdf8d33d480, 515;
v0xabdf8d33d480_516 .array/port v0xabdf8d33d480, 516;
E_0xabdf8d0ee570/130 .event anyedge, v0xabdf8d33d480_513, v0xabdf8d33d480_514, v0xabdf8d33d480_515, v0xabdf8d33d480_516;
v0xabdf8d33d480_517 .array/port v0xabdf8d33d480, 517;
v0xabdf8d33d480_518 .array/port v0xabdf8d33d480, 518;
v0xabdf8d33d480_519 .array/port v0xabdf8d33d480, 519;
v0xabdf8d33d480_520 .array/port v0xabdf8d33d480, 520;
E_0xabdf8d0ee570/131 .event anyedge, v0xabdf8d33d480_517, v0xabdf8d33d480_518, v0xabdf8d33d480_519, v0xabdf8d33d480_520;
v0xabdf8d33d480_521 .array/port v0xabdf8d33d480, 521;
v0xabdf8d33d480_522 .array/port v0xabdf8d33d480, 522;
v0xabdf8d33d480_523 .array/port v0xabdf8d33d480, 523;
v0xabdf8d33d480_524 .array/port v0xabdf8d33d480, 524;
E_0xabdf8d0ee570/132 .event anyedge, v0xabdf8d33d480_521, v0xabdf8d33d480_522, v0xabdf8d33d480_523, v0xabdf8d33d480_524;
v0xabdf8d33d480_525 .array/port v0xabdf8d33d480, 525;
v0xabdf8d33d480_526 .array/port v0xabdf8d33d480, 526;
v0xabdf8d33d480_527 .array/port v0xabdf8d33d480, 527;
v0xabdf8d33d480_528 .array/port v0xabdf8d33d480, 528;
E_0xabdf8d0ee570/133 .event anyedge, v0xabdf8d33d480_525, v0xabdf8d33d480_526, v0xabdf8d33d480_527, v0xabdf8d33d480_528;
v0xabdf8d33d480_529 .array/port v0xabdf8d33d480, 529;
v0xabdf8d33d480_530 .array/port v0xabdf8d33d480, 530;
v0xabdf8d33d480_531 .array/port v0xabdf8d33d480, 531;
v0xabdf8d33d480_532 .array/port v0xabdf8d33d480, 532;
E_0xabdf8d0ee570/134 .event anyedge, v0xabdf8d33d480_529, v0xabdf8d33d480_530, v0xabdf8d33d480_531, v0xabdf8d33d480_532;
v0xabdf8d33d480_533 .array/port v0xabdf8d33d480, 533;
v0xabdf8d33d480_534 .array/port v0xabdf8d33d480, 534;
v0xabdf8d33d480_535 .array/port v0xabdf8d33d480, 535;
v0xabdf8d33d480_536 .array/port v0xabdf8d33d480, 536;
E_0xabdf8d0ee570/135 .event anyedge, v0xabdf8d33d480_533, v0xabdf8d33d480_534, v0xabdf8d33d480_535, v0xabdf8d33d480_536;
v0xabdf8d33d480_537 .array/port v0xabdf8d33d480, 537;
v0xabdf8d33d480_538 .array/port v0xabdf8d33d480, 538;
v0xabdf8d33d480_539 .array/port v0xabdf8d33d480, 539;
v0xabdf8d33d480_540 .array/port v0xabdf8d33d480, 540;
E_0xabdf8d0ee570/136 .event anyedge, v0xabdf8d33d480_537, v0xabdf8d33d480_538, v0xabdf8d33d480_539, v0xabdf8d33d480_540;
v0xabdf8d33d480_541 .array/port v0xabdf8d33d480, 541;
v0xabdf8d33d480_542 .array/port v0xabdf8d33d480, 542;
v0xabdf8d33d480_543 .array/port v0xabdf8d33d480, 543;
v0xabdf8d33d480_544 .array/port v0xabdf8d33d480, 544;
E_0xabdf8d0ee570/137 .event anyedge, v0xabdf8d33d480_541, v0xabdf8d33d480_542, v0xabdf8d33d480_543, v0xabdf8d33d480_544;
v0xabdf8d33d480_545 .array/port v0xabdf8d33d480, 545;
v0xabdf8d33d480_546 .array/port v0xabdf8d33d480, 546;
v0xabdf8d33d480_547 .array/port v0xabdf8d33d480, 547;
v0xabdf8d33d480_548 .array/port v0xabdf8d33d480, 548;
E_0xabdf8d0ee570/138 .event anyedge, v0xabdf8d33d480_545, v0xabdf8d33d480_546, v0xabdf8d33d480_547, v0xabdf8d33d480_548;
v0xabdf8d33d480_549 .array/port v0xabdf8d33d480, 549;
v0xabdf8d33d480_550 .array/port v0xabdf8d33d480, 550;
v0xabdf8d33d480_551 .array/port v0xabdf8d33d480, 551;
v0xabdf8d33d480_552 .array/port v0xabdf8d33d480, 552;
E_0xabdf8d0ee570/139 .event anyedge, v0xabdf8d33d480_549, v0xabdf8d33d480_550, v0xabdf8d33d480_551, v0xabdf8d33d480_552;
v0xabdf8d33d480_553 .array/port v0xabdf8d33d480, 553;
v0xabdf8d33d480_554 .array/port v0xabdf8d33d480, 554;
v0xabdf8d33d480_555 .array/port v0xabdf8d33d480, 555;
v0xabdf8d33d480_556 .array/port v0xabdf8d33d480, 556;
E_0xabdf8d0ee570/140 .event anyedge, v0xabdf8d33d480_553, v0xabdf8d33d480_554, v0xabdf8d33d480_555, v0xabdf8d33d480_556;
v0xabdf8d33d480_557 .array/port v0xabdf8d33d480, 557;
v0xabdf8d33d480_558 .array/port v0xabdf8d33d480, 558;
v0xabdf8d33d480_559 .array/port v0xabdf8d33d480, 559;
v0xabdf8d33d480_560 .array/port v0xabdf8d33d480, 560;
E_0xabdf8d0ee570/141 .event anyedge, v0xabdf8d33d480_557, v0xabdf8d33d480_558, v0xabdf8d33d480_559, v0xabdf8d33d480_560;
v0xabdf8d33d480_561 .array/port v0xabdf8d33d480, 561;
v0xabdf8d33d480_562 .array/port v0xabdf8d33d480, 562;
v0xabdf8d33d480_563 .array/port v0xabdf8d33d480, 563;
v0xabdf8d33d480_564 .array/port v0xabdf8d33d480, 564;
E_0xabdf8d0ee570/142 .event anyedge, v0xabdf8d33d480_561, v0xabdf8d33d480_562, v0xabdf8d33d480_563, v0xabdf8d33d480_564;
v0xabdf8d33d480_565 .array/port v0xabdf8d33d480, 565;
v0xabdf8d33d480_566 .array/port v0xabdf8d33d480, 566;
v0xabdf8d33d480_567 .array/port v0xabdf8d33d480, 567;
v0xabdf8d33d480_568 .array/port v0xabdf8d33d480, 568;
E_0xabdf8d0ee570/143 .event anyedge, v0xabdf8d33d480_565, v0xabdf8d33d480_566, v0xabdf8d33d480_567, v0xabdf8d33d480_568;
v0xabdf8d33d480_569 .array/port v0xabdf8d33d480, 569;
v0xabdf8d33d480_570 .array/port v0xabdf8d33d480, 570;
v0xabdf8d33d480_571 .array/port v0xabdf8d33d480, 571;
v0xabdf8d33d480_572 .array/port v0xabdf8d33d480, 572;
E_0xabdf8d0ee570/144 .event anyedge, v0xabdf8d33d480_569, v0xabdf8d33d480_570, v0xabdf8d33d480_571, v0xabdf8d33d480_572;
v0xabdf8d33d480_573 .array/port v0xabdf8d33d480, 573;
v0xabdf8d33d480_574 .array/port v0xabdf8d33d480, 574;
v0xabdf8d33d480_575 .array/port v0xabdf8d33d480, 575;
v0xabdf8d33d480_576 .array/port v0xabdf8d33d480, 576;
E_0xabdf8d0ee570/145 .event anyedge, v0xabdf8d33d480_573, v0xabdf8d33d480_574, v0xabdf8d33d480_575, v0xabdf8d33d480_576;
v0xabdf8d33d480_577 .array/port v0xabdf8d33d480, 577;
v0xabdf8d33d480_578 .array/port v0xabdf8d33d480, 578;
v0xabdf8d33d480_579 .array/port v0xabdf8d33d480, 579;
v0xabdf8d33d480_580 .array/port v0xabdf8d33d480, 580;
E_0xabdf8d0ee570/146 .event anyedge, v0xabdf8d33d480_577, v0xabdf8d33d480_578, v0xabdf8d33d480_579, v0xabdf8d33d480_580;
v0xabdf8d33d480_581 .array/port v0xabdf8d33d480, 581;
v0xabdf8d33d480_582 .array/port v0xabdf8d33d480, 582;
v0xabdf8d33d480_583 .array/port v0xabdf8d33d480, 583;
v0xabdf8d33d480_584 .array/port v0xabdf8d33d480, 584;
E_0xabdf8d0ee570/147 .event anyedge, v0xabdf8d33d480_581, v0xabdf8d33d480_582, v0xabdf8d33d480_583, v0xabdf8d33d480_584;
v0xabdf8d33d480_585 .array/port v0xabdf8d33d480, 585;
v0xabdf8d33d480_586 .array/port v0xabdf8d33d480, 586;
v0xabdf8d33d480_587 .array/port v0xabdf8d33d480, 587;
v0xabdf8d33d480_588 .array/port v0xabdf8d33d480, 588;
E_0xabdf8d0ee570/148 .event anyedge, v0xabdf8d33d480_585, v0xabdf8d33d480_586, v0xabdf8d33d480_587, v0xabdf8d33d480_588;
v0xabdf8d33d480_589 .array/port v0xabdf8d33d480, 589;
v0xabdf8d33d480_590 .array/port v0xabdf8d33d480, 590;
v0xabdf8d33d480_591 .array/port v0xabdf8d33d480, 591;
v0xabdf8d33d480_592 .array/port v0xabdf8d33d480, 592;
E_0xabdf8d0ee570/149 .event anyedge, v0xabdf8d33d480_589, v0xabdf8d33d480_590, v0xabdf8d33d480_591, v0xabdf8d33d480_592;
v0xabdf8d33d480_593 .array/port v0xabdf8d33d480, 593;
v0xabdf8d33d480_594 .array/port v0xabdf8d33d480, 594;
v0xabdf8d33d480_595 .array/port v0xabdf8d33d480, 595;
v0xabdf8d33d480_596 .array/port v0xabdf8d33d480, 596;
E_0xabdf8d0ee570/150 .event anyedge, v0xabdf8d33d480_593, v0xabdf8d33d480_594, v0xabdf8d33d480_595, v0xabdf8d33d480_596;
v0xabdf8d33d480_597 .array/port v0xabdf8d33d480, 597;
v0xabdf8d33d480_598 .array/port v0xabdf8d33d480, 598;
v0xabdf8d33d480_599 .array/port v0xabdf8d33d480, 599;
v0xabdf8d33d480_600 .array/port v0xabdf8d33d480, 600;
E_0xabdf8d0ee570/151 .event anyedge, v0xabdf8d33d480_597, v0xabdf8d33d480_598, v0xabdf8d33d480_599, v0xabdf8d33d480_600;
v0xabdf8d33d480_601 .array/port v0xabdf8d33d480, 601;
v0xabdf8d33d480_602 .array/port v0xabdf8d33d480, 602;
v0xabdf8d33d480_603 .array/port v0xabdf8d33d480, 603;
v0xabdf8d33d480_604 .array/port v0xabdf8d33d480, 604;
E_0xabdf8d0ee570/152 .event anyedge, v0xabdf8d33d480_601, v0xabdf8d33d480_602, v0xabdf8d33d480_603, v0xabdf8d33d480_604;
v0xabdf8d33d480_605 .array/port v0xabdf8d33d480, 605;
v0xabdf8d33d480_606 .array/port v0xabdf8d33d480, 606;
v0xabdf8d33d480_607 .array/port v0xabdf8d33d480, 607;
v0xabdf8d33d480_608 .array/port v0xabdf8d33d480, 608;
E_0xabdf8d0ee570/153 .event anyedge, v0xabdf8d33d480_605, v0xabdf8d33d480_606, v0xabdf8d33d480_607, v0xabdf8d33d480_608;
v0xabdf8d33d480_609 .array/port v0xabdf8d33d480, 609;
v0xabdf8d33d480_610 .array/port v0xabdf8d33d480, 610;
v0xabdf8d33d480_611 .array/port v0xabdf8d33d480, 611;
v0xabdf8d33d480_612 .array/port v0xabdf8d33d480, 612;
E_0xabdf8d0ee570/154 .event anyedge, v0xabdf8d33d480_609, v0xabdf8d33d480_610, v0xabdf8d33d480_611, v0xabdf8d33d480_612;
v0xabdf8d33d480_613 .array/port v0xabdf8d33d480, 613;
v0xabdf8d33d480_614 .array/port v0xabdf8d33d480, 614;
v0xabdf8d33d480_615 .array/port v0xabdf8d33d480, 615;
v0xabdf8d33d480_616 .array/port v0xabdf8d33d480, 616;
E_0xabdf8d0ee570/155 .event anyedge, v0xabdf8d33d480_613, v0xabdf8d33d480_614, v0xabdf8d33d480_615, v0xabdf8d33d480_616;
v0xabdf8d33d480_617 .array/port v0xabdf8d33d480, 617;
v0xabdf8d33d480_618 .array/port v0xabdf8d33d480, 618;
v0xabdf8d33d480_619 .array/port v0xabdf8d33d480, 619;
v0xabdf8d33d480_620 .array/port v0xabdf8d33d480, 620;
E_0xabdf8d0ee570/156 .event anyedge, v0xabdf8d33d480_617, v0xabdf8d33d480_618, v0xabdf8d33d480_619, v0xabdf8d33d480_620;
v0xabdf8d33d480_621 .array/port v0xabdf8d33d480, 621;
v0xabdf8d33d480_622 .array/port v0xabdf8d33d480, 622;
v0xabdf8d33d480_623 .array/port v0xabdf8d33d480, 623;
v0xabdf8d33d480_624 .array/port v0xabdf8d33d480, 624;
E_0xabdf8d0ee570/157 .event anyedge, v0xabdf8d33d480_621, v0xabdf8d33d480_622, v0xabdf8d33d480_623, v0xabdf8d33d480_624;
v0xabdf8d33d480_625 .array/port v0xabdf8d33d480, 625;
v0xabdf8d33d480_626 .array/port v0xabdf8d33d480, 626;
v0xabdf8d33d480_627 .array/port v0xabdf8d33d480, 627;
v0xabdf8d33d480_628 .array/port v0xabdf8d33d480, 628;
E_0xabdf8d0ee570/158 .event anyedge, v0xabdf8d33d480_625, v0xabdf8d33d480_626, v0xabdf8d33d480_627, v0xabdf8d33d480_628;
v0xabdf8d33d480_629 .array/port v0xabdf8d33d480, 629;
v0xabdf8d33d480_630 .array/port v0xabdf8d33d480, 630;
v0xabdf8d33d480_631 .array/port v0xabdf8d33d480, 631;
v0xabdf8d33d480_632 .array/port v0xabdf8d33d480, 632;
E_0xabdf8d0ee570/159 .event anyedge, v0xabdf8d33d480_629, v0xabdf8d33d480_630, v0xabdf8d33d480_631, v0xabdf8d33d480_632;
v0xabdf8d33d480_633 .array/port v0xabdf8d33d480, 633;
v0xabdf8d33d480_634 .array/port v0xabdf8d33d480, 634;
v0xabdf8d33d480_635 .array/port v0xabdf8d33d480, 635;
v0xabdf8d33d480_636 .array/port v0xabdf8d33d480, 636;
E_0xabdf8d0ee570/160 .event anyedge, v0xabdf8d33d480_633, v0xabdf8d33d480_634, v0xabdf8d33d480_635, v0xabdf8d33d480_636;
v0xabdf8d33d480_637 .array/port v0xabdf8d33d480, 637;
v0xabdf8d33d480_638 .array/port v0xabdf8d33d480, 638;
v0xabdf8d33d480_639 .array/port v0xabdf8d33d480, 639;
v0xabdf8d33d480_640 .array/port v0xabdf8d33d480, 640;
E_0xabdf8d0ee570/161 .event anyedge, v0xabdf8d33d480_637, v0xabdf8d33d480_638, v0xabdf8d33d480_639, v0xabdf8d33d480_640;
v0xabdf8d33d480_641 .array/port v0xabdf8d33d480, 641;
v0xabdf8d33d480_642 .array/port v0xabdf8d33d480, 642;
v0xabdf8d33d480_643 .array/port v0xabdf8d33d480, 643;
v0xabdf8d33d480_644 .array/port v0xabdf8d33d480, 644;
E_0xabdf8d0ee570/162 .event anyedge, v0xabdf8d33d480_641, v0xabdf8d33d480_642, v0xabdf8d33d480_643, v0xabdf8d33d480_644;
v0xabdf8d33d480_645 .array/port v0xabdf8d33d480, 645;
v0xabdf8d33d480_646 .array/port v0xabdf8d33d480, 646;
v0xabdf8d33d480_647 .array/port v0xabdf8d33d480, 647;
v0xabdf8d33d480_648 .array/port v0xabdf8d33d480, 648;
E_0xabdf8d0ee570/163 .event anyedge, v0xabdf8d33d480_645, v0xabdf8d33d480_646, v0xabdf8d33d480_647, v0xabdf8d33d480_648;
v0xabdf8d33d480_649 .array/port v0xabdf8d33d480, 649;
v0xabdf8d33d480_650 .array/port v0xabdf8d33d480, 650;
v0xabdf8d33d480_651 .array/port v0xabdf8d33d480, 651;
v0xabdf8d33d480_652 .array/port v0xabdf8d33d480, 652;
E_0xabdf8d0ee570/164 .event anyedge, v0xabdf8d33d480_649, v0xabdf8d33d480_650, v0xabdf8d33d480_651, v0xabdf8d33d480_652;
v0xabdf8d33d480_653 .array/port v0xabdf8d33d480, 653;
v0xabdf8d33d480_654 .array/port v0xabdf8d33d480, 654;
v0xabdf8d33d480_655 .array/port v0xabdf8d33d480, 655;
v0xabdf8d33d480_656 .array/port v0xabdf8d33d480, 656;
E_0xabdf8d0ee570/165 .event anyedge, v0xabdf8d33d480_653, v0xabdf8d33d480_654, v0xabdf8d33d480_655, v0xabdf8d33d480_656;
v0xabdf8d33d480_657 .array/port v0xabdf8d33d480, 657;
v0xabdf8d33d480_658 .array/port v0xabdf8d33d480, 658;
v0xabdf8d33d480_659 .array/port v0xabdf8d33d480, 659;
v0xabdf8d33d480_660 .array/port v0xabdf8d33d480, 660;
E_0xabdf8d0ee570/166 .event anyedge, v0xabdf8d33d480_657, v0xabdf8d33d480_658, v0xabdf8d33d480_659, v0xabdf8d33d480_660;
v0xabdf8d33d480_661 .array/port v0xabdf8d33d480, 661;
v0xabdf8d33d480_662 .array/port v0xabdf8d33d480, 662;
v0xabdf8d33d480_663 .array/port v0xabdf8d33d480, 663;
v0xabdf8d33d480_664 .array/port v0xabdf8d33d480, 664;
E_0xabdf8d0ee570/167 .event anyedge, v0xabdf8d33d480_661, v0xabdf8d33d480_662, v0xabdf8d33d480_663, v0xabdf8d33d480_664;
v0xabdf8d33d480_665 .array/port v0xabdf8d33d480, 665;
v0xabdf8d33d480_666 .array/port v0xabdf8d33d480, 666;
v0xabdf8d33d480_667 .array/port v0xabdf8d33d480, 667;
v0xabdf8d33d480_668 .array/port v0xabdf8d33d480, 668;
E_0xabdf8d0ee570/168 .event anyedge, v0xabdf8d33d480_665, v0xabdf8d33d480_666, v0xabdf8d33d480_667, v0xabdf8d33d480_668;
v0xabdf8d33d480_669 .array/port v0xabdf8d33d480, 669;
v0xabdf8d33d480_670 .array/port v0xabdf8d33d480, 670;
v0xabdf8d33d480_671 .array/port v0xabdf8d33d480, 671;
v0xabdf8d33d480_672 .array/port v0xabdf8d33d480, 672;
E_0xabdf8d0ee570/169 .event anyedge, v0xabdf8d33d480_669, v0xabdf8d33d480_670, v0xabdf8d33d480_671, v0xabdf8d33d480_672;
v0xabdf8d33d480_673 .array/port v0xabdf8d33d480, 673;
v0xabdf8d33d480_674 .array/port v0xabdf8d33d480, 674;
v0xabdf8d33d480_675 .array/port v0xabdf8d33d480, 675;
v0xabdf8d33d480_676 .array/port v0xabdf8d33d480, 676;
E_0xabdf8d0ee570/170 .event anyedge, v0xabdf8d33d480_673, v0xabdf8d33d480_674, v0xabdf8d33d480_675, v0xabdf8d33d480_676;
v0xabdf8d33d480_677 .array/port v0xabdf8d33d480, 677;
v0xabdf8d33d480_678 .array/port v0xabdf8d33d480, 678;
v0xabdf8d33d480_679 .array/port v0xabdf8d33d480, 679;
v0xabdf8d33d480_680 .array/port v0xabdf8d33d480, 680;
E_0xabdf8d0ee570/171 .event anyedge, v0xabdf8d33d480_677, v0xabdf8d33d480_678, v0xabdf8d33d480_679, v0xabdf8d33d480_680;
v0xabdf8d33d480_681 .array/port v0xabdf8d33d480, 681;
v0xabdf8d33d480_682 .array/port v0xabdf8d33d480, 682;
v0xabdf8d33d480_683 .array/port v0xabdf8d33d480, 683;
v0xabdf8d33d480_684 .array/port v0xabdf8d33d480, 684;
E_0xabdf8d0ee570/172 .event anyedge, v0xabdf8d33d480_681, v0xabdf8d33d480_682, v0xabdf8d33d480_683, v0xabdf8d33d480_684;
v0xabdf8d33d480_685 .array/port v0xabdf8d33d480, 685;
v0xabdf8d33d480_686 .array/port v0xabdf8d33d480, 686;
v0xabdf8d33d480_687 .array/port v0xabdf8d33d480, 687;
v0xabdf8d33d480_688 .array/port v0xabdf8d33d480, 688;
E_0xabdf8d0ee570/173 .event anyedge, v0xabdf8d33d480_685, v0xabdf8d33d480_686, v0xabdf8d33d480_687, v0xabdf8d33d480_688;
v0xabdf8d33d480_689 .array/port v0xabdf8d33d480, 689;
v0xabdf8d33d480_690 .array/port v0xabdf8d33d480, 690;
v0xabdf8d33d480_691 .array/port v0xabdf8d33d480, 691;
v0xabdf8d33d480_692 .array/port v0xabdf8d33d480, 692;
E_0xabdf8d0ee570/174 .event anyedge, v0xabdf8d33d480_689, v0xabdf8d33d480_690, v0xabdf8d33d480_691, v0xabdf8d33d480_692;
v0xabdf8d33d480_693 .array/port v0xabdf8d33d480, 693;
v0xabdf8d33d480_694 .array/port v0xabdf8d33d480, 694;
v0xabdf8d33d480_695 .array/port v0xabdf8d33d480, 695;
v0xabdf8d33d480_696 .array/port v0xabdf8d33d480, 696;
E_0xabdf8d0ee570/175 .event anyedge, v0xabdf8d33d480_693, v0xabdf8d33d480_694, v0xabdf8d33d480_695, v0xabdf8d33d480_696;
v0xabdf8d33d480_697 .array/port v0xabdf8d33d480, 697;
v0xabdf8d33d480_698 .array/port v0xabdf8d33d480, 698;
v0xabdf8d33d480_699 .array/port v0xabdf8d33d480, 699;
v0xabdf8d33d480_700 .array/port v0xabdf8d33d480, 700;
E_0xabdf8d0ee570/176 .event anyedge, v0xabdf8d33d480_697, v0xabdf8d33d480_698, v0xabdf8d33d480_699, v0xabdf8d33d480_700;
v0xabdf8d33d480_701 .array/port v0xabdf8d33d480, 701;
v0xabdf8d33d480_702 .array/port v0xabdf8d33d480, 702;
v0xabdf8d33d480_703 .array/port v0xabdf8d33d480, 703;
v0xabdf8d33d480_704 .array/port v0xabdf8d33d480, 704;
E_0xabdf8d0ee570/177 .event anyedge, v0xabdf8d33d480_701, v0xabdf8d33d480_702, v0xabdf8d33d480_703, v0xabdf8d33d480_704;
v0xabdf8d33d480_705 .array/port v0xabdf8d33d480, 705;
v0xabdf8d33d480_706 .array/port v0xabdf8d33d480, 706;
v0xabdf8d33d480_707 .array/port v0xabdf8d33d480, 707;
v0xabdf8d33d480_708 .array/port v0xabdf8d33d480, 708;
E_0xabdf8d0ee570/178 .event anyedge, v0xabdf8d33d480_705, v0xabdf8d33d480_706, v0xabdf8d33d480_707, v0xabdf8d33d480_708;
v0xabdf8d33d480_709 .array/port v0xabdf8d33d480, 709;
v0xabdf8d33d480_710 .array/port v0xabdf8d33d480, 710;
v0xabdf8d33d480_711 .array/port v0xabdf8d33d480, 711;
v0xabdf8d33d480_712 .array/port v0xabdf8d33d480, 712;
E_0xabdf8d0ee570/179 .event anyedge, v0xabdf8d33d480_709, v0xabdf8d33d480_710, v0xabdf8d33d480_711, v0xabdf8d33d480_712;
v0xabdf8d33d480_713 .array/port v0xabdf8d33d480, 713;
v0xabdf8d33d480_714 .array/port v0xabdf8d33d480, 714;
v0xabdf8d33d480_715 .array/port v0xabdf8d33d480, 715;
v0xabdf8d33d480_716 .array/port v0xabdf8d33d480, 716;
E_0xabdf8d0ee570/180 .event anyedge, v0xabdf8d33d480_713, v0xabdf8d33d480_714, v0xabdf8d33d480_715, v0xabdf8d33d480_716;
v0xabdf8d33d480_717 .array/port v0xabdf8d33d480, 717;
v0xabdf8d33d480_718 .array/port v0xabdf8d33d480, 718;
v0xabdf8d33d480_719 .array/port v0xabdf8d33d480, 719;
v0xabdf8d33d480_720 .array/port v0xabdf8d33d480, 720;
E_0xabdf8d0ee570/181 .event anyedge, v0xabdf8d33d480_717, v0xabdf8d33d480_718, v0xabdf8d33d480_719, v0xabdf8d33d480_720;
v0xabdf8d33d480_721 .array/port v0xabdf8d33d480, 721;
v0xabdf8d33d480_722 .array/port v0xabdf8d33d480, 722;
v0xabdf8d33d480_723 .array/port v0xabdf8d33d480, 723;
v0xabdf8d33d480_724 .array/port v0xabdf8d33d480, 724;
E_0xabdf8d0ee570/182 .event anyedge, v0xabdf8d33d480_721, v0xabdf8d33d480_722, v0xabdf8d33d480_723, v0xabdf8d33d480_724;
v0xabdf8d33d480_725 .array/port v0xabdf8d33d480, 725;
v0xabdf8d33d480_726 .array/port v0xabdf8d33d480, 726;
v0xabdf8d33d480_727 .array/port v0xabdf8d33d480, 727;
v0xabdf8d33d480_728 .array/port v0xabdf8d33d480, 728;
E_0xabdf8d0ee570/183 .event anyedge, v0xabdf8d33d480_725, v0xabdf8d33d480_726, v0xabdf8d33d480_727, v0xabdf8d33d480_728;
v0xabdf8d33d480_729 .array/port v0xabdf8d33d480, 729;
v0xabdf8d33d480_730 .array/port v0xabdf8d33d480, 730;
v0xabdf8d33d480_731 .array/port v0xabdf8d33d480, 731;
v0xabdf8d33d480_732 .array/port v0xabdf8d33d480, 732;
E_0xabdf8d0ee570/184 .event anyedge, v0xabdf8d33d480_729, v0xabdf8d33d480_730, v0xabdf8d33d480_731, v0xabdf8d33d480_732;
v0xabdf8d33d480_733 .array/port v0xabdf8d33d480, 733;
v0xabdf8d33d480_734 .array/port v0xabdf8d33d480, 734;
v0xabdf8d33d480_735 .array/port v0xabdf8d33d480, 735;
v0xabdf8d33d480_736 .array/port v0xabdf8d33d480, 736;
E_0xabdf8d0ee570/185 .event anyedge, v0xabdf8d33d480_733, v0xabdf8d33d480_734, v0xabdf8d33d480_735, v0xabdf8d33d480_736;
v0xabdf8d33d480_737 .array/port v0xabdf8d33d480, 737;
v0xabdf8d33d480_738 .array/port v0xabdf8d33d480, 738;
v0xabdf8d33d480_739 .array/port v0xabdf8d33d480, 739;
v0xabdf8d33d480_740 .array/port v0xabdf8d33d480, 740;
E_0xabdf8d0ee570/186 .event anyedge, v0xabdf8d33d480_737, v0xabdf8d33d480_738, v0xabdf8d33d480_739, v0xabdf8d33d480_740;
v0xabdf8d33d480_741 .array/port v0xabdf8d33d480, 741;
v0xabdf8d33d480_742 .array/port v0xabdf8d33d480, 742;
v0xabdf8d33d480_743 .array/port v0xabdf8d33d480, 743;
v0xabdf8d33d480_744 .array/port v0xabdf8d33d480, 744;
E_0xabdf8d0ee570/187 .event anyedge, v0xabdf8d33d480_741, v0xabdf8d33d480_742, v0xabdf8d33d480_743, v0xabdf8d33d480_744;
v0xabdf8d33d480_745 .array/port v0xabdf8d33d480, 745;
v0xabdf8d33d480_746 .array/port v0xabdf8d33d480, 746;
v0xabdf8d33d480_747 .array/port v0xabdf8d33d480, 747;
v0xabdf8d33d480_748 .array/port v0xabdf8d33d480, 748;
E_0xabdf8d0ee570/188 .event anyedge, v0xabdf8d33d480_745, v0xabdf8d33d480_746, v0xabdf8d33d480_747, v0xabdf8d33d480_748;
v0xabdf8d33d480_749 .array/port v0xabdf8d33d480, 749;
v0xabdf8d33d480_750 .array/port v0xabdf8d33d480, 750;
v0xabdf8d33d480_751 .array/port v0xabdf8d33d480, 751;
v0xabdf8d33d480_752 .array/port v0xabdf8d33d480, 752;
E_0xabdf8d0ee570/189 .event anyedge, v0xabdf8d33d480_749, v0xabdf8d33d480_750, v0xabdf8d33d480_751, v0xabdf8d33d480_752;
v0xabdf8d33d480_753 .array/port v0xabdf8d33d480, 753;
v0xabdf8d33d480_754 .array/port v0xabdf8d33d480, 754;
v0xabdf8d33d480_755 .array/port v0xabdf8d33d480, 755;
v0xabdf8d33d480_756 .array/port v0xabdf8d33d480, 756;
E_0xabdf8d0ee570/190 .event anyedge, v0xabdf8d33d480_753, v0xabdf8d33d480_754, v0xabdf8d33d480_755, v0xabdf8d33d480_756;
v0xabdf8d33d480_757 .array/port v0xabdf8d33d480, 757;
v0xabdf8d33d480_758 .array/port v0xabdf8d33d480, 758;
v0xabdf8d33d480_759 .array/port v0xabdf8d33d480, 759;
v0xabdf8d33d480_760 .array/port v0xabdf8d33d480, 760;
E_0xabdf8d0ee570/191 .event anyedge, v0xabdf8d33d480_757, v0xabdf8d33d480_758, v0xabdf8d33d480_759, v0xabdf8d33d480_760;
v0xabdf8d33d480_761 .array/port v0xabdf8d33d480, 761;
v0xabdf8d33d480_762 .array/port v0xabdf8d33d480, 762;
v0xabdf8d33d480_763 .array/port v0xabdf8d33d480, 763;
v0xabdf8d33d480_764 .array/port v0xabdf8d33d480, 764;
E_0xabdf8d0ee570/192 .event anyedge, v0xabdf8d33d480_761, v0xabdf8d33d480_762, v0xabdf8d33d480_763, v0xabdf8d33d480_764;
v0xabdf8d33d480_765 .array/port v0xabdf8d33d480, 765;
v0xabdf8d33d480_766 .array/port v0xabdf8d33d480, 766;
v0xabdf8d33d480_767 .array/port v0xabdf8d33d480, 767;
v0xabdf8d33d480_768 .array/port v0xabdf8d33d480, 768;
E_0xabdf8d0ee570/193 .event anyedge, v0xabdf8d33d480_765, v0xabdf8d33d480_766, v0xabdf8d33d480_767, v0xabdf8d33d480_768;
v0xabdf8d33d480_769 .array/port v0xabdf8d33d480, 769;
v0xabdf8d33d480_770 .array/port v0xabdf8d33d480, 770;
v0xabdf8d33d480_771 .array/port v0xabdf8d33d480, 771;
v0xabdf8d33d480_772 .array/port v0xabdf8d33d480, 772;
E_0xabdf8d0ee570/194 .event anyedge, v0xabdf8d33d480_769, v0xabdf8d33d480_770, v0xabdf8d33d480_771, v0xabdf8d33d480_772;
v0xabdf8d33d480_773 .array/port v0xabdf8d33d480, 773;
v0xabdf8d33d480_774 .array/port v0xabdf8d33d480, 774;
v0xabdf8d33d480_775 .array/port v0xabdf8d33d480, 775;
v0xabdf8d33d480_776 .array/port v0xabdf8d33d480, 776;
E_0xabdf8d0ee570/195 .event anyedge, v0xabdf8d33d480_773, v0xabdf8d33d480_774, v0xabdf8d33d480_775, v0xabdf8d33d480_776;
v0xabdf8d33d480_777 .array/port v0xabdf8d33d480, 777;
v0xabdf8d33d480_778 .array/port v0xabdf8d33d480, 778;
v0xabdf8d33d480_779 .array/port v0xabdf8d33d480, 779;
v0xabdf8d33d480_780 .array/port v0xabdf8d33d480, 780;
E_0xabdf8d0ee570/196 .event anyedge, v0xabdf8d33d480_777, v0xabdf8d33d480_778, v0xabdf8d33d480_779, v0xabdf8d33d480_780;
v0xabdf8d33d480_781 .array/port v0xabdf8d33d480, 781;
v0xabdf8d33d480_782 .array/port v0xabdf8d33d480, 782;
v0xabdf8d33d480_783 .array/port v0xabdf8d33d480, 783;
v0xabdf8d33d480_784 .array/port v0xabdf8d33d480, 784;
E_0xabdf8d0ee570/197 .event anyedge, v0xabdf8d33d480_781, v0xabdf8d33d480_782, v0xabdf8d33d480_783, v0xabdf8d33d480_784;
v0xabdf8d33d480_785 .array/port v0xabdf8d33d480, 785;
v0xabdf8d33d480_786 .array/port v0xabdf8d33d480, 786;
v0xabdf8d33d480_787 .array/port v0xabdf8d33d480, 787;
v0xabdf8d33d480_788 .array/port v0xabdf8d33d480, 788;
E_0xabdf8d0ee570/198 .event anyedge, v0xabdf8d33d480_785, v0xabdf8d33d480_786, v0xabdf8d33d480_787, v0xabdf8d33d480_788;
v0xabdf8d33d480_789 .array/port v0xabdf8d33d480, 789;
v0xabdf8d33d480_790 .array/port v0xabdf8d33d480, 790;
v0xabdf8d33d480_791 .array/port v0xabdf8d33d480, 791;
v0xabdf8d33d480_792 .array/port v0xabdf8d33d480, 792;
E_0xabdf8d0ee570/199 .event anyedge, v0xabdf8d33d480_789, v0xabdf8d33d480_790, v0xabdf8d33d480_791, v0xabdf8d33d480_792;
v0xabdf8d33d480_793 .array/port v0xabdf8d33d480, 793;
v0xabdf8d33d480_794 .array/port v0xabdf8d33d480, 794;
v0xabdf8d33d480_795 .array/port v0xabdf8d33d480, 795;
v0xabdf8d33d480_796 .array/port v0xabdf8d33d480, 796;
E_0xabdf8d0ee570/200 .event anyedge, v0xabdf8d33d480_793, v0xabdf8d33d480_794, v0xabdf8d33d480_795, v0xabdf8d33d480_796;
v0xabdf8d33d480_797 .array/port v0xabdf8d33d480, 797;
v0xabdf8d33d480_798 .array/port v0xabdf8d33d480, 798;
v0xabdf8d33d480_799 .array/port v0xabdf8d33d480, 799;
v0xabdf8d33d480_800 .array/port v0xabdf8d33d480, 800;
E_0xabdf8d0ee570/201 .event anyedge, v0xabdf8d33d480_797, v0xabdf8d33d480_798, v0xabdf8d33d480_799, v0xabdf8d33d480_800;
v0xabdf8d33d480_801 .array/port v0xabdf8d33d480, 801;
v0xabdf8d33d480_802 .array/port v0xabdf8d33d480, 802;
v0xabdf8d33d480_803 .array/port v0xabdf8d33d480, 803;
v0xabdf8d33d480_804 .array/port v0xabdf8d33d480, 804;
E_0xabdf8d0ee570/202 .event anyedge, v0xabdf8d33d480_801, v0xabdf8d33d480_802, v0xabdf8d33d480_803, v0xabdf8d33d480_804;
v0xabdf8d33d480_805 .array/port v0xabdf8d33d480, 805;
v0xabdf8d33d480_806 .array/port v0xabdf8d33d480, 806;
v0xabdf8d33d480_807 .array/port v0xabdf8d33d480, 807;
v0xabdf8d33d480_808 .array/port v0xabdf8d33d480, 808;
E_0xabdf8d0ee570/203 .event anyedge, v0xabdf8d33d480_805, v0xabdf8d33d480_806, v0xabdf8d33d480_807, v0xabdf8d33d480_808;
v0xabdf8d33d480_809 .array/port v0xabdf8d33d480, 809;
v0xabdf8d33d480_810 .array/port v0xabdf8d33d480, 810;
v0xabdf8d33d480_811 .array/port v0xabdf8d33d480, 811;
v0xabdf8d33d480_812 .array/port v0xabdf8d33d480, 812;
E_0xabdf8d0ee570/204 .event anyedge, v0xabdf8d33d480_809, v0xabdf8d33d480_810, v0xabdf8d33d480_811, v0xabdf8d33d480_812;
v0xabdf8d33d480_813 .array/port v0xabdf8d33d480, 813;
v0xabdf8d33d480_814 .array/port v0xabdf8d33d480, 814;
v0xabdf8d33d480_815 .array/port v0xabdf8d33d480, 815;
v0xabdf8d33d480_816 .array/port v0xabdf8d33d480, 816;
E_0xabdf8d0ee570/205 .event anyedge, v0xabdf8d33d480_813, v0xabdf8d33d480_814, v0xabdf8d33d480_815, v0xabdf8d33d480_816;
v0xabdf8d33d480_817 .array/port v0xabdf8d33d480, 817;
v0xabdf8d33d480_818 .array/port v0xabdf8d33d480, 818;
v0xabdf8d33d480_819 .array/port v0xabdf8d33d480, 819;
v0xabdf8d33d480_820 .array/port v0xabdf8d33d480, 820;
E_0xabdf8d0ee570/206 .event anyedge, v0xabdf8d33d480_817, v0xabdf8d33d480_818, v0xabdf8d33d480_819, v0xabdf8d33d480_820;
v0xabdf8d33d480_821 .array/port v0xabdf8d33d480, 821;
v0xabdf8d33d480_822 .array/port v0xabdf8d33d480, 822;
v0xabdf8d33d480_823 .array/port v0xabdf8d33d480, 823;
v0xabdf8d33d480_824 .array/port v0xabdf8d33d480, 824;
E_0xabdf8d0ee570/207 .event anyedge, v0xabdf8d33d480_821, v0xabdf8d33d480_822, v0xabdf8d33d480_823, v0xabdf8d33d480_824;
v0xabdf8d33d480_825 .array/port v0xabdf8d33d480, 825;
v0xabdf8d33d480_826 .array/port v0xabdf8d33d480, 826;
v0xabdf8d33d480_827 .array/port v0xabdf8d33d480, 827;
v0xabdf8d33d480_828 .array/port v0xabdf8d33d480, 828;
E_0xabdf8d0ee570/208 .event anyedge, v0xabdf8d33d480_825, v0xabdf8d33d480_826, v0xabdf8d33d480_827, v0xabdf8d33d480_828;
v0xabdf8d33d480_829 .array/port v0xabdf8d33d480, 829;
v0xabdf8d33d480_830 .array/port v0xabdf8d33d480, 830;
v0xabdf8d33d480_831 .array/port v0xabdf8d33d480, 831;
v0xabdf8d33d480_832 .array/port v0xabdf8d33d480, 832;
E_0xabdf8d0ee570/209 .event anyedge, v0xabdf8d33d480_829, v0xabdf8d33d480_830, v0xabdf8d33d480_831, v0xabdf8d33d480_832;
v0xabdf8d33d480_833 .array/port v0xabdf8d33d480, 833;
v0xabdf8d33d480_834 .array/port v0xabdf8d33d480, 834;
v0xabdf8d33d480_835 .array/port v0xabdf8d33d480, 835;
v0xabdf8d33d480_836 .array/port v0xabdf8d33d480, 836;
E_0xabdf8d0ee570/210 .event anyedge, v0xabdf8d33d480_833, v0xabdf8d33d480_834, v0xabdf8d33d480_835, v0xabdf8d33d480_836;
v0xabdf8d33d480_837 .array/port v0xabdf8d33d480, 837;
v0xabdf8d33d480_838 .array/port v0xabdf8d33d480, 838;
v0xabdf8d33d480_839 .array/port v0xabdf8d33d480, 839;
v0xabdf8d33d480_840 .array/port v0xabdf8d33d480, 840;
E_0xabdf8d0ee570/211 .event anyedge, v0xabdf8d33d480_837, v0xabdf8d33d480_838, v0xabdf8d33d480_839, v0xabdf8d33d480_840;
v0xabdf8d33d480_841 .array/port v0xabdf8d33d480, 841;
v0xabdf8d33d480_842 .array/port v0xabdf8d33d480, 842;
v0xabdf8d33d480_843 .array/port v0xabdf8d33d480, 843;
v0xabdf8d33d480_844 .array/port v0xabdf8d33d480, 844;
E_0xabdf8d0ee570/212 .event anyedge, v0xabdf8d33d480_841, v0xabdf8d33d480_842, v0xabdf8d33d480_843, v0xabdf8d33d480_844;
v0xabdf8d33d480_845 .array/port v0xabdf8d33d480, 845;
v0xabdf8d33d480_846 .array/port v0xabdf8d33d480, 846;
v0xabdf8d33d480_847 .array/port v0xabdf8d33d480, 847;
v0xabdf8d33d480_848 .array/port v0xabdf8d33d480, 848;
E_0xabdf8d0ee570/213 .event anyedge, v0xabdf8d33d480_845, v0xabdf8d33d480_846, v0xabdf8d33d480_847, v0xabdf8d33d480_848;
v0xabdf8d33d480_849 .array/port v0xabdf8d33d480, 849;
v0xabdf8d33d480_850 .array/port v0xabdf8d33d480, 850;
v0xabdf8d33d480_851 .array/port v0xabdf8d33d480, 851;
v0xabdf8d33d480_852 .array/port v0xabdf8d33d480, 852;
E_0xabdf8d0ee570/214 .event anyedge, v0xabdf8d33d480_849, v0xabdf8d33d480_850, v0xabdf8d33d480_851, v0xabdf8d33d480_852;
v0xabdf8d33d480_853 .array/port v0xabdf8d33d480, 853;
v0xabdf8d33d480_854 .array/port v0xabdf8d33d480, 854;
v0xabdf8d33d480_855 .array/port v0xabdf8d33d480, 855;
v0xabdf8d33d480_856 .array/port v0xabdf8d33d480, 856;
E_0xabdf8d0ee570/215 .event anyedge, v0xabdf8d33d480_853, v0xabdf8d33d480_854, v0xabdf8d33d480_855, v0xabdf8d33d480_856;
v0xabdf8d33d480_857 .array/port v0xabdf8d33d480, 857;
v0xabdf8d33d480_858 .array/port v0xabdf8d33d480, 858;
v0xabdf8d33d480_859 .array/port v0xabdf8d33d480, 859;
v0xabdf8d33d480_860 .array/port v0xabdf8d33d480, 860;
E_0xabdf8d0ee570/216 .event anyedge, v0xabdf8d33d480_857, v0xabdf8d33d480_858, v0xabdf8d33d480_859, v0xabdf8d33d480_860;
v0xabdf8d33d480_861 .array/port v0xabdf8d33d480, 861;
v0xabdf8d33d480_862 .array/port v0xabdf8d33d480, 862;
v0xabdf8d33d480_863 .array/port v0xabdf8d33d480, 863;
v0xabdf8d33d480_864 .array/port v0xabdf8d33d480, 864;
E_0xabdf8d0ee570/217 .event anyedge, v0xabdf8d33d480_861, v0xabdf8d33d480_862, v0xabdf8d33d480_863, v0xabdf8d33d480_864;
v0xabdf8d33d480_865 .array/port v0xabdf8d33d480, 865;
v0xabdf8d33d480_866 .array/port v0xabdf8d33d480, 866;
v0xabdf8d33d480_867 .array/port v0xabdf8d33d480, 867;
v0xabdf8d33d480_868 .array/port v0xabdf8d33d480, 868;
E_0xabdf8d0ee570/218 .event anyedge, v0xabdf8d33d480_865, v0xabdf8d33d480_866, v0xabdf8d33d480_867, v0xabdf8d33d480_868;
v0xabdf8d33d480_869 .array/port v0xabdf8d33d480, 869;
v0xabdf8d33d480_870 .array/port v0xabdf8d33d480, 870;
v0xabdf8d33d480_871 .array/port v0xabdf8d33d480, 871;
v0xabdf8d33d480_872 .array/port v0xabdf8d33d480, 872;
E_0xabdf8d0ee570/219 .event anyedge, v0xabdf8d33d480_869, v0xabdf8d33d480_870, v0xabdf8d33d480_871, v0xabdf8d33d480_872;
v0xabdf8d33d480_873 .array/port v0xabdf8d33d480, 873;
v0xabdf8d33d480_874 .array/port v0xabdf8d33d480, 874;
v0xabdf8d33d480_875 .array/port v0xabdf8d33d480, 875;
v0xabdf8d33d480_876 .array/port v0xabdf8d33d480, 876;
E_0xabdf8d0ee570/220 .event anyedge, v0xabdf8d33d480_873, v0xabdf8d33d480_874, v0xabdf8d33d480_875, v0xabdf8d33d480_876;
v0xabdf8d33d480_877 .array/port v0xabdf8d33d480, 877;
v0xabdf8d33d480_878 .array/port v0xabdf8d33d480, 878;
v0xabdf8d33d480_879 .array/port v0xabdf8d33d480, 879;
v0xabdf8d33d480_880 .array/port v0xabdf8d33d480, 880;
E_0xabdf8d0ee570/221 .event anyedge, v0xabdf8d33d480_877, v0xabdf8d33d480_878, v0xabdf8d33d480_879, v0xabdf8d33d480_880;
v0xabdf8d33d480_881 .array/port v0xabdf8d33d480, 881;
v0xabdf8d33d480_882 .array/port v0xabdf8d33d480, 882;
v0xabdf8d33d480_883 .array/port v0xabdf8d33d480, 883;
v0xabdf8d33d480_884 .array/port v0xabdf8d33d480, 884;
E_0xabdf8d0ee570/222 .event anyedge, v0xabdf8d33d480_881, v0xabdf8d33d480_882, v0xabdf8d33d480_883, v0xabdf8d33d480_884;
v0xabdf8d33d480_885 .array/port v0xabdf8d33d480, 885;
v0xabdf8d33d480_886 .array/port v0xabdf8d33d480, 886;
v0xabdf8d33d480_887 .array/port v0xabdf8d33d480, 887;
v0xabdf8d33d480_888 .array/port v0xabdf8d33d480, 888;
E_0xabdf8d0ee570/223 .event anyedge, v0xabdf8d33d480_885, v0xabdf8d33d480_886, v0xabdf8d33d480_887, v0xabdf8d33d480_888;
v0xabdf8d33d480_889 .array/port v0xabdf8d33d480, 889;
v0xabdf8d33d480_890 .array/port v0xabdf8d33d480, 890;
v0xabdf8d33d480_891 .array/port v0xabdf8d33d480, 891;
v0xabdf8d33d480_892 .array/port v0xabdf8d33d480, 892;
E_0xabdf8d0ee570/224 .event anyedge, v0xabdf8d33d480_889, v0xabdf8d33d480_890, v0xabdf8d33d480_891, v0xabdf8d33d480_892;
v0xabdf8d33d480_893 .array/port v0xabdf8d33d480, 893;
v0xabdf8d33d480_894 .array/port v0xabdf8d33d480, 894;
v0xabdf8d33d480_895 .array/port v0xabdf8d33d480, 895;
v0xabdf8d33d480_896 .array/port v0xabdf8d33d480, 896;
E_0xabdf8d0ee570/225 .event anyedge, v0xabdf8d33d480_893, v0xabdf8d33d480_894, v0xabdf8d33d480_895, v0xabdf8d33d480_896;
v0xabdf8d33d480_897 .array/port v0xabdf8d33d480, 897;
v0xabdf8d33d480_898 .array/port v0xabdf8d33d480, 898;
v0xabdf8d33d480_899 .array/port v0xabdf8d33d480, 899;
v0xabdf8d33d480_900 .array/port v0xabdf8d33d480, 900;
E_0xabdf8d0ee570/226 .event anyedge, v0xabdf8d33d480_897, v0xabdf8d33d480_898, v0xabdf8d33d480_899, v0xabdf8d33d480_900;
v0xabdf8d33d480_901 .array/port v0xabdf8d33d480, 901;
v0xabdf8d33d480_902 .array/port v0xabdf8d33d480, 902;
v0xabdf8d33d480_903 .array/port v0xabdf8d33d480, 903;
v0xabdf8d33d480_904 .array/port v0xabdf8d33d480, 904;
E_0xabdf8d0ee570/227 .event anyedge, v0xabdf8d33d480_901, v0xabdf8d33d480_902, v0xabdf8d33d480_903, v0xabdf8d33d480_904;
v0xabdf8d33d480_905 .array/port v0xabdf8d33d480, 905;
v0xabdf8d33d480_906 .array/port v0xabdf8d33d480, 906;
v0xabdf8d33d480_907 .array/port v0xabdf8d33d480, 907;
v0xabdf8d33d480_908 .array/port v0xabdf8d33d480, 908;
E_0xabdf8d0ee570/228 .event anyedge, v0xabdf8d33d480_905, v0xabdf8d33d480_906, v0xabdf8d33d480_907, v0xabdf8d33d480_908;
v0xabdf8d33d480_909 .array/port v0xabdf8d33d480, 909;
v0xabdf8d33d480_910 .array/port v0xabdf8d33d480, 910;
v0xabdf8d33d480_911 .array/port v0xabdf8d33d480, 911;
v0xabdf8d33d480_912 .array/port v0xabdf8d33d480, 912;
E_0xabdf8d0ee570/229 .event anyedge, v0xabdf8d33d480_909, v0xabdf8d33d480_910, v0xabdf8d33d480_911, v0xabdf8d33d480_912;
v0xabdf8d33d480_913 .array/port v0xabdf8d33d480, 913;
v0xabdf8d33d480_914 .array/port v0xabdf8d33d480, 914;
v0xabdf8d33d480_915 .array/port v0xabdf8d33d480, 915;
v0xabdf8d33d480_916 .array/port v0xabdf8d33d480, 916;
E_0xabdf8d0ee570/230 .event anyedge, v0xabdf8d33d480_913, v0xabdf8d33d480_914, v0xabdf8d33d480_915, v0xabdf8d33d480_916;
v0xabdf8d33d480_917 .array/port v0xabdf8d33d480, 917;
v0xabdf8d33d480_918 .array/port v0xabdf8d33d480, 918;
v0xabdf8d33d480_919 .array/port v0xabdf8d33d480, 919;
v0xabdf8d33d480_920 .array/port v0xabdf8d33d480, 920;
E_0xabdf8d0ee570/231 .event anyedge, v0xabdf8d33d480_917, v0xabdf8d33d480_918, v0xabdf8d33d480_919, v0xabdf8d33d480_920;
v0xabdf8d33d480_921 .array/port v0xabdf8d33d480, 921;
v0xabdf8d33d480_922 .array/port v0xabdf8d33d480, 922;
v0xabdf8d33d480_923 .array/port v0xabdf8d33d480, 923;
v0xabdf8d33d480_924 .array/port v0xabdf8d33d480, 924;
E_0xabdf8d0ee570/232 .event anyedge, v0xabdf8d33d480_921, v0xabdf8d33d480_922, v0xabdf8d33d480_923, v0xabdf8d33d480_924;
v0xabdf8d33d480_925 .array/port v0xabdf8d33d480, 925;
v0xabdf8d33d480_926 .array/port v0xabdf8d33d480, 926;
v0xabdf8d33d480_927 .array/port v0xabdf8d33d480, 927;
v0xabdf8d33d480_928 .array/port v0xabdf8d33d480, 928;
E_0xabdf8d0ee570/233 .event anyedge, v0xabdf8d33d480_925, v0xabdf8d33d480_926, v0xabdf8d33d480_927, v0xabdf8d33d480_928;
v0xabdf8d33d480_929 .array/port v0xabdf8d33d480, 929;
v0xabdf8d33d480_930 .array/port v0xabdf8d33d480, 930;
v0xabdf8d33d480_931 .array/port v0xabdf8d33d480, 931;
v0xabdf8d33d480_932 .array/port v0xabdf8d33d480, 932;
E_0xabdf8d0ee570/234 .event anyedge, v0xabdf8d33d480_929, v0xabdf8d33d480_930, v0xabdf8d33d480_931, v0xabdf8d33d480_932;
v0xabdf8d33d480_933 .array/port v0xabdf8d33d480, 933;
v0xabdf8d33d480_934 .array/port v0xabdf8d33d480, 934;
v0xabdf8d33d480_935 .array/port v0xabdf8d33d480, 935;
v0xabdf8d33d480_936 .array/port v0xabdf8d33d480, 936;
E_0xabdf8d0ee570/235 .event anyedge, v0xabdf8d33d480_933, v0xabdf8d33d480_934, v0xabdf8d33d480_935, v0xabdf8d33d480_936;
v0xabdf8d33d480_937 .array/port v0xabdf8d33d480, 937;
v0xabdf8d33d480_938 .array/port v0xabdf8d33d480, 938;
v0xabdf8d33d480_939 .array/port v0xabdf8d33d480, 939;
v0xabdf8d33d480_940 .array/port v0xabdf8d33d480, 940;
E_0xabdf8d0ee570/236 .event anyedge, v0xabdf8d33d480_937, v0xabdf8d33d480_938, v0xabdf8d33d480_939, v0xabdf8d33d480_940;
v0xabdf8d33d480_941 .array/port v0xabdf8d33d480, 941;
v0xabdf8d33d480_942 .array/port v0xabdf8d33d480, 942;
v0xabdf8d33d480_943 .array/port v0xabdf8d33d480, 943;
v0xabdf8d33d480_944 .array/port v0xabdf8d33d480, 944;
E_0xabdf8d0ee570/237 .event anyedge, v0xabdf8d33d480_941, v0xabdf8d33d480_942, v0xabdf8d33d480_943, v0xabdf8d33d480_944;
v0xabdf8d33d480_945 .array/port v0xabdf8d33d480, 945;
v0xabdf8d33d480_946 .array/port v0xabdf8d33d480, 946;
v0xabdf8d33d480_947 .array/port v0xabdf8d33d480, 947;
v0xabdf8d33d480_948 .array/port v0xabdf8d33d480, 948;
E_0xabdf8d0ee570/238 .event anyedge, v0xabdf8d33d480_945, v0xabdf8d33d480_946, v0xabdf8d33d480_947, v0xabdf8d33d480_948;
v0xabdf8d33d480_949 .array/port v0xabdf8d33d480, 949;
v0xabdf8d33d480_950 .array/port v0xabdf8d33d480, 950;
v0xabdf8d33d480_951 .array/port v0xabdf8d33d480, 951;
v0xabdf8d33d480_952 .array/port v0xabdf8d33d480, 952;
E_0xabdf8d0ee570/239 .event anyedge, v0xabdf8d33d480_949, v0xabdf8d33d480_950, v0xabdf8d33d480_951, v0xabdf8d33d480_952;
v0xabdf8d33d480_953 .array/port v0xabdf8d33d480, 953;
v0xabdf8d33d480_954 .array/port v0xabdf8d33d480, 954;
v0xabdf8d33d480_955 .array/port v0xabdf8d33d480, 955;
v0xabdf8d33d480_956 .array/port v0xabdf8d33d480, 956;
E_0xabdf8d0ee570/240 .event anyedge, v0xabdf8d33d480_953, v0xabdf8d33d480_954, v0xabdf8d33d480_955, v0xabdf8d33d480_956;
v0xabdf8d33d480_957 .array/port v0xabdf8d33d480, 957;
v0xabdf8d33d480_958 .array/port v0xabdf8d33d480, 958;
v0xabdf8d33d480_959 .array/port v0xabdf8d33d480, 959;
v0xabdf8d33d480_960 .array/port v0xabdf8d33d480, 960;
E_0xabdf8d0ee570/241 .event anyedge, v0xabdf8d33d480_957, v0xabdf8d33d480_958, v0xabdf8d33d480_959, v0xabdf8d33d480_960;
v0xabdf8d33d480_961 .array/port v0xabdf8d33d480, 961;
v0xabdf8d33d480_962 .array/port v0xabdf8d33d480, 962;
v0xabdf8d33d480_963 .array/port v0xabdf8d33d480, 963;
v0xabdf8d33d480_964 .array/port v0xabdf8d33d480, 964;
E_0xabdf8d0ee570/242 .event anyedge, v0xabdf8d33d480_961, v0xabdf8d33d480_962, v0xabdf8d33d480_963, v0xabdf8d33d480_964;
v0xabdf8d33d480_965 .array/port v0xabdf8d33d480, 965;
v0xabdf8d33d480_966 .array/port v0xabdf8d33d480, 966;
v0xabdf8d33d480_967 .array/port v0xabdf8d33d480, 967;
v0xabdf8d33d480_968 .array/port v0xabdf8d33d480, 968;
E_0xabdf8d0ee570/243 .event anyedge, v0xabdf8d33d480_965, v0xabdf8d33d480_966, v0xabdf8d33d480_967, v0xabdf8d33d480_968;
v0xabdf8d33d480_969 .array/port v0xabdf8d33d480, 969;
v0xabdf8d33d480_970 .array/port v0xabdf8d33d480, 970;
v0xabdf8d33d480_971 .array/port v0xabdf8d33d480, 971;
v0xabdf8d33d480_972 .array/port v0xabdf8d33d480, 972;
E_0xabdf8d0ee570/244 .event anyedge, v0xabdf8d33d480_969, v0xabdf8d33d480_970, v0xabdf8d33d480_971, v0xabdf8d33d480_972;
v0xabdf8d33d480_973 .array/port v0xabdf8d33d480, 973;
v0xabdf8d33d480_974 .array/port v0xabdf8d33d480, 974;
v0xabdf8d33d480_975 .array/port v0xabdf8d33d480, 975;
v0xabdf8d33d480_976 .array/port v0xabdf8d33d480, 976;
E_0xabdf8d0ee570/245 .event anyedge, v0xabdf8d33d480_973, v0xabdf8d33d480_974, v0xabdf8d33d480_975, v0xabdf8d33d480_976;
v0xabdf8d33d480_977 .array/port v0xabdf8d33d480, 977;
v0xabdf8d33d480_978 .array/port v0xabdf8d33d480, 978;
v0xabdf8d33d480_979 .array/port v0xabdf8d33d480, 979;
v0xabdf8d33d480_980 .array/port v0xabdf8d33d480, 980;
E_0xabdf8d0ee570/246 .event anyedge, v0xabdf8d33d480_977, v0xabdf8d33d480_978, v0xabdf8d33d480_979, v0xabdf8d33d480_980;
v0xabdf8d33d480_981 .array/port v0xabdf8d33d480, 981;
v0xabdf8d33d480_982 .array/port v0xabdf8d33d480, 982;
v0xabdf8d33d480_983 .array/port v0xabdf8d33d480, 983;
v0xabdf8d33d480_984 .array/port v0xabdf8d33d480, 984;
E_0xabdf8d0ee570/247 .event anyedge, v0xabdf8d33d480_981, v0xabdf8d33d480_982, v0xabdf8d33d480_983, v0xabdf8d33d480_984;
v0xabdf8d33d480_985 .array/port v0xabdf8d33d480, 985;
v0xabdf8d33d480_986 .array/port v0xabdf8d33d480, 986;
v0xabdf8d33d480_987 .array/port v0xabdf8d33d480, 987;
v0xabdf8d33d480_988 .array/port v0xabdf8d33d480, 988;
E_0xabdf8d0ee570/248 .event anyedge, v0xabdf8d33d480_985, v0xabdf8d33d480_986, v0xabdf8d33d480_987, v0xabdf8d33d480_988;
v0xabdf8d33d480_989 .array/port v0xabdf8d33d480, 989;
v0xabdf8d33d480_990 .array/port v0xabdf8d33d480, 990;
v0xabdf8d33d480_991 .array/port v0xabdf8d33d480, 991;
v0xabdf8d33d480_992 .array/port v0xabdf8d33d480, 992;
E_0xabdf8d0ee570/249 .event anyedge, v0xabdf8d33d480_989, v0xabdf8d33d480_990, v0xabdf8d33d480_991, v0xabdf8d33d480_992;
v0xabdf8d33d480_993 .array/port v0xabdf8d33d480, 993;
v0xabdf8d33d480_994 .array/port v0xabdf8d33d480, 994;
v0xabdf8d33d480_995 .array/port v0xabdf8d33d480, 995;
v0xabdf8d33d480_996 .array/port v0xabdf8d33d480, 996;
E_0xabdf8d0ee570/250 .event anyedge, v0xabdf8d33d480_993, v0xabdf8d33d480_994, v0xabdf8d33d480_995, v0xabdf8d33d480_996;
v0xabdf8d33d480_997 .array/port v0xabdf8d33d480, 997;
v0xabdf8d33d480_998 .array/port v0xabdf8d33d480, 998;
v0xabdf8d33d480_999 .array/port v0xabdf8d33d480, 999;
v0xabdf8d33d480_1000 .array/port v0xabdf8d33d480, 1000;
E_0xabdf8d0ee570/251 .event anyedge, v0xabdf8d33d480_997, v0xabdf8d33d480_998, v0xabdf8d33d480_999, v0xabdf8d33d480_1000;
v0xabdf8d33d480_1001 .array/port v0xabdf8d33d480, 1001;
v0xabdf8d33d480_1002 .array/port v0xabdf8d33d480, 1002;
v0xabdf8d33d480_1003 .array/port v0xabdf8d33d480, 1003;
v0xabdf8d33d480_1004 .array/port v0xabdf8d33d480, 1004;
E_0xabdf8d0ee570/252 .event anyedge, v0xabdf8d33d480_1001, v0xabdf8d33d480_1002, v0xabdf8d33d480_1003, v0xabdf8d33d480_1004;
v0xabdf8d33d480_1005 .array/port v0xabdf8d33d480, 1005;
v0xabdf8d33d480_1006 .array/port v0xabdf8d33d480, 1006;
v0xabdf8d33d480_1007 .array/port v0xabdf8d33d480, 1007;
v0xabdf8d33d480_1008 .array/port v0xabdf8d33d480, 1008;
E_0xabdf8d0ee570/253 .event anyedge, v0xabdf8d33d480_1005, v0xabdf8d33d480_1006, v0xabdf8d33d480_1007, v0xabdf8d33d480_1008;
v0xabdf8d33d480_1009 .array/port v0xabdf8d33d480, 1009;
v0xabdf8d33d480_1010 .array/port v0xabdf8d33d480, 1010;
v0xabdf8d33d480_1011 .array/port v0xabdf8d33d480, 1011;
v0xabdf8d33d480_1012 .array/port v0xabdf8d33d480, 1012;
E_0xabdf8d0ee570/254 .event anyedge, v0xabdf8d33d480_1009, v0xabdf8d33d480_1010, v0xabdf8d33d480_1011, v0xabdf8d33d480_1012;
v0xabdf8d33d480_1013 .array/port v0xabdf8d33d480, 1013;
v0xabdf8d33d480_1014 .array/port v0xabdf8d33d480, 1014;
v0xabdf8d33d480_1015 .array/port v0xabdf8d33d480, 1015;
v0xabdf8d33d480_1016 .array/port v0xabdf8d33d480, 1016;
E_0xabdf8d0ee570/255 .event anyedge, v0xabdf8d33d480_1013, v0xabdf8d33d480_1014, v0xabdf8d33d480_1015, v0xabdf8d33d480_1016;
v0xabdf8d33d480_1017 .array/port v0xabdf8d33d480, 1017;
v0xabdf8d33d480_1018 .array/port v0xabdf8d33d480, 1018;
v0xabdf8d33d480_1019 .array/port v0xabdf8d33d480, 1019;
v0xabdf8d33d480_1020 .array/port v0xabdf8d33d480, 1020;
E_0xabdf8d0ee570/256 .event anyedge, v0xabdf8d33d480_1017, v0xabdf8d33d480_1018, v0xabdf8d33d480_1019, v0xabdf8d33d480_1020;
v0xabdf8d33d480_1021 .array/port v0xabdf8d33d480, 1021;
v0xabdf8d33d480_1022 .array/port v0xabdf8d33d480, 1022;
v0xabdf8d33d480_1023 .array/port v0xabdf8d33d480, 1023;
v0xabdf8d33d480_1024 .array/port v0xabdf8d33d480, 1024;
E_0xabdf8d0ee570/257 .event anyedge, v0xabdf8d33d480_1021, v0xabdf8d33d480_1022, v0xabdf8d33d480_1023, v0xabdf8d33d480_1024;
v0xabdf8d33d480_1025 .array/port v0xabdf8d33d480, 1025;
v0xabdf8d33d480_1026 .array/port v0xabdf8d33d480, 1026;
v0xabdf8d33d480_1027 .array/port v0xabdf8d33d480, 1027;
v0xabdf8d33d480_1028 .array/port v0xabdf8d33d480, 1028;
E_0xabdf8d0ee570/258 .event anyedge, v0xabdf8d33d480_1025, v0xabdf8d33d480_1026, v0xabdf8d33d480_1027, v0xabdf8d33d480_1028;
v0xabdf8d33d480_1029 .array/port v0xabdf8d33d480, 1029;
v0xabdf8d33d480_1030 .array/port v0xabdf8d33d480, 1030;
v0xabdf8d33d480_1031 .array/port v0xabdf8d33d480, 1031;
v0xabdf8d33d480_1032 .array/port v0xabdf8d33d480, 1032;
E_0xabdf8d0ee570/259 .event anyedge, v0xabdf8d33d480_1029, v0xabdf8d33d480_1030, v0xabdf8d33d480_1031, v0xabdf8d33d480_1032;
v0xabdf8d33d480_1033 .array/port v0xabdf8d33d480, 1033;
v0xabdf8d33d480_1034 .array/port v0xabdf8d33d480, 1034;
v0xabdf8d33d480_1035 .array/port v0xabdf8d33d480, 1035;
v0xabdf8d33d480_1036 .array/port v0xabdf8d33d480, 1036;
E_0xabdf8d0ee570/260 .event anyedge, v0xabdf8d33d480_1033, v0xabdf8d33d480_1034, v0xabdf8d33d480_1035, v0xabdf8d33d480_1036;
v0xabdf8d33d480_1037 .array/port v0xabdf8d33d480, 1037;
v0xabdf8d33d480_1038 .array/port v0xabdf8d33d480, 1038;
v0xabdf8d33d480_1039 .array/port v0xabdf8d33d480, 1039;
v0xabdf8d33d480_1040 .array/port v0xabdf8d33d480, 1040;
E_0xabdf8d0ee570/261 .event anyedge, v0xabdf8d33d480_1037, v0xabdf8d33d480_1038, v0xabdf8d33d480_1039, v0xabdf8d33d480_1040;
v0xabdf8d33d480_1041 .array/port v0xabdf8d33d480, 1041;
v0xabdf8d33d480_1042 .array/port v0xabdf8d33d480, 1042;
v0xabdf8d33d480_1043 .array/port v0xabdf8d33d480, 1043;
v0xabdf8d33d480_1044 .array/port v0xabdf8d33d480, 1044;
E_0xabdf8d0ee570/262 .event anyedge, v0xabdf8d33d480_1041, v0xabdf8d33d480_1042, v0xabdf8d33d480_1043, v0xabdf8d33d480_1044;
v0xabdf8d33d480_1045 .array/port v0xabdf8d33d480, 1045;
v0xabdf8d33d480_1046 .array/port v0xabdf8d33d480, 1046;
v0xabdf8d33d480_1047 .array/port v0xabdf8d33d480, 1047;
v0xabdf8d33d480_1048 .array/port v0xabdf8d33d480, 1048;
E_0xabdf8d0ee570/263 .event anyedge, v0xabdf8d33d480_1045, v0xabdf8d33d480_1046, v0xabdf8d33d480_1047, v0xabdf8d33d480_1048;
v0xabdf8d33d480_1049 .array/port v0xabdf8d33d480, 1049;
v0xabdf8d33d480_1050 .array/port v0xabdf8d33d480, 1050;
v0xabdf8d33d480_1051 .array/port v0xabdf8d33d480, 1051;
v0xabdf8d33d480_1052 .array/port v0xabdf8d33d480, 1052;
E_0xabdf8d0ee570/264 .event anyedge, v0xabdf8d33d480_1049, v0xabdf8d33d480_1050, v0xabdf8d33d480_1051, v0xabdf8d33d480_1052;
v0xabdf8d33d480_1053 .array/port v0xabdf8d33d480, 1053;
v0xabdf8d33d480_1054 .array/port v0xabdf8d33d480, 1054;
v0xabdf8d33d480_1055 .array/port v0xabdf8d33d480, 1055;
v0xabdf8d33d480_1056 .array/port v0xabdf8d33d480, 1056;
E_0xabdf8d0ee570/265 .event anyedge, v0xabdf8d33d480_1053, v0xabdf8d33d480_1054, v0xabdf8d33d480_1055, v0xabdf8d33d480_1056;
v0xabdf8d33d480_1057 .array/port v0xabdf8d33d480, 1057;
v0xabdf8d33d480_1058 .array/port v0xabdf8d33d480, 1058;
v0xabdf8d33d480_1059 .array/port v0xabdf8d33d480, 1059;
v0xabdf8d33d480_1060 .array/port v0xabdf8d33d480, 1060;
E_0xabdf8d0ee570/266 .event anyedge, v0xabdf8d33d480_1057, v0xabdf8d33d480_1058, v0xabdf8d33d480_1059, v0xabdf8d33d480_1060;
v0xabdf8d33d480_1061 .array/port v0xabdf8d33d480, 1061;
v0xabdf8d33d480_1062 .array/port v0xabdf8d33d480, 1062;
v0xabdf8d33d480_1063 .array/port v0xabdf8d33d480, 1063;
v0xabdf8d33d480_1064 .array/port v0xabdf8d33d480, 1064;
E_0xabdf8d0ee570/267 .event anyedge, v0xabdf8d33d480_1061, v0xabdf8d33d480_1062, v0xabdf8d33d480_1063, v0xabdf8d33d480_1064;
v0xabdf8d33d480_1065 .array/port v0xabdf8d33d480, 1065;
v0xabdf8d33d480_1066 .array/port v0xabdf8d33d480, 1066;
v0xabdf8d33d480_1067 .array/port v0xabdf8d33d480, 1067;
v0xabdf8d33d480_1068 .array/port v0xabdf8d33d480, 1068;
E_0xabdf8d0ee570/268 .event anyedge, v0xabdf8d33d480_1065, v0xabdf8d33d480_1066, v0xabdf8d33d480_1067, v0xabdf8d33d480_1068;
v0xabdf8d33d480_1069 .array/port v0xabdf8d33d480, 1069;
v0xabdf8d33d480_1070 .array/port v0xabdf8d33d480, 1070;
v0xabdf8d33d480_1071 .array/port v0xabdf8d33d480, 1071;
v0xabdf8d33d480_1072 .array/port v0xabdf8d33d480, 1072;
E_0xabdf8d0ee570/269 .event anyedge, v0xabdf8d33d480_1069, v0xabdf8d33d480_1070, v0xabdf8d33d480_1071, v0xabdf8d33d480_1072;
v0xabdf8d33d480_1073 .array/port v0xabdf8d33d480, 1073;
v0xabdf8d33d480_1074 .array/port v0xabdf8d33d480, 1074;
v0xabdf8d33d480_1075 .array/port v0xabdf8d33d480, 1075;
v0xabdf8d33d480_1076 .array/port v0xabdf8d33d480, 1076;
E_0xabdf8d0ee570/270 .event anyedge, v0xabdf8d33d480_1073, v0xabdf8d33d480_1074, v0xabdf8d33d480_1075, v0xabdf8d33d480_1076;
v0xabdf8d33d480_1077 .array/port v0xabdf8d33d480, 1077;
v0xabdf8d33d480_1078 .array/port v0xabdf8d33d480, 1078;
v0xabdf8d33d480_1079 .array/port v0xabdf8d33d480, 1079;
v0xabdf8d33d480_1080 .array/port v0xabdf8d33d480, 1080;
E_0xabdf8d0ee570/271 .event anyedge, v0xabdf8d33d480_1077, v0xabdf8d33d480_1078, v0xabdf8d33d480_1079, v0xabdf8d33d480_1080;
v0xabdf8d33d480_1081 .array/port v0xabdf8d33d480, 1081;
v0xabdf8d33d480_1082 .array/port v0xabdf8d33d480, 1082;
v0xabdf8d33d480_1083 .array/port v0xabdf8d33d480, 1083;
v0xabdf8d33d480_1084 .array/port v0xabdf8d33d480, 1084;
E_0xabdf8d0ee570/272 .event anyedge, v0xabdf8d33d480_1081, v0xabdf8d33d480_1082, v0xabdf8d33d480_1083, v0xabdf8d33d480_1084;
v0xabdf8d33d480_1085 .array/port v0xabdf8d33d480, 1085;
v0xabdf8d33d480_1086 .array/port v0xabdf8d33d480, 1086;
v0xabdf8d33d480_1087 .array/port v0xabdf8d33d480, 1087;
v0xabdf8d33d480_1088 .array/port v0xabdf8d33d480, 1088;
E_0xabdf8d0ee570/273 .event anyedge, v0xabdf8d33d480_1085, v0xabdf8d33d480_1086, v0xabdf8d33d480_1087, v0xabdf8d33d480_1088;
v0xabdf8d33d480_1089 .array/port v0xabdf8d33d480, 1089;
v0xabdf8d33d480_1090 .array/port v0xabdf8d33d480, 1090;
v0xabdf8d33d480_1091 .array/port v0xabdf8d33d480, 1091;
v0xabdf8d33d480_1092 .array/port v0xabdf8d33d480, 1092;
E_0xabdf8d0ee570/274 .event anyedge, v0xabdf8d33d480_1089, v0xabdf8d33d480_1090, v0xabdf8d33d480_1091, v0xabdf8d33d480_1092;
v0xabdf8d33d480_1093 .array/port v0xabdf8d33d480, 1093;
v0xabdf8d33d480_1094 .array/port v0xabdf8d33d480, 1094;
v0xabdf8d33d480_1095 .array/port v0xabdf8d33d480, 1095;
v0xabdf8d33d480_1096 .array/port v0xabdf8d33d480, 1096;
E_0xabdf8d0ee570/275 .event anyedge, v0xabdf8d33d480_1093, v0xabdf8d33d480_1094, v0xabdf8d33d480_1095, v0xabdf8d33d480_1096;
v0xabdf8d33d480_1097 .array/port v0xabdf8d33d480, 1097;
v0xabdf8d33d480_1098 .array/port v0xabdf8d33d480, 1098;
v0xabdf8d33d480_1099 .array/port v0xabdf8d33d480, 1099;
v0xabdf8d33d480_1100 .array/port v0xabdf8d33d480, 1100;
E_0xabdf8d0ee570/276 .event anyedge, v0xabdf8d33d480_1097, v0xabdf8d33d480_1098, v0xabdf8d33d480_1099, v0xabdf8d33d480_1100;
v0xabdf8d33d480_1101 .array/port v0xabdf8d33d480, 1101;
v0xabdf8d33d480_1102 .array/port v0xabdf8d33d480, 1102;
v0xabdf8d33d480_1103 .array/port v0xabdf8d33d480, 1103;
v0xabdf8d33d480_1104 .array/port v0xabdf8d33d480, 1104;
E_0xabdf8d0ee570/277 .event anyedge, v0xabdf8d33d480_1101, v0xabdf8d33d480_1102, v0xabdf8d33d480_1103, v0xabdf8d33d480_1104;
v0xabdf8d33d480_1105 .array/port v0xabdf8d33d480, 1105;
v0xabdf8d33d480_1106 .array/port v0xabdf8d33d480, 1106;
v0xabdf8d33d480_1107 .array/port v0xabdf8d33d480, 1107;
v0xabdf8d33d480_1108 .array/port v0xabdf8d33d480, 1108;
E_0xabdf8d0ee570/278 .event anyedge, v0xabdf8d33d480_1105, v0xabdf8d33d480_1106, v0xabdf8d33d480_1107, v0xabdf8d33d480_1108;
v0xabdf8d33d480_1109 .array/port v0xabdf8d33d480, 1109;
v0xabdf8d33d480_1110 .array/port v0xabdf8d33d480, 1110;
v0xabdf8d33d480_1111 .array/port v0xabdf8d33d480, 1111;
v0xabdf8d33d480_1112 .array/port v0xabdf8d33d480, 1112;
E_0xabdf8d0ee570/279 .event anyedge, v0xabdf8d33d480_1109, v0xabdf8d33d480_1110, v0xabdf8d33d480_1111, v0xabdf8d33d480_1112;
v0xabdf8d33d480_1113 .array/port v0xabdf8d33d480, 1113;
v0xabdf8d33d480_1114 .array/port v0xabdf8d33d480, 1114;
v0xabdf8d33d480_1115 .array/port v0xabdf8d33d480, 1115;
v0xabdf8d33d480_1116 .array/port v0xabdf8d33d480, 1116;
E_0xabdf8d0ee570/280 .event anyedge, v0xabdf8d33d480_1113, v0xabdf8d33d480_1114, v0xabdf8d33d480_1115, v0xabdf8d33d480_1116;
v0xabdf8d33d480_1117 .array/port v0xabdf8d33d480, 1117;
v0xabdf8d33d480_1118 .array/port v0xabdf8d33d480, 1118;
v0xabdf8d33d480_1119 .array/port v0xabdf8d33d480, 1119;
v0xabdf8d33d480_1120 .array/port v0xabdf8d33d480, 1120;
E_0xabdf8d0ee570/281 .event anyedge, v0xabdf8d33d480_1117, v0xabdf8d33d480_1118, v0xabdf8d33d480_1119, v0xabdf8d33d480_1120;
v0xabdf8d33d480_1121 .array/port v0xabdf8d33d480, 1121;
v0xabdf8d33d480_1122 .array/port v0xabdf8d33d480, 1122;
v0xabdf8d33d480_1123 .array/port v0xabdf8d33d480, 1123;
v0xabdf8d33d480_1124 .array/port v0xabdf8d33d480, 1124;
E_0xabdf8d0ee570/282 .event anyedge, v0xabdf8d33d480_1121, v0xabdf8d33d480_1122, v0xabdf8d33d480_1123, v0xabdf8d33d480_1124;
v0xabdf8d33d480_1125 .array/port v0xabdf8d33d480, 1125;
v0xabdf8d33d480_1126 .array/port v0xabdf8d33d480, 1126;
v0xabdf8d33d480_1127 .array/port v0xabdf8d33d480, 1127;
v0xabdf8d33d480_1128 .array/port v0xabdf8d33d480, 1128;
E_0xabdf8d0ee570/283 .event anyedge, v0xabdf8d33d480_1125, v0xabdf8d33d480_1126, v0xabdf8d33d480_1127, v0xabdf8d33d480_1128;
v0xabdf8d33d480_1129 .array/port v0xabdf8d33d480, 1129;
v0xabdf8d33d480_1130 .array/port v0xabdf8d33d480, 1130;
v0xabdf8d33d480_1131 .array/port v0xabdf8d33d480, 1131;
v0xabdf8d33d480_1132 .array/port v0xabdf8d33d480, 1132;
E_0xabdf8d0ee570/284 .event anyedge, v0xabdf8d33d480_1129, v0xabdf8d33d480_1130, v0xabdf8d33d480_1131, v0xabdf8d33d480_1132;
v0xabdf8d33d480_1133 .array/port v0xabdf8d33d480, 1133;
v0xabdf8d33d480_1134 .array/port v0xabdf8d33d480, 1134;
v0xabdf8d33d480_1135 .array/port v0xabdf8d33d480, 1135;
v0xabdf8d33d480_1136 .array/port v0xabdf8d33d480, 1136;
E_0xabdf8d0ee570/285 .event anyedge, v0xabdf8d33d480_1133, v0xabdf8d33d480_1134, v0xabdf8d33d480_1135, v0xabdf8d33d480_1136;
v0xabdf8d33d480_1137 .array/port v0xabdf8d33d480, 1137;
v0xabdf8d33d480_1138 .array/port v0xabdf8d33d480, 1138;
v0xabdf8d33d480_1139 .array/port v0xabdf8d33d480, 1139;
v0xabdf8d33d480_1140 .array/port v0xabdf8d33d480, 1140;
E_0xabdf8d0ee570/286 .event anyedge, v0xabdf8d33d480_1137, v0xabdf8d33d480_1138, v0xabdf8d33d480_1139, v0xabdf8d33d480_1140;
v0xabdf8d33d480_1141 .array/port v0xabdf8d33d480, 1141;
v0xabdf8d33d480_1142 .array/port v0xabdf8d33d480, 1142;
v0xabdf8d33d480_1143 .array/port v0xabdf8d33d480, 1143;
v0xabdf8d33d480_1144 .array/port v0xabdf8d33d480, 1144;
E_0xabdf8d0ee570/287 .event anyedge, v0xabdf8d33d480_1141, v0xabdf8d33d480_1142, v0xabdf8d33d480_1143, v0xabdf8d33d480_1144;
v0xabdf8d33d480_1145 .array/port v0xabdf8d33d480, 1145;
v0xabdf8d33d480_1146 .array/port v0xabdf8d33d480, 1146;
v0xabdf8d33d480_1147 .array/port v0xabdf8d33d480, 1147;
v0xabdf8d33d480_1148 .array/port v0xabdf8d33d480, 1148;
E_0xabdf8d0ee570/288 .event anyedge, v0xabdf8d33d480_1145, v0xabdf8d33d480_1146, v0xabdf8d33d480_1147, v0xabdf8d33d480_1148;
v0xabdf8d33d480_1149 .array/port v0xabdf8d33d480, 1149;
v0xabdf8d33d480_1150 .array/port v0xabdf8d33d480, 1150;
v0xabdf8d33d480_1151 .array/port v0xabdf8d33d480, 1151;
v0xabdf8d33d480_1152 .array/port v0xabdf8d33d480, 1152;
E_0xabdf8d0ee570/289 .event anyedge, v0xabdf8d33d480_1149, v0xabdf8d33d480_1150, v0xabdf8d33d480_1151, v0xabdf8d33d480_1152;
v0xabdf8d33d480_1153 .array/port v0xabdf8d33d480, 1153;
v0xabdf8d33d480_1154 .array/port v0xabdf8d33d480, 1154;
v0xabdf8d33d480_1155 .array/port v0xabdf8d33d480, 1155;
v0xabdf8d33d480_1156 .array/port v0xabdf8d33d480, 1156;
E_0xabdf8d0ee570/290 .event anyedge, v0xabdf8d33d480_1153, v0xabdf8d33d480_1154, v0xabdf8d33d480_1155, v0xabdf8d33d480_1156;
v0xabdf8d33d480_1157 .array/port v0xabdf8d33d480, 1157;
v0xabdf8d33d480_1158 .array/port v0xabdf8d33d480, 1158;
v0xabdf8d33d480_1159 .array/port v0xabdf8d33d480, 1159;
v0xabdf8d33d480_1160 .array/port v0xabdf8d33d480, 1160;
E_0xabdf8d0ee570/291 .event anyedge, v0xabdf8d33d480_1157, v0xabdf8d33d480_1158, v0xabdf8d33d480_1159, v0xabdf8d33d480_1160;
v0xabdf8d33d480_1161 .array/port v0xabdf8d33d480, 1161;
v0xabdf8d33d480_1162 .array/port v0xabdf8d33d480, 1162;
v0xabdf8d33d480_1163 .array/port v0xabdf8d33d480, 1163;
v0xabdf8d33d480_1164 .array/port v0xabdf8d33d480, 1164;
E_0xabdf8d0ee570/292 .event anyedge, v0xabdf8d33d480_1161, v0xabdf8d33d480_1162, v0xabdf8d33d480_1163, v0xabdf8d33d480_1164;
v0xabdf8d33d480_1165 .array/port v0xabdf8d33d480, 1165;
v0xabdf8d33d480_1166 .array/port v0xabdf8d33d480, 1166;
v0xabdf8d33d480_1167 .array/port v0xabdf8d33d480, 1167;
v0xabdf8d33d480_1168 .array/port v0xabdf8d33d480, 1168;
E_0xabdf8d0ee570/293 .event anyedge, v0xabdf8d33d480_1165, v0xabdf8d33d480_1166, v0xabdf8d33d480_1167, v0xabdf8d33d480_1168;
v0xabdf8d33d480_1169 .array/port v0xabdf8d33d480, 1169;
v0xabdf8d33d480_1170 .array/port v0xabdf8d33d480, 1170;
v0xabdf8d33d480_1171 .array/port v0xabdf8d33d480, 1171;
v0xabdf8d33d480_1172 .array/port v0xabdf8d33d480, 1172;
E_0xabdf8d0ee570/294 .event anyedge, v0xabdf8d33d480_1169, v0xabdf8d33d480_1170, v0xabdf8d33d480_1171, v0xabdf8d33d480_1172;
v0xabdf8d33d480_1173 .array/port v0xabdf8d33d480, 1173;
v0xabdf8d33d480_1174 .array/port v0xabdf8d33d480, 1174;
v0xabdf8d33d480_1175 .array/port v0xabdf8d33d480, 1175;
v0xabdf8d33d480_1176 .array/port v0xabdf8d33d480, 1176;
E_0xabdf8d0ee570/295 .event anyedge, v0xabdf8d33d480_1173, v0xabdf8d33d480_1174, v0xabdf8d33d480_1175, v0xabdf8d33d480_1176;
v0xabdf8d33d480_1177 .array/port v0xabdf8d33d480, 1177;
v0xabdf8d33d480_1178 .array/port v0xabdf8d33d480, 1178;
v0xabdf8d33d480_1179 .array/port v0xabdf8d33d480, 1179;
v0xabdf8d33d480_1180 .array/port v0xabdf8d33d480, 1180;
E_0xabdf8d0ee570/296 .event anyedge, v0xabdf8d33d480_1177, v0xabdf8d33d480_1178, v0xabdf8d33d480_1179, v0xabdf8d33d480_1180;
v0xabdf8d33d480_1181 .array/port v0xabdf8d33d480, 1181;
v0xabdf8d33d480_1182 .array/port v0xabdf8d33d480, 1182;
v0xabdf8d33d480_1183 .array/port v0xabdf8d33d480, 1183;
v0xabdf8d33d480_1184 .array/port v0xabdf8d33d480, 1184;
E_0xabdf8d0ee570/297 .event anyedge, v0xabdf8d33d480_1181, v0xabdf8d33d480_1182, v0xabdf8d33d480_1183, v0xabdf8d33d480_1184;
v0xabdf8d33d480_1185 .array/port v0xabdf8d33d480, 1185;
v0xabdf8d33d480_1186 .array/port v0xabdf8d33d480, 1186;
v0xabdf8d33d480_1187 .array/port v0xabdf8d33d480, 1187;
v0xabdf8d33d480_1188 .array/port v0xabdf8d33d480, 1188;
E_0xabdf8d0ee570/298 .event anyedge, v0xabdf8d33d480_1185, v0xabdf8d33d480_1186, v0xabdf8d33d480_1187, v0xabdf8d33d480_1188;
v0xabdf8d33d480_1189 .array/port v0xabdf8d33d480, 1189;
v0xabdf8d33d480_1190 .array/port v0xabdf8d33d480, 1190;
v0xabdf8d33d480_1191 .array/port v0xabdf8d33d480, 1191;
v0xabdf8d33d480_1192 .array/port v0xabdf8d33d480, 1192;
E_0xabdf8d0ee570/299 .event anyedge, v0xabdf8d33d480_1189, v0xabdf8d33d480_1190, v0xabdf8d33d480_1191, v0xabdf8d33d480_1192;
v0xabdf8d33d480_1193 .array/port v0xabdf8d33d480, 1193;
v0xabdf8d33d480_1194 .array/port v0xabdf8d33d480, 1194;
v0xabdf8d33d480_1195 .array/port v0xabdf8d33d480, 1195;
v0xabdf8d33d480_1196 .array/port v0xabdf8d33d480, 1196;
E_0xabdf8d0ee570/300 .event anyedge, v0xabdf8d33d480_1193, v0xabdf8d33d480_1194, v0xabdf8d33d480_1195, v0xabdf8d33d480_1196;
v0xabdf8d33d480_1197 .array/port v0xabdf8d33d480, 1197;
v0xabdf8d33d480_1198 .array/port v0xabdf8d33d480, 1198;
v0xabdf8d33d480_1199 .array/port v0xabdf8d33d480, 1199;
v0xabdf8d33d480_1200 .array/port v0xabdf8d33d480, 1200;
E_0xabdf8d0ee570/301 .event anyedge, v0xabdf8d33d480_1197, v0xabdf8d33d480_1198, v0xabdf8d33d480_1199, v0xabdf8d33d480_1200;
v0xabdf8d33d480_1201 .array/port v0xabdf8d33d480, 1201;
v0xabdf8d33d480_1202 .array/port v0xabdf8d33d480, 1202;
v0xabdf8d33d480_1203 .array/port v0xabdf8d33d480, 1203;
v0xabdf8d33d480_1204 .array/port v0xabdf8d33d480, 1204;
E_0xabdf8d0ee570/302 .event anyedge, v0xabdf8d33d480_1201, v0xabdf8d33d480_1202, v0xabdf8d33d480_1203, v0xabdf8d33d480_1204;
v0xabdf8d33d480_1205 .array/port v0xabdf8d33d480, 1205;
v0xabdf8d33d480_1206 .array/port v0xabdf8d33d480, 1206;
v0xabdf8d33d480_1207 .array/port v0xabdf8d33d480, 1207;
v0xabdf8d33d480_1208 .array/port v0xabdf8d33d480, 1208;
E_0xabdf8d0ee570/303 .event anyedge, v0xabdf8d33d480_1205, v0xabdf8d33d480_1206, v0xabdf8d33d480_1207, v0xabdf8d33d480_1208;
v0xabdf8d33d480_1209 .array/port v0xabdf8d33d480, 1209;
v0xabdf8d33d480_1210 .array/port v0xabdf8d33d480, 1210;
v0xabdf8d33d480_1211 .array/port v0xabdf8d33d480, 1211;
v0xabdf8d33d480_1212 .array/port v0xabdf8d33d480, 1212;
E_0xabdf8d0ee570/304 .event anyedge, v0xabdf8d33d480_1209, v0xabdf8d33d480_1210, v0xabdf8d33d480_1211, v0xabdf8d33d480_1212;
v0xabdf8d33d480_1213 .array/port v0xabdf8d33d480, 1213;
v0xabdf8d33d480_1214 .array/port v0xabdf8d33d480, 1214;
v0xabdf8d33d480_1215 .array/port v0xabdf8d33d480, 1215;
v0xabdf8d33d480_1216 .array/port v0xabdf8d33d480, 1216;
E_0xabdf8d0ee570/305 .event anyedge, v0xabdf8d33d480_1213, v0xabdf8d33d480_1214, v0xabdf8d33d480_1215, v0xabdf8d33d480_1216;
v0xabdf8d33d480_1217 .array/port v0xabdf8d33d480, 1217;
v0xabdf8d33d480_1218 .array/port v0xabdf8d33d480, 1218;
v0xabdf8d33d480_1219 .array/port v0xabdf8d33d480, 1219;
v0xabdf8d33d480_1220 .array/port v0xabdf8d33d480, 1220;
E_0xabdf8d0ee570/306 .event anyedge, v0xabdf8d33d480_1217, v0xabdf8d33d480_1218, v0xabdf8d33d480_1219, v0xabdf8d33d480_1220;
v0xabdf8d33d480_1221 .array/port v0xabdf8d33d480, 1221;
v0xabdf8d33d480_1222 .array/port v0xabdf8d33d480, 1222;
v0xabdf8d33d480_1223 .array/port v0xabdf8d33d480, 1223;
v0xabdf8d33d480_1224 .array/port v0xabdf8d33d480, 1224;
E_0xabdf8d0ee570/307 .event anyedge, v0xabdf8d33d480_1221, v0xabdf8d33d480_1222, v0xabdf8d33d480_1223, v0xabdf8d33d480_1224;
v0xabdf8d33d480_1225 .array/port v0xabdf8d33d480, 1225;
v0xabdf8d33d480_1226 .array/port v0xabdf8d33d480, 1226;
v0xabdf8d33d480_1227 .array/port v0xabdf8d33d480, 1227;
v0xabdf8d33d480_1228 .array/port v0xabdf8d33d480, 1228;
E_0xabdf8d0ee570/308 .event anyedge, v0xabdf8d33d480_1225, v0xabdf8d33d480_1226, v0xabdf8d33d480_1227, v0xabdf8d33d480_1228;
v0xabdf8d33d480_1229 .array/port v0xabdf8d33d480, 1229;
v0xabdf8d33d480_1230 .array/port v0xabdf8d33d480, 1230;
v0xabdf8d33d480_1231 .array/port v0xabdf8d33d480, 1231;
v0xabdf8d33d480_1232 .array/port v0xabdf8d33d480, 1232;
E_0xabdf8d0ee570/309 .event anyedge, v0xabdf8d33d480_1229, v0xabdf8d33d480_1230, v0xabdf8d33d480_1231, v0xabdf8d33d480_1232;
v0xabdf8d33d480_1233 .array/port v0xabdf8d33d480, 1233;
v0xabdf8d33d480_1234 .array/port v0xabdf8d33d480, 1234;
v0xabdf8d33d480_1235 .array/port v0xabdf8d33d480, 1235;
v0xabdf8d33d480_1236 .array/port v0xabdf8d33d480, 1236;
E_0xabdf8d0ee570/310 .event anyedge, v0xabdf8d33d480_1233, v0xabdf8d33d480_1234, v0xabdf8d33d480_1235, v0xabdf8d33d480_1236;
v0xabdf8d33d480_1237 .array/port v0xabdf8d33d480, 1237;
v0xabdf8d33d480_1238 .array/port v0xabdf8d33d480, 1238;
v0xabdf8d33d480_1239 .array/port v0xabdf8d33d480, 1239;
v0xabdf8d33d480_1240 .array/port v0xabdf8d33d480, 1240;
E_0xabdf8d0ee570/311 .event anyedge, v0xabdf8d33d480_1237, v0xabdf8d33d480_1238, v0xabdf8d33d480_1239, v0xabdf8d33d480_1240;
v0xabdf8d33d480_1241 .array/port v0xabdf8d33d480, 1241;
v0xabdf8d33d480_1242 .array/port v0xabdf8d33d480, 1242;
v0xabdf8d33d480_1243 .array/port v0xabdf8d33d480, 1243;
v0xabdf8d33d480_1244 .array/port v0xabdf8d33d480, 1244;
E_0xabdf8d0ee570/312 .event anyedge, v0xabdf8d33d480_1241, v0xabdf8d33d480_1242, v0xabdf8d33d480_1243, v0xabdf8d33d480_1244;
v0xabdf8d33d480_1245 .array/port v0xabdf8d33d480, 1245;
v0xabdf8d33d480_1246 .array/port v0xabdf8d33d480, 1246;
v0xabdf8d33d480_1247 .array/port v0xabdf8d33d480, 1247;
v0xabdf8d33d480_1248 .array/port v0xabdf8d33d480, 1248;
E_0xabdf8d0ee570/313 .event anyedge, v0xabdf8d33d480_1245, v0xabdf8d33d480_1246, v0xabdf8d33d480_1247, v0xabdf8d33d480_1248;
v0xabdf8d33d480_1249 .array/port v0xabdf8d33d480, 1249;
v0xabdf8d33d480_1250 .array/port v0xabdf8d33d480, 1250;
v0xabdf8d33d480_1251 .array/port v0xabdf8d33d480, 1251;
v0xabdf8d33d480_1252 .array/port v0xabdf8d33d480, 1252;
E_0xabdf8d0ee570/314 .event anyedge, v0xabdf8d33d480_1249, v0xabdf8d33d480_1250, v0xabdf8d33d480_1251, v0xabdf8d33d480_1252;
v0xabdf8d33d480_1253 .array/port v0xabdf8d33d480, 1253;
v0xabdf8d33d480_1254 .array/port v0xabdf8d33d480, 1254;
v0xabdf8d33d480_1255 .array/port v0xabdf8d33d480, 1255;
v0xabdf8d33d480_1256 .array/port v0xabdf8d33d480, 1256;
E_0xabdf8d0ee570/315 .event anyedge, v0xabdf8d33d480_1253, v0xabdf8d33d480_1254, v0xabdf8d33d480_1255, v0xabdf8d33d480_1256;
v0xabdf8d33d480_1257 .array/port v0xabdf8d33d480, 1257;
v0xabdf8d33d480_1258 .array/port v0xabdf8d33d480, 1258;
v0xabdf8d33d480_1259 .array/port v0xabdf8d33d480, 1259;
v0xabdf8d33d480_1260 .array/port v0xabdf8d33d480, 1260;
E_0xabdf8d0ee570/316 .event anyedge, v0xabdf8d33d480_1257, v0xabdf8d33d480_1258, v0xabdf8d33d480_1259, v0xabdf8d33d480_1260;
v0xabdf8d33d480_1261 .array/port v0xabdf8d33d480, 1261;
v0xabdf8d33d480_1262 .array/port v0xabdf8d33d480, 1262;
v0xabdf8d33d480_1263 .array/port v0xabdf8d33d480, 1263;
v0xabdf8d33d480_1264 .array/port v0xabdf8d33d480, 1264;
E_0xabdf8d0ee570/317 .event anyedge, v0xabdf8d33d480_1261, v0xabdf8d33d480_1262, v0xabdf8d33d480_1263, v0xabdf8d33d480_1264;
v0xabdf8d33d480_1265 .array/port v0xabdf8d33d480, 1265;
v0xabdf8d33d480_1266 .array/port v0xabdf8d33d480, 1266;
v0xabdf8d33d480_1267 .array/port v0xabdf8d33d480, 1267;
v0xabdf8d33d480_1268 .array/port v0xabdf8d33d480, 1268;
E_0xabdf8d0ee570/318 .event anyedge, v0xabdf8d33d480_1265, v0xabdf8d33d480_1266, v0xabdf8d33d480_1267, v0xabdf8d33d480_1268;
v0xabdf8d33d480_1269 .array/port v0xabdf8d33d480, 1269;
v0xabdf8d33d480_1270 .array/port v0xabdf8d33d480, 1270;
v0xabdf8d33d480_1271 .array/port v0xabdf8d33d480, 1271;
v0xabdf8d33d480_1272 .array/port v0xabdf8d33d480, 1272;
E_0xabdf8d0ee570/319 .event anyedge, v0xabdf8d33d480_1269, v0xabdf8d33d480_1270, v0xabdf8d33d480_1271, v0xabdf8d33d480_1272;
v0xabdf8d33d480_1273 .array/port v0xabdf8d33d480, 1273;
v0xabdf8d33d480_1274 .array/port v0xabdf8d33d480, 1274;
v0xabdf8d33d480_1275 .array/port v0xabdf8d33d480, 1275;
v0xabdf8d33d480_1276 .array/port v0xabdf8d33d480, 1276;
E_0xabdf8d0ee570/320 .event anyedge, v0xabdf8d33d480_1273, v0xabdf8d33d480_1274, v0xabdf8d33d480_1275, v0xabdf8d33d480_1276;
v0xabdf8d33d480_1277 .array/port v0xabdf8d33d480, 1277;
v0xabdf8d33d480_1278 .array/port v0xabdf8d33d480, 1278;
v0xabdf8d33d480_1279 .array/port v0xabdf8d33d480, 1279;
v0xabdf8d33d480_1280 .array/port v0xabdf8d33d480, 1280;
E_0xabdf8d0ee570/321 .event anyedge, v0xabdf8d33d480_1277, v0xabdf8d33d480_1278, v0xabdf8d33d480_1279, v0xabdf8d33d480_1280;
v0xabdf8d33d480_1281 .array/port v0xabdf8d33d480, 1281;
v0xabdf8d33d480_1282 .array/port v0xabdf8d33d480, 1282;
v0xabdf8d33d480_1283 .array/port v0xabdf8d33d480, 1283;
v0xabdf8d33d480_1284 .array/port v0xabdf8d33d480, 1284;
E_0xabdf8d0ee570/322 .event anyedge, v0xabdf8d33d480_1281, v0xabdf8d33d480_1282, v0xabdf8d33d480_1283, v0xabdf8d33d480_1284;
v0xabdf8d33d480_1285 .array/port v0xabdf8d33d480, 1285;
v0xabdf8d33d480_1286 .array/port v0xabdf8d33d480, 1286;
v0xabdf8d33d480_1287 .array/port v0xabdf8d33d480, 1287;
v0xabdf8d33d480_1288 .array/port v0xabdf8d33d480, 1288;
E_0xabdf8d0ee570/323 .event anyedge, v0xabdf8d33d480_1285, v0xabdf8d33d480_1286, v0xabdf8d33d480_1287, v0xabdf8d33d480_1288;
v0xabdf8d33d480_1289 .array/port v0xabdf8d33d480, 1289;
v0xabdf8d33d480_1290 .array/port v0xabdf8d33d480, 1290;
v0xabdf8d33d480_1291 .array/port v0xabdf8d33d480, 1291;
v0xabdf8d33d480_1292 .array/port v0xabdf8d33d480, 1292;
E_0xabdf8d0ee570/324 .event anyedge, v0xabdf8d33d480_1289, v0xabdf8d33d480_1290, v0xabdf8d33d480_1291, v0xabdf8d33d480_1292;
v0xabdf8d33d480_1293 .array/port v0xabdf8d33d480, 1293;
v0xabdf8d33d480_1294 .array/port v0xabdf8d33d480, 1294;
v0xabdf8d33d480_1295 .array/port v0xabdf8d33d480, 1295;
v0xabdf8d33d480_1296 .array/port v0xabdf8d33d480, 1296;
E_0xabdf8d0ee570/325 .event anyedge, v0xabdf8d33d480_1293, v0xabdf8d33d480_1294, v0xabdf8d33d480_1295, v0xabdf8d33d480_1296;
v0xabdf8d33d480_1297 .array/port v0xabdf8d33d480, 1297;
v0xabdf8d33d480_1298 .array/port v0xabdf8d33d480, 1298;
v0xabdf8d33d480_1299 .array/port v0xabdf8d33d480, 1299;
v0xabdf8d33d480_1300 .array/port v0xabdf8d33d480, 1300;
E_0xabdf8d0ee570/326 .event anyedge, v0xabdf8d33d480_1297, v0xabdf8d33d480_1298, v0xabdf8d33d480_1299, v0xabdf8d33d480_1300;
v0xabdf8d33d480_1301 .array/port v0xabdf8d33d480, 1301;
v0xabdf8d33d480_1302 .array/port v0xabdf8d33d480, 1302;
v0xabdf8d33d480_1303 .array/port v0xabdf8d33d480, 1303;
v0xabdf8d33d480_1304 .array/port v0xabdf8d33d480, 1304;
E_0xabdf8d0ee570/327 .event anyedge, v0xabdf8d33d480_1301, v0xabdf8d33d480_1302, v0xabdf8d33d480_1303, v0xabdf8d33d480_1304;
v0xabdf8d33d480_1305 .array/port v0xabdf8d33d480, 1305;
v0xabdf8d33d480_1306 .array/port v0xabdf8d33d480, 1306;
v0xabdf8d33d480_1307 .array/port v0xabdf8d33d480, 1307;
v0xabdf8d33d480_1308 .array/port v0xabdf8d33d480, 1308;
E_0xabdf8d0ee570/328 .event anyedge, v0xabdf8d33d480_1305, v0xabdf8d33d480_1306, v0xabdf8d33d480_1307, v0xabdf8d33d480_1308;
v0xabdf8d33d480_1309 .array/port v0xabdf8d33d480, 1309;
v0xabdf8d33d480_1310 .array/port v0xabdf8d33d480, 1310;
v0xabdf8d33d480_1311 .array/port v0xabdf8d33d480, 1311;
v0xabdf8d33d480_1312 .array/port v0xabdf8d33d480, 1312;
E_0xabdf8d0ee570/329 .event anyedge, v0xabdf8d33d480_1309, v0xabdf8d33d480_1310, v0xabdf8d33d480_1311, v0xabdf8d33d480_1312;
v0xabdf8d33d480_1313 .array/port v0xabdf8d33d480, 1313;
v0xabdf8d33d480_1314 .array/port v0xabdf8d33d480, 1314;
v0xabdf8d33d480_1315 .array/port v0xabdf8d33d480, 1315;
v0xabdf8d33d480_1316 .array/port v0xabdf8d33d480, 1316;
E_0xabdf8d0ee570/330 .event anyedge, v0xabdf8d33d480_1313, v0xabdf8d33d480_1314, v0xabdf8d33d480_1315, v0xabdf8d33d480_1316;
v0xabdf8d33d480_1317 .array/port v0xabdf8d33d480, 1317;
v0xabdf8d33d480_1318 .array/port v0xabdf8d33d480, 1318;
v0xabdf8d33d480_1319 .array/port v0xabdf8d33d480, 1319;
v0xabdf8d33d480_1320 .array/port v0xabdf8d33d480, 1320;
E_0xabdf8d0ee570/331 .event anyedge, v0xabdf8d33d480_1317, v0xabdf8d33d480_1318, v0xabdf8d33d480_1319, v0xabdf8d33d480_1320;
v0xabdf8d33d480_1321 .array/port v0xabdf8d33d480, 1321;
v0xabdf8d33d480_1322 .array/port v0xabdf8d33d480, 1322;
v0xabdf8d33d480_1323 .array/port v0xabdf8d33d480, 1323;
v0xabdf8d33d480_1324 .array/port v0xabdf8d33d480, 1324;
E_0xabdf8d0ee570/332 .event anyedge, v0xabdf8d33d480_1321, v0xabdf8d33d480_1322, v0xabdf8d33d480_1323, v0xabdf8d33d480_1324;
v0xabdf8d33d480_1325 .array/port v0xabdf8d33d480, 1325;
v0xabdf8d33d480_1326 .array/port v0xabdf8d33d480, 1326;
v0xabdf8d33d480_1327 .array/port v0xabdf8d33d480, 1327;
v0xabdf8d33d480_1328 .array/port v0xabdf8d33d480, 1328;
E_0xabdf8d0ee570/333 .event anyedge, v0xabdf8d33d480_1325, v0xabdf8d33d480_1326, v0xabdf8d33d480_1327, v0xabdf8d33d480_1328;
v0xabdf8d33d480_1329 .array/port v0xabdf8d33d480, 1329;
v0xabdf8d33d480_1330 .array/port v0xabdf8d33d480, 1330;
v0xabdf8d33d480_1331 .array/port v0xabdf8d33d480, 1331;
v0xabdf8d33d480_1332 .array/port v0xabdf8d33d480, 1332;
E_0xabdf8d0ee570/334 .event anyedge, v0xabdf8d33d480_1329, v0xabdf8d33d480_1330, v0xabdf8d33d480_1331, v0xabdf8d33d480_1332;
v0xabdf8d33d480_1333 .array/port v0xabdf8d33d480, 1333;
v0xabdf8d33d480_1334 .array/port v0xabdf8d33d480, 1334;
v0xabdf8d33d480_1335 .array/port v0xabdf8d33d480, 1335;
v0xabdf8d33d480_1336 .array/port v0xabdf8d33d480, 1336;
E_0xabdf8d0ee570/335 .event anyedge, v0xabdf8d33d480_1333, v0xabdf8d33d480_1334, v0xabdf8d33d480_1335, v0xabdf8d33d480_1336;
v0xabdf8d33d480_1337 .array/port v0xabdf8d33d480, 1337;
v0xabdf8d33d480_1338 .array/port v0xabdf8d33d480, 1338;
v0xabdf8d33d480_1339 .array/port v0xabdf8d33d480, 1339;
v0xabdf8d33d480_1340 .array/port v0xabdf8d33d480, 1340;
E_0xabdf8d0ee570/336 .event anyedge, v0xabdf8d33d480_1337, v0xabdf8d33d480_1338, v0xabdf8d33d480_1339, v0xabdf8d33d480_1340;
v0xabdf8d33d480_1341 .array/port v0xabdf8d33d480, 1341;
v0xabdf8d33d480_1342 .array/port v0xabdf8d33d480, 1342;
v0xabdf8d33d480_1343 .array/port v0xabdf8d33d480, 1343;
v0xabdf8d33d480_1344 .array/port v0xabdf8d33d480, 1344;
E_0xabdf8d0ee570/337 .event anyedge, v0xabdf8d33d480_1341, v0xabdf8d33d480_1342, v0xabdf8d33d480_1343, v0xabdf8d33d480_1344;
v0xabdf8d33d480_1345 .array/port v0xabdf8d33d480, 1345;
v0xabdf8d33d480_1346 .array/port v0xabdf8d33d480, 1346;
v0xabdf8d33d480_1347 .array/port v0xabdf8d33d480, 1347;
v0xabdf8d33d480_1348 .array/port v0xabdf8d33d480, 1348;
E_0xabdf8d0ee570/338 .event anyedge, v0xabdf8d33d480_1345, v0xabdf8d33d480_1346, v0xabdf8d33d480_1347, v0xabdf8d33d480_1348;
v0xabdf8d33d480_1349 .array/port v0xabdf8d33d480, 1349;
v0xabdf8d33d480_1350 .array/port v0xabdf8d33d480, 1350;
v0xabdf8d33d480_1351 .array/port v0xabdf8d33d480, 1351;
v0xabdf8d33d480_1352 .array/port v0xabdf8d33d480, 1352;
E_0xabdf8d0ee570/339 .event anyedge, v0xabdf8d33d480_1349, v0xabdf8d33d480_1350, v0xabdf8d33d480_1351, v0xabdf8d33d480_1352;
v0xabdf8d33d480_1353 .array/port v0xabdf8d33d480, 1353;
v0xabdf8d33d480_1354 .array/port v0xabdf8d33d480, 1354;
v0xabdf8d33d480_1355 .array/port v0xabdf8d33d480, 1355;
v0xabdf8d33d480_1356 .array/port v0xabdf8d33d480, 1356;
E_0xabdf8d0ee570/340 .event anyedge, v0xabdf8d33d480_1353, v0xabdf8d33d480_1354, v0xabdf8d33d480_1355, v0xabdf8d33d480_1356;
v0xabdf8d33d480_1357 .array/port v0xabdf8d33d480, 1357;
v0xabdf8d33d480_1358 .array/port v0xabdf8d33d480, 1358;
v0xabdf8d33d480_1359 .array/port v0xabdf8d33d480, 1359;
v0xabdf8d33d480_1360 .array/port v0xabdf8d33d480, 1360;
E_0xabdf8d0ee570/341 .event anyedge, v0xabdf8d33d480_1357, v0xabdf8d33d480_1358, v0xabdf8d33d480_1359, v0xabdf8d33d480_1360;
v0xabdf8d33d480_1361 .array/port v0xabdf8d33d480, 1361;
v0xabdf8d33d480_1362 .array/port v0xabdf8d33d480, 1362;
v0xabdf8d33d480_1363 .array/port v0xabdf8d33d480, 1363;
v0xabdf8d33d480_1364 .array/port v0xabdf8d33d480, 1364;
E_0xabdf8d0ee570/342 .event anyedge, v0xabdf8d33d480_1361, v0xabdf8d33d480_1362, v0xabdf8d33d480_1363, v0xabdf8d33d480_1364;
v0xabdf8d33d480_1365 .array/port v0xabdf8d33d480, 1365;
v0xabdf8d33d480_1366 .array/port v0xabdf8d33d480, 1366;
v0xabdf8d33d480_1367 .array/port v0xabdf8d33d480, 1367;
v0xabdf8d33d480_1368 .array/port v0xabdf8d33d480, 1368;
E_0xabdf8d0ee570/343 .event anyedge, v0xabdf8d33d480_1365, v0xabdf8d33d480_1366, v0xabdf8d33d480_1367, v0xabdf8d33d480_1368;
v0xabdf8d33d480_1369 .array/port v0xabdf8d33d480, 1369;
v0xabdf8d33d480_1370 .array/port v0xabdf8d33d480, 1370;
v0xabdf8d33d480_1371 .array/port v0xabdf8d33d480, 1371;
v0xabdf8d33d480_1372 .array/port v0xabdf8d33d480, 1372;
E_0xabdf8d0ee570/344 .event anyedge, v0xabdf8d33d480_1369, v0xabdf8d33d480_1370, v0xabdf8d33d480_1371, v0xabdf8d33d480_1372;
v0xabdf8d33d480_1373 .array/port v0xabdf8d33d480, 1373;
v0xabdf8d33d480_1374 .array/port v0xabdf8d33d480, 1374;
v0xabdf8d33d480_1375 .array/port v0xabdf8d33d480, 1375;
v0xabdf8d33d480_1376 .array/port v0xabdf8d33d480, 1376;
E_0xabdf8d0ee570/345 .event anyedge, v0xabdf8d33d480_1373, v0xabdf8d33d480_1374, v0xabdf8d33d480_1375, v0xabdf8d33d480_1376;
v0xabdf8d33d480_1377 .array/port v0xabdf8d33d480, 1377;
v0xabdf8d33d480_1378 .array/port v0xabdf8d33d480, 1378;
v0xabdf8d33d480_1379 .array/port v0xabdf8d33d480, 1379;
v0xabdf8d33d480_1380 .array/port v0xabdf8d33d480, 1380;
E_0xabdf8d0ee570/346 .event anyedge, v0xabdf8d33d480_1377, v0xabdf8d33d480_1378, v0xabdf8d33d480_1379, v0xabdf8d33d480_1380;
v0xabdf8d33d480_1381 .array/port v0xabdf8d33d480, 1381;
v0xabdf8d33d480_1382 .array/port v0xabdf8d33d480, 1382;
v0xabdf8d33d480_1383 .array/port v0xabdf8d33d480, 1383;
v0xabdf8d33d480_1384 .array/port v0xabdf8d33d480, 1384;
E_0xabdf8d0ee570/347 .event anyedge, v0xabdf8d33d480_1381, v0xabdf8d33d480_1382, v0xabdf8d33d480_1383, v0xabdf8d33d480_1384;
v0xabdf8d33d480_1385 .array/port v0xabdf8d33d480, 1385;
v0xabdf8d33d480_1386 .array/port v0xabdf8d33d480, 1386;
v0xabdf8d33d480_1387 .array/port v0xabdf8d33d480, 1387;
v0xabdf8d33d480_1388 .array/port v0xabdf8d33d480, 1388;
E_0xabdf8d0ee570/348 .event anyedge, v0xabdf8d33d480_1385, v0xabdf8d33d480_1386, v0xabdf8d33d480_1387, v0xabdf8d33d480_1388;
v0xabdf8d33d480_1389 .array/port v0xabdf8d33d480, 1389;
v0xabdf8d33d480_1390 .array/port v0xabdf8d33d480, 1390;
v0xabdf8d33d480_1391 .array/port v0xabdf8d33d480, 1391;
v0xabdf8d33d480_1392 .array/port v0xabdf8d33d480, 1392;
E_0xabdf8d0ee570/349 .event anyedge, v0xabdf8d33d480_1389, v0xabdf8d33d480_1390, v0xabdf8d33d480_1391, v0xabdf8d33d480_1392;
v0xabdf8d33d480_1393 .array/port v0xabdf8d33d480, 1393;
v0xabdf8d33d480_1394 .array/port v0xabdf8d33d480, 1394;
v0xabdf8d33d480_1395 .array/port v0xabdf8d33d480, 1395;
v0xabdf8d33d480_1396 .array/port v0xabdf8d33d480, 1396;
E_0xabdf8d0ee570/350 .event anyedge, v0xabdf8d33d480_1393, v0xabdf8d33d480_1394, v0xabdf8d33d480_1395, v0xabdf8d33d480_1396;
v0xabdf8d33d480_1397 .array/port v0xabdf8d33d480, 1397;
v0xabdf8d33d480_1398 .array/port v0xabdf8d33d480, 1398;
v0xabdf8d33d480_1399 .array/port v0xabdf8d33d480, 1399;
v0xabdf8d33d480_1400 .array/port v0xabdf8d33d480, 1400;
E_0xabdf8d0ee570/351 .event anyedge, v0xabdf8d33d480_1397, v0xabdf8d33d480_1398, v0xabdf8d33d480_1399, v0xabdf8d33d480_1400;
v0xabdf8d33d480_1401 .array/port v0xabdf8d33d480, 1401;
v0xabdf8d33d480_1402 .array/port v0xabdf8d33d480, 1402;
v0xabdf8d33d480_1403 .array/port v0xabdf8d33d480, 1403;
v0xabdf8d33d480_1404 .array/port v0xabdf8d33d480, 1404;
E_0xabdf8d0ee570/352 .event anyedge, v0xabdf8d33d480_1401, v0xabdf8d33d480_1402, v0xabdf8d33d480_1403, v0xabdf8d33d480_1404;
v0xabdf8d33d480_1405 .array/port v0xabdf8d33d480, 1405;
v0xabdf8d33d480_1406 .array/port v0xabdf8d33d480, 1406;
v0xabdf8d33d480_1407 .array/port v0xabdf8d33d480, 1407;
v0xabdf8d33d480_1408 .array/port v0xabdf8d33d480, 1408;
E_0xabdf8d0ee570/353 .event anyedge, v0xabdf8d33d480_1405, v0xabdf8d33d480_1406, v0xabdf8d33d480_1407, v0xabdf8d33d480_1408;
v0xabdf8d33d480_1409 .array/port v0xabdf8d33d480, 1409;
v0xabdf8d33d480_1410 .array/port v0xabdf8d33d480, 1410;
v0xabdf8d33d480_1411 .array/port v0xabdf8d33d480, 1411;
v0xabdf8d33d480_1412 .array/port v0xabdf8d33d480, 1412;
E_0xabdf8d0ee570/354 .event anyedge, v0xabdf8d33d480_1409, v0xabdf8d33d480_1410, v0xabdf8d33d480_1411, v0xabdf8d33d480_1412;
v0xabdf8d33d480_1413 .array/port v0xabdf8d33d480, 1413;
v0xabdf8d33d480_1414 .array/port v0xabdf8d33d480, 1414;
v0xabdf8d33d480_1415 .array/port v0xabdf8d33d480, 1415;
v0xabdf8d33d480_1416 .array/port v0xabdf8d33d480, 1416;
E_0xabdf8d0ee570/355 .event anyedge, v0xabdf8d33d480_1413, v0xabdf8d33d480_1414, v0xabdf8d33d480_1415, v0xabdf8d33d480_1416;
v0xabdf8d33d480_1417 .array/port v0xabdf8d33d480, 1417;
v0xabdf8d33d480_1418 .array/port v0xabdf8d33d480, 1418;
v0xabdf8d33d480_1419 .array/port v0xabdf8d33d480, 1419;
v0xabdf8d33d480_1420 .array/port v0xabdf8d33d480, 1420;
E_0xabdf8d0ee570/356 .event anyedge, v0xabdf8d33d480_1417, v0xabdf8d33d480_1418, v0xabdf8d33d480_1419, v0xabdf8d33d480_1420;
v0xabdf8d33d480_1421 .array/port v0xabdf8d33d480, 1421;
v0xabdf8d33d480_1422 .array/port v0xabdf8d33d480, 1422;
v0xabdf8d33d480_1423 .array/port v0xabdf8d33d480, 1423;
v0xabdf8d33d480_1424 .array/port v0xabdf8d33d480, 1424;
E_0xabdf8d0ee570/357 .event anyedge, v0xabdf8d33d480_1421, v0xabdf8d33d480_1422, v0xabdf8d33d480_1423, v0xabdf8d33d480_1424;
v0xabdf8d33d480_1425 .array/port v0xabdf8d33d480, 1425;
v0xabdf8d33d480_1426 .array/port v0xabdf8d33d480, 1426;
v0xabdf8d33d480_1427 .array/port v0xabdf8d33d480, 1427;
v0xabdf8d33d480_1428 .array/port v0xabdf8d33d480, 1428;
E_0xabdf8d0ee570/358 .event anyedge, v0xabdf8d33d480_1425, v0xabdf8d33d480_1426, v0xabdf8d33d480_1427, v0xabdf8d33d480_1428;
v0xabdf8d33d480_1429 .array/port v0xabdf8d33d480, 1429;
v0xabdf8d33d480_1430 .array/port v0xabdf8d33d480, 1430;
v0xabdf8d33d480_1431 .array/port v0xabdf8d33d480, 1431;
v0xabdf8d33d480_1432 .array/port v0xabdf8d33d480, 1432;
E_0xabdf8d0ee570/359 .event anyedge, v0xabdf8d33d480_1429, v0xabdf8d33d480_1430, v0xabdf8d33d480_1431, v0xabdf8d33d480_1432;
v0xabdf8d33d480_1433 .array/port v0xabdf8d33d480, 1433;
v0xabdf8d33d480_1434 .array/port v0xabdf8d33d480, 1434;
v0xabdf8d33d480_1435 .array/port v0xabdf8d33d480, 1435;
v0xabdf8d33d480_1436 .array/port v0xabdf8d33d480, 1436;
E_0xabdf8d0ee570/360 .event anyedge, v0xabdf8d33d480_1433, v0xabdf8d33d480_1434, v0xabdf8d33d480_1435, v0xabdf8d33d480_1436;
v0xabdf8d33d480_1437 .array/port v0xabdf8d33d480, 1437;
v0xabdf8d33d480_1438 .array/port v0xabdf8d33d480, 1438;
v0xabdf8d33d480_1439 .array/port v0xabdf8d33d480, 1439;
v0xabdf8d33d480_1440 .array/port v0xabdf8d33d480, 1440;
E_0xabdf8d0ee570/361 .event anyedge, v0xabdf8d33d480_1437, v0xabdf8d33d480_1438, v0xabdf8d33d480_1439, v0xabdf8d33d480_1440;
v0xabdf8d33d480_1441 .array/port v0xabdf8d33d480, 1441;
v0xabdf8d33d480_1442 .array/port v0xabdf8d33d480, 1442;
v0xabdf8d33d480_1443 .array/port v0xabdf8d33d480, 1443;
v0xabdf8d33d480_1444 .array/port v0xabdf8d33d480, 1444;
E_0xabdf8d0ee570/362 .event anyedge, v0xabdf8d33d480_1441, v0xabdf8d33d480_1442, v0xabdf8d33d480_1443, v0xabdf8d33d480_1444;
v0xabdf8d33d480_1445 .array/port v0xabdf8d33d480, 1445;
v0xabdf8d33d480_1446 .array/port v0xabdf8d33d480, 1446;
v0xabdf8d33d480_1447 .array/port v0xabdf8d33d480, 1447;
v0xabdf8d33d480_1448 .array/port v0xabdf8d33d480, 1448;
E_0xabdf8d0ee570/363 .event anyedge, v0xabdf8d33d480_1445, v0xabdf8d33d480_1446, v0xabdf8d33d480_1447, v0xabdf8d33d480_1448;
v0xabdf8d33d480_1449 .array/port v0xabdf8d33d480, 1449;
v0xabdf8d33d480_1450 .array/port v0xabdf8d33d480, 1450;
v0xabdf8d33d480_1451 .array/port v0xabdf8d33d480, 1451;
v0xabdf8d33d480_1452 .array/port v0xabdf8d33d480, 1452;
E_0xabdf8d0ee570/364 .event anyedge, v0xabdf8d33d480_1449, v0xabdf8d33d480_1450, v0xabdf8d33d480_1451, v0xabdf8d33d480_1452;
v0xabdf8d33d480_1453 .array/port v0xabdf8d33d480, 1453;
v0xabdf8d33d480_1454 .array/port v0xabdf8d33d480, 1454;
v0xabdf8d33d480_1455 .array/port v0xabdf8d33d480, 1455;
v0xabdf8d33d480_1456 .array/port v0xabdf8d33d480, 1456;
E_0xabdf8d0ee570/365 .event anyedge, v0xabdf8d33d480_1453, v0xabdf8d33d480_1454, v0xabdf8d33d480_1455, v0xabdf8d33d480_1456;
v0xabdf8d33d480_1457 .array/port v0xabdf8d33d480, 1457;
v0xabdf8d33d480_1458 .array/port v0xabdf8d33d480, 1458;
v0xabdf8d33d480_1459 .array/port v0xabdf8d33d480, 1459;
v0xabdf8d33d480_1460 .array/port v0xabdf8d33d480, 1460;
E_0xabdf8d0ee570/366 .event anyedge, v0xabdf8d33d480_1457, v0xabdf8d33d480_1458, v0xabdf8d33d480_1459, v0xabdf8d33d480_1460;
v0xabdf8d33d480_1461 .array/port v0xabdf8d33d480, 1461;
v0xabdf8d33d480_1462 .array/port v0xabdf8d33d480, 1462;
v0xabdf8d33d480_1463 .array/port v0xabdf8d33d480, 1463;
v0xabdf8d33d480_1464 .array/port v0xabdf8d33d480, 1464;
E_0xabdf8d0ee570/367 .event anyedge, v0xabdf8d33d480_1461, v0xabdf8d33d480_1462, v0xabdf8d33d480_1463, v0xabdf8d33d480_1464;
v0xabdf8d33d480_1465 .array/port v0xabdf8d33d480, 1465;
v0xabdf8d33d480_1466 .array/port v0xabdf8d33d480, 1466;
v0xabdf8d33d480_1467 .array/port v0xabdf8d33d480, 1467;
v0xabdf8d33d480_1468 .array/port v0xabdf8d33d480, 1468;
E_0xabdf8d0ee570/368 .event anyedge, v0xabdf8d33d480_1465, v0xabdf8d33d480_1466, v0xabdf8d33d480_1467, v0xabdf8d33d480_1468;
v0xabdf8d33d480_1469 .array/port v0xabdf8d33d480, 1469;
v0xabdf8d33d480_1470 .array/port v0xabdf8d33d480, 1470;
v0xabdf8d33d480_1471 .array/port v0xabdf8d33d480, 1471;
v0xabdf8d33d480_1472 .array/port v0xabdf8d33d480, 1472;
E_0xabdf8d0ee570/369 .event anyedge, v0xabdf8d33d480_1469, v0xabdf8d33d480_1470, v0xabdf8d33d480_1471, v0xabdf8d33d480_1472;
v0xabdf8d33d480_1473 .array/port v0xabdf8d33d480, 1473;
v0xabdf8d33d480_1474 .array/port v0xabdf8d33d480, 1474;
v0xabdf8d33d480_1475 .array/port v0xabdf8d33d480, 1475;
v0xabdf8d33d480_1476 .array/port v0xabdf8d33d480, 1476;
E_0xabdf8d0ee570/370 .event anyedge, v0xabdf8d33d480_1473, v0xabdf8d33d480_1474, v0xabdf8d33d480_1475, v0xabdf8d33d480_1476;
v0xabdf8d33d480_1477 .array/port v0xabdf8d33d480, 1477;
v0xabdf8d33d480_1478 .array/port v0xabdf8d33d480, 1478;
v0xabdf8d33d480_1479 .array/port v0xabdf8d33d480, 1479;
v0xabdf8d33d480_1480 .array/port v0xabdf8d33d480, 1480;
E_0xabdf8d0ee570/371 .event anyedge, v0xabdf8d33d480_1477, v0xabdf8d33d480_1478, v0xabdf8d33d480_1479, v0xabdf8d33d480_1480;
v0xabdf8d33d480_1481 .array/port v0xabdf8d33d480, 1481;
v0xabdf8d33d480_1482 .array/port v0xabdf8d33d480, 1482;
v0xabdf8d33d480_1483 .array/port v0xabdf8d33d480, 1483;
v0xabdf8d33d480_1484 .array/port v0xabdf8d33d480, 1484;
E_0xabdf8d0ee570/372 .event anyedge, v0xabdf8d33d480_1481, v0xabdf8d33d480_1482, v0xabdf8d33d480_1483, v0xabdf8d33d480_1484;
v0xabdf8d33d480_1485 .array/port v0xabdf8d33d480, 1485;
v0xabdf8d33d480_1486 .array/port v0xabdf8d33d480, 1486;
v0xabdf8d33d480_1487 .array/port v0xabdf8d33d480, 1487;
v0xabdf8d33d480_1488 .array/port v0xabdf8d33d480, 1488;
E_0xabdf8d0ee570/373 .event anyedge, v0xabdf8d33d480_1485, v0xabdf8d33d480_1486, v0xabdf8d33d480_1487, v0xabdf8d33d480_1488;
v0xabdf8d33d480_1489 .array/port v0xabdf8d33d480, 1489;
v0xabdf8d33d480_1490 .array/port v0xabdf8d33d480, 1490;
v0xabdf8d33d480_1491 .array/port v0xabdf8d33d480, 1491;
v0xabdf8d33d480_1492 .array/port v0xabdf8d33d480, 1492;
E_0xabdf8d0ee570/374 .event anyedge, v0xabdf8d33d480_1489, v0xabdf8d33d480_1490, v0xabdf8d33d480_1491, v0xabdf8d33d480_1492;
v0xabdf8d33d480_1493 .array/port v0xabdf8d33d480, 1493;
v0xabdf8d33d480_1494 .array/port v0xabdf8d33d480, 1494;
v0xabdf8d33d480_1495 .array/port v0xabdf8d33d480, 1495;
v0xabdf8d33d480_1496 .array/port v0xabdf8d33d480, 1496;
E_0xabdf8d0ee570/375 .event anyedge, v0xabdf8d33d480_1493, v0xabdf8d33d480_1494, v0xabdf8d33d480_1495, v0xabdf8d33d480_1496;
v0xabdf8d33d480_1497 .array/port v0xabdf8d33d480, 1497;
v0xabdf8d33d480_1498 .array/port v0xabdf8d33d480, 1498;
v0xabdf8d33d480_1499 .array/port v0xabdf8d33d480, 1499;
v0xabdf8d33d480_1500 .array/port v0xabdf8d33d480, 1500;
E_0xabdf8d0ee570/376 .event anyedge, v0xabdf8d33d480_1497, v0xabdf8d33d480_1498, v0xabdf8d33d480_1499, v0xabdf8d33d480_1500;
v0xabdf8d33d480_1501 .array/port v0xabdf8d33d480, 1501;
v0xabdf8d33d480_1502 .array/port v0xabdf8d33d480, 1502;
v0xabdf8d33d480_1503 .array/port v0xabdf8d33d480, 1503;
v0xabdf8d33d480_1504 .array/port v0xabdf8d33d480, 1504;
E_0xabdf8d0ee570/377 .event anyedge, v0xabdf8d33d480_1501, v0xabdf8d33d480_1502, v0xabdf8d33d480_1503, v0xabdf8d33d480_1504;
v0xabdf8d33d480_1505 .array/port v0xabdf8d33d480, 1505;
v0xabdf8d33d480_1506 .array/port v0xabdf8d33d480, 1506;
v0xabdf8d33d480_1507 .array/port v0xabdf8d33d480, 1507;
v0xabdf8d33d480_1508 .array/port v0xabdf8d33d480, 1508;
E_0xabdf8d0ee570/378 .event anyedge, v0xabdf8d33d480_1505, v0xabdf8d33d480_1506, v0xabdf8d33d480_1507, v0xabdf8d33d480_1508;
v0xabdf8d33d480_1509 .array/port v0xabdf8d33d480, 1509;
v0xabdf8d33d480_1510 .array/port v0xabdf8d33d480, 1510;
v0xabdf8d33d480_1511 .array/port v0xabdf8d33d480, 1511;
v0xabdf8d33d480_1512 .array/port v0xabdf8d33d480, 1512;
E_0xabdf8d0ee570/379 .event anyedge, v0xabdf8d33d480_1509, v0xabdf8d33d480_1510, v0xabdf8d33d480_1511, v0xabdf8d33d480_1512;
v0xabdf8d33d480_1513 .array/port v0xabdf8d33d480, 1513;
v0xabdf8d33d480_1514 .array/port v0xabdf8d33d480, 1514;
v0xabdf8d33d480_1515 .array/port v0xabdf8d33d480, 1515;
v0xabdf8d33d480_1516 .array/port v0xabdf8d33d480, 1516;
E_0xabdf8d0ee570/380 .event anyedge, v0xabdf8d33d480_1513, v0xabdf8d33d480_1514, v0xabdf8d33d480_1515, v0xabdf8d33d480_1516;
v0xabdf8d33d480_1517 .array/port v0xabdf8d33d480, 1517;
v0xabdf8d33d480_1518 .array/port v0xabdf8d33d480, 1518;
v0xabdf8d33d480_1519 .array/port v0xabdf8d33d480, 1519;
v0xabdf8d33d480_1520 .array/port v0xabdf8d33d480, 1520;
E_0xabdf8d0ee570/381 .event anyedge, v0xabdf8d33d480_1517, v0xabdf8d33d480_1518, v0xabdf8d33d480_1519, v0xabdf8d33d480_1520;
v0xabdf8d33d480_1521 .array/port v0xabdf8d33d480, 1521;
v0xabdf8d33d480_1522 .array/port v0xabdf8d33d480, 1522;
v0xabdf8d33d480_1523 .array/port v0xabdf8d33d480, 1523;
v0xabdf8d33d480_1524 .array/port v0xabdf8d33d480, 1524;
E_0xabdf8d0ee570/382 .event anyedge, v0xabdf8d33d480_1521, v0xabdf8d33d480_1522, v0xabdf8d33d480_1523, v0xabdf8d33d480_1524;
v0xabdf8d33d480_1525 .array/port v0xabdf8d33d480, 1525;
v0xabdf8d33d480_1526 .array/port v0xabdf8d33d480, 1526;
v0xabdf8d33d480_1527 .array/port v0xabdf8d33d480, 1527;
v0xabdf8d33d480_1528 .array/port v0xabdf8d33d480, 1528;
E_0xabdf8d0ee570/383 .event anyedge, v0xabdf8d33d480_1525, v0xabdf8d33d480_1526, v0xabdf8d33d480_1527, v0xabdf8d33d480_1528;
v0xabdf8d33d480_1529 .array/port v0xabdf8d33d480, 1529;
v0xabdf8d33d480_1530 .array/port v0xabdf8d33d480, 1530;
v0xabdf8d33d480_1531 .array/port v0xabdf8d33d480, 1531;
v0xabdf8d33d480_1532 .array/port v0xabdf8d33d480, 1532;
E_0xabdf8d0ee570/384 .event anyedge, v0xabdf8d33d480_1529, v0xabdf8d33d480_1530, v0xabdf8d33d480_1531, v0xabdf8d33d480_1532;
v0xabdf8d33d480_1533 .array/port v0xabdf8d33d480, 1533;
v0xabdf8d33d480_1534 .array/port v0xabdf8d33d480, 1534;
v0xabdf8d33d480_1535 .array/port v0xabdf8d33d480, 1535;
v0xabdf8d33d480_1536 .array/port v0xabdf8d33d480, 1536;
E_0xabdf8d0ee570/385 .event anyedge, v0xabdf8d33d480_1533, v0xabdf8d33d480_1534, v0xabdf8d33d480_1535, v0xabdf8d33d480_1536;
v0xabdf8d33d480_1537 .array/port v0xabdf8d33d480, 1537;
v0xabdf8d33d480_1538 .array/port v0xabdf8d33d480, 1538;
v0xabdf8d33d480_1539 .array/port v0xabdf8d33d480, 1539;
v0xabdf8d33d480_1540 .array/port v0xabdf8d33d480, 1540;
E_0xabdf8d0ee570/386 .event anyedge, v0xabdf8d33d480_1537, v0xabdf8d33d480_1538, v0xabdf8d33d480_1539, v0xabdf8d33d480_1540;
v0xabdf8d33d480_1541 .array/port v0xabdf8d33d480, 1541;
v0xabdf8d33d480_1542 .array/port v0xabdf8d33d480, 1542;
v0xabdf8d33d480_1543 .array/port v0xabdf8d33d480, 1543;
v0xabdf8d33d480_1544 .array/port v0xabdf8d33d480, 1544;
E_0xabdf8d0ee570/387 .event anyedge, v0xabdf8d33d480_1541, v0xabdf8d33d480_1542, v0xabdf8d33d480_1543, v0xabdf8d33d480_1544;
v0xabdf8d33d480_1545 .array/port v0xabdf8d33d480, 1545;
v0xabdf8d33d480_1546 .array/port v0xabdf8d33d480, 1546;
v0xabdf8d33d480_1547 .array/port v0xabdf8d33d480, 1547;
v0xabdf8d33d480_1548 .array/port v0xabdf8d33d480, 1548;
E_0xabdf8d0ee570/388 .event anyedge, v0xabdf8d33d480_1545, v0xabdf8d33d480_1546, v0xabdf8d33d480_1547, v0xabdf8d33d480_1548;
v0xabdf8d33d480_1549 .array/port v0xabdf8d33d480, 1549;
v0xabdf8d33d480_1550 .array/port v0xabdf8d33d480, 1550;
v0xabdf8d33d480_1551 .array/port v0xabdf8d33d480, 1551;
v0xabdf8d33d480_1552 .array/port v0xabdf8d33d480, 1552;
E_0xabdf8d0ee570/389 .event anyedge, v0xabdf8d33d480_1549, v0xabdf8d33d480_1550, v0xabdf8d33d480_1551, v0xabdf8d33d480_1552;
v0xabdf8d33d480_1553 .array/port v0xabdf8d33d480, 1553;
v0xabdf8d33d480_1554 .array/port v0xabdf8d33d480, 1554;
v0xabdf8d33d480_1555 .array/port v0xabdf8d33d480, 1555;
v0xabdf8d33d480_1556 .array/port v0xabdf8d33d480, 1556;
E_0xabdf8d0ee570/390 .event anyedge, v0xabdf8d33d480_1553, v0xabdf8d33d480_1554, v0xabdf8d33d480_1555, v0xabdf8d33d480_1556;
v0xabdf8d33d480_1557 .array/port v0xabdf8d33d480, 1557;
v0xabdf8d33d480_1558 .array/port v0xabdf8d33d480, 1558;
v0xabdf8d33d480_1559 .array/port v0xabdf8d33d480, 1559;
v0xabdf8d33d480_1560 .array/port v0xabdf8d33d480, 1560;
E_0xabdf8d0ee570/391 .event anyedge, v0xabdf8d33d480_1557, v0xabdf8d33d480_1558, v0xabdf8d33d480_1559, v0xabdf8d33d480_1560;
v0xabdf8d33d480_1561 .array/port v0xabdf8d33d480, 1561;
v0xabdf8d33d480_1562 .array/port v0xabdf8d33d480, 1562;
v0xabdf8d33d480_1563 .array/port v0xabdf8d33d480, 1563;
v0xabdf8d33d480_1564 .array/port v0xabdf8d33d480, 1564;
E_0xabdf8d0ee570/392 .event anyedge, v0xabdf8d33d480_1561, v0xabdf8d33d480_1562, v0xabdf8d33d480_1563, v0xabdf8d33d480_1564;
v0xabdf8d33d480_1565 .array/port v0xabdf8d33d480, 1565;
v0xabdf8d33d480_1566 .array/port v0xabdf8d33d480, 1566;
v0xabdf8d33d480_1567 .array/port v0xabdf8d33d480, 1567;
v0xabdf8d33d480_1568 .array/port v0xabdf8d33d480, 1568;
E_0xabdf8d0ee570/393 .event anyedge, v0xabdf8d33d480_1565, v0xabdf8d33d480_1566, v0xabdf8d33d480_1567, v0xabdf8d33d480_1568;
v0xabdf8d33d480_1569 .array/port v0xabdf8d33d480, 1569;
v0xabdf8d33d480_1570 .array/port v0xabdf8d33d480, 1570;
v0xabdf8d33d480_1571 .array/port v0xabdf8d33d480, 1571;
v0xabdf8d33d480_1572 .array/port v0xabdf8d33d480, 1572;
E_0xabdf8d0ee570/394 .event anyedge, v0xabdf8d33d480_1569, v0xabdf8d33d480_1570, v0xabdf8d33d480_1571, v0xabdf8d33d480_1572;
v0xabdf8d33d480_1573 .array/port v0xabdf8d33d480, 1573;
v0xabdf8d33d480_1574 .array/port v0xabdf8d33d480, 1574;
v0xabdf8d33d480_1575 .array/port v0xabdf8d33d480, 1575;
v0xabdf8d33d480_1576 .array/port v0xabdf8d33d480, 1576;
E_0xabdf8d0ee570/395 .event anyedge, v0xabdf8d33d480_1573, v0xabdf8d33d480_1574, v0xabdf8d33d480_1575, v0xabdf8d33d480_1576;
v0xabdf8d33d480_1577 .array/port v0xabdf8d33d480, 1577;
v0xabdf8d33d480_1578 .array/port v0xabdf8d33d480, 1578;
v0xabdf8d33d480_1579 .array/port v0xabdf8d33d480, 1579;
v0xabdf8d33d480_1580 .array/port v0xabdf8d33d480, 1580;
E_0xabdf8d0ee570/396 .event anyedge, v0xabdf8d33d480_1577, v0xabdf8d33d480_1578, v0xabdf8d33d480_1579, v0xabdf8d33d480_1580;
v0xabdf8d33d480_1581 .array/port v0xabdf8d33d480, 1581;
v0xabdf8d33d480_1582 .array/port v0xabdf8d33d480, 1582;
v0xabdf8d33d480_1583 .array/port v0xabdf8d33d480, 1583;
v0xabdf8d33d480_1584 .array/port v0xabdf8d33d480, 1584;
E_0xabdf8d0ee570/397 .event anyedge, v0xabdf8d33d480_1581, v0xabdf8d33d480_1582, v0xabdf8d33d480_1583, v0xabdf8d33d480_1584;
v0xabdf8d33d480_1585 .array/port v0xabdf8d33d480, 1585;
v0xabdf8d33d480_1586 .array/port v0xabdf8d33d480, 1586;
v0xabdf8d33d480_1587 .array/port v0xabdf8d33d480, 1587;
v0xabdf8d33d480_1588 .array/port v0xabdf8d33d480, 1588;
E_0xabdf8d0ee570/398 .event anyedge, v0xabdf8d33d480_1585, v0xabdf8d33d480_1586, v0xabdf8d33d480_1587, v0xabdf8d33d480_1588;
v0xabdf8d33d480_1589 .array/port v0xabdf8d33d480, 1589;
v0xabdf8d33d480_1590 .array/port v0xabdf8d33d480, 1590;
v0xabdf8d33d480_1591 .array/port v0xabdf8d33d480, 1591;
v0xabdf8d33d480_1592 .array/port v0xabdf8d33d480, 1592;
E_0xabdf8d0ee570/399 .event anyedge, v0xabdf8d33d480_1589, v0xabdf8d33d480_1590, v0xabdf8d33d480_1591, v0xabdf8d33d480_1592;
v0xabdf8d33d480_1593 .array/port v0xabdf8d33d480, 1593;
v0xabdf8d33d480_1594 .array/port v0xabdf8d33d480, 1594;
v0xabdf8d33d480_1595 .array/port v0xabdf8d33d480, 1595;
v0xabdf8d33d480_1596 .array/port v0xabdf8d33d480, 1596;
E_0xabdf8d0ee570/400 .event anyedge, v0xabdf8d33d480_1593, v0xabdf8d33d480_1594, v0xabdf8d33d480_1595, v0xabdf8d33d480_1596;
v0xabdf8d33d480_1597 .array/port v0xabdf8d33d480, 1597;
v0xabdf8d33d480_1598 .array/port v0xabdf8d33d480, 1598;
v0xabdf8d33d480_1599 .array/port v0xabdf8d33d480, 1599;
v0xabdf8d33d480_1600 .array/port v0xabdf8d33d480, 1600;
E_0xabdf8d0ee570/401 .event anyedge, v0xabdf8d33d480_1597, v0xabdf8d33d480_1598, v0xabdf8d33d480_1599, v0xabdf8d33d480_1600;
v0xabdf8d33d480_1601 .array/port v0xabdf8d33d480, 1601;
v0xabdf8d33d480_1602 .array/port v0xabdf8d33d480, 1602;
v0xabdf8d33d480_1603 .array/port v0xabdf8d33d480, 1603;
v0xabdf8d33d480_1604 .array/port v0xabdf8d33d480, 1604;
E_0xabdf8d0ee570/402 .event anyedge, v0xabdf8d33d480_1601, v0xabdf8d33d480_1602, v0xabdf8d33d480_1603, v0xabdf8d33d480_1604;
v0xabdf8d33d480_1605 .array/port v0xabdf8d33d480, 1605;
v0xabdf8d33d480_1606 .array/port v0xabdf8d33d480, 1606;
v0xabdf8d33d480_1607 .array/port v0xabdf8d33d480, 1607;
v0xabdf8d33d480_1608 .array/port v0xabdf8d33d480, 1608;
E_0xabdf8d0ee570/403 .event anyedge, v0xabdf8d33d480_1605, v0xabdf8d33d480_1606, v0xabdf8d33d480_1607, v0xabdf8d33d480_1608;
v0xabdf8d33d480_1609 .array/port v0xabdf8d33d480, 1609;
v0xabdf8d33d480_1610 .array/port v0xabdf8d33d480, 1610;
v0xabdf8d33d480_1611 .array/port v0xabdf8d33d480, 1611;
v0xabdf8d33d480_1612 .array/port v0xabdf8d33d480, 1612;
E_0xabdf8d0ee570/404 .event anyedge, v0xabdf8d33d480_1609, v0xabdf8d33d480_1610, v0xabdf8d33d480_1611, v0xabdf8d33d480_1612;
v0xabdf8d33d480_1613 .array/port v0xabdf8d33d480, 1613;
v0xabdf8d33d480_1614 .array/port v0xabdf8d33d480, 1614;
v0xabdf8d33d480_1615 .array/port v0xabdf8d33d480, 1615;
v0xabdf8d33d480_1616 .array/port v0xabdf8d33d480, 1616;
E_0xabdf8d0ee570/405 .event anyedge, v0xabdf8d33d480_1613, v0xabdf8d33d480_1614, v0xabdf8d33d480_1615, v0xabdf8d33d480_1616;
v0xabdf8d33d480_1617 .array/port v0xabdf8d33d480, 1617;
v0xabdf8d33d480_1618 .array/port v0xabdf8d33d480, 1618;
v0xabdf8d33d480_1619 .array/port v0xabdf8d33d480, 1619;
v0xabdf8d33d480_1620 .array/port v0xabdf8d33d480, 1620;
E_0xabdf8d0ee570/406 .event anyedge, v0xabdf8d33d480_1617, v0xabdf8d33d480_1618, v0xabdf8d33d480_1619, v0xabdf8d33d480_1620;
v0xabdf8d33d480_1621 .array/port v0xabdf8d33d480, 1621;
v0xabdf8d33d480_1622 .array/port v0xabdf8d33d480, 1622;
v0xabdf8d33d480_1623 .array/port v0xabdf8d33d480, 1623;
v0xabdf8d33d480_1624 .array/port v0xabdf8d33d480, 1624;
E_0xabdf8d0ee570/407 .event anyedge, v0xabdf8d33d480_1621, v0xabdf8d33d480_1622, v0xabdf8d33d480_1623, v0xabdf8d33d480_1624;
v0xabdf8d33d480_1625 .array/port v0xabdf8d33d480, 1625;
v0xabdf8d33d480_1626 .array/port v0xabdf8d33d480, 1626;
v0xabdf8d33d480_1627 .array/port v0xabdf8d33d480, 1627;
v0xabdf8d33d480_1628 .array/port v0xabdf8d33d480, 1628;
E_0xabdf8d0ee570/408 .event anyedge, v0xabdf8d33d480_1625, v0xabdf8d33d480_1626, v0xabdf8d33d480_1627, v0xabdf8d33d480_1628;
v0xabdf8d33d480_1629 .array/port v0xabdf8d33d480, 1629;
v0xabdf8d33d480_1630 .array/port v0xabdf8d33d480, 1630;
v0xabdf8d33d480_1631 .array/port v0xabdf8d33d480, 1631;
v0xabdf8d33d480_1632 .array/port v0xabdf8d33d480, 1632;
E_0xabdf8d0ee570/409 .event anyedge, v0xabdf8d33d480_1629, v0xabdf8d33d480_1630, v0xabdf8d33d480_1631, v0xabdf8d33d480_1632;
v0xabdf8d33d480_1633 .array/port v0xabdf8d33d480, 1633;
v0xabdf8d33d480_1634 .array/port v0xabdf8d33d480, 1634;
v0xabdf8d33d480_1635 .array/port v0xabdf8d33d480, 1635;
v0xabdf8d33d480_1636 .array/port v0xabdf8d33d480, 1636;
E_0xabdf8d0ee570/410 .event anyedge, v0xabdf8d33d480_1633, v0xabdf8d33d480_1634, v0xabdf8d33d480_1635, v0xabdf8d33d480_1636;
v0xabdf8d33d480_1637 .array/port v0xabdf8d33d480, 1637;
v0xabdf8d33d480_1638 .array/port v0xabdf8d33d480, 1638;
v0xabdf8d33d480_1639 .array/port v0xabdf8d33d480, 1639;
v0xabdf8d33d480_1640 .array/port v0xabdf8d33d480, 1640;
E_0xabdf8d0ee570/411 .event anyedge, v0xabdf8d33d480_1637, v0xabdf8d33d480_1638, v0xabdf8d33d480_1639, v0xabdf8d33d480_1640;
v0xabdf8d33d480_1641 .array/port v0xabdf8d33d480, 1641;
v0xabdf8d33d480_1642 .array/port v0xabdf8d33d480, 1642;
v0xabdf8d33d480_1643 .array/port v0xabdf8d33d480, 1643;
v0xabdf8d33d480_1644 .array/port v0xabdf8d33d480, 1644;
E_0xabdf8d0ee570/412 .event anyedge, v0xabdf8d33d480_1641, v0xabdf8d33d480_1642, v0xabdf8d33d480_1643, v0xabdf8d33d480_1644;
v0xabdf8d33d480_1645 .array/port v0xabdf8d33d480, 1645;
v0xabdf8d33d480_1646 .array/port v0xabdf8d33d480, 1646;
v0xabdf8d33d480_1647 .array/port v0xabdf8d33d480, 1647;
v0xabdf8d33d480_1648 .array/port v0xabdf8d33d480, 1648;
E_0xabdf8d0ee570/413 .event anyedge, v0xabdf8d33d480_1645, v0xabdf8d33d480_1646, v0xabdf8d33d480_1647, v0xabdf8d33d480_1648;
v0xabdf8d33d480_1649 .array/port v0xabdf8d33d480, 1649;
v0xabdf8d33d480_1650 .array/port v0xabdf8d33d480, 1650;
v0xabdf8d33d480_1651 .array/port v0xabdf8d33d480, 1651;
v0xabdf8d33d480_1652 .array/port v0xabdf8d33d480, 1652;
E_0xabdf8d0ee570/414 .event anyedge, v0xabdf8d33d480_1649, v0xabdf8d33d480_1650, v0xabdf8d33d480_1651, v0xabdf8d33d480_1652;
v0xabdf8d33d480_1653 .array/port v0xabdf8d33d480, 1653;
v0xabdf8d33d480_1654 .array/port v0xabdf8d33d480, 1654;
v0xabdf8d33d480_1655 .array/port v0xabdf8d33d480, 1655;
v0xabdf8d33d480_1656 .array/port v0xabdf8d33d480, 1656;
E_0xabdf8d0ee570/415 .event anyedge, v0xabdf8d33d480_1653, v0xabdf8d33d480_1654, v0xabdf8d33d480_1655, v0xabdf8d33d480_1656;
v0xabdf8d33d480_1657 .array/port v0xabdf8d33d480, 1657;
v0xabdf8d33d480_1658 .array/port v0xabdf8d33d480, 1658;
v0xabdf8d33d480_1659 .array/port v0xabdf8d33d480, 1659;
v0xabdf8d33d480_1660 .array/port v0xabdf8d33d480, 1660;
E_0xabdf8d0ee570/416 .event anyedge, v0xabdf8d33d480_1657, v0xabdf8d33d480_1658, v0xabdf8d33d480_1659, v0xabdf8d33d480_1660;
v0xabdf8d33d480_1661 .array/port v0xabdf8d33d480, 1661;
v0xabdf8d33d480_1662 .array/port v0xabdf8d33d480, 1662;
v0xabdf8d33d480_1663 .array/port v0xabdf8d33d480, 1663;
v0xabdf8d33d480_1664 .array/port v0xabdf8d33d480, 1664;
E_0xabdf8d0ee570/417 .event anyedge, v0xabdf8d33d480_1661, v0xabdf8d33d480_1662, v0xabdf8d33d480_1663, v0xabdf8d33d480_1664;
v0xabdf8d33d480_1665 .array/port v0xabdf8d33d480, 1665;
v0xabdf8d33d480_1666 .array/port v0xabdf8d33d480, 1666;
v0xabdf8d33d480_1667 .array/port v0xabdf8d33d480, 1667;
v0xabdf8d33d480_1668 .array/port v0xabdf8d33d480, 1668;
E_0xabdf8d0ee570/418 .event anyedge, v0xabdf8d33d480_1665, v0xabdf8d33d480_1666, v0xabdf8d33d480_1667, v0xabdf8d33d480_1668;
v0xabdf8d33d480_1669 .array/port v0xabdf8d33d480, 1669;
v0xabdf8d33d480_1670 .array/port v0xabdf8d33d480, 1670;
v0xabdf8d33d480_1671 .array/port v0xabdf8d33d480, 1671;
v0xabdf8d33d480_1672 .array/port v0xabdf8d33d480, 1672;
E_0xabdf8d0ee570/419 .event anyedge, v0xabdf8d33d480_1669, v0xabdf8d33d480_1670, v0xabdf8d33d480_1671, v0xabdf8d33d480_1672;
v0xabdf8d33d480_1673 .array/port v0xabdf8d33d480, 1673;
v0xabdf8d33d480_1674 .array/port v0xabdf8d33d480, 1674;
v0xabdf8d33d480_1675 .array/port v0xabdf8d33d480, 1675;
v0xabdf8d33d480_1676 .array/port v0xabdf8d33d480, 1676;
E_0xabdf8d0ee570/420 .event anyedge, v0xabdf8d33d480_1673, v0xabdf8d33d480_1674, v0xabdf8d33d480_1675, v0xabdf8d33d480_1676;
v0xabdf8d33d480_1677 .array/port v0xabdf8d33d480, 1677;
v0xabdf8d33d480_1678 .array/port v0xabdf8d33d480, 1678;
v0xabdf8d33d480_1679 .array/port v0xabdf8d33d480, 1679;
v0xabdf8d33d480_1680 .array/port v0xabdf8d33d480, 1680;
E_0xabdf8d0ee570/421 .event anyedge, v0xabdf8d33d480_1677, v0xabdf8d33d480_1678, v0xabdf8d33d480_1679, v0xabdf8d33d480_1680;
v0xabdf8d33d480_1681 .array/port v0xabdf8d33d480, 1681;
v0xabdf8d33d480_1682 .array/port v0xabdf8d33d480, 1682;
v0xabdf8d33d480_1683 .array/port v0xabdf8d33d480, 1683;
v0xabdf8d33d480_1684 .array/port v0xabdf8d33d480, 1684;
E_0xabdf8d0ee570/422 .event anyedge, v0xabdf8d33d480_1681, v0xabdf8d33d480_1682, v0xabdf8d33d480_1683, v0xabdf8d33d480_1684;
v0xabdf8d33d480_1685 .array/port v0xabdf8d33d480, 1685;
v0xabdf8d33d480_1686 .array/port v0xabdf8d33d480, 1686;
v0xabdf8d33d480_1687 .array/port v0xabdf8d33d480, 1687;
v0xabdf8d33d480_1688 .array/port v0xabdf8d33d480, 1688;
E_0xabdf8d0ee570/423 .event anyedge, v0xabdf8d33d480_1685, v0xabdf8d33d480_1686, v0xabdf8d33d480_1687, v0xabdf8d33d480_1688;
v0xabdf8d33d480_1689 .array/port v0xabdf8d33d480, 1689;
v0xabdf8d33d480_1690 .array/port v0xabdf8d33d480, 1690;
v0xabdf8d33d480_1691 .array/port v0xabdf8d33d480, 1691;
v0xabdf8d33d480_1692 .array/port v0xabdf8d33d480, 1692;
E_0xabdf8d0ee570/424 .event anyedge, v0xabdf8d33d480_1689, v0xabdf8d33d480_1690, v0xabdf8d33d480_1691, v0xabdf8d33d480_1692;
v0xabdf8d33d480_1693 .array/port v0xabdf8d33d480, 1693;
v0xabdf8d33d480_1694 .array/port v0xabdf8d33d480, 1694;
v0xabdf8d33d480_1695 .array/port v0xabdf8d33d480, 1695;
v0xabdf8d33d480_1696 .array/port v0xabdf8d33d480, 1696;
E_0xabdf8d0ee570/425 .event anyedge, v0xabdf8d33d480_1693, v0xabdf8d33d480_1694, v0xabdf8d33d480_1695, v0xabdf8d33d480_1696;
v0xabdf8d33d480_1697 .array/port v0xabdf8d33d480, 1697;
v0xabdf8d33d480_1698 .array/port v0xabdf8d33d480, 1698;
v0xabdf8d33d480_1699 .array/port v0xabdf8d33d480, 1699;
v0xabdf8d33d480_1700 .array/port v0xabdf8d33d480, 1700;
E_0xabdf8d0ee570/426 .event anyedge, v0xabdf8d33d480_1697, v0xabdf8d33d480_1698, v0xabdf8d33d480_1699, v0xabdf8d33d480_1700;
v0xabdf8d33d480_1701 .array/port v0xabdf8d33d480, 1701;
v0xabdf8d33d480_1702 .array/port v0xabdf8d33d480, 1702;
v0xabdf8d33d480_1703 .array/port v0xabdf8d33d480, 1703;
v0xabdf8d33d480_1704 .array/port v0xabdf8d33d480, 1704;
E_0xabdf8d0ee570/427 .event anyedge, v0xabdf8d33d480_1701, v0xabdf8d33d480_1702, v0xabdf8d33d480_1703, v0xabdf8d33d480_1704;
v0xabdf8d33d480_1705 .array/port v0xabdf8d33d480, 1705;
v0xabdf8d33d480_1706 .array/port v0xabdf8d33d480, 1706;
v0xabdf8d33d480_1707 .array/port v0xabdf8d33d480, 1707;
v0xabdf8d33d480_1708 .array/port v0xabdf8d33d480, 1708;
E_0xabdf8d0ee570/428 .event anyedge, v0xabdf8d33d480_1705, v0xabdf8d33d480_1706, v0xabdf8d33d480_1707, v0xabdf8d33d480_1708;
v0xabdf8d33d480_1709 .array/port v0xabdf8d33d480, 1709;
v0xabdf8d33d480_1710 .array/port v0xabdf8d33d480, 1710;
v0xabdf8d33d480_1711 .array/port v0xabdf8d33d480, 1711;
v0xabdf8d33d480_1712 .array/port v0xabdf8d33d480, 1712;
E_0xabdf8d0ee570/429 .event anyedge, v0xabdf8d33d480_1709, v0xabdf8d33d480_1710, v0xabdf8d33d480_1711, v0xabdf8d33d480_1712;
v0xabdf8d33d480_1713 .array/port v0xabdf8d33d480, 1713;
v0xabdf8d33d480_1714 .array/port v0xabdf8d33d480, 1714;
v0xabdf8d33d480_1715 .array/port v0xabdf8d33d480, 1715;
v0xabdf8d33d480_1716 .array/port v0xabdf8d33d480, 1716;
E_0xabdf8d0ee570/430 .event anyedge, v0xabdf8d33d480_1713, v0xabdf8d33d480_1714, v0xabdf8d33d480_1715, v0xabdf8d33d480_1716;
v0xabdf8d33d480_1717 .array/port v0xabdf8d33d480, 1717;
v0xabdf8d33d480_1718 .array/port v0xabdf8d33d480, 1718;
v0xabdf8d33d480_1719 .array/port v0xabdf8d33d480, 1719;
v0xabdf8d33d480_1720 .array/port v0xabdf8d33d480, 1720;
E_0xabdf8d0ee570/431 .event anyedge, v0xabdf8d33d480_1717, v0xabdf8d33d480_1718, v0xabdf8d33d480_1719, v0xabdf8d33d480_1720;
v0xabdf8d33d480_1721 .array/port v0xabdf8d33d480, 1721;
v0xabdf8d33d480_1722 .array/port v0xabdf8d33d480, 1722;
v0xabdf8d33d480_1723 .array/port v0xabdf8d33d480, 1723;
v0xabdf8d33d480_1724 .array/port v0xabdf8d33d480, 1724;
E_0xabdf8d0ee570/432 .event anyedge, v0xabdf8d33d480_1721, v0xabdf8d33d480_1722, v0xabdf8d33d480_1723, v0xabdf8d33d480_1724;
v0xabdf8d33d480_1725 .array/port v0xabdf8d33d480, 1725;
v0xabdf8d33d480_1726 .array/port v0xabdf8d33d480, 1726;
v0xabdf8d33d480_1727 .array/port v0xabdf8d33d480, 1727;
v0xabdf8d33d480_1728 .array/port v0xabdf8d33d480, 1728;
E_0xabdf8d0ee570/433 .event anyedge, v0xabdf8d33d480_1725, v0xabdf8d33d480_1726, v0xabdf8d33d480_1727, v0xabdf8d33d480_1728;
v0xabdf8d33d480_1729 .array/port v0xabdf8d33d480, 1729;
v0xabdf8d33d480_1730 .array/port v0xabdf8d33d480, 1730;
v0xabdf8d33d480_1731 .array/port v0xabdf8d33d480, 1731;
v0xabdf8d33d480_1732 .array/port v0xabdf8d33d480, 1732;
E_0xabdf8d0ee570/434 .event anyedge, v0xabdf8d33d480_1729, v0xabdf8d33d480_1730, v0xabdf8d33d480_1731, v0xabdf8d33d480_1732;
v0xabdf8d33d480_1733 .array/port v0xabdf8d33d480, 1733;
v0xabdf8d33d480_1734 .array/port v0xabdf8d33d480, 1734;
v0xabdf8d33d480_1735 .array/port v0xabdf8d33d480, 1735;
v0xabdf8d33d480_1736 .array/port v0xabdf8d33d480, 1736;
E_0xabdf8d0ee570/435 .event anyedge, v0xabdf8d33d480_1733, v0xabdf8d33d480_1734, v0xabdf8d33d480_1735, v0xabdf8d33d480_1736;
v0xabdf8d33d480_1737 .array/port v0xabdf8d33d480, 1737;
v0xabdf8d33d480_1738 .array/port v0xabdf8d33d480, 1738;
v0xabdf8d33d480_1739 .array/port v0xabdf8d33d480, 1739;
v0xabdf8d33d480_1740 .array/port v0xabdf8d33d480, 1740;
E_0xabdf8d0ee570/436 .event anyedge, v0xabdf8d33d480_1737, v0xabdf8d33d480_1738, v0xabdf8d33d480_1739, v0xabdf8d33d480_1740;
v0xabdf8d33d480_1741 .array/port v0xabdf8d33d480, 1741;
v0xabdf8d33d480_1742 .array/port v0xabdf8d33d480, 1742;
v0xabdf8d33d480_1743 .array/port v0xabdf8d33d480, 1743;
v0xabdf8d33d480_1744 .array/port v0xabdf8d33d480, 1744;
E_0xabdf8d0ee570/437 .event anyedge, v0xabdf8d33d480_1741, v0xabdf8d33d480_1742, v0xabdf8d33d480_1743, v0xabdf8d33d480_1744;
v0xabdf8d33d480_1745 .array/port v0xabdf8d33d480, 1745;
v0xabdf8d33d480_1746 .array/port v0xabdf8d33d480, 1746;
v0xabdf8d33d480_1747 .array/port v0xabdf8d33d480, 1747;
v0xabdf8d33d480_1748 .array/port v0xabdf8d33d480, 1748;
E_0xabdf8d0ee570/438 .event anyedge, v0xabdf8d33d480_1745, v0xabdf8d33d480_1746, v0xabdf8d33d480_1747, v0xabdf8d33d480_1748;
v0xabdf8d33d480_1749 .array/port v0xabdf8d33d480, 1749;
v0xabdf8d33d480_1750 .array/port v0xabdf8d33d480, 1750;
v0xabdf8d33d480_1751 .array/port v0xabdf8d33d480, 1751;
v0xabdf8d33d480_1752 .array/port v0xabdf8d33d480, 1752;
E_0xabdf8d0ee570/439 .event anyedge, v0xabdf8d33d480_1749, v0xabdf8d33d480_1750, v0xabdf8d33d480_1751, v0xabdf8d33d480_1752;
v0xabdf8d33d480_1753 .array/port v0xabdf8d33d480, 1753;
v0xabdf8d33d480_1754 .array/port v0xabdf8d33d480, 1754;
v0xabdf8d33d480_1755 .array/port v0xabdf8d33d480, 1755;
v0xabdf8d33d480_1756 .array/port v0xabdf8d33d480, 1756;
E_0xabdf8d0ee570/440 .event anyedge, v0xabdf8d33d480_1753, v0xabdf8d33d480_1754, v0xabdf8d33d480_1755, v0xabdf8d33d480_1756;
v0xabdf8d33d480_1757 .array/port v0xabdf8d33d480, 1757;
v0xabdf8d33d480_1758 .array/port v0xabdf8d33d480, 1758;
v0xabdf8d33d480_1759 .array/port v0xabdf8d33d480, 1759;
v0xabdf8d33d480_1760 .array/port v0xabdf8d33d480, 1760;
E_0xabdf8d0ee570/441 .event anyedge, v0xabdf8d33d480_1757, v0xabdf8d33d480_1758, v0xabdf8d33d480_1759, v0xabdf8d33d480_1760;
v0xabdf8d33d480_1761 .array/port v0xabdf8d33d480, 1761;
v0xabdf8d33d480_1762 .array/port v0xabdf8d33d480, 1762;
v0xabdf8d33d480_1763 .array/port v0xabdf8d33d480, 1763;
v0xabdf8d33d480_1764 .array/port v0xabdf8d33d480, 1764;
E_0xabdf8d0ee570/442 .event anyedge, v0xabdf8d33d480_1761, v0xabdf8d33d480_1762, v0xabdf8d33d480_1763, v0xabdf8d33d480_1764;
v0xabdf8d33d480_1765 .array/port v0xabdf8d33d480, 1765;
v0xabdf8d33d480_1766 .array/port v0xabdf8d33d480, 1766;
v0xabdf8d33d480_1767 .array/port v0xabdf8d33d480, 1767;
v0xabdf8d33d480_1768 .array/port v0xabdf8d33d480, 1768;
E_0xabdf8d0ee570/443 .event anyedge, v0xabdf8d33d480_1765, v0xabdf8d33d480_1766, v0xabdf8d33d480_1767, v0xabdf8d33d480_1768;
v0xabdf8d33d480_1769 .array/port v0xabdf8d33d480, 1769;
v0xabdf8d33d480_1770 .array/port v0xabdf8d33d480, 1770;
v0xabdf8d33d480_1771 .array/port v0xabdf8d33d480, 1771;
v0xabdf8d33d480_1772 .array/port v0xabdf8d33d480, 1772;
E_0xabdf8d0ee570/444 .event anyedge, v0xabdf8d33d480_1769, v0xabdf8d33d480_1770, v0xabdf8d33d480_1771, v0xabdf8d33d480_1772;
v0xabdf8d33d480_1773 .array/port v0xabdf8d33d480, 1773;
v0xabdf8d33d480_1774 .array/port v0xabdf8d33d480, 1774;
v0xabdf8d33d480_1775 .array/port v0xabdf8d33d480, 1775;
v0xabdf8d33d480_1776 .array/port v0xabdf8d33d480, 1776;
E_0xabdf8d0ee570/445 .event anyedge, v0xabdf8d33d480_1773, v0xabdf8d33d480_1774, v0xabdf8d33d480_1775, v0xabdf8d33d480_1776;
v0xabdf8d33d480_1777 .array/port v0xabdf8d33d480, 1777;
v0xabdf8d33d480_1778 .array/port v0xabdf8d33d480, 1778;
v0xabdf8d33d480_1779 .array/port v0xabdf8d33d480, 1779;
v0xabdf8d33d480_1780 .array/port v0xabdf8d33d480, 1780;
E_0xabdf8d0ee570/446 .event anyedge, v0xabdf8d33d480_1777, v0xabdf8d33d480_1778, v0xabdf8d33d480_1779, v0xabdf8d33d480_1780;
v0xabdf8d33d480_1781 .array/port v0xabdf8d33d480, 1781;
v0xabdf8d33d480_1782 .array/port v0xabdf8d33d480, 1782;
v0xabdf8d33d480_1783 .array/port v0xabdf8d33d480, 1783;
v0xabdf8d33d480_1784 .array/port v0xabdf8d33d480, 1784;
E_0xabdf8d0ee570/447 .event anyedge, v0xabdf8d33d480_1781, v0xabdf8d33d480_1782, v0xabdf8d33d480_1783, v0xabdf8d33d480_1784;
v0xabdf8d33d480_1785 .array/port v0xabdf8d33d480, 1785;
v0xabdf8d33d480_1786 .array/port v0xabdf8d33d480, 1786;
v0xabdf8d33d480_1787 .array/port v0xabdf8d33d480, 1787;
v0xabdf8d33d480_1788 .array/port v0xabdf8d33d480, 1788;
E_0xabdf8d0ee570/448 .event anyedge, v0xabdf8d33d480_1785, v0xabdf8d33d480_1786, v0xabdf8d33d480_1787, v0xabdf8d33d480_1788;
v0xabdf8d33d480_1789 .array/port v0xabdf8d33d480, 1789;
v0xabdf8d33d480_1790 .array/port v0xabdf8d33d480, 1790;
v0xabdf8d33d480_1791 .array/port v0xabdf8d33d480, 1791;
v0xabdf8d33d480_1792 .array/port v0xabdf8d33d480, 1792;
E_0xabdf8d0ee570/449 .event anyedge, v0xabdf8d33d480_1789, v0xabdf8d33d480_1790, v0xabdf8d33d480_1791, v0xabdf8d33d480_1792;
v0xabdf8d33d480_1793 .array/port v0xabdf8d33d480, 1793;
v0xabdf8d33d480_1794 .array/port v0xabdf8d33d480, 1794;
v0xabdf8d33d480_1795 .array/port v0xabdf8d33d480, 1795;
v0xabdf8d33d480_1796 .array/port v0xabdf8d33d480, 1796;
E_0xabdf8d0ee570/450 .event anyedge, v0xabdf8d33d480_1793, v0xabdf8d33d480_1794, v0xabdf8d33d480_1795, v0xabdf8d33d480_1796;
v0xabdf8d33d480_1797 .array/port v0xabdf8d33d480, 1797;
v0xabdf8d33d480_1798 .array/port v0xabdf8d33d480, 1798;
v0xabdf8d33d480_1799 .array/port v0xabdf8d33d480, 1799;
v0xabdf8d33d480_1800 .array/port v0xabdf8d33d480, 1800;
E_0xabdf8d0ee570/451 .event anyedge, v0xabdf8d33d480_1797, v0xabdf8d33d480_1798, v0xabdf8d33d480_1799, v0xabdf8d33d480_1800;
v0xabdf8d33d480_1801 .array/port v0xabdf8d33d480, 1801;
v0xabdf8d33d480_1802 .array/port v0xabdf8d33d480, 1802;
v0xabdf8d33d480_1803 .array/port v0xabdf8d33d480, 1803;
v0xabdf8d33d480_1804 .array/port v0xabdf8d33d480, 1804;
E_0xabdf8d0ee570/452 .event anyedge, v0xabdf8d33d480_1801, v0xabdf8d33d480_1802, v0xabdf8d33d480_1803, v0xabdf8d33d480_1804;
v0xabdf8d33d480_1805 .array/port v0xabdf8d33d480, 1805;
v0xabdf8d33d480_1806 .array/port v0xabdf8d33d480, 1806;
v0xabdf8d33d480_1807 .array/port v0xabdf8d33d480, 1807;
v0xabdf8d33d480_1808 .array/port v0xabdf8d33d480, 1808;
E_0xabdf8d0ee570/453 .event anyedge, v0xabdf8d33d480_1805, v0xabdf8d33d480_1806, v0xabdf8d33d480_1807, v0xabdf8d33d480_1808;
v0xabdf8d33d480_1809 .array/port v0xabdf8d33d480, 1809;
v0xabdf8d33d480_1810 .array/port v0xabdf8d33d480, 1810;
v0xabdf8d33d480_1811 .array/port v0xabdf8d33d480, 1811;
v0xabdf8d33d480_1812 .array/port v0xabdf8d33d480, 1812;
E_0xabdf8d0ee570/454 .event anyedge, v0xabdf8d33d480_1809, v0xabdf8d33d480_1810, v0xabdf8d33d480_1811, v0xabdf8d33d480_1812;
v0xabdf8d33d480_1813 .array/port v0xabdf8d33d480, 1813;
v0xabdf8d33d480_1814 .array/port v0xabdf8d33d480, 1814;
v0xabdf8d33d480_1815 .array/port v0xabdf8d33d480, 1815;
v0xabdf8d33d480_1816 .array/port v0xabdf8d33d480, 1816;
E_0xabdf8d0ee570/455 .event anyedge, v0xabdf8d33d480_1813, v0xabdf8d33d480_1814, v0xabdf8d33d480_1815, v0xabdf8d33d480_1816;
v0xabdf8d33d480_1817 .array/port v0xabdf8d33d480, 1817;
v0xabdf8d33d480_1818 .array/port v0xabdf8d33d480, 1818;
v0xabdf8d33d480_1819 .array/port v0xabdf8d33d480, 1819;
v0xabdf8d33d480_1820 .array/port v0xabdf8d33d480, 1820;
E_0xabdf8d0ee570/456 .event anyedge, v0xabdf8d33d480_1817, v0xabdf8d33d480_1818, v0xabdf8d33d480_1819, v0xabdf8d33d480_1820;
v0xabdf8d33d480_1821 .array/port v0xabdf8d33d480, 1821;
v0xabdf8d33d480_1822 .array/port v0xabdf8d33d480, 1822;
v0xabdf8d33d480_1823 .array/port v0xabdf8d33d480, 1823;
v0xabdf8d33d480_1824 .array/port v0xabdf8d33d480, 1824;
E_0xabdf8d0ee570/457 .event anyedge, v0xabdf8d33d480_1821, v0xabdf8d33d480_1822, v0xabdf8d33d480_1823, v0xabdf8d33d480_1824;
v0xabdf8d33d480_1825 .array/port v0xabdf8d33d480, 1825;
v0xabdf8d33d480_1826 .array/port v0xabdf8d33d480, 1826;
v0xabdf8d33d480_1827 .array/port v0xabdf8d33d480, 1827;
v0xabdf8d33d480_1828 .array/port v0xabdf8d33d480, 1828;
E_0xabdf8d0ee570/458 .event anyedge, v0xabdf8d33d480_1825, v0xabdf8d33d480_1826, v0xabdf8d33d480_1827, v0xabdf8d33d480_1828;
v0xabdf8d33d480_1829 .array/port v0xabdf8d33d480, 1829;
v0xabdf8d33d480_1830 .array/port v0xabdf8d33d480, 1830;
v0xabdf8d33d480_1831 .array/port v0xabdf8d33d480, 1831;
v0xabdf8d33d480_1832 .array/port v0xabdf8d33d480, 1832;
E_0xabdf8d0ee570/459 .event anyedge, v0xabdf8d33d480_1829, v0xabdf8d33d480_1830, v0xabdf8d33d480_1831, v0xabdf8d33d480_1832;
v0xabdf8d33d480_1833 .array/port v0xabdf8d33d480, 1833;
v0xabdf8d33d480_1834 .array/port v0xabdf8d33d480, 1834;
v0xabdf8d33d480_1835 .array/port v0xabdf8d33d480, 1835;
v0xabdf8d33d480_1836 .array/port v0xabdf8d33d480, 1836;
E_0xabdf8d0ee570/460 .event anyedge, v0xabdf8d33d480_1833, v0xabdf8d33d480_1834, v0xabdf8d33d480_1835, v0xabdf8d33d480_1836;
v0xabdf8d33d480_1837 .array/port v0xabdf8d33d480, 1837;
v0xabdf8d33d480_1838 .array/port v0xabdf8d33d480, 1838;
v0xabdf8d33d480_1839 .array/port v0xabdf8d33d480, 1839;
v0xabdf8d33d480_1840 .array/port v0xabdf8d33d480, 1840;
E_0xabdf8d0ee570/461 .event anyedge, v0xabdf8d33d480_1837, v0xabdf8d33d480_1838, v0xabdf8d33d480_1839, v0xabdf8d33d480_1840;
v0xabdf8d33d480_1841 .array/port v0xabdf8d33d480, 1841;
v0xabdf8d33d480_1842 .array/port v0xabdf8d33d480, 1842;
v0xabdf8d33d480_1843 .array/port v0xabdf8d33d480, 1843;
v0xabdf8d33d480_1844 .array/port v0xabdf8d33d480, 1844;
E_0xabdf8d0ee570/462 .event anyedge, v0xabdf8d33d480_1841, v0xabdf8d33d480_1842, v0xabdf8d33d480_1843, v0xabdf8d33d480_1844;
v0xabdf8d33d480_1845 .array/port v0xabdf8d33d480, 1845;
v0xabdf8d33d480_1846 .array/port v0xabdf8d33d480, 1846;
v0xabdf8d33d480_1847 .array/port v0xabdf8d33d480, 1847;
v0xabdf8d33d480_1848 .array/port v0xabdf8d33d480, 1848;
E_0xabdf8d0ee570/463 .event anyedge, v0xabdf8d33d480_1845, v0xabdf8d33d480_1846, v0xabdf8d33d480_1847, v0xabdf8d33d480_1848;
v0xabdf8d33d480_1849 .array/port v0xabdf8d33d480, 1849;
v0xabdf8d33d480_1850 .array/port v0xabdf8d33d480, 1850;
v0xabdf8d33d480_1851 .array/port v0xabdf8d33d480, 1851;
v0xabdf8d33d480_1852 .array/port v0xabdf8d33d480, 1852;
E_0xabdf8d0ee570/464 .event anyedge, v0xabdf8d33d480_1849, v0xabdf8d33d480_1850, v0xabdf8d33d480_1851, v0xabdf8d33d480_1852;
v0xabdf8d33d480_1853 .array/port v0xabdf8d33d480, 1853;
v0xabdf8d33d480_1854 .array/port v0xabdf8d33d480, 1854;
v0xabdf8d33d480_1855 .array/port v0xabdf8d33d480, 1855;
v0xabdf8d33d480_1856 .array/port v0xabdf8d33d480, 1856;
E_0xabdf8d0ee570/465 .event anyedge, v0xabdf8d33d480_1853, v0xabdf8d33d480_1854, v0xabdf8d33d480_1855, v0xabdf8d33d480_1856;
v0xabdf8d33d480_1857 .array/port v0xabdf8d33d480, 1857;
v0xabdf8d33d480_1858 .array/port v0xabdf8d33d480, 1858;
v0xabdf8d33d480_1859 .array/port v0xabdf8d33d480, 1859;
v0xabdf8d33d480_1860 .array/port v0xabdf8d33d480, 1860;
E_0xabdf8d0ee570/466 .event anyedge, v0xabdf8d33d480_1857, v0xabdf8d33d480_1858, v0xabdf8d33d480_1859, v0xabdf8d33d480_1860;
v0xabdf8d33d480_1861 .array/port v0xabdf8d33d480, 1861;
v0xabdf8d33d480_1862 .array/port v0xabdf8d33d480, 1862;
v0xabdf8d33d480_1863 .array/port v0xabdf8d33d480, 1863;
v0xabdf8d33d480_1864 .array/port v0xabdf8d33d480, 1864;
E_0xabdf8d0ee570/467 .event anyedge, v0xabdf8d33d480_1861, v0xabdf8d33d480_1862, v0xabdf8d33d480_1863, v0xabdf8d33d480_1864;
v0xabdf8d33d480_1865 .array/port v0xabdf8d33d480, 1865;
v0xabdf8d33d480_1866 .array/port v0xabdf8d33d480, 1866;
v0xabdf8d33d480_1867 .array/port v0xabdf8d33d480, 1867;
v0xabdf8d33d480_1868 .array/port v0xabdf8d33d480, 1868;
E_0xabdf8d0ee570/468 .event anyedge, v0xabdf8d33d480_1865, v0xabdf8d33d480_1866, v0xabdf8d33d480_1867, v0xabdf8d33d480_1868;
v0xabdf8d33d480_1869 .array/port v0xabdf8d33d480, 1869;
v0xabdf8d33d480_1870 .array/port v0xabdf8d33d480, 1870;
v0xabdf8d33d480_1871 .array/port v0xabdf8d33d480, 1871;
v0xabdf8d33d480_1872 .array/port v0xabdf8d33d480, 1872;
E_0xabdf8d0ee570/469 .event anyedge, v0xabdf8d33d480_1869, v0xabdf8d33d480_1870, v0xabdf8d33d480_1871, v0xabdf8d33d480_1872;
v0xabdf8d33d480_1873 .array/port v0xabdf8d33d480, 1873;
v0xabdf8d33d480_1874 .array/port v0xabdf8d33d480, 1874;
v0xabdf8d33d480_1875 .array/port v0xabdf8d33d480, 1875;
v0xabdf8d33d480_1876 .array/port v0xabdf8d33d480, 1876;
E_0xabdf8d0ee570/470 .event anyedge, v0xabdf8d33d480_1873, v0xabdf8d33d480_1874, v0xabdf8d33d480_1875, v0xabdf8d33d480_1876;
v0xabdf8d33d480_1877 .array/port v0xabdf8d33d480, 1877;
v0xabdf8d33d480_1878 .array/port v0xabdf8d33d480, 1878;
v0xabdf8d33d480_1879 .array/port v0xabdf8d33d480, 1879;
v0xabdf8d33d480_1880 .array/port v0xabdf8d33d480, 1880;
E_0xabdf8d0ee570/471 .event anyedge, v0xabdf8d33d480_1877, v0xabdf8d33d480_1878, v0xabdf8d33d480_1879, v0xabdf8d33d480_1880;
v0xabdf8d33d480_1881 .array/port v0xabdf8d33d480, 1881;
v0xabdf8d33d480_1882 .array/port v0xabdf8d33d480, 1882;
v0xabdf8d33d480_1883 .array/port v0xabdf8d33d480, 1883;
v0xabdf8d33d480_1884 .array/port v0xabdf8d33d480, 1884;
E_0xabdf8d0ee570/472 .event anyedge, v0xabdf8d33d480_1881, v0xabdf8d33d480_1882, v0xabdf8d33d480_1883, v0xabdf8d33d480_1884;
v0xabdf8d33d480_1885 .array/port v0xabdf8d33d480, 1885;
v0xabdf8d33d480_1886 .array/port v0xabdf8d33d480, 1886;
v0xabdf8d33d480_1887 .array/port v0xabdf8d33d480, 1887;
v0xabdf8d33d480_1888 .array/port v0xabdf8d33d480, 1888;
E_0xabdf8d0ee570/473 .event anyedge, v0xabdf8d33d480_1885, v0xabdf8d33d480_1886, v0xabdf8d33d480_1887, v0xabdf8d33d480_1888;
v0xabdf8d33d480_1889 .array/port v0xabdf8d33d480, 1889;
v0xabdf8d33d480_1890 .array/port v0xabdf8d33d480, 1890;
v0xabdf8d33d480_1891 .array/port v0xabdf8d33d480, 1891;
v0xabdf8d33d480_1892 .array/port v0xabdf8d33d480, 1892;
E_0xabdf8d0ee570/474 .event anyedge, v0xabdf8d33d480_1889, v0xabdf8d33d480_1890, v0xabdf8d33d480_1891, v0xabdf8d33d480_1892;
v0xabdf8d33d480_1893 .array/port v0xabdf8d33d480, 1893;
v0xabdf8d33d480_1894 .array/port v0xabdf8d33d480, 1894;
v0xabdf8d33d480_1895 .array/port v0xabdf8d33d480, 1895;
v0xabdf8d33d480_1896 .array/port v0xabdf8d33d480, 1896;
E_0xabdf8d0ee570/475 .event anyedge, v0xabdf8d33d480_1893, v0xabdf8d33d480_1894, v0xabdf8d33d480_1895, v0xabdf8d33d480_1896;
v0xabdf8d33d480_1897 .array/port v0xabdf8d33d480, 1897;
v0xabdf8d33d480_1898 .array/port v0xabdf8d33d480, 1898;
v0xabdf8d33d480_1899 .array/port v0xabdf8d33d480, 1899;
v0xabdf8d33d480_1900 .array/port v0xabdf8d33d480, 1900;
E_0xabdf8d0ee570/476 .event anyedge, v0xabdf8d33d480_1897, v0xabdf8d33d480_1898, v0xabdf8d33d480_1899, v0xabdf8d33d480_1900;
v0xabdf8d33d480_1901 .array/port v0xabdf8d33d480, 1901;
v0xabdf8d33d480_1902 .array/port v0xabdf8d33d480, 1902;
v0xabdf8d33d480_1903 .array/port v0xabdf8d33d480, 1903;
v0xabdf8d33d480_1904 .array/port v0xabdf8d33d480, 1904;
E_0xabdf8d0ee570/477 .event anyedge, v0xabdf8d33d480_1901, v0xabdf8d33d480_1902, v0xabdf8d33d480_1903, v0xabdf8d33d480_1904;
v0xabdf8d33d480_1905 .array/port v0xabdf8d33d480, 1905;
v0xabdf8d33d480_1906 .array/port v0xabdf8d33d480, 1906;
v0xabdf8d33d480_1907 .array/port v0xabdf8d33d480, 1907;
v0xabdf8d33d480_1908 .array/port v0xabdf8d33d480, 1908;
E_0xabdf8d0ee570/478 .event anyedge, v0xabdf8d33d480_1905, v0xabdf8d33d480_1906, v0xabdf8d33d480_1907, v0xabdf8d33d480_1908;
v0xabdf8d33d480_1909 .array/port v0xabdf8d33d480, 1909;
v0xabdf8d33d480_1910 .array/port v0xabdf8d33d480, 1910;
v0xabdf8d33d480_1911 .array/port v0xabdf8d33d480, 1911;
v0xabdf8d33d480_1912 .array/port v0xabdf8d33d480, 1912;
E_0xabdf8d0ee570/479 .event anyedge, v0xabdf8d33d480_1909, v0xabdf8d33d480_1910, v0xabdf8d33d480_1911, v0xabdf8d33d480_1912;
v0xabdf8d33d480_1913 .array/port v0xabdf8d33d480, 1913;
v0xabdf8d33d480_1914 .array/port v0xabdf8d33d480, 1914;
v0xabdf8d33d480_1915 .array/port v0xabdf8d33d480, 1915;
v0xabdf8d33d480_1916 .array/port v0xabdf8d33d480, 1916;
E_0xabdf8d0ee570/480 .event anyedge, v0xabdf8d33d480_1913, v0xabdf8d33d480_1914, v0xabdf8d33d480_1915, v0xabdf8d33d480_1916;
v0xabdf8d33d480_1917 .array/port v0xabdf8d33d480, 1917;
v0xabdf8d33d480_1918 .array/port v0xabdf8d33d480, 1918;
v0xabdf8d33d480_1919 .array/port v0xabdf8d33d480, 1919;
v0xabdf8d33d480_1920 .array/port v0xabdf8d33d480, 1920;
E_0xabdf8d0ee570/481 .event anyedge, v0xabdf8d33d480_1917, v0xabdf8d33d480_1918, v0xabdf8d33d480_1919, v0xabdf8d33d480_1920;
v0xabdf8d33d480_1921 .array/port v0xabdf8d33d480, 1921;
v0xabdf8d33d480_1922 .array/port v0xabdf8d33d480, 1922;
v0xabdf8d33d480_1923 .array/port v0xabdf8d33d480, 1923;
v0xabdf8d33d480_1924 .array/port v0xabdf8d33d480, 1924;
E_0xabdf8d0ee570/482 .event anyedge, v0xabdf8d33d480_1921, v0xabdf8d33d480_1922, v0xabdf8d33d480_1923, v0xabdf8d33d480_1924;
v0xabdf8d33d480_1925 .array/port v0xabdf8d33d480, 1925;
v0xabdf8d33d480_1926 .array/port v0xabdf8d33d480, 1926;
v0xabdf8d33d480_1927 .array/port v0xabdf8d33d480, 1927;
v0xabdf8d33d480_1928 .array/port v0xabdf8d33d480, 1928;
E_0xabdf8d0ee570/483 .event anyedge, v0xabdf8d33d480_1925, v0xabdf8d33d480_1926, v0xabdf8d33d480_1927, v0xabdf8d33d480_1928;
v0xabdf8d33d480_1929 .array/port v0xabdf8d33d480, 1929;
v0xabdf8d33d480_1930 .array/port v0xabdf8d33d480, 1930;
v0xabdf8d33d480_1931 .array/port v0xabdf8d33d480, 1931;
v0xabdf8d33d480_1932 .array/port v0xabdf8d33d480, 1932;
E_0xabdf8d0ee570/484 .event anyedge, v0xabdf8d33d480_1929, v0xabdf8d33d480_1930, v0xabdf8d33d480_1931, v0xabdf8d33d480_1932;
v0xabdf8d33d480_1933 .array/port v0xabdf8d33d480, 1933;
v0xabdf8d33d480_1934 .array/port v0xabdf8d33d480, 1934;
v0xabdf8d33d480_1935 .array/port v0xabdf8d33d480, 1935;
v0xabdf8d33d480_1936 .array/port v0xabdf8d33d480, 1936;
E_0xabdf8d0ee570/485 .event anyedge, v0xabdf8d33d480_1933, v0xabdf8d33d480_1934, v0xabdf8d33d480_1935, v0xabdf8d33d480_1936;
v0xabdf8d33d480_1937 .array/port v0xabdf8d33d480, 1937;
v0xabdf8d33d480_1938 .array/port v0xabdf8d33d480, 1938;
v0xabdf8d33d480_1939 .array/port v0xabdf8d33d480, 1939;
v0xabdf8d33d480_1940 .array/port v0xabdf8d33d480, 1940;
E_0xabdf8d0ee570/486 .event anyedge, v0xabdf8d33d480_1937, v0xabdf8d33d480_1938, v0xabdf8d33d480_1939, v0xabdf8d33d480_1940;
v0xabdf8d33d480_1941 .array/port v0xabdf8d33d480, 1941;
v0xabdf8d33d480_1942 .array/port v0xabdf8d33d480, 1942;
v0xabdf8d33d480_1943 .array/port v0xabdf8d33d480, 1943;
v0xabdf8d33d480_1944 .array/port v0xabdf8d33d480, 1944;
E_0xabdf8d0ee570/487 .event anyedge, v0xabdf8d33d480_1941, v0xabdf8d33d480_1942, v0xabdf8d33d480_1943, v0xabdf8d33d480_1944;
v0xabdf8d33d480_1945 .array/port v0xabdf8d33d480, 1945;
v0xabdf8d33d480_1946 .array/port v0xabdf8d33d480, 1946;
v0xabdf8d33d480_1947 .array/port v0xabdf8d33d480, 1947;
v0xabdf8d33d480_1948 .array/port v0xabdf8d33d480, 1948;
E_0xabdf8d0ee570/488 .event anyedge, v0xabdf8d33d480_1945, v0xabdf8d33d480_1946, v0xabdf8d33d480_1947, v0xabdf8d33d480_1948;
v0xabdf8d33d480_1949 .array/port v0xabdf8d33d480, 1949;
v0xabdf8d33d480_1950 .array/port v0xabdf8d33d480, 1950;
v0xabdf8d33d480_1951 .array/port v0xabdf8d33d480, 1951;
v0xabdf8d33d480_1952 .array/port v0xabdf8d33d480, 1952;
E_0xabdf8d0ee570/489 .event anyedge, v0xabdf8d33d480_1949, v0xabdf8d33d480_1950, v0xabdf8d33d480_1951, v0xabdf8d33d480_1952;
v0xabdf8d33d480_1953 .array/port v0xabdf8d33d480, 1953;
v0xabdf8d33d480_1954 .array/port v0xabdf8d33d480, 1954;
v0xabdf8d33d480_1955 .array/port v0xabdf8d33d480, 1955;
v0xabdf8d33d480_1956 .array/port v0xabdf8d33d480, 1956;
E_0xabdf8d0ee570/490 .event anyedge, v0xabdf8d33d480_1953, v0xabdf8d33d480_1954, v0xabdf8d33d480_1955, v0xabdf8d33d480_1956;
v0xabdf8d33d480_1957 .array/port v0xabdf8d33d480, 1957;
v0xabdf8d33d480_1958 .array/port v0xabdf8d33d480, 1958;
v0xabdf8d33d480_1959 .array/port v0xabdf8d33d480, 1959;
v0xabdf8d33d480_1960 .array/port v0xabdf8d33d480, 1960;
E_0xabdf8d0ee570/491 .event anyedge, v0xabdf8d33d480_1957, v0xabdf8d33d480_1958, v0xabdf8d33d480_1959, v0xabdf8d33d480_1960;
v0xabdf8d33d480_1961 .array/port v0xabdf8d33d480, 1961;
v0xabdf8d33d480_1962 .array/port v0xabdf8d33d480, 1962;
v0xabdf8d33d480_1963 .array/port v0xabdf8d33d480, 1963;
v0xabdf8d33d480_1964 .array/port v0xabdf8d33d480, 1964;
E_0xabdf8d0ee570/492 .event anyedge, v0xabdf8d33d480_1961, v0xabdf8d33d480_1962, v0xabdf8d33d480_1963, v0xabdf8d33d480_1964;
v0xabdf8d33d480_1965 .array/port v0xabdf8d33d480, 1965;
v0xabdf8d33d480_1966 .array/port v0xabdf8d33d480, 1966;
v0xabdf8d33d480_1967 .array/port v0xabdf8d33d480, 1967;
v0xabdf8d33d480_1968 .array/port v0xabdf8d33d480, 1968;
E_0xabdf8d0ee570/493 .event anyedge, v0xabdf8d33d480_1965, v0xabdf8d33d480_1966, v0xabdf8d33d480_1967, v0xabdf8d33d480_1968;
v0xabdf8d33d480_1969 .array/port v0xabdf8d33d480, 1969;
v0xabdf8d33d480_1970 .array/port v0xabdf8d33d480, 1970;
v0xabdf8d33d480_1971 .array/port v0xabdf8d33d480, 1971;
v0xabdf8d33d480_1972 .array/port v0xabdf8d33d480, 1972;
E_0xabdf8d0ee570/494 .event anyedge, v0xabdf8d33d480_1969, v0xabdf8d33d480_1970, v0xabdf8d33d480_1971, v0xabdf8d33d480_1972;
v0xabdf8d33d480_1973 .array/port v0xabdf8d33d480, 1973;
v0xabdf8d33d480_1974 .array/port v0xabdf8d33d480, 1974;
v0xabdf8d33d480_1975 .array/port v0xabdf8d33d480, 1975;
v0xabdf8d33d480_1976 .array/port v0xabdf8d33d480, 1976;
E_0xabdf8d0ee570/495 .event anyedge, v0xabdf8d33d480_1973, v0xabdf8d33d480_1974, v0xabdf8d33d480_1975, v0xabdf8d33d480_1976;
v0xabdf8d33d480_1977 .array/port v0xabdf8d33d480, 1977;
v0xabdf8d33d480_1978 .array/port v0xabdf8d33d480, 1978;
v0xabdf8d33d480_1979 .array/port v0xabdf8d33d480, 1979;
v0xabdf8d33d480_1980 .array/port v0xabdf8d33d480, 1980;
E_0xabdf8d0ee570/496 .event anyedge, v0xabdf8d33d480_1977, v0xabdf8d33d480_1978, v0xabdf8d33d480_1979, v0xabdf8d33d480_1980;
v0xabdf8d33d480_1981 .array/port v0xabdf8d33d480, 1981;
v0xabdf8d33d480_1982 .array/port v0xabdf8d33d480, 1982;
v0xabdf8d33d480_1983 .array/port v0xabdf8d33d480, 1983;
v0xabdf8d33d480_1984 .array/port v0xabdf8d33d480, 1984;
E_0xabdf8d0ee570/497 .event anyedge, v0xabdf8d33d480_1981, v0xabdf8d33d480_1982, v0xabdf8d33d480_1983, v0xabdf8d33d480_1984;
v0xabdf8d33d480_1985 .array/port v0xabdf8d33d480, 1985;
v0xabdf8d33d480_1986 .array/port v0xabdf8d33d480, 1986;
v0xabdf8d33d480_1987 .array/port v0xabdf8d33d480, 1987;
v0xabdf8d33d480_1988 .array/port v0xabdf8d33d480, 1988;
E_0xabdf8d0ee570/498 .event anyedge, v0xabdf8d33d480_1985, v0xabdf8d33d480_1986, v0xabdf8d33d480_1987, v0xabdf8d33d480_1988;
v0xabdf8d33d480_1989 .array/port v0xabdf8d33d480, 1989;
v0xabdf8d33d480_1990 .array/port v0xabdf8d33d480, 1990;
v0xabdf8d33d480_1991 .array/port v0xabdf8d33d480, 1991;
v0xabdf8d33d480_1992 .array/port v0xabdf8d33d480, 1992;
E_0xabdf8d0ee570/499 .event anyedge, v0xabdf8d33d480_1989, v0xabdf8d33d480_1990, v0xabdf8d33d480_1991, v0xabdf8d33d480_1992;
v0xabdf8d33d480_1993 .array/port v0xabdf8d33d480, 1993;
v0xabdf8d33d480_1994 .array/port v0xabdf8d33d480, 1994;
v0xabdf8d33d480_1995 .array/port v0xabdf8d33d480, 1995;
v0xabdf8d33d480_1996 .array/port v0xabdf8d33d480, 1996;
E_0xabdf8d0ee570/500 .event anyedge, v0xabdf8d33d480_1993, v0xabdf8d33d480_1994, v0xabdf8d33d480_1995, v0xabdf8d33d480_1996;
v0xabdf8d33d480_1997 .array/port v0xabdf8d33d480, 1997;
v0xabdf8d33d480_1998 .array/port v0xabdf8d33d480, 1998;
v0xabdf8d33d480_1999 .array/port v0xabdf8d33d480, 1999;
v0xabdf8d33d480_2000 .array/port v0xabdf8d33d480, 2000;
E_0xabdf8d0ee570/501 .event anyedge, v0xabdf8d33d480_1997, v0xabdf8d33d480_1998, v0xabdf8d33d480_1999, v0xabdf8d33d480_2000;
v0xabdf8d33d480_2001 .array/port v0xabdf8d33d480, 2001;
v0xabdf8d33d480_2002 .array/port v0xabdf8d33d480, 2002;
v0xabdf8d33d480_2003 .array/port v0xabdf8d33d480, 2003;
v0xabdf8d33d480_2004 .array/port v0xabdf8d33d480, 2004;
E_0xabdf8d0ee570/502 .event anyedge, v0xabdf8d33d480_2001, v0xabdf8d33d480_2002, v0xabdf8d33d480_2003, v0xabdf8d33d480_2004;
v0xabdf8d33d480_2005 .array/port v0xabdf8d33d480, 2005;
v0xabdf8d33d480_2006 .array/port v0xabdf8d33d480, 2006;
v0xabdf8d33d480_2007 .array/port v0xabdf8d33d480, 2007;
v0xabdf8d33d480_2008 .array/port v0xabdf8d33d480, 2008;
E_0xabdf8d0ee570/503 .event anyedge, v0xabdf8d33d480_2005, v0xabdf8d33d480_2006, v0xabdf8d33d480_2007, v0xabdf8d33d480_2008;
v0xabdf8d33d480_2009 .array/port v0xabdf8d33d480, 2009;
v0xabdf8d33d480_2010 .array/port v0xabdf8d33d480, 2010;
v0xabdf8d33d480_2011 .array/port v0xabdf8d33d480, 2011;
v0xabdf8d33d480_2012 .array/port v0xabdf8d33d480, 2012;
E_0xabdf8d0ee570/504 .event anyedge, v0xabdf8d33d480_2009, v0xabdf8d33d480_2010, v0xabdf8d33d480_2011, v0xabdf8d33d480_2012;
v0xabdf8d33d480_2013 .array/port v0xabdf8d33d480, 2013;
v0xabdf8d33d480_2014 .array/port v0xabdf8d33d480, 2014;
v0xabdf8d33d480_2015 .array/port v0xabdf8d33d480, 2015;
v0xabdf8d33d480_2016 .array/port v0xabdf8d33d480, 2016;
E_0xabdf8d0ee570/505 .event anyedge, v0xabdf8d33d480_2013, v0xabdf8d33d480_2014, v0xabdf8d33d480_2015, v0xabdf8d33d480_2016;
v0xabdf8d33d480_2017 .array/port v0xabdf8d33d480, 2017;
v0xabdf8d33d480_2018 .array/port v0xabdf8d33d480, 2018;
v0xabdf8d33d480_2019 .array/port v0xabdf8d33d480, 2019;
v0xabdf8d33d480_2020 .array/port v0xabdf8d33d480, 2020;
E_0xabdf8d0ee570/506 .event anyedge, v0xabdf8d33d480_2017, v0xabdf8d33d480_2018, v0xabdf8d33d480_2019, v0xabdf8d33d480_2020;
v0xabdf8d33d480_2021 .array/port v0xabdf8d33d480, 2021;
v0xabdf8d33d480_2022 .array/port v0xabdf8d33d480, 2022;
v0xabdf8d33d480_2023 .array/port v0xabdf8d33d480, 2023;
v0xabdf8d33d480_2024 .array/port v0xabdf8d33d480, 2024;
E_0xabdf8d0ee570/507 .event anyedge, v0xabdf8d33d480_2021, v0xabdf8d33d480_2022, v0xabdf8d33d480_2023, v0xabdf8d33d480_2024;
v0xabdf8d33d480_2025 .array/port v0xabdf8d33d480, 2025;
v0xabdf8d33d480_2026 .array/port v0xabdf8d33d480, 2026;
v0xabdf8d33d480_2027 .array/port v0xabdf8d33d480, 2027;
v0xabdf8d33d480_2028 .array/port v0xabdf8d33d480, 2028;
E_0xabdf8d0ee570/508 .event anyedge, v0xabdf8d33d480_2025, v0xabdf8d33d480_2026, v0xabdf8d33d480_2027, v0xabdf8d33d480_2028;
v0xabdf8d33d480_2029 .array/port v0xabdf8d33d480, 2029;
v0xabdf8d33d480_2030 .array/port v0xabdf8d33d480, 2030;
v0xabdf8d33d480_2031 .array/port v0xabdf8d33d480, 2031;
v0xabdf8d33d480_2032 .array/port v0xabdf8d33d480, 2032;
E_0xabdf8d0ee570/509 .event anyedge, v0xabdf8d33d480_2029, v0xabdf8d33d480_2030, v0xabdf8d33d480_2031, v0xabdf8d33d480_2032;
v0xabdf8d33d480_2033 .array/port v0xabdf8d33d480, 2033;
v0xabdf8d33d480_2034 .array/port v0xabdf8d33d480, 2034;
v0xabdf8d33d480_2035 .array/port v0xabdf8d33d480, 2035;
v0xabdf8d33d480_2036 .array/port v0xabdf8d33d480, 2036;
E_0xabdf8d0ee570/510 .event anyedge, v0xabdf8d33d480_2033, v0xabdf8d33d480_2034, v0xabdf8d33d480_2035, v0xabdf8d33d480_2036;
v0xabdf8d33d480_2037 .array/port v0xabdf8d33d480, 2037;
v0xabdf8d33d480_2038 .array/port v0xabdf8d33d480, 2038;
v0xabdf8d33d480_2039 .array/port v0xabdf8d33d480, 2039;
v0xabdf8d33d480_2040 .array/port v0xabdf8d33d480, 2040;
E_0xabdf8d0ee570/511 .event anyedge, v0xabdf8d33d480_2037, v0xabdf8d33d480_2038, v0xabdf8d33d480_2039, v0xabdf8d33d480_2040;
v0xabdf8d33d480_2041 .array/port v0xabdf8d33d480, 2041;
v0xabdf8d33d480_2042 .array/port v0xabdf8d33d480, 2042;
v0xabdf8d33d480_2043 .array/port v0xabdf8d33d480, 2043;
v0xabdf8d33d480_2044 .array/port v0xabdf8d33d480, 2044;
E_0xabdf8d0ee570/512 .event anyedge, v0xabdf8d33d480_2041, v0xabdf8d33d480_2042, v0xabdf8d33d480_2043, v0xabdf8d33d480_2044;
v0xabdf8d33d480_2045 .array/port v0xabdf8d33d480, 2045;
v0xabdf8d33d480_2046 .array/port v0xabdf8d33d480, 2046;
v0xabdf8d33d480_2047 .array/port v0xabdf8d33d480, 2047;
v0xabdf8d33d480_2048 .array/port v0xabdf8d33d480, 2048;
E_0xabdf8d0ee570/513 .event anyedge, v0xabdf8d33d480_2045, v0xabdf8d33d480_2046, v0xabdf8d33d480_2047, v0xabdf8d33d480_2048;
v0xabdf8d33d480_2049 .array/port v0xabdf8d33d480, 2049;
v0xabdf8d33d480_2050 .array/port v0xabdf8d33d480, 2050;
v0xabdf8d33d480_2051 .array/port v0xabdf8d33d480, 2051;
v0xabdf8d33d480_2052 .array/port v0xabdf8d33d480, 2052;
E_0xabdf8d0ee570/514 .event anyedge, v0xabdf8d33d480_2049, v0xabdf8d33d480_2050, v0xabdf8d33d480_2051, v0xabdf8d33d480_2052;
v0xabdf8d33d480_2053 .array/port v0xabdf8d33d480, 2053;
v0xabdf8d33d480_2054 .array/port v0xabdf8d33d480, 2054;
v0xabdf8d33d480_2055 .array/port v0xabdf8d33d480, 2055;
v0xabdf8d33d480_2056 .array/port v0xabdf8d33d480, 2056;
E_0xabdf8d0ee570/515 .event anyedge, v0xabdf8d33d480_2053, v0xabdf8d33d480_2054, v0xabdf8d33d480_2055, v0xabdf8d33d480_2056;
v0xabdf8d33d480_2057 .array/port v0xabdf8d33d480, 2057;
v0xabdf8d33d480_2058 .array/port v0xabdf8d33d480, 2058;
v0xabdf8d33d480_2059 .array/port v0xabdf8d33d480, 2059;
v0xabdf8d33d480_2060 .array/port v0xabdf8d33d480, 2060;
E_0xabdf8d0ee570/516 .event anyedge, v0xabdf8d33d480_2057, v0xabdf8d33d480_2058, v0xabdf8d33d480_2059, v0xabdf8d33d480_2060;
v0xabdf8d33d480_2061 .array/port v0xabdf8d33d480, 2061;
v0xabdf8d33d480_2062 .array/port v0xabdf8d33d480, 2062;
v0xabdf8d33d480_2063 .array/port v0xabdf8d33d480, 2063;
v0xabdf8d33d480_2064 .array/port v0xabdf8d33d480, 2064;
E_0xabdf8d0ee570/517 .event anyedge, v0xabdf8d33d480_2061, v0xabdf8d33d480_2062, v0xabdf8d33d480_2063, v0xabdf8d33d480_2064;
v0xabdf8d33d480_2065 .array/port v0xabdf8d33d480, 2065;
v0xabdf8d33d480_2066 .array/port v0xabdf8d33d480, 2066;
v0xabdf8d33d480_2067 .array/port v0xabdf8d33d480, 2067;
v0xabdf8d33d480_2068 .array/port v0xabdf8d33d480, 2068;
E_0xabdf8d0ee570/518 .event anyedge, v0xabdf8d33d480_2065, v0xabdf8d33d480_2066, v0xabdf8d33d480_2067, v0xabdf8d33d480_2068;
v0xabdf8d33d480_2069 .array/port v0xabdf8d33d480, 2069;
v0xabdf8d33d480_2070 .array/port v0xabdf8d33d480, 2070;
v0xabdf8d33d480_2071 .array/port v0xabdf8d33d480, 2071;
v0xabdf8d33d480_2072 .array/port v0xabdf8d33d480, 2072;
E_0xabdf8d0ee570/519 .event anyedge, v0xabdf8d33d480_2069, v0xabdf8d33d480_2070, v0xabdf8d33d480_2071, v0xabdf8d33d480_2072;
v0xabdf8d33d480_2073 .array/port v0xabdf8d33d480, 2073;
v0xabdf8d33d480_2074 .array/port v0xabdf8d33d480, 2074;
v0xabdf8d33d480_2075 .array/port v0xabdf8d33d480, 2075;
v0xabdf8d33d480_2076 .array/port v0xabdf8d33d480, 2076;
E_0xabdf8d0ee570/520 .event anyedge, v0xabdf8d33d480_2073, v0xabdf8d33d480_2074, v0xabdf8d33d480_2075, v0xabdf8d33d480_2076;
v0xabdf8d33d480_2077 .array/port v0xabdf8d33d480, 2077;
v0xabdf8d33d480_2078 .array/port v0xabdf8d33d480, 2078;
v0xabdf8d33d480_2079 .array/port v0xabdf8d33d480, 2079;
v0xabdf8d33d480_2080 .array/port v0xabdf8d33d480, 2080;
E_0xabdf8d0ee570/521 .event anyedge, v0xabdf8d33d480_2077, v0xabdf8d33d480_2078, v0xabdf8d33d480_2079, v0xabdf8d33d480_2080;
v0xabdf8d33d480_2081 .array/port v0xabdf8d33d480, 2081;
v0xabdf8d33d480_2082 .array/port v0xabdf8d33d480, 2082;
v0xabdf8d33d480_2083 .array/port v0xabdf8d33d480, 2083;
v0xabdf8d33d480_2084 .array/port v0xabdf8d33d480, 2084;
E_0xabdf8d0ee570/522 .event anyedge, v0xabdf8d33d480_2081, v0xabdf8d33d480_2082, v0xabdf8d33d480_2083, v0xabdf8d33d480_2084;
v0xabdf8d33d480_2085 .array/port v0xabdf8d33d480, 2085;
v0xabdf8d33d480_2086 .array/port v0xabdf8d33d480, 2086;
v0xabdf8d33d480_2087 .array/port v0xabdf8d33d480, 2087;
v0xabdf8d33d480_2088 .array/port v0xabdf8d33d480, 2088;
E_0xabdf8d0ee570/523 .event anyedge, v0xabdf8d33d480_2085, v0xabdf8d33d480_2086, v0xabdf8d33d480_2087, v0xabdf8d33d480_2088;
v0xabdf8d33d480_2089 .array/port v0xabdf8d33d480, 2089;
v0xabdf8d33d480_2090 .array/port v0xabdf8d33d480, 2090;
v0xabdf8d33d480_2091 .array/port v0xabdf8d33d480, 2091;
v0xabdf8d33d480_2092 .array/port v0xabdf8d33d480, 2092;
E_0xabdf8d0ee570/524 .event anyedge, v0xabdf8d33d480_2089, v0xabdf8d33d480_2090, v0xabdf8d33d480_2091, v0xabdf8d33d480_2092;
v0xabdf8d33d480_2093 .array/port v0xabdf8d33d480, 2093;
v0xabdf8d33d480_2094 .array/port v0xabdf8d33d480, 2094;
v0xabdf8d33d480_2095 .array/port v0xabdf8d33d480, 2095;
v0xabdf8d33d480_2096 .array/port v0xabdf8d33d480, 2096;
E_0xabdf8d0ee570/525 .event anyedge, v0xabdf8d33d480_2093, v0xabdf8d33d480_2094, v0xabdf8d33d480_2095, v0xabdf8d33d480_2096;
v0xabdf8d33d480_2097 .array/port v0xabdf8d33d480, 2097;
v0xabdf8d33d480_2098 .array/port v0xabdf8d33d480, 2098;
v0xabdf8d33d480_2099 .array/port v0xabdf8d33d480, 2099;
v0xabdf8d33d480_2100 .array/port v0xabdf8d33d480, 2100;
E_0xabdf8d0ee570/526 .event anyedge, v0xabdf8d33d480_2097, v0xabdf8d33d480_2098, v0xabdf8d33d480_2099, v0xabdf8d33d480_2100;
v0xabdf8d33d480_2101 .array/port v0xabdf8d33d480, 2101;
v0xabdf8d33d480_2102 .array/port v0xabdf8d33d480, 2102;
v0xabdf8d33d480_2103 .array/port v0xabdf8d33d480, 2103;
v0xabdf8d33d480_2104 .array/port v0xabdf8d33d480, 2104;
E_0xabdf8d0ee570/527 .event anyedge, v0xabdf8d33d480_2101, v0xabdf8d33d480_2102, v0xabdf8d33d480_2103, v0xabdf8d33d480_2104;
v0xabdf8d33d480_2105 .array/port v0xabdf8d33d480, 2105;
v0xabdf8d33d480_2106 .array/port v0xabdf8d33d480, 2106;
v0xabdf8d33d480_2107 .array/port v0xabdf8d33d480, 2107;
v0xabdf8d33d480_2108 .array/port v0xabdf8d33d480, 2108;
E_0xabdf8d0ee570/528 .event anyedge, v0xabdf8d33d480_2105, v0xabdf8d33d480_2106, v0xabdf8d33d480_2107, v0xabdf8d33d480_2108;
v0xabdf8d33d480_2109 .array/port v0xabdf8d33d480, 2109;
v0xabdf8d33d480_2110 .array/port v0xabdf8d33d480, 2110;
v0xabdf8d33d480_2111 .array/port v0xabdf8d33d480, 2111;
v0xabdf8d33d480_2112 .array/port v0xabdf8d33d480, 2112;
E_0xabdf8d0ee570/529 .event anyedge, v0xabdf8d33d480_2109, v0xabdf8d33d480_2110, v0xabdf8d33d480_2111, v0xabdf8d33d480_2112;
v0xabdf8d33d480_2113 .array/port v0xabdf8d33d480, 2113;
v0xabdf8d33d480_2114 .array/port v0xabdf8d33d480, 2114;
v0xabdf8d33d480_2115 .array/port v0xabdf8d33d480, 2115;
v0xabdf8d33d480_2116 .array/port v0xabdf8d33d480, 2116;
E_0xabdf8d0ee570/530 .event anyedge, v0xabdf8d33d480_2113, v0xabdf8d33d480_2114, v0xabdf8d33d480_2115, v0xabdf8d33d480_2116;
v0xabdf8d33d480_2117 .array/port v0xabdf8d33d480, 2117;
v0xabdf8d33d480_2118 .array/port v0xabdf8d33d480, 2118;
v0xabdf8d33d480_2119 .array/port v0xabdf8d33d480, 2119;
v0xabdf8d33d480_2120 .array/port v0xabdf8d33d480, 2120;
E_0xabdf8d0ee570/531 .event anyedge, v0xabdf8d33d480_2117, v0xabdf8d33d480_2118, v0xabdf8d33d480_2119, v0xabdf8d33d480_2120;
v0xabdf8d33d480_2121 .array/port v0xabdf8d33d480, 2121;
v0xabdf8d33d480_2122 .array/port v0xabdf8d33d480, 2122;
v0xabdf8d33d480_2123 .array/port v0xabdf8d33d480, 2123;
v0xabdf8d33d480_2124 .array/port v0xabdf8d33d480, 2124;
E_0xabdf8d0ee570/532 .event anyedge, v0xabdf8d33d480_2121, v0xabdf8d33d480_2122, v0xabdf8d33d480_2123, v0xabdf8d33d480_2124;
v0xabdf8d33d480_2125 .array/port v0xabdf8d33d480, 2125;
v0xabdf8d33d480_2126 .array/port v0xabdf8d33d480, 2126;
v0xabdf8d33d480_2127 .array/port v0xabdf8d33d480, 2127;
v0xabdf8d33d480_2128 .array/port v0xabdf8d33d480, 2128;
E_0xabdf8d0ee570/533 .event anyedge, v0xabdf8d33d480_2125, v0xabdf8d33d480_2126, v0xabdf8d33d480_2127, v0xabdf8d33d480_2128;
v0xabdf8d33d480_2129 .array/port v0xabdf8d33d480, 2129;
v0xabdf8d33d480_2130 .array/port v0xabdf8d33d480, 2130;
v0xabdf8d33d480_2131 .array/port v0xabdf8d33d480, 2131;
v0xabdf8d33d480_2132 .array/port v0xabdf8d33d480, 2132;
E_0xabdf8d0ee570/534 .event anyedge, v0xabdf8d33d480_2129, v0xabdf8d33d480_2130, v0xabdf8d33d480_2131, v0xabdf8d33d480_2132;
v0xabdf8d33d480_2133 .array/port v0xabdf8d33d480, 2133;
v0xabdf8d33d480_2134 .array/port v0xabdf8d33d480, 2134;
v0xabdf8d33d480_2135 .array/port v0xabdf8d33d480, 2135;
v0xabdf8d33d480_2136 .array/port v0xabdf8d33d480, 2136;
E_0xabdf8d0ee570/535 .event anyedge, v0xabdf8d33d480_2133, v0xabdf8d33d480_2134, v0xabdf8d33d480_2135, v0xabdf8d33d480_2136;
v0xabdf8d33d480_2137 .array/port v0xabdf8d33d480, 2137;
v0xabdf8d33d480_2138 .array/port v0xabdf8d33d480, 2138;
v0xabdf8d33d480_2139 .array/port v0xabdf8d33d480, 2139;
v0xabdf8d33d480_2140 .array/port v0xabdf8d33d480, 2140;
E_0xabdf8d0ee570/536 .event anyedge, v0xabdf8d33d480_2137, v0xabdf8d33d480_2138, v0xabdf8d33d480_2139, v0xabdf8d33d480_2140;
v0xabdf8d33d480_2141 .array/port v0xabdf8d33d480, 2141;
v0xabdf8d33d480_2142 .array/port v0xabdf8d33d480, 2142;
v0xabdf8d33d480_2143 .array/port v0xabdf8d33d480, 2143;
v0xabdf8d33d480_2144 .array/port v0xabdf8d33d480, 2144;
E_0xabdf8d0ee570/537 .event anyedge, v0xabdf8d33d480_2141, v0xabdf8d33d480_2142, v0xabdf8d33d480_2143, v0xabdf8d33d480_2144;
v0xabdf8d33d480_2145 .array/port v0xabdf8d33d480, 2145;
v0xabdf8d33d480_2146 .array/port v0xabdf8d33d480, 2146;
v0xabdf8d33d480_2147 .array/port v0xabdf8d33d480, 2147;
v0xabdf8d33d480_2148 .array/port v0xabdf8d33d480, 2148;
E_0xabdf8d0ee570/538 .event anyedge, v0xabdf8d33d480_2145, v0xabdf8d33d480_2146, v0xabdf8d33d480_2147, v0xabdf8d33d480_2148;
v0xabdf8d33d480_2149 .array/port v0xabdf8d33d480, 2149;
v0xabdf8d33d480_2150 .array/port v0xabdf8d33d480, 2150;
v0xabdf8d33d480_2151 .array/port v0xabdf8d33d480, 2151;
v0xabdf8d33d480_2152 .array/port v0xabdf8d33d480, 2152;
E_0xabdf8d0ee570/539 .event anyedge, v0xabdf8d33d480_2149, v0xabdf8d33d480_2150, v0xabdf8d33d480_2151, v0xabdf8d33d480_2152;
v0xabdf8d33d480_2153 .array/port v0xabdf8d33d480, 2153;
v0xabdf8d33d480_2154 .array/port v0xabdf8d33d480, 2154;
v0xabdf8d33d480_2155 .array/port v0xabdf8d33d480, 2155;
v0xabdf8d33d480_2156 .array/port v0xabdf8d33d480, 2156;
E_0xabdf8d0ee570/540 .event anyedge, v0xabdf8d33d480_2153, v0xabdf8d33d480_2154, v0xabdf8d33d480_2155, v0xabdf8d33d480_2156;
v0xabdf8d33d480_2157 .array/port v0xabdf8d33d480, 2157;
v0xabdf8d33d480_2158 .array/port v0xabdf8d33d480, 2158;
v0xabdf8d33d480_2159 .array/port v0xabdf8d33d480, 2159;
v0xabdf8d33d480_2160 .array/port v0xabdf8d33d480, 2160;
E_0xabdf8d0ee570/541 .event anyedge, v0xabdf8d33d480_2157, v0xabdf8d33d480_2158, v0xabdf8d33d480_2159, v0xabdf8d33d480_2160;
v0xabdf8d33d480_2161 .array/port v0xabdf8d33d480, 2161;
v0xabdf8d33d480_2162 .array/port v0xabdf8d33d480, 2162;
v0xabdf8d33d480_2163 .array/port v0xabdf8d33d480, 2163;
v0xabdf8d33d480_2164 .array/port v0xabdf8d33d480, 2164;
E_0xabdf8d0ee570/542 .event anyedge, v0xabdf8d33d480_2161, v0xabdf8d33d480_2162, v0xabdf8d33d480_2163, v0xabdf8d33d480_2164;
v0xabdf8d33d480_2165 .array/port v0xabdf8d33d480, 2165;
v0xabdf8d33d480_2166 .array/port v0xabdf8d33d480, 2166;
v0xabdf8d33d480_2167 .array/port v0xabdf8d33d480, 2167;
v0xabdf8d33d480_2168 .array/port v0xabdf8d33d480, 2168;
E_0xabdf8d0ee570/543 .event anyedge, v0xabdf8d33d480_2165, v0xabdf8d33d480_2166, v0xabdf8d33d480_2167, v0xabdf8d33d480_2168;
v0xabdf8d33d480_2169 .array/port v0xabdf8d33d480, 2169;
v0xabdf8d33d480_2170 .array/port v0xabdf8d33d480, 2170;
v0xabdf8d33d480_2171 .array/port v0xabdf8d33d480, 2171;
v0xabdf8d33d480_2172 .array/port v0xabdf8d33d480, 2172;
E_0xabdf8d0ee570/544 .event anyedge, v0xabdf8d33d480_2169, v0xabdf8d33d480_2170, v0xabdf8d33d480_2171, v0xabdf8d33d480_2172;
v0xabdf8d33d480_2173 .array/port v0xabdf8d33d480, 2173;
v0xabdf8d33d480_2174 .array/port v0xabdf8d33d480, 2174;
v0xabdf8d33d480_2175 .array/port v0xabdf8d33d480, 2175;
v0xabdf8d33d480_2176 .array/port v0xabdf8d33d480, 2176;
E_0xabdf8d0ee570/545 .event anyedge, v0xabdf8d33d480_2173, v0xabdf8d33d480_2174, v0xabdf8d33d480_2175, v0xabdf8d33d480_2176;
v0xabdf8d33d480_2177 .array/port v0xabdf8d33d480, 2177;
v0xabdf8d33d480_2178 .array/port v0xabdf8d33d480, 2178;
v0xabdf8d33d480_2179 .array/port v0xabdf8d33d480, 2179;
v0xabdf8d33d480_2180 .array/port v0xabdf8d33d480, 2180;
E_0xabdf8d0ee570/546 .event anyedge, v0xabdf8d33d480_2177, v0xabdf8d33d480_2178, v0xabdf8d33d480_2179, v0xabdf8d33d480_2180;
v0xabdf8d33d480_2181 .array/port v0xabdf8d33d480, 2181;
v0xabdf8d33d480_2182 .array/port v0xabdf8d33d480, 2182;
v0xabdf8d33d480_2183 .array/port v0xabdf8d33d480, 2183;
v0xabdf8d33d480_2184 .array/port v0xabdf8d33d480, 2184;
E_0xabdf8d0ee570/547 .event anyedge, v0xabdf8d33d480_2181, v0xabdf8d33d480_2182, v0xabdf8d33d480_2183, v0xabdf8d33d480_2184;
v0xabdf8d33d480_2185 .array/port v0xabdf8d33d480, 2185;
v0xabdf8d33d480_2186 .array/port v0xabdf8d33d480, 2186;
v0xabdf8d33d480_2187 .array/port v0xabdf8d33d480, 2187;
v0xabdf8d33d480_2188 .array/port v0xabdf8d33d480, 2188;
E_0xabdf8d0ee570/548 .event anyedge, v0xabdf8d33d480_2185, v0xabdf8d33d480_2186, v0xabdf8d33d480_2187, v0xabdf8d33d480_2188;
v0xabdf8d33d480_2189 .array/port v0xabdf8d33d480, 2189;
v0xabdf8d33d480_2190 .array/port v0xabdf8d33d480, 2190;
v0xabdf8d33d480_2191 .array/port v0xabdf8d33d480, 2191;
v0xabdf8d33d480_2192 .array/port v0xabdf8d33d480, 2192;
E_0xabdf8d0ee570/549 .event anyedge, v0xabdf8d33d480_2189, v0xabdf8d33d480_2190, v0xabdf8d33d480_2191, v0xabdf8d33d480_2192;
v0xabdf8d33d480_2193 .array/port v0xabdf8d33d480, 2193;
v0xabdf8d33d480_2194 .array/port v0xabdf8d33d480, 2194;
v0xabdf8d33d480_2195 .array/port v0xabdf8d33d480, 2195;
v0xabdf8d33d480_2196 .array/port v0xabdf8d33d480, 2196;
E_0xabdf8d0ee570/550 .event anyedge, v0xabdf8d33d480_2193, v0xabdf8d33d480_2194, v0xabdf8d33d480_2195, v0xabdf8d33d480_2196;
v0xabdf8d33d480_2197 .array/port v0xabdf8d33d480, 2197;
v0xabdf8d33d480_2198 .array/port v0xabdf8d33d480, 2198;
v0xabdf8d33d480_2199 .array/port v0xabdf8d33d480, 2199;
v0xabdf8d33d480_2200 .array/port v0xabdf8d33d480, 2200;
E_0xabdf8d0ee570/551 .event anyedge, v0xabdf8d33d480_2197, v0xabdf8d33d480_2198, v0xabdf8d33d480_2199, v0xabdf8d33d480_2200;
v0xabdf8d33d480_2201 .array/port v0xabdf8d33d480, 2201;
v0xabdf8d33d480_2202 .array/port v0xabdf8d33d480, 2202;
v0xabdf8d33d480_2203 .array/port v0xabdf8d33d480, 2203;
v0xabdf8d33d480_2204 .array/port v0xabdf8d33d480, 2204;
E_0xabdf8d0ee570/552 .event anyedge, v0xabdf8d33d480_2201, v0xabdf8d33d480_2202, v0xabdf8d33d480_2203, v0xabdf8d33d480_2204;
v0xabdf8d33d480_2205 .array/port v0xabdf8d33d480, 2205;
v0xabdf8d33d480_2206 .array/port v0xabdf8d33d480, 2206;
v0xabdf8d33d480_2207 .array/port v0xabdf8d33d480, 2207;
v0xabdf8d33d480_2208 .array/port v0xabdf8d33d480, 2208;
E_0xabdf8d0ee570/553 .event anyedge, v0xabdf8d33d480_2205, v0xabdf8d33d480_2206, v0xabdf8d33d480_2207, v0xabdf8d33d480_2208;
v0xabdf8d33d480_2209 .array/port v0xabdf8d33d480, 2209;
v0xabdf8d33d480_2210 .array/port v0xabdf8d33d480, 2210;
v0xabdf8d33d480_2211 .array/port v0xabdf8d33d480, 2211;
v0xabdf8d33d480_2212 .array/port v0xabdf8d33d480, 2212;
E_0xabdf8d0ee570/554 .event anyedge, v0xabdf8d33d480_2209, v0xabdf8d33d480_2210, v0xabdf8d33d480_2211, v0xabdf8d33d480_2212;
v0xabdf8d33d480_2213 .array/port v0xabdf8d33d480, 2213;
v0xabdf8d33d480_2214 .array/port v0xabdf8d33d480, 2214;
v0xabdf8d33d480_2215 .array/port v0xabdf8d33d480, 2215;
v0xabdf8d33d480_2216 .array/port v0xabdf8d33d480, 2216;
E_0xabdf8d0ee570/555 .event anyedge, v0xabdf8d33d480_2213, v0xabdf8d33d480_2214, v0xabdf8d33d480_2215, v0xabdf8d33d480_2216;
v0xabdf8d33d480_2217 .array/port v0xabdf8d33d480, 2217;
v0xabdf8d33d480_2218 .array/port v0xabdf8d33d480, 2218;
v0xabdf8d33d480_2219 .array/port v0xabdf8d33d480, 2219;
v0xabdf8d33d480_2220 .array/port v0xabdf8d33d480, 2220;
E_0xabdf8d0ee570/556 .event anyedge, v0xabdf8d33d480_2217, v0xabdf8d33d480_2218, v0xabdf8d33d480_2219, v0xabdf8d33d480_2220;
v0xabdf8d33d480_2221 .array/port v0xabdf8d33d480, 2221;
v0xabdf8d33d480_2222 .array/port v0xabdf8d33d480, 2222;
v0xabdf8d33d480_2223 .array/port v0xabdf8d33d480, 2223;
v0xabdf8d33d480_2224 .array/port v0xabdf8d33d480, 2224;
E_0xabdf8d0ee570/557 .event anyedge, v0xabdf8d33d480_2221, v0xabdf8d33d480_2222, v0xabdf8d33d480_2223, v0xabdf8d33d480_2224;
v0xabdf8d33d480_2225 .array/port v0xabdf8d33d480, 2225;
v0xabdf8d33d480_2226 .array/port v0xabdf8d33d480, 2226;
v0xabdf8d33d480_2227 .array/port v0xabdf8d33d480, 2227;
v0xabdf8d33d480_2228 .array/port v0xabdf8d33d480, 2228;
E_0xabdf8d0ee570/558 .event anyedge, v0xabdf8d33d480_2225, v0xabdf8d33d480_2226, v0xabdf8d33d480_2227, v0xabdf8d33d480_2228;
v0xabdf8d33d480_2229 .array/port v0xabdf8d33d480, 2229;
v0xabdf8d33d480_2230 .array/port v0xabdf8d33d480, 2230;
v0xabdf8d33d480_2231 .array/port v0xabdf8d33d480, 2231;
v0xabdf8d33d480_2232 .array/port v0xabdf8d33d480, 2232;
E_0xabdf8d0ee570/559 .event anyedge, v0xabdf8d33d480_2229, v0xabdf8d33d480_2230, v0xabdf8d33d480_2231, v0xabdf8d33d480_2232;
v0xabdf8d33d480_2233 .array/port v0xabdf8d33d480, 2233;
v0xabdf8d33d480_2234 .array/port v0xabdf8d33d480, 2234;
v0xabdf8d33d480_2235 .array/port v0xabdf8d33d480, 2235;
v0xabdf8d33d480_2236 .array/port v0xabdf8d33d480, 2236;
E_0xabdf8d0ee570/560 .event anyedge, v0xabdf8d33d480_2233, v0xabdf8d33d480_2234, v0xabdf8d33d480_2235, v0xabdf8d33d480_2236;
v0xabdf8d33d480_2237 .array/port v0xabdf8d33d480, 2237;
v0xabdf8d33d480_2238 .array/port v0xabdf8d33d480, 2238;
v0xabdf8d33d480_2239 .array/port v0xabdf8d33d480, 2239;
v0xabdf8d33d480_2240 .array/port v0xabdf8d33d480, 2240;
E_0xabdf8d0ee570/561 .event anyedge, v0xabdf8d33d480_2237, v0xabdf8d33d480_2238, v0xabdf8d33d480_2239, v0xabdf8d33d480_2240;
v0xabdf8d33d480_2241 .array/port v0xabdf8d33d480, 2241;
v0xabdf8d33d480_2242 .array/port v0xabdf8d33d480, 2242;
v0xabdf8d33d480_2243 .array/port v0xabdf8d33d480, 2243;
v0xabdf8d33d480_2244 .array/port v0xabdf8d33d480, 2244;
E_0xabdf8d0ee570/562 .event anyedge, v0xabdf8d33d480_2241, v0xabdf8d33d480_2242, v0xabdf8d33d480_2243, v0xabdf8d33d480_2244;
v0xabdf8d33d480_2245 .array/port v0xabdf8d33d480, 2245;
v0xabdf8d33d480_2246 .array/port v0xabdf8d33d480, 2246;
v0xabdf8d33d480_2247 .array/port v0xabdf8d33d480, 2247;
v0xabdf8d33d480_2248 .array/port v0xabdf8d33d480, 2248;
E_0xabdf8d0ee570/563 .event anyedge, v0xabdf8d33d480_2245, v0xabdf8d33d480_2246, v0xabdf8d33d480_2247, v0xabdf8d33d480_2248;
v0xabdf8d33d480_2249 .array/port v0xabdf8d33d480, 2249;
v0xabdf8d33d480_2250 .array/port v0xabdf8d33d480, 2250;
v0xabdf8d33d480_2251 .array/port v0xabdf8d33d480, 2251;
v0xabdf8d33d480_2252 .array/port v0xabdf8d33d480, 2252;
E_0xabdf8d0ee570/564 .event anyedge, v0xabdf8d33d480_2249, v0xabdf8d33d480_2250, v0xabdf8d33d480_2251, v0xabdf8d33d480_2252;
v0xabdf8d33d480_2253 .array/port v0xabdf8d33d480, 2253;
v0xabdf8d33d480_2254 .array/port v0xabdf8d33d480, 2254;
v0xabdf8d33d480_2255 .array/port v0xabdf8d33d480, 2255;
v0xabdf8d33d480_2256 .array/port v0xabdf8d33d480, 2256;
E_0xabdf8d0ee570/565 .event anyedge, v0xabdf8d33d480_2253, v0xabdf8d33d480_2254, v0xabdf8d33d480_2255, v0xabdf8d33d480_2256;
v0xabdf8d33d480_2257 .array/port v0xabdf8d33d480, 2257;
v0xabdf8d33d480_2258 .array/port v0xabdf8d33d480, 2258;
v0xabdf8d33d480_2259 .array/port v0xabdf8d33d480, 2259;
v0xabdf8d33d480_2260 .array/port v0xabdf8d33d480, 2260;
E_0xabdf8d0ee570/566 .event anyedge, v0xabdf8d33d480_2257, v0xabdf8d33d480_2258, v0xabdf8d33d480_2259, v0xabdf8d33d480_2260;
v0xabdf8d33d480_2261 .array/port v0xabdf8d33d480, 2261;
v0xabdf8d33d480_2262 .array/port v0xabdf8d33d480, 2262;
v0xabdf8d33d480_2263 .array/port v0xabdf8d33d480, 2263;
v0xabdf8d33d480_2264 .array/port v0xabdf8d33d480, 2264;
E_0xabdf8d0ee570/567 .event anyedge, v0xabdf8d33d480_2261, v0xabdf8d33d480_2262, v0xabdf8d33d480_2263, v0xabdf8d33d480_2264;
v0xabdf8d33d480_2265 .array/port v0xabdf8d33d480, 2265;
v0xabdf8d33d480_2266 .array/port v0xabdf8d33d480, 2266;
v0xabdf8d33d480_2267 .array/port v0xabdf8d33d480, 2267;
v0xabdf8d33d480_2268 .array/port v0xabdf8d33d480, 2268;
E_0xabdf8d0ee570/568 .event anyedge, v0xabdf8d33d480_2265, v0xabdf8d33d480_2266, v0xabdf8d33d480_2267, v0xabdf8d33d480_2268;
v0xabdf8d33d480_2269 .array/port v0xabdf8d33d480, 2269;
v0xabdf8d33d480_2270 .array/port v0xabdf8d33d480, 2270;
v0xabdf8d33d480_2271 .array/port v0xabdf8d33d480, 2271;
v0xabdf8d33d480_2272 .array/port v0xabdf8d33d480, 2272;
E_0xabdf8d0ee570/569 .event anyedge, v0xabdf8d33d480_2269, v0xabdf8d33d480_2270, v0xabdf8d33d480_2271, v0xabdf8d33d480_2272;
v0xabdf8d33d480_2273 .array/port v0xabdf8d33d480, 2273;
v0xabdf8d33d480_2274 .array/port v0xabdf8d33d480, 2274;
v0xabdf8d33d480_2275 .array/port v0xabdf8d33d480, 2275;
v0xabdf8d33d480_2276 .array/port v0xabdf8d33d480, 2276;
E_0xabdf8d0ee570/570 .event anyedge, v0xabdf8d33d480_2273, v0xabdf8d33d480_2274, v0xabdf8d33d480_2275, v0xabdf8d33d480_2276;
v0xabdf8d33d480_2277 .array/port v0xabdf8d33d480, 2277;
v0xabdf8d33d480_2278 .array/port v0xabdf8d33d480, 2278;
v0xabdf8d33d480_2279 .array/port v0xabdf8d33d480, 2279;
v0xabdf8d33d480_2280 .array/port v0xabdf8d33d480, 2280;
E_0xabdf8d0ee570/571 .event anyedge, v0xabdf8d33d480_2277, v0xabdf8d33d480_2278, v0xabdf8d33d480_2279, v0xabdf8d33d480_2280;
v0xabdf8d33d480_2281 .array/port v0xabdf8d33d480, 2281;
v0xabdf8d33d480_2282 .array/port v0xabdf8d33d480, 2282;
v0xabdf8d33d480_2283 .array/port v0xabdf8d33d480, 2283;
v0xabdf8d33d480_2284 .array/port v0xabdf8d33d480, 2284;
E_0xabdf8d0ee570/572 .event anyedge, v0xabdf8d33d480_2281, v0xabdf8d33d480_2282, v0xabdf8d33d480_2283, v0xabdf8d33d480_2284;
v0xabdf8d33d480_2285 .array/port v0xabdf8d33d480, 2285;
v0xabdf8d33d480_2286 .array/port v0xabdf8d33d480, 2286;
v0xabdf8d33d480_2287 .array/port v0xabdf8d33d480, 2287;
v0xabdf8d33d480_2288 .array/port v0xabdf8d33d480, 2288;
E_0xabdf8d0ee570/573 .event anyedge, v0xabdf8d33d480_2285, v0xabdf8d33d480_2286, v0xabdf8d33d480_2287, v0xabdf8d33d480_2288;
v0xabdf8d33d480_2289 .array/port v0xabdf8d33d480, 2289;
v0xabdf8d33d480_2290 .array/port v0xabdf8d33d480, 2290;
v0xabdf8d33d480_2291 .array/port v0xabdf8d33d480, 2291;
v0xabdf8d33d480_2292 .array/port v0xabdf8d33d480, 2292;
E_0xabdf8d0ee570/574 .event anyedge, v0xabdf8d33d480_2289, v0xabdf8d33d480_2290, v0xabdf8d33d480_2291, v0xabdf8d33d480_2292;
v0xabdf8d33d480_2293 .array/port v0xabdf8d33d480, 2293;
v0xabdf8d33d480_2294 .array/port v0xabdf8d33d480, 2294;
v0xabdf8d33d480_2295 .array/port v0xabdf8d33d480, 2295;
v0xabdf8d33d480_2296 .array/port v0xabdf8d33d480, 2296;
E_0xabdf8d0ee570/575 .event anyedge, v0xabdf8d33d480_2293, v0xabdf8d33d480_2294, v0xabdf8d33d480_2295, v0xabdf8d33d480_2296;
v0xabdf8d33d480_2297 .array/port v0xabdf8d33d480, 2297;
v0xabdf8d33d480_2298 .array/port v0xabdf8d33d480, 2298;
v0xabdf8d33d480_2299 .array/port v0xabdf8d33d480, 2299;
v0xabdf8d33d480_2300 .array/port v0xabdf8d33d480, 2300;
E_0xabdf8d0ee570/576 .event anyedge, v0xabdf8d33d480_2297, v0xabdf8d33d480_2298, v0xabdf8d33d480_2299, v0xabdf8d33d480_2300;
v0xabdf8d33d480_2301 .array/port v0xabdf8d33d480, 2301;
v0xabdf8d33d480_2302 .array/port v0xabdf8d33d480, 2302;
v0xabdf8d33d480_2303 .array/port v0xabdf8d33d480, 2303;
v0xabdf8d33d480_2304 .array/port v0xabdf8d33d480, 2304;
E_0xabdf8d0ee570/577 .event anyedge, v0xabdf8d33d480_2301, v0xabdf8d33d480_2302, v0xabdf8d33d480_2303, v0xabdf8d33d480_2304;
v0xabdf8d33d480_2305 .array/port v0xabdf8d33d480, 2305;
v0xabdf8d33d480_2306 .array/port v0xabdf8d33d480, 2306;
v0xabdf8d33d480_2307 .array/port v0xabdf8d33d480, 2307;
v0xabdf8d33d480_2308 .array/port v0xabdf8d33d480, 2308;
E_0xabdf8d0ee570/578 .event anyedge, v0xabdf8d33d480_2305, v0xabdf8d33d480_2306, v0xabdf8d33d480_2307, v0xabdf8d33d480_2308;
v0xabdf8d33d480_2309 .array/port v0xabdf8d33d480, 2309;
v0xabdf8d33d480_2310 .array/port v0xabdf8d33d480, 2310;
v0xabdf8d33d480_2311 .array/port v0xabdf8d33d480, 2311;
v0xabdf8d33d480_2312 .array/port v0xabdf8d33d480, 2312;
E_0xabdf8d0ee570/579 .event anyedge, v0xabdf8d33d480_2309, v0xabdf8d33d480_2310, v0xabdf8d33d480_2311, v0xabdf8d33d480_2312;
v0xabdf8d33d480_2313 .array/port v0xabdf8d33d480, 2313;
v0xabdf8d33d480_2314 .array/port v0xabdf8d33d480, 2314;
v0xabdf8d33d480_2315 .array/port v0xabdf8d33d480, 2315;
v0xabdf8d33d480_2316 .array/port v0xabdf8d33d480, 2316;
E_0xabdf8d0ee570/580 .event anyedge, v0xabdf8d33d480_2313, v0xabdf8d33d480_2314, v0xabdf8d33d480_2315, v0xabdf8d33d480_2316;
v0xabdf8d33d480_2317 .array/port v0xabdf8d33d480, 2317;
v0xabdf8d33d480_2318 .array/port v0xabdf8d33d480, 2318;
v0xabdf8d33d480_2319 .array/port v0xabdf8d33d480, 2319;
v0xabdf8d33d480_2320 .array/port v0xabdf8d33d480, 2320;
E_0xabdf8d0ee570/581 .event anyedge, v0xabdf8d33d480_2317, v0xabdf8d33d480_2318, v0xabdf8d33d480_2319, v0xabdf8d33d480_2320;
v0xabdf8d33d480_2321 .array/port v0xabdf8d33d480, 2321;
v0xabdf8d33d480_2322 .array/port v0xabdf8d33d480, 2322;
v0xabdf8d33d480_2323 .array/port v0xabdf8d33d480, 2323;
v0xabdf8d33d480_2324 .array/port v0xabdf8d33d480, 2324;
E_0xabdf8d0ee570/582 .event anyedge, v0xabdf8d33d480_2321, v0xabdf8d33d480_2322, v0xabdf8d33d480_2323, v0xabdf8d33d480_2324;
v0xabdf8d33d480_2325 .array/port v0xabdf8d33d480, 2325;
v0xabdf8d33d480_2326 .array/port v0xabdf8d33d480, 2326;
v0xabdf8d33d480_2327 .array/port v0xabdf8d33d480, 2327;
v0xabdf8d33d480_2328 .array/port v0xabdf8d33d480, 2328;
E_0xabdf8d0ee570/583 .event anyedge, v0xabdf8d33d480_2325, v0xabdf8d33d480_2326, v0xabdf8d33d480_2327, v0xabdf8d33d480_2328;
v0xabdf8d33d480_2329 .array/port v0xabdf8d33d480, 2329;
v0xabdf8d33d480_2330 .array/port v0xabdf8d33d480, 2330;
v0xabdf8d33d480_2331 .array/port v0xabdf8d33d480, 2331;
v0xabdf8d33d480_2332 .array/port v0xabdf8d33d480, 2332;
E_0xabdf8d0ee570/584 .event anyedge, v0xabdf8d33d480_2329, v0xabdf8d33d480_2330, v0xabdf8d33d480_2331, v0xabdf8d33d480_2332;
v0xabdf8d33d480_2333 .array/port v0xabdf8d33d480, 2333;
v0xabdf8d33d480_2334 .array/port v0xabdf8d33d480, 2334;
v0xabdf8d33d480_2335 .array/port v0xabdf8d33d480, 2335;
v0xabdf8d33d480_2336 .array/port v0xabdf8d33d480, 2336;
E_0xabdf8d0ee570/585 .event anyedge, v0xabdf8d33d480_2333, v0xabdf8d33d480_2334, v0xabdf8d33d480_2335, v0xabdf8d33d480_2336;
v0xabdf8d33d480_2337 .array/port v0xabdf8d33d480, 2337;
v0xabdf8d33d480_2338 .array/port v0xabdf8d33d480, 2338;
v0xabdf8d33d480_2339 .array/port v0xabdf8d33d480, 2339;
v0xabdf8d33d480_2340 .array/port v0xabdf8d33d480, 2340;
E_0xabdf8d0ee570/586 .event anyedge, v0xabdf8d33d480_2337, v0xabdf8d33d480_2338, v0xabdf8d33d480_2339, v0xabdf8d33d480_2340;
v0xabdf8d33d480_2341 .array/port v0xabdf8d33d480, 2341;
v0xabdf8d33d480_2342 .array/port v0xabdf8d33d480, 2342;
v0xabdf8d33d480_2343 .array/port v0xabdf8d33d480, 2343;
v0xabdf8d33d480_2344 .array/port v0xabdf8d33d480, 2344;
E_0xabdf8d0ee570/587 .event anyedge, v0xabdf8d33d480_2341, v0xabdf8d33d480_2342, v0xabdf8d33d480_2343, v0xabdf8d33d480_2344;
v0xabdf8d33d480_2345 .array/port v0xabdf8d33d480, 2345;
v0xabdf8d33d480_2346 .array/port v0xabdf8d33d480, 2346;
v0xabdf8d33d480_2347 .array/port v0xabdf8d33d480, 2347;
v0xabdf8d33d480_2348 .array/port v0xabdf8d33d480, 2348;
E_0xabdf8d0ee570/588 .event anyedge, v0xabdf8d33d480_2345, v0xabdf8d33d480_2346, v0xabdf8d33d480_2347, v0xabdf8d33d480_2348;
v0xabdf8d33d480_2349 .array/port v0xabdf8d33d480, 2349;
v0xabdf8d33d480_2350 .array/port v0xabdf8d33d480, 2350;
v0xabdf8d33d480_2351 .array/port v0xabdf8d33d480, 2351;
v0xabdf8d33d480_2352 .array/port v0xabdf8d33d480, 2352;
E_0xabdf8d0ee570/589 .event anyedge, v0xabdf8d33d480_2349, v0xabdf8d33d480_2350, v0xabdf8d33d480_2351, v0xabdf8d33d480_2352;
v0xabdf8d33d480_2353 .array/port v0xabdf8d33d480, 2353;
v0xabdf8d33d480_2354 .array/port v0xabdf8d33d480, 2354;
v0xabdf8d33d480_2355 .array/port v0xabdf8d33d480, 2355;
v0xabdf8d33d480_2356 .array/port v0xabdf8d33d480, 2356;
E_0xabdf8d0ee570/590 .event anyedge, v0xabdf8d33d480_2353, v0xabdf8d33d480_2354, v0xabdf8d33d480_2355, v0xabdf8d33d480_2356;
v0xabdf8d33d480_2357 .array/port v0xabdf8d33d480, 2357;
v0xabdf8d33d480_2358 .array/port v0xabdf8d33d480, 2358;
v0xabdf8d33d480_2359 .array/port v0xabdf8d33d480, 2359;
v0xabdf8d33d480_2360 .array/port v0xabdf8d33d480, 2360;
E_0xabdf8d0ee570/591 .event anyedge, v0xabdf8d33d480_2357, v0xabdf8d33d480_2358, v0xabdf8d33d480_2359, v0xabdf8d33d480_2360;
v0xabdf8d33d480_2361 .array/port v0xabdf8d33d480, 2361;
v0xabdf8d33d480_2362 .array/port v0xabdf8d33d480, 2362;
v0xabdf8d33d480_2363 .array/port v0xabdf8d33d480, 2363;
v0xabdf8d33d480_2364 .array/port v0xabdf8d33d480, 2364;
E_0xabdf8d0ee570/592 .event anyedge, v0xabdf8d33d480_2361, v0xabdf8d33d480_2362, v0xabdf8d33d480_2363, v0xabdf8d33d480_2364;
v0xabdf8d33d480_2365 .array/port v0xabdf8d33d480, 2365;
v0xabdf8d33d480_2366 .array/port v0xabdf8d33d480, 2366;
v0xabdf8d33d480_2367 .array/port v0xabdf8d33d480, 2367;
v0xabdf8d33d480_2368 .array/port v0xabdf8d33d480, 2368;
E_0xabdf8d0ee570/593 .event anyedge, v0xabdf8d33d480_2365, v0xabdf8d33d480_2366, v0xabdf8d33d480_2367, v0xabdf8d33d480_2368;
v0xabdf8d33d480_2369 .array/port v0xabdf8d33d480, 2369;
v0xabdf8d33d480_2370 .array/port v0xabdf8d33d480, 2370;
v0xabdf8d33d480_2371 .array/port v0xabdf8d33d480, 2371;
v0xabdf8d33d480_2372 .array/port v0xabdf8d33d480, 2372;
E_0xabdf8d0ee570/594 .event anyedge, v0xabdf8d33d480_2369, v0xabdf8d33d480_2370, v0xabdf8d33d480_2371, v0xabdf8d33d480_2372;
v0xabdf8d33d480_2373 .array/port v0xabdf8d33d480, 2373;
v0xabdf8d33d480_2374 .array/port v0xabdf8d33d480, 2374;
v0xabdf8d33d480_2375 .array/port v0xabdf8d33d480, 2375;
v0xabdf8d33d480_2376 .array/port v0xabdf8d33d480, 2376;
E_0xabdf8d0ee570/595 .event anyedge, v0xabdf8d33d480_2373, v0xabdf8d33d480_2374, v0xabdf8d33d480_2375, v0xabdf8d33d480_2376;
v0xabdf8d33d480_2377 .array/port v0xabdf8d33d480, 2377;
v0xabdf8d33d480_2378 .array/port v0xabdf8d33d480, 2378;
v0xabdf8d33d480_2379 .array/port v0xabdf8d33d480, 2379;
v0xabdf8d33d480_2380 .array/port v0xabdf8d33d480, 2380;
E_0xabdf8d0ee570/596 .event anyedge, v0xabdf8d33d480_2377, v0xabdf8d33d480_2378, v0xabdf8d33d480_2379, v0xabdf8d33d480_2380;
v0xabdf8d33d480_2381 .array/port v0xabdf8d33d480, 2381;
v0xabdf8d33d480_2382 .array/port v0xabdf8d33d480, 2382;
v0xabdf8d33d480_2383 .array/port v0xabdf8d33d480, 2383;
v0xabdf8d33d480_2384 .array/port v0xabdf8d33d480, 2384;
E_0xabdf8d0ee570/597 .event anyedge, v0xabdf8d33d480_2381, v0xabdf8d33d480_2382, v0xabdf8d33d480_2383, v0xabdf8d33d480_2384;
v0xabdf8d33d480_2385 .array/port v0xabdf8d33d480, 2385;
v0xabdf8d33d480_2386 .array/port v0xabdf8d33d480, 2386;
v0xabdf8d33d480_2387 .array/port v0xabdf8d33d480, 2387;
v0xabdf8d33d480_2388 .array/port v0xabdf8d33d480, 2388;
E_0xabdf8d0ee570/598 .event anyedge, v0xabdf8d33d480_2385, v0xabdf8d33d480_2386, v0xabdf8d33d480_2387, v0xabdf8d33d480_2388;
v0xabdf8d33d480_2389 .array/port v0xabdf8d33d480, 2389;
v0xabdf8d33d480_2390 .array/port v0xabdf8d33d480, 2390;
v0xabdf8d33d480_2391 .array/port v0xabdf8d33d480, 2391;
v0xabdf8d33d480_2392 .array/port v0xabdf8d33d480, 2392;
E_0xabdf8d0ee570/599 .event anyedge, v0xabdf8d33d480_2389, v0xabdf8d33d480_2390, v0xabdf8d33d480_2391, v0xabdf8d33d480_2392;
v0xabdf8d33d480_2393 .array/port v0xabdf8d33d480, 2393;
v0xabdf8d33d480_2394 .array/port v0xabdf8d33d480, 2394;
v0xabdf8d33d480_2395 .array/port v0xabdf8d33d480, 2395;
v0xabdf8d33d480_2396 .array/port v0xabdf8d33d480, 2396;
E_0xabdf8d0ee570/600 .event anyedge, v0xabdf8d33d480_2393, v0xabdf8d33d480_2394, v0xabdf8d33d480_2395, v0xabdf8d33d480_2396;
v0xabdf8d33d480_2397 .array/port v0xabdf8d33d480, 2397;
v0xabdf8d33d480_2398 .array/port v0xabdf8d33d480, 2398;
v0xabdf8d33d480_2399 .array/port v0xabdf8d33d480, 2399;
v0xabdf8d33d480_2400 .array/port v0xabdf8d33d480, 2400;
E_0xabdf8d0ee570/601 .event anyedge, v0xabdf8d33d480_2397, v0xabdf8d33d480_2398, v0xabdf8d33d480_2399, v0xabdf8d33d480_2400;
v0xabdf8d33d480_2401 .array/port v0xabdf8d33d480, 2401;
v0xabdf8d33d480_2402 .array/port v0xabdf8d33d480, 2402;
v0xabdf8d33d480_2403 .array/port v0xabdf8d33d480, 2403;
v0xabdf8d33d480_2404 .array/port v0xabdf8d33d480, 2404;
E_0xabdf8d0ee570/602 .event anyedge, v0xabdf8d33d480_2401, v0xabdf8d33d480_2402, v0xabdf8d33d480_2403, v0xabdf8d33d480_2404;
v0xabdf8d33d480_2405 .array/port v0xabdf8d33d480, 2405;
v0xabdf8d33d480_2406 .array/port v0xabdf8d33d480, 2406;
v0xabdf8d33d480_2407 .array/port v0xabdf8d33d480, 2407;
v0xabdf8d33d480_2408 .array/port v0xabdf8d33d480, 2408;
E_0xabdf8d0ee570/603 .event anyedge, v0xabdf8d33d480_2405, v0xabdf8d33d480_2406, v0xabdf8d33d480_2407, v0xabdf8d33d480_2408;
v0xabdf8d33d480_2409 .array/port v0xabdf8d33d480, 2409;
v0xabdf8d33d480_2410 .array/port v0xabdf8d33d480, 2410;
v0xabdf8d33d480_2411 .array/port v0xabdf8d33d480, 2411;
v0xabdf8d33d480_2412 .array/port v0xabdf8d33d480, 2412;
E_0xabdf8d0ee570/604 .event anyedge, v0xabdf8d33d480_2409, v0xabdf8d33d480_2410, v0xabdf8d33d480_2411, v0xabdf8d33d480_2412;
v0xabdf8d33d480_2413 .array/port v0xabdf8d33d480, 2413;
v0xabdf8d33d480_2414 .array/port v0xabdf8d33d480, 2414;
v0xabdf8d33d480_2415 .array/port v0xabdf8d33d480, 2415;
v0xabdf8d33d480_2416 .array/port v0xabdf8d33d480, 2416;
E_0xabdf8d0ee570/605 .event anyedge, v0xabdf8d33d480_2413, v0xabdf8d33d480_2414, v0xabdf8d33d480_2415, v0xabdf8d33d480_2416;
v0xabdf8d33d480_2417 .array/port v0xabdf8d33d480, 2417;
v0xabdf8d33d480_2418 .array/port v0xabdf8d33d480, 2418;
v0xabdf8d33d480_2419 .array/port v0xabdf8d33d480, 2419;
v0xabdf8d33d480_2420 .array/port v0xabdf8d33d480, 2420;
E_0xabdf8d0ee570/606 .event anyedge, v0xabdf8d33d480_2417, v0xabdf8d33d480_2418, v0xabdf8d33d480_2419, v0xabdf8d33d480_2420;
v0xabdf8d33d480_2421 .array/port v0xabdf8d33d480, 2421;
v0xabdf8d33d480_2422 .array/port v0xabdf8d33d480, 2422;
v0xabdf8d33d480_2423 .array/port v0xabdf8d33d480, 2423;
v0xabdf8d33d480_2424 .array/port v0xabdf8d33d480, 2424;
E_0xabdf8d0ee570/607 .event anyedge, v0xabdf8d33d480_2421, v0xabdf8d33d480_2422, v0xabdf8d33d480_2423, v0xabdf8d33d480_2424;
v0xabdf8d33d480_2425 .array/port v0xabdf8d33d480, 2425;
v0xabdf8d33d480_2426 .array/port v0xabdf8d33d480, 2426;
v0xabdf8d33d480_2427 .array/port v0xabdf8d33d480, 2427;
v0xabdf8d33d480_2428 .array/port v0xabdf8d33d480, 2428;
E_0xabdf8d0ee570/608 .event anyedge, v0xabdf8d33d480_2425, v0xabdf8d33d480_2426, v0xabdf8d33d480_2427, v0xabdf8d33d480_2428;
v0xabdf8d33d480_2429 .array/port v0xabdf8d33d480, 2429;
v0xabdf8d33d480_2430 .array/port v0xabdf8d33d480, 2430;
v0xabdf8d33d480_2431 .array/port v0xabdf8d33d480, 2431;
v0xabdf8d33d480_2432 .array/port v0xabdf8d33d480, 2432;
E_0xabdf8d0ee570/609 .event anyedge, v0xabdf8d33d480_2429, v0xabdf8d33d480_2430, v0xabdf8d33d480_2431, v0xabdf8d33d480_2432;
v0xabdf8d33d480_2433 .array/port v0xabdf8d33d480, 2433;
v0xabdf8d33d480_2434 .array/port v0xabdf8d33d480, 2434;
v0xabdf8d33d480_2435 .array/port v0xabdf8d33d480, 2435;
v0xabdf8d33d480_2436 .array/port v0xabdf8d33d480, 2436;
E_0xabdf8d0ee570/610 .event anyedge, v0xabdf8d33d480_2433, v0xabdf8d33d480_2434, v0xabdf8d33d480_2435, v0xabdf8d33d480_2436;
v0xabdf8d33d480_2437 .array/port v0xabdf8d33d480, 2437;
v0xabdf8d33d480_2438 .array/port v0xabdf8d33d480, 2438;
v0xabdf8d33d480_2439 .array/port v0xabdf8d33d480, 2439;
v0xabdf8d33d480_2440 .array/port v0xabdf8d33d480, 2440;
E_0xabdf8d0ee570/611 .event anyedge, v0xabdf8d33d480_2437, v0xabdf8d33d480_2438, v0xabdf8d33d480_2439, v0xabdf8d33d480_2440;
v0xabdf8d33d480_2441 .array/port v0xabdf8d33d480, 2441;
v0xabdf8d33d480_2442 .array/port v0xabdf8d33d480, 2442;
v0xabdf8d33d480_2443 .array/port v0xabdf8d33d480, 2443;
v0xabdf8d33d480_2444 .array/port v0xabdf8d33d480, 2444;
E_0xabdf8d0ee570/612 .event anyedge, v0xabdf8d33d480_2441, v0xabdf8d33d480_2442, v0xabdf8d33d480_2443, v0xabdf8d33d480_2444;
v0xabdf8d33d480_2445 .array/port v0xabdf8d33d480, 2445;
v0xabdf8d33d480_2446 .array/port v0xabdf8d33d480, 2446;
v0xabdf8d33d480_2447 .array/port v0xabdf8d33d480, 2447;
v0xabdf8d33d480_2448 .array/port v0xabdf8d33d480, 2448;
E_0xabdf8d0ee570/613 .event anyedge, v0xabdf8d33d480_2445, v0xabdf8d33d480_2446, v0xabdf8d33d480_2447, v0xabdf8d33d480_2448;
v0xabdf8d33d480_2449 .array/port v0xabdf8d33d480, 2449;
v0xabdf8d33d480_2450 .array/port v0xabdf8d33d480, 2450;
v0xabdf8d33d480_2451 .array/port v0xabdf8d33d480, 2451;
v0xabdf8d33d480_2452 .array/port v0xabdf8d33d480, 2452;
E_0xabdf8d0ee570/614 .event anyedge, v0xabdf8d33d480_2449, v0xabdf8d33d480_2450, v0xabdf8d33d480_2451, v0xabdf8d33d480_2452;
v0xabdf8d33d480_2453 .array/port v0xabdf8d33d480, 2453;
v0xabdf8d33d480_2454 .array/port v0xabdf8d33d480, 2454;
v0xabdf8d33d480_2455 .array/port v0xabdf8d33d480, 2455;
v0xabdf8d33d480_2456 .array/port v0xabdf8d33d480, 2456;
E_0xabdf8d0ee570/615 .event anyedge, v0xabdf8d33d480_2453, v0xabdf8d33d480_2454, v0xabdf8d33d480_2455, v0xabdf8d33d480_2456;
v0xabdf8d33d480_2457 .array/port v0xabdf8d33d480, 2457;
v0xabdf8d33d480_2458 .array/port v0xabdf8d33d480, 2458;
v0xabdf8d33d480_2459 .array/port v0xabdf8d33d480, 2459;
v0xabdf8d33d480_2460 .array/port v0xabdf8d33d480, 2460;
E_0xabdf8d0ee570/616 .event anyedge, v0xabdf8d33d480_2457, v0xabdf8d33d480_2458, v0xabdf8d33d480_2459, v0xabdf8d33d480_2460;
v0xabdf8d33d480_2461 .array/port v0xabdf8d33d480, 2461;
v0xabdf8d33d480_2462 .array/port v0xabdf8d33d480, 2462;
v0xabdf8d33d480_2463 .array/port v0xabdf8d33d480, 2463;
v0xabdf8d33d480_2464 .array/port v0xabdf8d33d480, 2464;
E_0xabdf8d0ee570/617 .event anyedge, v0xabdf8d33d480_2461, v0xabdf8d33d480_2462, v0xabdf8d33d480_2463, v0xabdf8d33d480_2464;
v0xabdf8d33d480_2465 .array/port v0xabdf8d33d480, 2465;
v0xabdf8d33d480_2466 .array/port v0xabdf8d33d480, 2466;
v0xabdf8d33d480_2467 .array/port v0xabdf8d33d480, 2467;
v0xabdf8d33d480_2468 .array/port v0xabdf8d33d480, 2468;
E_0xabdf8d0ee570/618 .event anyedge, v0xabdf8d33d480_2465, v0xabdf8d33d480_2466, v0xabdf8d33d480_2467, v0xabdf8d33d480_2468;
v0xabdf8d33d480_2469 .array/port v0xabdf8d33d480, 2469;
v0xabdf8d33d480_2470 .array/port v0xabdf8d33d480, 2470;
v0xabdf8d33d480_2471 .array/port v0xabdf8d33d480, 2471;
v0xabdf8d33d480_2472 .array/port v0xabdf8d33d480, 2472;
E_0xabdf8d0ee570/619 .event anyedge, v0xabdf8d33d480_2469, v0xabdf8d33d480_2470, v0xabdf8d33d480_2471, v0xabdf8d33d480_2472;
v0xabdf8d33d480_2473 .array/port v0xabdf8d33d480, 2473;
v0xabdf8d33d480_2474 .array/port v0xabdf8d33d480, 2474;
v0xabdf8d33d480_2475 .array/port v0xabdf8d33d480, 2475;
v0xabdf8d33d480_2476 .array/port v0xabdf8d33d480, 2476;
E_0xabdf8d0ee570/620 .event anyedge, v0xabdf8d33d480_2473, v0xabdf8d33d480_2474, v0xabdf8d33d480_2475, v0xabdf8d33d480_2476;
v0xabdf8d33d480_2477 .array/port v0xabdf8d33d480, 2477;
v0xabdf8d33d480_2478 .array/port v0xabdf8d33d480, 2478;
v0xabdf8d33d480_2479 .array/port v0xabdf8d33d480, 2479;
v0xabdf8d33d480_2480 .array/port v0xabdf8d33d480, 2480;
E_0xabdf8d0ee570/621 .event anyedge, v0xabdf8d33d480_2477, v0xabdf8d33d480_2478, v0xabdf8d33d480_2479, v0xabdf8d33d480_2480;
v0xabdf8d33d480_2481 .array/port v0xabdf8d33d480, 2481;
v0xabdf8d33d480_2482 .array/port v0xabdf8d33d480, 2482;
v0xabdf8d33d480_2483 .array/port v0xabdf8d33d480, 2483;
v0xabdf8d33d480_2484 .array/port v0xabdf8d33d480, 2484;
E_0xabdf8d0ee570/622 .event anyedge, v0xabdf8d33d480_2481, v0xabdf8d33d480_2482, v0xabdf8d33d480_2483, v0xabdf8d33d480_2484;
v0xabdf8d33d480_2485 .array/port v0xabdf8d33d480, 2485;
v0xabdf8d33d480_2486 .array/port v0xabdf8d33d480, 2486;
v0xabdf8d33d480_2487 .array/port v0xabdf8d33d480, 2487;
v0xabdf8d33d480_2488 .array/port v0xabdf8d33d480, 2488;
E_0xabdf8d0ee570/623 .event anyedge, v0xabdf8d33d480_2485, v0xabdf8d33d480_2486, v0xabdf8d33d480_2487, v0xabdf8d33d480_2488;
v0xabdf8d33d480_2489 .array/port v0xabdf8d33d480, 2489;
v0xabdf8d33d480_2490 .array/port v0xabdf8d33d480, 2490;
v0xabdf8d33d480_2491 .array/port v0xabdf8d33d480, 2491;
v0xabdf8d33d480_2492 .array/port v0xabdf8d33d480, 2492;
E_0xabdf8d0ee570/624 .event anyedge, v0xabdf8d33d480_2489, v0xabdf8d33d480_2490, v0xabdf8d33d480_2491, v0xabdf8d33d480_2492;
v0xabdf8d33d480_2493 .array/port v0xabdf8d33d480, 2493;
v0xabdf8d33d480_2494 .array/port v0xabdf8d33d480, 2494;
v0xabdf8d33d480_2495 .array/port v0xabdf8d33d480, 2495;
v0xabdf8d33d480_2496 .array/port v0xabdf8d33d480, 2496;
E_0xabdf8d0ee570/625 .event anyedge, v0xabdf8d33d480_2493, v0xabdf8d33d480_2494, v0xabdf8d33d480_2495, v0xabdf8d33d480_2496;
v0xabdf8d33d480_2497 .array/port v0xabdf8d33d480, 2497;
v0xabdf8d33d480_2498 .array/port v0xabdf8d33d480, 2498;
v0xabdf8d33d480_2499 .array/port v0xabdf8d33d480, 2499;
v0xabdf8d33d480_2500 .array/port v0xabdf8d33d480, 2500;
E_0xabdf8d0ee570/626 .event anyedge, v0xabdf8d33d480_2497, v0xabdf8d33d480_2498, v0xabdf8d33d480_2499, v0xabdf8d33d480_2500;
v0xabdf8d33d480_2501 .array/port v0xabdf8d33d480, 2501;
v0xabdf8d33d480_2502 .array/port v0xabdf8d33d480, 2502;
v0xabdf8d33d480_2503 .array/port v0xabdf8d33d480, 2503;
v0xabdf8d33d480_2504 .array/port v0xabdf8d33d480, 2504;
E_0xabdf8d0ee570/627 .event anyedge, v0xabdf8d33d480_2501, v0xabdf8d33d480_2502, v0xabdf8d33d480_2503, v0xabdf8d33d480_2504;
v0xabdf8d33d480_2505 .array/port v0xabdf8d33d480, 2505;
v0xabdf8d33d480_2506 .array/port v0xabdf8d33d480, 2506;
v0xabdf8d33d480_2507 .array/port v0xabdf8d33d480, 2507;
v0xabdf8d33d480_2508 .array/port v0xabdf8d33d480, 2508;
E_0xabdf8d0ee570/628 .event anyedge, v0xabdf8d33d480_2505, v0xabdf8d33d480_2506, v0xabdf8d33d480_2507, v0xabdf8d33d480_2508;
v0xabdf8d33d480_2509 .array/port v0xabdf8d33d480, 2509;
v0xabdf8d33d480_2510 .array/port v0xabdf8d33d480, 2510;
v0xabdf8d33d480_2511 .array/port v0xabdf8d33d480, 2511;
v0xabdf8d33d480_2512 .array/port v0xabdf8d33d480, 2512;
E_0xabdf8d0ee570/629 .event anyedge, v0xabdf8d33d480_2509, v0xabdf8d33d480_2510, v0xabdf8d33d480_2511, v0xabdf8d33d480_2512;
v0xabdf8d33d480_2513 .array/port v0xabdf8d33d480, 2513;
v0xabdf8d33d480_2514 .array/port v0xabdf8d33d480, 2514;
v0xabdf8d33d480_2515 .array/port v0xabdf8d33d480, 2515;
v0xabdf8d33d480_2516 .array/port v0xabdf8d33d480, 2516;
E_0xabdf8d0ee570/630 .event anyedge, v0xabdf8d33d480_2513, v0xabdf8d33d480_2514, v0xabdf8d33d480_2515, v0xabdf8d33d480_2516;
v0xabdf8d33d480_2517 .array/port v0xabdf8d33d480, 2517;
v0xabdf8d33d480_2518 .array/port v0xabdf8d33d480, 2518;
v0xabdf8d33d480_2519 .array/port v0xabdf8d33d480, 2519;
v0xabdf8d33d480_2520 .array/port v0xabdf8d33d480, 2520;
E_0xabdf8d0ee570/631 .event anyedge, v0xabdf8d33d480_2517, v0xabdf8d33d480_2518, v0xabdf8d33d480_2519, v0xabdf8d33d480_2520;
v0xabdf8d33d480_2521 .array/port v0xabdf8d33d480, 2521;
v0xabdf8d33d480_2522 .array/port v0xabdf8d33d480, 2522;
v0xabdf8d33d480_2523 .array/port v0xabdf8d33d480, 2523;
v0xabdf8d33d480_2524 .array/port v0xabdf8d33d480, 2524;
E_0xabdf8d0ee570/632 .event anyedge, v0xabdf8d33d480_2521, v0xabdf8d33d480_2522, v0xabdf8d33d480_2523, v0xabdf8d33d480_2524;
v0xabdf8d33d480_2525 .array/port v0xabdf8d33d480, 2525;
v0xabdf8d33d480_2526 .array/port v0xabdf8d33d480, 2526;
v0xabdf8d33d480_2527 .array/port v0xabdf8d33d480, 2527;
v0xabdf8d33d480_2528 .array/port v0xabdf8d33d480, 2528;
E_0xabdf8d0ee570/633 .event anyedge, v0xabdf8d33d480_2525, v0xabdf8d33d480_2526, v0xabdf8d33d480_2527, v0xabdf8d33d480_2528;
v0xabdf8d33d480_2529 .array/port v0xabdf8d33d480, 2529;
v0xabdf8d33d480_2530 .array/port v0xabdf8d33d480, 2530;
v0xabdf8d33d480_2531 .array/port v0xabdf8d33d480, 2531;
v0xabdf8d33d480_2532 .array/port v0xabdf8d33d480, 2532;
E_0xabdf8d0ee570/634 .event anyedge, v0xabdf8d33d480_2529, v0xabdf8d33d480_2530, v0xabdf8d33d480_2531, v0xabdf8d33d480_2532;
v0xabdf8d33d480_2533 .array/port v0xabdf8d33d480, 2533;
v0xabdf8d33d480_2534 .array/port v0xabdf8d33d480, 2534;
v0xabdf8d33d480_2535 .array/port v0xabdf8d33d480, 2535;
v0xabdf8d33d480_2536 .array/port v0xabdf8d33d480, 2536;
E_0xabdf8d0ee570/635 .event anyedge, v0xabdf8d33d480_2533, v0xabdf8d33d480_2534, v0xabdf8d33d480_2535, v0xabdf8d33d480_2536;
v0xabdf8d33d480_2537 .array/port v0xabdf8d33d480, 2537;
v0xabdf8d33d480_2538 .array/port v0xabdf8d33d480, 2538;
v0xabdf8d33d480_2539 .array/port v0xabdf8d33d480, 2539;
v0xabdf8d33d480_2540 .array/port v0xabdf8d33d480, 2540;
E_0xabdf8d0ee570/636 .event anyedge, v0xabdf8d33d480_2537, v0xabdf8d33d480_2538, v0xabdf8d33d480_2539, v0xabdf8d33d480_2540;
v0xabdf8d33d480_2541 .array/port v0xabdf8d33d480, 2541;
v0xabdf8d33d480_2542 .array/port v0xabdf8d33d480, 2542;
v0xabdf8d33d480_2543 .array/port v0xabdf8d33d480, 2543;
v0xabdf8d33d480_2544 .array/port v0xabdf8d33d480, 2544;
E_0xabdf8d0ee570/637 .event anyedge, v0xabdf8d33d480_2541, v0xabdf8d33d480_2542, v0xabdf8d33d480_2543, v0xabdf8d33d480_2544;
v0xabdf8d33d480_2545 .array/port v0xabdf8d33d480, 2545;
v0xabdf8d33d480_2546 .array/port v0xabdf8d33d480, 2546;
v0xabdf8d33d480_2547 .array/port v0xabdf8d33d480, 2547;
v0xabdf8d33d480_2548 .array/port v0xabdf8d33d480, 2548;
E_0xabdf8d0ee570/638 .event anyedge, v0xabdf8d33d480_2545, v0xabdf8d33d480_2546, v0xabdf8d33d480_2547, v0xabdf8d33d480_2548;
v0xabdf8d33d480_2549 .array/port v0xabdf8d33d480, 2549;
v0xabdf8d33d480_2550 .array/port v0xabdf8d33d480, 2550;
v0xabdf8d33d480_2551 .array/port v0xabdf8d33d480, 2551;
v0xabdf8d33d480_2552 .array/port v0xabdf8d33d480, 2552;
E_0xabdf8d0ee570/639 .event anyedge, v0xabdf8d33d480_2549, v0xabdf8d33d480_2550, v0xabdf8d33d480_2551, v0xabdf8d33d480_2552;
v0xabdf8d33d480_2553 .array/port v0xabdf8d33d480, 2553;
v0xabdf8d33d480_2554 .array/port v0xabdf8d33d480, 2554;
v0xabdf8d33d480_2555 .array/port v0xabdf8d33d480, 2555;
v0xabdf8d33d480_2556 .array/port v0xabdf8d33d480, 2556;
E_0xabdf8d0ee570/640 .event anyedge, v0xabdf8d33d480_2553, v0xabdf8d33d480_2554, v0xabdf8d33d480_2555, v0xabdf8d33d480_2556;
v0xabdf8d33d480_2557 .array/port v0xabdf8d33d480, 2557;
v0xabdf8d33d480_2558 .array/port v0xabdf8d33d480, 2558;
v0xabdf8d33d480_2559 .array/port v0xabdf8d33d480, 2559;
v0xabdf8d33d480_2560 .array/port v0xabdf8d33d480, 2560;
E_0xabdf8d0ee570/641 .event anyedge, v0xabdf8d33d480_2557, v0xabdf8d33d480_2558, v0xabdf8d33d480_2559, v0xabdf8d33d480_2560;
v0xabdf8d33d480_2561 .array/port v0xabdf8d33d480, 2561;
v0xabdf8d33d480_2562 .array/port v0xabdf8d33d480, 2562;
v0xabdf8d33d480_2563 .array/port v0xabdf8d33d480, 2563;
v0xabdf8d33d480_2564 .array/port v0xabdf8d33d480, 2564;
E_0xabdf8d0ee570/642 .event anyedge, v0xabdf8d33d480_2561, v0xabdf8d33d480_2562, v0xabdf8d33d480_2563, v0xabdf8d33d480_2564;
v0xabdf8d33d480_2565 .array/port v0xabdf8d33d480, 2565;
v0xabdf8d33d480_2566 .array/port v0xabdf8d33d480, 2566;
v0xabdf8d33d480_2567 .array/port v0xabdf8d33d480, 2567;
v0xabdf8d33d480_2568 .array/port v0xabdf8d33d480, 2568;
E_0xabdf8d0ee570/643 .event anyedge, v0xabdf8d33d480_2565, v0xabdf8d33d480_2566, v0xabdf8d33d480_2567, v0xabdf8d33d480_2568;
v0xabdf8d33d480_2569 .array/port v0xabdf8d33d480, 2569;
v0xabdf8d33d480_2570 .array/port v0xabdf8d33d480, 2570;
v0xabdf8d33d480_2571 .array/port v0xabdf8d33d480, 2571;
v0xabdf8d33d480_2572 .array/port v0xabdf8d33d480, 2572;
E_0xabdf8d0ee570/644 .event anyedge, v0xabdf8d33d480_2569, v0xabdf8d33d480_2570, v0xabdf8d33d480_2571, v0xabdf8d33d480_2572;
v0xabdf8d33d480_2573 .array/port v0xabdf8d33d480, 2573;
v0xabdf8d33d480_2574 .array/port v0xabdf8d33d480, 2574;
v0xabdf8d33d480_2575 .array/port v0xabdf8d33d480, 2575;
v0xabdf8d33d480_2576 .array/port v0xabdf8d33d480, 2576;
E_0xabdf8d0ee570/645 .event anyedge, v0xabdf8d33d480_2573, v0xabdf8d33d480_2574, v0xabdf8d33d480_2575, v0xabdf8d33d480_2576;
v0xabdf8d33d480_2577 .array/port v0xabdf8d33d480, 2577;
v0xabdf8d33d480_2578 .array/port v0xabdf8d33d480, 2578;
v0xabdf8d33d480_2579 .array/port v0xabdf8d33d480, 2579;
v0xabdf8d33d480_2580 .array/port v0xabdf8d33d480, 2580;
E_0xabdf8d0ee570/646 .event anyedge, v0xabdf8d33d480_2577, v0xabdf8d33d480_2578, v0xabdf8d33d480_2579, v0xabdf8d33d480_2580;
v0xabdf8d33d480_2581 .array/port v0xabdf8d33d480, 2581;
v0xabdf8d33d480_2582 .array/port v0xabdf8d33d480, 2582;
v0xabdf8d33d480_2583 .array/port v0xabdf8d33d480, 2583;
v0xabdf8d33d480_2584 .array/port v0xabdf8d33d480, 2584;
E_0xabdf8d0ee570/647 .event anyedge, v0xabdf8d33d480_2581, v0xabdf8d33d480_2582, v0xabdf8d33d480_2583, v0xabdf8d33d480_2584;
v0xabdf8d33d480_2585 .array/port v0xabdf8d33d480, 2585;
v0xabdf8d33d480_2586 .array/port v0xabdf8d33d480, 2586;
v0xabdf8d33d480_2587 .array/port v0xabdf8d33d480, 2587;
v0xabdf8d33d480_2588 .array/port v0xabdf8d33d480, 2588;
E_0xabdf8d0ee570/648 .event anyedge, v0xabdf8d33d480_2585, v0xabdf8d33d480_2586, v0xabdf8d33d480_2587, v0xabdf8d33d480_2588;
v0xabdf8d33d480_2589 .array/port v0xabdf8d33d480, 2589;
v0xabdf8d33d480_2590 .array/port v0xabdf8d33d480, 2590;
v0xabdf8d33d480_2591 .array/port v0xabdf8d33d480, 2591;
v0xabdf8d33d480_2592 .array/port v0xabdf8d33d480, 2592;
E_0xabdf8d0ee570/649 .event anyedge, v0xabdf8d33d480_2589, v0xabdf8d33d480_2590, v0xabdf8d33d480_2591, v0xabdf8d33d480_2592;
v0xabdf8d33d480_2593 .array/port v0xabdf8d33d480, 2593;
v0xabdf8d33d480_2594 .array/port v0xabdf8d33d480, 2594;
v0xabdf8d33d480_2595 .array/port v0xabdf8d33d480, 2595;
v0xabdf8d33d480_2596 .array/port v0xabdf8d33d480, 2596;
E_0xabdf8d0ee570/650 .event anyedge, v0xabdf8d33d480_2593, v0xabdf8d33d480_2594, v0xabdf8d33d480_2595, v0xabdf8d33d480_2596;
v0xabdf8d33d480_2597 .array/port v0xabdf8d33d480, 2597;
v0xabdf8d33d480_2598 .array/port v0xabdf8d33d480, 2598;
v0xabdf8d33d480_2599 .array/port v0xabdf8d33d480, 2599;
v0xabdf8d33d480_2600 .array/port v0xabdf8d33d480, 2600;
E_0xabdf8d0ee570/651 .event anyedge, v0xabdf8d33d480_2597, v0xabdf8d33d480_2598, v0xabdf8d33d480_2599, v0xabdf8d33d480_2600;
v0xabdf8d33d480_2601 .array/port v0xabdf8d33d480, 2601;
v0xabdf8d33d480_2602 .array/port v0xabdf8d33d480, 2602;
v0xabdf8d33d480_2603 .array/port v0xabdf8d33d480, 2603;
v0xabdf8d33d480_2604 .array/port v0xabdf8d33d480, 2604;
E_0xabdf8d0ee570/652 .event anyedge, v0xabdf8d33d480_2601, v0xabdf8d33d480_2602, v0xabdf8d33d480_2603, v0xabdf8d33d480_2604;
v0xabdf8d33d480_2605 .array/port v0xabdf8d33d480, 2605;
v0xabdf8d33d480_2606 .array/port v0xabdf8d33d480, 2606;
v0xabdf8d33d480_2607 .array/port v0xabdf8d33d480, 2607;
v0xabdf8d33d480_2608 .array/port v0xabdf8d33d480, 2608;
E_0xabdf8d0ee570/653 .event anyedge, v0xabdf8d33d480_2605, v0xabdf8d33d480_2606, v0xabdf8d33d480_2607, v0xabdf8d33d480_2608;
v0xabdf8d33d480_2609 .array/port v0xabdf8d33d480, 2609;
v0xabdf8d33d480_2610 .array/port v0xabdf8d33d480, 2610;
v0xabdf8d33d480_2611 .array/port v0xabdf8d33d480, 2611;
v0xabdf8d33d480_2612 .array/port v0xabdf8d33d480, 2612;
E_0xabdf8d0ee570/654 .event anyedge, v0xabdf8d33d480_2609, v0xabdf8d33d480_2610, v0xabdf8d33d480_2611, v0xabdf8d33d480_2612;
v0xabdf8d33d480_2613 .array/port v0xabdf8d33d480, 2613;
v0xabdf8d33d480_2614 .array/port v0xabdf8d33d480, 2614;
v0xabdf8d33d480_2615 .array/port v0xabdf8d33d480, 2615;
v0xabdf8d33d480_2616 .array/port v0xabdf8d33d480, 2616;
E_0xabdf8d0ee570/655 .event anyedge, v0xabdf8d33d480_2613, v0xabdf8d33d480_2614, v0xabdf8d33d480_2615, v0xabdf8d33d480_2616;
v0xabdf8d33d480_2617 .array/port v0xabdf8d33d480, 2617;
v0xabdf8d33d480_2618 .array/port v0xabdf8d33d480, 2618;
v0xabdf8d33d480_2619 .array/port v0xabdf8d33d480, 2619;
v0xabdf8d33d480_2620 .array/port v0xabdf8d33d480, 2620;
E_0xabdf8d0ee570/656 .event anyedge, v0xabdf8d33d480_2617, v0xabdf8d33d480_2618, v0xabdf8d33d480_2619, v0xabdf8d33d480_2620;
v0xabdf8d33d480_2621 .array/port v0xabdf8d33d480, 2621;
v0xabdf8d33d480_2622 .array/port v0xabdf8d33d480, 2622;
v0xabdf8d33d480_2623 .array/port v0xabdf8d33d480, 2623;
v0xabdf8d33d480_2624 .array/port v0xabdf8d33d480, 2624;
E_0xabdf8d0ee570/657 .event anyedge, v0xabdf8d33d480_2621, v0xabdf8d33d480_2622, v0xabdf8d33d480_2623, v0xabdf8d33d480_2624;
v0xabdf8d33d480_2625 .array/port v0xabdf8d33d480, 2625;
v0xabdf8d33d480_2626 .array/port v0xabdf8d33d480, 2626;
v0xabdf8d33d480_2627 .array/port v0xabdf8d33d480, 2627;
v0xabdf8d33d480_2628 .array/port v0xabdf8d33d480, 2628;
E_0xabdf8d0ee570/658 .event anyedge, v0xabdf8d33d480_2625, v0xabdf8d33d480_2626, v0xabdf8d33d480_2627, v0xabdf8d33d480_2628;
v0xabdf8d33d480_2629 .array/port v0xabdf8d33d480, 2629;
v0xabdf8d33d480_2630 .array/port v0xabdf8d33d480, 2630;
v0xabdf8d33d480_2631 .array/port v0xabdf8d33d480, 2631;
v0xabdf8d33d480_2632 .array/port v0xabdf8d33d480, 2632;
E_0xabdf8d0ee570/659 .event anyedge, v0xabdf8d33d480_2629, v0xabdf8d33d480_2630, v0xabdf8d33d480_2631, v0xabdf8d33d480_2632;
v0xabdf8d33d480_2633 .array/port v0xabdf8d33d480, 2633;
v0xabdf8d33d480_2634 .array/port v0xabdf8d33d480, 2634;
v0xabdf8d33d480_2635 .array/port v0xabdf8d33d480, 2635;
v0xabdf8d33d480_2636 .array/port v0xabdf8d33d480, 2636;
E_0xabdf8d0ee570/660 .event anyedge, v0xabdf8d33d480_2633, v0xabdf8d33d480_2634, v0xabdf8d33d480_2635, v0xabdf8d33d480_2636;
v0xabdf8d33d480_2637 .array/port v0xabdf8d33d480, 2637;
v0xabdf8d33d480_2638 .array/port v0xabdf8d33d480, 2638;
v0xabdf8d33d480_2639 .array/port v0xabdf8d33d480, 2639;
v0xabdf8d33d480_2640 .array/port v0xabdf8d33d480, 2640;
E_0xabdf8d0ee570/661 .event anyedge, v0xabdf8d33d480_2637, v0xabdf8d33d480_2638, v0xabdf8d33d480_2639, v0xabdf8d33d480_2640;
v0xabdf8d33d480_2641 .array/port v0xabdf8d33d480, 2641;
v0xabdf8d33d480_2642 .array/port v0xabdf8d33d480, 2642;
v0xabdf8d33d480_2643 .array/port v0xabdf8d33d480, 2643;
v0xabdf8d33d480_2644 .array/port v0xabdf8d33d480, 2644;
E_0xabdf8d0ee570/662 .event anyedge, v0xabdf8d33d480_2641, v0xabdf8d33d480_2642, v0xabdf8d33d480_2643, v0xabdf8d33d480_2644;
v0xabdf8d33d480_2645 .array/port v0xabdf8d33d480, 2645;
v0xabdf8d33d480_2646 .array/port v0xabdf8d33d480, 2646;
v0xabdf8d33d480_2647 .array/port v0xabdf8d33d480, 2647;
v0xabdf8d33d480_2648 .array/port v0xabdf8d33d480, 2648;
E_0xabdf8d0ee570/663 .event anyedge, v0xabdf8d33d480_2645, v0xabdf8d33d480_2646, v0xabdf8d33d480_2647, v0xabdf8d33d480_2648;
v0xabdf8d33d480_2649 .array/port v0xabdf8d33d480, 2649;
v0xabdf8d33d480_2650 .array/port v0xabdf8d33d480, 2650;
v0xabdf8d33d480_2651 .array/port v0xabdf8d33d480, 2651;
v0xabdf8d33d480_2652 .array/port v0xabdf8d33d480, 2652;
E_0xabdf8d0ee570/664 .event anyedge, v0xabdf8d33d480_2649, v0xabdf8d33d480_2650, v0xabdf8d33d480_2651, v0xabdf8d33d480_2652;
v0xabdf8d33d480_2653 .array/port v0xabdf8d33d480, 2653;
v0xabdf8d33d480_2654 .array/port v0xabdf8d33d480, 2654;
v0xabdf8d33d480_2655 .array/port v0xabdf8d33d480, 2655;
v0xabdf8d33d480_2656 .array/port v0xabdf8d33d480, 2656;
E_0xabdf8d0ee570/665 .event anyedge, v0xabdf8d33d480_2653, v0xabdf8d33d480_2654, v0xabdf8d33d480_2655, v0xabdf8d33d480_2656;
v0xabdf8d33d480_2657 .array/port v0xabdf8d33d480, 2657;
v0xabdf8d33d480_2658 .array/port v0xabdf8d33d480, 2658;
v0xabdf8d33d480_2659 .array/port v0xabdf8d33d480, 2659;
v0xabdf8d33d480_2660 .array/port v0xabdf8d33d480, 2660;
E_0xabdf8d0ee570/666 .event anyedge, v0xabdf8d33d480_2657, v0xabdf8d33d480_2658, v0xabdf8d33d480_2659, v0xabdf8d33d480_2660;
v0xabdf8d33d480_2661 .array/port v0xabdf8d33d480, 2661;
v0xabdf8d33d480_2662 .array/port v0xabdf8d33d480, 2662;
v0xabdf8d33d480_2663 .array/port v0xabdf8d33d480, 2663;
v0xabdf8d33d480_2664 .array/port v0xabdf8d33d480, 2664;
E_0xabdf8d0ee570/667 .event anyedge, v0xabdf8d33d480_2661, v0xabdf8d33d480_2662, v0xabdf8d33d480_2663, v0xabdf8d33d480_2664;
v0xabdf8d33d480_2665 .array/port v0xabdf8d33d480, 2665;
v0xabdf8d33d480_2666 .array/port v0xabdf8d33d480, 2666;
v0xabdf8d33d480_2667 .array/port v0xabdf8d33d480, 2667;
v0xabdf8d33d480_2668 .array/port v0xabdf8d33d480, 2668;
E_0xabdf8d0ee570/668 .event anyedge, v0xabdf8d33d480_2665, v0xabdf8d33d480_2666, v0xabdf8d33d480_2667, v0xabdf8d33d480_2668;
v0xabdf8d33d480_2669 .array/port v0xabdf8d33d480, 2669;
v0xabdf8d33d480_2670 .array/port v0xabdf8d33d480, 2670;
v0xabdf8d33d480_2671 .array/port v0xabdf8d33d480, 2671;
v0xabdf8d33d480_2672 .array/port v0xabdf8d33d480, 2672;
E_0xabdf8d0ee570/669 .event anyedge, v0xabdf8d33d480_2669, v0xabdf8d33d480_2670, v0xabdf8d33d480_2671, v0xabdf8d33d480_2672;
v0xabdf8d33d480_2673 .array/port v0xabdf8d33d480, 2673;
v0xabdf8d33d480_2674 .array/port v0xabdf8d33d480, 2674;
v0xabdf8d33d480_2675 .array/port v0xabdf8d33d480, 2675;
v0xabdf8d33d480_2676 .array/port v0xabdf8d33d480, 2676;
E_0xabdf8d0ee570/670 .event anyedge, v0xabdf8d33d480_2673, v0xabdf8d33d480_2674, v0xabdf8d33d480_2675, v0xabdf8d33d480_2676;
v0xabdf8d33d480_2677 .array/port v0xabdf8d33d480, 2677;
v0xabdf8d33d480_2678 .array/port v0xabdf8d33d480, 2678;
v0xabdf8d33d480_2679 .array/port v0xabdf8d33d480, 2679;
v0xabdf8d33d480_2680 .array/port v0xabdf8d33d480, 2680;
E_0xabdf8d0ee570/671 .event anyedge, v0xabdf8d33d480_2677, v0xabdf8d33d480_2678, v0xabdf8d33d480_2679, v0xabdf8d33d480_2680;
v0xabdf8d33d480_2681 .array/port v0xabdf8d33d480, 2681;
v0xabdf8d33d480_2682 .array/port v0xabdf8d33d480, 2682;
v0xabdf8d33d480_2683 .array/port v0xabdf8d33d480, 2683;
v0xabdf8d33d480_2684 .array/port v0xabdf8d33d480, 2684;
E_0xabdf8d0ee570/672 .event anyedge, v0xabdf8d33d480_2681, v0xabdf8d33d480_2682, v0xabdf8d33d480_2683, v0xabdf8d33d480_2684;
v0xabdf8d33d480_2685 .array/port v0xabdf8d33d480, 2685;
v0xabdf8d33d480_2686 .array/port v0xabdf8d33d480, 2686;
v0xabdf8d33d480_2687 .array/port v0xabdf8d33d480, 2687;
v0xabdf8d33d480_2688 .array/port v0xabdf8d33d480, 2688;
E_0xabdf8d0ee570/673 .event anyedge, v0xabdf8d33d480_2685, v0xabdf8d33d480_2686, v0xabdf8d33d480_2687, v0xabdf8d33d480_2688;
v0xabdf8d33d480_2689 .array/port v0xabdf8d33d480, 2689;
v0xabdf8d33d480_2690 .array/port v0xabdf8d33d480, 2690;
v0xabdf8d33d480_2691 .array/port v0xabdf8d33d480, 2691;
v0xabdf8d33d480_2692 .array/port v0xabdf8d33d480, 2692;
E_0xabdf8d0ee570/674 .event anyedge, v0xabdf8d33d480_2689, v0xabdf8d33d480_2690, v0xabdf8d33d480_2691, v0xabdf8d33d480_2692;
v0xabdf8d33d480_2693 .array/port v0xabdf8d33d480, 2693;
v0xabdf8d33d480_2694 .array/port v0xabdf8d33d480, 2694;
v0xabdf8d33d480_2695 .array/port v0xabdf8d33d480, 2695;
v0xabdf8d33d480_2696 .array/port v0xabdf8d33d480, 2696;
E_0xabdf8d0ee570/675 .event anyedge, v0xabdf8d33d480_2693, v0xabdf8d33d480_2694, v0xabdf8d33d480_2695, v0xabdf8d33d480_2696;
v0xabdf8d33d480_2697 .array/port v0xabdf8d33d480, 2697;
v0xabdf8d33d480_2698 .array/port v0xabdf8d33d480, 2698;
v0xabdf8d33d480_2699 .array/port v0xabdf8d33d480, 2699;
v0xabdf8d33d480_2700 .array/port v0xabdf8d33d480, 2700;
E_0xabdf8d0ee570/676 .event anyedge, v0xabdf8d33d480_2697, v0xabdf8d33d480_2698, v0xabdf8d33d480_2699, v0xabdf8d33d480_2700;
v0xabdf8d33d480_2701 .array/port v0xabdf8d33d480, 2701;
v0xabdf8d33d480_2702 .array/port v0xabdf8d33d480, 2702;
v0xabdf8d33d480_2703 .array/port v0xabdf8d33d480, 2703;
v0xabdf8d33d480_2704 .array/port v0xabdf8d33d480, 2704;
E_0xabdf8d0ee570/677 .event anyedge, v0xabdf8d33d480_2701, v0xabdf8d33d480_2702, v0xabdf8d33d480_2703, v0xabdf8d33d480_2704;
v0xabdf8d33d480_2705 .array/port v0xabdf8d33d480, 2705;
v0xabdf8d33d480_2706 .array/port v0xabdf8d33d480, 2706;
v0xabdf8d33d480_2707 .array/port v0xabdf8d33d480, 2707;
v0xabdf8d33d480_2708 .array/port v0xabdf8d33d480, 2708;
E_0xabdf8d0ee570/678 .event anyedge, v0xabdf8d33d480_2705, v0xabdf8d33d480_2706, v0xabdf8d33d480_2707, v0xabdf8d33d480_2708;
v0xabdf8d33d480_2709 .array/port v0xabdf8d33d480, 2709;
v0xabdf8d33d480_2710 .array/port v0xabdf8d33d480, 2710;
v0xabdf8d33d480_2711 .array/port v0xabdf8d33d480, 2711;
v0xabdf8d33d480_2712 .array/port v0xabdf8d33d480, 2712;
E_0xabdf8d0ee570/679 .event anyedge, v0xabdf8d33d480_2709, v0xabdf8d33d480_2710, v0xabdf8d33d480_2711, v0xabdf8d33d480_2712;
v0xabdf8d33d480_2713 .array/port v0xabdf8d33d480, 2713;
v0xabdf8d33d480_2714 .array/port v0xabdf8d33d480, 2714;
v0xabdf8d33d480_2715 .array/port v0xabdf8d33d480, 2715;
v0xabdf8d33d480_2716 .array/port v0xabdf8d33d480, 2716;
E_0xabdf8d0ee570/680 .event anyedge, v0xabdf8d33d480_2713, v0xabdf8d33d480_2714, v0xabdf8d33d480_2715, v0xabdf8d33d480_2716;
v0xabdf8d33d480_2717 .array/port v0xabdf8d33d480, 2717;
v0xabdf8d33d480_2718 .array/port v0xabdf8d33d480, 2718;
v0xabdf8d33d480_2719 .array/port v0xabdf8d33d480, 2719;
v0xabdf8d33d480_2720 .array/port v0xabdf8d33d480, 2720;
E_0xabdf8d0ee570/681 .event anyedge, v0xabdf8d33d480_2717, v0xabdf8d33d480_2718, v0xabdf8d33d480_2719, v0xabdf8d33d480_2720;
v0xabdf8d33d480_2721 .array/port v0xabdf8d33d480, 2721;
v0xabdf8d33d480_2722 .array/port v0xabdf8d33d480, 2722;
v0xabdf8d33d480_2723 .array/port v0xabdf8d33d480, 2723;
v0xabdf8d33d480_2724 .array/port v0xabdf8d33d480, 2724;
E_0xabdf8d0ee570/682 .event anyedge, v0xabdf8d33d480_2721, v0xabdf8d33d480_2722, v0xabdf8d33d480_2723, v0xabdf8d33d480_2724;
v0xabdf8d33d480_2725 .array/port v0xabdf8d33d480, 2725;
v0xabdf8d33d480_2726 .array/port v0xabdf8d33d480, 2726;
v0xabdf8d33d480_2727 .array/port v0xabdf8d33d480, 2727;
v0xabdf8d33d480_2728 .array/port v0xabdf8d33d480, 2728;
E_0xabdf8d0ee570/683 .event anyedge, v0xabdf8d33d480_2725, v0xabdf8d33d480_2726, v0xabdf8d33d480_2727, v0xabdf8d33d480_2728;
v0xabdf8d33d480_2729 .array/port v0xabdf8d33d480, 2729;
v0xabdf8d33d480_2730 .array/port v0xabdf8d33d480, 2730;
v0xabdf8d33d480_2731 .array/port v0xabdf8d33d480, 2731;
v0xabdf8d33d480_2732 .array/port v0xabdf8d33d480, 2732;
E_0xabdf8d0ee570/684 .event anyedge, v0xabdf8d33d480_2729, v0xabdf8d33d480_2730, v0xabdf8d33d480_2731, v0xabdf8d33d480_2732;
v0xabdf8d33d480_2733 .array/port v0xabdf8d33d480, 2733;
v0xabdf8d33d480_2734 .array/port v0xabdf8d33d480, 2734;
v0xabdf8d33d480_2735 .array/port v0xabdf8d33d480, 2735;
v0xabdf8d33d480_2736 .array/port v0xabdf8d33d480, 2736;
E_0xabdf8d0ee570/685 .event anyedge, v0xabdf8d33d480_2733, v0xabdf8d33d480_2734, v0xabdf8d33d480_2735, v0xabdf8d33d480_2736;
v0xabdf8d33d480_2737 .array/port v0xabdf8d33d480, 2737;
v0xabdf8d33d480_2738 .array/port v0xabdf8d33d480, 2738;
v0xabdf8d33d480_2739 .array/port v0xabdf8d33d480, 2739;
v0xabdf8d33d480_2740 .array/port v0xabdf8d33d480, 2740;
E_0xabdf8d0ee570/686 .event anyedge, v0xabdf8d33d480_2737, v0xabdf8d33d480_2738, v0xabdf8d33d480_2739, v0xabdf8d33d480_2740;
v0xabdf8d33d480_2741 .array/port v0xabdf8d33d480, 2741;
v0xabdf8d33d480_2742 .array/port v0xabdf8d33d480, 2742;
v0xabdf8d33d480_2743 .array/port v0xabdf8d33d480, 2743;
v0xabdf8d33d480_2744 .array/port v0xabdf8d33d480, 2744;
E_0xabdf8d0ee570/687 .event anyedge, v0xabdf8d33d480_2741, v0xabdf8d33d480_2742, v0xabdf8d33d480_2743, v0xabdf8d33d480_2744;
v0xabdf8d33d480_2745 .array/port v0xabdf8d33d480, 2745;
v0xabdf8d33d480_2746 .array/port v0xabdf8d33d480, 2746;
v0xabdf8d33d480_2747 .array/port v0xabdf8d33d480, 2747;
v0xabdf8d33d480_2748 .array/port v0xabdf8d33d480, 2748;
E_0xabdf8d0ee570/688 .event anyedge, v0xabdf8d33d480_2745, v0xabdf8d33d480_2746, v0xabdf8d33d480_2747, v0xabdf8d33d480_2748;
v0xabdf8d33d480_2749 .array/port v0xabdf8d33d480, 2749;
v0xabdf8d33d480_2750 .array/port v0xabdf8d33d480, 2750;
v0xabdf8d33d480_2751 .array/port v0xabdf8d33d480, 2751;
v0xabdf8d33d480_2752 .array/port v0xabdf8d33d480, 2752;
E_0xabdf8d0ee570/689 .event anyedge, v0xabdf8d33d480_2749, v0xabdf8d33d480_2750, v0xabdf8d33d480_2751, v0xabdf8d33d480_2752;
v0xabdf8d33d480_2753 .array/port v0xabdf8d33d480, 2753;
v0xabdf8d33d480_2754 .array/port v0xabdf8d33d480, 2754;
v0xabdf8d33d480_2755 .array/port v0xabdf8d33d480, 2755;
v0xabdf8d33d480_2756 .array/port v0xabdf8d33d480, 2756;
E_0xabdf8d0ee570/690 .event anyedge, v0xabdf8d33d480_2753, v0xabdf8d33d480_2754, v0xabdf8d33d480_2755, v0xabdf8d33d480_2756;
v0xabdf8d33d480_2757 .array/port v0xabdf8d33d480, 2757;
v0xabdf8d33d480_2758 .array/port v0xabdf8d33d480, 2758;
v0xabdf8d33d480_2759 .array/port v0xabdf8d33d480, 2759;
v0xabdf8d33d480_2760 .array/port v0xabdf8d33d480, 2760;
E_0xabdf8d0ee570/691 .event anyedge, v0xabdf8d33d480_2757, v0xabdf8d33d480_2758, v0xabdf8d33d480_2759, v0xabdf8d33d480_2760;
v0xabdf8d33d480_2761 .array/port v0xabdf8d33d480, 2761;
v0xabdf8d33d480_2762 .array/port v0xabdf8d33d480, 2762;
v0xabdf8d33d480_2763 .array/port v0xabdf8d33d480, 2763;
v0xabdf8d33d480_2764 .array/port v0xabdf8d33d480, 2764;
E_0xabdf8d0ee570/692 .event anyedge, v0xabdf8d33d480_2761, v0xabdf8d33d480_2762, v0xabdf8d33d480_2763, v0xabdf8d33d480_2764;
v0xabdf8d33d480_2765 .array/port v0xabdf8d33d480, 2765;
v0xabdf8d33d480_2766 .array/port v0xabdf8d33d480, 2766;
v0xabdf8d33d480_2767 .array/port v0xabdf8d33d480, 2767;
v0xabdf8d33d480_2768 .array/port v0xabdf8d33d480, 2768;
E_0xabdf8d0ee570/693 .event anyedge, v0xabdf8d33d480_2765, v0xabdf8d33d480_2766, v0xabdf8d33d480_2767, v0xabdf8d33d480_2768;
v0xabdf8d33d480_2769 .array/port v0xabdf8d33d480, 2769;
v0xabdf8d33d480_2770 .array/port v0xabdf8d33d480, 2770;
v0xabdf8d33d480_2771 .array/port v0xabdf8d33d480, 2771;
v0xabdf8d33d480_2772 .array/port v0xabdf8d33d480, 2772;
E_0xabdf8d0ee570/694 .event anyedge, v0xabdf8d33d480_2769, v0xabdf8d33d480_2770, v0xabdf8d33d480_2771, v0xabdf8d33d480_2772;
v0xabdf8d33d480_2773 .array/port v0xabdf8d33d480, 2773;
v0xabdf8d33d480_2774 .array/port v0xabdf8d33d480, 2774;
v0xabdf8d33d480_2775 .array/port v0xabdf8d33d480, 2775;
v0xabdf8d33d480_2776 .array/port v0xabdf8d33d480, 2776;
E_0xabdf8d0ee570/695 .event anyedge, v0xabdf8d33d480_2773, v0xabdf8d33d480_2774, v0xabdf8d33d480_2775, v0xabdf8d33d480_2776;
v0xabdf8d33d480_2777 .array/port v0xabdf8d33d480, 2777;
v0xabdf8d33d480_2778 .array/port v0xabdf8d33d480, 2778;
v0xabdf8d33d480_2779 .array/port v0xabdf8d33d480, 2779;
v0xabdf8d33d480_2780 .array/port v0xabdf8d33d480, 2780;
E_0xabdf8d0ee570/696 .event anyedge, v0xabdf8d33d480_2777, v0xabdf8d33d480_2778, v0xabdf8d33d480_2779, v0xabdf8d33d480_2780;
v0xabdf8d33d480_2781 .array/port v0xabdf8d33d480, 2781;
v0xabdf8d33d480_2782 .array/port v0xabdf8d33d480, 2782;
v0xabdf8d33d480_2783 .array/port v0xabdf8d33d480, 2783;
v0xabdf8d33d480_2784 .array/port v0xabdf8d33d480, 2784;
E_0xabdf8d0ee570/697 .event anyedge, v0xabdf8d33d480_2781, v0xabdf8d33d480_2782, v0xabdf8d33d480_2783, v0xabdf8d33d480_2784;
v0xabdf8d33d480_2785 .array/port v0xabdf8d33d480, 2785;
v0xabdf8d33d480_2786 .array/port v0xabdf8d33d480, 2786;
v0xabdf8d33d480_2787 .array/port v0xabdf8d33d480, 2787;
v0xabdf8d33d480_2788 .array/port v0xabdf8d33d480, 2788;
E_0xabdf8d0ee570/698 .event anyedge, v0xabdf8d33d480_2785, v0xabdf8d33d480_2786, v0xabdf8d33d480_2787, v0xabdf8d33d480_2788;
v0xabdf8d33d480_2789 .array/port v0xabdf8d33d480, 2789;
v0xabdf8d33d480_2790 .array/port v0xabdf8d33d480, 2790;
v0xabdf8d33d480_2791 .array/port v0xabdf8d33d480, 2791;
v0xabdf8d33d480_2792 .array/port v0xabdf8d33d480, 2792;
E_0xabdf8d0ee570/699 .event anyedge, v0xabdf8d33d480_2789, v0xabdf8d33d480_2790, v0xabdf8d33d480_2791, v0xabdf8d33d480_2792;
v0xabdf8d33d480_2793 .array/port v0xabdf8d33d480, 2793;
v0xabdf8d33d480_2794 .array/port v0xabdf8d33d480, 2794;
v0xabdf8d33d480_2795 .array/port v0xabdf8d33d480, 2795;
v0xabdf8d33d480_2796 .array/port v0xabdf8d33d480, 2796;
E_0xabdf8d0ee570/700 .event anyedge, v0xabdf8d33d480_2793, v0xabdf8d33d480_2794, v0xabdf8d33d480_2795, v0xabdf8d33d480_2796;
v0xabdf8d33d480_2797 .array/port v0xabdf8d33d480, 2797;
v0xabdf8d33d480_2798 .array/port v0xabdf8d33d480, 2798;
v0xabdf8d33d480_2799 .array/port v0xabdf8d33d480, 2799;
v0xabdf8d33d480_2800 .array/port v0xabdf8d33d480, 2800;
E_0xabdf8d0ee570/701 .event anyedge, v0xabdf8d33d480_2797, v0xabdf8d33d480_2798, v0xabdf8d33d480_2799, v0xabdf8d33d480_2800;
v0xabdf8d33d480_2801 .array/port v0xabdf8d33d480, 2801;
v0xabdf8d33d480_2802 .array/port v0xabdf8d33d480, 2802;
v0xabdf8d33d480_2803 .array/port v0xabdf8d33d480, 2803;
v0xabdf8d33d480_2804 .array/port v0xabdf8d33d480, 2804;
E_0xabdf8d0ee570/702 .event anyedge, v0xabdf8d33d480_2801, v0xabdf8d33d480_2802, v0xabdf8d33d480_2803, v0xabdf8d33d480_2804;
v0xabdf8d33d480_2805 .array/port v0xabdf8d33d480, 2805;
v0xabdf8d33d480_2806 .array/port v0xabdf8d33d480, 2806;
v0xabdf8d33d480_2807 .array/port v0xabdf8d33d480, 2807;
v0xabdf8d33d480_2808 .array/port v0xabdf8d33d480, 2808;
E_0xabdf8d0ee570/703 .event anyedge, v0xabdf8d33d480_2805, v0xabdf8d33d480_2806, v0xabdf8d33d480_2807, v0xabdf8d33d480_2808;
v0xabdf8d33d480_2809 .array/port v0xabdf8d33d480, 2809;
v0xabdf8d33d480_2810 .array/port v0xabdf8d33d480, 2810;
v0xabdf8d33d480_2811 .array/port v0xabdf8d33d480, 2811;
v0xabdf8d33d480_2812 .array/port v0xabdf8d33d480, 2812;
E_0xabdf8d0ee570/704 .event anyedge, v0xabdf8d33d480_2809, v0xabdf8d33d480_2810, v0xabdf8d33d480_2811, v0xabdf8d33d480_2812;
v0xabdf8d33d480_2813 .array/port v0xabdf8d33d480, 2813;
v0xabdf8d33d480_2814 .array/port v0xabdf8d33d480, 2814;
v0xabdf8d33d480_2815 .array/port v0xabdf8d33d480, 2815;
v0xabdf8d33d480_2816 .array/port v0xabdf8d33d480, 2816;
E_0xabdf8d0ee570/705 .event anyedge, v0xabdf8d33d480_2813, v0xabdf8d33d480_2814, v0xabdf8d33d480_2815, v0xabdf8d33d480_2816;
v0xabdf8d33d480_2817 .array/port v0xabdf8d33d480, 2817;
v0xabdf8d33d480_2818 .array/port v0xabdf8d33d480, 2818;
v0xabdf8d33d480_2819 .array/port v0xabdf8d33d480, 2819;
v0xabdf8d33d480_2820 .array/port v0xabdf8d33d480, 2820;
E_0xabdf8d0ee570/706 .event anyedge, v0xabdf8d33d480_2817, v0xabdf8d33d480_2818, v0xabdf8d33d480_2819, v0xabdf8d33d480_2820;
v0xabdf8d33d480_2821 .array/port v0xabdf8d33d480, 2821;
v0xabdf8d33d480_2822 .array/port v0xabdf8d33d480, 2822;
v0xabdf8d33d480_2823 .array/port v0xabdf8d33d480, 2823;
v0xabdf8d33d480_2824 .array/port v0xabdf8d33d480, 2824;
E_0xabdf8d0ee570/707 .event anyedge, v0xabdf8d33d480_2821, v0xabdf8d33d480_2822, v0xabdf8d33d480_2823, v0xabdf8d33d480_2824;
v0xabdf8d33d480_2825 .array/port v0xabdf8d33d480, 2825;
v0xabdf8d33d480_2826 .array/port v0xabdf8d33d480, 2826;
v0xabdf8d33d480_2827 .array/port v0xabdf8d33d480, 2827;
v0xabdf8d33d480_2828 .array/port v0xabdf8d33d480, 2828;
E_0xabdf8d0ee570/708 .event anyedge, v0xabdf8d33d480_2825, v0xabdf8d33d480_2826, v0xabdf8d33d480_2827, v0xabdf8d33d480_2828;
v0xabdf8d33d480_2829 .array/port v0xabdf8d33d480, 2829;
v0xabdf8d33d480_2830 .array/port v0xabdf8d33d480, 2830;
v0xabdf8d33d480_2831 .array/port v0xabdf8d33d480, 2831;
v0xabdf8d33d480_2832 .array/port v0xabdf8d33d480, 2832;
E_0xabdf8d0ee570/709 .event anyedge, v0xabdf8d33d480_2829, v0xabdf8d33d480_2830, v0xabdf8d33d480_2831, v0xabdf8d33d480_2832;
v0xabdf8d33d480_2833 .array/port v0xabdf8d33d480, 2833;
v0xabdf8d33d480_2834 .array/port v0xabdf8d33d480, 2834;
v0xabdf8d33d480_2835 .array/port v0xabdf8d33d480, 2835;
v0xabdf8d33d480_2836 .array/port v0xabdf8d33d480, 2836;
E_0xabdf8d0ee570/710 .event anyedge, v0xabdf8d33d480_2833, v0xabdf8d33d480_2834, v0xabdf8d33d480_2835, v0xabdf8d33d480_2836;
v0xabdf8d33d480_2837 .array/port v0xabdf8d33d480, 2837;
v0xabdf8d33d480_2838 .array/port v0xabdf8d33d480, 2838;
v0xabdf8d33d480_2839 .array/port v0xabdf8d33d480, 2839;
v0xabdf8d33d480_2840 .array/port v0xabdf8d33d480, 2840;
E_0xabdf8d0ee570/711 .event anyedge, v0xabdf8d33d480_2837, v0xabdf8d33d480_2838, v0xabdf8d33d480_2839, v0xabdf8d33d480_2840;
v0xabdf8d33d480_2841 .array/port v0xabdf8d33d480, 2841;
v0xabdf8d33d480_2842 .array/port v0xabdf8d33d480, 2842;
v0xabdf8d33d480_2843 .array/port v0xabdf8d33d480, 2843;
v0xabdf8d33d480_2844 .array/port v0xabdf8d33d480, 2844;
E_0xabdf8d0ee570/712 .event anyedge, v0xabdf8d33d480_2841, v0xabdf8d33d480_2842, v0xabdf8d33d480_2843, v0xabdf8d33d480_2844;
v0xabdf8d33d480_2845 .array/port v0xabdf8d33d480, 2845;
v0xabdf8d33d480_2846 .array/port v0xabdf8d33d480, 2846;
v0xabdf8d33d480_2847 .array/port v0xabdf8d33d480, 2847;
v0xabdf8d33d480_2848 .array/port v0xabdf8d33d480, 2848;
E_0xabdf8d0ee570/713 .event anyedge, v0xabdf8d33d480_2845, v0xabdf8d33d480_2846, v0xabdf8d33d480_2847, v0xabdf8d33d480_2848;
v0xabdf8d33d480_2849 .array/port v0xabdf8d33d480, 2849;
v0xabdf8d33d480_2850 .array/port v0xabdf8d33d480, 2850;
v0xabdf8d33d480_2851 .array/port v0xabdf8d33d480, 2851;
v0xabdf8d33d480_2852 .array/port v0xabdf8d33d480, 2852;
E_0xabdf8d0ee570/714 .event anyedge, v0xabdf8d33d480_2849, v0xabdf8d33d480_2850, v0xabdf8d33d480_2851, v0xabdf8d33d480_2852;
v0xabdf8d33d480_2853 .array/port v0xabdf8d33d480, 2853;
v0xabdf8d33d480_2854 .array/port v0xabdf8d33d480, 2854;
v0xabdf8d33d480_2855 .array/port v0xabdf8d33d480, 2855;
v0xabdf8d33d480_2856 .array/port v0xabdf8d33d480, 2856;
E_0xabdf8d0ee570/715 .event anyedge, v0xabdf8d33d480_2853, v0xabdf8d33d480_2854, v0xabdf8d33d480_2855, v0xabdf8d33d480_2856;
v0xabdf8d33d480_2857 .array/port v0xabdf8d33d480, 2857;
v0xabdf8d33d480_2858 .array/port v0xabdf8d33d480, 2858;
v0xabdf8d33d480_2859 .array/port v0xabdf8d33d480, 2859;
v0xabdf8d33d480_2860 .array/port v0xabdf8d33d480, 2860;
E_0xabdf8d0ee570/716 .event anyedge, v0xabdf8d33d480_2857, v0xabdf8d33d480_2858, v0xabdf8d33d480_2859, v0xabdf8d33d480_2860;
v0xabdf8d33d480_2861 .array/port v0xabdf8d33d480, 2861;
v0xabdf8d33d480_2862 .array/port v0xabdf8d33d480, 2862;
v0xabdf8d33d480_2863 .array/port v0xabdf8d33d480, 2863;
v0xabdf8d33d480_2864 .array/port v0xabdf8d33d480, 2864;
E_0xabdf8d0ee570/717 .event anyedge, v0xabdf8d33d480_2861, v0xabdf8d33d480_2862, v0xabdf8d33d480_2863, v0xabdf8d33d480_2864;
v0xabdf8d33d480_2865 .array/port v0xabdf8d33d480, 2865;
v0xabdf8d33d480_2866 .array/port v0xabdf8d33d480, 2866;
v0xabdf8d33d480_2867 .array/port v0xabdf8d33d480, 2867;
v0xabdf8d33d480_2868 .array/port v0xabdf8d33d480, 2868;
E_0xabdf8d0ee570/718 .event anyedge, v0xabdf8d33d480_2865, v0xabdf8d33d480_2866, v0xabdf8d33d480_2867, v0xabdf8d33d480_2868;
v0xabdf8d33d480_2869 .array/port v0xabdf8d33d480, 2869;
v0xabdf8d33d480_2870 .array/port v0xabdf8d33d480, 2870;
v0xabdf8d33d480_2871 .array/port v0xabdf8d33d480, 2871;
v0xabdf8d33d480_2872 .array/port v0xabdf8d33d480, 2872;
E_0xabdf8d0ee570/719 .event anyedge, v0xabdf8d33d480_2869, v0xabdf8d33d480_2870, v0xabdf8d33d480_2871, v0xabdf8d33d480_2872;
v0xabdf8d33d480_2873 .array/port v0xabdf8d33d480, 2873;
v0xabdf8d33d480_2874 .array/port v0xabdf8d33d480, 2874;
v0xabdf8d33d480_2875 .array/port v0xabdf8d33d480, 2875;
v0xabdf8d33d480_2876 .array/port v0xabdf8d33d480, 2876;
E_0xabdf8d0ee570/720 .event anyedge, v0xabdf8d33d480_2873, v0xabdf8d33d480_2874, v0xabdf8d33d480_2875, v0xabdf8d33d480_2876;
v0xabdf8d33d480_2877 .array/port v0xabdf8d33d480, 2877;
v0xabdf8d33d480_2878 .array/port v0xabdf8d33d480, 2878;
v0xabdf8d33d480_2879 .array/port v0xabdf8d33d480, 2879;
v0xabdf8d33d480_2880 .array/port v0xabdf8d33d480, 2880;
E_0xabdf8d0ee570/721 .event anyedge, v0xabdf8d33d480_2877, v0xabdf8d33d480_2878, v0xabdf8d33d480_2879, v0xabdf8d33d480_2880;
v0xabdf8d33d480_2881 .array/port v0xabdf8d33d480, 2881;
v0xabdf8d33d480_2882 .array/port v0xabdf8d33d480, 2882;
v0xabdf8d33d480_2883 .array/port v0xabdf8d33d480, 2883;
v0xabdf8d33d480_2884 .array/port v0xabdf8d33d480, 2884;
E_0xabdf8d0ee570/722 .event anyedge, v0xabdf8d33d480_2881, v0xabdf8d33d480_2882, v0xabdf8d33d480_2883, v0xabdf8d33d480_2884;
v0xabdf8d33d480_2885 .array/port v0xabdf8d33d480, 2885;
v0xabdf8d33d480_2886 .array/port v0xabdf8d33d480, 2886;
v0xabdf8d33d480_2887 .array/port v0xabdf8d33d480, 2887;
v0xabdf8d33d480_2888 .array/port v0xabdf8d33d480, 2888;
E_0xabdf8d0ee570/723 .event anyedge, v0xabdf8d33d480_2885, v0xabdf8d33d480_2886, v0xabdf8d33d480_2887, v0xabdf8d33d480_2888;
v0xabdf8d33d480_2889 .array/port v0xabdf8d33d480, 2889;
v0xabdf8d33d480_2890 .array/port v0xabdf8d33d480, 2890;
v0xabdf8d33d480_2891 .array/port v0xabdf8d33d480, 2891;
v0xabdf8d33d480_2892 .array/port v0xabdf8d33d480, 2892;
E_0xabdf8d0ee570/724 .event anyedge, v0xabdf8d33d480_2889, v0xabdf8d33d480_2890, v0xabdf8d33d480_2891, v0xabdf8d33d480_2892;
v0xabdf8d33d480_2893 .array/port v0xabdf8d33d480, 2893;
v0xabdf8d33d480_2894 .array/port v0xabdf8d33d480, 2894;
v0xabdf8d33d480_2895 .array/port v0xabdf8d33d480, 2895;
v0xabdf8d33d480_2896 .array/port v0xabdf8d33d480, 2896;
E_0xabdf8d0ee570/725 .event anyedge, v0xabdf8d33d480_2893, v0xabdf8d33d480_2894, v0xabdf8d33d480_2895, v0xabdf8d33d480_2896;
v0xabdf8d33d480_2897 .array/port v0xabdf8d33d480, 2897;
v0xabdf8d33d480_2898 .array/port v0xabdf8d33d480, 2898;
v0xabdf8d33d480_2899 .array/port v0xabdf8d33d480, 2899;
v0xabdf8d33d480_2900 .array/port v0xabdf8d33d480, 2900;
E_0xabdf8d0ee570/726 .event anyedge, v0xabdf8d33d480_2897, v0xabdf8d33d480_2898, v0xabdf8d33d480_2899, v0xabdf8d33d480_2900;
v0xabdf8d33d480_2901 .array/port v0xabdf8d33d480, 2901;
v0xabdf8d33d480_2902 .array/port v0xabdf8d33d480, 2902;
v0xabdf8d33d480_2903 .array/port v0xabdf8d33d480, 2903;
v0xabdf8d33d480_2904 .array/port v0xabdf8d33d480, 2904;
E_0xabdf8d0ee570/727 .event anyedge, v0xabdf8d33d480_2901, v0xabdf8d33d480_2902, v0xabdf8d33d480_2903, v0xabdf8d33d480_2904;
v0xabdf8d33d480_2905 .array/port v0xabdf8d33d480, 2905;
v0xabdf8d33d480_2906 .array/port v0xabdf8d33d480, 2906;
v0xabdf8d33d480_2907 .array/port v0xabdf8d33d480, 2907;
v0xabdf8d33d480_2908 .array/port v0xabdf8d33d480, 2908;
E_0xabdf8d0ee570/728 .event anyedge, v0xabdf8d33d480_2905, v0xabdf8d33d480_2906, v0xabdf8d33d480_2907, v0xabdf8d33d480_2908;
v0xabdf8d33d480_2909 .array/port v0xabdf8d33d480, 2909;
v0xabdf8d33d480_2910 .array/port v0xabdf8d33d480, 2910;
v0xabdf8d33d480_2911 .array/port v0xabdf8d33d480, 2911;
v0xabdf8d33d480_2912 .array/port v0xabdf8d33d480, 2912;
E_0xabdf8d0ee570/729 .event anyedge, v0xabdf8d33d480_2909, v0xabdf8d33d480_2910, v0xabdf8d33d480_2911, v0xabdf8d33d480_2912;
v0xabdf8d33d480_2913 .array/port v0xabdf8d33d480, 2913;
v0xabdf8d33d480_2914 .array/port v0xabdf8d33d480, 2914;
v0xabdf8d33d480_2915 .array/port v0xabdf8d33d480, 2915;
v0xabdf8d33d480_2916 .array/port v0xabdf8d33d480, 2916;
E_0xabdf8d0ee570/730 .event anyedge, v0xabdf8d33d480_2913, v0xabdf8d33d480_2914, v0xabdf8d33d480_2915, v0xabdf8d33d480_2916;
v0xabdf8d33d480_2917 .array/port v0xabdf8d33d480, 2917;
v0xabdf8d33d480_2918 .array/port v0xabdf8d33d480, 2918;
v0xabdf8d33d480_2919 .array/port v0xabdf8d33d480, 2919;
v0xabdf8d33d480_2920 .array/port v0xabdf8d33d480, 2920;
E_0xabdf8d0ee570/731 .event anyedge, v0xabdf8d33d480_2917, v0xabdf8d33d480_2918, v0xabdf8d33d480_2919, v0xabdf8d33d480_2920;
v0xabdf8d33d480_2921 .array/port v0xabdf8d33d480, 2921;
v0xabdf8d33d480_2922 .array/port v0xabdf8d33d480, 2922;
v0xabdf8d33d480_2923 .array/port v0xabdf8d33d480, 2923;
v0xabdf8d33d480_2924 .array/port v0xabdf8d33d480, 2924;
E_0xabdf8d0ee570/732 .event anyedge, v0xabdf8d33d480_2921, v0xabdf8d33d480_2922, v0xabdf8d33d480_2923, v0xabdf8d33d480_2924;
v0xabdf8d33d480_2925 .array/port v0xabdf8d33d480, 2925;
v0xabdf8d33d480_2926 .array/port v0xabdf8d33d480, 2926;
v0xabdf8d33d480_2927 .array/port v0xabdf8d33d480, 2927;
v0xabdf8d33d480_2928 .array/port v0xabdf8d33d480, 2928;
E_0xabdf8d0ee570/733 .event anyedge, v0xabdf8d33d480_2925, v0xabdf8d33d480_2926, v0xabdf8d33d480_2927, v0xabdf8d33d480_2928;
v0xabdf8d33d480_2929 .array/port v0xabdf8d33d480, 2929;
v0xabdf8d33d480_2930 .array/port v0xabdf8d33d480, 2930;
v0xabdf8d33d480_2931 .array/port v0xabdf8d33d480, 2931;
v0xabdf8d33d480_2932 .array/port v0xabdf8d33d480, 2932;
E_0xabdf8d0ee570/734 .event anyedge, v0xabdf8d33d480_2929, v0xabdf8d33d480_2930, v0xabdf8d33d480_2931, v0xabdf8d33d480_2932;
v0xabdf8d33d480_2933 .array/port v0xabdf8d33d480, 2933;
v0xabdf8d33d480_2934 .array/port v0xabdf8d33d480, 2934;
v0xabdf8d33d480_2935 .array/port v0xabdf8d33d480, 2935;
v0xabdf8d33d480_2936 .array/port v0xabdf8d33d480, 2936;
E_0xabdf8d0ee570/735 .event anyedge, v0xabdf8d33d480_2933, v0xabdf8d33d480_2934, v0xabdf8d33d480_2935, v0xabdf8d33d480_2936;
v0xabdf8d33d480_2937 .array/port v0xabdf8d33d480, 2937;
v0xabdf8d33d480_2938 .array/port v0xabdf8d33d480, 2938;
v0xabdf8d33d480_2939 .array/port v0xabdf8d33d480, 2939;
v0xabdf8d33d480_2940 .array/port v0xabdf8d33d480, 2940;
E_0xabdf8d0ee570/736 .event anyedge, v0xabdf8d33d480_2937, v0xabdf8d33d480_2938, v0xabdf8d33d480_2939, v0xabdf8d33d480_2940;
v0xabdf8d33d480_2941 .array/port v0xabdf8d33d480, 2941;
v0xabdf8d33d480_2942 .array/port v0xabdf8d33d480, 2942;
v0xabdf8d33d480_2943 .array/port v0xabdf8d33d480, 2943;
v0xabdf8d33d480_2944 .array/port v0xabdf8d33d480, 2944;
E_0xabdf8d0ee570/737 .event anyedge, v0xabdf8d33d480_2941, v0xabdf8d33d480_2942, v0xabdf8d33d480_2943, v0xabdf8d33d480_2944;
v0xabdf8d33d480_2945 .array/port v0xabdf8d33d480, 2945;
v0xabdf8d33d480_2946 .array/port v0xabdf8d33d480, 2946;
v0xabdf8d33d480_2947 .array/port v0xabdf8d33d480, 2947;
v0xabdf8d33d480_2948 .array/port v0xabdf8d33d480, 2948;
E_0xabdf8d0ee570/738 .event anyedge, v0xabdf8d33d480_2945, v0xabdf8d33d480_2946, v0xabdf8d33d480_2947, v0xabdf8d33d480_2948;
v0xabdf8d33d480_2949 .array/port v0xabdf8d33d480, 2949;
v0xabdf8d33d480_2950 .array/port v0xabdf8d33d480, 2950;
v0xabdf8d33d480_2951 .array/port v0xabdf8d33d480, 2951;
v0xabdf8d33d480_2952 .array/port v0xabdf8d33d480, 2952;
E_0xabdf8d0ee570/739 .event anyedge, v0xabdf8d33d480_2949, v0xabdf8d33d480_2950, v0xabdf8d33d480_2951, v0xabdf8d33d480_2952;
v0xabdf8d33d480_2953 .array/port v0xabdf8d33d480, 2953;
v0xabdf8d33d480_2954 .array/port v0xabdf8d33d480, 2954;
v0xabdf8d33d480_2955 .array/port v0xabdf8d33d480, 2955;
v0xabdf8d33d480_2956 .array/port v0xabdf8d33d480, 2956;
E_0xabdf8d0ee570/740 .event anyedge, v0xabdf8d33d480_2953, v0xabdf8d33d480_2954, v0xabdf8d33d480_2955, v0xabdf8d33d480_2956;
v0xabdf8d33d480_2957 .array/port v0xabdf8d33d480, 2957;
v0xabdf8d33d480_2958 .array/port v0xabdf8d33d480, 2958;
v0xabdf8d33d480_2959 .array/port v0xabdf8d33d480, 2959;
v0xabdf8d33d480_2960 .array/port v0xabdf8d33d480, 2960;
E_0xabdf8d0ee570/741 .event anyedge, v0xabdf8d33d480_2957, v0xabdf8d33d480_2958, v0xabdf8d33d480_2959, v0xabdf8d33d480_2960;
v0xabdf8d33d480_2961 .array/port v0xabdf8d33d480, 2961;
v0xabdf8d33d480_2962 .array/port v0xabdf8d33d480, 2962;
v0xabdf8d33d480_2963 .array/port v0xabdf8d33d480, 2963;
v0xabdf8d33d480_2964 .array/port v0xabdf8d33d480, 2964;
E_0xabdf8d0ee570/742 .event anyedge, v0xabdf8d33d480_2961, v0xabdf8d33d480_2962, v0xabdf8d33d480_2963, v0xabdf8d33d480_2964;
v0xabdf8d33d480_2965 .array/port v0xabdf8d33d480, 2965;
v0xabdf8d33d480_2966 .array/port v0xabdf8d33d480, 2966;
v0xabdf8d33d480_2967 .array/port v0xabdf8d33d480, 2967;
v0xabdf8d33d480_2968 .array/port v0xabdf8d33d480, 2968;
E_0xabdf8d0ee570/743 .event anyedge, v0xabdf8d33d480_2965, v0xabdf8d33d480_2966, v0xabdf8d33d480_2967, v0xabdf8d33d480_2968;
v0xabdf8d33d480_2969 .array/port v0xabdf8d33d480, 2969;
v0xabdf8d33d480_2970 .array/port v0xabdf8d33d480, 2970;
v0xabdf8d33d480_2971 .array/port v0xabdf8d33d480, 2971;
v0xabdf8d33d480_2972 .array/port v0xabdf8d33d480, 2972;
E_0xabdf8d0ee570/744 .event anyedge, v0xabdf8d33d480_2969, v0xabdf8d33d480_2970, v0xabdf8d33d480_2971, v0xabdf8d33d480_2972;
v0xabdf8d33d480_2973 .array/port v0xabdf8d33d480, 2973;
v0xabdf8d33d480_2974 .array/port v0xabdf8d33d480, 2974;
v0xabdf8d33d480_2975 .array/port v0xabdf8d33d480, 2975;
v0xabdf8d33d480_2976 .array/port v0xabdf8d33d480, 2976;
E_0xabdf8d0ee570/745 .event anyedge, v0xabdf8d33d480_2973, v0xabdf8d33d480_2974, v0xabdf8d33d480_2975, v0xabdf8d33d480_2976;
v0xabdf8d33d480_2977 .array/port v0xabdf8d33d480, 2977;
v0xabdf8d33d480_2978 .array/port v0xabdf8d33d480, 2978;
v0xabdf8d33d480_2979 .array/port v0xabdf8d33d480, 2979;
v0xabdf8d33d480_2980 .array/port v0xabdf8d33d480, 2980;
E_0xabdf8d0ee570/746 .event anyedge, v0xabdf8d33d480_2977, v0xabdf8d33d480_2978, v0xabdf8d33d480_2979, v0xabdf8d33d480_2980;
v0xabdf8d33d480_2981 .array/port v0xabdf8d33d480, 2981;
v0xabdf8d33d480_2982 .array/port v0xabdf8d33d480, 2982;
v0xabdf8d33d480_2983 .array/port v0xabdf8d33d480, 2983;
v0xabdf8d33d480_2984 .array/port v0xabdf8d33d480, 2984;
E_0xabdf8d0ee570/747 .event anyedge, v0xabdf8d33d480_2981, v0xabdf8d33d480_2982, v0xabdf8d33d480_2983, v0xabdf8d33d480_2984;
v0xabdf8d33d480_2985 .array/port v0xabdf8d33d480, 2985;
v0xabdf8d33d480_2986 .array/port v0xabdf8d33d480, 2986;
v0xabdf8d33d480_2987 .array/port v0xabdf8d33d480, 2987;
v0xabdf8d33d480_2988 .array/port v0xabdf8d33d480, 2988;
E_0xabdf8d0ee570/748 .event anyedge, v0xabdf8d33d480_2985, v0xabdf8d33d480_2986, v0xabdf8d33d480_2987, v0xabdf8d33d480_2988;
v0xabdf8d33d480_2989 .array/port v0xabdf8d33d480, 2989;
v0xabdf8d33d480_2990 .array/port v0xabdf8d33d480, 2990;
v0xabdf8d33d480_2991 .array/port v0xabdf8d33d480, 2991;
v0xabdf8d33d480_2992 .array/port v0xabdf8d33d480, 2992;
E_0xabdf8d0ee570/749 .event anyedge, v0xabdf8d33d480_2989, v0xabdf8d33d480_2990, v0xabdf8d33d480_2991, v0xabdf8d33d480_2992;
v0xabdf8d33d480_2993 .array/port v0xabdf8d33d480, 2993;
v0xabdf8d33d480_2994 .array/port v0xabdf8d33d480, 2994;
v0xabdf8d33d480_2995 .array/port v0xabdf8d33d480, 2995;
v0xabdf8d33d480_2996 .array/port v0xabdf8d33d480, 2996;
E_0xabdf8d0ee570/750 .event anyedge, v0xabdf8d33d480_2993, v0xabdf8d33d480_2994, v0xabdf8d33d480_2995, v0xabdf8d33d480_2996;
v0xabdf8d33d480_2997 .array/port v0xabdf8d33d480, 2997;
v0xabdf8d33d480_2998 .array/port v0xabdf8d33d480, 2998;
v0xabdf8d33d480_2999 .array/port v0xabdf8d33d480, 2999;
v0xabdf8d33d480_3000 .array/port v0xabdf8d33d480, 3000;
E_0xabdf8d0ee570/751 .event anyedge, v0xabdf8d33d480_2997, v0xabdf8d33d480_2998, v0xabdf8d33d480_2999, v0xabdf8d33d480_3000;
v0xabdf8d33d480_3001 .array/port v0xabdf8d33d480, 3001;
v0xabdf8d33d480_3002 .array/port v0xabdf8d33d480, 3002;
v0xabdf8d33d480_3003 .array/port v0xabdf8d33d480, 3003;
v0xabdf8d33d480_3004 .array/port v0xabdf8d33d480, 3004;
E_0xabdf8d0ee570/752 .event anyedge, v0xabdf8d33d480_3001, v0xabdf8d33d480_3002, v0xabdf8d33d480_3003, v0xabdf8d33d480_3004;
v0xabdf8d33d480_3005 .array/port v0xabdf8d33d480, 3005;
v0xabdf8d33d480_3006 .array/port v0xabdf8d33d480, 3006;
v0xabdf8d33d480_3007 .array/port v0xabdf8d33d480, 3007;
v0xabdf8d33d480_3008 .array/port v0xabdf8d33d480, 3008;
E_0xabdf8d0ee570/753 .event anyedge, v0xabdf8d33d480_3005, v0xabdf8d33d480_3006, v0xabdf8d33d480_3007, v0xabdf8d33d480_3008;
v0xabdf8d33d480_3009 .array/port v0xabdf8d33d480, 3009;
v0xabdf8d33d480_3010 .array/port v0xabdf8d33d480, 3010;
v0xabdf8d33d480_3011 .array/port v0xabdf8d33d480, 3011;
v0xabdf8d33d480_3012 .array/port v0xabdf8d33d480, 3012;
E_0xabdf8d0ee570/754 .event anyedge, v0xabdf8d33d480_3009, v0xabdf8d33d480_3010, v0xabdf8d33d480_3011, v0xabdf8d33d480_3012;
v0xabdf8d33d480_3013 .array/port v0xabdf8d33d480, 3013;
v0xabdf8d33d480_3014 .array/port v0xabdf8d33d480, 3014;
v0xabdf8d33d480_3015 .array/port v0xabdf8d33d480, 3015;
v0xabdf8d33d480_3016 .array/port v0xabdf8d33d480, 3016;
E_0xabdf8d0ee570/755 .event anyedge, v0xabdf8d33d480_3013, v0xabdf8d33d480_3014, v0xabdf8d33d480_3015, v0xabdf8d33d480_3016;
v0xabdf8d33d480_3017 .array/port v0xabdf8d33d480, 3017;
v0xabdf8d33d480_3018 .array/port v0xabdf8d33d480, 3018;
v0xabdf8d33d480_3019 .array/port v0xabdf8d33d480, 3019;
v0xabdf8d33d480_3020 .array/port v0xabdf8d33d480, 3020;
E_0xabdf8d0ee570/756 .event anyedge, v0xabdf8d33d480_3017, v0xabdf8d33d480_3018, v0xabdf8d33d480_3019, v0xabdf8d33d480_3020;
v0xabdf8d33d480_3021 .array/port v0xabdf8d33d480, 3021;
v0xabdf8d33d480_3022 .array/port v0xabdf8d33d480, 3022;
v0xabdf8d33d480_3023 .array/port v0xabdf8d33d480, 3023;
v0xabdf8d33d480_3024 .array/port v0xabdf8d33d480, 3024;
E_0xabdf8d0ee570/757 .event anyedge, v0xabdf8d33d480_3021, v0xabdf8d33d480_3022, v0xabdf8d33d480_3023, v0xabdf8d33d480_3024;
v0xabdf8d33d480_3025 .array/port v0xabdf8d33d480, 3025;
v0xabdf8d33d480_3026 .array/port v0xabdf8d33d480, 3026;
v0xabdf8d33d480_3027 .array/port v0xabdf8d33d480, 3027;
v0xabdf8d33d480_3028 .array/port v0xabdf8d33d480, 3028;
E_0xabdf8d0ee570/758 .event anyedge, v0xabdf8d33d480_3025, v0xabdf8d33d480_3026, v0xabdf8d33d480_3027, v0xabdf8d33d480_3028;
v0xabdf8d33d480_3029 .array/port v0xabdf8d33d480, 3029;
v0xabdf8d33d480_3030 .array/port v0xabdf8d33d480, 3030;
v0xabdf8d33d480_3031 .array/port v0xabdf8d33d480, 3031;
v0xabdf8d33d480_3032 .array/port v0xabdf8d33d480, 3032;
E_0xabdf8d0ee570/759 .event anyedge, v0xabdf8d33d480_3029, v0xabdf8d33d480_3030, v0xabdf8d33d480_3031, v0xabdf8d33d480_3032;
v0xabdf8d33d480_3033 .array/port v0xabdf8d33d480, 3033;
v0xabdf8d33d480_3034 .array/port v0xabdf8d33d480, 3034;
v0xabdf8d33d480_3035 .array/port v0xabdf8d33d480, 3035;
v0xabdf8d33d480_3036 .array/port v0xabdf8d33d480, 3036;
E_0xabdf8d0ee570/760 .event anyedge, v0xabdf8d33d480_3033, v0xabdf8d33d480_3034, v0xabdf8d33d480_3035, v0xabdf8d33d480_3036;
v0xabdf8d33d480_3037 .array/port v0xabdf8d33d480, 3037;
v0xabdf8d33d480_3038 .array/port v0xabdf8d33d480, 3038;
v0xabdf8d33d480_3039 .array/port v0xabdf8d33d480, 3039;
v0xabdf8d33d480_3040 .array/port v0xabdf8d33d480, 3040;
E_0xabdf8d0ee570/761 .event anyedge, v0xabdf8d33d480_3037, v0xabdf8d33d480_3038, v0xabdf8d33d480_3039, v0xabdf8d33d480_3040;
v0xabdf8d33d480_3041 .array/port v0xabdf8d33d480, 3041;
v0xabdf8d33d480_3042 .array/port v0xabdf8d33d480, 3042;
v0xabdf8d33d480_3043 .array/port v0xabdf8d33d480, 3043;
v0xabdf8d33d480_3044 .array/port v0xabdf8d33d480, 3044;
E_0xabdf8d0ee570/762 .event anyedge, v0xabdf8d33d480_3041, v0xabdf8d33d480_3042, v0xabdf8d33d480_3043, v0xabdf8d33d480_3044;
v0xabdf8d33d480_3045 .array/port v0xabdf8d33d480, 3045;
v0xabdf8d33d480_3046 .array/port v0xabdf8d33d480, 3046;
v0xabdf8d33d480_3047 .array/port v0xabdf8d33d480, 3047;
v0xabdf8d33d480_3048 .array/port v0xabdf8d33d480, 3048;
E_0xabdf8d0ee570/763 .event anyedge, v0xabdf8d33d480_3045, v0xabdf8d33d480_3046, v0xabdf8d33d480_3047, v0xabdf8d33d480_3048;
v0xabdf8d33d480_3049 .array/port v0xabdf8d33d480, 3049;
v0xabdf8d33d480_3050 .array/port v0xabdf8d33d480, 3050;
v0xabdf8d33d480_3051 .array/port v0xabdf8d33d480, 3051;
v0xabdf8d33d480_3052 .array/port v0xabdf8d33d480, 3052;
E_0xabdf8d0ee570/764 .event anyedge, v0xabdf8d33d480_3049, v0xabdf8d33d480_3050, v0xabdf8d33d480_3051, v0xabdf8d33d480_3052;
v0xabdf8d33d480_3053 .array/port v0xabdf8d33d480, 3053;
v0xabdf8d33d480_3054 .array/port v0xabdf8d33d480, 3054;
v0xabdf8d33d480_3055 .array/port v0xabdf8d33d480, 3055;
v0xabdf8d33d480_3056 .array/port v0xabdf8d33d480, 3056;
E_0xabdf8d0ee570/765 .event anyedge, v0xabdf8d33d480_3053, v0xabdf8d33d480_3054, v0xabdf8d33d480_3055, v0xabdf8d33d480_3056;
v0xabdf8d33d480_3057 .array/port v0xabdf8d33d480, 3057;
v0xabdf8d33d480_3058 .array/port v0xabdf8d33d480, 3058;
v0xabdf8d33d480_3059 .array/port v0xabdf8d33d480, 3059;
v0xabdf8d33d480_3060 .array/port v0xabdf8d33d480, 3060;
E_0xabdf8d0ee570/766 .event anyedge, v0xabdf8d33d480_3057, v0xabdf8d33d480_3058, v0xabdf8d33d480_3059, v0xabdf8d33d480_3060;
v0xabdf8d33d480_3061 .array/port v0xabdf8d33d480, 3061;
v0xabdf8d33d480_3062 .array/port v0xabdf8d33d480, 3062;
v0xabdf8d33d480_3063 .array/port v0xabdf8d33d480, 3063;
v0xabdf8d33d480_3064 .array/port v0xabdf8d33d480, 3064;
E_0xabdf8d0ee570/767 .event anyedge, v0xabdf8d33d480_3061, v0xabdf8d33d480_3062, v0xabdf8d33d480_3063, v0xabdf8d33d480_3064;
v0xabdf8d33d480_3065 .array/port v0xabdf8d33d480, 3065;
v0xabdf8d33d480_3066 .array/port v0xabdf8d33d480, 3066;
v0xabdf8d33d480_3067 .array/port v0xabdf8d33d480, 3067;
v0xabdf8d33d480_3068 .array/port v0xabdf8d33d480, 3068;
E_0xabdf8d0ee570/768 .event anyedge, v0xabdf8d33d480_3065, v0xabdf8d33d480_3066, v0xabdf8d33d480_3067, v0xabdf8d33d480_3068;
v0xabdf8d33d480_3069 .array/port v0xabdf8d33d480, 3069;
v0xabdf8d33d480_3070 .array/port v0xabdf8d33d480, 3070;
v0xabdf8d33d480_3071 .array/port v0xabdf8d33d480, 3071;
v0xabdf8d33d480_3072 .array/port v0xabdf8d33d480, 3072;
E_0xabdf8d0ee570/769 .event anyedge, v0xabdf8d33d480_3069, v0xabdf8d33d480_3070, v0xabdf8d33d480_3071, v0xabdf8d33d480_3072;
v0xabdf8d33d480_3073 .array/port v0xabdf8d33d480, 3073;
v0xabdf8d33d480_3074 .array/port v0xabdf8d33d480, 3074;
v0xabdf8d33d480_3075 .array/port v0xabdf8d33d480, 3075;
v0xabdf8d33d480_3076 .array/port v0xabdf8d33d480, 3076;
E_0xabdf8d0ee570/770 .event anyedge, v0xabdf8d33d480_3073, v0xabdf8d33d480_3074, v0xabdf8d33d480_3075, v0xabdf8d33d480_3076;
v0xabdf8d33d480_3077 .array/port v0xabdf8d33d480, 3077;
v0xabdf8d33d480_3078 .array/port v0xabdf8d33d480, 3078;
v0xabdf8d33d480_3079 .array/port v0xabdf8d33d480, 3079;
v0xabdf8d33d480_3080 .array/port v0xabdf8d33d480, 3080;
E_0xabdf8d0ee570/771 .event anyedge, v0xabdf8d33d480_3077, v0xabdf8d33d480_3078, v0xabdf8d33d480_3079, v0xabdf8d33d480_3080;
v0xabdf8d33d480_3081 .array/port v0xabdf8d33d480, 3081;
v0xabdf8d33d480_3082 .array/port v0xabdf8d33d480, 3082;
v0xabdf8d33d480_3083 .array/port v0xabdf8d33d480, 3083;
v0xabdf8d33d480_3084 .array/port v0xabdf8d33d480, 3084;
E_0xabdf8d0ee570/772 .event anyedge, v0xabdf8d33d480_3081, v0xabdf8d33d480_3082, v0xabdf8d33d480_3083, v0xabdf8d33d480_3084;
v0xabdf8d33d480_3085 .array/port v0xabdf8d33d480, 3085;
v0xabdf8d33d480_3086 .array/port v0xabdf8d33d480, 3086;
v0xabdf8d33d480_3087 .array/port v0xabdf8d33d480, 3087;
v0xabdf8d33d480_3088 .array/port v0xabdf8d33d480, 3088;
E_0xabdf8d0ee570/773 .event anyedge, v0xabdf8d33d480_3085, v0xabdf8d33d480_3086, v0xabdf8d33d480_3087, v0xabdf8d33d480_3088;
v0xabdf8d33d480_3089 .array/port v0xabdf8d33d480, 3089;
v0xabdf8d33d480_3090 .array/port v0xabdf8d33d480, 3090;
v0xabdf8d33d480_3091 .array/port v0xabdf8d33d480, 3091;
v0xabdf8d33d480_3092 .array/port v0xabdf8d33d480, 3092;
E_0xabdf8d0ee570/774 .event anyedge, v0xabdf8d33d480_3089, v0xabdf8d33d480_3090, v0xabdf8d33d480_3091, v0xabdf8d33d480_3092;
v0xabdf8d33d480_3093 .array/port v0xabdf8d33d480, 3093;
v0xabdf8d33d480_3094 .array/port v0xabdf8d33d480, 3094;
v0xabdf8d33d480_3095 .array/port v0xabdf8d33d480, 3095;
v0xabdf8d33d480_3096 .array/port v0xabdf8d33d480, 3096;
E_0xabdf8d0ee570/775 .event anyedge, v0xabdf8d33d480_3093, v0xabdf8d33d480_3094, v0xabdf8d33d480_3095, v0xabdf8d33d480_3096;
v0xabdf8d33d480_3097 .array/port v0xabdf8d33d480, 3097;
v0xabdf8d33d480_3098 .array/port v0xabdf8d33d480, 3098;
v0xabdf8d33d480_3099 .array/port v0xabdf8d33d480, 3099;
v0xabdf8d33d480_3100 .array/port v0xabdf8d33d480, 3100;
E_0xabdf8d0ee570/776 .event anyedge, v0xabdf8d33d480_3097, v0xabdf8d33d480_3098, v0xabdf8d33d480_3099, v0xabdf8d33d480_3100;
v0xabdf8d33d480_3101 .array/port v0xabdf8d33d480, 3101;
v0xabdf8d33d480_3102 .array/port v0xabdf8d33d480, 3102;
v0xabdf8d33d480_3103 .array/port v0xabdf8d33d480, 3103;
v0xabdf8d33d480_3104 .array/port v0xabdf8d33d480, 3104;
E_0xabdf8d0ee570/777 .event anyedge, v0xabdf8d33d480_3101, v0xabdf8d33d480_3102, v0xabdf8d33d480_3103, v0xabdf8d33d480_3104;
v0xabdf8d33d480_3105 .array/port v0xabdf8d33d480, 3105;
v0xabdf8d33d480_3106 .array/port v0xabdf8d33d480, 3106;
v0xabdf8d33d480_3107 .array/port v0xabdf8d33d480, 3107;
v0xabdf8d33d480_3108 .array/port v0xabdf8d33d480, 3108;
E_0xabdf8d0ee570/778 .event anyedge, v0xabdf8d33d480_3105, v0xabdf8d33d480_3106, v0xabdf8d33d480_3107, v0xabdf8d33d480_3108;
v0xabdf8d33d480_3109 .array/port v0xabdf8d33d480, 3109;
v0xabdf8d33d480_3110 .array/port v0xabdf8d33d480, 3110;
v0xabdf8d33d480_3111 .array/port v0xabdf8d33d480, 3111;
v0xabdf8d33d480_3112 .array/port v0xabdf8d33d480, 3112;
E_0xabdf8d0ee570/779 .event anyedge, v0xabdf8d33d480_3109, v0xabdf8d33d480_3110, v0xabdf8d33d480_3111, v0xabdf8d33d480_3112;
v0xabdf8d33d480_3113 .array/port v0xabdf8d33d480, 3113;
v0xabdf8d33d480_3114 .array/port v0xabdf8d33d480, 3114;
v0xabdf8d33d480_3115 .array/port v0xabdf8d33d480, 3115;
v0xabdf8d33d480_3116 .array/port v0xabdf8d33d480, 3116;
E_0xabdf8d0ee570/780 .event anyedge, v0xabdf8d33d480_3113, v0xabdf8d33d480_3114, v0xabdf8d33d480_3115, v0xabdf8d33d480_3116;
v0xabdf8d33d480_3117 .array/port v0xabdf8d33d480, 3117;
v0xabdf8d33d480_3118 .array/port v0xabdf8d33d480, 3118;
v0xabdf8d33d480_3119 .array/port v0xabdf8d33d480, 3119;
v0xabdf8d33d480_3120 .array/port v0xabdf8d33d480, 3120;
E_0xabdf8d0ee570/781 .event anyedge, v0xabdf8d33d480_3117, v0xabdf8d33d480_3118, v0xabdf8d33d480_3119, v0xabdf8d33d480_3120;
v0xabdf8d33d480_3121 .array/port v0xabdf8d33d480, 3121;
v0xabdf8d33d480_3122 .array/port v0xabdf8d33d480, 3122;
v0xabdf8d33d480_3123 .array/port v0xabdf8d33d480, 3123;
v0xabdf8d33d480_3124 .array/port v0xabdf8d33d480, 3124;
E_0xabdf8d0ee570/782 .event anyedge, v0xabdf8d33d480_3121, v0xabdf8d33d480_3122, v0xabdf8d33d480_3123, v0xabdf8d33d480_3124;
v0xabdf8d33d480_3125 .array/port v0xabdf8d33d480, 3125;
v0xabdf8d33d480_3126 .array/port v0xabdf8d33d480, 3126;
v0xabdf8d33d480_3127 .array/port v0xabdf8d33d480, 3127;
v0xabdf8d33d480_3128 .array/port v0xabdf8d33d480, 3128;
E_0xabdf8d0ee570/783 .event anyedge, v0xabdf8d33d480_3125, v0xabdf8d33d480_3126, v0xabdf8d33d480_3127, v0xabdf8d33d480_3128;
v0xabdf8d33d480_3129 .array/port v0xabdf8d33d480, 3129;
v0xabdf8d33d480_3130 .array/port v0xabdf8d33d480, 3130;
v0xabdf8d33d480_3131 .array/port v0xabdf8d33d480, 3131;
v0xabdf8d33d480_3132 .array/port v0xabdf8d33d480, 3132;
E_0xabdf8d0ee570/784 .event anyedge, v0xabdf8d33d480_3129, v0xabdf8d33d480_3130, v0xabdf8d33d480_3131, v0xabdf8d33d480_3132;
v0xabdf8d33d480_3133 .array/port v0xabdf8d33d480, 3133;
v0xabdf8d33d480_3134 .array/port v0xabdf8d33d480, 3134;
v0xabdf8d33d480_3135 .array/port v0xabdf8d33d480, 3135;
v0xabdf8d33d480_3136 .array/port v0xabdf8d33d480, 3136;
E_0xabdf8d0ee570/785 .event anyedge, v0xabdf8d33d480_3133, v0xabdf8d33d480_3134, v0xabdf8d33d480_3135, v0xabdf8d33d480_3136;
v0xabdf8d33d480_3137 .array/port v0xabdf8d33d480, 3137;
v0xabdf8d33d480_3138 .array/port v0xabdf8d33d480, 3138;
v0xabdf8d33d480_3139 .array/port v0xabdf8d33d480, 3139;
v0xabdf8d33d480_3140 .array/port v0xabdf8d33d480, 3140;
E_0xabdf8d0ee570/786 .event anyedge, v0xabdf8d33d480_3137, v0xabdf8d33d480_3138, v0xabdf8d33d480_3139, v0xabdf8d33d480_3140;
v0xabdf8d33d480_3141 .array/port v0xabdf8d33d480, 3141;
v0xabdf8d33d480_3142 .array/port v0xabdf8d33d480, 3142;
v0xabdf8d33d480_3143 .array/port v0xabdf8d33d480, 3143;
v0xabdf8d33d480_3144 .array/port v0xabdf8d33d480, 3144;
E_0xabdf8d0ee570/787 .event anyedge, v0xabdf8d33d480_3141, v0xabdf8d33d480_3142, v0xabdf8d33d480_3143, v0xabdf8d33d480_3144;
v0xabdf8d33d480_3145 .array/port v0xabdf8d33d480, 3145;
v0xabdf8d33d480_3146 .array/port v0xabdf8d33d480, 3146;
v0xabdf8d33d480_3147 .array/port v0xabdf8d33d480, 3147;
v0xabdf8d33d480_3148 .array/port v0xabdf8d33d480, 3148;
E_0xabdf8d0ee570/788 .event anyedge, v0xabdf8d33d480_3145, v0xabdf8d33d480_3146, v0xabdf8d33d480_3147, v0xabdf8d33d480_3148;
v0xabdf8d33d480_3149 .array/port v0xabdf8d33d480, 3149;
v0xabdf8d33d480_3150 .array/port v0xabdf8d33d480, 3150;
v0xabdf8d33d480_3151 .array/port v0xabdf8d33d480, 3151;
v0xabdf8d33d480_3152 .array/port v0xabdf8d33d480, 3152;
E_0xabdf8d0ee570/789 .event anyedge, v0xabdf8d33d480_3149, v0xabdf8d33d480_3150, v0xabdf8d33d480_3151, v0xabdf8d33d480_3152;
v0xabdf8d33d480_3153 .array/port v0xabdf8d33d480, 3153;
v0xabdf8d33d480_3154 .array/port v0xabdf8d33d480, 3154;
v0xabdf8d33d480_3155 .array/port v0xabdf8d33d480, 3155;
v0xabdf8d33d480_3156 .array/port v0xabdf8d33d480, 3156;
E_0xabdf8d0ee570/790 .event anyedge, v0xabdf8d33d480_3153, v0xabdf8d33d480_3154, v0xabdf8d33d480_3155, v0xabdf8d33d480_3156;
v0xabdf8d33d480_3157 .array/port v0xabdf8d33d480, 3157;
v0xabdf8d33d480_3158 .array/port v0xabdf8d33d480, 3158;
v0xabdf8d33d480_3159 .array/port v0xabdf8d33d480, 3159;
v0xabdf8d33d480_3160 .array/port v0xabdf8d33d480, 3160;
E_0xabdf8d0ee570/791 .event anyedge, v0xabdf8d33d480_3157, v0xabdf8d33d480_3158, v0xabdf8d33d480_3159, v0xabdf8d33d480_3160;
v0xabdf8d33d480_3161 .array/port v0xabdf8d33d480, 3161;
v0xabdf8d33d480_3162 .array/port v0xabdf8d33d480, 3162;
v0xabdf8d33d480_3163 .array/port v0xabdf8d33d480, 3163;
v0xabdf8d33d480_3164 .array/port v0xabdf8d33d480, 3164;
E_0xabdf8d0ee570/792 .event anyedge, v0xabdf8d33d480_3161, v0xabdf8d33d480_3162, v0xabdf8d33d480_3163, v0xabdf8d33d480_3164;
v0xabdf8d33d480_3165 .array/port v0xabdf8d33d480, 3165;
v0xabdf8d33d480_3166 .array/port v0xabdf8d33d480, 3166;
v0xabdf8d33d480_3167 .array/port v0xabdf8d33d480, 3167;
v0xabdf8d33d480_3168 .array/port v0xabdf8d33d480, 3168;
E_0xabdf8d0ee570/793 .event anyedge, v0xabdf8d33d480_3165, v0xabdf8d33d480_3166, v0xabdf8d33d480_3167, v0xabdf8d33d480_3168;
v0xabdf8d33d480_3169 .array/port v0xabdf8d33d480, 3169;
v0xabdf8d33d480_3170 .array/port v0xabdf8d33d480, 3170;
v0xabdf8d33d480_3171 .array/port v0xabdf8d33d480, 3171;
v0xabdf8d33d480_3172 .array/port v0xabdf8d33d480, 3172;
E_0xabdf8d0ee570/794 .event anyedge, v0xabdf8d33d480_3169, v0xabdf8d33d480_3170, v0xabdf8d33d480_3171, v0xabdf8d33d480_3172;
v0xabdf8d33d480_3173 .array/port v0xabdf8d33d480, 3173;
v0xabdf8d33d480_3174 .array/port v0xabdf8d33d480, 3174;
v0xabdf8d33d480_3175 .array/port v0xabdf8d33d480, 3175;
v0xabdf8d33d480_3176 .array/port v0xabdf8d33d480, 3176;
E_0xabdf8d0ee570/795 .event anyedge, v0xabdf8d33d480_3173, v0xabdf8d33d480_3174, v0xabdf8d33d480_3175, v0xabdf8d33d480_3176;
v0xabdf8d33d480_3177 .array/port v0xabdf8d33d480, 3177;
v0xabdf8d33d480_3178 .array/port v0xabdf8d33d480, 3178;
v0xabdf8d33d480_3179 .array/port v0xabdf8d33d480, 3179;
v0xabdf8d33d480_3180 .array/port v0xabdf8d33d480, 3180;
E_0xabdf8d0ee570/796 .event anyedge, v0xabdf8d33d480_3177, v0xabdf8d33d480_3178, v0xabdf8d33d480_3179, v0xabdf8d33d480_3180;
v0xabdf8d33d480_3181 .array/port v0xabdf8d33d480, 3181;
v0xabdf8d33d480_3182 .array/port v0xabdf8d33d480, 3182;
v0xabdf8d33d480_3183 .array/port v0xabdf8d33d480, 3183;
v0xabdf8d33d480_3184 .array/port v0xabdf8d33d480, 3184;
E_0xabdf8d0ee570/797 .event anyedge, v0xabdf8d33d480_3181, v0xabdf8d33d480_3182, v0xabdf8d33d480_3183, v0xabdf8d33d480_3184;
v0xabdf8d33d480_3185 .array/port v0xabdf8d33d480, 3185;
v0xabdf8d33d480_3186 .array/port v0xabdf8d33d480, 3186;
v0xabdf8d33d480_3187 .array/port v0xabdf8d33d480, 3187;
v0xabdf8d33d480_3188 .array/port v0xabdf8d33d480, 3188;
E_0xabdf8d0ee570/798 .event anyedge, v0xabdf8d33d480_3185, v0xabdf8d33d480_3186, v0xabdf8d33d480_3187, v0xabdf8d33d480_3188;
v0xabdf8d33d480_3189 .array/port v0xabdf8d33d480, 3189;
v0xabdf8d33d480_3190 .array/port v0xabdf8d33d480, 3190;
v0xabdf8d33d480_3191 .array/port v0xabdf8d33d480, 3191;
v0xabdf8d33d480_3192 .array/port v0xabdf8d33d480, 3192;
E_0xabdf8d0ee570/799 .event anyedge, v0xabdf8d33d480_3189, v0xabdf8d33d480_3190, v0xabdf8d33d480_3191, v0xabdf8d33d480_3192;
v0xabdf8d33d480_3193 .array/port v0xabdf8d33d480, 3193;
v0xabdf8d33d480_3194 .array/port v0xabdf8d33d480, 3194;
v0xabdf8d33d480_3195 .array/port v0xabdf8d33d480, 3195;
v0xabdf8d33d480_3196 .array/port v0xabdf8d33d480, 3196;
E_0xabdf8d0ee570/800 .event anyedge, v0xabdf8d33d480_3193, v0xabdf8d33d480_3194, v0xabdf8d33d480_3195, v0xabdf8d33d480_3196;
v0xabdf8d33d480_3197 .array/port v0xabdf8d33d480, 3197;
v0xabdf8d33d480_3198 .array/port v0xabdf8d33d480, 3198;
v0xabdf8d33d480_3199 .array/port v0xabdf8d33d480, 3199;
v0xabdf8d33d480_3200 .array/port v0xabdf8d33d480, 3200;
E_0xabdf8d0ee570/801 .event anyedge, v0xabdf8d33d480_3197, v0xabdf8d33d480_3198, v0xabdf8d33d480_3199, v0xabdf8d33d480_3200;
v0xabdf8d33d480_3201 .array/port v0xabdf8d33d480, 3201;
v0xabdf8d33d480_3202 .array/port v0xabdf8d33d480, 3202;
v0xabdf8d33d480_3203 .array/port v0xabdf8d33d480, 3203;
v0xabdf8d33d480_3204 .array/port v0xabdf8d33d480, 3204;
E_0xabdf8d0ee570/802 .event anyedge, v0xabdf8d33d480_3201, v0xabdf8d33d480_3202, v0xabdf8d33d480_3203, v0xabdf8d33d480_3204;
v0xabdf8d33d480_3205 .array/port v0xabdf8d33d480, 3205;
v0xabdf8d33d480_3206 .array/port v0xabdf8d33d480, 3206;
v0xabdf8d33d480_3207 .array/port v0xabdf8d33d480, 3207;
v0xabdf8d33d480_3208 .array/port v0xabdf8d33d480, 3208;
E_0xabdf8d0ee570/803 .event anyedge, v0xabdf8d33d480_3205, v0xabdf8d33d480_3206, v0xabdf8d33d480_3207, v0xabdf8d33d480_3208;
v0xabdf8d33d480_3209 .array/port v0xabdf8d33d480, 3209;
v0xabdf8d33d480_3210 .array/port v0xabdf8d33d480, 3210;
v0xabdf8d33d480_3211 .array/port v0xabdf8d33d480, 3211;
v0xabdf8d33d480_3212 .array/port v0xabdf8d33d480, 3212;
E_0xabdf8d0ee570/804 .event anyedge, v0xabdf8d33d480_3209, v0xabdf8d33d480_3210, v0xabdf8d33d480_3211, v0xabdf8d33d480_3212;
v0xabdf8d33d480_3213 .array/port v0xabdf8d33d480, 3213;
v0xabdf8d33d480_3214 .array/port v0xabdf8d33d480, 3214;
v0xabdf8d33d480_3215 .array/port v0xabdf8d33d480, 3215;
v0xabdf8d33d480_3216 .array/port v0xabdf8d33d480, 3216;
E_0xabdf8d0ee570/805 .event anyedge, v0xabdf8d33d480_3213, v0xabdf8d33d480_3214, v0xabdf8d33d480_3215, v0xabdf8d33d480_3216;
v0xabdf8d33d480_3217 .array/port v0xabdf8d33d480, 3217;
v0xabdf8d33d480_3218 .array/port v0xabdf8d33d480, 3218;
v0xabdf8d33d480_3219 .array/port v0xabdf8d33d480, 3219;
v0xabdf8d33d480_3220 .array/port v0xabdf8d33d480, 3220;
E_0xabdf8d0ee570/806 .event anyedge, v0xabdf8d33d480_3217, v0xabdf8d33d480_3218, v0xabdf8d33d480_3219, v0xabdf8d33d480_3220;
v0xabdf8d33d480_3221 .array/port v0xabdf8d33d480, 3221;
v0xabdf8d33d480_3222 .array/port v0xabdf8d33d480, 3222;
v0xabdf8d33d480_3223 .array/port v0xabdf8d33d480, 3223;
v0xabdf8d33d480_3224 .array/port v0xabdf8d33d480, 3224;
E_0xabdf8d0ee570/807 .event anyedge, v0xabdf8d33d480_3221, v0xabdf8d33d480_3222, v0xabdf8d33d480_3223, v0xabdf8d33d480_3224;
v0xabdf8d33d480_3225 .array/port v0xabdf8d33d480, 3225;
v0xabdf8d33d480_3226 .array/port v0xabdf8d33d480, 3226;
v0xabdf8d33d480_3227 .array/port v0xabdf8d33d480, 3227;
v0xabdf8d33d480_3228 .array/port v0xabdf8d33d480, 3228;
E_0xabdf8d0ee570/808 .event anyedge, v0xabdf8d33d480_3225, v0xabdf8d33d480_3226, v0xabdf8d33d480_3227, v0xabdf8d33d480_3228;
v0xabdf8d33d480_3229 .array/port v0xabdf8d33d480, 3229;
v0xabdf8d33d480_3230 .array/port v0xabdf8d33d480, 3230;
v0xabdf8d33d480_3231 .array/port v0xabdf8d33d480, 3231;
v0xabdf8d33d480_3232 .array/port v0xabdf8d33d480, 3232;
E_0xabdf8d0ee570/809 .event anyedge, v0xabdf8d33d480_3229, v0xabdf8d33d480_3230, v0xabdf8d33d480_3231, v0xabdf8d33d480_3232;
v0xabdf8d33d480_3233 .array/port v0xabdf8d33d480, 3233;
v0xabdf8d33d480_3234 .array/port v0xabdf8d33d480, 3234;
v0xabdf8d33d480_3235 .array/port v0xabdf8d33d480, 3235;
v0xabdf8d33d480_3236 .array/port v0xabdf8d33d480, 3236;
E_0xabdf8d0ee570/810 .event anyedge, v0xabdf8d33d480_3233, v0xabdf8d33d480_3234, v0xabdf8d33d480_3235, v0xabdf8d33d480_3236;
v0xabdf8d33d480_3237 .array/port v0xabdf8d33d480, 3237;
v0xabdf8d33d480_3238 .array/port v0xabdf8d33d480, 3238;
v0xabdf8d33d480_3239 .array/port v0xabdf8d33d480, 3239;
v0xabdf8d33d480_3240 .array/port v0xabdf8d33d480, 3240;
E_0xabdf8d0ee570/811 .event anyedge, v0xabdf8d33d480_3237, v0xabdf8d33d480_3238, v0xabdf8d33d480_3239, v0xabdf8d33d480_3240;
v0xabdf8d33d480_3241 .array/port v0xabdf8d33d480, 3241;
v0xabdf8d33d480_3242 .array/port v0xabdf8d33d480, 3242;
v0xabdf8d33d480_3243 .array/port v0xabdf8d33d480, 3243;
v0xabdf8d33d480_3244 .array/port v0xabdf8d33d480, 3244;
E_0xabdf8d0ee570/812 .event anyedge, v0xabdf8d33d480_3241, v0xabdf8d33d480_3242, v0xabdf8d33d480_3243, v0xabdf8d33d480_3244;
v0xabdf8d33d480_3245 .array/port v0xabdf8d33d480, 3245;
v0xabdf8d33d480_3246 .array/port v0xabdf8d33d480, 3246;
v0xabdf8d33d480_3247 .array/port v0xabdf8d33d480, 3247;
v0xabdf8d33d480_3248 .array/port v0xabdf8d33d480, 3248;
E_0xabdf8d0ee570/813 .event anyedge, v0xabdf8d33d480_3245, v0xabdf8d33d480_3246, v0xabdf8d33d480_3247, v0xabdf8d33d480_3248;
v0xabdf8d33d480_3249 .array/port v0xabdf8d33d480, 3249;
v0xabdf8d33d480_3250 .array/port v0xabdf8d33d480, 3250;
v0xabdf8d33d480_3251 .array/port v0xabdf8d33d480, 3251;
v0xabdf8d33d480_3252 .array/port v0xabdf8d33d480, 3252;
E_0xabdf8d0ee570/814 .event anyedge, v0xabdf8d33d480_3249, v0xabdf8d33d480_3250, v0xabdf8d33d480_3251, v0xabdf8d33d480_3252;
v0xabdf8d33d480_3253 .array/port v0xabdf8d33d480, 3253;
v0xabdf8d33d480_3254 .array/port v0xabdf8d33d480, 3254;
v0xabdf8d33d480_3255 .array/port v0xabdf8d33d480, 3255;
v0xabdf8d33d480_3256 .array/port v0xabdf8d33d480, 3256;
E_0xabdf8d0ee570/815 .event anyedge, v0xabdf8d33d480_3253, v0xabdf8d33d480_3254, v0xabdf8d33d480_3255, v0xabdf8d33d480_3256;
v0xabdf8d33d480_3257 .array/port v0xabdf8d33d480, 3257;
v0xabdf8d33d480_3258 .array/port v0xabdf8d33d480, 3258;
v0xabdf8d33d480_3259 .array/port v0xabdf8d33d480, 3259;
v0xabdf8d33d480_3260 .array/port v0xabdf8d33d480, 3260;
E_0xabdf8d0ee570/816 .event anyedge, v0xabdf8d33d480_3257, v0xabdf8d33d480_3258, v0xabdf8d33d480_3259, v0xabdf8d33d480_3260;
v0xabdf8d33d480_3261 .array/port v0xabdf8d33d480, 3261;
v0xabdf8d33d480_3262 .array/port v0xabdf8d33d480, 3262;
v0xabdf8d33d480_3263 .array/port v0xabdf8d33d480, 3263;
v0xabdf8d33d480_3264 .array/port v0xabdf8d33d480, 3264;
E_0xabdf8d0ee570/817 .event anyedge, v0xabdf8d33d480_3261, v0xabdf8d33d480_3262, v0xabdf8d33d480_3263, v0xabdf8d33d480_3264;
v0xabdf8d33d480_3265 .array/port v0xabdf8d33d480, 3265;
v0xabdf8d33d480_3266 .array/port v0xabdf8d33d480, 3266;
v0xabdf8d33d480_3267 .array/port v0xabdf8d33d480, 3267;
v0xabdf8d33d480_3268 .array/port v0xabdf8d33d480, 3268;
E_0xabdf8d0ee570/818 .event anyedge, v0xabdf8d33d480_3265, v0xabdf8d33d480_3266, v0xabdf8d33d480_3267, v0xabdf8d33d480_3268;
v0xabdf8d33d480_3269 .array/port v0xabdf8d33d480, 3269;
v0xabdf8d33d480_3270 .array/port v0xabdf8d33d480, 3270;
v0xabdf8d33d480_3271 .array/port v0xabdf8d33d480, 3271;
v0xabdf8d33d480_3272 .array/port v0xabdf8d33d480, 3272;
E_0xabdf8d0ee570/819 .event anyedge, v0xabdf8d33d480_3269, v0xabdf8d33d480_3270, v0xabdf8d33d480_3271, v0xabdf8d33d480_3272;
v0xabdf8d33d480_3273 .array/port v0xabdf8d33d480, 3273;
v0xabdf8d33d480_3274 .array/port v0xabdf8d33d480, 3274;
v0xabdf8d33d480_3275 .array/port v0xabdf8d33d480, 3275;
v0xabdf8d33d480_3276 .array/port v0xabdf8d33d480, 3276;
E_0xabdf8d0ee570/820 .event anyedge, v0xabdf8d33d480_3273, v0xabdf8d33d480_3274, v0xabdf8d33d480_3275, v0xabdf8d33d480_3276;
v0xabdf8d33d480_3277 .array/port v0xabdf8d33d480, 3277;
v0xabdf8d33d480_3278 .array/port v0xabdf8d33d480, 3278;
v0xabdf8d33d480_3279 .array/port v0xabdf8d33d480, 3279;
v0xabdf8d33d480_3280 .array/port v0xabdf8d33d480, 3280;
E_0xabdf8d0ee570/821 .event anyedge, v0xabdf8d33d480_3277, v0xabdf8d33d480_3278, v0xabdf8d33d480_3279, v0xabdf8d33d480_3280;
v0xabdf8d33d480_3281 .array/port v0xabdf8d33d480, 3281;
v0xabdf8d33d480_3282 .array/port v0xabdf8d33d480, 3282;
v0xabdf8d33d480_3283 .array/port v0xabdf8d33d480, 3283;
v0xabdf8d33d480_3284 .array/port v0xabdf8d33d480, 3284;
E_0xabdf8d0ee570/822 .event anyedge, v0xabdf8d33d480_3281, v0xabdf8d33d480_3282, v0xabdf8d33d480_3283, v0xabdf8d33d480_3284;
v0xabdf8d33d480_3285 .array/port v0xabdf8d33d480, 3285;
v0xabdf8d33d480_3286 .array/port v0xabdf8d33d480, 3286;
v0xabdf8d33d480_3287 .array/port v0xabdf8d33d480, 3287;
v0xabdf8d33d480_3288 .array/port v0xabdf8d33d480, 3288;
E_0xabdf8d0ee570/823 .event anyedge, v0xabdf8d33d480_3285, v0xabdf8d33d480_3286, v0xabdf8d33d480_3287, v0xabdf8d33d480_3288;
v0xabdf8d33d480_3289 .array/port v0xabdf8d33d480, 3289;
v0xabdf8d33d480_3290 .array/port v0xabdf8d33d480, 3290;
v0xabdf8d33d480_3291 .array/port v0xabdf8d33d480, 3291;
v0xabdf8d33d480_3292 .array/port v0xabdf8d33d480, 3292;
E_0xabdf8d0ee570/824 .event anyedge, v0xabdf8d33d480_3289, v0xabdf8d33d480_3290, v0xabdf8d33d480_3291, v0xabdf8d33d480_3292;
v0xabdf8d33d480_3293 .array/port v0xabdf8d33d480, 3293;
v0xabdf8d33d480_3294 .array/port v0xabdf8d33d480, 3294;
v0xabdf8d33d480_3295 .array/port v0xabdf8d33d480, 3295;
v0xabdf8d33d480_3296 .array/port v0xabdf8d33d480, 3296;
E_0xabdf8d0ee570/825 .event anyedge, v0xabdf8d33d480_3293, v0xabdf8d33d480_3294, v0xabdf8d33d480_3295, v0xabdf8d33d480_3296;
v0xabdf8d33d480_3297 .array/port v0xabdf8d33d480, 3297;
v0xabdf8d33d480_3298 .array/port v0xabdf8d33d480, 3298;
v0xabdf8d33d480_3299 .array/port v0xabdf8d33d480, 3299;
v0xabdf8d33d480_3300 .array/port v0xabdf8d33d480, 3300;
E_0xabdf8d0ee570/826 .event anyedge, v0xabdf8d33d480_3297, v0xabdf8d33d480_3298, v0xabdf8d33d480_3299, v0xabdf8d33d480_3300;
v0xabdf8d33d480_3301 .array/port v0xabdf8d33d480, 3301;
v0xabdf8d33d480_3302 .array/port v0xabdf8d33d480, 3302;
v0xabdf8d33d480_3303 .array/port v0xabdf8d33d480, 3303;
v0xabdf8d33d480_3304 .array/port v0xabdf8d33d480, 3304;
E_0xabdf8d0ee570/827 .event anyedge, v0xabdf8d33d480_3301, v0xabdf8d33d480_3302, v0xabdf8d33d480_3303, v0xabdf8d33d480_3304;
v0xabdf8d33d480_3305 .array/port v0xabdf8d33d480, 3305;
v0xabdf8d33d480_3306 .array/port v0xabdf8d33d480, 3306;
v0xabdf8d33d480_3307 .array/port v0xabdf8d33d480, 3307;
v0xabdf8d33d480_3308 .array/port v0xabdf8d33d480, 3308;
E_0xabdf8d0ee570/828 .event anyedge, v0xabdf8d33d480_3305, v0xabdf8d33d480_3306, v0xabdf8d33d480_3307, v0xabdf8d33d480_3308;
v0xabdf8d33d480_3309 .array/port v0xabdf8d33d480, 3309;
v0xabdf8d33d480_3310 .array/port v0xabdf8d33d480, 3310;
v0xabdf8d33d480_3311 .array/port v0xabdf8d33d480, 3311;
v0xabdf8d33d480_3312 .array/port v0xabdf8d33d480, 3312;
E_0xabdf8d0ee570/829 .event anyedge, v0xabdf8d33d480_3309, v0xabdf8d33d480_3310, v0xabdf8d33d480_3311, v0xabdf8d33d480_3312;
v0xabdf8d33d480_3313 .array/port v0xabdf8d33d480, 3313;
v0xabdf8d33d480_3314 .array/port v0xabdf8d33d480, 3314;
v0xabdf8d33d480_3315 .array/port v0xabdf8d33d480, 3315;
v0xabdf8d33d480_3316 .array/port v0xabdf8d33d480, 3316;
E_0xabdf8d0ee570/830 .event anyedge, v0xabdf8d33d480_3313, v0xabdf8d33d480_3314, v0xabdf8d33d480_3315, v0xabdf8d33d480_3316;
v0xabdf8d33d480_3317 .array/port v0xabdf8d33d480, 3317;
v0xabdf8d33d480_3318 .array/port v0xabdf8d33d480, 3318;
v0xabdf8d33d480_3319 .array/port v0xabdf8d33d480, 3319;
v0xabdf8d33d480_3320 .array/port v0xabdf8d33d480, 3320;
E_0xabdf8d0ee570/831 .event anyedge, v0xabdf8d33d480_3317, v0xabdf8d33d480_3318, v0xabdf8d33d480_3319, v0xabdf8d33d480_3320;
v0xabdf8d33d480_3321 .array/port v0xabdf8d33d480, 3321;
v0xabdf8d33d480_3322 .array/port v0xabdf8d33d480, 3322;
v0xabdf8d33d480_3323 .array/port v0xabdf8d33d480, 3323;
v0xabdf8d33d480_3324 .array/port v0xabdf8d33d480, 3324;
E_0xabdf8d0ee570/832 .event anyedge, v0xabdf8d33d480_3321, v0xabdf8d33d480_3322, v0xabdf8d33d480_3323, v0xabdf8d33d480_3324;
v0xabdf8d33d480_3325 .array/port v0xabdf8d33d480, 3325;
v0xabdf8d33d480_3326 .array/port v0xabdf8d33d480, 3326;
v0xabdf8d33d480_3327 .array/port v0xabdf8d33d480, 3327;
v0xabdf8d33d480_3328 .array/port v0xabdf8d33d480, 3328;
E_0xabdf8d0ee570/833 .event anyedge, v0xabdf8d33d480_3325, v0xabdf8d33d480_3326, v0xabdf8d33d480_3327, v0xabdf8d33d480_3328;
v0xabdf8d33d480_3329 .array/port v0xabdf8d33d480, 3329;
v0xabdf8d33d480_3330 .array/port v0xabdf8d33d480, 3330;
v0xabdf8d33d480_3331 .array/port v0xabdf8d33d480, 3331;
v0xabdf8d33d480_3332 .array/port v0xabdf8d33d480, 3332;
E_0xabdf8d0ee570/834 .event anyedge, v0xabdf8d33d480_3329, v0xabdf8d33d480_3330, v0xabdf8d33d480_3331, v0xabdf8d33d480_3332;
v0xabdf8d33d480_3333 .array/port v0xabdf8d33d480, 3333;
v0xabdf8d33d480_3334 .array/port v0xabdf8d33d480, 3334;
v0xabdf8d33d480_3335 .array/port v0xabdf8d33d480, 3335;
v0xabdf8d33d480_3336 .array/port v0xabdf8d33d480, 3336;
E_0xabdf8d0ee570/835 .event anyedge, v0xabdf8d33d480_3333, v0xabdf8d33d480_3334, v0xabdf8d33d480_3335, v0xabdf8d33d480_3336;
v0xabdf8d33d480_3337 .array/port v0xabdf8d33d480, 3337;
v0xabdf8d33d480_3338 .array/port v0xabdf8d33d480, 3338;
v0xabdf8d33d480_3339 .array/port v0xabdf8d33d480, 3339;
v0xabdf8d33d480_3340 .array/port v0xabdf8d33d480, 3340;
E_0xabdf8d0ee570/836 .event anyedge, v0xabdf8d33d480_3337, v0xabdf8d33d480_3338, v0xabdf8d33d480_3339, v0xabdf8d33d480_3340;
v0xabdf8d33d480_3341 .array/port v0xabdf8d33d480, 3341;
v0xabdf8d33d480_3342 .array/port v0xabdf8d33d480, 3342;
v0xabdf8d33d480_3343 .array/port v0xabdf8d33d480, 3343;
v0xabdf8d33d480_3344 .array/port v0xabdf8d33d480, 3344;
E_0xabdf8d0ee570/837 .event anyedge, v0xabdf8d33d480_3341, v0xabdf8d33d480_3342, v0xabdf8d33d480_3343, v0xabdf8d33d480_3344;
v0xabdf8d33d480_3345 .array/port v0xabdf8d33d480, 3345;
v0xabdf8d33d480_3346 .array/port v0xabdf8d33d480, 3346;
v0xabdf8d33d480_3347 .array/port v0xabdf8d33d480, 3347;
v0xabdf8d33d480_3348 .array/port v0xabdf8d33d480, 3348;
E_0xabdf8d0ee570/838 .event anyedge, v0xabdf8d33d480_3345, v0xabdf8d33d480_3346, v0xabdf8d33d480_3347, v0xabdf8d33d480_3348;
v0xabdf8d33d480_3349 .array/port v0xabdf8d33d480, 3349;
v0xabdf8d33d480_3350 .array/port v0xabdf8d33d480, 3350;
v0xabdf8d33d480_3351 .array/port v0xabdf8d33d480, 3351;
v0xabdf8d33d480_3352 .array/port v0xabdf8d33d480, 3352;
E_0xabdf8d0ee570/839 .event anyedge, v0xabdf8d33d480_3349, v0xabdf8d33d480_3350, v0xabdf8d33d480_3351, v0xabdf8d33d480_3352;
v0xabdf8d33d480_3353 .array/port v0xabdf8d33d480, 3353;
v0xabdf8d33d480_3354 .array/port v0xabdf8d33d480, 3354;
v0xabdf8d33d480_3355 .array/port v0xabdf8d33d480, 3355;
v0xabdf8d33d480_3356 .array/port v0xabdf8d33d480, 3356;
E_0xabdf8d0ee570/840 .event anyedge, v0xabdf8d33d480_3353, v0xabdf8d33d480_3354, v0xabdf8d33d480_3355, v0xabdf8d33d480_3356;
v0xabdf8d33d480_3357 .array/port v0xabdf8d33d480, 3357;
v0xabdf8d33d480_3358 .array/port v0xabdf8d33d480, 3358;
v0xabdf8d33d480_3359 .array/port v0xabdf8d33d480, 3359;
v0xabdf8d33d480_3360 .array/port v0xabdf8d33d480, 3360;
E_0xabdf8d0ee570/841 .event anyedge, v0xabdf8d33d480_3357, v0xabdf8d33d480_3358, v0xabdf8d33d480_3359, v0xabdf8d33d480_3360;
v0xabdf8d33d480_3361 .array/port v0xabdf8d33d480, 3361;
v0xabdf8d33d480_3362 .array/port v0xabdf8d33d480, 3362;
v0xabdf8d33d480_3363 .array/port v0xabdf8d33d480, 3363;
v0xabdf8d33d480_3364 .array/port v0xabdf8d33d480, 3364;
E_0xabdf8d0ee570/842 .event anyedge, v0xabdf8d33d480_3361, v0xabdf8d33d480_3362, v0xabdf8d33d480_3363, v0xabdf8d33d480_3364;
v0xabdf8d33d480_3365 .array/port v0xabdf8d33d480, 3365;
v0xabdf8d33d480_3366 .array/port v0xabdf8d33d480, 3366;
v0xabdf8d33d480_3367 .array/port v0xabdf8d33d480, 3367;
v0xabdf8d33d480_3368 .array/port v0xabdf8d33d480, 3368;
E_0xabdf8d0ee570/843 .event anyedge, v0xabdf8d33d480_3365, v0xabdf8d33d480_3366, v0xabdf8d33d480_3367, v0xabdf8d33d480_3368;
v0xabdf8d33d480_3369 .array/port v0xabdf8d33d480, 3369;
v0xabdf8d33d480_3370 .array/port v0xabdf8d33d480, 3370;
v0xabdf8d33d480_3371 .array/port v0xabdf8d33d480, 3371;
v0xabdf8d33d480_3372 .array/port v0xabdf8d33d480, 3372;
E_0xabdf8d0ee570/844 .event anyedge, v0xabdf8d33d480_3369, v0xabdf8d33d480_3370, v0xabdf8d33d480_3371, v0xabdf8d33d480_3372;
v0xabdf8d33d480_3373 .array/port v0xabdf8d33d480, 3373;
v0xabdf8d33d480_3374 .array/port v0xabdf8d33d480, 3374;
v0xabdf8d33d480_3375 .array/port v0xabdf8d33d480, 3375;
v0xabdf8d33d480_3376 .array/port v0xabdf8d33d480, 3376;
E_0xabdf8d0ee570/845 .event anyedge, v0xabdf8d33d480_3373, v0xabdf8d33d480_3374, v0xabdf8d33d480_3375, v0xabdf8d33d480_3376;
v0xabdf8d33d480_3377 .array/port v0xabdf8d33d480, 3377;
v0xabdf8d33d480_3378 .array/port v0xabdf8d33d480, 3378;
v0xabdf8d33d480_3379 .array/port v0xabdf8d33d480, 3379;
v0xabdf8d33d480_3380 .array/port v0xabdf8d33d480, 3380;
E_0xabdf8d0ee570/846 .event anyedge, v0xabdf8d33d480_3377, v0xabdf8d33d480_3378, v0xabdf8d33d480_3379, v0xabdf8d33d480_3380;
v0xabdf8d33d480_3381 .array/port v0xabdf8d33d480, 3381;
v0xabdf8d33d480_3382 .array/port v0xabdf8d33d480, 3382;
v0xabdf8d33d480_3383 .array/port v0xabdf8d33d480, 3383;
v0xabdf8d33d480_3384 .array/port v0xabdf8d33d480, 3384;
E_0xabdf8d0ee570/847 .event anyedge, v0xabdf8d33d480_3381, v0xabdf8d33d480_3382, v0xabdf8d33d480_3383, v0xabdf8d33d480_3384;
v0xabdf8d33d480_3385 .array/port v0xabdf8d33d480, 3385;
v0xabdf8d33d480_3386 .array/port v0xabdf8d33d480, 3386;
v0xabdf8d33d480_3387 .array/port v0xabdf8d33d480, 3387;
v0xabdf8d33d480_3388 .array/port v0xabdf8d33d480, 3388;
E_0xabdf8d0ee570/848 .event anyedge, v0xabdf8d33d480_3385, v0xabdf8d33d480_3386, v0xabdf8d33d480_3387, v0xabdf8d33d480_3388;
v0xabdf8d33d480_3389 .array/port v0xabdf8d33d480, 3389;
v0xabdf8d33d480_3390 .array/port v0xabdf8d33d480, 3390;
v0xabdf8d33d480_3391 .array/port v0xabdf8d33d480, 3391;
v0xabdf8d33d480_3392 .array/port v0xabdf8d33d480, 3392;
E_0xabdf8d0ee570/849 .event anyedge, v0xabdf8d33d480_3389, v0xabdf8d33d480_3390, v0xabdf8d33d480_3391, v0xabdf8d33d480_3392;
v0xabdf8d33d480_3393 .array/port v0xabdf8d33d480, 3393;
v0xabdf8d33d480_3394 .array/port v0xabdf8d33d480, 3394;
v0xabdf8d33d480_3395 .array/port v0xabdf8d33d480, 3395;
v0xabdf8d33d480_3396 .array/port v0xabdf8d33d480, 3396;
E_0xabdf8d0ee570/850 .event anyedge, v0xabdf8d33d480_3393, v0xabdf8d33d480_3394, v0xabdf8d33d480_3395, v0xabdf8d33d480_3396;
v0xabdf8d33d480_3397 .array/port v0xabdf8d33d480, 3397;
v0xabdf8d33d480_3398 .array/port v0xabdf8d33d480, 3398;
v0xabdf8d33d480_3399 .array/port v0xabdf8d33d480, 3399;
v0xabdf8d33d480_3400 .array/port v0xabdf8d33d480, 3400;
E_0xabdf8d0ee570/851 .event anyedge, v0xabdf8d33d480_3397, v0xabdf8d33d480_3398, v0xabdf8d33d480_3399, v0xabdf8d33d480_3400;
v0xabdf8d33d480_3401 .array/port v0xabdf8d33d480, 3401;
v0xabdf8d33d480_3402 .array/port v0xabdf8d33d480, 3402;
v0xabdf8d33d480_3403 .array/port v0xabdf8d33d480, 3403;
v0xabdf8d33d480_3404 .array/port v0xabdf8d33d480, 3404;
E_0xabdf8d0ee570/852 .event anyedge, v0xabdf8d33d480_3401, v0xabdf8d33d480_3402, v0xabdf8d33d480_3403, v0xabdf8d33d480_3404;
v0xabdf8d33d480_3405 .array/port v0xabdf8d33d480, 3405;
v0xabdf8d33d480_3406 .array/port v0xabdf8d33d480, 3406;
v0xabdf8d33d480_3407 .array/port v0xabdf8d33d480, 3407;
v0xabdf8d33d480_3408 .array/port v0xabdf8d33d480, 3408;
E_0xabdf8d0ee570/853 .event anyedge, v0xabdf8d33d480_3405, v0xabdf8d33d480_3406, v0xabdf8d33d480_3407, v0xabdf8d33d480_3408;
v0xabdf8d33d480_3409 .array/port v0xabdf8d33d480, 3409;
v0xabdf8d33d480_3410 .array/port v0xabdf8d33d480, 3410;
v0xabdf8d33d480_3411 .array/port v0xabdf8d33d480, 3411;
v0xabdf8d33d480_3412 .array/port v0xabdf8d33d480, 3412;
E_0xabdf8d0ee570/854 .event anyedge, v0xabdf8d33d480_3409, v0xabdf8d33d480_3410, v0xabdf8d33d480_3411, v0xabdf8d33d480_3412;
v0xabdf8d33d480_3413 .array/port v0xabdf8d33d480, 3413;
v0xabdf8d33d480_3414 .array/port v0xabdf8d33d480, 3414;
v0xabdf8d33d480_3415 .array/port v0xabdf8d33d480, 3415;
v0xabdf8d33d480_3416 .array/port v0xabdf8d33d480, 3416;
E_0xabdf8d0ee570/855 .event anyedge, v0xabdf8d33d480_3413, v0xabdf8d33d480_3414, v0xabdf8d33d480_3415, v0xabdf8d33d480_3416;
v0xabdf8d33d480_3417 .array/port v0xabdf8d33d480, 3417;
v0xabdf8d33d480_3418 .array/port v0xabdf8d33d480, 3418;
v0xabdf8d33d480_3419 .array/port v0xabdf8d33d480, 3419;
v0xabdf8d33d480_3420 .array/port v0xabdf8d33d480, 3420;
E_0xabdf8d0ee570/856 .event anyedge, v0xabdf8d33d480_3417, v0xabdf8d33d480_3418, v0xabdf8d33d480_3419, v0xabdf8d33d480_3420;
v0xabdf8d33d480_3421 .array/port v0xabdf8d33d480, 3421;
v0xabdf8d33d480_3422 .array/port v0xabdf8d33d480, 3422;
v0xabdf8d33d480_3423 .array/port v0xabdf8d33d480, 3423;
v0xabdf8d33d480_3424 .array/port v0xabdf8d33d480, 3424;
E_0xabdf8d0ee570/857 .event anyedge, v0xabdf8d33d480_3421, v0xabdf8d33d480_3422, v0xabdf8d33d480_3423, v0xabdf8d33d480_3424;
v0xabdf8d33d480_3425 .array/port v0xabdf8d33d480, 3425;
v0xabdf8d33d480_3426 .array/port v0xabdf8d33d480, 3426;
v0xabdf8d33d480_3427 .array/port v0xabdf8d33d480, 3427;
v0xabdf8d33d480_3428 .array/port v0xabdf8d33d480, 3428;
E_0xabdf8d0ee570/858 .event anyedge, v0xabdf8d33d480_3425, v0xabdf8d33d480_3426, v0xabdf8d33d480_3427, v0xabdf8d33d480_3428;
v0xabdf8d33d480_3429 .array/port v0xabdf8d33d480, 3429;
v0xabdf8d33d480_3430 .array/port v0xabdf8d33d480, 3430;
v0xabdf8d33d480_3431 .array/port v0xabdf8d33d480, 3431;
v0xabdf8d33d480_3432 .array/port v0xabdf8d33d480, 3432;
E_0xabdf8d0ee570/859 .event anyedge, v0xabdf8d33d480_3429, v0xabdf8d33d480_3430, v0xabdf8d33d480_3431, v0xabdf8d33d480_3432;
v0xabdf8d33d480_3433 .array/port v0xabdf8d33d480, 3433;
v0xabdf8d33d480_3434 .array/port v0xabdf8d33d480, 3434;
v0xabdf8d33d480_3435 .array/port v0xabdf8d33d480, 3435;
v0xabdf8d33d480_3436 .array/port v0xabdf8d33d480, 3436;
E_0xabdf8d0ee570/860 .event anyedge, v0xabdf8d33d480_3433, v0xabdf8d33d480_3434, v0xabdf8d33d480_3435, v0xabdf8d33d480_3436;
v0xabdf8d33d480_3437 .array/port v0xabdf8d33d480, 3437;
v0xabdf8d33d480_3438 .array/port v0xabdf8d33d480, 3438;
v0xabdf8d33d480_3439 .array/port v0xabdf8d33d480, 3439;
v0xabdf8d33d480_3440 .array/port v0xabdf8d33d480, 3440;
E_0xabdf8d0ee570/861 .event anyedge, v0xabdf8d33d480_3437, v0xabdf8d33d480_3438, v0xabdf8d33d480_3439, v0xabdf8d33d480_3440;
v0xabdf8d33d480_3441 .array/port v0xabdf8d33d480, 3441;
v0xabdf8d33d480_3442 .array/port v0xabdf8d33d480, 3442;
v0xabdf8d33d480_3443 .array/port v0xabdf8d33d480, 3443;
v0xabdf8d33d480_3444 .array/port v0xabdf8d33d480, 3444;
E_0xabdf8d0ee570/862 .event anyedge, v0xabdf8d33d480_3441, v0xabdf8d33d480_3442, v0xabdf8d33d480_3443, v0xabdf8d33d480_3444;
v0xabdf8d33d480_3445 .array/port v0xabdf8d33d480, 3445;
v0xabdf8d33d480_3446 .array/port v0xabdf8d33d480, 3446;
v0xabdf8d33d480_3447 .array/port v0xabdf8d33d480, 3447;
v0xabdf8d33d480_3448 .array/port v0xabdf8d33d480, 3448;
E_0xabdf8d0ee570/863 .event anyedge, v0xabdf8d33d480_3445, v0xabdf8d33d480_3446, v0xabdf8d33d480_3447, v0xabdf8d33d480_3448;
v0xabdf8d33d480_3449 .array/port v0xabdf8d33d480, 3449;
v0xabdf8d33d480_3450 .array/port v0xabdf8d33d480, 3450;
v0xabdf8d33d480_3451 .array/port v0xabdf8d33d480, 3451;
v0xabdf8d33d480_3452 .array/port v0xabdf8d33d480, 3452;
E_0xabdf8d0ee570/864 .event anyedge, v0xabdf8d33d480_3449, v0xabdf8d33d480_3450, v0xabdf8d33d480_3451, v0xabdf8d33d480_3452;
v0xabdf8d33d480_3453 .array/port v0xabdf8d33d480, 3453;
v0xabdf8d33d480_3454 .array/port v0xabdf8d33d480, 3454;
v0xabdf8d33d480_3455 .array/port v0xabdf8d33d480, 3455;
v0xabdf8d33d480_3456 .array/port v0xabdf8d33d480, 3456;
E_0xabdf8d0ee570/865 .event anyedge, v0xabdf8d33d480_3453, v0xabdf8d33d480_3454, v0xabdf8d33d480_3455, v0xabdf8d33d480_3456;
v0xabdf8d33d480_3457 .array/port v0xabdf8d33d480, 3457;
v0xabdf8d33d480_3458 .array/port v0xabdf8d33d480, 3458;
v0xabdf8d33d480_3459 .array/port v0xabdf8d33d480, 3459;
v0xabdf8d33d480_3460 .array/port v0xabdf8d33d480, 3460;
E_0xabdf8d0ee570/866 .event anyedge, v0xabdf8d33d480_3457, v0xabdf8d33d480_3458, v0xabdf8d33d480_3459, v0xabdf8d33d480_3460;
v0xabdf8d33d480_3461 .array/port v0xabdf8d33d480, 3461;
v0xabdf8d33d480_3462 .array/port v0xabdf8d33d480, 3462;
v0xabdf8d33d480_3463 .array/port v0xabdf8d33d480, 3463;
v0xabdf8d33d480_3464 .array/port v0xabdf8d33d480, 3464;
E_0xabdf8d0ee570/867 .event anyedge, v0xabdf8d33d480_3461, v0xabdf8d33d480_3462, v0xabdf8d33d480_3463, v0xabdf8d33d480_3464;
v0xabdf8d33d480_3465 .array/port v0xabdf8d33d480, 3465;
v0xabdf8d33d480_3466 .array/port v0xabdf8d33d480, 3466;
v0xabdf8d33d480_3467 .array/port v0xabdf8d33d480, 3467;
v0xabdf8d33d480_3468 .array/port v0xabdf8d33d480, 3468;
E_0xabdf8d0ee570/868 .event anyedge, v0xabdf8d33d480_3465, v0xabdf8d33d480_3466, v0xabdf8d33d480_3467, v0xabdf8d33d480_3468;
v0xabdf8d33d480_3469 .array/port v0xabdf8d33d480, 3469;
v0xabdf8d33d480_3470 .array/port v0xabdf8d33d480, 3470;
v0xabdf8d33d480_3471 .array/port v0xabdf8d33d480, 3471;
v0xabdf8d33d480_3472 .array/port v0xabdf8d33d480, 3472;
E_0xabdf8d0ee570/869 .event anyedge, v0xabdf8d33d480_3469, v0xabdf8d33d480_3470, v0xabdf8d33d480_3471, v0xabdf8d33d480_3472;
v0xabdf8d33d480_3473 .array/port v0xabdf8d33d480, 3473;
v0xabdf8d33d480_3474 .array/port v0xabdf8d33d480, 3474;
v0xabdf8d33d480_3475 .array/port v0xabdf8d33d480, 3475;
v0xabdf8d33d480_3476 .array/port v0xabdf8d33d480, 3476;
E_0xabdf8d0ee570/870 .event anyedge, v0xabdf8d33d480_3473, v0xabdf8d33d480_3474, v0xabdf8d33d480_3475, v0xabdf8d33d480_3476;
v0xabdf8d33d480_3477 .array/port v0xabdf8d33d480, 3477;
v0xabdf8d33d480_3478 .array/port v0xabdf8d33d480, 3478;
v0xabdf8d33d480_3479 .array/port v0xabdf8d33d480, 3479;
v0xabdf8d33d480_3480 .array/port v0xabdf8d33d480, 3480;
E_0xabdf8d0ee570/871 .event anyedge, v0xabdf8d33d480_3477, v0xabdf8d33d480_3478, v0xabdf8d33d480_3479, v0xabdf8d33d480_3480;
v0xabdf8d33d480_3481 .array/port v0xabdf8d33d480, 3481;
v0xabdf8d33d480_3482 .array/port v0xabdf8d33d480, 3482;
v0xabdf8d33d480_3483 .array/port v0xabdf8d33d480, 3483;
v0xabdf8d33d480_3484 .array/port v0xabdf8d33d480, 3484;
E_0xabdf8d0ee570/872 .event anyedge, v0xabdf8d33d480_3481, v0xabdf8d33d480_3482, v0xabdf8d33d480_3483, v0xabdf8d33d480_3484;
v0xabdf8d33d480_3485 .array/port v0xabdf8d33d480, 3485;
v0xabdf8d33d480_3486 .array/port v0xabdf8d33d480, 3486;
v0xabdf8d33d480_3487 .array/port v0xabdf8d33d480, 3487;
v0xabdf8d33d480_3488 .array/port v0xabdf8d33d480, 3488;
E_0xabdf8d0ee570/873 .event anyedge, v0xabdf8d33d480_3485, v0xabdf8d33d480_3486, v0xabdf8d33d480_3487, v0xabdf8d33d480_3488;
v0xabdf8d33d480_3489 .array/port v0xabdf8d33d480, 3489;
v0xabdf8d33d480_3490 .array/port v0xabdf8d33d480, 3490;
v0xabdf8d33d480_3491 .array/port v0xabdf8d33d480, 3491;
v0xabdf8d33d480_3492 .array/port v0xabdf8d33d480, 3492;
E_0xabdf8d0ee570/874 .event anyedge, v0xabdf8d33d480_3489, v0xabdf8d33d480_3490, v0xabdf8d33d480_3491, v0xabdf8d33d480_3492;
v0xabdf8d33d480_3493 .array/port v0xabdf8d33d480, 3493;
v0xabdf8d33d480_3494 .array/port v0xabdf8d33d480, 3494;
v0xabdf8d33d480_3495 .array/port v0xabdf8d33d480, 3495;
v0xabdf8d33d480_3496 .array/port v0xabdf8d33d480, 3496;
E_0xabdf8d0ee570/875 .event anyedge, v0xabdf8d33d480_3493, v0xabdf8d33d480_3494, v0xabdf8d33d480_3495, v0xabdf8d33d480_3496;
v0xabdf8d33d480_3497 .array/port v0xabdf8d33d480, 3497;
v0xabdf8d33d480_3498 .array/port v0xabdf8d33d480, 3498;
v0xabdf8d33d480_3499 .array/port v0xabdf8d33d480, 3499;
v0xabdf8d33d480_3500 .array/port v0xabdf8d33d480, 3500;
E_0xabdf8d0ee570/876 .event anyedge, v0xabdf8d33d480_3497, v0xabdf8d33d480_3498, v0xabdf8d33d480_3499, v0xabdf8d33d480_3500;
v0xabdf8d33d480_3501 .array/port v0xabdf8d33d480, 3501;
v0xabdf8d33d480_3502 .array/port v0xabdf8d33d480, 3502;
v0xabdf8d33d480_3503 .array/port v0xabdf8d33d480, 3503;
v0xabdf8d33d480_3504 .array/port v0xabdf8d33d480, 3504;
E_0xabdf8d0ee570/877 .event anyedge, v0xabdf8d33d480_3501, v0xabdf8d33d480_3502, v0xabdf8d33d480_3503, v0xabdf8d33d480_3504;
v0xabdf8d33d480_3505 .array/port v0xabdf8d33d480, 3505;
v0xabdf8d33d480_3506 .array/port v0xabdf8d33d480, 3506;
v0xabdf8d33d480_3507 .array/port v0xabdf8d33d480, 3507;
v0xabdf8d33d480_3508 .array/port v0xabdf8d33d480, 3508;
E_0xabdf8d0ee570/878 .event anyedge, v0xabdf8d33d480_3505, v0xabdf8d33d480_3506, v0xabdf8d33d480_3507, v0xabdf8d33d480_3508;
v0xabdf8d33d480_3509 .array/port v0xabdf8d33d480, 3509;
v0xabdf8d33d480_3510 .array/port v0xabdf8d33d480, 3510;
v0xabdf8d33d480_3511 .array/port v0xabdf8d33d480, 3511;
v0xabdf8d33d480_3512 .array/port v0xabdf8d33d480, 3512;
E_0xabdf8d0ee570/879 .event anyedge, v0xabdf8d33d480_3509, v0xabdf8d33d480_3510, v0xabdf8d33d480_3511, v0xabdf8d33d480_3512;
v0xabdf8d33d480_3513 .array/port v0xabdf8d33d480, 3513;
v0xabdf8d33d480_3514 .array/port v0xabdf8d33d480, 3514;
v0xabdf8d33d480_3515 .array/port v0xabdf8d33d480, 3515;
v0xabdf8d33d480_3516 .array/port v0xabdf8d33d480, 3516;
E_0xabdf8d0ee570/880 .event anyedge, v0xabdf8d33d480_3513, v0xabdf8d33d480_3514, v0xabdf8d33d480_3515, v0xabdf8d33d480_3516;
v0xabdf8d33d480_3517 .array/port v0xabdf8d33d480, 3517;
v0xabdf8d33d480_3518 .array/port v0xabdf8d33d480, 3518;
v0xabdf8d33d480_3519 .array/port v0xabdf8d33d480, 3519;
v0xabdf8d33d480_3520 .array/port v0xabdf8d33d480, 3520;
E_0xabdf8d0ee570/881 .event anyedge, v0xabdf8d33d480_3517, v0xabdf8d33d480_3518, v0xabdf8d33d480_3519, v0xabdf8d33d480_3520;
v0xabdf8d33d480_3521 .array/port v0xabdf8d33d480, 3521;
v0xabdf8d33d480_3522 .array/port v0xabdf8d33d480, 3522;
v0xabdf8d33d480_3523 .array/port v0xabdf8d33d480, 3523;
v0xabdf8d33d480_3524 .array/port v0xabdf8d33d480, 3524;
E_0xabdf8d0ee570/882 .event anyedge, v0xabdf8d33d480_3521, v0xabdf8d33d480_3522, v0xabdf8d33d480_3523, v0xabdf8d33d480_3524;
v0xabdf8d33d480_3525 .array/port v0xabdf8d33d480, 3525;
v0xabdf8d33d480_3526 .array/port v0xabdf8d33d480, 3526;
v0xabdf8d33d480_3527 .array/port v0xabdf8d33d480, 3527;
v0xabdf8d33d480_3528 .array/port v0xabdf8d33d480, 3528;
E_0xabdf8d0ee570/883 .event anyedge, v0xabdf8d33d480_3525, v0xabdf8d33d480_3526, v0xabdf8d33d480_3527, v0xabdf8d33d480_3528;
v0xabdf8d33d480_3529 .array/port v0xabdf8d33d480, 3529;
v0xabdf8d33d480_3530 .array/port v0xabdf8d33d480, 3530;
v0xabdf8d33d480_3531 .array/port v0xabdf8d33d480, 3531;
v0xabdf8d33d480_3532 .array/port v0xabdf8d33d480, 3532;
E_0xabdf8d0ee570/884 .event anyedge, v0xabdf8d33d480_3529, v0xabdf8d33d480_3530, v0xabdf8d33d480_3531, v0xabdf8d33d480_3532;
v0xabdf8d33d480_3533 .array/port v0xabdf8d33d480, 3533;
v0xabdf8d33d480_3534 .array/port v0xabdf8d33d480, 3534;
v0xabdf8d33d480_3535 .array/port v0xabdf8d33d480, 3535;
v0xabdf8d33d480_3536 .array/port v0xabdf8d33d480, 3536;
E_0xabdf8d0ee570/885 .event anyedge, v0xabdf8d33d480_3533, v0xabdf8d33d480_3534, v0xabdf8d33d480_3535, v0xabdf8d33d480_3536;
v0xabdf8d33d480_3537 .array/port v0xabdf8d33d480, 3537;
v0xabdf8d33d480_3538 .array/port v0xabdf8d33d480, 3538;
v0xabdf8d33d480_3539 .array/port v0xabdf8d33d480, 3539;
v0xabdf8d33d480_3540 .array/port v0xabdf8d33d480, 3540;
E_0xabdf8d0ee570/886 .event anyedge, v0xabdf8d33d480_3537, v0xabdf8d33d480_3538, v0xabdf8d33d480_3539, v0xabdf8d33d480_3540;
v0xabdf8d33d480_3541 .array/port v0xabdf8d33d480, 3541;
v0xabdf8d33d480_3542 .array/port v0xabdf8d33d480, 3542;
v0xabdf8d33d480_3543 .array/port v0xabdf8d33d480, 3543;
v0xabdf8d33d480_3544 .array/port v0xabdf8d33d480, 3544;
E_0xabdf8d0ee570/887 .event anyedge, v0xabdf8d33d480_3541, v0xabdf8d33d480_3542, v0xabdf8d33d480_3543, v0xabdf8d33d480_3544;
v0xabdf8d33d480_3545 .array/port v0xabdf8d33d480, 3545;
v0xabdf8d33d480_3546 .array/port v0xabdf8d33d480, 3546;
v0xabdf8d33d480_3547 .array/port v0xabdf8d33d480, 3547;
v0xabdf8d33d480_3548 .array/port v0xabdf8d33d480, 3548;
E_0xabdf8d0ee570/888 .event anyedge, v0xabdf8d33d480_3545, v0xabdf8d33d480_3546, v0xabdf8d33d480_3547, v0xabdf8d33d480_3548;
v0xabdf8d33d480_3549 .array/port v0xabdf8d33d480, 3549;
v0xabdf8d33d480_3550 .array/port v0xabdf8d33d480, 3550;
v0xabdf8d33d480_3551 .array/port v0xabdf8d33d480, 3551;
v0xabdf8d33d480_3552 .array/port v0xabdf8d33d480, 3552;
E_0xabdf8d0ee570/889 .event anyedge, v0xabdf8d33d480_3549, v0xabdf8d33d480_3550, v0xabdf8d33d480_3551, v0xabdf8d33d480_3552;
v0xabdf8d33d480_3553 .array/port v0xabdf8d33d480, 3553;
v0xabdf8d33d480_3554 .array/port v0xabdf8d33d480, 3554;
v0xabdf8d33d480_3555 .array/port v0xabdf8d33d480, 3555;
v0xabdf8d33d480_3556 .array/port v0xabdf8d33d480, 3556;
E_0xabdf8d0ee570/890 .event anyedge, v0xabdf8d33d480_3553, v0xabdf8d33d480_3554, v0xabdf8d33d480_3555, v0xabdf8d33d480_3556;
v0xabdf8d33d480_3557 .array/port v0xabdf8d33d480, 3557;
v0xabdf8d33d480_3558 .array/port v0xabdf8d33d480, 3558;
v0xabdf8d33d480_3559 .array/port v0xabdf8d33d480, 3559;
v0xabdf8d33d480_3560 .array/port v0xabdf8d33d480, 3560;
E_0xabdf8d0ee570/891 .event anyedge, v0xabdf8d33d480_3557, v0xabdf8d33d480_3558, v0xabdf8d33d480_3559, v0xabdf8d33d480_3560;
v0xabdf8d33d480_3561 .array/port v0xabdf8d33d480, 3561;
v0xabdf8d33d480_3562 .array/port v0xabdf8d33d480, 3562;
v0xabdf8d33d480_3563 .array/port v0xabdf8d33d480, 3563;
v0xabdf8d33d480_3564 .array/port v0xabdf8d33d480, 3564;
E_0xabdf8d0ee570/892 .event anyedge, v0xabdf8d33d480_3561, v0xabdf8d33d480_3562, v0xabdf8d33d480_3563, v0xabdf8d33d480_3564;
v0xabdf8d33d480_3565 .array/port v0xabdf8d33d480, 3565;
v0xabdf8d33d480_3566 .array/port v0xabdf8d33d480, 3566;
v0xabdf8d33d480_3567 .array/port v0xabdf8d33d480, 3567;
v0xabdf8d33d480_3568 .array/port v0xabdf8d33d480, 3568;
E_0xabdf8d0ee570/893 .event anyedge, v0xabdf8d33d480_3565, v0xabdf8d33d480_3566, v0xabdf8d33d480_3567, v0xabdf8d33d480_3568;
v0xabdf8d33d480_3569 .array/port v0xabdf8d33d480, 3569;
v0xabdf8d33d480_3570 .array/port v0xabdf8d33d480, 3570;
v0xabdf8d33d480_3571 .array/port v0xabdf8d33d480, 3571;
v0xabdf8d33d480_3572 .array/port v0xabdf8d33d480, 3572;
E_0xabdf8d0ee570/894 .event anyedge, v0xabdf8d33d480_3569, v0xabdf8d33d480_3570, v0xabdf8d33d480_3571, v0xabdf8d33d480_3572;
v0xabdf8d33d480_3573 .array/port v0xabdf8d33d480, 3573;
v0xabdf8d33d480_3574 .array/port v0xabdf8d33d480, 3574;
v0xabdf8d33d480_3575 .array/port v0xabdf8d33d480, 3575;
v0xabdf8d33d480_3576 .array/port v0xabdf8d33d480, 3576;
E_0xabdf8d0ee570/895 .event anyedge, v0xabdf8d33d480_3573, v0xabdf8d33d480_3574, v0xabdf8d33d480_3575, v0xabdf8d33d480_3576;
v0xabdf8d33d480_3577 .array/port v0xabdf8d33d480, 3577;
v0xabdf8d33d480_3578 .array/port v0xabdf8d33d480, 3578;
v0xabdf8d33d480_3579 .array/port v0xabdf8d33d480, 3579;
v0xabdf8d33d480_3580 .array/port v0xabdf8d33d480, 3580;
E_0xabdf8d0ee570/896 .event anyedge, v0xabdf8d33d480_3577, v0xabdf8d33d480_3578, v0xabdf8d33d480_3579, v0xabdf8d33d480_3580;
v0xabdf8d33d480_3581 .array/port v0xabdf8d33d480, 3581;
v0xabdf8d33d480_3582 .array/port v0xabdf8d33d480, 3582;
v0xabdf8d33d480_3583 .array/port v0xabdf8d33d480, 3583;
v0xabdf8d33d480_3584 .array/port v0xabdf8d33d480, 3584;
E_0xabdf8d0ee570/897 .event anyedge, v0xabdf8d33d480_3581, v0xabdf8d33d480_3582, v0xabdf8d33d480_3583, v0xabdf8d33d480_3584;
v0xabdf8d33d480_3585 .array/port v0xabdf8d33d480, 3585;
v0xabdf8d33d480_3586 .array/port v0xabdf8d33d480, 3586;
v0xabdf8d33d480_3587 .array/port v0xabdf8d33d480, 3587;
v0xabdf8d33d480_3588 .array/port v0xabdf8d33d480, 3588;
E_0xabdf8d0ee570/898 .event anyedge, v0xabdf8d33d480_3585, v0xabdf8d33d480_3586, v0xabdf8d33d480_3587, v0xabdf8d33d480_3588;
v0xabdf8d33d480_3589 .array/port v0xabdf8d33d480, 3589;
v0xabdf8d33d480_3590 .array/port v0xabdf8d33d480, 3590;
v0xabdf8d33d480_3591 .array/port v0xabdf8d33d480, 3591;
v0xabdf8d33d480_3592 .array/port v0xabdf8d33d480, 3592;
E_0xabdf8d0ee570/899 .event anyedge, v0xabdf8d33d480_3589, v0xabdf8d33d480_3590, v0xabdf8d33d480_3591, v0xabdf8d33d480_3592;
v0xabdf8d33d480_3593 .array/port v0xabdf8d33d480, 3593;
v0xabdf8d33d480_3594 .array/port v0xabdf8d33d480, 3594;
v0xabdf8d33d480_3595 .array/port v0xabdf8d33d480, 3595;
v0xabdf8d33d480_3596 .array/port v0xabdf8d33d480, 3596;
E_0xabdf8d0ee570/900 .event anyedge, v0xabdf8d33d480_3593, v0xabdf8d33d480_3594, v0xabdf8d33d480_3595, v0xabdf8d33d480_3596;
v0xabdf8d33d480_3597 .array/port v0xabdf8d33d480, 3597;
v0xabdf8d33d480_3598 .array/port v0xabdf8d33d480, 3598;
v0xabdf8d33d480_3599 .array/port v0xabdf8d33d480, 3599;
v0xabdf8d33d480_3600 .array/port v0xabdf8d33d480, 3600;
E_0xabdf8d0ee570/901 .event anyedge, v0xabdf8d33d480_3597, v0xabdf8d33d480_3598, v0xabdf8d33d480_3599, v0xabdf8d33d480_3600;
v0xabdf8d33d480_3601 .array/port v0xabdf8d33d480, 3601;
v0xabdf8d33d480_3602 .array/port v0xabdf8d33d480, 3602;
v0xabdf8d33d480_3603 .array/port v0xabdf8d33d480, 3603;
v0xabdf8d33d480_3604 .array/port v0xabdf8d33d480, 3604;
E_0xabdf8d0ee570/902 .event anyedge, v0xabdf8d33d480_3601, v0xabdf8d33d480_3602, v0xabdf8d33d480_3603, v0xabdf8d33d480_3604;
v0xabdf8d33d480_3605 .array/port v0xabdf8d33d480, 3605;
v0xabdf8d33d480_3606 .array/port v0xabdf8d33d480, 3606;
v0xabdf8d33d480_3607 .array/port v0xabdf8d33d480, 3607;
v0xabdf8d33d480_3608 .array/port v0xabdf8d33d480, 3608;
E_0xabdf8d0ee570/903 .event anyedge, v0xabdf8d33d480_3605, v0xabdf8d33d480_3606, v0xabdf8d33d480_3607, v0xabdf8d33d480_3608;
v0xabdf8d33d480_3609 .array/port v0xabdf8d33d480, 3609;
v0xabdf8d33d480_3610 .array/port v0xabdf8d33d480, 3610;
v0xabdf8d33d480_3611 .array/port v0xabdf8d33d480, 3611;
v0xabdf8d33d480_3612 .array/port v0xabdf8d33d480, 3612;
E_0xabdf8d0ee570/904 .event anyedge, v0xabdf8d33d480_3609, v0xabdf8d33d480_3610, v0xabdf8d33d480_3611, v0xabdf8d33d480_3612;
v0xabdf8d33d480_3613 .array/port v0xabdf8d33d480, 3613;
v0xabdf8d33d480_3614 .array/port v0xabdf8d33d480, 3614;
v0xabdf8d33d480_3615 .array/port v0xabdf8d33d480, 3615;
v0xabdf8d33d480_3616 .array/port v0xabdf8d33d480, 3616;
E_0xabdf8d0ee570/905 .event anyedge, v0xabdf8d33d480_3613, v0xabdf8d33d480_3614, v0xabdf8d33d480_3615, v0xabdf8d33d480_3616;
v0xabdf8d33d480_3617 .array/port v0xabdf8d33d480, 3617;
v0xabdf8d33d480_3618 .array/port v0xabdf8d33d480, 3618;
v0xabdf8d33d480_3619 .array/port v0xabdf8d33d480, 3619;
v0xabdf8d33d480_3620 .array/port v0xabdf8d33d480, 3620;
E_0xabdf8d0ee570/906 .event anyedge, v0xabdf8d33d480_3617, v0xabdf8d33d480_3618, v0xabdf8d33d480_3619, v0xabdf8d33d480_3620;
v0xabdf8d33d480_3621 .array/port v0xabdf8d33d480, 3621;
v0xabdf8d33d480_3622 .array/port v0xabdf8d33d480, 3622;
v0xabdf8d33d480_3623 .array/port v0xabdf8d33d480, 3623;
v0xabdf8d33d480_3624 .array/port v0xabdf8d33d480, 3624;
E_0xabdf8d0ee570/907 .event anyedge, v0xabdf8d33d480_3621, v0xabdf8d33d480_3622, v0xabdf8d33d480_3623, v0xabdf8d33d480_3624;
v0xabdf8d33d480_3625 .array/port v0xabdf8d33d480, 3625;
v0xabdf8d33d480_3626 .array/port v0xabdf8d33d480, 3626;
v0xabdf8d33d480_3627 .array/port v0xabdf8d33d480, 3627;
v0xabdf8d33d480_3628 .array/port v0xabdf8d33d480, 3628;
E_0xabdf8d0ee570/908 .event anyedge, v0xabdf8d33d480_3625, v0xabdf8d33d480_3626, v0xabdf8d33d480_3627, v0xabdf8d33d480_3628;
v0xabdf8d33d480_3629 .array/port v0xabdf8d33d480, 3629;
v0xabdf8d33d480_3630 .array/port v0xabdf8d33d480, 3630;
v0xabdf8d33d480_3631 .array/port v0xabdf8d33d480, 3631;
v0xabdf8d33d480_3632 .array/port v0xabdf8d33d480, 3632;
E_0xabdf8d0ee570/909 .event anyedge, v0xabdf8d33d480_3629, v0xabdf8d33d480_3630, v0xabdf8d33d480_3631, v0xabdf8d33d480_3632;
v0xabdf8d33d480_3633 .array/port v0xabdf8d33d480, 3633;
v0xabdf8d33d480_3634 .array/port v0xabdf8d33d480, 3634;
v0xabdf8d33d480_3635 .array/port v0xabdf8d33d480, 3635;
v0xabdf8d33d480_3636 .array/port v0xabdf8d33d480, 3636;
E_0xabdf8d0ee570/910 .event anyedge, v0xabdf8d33d480_3633, v0xabdf8d33d480_3634, v0xabdf8d33d480_3635, v0xabdf8d33d480_3636;
v0xabdf8d33d480_3637 .array/port v0xabdf8d33d480, 3637;
v0xabdf8d33d480_3638 .array/port v0xabdf8d33d480, 3638;
v0xabdf8d33d480_3639 .array/port v0xabdf8d33d480, 3639;
v0xabdf8d33d480_3640 .array/port v0xabdf8d33d480, 3640;
E_0xabdf8d0ee570/911 .event anyedge, v0xabdf8d33d480_3637, v0xabdf8d33d480_3638, v0xabdf8d33d480_3639, v0xabdf8d33d480_3640;
v0xabdf8d33d480_3641 .array/port v0xabdf8d33d480, 3641;
v0xabdf8d33d480_3642 .array/port v0xabdf8d33d480, 3642;
v0xabdf8d33d480_3643 .array/port v0xabdf8d33d480, 3643;
v0xabdf8d33d480_3644 .array/port v0xabdf8d33d480, 3644;
E_0xabdf8d0ee570/912 .event anyedge, v0xabdf8d33d480_3641, v0xabdf8d33d480_3642, v0xabdf8d33d480_3643, v0xabdf8d33d480_3644;
v0xabdf8d33d480_3645 .array/port v0xabdf8d33d480, 3645;
v0xabdf8d33d480_3646 .array/port v0xabdf8d33d480, 3646;
v0xabdf8d33d480_3647 .array/port v0xabdf8d33d480, 3647;
v0xabdf8d33d480_3648 .array/port v0xabdf8d33d480, 3648;
E_0xabdf8d0ee570/913 .event anyedge, v0xabdf8d33d480_3645, v0xabdf8d33d480_3646, v0xabdf8d33d480_3647, v0xabdf8d33d480_3648;
v0xabdf8d33d480_3649 .array/port v0xabdf8d33d480, 3649;
v0xabdf8d33d480_3650 .array/port v0xabdf8d33d480, 3650;
v0xabdf8d33d480_3651 .array/port v0xabdf8d33d480, 3651;
v0xabdf8d33d480_3652 .array/port v0xabdf8d33d480, 3652;
E_0xabdf8d0ee570/914 .event anyedge, v0xabdf8d33d480_3649, v0xabdf8d33d480_3650, v0xabdf8d33d480_3651, v0xabdf8d33d480_3652;
v0xabdf8d33d480_3653 .array/port v0xabdf8d33d480, 3653;
v0xabdf8d33d480_3654 .array/port v0xabdf8d33d480, 3654;
v0xabdf8d33d480_3655 .array/port v0xabdf8d33d480, 3655;
v0xabdf8d33d480_3656 .array/port v0xabdf8d33d480, 3656;
E_0xabdf8d0ee570/915 .event anyedge, v0xabdf8d33d480_3653, v0xabdf8d33d480_3654, v0xabdf8d33d480_3655, v0xabdf8d33d480_3656;
v0xabdf8d33d480_3657 .array/port v0xabdf8d33d480, 3657;
v0xabdf8d33d480_3658 .array/port v0xabdf8d33d480, 3658;
v0xabdf8d33d480_3659 .array/port v0xabdf8d33d480, 3659;
v0xabdf8d33d480_3660 .array/port v0xabdf8d33d480, 3660;
E_0xabdf8d0ee570/916 .event anyedge, v0xabdf8d33d480_3657, v0xabdf8d33d480_3658, v0xabdf8d33d480_3659, v0xabdf8d33d480_3660;
v0xabdf8d33d480_3661 .array/port v0xabdf8d33d480, 3661;
v0xabdf8d33d480_3662 .array/port v0xabdf8d33d480, 3662;
v0xabdf8d33d480_3663 .array/port v0xabdf8d33d480, 3663;
v0xabdf8d33d480_3664 .array/port v0xabdf8d33d480, 3664;
E_0xabdf8d0ee570/917 .event anyedge, v0xabdf8d33d480_3661, v0xabdf8d33d480_3662, v0xabdf8d33d480_3663, v0xabdf8d33d480_3664;
v0xabdf8d33d480_3665 .array/port v0xabdf8d33d480, 3665;
v0xabdf8d33d480_3666 .array/port v0xabdf8d33d480, 3666;
v0xabdf8d33d480_3667 .array/port v0xabdf8d33d480, 3667;
v0xabdf8d33d480_3668 .array/port v0xabdf8d33d480, 3668;
E_0xabdf8d0ee570/918 .event anyedge, v0xabdf8d33d480_3665, v0xabdf8d33d480_3666, v0xabdf8d33d480_3667, v0xabdf8d33d480_3668;
v0xabdf8d33d480_3669 .array/port v0xabdf8d33d480, 3669;
v0xabdf8d33d480_3670 .array/port v0xabdf8d33d480, 3670;
v0xabdf8d33d480_3671 .array/port v0xabdf8d33d480, 3671;
v0xabdf8d33d480_3672 .array/port v0xabdf8d33d480, 3672;
E_0xabdf8d0ee570/919 .event anyedge, v0xabdf8d33d480_3669, v0xabdf8d33d480_3670, v0xabdf8d33d480_3671, v0xabdf8d33d480_3672;
v0xabdf8d33d480_3673 .array/port v0xabdf8d33d480, 3673;
v0xabdf8d33d480_3674 .array/port v0xabdf8d33d480, 3674;
v0xabdf8d33d480_3675 .array/port v0xabdf8d33d480, 3675;
v0xabdf8d33d480_3676 .array/port v0xabdf8d33d480, 3676;
E_0xabdf8d0ee570/920 .event anyedge, v0xabdf8d33d480_3673, v0xabdf8d33d480_3674, v0xabdf8d33d480_3675, v0xabdf8d33d480_3676;
v0xabdf8d33d480_3677 .array/port v0xabdf8d33d480, 3677;
v0xabdf8d33d480_3678 .array/port v0xabdf8d33d480, 3678;
v0xabdf8d33d480_3679 .array/port v0xabdf8d33d480, 3679;
v0xabdf8d33d480_3680 .array/port v0xabdf8d33d480, 3680;
E_0xabdf8d0ee570/921 .event anyedge, v0xabdf8d33d480_3677, v0xabdf8d33d480_3678, v0xabdf8d33d480_3679, v0xabdf8d33d480_3680;
v0xabdf8d33d480_3681 .array/port v0xabdf8d33d480, 3681;
v0xabdf8d33d480_3682 .array/port v0xabdf8d33d480, 3682;
v0xabdf8d33d480_3683 .array/port v0xabdf8d33d480, 3683;
v0xabdf8d33d480_3684 .array/port v0xabdf8d33d480, 3684;
E_0xabdf8d0ee570/922 .event anyedge, v0xabdf8d33d480_3681, v0xabdf8d33d480_3682, v0xabdf8d33d480_3683, v0xabdf8d33d480_3684;
v0xabdf8d33d480_3685 .array/port v0xabdf8d33d480, 3685;
v0xabdf8d33d480_3686 .array/port v0xabdf8d33d480, 3686;
v0xabdf8d33d480_3687 .array/port v0xabdf8d33d480, 3687;
v0xabdf8d33d480_3688 .array/port v0xabdf8d33d480, 3688;
E_0xabdf8d0ee570/923 .event anyedge, v0xabdf8d33d480_3685, v0xabdf8d33d480_3686, v0xabdf8d33d480_3687, v0xabdf8d33d480_3688;
v0xabdf8d33d480_3689 .array/port v0xabdf8d33d480, 3689;
v0xabdf8d33d480_3690 .array/port v0xabdf8d33d480, 3690;
v0xabdf8d33d480_3691 .array/port v0xabdf8d33d480, 3691;
v0xabdf8d33d480_3692 .array/port v0xabdf8d33d480, 3692;
E_0xabdf8d0ee570/924 .event anyedge, v0xabdf8d33d480_3689, v0xabdf8d33d480_3690, v0xabdf8d33d480_3691, v0xabdf8d33d480_3692;
v0xabdf8d33d480_3693 .array/port v0xabdf8d33d480, 3693;
v0xabdf8d33d480_3694 .array/port v0xabdf8d33d480, 3694;
v0xabdf8d33d480_3695 .array/port v0xabdf8d33d480, 3695;
v0xabdf8d33d480_3696 .array/port v0xabdf8d33d480, 3696;
E_0xabdf8d0ee570/925 .event anyedge, v0xabdf8d33d480_3693, v0xabdf8d33d480_3694, v0xabdf8d33d480_3695, v0xabdf8d33d480_3696;
v0xabdf8d33d480_3697 .array/port v0xabdf8d33d480, 3697;
v0xabdf8d33d480_3698 .array/port v0xabdf8d33d480, 3698;
v0xabdf8d33d480_3699 .array/port v0xabdf8d33d480, 3699;
v0xabdf8d33d480_3700 .array/port v0xabdf8d33d480, 3700;
E_0xabdf8d0ee570/926 .event anyedge, v0xabdf8d33d480_3697, v0xabdf8d33d480_3698, v0xabdf8d33d480_3699, v0xabdf8d33d480_3700;
v0xabdf8d33d480_3701 .array/port v0xabdf8d33d480, 3701;
v0xabdf8d33d480_3702 .array/port v0xabdf8d33d480, 3702;
v0xabdf8d33d480_3703 .array/port v0xabdf8d33d480, 3703;
v0xabdf8d33d480_3704 .array/port v0xabdf8d33d480, 3704;
E_0xabdf8d0ee570/927 .event anyedge, v0xabdf8d33d480_3701, v0xabdf8d33d480_3702, v0xabdf8d33d480_3703, v0xabdf8d33d480_3704;
v0xabdf8d33d480_3705 .array/port v0xabdf8d33d480, 3705;
v0xabdf8d33d480_3706 .array/port v0xabdf8d33d480, 3706;
v0xabdf8d33d480_3707 .array/port v0xabdf8d33d480, 3707;
v0xabdf8d33d480_3708 .array/port v0xabdf8d33d480, 3708;
E_0xabdf8d0ee570/928 .event anyedge, v0xabdf8d33d480_3705, v0xabdf8d33d480_3706, v0xabdf8d33d480_3707, v0xabdf8d33d480_3708;
v0xabdf8d33d480_3709 .array/port v0xabdf8d33d480, 3709;
v0xabdf8d33d480_3710 .array/port v0xabdf8d33d480, 3710;
v0xabdf8d33d480_3711 .array/port v0xabdf8d33d480, 3711;
v0xabdf8d33d480_3712 .array/port v0xabdf8d33d480, 3712;
E_0xabdf8d0ee570/929 .event anyedge, v0xabdf8d33d480_3709, v0xabdf8d33d480_3710, v0xabdf8d33d480_3711, v0xabdf8d33d480_3712;
v0xabdf8d33d480_3713 .array/port v0xabdf8d33d480, 3713;
v0xabdf8d33d480_3714 .array/port v0xabdf8d33d480, 3714;
v0xabdf8d33d480_3715 .array/port v0xabdf8d33d480, 3715;
v0xabdf8d33d480_3716 .array/port v0xabdf8d33d480, 3716;
E_0xabdf8d0ee570/930 .event anyedge, v0xabdf8d33d480_3713, v0xabdf8d33d480_3714, v0xabdf8d33d480_3715, v0xabdf8d33d480_3716;
v0xabdf8d33d480_3717 .array/port v0xabdf8d33d480, 3717;
v0xabdf8d33d480_3718 .array/port v0xabdf8d33d480, 3718;
v0xabdf8d33d480_3719 .array/port v0xabdf8d33d480, 3719;
v0xabdf8d33d480_3720 .array/port v0xabdf8d33d480, 3720;
E_0xabdf8d0ee570/931 .event anyedge, v0xabdf8d33d480_3717, v0xabdf8d33d480_3718, v0xabdf8d33d480_3719, v0xabdf8d33d480_3720;
v0xabdf8d33d480_3721 .array/port v0xabdf8d33d480, 3721;
v0xabdf8d33d480_3722 .array/port v0xabdf8d33d480, 3722;
v0xabdf8d33d480_3723 .array/port v0xabdf8d33d480, 3723;
v0xabdf8d33d480_3724 .array/port v0xabdf8d33d480, 3724;
E_0xabdf8d0ee570/932 .event anyedge, v0xabdf8d33d480_3721, v0xabdf8d33d480_3722, v0xabdf8d33d480_3723, v0xabdf8d33d480_3724;
v0xabdf8d33d480_3725 .array/port v0xabdf8d33d480, 3725;
v0xabdf8d33d480_3726 .array/port v0xabdf8d33d480, 3726;
v0xabdf8d33d480_3727 .array/port v0xabdf8d33d480, 3727;
v0xabdf8d33d480_3728 .array/port v0xabdf8d33d480, 3728;
E_0xabdf8d0ee570/933 .event anyedge, v0xabdf8d33d480_3725, v0xabdf8d33d480_3726, v0xabdf8d33d480_3727, v0xabdf8d33d480_3728;
v0xabdf8d33d480_3729 .array/port v0xabdf8d33d480, 3729;
v0xabdf8d33d480_3730 .array/port v0xabdf8d33d480, 3730;
v0xabdf8d33d480_3731 .array/port v0xabdf8d33d480, 3731;
v0xabdf8d33d480_3732 .array/port v0xabdf8d33d480, 3732;
E_0xabdf8d0ee570/934 .event anyedge, v0xabdf8d33d480_3729, v0xabdf8d33d480_3730, v0xabdf8d33d480_3731, v0xabdf8d33d480_3732;
v0xabdf8d33d480_3733 .array/port v0xabdf8d33d480, 3733;
v0xabdf8d33d480_3734 .array/port v0xabdf8d33d480, 3734;
v0xabdf8d33d480_3735 .array/port v0xabdf8d33d480, 3735;
v0xabdf8d33d480_3736 .array/port v0xabdf8d33d480, 3736;
E_0xabdf8d0ee570/935 .event anyedge, v0xabdf8d33d480_3733, v0xabdf8d33d480_3734, v0xabdf8d33d480_3735, v0xabdf8d33d480_3736;
v0xabdf8d33d480_3737 .array/port v0xabdf8d33d480, 3737;
v0xabdf8d33d480_3738 .array/port v0xabdf8d33d480, 3738;
v0xabdf8d33d480_3739 .array/port v0xabdf8d33d480, 3739;
v0xabdf8d33d480_3740 .array/port v0xabdf8d33d480, 3740;
E_0xabdf8d0ee570/936 .event anyedge, v0xabdf8d33d480_3737, v0xabdf8d33d480_3738, v0xabdf8d33d480_3739, v0xabdf8d33d480_3740;
v0xabdf8d33d480_3741 .array/port v0xabdf8d33d480, 3741;
v0xabdf8d33d480_3742 .array/port v0xabdf8d33d480, 3742;
v0xabdf8d33d480_3743 .array/port v0xabdf8d33d480, 3743;
v0xabdf8d33d480_3744 .array/port v0xabdf8d33d480, 3744;
E_0xabdf8d0ee570/937 .event anyedge, v0xabdf8d33d480_3741, v0xabdf8d33d480_3742, v0xabdf8d33d480_3743, v0xabdf8d33d480_3744;
v0xabdf8d33d480_3745 .array/port v0xabdf8d33d480, 3745;
v0xabdf8d33d480_3746 .array/port v0xabdf8d33d480, 3746;
v0xabdf8d33d480_3747 .array/port v0xabdf8d33d480, 3747;
v0xabdf8d33d480_3748 .array/port v0xabdf8d33d480, 3748;
E_0xabdf8d0ee570/938 .event anyedge, v0xabdf8d33d480_3745, v0xabdf8d33d480_3746, v0xabdf8d33d480_3747, v0xabdf8d33d480_3748;
v0xabdf8d33d480_3749 .array/port v0xabdf8d33d480, 3749;
v0xabdf8d33d480_3750 .array/port v0xabdf8d33d480, 3750;
v0xabdf8d33d480_3751 .array/port v0xabdf8d33d480, 3751;
v0xabdf8d33d480_3752 .array/port v0xabdf8d33d480, 3752;
E_0xabdf8d0ee570/939 .event anyedge, v0xabdf8d33d480_3749, v0xabdf8d33d480_3750, v0xabdf8d33d480_3751, v0xabdf8d33d480_3752;
v0xabdf8d33d480_3753 .array/port v0xabdf8d33d480, 3753;
v0xabdf8d33d480_3754 .array/port v0xabdf8d33d480, 3754;
v0xabdf8d33d480_3755 .array/port v0xabdf8d33d480, 3755;
v0xabdf8d33d480_3756 .array/port v0xabdf8d33d480, 3756;
E_0xabdf8d0ee570/940 .event anyedge, v0xabdf8d33d480_3753, v0xabdf8d33d480_3754, v0xabdf8d33d480_3755, v0xabdf8d33d480_3756;
v0xabdf8d33d480_3757 .array/port v0xabdf8d33d480, 3757;
v0xabdf8d33d480_3758 .array/port v0xabdf8d33d480, 3758;
v0xabdf8d33d480_3759 .array/port v0xabdf8d33d480, 3759;
v0xabdf8d33d480_3760 .array/port v0xabdf8d33d480, 3760;
E_0xabdf8d0ee570/941 .event anyedge, v0xabdf8d33d480_3757, v0xabdf8d33d480_3758, v0xabdf8d33d480_3759, v0xabdf8d33d480_3760;
v0xabdf8d33d480_3761 .array/port v0xabdf8d33d480, 3761;
v0xabdf8d33d480_3762 .array/port v0xabdf8d33d480, 3762;
v0xabdf8d33d480_3763 .array/port v0xabdf8d33d480, 3763;
v0xabdf8d33d480_3764 .array/port v0xabdf8d33d480, 3764;
E_0xabdf8d0ee570/942 .event anyedge, v0xabdf8d33d480_3761, v0xabdf8d33d480_3762, v0xabdf8d33d480_3763, v0xabdf8d33d480_3764;
v0xabdf8d33d480_3765 .array/port v0xabdf8d33d480, 3765;
v0xabdf8d33d480_3766 .array/port v0xabdf8d33d480, 3766;
v0xabdf8d33d480_3767 .array/port v0xabdf8d33d480, 3767;
v0xabdf8d33d480_3768 .array/port v0xabdf8d33d480, 3768;
E_0xabdf8d0ee570/943 .event anyedge, v0xabdf8d33d480_3765, v0xabdf8d33d480_3766, v0xabdf8d33d480_3767, v0xabdf8d33d480_3768;
v0xabdf8d33d480_3769 .array/port v0xabdf8d33d480, 3769;
v0xabdf8d33d480_3770 .array/port v0xabdf8d33d480, 3770;
v0xabdf8d33d480_3771 .array/port v0xabdf8d33d480, 3771;
v0xabdf8d33d480_3772 .array/port v0xabdf8d33d480, 3772;
E_0xabdf8d0ee570/944 .event anyedge, v0xabdf8d33d480_3769, v0xabdf8d33d480_3770, v0xabdf8d33d480_3771, v0xabdf8d33d480_3772;
v0xabdf8d33d480_3773 .array/port v0xabdf8d33d480, 3773;
v0xabdf8d33d480_3774 .array/port v0xabdf8d33d480, 3774;
v0xabdf8d33d480_3775 .array/port v0xabdf8d33d480, 3775;
v0xabdf8d33d480_3776 .array/port v0xabdf8d33d480, 3776;
E_0xabdf8d0ee570/945 .event anyedge, v0xabdf8d33d480_3773, v0xabdf8d33d480_3774, v0xabdf8d33d480_3775, v0xabdf8d33d480_3776;
v0xabdf8d33d480_3777 .array/port v0xabdf8d33d480, 3777;
v0xabdf8d33d480_3778 .array/port v0xabdf8d33d480, 3778;
v0xabdf8d33d480_3779 .array/port v0xabdf8d33d480, 3779;
v0xabdf8d33d480_3780 .array/port v0xabdf8d33d480, 3780;
E_0xabdf8d0ee570/946 .event anyedge, v0xabdf8d33d480_3777, v0xabdf8d33d480_3778, v0xabdf8d33d480_3779, v0xabdf8d33d480_3780;
v0xabdf8d33d480_3781 .array/port v0xabdf8d33d480, 3781;
v0xabdf8d33d480_3782 .array/port v0xabdf8d33d480, 3782;
v0xabdf8d33d480_3783 .array/port v0xabdf8d33d480, 3783;
v0xabdf8d33d480_3784 .array/port v0xabdf8d33d480, 3784;
E_0xabdf8d0ee570/947 .event anyedge, v0xabdf8d33d480_3781, v0xabdf8d33d480_3782, v0xabdf8d33d480_3783, v0xabdf8d33d480_3784;
v0xabdf8d33d480_3785 .array/port v0xabdf8d33d480, 3785;
v0xabdf8d33d480_3786 .array/port v0xabdf8d33d480, 3786;
v0xabdf8d33d480_3787 .array/port v0xabdf8d33d480, 3787;
v0xabdf8d33d480_3788 .array/port v0xabdf8d33d480, 3788;
E_0xabdf8d0ee570/948 .event anyedge, v0xabdf8d33d480_3785, v0xabdf8d33d480_3786, v0xabdf8d33d480_3787, v0xabdf8d33d480_3788;
v0xabdf8d33d480_3789 .array/port v0xabdf8d33d480, 3789;
v0xabdf8d33d480_3790 .array/port v0xabdf8d33d480, 3790;
v0xabdf8d33d480_3791 .array/port v0xabdf8d33d480, 3791;
v0xabdf8d33d480_3792 .array/port v0xabdf8d33d480, 3792;
E_0xabdf8d0ee570/949 .event anyedge, v0xabdf8d33d480_3789, v0xabdf8d33d480_3790, v0xabdf8d33d480_3791, v0xabdf8d33d480_3792;
v0xabdf8d33d480_3793 .array/port v0xabdf8d33d480, 3793;
v0xabdf8d33d480_3794 .array/port v0xabdf8d33d480, 3794;
v0xabdf8d33d480_3795 .array/port v0xabdf8d33d480, 3795;
v0xabdf8d33d480_3796 .array/port v0xabdf8d33d480, 3796;
E_0xabdf8d0ee570/950 .event anyedge, v0xabdf8d33d480_3793, v0xabdf8d33d480_3794, v0xabdf8d33d480_3795, v0xabdf8d33d480_3796;
v0xabdf8d33d480_3797 .array/port v0xabdf8d33d480, 3797;
v0xabdf8d33d480_3798 .array/port v0xabdf8d33d480, 3798;
v0xabdf8d33d480_3799 .array/port v0xabdf8d33d480, 3799;
v0xabdf8d33d480_3800 .array/port v0xabdf8d33d480, 3800;
E_0xabdf8d0ee570/951 .event anyedge, v0xabdf8d33d480_3797, v0xabdf8d33d480_3798, v0xabdf8d33d480_3799, v0xabdf8d33d480_3800;
v0xabdf8d33d480_3801 .array/port v0xabdf8d33d480, 3801;
v0xabdf8d33d480_3802 .array/port v0xabdf8d33d480, 3802;
v0xabdf8d33d480_3803 .array/port v0xabdf8d33d480, 3803;
v0xabdf8d33d480_3804 .array/port v0xabdf8d33d480, 3804;
E_0xabdf8d0ee570/952 .event anyedge, v0xabdf8d33d480_3801, v0xabdf8d33d480_3802, v0xabdf8d33d480_3803, v0xabdf8d33d480_3804;
v0xabdf8d33d480_3805 .array/port v0xabdf8d33d480, 3805;
v0xabdf8d33d480_3806 .array/port v0xabdf8d33d480, 3806;
v0xabdf8d33d480_3807 .array/port v0xabdf8d33d480, 3807;
v0xabdf8d33d480_3808 .array/port v0xabdf8d33d480, 3808;
E_0xabdf8d0ee570/953 .event anyedge, v0xabdf8d33d480_3805, v0xabdf8d33d480_3806, v0xabdf8d33d480_3807, v0xabdf8d33d480_3808;
v0xabdf8d33d480_3809 .array/port v0xabdf8d33d480, 3809;
v0xabdf8d33d480_3810 .array/port v0xabdf8d33d480, 3810;
v0xabdf8d33d480_3811 .array/port v0xabdf8d33d480, 3811;
v0xabdf8d33d480_3812 .array/port v0xabdf8d33d480, 3812;
E_0xabdf8d0ee570/954 .event anyedge, v0xabdf8d33d480_3809, v0xabdf8d33d480_3810, v0xabdf8d33d480_3811, v0xabdf8d33d480_3812;
v0xabdf8d33d480_3813 .array/port v0xabdf8d33d480, 3813;
v0xabdf8d33d480_3814 .array/port v0xabdf8d33d480, 3814;
v0xabdf8d33d480_3815 .array/port v0xabdf8d33d480, 3815;
v0xabdf8d33d480_3816 .array/port v0xabdf8d33d480, 3816;
E_0xabdf8d0ee570/955 .event anyedge, v0xabdf8d33d480_3813, v0xabdf8d33d480_3814, v0xabdf8d33d480_3815, v0xabdf8d33d480_3816;
v0xabdf8d33d480_3817 .array/port v0xabdf8d33d480, 3817;
v0xabdf8d33d480_3818 .array/port v0xabdf8d33d480, 3818;
v0xabdf8d33d480_3819 .array/port v0xabdf8d33d480, 3819;
v0xabdf8d33d480_3820 .array/port v0xabdf8d33d480, 3820;
E_0xabdf8d0ee570/956 .event anyedge, v0xabdf8d33d480_3817, v0xabdf8d33d480_3818, v0xabdf8d33d480_3819, v0xabdf8d33d480_3820;
v0xabdf8d33d480_3821 .array/port v0xabdf8d33d480, 3821;
v0xabdf8d33d480_3822 .array/port v0xabdf8d33d480, 3822;
v0xabdf8d33d480_3823 .array/port v0xabdf8d33d480, 3823;
v0xabdf8d33d480_3824 .array/port v0xabdf8d33d480, 3824;
E_0xabdf8d0ee570/957 .event anyedge, v0xabdf8d33d480_3821, v0xabdf8d33d480_3822, v0xabdf8d33d480_3823, v0xabdf8d33d480_3824;
v0xabdf8d33d480_3825 .array/port v0xabdf8d33d480, 3825;
v0xabdf8d33d480_3826 .array/port v0xabdf8d33d480, 3826;
v0xabdf8d33d480_3827 .array/port v0xabdf8d33d480, 3827;
v0xabdf8d33d480_3828 .array/port v0xabdf8d33d480, 3828;
E_0xabdf8d0ee570/958 .event anyedge, v0xabdf8d33d480_3825, v0xabdf8d33d480_3826, v0xabdf8d33d480_3827, v0xabdf8d33d480_3828;
v0xabdf8d33d480_3829 .array/port v0xabdf8d33d480, 3829;
v0xabdf8d33d480_3830 .array/port v0xabdf8d33d480, 3830;
v0xabdf8d33d480_3831 .array/port v0xabdf8d33d480, 3831;
v0xabdf8d33d480_3832 .array/port v0xabdf8d33d480, 3832;
E_0xabdf8d0ee570/959 .event anyedge, v0xabdf8d33d480_3829, v0xabdf8d33d480_3830, v0xabdf8d33d480_3831, v0xabdf8d33d480_3832;
v0xabdf8d33d480_3833 .array/port v0xabdf8d33d480, 3833;
v0xabdf8d33d480_3834 .array/port v0xabdf8d33d480, 3834;
v0xabdf8d33d480_3835 .array/port v0xabdf8d33d480, 3835;
v0xabdf8d33d480_3836 .array/port v0xabdf8d33d480, 3836;
E_0xabdf8d0ee570/960 .event anyedge, v0xabdf8d33d480_3833, v0xabdf8d33d480_3834, v0xabdf8d33d480_3835, v0xabdf8d33d480_3836;
v0xabdf8d33d480_3837 .array/port v0xabdf8d33d480, 3837;
v0xabdf8d33d480_3838 .array/port v0xabdf8d33d480, 3838;
v0xabdf8d33d480_3839 .array/port v0xabdf8d33d480, 3839;
v0xabdf8d33d480_3840 .array/port v0xabdf8d33d480, 3840;
E_0xabdf8d0ee570/961 .event anyedge, v0xabdf8d33d480_3837, v0xabdf8d33d480_3838, v0xabdf8d33d480_3839, v0xabdf8d33d480_3840;
v0xabdf8d33d480_3841 .array/port v0xabdf8d33d480, 3841;
v0xabdf8d33d480_3842 .array/port v0xabdf8d33d480, 3842;
v0xabdf8d33d480_3843 .array/port v0xabdf8d33d480, 3843;
v0xabdf8d33d480_3844 .array/port v0xabdf8d33d480, 3844;
E_0xabdf8d0ee570/962 .event anyedge, v0xabdf8d33d480_3841, v0xabdf8d33d480_3842, v0xabdf8d33d480_3843, v0xabdf8d33d480_3844;
v0xabdf8d33d480_3845 .array/port v0xabdf8d33d480, 3845;
v0xabdf8d33d480_3846 .array/port v0xabdf8d33d480, 3846;
v0xabdf8d33d480_3847 .array/port v0xabdf8d33d480, 3847;
v0xabdf8d33d480_3848 .array/port v0xabdf8d33d480, 3848;
E_0xabdf8d0ee570/963 .event anyedge, v0xabdf8d33d480_3845, v0xabdf8d33d480_3846, v0xabdf8d33d480_3847, v0xabdf8d33d480_3848;
v0xabdf8d33d480_3849 .array/port v0xabdf8d33d480, 3849;
v0xabdf8d33d480_3850 .array/port v0xabdf8d33d480, 3850;
v0xabdf8d33d480_3851 .array/port v0xabdf8d33d480, 3851;
v0xabdf8d33d480_3852 .array/port v0xabdf8d33d480, 3852;
E_0xabdf8d0ee570/964 .event anyedge, v0xabdf8d33d480_3849, v0xabdf8d33d480_3850, v0xabdf8d33d480_3851, v0xabdf8d33d480_3852;
v0xabdf8d33d480_3853 .array/port v0xabdf8d33d480, 3853;
v0xabdf8d33d480_3854 .array/port v0xabdf8d33d480, 3854;
v0xabdf8d33d480_3855 .array/port v0xabdf8d33d480, 3855;
v0xabdf8d33d480_3856 .array/port v0xabdf8d33d480, 3856;
E_0xabdf8d0ee570/965 .event anyedge, v0xabdf8d33d480_3853, v0xabdf8d33d480_3854, v0xabdf8d33d480_3855, v0xabdf8d33d480_3856;
v0xabdf8d33d480_3857 .array/port v0xabdf8d33d480, 3857;
v0xabdf8d33d480_3858 .array/port v0xabdf8d33d480, 3858;
v0xabdf8d33d480_3859 .array/port v0xabdf8d33d480, 3859;
v0xabdf8d33d480_3860 .array/port v0xabdf8d33d480, 3860;
E_0xabdf8d0ee570/966 .event anyedge, v0xabdf8d33d480_3857, v0xabdf8d33d480_3858, v0xabdf8d33d480_3859, v0xabdf8d33d480_3860;
v0xabdf8d33d480_3861 .array/port v0xabdf8d33d480, 3861;
v0xabdf8d33d480_3862 .array/port v0xabdf8d33d480, 3862;
v0xabdf8d33d480_3863 .array/port v0xabdf8d33d480, 3863;
v0xabdf8d33d480_3864 .array/port v0xabdf8d33d480, 3864;
E_0xabdf8d0ee570/967 .event anyedge, v0xabdf8d33d480_3861, v0xabdf8d33d480_3862, v0xabdf8d33d480_3863, v0xabdf8d33d480_3864;
v0xabdf8d33d480_3865 .array/port v0xabdf8d33d480, 3865;
v0xabdf8d33d480_3866 .array/port v0xabdf8d33d480, 3866;
v0xabdf8d33d480_3867 .array/port v0xabdf8d33d480, 3867;
v0xabdf8d33d480_3868 .array/port v0xabdf8d33d480, 3868;
E_0xabdf8d0ee570/968 .event anyedge, v0xabdf8d33d480_3865, v0xabdf8d33d480_3866, v0xabdf8d33d480_3867, v0xabdf8d33d480_3868;
v0xabdf8d33d480_3869 .array/port v0xabdf8d33d480, 3869;
v0xabdf8d33d480_3870 .array/port v0xabdf8d33d480, 3870;
v0xabdf8d33d480_3871 .array/port v0xabdf8d33d480, 3871;
v0xabdf8d33d480_3872 .array/port v0xabdf8d33d480, 3872;
E_0xabdf8d0ee570/969 .event anyedge, v0xabdf8d33d480_3869, v0xabdf8d33d480_3870, v0xabdf8d33d480_3871, v0xabdf8d33d480_3872;
v0xabdf8d33d480_3873 .array/port v0xabdf8d33d480, 3873;
v0xabdf8d33d480_3874 .array/port v0xabdf8d33d480, 3874;
v0xabdf8d33d480_3875 .array/port v0xabdf8d33d480, 3875;
v0xabdf8d33d480_3876 .array/port v0xabdf8d33d480, 3876;
E_0xabdf8d0ee570/970 .event anyedge, v0xabdf8d33d480_3873, v0xabdf8d33d480_3874, v0xabdf8d33d480_3875, v0xabdf8d33d480_3876;
v0xabdf8d33d480_3877 .array/port v0xabdf8d33d480, 3877;
v0xabdf8d33d480_3878 .array/port v0xabdf8d33d480, 3878;
v0xabdf8d33d480_3879 .array/port v0xabdf8d33d480, 3879;
v0xabdf8d33d480_3880 .array/port v0xabdf8d33d480, 3880;
E_0xabdf8d0ee570/971 .event anyedge, v0xabdf8d33d480_3877, v0xabdf8d33d480_3878, v0xabdf8d33d480_3879, v0xabdf8d33d480_3880;
v0xabdf8d33d480_3881 .array/port v0xabdf8d33d480, 3881;
v0xabdf8d33d480_3882 .array/port v0xabdf8d33d480, 3882;
v0xabdf8d33d480_3883 .array/port v0xabdf8d33d480, 3883;
v0xabdf8d33d480_3884 .array/port v0xabdf8d33d480, 3884;
E_0xabdf8d0ee570/972 .event anyedge, v0xabdf8d33d480_3881, v0xabdf8d33d480_3882, v0xabdf8d33d480_3883, v0xabdf8d33d480_3884;
v0xabdf8d33d480_3885 .array/port v0xabdf8d33d480, 3885;
v0xabdf8d33d480_3886 .array/port v0xabdf8d33d480, 3886;
v0xabdf8d33d480_3887 .array/port v0xabdf8d33d480, 3887;
v0xabdf8d33d480_3888 .array/port v0xabdf8d33d480, 3888;
E_0xabdf8d0ee570/973 .event anyedge, v0xabdf8d33d480_3885, v0xabdf8d33d480_3886, v0xabdf8d33d480_3887, v0xabdf8d33d480_3888;
v0xabdf8d33d480_3889 .array/port v0xabdf8d33d480, 3889;
v0xabdf8d33d480_3890 .array/port v0xabdf8d33d480, 3890;
v0xabdf8d33d480_3891 .array/port v0xabdf8d33d480, 3891;
v0xabdf8d33d480_3892 .array/port v0xabdf8d33d480, 3892;
E_0xabdf8d0ee570/974 .event anyedge, v0xabdf8d33d480_3889, v0xabdf8d33d480_3890, v0xabdf8d33d480_3891, v0xabdf8d33d480_3892;
v0xabdf8d33d480_3893 .array/port v0xabdf8d33d480, 3893;
v0xabdf8d33d480_3894 .array/port v0xabdf8d33d480, 3894;
v0xabdf8d33d480_3895 .array/port v0xabdf8d33d480, 3895;
v0xabdf8d33d480_3896 .array/port v0xabdf8d33d480, 3896;
E_0xabdf8d0ee570/975 .event anyedge, v0xabdf8d33d480_3893, v0xabdf8d33d480_3894, v0xabdf8d33d480_3895, v0xabdf8d33d480_3896;
v0xabdf8d33d480_3897 .array/port v0xabdf8d33d480, 3897;
v0xabdf8d33d480_3898 .array/port v0xabdf8d33d480, 3898;
v0xabdf8d33d480_3899 .array/port v0xabdf8d33d480, 3899;
v0xabdf8d33d480_3900 .array/port v0xabdf8d33d480, 3900;
E_0xabdf8d0ee570/976 .event anyedge, v0xabdf8d33d480_3897, v0xabdf8d33d480_3898, v0xabdf8d33d480_3899, v0xabdf8d33d480_3900;
v0xabdf8d33d480_3901 .array/port v0xabdf8d33d480, 3901;
v0xabdf8d33d480_3902 .array/port v0xabdf8d33d480, 3902;
v0xabdf8d33d480_3903 .array/port v0xabdf8d33d480, 3903;
v0xabdf8d33d480_3904 .array/port v0xabdf8d33d480, 3904;
E_0xabdf8d0ee570/977 .event anyedge, v0xabdf8d33d480_3901, v0xabdf8d33d480_3902, v0xabdf8d33d480_3903, v0xabdf8d33d480_3904;
v0xabdf8d33d480_3905 .array/port v0xabdf8d33d480, 3905;
v0xabdf8d33d480_3906 .array/port v0xabdf8d33d480, 3906;
v0xabdf8d33d480_3907 .array/port v0xabdf8d33d480, 3907;
v0xabdf8d33d480_3908 .array/port v0xabdf8d33d480, 3908;
E_0xabdf8d0ee570/978 .event anyedge, v0xabdf8d33d480_3905, v0xabdf8d33d480_3906, v0xabdf8d33d480_3907, v0xabdf8d33d480_3908;
v0xabdf8d33d480_3909 .array/port v0xabdf8d33d480, 3909;
v0xabdf8d33d480_3910 .array/port v0xabdf8d33d480, 3910;
v0xabdf8d33d480_3911 .array/port v0xabdf8d33d480, 3911;
v0xabdf8d33d480_3912 .array/port v0xabdf8d33d480, 3912;
E_0xabdf8d0ee570/979 .event anyedge, v0xabdf8d33d480_3909, v0xabdf8d33d480_3910, v0xabdf8d33d480_3911, v0xabdf8d33d480_3912;
v0xabdf8d33d480_3913 .array/port v0xabdf8d33d480, 3913;
v0xabdf8d33d480_3914 .array/port v0xabdf8d33d480, 3914;
v0xabdf8d33d480_3915 .array/port v0xabdf8d33d480, 3915;
v0xabdf8d33d480_3916 .array/port v0xabdf8d33d480, 3916;
E_0xabdf8d0ee570/980 .event anyedge, v0xabdf8d33d480_3913, v0xabdf8d33d480_3914, v0xabdf8d33d480_3915, v0xabdf8d33d480_3916;
v0xabdf8d33d480_3917 .array/port v0xabdf8d33d480, 3917;
v0xabdf8d33d480_3918 .array/port v0xabdf8d33d480, 3918;
v0xabdf8d33d480_3919 .array/port v0xabdf8d33d480, 3919;
v0xabdf8d33d480_3920 .array/port v0xabdf8d33d480, 3920;
E_0xabdf8d0ee570/981 .event anyedge, v0xabdf8d33d480_3917, v0xabdf8d33d480_3918, v0xabdf8d33d480_3919, v0xabdf8d33d480_3920;
v0xabdf8d33d480_3921 .array/port v0xabdf8d33d480, 3921;
v0xabdf8d33d480_3922 .array/port v0xabdf8d33d480, 3922;
v0xabdf8d33d480_3923 .array/port v0xabdf8d33d480, 3923;
v0xabdf8d33d480_3924 .array/port v0xabdf8d33d480, 3924;
E_0xabdf8d0ee570/982 .event anyedge, v0xabdf8d33d480_3921, v0xabdf8d33d480_3922, v0xabdf8d33d480_3923, v0xabdf8d33d480_3924;
v0xabdf8d33d480_3925 .array/port v0xabdf8d33d480, 3925;
v0xabdf8d33d480_3926 .array/port v0xabdf8d33d480, 3926;
v0xabdf8d33d480_3927 .array/port v0xabdf8d33d480, 3927;
v0xabdf8d33d480_3928 .array/port v0xabdf8d33d480, 3928;
E_0xabdf8d0ee570/983 .event anyedge, v0xabdf8d33d480_3925, v0xabdf8d33d480_3926, v0xabdf8d33d480_3927, v0xabdf8d33d480_3928;
v0xabdf8d33d480_3929 .array/port v0xabdf8d33d480, 3929;
v0xabdf8d33d480_3930 .array/port v0xabdf8d33d480, 3930;
v0xabdf8d33d480_3931 .array/port v0xabdf8d33d480, 3931;
v0xabdf8d33d480_3932 .array/port v0xabdf8d33d480, 3932;
E_0xabdf8d0ee570/984 .event anyedge, v0xabdf8d33d480_3929, v0xabdf8d33d480_3930, v0xabdf8d33d480_3931, v0xabdf8d33d480_3932;
v0xabdf8d33d480_3933 .array/port v0xabdf8d33d480, 3933;
v0xabdf8d33d480_3934 .array/port v0xabdf8d33d480, 3934;
v0xabdf8d33d480_3935 .array/port v0xabdf8d33d480, 3935;
v0xabdf8d33d480_3936 .array/port v0xabdf8d33d480, 3936;
E_0xabdf8d0ee570/985 .event anyedge, v0xabdf8d33d480_3933, v0xabdf8d33d480_3934, v0xabdf8d33d480_3935, v0xabdf8d33d480_3936;
v0xabdf8d33d480_3937 .array/port v0xabdf8d33d480, 3937;
v0xabdf8d33d480_3938 .array/port v0xabdf8d33d480, 3938;
v0xabdf8d33d480_3939 .array/port v0xabdf8d33d480, 3939;
v0xabdf8d33d480_3940 .array/port v0xabdf8d33d480, 3940;
E_0xabdf8d0ee570/986 .event anyedge, v0xabdf8d33d480_3937, v0xabdf8d33d480_3938, v0xabdf8d33d480_3939, v0xabdf8d33d480_3940;
v0xabdf8d33d480_3941 .array/port v0xabdf8d33d480, 3941;
v0xabdf8d33d480_3942 .array/port v0xabdf8d33d480, 3942;
v0xabdf8d33d480_3943 .array/port v0xabdf8d33d480, 3943;
v0xabdf8d33d480_3944 .array/port v0xabdf8d33d480, 3944;
E_0xabdf8d0ee570/987 .event anyedge, v0xabdf8d33d480_3941, v0xabdf8d33d480_3942, v0xabdf8d33d480_3943, v0xabdf8d33d480_3944;
v0xabdf8d33d480_3945 .array/port v0xabdf8d33d480, 3945;
v0xabdf8d33d480_3946 .array/port v0xabdf8d33d480, 3946;
v0xabdf8d33d480_3947 .array/port v0xabdf8d33d480, 3947;
v0xabdf8d33d480_3948 .array/port v0xabdf8d33d480, 3948;
E_0xabdf8d0ee570/988 .event anyedge, v0xabdf8d33d480_3945, v0xabdf8d33d480_3946, v0xabdf8d33d480_3947, v0xabdf8d33d480_3948;
v0xabdf8d33d480_3949 .array/port v0xabdf8d33d480, 3949;
v0xabdf8d33d480_3950 .array/port v0xabdf8d33d480, 3950;
v0xabdf8d33d480_3951 .array/port v0xabdf8d33d480, 3951;
v0xabdf8d33d480_3952 .array/port v0xabdf8d33d480, 3952;
E_0xabdf8d0ee570/989 .event anyedge, v0xabdf8d33d480_3949, v0xabdf8d33d480_3950, v0xabdf8d33d480_3951, v0xabdf8d33d480_3952;
v0xabdf8d33d480_3953 .array/port v0xabdf8d33d480, 3953;
v0xabdf8d33d480_3954 .array/port v0xabdf8d33d480, 3954;
v0xabdf8d33d480_3955 .array/port v0xabdf8d33d480, 3955;
v0xabdf8d33d480_3956 .array/port v0xabdf8d33d480, 3956;
E_0xabdf8d0ee570/990 .event anyedge, v0xabdf8d33d480_3953, v0xabdf8d33d480_3954, v0xabdf8d33d480_3955, v0xabdf8d33d480_3956;
v0xabdf8d33d480_3957 .array/port v0xabdf8d33d480, 3957;
v0xabdf8d33d480_3958 .array/port v0xabdf8d33d480, 3958;
v0xabdf8d33d480_3959 .array/port v0xabdf8d33d480, 3959;
v0xabdf8d33d480_3960 .array/port v0xabdf8d33d480, 3960;
E_0xabdf8d0ee570/991 .event anyedge, v0xabdf8d33d480_3957, v0xabdf8d33d480_3958, v0xabdf8d33d480_3959, v0xabdf8d33d480_3960;
v0xabdf8d33d480_3961 .array/port v0xabdf8d33d480, 3961;
v0xabdf8d33d480_3962 .array/port v0xabdf8d33d480, 3962;
v0xabdf8d33d480_3963 .array/port v0xabdf8d33d480, 3963;
v0xabdf8d33d480_3964 .array/port v0xabdf8d33d480, 3964;
E_0xabdf8d0ee570/992 .event anyedge, v0xabdf8d33d480_3961, v0xabdf8d33d480_3962, v0xabdf8d33d480_3963, v0xabdf8d33d480_3964;
v0xabdf8d33d480_3965 .array/port v0xabdf8d33d480, 3965;
v0xabdf8d33d480_3966 .array/port v0xabdf8d33d480, 3966;
v0xabdf8d33d480_3967 .array/port v0xabdf8d33d480, 3967;
v0xabdf8d33d480_3968 .array/port v0xabdf8d33d480, 3968;
E_0xabdf8d0ee570/993 .event anyedge, v0xabdf8d33d480_3965, v0xabdf8d33d480_3966, v0xabdf8d33d480_3967, v0xabdf8d33d480_3968;
v0xabdf8d33d480_3969 .array/port v0xabdf8d33d480, 3969;
v0xabdf8d33d480_3970 .array/port v0xabdf8d33d480, 3970;
v0xabdf8d33d480_3971 .array/port v0xabdf8d33d480, 3971;
v0xabdf8d33d480_3972 .array/port v0xabdf8d33d480, 3972;
E_0xabdf8d0ee570/994 .event anyedge, v0xabdf8d33d480_3969, v0xabdf8d33d480_3970, v0xabdf8d33d480_3971, v0xabdf8d33d480_3972;
v0xabdf8d33d480_3973 .array/port v0xabdf8d33d480, 3973;
v0xabdf8d33d480_3974 .array/port v0xabdf8d33d480, 3974;
v0xabdf8d33d480_3975 .array/port v0xabdf8d33d480, 3975;
v0xabdf8d33d480_3976 .array/port v0xabdf8d33d480, 3976;
E_0xabdf8d0ee570/995 .event anyedge, v0xabdf8d33d480_3973, v0xabdf8d33d480_3974, v0xabdf8d33d480_3975, v0xabdf8d33d480_3976;
v0xabdf8d33d480_3977 .array/port v0xabdf8d33d480, 3977;
v0xabdf8d33d480_3978 .array/port v0xabdf8d33d480, 3978;
v0xabdf8d33d480_3979 .array/port v0xabdf8d33d480, 3979;
v0xabdf8d33d480_3980 .array/port v0xabdf8d33d480, 3980;
E_0xabdf8d0ee570/996 .event anyedge, v0xabdf8d33d480_3977, v0xabdf8d33d480_3978, v0xabdf8d33d480_3979, v0xabdf8d33d480_3980;
v0xabdf8d33d480_3981 .array/port v0xabdf8d33d480, 3981;
v0xabdf8d33d480_3982 .array/port v0xabdf8d33d480, 3982;
v0xabdf8d33d480_3983 .array/port v0xabdf8d33d480, 3983;
v0xabdf8d33d480_3984 .array/port v0xabdf8d33d480, 3984;
E_0xabdf8d0ee570/997 .event anyedge, v0xabdf8d33d480_3981, v0xabdf8d33d480_3982, v0xabdf8d33d480_3983, v0xabdf8d33d480_3984;
v0xabdf8d33d480_3985 .array/port v0xabdf8d33d480, 3985;
v0xabdf8d33d480_3986 .array/port v0xabdf8d33d480, 3986;
v0xabdf8d33d480_3987 .array/port v0xabdf8d33d480, 3987;
v0xabdf8d33d480_3988 .array/port v0xabdf8d33d480, 3988;
E_0xabdf8d0ee570/998 .event anyedge, v0xabdf8d33d480_3985, v0xabdf8d33d480_3986, v0xabdf8d33d480_3987, v0xabdf8d33d480_3988;
v0xabdf8d33d480_3989 .array/port v0xabdf8d33d480, 3989;
v0xabdf8d33d480_3990 .array/port v0xabdf8d33d480, 3990;
v0xabdf8d33d480_3991 .array/port v0xabdf8d33d480, 3991;
v0xabdf8d33d480_3992 .array/port v0xabdf8d33d480, 3992;
E_0xabdf8d0ee570/999 .event anyedge, v0xabdf8d33d480_3989, v0xabdf8d33d480_3990, v0xabdf8d33d480_3991, v0xabdf8d33d480_3992;
v0xabdf8d33d480_3993 .array/port v0xabdf8d33d480, 3993;
v0xabdf8d33d480_3994 .array/port v0xabdf8d33d480, 3994;
v0xabdf8d33d480_3995 .array/port v0xabdf8d33d480, 3995;
v0xabdf8d33d480_3996 .array/port v0xabdf8d33d480, 3996;
E_0xabdf8d0ee570/1000 .event anyedge, v0xabdf8d33d480_3993, v0xabdf8d33d480_3994, v0xabdf8d33d480_3995, v0xabdf8d33d480_3996;
v0xabdf8d33d480_3997 .array/port v0xabdf8d33d480, 3997;
v0xabdf8d33d480_3998 .array/port v0xabdf8d33d480, 3998;
v0xabdf8d33d480_3999 .array/port v0xabdf8d33d480, 3999;
v0xabdf8d33d480_4000 .array/port v0xabdf8d33d480, 4000;
E_0xabdf8d0ee570/1001 .event anyedge, v0xabdf8d33d480_3997, v0xabdf8d33d480_3998, v0xabdf8d33d480_3999, v0xabdf8d33d480_4000;
v0xabdf8d33d480_4001 .array/port v0xabdf8d33d480, 4001;
v0xabdf8d33d480_4002 .array/port v0xabdf8d33d480, 4002;
v0xabdf8d33d480_4003 .array/port v0xabdf8d33d480, 4003;
v0xabdf8d33d480_4004 .array/port v0xabdf8d33d480, 4004;
E_0xabdf8d0ee570/1002 .event anyedge, v0xabdf8d33d480_4001, v0xabdf8d33d480_4002, v0xabdf8d33d480_4003, v0xabdf8d33d480_4004;
v0xabdf8d33d480_4005 .array/port v0xabdf8d33d480, 4005;
v0xabdf8d33d480_4006 .array/port v0xabdf8d33d480, 4006;
v0xabdf8d33d480_4007 .array/port v0xabdf8d33d480, 4007;
v0xabdf8d33d480_4008 .array/port v0xabdf8d33d480, 4008;
E_0xabdf8d0ee570/1003 .event anyedge, v0xabdf8d33d480_4005, v0xabdf8d33d480_4006, v0xabdf8d33d480_4007, v0xabdf8d33d480_4008;
v0xabdf8d33d480_4009 .array/port v0xabdf8d33d480, 4009;
v0xabdf8d33d480_4010 .array/port v0xabdf8d33d480, 4010;
v0xabdf8d33d480_4011 .array/port v0xabdf8d33d480, 4011;
v0xabdf8d33d480_4012 .array/port v0xabdf8d33d480, 4012;
E_0xabdf8d0ee570/1004 .event anyedge, v0xabdf8d33d480_4009, v0xabdf8d33d480_4010, v0xabdf8d33d480_4011, v0xabdf8d33d480_4012;
v0xabdf8d33d480_4013 .array/port v0xabdf8d33d480, 4013;
v0xabdf8d33d480_4014 .array/port v0xabdf8d33d480, 4014;
v0xabdf8d33d480_4015 .array/port v0xabdf8d33d480, 4015;
v0xabdf8d33d480_4016 .array/port v0xabdf8d33d480, 4016;
E_0xabdf8d0ee570/1005 .event anyedge, v0xabdf8d33d480_4013, v0xabdf8d33d480_4014, v0xabdf8d33d480_4015, v0xabdf8d33d480_4016;
v0xabdf8d33d480_4017 .array/port v0xabdf8d33d480, 4017;
v0xabdf8d33d480_4018 .array/port v0xabdf8d33d480, 4018;
v0xabdf8d33d480_4019 .array/port v0xabdf8d33d480, 4019;
v0xabdf8d33d480_4020 .array/port v0xabdf8d33d480, 4020;
E_0xabdf8d0ee570/1006 .event anyedge, v0xabdf8d33d480_4017, v0xabdf8d33d480_4018, v0xabdf8d33d480_4019, v0xabdf8d33d480_4020;
v0xabdf8d33d480_4021 .array/port v0xabdf8d33d480, 4021;
v0xabdf8d33d480_4022 .array/port v0xabdf8d33d480, 4022;
v0xabdf8d33d480_4023 .array/port v0xabdf8d33d480, 4023;
v0xabdf8d33d480_4024 .array/port v0xabdf8d33d480, 4024;
E_0xabdf8d0ee570/1007 .event anyedge, v0xabdf8d33d480_4021, v0xabdf8d33d480_4022, v0xabdf8d33d480_4023, v0xabdf8d33d480_4024;
v0xabdf8d33d480_4025 .array/port v0xabdf8d33d480, 4025;
v0xabdf8d33d480_4026 .array/port v0xabdf8d33d480, 4026;
v0xabdf8d33d480_4027 .array/port v0xabdf8d33d480, 4027;
v0xabdf8d33d480_4028 .array/port v0xabdf8d33d480, 4028;
E_0xabdf8d0ee570/1008 .event anyedge, v0xabdf8d33d480_4025, v0xabdf8d33d480_4026, v0xabdf8d33d480_4027, v0xabdf8d33d480_4028;
v0xabdf8d33d480_4029 .array/port v0xabdf8d33d480, 4029;
v0xabdf8d33d480_4030 .array/port v0xabdf8d33d480, 4030;
v0xabdf8d33d480_4031 .array/port v0xabdf8d33d480, 4031;
v0xabdf8d33d480_4032 .array/port v0xabdf8d33d480, 4032;
E_0xabdf8d0ee570/1009 .event anyedge, v0xabdf8d33d480_4029, v0xabdf8d33d480_4030, v0xabdf8d33d480_4031, v0xabdf8d33d480_4032;
v0xabdf8d33d480_4033 .array/port v0xabdf8d33d480, 4033;
v0xabdf8d33d480_4034 .array/port v0xabdf8d33d480, 4034;
v0xabdf8d33d480_4035 .array/port v0xabdf8d33d480, 4035;
v0xabdf8d33d480_4036 .array/port v0xabdf8d33d480, 4036;
E_0xabdf8d0ee570/1010 .event anyedge, v0xabdf8d33d480_4033, v0xabdf8d33d480_4034, v0xabdf8d33d480_4035, v0xabdf8d33d480_4036;
v0xabdf8d33d480_4037 .array/port v0xabdf8d33d480, 4037;
v0xabdf8d33d480_4038 .array/port v0xabdf8d33d480, 4038;
v0xabdf8d33d480_4039 .array/port v0xabdf8d33d480, 4039;
v0xabdf8d33d480_4040 .array/port v0xabdf8d33d480, 4040;
E_0xabdf8d0ee570/1011 .event anyedge, v0xabdf8d33d480_4037, v0xabdf8d33d480_4038, v0xabdf8d33d480_4039, v0xabdf8d33d480_4040;
v0xabdf8d33d480_4041 .array/port v0xabdf8d33d480, 4041;
v0xabdf8d33d480_4042 .array/port v0xabdf8d33d480, 4042;
v0xabdf8d33d480_4043 .array/port v0xabdf8d33d480, 4043;
v0xabdf8d33d480_4044 .array/port v0xabdf8d33d480, 4044;
E_0xabdf8d0ee570/1012 .event anyedge, v0xabdf8d33d480_4041, v0xabdf8d33d480_4042, v0xabdf8d33d480_4043, v0xabdf8d33d480_4044;
v0xabdf8d33d480_4045 .array/port v0xabdf8d33d480, 4045;
v0xabdf8d33d480_4046 .array/port v0xabdf8d33d480, 4046;
v0xabdf8d33d480_4047 .array/port v0xabdf8d33d480, 4047;
v0xabdf8d33d480_4048 .array/port v0xabdf8d33d480, 4048;
E_0xabdf8d0ee570/1013 .event anyedge, v0xabdf8d33d480_4045, v0xabdf8d33d480_4046, v0xabdf8d33d480_4047, v0xabdf8d33d480_4048;
v0xabdf8d33d480_4049 .array/port v0xabdf8d33d480, 4049;
v0xabdf8d33d480_4050 .array/port v0xabdf8d33d480, 4050;
v0xabdf8d33d480_4051 .array/port v0xabdf8d33d480, 4051;
v0xabdf8d33d480_4052 .array/port v0xabdf8d33d480, 4052;
E_0xabdf8d0ee570/1014 .event anyedge, v0xabdf8d33d480_4049, v0xabdf8d33d480_4050, v0xabdf8d33d480_4051, v0xabdf8d33d480_4052;
v0xabdf8d33d480_4053 .array/port v0xabdf8d33d480, 4053;
v0xabdf8d33d480_4054 .array/port v0xabdf8d33d480, 4054;
v0xabdf8d33d480_4055 .array/port v0xabdf8d33d480, 4055;
v0xabdf8d33d480_4056 .array/port v0xabdf8d33d480, 4056;
E_0xabdf8d0ee570/1015 .event anyedge, v0xabdf8d33d480_4053, v0xabdf8d33d480_4054, v0xabdf8d33d480_4055, v0xabdf8d33d480_4056;
v0xabdf8d33d480_4057 .array/port v0xabdf8d33d480, 4057;
v0xabdf8d33d480_4058 .array/port v0xabdf8d33d480, 4058;
v0xabdf8d33d480_4059 .array/port v0xabdf8d33d480, 4059;
v0xabdf8d33d480_4060 .array/port v0xabdf8d33d480, 4060;
E_0xabdf8d0ee570/1016 .event anyedge, v0xabdf8d33d480_4057, v0xabdf8d33d480_4058, v0xabdf8d33d480_4059, v0xabdf8d33d480_4060;
v0xabdf8d33d480_4061 .array/port v0xabdf8d33d480, 4061;
v0xabdf8d33d480_4062 .array/port v0xabdf8d33d480, 4062;
v0xabdf8d33d480_4063 .array/port v0xabdf8d33d480, 4063;
v0xabdf8d33d480_4064 .array/port v0xabdf8d33d480, 4064;
E_0xabdf8d0ee570/1017 .event anyedge, v0xabdf8d33d480_4061, v0xabdf8d33d480_4062, v0xabdf8d33d480_4063, v0xabdf8d33d480_4064;
v0xabdf8d33d480_4065 .array/port v0xabdf8d33d480, 4065;
v0xabdf8d33d480_4066 .array/port v0xabdf8d33d480, 4066;
v0xabdf8d33d480_4067 .array/port v0xabdf8d33d480, 4067;
v0xabdf8d33d480_4068 .array/port v0xabdf8d33d480, 4068;
E_0xabdf8d0ee570/1018 .event anyedge, v0xabdf8d33d480_4065, v0xabdf8d33d480_4066, v0xabdf8d33d480_4067, v0xabdf8d33d480_4068;
v0xabdf8d33d480_4069 .array/port v0xabdf8d33d480, 4069;
v0xabdf8d33d480_4070 .array/port v0xabdf8d33d480, 4070;
v0xabdf8d33d480_4071 .array/port v0xabdf8d33d480, 4071;
v0xabdf8d33d480_4072 .array/port v0xabdf8d33d480, 4072;
E_0xabdf8d0ee570/1019 .event anyedge, v0xabdf8d33d480_4069, v0xabdf8d33d480_4070, v0xabdf8d33d480_4071, v0xabdf8d33d480_4072;
v0xabdf8d33d480_4073 .array/port v0xabdf8d33d480, 4073;
v0xabdf8d33d480_4074 .array/port v0xabdf8d33d480, 4074;
v0xabdf8d33d480_4075 .array/port v0xabdf8d33d480, 4075;
v0xabdf8d33d480_4076 .array/port v0xabdf8d33d480, 4076;
E_0xabdf8d0ee570/1020 .event anyedge, v0xabdf8d33d480_4073, v0xabdf8d33d480_4074, v0xabdf8d33d480_4075, v0xabdf8d33d480_4076;
v0xabdf8d33d480_4077 .array/port v0xabdf8d33d480, 4077;
v0xabdf8d33d480_4078 .array/port v0xabdf8d33d480, 4078;
v0xabdf8d33d480_4079 .array/port v0xabdf8d33d480, 4079;
v0xabdf8d33d480_4080 .array/port v0xabdf8d33d480, 4080;
E_0xabdf8d0ee570/1021 .event anyedge, v0xabdf8d33d480_4077, v0xabdf8d33d480_4078, v0xabdf8d33d480_4079, v0xabdf8d33d480_4080;
v0xabdf8d33d480_4081 .array/port v0xabdf8d33d480, 4081;
v0xabdf8d33d480_4082 .array/port v0xabdf8d33d480, 4082;
v0xabdf8d33d480_4083 .array/port v0xabdf8d33d480, 4083;
v0xabdf8d33d480_4084 .array/port v0xabdf8d33d480, 4084;
E_0xabdf8d0ee570/1022 .event anyedge, v0xabdf8d33d480_4081, v0xabdf8d33d480_4082, v0xabdf8d33d480_4083, v0xabdf8d33d480_4084;
v0xabdf8d33d480_4085 .array/port v0xabdf8d33d480, 4085;
v0xabdf8d33d480_4086 .array/port v0xabdf8d33d480, 4086;
v0xabdf8d33d480_4087 .array/port v0xabdf8d33d480, 4087;
v0xabdf8d33d480_4088 .array/port v0xabdf8d33d480, 4088;
E_0xabdf8d0ee570/1023 .event anyedge, v0xabdf8d33d480_4085, v0xabdf8d33d480_4086, v0xabdf8d33d480_4087, v0xabdf8d33d480_4088;
v0xabdf8d33d480_4089 .array/port v0xabdf8d33d480, 4089;
v0xabdf8d33d480_4090 .array/port v0xabdf8d33d480, 4090;
v0xabdf8d33d480_4091 .array/port v0xabdf8d33d480, 4091;
v0xabdf8d33d480_4092 .array/port v0xabdf8d33d480, 4092;
E_0xabdf8d0ee570/1024 .event anyedge, v0xabdf8d33d480_4089, v0xabdf8d33d480_4090, v0xabdf8d33d480_4091, v0xabdf8d33d480_4092;
v0xabdf8d33d480_4093 .array/port v0xabdf8d33d480, 4093;
v0xabdf8d33d480_4094 .array/port v0xabdf8d33d480, 4094;
v0xabdf8d33d480_4095 .array/port v0xabdf8d33d480, 4095;
v0xabdf8d33d480_4096 .array/port v0xabdf8d33d480, 4096;
E_0xabdf8d0ee570/1025 .event anyedge, v0xabdf8d33d480_4093, v0xabdf8d33d480_4094, v0xabdf8d33d480_4095, v0xabdf8d33d480_4096;
v0xabdf8d33d480_4097 .array/port v0xabdf8d33d480, 4097;
v0xabdf8d33d480_4098 .array/port v0xabdf8d33d480, 4098;
v0xabdf8d33d480_4099 .array/port v0xabdf8d33d480, 4099;
v0xabdf8d33d480_4100 .array/port v0xabdf8d33d480, 4100;
E_0xabdf8d0ee570/1026 .event anyedge, v0xabdf8d33d480_4097, v0xabdf8d33d480_4098, v0xabdf8d33d480_4099, v0xabdf8d33d480_4100;
v0xabdf8d33d480_4101 .array/port v0xabdf8d33d480, 4101;
v0xabdf8d33d480_4102 .array/port v0xabdf8d33d480, 4102;
v0xabdf8d33d480_4103 .array/port v0xabdf8d33d480, 4103;
v0xabdf8d33d480_4104 .array/port v0xabdf8d33d480, 4104;
E_0xabdf8d0ee570/1027 .event anyedge, v0xabdf8d33d480_4101, v0xabdf8d33d480_4102, v0xabdf8d33d480_4103, v0xabdf8d33d480_4104;
v0xabdf8d33d480_4105 .array/port v0xabdf8d33d480, 4105;
v0xabdf8d33d480_4106 .array/port v0xabdf8d33d480, 4106;
v0xabdf8d33d480_4107 .array/port v0xabdf8d33d480, 4107;
v0xabdf8d33d480_4108 .array/port v0xabdf8d33d480, 4108;
E_0xabdf8d0ee570/1028 .event anyedge, v0xabdf8d33d480_4105, v0xabdf8d33d480_4106, v0xabdf8d33d480_4107, v0xabdf8d33d480_4108;
v0xabdf8d33d480_4109 .array/port v0xabdf8d33d480, 4109;
v0xabdf8d33d480_4110 .array/port v0xabdf8d33d480, 4110;
v0xabdf8d33d480_4111 .array/port v0xabdf8d33d480, 4111;
v0xabdf8d33d480_4112 .array/port v0xabdf8d33d480, 4112;
E_0xabdf8d0ee570/1029 .event anyedge, v0xabdf8d33d480_4109, v0xabdf8d33d480_4110, v0xabdf8d33d480_4111, v0xabdf8d33d480_4112;
v0xabdf8d33d480_4113 .array/port v0xabdf8d33d480, 4113;
v0xabdf8d33d480_4114 .array/port v0xabdf8d33d480, 4114;
v0xabdf8d33d480_4115 .array/port v0xabdf8d33d480, 4115;
v0xabdf8d33d480_4116 .array/port v0xabdf8d33d480, 4116;
E_0xabdf8d0ee570/1030 .event anyedge, v0xabdf8d33d480_4113, v0xabdf8d33d480_4114, v0xabdf8d33d480_4115, v0xabdf8d33d480_4116;
v0xabdf8d33d480_4117 .array/port v0xabdf8d33d480, 4117;
v0xabdf8d33d480_4118 .array/port v0xabdf8d33d480, 4118;
v0xabdf8d33d480_4119 .array/port v0xabdf8d33d480, 4119;
v0xabdf8d33d480_4120 .array/port v0xabdf8d33d480, 4120;
E_0xabdf8d0ee570/1031 .event anyedge, v0xabdf8d33d480_4117, v0xabdf8d33d480_4118, v0xabdf8d33d480_4119, v0xabdf8d33d480_4120;
v0xabdf8d33d480_4121 .array/port v0xabdf8d33d480, 4121;
v0xabdf8d33d480_4122 .array/port v0xabdf8d33d480, 4122;
v0xabdf8d33d480_4123 .array/port v0xabdf8d33d480, 4123;
v0xabdf8d33d480_4124 .array/port v0xabdf8d33d480, 4124;
E_0xabdf8d0ee570/1032 .event anyedge, v0xabdf8d33d480_4121, v0xabdf8d33d480_4122, v0xabdf8d33d480_4123, v0xabdf8d33d480_4124;
v0xabdf8d33d480_4125 .array/port v0xabdf8d33d480, 4125;
v0xabdf8d33d480_4126 .array/port v0xabdf8d33d480, 4126;
v0xabdf8d33d480_4127 .array/port v0xabdf8d33d480, 4127;
v0xabdf8d33d480_4128 .array/port v0xabdf8d33d480, 4128;
E_0xabdf8d0ee570/1033 .event anyedge, v0xabdf8d33d480_4125, v0xabdf8d33d480_4126, v0xabdf8d33d480_4127, v0xabdf8d33d480_4128;
v0xabdf8d33d480_4129 .array/port v0xabdf8d33d480, 4129;
v0xabdf8d33d480_4130 .array/port v0xabdf8d33d480, 4130;
v0xabdf8d33d480_4131 .array/port v0xabdf8d33d480, 4131;
v0xabdf8d33d480_4132 .array/port v0xabdf8d33d480, 4132;
E_0xabdf8d0ee570/1034 .event anyedge, v0xabdf8d33d480_4129, v0xabdf8d33d480_4130, v0xabdf8d33d480_4131, v0xabdf8d33d480_4132;
v0xabdf8d33d480_4133 .array/port v0xabdf8d33d480, 4133;
v0xabdf8d33d480_4134 .array/port v0xabdf8d33d480, 4134;
v0xabdf8d33d480_4135 .array/port v0xabdf8d33d480, 4135;
v0xabdf8d33d480_4136 .array/port v0xabdf8d33d480, 4136;
E_0xabdf8d0ee570/1035 .event anyedge, v0xabdf8d33d480_4133, v0xabdf8d33d480_4134, v0xabdf8d33d480_4135, v0xabdf8d33d480_4136;
v0xabdf8d33d480_4137 .array/port v0xabdf8d33d480, 4137;
v0xabdf8d33d480_4138 .array/port v0xabdf8d33d480, 4138;
v0xabdf8d33d480_4139 .array/port v0xabdf8d33d480, 4139;
v0xabdf8d33d480_4140 .array/port v0xabdf8d33d480, 4140;
E_0xabdf8d0ee570/1036 .event anyedge, v0xabdf8d33d480_4137, v0xabdf8d33d480_4138, v0xabdf8d33d480_4139, v0xabdf8d33d480_4140;
v0xabdf8d33d480_4141 .array/port v0xabdf8d33d480, 4141;
v0xabdf8d33d480_4142 .array/port v0xabdf8d33d480, 4142;
v0xabdf8d33d480_4143 .array/port v0xabdf8d33d480, 4143;
v0xabdf8d33d480_4144 .array/port v0xabdf8d33d480, 4144;
E_0xabdf8d0ee570/1037 .event anyedge, v0xabdf8d33d480_4141, v0xabdf8d33d480_4142, v0xabdf8d33d480_4143, v0xabdf8d33d480_4144;
v0xabdf8d33d480_4145 .array/port v0xabdf8d33d480, 4145;
v0xabdf8d33d480_4146 .array/port v0xabdf8d33d480, 4146;
v0xabdf8d33d480_4147 .array/port v0xabdf8d33d480, 4147;
v0xabdf8d33d480_4148 .array/port v0xabdf8d33d480, 4148;
E_0xabdf8d0ee570/1038 .event anyedge, v0xabdf8d33d480_4145, v0xabdf8d33d480_4146, v0xabdf8d33d480_4147, v0xabdf8d33d480_4148;
v0xabdf8d33d480_4149 .array/port v0xabdf8d33d480, 4149;
v0xabdf8d33d480_4150 .array/port v0xabdf8d33d480, 4150;
v0xabdf8d33d480_4151 .array/port v0xabdf8d33d480, 4151;
v0xabdf8d33d480_4152 .array/port v0xabdf8d33d480, 4152;
E_0xabdf8d0ee570/1039 .event anyedge, v0xabdf8d33d480_4149, v0xabdf8d33d480_4150, v0xabdf8d33d480_4151, v0xabdf8d33d480_4152;
v0xabdf8d33d480_4153 .array/port v0xabdf8d33d480, 4153;
v0xabdf8d33d480_4154 .array/port v0xabdf8d33d480, 4154;
v0xabdf8d33d480_4155 .array/port v0xabdf8d33d480, 4155;
v0xabdf8d33d480_4156 .array/port v0xabdf8d33d480, 4156;
E_0xabdf8d0ee570/1040 .event anyedge, v0xabdf8d33d480_4153, v0xabdf8d33d480_4154, v0xabdf8d33d480_4155, v0xabdf8d33d480_4156;
v0xabdf8d33d480_4157 .array/port v0xabdf8d33d480, 4157;
v0xabdf8d33d480_4158 .array/port v0xabdf8d33d480, 4158;
v0xabdf8d33d480_4159 .array/port v0xabdf8d33d480, 4159;
v0xabdf8d33d480_4160 .array/port v0xabdf8d33d480, 4160;
E_0xabdf8d0ee570/1041 .event anyedge, v0xabdf8d33d480_4157, v0xabdf8d33d480_4158, v0xabdf8d33d480_4159, v0xabdf8d33d480_4160;
v0xabdf8d33d480_4161 .array/port v0xabdf8d33d480, 4161;
v0xabdf8d33d480_4162 .array/port v0xabdf8d33d480, 4162;
v0xabdf8d33d480_4163 .array/port v0xabdf8d33d480, 4163;
v0xabdf8d33d480_4164 .array/port v0xabdf8d33d480, 4164;
E_0xabdf8d0ee570/1042 .event anyedge, v0xabdf8d33d480_4161, v0xabdf8d33d480_4162, v0xabdf8d33d480_4163, v0xabdf8d33d480_4164;
v0xabdf8d33d480_4165 .array/port v0xabdf8d33d480, 4165;
v0xabdf8d33d480_4166 .array/port v0xabdf8d33d480, 4166;
v0xabdf8d33d480_4167 .array/port v0xabdf8d33d480, 4167;
v0xabdf8d33d480_4168 .array/port v0xabdf8d33d480, 4168;
E_0xabdf8d0ee570/1043 .event anyedge, v0xabdf8d33d480_4165, v0xabdf8d33d480_4166, v0xabdf8d33d480_4167, v0xabdf8d33d480_4168;
v0xabdf8d33d480_4169 .array/port v0xabdf8d33d480, 4169;
v0xabdf8d33d480_4170 .array/port v0xabdf8d33d480, 4170;
v0xabdf8d33d480_4171 .array/port v0xabdf8d33d480, 4171;
v0xabdf8d33d480_4172 .array/port v0xabdf8d33d480, 4172;
E_0xabdf8d0ee570/1044 .event anyedge, v0xabdf8d33d480_4169, v0xabdf8d33d480_4170, v0xabdf8d33d480_4171, v0xabdf8d33d480_4172;
v0xabdf8d33d480_4173 .array/port v0xabdf8d33d480, 4173;
v0xabdf8d33d480_4174 .array/port v0xabdf8d33d480, 4174;
v0xabdf8d33d480_4175 .array/port v0xabdf8d33d480, 4175;
v0xabdf8d33d480_4176 .array/port v0xabdf8d33d480, 4176;
E_0xabdf8d0ee570/1045 .event anyedge, v0xabdf8d33d480_4173, v0xabdf8d33d480_4174, v0xabdf8d33d480_4175, v0xabdf8d33d480_4176;
v0xabdf8d33d480_4177 .array/port v0xabdf8d33d480, 4177;
v0xabdf8d33d480_4178 .array/port v0xabdf8d33d480, 4178;
v0xabdf8d33d480_4179 .array/port v0xabdf8d33d480, 4179;
v0xabdf8d33d480_4180 .array/port v0xabdf8d33d480, 4180;
E_0xabdf8d0ee570/1046 .event anyedge, v0xabdf8d33d480_4177, v0xabdf8d33d480_4178, v0xabdf8d33d480_4179, v0xabdf8d33d480_4180;
v0xabdf8d33d480_4181 .array/port v0xabdf8d33d480, 4181;
v0xabdf8d33d480_4182 .array/port v0xabdf8d33d480, 4182;
v0xabdf8d33d480_4183 .array/port v0xabdf8d33d480, 4183;
v0xabdf8d33d480_4184 .array/port v0xabdf8d33d480, 4184;
E_0xabdf8d0ee570/1047 .event anyedge, v0xabdf8d33d480_4181, v0xabdf8d33d480_4182, v0xabdf8d33d480_4183, v0xabdf8d33d480_4184;
v0xabdf8d33d480_4185 .array/port v0xabdf8d33d480, 4185;
v0xabdf8d33d480_4186 .array/port v0xabdf8d33d480, 4186;
v0xabdf8d33d480_4187 .array/port v0xabdf8d33d480, 4187;
v0xabdf8d33d480_4188 .array/port v0xabdf8d33d480, 4188;
E_0xabdf8d0ee570/1048 .event anyedge, v0xabdf8d33d480_4185, v0xabdf8d33d480_4186, v0xabdf8d33d480_4187, v0xabdf8d33d480_4188;
v0xabdf8d33d480_4189 .array/port v0xabdf8d33d480, 4189;
v0xabdf8d33d480_4190 .array/port v0xabdf8d33d480, 4190;
v0xabdf8d33d480_4191 .array/port v0xabdf8d33d480, 4191;
v0xabdf8d33d480_4192 .array/port v0xabdf8d33d480, 4192;
E_0xabdf8d0ee570/1049 .event anyedge, v0xabdf8d33d480_4189, v0xabdf8d33d480_4190, v0xabdf8d33d480_4191, v0xabdf8d33d480_4192;
v0xabdf8d33d480_4193 .array/port v0xabdf8d33d480, 4193;
v0xabdf8d33d480_4194 .array/port v0xabdf8d33d480, 4194;
v0xabdf8d33d480_4195 .array/port v0xabdf8d33d480, 4195;
v0xabdf8d33d480_4196 .array/port v0xabdf8d33d480, 4196;
E_0xabdf8d0ee570/1050 .event anyedge, v0xabdf8d33d480_4193, v0xabdf8d33d480_4194, v0xabdf8d33d480_4195, v0xabdf8d33d480_4196;
v0xabdf8d33d480_4197 .array/port v0xabdf8d33d480, 4197;
v0xabdf8d33d480_4198 .array/port v0xabdf8d33d480, 4198;
v0xabdf8d33d480_4199 .array/port v0xabdf8d33d480, 4199;
v0xabdf8d33d480_4200 .array/port v0xabdf8d33d480, 4200;
E_0xabdf8d0ee570/1051 .event anyedge, v0xabdf8d33d480_4197, v0xabdf8d33d480_4198, v0xabdf8d33d480_4199, v0xabdf8d33d480_4200;
v0xabdf8d33d480_4201 .array/port v0xabdf8d33d480, 4201;
v0xabdf8d33d480_4202 .array/port v0xabdf8d33d480, 4202;
v0xabdf8d33d480_4203 .array/port v0xabdf8d33d480, 4203;
v0xabdf8d33d480_4204 .array/port v0xabdf8d33d480, 4204;
E_0xabdf8d0ee570/1052 .event anyedge, v0xabdf8d33d480_4201, v0xabdf8d33d480_4202, v0xabdf8d33d480_4203, v0xabdf8d33d480_4204;
v0xabdf8d33d480_4205 .array/port v0xabdf8d33d480, 4205;
v0xabdf8d33d480_4206 .array/port v0xabdf8d33d480, 4206;
v0xabdf8d33d480_4207 .array/port v0xabdf8d33d480, 4207;
v0xabdf8d33d480_4208 .array/port v0xabdf8d33d480, 4208;
E_0xabdf8d0ee570/1053 .event anyedge, v0xabdf8d33d480_4205, v0xabdf8d33d480_4206, v0xabdf8d33d480_4207, v0xabdf8d33d480_4208;
v0xabdf8d33d480_4209 .array/port v0xabdf8d33d480, 4209;
v0xabdf8d33d480_4210 .array/port v0xabdf8d33d480, 4210;
v0xabdf8d33d480_4211 .array/port v0xabdf8d33d480, 4211;
v0xabdf8d33d480_4212 .array/port v0xabdf8d33d480, 4212;
E_0xabdf8d0ee570/1054 .event anyedge, v0xabdf8d33d480_4209, v0xabdf8d33d480_4210, v0xabdf8d33d480_4211, v0xabdf8d33d480_4212;
v0xabdf8d33d480_4213 .array/port v0xabdf8d33d480, 4213;
v0xabdf8d33d480_4214 .array/port v0xabdf8d33d480, 4214;
v0xabdf8d33d480_4215 .array/port v0xabdf8d33d480, 4215;
v0xabdf8d33d480_4216 .array/port v0xabdf8d33d480, 4216;
E_0xabdf8d0ee570/1055 .event anyedge, v0xabdf8d33d480_4213, v0xabdf8d33d480_4214, v0xabdf8d33d480_4215, v0xabdf8d33d480_4216;
v0xabdf8d33d480_4217 .array/port v0xabdf8d33d480, 4217;
v0xabdf8d33d480_4218 .array/port v0xabdf8d33d480, 4218;
v0xabdf8d33d480_4219 .array/port v0xabdf8d33d480, 4219;
v0xabdf8d33d480_4220 .array/port v0xabdf8d33d480, 4220;
E_0xabdf8d0ee570/1056 .event anyedge, v0xabdf8d33d480_4217, v0xabdf8d33d480_4218, v0xabdf8d33d480_4219, v0xabdf8d33d480_4220;
v0xabdf8d33d480_4221 .array/port v0xabdf8d33d480, 4221;
v0xabdf8d33d480_4222 .array/port v0xabdf8d33d480, 4222;
v0xabdf8d33d480_4223 .array/port v0xabdf8d33d480, 4223;
v0xabdf8d33d480_4224 .array/port v0xabdf8d33d480, 4224;
E_0xabdf8d0ee570/1057 .event anyedge, v0xabdf8d33d480_4221, v0xabdf8d33d480_4222, v0xabdf8d33d480_4223, v0xabdf8d33d480_4224;
v0xabdf8d33d480_4225 .array/port v0xabdf8d33d480, 4225;
v0xabdf8d33d480_4226 .array/port v0xabdf8d33d480, 4226;
v0xabdf8d33d480_4227 .array/port v0xabdf8d33d480, 4227;
v0xabdf8d33d480_4228 .array/port v0xabdf8d33d480, 4228;
E_0xabdf8d0ee570/1058 .event anyedge, v0xabdf8d33d480_4225, v0xabdf8d33d480_4226, v0xabdf8d33d480_4227, v0xabdf8d33d480_4228;
v0xabdf8d33d480_4229 .array/port v0xabdf8d33d480, 4229;
v0xabdf8d33d480_4230 .array/port v0xabdf8d33d480, 4230;
v0xabdf8d33d480_4231 .array/port v0xabdf8d33d480, 4231;
v0xabdf8d33d480_4232 .array/port v0xabdf8d33d480, 4232;
E_0xabdf8d0ee570/1059 .event anyedge, v0xabdf8d33d480_4229, v0xabdf8d33d480_4230, v0xabdf8d33d480_4231, v0xabdf8d33d480_4232;
v0xabdf8d33d480_4233 .array/port v0xabdf8d33d480, 4233;
v0xabdf8d33d480_4234 .array/port v0xabdf8d33d480, 4234;
v0xabdf8d33d480_4235 .array/port v0xabdf8d33d480, 4235;
v0xabdf8d33d480_4236 .array/port v0xabdf8d33d480, 4236;
E_0xabdf8d0ee570/1060 .event anyedge, v0xabdf8d33d480_4233, v0xabdf8d33d480_4234, v0xabdf8d33d480_4235, v0xabdf8d33d480_4236;
v0xabdf8d33d480_4237 .array/port v0xabdf8d33d480, 4237;
v0xabdf8d33d480_4238 .array/port v0xabdf8d33d480, 4238;
v0xabdf8d33d480_4239 .array/port v0xabdf8d33d480, 4239;
v0xabdf8d33d480_4240 .array/port v0xabdf8d33d480, 4240;
E_0xabdf8d0ee570/1061 .event anyedge, v0xabdf8d33d480_4237, v0xabdf8d33d480_4238, v0xabdf8d33d480_4239, v0xabdf8d33d480_4240;
v0xabdf8d33d480_4241 .array/port v0xabdf8d33d480, 4241;
v0xabdf8d33d480_4242 .array/port v0xabdf8d33d480, 4242;
v0xabdf8d33d480_4243 .array/port v0xabdf8d33d480, 4243;
v0xabdf8d33d480_4244 .array/port v0xabdf8d33d480, 4244;
E_0xabdf8d0ee570/1062 .event anyedge, v0xabdf8d33d480_4241, v0xabdf8d33d480_4242, v0xabdf8d33d480_4243, v0xabdf8d33d480_4244;
v0xabdf8d33d480_4245 .array/port v0xabdf8d33d480, 4245;
v0xabdf8d33d480_4246 .array/port v0xabdf8d33d480, 4246;
v0xabdf8d33d480_4247 .array/port v0xabdf8d33d480, 4247;
v0xabdf8d33d480_4248 .array/port v0xabdf8d33d480, 4248;
E_0xabdf8d0ee570/1063 .event anyedge, v0xabdf8d33d480_4245, v0xabdf8d33d480_4246, v0xabdf8d33d480_4247, v0xabdf8d33d480_4248;
v0xabdf8d33d480_4249 .array/port v0xabdf8d33d480, 4249;
v0xabdf8d33d480_4250 .array/port v0xabdf8d33d480, 4250;
v0xabdf8d33d480_4251 .array/port v0xabdf8d33d480, 4251;
v0xabdf8d33d480_4252 .array/port v0xabdf8d33d480, 4252;
E_0xabdf8d0ee570/1064 .event anyedge, v0xabdf8d33d480_4249, v0xabdf8d33d480_4250, v0xabdf8d33d480_4251, v0xabdf8d33d480_4252;
v0xabdf8d33d480_4253 .array/port v0xabdf8d33d480, 4253;
v0xabdf8d33d480_4254 .array/port v0xabdf8d33d480, 4254;
v0xabdf8d33d480_4255 .array/port v0xabdf8d33d480, 4255;
v0xabdf8d33d480_4256 .array/port v0xabdf8d33d480, 4256;
E_0xabdf8d0ee570/1065 .event anyedge, v0xabdf8d33d480_4253, v0xabdf8d33d480_4254, v0xabdf8d33d480_4255, v0xabdf8d33d480_4256;
v0xabdf8d33d480_4257 .array/port v0xabdf8d33d480, 4257;
v0xabdf8d33d480_4258 .array/port v0xabdf8d33d480, 4258;
v0xabdf8d33d480_4259 .array/port v0xabdf8d33d480, 4259;
v0xabdf8d33d480_4260 .array/port v0xabdf8d33d480, 4260;
E_0xabdf8d0ee570/1066 .event anyedge, v0xabdf8d33d480_4257, v0xabdf8d33d480_4258, v0xabdf8d33d480_4259, v0xabdf8d33d480_4260;
v0xabdf8d33d480_4261 .array/port v0xabdf8d33d480, 4261;
v0xabdf8d33d480_4262 .array/port v0xabdf8d33d480, 4262;
v0xabdf8d33d480_4263 .array/port v0xabdf8d33d480, 4263;
v0xabdf8d33d480_4264 .array/port v0xabdf8d33d480, 4264;
E_0xabdf8d0ee570/1067 .event anyedge, v0xabdf8d33d480_4261, v0xabdf8d33d480_4262, v0xabdf8d33d480_4263, v0xabdf8d33d480_4264;
v0xabdf8d33d480_4265 .array/port v0xabdf8d33d480, 4265;
v0xabdf8d33d480_4266 .array/port v0xabdf8d33d480, 4266;
v0xabdf8d33d480_4267 .array/port v0xabdf8d33d480, 4267;
v0xabdf8d33d480_4268 .array/port v0xabdf8d33d480, 4268;
E_0xabdf8d0ee570/1068 .event anyedge, v0xabdf8d33d480_4265, v0xabdf8d33d480_4266, v0xabdf8d33d480_4267, v0xabdf8d33d480_4268;
v0xabdf8d33d480_4269 .array/port v0xabdf8d33d480, 4269;
v0xabdf8d33d480_4270 .array/port v0xabdf8d33d480, 4270;
v0xabdf8d33d480_4271 .array/port v0xabdf8d33d480, 4271;
v0xabdf8d33d480_4272 .array/port v0xabdf8d33d480, 4272;
E_0xabdf8d0ee570/1069 .event anyedge, v0xabdf8d33d480_4269, v0xabdf8d33d480_4270, v0xabdf8d33d480_4271, v0xabdf8d33d480_4272;
v0xabdf8d33d480_4273 .array/port v0xabdf8d33d480, 4273;
v0xabdf8d33d480_4274 .array/port v0xabdf8d33d480, 4274;
v0xabdf8d33d480_4275 .array/port v0xabdf8d33d480, 4275;
v0xabdf8d33d480_4276 .array/port v0xabdf8d33d480, 4276;
E_0xabdf8d0ee570/1070 .event anyedge, v0xabdf8d33d480_4273, v0xabdf8d33d480_4274, v0xabdf8d33d480_4275, v0xabdf8d33d480_4276;
v0xabdf8d33d480_4277 .array/port v0xabdf8d33d480, 4277;
v0xabdf8d33d480_4278 .array/port v0xabdf8d33d480, 4278;
v0xabdf8d33d480_4279 .array/port v0xabdf8d33d480, 4279;
v0xabdf8d33d480_4280 .array/port v0xabdf8d33d480, 4280;
E_0xabdf8d0ee570/1071 .event anyedge, v0xabdf8d33d480_4277, v0xabdf8d33d480_4278, v0xabdf8d33d480_4279, v0xabdf8d33d480_4280;
v0xabdf8d33d480_4281 .array/port v0xabdf8d33d480, 4281;
v0xabdf8d33d480_4282 .array/port v0xabdf8d33d480, 4282;
v0xabdf8d33d480_4283 .array/port v0xabdf8d33d480, 4283;
v0xabdf8d33d480_4284 .array/port v0xabdf8d33d480, 4284;
E_0xabdf8d0ee570/1072 .event anyedge, v0xabdf8d33d480_4281, v0xabdf8d33d480_4282, v0xabdf8d33d480_4283, v0xabdf8d33d480_4284;
v0xabdf8d33d480_4285 .array/port v0xabdf8d33d480, 4285;
v0xabdf8d33d480_4286 .array/port v0xabdf8d33d480, 4286;
v0xabdf8d33d480_4287 .array/port v0xabdf8d33d480, 4287;
v0xabdf8d33d480_4288 .array/port v0xabdf8d33d480, 4288;
E_0xabdf8d0ee570/1073 .event anyedge, v0xabdf8d33d480_4285, v0xabdf8d33d480_4286, v0xabdf8d33d480_4287, v0xabdf8d33d480_4288;
v0xabdf8d33d480_4289 .array/port v0xabdf8d33d480, 4289;
v0xabdf8d33d480_4290 .array/port v0xabdf8d33d480, 4290;
v0xabdf8d33d480_4291 .array/port v0xabdf8d33d480, 4291;
v0xabdf8d33d480_4292 .array/port v0xabdf8d33d480, 4292;
E_0xabdf8d0ee570/1074 .event anyedge, v0xabdf8d33d480_4289, v0xabdf8d33d480_4290, v0xabdf8d33d480_4291, v0xabdf8d33d480_4292;
v0xabdf8d33d480_4293 .array/port v0xabdf8d33d480, 4293;
v0xabdf8d33d480_4294 .array/port v0xabdf8d33d480, 4294;
v0xabdf8d33d480_4295 .array/port v0xabdf8d33d480, 4295;
v0xabdf8d33d480_4296 .array/port v0xabdf8d33d480, 4296;
E_0xabdf8d0ee570/1075 .event anyedge, v0xabdf8d33d480_4293, v0xabdf8d33d480_4294, v0xabdf8d33d480_4295, v0xabdf8d33d480_4296;
v0xabdf8d33d480_4297 .array/port v0xabdf8d33d480, 4297;
v0xabdf8d33d480_4298 .array/port v0xabdf8d33d480, 4298;
v0xabdf8d33d480_4299 .array/port v0xabdf8d33d480, 4299;
v0xabdf8d33d480_4300 .array/port v0xabdf8d33d480, 4300;
E_0xabdf8d0ee570/1076 .event anyedge, v0xabdf8d33d480_4297, v0xabdf8d33d480_4298, v0xabdf8d33d480_4299, v0xabdf8d33d480_4300;
v0xabdf8d33d480_4301 .array/port v0xabdf8d33d480, 4301;
v0xabdf8d33d480_4302 .array/port v0xabdf8d33d480, 4302;
v0xabdf8d33d480_4303 .array/port v0xabdf8d33d480, 4303;
v0xabdf8d33d480_4304 .array/port v0xabdf8d33d480, 4304;
E_0xabdf8d0ee570/1077 .event anyedge, v0xabdf8d33d480_4301, v0xabdf8d33d480_4302, v0xabdf8d33d480_4303, v0xabdf8d33d480_4304;
v0xabdf8d33d480_4305 .array/port v0xabdf8d33d480, 4305;
v0xabdf8d33d480_4306 .array/port v0xabdf8d33d480, 4306;
v0xabdf8d33d480_4307 .array/port v0xabdf8d33d480, 4307;
v0xabdf8d33d480_4308 .array/port v0xabdf8d33d480, 4308;
E_0xabdf8d0ee570/1078 .event anyedge, v0xabdf8d33d480_4305, v0xabdf8d33d480_4306, v0xabdf8d33d480_4307, v0xabdf8d33d480_4308;
v0xabdf8d33d480_4309 .array/port v0xabdf8d33d480, 4309;
v0xabdf8d33d480_4310 .array/port v0xabdf8d33d480, 4310;
v0xabdf8d33d480_4311 .array/port v0xabdf8d33d480, 4311;
v0xabdf8d33d480_4312 .array/port v0xabdf8d33d480, 4312;
E_0xabdf8d0ee570/1079 .event anyedge, v0xabdf8d33d480_4309, v0xabdf8d33d480_4310, v0xabdf8d33d480_4311, v0xabdf8d33d480_4312;
v0xabdf8d33d480_4313 .array/port v0xabdf8d33d480, 4313;
v0xabdf8d33d480_4314 .array/port v0xabdf8d33d480, 4314;
v0xabdf8d33d480_4315 .array/port v0xabdf8d33d480, 4315;
v0xabdf8d33d480_4316 .array/port v0xabdf8d33d480, 4316;
E_0xabdf8d0ee570/1080 .event anyedge, v0xabdf8d33d480_4313, v0xabdf8d33d480_4314, v0xabdf8d33d480_4315, v0xabdf8d33d480_4316;
v0xabdf8d33d480_4317 .array/port v0xabdf8d33d480, 4317;
v0xabdf8d33d480_4318 .array/port v0xabdf8d33d480, 4318;
v0xabdf8d33d480_4319 .array/port v0xabdf8d33d480, 4319;
v0xabdf8d33d480_4320 .array/port v0xabdf8d33d480, 4320;
E_0xabdf8d0ee570/1081 .event anyedge, v0xabdf8d33d480_4317, v0xabdf8d33d480_4318, v0xabdf8d33d480_4319, v0xabdf8d33d480_4320;
v0xabdf8d33d480_4321 .array/port v0xabdf8d33d480, 4321;
v0xabdf8d33d480_4322 .array/port v0xabdf8d33d480, 4322;
v0xabdf8d33d480_4323 .array/port v0xabdf8d33d480, 4323;
v0xabdf8d33d480_4324 .array/port v0xabdf8d33d480, 4324;
E_0xabdf8d0ee570/1082 .event anyedge, v0xabdf8d33d480_4321, v0xabdf8d33d480_4322, v0xabdf8d33d480_4323, v0xabdf8d33d480_4324;
v0xabdf8d33d480_4325 .array/port v0xabdf8d33d480, 4325;
v0xabdf8d33d480_4326 .array/port v0xabdf8d33d480, 4326;
v0xabdf8d33d480_4327 .array/port v0xabdf8d33d480, 4327;
v0xabdf8d33d480_4328 .array/port v0xabdf8d33d480, 4328;
E_0xabdf8d0ee570/1083 .event anyedge, v0xabdf8d33d480_4325, v0xabdf8d33d480_4326, v0xabdf8d33d480_4327, v0xabdf8d33d480_4328;
v0xabdf8d33d480_4329 .array/port v0xabdf8d33d480, 4329;
v0xabdf8d33d480_4330 .array/port v0xabdf8d33d480, 4330;
v0xabdf8d33d480_4331 .array/port v0xabdf8d33d480, 4331;
v0xabdf8d33d480_4332 .array/port v0xabdf8d33d480, 4332;
E_0xabdf8d0ee570/1084 .event anyedge, v0xabdf8d33d480_4329, v0xabdf8d33d480_4330, v0xabdf8d33d480_4331, v0xabdf8d33d480_4332;
v0xabdf8d33d480_4333 .array/port v0xabdf8d33d480, 4333;
v0xabdf8d33d480_4334 .array/port v0xabdf8d33d480, 4334;
v0xabdf8d33d480_4335 .array/port v0xabdf8d33d480, 4335;
v0xabdf8d33d480_4336 .array/port v0xabdf8d33d480, 4336;
E_0xabdf8d0ee570/1085 .event anyedge, v0xabdf8d33d480_4333, v0xabdf8d33d480_4334, v0xabdf8d33d480_4335, v0xabdf8d33d480_4336;
v0xabdf8d33d480_4337 .array/port v0xabdf8d33d480, 4337;
v0xabdf8d33d480_4338 .array/port v0xabdf8d33d480, 4338;
v0xabdf8d33d480_4339 .array/port v0xabdf8d33d480, 4339;
v0xabdf8d33d480_4340 .array/port v0xabdf8d33d480, 4340;
E_0xabdf8d0ee570/1086 .event anyedge, v0xabdf8d33d480_4337, v0xabdf8d33d480_4338, v0xabdf8d33d480_4339, v0xabdf8d33d480_4340;
v0xabdf8d33d480_4341 .array/port v0xabdf8d33d480, 4341;
v0xabdf8d33d480_4342 .array/port v0xabdf8d33d480, 4342;
v0xabdf8d33d480_4343 .array/port v0xabdf8d33d480, 4343;
v0xabdf8d33d480_4344 .array/port v0xabdf8d33d480, 4344;
E_0xabdf8d0ee570/1087 .event anyedge, v0xabdf8d33d480_4341, v0xabdf8d33d480_4342, v0xabdf8d33d480_4343, v0xabdf8d33d480_4344;
v0xabdf8d33d480_4345 .array/port v0xabdf8d33d480, 4345;
v0xabdf8d33d480_4346 .array/port v0xabdf8d33d480, 4346;
v0xabdf8d33d480_4347 .array/port v0xabdf8d33d480, 4347;
v0xabdf8d33d480_4348 .array/port v0xabdf8d33d480, 4348;
E_0xabdf8d0ee570/1088 .event anyedge, v0xabdf8d33d480_4345, v0xabdf8d33d480_4346, v0xabdf8d33d480_4347, v0xabdf8d33d480_4348;
v0xabdf8d33d480_4349 .array/port v0xabdf8d33d480, 4349;
v0xabdf8d33d480_4350 .array/port v0xabdf8d33d480, 4350;
v0xabdf8d33d480_4351 .array/port v0xabdf8d33d480, 4351;
v0xabdf8d33d480_4352 .array/port v0xabdf8d33d480, 4352;
E_0xabdf8d0ee570/1089 .event anyedge, v0xabdf8d33d480_4349, v0xabdf8d33d480_4350, v0xabdf8d33d480_4351, v0xabdf8d33d480_4352;
v0xabdf8d33d480_4353 .array/port v0xabdf8d33d480, 4353;
v0xabdf8d33d480_4354 .array/port v0xabdf8d33d480, 4354;
v0xabdf8d33d480_4355 .array/port v0xabdf8d33d480, 4355;
v0xabdf8d33d480_4356 .array/port v0xabdf8d33d480, 4356;
E_0xabdf8d0ee570/1090 .event anyedge, v0xabdf8d33d480_4353, v0xabdf8d33d480_4354, v0xabdf8d33d480_4355, v0xabdf8d33d480_4356;
v0xabdf8d33d480_4357 .array/port v0xabdf8d33d480, 4357;
v0xabdf8d33d480_4358 .array/port v0xabdf8d33d480, 4358;
v0xabdf8d33d480_4359 .array/port v0xabdf8d33d480, 4359;
v0xabdf8d33d480_4360 .array/port v0xabdf8d33d480, 4360;
E_0xabdf8d0ee570/1091 .event anyedge, v0xabdf8d33d480_4357, v0xabdf8d33d480_4358, v0xabdf8d33d480_4359, v0xabdf8d33d480_4360;
v0xabdf8d33d480_4361 .array/port v0xabdf8d33d480, 4361;
v0xabdf8d33d480_4362 .array/port v0xabdf8d33d480, 4362;
v0xabdf8d33d480_4363 .array/port v0xabdf8d33d480, 4363;
v0xabdf8d33d480_4364 .array/port v0xabdf8d33d480, 4364;
E_0xabdf8d0ee570/1092 .event anyedge, v0xabdf8d33d480_4361, v0xabdf8d33d480_4362, v0xabdf8d33d480_4363, v0xabdf8d33d480_4364;
v0xabdf8d33d480_4365 .array/port v0xabdf8d33d480, 4365;
v0xabdf8d33d480_4366 .array/port v0xabdf8d33d480, 4366;
v0xabdf8d33d480_4367 .array/port v0xabdf8d33d480, 4367;
v0xabdf8d33d480_4368 .array/port v0xabdf8d33d480, 4368;
E_0xabdf8d0ee570/1093 .event anyedge, v0xabdf8d33d480_4365, v0xabdf8d33d480_4366, v0xabdf8d33d480_4367, v0xabdf8d33d480_4368;
v0xabdf8d33d480_4369 .array/port v0xabdf8d33d480, 4369;
v0xabdf8d33d480_4370 .array/port v0xabdf8d33d480, 4370;
v0xabdf8d33d480_4371 .array/port v0xabdf8d33d480, 4371;
v0xabdf8d33d480_4372 .array/port v0xabdf8d33d480, 4372;
E_0xabdf8d0ee570/1094 .event anyedge, v0xabdf8d33d480_4369, v0xabdf8d33d480_4370, v0xabdf8d33d480_4371, v0xabdf8d33d480_4372;
v0xabdf8d33d480_4373 .array/port v0xabdf8d33d480, 4373;
v0xabdf8d33d480_4374 .array/port v0xabdf8d33d480, 4374;
v0xabdf8d33d480_4375 .array/port v0xabdf8d33d480, 4375;
v0xabdf8d33d480_4376 .array/port v0xabdf8d33d480, 4376;
E_0xabdf8d0ee570/1095 .event anyedge, v0xabdf8d33d480_4373, v0xabdf8d33d480_4374, v0xabdf8d33d480_4375, v0xabdf8d33d480_4376;
v0xabdf8d33d480_4377 .array/port v0xabdf8d33d480, 4377;
v0xabdf8d33d480_4378 .array/port v0xabdf8d33d480, 4378;
v0xabdf8d33d480_4379 .array/port v0xabdf8d33d480, 4379;
v0xabdf8d33d480_4380 .array/port v0xabdf8d33d480, 4380;
E_0xabdf8d0ee570/1096 .event anyedge, v0xabdf8d33d480_4377, v0xabdf8d33d480_4378, v0xabdf8d33d480_4379, v0xabdf8d33d480_4380;
v0xabdf8d33d480_4381 .array/port v0xabdf8d33d480, 4381;
v0xabdf8d33d480_4382 .array/port v0xabdf8d33d480, 4382;
v0xabdf8d33d480_4383 .array/port v0xabdf8d33d480, 4383;
v0xabdf8d33d480_4384 .array/port v0xabdf8d33d480, 4384;
E_0xabdf8d0ee570/1097 .event anyedge, v0xabdf8d33d480_4381, v0xabdf8d33d480_4382, v0xabdf8d33d480_4383, v0xabdf8d33d480_4384;
v0xabdf8d33d480_4385 .array/port v0xabdf8d33d480, 4385;
v0xabdf8d33d480_4386 .array/port v0xabdf8d33d480, 4386;
v0xabdf8d33d480_4387 .array/port v0xabdf8d33d480, 4387;
v0xabdf8d33d480_4388 .array/port v0xabdf8d33d480, 4388;
E_0xabdf8d0ee570/1098 .event anyedge, v0xabdf8d33d480_4385, v0xabdf8d33d480_4386, v0xabdf8d33d480_4387, v0xabdf8d33d480_4388;
v0xabdf8d33d480_4389 .array/port v0xabdf8d33d480, 4389;
v0xabdf8d33d480_4390 .array/port v0xabdf8d33d480, 4390;
v0xabdf8d33d480_4391 .array/port v0xabdf8d33d480, 4391;
v0xabdf8d33d480_4392 .array/port v0xabdf8d33d480, 4392;
E_0xabdf8d0ee570/1099 .event anyedge, v0xabdf8d33d480_4389, v0xabdf8d33d480_4390, v0xabdf8d33d480_4391, v0xabdf8d33d480_4392;
v0xabdf8d33d480_4393 .array/port v0xabdf8d33d480, 4393;
v0xabdf8d33d480_4394 .array/port v0xabdf8d33d480, 4394;
v0xabdf8d33d480_4395 .array/port v0xabdf8d33d480, 4395;
v0xabdf8d33d480_4396 .array/port v0xabdf8d33d480, 4396;
E_0xabdf8d0ee570/1100 .event anyedge, v0xabdf8d33d480_4393, v0xabdf8d33d480_4394, v0xabdf8d33d480_4395, v0xabdf8d33d480_4396;
v0xabdf8d33d480_4397 .array/port v0xabdf8d33d480, 4397;
v0xabdf8d33d480_4398 .array/port v0xabdf8d33d480, 4398;
v0xabdf8d33d480_4399 .array/port v0xabdf8d33d480, 4399;
v0xabdf8d33d480_4400 .array/port v0xabdf8d33d480, 4400;
E_0xabdf8d0ee570/1101 .event anyedge, v0xabdf8d33d480_4397, v0xabdf8d33d480_4398, v0xabdf8d33d480_4399, v0xabdf8d33d480_4400;
v0xabdf8d33d480_4401 .array/port v0xabdf8d33d480, 4401;
v0xabdf8d33d480_4402 .array/port v0xabdf8d33d480, 4402;
v0xabdf8d33d480_4403 .array/port v0xabdf8d33d480, 4403;
v0xabdf8d33d480_4404 .array/port v0xabdf8d33d480, 4404;
E_0xabdf8d0ee570/1102 .event anyedge, v0xabdf8d33d480_4401, v0xabdf8d33d480_4402, v0xabdf8d33d480_4403, v0xabdf8d33d480_4404;
v0xabdf8d33d480_4405 .array/port v0xabdf8d33d480, 4405;
v0xabdf8d33d480_4406 .array/port v0xabdf8d33d480, 4406;
v0xabdf8d33d480_4407 .array/port v0xabdf8d33d480, 4407;
v0xabdf8d33d480_4408 .array/port v0xabdf8d33d480, 4408;
E_0xabdf8d0ee570/1103 .event anyedge, v0xabdf8d33d480_4405, v0xabdf8d33d480_4406, v0xabdf8d33d480_4407, v0xabdf8d33d480_4408;
v0xabdf8d33d480_4409 .array/port v0xabdf8d33d480, 4409;
v0xabdf8d33d480_4410 .array/port v0xabdf8d33d480, 4410;
v0xabdf8d33d480_4411 .array/port v0xabdf8d33d480, 4411;
v0xabdf8d33d480_4412 .array/port v0xabdf8d33d480, 4412;
E_0xabdf8d0ee570/1104 .event anyedge, v0xabdf8d33d480_4409, v0xabdf8d33d480_4410, v0xabdf8d33d480_4411, v0xabdf8d33d480_4412;
v0xabdf8d33d480_4413 .array/port v0xabdf8d33d480, 4413;
v0xabdf8d33d480_4414 .array/port v0xabdf8d33d480, 4414;
v0xabdf8d33d480_4415 .array/port v0xabdf8d33d480, 4415;
v0xabdf8d33d480_4416 .array/port v0xabdf8d33d480, 4416;
E_0xabdf8d0ee570/1105 .event anyedge, v0xabdf8d33d480_4413, v0xabdf8d33d480_4414, v0xabdf8d33d480_4415, v0xabdf8d33d480_4416;
v0xabdf8d33d480_4417 .array/port v0xabdf8d33d480, 4417;
v0xabdf8d33d480_4418 .array/port v0xabdf8d33d480, 4418;
v0xabdf8d33d480_4419 .array/port v0xabdf8d33d480, 4419;
v0xabdf8d33d480_4420 .array/port v0xabdf8d33d480, 4420;
E_0xabdf8d0ee570/1106 .event anyedge, v0xabdf8d33d480_4417, v0xabdf8d33d480_4418, v0xabdf8d33d480_4419, v0xabdf8d33d480_4420;
v0xabdf8d33d480_4421 .array/port v0xabdf8d33d480, 4421;
v0xabdf8d33d480_4422 .array/port v0xabdf8d33d480, 4422;
v0xabdf8d33d480_4423 .array/port v0xabdf8d33d480, 4423;
v0xabdf8d33d480_4424 .array/port v0xabdf8d33d480, 4424;
E_0xabdf8d0ee570/1107 .event anyedge, v0xabdf8d33d480_4421, v0xabdf8d33d480_4422, v0xabdf8d33d480_4423, v0xabdf8d33d480_4424;
v0xabdf8d33d480_4425 .array/port v0xabdf8d33d480, 4425;
v0xabdf8d33d480_4426 .array/port v0xabdf8d33d480, 4426;
v0xabdf8d33d480_4427 .array/port v0xabdf8d33d480, 4427;
v0xabdf8d33d480_4428 .array/port v0xabdf8d33d480, 4428;
E_0xabdf8d0ee570/1108 .event anyedge, v0xabdf8d33d480_4425, v0xabdf8d33d480_4426, v0xabdf8d33d480_4427, v0xabdf8d33d480_4428;
v0xabdf8d33d480_4429 .array/port v0xabdf8d33d480, 4429;
v0xabdf8d33d480_4430 .array/port v0xabdf8d33d480, 4430;
v0xabdf8d33d480_4431 .array/port v0xabdf8d33d480, 4431;
v0xabdf8d33d480_4432 .array/port v0xabdf8d33d480, 4432;
E_0xabdf8d0ee570/1109 .event anyedge, v0xabdf8d33d480_4429, v0xabdf8d33d480_4430, v0xabdf8d33d480_4431, v0xabdf8d33d480_4432;
v0xabdf8d33d480_4433 .array/port v0xabdf8d33d480, 4433;
v0xabdf8d33d480_4434 .array/port v0xabdf8d33d480, 4434;
v0xabdf8d33d480_4435 .array/port v0xabdf8d33d480, 4435;
v0xabdf8d33d480_4436 .array/port v0xabdf8d33d480, 4436;
E_0xabdf8d0ee570/1110 .event anyedge, v0xabdf8d33d480_4433, v0xabdf8d33d480_4434, v0xabdf8d33d480_4435, v0xabdf8d33d480_4436;
v0xabdf8d33d480_4437 .array/port v0xabdf8d33d480, 4437;
v0xabdf8d33d480_4438 .array/port v0xabdf8d33d480, 4438;
v0xabdf8d33d480_4439 .array/port v0xabdf8d33d480, 4439;
v0xabdf8d33d480_4440 .array/port v0xabdf8d33d480, 4440;
E_0xabdf8d0ee570/1111 .event anyedge, v0xabdf8d33d480_4437, v0xabdf8d33d480_4438, v0xabdf8d33d480_4439, v0xabdf8d33d480_4440;
v0xabdf8d33d480_4441 .array/port v0xabdf8d33d480, 4441;
v0xabdf8d33d480_4442 .array/port v0xabdf8d33d480, 4442;
v0xabdf8d33d480_4443 .array/port v0xabdf8d33d480, 4443;
v0xabdf8d33d480_4444 .array/port v0xabdf8d33d480, 4444;
E_0xabdf8d0ee570/1112 .event anyedge, v0xabdf8d33d480_4441, v0xabdf8d33d480_4442, v0xabdf8d33d480_4443, v0xabdf8d33d480_4444;
v0xabdf8d33d480_4445 .array/port v0xabdf8d33d480, 4445;
v0xabdf8d33d480_4446 .array/port v0xabdf8d33d480, 4446;
v0xabdf8d33d480_4447 .array/port v0xabdf8d33d480, 4447;
v0xabdf8d33d480_4448 .array/port v0xabdf8d33d480, 4448;
E_0xabdf8d0ee570/1113 .event anyedge, v0xabdf8d33d480_4445, v0xabdf8d33d480_4446, v0xabdf8d33d480_4447, v0xabdf8d33d480_4448;
v0xabdf8d33d480_4449 .array/port v0xabdf8d33d480, 4449;
v0xabdf8d33d480_4450 .array/port v0xabdf8d33d480, 4450;
v0xabdf8d33d480_4451 .array/port v0xabdf8d33d480, 4451;
v0xabdf8d33d480_4452 .array/port v0xabdf8d33d480, 4452;
E_0xabdf8d0ee570/1114 .event anyedge, v0xabdf8d33d480_4449, v0xabdf8d33d480_4450, v0xabdf8d33d480_4451, v0xabdf8d33d480_4452;
v0xabdf8d33d480_4453 .array/port v0xabdf8d33d480, 4453;
v0xabdf8d33d480_4454 .array/port v0xabdf8d33d480, 4454;
v0xabdf8d33d480_4455 .array/port v0xabdf8d33d480, 4455;
v0xabdf8d33d480_4456 .array/port v0xabdf8d33d480, 4456;
E_0xabdf8d0ee570/1115 .event anyedge, v0xabdf8d33d480_4453, v0xabdf8d33d480_4454, v0xabdf8d33d480_4455, v0xabdf8d33d480_4456;
v0xabdf8d33d480_4457 .array/port v0xabdf8d33d480, 4457;
v0xabdf8d33d480_4458 .array/port v0xabdf8d33d480, 4458;
v0xabdf8d33d480_4459 .array/port v0xabdf8d33d480, 4459;
v0xabdf8d33d480_4460 .array/port v0xabdf8d33d480, 4460;
E_0xabdf8d0ee570/1116 .event anyedge, v0xabdf8d33d480_4457, v0xabdf8d33d480_4458, v0xabdf8d33d480_4459, v0xabdf8d33d480_4460;
v0xabdf8d33d480_4461 .array/port v0xabdf8d33d480, 4461;
v0xabdf8d33d480_4462 .array/port v0xabdf8d33d480, 4462;
v0xabdf8d33d480_4463 .array/port v0xabdf8d33d480, 4463;
v0xabdf8d33d480_4464 .array/port v0xabdf8d33d480, 4464;
E_0xabdf8d0ee570/1117 .event anyedge, v0xabdf8d33d480_4461, v0xabdf8d33d480_4462, v0xabdf8d33d480_4463, v0xabdf8d33d480_4464;
v0xabdf8d33d480_4465 .array/port v0xabdf8d33d480, 4465;
v0xabdf8d33d480_4466 .array/port v0xabdf8d33d480, 4466;
v0xabdf8d33d480_4467 .array/port v0xabdf8d33d480, 4467;
v0xabdf8d33d480_4468 .array/port v0xabdf8d33d480, 4468;
E_0xabdf8d0ee570/1118 .event anyedge, v0xabdf8d33d480_4465, v0xabdf8d33d480_4466, v0xabdf8d33d480_4467, v0xabdf8d33d480_4468;
v0xabdf8d33d480_4469 .array/port v0xabdf8d33d480, 4469;
v0xabdf8d33d480_4470 .array/port v0xabdf8d33d480, 4470;
v0xabdf8d33d480_4471 .array/port v0xabdf8d33d480, 4471;
v0xabdf8d33d480_4472 .array/port v0xabdf8d33d480, 4472;
E_0xabdf8d0ee570/1119 .event anyedge, v0xabdf8d33d480_4469, v0xabdf8d33d480_4470, v0xabdf8d33d480_4471, v0xabdf8d33d480_4472;
v0xabdf8d33d480_4473 .array/port v0xabdf8d33d480, 4473;
v0xabdf8d33d480_4474 .array/port v0xabdf8d33d480, 4474;
v0xabdf8d33d480_4475 .array/port v0xabdf8d33d480, 4475;
v0xabdf8d33d480_4476 .array/port v0xabdf8d33d480, 4476;
E_0xabdf8d0ee570/1120 .event anyedge, v0xabdf8d33d480_4473, v0xabdf8d33d480_4474, v0xabdf8d33d480_4475, v0xabdf8d33d480_4476;
v0xabdf8d33d480_4477 .array/port v0xabdf8d33d480, 4477;
v0xabdf8d33d480_4478 .array/port v0xabdf8d33d480, 4478;
v0xabdf8d33d480_4479 .array/port v0xabdf8d33d480, 4479;
v0xabdf8d33d480_4480 .array/port v0xabdf8d33d480, 4480;
E_0xabdf8d0ee570/1121 .event anyedge, v0xabdf8d33d480_4477, v0xabdf8d33d480_4478, v0xabdf8d33d480_4479, v0xabdf8d33d480_4480;
v0xabdf8d33d480_4481 .array/port v0xabdf8d33d480, 4481;
v0xabdf8d33d480_4482 .array/port v0xabdf8d33d480, 4482;
v0xabdf8d33d480_4483 .array/port v0xabdf8d33d480, 4483;
v0xabdf8d33d480_4484 .array/port v0xabdf8d33d480, 4484;
E_0xabdf8d0ee570/1122 .event anyedge, v0xabdf8d33d480_4481, v0xabdf8d33d480_4482, v0xabdf8d33d480_4483, v0xabdf8d33d480_4484;
v0xabdf8d33d480_4485 .array/port v0xabdf8d33d480, 4485;
v0xabdf8d33d480_4486 .array/port v0xabdf8d33d480, 4486;
v0xabdf8d33d480_4487 .array/port v0xabdf8d33d480, 4487;
v0xabdf8d33d480_4488 .array/port v0xabdf8d33d480, 4488;
E_0xabdf8d0ee570/1123 .event anyedge, v0xabdf8d33d480_4485, v0xabdf8d33d480_4486, v0xabdf8d33d480_4487, v0xabdf8d33d480_4488;
v0xabdf8d33d480_4489 .array/port v0xabdf8d33d480, 4489;
v0xabdf8d33d480_4490 .array/port v0xabdf8d33d480, 4490;
v0xabdf8d33d480_4491 .array/port v0xabdf8d33d480, 4491;
v0xabdf8d33d480_4492 .array/port v0xabdf8d33d480, 4492;
E_0xabdf8d0ee570/1124 .event anyedge, v0xabdf8d33d480_4489, v0xabdf8d33d480_4490, v0xabdf8d33d480_4491, v0xabdf8d33d480_4492;
v0xabdf8d33d480_4493 .array/port v0xabdf8d33d480, 4493;
v0xabdf8d33d480_4494 .array/port v0xabdf8d33d480, 4494;
v0xabdf8d33d480_4495 .array/port v0xabdf8d33d480, 4495;
v0xabdf8d33d480_4496 .array/port v0xabdf8d33d480, 4496;
E_0xabdf8d0ee570/1125 .event anyedge, v0xabdf8d33d480_4493, v0xabdf8d33d480_4494, v0xabdf8d33d480_4495, v0xabdf8d33d480_4496;
v0xabdf8d33d480_4497 .array/port v0xabdf8d33d480, 4497;
v0xabdf8d33d480_4498 .array/port v0xabdf8d33d480, 4498;
v0xabdf8d33d480_4499 .array/port v0xabdf8d33d480, 4499;
v0xabdf8d33d480_4500 .array/port v0xabdf8d33d480, 4500;
E_0xabdf8d0ee570/1126 .event anyedge, v0xabdf8d33d480_4497, v0xabdf8d33d480_4498, v0xabdf8d33d480_4499, v0xabdf8d33d480_4500;
v0xabdf8d33d480_4501 .array/port v0xabdf8d33d480, 4501;
v0xabdf8d33d480_4502 .array/port v0xabdf8d33d480, 4502;
v0xabdf8d33d480_4503 .array/port v0xabdf8d33d480, 4503;
v0xabdf8d33d480_4504 .array/port v0xabdf8d33d480, 4504;
E_0xabdf8d0ee570/1127 .event anyedge, v0xabdf8d33d480_4501, v0xabdf8d33d480_4502, v0xabdf8d33d480_4503, v0xabdf8d33d480_4504;
v0xabdf8d33d480_4505 .array/port v0xabdf8d33d480, 4505;
v0xabdf8d33d480_4506 .array/port v0xabdf8d33d480, 4506;
v0xabdf8d33d480_4507 .array/port v0xabdf8d33d480, 4507;
v0xabdf8d33d480_4508 .array/port v0xabdf8d33d480, 4508;
E_0xabdf8d0ee570/1128 .event anyedge, v0xabdf8d33d480_4505, v0xabdf8d33d480_4506, v0xabdf8d33d480_4507, v0xabdf8d33d480_4508;
v0xabdf8d33d480_4509 .array/port v0xabdf8d33d480, 4509;
v0xabdf8d33d480_4510 .array/port v0xabdf8d33d480, 4510;
v0xabdf8d33d480_4511 .array/port v0xabdf8d33d480, 4511;
v0xabdf8d33d480_4512 .array/port v0xabdf8d33d480, 4512;
E_0xabdf8d0ee570/1129 .event anyedge, v0xabdf8d33d480_4509, v0xabdf8d33d480_4510, v0xabdf8d33d480_4511, v0xabdf8d33d480_4512;
v0xabdf8d33d480_4513 .array/port v0xabdf8d33d480, 4513;
v0xabdf8d33d480_4514 .array/port v0xabdf8d33d480, 4514;
v0xabdf8d33d480_4515 .array/port v0xabdf8d33d480, 4515;
v0xabdf8d33d480_4516 .array/port v0xabdf8d33d480, 4516;
E_0xabdf8d0ee570/1130 .event anyedge, v0xabdf8d33d480_4513, v0xabdf8d33d480_4514, v0xabdf8d33d480_4515, v0xabdf8d33d480_4516;
v0xabdf8d33d480_4517 .array/port v0xabdf8d33d480, 4517;
v0xabdf8d33d480_4518 .array/port v0xabdf8d33d480, 4518;
v0xabdf8d33d480_4519 .array/port v0xabdf8d33d480, 4519;
v0xabdf8d33d480_4520 .array/port v0xabdf8d33d480, 4520;
E_0xabdf8d0ee570/1131 .event anyedge, v0xabdf8d33d480_4517, v0xabdf8d33d480_4518, v0xabdf8d33d480_4519, v0xabdf8d33d480_4520;
v0xabdf8d33d480_4521 .array/port v0xabdf8d33d480, 4521;
v0xabdf8d33d480_4522 .array/port v0xabdf8d33d480, 4522;
v0xabdf8d33d480_4523 .array/port v0xabdf8d33d480, 4523;
v0xabdf8d33d480_4524 .array/port v0xabdf8d33d480, 4524;
E_0xabdf8d0ee570/1132 .event anyedge, v0xabdf8d33d480_4521, v0xabdf8d33d480_4522, v0xabdf8d33d480_4523, v0xabdf8d33d480_4524;
v0xabdf8d33d480_4525 .array/port v0xabdf8d33d480, 4525;
v0xabdf8d33d480_4526 .array/port v0xabdf8d33d480, 4526;
v0xabdf8d33d480_4527 .array/port v0xabdf8d33d480, 4527;
v0xabdf8d33d480_4528 .array/port v0xabdf8d33d480, 4528;
E_0xabdf8d0ee570/1133 .event anyedge, v0xabdf8d33d480_4525, v0xabdf8d33d480_4526, v0xabdf8d33d480_4527, v0xabdf8d33d480_4528;
v0xabdf8d33d480_4529 .array/port v0xabdf8d33d480, 4529;
v0xabdf8d33d480_4530 .array/port v0xabdf8d33d480, 4530;
v0xabdf8d33d480_4531 .array/port v0xabdf8d33d480, 4531;
v0xabdf8d33d480_4532 .array/port v0xabdf8d33d480, 4532;
E_0xabdf8d0ee570/1134 .event anyedge, v0xabdf8d33d480_4529, v0xabdf8d33d480_4530, v0xabdf8d33d480_4531, v0xabdf8d33d480_4532;
v0xabdf8d33d480_4533 .array/port v0xabdf8d33d480, 4533;
v0xabdf8d33d480_4534 .array/port v0xabdf8d33d480, 4534;
v0xabdf8d33d480_4535 .array/port v0xabdf8d33d480, 4535;
v0xabdf8d33d480_4536 .array/port v0xabdf8d33d480, 4536;
E_0xabdf8d0ee570/1135 .event anyedge, v0xabdf8d33d480_4533, v0xabdf8d33d480_4534, v0xabdf8d33d480_4535, v0xabdf8d33d480_4536;
v0xabdf8d33d480_4537 .array/port v0xabdf8d33d480, 4537;
v0xabdf8d33d480_4538 .array/port v0xabdf8d33d480, 4538;
v0xabdf8d33d480_4539 .array/port v0xabdf8d33d480, 4539;
v0xabdf8d33d480_4540 .array/port v0xabdf8d33d480, 4540;
E_0xabdf8d0ee570/1136 .event anyedge, v0xabdf8d33d480_4537, v0xabdf8d33d480_4538, v0xabdf8d33d480_4539, v0xabdf8d33d480_4540;
v0xabdf8d33d480_4541 .array/port v0xabdf8d33d480, 4541;
v0xabdf8d33d480_4542 .array/port v0xabdf8d33d480, 4542;
v0xabdf8d33d480_4543 .array/port v0xabdf8d33d480, 4543;
v0xabdf8d33d480_4544 .array/port v0xabdf8d33d480, 4544;
E_0xabdf8d0ee570/1137 .event anyedge, v0xabdf8d33d480_4541, v0xabdf8d33d480_4542, v0xabdf8d33d480_4543, v0xabdf8d33d480_4544;
v0xabdf8d33d480_4545 .array/port v0xabdf8d33d480, 4545;
v0xabdf8d33d480_4546 .array/port v0xabdf8d33d480, 4546;
v0xabdf8d33d480_4547 .array/port v0xabdf8d33d480, 4547;
v0xabdf8d33d480_4548 .array/port v0xabdf8d33d480, 4548;
E_0xabdf8d0ee570/1138 .event anyedge, v0xabdf8d33d480_4545, v0xabdf8d33d480_4546, v0xabdf8d33d480_4547, v0xabdf8d33d480_4548;
v0xabdf8d33d480_4549 .array/port v0xabdf8d33d480, 4549;
v0xabdf8d33d480_4550 .array/port v0xabdf8d33d480, 4550;
v0xabdf8d33d480_4551 .array/port v0xabdf8d33d480, 4551;
v0xabdf8d33d480_4552 .array/port v0xabdf8d33d480, 4552;
E_0xabdf8d0ee570/1139 .event anyedge, v0xabdf8d33d480_4549, v0xabdf8d33d480_4550, v0xabdf8d33d480_4551, v0xabdf8d33d480_4552;
v0xabdf8d33d480_4553 .array/port v0xabdf8d33d480, 4553;
v0xabdf8d33d480_4554 .array/port v0xabdf8d33d480, 4554;
v0xabdf8d33d480_4555 .array/port v0xabdf8d33d480, 4555;
v0xabdf8d33d480_4556 .array/port v0xabdf8d33d480, 4556;
E_0xabdf8d0ee570/1140 .event anyedge, v0xabdf8d33d480_4553, v0xabdf8d33d480_4554, v0xabdf8d33d480_4555, v0xabdf8d33d480_4556;
v0xabdf8d33d480_4557 .array/port v0xabdf8d33d480, 4557;
v0xabdf8d33d480_4558 .array/port v0xabdf8d33d480, 4558;
v0xabdf8d33d480_4559 .array/port v0xabdf8d33d480, 4559;
v0xabdf8d33d480_4560 .array/port v0xabdf8d33d480, 4560;
E_0xabdf8d0ee570/1141 .event anyedge, v0xabdf8d33d480_4557, v0xabdf8d33d480_4558, v0xabdf8d33d480_4559, v0xabdf8d33d480_4560;
v0xabdf8d33d480_4561 .array/port v0xabdf8d33d480, 4561;
v0xabdf8d33d480_4562 .array/port v0xabdf8d33d480, 4562;
v0xabdf8d33d480_4563 .array/port v0xabdf8d33d480, 4563;
v0xabdf8d33d480_4564 .array/port v0xabdf8d33d480, 4564;
E_0xabdf8d0ee570/1142 .event anyedge, v0xabdf8d33d480_4561, v0xabdf8d33d480_4562, v0xabdf8d33d480_4563, v0xabdf8d33d480_4564;
v0xabdf8d33d480_4565 .array/port v0xabdf8d33d480, 4565;
v0xabdf8d33d480_4566 .array/port v0xabdf8d33d480, 4566;
v0xabdf8d33d480_4567 .array/port v0xabdf8d33d480, 4567;
v0xabdf8d33d480_4568 .array/port v0xabdf8d33d480, 4568;
E_0xabdf8d0ee570/1143 .event anyedge, v0xabdf8d33d480_4565, v0xabdf8d33d480_4566, v0xabdf8d33d480_4567, v0xabdf8d33d480_4568;
v0xabdf8d33d480_4569 .array/port v0xabdf8d33d480, 4569;
v0xabdf8d33d480_4570 .array/port v0xabdf8d33d480, 4570;
v0xabdf8d33d480_4571 .array/port v0xabdf8d33d480, 4571;
v0xabdf8d33d480_4572 .array/port v0xabdf8d33d480, 4572;
E_0xabdf8d0ee570/1144 .event anyedge, v0xabdf8d33d480_4569, v0xabdf8d33d480_4570, v0xabdf8d33d480_4571, v0xabdf8d33d480_4572;
v0xabdf8d33d480_4573 .array/port v0xabdf8d33d480, 4573;
v0xabdf8d33d480_4574 .array/port v0xabdf8d33d480, 4574;
v0xabdf8d33d480_4575 .array/port v0xabdf8d33d480, 4575;
v0xabdf8d33d480_4576 .array/port v0xabdf8d33d480, 4576;
E_0xabdf8d0ee570/1145 .event anyedge, v0xabdf8d33d480_4573, v0xabdf8d33d480_4574, v0xabdf8d33d480_4575, v0xabdf8d33d480_4576;
v0xabdf8d33d480_4577 .array/port v0xabdf8d33d480, 4577;
v0xabdf8d33d480_4578 .array/port v0xabdf8d33d480, 4578;
v0xabdf8d33d480_4579 .array/port v0xabdf8d33d480, 4579;
v0xabdf8d33d480_4580 .array/port v0xabdf8d33d480, 4580;
E_0xabdf8d0ee570/1146 .event anyedge, v0xabdf8d33d480_4577, v0xabdf8d33d480_4578, v0xabdf8d33d480_4579, v0xabdf8d33d480_4580;
v0xabdf8d33d480_4581 .array/port v0xabdf8d33d480, 4581;
v0xabdf8d33d480_4582 .array/port v0xabdf8d33d480, 4582;
v0xabdf8d33d480_4583 .array/port v0xabdf8d33d480, 4583;
v0xabdf8d33d480_4584 .array/port v0xabdf8d33d480, 4584;
E_0xabdf8d0ee570/1147 .event anyedge, v0xabdf8d33d480_4581, v0xabdf8d33d480_4582, v0xabdf8d33d480_4583, v0xabdf8d33d480_4584;
v0xabdf8d33d480_4585 .array/port v0xabdf8d33d480, 4585;
v0xabdf8d33d480_4586 .array/port v0xabdf8d33d480, 4586;
v0xabdf8d33d480_4587 .array/port v0xabdf8d33d480, 4587;
v0xabdf8d33d480_4588 .array/port v0xabdf8d33d480, 4588;
E_0xabdf8d0ee570/1148 .event anyedge, v0xabdf8d33d480_4585, v0xabdf8d33d480_4586, v0xabdf8d33d480_4587, v0xabdf8d33d480_4588;
v0xabdf8d33d480_4589 .array/port v0xabdf8d33d480, 4589;
v0xabdf8d33d480_4590 .array/port v0xabdf8d33d480, 4590;
v0xabdf8d33d480_4591 .array/port v0xabdf8d33d480, 4591;
v0xabdf8d33d480_4592 .array/port v0xabdf8d33d480, 4592;
E_0xabdf8d0ee570/1149 .event anyedge, v0xabdf8d33d480_4589, v0xabdf8d33d480_4590, v0xabdf8d33d480_4591, v0xabdf8d33d480_4592;
v0xabdf8d33d480_4593 .array/port v0xabdf8d33d480, 4593;
v0xabdf8d33d480_4594 .array/port v0xabdf8d33d480, 4594;
v0xabdf8d33d480_4595 .array/port v0xabdf8d33d480, 4595;
v0xabdf8d33d480_4596 .array/port v0xabdf8d33d480, 4596;
E_0xabdf8d0ee570/1150 .event anyedge, v0xabdf8d33d480_4593, v0xabdf8d33d480_4594, v0xabdf8d33d480_4595, v0xabdf8d33d480_4596;
v0xabdf8d33d480_4597 .array/port v0xabdf8d33d480, 4597;
v0xabdf8d33d480_4598 .array/port v0xabdf8d33d480, 4598;
v0xabdf8d33d480_4599 .array/port v0xabdf8d33d480, 4599;
v0xabdf8d33d480_4600 .array/port v0xabdf8d33d480, 4600;
E_0xabdf8d0ee570/1151 .event anyedge, v0xabdf8d33d480_4597, v0xabdf8d33d480_4598, v0xabdf8d33d480_4599, v0xabdf8d33d480_4600;
v0xabdf8d33d480_4601 .array/port v0xabdf8d33d480, 4601;
v0xabdf8d33d480_4602 .array/port v0xabdf8d33d480, 4602;
v0xabdf8d33d480_4603 .array/port v0xabdf8d33d480, 4603;
v0xabdf8d33d480_4604 .array/port v0xabdf8d33d480, 4604;
E_0xabdf8d0ee570/1152 .event anyedge, v0xabdf8d33d480_4601, v0xabdf8d33d480_4602, v0xabdf8d33d480_4603, v0xabdf8d33d480_4604;
v0xabdf8d33d480_4605 .array/port v0xabdf8d33d480, 4605;
v0xabdf8d33d480_4606 .array/port v0xabdf8d33d480, 4606;
v0xabdf8d33d480_4607 .array/port v0xabdf8d33d480, 4607;
v0xabdf8d33d480_4608 .array/port v0xabdf8d33d480, 4608;
E_0xabdf8d0ee570/1153 .event anyedge, v0xabdf8d33d480_4605, v0xabdf8d33d480_4606, v0xabdf8d33d480_4607, v0xabdf8d33d480_4608;
v0xabdf8d33d480_4609 .array/port v0xabdf8d33d480, 4609;
v0xabdf8d33d480_4610 .array/port v0xabdf8d33d480, 4610;
v0xabdf8d33d480_4611 .array/port v0xabdf8d33d480, 4611;
v0xabdf8d33d480_4612 .array/port v0xabdf8d33d480, 4612;
E_0xabdf8d0ee570/1154 .event anyedge, v0xabdf8d33d480_4609, v0xabdf8d33d480_4610, v0xabdf8d33d480_4611, v0xabdf8d33d480_4612;
v0xabdf8d33d480_4613 .array/port v0xabdf8d33d480, 4613;
v0xabdf8d33d480_4614 .array/port v0xabdf8d33d480, 4614;
v0xabdf8d33d480_4615 .array/port v0xabdf8d33d480, 4615;
v0xabdf8d33d480_4616 .array/port v0xabdf8d33d480, 4616;
E_0xabdf8d0ee570/1155 .event anyedge, v0xabdf8d33d480_4613, v0xabdf8d33d480_4614, v0xabdf8d33d480_4615, v0xabdf8d33d480_4616;
v0xabdf8d33d480_4617 .array/port v0xabdf8d33d480, 4617;
v0xabdf8d33d480_4618 .array/port v0xabdf8d33d480, 4618;
v0xabdf8d33d480_4619 .array/port v0xabdf8d33d480, 4619;
v0xabdf8d33d480_4620 .array/port v0xabdf8d33d480, 4620;
E_0xabdf8d0ee570/1156 .event anyedge, v0xabdf8d33d480_4617, v0xabdf8d33d480_4618, v0xabdf8d33d480_4619, v0xabdf8d33d480_4620;
v0xabdf8d33d480_4621 .array/port v0xabdf8d33d480, 4621;
v0xabdf8d33d480_4622 .array/port v0xabdf8d33d480, 4622;
v0xabdf8d33d480_4623 .array/port v0xabdf8d33d480, 4623;
v0xabdf8d33d480_4624 .array/port v0xabdf8d33d480, 4624;
E_0xabdf8d0ee570/1157 .event anyedge, v0xabdf8d33d480_4621, v0xabdf8d33d480_4622, v0xabdf8d33d480_4623, v0xabdf8d33d480_4624;
v0xabdf8d33d480_4625 .array/port v0xabdf8d33d480, 4625;
v0xabdf8d33d480_4626 .array/port v0xabdf8d33d480, 4626;
v0xabdf8d33d480_4627 .array/port v0xabdf8d33d480, 4627;
v0xabdf8d33d480_4628 .array/port v0xabdf8d33d480, 4628;
E_0xabdf8d0ee570/1158 .event anyedge, v0xabdf8d33d480_4625, v0xabdf8d33d480_4626, v0xabdf8d33d480_4627, v0xabdf8d33d480_4628;
v0xabdf8d33d480_4629 .array/port v0xabdf8d33d480, 4629;
v0xabdf8d33d480_4630 .array/port v0xabdf8d33d480, 4630;
v0xabdf8d33d480_4631 .array/port v0xabdf8d33d480, 4631;
v0xabdf8d33d480_4632 .array/port v0xabdf8d33d480, 4632;
E_0xabdf8d0ee570/1159 .event anyedge, v0xabdf8d33d480_4629, v0xabdf8d33d480_4630, v0xabdf8d33d480_4631, v0xabdf8d33d480_4632;
v0xabdf8d33d480_4633 .array/port v0xabdf8d33d480, 4633;
v0xabdf8d33d480_4634 .array/port v0xabdf8d33d480, 4634;
v0xabdf8d33d480_4635 .array/port v0xabdf8d33d480, 4635;
v0xabdf8d33d480_4636 .array/port v0xabdf8d33d480, 4636;
E_0xabdf8d0ee570/1160 .event anyedge, v0xabdf8d33d480_4633, v0xabdf8d33d480_4634, v0xabdf8d33d480_4635, v0xabdf8d33d480_4636;
v0xabdf8d33d480_4637 .array/port v0xabdf8d33d480, 4637;
v0xabdf8d33d480_4638 .array/port v0xabdf8d33d480, 4638;
v0xabdf8d33d480_4639 .array/port v0xabdf8d33d480, 4639;
v0xabdf8d33d480_4640 .array/port v0xabdf8d33d480, 4640;
E_0xabdf8d0ee570/1161 .event anyedge, v0xabdf8d33d480_4637, v0xabdf8d33d480_4638, v0xabdf8d33d480_4639, v0xabdf8d33d480_4640;
v0xabdf8d33d480_4641 .array/port v0xabdf8d33d480, 4641;
v0xabdf8d33d480_4642 .array/port v0xabdf8d33d480, 4642;
v0xabdf8d33d480_4643 .array/port v0xabdf8d33d480, 4643;
v0xabdf8d33d480_4644 .array/port v0xabdf8d33d480, 4644;
E_0xabdf8d0ee570/1162 .event anyedge, v0xabdf8d33d480_4641, v0xabdf8d33d480_4642, v0xabdf8d33d480_4643, v0xabdf8d33d480_4644;
v0xabdf8d33d480_4645 .array/port v0xabdf8d33d480, 4645;
v0xabdf8d33d480_4646 .array/port v0xabdf8d33d480, 4646;
v0xabdf8d33d480_4647 .array/port v0xabdf8d33d480, 4647;
v0xabdf8d33d480_4648 .array/port v0xabdf8d33d480, 4648;
E_0xabdf8d0ee570/1163 .event anyedge, v0xabdf8d33d480_4645, v0xabdf8d33d480_4646, v0xabdf8d33d480_4647, v0xabdf8d33d480_4648;
v0xabdf8d33d480_4649 .array/port v0xabdf8d33d480, 4649;
v0xabdf8d33d480_4650 .array/port v0xabdf8d33d480, 4650;
v0xabdf8d33d480_4651 .array/port v0xabdf8d33d480, 4651;
v0xabdf8d33d480_4652 .array/port v0xabdf8d33d480, 4652;
E_0xabdf8d0ee570/1164 .event anyedge, v0xabdf8d33d480_4649, v0xabdf8d33d480_4650, v0xabdf8d33d480_4651, v0xabdf8d33d480_4652;
v0xabdf8d33d480_4653 .array/port v0xabdf8d33d480, 4653;
v0xabdf8d33d480_4654 .array/port v0xabdf8d33d480, 4654;
v0xabdf8d33d480_4655 .array/port v0xabdf8d33d480, 4655;
v0xabdf8d33d480_4656 .array/port v0xabdf8d33d480, 4656;
E_0xabdf8d0ee570/1165 .event anyedge, v0xabdf8d33d480_4653, v0xabdf8d33d480_4654, v0xabdf8d33d480_4655, v0xabdf8d33d480_4656;
v0xabdf8d33d480_4657 .array/port v0xabdf8d33d480, 4657;
v0xabdf8d33d480_4658 .array/port v0xabdf8d33d480, 4658;
v0xabdf8d33d480_4659 .array/port v0xabdf8d33d480, 4659;
v0xabdf8d33d480_4660 .array/port v0xabdf8d33d480, 4660;
E_0xabdf8d0ee570/1166 .event anyedge, v0xabdf8d33d480_4657, v0xabdf8d33d480_4658, v0xabdf8d33d480_4659, v0xabdf8d33d480_4660;
v0xabdf8d33d480_4661 .array/port v0xabdf8d33d480, 4661;
v0xabdf8d33d480_4662 .array/port v0xabdf8d33d480, 4662;
v0xabdf8d33d480_4663 .array/port v0xabdf8d33d480, 4663;
v0xabdf8d33d480_4664 .array/port v0xabdf8d33d480, 4664;
E_0xabdf8d0ee570/1167 .event anyedge, v0xabdf8d33d480_4661, v0xabdf8d33d480_4662, v0xabdf8d33d480_4663, v0xabdf8d33d480_4664;
v0xabdf8d33d480_4665 .array/port v0xabdf8d33d480, 4665;
v0xabdf8d33d480_4666 .array/port v0xabdf8d33d480, 4666;
v0xabdf8d33d480_4667 .array/port v0xabdf8d33d480, 4667;
v0xabdf8d33d480_4668 .array/port v0xabdf8d33d480, 4668;
E_0xabdf8d0ee570/1168 .event anyedge, v0xabdf8d33d480_4665, v0xabdf8d33d480_4666, v0xabdf8d33d480_4667, v0xabdf8d33d480_4668;
v0xabdf8d33d480_4669 .array/port v0xabdf8d33d480, 4669;
v0xabdf8d33d480_4670 .array/port v0xabdf8d33d480, 4670;
v0xabdf8d33d480_4671 .array/port v0xabdf8d33d480, 4671;
v0xabdf8d33d480_4672 .array/port v0xabdf8d33d480, 4672;
E_0xabdf8d0ee570/1169 .event anyedge, v0xabdf8d33d480_4669, v0xabdf8d33d480_4670, v0xabdf8d33d480_4671, v0xabdf8d33d480_4672;
v0xabdf8d33d480_4673 .array/port v0xabdf8d33d480, 4673;
v0xabdf8d33d480_4674 .array/port v0xabdf8d33d480, 4674;
v0xabdf8d33d480_4675 .array/port v0xabdf8d33d480, 4675;
v0xabdf8d33d480_4676 .array/port v0xabdf8d33d480, 4676;
E_0xabdf8d0ee570/1170 .event anyedge, v0xabdf8d33d480_4673, v0xabdf8d33d480_4674, v0xabdf8d33d480_4675, v0xabdf8d33d480_4676;
v0xabdf8d33d480_4677 .array/port v0xabdf8d33d480, 4677;
v0xabdf8d33d480_4678 .array/port v0xabdf8d33d480, 4678;
v0xabdf8d33d480_4679 .array/port v0xabdf8d33d480, 4679;
v0xabdf8d33d480_4680 .array/port v0xabdf8d33d480, 4680;
E_0xabdf8d0ee570/1171 .event anyedge, v0xabdf8d33d480_4677, v0xabdf8d33d480_4678, v0xabdf8d33d480_4679, v0xabdf8d33d480_4680;
v0xabdf8d33d480_4681 .array/port v0xabdf8d33d480, 4681;
v0xabdf8d33d480_4682 .array/port v0xabdf8d33d480, 4682;
v0xabdf8d33d480_4683 .array/port v0xabdf8d33d480, 4683;
v0xabdf8d33d480_4684 .array/port v0xabdf8d33d480, 4684;
E_0xabdf8d0ee570/1172 .event anyedge, v0xabdf8d33d480_4681, v0xabdf8d33d480_4682, v0xabdf8d33d480_4683, v0xabdf8d33d480_4684;
v0xabdf8d33d480_4685 .array/port v0xabdf8d33d480, 4685;
v0xabdf8d33d480_4686 .array/port v0xabdf8d33d480, 4686;
v0xabdf8d33d480_4687 .array/port v0xabdf8d33d480, 4687;
v0xabdf8d33d480_4688 .array/port v0xabdf8d33d480, 4688;
E_0xabdf8d0ee570/1173 .event anyedge, v0xabdf8d33d480_4685, v0xabdf8d33d480_4686, v0xabdf8d33d480_4687, v0xabdf8d33d480_4688;
v0xabdf8d33d480_4689 .array/port v0xabdf8d33d480, 4689;
v0xabdf8d33d480_4690 .array/port v0xabdf8d33d480, 4690;
v0xabdf8d33d480_4691 .array/port v0xabdf8d33d480, 4691;
v0xabdf8d33d480_4692 .array/port v0xabdf8d33d480, 4692;
E_0xabdf8d0ee570/1174 .event anyedge, v0xabdf8d33d480_4689, v0xabdf8d33d480_4690, v0xabdf8d33d480_4691, v0xabdf8d33d480_4692;
v0xabdf8d33d480_4693 .array/port v0xabdf8d33d480, 4693;
v0xabdf8d33d480_4694 .array/port v0xabdf8d33d480, 4694;
v0xabdf8d33d480_4695 .array/port v0xabdf8d33d480, 4695;
v0xabdf8d33d480_4696 .array/port v0xabdf8d33d480, 4696;
E_0xabdf8d0ee570/1175 .event anyedge, v0xabdf8d33d480_4693, v0xabdf8d33d480_4694, v0xabdf8d33d480_4695, v0xabdf8d33d480_4696;
v0xabdf8d33d480_4697 .array/port v0xabdf8d33d480, 4697;
v0xabdf8d33d480_4698 .array/port v0xabdf8d33d480, 4698;
v0xabdf8d33d480_4699 .array/port v0xabdf8d33d480, 4699;
v0xabdf8d33d480_4700 .array/port v0xabdf8d33d480, 4700;
E_0xabdf8d0ee570/1176 .event anyedge, v0xabdf8d33d480_4697, v0xabdf8d33d480_4698, v0xabdf8d33d480_4699, v0xabdf8d33d480_4700;
v0xabdf8d33d480_4701 .array/port v0xabdf8d33d480, 4701;
v0xabdf8d33d480_4702 .array/port v0xabdf8d33d480, 4702;
v0xabdf8d33d480_4703 .array/port v0xabdf8d33d480, 4703;
v0xabdf8d33d480_4704 .array/port v0xabdf8d33d480, 4704;
E_0xabdf8d0ee570/1177 .event anyedge, v0xabdf8d33d480_4701, v0xabdf8d33d480_4702, v0xabdf8d33d480_4703, v0xabdf8d33d480_4704;
v0xabdf8d33d480_4705 .array/port v0xabdf8d33d480, 4705;
v0xabdf8d33d480_4706 .array/port v0xabdf8d33d480, 4706;
v0xabdf8d33d480_4707 .array/port v0xabdf8d33d480, 4707;
v0xabdf8d33d480_4708 .array/port v0xabdf8d33d480, 4708;
E_0xabdf8d0ee570/1178 .event anyedge, v0xabdf8d33d480_4705, v0xabdf8d33d480_4706, v0xabdf8d33d480_4707, v0xabdf8d33d480_4708;
v0xabdf8d33d480_4709 .array/port v0xabdf8d33d480, 4709;
v0xabdf8d33d480_4710 .array/port v0xabdf8d33d480, 4710;
v0xabdf8d33d480_4711 .array/port v0xabdf8d33d480, 4711;
v0xabdf8d33d480_4712 .array/port v0xabdf8d33d480, 4712;
E_0xabdf8d0ee570/1179 .event anyedge, v0xabdf8d33d480_4709, v0xabdf8d33d480_4710, v0xabdf8d33d480_4711, v0xabdf8d33d480_4712;
v0xabdf8d33d480_4713 .array/port v0xabdf8d33d480, 4713;
v0xabdf8d33d480_4714 .array/port v0xabdf8d33d480, 4714;
v0xabdf8d33d480_4715 .array/port v0xabdf8d33d480, 4715;
v0xabdf8d33d480_4716 .array/port v0xabdf8d33d480, 4716;
E_0xabdf8d0ee570/1180 .event anyedge, v0xabdf8d33d480_4713, v0xabdf8d33d480_4714, v0xabdf8d33d480_4715, v0xabdf8d33d480_4716;
v0xabdf8d33d480_4717 .array/port v0xabdf8d33d480, 4717;
v0xabdf8d33d480_4718 .array/port v0xabdf8d33d480, 4718;
v0xabdf8d33d480_4719 .array/port v0xabdf8d33d480, 4719;
v0xabdf8d33d480_4720 .array/port v0xabdf8d33d480, 4720;
E_0xabdf8d0ee570/1181 .event anyedge, v0xabdf8d33d480_4717, v0xabdf8d33d480_4718, v0xabdf8d33d480_4719, v0xabdf8d33d480_4720;
v0xabdf8d33d480_4721 .array/port v0xabdf8d33d480, 4721;
v0xabdf8d33d480_4722 .array/port v0xabdf8d33d480, 4722;
v0xabdf8d33d480_4723 .array/port v0xabdf8d33d480, 4723;
v0xabdf8d33d480_4724 .array/port v0xabdf8d33d480, 4724;
E_0xabdf8d0ee570/1182 .event anyedge, v0xabdf8d33d480_4721, v0xabdf8d33d480_4722, v0xabdf8d33d480_4723, v0xabdf8d33d480_4724;
v0xabdf8d33d480_4725 .array/port v0xabdf8d33d480, 4725;
v0xabdf8d33d480_4726 .array/port v0xabdf8d33d480, 4726;
v0xabdf8d33d480_4727 .array/port v0xabdf8d33d480, 4727;
v0xabdf8d33d480_4728 .array/port v0xabdf8d33d480, 4728;
E_0xabdf8d0ee570/1183 .event anyedge, v0xabdf8d33d480_4725, v0xabdf8d33d480_4726, v0xabdf8d33d480_4727, v0xabdf8d33d480_4728;
v0xabdf8d33d480_4729 .array/port v0xabdf8d33d480, 4729;
v0xabdf8d33d480_4730 .array/port v0xabdf8d33d480, 4730;
v0xabdf8d33d480_4731 .array/port v0xabdf8d33d480, 4731;
v0xabdf8d33d480_4732 .array/port v0xabdf8d33d480, 4732;
E_0xabdf8d0ee570/1184 .event anyedge, v0xabdf8d33d480_4729, v0xabdf8d33d480_4730, v0xabdf8d33d480_4731, v0xabdf8d33d480_4732;
v0xabdf8d33d480_4733 .array/port v0xabdf8d33d480, 4733;
v0xabdf8d33d480_4734 .array/port v0xabdf8d33d480, 4734;
v0xabdf8d33d480_4735 .array/port v0xabdf8d33d480, 4735;
v0xabdf8d33d480_4736 .array/port v0xabdf8d33d480, 4736;
E_0xabdf8d0ee570/1185 .event anyedge, v0xabdf8d33d480_4733, v0xabdf8d33d480_4734, v0xabdf8d33d480_4735, v0xabdf8d33d480_4736;
v0xabdf8d33d480_4737 .array/port v0xabdf8d33d480, 4737;
v0xabdf8d33d480_4738 .array/port v0xabdf8d33d480, 4738;
v0xabdf8d33d480_4739 .array/port v0xabdf8d33d480, 4739;
v0xabdf8d33d480_4740 .array/port v0xabdf8d33d480, 4740;
E_0xabdf8d0ee570/1186 .event anyedge, v0xabdf8d33d480_4737, v0xabdf8d33d480_4738, v0xabdf8d33d480_4739, v0xabdf8d33d480_4740;
v0xabdf8d33d480_4741 .array/port v0xabdf8d33d480, 4741;
v0xabdf8d33d480_4742 .array/port v0xabdf8d33d480, 4742;
v0xabdf8d33d480_4743 .array/port v0xabdf8d33d480, 4743;
v0xabdf8d33d480_4744 .array/port v0xabdf8d33d480, 4744;
E_0xabdf8d0ee570/1187 .event anyedge, v0xabdf8d33d480_4741, v0xabdf8d33d480_4742, v0xabdf8d33d480_4743, v0xabdf8d33d480_4744;
v0xabdf8d33d480_4745 .array/port v0xabdf8d33d480, 4745;
v0xabdf8d33d480_4746 .array/port v0xabdf8d33d480, 4746;
v0xabdf8d33d480_4747 .array/port v0xabdf8d33d480, 4747;
v0xabdf8d33d480_4748 .array/port v0xabdf8d33d480, 4748;
E_0xabdf8d0ee570/1188 .event anyedge, v0xabdf8d33d480_4745, v0xabdf8d33d480_4746, v0xabdf8d33d480_4747, v0xabdf8d33d480_4748;
v0xabdf8d33d480_4749 .array/port v0xabdf8d33d480, 4749;
v0xabdf8d33d480_4750 .array/port v0xabdf8d33d480, 4750;
v0xabdf8d33d480_4751 .array/port v0xabdf8d33d480, 4751;
v0xabdf8d33d480_4752 .array/port v0xabdf8d33d480, 4752;
E_0xabdf8d0ee570/1189 .event anyedge, v0xabdf8d33d480_4749, v0xabdf8d33d480_4750, v0xabdf8d33d480_4751, v0xabdf8d33d480_4752;
v0xabdf8d33d480_4753 .array/port v0xabdf8d33d480, 4753;
v0xabdf8d33d480_4754 .array/port v0xabdf8d33d480, 4754;
v0xabdf8d33d480_4755 .array/port v0xabdf8d33d480, 4755;
v0xabdf8d33d480_4756 .array/port v0xabdf8d33d480, 4756;
E_0xabdf8d0ee570/1190 .event anyedge, v0xabdf8d33d480_4753, v0xabdf8d33d480_4754, v0xabdf8d33d480_4755, v0xabdf8d33d480_4756;
v0xabdf8d33d480_4757 .array/port v0xabdf8d33d480, 4757;
v0xabdf8d33d480_4758 .array/port v0xabdf8d33d480, 4758;
v0xabdf8d33d480_4759 .array/port v0xabdf8d33d480, 4759;
v0xabdf8d33d480_4760 .array/port v0xabdf8d33d480, 4760;
E_0xabdf8d0ee570/1191 .event anyedge, v0xabdf8d33d480_4757, v0xabdf8d33d480_4758, v0xabdf8d33d480_4759, v0xabdf8d33d480_4760;
v0xabdf8d33d480_4761 .array/port v0xabdf8d33d480, 4761;
v0xabdf8d33d480_4762 .array/port v0xabdf8d33d480, 4762;
v0xabdf8d33d480_4763 .array/port v0xabdf8d33d480, 4763;
v0xabdf8d33d480_4764 .array/port v0xabdf8d33d480, 4764;
E_0xabdf8d0ee570/1192 .event anyedge, v0xabdf8d33d480_4761, v0xabdf8d33d480_4762, v0xabdf8d33d480_4763, v0xabdf8d33d480_4764;
v0xabdf8d33d480_4765 .array/port v0xabdf8d33d480, 4765;
v0xabdf8d33d480_4766 .array/port v0xabdf8d33d480, 4766;
v0xabdf8d33d480_4767 .array/port v0xabdf8d33d480, 4767;
v0xabdf8d33d480_4768 .array/port v0xabdf8d33d480, 4768;
E_0xabdf8d0ee570/1193 .event anyedge, v0xabdf8d33d480_4765, v0xabdf8d33d480_4766, v0xabdf8d33d480_4767, v0xabdf8d33d480_4768;
v0xabdf8d33d480_4769 .array/port v0xabdf8d33d480, 4769;
v0xabdf8d33d480_4770 .array/port v0xabdf8d33d480, 4770;
v0xabdf8d33d480_4771 .array/port v0xabdf8d33d480, 4771;
v0xabdf8d33d480_4772 .array/port v0xabdf8d33d480, 4772;
E_0xabdf8d0ee570/1194 .event anyedge, v0xabdf8d33d480_4769, v0xabdf8d33d480_4770, v0xabdf8d33d480_4771, v0xabdf8d33d480_4772;
v0xabdf8d33d480_4773 .array/port v0xabdf8d33d480, 4773;
v0xabdf8d33d480_4774 .array/port v0xabdf8d33d480, 4774;
v0xabdf8d33d480_4775 .array/port v0xabdf8d33d480, 4775;
v0xabdf8d33d480_4776 .array/port v0xabdf8d33d480, 4776;
E_0xabdf8d0ee570/1195 .event anyedge, v0xabdf8d33d480_4773, v0xabdf8d33d480_4774, v0xabdf8d33d480_4775, v0xabdf8d33d480_4776;
v0xabdf8d33d480_4777 .array/port v0xabdf8d33d480, 4777;
v0xabdf8d33d480_4778 .array/port v0xabdf8d33d480, 4778;
v0xabdf8d33d480_4779 .array/port v0xabdf8d33d480, 4779;
v0xabdf8d33d480_4780 .array/port v0xabdf8d33d480, 4780;
E_0xabdf8d0ee570/1196 .event anyedge, v0xabdf8d33d480_4777, v0xabdf8d33d480_4778, v0xabdf8d33d480_4779, v0xabdf8d33d480_4780;
v0xabdf8d33d480_4781 .array/port v0xabdf8d33d480, 4781;
v0xabdf8d33d480_4782 .array/port v0xabdf8d33d480, 4782;
v0xabdf8d33d480_4783 .array/port v0xabdf8d33d480, 4783;
v0xabdf8d33d480_4784 .array/port v0xabdf8d33d480, 4784;
E_0xabdf8d0ee570/1197 .event anyedge, v0xabdf8d33d480_4781, v0xabdf8d33d480_4782, v0xabdf8d33d480_4783, v0xabdf8d33d480_4784;
v0xabdf8d33d480_4785 .array/port v0xabdf8d33d480, 4785;
v0xabdf8d33d480_4786 .array/port v0xabdf8d33d480, 4786;
v0xabdf8d33d480_4787 .array/port v0xabdf8d33d480, 4787;
v0xabdf8d33d480_4788 .array/port v0xabdf8d33d480, 4788;
E_0xabdf8d0ee570/1198 .event anyedge, v0xabdf8d33d480_4785, v0xabdf8d33d480_4786, v0xabdf8d33d480_4787, v0xabdf8d33d480_4788;
v0xabdf8d33d480_4789 .array/port v0xabdf8d33d480, 4789;
v0xabdf8d33d480_4790 .array/port v0xabdf8d33d480, 4790;
v0xabdf8d33d480_4791 .array/port v0xabdf8d33d480, 4791;
v0xabdf8d33d480_4792 .array/port v0xabdf8d33d480, 4792;
E_0xabdf8d0ee570/1199 .event anyedge, v0xabdf8d33d480_4789, v0xabdf8d33d480_4790, v0xabdf8d33d480_4791, v0xabdf8d33d480_4792;
v0xabdf8d33d480_4793 .array/port v0xabdf8d33d480, 4793;
v0xabdf8d33d480_4794 .array/port v0xabdf8d33d480, 4794;
v0xabdf8d33d480_4795 .array/port v0xabdf8d33d480, 4795;
v0xabdf8d33d480_4796 .array/port v0xabdf8d33d480, 4796;
E_0xabdf8d0ee570/1200 .event anyedge, v0xabdf8d33d480_4793, v0xabdf8d33d480_4794, v0xabdf8d33d480_4795, v0xabdf8d33d480_4796;
v0xabdf8d33d480_4797 .array/port v0xabdf8d33d480, 4797;
v0xabdf8d33d480_4798 .array/port v0xabdf8d33d480, 4798;
v0xabdf8d33d480_4799 .array/port v0xabdf8d33d480, 4799;
v0xabdf8d33d480_4800 .array/port v0xabdf8d33d480, 4800;
E_0xabdf8d0ee570/1201 .event anyedge, v0xabdf8d33d480_4797, v0xabdf8d33d480_4798, v0xabdf8d33d480_4799, v0xabdf8d33d480_4800;
v0xabdf8d33d480_4801 .array/port v0xabdf8d33d480, 4801;
v0xabdf8d33d480_4802 .array/port v0xabdf8d33d480, 4802;
v0xabdf8d33d480_4803 .array/port v0xabdf8d33d480, 4803;
v0xabdf8d33d480_4804 .array/port v0xabdf8d33d480, 4804;
E_0xabdf8d0ee570/1202 .event anyedge, v0xabdf8d33d480_4801, v0xabdf8d33d480_4802, v0xabdf8d33d480_4803, v0xabdf8d33d480_4804;
v0xabdf8d33d480_4805 .array/port v0xabdf8d33d480, 4805;
v0xabdf8d33d480_4806 .array/port v0xabdf8d33d480, 4806;
v0xabdf8d33d480_4807 .array/port v0xabdf8d33d480, 4807;
v0xabdf8d33d480_4808 .array/port v0xabdf8d33d480, 4808;
E_0xabdf8d0ee570/1203 .event anyedge, v0xabdf8d33d480_4805, v0xabdf8d33d480_4806, v0xabdf8d33d480_4807, v0xabdf8d33d480_4808;
v0xabdf8d33d480_4809 .array/port v0xabdf8d33d480, 4809;
v0xabdf8d33d480_4810 .array/port v0xabdf8d33d480, 4810;
v0xabdf8d33d480_4811 .array/port v0xabdf8d33d480, 4811;
v0xabdf8d33d480_4812 .array/port v0xabdf8d33d480, 4812;
E_0xabdf8d0ee570/1204 .event anyedge, v0xabdf8d33d480_4809, v0xabdf8d33d480_4810, v0xabdf8d33d480_4811, v0xabdf8d33d480_4812;
v0xabdf8d33d480_4813 .array/port v0xabdf8d33d480, 4813;
v0xabdf8d33d480_4814 .array/port v0xabdf8d33d480, 4814;
v0xabdf8d33d480_4815 .array/port v0xabdf8d33d480, 4815;
v0xabdf8d33d480_4816 .array/port v0xabdf8d33d480, 4816;
E_0xabdf8d0ee570/1205 .event anyedge, v0xabdf8d33d480_4813, v0xabdf8d33d480_4814, v0xabdf8d33d480_4815, v0xabdf8d33d480_4816;
v0xabdf8d33d480_4817 .array/port v0xabdf8d33d480, 4817;
v0xabdf8d33d480_4818 .array/port v0xabdf8d33d480, 4818;
v0xabdf8d33d480_4819 .array/port v0xabdf8d33d480, 4819;
v0xabdf8d33d480_4820 .array/port v0xabdf8d33d480, 4820;
E_0xabdf8d0ee570/1206 .event anyedge, v0xabdf8d33d480_4817, v0xabdf8d33d480_4818, v0xabdf8d33d480_4819, v0xabdf8d33d480_4820;
v0xabdf8d33d480_4821 .array/port v0xabdf8d33d480, 4821;
v0xabdf8d33d480_4822 .array/port v0xabdf8d33d480, 4822;
v0xabdf8d33d480_4823 .array/port v0xabdf8d33d480, 4823;
v0xabdf8d33d480_4824 .array/port v0xabdf8d33d480, 4824;
E_0xabdf8d0ee570/1207 .event anyedge, v0xabdf8d33d480_4821, v0xabdf8d33d480_4822, v0xabdf8d33d480_4823, v0xabdf8d33d480_4824;
v0xabdf8d33d480_4825 .array/port v0xabdf8d33d480, 4825;
v0xabdf8d33d480_4826 .array/port v0xabdf8d33d480, 4826;
v0xabdf8d33d480_4827 .array/port v0xabdf8d33d480, 4827;
v0xabdf8d33d480_4828 .array/port v0xabdf8d33d480, 4828;
E_0xabdf8d0ee570/1208 .event anyedge, v0xabdf8d33d480_4825, v0xabdf8d33d480_4826, v0xabdf8d33d480_4827, v0xabdf8d33d480_4828;
v0xabdf8d33d480_4829 .array/port v0xabdf8d33d480, 4829;
v0xabdf8d33d480_4830 .array/port v0xabdf8d33d480, 4830;
v0xabdf8d33d480_4831 .array/port v0xabdf8d33d480, 4831;
v0xabdf8d33d480_4832 .array/port v0xabdf8d33d480, 4832;
E_0xabdf8d0ee570/1209 .event anyedge, v0xabdf8d33d480_4829, v0xabdf8d33d480_4830, v0xabdf8d33d480_4831, v0xabdf8d33d480_4832;
v0xabdf8d33d480_4833 .array/port v0xabdf8d33d480, 4833;
v0xabdf8d33d480_4834 .array/port v0xabdf8d33d480, 4834;
v0xabdf8d33d480_4835 .array/port v0xabdf8d33d480, 4835;
v0xabdf8d33d480_4836 .array/port v0xabdf8d33d480, 4836;
E_0xabdf8d0ee570/1210 .event anyedge, v0xabdf8d33d480_4833, v0xabdf8d33d480_4834, v0xabdf8d33d480_4835, v0xabdf8d33d480_4836;
v0xabdf8d33d480_4837 .array/port v0xabdf8d33d480, 4837;
v0xabdf8d33d480_4838 .array/port v0xabdf8d33d480, 4838;
v0xabdf8d33d480_4839 .array/port v0xabdf8d33d480, 4839;
v0xabdf8d33d480_4840 .array/port v0xabdf8d33d480, 4840;
E_0xabdf8d0ee570/1211 .event anyedge, v0xabdf8d33d480_4837, v0xabdf8d33d480_4838, v0xabdf8d33d480_4839, v0xabdf8d33d480_4840;
v0xabdf8d33d480_4841 .array/port v0xabdf8d33d480, 4841;
v0xabdf8d33d480_4842 .array/port v0xabdf8d33d480, 4842;
v0xabdf8d33d480_4843 .array/port v0xabdf8d33d480, 4843;
v0xabdf8d33d480_4844 .array/port v0xabdf8d33d480, 4844;
E_0xabdf8d0ee570/1212 .event anyedge, v0xabdf8d33d480_4841, v0xabdf8d33d480_4842, v0xabdf8d33d480_4843, v0xabdf8d33d480_4844;
v0xabdf8d33d480_4845 .array/port v0xabdf8d33d480, 4845;
v0xabdf8d33d480_4846 .array/port v0xabdf8d33d480, 4846;
v0xabdf8d33d480_4847 .array/port v0xabdf8d33d480, 4847;
v0xabdf8d33d480_4848 .array/port v0xabdf8d33d480, 4848;
E_0xabdf8d0ee570/1213 .event anyedge, v0xabdf8d33d480_4845, v0xabdf8d33d480_4846, v0xabdf8d33d480_4847, v0xabdf8d33d480_4848;
v0xabdf8d33d480_4849 .array/port v0xabdf8d33d480, 4849;
v0xabdf8d33d480_4850 .array/port v0xabdf8d33d480, 4850;
v0xabdf8d33d480_4851 .array/port v0xabdf8d33d480, 4851;
v0xabdf8d33d480_4852 .array/port v0xabdf8d33d480, 4852;
E_0xabdf8d0ee570/1214 .event anyedge, v0xabdf8d33d480_4849, v0xabdf8d33d480_4850, v0xabdf8d33d480_4851, v0xabdf8d33d480_4852;
v0xabdf8d33d480_4853 .array/port v0xabdf8d33d480, 4853;
v0xabdf8d33d480_4854 .array/port v0xabdf8d33d480, 4854;
v0xabdf8d33d480_4855 .array/port v0xabdf8d33d480, 4855;
v0xabdf8d33d480_4856 .array/port v0xabdf8d33d480, 4856;
E_0xabdf8d0ee570/1215 .event anyedge, v0xabdf8d33d480_4853, v0xabdf8d33d480_4854, v0xabdf8d33d480_4855, v0xabdf8d33d480_4856;
v0xabdf8d33d480_4857 .array/port v0xabdf8d33d480, 4857;
v0xabdf8d33d480_4858 .array/port v0xabdf8d33d480, 4858;
v0xabdf8d33d480_4859 .array/port v0xabdf8d33d480, 4859;
v0xabdf8d33d480_4860 .array/port v0xabdf8d33d480, 4860;
E_0xabdf8d0ee570/1216 .event anyedge, v0xabdf8d33d480_4857, v0xabdf8d33d480_4858, v0xabdf8d33d480_4859, v0xabdf8d33d480_4860;
v0xabdf8d33d480_4861 .array/port v0xabdf8d33d480, 4861;
v0xabdf8d33d480_4862 .array/port v0xabdf8d33d480, 4862;
v0xabdf8d33d480_4863 .array/port v0xabdf8d33d480, 4863;
v0xabdf8d33d480_4864 .array/port v0xabdf8d33d480, 4864;
E_0xabdf8d0ee570/1217 .event anyedge, v0xabdf8d33d480_4861, v0xabdf8d33d480_4862, v0xabdf8d33d480_4863, v0xabdf8d33d480_4864;
v0xabdf8d33d480_4865 .array/port v0xabdf8d33d480, 4865;
v0xabdf8d33d480_4866 .array/port v0xabdf8d33d480, 4866;
v0xabdf8d33d480_4867 .array/port v0xabdf8d33d480, 4867;
v0xabdf8d33d480_4868 .array/port v0xabdf8d33d480, 4868;
E_0xabdf8d0ee570/1218 .event anyedge, v0xabdf8d33d480_4865, v0xabdf8d33d480_4866, v0xabdf8d33d480_4867, v0xabdf8d33d480_4868;
v0xabdf8d33d480_4869 .array/port v0xabdf8d33d480, 4869;
v0xabdf8d33d480_4870 .array/port v0xabdf8d33d480, 4870;
v0xabdf8d33d480_4871 .array/port v0xabdf8d33d480, 4871;
v0xabdf8d33d480_4872 .array/port v0xabdf8d33d480, 4872;
E_0xabdf8d0ee570/1219 .event anyedge, v0xabdf8d33d480_4869, v0xabdf8d33d480_4870, v0xabdf8d33d480_4871, v0xabdf8d33d480_4872;
v0xabdf8d33d480_4873 .array/port v0xabdf8d33d480, 4873;
v0xabdf8d33d480_4874 .array/port v0xabdf8d33d480, 4874;
v0xabdf8d33d480_4875 .array/port v0xabdf8d33d480, 4875;
v0xabdf8d33d480_4876 .array/port v0xabdf8d33d480, 4876;
E_0xabdf8d0ee570/1220 .event anyedge, v0xabdf8d33d480_4873, v0xabdf8d33d480_4874, v0xabdf8d33d480_4875, v0xabdf8d33d480_4876;
v0xabdf8d33d480_4877 .array/port v0xabdf8d33d480, 4877;
v0xabdf8d33d480_4878 .array/port v0xabdf8d33d480, 4878;
v0xabdf8d33d480_4879 .array/port v0xabdf8d33d480, 4879;
v0xabdf8d33d480_4880 .array/port v0xabdf8d33d480, 4880;
E_0xabdf8d0ee570/1221 .event anyedge, v0xabdf8d33d480_4877, v0xabdf8d33d480_4878, v0xabdf8d33d480_4879, v0xabdf8d33d480_4880;
v0xabdf8d33d480_4881 .array/port v0xabdf8d33d480, 4881;
v0xabdf8d33d480_4882 .array/port v0xabdf8d33d480, 4882;
v0xabdf8d33d480_4883 .array/port v0xabdf8d33d480, 4883;
v0xabdf8d33d480_4884 .array/port v0xabdf8d33d480, 4884;
E_0xabdf8d0ee570/1222 .event anyedge, v0xabdf8d33d480_4881, v0xabdf8d33d480_4882, v0xabdf8d33d480_4883, v0xabdf8d33d480_4884;
v0xabdf8d33d480_4885 .array/port v0xabdf8d33d480, 4885;
v0xabdf8d33d480_4886 .array/port v0xabdf8d33d480, 4886;
v0xabdf8d33d480_4887 .array/port v0xabdf8d33d480, 4887;
v0xabdf8d33d480_4888 .array/port v0xabdf8d33d480, 4888;
E_0xabdf8d0ee570/1223 .event anyedge, v0xabdf8d33d480_4885, v0xabdf8d33d480_4886, v0xabdf8d33d480_4887, v0xabdf8d33d480_4888;
v0xabdf8d33d480_4889 .array/port v0xabdf8d33d480, 4889;
v0xabdf8d33d480_4890 .array/port v0xabdf8d33d480, 4890;
v0xabdf8d33d480_4891 .array/port v0xabdf8d33d480, 4891;
v0xabdf8d33d480_4892 .array/port v0xabdf8d33d480, 4892;
E_0xabdf8d0ee570/1224 .event anyedge, v0xabdf8d33d480_4889, v0xabdf8d33d480_4890, v0xabdf8d33d480_4891, v0xabdf8d33d480_4892;
v0xabdf8d33d480_4893 .array/port v0xabdf8d33d480, 4893;
v0xabdf8d33d480_4894 .array/port v0xabdf8d33d480, 4894;
v0xabdf8d33d480_4895 .array/port v0xabdf8d33d480, 4895;
v0xabdf8d33d480_4896 .array/port v0xabdf8d33d480, 4896;
E_0xabdf8d0ee570/1225 .event anyedge, v0xabdf8d33d480_4893, v0xabdf8d33d480_4894, v0xabdf8d33d480_4895, v0xabdf8d33d480_4896;
v0xabdf8d33d480_4897 .array/port v0xabdf8d33d480, 4897;
v0xabdf8d33d480_4898 .array/port v0xabdf8d33d480, 4898;
v0xabdf8d33d480_4899 .array/port v0xabdf8d33d480, 4899;
v0xabdf8d33d480_4900 .array/port v0xabdf8d33d480, 4900;
E_0xabdf8d0ee570/1226 .event anyedge, v0xabdf8d33d480_4897, v0xabdf8d33d480_4898, v0xabdf8d33d480_4899, v0xabdf8d33d480_4900;
v0xabdf8d33d480_4901 .array/port v0xabdf8d33d480, 4901;
v0xabdf8d33d480_4902 .array/port v0xabdf8d33d480, 4902;
v0xabdf8d33d480_4903 .array/port v0xabdf8d33d480, 4903;
v0xabdf8d33d480_4904 .array/port v0xabdf8d33d480, 4904;
E_0xabdf8d0ee570/1227 .event anyedge, v0xabdf8d33d480_4901, v0xabdf8d33d480_4902, v0xabdf8d33d480_4903, v0xabdf8d33d480_4904;
v0xabdf8d33d480_4905 .array/port v0xabdf8d33d480, 4905;
v0xabdf8d33d480_4906 .array/port v0xabdf8d33d480, 4906;
v0xabdf8d33d480_4907 .array/port v0xabdf8d33d480, 4907;
v0xabdf8d33d480_4908 .array/port v0xabdf8d33d480, 4908;
E_0xabdf8d0ee570/1228 .event anyedge, v0xabdf8d33d480_4905, v0xabdf8d33d480_4906, v0xabdf8d33d480_4907, v0xabdf8d33d480_4908;
v0xabdf8d33d480_4909 .array/port v0xabdf8d33d480, 4909;
v0xabdf8d33d480_4910 .array/port v0xabdf8d33d480, 4910;
v0xabdf8d33d480_4911 .array/port v0xabdf8d33d480, 4911;
v0xabdf8d33d480_4912 .array/port v0xabdf8d33d480, 4912;
E_0xabdf8d0ee570/1229 .event anyedge, v0xabdf8d33d480_4909, v0xabdf8d33d480_4910, v0xabdf8d33d480_4911, v0xabdf8d33d480_4912;
v0xabdf8d33d480_4913 .array/port v0xabdf8d33d480, 4913;
v0xabdf8d33d480_4914 .array/port v0xabdf8d33d480, 4914;
v0xabdf8d33d480_4915 .array/port v0xabdf8d33d480, 4915;
v0xabdf8d33d480_4916 .array/port v0xabdf8d33d480, 4916;
E_0xabdf8d0ee570/1230 .event anyedge, v0xabdf8d33d480_4913, v0xabdf8d33d480_4914, v0xabdf8d33d480_4915, v0xabdf8d33d480_4916;
v0xabdf8d33d480_4917 .array/port v0xabdf8d33d480, 4917;
v0xabdf8d33d480_4918 .array/port v0xabdf8d33d480, 4918;
v0xabdf8d33d480_4919 .array/port v0xabdf8d33d480, 4919;
v0xabdf8d33d480_4920 .array/port v0xabdf8d33d480, 4920;
E_0xabdf8d0ee570/1231 .event anyedge, v0xabdf8d33d480_4917, v0xabdf8d33d480_4918, v0xabdf8d33d480_4919, v0xabdf8d33d480_4920;
v0xabdf8d33d480_4921 .array/port v0xabdf8d33d480, 4921;
v0xabdf8d33d480_4922 .array/port v0xabdf8d33d480, 4922;
v0xabdf8d33d480_4923 .array/port v0xabdf8d33d480, 4923;
v0xabdf8d33d480_4924 .array/port v0xabdf8d33d480, 4924;
E_0xabdf8d0ee570/1232 .event anyedge, v0xabdf8d33d480_4921, v0xabdf8d33d480_4922, v0xabdf8d33d480_4923, v0xabdf8d33d480_4924;
v0xabdf8d33d480_4925 .array/port v0xabdf8d33d480, 4925;
v0xabdf8d33d480_4926 .array/port v0xabdf8d33d480, 4926;
v0xabdf8d33d480_4927 .array/port v0xabdf8d33d480, 4927;
v0xabdf8d33d480_4928 .array/port v0xabdf8d33d480, 4928;
E_0xabdf8d0ee570/1233 .event anyedge, v0xabdf8d33d480_4925, v0xabdf8d33d480_4926, v0xabdf8d33d480_4927, v0xabdf8d33d480_4928;
v0xabdf8d33d480_4929 .array/port v0xabdf8d33d480, 4929;
v0xabdf8d33d480_4930 .array/port v0xabdf8d33d480, 4930;
v0xabdf8d33d480_4931 .array/port v0xabdf8d33d480, 4931;
v0xabdf8d33d480_4932 .array/port v0xabdf8d33d480, 4932;
E_0xabdf8d0ee570/1234 .event anyedge, v0xabdf8d33d480_4929, v0xabdf8d33d480_4930, v0xabdf8d33d480_4931, v0xabdf8d33d480_4932;
v0xabdf8d33d480_4933 .array/port v0xabdf8d33d480, 4933;
v0xabdf8d33d480_4934 .array/port v0xabdf8d33d480, 4934;
v0xabdf8d33d480_4935 .array/port v0xabdf8d33d480, 4935;
v0xabdf8d33d480_4936 .array/port v0xabdf8d33d480, 4936;
E_0xabdf8d0ee570/1235 .event anyedge, v0xabdf8d33d480_4933, v0xabdf8d33d480_4934, v0xabdf8d33d480_4935, v0xabdf8d33d480_4936;
v0xabdf8d33d480_4937 .array/port v0xabdf8d33d480, 4937;
v0xabdf8d33d480_4938 .array/port v0xabdf8d33d480, 4938;
v0xabdf8d33d480_4939 .array/port v0xabdf8d33d480, 4939;
v0xabdf8d33d480_4940 .array/port v0xabdf8d33d480, 4940;
E_0xabdf8d0ee570/1236 .event anyedge, v0xabdf8d33d480_4937, v0xabdf8d33d480_4938, v0xabdf8d33d480_4939, v0xabdf8d33d480_4940;
v0xabdf8d33d480_4941 .array/port v0xabdf8d33d480, 4941;
v0xabdf8d33d480_4942 .array/port v0xabdf8d33d480, 4942;
v0xabdf8d33d480_4943 .array/port v0xabdf8d33d480, 4943;
v0xabdf8d33d480_4944 .array/port v0xabdf8d33d480, 4944;
E_0xabdf8d0ee570/1237 .event anyedge, v0xabdf8d33d480_4941, v0xabdf8d33d480_4942, v0xabdf8d33d480_4943, v0xabdf8d33d480_4944;
v0xabdf8d33d480_4945 .array/port v0xabdf8d33d480, 4945;
v0xabdf8d33d480_4946 .array/port v0xabdf8d33d480, 4946;
v0xabdf8d33d480_4947 .array/port v0xabdf8d33d480, 4947;
v0xabdf8d33d480_4948 .array/port v0xabdf8d33d480, 4948;
E_0xabdf8d0ee570/1238 .event anyedge, v0xabdf8d33d480_4945, v0xabdf8d33d480_4946, v0xabdf8d33d480_4947, v0xabdf8d33d480_4948;
v0xabdf8d33d480_4949 .array/port v0xabdf8d33d480, 4949;
v0xabdf8d33d480_4950 .array/port v0xabdf8d33d480, 4950;
v0xabdf8d33d480_4951 .array/port v0xabdf8d33d480, 4951;
v0xabdf8d33d480_4952 .array/port v0xabdf8d33d480, 4952;
E_0xabdf8d0ee570/1239 .event anyedge, v0xabdf8d33d480_4949, v0xabdf8d33d480_4950, v0xabdf8d33d480_4951, v0xabdf8d33d480_4952;
v0xabdf8d33d480_4953 .array/port v0xabdf8d33d480, 4953;
v0xabdf8d33d480_4954 .array/port v0xabdf8d33d480, 4954;
v0xabdf8d33d480_4955 .array/port v0xabdf8d33d480, 4955;
v0xabdf8d33d480_4956 .array/port v0xabdf8d33d480, 4956;
E_0xabdf8d0ee570/1240 .event anyedge, v0xabdf8d33d480_4953, v0xabdf8d33d480_4954, v0xabdf8d33d480_4955, v0xabdf8d33d480_4956;
v0xabdf8d33d480_4957 .array/port v0xabdf8d33d480, 4957;
v0xabdf8d33d480_4958 .array/port v0xabdf8d33d480, 4958;
v0xabdf8d33d480_4959 .array/port v0xabdf8d33d480, 4959;
v0xabdf8d33d480_4960 .array/port v0xabdf8d33d480, 4960;
E_0xabdf8d0ee570/1241 .event anyedge, v0xabdf8d33d480_4957, v0xabdf8d33d480_4958, v0xabdf8d33d480_4959, v0xabdf8d33d480_4960;
v0xabdf8d33d480_4961 .array/port v0xabdf8d33d480, 4961;
v0xabdf8d33d480_4962 .array/port v0xabdf8d33d480, 4962;
v0xabdf8d33d480_4963 .array/port v0xabdf8d33d480, 4963;
v0xabdf8d33d480_4964 .array/port v0xabdf8d33d480, 4964;
E_0xabdf8d0ee570/1242 .event anyedge, v0xabdf8d33d480_4961, v0xabdf8d33d480_4962, v0xabdf8d33d480_4963, v0xabdf8d33d480_4964;
v0xabdf8d33d480_4965 .array/port v0xabdf8d33d480, 4965;
v0xabdf8d33d480_4966 .array/port v0xabdf8d33d480, 4966;
v0xabdf8d33d480_4967 .array/port v0xabdf8d33d480, 4967;
v0xabdf8d33d480_4968 .array/port v0xabdf8d33d480, 4968;
E_0xabdf8d0ee570/1243 .event anyedge, v0xabdf8d33d480_4965, v0xabdf8d33d480_4966, v0xabdf8d33d480_4967, v0xabdf8d33d480_4968;
v0xabdf8d33d480_4969 .array/port v0xabdf8d33d480, 4969;
v0xabdf8d33d480_4970 .array/port v0xabdf8d33d480, 4970;
v0xabdf8d33d480_4971 .array/port v0xabdf8d33d480, 4971;
v0xabdf8d33d480_4972 .array/port v0xabdf8d33d480, 4972;
E_0xabdf8d0ee570/1244 .event anyedge, v0xabdf8d33d480_4969, v0xabdf8d33d480_4970, v0xabdf8d33d480_4971, v0xabdf8d33d480_4972;
v0xabdf8d33d480_4973 .array/port v0xabdf8d33d480, 4973;
v0xabdf8d33d480_4974 .array/port v0xabdf8d33d480, 4974;
v0xabdf8d33d480_4975 .array/port v0xabdf8d33d480, 4975;
v0xabdf8d33d480_4976 .array/port v0xabdf8d33d480, 4976;
E_0xabdf8d0ee570/1245 .event anyedge, v0xabdf8d33d480_4973, v0xabdf8d33d480_4974, v0xabdf8d33d480_4975, v0xabdf8d33d480_4976;
v0xabdf8d33d480_4977 .array/port v0xabdf8d33d480, 4977;
v0xabdf8d33d480_4978 .array/port v0xabdf8d33d480, 4978;
v0xabdf8d33d480_4979 .array/port v0xabdf8d33d480, 4979;
v0xabdf8d33d480_4980 .array/port v0xabdf8d33d480, 4980;
E_0xabdf8d0ee570/1246 .event anyedge, v0xabdf8d33d480_4977, v0xabdf8d33d480_4978, v0xabdf8d33d480_4979, v0xabdf8d33d480_4980;
v0xabdf8d33d480_4981 .array/port v0xabdf8d33d480, 4981;
v0xabdf8d33d480_4982 .array/port v0xabdf8d33d480, 4982;
v0xabdf8d33d480_4983 .array/port v0xabdf8d33d480, 4983;
v0xabdf8d33d480_4984 .array/port v0xabdf8d33d480, 4984;
E_0xabdf8d0ee570/1247 .event anyedge, v0xabdf8d33d480_4981, v0xabdf8d33d480_4982, v0xabdf8d33d480_4983, v0xabdf8d33d480_4984;
v0xabdf8d33d480_4985 .array/port v0xabdf8d33d480, 4985;
v0xabdf8d33d480_4986 .array/port v0xabdf8d33d480, 4986;
v0xabdf8d33d480_4987 .array/port v0xabdf8d33d480, 4987;
v0xabdf8d33d480_4988 .array/port v0xabdf8d33d480, 4988;
E_0xabdf8d0ee570/1248 .event anyedge, v0xabdf8d33d480_4985, v0xabdf8d33d480_4986, v0xabdf8d33d480_4987, v0xabdf8d33d480_4988;
v0xabdf8d33d480_4989 .array/port v0xabdf8d33d480, 4989;
v0xabdf8d33d480_4990 .array/port v0xabdf8d33d480, 4990;
v0xabdf8d33d480_4991 .array/port v0xabdf8d33d480, 4991;
v0xabdf8d33d480_4992 .array/port v0xabdf8d33d480, 4992;
E_0xabdf8d0ee570/1249 .event anyedge, v0xabdf8d33d480_4989, v0xabdf8d33d480_4990, v0xabdf8d33d480_4991, v0xabdf8d33d480_4992;
v0xabdf8d33d480_4993 .array/port v0xabdf8d33d480, 4993;
v0xabdf8d33d480_4994 .array/port v0xabdf8d33d480, 4994;
v0xabdf8d33d480_4995 .array/port v0xabdf8d33d480, 4995;
v0xabdf8d33d480_4996 .array/port v0xabdf8d33d480, 4996;
E_0xabdf8d0ee570/1250 .event anyedge, v0xabdf8d33d480_4993, v0xabdf8d33d480_4994, v0xabdf8d33d480_4995, v0xabdf8d33d480_4996;
v0xabdf8d33d480_4997 .array/port v0xabdf8d33d480, 4997;
v0xabdf8d33d480_4998 .array/port v0xabdf8d33d480, 4998;
v0xabdf8d33d480_4999 .array/port v0xabdf8d33d480, 4999;
v0xabdf8d33d480_5000 .array/port v0xabdf8d33d480, 5000;
E_0xabdf8d0ee570/1251 .event anyedge, v0xabdf8d33d480_4997, v0xabdf8d33d480_4998, v0xabdf8d33d480_4999, v0xabdf8d33d480_5000;
v0xabdf8d33d480_5001 .array/port v0xabdf8d33d480, 5001;
v0xabdf8d33d480_5002 .array/port v0xabdf8d33d480, 5002;
v0xabdf8d33d480_5003 .array/port v0xabdf8d33d480, 5003;
v0xabdf8d33d480_5004 .array/port v0xabdf8d33d480, 5004;
E_0xabdf8d0ee570/1252 .event anyedge, v0xabdf8d33d480_5001, v0xabdf8d33d480_5002, v0xabdf8d33d480_5003, v0xabdf8d33d480_5004;
v0xabdf8d33d480_5005 .array/port v0xabdf8d33d480, 5005;
v0xabdf8d33d480_5006 .array/port v0xabdf8d33d480, 5006;
v0xabdf8d33d480_5007 .array/port v0xabdf8d33d480, 5007;
v0xabdf8d33d480_5008 .array/port v0xabdf8d33d480, 5008;
E_0xabdf8d0ee570/1253 .event anyedge, v0xabdf8d33d480_5005, v0xabdf8d33d480_5006, v0xabdf8d33d480_5007, v0xabdf8d33d480_5008;
v0xabdf8d33d480_5009 .array/port v0xabdf8d33d480, 5009;
v0xabdf8d33d480_5010 .array/port v0xabdf8d33d480, 5010;
v0xabdf8d33d480_5011 .array/port v0xabdf8d33d480, 5011;
v0xabdf8d33d480_5012 .array/port v0xabdf8d33d480, 5012;
E_0xabdf8d0ee570/1254 .event anyedge, v0xabdf8d33d480_5009, v0xabdf8d33d480_5010, v0xabdf8d33d480_5011, v0xabdf8d33d480_5012;
v0xabdf8d33d480_5013 .array/port v0xabdf8d33d480, 5013;
v0xabdf8d33d480_5014 .array/port v0xabdf8d33d480, 5014;
v0xabdf8d33d480_5015 .array/port v0xabdf8d33d480, 5015;
v0xabdf8d33d480_5016 .array/port v0xabdf8d33d480, 5016;
E_0xabdf8d0ee570/1255 .event anyedge, v0xabdf8d33d480_5013, v0xabdf8d33d480_5014, v0xabdf8d33d480_5015, v0xabdf8d33d480_5016;
v0xabdf8d33d480_5017 .array/port v0xabdf8d33d480, 5017;
v0xabdf8d33d480_5018 .array/port v0xabdf8d33d480, 5018;
v0xabdf8d33d480_5019 .array/port v0xabdf8d33d480, 5019;
v0xabdf8d33d480_5020 .array/port v0xabdf8d33d480, 5020;
E_0xabdf8d0ee570/1256 .event anyedge, v0xabdf8d33d480_5017, v0xabdf8d33d480_5018, v0xabdf8d33d480_5019, v0xabdf8d33d480_5020;
v0xabdf8d33d480_5021 .array/port v0xabdf8d33d480, 5021;
v0xabdf8d33d480_5022 .array/port v0xabdf8d33d480, 5022;
v0xabdf8d33d480_5023 .array/port v0xabdf8d33d480, 5023;
v0xabdf8d33d480_5024 .array/port v0xabdf8d33d480, 5024;
E_0xabdf8d0ee570/1257 .event anyedge, v0xabdf8d33d480_5021, v0xabdf8d33d480_5022, v0xabdf8d33d480_5023, v0xabdf8d33d480_5024;
v0xabdf8d33d480_5025 .array/port v0xabdf8d33d480, 5025;
v0xabdf8d33d480_5026 .array/port v0xabdf8d33d480, 5026;
v0xabdf8d33d480_5027 .array/port v0xabdf8d33d480, 5027;
v0xabdf8d33d480_5028 .array/port v0xabdf8d33d480, 5028;
E_0xabdf8d0ee570/1258 .event anyedge, v0xabdf8d33d480_5025, v0xabdf8d33d480_5026, v0xabdf8d33d480_5027, v0xabdf8d33d480_5028;
v0xabdf8d33d480_5029 .array/port v0xabdf8d33d480, 5029;
v0xabdf8d33d480_5030 .array/port v0xabdf8d33d480, 5030;
v0xabdf8d33d480_5031 .array/port v0xabdf8d33d480, 5031;
v0xabdf8d33d480_5032 .array/port v0xabdf8d33d480, 5032;
E_0xabdf8d0ee570/1259 .event anyedge, v0xabdf8d33d480_5029, v0xabdf8d33d480_5030, v0xabdf8d33d480_5031, v0xabdf8d33d480_5032;
v0xabdf8d33d480_5033 .array/port v0xabdf8d33d480, 5033;
v0xabdf8d33d480_5034 .array/port v0xabdf8d33d480, 5034;
v0xabdf8d33d480_5035 .array/port v0xabdf8d33d480, 5035;
v0xabdf8d33d480_5036 .array/port v0xabdf8d33d480, 5036;
E_0xabdf8d0ee570/1260 .event anyedge, v0xabdf8d33d480_5033, v0xabdf8d33d480_5034, v0xabdf8d33d480_5035, v0xabdf8d33d480_5036;
v0xabdf8d33d480_5037 .array/port v0xabdf8d33d480, 5037;
v0xabdf8d33d480_5038 .array/port v0xabdf8d33d480, 5038;
v0xabdf8d33d480_5039 .array/port v0xabdf8d33d480, 5039;
v0xabdf8d33d480_5040 .array/port v0xabdf8d33d480, 5040;
E_0xabdf8d0ee570/1261 .event anyedge, v0xabdf8d33d480_5037, v0xabdf8d33d480_5038, v0xabdf8d33d480_5039, v0xabdf8d33d480_5040;
v0xabdf8d33d480_5041 .array/port v0xabdf8d33d480, 5041;
v0xabdf8d33d480_5042 .array/port v0xabdf8d33d480, 5042;
v0xabdf8d33d480_5043 .array/port v0xabdf8d33d480, 5043;
v0xabdf8d33d480_5044 .array/port v0xabdf8d33d480, 5044;
E_0xabdf8d0ee570/1262 .event anyedge, v0xabdf8d33d480_5041, v0xabdf8d33d480_5042, v0xabdf8d33d480_5043, v0xabdf8d33d480_5044;
v0xabdf8d33d480_5045 .array/port v0xabdf8d33d480, 5045;
v0xabdf8d33d480_5046 .array/port v0xabdf8d33d480, 5046;
v0xabdf8d33d480_5047 .array/port v0xabdf8d33d480, 5047;
v0xabdf8d33d480_5048 .array/port v0xabdf8d33d480, 5048;
E_0xabdf8d0ee570/1263 .event anyedge, v0xabdf8d33d480_5045, v0xabdf8d33d480_5046, v0xabdf8d33d480_5047, v0xabdf8d33d480_5048;
v0xabdf8d33d480_5049 .array/port v0xabdf8d33d480, 5049;
v0xabdf8d33d480_5050 .array/port v0xabdf8d33d480, 5050;
v0xabdf8d33d480_5051 .array/port v0xabdf8d33d480, 5051;
v0xabdf8d33d480_5052 .array/port v0xabdf8d33d480, 5052;
E_0xabdf8d0ee570/1264 .event anyedge, v0xabdf8d33d480_5049, v0xabdf8d33d480_5050, v0xabdf8d33d480_5051, v0xabdf8d33d480_5052;
v0xabdf8d33d480_5053 .array/port v0xabdf8d33d480, 5053;
v0xabdf8d33d480_5054 .array/port v0xabdf8d33d480, 5054;
v0xabdf8d33d480_5055 .array/port v0xabdf8d33d480, 5055;
v0xabdf8d33d480_5056 .array/port v0xabdf8d33d480, 5056;
E_0xabdf8d0ee570/1265 .event anyedge, v0xabdf8d33d480_5053, v0xabdf8d33d480_5054, v0xabdf8d33d480_5055, v0xabdf8d33d480_5056;
v0xabdf8d33d480_5057 .array/port v0xabdf8d33d480, 5057;
v0xabdf8d33d480_5058 .array/port v0xabdf8d33d480, 5058;
v0xabdf8d33d480_5059 .array/port v0xabdf8d33d480, 5059;
v0xabdf8d33d480_5060 .array/port v0xabdf8d33d480, 5060;
E_0xabdf8d0ee570/1266 .event anyedge, v0xabdf8d33d480_5057, v0xabdf8d33d480_5058, v0xabdf8d33d480_5059, v0xabdf8d33d480_5060;
v0xabdf8d33d480_5061 .array/port v0xabdf8d33d480, 5061;
v0xabdf8d33d480_5062 .array/port v0xabdf8d33d480, 5062;
v0xabdf8d33d480_5063 .array/port v0xabdf8d33d480, 5063;
v0xabdf8d33d480_5064 .array/port v0xabdf8d33d480, 5064;
E_0xabdf8d0ee570/1267 .event anyedge, v0xabdf8d33d480_5061, v0xabdf8d33d480_5062, v0xabdf8d33d480_5063, v0xabdf8d33d480_5064;
v0xabdf8d33d480_5065 .array/port v0xabdf8d33d480, 5065;
v0xabdf8d33d480_5066 .array/port v0xabdf8d33d480, 5066;
v0xabdf8d33d480_5067 .array/port v0xabdf8d33d480, 5067;
v0xabdf8d33d480_5068 .array/port v0xabdf8d33d480, 5068;
E_0xabdf8d0ee570/1268 .event anyedge, v0xabdf8d33d480_5065, v0xabdf8d33d480_5066, v0xabdf8d33d480_5067, v0xabdf8d33d480_5068;
v0xabdf8d33d480_5069 .array/port v0xabdf8d33d480, 5069;
v0xabdf8d33d480_5070 .array/port v0xabdf8d33d480, 5070;
v0xabdf8d33d480_5071 .array/port v0xabdf8d33d480, 5071;
v0xabdf8d33d480_5072 .array/port v0xabdf8d33d480, 5072;
E_0xabdf8d0ee570/1269 .event anyedge, v0xabdf8d33d480_5069, v0xabdf8d33d480_5070, v0xabdf8d33d480_5071, v0xabdf8d33d480_5072;
v0xabdf8d33d480_5073 .array/port v0xabdf8d33d480, 5073;
v0xabdf8d33d480_5074 .array/port v0xabdf8d33d480, 5074;
v0xabdf8d33d480_5075 .array/port v0xabdf8d33d480, 5075;
v0xabdf8d33d480_5076 .array/port v0xabdf8d33d480, 5076;
E_0xabdf8d0ee570/1270 .event anyedge, v0xabdf8d33d480_5073, v0xabdf8d33d480_5074, v0xabdf8d33d480_5075, v0xabdf8d33d480_5076;
v0xabdf8d33d480_5077 .array/port v0xabdf8d33d480, 5077;
v0xabdf8d33d480_5078 .array/port v0xabdf8d33d480, 5078;
v0xabdf8d33d480_5079 .array/port v0xabdf8d33d480, 5079;
v0xabdf8d33d480_5080 .array/port v0xabdf8d33d480, 5080;
E_0xabdf8d0ee570/1271 .event anyedge, v0xabdf8d33d480_5077, v0xabdf8d33d480_5078, v0xabdf8d33d480_5079, v0xabdf8d33d480_5080;
v0xabdf8d33d480_5081 .array/port v0xabdf8d33d480, 5081;
v0xabdf8d33d480_5082 .array/port v0xabdf8d33d480, 5082;
v0xabdf8d33d480_5083 .array/port v0xabdf8d33d480, 5083;
v0xabdf8d33d480_5084 .array/port v0xabdf8d33d480, 5084;
E_0xabdf8d0ee570/1272 .event anyedge, v0xabdf8d33d480_5081, v0xabdf8d33d480_5082, v0xabdf8d33d480_5083, v0xabdf8d33d480_5084;
v0xabdf8d33d480_5085 .array/port v0xabdf8d33d480, 5085;
v0xabdf8d33d480_5086 .array/port v0xabdf8d33d480, 5086;
v0xabdf8d33d480_5087 .array/port v0xabdf8d33d480, 5087;
v0xabdf8d33d480_5088 .array/port v0xabdf8d33d480, 5088;
E_0xabdf8d0ee570/1273 .event anyedge, v0xabdf8d33d480_5085, v0xabdf8d33d480_5086, v0xabdf8d33d480_5087, v0xabdf8d33d480_5088;
v0xabdf8d33d480_5089 .array/port v0xabdf8d33d480, 5089;
v0xabdf8d33d480_5090 .array/port v0xabdf8d33d480, 5090;
v0xabdf8d33d480_5091 .array/port v0xabdf8d33d480, 5091;
v0xabdf8d33d480_5092 .array/port v0xabdf8d33d480, 5092;
E_0xabdf8d0ee570/1274 .event anyedge, v0xabdf8d33d480_5089, v0xabdf8d33d480_5090, v0xabdf8d33d480_5091, v0xabdf8d33d480_5092;
v0xabdf8d33d480_5093 .array/port v0xabdf8d33d480, 5093;
v0xabdf8d33d480_5094 .array/port v0xabdf8d33d480, 5094;
v0xabdf8d33d480_5095 .array/port v0xabdf8d33d480, 5095;
v0xabdf8d33d480_5096 .array/port v0xabdf8d33d480, 5096;
E_0xabdf8d0ee570/1275 .event anyedge, v0xabdf8d33d480_5093, v0xabdf8d33d480_5094, v0xabdf8d33d480_5095, v0xabdf8d33d480_5096;
v0xabdf8d33d480_5097 .array/port v0xabdf8d33d480, 5097;
v0xabdf8d33d480_5098 .array/port v0xabdf8d33d480, 5098;
v0xabdf8d33d480_5099 .array/port v0xabdf8d33d480, 5099;
v0xabdf8d33d480_5100 .array/port v0xabdf8d33d480, 5100;
E_0xabdf8d0ee570/1276 .event anyedge, v0xabdf8d33d480_5097, v0xabdf8d33d480_5098, v0xabdf8d33d480_5099, v0xabdf8d33d480_5100;
v0xabdf8d33d480_5101 .array/port v0xabdf8d33d480, 5101;
v0xabdf8d33d480_5102 .array/port v0xabdf8d33d480, 5102;
v0xabdf8d33d480_5103 .array/port v0xabdf8d33d480, 5103;
v0xabdf8d33d480_5104 .array/port v0xabdf8d33d480, 5104;
E_0xabdf8d0ee570/1277 .event anyedge, v0xabdf8d33d480_5101, v0xabdf8d33d480_5102, v0xabdf8d33d480_5103, v0xabdf8d33d480_5104;
v0xabdf8d33d480_5105 .array/port v0xabdf8d33d480, 5105;
v0xabdf8d33d480_5106 .array/port v0xabdf8d33d480, 5106;
v0xabdf8d33d480_5107 .array/port v0xabdf8d33d480, 5107;
v0xabdf8d33d480_5108 .array/port v0xabdf8d33d480, 5108;
E_0xabdf8d0ee570/1278 .event anyedge, v0xabdf8d33d480_5105, v0xabdf8d33d480_5106, v0xabdf8d33d480_5107, v0xabdf8d33d480_5108;
v0xabdf8d33d480_5109 .array/port v0xabdf8d33d480, 5109;
v0xabdf8d33d480_5110 .array/port v0xabdf8d33d480, 5110;
v0xabdf8d33d480_5111 .array/port v0xabdf8d33d480, 5111;
v0xabdf8d33d480_5112 .array/port v0xabdf8d33d480, 5112;
E_0xabdf8d0ee570/1279 .event anyedge, v0xabdf8d33d480_5109, v0xabdf8d33d480_5110, v0xabdf8d33d480_5111, v0xabdf8d33d480_5112;
v0xabdf8d33d480_5113 .array/port v0xabdf8d33d480, 5113;
v0xabdf8d33d480_5114 .array/port v0xabdf8d33d480, 5114;
v0xabdf8d33d480_5115 .array/port v0xabdf8d33d480, 5115;
v0xabdf8d33d480_5116 .array/port v0xabdf8d33d480, 5116;
E_0xabdf8d0ee570/1280 .event anyedge, v0xabdf8d33d480_5113, v0xabdf8d33d480_5114, v0xabdf8d33d480_5115, v0xabdf8d33d480_5116;
v0xabdf8d33d480_5117 .array/port v0xabdf8d33d480, 5117;
v0xabdf8d33d480_5118 .array/port v0xabdf8d33d480, 5118;
v0xabdf8d33d480_5119 .array/port v0xabdf8d33d480, 5119;
v0xabdf8d33d480_5120 .array/port v0xabdf8d33d480, 5120;
E_0xabdf8d0ee570/1281 .event anyedge, v0xabdf8d33d480_5117, v0xabdf8d33d480_5118, v0xabdf8d33d480_5119, v0xabdf8d33d480_5120;
v0xabdf8d33d480_5121 .array/port v0xabdf8d33d480, 5121;
v0xabdf8d33d480_5122 .array/port v0xabdf8d33d480, 5122;
v0xabdf8d33d480_5123 .array/port v0xabdf8d33d480, 5123;
v0xabdf8d33d480_5124 .array/port v0xabdf8d33d480, 5124;
E_0xabdf8d0ee570/1282 .event anyedge, v0xabdf8d33d480_5121, v0xabdf8d33d480_5122, v0xabdf8d33d480_5123, v0xabdf8d33d480_5124;
v0xabdf8d33d480_5125 .array/port v0xabdf8d33d480, 5125;
v0xabdf8d33d480_5126 .array/port v0xabdf8d33d480, 5126;
v0xabdf8d33d480_5127 .array/port v0xabdf8d33d480, 5127;
v0xabdf8d33d480_5128 .array/port v0xabdf8d33d480, 5128;
E_0xabdf8d0ee570/1283 .event anyedge, v0xabdf8d33d480_5125, v0xabdf8d33d480_5126, v0xabdf8d33d480_5127, v0xabdf8d33d480_5128;
v0xabdf8d33d480_5129 .array/port v0xabdf8d33d480, 5129;
v0xabdf8d33d480_5130 .array/port v0xabdf8d33d480, 5130;
v0xabdf8d33d480_5131 .array/port v0xabdf8d33d480, 5131;
v0xabdf8d33d480_5132 .array/port v0xabdf8d33d480, 5132;
E_0xabdf8d0ee570/1284 .event anyedge, v0xabdf8d33d480_5129, v0xabdf8d33d480_5130, v0xabdf8d33d480_5131, v0xabdf8d33d480_5132;
v0xabdf8d33d480_5133 .array/port v0xabdf8d33d480, 5133;
v0xabdf8d33d480_5134 .array/port v0xabdf8d33d480, 5134;
v0xabdf8d33d480_5135 .array/port v0xabdf8d33d480, 5135;
v0xabdf8d33d480_5136 .array/port v0xabdf8d33d480, 5136;
E_0xabdf8d0ee570/1285 .event anyedge, v0xabdf8d33d480_5133, v0xabdf8d33d480_5134, v0xabdf8d33d480_5135, v0xabdf8d33d480_5136;
v0xabdf8d33d480_5137 .array/port v0xabdf8d33d480, 5137;
v0xabdf8d33d480_5138 .array/port v0xabdf8d33d480, 5138;
v0xabdf8d33d480_5139 .array/port v0xabdf8d33d480, 5139;
v0xabdf8d33d480_5140 .array/port v0xabdf8d33d480, 5140;
E_0xabdf8d0ee570/1286 .event anyedge, v0xabdf8d33d480_5137, v0xabdf8d33d480_5138, v0xabdf8d33d480_5139, v0xabdf8d33d480_5140;
v0xabdf8d33d480_5141 .array/port v0xabdf8d33d480, 5141;
v0xabdf8d33d480_5142 .array/port v0xabdf8d33d480, 5142;
v0xabdf8d33d480_5143 .array/port v0xabdf8d33d480, 5143;
v0xabdf8d33d480_5144 .array/port v0xabdf8d33d480, 5144;
E_0xabdf8d0ee570/1287 .event anyedge, v0xabdf8d33d480_5141, v0xabdf8d33d480_5142, v0xabdf8d33d480_5143, v0xabdf8d33d480_5144;
v0xabdf8d33d480_5145 .array/port v0xabdf8d33d480, 5145;
v0xabdf8d33d480_5146 .array/port v0xabdf8d33d480, 5146;
v0xabdf8d33d480_5147 .array/port v0xabdf8d33d480, 5147;
v0xabdf8d33d480_5148 .array/port v0xabdf8d33d480, 5148;
E_0xabdf8d0ee570/1288 .event anyedge, v0xabdf8d33d480_5145, v0xabdf8d33d480_5146, v0xabdf8d33d480_5147, v0xabdf8d33d480_5148;
v0xabdf8d33d480_5149 .array/port v0xabdf8d33d480, 5149;
v0xabdf8d33d480_5150 .array/port v0xabdf8d33d480, 5150;
v0xabdf8d33d480_5151 .array/port v0xabdf8d33d480, 5151;
v0xabdf8d33d480_5152 .array/port v0xabdf8d33d480, 5152;
E_0xabdf8d0ee570/1289 .event anyedge, v0xabdf8d33d480_5149, v0xabdf8d33d480_5150, v0xabdf8d33d480_5151, v0xabdf8d33d480_5152;
v0xabdf8d33d480_5153 .array/port v0xabdf8d33d480, 5153;
v0xabdf8d33d480_5154 .array/port v0xabdf8d33d480, 5154;
v0xabdf8d33d480_5155 .array/port v0xabdf8d33d480, 5155;
v0xabdf8d33d480_5156 .array/port v0xabdf8d33d480, 5156;
E_0xabdf8d0ee570/1290 .event anyedge, v0xabdf8d33d480_5153, v0xabdf8d33d480_5154, v0xabdf8d33d480_5155, v0xabdf8d33d480_5156;
v0xabdf8d33d480_5157 .array/port v0xabdf8d33d480, 5157;
v0xabdf8d33d480_5158 .array/port v0xabdf8d33d480, 5158;
v0xabdf8d33d480_5159 .array/port v0xabdf8d33d480, 5159;
v0xabdf8d33d480_5160 .array/port v0xabdf8d33d480, 5160;
E_0xabdf8d0ee570/1291 .event anyedge, v0xabdf8d33d480_5157, v0xabdf8d33d480_5158, v0xabdf8d33d480_5159, v0xabdf8d33d480_5160;
v0xabdf8d33d480_5161 .array/port v0xabdf8d33d480, 5161;
v0xabdf8d33d480_5162 .array/port v0xabdf8d33d480, 5162;
v0xabdf8d33d480_5163 .array/port v0xabdf8d33d480, 5163;
v0xabdf8d33d480_5164 .array/port v0xabdf8d33d480, 5164;
E_0xabdf8d0ee570/1292 .event anyedge, v0xabdf8d33d480_5161, v0xabdf8d33d480_5162, v0xabdf8d33d480_5163, v0xabdf8d33d480_5164;
v0xabdf8d33d480_5165 .array/port v0xabdf8d33d480, 5165;
v0xabdf8d33d480_5166 .array/port v0xabdf8d33d480, 5166;
v0xabdf8d33d480_5167 .array/port v0xabdf8d33d480, 5167;
v0xabdf8d33d480_5168 .array/port v0xabdf8d33d480, 5168;
E_0xabdf8d0ee570/1293 .event anyedge, v0xabdf8d33d480_5165, v0xabdf8d33d480_5166, v0xabdf8d33d480_5167, v0xabdf8d33d480_5168;
v0xabdf8d33d480_5169 .array/port v0xabdf8d33d480, 5169;
v0xabdf8d33d480_5170 .array/port v0xabdf8d33d480, 5170;
v0xabdf8d33d480_5171 .array/port v0xabdf8d33d480, 5171;
v0xabdf8d33d480_5172 .array/port v0xabdf8d33d480, 5172;
E_0xabdf8d0ee570/1294 .event anyedge, v0xabdf8d33d480_5169, v0xabdf8d33d480_5170, v0xabdf8d33d480_5171, v0xabdf8d33d480_5172;
v0xabdf8d33d480_5173 .array/port v0xabdf8d33d480, 5173;
v0xabdf8d33d480_5174 .array/port v0xabdf8d33d480, 5174;
v0xabdf8d33d480_5175 .array/port v0xabdf8d33d480, 5175;
v0xabdf8d33d480_5176 .array/port v0xabdf8d33d480, 5176;
E_0xabdf8d0ee570/1295 .event anyedge, v0xabdf8d33d480_5173, v0xabdf8d33d480_5174, v0xabdf8d33d480_5175, v0xabdf8d33d480_5176;
v0xabdf8d33d480_5177 .array/port v0xabdf8d33d480, 5177;
v0xabdf8d33d480_5178 .array/port v0xabdf8d33d480, 5178;
v0xabdf8d33d480_5179 .array/port v0xabdf8d33d480, 5179;
v0xabdf8d33d480_5180 .array/port v0xabdf8d33d480, 5180;
E_0xabdf8d0ee570/1296 .event anyedge, v0xabdf8d33d480_5177, v0xabdf8d33d480_5178, v0xabdf8d33d480_5179, v0xabdf8d33d480_5180;
v0xabdf8d33d480_5181 .array/port v0xabdf8d33d480, 5181;
v0xabdf8d33d480_5182 .array/port v0xabdf8d33d480, 5182;
v0xabdf8d33d480_5183 .array/port v0xabdf8d33d480, 5183;
v0xabdf8d33d480_5184 .array/port v0xabdf8d33d480, 5184;
E_0xabdf8d0ee570/1297 .event anyedge, v0xabdf8d33d480_5181, v0xabdf8d33d480_5182, v0xabdf8d33d480_5183, v0xabdf8d33d480_5184;
v0xabdf8d33d480_5185 .array/port v0xabdf8d33d480, 5185;
v0xabdf8d33d480_5186 .array/port v0xabdf8d33d480, 5186;
v0xabdf8d33d480_5187 .array/port v0xabdf8d33d480, 5187;
v0xabdf8d33d480_5188 .array/port v0xabdf8d33d480, 5188;
E_0xabdf8d0ee570/1298 .event anyedge, v0xabdf8d33d480_5185, v0xabdf8d33d480_5186, v0xabdf8d33d480_5187, v0xabdf8d33d480_5188;
v0xabdf8d33d480_5189 .array/port v0xabdf8d33d480, 5189;
v0xabdf8d33d480_5190 .array/port v0xabdf8d33d480, 5190;
v0xabdf8d33d480_5191 .array/port v0xabdf8d33d480, 5191;
v0xabdf8d33d480_5192 .array/port v0xabdf8d33d480, 5192;
E_0xabdf8d0ee570/1299 .event anyedge, v0xabdf8d33d480_5189, v0xabdf8d33d480_5190, v0xabdf8d33d480_5191, v0xabdf8d33d480_5192;
v0xabdf8d33d480_5193 .array/port v0xabdf8d33d480, 5193;
v0xabdf8d33d480_5194 .array/port v0xabdf8d33d480, 5194;
v0xabdf8d33d480_5195 .array/port v0xabdf8d33d480, 5195;
v0xabdf8d33d480_5196 .array/port v0xabdf8d33d480, 5196;
E_0xabdf8d0ee570/1300 .event anyedge, v0xabdf8d33d480_5193, v0xabdf8d33d480_5194, v0xabdf8d33d480_5195, v0xabdf8d33d480_5196;
v0xabdf8d33d480_5197 .array/port v0xabdf8d33d480, 5197;
v0xabdf8d33d480_5198 .array/port v0xabdf8d33d480, 5198;
v0xabdf8d33d480_5199 .array/port v0xabdf8d33d480, 5199;
v0xabdf8d33d480_5200 .array/port v0xabdf8d33d480, 5200;
E_0xabdf8d0ee570/1301 .event anyedge, v0xabdf8d33d480_5197, v0xabdf8d33d480_5198, v0xabdf8d33d480_5199, v0xabdf8d33d480_5200;
v0xabdf8d33d480_5201 .array/port v0xabdf8d33d480, 5201;
v0xabdf8d33d480_5202 .array/port v0xabdf8d33d480, 5202;
v0xabdf8d33d480_5203 .array/port v0xabdf8d33d480, 5203;
v0xabdf8d33d480_5204 .array/port v0xabdf8d33d480, 5204;
E_0xabdf8d0ee570/1302 .event anyedge, v0xabdf8d33d480_5201, v0xabdf8d33d480_5202, v0xabdf8d33d480_5203, v0xabdf8d33d480_5204;
v0xabdf8d33d480_5205 .array/port v0xabdf8d33d480, 5205;
v0xabdf8d33d480_5206 .array/port v0xabdf8d33d480, 5206;
v0xabdf8d33d480_5207 .array/port v0xabdf8d33d480, 5207;
v0xabdf8d33d480_5208 .array/port v0xabdf8d33d480, 5208;
E_0xabdf8d0ee570/1303 .event anyedge, v0xabdf8d33d480_5205, v0xabdf8d33d480_5206, v0xabdf8d33d480_5207, v0xabdf8d33d480_5208;
v0xabdf8d33d480_5209 .array/port v0xabdf8d33d480, 5209;
v0xabdf8d33d480_5210 .array/port v0xabdf8d33d480, 5210;
v0xabdf8d33d480_5211 .array/port v0xabdf8d33d480, 5211;
v0xabdf8d33d480_5212 .array/port v0xabdf8d33d480, 5212;
E_0xabdf8d0ee570/1304 .event anyedge, v0xabdf8d33d480_5209, v0xabdf8d33d480_5210, v0xabdf8d33d480_5211, v0xabdf8d33d480_5212;
v0xabdf8d33d480_5213 .array/port v0xabdf8d33d480, 5213;
v0xabdf8d33d480_5214 .array/port v0xabdf8d33d480, 5214;
v0xabdf8d33d480_5215 .array/port v0xabdf8d33d480, 5215;
v0xabdf8d33d480_5216 .array/port v0xabdf8d33d480, 5216;
E_0xabdf8d0ee570/1305 .event anyedge, v0xabdf8d33d480_5213, v0xabdf8d33d480_5214, v0xabdf8d33d480_5215, v0xabdf8d33d480_5216;
v0xabdf8d33d480_5217 .array/port v0xabdf8d33d480, 5217;
v0xabdf8d33d480_5218 .array/port v0xabdf8d33d480, 5218;
v0xabdf8d33d480_5219 .array/port v0xabdf8d33d480, 5219;
v0xabdf8d33d480_5220 .array/port v0xabdf8d33d480, 5220;
E_0xabdf8d0ee570/1306 .event anyedge, v0xabdf8d33d480_5217, v0xabdf8d33d480_5218, v0xabdf8d33d480_5219, v0xabdf8d33d480_5220;
v0xabdf8d33d480_5221 .array/port v0xabdf8d33d480, 5221;
v0xabdf8d33d480_5222 .array/port v0xabdf8d33d480, 5222;
v0xabdf8d33d480_5223 .array/port v0xabdf8d33d480, 5223;
v0xabdf8d33d480_5224 .array/port v0xabdf8d33d480, 5224;
E_0xabdf8d0ee570/1307 .event anyedge, v0xabdf8d33d480_5221, v0xabdf8d33d480_5222, v0xabdf8d33d480_5223, v0xabdf8d33d480_5224;
v0xabdf8d33d480_5225 .array/port v0xabdf8d33d480, 5225;
v0xabdf8d33d480_5226 .array/port v0xabdf8d33d480, 5226;
v0xabdf8d33d480_5227 .array/port v0xabdf8d33d480, 5227;
v0xabdf8d33d480_5228 .array/port v0xabdf8d33d480, 5228;
E_0xabdf8d0ee570/1308 .event anyedge, v0xabdf8d33d480_5225, v0xabdf8d33d480_5226, v0xabdf8d33d480_5227, v0xabdf8d33d480_5228;
v0xabdf8d33d480_5229 .array/port v0xabdf8d33d480, 5229;
v0xabdf8d33d480_5230 .array/port v0xabdf8d33d480, 5230;
v0xabdf8d33d480_5231 .array/port v0xabdf8d33d480, 5231;
v0xabdf8d33d480_5232 .array/port v0xabdf8d33d480, 5232;
E_0xabdf8d0ee570/1309 .event anyedge, v0xabdf8d33d480_5229, v0xabdf8d33d480_5230, v0xabdf8d33d480_5231, v0xabdf8d33d480_5232;
v0xabdf8d33d480_5233 .array/port v0xabdf8d33d480, 5233;
v0xabdf8d33d480_5234 .array/port v0xabdf8d33d480, 5234;
v0xabdf8d33d480_5235 .array/port v0xabdf8d33d480, 5235;
v0xabdf8d33d480_5236 .array/port v0xabdf8d33d480, 5236;
E_0xabdf8d0ee570/1310 .event anyedge, v0xabdf8d33d480_5233, v0xabdf8d33d480_5234, v0xabdf8d33d480_5235, v0xabdf8d33d480_5236;
v0xabdf8d33d480_5237 .array/port v0xabdf8d33d480, 5237;
v0xabdf8d33d480_5238 .array/port v0xabdf8d33d480, 5238;
v0xabdf8d33d480_5239 .array/port v0xabdf8d33d480, 5239;
v0xabdf8d33d480_5240 .array/port v0xabdf8d33d480, 5240;
E_0xabdf8d0ee570/1311 .event anyedge, v0xabdf8d33d480_5237, v0xabdf8d33d480_5238, v0xabdf8d33d480_5239, v0xabdf8d33d480_5240;
v0xabdf8d33d480_5241 .array/port v0xabdf8d33d480, 5241;
v0xabdf8d33d480_5242 .array/port v0xabdf8d33d480, 5242;
v0xabdf8d33d480_5243 .array/port v0xabdf8d33d480, 5243;
v0xabdf8d33d480_5244 .array/port v0xabdf8d33d480, 5244;
E_0xabdf8d0ee570/1312 .event anyedge, v0xabdf8d33d480_5241, v0xabdf8d33d480_5242, v0xabdf8d33d480_5243, v0xabdf8d33d480_5244;
v0xabdf8d33d480_5245 .array/port v0xabdf8d33d480, 5245;
v0xabdf8d33d480_5246 .array/port v0xabdf8d33d480, 5246;
v0xabdf8d33d480_5247 .array/port v0xabdf8d33d480, 5247;
v0xabdf8d33d480_5248 .array/port v0xabdf8d33d480, 5248;
E_0xabdf8d0ee570/1313 .event anyedge, v0xabdf8d33d480_5245, v0xabdf8d33d480_5246, v0xabdf8d33d480_5247, v0xabdf8d33d480_5248;
v0xabdf8d33d480_5249 .array/port v0xabdf8d33d480, 5249;
v0xabdf8d33d480_5250 .array/port v0xabdf8d33d480, 5250;
v0xabdf8d33d480_5251 .array/port v0xabdf8d33d480, 5251;
v0xabdf8d33d480_5252 .array/port v0xabdf8d33d480, 5252;
E_0xabdf8d0ee570/1314 .event anyedge, v0xabdf8d33d480_5249, v0xabdf8d33d480_5250, v0xabdf8d33d480_5251, v0xabdf8d33d480_5252;
v0xabdf8d33d480_5253 .array/port v0xabdf8d33d480, 5253;
v0xabdf8d33d480_5254 .array/port v0xabdf8d33d480, 5254;
v0xabdf8d33d480_5255 .array/port v0xabdf8d33d480, 5255;
v0xabdf8d33d480_5256 .array/port v0xabdf8d33d480, 5256;
E_0xabdf8d0ee570/1315 .event anyedge, v0xabdf8d33d480_5253, v0xabdf8d33d480_5254, v0xabdf8d33d480_5255, v0xabdf8d33d480_5256;
v0xabdf8d33d480_5257 .array/port v0xabdf8d33d480, 5257;
v0xabdf8d33d480_5258 .array/port v0xabdf8d33d480, 5258;
v0xabdf8d33d480_5259 .array/port v0xabdf8d33d480, 5259;
v0xabdf8d33d480_5260 .array/port v0xabdf8d33d480, 5260;
E_0xabdf8d0ee570/1316 .event anyedge, v0xabdf8d33d480_5257, v0xabdf8d33d480_5258, v0xabdf8d33d480_5259, v0xabdf8d33d480_5260;
v0xabdf8d33d480_5261 .array/port v0xabdf8d33d480, 5261;
v0xabdf8d33d480_5262 .array/port v0xabdf8d33d480, 5262;
v0xabdf8d33d480_5263 .array/port v0xabdf8d33d480, 5263;
v0xabdf8d33d480_5264 .array/port v0xabdf8d33d480, 5264;
E_0xabdf8d0ee570/1317 .event anyedge, v0xabdf8d33d480_5261, v0xabdf8d33d480_5262, v0xabdf8d33d480_5263, v0xabdf8d33d480_5264;
v0xabdf8d33d480_5265 .array/port v0xabdf8d33d480, 5265;
v0xabdf8d33d480_5266 .array/port v0xabdf8d33d480, 5266;
v0xabdf8d33d480_5267 .array/port v0xabdf8d33d480, 5267;
v0xabdf8d33d480_5268 .array/port v0xabdf8d33d480, 5268;
E_0xabdf8d0ee570/1318 .event anyedge, v0xabdf8d33d480_5265, v0xabdf8d33d480_5266, v0xabdf8d33d480_5267, v0xabdf8d33d480_5268;
v0xabdf8d33d480_5269 .array/port v0xabdf8d33d480, 5269;
v0xabdf8d33d480_5270 .array/port v0xabdf8d33d480, 5270;
v0xabdf8d33d480_5271 .array/port v0xabdf8d33d480, 5271;
v0xabdf8d33d480_5272 .array/port v0xabdf8d33d480, 5272;
E_0xabdf8d0ee570/1319 .event anyedge, v0xabdf8d33d480_5269, v0xabdf8d33d480_5270, v0xabdf8d33d480_5271, v0xabdf8d33d480_5272;
v0xabdf8d33d480_5273 .array/port v0xabdf8d33d480, 5273;
v0xabdf8d33d480_5274 .array/port v0xabdf8d33d480, 5274;
v0xabdf8d33d480_5275 .array/port v0xabdf8d33d480, 5275;
v0xabdf8d33d480_5276 .array/port v0xabdf8d33d480, 5276;
E_0xabdf8d0ee570/1320 .event anyedge, v0xabdf8d33d480_5273, v0xabdf8d33d480_5274, v0xabdf8d33d480_5275, v0xabdf8d33d480_5276;
v0xabdf8d33d480_5277 .array/port v0xabdf8d33d480, 5277;
v0xabdf8d33d480_5278 .array/port v0xabdf8d33d480, 5278;
v0xabdf8d33d480_5279 .array/port v0xabdf8d33d480, 5279;
v0xabdf8d33d480_5280 .array/port v0xabdf8d33d480, 5280;
E_0xabdf8d0ee570/1321 .event anyedge, v0xabdf8d33d480_5277, v0xabdf8d33d480_5278, v0xabdf8d33d480_5279, v0xabdf8d33d480_5280;
v0xabdf8d33d480_5281 .array/port v0xabdf8d33d480, 5281;
v0xabdf8d33d480_5282 .array/port v0xabdf8d33d480, 5282;
v0xabdf8d33d480_5283 .array/port v0xabdf8d33d480, 5283;
v0xabdf8d33d480_5284 .array/port v0xabdf8d33d480, 5284;
E_0xabdf8d0ee570/1322 .event anyedge, v0xabdf8d33d480_5281, v0xabdf8d33d480_5282, v0xabdf8d33d480_5283, v0xabdf8d33d480_5284;
v0xabdf8d33d480_5285 .array/port v0xabdf8d33d480, 5285;
v0xabdf8d33d480_5286 .array/port v0xabdf8d33d480, 5286;
v0xabdf8d33d480_5287 .array/port v0xabdf8d33d480, 5287;
v0xabdf8d33d480_5288 .array/port v0xabdf8d33d480, 5288;
E_0xabdf8d0ee570/1323 .event anyedge, v0xabdf8d33d480_5285, v0xabdf8d33d480_5286, v0xabdf8d33d480_5287, v0xabdf8d33d480_5288;
v0xabdf8d33d480_5289 .array/port v0xabdf8d33d480, 5289;
v0xabdf8d33d480_5290 .array/port v0xabdf8d33d480, 5290;
v0xabdf8d33d480_5291 .array/port v0xabdf8d33d480, 5291;
v0xabdf8d33d480_5292 .array/port v0xabdf8d33d480, 5292;
E_0xabdf8d0ee570/1324 .event anyedge, v0xabdf8d33d480_5289, v0xabdf8d33d480_5290, v0xabdf8d33d480_5291, v0xabdf8d33d480_5292;
v0xabdf8d33d480_5293 .array/port v0xabdf8d33d480, 5293;
v0xabdf8d33d480_5294 .array/port v0xabdf8d33d480, 5294;
v0xabdf8d33d480_5295 .array/port v0xabdf8d33d480, 5295;
v0xabdf8d33d480_5296 .array/port v0xabdf8d33d480, 5296;
E_0xabdf8d0ee570/1325 .event anyedge, v0xabdf8d33d480_5293, v0xabdf8d33d480_5294, v0xabdf8d33d480_5295, v0xabdf8d33d480_5296;
v0xabdf8d33d480_5297 .array/port v0xabdf8d33d480, 5297;
v0xabdf8d33d480_5298 .array/port v0xabdf8d33d480, 5298;
v0xabdf8d33d480_5299 .array/port v0xabdf8d33d480, 5299;
v0xabdf8d33d480_5300 .array/port v0xabdf8d33d480, 5300;
E_0xabdf8d0ee570/1326 .event anyedge, v0xabdf8d33d480_5297, v0xabdf8d33d480_5298, v0xabdf8d33d480_5299, v0xabdf8d33d480_5300;
v0xabdf8d33d480_5301 .array/port v0xabdf8d33d480, 5301;
v0xabdf8d33d480_5302 .array/port v0xabdf8d33d480, 5302;
v0xabdf8d33d480_5303 .array/port v0xabdf8d33d480, 5303;
v0xabdf8d33d480_5304 .array/port v0xabdf8d33d480, 5304;
E_0xabdf8d0ee570/1327 .event anyedge, v0xabdf8d33d480_5301, v0xabdf8d33d480_5302, v0xabdf8d33d480_5303, v0xabdf8d33d480_5304;
v0xabdf8d33d480_5305 .array/port v0xabdf8d33d480, 5305;
v0xabdf8d33d480_5306 .array/port v0xabdf8d33d480, 5306;
v0xabdf8d33d480_5307 .array/port v0xabdf8d33d480, 5307;
v0xabdf8d33d480_5308 .array/port v0xabdf8d33d480, 5308;
E_0xabdf8d0ee570/1328 .event anyedge, v0xabdf8d33d480_5305, v0xabdf8d33d480_5306, v0xabdf8d33d480_5307, v0xabdf8d33d480_5308;
v0xabdf8d33d480_5309 .array/port v0xabdf8d33d480, 5309;
v0xabdf8d33d480_5310 .array/port v0xabdf8d33d480, 5310;
v0xabdf8d33d480_5311 .array/port v0xabdf8d33d480, 5311;
v0xabdf8d33d480_5312 .array/port v0xabdf8d33d480, 5312;
E_0xabdf8d0ee570/1329 .event anyedge, v0xabdf8d33d480_5309, v0xabdf8d33d480_5310, v0xabdf8d33d480_5311, v0xabdf8d33d480_5312;
v0xabdf8d33d480_5313 .array/port v0xabdf8d33d480, 5313;
v0xabdf8d33d480_5314 .array/port v0xabdf8d33d480, 5314;
v0xabdf8d33d480_5315 .array/port v0xabdf8d33d480, 5315;
v0xabdf8d33d480_5316 .array/port v0xabdf8d33d480, 5316;
E_0xabdf8d0ee570/1330 .event anyedge, v0xabdf8d33d480_5313, v0xabdf8d33d480_5314, v0xabdf8d33d480_5315, v0xabdf8d33d480_5316;
v0xabdf8d33d480_5317 .array/port v0xabdf8d33d480, 5317;
v0xabdf8d33d480_5318 .array/port v0xabdf8d33d480, 5318;
v0xabdf8d33d480_5319 .array/port v0xabdf8d33d480, 5319;
v0xabdf8d33d480_5320 .array/port v0xabdf8d33d480, 5320;
E_0xabdf8d0ee570/1331 .event anyedge, v0xabdf8d33d480_5317, v0xabdf8d33d480_5318, v0xabdf8d33d480_5319, v0xabdf8d33d480_5320;
v0xabdf8d33d480_5321 .array/port v0xabdf8d33d480, 5321;
v0xabdf8d33d480_5322 .array/port v0xabdf8d33d480, 5322;
v0xabdf8d33d480_5323 .array/port v0xabdf8d33d480, 5323;
v0xabdf8d33d480_5324 .array/port v0xabdf8d33d480, 5324;
E_0xabdf8d0ee570/1332 .event anyedge, v0xabdf8d33d480_5321, v0xabdf8d33d480_5322, v0xabdf8d33d480_5323, v0xabdf8d33d480_5324;
v0xabdf8d33d480_5325 .array/port v0xabdf8d33d480, 5325;
v0xabdf8d33d480_5326 .array/port v0xabdf8d33d480, 5326;
v0xabdf8d33d480_5327 .array/port v0xabdf8d33d480, 5327;
v0xabdf8d33d480_5328 .array/port v0xabdf8d33d480, 5328;
E_0xabdf8d0ee570/1333 .event anyedge, v0xabdf8d33d480_5325, v0xabdf8d33d480_5326, v0xabdf8d33d480_5327, v0xabdf8d33d480_5328;
v0xabdf8d33d480_5329 .array/port v0xabdf8d33d480, 5329;
v0xabdf8d33d480_5330 .array/port v0xabdf8d33d480, 5330;
v0xabdf8d33d480_5331 .array/port v0xabdf8d33d480, 5331;
v0xabdf8d33d480_5332 .array/port v0xabdf8d33d480, 5332;
E_0xabdf8d0ee570/1334 .event anyedge, v0xabdf8d33d480_5329, v0xabdf8d33d480_5330, v0xabdf8d33d480_5331, v0xabdf8d33d480_5332;
v0xabdf8d33d480_5333 .array/port v0xabdf8d33d480, 5333;
v0xabdf8d33d480_5334 .array/port v0xabdf8d33d480, 5334;
v0xabdf8d33d480_5335 .array/port v0xabdf8d33d480, 5335;
v0xabdf8d33d480_5336 .array/port v0xabdf8d33d480, 5336;
E_0xabdf8d0ee570/1335 .event anyedge, v0xabdf8d33d480_5333, v0xabdf8d33d480_5334, v0xabdf8d33d480_5335, v0xabdf8d33d480_5336;
v0xabdf8d33d480_5337 .array/port v0xabdf8d33d480, 5337;
v0xabdf8d33d480_5338 .array/port v0xabdf8d33d480, 5338;
v0xabdf8d33d480_5339 .array/port v0xabdf8d33d480, 5339;
v0xabdf8d33d480_5340 .array/port v0xabdf8d33d480, 5340;
E_0xabdf8d0ee570/1336 .event anyedge, v0xabdf8d33d480_5337, v0xabdf8d33d480_5338, v0xabdf8d33d480_5339, v0xabdf8d33d480_5340;
v0xabdf8d33d480_5341 .array/port v0xabdf8d33d480, 5341;
v0xabdf8d33d480_5342 .array/port v0xabdf8d33d480, 5342;
v0xabdf8d33d480_5343 .array/port v0xabdf8d33d480, 5343;
v0xabdf8d33d480_5344 .array/port v0xabdf8d33d480, 5344;
E_0xabdf8d0ee570/1337 .event anyedge, v0xabdf8d33d480_5341, v0xabdf8d33d480_5342, v0xabdf8d33d480_5343, v0xabdf8d33d480_5344;
v0xabdf8d33d480_5345 .array/port v0xabdf8d33d480, 5345;
v0xabdf8d33d480_5346 .array/port v0xabdf8d33d480, 5346;
v0xabdf8d33d480_5347 .array/port v0xabdf8d33d480, 5347;
v0xabdf8d33d480_5348 .array/port v0xabdf8d33d480, 5348;
E_0xabdf8d0ee570/1338 .event anyedge, v0xabdf8d33d480_5345, v0xabdf8d33d480_5346, v0xabdf8d33d480_5347, v0xabdf8d33d480_5348;
v0xabdf8d33d480_5349 .array/port v0xabdf8d33d480, 5349;
v0xabdf8d33d480_5350 .array/port v0xabdf8d33d480, 5350;
v0xabdf8d33d480_5351 .array/port v0xabdf8d33d480, 5351;
v0xabdf8d33d480_5352 .array/port v0xabdf8d33d480, 5352;
E_0xabdf8d0ee570/1339 .event anyedge, v0xabdf8d33d480_5349, v0xabdf8d33d480_5350, v0xabdf8d33d480_5351, v0xabdf8d33d480_5352;
v0xabdf8d33d480_5353 .array/port v0xabdf8d33d480, 5353;
v0xabdf8d33d480_5354 .array/port v0xabdf8d33d480, 5354;
v0xabdf8d33d480_5355 .array/port v0xabdf8d33d480, 5355;
v0xabdf8d33d480_5356 .array/port v0xabdf8d33d480, 5356;
E_0xabdf8d0ee570/1340 .event anyedge, v0xabdf8d33d480_5353, v0xabdf8d33d480_5354, v0xabdf8d33d480_5355, v0xabdf8d33d480_5356;
v0xabdf8d33d480_5357 .array/port v0xabdf8d33d480, 5357;
v0xabdf8d33d480_5358 .array/port v0xabdf8d33d480, 5358;
v0xabdf8d33d480_5359 .array/port v0xabdf8d33d480, 5359;
v0xabdf8d33d480_5360 .array/port v0xabdf8d33d480, 5360;
E_0xabdf8d0ee570/1341 .event anyedge, v0xabdf8d33d480_5357, v0xabdf8d33d480_5358, v0xabdf8d33d480_5359, v0xabdf8d33d480_5360;
v0xabdf8d33d480_5361 .array/port v0xabdf8d33d480, 5361;
v0xabdf8d33d480_5362 .array/port v0xabdf8d33d480, 5362;
v0xabdf8d33d480_5363 .array/port v0xabdf8d33d480, 5363;
v0xabdf8d33d480_5364 .array/port v0xabdf8d33d480, 5364;
E_0xabdf8d0ee570/1342 .event anyedge, v0xabdf8d33d480_5361, v0xabdf8d33d480_5362, v0xabdf8d33d480_5363, v0xabdf8d33d480_5364;
v0xabdf8d33d480_5365 .array/port v0xabdf8d33d480, 5365;
v0xabdf8d33d480_5366 .array/port v0xabdf8d33d480, 5366;
v0xabdf8d33d480_5367 .array/port v0xabdf8d33d480, 5367;
v0xabdf8d33d480_5368 .array/port v0xabdf8d33d480, 5368;
E_0xabdf8d0ee570/1343 .event anyedge, v0xabdf8d33d480_5365, v0xabdf8d33d480_5366, v0xabdf8d33d480_5367, v0xabdf8d33d480_5368;
v0xabdf8d33d480_5369 .array/port v0xabdf8d33d480, 5369;
v0xabdf8d33d480_5370 .array/port v0xabdf8d33d480, 5370;
v0xabdf8d33d480_5371 .array/port v0xabdf8d33d480, 5371;
v0xabdf8d33d480_5372 .array/port v0xabdf8d33d480, 5372;
E_0xabdf8d0ee570/1344 .event anyedge, v0xabdf8d33d480_5369, v0xabdf8d33d480_5370, v0xabdf8d33d480_5371, v0xabdf8d33d480_5372;
v0xabdf8d33d480_5373 .array/port v0xabdf8d33d480, 5373;
v0xabdf8d33d480_5374 .array/port v0xabdf8d33d480, 5374;
v0xabdf8d33d480_5375 .array/port v0xabdf8d33d480, 5375;
v0xabdf8d33d480_5376 .array/port v0xabdf8d33d480, 5376;
E_0xabdf8d0ee570/1345 .event anyedge, v0xabdf8d33d480_5373, v0xabdf8d33d480_5374, v0xabdf8d33d480_5375, v0xabdf8d33d480_5376;
v0xabdf8d33d480_5377 .array/port v0xabdf8d33d480, 5377;
v0xabdf8d33d480_5378 .array/port v0xabdf8d33d480, 5378;
v0xabdf8d33d480_5379 .array/port v0xabdf8d33d480, 5379;
v0xabdf8d33d480_5380 .array/port v0xabdf8d33d480, 5380;
E_0xabdf8d0ee570/1346 .event anyedge, v0xabdf8d33d480_5377, v0xabdf8d33d480_5378, v0xabdf8d33d480_5379, v0xabdf8d33d480_5380;
v0xabdf8d33d480_5381 .array/port v0xabdf8d33d480, 5381;
v0xabdf8d33d480_5382 .array/port v0xabdf8d33d480, 5382;
v0xabdf8d33d480_5383 .array/port v0xabdf8d33d480, 5383;
v0xabdf8d33d480_5384 .array/port v0xabdf8d33d480, 5384;
E_0xabdf8d0ee570/1347 .event anyedge, v0xabdf8d33d480_5381, v0xabdf8d33d480_5382, v0xabdf8d33d480_5383, v0xabdf8d33d480_5384;
v0xabdf8d33d480_5385 .array/port v0xabdf8d33d480, 5385;
v0xabdf8d33d480_5386 .array/port v0xabdf8d33d480, 5386;
v0xabdf8d33d480_5387 .array/port v0xabdf8d33d480, 5387;
v0xabdf8d33d480_5388 .array/port v0xabdf8d33d480, 5388;
E_0xabdf8d0ee570/1348 .event anyedge, v0xabdf8d33d480_5385, v0xabdf8d33d480_5386, v0xabdf8d33d480_5387, v0xabdf8d33d480_5388;
v0xabdf8d33d480_5389 .array/port v0xabdf8d33d480, 5389;
v0xabdf8d33d480_5390 .array/port v0xabdf8d33d480, 5390;
v0xabdf8d33d480_5391 .array/port v0xabdf8d33d480, 5391;
v0xabdf8d33d480_5392 .array/port v0xabdf8d33d480, 5392;
E_0xabdf8d0ee570/1349 .event anyedge, v0xabdf8d33d480_5389, v0xabdf8d33d480_5390, v0xabdf8d33d480_5391, v0xabdf8d33d480_5392;
v0xabdf8d33d480_5393 .array/port v0xabdf8d33d480, 5393;
v0xabdf8d33d480_5394 .array/port v0xabdf8d33d480, 5394;
v0xabdf8d33d480_5395 .array/port v0xabdf8d33d480, 5395;
v0xabdf8d33d480_5396 .array/port v0xabdf8d33d480, 5396;
E_0xabdf8d0ee570/1350 .event anyedge, v0xabdf8d33d480_5393, v0xabdf8d33d480_5394, v0xabdf8d33d480_5395, v0xabdf8d33d480_5396;
v0xabdf8d33d480_5397 .array/port v0xabdf8d33d480, 5397;
v0xabdf8d33d480_5398 .array/port v0xabdf8d33d480, 5398;
v0xabdf8d33d480_5399 .array/port v0xabdf8d33d480, 5399;
v0xabdf8d33d480_5400 .array/port v0xabdf8d33d480, 5400;
E_0xabdf8d0ee570/1351 .event anyedge, v0xabdf8d33d480_5397, v0xabdf8d33d480_5398, v0xabdf8d33d480_5399, v0xabdf8d33d480_5400;
v0xabdf8d33d480_5401 .array/port v0xabdf8d33d480, 5401;
v0xabdf8d33d480_5402 .array/port v0xabdf8d33d480, 5402;
v0xabdf8d33d480_5403 .array/port v0xabdf8d33d480, 5403;
v0xabdf8d33d480_5404 .array/port v0xabdf8d33d480, 5404;
E_0xabdf8d0ee570/1352 .event anyedge, v0xabdf8d33d480_5401, v0xabdf8d33d480_5402, v0xabdf8d33d480_5403, v0xabdf8d33d480_5404;
v0xabdf8d33d480_5405 .array/port v0xabdf8d33d480, 5405;
v0xabdf8d33d480_5406 .array/port v0xabdf8d33d480, 5406;
v0xabdf8d33d480_5407 .array/port v0xabdf8d33d480, 5407;
v0xabdf8d33d480_5408 .array/port v0xabdf8d33d480, 5408;
E_0xabdf8d0ee570/1353 .event anyedge, v0xabdf8d33d480_5405, v0xabdf8d33d480_5406, v0xabdf8d33d480_5407, v0xabdf8d33d480_5408;
v0xabdf8d33d480_5409 .array/port v0xabdf8d33d480, 5409;
v0xabdf8d33d480_5410 .array/port v0xabdf8d33d480, 5410;
v0xabdf8d33d480_5411 .array/port v0xabdf8d33d480, 5411;
v0xabdf8d33d480_5412 .array/port v0xabdf8d33d480, 5412;
E_0xabdf8d0ee570/1354 .event anyedge, v0xabdf8d33d480_5409, v0xabdf8d33d480_5410, v0xabdf8d33d480_5411, v0xabdf8d33d480_5412;
v0xabdf8d33d480_5413 .array/port v0xabdf8d33d480, 5413;
v0xabdf8d33d480_5414 .array/port v0xabdf8d33d480, 5414;
v0xabdf8d33d480_5415 .array/port v0xabdf8d33d480, 5415;
v0xabdf8d33d480_5416 .array/port v0xabdf8d33d480, 5416;
E_0xabdf8d0ee570/1355 .event anyedge, v0xabdf8d33d480_5413, v0xabdf8d33d480_5414, v0xabdf8d33d480_5415, v0xabdf8d33d480_5416;
v0xabdf8d33d480_5417 .array/port v0xabdf8d33d480, 5417;
v0xabdf8d33d480_5418 .array/port v0xabdf8d33d480, 5418;
v0xabdf8d33d480_5419 .array/port v0xabdf8d33d480, 5419;
v0xabdf8d33d480_5420 .array/port v0xabdf8d33d480, 5420;
E_0xabdf8d0ee570/1356 .event anyedge, v0xabdf8d33d480_5417, v0xabdf8d33d480_5418, v0xabdf8d33d480_5419, v0xabdf8d33d480_5420;
v0xabdf8d33d480_5421 .array/port v0xabdf8d33d480, 5421;
v0xabdf8d33d480_5422 .array/port v0xabdf8d33d480, 5422;
v0xabdf8d33d480_5423 .array/port v0xabdf8d33d480, 5423;
v0xabdf8d33d480_5424 .array/port v0xabdf8d33d480, 5424;
E_0xabdf8d0ee570/1357 .event anyedge, v0xabdf8d33d480_5421, v0xabdf8d33d480_5422, v0xabdf8d33d480_5423, v0xabdf8d33d480_5424;
v0xabdf8d33d480_5425 .array/port v0xabdf8d33d480, 5425;
v0xabdf8d33d480_5426 .array/port v0xabdf8d33d480, 5426;
v0xabdf8d33d480_5427 .array/port v0xabdf8d33d480, 5427;
v0xabdf8d33d480_5428 .array/port v0xabdf8d33d480, 5428;
E_0xabdf8d0ee570/1358 .event anyedge, v0xabdf8d33d480_5425, v0xabdf8d33d480_5426, v0xabdf8d33d480_5427, v0xabdf8d33d480_5428;
v0xabdf8d33d480_5429 .array/port v0xabdf8d33d480, 5429;
v0xabdf8d33d480_5430 .array/port v0xabdf8d33d480, 5430;
v0xabdf8d33d480_5431 .array/port v0xabdf8d33d480, 5431;
v0xabdf8d33d480_5432 .array/port v0xabdf8d33d480, 5432;
E_0xabdf8d0ee570/1359 .event anyedge, v0xabdf8d33d480_5429, v0xabdf8d33d480_5430, v0xabdf8d33d480_5431, v0xabdf8d33d480_5432;
v0xabdf8d33d480_5433 .array/port v0xabdf8d33d480, 5433;
v0xabdf8d33d480_5434 .array/port v0xabdf8d33d480, 5434;
v0xabdf8d33d480_5435 .array/port v0xabdf8d33d480, 5435;
v0xabdf8d33d480_5436 .array/port v0xabdf8d33d480, 5436;
E_0xabdf8d0ee570/1360 .event anyedge, v0xabdf8d33d480_5433, v0xabdf8d33d480_5434, v0xabdf8d33d480_5435, v0xabdf8d33d480_5436;
v0xabdf8d33d480_5437 .array/port v0xabdf8d33d480, 5437;
v0xabdf8d33d480_5438 .array/port v0xabdf8d33d480, 5438;
v0xabdf8d33d480_5439 .array/port v0xabdf8d33d480, 5439;
v0xabdf8d33d480_5440 .array/port v0xabdf8d33d480, 5440;
E_0xabdf8d0ee570/1361 .event anyedge, v0xabdf8d33d480_5437, v0xabdf8d33d480_5438, v0xabdf8d33d480_5439, v0xabdf8d33d480_5440;
v0xabdf8d33d480_5441 .array/port v0xabdf8d33d480, 5441;
v0xabdf8d33d480_5442 .array/port v0xabdf8d33d480, 5442;
v0xabdf8d33d480_5443 .array/port v0xabdf8d33d480, 5443;
v0xabdf8d33d480_5444 .array/port v0xabdf8d33d480, 5444;
E_0xabdf8d0ee570/1362 .event anyedge, v0xabdf8d33d480_5441, v0xabdf8d33d480_5442, v0xabdf8d33d480_5443, v0xabdf8d33d480_5444;
v0xabdf8d33d480_5445 .array/port v0xabdf8d33d480, 5445;
v0xabdf8d33d480_5446 .array/port v0xabdf8d33d480, 5446;
v0xabdf8d33d480_5447 .array/port v0xabdf8d33d480, 5447;
v0xabdf8d33d480_5448 .array/port v0xabdf8d33d480, 5448;
E_0xabdf8d0ee570/1363 .event anyedge, v0xabdf8d33d480_5445, v0xabdf8d33d480_5446, v0xabdf8d33d480_5447, v0xabdf8d33d480_5448;
v0xabdf8d33d480_5449 .array/port v0xabdf8d33d480, 5449;
v0xabdf8d33d480_5450 .array/port v0xabdf8d33d480, 5450;
v0xabdf8d33d480_5451 .array/port v0xabdf8d33d480, 5451;
v0xabdf8d33d480_5452 .array/port v0xabdf8d33d480, 5452;
E_0xabdf8d0ee570/1364 .event anyedge, v0xabdf8d33d480_5449, v0xabdf8d33d480_5450, v0xabdf8d33d480_5451, v0xabdf8d33d480_5452;
v0xabdf8d33d480_5453 .array/port v0xabdf8d33d480, 5453;
v0xabdf8d33d480_5454 .array/port v0xabdf8d33d480, 5454;
v0xabdf8d33d480_5455 .array/port v0xabdf8d33d480, 5455;
v0xabdf8d33d480_5456 .array/port v0xabdf8d33d480, 5456;
E_0xabdf8d0ee570/1365 .event anyedge, v0xabdf8d33d480_5453, v0xabdf8d33d480_5454, v0xabdf8d33d480_5455, v0xabdf8d33d480_5456;
v0xabdf8d33d480_5457 .array/port v0xabdf8d33d480, 5457;
v0xabdf8d33d480_5458 .array/port v0xabdf8d33d480, 5458;
v0xabdf8d33d480_5459 .array/port v0xabdf8d33d480, 5459;
v0xabdf8d33d480_5460 .array/port v0xabdf8d33d480, 5460;
E_0xabdf8d0ee570/1366 .event anyedge, v0xabdf8d33d480_5457, v0xabdf8d33d480_5458, v0xabdf8d33d480_5459, v0xabdf8d33d480_5460;
v0xabdf8d33d480_5461 .array/port v0xabdf8d33d480, 5461;
v0xabdf8d33d480_5462 .array/port v0xabdf8d33d480, 5462;
v0xabdf8d33d480_5463 .array/port v0xabdf8d33d480, 5463;
v0xabdf8d33d480_5464 .array/port v0xabdf8d33d480, 5464;
E_0xabdf8d0ee570/1367 .event anyedge, v0xabdf8d33d480_5461, v0xabdf8d33d480_5462, v0xabdf8d33d480_5463, v0xabdf8d33d480_5464;
v0xabdf8d33d480_5465 .array/port v0xabdf8d33d480, 5465;
v0xabdf8d33d480_5466 .array/port v0xabdf8d33d480, 5466;
v0xabdf8d33d480_5467 .array/port v0xabdf8d33d480, 5467;
v0xabdf8d33d480_5468 .array/port v0xabdf8d33d480, 5468;
E_0xabdf8d0ee570/1368 .event anyedge, v0xabdf8d33d480_5465, v0xabdf8d33d480_5466, v0xabdf8d33d480_5467, v0xabdf8d33d480_5468;
v0xabdf8d33d480_5469 .array/port v0xabdf8d33d480, 5469;
v0xabdf8d33d480_5470 .array/port v0xabdf8d33d480, 5470;
v0xabdf8d33d480_5471 .array/port v0xabdf8d33d480, 5471;
v0xabdf8d33d480_5472 .array/port v0xabdf8d33d480, 5472;
E_0xabdf8d0ee570/1369 .event anyedge, v0xabdf8d33d480_5469, v0xabdf8d33d480_5470, v0xabdf8d33d480_5471, v0xabdf8d33d480_5472;
v0xabdf8d33d480_5473 .array/port v0xabdf8d33d480, 5473;
v0xabdf8d33d480_5474 .array/port v0xabdf8d33d480, 5474;
v0xabdf8d33d480_5475 .array/port v0xabdf8d33d480, 5475;
v0xabdf8d33d480_5476 .array/port v0xabdf8d33d480, 5476;
E_0xabdf8d0ee570/1370 .event anyedge, v0xabdf8d33d480_5473, v0xabdf8d33d480_5474, v0xabdf8d33d480_5475, v0xabdf8d33d480_5476;
v0xabdf8d33d480_5477 .array/port v0xabdf8d33d480, 5477;
v0xabdf8d33d480_5478 .array/port v0xabdf8d33d480, 5478;
v0xabdf8d33d480_5479 .array/port v0xabdf8d33d480, 5479;
v0xabdf8d33d480_5480 .array/port v0xabdf8d33d480, 5480;
E_0xabdf8d0ee570/1371 .event anyedge, v0xabdf8d33d480_5477, v0xabdf8d33d480_5478, v0xabdf8d33d480_5479, v0xabdf8d33d480_5480;
v0xabdf8d33d480_5481 .array/port v0xabdf8d33d480, 5481;
v0xabdf8d33d480_5482 .array/port v0xabdf8d33d480, 5482;
v0xabdf8d33d480_5483 .array/port v0xabdf8d33d480, 5483;
v0xabdf8d33d480_5484 .array/port v0xabdf8d33d480, 5484;
E_0xabdf8d0ee570/1372 .event anyedge, v0xabdf8d33d480_5481, v0xabdf8d33d480_5482, v0xabdf8d33d480_5483, v0xabdf8d33d480_5484;
v0xabdf8d33d480_5485 .array/port v0xabdf8d33d480, 5485;
v0xabdf8d33d480_5486 .array/port v0xabdf8d33d480, 5486;
v0xabdf8d33d480_5487 .array/port v0xabdf8d33d480, 5487;
v0xabdf8d33d480_5488 .array/port v0xabdf8d33d480, 5488;
E_0xabdf8d0ee570/1373 .event anyedge, v0xabdf8d33d480_5485, v0xabdf8d33d480_5486, v0xabdf8d33d480_5487, v0xabdf8d33d480_5488;
v0xabdf8d33d480_5489 .array/port v0xabdf8d33d480, 5489;
v0xabdf8d33d480_5490 .array/port v0xabdf8d33d480, 5490;
v0xabdf8d33d480_5491 .array/port v0xabdf8d33d480, 5491;
v0xabdf8d33d480_5492 .array/port v0xabdf8d33d480, 5492;
E_0xabdf8d0ee570/1374 .event anyedge, v0xabdf8d33d480_5489, v0xabdf8d33d480_5490, v0xabdf8d33d480_5491, v0xabdf8d33d480_5492;
v0xabdf8d33d480_5493 .array/port v0xabdf8d33d480, 5493;
v0xabdf8d33d480_5494 .array/port v0xabdf8d33d480, 5494;
v0xabdf8d33d480_5495 .array/port v0xabdf8d33d480, 5495;
v0xabdf8d33d480_5496 .array/port v0xabdf8d33d480, 5496;
E_0xabdf8d0ee570/1375 .event anyedge, v0xabdf8d33d480_5493, v0xabdf8d33d480_5494, v0xabdf8d33d480_5495, v0xabdf8d33d480_5496;
v0xabdf8d33d480_5497 .array/port v0xabdf8d33d480, 5497;
v0xabdf8d33d480_5498 .array/port v0xabdf8d33d480, 5498;
v0xabdf8d33d480_5499 .array/port v0xabdf8d33d480, 5499;
v0xabdf8d33d480_5500 .array/port v0xabdf8d33d480, 5500;
E_0xabdf8d0ee570/1376 .event anyedge, v0xabdf8d33d480_5497, v0xabdf8d33d480_5498, v0xabdf8d33d480_5499, v0xabdf8d33d480_5500;
v0xabdf8d33d480_5501 .array/port v0xabdf8d33d480, 5501;
v0xabdf8d33d480_5502 .array/port v0xabdf8d33d480, 5502;
v0xabdf8d33d480_5503 .array/port v0xabdf8d33d480, 5503;
v0xabdf8d33d480_5504 .array/port v0xabdf8d33d480, 5504;
E_0xabdf8d0ee570/1377 .event anyedge, v0xabdf8d33d480_5501, v0xabdf8d33d480_5502, v0xabdf8d33d480_5503, v0xabdf8d33d480_5504;
v0xabdf8d33d480_5505 .array/port v0xabdf8d33d480, 5505;
v0xabdf8d33d480_5506 .array/port v0xabdf8d33d480, 5506;
v0xabdf8d33d480_5507 .array/port v0xabdf8d33d480, 5507;
v0xabdf8d33d480_5508 .array/port v0xabdf8d33d480, 5508;
E_0xabdf8d0ee570/1378 .event anyedge, v0xabdf8d33d480_5505, v0xabdf8d33d480_5506, v0xabdf8d33d480_5507, v0xabdf8d33d480_5508;
v0xabdf8d33d480_5509 .array/port v0xabdf8d33d480, 5509;
v0xabdf8d33d480_5510 .array/port v0xabdf8d33d480, 5510;
v0xabdf8d33d480_5511 .array/port v0xabdf8d33d480, 5511;
v0xabdf8d33d480_5512 .array/port v0xabdf8d33d480, 5512;
E_0xabdf8d0ee570/1379 .event anyedge, v0xabdf8d33d480_5509, v0xabdf8d33d480_5510, v0xabdf8d33d480_5511, v0xabdf8d33d480_5512;
v0xabdf8d33d480_5513 .array/port v0xabdf8d33d480, 5513;
v0xabdf8d33d480_5514 .array/port v0xabdf8d33d480, 5514;
v0xabdf8d33d480_5515 .array/port v0xabdf8d33d480, 5515;
v0xabdf8d33d480_5516 .array/port v0xabdf8d33d480, 5516;
E_0xabdf8d0ee570/1380 .event anyedge, v0xabdf8d33d480_5513, v0xabdf8d33d480_5514, v0xabdf8d33d480_5515, v0xabdf8d33d480_5516;
v0xabdf8d33d480_5517 .array/port v0xabdf8d33d480, 5517;
v0xabdf8d33d480_5518 .array/port v0xabdf8d33d480, 5518;
v0xabdf8d33d480_5519 .array/port v0xabdf8d33d480, 5519;
v0xabdf8d33d480_5520 .array/port v0xabdf8d33d480, 5520;
E_0xabdf8d0ee570/1381 .event anyedge, v0xabdf8d33d480_5517, v0xabdf8d33d480_5518, v0xabdf8d33d480_5519, v0xabdf8d33d480_5520;
v0xabdf8d33d480_5521 .array/port v0xabdf8d33d480, 5521;
v0xabdf8d33d480_5522 .array/port v0xabdf8d33d480, 5522;
v0xabdf8d33d480_5523 .array/port v0xabdf8d33d480, 5523;
v0xabdf8d33d480_5524 .array/port v0xabdf8d33d480, 5524;
E_0xabdf8d0ee570/1382 .event anyedge, v0xabdf8d33d480_5521, v0xabdf8d33d480_5522, v0xabdf8d33d480_5523, v0xabdf8d33d480_5524;
v0xabdf8d33d480_5525 .array/port v0xabdf8d33d480, 5525;
v0xabdf8d33d480_5526 .array/port v0xabdf8d33d480, 5526;
v0xabdf8d33d480_5527 .array/port v0xabdf8d33d480, 5527;
v0xabdf8d33d480_5528 .array/port v0xabdf8d33d480, 5528;
E_0xabdf8d0ee570/1383 .event anyedge, v0xabdf8d33d480_5525, v0xabdf8d33d480_5526, v0xabdf8d33d480_5527, v0xabdf8d33d480_5528;
v0xabdf8d33d480_5529 .array/port v0xabdf8d33d480, 5529;
v0xabdf8d33d480_5530 .array/port v0xabdf8d33d480, 5530;
v0xabdf8d33d480_5531 .array/port v0xabdf8d33d480, 5531;
v0xabdf8d33d480_5532 .array/port v0xabdf8d33d480, 5532;
E_0xabdf8d0ee570/1384 .event anyedge, v0xabdf8d33d480_5529, v0xabdf8d33d480_5530, v0xabdf8d33d480_5531, v0xabdf8d33d480_5532;
v0xabdf8d33d480_5533 .array/port v0xabdf8d33d480, 5533;
v0xabdf8d33d480_5534 .array/port v0xabdf8d33d480, 5534;
v0xabdf8d33d480_5535 .array/port v0xabdf8d33d480, 5535;
v0xabdf8d33d480_5536 .array/port v0xabdf8d33d480, 5536;
E_0xabdf8d0ee570/1385 .event anyedge, v0xabdf8d33d480_5533, v0xabdf8d33d480_5534, v0xabdf8d33d480_5535, v0xabdf8d33d480_5536;
v0xabdf8d33d480_5537 .array/port v0xabdf8d33d480, 5537;
v0xabdf8d33d480_5538 .array/port v0xabdf8d33d480, 5538;
v0xabdf8d33d480_5539 .array/port v0xabdf8d33d480, 5539;
v0xabdf8d33d480_5540 .array/port v0xabdf8d33d480, 5540;
E_0xabdf8d0ee570/1386 .event anyedge, v0xabdf8d33d480_5537, v0xabdf8d33d480_5538, v0xabdf8d33d480_5539, v0xabdf8d33d480_5540;
v0xabdf8d33d480_5541 .array/port v0xabdf8d33d480, 5541;
v0xabdf8d33d480_5542 .array/port v0xabdf8d33d480, 5542;
v0xabdf8d33d480_5543 .array/port v0xabdf8d33d480, 5543;
v0xabdf8d33d480_5544 .array/port v0xabdf8d33d480, 5544;
E_0xabdf8d0ee570/1387 .event anyedge, v0xabdf8d33d480_5541, v0xabdf8d33d480_5542, v0xabdf8d33d480_5543, v0xabdf8d33d480_5544;
v0xabdf8d33d480_5545 .array/port v0xabdf8d33d480, 5545;
v0xabdf8d33d480_5546 .array/port v0xabdf8d33d480, 5546;
v0xabdf8d33d480_5547 .array/port v0xabdf8d33d480, 5547;
v0xabdf8d33d480_5548 .array/port v0xabdf8d33d480, 5548;
E_0xabdf8d0ee570/1388 .event anyedge, v0xabdf8d33d480_5545, v0xabdf8d33d480_5546, v0xabdf8d33d480_5547, v0xabdf8d33d480_5548;
v0xabdf8d33d480_5549 .array/port v0xabdf8d33d480, 5549;
v0xabdf8d33d480_5550 .array/port v0xabdf8d33d480, 5550;
v0xabdf8d33d480_5551 .array/port v0xabdf8d33d480, 5551;
v0xabdf8d33d480_5552 .array/port v0xabdf8d33d480, 5552;
E_0xabdf8d0ee570/1389 .event anyedge, v0xabdf8d33d480_5549, v0xabdf8d33d480_5550, v0xabdf8d33d480_5551, v0xabdf8d33d480_5552;
v0xabdf8d33d480_5553 .array/port v0xabdf8d33d480, 5553;
v0xabdf8d33d480_5554 .array/port v0xabdf8d33d480, 5554;
v0xabdf8d33d480_5555 .array/port v0xabdf8d33d480, 5555;
v0xabdf8d33d480_5556 .array/port v0xabdf8d33d480, 5556;
E_0xabdf8d0ee570/1390 .event anyedge, v0xabdf8d33d480_5553, v0xabdf8d33d480_5554, v0xabdf8d33d480_5555, v0xabdf8d33d480_5556;
v0xabdf8d33d480_5557 .array/port v0xabdf8d33d480, 5557;
v0xabdf8d33d480_5558 .array/port v0xabdf8d33d480, 5558;
v0xabdf8d33d480_5559 .array/port v0xabdf8d33d480, 5559;
v0xabdf8d33d480_5560 .array/port v0xabdf8d33d480, 5560;
E_0xabdf8d0ee570/1391 .event anyedge, v0xabdf8d33d480_5557, v0xabdf8d33d480_5558, v0xabdf8d33d480_5559, v0xabdf8d33d480_5560;
v0xabdf8d33d480_5561 .array/port v0xabdf8d33d480, 5561;
v0xabdf8d33d480_5562 .array/port v0xabdf8d33d480, 5562;
v0xabdf8d33d480_5563 .array/port v0xabdf8d33d480, 5563;
v0xabdf8d33d480_5564 .array/port v0xabdf8d33d480, 5564;
E_0xabdf8d0ee570/1392 .event anyedge, v0xabdf8d33d480_5561, v0xabdf8d33d480_5562, v0xabdf8d33d480_5563, v0xabdf8d33d480_5564;
v0xabdf8d33d480_5565 .array/port v0xabdf8d33d480, 5565;
v0xabdf8d33d480_5566 .array/port v0xabdf8d33d480, 5566;
v0xabdf8d33d480_5567 .array/port v0xabdf8d33d480, 5567;
v0xabdf8d33d480_5568 .array/port v0xabdf8d33d480, 5568;
E_0xabdf8d0ee570/1393 .event anyedge, v0xabdf8d33d480_5565, v0xabdf8d33d480_5566, v0xabdf8d33d480_5567, v0xabdf8d33d480_5568;
v0xabdf8d33d480_5569 .array/port v0xabdf8d33d480, 5569;
v0xabdf8d33d480_5570 .array/port v0xabdf8d33d480, 5570;
v0xabdf8d33d480_5571 .array/port v0xabdf8d33d480, 5571;
v0xabdf8d33d480_5572 .array/port v0xabdf8d33d480, 5572;
E_0xabdf8d0ee570/1394 .event anyedge, v0xabdf8d33d480_5569, v0xabdf8d33d480_5570, v0xabdf8d33d480_5571, v0xabdf8d33d480_5572;
v0xabdf8d33d480_5573 .array/port v0xabdf8d33d480, 5573;
v0xabdf8d33d480_5574 .array/port v0xabdf8d33d480, 5574;
v0xabdf8d33d480_5575 .array/port v0xabdf8d33d480, 5575;
v0xabdf8d33d480_5576 .array/port v0xabdf8d33d480, 5576;
E_0xabdf8d0ee570/1395 .event anyedge, v0xabdf8d33d480_5573, v0xabdf8d33d480_5574, v0xabdf8d33d480_5575, v0xabdf8d33d480_5576;
v0xabdf8d33d480_5577 .array/port v0xabdf8d33d480, 5577;
v0xabdf8d33d480_5578 .array/port v0xabdf8d33d480, 5578;
v0xabdf8d33d480_5579 .array/port v0xabdf8d33d480, 5579;
v0xabdf8d33d480_5580 .array/port v0xabdf8d33d480, 5580;
E_0xabdf8d0ee570/1396 .event anyedge, v0xabdf8d33d480_5577, v0xabdf8d33d480_5578, v0xabdf8d33d480_5579, v0xabdf8d33d480_5580;
v0xabdf8d33d480_5581 .array/port v0xabdf8d33d480, 5581;
v0xabdf8d33d480_5582 .array/port v0xabdf8d33d480, 5582;
v0xabdf8d33d480_5583 .array/port v0xabdf8d33d480, 5583;
v0xabdf8d33d480_5584 .array/port v0xabdf8d33d480, 5584;
E_0xabdf8d0ee570/1397 .event anyedge, v0xabdf8d33d480_5581, v0xabdf8d33d480_5582, v0xabdf8d33d480_5583, v0xabdf8d33d480_5584;
v0xabdf8d33d480_5585 .array/port v0xabdf8d33d480, 5585;
v0xabdf8d33d480_5586 .array/port v0xabdf8d33d480, 5586;
v0xabdf8d33d480_5587 .array/port v0xabdf8d33d480, 5587;
v0xabdf8d33d480_5588 .array/port v0xabdf8d33d480, 5588;
E_0xabdf8d0ee570/1398 .event anyedge, v0xabdf8d33d480_5585, v0xabdf8d33d480_5586, v0xabdf8d33d480_5587, v0xabdf8d33d480_5588;
v0xabdf8d33d480_5589 .array/port v0xabdf8d33d480, 5589;
v0xabdf8d33d480_5590 .array/port v0xabdf8d33d480, 5590;
v0xabdf8d33d480_5591 .array/port v0xabdf8d33d480, 5591;
v0xabdf8d33d480_5592 .array/port v0xabdf8d33d480, 5592;
E_0xabdf8d0ee570/1399 .event anyedge, v0xabdf8d33d480_5589, v0xabdf8d33d480_5590, v0xabdf8d33d480_5591, v0xabdf8d33d480_5592;
v0xabdf8d33d480_5593 .array/port v0xabdf8d33d480, 5593;
v0xabdf8d33d480_5594 .array/port v0xabdf8d33d480, 5594;
v0xabdf8d33d480_5595 .array/port v0xabdf8d33d480, 5595;
v0xabdf8d33d480_5596 .array/port v0xabdf8d33d480, 5596;
E_0xabdf8d0ee570/1400 .event anyedge, v0xabdf8d33d480_5593, v0xabdf8d33d480_5594, v0xabdf8d33d480_5595, v0xabdf8d33d480_5596;
v0xabdf8d33d480_5597 .array/port v0xabdf8d33d480, 5597;
v0xabdf8d33d480_5598 .array/port v0xabdf8d33d480, 5598;
v0xabdf8d33d480_5599 .array/port v0xabdf8d33d480, 5599;
v0xabdf8d33d480_5600 .array/port v0xabdf8d33d480, 5600;
E_0xabdf8d0ee570/1401 .event anyedge, v0xabdf8d33d480_5597, v0xabdf8d33d480_5598, v0xabdf8d33d480_5599, v0xabdf8d33d480_5600;
v0xabdf8d33d480_5601 .array/port v0xabdf8d33d480, 5601;
v0xabdf8d33d480_5602 .array/port v0xabdf8d33d480, 5602;
v0xabdf8d33d480_5603 .array/port v0xabdf8d33d480, 5603;
v0xabdf8d33d480_5604 .array/port v0xabdf8d33d480, 5604;
E_0xabdf8d0ee570/1402 .event anyedge, v0xabdf8d33d480_5601, v0xabdf8d33d480_5602, v0xabdf8d33d480_5603, v0xabdf8d33d480_5604;
v0xabdf8d33d480_5605 .array/port v0xabdf8d33d480, 5605;
v0xabdf8d33d480_5606 .array/port v0xabdf8d33d480, 5606;
v0xabdf8d33d480_5607 .array/port v0xabdf8d33d480, 5607;
v0xabdf8d33d480_5608 .array/port v0xabdf8d33d480, 5608;
E_0xabdf8d0ee570/1403 .event anyedge, v0xabdf8d33d480_5605, v0xabdf8d33d480_5606, v0xabdf8d33d480_5607, v0xabdf8d33d480_5608;
v0xabdf8d33d480_5609 .array/port v0xabdf8d33d480, 5609;
v0xabdf8d33d480_5610 .array/port v0xabdf8d33d480, 5610;
v0xabdf8d33d480_5611 .array/port v0xabdf8d33d480, 5611;
v0xabdf8d33d480_5612 .array/port v0xabdf8d33d480, 5612;
E_0xabdf8d0ee570/1404 .event anyedge, v0xabdf8d33d480_5609, v0xabdf8d33d480_5610, v0xabdf8d33d480_5611, v0xabdf8d33d480_5612;
v0xabdf8d33d480_5613 .array/port v0xabdf8d33d480, 5613;
v0xabdf8d33d480_5614 .array/port v0xabdf8d33d480, 5614;
v0xabdf8d33d480_5615 .array/port v0xabdf8d33d480, 5615;
v0xabdf8d33d480_5616 .array/port v0xabdf8d33d480, 5616;
E_0xabdf8d0ee570/1405 .event anyedge, v0xabdf8d33d480_5613, v0xabdf8d33d480_5614, v0xabdf8d33d480_5615, v0xabdf8d33d480_5616;
v0xabdf8d33d480_5617 .array/port v0xabdf8d33d480, 5617;
v0xabdf8d33d480_5618 .array/port v0xabdf8d33d480, 5618;
v0xabdf8d33d480_5619 .array/port v0xabdf8d33d480, 5619;
v0xabdf8d33d480_5620 .array/port v0xabdf8d33d480, 5620;
E_0xabdf8d0ee570/1406 .event anyedge, v0xabdf8d33d480_5617, v0xabdf8d33d480_5618, v0xabdf8d33d480_5619, v0xabdf8d33d480_5620;
v0xabdf8d33d480_5621 .array/port v0xabdf8d33d480, 5621;
v0xabdf8d33d480_5622 .array/port v0xabdf8d33d480, 5622;
v0xabdf8d33d480_5623 .array/port v0xabdf8d33d480, 5623;
v0xabdf8d33d480_5624 .array/port v0xabdf8d33d480, 5624;
E_0xabdf8d0ee570/1407 .event anyedge, v0xabdf8d33d480_5621, v0xabdf8d33d480_5622, v0xabdf8d33d480_5623, v0xabdf8d33d480_5624;
v0xabdf8d33d480_5625 .array/port v0xabdf8d33d480, 5625;
v0xabdf8d33d480_5626 .array/port v0xabdf8d33d480, 5626;
v0xabdf8d33d480_5627 .array/port v0xabdf8d33d480, 5627;
v0xabdf8d33d480_5628 .array/port v0xabdf8d33d480, 5628;
E_0xabdf8d0ee570/1408 .event anyedge, v0xabdf8d33d480_5625, v0xabdf8d33d480_5626, v0xabdf8d33d480_5627, v0xabdf8d33d480_5628;
v0xabdf8d33d480_5629 .array/port v0xabdf8d33d480, 5629;
v0xabdf8d33d480_5630 .array/port v0xabdf8d33d480, 5630;
v0xabdf8d33d480_5631 .array/port v0xabdf8d33d480, 5631;
v0xabdf8d33d480_5632 .array/port v0xabdf8d33d480, 5632;
E_0xabdf8d0ee570/1409 .event anyedge, v0xabdf8d33d480_5629, v0xabdf8d33d480_5630, v0xabdf8d33d480_5631, v0xabdf8d33d480_5632;
v0xabdf8d33d480_5633 .array/port v0xabdf8d33d480, 5633;
v0xabdf8d33d480_5634 .array/port v0xabdf8d33d480, 5634;
v0xabdf8d33d480_5635 .array/port v0xabdf8d33d480, 5635;
v0xabdf8d33d480_5636 .array/port v0xabdf8d33d480, 5636;
E_0xabdf8d0ee570/1410 .event anyedge, v0xabdf8d33d480_5633, v0xabdf8d33d480_5634, v0xabdf8d33d480_5635, v0xabdf8d33d480_5636;
v0xabdf8d33d480_5637 .array/port v0xabdf8d33d480, 5637;
v0xabdf8d33d480_5638 .array/port v0xabdf8d33d480, 5638;
v0xabdf8d33d480_5639 .array/port v0xabdf8d33d480, 5639;
v0xabdf8d33d480_5640 .array/port v0xabdf8d33d480, 5640;
E_0xabdf8d0ee570/1411 .event anyedge, v0xabdf8d33d480_5637, v0xabdf8d33d480_5638, v0xabdf8d33d480_5639, v0xabdf8d33d480_5640;
v0xabdf8d33d480_5641 .array/port v0xabdf8d33d480, 5641;
v0xabdf8d33d480_5642 .array/port v0xabdf8d33d480, 5642;
v0xabdf8d33d480_5643 .array/port v0xabdf8d33d480, 5643;
v0xabdf8d33d480_5644 .array/port v0xabdf8d33d480, 5644;
E_0xabdf8d0ee570/1412 .event anyedge, v0xabdf8d33d480_5641, v0xabdf8d33d480_5642, v0xabdf8d33d480_5643, v0xabdf8d33d480_5644;
v0xabdf8d33d480_5645 .array/port v0xabdf8d33d480, 5645;
v0xabdf8d33d480_5646 .array/port v0xabdf8d33d480, 5646;
v0xabdf8d33d480_5647 .array/port v0xabdf8d33d480, 5647;
v0xabdf8d33d480_5648 .array/port v0xabdf8d33d480, 5648;
E_0xabdf8d0ee570/1413 .event anyedge, v0xabdf8d33d480_5645, v0xabdf8d33d480_5646, v0xabdf8d33d480_5647, v0xabdf8d33d480_5648;
v0xabdf8d33d480_5649 .array/port v0xabdf8d33d480, 5649;
v0xabdf8d33d480_5650 .array/port v0xabdf8d33d480, 5650;
v0xabdf8d33d480_5651 .array/port v0xabdf8d33d480, 5651;
v0xabdf8d33d480_5652 .array/port v0xabdf8d33d480, 5652;
E_0xabdf8d0ee570/1414 .event anyedge, v0xabdf8d33d480_5649, v0xabdf8d33d480_5650, v0xabdf8d33d480_5651, v0xabdf8d33d480_5652;
v0xabdf8d33d480_5653 .array/port v0xabdf8d33d480, 5653;
v0xabdf8d33d480_5654 .array/port v0xabdf8d33d480, 5654;
v0xabdf8d33d480_5655 .array/port v0xabdf8d33d480, 5655;
v0xabdf8d33d480_5656 .array/port v0xabdf8d33d480, 5656;
E_0xabdf8d0ee570/1415 .event anyedge, v0xabdf8d33d480_5653, v0xabdf8d33d480_5654, v0xabdf8d33d480_5655, v0xabdf8d33d480_5656;
v0xabdf8d33d480_5657 .array/port v0xabdf8d33d480, 5657;
v0xabdf8d33d480_5658 .array/port v0xabdf8d33d480, 5658;
v0xabdf8d33d480_5659 .array/port v0xabdf8d33d480, 5659;
v0xabdf8d33d480_5660 .array/port v0xabdf8d33d480, 5660;
E_0xabdf8d0ee570/1416 .event anyedge, v0xabdf8d33d480_5657, v0xabdf8d33d480_5658, v0xabdf8d33d480_5659, v0xabdf8d33d480_5660;
v0xabdf8d33d480_5661 .array/port v0xabdf8d33d480, 5661;
v0xabdf8d33d480_5662 .array/port v0xabdf8d33d480, 5662;
v0xabdf8d33d480_5663 .array/port v0xabdf8d33d480, 5663;
v0xabdf8d33d480_5664 .array/port v0xabdf8d33d480, 5664;
E_0xabdf8d0ee570/1417 .event anyedge, v0xabdf8d33d480_5661, v0xabdf8d33d480_5662, v0xabdf8d33d480_5663, v0xabdf8d33d480_5664;
v0xabdf8d33d480_5665 .array/port v0xabdf8d33d480, 5665;
v0xabdf8d33d480_5666 .array/port v0xabdf8d33d480, 5666;
v0xabdf8d33d480_5667 .array/port v0xabdf8d33d480, 5667;
v0xabdf8d33d480_5668 .array/port v0xabdf8d33d480, 5668;
E_0xabdf8d0ee570/1418 .event anyedge, v0xabdf8d33d480_5665, v0xabdf8d33d480_5666, v0xabdf8d33d480_5667, v0xabdf8d33d480_5668;
v0xabdf8d33d480_5669 .array/port v0xabdf8d33d480, 5669;
v0xabdf8d33d480_5670 .array/port v0xabdf8d33d480, 5670;
v0xabdf8d33d480_5671 .array/port v0xabdf8d33d480, 5671;
v0xabdf8d33d480_5672 .array/port v0xabdf8d33d480, 5672;
E_0xabdf8d0ee570/1419 .event anyedge, v0xabdf8d33d480_5669, v0xabdf8d33d480_5670, v0xabdf8d33d480_5671, v0xabdf8d33d480_5672;
v0xabdf8d33d480_5673 .array/port v0xabdf8d33d480, 5673;
v0xabdf8d33d480_5674 .array/port v0xabdf8d33d480, 5674;
v0xabdf8d33d480_5675 .array/port v0xabdf8d33d480, 5675;
v0xabdf8d33d480_5676 .array/port v0xabdf8d33d480, 5676;
E_0xabdf8d0ee570/1420 .event anyedge, v0xabdf8d33d480_5673, v0xabdf8d33d480_5674, v0xabdf8d33d480_5675, v0xabdf8d33d480_5676;
v0xabdf8d33d480_5677 .array/port v0xabdf8d33d480, 5677;
v0xabdf8d33d480_5678 .array/port v0xabdf8d33d480, 5678;
v0xabdf8d33d480_5679 .array/port v0xabdf8d33d480, 5679;
v0xabdf8d33d480_5680 .array/port v0xabdf8d33d480, 5680;
E_0xabdf8d0ee570/1421 .event anyedge, v0xabdf8d33d480_5677, v0xabdf8d33d480_5678, v0xabdf8d33d480_5679, v0xabdf8d33d480_5680;
v0xabdf8d33d480_5681 .array/port v0xabdf8d33d480, 5681;
v0xabdf8d33d480_5682 .array/port v0xabdf8d33d480, 5682;
v0xabdf8d33d480_5683 .array/port v0xabdf8d33d480, 5683;
v0xabdf8d33d480_5684 .array/port v0xabdf8d33d480, 5684;
E_0xabdf8d0ee570/1422 .event anyedge, v0xabdf8d33d480_5681, v0xabdf8d33d480_5682, v0xabdf8d33d480_5683, v0xabdf8d33d480_5684;
v0xabdf8d33d480_5685 .array/port v0xabdf8d33d480, 5685;
v0xabdf8d33d480_5686 .array/port v0xabdf8d33d480, 5686;
v0xabdf8d33d480_5687 .array/port v0xabdf8d33d480, 5687;
v0xabdf8d33d480_5688 .array/port v0xabdf8d33d480, 5688;
E_0xabdf8d0ee570/1423 .event anyedge, v0xabdf8d33d480_5685, v0xabdf8d33d480_5686, v0xabdf8d33d480_5687, v0xabdf8d33d480_5688;
v0xabdf8d33d480_5689 .array/port v0xabdf8d33d480, 5689;
v0xabdf8d33d480_5690 .array/port v0xabdf8d33d480, 5690;
v0xabdf8d33d480_5691 .array/port v0xabdf8d33d480, 5691;
v0xabdf8d33d480_5692 .array/port v0xabdf8d33d480, 5692;
E_0xabdf8d0ee570/1424 .event anyedge, v0xabdf8d33d480_5689, v0xabdf8d33d480_5690, v0xabdf8d33d480_5691, v0xabdf8d33d480_5692;
v0xabdf8d33d480_5693 .array/port v0xabdf8d33d480, 5693;
v0xabdf8d33d480_5694 .array/port v0xabdf8d33d480, 5694;
v0xabdf8d33d480_5695 .array/port v0xabdf8d33d480, 5695;
v0xabdf8d33d480_5696 .array/port v0xabdf8d33d480, 5696;
E_0xabdf8d0ee570/1425 .event anyedge, v0xabdf8d33d480_5693, v0xabdf8d33d480_5694, v0xabdf8d33d480_5695, v0xabdf8d33d480_5696;
v0xabdf8d33d480_5697 .array/port v0xabdf8d33d480, 5697;
v0xabdf8d33d480_5698 .array/port v0xabdf8d33d480, 5698;
v0xabdf8d33d480_5699 .array/port v0xabdf8d33d480, 5699;
v0xabdf8d33d480_5700 .array/port v0xabdf8d33d480, 5700;
E_0xabdf8d0ee570/1426 .event anyedge, v0xabdf8d33d480_5697, v0xabdf8d33d480_5698, v0xabdf8d33d480_5699, v0xabdf8d33d480_5700;
v0xabdf8d33d480_5701 .array/port v0xabdf8d33d480, 5701;
v0xabdf8d33d480_5702 .array/port v0xabdf8d33d480, 5702;
v0xabdf8d33d480_5703 .array/port v0xabdf8d33d480, 5703;
v0xabdf8d33d480_5704 .array/port v0xabdf8d33d480, 5704;
E_0xabdf8d0ee570/1427 .event anyedge, v0xabdf8d33d480_5701, v0xabdf8d33d480_5702, v0xabdf8d33d480_5703, v0xabdf8d33d480_5704;
v0xabdf8d33d480_5705 .array/port v0xabdf8d33d480, 5705;
v0xabdf8d33d480_5706 .array/port v0xabdf8d33d480, 5706;
v0xabdf8d33d480_5707 .array/port v0xabdf8d33d480, 5707;
v0xabdf8d33d480_5708 .array/port v0xabdf8d33d480, 5708;
E_0xabdf8d0ee570/1428 .event anyedge, v0xabdf8d33d480_5705, v0xabdf8d33d480_5706, v0xabdf8d33d480_5707, v0xabdf8d33d480_5708;
v0xabdf8d33d480_5709 .array/port v0xabdf8d33d480, 5709;
v0xabdf8d33d480_5710 .array/port v0xabdf8d33d480, 5710;
v0xabdf8d33d480_5711 .array/port v0xabdf8d33d480, 5711;
v0xabdf8d33d480_5712 .array/port v0xabdf8d33d480, 5712;
E_0xabdf8d0ee570/1429 .event anyedge, v0xabdf8d33d480_5709, v0xabdf8d33d480_5710, v0xabdf8d33d480_5711, v0xabdf8d33d480_5712;
v0xabdf8d33d480_5713 .array/port v0xabdf8d33d480, 5713;
v0xabdf8d33d480_5714 .array/port v0xabdf8d33d480, 5714;
v0xabdf8d33d480_5715 .array/port v0xabdf8d33d480, 5715;
v0xabdf8d33d480_5716 .array/port v0xabdf8d33d480, 5716;
E_0xabdf8d0ee570/1430 .event anyedge, v0xabdf8d33d480_5713, v0xabdf8d33d480_5714, v0xabdf8d33d480_5715, v0xabdf8d33d480_5716;
v0xabdf8d33d480_5717 .array/port v0xabdf8d33d480, 5717;
v0xabdf8d33d480_5718 .array/port v0xabdf8d33d480, 5718;
v0xabdf8d33d480_5719 .array/port v0xabdf8d33d480, 5719;
v0xabdf8d33d480_5720 .array/port v0xabdf8d33d480, 5720;
E_0xabdf8d0ee570/1431 .event anyedge, v0xabdf8d33d480_5717, v0xabdf8d33d480_5718, v0xabdf8d33d480_5719, v0xabdf8d33d480_5720;
v0xabdf8d33d480_5721 .array/port v0xabdf8d33d480, 5721;
v0xabdf8d33d480_5722 .array/port v0xabdf8d33d480, 5722;
v0xabdf8d33d480_5723 .array/port v0xabdf8d33d480, 5723;
v0xabdf8d33d480_5724 .array/port v0xabdf8d33d480, 5724;
E_0xabdf8d0ee570/1432 .event anyedge, v0xabdf8d33d480_5721, v0xabdf8d33d480_5722, v0xabdf8d33d480_5723, v0xabdf8d33d480_5724;
v0xabdf8d33d480_5725 .array/port v0xabdf8d33d480, 5725;
v0xabdf8d33d480_5726 .array/port v0xabdf8d33d480, 5726;
v0xabdf8d33d480_5727 .array/port v0xabdf8d33d480, 5727;
v0xabdf8d33d480_5728 .array/port v0xabdf8d33d480, 5728;
E_0xabdf8d0ee570/1433 .event anyedge, v0xabdf8d33d480_5725, v0xabdf8d33d480_5726, v0xabdf8d33d480_5727, v0xabdf8d33d480_5728;
v0xabdf8d33d480_5729 .array/port v0xabdf8d33d480, 5729;
v0xabdf8d33d480_5730 .array/port v0xabdf8d33d480, 5730;
v0xabdf8d33d480_5731 .array/port v0xabdf8d33d480, 5731;
v0xabdf8d33d480_5732 .array/port v0xabdf8d33d480, 5732;
E_0xabdf8d0ee570/1434 .event anyedge, v0xabdf8d33d480_5729, v0xabdf8d33d480_5730, v0xabdf8d33d480_5731, v0xabdf8d33d480_5732;
v0xabdf8d33d480_5733 .array/port v0xabdf8d33d480, 5733;
v0xabdf8d33d480_5734 .array/port v0xabdf8d33d480, 5734;
v0xabdf8d33d480_5735 .array/port v0xabdf8d33d480, 5735;
v0xabdf8d33d480_5736 .array/port v0xabdf8d33d480, 5736;
E_0xabdf8d0ee570/1435 .event anyedge, v0xabdf8d33d480_5733, v0xabdf8d33d480_5734, v0xabdf8d33d480_5735, v0xabdf8d33d480_5736;
v0xabdf8d33d480_5737 .array/port v0xabdf8d33d480, 5737;
v0xabdf8d33d480_5738 .array/port v0xabdf8d33d480, 5738;
v0xabdf8d33d480_5739 .array/port v0xabdf8d33d480, 5739;
v0xabdf8d33d480_5740 .array/port v0xabdf8d33d480, 5740;
E_0xabdf8d0ee570/1436 .event anyedge, v0xabdf8d33d480_5737, v0xabdf8d33d480_5738, v0xabdf8d33d480_5739, v0xabdf8d33d480_5740;
v0xabdf8d33d480_5741 .array/port v0xabdf8d33d480, 5741;
v0xabdf8d33d480_5742 .array/port v0xabdf8d33d480, 5742;
v0xabdf8d33d480_5743 .array/port v0xabdf8d33d480, 5743;
v0xabdf8d33d480_5744 .array/port v0xabdf8d33d480, 5744;
E_0xabdf8d0ee570/1437 .event anyedge, v0xabdf8d33d480_5741, v0xabdf8d33d480_5742, v0xabdf8d33d480_5743, v0xabdf8d33d480_5744;
v0xabdf8d33d480_5745 .array/port v0xabdf8d33d480, 5745;
v0xabdf8d33d480_5746 .array/port v0xabdf8d33d480, 5746;
v0xabdf8d33d480_5747 .array/port v0xabdf8d33d480, 5747;
v0xabdf8d33d480_5748 .array/port v0xabdf8d33d480, 5748;
E_0xabdf8d0ee570/1438 .event anyedge, v0xabdf8d33d480_5745, v0xabdf8d33d480_5746, v0xabdf8d33d480_5747, v0xabdf8d33d480_5748;
v0xabdf8d33d480_5749 .array/port v0xabdf8d33d480, 5749;
v0xabdf8d33d480_5750 .array/port v0xabdf8d33d480, 5750;
v0xabdf8d33d480_5751 .array/port v0xabdf8d33d480, 5751;
v0xabdf8d33d480_5752 .array/port v0xabdf8d33d480, 5752;
E_0xabdf8d0ee570/1439 .event anyedge, v0xabdf8d33d480_5749, v0xabdf8d33d480_5750, v0xabdf8d33d480_5751, v0xabdf8d33d480_5752;
v0xabdf8d33d480_5753 .array/port v0xabdf8d33d480, 5753;
v0xabdf8d33d480_5754 .array/port v0xabdf8d33d480, 5754;
v0xabdf8d33d480_5755 .array/port v0xabdf8d33d480, 5755;
v0xabdf8d33d480_5756 .array/port v0xabdf8d33d480, 5756;
E_0xabdf8d0ee570/1440 .event anyedge, v0xabdf8d33d480_5753, v0xabdf8d33d480_5754, v0xabdf8d33d480_5755, v0xabdf8d33d480_5756;
v0xabdf8d33d480_5757 .array/port v0xabdf8d33d480, 5757;
v0xabdf8d33d480_5758 .array/port v0xabdf8d33d480, 5758;
v0xabdf8d33d480_5759 .array/port v0xabdf8d33d480, 5759;
v0xabdf8d33d480_5760 .array/port v0xabdf8d33d480, 5760;
E_0xabdf8d0ee570/1441 .event anyedge, v0xabdf8d33d480_5757, v0xabdf8d33d480_5758, v0xabdf8d33d480_5759, v0xabdf8d33d480_5760;
v0xabdf8d33d480_5761 .array/port v0xabdf8d33d480, 5761;
v0xabdf8d33d480_5762 .array/port v0xabdf8d33d480, 5762;
v0xabdf8d33d480_5763 .array/port v0xabdf8d33d480, 5763;
v0xabdf8d33d480_5764 .array/port v0xabdf8d33d480, 5764;
E_0xabdf8d0ee570/1442 .event anyedge, v0xabdf8d33d480_5761, v0xabdf8d33d480_5762, v0xabdf8d33d480_5763, v0xabdf8d33d480_5764;
v0xabdf8d33d480_5765 .array/port v0xabdf8d33d480, 5765;
v0xabdf8d33d480_5766 .array/port v0xabdf8d33d480, 5766;
v0xabdf8d33d480_5767 .array/port v0xabdf8d33d480, 5767;
v0xabdf8d33d480_5768 .array/port v0xabdf8d33d480, 5768;
E_0xabdf8d0ee570/1443 .event anyedge, v0xabdf8d33d480_5765, v0xabdf8d33d480_5766, v0xabdf8d33d480_5767, v0xabdf8d33d480_5768;
v0xabdf8d33d480_5769 .array/port v0xabdf8d33d480, 5769;
v0xabdf8d33d480_5770 .array/port v0xabdf8d33d480, 5770;
v0xabdf8d33d480_5771 .array/port v0xabdf8d33d480, 5771;
v0xabdf8d33d480_5772 .array/port v0xabdf8d33d480, 5772;
E_0xabdf8d0ee570/1444 .event anyedge, v0xabdf8d33d480_5769, v0xabdf8d33d480_5770, v0xabdf8d33d480_5771, v0xabdf8d33d480_5772;
v0xabdf8d33d480_5773 .array/port v0xabdf8d33d480, 5773;
v0xabdf8d33d480_5774 .array/port v0xabdf8d33d480, 5774;
v0xabdf8d33d480_5775 .array/port v0xabdf8d33d480, 5775;
v0xabdf8d33d480_5776 .array/port v0xabdf8d33d480, 5776;
E_0xabdf8d0ee570/1445 .event anyedge, v0xabdf8d33d480_5773, v0xabdf8d33d480_5774, v0xabdf8d33d480_5775, v0xabdf8d33d480_5776;
v0xabdf8d33d480_5777 .array/port v0xabdf8d33d480, 5777;
v0xabdf8d33d480_5778 .array/port v0xabdf8d33d480, 5778;
v0xabdf8d33d480_5779 .array/port v0xabdf8d33d480, 5779;
v0xabdf8d33d480_5780 .array/port v0xabdf8d33d480, 5780;
E_0xabdf8d0ee570/1446 .event anyedge, v0xabdf8d33d480_5777, v0xabdf8d33d480_5778, v0xabdf8d33d480_5779, v0xabdf8d33d480_5780;
v0xabdf8d33d480_5781 .array/port v0xabdf8d33d480, 5781;
v0xabdf8d33d480_5782 .array/port v0xabdf8d33d480, 5782;
v0xabdf8d33d480_5783 .array/port v0xabdf8d33d480, 5783;
v0xabdf8d33d480_5784 .array/port v0xabdf8d33d480, 5784;
E_0xabdf8d0ee570/1447 .event anyedge, v0xabdf8d33d480_5781, v0xabdf8d33d480_5782, v0xabdf8d33d480_5783, v0xabdf8d33d480_5784;
v0xabdf8d33d480_5785 .array/port v0xabdf8d33d480, 5785;
v0xabdf8d33d480_5786 .array/port v0xabdf8d33d480, 5786;
v0xabdf8d33d480_5787 .array/port v0xabdf8d33d480, 5787;
v0xabdf8d33d480_5788 .array/port v0xabdf8d33d480, 5788;
E_0xabdf8d0ee570/1448 .event anyedge, v0xabdf8d33d480_5785, v0xabdf8d33d480_5786, v0xabdf8d33d480_5787, v0xabdf8d33d480_5788;
v0xabdf8d33d480_5789 .array/port v0xabdf8d33d480, 5789;
v0xabdf8d33d480_5790 .array/port v0xabdf8d33d480, 5790;
v0xabdf8d33d480_5791 .array/port v0xabdf8d33d480, 5791;
v0xabdf8d33d480_5792 .array/port v0xabdf8d33d480, 5792;
E_0xabdf8d0ee570/1449 .event anyedge, v0xabdf8d33d480_5789, v0xabdf8d33d480_5790, v0xabdf8d33d480_5791, v0xabdf8d33d480_5792;
v0xabdf8d33d480_5793 .array/port v0xabdf8d33d480, 5793;
v0xabdf8d33d480_5794 .array/port v0xabdf8d33d480, 5794;
v0xabdf8d33d480_5795 .array/port v0xabdf8d33d480, 5795;
v0xabdf8d33d480_5796 .array/port v0xabdf8d33d480, 5796;
E_0xabdf8d0ee570/1450 .event anyedge, v0xabdf8d33d480_5793, v0xabdf8d33d480_5794, v0xabdf8d33d480_5795, v0xabdf8d33d480_5796;
v0xabdf8d33d480_5797 .array/port v0xabdf8d33d480, 5797;
v0xabdf8d33d480_5798 .array/port v0xabdf8d33d480, 5798;
v0xabdf8d33d480_5799 .array/port v0xabdf8d33d480, 5799;
v0xabdf8d33d480_5800 .array/port v0xabdf8d33d480, 5800;
E_0xabdf8d0ee570/1451 .event anyedge, v0xabdf8d33d480_5797, v0xabdf8d33d480_5798, v0xabdf8d33d480_5799, v0xabdf8d33d480_5800;
v0xabdf8d33d480_5801 .array/port v0xabdf8d33d480, 5801;
v0xabdf8d33d480_5802 .array/port v0xabdf8d33d480, 5802;
v0xabdf8d33d480_5803 .array/port v0xabdf8d33d480, 5803;
v0xabdf8d33d480_5804 .array/port v0xabdf8d33d480, 5804;
E_0xabdf8d0ee570/1452 .event anyedge, v0xabdf8d33d480_5801, v0xabdf8d33d480_5802, v0xabdf8d33d480_5803, v0xabdf8d33d480_5804;
v0xabdf8d33d480_5805 .array/port v0xabdf8d33d480, 5805;
v0xabdf8d33d480_5806 .array/port v0xabdf8d33d480, 5806;
v0xabdf8d33d480_5807 .array/port v0xabdf8d33d480, 5807;
v0xabdf8d33d480_5808 .array/port v0xabdf8d33d480, 5808;
E_0xabdf8d0ee570/1453 .event anyedge, v0xabdf8d33d480_5805, v0xabdf8d33d480_5806, v0xabdf8d33d480_5807, v0xabdf8d33d480_5808;
v0xabdf8d33d480_5809 .array/port v0xabdf8d33d480, 5809;
v0xabdf8d33d480_5810 .array/port v0xabdf8d33d480, 5810;
v0xabdf8d33d480_5811 .array/port v0xabdf8d33d480, 5811;
v0xabdf8d33d480_5812 .array/port v0xabdf8d33d480, 5812;
E_0xabdf8d0ee570/1454 .event anyedge, v0xabdf8d33d480_5809, v0xabdf8d33d480_5810, v0xabdf8d33d480_5811, v0xabdf8d33d480_5812;
v0xabdf8d33d480_5813 .array/port v0xabdf8d33d480, 5813;
v0xabdf8d33d480_5814 .array/port v0xabdf8d33d480, 5814;
v0xabdf8d33d480_5815 .array/port v0xabdf8d33d480, 5815;
v0xabdf8d33d480_5816 .array/port v0xabdf8d33d480, 5816;
E_0xabdf8d0ee570/1455 .event anyedge, v0xabdf8d33d480_5813, v0xabdf8d33d480_5814, v0xabdf8d33d480_5815, v0xabdf8d33d480_5816;
v0xabdf8d33d480_5817 .array/port v0xabdf8d33d480, 5817;
v0xabdf8d33d480_5818 .array/port v0xabdf8d33d480, 5818;
v0xabdf8d33d480_5819 .array/port v0xabdf8d33d480, 5819;
v0xabdf8d33d480_5820 .array/port v0xabdf8d33d480, 5820;
E_0xabdf8d0ee570/1456 .event anyedge, v0xabdf8d33d480_5817, v0xabdf8d33d480_5818, v0xabdf8d33d480_5819, v0xabdf8d33d480_5820;
v0xabdf8d33d480_5821 .array/port v0xabdf8d33d480, 5821;
v0xabdf8d33d480_5822 .array/port v0xabdf8d33d480, 5822;
v0xabdf8d33d480_5823 .array/port v0xabdf8d33d480, 5823;
v0xabdf8d33d480_5824 .array/port v0xabdf8d33d480, 5824;
E_0xabdf8d0ee570/1457 .event anyedge, v0xabdf8d33d480_5821, v0xabdf8d33d480_5822, v0xabdf8d33d480_5823, v0xabdf8d33d480_5824;
v0xabdf8d33d480_5825 .array/port v0xabdf8d33d480, 5825;
v0xabdf8d33d480_5826 .array/port v0xabdf8d33d480, 5826;
v0xabdf8d33d480_5827 .array/port v0xabdf8d33d480, 5827;
v0xabdf8d33d480_5828 .array/port v0xabdf8d33d480, 5828;
E_0xabdf8d0ee570/1458 .event anyedge, v0xabdf8d33d480_5825, v0xabdf8d33d480_5826, v0xabdf8d33d480_5827, v0xabdf8d33d480_5828;
v0xabdf8d33d480_5829 .array/port v0xabdf8d33d480, 5829;
v0xabdf8d33d480_5830 .array/port v0xabdf8d33d480, 5830;
v0xabdf8d33d480_5831 .array/port v0xabdf8d33d480, 5831;
v0xabdf8d33d480_5832 .array/port v0xabdf8d33d480, 5832;
E_0xabdf8d0ee570/1459 .event anyedge, v0xabdf8d33d480_5829, v0xabdf8d33d480_5830, v0xabdf8d33d480_5831, v0xabdf8d33d480_5832;
v0xabdf8d33d480_5833 .array/port v0xabdf8d33d480, 5833;
v0xabdf8d33d480_5834 .array/port v0xabdf8d33d480, 5834;
v0xabdf8d33d480_5835 .array/port v0xabdf8d33d480, 5835;
v0xabdf8d33d480_5836 .array/port v0xabdf8d33d480, 5836;
E_0xabdf8d0ee570/1460 .event anyedge, v0xabdf8d33d480_5833, v0xabdf8d33d480_5834, v0xabdf8d33d480_5835, v0xabdf8d33d480_5836;
v0xabdf8d33d480_5837 .array/port v0xabdf8d33d480, 5837;
v0xabdf8d33d480_5838 .array/port v0xabdf8d33d480, 5838;
v0xabdf8d33d480_5839 .array/port v0xabdf8d33d480, 5839;
v0xabdf8d33d480_5840 .array/port v0xabdf8d33d480, 5840;
E_0xabdf8d0ee570/1461 .event anyedge, v0xabdf8d33d480_5837, v0xabdf8d33d480_5838, v0xabdf8d33d480_5839, v0xabdf8d33d480_5840;
v0xabdf8d33d480_5841 .array/port v0xabdf8d33d480, 5841;
v0xabdf8d33d480_5842 .array/port v0xabdf8d33d480, 5842;
v0xabdf8d33d480_5843 .array/port v0xabdf8d33d480, 5843;
v0xabdf8d33d480_5844 .array/port v0xabdf8d33d480, 5844;
E_0xabdf8d0ee570/1462 .event anyedge, v0xabdf8d33d480_5841, v0xabdf8d33d480_5842, v0xabdf8d33d480_5843, v0xabdf8d33d480_5844;
v0xabdf8d33d480_5845 .array/port v0xabdf8d33d480, 5845;
v0xabdf8d33d480_5846 .array/port v0xabdf8d33d480, 5846;
v0xabdf8d33d480_5847 .array/port v0xabdf8d33d480, 5847;
v0xabdf8d33d480_5848 .array/port v0xabdf8d33d480, 5848;
E_0xabdf8d0ee570/1463 .event anyedge, v0xabdf8d33d480_5845, v0xabdf8d33d480_5846, v0xabdf8d33d480_5847, v0xabdf8d33d480_5848;
v0xabdf8d33d480_5849 .array/port v0xabdf8d33d480, 5849;
v0xabdf8d33d480_5850 .array/port v0xabdf8d33d480, 5850;
v0xabdf8d33d480_5851 .array/port v0xabdf8d33d480, 5851;
v0xabdf8d33d480_5852 .array/port v0xabdf8d33d480, 5852;
E_0xabdf8d0ee570/1464 .event anyedge, v0xabdf8d33d480_5849, v0xabdf8d33d480_5850, v0xabdf8d33d480_5851, v0xabdf8d33d480_5852;
v0xabdf8d33d480_5853 .array/port v0xabdf8d33d480, 5853;
v0xabdf8d33d480_5854 .array/port v0xabdf8d33d480, 5854;
v0xabdf8d33d480_5855 .array/port v0xabdf8d33d480, 5855;
v0xabdf8d33d480_5856 .array/port v0xabdf8d33d480, 5856;
E_0xabdf8d0ee570/1465 .event anyedge, v0xabdf8d33d480_5853, v0xabdf8d33d480_5854, v0xabdf8d33d480_5855, v0xabdf8d33d480_5856;
v0xabdf8d33d480_5857 .array/port v0xabdf8d33d480, 5857;
v0xabdf8d33d480_5858 .array/port v0xabdf8d33d480, 5858;
v0xabdf8d33d480_5859 .array/port v0xabdf8d33d480, 5859;
v0xabdf8d33d480_5860 .array/port v0xabdf8d33d480, 5860;
E_0xabdf8d0ee570/1466 .event anyedge, v0xabdf8d33d480_5857, v0xabdf8d33d480_5858, v0xabdf8d33d480_5859, v0xabdf8d33d480_5860;
v0xabdf8d33d480_5861 .array/port v0xabdf8d33d480, 5861;
v0xabdf8d33d480_5862 .array/port v0xabdf8d33d480, 5862;
v0xabdf8d33d480_5863 .array/port v0xabdf8d33d480, 5863;
v0xabdf8d33d480_5864 .array/port v0xabdf8d33d480, 5864;
E_0xabdf8d0ee570/1467 .event anyedge, v0xabdf8d33d480_5861, v0xabdf8d33d480_5862, v0xabdf8d33d480_5863, v0xabdf8d33d480_5864;
v0xabdf8d33d480_5865 .array/port v0xabdf8d33d480, 5865;
v0xabdf8d33d480_5866 .array/port v0xabdf8d33d480, 5866;
v0xabdf8d33d480_5867 .array/port v0xabdf8d33d480, 5867;
v0xabdf8d33d480_5868 .array/port v0xabdf8d33d480, 5868;
E_0xabdf8d0ee570/1468 .event anyedge, v0xabdf8d33d480_5865, v0xabdf8d33d480_5866, v0xabdf8d33d480_5867, v0xabdf8d33d480_5868;
v0xabdf8d33d480_5869 .array/port v0xabdf8d33d480, 5869;
v0xabdf8d33d480_5870 .array/port v0xabdf8d33d480, 5870;
v0xabdf8d33d480_5871 .array/port v0xabdf8d33d480, 5871;
v0xabdf8d33d480_5872 .array/port v0xabdf8d33d480, 5872;
E_0xabdf8d0ee570/1469 .event anyedge, v0xabdf8d33d480_5869, v0xabdf8d33d480_5870, v0xabdf8d33d480_5871, v0xabdf8d33d480_5872;
v0xabdf8d33d480_5873 .array/port v0xabdf8d33d480, 5873;
v0xabdf8d33d480_5874 .array/port v0xabdf8d33d480, 5874;
v0xabdf8d33d480_5875 .array/port v0xabdf8d33d480, 5875;
v0xabdf8d33d480_5876 .array/port v0xabdf8d33d480, 5876;
E_0xabdf8d0ee570/1470 .event anyedge, v0xabdf8d33d480_5873, v0xabdf8d33d480_5874, v0xabdf8d33d480_5875, v0xabdf8d33d480_5876;
v0xabdf8d33d480_5877 .array/port v0xabdf8d33d480, 5877;
v0xabdf8d33d480_5878 .array/port v0xabdf8d33d480, 5878;
v0xabdf8d33d480_5879 .array/port v0xabdf8d33d480, 5879;
v0xabdf8d33d480_5880 .array/port v0xabdf8d33d480, 5880;
E_0xabdf8d0ee570/1471 .event anyedge, v0xabdf8d33d480_5877, v0xabdf8d33d480_5878, v0xabdf8d33d480_5879, v0xabdf8d33d480_5880;
v0xabdf8d33d480_5881 .array/port v0xabdf8d33d480, 5881;
v0xabdf8d33d480_5882 .array/port v0xabdf8d33d480, 5882;
v0xabdf8d33d480_5883 .array/port v0xabdf8d33d480, 5883;
v0xabdf8d33d480_5884 .array/port v0xabdf8d33d480, 5884;
E_0xabdf8d0ee570/1472 .event anyedge, v0xabdf8d33d480_5881, v0xabdf8d33d480_5882, v0xabdf8d33d480_5883, v0xabdf8d33d480_5884;
v0xabdf8d33d480_5885 .array/port v0xabdf8d33d480, 5885;
v0xabdf8d33d480_5886 .array/port v0xabdf8d33d480, 5886;
v0xabdf8d33d480_5887 .array/port v0xabdf8d33d480, 5887;
v0xabdf8d33d480_5888 .array/port v0xabdf8d33d480, 5888;
E_0xabdf8d0ee570/1473 .event anyedge, v0xabdf8d33d480_5885, v0xabdf8d33d480_5886, v0xabdf8d33d480_5887, v0xabdf8d33d480_5888;
v0xabdf8d33d480_5889 .array/port v0xabdf8d33d480, 5889;
v0xabdf8d33d480_5890 .array/port v0xabdf8d33d480, 5890;
v0xabdf8d33d480_5891 .array/port v0xabdf8d33d480, 5891;
v0xabdf8d33d480_5892 .array/port v0xabdf8d33d480, 5892;
E_0xabdf8d0ee570/1474 .event anyedge, v0xabdf8d33d480_5889, v0xabdf8d33d480_5890, v0xabdf8d33d480_5891, v0xabdf8d33d480_5892;
v0xabdf8d33d480_5893 .array/port v0xabdf8d33d480, 5893;
v0xabdf8d33d480_5894 .array/port v0xabdf8d33d480, 5894;
v0xabdf8d33d480_5895 .array/port v0xabdf8d33d480, 5895;
v0xabdf8d33d480_5896 .array/port v0xabdf8d33d480, 5896;
E_0xabdf8d0ee570/1475 .event anyedge, v0xabdf8d33d480_5893, v0xabdf8d33d480_5894, v0xabdf8d33d480_5895, v0xabdf8d33d480_5896;
v0xabdf8d33d480_5897 .array/port v0xabdf8d33d480, 5897;
v0xabdf8d33d480_5898 .array/port v0xabdf8d33d480, 5898;
v0xabdf8d33d480_5899 .array/port v0xabdf8d33d480, 5899;
v0xabdf8d33d480_5900 .array/port v0xabdf8d33d480, 5900;
E_0xabdf8d0ee570/1476 .event anyedge, v0xabdf8d33d480_5897, v0xabdf8d33d480_5898, v0xabdf8d33d480_5899, v0xabdf8d33d480_5900;
v0xabdf8d33d480_5901 .array/port v0xabdf8d33d480, 5901;
v0xabdf8d33d480_5902 .array/port v0xabdf8d33d480, 5902;
v0xabdf8d33d480_5903 .array/port v0xabdf8d33d480, 5903;
v0xabdf8d33d480_5904 .array/port v0xabdf8d33d480, 5904;
E_0xabdf8d0ee570/1477 .event anyedge, v0xabdf8d33d480_5901, v0xabdf8d33d480_5902, v0xabdf8d33d480_5903, v0xabdf8d33d480_5904;
v0xabdf8d33d480_5905 .array/port v0xabdf8d33d480, 5905;
v0xabdf8d33d480_5906 .array/port v0xabdf8d33d480, 5906;
v0xabdf8d33d480_5907 .array/port v0xabdf8d33d480, 5907;
v0xabdf8d33d480_5908 .array/port v0xabdf8d33d480, 5908;
E_0xabdf8d0ee570/1478 .event anyedge, v0xabdf8d33d480_5905, v0xabdf8d33d480_5906, v0xabdf8d33d480_5907, v0xabdf8d33d480_5908;
v0xabdf8d33d480_5909 .array/port v0xabdf8d33d480, 5909;
v0xabdf8d33d480_5910 .array/port v0xabdf8d33d480, 5910;
v0xabdf8d33d480_5911 .array/port v0xabdf8d33d480, 5911;
v0xabdf8d33d480_5912 .array/port v0xabdf8d33d480, 5912;
E_0xabdf8d0ee570/1479 .event anyedge, v0xabdf8d33d480_5909, v0xabdf8d33d480_5910, v0xabdf8d33d480_5911, v0xabdf8d33d480_5912;
v0xabdf8d33d480_5913 .array/port v0xabdf8d33d480, 5913;
v0xabdf8d33d480_5914 .array/port v0xabdf8d33d480, 5914;
v0xabdf8d33d480_5915 .array/port v0xabdf8d33d480, 5915;
v0xabdf8d33d480_5916 .array/port v0xabdf8d33d480, 5916;
E_0xabdf8d0ee570/1480 .event anyedge, v0xabdf8d33d480_5913, v0xabdf8d33d480_5914, v0xabdf8d33d480_5915, v0xabdf8d33d480_5916;
v0xabdf8d33d480_5917 .array/port v0xabdf8d33d480, 5917;
v0xabdf8d33d480_5918 .array/port v0xabdf8d33d480, 5918;
v0xabdf8d33d480_5919 .array/port v0xabdf8d33d480, 5919;
v0xabdf8d33d480_5920 .array/port v0xabdf8d33d480, 5920;
E_0xabdf8d0ee570/1481 .event anyedge, v0xabdf8d33d480_5917, v0xabdf8d33d480_5918, v0xabdf8d33d480_5919, v0xabdf8d33d480_5920;
v0xabdf8d33d480_5921 .array/port v0xabdf8d33d480, 5921;
v0xabdf8d33d480_5922 .array/port v0xabdf8d33d480, 5922;
v0xabdf8d33d480_5923 .array/port v0xabdf8d33d480, 5923;
v0xabdf8d33d480_5924 .array/port v0xabdf8d33d480, 5924;
E_0xabdf8d0ee570/1482 .event anyedge, v0xabdf8d33d480_5921, v0xabdf8d33d480_5922, v0xabdf8d33d480_5923, v0xabdf8d33d480_5924;
v0xabdf8d33d480_5925 .array/port v0xabdf8d33d480, 5925;
v0xabdf8d33d480_5926 .array/port v0xabdf8d33d480, 5926;
v0xabdf8d33d480_5927 .array/port v0xabdf8d33d480, 5927;
v0xabdf8d33d480_5928 .array/port v0xabdf8d33d480, 5928;
E_0xabdf8d0ee570/1483 .event anyedge, v0xabdf8d33d480_5925, v0xabdf8d33d480_5926, v0xabdf8d33d480_5927, v0xabdf8d33d480_5928;
v0xabdf8d33d480_5929 .array/port v0xabdf8d33d480, 5929;
v0xabdf8d33d480_5930 .array/port v0xabdf8d33d480, 5930;
v0xabdf8d33d480_5931 .array/port v0xabdf8d33d480, 5931;
v0xabdf8d33d480_5932 .array/port v0xabdf8d33d480, 5932;
E_0xabdf8d0ee570/1484 .event anyedge, v0xabdf8d33d480_5929, v0xabdf8d33d480_5930, v0xabdf8d33d480_5931, v0xabdf8d33d480_5932;
v0xabdf8d33d480_5933 .array/port v0xabdf8d33d480, 5933;
v0xabdf8d33d480_5934 .array/port v0xabdf8d33d480, 5934;
v0xabdf8d33d480_5935 .array/port v0xabdf8d33d480, 5935;
v0xabdf8d33d480_5936 .array/port v0xabdf8d33d480, 5936;
E_0xabdf8d0ee570/1485 .event anyedge, v0xabdf8d33d480_5933, v0xabdf8d33d480_5934, v0xabdf8d33d480_5935, v0xabdf8d33d480_5936;
v0xabdf8d33d480_5937 .array/port v0xabdf8d33d480, 5937;
v0xabdf8d33d480_5938 .array/port v0xabdf8d33d480, 5938;
v0xabdf8d33d480_5939 .array/port v0xabdf8d33d480, 5939;
v0xabdf8d33d480_5940 .array/port v0xabdf8d33d480, 5940;
E_0xabdf8d0ee570/1486 .event anyedge, v0xabdf8d33d480_5937, v0xabdf8d33d480_5938, v0xabdf8d33d480_5939, v0xabdf8d33d480_5940;
v0xabdf8d33d480_5941 .array/port v0xabdf8d33d480, 5941;
v0xabdf8d33d480_5942 .array/port v0xabdf8d33d480, 5942;
v0xabdf8d33d480_5943 .array/port v0xabdf8d33d480, 5943;
v0xabdf8d33d480_5944 .array/port v0xabdf8d33d480, 5944;
E_0xabdf8d0ee570/1487 .event anyedge, v0xabdf8d33d480_5941, v0xabdf8d33d480_5942, v0xabdf8d33d480_5943, v0xabdf8d33d480_5944;
v0xabdf8d33d480_5945 .array/port v0xabdf8d33d480, 5945;
v0xabdf8d33d480_5946 .array/port v0xabdf8d33d480, 5946;
v0xabdf8d33d480_5947 .array/port v0xabdf8d33d480, 5947;
v0xabdf8d33d480_5948 .array/port v0xabdf8d33d480, 5948;
E_0xabdf8d0ee570/1488 .event anyedge, v0xabdf8d33d480_5945, v0xabdf8d33d480_5946, v0xabdf8d33d480_5947, v0xabdf8d33d480_5948;
v0xabdf8d33d480_5949 .array/port v0xabdf8d33d480, 5949;
v0xabdf8d33d480_5950 .array/port v0xabdf8d33d480, 5950;
v0xabdf8d33d480_5951 .array/port v0xabdf8d33d480, 5951;
v0xabdf8d33d480_5952 .array/port v0xabdf8d33d480, 5952;
E_0xabdf8d0ee570/1489 .event anyedge, v0xabdf8d33d480_5949, v0xabdf8d33d480_5950, v0xabdf8d33d480_5951, v0xabdf8d33d480_5952;
v0xabdf8d33d480_5953 .array/port v0xabdf8d33d480, 5953;
v0xabdf8d33d480_5954 .array/port v0xabdf8d33d480, 5954;
v0xabdf8d33d480_5955 .array/port v0xabdf8d33d480, 5955;
v0xabdf8d33d480_5956 .array/port v0xabdf8d33d480, 5956;
E_0xabdf8d0ee570/1490 .event anyedge, v0xabdf8d33d480_5953, v0xabdf8d33d480_5954, v0xabdf8d33d480_5955, v0xabdf8d33d480_5956;
v0xabdf8d33d480_5957 .array/port v0xabdf8d33d480, 5957;
v0xabdf8d33d480_5958 .array/port v0xabdf8d33d480, 5958;
v0xabdf8d33d480_5959 .array/port v0xabdf8d33d480, 5959;
v0xabdf8d33d480_5960 .array/port v0xabdf8d33d480, 5960;
E_0xabdf8d0ee570/1491 .event anyedge, v0xabdf8d33d480_5957, v0xabdf8d33d480_5958, v0xabdf8d33d480_5959, v0xabdf8d33d480_5960;
v0xabdf8d33d480_5961 .array/port v0xabdf8d33d480, 5961;
v0xabdf8d33d480_5962 .array/port v0xabdf8d33d480, 5962;
v0xabdf8d33d480_5963 .array/port v0xabdf8d33d480, 5963;
v0xabdf8d33d480_5964 .array/port v0xabdf8d33d480, 5964;
E_0xabdf8d0ee570/1492 .event anyedge, v0xabdf8d33d480_5961, v0xabdf8d33d480_5962, v0xabdf8d33d480_5963, v0xabdf8d33d480_5964;
v0xabdf8d33d480_5965 .array/port v0xabdf8d33d480, 5965;
v0xabdf8d33d480_5966 .array/port v0xabdf8d33d480, 5966;
v0xabdf8d33d480_5967 .array/port v0xabdf8d33d480, 5967;
v0xabdf8d33d480_5968 .array/port v0xabdf8d33d480, 5968;
E_0xabdf8d0ee570/1493 .event anyedge, v0xabdf8d33d480_5965, v0xabdf8d33d480_5966, v0xabdf8d33d480_5967, v0xabdf8d33d480_5968;
v0xabdf8d33d480_5969 .array/port v0xabdf8d33d480, 5969;
v0xabdf8d33d480_5970 .array/port v0xabdf8d33d480, 5970;
v0xabdf8d33d480_5971 .array/port v0xabdf8d33d480, 5971;
v0xabdf8d33d480_5972 .array/port v0xabdf8d33d480, 5972;
E_0xabdf8d0ee570/1494 .event anyedge, v0xabdf8d33d480_5969, v0xabdf8d33d480_5970, v0xabdf8d33d480_5971, v0xabdf8d33d480_5972;
v0xabdf8d33d480_5973 .array/port v0xabdf8d33d480, 5973;
v0xabdf8d33d480_5974 .array/port v0xabdf8d33d480, 5974;
v0xabdf8d33d480_5975 .array/port v0xabdf8d33d480, 5975;
v0xabdf8d33d480_5976 .array/port v0xabdf8d33d480, 5976;
E_0xabdf8d0ee570/1495 .event anyedge, v0xabdf8d33d480_5973, v0xabdf8d33d480_5974, v0xabdf8d33d480_5975, v0xabdf8d33d480_5976;
v0xabdf8d33d480_5977 .array/port v0xabdf8d33d480, 5977;
v0xabdf8d33d480_5978 .array/port v0xabdf8d33d480, 5978;
v0xabdf8d33d480_5979 .array/port v0xabdf8d33d480, 5979;
v0xabdf8d33d480_5980 .array/port v0xabdf8d33d480, 5980;
E_0xabdf8d0ee570/1496 .event anyedge, v0xabdf8d33d480_5977, v0xabdf8d33d480_5978, v0xabdf8d33d480_5979, v0xabdf8d33d480_5980;
v0xabdf8d33d480_5981 .array/port v0xabdf8d33d480, 5981;
v0xabdf8d33d480_5982 .array/port v0xabdf8d33d480, 5982;
v0xabdf8d33d480_5983 .array/port v0xabdf8d33d480, 5983;
v0xabdf8d33d480_5984 .array/port v0xabdf8d33d480, 5984;
E_0xabdf8d0ee570/1497 .event anyedge, v0xabdf8d33d480_5981, v0xabdf8d33d480_5982, v0xabdf8d33d480_5983, v0xabdf8d33d480_5984;
v0xabdf8d33d480_5985 .array/port v0xabdf8d33d480, 5985;
v0xabdf8d33d480_5986 .array/port v0xabdf8d33d480, 5986;
v0xabdf8d33d480_5987 .array/port v0xabdf8d33d480, 5987;
v0xabdf8d33d480_5988 .array/port v0xabdf8d33d480, 5988;
E_0xabdf8d0ee570/1498 .event anyedge, v0xabdf8d33d480_5985, v0xabdf8d33d480_5986, v0xabdf8d33d480_5987, v0xabdf8d33d480_5988;
v0xabdf8d33d480_5989 .array/port v0xabdf8d33d480, 5989;
v0xabdf8d33d480_5990 .array/port v0xabdf8d33d480, 5990;
v0xabdf8d33d480_5991 .array/port v0xabdf8d33d480, 5991;
v0xabdf8d33d480_5992 .array/port v0xabdf8d33d480, 5992;
E_0xabdf8d0ee570/1499 .event anyedge, v0xabdf8d33d480_5989, v0xabdf8d33d480_5990, v0xabdf8d33d480_5991, v0xabdf8d33d480_5992;
v0xabdf8d33d480_5993 .array/port v0xabdf8d33d480, 5993;
v0xabdf8d33d480_5994 .array/port v0xabdf8d33d480, 5994;
v0xabdf8d33d480_5995 .array/port v0xabdf8d33d480, 5995;
v0xabdf8d33d480_5996 .array/port v0xabdf8d33d480, 5996;
E_0xabdf8d0ee570/1500 .event anyedge, v0xabdf8d33d480_5993, v0xabdf8d33d480_5994, v0xabdf8d33d480_5995, v0xabdf8d33d480_5996;
v0xabdf8d33d480_5997 .array/port v0xabdf8d33d480, 5997;
v0xabdf8d33d480_5998 .array/port v0xabdf8d33d480, 5998;
v0xabdf8d33d480_5999 .array/port v0xabdf8d33d480, 5999;
v0xabdf8d33d480_6000 .array/port v0xabdf8d33d480, 6000;
E_0xabdf8d0ee570/1501 .event anyedge, v0xabdf8d33d480_5997, v0xabdf8d33d480_5998, v0xabdf8d33d480_5999, v0xabdf8d33d480_6000;
v0xabdf8d33d480_6001 .array/port v0xabdf8d33d480, 6001;
v0xabdf8d33d480_6002 .array/port v0xabdf8d33d480, 6002;
v0xabdf8d33d480_6003 .array/port v0xabdf8d33d480, 6003;
v0xabdf8d33d480_6004 .array/port v0xabdf8d33d480, 6004;
E_0xabdf8d0ee570/1502 .event anyedge, v0xabdf8d33d480_6001, v0xabdf8d33d480_6002, v0xabdf8d33d480_6003, v0xabdf8d33d480_6004;
v0xabdf8d33d480_6005 .array/port v0xabdf8d33d480, 6005;
v0xabdf8d33d480_6006 .array/port v0xabdf8d33d480, 6006;
v0xabdf8d33d480_6007 .array/port v0xabdf8d33d480, 6007;
v0xabdf8d33d480_6008 .array/port v0xabdf8d33d480, 6008;
E_0xabdf8d0ee570/1503 .event anyedge, v0xabdf8d33d480_6005, v0xabdf8d33d480_6006, v0xabdf8d33d480_6007, v0xabdf8d33d480_6008;
v0xabdf8d33d480_6009 .array/port v0xabdf8d33d480, 6009;
v0xabdf8d33d480_6010 .array/port v0xabdf8d33d480, 6010;
v0xabdf8d33d480_6011 .array/port v0xabdf8d33d480, 6011;
v0xabdf8d33d480_6012 .array/port v0xabdf8d33d480, 6012;
E_0xabdf8d0ee570/1504 .event anyedge, v0xabdf8d33d480_6009, v0xabdf8d33d480_6010, v0xabdf8d33d480_6011, v0xabdf8d33d480_6012;
v0xabdf8d33d480_6013 .array/port v0xabdf8d33d480, 6013;
v0xabdf8d33d480_6014 .array/port v0xabdf8d33d480, 6014;
v0xabdf8d33d480_6015 .array/port v0xabdf8d33d480, 6015;
v0xabdf8d33d480_6016 .array/port v0xabdf8d33d480, 6016;
E_0xabdf8d0ee570/1505 .event anyedge, v0xabdf8d33d480_6013, v0xabdf8d33d480_6014, v0xabdf8d33d480_6015, v0xabdf8d33d480_6016;
v0xabdf8d33d480_6017 .array/port v0xabdf8d33d480, 6017;
v0xabdf8d33d480_6018 .array/port v0xabdf8d33d480, 6018;
v0xabdf8d33d480_6019 .array/port v0xabdf8d33d480, 6019;
v0xabdf8d33d480_6020 .array/port v0xabdf8d33d480, 6020;
E_0xabdf8d0ee570/1506 .event anyedge, v0xabdf8d33d480_6017, v0xabdf8d33d480_6018, v0xabdf8d33d480_6019, v0xabdf8d33d480_6020;
v0xabdf8d33d480_6021 .array/port v0xabdf8d33d480, 6021;
v0xabdf8d33d480_6022 .array/port v0xabdf8d33d480, 6022;
v0xabdf8d33d480_6023 .array/port v0xabdf8d33d480, 6023;
v0xabdf8d33d480_6024 .array/port v0xabdf8d33d480, 6024;
E_0xabdf8d0ee570/1507 .event anyedge, v0xabdf8d33d480_6021, v0xabdf8d33d480_6022, v0xabdf8d33d480_6023, v0xabdf8d33d480_6024;
v0xabdf8d33d480_6025 .array/port v0xabdf8d33d480, 6025;
v0xabdf8d33d480_6026 .array/port v0xabdf8d33d480, 6026;
v0xabdf8d33d480_6027 .array/port v0xabdf8d33d480, 6027;
v0xabdf8d33d480_6028 .array/port v0xabdf8d33d480, 6028;
E_0xabdf8d0ee570/1508 .event anyedge, v0xabdf8d33d480_6025, v0xabdf8d33d480_6026, v0xabdf8d33d480_6027, v0xabdf8d33d480_6028;
v0xabdf8d33d480_6029 .array/port v0xabdf8d33d480, 6029;
v0xabdf8d33d480_6030 .array/port v0xabdf8d33d480, 6030;
v0xabdf8d33d480_6031 .array/port v0xabdf8d33d480, 6031;
v0xabdf8d33d480_6032 .array/port v0xabdf8d33d480, 6032;
E_0xabdf8d0ee570/1509 .event anyedge, v0xabdf8d33d480_6029, v0xabdf8d33d480_6030, v0xabdf8d33d480_6031, v0xabdf8d33d480_6032;
v0xabdf8d33d480_6033 .array/port v0xabdf8d33d480, 6033;
v0xabdf8d33d480_6034 .array/port v0xabdf8d33d480, 6034;
v0xabdf8d33d480_6035 .array/port v0xabdf8d33d480, 6035;
v0xabdf8d33d480_6036 .array/port v0xabdf8d33d480, 6036;
E_0xabdf8d0ee570/1510 .event anyedge, v0xabdf8d33d480_6033, v0xabdf8d33d480_6034, v0xabdf8d33d480_6035, v0xabdf8d33d480_6036;
v0xabdf8d33d480_6037 .array/port v0xabdf8d33d480, 6037;
v0xabdf8d33d480_6038 .array/port v0xabdf8d33d480, 6038;
v0xabdf8d33d480_6039 .array/port v0xabdf8d33d480, 6039;
v0xabdf8d33d480_6040 .array/port v0xabdf8d33d480, 6040;
E_0xabdf8d0ee570/1511 .event anyedge, v0xabdf8d33d480_6037, v0xabdf8d33d480_6038, v0xabdf8d33d480_6039, v0xabdf8d33d480_6040;
v0xabdf8d33d480_6041 .array/port v0xabdf8d33d480, 6041;
v0xabdf8d33d480_6042 .array/port v0xabdf8d33d480, 6042;
v0xabdf8d33d480_6043 .array/port v0xabdf8d33d480, 6043;
v0xabdf8d33d480_6044 .array/port v0xabdf8d33d480, 6044;
E_0xabdf8d0ee570/1512 .event anyedge, v0xabdf8d33d480_6041, v0xabdf8d33d480_6042, v0xabdf8d33d480_6043, v0xabdf8d33d480_6044;
v0xabdf8d33d480_6045 .array/port v0xabdf8d33d480, 6045;
v0xabdf8d33d480_6046 .array/port v0xabdf8d33d480, 6046;
v0xabdf8d33d480_6047 .array/port v0xabdf8d33d480, 6047;
v0xabdf8d33d480_6048 .array/port v0xabdf8d33d480, 6048;
E_0xabdf8d0ee570/1513 .event anyedge, v0xabdf8d33d480_6045, v0xabdf8d33d480_6046, v0xabdf8d33d480_6047, v0xabdf8d33d480_6048;
v0xabdf8d33d480_6049 .array/port v0xabdf8d33d480, 6049;
v0xabdf8d33d480_6050 .array/port v0xabdf8d33d480, 6050;
v0xabdf8d33d480_6051 .array/port v0xabdf8d33d480, 6051;
v0xabdf8d33d480_6052 .array/port v0xabdf8d33d480, 6052;
E_0xabdf8d0ee570/1514 .event anyedge, v0xabdf8d33d480_6049, v0xabdf8d33d480_6050, v0xabdf8d33d480_6051, v0xabdf8d33d480_6052;
v0xabdf8d33d480_6053 .array/port v0xabdf8d33d480, 6053;
v0xabdf8d33d480_6054 .array/port v0xabdf8d33d480, 6054;
v0xabdf8d33d480_6055 .array/port v0xabdf8d33d480, 6055;
v0xabdf8d33d480_6056 .array/port v0xabdf8d33d480, 6056;
E_0xabdf8d0ee570/1515 .event anyedge, v0xabdf8d33d480_6053, v0xabdf8d33d480_6054, v0xabdf8d33d480_6055, v0xabdf8d33d480_6056;
v0xabdf8d33d480_6057 .array/port v0xabdf8d33d480, 6057;
v0xabdf8d33d480_6058 .array/port v0xabdf8d33d480, 6058;
v0xabdf8d33d480_6059 .array/port v0xabdf8d33d480, 6059;
v0xabdf8d33d480_6060 .array/port v0xabdf8d33d480, 6060;
E_0xabdf8d0ee570/1516 .event anyedge, v0xabdf8d33d480_6057, v0xabdf8d33d480_6058, v0xabdf8d33d480_6059, v0xabdf8d33d480_6060;
v0xabdf8d33d480_6061 .array/port v0xabdf8d33d480, 6061;
v0xabdf8d33d480_6062 .array/port v0xabdf8d33d480, 6062;
v0xabdf8d33d480_6063 .array/port v0xabdf8d33d480, 6063;
v0xabdf8d33d480_6064 .array/port v0xabdf8d33d480, 6064;
E_0xabdf8d0ee570/1517 .event anyedge, v0xabdf8d33d480_6061, v0xabdf8d33d480_6062, v0xabdf8d33d480_6063, v0xabdf8d33d480_6064;
v0xabdf8d33d480_6065 .array/port v0xabdf8d33d480, 6065;
v0xabdf8d33d480_6066 .array/port v0xabdf8d33d480, 6066;
v0xabdf8d33d480_6067 .array/port v0xabdf8d33d480, 6067;
v0xabdf8d33d480_6068 .array/port v0xabdf8d33d480, 6068;
E_0xabdf8d0ee570/1518 .event anyedge, v0xabdf8d33d480_6065, v0xabdf8d33d480_6066, v0xabdf8d33d480_6067, v0xabdf8d33d480_6068;
v0xabdf8d33d480_6069 .array/port v0xabdf8d33d480, 6069;
v0xabdf8d33d480_6070 .array/port v0xabdf8d33d480, 6070;
v0xabdf8d33d480_6071 .array/port v0xabdf8d33d480, 6071;
v0xabdf8d33d480_6072 .array/port v0xabdf8d33d480, 6072;
E_0xabdf8d0ee570/1519 .event anyedge, v0xabdf8d33d480_6069, v0xabdf8d33d480_6070, v0xabdf8d33d480_6071, v0xabdf8d33d480_6072;
v0xabdf8d33d480_6073 .array/port v0xabdf8d33d480, 6073;
v0xabdf8d33d480_6074 .array/port v0xabdf8d33d480, 6074;
v0xabdf8d33d480_6075 .array/port v0xabdf8d33d480, 6075;
v0xabdf8d33d480_6076 .array/port v0xabdf8d33d480, 6076;
E_0xabdf8d0ee570/1520 .event anyedge, v0xabdf8d33d480_6073, v0xabdf8d33d480_6074, v0xabdf8d33d480_6075, v0xabdf8d33d480_6076;
v0xabdf8d33d480_6077 .array/port v0xabdf8d33d480, 6077;
v0xabdf8d33d480_6078 .array/port v0xabdf8d33d480, 6078;
v0xabdf8d33d480_6079 .array/port v0xabdf8d33d480, 6079;
v0xabdf8d33d480_6080 .array/port v0xabdf8d33d480, 6080;
E_0xabdf8d0ee570/1521 .event anyedge, v0xabdf8d33d480_6077, v0xabdf8d33d480_6078, v0xabdf8d33d480_6079, v0xabdf8d33d480_6080;
v0xabdf8d33d480_6081 .array/port v0xabdf8d33d480, 6081;
v0xabdf8d33d480_6082 .array/port v0xabdf8d33d480, 6082;
v0xabdf8d33d480_6083 .array/port v0xabdf8d33d480, 6083;
v0xabdf8d33d480_6084 .array/port v0xabdf8d33d480, 6084;
E_0xabdf8d0ee570/1522 .event anyedge, v0xabdf8d33d480_6081, v0xabdf8d33d480_6082, v0xabdf8d33d480_6083, v0xabdf8d33d480_6084;
v0xabdf8d33d480_6085 .array/port v0xabdf8d33d480, 6085;
v0xabdf8d33d480_6086 .array/port v0xabdf8d33d480, 6086;
v0xabdf8d33d480_6087 .array/port v0xabdf8d33d480, 6087;
v0xabdf8d33d480_6088 .array/port v0xabdf8d33d480, 6088;
E_0xabdf8d0ee570/1523 .event anyedge, v0xabdf8d33d480_6085, v0xabdf8d33d480_6086, v0xabdf8d33d480_6087, v0xabdf8d33d480_6088;
v0xabdf8d33d480_6089 .array/port v0xabdf8d33d480, 6089;
v0xabdf8d33d480_6090 .array/port v0xabdf8d33d480, 6090;
v0xabdf8d33d480_6091 .array/port v0xabdf8d33d480, 6091;
v0xabdf8d33d480_6092 .array/port v0xabdf8d33d480, 6092;
E_0xabdf8d0ee570/1524 .event anyedge, v0xabdf8d33d480_6089, v0xabdf8d33d480_6090, v0xabdf8d33d480_6091, v0xabdf8d33d480_6092;
v0xabdf8d33d480_6093 .array/port v0xabdf8d33d480, 6093;
v0xabdf8d33d480_6094 .array/port v0xabdf8d33d480, 6094;
v0xabdf8d33d480_6095 .array/port v0xabdf8d33d480, 6095;
v0xabdf8d33d480_6096 .array/port v0xabdf8d33d480, 6096;
E_0xabdf8d0ee570/1525 .event anyedge, v0xabdf8d33d480_6093, v0xabdf8d33d480_6094, v0xabdf8d33d480_6095, v0xabdf8d33d480_6096;
v0xabdf8d33d480_6097 .array/port v0xabdf8d33d480, 6097;
v0xabdf8d33d480_6098 .array/port v0xabdf8d33d480, 6098;
v0xabdf8d33d480_6099 .array/port v0xabdf8d33d480, 6099;
v0xabdf8d33d480_6100 .array/port v0xabdf8d33d480, 6100;
E_0xabdf8d0ee570/1526 .event anyedge, v0xabdf8d33d480_6097, v0xabdf8d33d480_6098, v0xabdf8d33d480_6099, v0xabdf8d33d480_6100;
v0xabdf8d33d480_6101 .array/port v0xabdf8d33d480, 6101;
v0xabdf8d33d480_6102 .array/port v0xabdf8d33d480, 6102;
v0xabdf8d33d480_6103 .array/port v0xabdf8d33d480, 6103;
v0xabdf8d33d480_6104 .array/port v0xabdf8d33d480, 6104;
E_0xabdf8d0ee570/1527 .event anyedge, v0xabdf8d33d480_6101, v0xabdf8d33d480_6102, v0xabdf8d33d480_6103, v0xabdf8d33d480_6104;
v0xabdf8d33d480_6105 .array/port v0xabdf8d33d480, 6105;
v0xabdf8d33d480_6106 .array/port v0xabdf8d33d480, 6106;
v0xabdf8d33d480_6107 .array/port v0xabdf8d33d480, 6107;
v0xabdf8d33d480_6108 .array/port v0xabdf8d33d480, 6108;
E_0xabdf8d0ee570/1528 .event anyedge, v0xabdf8d33d480_6105, v0xabdf8d33d480_6106, v0xabdf8d33d480_6107, v0xabdf8d33d480_6108;
v0xabdf8d33d480_6109 .array/port v0xabdf8d33d480, 6109;
v0xabdf8d33d480_6110 .array/port v0xabdf8d33d480, 6110;
v0xabdf8d33d480_6111 .array/port v0xabdf8d33d480, 6111;
v0xabdf8d33d480_6112 .array/port v0xabdf8d33d480, 6112;
E_0xabdf8d0ee570/1529 .event anyedge, v0xabdf8d33d480_6109, v0xabdf8d33d480_6110, v0xabdf8d33d480_6111, v0xabdf8d33d480_6112;
v0xabdf8d33d480_6113 .array/port v0xabdf8d33d480, 6113;
v0xabdf8d33d480_6114 .array/port v0xabdf8d33d480, 6114;
v0xabdf8d33d480_6115 .array/port v0xabdf8d33d480, 6115;
v0xabdf8d33d480_6116 .array/port v0xabdf8d33d480, 6116;
E_0xabdf8d0ee570/1530 .event anyedge, v0xabdf8d33d480_6113, v0xabdf8d33d480_6114, v0xabdf8d33d480_6115, v0xabdf8d33d480_6116;
v0xabdf8d33d480_6117 .array/port v0xabdf8d33d480, 6117;
v0xabdf8d33d480_6118 .array/port v0xabdf8d33d480, 6118;
v0xabdf8d33d480_6119 .array/port v0xabdf8d33d480, 6119;
v0xabdf8d33d480_6120 .array/port v0xabdf8d33d480, 6120;
E_0xabdf8d0ee570/1531 .event anyedge, v0xabdf8d33d480_6117, v0xabdf8d33d480_6118, v0xabdf8d33d480_6119, v0xabdf8d33d480_6120;
v0xabdf8d33d480_6121 .array/port v0xabdf8d33d480, 6121;
v0xabdf8d33d480_6122 .array/port v0xabdf8d33d480, 6122;
v0xabdf8d33d480_6123 .array/port v0xabdf8d33d480, 6123;
v0xabdf8d33d480_6124 .array/port v0xabdf8d33d480, 6124;
E_0xabdf8d0ee570/1532 .event anyedge, v0xabdf8d33d480_6121, v0xabdf8d33d480_6122, v0xabdf8d33d480_6123, v0xabdf8d33d480_6124;
v0xabdf8d33d480_6125 .array/port v0xabdf8d33d480, 6125;
v0xabdf8d33d480_6126 .array/port v0xabdf8d33d480, 6126;
v0xabdf8d33d480_6127 .array/port v0xabdf8d33d480, 6127;
v0xabdf8d33d480_6128 .array/port v0xabdf8d33d480, 6128;
E_0xabdf8d0ee570/1533 .event anyedge, v0xabdf8d33d480_6125, v0xabdf8d33d480_6126, v0xabdf8d33d480_6127, v0xabdf8d33d480_6128;
v0xabdf8d33d480_6129 .array/port v0xabdf8d33d480, 6129;
v0xabdf8d33d480_6130 .array/port v0xabdf8d33d480, 6130;
v0xabdf8d33d480_6131 .array/port v0xabdf8d33d480, 6131;
v0xabdf8d33d480_6132 .array/port v0xabdf8d33d480, 6132;
E_0xabdf8d0ee570/1534 .event anyedge, v0xabdf8d33d480_6129, v0xabdf8d33d480_6130, v0xabdf8d33d480_6131, v0xabdf8d33d480_6132;
v0xabdf8d33d480_6133 .array/port v0xabdf8d33d480, 6133;
v0xabdf8d33d480_6134 .array/port v0xabdf8d33d480, 6134;
v0xabdf8d33d480_6135 .array/port v0xabdf8d33d480, 6135;
v0xabdf8d33d480_6136 .array/port v0xabdf8d33d480, 6136;
E_0xabdf8d0ee570/1535 .event anyedge, v0xabdf8d33d480_6133, v0xabdf8d33d480_6134, v0xabdf8d33d480_6135, v0xabdf8d33d480_6136;
v0xabdf8d33d480_6137 .array/port v0xabdf8d33d480, 6137;
v0xabdf8d33d480_6138 .array/port v0xabdf8d33d480, 6138;
v0xabdf8d33d480_6139 .array/port v0xabdf8d33d480, 6139;
v0xabdf8d33d480_6140 .array/port v0xabdf8d33d480, 6140;
E_0xabdf8d0ee570/1536 .event anyedge, v0xabdf8d33d480_6137, v0xabdf8d33d480_6138, v0xabdf8d33d480_6139, v0xabdf8d33d480_6140;
v0xabdf8d33d480_6141 .array/port v0xabdf8d33d480, 6141;
v0xabdf8d33d480_6142 .array/port v0xabdf8d33d480, 6142;
v0xabdf8d33d480_6143 .array/port v0xabdf8d33d480, 6143;
v0xabdf8d33d480_6144 .array/port v0xabdf8d33d480, 6144;
E_0xabdf8d0ee570/1537 .event anyedge, v0xabdf8d33d480_6141, v0xabdf8d33d480_6142, v0xabdf8d33d480_6143, v0xabdf8d33d480_6144;
v0xabdf8d33d480_6145 .array/port v0xabdf8d33d480, 6145;
v0xabdf8d33d480_6146 .array/port v0xabdf8d33d480, 6146;
v0xabdf8d33d480_6147 .array/port v0xabdf8d33d480, 6147;
v0xabdf8d33d480_6148 .array/port v0xabdf8d33d480, 6148;
E_0xabdf8d0ee570/1538 .event anyedge, v0xabdf8d33d480_6145, v0xabdf8d33d480_6146, v0xabdf8d33d480_6147, v0xabdf8d33d480_6148;
v0xabdf8d33d480_6149 .array/port v0xabdf8d33d480, 6149;
v0xabdf8d33d480_6150 .array/port v0xabdf8d33d480, 6150;
v0xabdf8d33d480_6151 .array/port v0xabdf8d33d480, 6151;
v0xabdf8d33d480_6152 .array/port v0xabdf8d33d480, 6152;
E_0xabdf8d0ee570/1539 .event anyedge, v0xabdf8d33d480_6149, v0xabdf8d33d480_6150, v0xabdf8d33d480_6151, v0xabdf8d33d480_6152;
v0xabdf8d33d480_6153 .array/port v0xabdf8d33d480, 6153;
v0xabdf8d33d480_6154 .array/port v0xabdf8d33d480, 6154;
v0xabdf8d33d480_6155 .array/port v0xabdf8d33d480, 6155;
v0xabdf8d33d480_6156 .array/port v0xabdf8d33d480, 6156;
E_0xabdf8d0ee570/1540 .event anyedge, v0xabdf8d33d480_6153, v0xabdf8d33d480_6154, v0xabdf8d33d480_6155, v0xabdf8d33d480_6156;
v0xabdf8d33d480_6157 .array/port v0xabdf8d33d480, 6157;
v0xabdf8d33d480_6158 .array/port v0xabdf8d33d480, 6158;
v0xabdf8d33d480_6159 .array/port v0xabdf8d33d480, 6159;
v0xabdf8d33d480_6160 .array/port v0xabdf8d33d480, 6160;
E_0xabdf8d0ee570/1541 .event anyedge, v0xabdf8d33d480_6157, v0xabdf8d33d480_6158, v0xabdf8d33d480_6159, v0xabdf8d33d480_6160;
v0xabdf8d33d480_6161 .array/port v0xabdf8d33d480, 6161;
v0xabdf8d33d480_6162 .array/port v0xabdf8d33d480, 6162;
v0xabdf8d33d480_6163 .array/port v0xabdf8d33d480, 6163;
v0xabdf8d33d480_6164 .array/port v0xabdf8d33d480, 6164;
E_0xabdf8d0ee570/1542 .event anyedge, v0xabdf8d33d480_6161, v0xabdf8d33d480_6162, v0xabdf8d33d480_6163, v0xabdf8d33d480_6164;
v0xabdf8d33d480_6165 .array/port v0xabdf8d33d480, 6165;
v0xabdf8d33d480_6166 .array/port v0xabdf8d33d480, 6166;
v0xabdf8d33d480_6167 .array/port v0xabdf8d33d480, 6167;
v0xabdf8d33d480_6168 .array/port v0xabdf8d33d480, 6168;
E_0xabdf8d0ee570/1543 .event anyedge, v0xabdf8d33d480_6165, v0xabdf8d33d480_6166, v0xabdf8d33d480_6167, v0xabdf8d33d480_6168;
v0xabdf8d33d480_6169 .array/port v0xabdf8d33d480, 6169;
v0xabdf8d33d480_6170 .array/port v0xabdf8d33d480, 6170;
v0xabdf8d33d480_6171 .array/port v0xabdf8d33d480, 6171;
v0xabdf8d33d480_6172 .array/port v0xabdf8d33d480, 6172;
E_0xabdf8d0ee570/1544 .event anyedge, v0xabdf8d33d480_6169, v0xabdf8d33d480_6170, v0xabdf8d33d480_6171, v0xabdf8d33d480_6172;
v0xabdf8d33d480_6173 .array/port v0xabdf8d33d480, 6173;
v0xabdf8d33d480_6174 .array/port v0xabdf8d33d480, 6174;
v0xabdf8d33d480_6175 .array/port v0xabdf8d33d480, 6175;
v0xabdf8d33d480_6176 .array/port v0xabdf8d33d480, 6176;
E_0xabdf8d0ee570/1545 .event anyedge, v0xabdf8d33d480_6173, v0xabdf8d33d480_6174, v0xabdf8d33d480_6175, v0xabdf8d33d480_6176;
v0xabdf8d33d480_6177 .array/port v0xabdf8d33d480, 6177;
v0xabdf8d33d480_6178 .array/port v0xabdf8d33d480, 6178;
v0xabdf8d33d480_6179 .array/port v0xabdf8d33d480, 6179;
v0xabdf8d33d480_6180 .array/port v0xabdf8d33d480, 6180;
E_0xabdf8d0ee570/1546 .event anyedge, v0xabdf8d33d480_6177, v0xabdf8d33d480_6178, v0xabdf8d33d480_6179, v0xabdf8d33d480_6180;
v0xabdf8d33d480_6181 .array/port v0xabdf8d33d480, 6181;
v0xabdf8d33d480_6182 .array/port v0xabdf8d33d480, 6182;
v0xabdf8d33d480_6183 .array/port v0xabdf8d33d480, 6183;
v0xabdf8d33d480_6184 .array/port v0xabdf8d33d480, 6184;
E_0xabdf8d0ee570/1547 .event anyedge, v0xabdf8d33d480_6181, v0xabdf8d33d480_6182, v0xabdf8d33d480_6183, v0xabdf8d33d480_6184;
v0xabdf8d33d480_6185 .array/port v0xabdf8d33d480, 6185;
v0xabdf8d33d480_6186 .array/port v0xabdf8d33d480, 6186;
v0xabdf8d33d480_6187 .array/port v0xabdf8d33d480, 6187;
v0xabdf8d33d480_6188 .array/port v0xabdf8d33d480, 6188;
E_0xabdf8d0ee570/1548 .event anyedge, v0xabdf8d33d480_6185, v0xabdf8d33d480_6186, v0xabdf8d33d480_6187, v0xabdf8d33d480_6188;
v0xabdf8d33d480_6189 .array/port v0xabdf8d33d480, 6189;
v0xabdf8d33d480_6190 .array/port v0xabdf8d33d480, 6190;
v0xabdf8d33d480_6191 .array/port v0xabdf8d33d480, 6191;
v0xabdf8d33d480_6192 .array/port v0xabdf8d33d480, 6192;
E_0xabdf8d0ee570/1549 .event anyedge, v0xabdf8d33d480_6189, v0xabdf8d33d480_6190, v0xabdf8d33d480_6191, v0xabdf8d33d480_6192;
v0xabdf8d33d480_6193 .array/port v0xabdf8d33d480, 6193;
v0xabdf8d33d480_6194 .array/port v0xabdf8d33d480, 6194;
v0xabdf8d33d480_6195 .array/port v0xabdf8d33d480, 6195;
v0xabdf8d33d480_6196 .array/port v0xabdf8d33d480, 6196;
E_0xabdf8d0ee570/1550 .event anyedge, v0xabdf8d33d480_6193, v0xabdf8d33d480_6194, v0xabdf8d33d480_6195, v0xabdf8d33d480_6196;
v0xabdf8d33d480_6197 .array/port v0xabdf8d33d480, 6197;
v0xabdf8d33d480_6198 .array/port v0xabdf8d33d480, 6198;
v0xabdf8d33d480_6199 .array/port v0xabdf8d33d480, 6199;
v0xabdf8d33d480_6200 .array/port v0xabdf8d33d480, 6200;
E_0xabdf8d0ee570/1551 .event anyedge, v0xabdf8d33d480_6197, v0xabdf8d33d480_6198, v0xabdf8d33d480_6199, v0xabdf8d33d480_6200;
v0xabdf8d33d480_6201 .array/port v0xabdf8d33d480, 6201;
v0xabdf8d33d480_6202 .array/port v0xabdf8d33d480, 6202;
v0xabdf8d33d480_6203 .array/port v0xabdf8d33d480, 6203;
v0xabdf8d33d480_6204 .array/port v0xabdf8d33d480, 6204;
E_0xabdf8d0ee570/1552 .event anyedge, v0xabdf8d33d480_6201, v0xabdf8d33d480_6202, v0xabdf8d33d480_6203, v0xabdf8d33d480_6204;
v0xabdf8d33d480_6205 .array/port v0xabdf8d33d480, 6205;
v0xabdf8d33d480_6206 .array/port v0xabdf8d33d480, 6206;
v0xabdf8d33d480_6207 .array/port v0xabdf8d33d480, 6207;
v0xabdf8d33d480_6208 .array/port v0xabdf8d33d480, 6208;
E_0xabdf8d0ee570/1553 .event anyedge, v0xabdf8d33d480_6205, v0xabdf8d33d480_6206, v0xabdf8d33d480_6207, v0xabdf8d33d480_6208;
v0xabdf8d33d480_6209 .array/port v0xabdf8d33d480, 6209;
v0xabdf8d33d480_6210 .array/port v0xabdf8d33d480, 6210;
v0xabdf8d33d480_6211 .array/port v0xabdf8d33d480, 6211;
v0xabdf8d33d480_6212 .array/port v0xabdf8d33d480, 6212;
E_0xabdf8d0ee570/1554 .event anyedge, v0xabdf8d33d480_6209, v0xabdf8d33d480_6210, v0xabdf8d33d480_6211, v0xabdf8d33d480_6212;
v0xabdf8d33d480_6213 .array/port v0xabdf8d33d480, 6213;
v0xabdf8d33d480_6214 .array/port v0xabdf8d33d480, 6214;
v0xabdf8d33d480_6215 .array/port v0xabdf8d33d480, 6215;
v0xabdf8d33d480_6216 .array/port v0xabdf8d33d480, 6216;
E_0xabdf8d0ee570/1555 .event anyedge, v0xabdf8d33d480_6213, v0xabdf8d33d480_6214, v0xabdf8d33d480_6215, v0xabdf8d33d480_6216;
v0xabdf8d33d480_6217 .array/port v0xabdf8d33d480, 6217;
v0xabdf8d33d480_6218 .array/port v0xabdf8d33d480, 6218;
v0xabdf8d33d480_6219 .array/port v0xabdf8d33d480, 6219;
v0xabdf8d33d480_6220 .array/port v0xabdf8d33d480, 6220;
E_0xabdf8d0ee570/1556 .event anyedge, v0xabdf8d33d480_6217, v0xabdf8d33d480_6218, v0xabdf8d33d480_6219, v0xabdf8d33d480_6220;
v0xabdf8d33d480_6221 .array/port v0xabdf8d33d480, 6221;
v0xabdf8d33d480_6222 .array/port v0xabdf8d33d480, 6222;
v0xabdf8d33d480_6223 .array/port v0xabdf8d33d480, 6223;
v0xabdf8d33d480_6224 .array/port v0xabdf8d33d480, 6224;
E_0xabdf8d0ee570/1557 .event anyedge, v0xabdf8d33d480_6221, v0xabdf8d33d480_6222, v0xabdf8d33d480_6223, v0xabdf8d33d480_6224;
v0xabdf8d33d480_6225 .array/port v0xabdf8d33d480, 6225;
v0xabdf8d33d480_6226 .array/port v0xabdf8d33d480, 6226;
v0xabdf8d33d480_6227 .array/port v0xabdf8d33d480, 6227;
v0xabdf8d33d480_6228 .array/port v0xabdf8d33d480, 6228;
E_0xabdf8d0ee570/1558 .event anyedge, v0xabdf8d33d480_6225, v0xabdf8d33d480_6226, v0xabdf8d33d480_6227, v0xabdf8d33d480_6228;
v0xabdf8d33d480_6229 .array/port v0xabdf8d33d480, 6229;
v0xabdf8d33d480_6230 .array/port v0xabdf8d33d480, 6230;
v0xabdf8d33d480_6231 .array/port v0xabdf8d33d480, 6231;
v0xabdf8d33d480_6232 .array/port v0xabdf8d33d480, 6232;
E_0xabdf8d0ee570/1559 .event anyedge, v0xabdf8d33d480_6229, v0xabdf8d33d480_6230, v0xabdf8d33d480_6231, v0xabdf8d33d480_6232;
v0xabdf8d33d480_6233 .array/port v0xabdf8d33d480, 6233;
v0xabdf8d33d480_6234 .array/port v0xabdf8d33d480, 6234;
v0xabdf8d33d480_6235 .array/port v0xabdf8d33d480, 6235;
v0xabdf8d33d480_6236 .array/port v0xabdf8d33d480, 6236;
E_0xabdf8d0ee570/1560 .event anyedge, v0xabdf8d33d480_6233, v0xabdf8d33d480_6234, v0xabdf8d33d480_6235, v0xabdf8d33d480_6236;
v0xabdf8d33d480_6237 .array/port v0xabdf8d33d480, 6237;
v0xabdf8d33d480_6238 .array/port v0xabdf8d33d480, 6238;
v0xabdf8d33d480_6239 .array/port v0xabdf8d33d480, 6239;
v0xabdf8d33d480_6240 .array/port v0xabdf8d33d480, 6240;
E_0xabdf8d0ee570/1561 .event anyedge, v0xabdf8d33d480_6237, v0xabdf8d33d480_6238, v0xabdf8d33d480_6239, v0xabdf8d33d480_6240;
v0xabdf8d33d480_6241 .array/port v0xabdf8d33d480, 6241;
v0xabdf8d33d480_6242 .array/port v0xabdf8d33d480, 6242;
v0xabdf8d33d480_6243 .array/port v0xabdf8d33d480, 6243;
v0xabdf8d33d480_6244 .array/port v0xabdf8d33d480, 6244;
E_0xabdf8d0ee570/1562 .event anyedge, v0xabdf8d33d480_6241, v0xabdf8d33d480_6242, v0xabdf8d33d480_6243, v0xabdf8d33d480_6244;
v0xabdf8d33d480_6245 .array/port v0xabdf8d33d480, 6245;
v0xabdf8d33d480_6246 .array/port v0xabdf8d33d480, 6246;
v0xabdf8d33d480_6247 .array/port v0xabdf8d33d480, 6247;
v0xabdf8d33d480_6248 .array/port v0xabdf8d33d480, 6248;
E_0xabdf8d0ee570/1563 .event anyedge, v0xabdf8d33d480_6245, v0xabdf8d33d480_6246, v0xabdf8d33d480_6247, v0xabdf8d33d480_6248;
v0xabdf8d33d480_6249 .array/port v0xabdf8d33d480, 6249;
v0xabdf8d33d480_6250 .array/port v0xabdf8d33d480, 6250;
v0xabdf8d33d480_6251 .array/port v0xabdf8d33d480, 6251;
v0xabdf8d33d480_6252 .array/port v0xabdf8d33d480, 6252;
E_0xabdf8d0ee570/1564 .event anyedge, v0xabdf8d33d480_6249, v0xabdf8d33d480_6250, v0xabdf8d33d480_6251, v0xabdf8d33d480_6252;
v0xabdf8d33d480_6253 .array/port v0xabdf8d33d480, 6253;
v0xabdf8d33d480_6254 .array/port v0xabdf8d33d480, 6254;
v0xabdf8d33d480_6255 .array/port v0xabdf8d33d480, 6255;
v0xabdf8d33d480_6256 .array/port v0xabdf8d33d480, 6256;
E_0xabdf8d0ee570/1565 .event anyedge, v0xabdf8d33d480_6253, v0xabdf8d33d480_6254, v0xabdf8d33d480_6255, v0xabdf8d33d480_6256;
v0xabdf8d33d480_6257 .array/port v0xabdf8d33d480, 6257;
v0xabdf8d33d480_6258 .array/port v0xabdf8d33d480, 6258;
v0xabdf8d33d480_6259 .array/port v0xabdf8d33d480, 6259;
v0xabdf8d33d480_6260 .array/port v0xabdf8d33d480, 6260;
E_0xabdf8d0ee570/1566 .event anyedge, v0xabdf8d33d480_6257, v0xabdf8d33d480_6258, v0xabdf8d33d480_6259, v0xabdf8d33d480_6260;
v0xabdf8d33d480_6261 .array/port v0xabdf8d33d480, 6261;
v0xabdf8d33d480_6262 .array/port v0xabdf8d33d480, 6262;
v0xabdf8d33d480_6263 .array/port v0xabdf8d33d480, 6263;
v0xabdf8d33d480_6264 .array/port v0xabdf8d33d480, 6264;
E_0xabdf8d0ee570/1567 .event anyedge, v0xabdf8d33d480_6261, v0xabdf8d33d480_6262, v0xabdf8d33d480_6263, v0xabdf8d33d480_6264;
v0xabdf8d33d480_6265 .array/port v0xabdf8d33d480, 6265;
v0xabdf8d33d480_6266 .array/port v0xabdf8d33d480, 6266;
v0xabdf8d33d480_6267 .array/port v0xabdf8d33d480, 6267;
v0xabdf8d33d480_6268 .array/port v0xabdf8d33d480, 6268;
E_0xabdf8d0ee570/1568 .event anyedge, v0xabdf8d33d480_6265, v0xabdf8d33d480_6266, v0xabdf8d33d480_6267, v0xabdf8d33d480_6268;
v0xabdf8d33d480_6269 .array/port v0xabdf8d33d480, 6269;
v0xabdf8d33d480_6270 .array/port v0xabdf8d33d480, 6270;
v0xabdf8d33d480_6271 .array/port v0xabdf8d33d480, 6271;
v0xabdf8d33d480_6272 .array/port v0xabdf8d33d480, 6272;
E_0xabdf8d0ee570/1569 .event anyedge, v0xabdf8d33d480_6269, v0xabdf8d33d480_6270, v0xabdf8d33d480_6271, v0xabdf8d33d480_6272;
v0xabdf8d33d480_6273 .array/port v0xabdf8d33d480, 6273;
v0xabdf8d33d480_6274 .array/port v0xabdf8d33d480, 6274;
v0xabdf8d33d480_6275 .array/port v0xabdf8d33d480, 6275;
v0xabdf8d33d480_6276 .array/port v0xabdf8d33d480, 6276;
E_0xabdf8d0ee570/1570 .event anyedge, v0xabdf8d33d480_6273, v0xabdf8d33d480_6274, v0xabdf8d33d480_6275, v0xabdf8d33d480_6276;
v0xabdf8d33d480_6277 .array/port v0xabdf8d33d480, 6277;
v0xabdf8d33d480_6278 .array/port v0xabdf8d33d480, 6278;
v0xabdf8d33d480_6279 .array/port v0xabdf8d33d480, 6279;
v0xabdf8d33d480_6280 .array/port v0xabdf8d33d480, 6280;
E_0xabdf8d0ee570/1571 .event anyedge, v0xabdf8d33d480_6277, v0xabdf8d33d480_6278, v0xabdf8d33d480_6279, v0xabdf8d33d480_6280;
v0xabdf8d33d480_6281 .array/port v0xabdf8d33d480, 6281;
v0xabdf8d33d480_6282 .array/port v0xabdf8d33d480, 6282;
v0xabdf8d33d480_6283 .array/port v0xabdf8d33d480, 6283;
v0xabdf8d33d480_6284 .array/port v0xabdf8d33d480, 6284;
E_0xabdf8d0ee570/1572 .event anyedge, v0xabdf8d33d480_6281, v0xabdf8d33d480_6282, v0xabdf8d33d480_6283, v0xabdf8d33d480_6284;
v0xabdf8d33d480_6285 .array/port v0xabdf8d33d480, 6285;
v0xabdf8d33d480_6286 .array/port v0xabdf8d33d480, 6286;
v0xabdf8d33d480_6287 .array/port v0xabdf8d33d480, 6287;
v0xabdf8d33d480_6288 .array/port v0xabdf8d33d480, 6288;
E_0xabdf8d0ee570/1573 .event anyedge, v0xabdf8d33d480_6285, v0xabdf8d33d480_6286, v0xabdf8d33d480_6287, v0xabdf8d33d480_6288;
v0xabdf8d33d480_6289 .array/port v0xabdf8d33d480, 6289;
v0xabdf8d33d480_6290 .array/port v0xabdf8d33d480, 6290;
v0xabdf8d33d480_6291 .array/port v0xabdf8d33d480, 6291;
v0xabdf8d33d480_6292 .array/port v0xabdf8d33d480, 6292;
E_0xabdf8d0ee570/1574 .event anyedge, v0xabdf8d33d480_6289, v0xabdf8d33d480_6290, v0xabdf8d33d480_6291, v0xabdf8d33d480_6292;
v0xabdf8d33d480_6293 .array/port v0xabdf8d33d480, 6293;
v0xabdf8d33d480_6294 .array/port v0xabdf8d33d480, 6294;
v0xabdf8d33d480_6295 .array/port v0xabdf8d33d480, 6295;
v0xabdf8d33d480_6296 .array/port v0xabdf8d33d480, 6296;
E_0xabdf8d0ee570/1575 .event anyedge, v0xabdf8d33d480_6293, v0xabdf8d33d480_6294, v0xabdf8d33d480_6295, v0xabdf8d33d480_6296;
v0xabdf8d33d480_6297 .array/port v0xabdf8d33d480, 6297;
v0xabdf8d33d480_6298 .array/port v0xabdf8d33d480, 6298;
v0xabdf8d33d480_6299 .array/port v0xabdf8d33d480, 6299;
v0xabdf8d33d480_6300 .array/port v0xabdf8d33d480, 6300;
E_0xabdf8d0ee570/1576 .event anyedge, v0xabdf8d33d480_6297, v0xabdf8d33d480_6298, v0xabdf8d33d480_6299, v0xabdf8d33d480_6300;
v0xabdf8d33d480_6301 .array/port v0xabdf8d33d480, 6301;
v0xabdf8d33d480_6302 .array/port v0xabdf8d33d480, 6302;
v0xabdf8d33d480_6303 .array/port v0xabdf8d33d480, 6303;
v0xabdf8d33d480_6304 .array/port v0xabdf8d33d480, 6304;
E_0xabdf8d0ee570/1577 .event anyedge, v0xabdf8d33d480_6301, v0xabdf8d33d480_6302, v0xabdf8d33d480_6303, v0xabdf8d33d480_6304;
v0xabdf8d33d480_6305 .array/port v0xabdf8d33d480, 6305;
v0xabdf8d33d480_6306 .array/port v0xabdf8d33d480, 6306;
v0xabdf8d33d480_6307 .array/port v0xabdf8d33d480, 6307;
v0xabdf8d33d480_6308 .array/port v0xabdf8d33d480, 6308;
E_0xabdf8d0ee570/1578 .event anyedge, v0xabdf8d33d480_6305, v0xabdf8d33d480_6306, v0xabdf8d33d480_6307, v0xabdf8d33d480_6308;
v0xabdf8d33d480_6309 .array/port v0xabdf8d33d480, 6309;
v0xabdf8d33d480_6310 .array/port v0xabdf8d33d480, 6310;
v0xabdf8d33d480_6311 .array/port v0xabdf8d33d480, 6311;
v0xabdf8d33d480_6312 .array/port v0xabdf8d33d480, 6312;
E_0xabdf8d0ee570/1579 .event anyedge, v0xabdf8d33d480_6309, v0xabdf8d33d480_6310, v0xabdf8d33d480_6311, v0xabdf8d33d480_6312;
v0xabdf8d33d480_6313 .array/port v0xabdf8d33d480, 6313;
v0xabdf8d33d480_6314 .array/port v0xabdf8d33d480, 6314;
v0xabdf8d33d480_6315 .array/port v0xabdf8d33d480, 6315;
v0xabdf8d33d480_6316 .array/port v0xabdf8d33d480, 6316;
E_0xabdf8d0ee570/1580 .event anyedge, v0xabdf8d33d480_6313, v0xabdf8d33d480_6314, v0xabdf8d33d480_6315, v0xabdf8d33d480_6316;
v0xabdf8d33d480_6317 .array/port v0xabdf8d33d480, 6317;
v0xabdf8d33d480_6318 .array/port v0xabdf8d33d480, 6318;
v0xabdf8d33d480_6319 .array/port v0xabdf8d33d480, 6319;
v0xabdf8d33d480_6320 .array/port v0xabdf8d33d480, 6320;
E_0xabdf8d0ee570/1581 .event anyedge, v0xabdf8d33d480_6317, v0xabdf8d33d480_6318, v0xabdf8d33d480_6319, v0xabdf8d33d480_6320;
v0xabdf8d33d480_6321 .array/port v0xabdf8d33d480, 6321;
v0xabdf8d33d480_6322 .array/port v0xabdf8d33d480, 6322;
v0xabdf8d33d480_6323 .array/port v0xabdf8d33d480, 6323;
v0xabdf8d33d480_6324 .array/port v0xabdf8d33d480, 6324;
E_0xabdf8d0ee570/1582 .event anyedge, v0xabdf8d33d480_6321, v0xabdf8d33d480_6322, v0xabdf8d33d480_6323, v0xabdf8d33d480_6324;
v0xabdf8d33d480_6325 .array/port v0xabdf8d33d480, 6325;
v0xabdf8d33d480_6326 .array/port v0xabdf8d33d480, 6326;
v0xabdf8d33d480_6327 .array/port v0xabdf8d33d480, 6327;
v0xabdf8d33d480_6328 .array/port v0xabdf8d33d480, 6328;
E_0xabdf8d0ee570/1583 .event anyedge, v0xabdf8d33d480_6325, v0xabdf8d33d480_6326, v0xabdf8d33d480_6327, v0xabdf8d33d480_6328;
v0xabdf8d33d480_6329 .array/port v0xabdf8d33d480, 6329;
v0xabdf8d33d480_6330 .array/port v0xabdf8d33d480, 6330;
v0xabdf8d33d480_6331 .array/port v0xabdf8d33d480, 6331;
v0xabdf8d33d480_6332 .array/port v0xabdf8d33d480, 6332;
E_0xabdf8d0ee570/1584 .event anyedge, v0xabdf8d33d480_6329, v0xabdf8d33d480_6330, v0xabdf8d33d480_6331, v0xabdf8d33d480_6332;
v0xabdf8d33d480_6333 .array/port v0xabdf8d33d480, 6333;
v0xabdf8d33d480_6334 .array/port v0xabdf8d33d480, 6334;
v0xabdf8d33d480_6335 .array/port v0xabdf8d33d480, 6335;
v0xabdf8d33d480_6336 .array/port v0xabdf8d33d480, 6336;
E_0xabdf8d0ee570/1585 .event anyedge, v0xabdf8d33d480_6333, v0xabdf8d33d480_6334, v0xabdf8d33d480_6335, v0xabdf8d33d480_6336;
v0xabdf8d33d480_6337 .array/port v0xabdf8d33d480, 6337;
v0xabdf8d33d480_6338 .array/port v0xabdf8d33d480, 6338;
v0xabdf8d33d480_6339 .array/port v0xabdf8d33d480, 6339;
v0xabdf8d33d480_6340 .array/port v0xabdf8d33d480, 6340;
E_0xabdf8d0ee570/1586 .event anyedge, v0xabdf8d33d480_6337, v0xabdf8d33d480_6338, v0xabdf8d33d480_6339, v0xabdf8d33d480_6340;
v0xabdf8d33d480_6341 .array/port v0xabdf8d33d480, 6341;
v0xabdf8d33d480_6342 .array/port v0xabdf8d33d480, 6342;
v0xabdf8d33d480_6343 .array/port v0xabdf8d33d480, 6343;
v0xabdf8d33d480_6344 .array/port v0xabdf8d33d480, 6344;
E_0xabdf8d0ee570/1587 .event anyedge, v0xabdf8d33d480_6341, v0xabdf8d33d480_6342, v0xabdf8d33d480_6343, v0xabdf8d33d480_6344;
v0xabdf8d33d480_6345 .array/port v0xabdf8d33d480, 6345;
v0xabdf8d33d480_6346 .array/port v0xabdf8d33d480, 6346;
v0xabdf8d33d480_6347 .array/port v0xabdf8d33d480, 6347;
v0xabdf8d33d480_6348 .array/port v0xabdf8d33d480, 6348;
E_0xabdf8d0ee570/1588 .event anyedge, v0xabdf8d33d480_6345, v0xabdf8d33d480_6346, v0xabdf8d33d480_6347, v0xabdf8d33d480_6348;
v0xabdf8d33d480_6349 .array/port v0xabdf8d33d480, 6349;
v0xabdf8d33d480_6350 .array/port v0xabdf8d33d480, 6350;
v0xabdf8d33d480_6351 .array/port v0xabdf8d33d480, 6351;
v0xabdf8d33d480_6352 .array/port v0xabdf8d33d480, 6352;
E_0xabdf8d0ee570/1589 .event anyedge, v0xabdf8d33d480_6349, v0xabdf8d33d480_6350, v0xabdf8d33d480_6351, v0xabdf8d33d480_6352;
v0xabdf8d33d480_6353 .array/port v0xabdf8d33d480, 6353;
v0xabdf8d33d480_6354 .array/port v0xabdf8d33d480, 6354;
v0xabdf8d33d480_6355 .array/port v0xabdf8d33d480, 6355;
v0xabdf8d33d480_6356 .array/port v0xabdf8d33d480, 6356;
E_0xabdf8d0ee570/1590 .event anyedge, v0xabdf8d33d480_6353, v0xabdf8d33d480_6354, v0xabdf8d33d480_6355, v0xabdf8d33d480_6356;
v0xabdf8d33d480_6357 .array/port v0xabdf8d33d480, 6357;
v0xabdf8d33d480_6358 .array/port v0xabdf8d33d480, 6358;
v0xabdf8d33d480_6359 .array/port v0xabdf8d33d480, 6359;
v0xabdf8d33d480_6360 .array/port v0xabdf8d33d480, 6360;
E_0xabdf8d0ee570/1591 .event anyedge, v0xabdf8d33d480_6357, v0xabdf8d33d480_6358, v0xabdf8d33d480_6359, v0xabdf8d33d480_6360;
v0xabdf8d33d480_6361 .array/port v0xabdf8d33d480, 6361;
v0xabdf8d33d480_6362 .array/port v0xabdf8d33d480, 6362;
v0xabdf8d33d480_6363 .array/port v0xabdf8d33d480, 6363;
v0xabdf8d33d480_6364 .array/port v0xabdf8d33d480, 6364;
E_0xabdf8d0ee570/1592 .event anyedge, v0xabdf8d33d480_6361, v0xabdf8d33d480_6362, v0xabdf8d33d480_6363, v0xabdf8d33d480_6364;
v0xabdf8d33d480_6365 .array/port v0xabdf8d33d480, 6365;
v0xabdf8d33d480_6366 .array/port v0xabdf8d33d480, 6366;
v0xabdf8d33d480_6367 .array/port v0xabdf8d33d480, 6367;
v0xabdf8d33d480_6368 .array/port v0xabdf8d33d480, 6368;
E_0xabdf8d0ee570/1593 .event anyedge, v0xabdf8d33d480_6365, v0xabdf8d33d480_6366, v0xabdf8d33d480_6367, v0xabdf8d33d480_6368;
v0xabdf8d33d480_6369 .array/port v0xabdf8d33d480, 6369;
v0xabdf8d33d480_6370 .array/port v0xabdf8d33d480, 6370;
v0xabdf8d33d480_6371 .array/port v0xabdf8d33d480, 6371;
v0xabdf8d33d480_6372 .array/port v0xabdf8d33d480, 6372;
E_0xabdf8d0ee570/1594 .event anyedge, v0xabdf8d33d480_6369, v0xabdf8d33d480_6370, v0xabdf8d33d480_6371, v0xabdf8d33d480_6372;
v0xabdf8d33d480_6373 .array/port v0xabdf8d33d480, 6373;
v0xabdf8d33d480_6374 .array/port v0xabdf8d33d480, 6374;
v0xabdf8d33d480_6375 .array/port v0xabdf8d33d480, 6375;
v0xabdf8d33d480_6376 .array/port v0xabdf8d33d480, 6376;
E_0xabdf8d0ee570/1595 .event anyedge, v0xabdf8d33d480_6373, v0xabdf8d33d480_6374, v0xabdf8d33d480_6375, v0xabdf8d33d480_6376;
v0xabdf8d33d480_6377 .array/port v0xabdf8d33d480, 6377;
v0xabdf8d33d480_6378 .array/port v0xabdf8d33d480, 6378;
v0xabdf8d33d480_6379 .array/port v0xabdf8d33d480, 6379;
v0xabdf8d33d480_6380 .array/port v0xabdf8d33d480, 6380;
E_0xabdf8d0ee570/1596 .event anyedge, v0xabdf8d33d480_6377, v0xabdf8d33d480_6378, v0xabdf8d33d480_6379, v0xabdf8d33d480_6380;
v0xabdf8d33d480_6381 .array/port v0xabdf8d33d480, 6381;
v0xabdf8d33d480_6382 .array/port v0xabdf8d33d480, 6382;
v0xabdf8d33d480_6383 .array/port v0xabdf8d33d480, 6383;
v0xabdf8d33d480_6384 .array/port v0xabdf8d33d480, 6384;
E_0xabdf8d0ee570/1597 .event anyedge, v0xabdf8d33d480_6381, v0xabdf8d33d480_6382, v0xabdf8d33d480_6383, v0xabdf8d33d480_6384;
v0xabdf8d33d480_6385 .array/port v0xabdf8d33d480, 6385;
v0xabdf8d33d480_6386 .array/port v0xabdf8d33d480, 6386;
v0xabdf8d33d480_6387 .array/port v0xabdf8d33d480, 6387;
v0xabdf8d33d480_6388 .array/port v0xabdf8d33d480, 6388;
E_0xabdf8d0ee570/1598 .event anyedge, v0xabdf8d33d480_6385, v0xabdf8d33d480_6386, v0xabdf8d33d480_6387, v0xabdf8d33d480_6388;
v0xabdf8d33d480_6389 .array/port v0xabdf8d33d480, 6389;
v0xabdf8d33d480_6390 .array/port v0xabdf8d33d480, 6390;
v0xabdf8d33d480_6391 .array/port v0xabdf8d33d480, 6391;
v0xabdf8d33d480_6392 .array/port v0xabdf8d33d480, 6392;
E_0xabdf8d0ee570/1599 .event anyedge, v0xabdf8d33d480_6389, v0xabdf8d33d480_6390, v0xabdf8d33d480_6391, v0xabdf8d33d480_6392;
v0xabdf8d33d480_6393 .array/port v0xabdf8d33d480, 6393;
v0xabdf8d33d480_6394 .array/port v0xabdf8d33d480, 6394;
v0xabdf8d33d480_6395 .array/port v0xabdf8d33d480, 6395;
v0xabdf8d33d480_6396 .array/port v0xabdf8d33d480, 6396;
E_0xabdf8d0ee570/1600 .event anyedge, v0xabdf8d33d480_6393, v0xabdf8d33d480_6394, v0xabdf8d33d480_6395, v0xabdf8d33d480_6396;
v0xabdf8d33d480_6397 .array/port v0xabdf8d33d480, 6397;
v0xabdf8d33d480_6398 .array/port v0xabdf8d33d480, 6398;
v0xabdf8d33d480_6399 .array/port v0xabdf8d33d480, 6399;
v0xabdf8d33d480_6400 .array/port v0xabdf8d33d480, 6400;
E_0xabdf8d0ee570/1601 .event anyedge, v0xabdf8d33d480_6397, v0xabdf8d33d480_6398, v0xabdf8d33d480_6399, v0xabdf8d33d480_6400;
v0xabdf8d33d480_6401 .array/port v0xabdf8d33d480, 6401;
v0xabdf8d33d480_6402 .array/port v0xabdf8d33d480, 6402;
v0xabdf8d33d480_6403 .array/port v0xabdf8d33d480, 6403;
v0xabdf8d33d480_6404 .array/port v0xabdf8d33d480, 6404;
E_0xabdf8d0ee570/1602 .event anyedge, v0xabdf8d33d480_6401, v0xabdf8d33d480_6402, v0xabdf8d33d480_6403, v0xabdf8d33d480_6404;
v0xabdf8d33d480_6405 .array/port v0xabdf8d33d480, 6405;
v0xabdf8d33d480_6406 .array/port v0xabdf8d33d480, 6406;
v0xabdf8d33d480_6407 .array/port v0xabdf8d33d480, 6407;
v0xabdf8d33d480_6408 .array/port v0xabdf8d33d480, 6408;
E_0xabdf8d0ee570/1603 .event anyedge, v0xabdf8d33d480_6405, v0xabdf8d33d480_6406, v0xabdf8d33d480_6407, v0xabdf8d33d480_6408;
v0xabdf8d33d480_6409 .array/port v0xabdf8d33d480, 6409;
v0xabdf8d33d480_6410 .array/port v0xabdf8d33d480, 6410;
v0xabdf8d33d480_6411 .array/port v0xabdf8d33d480, 6411;
v0xabdf8d33d480_6412 .array/port v0xabdf8d33d480, 6412;
E_0xabdf8d0ee570/1604 .event anyedge, v0xabdf8d33d480_6409, v0xabdf8d33d480_6410, v0xabdf8d33d480_6411, v0xabdf8d33d480_6412;
v0xabdf8d33d480_6413 .array/port v0xabdf8d33d480, 6413;
v0xabdf8d33d480_6414 .array/port v0xabdf8d33d480, 6414;
v0xabdf8d33d480_6415 .array/port v0xabdf8d33d480, 6415;
v0xabdf8d33d480_6416 .array/port v0xabdf8d33d480, 6416;
E_0xabdf8d0ee570/1605 .event anyedge, v0xabdf8d33d480_6413, v0xabdf8d33d480_6414, v0xabdf8d33d480_6415, v0xabdf8d33d480_6416;
v0xabdf8d33d480_6417 .array/port v0xabdf8d33d480, 6417;
v0xabdf8d33d480_6418 .array/port v0xabdf8d33d480, 6418;
v0xabdf8d33d480_6419 .array/port v0xabdf8d33d480, 6419;
v0xabdf8d33d480_6420 .array/port v0xabdf8d33d480, 6420;
E_0xabdf8d0ee570/1606 .event anyedge, v0xabdf8d33d480_6417, v0xabdf8d33d480_6418, v0xabdf8d33d480_6419, v0xabdf8d33d480_6420;
v0xabdf8d33d480_6421 .array/port v0xabdf8d33d480, 6421;
v0xabdf8d33d480_6422 .array/port v0xabdf8d33d480, 6422;
v0xabdf8d33d480_6423 .array/port v0xabdf8d33d480, 6423;
v0xabdf8d33d480_6424 .array/port v0xabdf8d33d480, 6424;
E_0xabdf8d0ee570/1607 .event anyedge, v0xabdf8d33d480_6421, v0xabdf8d33d480_6422, v0xabdf8d33d480_6423, v0xabdf8d33d480_6424;
v0xabdf8d33d480_6425 .array/port v0xabdf8d33d480, 6425;
v0xabdf8d33d480_6426 .array/port v0xabdf8d33d480, 6426;
v0xabdf8d33d480_6427 .array/port v0xabdf8d33d480, 6427;
v0xabdf8d33d480_6428 .array/port v0xabdf8d33d480, 6428;
E_0xabdf8d0ee570/1608 .event anyedge, v0xabdf8d33d480_6425, v0xabdf8d33d480_6426, v0xabdf8d33d480_6427, v0xabdf8d33d480_6428;
v0xabdf8d33d480_6429 .array/port v0xabdf8d33d480, 6429;
v0xabdf8d33d480_6430 .array/port v0xabdf8d33d480, 6430;
v0xabdf8d33d480_6431 .array/port v0xabdf8d33d480, 6431;
v0xabdf8d33d480_6432 .array/port v0xabdf8d33d480, 6432;
E_0xabdf8d0ee570/1609 .event anyedge, v0xabdf8d33d480_6429, v0xabdf8d33d480_6430, v0xabdf8d33d480_6431, v0xabdf8d33d480_6432;
v0xabdf8d33d480_6433 .array/port v0xabdf8d33d480, 6433;
v0xabdf8d33d480_6434 .array/port v0xabdf8d33d480, 6434;
v0xabdf8d33d480_6435 .array/port v0xabdf8d33d480, 6435;
v0xabdf8d33d480_6436 .array/port v0xabdf8d33d480, 6436;
E_0xabdf8d0ee570/1610 .event anyedge, v0xabdf8d33d480_6433, v0xabdf8d33d480_6434, v0xabdf8d33d480_6435, v0xabdf8d33d480_6436;
v0xabdf8d33d480_6437 .array/port v0xabdf8d33d480, 6437;
v0xabdf8d33d480_6438 .array/port v0xabdf8d33d480, 6438;
v0xabdf8d33d480_6439 .array/port v0xabdf8d33d480, 6439;
v0xabdf8d33d480_6440 .array/port v0xabdf8d33d480, 6440;
E_0xabdf8d0ee570/1611 .event anyedge, v0xabdf8d33d480_6437, v0xabdf8d33d480_6438, v0xabdf8d33d480_6439, v0xabdf8d33d480_6440;
v0xabdf8d33d480_6441 .array/port v0xabdf8d33d480, 6441;
v0xabdf8d33d480_6442 .array/port v0xabdf8d33d480, 6442;
v0xabdf8d33d480_6443 .array/port v0xabdf8d33d480, 6443;
v0xabdf8d33d480_6444 .array/port v0xabdf8d33d480, 6444;
E_0xabdf8d0ee570/1612 .event anyedge, v0xabdf8d33d480_6441, v0xabdf8d33d480_6442, v0xabdf8d33d480_6443, v0xabdf8d33d480_6444;
v0xabdf8d33d480_6445 .array/port v0xabdf8d33d480, 6445;
v0xabdf8d33d480_6446 .array/port v0xabdf8d33d480, 6446;
v0xabdf8d33d480_6447 .array/port v0xabdf8d33d480, 6447;
v0xabdf8d33d480_6448 .array/port v0xabdf8d33d480, 6448;
E_0xabdf8d0ee570/1613 .event anyedge, v0xabdf8d33d480_6445, v0xabdf8d33d480_6446, v0xabdf8d33d480_6447, v0xabdf8d33d480_6448;
v0xabdf8d33d480_6449 .array/port v0xabdf8d33d480, 6449;
v0xabdf8d33d480_6450 .array/port v0xabdf8d33d480, 6450;
v0xabdf8d33d480_6451 .array/port v0xabdf8d33d480, 6451;
v0xabdf8d33d480_6452 .array/port v0xabdf8d33d480, 6452;
E_0xabdf8d0ee570/1614 .event anyedge, v0xabdf8d33d480_6449, v0xabdf8d33d480_6450, v0xabdf8d33d480_6451, v0xabdf8d33d480_6452;
v0xabdf8d33d480_6453 .array/port v0xabdf8d33d480, 6453;
v0xabdf8d33d480_6454 .array/port v0xabdf8d33d480, 6454;
v0xabdf8d33d480_6455 .array/port v0xabdf8d33d480, 6455;
v0xabdf8d33d480_6456 .array/port v0xabdf8d33d480, 6456;
E_0xabdf8d0ee570/1615 .event anyedge, v0xabdf8d33d480_6453, v0xabdf8d33d480_6454, v0xabdf8d33d480_6455, v0xabdf8d33d480_6456;
v0xabdf8d33d480_6457 .array/port v0xabdf8d33d480, 6457;
v0xabdf8d33d480_6458 .array/port v0xabdf8d33d480, 6458;
v0xabdf8d33d480_6459 .array/port v0xabdf8d33d480, 6459;
v0xabdf8d33d480_6460 .array/port v0xabdf8d33d480, 6460;
E_0xabdf8d0ee570/1616 .event anyedge, v0xabdf8d33d480_6457, v0xabdf8d33d480_6458, v0xabdf8d33d480_6459, v0xabdf8d33d480_6460;
v0xabdf8d33d480_6461 .array/port v0xabdf8d33d480, 6461;
v0xabdf8d33d480_6462 .array/port v0xabdf8d33d480, 6462;
v0xabdf8d33d480_6463 .array/port v0xabdf8d33d480, 6463;
v0xabdf8d33d480_6464 .array/port v0xabdf8d33d480, 6464;
E_0xabdf8d0ee570/1617 .event anyedge, v0xabdf8d33d480_6461, v0xabdf8d33d480_6462, v0xabdf8d33d480_6463, v0xabdf8d33d480_6464;
v0xabdf8d33d480_6465 .array/port v0xabdf8d33d480, 6465;
v0xabdf8d33d480_6466 .array/port v0xabdf8d33d480, 6466;
v0xabdf8d33d480_6467 .array/port v0xabdf8d33d480, 6467;
v0xabdf8d33d480_6468 .array/port v0xabdf8d33d480, 6468;
E_0xabdf8d0ee570/1618 .event anyedge, v0xabdf8d33d480_6465, v0xabdf8d33d480_6466, v0xabdf8d33d480_6467, v0xabdf8d33d480_6468;
v0xabdf8d33d480_6469 .array/port v0xabdf8d33d480, 6469;
v0xabdf8d33d480_6470 .array/port v0xabdf8d33d480, 6470;
v0xabdf8d33d480_6471 .array/port v0xabdf8d33d480, 6471;
v0xabdf8d33d480_6472 .array/port v0xabdf8d33d480, 6472;
E_0xabdf8d0ee570/1619 .event anyedge, v0xabdf8d33d480_6469, v0xabdf8d33d480_6470, v0xabdf8d33d480_6471, v0xabdf8d33d480_6472;
v0xabdf8d33d480_6473 .array/port v0xabdf8d33d480, 6473;
v0xabdf8d33d480_6474 .array/port v0xabdf8d33d480, 6474;
v0xabdf8d33d480_6475 .array/port v0xabdf8d33d480, 6475;
v0xabdf8d33d480_6476 .array/port v0xabdf8d33d480, 6476;
E_0xabdf8d0ee570/1620 .event anyedge, v0xabdf8d33d480_6473, v0xabdf8d33d480_6474, v0xabdf8d33d480_6475, v0xabdf8d33d480_6476;
v0xabdf8d33d480_6477 .array/port v0xabdf8d33d480, 6477;
v0xabdf8d33d480_6478 .array/port v0xabdf8d33d480, 6478;
v0xabdf8d33d480_6479 .array/port v0xabdf8d33d480, 6479;
v0xabdf8d33d480_6480 .array/port v0xabdf8d33d480, 6480;
E_0xabdf8d0ee570/1621 .event anyedge, v0xabdf8d33d480_6477, v0xabdf8d33d480_6478, v0xabdf8d33d480_6479, v0xabdf8d33d480_6480;
v0xabdf8d33d480_6481 .array/port v0xabdf8d33d480, 6481;
v0xabdf8d33d480_6482 .array/port v0xabdf8d33d480, 6482;
v0xabdf8d33d480_6483 .array/port v0xabdf8d33d480, 6483;
v0xabdf8d33d480_6484 .array/port v0xabdf8d33d480, 6484;
E_0xabdf8d0ee570/1622 .event anyedge, v0xabdf8d33d480_6481, v0xabdf8d33d480_6482, v0xabdf8d33d480_6483, v0xabdf8d33d480_6484;
v0xabdf8d33d480_6485 .array/port v0xabdf8d33d480, 6485;
v0xabdf8d33d480_6486 .array/port v0xabdf8d33d480, 6486;
v0xabdf8d33d480_6487 .array/port v0xabdf8d33d480, 6487;
v0xabdf8d33d480_6488 .array/port v0xabdf8d33d480, 6488;
E_0xabdf8d0ee570/1623 .event anyedge, v0xabdf8d33d480_6485, v0xabdf8d33d480_6486, v0xabdf8d33d480_6487, v0xabdf8d33d480_6488;
v0xabdf8d33d480_6489 .array/port v0xabdf8d33d480, 6489;
v0xabdf8d33d480_6490 .array/port v0xabdf8d33d480, 6490;
v0xabdf8d33d480_6491 .array/port v0xabdf8d33d480, 6491;
v0xabdf8d33d480_6492 .array/port v0xabdf8d33d480, 6492;
E_0xabdf8d0ee570/1624 .event anyedge, v0xabdf8d33d480_6489, v0xabdf8d33d480_6490, v0xabdf8d33d480_6491, v0xabdf8d33d480_6492;
v0xabdf8d33d480_6493 .array/port v0xabdf8d33d480, 6493;
v0xabdf8d33d480_6494 .array/port v0xabdf8d33d480, 6494;
v0xabdf8d33d480_6495 .array/port v0xabdf8d33d480, 6495;
v0xabdf8d33d480_6496 .array/port v0xabdf8d33d480, 6496;
E_0xabdf8d0ee570/1625 .event anyedge, v0xabdf8d33d480_6493, v0xabdf8d33d480_6494, v0xabdf8d33d480_6495, v0xabdf8d33d480_6496;
v0xabdf8d33d480_6497 .array/port v0xabdf8d33d480, 6497;
v0xabdf8d33d480_6498 .array/port v0xabdf8d33d480, 6498;
v0xabdf8d33d480_6499 .array/port v0xabdf8d33d480, 6499;
v0xabdf8d33d480_6500 .array/port v0xabdf8d33d480, 6500;
E_0xabdf8d0ee570/1626 .event anyedge, v0xabdf8d33d480_6497, v0xabdf8d33d480_6498, v0xabdf8d33d480_6499, v0xabdf8d33d480_6500;
v0xabdf8d33d480_6501 .array/port v0xabdf8d33d480, 6501;
v0xabdf8d33d480_6502 .array/port v0xabdf8d33d480, 6502;
v0xabdf8d33d480_6503 .array/port v0xabdf8d33d480, 6503;
v0xabdf8d33d480_6504 .array/port v0xabdf8d33d480, 6504;
E_0xabdf8d0ee570/1627 .event anyedge, v0xabdf8d33d480_6501, v0xabdf8d33d480_6502, v0xabdf8d33d480_6503, v0xabdf8d33d480_6504;
v0xabdf8d33d480_6505 .array/port v0xabdf8d33d480, 6505;
v0xabdf8d33d480_6506 .array/port v0xabdf8d33d480, 6506;
v0xabdf8d33d480_6507 .array/port v0xabdf8d33d480, 6507;
v0xabdf8d33d480_6508 .array/port v0xabdf8d33d480, 6508;
E_0xabdf8d0ee570/1628 .event anyedge, v0xabdf8d33d480_6505, v0xabdf8d33d480_6506, v0xabdf8d33d480_6507, v0xabdf8d33d480_6508;
v0xabdf8d33d480_6509 .array/port v0xabdf8d33d480, 6509;
v0xabdf8d33d480_6510 .array/port v0xabdf8d33d480, 6510;
v0xabdf8d33d480_6511 .array/port v0xabdf8d33d480, 6511;
v0xabdf8d33d480_6512 .array/port v0xabdf8d33d480, 6512;
E_0xabdf8d0ee570/1629 .event anyedge, v0xabdf8d33d480_6509, v0xabdf8d33d480_6510, v0xabdf8d33d480_6511, v0xabdf8d33d480_6512;
v0xabdf8d33d480_6513 .array/port v0xabdf8d33d480, 6513;
v0xabdf8d33d480_6514 .array/port v0xabdf8d33d480, 6514;
v0xabdf8d33d480_6515 .array/port v0xabdf8d33d480, 6515;
v0xabdf8d33d480_6516 .array/port v0xabdf8d33d480, 6516;
E_0xabdf8d0ee570/1630 .event anyedge, v0xabdf8d33d480_6513, v0xabdf8d33d480_6514, v0xabdf8d33d480_6515, v0xabdf8d33d480_6516;
v0xabdf8d33d480_6517 .array/port v0xabdf8d33d480, 6517;
v0xabdf8d33d480_6518 .array/port v0xabdf8d33d480, 6518;
v0xabdf8d33d480_6519 .array/port v0xabdf8d33d480, 6519;
v0xabdf8d33d480_6520 .array/port v0xabdf8d33d480, 6520;
E_0xabdf8d0ee570/1631 .event anyedge, v0xabdf8d33d480_6517, v0xabdf8d33d480_6518, v0xabdf8d33d480_6519, v0xabdf8d33d480_6520;
v0xabdf8d33d480_6521 .array/port v0xabdf8d33d480, 6521;
v0xabdf8d33d480_6522 .array/port v0xabdf8d33d480, 6522;
v0xabdf8d33d480_6523 .array/port v0xabdf8d33d480, 6523;
v0xabdf8d33d480_6524 .array/port v0xabdf8d33d480, 6524;
E_0xabdf8d0ee570/1632 .event anyedge, v0xabdf8d33d480_6521, v0xabdf8d33d480_6522, v0xabdf8d33d480_6523, v0xabdf8d33d480_6524;
v0xabdf8d33d480_6525 .array/port v0xabdf8d33d480, 6525;
v0xabdf8d33d480_6526 .array/port v0xabdf8d33d480, 6526;
v0xabdf8d33d480_6527 .array/port v0xabdf8d33d480, 6527;
v0xabdf8d33d480_6528 .array/port v0xabdf8d33d480, 6528;
E_0xabdf8d0ee570/1633 .event anyedge, v0xabdf8d33d480_6525, v0xabdf8d33d480_6526, v0xabdf8d33d480_6527, v0xabdf8d33d480_6528;
v0xabdf8d33d480_6529 .array/port v0xabdf8d33d480, 6529;
v0xabdf8d33d480_6530 .array/port v0xabdf8d33d480, 6530;
v0xabdf8d33d480_6531 .array/port v0xabdf8d33d480, 6531;
v0xabdf8d33d480_6532 .array/port v0xabdf8d33d480, 6532;
E_0xabdf8d0ee570/1634 .event anyedge, v0xabdf8d33d480_6529, v0xabdf8d33d480_6530, v0xabdf8d33d480_6531, v0xabdf8d33d480_6532;
v0xabdf8d33d480_6533 .array/port v0xabdf8d33d480, 6533;
v0xabdf8d33d480_6534 .array/port v0xabdf8d33d480, 6534;
v0xabdf8d33d480_6535 .array/port v0xabdf8d33d480, 6535;
v0xabdf8d33d480_6536 .array/port v0xabdf8d33d480, 6536;
E_0xabdf8d0ee570/1635 .event anyedge, v0xabdf8d33d480_6533, v0xabdf8d33d480_6534, v0xabdf8d33d480_6535, v0xabdf8d33d480_6536;
v0xabdf8d33d480_6537 .array/port v0xabdf8d33d480, 6537;
v0xabdf8d33d480_6538 .array/port v0xabdf8d33d480, 6538;
v0xabdf8d33d480_6539 .array/port v0xabdf8d33d480, 6539;
v0xabdf8d33d480_6540 .array/port v0xabdf8d33d480, 6540;
E_0xabdf8d0ee570/1636 .event anyedge, v0xabdf8d33d480_6537, v0xabdf8d33d480_6538, v0xabdf8d33d480_6539, v0xabdf8d33d480_6540;
v0xabdf8d33d480_6541 .array/port v0xabdf8d33d480, 6541;
v0xabdf8d33d480_6542 .array/port v0xabdf8d33d480, 6542;
v0xabdf8d33d480_6543 .array/port v0xabdf8d33d480, 6543;
v0xabdf8d33d480_6544 .array/port v0xabdf8d33d480, 6544;
E_0xabdf8d0ee570/1637 .event anyedge, v0xabdf8d33d480_6541, v0xabdf8d33d480_6542, v0xabdf8d33d480_6543, v0xabdf8d33d480_6544;
v0xabdf8d33d480_6545 .array/port v0xabdf8d33d480, 6545;
v0xabdf8d33d480_6546 .array/port v0xabdf8d33d480, 6546;
v0xabdf8d33d480_6547 .array/port v0xabdf8d33d480, 6547;
v0xabdf8d33d480_6548 .array/port v0xabdf8d33d480, 6548;
E_0xabdf8d0ee570/1638 .event anyedge, v0xabdf8d33d480_6545, v0xabdf8d33d480_6546, v0xabdf8d33d480_6547, v0xabdf8d33d480_6548;
v0xabdf8d33d480_6549 .array/port v0xabdf8d33d480, 6549;
v0xabdf8d33d480_6550 .array/port v0xabdf8d33d480, 6550;
v0xabdf8d33d480_6551 .array/port v0xabdf8d33d480, 6551;
v0xabdf8d33d480_6552 .array/port v0xabdf8d33d480, 6552;
E_0xabdf8d0ee570/1639 .event anyedge, v0xabdf8d33d480_6549, v0xabdf8d33d480_6550, v0xabdf8d33d480_6551, v0xabdf8d33d480_6552;
v0xabdf8d33d480_6553 .array/port v0xabdf8d33d480, 6553;
v0xabdf8d33d480_6554 .array/port v0xabdf8d33d480, 6554;
v0xabdf8d33d480_6555 .array/port v0xabdf8d33d480, 6555;
v0xabdf8d33d480_6556 .array/port v0xabdf8d33d480, 6556;
E_0xabdf8d0ee570/1640 .event anyedge, v0xabdf8d33d480_6553, v0xabdf8d33d480_6554, v0xabdf8d33d480_6555, v0xabdf8d33d480_6556;
v0xabdf8d33d480_6557 .array/port v0xabdf8d33d480, 6557;
v0xabdf8d33d480_6558 .array/port v0xabdf8d33d480, 6558;
v0xabdf8d33d480_6559 .array/port v0xabdf8d33d480, 6559;
v0xabdf8d33d480_6560 .array/port v0xabdf8d33d480, 6560;
E_0xabdf8d0ee570/1641 .event anyedge, v0xabdf8d33d480_6557, v0xabdf8d33d480_6558, v0xabdf8d33d480_6559, v0xabdf8d33d480_6560;
v0xabdf8d33d480_6561 .array/port v0xabdf8d33d480, 6561;
v0xabdf8d33d480_6562 .array/port v0xabdf8d33d480, 6562;
v0xabdf8d33d480_6563 .array/port v0xabdf8d33d480, 6563;
v0xabdf8d33d480_6564 .array/port v0xabdf8d33d480, 6564;
E_0xabdf8d0ee570/1642 .event anyedge, v0xabdf8d33d480_6561, v0xabdf8d33d480_6562, v0xabdf8d33d480_6563, v0xabdf8d33d480_6564;
v0xabdf8d33d480_6565 .array/port v0xabdf8d33d480, 6565;
v0xabdf8d33d480_6566 .array/port v0xabdf8d33d480, 6566;
v0xabdf8d33d480_6567 .array/port v0xabdf8d33d480, 6567;
v0xabdf8d33d480_6568 .array/port v0xabdf8d33d480, 6568;
E_0xabdf8d0ee570/1643 .event anyedge, v0xabdf8d33d480_6565, v0xabdf8d33d480_6566, v0xabdf8d33d480_6567, v0xabdf8d33d480_6568;
v0xabdf8d33d480_6569 .array/port v0xabdf8d33d480, 6569;
v0xabdf8d33d480_6570 .array/port v0xabdf8d33d480, 6570;
v0xabdf8d33d480_6571 .array/port v0xabdf8d33d480, 6571;
v0xabdf8d33d480_6572 .array/port v0xabdf8d33d480, 6572;
E_0xabdf8d0ee570/1644 .event anyedge, v0xabdf8d33d480_6569, v0xabdf8d33d480_6570, v0xabdf8d33d480_6571, v0xabdf8d33d480_6572;
v0xabdf8d33d480_6573 .array/port v0xabdf8d33d480, 6573;
v0xabdf8d33d480_6574 .array/port v0xabdf8d33d480, 6574;
v0xabdf8d33d480_6575 .array/port v0xabdf8d33d480, 6575;
v0xabdf8d33d480_6576 .array/port v0xabdf8d33d480, 6576;
E_0xabdf8d0ee570/1645 .event anyedge, v0xabdf8d33d480_6573, v0xabdf8d33d480_6574, v0xabdf8d33d480_6575, v0xabdf8d33d480_6576;
v0xabdf8d33d480_6577 .array/port v0xabdf8d33d480, 6577;
v0xabdf8d33d480_6578 .array/port v0xabdf8d33d480, 6578;
v0xabdf8d33d480_6579 .array/port v0xabdf8d33d480, 6579;
v0xabdf8d33d480_6580 .array/port v0xabdf8d33d480, 6580;
E_0xabdf8d0ee570/1646 .event anyedge, v0xabdf8d33d480_6577, v0xabdf8d33d480_6578, v0xabdf8d33d480_6579, v0xabdf8d33d480_6580;
v0xabdf8d33d480_6581 .array/port v0xabdf8d33d480, 6581;
v0xabdf8d33d480_6582 .array/port v0xabdf8d33d480, 6582;
v0xabdf8d33d480_6583 .array/port v0xabdf8d33d480, 6583;
v0xabdf8d33d480_6584 .array/port v0xabdf8d33d480, 6584;
E_0xabdf8d0ee570/1647 .event anyedge, v0xabdf8d33d480_6581, v0xabdf8d33d480_6582, v0xabdf8d33d480_6583, v0xabdf8d33d480_6584;
v0xabdf8d33d480_6585 .array/port v0xabdf8d33d480, 6585;
v0xabdf8d33d480_6586 .array/port v0xabdf8d33d480, 6586;
v0xabdf8d33d480_6587 .array/port v0xabdf8d33d480, 6587;
v0xabdf8d33d480_6588 .array/port v0xabdf8d33d480, 6588;
E_0xabdf8d0ee570/1648 .event anyedge, v0xabdf8d33d480_6585, v0xabdf8d33d480_6586, v0xabdf8d33d480_6587, v0xabdf8d33d480_6588;
v0xabdf8d33d480_6589 .array/port v0xabdf8d33d480, 6589;
v0xabdf8d33d480_6590 .array/port v0xabdf8d33d480, 6590;
v0xabdf8d33d480_6591 .array/port v0xabdf8d33d480, 6591;
v0xabdf8d33d480_6592 .array/port v0xabdf8d33d480, 6592;
E_0xabdf8d0ee570/1649 .event anyedge, v0xabdf8d33d480_6589, v0xabdf8d33d480_6590, v0xabdf8d33d480_6591, v0xabdf8d33d480_6592;
v0xabdf8d33d480_6593 .array/port v0xabdf8d33d480, 6593;
v0xabdf8d33d480_6594 .array/port v0xabdf8d33d480, 6594;
v0xabdf8d33d480_6595 .array/port v0xabdf8d33d480, 6595;
v0xabdf8d33d480_6596 .array/port v0xabdf8d33d480, 6596;
E_0xabdf8d0ee570/1650 .event anyedge, v0xabdf8d33d480_6593, v0xabdf8d33d480_6594, v0xabdf8d33d480_6595, v0xabdf8d33d480_6596;
v0xabdf8d33d480_6597 .array/port v0xabdf8d33d480, 6597;
v0xabdf8d33d480_6598 .array/port v0xabdf8d33d480, 6598;
v0xabdf8d33d480_6599 .array/port v0xabdf8d33d480, 6599;
v0xabdf8d33d480_6600 .array/port v0xabdf8d33d480, 6600;
E_0xabdf8d0ee570/1651 .event anyedge, v0xabdf8d33d480_6597, v0xabdf8d33d480_6598, v0xabdf8d33d480_6599, v0xabdf8d33d480_6600;
v0xabdf8d33d480_6601 .array/port v0xabdf8d33d480, 6601;
v0xabdf8d33d480_6602 .array/port v0xabdf8d33d480, 6602;
v0xabdf8d33d480_6603 .array/port v0xabdf8d33d480, 6603;
v0xabdf8d33d480_6604 .array/port v0xabdf8d33d480, 6604;
E_0xabdf8d0ee570/1652 .event anyedge, v0xabdf8d33d480_6601, v0xabdf8d33d480_6602, v0xabdf8d33d480_6603, v0xabdf8d33d480_6604;
v0xabdf8d33d480_6605 .array/port v0xabdf8d33d480, 6605;
v0xabdf8d33d480_6606 .array/port v0xabdf8d33d480, 6606;
v0xabdf8d33d480_6607 .array/port v0xabdf8d33d480, 6607;
v0xabdf8d33d480_6608 .array/port v0xabdf8d33d480, 6608;
E_0xabdf8d0ee570/1653 .event anyedge, v0xabdf8d33d480_6605, v0xabdf8d33d480_6606, v0xabdf8d33d480_6607, v0xabdf8d33d480_6608;
v0xabdf8d33d480_6609 .array/port v0xabdf8d33d480, 6609;
v0xabdf8d33d480_6610 .array/port v0xabdf8d33d480, 6610;
v0xabdf8d33d480_6611 .array/port v0xabdf8d33d480, 6611;
v0xabdf8d33d480_6612 .array/port v0xabdf8d33d480, 6612;
E_0xabdf8d0ee570/1654 .event anyedge, v0xabdf8d33d480_6609, v0xabdf8d33d480_6610, v0xabdf8d33d480_6611, v0xabdf8d33d480_6612;
v0xabdf8d33d480_6613 .array/port v0xabdf8d33d480, 6613;
v0xabdf8d33d480_6614 .array/port v0xabdf8d33d480, 6614;
v0xabdf8d33d480_6615 .array/port v0xabdf8d33d480, 6615;
v0xabdf8d33d480_6616 .array/port v0xabdf8d33d480, 6616;
E_0xabdf8d0ee570/1655 .event anyedge, v0xabdf8d33d480_6613, v0xabdf8d33d480_6614, v0xabdf8d33d480_6615, v0xabdf8d33d480_6616;
v0xabdf8d33d480_6617 .array/port v0xabdf8d33d480, 6617;
v0xabdf8d33d480_6618 .array/port v0xabdf8d33d480, 6618;
v0xabdf8d33d480_6619 .array/port v0xabdf8d33d480, 6619;
v0xabdf8d33d480_6620 .array/port v0xabdf8d33d480, 6620;
E_0xabdf8d0ee570/1656 .event anyedge, v0xabdf8d33d480_6617, v0xabdf8d33d480_6618, v0xabdf8d33d480_6619, v0xabdf8d33d480_6620;
v0xabdf8d33d480_6621 .array/port v0xabdf8d33d480, 6621;
v0xabdf8d33d480_6622 .array/port v0xabdf8d33d480, 6622;
v0xabdf8d33d480_6623 .array/port v0xabdf8d33d480, 6623;
v0xabdf8d33d480_6624 .array/port v0xabdf8d33d480, 6624;
E_0xabdf8d0ee570/1657 .event anyedge, v0xabdf8d33d480_6621, v0xabdf8d33d480_6622, v0xabdf8d33d480_6623, v0xabdf8d33d480_6624;
v0xabdf8d33d480_6625 .array/port v0xabdf8d33d480, 6625;
v0xabdf8d33d480_6626 .array/port v0xabdf8d33d480, 6626;
v0xabdf8d33d480_6627 .array/port v0xabdf8d33d480, 6627;
v0xabdf8d33d480_6628 .array/port v0xabdf8d33d480, 6628;
E_0xabdf8d0ee570/1658 .event anyedge, v0xabdf8d33d480_6625, v0xabdf8d33d480_6626, v0xabdf8d33d480_6627, v0xabdf8d33d480_6628;
v0xabdf8d33d480_6629 .array/port v0xabdf8d33d480, 6629;
v0xabdf8d33d480_6630 .array/port v0xabdf8d33d480, 6630;
v0xabdf8d33d480_6631 .array/port v0xabdf8d33d480, 6631;
v0xabdf8d33d480_6632 .array/port v0xabdf8d33d480, 6632;
E_0xabdf8d0ee570/1659 .event anyedge, v0xabdf8d33d480_6629, v0xabdf8d33d480_6630, v0xabdf8d33d480_6631, v0xabdf8d33d480_6632;
v0xabdf8d33d480_6633 .array/port v0xabdf8d33d480, 6633;
v0xabdf8d33d480_6634 .array/port v0xabdf8d33d480, 6634;
v0xabdf8d33d480_6635 .array/port v0xabdf8d33d480, 6635;
v0xabdf8d33d480_6636 .array/port v0xabdf8d33d480, 6636;
E_0xabdf8d0ee570/1660 .event anyedge, v0xabdf8d33d480_6633, v0xabdf8d33d480_6634, v0xabdf8d33d480_6635, v0xabdf8d33d480_6636;
v0xabdf8d33d480_6637 .array/port v0xabdf8d33d480, 6637;
v0xabdf8d33d480_6638 .array/port v0xabdf8d33d480, 6638;
v0xabdf8d33d480_6639 .array/port v0xabdf8d33d480, 6639;
v0xabdf8d33d480_6640 .array/port v0xabdf8d33d480, 6640;
E_0xabdf8d0ee570/1661 .event anyedge, v0xabdf8d33d480_6637, v0xabdf8d33d480_6638, v0xabdf8d33d480_6639, v0xabdf8d33d480_6640;
v0xabdf8d33d480_6641 .array/port v0xabdf8d33d480, 6641;
v0xabdf8d33d480_6642 .array/port v0xabdf8d33d480, 6642;
v0xabdf8d33d480_6643 .array/port v0xabdf8d33d480, 6643;
v0xabdf8d33d480_6644 .array/port v0xabdf8d33d480, 6644;
E_0xabdf8d0ee570/1662 .event anyedge, v0xabdf8d33d480_6641, v0xabdf8d33d480_6642, v0xabdf8d33d480_6643, v0xabdf8d33d480_6644;
v0xabdf8d33d480_6645 .array/port v0xabdf8d33d480, 6645;
v0xabdf8d33d480_6646 .array/port v0xabdf8d33d480, 6646;
v0xabdf8d33d480_6647 .array/port v0xabdf8d33d480, 6647;
v0xabdf8d33d480_6648 .array/port v0xabdf8d33d480, 6648;
E_0xabdf8d0ee570/1663 .event anyedge, v0xabdf8d33d480_6645, v0xabdf8d33d480_6646, v0xabdf8d33d480_6647, v0xabdf8d33d480_6648;
v0xabdf8d33d480_6649 .array/port v0xabdf8d33d480, 6649;
v0xabdf8d33d480_6650 .array/port v0xabdf8d33d480, 6650;
v0xabdf8d33d480_6651 .array/port v0xabdf8d33d480, 6651;
v0xabdf8d33d480_6652 .array/port v0xabdf8d33d480, 6652;
E_0xabdf8d0ee570/1664 .event anyedge, v0xabdf8d33d480_6649, v0xabdf8d33d480_6650, v0xabdf8d33d480_6651, v0xabdf8d33d480_6652;
v0xabdf8d33d480_6653 .array/port v0xabdf8d33d480, 6653;
v0xabdf8d33d480_6654 .array/port v0xabdf8d33d480, 6654;
v0xabdf8d33d480_6655 .array/port v0xabdf8d33d480, 6655;
v0xabdf8d33d480_6656 .array/port v0xabdf8d33d480, 6656;
E_0xabdf8d0ee570/1665 .event anyedge, v0xabdf8d33d480_6653, v0xabdf8d33d480_6654, v0xabdf8d33d480_6655, v0xabdf8d33d480_6656;
v0xabdf8d33d480_6657 .array/port v0xabdf8d33d480, 6657;
v0xabdf8d33d480_6658 .array/port v0xabdf8d33d480, 6658;
v0xabdf8d33d480_6659 .array/port v0xabdf8d33d480, 6659;
v0xabdf8d33d480_6660 .array/port v0xabdf8d33d480, 6660;
E_0xabdf8d0ee570/1666 .event anyedge, v0xabdf8d33d480_6657, v0xabdf8d33d480_6658, v0xabdf8d33d480_6659, v0xabdf8d33d480_6660;
v0xabdf8d33d480_6661 .array/port v0xabdf8d33d480, 6661;
v0xabdf8d33d480_6662 .array/port v0xabdf8d33d480, 6662;
v0xabdf8d33d480_6663 .array/port v0xabdf8d33d480, 6663;
v0xabdf8d33d480_6664 .array/port v0xabdf8d33d480, 6664;
E_0xabdf8d0ee570/1667 .event anyedge, v0xabdf8d33d480_6661, v0xabdf8d33d480_6662, v0xabdf8d33d480_6663, v0xabdf8d33d480_6664;
v0xabdf8d33d480_6665 .array/port v0xabdf8d33d480, 6665;
v0xabdf8d33d480_6666 .array/port v0xabdf8d33d480, 6666;
v0xabdf8d33d480_6667 .array/port v0xabdf8d33d480, 6667;
v0xabdf8d33d480_6668 .array/port v0xabdf8d33d480, 6668;
E_0xabdf8d0ee570/1668 .event anyedge, v0xabdf8d33d480_6665, v0xabdf8d33d480_6666, v0xabdf8d33d480_6667, v0xabdf8d33d480_6668;
v0xabdf8d33d480_6669 .array/port v0xabdf8d33d480, 6669;
v0xabdf8d33d480_6670 .array/port v0xabdf8d33d480, 6670;
v0xabdf8d33d480_6671 .array/port v0xabdf8d33d480, 6671;
v0xabdf8d33d480_6672 .array/port v0xabdf8d33d480, 6672;
E_0xabdf8d0ee570/1669 .event anyedge, v0xabdf8d33d480_6669, v0xabdf8d33d480_6670, v0xabdf8d33d480_6671, v0xabdf8d33d480_6672;
v0xabdf8d33d480_6673 .array/port v0xabdf8d33d480, 6673;
v0xabdf8d33d480_6674 .array/port v0xabdf8d33d480, 6674;
v0xabdf8d33d480_6675 .array/port v0xabdf8d33d480, 6675;
v0xabdf8d33d480_6676 .array/port v0xabdf8d33d480, 6676;
E_0xabdf8d0ee570/1670 .event anyedge, v0xabdf8d33d480_6673, v0xabdf8d33d480_6674, v0xabdf8d33d480_6675, v0xabdf8d33d480_6676;
v0xabdf8d33d480_6677 .array/port v0xabdf8d33d480, 6677;
v0xabdf8d33d480_6678 .array/port v0xabdf8d33d480, 6678;
v0xabdf8d33d480_6679 .array/port v0xabdf8d33d480, 6679;
v0xabdf8d33d480_6680 .array/port v0xabdf8d33d480, 6680;
E_0xabdf8d0ee570/1671 .event anyedge, v0xabdf8d33d480_6677, v0xabdf8d33d480_6678, v0xabdf8d33d480_6679, v0xabdf8d33d480_6680;
v0xabdf8d33d480_6681 .array/port v0xabdf8d33d480, 6681;
v0xabdf8d33d480_6682 .array/port v0xabdf8d33d480, 6682;
v0xabdf8d33d480_6683 .array/port v0xabdf8d33d480, 6683;
v0xabdf8d33d480_6684 .array/port v0xabdf8d33d480, 6684;
E_0xabdf8d0ee570/1672 .event anyedge, v0xabdf8d33d480_6681, v0xabdf8d33d480_6682, v0xabdf8d33d480_6683, v0xabdf8d33d480_6684;
v0xabdf8d33d480_6685 .array/port v0xabdf8d33d480, 6685;
v0xabdf8d33d480_6686 .array/port v0xabdf8d33d480, 6686;
v0xabdf8d33d480_6687 .array/port v0xabdf8d33d480, 6687;
v0xabdf8d33d480_6688 .array/port v0xabdf8d33d480, 6688;
E_0xabdf8d0ee570/1673 .event anyedge, v0xabdf8d33d480_6685, v0xabdf8d33d480_6686, v0xabdf8d33d480_6687, v0xabdf8d33d480_6688;
v0xabdf8d33d480_6689 .array/port v0xabdf8d33d480, 6689;
v0xabdf8d33d480_6690 .array/port v0xabdf8d33d480, 6690;
v0xabdf8d33d480_6691 .array/port v0xabdf8d33d480, 6691;
v0xabdf8d33d480_6692 .array/port v0xabdf8d33d480, 6692;
E_0xabdf8d0ee570/1674 .event anyedge, v0xabdf8d33d480_6689, v0xabdf8d33d480_6690, v0xabdf8d33d480_6691, v0xabdf8d33d480_6692;
v0xabdf8d33d480_6693 .array/port v0xabdf8d33d480, 6693;
v0xabdf8d33d480_6694 .array/port v0xabdf8d33d480, 6694;
v0xabdf8d33d480_6695 .array/port v0xabdf8d33d480, 6695;
v0xabdf8d33d480_6696 .array/port v0xabdf8d33d480, 6696;
E_0xabdf8d0ee570/1675 .event anyedge, v0xabdf8d33d480_6693, v0xabdf8d33d480_6694, v0xabdf8d33d480_6695, v0xabdf8d33d480_6696;
v0xabdf8d33d480_6697 .array/port v0xabdf8d33d480, 6697;
v0xabdf8d33d480_6698 .array/port v0xabdf8d33d480, 6698;
v0xabdf8d33d480_6699 .array/port v0xabdf8d33d480, 6699;
v0xabdf8d33d480_6700 .array/port v0xabdf8d33d480, 6700;
E_0xabdf8d0ee570/1676 .event anyedge, v0xabdf8d33d480_6697, v0xabdf8d33d480_6698, v0xabdf8d33d480_6699, v0xabdf8d33d480_6700;
v0xabdf8d33d480_6701 .array/port v0xabdf8d33d480, 6701;
v0xabdf8d33d480_6702 .array/port v0xabdf8d33d480, 6702;
v0xabdf8d33d480_6703 .array/port v0xabdf8d33d480, 6703;
v0xabdf8d33d480_6704 .array/port v0xabdf8d33d480, 6704;
E_0xabdf8d0ee570/1677 .event anyedge, v0xabdf8d33d480_6701, v0xabdf8d33d480_6702, v0xabdf8d33d480_6703, v0xabdf8d33d480_6704;
v0xabdf8d33d480_6705 .array/port v0xabdf8d33d480, 6705;
v0xabdf8d33d480_6706 .array/port v0xabdf8d33d480, 6706;
v0xabdf8d33d480_6707 .array/port v0xabdf8d33d480, 6707;
v0xabdf8d33d480_6708 .array/port v0xabdf8d33d480, 6708;
E_0xabdf8d0ee570/1678 .event anyedge, v0xabdf8d33d480_6705, v0xabdf8d33d480_6706, v0xabdf8d33d480_6707, v0xabdf8d33d480_6708;
v0xabdf8d33d480_6709 .array/port v0xabdf8d33d480, 6709;
v0xabdf8d33d480_6710 .array/port v0xabdf8d33d480, 6710;
v0xabdf8d33d480_6711 .array/port v0xabdf8d33d480, 6711;
v0xabdf8d33d480_6712 .array/port v0xabdf8d33d480, 6712;
E_0xabdf8d0ee570/1679 .event anyedge, v0xabdf8d33d480_6709, v0xabdf8d33d480_6710, v0xabdf8d33d480_6711, v0xabdf8d33d480_6712;
v0xabdf8d33d480_6713 .array/port v0xabdf8d33d480, 6713;
v0xabdf8d33d480_6714 .array/port v0xabdf8d33d480, 6714;
v0xabdf8d33d480_6715 .array/port v0xabdf8d33d480, 6715;
v0xabdf8d33d480_6716 .array/port v0xabdf8d33d480, 6716;
E_0xabdf8d0ee570/1680 .event anyedge, v0xabdf8d33d480_6713, v0xabdf8d33d480_6714, v0xabdf8d33d480_6715, v0xabdf8d33d480_6716;
v0xabdf8d33d480_6717 .array/port v0xabdf8d33d480, 6717;
v0xabdf8d33d480_6718 .array/port v0xabdf8d33d480, 6718;
v0xabdf8d33d480_6719 .array/port v0xabdf8d33d480, 6719;
v0xabdf8d33d480_6720 .array/port v0xabdf8d33d480, 6720;
E_0xabdf8d0ee570/1681 .event anyedge, v0xabdf8d33d480_6717, v0xabdf8d33d480_6718, v0xabdf8d33d480_6719, v0xabdf8d33d480_6720;
v0xabdf8d33d480_6721 .array/port v0xabdf8d33d480, 6721;
v0xabdf8d33d480_6722 .array/port v0xabdf8d33d480, 6722;
v0xabdf8d33d480_6723 .array/port v0xabdf8d33d480, 6723;
v0xabdf8d33d480_6724 .array/port v0xabdf8d33d480, 6724;
E_0xabdf8d0ee570/1682 .event anyedge, v0xabdf8d33d480_6721, v0xabdf8d33d480_6722, v0xabdf8d33d480_6723, v0xabdf8d33d480_6724;
v0xabdf8d33d480_6725 .array/port v0xabdf8d33d480, 6725;
v0xabdf8d33d480_6726 .array/port v0xabdf8d33d480, 6726;
v0xabdf8d33d480_6727 .array/port v0xabdf8d33d480, 6727;
v0xabdf8d33d480_6728 .array/port v0xabdf8d33d480, 6728;
E_0xabdf8d0ee570/1683 .event anyedge, v0xabdf8d33d480_6725, v0xabdf8d33d480_6726, v0xabdf8d33d480_6727, v0xabdf8d33d480_6728;
v0xabdf8d33d480_6729 .array/port v0xabdf8d33d480, 6729;
v0xabdf8d33d480_6730 .array/port v0xabdf8d33d480, 6730;
v0xabdf8d33d480_6731 .array/port v0xabdf8d33d480, 6731;
v0xabdf8d33d480_6732 .array/port v0xabdf8d33d480, 6732;
E_0xabdf8d0ee570/1684 .event anyedge, v0xabdf8d33d480_6729, v0xabdf8d33d480_6730, v0xabdf8d33d480_6731, v0xabdf8d33d480_6732;
v0xabdf8d33d480_6733 .array/port v0xabdf8d33d480, 6733;
v0xabdf8d33d480_6734 .array/port v0xabdf8d33d480, 6734;
v0xabdf8d33d480_6735 .array/port v0xabdf8d33d480, 6735;
v0xabdf8d33d480_6736 .array/port v0xabdf8d33d480, 6736;
E_0xabdf8d0ee570/1685 .event anyedge, v0xabdf8d33d480_6733, v0xabdf8d33d480_6734, v0xabdf8d33d480_6735, v0xabdf8d33d480_6736;
v0xabdf8d33d480_6737 .array/port v0xabdf8d33d480, 6737;
v0xabdf8d33d480_6738 .array/port v0xabdf8d33d480, 6738;
v0xabdf8d33d480_6739 .array/port v0xabdf8d33d480, 6739;
v0xabdf8d33d480_6740 .array/port v0xabdf8d33d480, 6740;
E_0xabdf8d0ee570/1686 .event anyedge, v0xabdf8d33d480_6737, v0xabdf8d33d480_6738, v0xabdf8d33d480_6739, v0xabdf8d33d480_6740;
v0xabdf8d33d480_6741 .array/port v0xabdf8d33d480, 6741;
v0xabdf8d33d480_6742 .array/port v0xabdf8d33d480, 6742;
v0xabdf8d33d480_6743 .array/port v0xabdf8d33d480, 6743;
v0xabdf8d33d480_6744 .array/port v0xabdf8d33d480, 6744;
E_0xabdf8d0ee570/1687 .event anyedge, v0xabdf8d33d480_6741, v0xabdf8d33d480_6742, v0xabdf8d33d480_6743, v0xabdf8d33d480_6744;
v0xabdf8d33d480_6745 .array/port v0xabdf8d33d480, 6745;
v0xabdf8d33d480_6746 .array/port v0xabdf8d33d480, 6746;
v0xabdf8d33d480_6747 .array/port v0xabdf8d33d480, 6747;
v0xabdf8d33d480_6748 .array/port v0xabdf8d33d480, 6748;
E_0xabdf8d0ee570/1688 .event anyedge, v0xabdf8d33d480_6745, v0xabdf8d33d480_6746, v0xabdf8d33d480_6747, v0xabdf8d33d480_6748;
v0xabdf8d33d480_6749 .array/port v0xabdf8d33d480, 6749;
v0xabdf8d33d480_6750 .array/port v0xabdf8d33d480, 6750;
v0xabdf8d33d480_6751 .array/port v0xabdf8d33d480, 6751;
v0xabdf8d33d480_6752 .array/port v0xabdf8d33d480, 6752;
E_0xabdf8d0ee570/1689 .event anyedge, v0xabdf8d33d480_6749, v0xabdf8d33d480_6750, v0xabdf8d33d480_6751, v0xabdf8d33d480_6752;
v0xabdf8d33d480_6753 .array/port v0xabdf8d33d480, 6753;
v0xabdf8d33d480_6754 .array/port v0xabdf8d33d480, 6754;
v0xabdf8d33d480_6755 .array/port v0xabdf8d33d480, 6755;
v0xabdf8d33d480_6756 .array/port v0xabdf8d33d480, 6756;
E_0xabdf8d0ee570/1690 .event anyedge, v0xabdf8d33d480_6753, v0xabdf8d33d480_6754, v0xabdf8d33d480_6755, v0xabdf8d33d480_6756;
v0xabdf8d33d480_6757 .array/port v0xabdf8d33d480, 6757;
v0xabdf8d33d480_6758 .array/port v0xabdf8d33d480, 6758;
v0xabdf8d33d480_6759 .array/port v0xabdf8d33d480, 6759;
v0xabdf8d33d480_6760 .array/port v0xabdf8d33d480, 6760;
E_0xabdf8d0ee570/1691 .event anyedge, v0xabdf8d33d480_6757, v0xabdf8d33d480_6758, v0xabdf8d33d480_6759, v0xabdf8d33d480_6760;
v0xabdf8d33d480_6761 .array/port v0xabdf8d33d480, 6761;
v0xabdf8d33d480_6762 .array/port v0xabdf8d33d480, 6762;
v0xabdf8d33d480_6763 .array/port v0xabdf8d33d480, 6763;
v0xabdf8d33d480_6764 .array/port v0xabdf8d33d480, 6764;
E_0xabdf8d0ee570/1692 .event anyedge, v0xabdf8d33d480_6761, v0xabdf8d33d480_6762, v0xabdf8d33d480_6763, v0xabdf8d33d480_6764;
v0xabdf8d33d480_6765 .array/port v0xabdf8d33d480, 6765;
v0xabdf8d33d480_6766 .array/port v0xabdf8d33d480, 6766;
v0xabdf8d33d480_6767 .array/port v0xabdf8d33d480, 6767;
v0xabdf8d33d480_6768 .array/port v0xabdf8d33d480, 6768;
E_0xabdf8d0ee570/1693 .event anyedge, v0xabdf8d33d480_6765, v0xabdf8d33d480_6766, v0xabdf8d33d480_6767, v0xabdf8d33d480_6768;
v0xabdf8d33d480_6769 .array/port v0xabdf8d33d480, 6769;
v0xabdf8d33d480_6770 .array/port v0xabdf8d33d480, 6770;
v0xabdf8d33d480_6771 .array/port v0xabdf8d33d480, 6771;
v0xabdf8d33d480_6772 .array/port v0xabdf8d33d480, 6772;
E_0xabdf8d0ee570/1694 .event anyedge, v0xabdf8d33d480_6769, v0xabdf8d33d480_6770, v0xabdf8d33d480_6771, v0xabdf8d33d480_6772;
v0xabdf8d33d480_6773 .array/port v0xabdf8d33d480, 6773;
v0xabdf8d33d480_6774 .array/port v0xabdf8d33d480, 6774;
v0xabdf8d33d480_6775 .array/port v0xabdf8d33d480, 6775;
v0xabdf8d33d480_6776 .array/port v0xabdf8d33d480, 6776;
E_0xabdf8d0ee570/1695 .event anyedge, v0xabdf8d33d480_6773, v0xabdf8d33d480_6774, v0xabdf8d33d480_6775, v0xabdf8d33d480_6776;
v0xabdf8d33d480_6777 .array/port v0xabdf8d33d480, 6777;
v0xabdf8d33d480_6778 .array/port v0xabdf8d33d480, 6778;
v0xabdf8d33d480_6779 .array/port v0xabdf8d33d480, 6779;
v0xabdf8d33d480_6780 .array/port v0xabdf8d33d480, 6780;
E_0xabdf8d0ee570/1696 .event anyedge, v0xabdf8d33d480_6777, v0xabdf8d33d480_6778, v0xabdf8d33d480_6779, v0xabdf8d33d480_6780;
v0xabdf8d33d480_6781 .array/port v0xabdf8d33d480, 6781;
v0xabdf8d33d480_6782 .array/port v0xabdf8d33d480, 6782;
v0xabdf8d33d480_6783 .array/port v0xabdf8d33d480, 6783;
v0xabdf8d33d480_6784 .array/port v0xabdf8d33d480, 6784;
E_0xabdf8d0ee570/1697 .event anyedge, v0xabdf8d33d480_6781, v0xabdf8d33d480_6782, v0xabdf8d33d480_6783, v0xabdf8d33d480_6784;
v0xabdf8d33d480_6785 .array/port v0xabdf8d33d480, 6785;
v0xabdf8d33d480_6786 .array/port v0xabdf8d33d480, 6786;
v0xabdf8d33d480_6787 .array/port v0xabdf8d33d480, 6787;
v0xabdf8d33d480_6788 .array/port v0xabdf8d33d480, 6788;
E_0xabdf8d0ee570/1698 .event anyedge, v0xabdf8d33d480_6785, v0xabdf8d33d480_6786, v0xabdf8d33d480_6787, v0xabdf8d33d480_6788;
v0xabdf8d33d480_6789 .array/port v0xabdf8d33d480, 6789;
v0xabdf8d33d480_6790 .array/port v0xabdf8d33d480, 6790;
v0xabdf8d33d480_6791 .array/port v0xabdf8d33d480, 6791;
v0xabdf8d33d480_6792 .array/port v0xabdf8d33d480, 6792;
E_0xabdf8d0ee570/1699 .event anyedge, v0xabdf8d33d480_6789, v0xabdf8d33d480_6790, v0xabdf8d33d480_6791, v0xabdf8d33d480_6792;
v0xabdf8d33d480_6793 .array/port v0xabdf8d33d480, 6793;
v0xabdf8d33d480_6794 .array/port v0xabdf8d33d480, 6794;
v0xabdf8d33d480_6795 .array/port v0xabdf8d33d480, 6795;
v0xabdf8d33d480_6796 .array/port v0xabdf8d33d480, 6796;
E_0xabdf8d0ee570/1700 .event anyedge, v0xabdf8d33d480_6793, v0xabdf8d33d480_6794, v0xabdf8d33d480_6795, v0xabdf8d33d480_6796;
v0xabdf8d33d480_6797 .array/port v0xabdf8d33d480, 6797;
v0xabdf8d33d480_6798 .array/port v0xabdf8d33d480, 6798;
v0xabdf8d33d480_6799 .array/port v0xabdf8d33d480, 6799;
v0xabdf8d33d480_6800 .array/port v0xabdf8d33d480, 6800;
E_0xabdf8d0ee570/1701 .event anyedge, v0xabdf8d33d480_6797, v0xabdf8d33d480_6798, v0xabdf8d33d480_6799, v0xabdf8d33d480_6800;
v0xabdf8d33d480_6801 .array/port v0xabdf8d33d480, 6801;
v0xabdf8d33d480_6802 .array/port v0xabdf8d33d480, 6802;
v0xabdf8d33d480_6803 .array/port v0xabdf8d33d480, 6803;
v0xabdf8d33d480_6804 .array/port v0xabdf8d33d480, 6804;
E_0xabdf8d0ee570/1702 .event anyedge, v0xabdf8d33d480_6801, v0xabdf8d33d480_6802, v0xabdf8d33d480_6803, v0xabdf8d33d480_6804;
v0xabdf8d33d480_6805 .array/port v0xabdf8d33d480, 6805;
v0xabdf8d33d480_6806 .array/port v0xabdf8d33d480, 6806;
v0xabdf8d33d480_6807 .array/port v0xabdf8d33d480, 6807;
v0xabdf8d33d480_6808 .array/port v0xabdf8d33d480, 6808;
E_0xabdf8d0ee570/1703 .event anyedge, v0xabdf8d33d480_6805, v0xabdf8d33d480_6806, v0xabdf8d33d480_6807, v0xabdf8d33d480_6808;
v0xabdf8d33d480_6809 .array/port v0xabdf8d33d480, 6809;
v0xabdf8d33d480_6810 .array/port v0xabdf8d33d480, 6810;
v0xabdf8d33d480_6811 .array/port v0xabdf8d33d480, 6811;
v0xabdf8d33d480_6812 .array/port v0xabdf8d33d480, 6812;
E_0xabdf8d0ee570/1704 .event anyedge, v0xabdf8d33d480_6809, v0xabdf8d33d480_6810, v0xabdf8d33d480_6811, v0xabdf8d33d480_6812;
v0xabdf8d33d480_6813 .array/port v0xabdf8d33d480, 6813;
v0xabdf8d33d480_6814 .array/port v0xabdf8d33d480, 6814;
v0xabdf8d33d480_6815 .array/port v0xabdf8d33d480, 6815;
v0xabdf8d33d480_6816 .array/port v0xabdf8d33d480, 6816;
E_0xabdf8d0ee570/1705 .event anyedge, v0xabdf8d33d480_6813, v0xabdf8d33d480_6814, v0xabdf8d33d480_6815, v0xabdf8d33d480_6816;
v0xabdf8d33d480_6817 .array/port v0xabdf8d33d480, 6817;
v0xabdf8d33d480_6818 .array/port v0xabdf8d33d480, 6818;
v0xabdf8d33d480_6819 .array/port v0xabdf8d33d480, 6819;
v0xabdf8d33d480_6820 .array/port v0xabdf8d33d480, 6820;
E_0xabdf8d0ee570/1706 .event anyedge, v0xabdf8d33d480_6817, v0xabdf8d33d480_6818, v0xabdf8d33d480_6819, v0xabdf8d33d480_6820;
v0xabdf8d33d480_6821 .array/port v0xabdf8d33d480, 6821;
v0xabdf8d33d480_6822 .array/port v0xabdf8d33d480, 6822;
v0xabdf8d33d480_6823 .array/port v0xabdf8d33d480, 6823;
v0xabdf8d33d480_6824 .array/port v0xabdf8d33d480, 6824;
E_0xabdf8d0ee570/1707 .event anyedge, v0xabdf8d33d480_6821, v0xabdf8d33d480_6822, v0xabdf8d33d480_6823, v0xabdf8d33d480_6824;
v0xabdf8d33d480_6825 .array/port v0xabdf8d33d480, 6825;
v0xabdf8d33d480_6826 .array/port v0xabdf8d33d480, 6826;
v0xabdf8d33d480_6827 .array/port v0xabdf8d33d480, 6827;
v0xabdf8d33d480_6828 .array/port v0xabdf8d33d480, 6828;
E_0xabdf8d0ee570/1708 .event anyedge, v0xabdf8d33d480_6825, v0xabdf8d33d480_6826, v0xabdf8d33d480_6827, v0xabdf8d33d480_6828;
v0xabdf8d33d480_6829 .array/port v0xabdf8d33d480, 6829;
v0xabdf8d33d480_6830 .array/port v0xabdf8d33d480, 6830;
v0xabdf8d33d480_6831 .array/port v0xabdf8d33d480, 6831;
v0xabdf8d33d480_6832 .array/port v0xabdf8d33d480, 6832;
E_0xabdf8d0ee570/1709 .event anyedge, v0xabdf8d33d480_6829, v0xabdf8d33d480_6830, v0xabdf8d33d480_6831, v0xabdf8d33d480_6832;
v0xabdf8d33d480_6833 .array/port v0xabdf8d33d480, 6833;
v0xabdf8d33d480_6834 .array/port v0xabdf8d33d480, 6834;
v0xabdf8d33d480_6835 .array/port v0xabdf8d33d480, 6835;
v0xabdf8d33d480_6836 .array/port v0xabdf8d33d480, 6836;
E_0xabdf8d0ee570/1710 .event anyedge, v0xabdf8d33d480_6833, v0xabdf8d33d480_6834, v0xabdf8d33d480_6835, v0xabdf8d33d480_6836;
v0xabdf8d33d480_6837 .array/port v0xabdf8d33d480, 6837;
v0xabdf8d33d480_6838 .array/port v0xabdf8d33d480, 6838;
v0xabdf8d33d480_6839 .array/port v0xabdf8d33d480, 6839;
v0xabdf8d33d480_6840 .array/port v0xabdf8d33d480, 6840;
E_0xabdf8d0ee570/1711 .event anyedge, v0xabdf8d33d480_6837, v0xabdf8d33d480_6838, v0xabdf8d33d480_6839, v0xabdf8d33d480_6840;
v0xabdf8d33d480_6841 .array/port v0xabdf8d33d480, 6841;
v0xabdf8d33d480_6842 .array/port v0xabdf8d33d480, 6842;
v0xabdf8d33d480_6843 .array/port v0xabdf8d33d480, 6843;
v0xabdf8d33d480_6844 .array/port v0xabdf8d33d480, 6844;
E_0xabdf8d0ee570/1712 .event anyedge, v0xabdf8d33d480_6841, v0xabdf8d33d480_6842, v0xabdf8d33d480_6843, v0xabdf8d33d480_6844;
v0xabdf8d33d480_6845 .array/port v0xabdf8d33d480, 6845;
v0xabdf8d33d480_6846 .array/port v0xabdf8d33d480, 6846;
v0xabdf8d33d480_6847 .array/port v0xabdf8d33d480, 6847;
v0xabdf8d33d480_6848 .array/port v0xabdf8d33d480, 6848;
E_0xabdf8d0ee570/1713 .event anyedge, v0xabdf8d33d480_6845, v0xabdf8d33d480_6846, v0xabdf8d33d480_6847, v0xabdf8d33d480_6848;
v0xabdf8d33d480_6849 .array/port v0xabdf8d33d480, 6849;
v0xabdf8d33d480_6850 .array/port v0xabdf8d33d480, 6850;
v0xabdf8d33d480_6851 .array/port v0xabdf8d33d480, 6851;
v0xabdf8d33d480_6852 .array/port v0xabdf8d33d480, 6852;
E_0xabdf8d0ee570/1714 .event anyedge, v0xabdf8d33d480_6849, v0xabdf8d33d480_6850, v0xabdf8d33d480_6851, v0xabdf8d33d480_6852;
v0xabdf8d33d480_6853 .array/port v0xabdf8d33d480, 6853;
v0xabdf8d33d480_6854 .array/port v0xabdf8d33d480, 6854;
v0xabdf8d33d480_6855 .array/port v0xabdf8d33d480, 6855;
v0xabdf8d33d480_6856 .array/port v0xabdf8d33d480, 6856;
E_0xabdf8d0ee570/1715 .event anyedge, v0xabdf8d33d480_6853, v0xabdf8d33d480_6854, v0xabdf8d33d480_6855, v0xabdf8d33d480_6856;
v0xabdf8d33d480_6857 .array/port v0xabdf8d33d480, 6857;
v0xabdf8d33d480_6858 .array/port v0xabdf8d33d480, 6858;
v0xabdf8d33d480_6859 .array/port v0xabdf8d33d480, 6859;
v0xabdf8d33d480_6860 .array/port v0xabdf8d33d480, 6860;
E_0xabdf8d0ee570/1716 .event anyedge, v0xabdf8d33d480_6857, v0xabdf8d33d480_6858, v0xabdf8d33d480_6859, v0xabdf8d33d480_6860;
v0xabdf8d33d480_6861 .array/port v0xabdf8d33d480, 6861;
v0xabdf8d33d480_6862 .array/port v0xabdf8d33d480, 6862;
v0xabdf8d33d480_6863 .array/port v0xabdf8d33d480, 6863;
v0xabdf8d33d480_6864 .array/port v0xabdf8d33d480, 6864;
E_0xabdf8d0ee570/1717 .event anyedge, v0xabdf8d33d480_6861, v0xabdf8d33d480_6862, v0xabdf8d33d480_6863, v0xabdf8d33d480_6864;
v0xabdf8d33d480_6865 .array/port v0xabdf8d33d480, 6865;
v0xabdf8d33d480_6866 .array/port v0xabdf8d33d480, 6866;
v0xabdf8d33d480_6867 .array/port v0xabdf8d33d480, 6867;
v0xabdf8d33d480_6868 .array/port v0xabdf8d33d480, 6868;
E_0xabdf8d0ee570/1718 .event anyedge, v0xabdf8d33d480_6865, v0xabdf8d33d480_6866, v0xabdf8d33d480_6867, v0xabdf8d33d480_6868;
v0xabdf8d33d480_6869 .array/port v0xabdf8d33d480, 6869;
v0xabdf8d33d480_6870 .array/port v0xabdf8d33d480, 6870;
v0xabdf8d33d480_6871 .array/port v0xabdf8d33d480, 6871;
v0xabdf8d33d480_6872 .array/port v0xabdf8d33d480, 6872;
E_0xabdf8d0ee570/1719 .event anyedge, v0xabdf8d33d480_6869, v0xabdf8d33d480_6870, v0xabdf8d33d480_6871, v0xabdf8d33d480_6872;
v0xabdf8d33d480_6873 .array/port v0xabdf8d33d480, 6873;
v0xabdf8d33d480_6874 .array/port v0xabdf8d33d480, 6874;
v0xabdf8d33d480_6875 .array/port v0xabdf8d33d480, 6875;
v0xabdf8d33d480_6876 .array/port v0xabdf8d33d480, 6876;
E_0xabdf8d0ee570/1720 .event anyedge, v0xabdf8d33d480_6873, v0xabdf8d33d480_6874, v0xabdf8d33d480_6875, v0xabdf8d33d480_6876;
v0xabdf8d33d480_6877 .array/port v0xabdf8d33d480, 6877;
v0xabdf8d33d480_6878 .array/port v0xabdf8d33d480, 6878;
v0xabdf8d33d480_6879 .array/port v0xabdf8d33d480, 6879;
v0xabdf8d33d480_6880 .array/port v0xabdf8d33d480, 6880;
E_0xabdf8d0ee570/1721 .event anyedge, v0xabdf8d33d480_6877, v0xabdf8d33d480_6878, v0xabdf8d33d480_6879, v0xabdf8d33d480_6880;
v0xabdf8d33d480_6881 .array/port v0xabdf8d33d480, 6881;
v0xabdf8d33d480_6882 .array/port v0xabdf8d33d480, 6882;
v0xabdf8d33d480_6883 .array/port v0xabdf8d33d480, 6883;
v0xabdf8d33d480_6884 .array/port v0xabdf8d33d480, 6884;
E_0xabdf8d0ee570/1722 .event anyedge, v0xabdf8d33d480_6881, v0xabdf8d33d480_6882, v0xabdf8d33d480_6883, v0xabdf8d33d480_6884;
v0xabdf8d33d480_6885 .array/port v0xabdf8d33d480, 6885;
v0xabdf8d33d480_6886 .array/port v0xabdf8d33d480, 6886;
v0xabdf8d33d480_6887 .array/port v0xabdf8d33d480, 6887;
v0xabdf8d33d480_6888 .array/port v0xabdf8d33d480, 6888;
E_0xabdf8d0ee570/1723 .event anyedge, v0xabdf8d33d480_6885, v0xabdf8d33d480_6886, v0xabdf8d33d480_6887, v0xabdf8d33d480_6888;
v0xabdf8d33d480_6889 .array/port v0xabdf8d33d480, 6889;
v0xabdf8d33d480_6890 .array/port v0xabdf8d33d480, 6890;
v0xabdf8d33d480_6891 .array/port v0xabdf8d33d480, 6891;
v0xabdf8d33d480_6892 .array/port v0xabdf8d33d480, 6892;
E_0xabdf8d0ee570/1724 .event anyedge, v0xabdf8d33d480_6889, v0xabdf8d33d480_6890, v0xabdf8d33d480_6891, v0xabdf8d33d480_6892;
v0xabdf8d33d480_6893 .array/port v0xabdf8d33d480, 6893;
v0xabdf8d33d480_6894 .array/port v0xabdf8d33d480, 6894;
v0xabdf8d33d480_6895 .array/port v0xabdf8d33d480, 6895;
v0xabdf8d33d480_6896 .array/port v0xabdf8d33d480, 6896;
E_0xabdf8d0ee570/1725 .event anyedge, v0xabdf8d33d480_6893, v0xabdf8d33d480_6894, v0xabdf8d33d480_6895, v0xabdf8d33d480_6896;
v0xabdf8d33d480_6897 .array/port v0xabdf8d33d480, 6897;
v0xabdf8d33d480_6898 .array/port v0xabdf8d33d480, 6898;
v0xabdf8d33d480_6899 .array/port v0xabdf8d33d480, 6899;
v0xabdf8d33d480_6900 .array/port v0xabdf8d33d480, 6900;
E_0xabdf8d0ee570/1726 .event anyedge, v0xabdf8d33d480_6897, v0xabdf8d33d480_6898, v0xabdf8d33d480_6899, v0xabdf8d33d480_6900;
v0xabdf8d33d480_6901 .array/port v0xabdf8d33d480, 6901;
v0xabdf8d33d480_6902 .array/port v0xabdf8d33d480, 6902;
v0xabdf8d33d480_6903 .array/port v0xabdf8d33d480, 6903;
v0xabdf8d33d480_6904 .array/port v0xabdf8d33d480, 6904;
E_0xabdf8d0ee570/1727 .event anyedge, v0xabdf8d33d480_6901, v0xabdf8d33d480_6902, v0xabdf8d33d480_6903, v0xabdf8d33d480_6904;
v0xabdf8d33d480_6905 .array/port v0xabdf8d33d480, 6905;
v0xabdf8d33d480_6906 .array/port v0xabdf8d33d480, 6906;
v0xabdf8d33d480_6907 .array/port v0xabdf8d33d480, 6907;
v0xabdf8d33d480_6908 .array/port v0xabdf8d33d480, 6908;
E_0xabdf8d0ee570/1728 .event anyedge, v0xabdf8d33d480_6905, v0xabdf8d33d480_6906, v0xabdf8d33d480_6907, v0xabdf8d33d480_6908;
v0xabdf8d33d480_6909 .array/port v0xabdf8d33d480, 6909;
v0xabdf8d33d480_6910 .array/port v0xabdf8d33d480, 6910;
v0xabdf8d33d480_6911 .array/port v0xabdf8d33d480, 6911;
v0xabdf8d33d480_6912 .array/port v0xabdf8d33d480, 6912;
E_0xabdf8d0ee570/1729 .event anyedge, v0xabdf8d33d480_6909, v0xabdf8d33d480_6910, v0xabdf8d33d480_6911, v0xabdf8d33d480_6912;
v0xabdf8d33d480_6913 .array/port v0xabdf8d33d480, 6913;
v0xabdf8d33d480_6914 .array/port v0xabdf8d33d480, 6914;
v0xabdf8d33d480_6915 .array/port v0xabdf8d33d480, 6915;
v0xabdf8d33d480_6916 .array/port v0xabdf8d33d480, 6916;
E_0xabdf8d0ee570/1730 .event anyedge, v0xabdf8d33d480_6913, v0xabdf8d33d480_6914, v0xabdf8d33d480_6915, v0xabdf8d33d480_6916;
v0xabdf8d33d480_6917 .array/port v0xabdf8d33d480, 6917;
v0xabdf8d33d480_6918 .array/port v0xabdf8d33d480, 6918;
v0xabdf8d33d480_6919 .array/port v0xabdf8d33d480, 6919;
v0xabdf8d33d480_6920 .array/port v0xabdf8d33d480, 6920;
E_0xabdf8d0ee570/1731 .event anyedge, v0xabdf8d33d480_6917, v0xabdf8d33d480_6918, v0xabdf8d33d480_6919, v0xabdf8d33d480_6920;
v0xabdf8d33d480_6921 .array/port v0xabdf8d33d480, 6921;
v0xabdf8d33d480_6922 .array/port v0xabdf8d33d480, 6922;
v0xabdf8d33d480_6923 .array/port v0xabdf8d33d480, 6923;
v0xabdf8d33d480_6924 .array/port v0xabdf8d33d480, 6924;
E_0xabdf8d0ee570/1732 .event anyedge, v0xabdf8d33d480_6921, v0xabdf8d33d480_6922, v0xabdf8d33d480_6923, v0xabdf8d33d480_6924;
v0xabdf8d33d480_6925 .array/port v0xabdf8d33d480, 6925;
v0xabdf8d33d480_6926 .array/port v0xabdf8d33d480, 6926;
v0xabdf8d33d480_6927 .array/port v0xabdf8d33d480, 6927;
v0xabdf8d33d480_6928 .array/port v0xabdf8d33d480, 6928;
E_0xabdf8d0ee570/1733 .event anyedge, v0xabdf8d33d480_6925, v0xabdf8d33d480_6926, v0xabdf8d33d480_6927, v0xabdf8d33d480_6928;
v0xabdf8d33d480_6929 .array/port v0xabdf8d33d480, 6929;
v0xabdf8d33d480_6930 .array/port v0xabdf8d33d480, 6930;
v0xabdf8d33d480_6931 .array/port v0xabdf8d33d480, 6931;
v0xabdf8d33d480_6932 .array/port v0xabdf8d33d480, 6932;
E_0xabdf8d0ee570/1734 .event anyedge, v0xabdf8d33d480_6929, v0xabdf8d33d480_6930, v0xabdf8d33d480_6931, v0xabdf8d33d480_6932;
v0xabdf8d33d480_6933 .array/port v0xabdf8d33d480, 6933;
v0xabdf8d33d480_6934 .array/port v0xabdf8d33d480, 6934;
v0xabdf8d33d480_6935 .array/port v0xabdf8d33d480, 6935;
v0xabdf8d33d480_6936 .array/port v0xabdf8d33d480, 6936;
E_0xabdf8d0ee570/1735 .event anyedge, v0xabdf8d33d480_6933, v0xabdf8d33d480_6934, v0xabdf8d33d480_6935, v0xabdf8d33d480_6936;
v0xabdf8d33d480_6937 .array/port v0xabdf8d33d480, 6937;
v0xabdf8d33d480_6938 .array/port v0xabdf8d33d480, 6938;
v0xabdf8d33d480_6939 .array/port v0xabdf8d33d480, 6939;
v0xabdf8d33d480_6940 .array/port v0xabdf8d33d480, 6940;
E_0xabdf8d0ee570/1736 .event anyedge, v0xabdf8d33d480_6937, v0xabdf8d33d480_6938, v0xabdf8d33d480_6939, v0xabdf8d33d480_6940;
v0xabdf8d33d480_6941 .array/port v0xabdf8d33d480, 6941;
v0xabdf8d33d480_6942 .array/port v0xabdf8d33d480, 6942;
v0xabdf8d33d480_6943 .array/port v0xabdf8d33d480, 6943;
v0xabdf8d33d480_6944 .array/port v0xabdf8d33d480, 6944;
E_0xabdf8d0ee570/1737 .event anyedge, v0xabdf8d33d480_6941, v0xabdf8d33d480_6942, v0xabdf8d33d480_6943, v0xabdf8d33d480_6944;
v0xabdf8d33d480_6945 .array/port v0xabdf8d33d480, 6945;
v0xabdf8d33d480_6946 .array/port v0xabdf8d33d480, 6946;
v0xabdf8d33d480_6947 .array/port v0xabdf8d33d480, 6947;
v0xabdf8d33d480_6948 .array/port v0xabdf8d33d480, 6948;
E_0xabdf8d0ee570/1738 .event anyedge, v0xabdf8d33d480_6945, v0xabdf8d33d480_6946, v0xabdf8d33d480_6947, v0xabdf8d33d480_6948;
v0xabdf8d33d480_6949 .array/port v0xabdf8d33d480, 6949;
v0xabdf8d33d480_6950 .array/port v0xabdf8d33d480, 6950;
v0xabdf8d33d480_6951 .array/port v0xabdf8d33d480, 6951;
v0xabdf8d33d480_6952 .array/port v0xabdf8d33d480, 6952;
E_0xabdf8d0ee570/1739 .event anyedge, v0xabdf8d33d480_6949, v0xabdf8d33d480_6950, v0xabdf8d33d480_6951, v0xabdf8d33d480_6952;
v0xabdf8d33d480_6953 .array/port v0xabdf8d33d480, 6953;
v0xabdf8d33d480_6954 .array/port v0xabdf8d33d480, 6954;
v0xabdf8d33d480_6955 .array/port v0xabdf8d33d480, 6955;
v0xabdf8d33d480_6956 .array/port v0xabdf8d33d480, 6956;
E_0xabdf8d0ee570/1740 .event anyedge, v0xabdf8d33d480_6953, v0xabdf8d33d480_6954, v0xabdf8d33d480_6955, v0xabdf8d33d480_6956;
v0xabdf8d33d480_6957 .array/port v0xabdf8d33d480, 6957;
v0xabdf8d33d480_6958 .array/port v0xabdf8d33d480, 6958;
v0xabdf8d33d480_6959 .array/port v0xabdf8d33d480, 6959;
v0xabdf8d33d480_6960 .array/port v0xabdf8d33d480, 6960;
E_0xabdf8d0ee570/1741 .event anyedge, v0xabdf8d33d480_6957, v0xabdf8d33d480_6958, v0xabdf8d33d480_6959, v0xabdf8d33d480_6960;
v0xabdf8d33d480_6961 .array/port v0xabdf8d33d480, 6961;
v0xabdf8d33d480_6962 .array/port v0xabdf8d33d480, 6962;
v0xabdf8d33d480_6963 .array/port v0xabdf8d33d480, 6963;
v0xabdf8d33d480_6964 .array/port v0xabdf8d33d480, 6964;
E_0xabdf8d0ee570/1742 .event anyedge, v0xabdf8d33d480_6961, v0xabdf8d33d480_6962, v0xabdf8d33d480_6963, v0xabdf8d33d480_6964;
v0xabdf8d33d480_6965 .array/port v0xabdf8d33d480, 6965;
v0xabdf8d33d480_6966 .array/port v0xabdf8d33d480, 6966;
v0xabdf8d33d480_6967 .array/port v0xabdf8d33d480, 6967;
v0xabdf8d33d480_6968 .array/port v0xabdf8d33d480, 6968;
E_0xabdf8d0ee570/1743 .event anyedge, v0xabdf8d33d480_6965, v0xabdf8d33d480_6966, v0xabdf8d33d480_6967, v0xabdf8d33d480_6968;
v0xabdf8d33d480_6969 .array/port v0xabdf8d33d480, 6969;
v0xabdf8d33d480_6970 .array/port v0xabdf8d33d480, 6970;
v0xabdf8d33d480_6971 .array/port v0xabdf8d33d480, 6971;
v0xabdf8d33d480_6972 .array/port v0xabdf8d33d480, 6972;
E_0xabdf8d0ee570/1744 .event anyedge, v0xabdf8d33d480_6969, v0xabdf8d33d480_6970, v0xabdf8d33d480_6971, v0xabdf8d33d480_6972;
v0xabdf8d33d480_6973 .array/port v0xabdf8d33d480, 6973;
v0xabdf8d33d480_6974 .array/port v0xabdf8d33d480, 6974;
v0xabdf8d33d480_6975 .array/port v0xabdf8d33d480, 6975;
v0xabdf8d33d480_6976 .array/port v0xabdf8d33d480, 6976;
E_0xabdf8d0ee570/1745 .event anyedge, v0xabdf8d33d480_6973, v0xabdf8d33d480_6974, v0xabdf8d33d480_6975, v0xabdf8d33d480_6976;
v0xabdf8d33d480_6977 .array/port v0xabdf8d33d480, 6977;
v0xabdf8d33d480_6978 .array/port v0xabdf8d33d480, 6978;
v0xabdf8d33d480_6979 .array/port v0xabdf8d33d480, 6979;
v0xabdf8d33d480_6980 .array/port v0xabdf8d33d480, 6980;
E_0xabdf8d0ee570/1746 .event anyedge, v0xabdf8d33d480_6977, v0xabdf8d33d480_6978, v0xabdf8d33d480_6979, v0xabdf8d33d480_6980;
v0xabdf8d33d480_6981 .array/port v0xabdf8d33d480, 6981;
v0xabdf8d33d480_6982 .array/port v0xabdf8d33d480, 6982;
v0xabdf8d33d480_6983 .array/port v0xabdf8d33d480, 6983;
v0xabdf8d33d480_6984 .array/port v0xabdf8d33d480, 6984;
E_0xabdf8d0ee570/1747 .event anyedge, v0xabdf8d33d480_6981, v0xabdf8d33d480_6982, v0xabdf8d33d480_6983, v0xabdf8d33d480_6984;
v0xabdf8d33d480_6985 .array/port v0xabdf8d33d480, 6985;
v0xabdf8d33d480_6986 .array/port v0xabdf8d33d480, 6986;
v0xabdf8d33d480_6987 .array/port v0xabdf8d33d480, 6987;
v0xabdf8d33d480_6988 .array/port v0xabdf8d33d480, 6988;
E_0xabdf8d0ee570/1748 .event anyedge, v0xabdf8d33d480_6985, v0xabdf8d33d480_6986, v0xabdf8d33d480_6987, v0xabdf8d33d480_6988;
v0xabdf8d33d480_6989 .array/port v0xabdf8d33d480, 6989;
v0xabdf8d33d480_6990 .array/port v0xabdf8d33d480, 6990;
v0xabdf8d33d480_6991 .array/port v0xabdf8d33d480, 6991;
v0xabdf8d33d480_6992 .array/port v0xabdf8d33d480, 6992;
E_0xabdf8d0ee570/1749 .event anyedge, v0xabdf8d33d480_6989, v0xabdf8d33d480_6990, v0xabdf8d33d480_6991, v0xabdf8d33d480_6992;
v0xabdf8d33d480_6993 .array/port v0xabdf8d33d480, 6993;
v0xabdf8d33d480_6994 .array/port v0xabdf8d33d480, 6994;
v0xabdf8d33d480_6995 .array/port v0xabdf8d33d480, 6995;
v0xabdf8d33d480_6996 .array/port v0xabdf8d33d480, 6996;
E_0xabdf8d0ee570/1750 .event anyedge, v0xabdf8d33d480_6993, v0xabdf8d33d480_6994, v0xabdf8d33d480_6995, v0xabdf8d33d480_6996;
v0xabdf8d33d480_6997 .array/port v0xabdf8d33d480, 6997;
v0xabdf8d33d480_6998 .array/port v0xabdf8d33d480, 6998;
v0xabdf8d33d480_6999 .array/port v0xabdf8d33d480, 6999;
v0xabdf8d33d480_7000 .array/port v0xabdf8d33d480, 7000;
E_0xabdf8d0ee570/1751 .event anyedge, v0xabdf8d33d480_6997, v0xabdf8d33d480_6998, v0xabdf8d33d480_6999, v0xabdf8d33d480_7000;
v0xabdf8d33d480_7001 .array/port v0xabdf8d33d480, 7001;
v0xabdf8d33d480_7002 .array/port v0xabdf8d33d480, 7002;
v0xabdf8d33d480_7003 .array/port v0xabdf8d33d480, 7003;
v0xabdf8d33d480_7004 .array/port v0xabdf8d33d480, 7004;
E_0xabdf8d0ee570/1752 .event anyedge, v0xabdf8d33d480_7001, v0xabdf8d33d480_7002, v0xabdf8d33d480_7003, v0xabdf8d33d480_7004;
v0xabdf8d33d480_7005 .array/port v0xabdf8d33d480, 7005;
v0xabdf8d33d480_7006 .array/port v0xabdf8d33d480, 7006;
v0xabdf8d33d480_7007 .array/port v0xabdf8d33d480, 7007;
v0xabdf8d33d480_7008 .array/port v0xabdf8d33d480, 7008;
E_0xabdf8d0ee570/1753 .event anyedge, v0xabdf8d33d480_7005, v0xabdf8d33d480_7006, v0xabdf8d33d480_7007, v0xabdf8d33d480_7008;
v0xabdf8d33d480_7009 .array/port v0xabdf8d33d480, 7009;
v0xabdf8d33d480_7010 .array/port v0xabdf8d33d480, 7010;
v0xabdf8d33d480_7011 .array/port v0xabdf8d33d480, 7011;
v0xabdf8d33d480_7012 .array/port v0xabdf8d33d480, 7012;
E_0xabdf8d0ee570/1754 .event anyedge, v0xabdf8d33d480_7009, v0xabdf8d33d480_7010, v0xabdf8d33d480_7011, v0xabdf8d33d480_7012;
v0xabdf8d33d480_7013 .array/port v0xabdf8d33d480, 7013;
v0xabdf8d33d480_7014 .array/port v0xabdf8d33d480, 7014;
v0xabdf8d33d480_7015 .array/port v0xabdf8d33d480, 7015;
v0xabdf8d33d480_7016 .array/port v0xabdf8d33d480, 7016;
E_0xabdf8d0ee570/1755 .event anyedge, v0xabdf8d33d480_7013, v0xabdf8d33d480_7014, v0xabdf8d33d480_7015, v0xabdf8d33d480_7016;
v0xabdf8d33d480_7017 .array/port v0xabdf8d33d480, 7017;
v0xabdf8d33d480_7018 .array/port v0xabdf8d33d480, 7018;
v0xabdf8d33d480_7019 .array/port v0xabdf8d33d480, 7019;
v0xabdf8d33d480_7020 .array/port v0xabdf8d33d480, 7020;
E_0xabdf8d0ee570/1756 .event anyedge, v0xabdf8d33d480_7017, v0xabdf8d33d480_7018, v0xabdf8d33d480_7019, v0xabdf8d33d480_7020;
v0xabdf8d33d480_7021 .array/port v0xabdf8d33d480, 7021;
v0xabdf8d33d480_7022 .array/port v0xabdf8d33d480, 7022;
v0xabdf8d33d480_7023 .array/port v0xabdf8d33d480, 7023;
v0xabdf8d33d480_7024 .array/port v0xabdf8d33d480, 7024;
E_0xabdf8d0ee570/1757 .event anyedge, v0xabdf8d33d480_7021, v0xabdf8d33d480_7022, v0xabdf8d33d480_7023, v0xabdf8d33d480_7024;
v0xabdf8d33d480_7025 .array/port v0xabdf8d33d480, 7025;
v0xabdf8d33d480_7026 .array/port v0xabdf8d33d480, 7026;
v0xabdf8d33d480_7027 .array/port v0xabdf8d33d480, 7027;
v0xabdf8d33d480_7028 .array/port v0xabdf8d33d480, 7028;
E_0xabdf8d0ee570/1758 .event anyedge, v0xabdf8d33d480_7025, v0xabdf8d33d480_7026, v0xabdf8d33d480_7027, v0xabdf8d33d480_7028;
v0xabdf8d33d480_7029 .array/port v0xabdf8d33d480, 7029;
v0xabdf8d33d480_7030 .array/port v0xabdf8d33d480, 7030;
v0xabdf8d33d480_7031 .array/port v0xabdf8d33d480, 7031;
v0xabdf8d33d480_7032 .array/port v0xabdf8d33d480, 7032;
E_0xabdf8d0ee570/1759 .event anyedge, v0xabdf8d33d480_7029, v0xabdf8d33d480_7030, v0xabdf8d33d480_7031, v0xabdf8d33d480_7032;
v0xabdf8d33d480_7033 .array/port v0xabdf8d33d480, 7033;
v0xabdf8d33d480_7034 .array/port v0xabdf8d33d480, 7034;
v0xabdf8d33d480_7035 .array/port v0xabdf8d33d480, 7035;
v0xabdf8d33d480_7036 .array/port v0xabdf8d33d480, 7036;
E_0xabdf8d0ee570/1760 .event anyedge, v0xabdf8d33d480_7033, v0xabdf8d33d480_7034, v0xabdf8d33d480_7035, v0xabdf8d33d480_7036;
v0xabdf8d33d480_7037 .array/port v0xabdf8d33d480, 7037;
v0xabdf8d33d480_7038 .array/port v0xabdf8d33d480, 7038;
v0xabdf8d33d480_7039 .array/port v0xabdf8d33d480, 7039;
v0xabdf8d33d480_7040 .array/port v0xabdf8d33d480, 7040;
E_0xabdf8d0ee570/1761 .event anyedge, v0xabdf8d33d480_7037, v0xabdf8d33d480_7038, v0xabdf8d33d480_7039, v0xabdf8d33d480_7040;
v0xabdf8d33d480_7041 .array/port v0xabdf8d33d480, 7041;
v0xabdf8d33d480_7042 .array/port v0xabdf8d33d480, 7042;
v0xabdf8d33d480_7043 .array/port v0xabdf8d33d480, 7043;
v0xabdf8d33d480_7044 .array/port v0xabdf8d33d480, 7044;
E_0xabdf8d0ee570/1762 .event anyedge, v0xabdf8d33d480_7041, v0xabdf8d33d480_7042, v0xabdf8d33d480_7043, v0xabdf8d33d480_7044;
v0xabdf8d33d480_7045 .array/port v0xabdf8d33d480, 7045;
v0xabdf8d33d480_7046 .array/port v0xabdf8d33d480, 7046;
v0xabdf8d33d480_7047 .array/port v0xabdf8d33d480, 7047;
v0xabdf8d33d480_7048 .array/port v0xabdf8d33d480, 7048;
E_0xabdf8d0ee570/1763 .event anyedge, v0xabdf8d33d480_7045, v0xabdf8d33d480_7046, v0xabdf8d33d480_7047, v0xabdf8d33d480_7048;
v0xabdf8d33d480_7049 .array/port v0xabdf8d33d480, 7049;
v0xabdf8d33d480_7050 .array/port v0xabdf8d33d480, 7050;
v0xabdf8d33d480_7051 .array/port v0xabdf8d33d480, 7051;
v0xabdf8d33d480_7052 .array/port v0xabdf8d33d480, 7052;
E_0xabdf8d0ee570/1764 .event anyedge, v0xabdf8d33d480_7049, v0xabdf8d33d480_7050, v0xabdf8d33d480_7051, v0xabdf8d33d480_7052;
v0xabdf8d33d480_7053 .array/port v0xabdf8d33d480, 7053;
v0xabdf8d33d480_7054 .array/port v0xabdf8d33d480, 7054;
v0xabdf8d33d480_7055 .array/port v0xabdf8d33d480, 7055;
v0xabdf8d33d480_7056 .array/port v0xabdf8d33d480, 7056;
E_0xabdf8d0ee570/1765 .event anyedge, v0xabdf8d33d480_7053, v0xabdf8d33d480_7054, v0xabdf8d33d480_7055, v0xabdf8d33d480_7056;
v0xabdf8d33d480_7057 .array/port v0xabdf8d33d480, 7057;
v0xabdf8d33d480_7058 .array/port v0xabdf8d33d480, 7058;
v0xabdf8d33d480_7059 .array/port v0xabdf8d33d480, 7059;
v0xabdf8d33d480_7060 .array/port v0xabdf8d33d480, 7060;
E_0xabdf8d0ee570/1766 .event anyedge, v0xabdf8d33d480_7057, v0xabdf8d33d480_7058, v0xabdf8d33d480_7059, v0xabdf8d33d480_7060;
v0xabdf8d33d480_7061 .array/port v0xabdf8d33d480, 7061;
v0xabdf8d33d480_7062 .array/port v0xabdf8d33d480, 7062;
v0xabdf8d33d480_7063 .array/port v0xabdf8d33d480, 7063;
v0xabdf8d33d480_7064 .array/port v0xabdf8d33d480, 7064;
E_0xabdf8d0ee570/1767 .event anyedge, v0xabdf8d33d480_7061, v0xabdf8d33d480_7062, v0xabdf8d33d480_7063, v0xabdf8d33d480_7064;
v0xabdf8d33d480_7065 .array/port v0xabdf8d33d480, 7065;
v0xabdf8d33d480_7066 .array/port v0xabdf8d33d480, 7066;
v0xabdf8d33d480_7067 .array/port v0xabdf8d33d480, 7067;
v0xabdf8d33d480_7068 .array/port v0xabdf8d33d480, 7068;
E_0xabdf8d0ee570/1768 .event anyedge, v0xabdf8d33d480_7065, v0xabdf8d33d480_7066, v0xabdf8d33d480_7067, v0xabdf8d33d480_7068;
v0xabdf8d33d480_7069 .array/port v0xabdf8d33d480, 7069;
v0xabdf8d33d480_7070 .array/port v0xabdf8d33d480, 7070;
v0xabdf8d33d480_7071 .array/port v0xabdf8d33d480, 7071;
v0xabdf8d33d480_7072 .array/port v0xabdf8d33d480, 7072;
E_0xabdf8d0ee570/1769 .event anyedge, v0xabdf8d33d480_7069, v0xabdf8d33d480_7070, v0xabdf8d33d480_7071, v0xabdf8d33d480_7072;
v0xabdf8d33d480_7073 .array/port v0xabdf8d33d480, 7073;
v0xabdf8d33d480_7074 .array/port v0xabdf8d33d480, 7074;
v0xabdf8d33d480_7075 .array/port v0xabdf8d33d480, 7075;
v0xabdf8d33d480_7076 .array/port v0xabdf8d33d480, 7076;
E_0xabdf8d0ee570/1770 .event anyedge, v0xabdf8d33d480_7073, v0xabdf8d33d480_7074, v0xabdf8d33d480_7075, v0xabdf8d33d480_7076;
v0xabdf8d33d480_7077 .array/port v0xabdf8d33d480, 7077;
v0xabdf8d33d480_7078 .array/port v0xabdf8d33d480, 7078;
v0xabdf8d33d480_7079 .array/port v0xabdf8d33d480, 7079;
v0xabdf8d33d480_7080 .array/port v0xabdf8d33d480, 7080;
E_0xabdf8d0ee570/1771 .event anyedge, v0xabdf8d33d480_7077, v0xabdf8d33d480_7078, v0xabdf8d33d480_7079, v0xabdf8d33d480_7080;
v0xabdf8d33d480_7081 .array/port v0xabdf8d33d480, 7081;
v0xabdf8d33d480_7082 .array/port v0xabdf8d33d480, 7082;
v0xabdf8d33d480_7083 .array/port v0xabdf8d33d480, 7083;
v0xabdf8d33d480_7084 .array/port v0xabdf8d33d480, 7084;
E_0xabdf8d0ee570/1772 .event anyedge, v0xabdf8d33d480_7081, v0xabdf8d33d480_7082, v0xabdf8d33d480_7083, v0xabdf8d33d480_7084;
v0xabdf8d33d480_7085 .array/port v0xabdf8d33d480, 7085;
v0xabdf8d33d480_7086 .array/port v0xabdf8d33d480, 7086;
v0xabdf8d33d480_7087 .array/port v0xabdf8d33d480, 7087;
v0xabdf8d33d480_7088 .array/port v0xabdf8d33d480, 7088;
E_0xabdf8d0ee570/1773 .event anyedge, v0xabdf8d33d480_7085, v0xabdf8d33d480_7086, v0xabdf8d33d480_7087, v0xabdf8d33d480_7088;
v0xabdf8d33d480_7089 .array/port v0xabdf8d33d480, 7089;
v0xabdf8d33d480_7090 .array/port v0xabdf8d33d480, 7090;
v0xabdf8d33d480_7091 .array/port v0xabdf8d33d480, 7091;
v0xabdf8d33d480_7092 .array/port v0xabdf8d33d480, 7092;
E_0xabdf8d0ee570/1774 .event anyedge, v0xabdf8d33d480_7089, v0xabdf8d33d480_7090, v0xabdf8d33d480_7091, v0xabdf8d33d480_7092;
v0xabdf8d33d480_7093 .array/port v0xabdf8d33d480, 7093;
v0xabdf8d33d480_7094 .array/port v0xabdf8d33d480, 7094;
v0xabdf8d33d480_7095 .array/port v0xabdf8d33d480, 7095;
v0xabdf8d33d480_7096 .array/port v0xabdf8d33d480, 7096;
E_0xabdf8d0ee570/1775 .event anyedge, v0xabdf8d33d480_7093, v0xabdf8d33d480_7094, v0xabdf8d33d480_7095, v0xabdf8d33d480_7096;
v0xabdf8d33d480_7097 .array/port v0xabdf8d33d480, 7097;
v0xabdf8d33d480_7098 .array/port v0xabdf8d33d480, 7098;
v0xabdf8d33d480_7099 .array/port v0xabdf8d33d480, 7099;
v0xabdf8d33d480_7100 .array/port v0xabdf8d33d480, 7100;
E_0xabdf8d0ee570/1776 .event anyedge, v0xabdf8d33d480_7097, v0xabdf8d33d480_7098, v0xabdf8d33d480_7099, v0xabdf8d33d480_7100;
v0xabdf8d33d480_7101 .array/port v0xabdf8d33d480, 7101;
v0xabdf8d33d480_7102 .array/port v0xabdf8d33d480, 7102;
v0xabdf8d33d480_7103 .array/port v0xabdf8d33d480, 7103;
v0xabdf8d33d480_7104 .array/port v0xabdf8d33d480, 7104;
E_0xabdf8d0ee570/1777 .event anyedge, v0xabdf8d33d480_7101, v0xabdf8d33d480_7102, v0xabdf8d33d480_7103, v0xabdf8d33d480_7104;
v0xabdf8d33d480_7105 .array/port v0xabdf8d33d480, 7105;
v0xabdf8d33d480_7106 .array/port v0xabdf8d33d480, 7106;
v0xabdf8d33d480_7107 .array/port v0xabdf8d33d480, 7107;
v0xabdf8d33d480_7108 .array/port v0xabdf8d33d480, 7108;
E_0xabdf8d0ee570/1778 .event anyedge, v0xabdf8d33d480_7105, v0xabdf8d33d480_7106, v0xabdf8d33d480_7107, v0xabdf8d33d480_7108;
v0xabdf8d33d480_7109 .array/port v0xabdf8d33d480, 7109;
v0xabdf8d33d480_7110 .array/port v0xabdf8d33d480, 7110;
v0xabdf8d33d480_7111 .array/port v0xabdf8d33d480, 7111;
v0xabdf8d33d480_7112 .array/port v0xabdf8d33d480, 7112;
E_0xabdf8d0ee570/1779 .event anyedge, v0xabdf8d33d480_7109, v0xabdf8d33d480_7110, v0xabdf8d33d480_7111, v0xabdf8d33d480_7112;
v0xabdf8d33d480_7113 .array/port v0xabdf8d33d480, 7113;
v0xabdf8d33d480_7114 .array/port v0xabdf8d33d480, 7114;
v0xabdf8d33d480_7115 .array/port v0xabdf8d33d480, 7115;
v0xabdf8d33d480_7116 .array/port v0xabdf8d33d480, 7116;
E_0xabdf8d0ee570/1780 .event anyedge, v0xabdf8d33d480_7113, v0xabdf8d33d480_7114, v0xabdf8d33d480_7115, v0xabdf8d33d480_7116;
v0xabdf8d33d480_7117 .array/port v0xabdf8d33d480, 7117;
v0xabdf8d33d480_7118 .array/port v0xabdf8d33d480, 7118;
v0xabdf8d33d480_7119 .array/port v0xabdf8d33d480, 7119;
v0xabdf8d33d480_7120 .array/port v0xabdf8d33d480, 7120;
E_0xabdf8d0ee570/1781 .event anyedge, v0xabdf8d33d480_7117, v0xabdf8d33d480_7118, v0xabdf8d33d480_7119, v0xabdf8d33d480_7120;
v0xabdf8d33d480_7121 .array/port v0xabdf8d33d480, 7121;
v0xabdf8d33d480_7122 .array/port v0xabdf8d33d480, 7122;
v0xabdf8d33d480_7123 .array/port v0xabdf8d33d480, 7123;
v0xabdf8d33d480_7124 .array/port v0xabdf8d33d480, 7124;
E_0xabdf8d0ee570/1782 .event anyedge, v0xabdf8d33d480_7121, v0xabdf8d33d480_7122, v0xabdf8d33d480_7123, v0xabdf8d33d480_7124;
v0xabdf8d33d480_7125 .array/port v0xabdf8d33d480, 7125;
v0xabdf8d33d480_7126 .array/port v0xabdf8d33d480, 7126;
v0xabdf8d33d480_7127 .array/port v0xabdf8d33d480, 7127;
v0xabdf8d33d480_7128 .array/port v0xabdf8d33d480, 7128;
E_0xabdf8d0ee570/1783 .event anyedge, v0xabdf8d33d480_7125, v0xabdf8d33d480_7126, v0xabdf8d33d480_7127, v0xabdf8d33d480_7128;
v0xabdf8d33d480_7129 .array/port v0xabdf8d33d480, 7129;
v0xabdf8d33d480_7130 .array/port v0xabdf8d33d480, 7130;
v0xabdf8d33d480_7131 .array/port v0xabdf8d33d480, 7131;
v0xabdf8d33d480_7132 .array/port v0xabdf8d33d480, 7132;
E_0xabdf8d0ee570/1784 .event anyedge, v0xabdf8d33d480_7129, v0xabdf8d33d480_7130, v0xabdf8d33d480_7131, v0xabdf8d33d480_7132;
v0xabdf8d33d480_7133 .array/port v0xabdf8d33d480, 7133;
v0xabdf8d33d480_7134 .array/port v0xabdf8d33d480, 7134;
v0xabdf8d33d480_7135 .array/port v0xabdf8d33d480, 7135;
v0xabdf8d33d480_7136 .array/port v0xabdf8d33d480, 7136;
E_0xabdf8d0ee570/1785 .event anyedge, v0xabdf8d33d480_7133, v0xabdf8d33d480_7134, v0xabdf8d33d480_7135, v0xabdf8d33d480_7136;
v0xabdf8d33d480_7137 .array/port v0xabdf8d33d480, 7137;
v0xabdf8d33d480_7138 .array/port v0xabdf8d33d480, 7138;
v0xabdf8d33d480_7139 .array/port v0xabdf8d33d480, 7139;
v0xabdf8d33d480_7140 .array/port v0xabdf8d33d480, 7140;
E_0xabdf8d0ee570/1786 .event anyedge, v0xabdf8d33d480_7137, v0xabdf8d33d480_7138, v0xabdf8d33d480_7139, v0xabdf8d33d480_7140;
v0xabdf8d33d480_7141 .array/port v0xabdf8d33d480, 7141;
v0xabdf8d33d480_7142 .array/port v0xabdf8d33d480, 7142;
v0xabdf8d33d480_7143 .array/port v0xabdf8d33d480, 7143;
v0xabdf8d33d480_7144 .array/port v0xabdf8d33d480, 7144;
E_0xabdf8d0ee570/1787 .event anyedge, v0xabdf8d33d480_7141, v0xabdf8d33d480_7142, v0xabdf8d33d480_7143, v0xabdf8d33d480_7144;
v0xabdf8d33d480_7145 .array/port v0xabdf8d33d480, 7145;
v0xabdf8d33d480_7146 .array/port v0xabdf8d33d480, 7146;
v0xabdf8d33d480_7147 .array/port v0xabdf8d33d480, 7147;
v0xabdf8d33d480_7148 .array/port v0xabdf8d33d480, 7148;
E_0xabdf8d0ee570/1788 .event anyedge, v0xabdf8d33d480_7145, v0xabdf8d33d480_7146, v0xabdf8d33d480_7147, v0xabdf8d33d480_7148;
v0xabdf8d33d480_7149 .array/port v0xabdf8d33d480, 7149;
v0xabdf8d33d480_7150 .array/port v0xabdf8d33d480, 7150;
v0xabdf8d33d480_7151 .array/port v0xabdf8d33d480, 7151;
v0xabdf8d33d480_7152 .array/port v0xabdf8d33d480, 7152;
E_0xabdf8d0ee570/1789 .event anyedge, v0xabdf8d33d480_7149, v0xabdf8d33d480_7150, v0xabdf8d33d480_7151, v0xabdf8d33d480_7152;
v0xabdf8d33d480_7153 .array/port v0xabdf8d33d480, 7153;
v0xabdf8d33d480_7154 .array/port v0xabdf8d33d480, 7154;
v0xabdf8d33d480_7155 .array/port v0xabdf8d33d480, 7155;
v0xabdf8d33d480_7156 .array/port v0xabdf8d33d480, 7156;
E_0xabdf8d0ee570/1790 .event anyedge, v0xabdf8d33d480_7153, v0xabdf8d33d480_7154, v0xabdf8d33d480_7155, v0xabdf8d33d480_7156;
v0xabdf8d33d480_7157 .array/port v0xabdf8d33d480, 7157;
v0xabdf8d33d480_7158 .array/port v0xabdf8d33d480, 7158;
v0xabdf8d33d480_7159 .array/port v0xabdf8d33d480, 7159;
v0xabdf8d33d480_7160 .array/port v0xabdf8d33d480, 7160;
E_0xabdf8d0ee570/1791 .event anyedge, v0xabdf8d33d480_7157, v0xabdf8d33d480_7158, v0xabdf8d33d480_7159, v0xabdf8d33d480_7160;
v0xabdf8d33d480_7161 .array/port v0xabdf8d33d480, 7161;
v0xabdf8d33d480_7162 .array/port v0xabdf8d33d480, 7162;
v0xabdf8d33d480_7163 .array/port v0xabdf8d33d480, 7163;
v0xabdf8d33d480_7164 .array/port v0xabdf8d33d480, 7164;
E_0xabdf8d0ee570/1792 .event anyedge, v0xabdf8d33d480_7161, v0xabdf8d33d480_7162, v0xabdf8d33d480_7163, v0xabdf8d33d480_7164;
v0xabdf8d33d480_7165 .array/port v0xabdf8d33d480, 7165;
v0xabdf8d33d480_7166 .array/port v0xabdf8d33d480, 7166;
v0xabdf8d33d480_7167 .array/port v0xabdf8d33d480, 7167;
v0xabdf8d33d480_7168 .array/port v0xabdf8d33d480, 7168;
E_0xabdf8d0ee570/1793 .event anyedge, v0xabdf8d33d480_7165, v0xabdf8d33d480_7166, v0xabdf8d33d480_7167, v0xabdf8d33d480_7168;
v0xabdf8d33d480_7169 .array/port v0xabdf8d33d480, 7169;
v0xabdf8d33d480_7170 .array/port v0xabdf8d33d480, 7170;
v0xabdf8d33d480_7171 .array/port v0xabdf8d33d480, 7171;
v0xabdf8d33d480_7172 .array/port v0xabdf8d33d480, 7172;
E_0xabdf8d0ee570/1794 .event anyedge, v0xabdf8d33d480_7169, v0xabdf8d33d480_7170, v0xabdf8d33d480_7171, v0xabdf8d33d480_7172;
v0xabdf8d33d480_7173 .array/port v0xabdf8d33d480, 7173;
v0xabdf8d33d480_7174 .array/port v0xabdf8d33d480, 7174;
v0xabdf8d33d480_7175 .array/port v0xabdf8d33d480, 7175;
v0xabdf8d33d480_7176 .array/port v0xabdf8d33d480, 7176;
E_0xabdf8d0ee570/1795 .event anyedge, v0xabdf8d33d480_7173, v0xabdf8d33d480_7174, v0xabdf8d33d480_7175, v0xabdf8d33d480_7176;
v0xabdf8d33d480_7177 .array/port v0xabdf8d33d480, 7177;
v0xabdf8d33d480_7178 .array/port v0xabdf8d33d480, 7178;
v0xabdf8d33d480_7179 .array/port v0xabdf8d33d480, 7179;
v0xabdf8d33d480_7180 .array/port v0xabdf8d33d480, 7180;
E_0xabdf8d0ee570/1796 .event anyedge, v0xabdf8d33d480_7177, v0xabdf8d33d480_7178, v0xabdf8d33d480_7179, v0xabdf8d33d480_7180;
v0xabdf8d33d480_7181 .array/port v0xabdf8d33d480, 7181;
v0xabdf8d33d480_7182 .array/port v0xabdf8d33d480, 7182;
v0xabdf8d33d480_7183 .array/port v0xabdf8d33d480, 7183;
v0xabdf8d33d480_7184 .array/port v0xabdf8d33d480, 7184;
E_0xabdf8d0ee570/1797 .event anyedge, v0xabdf8d33d480_7181, v0xabdf8d33d480_7182, v0xabdf8d33d480_7183, v0xabdf8d33d480_7184;
v0xabdf8d33d480_7185 .array/port v0xabdf8d33d480, 7185;
v0xabdf8d33d480_7186 .array/port v0xabdf8d33d480, 7186;
v0xabdf8d33d480_7187 .array/port v0xabdf8d33d480, 7187;
v0xabdf8d33d480_7188 .array/port v0xabdf8d33d480, 7188;
E_0xabdf8d0ee570/1798 .event anyedge, v0xabdf8d33d480_7185, v0xabdf8d33d480_7186, v0xabdf8d33d480_7187, v0xabdf8d33d480_7188;
v0xabdf8d33d480_7189 .array/port v0xabdf8d33d480, 7189;
v0xabdf8d33d480_7190 .array/port v0xabdf8d33d480, 7190;
v0xabdf8d33d480_7191 .array/port v0xabdf8d33d480, 7191;
v0xabdf8d33d480_7192 .array/port v0xabdf8d33d480, 7192;
E_0xabdf8d0ee570/1799 .event anyedge, v0xabdf8d33d480_7189, v0xabdf8d33d480_7190, v0xabdf8d33d480_7191, v0xabdf8d33d480_7192;
v0xabdf8d33d480_7193 .array/port v0xabdf8d33d480, 7193;
v0xabdf8d33d480_7194 .array/port v0xabdf8d33d480, 7194;
v0xabdf8d33d480_7195 .array/port v0xabdf8d33d480, 7195;
v0xabdf8d33d480_7196 .array/port v0xabdf8d33d480, 7196;
E_0xabdf8d0ee570/1800 .event anyedge, v0xabdf8d33d480_7193, v0xabdf8d33d480_7194, v0xabdf8d33d480_7195, v0xabdf8d33d480_7196;
v0xabdf8d33d480_7197 .array/port v0xabdf8d33d480, 7197;
v0xabdf8d33d480_7198 .array/port v0xabdf8d33d480, 7198;
v0xabdf8d33d480_7199 .array/port v0xabdf8d33d480, 7199;
v0xabdf8d33d480_7200 .array/port v0xabdf8d33d480, 7200;
E_0xabdf8d0ee570/1801 .event anyedge, v0xabdf8d33d480_7197, v0xabdf8d33d480_7198, v0xabdf8d33d480_7199, v0xabdf8d33d480_7200;
v0xabdf8d33d480_7201 .array/port v0xabdf8d33d480, 7201;
v0xabdf8d33d480_7202 .array/port v0xabdf8d33d480, 7202;
v0xabdf8d33d480_7203 .array/port v0xabdf8d33d480, 7203;
v0xabdf8d33d480_7204 .array/port v0xabdf8d33d480, 7204;
E_0xabdf8d0ee570/1802 .event anyedge, v0xabdf8d33d480_7201, v0xabdf8d33d480_7202, v0xabdf8d33d480_7203, v0xabdf8d33d480_7204;
v0xabdf8d33d480_7205 .array/port v0xabdf8d33d480, 7205;
v0xabdf8d33d480_7206 .array/port v0xabdf8d33d480, 7206;
v0xabdf8d33d480_7207 .array/port v0xabdf8d33d480, 7207;
v0xabdf8d33d480_7208 .array/port v0xabdf8d33d480, 7208;
E_0xabdf8d0ee570/1803 .event anyedge, v0xabdf8d33d480_7205, v0xabdf8d33d480_7206, v0xabdf8d33d480_7207, v0xabdf8d33d480_7208;
v0xabdf8d33d480_7209 .array/port v0xabdf8d33d480, 7209;
v0xabdf8d33d480_7210 .array/port v0xabdf8d33d480, 7210;
v0xabdf8d33d480_7211 .array/port v0xabdf8d33d480, 7211;
v0xabdf8d33d480_7212 .array/port v0xabdf8d33d480, 7212;
E_0xabdf8d0ee570/1804 .event anyedge, v0xabdf8d33d480_7209, v0xabdf8d33d480_7210, v0xabdf8d33d480_7211, v0xabdf8d33d480_7212;
v0xabdf8d33d480_7213 .array/port v0xabdf8d33d480, 7213;
v0xabdf8d33d480_7214 .array/port v0xabdf8d33d480, 7214;
v0xabdf8d33d480_7215 .array/port v0xabdf8d33d480, 7215;
v0xabdf8d33d480_7216 .array/port v0xabdf8d33d480, 7216;
E_0xabdf8d0ee570/1805 .event anyedge, v0xabdf8d33d480_7213, v0xabdf8d33d480_7214, v0xabdf8d33d480_7215, v0xabdf8d33d480_7216;
v0xabdf8d33d480_7217 .array/port v0xabdf8d33d480, 7217;
v0xabdf8d33d480_7218 .array/port v0xabdf8d33d480, 7218;
v0xabdf8d33d480_7219 .array/port v0xabdf8d33d480, 7219;
v0xabdf8d33d480_7220 .array/port v0xabdf8d33d480, 7220;
E_0xabdf8d0ee570/1806 .event anyedge, v0xabdf8d33d480_7217, v0xabdf8d33d480_7218, v0xabdf8d33d480_7219, v0xabdf8d33d480_7220;
v0xabdf8d33d480_7221 .array/port v0xabdf8d33d480, 7221;
v0xabdf8d33d480_7222 .array/port v0xabdf8d33d480, 7222;
v0xabdf8d33d480_7223 .array/port v0xabdf8d33d480, 7223;
v0xabdf8d33d480_7224 .array/port v0xabdf8d33d480, 7224;
E_0xabdf8d0ee570/1807 .event anyedge, v0xabdf8d33d480_7221, v0xabdf8d33d480_7222, v0xabdf8d33d480_7223, v0xabdf8d33d480_7224;
v0xabdf8d33d480_7225 .array/port v0xabdf8d33d480, 7225;
v0xabdf8d33d480_7226 .array/port v0xabdf8d33d480, 7226;
v0xabdf8d33d480_7227 .array/port v0xabdf8d33d480, 7227;
v0xabdf8d33d480_7228 .array/port v0xabdf8d33d480, 7228;
E_0xabdf8d0ee570/1808 .event anyedge, v0xabdf8d33d480_7225, v0xabdf8d33d480_7226, v0xabdf8d33d480_7227, v0xabdf8d33d480_7228;
v0xabdf8d33d480_7229 .array/port v0xabdf8d33d480, 7229;
v0xabdf8d33d480_7230 .array/port v0xabdf8d33d480, 7230;
v0xabdf8d33d480_7231 .array/port v0xabdf8d33d480, 7231;
v0xabdf8d33d480_7232 .array/port v0xabdf8d33d480, 7232;
E_0xabdf8d0ee570/1809 .event anyedge, v0xabdf8d33d480_7229, v0xabdf8d33d480_7230, v0xabdf8d33d480_7231, v0xabdf8d33d480_7232;
v0xabdf8d33d480_7233 .array/port v0xabdf8d33d480, 7233;
v0xabdf8d33d480_7234 .array/port v0xabdf8d33d480, 7234;
v0xabdf8d33d480_7235 .array/port v0xabdf8d33d480, 7235;
v0xabdf8d33d480_7236 .array/port v0xabdf8d33d480, 7236;
E_0xabdf8d0ee570/1810 .event anyedge, v0xabdf8d33d480_7233, v0xabdf8d33d480_7234, v0xabdf8d33d480_7235, v0xabdf8d33d480_7236;
v0xabdf8d33d480_7237 .array/port v0xabdf8d33d480, 7237;
v0xabdf8d33d480_7238 .array/port v0xabdf8d33d480, 7238;
v0xabdf8d33d480_7239 .array/port v0xabdf8d33d480, 7239;
v0xabdf8d33d480_7240 .array/port v0xabdf8d33d480, 7240;
E_0xabdf8d0ee570/1811 .event anyedge, v0xabdf8d33d480_7237, v0xabdf8d33d480_7238, v0xabdf8d33d480_7239, v0xabdf8d33d480_7240;
v0xabdf8d33d480_7241 .array/port v0xabdf8d33d480, 7241;
v0xabdf8d33d480_7242 .array/port v0xabdf8d33d480, 7242;
v0xabdf8d33d480_7243 .array/port v0xabdf8d33d480, 7243;
v0xabdf8d33d480_7244 .array/port v0xabdf8d33d480, 7244;
E_0xabdf8d0ee570/1812 .event anyedge, v0xabdf8d33d480_7241, v0xabdf8d33d480_7242, v0xabdf8d33d480_7243, v0xabdf8d33d480_7244;
v0xabdf8d33d480_7245 .array/port v0xabdf8d33d480, 7245;
v0xabdf8d33d480_7246 .array/port v0xabdf8d33d480, 7246;
v0xabdf8d33d480_7247 .array/port v0xabdf8d33d480, 7247;
v0xabdf8d33d480_7248 .array/port v0xabdf8d33d480, 7248;
E_0xabdf8d0ee570/1813 .event anyedge, v0xabdf8d33d480_7245, v0xabdf8d33d480_7246, v0xabdf8d33d480_7247, v0xabdf8d33d480_7248;
v0xabdf8d33d480_7249 .array/port v0xabdf8d33d480, 7249;
v0xabdf8d33d480_7250 .array/port v0xabdf8d33d480, 7250;
v0xabdf8d33d480_7251 .array/port v0xabdf8d33d480, 7251;
v0xabdf8d33d480_7252 .array/port v0xabdf8d33d480, 7252;
E_0xabdf8d0ee570/1814 .event anyedge, v0xabdf8d33d480_7249, v0xabdf8d33d480_7250, v0xabdf8d33d480_7251, v0xabdf8d33d480_7252;
v0xabdf8d33d480_7253 .array/port v0xabdf8d33d480, 7253;
v0xabdf8d33d480_7254 .array/port v0xabdf8d33d480, 7254;
v0xabdf8d33d480_7255 .array/port v0xabdf8d33d480, 7255;
v0xabdf8d33d480_7256 .array/port v0xabdf8d33d480, 7256;
E_0xabdf8d0ee570/1815 .event anyedge, v0xabdf8d33d480_7253, v0xabdf8d33d480_7254, v0xabdf8d33d480_7255, v0xabdf8d33d480_7256;
v0xabdf8d33d480_7257 .array/port v0xabdf8d33d480, 7257;
v0xabdf8d33d480_7258 .array/port v0xabdf8d33d480, 7258;
v0xabdf8d33d480_7259 .array/port v0xabdf8d33d480, 7259;
v0xabdf8d33d480_7260 .array/port v0xabdf8d33d480, 7260;
E_0xabdf8d0ee570/1816 .event anyedge, v0xabdf8d33d480_7257, v0xabdf8d33d480_7258, v0xabdf8d33d480_7259, v0xabdf8d33d480_7260;
v0xabdf8d33d480_7261 .array/port v0xabdf8d33d480, 7261;
v0xabdf8d33d480_7262 .array/port v0xabdf8d33d480, 7262;
v0xabdf8d33d480_7263 .array/port v0xabdf8d33d480, 7263;
v0xabdf8d33d480_7264 .array/port v0xabdf8d33d480, 7264;
E_0xabdf8d0ee570/1817 .event anyedge, v0xabdf8d33d480_7261, v0xabdf8d33d480_7262, v0xabdf8d33d480_7263, v0xabdf8d33d480_7264;
v0xabdf8d33d480_7265 .array/port v0xabdf8d33d480, 7265;
v0xabdf8d33d480_7266 .array/port v0xabdf8d33d480, 7266;
v0xabdf8d33d480_7267 .array/port v0xabdf8d33d480, 7267;
v0xabdf8d33d480_7268 .array/port v0xabdf8d33d480, 7268;
E_0xabdf8d0ee570/1818 .event anyedge, v0xabdf8d33d480_7265, v0xabdf8d33d480_7266, v0xabdf8d33d480_7267, v0xabdf8d33d480_7268;
v0xabdf8d33d480_7269 .array/port v0xabdf8d33d480, 7269;
v0xabdf8d33d480_7270 .array/port v0xabdf8d33d480, 7270;
v0xabdf8d33d480_7271 .array/port v0xabdf8d33d480, 7271;
v0xabdf8d33d480_7272 .array/port v0xabdf8d33d480, 7272;
E_0xabdf8d0ee570/1819 .event anyedge, v0xabdf8d33d480_7269, v0xabdf8d33d480_7270, v0xabdf8d33d480_7271, v0xabdf8d33d480_7272;
v0xabdf8d33d480_7273 .array/port v0xabdf8d33d480, 7273;
v0xabdf8d33d480_7274 .array/port v0xabdf8d33d480, 7274;
v0xabdf8d33d480_7275 .array/port v0xabdf8d33d480, 7275;
v0xabdf8d33d480_7276 .array/port v0xabdf8d33d480, 7276;
E_0xabdf8d0ee570/1820 .event anyedge, v0xabdf8d33d480_7273, v0xabdf8d33d480_7274, v0xabdf8d33d480_7275, v0xabdf8d33d480_7276;
v0xabdf8d33d480_7277 .array/port v0xabdf8d33d480, 7277;
v0xabdf8d33d480_7278 .array/port v0xabdf8d33d480, 7278;
v0xabdf8d33d480_7279 .array/port v0xabdf8d33d480, 7279;
v0xabdf8d33d480_7280 .array/port v0xabdf8d33d480, 7280;
E_0xabdf8d0ee570/1821 .event anyedge, v0xabdf8d33d480_7277, v0xabdf8d33d480_7278, v0xabdf8d33d480_7279, v0xabdf8d33d480_7280;
v0xabdf8d33d480_7281 .array/port v0xabdf8d33d480, 7281;
v0xabdf8d33d480_7282 .array/port v0xabdf8d33d480, 7282;
v0xabdf8d33d480_7283 .array/port v0xabdf8d33d480, 7283;
v0xabdf8d33d480_7284 .array/port v0xabdf8d33d480, 7284;
E_0xabdf8d0ee570/1822 .event anyedge, v0xabdf8d33d480_7281, v0xabdf8d33d480_7282, v0xabdf8d33d480_7283, v0xabdf8d33d480_7284;
v0xabdf8d33d480_7285 .array/port v0xabdf8d33d480, 7285;
v0xabdf8d33d480_7286 .array/port v0xabdf8d33d480, 7286;
v0xabdf8d33d480_7287 .array/port v0xabdf8d33d480, 7287;
v0xabdf8d33d480_7288 .array/port v0xabdf8d33d480, 7288;
E_0xabdf8d0ee570/1823 .event anyedge, v0xabdf8d33d480_7285, v0xabdf8d33d480_7286, v0xabdf8d33d480_7287, v0xabdf8d33d480_7288;
v0xabdf8d33d480_7289 .array/port v0xabdf8d33d480, 7289;
v0xabdf8d33d480_7290 .array/port v0xabdf8d33d480, 7290;
v0xabdf8d33d480_7291 .array/port v0xabdf8d33d480, 7291;
v0xabdf8d33d480_7292 .array/port v0xabdf8d33d480, 7292;
E_0xabdf8d0ee570/1824 .event anyedge, v0xabdf8d33d480_7289, v0xabdf8d33d480_7290, v0xabdf8d33d480_7291, v0xabdf8d33d480_7292;
v0xabdf8d33d480_7293 .array/port v0xabdf8d33d480, 7293;
v0xabdf8d33d480_7294 .array/port v0xabdf8d33d480, 7294;
v0xabdf8d33d480_7295 .array/port v0xabdf8d33d480, 7295;
v0xabdf8d33d480_7296 .array/port v0xabdf8d33d480, 7296;
E_0xabdf8d0ee570/1825 .event anyedge, v0xabdf8d33d480_7293, v0xabdf8d33d480_7294, v0xabdf8d33d480_7295, v0xabdf8d33d480_7296;
v0xabdf8d33d480_7297 .array/port v0xabdf8d33d480, 7297;
v0xabdf8d33d480_7298 .array/port v0xabdf8d33d480, 7298;
v0xabdf8d33d480_7299 .array/port v0xabdf8d33d480, 7299;
v0xabdf8d33d480_7300 .array/port v0xabdf8d33d480, 7300;
E_0xabdf8d0ee570/1826 .event anyedge, v0xabdf8d33d480_7297, v0xabdf8d33d480_7298, v0xabdf8d33d480_7299, v0xabdf8d33d480_7300;
v0xabdf8d33d480_7301 .array/port v0xabdf8d33d480, 7301;
v0xabdf8d33d480_7302 .array/port v0xabdf8d33d480, 7302;
v0xabdf8d33d480_7303 .array/port v0xabdf8d33d480, 7303;
v0xabdf8d33d480_7304 .array/port v0xabdf8d33d480, 7304;
E_0xabdf8d0ee570/1827 .event anyedge, v0xabdf8d33d480_7301, v0xabdf8d33d480_7302, v0xabdf8d33d480_7303, v0xabdf8d33d480_7304;
v0xabdf8d33d480_7305 .array/port v0xabdf8d33d480, 7305;
v0xabdf8d33d480_7306 .array/port v0xabdf8d33d480, 7306;
v0xabdf8d33d480_7307 .array/port v0xabdf8d33d480, 7307;
v0xabdf8d33d480_7308 .array/port v0xabdf8d33d480, 7308;
E_0xabdf8d0ee570/1828 .event anyedge, v0xabdf8d33d480_7305, v0xabdf8d33d480_7306, v0xabdf8d33d480_7307, v0xabdf8d33d480_7308;
v0xabdf8d33d480_7309 .array/port v0xabdf8d33d480, 7309;
v0xabdf8d33d480_7310 .array/port v0xabdf8d33d480, 7310;
v0xabdf8d33d480_7311 .array/port v0xabdf8d33d480, 7311;
v0xabdf8d33d480_7312 .array/port v0xabdf8d33d480, 7312;
E_0xabdf8d0ee570/1829 .event anyedge, v0xabdf8d33d480_7309, v0xabdf8d33d480_7310, v0xabdf8d33d480_7311, v0xabdf8d33d480_7312;
v0xabdf8d33d480_7313 .array/port v0xabdf8d33d480, 7313;
v0xabdf8d33d480_7314 .array/port v0xabdf8d33d480, 7314;
v0xabdf8d33d480_7315 .array/port v0xabdf8d33d480, 7315;
v0xabdf8d33d480_7316 .array/port v0xabdf8d33d480, 7316;
E_0xabdf8d0ee570/1830 .event anyedge, v0xabdf8d33d480_7313, v0xabdf8d33d480_7314, v0xabdf8d33d480_7315, v0xabdf8d33d480_7316;
v0xabdf8d33d480_7317 .array/port v0xabdf8d33d480, 7317;
v0xabdf8d33d480_7318 .array/port v0xabdf8d33d480, 7318;
v0xabdf8d33d480_7319 .array/port v0xabdf8d33d480, 7319;
v0xabdf8d33d480_7320 .array/port v0xabdf8d33d480, 7320;
E_0xabdf8d0ee570/1831 .event anyedge, v0xabdf8d33d480_7317, v0xabdf8d33d480_7318, v0xabdf8d33d480_7319, v0xabdf8d33d480_7320;
v0xabdf8d33d480_7321 .array/port v0xabdf8d33d480, 7321;
v0xabdf8d33d480_7322 .array/port v0xabdf8d33d480, 7322;
v0xabdf8d33d480_7323 .array/port v0xabdf8d33d480, 7323;
v0xabdf8d33d480_7324 .array/port v0xabdf8d33d480, 7324;
E_0xabdf8d0ee570/1832 .event anyedge, v0xabdf8d33d480_7321, v0xabdf8d33d480_7322, v0xabdf8d33d480_7323, v0xabdf8d33d480_7324;
v0xabdf8d33d480_7325 .array/port v0xabdf8d33d480, 7325;
v0xabdf8d33d480_7326 .array/port v0xabdf8d33d480, 7326;
v0xabdf8d33d480_7327 .array/port v0xabdf8d33d480, 7327;
v0xabdf8d33d480_7328 .array/port v0xabdf8d33d480, 7328;
E_0xabdf8d0ee570/1833 .event anyedge, v0xabdf8d33d480_7325, v0xabdf8d33d480_7326, v0xabdf8d33d480_7327, v0xabdf8d33d480_7328;
v0xabdf8d33d480_7329 .array/port v0xabdf8d33d480, 7329;
v0xabdf8d33d480_7330 .array/port v0xabdf8d33d480, 7330;
v0xabdf8d33d480_7331 .array/port v0xabdf8d33d480, 7331;
v0xabdf8d33d480_7332 .array/port v0xabdf8d33d480, 7332;
E_0xabdf8d0ee570/1834 .event anyedge, v0xabdf8d33d480_7329, v0xabdf8d33d480_7330, v0xabdf8d33d480_7331, v0xabdf8d33d480_7332;
v0xabdf8d33d480_7333 .array/port v0xabdf8d33d480, 7333;
v0xabdf8d33d480_7334 .array/port v0xabdf8d33d480, 7334;
v0xabdf8d33d480_7335 .array/port v0xabdf8d33d480, 7335;
v0xabdf8d33d480_7336 .array/port v0xabdf8d33d480, 7336;
E_0xabdf8d0ee570/1835 .event anyedge, v0xabdf8d33d480_7333, v0xabdf8d33d480_7334, v0xabdf8d33d480_7335, v0xabdf8d33d480_7336;
v0xabdf8d33d480_7337 .array/port v0xabdf8d33d480, 7337;
v0xabdf8d33d480_7338 .array/port v0xabdf8d33d480, 7338;
v0xabdf8d33d480_7339 .array/port v0xabdf8d33d480, 7339;
v0xabdf8d33d480_7340 .array/port v0xabdf8d33d480, 7340;
E_0xabdf8d0ee570/1836 .event anyedge, v0xabdf8d33d480_7337, v0xabdf8d33d480_7338, v0xabdf8d33d480_7339, v0xabdf8d33d480_7340;
v0xabdf8d33d480_7341 .array/port v0xabdf8d33d480, 7341;
v0xabdf8d33d480_7342 .array/port v0xabdf8d33d480, 7342;
v0xabdf8d33d480_7343 .array/port v0xabdf8d33d480, 7343;
v0xabdf8d33d480_7344 .array/port v0xabdf8d33d480, 7344;
E_0xabdf8d0ee570/1837 .event anyedge, v0xabdf8d33d480_7341, v0xabdf8d33d480_7342, v0xabdf8d33d480_7343, v0xabdf8d33d480_7344;
v0xabdf8d33d480_7345 .array/port v0xabdf8d33d480, 7345;
v0xabdf8d33d480_7346 .array/port v0xabdf8d33d480, 7346;
v0xabdf8d33d480_7347 .array/port v0xabdf8d33d480, 7347;
v0xabdf8d33d480_7348 .array/port v0xabdf8d33d480, 7348;
E_0xabdf8d0ee570/1838 .event anyedge, v0xabdf8d33d480_7345, v0xabdf8d33d480_7346, v0xabdf8d33d480_7347, v0xabdf8d33d480_7348;
v0xabdf8d33d480_7349 .array/port v0xabdf8d33d480, 7349;
v0xabdf8d33d480_7350 .array/port v0xabdf8d33d480, 7350;
v0xabdf8d33d480_7351 .array/port v0xabdf8d33d480, 7351;
v0xabdf8d33d480_7352 .array/port v0xabdf8d33d480, 7352;
E_0xabdf8d0ee570/1839 .event anyedge, v0xabdf8d33d480_7349, v0xabdf8d33d480_7350, v0xabdf8d33d480_7351, v0xabdf8d33d480_7352;
v0xabdf8d33d480_7353 .array/port v0xabdf8d33d480, 7353;
v0xabdf8d33d480_7354 .array/port v0xabdf8d33d480, 7354;
v0xabdf8d33d480_7355 .array/port v0xabdf8d33d480, 7355;
v0xabdf8d33d480_7356 .array/port v0xabdf8d33d480, 7356;
E_0xabdf8d0ee570/1840 .event anyedge, v0xabdf8d33d480_7353, v0xabdf8d33d480_7354, v0xabdf8d33d480_7355, v0xabdf8d33d480_7356;
v0xabdf8d33d480_7357 .array/port v0xabdf8d33d480, 7357;
v0xabdf8d33d480_7358 .array/port v0xabdf8d33d480, 7358;
v0xabdf8d33d480_7359 .array/port v0xabdf8d33d480, 7359;
v0xabdf8d33d480_7360 .array/port v0xabdf8d33d480, 7360;
E_0xabdf8d0ee570/1841 .event anyedge, v0xabdf8d33d480_7357, v0xabdf8d33d480_7358, v0xabdf8d33d480_7359, v0xabdf8d33d480_7360;
v0xabdf8d33d480_7361 .array/port v0xabdf8d33d480, 7361;
v0xabdf8d33d480_7362 .array/port v0xabdf8d33d480, 7362;
v0xabdf8d33d480_7363 .array/port v0xabdf8d33d480, 7363;
v0xabdf8d33d480_7364 .array/port v0xabdf8d33d480, 7364;
E_0xabdf8d0ee570/1842 .event anyedge, v0xabdf8d33d480_7361, v0xabdf8d33d480_7362, v0xabdf8d33d480_7363, v0xabdf8d33d480_7364;
v0xabdf8d33d480_7365 .array/port v0xabdf8d33d480, 7365;
v0xabdf8d33d480_7366 .array/port v0xabdf8d33d480, 7366;
v0xabdf8d33d480_7367 .array/port v0xabdf8d33d480, 7367;
v0xabdf8d33d480_7368 .array/port v0xabdf8d33d480, 7368;
E_0xabdf8d0ee570/1843 .event anyedge, v0xabdf8d33d480_7365, v0xabdf8d33d480_7366, v0xabdf8d33d480_7367, v0xabdf8d33d480_7368;
v0xabdf8d33d480_7369 .array/port v0xabdf8d33d480, 7369;
v0xabdf8d33d480_7370 .array/port v0xabdf8d33d480, 7370;
v0xabdf8d33d480_7371 .array/port v0xabdf8d33d480, 7371;
v0xabdf8d33d480_7372 .array/port v0xabdf8d33d480, 7372;
E_0xabdf8d0ee570/1844 .event anyedge, v0xabdf8d33d480_7369, v0xabdf8d33d480_7370, v0xabdf8d33d480_7371, v0xabdf8d33d480_7372;
v0xabdf8d33d480_7373 .array/port v0xabdf8d33d480, 7373;
v0xabdf8d33d480_7374 .array/port v0xabdf8d33d480, 7374;
v0xabdf8d33d480_7375 .array/port v0xabdf8d33d480, 7375;
v0xabdf8d33d480_7376 .array/port v0xabdf8d33d480, 7376;
E_0xabdf8d0ee570/1845 .event anyedge, v0xabdf8d33d480_7373, v0xabdf8d33d480_7374, v0xabdf8d33d480_7375, v0xabdf8d33d480_7376;
v0xabdf8d33d480_7377 .array/port v0xabdf8d33d480, 7377;
v0xabdf8d33d480_7378 .array/port v0xabdf8d33d480, 7378;
v0xabdf8d33d480_7379 .array/port v0xabdf8d33d480, 7379;
v0xabdf8d33d480_7380 .array/port v0xabdf8d33d480, 7380;
E_0xabdf8d0ee570/1846 .event anyedge, v0xabdf8d33d480_7377, v0xabdf8d33d480_7378, v0xabdf8d33d480_7379, v0xabdf8d33d480_7380;
v0xabdf8d33d480_7381 .array/port v0xabdf8d33d480, 7381;
v0xabdf8d33d480_7382 .array/port v0xabdf8d33d480, 7382;
v0xabdf8d33d480_7383 .array/port v0xabdf8d33d480, 7383;
v0xabdf8d33d480_7384 .array/port v0xabdf8d33d480, 7384;
E_0xabdf8d0ee570/1847 .event anyedge, v0xabdf8d33d480_7381, v0xabdf8d33d480_7382, v0xabdf8d33d480_7383, v0xabdf8d33d480_7384;
v0xabdf8d33d480_7385 .array/port v0xabdf8d33d480, 7385;
v0xabdf8d33d480_7386 .array/port v0xabdf8d33d480, 7386;
v0xabdf8d33d480_7387 .array/port v0xabdf8d33d480, 7387;
v0xabdf8d33d480_7388 .array/port v0xabdf8d33d480, 7388;
E_0xabdf8d0ee570/1848 .event anyedge, v0xabdf8d33d480_7385, v0xabdf8d33d480_7386, v0xabdf8d33d480_7387, v0xabdf8d33d480_7388;
v0xabdf8d33d480_7389 .array/port v0xabdf8d33d480, 7389;
v0xabdf8d33d480_7390 .array/port v0xabdf8d33d480, 7390;
v0xabdf8d33d480_7391 .array/port v0xabdf8d33d480, 7391;
v0xabdf8d33d480_7392 .array/port v0xabdf8d33d480, 7392;
E_0xabdf8d0ee570/1849 .event anyedge, v0xabdf8d33d480_7389, v0xabdf8d33d480_7390, v0xabdf8d33d480_7391, v0xabdf8d33d480_7392;
v0xabdf8d33d480_7393 .array/port v0xabdf8d33d480, 7393;
v0xabdf8d33d480_7394 .array/port v0xabdf8d33d480, 7394;
v0xabdf8d33d480_7395 .array/port v0xabdf8d33d480, 7395;
v0xabdf8d33d480_7396 .array/port v0xabdf8d33d480, 7396;
E_0xabdf8d0ee570/1850 .event anyedge, v0xabdf8d33d480_7393, v0xabdf8d33d480_7394, v0xabdf8d33d480_7395, v0xabdf8d33d480_7396;
v0xabdf8d33d480_7397 .array/port v0xabdf8d33d480, 7397;
v0xabdf8d33d480_7398 .array/port v0xabdf8d33d480, 7398;
v0xabdf8d33d480_7399 .array/port v0xabdf8d33d480, 7399;
v0xabdf8d33d480_7400 .array/port v0xabdf8d33d480, 7400;
E_0xabdf8d0ee570/1851 .event anyedge, v0xabdf8d33d480_7397, v0xabdf8d33d480_7398, v0xabdf8d33d480_7399, v0xabdf8d33d480_7400;
v0xabdf8d33d480_7401 .array/port v0xabdf8d33d480, 7401;
v0xabdf8d33d480_7402 .array/port v0xabdf8d33d480, 7402;
v0xabdf8d33d480_7403 .array/port v0xabdf8d33d480, 7403;
v0xabdf8d33d480_7404 .array/port v0xabdf8d33d480, 7404;
E_0xabdf8d0ee570/1852 .event anyedge, v0xabdf8d33d480_7401, v0xabdf8d33d480_7402, v0xabdf8d33d480_7403, v0xabdf8d33d480_7404;
v0xabdf8d33d480_7405 .array/port v0xabdf8d33d480, 7405;
v0xabdf8d33d480_7406 .array/port v0xabdf8d33d480, 7406;
v0xabdf8d33d480_7407 .array/port v0xabdf8d33d480, 7407;
v0xabdf8d33d480_7408 .array/port v0xabdf8d33d480, 7408;
E_0xabdf8d0ee570/1853 .event anyedge, v0xabdf8d33d480_7405, v0xabdf8d33d480_7406, v0xabdf8d33d480_7407, v0xabdf8d33d480_7408;
v0xabdf8d33d480_7409 .array/port v0xabdf8d33d480, 7409;
v0xabdf8d33d480_7410 .array/port v0xabdf8d33d480, 7410;
v0xabdf8d33d480_7411 .array/port v0xabdf8d33d480, 7411;
v0xabdf8d33d480_7412 .array/port v0xabdf8d33d480, 7412;
E_0xabdf8d0ee570/1854 .event anyedge, v0xabdf8d33d480_7409, v0xabdf8d33d480_7410, v0xabdf8d33d480_7411, v0xabdf8d33d480_7412;
v0xabdf8d33d480_7413 .array/port v0xabdf8d33d480, 7413;
v0xabdf8d33d480_7414 .array/port v0xabdf8d33d480, 7414;
v0xabdf8d33d480_7415 .array/port v0xabdf8d33d480, 7415;
v0xabdf8d33d480_7416 .array/port v0xabdf8d33d480, 7416;
E_0xabdf8d0ee570/1855 .event anyedge, v0xabdf8d33d480_7413, v0xabdf8d33d480_7414, v0xabdf8d33d480_7415, v0xabdf8d33d480_7416;
v0xabdf8d33d480_7417 .array/port v0xabdf8d33d480, 7417;
v0xabdf8d33d480_7418 .array/port v0xabdf8d33d480, 7418;
v0xabdf8d33d480_7419 .array/port v0xabdf8d33d480, 7419;
v0xabdf8d33d480_7420 .array/port v0xabdf8d33d480, 7420;
E_0xabdf8d0ee570/1856 .event anyedge, v0xabdf8d33d480_7417, v0xabdf8d33d480_7418, v0xabdf8d33d480_7419, v0xabdf8d33d480_7420;
v0xabdf8d33d480_7421 .array/port v0xabdf8d33d480, 7421;
v0xabdf8d33d480_7422 .array/port v0xabdf8d33d480, 7422;
v0xabdf8d33d480_7423 .array/port v0xabdf8d33d480, 7423;
v0xabdf8d33d480_7424 .array/port v0xabdf8d33d480, 7424;
E_0xabdf8d0ee570/1857 .event anyedge, v0xabdf8d33d480_7421, v0xabdf8d33d480_7422, v0xabdf8d33d480_7423, v0xabdf8d33d480_7424;
v0xabdf8d33d480_7425 .array/port v0xabdf8d33d480, 7425;
v0xabdf8d33d480_7426 .array/port v0xabdf8d33d480, 7426;
v0xabdf8d33d480_7427 .array/port v0xabdf8d33d480, 7427;
v0xabdf8d33d480_7428 .array/port v0xabdf8d33d480, 7428;
E_0xabdf8d0ee570/1858 .event anyedge, v0xabdf8d33d480_7425, v0xabdf8d33d480_7426, v0xabdf8d33d480_7427, v0xabdf8d33d480_7428;
v0xabdf8d33d480_7429 .array/port v0xabdf8d33d480, 7429;
v0xabdf8d33d480_7430 .array/port v0xabdf8d33d480, 7430;
v0xabdf8d33d480_7431 .array/port v0xabdf8d33d480, 7431;
v0xabdf8d33d480_7432 .array/port v0xabdf8d33d480, 7432;
E_0xabdf8d0ee570/1859 .event anyedge, v0xabdf8d33d480_7429, v0xabdf8d33d480_7430, v0xabdf8d33d480_7431, v0xabdf8d33d480_7432;
v0xabdf8d33d480_7433 .array/port v0xabdf8d33d480, 7433;
v0xabdf8d33d480_7434 .array/port v0xabdf8d33d480, 7434;
v0xabdf8d33d480_7435 .array/port v0xabdf8d33d480, 7435;
v0xabdf8d33d480_7436 .array/port v0xabdf8d33d480, 7436;
E_0xabdf8d0ee570/1860 .event anyedge, v0xabdf8d33d480_7433, v0xabdf8d33d480_7434, v0xabdf8d33d480_7435, v0xabdf8d33d480_7436;
v0xabdf8d33d480_7437 .array/port v0xabdf8d33d480, 7437;
v0xabdf8d33d480_7438 .array/port v0xabdf8d33d480, 7438;
v0xabdf8d33d480_7439 .array/port v0xabdf8d33d480, 7439;
v0xabdf8d33d480_7440 .array/port v0xabdf8d33d480, 7440;
E_0xabdf8d0ee570/1861 .event anyedge, v0xabdf8d33d480_7437, v0xabdf8d33d480_7438, v0xabdf8d33d480_7439, v0xabdf8d33d480_7440;
v0xabdf8d33d480_7441 .array/port v0xabdf8d33d480, 7441;
v0xabdf8d33d480_7442 .array/port v0xabdf8d33d480, 7442;
v0xabdf8d33d480_7443 .array/port v0xabdf8d33d480, 7443;
v0xabdf8d33d480_7444 .array/port v0xabdf8d33d480, 7444;
E_0xabdf8d0ee570/1862 .event anyedge, v0xabdf8d33d480_7441, v0xabdf8d33d480_7442, v0xabdf8d33d480_7443, v0xabdf8d33d480_7444;
v0xabdf8d33d480_7445 .array/port v0xabdf8d33d480, 7445;
v0xabdf8d33d480_7446 .array/port v0xabdf8d33d480, 7446;
v0xabdf8d33d480_7447 .array/port v0xabdf8d33d480, 7447;
v0xabdf8d33d480_7448 .array/port v0xabdf8d33d480, 7448;
E_0xabdf8d0ee570/1863 .event anyedge, v0xabdf8d33d480_7445, v0xabdf8d33d480_7446, v0xabdf8d33d480_7447, v0xabdf8d33d480_7448;
v0xabdf8d33d480_7449 .array/port v0xabdf8d33d480, 7449;
v0xabdf8d33d480_7450 .array/port v0xabdf8d33d480, 7450;
v0xabdf8d33d480_7451 .array/port v0xabdf8d33d480, 7451;
v0xabdf8d33d480_7452 .array/port v0xabdf8d33d480, 7452;
E_0xabdf8d0ee570/1864 .event anyedge, v0xabdf8d33d480_7449, v0xabdf8d33d480_7450, v0xabdf8d33d480_7451, v0xabdf8d33d480_7452;
v0xabdf8d33d480_7453 .array/port v0xabdf8d33d480, 7453;
v0xabdf8d33d480_7454 .array/port v0xabdf8d33d480, 7454;
v0xabdf8d33d480_7455 .array/port v0xabdf8d33d480, 7455;
v0xabdf8d33d480_7456 .array/port v0xabdf8d33d480, 7456;
E_0xabdf8d0ee570/1865 .event anyedge, v0xabdf8d33d480_7453, v0xabdf8d33d480_7454, v0xabdf8d33d480_7455, v0xabdf8d33d480_7456;
v0xabdf8d33d480_7457 .array/port v0xabdf8d33d480, 7457;
v0xabdf8d33d480_7458 .array/port v0xabdf8d33d480, 7458;
v0xabdf8d33d480_7459 .array/port v0xabdf8d33d480, 7459;
v0xabdf8d33d480_7460 .array/port v0xabdf8d33d480, 7460;
E_0xabdf8d0ee570/1866 .event anyedge, v0xabdf8d33d480_7457, v0xabdf8d33d480_7458, v0xabdf8d33d480_7459, v0xabdf8d33d480_7460;
v0xabdf8d33d480_7461 .array/port v0xabdf8d33d480, 7461;
v0xabdf8d33d480_7462 .array/port v0xabdf8d33d480, 7462;
v0xabdf8d33d480_7463 .array/port v0xabdf8d33d480, 7463;
v0xabdf8d33d480_7464 .array/port v0xabdf8d33d480, 7464;
E_0xabdf8d0ee570/1867 .event anyedge, v0xabdf8d33d480_7461, v0xabdf8d33d480_7462, v0xabdf8d33d480_7463, v0xabdf8d33d480_7464;
v0xabdf8d33d480_7465 .array/port v0xabdf8d33d480, 7465;
v0xabdf8d33d480_7466 .array/port v0xabdf8d33d480, 7466;
v0xabdf8d33d480_7467 .array/port v0xabdf8d33d480, 7467;
v0xabdf8d33d480_7468 .array/port v0xabdf8d33d480, 7468;
E_0xabdf8d0ee570/1868 .event anyedge, v0xabdf8d33d480_7465, v0xabdf8d33d480_7466, v0xabdf8d33d480_7467, v0xabdf8d33d480_7468;
v0xabdf8d33d480_7469 .array/port v0xabdf8d33d480, 7469;
v0xabdf8d33d480_7470 .array/port v0xabdf8d33d480, 7470;
v0xabdf8d33d480_7471 .array/port v0xabdf8d33d480, 7471;
v0xabdf8d33d480_7472 .array/port v0xabdf8d33d480, 7472;
E_0xabdf8d0ee570/1869 .event anyedge, v0xabdf8d33d480_7469, v0xabdf8d33d480_7470, v0xabdf8d33d480_7471, v0xabdf8d33d480_7472;
v0xabdf8d33d480_7473 .array/port v0xabdf8d33d480, 7473;
v0xabdf8d33d480_7474 .array/port v0xabdf8d33d480, 7474;
v0xabdf8d33d480_7475 .array/port v0xabdf8d33d480, 7475;
v0xabdf8d33d480_7476 .array/port v0xabdf8d33d480, 7476;
E_0xabdf8d0ee570/1870 .event anyedge, v0xabdf8d33d480_7473, v0xabdf8d33d480_7474, v0xabdf8d33d480_7475, v0xabdf8d33d480_7476;
v0xabdf8d33d480_7477 .array/port v0xabdf8d33d480, 7477;
v0xabdf8d33d480_7478 .array/port v0xabdf8d33d480, 7478;
v0xabdf8d33d480_7479 .array/port v0xabdf8d33d480, 7479;
v0xabdf8d33d480_7480 .array/port v0xabdf8d33d480, 7480;
E_0xabdf8d0ee570/1871 .event anyedge, v0xabdf8d33d480_7477, v0xabdf8d33d480_7478, v0xabdf8d33d480_7479, v0xabdf8d33d480_7480;
v0xabdf8d33d480_7481 .array/port v0xabdf8d33d480, 7481;
v0xabdf8d33d480_7482 .array/port v0xabdf8d33d480, 7482;
v0xabdf8d33d480_7483 .array/port v0xabdf8d33d480, 7483;
v0xabdf8d33d480_7484 .array/port v0xabdf8d33d480, 7484;
E_0xabdf8d0ee570/1872 .event anyedge, v0xabdf8d33d480_7481, v0xabdf8d33d480_7482, v0xabdf8d33d480_7483, v0xabdf8d33d480_7484;
v0xabdf8d33d480_7485 .array/port v0xabdf8d33d480, 7485;
v0xabdf8d33d480_7486 .array/port v0xabdf8d33d480, 7486;
v0xabdf8d33d480_7487 .array/port v0xabdf8d33d480, 7487;
v0xabdf8d33d480_7488 .array/port v0xabdf8d33d480, 7488;
E_0xabdf8d0ee570/1873 .event anyedge, v0xabdf8d33d480_7485, v0xabdf8d33d480_7486, v0xabdf8d33d480_7487, v0xabdf8d33d480_7488;
v0xabdf8d33d480_7489 .array/port v0xabdf8d33d480, 7489;
v0xabdf8d33d480_7490 .array/port v0xabdf8d33d480, 7490;
v0xabdf8d33d480_7491 .array/port v0xabdf8d33d480, 7491;
v0xabdf8d33d480_7492 .array/port v0xabdf8d33d480, 7492;
E_0xabdf8d0ee570/1874 .event anyedge, v0xabdf8d33d480_7489, v0xabdf8d33d480_7490, v0xabdf8d33d480_7491, v0xabdf8d33d480_7492;
v0xabdf8d33d480_7493 .array/port v0xabdf8d33d480, 7493;
v0xabdf8d33d480_7494 .array/port v0xabdf8d33d480, 7494;
v0xabdf8d33d480_7495 .array/port v0xabdf8d33d480, 7495;
v0xabdf8d33d480_7496 .array/port v0xabdf8d33d480, 7496;
E_0xabdf8d0ee570/1875 .event anyedge, v0xabdf8d33d480_7493, v0xabdf8d33d480_7494, v0xabdf8d33d480_7495, v0xabdf8d33d480_7496;
v0xabdf8d33d480_7497 .array/port v0xabdf8d33d480, 7497;
v0xabdf8d33d480_7498 .array/port v0xabdf8d33d480, 7498;
v0xabdf8d33d480_7499 .array/port v0xabdf8d33d480, 7499;
v0xabdf8d33d480_7500 .array/port v0xabdf8d33d480, 7500;
E_0xabdf8d0ee570/1876 .event anyedge, v0xabdf8d33d480_7497, v0xabdf8d33d480_7498, v0xabdf8d33d480_7499, v0xabdf8d33d480_7500;
v0xabdf8d33d480_7501 .array/port v0xabdf8d33d480, 7501;
v0xabdf8d33d480_7502 .array/port v0xabdf8d33d480, 7502;
v0xabdf8d33d480_7503 .array/port v0xabdf8d33d480, 7503;
v0xabdf8d33d480_7504 .array/port v0xabdf8d33d480, 7504;
E_0xabdf8d0ee570/1877 .event anyedge, v0xabdf8d33d480_7501, v0xabdf8d33d480_7502, v0xabdf8d33d480_7503, v0xabdf8d33d480_7504;
v0xabdf8d33d480_7505 .array/port v0xabdf8d33d480, 7505;
v0xabdf8d33d480_7506 .array/port v0xabdf8d33d480, 7506;
v0xabdf8d33d480_7507 .array/port v0xabdf8d33d480, 7507;
v0xabdf8d33d480_7508 .array/port v0xabdf8d33d480, 7508;
E_0xabdf8d0ee570/1878 .event anyedge, v0xabdf8d33d480_7505, v0xabdf8d33d480_7506, v0xabdf8d33d480_7507, v0xabdf8d33d480_7508;
v0xabdf8d33d480_7509 .array/port v0xabdf8d33d480, 7509;
v0xabdf8d33d480_7510 .array/port v0xabdf8d33d480, 7510;
v0xabdf8d33d480_7511 .array/port v0xabdf8d33d480, 7511;
v0xabdf8d33d480_7512 .array/port v0xabdf8d33d480, 7512;
E_0xabdf8d0ee570/1879 .event anyedge, v0xabdf8d33d480_7509, v0xabdf8d33d480_7510, v0xabdf8d33d480_7511, v0xabdf8d33d480_7512;
v0xabdf8d33d480_7513 .array/port v0xabdf8d33d480, 7513;
v0xabdf8d33d480_7514 .array/port v0xabdf8d33d480, 7514;
v0xabdf8d33d480_7515 .array/port v0xabdf8d33d480, 7515;
v0xabdf8d33d480_7516 .array/port v0xabdf8d33d480, 7516;
E_0xabdf8d0ee570/1880 .event anyedge, v0xabdf8d33d480_7513, v0xabdf8d33d480_7514, v0xabdf8d33d480_7515, v0xabdf8d33d480_7516;
v0xabdf8d33d480_7517 .array/port v0xabdf8d33d480, 7517;
v0xabdf8d33d480_7518 .array/port v0xabdf8d33d480, 7518;
v0xabdf8d33d480_7519 .array/port v0xabdf8d33d480, 7519;
v0xabdf8d33d480_7520 .array/port v0xabdf8d33d480, 7520;
E_0xabdf8d0ee570/1881 .event anyedge, v0xabdf8d33d480_7517, v0xabdf8d33d480_7518, v0xabdf8d33d480_7519, v0xabdf8d33d480_7520;
v0xabdf8d33d480_7521 .array/port v0xabdf8d33d480, 7521;
v0xabdf8d33d480_7522 .array/port v0xabdf8d33d480, 7522;
v0xabdf8d33d480_7523 .array/port v0xabdf8d33d480, 7523;
v0xabdf8d33d480_7524 .array/port v0xabdf8d33d480, 7524;
E_0xabdf8d0ee570/1882 .event anyedge, v0xabdf8d33d480_7521, v0xabdf8d33d480_7522, v0xabdf8d33d480_7523, v0xabdf8d33d480_7524;
v0xabdf8d33d480_7525 .array/port v0xabdf8d33d480, 7525;
v0xabdf8d33d480_7526 .array/port v0xabdf8d33d480, 7526;
v0xabdf8d33d480_7527 .array/port v0xabdf8d33d480, 7527;
v0xabdf8d33d480_7528 .array/port v0xabdf8d33d480, 7528;
E_0xabdf8d0ee570/1883 .event anyedge, v0xabdf8d33d480_7525, v0xabdf8d33d480_7526, v0xabdf8d33d480_7527, v0xabdf8d33d480_7528;
v0xabdf8d33d480_7529 .array/port v0xabdf8d33d480, 7529;
v0xabdf8d33d480_7530 .array/port v0xabdf8d33d480, 7530;
v0xabdf8d33d480_7531 .array/port v0xabdf8d33d480, 7531;
v0xabdf8d33d480_7532 .array/port v0xabdf8d33d480, 7532;
E_0xabdf8d0ee570/1884 .event anyedge, v0xabdf8d33d480_7529, v0xabdf8d33d480_7530, v0xabdf8d33d480_7531, v0xabdf8d33d480_7532;
v0xabdf8d33d480_7533 .array/port v0xabdf8d33d480, 7533;
v0xabdf8d33d480_7534 .array/port v0xabdf8d33d480, 7534;
v0xabdf8d33d480_7535 .array/port v0xabdf8d33d480, 7535;
v0xabdf8d33d480_7536 .array/port v0xabdf8d33d480, 7536;
E_0xabdf8d0ee570/1885 .event anyedge, v0xabdf8d33d480_7533, v0xabdf8d33d480_7534, v0xabdf8d33d480_7535, v0xabdf8d33d480_7536;
v0xabdf8d33d480_7537 .array/port v0xabdf8d33d480, 7537;
v0xabdf8d33d480_7538 .array/port v0xabdf8d33d480, 7538;
v0xabdf8d33d480_7539 .array/port v0xabdf8d33d480, 7539;
v0xabdf8d33d480_7540 .array/port v0xabdf8d33d480, 7540;
E_0xabdf8d0ee570/1886 .event anyedge, v0xabdf8d33d480_7537, v0xabdf8d33d480_7538, v0xabdf8d33d480_7539, v0xabdf8d33d480_7540;
v0xabdf8d33d480_7541 .array/port v0xabdf8d33d480, 7541;
v0xabdf8d33d480_7542 .array/port v0xabdf8d33d480, 7542;
v0xabdf8d33d480_7543 .array/port v0xabdf8d33d480, 7543;
v0xabdf8d33d480_7544 .array/port v0xabdf8d33d480, 7544;
E_0xabdf8d0ee570/1887 .event anyedge, v0xabdf8d33d480_7541, v0xabdf8d33d480_7542, v0xabdf8d33d480_7543, v0xabdf8d33d480_7544;
v0xabdf8d33d480_7545 .array/port v0xabdf8d33d480, 7545;
v0xabdf8d33d480_7546 .array/port v0xabdf8d33d480, 7546;
v0xabdf8d33d480_7547 .array/port v0xabdf8d33d480, 7547;
v0xabdf8d33d480_7548 .array/port v0xabdf8d33d480, 7548;
E_0xabdf8d0ee570/1888 .event anyedge, v0xabdf8d33d480_7545, v0xabdf8d33d480_7546, v0xabdf8d33d480_7547, v0xabdf8d33d480_7548;
v0xabdf8d33d480_7549 .array/port v0xabdf8d33d480, 7549;
v0xabdf8d33d480_7550 .array/port v0xabdf8d33d480, 7550;
v0xabdf8d33d480_7551 .array/port v0xabdf8d33d480, 7551;
v0xabdf8d33d480_7552 .array/port v0xabdf8d33d480, 7552;
E_0xabdf8d0ee570/1889 .event anyedge, v0xabdf8d33d480_7549, v0xabdf8d33d480_7550, v0xabdf8d33d480_7551, v0xabdf8d33d480_7552;
v0xabdf8d33d480_7553 .array/port v0xabdf8d33d480, 7553;
v0xabdf8d33d480_7554 .array/port v0xabdf8d33d480, 7554;
v0xabdf8d33d480_7555 .array/port v0xabdf8d33d480, 7555;
v0xabdf8d33d480_7556 .array/port v0xabdf8d33d480, 7556;
E_0xabdf8d0ee570/1890 .event anyedge, v0xabdf8d33d480_7553, v0xabdf8d33d480_7554, v0xabdf8d33d480_7555, v0xabdf8d33d480_7556;
v0xabdf8d33d480_7557 .array/port v0xabdf8d33d480, 7557;
v0xabdf8d33d480_7558 .array/port v0xabdf8d33d480, 7558;
v0xabdf8d33d480_7559 .array/port v0xabdf8d33d480, 7559;
v0xabdf8d33d480_7560 .array/port v0xabdf8d33d480, 7560;
E_0xabdf8d0ee570/1891 .event anyedge, v0xabdf8d33d480_7557, v0xabdf8d33d480_7558, v0xabdf8d33d480_7559, v0xabdf8d33d480_7560;
v0xabdf8d33d480_7561 .array/port v0xabdf8d33d480, 7561;
v0xabdf8d33d480_7562 .array/port v0xabdf8d33d480, 7562;
v0xabdf8d33d480_7563 .array/port v0xabdf8d33d480, 7563;
v0xabdf8d33d480_7564 .array/port v0xabdf8d33d480, 7564;
E_0xabdf8d0ee570/1892 .event anyedge, v0xabdf8d33d480_7561, v0xabdf8d33d480_7562, v0xabdf8d33d480_7563, v0xabdf8d33d480_7564;
v0xabdf8d33d480_7565 .array/port v0xabdf8d33d480, 7565;
v0xabdf8d33d480_7566 .array/port v0xabdf8d33d480, 7566;
v0xabdf8d33d480_7567 .array/port v0xabdf8d33d480, 7567;
v0xabdf8d33d480_7568 .array/port v0xabdf8d33d480, 7568;
E_0xabdf8d0ee570/1893 .event anyedge, v0xabdf8d33d480_7565, v0xabdf8d33d480_7566, v0xabdf8d33d480_7567, v0xabdf8d33d480_7568;
v0xabdf8d33d480_7569 .array/port v0xabdf8d33d480, 7569;
v0xabdf8d33d480_7570 .array/port v0xabdf8d33d480, 7570;
v0xabdf8d33d480_7571 .array/port v0xabdf8d33d480, 7571;
v0xabdf8d33d480_7572 .array/port v0xabdf8d33d480, 7572;
E_0xabdf8d0ee570/1894 .event anyedge, v0xabdf8d33d480_7569, v0xabdf8d33d480_7570, v0xabdf8d33d480_7571, v0xabdf8d33d480_7572;
v0xabdf8d33d480_7573 .array/port v0xabdf8d33d480, 7573;
v0xabdf8d33d480_7574 .array/port v0xabdf8d33d480, 7574;
v0xabdf8d33d480_7575 .array/port v0xabdf8d33d480, 7575;
v0xabdf8d33d480_7576 .array/port v0xabdf8d33d480, 7576;
E_0xabdf8d0ee570/1895 .event anyedge, v0xabdf8d33d480_7573, v0xabdf8d33d480_7574, v0xabdf8d33d480_7575, v0xabdf8d33d480_7576;
v0xabdf8d33d480_7577 .array/port v0xabdf8d33d480, 7577;
v0xabdf8d33d480_7578 .array/port v0xabdf8d33d480, 7578;
v0xabdf8d33d480_7579 .array/port v0xabdf8d33d480, 7579;
v0xabdf8d33d480_7580 .array/port v0xabdf8d33d480, 7580;
E_0xabdf8d0ee570/1896 .event anyedge, v0xabdf8d33d480_7577, v0xabdf8d33d480_7578, v0xabdf8d33d480_7579, v0xabdf8d33d480_7580;
v0xabdf8d33d480_7581 .array/port v0xabdf8d33d480, 7581;
v0xabdf8d33d480_7582 .array/port v0xabdf8d33d480, 7582;
v0xabdf8d33d480_7583 .array/port v0xabdf8d33d480, 7583;
v0xabdf8d33d480_7584 .array/port v0xabdf8d33d480, 7584;
E_0xabdf8d0ee570/1897 .event anyedge, v0xabdf8d33d480_7581, v0xabdf8d33d480_7582, v0xabdf8d33d480_7583, v0xabdf8d33d480_7584;
v0xabdf8d33d480_7585 .array/port v0xabdf8d33d480, 7585;
v0xabdf8d33d480_7586 .array/port v0xabdf8d33d480, 7586;
v0xabdf8d33d480_7587 .array/port v0xabdf8d33d480, 7587;
v0xabdf8d33d480_7588 .array/port v0xabdf8d33d480, 7588;
E_0xabdf8d0ee570/1898 .event anyedge, v0xabdf8d33d480_7585, v0xabdf8d33d480_7586, v0xabdf8d33d480_7587, v0xabdf8d33d480_7588;
v0xabdf8d33d480_7589 .array/port v0xabdf8d33d480, 7589;
v0xabdf8d33d480_7590 .array/port v0xabdf8d33d480, 7590;
v0xabdf8d33d480_7591 .array/port v0xabdf8d33d480, 7591;
v0xabdf8d33d480_7592 .array/port v0xabdf8d33d480, 7592;
E_0xabdf8d0ee570/1899 .event anyedge, v0xabdf8d33d480_7589, v0xabdf8d33d480_7590, v0xabdf8d33d480_7591, v0xabdf8d33d480_7592;
v0xabdf8d33d480_7593 .array/port v0xabdf8d33d480, 7593;
v0xabdf8d33d480_7594 .array/port v0xabdf8d33d480, 7594;
v0xabdf8d33d480_7595 .array/port v0xabdf8d33d480, 7595;
v0xabdf8d33d480_7596 .array/port v0xabdf8d33d480, 7596;
E_0xabdf8d0ee570/1900 .event anyedge, v0xabdf8d33d480_7593, v0xabdf8d33d480_7594, v0xabdf8d33d480_7595, v0xabdf8d33d480_7596;
v0xabdf8d33d480_7597 .array/port v0xabdf8d33d480, 7597;
v0xabdf8d33d480_7598 .array/port v0xabdf8d33d480, 7598;
v0xabdf8d33d480_7599 .array/port v0xabdf8d33d480, 7599;
v0xabdf8d33d480_7600 .array/port v0xabdf8d33d480, 7600;
E_0xabdf8d0ee570/1901 .event anyedge, v0xabdf8d33d480_7597, v0xabdf8d33d480_7598, v0xabdf8d33d480_7599, v0xabdf8d33d480_7600;
v0xabdf8d33d480_7601 .array/port v0xabdf8d33d480, 7601;
v0xabdf8d33d480_7602 .array/port v0xabdf8d33d480, 7602;
v0xabdf8d33d480_7603 .array/port v0xabdf8d33d480, 7603;
v0xabdf8d33d480_7604 .array/port v0xabdf8d33d480, 7604;
E_0xabdf8d0ee570/1902 .event anyedge, v0xabdf8d33d480_7601, v0xabdf8d33d480_7602, v0xabdf8d33d480_7603, v0xabdf8d33d480_7604;
v0xabdf8d33d480_7605 .array/port v0xabdf8d33d480, 7605;
v0xabdf8d33d480_7606 .array/port v0xabdf8d33d480, 7606;
v0xabdf8d33d480_7607 .array/port v0xabdf8d33d480, 7607;
v0xabdf8d33d480_7608 .array/port v0xabdf8d33d480, 7608;
E_0xabdf8d0ee570/1903 .event anyedge, v0xabdf8d33d480_7605, v0xabdf8d33d480_7606, v0xabdf8d33d480_7607, v0xabdf8d33d480_7608;
v0xabdf8d33d480_7609 .array/port v0xabdf8d33d480, 7609;
v0xabdf8d33d480_7610 .array/port v0xabdf8d33d480, 7610;
v0xabdf8d33d480_7611 .array/port v0xabdf8d33d480, 7611;
v0xabdf8d33d480_7612 .array/port v0xabdf8d33d480, 7612;
E_0xabdf8d0ee570/1904 .event anyedge, v0xabdf8d33d480_7609, v0xabdf8d33d480_7610, v0xabdf8d33d480_7611, v0xabdf8d33d480_7612;
v0xabdf8d33d480_7613 .array/port v0xabdf8d33d480, 7613;
v0xabdf8d33d480_7614 .array/port v0xabdf8d33d480, 7614;
v0xabdf8d33d480_7615 .array/port v0xabdf8d33d480, 7615;
v0xabdf8d33d480_7616 .array/port v0xabdf8d33d480, 7616;
E_0xabdf8d0ee570/1905 .event anyedge, v0xabdf8d33d480_7613, v0xabdf8d33d480_7614, v0xabdf8d33d480_7615, v0xabdf8d33d480_7616;
v0xabdf8d33d480_7617 .array/port v0xabdf8d33d480, 7617;
v0xabdf8d33d480_7618 .array/port v0xabdf8d33d480, 7618;
v0xabdf8d33d480_7619 .array/port v0xabdf8d33d480, 7619;
v0xabdf8d33d480_7620 .array/port v0xabdf8d33d480, 7620;
E_0xabdf8d0ee570/1906 .event anyedge, v0xabdf8d33d480_7617, v0xabdf8d33d480_7618, v0xabdf8d33d480_7619, v0xabdf8d33d480_7620;
v0xabdf8d33d480_7621 .array/port v0xabdf8d33d480, 7621;
v0xabdf8d33d480_7622 .array/port v0xabdf8d33d480, 7622;
v0xabdf8d33d480_7623 .array/port v0xabdf8d33d480, 7623;
v0xabdf8d33d480_7624 .array/port v0xabdf8d33d480, 7624;
E_0xabdf8d0ee570/1907 .event anyedge, v0xabdf8d33d480_7621, v0xabdf8d33d480_7622, v0xabdf8d33d480_7623, v0xabdf8d33d480_7624;
v0xabdf8d33d480_7625 .array/port v0xabdf8d33d480, 7625;
v0xabdf8d33d480_7626 .array/port v0xabdf8d33d480, 7626;
v0xabdf8d33d480_7627 .array/port v0xabdf8d33d480, 7627;
v0xabdf8d33d480_7628 .array/port v0xabdf8d33d480, 7628;
E_0xabdf8d0ee570/1908 .event anyedge, v0xabdf8d33d480_7625, v0xabdf8d33d480_7626, v0xabdf8d33d480_7627, v0xabdf8d33d480_7628;
v0xabdf8d33d480_7629 .array/port v0xabdf8d33d480, 7629;
v0xabdf8d33d480_7630 .array/port v0xabdf8d33d480, 7630;
v0xabdf8d33d480_7631 .array/port v0xabdf8d33d480, 7631;
v0xabdf8d33d480_7632 .array/port v0xabdf8d33d480, 7632;
E_0xabdf8d0ee570/1909 .event anyedge, v0xabdf8d33d480_7629, v0xabdf8d33d480_7630, v0xabdf8d33d480_7631, v0xabdf8d33d480_7632;
v0xabdf8d33d480_7633 .array/port v0xabdf8d33d480, 7633;
v0xabdf8d33d480_7634 .array/port v0xabdf8d33d480, 7634;
v0xabdf8d33d480_7635 .array/port v0xabdf8d33d480, 7635;
v0xabdf8d33d480_7636 .array/port v0xabdf8d33d480, 7636;
E_0xabdf8d0ee570/1910 .event anyedge, v0xabdf8d33d480_7633, v0xabdf8d33d480_7634, v0xabdf8d33d480_7635, v0xabdf8d33d480_7636;
v0xabdf8d33d480_7637 .array/port v0xabdf8d33d480, 7637;
v0xabdf8d33d480_7638 .array/port v0xabdf8d33d480, 7638;
v0xabdf8d33d480_7639 .array/port v0xabdf8d33d480, 7639;
v0xabdf8d33d480_7640 .array/port v0xabdf8d33d480, 7640;
E_0xabdf8d0ee570/1911 .event anyedge, v0xabdf8d33d480_7637, v0xabdf8d33d480_7638, v0xabdf8d33d480_7639, v0xabdf8d33d480_7640;
v0xabdf8d33d480_7641 .array/port v0xabdf8d33d480, 7641;
v0xabdf8d33d480_7642 .array/port v0xabdf8d33d480, 7642;
v0xabdf8d33d480_7643 .array/port v0xabdf8d33d480, 7643;
v0xabdf8d33d480_7644 .array/port v0xabdf8d33d480, 7644;
E_0xabdf8d0ee570/1912 .event anyedge, v0xabdf8d33d480_7641, v0xabdf8d33d480_7642, v0xabdf8d33d480_7643, v0xabdf8d33d480_7644;
v0xabdf8d33d480_7645 .array/port v0xabdf8d33d480, 7645;
v0xabdf8d33d480_7646 .array/port v0xabdf8d33d480, 7646;
v0xabdf8d33d480_7647 .array/port v0xabdf8d33d480, 7647;
v0xabdf8d33d480_7648 .array/port v0xabdf8d33d480, 7648;
E_0xabdf8d0ee570/1913 .event anyedge, v0xabdf8d33d480_7645, v0xabdf8d33d480_7646, v0xabdf8d33d480_7647, v0xabdf8d33d480_7648;
v0xabdf8d33d480_7649 .array/port v0xabdf8d33d480, 7649;
v0xabdf8d33d480_7650 .array/port v0xabdf8d33d480, 7650;
v0xabdf8d33d480_7651 .array/port v0xabdf8d33d480, 7651;
v0xabdf8d33d480_7652 .array/port v0xabdf8d33d480, 7652;
E_0xabdf8d0ee570/1914 .event anyedge, v0xabdf8d33d480_7649, v0xabdf8d33d480_7650, v0xabdf8d33d480_7651, v0xabdf8d33d480_7652;
v0xabdf8d33d480_7653 .array/port v0xabdf8d33d480, 7653;
v0xabdf8d33d480_7654 .array/port v0xabdf8d33d480, 7654;
v0xabdf8d33d480_7655 .array/port v0xabdf8d33d480, 7655;
v0xabdf8d33d480_7656 .array/port v0xabdf8d33d480, 7656;
E_0xabdf8d0ee570/1915 .event anyedge, v0xabdf8d33d480_7653, v0xabdf8d33d480_7654, v0xabdf8d33d480_7655, v0xabdf8d33d480_7656;
v0xabdf8d33d480_7657 .array/port v0xabdf8d33d480, 7657;
v0xabdf8d33d480_7658 .array/port v0xabdf8d33d480, 7658;
v0xabdf8d33d480_7659 .array/port v0xabdf8d33d480, 7659;
v0xabdf8d33d480_7660 .array/port v0xabdf8d33d480, 7660;
E_0xabdf8d0ee570/1916 .event anyedge, v0xabdf8d33d480_7657, v0xabdf8d33d480_7658, v0xabdf8d33d480_7659, v0xabdf8d33d480_7660;
v0xabdf8d33d480_7661 .array/port v0xabdf8d33d480, 7661;
v0xabdf8d33d480_7662 .array/port v0xabdf8d33d480, 7662;
v0xabdf8d33d480_7663 .array/port v0xabdf8d33d480, 7663;
v0xabdf8d33d480_7664 .array/port v0xabdf8d33d480, 7664;
E_0xabdf8d0ee570/1917 .event anyedge, v0xabdf8d33d480_7661, v0xabdf8d33d480_7662, v0xabdf8d33d480_7663, v0xabdf8d33d480_7664;
v0xabdf8d33d480_7665 .array/port v0xabdf8d33d480, 7665;
v0xabdf8d33d480_7666 .array/port v0xabdf8d33d480, 7666;
v0xabdf8d33d480_7667 .array/port v0xabdf8d33d480, 7667;
v0xabdf8d33d480_7668 .array/port v0xabdf8d33d480, 7668;
E_0xabdf8d0ee570/1918 .event anyedge, v0xabdf8d33d480_7665, v0xabdf8d33d480_7666, v0xabdf8d33d480_7667, v0xabdf8d33d480_7668;
v0xabdf8d33d480_7669 .array/port v0xabdf8d33d480, 7669;
v0xabdf8d33d480_7670 .array/port v0xabdf8d33d480, 7670;
v0xabdf8d33d480_7671 .array/port v0xabdf8d33d480, 7671;
v0xabdf8d33d480_7672 .array/port v0xabdf8d33d480, 7672;
E_0xabdf8d0ee570/1919 .event anyedge, v0xabdf8d33d480_7669, v0xabdf8d33d480_7670, v0xabdf8d33d480_7671, v0xabdf8d33d480_7672;
v0xabdf8d33d480_7673 .array/port v0xabdf8d33d480, 7673;
v0xabdf8d33d480_7674 .array/port v0xabdf8d33d480, 7674;
v0xabdf8d33d480_7675 .array/port v0xabdf8d33d480, 7675;
v0xabdf8d33d480_7676 .array/port v0xabdf8d33d480, 7676;
E_0xabdf8d0ee570/1920 .event anyedge, v0xabdf8d33d480_7673, v0xabdf8d33d480_7674, v0xabdf8d33d480_7675, v0xabdf8d33d480_7676;
v0xabdf8d33d480_7677 .array/port v0xabdf8d33d480, 7677;
v0xabdf8d33d480_7678 .array/port v0xabdf8d33d480, 7678;
v0xabdf8d33d480_7679 .array/port v0xabdf8d33d480, 7679;
v0xabdf8d33d480_7680 .array/port v0xabdf8d33d480, 7680;
E_0xabdf8d0ee570/1921 .event anyedge, v0xabdf8d33d480_7677, v0xabdf8d33d480_7678, v0xabdf8d33d480_7679, v0xabdf8d33d480_7680;
v0xabdf8d33d480_7681 .array/port v0xabdf8d33d480, 7681;
v0xabdf8d33d480_7682 .array/port v0xabdf8d33d480, 7682;
v0xabdf8d33d480_7683 .array/port v0xabdf8d33d480, 7683;
v0xabdf8d33d480_7684 .array/port v0xabdf8d33d480, 7684;
E_0xabdf8d0ee570/1922 .event anyedge, v0xabdf8d33d480_7681, v0xabdf8d33d480_7682, v0xabdf8d33d480_7683, v0xabdf8d33d480_7684;
v0xabdf8d33d480_7685 .array/port v0xabdf8d33d480, 7685;
v0xabdf8d33d480_7686 .array/port v0xabdf8d33d480, 7686;
v0xabdf8d33d480_7687 .array/port v0xabdf8d33d480, 7687;
v0xabdf8d33d480_7688 .array/port v0xabdf8d33d480, 7688;
E_0xabdf8d0ee570/1923 .event anyedge, v0xabdf8d33d480_7685, v0xabdf8d33d480_7686, v0xabdf8d33d480_7687, v0xabdf8d33d480_7688;
v0xabdf8d33d480_7689 .array/port v0xabdf8d33d480, 7689;
v0xabdf8d33d480_7690 .array/port v0xabdf8d33d480, 7690;
v0xabdf8d33d480_7691 .array/port v0xabdf8d33d480, 7691;
v0xabdf8d33d480_7692 .array/port v0xabdf8d33d480, 7692;
E_0xabdf8d0ee570/1924 .event anyedge, v0xabdf8d33d480_7689, v0xabdf8d33d480_7690, v0xabdf8d33d480_7691, v0xabdf8d33d480_7692;
v0xabdf8d33d480_7693 .array/port v0xabdf8d33d480, 7693;
v0xabdf8d33d480_7694 .array/port v0xabdf8d33d480, 7694;
v0xabdf8d33d480_7695 .array/port v0xabdf8d33d480, 7695;
v0xabdf8d33d480_7696 .array/port v0xabdf8d33d480, 7696;
E_0xabdf8d0ee570/1925 .event anyedge, v0xabdf8d33d480_7693, v0xabdf8d33d480_7694, v0xabdf8d33d480_7695, v0xabdf8d33d480_7696;
v0xabdf8d33d480_7697 .array/port v0xabdf8d33d480, 7697;
v0xabdf8d33d480_7698 .array/port v0xabdf8d33d480, 7698;
v0xabdf8d33d480_7699 .array/port v0xabdf8d33d480, 7699;
v0xabdf8d33d480_7700 .array/port v0xabdf8d33d480, 7700;
E_0xabdf8d0ee570/1926 .event anyedge, v0xabdf8d33d480_7697, v0xabdf8d33d480_7698, v0xabdf8d33d480_7699, v0xabdf8d33d480_7700;
v0xabdf8d33d480_7701 .array/port v0xabdf8d33d480, 7701;
v0xabdf8d33d480_7702 .array/port v0xabdf8d33d480, 7702;
v0xabdf8d33d480_7703 .array/port v0xabdf8d33d480, 7703;
v0xabdf8d33d480_7704 .array/port v0xabdf8d33d480, 7704;
E_0xabdf8d0ee570/1927 .event anyedge, v0xabdf8d33d480_7701, v0xabdf8d33d480_7702, v0xabdf8d33d480_7703, v0xabdf8d33d480_7704;
v0xabdf8d33d480_7705 .array/port v0xabdf8d33d480, 7705;
v0xabdf8d33d480_7706 .array/port v0xabdf8d33d480, 7706;
v0xabdf8d33d480_7707 .array/port v0xabdf8d33d480, 7707;
v0xabdf8d33d480_7708 .array/port v0xabdf8d33d480, 7708;
E_0xabdf8d0ee570/1928 .event anyedge, v0xabdf8d33d480_7705, v0xabdf8d33d480_7706, v0xabdf8d33d480_7707, v0xabdf8d33d480_7708;
v0xabdf8d33d480_7709 .array/port v0xabdf8d33d480, 7709;
v0xabdf8d33d480_7710 .array/port v0xabdf8d33d480, 7710;
v0xabdf8d33d480_7711 .array/port v0xabdf8d33d480, 7711;
v0xabdf8d33d480_7712 .array/port v0xabdf8d33d480, 7712;
E_0xabdf8d0ee570/1929 .event anyedge, v0xabdf8d33d480_7709, v0xabdf8d33d480_7710, v0xabdf8d33d480_7711, v0xabdf8d33d480_7712;
v0xabdf8d33d480_7713 .array/port v0xabdf8d33d480, 7713;
v0xabdf8d33d480_7714 .array/port v0xabdf8d33d480, 7714;
v0xabdf8d33d480_7715 .array/port v0xabdf8d33d480, 7715;
v0xabdf8d33d480_7716 .array/port v0xabdf8d33d480, 7716;
E_0xabdf8d0ee570/1930 .event anyedge, v0xabdf8d33d480_7713, v0xabdf8d33d480_7714, v0xabdf8d33d480_7715, v0xabdf8d33d480_7716;
v0xabdf8d33d480_7717 .array/port v0xabdf8d33d480, 7717;
v0xabdf8d33d480_7718 .array/port v0xabdf8d33d480, 7718;
v0xabdf8d33d480_7719 .array/port v0xabdf8d33d480, 7719;
v0xabdf8d33d480_7720 .array/port v0xabdf8d33d480, 7720;
E_0xabdf8d0ee570/1931 .event anyedge, v0xabdf8d33d480_7717, v0xabdf8d33d480_7718, v0xabdf8d33d480_7719, v0xabdf8d33d480_7720;
v0xabdf8d33d480_7721 .array/port v0xabdf8d33d480, 7721;
v0xabdf8d33d480_7722 .array/port v0xabdf8d33d480, 7722;
v0xabdf8d33d480_7723 .array/port v0xabdf8d33d480, 7723;
v0xabdf8d33d480_7724 .array/port v0xabdf8d33d480, 7724;
E_0xabdf8d0ee570/1932 .event anyedge, v0xabdf8d33d480_7721, v0xabdf8d33d480_7722, v0xabdf8d33d480_7723, v0xabdf8d33d480_7724;
v0xabdf8d33d480_7725 .array/port v0xabdf8d33d480, 7725;
v0xabdf8d33d480_7726 .array/port v0xabdf8d33d480, 7726;
v0xabdf8d33d480_7727 .array/port v0xabdf8d33d480, 7727;
v0xabdf8d33d480_7728 .array/port v0xabdf8d33d480, 7728;
E_0xabdf8d0ee570/1933 .event anyedge, v0xabdf8d33d480_7725, v0xabdf8d33d480_7726, v0xabdf8d33d480_7727, v0xabdf8d33d480_7728;
v0xabdf8d33d480_7729 .array/port v0xabdf8d33d480, 7729;
v0xabdf8d33d480_7730 .array/port v0xabdf8d33d480, 7730;
v0xabdf8d33d480_7731 .array/port v0xabdf8d33d480, 7731;
v0xabdf8d33d480_7732 .array/port v0xabdf8d33d480, 7732;
E_0xabdf8d0ee570/1934 .event anyedge, v0xabdf8d33d480_7729, v0xabdf8d33d480_7730, v0xabdf8d33d480_7731, v0xabdf8d33d480_7732;
v0xabdf8d33d480_7733 .array/port v0xabdf8d33d480, 7733;
v0xabdf8d33d480_7734 .array/port v0xabdf8d33d480, 7734;
v0xabdf8d33d480_7735 .array/port v0xabdf8d33d480, 7735;
v0xabdf8d33d480_7736 .array/port v0xabdf8d33d480, 7736;
E_0xabdf8d0ee570/1935 .event anyedge, v0xabdf8d33d480_7733, v0xabdf8d33d480_7734, v0xabdf8d33d480_7735, v0xabdf8d33d480_7736;
v0xabdf8d33d480_7737 .array/port v0xabdf8d33d480, 7737;
v0xabdf8d33d480_7738 .array/port v0xabdf8d33d480, 7738;
v0xabdf8d33d480_7739 .array/port v0xabdf8d33d480, 7739;
v0xabdf8d33d480_7740 .array/port v0xabdf8d33d480, 7740;
E_0xabdf8d0ee570/1936 .event anyedge, v0xabdf8d33d480_7737, v0xabdf8d33d480_7738, v0xabdf8d33d480_7739, v0xabdf8d33d480_7740;
v0xabdf8d33d480_7741 .array/port v0xabdf8d33d480, 7741;
v0xabdf8d33d480_7742 .array/port v0xabdf8d33d480, 7742;
v0xabdf8d33d480_7743 .array/port v0xabdf8d33d480, 7743;
v0xabdf8d33d480_7744 .array/port v0xabdf8d33d480, 7744;
E_0xabdf8d0ee570/1937 .event anyedge, v0xabdf8d33d480_7741, v0xabdf8d33d480_7742, v0xabdf8d33d480_7743, v0xabdf8d33d480_7744;
v0xabdf8d33d480_7745 .array/port v0xabdf8d33d480, 7745;
v0xabdf8d33d480_7746 .array/port v0xabdf8d33d480, 7746;
v0xabdf8d33d480_7747 .array/port v0xabdf8d33d480, 7747;
v0xabdf8d33d480_7748 .array/port v0xabdf8d33d480, 7748;
E_0xabdf8d0ee570/1938 .event anyedge, v0xabdf8d33d480_7745, v0xabdf8d33d480_7746, v0xabdf8d33d480_7747, v0xabdf8d33d480_7748;
v0xabdf8d33d480_7749 .array/port v0xabdf8d33d480, 7749;
v0xabdf8d33d480_7750 .array/port v0xabdf8d33d480, 7750;
v0xabdf8d33d480_7751 .array/port v0xabdf8d33d480, 7751;
v0xabdf8d33d480_7752 .array/port v0xabdf8d33d480, 7752;
E_0xabdf8d0ee570/1939 .event anyedge, v0xabdf8d33d480_7749, v0xabdf8d33d480_7750, v0xabdf8d33d480_7751, v0xabdf8d33d480_7752;
v0xabdf8d33d480_7753 .array/port v0xabdf8d33d480, 7753;
v0xabdf8d33d480_7754 .array/port v0xabdf8d33d480, 7754;
v0xabdf8d33d480_7755 .array/port v0xabdf8d33d480, 7755;
v0xabdf8d33d480_7756 .array/port v0xabdf8d33d480, 7756;
E_0xabdf8d0ee570/1940 .event anyedge, v0xabdf8d33d480_7753, v0xabdf8d33d480_7754, v0xabdf8d33d480_7755, v0xabdf8d33d480_7756;
v0xabdf8d33d480_7757 .array/port v0xabdf8d33d480, 7757;
v0xabdf8d33d480_7758 .array/port v0xabdf8d33d480, 7758;
v0xabdf8d33d480_7759 .array/port v0xabdf8d33d480, 7759;
v0xabdf8d33d480_7760 .array/port v0xabdf8d33d480, 7760;
E_0xabdf8d0ee570/1941 .event anyedge, v0xabdf8d33d480_7757, v0xabdf8d33d480_7758, v0xabdf8d33d480_7759, v0xabdf8d33d480_7760;
v0xabdf8d33d480_7761 .array/port v0xabdf8d33d480, 7761;
v0xabdf8d33d480_7762 .array/port v0xabdf8d33d480, 7762;
v0xabdf8d33d480_7763 .array/port v0xabdf8d33d480, 7763;
v0xabdf8d33d480_7764 .array/port v0xabdf8d33d480, 7764;
E_0xabdf8d0ee570/1942 .event anyedge, v0xabdf8d33d480_7761, v0xabdf8d33d480_7762, v0xabdf8d33d480_7763, v0xabdf8d33d480_7764;
v0xabdf8d33d480_7765 .array/port v0xabdf8d33d480, 7765;
v0xabdf8d33d480_7766 .array/port v0xabdf8d33d480, 7766;
v0xabdf8d33d480_7767 .array/port v0xabdf8d33d480, 7767;
v0xabdf8d33d480_7768 .array/port v0xabdf8d33d480, 7768;
E_0xabdf8d0ee570/1943 .event anyedge, v0xabdf8d33d480_7765, v0xabdf8d33d480_7766, v0xabdf8d33d480_7767, v0xabdf8d33d480_7768;
v0xabdf8d33d480_7769 .array/port v0xabdf8d33d480, 7769;
v0xabdf8d33d480_7770 .array/port v0xabdf8d33d480, 7770;
v0xabdf8d33d480_7771 .array/port v0xabdf8d33d480, 7771;
v0xabdf8d33d480_7772 .array/port v0xabdf8d33d480, 7772;
E_0xabdf8d0ee570/1944 .event anyedge, v0xabdf8d33d480_7769, v0xabdf8d33d480_7770, v0xabdf8d33d480_7771, v0xabdf8d33d480_7772;
v0xabdf8d33d480_7773 .array/port v0xabdf8d33d480, 7773;
v0xabdf8d33d480_7774 .array/port v0xabdf8d33d480, 7774;
v0xabdf8d33d480_7775 .array/port v0xabdf8d33d480, 7775;
v0xabdf8d33d480_7776 .array/port v0xabdf8d33d480, 7776;
E_0xabdf8d0ee570/1945 .event anyedge, v0xabdf8d33d480_7773, v0xabdf8d33d480_7774, v0xabdf8d33d480_7775, v0xabdf8d33d480_7776;
v0xabdf8d33d480_7777 .array/port v0xabdf8d33d480, 7777;
v0xabdf8d33d480_7778 .array/port v0xabdf8d33d480, 7778;
v0xabdf8d33d480_7779 .array/port v0xabdf8d33d480, 7779;
v0xabdf8d33d480_7780 .array/port v0xabdf8d33d480, 7780;
E_0xabdf8d0ee570/1946 .event anyedge, v0xabdf8d33d480_7777, v0xabdf8d33d480_7778, v0xabdf8d33d480_7779, v0xabdf8d33d480_7780;
v0xabdf8d33d480_7781 .array/port v0xabdf8d33d480, 7781;
v0xabdf8d33d480_7782 .array/port v0xabdf8d33d480, 7782;
v0xabdf8d33d480_7783 .array/port v0xabdf8d33d480, 7783;
v0xabdf8d33d480_7784 .array/port v0xabdf8d33d480, 7784;
E_0xabdf8d0ee570/1947 .event anyedge, v0xabdf8d33d480_7781, v0xabdf8d33d480_7782, v0xabdf8d33d480_7783, v0xabdf8d33d480_7784;
v0xabdf8d33d480_7785 .array/port v0xabdf8d33d480, 7785;
v0xabdf8d33d480_7786 .array/port v0xabdf8d33d480, 7786;
v0xabdf8d33d480_7787 .array/port v0xabdf8d33d480, 7787;
v0xabdf8d33d480_7788 .array/port v0xabdf8d33d480, 7788;
E_0xabdf8d0ee570/1948 .event anyedge, v0xabdf8d33d480_7785, v0xabdf8d33d480_7786, v0xabdf8d33d480_7787, v0xabdf8d33d480_7788;
v0xabdf8d33d480_7789 .array/port v0xabdf8d33d480, 7789;
v0xabdf8d33d480_7790 .array/port v0xabdf8d33d480, 7790;
v0xabdf8d33d480_7791 .array/port v0xabdf8d33d480, 7791;
v0xabdf8d33d480_7792 .array/port v0xabdf8d33d480, 7792;
E_0xabdf8d0ee570/1949 .event anyedge, v0xabdf8d33d480_7789, v0xabdf8d33d480_7790, v0xabdf8d33d480_7791, v0xabdf8d33d480_7792;
v0xabdf8d33d480_7793 .array/port v0xabdf8d33d480, 7793;
v0xabdf8d33d480_7794 .array/port v0xabdf8d33d480, 7794;
v0xabdf8d33d480_7795 .array/port v0xabdf8d33d480, 7795;
v0xabdf8d33d480_7796 .array/port v0xabdf8d33d480, 7796;
E_0xabdf8d0ee570/1950 .event anyedge, v0xabdf8d33d480_7793, v0xabdf8d33d480_7794, v0xabdf8d33d480_7795, v0xabdf8d33d480_7796;
v0xabdf8d33d480_7797 .array/port v0xabdf8d33d480, 7797;
v0xabdf8d33d480_7798 .array/port v0xabdf8d33d480, 7798;
v0xabdf8d33d480_7799 .array/port v0xabdf8d33d480, 7799;
v0xabdf8d33d480_7800 .array/port v0xabdf8d33d480, 7800;
E_0xabdf8d0ee570/1951 .event anyedge, v0xabdf8d33d480_7797, v0xabdf8d33d480_7798, v0xabdf8d33d480_7799, v0xabdf8d33d480_7800;
v0xabdf8d33d480_7801 .array/port v0xabdf8d33d480, 7801;
v0xabdf8d33d480_7802 .array/port v0xabdf8d33d480, 7802;
v0xabdf8d33d480_7803 .array/port v0xabdf8d33d480, 7803;
v0xabdf8d33d480_7804 .array/port v0xabdf8d33d480, 7804;
E_0xabdf8d0ee570/1952 .event anyedge, v0xabdf8d33d480_7801, v0xabdf8d33d480_7802, v0xabdf8d33d480_7803, v0xabdf8d33d480_7804;
v0xabdf8d33d480_7805 .array/port v0xabdf8d33d480, 7805;
v0xabdf8d33d480_7806 .array/port v0xabdf8d33d480, 7806;
v0xabdf8d33d480_7807 .array/port v0xabdf8d33d480, 7807;
v0xabdf8d33d480_7808 .array/port v0xabdf8d33d480, 7808;
E_0xabdf8d0ee570/1953 .event anyedge, v0xabdf8d33d480_7805, v0xabdf8d33d480_7806, v0xabdf8d33d480_7807, v0xabdf8d33d480_7808;
v0xabdf8d33d480_7809 .array/port v0xabdf8d33d480, 7809;
v0xabdf8d33d480_7810 .array/port v0xabdf8d33d480, 7810;
v0xabdf8d33d480_7811 .array/port v0xabdf8d33d480, 7811;
v0xabdf8d33d480_7812 .array/port v0xabdf8d33d480, 7812;
E_0xabdf8d0ee570/1954 .event anyedge, v0xabdf8d33d480_7809, v0xabdf8d33d480_7810, v0xabdf8d33d480_7811, v0xabdf8d33d480_7812;
v0xabdf8d33d480_7813 .array/port v0xabdf8d33d480, 7813;
v0xabdf8d33d480_7814 .array/port v0xabdf8d33d480, 7814;
v0xabdf8d33d480_7815 .array/port v0xabdf8d33d480, 7815;
v0xabdf8d33d480_7816 .array/port v0xabdf8d33d480, 7816;
E_0xabdf8d0ee570/1955 .event anyedge, v0xabdf8d33d480_7813, v0xabdf8d33d480_7814, v0xabdf8d33d480_7815, v0xabdf8d33d480_7816;
v0xabdf8d33d480_7817 .array/port v0xabdf8d33d480, 7817;
v0xabdf8d33d480_7818 .array/port v0xabdf8d33d480, 7818;
v0xabdf8d33d480_7819 .array/port v0xabdf8d33d480, 7819;
v0xabdf8d33d480_7820 .array/port v0xabdf8d33d480, 7820;
E_0xabdf8d0ee570/1956 .event anyedge, v0xabdf8d33d480_7817, v0xabdf8d33d480_7818, v0xabdf8d33d480_7819, v0xabdf8d33d480_7820;
v0xabdf8d33d480_7821 .array/port v0xabdf8d33d480, 7821;
v0xabdf8d33d480_7822 .array/port v0xabdf8d33d480, 7822;
v0xabdf8d33d480_7823 .array/port v0xabdf8d33d480, 7823;
v0xabdf8d33d480_7824 .array/port v0xabdf8d33d480, 7824;
E_0xabdf8d0ee570/1957 .event anyedge, v0xabdf8d33d480_7821, v0xabdf8d33d480_7822, v0xabdf8d33d480_7823, v0xabdf8d33d480_7824;
v0xabdf8d33d480_7825 .array/port v0xabdf8d33d480, 7825;
v0xabdf8d33d480_7826 .array/port v0xabdf8d33d480, 7826;
v0xabdf8d33d480_7827 .array/port v0xabdf8d33d480, 7827;
v0xabdf8d33d480_7828 .array/port v0xabdf8d33d480, 7828;
E_0xabdf8d0ee570/1958 .event anyedge, v0xabdf8d33d480_7825, v0xabdf8d33d480_7826, v0xabdf8d33d480_7827, v0xabdf8d33d480_7828;
v0xabdf8d33d480_7829 .array/port v0xabdf8d33d480, 7829;
v0xabdf8d33d480_7830 .array/port v0xabdf8d33d480, 7830;
v0xabdf8d33d480_7831 .array/port v0xabdf8d33d480, 7831;
v0xabdf8d33d480_7832 .array/port v0xabdf8d33d480, 7832;
E_0xabdf8d0ee570/1959 .event anyedge, v0xabdf8d33d480_7829, v0xabdf8d33d480_7830, v0xabdf8d33d480_7831, v0xabdf8d33d480_7832;
v0xabdf8d33d480_7833 .array/port v0xabdf8d33d480, 7833;
v0xabdf8d33d480_7834 .array/port v0xabdf8d33d480, 7834;
v0xabdf8d33d480_7835 .array/port v0xabdf8d33d480, 7835;
v0xabdf8d33d480_7836 .array/port v0xabdf8d33d480, 7836;
E_0xabdf8d0ee570/1960 .event anyedge, v0xabdf8d33d480_7833, v0xabdf8d33d480_7834, v0xabdf8d33d480_7835, v0xabdf8d33d480_7836;
v0xabdf8d33d480_7837 .array/port v0xabdf8d33d480, 7837;
v0xabdf8d33d480_7838 .array/port v0xabdf8d33d480, 7838;
v0xabdf8d33d480_7839 .array/port v0xabdf8d33d480, 7839;
v0xabdf8d33d480_7840 .array/port v0xabdf8d33d480, 7840;
E_0xabdf8d0ee570/1961 .event anyedge, v0xabdf8d33d480_7837, v0xabdf8d33d480_7838, v0xabdf8d33d480_7839, v0xabdf8d33d480_7840;
v0xabdf8d33d480_7841 .array/port v0xabdf8d33d480, 7841;
v0xabdf8d33d480_7842 .array/port v0xabdf8d33d480, 7842;
v0xabdf8d33d480_7843 .array/port v0xabdf8d33d480, 7843;
v0xabdf8d33d480_7844 .array/port v0xabdf8d33d480, 7844;
E_0xabdf8d0ee570/1962 .event anyedge, v0xabdf8d33d480_7841, v0xabdf8d33d480_7842, v0xabdf8d33d480_7843, v0xabdf8d33d480_7844;
v0xabdf8d33d480_7845 .array/port v0xabdf8d33d480, 7845;
v0xabdf8d33d480_7846 .array/port v0xabdf8d33d480, 7846;
v0xabdf8d33d480_7847 .array/port v0xabdf8d33d480, 7847;
v0xabdf8d33d480_7848 .array/port v0xabdf8d33d480, 7848;
E_0xabdf8d0ee570/1963 .event anyedge, v0xabdf8d33d480_7845, v0xabdf8d33d480_7846, v0xabdf8d33d480_7847, v0xabdf8d33d480_7848;
v0xabdf8d33d480_7849 .array/port v0xabdf8d33d480, 7849;
v0xabdf8d33d480_7850 .array/port v0xabdf8d33d480, 7850;
v0xabdf8d33d480_7851 .array/port v0xabdf8d33d480, 7851;
v0xabdf8d33d480_7852 .array/port v0xabdf8d33d480, 7852;
E_0xabdf8d0ee570/1964 .event anyedge, v0xabdf8d33d480_7849, v0xabdf8d33d480_7850, v0xabdf8d33d480_7851, v0xabdf8d33d480_7852;
v0xabdf8d33d480_7853 .array/port v0xabdf8d33d480, 7853;
v0xabdf8d33d480_7854 .array/port v0xabdf8d33d480, 7854;
v0xabdf8d33d480_7855 .array/port v0xabdf8d33d480, 7855;
v0xabdf8d33d480_7856 .array/port v0xabdf8d33d480, 7856;
E_0xabdf8d0ee570/1965 .event anyedge, v0xabdf8d33d480_7853, v0xabdf8d33d480_7854, v0xabdf8d33d480_7855, v0xabdf8d33d480_7856;
v0xabdf8d33d480_7857 .array/port v0xabdf8d33d480, 7857;
v0xabdf8d33d480_7858 .array/port v0xabdf8d33d480, 7858;
v0xabdf8d33d480_7859 .array/port v0xabdf8d33d480, 7859;
v0xabdf8d33d480_7860 .array/port v0xabdf8d33d480, 7860;
E_0xabdf8d0ee570/1966 .event anyedge, v0xabdf8d33d480_7857, v0xabdf8d33d480_7858, v0xabdf8d33d480_7859, v0xabdf8d33d480_7860;
v0xabdf8d33d480_7861 .array/port v0xabdf8d33d480, 7861;
v0xabdf8d33d480_7862 .array/port v0xabdf8d33d480, 7862;
v0xabdf8d33d480_7863 .array/port v0xabdf8d33d480, 7863;
v0xabdf8d33d480_7864 .array/port v0xabdf8d33d480, 7864;
E_0xabdf8d0ee570/1967 .event anyedge, v0xabdf8d33d480_7861, v0xabdf8d33d480_7862, v0xabdf8d33d480_7863, v0xabdf8d33d480_7864;
v0xabdf8d33d480_7865 .array/port v0xabdf8d33d480, 7865;
v0xabdf8d33d480_7866 .array/port v0xabdf8d33d480, 7866;
v0xabdf8d33d480_7867 .array/port v0xabdf8d33d480, 7867;
v0xabdf8d33d480_7868 .array/port v0xabdf8d33d480, 7868;
E_0xabdf8d0ee570/1968 .event anyedge, v0xabdf8d33d480_7865, v0xabdf8d33d480_7866, v0xabdf8d33d480_7867, v0xabdf8d33d480_7868;
v0xabdf8d33d480_7869 .array/port v0xabdf8d33d480, 7869;
v0xabdf8d33d480_7870 .array/port v0xabdf8d33d480, 7870;
v0xabdf8d33d480_7871 .array/port v0xabdf8d33d480, 7871;
v0xabdf8d33d480_7872 .array/port v0xabdf8d33d480, 7872;
E_0xabdf8d0ee570/1969 .event anyedge, v0xabdf8d33d480_7869, v0xabdf8d33d480_7870, v0xabdf8d33d480_7871, v0xabdf8d33d480_7872;
v0xabdf8d33d480_7873 .array/port v0xabdf8d33d480, 7873;
v0xabdf8d33d480_7874 .array/port v0xabdf8d33d480, 7874;
v0xabdf8d33d480_7875 .array/port v0xabdf8d33d480, 7875;
v0xabdf8d33d480_7876 .array/port v0xabdf8d33d480, 7876;
E_0xabdf8d0ee570/1970 .event anyedge, v0xabdf8d33d480_7873, v0xabdf8d33d480_7874, v0xabdf8d33d480_7875, v0xabdf8d33d480_7876;
v0xabdf8d33d480_7877 .array/port v0xabdf8d33d480, 7877;
v0xabdf8d33d480_7878 .array/port v0xabdf8d33d480, 7878;
v0xabdf8d33d480_7879 .array/port v0xabdf8d33d480, 7879;
v0xabdf8d33d480_7880 .array/port v0xabdf8d33d480, 7880;
E_0xabdf8d0ee570/1971 .event anyedge, v0xabdf8d33d480_7877, v0xabdf8d33d480_7878, v0xabdf8d33d480_7879, v0xabdf8d33d480_7880;
v0xabdf8d33d480_7881 .array/port v0xabdf8d33d480, 7881;
v0xabdf8d33d480_7882 .array/port v0xabdf8d33d480, 7882;
v0xabdf8d33d480_7883 .array/port v0xabdf8d33d480, 7883;
v0xabdf8d33d480_7884 .array/port v0xabdf8d33d480, 7884;
E_0xabdf8d0ee570/1972 .event anyedge, v0xabdf8d33d480_7881, v0xabdf8d33d480_7882, v0xabdf8d33d480_7883, v0xabdf8d33d480_7884;
v0xabdf8d33d480_7885 .array/port v0xabdf8d33d480, 7885;
v0xabdf8d33d480_7886 .array/port v0xabdf8d33d480, 7886;
v0xabdf8d33d480_7887 .array/port v0xabdf8d33d480, 7887;
v0xabdf8d33d480_7888 .array/port v0xabdf8d33d480, 7888;
E_0xabdf8d0ee570/1973 .event anyedge, v0xabdf8d33d480_7885, v0xabdf8d33d480_7886, v0xabdf8d33d480_7887, v0xabdf8d33d480_7888;
v0xabdf8d33d480_7889 .array/port v0xabdf8d33d480, 7889;
v0xabdf8d33d480_7890 .array/port v0xabdf8d33d480, 7890;
v0xabdf8d33d480_7891 .array/port v0xabdf8d33d480, 7891;
v0xabdf8d33d480_7892 .array/port v0xabdf8d33d480, 7892;
E_0xabdf8d0ee570/1974 .event anyedge, v0xabdf8d33d480_7889, v0xabdf8d33d480_7890, v0xabdf8d33d480_7891, v0xabdf8d33d480_7892;
v0xabdf8d33d480_7893 .array/port v0xabdf8d33d480, 7893;
v0xabdf8d33d480_7894 .array/port v0xabdf8d33d480, 7894;
v0xabdf8d33d480_7895 .array/port v0xabdf8d33d480, 7895;
v0xabdf8d33d480_7896 .array/port v0xabdf8d33d480, 7896;
E_0xabdf8d0ee570/1975 .event anyedge, v0xabdf8d33d480_7893, v0xabdf8d33d480_7894, v0xabdf8d33d480_7895, v0xabdf8d33d480_7896;
v0xabdf8d33d480_7897 .array/port v0xabdf8d33d480, 7897;
v0xabdf8d33d480_7898 .array/port v0xabdf8d33d480, 7898;
v0xabdf8d33d480_7899 .array/port v0xabdf8d33d480, 7899;
v0xabdf8d33d480_7900 .array/port v0xabdf8d33d480, 7900;
E_0xabdf8d0ee570/1976 .event anyedge, v0xabdf8d33d480_7897, v0xabdf8d33d480_7898, v0xabdf8d33d480_7899, v0xabdf8d33d480_7900;
v0xabdf8d33d480_7901 .array/port v0xabdf8d33d480, 7901;
v0xabdf8d33d480_7902 .array/port v0xabdf8d33d480, 7902;
v0xabdf8d33d480_7903 .array/port v0xabdf8d33d480, 7903;
v0xabdf8d33d480_7904 .array/port v0xabdf8d33d480, 7904;
E_0xabdf8d0ee570/1977 .event anyedge, v0xabdf8d33d480_7901, v0xabdf8d33d480_7902, v0xabdf8d33d480_7903, v0xabdf8d33d480_7904;
v0xabdf8d33d480_7905 .array/port v0xabdf8d33d480, 7905;
v0xabdf8d33d480_7906 .array/port v0xabdf8d33d480, 7906;
v0xabdf8d33d480_7907 .array/port v0xabdf8d33d480, 7907;
v0xabdf8d33d480_7908 .array/port v0xabdf8d33d480, 7908;
E_0xabdf8d0ee570/1978 .event anyedge, v0xabdf8d33d480_7905, v0xabdf8d33d480_7906, v0xabdf8d33d480_7907, v0xabdf8d33d480_7908;
v0xabdf8d33d480_7909 .array/port v0xabdf8d33d480, 7909;
v0xabdf8d33d480_7910 .array/port v0xabdf8d33d480, 7910;
v0xabdf8d33d480_7911 .array/port v0xabdf8d33d480, 7911;
v0xabdf8d33d480_7912 .array/port v0xabdf8d33d480, 7912;
E_0xabdf8d0ee570/1979 .event anyedge, v0xabdf8d33d480_7909, v0xabdf8d33d480_7910, v0xabdf8d33d480_7911, v0xabdf8d33d480_7912;
v0xabdf8d33d480_7913 .array/port v0xabdf8d33d480, 7913;
v0xabdf8d33d480_7914 .array/port v0xabdf8d33d480, 7914;
v0xabdf8d33d480_7915 .array/port v0xabdf8d33d480, 7915;
v0xabdf8d33d480_7916 .array/port v0xabdf8d33d480, 7916;
E_0xabdf8d0ee570/1980 .event anyedge, v0xabdf8d33d480_7913, v0xabdf8d33d480_7914, v0xabdf8d33d480_7915, v0xabdf8d33d480_7916;
v0xabdf8d33d480_7917 .array/port v0xabdf8d33d480, 7917;
v0xabdf8d33d480_7918 .array/port v0xabdf8d33d480, 7918;
v0xabdf8d33d480_7919 .array/port v0xabdf8d33d480, 7919;
v0xabdf8d33d480_7920 .array/port v0xabdf8d33d480, 7920;
E_0xabdf8d0ee570/1981 .event anyedge, v0xabdf8d33d480_7917, v0xabdf8d33d480_7918, v0xabdf8d33d480_7919, v0xabdf8d33d480_7920;
v0xabdf8d33d480_7921 .array/port v0xabdf8d33d480, 7921;
v0xabdf8d33d480_7922 .array/port v0xabdf8d33d480, 7922;
v0xabdf8d33d480_7923 .array/port v0xabdf8d33d480, 7923;
v0xabdf8d33d480_7924 .array/port v0xabdf8d33d480, 7924;
E_0xabdf8d0ee570/1982 .event anyedge, v0xabdf8d33d480_7921, v0xabdf8d33d480_7922, v0xabdf8d33d480_7923, v0xabdf8d33d480_7924;
v0xabdf8d33d480_7925 .array/port v0xabdf8d33d480, 7925;
v0xabdf8d33d480_7926 .array/port v0xabdf8d33d480, 7926;
v0xabdf8d33d480_7927 .array/port v0xabdf8d33d480, 7927;
v0xabdf8d33d480_7928 .array/port v0xabdf8d33d480, 7928;
E_0xabdf8d0ee570/1983 .event anyedge, v0xabdf8d33d480_7925, v0xabdf8d33d480_7926, v0xabdf8d33d480_7927, v0xabdf8d33d480_7928;
v0xabdf8d33d480_7929 .array/port v0xabdf8d33d480, 7929;
v0xabdf8d33d480_7930 .array/port v0xabdf8d33d480, 7930;
v0xabdf8d33d480_7931 .array/port v0xabdf8d33d480, 7931;
v0xabdf8d33d480_7932 .array/port v0xabdf8d33d480, 7932;
E_0xabdf8d0ee570/1984 .event anyedge, v0xabdf8d33d480_7929, v0xabdf8d33d480_7930, v0xabdf8d33d480_7931, v0xabdf8d33d480_7932;
v0xabdf8d33d480_7933 .array/port v0xabdf8d33d480, 7933;
v0xabdf8d33d480_7934 .array/port v0xabdf8d33d480, 7934;
v0xabdf8d33d480_7935 .array/port v0xabdf8d33d480, 7935;
v0xabdf8d33d480_7936 .array/port v0xabdf8d33d480, 7936;
E_0xabdf8d0ee570/1985 .event anyedge, v0xabdf8d33d480_7933, v0xabdf8d33d480_7934, v0xabdf8d33d480_7935, v0xabdf8d33d480_7936;
v0xabdf8d33d480_7937 .array/port v0xabdf8d33d480, 7937;
v0xabdf8d33d480_7938 .array/port v0xabdf8d33d480, 7938;
v0xabdf8d33d480_7939 .array/port v0xabdf8d33d480, 7939;
v0xabdf8d33d480_7940 .array/port v0xabdf8d33d480, 7940;
E_0xabdf8d0ee570/1986 .event anyedge, v0xabdf8d33d480_7937, v0xabdf8d33d480_7938, v0xabdf8d33d480_7939, v0xabdf8d33d480_7940;
v0xabdf8d33d480_7941 .array/port v0xabdf8d33d480, 7941;
v0xabdf8d33d480_7942 .array/port v0xabdf8d33d480, 7942;
v0xabdf8d33d480_7943 .array/port v0xabdf8d33d480, 7943;
v0xabdf8d33d480_7944 .array/port v0xabdf8d33d480, 7944;
E_0xabdf8d0ee570/1987 .event anyedge, v0xabdf8d33d480_7941, v0xabdf8d33d480_7942, v0xabdf8d33d480_7943, v0xabdf8d33d480_7944;
v0xabdf8d33d480_7945 .array/port v0xabdf8d33d480, 7945;
v0xabdf8d33d480_7946 .array/port v0xabdf8d33d480, 7946;
v0xabdf8d33d480_7947 .array/port v0xabdf8d33d480, 7947;
v0xabdf8d33d480_7948 .array/port v0xabdf8d33d480, 7948;
E_0xabdf8d0ee570/1988 .event anyedge, v0xabdf8d33d480_7945, v0xabdf8d33d480_7946, v0xabdf8d33d480_7947, v0xabdf8d33d480_7948;
v0xabdf8d33d480_7949 .array/port v0xabdf8d33d480, 7949;
v0xabdf8d33d480_7950 .array/port v0xabdf8d33d480, 7950;
v0xabdf8d33d480_7951 .array/port v0xabdf8d33d480, 7951;
v0xabdf8d33d480_7952 .array/port v0xabdf8d33d480, 7952;
E_0xabdf8d0ee570/1989 .event anyedge, v0xabdf8d33d480_7949, v0xabdf8d33d480_7950, v0xabdf8d33d480_7951, v0xabdf8d33d480_7952;
v0xabdf8d33d480_7953 .array/port v0xabdf8d33d480, 7953;
v0xabdf8d33d480_7954 .array/port v0xabdf8d33d480, 7954;
v0xabdf8d33d480_7955 .array/port v0xabdf8d33d480, 7955;
v0xabdf8d33d480_7956 .array/port v0xabdf8d33d480, 7956;
E_0xabdf8d0ee570/1990 .event anyedge, v0xabdf8d33d480_7953, v0xabdf8d33d480_7954, v0xabdf8d33d480_7955, v0xabdf8d33d480_7956;
v0xabdf8d33d480_7957 .array/port v0xabdf8d33d480, 7957;
v0xabdf8d33d480_7958 .array/port v0xabdf8d33d480, 7958;
v0xabdf8d33d480_7959 .array/port v0xabdf8d33d480, 7959;
v0xabdf8d33d480_7960 .array/port v0xabdf8d33d480, 7960;
E_0xabdf8d0ee570/1991 .event anyedge, v0xabdf8d33d480_7957, v0xabdf8d33d480_7958, v0xabdf8d33d480_7959, v0xabdf8d33d480_7960;
v0xabdf8d33d480_7961 .array/port v0xabdf8d33d480, 7961;
v0xabdf8d33d480_7962 .array/port v0xabdf8d33d480, 7962;
v0xabdf8d33d480_7963 .array/port v0xabdf8d33d480, 7963;
v0xabdf8d33d480_7964 .array/port v0xabdf8d33d480, 7964;
E_0xabdf8d0ee570/1992 .event anyedge, v0xabdf8d33d480_7961, v0xabdf8d33d480_7962, v0xabdf8d33d480_7963, v0xabdf8d33d480_7964;
v0xabdf8d33d480_7965 .array/port v0xabdf8d33d480, 7965;
v0xabdf8d33d480_7966 .array/port v0xabdf8d33d480, 7966;
v0xabdf8d33d480_7967 .array/port v0xabdf8d33d480, 7967;
v0xabdf8d33d480_7968 .array/port v0xabdf8d33d480, 7968;
E_0xabdf8d0ee570/1993 .event anyedge, v0xabdf8d33d480_7965, v0xabdf8d33d480_7966, v0xabdf8d33d480_7967, v0xabdf8d33d480_7968;
v0xabdf8d33d480_7969 .array/port v0xabdf8d33d480, 7969;
v0xabdf8d33d480_7970 .array/port v0xabdf8d33d480, 7970;
v0xabdf8d33d480_7971 .array/port v0xabdf8d33d480, 7971;
v0xabdf8d33d480_7972 .array/port v0xabdf8d33d480, 7972;
E_0xabdf8d0ee570/1994 .event anyedge, v0xabdf8d33d480_7969, v0xabdf8d33d480_7970, v0xabdf8d33d480_7971, v0xabdf8d33d480_7972;
v0xabdf8d33d480_7973 .array/port v0xabdf8d33d480, 7973;
v0xabdf8d33d480_7974 .array/port v0xabdf8d33d480, 7974;
v0xabdf8d33d480_7975 .array/port v0xabdf8d33d480, 7975;
v0xabdf8d33d480_7976 .array/port v0xabdf8d33d480, 7976;
E_0xabdf8d0ee570/1995 .event anyedge, v0xabdf8d33d480_7973, v0xabdf8d33d480_7974, v0xabdf8d33d480_7975, v0xabdf8d33d480_7976;
v0xabdf8d33d480_7977 .array/port v0xabdf8d33d480, 7977;
v0xabdf8d33d480_7978 .array/port v0xabdf8d33d480, 7978;
v0xabdf8d33d480_7979 .array/port v0xabdf8d33d480, 7979;
v0xabdf8d33d480_7980 .array/port v0xabdf8d33d480, 7980;
E_0xabdf8d0ee570/1996 .event anyedge, v0xabdf8d33d480_7977, v0xabdf8d33d480_7978, v0xabdf8d33d480_7979, v0xabdf8d33d480_7980;
v0xabdf8d33d480_7981 .array/port v0xabdf8d33d480, 7981;
v0xabdf8d33d480_7982 .array/port v0xabdf8d33d480, 7982;
v0xabdf8d33d480_7983 .array/port v0xabdf8d33d480, 7983;
v0xabdf8d33d480_7984 .array/port v0xabdf8d33d480, 7984;
E_0xabdf8d0ee570/1997 .event anyedge, v0xabdf8d33d480_7981, v0xabdf8d33d480_7982, v0xabdf8d33d480_7983, v0xabdf8d33d480_7984;
v0xabdf8d33d480_7985 .array/port v0xabdf8d33d480, 7985;
v0xabdf8d33d480_7986 .array/port v0xabdf8d33d480, 7986;
v0xabdf8d33d480_7987 .array/port v0xabdf8d33d480, 7987;
v0xabdf8d33d480_7988 .array/port v0xabdf8d33d480, 7988;
E_0xabdf8d0ee570/1998 .event anyedge, v0xabdf8d33d480_7985, v0xabdf8d33d480_7986, v0xabdf8d33d480_7987, v0xabdf8d33d480_7988;
v0xabdf8d33d480_7989 .array/port v0xabdf8d33d480, 7989;
v0xabdf8d33d480_7990 .array/port v0xabdf8d33d480, 7990;
v0xabdf8d33d480_7991 .array/port v0xabdf8d33d480, 7991;
v0xabdf8d33d480_7992 .array/port v0xabdf8d33d480, 7992;
E_0xabdf8d0ee570/1999 .event anyedge, v0xabdf8d33d480_7989, v0xabdf8d33d480_7990, v0xabdf8d33d480_7991, v0xabdf8d33d480_7992;
v0xabdf8d33d480_7993 .array/port v0xabdf8d33d480, 7993;
v0xabdf8d33d480_7994 .array/port v0xabdf8d33d480, 7994;
v0xabdf8d33d480_7995 .array/port v0xabdf8d33d480, 7995;
v0xabdf8d33d480_7996 .array/port v0xabdf8d33d480, 7996;
E_0xabdf8d0ee570/2000 .event anyedge, v0xabdf8d33d480_7993, v0xabdf8d33d480_7994, v0xabdf8d33d480_7995, v0xabdf8d33d480_7996;
v0xabdf8d33d480_7997 .array/port v0xabdf8d33d480, 7997;
v0xabdf8d33d480_7998 .array/port v0xabdf8d33d480, 7998;
v0xabdf8d33d480_7999 .array/port v0xabdf8d33d480, 7999;
v0xabdf8d33d480_8000 .array/port v0xabdf8d33d480, 8000;
E_0xabdf8d0ee570/2001 .event anyedge, v0xabdf8d33d480_7997, v0xabdf8d33d480_7998, v0xabdf8d33d480_7999, v0xabdf8d33d480_8000;
v0xabdf8d33d480_8001 .array/port v0xabdf8d33d480, 8001;
v0xabdf8d33d480_8002 .array/port v0xabdf8d33d480, 8002;
v0xabdf8d33d480_8003 .array/port v0xabdf8d33d480, 8003;
v0xabdf8d33d480_8004 .array/port v0xabdf8d33d480, 8004;
E_0xabdf8d0ee570/2002 .event anyedge, v0xabdf8d33d480_8001, v0xabdf8d33d480_8002, v0xabdf8d33d480_8003, v0xabdf8d33d480_8004;
v0xabdf8d33d480_8005 .array/port v0xabdf8d33d480, 8005;
v0xabdf8d33d480_8006 .array/port v0xabdf8d33d480, 8006;
v0xabdf8d33d480_8007 .array/port v0xabdf8d33d480, 8007;
v0xabdf8d33d480_8008 .array/port v0xabdf8d33d480, 8008;
E_0xabdf8d0ee570/2003 .event anyedge, v0xabdf8d33d480_8005, v0xabdf8d33d480_8006, v0xabdf8d33d480_8007, v0xabdf8d33d480_8008;
v0xabdf8d33d480_8009 .array/port v0xabdf8d33d480, 8009;
v0xabdf8d33d480_8010 .array/port v0xabdf8d33d480, 8010;
v0xabdf8d33d480_8011 .array/port v0xabdf8d33d480, 8011;
v0xabdf8d33d480_8012 .array/port v0xabdf8d33d480, 8012;
E_0xabdf8d0ee570/2004 .event anyedge, v0xabdf8d33d480_8009, v0xabdf8d33d480_8010, v0xabdf8d33d480_8011, v0xabdf8d33d480_8012;
v0xabdf8d33d480_8013 .array/port v0xabdf8d33d480, 8013;
v0xabdf8d33d480_8014 .array/port v0xabdf8d33d480, 8014;
v0xabdf8d33d480_8015 .array/port v0xabdf8d33d480, 8015;
v0xabdf8d33d480_8016 .array/port v0xabdf8d33d480, 8016;
E_0xabdf8d0ee570/2005 .event anyedge, v0xabdf8d33d480_8013, v0xabdf8d33d480_8014, v0xabdf8d33d480_8015, v0xabdf8d33d480_8016;
v0xabdf8d33d480_8017 .array/port v0xabdf8d33d480, 8017;
v0xabdf8d33d480_8018 .array/port v0xabdf8d33d480, 8018;
v0xabdf8d33d480_8019 .array/port v0xabdf8d33d480, 8019;
v0xabdf8d33d480_8020 .array/port v0xabdf8d33d480, 8020;
E_0xabdf8d0ee570/2006 .event anyedge, v0xabdf8d33d480_8017, v0xabdf8d33d480_8018, v0xabdf8d33d480_8019, v0xabdf8d33d480_8020;
v0xabdf8d33d480_8021 .array/port v0xabdf8d33d480, 8021;
v0xabdf8d33d480_8022 .array/port v0xabdf8d33d480, 8022;
v0xabdf8d33d480_8023 .array/port v0xabdf8d33d480, 8023;
v0xabdf8d33d480_8024 .array/port v0xabdf8d33d480, 8024;
E_0xabdf8d0ee570/2007 .event anyedge, v0xabdf8d33d480_8021, v0xabdf8d33d480_8022, v0xabdf8d33d480_8023, v0xabdf8d33d480_8024;
v0xabdf8d33d480_8025 .array/port v0xabdf8d33d480, 8025;
v0xabdf8d33d480_8026 .array/port v0xabdf8d33d480, 8026;
v0xabdf8d33d480_8027 .array/port v0xabdf8d33d480, 8027;
v0xabdf8d33d480_8028 .array/port v0xabdf8d33d480, 8028;
E_0xabdf8d0ee570/2008 .event anyedge, v0xabdf8d33d480_8025, v0xabdf8d33d480_8026, v0xabdf8d33d480_8027, v0xabdf8d33d480_8028;
v0xabdf8d33d480_8029 .array/port v0xabdf8d33d480, 8029;
v0xabdf8d33d480_8030 .array/port v0xabdf8d33d480, 8030;
v0xabdf8d33d480_8031 .array/port v0xabdf8d33d480, 8031;
v0xabdf8d33d480_8032 .array/port v0xabdf8d33d480, 8032;
E_0xabdf8d0ee570/2009 .event anyedge, v0xabdf8d33d480_8029, v0xabdf8d33d480_8030, v0xabdf8d33d480_8031, v0xabdf8d33d480_8032;
v0xabdf8d33d480_8033 .array/port v0xabdf8d33d480, 8033;
v0xabdf8d33d480_8034 .array/port v0xabdf8d33d480, 8034;
v0xabdf8d33d480_8035 .array/port v0xabdf8d33d480, 8035;
v0xabdf8d33d480_8036 .array/port v0xabdf8d33d480, 8036;
E_0xabdf8d0ee570/2010 .event anyedge, v0xabdf8d33d480_8033, v0xabdf8d33d480_8034, v0xabdf8d33d480_8035, v0xabdf8d33d480_8036;
v0xabdf8d33d480_8037 .array/port v0xabdf8d33d480, 8037;
v0xabdf8d33d480_8038 .array/port v0xabdf8d33d480, 8038;
v0xabdf8d33d480_8039 .array/port v0xabdf8d33d480, 8039;
v0xabdf8d33d480_8040 .array/port v0xabdf8d33d480, 8040;
E_0xabdf8d0ee570/2011 .event anyedge, v0xabdf8d33d480_8037, v0xabdf8d33d480_8038, v0xabdf8d33d480_8039, v0xabdf8d33d480_8040;
v0xabdf8d33d480_8041 .array/port v0xabdf8d33d480, 8041;
v0xabdf8d33d480_8042 .array/port v0xabdf8d33d480, 8042;
v0xabdf8d33d480_8043 .array/port v0xabdf8d33d480, 8043;
v0xabdf8d33d480_8044 .array/port v0xabdf8d33d480, 8044;
E_0xabdf8d0ee570/2012 .event anyedge, v0xabdf8d33d480_8041, v0xabdf8d33d480_8042, v0xabdf8d33d480_8043, v0xabdf8d33d480_8044;
v0xabdf8d33d480_8045 .array/port v0xabdf8d33d480, 8045;
v0xabdf8d33d480_8046 .array/port v0xabdf8d33d480, 8046;
v0xabdf8d33d480_8047 .array/port v0xabdf8d33d480, 8047;
v0xabdf8d33d480_8048 .array/port v0xabdf8d33d480, 8048;
E_0xabdf8d0ee570/2013 .event anyedge, v0xabdf8d33d480_8045, v0xabdf8d33d480_8046, v0xabdf8d33d480_8047, v0xabdf8d33d480_8048;
v0xabdf8d33d480_8049 .array/port v0xabdf8d33d480, 8049;
v0xabdf8d33d480_8050 .array/port v0xabdf8d33d480, 8050;
v0xabdf8d33d480_8051 .array/port v0xabdf8d33d480, 8051;
v0xabdf8d33d480_8052 .array/port v0xabdf8d33d480, 8052;
E_0xabdf8d0ee570/2014 .event anyedge, v0xabdf8d33d480_8049, v0xabdf8d33d480_8050, v0xabdf8d33d480_8051, v0xabdf8d33d480_8052;
v0xabdf8d33d480_8053 .array/port v0xabdf8d33d480, 8053;
v0xabdf8d33d480_8054 .array/port v0xabdf8d33d480, 8054;
v0xabdf8d33d480_8055 .array/port v0xabdf8d33d480, 8055;
v0xabdf8d33d480_8056 .array/port v0xabdf8d33d480, 8056;
E_0xabdf8d0ee570/2015 .event anyedge, v0xabdf8d33d480_8053, v0xabdf8d33d480_8054, v0xabdf8d33d480_8055, v0xabdf8d33d480_8056;
v0xabdf8d33d480_8057 .array/port v0xabdf8d33d480, 8057;
v0xabdf8d33d480_8058 .array/port v0xabdf8d33d480, 8058;
v0xabdf8d33d480_8059 .array/port v0xabdf8d33d480, 8059;
v0xabdf8d33d480_8060 .array/port v0xabdf8d33d480, 8060;
E_0xabdf8d0ee570/2016 .event anyedge, v0xabdf8d33d480_8057, v0xabdf8d33d480_8058, v0xabdf8d33d480_8059, v0xabdf8d33d480_8060;
v0xabdf8d33d480_8061 .array/port v0xabdf8d33d480, 8061;
v0xabdf8d33d480_8062 .array/port v0xabdf8d33d480, 8062;
v0xabdf8d33d480_8063 .array/port v0xabdf8d33d480, 8063;
v0xabdf8d33d480_8064 .array/port v0xabdf8d33d480, 8064;
E_0xabdf8d0ee570/2017 .event anyedge, v0xabdf8d33d480_8061, v0xabdf8d33d480_8062, v0xabdf8d33d480_8063, v0xabdf8d33d480_8064;
v0xabdf8d33d480_8065 .array/port v0xabdf8d33d480, 8065;
v0xabdf8d33d480_8066 .array/port v0xabdf8d33d480, 8066;
v0xabdf8d33d480_8067 .array/port v0xabdf8d33d480, 8067;
v0xabdf8d33d480_8068 .array/port v0xabdf8d33d480, 8068;
E_0xabdf8d0ee570/2018 .event anyedge, v0xabdf8d33d480_8065, v0xabdf8d33d480_8066, v0xabdf8d33d480_8067, v0xabdf8d33d480_8068;
v0xabdf8d33d480_8069 .array/port v0xabdf8d33d480, 8069;
v0xabdf8d33d480_8070 .array/port v0xabdf8d33d480, 8070;
v0xabdf8d33d480_8071 .array/port v0xabdf8d33d480, 8071;
v0xabdf8d33d480_8072 .array/port v0xabdf8d33d480, 8072;
E_0xabdf8d0ee570/2019 .event anyedge, v0xabdf8d33d480_8069, v0xabdf8d33d480_8070, v0xabdf8d33d480_8071, v0xabdf8d33d480_8072;
v0xabdf8d33d480_8073 .array/port v0xabdf8d33d480, 8073;
v0xabdf8d33d480_8074 .array/port v0xabdf8d33d480, 8074;
v0xabdf8d33d480_8075 .array/port v0xabdf8d33d480, 8075;
v0xabdf8d33d480_8076 .array/port v0xabdf8d33d480, 8076;
E_0xabdf8d0ee570/2020 .event anyedge, v0xabdf8d33d480_8073, v0xabdf8d33d480_8074, v0xabdf8d33d480_8075, v0xabdf8d33d480_8076;
v0xabdf8d33d480_8077 .array/port v0xabdf8d33d480, 8077;
v0xabdf8d33d480_8078 .array/port v0xabdf8d33d480, 8078;
v0xabdf8d33d480_8079 .array/port v0xabdf8d33d480, 8079;
v0xabdf8d33d480_8080 .array/port v0xabdf8d33d480, 8080;
E_0xabdf8d0ee570/2021 .event anyedge, v0xabdf8d33d480_8077, v0xabdf8d33d480_8078, v0xabdf8d33d480_8079, v0xabdf8d33d480_8080;
v0xabdf8d33d480_8081 .array/port v0xabdf8d33d480, 8081;
v0xabdf8d33d480_8082 .array/port v0xabdf8d33d480, 8082;
v0xabdf8d33d480_8083 .array/port v0xabdf8d33d480, 8083;
v0xabdf8d33d480_8084 .array/port v0xabdf8d33d480, 8084;
E_0xabdf8d0ee570/2022 .event anyedge, v0xabdf8d33d480_8081, v0xabdf8d33d480_8082, v0xabdf8d33d480_8083, v0xabdf8d33d480_8084;
v0xabdf8d33d480_8085 .array/port v0xabdf8d33d480, 8085;
v0xabdf8d33d480_8086 .array/port v0xabdf8d33d480, 8086;
v0xabdf8d33d480_8087 .array/port v0xabdf8d33d480, 8087;
v0xabdf8d33d480_8088 .array/port v0xabdf8d33d480, 8088;
E_0xabdf8d0ee570/2023 .event anyedge, v0xabdf8d33d480_8085, v0xabdf8d33d480_8086, v0xabdf8d33d480_8087, v0xabdf8d33d480_8088;
v0xabdf8d33d480_8089 .array/port v0xabdf8d33d480, 8089;
v0xabdf8d33d480_8090 .array/port v0xabdf8d33d480, 8090;
v0xabdf8d33d480_8091 .array/port v0xabdf8d33d480, 8091;
v0xabdf8d33d480_8092 .array/port v0xabdf8d33d480, 8092;
E_0xabdf8d0ee570/2024 .event anyedge, v0xabdf8d33d480_8089, v0xabdf8d33d480_8090, v0xabdf8d33d480_8091, v0xabdf8d33d480_8092;
v0xabdf8d33d480_8093 .array/port v0xabdf8d33d480, 8093;
v0xabdf8d33d480_8094 .array/port v0xabdf8d33d480, 8094;
v0xabdf8d33d480_8095 .array/port v0xabdf8d33d480, 8095;
v0xabdf8d33d480_8096 .array/port v0xabdf8d33d480, 8096;
E_0xabdf8d0ee570/2025 .event anyedge, v0xabdf8d33d480_8093, v0xabdf8d33d480_8094, v0xabdf8d33d480_8095, v0xabdf8d33d480_8096;
v0xabdf8d33d480_8097 .array/port v0xabdf8d33d480, 8097;
v0xabdf8d33d480_8098 .array/port v0xabdf8d33d480, 8098;
v0xabdf8d33d480_8099 .array/port v0xabdf8d33d480, 8099;
v0xabdf8d33d480_8100 .array/port v0xabdf8d33d480, 8100;
E_0xabdf8d0ee570/2026 .event anyedge, v0xabdf8d33d480_8097, v0xabdf8d33d480_8098, v0xabdf8d33d480_8099, v0xabdf8d33d480_8100;
v0xabdf8d33d480_8101 .array/port v0xabdf8d33d480, 8101;
v0xabdf8d33d480_8102 .array/port v0xabdf8d33d480, 8102;
v0xabdf8d33d480_8103 .array/port v0xabdf8d33d480, 8103;
v0xabdf8d33d480_8104 .array/port v0xabdf8d33d480, 8104;
E_0xabdf8d0ee570/2027 .event anyedge, v0xabdf8d33d480_8101, v0xabdf8d33d480_8102, v0xabdf8d33d480_8103, v0xabdf8d33d480_8104;
v0xabdf8d33d480_8105 .array/port v0xabdf8d33d480, 8105;
v0xabdf8d33d480_8106 .array/port v0xabdf8d33d480, 8106;
v0xabdf8d33d480_8107 .array/port v0xabdf8d33d480, 8107;
v0xabdf8d33d480_8108 .array/port v0xabdf8d33d480, 8108;
E_0xabdf8d0ee570/2028 .event anyedge, v0xabdf8d33d480_8105, v0xabdf8d33d480_8106, v0xabdf8d33d480_8107, v0xabdf8d33d480_8108;
v0xabdf8d33d480_8109 .array/port v0xabdf8d33d480, 8109;
v0xabdf8d33d480_8110 .array/port v0xabdf8d33d480, 8110;
v0xabdf8d33d480_8111 .array/port v0xabdf8d33d480, 8111;
v0xabdf8d33d480_8112 .array/port v0xabdf8d33d480, 8112;
E_0xabdf8d0ee570/2029 .event anyedge, v0xabdf8d33d480_8109, v0xabdf8d33d480_8110, v0xabdf8d33d480_8111, v0xabdf8d33d480_8112;
v0xabdf8d33d480_8113 .array/port v0xabdf8d33d480, 8113;
v0xabdf8d33d480_8114 .array/port v0xabdf8d33d480, 8114;
v0xabdf8d33d480_8115 .array/port v0xabdf8d33d480, 8115;
v0xabdf8d33d480_8116 .array/port v0xabdf8d33d480, 8116;
E_0xabdf8d0ee570/2030 .event anyedge, v0xabdf8d33d480_8113, v0xabdf8d33d480_8114, v0xabdf8d33d480_8115, v0xabdf8d33d480_8116;
v0xabdf8d33d480_8117 .array/port v0xabdf8d33d480, 8117;
v0xabdf8d33d480_8118 .array/port v0xabdf8d33d480, 8118;
v0xabdf8d33d480_8119 .array/port v0xabdf8d33d480, 8119;
v0xabdf8d33d480_8120 .array/port v0xabdf8d33d480, 8120;
E_0xabdf8d0ee570/2031 .event anyedge, v0xabdf8d33d480_8117, v0xabdf8d33d480_8118, v0xabdf8d33d480_8119, v0xabdf8d33d480_8120;
v0xabdf8d33d480_8121 .array/port v0xabdf8d33d480, 8121;
v0xabdf8d33d480_8122 .array/port v0xabdf8d33d480, 8122;
v0xabdf8d33d480_8123 .array/port v0xabdf8d33d480, 8123;
v0xabdf8d33d480_8124 .array/port v0xabdf8d33d480, 8124;
E_0xabdf8d0ee570/2032 .event anyedge, v0xabdf8d33d480_8121, v0xabdf8d33d480_8122, v0xabdf8d33d480_8123, v0xabdf8d33d480_8124;
v0xabdf8d33d480_8125 .array/port v0xabdf8d33d480, 8125;
v0xabdf8d33d480_8126 .array/port v0xabdf8d33d480, 8126;
v0xabdf8d33d480_8127 .array/port v0xabdf8d33d480, 8127;
v0xabdf8d33d480_8128 .array/port v0xabdf8d33d480, 8128;
E_0xabdf8d0ee570/2033 .event anyedge, v0xabdf8d33d480_8125, v0xabdf8d33d480_8126, v0xabdf8d33d480_8127, v0xabdf8d33d480_8128;
v0xabdf8d33d480_8129 .array/port v0xabdf8d33d480, 8129;
v0xabdf8d33d480_8130 .array/port v0xabdf8d33d480, 8130;
v0xabdf8d33d480_8131 .array/port v0xabdf8d33d480, 8131;
v0xabdf8d33d480_8132 .array/port v0xabdf8d33d480, 8132;
E_0xabdf8d0ee570/2034 .event anyedge, v0xabdf8d33d480_8129, v0xabdf8d33d480_8130, v0xabdf8d33d480_8131, v0xabdf8d33d480_8132;
v0xabdf8d33d480_8133 .array/port v0xabdf8d33d480, 8133;
v0xabdf8d33d480_8134 .array/port v0xabdf8d33d480, 8134;
v0xabdf8d33d480_8135 .array/port v0xabdf8d33d480, 8135;
v0xabdf8d33d480_8136 .array/port v0xabdf8d33d480, 8136;
E_0xabdf8d0ee570/2035 .event anyedge, v0xabdf8d33d480_8133, v0xabdf8d33d480_8134, v0xabdf8d33d480_8135, v0xabdf8d33d480_8136;
v0xabdf8d33d480_8137 .array/port v0xabdf8d33d480, 8137;
v0xabdf8d33d480_8138 .array/port v0xabdf8d33d480, 8138;
v0xabdf8d33d480_8139 .array/port v0xabdf8d33d480, 8139;
v0xabdf8d33d480_8140 .array/port v0xabdf8d33d480, 8140;
E_0xabdf8d0ee570/2036 .event anyedge, v0xabdf8d33d480_8137, v0xabdf8d33d480_8138, v0xabdf8d33d480_8139, v0xabdf8d33d480_8140;
v0xabdf8d33d480_8141 .array/port v0xabdf8d33d480, 8141;
v0xabdf8d33d480_8142 .array/port v0xabdf8d33d480, 8142;
v0xabdf8d33d480_8143 .array/port v0xabdf8d33d480, 8143;
v0xabdf8d33d480_8144 .array/port v0xabdf8d33d480, 8144;
E_0xabdf8d0ee570/2037 .event anyedge, v0xabdf8d33d480_8141, v0xabdf8d33d480_8142, v0xabdf8d33d480_8143, v0xabdf8d33d480_8144;
v0xabdf8d33d480_8145 .array/port v0xabdf8d33d480, 8145;
v0xabdf8d33d480_8146 .array/port v0xabdf8d33d480, 8146;
v0xabdf8d33d480_8147 .array/port v0xabdf8d33d480, 8147;
v0xabdf8d33d480_8148 .array/port v0xabdf8d33d480, 8148;
E_0xabdf8d0ee570/2038 .event anyedge, v0xabdf8d33d480_8145, v0xabdf8d33d480_8146, v0xabdf8d33d480_8147, v0xabdf8d33d480_8148;
v0xabdf8d33d480_8149 .array/port v0xabdf8d33d480, 8149;
v0xabdf8d33d480_8150 .array/port v0xabdf8d33d480, 8150;
v0xabdf8d33d480_8151 .array/port v0xabdf8d33d480, 8151;
v0xabdf8d33d480_8152 .array/port v0xabdf8d33d480, 8152;
E_0xabdf8d0ee570/2039 .event anyedge, v0xabdf8d33d480_8149, v0xabdf8d33d480_8150, v0xabdf8d33d480_8151, v0xabdf8d33d480_8152;
v0xabdf8d33d480_8153 .array/port v0xabdf8d33d480, 8153;
v0xabdf8d33d480_8154 .array/port v0xabdf8d33d480, 8154;
v0xabdf8d33d480_8155 .array/port v0xabdf8d33d480, 8155;
v0xabdf8d33d480_8156 .array/port v0xabdf8d33d480, 8156;
E_0xabdf8d0ee570/2040 .event anyedge, v0xabdf8d33d480_8153, v0xabdf8d33d480_8154, v0xabdf8d33d480_8155, v0xabdf8d33d480_8156;
v0xabdf8d33d480_8157 .array/port v0xabdf8d33d480, 8157;
v0xabdf8d33d480_8158 .array/port v0xabdf8d33d480, 8158;
v0xabdf8d33d480_8159 .array/port v0xabdf8d33d480, 8159;
v0xabdf8d33d480_8160 .array/port v0xabdf8d33d480, 8160;
E_0xabdf8d0ee570/2041 .event anyedge, v0xabdf8d33d480_8157, v0xabdf8d33d480_8158, v0xabdf8d33d480_8159, v0xabdf8d33d480_8160;
v0xabdf8d33d480_8161 .array/port v0xabdf8d33d480, 8161;
v0xabdf8d33d480_8162 .array/port v0xabdf8d33d480, 8162;
v0xabdf8d33d480_8163 .array/port v0xabdf8d33d480, 8163;
v0xabdf8d33d480_8164 .array/port v0xabdf8d33d480, 8164;
E_0xabdf8d0ee570/2042 .event anyedge, v0xabdf8d33d480_8161, v0xabdf8d33d480_8162, v0xabdf8d33d480_8163, v0xabdf8d33d480_8164;
v0xabdf8d33d480_8165 .array/port v0xabdf8d33d480, 8165;
v0xabdf8d33d480_8166 .array/port v0xabdf8d33d480, 8166;
v0xabdf8d33d480_8167 .array/port v0xabdf8d33d480, 8167;
v0xabdf8d33d480_8168 .array/port v0xabdf8d33d480, 8168;
E_0xabdf8d0ee570/2043 .event anyedge, v0xabdf8d33d480_8165, v0xabdf8d33d480_8166, v0xabdf8d33d480_8167, v0xabdf8d33d480_8168;
v0xabdf8d33d480_8169 .array/port v0xabdf8d33d480, 8169;
v0xabdf8d33d480_8170 .array/port v0xabdf8d33d480, 8170;
v0xabdf8d33d480_8171 .array/port v0xabdf8d33d480, 8171;
v0xabdf8d33d480_8172 .array/port v0xabdf8d33d480, 8172;
E_0xabdf8d0ee570/2044 .event anyedge, v0xabdf8d33d480_8169, v0xabdf8d33d480_8170, v0xabdf8d33d480_8171, v0xabdf8d33d480_8172;
v0xabdf8d33d480_8173 .array/port v0xabdf8d33d480, 8173;
v0xabdf8d33d480_8174 .array/port v0xabdf8d33d480, 8174;
v0xabdf8d33d480_8175 .array/port v0xabdf8d33d480, 8175;
v0xabdf8d33d480_8176 .array/port v0xabdf8d33d480, 8176;
E_0xabdf8d0ee570/2045 .event anyedge, v0xabdf8d33d480_8173, v0xabdf8d33d480_8174, v0xabdf8d33d480_8175, v0xabdf8d33d480_8176;
v0xabdf8d33d480_8177 .array/port v0xabdf8d33d480, 8177;
v0xabdf8d33d480_8178 .array/port v0xabdf8d33d480, 8178;
v0xabdf8d33d480_8179 .array/port v0xabdf8d33d480, 8179;
v0xabdf8d33d480_8180 .array/port v0xabdf8d33d480, 8180;
E_0xabdf8d0ee570/2046 .event anyedge, v0xabdf8d33d480_8177, v0xabdf8d33d480_8178, v0xabdf8d33d480_8179, v0xabdf8d33d480_8180;
v0xabdf8d33d480_8181 .array/port v0xabdf8d33d480, 8181;
v0xabdf8d33d480_8182 .array/port v0xabdf8d33d480, 8182;
v0xabdf8d33d480_8183 .array/port v0xabdf8d33d480, 8183;
v0xabdf8d33d480_8184 .array/port v0xabdf8d33d480, 8184;
E_0xabdf8d0ee570/2047 .event anyedge, v0xabdf8d33d480_8181, v0xabdf8d33d480_8182, v0xabdf8d33d480_8183, v0xabdf8d33d480_8184;
v0xabdf8d33d480_8185 .array/port v0xabdf8d33d480, 8185;
v0xabdf8d33d480_8186 .array/port v0xabdf8d33d480, 8186;
v0xabdf8d33d480_8187 .array/port v0xabdf8d33d480, 8187;
v0xabdf8d33d480_8188 .array/port v0xabdf8d33d480, 8188;
E_0xabdf8d0ee570/2048 .event anyedge, v0xabdf8d33d480_8185, v0xabdf8d33d480_8186, v0xabdf8d33d480_8187, v0xabdf8d33d480_8188;
v0xabdf8d33d480_8189 .array/port v0xabdf8d33d480, 8189;
v0xabdf8d33d480_8190 .array/port v0xabdf8d33d480, 8190;
v0xabdf8d33d480_8191 .array/port v0xabdf8d33d480, 8191;
E_0xabdf8d0ee570/2049 .event anyedge, v0xabdf8d33d480_8189, v0xabdf8d33d480_8190, v0xabdf8d33d480_8191, v0xabdf8d41a960_0;
E_0xabdf8d0ee570/2050 .event anyedge, v0xabdf8d33d200_0;
E_0xabdf8d0ee570 .event/or E_0xabdf8d0ee570/0, E_0xabdf8d0ee570/1, E_0xabdf8d0ee570/2, E_0xabdf8d0ee570/3, E_0xabdf8d0ee570/4, E_0xabdf8d0ee570/5, E_0xabdf8d0ee570/6, E_0xabdf8d0ee570/7, E_0xabdf8d0ee570/8, E_0xabdf8d0ee570/9, E_0xabdf8d0ee570/10, E_0xabdf8d0ee570/11, E_0xabdf8d0ee570/12, E_0xabdf8d0ee570/13, E_0xabdf8d0ee570/14, E_0xabdf8d0ee570/15, E_0xabdf8d0ee570/16, E_0xabdf8d0ee570/17, E_0xabdf8d0ee570/18, E_0xabdf8d0ee570/19, E_0xabdf8d0ee570/20, E_0xabdf8d0ee570/21, E_0xabdf8d0ee570/22, E_0xabdf8d0ee570/23, E_0xabdf8d0ee570/24, E_0xabdf8d0ee570/25, E_0xabdf8d0ee570/26, E_0xabdf8d0ee570/27, E_0xabdf8d0ee570/28, E_0xabdf8d0ee570/29, E_0xabdf8d0ee570/30, E_0xabdf8d0ee570/31, E_0xabdf8d0ee570/32, E_0xabdf8d0ee570/33, E_0xabdf8d0ee570/34, E_0xabdf8d0ee570/35, E_0xabdf8d0ee570/36, E_0xabdf8d0ee570/37, E_0xabdf8d0ee570/38, E_0xabdf8d0ee570/39, E_0xabdf8d0ee570/40, E_0xabdf8d0ee570/41, E_0xabdf8d0ee570/42, E_0xabdf8d0ee570/43, E_0xabdf8d0ee570/44, E_0xabdf8d0ee570/45, E_0xabdf8d0ee570/46, E_0xabdf8d0ee570/47, E_0xabdf8d0ee570/48, E_0xabdf8d0ee570/49, E_0xabdf8d0ee570/50, E_0xabdf8d0ee570/51, E_0xabdf8d0ee570/52, E_0xabdf8d0ee570/53, E_0xabdf8d0ee570/54, E_0xabdf8d0ee570/55, E_0xabdf8d0ee570/56, E_0xabdf8d0ee570/57, E_0xabdf8d0ee570/58, E_0xabdf8d0ee570/59, E_0xabdf8d0ee570/60, E_0xabdf8d0ee570/61, E_0xabdf8d0ee570/62, E_0xabdf8d0ee570/63, E_0xabdf8d0ee570/64, E_0xabdf8d0ee570/65, E_0xabdf8d0ee570/66, E_0xabdf8d0ee570/67, E_0xabdf8d0ee570/68, E_0xabdf8d0ee570/69, E_0xabdf8d0ee570/70, E_0xabdf8d0ee570/71, E_0xabdf8d0ee570/72, E_0xabdf8d0ee570/73, E_0xabdf8d0ee570/74, E_0xabdf8d0ee570/75, E_0xabdf8d0ee570/76, E_0xabdf8d0ee570/77, E_0xabdf8d0ee570/78, E_0xabdf8d0ee570/79, E_0xabdf8d0ee570/80, E_0xabdf8d0ee570/81, E_0xabdf8d0ee570/82, E_0xabdf8d0ee570/83, E_0xabdf8d0ee570/84, E_0xabdf8d0ee570/85, E_0xabdf8d0ee570/86, E_0xabdf8d0ee570/87, E_0xabdf8d0ee570/88, E_0xabdf8d0ee570/89, E_0xabdf8d0ee570/90, E_0xabdf8d0ee570/91, E_0xabdf8d0ee570/92, E_0xabdf8d0ee570/93, E_0xabdf8d0ee570/94, E_0xabdf8d0ee570/95, E_0xabdf8d0ee570/96, E_0xabdf8d0ee570/97, E_0xabdf8d0ee570/98, E_0xabdf8d0ee570/99, E_0xabdf8d0ee570/100, E_0xabdf8d0ee570/101, E_0xabdf8d0ee570/102, E_0xabdf8d0ee570/103, E_0xabdf8d0ee570/104, E_0xabdf8d0ee570/105, E_0xabdf8d0ee570/106, E_0xabdf8d0ee570/107, E_0xabdf8d0ee570/108, E_0xabdf8d0ee570/109, E_0xabdf8d0ee570/110, E_0xabdf8d0ee570/111, E_0xabdf8d0ee570/112, E_0xabdf8d0ee570/113, E_0xabdf8d0ee570/114, E_0xabdf8d0ee570/115, E_0xabdf8d0ee570/116, E_0xabdf8d0ee570/117, E_0xabdf8d0ee570/118, E_0xabdf8d0ee570/119, E_0xabdf8d0ee570/120, E_0xabdf8d0ee570/121, E_0xabdf8d0ee570/122, E_0xabdf8d0ee570/123, E_0xabdf8d0ee570/124, E_0xabdf8d0ee570/125, E_0xabdf8d0ee570/126, E_0xabdf8d0ee570/127, E_0xabdf8d0ee570/128, E_0xabdf8d0ee570/129, E_0xabdf8d0ee570/130, E_0xabdf8d0ee570/131, E_0xabdf8d0ee570/132, E_0xabdf8d0ee570/133, E_0xabdf8d0ee570/134, E_0xabdf8d0ee570/135, E_0xabdf8d0ee570/136, E_0xabdf8d0ee570/137, E_0xabdf8d0ee570/138, E_0xabdf8d0ee570/139, E_0xabdf8d0ee570/140, E_0xabdf8d0ee570/141, E_0xabdf8d0ee570/142, E_0xabdf8d0ee570/143, E_0xabdf8d0ee570/144, E_0xabdf8d0ee570/145, E_0xabdf8d0ee570/146, E_0xabdf8d0ee570/147, E_0xabdf8d0ee570/148, E_0xabdf8d0ee570/149, E_0xabdf8d0ee570/150, E_0xabdf8d0ee570/151, E_0xabdf8d0ee570/152, E_0xabdf8d0ee570/153, E_0xabdf8d0ee570/154, E_0xabdf8d0ee570/155, E_0xabdf8d0ee570/156, E_0xabdf8d0ee570/157, E_0xabdf8d0ee570/158, E_0xabdf8d0ee570/159, E_0xabdf8d0ee570/160, E_0xabdf8d0ee570/161, E_0xabdf8d0ee570/162, E_0xabdf8d0ee570/163, E_0xabdf8d0ee570/164, E_0xabdf8d0ee570/165, E_0xabdf8d0ee570/166, E_0xabdf8d0ee570/167, E_0xabdf8d0ee570/168, E_0xabdf8d0ee570/169, E_0xabdf8d0ee570/170, E_0xabdf8d0ee570/171, E_0xabdf8d0ee570/172, E_0xabdf8d0ee570/173, E_0xabdf8d0ee570/174, E_0xabdf8d0ee570/175, E_0xabdf8d0ee570/176, E_0xabdf8d0ee570/177, E_0xabdf8d0ee570/178, E_0xabdf8d0ee570/179, E_0xabdf8d0ee570/180, E_0xabdf8d0ee570/181, E_0xabdf8d0ee570/182, E_0xabdf8d0ee570/183, E_0xabdf8d0ee570/184, E_0xabdf8d0ee570/185, E_0xabdf8d0ee570/186, E_0xabdf8d0ee570/187, E_0xabdf8d0ee570/188, E_0xabdf8d0ee570/189, E_0xabdf8d0ee570/190, E_0xabdf8d0ee570/191, E_0xabdf8d0ee570/192, E_0xabdf8d0ee570/193, E_0xabdf8d0ee570/194, E_0xabdf8d0ee570/195, E_0xabdf8d0ee570/196, E_0xabdf8d0ee570/197, E_0xabdf8d0ee570/198, E_0xabdf8d0ee570/199, E_0xabdf8d0ee570/200, E_0xabdf8d0ee570/201, E_0xabdf8d0ee570/202, E_0xabdf8d0ee570/203, E_0xabdf8d0ee570/204, E_0xabdf8d0ee570/205, E_0xabdf8d0ee570/206, E_0xabdf8d0ee570/207, E_0xabdf8d0ee570/208, E_0xabdf8d0ee570/209, E_0xabdf8d0ee570/210, E_0xabdf8d0ee570/211, E_0xabdf8d0ee570/212, E_0xabdf8d0ee570/213, E_0xabdf8d0ee570/214, E_0xabdf8d0ee570/215, E_0xabdf8d0ee570/216, E_0xabdf8d0ee570/217, E_0xabdf8d0ee570/218, E_0xabdf8d0ee570/219, E_0xabdf8d0ee570/220, E_0xabdf8d0ee570/221, E_0xabdf8d0ee570/222, E_0xabdf8d0ee570/223, E_0xabdf8d0ee570/224, E_0xabdf8d0ee570/225, E_0xabdf8d0ee570/226, E_0xabdf8d0ee570/227, E_0xabdf8d0ee570/228, E_0xabdf8d0ee570/229, E_0xabdf8d0ee570/230, E_0xabdf8d0ee570/231, E_0xabdf8d0ee570/232, E_0xabdf8d0ee570/233, E_0xabdf8d0ee570/234, E_0xabdf8d0ee570/235, E_0xabdf8d0ee570/236, E_0xabdf8d0ee570/237, E_0xabdf8d0ee570/238, E_0xabdf8d0ee570/239, E_0xabdf8d0ee570/240, E_0xabdf8d0ee570/241, E_0xabdf8d0ee570/242, E_0xabdf8d0ee570/243, E_0xabdf8d0ee570/244, E_0xabdf8d0ee570/245, E_0xabdf8d0ee570/246, E_0xabdf8d0ee570/247, E_0xabdf8d0ee570/248, E_0xabdf8d0ee570/249, E_0xabdf8d0ee570/250, E_0xabdf8d0ee570/251, E_0xabdf8d0ee570/252, E_0xabdf8d0ee570/253, E_0xabdf8d0ee570/254, E_0xabdf8d0ee570/255, E_0xabdf8d0ee570/256, E_0xabdf8d0ee570/257, E_0xabdf8d0ee570/258, E_0xabdf8d0ee570/259, E_0xabdf8d0ee570/260, E_0xabdf8d0ee570/261, E_0xabdf8d0ee570/262, E_0xabdf8d0ee570/263, E_0xabdf8d0ee570/264, E_0xabdf8d0ee570/265, E_0xabdf8d0ee570/266, E_0xabdf8d0ee570/267, E_0xabdf8d0ee570/268, E_0xabdf8d0ee570/269, E_0xabdf8d0ee570/270, E_0xabdf8d0ee570/271, E_0xabdf8d0ee570/272, E_0xabdf8d0ee570/273, E_0xabdf8d0ee570/274, E_0xabdf8d0ee570/275, E_0xabdf8d0ee570/276, E_0xabdf8d0ee570/277, E_0xabdf8d0ee570/278, E_0xabdf8d0ee570/279, E_0xabdf8d0ee570/280, E_0xabdf8d0ee570/281, E_0xabdf8d0ee570/282, E_0xabdf8d0ee570/283, E_0xabdf8d0ee570/284, E_0xabdf8d0ee570/285, E_0xabdf8d0ee570/286, E_0xabdf8d0ee570/287, E_0xabdf8d0ee570/288, E_0xabdf8d0ee570/289, E_0xabdf8d0ee570/290, E_0xabdf8d0ee570/291, E_0xabdf8d0ee570/292, E_0xabdf8d0ee570/293, E_0xabdf8d0ee570/294, E_0xabdf8d0ee570/295, E_0xabdf8d0ee570/296, E_0xabdf8d0ee570/297, E_0xabdf8d0ee570/298, E_0xabdf8d0ee570/299, E_0xabdf8d0ee570/300, E_0xabdf8d0ee570/301, E_0xabdf8d0ee570/302, E_0xabdf8d0ee570/303, E_0xabdf8d0ee570/304, E_0xabdf8d0ee570/305, E_0xabdf8d0ee570/306, E_0xabdf8d0ee570/307, E_0xabdf8d0ee570/308, E_0xabdf8d0ee570/309, E_0xabdf8d0ee570/310, E_0xabdf8d0ee570/311, E_0xabdf8d0ee570/312, E_0xabdf8d0ee570/313, E_0xabdf8d0ee570/314, E_0xabdf8d0ee570/315, E_0xabdf8d0ee570/316, E_0xabdf8d0ee570/317, E_0xabdf8d0ee570/318, E_0xabdf8d0ee570/319, E_0xabdf8d0ee570/320, E_0xabdf8d0ee570/321, E_0xabdf8d0ee570/322, E_0xabdf8d0ee570/323, E_0xabdf8d0ee570/324, E_0xabdf8d0ee570/325, E_0xabdf8d0ee570/326, E_0xabdf8d0ee570/327, E_0xabdf8d0ee570/328, E_0xabdf8d0ee570/329, E_0xabdf8d0ee570/330, E_0xabdf8d0ee570/331, E_0xabdf8d0ee570/332, E_0xabdf8d0ee570/333, E_0xabdf8d0ee570/334, E_0xabdf8d0ee570/335, E_0xabdf8d0ee570/336, E_0xabdf8d0ee570/337, E_0xabdf8d0ee570/338, E_0xabdf8d0ee570/339, E_0xabdf8d0ee570/340, E_0xabdf8d0ee570/341, E_0xabdf8d0ee570/342, E_0xabdf8d0ee570/343, E_0xabdf8d0ee570/344, E_0xabdf8d0ee570/345, E_0xabdf8d0ee570/346, E_0xabdf8d0ee570/347, E_0xabdf8d0ee570/348, E_0xabdf8d0ee570/349, E_0xabdf8d0ee570/350, E_0xabdf8d0ee570/351, E_0xabdf8d0ee570/352, E_0xabdf8d0ee570/353, E_0xabdf8d0ee570/354, E_0xabdf8d0ee570/355, E_0xabdf8d0ee570/356, E_0xabdf8d0ee570/357, E_0xabdf8d0ee570/358, E_0xabdf8d0ee570/359, E_0xabdf8d0ee570/360, E_0xabdf8d0ee570/361, E_0xabdf8d0ee570/362, E_0xabdf8d0ee570/363, E_0xabdf8d0ee570/364, E_0xabdf8d0ee570/365, E_0xabdf8d0ee570/366, E_0xabdf8d0ee570/367, E_0xabdf8d0ee570/368, E_0xabdf8d0ee570/369, E_0xabdf8d0ee570/370, E_0xabdf8d0ee570/371, E_0xabdf8d0ee570/372, E_0xabdf8d0ee570/373, E_0xabdf8d0ee570/374, E_0xabdf8d0ee570/375, E_0xabdf8d0ee570/376, E_0xabdf8d0ee570/377, E_0xabdf8d0ee570/378, E_0xabdf8d0ee570/379, E_0xabdf8d0ee570/380, E_0xabdf8d0ee570/381, E_0xabdf8d0ee570/382, E_0xabdf8d0ee570/383, E_0xabdf8d0ee570/384, E_0xabdf8d0ee570/385, E_0xabdf8d0ee570/386, E_0xabdf8d0ee570/387, E_0xabdf8d0ee570/388, E_0xabdf8d0ee570/389, E_0xabdf8d0ee570/390, E_0xabdf8d0ee570/391, E_0xabdf8d0ee570/392, E_0xabdf8d0ee570/393, E_0xabdf8d0ee570/394, E_0xabdf8d0ee570/395, E_0xabdf8d0ee570/396, E_0xabdf8d0ee570/397, E_0xabdf8d0ee570/398, E_0xabdf8d0ee570/399, E_0xabdf8d0ee570/400, E_0xabdf8d0ee570/401, E_0xabdf8d0ee570/402, E_0xabdf8d0ee570/403, E_0xabdf8d0ee570/404, E_0xabdf8d0ee570/405, E_0xabdf8d0ee570/406, E_0xabdf8d0ee570/407, E_0xabdf8d0ee570/408, E_0xabdf8d0ee570/409, E_0xabdf8d0ee570/410, E_0xabdf8d0ee570/411, E_0xabdf8d0ee570/412, E_0xabdf8d0ee570/413, E_0xabdf8d0ee570/414, E_0xabdf8d0ee570/415, E_0xabdf8d0ee570/416, E_0xabdf8d0ee570/417, E_0xabdf8d0ee570/418, E_0xabdf8d0ee570/419, E_0xabdf8d0ee570/420, E_0xabdf8d0ee570/421, E_0xabdf8d0ee570/422, E_0xabdf8d0ee570/423, E_0xabdf8d0ee570/424, E_0xabdf8d0ee570/425, E_0xabdf8d0ee570/426, E_0xabdf8d0ee570/427, E_0xabdf8d0ee570/428, E_0xabdf8d0ee570/429, E_0xabdf8d0ee570/430, E_0xabdf8d0ee570/431, E_0xabdf8d0ee570/432, E_0xabdf8d0ee570/433, E_0xabdf8d0ee570/434, E_0xabdf8d0ee570/435, E_0xabdf8d0ee570/436, E_0xabdf8d0ee570/437, E_0xabdf8d0ee570/438, E_0xabdf8d0ee570/439, E_0xabdf8d0ee570/440, E_0xabdf8d0ee570/441, E_0xabdf8d0ee570/442, E_0xabdf8d0ee570/443, E_0xabdf8d0ee570/444, E_0xabdf8d0ee570/445, E_0xabdf8d0ee570/446, E_0xabdf8d0ee570/447, E_0xabdf8d0ee570/448, E_0xabdf8d0ee570/449, E_0xabdf8d0ee570/450, E_0xabdf8d0ee570/451, E_0xabdf8d0ee570/452, E_0xabdf8d0ee570/453, E_0xabdf8d0ee570/454, E_0xabdf8d0ee570/455, E_0xabdf8d0ee570/456, E_0xabdf8d0ee570/457, E_0xabdf8d0ee570/458, E_0xabdf8d0ee570/459, E_0xabdf8d0ee570/460, E_0xabdf8d0ee570/461, E_0xabdf8d0ee570/462, E_0xabdf8d0ee570/463, E_0xabdf8d0ee570/464, E_0xabdf8d0ee570/465, E_0xabdf8d0ee570/466, E_0xabdf8d0ee570/467, E_0xabdf8d0ee570/468, E_0xabdf8d0ee570/469, E_0xabdf8d0ee570/470, E_0xabdf8d0ee570/471, E_0xabdf8d0ee570/472, E_0xabdf8d0ee570/473, E_0xabdf8d0ee570/474, E_0xabdf8d0ee570/475, E_0xabdf8d0ee570/476, E_0xabdf8d0ee570/477, E_0xabdf8d0ee570/478, E_0xabdf8d0ee570/479, E_0xabdf8d0ee570/480, E_0xabdf8d0ee570/481, E_0xabdf8d0ee570/482, E_0xabdf8d0ee570/483, E_0xabdf8d0ee570/484, E_0xabdf8d0ee570/485, E_0xabdf8d0ee570/486, E_0xabdf8d0ee570/487, E_0xabdf8d0ee570/488, E_0xabdf8d0ee570/489, E_0xabdf8d0ee570/490, E_0xabdf8d0ee570/491, E_0xabdf8d0ee570/492, E_0xabdf8d0ee570/493, E_0xabdf8d0ee570/494, E_0xabdf8d0ee570/495, E_0xabdf8d0ee570/496, E_0xabdf8d0ee570/497, E_0xabdf8d0ee570/498, E_0xabdf8d0ee570/499, E_0xabdf8d0ee570/500, E_0xabdf8d0ee570/501, E_0xabdf8d0ee570/502, E_0xabdf8d0ee570/503, E_0xabdf8d0ee570/504, E_0xabdf8d0ee570/505, E_0xabdf8d0ee570/506, E_0xabdf8d0ee570/507, E_0xabdf8d0ee570/508, E_0xabdf8d0ee570/509, E_0xabdf8d0ee570/510, E_0xabdf8d0ee570/511, E_0xabdf8d0ee570/512, E_0xabdf8d0ee570/513, E_0xabdf8d0ee570/514, E_0xabdf8d0ee570/515, E_0xabdf8d0ee570/516, E_0xabdf8d0ee570/517, E_0xabdf8d0ee570/518, E_0xabdf8d0ee570/519, E_0xabdf8d0ee570/520, E_0xabdf8d0ee570/521, E_0xabdf8d0ee570/522, E_0xabdf8d0ee570/523, E_0xabdf8d0ee570/524, E_0xabdf8d0ee570/525, E_0xabdf8d0ee570/526, E_0xabdf8d0ee570/527, E_0xabdf8d0ee570/528, E_0xabdf8d0ee570/529, E_0xabdf8d0ee570/530, E_0xabdf8d0ee570/531, E_0xabdf8d0ee570/532, E_0xabdf8d0ee570/533, E_0xabdf8d0ee570/534, E_0xabdf8d0ee570/535, E_0xabdf8d0ee570/536, E_0xabdf8d0ee570/537, E_0xabdf8d0ee570/538, E_0xabdf8d0ee570/539, E_0xabdf8d0ee570/540, E_0xabdf8d0ee570/541, E_0xabdf8d0ee570/542, E_0xabdf8d0ee570/543, E_0xabdf8d0ee570/544, E_0xabdf8d0ee570/545, E_0xabdf8d0ee570/546, E_0xabdf8d0ee570/547, E_0xabdf8d0ee570/548, E_0xabdf8d0ee570/549, E_0xabdf8d0ee570/550, E_0xabdf8d0ee570/551, E_0xabdf8d0ee570/552, E_0xabdf8d0ee570/553, E_0xabdf8d0ee570/554, E_0xabdf8d0ee570/555, E_0xabdf8d0ee570/556, E_0xabdf8d0ee570/557, E_0xabdf8d0ee570/558, E_0xabdf8d0ee570/559, E_0xabdf8d0ee570/560, E_0xabdf8d0ee570/561, E_0xabdf8d0ee570/562, E_0xabdf8d0ee570/563, E_0xabdf8d0ee570/564, E_0xabdf8d0ee570/565, E_0xabdf8d0ee570/566, E_0xabdf8d0ee570/567, E_0xabdf8d0ee570/568, E_0xabdf8d0ee570/569, E_0xabdf8d0ee570/570, E_0xabdf8d0ee570/571, E_0xabdf8d0ee570/572, E_0xabdf8d0ee570/573, E_0xabdf8d0ee570/574, E_0xabdf8d0ee570/575, E_0xabdf8d0ee570/576, E_0xabdf8d0ee570/577, E_0xabdf8d0ee570/578, E_0xabdf8d0ee570/579, E_0xabdf8d0ee570/580, E_0xabdf8d0ee570/581, E_0xabdf8d0ee570/582, E_0xabdf8d0ee570/583, E_0xabdf8d0ee570/584, E_0xabdf8d0ee570/585, E_0xabdf8d0ee570/586, E_0xabdf8d0ee570/587, E_0xabdf8d0ee570/588, E_0xabdf8d0ee570/589, E_0xabdf8d0ee570/590, E_0xabdf8d0ee570/591, E_0xabdf8d0ee570/592, E_0xabdf8d0ee570/593, E_0xabdf8d0ee570/594, E_0xabdf8d0ee570/595, E_0xabdf8d0ee570/596, E_0xabdf8d0ee570/597, E_0xabdf8d0ee570/598, E_0xabdf8d0ee570/599, E_0xabdf8d0ee570/600, E_0xabdf8d0ee570/601, E_0xabdf8d0ee570/602, E_0xabdf8d0ee570/603, E_0xabdf8d0ee570/604, E_0xabdf8d0ee570/605, E_0xabdf8d0ee570/606, E_0xabdf8d0ee570/607, E_0xabdf8d0ee570/608, E_0xabdf8d0ee570/609, E_0xabdf8d0ee570/610, E_0xabdf8d0ee570/611, E_0xabdf8d0ee570/612, E_0xabdf8d0ee570/613, E_0xabdf8d0ee570/614, E_0xabdf8d0ee570/615, E_0xabdf8d0ee570/616, E_0xabdf8d0ee570/617, E_0xabdf8d0ee570/618, E_0xabdf8d0ee570/619, E_0xabdf8d0ee570/620, E_0xabdf8d0ee570/621, E_0xabdf8d0ee570/622, E_0xabdf8d0ee570/623, E_0xabdf8d0ee570/624, E_0xabdf8d0ee570/625, E_0xabdf8d0ee570/626, E_0xabdf8d0ee570/627, E_0xabdf8d0ee570/628, E_0xabdf8d0ee570/629, E_0xabdf8d0ee570/630, E_0xabdf8d0ee570/631, E_0xabdf8d0ee570/632, E_0xabdf8d0ee570/633, E_0xabdf8d0ee570/634, E_0xabdf8d0ee570/635, E_0xabdf8d0ee570/636, E_0xabdf8d0ee570/637, E_0xabdf8d0ee570/638, E_0xabdf8d0ee570/639, E_0xabdf8d0ee570/640, E_0xabdf8d0ee570/641, E_0xabdf8d0ee570/642, E_0xabdf8d0ee570/643, E_0xabdf8d0ee570/644, E_0xabdf8d0ee570/645, E_0xabdf8d0ee570/646, E_0xabdf8d0ee570/647, E_0xabdf8d0ee570/648, E_0xabdf8d0ee570/649, E_0xabdf8d0ee570/650, E_0xabdf8d0ee570/651, E_0xabdf8d0ee570/652, E_0xabdf8d0ee570/653, E_0xabdf8d0ee570/654, E_0xabdf8d0ee570/655, E_0xabdf8d0ee570/656, E_0xabdf8d0ee570/657, E_0xabdf8d0ee570/658, E_0xabdf8d0ee570/659, E_0xabdf8d0ee570/660, E_0xabdf8d0ee570/661, E_0xabdf8d0ee570/662, E_0xabdf8d0ee570/663, E_0xabdf8d0ee570/664, E_0xabdf8d0ee570/665, E_0xabdf8d0ee570/666, E_0xabdf8d0ee570/667, E_0xabdf8d0ee570/668, E_0xabdf8d0ee570/669, E_0xabdf8d0ee570/670, E_0xabdf8d0ee570/671, E_0xabdf8d0ee570/672, E_0xabdf8d0ee570/673, E_0xabdf8d0ee570/674, E_0xabdf8d0ee570/675, E_0xabdf8d0ee570/676, E_0xabdf8d0ee570/677, E_0xabdf8d0ee570/678, E_0xabdf8d0ee570/679, E_0xabdf8d0ee570/680, E_0xabdf8d0ee570/681, E_0xabdf8d0ee570/682, E_0xabdf8d0ee570/683, E_0xabdf8d0ee570/684, E_0xabdf8d0ee570/685, E_0xabdf8d0ee570/686, E_0xabdf8d0ee570/687, E_0xabdf8d0ee570/688, E_0xabdf8d0ee570/689, E_0xabdf8d0ee570/690, E_0xabdf8d0ee570/691, E_0xabdf8d0ee570/692, E_0xabdf8d0ee570/693, E_0xabdf8d0ee570/694, E_0xabdf8d0ee570/695, E_0xabdf8d0ee570/696, E_0xabdf8d0ee570/697, E_0xabdf8d0ee570/698, E_0xabdf8d0ee570/699, E_0xabdf8d0ee570/700, E_0xabdf8d0ee570/701, E_0xabdf8d0ee570/702, E_0xabdf8d0ee570/703, E_0xabdf8d0ee570/704, E_0xabdf8d0ee570/705, E_0xabdf8d0ee570/706, E_0xabdf8d0ee570/707, E_0xabdf8d0ee570/708, E_0xabdf8d0ee570/709, E_0xabdf8d0ee570/710, E_0xabdf8d0ee570/711, E_0xabdf8d0ee570/712, E_0xabdf8d0ee570/713, E_0xabdf8d0ee570/714, E_0xabdf8d0ee570/715, E_0xabdf8d0ee570/716, E_0xabdf8d0ee570/717, E_0xabdf8d0ee570/718, E_0xabdf8d0ee570/719, E_0xabdf8d0ee570/720, E_0xabdf8d0ee570/721, E_0xabdf8d0ee570/722, E_0xabdf8d0ee570/723, E_0xabdf8d0ee570/724, E_0xabdf8d0ee570/725, E_0xabdf8d0ee570/726, E_0xabdf8d0ee570/727, E_0xabdf8d0ee570/728, E_0xabdf8d0ee570/729, E_0xabdf8d0ee570/730, E_0xabdf8d0ee570/731, E_0xabdf8d0ee570/732, E_0xabdf8d0ee570/733, E_0xabdf8d0ee570/734, E_0xabdf8d0ee570/735, E_0xabdf8d0ee570/736, E_0xabdf8d0ee570/737, E_0xabdf8d0ee570/738, E_0xabdf8d0ee570/739, E_0xabdf8d0ee570/740, E_0xabdf8d0ee570/741, E_0xabdf8d0ee570/742, E_0xabdf8d0ee570/743, E_0xabdf8d0ee570/744, E_0xabdf8d0ee570/745, E_0xabdf8d0ee570/746, E_0xabdf8d0ee570/747, E_0xabdf8d0ee570/748, E_0xabdf8d0ee570/749, E_0xabdf8d0ee570/750, E_0xabdf8d0ee570/751, E_0xabdf8d0ee570/752, E_0xabdf8d0ee570/753, E_0xabdf8d0ee570/754, E_0xabdf8d0ee570/755, E_0xabdf8d0ee570/756, E_0xabdf8d0ee570/757, E_0xabdf8d0ee570/758, E_0xabdf8d0ee570/759, E_0xabdf8d0ee570/760, E_0xabdf8d0ee570/761, E_0xabdf8d0ee570/762, E_0xabdf8d0ee570/763, E_0xabdf8d0ee570/764, E_0xabdf8d0ee570/765, E_0xabdf8d0ee570/766, E_0xabdf8d0ee570/767, E_0xabdf8d0ee570/768, E_0xabdf8d0ee570/769, E_0xabdf8d0ee570/770, E_0xabdf8d0ee570/771, E_0xabdf8d0ee570/772, E_0xabdf8d0ee570/773, E_0xabdf8d0ee570/774, E_0xabdf8d0ee570/775, E_0xabdf8d0ee570/776, E_0xabdf8d0ee570/777, E_0xabdf8d0ee570/778, E_0xabdf8d0ee570/779, E_0xabdf8d0ee570/780, E_0xabdf8d0ee570/781, E_0xabdf8d0ee570/782, E_0xabdf8d0ee570/783, E_0xabdf8d0ee570/784, E_0xabdf8d0ee570/785, E_0xabdf8d0ee570/786, E_0xabdf8d0ee570/787, E_0xabdf8d0ee570/788, E_0xabdf8d0ee570/789, E_0xabdf8d0ee570/790, E_0xabdf8d0ee570/791, E_0xabdf8d0ee570/792, E_0xabdf8d0ee570/793, E_0xabdf8d0ee570/794, E_0xabdf8d0ee570/795, E_0xabdf8d0ee570/796, E_0xabdf8d0ee570/797, E_0xabdf8d0ee570/798, E_0xabdf8d0ee570/799, E_0xabdf8d0ee570/800, E_0xabdf8d0ee570/801, E_0xabdf8d0ee570/802, E_0xabdf8d0ee570/803, E_0xabdf8d0ee570/804, E_0xabdf8d0ee570/805, E_0xabdf8d0ee570/806, E_0xabdf8d0ee570/807, E_0xabdf8d0ee570/808, E_0xabdf8d0ee570/809, E_0xabdf8d0ee570/810, E_0xabdf8d0ee570/811, E_0xabdf8d0ee570/812, E_0xabdf8d0ee570/813, E_0xabdf8d0ee570/814, E_0xabdf8d0ee570/815, E_0xabdf8d0ee570/816, E_0xabdf8d0ee570/817, E_0xabdf8d0ee570/818, E_0xabdf8d0ee570/819, E_0xabdf8d0ee570/820, E_0xabdf8d0ee570/821, E_0xabdf8d0ee570/822, E_0xabdf8d0ee570/823, E_0xabdf8d0ee570/824, E_0xabdf8d0ee570/825, E_0xabdf8d0ee570/826, E_0xabdf8d0ee570/827, E_0xabdf8d0ee570/828, E_0xabdf8d0ee570/829, E_0xabdf8d0ee570/830, E_0xabdf8d0ee570/831, E_0xabdf8d0ee570/832, E_0xabdf8d0ee570/833, E_0xabdf8d0ee570/834, E_0xabdf8d0ee570/835, E_0xabdf8d0ee570/836, E_0xabdf8d0ee570/837, E_0xabdf8d0ee570/838, E_0xabdf8d0ee570/839, E_0xabdf8d0ee570/840, E_0xabdf8d0ee570/841, E_0xabdf8d0ee570/842, E_0xabdf8d0ee570/843, E_0xabdf8d0ee570/844, E_0xabdf8d0ee570/845, E_0xabdf8d0ee570/846, E_0xabdf8d0ee570/847, E_0xabdf8d0ee570/848, E_0xabdf8d0ee570/849, E_0xabdf8d0ee570/850, E_0xabdf8d0ee570/851, E_0xabdf8d0ee570/852, E_0xabdf8d0ee570/853, E_0xabdf8d0ee570/854, E_0xabdf8d0ee570/855, E_0xabdf8d0ee570/856, E_0xabdf8d0ee570/857, E_0xabdf8d0ee570/858, E_0xabdf8d0ee570/859, E_0xabdf8d0ee570/860, E_0xabdf8d0ee570/861, E_0xabdf8d0ee570/862, E_0xabdf8d0ee570/863, E_0xabdf8d0ee570/864, E_0xabdf8d0ee570/865, E_0xabdf8d0ee570/866, E_0xabdf8d0ee570/867, E_0xabdf8d0ee570/868, E_0xabdf8d0ee570/869, E_0xabdf8d0ee570/870, E_0xabdf8d0ee570/871, E_0xabdf8d0ee570/872, E_0xabdf8d0ee570/873, E_0xabdf8d0ee570/874, E_0xabdf8d0ee570/875, E_0xabdf8d0ee570/876, E_0xabdf8d0ee570/877, E_0xabdf8d0ee570/878, E_0xabdf8d0ee570/879, E_0xabdf8d0ee570/880, E_0xabdf8d0ee570/881, E_0xabdf8d0ee570/882, E_0xabdf8d0ee570/883, E_0xabdf8d0ee570/884, E_0xabdf8d0ee570/885, E_0xabdf8d0ee570/886, E_0xabdf8d0ee570/887, E_0xabdf8d0ee570/888, E_0xabdf8d0ee570/889, E_0xabdf8d0ee570/890, E_0xabdf8d0ee570/891, E_0xabdf8d0ee570/892, E_0xabdf8d0ee570/893, E_0xabdf8d0ee570/894, E_0xabdf8d0ee570/895, E_0xabdf8d0ee570/896, E_0xabdf8d0ee570/897, E_0xabdf8d0ee570/898, E_0xabdf8d0ee570/899, E_0xabdf8d0ee570/900, E_0xabdf8d0ee570/901, E_0xabdf8d0ee570/902, E_0xabdf8d0ee570/903, E_0xabdf8d0ee570/904, E_0xabdf8d0ee570/905, E_0xabdf8d0ee570/906, E_0xabdf8d0ee570/907, E_0xabdf8d0ee570/908, E_0xabdf8d0ee570/909, E_0xabdf8d0ee570/910, E_0xabdf8d0ee570/911, E_0xabdf8d0ee570/912, E_0xabdf8d0ee570/913, E_0xabdf8d0ee570/914, E_0xabdf8d0ee570/915, E_0xabdf8d0ee570/916, E_0xabdf8d0ee570/917, E_0xabdf8d0ee570/918, E_0xabdf8d0ee570/919, E_0xabdf8d0ee570/920, E_0xabdf8d0ee570/921, E_0xabdf8d0ee570/922, E_0xabdf8d0ee570/923, E_0xabdf8d0ee570/924, E_0xabdf8d0ee570/925, E_0xabdf8d0ee570/926, E_0xabdf8d0ee570/927, E_0xabdf8d0ee570/928, E_0xabdf8d0ee570/929, E_0xabdf8d0ee570/930, E_0xabdf8d0ee570/931, E_0xabdf8d0ee570/932, E_0xabdf8d0ee570/933, E_0xabdf8d0ee570/934, E_0xabdf8d0ee570/935, E_0xabdf8d0ee570/936, E_0xabdf8d0ee570/937, E_0xabdf8d0ee570/938, E_0xabdf8d0ee570/939, E_0xabdf8d0ee570/940, E_0xabdf8d0ee570/941, E_0xabdf8d0ee570/942, E_0xabdf8d0ee570/943, E_0xabdf8d0ee570/944, E_0xabdf8d0ee570/945, E_0xabdf8d0ee570/946, E_0xabdf8d0ee570/947, E_0xabdf8d0ee570/948, E_0xabdf8d0ee570/949, E_0xabdf8d0ee570/950, E_0xabdf8d0ee570/951, E_0xabdf8d0ee570/952, E_0xabdf8d0ee570/953, E_0xabdf8d0ee570/954, E_0xabdf8d0ee570/955, E_0xabdf8d0ee570/956, E_0xabdf8d0ee570/957, E_0xabdf8d0ee570/958, E_0xabdf8d0ee570/959, E_0xabdf8d0ee570/960, E_0xabdf8d0ee570/961, E_0xabdf8d0ee570/962, E_0xabdf8d0ee570/963, E_0xabdf8d0ee570/964, E_0xabdf8d0ee570/965, E_0xabdf8d0ee570/966, E_0xabdf8d0ee570/967, E_0xabdf8d0ee570/968, E_0xabdf8d0ee570/969, E_0xabdf8d0ee570/970, E_0xabdf8d0ee570/971, E_0xabdf8d0ee570/972, E_0xabdf8d0ee570/973, E_0xabdf8d0ee570/974, E_0xabdf8d0ee570/975, E_0xabdf8d0ee570/976, E_0xabdf8d0ee570/977, E_0xabdf8d0ee570/978, E_0xabdf8d0ee570/979, E_0xabdf8d0ee570/980, E_0xabdf8d0ee570/981, E_0xabdf8d0ee570/982, E_0xabdf8d0ee570/983, E_0xabdf8d0ee570/984, E_0xabdf8d0ee570/985, E_0xabdf8d0ee570/986, E_0xabdf8d0ee570/987, E_0xabdf8d0ee570/988, E_0xabdf8d0ee570/989, E_0xabdf8d0ee570/990, E_0xabdf8d0ee570/991, E_0xabdf8d0ee570/992, E_0xabdf8d0ee570/993, E_0xabdf8d0ee570/994, E_0xabdf8d0ee570/995, E_0xabdf8d0ee570/996, E_0xabdf8d0ee570/997, E_0xabdf8d0ee570/998, E_0xabdf8d0ee570/999, E_0xabdf8d0ee570/1000, E_0xabdf8d0ee570/1001, E_0xabdf8d0ee570/1002, E_0xabdf8d0ee570/1003, E_0xabdf8d0ee570/1004, E_0xabdf8d0ee570/1005, E_0xabdf8d0ee570/1006, E_0xabdf8d0ee570/1007, E_0xabdf8d0ee570/1008, E_0xabdf8d0ee570/1009, E_0xabdf8d0ee570/1010, E_0xabdf8d0ee570/1011, E_0xabdf8d0ee570/1012, E_0xabdf8d0ee570/1013, E_0xabdf8d0ee570/1014, E_0xabdf8d0ee570/1015, E_0xabdf8d0ee570/1016, E_0xabdf8d0ee570/1017, E_0xabdf8d0ee570/1018, E_0xabdf8d0ee570/1019, E_0xabdf8d0ee570/1020, E_0xabdf8d0ee570/1021, E_0xabdf8d0ee570/1022, E_0xabdf8d0ee570/1023, E_0xabdf8d0ee570/1024, E_0xabdf8d0ee570/1025, E_0xabdf8d0ee570/1026, E_0xabdf8d0ee570/1027, E_0xabdf8d0ee570/1028, E_0xabdf8d0ee570/1029, E_0xabdf8d0ee570/1030, E_0xabdf8d0ee570/1031, E_0xabdf8d0ee570/1032, E_0xabdf8d0ee570/1033, E_0xabdf8d0ee570/1034, E_0xabdf8d0ee570/1035, E_0xabdf8d0ee570/1036, E_0xabdf8d0ee570/1037, E_0xabdf8d0ee570/1038, E_0xabdf8d0ee570/1039, E_0xabdf8d0ee570/1040, E_0xabdf8d0ee570/1041, E_0xabdf8d0ee570/1042, E_0xabdf8d0ee570/1043, E_0xabdf8d0ee570/1044, E_0xabdf8d0ee570/1045, E_0xabdf8d0ee570/1046, E_0xabdf8d0ee570/1047, E_0xabdf8d0ee570/1048, E_0xabdf8d0ee570/1049, E_0xabdf8d0ee570/1050, E_0xabdf8d0ee570/1051, E_0xabdf8d0ee570/1052, E_0xabdf8d0ee570/1053, E_0xabdf8d0ee570/1054, E_0xabdf8d0ee570/1055, E_0xabdf8d0ee570/1056, E_0xabdf8d0ee570/1057, E_0xabdf8d0ee570/1058, E_0xabdf8d0ee570/1059, E_0xabdf8d0ee570/1060, E_0xabdf8d0ee570/1061, E_0xabdf8d0ee570/1062, E_0xabdf8d0ee570/1063, E_0xabdf8d0ee570/1064, E_0xabdf8d0ee570/1065, E_0xabdf8d0ee570/1066, E_0xabdf8d0ee570/1067, E_0xabdf8d0ee570/1068, E_0xabdf8d0ee570/1069, E_0xabdf8d0ee570/1070, E_0xabdf8d0ee570/1071, E_0xabdf8d0ee570/1072, E_0xabdf8d0ee570/1073, E_0xabdf8d0ee570/1074, E_0xabdf8d0ee570/1075, E_0xabdf8d0ee570/1076, E_0xabdf8d0ee570/1077, E_0xabdf8d0ee570/1078, E_0xabdf8d0ee570/1079, E_0xabdf8d0ee570/1080, E_0xabdf8d0ee570/1081, E_0xabdf8d0ee570/1082, E_0xabdf8d0ee570/1083, E_0xabdf8d0ee570/1084, E_0xabdf8d0ee570/1085, E_0xabdf8d0ee570/1086, E_0xabdf8d0ee570/1087, E_0xabdf8d0ee570/1088, E_0xabdf8d0ee570/1089, E_0xabdf8d0ee570/1090, E_0xabdf8d0ee570/1091, E_0xabdf8d0ee570/1092, E_0xabdf8d0ee570/1093, E_0xabdf8d0ee570/1094, E_0xabdf8d0ee570/1095, E_0xabdf8d0ee570/1096, E_0xabdf8d0ee570/1097, E_0xabdf8d0ee570/1098, E_0xabdf8d0ee570/1099, E_0xabdf8d0ee570/1100, E_0xabdf8d0ee570/1101, E_0xabdf8d0ee570/1102, E_0xabdf8d0ee570/1103, E_0xabdf8d0ee570/1104, E_0xabdf8d0ee570/1105, E_0xabdf8d0ee570/1106, E_0xabdf8d0ee570/1107, E_0xabdf8d0ee570/1108, E_0xabdf8d0ee570/1109, E_0xabdf8d0ee570/1110, E_0xabdf8d0ee570/1111, E_0xabdf8d0ee570/1112, E_0xabdf8d0ee570/1113, E_0xabdf8d0ee570/1114, E_0xabdf8d0ee570/1115, E_0xabdf8d0ee570/1116, E_0xabdf8d0ee570/1117, E_0xabdf8d0ee570/1118, E_0xabdf8d0ee570/1119, E_0xabdf8d0ee570/1120, E_0xabdf8d0ee570/1121, E_0xabdf8d0ee570/1122, E_0xabdf8d0ee570/1123, E_0xabdf8d0ee570/1124, E_0xabdf8d0ee570/1125, E_0xabdf8d0ee570/1126, E_0xabdf8d0ee570/1127, E_0xabdf8d0ee570/1128, E_0xabdf8d0ee570/1129, E_0xabdf8d0ee570/1130, E_0xabdf8d0ee570/1131, E_0xabdf8d0ee570/1132, E_0xabdf8d0ee570/1133, E_0xabdf8d0ee570/1134, E_0xabdf8d0ee570/1135, E_0xabdf8d0ee570/1136, E_0xabdf8d0ee570/1137, E_0xabdf8d0ee570/1138, E_0xabdf8d0ee570/1139, E_0xabdf8d0ee570/1140, E_0xabdf8d0ee570/1141, E_0xabdf8d0ee570/1142, E_0xabdf8d0ee570/1143, E_0xabdf8d0ee570/1144, E_0xabdf8d0ee570/1145, E_0xabdf8d0ee570/1146, E_0xabdf8d0ee570/1147, E_0xabdf8d0ee570/1148, E_0xabdf8d0ee570/1149, E_0xabdf8d0ee570/1150, E_0xabdf8d0ee570/1151, E_0xabdf8d0ee570/1152, E_0xabdf8d0ee570/1153, E_0xabdf8d0ee570/1154, E_0xabdf8d0ee570/1155, E_0xabdf8d0ee570/1156, E_0xabdf8d0ee570/1157, E_0xabdf8d0ee570/1158, E_0xabdf8d0ee570/1159, E_0xabdf8d0ee570/1160, E_0xabdf8d0ee570/1161, E_0xabdf8d0ee570/1162, E_0xabdf8d0ee570/1163, E_0xabdf8d0ee570/1164, E_0xabdf8d0ee570/1165, E_0xabdf8d0ee570/1166, E_0xabdf8d0ee570/1167, E_0xabdf8d0ee570/1168, E_0xabdf8d0ee570/1169, E_0xabdf8d0ee570/1170, E_0xabdf8d0ee570/1171, E_0xabdf8d0ee570/1172, E_0xabdf8d0ee570/1173, E_0xabdf8d0ee570/1174, E_0xabdf8d0ee570/1175, E_0xabdf8d0ee570/1176, E_0xabdf8d0ee570/1177, E_0xabdf8d0ee570/1178, E_0xabdf8d0ee570/1179, E_0xabdf8d0ee570/1180, E_0xabdf8d0ee570/1181, E_0xabdf8d0ee570/1182, E_0xabdf8d0ee570/1183, E_0xabdf8d0ee570/1184, E_0xabdf8d0ee570/1185, E_0xabdf8d0ee570/1186, E_0xabdf8d0ee570/1187, E_0xabdf8d0ee570/1188, E_0xabdf8d0ee570/1189, E_0xabdf8d0ee570/1190, E_0xabdf8d0ee570/1191, E_0xabdf8d0ee570/1192, E_0xabdf8d0ee570/1193, E_0xabdf8d0ee570/1194, E_0xabdf8d0ee570/1195, E_0xabdf8d0ee570/1196, E_0xabdf8d0ee570/1197, E_0xabdf8d0ee570/1198, E_0xabdf8d0ee570/1199, E_0xabdf8d0ee570/1200, E_0xabdf8d0ee570/1201, E_0xabdf8d0ee570/1202, E_0xabdf8d0ee570/1203, E_0xabdf8d0ee570/1204, E_0xabdf8d0ee570/1205, E_0xabdf8d0ee570/1206, E_0xabdf8d0ee570/1207, E_0xabdf8d0ee570/1208, E_0xabdf8d0ee570/1209, E_0xabdf8d0ee570/1210, E_0xabdf8d0ee570/1211, E_0xabdf8d0ee570/1212, E_0xabdf8d0ee570/1213, E_0xabdf8d0ee570/1214, E_0xabdf8d0ee570/1215, E_0xabdf8d0ee570/1216, E_0xabdf8d0ee570/1217, E_0xabdf8d0ee570/1218, E_0xabdf8d0ee570/1219, E_0xabdf8d0ee570/1220, E_0xabdf8d0ee570/1221, E_0xabdf8d0ee570/1222, E_0xabdf8d0ee570/1223, E_0xabdf8d0ee570/1224, E_0xabdf8d0ee570/1225, E_0xabdf8d0ee570/1226, E_0xabdf8d0ee570/1227, E_0xabdf8d0ee570/1228, E_0xabdf8d0ee570/1229, E_0xabdf8d0ee570/1230, E_0xabdf8d0ee570/1231, E_0xabdf8d0ee570/1232, E_0xabdf8d0ee570/1233, E_0xabdf8d0ee570/1234, E_0xabdf8d0ee570/1235, E_0xabdf8d0ee570/1236, E_0xabdf8d0ee570/1237, E_0xabdf8d0ee570/1238, E_0xabdf8d0ee570/1239, E_0xabdf8d0ee570/1240, E_0xabdf8d0ee570/1241, E_0xabdf8d0ee570/1242, E_0xabdf8d0ee570/1243, E_0xabdf8d0ee570/1244, E_0xabdf8d0ee570/1245, E_0xabdf8d0ee570/1246, E_0xabdf8d0ee570/1247, E_0xabdf8d0ee570/1248, E_0xabdf8d0ee570/1249, E_0xabdf8d0ee570/1250, E_0xabdf8d0ee570/1251, E_0xabdf8d0ee570/1252, E_0xabdf8d0ee570/1253, E_0xabdf8d0ee570/1254, E_0xabdf8d0ee570/1255, E_0xabdf8d0ee570/1256, E_0xabdf8d0ee570/1257, E_0xabdf8d0ee570/1258, E_0xabdf8d0ee570/1259, E_0xabdf8d0ee570/1260, E_0xabdf8d0ee570/1261, E_0xabdf8d0ee570/1262, E_0xabdf8d0ee570/1263, E_0xabdf8d0ee570/1264, E_0xabdf8d0ee570/1265, E_0xabdf8d0ee570/1266, E_0xabdf8d0ee570/1267, E_0xabdf8d0ee570/1268, E_0xabdf8d0ee570/1269, E_0xabdf8d0ee570/1270, E_0xabdf8d0ee570/1271, E_0xabdf8d0ee570/1272, E_0xabdf8d0ee570/1273, E_0xabdf8d0ee570/1274, E_0xabdf8d0ee570/1275, E_0xabdf8d0ee570/1276, E_0xabdf8d0ee570/1277, E_0xabdf8d0ee570/1278, E_0xabdf8d0ee570/1279, E_0xabdf8d0ee570/1280, E_0xabdf8d0ee570/1281, E_0xabdf8d0ee570/1282, E_0xabdf8d0ee570/1283, E_0xabdf8d0ee570/1284, E_0xabdf8d0ee570/1285, E_0xabdf8d0ee570/1286, E_0xabdf8d0ee570/1287, E_0xabdf8d0ee570/1288, E_0xabdf8d0ee570/1289, E_0xabdf8d0ee570/1290, E_0xabdf8d0ee570/1291, E_0xabdf8d0ee570/1292, E_0xabdf8d0ee570/1293, E_0xabdf8d0ee570/1294, E_0xabdf8d0ee570/1295, E_0xabdf8d0ee570/1296, E_0xabdf8d0ee570/1297, E_0xabdf8d0ee570/1298, E_0xabdf8d0ee570/1299, E_0xabdf8d0ee570/1300, E_0xabdf8d0ee570/1301, E_0xabdf8d0ee570/1302, E_0xabdf8d0ee570/1303, E_0xabdf8d0ee570/1304, E_0xabdf8d0ee570/1305, E_0xabdf8d0ee570/1306, E_0xabdf8d0ee570/1307, E_0xabdf8d0ee570/1308, E_0xabdf8d0ee570/1309, E_0xabdf8d0ee570/1310, E_0xabdf8d0ee570/1311, E_0xabdf8d0ee570/1312, E_0xabdf8d0ee570/1313, E_0xabdf8d0ee570/1314, E_0xabdf8d0ee570/1315, E_0xabdf8d0ee570/1316, E_0xabdf8d0ee570/1317, E_0xabdf8d0ee570/1318, E_0xabdf8d0ee570/1319, E_0xabdf8d0ee570/1320, E_0xabdf8d0ee570/1321, E_0xabdf8d0ee570/1322, E_0xabdf8d0ee570/1323, E_0xabdf8d0ee570/1324, E_0xabdf8d0ee570/1325, E_0xabdf8d0ee570/1326, E_0xabdf8d0ee570/1327, E_0xabdf8d0ee570/1328, E_0xabdf8d0ee570/1329, E_0xabdf8d0ee570/1330, E_0xabdf8d0ee570/1331, E_0xabdf8d0ee570/1332, E_0xabdf8d0ee570/1333, E_0xabdf8d0ee570/1334, E_0xabdf8d0ee570/1335, E_0xabdf8d0ee570/1336, E_0xabdf8d0ee570/1337, E_0xabdf8d0ee570/1338, E_0xabdf8d0ee570/1339, E_0xabdf8d0ee570/1340, E_0xabdf8d0ee570/1341, E_0xabdf8d0ee570/1342, E_0xabdf8d0ee570/1343, E_0xabdf8d0ee570/1344, E_0xabdf8d0ee570/1345, E_0xabdf8d0ee570/1346, E_0xabdf8d0ee570/1347, E_0xabdf8d0ee570/1348, E_0xabdf8d0ee570/1349, E_0xabdf8d0ee570/1350, E_0xabdf8d0ee570/1351, E_0xabdf8d0ee570/1352, E_0xabdf8d0ee570/1353, E_0xabdf8d0ee570/1354, E_0xabdf8d0ee570/1355, E_0xabdf8d0ee570/1356, E_0xabdf8d0ee570/1357, E_0xabdf8d0ee570/1358, E_0xabdf8d0ee570/1359, E_0xabdf8d0ee570/1360, E_0xabdf8d0ee570/1361, E_0xabdf8d0ee570/1362, E_0xabdf8d0ee570/1363, E_0xabdf8d0ee570/1364, E_0xabdf8d0ee570/1365, E_0xabdf8d0ee570/1366, E_0xabdf8d0ee570/1367, E_0xabdf8d0ee570/1368, E_0xabdf8d0ee570/1369, E_0xabdf8d0ee570/1370, E_0xabdf8d0ee570/1371, E_0xabdf8d0ee570/1372, E_0xabdf8d0ee570/1373, E_0xabdf8d0ee570/1374, E_0xabdf8d0ee570/1375, E_0xabdf8d0ee570/1376, E_0xabdf8d0ee570/1377, E_0xabdf8d0ee570/1378, E_0xabdf8d0ee570/1379, E_0xabdf8d0ee570/1380, E_0xabdf8d0ee570/1381, E_0xabdf8d0ee570/1382, E_0xabdf8d0ee570/1383, E_0xabdf8d0ee570/1384, E_0xabdf8d0ee570/1385, E_0xabdf8d0ee570/1386, E_0xabdf8d0ee570/1387, E_0xabdf8d0ee570/1388, E_0xabdf8d0ee570/1389, E_0xabdf8d0ee570/1390, E_0xabdf8d0ee570/1391, E_0xabdf8d0ee570/1392, E_0xabdf8d0ee570/1393, E_0xabdf8d0ee570/1394, E_0xabdf8d0ee570/1395, E_0xabdf8d0ee570/1396, E_0xabdf8d0ee570/1397, E_0xabdf8d0ee570/1398, E_0xabdf8d0ee570/1399, E_0xabdf8d0ee570/1400, E_0xabdf8d0ee570/1401, E_0xabdf8d0ee570/1402, E_0xabdf8d0ee570/1403, E_0xabdf8d0ee570/1404, E_0xabdf8d0ee570/1405, E_0xabdf8d0ee570/1406, E_0xabdf8d0ee570/1407, E_0xabdf8d0ee570/1408, E_0xabdf8d0ee570/1409, E_0xabdf8d0ee570/1410, E_0xabdf8d0ee570/1411, E_0xabdf8d0ee570/1412, E_0xabdf8d0ee570/1413, E_0xabdf8d0ee570/1414, E_0xabdf8d0ee570/1415, E_0xabdf8d0ee570/1416, E_0xabdf8d0ee570/1417, E_0xabdf8d0ee570/1418, E_0xabdf8d0ee570/1419, E_0xabdf8d0ee570/1420, E_0xabdf8d0ee570/1421, E_0xabdf8d0ee570/1422, E_0xabdf8d0ee570/1423, E_0xabdf8d0ee570/1424, E_0xabdf8d0ee570/1425, E_0xabdf8d0ee570/1426, E_0xabdf8d0ee570/1427, E_0xabdf8d0ee570/1428, E_0xabdf8d0ee570/1429, E_0xabdf8d0ee570/1430, E_0xabdf8d0ee570/1431, E_0xabdf8d0ee570/1432, E_0xabdf8d0ee570/1433, E_0xabdf8d0ee570/1434, E_0xabdf8d0ee570/1435, E_0xabdf8d0ee570/1436, E_0xabdf8d0ee570/1437, E_0xabdf8d0ee570/1438, E_0xabdf8d0ee570/1439, E_0xabdf8d0ee570/1440, E_0xabdf8d0ee570/1441, E_0xabdf8d0ee570/1442, E_0xabdf8d0ee570/1443, E_0xabdf8d0ee570/1444, E_0xabdf8d0ee570/1445, E_0xabdf8d0ee570/1446, E_0xabdf8d0ee570/1447, E_0xabdf8d0ee570/1448, E_0xabdf8d0ee570/1449, E_0xabdf8d0ee570/1450, E_0xabdf8d0ee570/1451, E_0xabdf8d0ee570/1452, E_0xabdf8d0ee570/1453, E_0xabdf8d0ee570/1454, E_0xabdf8d0ee570/1455, E_0xabdf8d0ee570/1456, E_0xabdf8d0ee570/1457, E_0xabdf8d0ee570/1458, E_0xabdf8d0ee570/1459, E_0xabdf8d0ee570/1460, E_0xabdf8d0ee570/1461, E_0xabdf8d0ee570/1462, E_0xabdf8d0ee570/1463, E_0xabdf8d0ee570/1464, E_0xabdf8d0ee570/1465, E_0xabdf8d0ee570/1466, E_0xabdf8d0ee570/1467, E_0xabdf8d0ee570/1468, E_0xabdf8d0ee570/1469, E_0xabdf8d0ee570/1470, E_0xabdf8d0ee570/1471, E_0xabdf8d0ee570/1472, E_0xabdf8d0ee570/1473, E_0xabdf8d0ee570/1474, E_0xabdf8d0ee570/1475, E_0xabdf8d0ee570/1476, E_0xabdf8d0ee570/1477, E_0xabdf8d0ee570/1478, E_0xabdf8d0ee570/1479, E_0xabdf8d0ee570/1480, E_0xabdf8d0ee570/1481, E_0xabdf8d0ee570/1482, E_0xabdf8d0ee570/1483, E_0xabdf8d0ee570/1484, E_0xabdf8d0ee570/1485, E_0xabdf8d0ee570/1486, E_0xabdf8d0ee570/1487, E_0xabdf8d0ee570/1488, E_0xabdf8d0ee570/1489, E_0xabdf8d0ee570/1490, E_0xabdf8d0ee570/1491, E_0xabdf8d0ee570/1492, E_0xabdf8d0ee570/1493, E_0xabdf8d0ee570/1494, E_0xabdf8d0ee570/1495, E_0xabdf8d0ee570/1496, E_0xabdf8d0ee570/1497, E_0xabdf8d0ee570/1498, E_0xabdf8d0ee570/1499, E_0xabdf8d0ee570/1500, E_0xabdf8d0ee570/1501, E_0xabdf8d0ee570/1502, E_0xabdf8d0ee570/1503, E_0xabdf8d0ee570/1504, E_0xabdf8d0ee570/1505, E_0xabdf8d0ee570/1506, E_0xabdf8d0ee570/1507, E_0xabdf8d0ee570/1508, E_0xabdf8d0ee570/1509, E_0xabdf8d0ee570/1510, E_0xabdf8d0ee570/1511, E_0xabdf8d0ee570/1512, E_0xabdf8d0ee570/1513, E_0xabdf8d0ee570/1514, E_0xabdf8d0ee570/1515, E_0xabdf8d0ee570/1516, E_0xabdf8d0ee570/1517, E_0xabdf8d0ee570/1518, E_0xabdf8d0ee570/1519, E_0xabdf8d0ee570/1520, E_0xabdf8d0ee570/1521, E_0xabdf8d0ee570/1522, E_0xabdf8d0ee570/1523, E_0xabdf8d0ee570/1524, E_0xabdf8d0ee570/1525, E_0xabdf8d0ee570/1526, E_0xabdf8d0ee570/1527, E_0xabdf8d0ee570/1528, E_0xabdf8d0ee570/1529, E_0xabdf8d0ee570/1530, E_0xabdf8d0ee570/1531, E_0xabdf8d0ee570/1532, E_0xabdf8d0ee570/1533, E_0xabdf8d0ee570/1534, E_0xabdf8d0ee570/1535, E_0xabdf8d0ee570/1536, E_0xabdf8d0ee570/1537, E_0xabdf8d0ee570/1538, E_0xabdf8d0ee570/1539, E_0xabdf8d0ee570/1540, E_0xabdf8d0ee570/1541, E_0xabdf8d0ee570/1542, E_0xabdf8d0ee570/1543, E_0xabdf8d0ee570/1544, E_0xabdf8d0ee570/1545, E_0xabdf8d0ee570/1546, E_0xabdf8d0ee570/1547, E_0xabdf8d0ee570/1548, E_0xabdf8d0ee570/1549, E_0xabdf8d0ee570/1550, E_0xabdf8d0ee570/1551, E_0xabdf8d0ee570/1552, E_0xabdf8d0ee570/1553, E_0xabdf8d0ee570/1554, E_0xabdf8d0ee570/1555, E_0xabdf8d0ee570/1556, E_0xabdf8d0ee570/1557, E_0xabdf8d0ee570/1558, E_0xabdf8d0ee570/1559, E_0xabdf8d0ee570/1560, E_0xabdf8d0ee570/1561, E_0xabdf8d0ee570/1562, E_0xabdf8d0ee570/1563, E_0xabdf8d0ee570/1564, E_0xabdf8d0ee570/1565, E_0xabdf8d0ee570/1566, E_0xabdf8d0ee570/1567, E_0xabdf8d0ee570/1568, E_0xabdf8d0ee570/1569, E_0xabdf8d0ee570/1570, E_0xabdf8d0ee570/1571, E_0xabdf8d0ee570/1572, E_0xabdf8d0ee570/1573, E_0xabdf8d0ee570/1574, E_0xabdf8d0ee570/1575, E_0xabdf8d0ee570/1576, E_0xabdf8d0ee570/1577, E_0xabdf8d0ee570/1578, E_0xabdf8d0ee570/1579, E_0xabdf8d0ee570/1580, E_0xabdf8d0ee570/1581, E_0xabdf8d0ee570/1582, E_0xabdf8d0ee570/1583, E_0xabdf8d0ee570/1584, E_0xabdf8d0ee570/1585, E_0xabdf8d0ee570/1586, E_0xabdf8d0ee570/1587, E_0xabdf8d0ee570/1588, E_0xabdf8d0ee570/1589, E_0xabdf8d0ee570/1590, E_0xabdf8d0ee570/1591, E_0xabdf8d0ee570/1592, E_0xabdf8d0ee570/1593, E_0xabdf8d0ee570/1594, E_0xabdf8d0ee570/1595, E_0xabdf8d0ee570/1596, E_0xabdf8d0ee570/1597, E_0xabdf8d0ee570/1598, E_0xabdf8d0ee570/1599, E_0xabdf8d0ee570/1600, E_0xabdf8d0ee570/1601, E_0xabdf8d0ee570/1602, E_0xabdf8d0ee570/1603, E_0xabdf8d0ee570/1604, E_0xabdf8d0ee570/1605, E_0xabdf8d0ee570/1606, E_0xabdf8d0ee570/1607, E_0xabdf8d0ee570/1608, E_0xabdf8d0ee570/1609, E_0xabdf8d0ee570/1610, E_0xabdf8d0ee570/1611, E_0xabdf8d0ee570/1612, E_0xabdf8d0ee570/1613, E_0xabdf8d0ee570/1614, E_0xabdf8d0ee570/1615, E_0xabdf8d0ee570/1616, E_0xabdf8d0ee570/1617, E_0xabdf8d0ee570/1618, E_0xabdf8d0ee570/1619, E_0xabdf8d0ee570/1620, E_0xabdf8d0ee570/1621, E_0xabdf8d0ee570/1622, E_0xabdf8d0ee570/1623, E_0xabdf8d0ee570/1624, E_0xabdf8d0ee570/1625, E_0xabdf8d0ee570/1626, E_0xabdf8d0ee570/1627, E_0xabdf8d0ee570/1628, E_0xabdf8d0ee570/1629, E_0xabdf8d0ee570/1630, E_0xabdf8d0ee570/1631, E_0xabdf8d0ee570/1632, E_0xabdf8d0ee570/1633, E_0xabdf8d0ee570/1634, E_0xabdf8d0ee570/1635, E_0xabdf8d0ee570/1636, E_0xabdf8d0ee570/1637, E_0xabdf8d0ee570/1638, E_0xabdf8d0ee570/1639, E_0xabdf8d0ee570/1640, E_0xabdf8d0ee570/1641, E_0xabdf8d0ee570/1642, E_0xabdf8d0ee570/1643, E_0xabdf8d0ee570/1644, E_0xabdf8d0ee570/1645, E_0xabdf8d0ee570/1646, E_0xabdf8d0ee570/1647, E_0xabdf8d0ee570/1648, E_0xabdf8d0ee570/1649, E_0xabdf8d0ee570/1650, E_0xabdf8d0ee570/1651, E_0xabdf8d0ee570/1652, E_0xabdf8d0ee570/1653, E_0xabdf8d0ee570/1654, E_0xabdf8d0ee570/1655, E_0xabdf8d0ee570/1656, E_0xabdf8d0ee570/1657, E_0xabdf8d0ee570/1658, E_0xabdf8d0ee570/1659, E_0xabdf8d0ee570/1660, E_0xabdf8d0ee570/1661, E_0xabdf8d0ee570/1662, E_0xabdf8d0ee570/1663, E_0xabdf8d0ee570/1664, E_0xabdf8d0ee570/1665, E_0xabdf8d0ee570/1666, E_0xabdf8d0ee570/1667, E_0xabdf8d0ee570/1668, E_0xabdf8d0ee570/1669, E_0xabdf8d0ee570/1670, E_0xabdf8d0ee570/1671, E_0xabdf8d0ee570/1672, E_0xabdf8d0ee570/1673, E_0xabdf8d0ee570/1674, E_0xabdf8d0ee570/1675, E_0xabdf8d0ee570/1676, E_0xabdf8d0ee570/1677, E_0xabdf8d0ee570/1678, E_0xabdf8d0ee570/1679, E_0xabdf8d0ee570/1680, E_0xabdf8d0ee570/1681, E_0xabdf8d0ee570/1682, E_0xabdf8d0ee570/1683, E_0xabdf8d0ee570/1684, E_0xabdf8d0ee570/1685, E_0xabdf8d0ee570/1686, E_0xabdf8d0ee570/1687, E_0xabdf8d0ee570/1688, E_0xabdf8d0ee570/1689, E_0xabdf8d0ee570/1690, E_0xabdf8d0ee570/1691, E_0xabdf8d0ee570/1692, E_0xabdf8d0ee570/1693, E_0xabdf8d0ee570/1694, E_0xabdf8d0ee570/1695, E_0xabdf8d0ee570/1696, E_0xabdf8d0ee570/1697, E_0xabdf8d0ee570/1698, E_0xabdf8d0ee570/1699, E_0xabdf8d0ee570/1700, E_0xabdf8d0ee570/1701, E_0xabdf8d0ee570/1702, E_0xabdf8d0ee570/1703, E_0xabdf8d0ee570/1704, E_0xabdf8d0ee570/1705, E_0xabdf8d0ee570/1706, E_0xabdf8d0ee570/1707, E_0xabdf8d0ee570/1708, E_0xabdf8d0ee570/1709, E_0xabdf8d0ee570/1710, E_0xabdf8d0ee570/1711, E_0xabdf8d0ee570/1712, E_0xabdf8d0ee570/1713, E_0xabdf8d0ee570/1714, E_0xabdf8d0ee570/1715, E_0xabdf8d0ee570/1716, E_0xabdf8d0ee570/1717, E_0xabdf8d0ee570/1718, E_0xabdf8d0ee570/1719, E_0xabdf8d0ee570/1720, E_0xabdf8d0ee570/1721, E_0xabdf8d0ee570/1722, E_0xabdf8d0ee570/1723, E_0xabdf8d0ee570/1724, E_0xabdf8d0ee570/1725, E_0xabdf8d0ee570/1726, E_0xabdf8d0ee570/1727, E_0xabdf8d0ee570/1728, E_0xabdf8d0ee570/1729, E_0xabdf8d0ee570/1730, E_0xabdf8d0ee570/1731, E_0xabdf8d0ee570/1732, E_0xabdf8d0ee570/1733, E_0xabdf8d0ee570/1734, E_0xabdf8d0ee570/1735, E_0xabdf8d0ee570/1736, E_0xabdf8d0ee570/1737, E_0xabdf8d0ee570/1738, E_0xabdf8d0ee570/1739, E_0xabdf8d0ee570/1740, E_0xabdf8d0ee570/1741, E_0xabdf8d0ee570/1742, E_0xabdf8d0ee570/1743, E_0xabdf8d0ee570/1744, E_0xabdf8d0ee570/1745, E_0xabdf8d0ee570/1746, E_0xabdf8d0ee570/1747, E_0xabdf8d0ee570/1748, E_0xabdf8d0ee570/1749, E_0xabdf8d0ee570/1750, E_0xabdf8d0ee570/1751, E_0xabdf8d0ee570/1752, E_0xabdf8d0ee570/1753, E_0xabdf8d0ee570/1754, E_0xabdf8d0ee570/1755, E_0xabdf8d0ee570/1756, E_0xabdf8d0ee570/1757, E_0xabdf8d0ee570/1758, E_0xabdf8d0ee570/1759, E_0xabdf8d0ee570/1760, E_0xabdf8d0ee570/1761, E_0xabdf8d0ee570/1762, E_0xabdf8d0ee570/1763, E_0xabdf8d0ee570/1764, E_0xabdf8d0ee570/1765, E_0xabdf8d0ee570/1766, E_0xabdf8d0ee570/1767, E_0xabdf8d0ee570/1768, E_0xabdf8d0ee570/1769, E_0xabdf8d0ee570/1770, E_0xabdf8d0ee570/1771, E_0xabdf8d0ee570/1772, E_0xabdf8d0ee570/1773, E_0xabdf8d0ee570/1774, E_0xabdf8d0ee570/1775, E_0xabdf8d0ee570/1776, E_0xabdf8d0ee570/1777, E_0xabdf8d0ee570/1778, E_0xabdf8d0ee570/1779, E_0xabdf8d0ee570/1780, E_0xabdf8d0ee570/1781, E_0xabdf8d0ee570/1782, E_0xabdf8d0ee570/1783, E_0xabdf8d0ee570/1784, E_0xabdf8d0ee570/1785, E_0xabdf8d0ee570/1786, E_0xabdf8d0ee570/1787, E_0xabdf8d0ee570/1788, E_0xabdf8d0ee570/1789, E_0xabdf8d0ee570/1790, E_0xabdf8d0ee570/1791, E_0xabdf8d0ee570/1792, E_0xabdf8d0ee570/1793, E_0xabdf8d0ee570/1794, E_0xabdf8d0ee570/1795, E_0xabdf8d0ee570/1796, E_0xabdf8d0ee570/1797, E_0xabdf8d0ee570/1798, E_0xabdf8d0ee570/1799, E_0xabdf8d0ee570/1800, E_0xabdf8d0ee570/1801, E_0xabdf8d0ee570/1802, E_0xabdf8d0ee570/1803, E_0xabdf8d0ee570/1804, E_0xabdf8d0ee570/1805, E_0xabdf8d0ee570/1806, E_0xabdf8d0ee570/1807, E_0xabdf8d0ee570/1808, E_0xabdf8d0ee570/1809, E_0xabdf8d0ee570/1810, E_0xabdf8d0ee570/1811, E_0xabdf8d0ee570/1812, E_0xabdf8d0ee570/1813, E_0xabdf8d0ee570/1814, E_0xabdf8d0ee570/1815, E_0xabdf8d0ee570/1816, E_0xabdf8d0ee570/1817, E_0xabdf8d0ee570/1818, E_0xabdf8d0ee570/1819, E_0xabdf8d0ee570/1820, E_0xabdf8d0ee570/1821, E_0xabdf8d0ee570/1822, E_0xabdf8d0ee570/1823, E_0xabdf8d0ee570/1824, E_0xabdf8d0ee570/1825, E_0xabdf8d0ee570/1826, E_0xabdf8d0ee570/1827, E_0xabdf8d0ee570/1828, E_0xabdf8d0ee570/1829, E_0xabdf8d0ee570/1830, E_0xabdf8d0ee570/1831, E_0xabdf8d0ee570/1832, E_0xabdf8d0ee570/1833, E_0xabdf8d0ee570/1834, E_0xabdf8d0ee570/1835, E_0xabdf8d0ee570/1836, E_0xabdf8d0ee570/1837, E_0xabdf8d0ee570/1838, E_0xabdf8d0ee570/1839, E_0xabdf8d0ee570/1840, E_0xabdf8d0ee570/1841, E_0xabdf8d0ee570/1842, E_0xabdf8d0ee570/1843, E_0xabdf8d0ee570/1844, E_0xabdf8d0ee570/1845, E_0xabdf8d0ee570/1846, E_0xabdf8d0ee570/1847, E_0xabdf8d0ee570/1848, E_0xabdf8d0ee570/1849, E_0xabdf8d0ee570/1850, E_0xabdf8d0ee570/1851, E_0xabdf8d0ee570/1852, E_0xabdf8d0ee570/1853, E_0xabdf8d0ee570/1854, E_0xabdf8d0ee570/1855, E_0xabdf8d0ee570/1856, E_0xabdf8d0ee570/1857, E_0xabdf8d0ee570/1858, E_0xabdf8d0ee570/1859, E_0xabdf8d0ee570/1860, E_0xabdf8d0ee570/1861, E_0xabdf8d0ee570/1862, E_0xabdf8d0ee570/1863, E_0xabdf8d0ee570/1864, E_0xabdf8d0ee570/1865, E_0xabdf8d0ee570/1866, E_0xabdf8d0ee570/1867, E_0xabdf8d0ee570/1868, E_0xabdf8d0ee570/1869, E_0xabdf8d0ee570/1870, E_0xabdf8d0ee570/1871, E_0xabdf8d0ee570/1872, E_0xabdf8d0ee570/1873, E_0xabdf8d0ee570/1874, E_0xabdf8d0ee570/1875, E_0xabdf8d0ee570/1876, E_0xabdf8d0ee570/1877, E_0xabdf8d0ee570/1878, E_0xabdf8d0ee570/1879, E_0xabdf8d0ee570/1880, E_0xabdf8d0ee570/1881, E_0xabdf8d0ee570/1882, E_0xabdf8d0ee570/1883, E_0xabdf8d0ee570/1884, E_0xabdf8d0ee570/1885, E_0xabdf8d0ee570/1886, E_0xabdf8d0ee570/1887, E_0xabdf8d0ee570/1888, E_0xabdf8d0ee570/1889, E_0xabdf8d0ee570/1890, E_0xabdf8d0ee570/1891, E_0xabdf8d0ee570/1892, E_0xabdf8d0ee570/1893, E_0xabdf8d0ee570/1894, E_0xabdf8d0ee570/1895, E_0xabdf8d0ee570/1896, E_0xabdf8d0ee570/1897, E_0xabdf8d0ee570/1898, E_0xabdf8d0ee570/1899, E_0xabdf8d0ee570/1900, E_0xabdf8d0ee570/1901, E_0xabdf8d0ee570/1902, E_0xabdf8d0ee570/1903, E_0xabdf8d0ee570/1904, E_0xabdf8d0ee570/1905, E_0xabdf8d0ee570/1906, E_0xabdf8d0ee570/1907, E_0xabdf8d0ee570/1908, E_0xabdf8d0ee570/1909, E_0xabdf8d0ee570/1910, E_0xabdf8d0ee570/1911, E_0xabdf8d0ee570/1912, E_0xabdf8d0ee570/1913, E_0xabdf8d0ee570/1914, E_0xabdf8d0ee570/1915, E_0xabdf8d0ee570/1916, E_0xabdf8d0ee570/1917, E_0xabdf8d0ee570/1918, E_0xabdf8d0ee570/1919, E_0xabdf8d0ee570/1920, E_0xabdf8d0ee570/1921, E_0xabdf8d0ee570/1922, E_0xabdf8d0ee570/1923, E_0xabdf8d0ee570/1924, E_0xabdf8d0ee570/1925, E_0xabdf8d0ee570/1926, E_0xabdf8d0ee570/1927, E_0xabdf8d0ee570/1928, E_0xabdf8d0ee570/1929, E_0xabdf8d0ee570/1930, E_0xabdf8d0ee570/1931, E_0xabdf8d0ee570/1932, E_0xabdf8d0ee570/1933, E_0xabdf8d0ee570/1934, E_0xabdf8d0ee570/1935, E_0xabdf8d0ee570/1936, E_0xabdf8d0ee570/1937, E_0xabdf8d0ee570/1938, E_0xabdf8d0ee570/1939, E_0xabdf8d0ee570/1940, E_0xabdf8d0ee570/1941, E_0xabdf8d0ee570/1942, E_0xabdf8d0ee570/1943, E_0xabdf8d0ee570/1944, E_0xabdf8d0ee570/1945, E_0xabdf8d0ee570/1946, E_0xabdf8d0ee570/1947, E_0xabdf8d0ee570/1948, E_0xabdf8d0ee570/1949, E_0xabdf8d0ee570/1950, E_0xabdf8d0ee570/1951, E_0xabdf8d0ee570/1952, E_0xabdf8d0ee570/1953, E_0xabdf8d0ee570/1954, E_0xabdf8d0ee570/1955, E_0xabdf8d0ee570/1956, E_0xabdf8d0ee570/1957, E_0xabdf8d0ee570/1958, E_0xabdf8d0ee570/1959, E_0xabdf8d0ee570/1960, E_0xabdf8d0ee570/1961, E_0xabdf8d0ee570/1962, E_0xabdf8d0ee570/1963, E_0xabdf8d0ee570/1964, E_0xabdf8d0ee570/1965, E_0xabdf8d0ee570/1966, E_0xabdf8d0ee570/1967, E_0xabdf8d0ee570/1968, E_0xabdf8d0ee570/1969, E_0xabdf8d0ee570/1970, E_0xabdf8d0ee570/1971, E_0xabdf8d0ee570/1972, E_0xabdf8d0ee570/1973, E_0xabdf8d0ee570/1974, E_0xabdf8d0ee570/1975, E_0xabdf8d0ee570/1976, E_0xabdf8d0ee570/1977, E_0xabdf8d0ee570/1978, E_0xabdf8d0ee570/1979, E_0xabdf8d0ee570/1980, E_0xabdf8d0ee570/1981, E_0xabdf8d0ee570/1982, E_0xabdf8d0ee570/1983, E_0xabdf8d0ee570/1984, E_0xabdf8d0ee570/1985, E_0xabdf8d0ee570/1986, E_0xabdf8d0ee570/1987, E_0xabdf8d0ee570/1988, E_0xabdf8d0ee570/1989, E_0xabdf8d0ee570/1990, E_0xabdf8d0ee570/1991, E_0xabdf8d0ee570/1992, E_0xabdf8d0ee570/1993, E_0xabdf8d0ee570/1994, E_0xabdf8d0ee570/1995, E_0xabdf8d0ee570/1996, E_0xabdf8d0ee570/1997, E_0xabdf8d0ee570/1998, E_0xabdf8d0ee570/1999, E_0xabdf8d0ee570/2000, E_0xabdf8d0ee570/2001, E_0xabdf8d0ee570/2002, E_0xabdf8d0ee570/2003, E_0xabdf8d0ee570/2004, E_0xabdf8d0ee570/2005, E_0xabdf8d0ee570/2006, E_0xabdf8d0ee570/2007, E_0xabdf8d0ee570/2008, E_0xabdf8d0ee570/2009, E_0xabdf8d0ee570/2010, E_0xabdf8d0ee570/2011, E_0xabdf8d0ee570/2012, E_0xabdf8d0ee570/2013, E_0xabdf8d0ee570/2014, E_0xabdf8d0ee570/2015, E_0xabdf8d0ee570/2016, E_0xabdf8d0ee570/2017, E_0xabdf8d0ee570/2018, E_0xabdf8d0ee570/2019, E_0xabdf8d0ee570/2020, E_0xabdf8d0ee570/2021, E_0xabdf8d0ee570/2022, E_0xabdf8d0ee570/2023, E_0xabdf8d0ee570/2024, E_0xabdf8d0ee570/2025, E_0xabdf8d0ee570/2026, E_0xabdf8d0ee570/2027, E_0xabdf8d0ee570/2028, E_0xabdf8d0ee570/2029, E_0xabdf8d0ee570/2030, E_0xabdf8d0ee570/2031, E_0xabdf8d0ee570/2032, E_0xabdf8d0ee570/2033, E_0xabdf8d0ee570/2034, E_0xabdf8d0ee570/2035, E_0xabdf8d0ee570/2036, E_0xabdf8d0ee570/2037, E_0xabdf8d0ee570/2038, E_0xabdf8d0ee570/2039, E_0xabdf8d0ee570/2040, E_0xabdf8d0ee570/2041, E_0xabdf8d0ee570/2042, E_0xabdf8d0ee570/2043, E_0xabdf8d0ee570/2044, E_0xabdf8d0ee570/2045, E_0xabdf8d0ee570/2046, E_0xabdf8d0ee570/2047, E_0xabdf8d0ee570/2048, E_0xabdf8d0ee570/2049, E_0xabdf8d0ee570/2050;
E_0xabdf8d0ee160/0 .event anyedge, v0xabdf8d1235b0_0, v0xabdf8d123690_0, v0xabdf8d123690_0, v0xabdf8d123690_0;
E_0xabdf8d0ee160/1 .event anyedge, v0xabdf8d123690_0, v0xabdf8d123690_0, v0xabdf8d123690_0, v0xabdf8d123690_0;
E_0xabdf8d0ee160/2 .event anyedge, v0xabdf8d123690_0;
E_0xabdf8d0ee160 .event/or E_0xabdf8d0ee160/0, E_0xabdf8d0ee160/1, E_0xabdf8d0ee160/2;
L_0xabdf8d480940 .reduce/nor o0xabdf8d2fdd58;
L_0xabdf8d480a90 .ufunc/vec4 TD_colour_bram.byte_off, 3, o0xabdf8d2fdd88, o0xabdf8d2fddb8 (v0xabdf8d115d40_0, v0xabdf8d12ec70_0) S_0xabdf8d115960;
S_0xabdf8d115960 .scope function.vec4.s3, "byte_off" "byte_off" 4 32, 4 32 0, S_0xabdf8d1064a0;
 .timescale 0 0;
; Variable byte_off is vec4 return value of scope S_0xabdf8d115960
v0xabdf8d115c60_0 .var "ta", 15 0;
v0xabdf8d115d40_0 .var "x", 8 0;
v0xabdf8d12ec70_0 .var "y", 8 0;
TD_colour_bram.byte_off ;
    %load/vec4 v0xabdf8d12ec70_0;
    %parti/s 4, 4, 4;
    %load/vec4 v0xabdf8d115d40_0;
    %parti/s 4, 4, 4;
    %concat/vec4; draw_concat_vec4
    %load/vec4 v0xabdf8d12ec70_0;
    %parti/s 4, 0, 2;
    %concat/vec4; draw_concat_vec4
    %load/vec4 v0xabdf8d115d40_0;
    %parti/s 4, 0, 2;
    %concat/vec4; draw_concat_vec4
    %store/vec4 v0xabdf8d115c60_0, 0, 16;
    %load/vec4 v0xabdf8d115c60_0;
    %parti/s 3, 0, 2;
    %ret/vec4 0, 0, 3;  Assign to byte_off (store_vec4_to_lval)
    %disable/flow S_0xabdf8d115960;
    %end;
S_0xabdf8d12ed50 .scope function.vec4.s13, "word_addr" "word_addr" 4 26, 4 26 0, S_0xabdf8d1064a0;
 .timescale 0 0;
v0xabdf8d12ef50_0 .var "ta", 15 0;
; Variable word_addr is vec4 return value of scope S_0xabdf8d12ed50
v0xabdf8d123330_0 .var "x", 8 0;
v0xabdf8d1233f0_0 .var "y", 8 0;
TD_colour_bram.word_addr ;
    %load/vec4 v0xabdf8d1233f0_0;
    %parti/s 4, 4, 4;
    %load/vec4 v0xabdf8d123330_0;
    %parti/s 4, 4, 4;
    %concat/vec4; draw_concat_vec4
    %load/vec4 v0xabdf8d1233f0_0;
    %parti/s 4, 0, 2;
    %concat/vec4; draw_concat_vec4
    %load/vec4 v0xabdf8d123330_0;
    %parti/s 4, 0, 2;
    %concat/vec4; draw_concat_vec4
    %store/vec4 v0xabdf8d12ef50_0, 0, 16;
    %load/vec4 v0xabdf8d12ef50_0;
    %parti/s 13, 3, 3;
    %ret/vec4 0, 0, 13;  Assign to word_addr (store_vec4_to_lval)
    %disable/flow S_0xabdf8d12ed50;
    %end;
S_0xabdf8d2335d0 .scope module, "comparator" "comparator" 5 4;
 .timescale 0 0;
    .port_info 0 /INPUT 1 "clk";
    .port_info 1 /INPUT 1 "rst";
    .port_info 2 /INPUT 1 "sched_reset";
    .port_info 3 /INPUT 9 "top_left_x";
    .port_info 4 /INPUT 9 "top_left_y";
    .port_info 5 /INPUT 9 "quad_size";
    .port_info 6 /INPUT 11 "expected_count";
    .port_info 7 /INPUT 1 "comp_valid";
    .port_info 8 /INPUT 22 "comp_data";
    .port_info 9 /OUTPUT 1 "comp_pop";
    .port_info 10 /OUTPUT 6 "ref_colour_o";
    .port_info 11 /OUTPUT 1 "differ";
    .port_info 12 /OUTPUT 1 "complete";
L_0xabdf8d17aa80 .functor AND 1, L_0xabdf8d480df0, L_0xabdf8d481060, C4<1>, C4<1>;
L_0xabdf8d0e63d0 .functor AND 1, L_0xabdf8d17aa80, L_0xabdf8d481260, C4<1>, C4<1>;
L_0xabdf8d109870 .functor AND 1, L_0xabdf8d0e63d0, L_0xabdf8d481580, C4<1>, C4<1>;
o0xabdf8d3cb328 .functor BUFZ 1, C4<z>; HiZ drive
L_0xabdf8d0f1910 .functor BUFZ 1, o0xabdf8d3cb328, C4<0>, C4<0>, C4<0>;
v0xabdf8d41ac20_0 .net *"_ivl_10", 0 0, L_0xabdf8d481060;  1 drivers
v0xabdf8d41ad00_0 .net *"_ivl_13", 0 0, L_0xabdf8d17aa80;  1 drivers
v0xabdf8d41adc0_0 .net *"_ivl_14", 0 0, L_0xabdf8d481260;  1 drivers
v0xabdf8d41ae60_0 .net *"_ivl_17", 0 0, L_0xabdf8d0e63d0;  1 drivers
v0xabdf8d41af20_0 .net *"_ivl_18", 8 0, L_0xabdf8d4813f0;  1 drivers
v0xabdf8d41b000_0 .net *"_ivl_20", 0 0, L_0xabdf8d481580;  1 drivers
v0xabdf8d41b0c0_0 .net *"_ivl_6", 0 0, L_0xabdf8d480df0;  1 drivers
v0xabdf8d41b180_0 .net *"_ivl_8", 8 0, L_0xabdf8d480f40;  1 drivers
o0xabdf8d3cb298 .functor BUFZ 1, C4<z>; HiZ drive
v0xabdf8d41b260_0 .net "clk", 0 0, o0xabdf8d3cb298;  0 drivers
o0xabdf8d3cb2c8 .functor BUFZ 22, C4<zzzzzzzzzzzzzzzzzzzzzz>; HiZ drive
v0xabdf8d41b320_0 .net "comp_data", 21 0, o0xabdf8d3cb2c8;  0 drivers
v0xabdf8d41b400_0 .net "comp_pop", 0 0, L_0xabdf8d0f1910;  1 drivers
v0xabdf8d41b4c0_0 .net "comp_valid", 0 0, o0xabdf8d3cb328;  0 drivers
v0xabdf8d41b580_0 .var "complete", 0 0;
v0xabdf8d41b640_0 .var "differ", 0 0;
v0xabdf8d41b700_0 .net "entry_colour", 3 0, L_0xabdf8d480d50;  1 drivers
v0xabdf8d41b7e0_0 .net "entry_x", 8 0, L_0xabdf8d480b60;  1 drivers
v0xabdf8d41b8c0_0 .net "entry_y", 8 0, L_0xabdf8d480c30;  1 drivers
o0xabdf8d3cb448 .functor BUFZ 11, C4<zzzzzzzzzzz>; HiZ drive
v0xabdf8d41b9a0_0 .net "expected_count", 10 0, o0xabdf8d3cb448;  0 drivers
v0xabdf8d41ba80_0 .net "in_bounds", 0 0, L_0xabdf8d109870;  1 drivers
o0xabdf8d3cb4a8 .functor BUFZ 9, C4<zzzzzzzzz>; HiZ drive
v0xabdf8d41bb40_0 .net "quad_size", 8 0, o0xabdf8d3cb4a8;  0 drivers
v0xabdf8d41bc20_0 .var "ref_colour", 3 0;
v0xabdf8d41bd00_0 .var "ref_colour_o", 5 0;
v0xabdf8d41bde0_0 .var "ref_valid", 0 0;
o0xabdf8d3cb568 .functor BUFZ 1, C4<z>; HiZ drive
v0xabdf8d41bea0_0 .net "rst", 0 0, o0xabdf8d3cb568;  0 drivers
o0xabdf8d3cb598 .functor BUFZ 1, C4<z>; HiZ drive
v0xabdf8d41bf60_0 .net "sched_reset", 0 0, o0xabdf8d3cb598;  0 drivers
v0xabdf8d41c020_0 .var "seen_count", 10 0;
o0xabdf8d3cb5f8 .functor BUFZ 9, C4<zzzzzzzzz>; HiZ drive
v0xabdf8d41c100_0 .net "top_left_x", 8 0, o0xabdf8d3cb5f8;  0 drivers
o0xabdf8d3cb628 .functor BUFZ 9, C4<zzzzzzzzz>; HiZ drive
v0xabdf8d41c1e0_0 .net "top_left_y", 8 0, o0xabdf8d3cb628;  0 drivers
E_0xabdf8d0ede20 .event posedge, v0xabdf8d41b260_0;
L_0xabdf8d480b60 .part o0xabdf8d3cb2c8, 0, 9;
L_0xabdf8d480c30 .part o0xabdf8d3cb2c8, 9, 9;
L_0xabdf8d480d50 .part o0xabdf8d3cb2c8, 18, 4;
L_0xabdf8d480df0 .cmp/ge 9, L_0xabdf8d480b60, o0xabdf8d3cb5f8;
L_0xabdf8d480f40 .arith/sum 9, o0xabdf8d3cb5f8, o0xabdf8d3cb4a8;
L_0xabdf8d481060 .cmp/gt 9, L_0xabdf8d480f40, L_0xabdf8d480b60;
L_0xabdf8d481260 .cmp/ge 9, L_0xabdf8d480c30, o0xabdf8d3cb628;
L_0xabdf8d4813f0 .arith/sum 9, o0xabdf8d3cb628, o0xabdf8d3cb4a8;
L_0xabdf8d481580 .cmp/gt 9, L_0xabdf8d4813f0, L_0xabdf8d480c30;
S_0xabdf8d0e3060 .scope module, "complete_queue_handler" "complete_queue_handler" 6 5;
 .timescale 0 0;
    .port_info 0 /INPUT 1 "clk";
    .port_info 1 /INPUT 1 "rst";
    .port_info 2 /INPUT 1 "done";
    .port_info 3 /INPUT 9 "iter_x";
    .port_info 4 /INPUT 9 "iter_y";
    .port_info 5 /INPUT 4 "iter_colour";
    .port_info 6 /INPUT 1 "comp_pop";
    .port_info 7 /OUTPUT 1 "comp_valid";
    .port_info 8 /OUTPUT 22 "comp_data";
    .port_info 9 /OUTPUT 1 "full_err";
o0xabdf8d3cbf88 .functor BUFZ 1, C4<z>; HiZ drive
L_0xabdf8d481e20 .functor AND 1, o0xabdf8d3cbf88, L_0xabdf8d481d50, C4<1>, C4<1>;
L_0xabdf8d481ec0 .functor AND 1, o0xabdf8d3cbf88, L_0xabdf8d481710, C4<1>, C4<1>;
v0xabdf8d41e250_0 .net *"_ivl_3", 0 0, L_0xabdf8d481d50;  1 drivers
o0xabdf8d3cb9b8 .functor BUFZ 1, C4<z>; HiZ drive
v0xabdf8d41e330_0 .net "clk", 0 0, o0xabdf8d3cb9b8;  0 drivers
v0xabdf8d41e3f0_0 .net "comp_data", 21 0, L_0xabdf8d0f1770;  1 drivers
o0xabdf8d3cbb38 .functor BUFZ 1, C4<z>; HiZ drive
v0xabdf8d41e4e0_0 .net "comp_pop", 0 0, o0xabdf8d3cbb38;  0 drivers
v0xabdf8d41e5d0_0 .net "comp_valid", 0 0, L_0xabdf8d481f80;  1 drivers
v0xabdf8d41e6c0_0 .net "done", 0 0, o0xabdf8d3cbf88;  0 drivers
v0xabdf8d41e780_0 .net "full_err", 0 0, L_0xabdf8d481ec0;  1 drivers
o0xabdf8d3cbfe8 .functor BUFZ 4, C4<zzzz>; HiZ drive
v0xabdf8d41e840_0 .net "iter_colour", 3 0, o0xabdf8d3cbfe8;  0 drivers
o0xabdf8d3cc018 .functor BUFZ 9, C4<zzzzzzzzz>; HiZ drive
v0xabdf8d41e920_0 .net "iter_x", 8 0, o0xabdf8d3cc018;  0 drivers
o0xabdf8d3cc048 .functor BUFZ 9, C4<zzzzzzzzz>; HiZ drive
v0xabdf8d41ea00_0 .net "iter_y", 8 0, o0xabdf8d3cc048;  0 drivers
v0xabdf8d41eae0_0 .net "q_data_in", 21 0, L_0xabdf8d481c20;  1 drivers
v0xabdf8d41eba0_0 .net "q_empty", 0 0, L_0xabdf8d481800;  1 drivers
v0xabdf8d41ec90_0 .net "q_full", 0 0, L_0xabdf8d481710;  1 drivers
v0xabdf8d41ed80_0 .net "q_push", 0 0, L_0xabdf8d481e20;  1 drivers
o0xabdf8d3cbb98 .functor BUFZ 1, C4<z>; HiZ drive
v0xabdf8d41ee70_0 .net "rst", 0 0, o0xabdf8d3cbb98;  0 drivers
L_0xabdf8d481c20 .concat [ 9 9 4 0], o0xabdf8d3cc018, o0xabdf8d3cc048, o0xabdf8d3cbfe8;
L_0xabdf8d481d50 .reduce/nor L_0xabdf8d481710;
L_0xabdf8d481f80 .reduce/nor L_0xabdf8d481800;
S_0xabdf8d41c460 .scope module, "u_complete_queue" "complete_queue" 6 28, 7 3 0, S_0xabdf8d0e3060;
 .timescale 0 0;
    .port_info 0 /INPUT 1 "clk";
    .port_info 1 /INPUT 1 "rst";
    .port_info 2 /INPUT 1 "push";
    .port_info 3 /INPUT 22 "data_in";
    .port_info 4 /INPUT 1 "pop";
    .port_info 5 /OUTPUT 22 "data_out";
    .port_info 6 /OUTPUT 1 "full";
    .port_info 7 /OUTPUT 1 "empty";
v0xabdf8d41dcc0_0 .net "clk", 0 0, o0xabdf8d3cb9b8;  alias, 0 drivers
v0xabdf8d41dd80_0 .net "data_in", 21 0, L_0xabdf8d481c20;  alias, 1 drivers
v0xabdf8d41de20_0 .net "data_out", 21 0, L_0xabdf8d0f1770;  alias, 1 drivers
v0xabdf8d41dec0_0 .net "empty", 0 0, L_0xabdf8d481800;  alias, 1 drivers
v0xabdf8d41df60_0 .net "full", 0 0, L_0xabdf8d481710;  alias, 1 drivers
v0xabdf8d41e000_0 .net "pop", 0 0, o0xabdf8d3cbb38;  alias, 0 drivers
v0xabdf8d41e0a0_0 .net "push", 0 0, L_0xabdf8d481e20;  alias, 1 drivers
v0xabdf8d41e140_0 .net "rst", 0 0, o0xabdf8d3cbb98;  alias, 0 drivers
S_0xabdf8d41c730 .scope module, "u_fifo" "fifo" 7 22, 8 4 0, S_0xabdf8d41c460;
 .timescale 0 0;
    .port_info 0 /INPUT 1 "clk";
    .port_info 1 /INPUT 1 "rst";
    .port_info 2 /INPUT 1 "flush";
    .port_info 3 /INPUT 1 "push";
    .port_info 4 /INPUT 22 "data_in";
    .port_info 5 /INPUT 1 "pop";
    .port_info 6 /OUTPUT 22 "data_out";
    .port_info 7 /OUTPUT 1 "full";
    .port_info 8 /OUTPUT 1 "empty";
P_0xabdf8d41c930 .param/l "DATA_WIDTH" 0 8 5, +C4<00000000000000000000000000010110>;
P_0xabdf8d41c970 .param/l "DEPTH" 0 8 6, +C4<00000000000000000000000000100000>;
P_0xabdf8d41c9b0 .param/l "PTR_W" 1 8 22, +C4<00000000000000000000000000000101>;
L_0xabdf8d0f1770 .functor BUFZ 22, L_0xabdf8d481940, C4<0000000000000000000000>, C4<0000000000000000000000>, C4<0000000000000000000000>;
L_0xabdf8d428670 .functor BUFT 1, C4<100000>, C4<0>, C4<0>, C4<0>;
v0xabdf8d41cb80_0 .net/2u *"_ivl_0", 5 0, L_0xabdf8d428670;  1 drivers
v0xabdf8d41cc80_0 .net *"_ivl_10", 6 0, L_0xabdf8d4819e0;  1 drivers
L_0xabdf8d428700 .functor BUFT 1, C4<00>, C4<0>, C4<0>, C4<0>;
v0xabdf8d41cd60_0 .net *"_ivl_13", 1 0, L_0xabdf8d428700;  1 drivers
L_0xabdf8d4286b8 .functor BUFT 1, C4<000000>, C4<0>, C4<0>, C4<0>;
v0xabdf8d41ce20_0 .net/2u *"_ivl_4", 5 0, L_0xabdf8d4286b8;  1 drivers
v0xabdf8d41cf00_0 .net *"_ivl_8", 21 0, L_0xabdf8d481940;  1 drivers
v0xabdf8d41d030_0 .net "clk", 0 0, o0xabdf8d3cb9b8;  alias, 0 drivers
v0xabdf8d41d0f0_0 .var "count", 5 0;
v0xabdf8d41d1d0_0 .net "data_in", 21 0, L_0xabdf8d481c20;  alias, 1 drivers
v0xabdf8d41d2b0_0 .net "data_out", 21 0, L_0xabdf8d0f1770;  alias, 1 drivers
v0xabdf8d41d390_0 .net "empty", 0 0, L_0xabdf8d481800;  alias, 1 drivers
L_0xabdf8d428748 .functor BUFT 1, C4<0>, C4<0>, C4<0>, C4<0>;
v0xabdf8d41d450_0 .net "flush", 0 0, L_0xabdf8d428748;  1 drivers
v0xabdf8d41d510_0 .net "full", 0 0, L_0xabdf8d481710;  alias, 1 drivers
v0xabdf8d41d5d0_0 .var "head", 4 0;
v0xabdf8d41d6b0 .array "mem", 31 0, 21 0;
v0xabdf8d41d770_0 .net "pop", 0 0, o0xabdf8d3cbb38;  alias, 0 drivers
v0xabdf8d41d830_0 .net "push", 0 0, L_0xabdf8d481e20;  alias, 1 drivers
v0xabdf8d41d8f0_0 .net "rst", 0 0, o0xabdf8d3cbb98;  alias, 0 drivers
v0xabdf8d41dac0_0 .var "tail", 4 0;
E_0xabdf8d0f2b40 .event posedge, v0xabdf8d41d030_0;
L_0xabdf8d481710 .cmp/eq 6, v0xabdf8d41d0f0_0, L_0xabdf8d428670;
L_0xabdf8d481800 .cmp/eq 6, v0xabdf8d41d0f0_0, L_0xabdf8d4286b8;
L_0xabdf8d481940 .array/port v0xabdf8d41d6b0, L_0xabdf8d4819e0;
L_0xabdf8d4819e0 .concat [ 5 2 0 0], v0xabdf8d41dac0_0, L_0xabdf8d428700;
S_0xabdf8d0e31f0 .scope module, "job_queue_handler" "job_queue_handler" 9 4;
 .timescale 0 0;
    .port_info 0 /INPUT 1 "clk";
    .port_info 1 /INPUT 1 "rst";
    .port_info 2 /INPUT 18 "sched_coord";
    .port_info 3 /INPUT 1 "sched_push";
    .port_info 4 /OUTPUT 1 "sched_stall";
    .port_info 5 /INPUT 1 "flush";
    .port_info 6 /INPUT 1 "wants_job";
    .port_info 7 /OUTPUT 1 "grant";
    .port_info 8 /OUTPUT 18 "coord_out";
L_0xabdf8d4825f0 .functor BUFZ 1, L_0xabdf8d4820e0, C4<0>, C4<0>, C4<0>;
o0xabdf8d3cc9a8 .functor BUFZ 1, C4<z>; HiZ drive
L_0xabdf8d482790 .functor AND 1, o0xabdf8d3cc9a8, L_0xabdf8d4826f0, C4<1>, C4<1>;
o0xabdf8d3cca08 .functor BUFZ 1, C4<z>; HiZ drive
L_0xabdf8d482960 .functor AND 1, o0xabdf8d3cca08, L_0xabdf8d482830, C4<1>, C4<1>;
v0xabdf8d420fd0_0 .net *"_ivl_3", 0 0, L_0xabdf8d4826f0;  1 drivers
v0xabdf8d4210b0_0 .net *"_ivl_7", 0 0, L_0xabdf8d482830;  1 drivers
o0xabdf8d3cc348 .functor BUFZ 1, C4<z>; HiZ drive
v0xabdf8d421170_0 .net "clk", 0 0, o0xabdf8d3cc348;  0 drivers
v0xabdf8d421240_0 .var "coord_out", 17 0;
o0xabdf8d3cc438 .functor BUFZ 1, C4<z>; HiZ drive
v0xabdf8d421300_0 .net "flush", 0 0, o0xabdf8d3cc438;  0 drivers
v0xabdf8d421440_0 .var "grant", 0 0;
v0xabdf8d421500_0 .net "q_data_out", 17 0, L_0xabdf8d482530;  1 drivers
v0xabdf8d421610_0 .net "q_empty", 0 0, L_0xabdf8d4821b0;  1 drivers
v0xabdf8d421700_0 .net "q_full", 0 0, L_0xabdf8d4820e0;  1 drivers
v0xabdf8d421830_0 .net "q_pop", 0 0, L_0xabdf8d482960;  1 drivers
v0xabdf8d421920_0 .net "q_push", 0 0, L_0xabdf8d482790;  1 drivers
o0xabdf8d3cc528 .functor BUFZ 1, C4<z>; HiZ drive
v0xabdf8d421a10_0 .net "rst", 0 0, o0xabdf8d3cc528;  0 drivers
o0xabdf8d3cc3a8 .functor BUFZ 18, C4<zzzzzzzzzzzzzzzzzz>; HiZ drive
v0xabdf8d421b00_0 .net "sched_coord", 17 0, o0xabdf8d3cc3a8;  0 drivers
v0xabdf8d421c10_0 .net "sched_push", 0 0, o0xabdf8d3cc9a8;  0 drivers
v0xabdf8d421cd0_0 .net "sched_stall", 0 0, L_0xabdf8d4825f0;  1 drivers
v0xabdf8d421d90_0 .net "wants_job", 0 0, o0xabdf8d3cca08;  0 drivers
L_0xabdf8d4826f0 .reduce/nor L_0xabdf8d4820e0;
L_0xabdf8d482830 .reduce/nor L_0xabdf8d4821b0;
S_0xabdf8d41f0a0 .scope module, "u_job_queue" "job_queue" 9 27, 10 3 0, S_0xabdf8d0e31f0;
 .timescale 0 0;
    .port_info 0 /INPUT 1 "clk";
    .port_info 1 /INPUT 1 "rst";
    .port_info 2 /INPUT 1 "flush";
    .port_info 3 /INPUT 1 "push";
    .port_info 4 /INPUT 18 "data_in";
    .port_info 5 /INPUT 1 "pop";
    .port_info 6 /OUTPUT 18 "data_out";
    .port_info 7 /OUTPUT 1 "full";
    .port_info 8 /OUTPUT 1 "empty";
v0xabdf8d420960_0 .net "clk", 0 0, o0xabdf8d3cc348;  alias, 0 drivers
v0xabdf8d420a20_0 .net "data_in", 17 0, o0xabdf8d3cc3a8;  alias, 0 drivers
v0xabdf8d420ac0_0 .net "data_out", 17 0, L_0xabdf8d482530;  alias, 1 drivers
v0xabdf8d420b60_0 .net "empty", 0 0, L_0xabdf8d4821b0;  alias, 1 drivers
v0xabdf8d420c00_0 .net "flush", 0 0, o0xabdf8d3cc438;  alias, 0 drivers
v0xabdf8d420ca0_0 .net "full", 0 0, L_0xabdf8d4820e0;  alias, 1 drivers
v0xabdf8d420d40_0 .net "pop", 0 0, L_0xabdf8d482960;  alias, 1 drivers
v0xabdf8d420e10_0 .net "push", 0 0, L_0xabdf8d482790;  alias, 1 drivers
v0xabdf8d420ee0_0 .net "rst", 0 0, o0xabdf8d3cc528;  alias, 0 drivers
S_0xabdf8d41f2f0 .scope module, "u_fifo" "fifo" 10 23, 8 4 0, S_0xabdf8d41f0a0;
 .timescale 0 0;
    .port_info 0 /INPUT 1 "clk";
    .port_info 1 /INPUT 1 "rst";
    .port_info 2 /INPUT 1 "flush";
    .port_info 3 /INPUT 1 "push";
    .port_info 4 /INPUT 18 "data_in";
    .port_info 5 /INPUT 1 "pop";
    .port_info 6 /OUTPUT 18 "data_out";
    .port_info 7 /OUTPUT 1 "full";
    .port_info 8 /OUTPUT 1 "empty";
P_0xabdf8d41f4f0 .param/l "DATA_WIDTH" 0 8 5, +C4<00000000000000000000000000010010>;
P_0xabdf8d41f530 .param/l "DEPTH" 0 8 6, +C4<00000000000000000000100000000000>;
P_0xabdf8d41f570 .param/l "PTR_W" 1 8 22, +C4<00000000000000000000000000001011>;
L_0xabdf8d482530 .functor BUFZ 18, L_0xabdf8d4822f0, C4<000000000000000000>, C4<000000000000000000>, C4<000000000000000000>;
L_0xabdf8d428790 .functor BUFT 1, C4<100000000000>, C4<0>, C4<0>, C4<0>;
v0xabdf8d41f820_0 .net/2u *"_ivl_0", 11 0, L_0xabdf8d428790;  1 drivers
v0xabdf8d41f920_0 .net *"_ivl_10", 12 0, L_0xabdf8d482390;  1 drivers
L_0xabdf8d428820 .functor BUFT 1, C4<00>, C4<0>, C4<0>, C4<0>;
v0xabdf8d41fa00_0 .net *"_ivl_13", 1 0, L_0xabdf8d428820;  1 drivers
L_0xabdf8d4287d8 .functor BUFT 1, C4<000000000000>, C4<0>, C4<0>, C4<0>;
v0xabdf8d41fac0_0 .net/2u *"_ivl_4", 11 0, L_0xabdf8d4287d8;  1 drivers
v0xabdf8d41fba0_0 .net *"_ivl_8", 17 0, L_0xabdf8d4822f0;  1 drivers
v0xabdf8d41fcd0_0 .net "clk", 0 0, o0xabdf8d3cc348;  alias, 0 drivers
v0xabdf8d41fd90_0 .var "count", 11 0;
v0xabdf8d41fe70_0 .net "data_in", 17 0, o0xabdf8d3cc3a8;  alias, 0 drivers
v0xabdf8d41ff50_0 .net "data_out", 17 0, L_0xabdf8d482530;  alias, 1 drivers
v0xabdf8d420030_0 .net "empty", 0 0, L_0xabdf8d4821b0;  alias, 1 drivers
v0xabdf8d4200f0_0 .net "flush", 0 0, o0xabdf8d3cc438;  alias, 0 drivers
v0xabdf8d4201b0_0 .net "full", 0 0, L_0xabdf8d4820e0;  alias, 1 drivers
v0xabdf8d420270_0 .var "head", 10 0;
v0xabdf8d420350 .array "mem", 2047 0, 17 0;
v0xabdf8d420410_0 .net "pop", 0 0, L_0xabdf8d482960;  alias, 1 drivers
v0xabdf8d4204d0_0 .net "push", 0 0, L_0xabdf8d482790;  alias, 1 drivers
v0xabdf8d420590_0 .net "rst", 0 0, o0xabdf8d3cc528;  alias, 0 drivers
v0xabdf8d420760_0 .var "tail", 10 0;
E_0xabdf8d0f1c10 .event posedge, v0xabdf8d41fcd0_0;
L_0xabdf8d4820e0 .cmp/eq 12, v0xabdf8d41fd90_0, L_0xabdf8d428790;
L_0xabdf8d4821b0 .cmp/eq 12, v0xabdf8d41fd90_0, L_0xabdf8d4287d8;
L_0xabdf8d4822f0 .array/port v0xabdf8d420350, L_0xabdf8d482390;
L_0xabdf8d482390 .concat [ 11 2 0 0], v0xabdf8d420760_0, L_0xabdf8d428820;
S_0xabdf8d094500 .scope module, "tb_state_bram" "tb_state_bram" 11 3;
 .timescale -9 -12;
v0xabdf8d425360_0 .var "clk", 0 0;
v0xabdf8d425420_0 .var/str "current_suite";
v0xabdf8d4254c0_0 .var "got", 1 0;
v0xabdf8d425580_0 .var "rd", 0 0;
v0xabdf8d425620_0 .net "rd_valid", 0 0, v0xabdf8d423250_0;  1 drivers
v0xabdf8d425710_0 .var "rst", 0 0;
v0xabdf8d4257b0_0 .net "rstate", 1 0, L_0xabdf8d482d20;  1 drivers
v0xabdf8d425850_0 .var/2s "tests_failed", 31 0;
v0xabdf8d4258f0_0 .var/2s "tests_passed", 31 0;
v0xabdf8d4259b0_0 .var/2s "tests_run", 31 0;
v0xabdf8d425a90_0 .var "we", 0 0;
v0xabdf8d425b30_0 .net "wr_done", 0 0, v0xabdf8d423e00_0;  1 drivers
v0xabdf8d425bd0_0 .var "wstate", 1 0;
v0xabdf8d425c70_0 .var "x", 8 0;
v0xabdf8d425d40_0 .var "y", 8 0;
S_0xabdf8d421fc0 .scope autotask, "check" "check" 11 15, 11 15 0, S_0xabdf8d094500;
 .timescale -9 -12;
v0xabdf8d422170_0 .var "cond", 0 0;
v0xabdf8d422250_0 .var/str "desc";
TD_tb_state_bram.check ;
    ; show_stmt_assign_vector: Get l-value for compressed += operand
    %load/vec4 v0xabdf8d4259b0_0;
    %pushi/vec4 1, 0, 32;
    %add;
    %cast2;
    %store/vec4 v0xabdf8d4259b0_0, 0, 32;
    %load/vec4 v0xabdf8d422170_0;
    %flag_set/vec4 8;
    %jmp/0xz  T_2.0, 8;
    ; show_stmt_assign_vector: Get l-value for compressed += operand
    %load/vec4 v0xabdf8d4258f0_0;
    %pushi/vec4 1, 0, 32;
    %add;
    %cast2;
    %store/vec4 v0xabdf8d4258f0_0, 0, 32;
    %vpi_call/w 11 17 "$display", "  [PASS] %s", v0xabdf8d422250_0 {0 0 0};
    %jmp T_2.1;
T_2.0 ;
    ; show_stmt_assign_vector: Get l-value for compressed += operand
    %load/vec4 v0xabdf8d425850_0;
    %pushi/vec4 1, 0, 32;
    %add;
    %cast2;
    %store/vec4 v0xabdf8d425850_0, 0, 32;
    %vpi_call/w 11 18 "$display", "  [FAIL] %s  (suite: %s)", v0xabdf8d422250_0, v0xabdf8d425420_0 {0 0 0};
T_2.1 ;
    %end;
S_0xabdf8d422310 .scope module, "dut" "state_bram" 11 39, 12 4 0, S_0xabdf8d094500;
 .timescale 0 0;
    .port_info 0 /INPUT 1 "clk";
    .port_info 1 /INPUT 1 "rst";
    .port_info 2 /INPUT 9 "x";
    .port_info 3 /INPUT 9 "y";
    .port_info 4 /INPUT 1 "rd";
    .port_info 5 /INPUT 1 "we";
    .port_info 6 /INPUT 2 "wstate";
    .port_info 7 /OUTPUT 2 "rstate";
    .port_info 8 /OUTPUT 1 "rd_valid";
    .port_info 9 /OUTPUT 1 "wr_done";
v0xabdf8d422930_0 .net *"_ivl_1", 7 0, L_0xabdf8d482a00;  1 drivers
v0xabdf8d422a30_0 .net *"_ivl_3", 7 0, L_0xabdf8d482af0;  1 drivers
v0xabdf8d422b10_0 .var "active", 0 0;
v0xabdf8d422bb0_0 .net "clk", 0 0, v0xabdf8d425360_0;  1 drivers
v0xabdf8d422c70_0 .var "clr_active", 0 0;
v0xabdf8d422d80_0 .var "clr_addr", 15 0;
v0xabdf8d422e60 .array "mem_a", 65535 0, 1 0;
v0xabdf8d422f40 .array "mem_b", 65535 0, 1 0;
v0xabdf8d423020_0 .net "pixel_addr", 15 0, L_0xabdf8d482be0;  1 drivers
v0xabdf8d423190_0 .net "rd", 0 0, v0xabdf8d425580_0;  1 drivers
v0xabdf8d423250_0 .var "rd_valid", 0 0;
v0xabdf8d423310_0 .var "rdata_a", 1 0;
v0xabdf8d4233f0_0 .var "rdata_b", 1 0;
v0xabdf8d4234d0_0 .net "rst", 0 0, v0xabdf8d425710_0;  1 drivers
v0xabdf8d423590_0 .var "rst_d", 0 0;
v0xabdf8d423650_0 .net "rstate", 1 0, L_0xabdf8d482d20;  alias, 1 drivers
v0xabdf8d423730_0 .var "waddr_a", 15 0;
v0xabdf8d423920_0 .var "waddr_b", 15 0;
v0xabdf8d423a00_0 .var "wdata_a", 1 0;
v0xabdf8d423ae0_0 .var "wdata_b", 1 0;
v0xabdf8d423bc0_0 .net "we", 0 0, v0xabdf8d425a90_0;  1 drivers
v0xabdf8d423c80_0 .var "we_a", 0 0;
v0xabdf8d423d40_0 .var "we_b", 0 0;
v0xabdf8d423e00_0 .var "wr_done", 0 0;
v0xabdf8d423ec0_0 .net "wstate", 1 0, v0xabdf8d425bd0_0;  1 drivers
v0xabdf8d423fa0_0 .net "x", 8 0, v0xabdf8d425c70_0;  1 drivers
v0xabdf8d424080_0 .net "y", 8 0, v0xabdf8d425d40_0;  1 drivers
E_0xabdf8d0b8600 .event posedge, v0xabdf8d422bb0_0;
E_0xabdf8d0b8640/0 .event anyedge, v0xabdf8d422b10_0, v0xabdf8d423bc0_0, v0xabdf8d4234d0_0, v0xabdf8d423020_0;
E_0xabdf8d0b8640/1 .event anyedge, v0xabdf8d423ec0_0, v0xabdf8d422c70_0, v0xabdf8d422d80_0;
E_0xabdf8d0b8640 .event/or E_0xabdf8d0b8640/0, E_0xabdf8d0b8640/1;
L_0xabdf8d482a00 .part v0xabdf8d425d40_0, 0, 8;
L_0xabdf8d482af0 .part v0xabdf8d425c70_0, 0, 8;
L_0xabdf8d482be0 .concat [ 8 8 0 0], L_0xabdf8d482af0, L_0xabdf8d482a00;
L_0xabdf8d482d20 .functor MUXZ 2, v0xabdf8d423310_0, v0xabdf8d4233f0_0, v0xabdf8d422b10_0, C4<>;
S_0xabdf8d422630 .scope begin, "$ivl_for_loop2" "$ivl_for_loop2" 12 82, 12 82 0, S_0xabdf8d422310;
 .timescale 0 0;
v0xabdf8d422830_0 .var/2s "i", 31 0;
S_0xabdf8d424300 .scope autotask, "read_state" "read_state" 11 60, 11 60 0, S_0xabdf8d094500;
 .timescale -9 -12;
v0xabdf8d424490_0 .var "out", 1 0;
v0xabdf8d424570_0 .var "px", 8 0;
v0xabdf8d424650_0 .var "py", 8 0;
TD_tb_state_bram.read_state ;
    %load/vec4 v0xabdf8d424570_0;
    %store/vec4 v0xabdf8d425c70_0, 0, 9;
    %load/vec4 v0xabdf8d424650_0;
    %store/vec4 v0xabdf8d425d40_0, 0, 9;
    %pushi/vec4 1, 0, 1;
    %store/vec4 v0xabdf8d425580_0, 0, 1;
    %alloc S_0xabdf8d424c00;
    %pushi/vec4 1, 0, 32;
    %store/vec4 v0xabdf8d424de0_0, 0, 32;
    %fork TD_tb_state_bram.tick, S_0xabdf8d424c00;
    %join;
    %free S_0xabdf8d424c00;
    %pushi/vec4 0, 0, 1;
    %store/vec4 v0xabdf8d425580_0, 0, 1;
    %load/vec4 v0xabdf8d4257b0_0;
    %store/vec4 v0xabdf8d424490_0, 0, 2;
    %end;
S_0xabdf8d424710 .scope autotask, "suite" "suite" 11 8, 11 8 0, S_0xabdf8d094500;
 .timescale -9 -12;
v0xabdf8d4248f0_0 .var/str "name";
TD_tb_state_bram.suite ;
    %load/str v0xabdf8d4248f0_0;
    %store/str v0xabdf8d425420_0;
    %vpi_call/w 11 10 "$display", "\012%0s", "========================================================================" {0 0 0};
    %vpi_call/w 11 11 "$display", "  SUITE: %s", v0xabdf8d4248f0_0 {0 0 0};
    %vpi_call/w 11 12 "$display", "%0s", "========================================================================" {0 0 0};
    %end;
S_0xabdf8d4249d0 .scope autotask, "summary" "summary" 11 21, 11 21 0, S_0xabdf8d094500;
 .timescale -9 -12;
TD_tb_state_bram.summary ;
    %vpi_call/w 11 22 "$display", "\012%0s", "========================================================================" {0 0 0};
    %vpi_call/w 11 23 "$display", "  RESULTS: %0d / %0d passed", v0xabdf8d4258f0_0, v0xabdf8d4259b0_0 {0 0 0};
    %load/vec4 v0xabdf8d425850_0;
    %cmpi/e 0, 0, 32;
    %jmp/0xz  T_5.2, 4;
    %vpi_call/w 11 24 "$display", "  ALL TESTS PASSED" {0 0 0};
    %jmp T_5.3;
T_5.2 ;
    %vpi_call/w 11 25 "$display", "  %0d TEST(S) FAILED", v0xabdf8d425850_0 {0 0 0};
T_5.3 ;
    %vpi_call/w 11 26 "$display", "%0s\012", "========================================================================" {0 0 0};
    %end;
S_0xabdf8d424c00 .scope autotask, "tick" "tick" 11 31, 11 31 0, S_0xabdf8d094500;
 .timescale -9 -12;
v0xabdf8d424de0_0 .var/2s "n", 31 0;
TD_tb_state_bram.tick ;
    %load/vec4 v0xabdf8d424de0_0;
T_6.4 %dup/vec4;
    %pushi/vec4 0, 0, 32;
    %cmp/s;
    %jmp/1xz T_6.5, 5;
    %jmp/1 T_6.5, 4;
    %pushi/vec4 1, 0, 32;
    %sub;
    %wait E_0xabdf8d0b8600;
    %jmp T_6.4;
T_6.5 ;
    %pop/vec4 1;
    %delay 1000, 0;
    %end;
S_0xabdf8d424ee0 .scope autotask, "write_state" "write_state" 11 53, 11 53 0, S_0xabdf8d094500;
 .timescale -9 -12;
v0xabdf8d4250c0_0 .var "px", 8 0;
v0xabdf8d4251c0_0 .var "py", 8 0;
v0xabdf8d4252a0_0 .var "s", 1 0;
TD_tb_state_bram.write_state ;
    %load/vec4 v0xabdf8d4250c0_0;
    %store/vec4 v0xabdf8d425c70_0, 0, 9;
    %load/vec4 v0xabdf8d4251c0_0;
    %store/vec4 v0xabdf8d425d40_0, 0, 9;
    %load/vec4 v0xabdf8d4252a0_0;
    %store/vec4 v0xabdf8d425bd0_0, 0, 2;
    %pushi/vec4 1, 0, 1;
    %store/vec4 v0xabdf8d425a90_0, 0, 1;
    %alloc S_0xabdf8d424c00;
    %pushi/vec4 1, 0, 32;
    %store/vec4 v0xabdf8d424de0_0, 0, 32;
    %fork TD_tb_state_bram.tick, S_0xabdf8d424c00;
    %join;
    %free S_0xabdf8d424c00;
    %pushi/vec4 0, 0, 1;
    %store/vec4 v0xabdf8d425a90_0, 0, 1;
    %end;
S_0xabdf8d094690 .scope module, "tile_table" "tile_table" 13 4;
 .timescale 0 0;
    .port_info 0 /INPUT 1 "clk";
    .port_info 1 /INPUT 1 "rst";
    .port_info 2 /INPUT 1 "wr_single_en";
    .port_info 3 /INPUT 8 "wr_single_index";
    .port_info 4 /INPUT 1 "wr_single_filled";
    .port_info 5 /INPUT 6 "wr_single_colour";
    .port_info 6 /INPUT 1 "wr_quad_en";
    .port_info 7 /INPUT 8 "wr_quad_tlx";
    .port_info 8 /INPUT 8 "wr_quad_tly";
    .port_info 9 /INPUT 8 "wr_quad_size";
    .port_info 10 /INPUT 6 "wr_quad_colour";
    .port_info 11 /INPUT 8 "rd_index";
    .port_info 12 /OUTPUT 1 "rd_is_filled";
    .port_info 13 /OUTPUT 6 "rd_fill_colour";
v0xabdf8d4266a0_0 .net *"_ivl_0", 6 0, L_0xabdf8d482e40;  1 drivers
v0xabdf8d4267a0_0 .net *"_ivl_10", 9 0, L_0xabdf8d4832e0;  1 drivers
L_0xabdf8d4288b0 .functor BUFT 1, C4<00>, C4<0>, C4<0>, C4<0>;
v0xabdf8d426880_0 .net *"_ivl_13", 1 0, L_0xabdf8d4288b0;  1 drivers
v0xabdf8d426970_0 .net *"_ivl_2", 9 0, L_0xabdf8d482f40;  1 drivers
v0xabdf8d426a50_0 .net *"_ivl_24", 3 0, L_0xabdf8d4839b0;  1 drivers
L_0xabdf8d4288f8 .functor BUFT 1, C4<0001>, C4<0>, C4<0>, C4<0>;
v0xabdf8d426b80_0 .net/2u *"_ivl_26", 3 0, L_0xabdf8d4288f8;  1 drivers
v0xabdf8d426c60_0 .net *"_ivl_30", 3 0, L_0xabdf8d483cf0;  1 drivers
L_0xabdf8d428940 .functor BUFT 1, C4<0001>, C4<0>, C4<0>, C4<0>;
v0xabdf8d426d40_0 .net/2u *"_ivl_32", 3 0, L_0xabdf8d428940;  1 drivers
L_0xabdf8d428868 .functor BUFT 1, C4<00>, C4<0>, C4<0>, C4<0>;
v0xabdf8d426e20_0 .net *"_ivl_5", 1 0, L_0xabdf8d428868;  1 drivers
v0xabdf8d426f90_0 .net *"_ivl_8", 6 0, L_0xabdf8d4831e0;  1 drivers
o0xabdf8d3cd7e8 .functor BUFZ 1, C4<z>; HiZ drive
v0xabdf8d427070_0 .net "clk", 0 0, o0xabdf8d3cd7e8;  0 drivers
v0xabdf8d427130_0 .net "num_cols", 3 0, L_0xabdf8d483760;  1 drivers
v0xabdf8d427210_0 .net "num_rows", 3 0, L_0xabdf8d483830;  1 drivers
v0xabdf8d4272f0_0 .net "rd_fill_colour", 5 0, L_0xabdf8d483470;  1 drivers
o0xabdf8d3cd8a8 .functor BUFZ 8, C4<zzzzzzzz>; HiZ drive
v0xabdf8d4273d0_0 .net "rd_index", 7 0, o0xabdf8d3cd8a8;  0 drivers
v0xabdf8d4274b0_0 .net "rd_is_filled", 0 0, L_0xabdf8d483140;  1 drivers
o0xabdf8d3cd908 .functor BUFZ 1, C4<z>; HiZ drive
v0xabdf8d427570_0 .net "rst", 0 0, o0xabdf8d3cd908;  0 drivers
v0xabdf8d427740_0 .net "tile_col_end", 3 0, L_0xabdf8d483b10;  1 drivers
v0xabdf8d427820_0 .net "tile_col_start", 3 0, L_0xabdf8d4835a0;  1 drivers
v0xabdf8d427900_0 .net "tile_row_end", 3 0, L_0xabdf8d483de0;  1 drivers
v0xabdf8d4279e0_0 .net "tile_row_start", 3 0, L_0xabdf8d483640;  1 drivers
v0xabdf8d427ac0 .array "tile_table", 255 0, 6 0;
o0xabdf8d3cd9f8 .functor BUFZ 6, C4<zzzzzz>; HiZ drive
v0xabdf8d427b80_0 .net "wr_quad_colour", 5 0, o0xabdf8d3cd9f8;  0 drivers
o0xabdf8d3cda28 .functor BUFZ 1, C4<z>; HiZ drive
v0xabdf8d427c60_0 .net "wr_quad_en", 0 0, o0xabdf8d3cda28;  0 drivers
o0xabdf8d3cda58 .functor BUFZ 8, C4<zzzzzzzz>; HiZ drive
v0xabdf8d427d20_0 .net "wr_quad_size", 7 0, o0xabdf8d3cda58;  0 drivers
o0xabdf8d3cda88 .functor BUFZ 8, C4<zzzzzzzz>; HiZ drive
v0xabdf8d427e00_0 .net "wr_quad_tlx", 7 0, o0xabdf8d3cda88;  0 drivers
o0xabdf8d3cdab8 .functor BUFZ 8, C4<zzzzzzzz>; HiZ drive
v0xabdf8d427ee0_0 .net "wr_quad_tly", 7 0, o0xabdf8d3cdab8;  0 drivers
o0xabdf8d3cdae8 .functor BUFZ 6, C4<zzzzzz>; HiZ drive
v0xabdf8d427fc0_0 .net "wr_single_colour", 5 0, o0xabdf8d3cdae8;  0 drivers
o0xabdf8d3cdb18 .functor BUFZ 1, C4<z>; HiZ drive
v0xabdf8d4280a0_0 .net "wr_single_en", 0 0, o0xabdf8d3cdb18;  0 drivers
o0xabdf8d3cdb48 .functor BUFZ 1, C4<z>; HiZ drive
v0xabdf8d428160_0 .net "wr_single_filled", 0 0, o0xabdf8d3cdb48;  0 drivers
o0xabdf8d3cdb78 .functor BUFZ 8, C4<zzzzzzzz>; HiZ drive
v0xabdf8d428220_0 .net "wr_single_index", 7 0, o0xabdf8d3cdb78;  0 drivers
E_0xabdf8d2fc100 .event posedge, v0xabdf8d427070_0;
L_0xabdf8d482e40 .array/port v0xabdf8d427ac0, L_0xabdf8d482f40;
L_0xabdf8d482f40 .concat [ 8 2 0 0], o0xabdf8d3cd8a8, L_0xabdf8d428868;
L_0xabdf8d483140 .part L_0xabdf8d482e40, 6, 1;
L_0xabdf8d4831e0 .array/port v0xabdf8d427ac0, L_0xabdf8d4832e0;
L_0xabdf8d4832e0 .concat [ 8 2 0 0], o0xabdf8d3cd8a8, L_0xabdf8d4288b0;
L_0xabdf8d483470 .part L_0xabdf8d4831e0, 0, 6;
L_0xabdf8d4835a0 .part o0xabdf8d3cda88, 4, 4;
L_0xabdf8d483640 .part o0xabdf8d3cdab8, 4, 4;
L_0xabdf8d483760 .part o0xabdf8d3cda58, 4, 4;
L_0xabdf8d483830 .part o0xabdf8d3cda58, 4, 4;
L_0xabdf8d4839b0 .arith/sum 4, L_0xabdf8d4835a0, L_0xabdf8d483760;
L_0xabdf8d483b10 .arith/sub 4, L_0xabdf8d4839b0, L_0xabdf8d4288f8;
L_0xabdf8d483cf0 .arith/sum 4, L_0xabdf8d483640, L_0xabdf8d483830;
L_0xabdf8d483de0 .arith/sub 4, L_0xabdf8d483cf0, L_0xabdf8d428940;
S_0xabdf8d425e10 .scope begin, "$ivl_for_loop3" "$ivl_for_loop3" 13 47, 13 47 0, S_0xabdf8d094690;
 .timescale 0 0;
v0xabdf8d425fc0_0 .var/2s "i", 31 0;
S_0xabdf8d4260c0 .scope begin, "$ivl_for_loop4" "$ivl_for_loop4" 13 52, 13 52 0, S_0xabdf8d094690;
 .timescale 0 0;
v0xabdf8d4265a0_0 .var/2s "row", 31 0;
S_0xabdf8d4262c0 .scope begin, "$ivl_for_loop5" "$ivl_for_loop5" 13 53, 13 53 0, S_0xabdf8d4260c0;
 .timescale 0 0;
v0xabdf8d4264a0_0 .var/2s "col", 31 0;
    .scope S_0xabdf8d2289f0;
T_8 ;
Ewait_0 .event/or E_0xabdf8d0ed6e0, E_0x0;
    %wait Ewait_0;
    %pushi/vec4 0, 0, 8;
    %store/vec4 v0xabdf8d22adf0_0, 0, 8;
    %pushi/vec4 0, 0, 1;
    %store/vec4 v0xabdf8d2d7140_0, 0, 1;
    %fork t_1, S_0xabdf8d0cf2e0;
    %jmp t_0;
    .scope S_0xabdf8d0cf2e0;
t_1 ;
    %pushi/vec4 255, 0, 32;
    %store/vec4 v0xabdf8d2318c0_0, 0, 32;
T_8.0 ;
    %load/vec4 v0xabdf8d2318c0_0;
    %cmpi/s 0, 0, 32;
    %flag_inv 5; GE is !LT
    %jmp/0xz T_8.1, 5;
    %load/vec4 v0xabdf8d22b340_0;
    %load/vec4 v0xabdf8d2318c0_0;
    %part/s 1;
    %flag_set/vec4 8;
    %jmp/0xz  T_8.2, 8;
    %load/vec4 v0xabdf8d2318c0_0;
    %pad/s 8;
    %store/vec4 v0xabdf8d22adf0_0, 0, 8;
    %pushi/vec4 1, 0, 1;
    %store/vec4 v0xabdf8d2d7140_0, 0, 1;
T_8.2 ;
    ; show_stmt_assign_vector: Get l-value for compressed -= operand
    %load/vec4 v0xabdf8d2318c0_0;
    %pushi/vec4 1, 0, 32;
    %sub;
    %cast2;
    %store/vec4 v0xabdf8d2318c0_0, 0, 32;
    %jmp T_8.0;
T_8.1 ;
    %end;
    .scope S_0xabdf8d2289f0;
t_0 %join;
    %jmp T_8;
    .thread T_8, $push;
    .scope S_0xabdf8d2289f0;
T_9 ;
Ewait_1 .event/or E_0xabdf8d0f1e60, E_0x0;
    %wait Ewait_1;
    %pushi/vec4 0, 0, 64;
    %store/vec4 v0xabdf8d22ad10_0, 0, 64;
    %fork t_3, S_0xabdf8d0cf470;
    %jmp t_2;
    .scope S_0xabdf8d0cf470;
t_3 ;
    %pushi/vec4 0, 0, 32;
    %store/vec4 v0xabdf8d233e20_0, 0, 32;
T_9.0 ;
    %load/vec4 v0xabdf8d233e20_0;
    %cmpi/s 8, 0, 32;
    %jmp/0xz T_9.1, 5;
    %pushi/vec4 0, 0, 2;
    %load/vec4 v0xabdf8d0db310_0;
    %concat/vec4; draw_concat_vec4
    %load/vec4 v0xabdf8d233e20_0;
    %muli 8, 0, 32;
    %ix/vec4/s 4;
    %store/vec4 v0xabdf8d22ad10_0, 4, 8;
    ; show_stmt_assign_vector: Get l-value for compressed += operand
    %load/vec4 v0xabdf8d233e20_0;
    %pushi/vec4 1, 0, 32;
    %add;
    %cast2;
    %store/vec4 v0xabdf8d233e20_0, 0, 32;
    %jmp T_9.0;
T_9.1 ;
    %end;
    .scope S_0xabdf8d2289f0;
t_2 %join;
    %jmp T_9;
    .thread T_9, $push;
    .scope S_0xabdf8d2289f0;
T_10 ;
    %wait E_0xabdf8d0f1570;
    %load/vec4 v0xabdf8d0d3950_0;
    %flag_set/vec4 8;
    %jmp/0xz  T_10.0, 8;
    %pushi/vec4 0, 0, 3;
    %assign/vec4 v0xabdf8d0db070_0, 0;
    %pushi/vec4 0, 0, 256;
    %assign/vec4 v0xabdf8d0db230_0, 0;
    %pushi/vec4 0, 0, 8;
    %assign/vec4 v0xabdf8d227930_0, 0;
    %pushi/vec4 0, 0, 5;
    %assign/vec4 v0xabdf8d0d3870_0, 0;
    %pushi/vec4 0, 0, 5;
    %assign/vec4 v0xabdf8d0ddff0_0, 0;
    %pushi/vec4 0, 0, 5;
    %assign/vec4 v0xabdf8d227f40_0, 0;
    %pushi/vec4 0, 0, 1;
    %assign/vec4 v0xabdf8d0d37b0_0, 0;
    %pushi/vec4 0, 0, 64;
    %assign/vec4 v0xabdf8d22b420_0, 0;
    %pushi/vec4 0, 0, 1;
    %assign/vec4 v0xabdf8d0d3f40_0, 0;
    %pushi/vec4 0, 0, 13;
    %assign/vec4 v0xabdf8d22a820_0, 0;
    %pushi/vec4 0, 0, 1;
    %assign/vec4 v0xabdf8d0e8b90_0, 0;
    %pushi/vec4 0, 0, 32;
    %assign/vec4 v0xabdf8d22bdc0_0, 0;
    %pushi/vec4 0, 0, 64;
    %assign/vec4 v0xabdf8d17aba0_0, 0;
    %pushi/vec4 0, 0, 1;
    %assign/vec4 v0xabdf8d0948e0_0, 0;
    %jmp T_10.1;
T_10.0 ;
    %pushi/vec4 0, 0, 1;
    %assign/vec4 v0xabdf8d0d3f40_0, 0;
    %pushi/vec4 0, 0, 1;
    %assign/vec4 v0xabdf8d0e8b90_0, 0;
    %pushi/vec4 0, 0, 1;
    %assign/vec4 v0xabdf8d0948e0_0, 0;
    %load/vec4 v0xabdf8d0db070_0;
    %dup/vec4;
    %pushi/vec4 0, 0, 3;
    %cmp/u;
    %jmp/1 T_10.2, 6;
    %dup/vec4;
    %pushi/vec4 1, 0, 3;
    %cmp/u;
    %jmp/1 T_10.3, 6;
    %dup/vec4;
    %pushi/vec4 2, 0, 3;
    %cmp/u;
    %jmp/1 T_10.4, 6;
    %dup/vec4;
    %pushi/vec4 3, 0, 3;
    %cmp/u;
    %jmp/1 T_10.5, 6;
    %dup/vec4;
    %pushi/vec4 4, 0, 3;
    %cmp/u;
    %jmp/1 T_10.6, 6;
    %jmp T_10.7;
T_10.2 ;
    %pushi/vec4 0, 0, 1;
    %assign/vec4 v0xabdf8d0d37b0_0, 0;
    %pushi/vec4 0, 0, 5;
    %assign/vec4 v0xabdf8d0d3870_0, 0;
    %pushi/vec4 0, 0, 5;
    %assign/vec4 v0xabdf8d0ddff0_0, 0;
    %pushi/vec4 0, 0, 5;
    %assign/vec4 v0xabdf8d227f40_0, 0;
    %load/vec4 v0xabdf8d2d7140_0;
    %flag_set/vec4 8;
    %jmp/0xz  T_10.8, 8;
    %load/vec4 v0xabdf8d22adf0_0;
    %assign/vec4 v0xabdf8d227930_0, 0;
    %pushi/vec4 1, 0, 3;
    %assign/vec4 v0xabdf8d0db070_0, 0;
T_10.8 ;
    %jmp T_10.7;
T_10.3 ;
    %load/vec4 v0xabdf8d0db3f0_0;
    %flag_set/vec4 8;
    %jmp/0xz  T_10.10, 8;
    %pushi/vec4 2, 0, 3;
    %assign/vec4 v0xabdf8d0db070_0, 0;
    %jmp T_10.11;
T_10.10 ;
    %pushi/vec4 1, 0, 1;
    %assign/vec4 v0xabdf8d0d3f40_0, 0;
    %load/vec4 v0xabdf8d227930_0;
    %concati/vec4 0, 0, 5;
    %assign/vec4 v0xabdf8d22a820_0, 0;
    %pushi/vec4 3, 0, 3;
    %assign/vec4 v0xabdf8d0db070_0, 0;
T_10.11 ;
    %jmp T_10.7;
T_10.4 ;
    %load/vec4 v0xabdf8d226840_0;
    %flag_set/vec4 8;
    %jmp/0xz  T_10.12, 8;
    %load/vec4 v0xabdf8d0d3a10_0;
    %load/vec4 v0xabdf8d227930_0;
    %concati/vec4 0, 0, 8;
    %pad/u 32;
    %add;
    %load/vec4 v0xabdf8d0ddff0_0;
    %concati/vec4 0, 0, 3;
    %pad/u 32;
    %add;
    %assign/vec4 v0xabdf8d22bdc0_0, 0;
    %pushi/vec4 1, 0, 1;
    %assign/vec4 v0xabdf8d0e8b90_0, 0;
    %load/vec4 v0xabdf8d22ad10_0;
    %assign/vec4 v0xabdf8d17aba0_0, 0;
    %load/vec4 v0xabdf8d227f40_0;
    %addi 1, 0, 5;
    %assign/vec4 v0xabdf8d227f40_0, 0;
    %load/vec4 v0xabdf8d0ddff0_0;
    %addi 1, 0, 5;
    %assign/vec4 v0xabdf8d0ddff0_0, 0;
    %load/vec4 v0xabdf8d227f40_0;
    %cmpi/e 31, 0, 5;
    %jmp/0xz  T_10.14, 4;
    %pushi/vec4 1, 0, 1;
    %ix/load 5, 0, 0;
    %ix/getv 4, v0xabdf8d227930_0;
    %assign/vec4/off/d v0xabdf8d0db230_0, 4, 5;
    %pushi/vec4 1, 0, 1;
    %assign/vec4 v0xabdf8d0948e0_0, 0;
    %load/vec4 v0xabdf8d227930_0;
    %assign/vec4 v0xabdf8d2f8c10_0, 0;
    %pushi/vec4 0, 0, 1;
    %assign/vec4 v0xabdf8d094820_0, 0;
    %pushi/vec4 0, 0, 3;
    %assign/vec4 v0xabdf8d0db070_0, 0;
T_10.14 ;
T_10.12 ;
    %jmp T_10.7;
T_10.5 ;
    %load/vec4 v0xabdf8d0d2020_0;
    %flag_set/vec4 8;
    %jmp/0xz  T_10.16, 8;
    %load/vec4 v0xabdf8d0d37b0_0;
    %nor/r;
    %flag_set/vec4 8;
    %jmp/0xz  T_10.18, 8;
    %load/vec4 v0xabdf8d0d3d40_0;
    %assign/vec4 v0xabdf8d22b420_0, 0;
    %pushi/vec4 1, 0, 1;
    %assign/vec4 v0xabdf8d0d37b0_0, 0;
    %load/vec4 v0xabdf8d0d3870_0;
    %addi 1, 0, 5;
    %assign/vec4 v0xabdf8d0d3870_0, 0;
    %load/vec4 v0xabdf8d0d3870_0;
    %cmpi/u 31, 0, 5;
    %jmp/0xz  T_10.20, 5;
    %pushi/vec4 1, 0, 1;
    %assign/vec4 v0xabdf8d0d3f40_0, 0;
    %load/vec4 v0xabdf8d227930_0;
    %load/vec4 v0xabdf8d0d3870_0;
    %pad/u 32;
    %addi 1, 0, 32;
    %pad/u 5;
    %concat/vec4; draw_concat_vec4
    %assign/vec4 v0xabdf8d22a820_0, 0;
    %jmp T_10.21;
T_10.20 ;
    %pushi/vec4 4, 0, 3;
    %assign/vec4 v0xabdf8d0db070_0, 0;
T_10.21 ;
    %jmp T_10.19;
T_10.18 ;
    %load/vec4 v0xabdf8d226840_0;
    %flag_set/vec4 8;
    %jmp/0xz  T_10.22, 8;
    %load/vec4 v0xabdf8d0d3a10_0;
    %load/vec4 v0xabdf8d227930_0;
    %concati/vec4 0, 0, 8;
    %pad/u 32;
    %add;
    %load/vec4 v0xabdf8d0ddff0_0;
    %concati/vec4 0, 0, 3;
    %pad/u 32;
    %add;
    %assign/vec4 v0xabdf8d22bdc0_0, 0;
    %pushi/vec4 1, 0, 1;
    %assign/vec4 v0xabdf8d0e8b90_0, 0;
    %load/vec4 v0xabdf8d22b420_0;
    %assign/vec4 v0xabdf8d17aba0_0, 0;
    %load/vec4 v0xabdf8d0ddff0_0;
    %addi 1, 0, 5;
    %assign/vec4 v0xabdf8d0ddff0_0, 0;
    %load/vec4 v0xabdf8d0d3d40_0;
    %assign/vec4 v0xabdf8d22b420_0, 0;
    %load/vec4 v0xabdf8d0d3870_0;
    %addi 1, 0, 5;
    %assign/vec4 v0xabdf8d0d3870_0, 0;
    %load/vec4 v0xabdf8d0d3870_0;
    %cmpi/e 31, 0, 5;
    %jmp/0xz  T_10.24, 4;
    %pushi/vec4 4, 0, 3;
    %assign/vec4 v0xabdf8d0db070_0, 0;
    %jmp T_10.25;
T_10.24 ;
    %pushi/vec4 1, 0, 1;
    %assign/vec4 v0xabdf8d0d3f40_0, 0;
    %load/vec4 v0xabdf8d227930_0;
    %load/vec4 v0xabdf8d0d3870_0;
    %pad/u 32;
    %addi 1, 0, 32;
    %pad/u 5;
    %concat/vec4; draw_concat_vec4
    %assign/vec4 v0xabdf8d22a820_0, 0;
T_10.25 ;
    %jmp T_10.23;
T_10.22 ;
    %pushi/vec4 1, 0, 1;
    %assign/vec4 v0xabdf8d0d3f40_0, 0;
    %load/vec4 v0xabdf8d227930_0;
    %load/vec4 v0xabdf8d0d3870_0;
    %concat/vec4; draw_concat_vec4
    %assign/vec4 v0xabdf8d22a820_0, 0;
T_10.23 ;
T_10.19 ;
    %jmp T_10.17;
T_10.16 ;
    %pushi/vec4 1, 0, 1;
    %assign/vec4 v0xabdf8d0d3f40_0, 0;
    %load/vec4 v0xabdf8d227930_0;
    %load/vec4 v0xabdf8d0d3870_0;
    %concat/vec4; draw_concat_vec4
    %assign/vec4 v0xabdf8d22a820_0, 0;
T_10.17 ;
    %jmp T_10.7;
T_10.6 ;
    %load/vec4 v0xabdf8d0d37b0_0;
    %flag_set/vec4 9;
    %flag_get/vec4 9;
    %jmp/0 T_10.28, 9;
    %load/vec4 v0xabdf8d226840_0;
    %and;
T_10.28;
    %flag_set/vec4 8;
    %jmp/0xz  T_10.26, 8;
    %load/vec4 v0xabdf8d0d3a10_0;
    %load/vec4 v0xabdf8d227930_0;
    %concati/vec4 0, 0, 8;
    %pad/u 32;
    %add;
    %load/vec4 v0xabdf8d0ddff0_0;
    %concati/vec4 0, 0, 3;
    %pad/u 32;
    %add;
    %assign/vec4 v0xabdf8d22bdc0_0, 0;
    %pushi/vec4 1, 0, 1;
    %assign/vec4 v0xabdf8d0e8b90_0, 0;
    %load/vec4 v0xabdf8d22b420_0;
    %assign/vec4 v0xabdf8d17aba0_0, 0;
    %pushi/vec4 0, 0, 1;
    %assign/vec4 v0xabdf8d0d37b0_0, 0;
    %pushi/vec4 1, 0, 1;
    %ix/load 5, 0, 0;
    %ix/getv 4, v0xabdf8d227930_0;
    %assign/vec4/off/d v0xabdf8d0db230_0, 4, 5;
    %pushi/vec4 1, 0, 1;
    %assign/vec4 v0xabdf8d0948e0_0, 0;
    %load/vec4 v0xabdf8d227930_0;
    %assign/vec4 v0xabdf8d2f8c10_0, 0;
    %pushi/vec4 1, 0, 1;
    %assign/vec4 v0xabdf8d094820_0, 0;
    %pushi/vec4 0, 0, 3;
    %assign/vec4 v0xabdf8d0db070_0, 0;
T_10.26 ;
    %jmp T_10.7;
T_10.7 ;
    %pop/vec4 1;
T_10.1 ;
    %jmp T_10;
    .thread T_10;
    .scope S_0xabdf8d1064a0;
T_11 ;
    %wait E_0xabdf8d0f2150;
    %load/vec4 v0xabdf8d33d020_0;
    %flag_set/vec4 8;
    %jmp/0xz  T_11.0, 8;
    %load/vec4 v0xabdf8d33d0c0_0;
    %load/vec4 v0xabdf8d33d160_0;
    %store/vec4 v0xabdf8d1233f0_0, 0, 9;
    %store/vec4 v0xabdf8d123330_0, 0, 9;
    %callf/vec4 TD_colour_bram.word_addr, S_0xabdf8d12ed50;
    %pad/u 15;
    %ix/vec4 4;
    %load/vec4a v0xabdf8d33d480, 4;
    %assign/vec4 v0xabdf8d123690_0, 0;
    %load/vec4 v0xabdf8d33d0c0_0;
    %load/vec4 v0xabdf8d33d160_0;
    %store/vec4 v0xabdf8d12ec70_0, 0, 9;
    %store/vec4 v0xabdf8d115d40_0, 0, 9;
    %callf/vec4 TD_colour_bram.byte_off, S_0xabdf8d115960;
    %assign/vec4 v0xabdf8d1235b0_0, 0;
T_11.0 ;
    %jmp T_11;
    .thread T_11;
    .scope S_0xabdf8d1064a0;
T_12 ;
Ewait_2 .event/or E_0xabdf8d0ee160, E_0x0;
    %wait Ewait_2;
    %load/vec4 v0xabdf8d1235b0_0;
    %dup/vec4;
    %pushi/vec4 0, 0, 3;
    %cmp/u;
    %jmp/1 T_12.0, 6;
    %dup/vec4;
    %pushi/vec4 1, 0, 3;
    %cmp/u;
    %jmp/1 T_12.1, 6;
    %dup/vec4;
    %pushi/vec4 2, 0, 3;
    %cmp/u;
    %jmp/1 T_12.2, 6;
    %dup/vec4;
    %pushi/vec4 3, 0, 3;
    %cmp/u;
    %jmp/1 T_12.3, 6;
    %dup/vec4;
    %pushi/vec4 4, 0, 3;
    %cmp/u;
    %jmp/1 T_12.4, 6;
    %dup/vec4;
    %pushi/vec4 5, 0, 3;
    %cmp/u;
    %jmp/1 T_12.5, 6;
    %dup/vec4;
    %pushi/vec4 6, 0, 3;
    %cmp/u;
    %jmp/1 T_12.6, 6;
    %load/vec4 v0xabdf8d123690_0;
    %parti/s 8, 56, 7;
    %store/vec4 v0xabdf8d33cf80_0, 0, 8;
    %jmp T_12.8;
T_12.0 ;
    %load/vec4 v0xabdf8d123690_0;
    %parti/s 8, 0, 2;
    %store/vec4 v0xabdf8d33cf80_0, 0, 8;
    %jmp T_12.8;
T_12.1 ;
    %load/vec4 v0xabdf8d123690_0;
    %parti/s 8, 8, 5;
    %store/vec4 v0xabdf8d33cf80_0, 0, 8;
    %jmp T_12.8;
T_12.2 ;
    %load/vec4 v0xabdf8d123690_0;
    %parti/s 8, 16, 6;
    %store/vec4 v0xabdf8d33cf80_0, 0, 8;
    %jmp T_12.8;
T_12.3 ;
    %load/vec4 v0xabdf8d123690_0;
    %parti/s 8, 24, 6;
    %store/vec4 v0xabdf8d33cf80_0, 0, 8;
    %jmp T_12.8;
T_12.4 ;
    %load/vec4 v0xabdf8d123690_0;
    %parti/s 8, 32, 7;
    %store/vec4 v0xabdf8d33cf80_0, 0, 8;
    %jmp T_12.8;
T_12.5 ;
    %load/vec4 v0xabdf8d123690_0;
    %parti/s 8, 40, 7;
    %store/vec4 v0xabdf8d33cf80_0, 0, 8;
    %jmp T_12.8;
T_12.6 ;
    %load/vec4 v0xabdf8d123690_0;
    %parti/s 8, 48, 7;
    %store/vec4 v0xabdf8d33cf80_0, 0, 8;
    %jmp T_12.8;
T_12.8 ;
    %pop/vec4 1;
    %jmp T_12;
    .thread T_12, $push;
    .scope S_0xabdf8d1064a0;
T_13 ;
Ewait_3 .event/or E_0xabdf8d0ee570, E_0x0;
    %wait Ewait_3;
    %load/vec4 v0xabdf8d33d340_0;
    %load/vec4 v0xabdf8d33d3e0_0;
    %store/vec4 v0xabdf8d1233f0_0, 0, 9;
    %store/vec4 v0xabdf8d123330_0, 0, 9;
    %callf/vec4 TD_colour_bram.word_addr, S_0xabdf8d12ed50;
    %pad/u 15;
    %ix/vec4 4;
    %load/vec4a v0xabdf8d33d480, 4;
    %store/vec4 v0xabdf8d0ecca0_0, 0, 64;
    %load/vec4 v0xabdf8d41a960_0;
    %dup/vec4;
    %pushi/vec4 0, 0, 3;
    %cmp/u;
    %jmp/1 T_13.0, 6;
    %dup/vec4;
    %pushi/vec4 1, 0, 3;
    %cmp/u;
    %jmp/1 T_13.1, 6;
    %dup/vec4;
    %pushi/vec4 2, 0, 3;
    %cmp/u;
    %jmp/1 T_13.2, 6;
    %dup/vec4;
    %pushi/vec4 3, 0, 3;
    %cmp/u;
    %jmp/1 T_13.3, 6;
    %dup/vec4;
    %pushi/vec4 4, 0, 3;
    %cmp/u;
    %jmp/1 T_13.4, 6;
    %dup/vec4;
    %pushi/vec4 5, 0, 3;
    %cmp/u;
    %jmp/1 T_13.5, 6;
    %dup/vec4;
    %pushi/vec4 6, 0, 3;
    %cmp/u;
    %jmp/1 T_13.6, 6;
    %load/vec4 v0xabdf8d33d200_0;
    %ix/load 4, 56, 0;
    %flag_set/imm 4, 0;
    %store/vec4 v0xabdf8d0ecca0_0, 4, 8;
    %jmp T_13.8;
T_13.0 ;
    %load/vec4 v0xabdf8d33d200_0;
    %ix/load 4, 0, 0;
    %flag_set/imm 4, 0;
    %store/vec4 v0xabdf8d0ecca0_0, 4, 8;
    %jmp T_13.8;
T_13.1 ;
    %load/vec4 v0xabdf8d33d200_0;
    %ix/load 4, 8, 0;
    %flag_set/imm 4, 0;
    %store/vec4 v0xabdf8d0ecca0_0, 4, 8;
    %jmp T_13.8;
T_13.2 ;
    %load/vec4 v0xabdf8d33d200_0;
    %ix/load 4, 16, 0;
    %flag_set/imm 4, 0;
    %store/vec4 v0xabdf8d0ecca0_0, 4, 8;
    %jmp T_13.8;
T_13.3 ;
    %load/vec4 v0xabdf8d33d200_0;
    %ix/load 4, 24, 0;
    %flag_set/imm 4, 0;
    %store/vec4 v0xabdf8d0ecca0_0, 4, 8;
    %jmp T_13.8;
T_13.4 ;
    %load/vec4 v0xabdf8d33d200_0;
    %ix/load 4, 32, 0;
    %flag_set/imm 4, 0;
    %store/vec4 v0xabdf8d0ecca0_0, 4, 8;
    %jmp T_13.8;
T_13.5 ;
    %load/vec4 v0xabdf8d33d200_0;
    %ix/load 4, 40, 0;
    %flag_set/imm 4, 0;
    %store/vec4 v0xabdf8d0ecca0_0, 4, 8;
    %jmp T_13.8;
T_13.6 ;
    %load/vec4 v0xabdf8d33d200_0;
    %ix/load 4, 48, 0;
    %flag_set/imm 4, 0;
    %store/vec4 v0xabdf8d0ecca0_0, 4, 8;
    %jmp T_13.8;
T_13.8 ;
    %pop/vec4 1;
    %jmp T_13;
    .thread T_13, $push;
    .scope S_0xabdf8d1064a0;
T_14 ;
    %wait E_0xabdf8d0f2150;
    %load/vec4 v0xabdf8d33d2a0_0;
    %flag_set/vec4 8;
    %jmp/0xz  T_14.0, 8;
    %load/vec4 v0xabdf8d0ecca0_0;
    %load/vec4 v0xabdf8d33d340_0;
    %load/vec4 v0xabdf8d33d3e0_0;
    %store/vec4 v0xabdf8d1233f0_0, 0, 9;
    %store/vec4 v0xabdf8d123330_0, 0, 9;
    %callf/vec4 TD_colour_bram.word_addr, S_0xabdf8d12ed50;
    %pad/u 15;
    %ix/vec4 3;
    %ix/load 4, 0, 0; Constant delay
    %assign/vec4/a/d v0xabdf8d33d480, 0, 4;
    %jmp T_14.1;
T_14.0 ;
    %load/vec4 v0xabdf8d0ec9f0_0;
    %flag_set/vec4 8;
    %jmp/0xz  T_14.2, 8;
    %load/vec4 v0xabdf8d0ecbc0_0;
    %pad/u 15;
    %ix/vec4 4;
    %load/vec4a v0xabdf8d33d480, 4;
    %assign/vec4 v0xabdf8d0ec910_0, 0;
T_14.2 ;
T_14.1 ;
    %jmp T_14;
    .thread T_14;
    .scope S_0xabdf8d2335d0;
T_15 ;
    %wait E_0xabdf8d0ede20;
    %load/vec4 v0xabdf8d41bea0_0;
    %flag_set/vec4 8;
    %jmp/0xz  T_15.0, 8;
    %pushi/vec4 0, 0, 1;
    %assign/vec4 v0xabdf8d41b640_0, 0;
    %pushi/vec4 0, 0, 1;
    %assign/vec4 v0xabdf8d41b580_0, 0;
    %pushi/vec4 0, 0, 4;
    %assign/vec4 v0xabdf8d41bc20_0, 0;
    %pushi/vec4 0, 0, 1;
    %assign/vec4 v0xabdf8d41bde0_0, 0;
    %pushi/vec4 0, 0, 11;
    %assign/vec4 v0xabdf8d41c020_0, 0;
    %jmp T_15.1;
T_15.0 ;
    %load/vec4 v0xabdf8d41bf60_0;
    %flag_set/vec4 8;
    %jmp/0xz  T_15.2, 8;
    %pushi/vec4 0, 0, 1;
    %assign/vec4 v0xabdf8d41b640_0, 0;
    %pushi/vec4 0, 0, 1;
    %assign/vec4 v0xabdf8d41b580_0, 0;
    %pushi/vec4 0, 0, 4;
    %assign/vec4 v0xabdf8d41bc20_0, 0;
    %pushi/vec4 0, 0, 1;
    %assign/vec4 v0xabdf8d41bde0_0, 0;
    %pushi/vec4 0, 0, 11;
    %assign/vec4 v0xabdf8d41c020_0, 0;
    %jmp T_15.3;
T_15.2 ;
    %load/vec4 v0xabdf8d41b4c0_0;
    %flag_set/vec4 9;
    %flag_get/vec4 9;
    %jmp/0 T_15.6, 9;
    %load/vec4 v0xabdf8d41ba80_0;
    %and;
T_15.6;
    %flag_set/vec4 8;
    %jmp/0xz  T_15.4, 8;
    %load/vec4 v0xabdf8d41bde0_0;
    %nor/r;
    %flag_set/vec4 8;
    %jmp/0xz  T_15.7, 8;
    %load/vec4 v0xabdf8d41b700_0;
    %assign/vec4 v0xabdf8d41bc20_0, 0;
    %pushi/vec4 1, 0, 1;
    %assign/vec4 v0xabdf8d41bde0_0, 0;
    %jmp T_15.8;
T_15.7 ;
    %load/vec4 v0xabdf8d41b700_0;
    %load/vec4 v0xabdf8d41bc20_0;
    %cmp/ne;
    %jmp/0xz  T_15.9, 4;
    %pushi/vec4 1, 0, 1;
    %assign/vec4 v0xabdf8d41b640_0, 0;
T_15.9 ;
T_15.8 ;
    %load/vec4 v0xabdf8d41c020_0;
    %addi 1, 0, 11;
    %assign/vec4 v0xabdf8d41c020_0, 0;
    %load/vec4 v0xabdf8d41c020_0;
    %addi 1, 0, 11;
    %load/vec4 v0xabdf8d41b9a0_0;
    %cmp/e;
    %jmp/0xz  T_15.11, 4;
    %pushi/vec4 1, 0, 1;
    %assign/vec4 v0xabdf8d41b580_0, 0;
T_15.11 ;
    %load/vec4 v0xabdf8d41bc20_0;
    %pad/u 6;
    %assign/vec4 v0xabdf8d41bd00_0, 0;
T_15.4 ;
T_15.3 ;
T_15.1 ;
    %jmp T_15;
    .thread T_15;
    .scope S_0xabdf8d41c730;
T_16 ;
    %wait E_0xabdf8d0f2b40;
    %load/vec4 v0xabdf8d41d8f0_0;
    %flag_set/vec4 8;
    %jmp/1 T_16.2, 8;
    %load/vec4 v0xabdf8d41d450_0;
    %flag_set/vec4 9;
    %flag_or 8, 9;
T_16.2;
    %jmp/0xz  T_16.0, 8;
    %pushi/vec4 0, 0, 5;
    %assign/vec4 v0xabdf8d41d5d0_0, 0;
    %pushi/vec4 0, 0, 5;
    %assign/vec4 v0xabdf8d41dac0_0, 0;
    %pushi/vec4 0, 0, 6;
    %assign/vec4 v0xabdf8d41d0f0_0, 0;
    %jmp T_16.1;
T_16.0 ;
    %load/vec4 v0xabdf8d41d830_0;
    %flag_set/vec4 9;
    %flag_get/vec4 9;
    %jmp/0 T_16.5, 9;
    %load/vec4 v0xabdf8d41d510_0;
    %nor/r;
    %and;
T_16.5;
    %flag_set/vec4 8;
    %jmp/0xz  T_16.3, 8;
    %load/vec4 v0xabdf8d41d1d0_0;
    %load/vec4 v0xabdf8d41d5d0_0;
    %pad/u 7;
    %ix/vec4 3;
    %ix/load 4, 0, 0; Constant delay
    %assign/vec4/a/d v0xabdf8d41d6b0, 0, 4;
    %load/vec4 v0xabdf8d41d5d0_0;
    %addi 1, 0, 5;
    %assign/vec4 v0xabdf8d41d5d0_0, 0;
T_16.3 ;
    %load/vec4 v0xabdf8d41d770_0;
    %flag_set/vec4 9;
    %flag_get/vec4 9;
    %jmp/0 T_16.8, 9;
    %load/vec4 v0xabdf8d41d390_0;
    %nor/r;
    %and;
T_16.8;
    %flag_set/vec4 8;
    %jmp/0xz  T_16.6, 8;
    %load/vec4 v0xabdf8d41dac0_0;
    %addi 1, 0, 5;
    %assign/vec4 v0xabdf8d41dac0_0, 0;
T_16.6 ;
    %load/vec4 v0xabdf8d41d830_0;
    %flag_set/vec4 8;
    %flag_get/vec4 8;
    %jmp/0 T_16.13, 8;
    %load/vec4 v0xabdf8d41d510_0;
    %nor/r;
    %and;
T_16.13;
    %load/vec4 v0xabdf8d41d770_0;
    %flag_set/vec4 8;
    %flag_get/vec4 8;
    %jmp/0 T_16.14, 8;
    %load/vec4 v0xabdf8d41d390_0;
    %nor/r;
    %and;
T_16.14;
    %concat/vec4; draw_concat_vec4
    %dup/vec4;
    %pushi/vec4 2, 0, 2;
    %cmp/u;
    %jmp/1 T_16.9, 6;
    %dup/vec4;
    %pushi/vec4 1, 0, 2;
    %cmp/u;
    %jmp/1 T_16.10, 6;
    %load/vec4 v0xabdf8d41d0f0_0;
    %assign/vec4 v0xabdf8d41d0f0_0, 0;
    %jmp T_16.12;
T_16.9 ;
    %load/vec4 v0xabdf8d41d0f0_0;
    %addi 1, 0, 6;
    %assign/vec4 v0xabdf8d41d0f0_0, 0;
    %jmp T_16.12;
T_16.10 ;
    %load/vec4 v0xabdf8d41d0f0_0;
    %subi 1, 0, 6;
    %assign/vec4 v0xabdf8d41d0f0_0, 0;
    %jmp T_16.12;
T_16.12 ;
    %pop/vec4 1;
T_16.1 ;
    %jmp T_16;
    .thread T_16;
    .scope S_0xabdf8d41f2f0;
T_17 ;
    %wait E_0xabdf8d0f1c10;
    %load/vec4 v0xabdf8d420590_0;
    %flag_set/vec4 8;
    %jmp/1 T_17.2, 8;
    %load/vec4 v0xabdf8d4200f0_0;
    %flag_set/vec4 9;
    %flag_or 8, 9;
T_17.2;
    %jmp/0xz  T_17.0, 8;
    %pushi/vec4 0, 0, 11;
    %assign/vec4 v0xabdf8d420270_0, 0;
    %pushi/vec4 0, 0, 11;
    %assign/vec4 v0xabdf8d420760_0, 0;
    %pushi/vec4 0, 0, 12;
    %assign/vec4 v0xabdf8d41fd90_0, 0;
    %jmp T_17.1;
T_17.0 ;
    %load/vec4 v0xabdf8d4204d0_0;
    %flag_set/vec4 9;
    %flag_get/vec4 9;
    %jmp/0 T_17.5, 9;
    %load/vec4 v0xabdf8d4201b0_0;
    %nor/r;
    %and;
T_17.5;
    %flag_set/vec4 8;
    %jmp/0xz  T_17.3, 8;
    %load/vec4 v0xabdf8d41fe70_0;
    %load/vec4 v0xabdf8d420270_0;
    %pad/u 13;
    %ix/vec4 3;
    %ix/load 4, 0, 0; Constant delay
    %assign/vec4/a/d v0xabdf8d420350, 0, 4;
    %load/vec4 v0xabdf8d420270_0;
    %addi 1, 0, 11;
    %assign/vec4 v0xabdf8d420270_0, 0;
T_17.3 ;
    %load/vec4 v0xabdf8d420410_0;
    %flag_set/vec4 9;
    %flag_get/vec4 9;
    %jmp/0 T_17.8, 9;
    %load/vec4 v0xabdf8d420030_0;
    %nor/r;
    %and;
T_17.8;
    %flag_set/vec4 8;
    %jmp/0xz  T_17.6, 8;
    %load/vec4 v0xabdf8d420760_0;
    %addi 1, 0, 11;
    %assign/vec4 v0xabdf8d420760_0, 0;
T_17.6 ;
    %load/vec4 v0xabdf8d4204d0_0;
    %flag_set/vec4 8;
    %flag_get/vec4 8;
    %jmp/0 T_17.13, 8;
    %load/vec4 v0xabdf8d4201b0_0;
    %nor/r;
    %and;
T_17.13;
    %load/vec4 v0xabdf8d420410_0;
    %flag_set/vec4 8;
    %flag_get/vec4 8;
    %jmp/0 T_17.14, 8;
    %load/vec4 v0xabdf8d420030_0;
    %nor/r;
    %and;
T_17.14;
    %concat/vec4; draw_concat_vec4
    %dup/vec4;
    %pushi/vec4 2, 0, 2;
    %cmp/u;
    %jmp/1 T_17.9, 6;
    %dup/vec4;
    %pushi/vec4 1, 0, 2;
    %cmp/u;
    %jmp/1 T_17.10, 6;
    %load/vec4 v0xabdf8d41fd90_0;
    %assign/vec4 v0xabdf8d41fd90_0, 0;
    %jmp T_17.12;
T_17.9 ;
    %load/vec4 v0xabdf8d41fd90_0;
    %addi 1, 0, 12;
    %assign/vec4 v0xabdf8d41fd90_0, 0;
    %jmp T_17.12;
T_17.10 ;
    %load/vec4 v0xabdf8d41fd90_0;
    %subi 1, 0, 12;
    %assign/vec4 v0xabdf8d41fd90_0, 0;
    %jmp T_17.12;
T_17.12 ;
    %pop/vec4 1;
T_17.1 ;
    %jmp T_17;
    .thread T_17;
    .scope S_0xabdf8d0e31f0;
T_18 ;
    %wait E_0xabdf8d0f1c10;
    %load/vec4 v0xabdf8d421a10_0;
    %flag_set/vec4 8;
    %jmp/1 T_18.2, 8;
    %load/vec4 v0xabdf8d421300_0;
    %flag_set/vec4 9;
    %flag_or 8, 9;
T_18.2;
    %jmp/0xz  T_18.0, 8;
    %pushi/vec4 0, 0, 1;
    %assign/vec4 v0xabdf8d421440_0, 0;
    %pushi/vec4 0, 0, 18;
    %assign/vec4 v0xabdf8d421240_0, 0;
    %jmp T_18.1;
T_18.0 ;
    %load/vec4 v0xabdf8d421d90_0;
    %flag_set/vec4 8;
    %flag_get/vec4 8;
    %jmp/0 T_18.3, 8;
    %load/vec4 v0xabdf8d421610_0;
    %nor/r;
    %and;
T_18.3;
    %assign/vec4 v0xabdf8d421440_0, 0;
    %load/vec4 v0xabdf8d421500_0;
    %assign/vec4 v0xabdf8d421240_0, 0;
T_18.1 ;
    %jmp T_18;
    .thread T_18;
    .scope S_0xabdf8d422310;
T_19 ;
    %wait E_0xabdf8d0b8600;
    %load/vec4 v0xabdf8d4234d0_0;
    %assign/vec4 v0xabdf8d423590_0, 0;
    %jmp T_19;
    .thread T_19;
    .scope S_0xabdf8d422310;
T_20 ;
    %wait E_0xabdf8d0b8600;
    %load/vec4 v0xabdf8d4234d0_0;
    %flag_set/vec4 9;
    %flag_get/vec4 9;
    %jmp/0 T_20.2, 9;
    %load/vec4 v0xabdf8d423590_0;
    %nor/r;
    %and;
T_20.2;
    %flag_set/vec4 8;
    %jmp/0xz  T_20.0, 8;
    %load/vec4 v0xabdf8d422b10_0;
    %inv;
    %assign/vec4 v0xabdf8d422b10_0, 0;
    %pushi/vec4 1, 0, 1;
    %assign/vec4 v0xabdf8d422c70_0, 0;
    %pushi/vec4 0, 0, 16;
    %assign/vec4 v0xabdf8d422d80_0, 0;
    %jmp T_20.1;
T_20.0 ;
    %load/vec4 v0xabdf8d422c70_0;
    %flag_set/vec4 8;
    %jmp/0xz  T_20.3, 8;
    %load/vec4 v0xabdf8d422d80_0;
    %cmpi/e 65535, 0, 16;
    %jmp/0xz  T_20.5, 4;
    %pushi/vec4 0, 0, 1;
    %assign/vec4 v0xabdf8d422c70_0, 0;
    %jmp T_20.6;
T_20.5 ;
    %load/vec4 v0xabdf8d422d80_0;
    %addi 1, 0, 16;
    %assign/vec4 v0xabdf8d422d80_0, 0;
T_20.6 ;
T_20.3 ;
T_20.1 ;
    %jmp T_20;
    .thread T_20;
    .scope S_0xabdf8d422310;
T_21 ;
Ewait_4 .event/or E_0xabdf8d0b8640, E_0x0;
    %wait Ewait_4;
    %load/vec4 v0xabdf8d422b10_0;
    %nor/r;
    %flag_set/vec4 8;
    %jmp/0xz  T_21.0, 8;
    %load/vec4 v0xabdf8d423bc0_0;
    %load/vec4 v0xabdf8d4234d0_0;
    %inv;
    %and;
    %store/vec4 v0xabdf8d423c80_0, 0, 1;
    %load/vec4 v0xabdf8d423020_0;
    %store/vec4 v0xabdf8d423730_0, 0, 16;
    %load/vec4 v0xabdf8d423ec0_0;
    %store/vec4 v0xabdf8d423a00_0, 0, 2;
    %load/vec4 v0xabdf8d422c70_0;
    %store/vec4 v0xabdf8d423d40_0, 0, 1;
    %load/vec4 v0xabdf8d422d80_0;
    %store/vec4 v0xabdf8d423920_0, 0, 16;
    %pushi/vec4 0, 0, 2;
    %store/vec4 v0xabdf8d423ae0_0, 0, 2;
    %jmp T_21.1;
T_21.0 ;
    %load/vec4 v0xabdf8d422c70_0;
    %store/vec4 v0xabdf8d423c80_0, 0, 1;
    %load/vec4 v0xabdf8d422d80_0;
    %store/vec4 v0xabdf8d423730_0, 0, 16;
    %pushi/vec4 0, 0, 2;
    %store/vec4 v0xabdf8d423a00_0, 0, 2;
    %load/vec4 v0xabdf8d423bc0_0;
    %load/vec4 v0xabdf8d4234d0_0;
    %inv;
    %and;
    %store/vec4 v0xabdf8d423d40_0, 0, 1;
    %load/vec4 v0xabdf8d423020_0;
    %store/vec4 v0xabdf8d423920_0, 0, 16;
    %load/vec4 v0xabdf8d423ec0_0;
    %store/vec4 v0xabdf8d423ae0_0, 0, 2;
T_21.1 ;
    %jmp T_21;
    .thread T_21, $push;
    .scope S_0xabdf8d422310;
T_22 ;
    %wait E_0xabdf8d0b8600;
    %load/vec4 v0xabdf8d423c80_0;
    %flag_set/vec4 8;
    %jmp/0xz  T_22.0, 8;
    %load/vec4 v0xabdf8d423a00_0;
    %load/vec4 v0xabdf8d423730_0;
    %pad/u 18;
    %ix/vec4 3;
    %ix/load 4, 0, 0; Constant delay
    %assign/vec4/a/d v0xabdf8d422e60, 0, 4;
T_22.0 ;
    %load/vec4 v0xabdf8d423020_0;
    %pad/u 18;
    %ix/vec4 4;
    %load/vec4a v0xabdf8d422e60, 4;
    %assign/vec4 v0xabdf8d423310_0, 0;
    %jmp T_22;
    .thread T_22;
    .scope S_0xabdf8d422310;
T_23 ;
    %wait E_0xabdf8d0b8600;
    %load/vec4 v0xabdf8d423d40_0;
    %flag_set/vec4 8;
    %jmp/0xz  T_23.0, 8;
    %load/vec4 v0xabdf8d423ae0_0;
    %load/vec4 v0xabdf8d423920_0;
    %pad/u 18;
    %ix/vec4 3;
    %ix/load 4, 0, 0; Constant delay
    %assign/vec4/a/d v0xabdf8d422f40, 0, 4;
T_23.0 ;
    %load/vec4 v0xabdf8d423020_0;
    %pad/u 18;
    %ix/vec4 4;
    %load/vec4a v0xabdf8d422f40, 4;
    %assign/vec4 v0xabdf8d4233f0_0, 0;
    %jmp T_23;
    .thread T_23;
    .scope S_0xabdf8d422310;
T_24 ;
    %wait E_0xabdf8d0b8600;
    %load/vec4 v0xabdf8d423190_0;
    %load/vec4 v0xabdf8d4234d0_0;
    %inv;
    %and;
    %assign/vec4 v0xabdf8d423250_0, 0;
    %jmp T_24;
    .thread T_24;
    .scope S_0xabdf8d422310;
T_25 ;
    %wait E_0xabdf8d0b8600;
    %load/vec4 v0xabdf8d423bc0_0;
    %load/vec4 v0xabdf8d4234d0_0;
    %inv;
    %and;
    %assign/vec4 v0xabdf8d423e00_0, 0;
    %jmp T_25;
    .thread T_25;
    .scope S_0xabdf8d422310;
T_26 ;
    %pushi/vec4 0, 0, 1;
    %store/vec4 v0xabdf8d422b10_0, 0, 1;
    %pushi/vec4 0, 0, 1;
    %store/vec4 v0xabdf8d422c70_0, 0, 1;
    %pushi/vec4 0, 0, 16;
    %store/vec4 v0xabdf8d422d80_0, 0, 16;
    %pushi/vec4 0, 0, 1;
    %store/vec4 v0xabdf8d423590_0, 0, 1;
    %fork t_5, S_0xabdf8d422630;
    %jmp t_4;
    .scope S_0xabdf8d422630;
t_5 ;
    %pushi/vec4 0, 0, 32;
    %store/vec4 v0xabdf8d422830_0, 0, 32;
T_26.0 ;
    %load/vec4 v0xabdf8d422830_0;
    %cmpi/s 65536, 0, 32;
    %jmp/0xz T_26.1, 5;
    %pushi/vec4 0, 0, 2;
    %ix/getv/s 4, v0xabdf8d422830_0;
    %store/vec4a v0xabdf8d422e60, 4, 0;
    %pushi/vec4 0, 0, 2;
    %ix/getv/s 4, v0xabdf8d422830_0;
    %store/vec4a v0xabdf8d422f40, 4, 0;
    ; show_stmt_assign_vector: Get l-value for compressed += operand
    %load/vec4 v0xabdf8d422830_0;
    %pushi/vec4 1, 0, 32;
    %add;
    %cast2;
    %store/vec4 v0xabdf8d422830_0, 0, 32;
    %jmp T_26.0;
T_26.1 ;
    %end;
    .scope S_0xabdf8d422310;
t_4 %join;
    %end;
    .thread T_26;
    .scope S_0xabdf8d094500;
T_27 ;
    %pushi/vec4 0, 0, 32;
    %store/vec4 v0xabdf8d4259b0_0, 0, 32;
    %pushi/vec4 0, 0, 32;
    %store/vec4 v0xabdf8d4258f0_0, 0, 32;
    %pushi/vec4 0, 0, 32;
    %store/vec4 v0xabdf8d425850_0, 0, 32;
    %pushi/str "";
    %store/str v0xabdf8d425420_0;
    %pushi/vec4 0, 0, 1;
    %store/vec4 v0xabdf8d425360_0, 0, 1;
    %end;
    .thread T_27, $init;
    .scope S_0xabdf8d094500;
T_28 ;
    %delay 5000, 0;
    %load/vec4 v0xabdf8d425360_0;
    %inv;
    %store/vec4 v0xabdf8d425360_0, 0, 1;
    %jmp T_28;
    .thread T_28;
    .scope S_0xabdf8d094500;
T_29 ;
    %vpi_call/w 11 70 "$dumpfile", "sim/waves/tb_state_bram.vcd" {0 0 0};
    %vpi_call/w 11 71 "$dumpvars", 32'sb00000000000000000000000000000000, S_0xabdf8d094500 {0 0 0};
    %pushi/vec4 0, 0, 1;
    %store/vec4 v0xabdf8d425710_0, 0, 1;
    %pushi/vec4 0, 0, 1;
    %store/vec4 v0xabdf8d425580_0, 0, 1;
    %pushi/vec4 0, 0, 1;
    %store/vec4 v0xabdf8d425a90_0, 0, 1;
    %pushi/vec4 0, 0, 9;
    %store/vec4 v0xabdf8d425c70_0, 0, 9;
    %pushi/vec4 0, 0, 9;
    %store/vec4 v0xabdf8d425d40_0, 0, 9;
    %pushi/vec4 0, 0, 2;
    %store/vec4 v0xabdf8d425bd0_0, 0, 2;
    %alloc S_0xabdf8d424c00;
    %pushi/vec4 2, 0, 32;
    %store/vec4 v0xabdf8d424de0_0, 0, 32;
    %fork TD_tb_state_bram.tick, S_0xabdf8d424c00;
    %join;
    %free S_0xabdf8d424c00;
    %alloc S_0xabdf8d424710;
    %pushi/str "WRITE + READ  basic 1-cycle latency";
    %store/str v0xabdf8d4248f0_0;
    %fork TD_tb_state_bram.suite, S_0xabdf8d424710;
    %join;
    %free S_0xabdf8d424710;
    %alloc S_0xabdf8d424ee0;
    %pushi/vec4 0, 0, 9;
    %store/vec4 v0xabdf8d4250c0_0, 0, 9;
    %pushi/vec4 0, 0, 9;
    %store/vec4 v0xabdf8d4251c0_0, 0, 9;
    %pushi/vec4 1, 0, 2;
    %store/vec4 v0xabdf8d4252a0_0, 0, 2;
    %fork TD_tb_state_bram.write_state, S_0xabdf8d424ee0;
    %join;
    %free S_0xabdf8d424ee0;
    %alloc S_0xabdf8d421fc0;
    %load/vec4 v0xabdf8d425b30_0;
    %pad/u 32;
    %pushi/vec4 1, 0, 32;
    %cmp/e;
    %flag_get/vec4 4;
    %store/vec4 v0xabdf8d422170_0, 0, 1;
    %pushi/str "wr_done high after write";
    %store/str v0xabdf8d422250_0;
    %fork TD_tb_state_bram.check, S_0xabdf8d421fc0;
    %join;
    %free S_0xabdf8d421fc0;
    %alloc S_0xabdf8d424300;
    %pushi/vec4 0, 0, 9;
    %store/vec4 v0xabdf8d424570_0, 0, 9;
    %pushi/vec4 0, 0, 9;
    %store/vec4 v0xabdf8d424650_0, 0, 9;
    %fork TD_tb_state_bram.read_state, S_0xabdf8d424300;
    %join;
    %load/vec4 v0xabdf8d424490_0;
    %store/vec4 v0xabdf8d4254c0_0, 0, 2;
    %free S_0xabdf8d424300;
    %alloc S_0xabdf8d421fc0;
    %load/vec4 v0xabdf8d425620_0;
    %pad/u 32;
    %pushi/vec4 1, 0, 32;
    %cmp/e;
    %flag_get/vec4 4;
    %store/vec4 v0xabdf8d422170_0, 0, 1;
    %pushi/str "rd_valid high after read";
    %store/str v0xabdf8d422250_0;
    %fork TD_tb_state_bram.check, S_0xabdf8d421fc0;
    %join;
    %free S_0xabdf8d421fc0;
    %alloc S_0xabdf8d421fc0;
    %load/vec4 v0xabdf8d4254c0_0;
    %pushi/vec4 1, 0, 2;
    %cmp/e;
    %flag_get/vec4 4;
    %store/vec4 v0xabdf8d422170_0, 0, 1;
    %pushi/str "pixel (0,0) state=01 reads back";
    %store/str v0xabdf8d422250_0;
    %fork TD_tb_state_bram.check, S_0xabdf8d421fc0;
    %join;
    %free S_0xabdf8d421fc0;
    %alloc S_0xabdf8d424ee0;
    %pushi/vec4 0, 0, 9;
    %store/vec4 v0xabdf8d4250c0_0, 0, 9;
    %pushi/vec4 0, 0, 9;
    %store/vec4 v0xabdf8d4251c0_0, 0, 9;
    %pushi/vec4 3, 0, 2;
    %store/vec4 v0xabdf8d4252a0_0, 0, 2;
    %fork TD_tb_state_bram.write_state, S_0xabdf8d424ee0;
    %join;
    %free S_0xabdf8d424ee0;
    %alloc S_0xabdf8d424300;
    %pushi/vec4 0, 0, 9;
    %store/vec4 v0xabdf8d424570_0, 0, 9;
    %pushi/vec4 0, 0, 9;
    %store/vec4 v0xabdf8d424650_0, 0, 9;
    %fork TD_tb_state_bram.read_state, S_0xabdf8d424300;
    %join;
    %load/vec4 v0xabdf8d424490_0;
    %store/vec4 v0xabdf8d4254c0_0, 0, 2;
    %free S_0xabdf8d424300;
    %alloc S_0xabdf8d421fc0;
    %load/vec4 v0xabdf8d4254c0_0;
    %pushi/vec4 3, 0, 2;
    %cmp/e;
    %flag_get/vec4 4;
    %store/vec4 v0xabdf8d422170_0, 0, 1;
    %pushi/str "pixel (0,0) state=11 after update";
    %store/str v0xabdf8d422250_0;
    %fork TD_tb_state_bram.check, S_0xabdf8d421fc0;
    %join;
    %free S_0xabdf8d421fc0;
    %alloc S_0xabdf8d424c00;
    %pushi/vec4 1, 0, 32;
    %store/vec4 v0xabdf8d424de0_0, 0, 32;
    %fork TD_tb_state_bram.tick, S_0xabdf8d424c00;
    %join;
    %free S_0xabdf8d424c00;
    %alloc S_0xabdf8d421fc0;
    %load/vec4 v0xabdf8d425b30_0;
    %pad/u 32;
    %pushi/vec4 0, 0, 32;
    %cmp/e;
    %flag_get/vec4 4;
    %store/vec4 v0xabdf8d422170_0, 0, 1;
    %pushi/str "wr_done clears next cycle";
    %store/str v0xabdf8d422250_0;
    %fork TD_tb_state_bram.check, S_0xabdf8d421fc0;
    %join;
    %free S_0xabdf8d421fc0;
    %alloc S_0xabdf8d424710;
    %pushi/str "MULTIPLE PIXELS  independent state storage";
    %store/str v0xabdf8d4248f0_0;
    %fork TD_tb_state_bram.suite, S_0xabdf8d424710;
    %join;
    %free S_0xabdf8d424710;
    %alloc S_0xabdf8d424ee0;
    %pushi/vec4 0, 0, 9;
    %store/vec4 v0xabdf8d4250c0_0, 0, 9;
    %pushi/vec4 0, 0, 9;
    %store/vec4 v0xabdf8d4251c0_0, 0, 9;
    %pushi/vec4 1, 0, 2;
    %store/vec4 v0xabdf8d4252a0_0, 0, 2;
    %fork TD_tb_state_bram.write_state, S_0xabdf8d424ee0;
    %join;
    %free S_0xabdf8d424ee0;
    %alloc S_0xabdf8d424ee0;
    %pushi/vec4 1, 0, 9;
    %store/vec4 v0xabdf8d4250c0_0, 0, 9;
    %pushi/vec4 0, 0, 9;
    %store/vec4 v0xabdf8d4251c0_0, 0, 9;
    %pushi/vec4 3, 0, 2;
    %store/vec4 v0xabdf8d4252a0_0, 0, 2;
    %fork TD_tb_state_bram.write_state, S_0xabdf8d424ee0;
    %join;
    %free S_0xabdf8d424ee0;
    %alloc S_0xabdf8d424ee0;
    %pushi/vec4 255, 0, 9;
    %store/vec4 v0xabdf8d4250c0_0, 0, 9;
    %pushi/vec4 255, 0, 9;
    %store/vec4 v0xabdf8d4251c0_0, 0, 9;
    %pushi/vec4 1, 0, 2;
    %store/vec4 v0xabdf8d4252a0_0, 0, 2;
    %fork TD_tb_state_bram.write_state, S_0xabdf8d424ee0;
    %join;
    %free S_0xabdf8d424ee0;
    %alloc S_0xabdf8d424ee0;
    %pushi/vec4 0, 0, 9;
    %store/vec4 v0xabdf8d4250c0_0, 0, 9;
    %pushi/vec4 255, 0, 9;
    %store/vec4 v0xabdf8d4251c0_0, 0, 9;
    %pushi/vec4 3, 0, 2;
    %store/vec4 v0xabdf8d4252a0_0, 0, 2;
    %fork TD_tb_state_bram.write_state, S_0xabdf8d424ee0;
    %join;
    %free S_0xabdf8d424ee0;
    %alloc S_0xabdf8d424c00;
    %pushi/vec4 1, 0, 32;
    %store/vec4 v0xabdf8d424de0_0, 0, 32;
    %fork TD_tb_state_bram.tick, S_0xabdf8d424c00;
    %join;
    %free S_0xabdf8d424c00;
    %alloc S_0xabdf8d424300;
    %pushi/vec4 0, 0, 9;
    %store/vec4 v0xabdf8d424570_0, 0, 9;
    %pushi/vec4 0, 0, 9;
    %store/vec4 v0xabdf8d424650_0, 0, 9;
    %fork TD_tb_state_bram.read_state, S_0xabdf8d424300;
    %join;
    %load/vec4 v0xabdf8d424490_0;
    %store/vec4 v0xabdf8d4254c0_0, 0, 2;
    %free S_0xabdf8d424300;
    %alloc S_0xabdf8d421fc0;
    %load/vec4 v0xabdf8d4254c0_0;
    %pushi/vec4 1, 0, 2;
    %cmp/e;
    %flag_get/vec4 4;
    %store/vec4 v0xabdf8d422170_0, 0, 1;
    %pushi/str "px(0,0)=01";
    %store/str v0xabdf8d422250_0;
    %fork TD_tb_state_bram.check, S_0xabdf8d421fc0;
    %join;
    %free S_0xabdf8d421fc0;
    %alloc S_0xabdf8d424300;
    %pushi/vec4 1, 0, 9;
    %store/vec4 v0xabdf8d424570_0, 0, 9;
    %pushi/vec4 0, 0, 9;
    %store/vec4 v0xabdf8d424650_0, 0, 9;
    %fork TD_tb_state_bram.read_state, S_0xabdf8d424300;
    %join;
    %load/vec4 v0xabdf8d424490_0;
    %store/vec4 v0xabdf8d4254c0_0, 0, 2;
    %free S_0xabdf8d424300;
    %alloc S_0xabdf8d421fc0;
    %load/vec4 v0xabdf8d4254c0_0;
    %pushi/vec4 3, 0, 2;
    %cmp/e;
    %flag_get/vec4 4;
    %store/vec4 v0xabdf8d422170_0, 0, 1;
    %pushi/str "px(1,0)=11";
    %store/str v0xabdf8d422250_0;
    %fork TD_tb_state_bram.check, S_0xabdf8d421fc0;
    %join;
    %free S_0xabdf8d421fc0;
    %alloc S_0xabdf8d424300;
    %pushi/vec4 255, 0, 9;
    %store/vec4 v0xabdf8d424570_0, 0, 9;
    %pushi/vec4 255, 0, 9;
    %store/vec4 v0xabdf8d424650_0, 0, 9;
    %fork TD_tb_state_bram.read_state, S_0xabdf8d424300;
    %join;
    %load/vec4 v0xabdf8d424490_0;
    %store/vec4 v0xabdf8d4254c0_0, 0, 2;
    %free S_0xabdf8d424300;
    %alloc S_0xabdf8d421fc0;
    %load/vec4 v0xabdf8d4254c0_0;
    %pushi/vec4 1, 0, 2;
    %cmp/e;
    %flag_get/vec4 4;
    %store/vec4 v0xabdf8d422170_0, 0, 1;
    %pushi/str "px(255,255)=01";
    %store/str v0xabdf8d422250_0;
    %fork TD_tb_state_bram.check, S_0xabdf8d421fc0;
    %join;
    %free S_0xabdf8d421fc0;
    %alloc S_0xabdf8d424300;
    %pushi/vec4 0, 0, 9;
    %store/vec4 v0xabdf8d424570_0, 0, 9;
    %pushi/vec4 255, 0, 9;
    %store/vec4 v0xabdf8d424650_0, 0, 9;
    %fork TD_tb_state_bram.read_state, S_0xabdf8d424300;
    %join;
    %load/vec4 v0xabdf8d424490_0;
    %store/vec4 v0xabdf8d4254c0_0, 0, 2;
    %free S_0xabdf8d424300;
    %alloc S_0xabdf8d421fc0;
    %load/vec4 v0xabdf8d4254c0_0;
    %pushi/vec4 3, 0, 2;
    %cmp/e;
    %flag_get/vec4 4;
    %store/vec4 v0xabdf8d422170_0, 0, 1;
    %pushi/str "px(0,255)=11";
    %store/str v0xabdf8d422250_0;
    %fork TD_tb_state_bram.check, S_0xabdf8d421fc0;
    %join;
    %free S_0xabdf8d421fc0;
    %alloc S_0xabdf8d424710;
    %pushi/str "PIXEL INDEPENDENCE  writes do not clobber neighbours";
    %store/str v0xabdf8d4248f0_0;
    %fork TD_tb_state_bram.suite, S_0xabdf8d424710;
    %join;
    %free S_0xabdf8d424710;
    %alloc S_0xabdf8d424ee0;
    %pushi/vec4 10, 0, 9;
    %store/vec4 v0xabdf8d4250c0_0, 0, 9;
    %pushi/vec4 10, 0, 9;
    %store/vec4 v0xabdf8d4251c0_0, 0, 9;
    %pushi/vec4 3, 0, 2;
    %store/vec4 v0xabdf8d4252a0_0, 0, 2;
    %fork TD_tb_state_bram.write_state, S_0xabdf8d424ee0;
    %join;
    %free S_0xabdf8d424ee0;
    %alloc S_0xabdf8d424ee0;
    %pushi/vec4 11, 0, 9;
    %store/vec4 v0xabdf8d4250c0_0, 0, 9;
    %pushi/vec4 10, 0, 9;
    %store/vec4 v0xabdf8d4251c0_0, 0, 9;
    %pushi/vec4 3, 0, 2;
    %store/vec4 v0xabdf8d4252a0_0, 0, 2;
    %fork TD_tb_state_bram.write_state, S_0xabdf8d424ee0;
    %join;
    %free S_0xabdf8d424ee0;
    %alloc S_0xabdf8d424ee0;
    %pushi/vec4 10, 0, 9;
    %store/vec4 v0xabdf8d4250c0_0, 0, 9;
    %pushi/vec4 11, 0, 9;
    %store/vec4 v0xabdf8d4251c0_0, 0, 9;
    %pushi/vec4 3, 0, 2;
    %store/vec4 v0xabdf8d4252a0_0, 0, 2;
    %fork TD_tb_state_bram.write_state, S_0xabdf8d424ee0;
    %join;
    %free S_0xabdf8d424ee0;
    %alloc S_0xabdf8d424ee0;
    %pushi/vec4 11, 0, 9;
    %store/vec4 v0xabdf8d4250c0_0, 0, 9;
    %pushi/vec4 11, 0, 9;
    %store/vec4 v0xabdf8d4251c0_0, 0, 9;
    %pushi/vec4 3, 0, 2;
    %store/vec4 v0xabdf8d4252a0_0, 0, 2;
    %fork TD_tb_state_bram.write_state, S_0xabdf8d424ee0;
    %join;
    %free S_0xabdf8d424ee0;
    %alloc S_0xabdf8d424ee0;
    %pushi/vec4 10, 0, 9;
    %store/vec4 v0xabdf8d4250c0_0, 0, 9;
    %pushi/vec4 10, 0, 9;
    %store/vec4 v0xabdf8d4251c0_0, 0, 9;
    %pushi/vec4 1, 0, 2;
    %store/vec4 v0xabdf8d4252a0_0, 0, 2;
    %fork TD_tb_state_bram.write_state, S_0xabdf8d424ee0;
    %join;
    %free S_0xabdf8d424ee0;
    %alloc S_0xabdf8d424c00;
    %pushi/vec4 1, 0, 32;
    %store/vec4 v0xabdf8d424de0_0, 0, 32;
    %fork TD_tb_state_bram.tick, S_0xabdf8d424c00;
    %join;
    %free S_0xabdf8d424c00;
    %alloc S_0xabdf8d424300;
    %pushi/vec4 10, 0, 9;
    %store/vec4 v0xabdf8d424570_0, 0, 9;
    %pushi/vec4 10, 0, 9;
    %store/vec4 v0xabdf8d424650_0, 0, 9;
    %fork TD_tb_state_bram.read_state, S_0xabdf8d424300;
    %join;
    %load/vec4 v0xabdf8d424490_0;
    %store/vec4 v0xabdf8d4254c0_0, 0, 2;
    %free S_0xabdf8d424300;
    %alloc S_0xabdf8d421fc0;
    %load/vec4 v0xabdf8d4254c0_0;
    %pushi/vec4 1, 0, 2;
    %cmp/e;
    %flag_get/vec4 4;
    %store/vec4 v0xabdf8d422170_0, 0, 1;
    %pushi/str "(10,10) updated to 01";
    %store/str v0xabdf8d422250_0;
    %fork TD_tb_state_bram.check, S_0xabdf8d421fc0;
    %join;
    %free S_0xabdf8d421fc0;
    %alloc S_0xabdf8d424300;
    %pushi/vec4 11, 0, 9;
    %store/vec4 v0xabdf8d424570_0, 0, 9;
    %pushi/vec4 10, 0, 9;
    %store/vec4 v0xabdf8d424650_0, 0, 9;
    %fork TD_tb_state_bram.read_state, S_0xabdf8d424300;
    %join;
    %load/vec4 v0xabdf8d424490_0;
    %store/vec4 v0xabdf8d4254c0_0, 0, 2;
    %free S_0xabdf8d424300;
    %alloc S_0xabdf8d421fc0;
    %load/vec4 v0xabdf8d4254c0_0;
    %pushi/vec4 3, 0, 2;
    %cmp/e;
    %flag_get/vec4 4;
    %store/vec4 v0xabdf8d422170_0, 0, 1;
    %pushi/str "(11,10) unchanged";
    %store/str v0xabdf8d422250_0;
    %fork TD_tb_state_bram.check, S_0xabdf8d421fc0;
    %join;
    %free S_0xabdf8d421fc0;
    %alloc S_0xabdf8d424300;
    %pushi/vec4 10, 0, 9;
    %store/vec4 v0xabdf8d424570_0, 0, 9;
    %pushi/vec4 11, 0, 9;
    %store/vec4 v0xabdf8d424650_0, 0, 9;
    %fork TD_tb_state_bram.read_state, S_0xabdf8d424300;
    %join;
    %load/vec4 v0xabdf8d424490_0;
    %store/vec4 v0xabdf8d4254c0_0, 0, 2;
    %free S_0xabdf8d424300;
    %alloc S_0xabdf8d421fc0;
    %load/vec4 v0xabdf8d4254c0_0;
    %pushi/vec4 3, 0, 2;
    %cmp/e;
    %flag_get/vec4 4;
    %store/vec4 v0xabdf8d422170_0, 0, 1;
    %pushi/str "(10,11) unchanged";
    %store/str v0xabdf8d422250_0;
    %fork TD_tb_state_bram.check, S_0xabdf8d421fc0;
    %join;
    %free S_0xabdf8d421fc0;
    %alloc S_0xabdf8d424300;
    %pushi/vec4 11, 0, 9;
    %store/vec4 v0xabdf8d424570_0, 0, 9;
    %pushi/vec4 11, 0, 9;
    %store/vec4 v0xabdf8d424650_0, 0, 9;
    %fork TD_tb_state_bram.read_state, S_0xabdf8d424300;
    %join;
    %load/vec4 v0xabdf8d424490_0;
    %store/vec4 v0xabdf8d4254c0_0, 0, 2;
    %free S_0xabdf8d424300;
    %alloc S_0xabdf8d421fc0;
    %load/vec4 v0xabdf8d4254c0_0;
    %pushi/vec4 3, 0, 2;
    %cmp/e;
    %flag_get/vec4 4;
    %store/vec4 v0xabdf8d422170_0, 0, 1;
    %pushi/str "(11,11) unchanged";
    %store/str v0xabdf8d422250_0;
    %fork TD_tb_state_bram.check, S_0xabdf8d421fc0;
    %join;
    %free S_0xabdf8d421fc0;
    %alloc S_0xabdf8d424710;
    %pushi/str "RESET  reads return 00 immediately after rst";
    %store/str v0xabdf8d4248f0_0;
    %fork TD_tb_state_bram.suite, S_0xabdf8d424710;
    %join;
    %free S_0xabdf8d424710;
    %alloc S_0xabdf8d424ee0;
    %pushi/vec4 42, 0, 9;
    %store/vec4 v0xabdf8d4250c0_0, 0, 9;
    %pushi/vec4 7, 0, 9;
    %store/vec4 v0xabdf8d4251c0_0, 0, 9;
    %pushi/vec4 3, 0, 2;
    %store/vec4 v0xabdf8d4252a0_0, 0, 2;
    %fork TD_tb_state_bram.write_state, S_0xabdf8d424ee0;
    %join;
    %free S_0xabdf8d424ee0;
    %alloc S_0xabdf8d424ee0;
    %pushi/vec4 43, 0, 9;
    %store/vec4 v0xabdf8d4250c0_0, 0, 9;
    %pushi/vec4 7, 0, 9;
    %store/vec4 v0xabdf8d4251c0_0, 0, 9;
    %pushi/vec4 1, 0, 2;
    %store/vec4 v0xabdf8d4252a0_0, 0, 2;
    %fork TD_tb_state_bram.write_state, S_0xabdf8d424ee0;
    %join;
    %free S_0xabdf8d424ee0;
    %alloc S_0xabdf8d424c00;
    %pushi/vec4 1, 0, 32;
    %store/vec4 v0xabdf8d424de0_0, 0, 32;
    %fork TD_tb_state_bram.tick, S_0xabdf8d424c00;
    %join;
    %free S_0xabdf8d424c00;
    %pushi/vec4 1, 0, 1;
    %store/vec4 v0xabdf8d425710_0, 0, 1;
    %alloc S_0xabdf8d424c00;
    %pushi/vec4 3, 0, 32;
    %store/vec4 v0xabdf8d424de0_0, 0, 32;
    %fork TD_tb_state_bram.tick, S_0xabdf8d424c00;
    %join;
    %free S_0xabdf8d424c00;
    %pushi/vec4 0, 0, 1;
    %store/vec4 v0xabdf8d425710_0, 0, 1;
    %alloc S_0xabdf8d424c00;
    %pushi/vec4 2, 0, 32;
    %store/vec4 v0xabdf8d424de0_0, 0, 32;
    %fork TD_tb_state_bram.tick, S_0xabdf8d424c00;
    %join;
    %free S_0xabdf8d424c00;
    %alloc S_0xabdf8d424300;
    %pushi/vec4 42, 0, 9;
    %store/vec4 v0xabdf8d424570_0, 0, 9;
    %pushi/vec4 7, 0, 9;
    %store/vec4 v0xabdf8d424650_0, 0, 9;
    %fork TD_tb_state_bram.read_state, S_0xabdf8d424300;
    %join;
    %load/vec4 v0xabdf8d424490_0;
    %store/vec4 v0xabdf8d4254c0_0, 0, 2;
    %free S_0xabdf8d424300;
    %alloc S_0xabdf8d421fc0;
    %load/vec4 v0xabdf8d4254c0_0;
    %pushi/vec4 0, 0, 2;
    %cmp/e;
    %flag_get/vec4 4;
    %store/vec4 v0xabdf8d422170_0, 0, 1;
    %pushi/str "px(42,7) reads 00 after rst";
    %store/str v0xabdf8d422250_0;
    %fork TD_tb_state_bram.check, S_0xabdf8d421fc0;
    %join;
    %free S_0xabdf8d421fc0;
    %alloc S_0xabdf8d424300;
    %pushi/vec4 43, 0, 9;
    %store/vec4 v0xabdf8d424570_0, 0, 9;
    %pushi/vec4 7, 0, 9;
    %store/vec4 v0xabdf8d424650_0, 0, 9;
    %fork TD_tb_state_bram.read_state, S_0xabdf8d424300;
    %join;
    %load/vec4 v0xabdf8d424490_0;
    %store/vec4 v0xabdf8d4254c0_0, 0, 2;
    %free S_0xabdf8d424300;
    %alloc S_0xabdf8d421fc0;
    %load/vec4 v0xabdf8d4254c0_0;
    %pushi/vec4 0, 0, 2;
    %cmp/e;
    %flag_get/vec4 4;
    %store/vec4 v0xabdf8d422170_0, 0, 1;
    %pushi/str "px(43,7) reads 00 after rst";
    %store/str v0xabdf8d422250_0;
    %fork TD_tb_state_bram.check, S_0xabdf8d421fc0;
    %join;
    %free S_0xabdf8d421fc0;
    %alloc S_0xabdf8d424300;
    %pushi/vec4 100, 0, 9;
    %store/vec4 v0xabdf8d424570_0, 0, 9;
    %pushi/vec4 100, 0, 9;
    %store/vec4 v0xabdf8d424650_0, 0, 9;
    %fork TD_tb_state_bram.read_state, S_0xabdf8d424300;
    %join;
    %load/vec4 v0xabdf8d424490_0;
    %store/vec4 v0xabdf8d4254c0_0, 0, 2;
    %free S_0xabdf8d424300;
    %alloc S_0xabdf8d421fc0;
    %load/vec4 v0xabdf8d4254c0_0;
    %pushi/vec4 0, 0, 2;
    %cmp/e;
    %flag_get/vec4 4;
    %store/vec4 v0xabdf8d422170_0, 0, 1;
    %pushi/str "unwritten px 00 after rst";
    %store/str v0xabdf8d422250_0;
    %fork TD_tb_state_bram.check, S_0xabdf8d421fc0;
    %join;
    %free S_0xabdf8d421fc0;
    %alloc S_0xabdf8d424710;
    %pushi/str "RESET  writes blocked during rst, wr_done suppressed";
    %store/str v0xabdf8d4248f0_0;
    %fork TD_tb_state_bram.suite, S_0xabdf8d424710;
    %join;
    %free S_0xabdf8d424710;
    %alloc S_0xabdf8d424ee0;
    %pushi/vec4 5, 0, 9;
    %store/vec4 v0xabdf8d4250c0_0, 0, 9;
    %pushi/vec4 5, 0, 9;
    %store/vec4 v0xabdf8d4251c0_0, 0, 9;
    %pushi/vec4 3, 0, 2;
    %store/vec4 v0xabdf8d4252a0_0, 0, 2;
    %fork TD_tb_state_bram.write_state, S_0xabdf8d424ee0;
    %join;
    %free S_0xabdf8d424ee0;
    %alloc S_0xabdf8d424c00;
    %pushi/vec4 1, 0, 32;
    %store/vec4 v0xabdf8d424de0_0, 0, 32;
    %fork TD_tb_state_bram.tick, S_0xabdf8d424c00;
    %join;
    %free S_0xabdf8d424c00;
    %pushi/vec4 1, 0, 1;
    %store/vec4 v0xabdf8d425710_0, 0, 1;
    %pushi/vec4 5, 0, 9;
    %store/vec4 v0xabdf8d425c70_0, 0, 9;
    %pushi/vec4 5, 0, 9;
    %store/vec4 v0xabdf8d425d40_0, 0, 9;
    %pushi/vec4 1, 0, 2;
    %store/vec4 v0xabdf8d425bd0_0, 0, 2;
    %pushi/vec4 1, 0, 1;
    %store/vec4 v0xabdf8d425a90_0, 0, 1;
    %alloc S_0xabdf8d424c00;
    %pushi/vec4 1, 0, 32;
    %store/vec4 v0xabdf8d424de0_0, 0, 32;
    %fork TD_tb_state_bram.tick, S_0xabdf8d424c00;
    %join;
    %free S_0xabdf8d424c00;
    %alloc S_0xabdf8d421fc0;
    %load/vec4 v0xabdf8d425b30_0;
    %pad/u 32;
    %pushi/vec4 0, 0, 32;
    %cmp/e;
    %flag_get/vec4 4;
    %store/vec4 v0xabdf8d422170_0, 0, 1;
    %pushi/str "wr_done suppressed during rst";
    %store/str v0xabdf8d422250_0;
    %fork TD_tb_state_bram.check, S_0xabdf8d421fc0;
    %join;
    %free S_0xabdf8d421fc0;
    %pushi/vec4 0, 0, 1;
    %store/vec4 v0xabdf8d425a90_0, 0, 1;
    %pushi/vec4 0, 0, 1;
    %store/vec4 v0xabdf8d425710_0, 0, 1;
    %alloc S_0xabdf8d424c00;
    %pushi/vec4 2, 0, 32;
    %store/vec4 v0xabdf8d424de0_0, 0, 32;
    %fork TD_tb_state_bram.tick, S_0xabdf8d424c00;
    %join;
    %free S_0xabdf8d424c00;
    %alloc S_0xabdf8d424300;
    %pushi/vec4 5, 0, 9;
    %store/vec4 v0xabdf8d424570_0, 0, 9;
    %pushi/vec4 5, 0, 9;
    %store/vec4 v0xabdf8d424650_0, 0, 9;
    %fork TD_tb_state_bram.read_state, S_0xabdf8d424300;
    %join;
    %load/vec4 v0xabdf8d424490_0;
    %store/vec4 v0xabdf8d4254c0_0, 0, 2;
    %free S_0xabdf8d424300;
    %alloc S_0xabdf8d421fc0;
    %load/vec4 v0xabdf8d4254c0_0;
    %pushi/vec4 0, 0, 2;
    %cmp/e;
    %flag_get/vec4 4;
    %store/vec4 v0xabdf8d422170_0, 0, 1;
    %pushi/str "write during rst had no effect, reads 00";
    %store/str v0xabdf8d422250_0;
    %fork TD_tb_state_bram.check, S_0xabdf8d421fc0;
    %join;
    %free S_0xabdf8d421fc0;
    %alloc S_0xabdf8d424710;
    %pushi/str "RESET  new writes go to fresh BRAM";
    %store/str v0xabdf8d4248f0_0;
    %fork TD_tb_state_bram.suite, S_0xabdf8d424710;
    %join;
    %free S_0xabdf8d424710;
    %alloc S_0xabdf8d424ee0;
    %pushi/vec4 0, 0, 9;
    %store/vec4 v0xabdf8d4250c0_0, 0, 9;
    %pushi/vec4 0, 0, 9;
    %store/vec4 v0xabdf8d4251c0_0, 0, 9;
    %pushi/vec4 1, 0, 2;
    %store/vec4 v0xabdf8d4252a0_0, 0, 2;
    %fork TD_tb_state_bram.write_state, S_0xabdf8d424ee0;
    %join;
    %free S_0xabdf8d424ee0;
    %alloc S_0xabdf8d424300;
    %pushi/vec4 0, 0, 9;
    %store/vec4 v0xabdf8d424570_0, 0, 9;
    %pushi/vec4 0, 0, 9;
    %store/vec4 v0xabdf8d424650_0, 0, 9;
    %fork TD_tb_state_bram.read_state, S_0xabdf8d424300;
    %join;
    %load/vec4 v0xabdf8d424490_0;
    %store/vec4 v0xabdf8d4254c0_0, 0, 2;
    %free S_0xabdf8d424300;
    %alloc S_0xabdf8d421fc0;
    %load/vec4 v0xabdf8d4254c0_0;
    %pushi/vec4 1, 0, 2;
    %cmp/e;
    %flag_get/vec4 4;
    %store/vec4 v0xabdf8d422170_0, 0, 1;
    %pushi/str "write after rst: 01 persists";
    %store/str v0xabdf8d422250_0;
    %fork TD_tb_state_bram.check, S_0xabdf8d421fc0;
    %join;
    %free S_0xabdf8d421fc0;
    %alloc S_0xabdf8d424ee0;
    %pushi/vec4 0, 0, 9;
    %store/vec4 v0xabdf8d4250c0_0, 0, 9;
    %pushi/vec4 0, 0, 9;
    %store/vec4 v0xabdf8d4251c0_0, 0, 9;
    %pushi/vec4 3, 0, 2;
    %store/vec4 v0xabdf8d4252a0_0, 0, 2;
    %fork TD_tb_state_bram.write_state, S_0xabdf8d424ee0;
    %join;
    %free S_0xabdf8d424ee0;
    %alloc S_0xabdf8d424300;
    %pushi/vec4 0, 0, 9;
    %store/vec4 v0xabdf8d424570_0, 0, 9;
    %pushi/vec4 0, 0, 9;
    %store/vec4 v0xabdf8d424650_0, 0, 9;
    %fork TD_tb_state_bram.read_state, S_0xabdf8d424300;
    %join;
    %load/vec4 v0xabdf8d424490_0;
    %store/vec4 v0xabdf8d4254c0_0, 0, 2;
    %free S_0xabdf8d424300;
    %alloc S_0xabdf8d421fc0;
    %load/vec4 v0xabdf8d4254c0_0;
    %pushi/vec4 3, 0, 2;
    %cmp/e;
    %flag_get/vec4 4;
    %store/vec4 v0xabdf8d422170_0, 0, 1;
    %pushi/str "overwrite after rst: 11 correct";
    %store/str v0xabdf8d422250_0;
    %fork TD_tb_state_bram.check, S_0xabdf8d421fc0;
    %join;
    %free S_0xabdf8d421fc0;
    %alloc S_0xabdf8d424300;
    %pushi/vec4 1, 0, 9;
    %store/vec4 v0xabdf8d424570_0, 0, 9;
    %pushi/vec4 0, 0, 9;
    %store/vec4 v0xabdf8d424650_0, 0, 9;
    %fork TD_tb_state_bram.read_state, S_0xabdf8d424300;
    %join;
    %load/vec4 v0xabdf8d424490_0;
    %store/vec4 v0xabdf8d4254c0_0, 0, 2;
    %free S_0xabdf8d424300;
    %alloc S_0xabdf8d421fc0;
    %load/vec4 v0xabdf8d4254c0_0;
    %pushi/vec4 0, 0, 2;
    %cmp/e;
    %flag_get/vec4 4;
    %store/vec4 v0xabdf8d422170_0, 0, 1;
    %pushi/str "neighbour still 00 after rst";
    %store/str v0xabdf8d422250_0;
    %fork TD_tb_state_bram.check, S_0xabdf8d421fc0;
    %join;
    %free S_0xabdf8d421fc0;
    %alloc S_0xabdf8d424710;
    %pushi/str "STATE MACHINE  00 -> 01 -> 11 after rst";
    %store/str v0xabdf8d4248f0_0;
    %fork TD_tb_state_bram.suite, S_0xabdf8d424710;
    %join;
    %free S_0xabdf8d424710;
    %pushi/vec4 1, 0, 1;
    %store/vec4 v0xabdf8d425710_0, 0, 1;
    %alloc S_0xabdf8d424c00;
    %pushi/vec4 1, 0, 32;
    %store/vec4 v0xabdf8d424de0_0, 0, 32;
    %fork TD_tb_state_bram.tick, S_0xabdf8d424c00;
    %join;
    %free S_0xabdf8d424c00;
    %pushi/vec4 0, 0, 1;
    %store/vec4 v0xabdf8d425710_0, 0, 1;
    %alloc S_0xabdf8d424c00;
    %pushi/vec4 2, 0, 32;
    %store/vec4 v0xabdf8d424de0_0, 0, 32;
    %fork TD_tb_state_bram.tick, S_0xabdf8d424c00;
    %join;
    %free S_0xabdf8d424c00;
    %alloc S_0xabdf8d424300;
    %pushi/vec4 200, 0, 9;
    %store/vec4 v0xabdf8d424570_0, 0, 9;
    %pushi/vec4 200, 0, 9;
    %store/vec4 v0xabdf8d424650_0, 0, 9;
    %fork TD_tb_state_bram.read_state, S_0xabdf8d424300;
    %join;
    %load/vec4 v0xabdf8d424490_0;
    %store/vec4 v0xabdf8d4254c0_0, 0, 2;
    %free S_0xabdf8d424300;
    %alloc S_0xabdf8d421fc0;
    %load/vec4 v0xabdf8d4254c0_0;
    %pushi/vec4 0, 0, 2;
    %cmp/e;
    %flag_get/vec4 4;
    %store/vec4 v0xabdf8d422170_0, 0, 1;
    %pushi/str "initial state 00";
    %store/str v0xabdf8d422250_0;
    %fork TD_tb_state_bram.check, S_0xabdf8d421fc0;
    %join;
    %free S_0xabdf8d421fc0;
    %alloc S_0xabdf8d424ee0;
    %pushi/vec4 200, 0, 9;
    %store/vec4 v0xabdf8d4250c0_0, 0, 9;
    %pushi/vec4 200, 0, 9;
    %store/vec4 v0xabdf8d4251c0_0, 0, 9;
    %pushi/vec4 1, 0, 2;
    %store/vec4 v0xabdf8d4252a0_0, 0, 2;
    %fork TD_tb_state_bram.write_state, S_0xabdf8d424ee0;
    %join;
    %free S_0xabdf8d424ee0;
    %alloc S_0xabdf8d424300;
    %pushi/vec4 200, 0, 9;
    %store/vec4 v0xabdf8d424570_0, 0, 9;
    %pushi/vec4 200, 0, 9;
    %store/vec4 v0xabdf8d424650_0, 0, 9;
    %fork TD_tb_state_bram.read_state, S_0xabdf8d424300;
    %join;
    %load/vec4 v0xabdf8d424490_0;
    %store/vec4 v0xabdf8d4254c0_0, 0, 2;
    %free S_0xabdf8d424300;
    %alloc S_0xabdf8d421fc0;
    %load/vec4 v0xabdf8d4254c0_0;
    %pushi/vec4 1, 0, 2;
    %cmp/e;
    %flag_get/vec4 4;
    %store/vec4 v0xabdf8d422170_0, 0, 1;
    %pushi/str "transitions to 01";
    %store/str v0xabdf8d422250_0;
    %fork TD_tb_state_bram.check, S_0xabdf8d421fc0;
    %join;
    %free S_0xabdf8d421fc0;
    %alloc S_0xabdf8d424ee0;
    %pushi/vec4 200, 0, 9;
    %store/vec4 v0xabdf8d4250c0_0, 0, 9;
    %pushi/vec4 200, 0, 9;
    %store/vec4 v0xabdf8d4251c0_0, 0, 9;
    %pushi/vec4 3, 0, 2;
    %store/vec4 v0xabdf8d4252a0_0, 0, 2;
    %fork TD_tb_state_bram.write_state, S_0xabdf8d424ee0;
    %join;
    %free S_0xabdf8d424ee0;
    %alloc S_0xabdf8d424300;
    %pushi/vec4 200, 0, 9;
    %store/vec4 v0xabdf8d424570_0, 0, 9;
    %pushi/vec4 200, 0, 9;
    %store/vec4 v0xabdf8d424650_0, 0, 9;
    %fork TD_tb_state_bram.read_state, S_0xabdf8d424300;
    %join;
    %load/vec4 v0xabdf8d424490_0;
    %store/vec4 v0xabdf8d4254c0_0, 0, 2;
    %free S_0xabdf8d424300;
    %alloc S_0xabdf8d421fc0;
    %load/vec4 v0xabdf8d4254c0_0;
    %pushi/vec4 3, 0, 2;
    %cmp/e;
    %flag_get/vec4 4;
    %store/vec4 v0xabdf8d422170_0, 0, 1;
    %pushi/str "transitions to 11";
    %store/str v0xabdf8d422250_0;
    %fork TD_tb_state_bram.check, S_0xabdf8d421fc0;
    %join;
    %free S_0xabdf8d421fc0;
    %alloc S_0xabdf8d424710;
    %pushi/str "SIMULTANEOUS RD+WE  different addresses";
    %store/str v0xabdf8d4248f0_0;
    %fork TD_tb_state_bram.suite, S_0xabdf8d424710;
    %join;
    %free S_0xabdf8d424710;
    %alloc S_0xabdf8d424ee0;
    %pushi/vec4 20, 0, 9;
    %store/vec4 v0xabdf8d4250c0_0, 0, 9;
    %pushi/vec4 20, 0, 9;
    %store/vec4 v0xabdf8d4251c0_0, 0, 9;
    %pushi/vec4 3, 0, 2;
    %store/vec4 v0xabdf8d4252a0_0, 0, 2;
    %fork TD_tb_state_bram.write_state, S_0xabdf8d424ee0;
    %join;
    %free S_0xabdf8d424ee0;
    %alloc S_0xabdf8d424c00;
    %pushi/vec4 1, 0, 32;
    %store/vec4 v0xabdf8d424de0_0, 0, 32;
    %fork TD_tb_state_bram.tick, S_0xabdf8d424c00;
    %join;
    %free S_0xabdf8d424c00;
    %pushi/vec4 20, 0, 9;
    %store/vec4 v0xabdf8d425c70_0, 0, 9;
    %pushi/vec4 20, 0, 9;
    %store/vec4 v0xabdf8d425d40_0, 0, 9;
    %pushi/vec4 1, 0, 1;
    %store/vec4 v0xabdf8d425580_0, 0, 1;
    %pushi/vec4 1, 0, 2;
    %store/vec4 v0xabdf8d425bd0_0, 0, 2;
    %pushi/vec4 1, 0, 1;
    %store/vec4 v0xabdf8d425a90_0, 0, 1;
    %pushi/vec4 0, 0, 1;
    %store/vec4 v0xabdf8d425580_0, 0, 1;
    %pushi/vec4 0, 0, 1;
    %store/vec4 v0xabdf8d425a90_0, 0, 1;
    %pushi/vec4 21, 0, 9;
    %store/vec4 v0xabdf8d425c70_0, 0, 9;
    %pushi/vec4 20, 0, 9;
    %store/vec4 v0xabdf8d425d40_0, 0, 9;
    %pushi/vec4 1, 0, 2;
    %store/vec4 v0xabdf8d425bd0_0, 0, 2;
    %pushi/vec4 1, 0, 1;
    %store/vec4 v0xabdf8d425a90_0, 0, 1;
    %pushi/vec4 0, 0, 1;
    %store/vec4 v0xabdf8d425580_0, 0, 1;
    %alloc S_0xabdf8d424c00;
    %pushi/vec4 1, 0, 32;
    %store/vec4 v0xabdf8d424de0_0, 0, 32;
    %fork TD_tb_state_bram.tick, S_0xabdf8d424c00;
    %join;
    %free S_0xabdf8d424c00;
    %pushi/vec4 0, 0, 1;
    %store/vec4 v0xabdf8d425a90_0, 0, 1;
    %alloc S_0xabdf8d424300;
    %pushi/vec4 20, 0, 9;
    %store/vec4 v0xabdf8d424570_0, 0, 9;
    %pushi/vec4 20, 0, 9;
    %store/vec4 v0xabdf8d424650_0, 0, 9;
    %fork TD_tb_state_bram.read_state, S_0xabdf8d424300;
    %join;
    %load/vec4 v0xabdf8d424490_0;
    %store/vec4 v0xabdf8d4254c0_0, 0, 2;
    %free S_0xabdf8d424300;
    %alloc S_0xabdf8d421fc0;
    %load/vec4 v0xabdf8d4254c0_0;
    %pushi/vec4 3, 0, 2;
    %cmp/e;
    %flag_get/vec4 4;
    %store/vec4 v0xabdf8d422170_0, 0, 1;
    %pushi/str "px(20,20) unaffected by write to (21,20)";
    %store/str v0xabdf8d422250_0;
    %fork TD_tb_state_bram.check, S_0xabdf8d421fc0;
    %join;
    %free S_0xabdf8d421fc0;
    %alloc S_0xabdf8d424300;
    %pushi/vec4 21, 0, 9;
    %store/vec4 v0xabdf8d424570_0, 0, 9;
    %pushi/vec4 20, 0, 9;
    %store/vec4 v0xabdf8d424650_0, 0, 9;
    %fork TD_tb_state_bram.read_state, S_0xabdf8d424300;
    %join;
    %load/vec4 v0xabdf8d424490_0;
    %store/vec4 v0xabdf8d4254c0_0, 0, 2;
    %free S_0xabdf8d424300;
    %alloc S_0xabdf8d421fc0;
    %load/vec4 v0xabdf8d4254c0_0;
    %pushi/vec4 1, 0, 2;
    %cmp/e;
    %flag_get/vec4 4;
    %store/vec4 v0xabdf8d422170_0, 0, 1;
    %pushi/str "px(21,20) written 01";
    %store/str v0xabdf8d422250_0;
    %fork TD_tb_state_bram.check, S_0xabdf8d421fc0;
    %join;
    %free S_0xabdf8d421fc0;
    %alloc S_0xabdf8d4249d0;
    %fork TD_tb_state_bram.summary, S_0xabdf8d4249d0;
    %join;
    %free S_0xabdf8d4249d0;
    %vpi_call/w 11 179 "$finish" {0 0 0};
    %end;
    .thread T_29;
    .scope S_0xabdf8d094500;
T_30 ;
    %delay 705032704, 1;
    %vpi_call/w 11 182 "$display", "[TIMEOUT]" {0 0 0};
    %vpi_call/w 11 182 "$finish" {0 0 0};
    %end;
    .thread T_30;
    .scope S_0xabdf8d094690;
T_31 ;
    %wait E_0xabdf8d2fc100;
    %load/vec4 v0xabdf8d427570_0;
    %flag_set/vec4 8;
    %jmp/0xz  T_31.0, 8;
    %fork t_7, S_0xabdf8d425e10;
    %jmp t_6;
    .scope S_0xabdf8d425e10;
t_7 ;
    %pushi/vec4 0, 0, 32;
    %store/vec4 v0xabdf8d425fc0_0, 0, 32;
T_31.2 ;
    %load/vec4 v0xabdf8d425fc0_0;
    %cmpi/s 256, 0, 32;
    %jmp/0xz T_31.3, 5;
    %pushi/vec4 0, 0, 7;
    %ix/getv/s 3, v0xabdf8d425fc0_0;
    %ix/load 4, 0, 0; Constant delay
    %assign/vec4/a/d v0xabdf8d427ac0, 0, 4;
    ; show_stmt_assign_vector: Get l-value for compressed += operand
    %load/vec4 v0xabdf8d425fc0_0;
    %pushi/vec4 1, 0, 32;
    %add;
    %cast2;
    %store/vec4 v0xabdf8d425fc0_0, 0, 32;
    %jmp T_31.2;
T_31.3 ;
    %end;
    .scope S_0xabdf8d094690;
t_6 %join;
    %jmp T_31.1;
T_31.0 ;
    %load/vec4 v0xabdf8d427c60_0;
    %flag_set/vec4 8;
    %jmp/0xz  T_31.4, 8;
    %fork t_9, S_0xabdf8d4260c0;
    %jmp t_8;
    .scope S_0xabdf8d4260c0;
t_9 ;
    %pushi/vec4 0, 0, 32;
    %store/vec4 v0xabdf8d4265a0_0, 0, 32;
T_31.6 ;
    %load/vec4 v0xabdf8d4265a0_0;
    %cmpi/s 16, 0, 32;
    %jmp/0xz T_31.7, 5;
    %fork t_11, S_0xabdf8d4262c0;
    %jmp t_10;
    .scope S_0xabdf8d4262c0;
t_11 ;
    %pushi/vec4 0, 0, 32;
    %store/vec4 v0xabdf8d4264a0_0, 0, 32;
T_31.8 ;
    %load/vec4 v0xabdf8d4264a0_0;
    %cmpi/s 16, 0, 32;
    %jmp/0xz T_31.9, 5;
    %load/vec4 v0xabdf8d4279e0_0;
    %pad/u 32;
    %cast2;
    %load/vec4 v0xabdf8d4265a0_0;
    %cmp/s;
    %flag_or 5, 4;
    %flag_get/vec4 5;
    %jmp/0 T_31.14, 5;
    %load/vec4 v0xabdf8d4265a0_0;
    %load/vec4 v0xabdf8d427900_0;
    %pad/u 32;
    %cast2;
    %cmp/s;
    %flag_get/vec4 4;
    %flag_get/vec4 5;
    %or;
    %and;
T_31.14;
    %flag_set/vec4 10;
    %flag_get/vec4 10;
    %jmp/0 T_31.13, 10;
    %load/vec4 v0xabdf8d427820_0;
    %pad/u 32;
    %cast2;
    %load/vec4 v0xabdf8d4264a0_0;
    %cmp/s;
    %flag_get/vec4 4;
    %flag_get/vec4 5;
    %or;
    %and;
T_31.13;
    %flag_set/vec4 9;
    %flag_get/vec4 9;
    %jmp/0 T_31.12, 9;
    %load/vec4 v0xabdf8d4264a0_0;
    %load/vec4 v0xabdf8d427740_0;
    %pad/u 32;
    %cast2;
    %cmp/s;
    %flag_get/vec4 4;
    %flag_get/vec4 5;
    %or;
    %and;
T_31.12;
    %flag_set/vec4 8;
    %jmp/0xz  T_31.10, 8;
    %pushi/vec4 1, 0, 1;
    %load/vec4 v0xabdf8d427b80_0;
    %concat/vec4; draw_concat_vec4
    %load/vec4 v0xabdf8d4265a0_0;
    %pad/s 4;
    %load/vec4 v0xabdf8d4264a0_0;
    %pad/s 4;
    %concat/vec4; draw_concat_vec4
    %pad/u 10;
    %ix/vec4 3;
    %ix/load 4, 0, 0; Constant delay
    %assign/vec4/a/d v0xabdf8d427ac0, 0, 4;
T_31.10 ;
    ; show_stmt_assign_vector: Get l-value for compressed += operand
    %load/vec4 v0xabdf8d4264a0_0;
    %pushi/vec4 1, 0, 32;
    %add;
    %cast2;
    %store/vec4 v0xabdf8d4264a0_0, 0, 32;
    %jmp T_31.8;
T_31.9 ;
    %end;
    .scope S_0xabdf8d4260c0;
t_10 %join;
    ; show_stmt_assign_vector: Get l-value for compressed += operand
    %load/vec4 v0xabdf8d4265a0_0;
    %pushi/vec4 1, 0, 32;
    %add;
    %cast2;
    %store/vec4 v0xabdf8d4265a0_0, 0, 32;
    %jmp T_31.6;
T_31.7 ;
    %end;
    .scope S_0xabdf8d094690;
t_8 %join;
    %jmp T_31.5;
T_31.4 ;
    %load/vec4 v0xabdf8d4280a0_0;
    %flag_set/vec4 8;
    %jmp/0xz  T_31.15, 8;
    %load/vec4 v0xabdf8d428160_0;
    %load/vec4 v0xabdf8d427fc0_0;
    %concat/vec4; draw_concat_vec4
    %load/vec4 v0xabdf8d428220_0;
    %pad/u 10;
    %ix/vec4 3;
    %ix/load 4, 0, 0; Constant delay
    %assign/vec4/a/d v0xabdf8d427ac0, 0, 4;
T_31.15 ;
T_31.5 ;
T_31.1 ;
    %jmp T_31;
    .thread T_31;
# The file index is used to find the file name in the following table.
:file_names 14;
    "N/A";
    "<interactive>";
    "-";
    "hdl/memory/bram_to_dram.sv";
    "hdl/memory/colour_bram.sv";
    "hdl/comparator/comparator.sv";
    "hdl/queues/complete_queue_handler.sv";
    "hdl/queues/complete_queue.sv";
    "hdl/queues/fifo.sv";
    "hdl/queues/job_queue_handler.sv";
    "hdl/queues/job_queue.sv";
    "tb/memory/tb_state_bram.sv";
    "hdl/memory/state_bram.sv";
    "hdl/memory/tile_table.sv";
