#! /usr/bin/vvp
:ivl_version "12.0 (stable)";
:ivl_delay_selection "TYPICAL";
:vpi_time_precision - 12;
:vpi_module "/usr/lib/aarch64-linux-gnu/ivl/system.vpi";
:vpi_module "/usr/lib/aarch64-linux-gnu/ivl/vhdl_sys.vpi";
:vpi_module "/usr/lib/aarch64-linux-gnu/ivl/vhdl_textio.vpi";
:vpi_module "/usr/lib/aarch64-linux-gnu/ivl/v2005_math.vpi";
:vpi_module "/usr/lib/aarch64-linux-gnu/ivl/va_math.vpi";
:vpi_module "/usr/lib/aarch64-linux-gnu/ivl/v2009.vpi";
S_0xb76052f03370 .scope package, "$unit" "$unit" 2 1;
 .timescale 0 0;
S_0xb76052f095b0 .scope module, "comparator" "comparator" 3 4;
 .timescale 0 0;
    .port_info 0 /INPUT 1 "clk";
    .port_info 1 /INPUT 1 "rst";
    .port_info 2 /INPUT 1 "sched_reset";
    .port_info 3 /INPUT 9 "top_left_x";
    .port_info 4 /INPUT 9 "top_left_y";
    .port_info 5 /INPUT 9 "quad_size";
    .port_info 6 /INPUT 11 "expected_count";
    .port_info 7 /INPUT 1 "comp_valid";
    .port_info 8 /INPUT 22 "comp_data";
    .port_info 9 /OUTPUT 1 "comp_pop";
    .port_info 10 /OUTPUT 1 "differ";
    .port_info 11 /OUTPUT 1 "complete";
L_0xb76052eed810 .functor AND 1, L_0xb76052f94bc0, L_0xb76052f94e30, C4<1>, C4<1>;
L_0xb76052f0d5b0 .functor AND 1, L_0xb76052eed810, L_0xb76052f95030, C4<1>, C4<1>;
L_0xb76052ef8010 .functor AND 1, L_0xb76052f0d5b0, L_0xb76052f95350, C4<1>, C4<1>;
o0xb76052f3b318 .functor BUFZ 1, C4<z>; HiZ drive
L_0xb76052ee5550 .functor BUFZ 1, o0xb76052f3b318, C4<0>, C4<0>, C4<0>;
v0xb76052ef11c0_0 .net *"_ivl_10", 0 0, L_0xb76052f94e30;  1 drivers
v0xb76052f1b580_0 .net *"_ivl_13", 0 0, L_0xb76052eed810;  1 drivers
v0xb76052f1b620_0 .net *"_ivl_14", 0 0, L_0xb76052f95030;  1 drivers
v0xb76052f1e310_0 .net *"_ivl_17", 0 0, L_0xb76052f0d5b0;  1 drivers
v0xb76052f0d6d0_0 .net *"_ivl_18", 8 0, L_0xb76052f951c0;  1 drivers
v0xb76052f0d770_0 .net *"_ivl_20", 0 0, L_0xb76052f95350;  1 drivers
v0xb76052efc490_0 .net *"_ivl_6", 0 0, L_0xb76052f94bc0;  1 drivers
v0xb76052efc560_0 .net *"_ivl_8", 8 0, L_0xb76052f94d10;  1 drivers
o0xb76052f3b288 .functor BUFZ 1, C4<z>; HiZ drive
v0xb76052ee5670_0 .net "clk", 0 0, o0xb76052f3b288;  0 drivers
o0xb76052f3b2b8 .functor BUFZ 22, C4<zzzzzzzzzzzzzzzzzzzzzz>; HiZ drive
v0xb76052f7d480_0 .net "comp_data", 21 0, o0xb76052f3b2b8;  0 drivers
v0xb76052f7d560_0 .net "comp_pop", 0 0, L_0xb76052ee5550;  1 drivers
v0xb76052f7d620_0 .net "comp_valid", 0 0, o0xb76052f3b318;  0 drivers
v0xb76052f7d6e0_0 .var "complete", 0 0;
v0xb76052f7d7a0_0 .var "differ", 0 0;
v0xb76052f7d860_0 .net "entry_colour", 3 0, L_0xb76052f94b20;  1 drivers
v0xb76052f7d940_0 .net "entry_x", 8 0, L_0xb76052f94950;  1 drivers
v0xb76052f7da20_0 .net "entry_y", 8 0, L_0xb76052f94a50;  1 drivers
o0xb76052f3b438 .functor BUFZ 11, C4<zzzzzzzzzzz>; HiZ drive
v0xb76052f7db00_0 .net "expected_count", 10 0, o0xb76052f3b438;  0 drivers
v0xb76052f7dbe0_0 .net "in_bounds", 0 0, L_0xb76052ef8010;  1 drivers
o0xb76052f3b498 .functor BUFZ 9, C4<zzzzzzzzz>; HiZ drive
v0xb76052f7dca0_0 .net "quad_size", 8 0, o0xb76052f3b498;  0 drivers
v0xb76052f7dd80_0 .var "ref_colour", 3 0;
v0xb76052f7de60_0 .var "ref_valid", 0 0;
o0xb76052f3b528 .functor BUFZ 1, C4<z>; HiZ drive
v0xb76052f7df20_0 .net "rst", 0 0, o0xb76052f3b528;  0 drivers
o0xb76052f3b558 .functor BUFZ 1, C4<z>; HiZ drive
v0xb76052f7dfe0_0 .net "sched_reset", 0 0, o0xb76052f3b558;  0 drivers
v0xb76052f7e0a0_0 .var "seen_count", 10 0;
o0xb76052f3b5b8 .functor BUFZ 9, C4<zzzzzzzzz>; HiZ drive
v0xb76052f7e180_0 .net "top_left_x", 8 0, o0xb76052f3b5b8;  0 drivers
o0xb76052f3b5e8 .functor BUFZ 9, C4<zzzzzzzzz>; HiZ drive
v0xb76052f7e260_0 .net "top_left_y", 8 0, o0xb76052f3b5e8;  0 drivers
E_0xb76052e2d060 .event posedge, v0xb76052ee5670_0;
L_0xb76052f94950 .part o0xb76052f3b2b8, 0, 9;
L_0xb76052f94a50 .part o0xb76052f3b2b8, 9, 9;
L_0xb76052f94b20 .part o0xb76052f3b2b8, 18, 4;
L_0xb76052f94bc0 .cmp/ge 9, L_0xb76052f94950, o0xb76052f3b5b8;
L_0xb76052f94d10 .arith/sum 9, o0xb76052f3b5b8, o0xb76052f3b498;
L_0xb76052f94e30 .cmp/gt 9, L_0xb76052f94d10, L_0xb76052f94950;
L_0xb76052f95030 .cmp/ge 9, L_0xb76052f94a50, o0xb76052f3b5e8;
L_0xb76052f951c0 .arith/sum 9, o0xb76052f3b5e8, o0xb76052f3b498;
L_0xb76052f95350 .cmp/gt 9, L_0xb76052f951c0, L_0xb76052f94a50;
S_0xb76052f091e0 .scope module, "complete_queue_handler" "complete_queue_handler" 4 5;
 .timescale 0 0;
    .port_info 0 /INPUT 1 "clk";
    .port_info 1 /INPUT 1 "rst";
    .port_info 2 /INPUT 1 "done";
    .port_info 3 /INPUT 9 "iter_x";
    .port_info 4 /INPUT 9 "iter_y";
    .port_info 5 /INPUT 4 "iter_colour";
    .port_info 6 /INPUT 1 "comp_pop";
    .port_info 7 /OUTPUT 1 "comp_valid";
    .port_info 8 /OUTPUT 22 "comp_data";
    .port_info 9 /OUTPUT 1 "full_err";
o0xb76052f3bf18 .functor BUFZ 1, C4<z>; HiZ drive
L_0xb76052e43160 .functor AND 1, o0xb76052f3bf18, L_0xb76052fddb10, C4<1>, C4<1>;
L_0xb76052e25f60 .functor AND 1, o0xb76052f3bf18, L_0xb76052fdd4f0, C4<1>, C4<1>;
v0xb76052f801c0_0 .net *"_ivl_3", 0 0, L_0xb76052fddb10;  1 drivers
o0xb76052f3b948 .functor BUFZ 1, C4<z>; HiZ drive
v0xb76052f802a0_0 .net "clk", 0 0, o0xb76052f3b948;  0 drivers
v0xb76052f80360_0 .net "comp_data", 21 0, L_0xb76052e43440;  1 drivers
o0xb76052f3bac8 .functor BUFZ 1, C4<z>; HiZ drive
v0xb76052f80450_0 .net "comp_pop", 0 0, o0xb76052f3bac8;  0 drivers
v0xb76052f80540_0 .net "comp_valid", 0 0, L_0xb76052fddc60;  1 drivers
v0xb76052f80630_0 .net "done", 0 0, o0xb76052f3bf18;  0 drivers
v0xb76052f806f0_0 .net "full_err", 0 0, L_0xb76052e25f60;  1 drivers
o0xb76052f3bf78 .functor BUFZ 4, C4<zzzz>; HiZ drive
v0xb76052f807b0_0 .net "iter_colour", 3 0, o0xb76052f3bf78;  0 drivers
o0xb76052f3bfa8 .functor BUFZ 9, C4<zzzzzzzzz>; HiZ drive
v0xb76052f80890_0 .net "iter_x", 8 0, o0xb76052f3bfa8;  0 drivers
o0xb76052f3bfd8 .functor BUFZ 9, C4<zzzzzzzzz>; HiZ drive
v0xb76052f80970_0 .net "iter_y", 8 0, o0xb76052f3bfd8;  0 drivers
v0xb76052f80a50_0 .net "q_data_in", 21 0, L_0xb76052fdd9b0;  1 drivers
v0xb76052f80b10_0 .net "q_empty", 0 0, L_0xb76052fdd5e0;  1 drivers
v0xb76052f80c00_0 .net "q_full", 0 0, L_0xb76052fdd4f0;  1 drivers
v0xb76052f80cf0_0 .net "q_push", 0 0, L_0xb76052e43160;  1 drivers
o0xb76052f3bb28 .functor BUFZ 1, C4<z>; HiZ drive
v0xb76052f80de0_0 .net "rst", 0 0, o0xb76052f3bb28;  0 drivers
L_0xb76052fdd9b0 .concat [ 9 9 4 0], o0xb76052f3bfa8, o0xb76052f3bfd8, o0xb76052f3bf78;
L_0xb76052fddb10 .reduce/nor L_0xb76052fdd4f0;
L_0xb76052fddc60 .reduce/nor L_0xb76052fdd5e0;
S_0xb76052f7e4c0 .scope module, "u_complete_queue" "complete_queue" 4 28, 5 3 0, S_0xb76052f091e0;
 .timescale 0 0;
    .port_info 0 /INPUT 1 "clk";
    .port_info 1 /INPUT 1 "rst";
    .port_info 2 /INPUT 1 "push";
    .port_info 3 /INPUT 22 "data_in";
    .port_info 4 /INPUT 1 "pop";
    .port_info 5 /OUTPUT 22 "data_out";
    .port_info 6 /OUTPUT 1 "full";
    .port_info 7 /OUTPUT 1 "empty";
v0xb76052f7fb40_0 .net "clk", 0 0, o0xb76052f3b948;  alias, 0 drivers
v0xb76052f7fc00_0 .net "data_in", 21 0, L_0xb76052fdd9b0;  alias, 1 drivers
v0xb76052f7fca0_0 .net "data_out", 21 0, L_0xb76052e43440;  alias, 1 drivers
v0xb76052f7fd70_0 .net "empty", 0 0, L_0xb76052fdd5e0;  alias, 1 drivers
v0xb76052f7fe40_0 .net "full", 0 0, L_0xb76052fdd4f0;  alias, 1 drivers
v0xb76052f7fee0_0 .net "pop", 0 0, o0xb76052f3bac8;  alias, 0 drivers
v0xb76052f7ffb0_0 .net "push", 0 0, L_0xb76052e43160;  alias, 1 drivers
v0xb76052f80080_0 .net "rst", 0 0, o0xb76052f3bb28;  alias, 0 drivers
S_0xb76052f7e6c0 .scope module, "u_fifo" "fifo" 5 22, 6 4 0, S_0xb76052f7e4c0;
 .timescale 0 0;
    .port_info 0 /INPUT 1 "clk";
    .port_info 1 /INPUT 1 "rst";
    .port_info 2 /INPUT 1 "flush";
    .port_info 3 /INPUT 1 "push";
    .port_info 4 /INPUT 22 "data_in";
    .port_info 5 /INPUT 1 "pop";
    .port_info 6 /OUTPUT 22 "data_out";
    .port_info 7 /OUTPUT 1 "full";
    .port_info 8 /OUTPUT 1 "empty";
P_0xb76052f7e8c0 .param/l "DATA_WIDTH" 0 6 5, +C4<00000000000000000000000000010110>;
P_0xb76052f7e900 .param/l "DEPTH" 0 6 6, +C4<00000000000000000000000000100000>;
P_0xb76052f7e940 .param/l "PTR_W" 1 6 22, +C4<00000000000000000000000000000101>;
L_0xb76052e43440 .functor BUFZ 22, L_0xb76052fdd720, C4<0000000000000000000000>, C4<0000000000000000000000>, C4<0000000000000000000000>;
L_0xb76052f954e8 .functor BUFT 1, C4<100000>, C4<0>, C4<0>, C4<0>;
v0xb76052f7eb10_0 .net/2u *"_ivl_0", 5 0, L_0xb76052f954e8;  1 drivers
v0xb76052f7ec10_0 .net *"_ivl_10", 6 0, L_0xb76052fdd7c0;  1 drivers
L_0xb76052f95578 .functor BUFT 1, C4<00>, C4<0>, C4<0>, C4<0>;
v0xb76052f7ecf0_0 .net *"_ivl_13", 1 0, L_0xb76052f95578;  1 drivers
L_0xb76052f95530 .functor BUFT 1, C4<000000>, C4<0>, C4<0>, C4<0>;
v0xb76052f7edb0_0 .net/2u *"_ivl_4", 5 0, L_0xb76052f95530;  1 drivers
v0xb76052f7ee90_0 .net *"_ivl_8", 21 0, L_0xb76052fdd720;  1 drivers
v0xb76052f7efc0_0 .net "clk", 0 0, o0xb76052f3b948;  alias, 0 drivers
v0xb76052f7f080_0 .var "count", 5 0;
v0xb76052f7f160_0 .net "data_in", 21 0, L_0xb76052fdd9b0;  alias, 1 drivers
v0xb76052f7f240_0 .net "data_out", 21 0, L_0xb76052e43440;  alias, 1 drivers
v0xb76052f7f320_0 .net "empty", 0 0, L_0xb76052fdd5e0;  alias, 1 drivers
L_0xb76052f955c0 .functor BUFT 1, C4<0>, C4<0>, C4<0>, C4<0>;
v0xb76052f7f3e0_0 .net "flush", 0 0, L_0xb76052f955c0;  1 drivers
v0xb76052f7f4a0_0 .net "full", 0 0, L_0xb76052fdd4f0;  alias, 1 drivers
v0xb76052f7f560_0 .var "head", 4 0;
v0xb76052f7f640 .array "mem", 31 0, 21 0;
v0xb76052f7f700_0 .net "pop", 0 0, o0xb76052f3bac8;  alias, 0 drivers
v0xb76052f7f7c0_0 .net "push", 0 0, L_0xb76052e43160;  alias, 1 drivers
v0xb76052f7f880_0 .net "rst", 0 0, o0xb76052f3bb28;  alias, 0 drivers
v0xb76052f7f940_0 .var "tail", 4 0;
E_0xb76052e30830 .event posedge, v0xb76052f7efc0_0;
L_0xb76052fdd4f0 .cmp/eq 6, v0xb76052f7f080_0, L_0xb76052f954e8;
L_0xb76052fdd5e0 .cmp/eq 6, v0xb76052f7f080_0, L_0xb76052f95530;
L_0xb76052fdd720 .array/port v0xb76052f7f640, L_0xb76052fdd7c0;
L_0xb76052fdd7c0 .concat [ 5 2 0 0], v0xb76052f7f940_0, L_0xb76052f95578;
S_0xb76052f03ed0 .scope module, "job_queue_handler" "job_queue_handler" 7 4;
 .timescale 0 0;
    .port_info 0 /INPUT 1 "clk";
    .port_info 1 /INPUT 1 "rst";
    .port_info 2 /INPUT 18 "sched_coord";
    .port_info 3 /INPUT 1 "sched_push";
    .port_info 4 /OUTPUT 1 "sched_stall";
    .port_info 5 /INPUT 1 "flush";
    .port_info 6 /INPUT 1 "wants_job";
    .port_info 7 /OUTPUT 1 "grant";
    .port_info 8 /OUTPUT 18 "coord_out";
L_0xb76052e2f280 .functor BUFZ 1, L_0xb76052feddd0, C4<0>, C4<0>, C4<0>;
o0xb76052f3c938 .functor BUFZ 1, C4<z>; HiZ drive
L_0xb76052e2f100 .functor AND 1, o0xb76052f3c938, L_0xb76052fee320, C4<1>, C4<1>;
o0xb76052f3c998 .functor BUFZ 1, C4<z>; HiZ drive
L_0xb76052fee520 .functor AND 1, o0xb76052f3c998, L_0xb76052fee3f0, C4<1>, C4<1>;
v0xb76052f82fa0_0 .net *"_ivl_3", 0 0, L_0xb76052fee320;  1 drivers
v0xb76052f83080_0 .net *"_ivl_7", 0 0, L_0xb76052fee3f0;  1 drivers
o0xb76052f3c2d8 .functor BUFZ 1, C4<z>; HiZ drive
v0xb76052f83140_0 .net "clk", 0 0, o0xb76052f3c2d8;  0 drivers
v0xb76052f83210_0 .var "coord_out", 17 0;
o0xb76052f3c3c8 .functor BUFZ 1, C4<z>; HiZ drive
v0xb76052f832d0_0 .net "flush", 0 0, o0xb76052f3c3c8;  0 drivers
v0xb76052f83410_0 .var "grant", 0 0;
v0xb76052f834d0_0 .net "q_data_out", 17 0, L_0xb76052e2f450;  1 drivers
v0xb76052f835e0_0 .net "q_empty", 0 0, L_0xb76052fedec0;  1 drivers
v0xb76052f836d0_0 .net "q_full", 0 0, L_0xb76052feddd0;  1 drivers
v0xb76052f83770_0 .net "q_pop", 0 0, L_0xb76052fee520;  1 drivers
v0xb76052f83860_0 .net "q_push", 0 0, L_0xb76052e2f100;  1 drivers
o0xb76052f3c4b8 .functor BUFZ 1, C4<z>; HiZ drive
v0xb76052f83950_0 .net "rst", 0 0, o0xb76052f3c4b8;  0 drivers
o0xb76052f3c338 .functor BUFZ 18, C4<zzzzzzzzzzzzzzzzzz>; HiZ drive
v0xb76052f83a40_0 .net "sched_coord", 17 0, o0xb76052f3c338;  0 drivers
v0xb76052f83b50_0 .net "sched_push", 0 0, o0xb76052f3c938;  0 drivers
v0xb76052f83c10_0 .net "sched_stall", 0 0, L_0xb76052e2f280;  1 drivers
v0xb76052f83cd0_0 .net "wants_job", 0 0, o0xb76052f3c998;  0 drivers
L_0xb76052fee320 .reduce/nor L_0xb76052feddd0;
L_0xb76052fee3f0 .reduce/nor L_0xb76052fedec0;
S_0xb76052f81070 .scope module, "u_job_queue" "job_queue" 7 27, 8 3 0, S_0xb76052f03ed0;
 .timescale 0 0;
    .port_info 0 /INPUT 1 "clk";
    .port_info 1 /INPUT 1 "rst";
    .port_info 2 /INPUT 1 "flush";
    .port_info 3 /INPUT 1 "push";
    .port_info 4 /INPUT 18 "data_in";
    .port_info 5 /INPUT 1 "pop";
    .port_info 6 /OUTPUT 18 "data_out";
    .port_info 7 /OUTPUT 1 "full";
    .port_info 8 /OUTPUT 1 "empty";
v0xb76052f82900_0 .net "clk", 0 0, o0xb76052f3c2d8;  alias, 0 drivers
v0xb76052f829c0_0 .net "data_in", 17 0, o0xb76052f3c338;  alias, 0 drivers
v0xb76052f82a60_0 .net "data_out", 17 0, L_0xb76052e2f450;  alias, 1 drivers
v0xb76052f82b00_0 .net "empty", 0 0, L_0xb76052fedec0;  alias, 1 drivers
v0xb76052f82ba0_0 .net "flush", 0 0, o0xb76052f3c3c8;  alias, 0 drivers
v0xb76052f82c40_0 .net "full", 0 0, L_0xb76052feddd0;  alias, 1 drivers
v0xb76052f82d10_0 .net "pop", 0 0, L_0xb76052fee520;  alias, 1 drivers
v0xb76052f82de0_0 .net "push", 0 0, L_0xb76052e2f100;  alias, 1 drivers
v0xb76052f82eb0_0 .net "rst", 0 0, o0xb76052f3c4b8;  alias, 0 drivers
S_0xb76052f813a0 .scope module, "u_fifo" "fifo" 8 23, 6 4 0, S_0xb76052f81070;
 .timescale 0 0;
    .port_info 0 /INPUT 1 "clk";
    .port_info 1 /INPUT 1 "rst";
    .port_info 2 /INPUT 1 "flush";
    .port_info 3 /INPUT 1 "push";
    .port_info 4 /INPUT 18 "data_in";
    .port_info 5 /INPUT 1 "pop";
    .port_info 6 /OUTPUT 18 "data_out";
    .port_info 7 /OUTPUT 1 "full";
    .port_info 8 /OUTPUT 1 "empty";
P_0xb76052f815a0 .param/l "DATA_WIDTH" 0 6 5, +C4<00000000000000000000000000010010>;
P_0xb76052f815e0 .param/l "DEPTH" 0 6 6, +C4<00000000000000000000100000000000>;
P_0xb76052f81620 .param/l "PTR_W" 1 6 22, +C4<00000000000000000000000000001011>;
L_0xb76052e2f450 .functor BUFZ 18, L_0xb76052fee000, C4<000000000000000000>, C4<000000000000000000>, C4<000000000000000000>;
L_0xb76052f95608 .functor BUFT 1, C4<100000000000>, C4<0>, C4<0>, C4<0>;
v0xb76052f818d0_0 .net/2u *"_ivl_0", 11 0, L_0xb76052f95608;  1 drivers
v0xb76052f819d0_0 .net *"_ivl_10", 12 0, L_0xb76052fee0a0;  1 drivers
L_0xb76052f95698 .functor BUFT 1, C4<00>, C4<0>, C4<0>, C4<0>;
v0xb76052f81ab0_0 .net *"_ivl_13", 1 0, L_0xb76052f95698;  1 drivers
L_0xb76052f95650 .functor BUFT 1, C4<000000000000>, C4<0>, C4<0>, C4<0>;
v0xb76052f81b70_0 .net/2u *"_ivl_4", 11 0, L_0xb76052f95650;  1 drivers
v0xb76052f81c50_0 .net *"_ivl_8", 17 0, L_0xb76052fee000;  1 drivers
v0xb76052f81d80_0 .net "clk", 0 0, o0xb76052f3c2d8;  alias, 0 drivers
v0xb76052f81e40_0 .var "count", 11 0;
v0xb76052f81f20_0 .net "data_in", 17 0, o0xb76052f3c338;  alias, 0 drivers
v0xb76052f82000_0 .net "data_out", 17 0, L_0xb76052e2f450;  alias, 1 drivers
v0xb76052f820e0_0 .net "empty", 0 0, L_0xb76052fedec0;  alias, 1 drivers
v0xb76052f821a0_0 .net "flush", 0 0, o0xb76052f3c3c8;  alias, 0 drivers
v0xb76052f82260_0 .net "full", 0 0, L_0xb76052feddd0;  alias, 1 drivers
v0xb76052f82320_0 .var "head", 10 0;
v0xb76052f82400 .array "mem", 2047 0, 17 0;
v0xb76052f824c0_0 .net "pop", 0 0, L_0xb76052fee520;  alias, 1 drivers
v0xb76052f82580_0 .net "push", 0 0, L_0xb76052e2f100;  alias, 1 drivers
v0xb76052f82640_0 .net "rst", 0 0, o0xb76052f3c4b8;  alias, 0 drivers
v0xb76052f82700_0 .var "tail", 10 0;
E_0xb76052e2da60 .event posedge, v0xb76052f81d80_0;
L_0xb76052feddd0 .cmp/eq 12, v0xb76052f81e40_0, L_0xb76052f95608;
L_0xb76052fedec0 .cmp/eq 12, v0xb76052f81e40_0, L_0xb76052f95650;
L_0xb76052fee000 .array/port v0xb76052f82400, L_0xb76052fee0a0;
L_0xb76052fee0a0 .concat [ 11 2 0 0], v0xb76052f82700_0, L_0xb76052f95698;
S_0xb76052ef4350 .scope module, "tb_scheduler" "tb_scheduler" 9 31;
 .timescale -9 -12;
P_0xb76052ee4b60 .param/l "CLK_HALF" 1 9 68, +C4<00000000000000000000000000000101>;
P_0xb76052ee4ba0 .param/l "COLOUR_WIDTH" 1 9 80, +C4<00000000000000000000000000000100>;
P_0xb76052ee4be0 .param/l "DONE_DELAY" 1 9 81, +C4<00000000000000000000000000000101>;
P_0xb76052ee4c20 .param/l "MAX_FILLS" 1 9 83, +C4<00000000000000000000000100000000>;
P_0xb76052ee4c60 .param/l "N" 1 9 78, +C4<00000000000000000000000000001010>;
P_0xb76052ee4ca0 .param/l "TIMEOUT" 1 9 82, +C4<00000000000000110000110101000000>;
P_0xb76052ee4ce0 .param/l "Z" 1 9 79, +C4<00000000000000000000000000000011>;
v0xb76052f929d0_0 .var/2s "bad_fill_count", 31 0;
v0xb76052f92ad0_0 .var "clk", 0 0;
v0xb76052f92b90_0 .var "comp_armed", 0 0;
v0xb76052f92c60_0 .var/2s "comp_countdown", 31 0;
v0xb76052f92d20_0 .var "comp_counting", 0 0;
v0xb76052f92e30_0 .var "comp_first", 0 0;
v0xb76052f92ef0_0 .var "comp_ref", 3 0;
v0xb76052f92fd0_0 .var "comp_uniform", 0 0;
v0xb76052f93090_0 .var "comparator_colour", 3 0;
v0xb76052f93150_0 .var "comparator_flag_done", 0 0;
v0xb76052f93220_0 .var "comparator_flag_so_far", 0 0;
v0xb76052f932f0 .array/2u "covered", 65535 0, 0 0;
v0xb76052f93390_0 .var/str "current_suite";
v0xb76052f93430_0 .var/2s "dup_count", 31 0;
v0xb76052f934d0_0 .net "engine_done", 0 0, v0xb76052f8d1a0_0;  1 drivers
v0xb76052f935a0_0 .var/2s "fi", 31 0;
v0xb76052f93660 .array "fill_col", 255 0, 3 0;
v0xb76052f93830_0 .var/2s "fill_count", 31 0;
v0xb76052f93910 .array/2s "fill_sz", 255 0, 31 0;
v0xb76052f939d0 .array/2s "fill_x", 255 0, 31 0;
v0xb76052f93a90 .array/2s "fill_y", 255 0, 31 0;
v0xb76052f93b50 .array "image", 65535 0, 3 0;
v0xb76052f93c10_0 .net "job_queue_flush", 0 0, v0xb76052f8d260_0;  1 drivers
v0xb76052f93ce0_0 .net "job_queue_push", 0 0, v0xb76052f8d320_0;  1 drivers
v0xb76052f93db0_0 .net "jq_x_coord_to_queue", 8 0, v0xb76052f8d3e0_0;  1 drivers
v0xb76052f93e80_0 .net "jq_y_coord_to_queue", 8 0, v0xb76052f8d4c0_0;  1 drivers
v0xb76052f93f50_0 .var "prev_gen_rst", 0 0;
v0xb76052f93ff0 .array/2u "queued", 65535 0, 0 0;
v0xb76052f94090_0 .var "rst", 0 0;
v0xb76052f94130_0 .var "start", 0 0;
v0xb76052f94200_0 .var/2s "tests_failed", 31 0;
v0xb76052f942a0_0 .var/2s "tests_passed", 31 0;
v0xb76052f94380_0 .var/2s "tests_run", 31 0;
v0xb76052f94460_0 .var "timed_out", 0 0;
v0xb76052f94520_0 .net "tt_wr_quad_colour", 3 0, v0xb76052f8ea60_0;  1 drivers
v0xb76052f94610_0 .net "tt_wr_quad_en", 0 0, v0xb76052f8eb40_0;  1 drivers
v0xb76052f946e0_0 .net "tt_wr_quad_size", 7 0, v0xb76052f8ec00_0;  1 drivers
v0xb76052f947b0_0 .net "tt_wr_quad_tlx", 7 0, v0xb76052f8ece0_0;  1 drivers
v0xb76052f94880_0 .net "tt_wr_quad_tly", 7 0, v0xb76052f8edc0_0;  1 drivers
E_0xb76052e2dd10 .event posedge, v0xb76052f88260_0;
S_0xb76052f83f40 .scope begin, "$unm_blk_114" "$unm_blk_114" 9 480, 9 480 0, S_0xb76052ef4350;
 .timescale -9 -12;
v0xb76052f843f0_0 .var/2s "lim", 31 0;
S_0xb76052f840f0 .scope begin, "$ivl_for_loop9" "$ivl_for_loop9" 9 483, 9 483 0, S_0xb76052f83f40;
 .timescale -9 -12;
v0xb76052f842f0_0 .var/2s "i", 31 0;
S_0xb76052f844f0 .scope autotask, "check" "check" 9 46, 9 46 0, S_0xb76052ef4350;
 .timescale -9 -12;
v0xb76052f846f0_0 .var "cond", 0 0;
v0xb76052f847b0_0 .var/str "desc";
TD_tb_scheduler.check ;
    ; show_stmt_assign_vector: Get l-value for compressed += operand
    %load/vec4 v0xb76052f94380_0;
    %pushi/vec4 1, 0, 32;
    %add;
    %cast2;
    %store/vec4 v0xb76052f94380_0, 0, 32;
    %load/vec4 v0xb76052f846f0_0;
    %flag_set/vec4 8;
    %jmp/0xz  T_0.0, 8;
    ; show_stmt_assign_vector: Get l-value for compressed += operand
    %load/vec4 v0xb76052f942a0_0;
    %pushi/vec4 1, 0, 32;
    %add;
    %cast2;
    %store/vec4 v0xb76052f942a0_0, 0, 32;
    %vpi_call/w 9 50 "$display", "  [PASS] %s", v0xb76052f847b0_0 {0 0 0};
    %jmp T_0.1;
T_0.0 ;
    ; show_stmt_assign_vector: Get l-value for compressed += operand
    %load/vec4 v0xb76052f94200_0;
    %pushi/vec4 1, 0, 32;
    %add;
    %cast2;
    %store/vec4 v0xb76052f94200_0, 0, 32;
    %vpi_call/w 9 53 "$display", "  [FAIL] %s  (suite: %s)", v0xb76052f847b0_0, v0xb76052f93390_0 {0 0 0};
T_0.1 ;
    %end;
S_0xb76052f84870 .scope autotask, "clear_tracking" "clear_tracking" 9 282, 9 282 0, S_0xb76052ef4350;
 .timescale -9 -12;
TD_tb_scheduler.clear_tracking ;
    %fork t_1, S_0xb76052f84a50;
    %jmp t_0;
    .scope S_0xb76052f84a50;
t_1 ;
    %pushi/vec4 0, 0, 32;
    %store/vec4 v0xb76052f84f30_0, 0, 32;
T_1.2 ;
    %load/vec4 v0xb76052f84f30_0;
    %cmpi/s 256, 0, 32;
    %jmp/0xz T_1.3, 5;
    %fork t_3, S_0xb76052f84c30;
    %jmp t_2;
    .scope S_0xb76052f84c30;
t_3 ;
    %pushi/vec4 0, 0, 32;
    %store/vec4 v0xb76052f84e30_0, 0, 32;
T_1.4 ;
    %load/vec4 v0xb76052f84e30_0;
    %cmpi/s 256, 0, 32;
    %jmp/0xz T_1.5, 5;
    %pushi/vec4 0, 0, 1;
    %load/vec4 v0xb76052f84f30_0;
    %pad/s 41;
    %pad/s 49;
    %muli 256, 0, 49;
    %pad/s 50;
    %load/vec4 v0xb76052f84e30_0;
    %pad/s 50;
    %add;
    %ix/vec4/s 4;
    %store/vec4a v0xb76052f932f0, 4, 0;
    %pushi/vec4 0, 0, 1;
    %load/vec4 v0xb76052f84f30_0;
    %pad/s 41;
    %pad/s 49;
    %muli 256, 0, 49;
    %pad/s 50;
    %load/vec4 v0xb76052f84e30_0;
    %pad/s 50;
    %add;
    %ix/vec4/s 4;
    %store/vec4a v0xb76052f93ff0, 4, 0;
    ; show_stmt_assign_vector: Get l-value for compressed += operand
    %load/vec4 v0xb76052f84e30_0;
    %pushi/vec4 1, 0, 32;
    %add;
    %cast2;
    %store/vec4 v0xb76052f84e30_0, 0, 32;
    %jmp T_1.4;
T_1.5 ;
    %end;
    .scope S_0xb76052f84a50;
t_2 %join;
    ; show_stmt_assign_vector: Get l-value for compressed += operand
    %load/vec4 v0xb76052f84f30_0;
    %pushi/vec4 1, 0, 32;
    %add;
    %cast2;
    %store/vec4 v0xb76052f84f30_0, 0, 32;
    %jmp T_1.2;
T_1.3 ;
    %end;
    .scope S_0xb76052f84870;
t_0 %join;
    %pushi/vec4 0, 0, 32;
    %store/vec4 v0xb76052f93430_0, 0, 32;
    %pushi/vec4 0, 0, 32;
    %store/vec4 v0xb76052f93830_0, 0, 32;
    %pushi/vec4 0, 0, 32;
    %store/vec4 v0xb76052f929d0_0, 0, 32;
    %end;
S_0xb76052f84a50 .scope autobegin, "$ivl_for_loop2" "$ivl_for_loop2" 9 283, 9 283 0, S_0xb76052f84870;
 .timescale -9 -12;
v0xb76052f84f30_0 .var/2s "iy", 31 0;
S_0xb76052f84c30 .scope autobegin, "$ivl_for_loop3" "$ivl_for_loop3" 9 284, 9 284 0, S_0xb76052f84a50;
 .timescale -9 -12;
v0xb76052f84e30_0 .var/2s "ix", 31 0;
S_0xb76052f85030 .scope begin, "comp_pix" "comp_pix" 9 191, 9 191 0, S_0xb76052ef4350;
 .timescale -9 -12;
v0xb76052f85210_0 .var "pix", 3 0;
v0xb76052f85310_0 .var/2s "px", 31 0;
v0xb76052f853f0_0 .var/2s "py", 31 0;
S_0xb76052f854b0 .scope autofunction.vec2.u32, "count_covered" "count_covered" 9 294, 9 294 0, S_0xb76052ef4350;
 .timescale -9 -12;
; Variable count_covered is bool return value of scope S_0xb76052f854b0
v0xb76052f85de0_0 .var/2s "h", 31 0;
v0xb76052f85ec0_0 .var/2s "n", 31 0;
v0xb76052f85f80_0 .var/2s "w", 31 0;
v0xb76052f86060_0 .var/2s "x0", 31 0;
v0xb76052f86190_0 .var/2s "y0", 31 0;
TD_tb_scheduler.count_covered ;
    %pushi/vec4 0, 0, 32;
    %store/vec4 v0xb76052f85ec0_0, 0, 32;
    %fork t_5, S_0xb76052f856e0;
    %jmp t_4;
    .scope S_0xb76052f856e0;
t_5 ;
    %load/vec4 v0xb76052f86190_0;
    %store/vec4 v0xb76052f85be0_0, 0, 32;
T_2.6 ;
    %load/vec4 v0xb76052f85be0_0;
    %load/vec4 v0xb76052f86190_0;
    %load/vec4 v0xb76052f85de0_0;
    %add;
    %cmp/s;
    %jmp/0xz T_2.7, 5;
    %fork t_7, S_0xb76052f858e0;
    %jmp t_6;
    .scope S_0xb76052f858e0;
t_7 ;
    %load/vec4 v0xb76052f86060_0;
    %store/vec4 v0xb76052f85ae0_0, 0, 32;
T_2.8 ;
    %load/vec4 v0xb76052f85ae0_0;
    %load/vec4 v0xb76052f86060_0;
    %load/vec4 v0xb76052f85f80_0;
    %add;
    %cmp/s;
    %jmp/0xz T_2.9, 5;
    %load/vec4 v0xb76052f85be0_0;
    %pad/s 41;
    %pad/s 49;
    %muli 256, 0, 49;
    %pad/s 50;
    %load/vec4 v0xb76052f85ae0_0;
    %pad/s 50;
    %add;
    %ix/vec4/s 4;
    %load/vec4a v0xb76052f932f0, 4;
    %flag_set/vec4 8;
    %jmp/0xz  T_2.10, 8;
    ; show_stmt_assign_vector: Get l-value for compressed += operand
    %load/vec4 v0xb76052f85ec0_0;
    %pushi/vec4 1, 0, 32;
    %add;
    %cast2;
    %store/vec4 v0xb76052f85ec0_0, 0, 32;
T_2.10 ;
    ; show_stmt_assign_vector: Get l-value for compressed += operand
    %load/vec4 v0xb76052f85ae0_0;
    %pushi/vec4 1, 0, 32;
    %add;
    %cast2;
    %store/vec4 v0xb76052f85ae0_0, 0, 32;
    %jmp T_2.8;
T_2.9 ;
    %end;
    .scope S_0xb76052f856e0;
t_6 %join;
    ; show_stmt_assign_vector: Get l-value for compressed += operand
    %load/vec4 v0xb76052f85be0_0;
    %pushi/vec4 1, 0, 32;
    %add;
    %cast2;
    %store/vec4 v0xb76052f85be0_0, 0, 32;
    %jmp T_2.6;
T_2.7 ;
    %end;
    .scope S_0xb76052f854b0;
t_4 %join;
    %load/vec4 v0xb76052f85ec0_0;
    %ret/vec4 0, 0, 32;  Assign to count_covered (store_vec4_to_lval)
    %disable/flow S_0xb76052f854b0;
    %end;
S_0xb76052f856e0 .scope autobegin, "$ivl_for_loop4" "$ivl_for_loop4" 9 297, 9 297 0, S_0xb76052f854b0;
 .timescale -9 -12;
v0xb76052f85be0_0 .var/2s "iy", 31 0;
S_0xb76052f858e0 .scope autobegin, "$ivl_for_loop5" "$ivl_for_loop5" 9 298, 9 298 0, S_0xb76052f856e0;
 .timescale -9 -12;
v0xb76052f85ae0_0 .var/2s "ix", 31 0;
S_0xb76052f86270 .scope autofunction.vec2.u32, "count_queued" "count_queued" 9 304, 9 304 0, S_0xb76052ef4350;
 .timescale -9 -12;
; Variable count_queued is bool return value of scope S_0xb76052f86270
v0xb76052f86b50_0 .var/2s "h", 31 0;
v0xb76052f86c30_0 .var/2s "n", 31 0;
v0xb76052f86cf0_0 .var/2s "w", 31 0;
v0xb76052f86dd0_0 .var/2s "x0", 31 0;
v0xb76052f86f00_0 .var/2s "y0", 31 0;
TD_tb_scheduler.count_queued ;
    %pushi/vec4 0, 0, 32;
    %store/vec4 v0xb76052f86c30_0, 0, 32;
    %fork t_9, S_0xb76052f86450;
    %jmp t_8;
    .scope S_0xb76052f86450;
t_9 ;
    %load/vec4 v0xb76052f86f00_0;
    %store/vec4 v0xb76052f86950_0, 0, 32;
T_3.12 ;
    %load/vec4 v0xb76052f86950_0;
    %load/vec4 v0xb76052f86f00_0;
    %load/vec4 v0xb76052f86b50_0;
    %add;
    %cmp/s;
    %jmp/0xz T_3.13, 5;
    %fork t_11, S_0xb76052f86650;
    %jmp t_10;
    .scope S_0xb76052f86650;
t_11 ;
    %load/vec4 v0xb76052f86dd0_0;
    %store/vec4 v0xb76052f86850_0, 0, 32;
T_3.14 ;
    %load/vec4 v0xb76052f86850_0;
    %load/vec4 v0xb76052f86dd0_0;
    %load/vec4 v0xb76052f86cf0_0;
    %add;
    %cmp/s;
    %jmp/0xz T_3.15, 5;
    %load/vec4 v0xb76052f86950_0;
    %pad/s 41;
    %pad/s 49;
    %muli 256, 0, 49;
    %pad/s 50;
    %load/vec4 v0xb76052f86850_0;
    %pad/s 50;
    %add;
    %ix/vec4/s 4;
    %load/vec4a v0xb76052f93ff0, 4;
    %flag_set/vec4 8;
    %jmp/0xz  T_3.16, 8;
    ; show_stmt_assign_vector: Get l-value for compressed += operand
    %load/vec4 v0xb76052f86c30_0;
    %pushi/vec4 1, 0, 32;
    %add;
    %cast2;
    %store/vec4 v0xb76052f86c30_0, 0, 32;
T_3.16 ;
    ; show_stmt_assign_vector: Get l-value for compressed += operand
    %load/vec4 v0xb76052f86850_0;
    %pushi/vec4 1, 0, 32;
    %add;
    %cast2;
    %store/vec4 v0xb76052f86850_0, 0, 32;
    %jmp T_3.14;
T_3.15 ;
    %end;
    .scope S_0xb76052f86450;
t_10 %join;
    ; show_stmt_assign_vector: Get l-value for compressed += operand
    %load/vec4 v0xb76052f86950_0;
    %pushi/vec4 1, 0, 32;
    %add;
    %cast2;
    %store/vec4 v0xb76052f86950_0, 0, 32;
    %jmp T_3.12;
T_3.13 ;
    %end;
    .scope S_0xb76052f86270;
t_8 %join;
    %load/vec4 v0xb76052f86c30_0;
    %ret/vec4 0, 0, 32;  Assign to count_queued (store_vec4_to_lval)
    %disable/flow S_0xb76052f86270;
    %end;
S_0xb76052f86450 .scope autobegin, "$ivl_for_loop6" "$ivl_for_loop6" 9 307, 9 307 0, S_0xb76052f86270;
 .timescale -9 -12;
v0xb76052f86950_0 .var/2s "iy", 31 0;
S_0xb76052f86650 .scope autobegin, "$ivl_for_loop7" "$ivl_for_loop7" 9 308, 9 308 0, S_0xb76052f86450;
 .timescale -9 -12;
v0xb76052f86850_0 .var/2s "ix", 31 0;
S_0xb76052f86fe0 .scope module, "dut" "scheduler" 9 101, 10 27 0, S_0xb76052ef4350;
 .timescale 0 0;
    .port_info 0 /INPUT 1 "clk";
    .port_info 1 /INPUT 1 "rst";
    .port_info 2 /INPUT 1 "start";
    .port_info 3 /OUTPUT 1 "engine_done";
    .port_info 4 /INPUT 1 "comparator_flag_so_far";
    .port_info 5 /INPUT 1 "comparator_flag_done";
    .port_info 6 /INPUT 4 "comparator_colour";
    .port_info 7 /OUTPUT 9 "jq_x_coord_to_queue";
    .port_info 8 /OUTPUT 9 "jq_y_coord_to_queue";
    .port_info 9 /OUTPUT 1 "job_queue_push";
    .port_info 10 /OUTPUT 1 "job_queue_flush";
    .port_info 11 /OUTPUT 1 "tt_wr_quad_en";
    .port_info 12 /OUTPUT 8 "tt_wr_quad_tlx";
    .port_info 13 /OUTPUT 8 "tt_wr_quad_tly";
    .port_info 14 /OUTPUT 8 "tt_wr_quad_size";
    .port_info 15 /OUTPUT 4 "tt_wr_quad_colour";
P_0xb76052f871c0 .param/l "COLOUR_WIDTH" 0 10 30, +C4<00000000000000000000000000000100>;
P_0xb76052f87200 .param/l "N" 0 10 28, +C4<00000000000000000000000000001010>;
P_0xb76052f87240 .param/l "STACK_W" 1 10 82, +C4<00000000000000000000000000011011>;
P_0xb76052f87280 .param/l "Z" 0 10 29, +C4<00000000000000000000000000000011>;
enum0xb76052e005d0 .enum2/s (32)
   "IDLE" 0,
   "STARTUP" 1,
   "INCREASE_LEVEL" 2,
   "INCREASE_LEVEL_SECOND" 3,
   "BEGIN_SEARCH_BOX" 4,
   "WAIT" 5,
   "QUEUE_BOX_INIT" 6,
   "QUEUE_BOX" 7,
   "FILL_BOX" 8,
   "NEXT_BOX" 9,
   "ADD_TO_STACK" 10,
   "DESCEND_LEVEL" 11,
   "FINISHED" 12
 ;
L_0xb76052fef680 .functor BUFZ 27, v0xb76052f88400_0, C4<000000000000000000000000000>, C4<000000000000000000000000000>, C4<000000000000000000000000000>;
L_0xb76052ff0ae0 .functor BUFZ 10, L_0xb76052ff0a40, C4<0000000000>, C4<0000000000>, C4<0000000000>;
L_0xb76052ff0ba0 .functor BUFZ 10, L_0xb76052ff0910, C4<0000000000>, C4<0000000000>, C4<0000000000>;
L_0xb76052ff09b0 .functor BUFZ 2, L_0xb76052ff0750, C4<00>, C4<00>, C4<00>;
L_0xb76052f95b18 .functor BUFT 1, C4<0>, C4<0>, C4<0>, C4<0>;
L_0xb76052ff15c0 .functor XNOR 1, L_0xb76052ff14d0, L_0xb76052f95b18, C4<0>, C4<0>;
L_0xb76052f95b60 .functor BUFT 1, C4<0>, C4<0>, C4<0>, C4<0>;
L_0xb76052ff0dd0 .functor XNOR 1, L_0xb76052ff16d0, L_0xb76052f95b60, C4<0>, C4<0>;
L_0xb76052ff1900 .functor BUFZ 1, L_0xb76052ff06b0, C4<0>, C4<0>, C4<0>;
L_0xb76052ff19c0 .functor BUFZ 1, L_0xb76052ff05a0, C4<0>, C4<0>, C4<0>;
L_0xb76052f95848 .functor BUFT 1, C4<0>, C4<0>, C4<0>, C4<0>;
v0xb76052f8b360_0 .net/2u *"_ivl_0", 0 0, L_0xb76052f95848;  1 drivers
L_0xb76052f958d8 .functor BUFT 1, C4<0>, C4<0>, C4<0>, C4<0>;
v0xb76052f8b460_0 .net/2u *"_ivl_12", 0 0, L_0xb76052f958d8;  1 drivers
v0xb76052f8b540_0 .net *"_ivl_14", 10 0, L_0xb76052fefc90;  1 drivers
L_0xb76052f95920 .functor BUFT 1, C4<0>, C4<0>, C4<0>, C4<0>;
v0xb76052f8b630_0 .net/2u *"_ivl_18", 0 0, L_0xb76052f95920;  1 drivers
v0xb76052f8b710_0 .net *"_ivl_2", 10 0, L_0xb76052fef8a0;  1 drivers
v0xb76052f8b7f0_0 .net *"_ivl_20", 10 0, L_0xb76052feff10;  1 drivers
L_0xb76052f95968 .functor BUFT 1, C4<01>, C4<0>, C4<0>, C4<0>;
v0xb76052f8b8d0_0 .net/2u *"_ivl_24", 1 0, L_0xb76052f95968;  1 drivers
v0xb76052f8b9b0_0 .net *"_ivl_26", 1 0, L_0xb76052ff0170;  1 drivers
v0xb76052f8ba90_0 .net *"_ivl_29", 2 0, L_0xb76052ff0290;  1 drivers
v0xb76052f8bb70_0 .net *"_ivl_40", 26 0, L_0xb76052fef680;  1 drivers
L_0xb76052f959b0 .functor BUFT 1, C4<0>, C4<0>, C4<0>, C4<0>;
v0xb76052f8bc50_0 .net/2u *"_ivl_45", 0 0, L_0xb76052f959b0;  1 drivers
v0xb76052f8bd30_0 .net *"_ivl_52", 0 0, L_0xb76052ff14d0;  1 drivers
v0xb76052f8be10_0 .net/2u *"_ivl_53", 0 0, L_0xb76052f95b18;  1 drivers
v0xb76052f8bef0_0 .net *"_ivl_58", 0 0, L_0xb76052ff16d0;  1 drivers
v0xb76052f8bfd0_0 .net/2u *"_ivl_59", 0 0, L_0xb76052f95b60;  1 drivers
L_0xb76052f95890 .functor BUFT 1, C4<0>, C4<0>, C4<0>, C4<0>;
v0xb76052f8c0b0_0 .net/2u *"_ivl_6", 0 0, L_0xb76052f95890;  1 drivers
v0xb76052f8c190_0 .net *"_ivl_8", 10 0, L_0xb76052fefa80;  1 drivers
v0xb76052f8c270_0 .net "_stk_all_left", 0 0, L_0xb76052ff06b0;  1 drivers
v0xb76052f8c330_0 .net "_stk_all_top", 0 0, L_0xb76052ff05a0;  1 drivers
v0xb76052f8c3f0_0 .net "_stk_box", 1 0, L_0xb76052ff0750;  1 drivers
v0xb76052f8c4d0_0 .net "_stk_tlx", 9 0, L_0xb76052ff0a40;  1 drivers
v0xb76052f8c5b0_0 .net "_stk_tly", 9 0, L_0xb76052ff0910;  1 drivers
v0xb76052f8c690_0 .net "_stk_zoom", 2 0, L_0xb76052ff0870;  1 drivers
v0xb76052f8c770_0 .var "all_left_quadrants", 0 0;
v0xb76052f8c810_0 .var "all_top_quadrants", 0 0;
v0xb76052f8c8e0_0 .net "border_pixel_chooser_done", 0 0, v0xb76052f8a210_0;  1 drivers
v0xb76052f8c9b0_0 .var "box_id", 1 0;
v0xb76052f8ca50_0 .net "clk", 0 0, v0xb76052f92ad0_0;  1 drivers
v0xb76052f8caf0_0 .net "comparator_colour", 3 0, v0xb76052f93090_0;  1 drivers
v0xb76052f8cbb0_0 .net "comparator_flag_done", 0 0, v0xb76052f93150_0;  1 drivers
v0xb76052f8cc70_0 .net "comparator_flag_so_far", 0 0, v0xb76052f93220_0;  1 drivers
v0xb76052f8cd30_0 .net "current_is_left", 0 0, L_0xb76052ff15c0;  1 drivers
v0xb76052f8cdf0_0 .net "current_is_top", 0 0, L_0xb76052ff0dd0;  1 drivers
v0xb76052f8d0c0_0 .var/2s "current_state", 31 0;
v0xb76052f8d1a0_0 .var "engine_done", 0 0;
v0xb76052f8d260_0 .var "job_queue_flush", 0 0;
v0xb76052f8d320_0 .var "job_queue_push", 0 0;
v0xb76052f8d3e0_0 .var "jq_x_coord_to_queue", 8 0;
v0xb76052f8d4c0_0 .var "jq_y_coord_to_queue", 8 0;
v0xb76052f8d5a0_0 .var/2s "next_state", 31 0;
v0xb76052f8d680_0 .var "normal_width", 8 0;
v0xb76052f8d760_0 .var "pixel_generator_reset", 0 0;
v0xb76052f8d800_0 .var "pixel_width_x", 9 0;
v0xb76052f8d8c0_0 .var "pixel_width_x_left", 8 0;
v0xb76052f8d9a0_0 .var "pixel_width_y", 9 0;
v0xb76052f8da80_0 .var "popped_all_left", 0 0;
v0xb76052f8db40_0 .var "popped_all_top", 0 0;
v0xb76052f8dc00_0 .net "popped_box_id", 1 0, L_0xb76052ff09b0;  1 drivers
v0xb76052f8dce0_0 .net "popped_top_left_x", 9 0, L_0xb76052ff0ae0;  1 drivers
v0xb76052f8ddc0_0 .net "popped_top_left_y", 9 0, L_0xb76052ff0ba0;  1 drivers
v0xb76052f8dea0_0 .net "popped_zoom", 3 0, L_0xb76052ff0c60;  1 drivers
v0xb76052f8df80_0 .var "qbox_x", 9 0;
v0xb76052f8e060_0 .var "qbox_y", 9 0;
v0xb76052f8e140_0 .net "rst", 0 0, v0xb76052f94090_0;  1 drivers
v0xb76052f8e230_0 .net "stack_data_in", 26 0, L_0xb76052ff03c0;  1 drivers
v0xb76052f8e2f0_0 .net "stack_data_out", 26 0, v0xb76052f88400_0;  1 drivers
v0xb76052f8e3c0_0 .net "stack_empty", 0 0, L_0xb76052ff1040;  1 drivers
v0xb76052f8e490_0 .net "stack_full", 0 0, L_0xb76052ff1310;  1 drivers
v0xb76052f8e560_0 .net "stack_out_all_left", 0 0, L_0xb76052ff1900;  1 drivers
v0xb76052f8e600_0 .net "stack_out_all_top", 0 0, L_0xb76052ff19c0;  1 drivers
v0xb76052f8e6a0_0 .var "stack_pop", 0 0;
v0xb76052f8e770_0 .var "stack_push", 0 0;
v0xb76052f8e840_0 .net "start", 0 0, v0xb76052f94130_0;  1 drivers
v0xb76052f8e8e0_0 .var "top_left_x", 9 0;
v0xb76052f8e980_0 .var "top_left_y", 9 0;
v0xb76052f8ea60_0 .var "tt_wr_quad_colour", 3 0;
v0xb76052f8eb40_0 .var "tt_wr_quad_en", 0 0;
v0xb76052f8ec00_0 .var "tt_wr_quad_size", 7 0;
v0xb76052f8ece0_0 .var "tt_wr_quad_tlx", 7 0;
v0xb76052f8edc0_0 .var "tt_wr_quad_tly", 7 0;
v0xb76052f8eea0_0 .net "x_coord_to_queue", 9 0, v0xb76052f8b020_0;  1 drivers
v0xb76052f8ef90_0 .net "y_coord_to_queue", 9 0, v0xb76052f8b100_0;  1 drivers
v0xb76052f8f060_0 .var "zoom_level", 3 0;
E_0xb76052e309b0/0 .event anyedge, v0xb76052f8d0c0_0, v0xb76052f8f060_0, v0xb76052f8cd30_0, v0xb76052f8cdf0_0;
E_0xb76052e309b0/1 .event anyedge, v0xb76052f8da80_0, v0xb76052f8db40_0, v0xb76052f8b020_0, v0xb76052f8b100_0;
E_0xb76052e309b0/2 .event anyedge, v0xb76052f8df80_0, v0xb76052f8e060_0, v0xb76052f8e840_0, v0xb76052f884e0_0;
E_0xb76052e309b0/3 .event anyedge, v0xb76052f8cbb0_0, v0xb76052f8cc70_0, v0xb76052f8a210_0, v0xb76052f8e8e0_0;
E_0xb76052e309b0/4 .event anyedge, v0xb76052f8e980_0, v0xb76052f8caf0_0, v0xb76052f8c9b0_0, v0xb76052f885a0_0;
E_0xb76052e309b0 .event/or E_0xb76052e309b0/0, E_0xb76052e309b0/1, E_0xb76052e309b0/2, E_0xb76052e309b0/3, E_0xb76052e309b0/4;
L_0xb76052fef8a0 .concat [ 10 1 0 0], v0xb76052f8e8e0_0, L_0xb76052f95848;
L_0xb76052fef940 .part L_0xb76052fef8a0, 0, 10;
L_0xb76052fefa80 .concat [ 10 1 0 0], v0xb76052f8e980_0, L_0xb76052f95890;
L_0xb76052fefb70 .part L_0xb76052fefa80, 0, 10;
L_0xb76052fefc90 .concat [ 10 1 0 0], v0xb76052f8d800_0, L_0xb76052f958d8;
L_0xb76052fefde0 .part L_0xb76052fefc90, 0, 10;
L_0xb76052feff10 .concat [ 10 1 0 0], v0xb76052f8d9a0_0, L_0xb76052f95920;
L_0xb76052ff0030 .part L_0xb76052feff10, 0, 10;
L_0xb76052ff0170 .arith/sum 2, v0xb76052f8c9b0_0, L_0xb76052f95968;
L_0xb76052ff0290 .part v0xb76052f8f060_0, 0, 3;
LS_0xb76052ff03c0_0_0 .concat [ 10 10 3 2], v0xb76052f8e8e0_0, v0xb76052f8e980_0, L_0xb76052ff0290, L_0xb76052ff0170;
LS_0xb76052ff03c0_0_4 .concat [ 1 1 0 0], v0xb76052f8c770_0, v0xb76052f8c810_0;
L_0xb76052ff03c0 .concat [ 25 2 0 0], LS_0xb76052ff03c0_0_0, LS_0xb76052ff03c0_0_4;
L_0xb76052ff05a0 .part L_0xb76052fef680, 26, 1;
L_0xb76052ff06b0 .part L_0xb76052fef680, 25, 1;
L_0xb76052ff0750 .part L_0xb76052fef680, 23, 2;
L_0xb76052ff0870 .part L_0xb76052fef680, 20, 3;
L_0xb76052ff0910 .part L_0xb76052fef680, 10, 10;
L_0xb76052ff0a40 .part L_0xb76052fef680, 0, 10;
L_0xb76052ff0c60 .concat [ 3 1 0 0], L_0xb76052ff0870, L_0xb76052f959b0;
L_0xb76052ff14d0 .part v0xb76052f8c9b0_0, 0, 1;
L_0xb76052ff16d0 .part v0xb76052f8c9b0_0, 1, 1;
S_0xb76052f87720 .scope module, "my_stack" "scheduler_stack" 10 115, 11 1 0, S_0xb76052f86fe0;
 .timescale 0 0;
    .port_info 0 /INPUT 1 "clk";
    .port_info 1 /INPUT 1 "rst";
    .port_info 2 /INPUT 1 "push";
    .port_info 3 /INPUT 1 "pop";
    .port_info 4 /INPUT 27 "data_in";
    .port_info 5 /OUTPUT 27 "data_out";
    .port_info 6 /OUTPUT 1 "full";
    .port_info 7 /OUTPUT 1 "empty";
P_0xb76052f87920 .param/l "DEPTH" 0 11 3, +C4<00000000000000000000000000000011>;
P_0xb76052f87960 .param/l "PTR_WIDTH" 1 11 16, +C4<00000000000000000000000000000010>;
P_0xb76052f879a0 .param/l "WIDTH" 0 11 2, +C4<00000000000000000000000000011011>;
v0xb76052f87cd0_0 .net *"_ivl_0", 31 0, L_0xb76052ff0ef0;  1 drivers
L_0xb76052f95a88 .functor BUFT 1, C4<000000000000000000000000000000>, C4<0>, C4<0>, C4<0>;
v0xb76052f87dd0_0 .net *"_ivl_11", 29 0, L_0xb76052f95a88;  1 drivers
L_0xb76052f95ad0 .functor BUFT 1, C4<00000000000000000000000000000010>, C4<0>, C4<0>, C4<0>;
v0xb76052f87eb0_0 .net/2u *"_ivl_12", 31 0, L_0xb76052f95ad0;  1 drivers
L_0xb76052f959f8 .functor BUFT 1, C4<000000000000000000000000000000>, C4<0>, C4<0>, C4<0>;
v0xb76052f87f70_0 .net *"_ivl_3", 29 0, L_0xb76052f959f8;  1 drivers
L_0xb76052f95a40 .functor BUFT 1, C4<00000000000000000000000000000000>, C4<0>, C4<0>, C4<0>;
v0xb76052f88050_0 .net/2u *"_ivl_4", 31 0, L_0xb76052f95a40;  1 drivers
v0xb76052f88180_0 .net *"_ivl_8", 31 0, L_0xb76052ff11d0;  1 drivers
v0xb76052f88260_0 .net "clk", 0 0, v0xb76052f92ad0_0;  alias, 1 drivers
v0xb76052f88320_0 .net "data_in", 26 0, L_0xb76052ff03c0;  alias, 1 drivers
v0xb76052f88400_0 .var "data_out", 26 0;
v0xb76052f884e0_0 .net "empty", 0 0, L_0xb76052ff1040;  alias, 1 drivers
v0xb76052f885a0_0 .net "full", 0 0, L_0xb76052ff1310;  alias, 1 drivers
v0xb76052f88660_0 .net "pop", 0 0, v0xb76052f8e6a0_0;  1 drivers
v0xb76052f88720_0 .net "push", 0 0, v0xb76052f8e770_0;  1 drivers
v0xb76052f887e0_0 .net "rst", 0 0, v0xb76052f94090_0;  alias, 1 drivers
v0xb76052f888a0 .array "stack_mem", 2 0, 26 0;
v0xb76052f88960_0 .var "stack_ptr", 1 0;
E_0xb76052e2ff60 .event posedge, v0xb76052f887e0_0, v0xb76052f88260_0;
L_0xb76052ff0ef0 .concat [ 2 30 0 0], v0xb76052f88960_0, L_0xb76052f959f8;
L_0xb76052ff1040 .cmp/eq 32, L_0xb76052ff0ef0, L_0xb76052f95a40;
L_0xb76052ff11d0 .concat [ 2 30 0 0], v0xb76052f88960_0, L_0xb76052f95a88;
L_0xb76052ff1310 .cmp/eq 32, L_0xb76052ff11d0, L_0xb76052f95ad0;
S_0xb76052f88b40 .scope module, "pixel_generator" "border_pixel_chooser" 10 71, 12 1 0, S_0xb76052f86fe0;
 .timescale 0 0;
    .port_info 0 /INPUT 1 "clk";
    .port_info 1 /INPUT 1 "rst";
    .port_info 2 /INPUT 1 "rst_start";
    .port_info 3 /INPUT 1 "all_left_flag";
    .port_info 4 /INPUT 1 "all_top_flag";
    .port_info 5 /INPUT 10 "top_left_x";
    .port_info 6 /INPUT 10 "top_left_y";
    .port_info 7 /INPUT 10 "width_pixels_x";
    .port_info 8 /INPUT 10 "width_pixels_y";
    .port_info 9 /OUTPUT 10 "x_coord";
    .port_info 10 /OUTPUT 10 "y_coord";
    .port_info 11 /OUTPUT 1 "done_flag";
P_0xb76052f88cf0 .param/l "N" 0 12 2, +C4<00000000000000000000000000001010>;
enum0xb76052e01040 .enum4 (3)
   "IDLE" 3'b000,
   "calculate" 3'b001,
   "top" 3'b010,
   "bottom" 3'b011,
   "right" 3'b100,
   "left" 3'b101
 ;
L_0xb76052fee7b0 .functor AND 1, v0xb76052f8c770_0, v0xb76052f8c810_0, C4<1>, C4<1>;
L_0xb76052fef1b0 .functor NOT 1, v0xb76052f8a2d0_0, C4<0>, C4<0>, C4<0>;
L_0xb76052fef410 .functor AND 1, L_0xb76052fef270, L_0xb76052fef1b0, C4<1>, C4<1>;
L_0xb76052fef520 .functor NOT 1, L_0xb76052fef410, C4<0>, C4<0>, C4<0>;
v0xb76052f88f70_0 .net *"_ivl_0", 9 0, L_0xb76052fee5c0;  1 drivers
L_0xb76052f95770 .functor BUFT 1, C4<0000000001>, C4<0>, C4<0>, C4<0>;
v0xb76052f89070_0 .net/2u *"_ivl_12", 9 0, L_0xb76052f95770;  1 drivers
v0xb76052f89150_0 .net *"_ivl_14", 9 0, L_0xb76052feeba0;  1 drivers
v0xb76052f89210_0 .net *"_ivl_16", 9 0, L_0xb76052feedf0;  1 drivers
v0xb76052f892f0_0 .net *"_ivl_18", 8 0, L_0xb76052feecc0;  1 drivers
L_0xb76052f957b8 .functor BUFT 1, C4<0>, C4<0>, C4<0>, C4<0>;
v0xb76052f89420_0 .net *"_ivl_20", 0 0, L_0xb76052f957b8;  1 drivers
v0xb76052f89500_0 .net *"_ivl_26", 9 0, L_0xb76052fef110;  1 drivers
v0xb76052f895e0_0 .net *"_ivl_28", 0 0, L_0xb76052fef270;  1 drivers
L_0xb76052f956e0 .functor BUFT 1, C4<000000000>, C4<0>, C4<0>, C4<0>;
v0xb76052f896a0_0 .net *"_ivl_3", 8 0, L_0xb76052f956e0;  1 drivers
v0xb76052f89780_0 .net *"_ivl_30", 0 0, L_0xb76052fef1b0;  1 drivers
v0xb76052f89860_0 .net *"_ivl_33", 0 0, L_0xb76052fef410;  1 drivers
L_0xb76052f95800 .functor BUFT 1, C4<0000000010>, C4<0>, C4<0>, C4<0>;
v0xb76052f89920_0 .net/2u *"_ivl_36", 9 0, L_0xb76052f95800;  1 drivers
v0xb76052f89a00_0 .net *"_ivl_38", 9 0, L_0xb76052fef5e0;  1 drivers
L_0xb76052f95728 .functor BUFT 1, C4<0000000001>, C4<0>, C4<0>, C4<0>;
v0xb76052f89ae0_0 .net/2u *"_ivl_6", 9 0, L_0xb76052f95728;  1 drivers
v0xb76052f89bc0_0 .net *"_ivl_8", 9 0, L_0xb76052fee930;  1 drivers
v0xb76052f89ca0_0 .net "all_left_flag", 0 0, v0xb76052f8c770_0;  1 drivers
v0xb76052f89d60_0 .net "all_top_flag", 0 0, v0xb76052f8c810_0;  1 drivers
v0xb76052f89f30_0 .net "both_flags", 0 0, L_0xb76052fee7b0;  1 drivers
v0xb76052f89ff0_0 .net "calc_halving", 0 0, L_0xb76052fef520;  1 drivers
v0xb76052f8a0b0_0 .net "clk", 0 0, v0xb76052f92ad0_0;  alias, 1 drivers
v0xb76052f8a150_0 .var "current_state", 2 0;
v0xb76052f8a210_0 .var "done_flag", 0 0;
v0xb76052f8a2d0_0 .var "first_round", 0 0;
v0xb76052f8a390_0 .net "inverse_tmp", 9 0, L_0xb76052feea30;  1 drivers
v0xb76052f8a470_0 .var "last_cycle", 0 0;
v0xb76052f8a530_0 .net "last_cycle_next", 0 0, L_0xb76052fef740;  1 drivers
v0xb76052f8a5f0_0 .var "midpoint", 9 0;
v0xb76052f8a6d0_0 .var "next_state", 2 0;
v0xb76052f8a7b0_0 .net "next_tmp_val", 9 0, L_0xb76052feef30;  1 drivers
v0xb76052f8a890_0 .net "rst", 0 0, v0xb76052f94090_0;  alias, 1 drivers
v0xb76052f8a960_0 .net "rst_start", 0 0, v0xb76052f8d760_0;  1 drivers
v0xb76052f8aa00_0 .var "tmp", 9 0;
v0xb76052f8aae0_0 .net "top_left_x", 9 0, L_0xb76052fef940;  1 drivers
v0xb76052f8abc0_0 .net "top_left_y", 9 0, L_0xb76052fefb70;  1 drivers
v0xb76052f8aca0_0 .net "used_tmp", 9 0, L_0xb76052fee710;  1 drivers
v0xb76052f8ad80_0 .var "width", 9 0;
v0xb76052f8ae60_0 .net "width_pixels_x", 9 0, L_0xb76052fefde0;  1 drivers
v0xb76052f8af40_0 .net "width_pixels_y", 9 0, L_0xb76052ff0030;  1 drivers
v0xb76052f8b020_0 .var "x_coord", 9 0;
v0xb76052f8b100_0 .var "y_coord", 9 0;
E_0xb76052e2e260/0 .event anyedge, v0xb76052f8a150_0, v0xb76052f89d60_0, v0xb76052f8a470_0, v0xb76052f89f30_0;
E_0xb76052e2e260/1 .event anyedge, v0xb76052f8a530_0, v0xb76052f89ca0_0;
E_0xb76052e2e260 .event/or E_0xb76052e2e260/0, E_0xb76052e2e260/1;
L_0xb76052fee5c0 .concat [ 1 9 0 0], v0xb76052f8a2d0_0, L_0xb76052f956e0;
L_0xb76052fee710 .arith/sum 10, v0xb76052f8aa00_0, L_0xb76052fee5c0;
L_0xb76052fee930 .arith/sub 10, v0xb76052f8ad80_0, L_0xb76052f95728;
L_0xb76052feea30 .arith/sub 10, L_0xb76052fee930, v0xb76052f8aa00_0;
L_0xb76052feeba0 .arith/sub 10, v0xb76052f8a5f0_0, L_0xb76052f95770;
L_0xb76052feecc0 .part L_0xb76052feeba0, 0, 9;
L_0xb76052feedf0 .concat [ 1 9 0 0], L_0xb76052f957b8, L_0xb76052feecc0;
L_0xb76052feef30 .arith/sum 10, v0xb76052f8aa00_0, L_0xb76052feedf0;
L_0xb76052fef110 .arith/sum 10, L_0xb76052fef940, v0xb76052f8ad80_0;
L_0xb76052fef270 .cmp/gt 10, L_0xb76052fef110, L_0xb76052feef30;
L_0xb76052fef5e0 .arith/sub 10, v0xb76052f8ad80_0, L_0xb76052f95800;
L_0xb76052fef740 .cmp/eq 10, L_0xb76052feef30, L_0xb76052fef5e0;
S_0xb76052f8f320 .scope begin, "fill_mon" "fill_mon" 9 248, 9 248 0, S_0xb76052ef4350;
 .timescale -9 -12;
v0xb76052f8f500_0 .var/2s "fx", 31 0;
v0xb76052f8f600_0 .var/2s "fy", 31 0;
v0xb76052f8f6e0_0 .var/2s "tsz", 31 0;
v0xb76052f8f7d0_0 .var/2s "tx", 31 0;
v0xb76052f8f8b0_0 .var/2s "ty", 31 0;
S_0xb76052f8f9e0 .scope autotask, "fill_rect" "fill_rect" 9 270, 9 270 0, S_0xb76052ef4350;
 .timescale -9 -12;
v0xb76052f90170_0 .var "col", 3 0;
v0xb76052f90270_0 .var/2s "h", 31 0;
v0xb76052f90350_0 .var/2s "w", 31 0;
v0xb76052f90410_0 .var/2s "x0", 31 0;
v0xb76052f904f0_0 .var/2s "y0", 31 0;
TD_tb_scheduler.fill_rect ;
    %fork t_13, S_0xb76052f8fbc0;
    %jmp t_12;
    .scope S_0xb76052f8fbc0;
t_13 ;
    %load/vec4 v0xb76052f904f0_0;
    %store/vec4 v0xb76052f90070_0, 0, 32;
T_4.18 ;
    %load/vec4 v0xb76052f90070_0;
    %load/vec4 v0xb76052f904f0_0;
    %load/vec4 v0xb76052f90270_0;
    %add;
    %cmp/s;
    %jmp/0xz T_4.19, 5;
    %fork t_15, S_0xb76052f8fd70;
    %jmp t_14;
    .scope S_0xb76052f8fd70;
t_15 ;
    %load/vec4 v0xb76052f90410_0;
    %store/vec4 v0xb76052f8ff70_0, 0, 32;
T_4.20 ;
    %load/vec4 v0xb76052f8ff70_0;
    %load/vec4 v0xb76052f90410_0;
    %load/vec4 v0xb76052f90350_0;
    %add;
    %cmp/s;
    %jmp/0xz T_4.21, 5;
    %load/vec4 v0xb76052f90170_0;
    %load/vec4 v0xb76052f90070_0;
    %pad/s 41;
    %pad/s 49;
    %muli 256, 0, 49;
    %pad/s 50;
    %load/vec4 v0xb76052f8ff70_0;
    %pad/s 50;
    %add;
    %ix/vec4/s 4;
    %store/vec4a v0xb76052f93b50, 4, 0;
    ; show_stmt_assign_vector: Get l-value for compressed += operand
    %load/vec4 v0xb76052f8ff70_0;
    %pushi/vec4 1, 0, 32;
    %add;
    %cast2;
    %store/vec4 v0xb76052f8ff70_0, 0, 32;
    %jmp T_4.20;
T_4.21 ;
    %end;
    .scope S_0xb76052f8fbc0;
t_14 %join;
    ; show_stmt_assign_vector: Get l-value for compressed += operand
    %load/vec4 v0xb76052f90070_0;
    %pushi/vec4 1, 0, 32;
    %add;
    %cast2;
    %store/vec4 v0xb76052f90070_0, 0, 32;
    %jmp T_4.18;
T_4.19 ;
    %end;
    .scope S_0xb76052f8f9e0;
t_12 %join;
    %end;
S_0xb76052f8fbc0 .scope autobegin, "$ivl_for_loop0" "$ivl_for_loop0" 9 272, 9 272 0, S_0xb76052f8f9e0;
 .timescale -9 -12;
v0xb76052f90070_0 .var/2s "iy", 31 0;
S_0xb76052f8fd70 .scope autobegin, "$ivl_for_loop1" "$ivl_for_loop1" 9 273, 9 273 0, S_0xb76052f8fbc0;
 .timescale -9 -12;
v0xb76052f8ff70_0 .var/2s "ix", 31 0;
S_0xb76052f90620 .scope autofunction.vec2.u32, "find_fill" "find_fill" 9 314, 9 314 0, S_0xb76052ef4350;
 .timescale -9 -12;
; Variable find_fill is bool return value of scope S_0xb76052f90620
v0xb76052f90c00_0 .var/2s "tsz", 31 0;
v0xb76052f90ce0_0 .var/2s "tx", 31 0;
v0xb76052f90da0_0 .var/2s "ty", 31 0;
TD_tb_scheduler.find_fill ;
    %fork t_17, S_0xb76052f90800;
    %jmp t_16;
    .scope S_0xb76052f90800;
t_17 ;
    %pushi/vec4 0, 0, 32;
    %store/vec4 v0xb76052f90a00_0, 0, 32;
T_5.22 ;
    %load/vec4 v0xb76052f90a00_0;
    %load/vec4 v0xb76052f93830_0;
    %cmp/s;
    %jmp/0xz T_5.23, 5;
    %ix/getv/s 4, v0xb76052f90a00_0;
    %load/vec4a v0xb76052f939d0, 4;
    %load/vec4 v0xb76052f90ce0_0;
    %cmp/e;
    %flag_get/vec4 4;
    %jmp/0 T_5.27, 4;
    %ix/getv/s 4, v0xb76052f90a00_0;
    %load/vec4a v0xb76052f93a90, 4;
    %load/vec4 v0xb76052f90da0_0;
    %cmp/e;
    %flag_get/vec4 4;
    %and;
T_5.27;
    %flag_set/vec4 9;
    %flag_get/vec4 9;
    %jmp/0 T_5.26, 9;
    %ix/getv/s 4, v0xb76052f90a00_0;
    %load/vec4a v0xb76052f93910, 4;
    %load/vec4 v0xb76052f90c00_0;
    %cmp/e;
    %flag_get/vec4 4;
    %and;
T_5.26;
    %flag_set/vec4 8;
    %jmp/0xz  T_5.24, 8;
    %load/vec4 v0xb76052f90a00_0;
    %ret/vec4 0, 0, 32;  Assign to find_fill (store_vec4_to_lval)
    %disable/flow S_0xb76052f90620;
T_5.24 ;
    ; show_stmt_assign_vector: Get l-value for compressed += operand
    %load/vec4 v0xb76052f90a00_0;
    %pushi/vec4 1, 0, 32;
    %add;
    %cast2;
    %store/vec4 v0xb76052f90a00_0, 0, 32;
    %jmp T_5.22;
T_5.23 ;
    %end;
    .scope S_0xb76052f90620;
t_16 %join;
    %pushi/vec4 4294967295, 0, 32;
    %ret/vec4 0, 0, 32;  Assign to find_fill (store_vec4_to_lval)
    %disable/flow S_0xb76052f90620;
    %end;
S_0xb76052f90800 .scope autobegin, "$ivl_for_loop8" "$ivl_for_loop8" 9 315, 9 315 0, S_0xb76052f90620;
 .timescale -9 -12;
v0xb76052f90a00_0 .var/2s "i", 31 0;
S_0xb76052f90e80 .scope begin, "flush_mon" "flush_mon" 9 228, 9 228 0, S_0xb76052ef4350;
 .timescale -9 -12;
v0xb76052f91060_0 .var/2s "cx", 31 0;
v0xb76052f91160_0 .var/2s "cy", 31 0;
S_0xb76052f91240 .scope begin, "push_mon" "push_mon" 9 234, 9 234 0, S_0xb76052ef4350;
 .timescale -9 -12;
v0xb76052f91420_0 .var/2s "px", 31 0;
v0xb76052f91520_0 .var/2s "py", 31 0;
S_0xb76052f91600 .scope autotask, "sched_reset_start" "sched_reset_start" 9 322, 9 322 0, S_0xb76052ef4350;
 .timescale -9 -12;
TD_tb_scheduler.sched_reset_start ;
    %pushi/vec4 1, 0, 1;
    %store/vec4 v0xb76052f94090_0, 0, 1;
    %pushi/vec4 0, 0, 1;
    %store/vec4 v0xb76052f94130_0, 0, 1;
    %alloc S_0xb76052f92130;
    %pushi/vec4 1, 0, 32;
    %store/vec4 v0xb76052f92310_0, 0, 32;
    %fork TD_tb_scheduler.tick, S_0xb76052f92130;
    %join;
    %free S_0xb76052f92130;
    %pushi/vec4 0, 0, 1;
    %store/vec4 v0xb76052f94090_0, 0, 1;
    %pushi/vec4 1, 0, 1;
    %store/vec4 v0xb76052f94130_0, 0, 1;
    %alloc S_0xb76052f92130;
    %pushi/vec4 1, 0, 32;
    %store/vec4 v0xb76052f92310_0, 0, 32;
    %fork TD_tb_scheduler.tick, S_0xb76052f92130;
    %join;
    %free S_0xb76052f92130;
    %pushi/vec4 0, 0, 1;
    %store/vec4 v0xb76052f94130_0, 0, 1;
    %end;
S_0xb76052f917e0 .scope autotask, "set_pixel" "set_pixel" 9 277, 9 277 0, S_0xb76052ef4350;
 .timescale -9 -12;
v0xb76052f919c0_0 .var "col", 3 0;
v0xb76052f91ac0_0 .var/2s "x", 31 0;
v0xb76052f91ba0_0 .var/2s "y", 31 0;
TD_tb_scheduler.set_pixel ;
    %load/vec4 v0xb76052f919c0_0;
    %load/vec4 v0xb76052f91ba0_0;
    %pad/s 41;
    %pad/s 49;
    %muli 256, 0, 49;
    %pad/s 50;
    %load/vec4 v0xb76052f91ac0_0;
    %pad/s 50;
    %add;
    %ix/vec4/s 4;
    %store/vec4a v0xb76052f93b50, 4, 0;
    %end;
S_0xb76052f91c90 .scope autotask, "suite" "suite" 9 39, 9 39 0, S_0xb76052ef4350;
 .timescale -9 -12;
v0xb76052f91e70_0 .var/str "name";
TD_tb_scheduler.suite ;
    %load/str v0xb76052f91e70_0;
    %store/str v0xb76052f93390_0;
    %vpi_call/w 9 41 "$display", "\012%0s", "========================================================================" {0 0 0};
    %vpi_call/w 9 42 "$display", "  SUITE: %s", v0xb76052f91e70_0 {0 0 0};
    %vpi_call/w 9 43 "$display", "%0s", "========================================================================" {0 0 0};
    %end;
S_0xb76052f91f50 .scope autotask, "summary" "summary" 9 57, 9 57 0, S_0xb76052ef4350;
 .timescale -9 -12;
TD_tb_scheduler.summary ;
    %vpi_call/w 9 58 "$display", "\012%0s", "========================================================================" {0 0 0};
    %vpi_call/w 9 59 "$display", "  RESULTS: %0d / %0d passed", v0xb76052f942a0_0, v0xb76052f94380_0 {0 0 0};
    %load/vec4 v0xb76052f94200_0;
    %cmpi/e 0, 0, 32;
    %jmp/0xz  T_9.28, 4;
    %vpi_call/w 9 61 "$display", "  ALL TESTS PASSED" {0 0 0};
    %jmp T_9.29;
T_9.28 ;
    %vpi_call/w 9 63 "$display", "  %0d TEST(S) FAILED", v0xb76052f94200_0 {0 0 0};
T_9.29 ;
    %vpi_call/w 9 64 "$display", "%0s\012", "========================================================================" {0 0 0};
    %end;
S_0xb76052f92130 .scope autotask, "tick" "tick" 9 72, 9 72 0, S_0xb76052ef4350;
 .timescale -9 -12;
v0xb76052f92310_0 .var/2s "n", 31 0;
TD_tb_scheduler.tick ;
    %load/vec4 v0xb76052f92310_0;
T_10.30 %dup/vec4;
    %pushi/vec4 0, 0, 32;
    %cmp/s;
    %jmp/1xz T_10.31, 5;
    %jmp/1 T_10.31, 4;
    %pushi/vec4 1, 0, 32;
    %sub;
    %wait E_0xb76052e2dd10;
    %jmp T_10.30;
T_10.31 ;
    %pop/vec4 1;
    %delay 1000, 0;
    %end;
S_0xb76052f92410 .scope autotask, "wait_done" "wait_done" 9 329, 9 329 0, S_0xb76052ef4350;
 .timescale -9 -12;
v0xb76052f928f0_0 .var "timed_out", 0 0;
TD_tb_scheduler.wait_done ;
    %pushi/vec4 0, 0, 1;
    %store/vec4 v0xb76052f928f0_0, 0, 1;
    %fork t_19, S_0xb76052f925f0;
    %jmp t_18;
    .scope S_0xb76052f925f0;
t_19 ;
    %pushi/vec4 0, 0, 32;
    %store/vec4 v0xb76052f927f0_0, 0, 32;
T_11.32 ;
    %load/vec4 v0xb76052f927f0_0;
    %cmpi/s 200000, 0, 32;
    %jmp/0xz T_11.33, 5;
    %load/vec4 v0xb76052f934d0_0;
    %flag_set/vec4 8;
    %jmp/0xz  T_11.34, 8;
    %disable S_0xb76052f925f0;
T_11.34 ;
    %alloc S_0xb76052f92130;
    %pushi/vec4 1, 0, 32;
    %store/vec4 v0xb76052f92310_0, 0, 32;
    %fork TD_tb_scheduler.tick, S_0xb76052f92130;
    %join;
    %free S_0xb76052f92130;
    %load/vec4 v0xb76052f927f0_0;
    %addi 1, 0, 32;
    %cast2;
    %store/vec4 v0xb76052f927f0_0, 0, 32;
    %jmp T_11.32;
T_11.33 ;
    %pushi/vec4 1, 0, 1;
    %store/vec4 v0xb76052f928f0_0, 0, 1;
    %end;
    .scope S_0xb76052f92410;
t_18 %join;
    %end;
S_0xb76052f925f0 .scope autobegin, "wait_loop" "wait_loop" 9 331, 9 331 0, S_0xb76052f92410;
 .timescale -9 -12;
v0xb76052f927f0_0 .var/2s "i", 31 0;
    .scope S_0xb76052f095b0;
T_12 ;
    %wait E_0xb76052e2d060;
    %load/vec4 v0xb76052f7df20_0;
    %flag_set/vec4 8;
    %jmp/0xz  T_12.0, 8;
    %pushi/vec4 0, 0, 1;
    %assign/vec4 v0xb76052f7d7a0_0, 0;
    %pushi/vec4 0, 0, 1;
    %assign/vec4 v0xb76052f7d6e0_0, 0;
    %pushi/vec4 0, 0, 4;
    %assign/vec4 v0xb76052f7dd80_0, 0;
    %pushi/vec4 0, 0, 1;
    %assign/vec4 v0xb76052f7de60_0, 0;
    %pushi/vec4 0, 0, 11;
    %assign/vec4 v0xb76052f7e0a0_0, 0;
    %jmp T_12.1;
T_12.0 ;
    %load/vec4 v0xb76052f7dfe0_0;
    %flag_set/vec4 8;
    %jmp/0xz  T_12.2, 8;
    %pushi/vec4 0, 0, 1;
    %assign/vec4 v0xb76052f7d7a0_0, 0;
    %pushi/vec4 0, 0, 1;
    %assign/vec4 v0xb76052f7d6e0_0, 0;
    %pushi/vec4 0, 0, 4;
    %assign/vec4 v0xb76052f7dd80_0, 0;
    %pushi/vec4 0, 0, 1;
    %assign/vec4 v0xb76052f7de60_0, 0;
    %pushi/vec4 0, 0, 11;
    %assign/vec4 v0xb76052f7e0a0_0, 0;
    %jmp T_12.3;
T_12.2 ;
    %load/vec4 v0xb76052f7d620_0;
    %flag_set/vec4 9;
    %flag_get/vec4 9;
    %jmp/0 T_12.6, 9;
    %load/vec4 v0xb76052f7dbe0_0;
    %and;
T_12.6;
    %flag_set/vec4 8;
    %jmp/0xz  T_12.4, 8;
    %load/vec4 v0xb76052f7de60_0;
    %nor/r;
    %flag_set/vec4 8;
    %jmp/0xz  T_12.7, 8;
    %load/vec4 v0xb76052f7d860_0;
    %assign/vec4 v0xb76052f7dd80_0, 0;
    %pushi/vec4 1, 0, 1;
    %assign/vec4 v0xb76052f7de60_0, 0;
    %jmp T_12.8;
T_12.7 ;
    %load/vec4 v0xb76052f7d860_0;
    %load/vec4 v0xb76052f7dd80_0;
    %cmp/ne;
    %jmp/0xz  T_12.9, 4;
    %pushi/vec4 1, 0, 1;
    %assign/vec4 v0xb76052f7d7a0_0, 0;
T_12.9 ;
T_12.8 ;
    %load/vec4 v0xb76052f7e0a0_0;
    %addi 1, 0, 11;
    %assign/vec4 v0xb76052f7e0a0_0, 0;
    %load/vec4 v0xb76052f7e0a0_0;
    %addi 1, 0, 11;
    %load/vec4 v0xb76052f7db00_0;
    %cmp/e;
    %jmp/0xz  T_12.11, 4;
    %pushi/vec4 1, 0, 1;
    %assign/vec4 v0xb76052f7d6e0_0, 0;
T_12.11 ;
T_12.4 ;
T_12.3 ;
T_12.1 ;
    %jmp T_12;
    .thread T_12;
    .scope S_0xb76052f7e6c0;
T_13 ;
    %wait E_0xb76052e30830;
    %load/vec4 v0xb76052f7f880_0;
    %flag_set/vec4 8;
    %jmp/1 T_13.2, 8;
    %load/vec4 v0xb76052f7f3e0_0;
    %flag_set/vec4 9;
    %flag_or 8, 9;
T_13.2;
    %jmp/0xz  T_13.0, 8;
    %pushi/vec4 0, 0, 5;
    %assign/vec4 v0xb76052f7f560_0, 0;
    %pushi/vec4 0, 0, 5;
    %assign/vec4 v0xb76052f7f940_0, 0;
    %pushi/vec4 0, 0, 6;
    %assign/vec4 v0xb76052f7f080_0, 0;
    %jmp T_13.1;
T_13.0 ;
    %load/vec4 v0xb76052f7f7c0_0;
    %flag_set/vec4 9;
    %flag_get/vec4 9;
    %jmp/0 T_13.5, 9;
    %load/vec4 v0xb76052f7f4a0_0;
    %nor/r;
    %and;
T_13.5;
    %flag_set/vec4 8;
    %jmp/0xz  T_13.3, 8;
    %load/vec4 v0xb76052f7f160_0;
    %load/vec4 v0xb76052f7f560_0;
    %pad/u 7;
    %ix/vec4 3;
    %ix/load 4, 0, 0; Constant delay
    %assign/vec4/a/d v0xb76052f7f640, 0, 4;
    %load/vec4 v0xb76052f7f560_0;
    %addi 1, 0, 5;
    %assign/vec4 v0xb76052f7f560_0, 0;
T_13.3 ;
    %load/vec4 v0xb76052f7f700_0;
    %flag_set/vec4 9;
    %flag_get/vec4 9;
    %jmp/0 T_13.8, 9;
    %load/vec4 v0xb76052f7f320_0;
    %nor/r;
    %and;
T_13.8;
    %flag_set/vec4 8;
    %jmp/0xz  T_13.6, 8;
    %load/vec4 v0xb76052f7f940_0;
    %addi 1, 0, 5;
    %assign/vec4 v0xb76052f7f940_0, 0;
T_13.6 ;
    %load/vec4 v0xb76052f7f7c0_0;
    %flag_set/vec4 8;
    %flag_get/vec4 8;
    %jmp/0 T_13.13, 8;
    %load/vec4 v0xb76052f7f4a0_0;
    %nor/r;
    %and;
T_13.13;
    %load/vec4 v0xb76052f7f700_0;
    %flag_set/vec4 8;
    %flag_get/vec4 8;
    %jmp/0 T_13.14, 8;
    %load/vec4 v0xb76052f7f320_0;
    %nor/r;
    %and;
T_13.14;
    %concat/vec4; draw_concat_vec4
    %dup/vec4;
    %pushi/vec4 2, 0, 2;
    %cmp/u;
    %jmp/1 T_13.9, 6;
    %dup/vec4;
    %pushi/vec4 1, 0, 2;
    %cmp/u;
    %jmp/1 T_13.10, 6;
    %load/vec4 v0xb76052f7f080_0;
    %assign/vec4 v0xb76052f7f080_0, 0;
    %jmp T_13.12;
T_13.9 ;
    %load/vec4 v0xb76052f7f080_0;
    %addi 1, 0, 6;
    %assign/vec4 v0xb76052f7f080_0, 0;
    %jmp T_13.12;
T_13.10 ;
    %load/vec4 v0xb76052f7f080_0;
    %subi 1, 0, 6;
    %assign/vec4 v0xb76052f7f080_0, 0;
    %jmp T_13.12;
T_13.12 ;
    %pop/vec4 1;
T_13.1 ;
    %jmp T_13;
    .thread T_13;
    .scope S_0xb76052f813a0;
T_14 ;
    %wait E_0xb76052e2da60;
    %load/vec4 v0xb76052f82640_0;
    %flag_set/vec4 8;
    %jmp/1 T_14.2, 8;
    %load/vec4 v0xb76052f821a0_0;
    %flag_set/vec4 9;
    %flag_or 8, 9;
T_14.2;
    %jmp/0xz  T_14.0, 8;
    %pushi/vec4 0, 0, 11;
    %assign/vec4 v0xb76052f82320_0, 0;
    %pushi/vec4 0, 0, 11;
    %assign/vec4 v0xb76052f82700_0, 0;
    %pushi/vec4 0, 0, 12;
    %assign/vec4 v0xb76052f81e40_0, 0;
    %jmp T_14.1;
T_14.0 ;
    %load/vec4 v0xb76052f82580_0;
    %flag_set/vec4 9;
    %flag_get/vec4 9;
    %jmp/0 T_14.5, 9;
    %load/vec4 v0xb76052f82260_0;
    %nor/r;
    %and;
T_14.5;
    %flag_set/vec4 8;
    %jmp/0xz  T_14.3, 8;
    %load/vec4 v0xb76052f81f20_0;
    %load/vec4 v0xb76052f82320_0;
    %pad/u 13;
    %ix/vec4 3;
    %ix/load 4, 0, 0; Constant delay
    %assign/vec4/a/d v0xb76052f82400, 0, 4;
    %load/vec4 v0xb76052f82320_0;
    %addi 1, 0, 11;
    %assign/vec4 v0xb76052f82320_0, 0;
T_14.3 ;
    %load/vec4 v0xb76052f824c0_0;
    %flag_set/vec4 9;
    %flag_get/vec4 9;
    %jmp/0 T_14.8, 9;
    %load/vec4 v0xb76052f820e0_0;
    %nor/r;
    %and;
T_14.8;
    %flag_set/vec4 8;
    %jmp/0xz  T_14.6, 8;
    %load/vec4 v0xb76052f82700_0;
    %addi 1, 0, 11;
    %assign/vec4 v0xb76052f82700_0, 0;
T_14.6 ;
    %load/vec4 v0xb76052f82580_0;
    %flag_set/vec4 8;
    %flag_get/vec4 8;
    %jmp/0 T_14.13, 8;
    %load/vec4 v0xb76052f82260_0;
    %nor/r;
    %and;
T_14.13;
    %load/vec4 v0xb76052f824c0_0;
    %flag_set/vec4 8;
    %flag_get/vec4 8;
    %jmp/0 T_14.14, 8;
    %load/vec4 v0xb76052f820e0_0;
    %nor/r;
    %and;
T_14.14;
    %concat/vec4; draw_concat_vec4
    %dup/vec4;
    %pushi/vec4 2, 0, 2;
    %cmp/u;
    %jmp/1 T_14.9, 6;
    %dup/vec4;
    %pushi/vec4 1, 0, 2;
    %cmp/u;
    %jmp/1 T_14.10, 6;
    %load/vec4 v0xb76052f81e40_0;
    %assign/vec4 v0xb76052f81e40_0, 0;
    %jmp T_14.12;
T_14.9 ;
    %load/vec4 v0xb76052f81e40_0;
    %addi 1, 0, 12;
    %assign/vec4 v0xb76052f81e40_0, 0;
    %jmp T_14.12;
T_14.10 ;
    %load/vec4 v0xb76052f81e40_0;
    %subi 1, 0, 12;
    %assign/vec4 v0xb76052f81e40_0, 0;
    %jmp T_14.12;
T_14.12 ;
    %pop/vec4 1;
T_14.1 ;
    %jmp T_14;
    .thread T_14;
    .scope S_0xb76052f03ed0;
T_15 ;
    %wait E_0xb76052e2da60;
    %load/vec4 v0xb76052f83950_0;
    %flag_set/vec4 8;
    %jmp/1 T_15.2, 8;
    %load/vec4 v0xb76052f832d0_0;
    %flag_set/vec4 9;
    %flag_or 8, 9;
T_15.2;
    %jmp/0xz  T_15.0, 8;
    %pushi/vec4 0, 0, 1;
    %assign/vec4 v0xb76052f83410_0, 0;
    %pushi/vec4 0, 0, 18;
    %assign/vec4 v0xb76052f83210_0, 0;
    %jmp T_15.1;
T_15.0 ;
    %load/vec4 v0xb76052f83cd0_0;
    %flag_set/vec4 8;
    %flag_get/vec4 8;
    %jmp/0 T_15.3, 8;
    %load/vec4 v0xb76052f835e0_0;
    %nor/r;
    %and;
T_15.3;
    %assign/vec4 v0xb76052f83410_0, 0;
    %load/vec4 v0xb76052f834d0_0;
    %assign/vec4 v0xb76052f83210_0, 0;
T_15.1 ;
    %jmp T_15;
    .thread T_15;
    .scope S_0xb76052f88b40;
T_16 ;
    %wait E_0xb76052e2ff60;
    %load/vec4 v0xb76052f8a890_0;
    %flag_set/vec4 8;
    %jmp/0xz  T_16.0, 8;
    %pushi/vec4 0, 0, 10;
    %assign/vec4 v0xb76052f8aa00_0, 0;
    %pushi/vec4 0, 0, 10;
    %assign/vec4 v0xb76052f8ad80_0, 0;
    %pushi/vec4 0, 0, 10;
    %assign/vec4 v0xb76052f8a5f0_0, 0;
    %pushi/vec4 1, 0, 1;
    %assign/vec4 v0xb76052f8a2d0_0, 0;
    %pushi/vec4 0, 0, 1;
    %assign/vec4 v0xb76052f8a470_0, 0;
    %pushi/vec4 0, 0, 10;
    %assign/vec4 v0xb76052f8b020_0, 0;
    %pushi/vec4 0, 0, 10;
    %assign/vec4 v0xb76052f8b100_0, 0;
    %pushi/vec4 0, 0, 3;
    %assign/vec4 v0xb76052f8a150_0, 0;
    %jmp T_16.1;
T_16.0 ;
    %load/vec4 v0xb76052f8a960_0;
    %flag_set/vec4 8;
    %jmp/0xz  T_16.2, 8;
    %pushi/vec4 0, 0, 10;
    %assign/vec4 v0xb76052f8aa00_0, 0;
    %load/vec4 v0xb76052f89ca0_0;
    %flag_set/vec4 8;
    %jmp/0 T_16.4, 8;
    %load/vec4 v0xb76052f8ae60_0;
    %addi 1, 0, 10;
    %jmp/1 T_16.5, 8;
T_16.4 ; End of true expr.
    %load/vec4 v0xb76052f8ae60_0;
    %jmp/0 T_16.5, 8;
 ; End of false expr.
    %blend;
T_16.5;
    %assign/vec4 v0xb76052f8ad80_0, 0;
    %load/vec4 v0xb76052f89ca0_0;
    %flag_set/vec4 8;
    %jmp/0 T_16.6, 8;
    %load/vec4 v0xb76052f8ae60_0;
    %addi 1, 0, 10;
    %jmp/1 T_16.7, 8;
T_16.6 ; End of true expr.
    %load/vec4 v0xb76052f8ae60_0;
    %jmp/0 T_16.7, 8;
 ; End of false expr.
    %blend;
T_16.7;
    %assign/vec4 v0xb76052f8a5f0_0, 0;
    %pushi/vec4 1, 0, 1;
    %assign/vec4 v0xb76052f8a2d0_0, 0;
    %pushi/vec4 0, 0, 1;
    %assign/vec4 v0xb76052f8a470_0, 0;
    %load/vec4 v0xb76052f8aae0_0;
    %assign/vec4 v0xb76052f8b020_0, 0;
    %load/vec4 v0xb76052f8abc0_0;
    %assign/vec4 v0xb76052f8b100_0, 0;
    %pushi/vec4 2, 0, 3;
    %assign/vec4 v0xb76052f8a150_0, 0;
    %jmp T_16.3;
T_16.2 ;
    %load/vec4 v0xb76052f8a6d0_0;
    %assign/vec4 v0xb76052f8a150_0, 0;
    %load/vec4 v0xb76052f8a150_0;
    %dup/vec4;
    %pushi/vec4 2, 0, 3;
    %cmp/u;
    %jmp/1 T_16.8, 6;
    %dup/vec4;
    %pushi/vec4 3, 0, 3;
    %cmp/u;
    %jmp/1 T_16.9, 6;
    %dup/vec4;
    %pushi/vec4 5, 0, 3;
    %cmp/u;
    %jmp/1 T_16.10, 6;
    %dup/vec4;
    %pushi/vec4 4, 0, 3;
    %cmp/u;
    %jmp/1 T_16.11, 6;
    %pushi/vec4 0, 0, 10;
    %assign/vec4 v0xb76052f8b020_0, 0;
    %pushi/vec4 0, 0, 10;
    %assign/vec4 v0xb76052f8b100_0, 0;
    %jmp T_16.13;
T_16.8 ;
    %load/vec4 v0xb76052f8aae0_0;
    %load/vec4 v0xb76052f8aa00_0;
    %add;
    %assign/vec4 v0xb76052f8b020_0, 0;
    %load/vec4 v0xb76052f8abc0_0;
    %assign/vec4 v0xb76052f8b100_0, 0;
    %jmp T_16.13;
T_16.9 ;
    %load/vec4 v0xb76052f8aae0_0;
    %load/vec4 v0xb76052f8a390_0;
    %add;
    %load/vec4 v0xb76052f89ca0_0;
    %pad/u 10;
    %sub;
    %assign/vec4 v0xb76052f8b020_0, 0;
    %load/vec4 v0xb76052f8abc0_0;
    %load/vec4 v0xb76052f8ad80_0;
    %add;
    %load/vec4 v0xb76052f89d60_0;
    %pad/u 10;
    %sub;
    %subi 1, 0, 10;
    %assign/vec4 v0xb76052f8b100_0, 0;
    %jmp T_16.13;
T_16.10 ;
    %load/vec4 v0xb76052f8aae0_0;
    %assign/vec4 v0xb76052f8b020_0, 0;
    %load/vec4 v0xb76052f8abc0_0;
    %load/vec4 v0xb76052f8a390_0;
    %add;
    %load/vec4 v0xb76052f89d60_0;
    %pad/u 10;
    %sub;
    %assign/vec4 v0xb76052f8b100_0, 0;
    %jmp T_16.13;
T_16.11 ;
    %load/vec4 v0xb76052f8aae0_0;
    %load/vec4 v0xb76052f8ad80_0;
    %add;
    %load/vec4 v0xb76052f89ca0_0;
    %pad/u 10;
    %sub;
    %subi 1, 0, 10;
    %assign/vec4 v0xb76052f8b020_0, 0;
    %load/vec4 v0xb76052f8abc0_0;
    %load/vec4 v0xb76052f8aa00_0;
    %add;
    %assign/vec4 v0xb76052f8b100_0, 0;
    %load/vec4 v0xb76052f8a530_0;
    %assign/vec4 v0xb76052f8a470_0, 0;
    %load/vec4 v0xb76052f89ff0_0;
    %nor/r;
    %flag_set/vec4 8;
    %jmp/0xz  T_16.14, 8;
    %load/vec4 v0xb76052f8aa00_0;
    %load/vec4 v0xb76052f8a5f0_0;
    %subi 1, 0, 10;
    %ix/load 4, 1, 0;
    %flag_set/imm 4, 0;
    %shiftl 4;
    %add;
    %assign/vec4 v0xb76052f8aa00_0, 0;
    %jmp T_16.15;
T_16.14 ;
    %load/vec4 v0xb76052f8a5f0_0;
    %pad/u 32;
    %addi 1, 0, 32;
    %ix/load 4, 1, 0;
    %flag_set/imm 4, 0;
    %shiftr 4;
    %pad/u 10;
    %assign/vec4 v0xb76052f8a5f0_0, 0;
    %load/vec4 v0xb76052f8a5f0_0;
    %pad/u 32;
    %addi 1, 0, 32;
    %ix/load 4, 1, 0;
    %flag_set/imm 4, 0;
    %shiftr 4;
    %subi 1, 0, 32;
    %pad/u 10;
    %assign/vec4 v0xb76052f8aa00_0, 0;
    %pushi/vec4 0, 0, 1;
    %assign/vec4 v0xb76052f8a2d0_0, 0;
T_16.15 ;
    %jmp T_16.13;
T_16.13 ;
    %pop/vec4 1;
T_16.3 ;
T_16.1 ;
    %jmp T_16;
    .thread T_16;
    .scope S_0xb76052f88b40;
T_17 ;
Ewait_0 .event/or E_0xb76052e2e260, E_0x0;
    %wait Ewait_0;
    %load/vec4 v0xb76052f8a150_0;
    %store/vec4 v0xb76052f8a6d0_0, 0, 3;
    %pushi/vec4 0, 0, 1;
    %store/vec4 v0xb76052f8a210_0, 0, 1;
    %load/vec4 v0xb76052f8a150_0;
    %dup/vec4;
    %pushi/vec4 0, 0, 3;
    %cmp/u;
    %jmp/1 T_17.0, 6;
    %dup/vec4;
    %pushi/vec4 2, 0, 3;
    %cmp/u;
    %jmp/1 T_17.1, 6;
    %dup/vec4;
    %pushi/vec4 3, 0, 3;
    %cmp/u;
    %jmp/1 T_17.2, 6;
    %dup/vec4;
    %pushi/vec4 5, 0, 3;
    %cmp/u;
    %jmp/1 T_17.3, 6;
    %dup/vec4;
    %pushi/vec4 4, 0, 3;
    %cmp/u;
    %jmp/1 T_17.4, 6;
    %pushi/vec4 0, 0, 3;
    %store/vec4 v0xb76052f8a6d0_0, 0, 3;
    %jmp T_17.6;
T_17.0 ;
    %pushi/vec4 0, 0, 3;
    %store/vec4 v0xb76052f8a6d0_0, 0, 3;
    %pushi/vec4 1, 0, 1;
    %store/vec4 v0xb76052f8a210_0, 0, 1;
    %jmp T_17.6;
T_17.1 ;
    %pushi/vec4 3, 0, 3;
    %store/vec4 v0xb76052f8a6d0_0, 0, 3;
    %jmp T_17.6;
T_17.2 ;
    %load/vec4 v0xb76052f89d60_0;
    %flag_set/vec4 9;
    %flag_get/vec4 9;
    %jmp/0 T_17.9, 9;
    %load/vec4 v0xb76052f8a470_0;
    %and;
T_17.9;
    %flag_set/vec4 8;
    %jmp/0xz  T_17.7, 8;
    %pushi/vec4 0, 0, 3;
    %store/vec4 v0xb76052f8a6d0_0, 0, 3;
    %jmp T_17.8;
T_17.7 ;
    %pushi/vec4 5, 0, 3;
    %store/vec4 v0xb76052f8a6d0_0, 0, 3;
T_17.8 ;
    %jmp T_17.6;
T_17.3 ;
    %pushi/vec4 4, 0, 3;
    %store/vec4 v0xb76052f8a6d0_0, 0, 3;
    %jmp T_17.6;
T_17.4 ;
    %load/vec4 v0xb76052f8a470_0;
    %flag_set/vec4 8;
    %jmp/0xz  T_17.10, 8;
    %pushi/vec4 0, 0, 3;
    %store/vec4 v0xb76052f8a6d0_0, 0, 3;
    %jmp T_17.11;
T_17.10 ;
    %load/vec4 v0xb76052f89f30_0;
    %flag_set/vec4 9;
    %flag_get/vec4 9;
    %jmp/0 T_17.14, 9;
    %load/vec4 v0xb76052f8a530_0;
    %and;
T_17.14;
    %flag_set/vec4 8;
    %jmp/0xz  T_17.12, 8;
    %pushi/vec4 0, 0, 3;
    %store/vec4 v0xb76052f8a6d0_0, 0, 3;
    %jmp T_17.13;
T_17.12 ;
    %load/vec4 v0xb76052f89ca0_0;
    %flag_set/vec4 9;
    %flag_get/vec4 9;
    %jmp/0 T_17.17, 9;
    %load/vec4 v0xb76052f8a530_0;
    %and;
T_17.17;
    %flag_set/vec4 8;
    %jmp/0xz  T_17.15, 8;
    %pushi/vec4 5, 0, 3;
    %store/vec4 v0xb76052f8a6d0_0, 0, 3;
    %jmp T_17.16;
T_17.15 ;
    %pushi/vec4 2, 0, 3;
    %store/vec4 v0xb76052f8a6d0_0, 0, 3;
T_17.16 ;
T_17.13 ;
T_17.11 ;
    %jmp T_17.6;
T_17.6 ;
    %pop/vec4 1;
    %jmp T_17;
    .thread T_17, $push;
    .scope S_0xb76052f87720;
T_18 ;
    %wait E_0xb76052e2ff60;
    %load/vec4 v0xb76052f887e0_0;
    %flag_set/vec4 8;
    %jmp/0xz  T_18.0, 8;
    %pushi/vec4 0, 0, 2;
    %assign/vec4 v0xb76052f88960_0, 0;
    %pushi/vec4 0, 0, 27;
    %assign/vec4 v0xb76052f88400_0, 0;
    %jmp T_18.1;
T_18.0 ;
    %load/vec4 v0xb76052f88720_0;
    %flag_set/vec4 9;
    %flag_get/vec4 9;
    %jmp/0 T_18.4, 9;
    %load/vec4 v0xb76052f885a0_0;
    %nor/r;
    %and;
T_18.4;
    %flag_set/vec4 8;
    %jmp/0xz  T_18.2, 8;
    %load/vec4 v0xb76052f88320_0;
    %load/vec4 v0xb76052f88960_0;
    %pad/u 4;
    %ix/vec4 3;
    %ix/load 4, 0, 0; Constant delay
    %assign/vec4/a/d v0xb76052f888a0, 0, 4;
    %load/vec4 v0xb76052f88960_0;
    %addi 1, 0, 2;
    %assign/vec4 v0xb76052f88960_0, 0;
    %jmp T_18.3;
T_18.2 ;
    %load/vec4 v0xb76052f88660_0;
    %flag_set/vec4 9;
    %flag_get/vec4 9;
    %jmp/0 T_18.7, 9;
    %load/vec4 v0xb76052f884e0_0;
    %nor/r;
    %and;
T_18.7;
    %flag_set/vec4 8;
    %jmp/0xz  T_18.5, 8;
    %load/vec4 v0xb76052f88960_0;
    %subi 1, 0, 2;
    %assign/vec4 v0xb76052f88960_0, 0;
    %load/vec4 v0xb76052f88960_0;
    %pad/u 32;
    %subi 1, 0, 32;
    %ix/vec4 4;
    %load/vec4a v0xb76052f888a0, 4;
    %assign/vec4 v0xb76052f88400_0, 0;
T_18.5 ;
T_18.3 ;
T_18.1 ;
    %jmp T_18;
    .thread T_18;
    .scope S_0xb76052f86fe0;
T_19 ;
    %wait E_0xb76052e2ff60;
    %load/vec4 v0xb76052f8e140_0;
    %flag_set/vec4 8;
    %jmp/0xz  T_19.0, 8;
    %pushi/vec4 0, 0, 32;
    %assign/vec4 v0xb76052f8d0c0_0, 0;
    %pushi/vec4 0, 0, 1;
    %assign/vec4 v0xb76052f8da80_0, 0;
    %pushi/vec4 0, 0, 1;
    %assign/vec4 v0xb76052f8db40_0, 0;
    %jmp T_19.1;
T_19.0 ;
    %load/vec4 v0xb76052f8d5a0_0;
    %assign/vec4 v0xb76052f8d0c0_0, 0;
    %load/vec4 v0xb76052f8d0c0_0;
    %dup/vec4;
    %pushi/vec4 1, 0, 32;
    %cmp/u;
    %jmp/1 T_19.2, 6;
    %dup/vec4;
    %pushi/vec4 3, 0, 32;
    %cmp/u;
    %jmp/1 T_19.3, 6;
    %dup/vec4;
    %pushi/vec4 4, 0, 32;
    %cmp/u;
    %jmp/1 T_19.4, 6;
    %dup/vec4;
    %pushi/vec4 5, 0, 32;
    %cmp/u;
    %jmp/1 T_19.5, 6;
    %dup/vec4;
    %pushi/vec4 11, 0, 32;
    %cmp/u;
    %jmp/1 T_19.6, 6;
    %dup/vec4;
    %pushi/vec4 6, 0, 32;
    %cmp/u;
    %jmp/1 T_19.7, 6;
    %dup/vec4;
    %pushi/vec4 7, 0, 32;
    %cmp/u;
    %jmp/1 T_19.8, 6;
    %dup/vec4;
    %pushi/vec4 8, 0, 32;
    %cmp/u;
    %jmp/1 T_19.9, 6;
    %dup/vec4;
    %pushi/vec4 9, 0, 32;
    %cmp/u;
    %jmp/1 T_19.10, 6;
    %dup/vec4;
    %pushi/vec4 12, 0, 32;
    %cmp/u;
    %jmp/1 T_19.11, 6;
    %jmp T_19.12;
T_19.2 ;
    %pushi/vec4 0, 0, 2;
    %assign/vec4 v0xb76052f8c9b0_0, 0;
    %pushi/vec4 0, 0, 4;
    %assign/vec4 v0xb76052f8f060_0, 0;
    %pushi/vec4 0, 0, 10;
    %assign/vec4 v0xb76052f8e8e0_0, 0;
    %pushi/vec4 0, 0, 10;
    %assign/vec4 v0xb76052f8e980_0, 0;
    %jmp T_19.12;
T_19.3 ;
    %load/vec4 v0xb76052f8dce0_0;
    %assign/vec4 v0xb76052f8e8e0_0, 0;
    %load/vec4 v0xb76052f8ddc0_0;
    %assign/vec4 v0xb76052f8e980_0, 0;
    %load/vec4 v0xb76052f8dea0_0;
    %assign/vec4 v0xb76052f8f060_0, 0;
    %load/vec4 v0xb76052f8dc00_0;
    %assign/vec4 v0xb76052f8c9b0_0, 0;
    %load/vec4 v0xb76052f8e560_0;
    %assign/vec4 v0xb76052f8da80_0, 0;
    %load/vec4 v0xb76052f8e600_0;
    %assign/vec4 v0xb76052f8db40_0, 0;
    %jmp T_19.12;
T_19.4 ;
    %jmp T_19.12;
T_19.5 ;
    %load/vec4 v0xb76052f8eea0_0;
    %pad/u 9;
    %assign/vec4 v0xb76052f8d3e0_0, 0;
    %load/vec4 v0xb76052f8ef90_0;
    %pad/u 9;
    %assign/vec4 v0xb76052f8d4c0_0, 0;
    %jmp T_19.12;
T_19.6 ;
    %pushi/vec4 0, 0, 2;
    %assign/vec4 v0xb76052f8c9b0_0, 0;
    %load/vec4 v0xb76052f8f060_0;
    %addi 1, 0, 4;
    %assign/vec4 v0xb76052f8f060_0, 0;
    %load/vec4 v0xb76052f8c770_0;
    %assign/vec4 v0xb76052f8da80_0, 0;
    %load/vec4 v0xb76052f8c810_0;
    %assign/vec4 v0xb76052f8db40_0, 0;
    %jmp T_19.12;
T_19.7 ;
    %load/vec4 v0xb76052f8e8e0_0;
    %assign/vec4 v0xb76052f8df80_0, 0;
    %load/vec4 v0xb76052f8e980_0;
    %assign/vec4 v0xb76052f8e060_0, 0;
    %jmp T_19.12;
T_19.8 ;
    %load/vec4 v0xb76052f8df80_0;
    %load/vec4 v0xb76052f8e8e0_0;
    %load/vec4 v0xb76052f8d800_0;
    %add;
    %subi 2, 0, 10;
    %cmp/e;
    %jmp/0xz  T_19.13, 4;
    %load/vec4 v0xb76052f8e8e0_0;
    %assign/vec4 v0xb76052f8df80_0, 0;
    %load/vec4 v0xb76052f8e060_0;
    %addi 1, 0, 10;
    %assign/vec4 v0xb76052f8e060_0, 0;
    %jmp T_19.14;
T_19.13 ;
    %load/vec4 v0xb76052f8df80_0;
    %addi 1, 0, 10;
    %assign/vec4 v0xb76052f8df80_0, 0;
T_19.14 ;
    %jmp T_19.12;
T_19.9 ;
    %jmp T_19.12;
T_19.10 ;
    %load/vec4 v0xb76052f8c9b0_0;
    %cmpi/ne 3, 0, 2;
    %jmp/0xz  T_19.15, 4;
    %load/vec4 v0xb76052f8c9b0_0;
    %addi 1, 0, 2;
    %assign/vec4 v0xb76052f8c9b0_0, 0;
    %load/vec4 v0xb76052f8c9b0_0;
    %dup/vec4;
    %pushi/vec4 0, 0, 2;
    %cmp/u;
    %jmp/1 T_19.17, 6;
    %dup/vec4;
    %pushi/vec4 1, 0, 2;
    %cmp/u;
    %jmp/1 T_19.18, 6;
    %dup/vec4;
    %pushi/vec4 2, 0, 2;
    %cmp/u;
    %jmp/1 T_19.19, 6;
    %jmp T_19.20;
T_19.17 ;
    %load/vec4 v0xb76052f8e8e0_0;
    %load/vec4 v0xb76052f8d800_0;
    %add;
    %subi 1, 0, 10;
    %assign/vec4 v0xb76052f8e8e0_0, 0;
    %jmp T_19.20;
T_19.18 ;
    %load/vec4 v0xb76052f8e8e0_0;
    %load/vec4 v0xb76052f8d8c0_0;
    %pad/u 10;
    %sub;
    %addi 1, 0, 10;
    %assign/vec4 v0xb76052f8e8e0_0, 0;
    %load/vec4 v0xb76052f8e980_0;
    %load/vec4 v0xb76052f8d9a0_0;
    %add;
    %subi 1, 0, 10;
    %assign/vec4 v0xb76052f8e980_0, 0;
    %jmp T_19.20;
T_19.19 ;
    %load/vec4 v0xb76052f8e8e0_0;
    %load/vec4 v0xb76052f8d800_0;
    %add;
    %subi 1, 0, 10;
    %assign/vec4 v0xb76052f8e8e0_0, 0;
    %jmp T_19.20;
T_19.20 ;
    %pop/vec4 1;
T_19.15 ;
    %jmp T_19.12;
T_19.11 ;
    %jmp T_19.12;
T_19.12 ;
    %pop/vec4 1;
T_19.1 ;
    %jmp T_19;
    .thread T_19;
    .scope S_0xb76052f86fe0;
T_20 ;
Ewait_1 .event/or E_0xb76052e309b0, E_0x0;
    %wait Ewait_1;
    %load/vec4 v0xb76052f8d0c0_0;
    %store/vec4 v0xb76052f8d5a0_0, 0, 32;
    %pushi/vec4 0, 0, 1;
    %store/vec4 v0xb76052f8e770_0, 0, 1;
    %pushi/vec4 0, 0, 1;
    %store/vec4 v0xb76052f8e6a0_0, 0, 1;
    %pushi/vec4 0, 0, 1;
    %store/vec4 v0xb76052f8d760_0, 0, 1;
    %pushi/vec4 0, 0, 1;
    %store/vec4 v0xb76052f8d1a0_0, 0, 1;
    %pushi/vec4 0, 0, 1;
    %store/vec4 v0xb76052f8d260_0, 0, 1;
    %pushi/vec4 0, 0, 1;
    %store/vec4 v0xb76052f8d320_0, 0, 1;
    %pushi/vec4 0, 0, 1;
    %store/vec4 v0xb76052f8eb40_0, 0, 1;
    %pushi/vec4 0, 0, 8;
    %store/vec4 v0xb76052f8ece0_0, 0, 8;
    %pushi/vec4 0, 0, 8;
    %store/vec4 v0xb76052f8edc0_0, 0, 8;
    %pushi/vec4 0, 0, 8;
    %store/vec4 v0xb76052f8ec00_0, 0, 8;
    %pushi/vec4 0, 0, 4;
    %store/vec4 v0xb76052f8ea60_0, 0, 4;
    %pushi/vec4 256, 0, 9;
    %ix/getv 4, v0xb76052f8f060_0;
    %shiftr 4;
    %store/vec4 v0xb76052f8d680_0, 0, 9;
    %load/vec4 v0xb76052f8f060_0;
    %cmpi/e 0, 0, 4;
    %jmp/0xz  T_20.0, 4;
    %pushi/vec4 0, 0, 1;
    %store/vec4 v0xb76052f8c770_0, 0, 1;
    %pushi/vec4 0, 0, 1;
    %store/vec4 v0xb76052f8c810_0, 0, 1;
    %jmp T_20.1;
T_20.0 ;
    %load/vec4 v0xb76052f8f060_0;
    %cmpi/e 1, 0, 4;
    %jmp/0xz  T_20.2, 4;
    %load/vec4 v0xb76052f8cd30_0;
    %store/vec4 v0xb76052f8c770_0, 0, 1;
    %load/vec4 v0xb76052f8cdf0_0;
    %store/vec4 v0xb76052f8c810_0, 0, 1;
    %jmp T_20.3;
T_20.2 ;
    %load/vec4 v0xb76052f8da80_0;
    %flag_set/vec4 8;
    %flag_get/vec4 8;
    %jmp/0 T_20.4, 8;
    %load/vec4 v0xb76052f8cd30_0;
    %and;
T_20.4;
    %store/vec4 v0xb76052f8c770_0, 0, 1;
    %load/vec4 v0xb76052f8db40_0;
    %flag_set/vec4 8;
    %flag_get/vec4 8;
    %jmp/0 T_20.5, 8;
    %load/vec4 v0xb76052f8cdf0_0;
    %and;
T_20.5;
    %store/vec4 v0xb76052f8c810_0, 0, 1;
T_20.3 ;
T_20.1 ;
    %load/vec4 v0xb76052f8d0c0_0;
    %cmpi/e 5, 0, 32;
    %jmp/1 T_20.8, 4;
    %flag_mov 8, 4;
    %load/vec4 v0xb76052f8d0c0_0;
    %cmpi/e 6, 0, 32;
    %flag_or 4, 8;
T_20.8;
    %jmp/0xz  T_20.6, 4;
    %load/vec4 v0xb76052f8eea0_0;
    %pad/u 9;
    %store/vec4 v0xb76052f8d3e0_0, 0, 9;
    %load/vec4 v0xb76052f8ef90_0;
    %pad/u 9;
    %store/vec4 v0xb76052f8d4c0_0, 0, 9;
    %jmp T_20.7;
T_20.6 ;
    %load/vec4 v0xb76052f8d0c0_0;
    %cmpi/e 7, 0, 32;
    %jmp/0xz  T_20.9, 4;
    %load/vec4 v0xb76052f8df80_0;
    %pad/u 9;
    %store/vec4 v0xb76052f8d3e0_0, 0, 9;
    %load/vec4 v0xb76052f8e060_0;
    %pad/u 9;
    %store/vec4 v0xb76052f8d4c0_0, 0, 9;
    %jmp T_20.10;
T_20.9 ;
    %pushi/vec4 0, 0, 9;
    %store/vec4 v0xb76052f8d3e0_0, 0, 9;
    %pushi/vec4 0, 0, 9;
    %store/vec4 v0xb76052f8d4c0_0, 0, 9;
T_20.10 ;
T_20.7 ;
    %load/vec4 v0xb76052f8d680_0;
    %pad/u 10;
    %load/vec4 v0xb76052f8c770_0;
    %pad/u 10;
    %inv;
    %add;
    %store/vec4 v0xb76052f8d800_0, 0, 10;
    %load/vec4 v0xb76052f8d680_0;
    %pad/u 10;
    %load/vec4 v0xb76052f8c810_0;
    %pad/u 10;
    %inv;
    %add;
    %store/vec4 v0xb76052f8d9a0_0, 0, 10;
    %load/vec4 v0xb76052f8f060_0;
    %cmpi/u 1, 0, 4;
    %flag_or 5, 4;
    %jmp/0xz  T_20.11, 5;
    %load/vec4 v0xb76052f8d680_0;
    %store/vec4 v0xb76052f8d8c0_0, 0, 9;
    %jmp T_20.12;
T_20.11 ;
    %load/vec4 v0xb76052f8d680_0;
    %load/vec4 v0xb76052f8da80_0;
    %pad/u 9;
    %inv;
    %add;
    %store/vec4 v0xb76052f8d8c0_0, 0, 9;
T_20.12 ;
    %load/vec4 v0xb76052f8d0c0_0;
    %dup/vec4;
    %pushi/vec4 0, 0, 32;
    %cmp/u;
    %jmp/1 T_20.13, 6;
    %dup/vec4;
    %pushi/vec4 1, 0, 32;
    %cmp/u;
    %jmp/1 T_20.14, 6;
    %dup/vec4;
    %pushi/vec4 2, 0, 32;
    %cmp/u;
    %jmp/1 T_20.15, 6;
    %dup/vec4;
    %pushi/vec4 3, 0, 32;
    %cmp/u;
    %jmp/1 T_20.16, 6;
    %dup/vec4;
    %pushi/vec4 4, 0, 32;
    %cmp/u;
    %jmp/1 T_20.17, 6;
    %dup/vec4;
    %pushi/vec4 5, 0, 32;
    %cmp/u;
    %jmp/1 T_20.18, 6;
    %dup/vec4;
    %pushi/vec4 6, 0, 32;
    %cmp/u;
    %jmp/1 T_20.19, 6;
    %dup/vec4;
    %pushi/vec4 7, 0, 32;
    %cmp/u;
    %jmp/1 T_20.20, 6;
    %dup/vec4;
    %pushi/vec4 8, 0, 32;
    %cmp/u;
    %jmp/1 T_20.21, 6;
    %dup/vec4;
    %pushi/vec4 9, 0, 32;
    %cmp/u;
    %jmp/1 T_20.22, 6;
    %dup/vec4;
    %pushi/vec4 11, 0, 32;
    %cmp/u;
    %jmp/1 T_20.23, 6;
    %dup/vec4;
    %pushi/vec4 12, 0, 32;
    %cmp/u;
    %jmp/1 T_20.24, 6;
    %jmp T_20.25;
T_20.13 ;
    %load/vec4 v0xb76052f8e840_0;
    %flag_set/vec4 8;
    %jmp/0xz  T_20.26, 8;
    %pushi/vec4 1, 0, 32;
    %store/vec4 v0xb76052f8d5a0_0, 0, 32;
    %jmp T_20.27;
T_20.26 ;
    %pushi/vec4 0, 0, 32;
    %store/vec4 v0xb76052f8d5a0_0, 0, 32;
T_20.27 ;
    %jmp T_20.25;
T_20.14 ;
    %pushi/vec4 4, 0, 32;
    %store/vec4 v0xb76052f8d5a0_0, 0, 32;
    %jmp T_20.25;
T_20.15 ;
    %load/vec4 v0xb76052f8e3c0_0;
    %flag_set/vec4 8;
    %jmp/0xz  T_20.28, 8;
    %pushi/vec4 12, 0, 32;
    %store/vec4 v0xb76052f8d5a0_0, 0, 32;
    %jmp T_20.29;
T_20.28 ;
    %pushi/vec4 1, 0, 1;
    %store/vec4 v0xb76052f8e6a0_0, 0, 1;
    %pushi/vec4 3, 0, 32;
    %store/vec4 v0xb76052f8d5a0_0, 0, 32;
T_20.29 ;
    %jmp T_20.25;
T_20.16 ;
    %pushi/vec4 4, 0, 32;
    %store/vec4 v0xb76052f8d5a0_0, 0, 32;
    %jmp T_20.25;
T_20.17 ;
    %pushi/vec4 1, 0, 1;
    %store/vec4 v0xb76052f8d760_0, 0, 1;
    %pushi/vec4 5, 0, 32;
    %store/vec4 v0xb76052f8d5a0_0, 0, 32;
    %jmp T_20.25;
T_20.18 ;
    %load/vec4 v0xb76052f8cbb0_0;
    %flag_set/vec4 8;
    %jmp/0xz  T_20.30, 8;
    %pushi/vec4 8, 0, 32;
    %store/vec4 v0xb76052f8d5a0_0, 0, 32;
    %jmp T_20.31;
T_20.30 ;
    %load/vec4 v0xb76052f8cc70_0;
    %nor/r;
    %flag_set/vec4 8;
    %jmp/0xz  T_20.32, 8;
    %load/vec4 v0xb76052f8c8e0_0;
    %nor/r;
    %flag_set/vec4 8;
    %jmp/0xz  T_20.34, 8;
    %pushi/vec4 1, 0, 1;
    %store/vec4 v0xb76052f8d320_0, 0, 1;
T_20.34 ;
    %load/vec4 v0xb76052f8f060_0;
    %cmpi/e 4, 0, 4;
    %jmp/0xz  T_20.36, 4;
    %pushi/vec4 6, 0, 32;
    %store/vec4 v0xb76052f8d5a0_0, 0, 32;
    %jmp T_20.37;
T_20.36 ;
    %pushi/vec4 11, 0, 32;
    %store/vec4 v0xb76052f8d5a0_0, 0, 32;
    %pushi/vec4 1, 0, 1;
    %store/vec4 v0xb76052f8d260_0, 0, 1;
T_20.37 ;
T_20.32 ;
T_20.31 ;
    %jmp T_20.25;
T_20.19 ;
    %pushi/vec4 7, 0, 32;
    %store/vec4 v0xb76052f8d5a0_0, 0, 32;
    %pushi/vec4 1, 0, 1;
    %store/vec4 v0xb76052f8d320_0, 0, 1;
    %jmp T_20.25;
T_20.20 ;
    %pushi/vec4 1, 0, 1;
    %store/vec4 v0xb76052f8d320_0, 0, 1;
    %load/vec4 v0xb76052f8d3e0_0;
    %pad/u 10;
    %load/vec4 v0xb76052f8e8e0_0;
    %load/vec4 v0xb76052f8d800_0;
    %add;
    %subi 2, 0, 10;
    %cmp/e;
    %flag_get/vec4 4;
    %jmp/0 T_20.40, 4;
    %load/vec4 v0xb76052f8d4c0_0;
    %pad/u 10;
    %load/vec4 v0xb76052f8e980_0;
    %load/vec4 v0xb76052f8d9a0_0;
    %add;
    %subi 2, 0, 10;
    %cmp/e;
    %flag_get/vec4 4;
    %and;
T_20.40;
    %flag_set/vec4 8;
    %jmp/0xz  T_20.38, 8;
    %pushi/vec4 9, 0, 32;
    %store/vec4 v0xb76052f8d5a0_0, 0, 32;
    %jmp T_20.39;
T_20.38 ;
    %pushi/vec4 7, 0, 32;
    %store/vec4 v0xb76052f8d5a0_0, 0, 32;
T_20.39 ;
    %jmp T_20.25;
T_20.21 ;
    %pushi/vec4 1, 0, 1;
    %store/vec4 v0xb76052f8eb40_0, 0, 1;
    %load/vec4 v0xb76052f8e8e0_0;
    %pad/u 8;
    %store/vec4 v0xb76052f8ece0_0, 0, 8;
    %load/vec4 v0xb76052f8e980_0;
    %pad/u 8;
    %store/vec4 v0xb76052f8edc0_0, 0, 8;
    %load/vec4 v0xb76052f8d680_0;
    %pad/u 8;
    %store/vec4 v0xb76052f8ec00_0, 0, 8;
    %load/vec4 v0xb76052f8caf0_0;
    %store/vec4 v0xb76052f8ea60_0, 0, 4;
    %pushi/vec4 9, 0, 32;
    %store/vec4 v0xb76052f8d5a0_0, 0, 32;
    %jmp T_20.25;
T_20.22 ;
    %load/vec4 v0xb76052f8c9b0_0;
    %cmpi/e 3, 0, 2;
    %jmp/0xz  T_20.41, 4;
    %pushi/vec4 2, 0, 32;
    %store/vec4 v0xb76052f8d5a0_0, 0, 32;
    %jmp T_20.42;
T_20.41 ;
    %pushi/vec4 4, 0, 32;
    %store/vec4 v0xb76052f8d5a0_0, 0, 32;
T_20.42 ;
    %jmp T_20.25;
T_20.23 ;
    %load/vec4 v0xb76052f8e490_0;
    %nor/r;
    %flag_set/vec4 8;
    %jmp/0xz  T_20.43, 8;
    %load/vec4 v0xb76052f8c9b0_0;
    %cmpi/ne 3, 0, 2;
    %flag_get/vec4 4;
    %jmp/0 T_20.47, 4;
    %load/vec4 v0xb76052f8f060_0;
    %pushi/vec4 0, 0, 4;
    %cmp/ne;
    %flag_get/vec4 4;
    %and;
T_20.47;
    %flag_set/vec4 8;
    %jmp/0xz  T_20.45, 8;
    %pushi/vec4 1, 0, 1;
    %store/vec4 v0xb76052f8e770_0, 0, 1;
T_20.45 ;
    %pushi/vec4 4, 0, 32;
    %store/vec4 v0xb76052f8d5a0_0, 0, 32;
T_20.43 ;
    %jmp T_20.25;
T_20.24 ;
    %pushi/vec4 1, 0, 1;
    %store/vec4 v0xb76052f8d1a0_0, 0, 1;
    %pushi/vec4 0, 0, 32;
    %store/vec4 v0xb76052f8d5a0_0, 0, 32;
    %jmp T_20.25;
T_20.25 ;
    %pop/vec4 1;
    %jmp T_20;
    .thread T_20, $push;
    .scope S_0xb76052ef4350;
T_21 ;
    %pushi/vec4 0, 0, 32;
    %store/vec4 v0xb76052f94380_0, 0, 32;
    %pushi/vec4 0, 0, 32;
    %store/vec4 v0xb76052f942a0_0, 0, 32;
    %pushi/vec4 0, 0, 32;
    %store/vec4 v0xb76052f94200_0, 0, 32;
    %pushi/str "";
    %store/str v0xb76052f93390_0;
    %pushi/vec4 0, 0, 1;
    %store/vec4 v0xb76052f92ad0_0, 0, 1;
    %end;
    .thread T_21, $init;
    .scope S_0xb76052ef4350;
T_22 ;
    %delay 5000, 0;
    %load/vec4 v0xb76052f92ad0_0;
    %inv;
    %store/vec4 v0xb76052f92ad0_0, 0, 1;
    %jmp T_22;
    .thread T_22;
    .scope S_0xb76052ef4350;
T_23 ;
    %wait E_0xb76052e2ff60;
    %load/vec4 v0xb76052f94090_0;
    %flag_set/vec4 8;
    %jmp/0xz  T_23.0, 8;
    %pushi/vec4 1, 0, 1;
    %assign/vec4 v0xb76052f93220_0, 0;
    %pushi/vec4 0, 0, 1;
    %assign/vec4 v0xb76052f93150_0, 0;
    %pushi/vec4 0, 0, 4;
    %assign/vec4 v0xb76052f93090_0, 0;
    %pushi/vec4 0, 0, 4;
    %assign/vec4 v0xb76052f92ef0_0, 0;
    %pushi/vec4 0, 0, 1;
    %assign/vec4 v0xb76052f92b90_0, 0;
    %pushi/vec4 1, 0, 1;
    %assign/vec4 v0xb76052f92fd0_0, 0;
    %pushi/vec4 1, 0, 1;
    %assign/vec4 v0xb76052f92e30_0, 0;
    %pushi/vec4 0, 0, 32;
    %assign/vec4 v0xb76052f92c60_0, 0;
    %pushi/vec4 0, 0, 1;
    %assign/vec4 v0xb76052f92d20_0, 0;
    %pushi/vec4 0, 0, 1;
    %assign/vec4 v0xb76052f93f50_0, 0;
    %jmp T_23.1;
T_23.0 ;
    %load/vec4 v0xb76052f8d760_0;
    %assign/vec4 v0xb76052f93f50_0, 0;
    %load/vec4 v0xb76052f93150_0;
    %flag_set/vec4 8;
    %jmp/0xz  T_23.2, 8;
    %pushi/vec4 0, 0, 1;
    %assign/vec4 v0xb76052f93150_0, 0;
T_23.2 ;
    %load/vec4 v0xb76052f8d760_0;
    %flag_set/vec4 9;
    %flag_get/vec4 9;
    %jmp/0 T_23.6, 9;
    %load/vec4 v0xb76052f93f50_0;
    %nor/r;
    %and;
T_23.6;
    %flag_set/vec4 8;
    %jmp/0xz  T_23.4, 8;
    %pushi/vec4 1, 0, 1;
    %assign/vec4 v0xb76052f93220_0, 0;
    %pushi/vec4 0, 0, 1;
    %assign/vec4 v0xb76052f93150_0, 0;
    %pushi/vec4 1, 0, 1;
    %assign/vec4 v0xb76052f92b90_0, 0;
    %pushi/vec4 1, 0, 1;
    %assign/vec4 v0xb76052f92fd0_0, 0;
    %pushi/vec4 1, 0, 1;
    %assign/vec4 v0xb76052f92e30_0, 0;
    %pushi/vec4 0, 0, 32;
    %assign/vec4 v0xb76052f92c60_0, 0;
    %pushi/vec4 0, 0, 1;
    %assign/vec4 v0xb76052f92d20_0, 0;
T_23.4 ;
    %load/vec4 v0xb76052f93c10_0;
    %flag_set/vec4 8;
    %jmp/0xz  T_23.7, 8;
    %pushi/vec4 1, 0, 1;
    %assign/vec4 v0xb76052f93220_0, 0;
    %pushi/vec4 0, 0, 1;
    %assign/vec4 v0xb76052f93150_0, 0;
    %pushi/vec4 0, 0, 1;
    %assign/vec4 v0xb76052f92b90_0, 0;
    %pushi/vec4 1, 0, 1;
    %assign/vec4 v0xb76052f92fd0_0, 0;
    %pushi/vec4 1, 0, 1;
    %assign/vec4 v0xb76052f92e30_0, 0;
    %pushi/vec4 0, 0, 32;
    %assign/vec4 v0xb76052f92c60_0, 0;
    %pushi/vec4 0, 0, 1;
    %assign/vec4 v0xb76052f92d20_0, 0;
T_23.7 ;
    %load/vec4 v0xb76052f93ce0_0;
    %flag_set/vec4 10;
    %flag_get/vec4 10;
    %jmp/0 T_23.12, 10;
    %load/vec4 v0xb76052f92b90_0;
    %and;
T_23.12;
    %flag_set/vec4 9;
    %flag_get/vec4 9;
    %jmp/0 T_23.11, 9;
    %load/vec4 v0xb76052f93c10_0;
    %nor/r;
    %and;
T_23.11;
    %flag_set/vec4 8;
    %jmp/0xz  T_23.9, 8;
    %fork t_21, S_0xb76052f85030;
    %jmp t_20;
    .scope S_0xb76052f85030;
t_21 ;
    %load/vec4 v0xb76052f93db0_0;
    %pad/u 32;
    %cast2;
    %store/vec4 v0xb76052f85310_0, 0, 32;
    %load/vec4 v0xb76052f93e80_0;
    %pad/u 32;
    %cast2;
    %store/vec4 v0xb76052f853f0_0, 0, 32;
    %load/vec4 v0xb76052f853f0_0;
    %pad/s 41;
    %pad/s 49;
    %muli 256, 0, 49;
    %pad/s 50;
    %load/vec4 v0xb76052f85310_0;
    %pad/s 50;
    %add;
    %ix/vec4/s 4;
    %load/vec4a v0xb76052f93b50, 4;
    %store/vec4 v0xb76052f85210_0, 0, 4;
    %load/vec4 v0xb76052f92e30_0;
    %flag_set/vec4 8;
    %jmp/0xz  T_23.13, 8;
    %load/vec4 v0xb76052f85210_0;
    %assign/vec4 v0xb76052f92ef0_0, 0;
    %load/vec4 v0xb76052f85210_0;
    %assign/vec4 v0xb76052f93090_0, 0;
    %pushi/vec4 0, 0, 1;
    %assign/vec4 v0xb76052f92e30_0, 0;
    %jmp T_23.14;
T_23.13 ;
    %load/vec4 v0xb76052f92fd0_0;
    %flag_set/vec4 9;
    %flag_get/vec4 9;
    %jmp/0 T_23.17, 9;
    %load/vec4 v0xb76052f85210_0;
    %load/vec4 v0xb76052f92ef0_0;
    %cmp/ne;
    %flag_get/vec4 6;
    %and;
T_23.17;
    %flag_set/vec4 8;
    %jmp/0xz  T_23.15, 8;
    %pushi/vec4 0, 0, 1;
    %assign/vec4 v0xb76052f92fd0_0, 0;
    %pushi/vec4 0, 0, 1;
    %assign/vec4 v0xb76052f93220_0, 0;
T_23.15 ;
T_23.14 ;
    %end;
    .scope S_0xb76052ef4350;
t_20 %join;
T_23.9 ;
    %load/vec4 v0xb76052f8c8e0_0;
    %flag_set/vec4 11;
    %flag_get/vec4 11;
    %jmp/0 T_23.22, 11;
    %load/vec4 v0xb76052f92b90_0;
    %and;
T_23.22;
    %flag_set/vec4 10;
    %flag_get/vec4 10;
    %jmp/0 T_23.21, 10;
    %load/vec4 v0xb76052f92fd0_0;
    %and;
T_23.21;
    %flag_set/vec4 9;
    %flag_get/vec4 9;
    %jmp/0 T_23.20, 9;
    %load/vec4 v0xb76052f92d20_0;
    %nor/r;
    %and;
T_23.20;
    %flag_set/vec4 8;
    %jmp/0xz  T_23.18, 8;
    %pushi/vec4 1, 0, 1;
    %assign/vec4 v0xb76052f92d20_0, 0;
    %pushi/vec4 5, 0, 32;
    %assign/vec4 v0xb76052f92c60_0, 0;
T_23.18 ;
    %load/vec4 v0xb76052f92d20_0;
    %flag_set/vec4 9;
    %flag_get/vec4 9;
    %jmp/0 T_23.25, 9;
    %pushi/vec4 0, 0, 32;
    %load/vec4 v0xb76052f92c60_0;
    %cmp/s;
    %flag_get/vec4 5;
    %and;
T_23.25;
    %flag_set/vec4 8;
    %jmp/0xz  T_23.23, 8;
    %load/vec4 v0xb76052f92c60_0;
    %subi 1, 0, 32;
    %cast2;
    %assign/vec4 v0xb76052f92c60_0, 0;
    %load/vec4 v0xb76052f92c60_0;
    %cmpi/e 1, 0, 32;
    %jmp/0xz  T_23.26, 4;
    %pushi/vec4 1, 0, 1;
    %assign/vec4 v0xb76052f93150_0, 0;
    %pushi/vec4 0, 0, 1;
    %assign/vec4 v0xb76052f92d20_0, 0;
    %pushi/vec4 0, 0, 1;
    %assign/vec4 v0xb76052f92b90_0, 0;
T_23.26 ;
T_23.23 ;
T_23.1 ;
    %jmp T_23;
    .thread T_23;
    .scope S_0xb76052ef4350;
T_24 ;
    %wait E_0xb76052e2dd10;
    %load/vec4 v0xb76052f93c10_0;
    %flag_set/vec4 8;
    %jmp/0xz  T_24.0, 8;
    %fork t_23, S_0xb76052f90e80;
    %jmp t_22;
    .scope S_0xb76052f90e80;
t_23 ;
    %pushi/vec4 0, 0, 32;
    %store/vec4 v0xb76052f91160_0, 0, 32;
T_24.2 ;
    %load/vec4 v0xb76052f91160_0;
    %cmpi/s 256, 0, 32;
    %jmp/0xz T_24.3, 5;
    %pushi/vec4 0, 0, 32;
    %store/vec4 v0xb76052f91060_0, 0, 32;
T_24.4 ;
    %load/vec4 v0xb76052f91060_0;
    %cmpi/s 256, 0, 32;
    %jmp/0xz T_24.5, 5;
    %pushi/vec4 0, 0, 1;
    %load/vec4 v0xb76052f91160_0;
    %pad/s 41;
    %pad/s 49;
    %muli 256, 0, 49;
    %pad/s 50;
    %load/vec4 v0xb76052f91060_0;
    %pad/s 50;
    %add;
    %ix/vec4/s 4;
    %store/vec4a v0xb76052f93ff0, 4, 0;
    ; show_stmt_assign_vector: Get l-value for compressed += operand
    %load/vec4 v0xb76052f91060_0;
    %pushi/vec4 1, 0, 32;
    %add;
    %cast2;
    %store/vec4 v0xb76052f91060_0, 0, 32;
    %jmp T_24.4;
T_24.5 ;
    ; show_stmt_assign_vector: Get l-value for compressed += operand
    %load/vec4 v0xb76052f91160_0;
    %pushi/vec4 1, 0, 32;
    %add;
    %cast2;
    %store/vec4 v0xb76052f91160_0, 0, 32;
    %jmp T_24.2;
T_24.3 ;
    %pushi/vec4 0, 0, 32;
    %store/vec4 v0xb76052f93430_0, 0, 32;
    %end;
    .scope S_0xb76052ef4350;
t_22 %join;
    %jmp T_24.1;
T_24.0 ;
    %load/vec4 v0xb76052f93ce0_0;
    %flag_set/vec4 8;
    %jmp/0xz  T_24.6, 8;
    %fork t_25, S_0xb76052f91240;
    %jmp t_24;
    .scope S_0xb76052f91240;
t_25 ;
    %load/vec4 v0xb76052f93db0_0;
    %pad/u 32;
    %cast2;
    %store/vec4 v0xb76052f91420_0, 0, 32;
    %load/vec4 v0xb76052f93e80_0;
    %pad/u 32;
    %cast2;
    %store/vec4 v0xb76052f91520_0, 0, 32;
    %load/vec4 v0xb76052f91420_0;
    %cmpi/s 0, 0, 32;
    %flag_inv 5; GE is !LT
    %flag_get/vec4 5;
    %jmp/0 T_24.12, 5;
    %load/vec4 v0xb76052f91420_0;
    %cmpi/s 256, 0, 32;
    %flag_get/vec4 5;
    %and;
T_24.12;
    %flag_set/vec4 10;
    %flag_get/vec4 10;
    %jmp/0 T_24.11, 10;
    %pushi/vec4 0, 0, 32;
    %load/vec4 v0xb76052f91520_0;
    %cmp/s;
    %flag_get/vec4 4;
    %flag_get/vec4 5;
    %or;
    %and;
T_24.11;
    %flag_set/vec4 9;
    %flag_get/vec4 9;
    %jmp/0 T_24.10, 9;
    %load/vec4 v0xb76052f91520_0;
    %cmpi/s 256, 0, 32;
    %flag_get/vec4 5;
    %and;
T_24.10;
    %flag_set/vec4 8;
    %jmp/0xz  T_24.8, 8;
    %load/vec4 v0xb76052f91520_0;
    %pad/s 41;
    %pad/s 49;
    %muli 256, 0, 49;
    %pad/s 50;
    %load/vec4 v0xb76052f91420_0;
    %pad/s 50;
    %add;
    %ix/vec4/s 4;
    %load/vec4a v0xb76052f93ff0, 4;
    %flag_set/vec4 8;
    %jmp/0xz  T_24.13, 8;
    %load/vec4 v0xb76052f93430_0;
    %addi 1, 0, 32;
    %cast2;
    %store/vec4 v0xb76052f93430_0, 0, 32;
T_24.13 ;
    %pushi/vec4 1, 0, 1;
    %load/vec4 v0xb76052f91520_0;
    %pad/s 41;
    %pad/s 49;
    %muli 256, 0, 49;
    %pad/s 50;
    %load/vec4 v0xb76052f91420_0;
    %pad/s 50;
    %add;
    %ix/vec4/s 4;
    %store/vec4a v0xb76052f93ff0, 4, 0;
    %pushi/vec4 1, 0, 1;
    %load/vec4 v0xb76052f91520_0;
    %pad/s 41;
    %pad/s 49;
    %muli 256, 0, 49;
    %pad/s 50;
    %load/vec4 v0xb76052f91420_0;
    %pad/s 50;
    %add;
    %ix/vec4/s 4;
    %store/vec4a v0xb76052f932f0, 4, 0;
T_24.8 ;
    %end;
    .scope S_0xb76052ef4350;
t_24 %join;
T_24.6 ;
T_24.1 ;
    %jmp T_24;
    .thread T_24;
    .scope S_0xb76052ef4350;
T_25 ;
    %wait E_0xb76052e2dd10;
    %load/vec4 v0xb76052f94610_0;
    %flag_set/vec4 8;
    %jmp/0xz  T_25.0, 8;
    %fork t_27, S_0xb76052f8f320;
    %jmp t_26;
    .scope S_0xb76052f8f320;
t_27 ;
    %load/vec4 v0xb76052f947b0_0;
    %pad/u 32;
    %cast2;
    %store/vec4 v0xb76052f8f7d0_0, 0, 32;
    %load/vec4 v0xb76052f94880_0;
    %pad/u 32;
    %cast2;
    %store/vec4 v0xb76052f8f8b0_0, 0, 32;
    %load/vec4 v0xb76052f946e0_0;
    %pad/u 32;
    %cast2;
    %store/vec4 v0xb76052f8f6e0_0, 0, 32;
    %load/vec4 v0xb76052f93830_0;
    %cmpi/s 256, 0, 32;
    %jmp/0xz  T_25.2, 5;
    %load/vec4 v0xb76052f8f7d0_0;
    %ix/getv/s 4, v0xb76052f93830_0;
    %store/vec4a v0xb76052f939d0, 4, 0;
    %load/vec4 v0xb76052f8f8b0_0;
    %ix/getv/s 4, v0xb76052f93830_0;
    %store/vec4a v0xb76052f93a90, 4, 0;
    %load/vec4 v0xb76052f8f6e0_0;
    %ix/getv/s 4, v0xb76052f93830_0;
    %store/vec4a v0xb76052f93910, 4, 0;
    %load/vec4 v0xb76052f94520_0;
    %ix/getv/s 4, v0xb76052f93830_0;
    %store/vec4a v0xb76052f93660, 4, 0;
    %load/vec4 v0xb76052f93830_0;
    %addi 1, 0, 32;
    %cast2;
    %store/vec4 v0xb76052f93830_0, 0, 32;
T_25.2 ;
    %load/vec4 v0xb76052f8f8b0_0;
    %store/vec4 v0xb76052f8f600_0, 0, 32;
T_25.4 ;
    %load/vec4 v0xb76052f8f600_0;
    %load/vec4 v0xb76052f8f8b0_0;
    %load/vec4 v0xb76052f8f6e0_0;
    %add;
    %cmp/s;
    %flag_get/vec4 5;
    %jmp/0 T_25.6, 5;
    %load/vec4 v0xb76052f8f600_0;
    %cmpi/s 256, 0, 32;
    %flag_get/vec4 5;
    %and;
T_25.6;
    %flag_set/vec4 8;
    %jmp/0xz T_25.5, 8;
    %load/vec4 v0xb76052f8f7d0_0;
    %store/vec4 v0xb76052f8f500_0, 0, 32;
T_25.7 ;
    %load/vec4 v0xb76052f8f500_0;
    %load/vec4 v0xb76052f8f7d0_0;
    %load/vec4 v0xb76052f8f6e0_0;
    %add;
    %cmp/s;
    %flag_get/vec4 5;
    %jmp/0 T_25.9, 5;
    %load/vec4 v0xb76052f8f500_0;
    %cmpi/s 256, 0, 32;
    %flag_get/vec4 5;
    %and;
T_25.9;
    %flag_set/vec4 8;
    %jmp/0xz T_25.8, 8;
    %load/vec4 v0xb76052f8f600_0;
    %pad/s 41;
    %pad/s 49;
    %muli 256, 0, 49;
    %pad/s 50;
    %load/vec4 v0xb76052f8f500_0;
    %pad/s 50;
    %add;
    %ix/vec4/s 4;
    %load/vec4a v0xb76052f93b50, 4;
    %load/vec4 v0xb76052f94520_0;
    %cmp/ne;
    %jmp/0xz  T_25.10, 6;
    %load/vec4 v0xb76052f929d0_0;
    %addi 1, 0, 32;
    %cast2;
    %store/vec4 v0xb76052f929d0_0, 0, 32;
T_25.10 ;
    %pushi/vec4 1, 0, 1;
    %load/vec4 v0xb76052f8f600_0;
    %pad/s 41;
    %pad/s 49;
    %muli 256, 0, 49;
    %pad/s 50;
    %load/vec4 v0xb76052f8f500_0;
    %pad/s 50;
    %add;
    %ix/vec4/s 4;
    %store/vec4a v0xb76052f932f0, 4, 0;
    ; show_stmt_assign_vector: Get l-value for compressed += operand
    %load/vec4 v0xb76052f8f500_0;
    %pushi/vec4 1, 0, 32;
    %add;
    %cast2;
    %store/vec4 v0xb76052f8f500_0, 0, 32;
    %jmp T_25.7;
T_25.8 ;
    ; show_stmt_assign_vector: Get l-value for compressed += operand
    %load/vec4 v0xb76052f8f600_0;
    %pushi/vec4 1, 0, 32;
    %add;
    %cast2;
    %store/vec4 v0xb76052f8f600_0, 0, 32;
    %jmp T_25.4;
T_25.5 ;
    %end;
    .scope S_0xb76052ef4350;
t_26 %join;
T_25.0 ;
    %jmp T_25;
    .thread T_25;
    .scope S_0xb76052ef4350;
T_26 ;
    %vpi_call/w 9 347 "$dumpfile", "sim/waves/tb_scheduler.vcd" {0 0 0};
    %vpi_call/w 9 348 "$dumpvars", 32'sb00000000000000000000000000000000, S_0xb76052ef4350 {0 0 0};
    %pushi/vec4 1, 0, 1;
    %store/vec4 v0xb76052f94090_0, 0, 1;
    %pushi/vec4 0, 0, 1;
    %store/vec4 v0xb76052f94130_0, 0, 1;
    %pushi/vec4 1, 0, 1;
    %store/vec4 v0xb76052f93220_0, 0, 1;
    %pushi/vec4 0, 0, 1;
    %store/vec4 v0xb76052f93150_0, 0, 1;
    %pushi/vec4 0, 0, 4;
    %store/vec4 v0xb76052f93090_0, 0, 4;
    %alloc S_0xb76052f92130;
    %pushi/vec4 4, 0, 32;
    %store/vec4 v0xb76052f92310_0, 0, 32;
    %fork TD_tb_scheduler.tick, S_0xb76052f92130;
    %join;
    %free S_0xb76052f92130;
    %pushi/vec4 0, 0, 1;
    %store/vec4 v0xb76052f94090_0, 0, 1;
    %alloc S_0xb76052f92130;
    %pushi/vec4 1, 0, 32;
    %store/vec4 v0xb76052f92310_0, 0, 32;
    %fork TD_tb_scheduler.tick, S_0xb76052f92130;
    %join;
    %free S_0xb76052f92130;
    %alloc S_0xb76052f91c90;
    %pushi/str "TC1 - uniform 256x256 image";
    %store/str v0xb76052f91e70_0;
    %fork TD_tb_scheduler.suite, S_0xb76052f91c90;
    %join;
    %free S_0xb76052f91c90;
    %alloc S_0xb76052f8f9e0;
    %pushi/vec4 0, 0, 32;
    %store/vec4 v0xb76052f90410_0, 0, 32;
    %pushi/vec4 0, 0, 32;
    %store/vec4 v0xb76052f904f0_0, 0, 32;
    %pushi/vec4 256, 0, 32;
    %store/vec4 v0xb76052f90350_0, 0, 32;
    %pushi/vec4 256, 0, 32;
    %store/vec4 v0xb76052f90270_0, 0, 32;
    %pushi/vec4 3, 0, 4;
    %store/vec4 v0xb76052f90170_0, 0, 4;
    %fork TD_tb_scheduler.fill_rect, S_0xb76052f8f9e0;
    %join;
    %free S_0xb76052f8f9e0;
    %alloc S_0xb76052f84870;
    %fork TD_tb_scheduler.clear_tracking, S_0xb76052f84870;
    %join;
    %free S_0xb76052f84870;
    %alloc S_0xb76052f91600;
    %fork TD_tb_scheduler.sched_reset_start, S_0xb76052f91600;
    %join;
    %free S_0xb76052f91600;
    %alloc S_0xb76052f92410;
    %fork TD_tb_scheduler.wait_done, S_0xb76052f92410;
    %join;
    %load/vec4 v0xb76052f928f0_0;
    %store/vec4 v0xb76052f94460_0, 0, 1;
    %free S_0xb76052f92410;
    %alloc S_0xb76052f844f0;
    %load/vec4 v0xb76052f94460_0;
    %nor/r;
    %store/vec4 v0xb76052f846f0_0, 0, 1;
    %pushi/str "engine_done received before timeout";
    %store/str v0xb76052f847b0_0;
    %fork TD_tb_scheduler.check, S_0xb76052f844f0;
    %join;
    %free S_0xb76052f844f0;
    %alloc S_0xb76052f844f0;
    %load/vec4 v0xb76052f929d0_0;
    %pushi/vec4 0, 0, 32;
    %cmp/e;
    %flag_get/vec4 4;
    %store/vec4 v0xb76052f846f0_0, 0, 1;
    %pushi/str "no fill wrote pixels with wrong colour";
    %store/str v0xb76052f847b0_0;
    %fork TD_tb_scheduler.check, S_0xb76052f844f0;
    %join;
    %free S_0xb76052f844f0;
    %alloc S_0xb76052f844f0;
    %load/vec4 v0xb76052f93430_0;
    %pushi/vec4 0, 0, 32;
    %cmp/e;
    %flag_get/vec4 4;
    %store/vec4 v0xb76052f846f0_0, 0, 1;
    %pushi/str "no pixel pushed more than once";
    %store/str v0xb76052f847b0_0;
    %fork TD_tb_scheduler.check, S_0xb76052f844f0;
    %join;
    %free S_0xb76052f844f0;
    %alloc S_0xb76052f844f0;
    %alloc S_0xb76052f86270;
    %pushi/vec4 0, 0, 32;
    %pushi/vec4 0, 0, 32;
    %pushi/vec4 256, 0, 32;
    %pushi/vec4 256, 0, 32;
    %store/vec4 v0xb76052f86b50_0, 0, 32;
    %store/vec4 v0xb76052f86cf0_0, 0, 32;
    %store/vec4 v0xb76052f86f00_0, 0, 32;
    %store/vec4 v0xb76052f86dd0_0, 0, 32;
    %callf/vec4 TD_tb_scheduler.count_queued, S_0xb76052f86270;
    %free S_0xb76052f86270;
    %pushi/vec4 0, 0, 32;
    %cmp/e;
    %flag_get/vec4 4;
    %store/vec4 v0xb76052f846f0_0, 0, 1;
    %pushi/str "no pixels individually queued for uniform image";
    %store/str v0xb76052f847b0_0;
    %fork TD_tb_scheduler.check, S_0xb76052f844f0;
    %join;
    %free S_0xb76052f844f0;
    %alloc S_0xb76052f844f0;
    %load/vec4 v0xb76052f93830_0;
    %pushi/vec4 1, 0, 32;
    %cmp/e;
    %flag_get/vec4 4;
    %store/vec4 v0xb76052f846f0_0, 0, 1;
    %vpi_func/s 9 376 "$sformatf", "exactly one flood-fill (got %0d)", v0xb76052f93830_0 {0 0 0};
    %store/str v0xb76052f847b0_0;
    %fork TD_tb_scheduler.check, S_0xb76052f844f0;
    %join;
    %free S_0xb76052f844f0;
    %alloc S_0xb76052f90620;
    %pushi/vec4 0, 0, 32;
    %pushi/vec4 0, 0, 32;
    %pushi/vec4 256, 0, 32;
    %store/vec4 v0xb76052f90c00_0, 0, 32;
    %store/vec4 v0xb76052f90da0_0, 0, 32;
    %store/vec4 v0xb76052f90ce0_0, 0, 32;
    %callf/vec4 TD_tb_scheduler.find_fill, S_0xb76052f90620;
    %free S_0xb76052f90620;
    %store/vec4 v0xb76052f935a0_0, 0, 32;
    %alloc S_0xb76052f844f0;
    %pushi/vec4 0, 0, 32;
    %load/vec4 v0xb76052f935a0_0;
    %cmp/s;
    %flag_get/vec4 4;
    %flag_get/vec4 5;
    %or;
    %store/vec4 v0xb76052f846f0_0, 0, 1;
    %pushi/str "flood-fill entry at (0,0) size=256 exists";
    %store/str v0xb76052f847b0_0;
    %fork TD_tb_scheduler.check, S_0xb76052f844f0;
    %join;
    %free S_0xb76052f844f0;
    %load/vec4 v0xb76052f935a0_0;
    %cmpi/s 0, 0, 32;
    %flag_inv 5; GE is !LT
    %jmp/0xz  T_26.0, 5;
    %alloc S_0xb76052f844f0;
    %ix/getv/s 4, v0xb76052f935a0_0;
    %load/vec4a v0xb76052f93660, 4;
    %pushi/vec4 3, 0, 4;
    %cmp/e;
    %flag_get/vec4 6;
    %store/vec4 v0xb76052f846f0_0, 0, 1;
    %vpi_func/s 9 383 "$sformatf", "fill colour is 3 (got %0h)", &A<v0xb76052f93660, v0xb76052f935a0_0 > {0 0 0};
    %store/str v0xb76052f847b0_0;
    %fork TD_tb_scheduler.check, S_0xb76052f844f0;
    %join;
    %free S_0xb76052f844f0;
T_26.0 ;
    %alloc S_0xb76052f844f0;
    %alloc S_0xb76052f854b0;
    %pushi/vec4 0, 0, 32;
    %pushi/vec4 0, 0, 32;
    %pushi/vec4 256, 0, 32;
    %pushi/vec4 256, 0, 32;
    %store/vec4 v0xb76052f85de0_0, 0, 32;
    %store/vec4 v0xb76052f85f80_0, 0, 32;
    %store/vec4 v0xb76052f86190_0, 0, 32;
    %store/vec4 v0xb76052f86060_0, 0, 32;
    %callf/vec4 TD_tb_scheduler.count_covered, S_0xb76052f854b0;
    %free S_0xb76052f854b0;
    %pushi/vec4 65536, 0, 32;
    %cmp/e;
    %flag_get/vec4 4;
    %store/vec4 v0xb76052f846f0_0, 0, 1;
    %alloc S_0xb76052f854b0;
    %pushi/vec4 0, 0, 32;
    %pushi/vec4 0, 0, 32;
    %pushi/vec4 256, 0, 32;
    %pushi/vec4 256, 0, 32;
    %store/vec4 v0xb76052f85de0_0, 0, 32;
    %store/vec4 v0xb76052f85f80_0, 0, 32;
    %store/vec4 v0xb76052f86190_0, 0, 32;
    %store/vec4 v0xb76052f86060_0, 0, 32;
    %callf/vec4 TD_tb_scheduler.count_covered, S_0xb76052f854b0;
    %free S_0xb76052f854b0;
    %vpi_func/s 9 386 "$sformatf", "all 65536 pixels covered (got %0d)", S<0,vec4,s32> {1 0 0};
    %store/str v0xb76052f847b0_0;
    %fork TD_tb_scheduler.check, S_0xb76052f844f0;
    %join;
    %free S_0xb76052f844f0;
    %alloc S_0xb76052f91c90;
    %pushi/str "TC2 - zoom-0 differ, zoom-1 box-00 differ, rest flood-fill";
    %store/str v0xb76052f91e70_0;
    %fork TD_tb_scheduler.suite, S_0xb76052f91c90;
    %join;
    %free S_0xb76052f91c90;
    %alloc S_0xb76052f8f9e0;
    %pushi/vec4 0, 0, 32;
    %store/vec4 v0xb76052f90410_0, 0, 32;
    %pushi/vec4 0, 0, 32;
    %store/vec4 v0xb76052f904f0_0, 0, 32;
    %pushi/vec4 256, 0, 32;
    %store/vec4 v0xb76052f90350_0, 0, 32;
    %pushi/vec4 256, 0, 32;
    %store/vec4 v0xb76052f90270_0, 0, 32;
    %pushi/vec4 5, 0, 4;
    %store/vec4 v0xb76052f90170_0, 0, 4;
    %fork TD_tb_scheduler.fill_rect, S_0xb76052f8f9e0;
    %join;
    %free S_0xb76052f8f9e0;
    %alloc S_0xb76052f917e0;
    %pushi/vec4 128, 0, 32;
    %store/vec4 v0xb76052f91ac0_0, 0, 32;
    %pushi/vec4 0, 0, 32;
    %store/vec4 v0xb76052f91ba0_0, 0, 32;
    %pushi/vec4 10, 0, 4;
    %store/vec4 v0xb76052f919c0_0, 0, 4;
    %fork TD_tb_scheduler.set_pixel, S_0xb76052f917e0;
    %join;
    %free S_0xb76052f917e0;
    %alloc S_0xb76052f917e0;
    %pushi/vec4 64, 0, 32;
    %store/vec4 v0xb76052f91ac0_0, 0, 32;
    %pushi/vec4 0, 0, 32;
    %store/vec4 v0xb76052f91ba0_0, 0, 32;
    %pushi/vec4 11, 0, 4;
    %store/vec4 v0xb76052f919c0_0, 0, 4;
    %fork TD_tb_scheduler.set_pixel, S_0xb76052f917e0;
    %join;
    %free S_0xb76052f917e0;
    %alloc S_0xb76052f84870;
    %fork TD_tb_scheduler.clear_tracking, S_0xb76052f84870;
    %join;
    %free S_0xb76052f84870;
    %alloc S_0xb76052f91600;
    %fork TD_tb_scheduler.sched_reset_start, S_0xb76052f91600;
    %join;
    %free S_0xb76052f91600;
    %alloc S_0xb76052f92410;
    %fork TD_tb_scheduler.wait_done, S_0xb76052f92410;
    %join;
    %load/vec4 v0xb76052f928f0_0;
    %store/vec4 v0xb76052f94460_0, 0, 1;
    %free S_0xb76052f92410;
    %alloc S_0xb76052f844f0;
    %load/vec4 v0xb76052f94460_0;
    %nor/r;
    %store/vec4 v0xb76052f846f0_0, 0, 1;
    %pushi/str "engine_done received before timeout";
    %store/str v0xb76052f847b0_0;
    %fork TD_tb_scheduler.check, S_0xb76052f844f0;
    %join;
    %free S_0xb76052f844f0;
    %alloc S_0xb76052f844f0;
    %load/vec4 v0xb76052f929d0_0;
    %pushi/vec4 0, 0, 32;
    %cmp/e;
    %flag_get/vec4 4;
    %store/vec4 v0xb76052f846f0_0, 0, 1;
    %pushi/str "no fill wrote pixels with wrong colour";
    %store/str v0xb76052f847b0_0;
    %fork TD_tb_scheduler.check, S_0xb76052f844f0;
    %join;
    %free S_0xb76052f844f0;
    %alloc S_0xb76052f844f0;
    %load/vec4 v0xb76052f93430_0;
    %pushi/vec4 0, 0, 32;
    %cmp/e;
    %flag_get/vec4 4;
    %store/vec4 v0xb76052f846f0_0, 0, 1;
    %pushi/str "no pixel pushed more than once";
    %store/str v0xb76052f847b0_0;
    %fork TD_tb_scheduler.check, S_0xb76052f844f0;
    %join;
    %free S_0xb76052f844f0;
    %alloc S_0xb76052f844f0;
    %pushi/vec4 0, 0, 32;
    %load/vec4 v0xb76052f93830_0;
    %cmp/s;
    %flag_get/vec4 5;
    %store/vec4 v0xb76052f846f0_0, 0, 1;
    %vpi_func/s 9 413 "$sformatf", "at least one flood-fill performed (got %0d)", v0xb76052f93830_0 {0 0 0};
    %store/str v0xb76052f847b0_0;
    %fork TD_tb_scheduler.check, S_0xb76052f844f0;
    %join;
    %free S_0xb76052f844f0;
    %alloc S_0xb76052f844f0;
    %alloc S_0xb76052f854b0;
    %pushi/vec4 0, 0, 32;
    %pushi/vec4 0, 0, 32;
    %pushi/vec4 256, 0, 32;
    %pushi/vec4 256, 0, 32;
    %store/vec4 v0xb76052f85de0_0, 0, 32;
    %store/vec4 v0xb76052f85f80_0, 0, 32;
    %store/vec4 v0xb76052f86190_0, 0, 32;
    %store/vec4 v0xb76052f86060_0, 0, 32;
    %callf/vec4 TD_tb_scheduler.count_covered, S_0xb76052f854b0;
    %free S_0xb76052f854b0;
    %pushi/vec4 65536, 0, 32;
    %cmp/e;
    %flag_get/vec4 4;
    %store/vec4 v0xb76052f846f0_0, 0, 1;
    %alloc S_0xb76052f854b0;
    %pushi/vec4 0, 0, 32;
    %pushi/vec4 0, 0, 32;
    %pushi/vec4 256, 0, 32;
    %pushi/vec4 256, 0, 32;
    %store/vec4 v0xb76052f85de0_0, 0, 32;
    %store/vec4 v0xb76052f85f80_0, 0, 32;
    %store/vec4 v0xb76052f86190_0, 0, 32;
    %store/vec4 v0xb76052f86060_0, 0, 32;
    %callf/vec4 TD_tb_scheduler.count_covered, S_0xb76052f854b0;
    %free S_0xb76052f854b0;
    %vpi_func/s 9 415 "$sformatf", "all 65536 pixels covered (got %0d)", S<0,vec4,s32> {1 0 0};
    %store/str v0xb76052f847b0_0;
    %fork TD_tb_scheduler.check, S_0xb76052f844f0;
    %join;
    %free S_0xb76052f844f0;
    %alloc S_0xb76052f86270;
    %pushi/vec4 0, 0, 32;
    %pushi/vec4 0, 0, 32;
    %pushi/vec4 256, 0, 32;
    %pushi/vec4 256, 0, 32;
    %store/vec4 v0xb76052f86b50_0, 0, 32;
    %store/vec4 v0xb76052f86cf0_0, 0, 32;
    %store/vec4 v0xb76052f86f00_0, 0, 32;
    %store/vec4 v0xb76052f86dd0_0, 0, 32;
    %callf/vec4 TD_tb_scheduler.count_queued, S_0xb76052f86270;
    %free S_0xb76052f86270;
    %vpi_call/w 9 418 "$display", "  [INFO] fills=%0d  pixels_individually_queued=%0d", v0xb76052f93830_0, S<0,vec4,s32> {1 0 0};
    %alloc S_0xb76052f91c90;
    %pushi/str "TC3 - full descent to zoom=4, one fill + one pixel-queue";
    %store/str v0xb76052f91e70_0;
    %fork TD_tb_scheduler.suite, S_0xb76052f91c90;
    %join;
    %free S_0xb76052f91c90;
    %alloc S_0xb76052f8f9e0;
    %pushi/vec4 0, 0, 32;
    %store/vec4 v0xb76052f90410_0, 0, 32;
    %pushi/vec4 0, 0, 32;
    %store/vec4 v0xb76052f904f0_0, 0, 32;
    %pushi/vec4 256, 0, 32;
    %store/vec4 v0xb76052f90350_0, 0, 32;
    %pushi/vec4 256, 0, 32;
    %store/vec4 v0xb76052f90270_0, 0, 32;
    %pushi/vec4 2, 0, 4;
    %store/vec4 v0xb76052f90170_0, 0, 4;
    %fork TD_tb_scheduler.fill_rect, S_0xb76052f8f9e0;
    %join;
    %free S_0xb76052f8f9e0;
    %alloc S_0xb76052f917e0;
    %pushi/vec4 128, 0, 32;
    %store/vec4 v0xb76052f91ac0_0, 0, 32;
    %pushi/vec4 0, 0, 32;
    %store/vec4 v0xb76052f91ba0_0, 0, 32;
    %pushi/vec4 15, 0, 4;
    %store/vec4 v0xb76052f919c0_0, 0, 4;
    %fork TD_tb_scheduler.set_pixel, S_0xb76052f917e0;
    %join;
    %free S_0xb76052f917e0;
    %alloc S_0xb76052f917e0;
    %pushi/vec4 64, 0, 32;
    %store/vec4 v0xb76052f91ac0_0, 0, 32;
    %pushi/vec4 0, 0, 32;
    %store/vec4 v0xb76052f91ba0_0, 0, 32;
    %pushi/vec4 15, 0, 4;
    %store/vec4 v0xb76052f919c0_0, 0, 4;
    %fork TD_tb_scheduler.set_pixel, S_0xb76052f917e0;
    %join;
    %free S_0xb76052f917e0;
    %alloc S_0xb76052f917e0;
    %pushi/vec4 32, 0, 32;
    %store/vec4 v0xb76052f91ac0_0, 0, 32;
    %pushi/vec4 0, 0, 32;
    %store/vec4 v0xb76052f91ba0_0, 0, 32;
    %pushi/vec4 15, 0, 4;
    %store/vec4 v0xb76052f919c0_0, 0, 4;
    %fork TD_tb_scheduler.set_pixel, S_0xb76052f917e0;
    %join;
    %free S_0xb76052f917e0;
    %alloc S_0xb76052f917e0;
    %pushi/vec4 16, 0, 32;
    %store/vec4 v0xb76052f91ac0_0, 0, 32;
    %pushi/vec4 0, 0, 32;
    %store/vec4 v0xb76052f91ba0_0, 0, 32;
    %pushi/vec4 15, 0, 4;
    %store/vec4 v0xb76052f919c0_0, 0, 4;
    %fork TD_tb_scheduler.set_pixel, S_0xb76052f917e0;
    %join;
    %free S_0xb76052f917e0;
    %alloc S_0xb76052f917e0;
    %pushi/vec4 20, 0, 32;
    %store/vec4 v0xb76052f91ac0_0, 0, 32;
    %pushi/vec4 5, 0, 32;
    %store/vec4 v0xb76052f91ba0_0, 0, 32;
    %pushi/vec4 7, 0, 4;
    %store/vec4 v0xb76052f919c0_0, 0, 4;
    %fork TD_tb_scheduler.set_pixel, S_0xb76052f917e0;
    %join;
    %free S_0xb76052f917e0;
    %alloc S_0xb76052f917e0;
    %pushi/vec4 25, 0, 32;
    %store/vec4 v0xb76052f91ac0_0, 0, 32;
    %pushi/vec4 8, 0, 32;
    %store/vec4 v0xb76052f91ba0_0, 0, 32;
    %pushi/vec4 9, 0, 4;
    %store/vec4 v0xb76052f919c0_0, 0, 4;
    %fork TD_tb_scheduler.set_pixel, S_0xb76052f917e0;
    %join;
    %free S_0xb76052f917e0;
    %alloc S_0xb76052f917e0;
    %pushi/vec4 18, 0, 32;
    %store/vec4 v0xb76052f91ac0_0, 0, 32;
    %pushi/vec4 12, 0, 32;
    %store/vec4 v0xb76052f91ba0_0, 0, 32;
    %pushi/vec4 12, 0, 4;
    %store/vec4 v0xb76052f919c0_0, 0, 4;
    %fork TD_tb_scheduler.set_pixel, S_0xb76052f917e0;
    %join;
    %free S_0xb76052f917e0;
    %alloc S_0xb76052f84870;
    %fork TD_tb_scheduler.clear_tracking, S_0xb76052f84870;
    %join;
    %free S_0xb76052f84870;
    %alloc S_0xb76052f91600;
    %fork TD_tb_scheduler.sched_reset_start, S_0xb76052f91600;
    %join;
    %free S_0xb76052f91600;
    %alloc S_0xb76052f92410;
    %fork TD_tb_scheduler.wait_done, S_0xb76052f92410;
    %join;
    %load/vec4 v0xb76052f928f0_0;
    %store/vec4 v0xb76052f94460_0, 0, 1;
    %free S_0xb76052f92410;
    %alloc S_0xb76052f844f0;
    %load/vec4 v0xb76052f94460_0;
    %nor/r;
    %store/vec4 v0xb76052f846f0_0, 0, 1;
    %pushi/str "engine_done received before timeout";
    %store/str v0xb76052f847b0_0;
    %fork TD_tb_scheduler.check, S_0xb76052f844f0;
    %join;
    %free S_0xb76052f844f0;
    %alloc S_0xb76052f844f0;
    %load/vec4 v0xb76052f929d0_0;
    %pushi/vec4 0, 0, 32;
    %cmp/e;
    %flag_get/vec4 4;
    %store/vec4 v0xb76052f846f0_0, 0, 1;
    %pushi/str "no fill wrote pixels with wrong colour";
    %store/str v0xb76052f847b0_0;
    %fork TD_tb_scheduler.check, S_0xb76052f844f0;
    %join;
    %free S_0xb76052f844f0;
    %alloc S_0xb76052f844f0;
    %load/vec4 v0xb76052f93430_0;
    %pushi/vec4 0, 0, 32;
    %cmp/e;
    %flag_get/vec4 4;
    %store/vec4 v0xb76052f846f0_0, 0, 1;
    %pushi/str "no pixel pushed more than once";
    %store/str v0xb76052f847b0_0;
    %fork TD_tb_scheduler.check, S_0xb76052f844f0;
    %join;
    %free S_0xb76052f844f0;
    %alloc S_0xb76052f844f0;
    %pushi/vec4 0, 0, 32;
    %load/vec4 v0xb76052f93830_0;
    %cmp/s;
    %flag_get/vec4 5;
    %store/vec4 v0xb76052f846f0_0, 0, 1;
    %vpi_func/s 9 459 "$sformatf", "at least one flood-fill performed (got %0d)", v0xb76052f93830_0 {0 0 0};
    %store/str v0xb76052f847b0_0;
    %fork TD_tb_scheduler.check, S_0xb76052f844f0;
    %join;
    %free S_0xb76052f844f0;
    %alloc S_0xb76052f90620;
    %pushi/vec4 0, 0, 32;
    %pushi/vec4 0, 0, 32;
    %pushi/vec4 16, 0, 32;
    %store/vec4 v0xb76052f90c00_0, 0, 32;
    %store/vec4 v0xb76052f90da0_0, 0, 32;
    %store/vec4 v0xb76052f90ce0_0, 0, 32;
    %callf/vec4 TD_tb_scheduler.find_fill, S_0xb76052f90620;
    %free S_0xb76052f90620;
    %store/vec4 v0xb76052f935a0_0, 0, 32;
    %alloc S_0xb76052f844f0;
    %pushi/vec4 0, 0, 32;
    %load/vec4 v0xb76052f935a0_0;
    %cmp/s;
    %flag_get/vec4 4;
    %flag_get/vec4 5;
    %or;
    %store/vec4 v0xb76052f846f0_0, 0, 1;
    %pushi/str "zoom-4 box-00 flood-fill at (0,0) size=16 exists";
    %store/str v0xb76052f847b0_0;
    %fork TD_tb_scheduler.check, S_0xb76052f844f0;
    %join;
    %free S_0xb76052f844f0;
    %load/vec4 v0xb76052f935a0_0;
    %cmpi/s 0, 0, 32;
    %flag_inv 5; GE is !LT
    %jmp/0xz  T_26.2, 5;
    %alloc S_0xb76052f844f0;
    %ix/getv/s 4, v0xb76052f935a0_0;
    %load/vec4a v0xb76052f93660, 4;
    %pushi/vec4 2, 0, 4;
    %cmp/e;
    %flag_get/vec4 6;
    %store/vec4 v0xb76052f846f0_0, 0, 1;
    %vpi_func/s 9 467 "$sformatf", "zoom-4 box-00 fill colour is 2 (got %0h)", &A<v0xb76052f93660, v0xb76052f935a0_0 > {0 0 0};
    %store/str v0xb76052f847b0_0;
    %fork TD_tb_scheduler.check, S_0xb76052f844f0;
    %join;
    %free S_0xb76052f844f0;
T_26.2 ;
    %alloc S_0xb76052f844f0;
    %pushi/vec4 0, 0, 32;
    %alloc S_0xb76052f86270;
    %pushi/vec4 16, 0, 32;
    %pushi/vec4 0, 0, 32;
    %pushi/vec4 17, 0, 32;
    %pushi/vec4 16, 0, 32;
    %store/vec4 v0xb76052f86b50_0, 0, 32;
    %store/vec4 v0xb76052f86cf0_0, 0, 32;
    %store/vec4 v0xb76052f86f00_0, 0, 32;
    %store/vec4 v0xb76052f86dd0_0, 0, 32;
    %callf/vec4 TD_tb_scheduler.count_queued, S_0xb76052f86270;
    %free S_0xb76052f86270;
    %cmp/s;
    %flag_get/vec4 5;
    %store/vec4 v0xb76052f846f0_0, 0, 1;
    %alloc S_0xb76052f86270;
    %pushi/vec4 16, 0, 32;
    %pushi/vec4 0, 0, 32;
    %pushi/vec4 17, 0, 32;
    %pushi/vec4 16, 0, 32;
    %store/vec4 v0xb76052f86b50_0, 0, 32;
    %store/vec4 v0xb76052f86cf0_0, 0, 32;
    %store/vec4 v0xb76052f86f00_0, 0, 32;
    %store/vec4 v0xb76052f86dd0_0, 0, 32;
    %callf/vec4 TD_tb_scheduler.count_queued, S_0xb76052f86270;
    %free S_0xb76052f86270;
    %vpi_func/s 9 472 "$sformatf", "pixels queued in zoom-4 box-01 region (got %0d)", S<0,vec4,s32> {1 0 0};
    %store/str v0xb76052f847b0_0;
    %fork TD_tb_scheduler.check, S_0xb76052f844f0;
    %join;
    %free S_0xb76052f844f0;
    %alloc S_0xb76052f86270;
    %pushi/vec4 16, 0, 32;
    %pushi/vec4 0, 0, 32;
    %pushi/vec4 17, 0, 32;
    %pushi/vec4 16, 0, 32;
    %store/vec4 v0xb76052f86b50_0, 0, 32;
    %store/vec4 v0xb76052f86cf0_0, 0, 32;
    %store/vec4 v0xb76052f86f00_0, 0, 32;
    %store/vec4 v0xb76052f86dd0_0, 0, 32;
    %callf/vec4 TD_tb_scheduler.count_queued, S_0xb76052f86270;
    %free S_0xb76052f86270;
    %alloc S_0xb76052f854b0;
    %pushi/vec4 0, 0, 32;
    %pushi/vec4 0, 0, 32;
    %pushi/vec4 256, 0, 32;
    %pushi/vec4 256, 0, 32;
    %store/vec4 v0xb76052f85de0_0, 0, 32;
    %store/vec4 v0xb76052f85f80_0, 0, 32;
    %store/vec4 v0xb76052f86190_0, 0, 32;
    %store/vec4 v0xb76052f86060_0, 0, 32;
    %callf/vec4 TD_tb_scheduler.count_covered, S_0xb76052f854b0;
    %free S_0xb76052f854b0;
    %vpi_call/w 9 475 "$display", "  [INFO] fills=%0d  queued_in_box01=%0d  total_covered=%0d/65536", v0xb76052f93830_0, S<1,vec4,s32>, S<0,vec4,s32> {2 0 0};
    %fork t_29, S_0xb76052f83f40;
    %jmp t_28;
    .scope S_0xb76052f83f40;
t_29 ;
    %load/vec4 v0xb76052f93830_0;
    %cmpi/s 12, 0, 32;
    %flag_mov 8, 5;
    %jmp/0 T_26.4, 8;
    %load/vec4 v0xb76052f93830_0;
    %jmp/1 T_26.5, 8;
T_26.4 ; End of true expr.
    %pushi/vec4 12, 0, 32;
    %jmp/0 T_26.5, 8;
 ; End of false expr.
    %blend;
T_26.5;
    %store/vec4 v0xb76052f843f0_0, 0, 32;
    %fork t_31, S_0xb76052f840f0;
    %jmp t_30;
    .scope S_0xb76052f840f0;
t_31 ;
    %pushi/vec4 0, 0, 32;
    %store/vec4 v0xb76052f842f0_0, 0, 32;
T_26.6 ;
    %load/vec4 v0xb76052f842f0_0;
    %load/vec4 v0xb76052f843f0_0;
    %cmp/s;
    %jmp/0xz T_26.7, 5;
    %vpi_call/w 9 484 "$display", "  [INFO] fill[%0d]: (%0d,%0d) sz=%0d col=%0h", v0xb76052f842f0_0, &A<v0xb76052f939d0, v0xb76052f842f0_0 >, &A<v0xb76052f93a90, v0xb76052f842f0_0 >, &A<v0xb76052f93910, v0xb76052f842f0_0 >, &A<v0xb76052f93660, v0xb76052f842f0_0 > {0 0 0};
    ; show_stmt_assign_vector: Get l-value for compressed += operand
    %load/vec4 v0xb76052f842f0_0;
    %pushi/vec4 1, 0, 32;
    %add;
    %cast2;
    %store/vec4 v0xb76052f842f0_0, 0, 32;
    %jmp T_26.6;
T_26.7 ;
    %end;
    .scope S_0xb76052f83f40;
t_30 %join;
    %end;
    .scope S_0xb76052ef4350;
t_28 %join;
    %alloc S_0xb76052f91f50;
    %fork TD_tb_scheduler.summary, S_0xb76052f91f50;
    %join;
    %free S_0xb76052f91f50;
    %vpi_call/w 9 490 "$finish" {0 0 0};
    %end;
    .thread T_26;
    .scope S_0xb76052ef4350;
T_27 ;
    %delay 2431504384, 46;
    %vpi_call/w 9 496 "$display", "\012[TIMEOUT] simulation exceeded hard limit - possible hang" {0 0 0};
    %vpi_call/w 9 497 "$finish" {0 0 0};
    %end;
    .thread T_27;
# The file index is used to find the file name in the following table.
:file_names 13;
    "N/A";
    "<interactive>";
    "-";
    "hdl/comparator/comparator.sv";
    "hdl/queues/complete_queue_handler.sv";
    "hdl/queues/complete_queue.sv";
    "hdl/queues/fifo.sv";
    "hdl/queues/job_queue_handler.sv";
    "hdl/queues/job_queue.sv";
    "tb/scheduler/tb_scheduler.sv";
    "hdl/scheduler/scheduler.sv";
    "hdl/scheduler/scheduler_stack.sv";
    "hdl/scheduler/border_coord_generator.sv";
