#! /usr/bin/vvp
:ivl_version "12.0 (stable)";
:ivl_delay_selection "TYPICAL";
:vpi_time_precision - 12;
:vpi_module "/usr/lib/aarch64-linux-gnu/ivl/system.vpi";
:vpi_module "/usr/lib/aarch64-linux-gnu/ivl/vhdl_sys.vpi";
:vpi_module "/usr/lib/aarch64-linux-gnu/ivl/vhdl_textio.vpi";
:vpi_module "/usr/lib/aarch64-linux-gnu/ivl/v2005_math.vpi";
:vpi_module "/usr/lib/aarch64-linux-gnu/ivl/va_math.vpi";
:vpi_module "/usr/lib/aarch64-linux-gnu/ivl/v2009.vpi";
S_0xb470e2786500 .scope package, "$unit" "$unit" 2 1;
 .timescale 0 0;
S_0xb470e278aa20 .scope module, "bram_to_dram" "bram_to_dram" 3 4;
 .timescale 0 0;
    .port_info 0 /INPUT 1 "clk";
    .port_info 1 /INPUT 1 "rst";
    .port_info 2 /INPUT 256 "tile_done";
    .port_info 3 /INPUT 1 "engine_done";
    .port_info 4 /OUTPUT 8 "tt_rd_index";
    .port_info 5 /INPUT 1 "tt_is_filled";
    .port_info 6 /INPUT 6 "tt_fill_colour";
    .port_info 7 /OUTPUT 13 "b2d_word_addr";
    .port_info 8 /OUTPUT 1 "b2d_rd_en";
    .port_info 9 /INPUT 1 "b2d_rd_grant";
    .port_info 10 /INPUT 64 "b2d_rd_data";
    .port_info 11 /OUTPUT 32 "axi_wr_addr";
    .port_info 12 /OUTPUT 64 "axi_wr_data";
    .port_info 13 /OUTPUT 1 "axi_wr_en";
    .port_info 14 /INPUT 1 "axi_wr_ready";
    .port_info 15 /OUTPUT 1 "cache_valid_wr_en";
    .port_info 16 /OUTPUT 8 "cache_valid_index";
    .port_info 17 /OUTPUT 1 "cache_valid_value";
    .port_info 18 /INPUT 32 "sixteenth_base_addr";
    .port_info 19 /OUTPUT 1 "quarter_complete";
enum0xb470e260a900 .enum4 (3)
   "SCAN" 3'b000,
   "CHECK_TABLE" 3'b001,
   "GENERATE_FILL" 3'b010,
   "BURST_PIPE" 3'b011,
   "PIPE_DRAIN" 3'b100
 ;
L_0xb470e2824930 .functor NOT 256, v0xb470e2785990_0, C4<0000000000000000000000000000000000000000000000000000000000000000000000000000000000000000000000000000000000000000000000000000000000000000000000000000000000000000000000000000000000000000000000000000000000000000000000000000000000000000000000000000000000000000>, C4<0000000000000000000000000000000000000000000000000000000000000000000000000000000000000000000000000000000000000000000000000000000000000000000000000000000000000000000000000000000000000000000000000000000000000000000000000000000000000000000000000000000000000000>, C4<0000000000000000000000000000000000000000000000000000000000000000000000000000000000000000000000000000000000000000000000000000000000000000000000000000000000000000000000000000000000000000000000000000000000000000000000000000000000000000000000000000000000000000>;
o0xb470e2855d18 .functor BUFZ 256, C4<zzzzzzzzzzzzzzzzzzzzzzzzzzzzzzzzzzzzzzzzzzzzzzzzzzzzzzzzzzzzzzzzzzzzzzzzzzzzzzzzzzzzzzzzzzzzzzzzzzzzzzzzzzzzzzzzzzzzzzzzzzzzzzzzzzzzzzzzzzzzzzzzzzzzzzzzzzzzzzzzzzzzzzzzzzzzzzzzzzzzzzzzzzzzzzzzzzzzzzzzzzzzzzzzzzzzzzzzzzzzzzzzzzzzzzzzzzzzzzzzzzzzzzzzzzzzzzzz>; HiZ drive
L_0xb470e26d01e0 .functor AND 256, o0xb470e2855d18, L_0xb470e2824930, C4<1111111111111111111111111111111111111111111111111111111111111111111111111111111111111111111111111111111111111111111111111111111111111111111111111111111111111111111111111111111111111111111111111111111111111111111111111111111111111111111111111111111111111111>, C4<1111111111111111111111111111111111111111111111111111111111111111111111111111111111111111111111111111111111111111111111111111111111111111111111111111111111111111111111111111111111111111111111111111111111111111111111111111111111111111111111111111111111111111>;
L_0xb470e26363d0 .functor BUFZ 8, v0xb470e2824160_0, C4<00000000>, C4<00000000>, C4<00000000>;
o0xb470e2855ad8 .functor BUFZ 1, C4<z>; HiZ drive
L_0xb470e2659870 .functor AND 1, L_0xb470e29d96e0, o0xb470e2855ad8, C4<1>, C4<1>;
v0xb470e27898d0_0 .net *"_ivl_0", 255 0, L_0xb470e2824930;  1 drivers
L_0xb470e29815b8 .functor BUFT 1, C4<1111111111111111111111111111111111111111111111111111111111111111111111111111111111111111111111111111111111111111111111111111111111111111111111111111111111111111111111111111111111111111111111111111111111111111111111111111111111111111111111111111111111111111>, C4<0>, C4<0>, C4<0>;
v0xb470e26d0300_0 .net/2u *"_ivl_6", 255 0, L_0xb470e29815b8;  1 drivers
v0xb470e2638b90_0 .net *"_ivl_8", 0 0, L_0xb470e29d96e0;  1 drivers
v0xb470e2784350_0 .var "any_pending", 0 0;
v0xb470e268af40_0 .var "axi_wr_addr", 31 0;
v0xb470e266cec0_0 .var "axi_wr_data", 63 0;
v0xb470e266b1c0_0 .var "axi_wr_en", 0 0;
o0xb470e28558f8 .functor BUFZ 1, C4<z>; HiZ drive
v0xb470e2623d40_0 .net "axi_wr_ready", 0 0, o0xb470e28558f8;  0 drivers
o0xb470e2855928 .functor BUFZ 64, C4<zzzzzzzzzzzzzzzzzzzzzzzzzzzzzzzzzzzzzzzzzzzzzzzzzzzzzzzzzzzzzzzz>; HiZ drive
v0xb470e2623f40_0 .net "b2d_rd_data", 63 0, o0xb470e2855928;  0 drivers
v0xb470e2622020_0 .var "b2d_rd_en", 0 0;
o0xb470e2855988 .functor BUFZ 1, C4<z>; HiZ drive
v0xb470e2788330_0 .net "b2d_rd_grant", 0 0, o0xb470e2855988;  0 drivers
v0xb470e2823100_0 .var "b2d_word_addr", 12 0;
v0xb470e2823840_0 .var "cache_valid_index", 7 0;
v0xb470e2830c00_0 .var "cache_valid_value", 0 0;
v0xb470e28233f0_0 .var "cache_valid_wr_en", 0 0;
o0xb470e2855a78 .functor BUFZ 1, C4<z>; HiZ drive
v0xb470e28234b0_0 .net "clk", 0 0, o0xb470e2855a78;  0 drivers
v0xb470e2824160_0 .var "cur_tile", 7 0;
v0xb470e282fe30_0 .net "engine_done", 0 0, o0xb470e2855ad8;  0 drivers
v0xb470e282fef0_0 .var "fill_count", 4 0;
v0xb470e2830270_0 .var "fill_word", 63 0;
v0xb470e28305a0_0 .var "next_tile", 7 0;
v0xb470e28308d0_0 .net "pending", 255 0, L_0xb470e26d01e0;  1 drivers
v0xb470e2831280_0 .var "pipe_data", 63 0;
v0xb470e2831b30_0 .var "pipe_valid", 0 0;
v0xb470e2831bf0_0 .net "quarter_complete", 0 0, L_0xb470e2659870;  1 drivers
v0xb470e282f290_0 .var "rd_count", 4 0;
o0xb470e2855c88 .functor BUFZ 1, C4<z>; HiZ drive
v0xb470e26565d0_0 .net "rst", 0 0, o0xb470e2855c88;  0 drivers
o0xb470e2855cb8 .functor BUFZ 32, C4<zzzzzzzzzzzzzzzzzzzzzzzzzzzzzzzz>; HiZ drive
v0xb470e2656690_0 .net "sixteenth_base_addr", 31 0, o0xb470e2855cb8;  0 drivers
v0xb470e2785380_0 .var "state", 2 0;
v0xb470e2785460_0 .net "tile_done", 255 0, o0xb470e2855d18;  0 drivers
v0xb470e2785990_0 .var "transferred", 255 0;
o0xb470e2855d78 .functor BUFZ 6, C4<zzzzzz>; HiZ drive
v0xb470e2785a70_0 .net "tt_fill_colour", 5 0, o0xb470e2855d78;  0 drivers
o0xb470e2855da8 .functor BUFZ 1, C4<z>; HiZ drive
v0xb470e2788820_0 .net "tt_is_filled", 0 0, o0xb470e2855da8;  0 drivers
v0xb470e27888e0_0 .net "tt_rd_index", 7 0, L_0xb470e26363d0;  1 drivers
v0xb470e2788e50_0 .var "wr_count", 4 0;
E_0xb470e2641570 .event posedge, v0xb470e28234b0_0;
E_0xb470e26427d0 .event anyedge, v0xb470e2785a70_0;
E_0xb470e263d2c0 .event anyedge, v0xb470e28308d0_0;
L_0xb470e29d96e0 .cmp/eq 256, v0xb470e2785990_0, L_0xb470e29815b8;
S_0xb470e261f2e0 .scope begin, "$ivl_for_loop0" "$ivl_for_loop0" 3 68, 3 68 0, S_0xb470e278aa20;
 .timescale 0 0;
v0xb470e282da20_0 .var/2s "i", 31 0;
S_0xb470e261f470 .scope begin, "$ivl_for_loop1" "$ivl_for_loop1" 3 83, 3 83 0, S_0xb470e278aa20;
 .timescale 0 0;
v0xb470e2824a50_0 .var/2s "i", 31 0;
S_0xb470e26562b0 .scope module, "colour_bram" "colour_bram" 4 4;
 .timescale 0 0;
    .port_info 0 /INPUT 1 "clk";
    .port_info 1 /INPUT 9 "ctrl_rd_x";
    .port_info 2 /INPUT 9 "ctrl_rd_y";
    .port_info 3 /INPUT 1 "ctrl_rd_en";
    .port_info 4 /OUTPUT 8 "ctrl_rd_data";
    .port_info 5 /INPUT 9 "ctrl_wr_x";
    .port_info 6 /INPUT 9 "ctrl_wr_y";
    .port_info 7 /INPUT 1 "ctrl_wr_en";
    .port_info 8 /INPUT 8 "ctrl_wr_data";
    .port_info 9 /INPUT 13 "b2d_word_addr";
    .port_info 10 /INPUT 1 "b2d_rd_en";
    .port_info 11 /OUTPUT 1 "b2d_rd_grant";
    .port_info 12 /OUTPUT 64 "b2d_rd_data";
o0xb470e2856438 .functor BUFZ 1, C4<z>; HiZ drive
L_0xb470e2641910 .functor AND 1, o0xb470e2856438, L_0xb470e29d98d0, C4<1>, C4<1>;
v0xb470e2665a40_0 .net *"_ivl_1", 0 0, L_0xb470e29d98d0;  1 drivers
v0xb470e2665b20_0 .var "a_byte_off_reg", 2 0;
v0xb470e2665c00_0 .var "a_rd_word", 63 0;
v0xb470e2665cc0_0 .var "b2d_rd_data", 63 0;
v0xb470e267bc30_0 .net "b2d_rd_en", 0 0, o0xb470e2856438;  0 drivers
v0xb470e267bd40_0 .net "b2d_rd_grant", 0 0, L_0xb470e2641910;  1 drivers
o0xb470e2856498 .functor BUFZ 13, C4<zzzzzzzzzzzzz>; HiZ drive
v0xb470e267be00_0 .net "b2d_word_addr", 12 0, o0xb470e2856498;  0 drivers
v0xb470e267bee0_0 .var "b_wr_word", 63 0;
o0xb470e28564f8 .functor BUFZ 1, C4<z>; HiZ drive
v0xb470e267bfc0_0 .net "clk", 0 0, o0xb470e28564f8;  0 drivers
v0xb470e2670220_0 .var "ctrl_rd_data", 7 0;
o0xb470e2856558 .functor BUFZ 1, C4<z>; HiZ drive
v0xb470e2670300_0 .net "ctrl_rd_en", 0 0, o0xb470e2856558;  0 drivers
o0xb470e2856588 .functor BUFZ 9, C4<zzzzzzzzz>; HiZ drive
v0xb470e26703c0_0 .net "ctrl_rd_x", 8 0, o0xb470e2856588;  0 drivers
o0xb470e28565b8 .functor BUFZ 9, C4<zzzzzzzzz>; HiZ drive
v0xb470e26704a0_0 .net "ctrl_rd_y", 8 0, o0xb470e28565b8;  0 drivers
o0xb470e28565e8 .functor BUFZ 8, C4<zzzzzzzz>; HiZ drive
v0xb470e2670580_0 .net "ctrl_wr_data", 7 0, o0xb470e28565e8;  0 drivers
o0xb470e2856618 .functor BUFZ 1, C4<z>; HiZ drive
v0xb470e263c910_0 .net "ctrl_wr_en", 0 0, o0xb470e2856618;  0 drivers
o0xb470e2856648 .functor BUFZ 9, C4<zzzzzzzzz>; HiZ drive
v0xb470e263c9d0_0 .net "ctrl_wr_x", 8 0, o0xb470e2856648;  0 drivers
o0xb470e2856678 .functor BUFZ 9, C4<zzzzzzzzz>; HiZ drive
v0xb470e263cab0_0 .net "ctrl_wr_y", 8 0, o0xb470e2856678;  0 drivers
v0xb470e263cb90 .array "mem", 8191 0, 63 0;
v0xb470e2972240_0 .net "wr_byte_off", 2 0, L_0xb470e29d9a20;  1 drivers
E_0xb470e2641250 .event posedge, v0xb470e267bfc0_0;
E_0xb470e2641e60/0 .event anyedge, v0xb470e263c9d0_0, v0xb470e263cab0_0, v0xb470e2665960_0, v0xb470e262e2d0_0;
v0xb470e263cb90_0 .array/port v0xb470e263cb90, 0;
E_0xb470e2641e60/1 .event anyedge, v0xb470e2665960_0, v0xb470e262e2d0_0, v0xb470e262e110_0, v0xb470e263cb90_0;
v0xb470e263cb90_1 .array/port v0xb470e263cb90, 1;
v0xb470e263cb90_2 .array/port v0xb470e263cb90, 2;
v0xb470e263cb90_3 .array/port v0xb470e263cb90, 3;
v0xb470e263cb90_4 .array/port v0xb470e263cb90, 4;
E_0xb470e2641e60/2 .event anyedge, v0xb470e263cb90_1, v0xb470e263cb90_2, v0xb470e263cb90_3, v0xb470e263cb90_4;
v0xb470e263cb90_5 .array/port v0xb470e263cb90, 5;
v0xb470e263cb90_6 .array/port v0xb470e263cb90, 6;
v0xb470e263cb90_7 .array/port v0xb470e263cb90, 7;
v0xb470e263cb90_8 .array/port v0xb470e263cb90, 8;
E_0xb470e2641e60/3 .event anyedge, v0xb470e263cb90_5, v0xb470e263cb90_6, v0xb470e263cb90_7, v0xb470e263cb90_8;
v0xb470e263cb90_9 .array/port v0xb470e263cb90, 9;
v0xb470e263cb90_10 .array/port v0xb470e263cb90, 10;
v0xb470e263cb90_11 .array/port v0xb470e263cb90, 11;
v0xb470e263cb90_12 .array/port v0xb470e263cb90, 12;
E_0xb470e2641e60/4 .event anyedge, v0xb470e263cb90_9, v0xb470e263cb90_10, v0xb470e263cb90_11, v0xb470e263cb90_12;
v0xb470e263cb90_13 .array/port v0xb470e263cb90, 13;
v0xb470e263cb90_14 .array/port v0xb470e263cb90, 14;
v0xb470e263cb90_15 .array/port v0xb470e263cb90, 15;
v0xb470e263cb90_16 .array/port v0xb470e263cb90, 16;
E_0xb470e2641e60/5 .event anyedge, v0xb470e263cb90_13, v0xb470e263cb90_14, v0xb470e263cb90_15, v0xb470e263cb90_16;
v0xb470e263cb90_17 .array/port v0xb470e263cb90, 17;
v0xb470e263cb90_18 .array/port v0xb470e263cb90, 18;
v0xb470e263cb90_19 .array/port v0xb470e263cb90, 19;
v0xb470e263cb90_20 .array/port v0xb470e263cb90, 20;
E_0xb470e2641e60/6 .event anyedge, v0xb470e263cb90_17, v0xb470e263cb90_18, v0xb470e263cb90_19, v0xb470e263cb90_20;
v0xb470e263cb90_21 .array/port v0xb470e263cb90, 21;
v0xb470e263cb90_22 .array/port v0xb470e263cb90, 22;
v0xb470e263cb90_23 .array/port v0xb470e263cb90, 23;
v0xb470e263cb90_24 .array/port v0xb470e263cb90, 24;
E_0xb470e2641e60/7 .event anyedge, v0xb470e263cb90_21, v0xb470e263cb90_22, v0xb470e263cb90_23, v0xb470e263cb90_24;
v0xb470e263cb90_25 .array/port v0xb470e263cb90, 25;
v0xb470e263cb90_26 .array/port v0xb470e263cb90, 26;
v0xb470e263cb90_27 .array/port v0xb470e263cb90, 27;
v0xb470e263cb90_28 .array/port v0xb470e263cb90, 28;
E_0xb470e2641e60/8 .event anyedge, v0xb470e263cb90_25, v0xb470e263cb90_26, v0xb470e263cb90_27, v0xb470e263cb90_28;
v0xb470e263cb90_29 .array/port v0xb470e263cb90, 29;
v0xb470e263cb90_30 .array/port v0xb470e263cb90, 30;
v0xb470e263cb90_31 .array/port v0xb470e263cb90, 31;
v0xb470e263cb90_32 .array/port v0xb470e263cb90, 32;
E_0xb470e2641e60/9 .event anyedge, v0xb470e263cb90_29, v0xb470e263cb90_30, v0xb470e263cb90_31, v0xb470e263cb90_32;
v0xb470e263cb90_33 .array/port v0xb470e263cb90, 33;
v0xb470e263cb90_34 .array/port v0xb470e263cb90, 34;
v0xb470e263cb90_35 .array/port v0xb470e263cb90, 35;
v0xb470e263cb90_36 .array/port v0xb470e263cb90, 36;
E_0xb470e2641e60/10 .event anyedge, v0xb470e263cb90_33, v0xb470e263cb90_34, v0xb470e263cb90_35, v0xb470e263cb90_36;
v0xb470e263cb90_37 .array/port v0xb470e263cb90, 37;
v0xb470e263cb90_38 .array/port v0xb470e263cb90, 38;
v0xb470e263cb90_39 .array/port v0xb470e263cb90, 39;
v0xb470e263cb90_40 .array/port v0xb470e263cb90, 40;
E_0xb470e2641e60/11 .event anyedge, v0xb470e263cb90_37, v0xb470e263cb90_38, v0xb470e263cb90_39, v0xb470e263cb90_40;
v0xb470e263cb90_41 .array/port v0xb470e263cb90, 41;
v0xb470e263cb90_42 .array/port v0xb470e263cb90, 42;
v0xb470e263cb90_43 .array/port v0xb470e263cb90, 43;
v0xb470e263cb90_44 .array/port v0xb470e263cb90, 44;
E_0xb470e2641e60/12 .event anyedge, v0xb470e263cb90_41, v0xb470e263cb90_42, v0xb470e263cb90_43, v0xb470e263cb90_44;
v0xb470e263cb90_45 .array/port v0xb470e263cb90, 45;
v0xb470e263cb90_46 .array/port v0xb470e263cb90, 46;
v0xb470e263cb90_47 .array/port v0xb470e263cb90, 47;
v0xb470e263cb90_48 .array/port v0xb470e263cb90, 48;
E_0xb470e2641e60/13 .event anyedge, v0xb470e263cb90_45, v0xb470e263cb90_46, v0xb470e263cb90_47, v0xb470e263cb90_48;
v0xb470e263cb90_49 .array/port v0xb470e263cb90, 49;
v0xb470e263cb90_50 .array/port v0xb470e263cb90, 50;
v0xb470e263cb90_51 .array/port v0xb470e263cb90, 51;
v0xb470e263cb90_52 .array/port v0xb470e263cb90, 52;
E_0xb470e2641e60/14 .event anyedge, v0xb470e263cb90_49, v0xb470e263cb90_50, v0xb470e263cb90_51, v0xb470e263cb90_52;
v0xb470e263cb90_53 .array/port v0xb470e263cb90, 53;
v0xb470e263cb90_54 .array/port v0xb470e263cb90, 54;
v0xb470e263cb90_55 .array/port v0xb470e263cb90, 55;
v0xb470e263cb90_56 .array/port v0xb470e263cb90, 56;
E_0xb470e2641e60/15 .event anyedge, v0xb470e263cb90_53, v0xb470e263cb90_54, v0xb470e263cb90_55, v0xb470e263cb90_56;
v0xb470e263cb90_57 .array/port v0xb470e263cb90, 57;
v0xb470e263cb90_58 .array/port v0xb470e263cb90, 58;
v0xb470e263cb90_59 .array/port v0xb470e263cb90, 59;
v0xb470e263cb90_60 .array/port v0xb470e263cb90, 60;
E_0xb470e2641e60/16 .event anyedge, v0xb470e263cb90_57, v0xb470e263cb90_58, v0xb470e263cb90_59, v0xb470e263cb90_60;
v0xb470e263cb90_61 .array/port v0xb470e263cb90, 61;
v0xb470e263cb90_62 .array/port v0xb470e263cb90, 62;
v0xb470e263cb90_63 .array/port v0xb470e263cb90, 63;
v0xb470e263cb90_64 .array/port v0xb470e263cb90, 64;
E_0xb470e2641e60/17 .event anyedge, v0xb470e263cb90_61, v0xb470e263cb90_62, v0xb470e263cb90_63, v0xb470e263cb90_64;
v0xb470e263cb90_65 .array/port v0xb470e263cb90, 65;
v0xb470e263cb90_66 .array/port v0xb470e263cb90, 66;
v0xb470e263cb90_67 .array/port v0xb470e263cb90, 67;
v0xb470e263cb90_68 .array/port v0xb470e263cb90, 68;
E_0xb470e2641e60/18 .event anyedge, v0xb470e263cb90_65, v0xb470e263cb90_66, v0xb470e263cb90_67, v0xb470e263cb90_68;
v0xb470e263cb90_69 .array/port v0xb470e263cb90, 69;
v0xb470e263cb90_70 .array/port v0xb470e263cb90, 70;
v0xb470e263cb90_71 .array/port v0xb470e263cb90, 71;
v0xb470e263cb90_72 .array/port v0xb470e263cb90, 72;
E_0xb470e2641e60/19 .event anyedge, v0xb470e263cb90_69, v0xb470e263cb90_70, v0xb470e263cb90_71, v0xb470e263cb90_72;
v0xb470e263cb90_73 .array/port v0xb470e263cb90, 73;
v0xb470e263cb90_74 .array/port v0xb470e263cb90, 74;
v0xb470e263cb90_75 .array/port v0xb470e263cb90, 75;
v0xb470e263cb90_76 .array/port v0xb470e263cb90, 76;
E_0xb470e2641e60/20 .event anyedge, v0xb470e263cb90_73, v0xb470e263cb90_74, v0xb470e263cb90_75, v0xb470e263cb90_76;
v0xb470e263cb90_77 .array/port v0xb470e263cb90, 77;
v0xb470e263cb90_78 .array/port v0xb470e263cb90, 78;
v0xb470e263cb90_79 .array/port v0xb470e263cb90, 79;
v0xb470e263cb90_80 .array/port v0xb470e263cb90, 80;
E_0xb470e2641e60/21 .event anyedge, v0xb470e263cb90_77, v0xb470e263cb90_78, v0xb470e263cb90_79, v0xb470e263cb90_80;
v0xb470e263cb90_81 .array/port v0xb470e263cb90, 81;
v0xb470e263cb90_82 .array/port v0xb470e263cb90, 82;
v0xb470e263cb90_83 .array/port v0xb470e263cb90, 83;
v0xb470e263cb90_84 .array/port v0xb470e263cb90, 84;
E_0xb470e2641e60/22 .event anyedge, v0xb470e263cb90_81, v0xb470e263cb90_82, v0xb470e263cb90_83, v0xb470e263cb90_84;
v0xb470e263cb90_85 .array/port v0xb470e263cb90, 85;
v0xb470e263cb90_86 .array/port v0xb470e263cb90, 86;
v0xb470e263cb90_87 .array/port v0xb470e263cb90, 87;
v0xb470e263cb90_88 .array/port v0xb470e263cb90, 88;
E_0xb470e2641e60/23 .event anyedge, v0xb470e263cb90_85, v0xb470e263cb90_86, v0xb470e263cb90_87, v0xb470e263cb90_88;
v0xb470e263cb90_89 .array/port v0xb470e263cb90, 89;
v0xb470e263cb90_90 .array/port v0xb470e263cb90, 90;
v0xb470e263cb90_91 .array/port v0xb470e263cb90, 91;
v0xb470e263cb90_92 .array/port v0xb470e263cb90, 92;
E_0xb470e2641e60/24 .event anyedge, v0xb470e263cb90_89, v0xb470e263cb90_90, v0xb470e263cb90_91, v0xb470e263cb90_92;
v0xb470e263cb90_93 .array/port v0xb470e263cb90, 93;
v0xb470e263cb90_94 .array/port v0xb470e263cb90, 94;
v0xb470e263cb90_95 .array/port v0xb470e263cb90, 95;
v0xb470e263cb90_96 .array/port v0xb470e263cb90, 96;
E_0xb470e2641e60/25 .event anyedge, v0xb470e263cb90_93, v0xb470e263cb90_94, v0xb470e263cb90_95, v0xb470e263cb90_96;
v0xb470e263cb90_97 .array/port v0xb470e263cb90, 97;
v0xb470e263cb90_98 .array/port v0xb470e263cb90, 98;
v0xb470e263cb90_99 .array/port v0xb470e263cb90, 99;
v0xb470e263cb90_100 .array/port v0xb470e263cb90, 100;
E_0xb470e2641e60/26 .event anyedge, v0xb470e263cb90_97, v0xb470e263cb90_98, v0xb470e263cb90_99, v0xb470e263cb90_100;
v0xb470e263cb90_101 .array/port v0xb470e263cb90, 101;
v0xb470e263cb90_102 .array/port v0xb470e263cb90, 102;
v0xb470e263cb90_103 .array/port v0xb470e263cb90, 103;
v0xb470e263cb90_104 .array/port v0xb470e263cb90, 104;
E_0xb470e2641e60/27 .event anyedge, v0xb470e263cb90_101, v0xb470e263cb90_102, v0xb470e263cb90_103, v0xb470e263cb90_104;
v0xb470e263cb90_105 .array/port v0xb470e263cb90, 105;
v0xb470e263cb90_106 .array/port v0xb470e263cb90, 106;
v0xb470e263cb90_107 .array/port v0xb470e263cb90, 107;
v0xb470e263cb90_108 .array/port v0xb470e263cb90, 108;
E_0xb470e2641e60/28 .event anyedge, v0xb470e263cb90_105, v0xb470e263cb90_106, v0xb470e263cb90_107, v0xb470e263cb90_108;
v0xb470e263cb90_109 .array/port v0xb470e263cb90, 109;
v0xb470e263cb90_110 .array/port v0xb470e263cb90, 110;
v0xb470e263cb90_111 .array/port v0xb470e263cb90, 111;
v0xb470e263cb90_112 .array/port v0xb470e263cb90, 112;
E_0xb470e2641e60/29 .event anyedge, v0xb470e263cb90_109, v0xb470e263cb90_110, v0xb470e263cb90_111, v0xb470e263cb90_112;
v0xb470e263cb90_113 .array/port v0xb470e263cb90, 113;
v0xb470e263cb90_114 .array/port v0xb470e263cb90, 114;
v0xb470e263cb90_115 .array/port v0xb470e263cb90, 115;
v0xb470e263cb90_116 .array/port v0xb470e263cb90, 116;
E_0xb470e2641e60/30 .event anyedge, v0xb470e263cb90_113, v0xb470e263cb90_114, v0xb470e263cb90_115, v0xb470e263cb90_116;
v0xb470e263cb90_117 .array/port v0xb470e263cb90, 117;
v0xb470e263cb90_118 .array/port v0xb470e263cb90, 118;
v0xb470e263cb90_119 .array/port v0xb470e263cb90, 119;
v0xb470e263cb90_120 .array/port v0xb470e263cb90, 120;
E_0xb470e2641e60/31 .event anyedge, v0xb470e263cb90_117, v0xb470e263cb90_118, v0xb470e263cb90_119, v0xb470e263cb90_120;
v0xb470e263cb90_121 .array/port v0xb470e263cb90, 121;
v0xb470e263cb90_122 .array/port v0xb470e263cb90, 122;
v0xb470e263cb90_123 .array/port v0xb470e263cb90, 123;
v0xb470e263cb90_124 .array/port v0xb470e263cb90, 124;
E_0xb470e2641e60/32 .event anyedge, v0xb470e263cb90_121, v0xb470e263cb90_122, v0xb470e263cb90_123, v0xb470e263cb90_124;
v0xb470e263cb90_125 .array/port v0xb470e263cb90, 125;
v0xb470e263cb90_126 .array/port v0xb470e263cb90, 126;
v0xb470e263cb90_127 .array/port v0xb470e263cb90, 127;
v0xb470e263cb90_128 .array/port v0xb470e263cb90, 128;
E_0xb470e2641e60/33 .event anyedge, v0xb470e263cb90_125, v0xb470e263cb90_126, v0xb470e263cb90_127, v0xb470e263cb90_128;
v0xb470e263cb90_129 .array/port v0xb470e263cb90, 129;
v0xb470e263cb90_130 .array/port v0xb470e263cb90, 130;
v0xb470e263cb90_131 .array/port v0xb470e263cb90, 131;
v0xb470e263cb90_132 .array/port v0xb470e263cb90, 132;
E_0xb470e2641e60/34 .event anyedge, v0xb470e263cb90_129, v0xb470e263cb90_130, v0xb470e263cb90_131, v0xb470e263cb90_132;
v0xb470e263cb90_133 .array/port v0xb470e263cb90, 133;
v0xb470e263cb90_134 .array/port v0xb470e263cb90, 134;
v0xb470e263cb90_135 .array/port v0xb470e263cb90, 135;
v0xb470e263cb90_136 .array/port v0xb470e263cb90, 136;
E_0xb470e2641e60/35 .event anyedge, v0xb470e263cb90_133, v0xb470e263cb90_134, v0xb470e263cb90_135, v0xb470e263cb90_136;
v0xb470e263cb90_137 .array/port v0xb470e263cb90, 137;
v0xb470e263cb90_138 .array/port v0xb470e263cb90, 138;
v0xb470e263cb90_139 .array/port v0xb470e263cb90, 139;
v0xb470e263cb90_140 .array/port v0xb470e263cb90, 140;
E_0xb470e2641e60/36 .event anyedge, v0xb470e263cb90_137, v0xb470e263cb90_138, v0xb470e263cb90_139, v0xb470e263cb90_140;
v0xb470e263cb90_141 .array/port v0xb470e263cb90, 141;
v0xb470e263cb90_142 .array/port v0xb470e263cb90, 142;
v0xb470e263cb90_143 .array/port v0xb470e263cb90, 143;
v0xb470e263cb90_144 .array/port v0xb470e263cb90, 144;
E_0xb470e2641e60/37 .event anyedge, v0xb470e263cb90_141, v0xb470e263cb90_142, v0xb470e263cb90_143, v0xb470e263cb90_144;
v0xb470e263cb90_145 .array/port v0xb470e263cb90, 145;
v0xb470e263cb90_146 .array/port v0xb470e263cb90, 146;
v0xb470e263cb90_147 .array/port v0xb470e263cb90, 147;
v0xb470e263cb90_148 .array/port v0xb470e263cb90, 148;
E_0xb470e2641e60/38 .event anyedge, v0xb470e263cb90_145, v0xb470e263cb90_146, v0xb470e263cb90_147, v0xb470e263cb90_148;
v0xb470e263cb90_149 .array/port v0xb470e263cb90, 149;
v0xb470e263cb90_150 .array/port v0xb470e263cb90, 150;
v0xb470e263cb90_151 .array/port v0xb470e263cb90, 151;
v0xb470e263cb90_152 .array/port v0xb470e263cb90, 152;
E_0xb470e2641e60/39 .event anyedge, v0xb470e263cb90_149, v0xb470e263cb90_150, v0xb470e263cb90_151, v0xb470e263cb90_152;
v0xb470e263cb90_153 .array/port v0xb470e263cb90, 153;
v0xb470e263cb90_154 .array/port v0xb470e263cb90, 154;
v0xb470e263cb90_155 .array/port v0xb470e263cb90, 155;
v0xb470e263cb90_156 .array/port v0xb470e263cb90, 156;
E_0xb470e2641e60/40 .event anyedge, v0xb470e263cb90_153, v0xb470e263cb90_154, v0xb470e263cb90_155, v0xb470e263cb90_156;
v0xb470e263cb90_157 .array/port v0xb470e263cb90, 157;
v0xb470e263cb90_158 .array/port v0xb470e263cb90, 158;
v0xb470e263cb90_159 .array/port v0xb470e263cb90, 159;
v0xb470e263cb90_160 .array/port v0xb470e263cb90, 160;
E_0xb470e2641e60/41 .event anyedge, v0xb470e263cb90_157, v0xb470e263cb90_158, v0xb470e263cb90_159, v0xb470e263cb90_160;
v0xb470e263cb90_161 .array/port v0xb470e263cb90, 161;
v0xb470e263cb90_162 .array/port v0xb470e263cb90, 162;
v0xb470e263cb90_163 .array/port v0xb470e263cb90, 163;
v0xb470e263cb90_164 .array/port v0xb470e263cb90, 164;
E_0xb470e2641e60/42 .event anyedge, v0xb470e263cb90_161, v0xb470e263cb90_162, v0xb470e263cb90_163, v0xb470e263cb90_164;
v0xb470e263cb90_165 .array/port v0xb470e263cb90, 165;
v0xb470e263cb90_166 .array/port v0xb470e263cb90, 166;
v0xb470e263cb90_167 .array/port v0xb470e263cb90, 167;
v0xb470e263cb90_168 .array/port v0xb470e263cb90, 168;
E_0xb470e2641e60/43 .event anyedge, v0xb470e263cb90_165, v0xb470e263cb90_166, v0xb470e263cb90_167, v0xb470e263cb90_168;
v0xb470e263cb90_169 .array/port v0xb470e263cb90, 169;
v0xb470e263cb90_170 .array/port v0xb470e263cb90, 170;
v0xb470e263cb90_171 .array/port v0xb470e263cb90, 171;
v0xb470e263cb90_172 .array/port v0xb470e263cb90, 172;
E_0xb470e2641e60/44 .event anyedge, v0xb470e263cb90_169, v0xb470e263cb90_170, v0xb470e263cb90_171, v0xb470e263cb90_172;
v0xb470e263cb90_173 .array/port v0xb470e263cb90, 173;
v0xb470e263cb90_174 .array/port v0xb470e263cb90, 174;
v0xb470e263cb90_175 .array/port v0xb470e263cb90, 175;
v0xb470e263cb90_176 .array/port v0xb470e263cb90, 176;
E_0xb470e2641e60/45 .event anyedge, v0xb470e263cb90_173, v0xb470e263cb90_174, v0xb470e263cb90_175, v0xb470e263cb90_176;
v0xb470e263cb90_177 .array/port v0xb470e263cb90, 177;
v0xb470e263cb90_178 .array/port v0xb470e263cb90, 178;
v0xb470e263cb90_179 .array/port v0xb470e263cb90, 179;
v0xb470e263cb90_180 .array/port v0xb470e263cb90, 180;
E_0xb470e2641e60/46 .event anyedge, v0xb470e263cb90_177, v0xb470e263cb90_178, v0xb470e263cb90_179, v0xb470e263cb90_180;
v0xb470e263cb90_181 .array/port v0xb470e263cb90, 181;
v0xb470e263cb90_182 .array/port v0xb470e263cb90, 182;
v0xb470e263cb90_183 .array/port v0xb470e263cb90, 183;
v0xb470e263cb90_184 .array/port v0xb470e263cb90, 184;
E_0xb470e2641e60/47 .event anyedge, v0xb470e263cb90_181, v0xb470e263cb90_182, v0xb470e263cb90_183, v0xb470e263cb90_184;
v0xb470e263cb90_185 .array/port v0xb470e263cb90, 185;
v0xb470e263cb90_186 .array/port v0xb470e263cb90, 186;
v0xb470e263cb90_187 .array/port v0xb470e263cb90, 187;
v0xb470e263cb90_188 .array/port v0xb470e263cb90, 188;
E_0xb470e2641e60/48 .event anyedge, v0xb470e263cb90_185, v0xb470e263cb90_186, v0xb470e263cb90_187, v0xb470e263cb90_188;
v0xb470e263cb90_189 .array/port v0xb470e263cb90, 189;
v0xb470e263cb90_190 .array/port v0xb470e263cb90, 190;
v0xb470e263cb90_191 .array/port v0xb470e263cb90, 191;
v0xb470e263cb90_192 .array/port v0xb470e263cb90, 192;
E_0xb470e2641e60/49 .event anyedge, v0xb470e263cb90_189, v0xb470e263cb90_190, v0xb470e263cb90_191, v0xb470e263cb90_192;
v0xb470e263cb90_193 .array/port v0xb470e263cb90, 193;
v0xb470e263cb90_194 .array/port v0xb470e263cb90, 194;
v0xb470e263cb90_195 .array/port v0xb470e263cb90, 195;
v0xb470e263cb90_196 .array/port v0xb470e263cb90, 196;
E_0xb470e2641e60/50 .event anyedge, v0xb470e263cb90_193, v0xb470e263cb90_194, v0xb470e263cb90_195, v0xb470e263cb90_196;
v0xb470e263cb90_197 .array/port v0xb470e263cb90, 197;
v0xb470e263cb90_198 .array/port v0xb470e263cb90, 198;
v0xb470e263cb90_199 .array/port v0xb470e263cb90, 199;
v0xb470e263cb90_200 .array/port v0xb470e263cb90, 200;
E_0xb470e2641e60/51 .event anyedge, v0xb470e263cb90_197, v0xb470e263cb90_198, v0xb470e263cb90_199, v0xb470e263cb90_200;
v0xb470e263cb90_201 .array/port v0xb470e263cb90, 201;
v0xb470e263cb90_202 .array/port v0xb470e263cb90, 202;
v0xb470e263cb90_203 .array/port v0xb470e263cb90, 203;
v0xb470e263cb90_204 .array/port v0xb470e263cb90, 204;
E_0xb470e2641e60/52 .event anyedge, v0xb470e263cb90_201, v0xb470e263cb90_202, v0xb470e263cb90_203, v0xb470e263cb90_204;
v0xb470e263cb90_205 .array/port v0xb470e263cb90, 205;
v0xb470e263cb90_206 .array/port v0xb470e263cb90, 206;
v0xb470e263cb90_207 .array/port v0xb470e263cb90, 207;
v0xb470e263cb90_208 .array/port v0xb470e263cb90, 208;
E_0xb470e2641e60/53 .event anyedge, v0xb470e263cb90_205, v0xb470e263cb90_206, v0xb470e263cb90_207, v0xb470e263cb90_208;
v0xb470e263cb90_209 .array/port v0xb470e263cb90, 209;
v0xb470e263cb90_210 .array/port v0xb470e263cb90, 210;
v0xb470e263cb90_211 .array/port v0xb470e263cb90, 211;
v0xb470e263cb90_212 .array/port v0xb470e263cb90, 212;
E_0xb470e2641e60/54 .event anyedge, v0xb470e263cb90_209, v0xb470e263cb90_210, v0xb470e263cb90_211, v0xb470e263cb90_212;
v0xb470e263cb90_213 .array/port v0xb470e263cb90, 213;
v0xb470e263cb90_214 .array/port v0xb470e263cb90, 214;
v0xb470e263cb90_215 .array/port v0xb470e263cb90, 215;
v0xb470e263cb90_216 .array/port v0xb470e263cb90, 216;
E_0xb470e2641e60/55 .event anyedge, v0xb470e263cb90_213, v0xb470e263cb90_214, v0xb470e263cb90_215, v0xb470e263cb90_216;
v0xb470e263cb90_217 .array/port v0xb470e263cb90, 217;
v0xb470e263cb90_218 .array/port v0xb470e263cb90, 218;
v0xb470e263cb90_219 .array/port v0xb470e263cb90, 219;
v0xb470e263cb90_220 .array/port v0xb470e263cb90, 220;
E_0xb470e2641e60/56 .event anyedge, v0xb470e263cb90_217, v0xb470e263cb90_218, v0xb470e263cb90_219, v0xb470e263cb90_220;
v0xb470e263cb90_221 .array/port v0xb470e263cb90, 221;
v0xb470e263cb90_222 .array/port v0xb470e263cb90, 222;
v0xb470e263cb90_223 .array/port v0xb470e263cb90, 223;
v0xb470e263cb90_224 .array/port v0xb470e263cb90, 224;
E_0xb470e2641e60/57 .event anyedge, v0xb470e263cb90_221, v0xb470e263cb90_222, v0xb470e263cb90_223, v0xb470e263cb90_224;
v0xb470e263cb90_225 .array/port v0xb470e263cb90, 225;
v0xb470e263cb90_226 .array/port v0xb470e263cb90, 226;
v0xb470e263cb90_227 .array/port v0xb470e263cb90, 227;
v0xb470e263cb90_228 .array/port v0xb470e263cb90, 228;
E_0xb470e2641e60/58 .event anyedge, v0xb470e263cb90_225, v0xb470e263cb90_226, v0xb470e263cb90_227, v0xb470e263cb90_228;
v0xb470e263cb90_229 .array/port v0xb470e263cb90, 229;
v0xb470e263cb90_230 .array/port v0xb470e263cb90, 230;
v0xb470e263cb90_231 .array/port v0xb470e263cb90, 231;
v0xb470e263cb90_232 .array/port v0xb470e263cb90, 232;
E_0xb470e2641e60/59 .event anyedge, v0xb470e263cb90_229, v0xb470e263cb90_230, v0xb470e263cb90_231, v0xb470e263cb90_232;
v0xb470e263cb90_233 .array/port v0xb470e263cb90, 233;
v0xb470e263cb90_234 .array/port v0xb470e263cb90, 234;
v0xb470e263cb90_235 .array/port v0xb470e263cb90, 235;
v0xb470e263cb90_236 .array/port v0xb470e263cb90, 236;
E_0xb470e2641e60/60 .event anyedge, v0xb470e263cb90_233, v0xb470e263cb90_234, v0xb470e263cb90_235, v0xb470e263cb90_236;
v0xb470e263cb90_237 .array/port v0xb470e263cb90, 237;
v0xb470e263cb90_238 .array/port v0xb470e263cb90, 238;
v0xb470e263cb90_239 .array/port v0xb470e263cb90, 239;
v0xb470e263cb90_240 .array/port v0xb470e263cb90, 240;
E_0xb470e2641e60/61 .event anyedge, v0xb470e263cb90_237, v0xb470e263cb90_238, v0xb470e263cb90_239, v0xb470e263cb90_240;
v0xb470e263cb90_241 .array/port v0xb470e263cb90, 241;
v0xb470e263cb90_242 .array/port v0xb470e263cb90, 242;
v0xb470e263cb90_243 .array/port v0xb470e263cb90, 243;
v0xb470e263cb90_244 .array/port v0xb470e263cb90, 244;
E_0xb470e2641e60/62 .event anyedge, v0xb470e263cb90_241, v0xb470e263cb90_242, v0xb470e263cb90_243, v0xb470e263cb90_244;
v0xb470e263cb90_245 .array/port v0xb470e263cb90, 245;
v0xb470e263cb90_246 .array/port v0xb470e263cb90, 246;
v0xb470e263cb90_247 .array/port v0xb470e263cb90, 247;
v0xb470e263cb90_248 .array/port v0xb470e263cb90, 248;
E_0xb470e2641e60/63 .event anyedge, v0xb470e263cb90_245, v0xb470e263cb90_246, v0xb470e263cb90_247, v0xb470e263cb90_248;
v0xb470e263cb90_249 .array/port v0xb470e263cb90, 249;
v0xb470e263cb90_250 .array/port v0xb470e263cb90, 250;
v0xb470e263cb90_251 .array/port v0xb470e263cb90, 251;
v0xb470e263cb90_252 .array/port v0xb470e263cb90, 252;
E_0xb470e2641e60/64 .event anyedge, v0xb470e263cb90_249, v0xb470e263cb90_250, v0xb470e263cb90_251, v0xb470e263cb90_252;
v0xb470e263cb90_253 .array/port v0xb470e263cb90, 253;
v0xb470e263cb90_254 .array/port v0xb470e263cb90, 254;
v0xb470e263cb90_255 .array/port v0xb470e263cb90, 255;
v0xb470e263cb90_256 .array/port v0xb470e263cb90, 256;
E_0xb470e2641e60/65 .event anyedge, v0xb470e263cb90_253, v0xb470e263cb90_254, v0xb470e263cb90_255, v0xb470e263cb90_256;
v0xb470e263cb90_257 .array/port v0xb470e263cb90, 257;
v0xb470e263cb90_258 .array/port v0xb470e263cb90, 258;
v0xb470e263cb90_259 .array/port v0xb470e263cb90, 259;
v0xb470e263cb90_260 .array/port v0xb470e263cb90, 260;
E_0xb470e2641e60/66 .event anyedge, v0xb470e263cb90_257, v0xb470e263cb90_258, v0xb470e263cb90_259, v0xb470e263cb90_260;
v0xb470e263cb90_261 .array/port v0xb470e263cb90, 261;
v0xb470e263cb90_262 .array/port v0xb470e263cb90, 262;
v0xb470e263cb90_263 .array/port v0xb470e263cb90, 263;
v0xb470e263cb90_264 .array/port v0xb470e263cb90, 264;
E_0xb470e2641e60/67 .event anyedge, v0xb470e263cb90_261, v0xb470e263cb90_262, v0xb470e263cb90_263, v0xb470e263cb90_264;
v0xb470e263cb90_265 .array/port v0xb470e263cb90, 265;
v0xb470e263cb90_266 .array/port v0xb470e263cb90, 266;
v0xb470e263cb90_267 .array/port v0xb470e263cb90, 267;
v0xb470e263cb90_268 .array/port v0xb470e263cb90, 268;
E_0xb470e2641e60/68 .event anyedge, v0xb470e263cb90_265, v0xb470e263cb90_266, v0xb470e263cb90_267, v0xb470e263cb90_268;
v0xb470e263cb90_269 .array/port v0xb470e263cb90, 269;
v0xb470e263cb90_270 .array/port v0xb470e263cb90, 270;
v0xb470e263cb90_271 .array/port v0xb470e263cb90, 271;
v0xb470e263cb90_272 .array/port v0xb470e263cb90, 272;
E_0xb470e2641e60/69 .event anyedge, v0xb470e263cb90_269, v0xb470e263cb90_270, v0xb470e263cb90_271, v0xb470e263cb90_272;
v0xb470e263cb90_273 .array/port v0xb470e263cb90, 273;
v0xb470e263cb90_274 .array/port v0xb470e263cb90, 274;
v0xb470e263cb90_275 .array/port v0xb470e263cb90, 275;
v0xb470e263cb90_276 .array/port v0xb470e263cb90, 276;
E_0xb470e2641e60/70 .event anyedge, v0xb470e263cb90_273, v0xb470e263cb90_274, v0xb470e263cb90_275, v0xb470e263cb90_276;
v0xb470e263cb90_277 .array/port v0xb470e263cb90, 277;
v0xb470e263cb90_278 .array/port v0xb470e263cb90, 278;
v0xb470e263cb90_279 .array/port v0xb470e263cb90, 279;
v0xb470e263cb90_280 .array/port v0xb470e263cb90, 280;
E_0xb470e2641e60/71 .event anyedge, v0xb470e263cb90_277, v0xb470e263cb90_278, v0xb470e263cb90_279, v0xb470e263cb90_280;
v0xb470e263cb90_281 .array/port v0xb470e263cb90, 281;
v0xb470e263cb90_282 .array/port v0xb470e263cb90, 282;
v0xb470e263cb90_283 .array/port v0xb470e263cb90, 283;
v0xb470e263cb90_284 .array/port v0xb470e263cb90, 284;
E_0xb470e2641e60/72 .event anyedge, v0xb470e263cb90_281, v0xb470e263cb90_282, v0xb470e263cb90_283, v0xb470e263cb90_284;
v0xb470e263cb90_285 .array/port v0xb470e263cb90, 285;
v0xb470e263cb90_286 .array/port v0xb470e263cb90, 286;
v0xb470e263cb90_287 .array/port v0xb470e263cb90, 287;
v0xb470e263cb90_288 .array/port v0xb470e263cb90, 288;
E_0xb470e2641e60/73 .event anyedge, v0xb470e263cb90_285, v0xb470e263cb90_286, v0xb470e263cb90_287, v0xb470e263cb90_288;
v0xb470e263cb90_289 .array/port v0xb470e263cb90, 289;
v0xb470e263cb90_290 .array/port v0xb470e263cb90, 290;
v0xb470e263cb90_291 .array/port v0xb470e263cb90, 291;
v0xb470e263cb90_292 .array/port v0xb470e263cb90, 292;
E_0xb470e2641e60/74 .event anyedge, v0xb470e263cb90_289, v0xb470e263cb90_290, v0xb470e263cb90_291, v0xb470e263cb90_292;
v0xb470e263cb90_293 .array/port v0xb470e263cb90, 293;
v0xb470e263cb90_294 .array/port v0xb470e263cb90, 294;
v0xb470e263cb90_295 .array/port v0xb470e263cb90, 295;
v0xb470e263cb90_296 .array/port v0xb470e263cb90, 296;
E_0xb470e2641e60/75 .event anyedge, v0xb470e263cb90_293, v0xb470e263cb90_294, v0xb470e263cb90_295, v0xb470e263cb90_296;
v0xb470e263cb90_297 .array/port v0xb470e263cb90, 297;
v0xb470e263cb90_298 .array/port v0xb470e263cb90, 298;
v0xb470e263cb90_299 .array/port v0xb470e263cb90, 299;
v0xb470e263cb90_300 .array/port v0xb470e263cb90, 300;
E_0xb470e2641e60/76 .event anyedge, v0xb470e263cb90_297, v0xb470e263cb90_298, v0xb470e263cb90_299, v0xb470e263cb90_300;
v0xb470e263cb90_301 .array/port v0xb470e263cb90, 301;
v0xb470e263cb90_302 .array/port v0xb470e263cb90, 302;
v0xb470e263cb90_303 .array/port v0xb470e263cb90, 303;
v0xb470e263cb90_304 .array/port v0xb470e263cb90, 304;
E_0xb470e2641e60/77 .event anyedge, v0xb470e263cb90_301, v0xb470e263cb90_302, v0xb470e263cb90_303, v0xb470e263cb90_304;
v0xb470e263cb90_305 .array/port v0xb470e263cb90, 305;
v0xb470e263cb90_306 .array/port v0xb470e263cb90, 306;
v0xb470e263cb90_307 .array/port v0xb470e263cb90, 307;
v0xb470e263cb90_308 .array/port v0xb470e263cb90, 308;
E_0xb470e2641e60/78 .event anyedge, v0xb470e263cb90_305, v0xb470e263cb90_306, v0xb470e263cb90_307, v0xb470e263cb90_308;
v0xb470e263cb90_309 .array/port v0xb470e263cb90, 309;
v0xb470e263cb90_310 .array/port v0xb470e263cb90, 310;
v0xb470e263cb90_311 .array/port v0xb470e263cb90, 311;
v0xb470e263cb90_312 .array/port v0xb470e263cb90, 312;
E_0xb470e2641e60/79 .event anyedge, v0xb470e263cb90_309, v0xb470e263cb90_310, v0xb470e263cb90_311, v0xb470e263cb90_312;
v0xb470e263cb90_313 .array/port v0xb470e263cb90, 313;
v0xb470e263cb90_314 .array/port v0xb470e263cb90, 314;
v0xb470e263cb90_315 .array/port v0xb470e263cb90, 315;
v0xb470e263cb90_316 .array/port v0xb470e263cb90, 316;
E_0xb470e2641e60/80 .event anyedge, v0xb470e263cb90_313, v0xb470e263cb90_314, v0xb470e263cb90_315, v0xb470e263cb90_316;
v0xb470e263cb90_317 .array/port v0xb470e263cb90, 317;
v0xb470e263cb90_318 .array/port v0xb470e263cb90, 318;
v0xb470e263cb90_319 .array/port v0xb470e263cb90, 319;
v0xb470e263cb90_320 .array/port v0xb470e263cb90, 320;
E_0xb470e2641e60/81 .event anyedge, v0xb470e263cb90_317, v0xb470e263cb90_318, v0xb470e263cb90_319, v0xb470e263cb90_320;
v0xb470e263cb90_321 .array/port v0xb470e263cb90, 321;
v0xb470e263cb90_322 .array/port v0xb470e263cb90, 322;
v0xb470e263cb90_323 .array/port v0xb470e263cb90, 323;
v0xb470e263cb90_324 .array/port v0xb470e263cb90, 324;
E_0xb470e2641e60/82 .event anyedge, v0xb470e263cb90_321, v0xb470e263cb90_322, v0xb470e263cb90_323, v0xb470e263cb90_324;
v0xb470e263cb90_325 .array/port v0xb470e263cb90, 325;
v0xb470e263cb90_326 .array/port v0xb470e263cb90, 326;
v0xb470e263cb90_327 .array/port v0xb470e263cb90, 327;
v0xb470e263cb90_328 .array/port v0xb470e263cb90, 328;
E_0xb470e2641e60/83 .event anyedge, v0xb470e263cb90_325, v0xb470e263cb90_326, v0xb470e263cb90_327, v0xb470e263cb90_328;
v0xb470e263cb90_329 .array/port v0xb470e263cb90, 329;
v0xb470e263cb90_330 .array/port v0xb470e263cb90, 330;
v0xb470e263cb90_331 .array/port v0xb470e263cb90, 331;
v0xb470e263cb90_332 .array/port v0xb470e263cb90, 332;
E_0xb470e2641e60/84 .event anyedge, v0xb470e263cb90_329, v0xb470e263cb90_330, v0xb470e263cb90_331, v0xb470e263cb90_332;
v0xb470e263cb90_333 .array/port v0xb470e263cb90, 333;
v0xb470e263cb90_334 .array/port v0xb470e263cb90, 334;
v0xb470e263cb90_335 .array/port v0xb470e263cb90, 335;
v0xb470e263cb90_336 .array/port v0xb470e263cb90, 336;
E_0xb470e2641e60/85 .event anyedge, v0xb470e263cb90_333, v0xb470e263cb90_334, v0xb470e263cb90_335, v0xb470e263cb90_336;
v0xb470e263cb90_337 .array/port v0xb470e263cb90, 337;
v0xb470e263cb90_338 .array/port v0xb470e263cb90, 338;
v0xb470e263cb90_339 .array/port v0xb470e263cb90, 339;
v0xb470e263cb90_340 .array/port v0xb470e263cb90, 340;
E_0xb470e2641e60/86 .event anyedge, v0xb470e263cb90_337, v0xb470e263cb90_338, v0xb470e263cb90_339, v0xb470e263cb90_340;
v0xb470e263cb90_341 .array/port v0xb470e263cb90, 341;
v0xb470e263cb90_342 .array/port v0xb470e263cb90, 342;
v0xb470e263cb90_343 .array/port v0xb470e263cb90, 343;
v0xb470e263cb90_344 .array/port v0xb470e263cb90, 344;
E_0xb470e2641e60/87 .event anyedge, v0xb470e263cb90_341, v0xb470e263cb90_342, v0xb470e263cb90_343, v0xb470e263cb90_344;
v0xb470e263cb90_345 .array/port v0xb470e263cb90, 345;
v0xb470e263cb90_346 .array/port v0xb470e263cb90, 346;
v0xb470e263cb90_347 .array/port v0xb470e263cb90, 347;
v0xb470e263cb90_348 .array/port v0xb470e263cb90, 348;
E_0xb470e2641e60/88 .event anyedge, v0xb470e263cb90_345, v0xb470e263cb90_346, v0xb470e263cb90_347, v0xb470e263cb90_348;
v0xb470e263cb90_349 .array/port v0xb470e263cb90, 349;
v0xb470e263cb90_350 .array/port v0xb470e263cb90, 350;
v0xb470e263cb90_351 .array/port v0xb470e263cb90, 351;
v0xb470e263cb90_352 .array/port v0xb470e263cb90, 352;
E_0xb470e2641e60/89 .event anyedge, v0xb470e263cb90_349, v0xb470e263cb90_350, v0xb470e263cb90_351, v0xb470e263cb90_352;
v0xb470e263cb90_353 .array/port v0xb470e263cb90, 353;
v0xb470e263cb90_354 .array/port v0xb470e263cb90, 354;
v0xb470e263cb90_355 .array/port v0xb470e263cb90, 355;
v0xb470e263cb90_356 .array/port v0xb470e263cb90, 356;
E_0xb470e2641e60/90 .event anyedge, v0xb470e263cb90_353, v0xb470e263cb90_354, v0xb470e263cb90_355, v0xb470e263cb90_356;
v0xb470e263cb90_357 .array/port v0xb470e263cb90, 357;
v0xb470e263cb90_358 .array/port v0xb470e263cb90, 358;
v0xb470e263cb90_359 .array/port v0xb470e263cb90, 359;
v0xb470e263cb90_360 .array/port v0xb470e263cb90, 360;
E_0xb470e2641e60/91 .event anyedge, v0xb470e263cb90_357, v0xb470e263cb90_358, v0xb470e263cb90_359, v0xb470e263cb90_360;
v0xb470e263cb90_361 .array/port v0xb470e263cb90, 361;
v0xb470e263cb90_362 .array/port v0xb470e263cb90, 362;
v0xb470e263cb90_363 .array/port v0xb470e263cb90, 363;
v0xb470e263cb90_364 .array/port v0xb470e263cb90, 364;
E_0xb470e2641e60/92 .event anyedge, v0xb470e263cb90_361, v0xb470e263cb90_362, v0xb470e263cb90_363, v0xb470e263cb90_364;
v0xb470e263cb90_365 .array/port v0xb470e263cb90, 365;
v0xb470e263cb90_366 .array/port v0xb470e263cb90, 366;
v0xb470e263cb90_367 .array/port v0xb470e263cb90, 367;
v0xb470e263cb90_368 .array/port v0xb470e263cb90, 368;
E_0xb470e2641e60/93 .event anyedge, v0xb470e263cb90_365, v0xb470e263cb90_366, v0xb470e263cb90_367, v0xb470e263cb90_368;
v0xb470e263cb90_369 .array/port v0xb470e263cb90, 369;
v0xb470e263cb90_370 .array/port v0xb470e263cb90, 370;
v0xb470e263cb90_371 .array/port v0xb470e263cb90, 371;
v0xb470e263cb90_372 .array/port v0xb470e263cb90, 372;
E_0xb470e2641e60/94 .event anyedge, v0xb470e263cb90_369, v0xb470e263cb90_370, v0xb470e263cb90_371, v0xb470e263cb90_372;
v0xb470e263cb90_373 .array/port v0xb470e263cb90, 373;
v0xb470e263cb90_374 .array/port v0xb470e263cb90, 374;
v0xb470e263cb90_375 .array/port v0xb470e263cb90, 375;
v0xb470e263cb90_376 .array/port v0xb470e263cb90, 376;
E_0xb470e2641e60/95 .event anyedge, v0xb470e263cb90_373, v0xb470e263cb90_374, v0xb470e263cb90_375, v0xb470e263cb90_376;
v0xb470e263cb90_377 .array/port v0xb470e263cb90, 377;
v0xb470e263cb90_378 .array/port v0xb470e263cb90, 378;
v0xb470e263cb90_379 .array/port v0xb470e263cb90, 379;
v0xb470e263cb90_380 .array/port v0xb470e263cb90, 380;
E_0xb470e2641e60/96 .event anyedge, v0xb470e263cb90_377, v0xb470e263cb90_378, v0xb470e263cb90_379, v0xb470e263cb90_380;
v0xb470e263cb90_381 .array/port v0xb470e263cb90, 381;
v0xb470e263cb90_382 .array/port v0xb470e263cb90, 382;
v0xb470e263cb90_383 .array/port v0xb470e263cb90, 383;
v0xb470e263cb90_384 .array/port v0xb470e263cb90, 384;
E_0xb470e2641e60/97 .event anyedge, v0xb470e263cb90_381, v0xb470e263cb90_382, v0xb470e263cb90_383, v0xb470e263cb90_384;
v0xb470e263cb90_385 .array/port v0xb470e263cb90, 385;
v0xb470e263cb90_386 .array/port v0xb470e263cb90, 386;
v0xb470e263cb90_387 .array/port v0xb470e263cb90, 387;
v0xb470e263cb90_388 .array/port v0xb470e263cb90, 388;
E_0xb470e2641e60/98 .event anyedge, v0xb470e263cb90_385, v0xb470e263cb90_386, v0xb470e263cb90_387, v0xb470e263cb90_388;
v0xb470e263cb90_389 .array/port v0xb470e263cb90, 389;
v0xb470e263cb90_390 .array/port v0xb470e263cb90, 390;
v0xb470e263cb90_391 .array/port v0xb470e263cb90, 391;
v0xb470e263cb90_392 .array/port v0xb470e263cb90, 392;
E_0xb470e2641e60/99 .event anyedge, v0xb470e263cb90_389, v0xb470e263cb90_390, v0xb470e263cb90_391, v0xb470e263cb90_392;
v0xb470e263cb90_393 .array/port v0xb470e263cb90, 393;
v0xb470e263cb90_394 .array/port v0xb470e263cb90, 394;
v0xb470e263cb90_395 .array/port v0xb470e263cb90, 395;
v0xb470e263cb90_396 .array/port v0xb470e263cb90, 396;
E_0xb470e2641e60/100 .event anyedge, v0xb470e263cb90_393, v0xb470e263cb90_394, v0xb470e263cb90_395, v0xb470e263cb90_396;
v0xb470e263cb90_397 .array/port v0xb470e263cb90, 397;
v0xb470e263cb90_398 .array/port v0xb470e263cb90, 398;
v0xb470e263cb90_399 .array/port v0xb470e263cb90, 399;
v0xb470e263cb90_400 .array/port v0xb470e263cb90, 400;
E_0xb470e2641e60/101 .event anyedge, v0xb470e263cb90_397, v0xb470e263cb90_398, v0xb470e263cb90_399, v0xb470e263cb90_400;
v0xb470e263cb90_401 .array/port v0xb470e263cb90, 401;
v0xb470e263cb90_402 .array/port v0xb470e263cb90, 402;
v0xb470e263cb90_403 .array/port v0xb470e263cb90, 403;
v0xb470e263cb90_404 .array/port v0xb470e263cb90, 404;
E_0xb470e2641e60/102 .event anyedge, v0xb470e263cb90_401, v0xb470e263cb90_402, v0xb470e263cb90_403, v0xb470e263cb90_404;
v0xb470e263cb90_405 .array/port v0xb470e263cb90, 405;
v0xb470e263cb90_406 .array/port v0xb470e263cb90, 406;
v0xb470e263cb90_407 .array/port v0xb470e263cb90, 407;
v0xb470e263cb90_408 .array/port v0xb470e263cb90, 408;
E_0xb470e2641e60/103 .event anyedge, v0xb470e263cb90_405, v0xb470e263cb90_406, v0xb470e263cb90_407, v0xb470e263cb90_408;
v0xb470e263cb90_409 .array/port v0xb470e263cb90, 409;
v0xb470e263cb90_410 .array/port v0xb470e263cb90, 410;
v0xb470e263cb90_411 .array/port v0xb470e263cb90, 411;
v0xb470e263cb90_412 .array/port v0xb470e263cb90, 412;
E_0xb470e2641e60/104 .event anyedge, v0xb470e263cb90_409, v0xb470e263cb90_410, v0xb470e263cb90_411, v0xb470e263cb90_412;
v0xb470e263cb90_413 .array/port v0xb470e263cb90, 413;
v0xb470e263cb90_414 .array/port v0xb470e263cb90, 414;
v0xb470e263cb90_415 .array/port v0xb470e263cb90, 415;
v0xb470e263cb90_416 .array/port v0xb470e263cb90, 416;
E_0xb470e2641e60/105 .event anyedge, v0xb470e263cb90_413, v0xb470e263cb90_414, v0xb470e263cb90_415, v0xb470e263cb90_416;
v0xb470e263cb90_417 .array/port v0xb470e263cb90, 417;
v0xb470e263cb90_418 .array/port v0xb470e263cb90, 418;
v0xb470e263cb90_419 .array/port v0xb470e263cb90, 419;
v0xb470e263cb90_420 .array/port v0xb470e263cb90, 420;
E_0xb470e2641e60/106 .event anyedge, v0xb470e263cb90_417, v0xb470e263cb90_418, v0xb470e263cb90_419, v0xb470e263cb90_420;
v0xb470e263cb90_421 .array/port v0xb470e263cb90, 421;
v0xb470e263cb90_422 .array/port v0xb470e263cb90, 422;
v0xb470e263cb90_423 .array/port v0xb470e263cb90, 423;
v0xb470e263cb90_424 .array/port v0xb470e263cb90, 424;
E_0xb470e2641e60/107 .event anyedge, v0xb470e263cb90_421, v0xb470e263cb90_422, v0xb470e263cb90_423, v0xb470e263cb90_424;
v0xb470e263cb90_425 .array/port v0xb470e263cb90, 425;
v0xb470e263cb90_426 .array/port v0xb470e263cb90, 426;
v0xb470e263cb90_427 .array/port v0xb470e263cb90, 427;
v0xb470e263cb90_428 .array/port v0xb470e263cb90, 428;
E_0xb470e2641e60/108 .event anyedge, v0xb470e263cb90_425, v0xb470e263cb90_426, v0xb470e263cb90_427, v0xb470e263cb90_428;
v0xb470e263cb90_429 .array/port v0xb470e263cb90, 429;
v0xb470e263cb90_430 .array/port v0xb470e263cb90, 430;
v0xb470e263cb90_431 .array/port v0xb470e263cb90, 431;
v0xb470e263cb90_432 .array/port v0xb470e263cb90, 432;
E_0xb470e2641e60/109 .event anyedge, v0xb470e263cb90_429, v0xb470e263cb90_430, v0xb470e263cb90_431, v0xb470e263cb90_432;
v0xb470e263cb90_433 .array/port v0xb470e263cb90, 433;
v0xb470e263cb90_434 .array/port v0xb470e263cb90, 434;
v0xb470e263cb90_435 .array/port v0xb470e263cb90, 435;
v0xb470e263cb90_436 .array/port v0xb470e263cb90, 436;
E_0xb470e2641e60/110 .event anyedge, v0xb470e263cb90_433, v0xb470e263cb90_434, v0xb470e263cb90_435, v0xb470e263cb90_436;
v0xb470e263cb90_437 .array/port v0xb470e263cb90, 437;
v0xb470e263cb90_438 .array/port v0xb470e263cb90, 438;
v0xb470e263cb90_439 .array/port v0xb470e263cb90, 439;
v0xb470e263cb90_440 .array/port v0xb470e263cb90, 440;
E_0xb470e2641e60/111 .event anyedge, v0xb470e263cb90_437, v0xb470e263cb90_438, v0xb470e263cb90_439, v0xb470e263cb90_440;
v0xb470e263cb90_441 .array/port v0xb470e263cb90, 441;
v0xb470e263cb90_442 .array/port v0xb470e263cb90, 442;
v0xb470e263cb90_443 .array/port v0xb470e263cb90, 443;
v0xb470e263cb90_444 .array/port v0xb470e263cb90, 444;
E_0xb470e2641e60/112 .event anyedge, v0xb470e263cb90_441, v0xb470e263cb90_442, v0xb470e263cb90_443, v0xb470e263cb90_444;
v0xb470e263cb90_445 .array/port v0xb470e263cb90, 445;
v0xb470e263cb90_446 .array/port v0xb470e263cb90, 446;
v0xb470e263cb90_447 .array/port v0xb470e263cb90, 447;
v0xb470e263cb90_448 .array/port v0xb470e263cb90, 448;
E_0xb470e2641e60/113 .event anyedge, v0xb470e263cb90_445, v0xb470e263cb90_446, v0xb470e263cb90_447, v0xb470e263cb90_448;
v0xb470e263cb90_449 .array/port v0xb470e263cb90, 449;
v0xb470e263cb90_450 .array/port v0xb470e263cb90, 450;
v0xb470e263cb90_451 .array/port v0xb470e263cb90, 451;
v0xb470e263cb90_452 .array/port v0xb470e263cb90, 452;
E_0xb470e2641e60/114 .event anyedge, v0xb470e263cb90_449, v0xb470e263cb90_450, v0xb470e263cb90_451, v0xb470e263cb90_452;
v0xb470e263cb90_453 .array/port v0xb470e263cb90, 453;
v0xb470e263cb90_454 .array/port v0xb470e263cb90, 454;
v0xb470e263cb90_455 .array/port v0xb470e263cb90, 455;
v0xb470e263cb90_456 .array/port v0xb470e263cb90, 456;
E_0xb470e2641e60/115 .event anyedge, v0xb470e263cb90_453, v0xb470e263cb90_454, v0xb470e263cb90_455, v0xb470e263cb90_456;
v0xb470e263cb90_457 .array/port v0xb470e263cb90, 457;
v0xb470e263cb90_458 .array/port v0xb470e263cb90, 458;
v0xb470e263cb90_459 .array/port v0xb470e263cb90, 459;
v0xb470e263cb90_460 .array/port v0xb470e263cb90, 460;
E_0xb470e2641e60/116 .event anyedge, v0xb470e263cb90_457, v0xb470e263cb90_458, v0xb470e263cb90_459, v0xb470e263cb90_460;
v0xb470e263cb90_461 .array/port v0xb470e263cb90, 461;
v0xb470e263cb90_462 .array/port v0xb470e263cb90, 462;
v0xb470e263cb90_463 .array/port v0xb470e263cb90, 463;
v0xb470e263cb90_464 .array/port v0xb470e263cb90, 464;
E_0xb470e2641e60/117 .event anyedge, v0xb470e263cb90_461, v0xb470e263cb90_462, v0xb470e263cb90_463, v0xb470e263cb90_464;
v0xb470e263cb90_465 .array/port v0xb470e263cb90, 465;
v0xb470e263cb90_466 .array/port v0xb470e263cb90, 466;
v0xb470e263cb90_467 .array/port v0xb470e263cb90, 467;
v0xb470e263cb90_468 .array/port v0xb470e263cb90, 468;
E_0xb470e2641e60/118 .event anyedge, v0xb470e263cb90_465, v0xb470e263cb90_466, v0xb470e263cb90_467, v0xb470e263cb90_468;
v0xb470e263cb90_469 .array/port v0xb470e263cb90, 469;
v0xb470e263cb90_470 .array/port v0xb470e263cb90, 470;
v0xb470e263cb90_471 .array/port v0xb470e263cb90, 471;
v0xb470e263cb90_472 .array/port v0xb470e263cb90, 472;
E_0xb470e2641e60/119 .event anyedge, v0xb470e263cb90_469, v0xb470e263cb90_470, v0xb470e263cb90_471, v0xb470e263cb90_472;
v0xb470e263cb90_473 .array/port v0xb470e263cb90, 473;
v0xb470e263cb90_474 .array/port v0xb470e263cb90, 474;
v0xb470e263cb90_475 .array/port v0xb470e263cb90, 475;
v0xb470e263cb90_476 .array/port v0xb470e263cb90, 476;
E_0xb470e2641e60/120 .event anyedge, v0xb470e263cb90_473, v0xb470e263cb90_474, v0xb470e263cb90_475, v0xb470e263cb90_476;
v0xb470e263cb90_477 .array/port v0xb470e263cb90, 477;
v0xb470e263cb90_478 .array/port v0xb470e263cb90, 478;
v0xb470e263cb90_479 .array/port v0xb470e263cb90, 479;
v0xb470e263cb90_480 .array/port v0xb470e263cb90, 480;
E_0xb470e2641e60/121 .event anyedge, v0xb470e263cb90_477, v0xb470e263cb90_478, v0xb470e263cb90_479, v0xb470e263cb90_480;
v0xb470e263cb90_481 .array/port v0xb470e263cb90, 481;
v0xb470e263cb90_482 .array/port v0xb470e263cb90, 482;
v0xb470e263cb90_483 .array/port v0xb470e263cb90, 483;
v0xb470e263cb90_484 .array/port v0xb470e263cb90, 484;
E_0xb470e2641e60/122 .event anyedge, v0xb470e263cb90_481, v0xb470e263cb90_482, v0xb470e263cb90_483, v0xb470e263cb90_484;
v0xb470e263cb90_485 .array/port v0xb470e263cb90, 485;
v0xb470e263cb90_486 .array/port v0xb470e263cb90, 486;
v0xb470e263cb90_487 .array/port v0xb470e263cb90, 487;
v0xb470e263cb90_488 .array/port v0xb470e263cb90, 488;
E_0xb470e2641e60/123 .event anyedge, v0xb470e263cb90_485, v0xb470e263cb90_486, v0xb470e263cb90_487, v0xb470e263cb90_488;
v0xb470e263cb90_489 .array/port v0xb470e263cb90, 489;
v0xb470e263cb90_490 .array/port v0xb470e263cb90, 490;
v0xb470e263cb90_491 .array/port v0xb470e263cb90, 491;
v0xb470e263cb90_492 .array/port v0xb470e263cb90, 492;
E_0xb470e2641e60/124 .event anyedge, v0xb470e263cb90_489, v0xb470e263cb90_490, v0xb470e263cb90_491, v0xb470e263cb90_492;
v0xb470e263cb90_493 .array/port v0xb470e263cb90, 493;
v0xb470e263cb90_494 .array/port v0xb470e263cb90, 494;
v0xb470e263cb90_495 .array/port v0xb470e263cb90, 495;
v0xb470e263cb90_496 .array/port v0xb470e263cb90, 496;
E_0xb470e2641e60/125 .event anyedge, v0xb470e263cb90_493, v0xb470e263cb90_494, v0xb470e263cb90_495, v0xb470e263cb90_496;
v0xb470e263cb90_497 .array/port v0xb470e263cb90, 497;
v0xb470e263cb90_498 .array/port v0xb470e263cb90, 498;
v0xb470e263cb90_499 .array/port v0xb470e263cb90, 499;
v0xb470e263cb90_500 .array/port v0xb470e263cb90, 500;
E_0xb470e2641e60/126 .event anyedge, v0xb470e263cb90_497, v0xb470e263cb90_498, v0xb470e263cb90_499, v0xb470e263cb90_500;
v0xb470e263cb90_501 .array/port v0xb470e263cb90, 501;
v0xb470e263cb90_502 .array/port v0xb470e263cb90, 502;
v0xb470e263cb90_503 .array/port v0xb470e263cb90, 503;
v0xb470e263cb90_504 .array/port v0xb470e263cb90, 504;
E_0xb470e2641e60/127 .event anyedge, v0xb470e263cb90_501, v0xb470e263cb90_502, v0xb470e263cb90_503, v0xb470e263cb90_504;
v0xb470e263cb90_505 .array/port v0xb470e263cb90, 505;
v0xb470e263cb90_506 .array/port v0xb470e263cb90, 506;
v0xb470e263cb90_507 .array/port v0xb470e263cb90, 507;
v0xb470e263cb90_508 .array/port v0xb470e263cb90, 508;
E_0xb470e2641e60/128 .event anyedge, v0xb470e263cb90_505, v0xb470e263cb90_506, v0xb470e263cb90_507, v0xb470e263cb90_508;
v0xb470e263cb90_509 .array/port v0xb470e263cb90, 509;
v0xb470e263cb90_510 .array/port v0xb470e263cb90, 510;
v0xb470e263cb90_511 .array/port v0xb470e263cb90, 511;
v0xb470e263cb90_512 .array/port v0xb470e263cb90, 512;
E_0xb470e2641e60/129 .event anyedge, v0xb470e263cb90_509, v0xb470e263cb90_510, v0xb470e263cb90_511, v0xb470e263cb90_512;
v0xb470e263cb90_513 .array/port v0xb470e263cb90, 513;
v0xb470e263cb90_514 .array/port v0xb470e263cb90, 514;
v0xb470e263cb90_515 .array/port v0xb470e263cb90, 515;
v0xb470e263cb90_516 .array/port v0xb470e263cb90, 516;
E_0xb470e2641e60/130 .event anyedge, v0xb470e263cb90_513, v0xb470e263cb90_514, v0xb470e263cb90_515, v0xb470e263cb90_516;
v0xb470e263cb90_517 .array/port v0xb470e263cb90, 517;
v0xb470e263cb90_518 .array/port v0xb470e263cb90, 518;
v0xb470e263cb90_519 .array/port v0xb470e263cb90, 519;
v0xb470e263cb90_520 .array/port v0xb470e263cb90, 520;
E_0xb470e2641e60/131 .event anyedge, v0xb470e263cb90_517, v0xb470e263cb90_518, v0xb470e263cb90_519, v0xb470e263cb90_520;
v0xb470e263cb90_521 .array/port v0xb470e263cb90, 521;
v0xb470e263cb90_522 .array/port v0xb470e263cb90, 522;
v0xb470e263cb90_523 .array/port v0xb470e263cb90, 523;
v0xb470e263cb90_524 .array/port v0xb470e263cb90, 524;
E_0xb470e2641e60/132 .event anyedge, v0xb470e263cb90_521, v0xb470e263cb90_522, v0xb470e263cb90_523, v0xb470e263cb90_524;
v0xb470e263cb90_525 .array/port v0xb470e263cb90, 525;
v0xb470e263cb90_526 .array/port v0xb470e263cb90, 526;
v0xb470e263cb90_527 .array/port v0xb470e263cb90, 527;
v0xb470e263cb90_528 .array/port v0xb470e263cb90, 528;
E_0xb470e2641e60/133 .event anyedge, v0xb470e263cb90_525, v0xb470e263cb90_526, v0xb470e263cb90_527, v0xb470e263cb90_528;
v0xb470e263cb90_529 .array/port v0xb470e263cb90, 529;
v0xb470e263cb90_530 .array/port v0xb470e263cb90, 530;
v0xb470e263cb90_531 .array/port v0xb470e263cb90, 531;
v0xb470e263cb90_532 .array/port v0xb470e263cb90, 532;
E_0xb470e2641e60/134 .event anyedge, v0xb470e263cb90_529, v0xb470e263cb90_530, v0xb470e263cb90_531, v0xb470e263cb90_532;
v0xb470e263cb90_533 .array/port v0xb470e263cb90, 533;
v0xb470e263cb90_534 .array/port v0xb470e263cb90, 534;
v0xb470e263cb90_535 .array/port v0xb470e263cb90, 535;
v0xb470e263cb90_536 .array/port v0xb470e263cb90, 536;
E_0xb470e2641e60/135 .event anyedge, v0xb470e263cb90_533, v0xb470e263cb90_534, v0xb470e263cb90_535, v0xb470e263cb90_536;
v0xb470e263cb90_537 .array/port v0xb470e263cb90, 537;
v0xb470e263cb90_538 .array/port v0xb470e263cb90, 538;
v0xb470e263cb90_539 .array/port v0xb470e263cb90, 539;
v0xb470e263cb90_540 .array/port v0xb470e263cb90, 540;
E_0xb470e2641e60/136 .event anyedge, v0xb470e263cb90_537, v0xb470e263cb90_538, v0xb470e263cb90_539, v0xb470e263cb90_540;
v0xb470e263cb90_541 .array/port v0xb470e263cb90, 541;
v0xb470e263cb90_542 .array/port v0xb470e263cb90, 542;
v0xb470e263cb90_543 .array/port v0xb470e263cb90, 543;
v0xb470e263cb90_544 .array/port v0xb470e263cb90, 544;
E_0xb470e2641e60/137 .event anyedge, v0xb470e263cb90_541, v0xb470e263cb90_542, v0xb470e263cb90_543, v0xb470e263cb90_544;
v0xb470e263cb90_545 .array/port v0xb470e263cb90, 545;
v0xb470e263cb90_546 .array/port v0xb470e263cb90, 546;
v0xb470e263cb90_547 .array/port v0xb470e263cb90, 547;
v0xb470e263cb90_548 .array/port v0xb470e263cb90, 548;
E_0xb470e2641e60/138 .event anyedge, v0xb470e263cb90_545, v0xb470e263cb90_546, v0xb470e263cb90_547, v0xb470e263cb90_548;
v0xb470e263cb90_549 .array/port v0xb470e263cb90, 549;
v0xb470e263cb90_550 .array/port v0xb470e263cb90, 550;
v0xb470e263cb90_551 .array/port v0xb470e263cb90, 551;
v0xb470e263cb90_552 .array/port v0xb470e263cb90, 552;
E_0xb470e2641e60/139 .event anyedge, v0xb470e263cb90_549, v0xb470e263cb90_550, v0xb470e263cb90_551, v0xb470e263cb90_552;
v0xb470e263cb90_553 .array/port v0xb470e263cb90, 553;
v0xb470e263cb90_554 .array/port v0xb470e263cb90, 554;
v0xb470e263cb90_555 .array/port v0xb470e263cb90, 555;
v0xb470e263cb90_556 .array/port v0xb470e263cb90, 556;
E_0xb470e2641e60/140 .event anyedge, v0xb470e263cb90_553, v0xb470e263cb90_554, v0xb470e263cb90_555, v0xb470e263cb90_556;
v0xb470e263cb90_557 .array/port v0xb470e263cb90, 557;
v0xb470e263cb90_558 .array/port v0xb470e263cb90, 558;
v0xb470e263cb90_559 .array/port v0xb470e263cb90, 559;
v0xb470e263cb90_560 .array/port v0xb470e263cb90, 560;
E_0xb470e2641e60/141 .event anyedge, v0xb470e263cb90_557, v0xb470e263cb90_558, v0xb470e263cb90_559, v0xb470e263cb90_560;
v0xb470e263cb90_561 .array/port v0xb470e263cb90, 561;
v0xb470e263cb90_562 .array/port v0xb470e263cb90, 562;
v0xb470e263cb90_563 .array/port v0xb470e263cb90, 563;
v0xb470e263cb90_564 .array/port v0xb470e263cb90, 564;
E_0xb470e2641e60/142 .event anyedge, v0xb470e263cb90_561, v0xb470e263cb90_562, v0xb470e263cb90_563, v0xb470e263cb90_564;
v0xb470e263cb90_565 .array/port v0xb470e263cb90, 565;
v0xb470e263cb90_566 .array/port v0xb470e263cb90, 566;
v0xb470e263cb90_567 .array/port v0xb470e263cb90, 567;
v0xb470e263cb90_568 .array/port v0xb470e263cb90, 568;
E_0xb470e2641e60/143 .event anyedge, v0xb470e263cb90_565, v0xb470e263cb90_566, v0xb470e263cb90_567, v0xb470e263cb90_568;
v0xb470e263cb90_569 .array/port v0xb470e263cb90, 569;
v0xb470e263cb90_570 .array/port v0xb470e263cb90, 570;
v0xb470e263cb90_571 .array/port v0xb470e263cb90, 571;
v0xb470e263cb90_572 .array/port v0xb470e263cb90, 572;
E_0xb470e2641e60/144 .event anyedge, v0xb470e263cb90_569, v0xb470e263cb90_570, v0xb470e263cb90_571, v0xb470e263cb90_572;
v0xb470e263cb90_573 .array/port v0xb470e263cb90, 573;
v0xb470e263cb90_574 .array/port v0xb470e263cb90, 574;
v0xb470e263cb90_575 .array/port v0xb470e263cb90, 575;
v0xb470e263cb90_576 .array/port v0xb470e263cb90, 576;
E_0xb470e2641e60/145 .event anyedge, v0xb470e263cb90_573, v0xb470e263cb90_574, v0xb470e263cb90_575, v0xb470e263cb90_576;
v0xb470e263cb90_577 .array/port v0xb470e263cb90, 577;
v0xb470e263cb90_578 .array/port v0xb470e263cb90, 578;
v0xb470e263cb90_579 .array/port v0xb470e263cb90, 579;
v0xb470e263cb90_580 .array/port v0xb470e263cb90, 580;
E_0xb470e2641e60/146 .event anyedge, v0xb470e263cb90_577, v0xb470e263cb90_578, v0xb470e263cb90_579, v0xb470e263cb90_580;
v0xb470e263cb90_581 .array/port v0xb470e263cb90, 581;
v0xb470e263cb90_582 .array/port v0xb470e263cb90, 582;
v0xb470e263cb90_583 .array/port v0xb470e263cb90, 583;
v0xb470e263cb90_584 .array/port v0xb470e263cb90, 584;
E_0xb470e2641e60/147 .event anyedge, v0xb470e263cb90_581, v0xb470e263cb90_582, v0xb470e263cb90_583, v0xb470e263cb90_584;
v0xb470e263cb90_585 .array/port v0xb470e263cb90, 585;
v0xb470e263cb90_586 .array/port v0xb470e263cb90, 586;
v0xb470e263cb90_587 .array/port v0xb470e263cb90, 587;
v0xb470e263cb90_588 .array/port v0xb470e263cb90, 588;
E_0xb470e2641e60/148 .event anyedge, v0xb470e263cb90_585, v0xb470e263cb90_586, v0xb470e263cb90_587, v0xb470e263cb90_588;
v0xb470e263cb90_589 .array/port v0xb470e263cb90, 589;
v0xb470e263cb90_590 .array/port v0xb470e263cb90, 590;
v0xb470e263cb90_591 .array/port v0xb470e263cb90, 591;
v0xb470e263cb90_592 .array/port v0xb470e263cb90, 592;
E_0xb470e2641e60/149 .event anyedge, v0xb470e263cb90_589, v0xb470e263cb90_590, v0xb470e263cb90_591, v0xb470e263cb90_592;
v0xb470e263cb90_593 .array/port v0xb470e263cb90, 593;
v0xb470e263cb90_594 .array/port v0xb470e263cb90, 594;
v0xb470e263cb90_595 .array/port v0xb470e263cb90, 595;
v0xb470e263cb90_596 .array/port v0xb470e263cb90, 596;
E_0xb470e2641e60/150 .event anyedge, v0xb470e263cb90_593, v0xb470e263cb90_594, v0xb470e263cb90_595, v0xb470e263cb90_596;
v0xb470e263cb90_597 .array/port v0xb470e263cb90, 597;
v0xb470e263cb90_598 .array/port v0xb470e263cb90, 598;
v0xb470e263cb90_599 .array/port v0xb470e263cb90, 599;
v0xb470e263cb90_600 .array/port v0xb470e263cb90, 600;
E_0xb470e2641e60/151 .event anyedge, v0xb470e263cb90_597, v0xb470e263cb90_598, v0xb470e263cb90_599, v0xb470e263cb90_600;
v0xb470e263cb90_601 .array/port v0xb470e263cb90, 601;
v0xb470e263cb90_602 .array/port v0xb470e263cb90, 602;
v0xb470e263cb90_603 .array/port v0xb470e263cb90, 603;
v0xb470e263cb90_604 .array/port v0xb470e263cb90, 604;
E_0xb470e2641e60/152 .event anyedge, v0xb470e263cb90_601, v0xb470e263cb90_602, v0xb470e263cb90_603, v0xb470e263cb90_604;
v0xb470e263cb90_605 .array/port v0xb470e263cb90, 605;
v0xb470e263cb90_606 .array/port v0xb470e263cb90, 606;
v0xb470e263cb90_607 .array/port v0xb470e263cb90, 607;
v0xb470e263cb90_608 .array/port v0xb470e263cb90, 608;
E_0xb470e2641e60/153 .event anyedge, v0xb470e263cb90_605, v0xb470e263cb90_606, v0xb470e263cb90_607, v0xb470e263cb90_608;
v0xb470e263cb90_609 .array/port v0xb470e263cb90, 609;
v0xb470e263cb90_610 .array/port v0xb470e263cb90, 610;
v0xb470e263cb90_611 .array/port v0xb470e263cb90, 611;
v0xb470e263cb90_612 .array/port v0xb470e263cb90, 612;
E_0xb470e2641e60/154 .event anyedge, v0xb470e263cb90_609, v0xb470e263cb90_610, v0xb470e263cb90_611, v0xb470e263cb90_612;
v0xb470e263cb90_613 .array/port v0xb470e263cb90, 613;
v0xb470e263cb90_614 .array/port v0xb470e263cb90, 614;
v0xb470e263cb90_615 .array/port v0xb470e263cb90, 615;
v0xb470e263cb90_616 .array/port v0xb470e263cb90, 616;
E_0xb470e2641e60/155 .event anyedge, v0xb470e263cb90_613, v0xb470e263cb90_614, v0xb470e263cb90_615, v0xb470e263cb90_616;
v0xb470e263cb90_617 .array/port v0xb470e263cb90, 617;
v0xb470e263cb90_618 .array/port v0xb470e263cb90, 618;
v0xb470e263cb90_619 .array/port v0xb470e263cb90, 619;
v0xb470e263cb90_620 .array/port v0xb470e263cb90, 620;
E_0xb470e2641e60/156 .event anyedge, v0xb470e263cb90_617, v0xb470e263cb90_618, v0xb470e263cb90_619, v0xb470e263cb90_620;
v0xb470e263cb90_621 .array/port v0xb470e263cb90, 621;
v0xb470e263cb90_622 .array/port v0xb470e263cb90, 622;
v0xb470e263cb90_623 .array/port v0xb470e263cb90, 623;
v0xb470e263cb90_624 .array/port v0xb470e263cb90, 624;
E_0xb470e2641e60/157 .event anyedge, v0xb470e263cb90_621, v0xb470e263cb90_622, v0xb470e263cb90_623, v0xb470e263cb90_624;
v0xb470e263cb90_625 .array/port v0xb470e263cb90, 625;
v0xb470e263cb90_626 .array/port v0xb470e263cb90, 626;
v0xb470e263cb90_627 .array/port v0xb470e263cb90, 627;
v0xb470e263cb90_628 .array/port v0xb470e263cb90, 628;
E_0xb470e2641e60/158 .event anyedge, v0xb470e263cb90_625, v0xb470e263cb90_626, v0xb470e263cb90_627, v0xb470e263cb90_628;
v0xb470e263cb90_629 .array/port v0xb470e263cb90, 629;
v0xb470e263cb90_630 .array/port v0xb470e263cb90, 630;
v0xb470e263cb90_631 .array/port v0xb470e263cb90, 631;
v0xb470e263cb90_632 .array/port v0xb470e263cb90, 632;
E_0xb470e2641e60/159 .event anyedge, v0xb470e263cb90_629, v0xb470e263cb90_630, v0xb470e263cb90_631, v0xb470e263cb90_632;
v0xb470e263cb90_633 .array/port v0xb470e263cb90, 633;
v0xb470e263cb90_634 .array/port v0xb470e263cb90, 634;
v0xb470e263cb90_635 .array/port v0xb470e263cb90, 635;
v0xb470e263cb90_636 .array/port v0xb470e263cb90, 636;
E_0xb470e2641e60/160 .event anyedge, v0xb470e263cb90_633, v0xb470e263cb90_634, v0xb470e263cb90_635, v0xb470e263cb90_636;
v0xb470e263cb90_637 .array/port v0xb470e263cb90, 637;
v0xb470e263cb90_638 .array/port v0xb470e263cb90, 638;
v0xb470e263cb90_639 .array/port v0xb470e263cb90, 639;
v0xb470e263cb90_640 .array/port v0xb470e263cb90, 640;
E_0xb470e2641e60/161 .event anyedge, v0xb470e263cb90_637, v0xb470e263cb90_638, v0xb470e263cb90_639, v0xb470e263cb90_640;
v0xb470e263cb90_641 .array/port v0xb470e263cb90, 641;
v0xb470e263cb90_642 .array/port v0xb470e263cb90, 642;
v0xb470e263cb90_643 .array/port v0xb470e263cb90, 643;
v0xb470e263cb90_644 .array/port v0xb470e263cb90, 644;
E_0xb470e2641e60/162 .event anyedge, v0xb470e263cb90_641, v0xb470e263cb90_642, v0xb470e263cb90_643, v0xb470e263cb90_644;
v0xb470e263cb90_645 .array/port v0xb470e263cb90, 645;
v0xb470e263cb90_646 .array/port v0xb470e263cb90, 646;
v0xb470e263cb90_647 .array/port v0xb470e263cb90, 647;
v0xb470e263cb90_648 .array/port v0xb470e263cb90, 648;
E_0xb470e2641e60/163 .event anyedge, v0xb470e263cb90_645, v0xb470e263cb90_646, v0xb470e263cb90_647, v0xb470e263cb90_648;
v0xb470e263cb90_649 .array/port v0xb470e263cb90, 649;
v0xb470e263cb90_650 .array/port v0xb470e263cb90, 650;
v0xb470e263cb90_651 .array/port v0xb470e263cb90, 651;
v0xb470e263cb90_652 .array/port v0xb470e263cb90, 652;
E_0xb470e2641e60/164 .event anyedge, v0xb470e263cb90_649, v0xb470e263cb90_650, v0xb470e263cb90_651, v0xb470e263cb90_652;
v0xb470e263cb90_653 .array/port v0xb470e263cb90, 653;
v0xb470e263cb90_654 .array/port v0xb470e263cb90, 654;
v0xb470e263cb90_655 .array/port v0xb470e263cb90, 655;
v0xb470e263cb90_656 .array/port v0xb470e263cb90, 656;
E_0xb470e2641e60/165 .event anyedge, v0xb470e263cb90_653, v0xb470e263cb90_654, v0xb470e263cb90_655, v0xb470e263cb90_656;
v0xb470e263cb90_657 .array/port v0xb470e263cb90, 657;
v0xb470e263cb90_658 .array/port v0xb470e263cb90, 658;
v0xb470e263cb90_659 .array/port v0xb470e263cb90, 659;
v0xb470e263cb90_660 .array/port v0xb470e263cb90, 660;
E_0xb470e2641e60/166 .event anyedge, v0xb470e263cb90_657, v0xb470e263cb90_658, v0xb470e263cb90_659, v0xb470e263cb90_660;
v0xb470e263cb90_661 .array/port v0xb470e263cb90, 661;
v0xb470e263cb90_662 .array/port v0xb470e263cb90, 662;
v0xb470e263cb90_663 .array/port v0xb470e263cb90, 663;
v0xb470e263cb90_664 .array/port v0xb470e263cb90, 664;
E_0xb470e2641e60/167 .event anyedge, v0xb470e263cb90_661, v0xb470e263cb90_662, v0xb470e263cb90_663, v0xb470e263cb90_664;
v0xb470e263cb90_665 .array/port v0xb470e263cb90, 665;
v0xb470e263cb90_666 .array/port v0xb470e263cb90, 666;
v0xb470e263cb90_667 .array/port v0xb470e263cb90, 667;
v0xb470e263cb90_668 .array/port v0xb470e263cb90, 668;
E_0xb470e2641e60/168 .event anyedge, v0xb470e263cb90_665, v0xb470e263cb90_666, v0xb470e263cb90_667, v0xb470e263cb90_668;
v0xb470e263cb90_669 .array/port v0xb470e263cb90, 669;
v0xb470e263cb90_670 .array/port v0xb470e263cb90, 670;
v0xb470e263cb90_671 .array/port v0xb470e263cb90, 671;
v0xb470e263cb90_672 .array/port v0xb470e263cb90, 672;
E_0xb470e2641e60/169 .event anyedge, v0xb470e263cb90_669, v0xb470e263cb90_670, v0xb470e263cb90_671, v0xb470e263cb90_672;
v0xb470e263cb90_673 .array/port v0xb470e263cb90, 673;
v0xb470e263cb90_674 .array/port v0xb470e263cb90, 674;
v0xb470e263cb90_675 .array/port v0xb470e263cb90, 675;
v0xb470e263cb90_676 .array/port v0xb470e263cb90, 676;
E_0xb470e2641e60/170 .event anyedge, v0xb470e263cb90_673, v0xb470e263cb90_674, v0xb470e263cb90_675, v0xb470e263cb90_676;
v0xb470e263cb90_677 .array/port v0xb470e263cb90, 677;
v0xb470e263cb90_678 .array/port v0xb470e263cb90, 678;
v0xb470e263cb90_679 .array/port v0xb470e263cb90, 679;
v0xb470e263cb90_680 .array/port v0xb470e263cb90, 680;
E_0xb470e2641e60/171 .event anyedge, v0xb470e263cb90_677, v0xb470e263cb90_678, v0xb470e263cb90_679, v0xb470e263cb90_680;
v0xb470e263cb90_681 .array/port v0xb470e263cb90, 681;
v0xb470e263cb90_682 .array/port v0xb470e263cb90, 682;
v0xb470e263cb90_683 .array/port v0xb470e263cb90, 683;
v0xb470e263cb90_684 .array/port v0xb470e263cb90, 684;
E_0xb470e2641e60/172 .event anyedge, v0xb470e263cb90_681, v0xb470e263cb90_682, v0xb470e263cb90_683, v0xb470e263cb90_684;
v0xb470e263cb90_685 .array/port v0xb470e263cb90, 685;
v0xb470e263cb90_686 .array/port v0xb470e263cb90, 686;
v0xb470e263cb90_687 .array/port v0xb470e263cb90, 687;
v0xb470e263cb90_688 .array/port v0xb470e263cb90, 688;
E_0xb470e2641e60/173 .event anyedge, v0xb470e263cb90_685, v0xb470e263cb90_686, v0xb470e263cb90_687, v0xb470e263cb90_688;
v0xb470e263cb90_689 .array/port v0xb470e263cb90, 689;
v0xb470e263cb90_690 .array/port v0xb470e263cb90, 690;
v0xb470e263cb90_691 .array/port v0xb470e263cb90, 691;
v0xb470e263cb90_692 .array/port v0xb470e263cb90, 692;
E_0xb470e2641e60/174 .event anyedge, v0xb470e263cb90_689, v0xb470e263cb90_690, v0xb470e263cb90_691, v0xb470e263cb90_692;
v0xb470e263cb90_693 .array/port v0xb470e263cb90, 693;
v0xb470e263cb90_694 .array/port v0xb470e263cb90, 694;
v0xb470e263cb90_695 .array/port v0xb470e263cb90, 695;
v0xb470e263cb90_696 .array/port v0xb470e263cb90, 696;
E_0xb470e2641e60/175 .event anyedge, v0xb470e263cb90_693, v0xb470e263cb90_694, v0xb470e263cb90_695, v0xb470e263cb90_696;
v0xb470e263cb90_697 .array/port v0xb470e263cb90, 697;
v0xb470e263cb90_698 .array/port v0xb470e263cb90, 698;
v0xb470e263cb90_699 .array/port v0xb470e263cb90, 699;
v0xb470e263cb90_700 .array/port v0xb470e263cb90, 700;
E_0xb470e2641e60/176 .event anyedge, v0xb470e263cb90_697, v0xb470e263cb90_698, v0xb470e263cb90_699, v0xb470e263cb90_700;
v0xb470e263cb90_701 .array/port v0xb470e263cb90, 701;
v0xb470e263cb90_702 .array/port v0xb470e263cb90, 702;
v0xb470e263cb90_703 .array/port v0xb470e263cb90, 703;
v0xb470e263cb90_704 .array/port v0xb470e263cb90, 704;
E_0xb470e2641e60/177 .event anyedge, v0xb470e263cb90_701, v0xb470e263cb90_702, v0xb470e263cb90_703, v0xb470e263cb90_704;
v0xb470e263cb90_705 .array/port v0xb470e263cb90, 705;
v0xb470e263cb90_706 .array/port v0xb470e263cb90, 706;
v0xb470e263cb90_707 .array/port v0xb470e263cb90, 707;
v0xb470e263cb90_708 .array/port v0xb470e263cb90, 708;
E_0xb470e2641e60/178 .event anyedge, v0xb470e263cb90_705, v0xb470e263cb90_706, v0xb470e263cb90_707, v0xb470e263cb90_708;
v0xb470e263cb90_709 .array/port v0xb470e263cb90, 709;
v0xb470e263cb90_710 .array/port v0xb470e263cb90, 710;
v0xb470e263cb90_711 .array/port v0xb470e263cb90, 711;
v0xb470e263cb90_712 .array/port v0xb470e263cb90, 712;
E_0xb470e2641e60/179 .event anyedge, v0xb470e263cb90_709, v0xb470e263cb90_710, v0xb470e263cb90_711, v0xb470e263cb90_712;
v0xb470e263cb90_713 .array/port v0xb470e263cb90, 713;
v0xb470e263cb90_714 .array/port v0xb470e263cb90, 714;
v0xb470e263cb90_715 .array/port v0xb470e263cb90, 715;
v0xb470e263cb90_716 .array/port v0xb470e263cb90, 716;
E_0xb470e2641e60/180 .event anyedge, v0xb470e263cb90_713, v0xb470e263cb90_714, v0xb470e263cb90_715, v0xb470e263cb90_716;
v0xb470e263cb90_717 .array/port v0xb470e263cb90, 717;
v0xb470e263cb90_718 .array/port v0xb470e263cb90, 718;
v0xb470e263cb90_719 .array/port v0xb470e263cb90, 719;
v0xb470e263cb90_720 .array/port v0xb470e263cb90, 720;
E_0xb470e2641e60/181 .event anyedge, v0xb470e263cb90_717, v0xb470e263cb90_718, v0xb470e263cb90_719, v0xb470e263cb90_720;
v0xb470e263cb90_721 .array/port v0xb470e263cb90, 721;
v0xb470e263cb90_722 .array/port v0xb470e263cb90, 722;
v0xb470e263cb90_723 .array/port v0xb470e263cb90, 723;
v0xb470e263cb90_724 .array/port v0xb470e263cb90, 724;
E_0xb470e2641e60/182 .event anyedge, v0xb470e263cb90_721, v0xb470e263cb90_722, v0xb470e263cb90_723, v0xb470e263cb90_724;
v0xb470e263cb90_725 .array/port v0xb470e263cb90, 725;
v0xb470e263cb90_726 .array/port v0xb470e263cb90, 726;
v0xb470e263cb90_727 .array/port v0xb470e263cb90, 727;
v0xb470e263cb90_728 .array/port v0xb470e263cb90, 728;
E_0xb470e2641e60/183 .event anyedge, v0xb470e263cb90_725, v0xb470e263cb90_726, v0xb470e263cb90_727, v0xb470e263cb90_728;
v0xb470e263cb90_729 .array/port v0xb470e263cb90, 729;
v0xb470e263cb90_730 .array/port v0xb470e263cb90, 730;
v0xb470e263cb90_731 .array/port v0xb470e263cb90, 731;
v0xb470e263cb90_732 .array/port v0xb470e263cb90, 732;
E_0xb470e2641e60/184 .event anyedge, v0xb470e263cb90_729, v0xb470e263cb90_730, v0xb470e263cb90_731, v0xb470e263cb90_732;
v0xb470e263cb90_733 .array/port v0xb470e263cb90, 733;
v0xb470e263cb90_734 .array/port v0xb470e263cb90, 734;
v0xb470e263cb90_735 .array/port v0xb470e263cb90, 735;
v0xb470e263cb90_736 .array/port v0xb470e263cb90, 736;
E_0xb470e2641e60/185 .event anyedge, v0xb470e263cb90_733, v0xb470e263cb90_734, v0xb470e263cb90_735, v0xb470e263cb90_736;
v0xb470e263cb90_737 .array/port v0xb470e263cb90, 737;
v0xb470e263cb90_738 .array/port v0xb470e263cb90, 738;
v0xb470e263cb90_739 .array/port v0xb470e263cb90, 739;
v0xb470e263cb90_740 .array/port v0xb470e263cb90, 740;
E_0xb470e2641e60/186 .event anyedge, v0xb470e263cb90_737, v0xb470e263cb90_738, v0xb470e263cb90_739, v0xb470e263cb90_740;
v0xb470e263cb90_741 .array/port v0xb470e263cb90, 741;
v0xb470e263cb90_742 .array/port v0xb470e263cb90, 742;
v0xb470e263cb90_743 .array/port v0xb470e263cb90, 743;
v0xb470e263cb90_744 .array/port v0xb470e263cb90, 744;
E_0xb470e2641e60/187 .event anyedge, v0xb470e263cb90_741, v0xb470e263cb90_742, v0xb470e263cb90_743, v0xb470e263cb90_744;
v0xb470e263cb90_745 .array/port v0xb470e263cb90, 745;
v0xb470e263cb90_746 .array/port v0xb470e263cb90, 746;
v0xb470e263cb90_747 .array/port v0xb470e263cb90, 747;
v0xb470e263cb90_748 .array/port v0xb470e263cb90, 748;
E_0xb470e2641e60/188 .event anyedge, v0xb470e263cb90_745, v0xb470e263cb90_746, v0xb470e263cb90_747, v0xb470e263cb90_748;
v0xb470e263cb90_749 .array/port v0xb470e263cb90, 749;
v0xb470e263cb90_750 .array/port v0xb470e263cb90, 750;
v0xb470e263cb90_751 .array/port v0xb470e263cb90, 751;
v0xb470e263cb90_752 .array/port v0xb470e263cb90, 752;
E_0xb470e2641e60/189 .event anyedge, v0xb470e263cb90_749, v0xb470e263cb90_750, v0xb470e263cb90_751, v0xb470e263cb90_752;
v0xb470e263cb90_753 .array/port v0xb470e263cb90, 753;
v0xb470e263cb90_754 .array/port v0xb470e263cb90, 754;
v0xb470e263cb90_755 .array/port v0xb470e263cb90, 755;
v0xb470e263cb90_756 .array/port v0xb470e263cb90, 756;
E_0xb470e2641e60/190 .event anyedge, v0xb470e263cb90_753, v0xb470e263cb90_754, v0xb470e263cb90_755, v0xb470e263cb90_756;
v0xb470e263cb90_757 .array/port v0xb470e263cb90, 757;
v0xb470e263cb90_758 .array/port v0xb470e263cb90, 758;
v0xb470e263cb90_759 .array/port v0xb470e263cb90, 759;
v0xb470e263cb90_760 .array/port v0xb470e263cb90, 760;
E_0xb470e2641e60/191 .event anyedge, v0xb470e263cb90_757, v0xb470e263cb90_758, v0xb470e263cb90_759, v0xb470e263cb90_760;
v0xb470e263cb90_761 .array/port v0xb470e263cb90, 761;
v0xb470e263cb90_762 .array/port v0xb470e263cb90, 762;
v0xb470e263cb90_763 .array/port v0xb470e263cb90, 763;
v0xb470e263cb90_764 .array/port v0xb470e263cb90, 764;
E_0xb470e2641e60/192 .event anyedge, v0xb470e263cb90_761, v0xb470e263cb90_762, v0xb470e263cb90_763, v0xb470e263cb90_764;
v0xb470e263cb90_765 .array/port v0xb470e263cb90, 765;
v0xb470e263cb90_766 .array/port v0xb470e263cb90, 766;
v0xb470e263cb90_767 .array/port v0xb470e263cb90, 767;
v0xb470e263cb90_768 .array/port v0xb470e263cb90, 768;
E_0xb470e2641e60/193 .event anyedge, v0xb470e263cb90_765, v0xb470e263cb90_766, v0xb470e263cb90_767, v0xb470e263cb90_768;
v0xb470e263cb90_769 .array/port v0xb470e263cb90, 769;
v0xb470e263cb90_770 .array/port v0xb470e263cb90, 770;
v0xb470e263cb90_771 .array/port v0xb470e263cb90, 771;
v0xb470e263cb90_772 .array/port v0xb470e263cb90, 772;
E_0xb470e2641e60/194 .event anyedge, v0xb470e263cb90_769, v0xb470e263cb90_770, v0xb470e263cb90_771, v0xb470e263cb90_772;
v0xb470e263cb90_773 .array/port v0xb470e263cb90, 773;
v0xb470e263cb90_774 .array/port v0xb470e263cb90, 774;
v0xb470e263cb90_775 .array/port v0xb470e263cb90, 775;
v0xb470e263cb90_776 .array/port v0xb470e263cb90, 776;
E_0xb470e2641e60/195 .event anyedge, v0xb470e263cb90_773, v0xb470e263cb90_774, v0xb470e263cb90_775, v0xb470e263cb90_776;
v0xb470e263cb90_777 .array/port v0xb470e263cb90, 777;
v0xb470e263cb90_778 .array/port v0xb470e263cb90, 778;
v0xb470e263cb90_779 .array/port v0xb470e263cb90, 779;
v0xb470e263cb90_780 .array/port v0xb470e263cb90, 780;
E_0xb470e2641e60/196 .event anyedge, v0xb470e263cb90_777, v0xb470e263cb90_778, v0xb470e263cb90_779, v0xb470e263cb90_780;
v0xb470e263cb90_781 .array/port v0xb470e263cb90, 781;
v0xb470e263cb90_782 .array/port v0xb470e263cb90, 782;
v0xb470e263cb90_783 .array/port v0xb470e263cb90, 783;
v0xb470e263cb90_784 .array/port v0xb470e263cb90, 784;
E_0xb470e2641e60/197 .event anyedge, v0xb470e263cb90_781, v0xb470e263cb90_782, v0xb470e263cb90_783, v0xb470e263cb90_784;
v0xb470e263cb90_785 .array/port v0xb470e263cb90, 785;
v0xb470e263cb90_786 .array/port v0xb470e263cb90, 786;
v0xb470e263cb90_787 .array/port v0xb470e263cb90, 787;
v0xb470e263cb90_788 .array/port v0xb470e263cb90, 788;
E_0xb470e2641e60/198 .event anyedge, v0xb470e263cb90_785, v0xb470e263cb90_786, v0xb470e263cb90_787, v0xb470e263cb90_788;
v0xb470e263cb90_789 .array/port v0xb470e263cb90, 789;
v0xb470e263cb90_790 .array/port v0xb470e263cb90, 790;
v0xb470e263cb90_791 .array/port v0xb470e263cb90, 791;
v0xb470e263cb90_792 .array/port v0xb470e263cb90, 792;
E_0xb470e2641e60/199 .event anyedge, v0xb470e263cb90_789, v0xb470e263cb90_790, v0xb470e263cb90_791, v0xb470e263cb90_792;
v0xb470e263cb90_793 .array/port v0xb470e263cb90, 793;
v0xb470e263cb90_794 .array/port v0xb470e263cb90, 794;
v0xb470e263cb90_795 .array/port v0xb470e263cb90, 795;
v0xb470e263cb90_796 .array/port v0xb470e263cb90, 796;
E_0xb470e2641e60/200 .event anyedge, v0xb470e263cb90_793, v0xb470e263cb90_794, v0xb470e263cb90_795, v0xb470e263cb90_796;
v0xb470e263cb90_797 .array/port v0xb470e263cb90, 797;
v0xb470e263cb90_798 .array/port v0xb470e263cb90, 798;
v0xb470e263cb90_799 .array/port v0xb470e263cb90, 799;
v0xb470e263cb90_800 .array/port v0xb470e263cb90, 800;
E_0xb470e2641e60/201 .event anyedge, v0xb470e263cb90_797, v0xb470e263cb90_798, v0xb470e263cb90_799, v0xb470e263cb90_800;
v0xb470e263cb90_801 .array/port v0xb470e263cb90, 801;
v0xb470e263cb90_802 .array/port v0xb470e263cb90, 802;
v0xb470e263cb90_803 .array/port v0xb470e263cb90, 803;
v0xb470e263cb90_804 .array/port v0xb470e263cb90, 804;
E_0xb470e2641e60/202 .event anyedge, v0xb470e263cb90_801, v0xb470e263cb90_802, v0xb470e263cb90_803, v0xb470e263cb90_804;
v0xb470e263cb90_805 .array/port v0xb470e263cb90, 805;
v0xb470e263cb90_806 .array/port v0xb470e263cb90, 806;
v0xb470e263cb90_807 .array/port v0xb470e263cb90, 807;
v0xb470e263cb90_808 .array/port v0xb470e263cb90, 808;
E_0xb470e2641e60/203 .event anyedge, v0xb470e263cb90_805, v0xb470e263cb90_806, v0xb470e263cb90_807, v0xb470e263cb90_808;
v0xb470e263cb90_809 .array/port v0xb470e263cb90, 809;
v0xb470e263cb90_810 .array/port v0xb470e263cb90, 810;
v0xb470e263cb90_811 .array/port v0xb470e263cb90, 811;
v0xb470e263cb90_812 .array/port v0xb470e263cb90, 812;
E_0xb470e2641e60/204 .event anyedge, v0xb470e263cb90_809, v0xb470e263cb90_810, v0xb470e263cb90_811, v0xb470e263cb90_812;
v0xb470e263cb90_813 .array/port v0xb470e263cb90, 813;
v0xb470e263cb90_814 .array/port v0xb470e263cb90, 814;
v0xb470e263cb90_815 .array/port v0xb470e263cb90, 815;
v0xb470e263cb90_816 .array/port v0xb470e263cb90, 816;
E_0xb470e2641e60/205 .event anyedge, v0xb470e263cb90_813, v0xb470e263cb90_814, v0xb470e263cb90_815, v0xb470e263cb90_816;
v0xb470e263cb90_817 .array/port v0xb470e263cb90, 817;
v0xb470e263cb90_818 .array/port v0xb470e263cb90, 818;
v0xb470e263cb90_819 .array/port v0xb470e263cb90, 819;
v0xb470e263cb90_820 .array/port v0xb470e263cb90, 820;
E_0xb470e2641e60/206 .event anyedge, v0xb470e263cb90_817, v0xb470e263cb90_818, v0xb470e263cb90_819, v0xb470e263cb90_820;
v0xb470e263cb90_821 .array/port v0xb470e263cb90, 821;
v0xb470e263cb90_822 .array/port v0xb470e263cb90, 822;
v0xb470e263cb90_823 .array/port v0xb470e263cb90, 823;
v0xb470e263cb90_824 .array/port v0xb470e263cb90, 824;
E_0xb470e2641e60/207 .event anyedge, v0xb470e263cb90_821, v0xb470e263cb90_822, v0xb470e263cb90_823, v0xb470e263cb90_824;
v0xb470e263cb90_825 .array/port v0xb470e263cb90, 825;
v0xb470e263cb90_826 .array/port v0xb470e263cb90, 826;
v0xb470e263cb90_827 .array/port v0xb470e263cb90, 827;
v0xb470e263cb90_828 .array/port v0xb470e263cb90, 828;
E_0xb470e2641e60/208 .event anyedge, v0xb470e263cb90_825, v0xb470e263cb90_826, v0xb470e263cb90_827, v0xb470e263cb90_828;
v0xb470e263cb90_829 .array/port v0xb470e263cb90, 829;
v0xb470e263cb90_830 .array/port v0xb470e263cb90, 830;
v0xb470e263cb90_831 .array/port v0xb470e263cb90, 831;
v0xb470e263cb90_832 .array/port v0xb470e263cb90, 832;
E_0xb470e2641e60/209 .event anyedge, v0xb470e263cb90_829, v0xb470e263cb90_830, v0xb470e263cb90_831, v0xb470e263cb90_832;
v0xb470e263cb90_833 .array/port v0xb470e263cb90, 833;
v0xb470e263cb90_834 .array/port v0xb470e263cb90, 834;
v0xb470e263cb90_835 .array/port v0xb470e263cb90, 835;
v0xb470e263cb90_836 .array/port v0xb470e263cb90, 836;
E_0xb470e2641e60/210 .event anyedge, v0xb470e263cb90_833, v0xb470e263cb90_834, v0xb470e263cb90_835, v0xb470e263cb90_836;
v0xb470e263cb90_837 .array/port v0xb470e263cb90, 837;
v0xb470e263cb90_838 .array/port v0xb470e263cb90, 838;
v0xb470e263cb90_839 .array/port v0xb470e263cb90, 839;
v0xb470e263cb90_840 .array/port v0xb470e263cb90, 840;
E_0xb470e2641e60/211 .event anyedge, v0xb470e263cb90_837, v0xb470e263cb90_838, v0xb470e263cb90_839, v0xb470e263cb90_840;
v0xb470e263cb90_841 .array/port v0xb470e263cb90, 841;
v0xb470e263cb90_842 .array/port v0xb470e263cb90, 842;
v0xb470e263cb90_843 .array/port v0xb470e263cb90, 843;
v0xb470e263cb90_844 .array/port v0xb470e263cb90, 844;
E_0xb470e2641e60/212 .event anyedge, v0xb470e263cb90_841, v0xb470e263cb90_842, v0xb470e263cb90_843, v0xb470e263cb90_844;
v0xb470e263cb90_845 .array/port v0xb470e263cb90, 845;
v0xb470e263cb90_846 .array/port v0xb470e263cb90, 846;
v0xb470e263cb90_847 .array/port v0xb470e263cb90, 847;
v0xb470e263cb90_848 .array/port v0xb470e263cb90, 848;
E_0xb470e2641e60/213 .event anyedge, v0xb470e263cb90_845, v0xb470e263cb90_846, v0xb470e263cb90_847, v0xb470e263cb90_848;
v0xb470e263cb90_849 .array/port v0xb470e263cb90, 849;
v0xb470e263cb90_850 .array/port v0xb470e263cb90, 850;
v0xb470e263cb90_851 .array/port v0xb470e263cb90, 851;
v0xb470e263cb90_852 .array/port v0xb470e263cb90, 852;
E_0xb470e2641e60/214 .event anyedge, v0xb470e263cb90_849, v0xb470e263cb90_850, v0xb470e263cb90_851, v0xb470e263cb90_852;
v0xb470e263cb90_853 .array/port v0xb470e263cb90, 853;
v0xb470e263cb90_854 .array/port v0xb470e263cb90, 854;
v0xb470e263cb90_855 .array/port v0xb470e263cb90, 855;
v0xb470e263cb90_856 .array/port v0xb470e263cb90, 856;
E_0xb470e2641e60/215 .event anyedge, v0xb470e263cb90_853, v0xb470e263cb90_854, v0xb470e263cb90_855, v0xb470e263cb90_856;
v0xb470e263cb90_857 .array/port v0xb470e263cb90, 857;
v0xb470e263cb90_858 .array/port v0xb470e263cb90, 858;
v0xb470e263cb90_859 .array/port v0xb470e263cb90, 859;
v0xb470e263cb90_860 .array/port v0xb470e263cb90, 860;
E_0xb470e2641e60/216 .event anyedge, v0xb470e263cb90_857, v0xb470e263cb90_858, v0xb470e263cb90_859, v0xb470e263cb90_860;
v0xb470e263cb90_861 .array/port v0xb470e263cb90, 861;
v0xb470e263cb90_862 .array/port v0xb470e263cb90, 862;
v0xb470e263cb90_863 .array/port v0xb470e263cb90, 863;
v0xb470e263cb90_864 .array/port v0xb470e263cb90, 864;
E_0xb470e2641e60/217 .event anyedge, v0xb470e263cb90_861, v0xb470e263cb90_862, v0xb470e263cb90_863, v0xb470e263cb90_864;
v0xb470e263cb90_865 .array/port v0xb470e263cb90, 865;
v0xb470e263cb90_866 .array/port v0xb470e263cb90, 866;
v0xb470e263cb90_867 .array/port v0xb470e263cb90, 867;
v0xb470e263cb90_868 .array/port v0xb470e263cb90, 868;
E_0xb470e2641e60/218 .event anyedge, v0xb470e263cb90_865, v0xb470e263cb90_866, v0xb470e263cb90_867, v0xb470e263cb90_868;
v0xb470e263cb90_869 .array/port v0xb470e263cb90, 869;
v0xb470e263cb90_870 .array/port v0xb470e263cb90, 870;
v0xb470e263cb90_871 .array/port v0xb470e263cb90, 871;
v0xb470e263cb90_872 .array/port v0xb470e263cb90, 872;
E_0xb470e2641e60/219 .event anyedge, v0xb470e263cb90_869, v0xb470e263cb90_870, v0xb470e263cb90_871, v0xb470e263cb90_872;
v0xb470e263cb90_873 .array/port v0xb470e263cb90, 873;
v0xb470e263cb90_874 .array/port v0xb470e263cb90, 874;
v0xb470e263cb90_875 .array/port v0xb470e263cb90, 875;
v0xb470e263cb90_876 .array/port v0xb470e263cb90, 876;
E_0xb470e2641e60/220 .event anyedge, v0xb470e263cb90_873, v0xb470e263cb90_874, v0xb470e263cb90_875, v0xb470e263cb90_876;
v0xb470e263cb90_877 .array/port v0xb470e263cb90, 877;
v0xb470e263cb90_878 .array/port v0xb470e263cb90, 878;
v0xb470e263cb90_879 .array/port v0xb470e263cb90, 879;
v0xb470e263cb90_880 .array/port v0xb470e263cb90, 880;
E_0xb470e2641e60/221 .event anyedge, v0xb470e263cb90_877, v0xb470e263cb90_878, v0xb470e263cb90_879, v0xb470e263cb90_880;
v0xb470e263cb90_881 .array/port v0xb470e263cb90, 881;
v0xb470e263cb90_882 .array/port v0xb470e263cb90, 882;
v0xb470e263cb90_883 .array/port v0xb470e263cb90, 883;
v0xb470e263cb90_884 .array/port v0xb470e263cb90, 884;
E_0xb470e2641e60/222 .event anyedge, v0xb470e263cb90_881, v0xb470e263cb90_882, v0xb470e263cb90_883, v0xb470e263cb90_884;
v0xb470e263cb90_885 .array/port v0xb470e263cb90, 885;
v0xb470e263cb90_886 .array/port v0xb470e263cb90, 886;
v0xb470e263cb90_887 .array/port v0xb470e263cb90, 887;
v0xb470e263cb90_888 .array/port v0xb470e263cb90, 888;
E_0xb470e2641e60/223 .event anyedge, v0xb470e263cb90_885, v0xb470e263cb90_886, v0xb470e263cb90_887, v0xb470e263cb90_888;
v0xb470e263cb90_889 .array/port v0xb470e263cb90, 889;
v0xb470e263cb90_890 .array/port v0xb470e263cb90, 890;
v0xb470e263cb90_891 .array/port v0xb470e263cb90, 891;
v0xb470e263cb90_892 .array/port v0xb470e263cb90, 892;
E_0xb470e2641e60/224 .event anyedge, v0xb470e263cb90_889, v0xb470e263cb90_890, v0xb470e263cb90_891, v0xb470e263cb90_892;
v0xb470e263cb90_893 .array/port v0xb470e263cb90, 893;
v0xb470e263cb90_894 .array/port v0xb470e263cb90, 894;
v0xb470e263cb90_895 .array/port v0xb470e263cb90, 895;
v0xb470e263cb90_896 .array/port v0xb470e263cb90, 896;
E_0xb470e2641e60/225 .event anyedge, v0xb470e263cb90_893, v0xb470e263cb90_894, v0xb470e263cb90_895, v0xb470e263cb90_896;
v0xb470e263cb90_897 .array/port v0xb470e263cb90, 897;
v0xb470e263cb90_898 .array/port v0xb470e263cb90, 898;
v0xb470e263cb90_899 .array/port v0xb470e263cb90, 899;
v0xb470e263cb90_900 .array/port v0xb470e263cb90, 900;
E_0xb470e2641e60/226 .event anyedge, v0xb470e263cb90_897, v0xb470e263cb90_898, v0xb470e263cb90_899, v0xb470e263cb90_900;
v0xb470e263cb90_901 .array/port v0xb470e263cb90, 901;
v0xb470e263cb90_902 .array/port v0xb470e263cb90, 902;
v0xb470e263cb90_903 .array/port v0xb470e263cb90, 903;
v0xb470e263cb90_904 .array/port v0xb470e263cb90, 904;
E_0xb470e2641e60/227 .event anyedge, v0xb470e263cb90_901, v0xb470e263cb90_902, v0xb470e263cb90_903, v0xb470e263cb90_904;
v0xb470e263cb90_905 .array/port v0xb470e263cb90, 905;
v0xb470e263cb90_906 .array/port v0xb470e263cb90, 906;
v0xb470e263cb90_907 .array/port v0xb470e263cb90, 907;
v0xb470e263cb90_908 .array/port v0xb470e263cb90, 908;
E_0xb470e2641e60/228 .event anyedge, v0xb470e263cb90_905, v0xb470e263cb90_906, v0xb470e263cb90_907, v0xb470e263cb90_908;
v0xb470e263cb90_909 .array/port v0xb470e263cb90, 909;
v0xb470e263cb90_910 .array/port v0xb470e263cb90, 910;
v0xb470e263cb90_911 .array/port v0xb470e263cb90, 911;
v0xb470e263cb90_912 .array/port v0xb470e263cb90, 912;
E_0xb470e2641e60/229 .event anyedge, v0xb470e263cb90_909, v0xb470e263cb90_910, v0xb470e263cb90_911, v0xb470e263cb90_912;
v0xb470e263cb90_913 .array/port v0xb470e263cb90, 913;
v0xb470e263cb90_914 .array/port v0xb470e263cb90, 914;
v0xb470e263cb90_915 .array/port v0xb470e263cb90, 915;
v0xb470e263cb90_916 .array/port v0xb470e263cb90, 916;
E_0xb470e2641e60/230 .event anyedge, v0xb470e263cb90_913, v0xb470e263cb90_914, v0xb470e263cb90_915, v0xb470e263cb90_916;
v0xb470e263cb90_917 .array/port v0xb470e263cb90, 917;
v0xb470e263cb90_918 .array/port v0xb470e263cb90, 918;
v0xb470e263cb90_919 .array/port v0xb470e263cb90, 919;
v0xb470e263cb90_920 .array/port v0xb470e263cb90, 920;
E_0xb470e2641e60/231 .event anyedge, v0xb470e263cb90_917, v0xb470e263cb90_918, v0xb470e263cb90_919, v0xb470e263cb90_920;
v0xb470e263cb90_921 .array/port v0xb470e263cb90, 921;
v0xb470e263cb90_922 .array/port v0xb470e263cb90, 922;
v0xb470e263cb90_923 .array/port v0xb470e263cb90, 923;
v0xb470e263cb90_924 .array/port v0xb470e263cb90, 924;
E_0xb470e2641e60/232 .event anyedge, v0xb470e263cb90_921, v0xb470e263cb90_922, v0xb470e263cb90_923, v0xb470e263cb90_924;
v0xb470e263cb90_925 .array/port v0xb470e263cb90, 925;
v0xb470e263cb90_926 .array/port v0xb470e263cb90, 926;
v0xb470e263cb90_927 .array/port v0xb470e263cb90, 927;
v0xb470e263cb90_928 .array/port v0xb470e263cb90, 928;
E_0xb470e2641e60/233 .event anyedge, v0xb470e263cb90_925, v0xb470e263cb90_926, v0xb470e263cb90_927, v0xb470e263cb90_928;
v0xb470e263cb90_929 .array/port v0xb470e263cb90, 929;
v0xb470e263cb90_930 .array/port v0xb470e263cb90, 930;
v0xb470e263cb90_931 .array/port v0xb470e263cb90, 931;
v0xb470e263cb90_932 .array/port v0xb470e263cb90, 932;
E_0xb470e2641e60/234 .event anyedge, v0xb470e263cb90_929, v0xb470e263cb90_930, v0xb470e263cb90_931, v0xb470e263cb90_932;
v0xb470e263cb90_933 .array/port v0xb470e263cb90, 933;
v0xb470e263cb90_934 .array/port v0xb470e263cb90, 934;
v0xb470e263cb90_935 .array/port v0xb470e263cb90, 935;
v0xb470e263cb90_936 .array/port v0xb470e263cb90, 936;
E_0xb470e2641e60/235 .event anyedge, v0xb470e263cb90_933, v0xb470e263cb90_934, v0xb470e263cb90_935, v0xb470e263cb90_936;
v0xb470e263cb90_937 .array/port v0xb470e263cb90, 937;
v0xb470e263cb90_938 .array/port v0xb470e263cb90, 938;
v0xb470e263cb90_939 .array/port v0xb470e263cb90, 939;
v0xb470e263cb90_940 .array/port v0xb470e263cb90, 940;
E_0xb470e2641e60/236 .event anyedge, v0xb470e263cb90_937, v0xb470e263cb90_938, v0xb470e263cb90_939, v0xb470e263cb90_940;
v0xb470e263cb90_941 .array/port v0xb470e263cb90, 941;
v0xb470e263cb90_942 .array/port v0xb470e263cb90, 942;
v0xb470e263cb90_943 .array/port v0xb470e263cb90, 943;
v0xb470e263cb90_944 .array/port v0xb470e263cb90, 944;
E_0xb470e2641e60/237 .event anyedge, v0xb470e263cb90_941, v0xb470e263cb90_942, v0xb470e263cb90_943, v0xb470e263cb90_944;
v0xb470e263cb90_945 .array/port v0xb470e263cb90, 945;
v0xb470e263cb90_946 .array/port v0xb470e263cb90, 946;
v0xb470e263cb90_947 .array/port v0xb470e263cb90, 947;
v0xb470e263cb90_948 .array/port v0xb470e263cb90, 948;
E_0xb470e2641e60/238 .event anyedge, v0xb470e263cb90_945, v0xb470e263cb90_946, v0xb470e263cb90_947, v0xb470e263cb90_948;
v0xb470e263cb90_949 .array/port v0xb470e263cb90, 949;
v0xb470e263cb90_950 .array/port v0xb470e263cb90, 950;
v0xb470e263cb90_951 .array/port v0xb470e263cb90, 951;
v0xb470e263cb90_952 .array/port v0xb470e263cb90, 952;
E_0xb470e2641e60/239 .event anyedge, v0xb470e263cb90_949, v0xb470e263cb90_950, v0xb470e263cb90_951, v0xb470e263cb90_952;
v0xb470e263cb90_953 .array/port v0xb470e263cb90, 953;
v0xb470e263cb90_954 .array/port v0xb470e263cb90, 954;
v0xb470e263cb90_955 .array/port v0xb470e263cb90, 955;
v0xb470e263cb90_956 .array/port v0xb470e263cb90, 956;
E_0xb470e2641e60/240 .event anyedge, v0xb470e263cb90_953, v0xb470e263cb90_954, v0xb470e263cb90_955, v0xb470e263cb90_956;
v0xb470e263cb90_957 .array/port v0xb470e263cb90, 957;
v0xb470e263cb90_958 .array/port v0xb470e263cb90, 958;
v0xb470e263cb90_959 .array/port v0xb470e263cb90, 959;
v0xb470e263cb90_960 .array/port v0xb470e263cb90, 960;
E_0xb470e2641e60/241 .event anyedge, v0xb470e263cb90_957, v0xb470e263cb90_958, v0xb470e263cb90_959, v0xb470e263cb90_960;
v0xb470e263cb90_961 .array/port v0xb470e263cb90, 961;
v0xb470e263cb90_962 .array/port v0xb470e263cb90, 962;
v0xb470e263cb90_963 .array/port v0xb470e263cb90, 963;
v0xb470e263cb90_964 .array/port v0xb470e263cb90, 964;
E_0xb470e2641e60/242 .event anyedge, v0xb470e263cb90_961, v0xb470e263cb90_962, v0xb470e263cb90_963, v0xb470e263cb90_964;
v0xb470e263cb90_965 .array/port v0xb470e263cb90, 965;
v0xb470e263cb90_966 .array/port v0xb470e263cb90, 966;
v0xb470e263cb90_967 .array/port v0xb470e263cb90, 967;
v0xb470e263cb90_968 .array/port v0xb470e263cb90, 968;
E_0xb470e2641e60/243 .event anyedge, v0xb470e263cb90_965, v0xb470e263cb90_966, v0xb470e263cb90_967, v0xb470e263cb90_968;
v0xb470e263cb90_969 .array/port v0xb470e263cb90, 969;
v0xb470e263cb90_970 .array/port v0xb470e263cb90, 970;
v0xb470e263cb90_971 .array/port v0xb470e263cb90, 971;
v0xb470e263cb90_972 .array/port v0xb470e263cb90, 972;
E_0xb470e2641e60/244 .event anyedge, v0xb470e263cb90_969, v0xb470e263cb90_970, v0xb470e263cb90_971, v0xb470e263cb90_972;
v0xb470e263cb90_973 .array/port v0xb470e263cb90, 973;
v0xb470e263cb90_974 .array/port v0xb470e263cb90, 974;
v0xb470e263cb90_975 .array/port v0xb470e263cb90, 975;
v0xb470e263cb90_976 .array/port v0xb470e263cb90, 976;
E_0xb470e2641e60/245 .event anyedge, v0xb470e263cb90_973, v0xb470e263cb90_974, v0xb470e263cb90_975, v0xb470e263cb90_976;
v0xb470e263cb90_977 .array/port v0xb470e263cb90, 977;
v0xb470e263cb90_978 .array/port v0xb470e263cb90, 978;
v0xb470e263cb90_979 .array/port v0xb470e263cb90, 979;
v0xb470e263cb90_980 .array/port v0xb470e263cb90, 980;
E_0xb470e2641e60/246 .event anyedge, v0xb470e263cb90_977, v0xb470e263cb90_978, v0xb470e263cb90_979, v0xb470e263cb90_980;
v0xb470e263cb90_981 .array/port v0xb470e263cb90, 981;
v0xb470e263cb90_982 .array/port v0xb470e263cb90, 982;
v0xb470e263cb90_983 .array/port v0xb470e263cb90, 983;
v0xb470e263cb90_984 .array/port v0xb470e263cb90, 984;
E_0xb470e2641e60/247 .event anyedge, v0xb470e263cb90_981, v0xb470e263cb90_982, v0xb470e263cb90_983, v0xb470e263cb90_984;
v0xb470e263cb90_985 .array/port v0xb470e263cb90, 985;
v0xb470e263cb90_986 .array/port v0xb470e263cb90, 986;
v0xb470e263cb90_987 .array/port v0xb470e263cb90, 987;
v0xb470e263cb90_988 .array/port v0xb470e263cb90, 988;
E_0xb470e2641e60/248 .event anyedge, v0xb470e263cb90_985, v0xb470e263cb90_986, v0xb470e263cb90_987, v0xb470e263cb90_988;
v0xb470e263cb90_989 .array/port v0xb470e263cb90, 989;
v0xb470e263cb90_990 .array/port v0xb470e263cb90, 990;
v0xb470e263cb90_991 .array/port v0xb470e263cb90, 991;
v0xb470e263cb90_992 .array/port v0xb470e263cb90, 992;
E_0xb470e2641e60/249 .event anyedge, v0xb470e263cb90_989, v0xb470e263cb90_990, v0xb470e263cb90_991, v0xb470e263cb90_992;
v0xb470e263cb90_993 .array/port v0xb470e263cb90, 993;
v0xb470e263cb90_994 .array/port v0xb470e263cb90, 994;
v0xb470e263cb90_995 .array/port v0xb470e263cb90, 995;
v0xb470e263cb90_996 .array/port v0xb470e263cb90, 996;
E_0xb470e2641e60/250 .event anyedge, v0xb470e263cb90_993, v0xb470e263cb90_994, v0xb470e263cb90_995, v0xb470e263cb90_996;
v0xb470e263cb90_997 .array/port v0xb470e263cb90, 997;
v0xb470e263cb90_998 .array/port v0xb470e263cb90, 998;
v0xb470e263cb90_999 .array/port v0xb470e263cb90, 999;
v0xb470e263cb90_1000 .array/port v0xb470e263cb90, 1000;
E_0xb470e2641e60/251 .event anyedge, v0xb470e263cb90_997, v0xb470e263cb90_998, v0xb470e263cb90_999, v0xb470e263cb90_1000;
v0xb470e263cb90_1001 .array/port v0xb470e263cb90, 1001;
v0xb470e263cb90_1002 .array/port v0xb470e263cb90, 1002;
v0xb470e263cb90_1003 .array/port v0xb470e263cb90, 1003;
v0xb470e263cb90_1004 .array/port v0xb470e263cb90, 1004;
E_0xb470e2641e60/252 .event anyedge, v0xb470e263cb90_1001, v0xb470e263cb90_1002, v0xb470e263cb90_1003, v0xb470e263cb90_1004;
v0xb470e263cb90_1005 .array/port v0xb470e263cb90, 1005;
v0xb470e263cb90_1006 .array/port v0xb470e263cb90, 1006;
v0xb470e263cb90_1007 .array/port v0xb470e263cb90, 1007;
v0xb470e263cb90_1008 .array/port v0xb470e263cb90, 1008;
E_0xb470e2641e60/253 .event anyedge, v0xb470e263cb90_1005, v0xb470e263cb90_1006, v0xb470e263cb90_1007, v0xb470e263cb90_1008;
v0xb470e263cb90_1009 .array/port v0xb470e263cb90, 1009;
v0xb470e263cb90_1010 .array/port v0xb470e263cb90, 1010;
v0xb470e263cb90_1011 .array/port v0xb470e263cb90, 1011;
v0xb470e263cb90_1012 .array/port v0xb470e263cb90, 1012;
E_0xb470e2641e60/254 .event anyedge, v0xb470e263cb90_1009, v0xb470e263cb90_1010, v0xb470e263cb90_1011, v0xb470e263cb90_1012;
v0xb470e263cb90_1013 .array/port v0xb470e263cb90, 1013;
v0xb470e263cb90_1014 .array/port v0xb470e263cb90, 1014;
v0xb470e263cb90_1015 .array/port v0xb470e263cb90, 1015;
v0xb470e263cb90_1016 .array/port v0xb470e263cb90, 1016;
E_0xb470e2641e60/255 .event anyedge, v0xb470e263cb90_1013, v0xb470e263cb90_1014, v0xb470e263cb90_1015, v0xb470e263cb90_1016;
v0xb470e263cb90_1017 .array/port v0xb470e263cb90, 1017;
v0xb470e263cb90_1018 .array/port v0xb470e263cb90, 1018;
v0xb470e263cb90_1019 .array/port v0xb470e263cb90, 1019;
v0xb470e263cb90_1020 .array/port v0xb470e263cb90, 1020;
E_0xb470e2641e60/256 .event anyedge, v0xb470e263cb90_1017, v0xb470e263cb90_1018, v0xb470e263cb90_1019, v0xb470e263cb90_1020;
v0xb470e263cb90_1021 .array/port v0xb470e263cb90, 1021;
v0xb470e263cb90_1022 .array/port v0xb470e263cb90, 1022;
v0xb470e263cb90_1023 .array/port v0xb470e263cb90, 1023;
v0xb470e263cb90_1024 .array/port v0xb470e263cb90, 1024;
E_0xb470e2641e60/257 .event anyedge, v0xb470e263cb90_1021, v0xb470e263cb90_1022, v0xb470e263cb90_1023, v0xb470e263cb90_1024;
v0xb470e263cb90_1025 .array/port v0xb470e263cb90, 1025;
v0xb470e263cb90_1026 .array/port v0xb470e263cb90, 1026;
v0xb470e263cb90_1027 .array/port v0xb470e263cb90, 1027;
v0xb470e263cb90_1028 .array/port v0xb470e263cb90, 1028;
E_0xb470e2641e60/258 .event anyedge, v0xb470e263cb90_1025, v0xb470e263cb90_1026, v0xb470e263cb90_1027, v0xb470e263cb90_1028;
v0xb470e263cb90_1029 .array/port v0xb470e263cb90, 1029;
v0xb470e263cb90_1030 .array/port v0xb470e263cb90, 1030;
v0xb470e263cb90_1031 .array/port v0xb470e263cb90, 1031;
v0xb470e263cb90_1032 .array/port v0xb470e263cb90, 1032;
E_0xb470e2641e60/259 .event anyedge, v0xb470e263cb90_1029, v0xb470e263cb90_1030, v0xb470e263cb90_1031, v0xb470e263cb90_1032;
v0xb470e263cb90_1033 .array/port v0xb470e263cb90, 1033;
v0xb470e263cb90_1034 .array/port v0xb470e263cb90, 1034;
v0xb470e263cb90_1035 .array/port v0xb470e263cb90, 1035;
v0xb470e263cb90_1036 .array/port v0xb470e263cb90, 1036;
E_0xb470e2641e60/260 .event anyedge, v0xb470e263cb90_1033, v0xb470e263cb90_1034, v0xb470e263cb90_1035, v0xb470e263cb90_1036;
v0xb470e263cb90_1037 .array/port v0xb470e263cb90, 1037;
v0xb470e263cb90_1038 .array/port v0xb470e263cb90, 1038;
v0xb470e263cb90_1039 .array/port v0xb470e263cb90, 1039;
v0xb470e263cb90_1040 .array/port v0xb470e263cb90, 1040;
E_0xb470e2641e60/261 .event anyedge, v0xb470e263cb90_1037, v0xb470e263cb90_1038, v0xb470e263cb90_1039, v0xb470e263cb90_1040;
v0xb470e263cb90_1041 .array/port v0xb470e263cb90, 1041;
v0xb470e263cb90_1042 .array/port v0xb470e263cb90, 1042;
v0xb470e263cb90_1043 .array/port v0xb470e263cb90, 1043;
v0xb470e263cb90_1044 .array/port v0xb470e263cb90, 1044;
E_0xb470e2641e60/262 .event anyedge, v0xb470e263cb90_1041, v0xb470e263cb90_1042, v0xb470e263cb90_1043, v0xb470e263cb90_1044;
v0xb470e263cb90_1045 .array/port v0xb470e263cb90, 1045;
v0xb470e263cb90_1046 .array/port v0xb470e263cb90, 1046;
v0xb470e263cb90_1047 .array/port v0xb470e263cb90, 1047;
v0xb470e263cb90_1048 .array/port v0xb470e263cb90, 1048;
E_0xb470e2641e60/263 .event anyedge, v0xb470e263cb90_1045, v0xb470e263cb90_1046, v0xb470e263cb90_1047, v0xb470e263cb90_1048;
v0xb470e263cb90_1049 .array/port v0xb470e263cb90, 1049;
v0xb470e263cb90_1050 .array/port v0xb470e263cb90, 1050;
v0xb470e263cb90_1051 .array/port v0xb470e263cb90, 1051;
v0xb470e263cb90_1052 .array/port v0xb470e263cb90, 1052;
E_0xb470e2641e60/264 .event anyedge, v0xb470e263cb90_1049, v0xb470e263cb90_1050, v0xb470e263cb90_1051, v0xb470e263cb90_1052;
v0xb470e263cb90_1053 .array/port v0xb470e263cb90, 1053;
v0xb470e263cb90_1054 .array/port v0xb470e263cb90, 1054;
v0xb470e263cb90_1055 .array/port v0xb470e263cb90, 1055;
v0xb470e263cb90_1056 .array/port v0xb470e263cb90, 1056;
E_0xb470e2641e60/265 .event anyedge, v0xb470e263cb90_1053, v0xb470e263cb90_1054, v0xb470e263cb90_1055, v0xb470e263cb90_1056;
v0xb470e263cb90_1057 .array/port v0xb470e263cb90, 1057;
v0xb470e263cb90_1058 .array/port v0xb470e263cb90, 1058;
v0xb470e263cb90_1059 .array/port v0xb470e263cb90, 1059;
v0xb470e263cb90_1060 .array/port v0xb470e263cb90, 1060;
E_0xb470e2641e60/266 .event anyedge, v0xb470e263cb90_1057, v0xb470e263cb90_1058, v0xb470e263cb90_1059, v0xb470e263cb90_1060;
v0xb470e263cb90_1061 .array/port v0xb470e263cb90, 1061;
v0xb470e263cb90_1062 .array/port v0xb470e263cb90, 1062;
v0xb470e263cb90_1063 .array/port v0xb470e263cb90, 1063;
v0xb470e263cb90_1064 .array/port v0xb470e263cb90, 1064;
E_0xb470e2641e60/267 .event anyedge, v0xb470e263cb90_1061, v0xb470e263cb90_1062, v0xb470e263cb90_1063, v0xb470e263cb90_1064;
v0xb470e263cb90_1065 .array/port v0xb470e263cb90, 1065;
v0xb470e263cb90_1066 .array/port v0xb470e263cb90, 1066;
v0xb470e263cb90_1067 .array/port v0xb470e263cb90, 1067;
v0xb470e263cb90_1068 .array/port v0xb470e263cb90, 1068;
E_0xb470e2641e60/268 .event anyedge, v0xb470e263cb90_1065, v0xb470e263cb90_1066, v0xb470e263cb90_1067, v0xb470e263cb90_1068;
v0xb470e263cb90_1069 .array/port v0xb470e263cb90, 1069;
v0xb470e263cb90_1070 .array/port v0xb470e263cb90, 1070;
v0xb470e263cb90_1071 .array/port v0xb470e263cb90, 1071;
v0xb470e263cb90_1072 .array/port v0xb470e263cb90, 1072;
E_0xb470e2641e60/269 .event anyedge, v0xb470e263cb90_1069, v0xb470e263cb90_1070, v0xb470e263cb90_1071, v0xb470e263cb90_1072;
v0xb470e263cb90_1073 .array/port v0xb470e263cb90, 1073;
v0xb470e263cb90_1074 .array/port v0xb470e263cb90, 1074;
v0xb470e263cb90_1075 .array/port v0xb470e263cb90, 1075;
v0xb470e263cb90_1076 .array/port v0xb470e263cb90, 1076;
E_0xb470e2641e60/270 .event anyedge, v0xb470e263cb90_1073, v0xb470e263cb90_1074, v0xb470e263cb90_1075, v0xb470e263cb90_1076;
v0xb470e263cb90_1077 .array/port v0xb470e263cb90, 1077;
v0xb470e263cb90_1078 .array/port v0xb470e263cb90, 1078;
v0xb470e263cb90_1079 .array/port v0xb470e263cb90, 1079;
v0xb470e263cb90_1080 .array/port v0xb470e263cb90, 1080;
E_0xb470e2641e60/271 .event anyedge, v0xb470e263cb90_1077, v0xb470e263cb90_1078, v0xb470e263cb90_1079, v0xb470e263cb90_1080;
v0xb470e263cb90_1081 .array/port v0xb470e263cb90, 1081;
v0xb470e263cb90_1082 .array/port v0xb470e263cb90, 1082;
v0xb470e263cb90_1083 .array/port v0xb470e263cb90, 1083;
v0xb470e263cb90_1084 .array/port v0xb470e263cb90, 1084;
E_0xb470e2641e60/272 .event anyedge, v0xb470e263cb90_1081, v0xb470e263cb90_1082, v0xb470e263cb90_1083, v0xb470e263cb90_1084;
v0xb470e263cb90_1085 .array/port v0xb470e263cb90, 1085;
v0xb470e263cb90_1086 .array/port v0xb470e263cb90, 1086;
v0xb470e263cb90_1087 .array/port v0xb470e263cb90, 1087;
v0xb470e263cb90_1088 .array/port v0xb470e263cb90, 1088;
E_0xb470e2641e60/273 .event anyedge, v0xb470e263cb90_1085, v0xb470e263cb90_1086, v0xb470e263cb90_1087, v0xb470e263cb90_1088;
v0xb470e263cb90_1089 .array/port v0xb470e263cb90, 1089;
v0xb470e263cb90_1090 .array/port v0xb470e263cb90, 1090;
v0xb470e263cb90_1091 .array/port v0xb470e263cb90, 1091;
v0xb470e263cb90_1092 .array/port v0xb470e263cb90, 1092;
E_0xb470e2641e60/274 .event anyedge, v0xb470e263cb90_1089, v0xb470e263cb90_1090, v0xb470e263cb90_1091, v0xb470e263cb90_1092;
v0xb470e263cb90_1093 .array/port v0xb470e263cb90, 1093;
v0xb470e263cb90_1094 .array/port v0xb470e263cb90, 1094;
v0xb470e263cb90_1095 .array/port v0xb470e263cb90, 1095;
v0xb470e263cb90_1096 .array/port v0xb470e263cb90, 1096;
E_0xb470e2641e60/275 .event anyedge, v0xb470e263cb90_1093, v0xb470e263cb90_1094, v0xb470e263cb90_1095, v0xb470e263cb90_1096;
v0xb470e263cb90_1097 .array/port v0xb470e263cb90, 1097;
v0xb470e263cb90_1098 .array/port v0xb470e263cb90, 1098;
v0xb470e263cb90_1099 .array/port v0xb470e263cb90, 1099;
v0xb470e263cb90_1100 .array/port v0xb470e263cb90, 1100;
E_0xb470e2641e60/276 .event anyedge, v0xb470e263cb90_1097, v0xb470e263cb90_1098, v0xb470e263cb90_1099, v0xb470e263cb90_1100;
v0xb470e263cb90_1101 .array/port v0xb470e263cb90, 1101;
v0xb470e263cb90_1102 .array/port v0xb470e263cb90, 1102;
v0xb470e263cb90_1103 .array/port v0xb470e263cb90, 1103;
v0xb470e263cb90_1104 .array/port v0xb470e263cb90, 1104;
E_0xb470e2641e60/277 .event anyedge, v0xb470e263cb90_1101, v0xb470e263cb90_1102, v0xb470e263cb90_1103, v0xb470e263cb90_1104;
v0xb470e263cb90_1105 .array/port v0xb470e263cb90, 1105;
v0xb470e263cb90_1106 .array/port v0xb470e263cb90, 1106;
v0xb470e263cb90_1107 .array/port v0xb470e263cb90, 1107;
v0xb470e263cb90_1108 .array/port v0xb470e263cb90, 1108;
E_0xb470e2641e60/278 .event anyedge, v0xb470e263cb90_1105, v0xb470e263cb90_1106, v0xb470e263cb90_1107, v0xb470e263cb90_1108;
v0xb470e263cb90_1109 .array/port v0xb470e263cb90, 1109;
v0xb470e263cb90_1110 .array/port v0xb470e263cb90, 1110;
v0xb470e263cb90_1111 .array/port v0xb470e263cb90, 1111;
v0xb470e263cb90_1112 .array/port v0xb470e263cb90, 1112;
E_0xb470e2641e60/279 .event anyedge, v0xb470e263cb90_1109, v0xb470e263cb90_1110, v0xb470e263cb90_1111, v0xb470e263cb90_1112;
v0xb470e263cb90_1113 .array/port v0xb470e263cb90, 1113;
v0xb470e263cb90_1114 .array/port v0xb470e263cb90, 1114;
v0xb470e263cb90_1115 .array/port v0xb470e263cb90, 1115;
v0xb470e263cb90_1116 .array/port v0xb470e263cb90, 1116;
E_0xb470e2641e60/280 .event anyedge, v0xb470e263cb90_1113, v0xb470e263cb90_1114, v0xb470e263cb90_1115, v0xb470e263cb90_1116;
v0xb470e263cb90_1117 .array/port v0xb470e263cb90, 1117;
v0xb470e263cb90_1118 .array/port v0xb470e263cb90, 1118;
v0xb470e263cb90_1119 .array/port v0xb470e263cb90, 1119;
v0xb470e263cb90_1120 .array/port v0xb470e263cb90, 1120;
E_0xb470e2641e60/281 .event anyedge, v0xb470e263cb90_1117, v0xb470e263cb90_1118, v0xb470e263cb90_1119, v0xb470e263cb90_1120;
v0xb470e263cb90_1121 .array/port v0xb470e263cb90, 1121;
v0xb470e263cb90_1122 .array/port v0xb470e263cb90, 1122;
v0xb470e263cb90_1123 .array/port v0xb470e263cb90, 1123;
v0xb470e263cb90_1124 .array/port v0xb470e263cb90, 1124;
E_0xb470e2641e60/282 .event anyedge, v0xb470e263cb90_1121, v0xb470e263cb90_1122, v0xb470e263cb90_1123, v0xb470e263cb90_1124;
v0xb470e263cb90_1125 .array/port v0xb470e263cb90, 1125;
v0xb470e263cb90_1126 .array/port v0xb470e263cb90, 1126;
v0xb470e263cb90_1127 .array/port v0xb470e263cb90, 1127;
v0xb470e263cb90_1128 .array/port v0xb470e263cb90, 1128;
E_0xb470e2641e60/283 .event anyedge, v0xb470e263cb90_1125, v0xb470e263cb90_1126, v0xb470e263cb90_1127, v0xb470e263cb90_1128;
v0xb470e263cb90_1129 .array/port v0xb470e263cb90, 1129;
v0xb470e263cb90_1130 .array/port v0xb470e263cb90, 1130;
v0xb470e263cb90_1131 .array/port v0xb470e263cb90, 1131;
v0xb470e263cb90_1132 .array/port v0xb470e263cb90, 1132;
E_0xb470e2641e60/284 .event anyedge, v0xb470e263cb90_1129, v0xb470e263cb90_1130, v0xb470e263cb90_1131, v0xb470e263cb90_1132;
v0xb470e263cb90_1133 .array/port v0xb470e263cb90, 1133;
v0xb470e263cb90_1134 .array/port v0xb470e263cb90, 1134;
v0xb470e263cb90_1135 .array/port v0xb470e263cb90, 1135;
v0xb470e263cb90_1136 .array/port v0xb470e263cb90, 1136;
E_0xb470e2641e60/285 .event anyedge, v0xb470e263cb90_1133, v0xb470e263cb90_1134, v0xb470e263cb90_1135, v0xb470e263cb90_1136;
v0xb470e263cb90_1137 .array/port v0xb470e263cb90, 1137;
v0xb470e263cb90_1138 .array/port v0xb470e263cb90, 1138;
v0xb470e263cb90_1139 .array/port v0xb470e263cb90, 1139;
v0xb470e263cb90_1140 .array/port v0xb470e263cb90, 1140;
E_0xb470e2641e60/286 .event anyedge, v0xb470e263cb90_1137, v0xb470e263cb90_1138, v0xb470e263cb90_1139, v0xb470e263cb90_1140;
v0xb470e263cb90_1141 .array/port v0xb470e263cb90, 1141;
v0xb470e263cb90_1142 .array/port v0xb470e263cb90, 1142;
v0xb470e263cb90_1143 .array/port v0xb470e263cb90, 1143;
v0xb470e263cb90_1144 .array/port v0xb470e263cb90, 1144;
E_0xb470e2641e60/287 .event anyedge, v0xb470e263cb90_1141, v0xb470e263cb90_1142, v0xb470e263cb90_1143, v0xb470e263cb90_1144;
v0xb470e263cb90_1145 .array/port v0xb470e263cb90, 1145;
v0xb470e263cb90_1146 .array/port v0xb470e263cb90, 1146;
v0xb470e263cb90_1147 .array/port v0xb470e263cb90, 1147;
v0xb470e263cb90_1148 .array/port v0xb470e263cb90, 1148;
E_0xb470e2641e60/288 .event anyedge, v0xb470e263cb90_1145, v0xb470e263cb90_1146, v0xb470e263cb90_1147, v0xb470e263cb90_1148;
v0xb470e263cb90_1149 .array/port v0xb470e263cb90, 1149;
v0xb470e263cb90_1150 .array/port v0xb470e263cb90, 1150;
v0xb470e263cb90_1151 .array/port v0xb470e263cb90, 1151;
v0xb470e263cb90_1152 .array/port v0xb470e263cb90, 1152;
E_0xb470e2641e60/289 .event anyedge, v0xb470e263cb90_1149, v0xb470e263cb90_1150, v0xb470e263cb90_1151, v0xb470e263cb90_1152;
v0xb470e263cb90_1153 .array/port v0xb470e263cb90, 1153;
v0xb470e263cb90_1154 .array/port v0xb470e263cb90, 1154;
v0xb470e263cb90_1155 .array/port v0xb470e263cb90, 1155;
v0xb470e263cb90_1156 .array/port v0xb470e263cb90, 1156;
E_0xb470e2641e60/290 .event anyedge, v0xb470e263cb90_1153, v0xb470e263cb90_1154, v0xb470e263cb90_1155, v0xb470e263cb90_1156;
v0xb470e263cb90_1157 .array/port v0xb470e263cb90, 1157;
v0xb470e263cb90_1158 .array/port v0xb470e263cb90, 1158;
v0xb470e263cb90_1159 .array/port v0xb470e263cb90, 1159;
v0xb470e263cb90_1160 .array/port v0xb470e263cb90, 1160;
E_0xb470e2641e60/291 .event anyedge, v0xb470e263cb90_1157, v0xb470e263cb90_1158, v0xb470e263cb90_1159, v0xb470e263cb90_1160;
v0xb470e263cb90_1161 .array/port v0xb470e263cb90, 1161;
v0xb470e263cb90_1162 .array/port v0xb470e263cb90, 1162;
v0xb470e263cb90_1163 .array/port v0xb470e263cb90, 1163;
v0xb470e263cb90_1164 .array/port v0xb470e263cb90, 1164;
E_0xb470e2641e60/292 .event anyedge, v0xb470e263cb90_1161, v0xb470e263cb90_1162, v0xb470e263cb90_1163, v0xb470e263cb90_1164;
v0xb470e263cb90_1165 .array/port v0xb470e263cb90, 1165;
v0xb470e263cb90_1166 .array/port v0xb470e263cb90, 1166;
v0xb470e263cb90_1167 .array/port v0xb470e263cb90, 1167;
v0xb470e263cb90_1168 .array/port v0xb470e263cb90, 1168;
E_0xb470e2641e60/293 .event anyedge, v0xb470e263cb90_1165, v0xb470e263cb90_1166, v0xb470e263cb90_1167, v0xb470e263cb90_1168;
v0xb470e263cb90_1169 .array/port v0xb470e263cb90, 1169;
v0xb470e263cb90_1170 .array/port v0xb470e263cb90, 1170;
v0xb470e263cb90_1171 .array/port v0xb470e263cb90, 1171;
v0xb470e263cb90_1172 .array/port v0xb470e263cb90, 1172;
E_0xb470e2641e60/294 .event anyedge, v0xb470e263cb90_1169, v0xb470e263cb90_1170, v0xb470e263cb90_1171, v0xb470e263cb90_1172;
v0xb470e263cb90_1173 .array/port v0xb470e263cb90, 1173;
v0xb470e263cb90_1174 .array/port v0xb470e263cb90, 1174;
v0xb470e263cb90_1175 .array/port v0xb470e263cb90, 1175;
v0xb470e263cb90_1176 .array/port v0xb470e263cb90, 1176;
E_0xb470e2641e60/295 .event anyedge, v0xb470e263cb90_1173, v0xb470e263cb90_1174, v0xb470e263cb90_1175, v0xb470e263cb90_1176;
v0xb470e263cb90_1177 .array/port v0xb470e263cb90, 1177;
v0xb470e263cb90_1178 .array/port v0xb470e263cb90, 1178;
v0xb470e263cb90_1179 .array/port v0xb470e263cb90, 1179;
v0xb470e263cb90_1180 .array/port v0xb470e263cb90, 1180;
E_0xb470e2641e60/296 .event anyedge, v0xb470e263cb90_1177, v0xb470e263cb90_1178, v0xb470e263cb90_1179, v0xb470e263cb90_1180;
v0xb470e263cb90_1181 .array/port v0xb470e263cb90, 1181;
v0xb470e263cb90_1182 .array/port v0xb470e263cb90, 1182;
v0xb470e263cb90_1183 .array/port v0xb470e263cb90, 1183;
v0xb470e263cb90_1184 .array/port v0xb470e263cb90, 1184;
E_0xb470e2641e60/297 .event anyedge, v0xb470e263cb90_1181, v0xb470e263cb90_1182, v0xb470e263cb90_1183, v0xb470e263cb90_1184;
v0xb470e263cb90_1185 .array/port v0xb470e263cb90, 1185;
v0xb470e263cb90_1186 .array/port v0xb470e263cb90, 1186;
v0xb470e263cb90_1187 .array/port v0xb470e263cb90, 1187;
v0xb470e263cb90_1188 .array/port v0xb470e263cb90, 1188;
E_0xb470e2641e60/298 .event anyedge, v0xb470e263cb90_1185, v0xb470e263cb90_1186, v0xb470e263cb90_1187, v0xb470e263cb90_1188;
v0xb470e263cb90_1189 .array/port v0xb470e263cb90, 1189;
v0xb470e263cb90_1190 .array/port v0xb470e263cb90, 1190;
v0xb470e263cb90_1191 .array/port v0xb470e263cb90, 1191;
v0xb470e263cb90_1192 .array/port v0xb470e263cb90, 1192;
E_0xb470e2641e60/299 .event anyedge, v0xb470e263cb90_1189, v0xb470e263cb90_1190, v0xb470e263cb90_1191, v0xb470e263cb90_1192;
v0xb470e263cb90_1193 .array/port v0xb470e263cb90, 1193;
v0xb470e263cb90_1194 .array/port v0xb470e263cb90, 1194;
v0xb470e263cb90_1195 .array/port v0xb470e263cb90, 1195;
v0xb470e263cb90_1196 .array/port v0xb470e263cb90, 1196;
E_0xb470e2641e60/300 .event anyedge, v0xb470e263cb90_1193, v0xb470e263cb90_1194, v0xb470e263cb90_1195, v0xb470e263cb90_1196;
v0xb470e263cb90_1197 .array/port v0xb470e263cb90, 1197;
v0xb470e263cb90_1198 .array/port v0xb470e263cb90, 1198;
v0xb470e263cb90_1199 .array/port v0xb470e263cb90, 1199;
v0xb470e263cb90_1200 .array/port v0xb470e263cb90, 1200;
E_0xb470e2641e60/301 .event anyedge, v0xb470e263cb90_1197, v0xb470e263cb90_1198, v0xb470e263cb90_1199, v0xb470e263cb90_1200;
v0xb470e263cb90_1201 .array/port v0xb470e263cb90, 1201;
v0xb470e263cb90_1202 .array/port v0xb470e263cb90, 1202;
v0xb470e263cb90_1203 .array/port v0xb470e263cb90, 1203;
v0xb470e263cb90_1204 .array/port v0xb470e263cb90, 1204;
E_0xb470e2641e60/302 .event anyedge, v0xb470e263cb90_1201, v0xb470e263cb90_1202, v0xb470e263cb90_1203, v0xb470e263cb90_1204;
v0xb470e263cb90_1205 .array/port v0xb470e263cb90, 1205;
v0xb470e263cb90_1206 .array/port v0xb470e263cb90, 1206;
v0xb470e263cb90_1207 .array/port v0xb470e263cb90, 1207;
v0xb470e263cb90_1208 .array/port v0xb470e263cb90, 1208;
E_0xb470e2641e60/303 .event anyedge, v0xb470e263cb90_1205, v0xb470e263cb90_1206, v0xb470e263cb90_1207, v0xb470e263cb90_1208;
v0xb470e263cb90_1209 .array/port v0xb470e263cb90, 1209;
v0xb470e263cb90_1210 .array/port v0xb470e263cb90, 1210;
v0xb470e263cb90_1211 .array/port v0xb470e263cb90, 1211;
v0xb470e263cb90_1212 .array/port v0xb470e263cb90, 1212;
E_0xb470e2641e60/304 .event anyedge, v0xb470e263cb90_1209, v0xb470e263cb90_1210, v0xb470e263cb90_1211, v0xb470e263cb90_1212;
v0xb470e263cb90_1213 .array/port v0xb470e263cb90, 1213;
v0xb470e263cb90_1214 .array/port v0xb470e263cb90, 1214;
v0xb470e263cb90_1215 .array/port v0xb470e263cb90, 1215;
v0xb470e263cb90_1216 .array/port v0xb470e263cb90, 1216;
E_0xb470e2641e60/305 .event anyedge, v0xb470e263cb90_1213, v0xb470e263cb90_1214, v0xb470e263cb90_1215, v0xb470e263cb90_1216;
v0xb470e263cb90_1217 .array/port v0xb470e263cb90, 1217;
v0xb470e263cb90_1218 .array/port v0xb470e263cb90, 1218;
v0xb470e263cb90_1219 .array/port v0xb470e263cb90, 1219;
v0xb470e263cb90_1220 .array/port v0xb470e263cb90, 1220;
E_0xb470e2641e60/306 .event anyedge, v0xb470e263cb90_1217, v0xb470e263cb90_1218, v0xb470e263cb90_1219, v0xb470e263cb90_1220;
v0xb470e263cb90_1221 .array/port v0xb470e263cb90, 1221;
v0xb470e263cb90_1222 .array/port v0xb470e263cb90, 1222;
v0xb470e263cb90_1223 .array/port v0xb470e263cb90, 1223;
v0xb470e263cb90_1224 .array/port v0xb470e263cb90, 1224;
E_0xb470e2641e60/307 .event anyedge, v0xb470e263cb90_1221, v0xb470e263cb90_1222, v0xb470e263cb90_1223, v0xb470e263cb90_1224;
v0xb470e263cb90_1225 .array/port v0xb470e263cb90, 1225;
v0xb470e263cb90_1226 .array/port v0xb470e263cb90, 1226;
v0xb470e263cb90_1227 .array/port v0xb470e263cb90, 1227;
v0xb470e263cb90_1228 .array/port v0xb470e263cb90, 1228;
E_0xb470e2641e60/308 .event anyedge, v0xb470e263cb90_1225, v0xb470e263cb90_1226, v0xb470e263cb90_1227, v0xb470e263cb90_1228;
v0xb470e263cb90_1229 .array/port v0xb470e263cb90, 1229;
v0xb470e263cb90_1230 .array/port v0xb470e263cb90, 1230;
v0xb470e263cb90_1231 .array/port v0xb470e263cb90, 1231;
v0xb470e263cb90_1232 .array/port v0xb470e263cb90, 1232;
E_0xb470e2641e60/309 .event anyedge, v0xb470e263cb90_1229, v0xb470e263cb90_1230, v0xb470e263cb90_1231, v0xb470e263cb90_1232;
v0xb470e263cb90_1233 .array/port v0xb470e263cb90, 1233;
v0xb470e263cb90_1234 .array/port v0xb470e263cb90, 1234;
v0xb470e263cb90_1235 .array/port v0xb470e263cb90, 1235;
v0xb470e263cb90_1236 .array/port v0xb470e263cb90, 1236;
E_0xb470e2641e60/310 .event anyedge, v0xb470e263cb90_1233, v0xb470e263cb90_1234, v0xb470e263cb90_1235, v0xb470e263cb90_1236;
v0xb470e263cb90_1237 .array/port v0xb470e263cb90, 1237;
v0xb470e263cb90_1238 .array/port v0xb470e263cb90, 1238;
v0xb470e263cb90_1239 .array/port v0xb470e263cb90, 1239;
v0xb470e263cb90_1240 .array/port v0xb470e263cb90, 1240;
E_0xb470e2641e60/311 .event anyedge, v0xb470e263cb90_1237, v0xb470e263cb90_1238, v0xb470e263cb90_1239, v0xb470e263cb90_1240;
v0xb470e263cb90_1241 .array/port v0xb470e263cb90, 1241;
v0xb470e263cb90_1242 .array/port v0xb470e263cb90, 1242;
v0xb470e263cb90_1243 .array/port v0xb470e263cb90, 1243;
v0xb470e263cb90_1244 .array/port v0xb470e263cb90, 1244;
E_0xb470e2641e60/312 .event anyedge, v0xb470e263cb90_1241, v0xb470e263cb90_1242, v0xb470e263cb90_1243, v0xb470e263cb90_1244;
v0xb470e263cb90_1245 .array/port v0xb470e263cb90, 1245;
v0xb470e263cb90_1246 .array/port v0xb470e263cb90, 1246;
v0xb470e263cb90_1247 .array/port v0xb470e263cb90, 1247;
v0xb470e263cb90_1248 .array/port v0xb470e263cb90, 1248;
E_0xb470e2641e60/313 .event anyedge, v0xb470e263cb90_1245, v0xb470e263cb90_1246, v0xb470e263cb90_1247, v0xb470e263cb90_1248;
v0xb470e263cb90_1249 .array/port v0xb470e263cb90, 1249;
v0xb470e263cb90_1250 .array/port v0xb470e263cb90, 1250;
v0xb470e263cb90_1251 .array/port v0xb470e263cb90, 1251;
v0xb470e263cb90_1252 .array/port v0xb470e263cb90, 1252;
E_0xb470e2641e60/314 .event anyedge, v0xb470e263cb90_1249, v0xb470e263cb90_1250, v0xb470e263cb90_1251, v0xb470e263cb90_1252;
v0xb470e263cb90_1253 .array/port v0xb470e263cb90, 1253;
v0xb470e263cb90_1254 .array/port v0xb470e263cb90, 1254;
v0xb470e263cb90_1255 .array/port v0xb470e263cb90, 1255;
v0xb470e263cb90_1256 .array/port v0xb470e263cb90, 1256;
E_0xb470e2641e60/315 .event anyedge, v0xb470e263cb90_1253, v0xb470e263cb90_1254, v0xb470e263cb90_1255, v0xb470e263cb90_1256;
v0xb470e263cb90_1257 .array/port v0xb470e263cb90, 1257;
v0xb470e263cb90_1258 .array/port v0xb470e263cb90, 1258;
v0xb470e263cb90_1259 .array/port v0xb470e263cb90, 1259;
v0xb470e263cb90_1260 .array/port v0xb470e263cb90, 1260;
E_0xb470e2641e60/316 .event anyedge, v0xb470e263cb90_1257, v0xb470e263cb90_1258, v0xb470e263cb90_1259, v0xb470e263cb90_1260;
v0xb470e263cb90_1261 .array/port v0xb470e263cb90, 1261;
v0xb470e263cb90_1262 .array/port v0xb470e263cb90, 1262;
v0xb470e263cb90_1263 .array/port v0xb470e263cb90, 1263;
v0xb470e263cb90_1264 .array/port v0xb470e263cb90, 1264;
E_0xb470e2641e60/317 .event anyedge, v0xb470e263cb90_1261, v0xb470e263cb90_1262, v0xb470e263cb90_1263, v0xb470e263cb90_1264;
v0xb470e263cb90_1265 .array/port v0xb470e263cb90, 1265;
v0xb470e263cb90_1266 .array/port v0xb470e263cb90, 1266;
v0xb470e263cb90_1267 .array/port v0xb470e263cb90, 1267;
v0xb470e263cb90_1268 .array/port v0xb470e263cb90, 1268;
E_0xb470e2641e60/318 .event anyedge, v0xb470e263cb90_1265, v0xb470e263cb90_1266, v0xb470e263cb90_1267, v0xb470e263cb90_1268;
v0xb470e263cb90_1269 .array/port v0xb470e263cb90, 1269;
v0xb470e263cb90_1270 .array/port v0xb470e263cb90, 1270;
v0xb470e263cb90_1271 .array/port v0xb470e263cb90, 1271;
v0xb470e263cb90_1272 .array/port v0xb470e263cb90, 1272;
E_0xb470e2641e60/319 .event anyedge, v0xb470e263cb90_1269, v0xb470e263cb90_1270, v0xb470e263cb90_1271, v0xb470e263cb90_1272;
v0xb470e263cb90_1273 .array/port v0xb470e263cb90, 1273;
v0xb470e263cb90_1274 .array/port v0xb470e263cb90, 1274;
v0xb470e263cb90_1275 .array/port v0xb470e263cb90, 1275;
v0xb470e263cb90_1276 .array/port v0xb470e263cb90, 1276;
E_0xb470e2641e60/320 .event anyedge, v0xb470e263cb90_1273, v0xb470e263cb90_1274, v0xb470e263cb90_1275, v0xb470e263cb90_1276;
v0xb470e263cb90_1277 .array/port v0xb470e263cb90, 1277;
v0xb470e263cb90_1278 .array/port v0xb470e263cb90, 1278;
v0xb470e263cb90_1279 .array/port v0xb470e263cb90, 1279;
v0xb470e263cb90_1280 .array/port v0xb470e263cb90, 1280;
E_0xb470e2641e60/321 .event anyedge, v0xb470e263cb90_1277, v0xb470e263cb90_1278, v0xb470e263cb90_1279, v0xb470e263cb90_1280;
v0xb470e263cb90_1281 .array/port v0xb470e263cb90, 1281;
v0xb470e263cb90_1282 .array/port v0xb470e263cb90, 1282;
v0xb470e263cb90_1283 .array/port v0xb470e263cb90, 1283;
v0xb470e263cb90_1284 .array/port v0xb470e263cb90, 1284;
E_0xb470e2641e60/322 .event anyedge, v0xb470e263cb90_1281, v0xb470e263cb90_1282, v0xb470e263cb90_1283, v0xb470e263cb90_1284;
v0xb470e263cb90_1285 .array/port v0xb470e263cb90, 1285;
v0xb470e263cb90_1286 .array/port v0xb470e263cb90, 1286;
v0xb470e263cb90_1287 .array/port v0xb470e263cb90, 1287;
v0xb470e263cb90_1288 .array/port v0xb470e263cb90, 1288;
E_0xb470e2641e60/323 .event anyedge, v0xb470e263cb90_1285, v0xb470e263cb90_1286, v0xb470e263cb90_1287, v0xb470e263cb90_1288;
v0xb470e263cb90_1289 .array/port v0xb470e263cb90, 1289;
v0xb470e263cb90_1290 .array/port v0xb470e263cb90, 1290;
v0xb470e263cb90_1291 .array/port v0xb470e263cb90, 1291;
v0xb470e263cb90_1292 .array/port v0xb470e263cb90, 1292;
E_0xb470e2641e60/324 .event anyedge, v0xb470e263cb90_1289, v0xb470e263cb90_1290, v0xb470e263cb90_1291, v0xb470e263cb90_1292;
v0xb470e263cb90_1293 .array/port v0xb470e263cb90, 1293;
v0xb470e263cb90_1294 .array/port v0xb470e263cb90, 1294;
v0xb470e263cb90_1295 .array/port v0xb470e263cb90, 1295;
v0xb470e263cb90_1296 .array/port v0xb470e263cb90, 1296;
E_0xb470e2641e60/325 .event anyedge, v0xb470e263cb90_1293, v0xb470e263cb90_1294, v0xb470e263cb90_1295, v0xb470e263cb90_1296;
v0xb470e263cb90_1297 .array/port v0xb470e263cb90, 1297;
v0xb470e263cb90_1298 .array/port v0xb470e263cb90, 1298;
v0xb470e263cb90_1299 .array/port v0xb470e263cb90, 1299;
v0xb470e263cb90_1300 .array/port v0xb470e263cb90, 1300;
E_0xb470e2641e60/326 .event anyedge, v0xb470e263cb90_1297, v0xb470e263cb90_1298, v0xb470e263cb90_1299, v0xb470e263cb90_1300;
v0xb470e263cb90_1301 .array/port v0xb470e263cb90, 1301;
v0xb470e263cb90_1302 .array/port v0xb470e263cb90, 1302;
v0xb470e263cb90_1303 .array/port v0xb470e263cb90, 1303;
v0xb470e263cb90_1304 .array/port v0xb470e263cb90, 1304;
E_0xb470e2641e60/327 .event anyedge, v0xb470e263cb90_1301, v0xb470e263cb90_1302, v0xb470e263cb90_1303, v0xb470e263cb90_1304;
v0xb470e263cb90_1305 .array/port v0xb470e263cb90, 1305;
v0xb470e263cb90_1306 .array/port v0xb470e263cb90, 1306;
v0xb470e263cb90_1307 .array/port v0xb470e263cb90, 1307;
v0xb470e263cb90_1308 .array/port v0xb470e263cb90, 1308;
E_0xb470e2641e60/328 .event anyedge, v0xb470e263cb90_1305, v0xb470e263cb90_1306, v0xb470e263cb90_1307, v0xb470e263cb90_1308;
v0xb470e263cb90_1309 .array/port v0xb470e263cb90, 1309;
v0xb470e263cb90_1310 .array/port v0xb470e263cb90, 1310;
v0xb470e263cb90_1311 .array/port v0xb470e263cb90, 1311;
v0xb470e263cb90_1312 .array/port v0xb470e263cb90, 1312;
E_0xb470e2641e60/329 .event anyedge, v0xb470e263cb90_1309, v0xb470e263cb90_1310, v0xb470e263cb90_1311, v0xb470e263cb90_1312;
v0xb470e263cb90_1313 .array/port v0xb470e263cb90, 1313;
v0xb470e263cb90_1314 .array/port v0xb470e263cb90, 1314;
v0xb470e263cb90_1315 .array/port v0xb470e263cb90, 1315;
v0xb470e263cb90_1316 .array/port v0xb470e263cb90, 1316;
E_0xb470e2641e60/330 .event anyedge, v0xb470e263cb90_1313, v0xb470e263cb90_1314, v0xb470e263cb90_1315, v0xb470e263cb90_1316;
v0xb470e263cb90_1317 .array/port v0xb470e263cb90, 1317;
v0xb470e263cb90_1318 .array/port v0xb470e263cb90, 1318;
v0xb470e263cb90_1319 .array/port v0xb470e263cb90, 1319;
v0xb470e263cb90_1320 .array/port v0xb470e263cb90, 1320;
E_0xb470e2641e60/331 .event anyedge, v0xb470e263cb90_1317, v0xb470e263cb90_1318, v0xb470e263cb90_1319, v0xb470e263cb90_1320;
v0xb470e263cb90_1321 .array/port v0xb470e263cb90, 1321;
v0xb470e263cb90_1322 .array/port v0xb470e263cb90, 1322;
v0xb470e263cb90_1323 .array/port v0xb470e263cb90, 1323;
v0xb470e263cb90_1324 .array/port v0xb470e263cb90, 1324;
E_0xb470e2641e60/332 .event anyedge, v0xb470e263cb90_1321, v0xb470e263cb90_1322, v0xb470e263cb90_1323, v0xb470e263cb90_1324;
v0xb470e263cb90_1325 .array/port v0xb470e263cb90, 1325;
v0xb470e263cb90_1326 .array/port v0xb470e263cb90, 1326;
v0xb470e263cb90_1327 .array/port v0xb470e263cb90, 1327;
v0xb470e263cb90_1328 .array/port v0xb470e263cb90, 1328;
E_0xb470e2641e60/333 .event anyedge, v0xb470e263cb90_1325, v0xb470e263cb90_1326, v0xb470e263cb90_1327, v0xb470e263cb90_1328;
v0xb470e263cb90_1329 .array/port v0xb470e263cb90, 1329;
v0xb470e263cb90_1330 .array/port v0xb470e263cb90, 1330;
v0xb470e263cb90_1331 .array/port v0xb470e263cb90, 1331;
v0xb470e263cb90_1332 .array/port v0xb470e263cb90, 1332;
E_0xb470e2641e60/334 .event anyedge, v0xb470e263cb90_1329, v0xb470e263cb90_1330, v0xb470e263cb90_1331, v0xb470e263cb90_1332;
v0xb470e263cb90_1333 .array/port v0xb470e263cb90, 1333;
v0xb470e263cb90_1334 .array/port v0xb470e263cb90, 1334;
v0xb470e263cb90_1335 .array/port v0xb470e263cb90, 1335;
v0xb470e263cb90_1336 .array/port v0xb470e263cb90, 1336;
E_0xb470e2641e60/335 .event anyedge, v0xb470e263cb90_1333, v0xb470e263cb90_1334, v0xb470e263cb90_1335, v0xb470e263cb90_1336;
v0xb470e263cb90_1337 .array/port v0xb470e263cb90, 1337;
v0xb470e263cb90_1338 .array/port v0xb470e263cb90, 1338;
v0xb470e263cb90_1339 .array/port v0xb470e263cb90, 1339;
v0xb470e263cb90_1340 .array/port v0xb470e263cb90, 1340;
E_0xb470e2641e60/336 .event anyedge, v0xb470e263cb90_1337, v0xb470e263cb90_1338, v0xb470e263cb90_1339, v0xb470e263cb90_1340;
v0xb470e263cb90_1341 .array/port v0xb470e263cb90, 1341;
v0xb470e263cb90_1342 .array/port v0xb470e263cb90, 1342;
v0xb470e263cb90_1343 .array/port v0xb470e263cb90, 1343;
v0xb470e263cb90_1344 .array/port v0xb470e263cb90, 1344;
E_0xb470e2641e60/337 .event anyedge, v0xb470e263cb90_1341, v0xb470e263cb90_1342, v0xb470e263cb90_1343, v0xb470e263cb90_1344;
v0xb470e263cb90_1345 .array/port v0xb470e263cb90, 1345;
v0xb470e263cb90_1346 .array/port v0xb470e263cb90, 1346;
v0xb470e263cb90_1347 .array/port v0xb470e263cb90, 1347;
v0xb470e263cb90_1348 .array/port v0xb470e263cb90, 1348;
E_0xb470e2641e60/338 .event anyedge, v0xb470e263cb90_1345, v0xb470e263cb90_1346, v0xb470e263cb90_1347, v0xb470e263cb90_1348;
v0xb470e263cb90_1349 .array/port v0xb470e263cb90, 1349;
v0xb470e263cb90_1350 .array/port v0xb470e263cb90, 1350;
v0xb470e263cb90_1351 .array/port v0xb470e263cb90, 1351;
v0xb470e263cb90_1352 .array/port v0xb470e263cb90, 1352;
E_0xb470e2641e60/339 .event anyedge, v0xb470e263cb90_1349, v0xb470e263cb90_1350, v0xb470e263cb90_1351, v0xb470e263cb90_1352;
v0xb470e263cb90_1353 .array/port v0xb470e263cb90, 1353;
v0xb470e263cb90_1354 .array/port v0xb470e263cb90, 1354;
v0xb470e263cb90_1355 .array/port v0xb470e263cb90, 1355;
v0xb470e263cb90_1356 .array/port v0xb470e263cb90, 1356;
E_0xb470e2641e60/340 .event anyedge, v0xb470e263cb90_1353, v0xb470e263cb90_1354, v0xb470e263cb90_1355, v0xb470e263cb90_1356;
v0xb470e263cb90_1357 .array/port v0xb470e263cb90, 1357;
v0xb470e263cb90_1358 .array/port v0xb470e263cb90, 1358;
v0xb470e263cb90_1359 .array/port v0xb470e263cb90, 1359;
v0xb470e263cb90_1360 .array/port v0xb470e263cb90, 1360;
E_0xb470e2641e60/341 .event anyedge, v0xb470e263cb90_1357, v0xb470e263cb90_1358, v0xb470e263cb90_1359, v0xb470e263cb90_1360;
v0xb470e263cb90_1361 .array/port v0xb470e263cb90, 1361;
v0xb470e263cb90_1362 .array/port v0xb470e263cb90, 1362;
v0xb470e263cb90_1363 .array/port v0xb470e263cb90, 1363;
v0xb470e263cb90_1364 .array/port v0xb470e263cb90, 1364;
E_0xb470e2641e60/342 .event anyedge, v0xb470e263cb90_1361, v0xb470e263cb90_1362, v0xb470e263cb90_1363, v0xb470e263cb90_1364;
v0xb470e263cb90_1365 .array/port v0xb470e263cb90, 1365;
v0xb470e263cb90_1366 .array/port v0xb470e263cb90, 1366;
v0xb470e263cb90_1367 .array/port v0xb470e263cb90, 1367;
v0xb470e263cb90_1368 .array/port v0xb470e263cb90, 1368;
E_0xb470e2641e60/343 .event anyedge, v0xb470e263cb90_1365, v0xb470e263cb90_1366, v0xb470e263cb90_1367, v0xb470e263cb90_1368;
v0xb470e263cb90_1369 .array/port v0xb470e263cb90, 1369;
v0xb470e263cb90_1370 .array/port v0xb470e263cb90, 1370;
v0xb470e263cb90_1371 .array/port v0xb470e263cb90, 1371;
v0xb470e263cb90_1372 .array/port v0xb470e263cb90, 1372;
E_0xb470e2641e60/344 .event anyedge, v0xb470e263cb90_1369, v0xb470e263cb90_1370, v0xb470e263cb90_1371, v0xb470e263cb90_1372;
v0xb470e263cb90_1373 .array/port v0xb470e263cb90, 1373;
v0xb470e263cb90_1374 .array/port v0xb470e263cb90, 1374;
v0xb470e263cb90_1375 .array/port v0xb470e263cb90, 1375;
v0xb470e263cb90_1376 .array/port v0xb470e263cb90, 1376;
E_0xb470e2641e60/345 .event anyedge, v0xb470e263cb90_1373, v0xb470e263cb90_1374, v0xb470e263cb90_1375, v0xb470e263cb90_1376;
v0xb470e263cb90_1377 .array/port v0xb470e263cb90, 1377;
v0xb470e263cb90_1378 .array/port v0xb470e263cb90, 1378;
v0xb470e263cb90_1379 .array/port v0xb470e263cb90, 1379;
v0xb470e263cb90_1380 .array/port v0xb470e263cb90, 1380;
E_0xb470e2641e60/346 .event anyedge, v0xb470e263cb90_1377, v0xb470e263cb90_1378, v0xb470e263cb90_1379, v0xb470e263cb90_1380;
v0xb470e263cb90_1381 .array/port v0xb470e263cb90, 1381;
v0xb470e263cb90_1382 .array/port v0xb470e263cb90, 1382;
v0xb470e263cb90_1383 .array/port v0xb470e263cb90, 1383;
v0xb470e263cb90_1384 .array/port v0xb470e263cb90, 1384;
E_0xb470e2641e60/347 .event anyedge, v0xb470e263cb90_1381, v0xb470e263cb90_1382, v0xb470e263cb90_1383, v0xb470e263cb90_1384;
v0xb470e263cb90_1385 .array/port v0xb470e263cb90, 1385;
v0xb470e263cb90_1386 .array/port v0xb470e263cb90, 1386;
v0xb470e263cb90_1387 .array/port v0xb470e263cb90, 1387;
v0xb470e263cb90_1388 .array/port v0xb470e263cb90, 1388;
E_0xb470e2641e60/348 .event anyedge, v0xb470e263cb90_1385, v0xb470e263cb90_1386, v0xb470e263cb90_1387, v0xb470e263cb90_1388;
v0xb470e263cb90_1389 .array/port v0xb470e263cb90, 1389;
v0xb470e263cb90_1390 .array/port v0xb470e263cb90, 1390;
v0xb470e263cb90_1391 .array/port v0xb470e263cb90, 1391;
v0xb470e263cb90_1392 .array/port v0xb470e263cb90, 1392;
E_0xb470e2641e60/349 .event anyedge, v0xb470e263cb90_1389, v0xb470e263cb90_1390, v0xb470e263cb90_1391, v0xb470e263cb90_1392;
v0xb470e263cb90_1393 .array/port v0xb470e263cb90, 1393;
v0xb470e263cb90_1394 .array/port v0xb470e263cb90, 1394;
v0xb470e263cb90_1395 .array/port v0xb470e263cb90, 1395;
v0xb470e263cb90_1396 .array/port v0xb470e263cb90, 1396;
E_0xb470e2641e60/350 .event anyedge, v0xb470e263cb90_1393, v0xb470e263cb90_1394, v0xb470e263cb90_1395, v0xb470e263cb90_1396;
v0xb470e263cb90_1397 .array/port v0xb470e263cb90, 1397;
v0xb470e263cb90_1398 .array/port v0xb470e263cb90, 1398;
v0xb470e263cb90_1399 .array/port v0xb470e263cb90, 1399;
v0xb470e263cb90_1400 .array/port v0xb470e263cb90, 1400;
E_0xb470e2641e60/351 .event anyedge, v0xb470e263cb90_1397, v0xb470e263cb90_1398, v0xb470e263cb90_1399, v0xb470e263cb90_1400;
v0xb470e263cb90_1401 .array/port v0xb470e263cb90, 1401;
v0xb470e263cb90_1402 .array/port v0xb470e263cb90, 1402;
v0xb470e263cb90_1403 .array/port v0xb470e263cb90, 1403;
v0xb470e263cb90_1404 .array/port v0xb470e263cb90, 1404;
E_0xb470e2641e60/352 .event anyedge, v0xb470e263cb90_1401, v0xb470e263cb90_1402, v0xb470e263cb90_1403, v0xb470e263cb90_1404;
v0xb470e263cb90_1405 .array/port v0xb470e263cb90, 1405;
v0xb470e263cb90_1406 .array/port v0xb470e263cb90, 1406;
v0xb470e263cb90_1407 .array/port v0xb470e263cb90, 1407;
v0xb470e263cb90_1408 .array/port v0xb470e263cb90, 1408;
E_0xb470e2641e60/353 .event anyedge, v0xb470e263cb90_1405, v0xb470e263cb90_1406, v0xb470e263cb90_1407, v0xb470e263cb90_1408;
v0xb470e263cb90_1409 .array/port v0xb470e263cb90, 1409;
v0xb470e263cb90_1410 .array/port v0xb470e263cb90, 1410;
v0xb470e263cb90_1411 .array/port v0xb470e263cb90, 1411;
v0xb470e263cb90_1412 .array/port v0xb470e263cb90, 1412;
E_0xb470e2641e60/354 .event anyedge, v0xb470e263cb90_1409, v0xb470e263cb90_1410, v0xb470e263cb90_1411, v0xb470e263cb90_1412;
v0xb470e263cb90_1413 .array/port v0xb470e263cb90, 1413;
v0xb470e263cb90_1414 .array/port v0xb470e263cb90, 1414;
v0xb470e263cb90_1415 .array/port v0xb470e263cb90, 1415;
v0xb470e263cb90_1416 .array/port v0xb470e263cb90, 1416;
E_0xb470e2641e60/355 .event anyedge, v0xb470e263cb90_1413, v0xb470e263cb90_1414, v0xb470e263cb90_1415, v0xb470e263cb90_1416;
v0xb470e263cb90_1417 .array/port v0xb470e263cb90, 1417;
v0xb470e263cb90_1418 .array/port v0xb470e263cb90, 1418;
v0xb470e263cb90_1419 .array/port v0xb470e263cb90, 1419;
v0xb470e263cb90_1420 .array/port v0xb470e263cb90, 1420;
E_0xb470e2641e60/356 .event anyedge, v0xb470e263cb90_1417, v0xb470e263cb90_1418, v0xb470e263cb90_1419, v0xb470e263cb90_1420;
v0xb470e263cb90_1421 .array/port v0xb470e263cb90, 1421;
v0xb470e263cb90_1422 .array/port v0xb470e263cb90, 1422;
v0xb470e263cb90_1423 .array/port v0xb470e263cb90, 1423;
v0xb470e263cb90_1424 .array/port v0xb470e263cb90, 1424;
E_0xb470e2641e60/357 .event anyedge, v0xb470e263cb90_1421, v0xb470e263cb90_1422, v0xb470e263cb90_1423, v0xb470e263cb90_1424;
v0xb470e263cb90_1425 .array/port v0xb470e263cb90, 1425;
v0xb470e263cb90_1426 .array/port v0xb470e263cb90, 1426;
v0xb470e263cb90_1427 .array/port v0xb470e263cb90, 1427;
v0xb470e263cb90_1428 .array/port v0xb470e263cb90, 1428;
E_0xb470e2641e60/358 .event anyedge, v0xb470e263cb90_1425, v0xb470e263cb90_1426, v0xb470e263cb90_1427, v0xb470e263cb90_1428;
v0xb470e263cb90_1429 .array/port v0xb470e263cb90, 1429;
v0xb470e263cb90_1430 .array/port v0xb470e263cb90, 1430;
v0xb470e263cb90_1431 .array/port v0xb470e263cb90, 1431;
v0xb470e263cb90_1432 .array/port v0xb470e263cb90, 1432;
E_0xb470e2641e60/359 .event anyedge, v0xb470e263cb90_1429, v0xb470e263cb90_1430, v0xb470e263cb90_1431, v0xb470e263cb90_1432;
v0xb470e263cb90_1433 .array/port v0xb470e263cb90, 1433;
v0xb470e263cb90_1434 .array/port v0xb470e263cb90, 1434;
v0xb470e263cb90_1435 .array/port v0xb470e263cb90, 1435;
v0xb470e263cb90_1436 .array/port v0xb470e263cb90, 1436;
E_0xb470e2641e60/360 .event anyedge, v0xb470e263cb90_1433, v0xb470e263cb90_1434, v0xb470e263cb90_1435, v0xb470e263cb90_1436;
v0xb470e263cb90_1437 .array/port v0xb470e263cb90, 1437;
v0xb470e263cb90_1438 .array/port v0xb470e263cb90, 1438;
v0xb470e263cb90_1439 .array/port v0xb470e263cb90, 1439;
v0xb470e263cb90_1440 .array/port v0xb470e263cb90, 1440;
E_0xb470e2641e60/361 .event anyedge, v0xb470e263cb90_1437, v0xb470e263cb90_1438, v0xb470e263cb90_1439, v0xb470e263cb90_1440;
v0xb470e263cb90_1441 .array/port v0xb470e263cb90, 1441;
v0xb470e263cb90_1442 .array/port v0xb470e263cb90, 1442;
v0xb470e263cb90_1443 .array/port v0xb470e263cb90, 1443;
v0xb470e263cb90_1444 .array/port v0xb470e263cb90, 1444;
E_0xb470e2641e60/362 .event anyedge, v0xb470e263cb90_1441, v0xb470e263cb90_1442, v0xb470e263cb90_1443, v0xb470e263cb90_1444;
v0xb470e263cb90_1445 .array/port v0xb470e263cb90, 1445;
v0xb470e263cb90_1446 .array/port v0xb470e263cb90, 1446;
v0xb470e263cb90_1447 .array/port v0xb470e263cb90, 1447;
v0xb470e263cb90_1448 .array/port v0xb470e263cb90, 1448;
E_0xb470e2641e60/363 .event anyedge, v0xb470e263cb90_1445, v0xb470e263cb90_1446, v0xb470e263cb90_1447, v0xb470e263cb90_1448;
v0xb470e263cb90_1449 .array/port v0xb470e263cb90, 1449;
v0xb470e263cb90_1450 .array/port v0xb470e263cb90, 1450;
v0xb470e263cb90_1451 .array/port v0xb470e263cb90, 1451;
v0xb470e263cb90_1452 .array/port v0xb470e263cb90, 1452;
E_0xb470e2641e60/364 .event anyedge, v0xb470e263cb90_1449, v0xb470e263cb90_1450, v0xb470e263cb90_1451, v0xb470e263cb90_1452;
v0xb470e263cb90_1453 .array/port v0xb470e263cb90, 1453;
v0xb470e263cb90_1454 .array/port v0xb470e263cb90, 1454;
v0xb470e263cb90_1455 .array/port v0xb470e263cb90, 1455;
v0xb470e263cb90_1456 .array/port v0xb470e263cb90, 1456;
E_0xb470e2641e60/365 .event anyedge, v0xb470e263cb90_1453, v0xb470e263cb90_1454, v0xb470e263cb90_1455, v0xb470e263cb90_1456;
v0xb470e263cb90_1457 .array/port v0xb470e263cb90, 1457;
v0xb470e263cb90_1458 .array/port v0xb470e263cb90, 1458;
v0xb470e263cb90_1459 .array/port v0xb470e263cb90, 1459;
v0xb470e263cb90_1460 .array/port v0xb470e263cb90, 1460;
E_0xb470e2641e60/366 .event anyedge, v0xb470e263cb90_1457, v0xb470e263cb90_1458, v0xb470e263cb90_1459, v0xb470e263cb90_1460;
v0xb470e263cb90_1461 .array/port v0xb470e263cb90, 1461;
v0xb470e263cb90_1462 .array/port v0xb470e263cb90, 1462;
v0xb470e263cb90_1463 .array/port v0xb470e263cb90, 1463;
v0xb470e263cb90_1464 .array/port v0xb470e263cb90, 1464;
E_0xb470e2641e60/367 .event anyedge, v0xb470e263cb90_1461, v0xb470e263cb90_1462, v0xb470e263cb90_1463, v0xb470e263cb90_1464;
v0xb470e263cb90_1465 .array/port v0xb470e263cb90, 1465;
v0xb470e263cb90_1466 .array/port v0xb470e263cb90, 1466;
v0xb470e263cb90_1467 .array/port v0xb470e263cb90, 1467;
v0xb470e263cb90_1468 .array/port v0xb470e263cb90, 1468;
E_0xb470e2641e60/368 .event anyedge, v0xb470e263cb90_1465, v0xb470e263cb90_1466, v0xb470e263cb90_1467, v0xb470e263cb90_1468;
v0xb470e263cb90_1469 .array/port v0xb470e263cb90, 1469;
v0xb470e263cb90_1470 .array/port v0xb470e263cb90, 1470;
v0xb470e263cb90_1471 .array/port v0xb470e263cb90, 1471;
v0xb470e263cb90_1472 .array/port v0xb470e263cb90, 1472;
E_0xb470e2641e60/369 .event anyedge, v0xb470e263cb90_1469, v0xb470e263cb90_1470, v0xb470e263cb90_1471, v0xb470e263cb90_1472;
v0xb470e263cb90_1473 .array/port v0xb470e263cb90, 1473;
v0xb470e263cb90_1474 .array/port v0xb470e263cb90, 1474;
v0xb470e263cb90_1475 .array/port v0xb470e263cb90, 1475;
v0xb470e263cb90_1476 .array/port v0xb470e263cb90, 1476;
E_0xb470e2641e60/370 .event anyedge, v0xb470e263cb90_1473, v0xb470e263cb90_1474, v0xb470e263cb90_1475, v0xb470e263cb90_1476;
v0xb470e263cb90_1477 .array/port v0xb470e263cb90, 1477;
v0xb470e263cb90_1478 .array/port v0xb470e263cb90, 1478;
v0xb470e263cb90_1479 .array/port v0xb470e263cb90, 1479;
v0xb470e263cb90_1480 .array/port v0xb470e263cb90, 1480;
E_0xb470e2641e60/371 .event anyedge, v0xb470e263cb90_1477, v0xb470e263cb90_1478, v0xb470e263cb90_1479, v0xb470e263cb90_1480;
v0xb470e263cb90_1481 .array/port v0xb470e263cb90, 1481;
v0xb470e263cb90_1482 .array/port v0xb470e263cb90, 1482;
v0xb470e263cb90_1483 .array/port v0xb470e263cb90, 1483;
v0xb470e263cb90_1484 .array/port v0xb470e263cb90, 1484;
E_0xb470e2641e60/372 .event anyedge, v0xb470e263cb90_1481, v0xb470e263cb90_1482, v0xb470e263cb90_1483, v0xb470e263cb90_1484;
v0xb470e263cb90_1485 .array/port v0xb470e263cb90, 1485;
v0xb470e263cb90_1486 .array/port v0xb470e263cb90, 1486;
v0xb470e263cb90_1487 .array/port v0xb470e263cb90, 1487;
v0xb470e263cb90_1488 .array/port v0xb470e263cb90, 1488;
E_0xb470e2641e60/373 .event anyedge, v0xb470e263cb90_1485, v0xb470e263cb90_1486, v0xb470e263cb90_1487, v0xb470e263cb90_1488;
v0xb470e263cb90_1489 .array/port v0xb470e263cb90, 1489;
v0xb470e263cb90_1490 .array/port v0xb470e263cb90, 1490;
v0xb470e263cb90_1491 .array/port v0xb470e263cb90, 1491;
v0xb470e263cb90_1492 .array/port v0xb470e263cb90, 1492;
E_0xb470e2641e60/374 .event anyedge, v0xb470e263cb90_1489, v0xb470e263cb90_1490, v0xb470e263cb90_1491, v0xb470e263cb90_1492;
v0xb470e263cb90_1493 .array/port v0xb470e263cb90, 1493;
v0xb470e263cb90_1494 .array/port v0xb470e263cb90, 1494;
v0xb470e263cb90_1495 .array/port v0xb470e263cb90, 1495;
v0xb470e263cb90_1496 .array/port v0xb470e263cb90, 1496;
E_0xb470e2641e60/375 .event anyedge, v0xb470e263cb90_1493, v0xb470e263cb90_1494, v0xb470e263cb90_1495, v0xb470e263cb90_1496;
v0xb470e263cb90_1497 .array/port v0xb470e263cb90, 1497;
v0xb470e263cb90_1498 .array/port v0xb470e263cb90, 1498;
v0xb470e263cb90_1499 .array/port v0xb470e263cb90, 1499;
v0xb470e263cb90_1500 .array/port v0xb470e263cb90, 1500;
E_0xb470e2641e60/376 .event anyedge, v0xb470e263cb90_1497, v0xb470e263cb90_1498, v0xb470e263cb90_1499, v0xb470e263cb90_1500;
v0xb470e263cb90_1501 .array/port v0xb470e263cb90, 1501;
v0xb470e263cb90_1502 .array/port v0xb470e263cb90, 1502;
v0xb470e263cb90_1503 .array/port v0xb470e263cb90, 1503;
v0xb470e263cb90_1504 .array/port v0xb470e263cb90, 1504;
E_0xb470e2641e60/377 .event anyedge, v0xb470e263cb90_1501, v0xb470e263cb90_1502, v0xb470e263cb90_1503, v0xb470e263cb90_1504;
v0xb470e263cb90_1505 .array/port v0xb470e263cb90, 1505;
v0xb470e263cb90_1506 .array/port v0xb470e263cb90, 1506;
v0xb470e263cb90_1507 .array/port v0xb470e263cb90, 1507;
v0xb470e263cb90_1508 .array/port v0xb470e263cb90, 1508;
E_0xb470e2641e60/378 .event anyedge, v0xb470e263cb90_1505, v0xb470e263cb90_1506, v0xb470e263cb90_1507, v0xb470e263cb90_1508;
v0xb470e263cb90_1509 .array/port v0xb470e263cb90, 1509;
v0xb470e263cb90_1510 .array/port v0xb470e263cb90, 1510;
v0xb470e263cb90_1511 .array/port v0xb470e263cb90, 1511;
v0xb470e263cb90_1512 .array/port v0xb470e263cb90, 1512;
E_0xb470e2641e60/379 .event anyedge, v0xb470e263cb90_1509, v0xb470e263cb90_1510, v0xb470e263cb90_1511, v0xb470e263cb90_1512;
v0xb470e263cb90_1513 .array/port v0xb470e263cb90, 1513;
v0xb470e263cb90_1514 .array/port v0xb470e263cb90, 1514;
v0xb470e263cb90_1515 .array/port v0xb470e263cb90, 1515;
v0xb470e263cb90_1516 .array/port v0xb470e263cb90, 1516;
E_0xb470e2641e60/380 .event anyedge, v0xb470e263cb90_1513, v0xb470e263cb90_1514, v0xb470e263cb90_1515, v0xb470e263cb90_1516;
v0xb470e263cb90_1517 .array/port v0xb470e263cb90, 1517;
v0xb470e263cb90_1518 .array/port v0xb470e263cb90, 1518;
v0xb470e263cb90_1519 .array/port v0xb470e263cb90, 1519;
v0xb470e263cb90_1520 .array/port v0xb470e263cb90, 1520;
E_0xb470e2641e60/381 .event anyedge, v0xb470e263cb90_1517, v0xb470e263cb90_1518, v0xb470e263cb90_1519, v0xb470e263cb90_1520;
v0xb470e263cb90_1521 .array/port v0xb470e263cb90, 1521;
v0xb470e263cb90_1522 .array/port v0xb470e263cb90, 1522;
v0xb470e263cb90_1523 .array/port v0xb470e263cb90, 1523;
v0xb470e263cb90_1524 .array/port v0xb470e263cb90, 1524;
E_0xb470e2641e60/382 .event anyedge, v0xb470e263cb90_1521, v0xb470e263cb90_1522, v0xb470e263cb90_1523, v0xb470e263cb90_1524;
v0xb470e263cb90_1525 .array/port v0xb470e263cb90, 1525;
v0xb470e263cb90_1526 .array/port v0xb470e263cb90, 1526;
v0xb470e263cb90_1527 .array/port v0xb470e263cb90, 1527;
v0xb470e263cb90_1528 .array/port v0xb470e263cb90, 1528;
E_0xb470e2641e60/383 .event anyedge, v0xb470e263cb90_1525, v0xb470e263cb90_1526, v0xb470e263cb90_1527, v0xb470e263cb90_1528;
v0xb470e263cb90_1529 .array/port v0xb470e263cb90, 1529;
v0xb470e263cb90_1530 .array/port v0xb470e263cb90, 1530;
v0xb470e263cb90_1531 .array/port v0xb470e263cb90, 1531;
v0xb470e263cb90_1532 .array/port v0xb470e263cb90, 1532;
E_0xb470e2641e60/384 .event anyedge, v0xb470e263cb90_1529, v0xb470e263cb90_1530, v0xb470e263cb90_1531, v0xb470e263cb90_1532;
v0xb470e263cb90_1533 .array/port v0xb470e263cb90, 1533;
v0xb470e263cb90_1534 .array/port v0xb470e263cb90, 1534;
v0xb470e263cb90_1535 .array/port v0xb470e263cb90, 1535;
v0xb470e263cb90_1536 .array/port v0xb470e263cb90, 1536;
E_0xb470e2641e60/385 .event anyedge, v0xb470e263cb90_1533, v0xb470e263cb90_1534, v0xb470e263cb90_1535, v0xb470e263cb90_1536;
v0xb470e263cb90_1537 .array/port v0xb470e263cb90, 1537;
v0xb470e263cb90_1538 .array/port v0xb470e263cb90, 1538;
v0xb470e263cb90_1539 .array/port v0xb470e263cb90, 1539;
v0xb470e263cb90_1540 .array/port v0xb470e263cb90, 1540;
E_0xb470e2641e60/386 .event anyedge, v0xb470e263cb90_1537, v0xb470e263cb90_1538, v0xb470e263cb90_1539, v0xb470e263cb90_1540;
v0xb470e263cb90_1541 .array/port v0xb470e263cb90, 1541;
v0xb470e263cb90_1542 .array/port v0xb470e263cb90, 1542;
v0xb470e263cb90_1543 .array/port v0xb470e263cb90, 1543;
v0xb470e263cb90_1544 .array/port v0xb470e263cb90, 1544;
E_0xb470e2641e60/387 .event anyedge, v0xb470e263cb90_1541, v0xb470e263cb90_1542, v0xb470e263cb90_1543, v0xb470e263cb90_1544;
v0xb470e263cb90_1545 .array/port v0xb470e263cb90, 1545;
v0xb470e263cb90_1546 .array/port v0xb470e263cb90, 1546;
v0xb470e263cb90_1547 .array/port v0xb470e263cb90, 1547;
v0xb470e263cb90_1548 .array/port v0xb470e263cb90, 1548;
E_0xb470e2641e60/388 .event anyedge, v0xb470e263cb90_1545, v0xb470e263cb90_1546, v0xb470e263cb90_1547, v0xb470e263cb90_1548;
v0xb470e263cb90_1549 .array/port v0xb470e263cb90, 1549;
v0xb470e263cb90_1550 .array/port v0xb470e263cb90, 1550;
v0xb470e263cb90_1551 .array/port v0xb470e263cb90, 1551;
v0xb470e263cb90_1552 .array/port v0xb470e263cb90, 1552;
E_0xb470e2641e60/389 .event anyedge, v0xb470e263cb90_1549, v0xb470e263cb90_1550, v0xb470e263cb90_1551, v0xb470e263cb90_1552;
v0xb470e263cb90_1553 .array/port v0xb470e263cb90, 1553;
v0xb470e263cb90_1554 .array/port v0xb470e263cb90, 1554;
v0xb470e263cb90_1555 .array/port v0xb470e263cb90, 1555;
v0xb470e263cb90_1556 .array/port v0xb470e263cb90, 1556;
E_0xb470e2641e60/390 .event anyedge, v0xb470e263cb90_1553, v0xb470e263cb90_1554, v0xb470e263cb90_1555, v0xb470e263cb90_1556;
v0xb470e263cb90_1557 .array/port v0xb470e263cb90, 1557;
v0xb470e263cb90_1558 .array/port v0xb470e263cb90, 1558;
v0xb470e263cb90_1559 .array/port v0xb470e263cb90, 1559;
v0xb470e263cb90_1560 .array/port v0xb470e263cb90, 1560;
E_0xb470e2641e60/391 .event anyedge, v0xb470e263cb90_1557, v0xb470e263cb90_1558, v0xb470e263cb90_1559, v0xb470e263cb90_1560;
v0xb470e263cb90_1561 .array/port v0xb470e263cb90, 1561;
v0xb470e263cb90_1562 .array/port v0xb470e263cb90, 1562;
v0xb470e263cb90_1563 .array/port v0xb470e263cb90, 1563;
v0xb470e263cb90_1564 .array/port v0xb470e263cb90, 1564;
E_0xb470e2641e60/392 .event anyedge, v0xb470e263cb90_1561, v0xb470e263cb90_1562, v0xb470e263cb90_1563, v0xb470e263cb90_1564;
v0xb470e263cb90_1565 .array/port v0xb470e263cb90, 1565;
v0xb470e263cb90_1566 .array/port v0xb470e263cb90, 1566;
v0xb470e263cb90_1567 .array/port v0xb470e263cb90, 1567;
v0xb470e263cb90_1568 .array/port v0xb470e263cb90, 1568;
E_0xb470e2641e60/393 .event anyedge, v0xb470e263cb90_1565, v0xb470e263cb90_1566, v0xb470e263cb90_1567, v0xb470e263cb90_1568;
v0xb470e263cb90_1569 .array/port v0xb470e263cb90, 1569;
v0xb470e263cb90_1570 .array/port v0xb470e263cb90, 1570;
v0xb470e263cb90_1571 .array/port v0xb470e263cb90, 1571;
v0xb470e263cb90_1572 .array/port v0xb470e263cb90, 1572;
E_0xb470e2641e60/394 .event anyedge, v0xb470e263cb90_1569, v0xb470e263cb90_1570, v0xb470e263cb90_1571, v0xb470e263cb90_1572;
v0xb470e263cb90_1573 .array/port v0xb470e263cb90, 1573;
v0xb470e263cb90_1574 .array/port v0xb470e263cb90, 1574;
v0xb470e263cb90_1575 .array/port v0xb470e263cb90, 1575;
v0xb470e263cb90_1576 .array/port v0xb470e263cb90, 1576;
E_0xb470e2641e60/395 .event anyedge, v0xb470e263cb90_1573, v0xb470e263cb90_1574, v0xb470e263cb90_1575, v0xb470e263cb90_1576;
v0xb470e263cb90_1577 .array/port v0xb470e263cb90, 1577;
v0xb470e263cb90_1578 .array/port v0xb470e263cb90, 1578;
v0xb470e263cb90_1579 .array/port v0xb470e263cb90, 1579;
v0xb470e263cb90_1580 .array/port v0xb470e263cb90, 1580;
E_0xb470e2641e60/396 .event anyedge, v0xb470e263cb90_1577, v0xb470e263cb90_1578, v0xb470e263cb90_1579, v0xb470e263cb90_1580;
v0xb470e263cb90_1581 .array/port v0xb470e263cb90, 1581;
v0xb470e263cb90_1582 .array/port v0xb470e263cb90, 1582;
v0xb470e263cb90_1583 .array/port v0xb470e263cb90, 1583;
v0xb470e263cb90_1584 .array/port v0xb470e263cb90, 1584;
E_0xb470e2641e60/397 .event anyedge, v0xb470e263cb90_1581, v0xb470e263cb90_1582, v0xb470e263cb90_1583, v0xb470e263cb90_1584;
v0xb470e263cb90_1585 .array/port v0xb470e263cb90, 1585;
v0xb470e263cb90_1586 .array/port v0xb470e263cb90, 1586;
v0xb470e263cb90_1587 .array/port v0xb470e263cb90, 1587;
v0xb470e263cb90_1588 .array/port v0xb470e263cb90, 1588;
E_0xb470e2641e60/398 .event anyedge, v0xb470e263cb90_1585, v0xb470e263cb90_1586, v0xb470e263cb90_1587, v0xb470e263cb90_1588;
v0xb470e263cb90_1589 .array/port v0xb470e263cb90, 1589;
v0xb470e263cb90_1590 .array/port v0xb470e263cb90, 1590;
v0xb470e263cb90_1591 .array/port v0xb470e263cb90, 1591;
v0xb470e263cb90_1592 .array/port v0xb470e263cb90, 1592;
E_0xb470e2641e60/399 .event anyedge, v0xb470e263cb90_1589, v0xb470e263cb90_1590, v0xb470e263cb90_1591, v0xb470e263cb90_1592;
v0xb470e263cb90_1593 .array/port v0xb470e263cb90, 1593;
v0xb470e263cb90_1594 .array/port v0xb470e263cb90, 1594;
v0xb470e263cb90_1595 .array/port v0xb470e263cb90, 1595;
v0xb470e263cb90_1596 .array/port v0xb470e263cb90, 1596;
E_0xb470e2641e60/400 .event anyedge, v0xb470e263cb90_1593, v0xb470e263cb90_1594, v0xb470e263cb90_1595, v0xb470e263cb90_1596;
v0xb470e263cb90_1597 .array/port v0xb470e263cb90, 1597;
v0xb470e263cb90_1598 .array/port v0xb470e263cb90, 1598;
v0xb470e263cb90_1599 .array/port v0xb470e263cb90, 1599;
v0xb470e263cb90_1600 .array/port v0xb470e263cb90, 1600;
E_0xb470e2641e60/401 .event anyedge, v0xb470e263cb90_1597, v0xb470e263cb90_1598, v0xb470e263cb90_1599, v0xb470e263cb90_1600;
v0xb470e263cb90_1601 .array/port v0xb470e263cb90, 1601;
v0xb470e263cb90_1602 .array/port v0xb470e263cb90, 1602;
v0xb470e263cb90_1603 .array/port v0xb470e263cb90, 1603;
v0xb470e263cb90_1604 .array/port v0xb470e263cb90, 1604;
E_0xb470e2641e60/402 .event anyedge, v0xb470e263cb90_1601, v0xb470e263cb90_1602, v0xb470e263cb90_1603, v0xb470e263cb90_1604;
v0xb470e263cb90_1605 .array/port v0xb470e263cb90, 1605;
v0xb470e263cb90_1606 .array/port v0xb470e263cb90, 1606;
v0xb470e263cb90_1607 .array/port v0xb470e263cb90, 1607;
v0xb470e263cb90_1608 .array/port v0xb470e263cb90, 1608;
E_0xb470e2641e60/403 .event anyedge, v0xb470e263cb90_1605, v0xb470e263cb90_1606, v0xb470e263cb90_1607, v0xb470e263cb90_1608;
v0xb470e263cb90_1609 .array/port v0xb470e263cb90, 1609;
v0xb470e263cb90_1610 .array/port v0xb470e263cb90, 1610;
v0xb470e263cb90_1611 .array/port v0xb470e263cb90, 1611;
v0xb470e263cb90_1612 .array/port v0xb470e263cb90, 1612;
E_0xb470e2641e60/404 .event anyedge, v0xb470e263cb90_1609, v0xb470e263cb90_1610, v0xb470e263cb90_1611, v0xb470e263cb90_1612;
v0xb470e263cb90_1613 .array/port v0xb470e263cb90, 1613;
v0xb470e263cb90_1614 .array/port v0xb470e263cb90, 1614;
v0xb470e263cb90_1615 .array/port v0xb470e263cb90, 1615;
v0xb470e263cb90_1616 .array/port v0xb470e263cb90, 1616;
E_0xb470e2641e60/405 .event anyedge, v0xb470e263cb90_1613, v0xb470e263cb90_1614, v0xb470e263cb90_1615, v0xb470e263cb90_1616;
v0xb470e263cb90_1617 .array/port v0xb470e263cb90, 1617;
v0xb470e263cb90_1618 .array/port v0xb470e263cb90, 1618;
v0xb470e263cb90_1619 .array/port v0xb470e263cb90, 1619;
v0xb470e263cb90_1620 .array/port v0xb470e263cb90, 1620;
E_0xb470e2641e60/406 .event anyedge, v0xb470e263cb90_1617, v0xb470e263cb90_1618, v0xb470e263cb90_1619, v0xb470e263cb90_1620;
v0xb470e263cb90_1621 .array/port v0xb470e263cb90, 1621;
v0xb470e263cb90_1622 .array/port v0xb470e263cb90, 1622;
v0xb470e263cb90_1623 .array/port v0xb470e263cb90, 1623;
v0xb470e263cb90_1624 .array/port v0xb470e263cb90, 1624;
E_0xb470e2641e60/407 .event anyedge, v0xb470e263cb90_1621, v0xb470e263cb90_1622, v0xb470e263cb90_1623, v0xb470e263cb90_1624;
v0xb470e263cb90_1625 .array/port v0xb470e263cb90, 1625;
v0xb470e263cb90_1626 .array/port v0xb470e263cb90, 1626;
v0xb470e263cb90_1627 .array/port v0xb470e263cb90, 1627;
v0xb470e263cb90_1628 .array/port v0xb470e263cb90, 1628;
E_0xb470e2641e60/408 .event anyedge, v0xb470e263cb90_1625, v0xb470e263cb90_1626, v0xb470e263cb90_1627, v0xb470e263cb90_1628;
v0xb470e263cb90_1629 .array/port v0xb470e263cb90, 1629;
v0xb470e263cb90_1630 .array/port v0xb470e263cb90, 1630;
v0xb470e263cb90_1631 .array/port v0xb470e263cb90, 1631;
v0xb470e263cb90_1632 .array/port v0xb470e263cb90, 1632;
E_0xb470e2641e60/409 .event anyedge, v0xb470e263cb90_1629, v0xb470e263cb90_1630, v0xb470e263cb90_1631, v0xb470e263cb90_1632;
v0xb470e263cb90_1633 .array/port v0xb470e263cb90, 1633;
v0xb470e263cb90_1634 .array/port v0xb470e263cb90, 1634;
v0xb470e263cb90_1635 .array/port v0xb470e263cb90, 1635;
v0xb470e263cb90_1636 .array/port v0xb470e263cb90, 1636;
E_0xb470e2641e60/410 .event anyedge, v0xb470e263cb90_1633, v0xb470e263cb90_1634, v0xb470e263cb90_1635, v0xb470e263cb90_1636;
v0xb470e263cb90_1637 .array/port v0xb470e263cb90, 1637;
v0xb470e263cb90_1638 .array/port v0xb470e263cb90, 1638;
v0xb470e263cb90_1639 .array/port v0xb470e263cb90, 1639;
v0xb470e263cb90_1640 .array/port v0xb470e263cb90, 1640;
E_0xb470e2641e60/411 .event anyedge, v0xb470e263cb90_1637, v0xb470e263cb90_1638, v0xb470e263cb90_1639, v0xb470e263cb90_1640;
v0xb470e263cb90_1641 .array/port v0xb470e263cb90, 1641;
v0xb470e263cb90_1642 .array/port v0xb470e263cb90, 1642;
v0xb470e263cb90_1643 .array/port v0xb470e263cb90, 1643;
v0xb470e263cb90_1644 .array/port v0xb470e263cb90, 1644;
E_0xb470e2641e60/412 .event anyedge, v0xb470e263cb90_1641, v0xb470e263cb90_1642, v0xb470e263cb90_1643, v0xb470e263cb90_1644;
v0xb470e263cb90_1645 .array/port v0xb470e263cb90, 1645;
v0xb470e263cb90_1646 .array/port v0xb470e263cb90, 1646;
v0xb470e263cb90_1647 .array/port v0xb470e263cb90, 1647;
v0xb470e263cb90_1648 .array/port v0xb470e263cb90, 1648;
E_0xb470e2641e60/413 .event anyedge, v0xb470e263cb90_1645, v0xb470e263cb90_1646, v0xb470e263cb90_1647, v0xb470e263cb90_1648;
v0xb470e263cb90_1649 .array/port v0xb470e263cb90, 1649;
v0xb470e263cb90_1650 .array/port v0xb470e263cb90, 1650;
v0xb470e263cb90_1651 .array/port v0xb470e263cb90, 1651;
v0xb470e263cb90_1652 .array/port v0xb470e263cb90, 1652;
E_0xb470e2641e60/414 .event anyedge, v0xb470e263cb90_1649, v0xb470e263cb90_1650, v0xb470e263cb90_1651, v0xb470e263cb90_1652;
v0xb470e263cb90_1653 .array/port v0xb470e263cb90, 1653;
v0xb470e263cb90_1654 .array/port v0xb470e263cb90, 1654;
v0xb470e263cb90_1655 .array/port v0xb470e263cb90, 1655;
v0xb470e263cb90_1656 .array/port v0xb470e263cb90, 1656;
E_0xb470e2641e60/415 .event anyedge, v0xb470e263cb90_1653, v0xb470e263cb90_1654, v0xb470e263cb90_1655, v0xb470e263cb90_1656;
v0xb470e263cb90_1657 .array/port v0xb470e263cb90, 1657;
v0xb470e263cb90_1658 .array/port v0xb470e263cb90, 1658;
v0xb470e263cb90_1659 .array/port v0xb470e263cb90, 1659;
v0xb470e263cb90_1660 .array/port v0xb470e263cb90, 1660;
E_0xb470e2641e60/416 .event anyedge, v0xb470e263cb90_1657, v0xb470e263cb90_1658, v0xb470e263cb90_1659, v0xb470e263cb90_1660;
v0xb470e263cb90_1661 .array/port v0xb470e263cb90, 1661;
v0xb470e263cb90_1662 .array/port v0xb470e263cb90, 1662;
v0xb470e263cb90_1663 .array/port v0xb470e263cb90, 1663;
v0xb470e263cb90_1664 .array/port v0xb470e263cb90, 1664;
E_0xb470e2641e60/417 .event anyedge, v0xb470e263cb90_1661, v0xb470e263cb90_1662, v0xb470e263cb90_1663, v0xb470e263cb90_1664;
v0xb470e263cb90_1665 .array/port v0xb470e263cb90, 1665;
v0xb470e263cb90_1666 .array/port v0xb470e263cb90, 1666;
v0xb470e263cb90_1667 .array/port v0xb470e263cb90, 1667;
v0xb470e263cb90_1668 .array/port v0xb470e263cb90, 1668;
E_0xb470e2641e60/418 .event anyedge, v0xb470e263cb90_1665, v0xb470e263cb90_1666, v0xb470e263cb90_1667, v0xb470e263cb90_1668;
v0xb470e263cb90_1669 .array/port v0xb470e263cb90, 1669;
v0xb470e263cb90_1670 .array/port v0xb470e263cb90, 1670;
v0xb470e263cb90_1671 .array/port v0xb470e263cb90, 1671;
v0xb470e263cb90_1672 .array/port v0xb470e263cb90, 1672;
E_0xb470e2641e60/419 .event anyedge, v0xb470e263cb90_1669, v0xb470e263cb90_1670, v0xb470e263cb90_1671, v0xb470e263cb90_1672;
v0xb470e263cb90_1673 .array/port v0xb470e263cb90, 1673;
v0xb470e263cb90_1674 .array/port v0xb470e263cb90, 1674;
v0xb470e263cb90_1675 .array/port v0xb470e263cb90, 1675;
v0xb470e263cb90_1676 .array/port v0xb470e263cb90, 1676;
E_0xb470e2641e60/420 .event anyedge, v0xb470e263cb90_1673, v0xb470e263cb90_1674, v0xb470e263cb90_1675, v0xb470e263cb90_1676;
v0xb470e263cb90_1677 .array/port v0xb470e263cb90, 1677;
v0xb470e263cb90_1678 .array/port v0xb470e263cb90, 1678;
v0xb470e263cb90_1679 .array/port v0xb470e263cb90, 1679;
v0xb470e263cb90_1680 .array/port v0xb470e263cb90, 1680;
E_0xb470e2641e60/421 .event anyedge, v0xb470e263cb90_1677, v0xb470e263cb90_1678, v0xb470e263cb90_1679, v0xb470e263cb90_1680;
v0xb470e263cb90_1681 .array/port v0xb470e263cb90, 1681;
v0xb470e263cb90_1682 .array/port v0xb470e263cb90, 1682;
v0xb470e263cb90_1683 .array/port v0xb470e263cb90, 1683;
v0xb470e263cb90_1684 .array/port v0xb470e263cb90, 1684;
E_0xb470e2641e60/422 .event anyedge, v0xb470e263cb90_1681, v0xb470e263cb90_1682, v0xb470e263cb90_1683, v0xb470e263cb90_1684;
v0xb470e263cb90_1685 .array/port v0xb470e263cb90, 1685;
v0xb470e263cb90_1686 .array/port v0xb470e263cb90, 1686;
v0xb470e263cb90_1687 .array/port v0xb470e263cb90, 1687;
v0xb470e263cb90_1688 .array/port v0xb470e263cb90, 1688;
E_0xb470e2641e60/423 .event anyedge, v0xb470e263cb90_1685, v0xb470e263cb90_1686, v0xb470e263cb90_1687, v0xb470e263cb90_1688;
v0xb470e263cb90_1689 .array/port v0xb470e263cb90, 1689;
v0xb470e263cb90_1690 .array/port v0xb470e263cb90, 1690;
v0xb470e263cb90_1691 .array/port v0xb470e263cb90, 1691;
v0xb470e263cb90_1692 .array/port v0xb470e263cb90, 1692;
E_0xb470e2641e60/424 .event anyedge, v0xb470e263cb90_1689, v0xb470e263cb90_1690, v0xb470e263cb90_1691, v0xb470e263cb90_1692;
v0xb470e263cb90_1693 .array/port v0xb470e263cb90, 1693;
v0xb470e263cb90_1694 .array/port v0xb470e263cb90, 1694;
v0xb470e263cb90_1695 .array/port v0xb470e263cb90, 1695;
v0xb470e263cb90_1696 .array/port v0xb470e263cb90, 1696;
E_0xb470e2641e60/425 .event anyedge, v0xb470e263cb90_1693, v0xb470e263cb90_1694, v0xb470e263cb90_1695, v0xb470e263cb90_1696;
v0xb470e263cb90_1697 .array/port v0xb470e263cb90, 1697;
v0xb470e263cb90_1698 .array/port v0xb470e263cb90, 1698;
v0xb470e263cb90_1699 .array/port v0xb470e263cb90, 1699;
v0xb470e263cb90_1700 .array/port v0xb470e263cb90, 1700;
E_0xb470e2641e60/426 .event anyedge, v0xb470e263cb90_1697, v0xb470e263cb90_1698, v0xb470e263cb90_1699, v0xb470e263cb90_1700;
v0xb470e263cb90_1701 .array/port v0xb470e263cb90, 1701;
v0xb470e263cb90_1702 .array/port v0xb470e263cb90, 1702;
v0xb470e263cb90_1703 .array/port v0xb470e263cb90, 1703;
v0xb470e263cb90_1704 .array/port v0xb470e263cb90, 1704;
E_0xb470e2641e60/427 .event anyedge, v0xb470e263cb90_1701, v0xb470e263cb90_1702, v0xb470e263cb90_1703, v0xb470e263cb90_1704;
v0xb470e263cb90_1705 .array/port v0xb470e263cb90, 1705;
v0xb470e263cb90_1706 .array/port v0xb470e263cb90, 1706;
v0xb470e263cb90_1707 .array/port v0xb470e263cb90, 1707;
v0xb470e263cb90_1708 .array/port v0xb470e263cb90, 1708;
E_0xb470e2641e60/428 .event anyedge, v0xb470e263cb90_1705, v0xb470e263cb90_1706, v0xb470e263cb90_1707, v0xb470e263cb90_1708;
v0xb470e263cb90_1709 .array/port v0xb470e263cb90, 1709;
v0xb470e263cb90_1710 .array/port v0xb470e263cb90, 1710;
v0xb470e263cb90_1711 .array/port v0xb470e263cb90, 1711;
v0xb470e263cb90_1712 .array/port v0xb470e263cb90, 1712;
E_0xb470e2641e60/429 .event anyedge, v0xb470e263cb90_1709, v0xb470e263cb90_1710, v0xb470e263cb90_1711, v0xb470e263cb90_1712;
v0xb470e263cb90_1713 .array/port v0xb470e263cb90, 1713;
v0xb470e263cb90_1714 .array/port v0xb470e263cb90, 1714;
v0xb470e263cb90_1715 .array/port v0xb470e263cb90, 1715;
v0xb470e263cb90_1716 .array/port v0xb470e263cb90, 1716;
E_0xb470e2641e60/430 .event anyedge, v0xb470e263cb90_1713, v0xb470e263cb90_1714, v0xb470e263cb90_1715, v0xb470e263cb90_1716;
v0xb470e263cb90_1717 .array/port v0xb470e263cb90, 1717;
v0xb470e263cb90_1718 .array/port v0xb470e263cb90, 1718;
v0xb470e263cb90_1719 .array/port v0xb470e263cb90, 1719;
v0xb470e263cb90_1720 .array/port v0xb470e263cb90, 1720;
E_0xb470e2641e60/431 .event anyedge, v0xb470e263cb90_1717, v0xb470e263cb90_1718, v0xb470e263cb90_1719, v0xb470e263cb90_1720;
v0xb470e263cb90_1721 .array/port v0xb470e263cb90, 1721;
v0xb470e263cb90_1722 .array/port v0xb470e263cb90, 1722;
v0xb470e263cb90_1723 .array/port v0xb470e263cb90, 1723;
v0xb470e263cb90_1724 .array/port v0xb470e263cb90, 1724;
E_0xb470e2641e60/432 .event anyedge, v0xb470e263cb90_1721, v0xb470e263cb90_1722, v0xb470e263cb90_1723, v0xb470e263cb90_1724;
v0xb470e263cb90_1725 .array/port v0xb470e263cb90, 1725;
v0xb470e263cb90_1726 .array/port v0xb470e263cb90, 1726;
v0xb470e263cb90_1727 .array/port v0xb470e263cb90, 1727;
v0xb470e263cb90_1728 .array/port v0xb470e263cb90, 1728;
E_0xb470e2641e60/433 .event anyedge, v0xb470e263cb90_1725, v0xb470e263cb90_1726, v0xb470e263cb90_1727, v0xb470e263cb90_1728;
v0xb470e263cb90_1729 .array/port v0xb470e263cb90, 1729;
v0xb470e263cb90_1730 .array/port v0xb470e263cb90, 1730;
v0xb470e263cb90_1731 .array/port v0xb470e263cb90, 1731;
v0xb470e263cb90_1732 .array/port v0xb470e263cb90, 1732;
E_0xb470e2641e60/434 .event anyedge, v0xb470e263cb90_1729, v0xb470e263cb90_1730, v0xb470e263cb90_1731, v0xb470e263cb90_1732;
v0xb470e263cb90_1733 .array/port v0xb470e263cb90, 1733;
v0xb470e263cb90_1734 .array/port v0xb470e263cb90, 1734;
v0xb470e263cb90_1735 .array/port v0xb470e263cb90, 1735;
v0xb470e263cb90_1736 .array/port v0xb470e263cb90, 1736;
E_0xb470e2641e60/435 .event anyedge, v0xb470e263cb90_1733, v0xb470e263cb90_1734, v0xb470e263cb90_1735, v0xb470e263cb90_1736;
v0xb470e263cb90_1737 .array/port v0xb470e263cb90, 1737;
v0xb470e263cb90_1738 .array/port v0xb470e263cb90, 1738;
v0xb470e263cb90_1739 .array/port v0xb470e263cb90, 1739;
v0xb470e263cb90_1740 .array/port v0xb470e263cb90, 1740;
E_0xb470e2641e60/436 .event anyedge, v0xb470e263cb90_1737, v0xb470e263cb90_1738, v0xb470e263cb90_1739, v0xb470e263cb90_1740;
v0xb470e263cb90_1741 .array/port v0xb470e263cb90, 1741;
v0xb470e263cb90_1742 .array/port v0xb470e263cb90, 1742;
v0xb470e263cb90_1743 .array/port v0xb470e263cb90, 1743;
v0xb470e263cb90_1744 .array/port v0xb470e263cb90, 1744;
E_0xb470e2641e60/437 .event anyedge, v0xb470e263cb90_1741, v0xb470e263cb90_1742, v0xb470e263cb90_1743, v0xb470e263cb90_1744;
v0xb470e263cb90_1745 .array/port v0xb470e263cb90, 1745;
v0xb470e263cb90_1746 .array/port v0xb470e263cb90, 1746;
v0xb470e263cb90_1747 .array/port v0xb470e263cb90, 1747;
v0xb470e263cb90_1748 .array/port v0xb470e263cb90, 1748;
E_0xb470e2641e60/438 .event anyedge, v0xb470e263cb90_1745, v0xb470e263cb90_1746, v0xb470e263cb90_1747, v0xb470e263cb90_1748;
v0xb470e263cb90_1749 .array/port v0xb470e263cb90, 1749;
v0xb470e263cb90_1750 .array/port v0xb470e263cb90, 1750;
v0xb470e263cb90_1751 .array/port v0xb470e263cb90, 1751;
v0xb470e263cb90_1752 .array/port v0xb470e263cb90, 1752;
E_0xb470e2641e60/439 .event anyedge, v0xb470e263cb90_1749, v0xb470e263cb90_1750, v0xb470e263cb90_1751, v0xb470e263cb90_1752;
v0xb470e263cb90_1753 .array/port v0xb470e263cb90, 1753;
v0xb470e263cb90_1754 .array/port v0xb470e263cb90, 1754;
v0xb470e263cb90_1755 .array/port v0xb470e263cb90, 1755;
v0xb470e263cb90_1756 .array/port v0xb470e263cb90, 1756;
E_0xb470e2641e60/440 .event anyedge, v0xb470e263cb90_1753, v0xb470e263cb90_1754, v0xb470e263cb90_1755, v0xb470e263cb90_1756;
v0xb470e263cb90_1757 .array/port v0xb470e263cb90, 1757;
v0xb470e263cb90_1758 .array/port v0xb470e263cb90, 1758;
v0xb470e263cb90_1759 .array/port v0xb470e263cb90, 1759;
v0xb470e263cb90_1760 .array/port v0xb470e263cb90, 1760;
E_0xb470e2641e60/441 .event anyedge, v0xb470e263cb90_1757, v0xb470e263cb90_1758, v0xb470e263cb90_1759, v0xb470e263cb90_1760;
v0xb470e263cb90_1761 .array/port v0xb470e263cb90, 1761;
v0xb470e263cb90_1762 .array/port v0xb470e263cb90, 1762;
v0xb470e263cb90_1763 .array/port v0xb470e263cb90, 1763;
v0xb470e263cb90_1764 .array/port v0xb470e263cb90, 1764;
E_0xb470e2641e60/442 .event anyedge, v0xb470e263cb90_1761, v0xb470e263cb90_1762, v0xb470e263cb90_1763, v0xb470e263cb90_1764;
v0xb470e263cb90_1765 .array/port v0xb470e263cb90, 1765;
v0xb470e263cb90_1766 .array/port v0xb470e263cb90, 1766;
v0xb470e263cb90_1767 .array/port v0xb470e263cb90, 1767;
v0xb470e263cb90_1768 .array/port v0xb470e263cb90, 1768;
E_0xb470e2641e60/443 .event anyedge, v0xb470e263cb90_1765, v0xb470e263cb90_1766, v0xb470e263cb90_1767, v0xb470e263cb90_1768;
v0xb470e263cb90_1769 .array/port v0xb470e263cb90, 1769;
v0xb470e263cb90_1770 .array/port v0xb470e263cb90, 1770;
v0xb470e263cb90_1771 .array/port v0xb470e263cb90, 1771;
v0xb470e263cb90_1772 .array/port v0xb470e263cb90, 1772;
E_0xb470e2641e60/444 .event anyedge, v0xb470e263cb90_1769, v0xb470e263cb90_1770, v0xb470e263cb90_1771, v0xb470e263cb90_1772;
v0xb470e263cb90_1773 .array/port v0xb470e263cb90, 1773;
v0xb470e263cb90_1774 .array/port v0xb470e263cb90, 1774;
v0xb470e263cb90_1775 .array/port v0xb470e263cb90, 1775;
v0xb470e263cb90_1776 .array/port v0xb470e263cb90, 1776;
E_0xb470e2641e60/445 .event anyedge, v0xb470e263cb90_1773, v0xb470e263cb90_1774, v0xb470e263cb90_1775, v0xb470e263cb90_1776;
v0xb470e263cb90_1777 .array/port v0xb470e263cb90, 1777;
v0xb470e263cb90_1778 .array/port v0xb470e263cb90, 1778;
v0xb470e263cb90_1779 .array/port v0xb470e263cb90, 1779;
v0xb470e263cb90_1780 .array/port v0xb470e263cb90, 1780;
E_0xb470e2641e60/446 .event anyedge, v0xb470e263cb90_1777, v0xb470e263cb90_1778, v0xb470e263cb90_1779, v0xb470e263cb90_1780;
v0xb470e263cb90_1781 .array/port v0xb470e263cb90, 1781;
v0xb470e263cb90_1782 .array/port v0xb470e263cb90, 1782;
v0xb470e263cb90_1783 .array/port v0xb470e263cb90, 1783;
v0xb470e263cb90_1784 .array/port v0xb470e263cb90, 1784;
E_0xb470e2641e60/447 .event anyedge, v0xb470e263cb90_1781, v0xb470e263cb90_1782, v0xb470e263cb90_1783, v0xb470e263cb90_1784;
v0xb470e263cb90_1785 .array/port v0xb470e263cb90, 1785;
v0xb470e263cb90_1786 .array/port v0xb470e263cb90, 1786;
v0xb470e263cb90_1787 .array/port v0xb470e263cb90, 1787;
v0xb470e263cb90_1788 .array/port v0xb470e263cb90, 1788;
E_0xb470e2641e60/448 .event anyedge, v0xb470e263cb90_1785, v0xb470e263cb90_1786, v0xb470e263cb90_1787, v0xb470e263cb90_1788;
v0xb470e263cb90_1789 .array/port v0xb470e263cb90, 1789;
v0xb470e263cb90_1790 .array/port v0xb470e263cb90, 1790;
v0xb470e263cb90_1791 .array/port v0xb470e263cb90, 1791;
v0xb470e263cb90_1792 .array/port v0xb470e263cb90, 1792;
E_0xb470e2641e60/449 .event anyedge, v0xb470e263cb90_1789, v0xb470e263cb90_1790, v0xb470e263cb90_1791, v0xb470e263cb90_1792;
v0xb470e263cb90_1793 .array/port v0xb470e263cb90, 1793;
v0xb470e263cb90_1794 .array/port v0xb470e263cb90, 1794;
v0xb470e263cb90_1795 .array/port v0xb470e263cb90, 1795;
v0xb470e263cb90_1796 .array/port v0xb470e263cb90, 1796;
E_0xb470e2641e60/450 .event anyedge, v0xb470e263cb90_1793, v0xb470e263cb90_1794, v0xb470e263cb90_1795, v0xb470e263cb90_1796;
v0xb470e263cb90_1797 .array/port v0xb470e263cb90, 1797;
v0xb470e263cb90_1798 .array/port v0xb470e263cb90, 1798;
v0xb470e263cb90_1799 .array/port v0xb470e263cb90, 1799;
v0xb470e263cb90_1800 .array/port v0xb470e263cb90, 1800;
E_0xb470e2641e60/451 .event anyedge, v0xb470e263cb90_1797, v0xb470e263cb90_1798, v0xb470e263cb90_1799, v0xb470e263cb90_1800;
v0xb470e263cb90_1801 .array/port v0xb470e263cb90, 1801;
v0xb470e263cb90_1802 .array/port v0xb470e263cb90, 1802;
v0xb470e263cb90_1803 .array/port v0xb470e263cb90, 1803;
v0xb470e263cb90_1804 .array/port v0xb470e263cb90, 1804;
E_0xb470e2641e60/452 .event anyedge, v0xb470e263cb90_1801, v0xb470e263cb90_1802, v0xb470e263cb90_1803, v0xb470e263cb90_1804;
v0xb470e263cb90_1805 .array/port v0xb470e263cb90, 1805;
v0xb470e263cb90_1806 .array/port v0xb470e263cb90, 1806;
v0xb470e263cb90_1807 .array/port v0xb470e263cb90, 1807;
v0xb470e263cb90_1808 .array/port v0xb470e263cb90, 1808;
E_0xb470e2641e60/453 .event anyedge, v0xb470e263cb90_1805, v0xb470e263cb90_1806, v0xb470e263cb90_1807, v0xb470e263cb90_1808;
v0xb470e263cb90_1809 .array/port v0xb470e263cb90, 1809;
v0xb470e263cb90_1810 .array/port v0xb470e263cb90, 1810;
v0xb470e263cb90_1811 .array/port v0xb470e263cb90, 1811;
v0xb470e263cb90_1812 .array/port v0xb470e263cb90, 1812;
E_0xb470e2641e60/454 .event anyedge, v0xb470e263cb90_1809, v0xb470e263cb90_1810, v0xb470e263cb90_1811, v0xb470e263cb90_1812;
v0xb470e263cb90_1813 .array/port v0xb470e263cb90, 1813;
v0xb470e263cb90_1814 .array/port v0xb470e263cb90, 1814;
v0xb470e263cb90_1815 .array/port v0xb470e263cb90, 1815;
v0xb470e263cb90_1816 .array/port v0xb470e263cb90, 1816;
E_0xb470e2641e60/455 .event anyedge, v0xb470e263cb90_1813, v0xb470e263cb90_1814, v0xb470e263cb90_1815, v0xb470e263cb90_1816;
v0xb470e263cb90_1817 .array/port v0xb470e263cb90, 1817;
v0xb470e263cb90_1818 .array/port v0xb470e263cb90, 1818;
v0xb470e263cb90_1819 .array/port v0xb470e263cb90, 1819;
v0xb470e263cb90_1820 .array/port v0xb470e263cb90, 1820;
E_0xb470e2641e60/456 .event anyedge, v0xb470e263cb90_1817, v0xb470e263cb90_1818, v0xb470e263cb90_1819, v0xb470e263cb90_1820;
v0xb470e263cb90_1821 .array/port v0xb470e263cb90, 1821;
v0xb470e263cb90_1822 .array/port v0xb470e263cb90, 1822;
v0xb470e263cb90_1823 .array/port v0xb470e263cb90, 1823;
v0xb470e263cb90_1824 .array/port v0xb470e263cb90, 1824;
E_0xb470e2641e60/457 .event anyedge, v0xb470e263cb90_1821, v0xb470e263cb90_1822, v0xb470e263cb90_1823, v0xb470e263cb90_1824;
v0xb470e263cb90_1825 .array/port v0xb470e263cb90, 1825;
v0xb470e263cb90_1826 .array/port v0xb470e263cb90, 1826;
v0xb470e263cb90_1827 .array/port v0xb470e263cb90, 1827;
v0xb470e263cb90_1828 .array/port v0xb470e263cb90, 1828;
E_0xb470e2641e60/458 .event anyedge, v0xb470e263cb90_1825, v0xb470e263cb90_1826, v0xb470e263cb90_1827, v0xb470e263cb90_1828;
v0xb470e263cb90_1829 .array/port v0xb470e263cb90, 1829;
v0xb470e263cb90_1830 .array/port v0xb470e263cb90, 1830;
v0xb470e263cb90_1831 .array/port v0xb470e263cb90, 1831;
v0xb470e263cb90_1832 .array/port v0xb470e263cb90, 1832;
E_0xb470e2641e60/459 .event anyedge, v0xb470e263cb90_1829, v0xb470e263cb90_1830, v0xb470e263cb90_1831, v0xb470e263cb90_1832;
v0xb470e263cb90_1833 .array/port v0xb470e263cb90, 1833;
v0xb470e263cb90_1834 .array/port v0xb470e263cb90, 1834;
v0xb470e263cb90_1835 .array/port v0xb470e263cb90, 1835;
v0xb470e263cb90_1836 .array/port v0xb470e263cb90, 1836;
E_0xb470e2641e60/460 .event anyedge, v0xb470e263cb90_1833, v0xb470e263cb90_1834, v0xb470e263cb90_1835, v0xb470e263cb90_1836;
v0xb470e263cb90_1837 .array/port v0xb470e263cb90, 1837;
v0xb470e263cb90_1838 .array/port v0xb470e263cb90, 1838;
v0xb470e263cb90_1839 .array/port v0xb470e263cb90, 1839;
v0xb470e263cb90_1840 .array/port v0xb470e263cb90, 1840;
E_0xb470e2641e60/461 .event anyedge, v0xb470e263cb90_1837, v0xb470e263cb90_1838, v0xb470e263cb90_1839, v0xb470e263cb90_1840;
v0xb470e263cb90_1841 .array/port v0xb470e263cb90, 1841;
v0xb470e263cb90_1842 .array/port v0xb470e263cb90, 1842;
v0xb470e263cb90_1843 .array/port v0xb470e263cb90, 1843;
v0xb470e263cb90_1844 .array/port v0xb470e263cb90, 1844;
E_0xb470e2641e60/462 .event anyedge, v0xb470e263cb90_1841, v0xb470e263cb90_1842, v0xb470e263cb90_1843, v0xb470e263cb90_1844;
v0xb470e263cb90_1845 .array/port v0xb470e263cb90, 1845;
v0xb470e263cb90_1846 .array/port v0xb470e263cb90, 1846;
v0xb470e263cb90_1847 .array/port v0xb470e263cb90, 1847;
v0xb470e263cb90_1848 .array/port v0xb470e263cb90, 1848;
E_0xb470e2641e60/463 .event anyedge, v0xb470e263cb90_1845, v0xb470e263cb90_1846, v0xb470e263cb90_1847, v0xb470e263cb90_1848;
v0xb470e263cb90_1849 .array/port v0xb470e263cb90, 1849;
v0xb470e263cb90_1850 .array/port v0xb470e263cb90, 1850;
v0xb470e263cb90_1851 .array/port v0xb470e263cb90, 1851;
v0xb470e263cb90_1852 .array/port v0xb470e263cb90, 1852;
E_0xb470e2641e60/464 .event anyedge, v0xb470e263cb90_1849, v0xb470e263cb90_1850, v0xb470e263cb90_1851, v0xb470e263cb90_1852;
v0xb470e263cb90_1853 .array/port v0xb470e263cb90, 1853;
v0xb470e263cb90_1854 .array/port v0xb470e263cb90, 1854;
v0xb470e263cb90_1855 .array/port v0xb470e263cb90, 1855;
v0xb470e263cb90_1856 .array/port v0xb470e263cb90, 1856;
E_0xb470e2641e60/465 .event anyedge, v0xb470e263cb90_1853, v0xb470e263cb90_1854, v0xb470e263cb90_1855, v0xb470e263cb90_1856;
v0xb470e263cb90_1857 .array/port v0xb470e263cb90, 1857;
v0xb470e263cb90_1858 .array/port v0xb470e263cb90, 1858;
v0xb470e263cb90_1859 .array/port v0xb470e263cb90, 1859;
v0xb470e263cb90_1860 .array/port v0xb470e263cb90, 1860;
E_0xb470e2641e60/466 .event anyedge, v0xb470e263cb90_1857, v0xb470e263cb90_1858, v0xb470e263cb90_1859, v0xb470e263cb90_1860;
v0xb470e263cb90_1861 .array/port v0xb470e263cb90, 1861;
v0xb470e263cb90_1862 .array/port v0xb470e263cb90, 1862;
v0xb470e263cb90_1863 .array/port v0xb470e263cb90, 1863;
v0xb470e263cb90_1864 .array/port v0xb470e263cb90, 1864;
E_0xb470e2641e60/467 .event anyedge, v0xb470e263cb90_1861, v0xb470e263cb90_1862, v0xb470e263cb90_1863, v0xb470e263cb90_1864;
v0xb470e263cb90_1865 .array/port v0xb470e263cb90, 1865;
v0xb470e263cb90_1866 .array/port v0xb470e263cb90, 1866;
v0xb470e263cb90_1867 .array/port v0xb470e263cb90, 1867;
v0xb470e263cb90_1868 .array/port v0xb470e263cb90, 1868;
E_0xb470e2641e60/468 .event anyedge, v0xb470e263cb90_1865, v0xb470e263cb90_1866, v0xb470e263cb90_1867, v0xb470e263cb90_1868;
v0xb470e263cb90_1869 .array/port v0xb470e263cb90, 1869;
v0xb470e263cb90_1870 .array/port v0xb470e263cb90, 1870;
v0xb470e263cb90_1871 .array/port v0xb470e263cb90, 1871;
v0xb470e263cb90_1872 .array/port v0xb470e263cb90, 1872;
E_0xb470e2641e60/469 .event anyedge, v0xb470e263cb90_1869, v0xb470e263cb90_1870, v0xb470e263cb90_1871, v0xb470e263cb90_1872;
v0xb470e263cb90_1873 .array/port v0xb470e263cb90, 1873;
v0xb470e263cb90_1874 .array/port v0xb470e263cb90, 1874;
v0xb470e263cb90_1875 .array/port v0xb470e263cb90, 1875;
v0xb470e263cb90_1876 .array/port v0xb470e263cb90, 1876;
E_0xb470e2641e60/470 .event anyedge, v0xb470e263cb90_1873, v0xb470e263cb90_1874, v0xb470e263cb90_1875, v0xb470e263cb90_1876;
v0xb470e263cb90_1877 .array/port v0xb470e263cb90, 1877;
v0xb470e263cb90_1878 .array/port v0xb470e263cb90, 1878;
v0xb470e263cb90_1879 .array/port v0xb470e263cb90, 1879;
v0xb470e263cb90_1880 .array/port v0xb470e263cb90, 1880;
E_0xb470e2641e60/471 .event anyedge, v0xb470e263cb90_1877, v0xb470e263cb90_1878, v0xb470e263cb90_1879, v0xb470e263cb90_1880;
v0xb470e263cb90_1881 .array/port v0xb470e263cb90, 1881;
v0xb470e263cb90_1882 .array/port v0xb470e263cb90, 1882;
v0xb470e263cb90_1883 .array/port v0xb470e263cb90, 1883;
v0xb470e263cb90_1884 .array/port v0xb470e263cb90, 1884;
E_0xb470e2641e60/472 .event anyedge, v0xb470e263cb90_1881, v0xb470e263cb90_1882, v0xb470e263cb90_1883, v0xb470e263cb90_1884;
v0xb470e263cb90_1885 .array/port v0xb470e263cb90, 1885;
v0xb470e263cb90_1886 .array/port v0xb470e263cb90, 1886;
v0xb470e263cb90_1887 .array/port v0xb470e263cb90, 1887;
v0xb470e263cb90_1888 .array/port v0xb470e263cb90, 1888;
E_0xb470e2641e60/473 .event anyedge, v0xb470e263cb90_1885, v0xb470e263cb90_1886, v0xb470e263cb90_1887, v0xb470e263cb90_1888;
v0xb470e263cb90_1889 .array/port v0xb470e263cb90, 1889;
v0xb470e263cb90_1890 .array/port v0xb470e263cb90, 1890;
v0xb470e263cb90_1891 .array/port v0xb470e263cb90, 1891;
v0xb470e263cb90_1892 .array/port v0xb470e263cb90, 1892;
E_0xb470e2641e60/474 .event anyedge, v0xb470e263cb90_1889, v0xb470e263cb90_1890, v0xb470e263cb90_1891, v0xb470e263cb90_1892;
v0xb470e263cb90_1893 .array/port v0xb470e263cb90, 1893;
v0xb470e263cb90_1894 .array/port v0xb470e263cb90, 1894;
v0xb470e263cb90_1895 .array/port v0xb470e263cb90, 1895;
v0xb470e263cb90_1896 .array/port v0xb470e263cb90, 1896;
E_0xb470e2641e60/475 .event anyedge, v0xb470e263cb90_1893, v0xb470e263cb90_1894, v0xb470e263cb90_1895, v0xb470e263cb90_1896;
v0xb470e263cb90_1897 .array/port v0xb470e263cb90, 1897;
v0xb470e263cb90_1898 .array/port v0xb470e263cb90, 1898;
v0xb470e263cb90_1899 .array/port v0xb470e263cb90, 1899;
v0xb470e263cb90_1900 .array/port v0xb470e263cb90, 1900;
E_0xb470e2641e60/476 .event anyedge, v0xb470e263cb90_1897, v0xb470e263cb90_1898, v0xb470e263cb90_1899, v0xb470e263cb90_1900;
v0xb470e263cb90_1901 .array/port v0xb470e263cb90, 1901;
v0xb470e263cb90_1902 .array/port v0xb470e263cb90, 1902;
v0xb470e263cb90_1903 .array/port v0xb470e263cb90, 1903;
v0xb470e263cb90_1904 .array/port v0xb470e263cb90, 1904;
E_0xb470e2641e60/477 .event anyedge, v0xb470e263cb90_1901, v0xb470e263cb90_1902, v0xb470e263cb90_1903, v0xb470e263cb90_1904;
v0xb470e263cb90_1905 .array/port v0xb470e263cb90, 1905;
v0xb470e263cb90_1906 .array/port v0xb470e263cb90, 1906;
v0xb470e263cb90_1907 .array/port v0xb470e263cb90, 1907;
v0xb470e263cb90_1908 .array/port v0xb470e263cb90, 1908;
E_0xb470e2641e60/478 .event anyedge, v0xb470e263cb90_1905, v0xb470e263cb90_1906, v0xb470e263cb90_1907, v0xb470e263cb90_1908;
v0xb470e263cb90_1909 .array/port v0xb470e263cb90, 1909;
v0xb470e263cb90_1910 .array/port v0xb470e263cb90, 1910;
v0xb470e263cb90_1911 .array/port v0xb470e263cb90, 1911;
v0xb470e263cb90_1912 .array/port v0xb470e263cb90, 1912;
E_0xb470e2641e60/479 .event anyedge, v0xb470e263cb90_1909, v0xb470e263cb90_1910, v0xb470e263cb90_1911, v0xb470e263cb90_1912;
v0xb470e263cb90_1913 .array/port v0xb470e263cb90, 1913;
v0xb470e263cb90_1914 .array/port v0xb470e263cb90, 1914;
v0xb470e263cb90_1915 .array/port v0xb470e263cb90, 1915;
v0xb470e263cb90_1916 .array/port v0xb470e263cb90, 1916;
E_0xb470e2641e60/480 .event anyedge, v0xb470e263cb90_1913, v0xb470e263cb90_1914, v0xb470e263cb90_1915, v0xb470e263cb90_1916;
v0xb470e263cb90_1917 .array/port v0xb470e263cb90, 1917;
v0xb470e263cb90_1918 .array/port v0xb470e263cb90, 1918;
v0xb470e263cb90_1919 .array/port v0xb470e263cb90, 1919;
v0xb470e263cb90_1920 .array/port v0xb470e263cb90, 1920;
E_0xb470e2641e60/481 .event anyedge, v0xb470e263cb90_1917, v0xb470e263cb90_1918, v0xb470e263cb90_1919, v0xb470e263cb90_1920;
v0xb470e263cb90_1921 .array/port v0xb470e263cb90, 1921;
v0xb470e263cb90_1922 .array/port v0xb470e263cb90, 1922;
v0xb470e263cb90_1923 .array/port v0xb470e263cb90, 1923;
v0xb470e263cb90_1924 .array/port v0xb470e263cb90, 1924;
E_0xb470e2641e60/482 .event anyedge, v0xb470e263cb90_1921, v0xb470e263cb90_1922, v0xb470e263cb90_1923, v0xb470e263cb90_1924;
v0xb470e263cb90_1925 .array/port v0xb470e263cb90, 1925;
v0xb470e263cb90_1926 .array/port v0xb470e263cb90, 1926;
v0xb470e263cb90_1927 .array/port v0xb470e263cb90, 1927;
v0xb470e263cb90_1928 .array/port v0xb470e263cb90, 1928;
E_0xb470e2641e60/483 .event anyedge, v0xb470e263cb90_1925, v0xb470e263cb90_1926, v0xb470e263cb90_1927, v0xb470e263cb90_1928;
v0xb470e263cb90_1929 .array/port v0xb470e263cb90, 1929;
v0xb470e263cb90_1930 .array/port v0xb470e263cb90, 1930;
v0xb470e263cb90_1931 .array/port v0xb470e263cb90, 1931;
v0xb470e263cb90_1932 .array/port v0xb470e263cb90, 1932;
E_0xb470e2641e60/484 .event anyedge, v0xb470e263cb90_1929, v0xb470e263cb90_1930, v0xb470e263cb90_1931, v0xb470e263cb90_1932;
v0xb470e263cb90_1933 .array/port v0xb470e263cb90, 1933;
v0xb470e263cb90_1934 .array/port v0xb470e263cb90, 1934;
v0xb470e263cb90_1935 .array/port v0xb470e263cb90, 1935;
v0xb470e263cb90_1936 .array/port v0xb470e263cb90, 1936;
E_0xb470e2641e60/485 .event anyedge, v0xb470e263cb90_1933, v0xb470e263cb90_1934, v0xb470e263cb90_1935, v0xb470e263cb90_1936;
v0xb470e263cb90_1937 .array/port v0xb470e263cb90, 1937;
v0xb470e263cb90_1938 .array/port v0xb470e263cb90, 1938;
v0xb470e263cb90_1939 .array/port v0xb470e263cb90, 1939;
v0xb470e263cb90_1940 .array/port v0xb470e263cb90, 1940;
E_0xb470e2641e60/486 .event anyedge, v0xb470e263cb90_1937, v0xb470e263cb90_1938, v0xb470e263cb90_1939, v0xb470e263cb90_1940;
v0xb470e263cb90_1941 .array/port v0xb470e263cb90, 1941;
v0xb470e263cb90_1942 .array/port v0xb470e263cb90, 1942;
v0xb470e263cb90_1943 .array/port v0xb470e263cb90, 1943;
v0xb470e263cb90_1944 .array/port v0xb470e263cb90, 1944;
E_0xb470e2641e60/487 .event anyedge, v0xb470e263cb90_1941, v0xb470e263cb90_1942, v0xb470e263cb90_1943, v0xb470e263cb90_1944;
v0xb470e263cb90_1945 .array/port v0xb470e263cb90, 1945;
v0xb470e263cb90_1946 .array/port v0xb470e263cb90, 1946;
v0xb470e263cb90_1947 .array/port v0xb470e263cb90, 1947;
v0xb470e263cb90_1948 .array/port v0xb470e263cb90, 1948;
E_0xb470e2641e60/488 .event anyedge, v0xb470e263cb90_1945, v0xb470e263cb90_1946, v0xb470e263cb90_1947, v0xb470e263cb90_1948;
v0xb470e263cb90_1949 .array/port v0xb470e263cb90, 1949;
v0xb470e263cb90_1950 .array/port v0xb470e263cb90, 1950;
v0xb470e263cb90_1951 .array/port v0xb470e263cb90, 1951;
v0xb470e263cb90_1952 .array/port v0xb470e263cb90, 1952;
E_0xb470e2641e60/489 .event anyedge, v0xb470e263cb90_1949, v0xb470e263cb90_1950, v0xb470e263cb90_1951, v0xb470e263cb90_1952;
v0xb470e263cb90_1953 .array/port v0xb470e263cb90, 1953;
v0xb470e263cb90_1954 .array/port v0xb470e263cb90, 1954;
v0xb470e263cb90_1955 .array/port v0xb470e263cb90, 1955;
v0xb470e263cb90_1956 .array/port v0xb470e263cb90, 1956;
E_0xb470e2641e60/490 .event anyedge, v0xb470e263cb90_1953, v0xb470e263cb90_1954, v0xb470e263cb90_1955, v0xb470e263cb90_1956;
v0xb470e263cb90_1957 .array/port v0xb470e263cb90, 1957;
v0xb470e263cb90_1958 .array/port v0xb470e263cb90, 1958;
v0xb470e263cb90_1959 .array/port v0xb470e263cb90, 1959;
v0xb470e263cb90_1960 .array/port v0xb470e263cb90, 1960;
E_0xb470e2641e60/491 .event anyedge, v0xb470e263cb90_1957, v0xb470e263cb90_1958, v0xb470e263cb90_1959, v0xb470e263cb90_1960;
v0xb470e263cb90_1961 .array/port v0xb470e263cb90, 1961;
v0xb470e263cb90_1962 .array/port v0xb470e263cb90, 1962;
v0xb470e263cb90_1963 .array/port v0xb470e263cb90, 1963;
v0xb470e263cb90_1964 .array/port v0xb470e263cb90, 1964;
E_0xb470e2641e60/492 .event anyedge, v0xb470e263cb90_1961, v0xb470e263cb90_1962, v0xb470e263cb90_1963, v0xb470e263cb90_1964;
v0xb470e263cb90_1965 .array/port v0xb470e263cb90, 1965;
v0xb470e263cb90_1966 .array/port v0xb470e263cb90, 1966;
v0xb470e263cb90_1967 .array/port v0xb470e263cb90, 1967;
v0xb470e263cb90_1968 .array/port v0xb470e263cb90, 1968;
E_0xb470e2641e60/493 .event anyedge, v0xb470e263cb90_1965, v0xb470e263cb90_1966, v0xb470e263cb90_1967, v0xb470e263cb90_1968;
v0xb470e263cb90_1969 .array/port v0xb470e263cb90, 1969;
v0xb470e263cb90_1970 .array/port v0xb470e263cb90, 1970;
v0xb470e263cb90_1971 .array/port v0xb470e263cb90, 1971;
v0xb470e263cb90_1972 .array/port v0xb470e263cb90, 1972;
E_0xb470e2641e60/494 .event anyedge, v0xb470e263cb90_1969, v0xb470e263cb90_1970, v0xb470e263cb90_1971, v0xb470e263cb90_1972;
v0xb470e263cb90_1973 .array/port v0xb470e263cb90, 1973;
v0xb470e263cb90_1974 .array/port v0xb470e263cb90, 1974;
v0xb470e263cb90_1975 .array/port v0xb470e263cb90, 1975;
v0xb470e263cb90_1976 .array/port v0xb470e263cb90, 1976;
E_0xb470e2641e60/495 .event anyedge, v0xb470e263cb90_1973, v0xb470e263cb90_1974, v0xb470e263cb90_1975, v0xb470e263cb90_1976;
v0xb470e263cb90_1977 .array/port v0xb470e263cb90, 1977;
v0xb470e263cb90_1978 .array/port v0xb470e263cb90, 1978;
v0xb470e263cb90_1979 .array/port v0xb470e263cb90, 1979;
v0xb470e263cb90_1980 .array/port v0xb470e263cb90, 1980;
E_0xb470e2641e60/496 .event anyedge, v0xb470e263cb90_1977, v0xb470e263cb90_1978, v0xb470e263cb90_1979, v0xb470e263cb90_1980;
v0xb470e263cb90_1981 .array/port v0xb470e263cb90, 1981;
v0xb470e263cb90_1982 .array/port v0xb470e263cb90, 1982;
v0xb470e263cb90_1983 .array/port v0xb470e263cb90, 1983;
v0xb470e263cb90_1984 .array/port v0xb470e263cb90, 1984;
E_0xb470e2641e60/497 .event anyedge, v0xb470e263cb90_1981, v0xb470e263cb90_1982, v0xb470e263cb90_1983, v0xb470e263cb90_1984;
v0xb470e263cb90_1985 .array/port v0xb470e263cb90, 1985;
v0xb470e263cb90_1986 .array/port v0xb470e263cb90, 1986;
v0xb470e263cb90_1987 .array/port v0xb470e263cb90, 1987;
v0xb470e263cb90_1988 .array/port v0xb470e263cb90, 1988;
E_0xb470e2641e60/498 .event anyedge, v0xb470e263cb90_1985, v0xb470e263cb90_1986, v0xb470e263cb90_1987, v0xb470e263cb90_1988;
v0xb470e263cb90_1989 .array/port v0xb470e263cb90, 1989;
v0xb470e263cb90_1990 .array/port v0xb470e263cb90, 1990;
v0xb470e263cb90_1991 .array/port v0xb470e263cb90, 1991;
v0xb470e263cb90_1992 .array/port v0xb470e263cb90, 1992;
E_0xb470e2641e60/499 .event anyedge, v0xb470e263cb90_1989, v0xb470e263cb90_1990, v0xb470e263cb90_1991, v0xb470e263cb90_1992;
v0xb470e263cb90_1993 .array/port v0xb470e263cb90, 1993;
v0xb470e263cb90_1994 .array/port v0xb470e263cb90, 1994;
v0xb470e263cb90_1995 .array/port v0xb470e263cb90, 1995;
v0xb470e263cb90_1996 .array/port v0xb470e263cb90, 1996;
E_0xb470e2641e60/500 .event anyedge, v0xb470e263cb90_1993, v0xb470e263cb90_1994, v0xb470e263cb90_1995, v0xb470e263cb90_1996;
v0xb470e263cb90_1997 .array/port v0xb470e263cb90, 1997;
v0xb470e263cb90_1998 .array/port v0xb470e263cb90, 1998;
v0xb470e263cb90_1999 .array/port v0xb470e263cb90, 1999;
v0xb470e263cb90_2000 .array/port v0xb470e263cb90, 2000;
E_0xb470e2641e60/501 .event anyedge, v0xb470e263cb90_1997, v0xb470e263cb90_1998, v0xb470e263cb90_1999, v0xb470e263cb90_2000;
v0xb470e263cb90_2001 .array/port v0xb470e263cb90, 2001;
v0xb470e263cb90_2002 .array/port v0xb470e263cb90, 2002;
v0xb470e263cb90_2003 .array/port v0xb470e263cb90, 2003;
v0xb470e263cb90_2004 .array/port v0xb470e263cb90, 2004;
E_0xb470e2641e60/502 .event anyedge, v0xb470e263cb90_2001, v0xb470e263cb90_2002, v0xb470e263cb90_2003, v0xb470e263cb90_2004;
v0xb470e263cb90_2005 .array/port v0xb470e263cb90, 2005;
v0xb470e263cb90_2006 .array/port v0xb470e263cb90, 2006;
v0xb470e263cb90_2007 .array/port v0xb470e263cb90, 2007;
v0xb470e263cb90_2008 .array/port v0xb470e263cb90, 2008;
E_0xb470e2641e60/503 .event anyedge, v0xb470e263cb90_2005, v0xb470e263cb90_2006, v0xb470e263cb90_2007, v0xb470e263cb90_2008;
v0xb470e263cb90_2009 .array/port v0xb470e263cb90, 2009;
v0xb470e263cb90_2010 .array/port v0xb470e263cb90, 2010;
v0xb470e263cb90_2011 .array/port v0xb470e263cb90, 2011;
v0xb470e263cb90_2012 .array/port v0xb470e263cb90, 2012;
E_0xb470e2641e60/504 .event anyedge, v0xb470e263cb90_2009, v0xb470e263cb90_2010, v0xb470e263cb90_2011, v0xb470e263cb90_2012;
v0xb470e263cb90_2013 .array/port v0xb470e263cb90, 2013;
v0xb470e263cb90_2014 .array/port v0xb470e263cb90, 2014;
v0xb470e263cb90_2015 .array/port v0xb470e263cb90, 2015;
v0xb470e263cb90_2016 .array/port v0xb470e263cb90, 2016;
E_0xb470e2641e60/505 .event anyedge, v0xb470e263cb90_2013, v0xb470e263cb90_2014, v0xb470e263cb90_2015, v0xb470e263cb90_2016;
v0xb470e263cb90_2017 .array/port v0xb470e263cb90, 2017;
v0xb470e263cb90_2018 .array/port v0xb470e263cb90, 2018;
v0xb470e263cb90_2019 .array/port v0xb470e263cb90, 2019;
v0xb470e263cb90_2020 .array/port v0xb470e263cb90, 2020;
E_0xb470e2641e60/506 .event anyedge, v0xb470e263cb90_2017, v0xb470e263cb90_2018, v0xb470e263cb90_2019, v0xb470e263cb90_2020;
v0xb470e263cb90_2021 .array/port v0xb470e263cb90, 2021;
v0xb470e263cb90_2022 .array/port v0xb470e263cb90, 2022;
v0xb470e263cb90_2023 .array/port v0xb470e263cb90, 2023;
v0xb470e263cb90_2024 .array/port v0xb470e263cb90, 2024;
E_0xb470e2641e60/507 .event anyedge, v0xb470e263cb90_2021, v0xb470e263cb90_2022, v0xb470e263cb90_2023, v0xb470e263cb90_2024;
v0xb470e263cb90_2025 .array/port v0xb470e263cb90, 2025;
v0xb470e263cb90_2026 .array/port v0xb470e263cb90, 2026;
v0xb470e263cb90_2027 .array/port v0xb470e263cb90, 2027;
v0xb470e263cb90_2028 .array/port v0xb470e263cb90, 2028;
E_0xb470e2641e60/508 .event anyedge, v0xb470e263cb90_2025, v0xb470e263cb90_2026, v0xb470e263cb90_2027, v0xb470e263cb90_2028;
v0xb470e263cb90_2029 .array/port v0xb470e263cb90, 2029;
v0xb470e263cb90_2030 .array/port v0xb470e263cb90, 2030;
v0xb470e263cb90_2031 .array/port v0xb470e263cb90, 2031;
v0xb470e263cb90_2032 .array/port v0xb470e263cb90, 2032;
E_0xb470e2641e60/509 .event anyedge, v0xb470e263cb90_2029, v0xb470e263cb90_2030, v0xb470e263cb90_2031, v0xb470e263cb90_2032;
v0xb470e263cb90_2033 .array/port v0xb470e263cb90, 2033;
v0xb470e263cb90_2034 .array/port v0xb470e263cb90, 2034;
v0xb470e263cb90_2035 .array/port v0xb470e263cb90, 2035;
v0xb470e263cb90_2036 .array/port v0xb470e263cb90, 2036;
E_0xb470e2641e60/510 .event anyedge, v0xb470e263cb90_2033, v0xb470e263cb90_2034, v0xb470e263cb90_2035, v0xb470e263cb90_2036;
v0xb470e263cb90_2037 .array/port v0xb470e263cb90, 2037;
v0xb470e263cb90_2038 .array/port v0xb470e263cb90, 2038;
v0xb470e263cb90_2039 .array/port v0xb470e263cb90, 2039;
v0xb470e263cb90_2040 .array/port v0xb470e263cb90, 2040;
E_0xb470e2641e60/511 .event anyedge, v0xb470e263cb90_2037, v0xb470e263cb90_2038, v0xb470e263cb90_2039, v0xb470e263cb90_2040;
v0xb470e263cb90_2041 .array/port v0xb470e263cb90, 2041;
v0xb470e263cb90_2042 .array/port v0xb470e263cb90, 2042;
v0xb470e263cb90_2043 .array/port v0xb470e263cb90, 2043;
v0xb470e263cb90_2044 .array/port v0xb470e263cb90, 2044;
E_0xb470e2641e60/512 .event anyedge, v0xb470e263cb90_2041, v0xb470e263cb90_2042, v0xb470e263cb90_2043, v0xb470e263cb90_2044;
v0xb470e263cb90_2045 .array/port v0xb470e263cb90, 2045;
v0xb470e263cb90_2046 .array/port v0xb470e263cb90, 2046;
v0xb470e263cb90_2047 .array/port v0xb470e263cb90, 2047;
v0xb470e263cb90_2048 .array/port v0xb470e263cb90, 2048;
E_0xb470e2641e60/513 .event anyedge, v0xb470e263cb90_2045, v0xb470e263cb90_2046, v0xb470e263cb90_2047, v0xb470e263cb90_2048;
v0xb470e263cb90_2049 .array/port v0xb470e263cb90, 2049;
v0xb470e263cb90_2050 .array/port v0xb470e263cb90, 2050;
v0xb470e263cb90_2051 .array/port v0xb470e263cb90, 2051;
v0xb470e263cb90_2052 .array/port v0xb470e263cb90, 2052;
E_0xb470e2641e60/514 .event anyedge, v0xb470e263cb90_2049, v0xb470e263cb90_2050, v0xb470e263cb90_2051, v0xb470e263cb90_2052;
v0xb470e263cb90_2053 .array/port v0xb470e263cb90, 2053;
v0xb470e263cb90_2054 .array/port v0xb470e263cb90, 2054;
v0xb470e263cb90_2055 .array/port v0xb470e263cb90, 2055;
v0xb470e263cb90_2056 .array/port v0xb470e263cb90, 2056;
E_0xb470e2641e60/515 .event anyedge, v0xb470e263cb90_2053, v0xb470e263cb90_2054, v0xb470e263cb90_2055, v0xb470e263cb90_2056;
v0xb470e263cb90_2057 .array/port v0xb470e263cb90, 2057;
v0xb470e263cb90_2058 .array/port v0xb470e263cb90, 2058;
v0xb470e263cb90_2059 .array/port v0xb470e263cb90, 2059;
v0xb470e263cb90_2060 .array/port v0xb470e263cb90, 2060;
E_0xb470e2641e60/516 .event anyedge, v0xb470e263cb90_2057, v0xb470e263cb90_2058, v0xb470e263cb90_2059, v0xb470e263cb90_2060;
v0xb470e263cb90_2061 .array/port v0xb470e263cb90, 2061;
v0xb470e263cb90_2062 .array/port v0xb470e263cb90, 2062;
v0xb470e263cb90_2063 .array/port v0xb470e263cb90, 2063;
v0xb470e263cb90_2064 .array/port v0xb470e263cb90, 2064;
E_0xb470e2641e60/517 .event anyedge, v0xb470e263cb90_2061, v0xb470e263cb90_2062, v0xb470e263cb90_2063, v0xb470e263cb90_2064;
v0xb470e263cb90_2065 .array/port v0xb470e263cb90, 2065;
v0xb470e263cb90_2066 .array/port v0xb470e263cb90, 2066;
v0xb470e263cb90_2067 .array/port v0xb470e263cb90, 2067;
v0xb470e263cb90_2068 .array/port v0xb470e263cb90, 2068;
E_0xb470e2641e60/518 .event anyedge, v0xb470e263cb90_2065, v0xb470e263cb90_2066, v0xb470e263cb90_2067, v0xb470e263cb90_2068;
v0xb470e263cb90_2069 .array/port v0xb470e263cb90, 2069;
v0xb470e263cb90_2070 .array/port v0xb470e263cb90, 2070;
v0xb470e263cb90_2071 .array/port v0xb470e263cb90, 2071;
v0xb470e263cb90_2072 .array/port v0xb470e263cb90, 2072;
E_0xb470e2641e60/519 .event anyedge, v0xb470e263cb90_2069, v0xb470e263cb90_2070, v0xb470e263cb90_2071, v0xb470e263cb90_2072;
v0xb470e263cb90_2073 .array/port v0xb470e263cb90, 2073;
v0xb470e263cb90_2074 .array/port v0xb470e263cb90, 2074;
v0xb470e263cb90_2075 .array/port v0xb470e263cb90, 2075;
v0xb470e263cb90_2076 .array/port v0xb470e263cb90, 2076;
E_0xb470e2641e60/520 .event anyedge, v0xb470e263cb90_2073, v0xb470e263cb90_2074, v0xb470e263cb90_2075, v0xb470e263cb90_2076;
v0xb470e263cb90_2077 .array/port v0xb470e263cb90, 2077;
v0xb470e263cb90_2078 .array/port v0xb470e263cb90, 2078;
v0xb470e263cb90_2079 .array/port v0xb470e263cb90, 2079;
v0xb470e263cb90_2080 .array/port v0xb470e263cb90, 2080;
E_0xb470e2641e60/521 .event anyedge, v0xb470e263cb90_2077, v0xb470e263cb90_2078, v0xb470e263cb90_2079, v0xb470e263cb90_2080;
v0xb470e263cb90_2081 .array/port v0xb470e263cb90, 2081;
v0xb470e263cb90_2082 .array/port v0xb470e263cb90, 2082;
v0xb470e263cb90_2083 .array/port v0xb470e263cb90, 2083;
v0xb470e263cb90_2084 .array/port v0xb470e263cb90, 2084;
E_0xb470e2641e60/522 .event anyedge, v0xb470e263cb90_2081, v0xb470e263cb90_2082, v0xb470e263cb90_2083, v0xb470e263cb90_2084;
v0xb470e263cb90_2085 .array/port v0xb470e263cb90, 2085;
v0xb470e263cb90_2086 .array/port v0xb470e263cb90, 2086;
v0xb470e263cb90_2087 .array/port v0xb470e263cb90, 2087;
v0xb470e263cb90_2088 .array/port v0xb470e263cb90, 2088;
E_0xb470e2641e60/523 .event anyedge, v0xb470e263cb90_2085, v0xb470e263cb90_2086, v0xb470e263cb90_2087, v0xb470e263cb90_2088;
v0xb470e263cb90_2089 .array/port v0xb470e263cb90, 2089;
v0xb470e263cb90_2090 .array/port v0xb470e263cb90, 2090;
v0xb470e263cb90_2091 .array/port v0xb470e263cb90, 2091;
v0xb470e263cb90_2092 .array/port v0xb470e263cb90, 2092;
E_0xb470e2641e60/524 .event anyedge, v0xb470e263cb90_2089, v0xb470e263cb90_2090, v0xb470e263cb90_2091, v0xb470e263cb90_2092;
v0xb470e263cb90_2093 .array/port v0xb470e263cb90, 2093;
v0xb470e263cb90_2094 .array/port v0xb470e263cb90, 2094;
v0xb470e263cb90_2095 .array/port v0xb470e263cb90, 2095;
v0xb470e263cb90_2096 .array/port v0xb470e263cb90, 2096;
E_0xb470e2641e60/525 .event anyedge, v0xb470e263cb90_2093, v0xb470e263cb90_2094, v0xb470e263cb90_2095, v0xb470e263cb90_2096;
v0xb470e263cb90_2097 .array/port v0xb470e263cb90, 2097;
v0xb470e263cb90_2098 .array/port v0xb470e263cb90, 2098;
v0xb470e263cb90_2099 .array/port v0xb470e263cb90, 2099;
v0xb470e263cb90_2100 .array/port v0xb470e263cb90, 2100;
E_0xb470e2641e60/526 .event anyedge, v0xb470e263cb90_2097, v0xb470e263cb90_2098, v0xb470e263cb90_2099, v0xb470e263cb90_2100;
v0xb470e263cb90_2101 .array/port v0xb470e263cb90, 2101;
v0xb470e263cb90_2102 .array/port v0xb470e263cb90, 2102;
v0xb470e263cb90_2103 .array/port v0xb470e263cb90, 2103;
v0xb470e263cb90_2104 .array/port v0xb470e263cb90, 2104;
E_0xb470e2641e60/527 .event anyedge, v0xb470e263cb90_2101, v0xb470e263cb90_2102, v0xb470e263cb90_2103, v0xb470e263cb90_2104;
v0xb470e263cb90_2105 .array/port v0xb470e263cb90, 2105;
v0xb470e263cb90_2106 .array/port v0xb470e263cb90, 2106;
v0xb470e263cb90_2107 .array/port v0xb470e263cb90, 2107;
v0xb470e263cb90_2108 .array/port v0xb470e263cb90, 2108;
E_0xb470e2641e60/528 .event anyedge, v0xb470e263cb90_2105, v0xb470e263cb90_2106, v0xb470e263cb90_2107, v0xb470e263cb90_2108;
v0xb470e263cb90_2109 .array/port v0xb470e263cb90, 2109;
v0xb470e263cb90_2110 .array/port v0xb470e263cb90, 2110;
v0xb470e263cb90_2111 .array/port v0xb470e263cb90, 2111;
v0xb470e263cb90_2112 .array/port v0xb470e263cb90, 2112;
E_0xb470e2641e60/529 .event anyedge, v0xb470e263cb90_2109, v0xb470e263cb90_2110, v0xb470e263cb90_2111, v0xb470e263cb90_2112;
v0xb470e263cb90_2113 .array/port v0xb470e263cb90, 2113;
v0xb470e263cb90_2114 .array/port v0xb470e263cb90, 2114;
v0xb470e263cb90_2115 .array/port v0xb470e263cb90, 2115;
v0xb470e263cb90_2116 .array/port v0xb470e263cb90, 2116;
E_0xb470e2641e60/530 .event anyedge, v0xb470e263cb90_2113, v0xb470e263cb90_2114, v0xb470e263cb90_2115, v0xb470e263cb90_2116;
v0xb470e263cb90_2117 .array/port v0xb470e263cb90, 2117;
v0xb470e263cb90_2118 .array/port v0xb470e263cb90, 2118;
v0xb470e263cb90_2119 .array/port v0xb470e263cb90, 2119;
v0xb470e263cb90_2120 .array/port v0xb470e263cb90, 2120;
E_0xb470e2641e60/531 .event anyedge, v0xb470e263cb90_2117, v0xb470e263cb90_2118, v0xb470e263cb90_2119, v0xb470e263cb90_2120;
v0xb470e263cb90_2121 .array/port v0xb470e263cb90, 2121;
v0xb470e263cb90_2122 .array/port v0xb470e263cb90, 2122;
v0xb470e263cb90_2123 .array/port v0xb470e263cb90, 2123;
v0xb470e263cb90_2124 .array/port v0xb470e263cb90, 2124;
E_0xb470e2641e60/532 .event anyedge, v0xb470e263cb90_2121, v0xb470e263cb90_2122, v0xb470e263cb90_2123, v0xb470e263cb90_2124;
v0xb470e263cb90_2125 .array/port v0xb470e263cb90, 2125;
v0xb470e263cb90_2126 .array/port v0xb470e263cb90, 2126;
v0xb470e263cb90_2127 .array/port v0xb470e263cb90, 2127;
v0xb470e263cb90_2128 .array/port v0xb470e263cb90, 2128;
E_0xb470e2641e60/533 .event anyedge, v0xb470e263cb90_2125, v0xb470e263cb90_2126, v0xb470e263cb90_2127, v0xb470e263cb90_2128;
v0xb470e263cb90_2129 .array/port v0xb470e263cb90, 2129;
v0xb470e263cb90_2130 .array/port v0xb470e263cb90, 2130;
v0xb470e263cb90_2131 .array/port v0xb470e263cb90, 2131;
v0xb470e263cb90_2132 .array/port v0xb470e263cb90, 2132;
E_0xb470e2641e60/534 .event anyedge, v0xb470e263cb90_2129, v0xb470e263cb90_2130, v0xb470e263cb90_2131, v0xb470e263cb90_2132;
v0xb470e263cb90_2133 .array/port v0xb470e263cb90, 2133;
v0xb470e263cb90_2134 .array/port v0xb470e263cb90, 2134;
v0xb470e263cb90_2135 .array/port v0xb470e263cb90, 2135;
v0xb470e263cb90_2136 .array/port v0xb470e263cb90, 2136;
E_0xb470e2641e60/535 .event anyedge, v0xb470e263cb90_2133, v0xb470e263cb90_2134, v0xb470e263cb90_2135, v0xb470e263cb90_2136;
v0xb470e263cb90_2137 .array/port v0xb470e263cb90, 2137;
v0xb470e263cb90_2138 .array/port v0xb470e263cb90, 2138;
v0xb470e263cb90_2139 .array/port v0xb470e263cb90, 2139;
v0xb470e263cb90_2140 .array/port v0xb470e263cb90, 2140;
E_0xb470e2641e60/536 .event anyedge, v0xb470e263cb90_2137, v0xb470e263cb90_2138, v0xb470e263cb90_2139, v0xb470e263cb90_2140;
v0xb470e263cb90_2141 .array/port v0xb470e263cb90, 2141;
v0xb470e263cb90_2142 .array/port v0xb470e263cb90, 2142;
v0xb470e263cb90_2143 .array/port v0xb470e263cb90, 2143;
v0xb470e263cb90_2144 .array/port v0xb470e263cb90, 2144;
E_0xb470e2641e60/537 .event anyedge, v0xb470e263cb90_2141, v0xb470e263cb90_2142, v0xb470e263cb90_2143, v0xb470e263cb90_2144;
v0xb470e263cb90_2145 .array/port v0xb470e263cb90, 2145;
v0xb470e263cb90_2146 .array/port v0xb470e263cb90, 2146;
v0xb470e263cb90_2147 .array/port v0xb470e263cb90, 2147;
v0xb470e263cb90_2148 .array/port v0xb470e263cb90, 2148;
E_0xb470e2641e60/538 .event anyedge, v0xb470e263cb90_2145, v0xb470e263cb90_2146, v0xb470e263cb90_2147, v0xb470e263cb90_2148;
v0xb470e263cb90_2149 .array/port v0xb470e263cb90, 2149;
v0xb470e263cb90_2150 .array/port v0xb470e263cb90, 2150;
v0xb470e263cb90_2151 .array/port v0xb470e263cb90, 2151;
v0xb470e263cb90_2152 .array/port v0xb470e263cb90, 2152;
E_0xb470e2641e60/539 .event anyedge, v0xb470e263cb90_2149, v0xb470e263cb90_2150, v0xb470e263cb90_2151, v0xb470e263cb90_2152;
v0xb470e263cb90_2153 .array/port v0xb470e263cb90, 2153;
v0xb470e263cb90_2154 .array/port v0xb470e263cb90, 2154;
v0xb470e263cb90_2155 .array/port v0xb470e263cb90, 2155;
v0xb470e263cb90_2156 .array/port v0xb470e263cb90, 2156;
E_0xb470e2641e60/540 .event anyedge, v0xb470e263cb90_2153, v0xb470e263cb90_2154, v0xb470e263cb90_2155, v0xb470e263cb90_2156;
v0xb470e263cb90_2157 .array/port v0xb470e263cb90, 2157;
v0xb470e263cb90_2158 .array/port v0xb470e263cb90, 2158;
v0xb470e263cb90_2159 .array/port v0xb470e263cb90, 2159;
v0xb470e263cb90_2160 .array/port v0xb470e263cb90, 2160;
E_0xb470e2641e60/541 .event anyedge, v0xb470e263cb90_2157, v0xb470e263cb90_2158, v0xb470e263cb90_2159, v0xb470e263cb90_2160;
v0xb470e263cb90_2161 .array/port v0xb470e263cb90, 2161;
v0xb470e263cb90_2162 .array/port v0xb470e263cb90, 2162;
v0xb470e263cb90_2163 .array/port v0xb470e263cb90, 2163;
v0xb470e263cb90_2164 .array/port v0xb470e263cb90, 2164;
E_0xb470e2641e60/542 .event anyedge, v0xb470e263cb90_2161, v0xb470e263cb90_2162, v0xb470e263cb90_2163, v0xb470e263cb90_2164;
v0xb470e263cb90_2165 .array/port v0xb470e263cb90, 2165;
v0xb470e263cb90_2166 .array/port v0xb470e263cb90, 2166;
v0xb470e263cb90_2167 .array/port v0xb470e263cb90, 2167;
v0xb470e263cb90_2168 .array/port v0xb470e263cb90, 2168;
E_0xb470e2641e60/543 .event anyedge, v0xb470e263cb90_2165, v0xb470e263cb90_2166, v0xb470e263cb90_2167, v0xb470e263cb90_2168;
v0xb470e263cb90_2169 .array/port v0xb470e263cb90, 2169;
v0xb470e263cb90_2170 .array/port v0xb470e263cb90, 2170;
v0xb470e263cb90_2171 .array/port v0xb470e263cb90, 2171;
v0xb470e263cb90_2172 .array/port v0xb470e263cb90, 2172;
E_0xb470e2641e60/544 .event anyedge, v0xb470e263cb90_2169, v0xb470e263cb90_2170, v0xb470e263cb90_2171, v0xb470e263cb90_2172;
v0xb470e263cb90_2173 .array/port v0xb470e263cb90, 2173;
v0xb470e263cb90_2174 .array/port v0xb470e263cb90, 2174;
v0xb470e263cb90_2175 .array/port v0xb470e263cb90, 2175;
v0xb470e263cb90_2176 .array/port v0xb470e263cb90, 2176;
E_0xb470e2641e60/545 .event anyedge, v0xb470e263cb90_2173, v0xb470e263cb90_2174, v0xb470e263cb90_2175, v0xb470e263cb90_2176;
v0xb470e263cb90_2177 .array/port v0xb470e263cb90, 2177;
v0xb470e263cb90_2178 .array/port v0xb470e263cb90, 2178;
v0xb470e263cb90_2179 .array/port v0xb470e263cb90, 2179;
v0xb470e263cb90_2180 .array/port v0xb470e263cb90, 2180;
E_0xb470e2641e60/546 .event anyedge, v0xb470e263cb90_2177, v0xb470e263cb90_2178, v0xb470e263cb90_2179, v0xb470e263cb90_2180;
v0xb470e263cb90_2181 .array/port v0xb470e263cb90, 2181;
v0xb470e263cb90_2182 .array/port v0xb470e263cb90, 2182;
v0xb470e263cb90_2183 .array/port v0xb470e263cb90, 2183;
v0xb470e263cb90_2184 .array/port v0xb470e263cb90, 2184;
E_0xb470e2641e60/547 .event anyedge, v0xb470e263cb90_2181, v0xb470e263cb90_2182, v0xb470e263cb90_2183, v0xb470e263cb90_2184;
v0xb470e263cb90_2185 .array/port v0xb470e263cb90, 2185;
v0xb470e263cb90_2186 .array/port v0xb470e263cb90, 2186;
v0xb470e263cb90_2187 .array/port v0xb470e263cb90, 2187;
v0xb470e263cb90_2188 .array/port v0xb470e263cb90, 2188;
E_0xb470e2641e60/548 .event anyedge, v0xb470e263cb90_2185, v0xb470e263cb90_2186, v0xb470e263cb90_2187, v0xb470e263cb90_2188;
v0xb470e263cb90_2189 .array/port v0xb470e263cb90, 2189;
v0xb470e263cb90_2190 .array/port v0xb470e263cb90, 2190;
v0xb470e263cb90_2191 .array/port v0xb470e263cb90, 2191;
v0xb470e263cb90_2192 .array/port v0xb470e263cb90, 2192;
E_0xb470e2641e60/549 .event anyedge, v0xb470e263cb90_2189, v0xb470e263cb90_2190, v0xb470e263cb90_2191, v0xb470e263cb90_2192;
v0xb470e263cb90_2193 .array/port v0xb470e263cb90, 2193;
v0xb470e263cb90_2194 .array/port v0xb470e263cb90, 2194;
v0xb470e263cb90_2195 .array/port v0xb470e263cb90, 2195;
v0xb470e263cb90_2196 .array/port v0xb470e263cb90, 2196;
E_0xb470e2641e60/550 .event anyedge, v0xb470e263cb90_2193, v0xb470e263cb90_2194, v0xb470e263cb90_2195, v0xb470e263cb90_2196;
v0xb470e263cb90_2197 .array/port v0xb470e263cb90, 2197;
v0xb470e263cb90_2198 .array/port v0xb470e263cb90, 2198;
v0xb470e263cb90_2199 .array/port v0xb470e263cb90, 2199;
v0xb470e263cb90_2200 .array/port v0xb470e263cb90, 2200;
E_0xb470e2641e60/551 .event anyedge, v0xb470e263cb90_2197, v0xb470e263cb90_2198, v0xb470e263cb90_2199, v0xb470e263cb90_2200;
v0xb470e263cb90_2201 .array/port v0xb470e263cb90, 2201;
v0xb470e263cb90_2202 .array/port v0xb470e263cb90, 2202;
v0xb470e263cb90_2203 .array/port v0xb470e263cb90, 2203;
v0xb470e263cb90_2204 .array/port v0xb470e263cb90, 2204;
E_0xb470e2641e60/552 .event anyedge, v0xb470e263cb90_2201, v0xb470e263cb90_2202, v0xb470e263cb90_2203, v0xb470e263cb90_2204;
v0xb470e263cb90_2205 .array/port v0xb470e263cb90, 2205;
v0xb470e263cb90_2206 .array/port v0xb470e263cb90, 2206;
v0xb470e263cb90_2207 .array/port v0xb470e263cb90, 2207;
v0xb470e263cb90_2208 .array/port v0xb470e263cb90, 2208;
E_0xb470e2641e60/553 .event anyedge, v0xb470e263cb90_2205, v0xb470e263cb90_2206, v0xb470e263cb90_2207, v0xb470e263cb90_2208;
v0xb470e263cb90_2209 .array/port v0xb470e263cb90, 2209;
v0xb470e263cb90_2210 .array/port v0xb470e263cb90, 2210;
v0xb470e263cb90_2211 .array/port v0xb470e263cb90, 2211;
v0xb470e263cb90_2212 .array/port v0xb470e263cb90, 2212;
E_0xb470e2641e60/554 .event anyedge, v0xb470e263cb90_2209, v0xb470e263cb90_2210, v0xb470e263cb90_2211, v0xb470e263cb90_2212;
v0xb470e263cb90_2213 .array/port v0xb470e263cb90, 2213;
v0xb470e263cb90_2214 .array/port v0xb470e263cb90, 2214;
v0xb470e263cb90_2215 .array/port v0xb470e263cb90, 2215;
v0xb470e263cb90_2216 .array/port v0xb470e263cb90, 2216;
E_0xb470e2641e60/555 .event anyedge, v0xb470e263cb90_2213, v0xb470e263cb90_2214, v0xb470e263cb90_2215, v0xb470e263cb90_2216;
v0xb470e263cb90_2217 .array/port v0xb470e263cb90, 2217;
v0xb470e263cb90_2218 .array/port v0xb470e263cb90, 2218;
v0xb470e263cb90_2219 .array/port v0xb470e263cb90, 2219;
v0xb470e263cb90_2220 .array/port v0xb470e263cb90, 2220;
E_0xb470e2641e60/556 .event anyedge, v0xb470e263cb90_2217, v0xb470e263cb90_2218, v0xb470e263cb90_2219, v0xb470e263cb90_2220;
v0xb470e263cb90_2221 .array/port v0xb470e263cb90, 2221;
v0xb470e263cb90_2222 .array/port v0xb470e263cb90, 2222;
v0xb470e263cb90_2223 .array/port v0xb470e263cb90, 2223;
v0xb470e263cb90_2224 .array/port v0xb470e263cb90, 2224;
E_0xb470e2641e60/557 .event anyedge, v0xb470e263cb90_2221, v0xb470e263cb90_2222, v0xb470e263cb90_2223, v0xb470e263cb90_2224;
v0xb470e263cb90_2225 .array/port v0xb470e263cb90, 2225;
v0xb470e263cb90_2226 .array/port v0xb470e263cb90, 2226;
v0xb470e263cb90_2227 .array/port v0xb470e263cb90, 2227;
v0xb470e263cb90_2228 .array/port v0xb470e263cb90, 2228;
E_0xb470e2641e60/558 .event anyedge, v0xb470e263cb90_2225, v0xb470e263cb90_2226, v0xb470e263cb90_2227, v0xb470e263cb90_2228;
v0xb470e263cb90_2229 .array/port v0xb470e263cb90, 2229;
v0xb470e263cb90_2230 .array/port v0xb470e263cb90, 2230;
v0xb470e263cb90_2231 .array/port v0xb470e263cb90, 2231;
v0xb470e263cb90_2232 .array/port v0xb470e263cb90, 2232;
E_0xb470e2641e60/559 .event anyedge, v0xb470e263cb90_2229, v0xb470e263cb90_2230, v0xb470e263cb90_2231, v0xb470e263cb90_2232;
v0xb470e263cb90_2233 .array/port v0xb470e263cb90, 2233;
v0xb470e263cb90_2234 .array/port v0xb470e263cb90, 2234;
v0xb470e263cb90_2235 .array/port v0xb470e263cb90, 2235;
v0xb470e263cb90_2236 .array/port v0xb470e263cb90, 2236;
E_0xb470e2641e60/560 .event anyedge, v0xb470e263cb90_2233, v0xb470e263cb90_2234, v0xb470e263cb90_2235, v0xb470e263cb90_2236;
v0xb470e263cb90_2237 .array/port v0xb470e263cb90, 2237;
v0xb470e263cb90_2238 .array/port v0xb470e263cb90, 2238;
v0xb470e263cb90_2239 .array/port v0xb470e263cb90, 2239;
v0xb470e263cb90_2240 .array/port v0xb470e263cb90, 2240;
E_0xb470e2641e60/561 .event anyedge, v0xb470e263cb90_2237, v0xb470e263cb90_2238, v0xb470e263cb90_2239, v0xb470e263cb90_2240;
v0xb470e263cb90_2241 .array/port v0xb470e263cb90, 2241;
v0xb470e263cb90_2242 .array/port v0xb470e263cb90, 2242;
v0xb470e263cb90_2243 .array/port v0xb470e263cb90, 2243;
v0xb470e263cb90_2244 .array/port v0xb470e263cb90, 2244;
E_0xb470e2641e60/562 .event anyedge, v0xb470e263cb90_2241, v0xb470e263cb90_2242, v0xb470e263cb90_2243, v0xb470e263cb90_2244;
v0xb470e263cb90_2245 .array/port v0xb470e263cb90, 2245;
v0xb470e263cb90_2246 .array/port v0xb470e263cb90, 2246;
v0xb470e263cb90_2247 .array/port v0xb470e263cb90, 2247;
v0xb470e263cb90_2248 .array/port v0xb470e263cb90, 2248;
E_0xb470e2641e60/563 .event anyedge, v0xb470e263cb90_2245, v0xb470e263cb90_2246, v0xb470e263cb90_2247, v0xb470e263cb90_2248;
v0xb470e263cb90_2249 .array/port v0xb470e263cb90, 2249;
v0xb470e263cb90_2250 .array/port v0xb470e263cb90, 2250;
v0xb470e263cb90_2251 .array/port v0xb470e263cb90, 2251;
v0xb470e263cb90_2252 .array/port v0xb470e263cb90, 2252;
E_0xb470e2641e60/564 .event anyedge, v0xb470e263cb90_2249, v0xb470e263cb90_2250, v0xb470e263cb90_2251, v0xb470e263cb90_2252;
v0xb470e263cb90_2253 .array/port v0xb470e263cb90, 2253;
v0xb470e263cb90_2254 .array/port v0xb470e263cb90, 2254;
v0xb470e263cb90_2255 .array/port v0xb470e263cb90, 2255;
v0xb470e263cb90_2256 .array/port v0xb470e263cb90, 2256;
E_0xb470e2641e60/565 .event anyedge, v0xb470e263cb90_2253, v0xb470e263cb90_2254, v0xb470e263cb90_2255, v0xb470e263cb90_2256;
v0xb470e263cb90_2257 .array/port v0xb470e263cb90, 2257;
v0xb470e263cb90_2258 .array/port v0xb470e263cb90, 2258;
v0xb470e263cb90_2259 .array/port v0xb470e263cb90, 2259;
v0xb470e263cb90_2260 .array/port v0xb470e263cb90, 2260;
E_0xb470e2641e60/566 .event anyedge, v0xb470e263cb90_2257, v0xb470e263cb90_2258, v0xb470e263cb90_2259, v0xb470e263cb90_2260;
v0xb470e263cb90_2261 .array/port v0xb470e263cb90, 2261;
v0xb470e263cb90_2262 .array/port v0xb470e263cb90, 2262;
v0xb470e263cb90_2263 .array/port v0xb470e263cb90, 2263;
v0xb470e263cb90_2264 .array/port v0xb470e263cb90, 2264;
E_0xb470e2641e60/567 .event anyedge, v0xb470e263cb90_2261, v0xb470e263cb90_2262, v0xb470e263cb90_2263, v0xb470e263cb90_2264;
v0xb470e263cb90_2265 .array/port v0xb470e263cb90, 2265;
v0xb470e263cb90_2266 .array/port v0xb470e263cb90, 2266;
v0xb470e263cb90_2267 .array/port v0xb470e263cb90, 2267;
v0xb470e263cb90_2268 .array/port v0xb470e263cb90, 2268;
E_0xb470e2641e60/568 .event anyedge, v0xb470e263cb90_2265, v0xb470e263cb90_2266, v0xb470e263cb90_2267, v0xb470e263cb90_2268;
v0xb470e263cb90_2269 .array/port v0xb470e263cb90, 2269;
v0xb470e263cb90_2270 .array/port v0xb470e263cb90, 2270;
v0xb470e263cb90_2271 .array/port v0xb470e263cb90, 2271;
v0xb470e263cb90_2272 .array/port v0xb470e263cb90, 2272;
E_0xb470e2641e60/569 .event anyedge, v0xb470e263cb90_2269, v0xb470e263cb90_2270, v0xb470e263cb90_2271, v0xb470e263cb90_2272;
v0xb470e263cb90_2273 .array/port v0xb470e263cb90, 2273;
v0xb470e263cb90_2274 .array/port v0xb470e263cb90, 2274;
v0xb470e263cb90_2275 .array/port v0xb470e263cb90, 2275;
v0xb470e263cb90_2276 .array/port v0xb470e263cb90, 2276;
E_0xb470e2641e60/570 .event anyedge, v0xb470e263cb90_2273, v0xb470e263cb90_2274, v0xb470e263cb90_2275, v0xb470e263cb90_2276;
v0xb470e263cb90_2277 .array/port v0xb470e263cb90, 2277;
v0xb470e263cb90_2278 .array/port v0xb470e263cb90, 2278;
v0xb470e263cb90_2279 .array/port v0xb470e263cb90, 2279;
v0xb470e263cb90_2280 .array/port v0xb470e263cb90, 2280;
E_0xb470e2641e60/571 .event anyedge, v0xb470e263cb90_2277, v0xb470e263cb90_2278, v0xb470e263cb90_2279, v0xb470e263cb90_2280;
v0xb470e263cb90_2281 .array/port v0xb470e263cb90, 2281;
v0xb470e263cb90_2282 .array/port v0xb470e263cb90, 2282;
v0xb470e263cb90_2283 .array/port v0xb470e263cb90, 2283;
v0xb470e263cb90_2284 .array/port v0xb470e263cb90, 2284;
E_0xb470e2641e60/572 .event anyedge, v0xb470e263cb90_2281, v0xb470e263cb90_2282, v0xb470e263cb90_2283, v0xb470e263cb90_2284;
v0xb470e263cb90_2285 .array/port v0xb470e263cb90, 2285;
v0xb470e263cb90_2286 .array/port v0xb470e263cb90, 2286;
v0xb470e263cb90_2287 .array/port v0xb470e263cb90, 2287;
v0xb470e263cb90_2288 .array/port v0xb470e263cb90, 2288;
E_0xb470e2641e60/573 .event anyedge, v0xb470e263cb90_2285, v0xb470e263cb90_2286, v0xb470e263cb90_2287, v0xb470e263cb90_2288;
v0xb470e263cb90_2289 .array/port v0xb470e263cb90, 2289;
v0xb470e263cb90_2290 .array/port v0xb470e263cb90, 2290;
v0xb470e263cb90_2291 .array/port v0xb470e263cb90, 2291;
v0xb470e263cb90_2292 .array/port v0xb470e263cb90, 2292;
E_0xb470e2641e60/574 .event anyedge, v0xb470e263cb90_2289, v0xb470e263cb90_2290, v0xb470e263cb90_2291, v0xb470e263cb90_2292;
v0xb470e263cb90_2293 .array/port v0xb470e263cb90, 2293;
v0xb470e263cb90_2294 .array/port v0xb470e263cb90, 2294;
v0xb470e263cb90_2295 .array/port v0xb470e263cb90, 2295;
v0xb470e263cb90_2296 .array/port v0xb470e263cb90, 2296;
E_0xb470e2641e60/575 .event anyedge, v0xb470e263cb90_2293, v0xb470e263cb90_2294, v0xb470e263cb90_2295, v0xb470e263cb90_2296;
v0xb470e263cb90_2297 .array/port v0xb470e263cb90, 2297;
v0xb470e263cb90_2298 .array/port v0xb470e263cb90, 2298;
v0xb470e263cb90_2299 .array/port v0xb470e263cb90, 2299;
v0xb470e263cb90_2300 .array/port v0xb470e263cb90, 2300;
E_0xb470e2641e60/576 .event anyedge, v0xb470e263cb90_2297, v0xb470e263cb90_2298, v0xb470e263cb90_2299, v0xb470e263cb90_2300;
v0xb470e263cb90_2301 .array/port v0xb470e263cb90, 2301;
v0xb470e263cb90_2302 .array/port v0xb470e263cb90, 2302;
v0xb470e263cb90_2303 .array/port v0xb470e263cb90, 2303;
v0xb470e263cb90_2304 .array/port v0xb470e263cb90, 2304;
E_0xb470e2641e60/577 .event anyedge, v0xb470e263cb90_2301, v0xb470e263cb90_2302, v0xb470e263cb90_2303, v0xb470e263cb90_2304;
v0xb470e263cb90_2305 .array/port v0xb470e263cb90, 2305;
v0xb470e263cb90_2306 .array/port v0xb470e263cb90, 2306;
v0xb470e263cb90_2307 .array/port v0xb470e263cb90, 2307;
v0xb470e263cb90_2308 .array/port v0xb470e263cb90, 2308;
E_0xb470e2641e60/578 .event anyedge, v0xb470e263cb90_2305, v0xb470e263cb90_2306, v0xb470e263cb90_2307, v0xb470e263cb90_2308;
v0xb470e263cb90_2309 .array/port v0xb470e263cb90, 2309;
v0xb470e263cb90_2310 .array/port v0xb470e263cb90, 2310;
v0xb470e263cb90_2311 .array/port v0xb470e263cb90, 2311;
v0xb470e263cb90_2312 .array/port v0xb470e263cb90, 2312;
E_0xb470e2641e60/579 .event anyedge, v0xb470e263cb90_2309, v0xb470e263cb90_2310, v0xb470e263cb90_2311, v0xb470e263cb90_2312;
v0xb470e263cb90_2313 .array/port v0xb470e263cb90, 2313;
v0xb470e263cb90_2314 .array/port v0xb470e263cb90, 2314;
v0xb470e263cb90_2315 .array/port v0xb470e263cb90, 2315;
v0xb470e263cb90_2316 .array/port v0xb470e263cb90, 2316;
E_0xb470e2641e60/580 .event anyedge, v0xb470e263cb90_2313, v0xb470e263cb90_2314, v0xb470e263cb90_2315, v0xb470e263cb90_2316;
v0xb470e263cb90_2317 .array/port v0xb470e263cb90, 2317;
v0xb470e263cb90_2318 .array/port v0xb470e263cb90, 2318;
v0xb470e263cb90_2319 .array/port v0xb470e263cb90, 2319;
v0xb470e263cb90_2320 .array/port v0xb470e263cb90, 2320;
E_0xb470e2641e60/581 .event anyedge, v0xb470e263cb90_2317, v0xb470e263cb90_2318, v0xb470e263cb90_2319, v0xb470e263cb90_2320;
v0xb470e263cb90_2321 .array/port v0xb470e263cb90, 2321;
v0xb470e263cb90_2322 .array/port v0xb470e263cb90, 2322;
v0xb470e263cb90_2323 .array/port v0xb470e263cb90, 2323;
v0xb470e263cb90_2324 .array/port v0xb470e263cb90, 2324;
E_0xb470e2641e60/582 .event anyedge, v0xb470e263cb90_2321, v0xb470e263cb90_2322, v0xb470e263cb90_2323, v0xb470e263cb90_2324;
v0xb470e263cb90_2325 .array/port v0xb470e263cb90, 2325;
v0xb470e263cb90_2326 .array/port v0xb470e263cb90, 2326;
v0xb470e263cb90_2327 .array/port v0xb470e263cb90, 2327;
v0xb470e263cb90_2328 .array/port v0xb470e263cb90, 2328;
E_0xb470e2641e60/583 .event anyedge, v0xb470e263cb90_2325, v0xb470e263cb90_2326, v0xb470e263cb90_2327, v0xb470e263cb90_2328;
v0xb470e263cb90_2329 .array/port v0xb470e263cb90, 2329;
v0xb470e263cb90_2330 .array/port v0xb470e263cb90, 2330;
v0xb470e263cb90_2331 .array/port v0xb470e263cb90, 2331;
v0xb470e263cb90_2332 .array/port v0xb470e263cb90, 2332;
E_0xb470e2641e60/584 .event anyedge, v0xb470e263cb90_2329, v0xb470e263cb90_2330, v0xb470e263cb90_2331, v0xb470e263cb90_2332;
v0xb470e263cb90_2333 .array/port v0xb470e263cb90, 2333;
v0xb470e263cb90_2334 .array/port v0xb470e263cb90, 2334;
v0xb470e263cb90_2335 .array/port v0xb470e263cb90, 2335;
v0xb470e263cb90_2336 .array/port v0xb470e263cb90, 2336;
E_0xb470e2641e60/585 .event anyedge, v0xb470e263cb90_2333, v0xb470e263cb90_2334, v0xb470e263cb90_2335, v0xb470e263cb90_2336;
v0xb470e263cb90_2337 .array/port v0xb470e263cb90, 2337;
v0xb470e263cb90_2338 .array/port v0xb470e263cb90, 2338;
v0xb470e263cb90_2339 .array/port v0xb470e263cb90, 2339;
v0xb470e263cb90_2340 .array/port v0xb470e263cb90, 2340;
E_0xb470e2641e60/586 .event anyedge, v0xb470e263cb90_2337, v0xb470e263cb90_2338, v0xb470e263cb90_2339, v0xb470e263cb90_2340;
v0xb470e263cb90_2341 .array/port v0xb470e263cb90, 2341;
v0xb470e263cb90_2342 .array/port v0xb470e263cb90, 2342;
v0xb470e263cb90_2343 .array/port v0xb470e263cb90, 2343;
v0xb470e263cb90_2344 .array/port v0xb470e263cb90, 2344;
E_0xb470e2641e60/587 .event anyedge, v0xb470e263cb90_2341, v0xb470e263cb90_2342, v0xb470e263cb90_2343, v0xb470e263cb90_2344;
v0xb470e263cb90_2345 .array/port v0xb470e263cb90, 2345;
v0xb470e263cb90_2346 .array/port v0xb470e263cb90, 2346;
v0xb470e263cb90_2347 .array/port v0xb470e263cb90, 2347;
v0xb470e263cb90_2348 .array/port v0xb470e263cb90, 2348;
E_0xb470e2641e60/588 .event anyedge, v0xb470e263cb90_2345, v0xb470e263cb90_2346, v0xb470e263cb90_2347, v0xb470e263cb90_2348;
v0xb470e263cb90_2349 .array/port v0xb470e263cb90, 2349;
v0xb470e263cb90_2350 .array/port v0xb470e263cb90, 2350;
v0xb470e263cb90_2351 .array/port v0xb470e263cb90, 2351;
v0xb470e263cb90_2352 .array/port v0xb470e263cb90, 2352;
E_0xb470e2641e60/589 .event anyedge, v0xb470e263cb90_2349, v0xb470e263cb90_2350, v0xb470e263cb90_2351, v0xb470e263cb90_2352;
v0xb470e263cb90_2353 .array/port v0xb470e263cb90, 2353;
v0xb470e263cb90_2354 .array/port v0xb470e263cb90, 2354;
v0xb470e263cb90_2355 .array/port v0xb470e263cb90, 2355;
v0xb470e263cb90_2356 .array/port v0xb470e263cb90, 2356;
E_0xb470e2641e60/590 .event anyedge, v0xb470e263cb90_2353, v0xb470e263cb90_2354, v0xb470e263cb90_2355, v0xb470e263cb90_2356;
v0xb470e263cb90_2357 .array/port v0xb470e263cb90, 2357;
v0xb470e263cb90_2358 .array/port v0xb470e263cb90, 2358;
v0xb470e263cb90_2359 .array/port v0xb470e263cb90, 2359;
v0xb470e263cb90_2360 .array/port v0xb470e263cb90, 2360;
E_0xb470e2641e60/591 .event anyedge, v0xb470e263cb90_2357, v0xb470e263cb90_2358, v0xb470e263cb90_2359, v0xb470e263cb90_2360;
v0xb470e263cb90_2361 .array/port v0xb470e263cb90, 2361;
v0xb470e263cb90_2362 .array/port v0xb470e263cb90, 2362;
v0xb470e263cb90_2363 .array/port v0xb470e263cb90, 2363;
v0xb470e263cb90_2364 .array/port v0xb470e263cb90, 2364;
E_0xb470e2641e60/592 .event anyedge, v0xb470e263cb90_2361, v0xb470e263cb90_2362, v0xb470e263cb90_2363, v0xb470e263cb90_2364;
v0xb470e263cb90_2365 .array/port v0xb470e263cb90, 2365;
v0xb470e263cb90_2366 .array/port v0xb470e263cb90, 2366;
v0xb470e263cb90_2367 .array/port v0xb470e263cb90, 2367;
v0xb470e263cb90_2368 .array/port v0xb470e263cb90, 2368;
E_0xb470e2641e60/593 .event anyedge, v0xb470e263cb90_2365, v0xb470e263cb90_2366, v0xb470e263cb90_2367, v0xb470e263cb90_2368;
v0xb470e263cb90_2369 .array/port v0xb470e263cb90, 2369;
v0xb470e263cb90_2370 .array/port v0xb470e263cb90, 2370;
v0xb470e263cb90_2371 .array/port v0xb470e263cb90, 2371;
v0xb470e263cb90_2372 .array/port v0xb470e263cb90, 2372;
E_0xb470e2641e60/594 .event anyedge, v0xb470e263cb90_2369, v0xb470e263cb90_2370, v0xb470e263cb90_2371, v0xb470e263cb90_2372;
v0xb470e263cb90_2373 .array/port v0xb470e263cb90, 2373;
v0xb470e263cb90_2374 .array/port v0xb470e263cb90, 2374;
v0xb470e263cb90_2375 .array/port v0xb470e263cb90, 2375;
v0xb470e263cb90_2376 .array/port v0xb470e263cb90, 2376;
E_0xb470e2641e60/595 .event anyedge, v0xb470e263cb90_2373, v0xb470e263cb90_2374, v0xb470e263cb90_2375, v0xb470e263cb90_2376;
v0xb470e263cb90_2377 .array/port v0xb470e263cb90, 2377;
v0xb470e263cb90_2378 .array/port v0xb470e263cb90, 2378;
v0xb470e263cb90_2379 .array/port v0xb470e263cb90, 2379;
v0xb470e263cb90_2380 .array/port v0xb470e263cb90, 2380;
E_0xb470e2641e60/596 .event anyedge, v0xb470e263cb90_2377, v0xb470e263cb90_2378, v0xb470e263cb90_2379, v0xb470e263cb90_2380;
v0xb470e263cb90_2381 .array/port v0xb470e263cb90, 2381;
v0xb470e263cb90_2382 .array/port v0xb470e263cb90, 2382;
v0xb470e263cb90_2383 .array/port v0xb470e263cb90, 2383;
v0xb470e263cb90_2384 .array/port v0xb470e263cb90, 2384;
E_0xb470e2641e60/597 .event anyedge, v0xb470e263cb90_2381, v0xb470e263cb90_2382, v0xb470e263cb90_2383, v0xb470e263cb90_2384;
v0xb470e263cb90_2385 .array/port v0xb470e263cb90, 2385;
v0xb470e263cb90_2386 .array/port v0xb470e263cb90, 2386;
v0xb470e263cb90_2387 .array/port v0xb470e263cb90, 2387;
v0xb470e263cb90_2388 .array/port v0xb470e263cb90, 2388;
E_0xb470e2641e60/598 .event anyedge, v0xb470e263cb90_2385, v0xb470e263cb90_2386, v0xb470e263cb90_2387, v0xb470e263cb90_2388;
v0xb470e263cb90_2389 .array/port v0xb470e263cb90, 2389;
v0xb470e263cb90_2390 .array/port v0xb470e263cb90, 2390;
v0xb470e263cb90_2391 .array/port v0xb470e263cb90, 2391;
v0xb470e263cb90_2392 .array/port v0xb470e263cb90, 2392;
E_0xb470e2641e60/599 .event anyedge, v0xb470e263cb90_2389, v0xb470e263cb90_2390, v0xb470e263cb90_2391, v0xb470e263cb90_2392;
v0xb470e263cb90_2393 .array/port v0xb470e263cb90, 2393;
v0xb470e263cb90_2394 .array/port v0xb470e263cb90, 2394;
v0xb470e263cb90_2395 .array/port v0xb470e263cb90, 2395;
v0xb470e263cb90_2396 .array/port v0xb470e263cb90, 2396;
E_0xb470e2641e60/600 .event anyedge, v0xb470e263cb90_2393, v0xb470e263cb90_2394, v0xb470e263cb90_2395, v0xb470e263cb90_2396;
v0xb470e263cb90_2397 .array/port v0xb470e263cb90, 2397;
v0xb470e263cb90_2398 .array/port v0xb470e263cb90, 2398;
v0xb470e263cb90_2399 .array/port v0xb470e263cb90, 2399;
v0xb470e263cb90_2400 .array/port v0xb470e263cb90, 2400;
E_0xb470e2641e60/601 .event anyedge, v0xb470e263cb90_2397, v0xb470e263cb90_2398, v0xb470e263cb90_2399, v0xb470e263cb90_2400;
v0xb470e263cb90_2401 .array/port v0xb470e263cb90, 2401;
v0xb470e263cb90_2402 .array/port v0xb470e263cb90, 2402;
v0xb470e263cb90_2403 .array/port v0xb470e263cb90, 2403;
v0xb470e263cb90_2404 .array/port v0xb470e263cb90, 2404;
E_0xb470e2641e60/602 .event anyedge, v0xb470e263cb90_2401, v0xb470e263cb90_2402, v0xb470e263cb90_2403, v0xb470e263cb90_2404;
v0xb470e263cb90_2405 .array/port v0xb470e263cb90, 2405;
v0xb470e263cb90_2406 .array/port v0xb470e263cb90, 2406;
v0xb470e263cb90_2407 .array/port v0xb470e263cb90, 2407;
v0xb470e263cb90_2408 .array/port v0xb470e263cb90, 2408;
E_0xb470e2641e60/603 .event anyedge, v0xb470e263cb90_2405, v0xb470e263cb90_2406, v0xb470e263cb90_2407, v0xb470e263cb90_2408;
v0xb470e263cb90_2409 .array/port v0xb470e263cb90, 2409;
v0xb470e263cb90_2410 .array/port v0xb470e263cb90, 2410;
v0xb470e263cb90_2411 .array/port v0xb470e263cb90, 2411;
v0xb470e263cb90_2412 .array/port v0xb470e263cb90, 2412;
E_0xb470e2641e60/604 .event anyedge, v0xb470e263cb90_2409, v0xb470e263cb90_2410, v0xb470e263cb90_2411, v0xb470e263cb90_2412;
v0xb470e263cb90_2413 .array/port v0xb470e263cb90, 2413;
v0xb470e263cb90_2414 .array/port v0xb470e263cb90, 2414;
v0xb470e263cb90_2415 .array/port v0xb470e263cb90, 2415;
v0xb470e263cb90_2416 .array/port v0xb470e263cb90, 2416;
E_0xb470e2641e60/605 .event anyedge, v0xb470e263cb90_2413, v0xb470e263cb90_2414, v0xb470e263cb90_2415, v0xb470e263cb90_2416;
v0xb470e263cb90_2417 .array/port v0xb470e263cb90, 2417;
v0xb470e263cb90_2418 .array/port v0xb470e263cb90, 2418;
v0xb470e263cb90_2419 .array/port v0xb470e263cb90, 2419;
v0xb470e263cb90_2420 .array/port v0xb470e263cb90, 2420;
E_0xb470e2641e60/606 .event anyedge, v0xb470e263cb90_2417, v0xb470e263cb90_2418, v0xb470e263cb90_2419, v0xb470e263cb90_2420;
v0xb470e263cb90_2421 .array/port v0xb470e263cb90, 2421;
v0xb470e263cb90_2422 .array/port v0xb470e263cb90, 2422;
v0xb470e263cb90_2423 .array/port v0xb470e263cb90, 2423;
v0xb470e263cb90_2424 .array/port v0xb470e263cb90, 2424;
E_0xb470e2641e60/607 .event anyedge, v0xb470e263cb90_2421, v0xb470e263cb90_2422, v0xb470e263cb90_2423, v0xb470e263cb90_2424;
v0xb470e263cb90_2425 .array/port v0xb470e263cb90, 2425;
v0xb470e263cb90_2426 .array/port v0xb470e263cb90, 2426;
v0xb470e263cb90_2427 .array/port v0xb470e263cb90, 2427;
v0xb470e263cb90_2428 .array/port v0xb470e263cb90, 2428;
E_0xb470e2641e60/608 .event anyedge, v0xb470e263cb90_2425, v0xb470e263cb90_2426, v0xb470e263cb90_2427, v0xb470e263cb90_2428;
v0xb470e263cb90_2429 .array/port v0xb470e263cb90, 2429;
v0xb470e263cb90_2430 .array/port v0xb470e263cb90, 2430;
v0xb470e263cb90_2431 .array/port v0xb470e263cb90, 2431;
v0xb470e263cb90_2432 .array/port v0xb470e263cb90, 2432;
E_0xb470e2641e60/609 .event anyedge, v0xb470e263cb90_2429, v0xb470e263cb90_2430, v0xb470e263cb90_2431, v0xb470e263cb90_2432;
v0xb470e263cb90_2433 .array/port v0xb470e263cb90, 2433;
v0xb470e263cb90_2434 .array/port v0xb470e263cb90, 2434;
v0xb470e263cb90_2435 .array/port v0xb470e263cb90, 2435;
v0xb470e263cb90_2436 .array/port v0xb470e263cb90, 2436;
E_0xb470e2641e60/610 .event anyedge, v0xb470e263cb90_2433, v0xb470e263cb90_2434, v0xb470e263cb90_2435, v0xb470e263cb90_2436;
v0xb470e263cb90_2437 .array/port v0xb470e263cb90, 2437;
v0xb470e263cb90_2438 .array/port v0xb470e263cb90, 2438;
v0xb470e263cb90_2439 .array/port v0xb470e263cb90, 2439;
v0xb470e263cb90_2440 .array/port v0xb470e263cb90, 2440;
E_0xb470e2641e60/611 .event anyedge, v0xb470e263cb90_2437, v0xb470e263cb90_2438, v0xb470e263cb90_2439, v0xb470e263cb90_2440;
v0xb470e263cb90_2441 .array/port v0xb470e263cb90, 2441;
v0xb470e263cb90_2442 .array/port v0xb470e263cb90, 2442;
v0xb470e263cb90_2443 .array/port v0xb470e263cb90, 2443;
v0xb470e263cb90_2444 .array/port v0xb470e263cb90, 2444;
E_0xb470e2641e60/612 .event anyedge, v0xb470e263cb90_2441, v0xb470e263cb90_2442, v0xb470e263cb90_2443, v0xb470e263cb90_2444;
v0xb470e263cb90_2445 .array/port v0xb470e263cb90, 2445;
v0xb470e263cb90_2446 .array/port v0xb470e263cb90, 2446;
v0xb470e263cb90_2447 .array/port v0xb470e263cb90, 2447;
v0xb470e263cb90_2448 .array/port v0xb470e263cb90, 2448;
E_0xb470e2641e60/613 .event anyedge, v0xb470e263cb90_2445, v0xb470e263cb90_2446, v0xb470e263cb90_2447, v0xb470e263cb90_2448;
v0xb470e263cb90_2449 .array/port v0xb470e263cb90, 2449;
v0xb470e263cb90_2450 .array/port v0xb470e263cb90, 2450;
v0xb470e263cb90_2451 .array/port v0xb470e263cb90, 2451;
v0xb470e263cb90_2452 .array/port v0xb470e263cb90, 2452;
E_0xb470e2641e60/614 .event anyedge, v0xb470e263cb90_2449, v0xb470e263cb90_2450, v0xb470e263cb90_2451, v0xb470e263cb90_2452;
v0xb470e263cb90_2453 .array/port v0xb470e263cb90, 2453;
v0xb470e263cb90_2454 .array/port v0xb470e263cb90, 2454;
v0xb470e263cb90_2455 .array/port v0xb470e263cb90, 2455;
v0xb470e263cb90_2456 .array/port v0xb470e263cb90, 2456;
E_0xb470e2641e60/615 .event anyedge, v0xb470e263cb90_2453, v0xb470e263cb90_2454, v0xb470e263cb90_2455, v0xb470e263cb90_2456;
v0xb470e263cb90_2457 .array/port v0xb470e263cb90, 2457;
v0xb470e263cb90_2458 .array/port v0xb470e263cb90, 2458;
v0xb470e263cb90_2459 .array/port v0xb470e263cb90, 2459;
v0xb470e263cb90_2460 .array/port v0xb470e263cb90, 2460;
E_0xb470e2641e60/616 .event anyedge, v0xb470e263cb90_2457, v0xb470e263cb90_2458, v0xb470e263cb90_2459, v0xb470e263cb90_2460;
v0xb470e263cb90_2461 .array/port v0xb470e263cb90, 2461;
v0xb470e263cb90_2462 .array/port v0xb470e263cb90, 2462;
v0xb470e263cb90_2463 .array/port v0xb470e263cb90, 2463;
v0xb470e263cb90_2464 .array/port v0xb470e263cb90, 2464;
E_0xb470e2641e60/617 .event anyedge, v0xb470e263cb90_2461, v0xb470e263cb90_2462, v0xb470e263cb90_2463, v0xb470e263cb90_2464;
v0xb470e263cb90_2465 .array/port v0xb470e263cb90, 2465;
v0xb470e263cb90_2466 .array/port v0xb470e263cb90, 2466;
v0xb470e263cb90_2467 .array/port v0xb470e263cb90, 2467;
v0xb470e263cb90_2468 .array/port v0xb470e263cb90, 2468;
E_0xb470e2641e60/618 .event anyedge, v0xb470e263cb90_2465, v0xb470e263cb90_2466, v0xb470e263cb90_2467, v0xb470e263cb90_2468;
v0xb470e263cb90_2469 .array/port v0xb470e263cb90, 2469;
v0xb470e263cb90_2470 .array/port v0xb470e263cb90, 2470;
v0xb470e263cb90_2471 .array/port v0xb470e263cb90, 2471;
v0xb470e263cb90_2472 .array/port v0xb470e263cb90, 2472;
E_0xb470e2641e60/619 .event anyedge, v0xb470e263cb90_2469, v0xb470e263cb90_2470, v0xb470e263cb90_2471, v0xb470e263cb90_2472;
v0xb470e263cb90_2473 .array/port v0xb470e263cb90, 2473;
v0xb470e263cb90_2474 .array/port v0xb470e263cb90, 2474;
v0xb470e263cb90_2475 .array/port v0xb470e263cb90, 2475;
v0xb470e263cb90_2476 .array/port v0xb470e263cb90, 2476;
E_0xb470e2641e60/620 .event anyedge, v0xb470e263cb90_2473, v0xb470e263cb90_2474, v0xb470e263cb90_2475, v0xb470e263cb90_2476;
v0xb470e263cb90_2477 .array/port v0xb470e263cb90, 2477;
v0xb470e263cb90_2478 .array/port v0xb470e263cb90, 2478;
v0xb470e263cb90_2479 .array/port v0xb470e263cb90, 2479;
v0xb470e263cb90_2480 .array/port v0xb470e263cb90, 2480;
E_0xb470e2641e60/621 .event anyedge, v0xb470e263cb90_2477, v0xb470e263cb90_2478, v0xb470e263cb90_2479, v0xb470e263cb90_2480;
v0xb470e263cb90_2481 .array/port v0xb470e263cb90, 2481;
v0xb470e263cb90_2482 .array/port v0xb470e263cb90, 2482;
v0xb470e263cb90_2483 .array/port v0xb470e263cb90, 2483;
v0xb470e263cb90_2484 .array/port v0xb470e263cb90, 2484;
E_0xb470e2641e60/622 .event anyedge, v0xb470e263cb90_2481, v0xb470e263cb90_2482, v0xb470e263cb90_2483, v0xb470e263cb90_2484;
v0xb470e263cb90_2485 .array/port v0xb470e263cb90, 2485;
v0xb470e263cb90_2486 .array/port v0xb470e263cb90, 2486;
v0xb470e263cb90_2487 .array/port v0xb470e263cb90, 2487;
v0xb470e263cb90_2488 .array/port v0xb470e263cb90, 2488;
E_0xb470e2641e60/623 .event anyedge, v0xb470e263cb90_2485, v0xb470e263cb90_2486, v0xb470e263cb90_2487, v0xb470e263cb90_2488;
v0xb470e263cb90_2489 .array/port v0xb470e263cb90, 2489;
v0xb470e263cb90_2490 .array/port v0xb470e263cb90, 2490;
v0xb470e263cb90_2491 .array/port v0xb470e263cb90, 2491;
v0xb470e263cb90_2492 .array/port v0xb470e263cb90, 2492;
E_0xb470e2641e60/624 .event anyedge, v0xb470e263cb90_2489, v0xb470e263cb90_2490, v0xb470e263cb90_2491, v0xb470e263cb90_2492;
v0xb470e263cb90_2493 .array/port v0xb470e263cb90, 2493;
v0xb470e263cb90_2494 .array/port v0xb470e263cb90, 2494;
v0xb470e263cb90_2495 .array/port v0xb470e263cb90, 2495;
v0xb470e263cb90_2496 .array/port v0xb470e263cb90, 2496;
E_0xb470e2641e60/625 .event anyedge, v0xb470e263cb90_2493, v0xb470e263cb90_2494, v0xb470e263cb90_2495, v0xb470e263cb90_2496;
v0xb470e263cb90_2497 .array/port v0xb470e263cb90, 2497;
v0xb470e263cb90_2498 .array/port v0xb470e263cb90, 2498;
v0xb470e263cb90_2499 .array/port v0xb470e263cb90, 2499;
v0xb470e263cb90_2500 .array/port v0xb470e263cb90, 2500;
E_0xb470e2641e60/626 .event anyedge, v0xb470e263cb90_2497, v0xb470e263cb90_2498, v0xb470e263cb90_2499, v0xb470e263cb90_2500;
v0xb470e263cb90_2501 .array/port v0xb470e263cb90, 2501;
v0xb470e263cb90_2502 .array/port v0xb470e263cb90, 2502;
v0xb470e263cb90_2503 .array/port v0xb470e263cb90, 2503;
v0xb470e263cb90_2504 .array/port v0xb470e263cb90, 2504;
E_0xb470e2641e60/627 .event anyedge, v0xb470e263cb90_2501, v0xb470e263cb90_2502, v0xb470e263cb90_2503, v0xb470e263cb90_2504;
v0xb470e263cb90_2505 .array/port v0xb470e263cb90, 2505;
v0xb470e263cb90_2506 .array/port v0xb470e263cb90, 2506;
v0xb470e263cb90_2507 .array/port v0xb470e263cb90, 2507;
v0xb470e263cb90_2508 .array/port v0xb470e263cb90, 2508;
E_0xb470e2641e60/628 .event anyedge, v0xb470e263cb90_2505, v0xb470e263cb90_2506, v0xb470e263cb90_2507, v0xb470e263cb90_2508;
v0xb470e263cb90_2509 .array/port v0xb470e263cb90, 2509;
v0xb470e263cb90_2510 .array/port v0xb470e263cb90, 2510;
v0xb470e263cb90_2511 .array/port v0xb470e263cb90, 2511;
v0xb470e263cb90_2512 .array/port v0xb470e263cb90, 2512;
E_0xb470e2641e60/629 .event anyedge, v0xb470e263cb90_2509, v0xb470e263cb90_2510, v0xb470e263cb90_2511, v0xb470e263cb90_2512;
v0xb470e263cb90_2513 .array/port v0xb470e263cb90, 2513;
v0xb470e263cb90_2514 .array/port v0xb470e263cb90, 2514;
v0xb470e263cb90_2515 .array/port v0xb470e263cb90, 2515;
v0xb470e263cb90_2516 .array/port v0xb470e263cb90, 2516;
E_0xb470e2641e60/630 .event anyedge, v0xb470e263cb90_2513, v0xb470e263cb90_2514, v0xb470e263cb90_2515, v0xb470e263cb90_2516;
v0xb470e263cb90_2517 .array/port v0xb470e263cb90, 2517;
v0xb470e263cb90_2518 .array/port v0xb470e263cb90, 2518;
v0xb470e263cb90_2519 .array/port v0xb470e263cb90, 2519;
v0xb470e263cb90_2520 .array/port v0xb470e263cb90, 2520;
E_0xb470e2641e60/631 .event anyedge, v0xb470e263cb90_2517, v0xb470e263cb90_2518, v0xb470e263cb90_2519, v0xb470e263cb90_2520;
v0xb470e263cb90_2521 .array/port v0xb470e263cb90, 2521;
v0xb470e263cb90_2522 .array/port v0xb470e263cb90, 2522;
v0xb470e263cb90_2523 .array/port v0xb470e263cb90, 2523;
v0xb470e263cb90_2524 .array/port v0xb470e263cb90, 2524;
E_0xb470e2641e60/632 .event anyedge, v0xb470e263cb90_2521, v0xb470e263cb90_2522, v0xb470e263cb90_2523, v0xb470e263cb90_2524;
v0xb470e263cb90_2525 .array/port v0xb470e263cb90, 2525;
v0xb470e263cb90_2526 .array/port v0xb470e263cb90, 2526;
v0xb470e263cb90_2527 .array/port v0xb470e263cb90, 2527;
v0xb470e263cb90_2528 .array/port v0xb470e263cb90, 2528;
E_0xb470e2641e60/633 .event anyedge, v0xb470e263cb90_2525, v0xb470e263cb90_2526, v0xb470e263cb90_2527, v0xb470e263cb90_2528;
v0xb470e263cb90_2529 .array/port v0xb470e263cb90, 2529;
v0xb470e263cb90_2530 .array/port v0xb470e263cb90, 2530;
v0xb470e263cb90_2531 .array/port v0xb470e263cb90, 2531;
v0xb470e263cb90_2532 .array/port v0xb470e263cb90, 2532;
E_0xb470e2641e60/634 .event anyedge, v0xb470e263cb90_2529, v0xb470e263cb90_2530, v0xb470e263cb90_2531, v0xb470e263cb90_2532;
v0xb470e263cb90_2533 .array/port v0xb470e263cb90, 2533;
v0xb470e263cb90_2534 .array/port v0xb470e263cb90, 2534;
v0xb470e263cb90_2535 .array/port v0xb470e263cb90, 2535;
v0xb470e263cb90_2536 .array/port v0xb470e263cb90, 2536;
E_0xb470e2641e60/635 .event anyedge, v0xb470e263cb90_2533, v0xb470e263cb90_2534, v0xb470e263cb90_2535, v0xb470e263cb90_2536;
v0xb470e263cb90_2537 .array/port v0xb470e263cb90, 2537;
v0xb470e263cb90_2538 .array/port v0xb470e263cb90, 2538;
v0xb470e263cb90_2539 .array/port v0xb470e263cb90, 2539;
v0xb470e263cb90_2540 .array/port v0xb470e263cb90, 2540;
E_0xb470e2641e60/636 .event anyedge, v0xb470e263cb90_2537, v0xb470e263cb90_2538, v0xb470e263cb90_2539, v0xb470e263cb90_2540;
v0xb470e263cb90_2541 .array/port v0xb470e263cb90, 2541;
v0xb470e263cb90_2542 .array/port v0xb470e263cb90, 2542;
v0xb470e263cb90_2543 .array/port v0xb470e263cb90, 2543;
v0xb470e263cb90_2544 .array/port v0xb470e263cb90, 2544;
E_0xb470e2641e60/637 .event anyedge, v0xb470e263cb90_2541, v0xb470e263cb90_2542, v0xb470e263cb90_2543, v0xb470e263cb90_2544;
v0xb470e263cb90_2545 .array/port v0xb470e263cb90, 2545;
v0xb470e263cb90_2546 .array/port v0xb470e263cb90, 2546;
v0xb470e263cb90_2547 .array/port v0xb470e263cb90, 2547;
v0xb470e263cb90_2548 .array/port v0xb470e263cb90, 2548;
E_0xb470e2641e60/638 .event anyedge, v0xb470e263cb90_2545, v0xb470e263cb90_2546, v0xb470e263cb90_2547, v0xb470e263cb90_2548;
v0xb470e263cb90_2549 .array/port v0xb470e263cb90, 2549;
v0xb470e263cb90_2550 .array/port v0xb470e263cb90, 2550;
v0xb470e263cb90_2551 .array/port v0xb470e263cb90, 2551;
v0xb470e263cb90_2552 .array/port v0xb470e263cb90, 2552;
E_0xb470e2641e60/639 .event anyedge, v0xb470e263cb90_2549, v0xb470e263cb90_2550, v0xb470e263cb90_2551, v0xb470e263cb90_2552;
v0xb470e263cb90_2553 .array/port v0xb470e263cb90, 2553;
v0xb470e263cb90_2554 .array/port v0xb470e263cb90, 2554;
v0xb470e263cb90_2555 .array/port v0xb470e263cb90, 2555;
v0xb470e263cb90_2556 .array/port v0xb470e263cb90, 2556;
E_0xb470e2641e60/640 .event anyedge, v0xb470e263cb90_2553, v0xb470e263cb90_2554, v0xb470e263cb90_2555, v0xb470e263cb90_2556;
v0xb470e263cb90_2557 .array/port v0xb470e263cb90, 2557;
v0xb470e263cb90_2558 .array/port v0xb470e263cb90, 2558;
v0xb470e263cb90_2559 .array/port v0xb470e263cb90, 2559;
v0xb470e263cb90_2560 .array/port v0xb470e263cb90, 2560;
E_0xb470e2641e60/641 .event anyedge, v0xb470e263cb90_2557, v0xb470e263cb90_2558, v0xb470e263cb90_2559, v0xb470e263cb90_2560;
v0xb470e263cb90_2561 .array/port v0xb470e263cb90, 2561;
v0xb470e263cb90_2562 .array/port v0xb470e263cb90, 2562;
v0xb470e263cb90_2563 .array/port v0xb470e263cb90, 2563;
v0xb470e263cb90_2564 .array/port v0xb470e263cb90, 2564;
E_0xb470e2641e60/642 .event anyedge, v0xb470e263cb90_2561, v0xb470e263cb90_2562, v0xb470e263cb90_2563, v0xb470e263cb90_2564;
v0xb470e263cb90_2565 .array/port v0xb470e263cb90, 2565;
v0xb470e263cb90_2566 .array/port v0xb470e263cb90, 2566;
v0xb470e263cb90_2567 .array/port v0xb470e263cb90, 2567;
v0xb470e263cb90_2568 .array/port v0xb470e263cb90, 2568;
E_0xb470e2641e60/643 .event anyedge, v0xb470e263cb90_2565, v0xb470e263cb90_2566, v0xb470e263cb90_2567, v0xb470e263cb90_2568;
v0xb470e263cb90_2569 .array/port v0xb470e263cb90, 2569;
v0xb470e263cb90_2570 .array/port v0xb470e263cb90, 2570;
v0xb470e263cb90_2571 .array/port v0xb470e263cb90, 2571;
v0xb470e263cb90_2572 .array/port v0xb470e263cb90, 2572;
E_0xb470e2641e60/644 .event anyedge, v0xb470e263cb90_2569, v0xb470e263cb90_2570, v0xb470e263cb90_2571, v0xb470e263cb90_2572;
v0xb470e263cb90_2573 .array/port v0xb470e263cb90, 2573;
v0xb470e263cb90_2574 .array/port v0xb470e263cb90, 2574;
v0xb470e263cb90_2575 .array/port v0xb470e263cb90, 2575;
v0xb470e263cb90_2576 .array/port v0xb470e263cb90, 2576;
E_0xb470e2641e60/645 .event anyedge, v0xb470e263cb90_2573, v0xb470e263cb90_2574, v0xb470e263cb90_2575, v0xb470e263cb90_2576;
v0xb470e263cb90_2577 .array/port v0xb470e263cb90, 2577;
v0xb470e263cb90_2578 .array/port v0xb470e263cb90, 2578;
v0xb470e263cb90_2579 .array/port v0xb470e263cb90, 2579;
v0xb470e263cb90_2580 .array/port v0xb470e263cb90, 2580;
E_0xb470e2641e60/646 .event anyedge, v0xb470e263cb90_2577, v0xb470e263cb90_2578, v0xb470e263cb90_2579, v0xb470e263cb90_2580;
v0xb470e263cb90_2581 .array/port v0xb470e263cb90, 2581;
v0xb470e263cb90_2582 .array/port v0xb470e263cb90, 2582;
v0xb470e263cb90_2583 .array/port v0xb470e263cb90, 2583;
v0xb470e263cb90_2584 .array/port v0xb470e263cb90, 2584;
E_0xb470e2641e60/647 .event anyedge, v0xb470e263cb90_2581, v0xb470e263cb90_2582, v0xb470e263cb90_2583, v0xb470e263cb90_2584;
v0xb470e263cb90_2585 .array/port v0xb470e263cb90, 2585;
v0xb470e263cb90_2586 .array/port v0xb470e263cb90, 2586;
v0xb470e263cb90_2587 .array/port v0xb470e263cb90, 2587;
v0xb470e263cb90_2588 .array/port v0xb470e263cb90, 2588;
E_0xb470e2641e60/648 .event anyedge, v0xb470e263cb90_2585, v0xb470e263cb90_2586, v0xb470e263cb90_2587, v0xb470e263cb90_2588;
v0xb470e263cb90_2589 .array/port v0xb470e263cb90, 2589;
v0xb470e263cb90_2590 .array/port v0xb470e263cb90, 2590;
v0xb470e263cb90_2591 .array/port v0xb470e263cb90, 2591;
v0xb470e263cb90_2592 .array/port v0xb470e263cb90, 2592;
E_0xb470e2641e60/649 .event anyedge, v0xb470e263cb90_2589, v0xb470e263cb90_2590, v0xb470e263cb90_2591, v0xb470e263cb90_2592;
v0xb470e263cb90_2593 .array/port v0xb470e263cb90, 2593;
v0xb470e263cb90_2594 .array/port v0xb470e263cb90, 2594;
v0xb470e263cb90_2595 .array/port v0xb470e263cb90, 2595;
v0xb470e263cb90_2596 .array/port v0xb470e263cb90, 2596;
E_0xb470e2641e60/650 .event anyedge, v0xb470e263cb90_2593, v0xb470e263cb90_2594, v0xb470e263cb90_2595, v0xb470e263cb90_2596;
v0xb470e263cb90_2597 .array/port v0xb470e263cb90, 2597;
v0xb470e263cb90_2598 .array/port v0xb470e263cb90, 2598;
v0xb470e263cb90_2599 .array/port v0xb470e263cb90, 2599;
v0xb470e263cb90_2600 .array/port v0xb470e263cb90, 2600;
E_0xb470e2641e60/651 .event anyedge, v0xb470e263cb90_2597, v0xb470e263cb90_2598, v0xb470e263cb90_2599, v0xb470e263cb90_2600;
v0xb470e263cb90_2601 .array/port v0xb470e263cb90, 2601;
v0xb470e263cb90_2602 .array/port v0xb470e263cb90, 2602;
v0xb470e263cb90_2603 .array/port v0xb470e263cb90, 2603;
v0xb470e263cb90_2604 .array/port v0xb470e263cb90, 2604;
E_0xb470e2641e60/652 .event anyedge, v0xb470e263cb90_2601, v0xb470e263cb90_2602, v0xb470e263cb90_2603, v0xb470e263cb90_2604;
v0xb470e263cb90_2605 .array/port v0xb470e263cb90, 2605;
v0xb470e263cb90_2606 .array/port v0xb470e263cb90, 2606;
v0xb470e263cb90_2607 .array/port v0xb470e263cb90, 2607;
v0xb470e263cb90_2608 .array/port v0xb470e263cb90, 2608;
E_0xb470e2641e60/653 .event anyedge, v0xb470e263cb90_2605, v0xb470e263cb90_2606, v0xb470e263cb90_2607, v0xb470e263cb90_2608;
v0xb470e263cb90_2609 .array/port v0xb470e263cb90, 2609;
v0xb470e263cb90_2610 .array/port v0xb470e263cb90, 2610;
v0xb470e263cb90_2611 .array/port v0xb470e263cb90, 2611;
v0xb470e263cb90_2612 .array/port v0xb470e263cb90, 2612;
E_0xb470e2641e60/654 .event anyedge, v0xb470e263cb90_2609, v0xb470e263cb90_2610, v0xb470e263cb90_2611, v0xb470e263cb90_2612;
v0xb470e263cb90_2613 .array/port v0xb470e263cb90, 2613;
v0xb470e263cb90_2614 .array/port v0xb470e263cb90, 2614;
v0xb470e263cb90_2615 .array/port v0xb470e263cb90, 2615;
v0xb470e263cb90_2616 .array/port v0xb470e263cb90, 2616;
E_0xb470e2641e60/655 .event anyedge, v0xb470e263cb90_2613, v0xb470e263cb90_2614, v0xb470e263cb90_2615, v0xb470e263cb90_2616;
v0xb470e263cb90_2617 .array/port v0xb470e263cb90, 2617;
v0xb470e263cb90_2618 .array/port v0xb470e263cb90, 2618;
v0xb470e263cb90_2619 .array/port v0xb470e263cb90, 2619;
v0xb470e263cb90_2620 .array/port v0xb470e263cb90, 2620;
E_0xb470e2641e60/656 .event anyedge, v0xb470e263cb90_2617, v0xb470e263cb90_2618, v0xb470e263cb90_2619, v0xb470e263cb90_2620;
v0xb470e263cb90_2621 .array/port v0xb470e263cb90, 2621;
v0xb470e263cb90_2622 .array/port v0xb470e263cb90, 2622;
v0xb470e263cb90_2623 .array/port v0xb470e263cb90, 2623;
v0xb470e263cb90_2624 .array/port v0xb470e263cb90, 2624;
E_0xb470e2641e60/657 .event anyedge, v0xb470e263cb90_2621, v0xb470e263cb90_2622, v0xb470e263cb90_2623, v0xb470e263cb90_2624;
v0xb470e263cb90_2625 .array/port v0xb470e263cb90, 2625;
v0xb470e263cb90_2626 .array/port v0xb470e263cb90, 2626;
v0xb470e263cb90_2627 .array/port v0xb470e263cb90, 2627;
v0xb470e263cb90_2628 .array/port v0xb470e263cb90, 2628;
E_0xb470e2641e60/658 .event anyedge, v0xb470e263cb90_2625, v0xb470e263cb90_2626, v0xb470e263cb90_2627, v0xb470e263cb90_2628;
v0xb470e263cb90_2629 .array/port v0xb470e263cb90, 2629;
v0xb470e263cb90_2630 .array/port v0xb470e263cb90, 2630;
v0xb470e263cb90_2631 .array/port v0xb470e263cb90, 2631;
v0xb470e263cb90_2632 .array/port v0xb470e263cb90, 2632;
E_0xb470e2641e60/659 .event anyedge, v0xb470e263cb90_2629, v0xb470e263cb90_2630, v0xb470e263cb90_2631, v0xb470e263cb90_2632;
v0xb470e263cb90_2633 .array/port v0xb470e263cb90, 2633;
v0xb470e263cb90_2634 .array/port v0xb470e263cb90, 2634;
v0xb470e263cb90_2635 .array/port v0xb470e263cb90, 2635;
v0xb470e263cb90_2636 .array/port v0xb470e263cb90, 2636;
E_0xb470e2641e60/660 .event anyedge, v0xb470e263cb90_2633, v0xb470e263cb90_2634, v0xb470e263cb90_2635, v0xb470e263cb90_2636;
v0xb470e263cb90_2637 .array/port v0xb470e263cb90, 2637;
v0xb470e263cb90_2638 .array/port v0xb470e263cb90, 2638;
v0xb470e263cb90_2639 .array/port v0xb470e263cb90, 2639;
v0xb470e263cb90_2640 .array/port v0xb470e263cb90, 2640;
E_0xb470e2641e60/661 .event anyedge, v0xb470e263cb90_2637, v0xb470e263cb90_2638, v0xb470e263cb90_2639, v0xb470e263cb90_2640;
v0xb470e263cb90_2641 .array/port v0xb470e263cb90, 2641;
v0xb470e263cb90_2642 .array/port v0xb470e263cb90, 2642;
v0xb470e263cb90_2643 .array/port v0xb470e263cb90, 2643;
v0xb470e263cb90_2644 .array/port v0xb470e263cb90, 2644;
E_0xb470e2641e60/662 .event anyedge, v0xb470e263cb90_2641, v0xb470e263cb90_2642, v0xb470e263cb90_2643, v0xb470e263cb90_2644;
v0xb470e263cb90_2645 .array/port v0xb470e263cb90, 2645;
v0xb470e263cb90_2646 .array/port v0xb470e263cb90, 2646;
v0xb470e263cb90_2647 .array/port v0xb470e263cb90, 2647;
v0xb470e263cb90_2648 .array/port v0xb470e263cb90, 2648;
E_0xb470e2641e60/663 .event anyedge, v0xb470e263cb90_2645, v0xb470e263cb90_2646, v0xb470e263cb90_2647, v0xb470e263cb90_2648;
v0xb470e263cb90_2649 .array/port v0xb470e263cb90, 2649;
v0xb470e263cb90_2650 .array/port v0xb470e263cb90, 2650;
v0xb470e263cb90_2651 .array/port v0xb470e263cb90, 2651;
v0xb470e263cb90_2652 .array/port v0xb470e263cb90, 2652;
E_0xb470e2641e60/664 .event anyedge, v0xb470e263cb90_2649, v0xb470e263cb90_2650, v0xb470e263cb90_2651, v0xb470e263cb90_2652;
v0xb470e263cb90_2653 .array/port v0xb470e263cb90, 2653;
v0xb470e263cb90_2654 .array/port v0xb470e263cb90, 2654;
v0xb470e263cb90_2655 .array/port v0xb470e263cb90, 2655;
v0xb470e263cb90_2656 .array/port v0xb470e263cb90, 2656;
E_0xb470e2641e60/665 .event anyedge, v0xb470e263cb90_2653, v0xb470e263cb90_2654, v0xb470e263cb90_2655, v0xb470e263cb90_2656;
v0xb470e263cb90_2657 .array/port v0xb470e263cb90, 2657;
v0xb470e263cb90_2658 .array/port v0xb470e263cb90, 2658;
v0xb470e263cb90_2659 .array/port v0xb470e263cb90, 2659;
v0xb470e263cb90_2660 .array/port v0xb470e263cb90, 2660;
E_0xb470e2641e60/666 .event anyedge, v0xb470e263cb90_2657, v0xb470e263cb90_2658, v0xb470e263cb90_2659, v0xb470e263cb90_2660;
v0xb470e263cb90_2661 .array/port v0xb470e263cb90, 2661;
v0xb470e263cb90_2662 .array/port v0xb470e263cb90, 2662;
v0xb470e263cb90_2663 .array/port v0xb470e263cb90, 2663;
v0xb470e263cb90_2664 .array/port v0xb470e263cb90, 2664;
E_0xb470e2641e60/667 .event anyedge, v0xb470e263cb90_2661, v0xb470e263cb90_2662, v0xb470e263cb90_2663, v0xb470e263cb90_2664;
v0xb470e263cb90_2665 .array/port v0xb470e263cb90, 2665;
v0xb470e263cb90_2666 .array/port v0xb470e263cb90, 2666;
v0xb470e263cb90_2667 .array/port v0xb470e263cb90, 2667;
v0xb470e263cb90_2668 .array/port v0xb470e263cb90, 2668;
E_0xb470e2641e60/668 .event anyedge, v0xb470e263cb90_2665, v0xb470e263cb90_2666, v0xb470e263cb90_2667, v0xb470e263cb90_2668;
v0xb470e263cb90_2669 .array/port v0xb470e263cb90, 2669;
v0xb470e263cb90_2670 .array/port v0xb470e263cb90, 2670;
v0xb470e263cb90_2671 .array/port v0xb470e263cb90, 2671;
v0xb470e263cb90_2672 .array/port v0xb470e263cb90, 2672;
E_0xb470e2641e60/669 .event anyedge, v0xb470e263cb90_2669, v0xb470e263cb90_2670, v0xb470e263cb90_2671, v0xb470e263cb90_2672;
v0xb470e263cb90_2673 .array/port v0xb470e263cb90, 2673;
v0xb470e263cb90_2674 .array/port v0xb470e263cb90, 2674;
v0xb470e263cb90_2675 .array/port v0xb470e263cb90, 2675;
v0xb470e263cb90_2676 .array/port v0xb470e263cb90, 2676;
E_0xb470e2641e60/670 .event anyedge, v0xb470e263cb90_2673, v0xb470e263cb90_2674, v0xb470e263cb90_2675, v0xb470e263cb90_2676;
v0xb470e263cb90_2677 .array/port v0xb470e263cb90, 2677;
v0xb470e263cb90_2678 .array/port v0xb470e263cb90, 2678;
v0xb470e263cb90_2679 .array/port v0xb470e263cb90, 2679;
v0xb470e263cb90_2680 .array/port v0xb470e263cb90, 2680;
E_0xb470e2641e60/671 .event anyedge, v0xb470e263cb90_2677, v0xb470e263cb90_2678, v0xb470e263cb90_2679, v0xb470e263cb90_2680;
v0xb470e263cb90_2681 .array/port v0xb470e263cb90, 2681;
v0xb470e263cb90_2682 .array/port v0xb470e263cb90, 2682;
v0xb470e263cb90_2683 .array/port v0xb470e263cb90, 2683;
v0xb470e263cb90_2684 .array/port v0xb470e263cb90, 2684;
E_0xb470e2641e60/672 .event anyedge, v0xb470e263cb90_2681, v0xb470e263cb90_2682, v0xb470e263cb90_2683, v0xb470e263cb90_2684;
v0xb470e263cb90_2685 .array/port v0xb470e263cb90, 2685;
v0xb470e263cb90_2686 .array/port v0xb470e263cb90, 2686;
v0xb470e263cb90_2687 .array/port v0xb470e263cb90, 2687;
v0xb470e263cb90_2688 .array/port v0xb470e263cb90, 2688;
E_0xb470e2641e60/673 .event anyedge, v0xb470e263cb90_2685, v0xb470e263cb90_2686, v0xb470e263cb90_2687, v0xb470e263cb90_2688;
v0xb470e263cb90_2689 .array/port v0xb470e263cb90, 2689;
v0xb470e263cb90_2690 .array/port v0xb470e263cb90, 2690;
v0xb470e263cb90_2691 .array/port v0xb470e263cb90, 2691;
v0xb470e263cb90_2692 .array/port v0xb470e263cb90, 2692;
E_0xb470e2641e60/674 .event anyedge, v0xb470e263cb90_2689, v0xb470e263cb90_2690, v0xb470e263cb90_2691, v0xb470e263cb90_2692;
v0xb470e263cb90_2693 .array/port v0xb470e263cb90, 2693;
v0xb470e263cb90_2694 .array/port v0xb470e263cb90, 2694;
v0xb470e263cb90_2695 .array/port v0xb470e263cb90, 2695;
v0xb470e263cb90_2696 .array/port v0xb470e263cb90, 2696;
E_0xb470e2641e60/675 .event anyedge, v0xb470e263cb90_2693, v0xb470e263cb90_2694, v0xb470e263cb90_2695, v0xb470e263cb90_2696;
v0xb470e263cb90_2697 .array/port v0xb470e263cb90, 2697;
v0xb470e263cb90_2698 .array/port v0xb470e263cb90, 2698;
v0xb470e263cb90_2699 .array/port v0xb470e263cb90, 2699;
v0xb470e263cb90_2700 .array/port v0xb470e263cb90, 2700;
E_0xb470e2641e60/676 .event anyedge, v0xb470e263cb90_2697, v0xb470e263cb90_2698, v0xb470e263cb90_2699, v0xb470e263cb90_2700;
v0xb470e263cb90_2701 .array/port v0xb470e263cb90, 2701;
v0xb470e263cb90_2702 .array/port v0xb470e263cb90, 2702;
v0xb470e263cb90_2703 .array/port v0xb470e263cb90, 2703;
v0xb470e263cb90_2704 .array/port v0xb470e263cb90, 2704;
E_0xb470e2641e60/677 .event anyedge, v0xb470e263cb90_2701, v0xb470e263cb90_2702, v0xb470e263cb90_2703, v0xb470e263cb90_2704;
v0xb470e263cb90_2705 .array/port v0xb470e263cb90, 2705;
v0xb470e263cb90_2706 .array/port v0xb470e263cb90, 2706;
v0xb470e263cb90_2707 .array/port v0xb470e263cb90, 2707;
v0xb470e263cb90_2708 .array/port v0xb470e263cb90, 2708;
E_0xb470e2641e60/678 .event anyedge, v0xb470e263cb90_2705, v0xb470e263cb90_2706, v0xb470e263cb90_2707, v0xb470e263cb90_2708;
v0xb470e263cb90_2709 .array/port v0xb470e263cb90, 2709;
v0xb470e263cb90_2710 .array/port v0xb470e263cb90, 2710;
v0xb470e263cb90_2711 .array/port v0xb470e263cb90, 2711;
v0xb470e263cb90_2712 .array/port v0xb470e263cb90, 2712;
E_0xb470e2641e60/679 .event anyedge, v0xb470e263cb90_2709, v0xb470e263cb90_2710, v0xb470e263cb90_2711, v0xb470e263cb90_2712;
v0xb470e263cb90_2713 .array/port v0xb470e263cb90, 2713;
v0xb470e263cb90_2714 .array/port v0xb470e263cb90, 2714;
v0xb470e263cb90_2715 .array/port v0xb470e263cb90, 2715;
v0xb470e263cb90_2716 .array/port v0xb470e263cb90, 2716;
E_0xb470e2641e60/680 .event anyedge, v0xb470e263cb90_2713, v0xb470e263cb90_2714, v0xb470e263cb90_2715, v0xb470e263cb90_2716;
v0xb470e263cb90_2717 .array/port v0xb470e263cb90, 2717;
v0xb470e263cb90_2718 .array/port v0xb470e263cb90, 2718;
v0xb470e263cb90_2719 .array/port v0xb470e263cb90, 2719;
v0xb470e263cb90_2720 .array/port v0xb470e263cb90, 2720;
E_0xb470e2641e60/681 .event anyedge, v0xb470e263cb90_2717, v0xb470e263cb90_2718, v0xb470e263cb90_2719, v0xb470e263cb90_2720;
v0xb470e263cb90_2721 .array/port v0xb470e263cb90, 2721;
v0xb470e263cb90_2722 .array/port v0xb470e263cb90, 2722;
v0xb470e263cb90_2723 .array/port v0xb470e263cb90, 2723;
v0xb470e263cb90_2724 .array/port v0xb470e263cb90, 2724;
E_0xb470e2641e60/682 .event anyedge, v0xb470e263cb90_2721, v0xb470e263cb90_2722, v0xb470e263cb90_2723, v0xb470e263cb90_2724;
v0xb470e263cb90_2725 .array/port v0xb470e263cb90, 2725;
v0xb470e263cb90_2726 .array/port v0xb470e263cb90, 2726;
v0xb470e263cb90_2727 .array/port v0xb470e263cb90, 2727;
v0xb470e263cb90_2728 .array/port v0xb470e263cb90, 2728;
E_0xb470e2641e60/683 .event anyedge, v0xb470e263cb90_2725, v0xb470e263cb90_2726, v0xb470e263cb90_2727, v0xb470e263cb90_2728;
v0xb470e263cb90_2729 .array/port v0xb470e263cb90, 2729;
v0xb470e263cb90_2730 .array/port v0xb470e263cb90, 2730;
v0xb470e263cb90_2731 .array/port v0xb470e263cb90, 2731;
v0xb470e263cb90_2732 .array/port v0xb470e263cb90, 2732;
E_0xb470e2641e60/684 .event anyedge, v0xb470e263cb90_2729, v0xb470e263cb90_2730, v0xb470e263cb90_2731, v0xb470e263cb90_2732;
v0xb470e263cb90_2733 .array/port v0xb470e263cb90, 2733;
v0xb470e263cb90_2734 .array/port v0xb470e263cb90, 2734;
v0xb470e263cb90_2735 .array/port v0xb470e263cb90, 2735;
v0xb470e263cb90_2736 .array/port v0xb470e263cb90, 2736;
E_0xb470e2641e60/685 .event anyedge, v0xb470e263cb90_2733, v0xb470e263cb90_2734, v0xb470e263cb90_2735, v0xb470e263cb90_2736;
v0xb470e263cb90_2737 .array/port v0xb470e263cb90, 2737;
v0xb470e263cb90_2738 .array/port v0xb470e263cb90, 2738;
v0xb470e263cb90_2739 .array/port v0xb470e263cb90, 2739;
v0xb470e263cb90_2740 .array/port v0xb470e263cb90, 2740;
E_0xb470e2641e60/686 .event anyedge, v0xb470e263cb90_2737, v0xb470e263cb90_2738, v0xb470e263cb90_2739, v0xb470e263cb90_2740;
v0xb470e263cb90_2741 .array/port v0xb470e263cb90, 2741;
v0xb470e263cb90_2742 .array/port v0xb470e263cb90, 2742;
v0xb470e263cb90_2743 .array/port v0xb470e263cb90, 2743;
v0xb470e263cb90_2744 .array/port v0xb470e263cb90, 2744;
E_0xb470e2641e60/687 .event anyedge, v0xb470e263cb90_2741, v0xb470e263cb90_2742, v0xb470e263cb90_2743, v0xb470e263cb90_2744;
v0xb470e263cb90_2745 .array/port v0xb470e263cb90, 2745;
v0xb470e263cb90_2746 .array/port v0xb470e263cb90, 2746;
v0xb470e263cb90_2747 .array/port v0xb470e263cb90, 2747;
v0xb470e263cb90_2748 .array/port v0xb470e263cb90, 2748;
E_0xb470e2641e60/688 .event anyedge, v0xb470e263cb90_2745, v0xb470e263cb90_2746, v0xb470e263cb90_2747, v0xb470e263cb90_2748;
v0xb470e263cb90_2749 .array/port v0xb470e263cb90, 2749;
v0xb470e263cb90_2750 .array/port v0xb470e263cb90, 2750;
v0xb470e263cb90_2751 .array/port v0xb470e263cb90, 2751;
v0xb470e263cb90_2752 .array/port v0xb470e263cb90, 2752;
E_0xb470e2641e60/689 .event anyedge, v0xb470e263cb90_2749, v0xb470e263cb90_2750, v0xb470e263cb90_2751, v0xb470e263cb90_2752;
v0xb470e263cb90_2753 .array/port v0xb470e263cb90, 2753;
v0xb470e263cb90_2754 .array/port v0xb470e263cb90, 2754;
v0xb470e263cb90_2755 .array/port v0xb470e263cb90, 2755;
v0xb470e263cb90_2756 .array/port v0xb470e263cb90, 2756;
E_0xb470e2641e60/690 .event anyedge, v0xb470e263cb90_2753, v0xb470e263cb90_2754, v0xb470e263cb90_2755, v0xb470e263cb90_2756;
v0xb470e263cb90_2757 .array/port v0xb470e263cb90, 2757;
v0xb470e263cb90_2758 .array/port v0xb470e263cb90, 2758;
v0xb470e263cb90_2759 .array/port v0xb470e263cb90, 2759;
v0xb470e263cb90_2760 .array/port v0xb470e263cb90, 2760;
E_0xb470e2641e60/691 .event anyedge, v0xb470e263cb90_2757, v0xb470e263cb90_2758, v0xb470e263cb90_2759, v0xb470e263cb90_2760;
v0xb470e263cb90_2761 .array/port v0xb470e263cb90, 2761;
v0xb470e263cb90_2762 .array/port v0xb470e263cb90, 2762;
v0xb470e263cb90_2763 .array/port v0xb470e263cb90, 2763;
v0xb470e263cb90_2764 .array/port v0xb470e263cb90, 2764;
E_0xb470e2641e60/692 .event anyedge, v0xb470e263cb90_2761, v0xb470e263cb90_2762, v0xb470e263cb90_2763, v0xb470e263cb90_2764;
v0xb470e263cb90_2765 .array/port v0xb470e263cb90, 2765;
v0xb470e263cb90_2766 .array/port v0xb470e263cb90, 2766;
v0xb470e263cb90_2767 .array/port v0xb470e263cb90, 2767;
v0xb470e263cb90_2768 .array/port v0xb470e263cb90, 2768;
E_0xb470e2641e60/693 .event anyedge, v0xb470e263cb90_2765, v0xb470e263cb90_2766, v0xb470e263cb90_2767, v0xb470e263cb90_2768;
v0xb470e263cb90_2769 .array/port v0xb470e263cb90, 2769;
v0xb470e263cb90_2770 .array/port v0xb470e263cb90, 2770;
v0xb470e263cb90_2771 .array/port v0xb470e263cb90, 2771;
v0xb470e263cb90_2772 .array/port v0xb470e263cb90, 2772;
E_0xb470e2641e60/694 .event anyedge, v0xb470e263cb90_2769, v0xb470e263cb90_2770, v0xb470e263cb90_2771, v0xb470e263cb90_2772;
v0xb470e263cb90_2773 .array/port v0xb470e263cb90, 2773;
v0xb470e263cb90_2774 .array/port v0xb470e263cb90, 2774;
v0xb470e263cb90_2775 .array/port v0xb470e263cb90, 2775;
v0xb470e263cb90_2776 .array/port v0xb470e263cb90, 2776;
E_0xb470e2641e60/695 .event anyedge, v0xb470e263cb90_2773, v0xb470e263cb90_2774, v0xb470e263cb90_2775, v0xb470e263cb90_2776;
v0xb470e263cb90_2777 .array/port v0xb470e263cb90, 2777;
v0xb470e263cb90_2778 .array/port v0xb470e263cb90, 2778;
v0xb470e263cb90_2779 .array/port v0xb470e263cb90, 2779;
v0xb470e263cb90_2780 .array/port v0xb470e263cb90, 2780;
E_0xb470e2641e60/696 .event anyedge, v0xb470e263cb90_2777, v0xb470e263cb90_2778, v0xb470e263cb90_2779, v0xb470e263cb90_2780;
v0xb470e263cb90_2781 .array/port v0xb470e263cb90, 2781;
v0xb470e263cb90_2782 .array/port v0xb470e263cb90, 2782;
v0xb470e263cb90_2783 .array/port v0xb470e263cb90, 2783;
v0xb470e263cb90_2784 .array/port v0xb470e263cb90, 2784;
E_0xb470e2641e60/697 .event anyedge, v0xb470e263cb90_2781, v0xb470e263cb90_2782, v0xb470e263cb90_2783, v0xb470e263cb90_2784;
v0xb470e263cb90_2785 .array/port v0xb470e263cb90, 2785;
v0xb470e263cb90_2786 .array/port v0xb470e263cb90, 2786;
v0xb470e263cb90_2787 .array/port v0xb470e263cb90, 2787;
v0xb470e263cb90_2788 .array/port v0xb470e263cb90, 2788;
E_0xb470e2641e60/698 .event anyedge, v0xb470e263cb90_2785, v0xb470e263cb90_2786, v0xb470e263cb90_2787, v0xb470e263cb90_2788;
v0xb470e263cb90_2789 .array/port v0xb470e263cb90, 2789;
v0xb470e263cb90_2790 .array/port v0xb470e263cb90, 2790;
v0xb470e263cb90_2791 .array/port v0xb470e263cb90, 2791;
v0xb470e263cb90_2792 .array/port v0xb470e263cb90, 2792;
E_0xb470e2641e60/699 .event anyedge, v0xb470e263cb90_2789, v0xb470e263cb90_2790, v0xb470e263cb90_2791, v0xb470e263cb90_2792;
v0xb470e263cb90_2793 .array/port v0xb470e263cb90, 2793;
v0xb470e263cb90_2794 .array/port v0xb470e263cb90, 2794;
v0xb470e263cb90_2795 .array/port v0xb470e263cb90, 2795;
v0xb470e263cb90_2796 .array/port v0xb470e263cb90, 2796;
E_0xb470e2641e60/700 .event anyedge, v0xb470e263cb90_2793, v0xb470e263cb90_2794, v0xb470e263cb90_2795, v0xb470e263cb90_2796;
v0xb470e263cb90_2797 .array/port v0xb470e263cb90, 2797;
v0xb470e263cb90_2798 .array/port v0xb470e263cb90, 2798;
v0xb470e263cb90_2799 .array/port v0xb470e263cb90, 2799;
v0xb470e263cb90_2800 .array/port v0xb470e263cb90, 2800;
E_0xb470e2641e60/701 .event anyedge, v0xb470e263cb90_2797, v0xb470e263cb90_2798, v0xb470e263cb90_2799, v0xb470e263cb90_2800;
v0xb470e263cb90_2801 .array/port v0xb470e263cb90, 2801;
v0xb470e263cb90_2802 .array/port v0xb470e263cb90, 2802;
v0xb470e263cb90_2803 .array/port v0xb470e263cb90, 2803;
v0xb470e263cb90_2804 .array/port v0xb470e263cb90, 2804;
E_0xb470e2641e60/702 .event anyedge, v0xb470e263cb90_2801, v0xb470e263cb90_2802, v0xb470e263cb90_2803, v0xb470e263cb90_2804;
v0xb470e263cb90_2805 .array/port v0xb470e263cb90, 2805;
v0xb470e263cb90_2806 .array/port v0xb470e263cb90, 2806;
v0xb470e263cb90_2807 .array/port v0xb470e263cb90, 2807;
v0xb470e263cb90_2808 .array/port v0xb470e263cb90, 2808;
E_0xb470e2641e60/703 .event anyedge, v0xb470e263cb90_2805, v0xb470e263cb90_2806, v0xb470e263cb90_2807, v0xb470e263cb90_2808;
v0xb470e263cb90_2809 .array/port v0xb470e263cb90, 2809;
v0xb470e263cb90_2810 .array/port v0xb470e263cb90, 2810;
v0xb470e263cb90_2811 .array/port v0xb470e263cb90, 2811;
v0xb470e263cb90_2812 .array/port v0xb470e263cb90, 2812;
E_0xb470e2641e60/704 .event anyedge, v0xb470e263cb90_2809, v0xb470e263cb90_2810, v0xb470e263cb90_2811, v0xb470e263cb90_2812;
v0xb470e263cb90_2813 .array/port v0xb470e263cb90, 2813;
v0xb470e263cb90_2814 .array/port v0xb470e263cb90, 2814;
v0xb470e263cb90_2815 .array/port v0xb470e263cb90, 2815;
v0xb470e263cb90_2816 .array/port v0xb470e263cb90, 2816;
E_0xb470e2641e60/705 .event anyedge, v0xb470e263cb90_2813, v0xb470e263cb90_2814, v0xb470e263cb90_2815, v0xb470e263cb90_2816;
v0xb470e263cb90_2817 .array/port v0xb470e263cb90, 2817;
v0xb470e263cb90_2818 .array/port v0xb470e263cb90, 2818;
v0xb470e263cb90_2819 .array/port v0xb470e263cb90, 2819;
v0xb470e263cb90_2820 .array/port v0xb470e263cb90, 2820;
E_0xb470e2641e60/706 .event anyedge, v0xb470e263cb90_2817, v0xb470e263cb90_2818, v0xb470e263cb90_2819, v0xb470e263cb90_2820;
v0xb470e263cb90_2821 .array/port v0xb470e263cb90, 2821;
v0xb470e263cb90_2822 .array/port v0xb470e263cb90, 2822;
v0xb470e263cb90_2823 .array/port v0xb470e263cb90, 2823;
v0xb470e263cb90_2824 .array/port v0xb470e263cb90, 2824;
E_0xb470e2641e60/707 .event anyedge, v0xb470e263cb90_2821, v0xb470e263cb90_2822, v0xb470e263cb90_2823, v0xb470e263cb90_2824;
v0xb470e263cb90_2825 .array/port v0xb470e263cb90, 2825;
v0xb470e263cb90_2826 .array/port v0xb470e263cb90, 2826;
v0xb470e263cb90_2827 .array/port v0xb470e263cb90, 2827;
v0xb470e263cb90_2828 .array/port v0xb470e263cb90, 2828;
E_0xb470e2641e60/708 .event anyedge, v0xb470e263cb90_2825, v0xb470e263cb90_2826, v0xb470e263cb90_2827, v0xb470e263cb90_2828;
v0xb470e263cb90_2829 .array/port v0xb470e263cb90, 2829;
v0xb470e263cb90_2830 .array/port v0xb470e263cb90, 2830;
v0xb470e263cb90_2831 .array/port v0xb470e263cb90, 2831;
v0xb470e263cb90_2832 .array/port v0xb470e263cb90, 2832;
E_0xb470e2641e60/709 .event anyedge, v0xb470e263cb90_2829, v0xb470e263cb90_2830, v0xb470e263cb90_2831, v0xb470e263cb90_2832;
v0xb470e263cb90_2833 .array/port v0xb470e263cb90, 2833;
v0xb470e263cb90_2834 .array/port v0xb470e263cb90, 2834;
v0xb470e263cb90_2835 .array/port v0xb470e263cb90, 2835;
v0xb470e263cb90_2836 .array/port v0xb470e263cb90, 2836;
E_0xb470e2641e60/710 .event anyedge, v0xb470e263cb90_2833, v0xb470e263cb90_2834, v0xb470e263cb90_2835, v0xb470e263cb90_2836;
v0xb470e263cb90_2837 .array/port v0xb470e263cb90, 2837;
v0xb470e263cb90_2838 .array/port v0xb470e263cb90, 2838;
v0xb470e263cb90_2839 .array/port v0xb470e263cb90, 2839;
v0xb470e263cb90_2840 .array/port v0xb470e263cb90, 2840;
E_0xb470e2641e60/711 .event anyedge, v0xb470e263cb90_2837, v0xb470e263cb90_2838, v0xb470e263cb90_2839, v0xb470e263cb90_2840;
v0xb470e263cb90_2841 .array/port v0xb470e263cb90, 2841;
v0xb470e263cb90_2842 .array/port v0xb470e263cb90, 2842;
v0xb470e263cb90_2843 .array/port v0xb470e263cb90, 2843;
v0xb470e263cb90_2844 .array/port v0xb470e263cb90, 2844;
E_0xb470e2641e60/712 .event anyedge, v0xb470e263cb90_2841, v0xb470e263cb90_2842, v0xb470e263cb90_2843, v0xb470e263cb90_2844;
v0xb470e263cb90_2845 .array/port v0xb470e263cb90, 2845;
v0xb470e263cb90_2846 .array/port v0xb470e263cb90, 2846;
v0xb470e263cb90_2847 .array/port v0xb470e263cb90, 2847;
v0xb470e263cb90_2848 .array/port v0xb470e263cb90, 2848;
E_0xb470e2641e60/713 .event anyedge, v0xb470e263cb90_2845, v0xb470e263cb90_2846, v0xb470e263cb90_2847, v0xb470e263cb90_2848;
v0xb470e263cb90_2849 .array/port v0xb470e263cb90, 2849;
v0xb470e263cb90_2850 .array/port v0xb470e263cb90, 2850;
v0xb470e263cb90_2851 .array/port v0xb470e263cb90, 2851;
v0xb470e263cb90_2852 .array/port v0xb470e263cb90, 2852;
E_0xb470e2641e60/714 .event anyedge, v0xb470e263cb90_2849, v0xb470e263cb90_2850, v0xb470e263cb90_2851, v0xb470e263cb90_2852;
v0xb470e263cb90_2853 .array/port v0xb470e263cb90, 2853;
v0xb470e263cb90_2854 .array/port v0xb470e263cb90, 2854;
v0xb470e263cb90_2855 .array/port v0xb470e263cb90, 2855;
v0xb470e263cb90_2856 .array/port v0xb470e263cb90, 2856;
E_0xb470e2641e60/715 .event anyedge, v0xb470e263cb90_2853, v0xb470e263cb90_2854, v0xb470e263cb90_2855, v0xb470e263cb90_2856;
v0xb470e263cb90_2857 .array/port v0xb470e263cb90, 2857;
v0xb470e263cb90_2858 .array/port v0xb470e263cb90, 2858;
v0xb470e263cb90_2859 .array/port v0xb470e263cb90, 2859;
v0xb470e263cb90_2860 .array/port v0xb470e263cb90, 2860;
E_0xb470e2641e60/716 .event anyedge, v0xb470e263cb90_2857, v0xb470e263cb90_2858, v0xb470e263cb90_2859, v0xb470e263cb90_2860;
v0xb470e263cb90_2861 .array/port v0xb470e263cb90, 2861;
v0xb470e263cb90_2862 .array/port v0xb470e263cb90, 2862;
v0xb470e263cb90_2863 .array/port v0xb470e263cb90, 2863;
v0xb470e263cb90_2864 .array/port v0xb470e263cb90, 2864;
E_0xb470e2641e60/717 .event anyedge, v0xb470e263cb90_2861, v0xb470e263cb90_2862, v0xb470e263cb90_2863, v0xb470e263cb90_2864;
v0xb470e263cb90_2865 .array/port v0xb470e263cb90, 2865;
v0xb470e263cb90_2866 .array/port v0xb470e263cb90, 2866;
v0xb470e263cb90_2867 .array/port v0xb470e263cb90, 2867;
v0xb470e263cb90_2868 .array/port v0xb470e263cb90, 2868;
E_0xb470e2641e60/718 .event anyedge, v0xb470e263cb90_2865, v0xb470e263cb90_2866, v0xb470e263cb90_2867, v0xb470e263cb90_2868;
v0xb470e263cb90_2869 .array/port v0xb470e263cb90, 2869;
v0xb470e263cb90_2870 .array/port v0xb470e263cb90, 2870;
v0xb470e263cb90_2871 .array/port v0xb470e263cb90, 2871;
v0xb470e263cb90_2872 .array/port v0xb470e263cb90, 2872;
E_0xb470e2641e60/719 .event anyedge, v0xb470e263cb90_2869, v0xb470e263cb90_2870, v0xb470e263cb90_2871, v0xb470e263cb90_2872;
v0xb470e263cb90_2873 .array/port v0xb470e263cb90, 2873;
v0xb470e263cb90_2874 .array/port v0xb470e263cb90, 2874;
v0xb470e263cb90_2875 .array/port v0xb470e263cb90, 2875;
v0xb470e263cb90_2876 .array/port v0xb470e263cb90, 2876;
E_0xb470e2641e60/720 .event anyedge, v0xb470e263cb90_2873, v0xb470e263cb90_2874, v0xb470e263cb90_2875, v0xb470e263cb90_2876;
v0xb470e263cb90_2877 .array/port v0xb470e263cb90, 2877;
v0xb470e263cb90_2878 .array/port v0xb470e263cb90, 2878;
v0xb470e263cb90_2879 .array/port v0xb470e263cb90, 2879;
v0xb470e263cb90_2880 .array/port v0xb470e263cb90, 2880;
E_0xb470e2641e60/721 .event anyedge, v0xb470e263cb90_2877, v0xb470e263cb90_2878, v0xb470e263cb90_2879, v0xb470e263cb90_2880;
v0xb470e263cb90_2881 .array/port v0xb470e263cb90, 2881;
v0xb470e263cb90_2882 .array/port v0xb470e263cb90, 2882;
v0xb470e263cb90_2883 .array/port v0xb470e263cb90, 2883;
v0xb470e263cb90_2884 .array/port v0xb470e263cb90, 2884;
E_0xb470e2641e60/722 .event anyedge, v0xb470e263cb90_2881, v0xb470e263cb90_2882, v0xb470e263cb90_2883, v0xb470e263cb90_2884;
v0xb470e263cb90_2885 .array/port v0xb470e263cb90, 2885;
v0xb470e263cb90_2886 .array/port v0xb470e263cb90, 2886;
v0xb470e263cb90_2887 .array/port v0xb470e263cb90, 2887;
v0xb470e263cb90_2888 .array/port v0xb470e263cb90, 2888;
E_0xb470e2641e60/723 .event anyedge, v0xb470e263cb90_2885, v0xb470e263cb90_2886, v0xb470e263cb90_2887, v0xb470e263cb90_2888;
v0xb470e263cb90_2889 .array/port v0xb470e263cb90, 2889;
v0xb470e263cb90_2890 .array/port v0xb470e263cb90, 2890;
v0xb470e263cb90_2891 .array/port v0xb470e263cb90, 2891;
v0xb470e263cb90_2892 .array/port v0xb470e263cb90, 2892;
E_0xb470e2641e60/724 .event anyedge, v0xb470e263cb90_2889, v0xb470e263cb90_2890, v0xb470e263cb90_2891, v0xb470e263cb90_2892;
v0xb470e263cb90_2893 .array/port v0xb470e263cb90, 2893;
v0xb470e263cb90_2894 .array/port v0xb470e263cb90, 2894;
v0xb470e263cb90_2895 .array/port v0xb470e263cb90, 2895;
v0xb470e263cb90_2896 .array/port v0xb470e263cb90, 2896;
E_0xb470e2641e60/725 .event anyedge, v0xb470e263cb90_2893, v0xb470e263cb90_2894, v0xb470e263cb90_2895, v0xb470e263cb90_2896;
v0xb470e263cb90_2897 .array/port v0xb470e263cb90, 2897;
v0xb470e263cb90_2898 .array/port v0xb470e263cb90, 2898;
v0xb470e263cb90_2899 .array/port v0xb470e263cb90, 2899;
v0xb470e263cb90_2900 .array/port v0xb470e263cb90, 2900;
E_0xb470e2641e60/726 .event anyedge, v0xb470e263cb90_2897, v0xb470e263cb90_2898, v0xb470e263cb90_2899, v0xb470e263cb90_2900;
v0xb470e263cb90_2901 .array/port v0xb470e263cb90, 2901;
v0xb470e263cb90_2902 .array/port v0xb470e263cb90, 2902;
v0xb470e263cb90_2903 .array/port v0xb470e263cb90, 2903;
v0xb470e263cb90_2904 .array/port v0xb470e263cb90, 2904;
E_0xb470e2641e60/727 .event anyedge, v0xb470e263cb90_2901, v0xb470e263cb90_2902, v0xb470e263cb90_2903, v0xb470e263cb90_2904;
v0xb470e263cb90_2905 .array/port v0xb470e263cb90, 2905;
v0xb470e263cb90_2906 .array/port v0xb470e263cb90, 2906;
v0xb470e263cb90_2907 .array/port v0xb470e263cb90, 2907;
v0xb470e263cb90_2908 .array/port v0xb470e263cb90, 2908;
E_0xb470e2641e60/728 .event anyedge, v0xb470e263cb90_2905, v0xb470e263cb90_2906, v0xb470e263cb90_2907, v0xb470e263cb90_2908;
v0xb470e263cb90_2909 .array/port v0xb470e263cb90, 2909;
v0xb470e263cb90_2910 .array/port v0xb470e263cb90, 2910;
v0xb470e263cb90_2911 .array/port v0xb470e263cb90, 2911;
v0xb470e263cb90_2912 .array/port v0xb470e263cb90, 2912;
E_0xb470e2641e60/729 .event anyedge, v0xb470e263cb90_2909, v0xb470e263cb90_2910, v0xb470e263cb90_2911, v0xb470e263cb90_2912;
v0xb470e263cb90_2913 .array/port v0xb470e263cb90, 2913;
v0xb470e263cb90_2914 .array/port v0xb470e263cb90, 2914;
v0xb470e263cb90_2915 .array/port v0xb470e263cb90, 2915;
v0xb470e263cb90_2916 .array/port v0xb470e263cb90, 2916;
E_0xb470e2641e60/730 .event anyedge, v0xb470e263cb90_2913, v0xb470e263cb90_2914, v0xb470e263cb90_2915, v0xb470e263cb90_2916;
v0xb470e263cb90_2917 .array/port v0xb470e263cb90, 2917;
v0xb470e263cb90_2918 .array/port v0xb470e263cb90, 2918;
v0xb470e263cb90_2919 .array/port v0xb470e263cb90, 2919;
v0xb470e263cb90_2920 .array/port v0xb470e263cb90, 2920;
E_0xb470e2641e60/731 .event anyedge, v0xb470e263cb90_2917, v0xb470e263cb90_2918, v0xb470e263cb90_2919, v0xb470e263cb90_2920;
v0xb470e263cb90_2921 .array/port v0xb470e263cb90, 2921;
v0xb470e263cb90_2922 .array/port v0xb470e263cb90, 2922;
v0xb470e263cb90_2923 .array/port v0xb470e263cb90, 2923;
v0xb470e263cb90_2924 .array/port v0xb470e263cb90, 2924;
E_0xb470e2641e60/732 .event anyedge, v0xb470e263cb90_2921, v0xb470e263cb90_2922, v0xb470e263cb90_2923, v0xb470e263cb90_2924;
v0xb470e263cb90_2925 .array/port v0xb470e263cb90, 2925;
v0xb470e263cb90_2926 .array/port v0xb470e263cb90, 2926;
v0xb470e263cb90_2927 .array/port v0xb470e263cb90, 2927;
v0xb470e263cb90_2928 .array/port v0xb470e263cb90, 2928;
E_0xb470e2641e60/733 .event anyedge, v0xb470e263cb90_2925, v0xb470e263cb90_2926, v0xb470e263cb90_2927, v0xb470e263cb90_2928;
v0xb470e263cb90_2929 .array/port v0xb470e263cb90, 2929;
v0xb470e263cb90_2930 .array/port v0xb470e263cb90, 2930;
v0xb470e263cb90_2931 .array/port v0xb470e263cb90, 2931;
v0xb470e263cb90_2932 .array/port v0xb470e263cb90, 2932;
E_0xb470e2641e60/734 .event anyedge, v0xb470e263cb90_2929, v0xb470e263cb90_2930, v0xb470e263cb90_2931, v0xb470e263cb90_2932;
v0xb470e263cb90_2933 .array/port v0xb470e263cb90, 2933;
v0xb470e263cb90_2934 .array/port v0xb470e263cb90, 2934;
v0xb470e263cb90_2935 .array/port v0xb470e263cb90, 2935;
v0xb470e263cb90_2936 .array/port v0xb470e263cb90, 2936;
E_0xb470e2641e60/735 .event anyedge, v0xb470e263cb90_2933, v0xb470e263cb90_2934, v0xb470e263cb90_2935, v0xb470e263cb90_2936;
v0xb470e263cb90_2937 .array/port v0xb470e263cb90, 2937;
v0xb470e263cb90_2938 .array/port v0xb470e263cb90, 2938;
v0xb470e263cb90_2939 .array/port v0xb470e263cb90, 2939;
v0xb470e263cb90_2940 .array/port v0xb470e263cb90, 2940;
E_0xb470e2641e60/736 .event anyedge, v0xb470e263cb90_2937, v0xb470e263cb90_2938, v0xb470e263cb90_2939, v0xb470e263cb90_2940;
v0xb470e263cb90_2941 .array/port v0xb470e263cb90, 2941;
v0xb470e263cb90_2942 .array/port v0xb470e263cb90, 2942;
v0xb470e263cb90_2943 .array/port v0xb470e263cb90, 2943;
v0xb470e263cb90_2944 .array/port v0xb470e263cb90, 2944;
E_0xb470e2641e60/737 .event anyedge, v0xb470e263cb90_2941, v0xb470e263cb90_2942, v0xb470e263cb90_2943, v0xb470e263cb90_2944;
v0xb470e263cb90_2945 .array/port v0xb470e263cb90, 2945;
v0xb470e263cb90_2946 .array/port v0xb470e263cb90, 2946;
v0xb470e263cb90_2947 .array/port v0xb470e263cb90, 2947;
v0xb470e263cb90_2948 .array/port v0xb470e263cb90, 2948;
E_0xb470e2641e60/738 .event anyedge, v0xb470e263cb90_2945, v0xb470e263cb90_2946, v0xb470e263cb90_2947, v0xb470e263cb90_2948;
v0xb470e263cb90_2949 .array/port v0xb470e263cb90, 2949;
v0xb470e263cb90_2950 .array/port v0xb470e263cb90, 2950;
v0xb470e263cb90_2951 .array/port v0xb470e263cb90, 2951;
v0xb470e263cb90_2952 .array/port v0xb470e263cb90, 2952;
E_0xb470e2641e60/739 .event anyedge, v0xb470e263cb90_2949, v0xb470e263cb90_2950, v0xb470e263cb90_2951, v0xb470e263cb90_2952;
v0xb470e263cb90_2953 .array/port v0xb470e263cb90, 2953;
v0xb470e263cb90_2954 .array/port v0xb470e263cb90, 2954;
v0xb470e263cb90_2955 .array/port v0xb470e263cb90, 2955;
v0xb470e263cb90_2956 .array/port v0xb470e263cb90, 2956;
E_0xb470e2641e60/740 .event anyedge, v0xb470e263cb90_2953, v0xb470e263cb90_2954, v0xb470e263cb90_2955, v0xb470e263cb90_2956;
v0xb470e263cb90_2957 .array/port v0xb470e263cb90, 2957;
v0xb470e263cb90_2958 .array/port v0xb470e263cb90, 2958;
v0xb470e263cb90_2959 .array/port v0xb470e263cb90, 2959;
v0xb470e263cb90_2960 .array/port v0xb470e263cb90, 2960;
E_0xb470e2641e60/741 .event anyedge, v0xb470e263cb90_2957, v0xb470e263cb90_2958, v0xb470e263cb90_2959, v0xb470e263cb90_2960;
v0xb470e263cb90_2961 .array/port v0xb470e263cb90, 2961;
v0xb470e263cb90_2962 .array/port v0xb470e263cb90, 2962;
v0xb470e263cb90_2963 .array/port v0xb470e263cb90, 2963;
v0xb470e263cb90_2964 .array/port v0xb470e263cb90, 2964;
E_0xb470e2641e60/742 .event anyedge, v0xb470e263cb90_2961, v0xb470e263cb90_2962, v0xb470e263cb90_2963, v0xb470e263cb90_2964;
v0xb470e263cb90_2965 .array/port v0xb470e263cb90, 2965;
v0xb470e263cb90_2966 .array/port v0xb470e263cb90, 2966;
v0xb470e263cb90_2967 .array/port v0xb470e263cb90, 2967;
v0xb470e263cb90_2968 .array/port v0xb470e263cb90, 2968;
E_0xb470e2641e60/743 .event anyedge, v0xb470e263cb90_2965, v0xb470e263cb90_2966, v0xb470e263cb90_2967, v0xb470e263cb90_2968;
v0xb470e263cb90_2969 .array/port v0xb470e263cb90, 2969;
v0xb470e263cb90_2970 .array/port v0xb470e263cb90, 2970;
v0xb470e263cb90_2971 .array/port v0xb470e263cb90, 2971;
v0xb470e263cb90_2972 .array/port v0xb470e263cb90, 2972;
E_0xb470e2641e60/744 .event anyedge, v0xb470e263cb90_2969, v0xb470e263cb90_2970, v0xb470e263cb90_2971, v0xb470e263cb90_2972;
v0xb470e263cb90_2973 .array/port v0xb470e263cb90, 2973;
v0xb470e263cb90_2974 .array/port v0xb470e263cb90, 2974;
v0xb470e263cb90_2975 .array/port v0xb470e263cb90, 2975;
v0xb470e263cb90_2976 .array/port v0xb470e263cb90, 2976;
E_0xb470e2641e60/745 .event anyedge, v0xb470e263cb90_2973, v0xb470e263cb90_2974, v0xb470e263cb90_2975, v0xb470e263cb90_2976;
v0xb470e263cb90_2977 .array/port v0xb470e263cb90, 2977;
v0xb470e263cb90_2978 .array/port v0xb470e263cb90, 2978;
v0xb470e263cb90_2979 .array/port v0xb470e263cb90, 2979;
v0xb470e263cb90_2980 .array/port v0xb470e263cb90, 2980;
E_0xb470e2641e60/746 .event anyedge, v0xb470e263cb90_2977, v0xb470e263cb90_2978, v0xb470e263cb90_2979, v0xb470e263cb90_2980;
v0xb470e263cb90_2981 .array/port v0xb470e263cb90, 2981;
v0xb470e263cb90_2982 .array/port v0xb470e263cb90, 2982;
v0xb470e263cb90_2983 .array/port v0xb470e263cb90, 2983;
v0xb470e263cb90_2984 .array/port v0xb470e263cb90, 2984;
E_0xb470e2641e60/747 .event anyedge, v0xb470e263cb90_2981, v0xb470e263cb90_2982, v0xb470e263cb90_2983, v0xb470e263cb90_2984;
v0xb470e263cb90_2985 .array/port v0xb470e263cb90, 2985;
v0xb470e263cb90_2986 .array/port v0xb470e263cb90, 2986;
v0xb470e263cb90_2987 .array/port v0xb470e263cb90, 2987;
v0xb470e263cb90_2988 .array/port v0xb470e263cb90, 2988;
E_0xb470e2641e60/748 .event anyedge, v0xb470e263cb90_2985, v0xb470e263cb90_2986, v0xb470e263cb90_2987, v0xb470e263cb90_2988;
v0xb470e263cb90_2989 .array/port v0xb470e263cb90, 2989;
v0xb470e263cb90_2990 .array/port v0xb470e263cb90, 2990;
v0xb470e263cb90_2991 .array/port v0xb470e263cb90, 2991;
v0xb470e263cb90_2992 .array/port v0xb470e263cb90, 2992;
E_0xb470e2641e60/749 .event anyedge, v0xb470e263cb90_2989, v0xb470e263cb90_2990, v0xb470e263cb90_2991, v0xb470e263cb90_2992;
v0xb470e263cb90_2993 .array/port v0xb470e263cb90, 2993;
v0xb470e263cb90_2994 .array/port v0xb470e263cb90, 2994;
v0xb470e263cb90_2995 .array/port v0xb470e263cb90, 2995;
v0xb470e263cb90_2996 .array/port v0xb470e263cb90, 2996;
E_0xb470e2641e60/750 .event anyedge, v0xb470e263cb90_2993, v0xb470e263cb90_2994, v0xb470e263cb90_2995, v0xb470e263cb90_2996;
v0xb470e263cb90_2997 .array/port v0xb470e263cb90, 2997;
v0xb470e263cb90_2998 .array/port v0xb470e263cb90, 2998;
v0xb470e263cb90_2999 .array/port v0xb470e263cb90, 2999;
v0xb470e263cb90_3000 .array/port v0xb470e263cb90, 3000;
E_0xb470e2641e60/751 .event anyedge, v0xb470e263cb90_2997, v0xb470e263cb90_2998, v0xb470e263cb90_2999, v0xb470e263cb90_3000;
v0xb470e263cb90_3001 .array/port v0xb470e263cb90, 3001;
v0xb470e263cb90_3002 .array/port v0xb470e263cb90, 3002;
v0xb470e263cb90_3003 .array/port v0xb470e263cb90, 3003;
v0xb470e263cb90_3004 .array/port v0xb470e263cb90, 3004;
E_0xb470e2641e60/752 .event anyedge, v0xb470e263cb90_3001, v0xb470e263cb90_3002, v0xb470e263cb90_3003, v0xb470e263cb90_3004;
v0xb470e263cb90_3005 .array/port v0xb470e263cb90, 3005;
v0xb470e263cb90_3006 .array/port v0xb470e263cb90, 3006;
v0xb470e263cb90_3007 .array/port v0xb470e263cb90, 3007;
v0xb470e263cb90_3008 .array/port v0xb470e263cb90, 3008;
E_0xb470e2641e60/753 .event anyedge, v0xb470e263cb90_3005, v0xb470e263cb90_3006, v0xb470e263cb90_3007, v0xb470e263cb90_3008;
v0xb470e263cb90_3009 .array/port v0xb470e263cb90, 3009;
v0xb470e263cb90_3010 .array/port v0xb470e263cb90, 3010;
v0xb470e263cb90_3011 .array/port v0xb470e263cb90, 3011;
v0xb470e263cb90_3012 .array/port v0xb470e263cb90, 3012;
E_0xb470e2641e60/754 .event anyedge, v0xb470e263cb90_3009, v0xb470e263cb90_3010, v0xb470e263cb90_3011, v0xb470e263cb90_3012;
v0xb470e263cb90_3013 .array/port v0xb470e263cb90, 3013;
v0xb470e263cb90_3014 .array/port v0xb470e263cb90, 3014;
v0xb470e263cb90_3015 .array/port v0xb470e263cb90, 3015;
v0xb470e263cb90_3016 .array/port v0xb470e263cb90, 3016;
E_0xb470e2641e60/755 .event anyedge, v0xb470e263cb90_3013, v0xb470e263cb90_3014, v0xb470e263cb90_3015, v0xb470e263cb90_3016;
v0xb470e263cb90_3017 .array/port v0xb470e263cb90, 3017;
v0xb470e263cb90_3018 .array/port v0xb470e263cb90, 3018;
v0xb470e263cb90_3019 .array/port v0xb470e263cb90, 3019;
v0xb470e263cb90_3020 .array/port v0xb470e263cb90, 3020;
E_0xb470e2641e60/756 .event anyedge, v0xb470e263cb90_3017, v0xb470e263cb90_3018, v0xb470e263cb90_3019, v0xb470e263cb90_3020;
v0xb470e263cb90_3021 .array/port v0xb470e263cb90, 3021;
v0xb470e263cb90_3022 .array/port v0xb470e263cb90, 3022;
v0xb470e263cb90_3023 .array/port v0xb470e263cb90, 3023;
v0xb470e263cb90_3024 .array/port v0xb470e263cb90, 3024;
E_0xb470e2641e60/757 .event anyedge, v0xb470e263cb90_3021, v0xb470e263cb90_3022, v0xb470e263cb90_3023, v0xb470e263cb90_3024;
v0xb470e263cb90_3025 .array/port v0xb470e263cb90, 3025;
v0xb470e263cb90_3026 .array/port v0xb470e263cb90, 3026;
v0xb470e263cb90_3027 .array/port v0xb470e263cb90, 3027;
v0xb470e263cb90_3028 .array/port v0xb470e263cb90, 3028;
E_0xb470e2641e60/758 .event anyedge, v0xb470e263cb90_3025, v0xb470e263cb90_3026, v0xb470e263cb90_3027, v0xb470e263cb90_3028;
v0xb470e263cb90_3029 .array/port v0xb470e263cb90, 3029;
v0xb470e263cb90_3030 .array/port v0xb470e263cb90, 3030;
v0xb470e263cb90_3031 .array/port v0xb470e263cb90, 3031;
v0xb470e263cb90_3032 .array/port v0xb470e263cb90, 3032;
E_0xb470e2641e60/759 .event anyedge, v0xb470e263cb90_3029, v0xb470e263cb90_3030, v0xb470e263cb90_3031, v0xb470e263cb90_3032;
v0xb470e263cb90_3033 .array/port v0xb470e263cb90, 3033;
v0xb470e263cb90_3034 .array/port v0xb470e263cb90, 3034;
v0xb470e263cb90_3035 .array/port v0xb470e263cb90, 3035;
v0xb470e263cb90_3036 .array/port v0xb470e263cb90, 3036;
E_0xb470e2641e60/760 .event anyedge, v0xb470e263cb90_3033, v0xb470e263cb90_3034, v0xb470e263cb90_3035, v0xb470e263cb90_3036;
v0xb470e263cb90_3037 .array/port v0xb470e263cb90, 3037;
v0xb470e263cb90_3038 .array/port v0xb470e263cb90, 3038;
v0xb470e263cb90_3039 .array/port v0xb470e263cb90, 3039;
v0xb470e263cb90_3040 .array/port v0xb470e263cb90, 3040;
E_0xb470e2641e60/761 .event anyedge, v0xb470e263cb90_3037, v0xb470e263cb90_3038, v0xb470e263cb90_3039, v0xb470e263cb90_3040;
v0xb470e263cb90_3041 .array/port v0xb470e263cb90, 3041;
v0xb470e263cb90_3042 .array/port v0xb470e263cb90, 3042;
v0xb470e263cb90_3043 .array/port v0xb470e263cb90, 3043;
v0xb470e263cb90_3044 .array/port v0xb470e263cb90, 3044;
E_0xb470e2641e60/762 .event anyedge, v0xb470e263cb90_3041, v0xb470e263cb90_3042, v0xb470e263cb90_3043, v0xb470e263cb90_3044;
v0xb470e263cb90_3045 .array/port v0xb470e263cb90, 3045;
v0xb470e263cb90_3046 .array/port v0xb470e263cb90, 3046;
v0xb470e263cb90_3047 .array/port v0xb470e263cb90, 3047;
v0xb470e263cb90_3048 .array/port v0xb470e263cb90, 3048;
E_0xb470e2641e60/763 .event anyedge, v0xb470e263cb90_3045, v0xb470e263cb90_3046, v0xb470e263cb90_3047, v0xb470e263cb90_3048;
v0xb470e263cb90_3049 .array/port v0xb470e263cb90, 3049;
v0xb470e263cb90_3050 .array/port v0xb470e263cb90, 3050;
v0xb470e263cb90_3051 .array/port v0xb470e263cb90, 3051;
v0xb470e263cb90_3052 .array/port v0xb470e263cb90, 3052;
E_0xb470e2641e60/764 .event anyedge, v0xb470e263cb90_3049, v0xb470e263cb90_3050, v0xb470e263cb90_3051, v0xb470e263cb90_3052;
v0xb470e263cb90_3053 .array/port v0xb470e263cb90, 3053;
v0xb470e263cb90_3054 .array/port v0xb470e263cb90, 3054;
v0xb470e263cb90_3055 .array/port v0xb470e263cb90, 3055;
v0xb470e263cb90_3056 .array/port v0xb470e263cb90, 3056;
E_0xb470e2641e60/765 .event anyedge, v0xb470e263cb90_3053, v0xb470e263cb90_3054, v0xb470e263cb90_3055, v0xb470e263cb90_3056;
v0xb470e263cb90_3057 .array/port v0xb470e263cb90, 3057;
v0xb470e263cb90_3058 .array/port v0xb470e263cb90, 3058;
v0xb470e263cb90_3059 .array/port v0xb470e263cb90, 3059;
v0xb470e263cb90_3060 .array/port v0xb470e263cb90, 3060;
E_0xb470e2641e60/766 .event anyedge, v0xb470e263cb90_3057, v0xb470e263cb90_3058, v0xb470e263cb90_3059, v0xb470e263cb90_3060;
v0xb470e263cb90_3061 .array/port v0xb470e263cb90, 3061;
v0xb470e263cb90_3062 .array/port v0xb470e263cb90, 3062;
v0xb470e263cb90_3063 .array/port v0xb470e263cb90, 3063;
v0xb470e263cb90_3064 .array/port v0xb470e263cb90, 3064;
E_0xb470e2641e60/767 .event anyedge, v0xb470e263cb90_3061, v0xb470e263cb90_3062, v0xb470e263cb90_3063, v0xb470e263cb90_3064;
v0xb470e263cb90_3065 .array/port v0xb470e263cb90, 3065;
v0xb470e263cb90_3066 .array/port v0xb470e263cb90, 3066;
v0xb470e263cb90_3067 .array/port v0xb470e263cb90, 3067;
v0xb470e263cb90_3068 .array/port v0xb470e263cb90, 3068;
E_0xb470e2641e60/768 .event anyedge, v0xb470e263cb90_3065, v0xb470e263cb90_3066, v0xb470e263cb90_3067, v0xb470e263cb90_3068;
v0xb470e263cb90_3069 .array/port v0xb470e263cb90, 3069;
v0xb470e263cb90_3070 .array/port v0xb470e263cb90, 3070;
v0xb470e263cb90_3071 .array/port v0xb470e263cb90, 3071;
v0xb470e263cb90_3072 .array/port v0xb470e263cb90, 3072;
E_0xb470e2641e60/769 .event anyedge, v0xb470e263cb90_3069, v0xb470e263cb90_3070, v0xb470e263cb90_3071, v0xb470e263cb90_3072;
v0xb470e263cb90_3073 .array/port v0xb470e263cb90, 3073;
v0xb470e263cb90_3074 .array/port v0xb470e263cb90, 3074;
v0xb470e263cb90_3075 .array/port v0xb470e263cb90, 3075;
v0xb470e263cb90_3076 .array/port v0xb470e263cb90, 3076;
E_0xb470e2641e60/770 .event anyedge, v0xb470e263cb90_3073, v0xb470e263cb90_3074, v0xb470e263cb90_3075, v0xb470e263cb90_3076;
v0xb470e263cb90_3077 .array/port v0xb470e263cb90, 3077;
v0xb470e263cb90_3078 .array/port v0xb470e263cb90, 3078;
v0xb470e263cb90_3079 .array/port v0xb470e263cb90, 3079;
v0xb470e263cb90_3080 .array/port v0xb470e263cb90, 3080;
E_0xb470e2641e60/771 .event anyedge, v0xb470e263cb90_3077, v0xb470e263cb90_3078, v0xb470e263cb90_3079, v0xb470e263cb90_3080;
v0xb470e263cb90_3081 .array/port v0xb470e263cb90, 3081;
v0xb470e263cb90_3082 .array/port v0xb470e263cb90, 3082;
v0xb470e263cb90_3083 .array/port v0xb470e263cb90, 3083;
v0xb470e263cb90_3084 .array/port v0xb470e263cb90, 3084;
E_0xb470e2641e60/772 .event anyedge, v0xb470e263cb90_3081, v0xb470e263cb90_3082, v0xb470e263cb90_3083, v0xb470e263cb90_3084;
v0xb470e263cb90_3085 .array/port v0xb470e263cb90, 3085;
v0xb470e263cb90_3086 .array/port v0xb470e263cb90, 3086;
v0xb470e263cb90_3087 .array/port v0xb470e263cb90, 3087;
v0xb470e263cb90_3088 .array/port v0xb470e263cb90, 3088;
E_0xb470e2641e60/773 .event anyedge, v0xb470e263cb90_3085, v0xb470e263cb90_3086, v0xb470e263cb90_3087, v0xb470e263cb90_3088;
v0xb470e263cb90_3089 .array/port v0xb470e263cb90, 3089;
v0xb470e263cb90_3090 .array/port v0xb470e263cb90, 3090;
v0xb470e263cb90_3091 .array/port v0xb470e263cb90, 3091;
v0xb470e263cb90_3092 .array/port v0xb470e263cb90, 3092;
E_0xb470e2641e60/774 .event anyedge, v0xb470e263cb90_3089, v0xb470e263cb90_3090, v0xb470e263cb90_3091, v0xb470e263cb90_3092;
v0xb470e263cb90_3093 .array/port v0xb470e263cb90, 3093;
v0xb470e263cb90_3094 .array/port v0xb470e263cb90, 3094;
v0xb470e263cb90_3095 .array/port v0xb470e263cb90, 3095;
v0xb470e263cb90_3096 .array/port v0xb470e263cb90, 3096;
E_0xb470e2641e60/775 .event anyedge, v0xb470e263cb90_3093, v0xb470e263cb90_3094, v0xb470e263cb90_3095, v0xb470e263cb90_3096;
v0xb470e263cb90_3097 .array/port v0xb470e263cb90, 3097;
v0xb470e263cb90_3098 .array/port v0xb470e263cb90, 3098;
v0xb470e263cb90_3099 .array/port v0xb470e263cb90, 3099;
v0xb470e263cb90_3100 .array/port v0xb470e263cb90, 3100;
E_0xb470e2641e60/776 .event anyedge, v0xb470e263cb90_3097, v0xb470e263cb90_3098, v0xb470e263cb90_3099, v0xb470e263cb90_3100;
v0xb470e263cb90_3101 .array/port v0xb470e263cb90, 3101;
v0xb470e263cb90_3102 .array/port v0xb470e263cb90, 3102;
v0xb470e263cb90_3103 .array/port v0xb470e263cb90, 3103;
v0xb470e263cb90_3104 .array/port v0xb470e263cb90, 3104;
E_0xb470e2641e60/777 .event anyedge, v0xb470e263cb90_3101, v0xb470e263cb90_3102, v0xb470e263cb90_3103, v0xb470e263cb90_3104;
v0xb470e263cb90_3105 .array/port v0xb470e263cb90, 3105;
v0xb470e263cb90_3106 .array/port v0xb470e263cb90, 3106;
v0xb470e263cb90_3107 .array/port v0xb470e263cb90, 3107;
v0xb470e263cb90_3108 .array/port v0xb470e263cb90, 3108;
E_0xb470e2641e60/778 .event anyedge, v0xb470e263cb90_3105, v0xb470e263cb90_3106, v0xb470e263cb90_3107, v0xb470e263cb90_3108;
v0xb470e263cb90_3109 .array/port v0xb470e263cb90, 3109;
v0xb470e263cb90_3110 .array/port v0xb470e263cb90, 3110;
v0xb470e263cb90_3111 .array/port v0xb470e263cb90, 3111;
v0xb470e263cb90_3112 .array/port v0xb470e263cb90, 3112;
E_0xb470e2641e60/779 .event anyedge, v0xb470e263cb90_3109, v0xb470e263cb90_3110, v0xb470e263cb90_3111, v0xb470e263cb90_3112;
v0xb470e263cb90_3113 .array/port v0xb470e263cb90, 3113;
v0xb470e263cb90_3114 .array/port v0xb470e263cb90, 3114;
v0xb470e263cb90_3115 .array/port v0xb470e263cb90, 3115;
v0xb470e263cb90_3116 .array/port v0xb470e263cb90, 3116;
E_0xb470e2641e60/780 .event anyedge, v0xb470e263cb90_3113, v0xb470e263cb90_3114, v0xb470e263cb90_3115, v0xb470e263cb90_3116;
v0xb470e263cb90_3117 .array/port v0xb470e263cb90, 3117;
v0xb470e263cb90_3118 .array/port v0xb470e263cb90, 3118;
v0xb470e263cb90_3119 .array/port v0xb470e263cb90, 3119;
v0xb470e263cb90_3120 .array/port v0xb470e263cb90, 3120;
E_0xb470e2641e60/781 .event anyedge, v0xb470e263cb90_3117, v0xb470e263cb90_3118, v0xb470e263cb90_3119, v0xb470e263cb90_3120;
v0xb470e263cb90_3121 .array/port v0xb470e263cb90, 3121;
v0xb470e263cb90_3122 .array/port v0xb470e263cb90, 3122;
v0xb470e263cb90_3123 .array/port v0xb470e263cb90, 3123;
v0xb470e263cb90_3124 .array/port v0xb470e263cb90, 3124;
E_0xb470e2641e60/782 .event anyedge, v0xb470e263cb90_3121, v0xb470e263cb90_3122, v0xb470e263cb90_3123, v0xb470e263cb90_3124;
v0xb470e263cb90_3125 .array/port v0xb470e263cb90, 3125;
v0xb470e263cb90_3126 .array/port v0xb470e263cb90, 3126;
v0xb470e263cb90_3127 .array/port v0xb470e263cb90, 3127;
v0xb470e263cb90_3128 .array/port v0xb470e263cb90, 3128;
E_0xb470e2641e60/783 .event anyedge, v0xb470e263cb90_3125, v0xb470e263cb90_3126, v0xb470e263cb90_3127, v0xb470e263cb90_3128;
v0xb470e263cb90_3129 .array/port v0xb470e263cb90, 3129;
v0xb470e263cb90_3130 .array/port v0xb470e263cb90, 3130;
v0xb470e263cb90_3131 .array/port v0xb470e263cb90, 3131;
v0xb470e263cb90_3132 .array/port v0xb470e263cb90, 3132;
E_0xb470e2641e60/784 .event anyedge, v0xb470e263cb90_3129, v0xb470e263cb90_3130, v0xb470e263cb90_3131, v0xb470e263cb90_3132;
v0xb470e263cb90_3133 .array/port v0xb470e263cb90, 3133;
v0xb470e263cb90_3134 .array/port v0xb470e263cb90, 3134;
v0xb470e263cb90_3135 .array/port v0xb470e263cb90, 3135;
v0xb470e263cb90_3136 .array/port v0xb470e263cb90, 3136;
E_0xb470e2641e60/785 .event anyedge, v0xb470e263cb90_3133, v0xb470e263cb90_3134, v0xb470e263cb90_3135, v0xb470e263cb90_3136;
v0xb470e263cb90_3137 .array/port v0xb470e263cb90, 3137;
v0xb470e263cb90_3138 .array/port v0xb470e263cb90, 3138;
v0xb470e263cb90_3139 .array/port v0xb470e263cb90, 3139;
v0xb470e263cb90_3140 .array/port v0xb470e263cb90, 3140;
E_0xb470e2641e60/786 .event anyedge, v0xb470e263cb90_3137, v0xb470e263cb90_3138, v0xb470e263cb90_3139, v0xb470e263cb90_3140;
v0xb470e263cb90_3141 .array/port v0xb470e263cb90, 3141;
v0xb470e263cb90_3142 .array/port v0xb470e263cb90, 3142;
v0xb470e263cb90_3143 .array/port v0xb470e263cb90, 3143;
v0xb470e263cb90_3144 .array/port v0xb470e263cb90, 3144;
E_0xb470e2641e60/787 .event anyedge, v0xb470e263cb90_3141, v0xb470e263cb90_3142, v0xb470e263cb90_3143, v0xb470e263cb90_3144;
v0xb470e263cb90_3145 .array/port v0xb470e263cb90, 3145;
v0xb470e263cb90_3146 .array/port v0xb470e263cb90, 3146;
v0xb470e263cb90_3147 .array/port v0xb470e263cb90, 3147;
v0xb470e263cb90_3148 .array/port v0xb470e263cb90, 3148;
E_0xb470e2641e60/788 .event anyedge, v0xb470e263cb90_3145, v0xb470e263cb90_3146, v0xb470e263cb90_3147, v0xb470e263cb90_3148;
v0xb470e263cb90_3149 .array/port v0xb470e263cb90, 3149;
v0xb470e263cb90_3150 .array/port v0xb470e263cb90, 3150;
v0xb470e263cb90_3151 .array/port v0xb470e263cb90, 3151;
v0xb470e263cb90_3152 .array/port v0xb470e263cb90, 3152;
E_0xb470e2641e60/789 .event anyedge, v0xb470e263cb90_3149, v0xb470e263cb90_3150, v0xb470e263cb90_3151, v0xb470e263cb90_3152;
v0xb470e263cb90_3153 .array/port v0xb470e263cb90, 3153;
v0xb470e263cb90_3154 .array/port v0xb470e263cb90, 3154;
v0xb470e263cb90_3155 .array/port v0xb470e263cb90, 3155;
v0xb470e263cb90_3156 .array/port v0xb470e263cb90, 3156;
E_0xb470e2641e60/790 .event anyedge, v0xb470e263cb90_3153, v0xb470e263cb90_3154, v0xb470e263cb90_3155, v0xb470e263cb90_3156;
v0xb470e263cb90_3157 .array/port v0xb470e263cb90, 3157;
v0xb470e263cb90_3158 .array/port v0xb470e263cb90, 3158;
v0xb470e263cb90_3159 .array/port v0xb470e263cb90, 3159;
v0xb470e263cb90_3160 .array/port v0xb470e263cb90, 3160;
E_0xb470e2641e60/791 .event anyedge, v0xb470e263cb90_3157, v0xb470e263cb90_3158, v0xb470e263cb90_3159, v0xb470e263cb90_3160;
v0xb470e263cb90_3161 .array/port v0xb470e263cb90, 3161;
v0xb470e263cb90_3162 .array/port v0xb470e263cb90, 3162;
v0xb470e263cb90_3163 .array/port v0xb470e263cb90, 3163;
v0xb470e263cb90_3164 .array/port v0xb470e263cb90, 3164;
E_0xb470e2641e60/792 .event anyedge, v0xb470e263cb90_3161, v0xb470e263cb90_3162, v0xb470e263cb90_3163, v0xb470e263cb90_3164;
v0xb470e263cb90_3165 .array/port v0xb470e263cb90, 3165;
v0xb470e263cb90_3166 .array/port v0xb470e263cb90, 3166;
v0xb470e263cb90_3167 .array/port v0xb470e263cb90, 3167;
v0xb470e263cb90_3168 .array/port v0xb470e263cb90, 3168;
E_0xb470e2641e60/793 .event anyedge, v0xb470e263cb90_3165, v0xb470e263cb90_3166, v0xb470e263cb90_3167, v0xb470e263cb90_3168;
v0xb470e263cb90_3169 .array/port v0xb470e263cb90, 3169;
v0xb470e263cb90_3170 .array/port v0xb470e263cb90, 3170;
v0xb470e263cb90_3171 .array/port v0xb470e263cb90, 3171;
v0xb470e263cb90_3172 .array/port v0xb470e263cb90, 3172;
E_0xb470e2641e60/794 .event anyedge, v0xb470e263cb90_3169, v0xb470e263cb90_3170, v0xb470e263cb90_3171, v0xb470e263cb90_3172;
v0xb470e263cb90_3173 .array/port v0xb470e263cb90, 3173;
v0xb470e263cb90_3174 .array/port v0xb470e263cb90, 3174;
v0xb470e263cb90_3175 .array/port v0xb470e263cb90, 3175;
v0xb470e263cb90_3176 .array/port v0xb470e263cb90, 3176;
E_0xb470e2641e60/795 .event anyedge, v0xb470e263cb90_3173, v0xb470e263cb90_3174, v0xb470e263cb90_3175, v0xb470e263cb90_3176;
v0xb470e263cb90_3177 .array/port v0xb470e263cb90, 3177;
v0xb470e263cb90_3178 .array/port v0xb470e263cb90, 3178;
v0xb470e263cb90_3179 .array/port v0xb470e263cb90, 3179;
v0xb470e263cb90_3180 .array/port v0xb470e263cb90, 3180;
E_0xb470e2641e60/796 .event anyedge, v0xb470e263cb90_3177, v0xb470e263cb90_3178, v0xb470e263cb90_3179, v0xb470e263cb90_3180;
v0xb470e263cb90_3181 .array/port v0xb470e263cb90, 3181;
v0xb470e263cb90_3182 .array/port v0xb470e263cb90, 3182;
v0xb470e263cb90_3183 .array/port v0xb470e263cb90, 3183;
v0xb470e263cb90_3184 .array/port v0xb470e263cb90, 3184;
E_0xb470e2641e60/797 .event anyedge, v0xb470e263cb90_3181, v0xb470e263cb90_3182, v0xb470e263cb90_3183, v0xb470e263cb90_3184;
v0xb470e263cb90_3185 .array/port v0xb470e263cb90, 3185;
v0xb470e263cb90_3186 .array/port v0xb470e263cb90, 3186;
v0xb470e263cb90_3187 .array/port v0xb470e263cb90, 3187;
v0xb470e263cb90_3188 .array/port v0xb470e263cb90, 3188;
E_0xb470e2641e60/798 .event anyedge, v0xb470e263cb90_3185, v0xb470e263cb90_3186, v0xb470e263cb90_3187, v0xb470e263cb90_3188;
v0xb470e263cb90_3189 .array/port v0xb470e263cb90, 3189;
v0xb470e263cb90_3190 .array/port v0xb470e263cb90, 3190;
v0xb470e263cb90_3191 .array/port v0xb470e263cb90, 3191;
v0xb470e263cb90_3192 .array/port v0xb470e263cb90, 3192;
E_0xb470e2641e60/799 .event anyedge, v0xb470e263cb90_3189, v0xb470e263cb90_3190, v0xb470e263cb90_3191, v0xb470e263cb90_3192;
v0xb470e263cb90_3193 .array/port v0xb470e263cb90, 3193;
v0xb470e263cb90_3194 .array/port v0xb470e263cb90, 3194;
v0xb470e263cb90_3195 .array/port v0xb470e263cb90, 3195;
v0xb470e263cb90_3196 .array/port v0xb470e263cb90, 3196;
E_0xb470e2641e60/800 .event anyedge, v0xb470e263cb90_3193, v0xb470e263cb90_3194, v0xb470e263cb90_3195, v0xb470e263cb90_3196;
v0xb470e263cb90_3197 .array/port v0xb470e263cb90, 3197;
v0xb470e263cb90_3198 .array/port v0xb470e263cb90, 3198;
v0xb470e263cb90_3199 .array/port v0xb470e263cb90, 3199;
v0xb470e263cb90_3200 .array/port v0xb470e263cb90, 3200;
E_0xb470e2641e60/801 .event anyedge, v0xb470e263cb90_3197, v0xb470e263cb90_3198, v0xb470e263cb90_3199, v0xb470e263cb90_3200;
v0xb470e263cb90_3201 .array/port v0xb470e263cb90, 3201;
v0xb470e263cb90_3202 .array/port v0xb470e263cb90, 3202;
v0xb470e263cb90_3203 .array/port v0xb470e263cb90, 3203;
v0xb470e263cb90_3204 .array/port v0xb470e263cb90, 3204;
E_0xb470e2641e60/802 .event anyedge, v0xb470e263cb90_3201, v0xb470e263cb90_3202, v0xb470e263cb90_3203, v0xb470e263cb90_3204;
v0xb470e263cb90_3205 .array/port v0xb470e263cb90, 3205;
v0xb470e263cb90_3206 .array/port v0xb470e263cb90, 3206;
v0xb470e263cb90_3207 .array/port v0xb470e263cb90, 3207;
v0xb470e263cb90_3208 .array/port v0xb470e263cb90, 3208;
E_0xb470e2641e60/803 .event anyedge, v0xb470e263cb90_3205, v0xb470e263cb90_3206, v0xb470e263cb90_3207, v0xb470e263cb90_3208;
v0xb470e263cb90_3209 .array/port v0xb470e263cb90, 3209;
v0xb470e263cb90_3210 .array/port v0xb470e263cb90, 3210;
v0xb470e263cb90_3211 .array/port v0xb470e263cb90, 3211;
v0xb470e263cb90_3212 .array/port v0xb470e263cb90, 3212;
E_0xb470e2641e60/804 .event anyedge, v0xb470e263cb90_3209, v0xb470e263cb90_3210, v0xb470e263cb90_3211, v0xb470e263cb90_3212;
v0xb470e263cb90_3213 .array/port v0xb470e263cb90, 3213;
v0xb470e263cb90_3214 .array/port v0xb470e263cb90, 3214;
v0xb470e263cb90_3215 .array/port v0xb470e263cb90, 3215;
v0xb470e263cb90_3216 .array/port v0xb470e263cb90, 3216;
E_0xb470e2641e60/805 .event anyedge, v0xb470e263cb90_3213, v0xb470e263cb90_3214, v0xb470e263cb90_3215, v0xb470e263cb90_3216;
v0xb470e263cb90_3217 .array/port v0xb470e263cb90, 3217;
v0xb470e263cb90_3218 .array/port v0xb470e263cb90, 3218;
v0xb470e263cb90_3219 .array/port v0xb470e263cb90, 3219;
v0xb470e263cb90_3220 .array/port v0xb470e263cb90, 3220;
E_0xb470e2641e60/806 .event anyedge, v0xb470e263cb90_3217, v0xb470e263cb90_3218, v0xb470e263cb90_3219, v0xb470e263cb90_3220;
v0xb470e263cb90_3221 .array/port v0xb470e263cb90, 3221;
v0xb470e263cb90_3222 .array/port v0xb470e263cb90, 3222;
v0xb470e263cb90_3223 .array/port v0xb470e263cb90, 3223;
v0xb470e263cb90_3224 .array/port v0xb470e263cb90, 3224;
E_0xb470e2641e60/807 .event anyedge, v0xb470e263cb90_3221, v0xb470e263cb90_3222, v0xb470e263cb90_3223, v0xb470e263cb90_3224;
v0xb470e263cb90_3225 .array/port v0xb470e263cb90, 3225;
v0xb470e263cb90_3226 .array/port v0xb470e263cb90, 3226;
v0xb470e263cb90_3227 .array/port v0xb470e263cb90, 3227;
v0xb470e263cb90_3228 .array/port v0xb470e263cb90, 3228;
E_0xb470e2641e60/808 .event anyedge, v0xb470e263cb90_3225, v0xb470e263cb90_3226, v0xb470e263cb90_3227, v0xb470e263cb90_3228;
v0xb470e263cb90_3229 .array/port v0xb470e263cb90, 3229;
v0xb470e263cb90_3230 .array/port v0xb470e263cb90, 3230;
v0xb470e263cb90_3231 .array/port v0xb470e263cb90, 3231;
v0xb470e263cb90_3232 .array/port v0xb470e263cb90, 3232;
E_0xb470e2641e60/809 .event anyedge, v0xb470e263cb90_3229, v0xb470e263cb90_3230, v0xb470e263cb90_3231, v0xb470e263cb90_3232;
v0xb470e263cb90_3233 .array/port v0xb470e263cb90, 3233;
v0xb470e263cb90_3234 .array/port v0xb470e263cb90, 3234;
v0xb470e263cb90_3235 .array/port v0xb470e263cb90, 3235;
v0xb470e263cb90_3236 .array/port v0xb470e263cb90, 3236;
E_0xb470e2641e60/810 .event anyedge, v0xb470e263cb90_3233, v0xb470e263cb90_3234, v0xb470e263cb90_3235, v0xb470e263cb90_3236;
v0xb470e263cb90_3237 .array/port v0xb470e263cb90, 3237;
v0xb470e263cb90_3238 .array/port v0xb470e263cb90, 3238;
v0xb470e263cb90_3239 .array/port v0xb470e263cb90, 3239;
v0xb470e263cb90_3240 .array/port v0xb470e263cb90, 3240;
E_0xb470e2641e60/811 .event anyedge, v0xb470e263cb90_3237, v0xb470e263cb90_3238, v0xb470e263cb90_3239, v0xb470e263cb90_3240;
v0xb470e263cb90_3241 .array/port v0xb470e263cb90, 3241;
v0xb470e263cb90_3242 .array/port v0xb470e263cb90, 3242;
v0xb470e263cb90_3243 .array/port v0xb470e263cb90, 3243;
v0xb470e263cb90_3244 .array/port v0xb470e263cb90, 3244;
E_0xb470e2641e60/812 .event anyedge, v0xb470e263cb90_3241, v0xb470e263cb90_3242, v0xb470e263cb90_3243, v0xb470e263cb90_3244;
v0xb470e263cb90_3245 .array/port v0xb470e263cb90, 3245;
v0xb470e263cb90_3246 .array/port v0xb470e263cb90, 3246;
v0xb470e263cb90_3247 .array/port v0xb470e263cb90, 3247;
v0xb470e263cb90_3248 .array/port v0xb470e263cb90, 3248;
E_0xb470e2641e60/813 .event anyedge, v0xb470e263cb90_3245, v0xb470e263cb90_3246, v0xb470e263cb90_3247, v0xb470e263cb90_3248;
v0xb470e263cb90_3249 .array/port v0xb470e263cb90, 3249;
v0xb470e263cb90_3250 .array/port v0xb470e263cb90, 3250;
v0xb470e263cb90_3251 .array/port v0xb470e263cb90, 3251;
v0xb470e263cb90_3252 .array/port v0xb470e263cb90, 3252;
E_0xb470e2641e60/814 .event anyedge, v0xb470e263cb90_3249, v0xb470e263cb90_3250, v0xb470e263cb90_3251, v0xb470e263cb90_3252;
v0xb470e263cb90_3253 .array/port v0xb470e263cb90, 3253;
v0xb470e263cb90_3254 .array/port v0xb470e263cb90, 3254;
v0xb470e263cb90_3255 .array/port v0xb470e263cb90, 3255;
v0xb470e263cb90_3256 .array/port v0xb470e263cb90, 3256;
E_0xb470e2641e60/815 .event anyedge, v0xb470e263cb90_3253, v0xb470e263cb90_3254, v0xb470e263cb90_3255, v0xb470e263cb90_3256;
v0xb470e263cb90_3257 .array/port v0xb470e263cb90, 3257;
v0xb470e263cb90_3258 .array/port v0xb470e263cb90, 3258;
v0xb470e263cb90_3259 .array/port v0xb470e263cb90, 3259;
v0xb470e263cb90_3260 .array/port v0xb470e263cb90, 3260;
E_0xb470e2641e60/816 .event anyedge, v0xb470e263cb90_3257, v0xb470e263cb90_3258, v0xb470e263cb90_3259, v0xb470e263cb90_3260;
v0xb470e263cb90_3261 .array/port v0xb470e263cb90, 3261;
v0xb470e263cb90_3262 .array/port v0xb470e263cb90, 3262;
v0xb470e263cb90_3263 .array/port v0xb470e263cb90, 3263;
v0xb470e263cb90_3264 .array/port v0xb470e263cb90, 3264;
E_0xb470e2641e60/817 .event anyedge, v0xb470e263cb90_3261, v0xb470e263cb90_3262, v0xb470e263cb90_3263, v0xb470e263cb90_3264;
v0xb470e263cb90_3265 .array/port v0xb470e263cb90, 3265;
v0xb470e263cb90_3266 .array/port v0xb470e263cb90, 3266;
v0xb470e263cb90_3267 .array/port v0xb470e263cb90, 3267;
v0xb470e263cb90_3268 .array/port v0xb470e263cb90, 3268;
E_0xb470e2641e60/818 .event anyedge, v0xb470e263cb90_3265, v0xb470e263cb90_3266, v0xb470e263cb90_3267, v0xb470e263cb90_3268;
v0xb470e263cb90_3269 .array/port v0xb470e263cb90, 3269;
v0xb470e263cb90_3270 .array/port v0xb470e263cb90, 3270;
v0xb470e263cb90_3271 .array/port v0xb470e263cb90, 3271;
v0xb470e263cb90_3272 .array/port v0xb470e263cb90, 3272;
E_0xb470e2641e60/819 .event anyedge, v0xb470e263cb90_3269, v0xb470e263cb90_3270, v0xb470e263cb90_3271, v0xb470e263cb90_3272;
v0xb470e263cb90_3273 .array/port v0xb470e263cb90, 3273;
v0xb470e263cb90_3274 .array/port v0xb470e263cb90, 3274;
v0xb470e263cb90_3275 .array/port v0xb470e263cb90, 3275;
v0xb470e263cb90_3276 .array/port v0xb470e263cb90, 3276;
E_0xb470e2641e60/820 .event anyedge, v0xb470e263cb90_3273, v0xb470e263cb90_3274, v0xb470e263cb90_3275, v0xb470e263cb90_3276;
v0xb470e263cb90_3277 .array/port v0xb470e263cb90, 3277;
v0xb470e263cb90_3278 .array/port v0xb470e263cb90, 3278;
v0xb470e263cb90_3279 .array/port v0xb470e263cb90, 3279;
v0xb470e263cb90_3280 .array/port v0xb470e263cb90, 3280;
E_0xb470e2641e60/821 .event anyedge, v0xb470e263cb90_3277, v0xb470e263cb90_3278, v0xb470e263cb90_3279, v0xb470e263cb90_3280;
v0xb470e263cb90_3281 .array/port v0xb470e263cb90, 3281;
v0xb470e263cb90_3282 .array/port v0xb470e263cb90, 3282;
v0xb470e263cb90_3283 .array/port v0xb470e263cb90, 3283;
v0xb470e263cb90_3284 .array/port v0xb470e263cb90, 3284;
E_0xb470e2641e60/822 .event anyedge, v0xb470e263cb90_3281, v0xb470e263cb90_3282, v0xb470e263cb90_3283, v0xb470e263cb90_3284;
v0xb470e263cb90_3285 .array/port v0xb470e263cb90, 3285;
v0xb470e263cb90_3286 .array/port v0xb470e263cb90, 3286;
v0xb470e263cb90_3287 .array/port v0xb470e263cb90, 3287;
v0xb470e263cb90_3288 .array/port v0xb470e263cb90, 3288;
E_0xb470e2641e60/823 .event anyedge, v0xb470e263cb90_3285, v0xb470e263cb90_3286, v0xb470e263cb90_3287, v0xb470e263cb90_3288;
v0xb470e263cb90_3289 .array/port v0xb470e263cb90, 3289;
v0xb470e263cb90_3290 .array/port v0xb470e263cb90, 3290;
v0xb470e263cb90_3291 .array/port v0xb470e263cb90, 3291;
v0xb470e263cb90_3292 .array/port v0xb470e263cb90, 3292;
E_0xb470e2641e60/824 .event anyedge, v0xb470e263cb90_3289, v0xb470e263cb90_3290, v0xb470e263cb90_3291, v0xb470e263cb90_3292;
v0xb470e263cb90_3293 .array/port v0xb470e263cb90, 3293;
v0xb470e263cb90_3294 .array/port v0xb470e263cb90, 3294;
v0xb470e263cb90_3295 .array/port v0xb470e263cb90, 3295;
v0xb470e263cb90_3296 .array/port v0xb470e263cb90, 3296;
E_0xb470e2641e60/825 .event anyedge, v0xb470e263cb90_3293, v0xb470e263cb90_3294, v0xb470e263cb90_3295, v0xb470e263cb90_3296;
v0xb470e263cb90_3297 .array/port v0xb470e263cb90, 3297;
v0xb470e263cb90_3298 .array/port v0xb470e263cb90, 3298;
v0xb470e263cb90_3299 .array/port v0xb470e263cb90, 3299;
v0xb470e263cb90_3300 .array/port v0xb470e263cb90, 3300;
E_0xb470e2641e60/826 .event anyedge, v0xb470e263cb90_3297, v0xb470e263cb90_3298, v0xb470e263cb90_3299, v0xb470e263cb90_3300;
v0xb470e263cb90_3301 .array/port v0xb470e263cb90, 3301;
v0xb470e263cb90_3302 .array/port v0xb470e263cb90, 3302;
v0xb470e263cb90_3303 .array/port v0xb470e263cb90, 3303;
v0xb470e263cb90_3304 .array/port v0xb470e263cb90, 3304;
E_0xb470e2641e60/827 .event anyedge, v0xb470e263cb90_3301, v0xb470e263cb90_3302, v0xb470e263cb90_3303, v0xb470e263cb90_3304;
v0xb470e263cb90_3305 .array/port v0xb470e263cb90, 3305;
v0xb470e263cb90_3306 .array/port v0xb470e263cb90, 3306;
v0xb470e263cb90_3307 .array/port v0xb470e263cb90, 3307;
v0xb470e263cb90_3308 .array/port v0xb470e263cb90, 3308;
E_0xb470e2641e60/828 .event anyedge, v0xb470e263cb90_3305, v0xb470e263cb90_3306, v0xb470e263cb90_3307, v0xb470e263cb90_3308;
v0xb470e263cb90_3309 .array/port v0xb470e263cb90, 3309;
v0xb470e263cb90_3310 .array/port v0xb470e263cb90, 3310;
v0xb470e263cb90_3311 .array/port v0xb470e263cb90, 3311;
v0xb470e263cb90_3312 .array/port v0xb470e263cb90, 3312;
E_0xb470e2641e60/829 .event anyedge, v0xb470e263cb90_3309, v0xb470e263cb90_3310, v0xb470e263cb90_3311, v0xb470e263cb90_3312;
v0xb470e263cb90_3313 .array/port v0xb470e263cb90, 3313;
v0xb470e263cb90_3314 .array/port v0xb470e263cb90, 3314;
v0xb470e263cb90_3315 .array/port v0xb470e263cb90, 3315;
v0xb470e263cb90_3316 .array/port v0xb470e263cb90, 3316;
E_0xb470e2641e60/830 .event anyedge, v0xb470e263cb90_3313, v0xb470e263cb90_3314, v0xb470e263cb90_3315, v0xb470e263cb90_3316;
v0xb470e263cb90_3317 .array/port v0xb470e263cb90, 3317;
v0xb470e263cb90_3318 .array/port v0xb470e263cb90, 3318;
v0xb470e263cb90_3319 .array/port v0xb470e263cb90, 3319;
v0xb470e263cb90_3320 .array/port v0xb470e263cb90, 3320;
E_0xb470e2641e60/831 .event anyedge, v0xb470e263cb90_3317, v0xb470e263cb90_3318, v0xb470e263cb90_3319, v0xb470e263cb90_3320;
v0xb470e263cb90_3321 .array/port v0xb470e263cb90, 3321;
v0xb470e263cb90_3322 .array/port v0xb470e263cb90, 3322;
v0xb470e263cb90_3323 .array/port v0xb470e263cb90, 3323;
v0xb470e263cb90_3324 .array/port v0xb470e263cb90, 3324;
E_0xb470e2641e60/832 .event anyedge, v0xb470e263cb90_3321, v0xb470e263cb90_3322, v0xb470e263cb90_3323, v0xb470e263cb90_3324;
v0xb470e263cb90_3325 .array/port v0xb470e263cb90, 3325;
v0xb470e263cb90_3326 .array/port v0xb470e263cb90, 3326;
v0xb470e263cb90_3327 .array/port v0xb470e263cb90, 3327;
v0xb470e263cb90_3328 .array/port v0xb470e263cb90, 3328;
E_0xb470e2641e60/833 .event anyedge, v0xb470e263cb90_3325, v0xb470e263cb90_3326, v0xb470e263cb90_3327, v0xb470e263cb90_3328;
v0xb470e263cb90_3329 .array/port v0xb470e263cb90, 3329;
v0xb470e263cb90_3330 .array/port v0xb470e263cb90, 3330;
v0xb470e263cb90_3331 .array/port v0xb470e263cb90, 3331;
v0xb470e263cb90_3332 .array/port v0xb470e263cb90, 3332;
E_0xb470e2641e60/834 .event anyedge, v0xb470e263cb90_3329, v0xb470e263cb90_3330, v0xb470e263cb90_3331, v0xb470e263cb90_3332;
v0xb470e263cb90_3333 .array/port v0xb470e263cb90, 3333;
v0xb470e263cb90_3334 .array/port v0xb470e263cb90, 3334;
v0xb470e263cb90_3335 .array/port v0xb470e263cb90, 3335;
v0xb470e263cb90_3336 .array/port v0xb470e263cb90, 3336;
E_0xb470e2641e60/835 .event anyedge, v0xb470e263cb90_3333, v0xb470e263cb90_3334, v0xb470e263cb90_3335, v0xb470e263cb90_3336;
v0xb470e263cb90_3337 .array/port v0xb470e263cb90, 3337;
v0xb470e263cb90_3338 .array/port v0xb470e263cb90, 3338;
v0xb470e263cb90_3339 .array/port v0xb470e263cb90, 3339;
v0xb470e263cb90_3340 .array/port v0xb470e263cb90, 3340;
E_0xb470e2641e60/836 .event anyedge, v0xb470e263cb90_3337, v0xb470e263cb90_3338, v0xb470e263cb90_3339, v0xb470e263cb90_3340;
v0xb470e263cb90_3341 .array/port v0xb470e263cb90, 3341;
v0xb470e263cb90_3342 .array/port v0xb470e263cb90, 3342;
v0xb470e263cb90_3343 .array/port v0xb470e263cb90, 3343;
v0xb470e263cb90_3344 .array/port v0xb470e263cb90, 3344;
E_0xb470e2641e60/837 .event anyedge, v0xb470e263cb90_3341, v0xb470e263cb90_3342, v0xb470e263cb90_3343, v0xb470e263cb90_3344;
v0xb470e263cb90_3345 .array/port v0xb470e263cb90, 3345;
v0xb470e263cb90_3346 .array/port v0xb470e263cb90, 3346;
v0xb470e263cb90_3347 .array/port v0xb470e263cb90, 3347;
v0xb470e263cb90_3348 .array/port v0xb470e263cb90, 3348;
E_0xb470e2641e60/838 .event anyedge, v0xb470e263cb90_3345, v0xb470e263cb90_3346, v0xb470e263cb90_3347, v0xb470e263cb90_3348;
v0xb470e263cb90_3349 .array/port v0xb470e263cb90, 3349;
v0xb470e263cb90_3350 .array/port v0xb470e263cb90, 3350;
v0xb470e263cb90_3351 .array/port v0xb470e263cb90, 3351;
v0xb470e263cb90_3352 .array/port v0xb470e263cb90, 3352;
E_0xb470e2641e60/839 .event anyedge, v0xb470e263cb90_3349, v0xb470e263cb90_3350, v0xb470e263cb90_3351, v0xb470e263cb90_3352;
v0xb470e263cb90_3353 .array/port v0xb470e263cb90, 3353;
v0xb470e263cb90_3354 .array/port v0xb470e263cb90, 3354;
v0xb470e263cb90_3355 .array/port v0xb470e263cb90, 3355;
v0xb470e263cb90_3356 .array/port v0xb470e263cb90, 3356;
E_0xb470e2641e60/840 .event anyedge, v0xb470e263cb90_3353, v0xb470e263cb90_3354, v0xb470e263cb90_3355, v0xb470e263cb90_3356;
v0xb470e263cb90_3357 .array/port v0xb470e263cb90, 3357;
v0xb470e263cb90_3358 .array/port v0xb470e263cb90, 3358;
v0xb470e263cb90_3359 .array/port v0xb470e263cb90, 3359;
v0xb470e263cb90_3360 .array/port v0xb470e263cb90, 3360;
E_0xb470e2641e60/841 .event anyedge, v0xb470e263cb90_3357, v0xb470e263cb90_3358, v0xb470e263cb90_3359, v0xb470e263cb90_3360;
v0xb470e263cb90_3361 .array/port v0xb470e263cb90, 3361;
v0xb470e263cb90_3362 .array/port v0xb470e263cb90, 3362;
v0xb470e263cb90_3363 .array/port v0xb470e263cb90, 3363;
v0xb470e263cb90_3364 .array/port v0xb470e263cb90, 3364;
E_0xb470e2641e60/842 .event anyedge, v0xb470e263cb90_3361, v0xb470e263cb90_3362, v0xb470e263cb90_3363, v0xb470e263cb90_3364;
v0xb470e263cb90_3365 .array/port v0xb470e263cb90, 3365;
v0xb470e263cb90_3366 .array/port v0xb470e263cb90, 3366;
v0xb470e263cb90_3367 .array/port v0xb470e263cb90, 3367;
v0xb470e263cb90_3368 .array/port v0xb470e263cb90, 3368;
E_0xb470e2641e60/843 .event anyedge, v0xb470e263cb90_3365, v0xb470e263cb90_3366, v0xb470e263cb90_3367, v0xb470e263cb90_3368;
v0xb470e263cb90_3369 .array/port v0xb470e263cb90, 3369;
v0xb470e263cb90_3370 .array/port v0xb470e263cb90, 3370;
v0xb470e263cb90_3371 .array/port v0xb470e263cb90, 3371;
v0xb470e263cb90_3372 .array/port v0xb470e263cb90, 3372;
E_0xb470e2641e60/844 .event anyedge, v0xb470e263cb90_3369, v0xb470e263cb90_3370, v0xb470e263cb90_3371, v0xb470e263cb90_3372;
v0xb470e263cb90_3373 .array/port v0xb470e263cb90, 3373;
v0xb470e263cb90_3374 .array/port v0xb470e263cb90, 3374;
v0xb470e263cb90_3375 .array/port v0xb470e263cb90, 3375;
v0xb470e263cb90_3376 .array/port v0xb470e263cb90, 3376;
E_0xb470e2641e60/845 .event anyedge, v0xb470e263cb90_3373, v0xb470e263cb90_3374, v0xb470e263cb90_3375, v0xb470e263cb90_3376;
v0xb470e263cb90_3377 .array/port v0xb470e263cb90, 3377;
v0xb470e263cb90_3378 .array/port v0xb470e263cb90, 3378;
v0xb470e263cb90_3379 .array/port v0xb470e263cb90, 3379;
v0xb470e263cb90_3380 .array/port v0xb470e263cb90, 3380;
E_0xb470e2641e60/846 .event anyedge, v0xb470e263cb90_3377, v0xb470e263cb90_3378, v0xb470e263cb90_3379, v0xb470e263cb90_3380;
v0xb470e263cb90_3381 .array/port v0xb470e263cb90, 3381;
v0xb470e263cb90_3382 .array/port v0xb470e263cb90, 3382;
v0xb470e263cb90_3383 .array/port v0xb470e263cb90, 3383;
v0xb470e263cb90_3384 .array/port v0xb470e263cb90, 3384;
E_0xb470e2641e60/847 .event anyedge, v0xb470e263cb90_3381, v0xb470e263cb90_3382, v0xb470e263cb90_3383, v0xb470e263cb90_3384;
v0xb470e263cb90_3385 .array/port v0xb470e263cb90, 3385;
v0xb470e263cb90_3386 .array/port v0xb470e263cb90, 3386;
v0xb470e263cb90_3387 .array/port v0xb470e263cb90, 3387;
v0xb470e263cb90_3388 .array/port v0xb470e263cb90, 3388;
E_0xb470e2641e60/848 .event anyedge, v0xb470e263cb90_3385, v0xb470e263cb90_3386, v0xb470e263cb90_3387, v0xb470e263cb90_3388;
v0xb470e263cb90_3389 .array/port v0xb470e263cb90, 3389;
v0xb470e263cb90_3390 .array/port v0xb470e263cb90, 3390;
v0xb470e263cb90_3391 .array/port v0xb470e263cb90, 3391;
v0xb470e263cb90_3392 .array/port v0xb470e263cb90, 3392;
E_0xb470e2641e60/849 .event anyedge, v0xb470e263cb90_3389, v0xb470e263cb90_3390, v0xb470e263cb90_3391, v0xb470e263cb90_3392;
v0xb470e263cb90_3393 .array/port v0xb470e263cb90, 3393;
v0xb470e263cb90_3394 .array/port v0xb470e263cb90, 3394;
v0xb470e263cb90_3395 .array/port v0xb470e263cb90, 3395;
v0xb470e263cb90_3396 .array/port v0xb470e263cb90, 3396;
E_0xb470e2641e60/850 .event anyedge, v0xb470e263cb90_3393, v0xb470e263cb90_3394, v0xb470e263cb90_3395, v0xb470e263cb90_3396;
v0xb470e263cb90_3397 .array/port v0xb470e263cb90, 3397;
v0xb470e263cb90_3398 .array/port v0xb470e263cb90, 3398;
v0xb470e263cb90_3399 .array/port v0xb470e263cb90, 3399;
v0xb470e263cb90_3400 .array/port v0xb470e263cb90, 3400;
E_0xb470e2641e60/851 .event anyedge, v0xb470e263cb90_3397, v0xb470e263cb90_3398, v0xb470e263cb90_3399, v0xb470e263cb90_3400;
v0xb470e263cb90_3401 .array/port v0xb470e263cb90, 3401;
v0xb470e263cb90_3402 .array/port v0xb470e263cb90, 3402;
v0xb470e263cb90_3403 .array/port v0xb470e263cb90, 3403;
v0xb470e263cb90_3404 .array/port v0xb470e263cb90, 3404;
E_0xb470e2641e60/852 .event anyedge, v0xb470e263cb90_3401, v0xb470e263cb90_3402, v0xb470e263cb90_3403, v0xb470e263cb90_3404;
v0xb470e263cb90_3405 .array/port v0xb470e263cb90, 3405;
v0xb470e263cb90_3406 .array/port v0xb470e263cb90, 3406;
v0xb470e263cb90_3407 .array/port v0xb470e263cb90, 3407;
v0xb470e263cb90_3408 .array/port v0xb470e263cb90, 3408;
E_0xb470e2641e60/853 .event anyedge, v0xb470e263cb90_3405, v0xb470e263cb90_3406, v0xb470e263cb90_3407, v0xb470e263cb90_3408;
v0xb470e263cb90_3409 .array/port v0xb470e263cb90, 3409;
v0xb470e263cb90_3410 .array/port v0xb470e263cb90, 3410;
v0xb470e263cb90_3411 .array/port v0xb470e263cb90, 3411;
v0xb470e263cb90_3412 .array/port v0xb470e263cb90, 3412;
E_0xb470e2641e60/854 .event anyedge, v0xb470e263cb90_3409, v0xb470e263cb90_3410, v0xb470e263cb90_3411, v0xb470e263cb90_3412;
v0xb470e263cb90_3413 .array/port v0xb470e263cb90, 3413;
v0xb470e263cb90_3414 .array/port v0xb470e263cb90, 3414;
v0xb470e263cb90_3415 .array/port v0xb470e263cb90, 3415;
v0xb470e263cb90_3416 .array/port v0xb470e263cb90, 3416;
E_0xb470e2641e60/855 .event anyedge, v0xb470e263cb90_3413, v0xb470e263cb90_3414, v0xb470e263cb90_3415, v0xb470e263cb90_3416;
v0xb470e263cb90_3417 .array/port v0xb470e263cb90, 3417;
v0xb470e263cb90_3418 .array/port v0xb470e263cb90, 3418;
v0xb470e263cb90_3419 .array/port v0xb470e263cb90, 3419;
v0xb470e263cb90_3420 .array/port v0xb470e263cb90, 3420;
E_0xb470e2641e60/856 .event anyedge, v0xb470e263cb90_3417, v0xb470e263cb90_3418, v0xb470e263cb90_3419, v0xb470e263cb90_3420;
v0xb470e263cb90_3421 .array/port v0xb470e263cb90, 3421;
v0xb470e263cb90_3422 .array/port v0xb470e263cb90, 3422;
v0xb470e263cb90_3423 .array/port v0xb470e263cb90, 3423;
v0xb470e263cb90_3424 .array/port v0xb470e263cb90, 3424;
E_0xb470e2641e60/857 .event anyedge, v0xb470e263cb90_3421, v0xb470e263cb90_3422, v0xb470e263cb90_3423, v0xb470e263cb90_3424;
v0xb470e263cb90_3425 .array/port v0xb470e263cb90, 3425;
v0xb470e263cb90_3426 .array/port v0xb470e263cb90, 3426;
v0xb470e263cb90_3427 .array/port v0xb470e263cb90, 3427;
v0xb470e263cb90_3428 .array/port v0xb470e263cb90, 3428;
E_0xb470e2641e60/858 .event anyedge, v0xb470e263cb90_3425, v0xb470e263cb90_3426, v0xb470e263cb90_3427, v0xb470e263cb90_3428;
v0xb470e263cb90_3429 .array/port v0xb470e263cb90, 3429;
v0xb470e263cb90_3430 .array/port v0xb470e263cb90, 3430;
v0xb470e263cb90_3431 .array/port v0xb470e263cb90, 3431;
v0xb470e263cb90_3432 .array/port v0xb470e263cb90, 3432;
E_0xb470e2641e60/859 .event anyedge, v0xb470e263cb90_3429, v0xb470e263cb90_3430, v0xb470e263cb90_3431, v0xb470e263cb90_3432;
v0xb470e263cb90_3433 .array/port v0xb470e263cb90, 3433;
v0xb470e263cb90_3434 .array/port v0xb470e263cb90, 3434;
v0xb470e263cb90_3435 .array/port v0xb470e263cb90, 3435;
v0xb470e263cb90_3436 .array/port v0xb470e263cb90, 3436;
E_0xb470e2641e60/860 .event anyedge, v0xb470e263cb90_3433, v0xb470e263cb90_3434, v0xb470e263cb90_3435, v0xb470e263cb90_3436;
v0xb470e263cb90_3437 .array/port v0xb470e263cb90, 3437;
v0xb470e263cb90_3438 .array/port v0xb470e263cb90, 3438;
v0xb470e263cb90_3439 .array/port v0xb470e263cb90, 3439;
v0xb470e263cb90_3440 .array/port v0xb470e263cb90, 3440;
E_0xb470e2641e60/861 .event anyedge, v0xb470e263cb90_3437, v0xb470e263cb90_3438, v0xb470e263cb90_3439, v0xb470e263cb90_3440;
v0xb470e263cb90_3441 .array/port v0xb470e263cb90, 3441;
v0xb470e263cb90_3442 .array/port v0xb470e263cb90, 3442;
v0xb470e263cb90_3443 .array/port v0xb470e263cb90, 3443;
v0xb470e263cb90_3444 .array/port v0xb470e263cb90, 3444;
E_0xb470e2641e60/862 .event anyedge, v0xb470e263cb90_3441, v0xb470e263cb90_3442, v0xb470e263cb90_3443, v0xb470e263cb90_3444;
v0xb470e263cb90_3445 .array/port v0xb470e263cb90, 3445;
v0xb470e263cb90_3446 .array/port v0xb470e263cb90, 3446;
v0xb470e263cb90_3447 .array/port v0xb470e263cb90, 3447;
v0xb470e263cb90_3448 .array/port v0xb470e263cb90, 3448;
E_0xb470e2641e60/863 .event anyedge, v0xb470e263cb90_3445, v0xb470e263cb90_3446, v0xb470e263cb90_3447, v0xb470e263cb90_3448;
v0xb470e263cb90_3449 .array/port v0xb470e263cb90, 3449;
v0xb470e263cb90_3450 .array/port v0xb470e263cb90, 3450;
v0xb470e263cb90_3451 .array/port v0xb470e263cb90, 3451;
v0xb470e263cb90_3452 .array/port v0xb470e263cb90, 3452;
E_0xb470e2641e60/864 .event anyedge, v0xb470e263cb90_3449, v0xb470e263cb90_3450, v0xb470e263cb90_3451, v0xb470e263cb90_3452;
v0xb470e263cb90_3453 .array/port v0xb470e263cb90, 3453;
v0xb470e263cb90_3454 .array/port v0xb470e263cb90, 3454;
v0xb470e263cb90_3455 .array/port v0xb470e263cb90, 3455;
v0xb470e263cb90_3456 .array/port v0xb470e263cb90, 3456;
E_0xb470e2641e60/865 .event anyedge, v0xb470e263cb90_3453, v0xb470e263cb90_3454, v0xb470e263cb90_3455, v0xb470e263cb90_3456;
v0xb470e263cb90_3457 .array/port v0xb470e263cb90, 3457;
v0xb470e263cb90_3458 .array/port v0xb470e263cb90, 3458;
v0xb470e263cb90_3459 .array/port v0xb470e263cb90, 3459;
v0xb470e263cb90_3460 .array/port v0xb470e263cb90, 3460;
E_0xb470e2641e60/866 .event anyedge, v0xb470e263cb90_3457, v0xb470e263cb90_3458, v0xb470e263cb90_3459, v0xb470e263cb90_3460;
v0xb470e263cb90_3461 .array/port v0xb470e263cb90, 3461;
v0xb470e263cb90_3462 .array/port v0xb470e263cb90, 3462;
v0xb470e263cb90_3463 .array/port v0xb470e263cb90, 3463;
v0xb470e263cb90_3464 .array/port v0xb470e263cb90, 3464;
E_0xb470e2641e60/867 .event anyedge, v0xb470e263cb90_3461, v0xb470e263cb90_3462, v0xb470e263cb90_3463, v0xb470e263cb90_3464;
v0xb470e263cb90_3465 .array/port v0xb470e263cb90, 3465;
v0xb470e263cb90_3466 .array/port v0xb470e263cb90, 3466;
v0xb470e263cb90_3467 .array/port v0xb470e263cb90, 3467;
v0xb470e263cb90_3468 .array/port v0xb470e263cb90, 3468;
E_0xb470e2641e60/868 .event anyedge, v0xb470e263cb90_3465, v0xb470e263cb90_3466, v0xb470e263cb90_3467, v0xb470e263cb90_3468;
v0xb470e263cb90_3469 .array/port v0xb470e263cb90, 3469;
v0xb470e263cb90_3470 .array/port v0xb470e263cb90, 3470;
v0xb470e263cb90_3471 .array/port v0xb470e263cb90, 3471;
v0xb470e263cb90_3472 .array/port v0xb470e263cb90, 3472;
E_0xb470e2641e60/869 .event anyedge, v0xb470e263cb90_3469, v0xb470e263cb90_3470, v0xb470e263cb90_3471, v0xb470e263cb90_3472;
v0xb470e263cb90_3473 .array/port v0xb470e263cb90, 3473;
v0xb470e263cb90_3474 .array/port v0xb470e263cb90, 3474;
v0xb470e263cb90_3475 .array/port v0xb470e263cb90, 3475;
v0xb470e263cb90_3476 .array/port v0xb470e263cb90, 3476;
E_0xb470e2641e60/870 .event anyedge, v0xb470e263cb90_3473, v0xb470e263cb90_3474, v0xb470e263cb90_3475, v0xb470e263cb90_3476;
v0xb470e263cb90_3477 .array/port v0xb470e263cb90, 3477;
v0xb470e263cb90_3478 .array/port v0xb470e263cb90, 3478;
v0xb470e263cb90_3479 .array/port v0xb470e263cb90, 3479;
v0xb470e263cb90_3480 .array/port v0xb470e263cb90, 3480;
E_0xb470e2641e60/871 .event anyedge, v0xb470e263cb90_3477, v0xb470e263cb90_3478, v0xb470e263cb90_3479, v0xb470e263cb90_3480;
v0xb470e263cb90_3481 .array/port v0xb470e263cb90, 3481;
v0xb470e263cb90_3482 .array/port v0xb470e263cb90, 3482;
v0xb470e263cb90_3483 .array/port v0xb470e263cb90, 3483;
v0xb470e263cb90_3484 .array/port v0xb470e263cb90, 3484;
E_0xb470e2641e60/872 .event anyedge, v0xb470e263cb90_3481, v0xb470e263cb90_3482, v0xb470e263cb90_3483, v0xb470e263cb90_3484;
v0xb470e263cb90_3485 .array/port v0xb470e263cb90, 3485;
v0xb470e263cb90_3486 .array/port v0xb470e263cb90, 3486;
v0xb470e263cb90_3487 .array/port v0xb470e263cb90, 3487;
v0xb470e263cb90_3488 .array/port v0xb470e263cb90, 3488;
E_0xb470e2641e60/873 .event anyedge, v0xb470e263cb90_3485, v0xb470e263cb90_3486, v0xb470e263cb90_3487, v0xb470e263cb90_3488;
v0xb470e263cb90_3489 .array/port v0xb470e263cb90, 3489;
v0xb470e263cb90_3490 .array/port v0xb470e263cb90, 3490;
v0xb470e263cb90_3491 .array/port v0xb470e263cb90, 3491;
v0xb470e263cb90_3492 .array/port v0xb470e263cb90, 3492;
E_0xb470e2641e60/874 .event anyedge, v0xb470e263cb90_3489, v0xb470e263cb90_3490, v0xb470e263cb90_3491, v0xb470e263cb90_3492;
v0xb470e263cb90_3493 .array/port v0xb470e263cb90, 3493;
v0xb470e263cb90_3494 .array/port v0xb470e263cb90, 3494;
v0xb470e263cb90_3495 .array/port v0xb470e263cb90, 3495;
v0xb470e263cb90_3496 .array/port v0xb470e263cb90, 3496;
E_0xb470e2641e60/875 .event anyedge, v0xb470e263cb90_3493, v0xb470e263cb90_3494, v0xb470e263cb90_3495, v0xb470e263cb90_3496;
v0xb470e263cb90_3497 .array/port v0xb470e263cb90, 3497;
v0xb470e263cb90_3498 .array/port v0xb470e263cb90, 3498;
v0xb470e263cb90_3499 .array/port v0xb470e263cb90, 3499;
v0xb470e263cb90_3500 .array/port v0xb470e263cb90, 3500;
E_0xb470e2641e60/876 .event anyedge, v0xb470e263cb90_3497, v0xb470e263cb90_3498, v0xb470e263cb90_3499, v0xb470e263cb90_3500;
v0xb470e263cb90_3501 .array/port v0xb470e263cb90, 3501;
v0xb470e263cb90_3502 .array/port v0xb470e263cb90, 3502;
v0xb470e263cb90_3503 .array/port v0xb470e263cb90, 3503;
v0xb470e263cb90_3504 .array/port v0xb470e263cb90, 3504;
E_0xb470e2641e60/877 .event anyedge, v0xb470e263cb90_3501, v0xb470e263cb90_3502, v0xb470e263cb90_3503, v0xb470e263cb90_3504;
v0xb470e263cb90_3505 .array/port v0xb470e263cb90, 3505;
v0xb470e263cb90_3506 .array/port v0xb470e263cb90, 3506;
v0xb470e263cb90_3507 .array/port v0xb470e263cb90, 3507;
v0xb470e263cb90_3508 .array/port v0xb470e263cb90, 3508;
E_0xb470e2641e60/878 .event anyedge, v0xb470e263cb90_3505, v0xb470e263cb90_3506, v0xb470e263cb90_3507, v0xb470e263cb90_3508;
v0xb470e263cb90_3509 .array/port v0xb470e263cb90, 3509;
v0xb470e263cb90_3510 .array/port v0xb470e263cb90, 3510;
v0xb470e263cb90_3511 .array/port v0xb470e263cb90, 3511;
v0xb470e263cb90_3512 .array/port v0xb470e263cb90, 3512;
E_0xb470e2641e60/879 .event anyedge, v0xb470e263cb90_3509, v0xb470e263cb90_3510, v0xb470e263cb90_3511, v0xb470e263cb90_3512;
v0xb470e263cb90_3513 .array/port v0xb470e263cb90, 3513;
v0xb470e263cb90_3514 .array/port v0xb470e263cb90, 3514;
v0xb470e263cb90_3515 .array/port v0xb470e263cb90, 3515;
v0xb470e263cb90_3516 .array/port v0xb470e263cb90, 3516;
E_0xb470e2641e60/880 .event anyedge, v0xb470e263cb90_3513, v0xb470e263cb90_3514, v0xb470e263cb90_3515, v0xb470e263cb90_3516;
v0xb470e263cb90_3517 .array/port v0xb470e263cb90, 3517;
v0xb470e263cb90_3518 .array/port v0xb470e263cb90, 3518;
v0xb470e263cb90_3519 .array/port v0xb470e263cb90, 3519;
v0xb470e263cb90_3520 .array/port v0xb470e263cb90, 3520;
E_0xb470e2641e60/881 .event anyedge, v0xb470e263cb90_3517, v0xb470e263cb90_3518, v0xb470e263cb90_3519, v0xb470e263cb90_3520;
v0xb470e263cb90_3521 .array/port v0xb470e263cb90, 3521;
v0xb470e263cb90_3522 .array/port v0xb470e263cb90, 3522;
v0xb470e263cb90_3523 .array/port v0xb470e263cb90, 3523;
v0xb470e263cb90_3524 .array/port v0xb470e263cb90, 3524;
E_0xb470e2641e60/882 .event anyedge, v0xb470e263cb90_3521, v0xb470e263cb90_3522, v0xb470e263cb90_3523, v0xb470e263cb90_3524;
v0xb470e263cb90_3525 .array/port v0xb470e263cb90, 3525;
v0xb470e263cb90_3526 .array/port v0xb470e263cb90, 3526;
v0xb470e263cb90_3527 .array/port v0xb470e263cb90, 3527;
v0xb470e263cb90_3528 .array/port v0xb470e263cb90, 3528;
E_0xb470e2641e60/883 .event anyedge, v0xb470e263cb90_3525, v0xb470e263cb90_3526, v0xb470e263cb90_3527, v0xb470e263cb90_3528;
v0xb470e263cb90_3529 .array/port v0xb470e263cb90, 3529;
v0xb470e263cb90_3530 .array/port v0xb470e263cb90, 3530;
v0xb470e263cb90_3531 .array/port v0xb470e263cb90, 3531;
v0xb470e263cb90_3532 .array/port v0xb470e263cb90, 3532;
E_0xb470e2641e60/884 .event anyedge, v0xb470e263cb90_3529, v0xb470e263cb90_3530, v0xb470e263cb90_3531, v0xb470e263cb90_3532;
v0xb470e263cb90_3533 .array/port v0xb470e263cb90, 3533;
v0xb470e263cb90_3534 .array/port v0xb470e263cb90, 3534;
v0xb470e263cb90_3535 .array/port v0xb470e263cb90, 3535;
v0xb470e263cb90_3536 .array/port v0xb470e263cb90, 3536;
E_0xb470e2641e60/885 .event anyedge, v0xb470e263cb90_3533, v0xb470e263cb90_3534, v0xb470e263cb90_3535, v0xb470e263cb90_3536;
v0xb470e263cb90_3537 .array/port v0xb470e263cb90, 3537;
v0xb470e263cb90_3538 .array/port v0xb470e263cb90, 3538;
v0xb470e263cb90_3539 .array/port v0xb470e263cb90, 3539;
v0xb470e263cb90_3540 .array/port v0xb470e263cb90, 3540;
E_0xb470e2641e60/886 .event anyedge, v0xb470e263cb90_3537, v0xb470e263cb90_3538, v0xb470e263cb90_3539, v0xb470e263cb90_3540;
v0xb470e263cb90_3541 .array/port v0xb470e263cb90, 3541;
v0xb470e263cb90_3542 .array/port v0xb470e263cb90, 3542;
v0xb470e263cb90_3543 .array/port v0xb470e263cb90, 3543;
v0xb470e263cb90_3544 .array/port v0xb470e263cb90, 3544;
E_0xb470e2641e60/887 .event anyedge, v0xb470e263cb90_3541, v0xb470e263cb90_3542, v0xb470e263cb90_3543, v0xb470e263cb90_3544;
v0xb470e263cb90_3545 .array/port v0xb470e263cb90, 3545;
v0xb470e263cb90_3546 .array/port v0xb470e263cb90, 3546;
v0xb470e263cb90_3547 .array/port v0xb470e263cb90, 3547;
v0xb470e263cb90_3548 .array/port v0xb470e263cb90, 3548;
E_0xb470e2641e60/888 .event anyedge, v0xb470e263cb90_3545, v0xb470e263cb90_3546, v0xb470e263cb90_3547, v0xb470e263cb90_3548;
v0xb470e263cb90_3549 .array/port v0xb470e263cb90, 3549;
v0xb470e263cb90_3550 .array/port v0xb470e263cb90, 3550;
v0xb470e263cb90_3551 .array/port v0xb470e263cb90, 3551;
v0xb470e263cb90_3552 .array/port v0xb470e263cb90, 3552;
E_0xb470e2641e60/889 .event anyedge, v0xb470e263cb90_3549, v0xb470e263cb90_3550, v0xb470e263cb90_3551, v0xb470e263cb90_3552;
v0xb470e263cb90_3553 .array/port v0xb470e263cb90, 3553;
v0xb470e263cb90_3554 .array/port v0xb470e263cb90, 3554;
v0xb470e263cb90_3555 .array/port v0xb470e263cb90, 3555;
v0xb470e263cb90_3556 .array/port v0xb470e263cb90, 3556;
E_0xb470e2641e60/890 .event anyedge, v0xb470e263cb90_3553, v0xb470e263cb90_3554, v0xb470e263cb90_3555, v0xb470e263cb90_3556;
v0xb470e263cb90_3557 .array/port v0xb470e263cb90, 3557;
v0xb470e263cb90_3558 .array/port v0xb470e263cb90, 3558;
v0xb470e263cb90_3559 .array/port v0xb470e263cb90, 3559;
v0xb470e263cb90_3560 .array/port v0xb470e263cb90, 3560;
E_0xb470e2641e60/891 .event anyedge, v0xb470e263cb90_3557, v0xb470e263cb90_3558, v0xb470e263cb90_3559, v0xb470e263cb90_3560;
v0xb470e263cb90_3561 .array/port v0xb470e263cb90, 3561;
v0xb470e263cb90_3562 .array/port v0xb470e263cb90, 3562;
v0xb470e263cb90_3563 .array/port v0xb470e263cb90, 3563;
v0xb470e263cb90_3564 .array/port v0xb470e263cb90, 3564;
E_0xb470e2641e60/892 .event anyedge, v0xb470e263cb90_3561, v0xb470e263cb90_3562, v0xb470e263cb90_3563, v0xb470e263cb90_3564;
v0xb470e263cb90_3565 .array/port v0xb470e263cb90, 3565;
v0xb470e263cb90_3566 .array/port v0xb470e263cb90, 3566;
v0xb470e263cb90_3567 .array/port v0xb470e263cb90, 3567;
v0xb470e263cb90_3568 .array/port v0xb470e263cb90, 3568;
E_0xb470e2641e60/893 .event anyedge, v0xb470e263cb90_3565, v0xb470e263cb90_3566, v0xb470e263cb90_3567, v0xb470e263cb90_3568;
v0xb470e263cb90_3569 .array/port v0xb470e263cb90, 3569;
v0xb470e263cb90_3570 .array/port v0xb470e263cb90, 3570;
v0xb470e263cb90_3571 .array/port v0xb470e263cb90, 3571;
v0xb470e263cb90_3572 .array/port v0xb470e263cb90, 3572;
E_0xb470e2641e60/894 .event anyedge, v0xb470e263cb90_3569, v0xb470e263cb90_3570, v0xb470e263cb90_3571, v0xb470e263cb90_3572;
v0xb470e263cb90_3573 .array/port v0xb470e263cb90, 3573;
v0xb470e263cb90_3574 .array/port v0xb470e263cb90, 3574;
v0xb470e263cb90_3575 .array/port v0xb470e263cb90, 3575;
v0xb470e263cb90_3576 .array/port v0xb470e263cb90, 3576;
E_0xb470e2641e60/895 .event anyedge, v0xb470e263cb90_3573, v0xb470e263cb90_3574, v0xb470e263cb90_3575, v0xb470e263cb90_3576;
v0xb470e263cb90_3577 .array/port v0xb470e263cb90, 3577;
v0xb470e263cb90_3578 .array/port v0xb470e263cb90, 3578;
v0xb470e263cb90_3579 .array/port v0xb470e263cb90, 3579;
v0xb470e263cb90_3580 .array/port v0xb470e263cb90, 3580;
E_0xb470e2641e60/896 .event anyedge, v0xb470e263cb90_3577, v0xb470e263cb90_3578, v0xb470e263cb90_3579, v0xb470e263cb90_3580;
v0xb470e263cb90_3581 .array/port v0xb470e263cb90, 3581;
v0xb470e263cb90_3582 .array/port v0xb470e263cb90, 3582;
v0xb470e263cb90_3583 .array/port v0xb470e263cb90, 3583;
v0xb470e263cb90_3584 .array/port v0xb470e263cb90, 3584;
E_0xb470e2641e60/897 .event anyedge, v0xb470e263cb90_3581, v0xb470e263cb90_3582, v0xb470e263cb90_3583, v0xb470e263cb90_3584;
v0xb470e263cb90_3585 .array/port v0xb470e263cb90, 3585;
v0xb470e263cb90_3586 .array/port v0xb470e263cb90, 3586;
v0xb470e263cb90_3587 .array/port v0xb470e263cb90, 3587;
v0xb470e263cb90_3588 .array/port v0xb470e263cb90, 3588;
E_0xb470e2641e60/898 .event anyedge, v0xb470e263cb90_3585, v0xb470e263cb90_3586, v0xb470e263cb90_3587, v0xb470e263cb90_3588;
v0xb470e263cb90_3589 .array/port v0xb470e263cb90, 3589;
v0xb470e263cb90_3590 .array/port v0xb470e263cb90, 3590;
v0xb470e263cb90_3591 .array/port v0xb470e263cb90, 3591;
v0xb470e263cb90_3592 .array/port v0xb470e263cb90, 3592;
E_0xb470e2641e60/899 .event anyedge, v0xb470e263cb90_3589, v0xb470e263cb90_3590, v0xb470e263cb90_3591, v0xb470e263cb90_3592;
v0xb470e263cb90_3593 .array/port v0xb470e263cb90, 3593;
v0xb470e263cb90_3594 .array/port v0xb470e263cb90, 3594;
v0xb470e263cb90_3595 .array/port v0xb470e263cb90, 3595;
v0xb470e263cb90_3596 .array/port v0xb470e263cb90, 3596;
E_0xb470e2641e60/900 .event anyedge, v0xb470e263cb90_3593, v0xb470e263cb90_3594, v0xb470e263cb90_3595, v0xb470e263cb90_3596;
v0xb470e263cb90_3597 .array/port v0xb470e263cb90, 3597;
v0xb470e263cb90_3598 .array/port v0xb470e263cb90, 3598;
v0xb470e263cb90_3599 .array/port v0xb470e263cb90, 3599;
v0xb470e263cb90_3600 .array/port v0xb470e263cb90, 3600;
E_0xb470e2641e60/901 .event anyedge, v0xb470e263cb90_3597, v0xb470e263cb90_3598, v0xb470e263cb90_3599, v0xb470e263cb90_3600;
v0xb470e263cb90_3601 .array/port v0xb470e263cb90, 3601;
v0xb470e263cb90_3602 .array/port v0xb470e263cb90, 3602;
v0xb470e263cb90_3603 .array/port v0xb470e263cb90, 3603;
v0xb470e263cb90_3604 .array/port v0xb470e263cb90, 3604;
E_0xb470e2641e60/902 .event anyedge, v0xb470e263cb90_3601, v0xb470e263cb90_3602, v0xb470e263cb90_3603, v0xb470e263cb90_3604;
v0xb470e263cb90_3605 .array/port v0xb470e263cb90, 3605;
v0xb470e263cb90_3606 .array/port v0xb470e263cb90, 3606;
v0xb470e263cb90_3607 .array/port v0xb470e263cb90, 3607;
v0xb470e263cb90_3608 .array/port v0xb470e263cb90, 3608;
E_0xb470e2641e60/903 .event anyedge, v0xb470e263cb90_3605, v0xb470e263cb90_3606, v0xb470e263cb90_3607, v0xb470e263cb90_3608;
v0xb470e263cb90_3609 .array/port v0xb470e263cb90, 3609;
v0xb470e263cb90_3610 .array/port v0xb470e263cb90, 3610;
v0xb470e263cb90_3611 .array/port v0xb470e263cb90, 3611;
v0xb470e263cb90_3612 .array/port v0xb470e263cb90, 3612;
E_0xb470e2641e60/904 .event anyedge, v0xb470e263cb90_3609, v0xb470e263cb90_3610, v0xb470e263cb90_3611, v0xb470e263cb90_3612;
v0xb470e263cb90_3613 .array/port v0xb470e263cb90, 3613;
v0xb470e263cb90_3614 .array/port v0xb470e263cb90, 3614;
v0xb470e263cb90_3615 .array/port v0xb470e263cb90, 3615;
v0xb470e263cb90_3616 .array/port v0xb470e263cb90, 3616;
E_0xb470e2641e60/905 .event anyedge, v0xb470e263cb90_3613, v0xb470e263cb90_3614, v0xb470e263cb90_3615, v0xb470e263cb90_3616;
v0xb470e263cb90_3617 .array/port v0xb470e263cb90, 3617;
v0xb470e263cb90_3618 .array/port v0xb470e263cb90, 3618;
v0xb470e263cb90_3619 .array/port v0xb470e263cb90, 3619;
v0xb470e263cb90_3620 .array/port v0xb470e263cb90, 3620;
E_0xb470e2641e60/906 .event anyedge, v0xb470e263cb90_3617, v0xb470e263cb90_3618, v0xb470e263cb90_3619, v0xb470e263cb90_3620;
v0xb470e263cb90_3621 .array/port v0xb470e263cb90, 3621;
v0xb470e263cb90_3622 .array/port v0xb470e263cb90, 3622;
v0xb470e263cb90_3623 .array/port v0xb470e263cb90, 3623;
v0xb470e263cb90_3624 .array/port v0xb470e263cb90, 3624;
E_0xb470e2641e60/907 .event anyedge, v0xb470e263cb90_3621, v0xb470e263cb90_3622, v0xb470e263cb90_3623, v0xb470e263cb90_3624;
v0xb470e263cb90_3625 .array/port v0xb470e263cb90, 3625;
v0xb470e263cb90_3626 .array/port v0xb470e263cb90, 3626;
v0xb470e263cb90_3627 .array/port v0xb470e263cb90, 3627;
v0xb470e263cb90_3628 .array/port v0xb470e263cb90, 3628;
E_0xb470e2641e60/908 .event anyedge, v0xb470e263cb90_3625, v0xb470e263cb90_3626, v0xb470e263cb90_3627, v0xb470e263cb90_3628;
v0xb470e263cb90_3629 .array/port v0xb470e263cb90, 3629;
v0xb470e263cb90_3630 .array/port v0xb470e263cb90, 3630;
v0xb470e263cb90_3631 .array/port v0xb470e263cb90, 3631;
v0xb470e263cb90_3632 .array/port v0xb470e263cb90, 3632;
E_0xb470e2641e60/909 .event anyedge, v0xb470e263cb90_3629, v0xb470e263cb90_3630, v0xb470e263cb90_3631, v0xb470e263cb90_3632;
v0xb470e263cb90_3633 .array/port v0xb470e263cb90, 3633;
v0xb470e263cb90_3634 .array/port v0xb470e263cb90, 3634;
v0xb470e263cb90_3635 .array/port v0xb470e263cb90, 3635;
v0xb470e263cb90_3636 .array/port v0xb470e263cb90, 3636;
E_0xb470e2641e60/910 .event anyedge, v0xb470e263cb90_3633, v0xb470e263cb90_3634, v0xb470e263cb90_3635, v0xb470e263cb90_3636;
v0xb470e263cb90_3637 .array/port v0xb470e263cb90, 3637;
v0xb470e263cb90_3638 .array/port v0xb470e263cb90, 3638;
v0xb470e263cb90_3639 .array/port v0xb470e263cb90, 3639;
v0xb470e263cb90_3640 .array/port v0xb470e263cb90, 3640;
E_0xb470e2641e60/911 .event anyedge, v0xb470e263cb90_3637, v0xb470e263cb90_3638, v0xb470e263cb90_3639, v0xb470e263cb90_3640;
v0xb470e263cb90_3641 .array/port v0xb470e263cb90, 3641;
v0xb470e263cb90_3642 .array/port v0xb470e263cb90, 3642;
v0xb470e263cb90_3643 .array/port v0xb470e263cb90, 3643;
v0xb470e263cb90_3644 .array/port v0xb470e263cb90, 3644;
E_0xb470e2641e60/912 .event anyedge, v0xb470e263cb90_3641, v0xb470e263cb90_3642, v0xb470e263cb90_3643, v0xb470e263cb90_3644;
v0xb470e263cb90_3645 .array/port v0xb470e263cb90, 3645;
v0xb470e263cb90_3646 .array/port v0xb470e263cb90, 3646;
v0xb470e263cb90_3647 .array/port v0xb470e263cb90, 3647;
v0xb470e263cb90_3648 .array/port v0xb470e263cb90, 3648;
E_0xb470e2641e60/913 .event anyedge, v0xb470e263cb90_3645, v0xb470e263cb90_3646, v0xb470e263cb90_3647, v0xb470e263cb90_3648;
v0xb470e263cb90_3649 .array/port v0xb470e263cb90, 3649;
v0xb470e263cb90_3650 .array/port v0xb470e263cb90, 3650;
v0xb470e263cb90_3651 .array/port v0xb470e263cb90, 3651;
v0xb470e263cb90_3652 .array/port v0xb470e263cb90, 3652;
E_0xb470e2641e60/914 .event anyedge, v0xb470e263cb90_3649, v0xb470e263cb90_3650, v0xb470e263cb90_3651, v0xb470e263cb90_3652;
v0xb470e263cb90_3653 .array/port v0xb470e263cb90, 3653;
v0xb470e263cb90_3654 .array/port v0xb470e263cb90, 3654;
v0xb470e263cb90_3655 .array/port v0xb470e263cb90, 3655;
v0xb470e263cb90_3656 .array/port v0xb470e263cb90, 3656;
E_0xb470e2641e60/915 .event anyedge, v0xb470e263cb90_3653, v0xb470e263cb90_3654, v0xb470e263cb90_3655, v0xb470e263cb90_3656;
v0xb470e263cb90_3657 .array/port v0xb470e263cb90, 3657;
v0xb470e263cb90_3658 .array/port v0xb470e263cb90, 3658;
v0xb470e263cb90_3659 .array/port v0xb470e263cb90, 3659;
v0xb470e263cb90_3660 .array/port v0xb470e263cb90, 3660;
E_0xb470e2641e60/916 .event anyedge, v0xb470e263cb90_3657, v0xb470e263cb90_3658, v0xb470e263cb90_3659, v0xb470e263cb90_3660;
v0xb470e263cb90_3661 .array/port v0xb470e263cb90, 3661;
v0xb470e263cb90_3662 .array/port v0xb470e263cb90, 3662;
v0xb470e263cb90_3663 .array/port v0xb470e263cb90, 3663;
v0xb470e263cb90_3664 .array/port v0xb470e263cb90, 3664;
E_0xb470e2641e60/917 .event anyedge, v0xb470e263cb90_3661, v0xb470e263cb90_3662, v0xb470e263cb90_3663, v0xb470e263cb90_3664;
v0xb470e263cb90_3665 .array/port v0xb470e263cb90, 3665;
v0xb470e263cb90_3666 .array/port v0xb470e263cb90, 3666;
v0xb470e263cb90_3667 .array/port v0xb470e263cb90, 3667;
v0xb470e263cb90_3668 .array/port v0xb470e263cb90, 3668;
E_0xb470e2641e60/918 .event anyedge, v0xb470e263cb90_3665, v0xb470e263cb90_3666, v0xb470e263cb90_3667, v0xb470e263cb90_3668;
v0xb470e263cb90_3669 .array/port v0xb470e263cb90, 3669;
v0xb470e263cb90_3670 .array/port v0xb470e263cb90, 3670;
v0xb470e263cb90_3671 .array/port v0xb470e263cb90, 3671;
v0xb470e263cb90_3672 .array/port v0xb470e263cb90, 3672;
E_0xb470e2641e60/919 .event anyedge, v0xb470e263cb90_3669, v0xb470e263cb90_3670, v0xb470e263cb90_3671, v0xb470e263cb90_3672;
v0xb470e263cb90_3673 .array/port v0xb470e263cb90, 3673;
v0xb470e263cb90_3674 .array/port v0xb470e263cb90, 3674;
v0xb470e263cb90_3675 .array/port v0xb470e263cb90, 3675;
v0xb470e263cb90_3676 .array/port v0xb470e263cb90, 3676;
E_0xb470e2641e60/920 .event anyedge, v0xb470e263cb90_3673, v0xb470e263cb90_3674, v0xb470e263cb90_3675, v0xb470e263cb90_3676;
v0xb470e263cb90_3677 .array/port v0xb470e263cb90, 3677;
v0xb470e263cb90_3678 .array/port v0xb470e263cb90, 3678;
v0xb470e263cb90_3679 .array/port v0xb470e263cb90, 3679;
v0xb470e263cb90_3680 .array/port v0xb470e263cb90, 3680;
E_0xb470e2641e60/921 .event anyedge, v0xb470e263cb90_3677, v0xb470e263cb90_3678, v0xb470e263cb90_3679, v0xb470e263cb90_3680;
v0xb470e263cb90_3681 .array/port v0xb470e263cb90, 3681;
v0xb470e263cb90_3682 .array/port v0xb470e263cb90, 3682;
v0xb470e263cb90_3683 .array/port v0xb470e263cb90, 3683;
v0xb470e263cb90_3684 .array/port v0xb470e263cb90, 3684;
E_0xb470e2641e60/922 .event anyedge, v0xb470e263cb90_3681, v0xb470e263cb90_3682, v0xb470e263cb90_3683, v0xb470e263cb90_3684;
v0xb470e263cb90_3685 .array/port v0xb470e263cb90, 3685;
v0xb470e263cb90_3686 .array/port v0xb470e263cb90, 3686;
v0xb470e263cb90_3687 .array/port v0xb470e263cb90, 3687;
v0xb470e263cb90_3688 .array/port v0xb470e263cb90, 3688;
E_0xb470e2641e60/923 .event anyedge, v0xb470e263cb90_3685, v0xb470e263cb90_3686, v0xb470e263cb90_3687, v0xb470e263cb90_3688;
v0xb470e263cb90_3689 .array/port v0xb470e263cb90, 3689;
v0xb470e263cb90_3690 .array/port v0xb470e263cb90, 3690;
v0xb470e263cb90_3691 .array/port v0xb470e263cb90, 3691;
v0xb470e263cb90_3692 .array/port v0xb470e263cb90, 3692;
E_0xb470e2641e60/924 .event anyedge, v0xb470e263cb90_3689, v0xb470e263cb90_3690, v0xb470e263cb90_3691, v0xb470e263cb90_3692;
v0xb470e263cb90_3693 .array/port v0xb470e263cb90, 3693;
v0xb470e263cb90_3694 .array/port v0xb470e263cb90, 3694;
v0xb470e263cb90_3695 .array/port v0xb470e263cb90, 3695;
v0xb470e263cb90_3696 .array/port v0xb470e263cb90, 3696;
E_0xb470e2641e60/925 .event anyedge, v0xb470e263cb90_3693, v0xb470e263cb90_3694, v0xb470e263cb90_3695, v0xb470e263cb90_3696;
v0xb470e263cb90_3697 .array/port v0xb470e263cb90, 3697;
v0xb470e263cb90_3698 .array/port v0xb470e263cb90, 3698;
v0xb470e263cb90_3699 .array/port v0xb470e263cb90, 3699;
v0xb470e263cb90_3700 .array/port v0xb470e263cb90, 3700;
E_0xb470e2641e60/926 .event anyedge, v0xb470e263cb90_3697, v0xb470e263cb90_3698, v0xb470e263cb90_3699, v0xb470e263cb90_3700;
v0xb470e263cb90_3701 .array/port v0xb470e263cb90, 3701;
v0xb470e263cb90_3702 .array/port v0xb470e263cb90, 3702;
v0xb470e263cb90_3703 .array/port v0xb470e263cb90, 3703;
v0xb470e263cb90_3704 .array/port v0xb470e263cb90, 3704;
E_0xb470e2641e60/927 .event anyedge, v0xb470e263cb90_3701, v0xb470e263cb90_3702, v0xb470e263cb90_3703, v0xb470e263cb90_3704;
v0xb470e263cb90_3705 .array/port v0xb470e263cb90, 3705;
v0xb470e263cb90_3706 .array/port v0xb470e263cb90, 3706;
v0xb470e263cb90_3707 .array/port v0xb470e263cb90, 3707;
v0xb470e263cb90_3708 .array/port v0xb470e263cb90, 3708;
E_0xb470e2641e60/928 .event anyedge, v0xb470e263cb90_3705, v0xb470e263cb90_3706, v0xb470e263cb90_3707, v0xb470e263cb90_3708;
v0xb470e263cb90_3709 .array/port v0xb470e263cb90, 3709;
v0xb470e263cb90_3710 .array/port v0xb470e263cb90, 3710;
v0xb470e263cb90_3711 .array/port v0xb470e263cb90, 3711;
v0xb470e263cb90_3712 .array/port v0xb470e263cb90, 3712;
E_0xb470e2641e60/929 .event anyedge, v0xb470e263cb90_3709, v0xb470e263cb90_3710, v0xb470e263cb90_3711, v0xb470e263cb90_3712;
v0xb470e263cb90_3713 .array/port v0xb470e263cb90, 3713;
v0xb470e263cb90_3714 .array/port v0xb470e263cb90, 3714;
v0xb470e263cb90_3715 .array/port v0xb470e263cb90, 3715;
v0xb470e263cb90_3716 .array/port v0xb470e263cb90, 3716;
E_0xb470e2641e60/930 .event anyedge, v0xb470e263cb90_3713, v0xb470e263cb90_3714, v0xb470e263cb90_3715, v0xb470e263cb90_3716;
v0xb470e263cb90_3717 .array/port v0xb470e263cb90, 3717;
v0xb470e263cb90_3718 .array/port v0xb470e263cb90, 3718;
v0xb470e263cb90_3719 .array/port v0xb470e263cb90, 3719;
v0xb470e263cb90_3720 .array/port v0xb470e263cb90, 3720;
E_0xb470e2641e60/931 .event anyedge, v0xb470e263cb90_3717, v0xb470e263cb90_3718, v0xb470e263cb90_3719, v0xb470e263cb90_3720;
v0xb470e263cb90_3721 .array/port v0xb470e263cb90, 3721;
v0xb470e263cb90_3722 .array/port v0xb470e263cb90, 3722;
v0xb470e263cb90_3723 .array/port v0xb470e263cb90, 3723;
v0xb470e263cb90_3724 .array/port v0xb470e263cb90, 3724;
E_0xb470e2641e60/932 .event anyedge, v0xb470e263cb90_3721, v0xb470e263cb90_3722, v0xb470e263cb90_3723, v0xb470e263cb90_3724;
v0xb470e263cb90_3725 .array/port v0xb470e263cb90, 3725;
v0xb470e263cb90_3726 .array/port v0xb470e263cb90, 3726;
v0xb470e263cb90_3727 .array/port v0xb470e263cb90, 3727;
v0xb470e263cb90_3728 .array/port v0xb470e263cb90, 3728;
E_0xb470e2641e60/933 .event anyedge, v0xb470e263cb90_3725, v0xb470e263cb90_3726, v0xb470e263cb90_3727, v0xb470e263cb90_3728;
v0xb470e263cb90_3729 .array/port v0xb470e263cb90, 3729;
v0xb470e263cb90_3730 .array/port v0xb470e263cb90, 3730;
v0xb470e263cb90_3731 .array/port v0xb470e263cb90, 3731;
v0xb470e263cb90_3732 .array/port v0xb470e263cb90, 3732;
E_0xb470e2641e60/934 .event anyedge, v0xb470e263cb90_3729, v0xb470e263cb90_3730, v0xb470e263cb90_3731, v0xb470e263cb90_3732;
v0xb470e263cb90_3733 .array/port v0xb470e263cb90, 3733;
v0xb470e263cb90_3734 .array/port v0xb470e263cb90, 3734;
v0xb470e263cb90_3735 .array/port v0xb470e263cb90, 3735;
v0xb470e263cb90_3736 .array/port v0xb470e263cb90, 3736;
E_0xb470e2641e60/935 .event anyedge, v0xb470e263cb90_3733, v0xb470e263cb90_3734, v0xb470e263cb90_3735, v0xb470e263cb90_3736;
v0xb470e263cb90_3737 .array/port v0xb470e263cb90, 3737;
v0xb470e263cb90_3738 .array/port v0xb470e263cb90, 3738;
v0xb470e263cb90_3739 .array/port v0xb470e263cb90, 3739;
v0xb470e263cb90_3740 .array/port v0xb470e263cb90, 3740;
E_0xb470e2641e60/936 .event anyedge, v0xb470e263cb90_3737, v0xb470e263cb90_3738, v0xb470e263cb90_3739, v0xb470e263cb90_3740;
v0xb470e263cb90_3741 .array/port v0xb470e263cb90, 3741;
v0xb470e263cb90_3742 .array/port v0xb470e263cb90, 3742;
v0xb470e263cb90_3743 .array/port v0xb470e263cb90, 3743;
v0xb470e263cb90_3744 .array/port v0xb470e263cb90, 3744;
E_0xb470e2641e60/937 .event anyedge, v0xb470e263cb90_3741, v0xb470e263cb90_3742, v0xb470e263cb90_3743, v0xb470e263cb90_3744;
v0xb470e263cb90_3745 .array/port v0xb470e263cb90, 3745;
v0xb470e263cb90_3746 .array/port v0xb470e263cb90, 3746;
v0xb470e263cb90_3747 .array/port v0xb470e263cb90, 3747;
v0xb470e263cb90_3748 .array/port v0xb470e263cb90, 3748;
E_0xb470e2641e60/938 .event anyedge, v0xb470e263cb90_3745, v0xb470e263cb90_3746, v0xb470e263cb90_3747, v0xb470e263cb90_3748;
v0xb470e263cb90_3749 .array/port v0xb470e263cb90, 3749;
v0xb470e263cb90_3750 .array/port v0xb470e263cb90, 3750;
v0xb470e263cb90_3751 .array/port v0xb470e263cb90, 3751;
v0xb470e263cb90_3752 .array/port v0xb470e263cb90, 3752;
E_0xb470e2641e60/939 .event anyedge, v0xb470e263cb90_3749, v0xb470e263cb90_3750, v0xb470e263cb90_3751, v0xb470e263cb90_3752;
v0xb470e263cb90_3753 .array/port v0xb470e263cb90, 3753;
v0xb470e263cb90_3754 .array/port v0xb470e263cb90, 3754;
v0xb470e263cb90_3755 .array/port v0xb470e263cb90, 3755;
v0xb470e263cb90_3756 .array/port v0xb470e263cb90, 3756;
E_0xb470e2641e60/940 .event anyedge, v0xb470e263cb90_3753, v0xb470e263cb90_3754, v0xb470e263cb90_3755, v0xb470e263cb90_3756;
v0xb470e263cb90_3757 .array/port v0xb470e263cb90, 3757;
v0xb470e263cb90_3758 .array/port v0xb470e263cb90, 3758;
v0xb470e263cb90_3759 .array/port v0xb470e263cb90, 3759;
v0xb470e263cb90_3760 .array/port v0xb470e263cb90, 3760;
E_0xb470e2641e60/941 .event anyedge, v0xb470e263cb90_3757, v0xb470e263cb90_3758, v0xb470e263cb90_3759, v0xb470e263cb90_3760;
v0xb470e263cb90_3761 .array/port v0xb470e263cb90, 3761;
v0xb470e263cb90_3762 .array/port v0xb470e263cb90, 3762;
v0xb470e263cb90_3763 .array/port v0xb470e263cb90, 3763;
v0xb470e263cb90_3764 .array/port v0xb470e263cb90, 3764;
E_0xb470e2641e60/942 .event anyedge, v0xb470e263cb90_3761, v0xb470e263cb90_3762, v0xb470e263cb90_3763, v0xb470e263cb90_3764;
v0xb470e263cb90_3765 .array/port v0xb470e263cb90, 3765;
v0xb470e263cb90_3766 .array/port v0xb470e263cb90, 3766;
v0xb470e263cb90_3767 .array/port v0xb470e263cb90, 3767;
v0xb470e263cb90_3768 .array/port v0xb470e263cb90, 3768;
E_0xb470e2641e60/943 .event anyedge, v0xb470e263cb90_3765, v0xb470e263cb90_3766, v0xb470e263cb90_3767, v0xb470e263cb90_3768;
v0xb470e263cb90_3769 .array/port v0xb470e263cb90, 3769;
v0xb470e263cb90_3770 .array/port v0xb470e263cb90, 3770;
v0xb470e263cb90_3771 .array/port v0xb470e263cb90, 3771;
v0xb470e263cb90_3772 .array/port v0xb470e263cb90, 3772;
E_0xb470e2641e60/944 .event anyedge, v0xb470e263cb90_3769, v0xb470e263cb90_3770, v0xb470e263cb90_3771, v0xb470e263cb90_3772;
v0xb470e263cb90_3773 .array/port v0xb470e263cb90, 3773;
v0xb470e263cb90_3774 .array/port v0xb470e263cb90, 3774;
v0xb470e263cb90_3775 .array/port v0xb470e263cb90, 3775;
v0xb470e263cb90_3776 .array/port v0xb470e263cb90, 3776;
E_0xb470e2641e60/945 .event anyedge, v0xb470e263cb90_3773, v0xb470e263cb90_3774, v0xb470e263cb90_3775, v0xb470e263cb90_3776;
v0xb470e263cb90_3777 .array/port v0xb470e263cb90, 3777;
v0xb470e263cb90_3778 .array/port v0xb470e263cb90, 3778;
v0xb470e263cb90_3779 .array/port v0xb470e263cb90, 3779;
v0xb470e263cb90_3780 .array/port v0xb470e263cb90, 3780;
E_0xb470e2641e60/946 .event anyedge, v0xb470e263cb90_3777, v0xb470e263cb90_3778, v0xb470e263cb90_3779, v0xb470e263cb90_3780;
v0xb470e263cb90_3781 .array/port v0xb470e263cb90, 3781;
v0xb470e263cb90_3782 .array/port v0xb470e263cb90, 3782;
v0xb470e263cb90_3783 .array/port v0xb470e263cb90, 3783;
v0xb470e263cb90_3784 .array/port v0xb470e263cb90, 3784;
E_0xb470e2641e60/947 .event anyedge, v0xb470e263cb90_3781, v0xb470e263cb90_3782, v0xb470e263cb90_3783, v0xb470e263cb90_3784;
v0xb470e263cb90_3785 .array/port v0xb470e263cb90, 3785;
v0xb470e263cb90_3786 .array/port v0xb470e263cb90, 3786;
v0xb470e263cb90_3787 .array/port v0xb470e263cb90, 3787;
v0xb470e263cb90_3788 .array/port v0xb470e263cb90, 3788;
E_0xb470e2641e60/948 .event anyedge, v0xb470e263cb90_3785, v0xb470e263cb90_3786, v0xb470e263cb90_3787, v0xb470e263cb90_3788;
v0xb470e263cb90_3789 .array/port v0xb470e263cb90, 3789;
v0xb470e263cb90_3790 .array/port v0xb470e263cb90, 3790;
v0xb470e263cb90_3791 .array/port v0xb470e263cb90, 3791;
v0xb470e263cb90_3792 .array/port v0xb470e263cb90, 3792;
E_0xb470e2641e60/949 .event anyedge, v0xb470e263cb90_3789, v0xb470e263cb90_3790, v0xb470e263cb90_3791, v0xb470e263cb90_3792;
v0xb470e263cb90_3793 .array/port v0xb470e263cb90, 3793;
v0xb470e263cb90_3794 .array/port v0xb470e263cb90, 3794;
v0xb470e263cb90_3795 .array/port v0xb470e263cb90, 3795;
v0xb470e263cb90_3796 .array/port v0xb470e263cb90, 3796;
E_0xb470e2641e60/950 .event anyedge, v0xb470e263cb90_3793, v0xb470e263cb90_3794, v0xb470e263cb90_3795, v0xb470e263cb90_3796;
v0xb470e263cb90_3797 .array/port v0xb470e263cb90, 3797;
v0xb470e263cb90_3798 .array/port v0xb470e263cb90, 3798;
v0xb470e263cb90_3799 .array/port v0xb470e263cb90, 3799;
v0xb470e263cb90_3800 .array/port v0xb470e263cb90, 3800;
E_0xb470e2641e60/951 .event anyedge, v0xb470e263cb90_3797, v0xb470e263cb90_3798, v0xb470e263cb90_3799, v0xb470e263cb90_3800;
v0xb470e263cb90_3801 .array/port v0xb470e263cb90, 3801;
v0xb470e263cb90_3802 .array/port v0xb470e263cb90, 3802;
v0xb470e263cb90_3803 .array/port v0xb470e263cb90, 3803;
v0xb470e263cb90_3804 .array/port v0xb470e263cb90, 3804;
E_0xb470e2641e60/952 .event anyedge, v0xb470e263cb90_3801, v0xb470e263cb90_3802, v0xb470e263cb90_3803, v0xb470e263cb90_3804;
v0xb470e263cb90_3805 .array/port v0xb470e263cb90, 3805;
v0xb470e263cb90_3806 .array/port v0xb470e263cb90, 3806;
v0xb470e263cb90_3807 .array/port v0xb470e263cb90, 3807;
v0xb470e263cb90_3808 .array/port v0xb470e263cb90, 3808;
E_0xb470e2641e60/953 .event anyedge, v0xb470e263cb90_3805, v0xb470e263cb90_3806, v0xb470e263cb90_3807, v0xb470e263cb90_3808;
v0xb470e263cb90_3809 .array/port v0xb470e263cb90, 3809;
v0xb470e263cb90_3810 .array/port v0xb470e263cb90, 3810;
v0xb470e263cb90_3811 .array/port v0xb470e263cb90, 3811;
v0xb470e263cb90_3812 .array/port v0xb470e263cb90, 3812;
E_0xb470e2641e60/954 .event anyedge, v0xb470e263cb90_3809, v0xb470e263cb90_3810, v0xb470e263cb90_3811, v0xb470e263cb90_3812;
v0xb470e263cb90_3813 .array/port v0xb470e263cb90, 3813;
v0xb470e263cb90_3814 .array/port v0xb470e263cb90, 3814;
v0xb470e263cb90_3815 .array/port v0xb470e263cb90, 3815;
v0xb470e263cb90_3816 .array/port v0xb470e263cb90, 3816;
E_0xb470e2641e60/955 .event anyedge, v0xb470e263cb90_3813, v0xb470e263cb90_3814, v0xb470e263cb90_3815, v0xb470e263cb90_3816;
v0xb470e263cb90_3817 .array/port v0xb470e263cb90, 3817;
v0xb470e263cb90_3818 .array/port v0xb470e263cb90, 3818;
v0xb470e263cb90_3819 .array/port v0xb470e263cb90, 3819;
v0xb470e263cb90_3820 .array/port v0xb470e263cb90, 3820;
E_0xb470e2641e60/956 .event anyedge, v0xb470e263cb90_3817, v0xb470e263cb90_3818, v0xb470e263cb90_3819, v0xb470e263cb90_3820;
v0xb470e263cb90_3821 .array/port v0xb470e263cb90, 3821;
v0xb470e263cb90_3822 .array/port v0xb470e263cb90, 3822;
v0xb470e263cb90_3823 .array/port v0xb470e263cb90, 3823;
v0xb470e263cb90_3824 .array/port v0xb470e263cb90, 3824;
E_0xb470e2641e60/957 .event anyedge, v0xb470e263cb90_3821, v0xb470e263cb90_3822, v0xb470e263cb90_3823, v0xb470e263cb90_3824;
v0xb470e263cb90_3825 .array/port v0xb470e263cb90, 3825;
v0xb470e263cb90_3826 .array/port v0xb470e263cb90, 3826;
v0xb470e263cb90_3827 .array/port v0xb470e263cb90, 3827;
v0xb470e263cb90_3828 .array/port v0xb470e263cb90, 3828;
E_0xb470e2641e60/958 .event anyedge, v0xb470e263cb90_3825, v0xb470e263cb90_3826, v0xb470e263cb90_3827, v0xb470e263cb90_3828;
v0xb470e263cb90_3829 .array/port v0xb470e263cb90, 3829;
v0xb470e263cb90_3830 .array/port v0xb470e263cb90, 3830;
v0xb470e263cb90_3831 .array/port v0xb470e263cb90, 3831;
v0xb470e263cb90_3832 .array/port v0xb470e263cb90, 3832;
E_0xb470e2641e60/959 .event anyedge, v0xb470e263cb90_3829, v0xb470e263cb90_3830, v0xb470e263cb90_3831, v0xb470e263cb90_3832;
v0xb470e263cb90_3833 .array/port v0xb470e263cb90, 3833;
v0xb470e263cb90_3834 .array/port v0xb470e263cb90, 3834;
v0xb470e263cb90_3835 .array/port v0xb470e263cb90, 3835;
v0xb470e263cb90_3836 .array/port v0xb470e263cb90, 3836;
E_0xb470e2641e60/960 .event anyedge, v0xb470e263cb90_3833, v0xb470e263cb90_3834, v0xb470e263cb90_3835, v0xb470e263cb90_3836;
v0xb470e263cb90_3837 .array/port v0xb470e263cb90, 3837;
v0xb470e263cb90_3838 .array/port v0xb470e263cb90, 3838;
v0xb470e263cb90_3839 .array/port v0xb470e263cb90, 3839;
v0xb470e263cb90_3840 .array/port v0xb470e263cb90, 3840;
E_0xb470e2641e60/961 .event anyedge, v0xb470e263cb90_3837, v0xb470e263cb90_3838, v0xb470e263cb90_3839, v0xb470e263cb90_3840;
v0xb470e263cb90_3841 .array/port v0xb470e263cb90, 3841;
v0xb470e263cb90_3842 .array/port v0xb470e263cb90, 3842;
v0xb470e263cb90_3843 .array/port v0xb470e263cb90, 3843;
v0xb470e263cb90_3844 .array/port v0xb470e263cb90, 3844;
E_0xb470e2641e60/962 .event anyedge, v0xb470e263cb90_3841, v0xb470e263cb90_3842, v0xb470e263cb90_3843, v0xb470e263cb90_3844;
v0xb470e263cb90_3845 .array/port v0xb470e263cb90, 3845;
v0xb470e263cb90_3846 .array/port v0xb470e263cb90, 3846;
v0xb470e263cb90_3847 .array/port v0xb470e263cb90, 3847;
v0xb470e263cb90_3848 .array/port v0xb470e263cb90, 3848;
E_0xb470e2641e60/963 .event anyedge, v0xb470e263cb90_3845, v0xb470e263cb90_3846, v0xb470e263cb90_3847, v0xb470e263cb90_3848;
v0xb470e263cb90_3849 .array/port v0xb470e263cb90, 3849;
v0xb470e263cb90_3850 .array/port v0xb470e263cb90, 3850;
v0xb470e263cb90_3851 .array/port v0xb470e263cb90, 3851;
v0xb470e263cb90_3852 .array/port v0xb470e263cb90, 3852;
E_0xb470e2641e60/964 .event anyedge, v0xb470e263cb90_3849, v0xb470e263cb90_3850, v0xb470e263cb90_3851, v0xb470e263cb90_3852;
v0xb470e263cb90_3853 .array/port v0xb470e263cb90, 3853;
v0xb470e263cb90_3854 .array/port v0xb470e263cb90, 3854;
v0xb470e263cb90_3855 .array/port v0xb470e263cb90, 3855;
v0xb470e263cb90_3856 .array/port v0xb470e263cb90, 3856;
E_0xb470e2641e60/965 .event anyedge, v0xb470e263cb90_3853, v0xb470e263cb90_3854, v0xb470e263cb90_3855, v0xb470e263cb90_3856;
v0xb470e263cb90_3857 .array/port v0xb470e263cb90, 3857;
v0xb470e263cb90_3858 .array/port v0xb470e263cb90, 3858;
v0xb470e263cb90_3859 .array/port v0xb470e263cb90, 3859;
v0xb470e263cb90_3860 .array/port v0xb470e263cb90, 3860;
E_0xb470e2641e60/966 .event anyedge, v0xb470e263cb90_3857, v0xb470e263cb90_3858, v0xb470e263cb90_3859, v0xb470e263cb90_3860;
v0xb470e263cb90_3861 .array/port v0xb470e263cb90, 3861;
v0xb470e263cb90_3862 .array/port v0xb470e263cb90, 3862;
v0xb470e263cb90_3863 .array/port v0xb470e263cb90, 3863;
v0xb470e263cb90_3864 .array/port v0xb470e263cb90, 3864;
E_0xb470e2641e60/967 .event anyedge, v0xb470e263cb90_3861, v0xb470e263cb90_3862, v0xb470e263cb90_3863, v0xb470e263cb90_3864;
v0xb470e263cb90_3865 .array/port v0xb470e263cb90, 3865;
v0xb470e263cb90_3866 .array/port v0xb470e263cb90, 3866;
v0xb470e263cb90_3867 .array/port v0xb470e263cb90, 3867;
v0xb470e263cb90_3868 .array/port v0xb470e263cb90, 3868;
E_0xb470e2641e60/968 .event anyedge, v0xb470e263cb90_3865, v0xb470e263cb90_3866, v0xb470e263cb90_3867, v0xb470e263cb90_3868;
v0xb470e263cb90_3869 .array/port v0xb470e263cb90, 3869;
v0xb470e263cb90_3870 .array/port v0xb470e263cb90, 3870;
v0xb470e263cb90_3871 .array/port v0xb470e263cb90, 3871;
v0xb470e263cb90_3872 .array/port v0xb470e263cb90, 3872;
E_0xb470e2641e60/969 .event anyedge, v0xb470e263cb90_3869, v0xb470e263cb90_3870, v0xb470e263cb90_3871, v0xb470e263cb90_3872;
v0xb470e263cb90_3873 .array/port v0xb470e263cb90, 3873;
v0xb470e263cb90_3874 .array/port v0xb470e263cb90, 3874;
v0xb470e263cb90_3875 .array/port v0xb470e263cb90, 3875;
v0xb470e263cb90_3876 .array/port v0xb470e263cb90, 3876;
E_0xb470e2641e60/970 .event anyedge, v0xb470e263cb90_3873, v0xb470e263cb90_3874, v0xb470e263cb90_3875, v0xb470e263cb90_3876;
v0xb470e263cb90_3877 .array/port v0xb470e263cb90, 3877;
v0xb470e263cb90_3878 .array/port v0xb470e263cb90, 3878;
v0xb470e263cb90_3879 .array/port v0xb470e263cb90, 3879;
v0xb470e263cb90_3880 .array/port v0xb470e263cb90, 3880;
E_0xb470e2641e60/971 .event anyedge, v0xb470e263cb90_3877, v0xb470e263cb90_3878, v0xb470e263cb90_3879, v0xb470e263cb90_3880;
v0xb470e263cb90_3881 .array/port v0xb470e263cb90, 3881;
v0xb470e263cb90_3882 .array/port v0xb470e263cb90, 3882;
v0xb470e263cb90_3883 .array/port v0xb470e263cb90, 3883;
v0xb470e263cb90_3884 .array/port v0xb470e263cb90, 3884;
E_0xb470e2641e60/972 .event anyedge, v0xb470e263cb90_3881, v0xb470e263cb90_3882, v0xb470e263cb90_3883, v0xb470e263cb90_3884;
v0xb470e263cb90_3885 .array/port v0xb470e263cb90, 3885;
v0xb470e263cb90_3886 .array/port v0xb470e263cb90, 3886;
v0xb470e263cb90_3887 .array/port v0xb470e263cb90, 3887;
v0xb470e263cb90_3888 .array/port v0xb470e263cb90, 3888;
E_0xb470e2641e60/973 .event anyedge, v0xb470e263cb90_3885, v0xb470e263cb90_3886, v0xb470e263cb90_3887, v0xb470e263cb90_3888;
v0xb470e263cb90_3889 .array/port v0xb470e263cb90, 3889;
v0xb470e263cb90_3890 .array/port v0xb470e263cb90, 3890;
v0xb470e263cb90_3891 .array/port v0xb470e263cb90, 3891;
v0xb470e263cb90_3892 .array/port v0xb470e263cb90, 3892;
E_0xb470e2641e60/974 .event anyedge, v0xb470e263cb90_3889, v0xb470e263cb90_3890, v0xb470e263cb90_3891, v0xb470e263cb90_3892;
v0xb470e263cb90_3893 .array/port v0xb470e263cb90, 3893;
v0xb470e263cb90_3894 .array/port v0xb470e263cb90, 3894;
v0xb470e263cb90_3895 .array/port v0xb470e263cb90, 3895;
v0xb470e263cb90_3896 .array/port v0xb470e263cb90, 3896;
E_0xb470e2641e60/975 .event anyedge, v0xb470e263cb90_3893, v0xb470e263cb90_3894, v0xb470e263cb90_3895, v0xb470e263cb90_3896;
v0xb470e263cb90_3897 .array/port v0xb470e263cb90, 3897;
v0xb470e263cb90_3898 .array/port v0xb470e263cb90, 3898;
v0xb470e263cb90_3899 .array/port v0xb470e263cb90, 3899;
v0xb470e263cb90_3900 .array/port v0xb470e263cb90, 3900;
E_0xb470e2641e60/976 .event anyedge, v0xb470e263cb90_3897, v0xb470e263cb90_3898, v0xb470e263cb90_3899, v0xb470e263cb90_3900;
v0xb470e263cb90_3901 .array/port v0xb470e263cb90, 3901;
v0xb470e263cb90_3902 .array/port v0xb470e263cb90, 3902;
v0xb470e263cb90_3903 .array/port v0xb470e263cb90, 3903;
v0xb470e263cb90_3904 .array/port v0xb470e263cb90, 3904;
E_0xb470e2641e60/977 .event anyedge, v0xb470e263cb90_3901, v0xb470e263cb90_3902, v0xb470e263cb90_3903, v0xb470e263cb90_3904;
v0xb470e263cb90_3905 .array/port v0xb470e263cb90, 3905;
v0xb470e263cb90_3906 .array/port v0xb470e263cb90, 3906;
v0xb470e263cb90_3907 .array/port v0xb470e263cb90, 3907;
v0xb470e263cb90_3908 .array/port v0xb470e263cb90, 3908;
E_0xb470e2641e60/978 .event anyedge, v0xb470e263cb90_3905, v0xb470e263cb90_3906, v0xb470e263cb90_3907, v0xb470e263cb90_3908;
v0xb470e263cb90_3909 .array/port v0xb470e263cb90, 3909;
v0xb470e263cb90_3910 .array/port v0xb470e263cb90, 3910;
v0xb470e263cb90_3911 .array/port v0xb470e263cb90, 3911;
v0xb470e263cb90_3912 .array/port v0xb470e263cb90, 3912;
E_0xb470e2641e60/979 .event anyedge, v0xb470e263cb90_3909, v0xb470e263cb90_3910, v0xb470e263cb90_3911, v0xb470e263cb90_3912;
v0xb470e263cb90_3913 .array/port v0xb470e263cb90, 3913;
v0xb470e263cb90_3914 .array/port v0xb470e263cb90, 3914;
v0xb470e263cb90_3915 .array/port v0xb470e263cb90, 3915;
v0xb470e263cb90_3916 .array/port v0xb470e263cb90, 3916;
E_0xb470e2641e60/980 .event anyedge, v0xb470e263cb90_3913, v0xb470e263cb90_3914, v0xb470e263cb90_3915, v0xb470e263cb90_3916;
v0xb470e263cb90_3917 .array/port v0xb470e263cb90, 3917;
v0xb470e263cb90_3918 .array/port v0xb470e263cb90, 3918;
v0xb470e263cb90_3919 .array/port v0xb470e263cb90, 3919;
v0xb470e263cb90_3920 .array/port v0xb470e263cb90, 3920;
E_0xb470e2641e60/981 .event anyedge, v0xb470e263cb90_3917, v0xb470e263cb90_3918, v0xb470e263cb90_3919, v0xb470e263cb90_3920;
v0xb470e263cb90_3921 .array/port v0xb470e263cb90, 3921;
v0xb470e263cb90_3922 .array/port v0xb470e263cb90, 3922;
v0xb470e263cb90_3923 .array/port v0xb470e263cb90, 3923;
v0xb470e263cb90_3924 .array/port v0xb470e263cb90, 3924;
E_0xb470e2641e60/982 .event anyedge, v0xb470e263cb90_3921, v0xb470e263cb90_3922, v0xb470e263cb90_3923, v0xb470e263cb90_3924;
v0xb470e263cb90_3925 .array/port v0xb470e263cb90, 3925;
v0xb470e263cb90_3926 .array/port v0xb470e263cb90, 3926;
v0xb470e263cb90_3927 .array/port v0xb470e263cb90, 3927;
v0xb470e263cb90_3928 .array/port v0xb470e263cb90, 3928;
E_0xb470e2641e60/983 .event anyedge, v0xb470e263cb90_3925, v0xb470e263cb90_3926, v0xb470e263cb90_3927, v0xb470e263cb90_3928;
v0xb470e263cb90_3929 .array/port v0xb470e263cb90, 3929;
v0xb470e263cb90_3930 .array/port v0xb470e263cb90, 3930;
v0xb470e263cb90_3931 .array/port v0xb470e263cb90, 3931;
v0xb470e263cb90_3932 .array/port v0xb470e263cb90, 3932;
E_0xb470e2641e60/984 .event anyedge, v0xb470e263cb90_3929, v0xb470e263cb90_3930, v0xb470e263cb90_3931, v0xb470e263cb90_3932;
v0xb470e263cb90_3933 .array/port v0xb470e263cb90, 3933;
v0xb470e263cb90_3934 .array/port v0xb470e263cb90, 3934;
v0xb470e263cb90_3935 .array/port v0xb470e263cb90, 3935;
v0xb470e263cb90_3936 .array/port v0xb470e263cb90, 3936;
E_0xb470e2641e60/985 .event anyedge, v0xb470e263cb90_3933, v0xb470e263cb90_3934, v0xb470e263cb90_3935, v0xb470e263cb90_3936;
v0xb470e263cb90_3937 .array/port v0xb470e263cb90, 3937;
v0xb470e263cb90_3938 .array/port v0xb470e263cb90, 3938;
v0xb470e263cb90_3939 .array/port v0xb470e263cb90, 3939;
v0xb470e263cb90_3940 .array/port v0xb470e263cb90, 3940;
E_0xb470e2641e60/986 .event anyedge, v0xb470e263cb90_3937, v0xb470e263cb90_3938, v0xb470e263cb90_3939, v0xb470e263cb90_3940;
v0xb470e263cb90_3941 .array/port v0xb470e263cb90, 3941;
v0xb470e263cb90_3942 .array/port v0xb470e263cb90, 3942;
v0xb470e263cb90_3943 .array/port v0xb470e263cb90, 3943;
v0xb470e263cb90_3944 .array/port v0xb470e263cb90, 3944;
E_0xb470e2641e60/987 .event anyedge, v0xb470e263cb90_3941, v0xb470e263cb90_3942, v0xb470e263cb90_3943, v0xb470e263cb90_3944;
v0xb470e263cb90_3945 .array/port v0xb470e263cb90, 3945;
v0xb470e263cb90_3946 .array/port v0xb470e263cb90, 3946;
v0xb470e263cb90_3947 .array/port v0xb470e263cb90, 3947;
v0xb470e263cb90_3948 .array/port v0xb470e263cb90, 3948;
E_0xb470e2641e60/988 .event anyedge, v0xb470e263cb90_3945, v0xb470e263cb90_3946, v0xb470e263cb90_3947, v0xb470e263cb90_3948;
v0xb470e263cb90_3949 .array/port v0xb470e263cb90, 3949;
v0xb470e263cb90_3950 .array/port v0xb470e263cb90, 3950;
v0xb470e263cb90_3951 .array/port v0xb470e263cb90, 3951;
v0xb470e263cb90_3952 .array/port v0xb470e263cb90, 3952;
E_0xb470e2641e60/989 .event anyedge, v0xb470e263cb90_3949, v0xb470e263cb90_3950, v0xb470e263cb90_3951, v0xb470e263cb90_3952;
v0xb470e263cb90_3953 .array/port v0xb470e263cb90, 3953;
v0xb470e263cb90_3954 .array/port v0xb470e263cb90, 3954;
v0xb470e263cb90_3955 .array/port v0xb470e263cb90, 3955;
v0xb470e263cb90_3956 .array/port v0xb470e263cb90, 3956;
E_0xb470e2641e60/990 .event anyedge, v0xb470e263cb90_3953, v0xb470e263cb90_3954, v0xb470e263cb90_3955, v0xb470e263cb90_3956;
v0xb470e263cb90_3957 .array/port v0xb470e263cb90, 3957;
v0xb470e263cb90_3958 .array/port v0xb470e263cb90, 3958;
v0xb470e263cb90_3959 .array/port v0xb470e263cb90, 3959;
v0xb470e263cb90_3960 .array/port v0xb470e263cb90, 3960;
E_0xb470e2641e60/991 .event anyedge, v0xb470e263cb90_3957, v0xb470e263cb90_3958, v0xb470e263cb90_3959, v0xb470e263cb90_3960;
v0xb470e263cb90_3961 .array/port v0xb470e263cb90, 3961;
v0xb470e263cb90_3962 .array/port v0xb470e263cb90, 3962;
v0xb470e263cb90_3963 .array/port v0xb470e263cb90, 3963;
v0xb470e263cb90_3964 .array/port v0xb470e263cb90, 3964;
E_0xb470e2641e60/992 .event anyedge, v0xb470e263cb90_3961, v0xb470e263cb90_3962, v0xb470e263cb90_3963, v0xb470e263cb90_3964;
v0xb470e263cb90_3965 .array/port v0xb470e263cb90, 3965;
v0xb470e263cb90_3966 .array/port v0xb470e263cb90, 3966;
v0xb470e263cb90_3967 .array/port v0xb470e263cb90, 3967;
v0xb470e263cb90_3968 .array/port v0xb470e263cb90, 3968;
E_0xb470e2641e60/993 .event anyedge, v0xb470e263cb90_3965, v0xb470e263cb90_3966, v0xb470e263cb90_3967, v0xb470e263cb90_3968;
v0xb470e263cb90_3969 .array/port v0xb470e263cb90, 3969;
v0xb470e263cb90_3970 .array/port v0xb470e263cb90, 3970;
v0xb470e263cb90_3971 .array/port v0xb470e263cb90, 3971;
v0xb470e263cb90_3972 .array/port v0xb470e263cb90, 3972;
E_0xb470e2641e60/994 .event anyedge, v0xb470e263cb90_3969, v0xb470e263cb90_3970, v0xb470e263cb90_3971, v0xb470e263cb90_3972;
v0xb470e263cb90_3973 .array/port v0xb470e263cb90, 3973;
v0xb470e263cb90_3974 .array/port v0xb470e263cb90, 3974;
v0xb470e263cb90_3975 .array/port v0xb470e263cb90, 3975;
v0xb470e263cb90_3976 .array/port v0xb470e263cb90, 3976;
E_0xb470e2641e60/995 .event anyedge, v0xb470e263cb90_3973, v0xb470e263cb90_3974, v0xb470e263cb90_3975, v0xb470e263cb90_3976;
v0xb470e263cb90_3977 .array/port v0xb470e263cb90, 3977;
v0xb470e263cb90_3978 .array/port v0xb470e263cb90, 3978;
v0xb470e263cb90_3979 .array/port v0xb470e263cb90, 3979;
v0xb470e263cb90_3980 .array/port v0xb470e263cb90, 3980;
E_0xb470e2641e60/996 .event anyedge, v0xb470e263cb90_3977, v0xb470e263cb90_3978, v0xb470e263cb90_3979, v0xb470e263cb90_3980;
v0xb470e263cb90_3981 .array/port v0xb470e263cb90, 3981;
v0xb470e263cb90_3982 .array/port v0xb470e263cb90, 3982;
v0xb470e263cb90_3983 .array/port v0xb470e263cb90, 3983;
v0xb470e263cb90_3984 .array/port v0xb470e263cb90, 3984;
E_0xb470e2641e60/997 .event anyedge, v0xb470e263cb90_3981, v0xb470e263cb90_3982, v0xb470e263cb90_3983, v0xb470e263cb90_3984;
v0xb470e263cb90_3985 .array/port v0xb470e263cb90, 3985;
v0xb470e263cb90_3986 .array/port v0xb470e263cb90, 3986;
v0xb470e263cb90_3987 .array/port v0xb470e263cb90, 3987;
v0xb470e263cb90_3988 .array/port v0xb470e263cb90, 3988;
E_0xb470e2641e60/998 .event anyedge, v0xb470e263cb90_3985, v0xb470e263cb90_3986, v0xb470e263cb90_3987, v0xb470e263cb90_3988;
v0xb470e263cb90_3989 .array/port v0xb470e263cb90, 3989;
v0xb470e263cb90_3990 .array/port v0xb470e263cb90, 3990;
v0xb470e263cb90_3991 .array/port v0xb470e263cb90, 3991;
v0xb470e263cb90_3992 .array/port v0xb470e263cb90, 3992;
E_0xb470e2641e60/999 .event anyedge, v0xb470e263cb90_3989, v0xb470e263cb90_3990, v0xb470e263cb90_3991, v0xb470e263cb90_3992;
v0xb470e263cb90_3993 .array/port v0xb470e263cb90, 3993;
v0xb470e263cb90_3994 .array/port v0xb470e263cb90, 3994;
v0xb470e263cb90_3995 .array/port v0xb470e263cb90, 3995;
v0xb470e263cb90_3996 .array/port v0xb470e263cb90, 3996;
E_0xb470e2641e60/1000 .event anyedge, v0xb470e263cb90_3993, v0xb470e263cb90_3994, v0xb470e263cb90_3995, v0xb470e263cb90_3996;
v0xb470e263cb90_3997 .array/port v0xb470e263cb90, 3997;
v0xb470e263cb90_3998 .array/port v0xb470e263cb90, 3998;
v0xb470e263cb90_3999 .array/port v0xb470e263cb90, 3999;
v0xb470e263cb90_4000 .array/port v0xb470e263cb90, 4000;
E_0xb470e2641e60/1001 .event anyedge, v0xb470e263cb90_3997, v0xb470e263cb90_3998, v0xb470e263cb90_3999, v0xb470e263cb90_4000;
v0xb470e263cb90_4001 .array/port v0xb470e263cb90, 4001;
v0xb470e263cb90_4002 .array/port v0xb470e263cb90, 4002;
v0xb470e263cb90_4003 .array/port v0xb470e263cb90, 4003;
v0xb470e263cb90_4004 .array/port v0xb470e263cb90, 4004;
E_0xb470e2641e60/1002 .event anyedge, v0xb470e263cb90_4001, v0xb470e263cb90_4002, v0xb470e263cb90_4003, v0xb470e263cb90_4004;
v0xb470e263cb90_4005 .array/port v0xb470e263cb90, 4005;
v0xb470e263cb90_4006 .array/port v0xb470e263cb90, 4006;
v0xb470e263cb90_4007 .array/port v0xb470e263cb90, 4007;
v0xb470e263cb90_4008 .array/port v0xb470e263cb90, 4008;
E_0xb470e2641e60/1003 .event anyedge, v0xb470e263cb90_4005, v0xb470e263cb90_4006, v0xb470e263cb90_4007, v0xb470e263cb90_4008;
v0xb470e263cb90_4009 .array/port v0xb470e263cb90, 4009;
v0xb470e263cb90_4010 .array/port v0xb470e263cb90, 4010;
v0xb470e263cb90_4011 .array/port v0xb470e263cb90, 4011;
v0xb470e263cb90_4012 .array/port v0xb470e263cb90, 4012;
E_0xb470e2641e60/1004 .event anyedge, v0xb470e263cb90_4009, v0xb470e263cb90_4010, v0xb470e263cb90_4011, v0xb470e263cb90_4012;
v0xb470e263cb90_4013 .array/port v0xb470e263cb90, 4013;
v0xb470e263cb90_4014 .array/port v0xb470e263cb90, 4014;
v0xb470e263cb90_4015 .array/port v0xb470e263cb90, 4015;
v0xb470e263cb90_4016 .array/port v0xb470e263cb90, 4016;
E_0xb470e2641e60/1005 .event anyedge, v0xb470e263cb90_4013, v0xb470e263cb90_4014, v0xb470e263cb90_4015, v0xb470e263cb90_4016;
v0xb470e263cb90_4017 .array/port v0xb470e263cb90, 4017;
v0xb470e263cb90_4018 .array/port v0xb470e263cb90, 4018;
v0xb470e263cb90_4019 .array/port v0xb470e263cb90, 4019;
v0xb470e263cb90_4020 .array/port v0xb470e263cb90, 4020;
E_0xb470e2641e60/1006 .event anyedge, v0xb470e263cb90_4017, v0xb470e263cb90_4018, v0xb470e263cb90_4019, v0xb470e263cb90_4020;
v0xb470e263cb90_4021 .array/port v0xb470e263cb90, 4021;
v0xb470e263cb90_4022 .array/port v0xb470e263cb90, 4022;
v0xb470e263cb90_4023 .array/port v0xb470e263cb90, 4023;
v0xb470e263cb90_4024 .array/port v0xb470e263cb90, 4024;
E_0xb470e2641e60/1007 .event anyedge, v0xb470e263cb90_4021, v0xb470e263cb90_4022, v0xb470e263cb90_4023, v0xb470e263cb90_4024;
v0xb470e263cb90_4025 .array/port v0xb470e263cb90, 4025;
v0xb470e263cb90_4026 .array/port v0xb470e263cb90, 4026;
v0xb470e263cb90_4027 .array/port v0xb470e263cb90, 4027;
v0xb470e263cb90_4028 .array/port v0xb470e263cb90, 4028;
E_0xb470e2641e60/1008 .event anyedge, v0xb470e263cb90_4025, v0xb470e263cb90_4026, v0xb470e263cb90_4027, v0xb470e263cb90_4028;
v0xb470e263cb90_4029 .array/port v0xb470e263cb90, 4029;
v0xb470e263cb90_4030 .array/port v0xb470e263cb90, 4030;
v0xb470e263cb90_4031 .array/port v0xb470e263cb90, 4031;
v0xb470e263cb90_4032 .array/port v0xb470e263cb90, 4032;
E_0xb470e2641e60/1009 .event anyedge, v0xb470e263cb90_4029, v0xb470e263cb90_4030, v0xb470e263cb90_4031, v0xb470e263cb90_4032;
v0xb470e263cb90_4033 .array/port v0xb470e263cb90, 4033;
v0xb470e263cb90_4034 .array/port v0xb470e263cb90, 4034;
v0xb470e263cb90_4035 .array/port v0xb470e263cb90, 4035;
v0xb470e263cb90_4036 .array/port v0xb470e263cb90, 4036;
E_0xb470e2641e60/1010 .event anyedge, v0xb470e263cb90_4033, v0xb470e263cb90_4034, v0xb470e263cb90_4035, v0xb470e263cb90_4036;
v0xb470e263cb90_4037 .array/port v0xb470e263cb90, 4037;
v0xb470e263cb90_4038 .array/port v0xb470e263cb90, 4038;
v0xb470e263cb90_4039 .array/port v0xb470e263cb90, 4039;
v0xb470e263cb90_4040 .array/port v0xb470e263cb90, 4040;
E_0xb470e2641e60/1011 .event anyedge, v0xb470e263cb90_4037, v0xb470e263cb90_4038, v0xb470e263cb90_4039, v0xb470e263cb90_4040;
v0xb470e263cb90_4041 .array/port v0xb470e263cb90, 4041;
v0xb470e263cb90_4042 .array/port v0xb470e263cb90, 4042;
v0xb470e263cb90_4043 .array/port v0xb470e263cb90, 4043;
v0xb470e263cb90_4044 .array/port v0xb470e263cb90, 4044;
E_0xb470e2641e60/1012 .event anyedge, v0xb470e263cb90_4041, v0xb470e263cb90_4042, v0xb470e263cb90_4043, v0xb470e263cb90_4044;
v0xb470e263cb90_4045 .array/port v0xb470e263cb90, 4045;
v0xb470e263cb90_4046 .array/port v0xb470e263cb90, 4046;
v0xb470e263cb90_4047 .array/port v0xb470e263cb90, 4047;
v0xb470e263cb90_4048 .array/port v0xb470e263cb90, 4048;
E_0xb470e2641e60/1013 .event anyedge, v0xb470e263cb90_4045, v0xb470e263cb90_4046, v0xb470e263cb90_4047, v0xb470e263cb90_4048;
v0xb470e263cb90_4049 .array/port v0xb470e263cb90, 4049;
v0xb470e263cb90_4050 .array/port v0xb470e263cb90, 4050;
v0xb470e263cb90_4051 .array/port v0xb470e263cb90, 4051;
v0xb470e263cb90_4052 .array/port v0xb470e263cb90, 4052;
E_0xb470e2641e60/1014 .event anyedge, v0xb470e263cb90_4049, v0xb470e263cb90_4050, v0xb470e263cb90_4051, v0xb470e263cb90_4052;
v0xb470e263cb90_4053 .array/port v0xb470e263cb90, 4053;
v0xb470e263cb90_4054 .array/port v0xb470e263cb90, 4054;
v0xb470e263cb90_4055 .array/port v0xb470e263cb90, 4055;
v0xb470e263cb90_4056 .array/port v0xb470e263cb90, 4056;
E_0xb470e2641e60/1015 .event anyedge, v0xb470e263cb90_4053, v0xb470e263cb90_4054, v0xb470e263cb90_4055, v0xb470e263cb90_4056;
v0xb470e263cb90_4057 .array/port v0xb470e263cb90, 4057;
v0xb470e263cb90_4058 .array/port v0xb470e263cb90, 4058;
v0xb470e263cb90_4059 .array/port v0xb470e263cb90, 4059;
v0xb470e263cb90_4060 .array/port v0xb470e263cb90, 4060;
E_0xb470e2641e60/1016 .event anyedge, v0xb470e263cb90_4057, v0xb470e263cb90_4058, v0xb470e263cb90_4059, v0xb470e263cb90_4060;
v0xb470e263cb90_4061 .array/port v0xb470e263cb90, 4061;
v0xb470e263cb90_4062 .array/port v0xb470e263cb90, 4062;
v0xb470e263cb90_4063 .array/port v0xb470e263cb90, 4063;
v0xb470e263cb90_4064 .array/port v0xb470e263cb90, 4064;
E_0xb470e2641e60/1017 .event anyedge, v0xb470e263cb90_4061, v0xb470e263cb90_4062, v0xb470e263cb90_4063, v0xb470e263cb90_4064;
v0xb470e263cb90_4065 .array/port v0xb470e263cb90, 4065;
v0xb470e263cb90_4066 .array/port v0xb470e263cb90, 4066;
v0xb470e263cb90_4067 .array/port v0xb470e263cb90, 4067;
v0xb470e263cb90_4068 .array/port v0xb470e263cb90, 4068;
E_0xb470e2641e60/1018 .event anyedge, v0xb470e263cb90_4065, v0xb470e263cb90_4066, v0xb470e263cb90_4067, v0xb470e263cb90_4068;
v0xb470e263cb90_4069 .array/port v0xb470e263cb90, 4069;
v0xb470e263cb90_4070 .array/port v0xb470e263cb90, 4070;
v0xb470e263cb90_4071 .array/port v0xb470e263cb90, 4071;
v0xb470e263cb90_4072 .array/port v0xb470e263cb90, 4072;
E_0xb470e2641e60/1019 .event anyedge, v0xb470e263cb90_4069, v0xb470e263cb90_4070, v0xb470e263cb90_4071, v0xb470e263cb90_4072;
v0xb470e263cb90_4073 .array/port v0xb470e263cb90, 4073;
v0xb470e263cb90_4074 .array/port v0xb470e263cb90, 4074;
v0xb470e263cb90_4075 .array/port v0xb470e263cb90, 4075;
v0xb470e263cb90_4076 .array/port v0xb470e263cb90, 4076;
E_0xb470e2641e60/1020 .event anyedge, v0xb470e263cb90_4073, v0xb470e263cb90_4074, v0xb470e263cb90_4075, v0xb470e263cb90_4076;
v0xb470e263cb90_4077 .array/port v0xb470e263cb90, 4077;
v0xb470e263cb90_4078 .array/port v0xb470e263cb90, 4078;
v0xb470e263cb90_4079 .array/port v0xb470e263cb90, 4079;
v0xb470e263cb90_4080 .array/port v0xb470e263cb90, 4080;
E_0xb470e2641e60/1021 .event anyedge, v0xb470e263cb90_4077, v0xb470e263cb90_4078, v0xb470e263cb90_4079, v0xb470e263cb90_4080;
v0xb470e263cb90_4081 .array/port v0xb470e263cb90, 4081;
v0xb470e263cb90_4082 .array/port v0xb470e263cb90, 4082;
v0xb470e263cb90_4083 .array/port v0xb470e263cb90, 4083;
v0xb470e263cb90_4084 .array/port v0xb470e263cb90, 4084;
E_0xb470e2641e60/1022 .event anyedge, v0xb470e263cb90_4081, v0xb470e263cb90_4082, v0xb470e263cb90_4083, v0xb470e263cb90_4084;
v0xb470e263cb90_4085 .array/port v0xb470e263cb90, 4085;
v0xb470e263cb90_4086 .array/port v0xb470e263cb90, 4086;
v0xb470e263cb90_4087 .array/port v0xb470e263cb90, 4087;
v0xb470e263cb90_4088 .array/port v0xb470e263cb90, 4088;
E_0xb470e2641e60/1023 .event anyedge, v0xb470e263cb90_4085, v0xb470e263cb90_4086, v0xb470e263cb90_4087, v0xb470e263cb90_4088;
v0xb470e263cb90_4089 .array/port v0xb470e263cb90, 4089;
v0xb470e263cb90_4090 .array/port v0xb470e263cb90, 4090;
v0xb470e263cb90_4091 .array/port v0xb470e263cb90, 4091;
v0xb470e263cb90_4092 .array/port v0xb470e263cb90, 4092;
E_0xb470e2641e60/1024 .event anyedge, v0xb470e263cb90_4089, v0xb470e263cb90_4090, v0xb470e263cb90_4091, v0xb470e263cb90_4092;
v0xb470e263cb90_4093 .array/port v0xb470e263cb90, 4093;
v0xb470e263cb90_4094 .array/port v0xb470e263cb90, 4094;
v0xb470e263cb90_4095 .array/port v0xb470e263cb90, 4095;
v0xb470e263cb90_4096 .array/port v0xb470e263cb90, 4096;
E_0xb470e2641e60/1025 .event anyedge, v0xb470e263cb90_4093, v0xb470e263cb90_4094, v0xb470e263cb90_4095, v0xb470e263cb90_4096;
v0xb470e263cb90_4097 .array/port v0xb470e263cb90, 4097;
v0xb470e263cb90_4098 .array/port v0xb470e263cb90, 4098;
v0xb470e263cb90_4099 .array/port v0xb470e263cb90, 4099;
v0xb470e263cb90_4100 .array/port v0xb470e263cb90, 4100;
E_0xb470e2641e60/1026 .event anyedge, v0xb470e263cb90_4097, v0xb470e263cb90_4098, v0xb470e263cb90_4099, v0xb470e263cb90_4100;
v0xb470e263cb90_4101 .array/port v0xb470e263cb90, 4101;
v0xb470e263cb90_4102 .array/port v0xb470e263cb90, 4102;
v0xb470e263cb90_4103 .array/port v0xb470e263cb90, 4103;
v0xb470e263cb90_4104 .array/port v0xb470e263cb90, 4104;
E_0xb470e2641e60/1027 .event anyedge, v0xb470e263cb90_4101, v0xb470e263cb90_4102, v0xb470e263cb90_4103, v0xb470e263cb90_4104;
v0xb470e263cb90_4105 .array/port v0xb470e263cb90, 4105;
v0xb470e263cb90_4106 .array/port v0xb470e263cb90, 4106;
v0xb470e263cb90_4107 .array/port v0xb470e263cb90, 4107;
v0xb470e263cb90_4108 .array/port v0xb470e263cb90, 4108;
E_0xb470e2641e60/1028 .event anyedge, v0xb470e263cb90_4105, v0xb470e263cb90_4106, v0xb470e263cb90_4107, v0xb470e263cb90_4108;
v0xb470e263cb90_4109 .array/port v0xb470e263cb90, 4109;
v0xb470e263cb90_4110 .array/port v0xb470e263cb90, 4110;
v0xb470e263cb90_4111 .array/port v0xb470e263cb90, 4111;
v0xb470e263cb90_4112 .array/port v0xb470e263cb90, 4112;
E_0xb470e2641e60/1029 .event anyedge, v0xb470e263cb90_4109, v0xb470e263cb90_4110, v0xb470e263cb90_4111, v0xb470e263cb90_4112;
v0xb470e263cb90_4113 .array/port v0xb470e263cb90, 4113;
v0xb470e263cb90_4114 .array/port v0xb470e263cb90, 4114;
v0xb470e263cb90_4115 .array/port v0xb470e263cb90, 4115;
v0xb470e263cb90_4116 .array/port v0xb470e263cb90, 4116;
E_0xb470e2641e60/1030 .event anyedge, v0xb470e263cb90_4113, v0xb470e263cb90_4114, v0xb470e263cb90_4115, v0xb470e263cb90_4116;
v0xb470e263cb90_4117 .array/port v0xb470e263cb90, 4117;
v0xb470e263cb90_4118 .array/port v0xb470e263cb90, 4118;
v0xb470e263cb90_4119 .array/port v0xb470e263cb90, 4119;
v0xb470e263cb90_4120 .array/port v0xb470e263cb90, 4120;
E_0xb470e2641e60/1031 .event anyedge, v0xb470e263cb90_4117, v0xb470e263cb90_4118, v0xb470e263cb90_4119, v0xb470e263cb90_4120;
v0xb470e263cb90_4121 .array/port v0xb470e263cb90, 4121;
v0xb470e263cb90_4122 .array/port v0xb470e263cb90, 4122;
v0xb470e263cb90_4123 .array/port v0xb470e263cb90, 4123;
v0xb470e263cb90_4124 .array/port v0xb470e263cb90, 4124;
E_0xb470e2641e60/1032 .event anyedge, v0xb470e263cb90_4121, v0xb470e263cb90_4122, v0xb470e263cb90_4123, v0xb470e263cb90_4124;
v0xb470e263cb90_4125 .array/port v0xb470e263cb90, 4125;
v0xb470e263cb90_4126 .array/port v0xb470e263cb90, 4126;
v0xb470e263cb90_4127 .array/port v0xb470e263cb90, 4127;
v0xb470e263cb90_4128 .array/port v0xb470e263cb90, 4128;
E_0xb470e2641e60/1033 .event anyedge, v0xb470e263cb90_4125, v0xb470e263cb90_4126, v0xb470e263cb90_4127, v0xb470e263cb90_4128;
v0xb470e263cb90_4129 .array/port v0xb470e263cb90, 4129;
v0xb470e263cb90_4130 .array/port v0xb470e263cb90, 4130;
v0xb470e263cb90_4131 .array/port v0xb470e263cb90, 4131;
v0xb470e263cb90_4132 .array/port v0xb470e263cb90, 4132;
E_0xb470e2641e60/1034 .event anyedge, v0xb470e263cb90_4129, v0xb470e263cb90_4130, v0xb470e263cb90_4131, v0xb470e263cb90_4132;
v0xb470e263cb90_4133 .array/port v0xb470e263cb90, 4133;
v0xb470e263cb90_4134 .array/port v0xb470e263cb90, 4134;
v0xb470e263cb90_4135 .array/port v0xb470e263cb90, 4135;
v0xb470e263cb90_4136 .array/port v0xb470e263cb90, 4136;
E_0xb470e2641e60/1035 .event anyedge, v0xb470e263cb90_4133, v0xb470e263cb90_4134, v0xb470e263cb90_4135, v0xb470e263cb90_4136;
v0xb470e263cb90_4137 .array/port v0xb470e263cb90, 4137;
v0xb470e263cb90_4138 .array/port v0xb470e263cb90, 4138;
v0xb470e263cb90_4139 .array/port v0xb470e263cb90, 4139;
v0xb470e263cb90_4140 .array/port v0xb470e263cb90, 4140;
E_0xb470e2641e60/1036 .event anyedge, v0xb470e263cb90_4137, v0xb470e263cb90_4138, v0xb470e263cb90_4139, v0xb470e263cb90_4140;
v0xb470e263cb90_4141 .array/port v0xb470e263cb90, 4141;
v0xb470e263cb90_4142 .array/port v0xb470e263cb90, 4142;
v0xb470e263cb90_4143 .array/port v0xb470e263cb90, 4143;
v0xb470e263cb90_4144 .array/port v0xb470e263cb90, 4144;
E_0xb470e2641e60/1037 .event anyedge, v0xb470e263cb90_4141, v0xb470e263cb90_4142, v0xb470e263cb90_4143, v0xb470e263cb90_4144;
v0xb470e263cb90_4145 .array/port v0xb470e263cb90, 4145;
v0xb470e263cb90_4146 .array/port v0xb470e263cb90, 4146;
v0xb470e263cb90_4147 .array/port v0xb470e263cb90, 4147;
v0xb470e263cb90_4148 .array/port v0xb470e263cb90, 4148;
E_0xb470e2641e60/1038 .event anyedge, v0xb470e263cb90_4145, v0xb470e263cb90_4146, v0xb470e263cb90_4147, v0xb470e263cb90_4148;
v0xb470e263cb90_4149 .array/port v0xb470e263cb90, 4149;
v0xb470e263cb90_4150 .array/port v0xb470e263cb90, 4150;
v0xb470e263cb90_4151 .array/port v0xb470e263cb90, 4151;
v0xb470e263cb90_4152 .array/port v0xb470e263cb90, 4152;
E_0xb470e2641e60/1039 .event anyedge, v0xb470e263cb90_4149, v0xb470e263cb90_4150, v0xb470e263cb90_4151, v0xb470e263cb90_4152;
v0xb470e263cb90_4153 .array/port v0xb470e263cb90, 4153;
v0xb470e263cb90_4154 .array/port v0xb470e263cb90, 4154;
v0xb470e263cb90_4155 .array/port v0xb470e263cb90, 4155;
v0xb470e263cb90_4156 .array/port v0xb470e263cb90, 4156;
E_0xb470e2641e60/1040 .event anyedge, v0xb470e263cb90_4153, v0xb470e263cb90_4154, v0xb470e263cb90_4155, v0xb470e263cb90_4156;
v0xb470e263cb90_4157 .array/port v0xb470e263cb90, 4157;
v0xb470e263cb90_4158 .array/port v0xb470e263cb90, 4158;
v0xb470e263cb90_4159 .array/port v0xb470e263cb90, 4159;
v0xb470e263cb90_4160 .array/port v0xb470e263cb90, 4160;
E_0xb470e2641e60/1041 .event anyedge, v0xb470e263cb90_4157, v0xb470e263cb90_4158, v0xb470e263cb90_4159, v0xb470e263cb90_4160;
v0xb470e263cb90_4161 .array/port v0xb470e263cb90, 4161;
v0xb470e263cb90_4162 .array/port v0xb470e263cb90, 4162;
v0xb470e263cb90_4163 .array/port v0xb470e263cb90, 4163;
v0xb470e263cb90_4164 .array/port v0xb470e263cb90, 4164;
E_0xb470e2641e60/1042 .event anyedge, v0xb470e263cb90_4161, v0xb470e263cb90_4162, v0xb470e263cb90_4163, v0xb470e263cb90_4164;
v0xb470e263cb90_4165 .array/port v0xb470e263cb90, 4165;
v0xb470e263cb90_4166 .array/port v0xb470e263cb90, 4166;
v0xb470e263cb90_4167 .array/port v0xb470e263cb90, 4167;
v0xb470e263cb90_4168 .array/port v0xb470e263cb90, 4168;
E_0xb470e2641e60/1043 .event anyedge, v0xb470e263cb90_4165, v0xb470e263cb90_4166, v0xb470e263cb90_4167, v0xb470e263cb90_4168;
v0xb470e263cb90_4169 .array/port v0xb470e263cb90, 4169;
v0xb470e263cb90_4170 .array/port v0xb470e263cb90, 4170;
v0xb470e263cb90_4171 .array/port v0xb470e263cb90, 4171;
v0xb470e263cb90_4172 .array/port v0xb470e263cb90, 4172;
E_0xb470e2641e60/1044 .event anyedge, v0xb470e263cb90_4169, v0xb470e263cb90_4170, v0xb470e263cb90_4171, v0xb470e263cb90_4172;
v0xb470e263cb90_4173 .array/port v0xb470e263cb90, 4173;
v0xb470e263cb90_4174 .array/port v0xb470e263cb90, 4174;
v0xb470e263cb90_4175 .array/port v0xb470e263cb90, 4175;
v0xb470e263cb90_4176 .array/port v0xb470e263cb90, 4176;
E_0xb470e2641e60/1045 .event anyedge, v0xb470e263cb90_4173, v0xb470e263cb90_4174, v0xb470e263cb90_4175, v0xb470e263cb90_4176;
v0xb470e263cb90_4177 .array/port v0xb470e263cb90, 4177;
v0xb470e263cb90_4178 .array/port v0xb470e263cb90, 4178;
v0xb470e263cb90_4179 .array/port v0xb470e263cb90, 4179;
v0xb470e263cb90_4180 .array/port v0xb470e263cb90, 4180;
E_0xb470e2641e60/1046 .event anyedge, v0xb470e263cb90_4177, v0xb470e263cb90_4178, v0xb470e263cb90_4179, v0xb470e263cb90_4180;
v0xb470e263cb90_4181 .array/port v0xb470e263cb90, 4181;
v0xb470e263cb90_4182 .array/port v0xb470e263cb90, 4182;
v0xb470e263cb90_4183 .array/port v0xb470e263cb90, 4183;
v0xb470e263cb90_4184 .array/port v0xb470e263cb90, 4184;
E_0xb470e2641e60/1047 .event anyedge, v0xb470e263cb90_4181, v0xb470e263cb90_4182, v0xb470e263cb90_4183, v0xb470e263cb90_4184;
v0xb470e263cb90_4185 .array/port v0xb470e263cb90, 4185;
v0xb470e263cb90_4186 .array/port v0xb470e263cb90, 4186;
v0xb470e263cb90_4187 .array/port v0xb470e263cb90, 4187;
v0xb470e263cb90_4188 .array/port v0xb470e263cb90, 4188;
E_0xb470e2641e60/1048 .event anyedge, v0xb470e263cb90_4185, v0xb470e263cb90_4186, v0xb470e263cb90_4187, v0xb470e263cb90_4188;
v0xb470e263cb90_4189 .array/port v0xb470e263cb90, 4189;
v0xb470e263cb90_4190 .array/port v0xb470e263cb90, 4190;
v0xb470e263cb90_4191 .array/port v0xb470e263cb90, 4191;
v0xb470e263cb90_4192 .array/port v0xb470e263cb90, 4192;
E_0xb470e2641e60/1049 .event anyedge, v0xb470e263cb90_4189, v0xb470e263cb90_4190, v0xb470e263cb90_4191, v0xb470e263cb90_4192;
v0xb470e263cb90_4193 .array/port v0xb470e263cb90, 4193;
v0xb470e263cb90_4194 .array/port v0xb470e263cb90, 4194;
v0xb470e263cb90_4195 .array/port v0xb470e263cb90, 4195;
v0xb470e263cb90_4196 .array/port v0xb470e263cb90, 4196;
E_0xb470e2641e60/1050 .event anyedge, v0xb470e263cb90_4193, v0xb470e263cb90_4194, v0xb470e263cb90_4195, v0xb470e263cb90_4196;
v0xb470e263cb90_4197 .array/port v0xb470e263cb90, 4197;
v0xb470e263cb90_4198 .array/port v0xb470e263cb90, 4198;
v0xb470e263cb90_4199 .array/port v0xb470e263cb90, 4199;
v0xb470e263cb90_4200 .array/port v0xb470e263cb90, 4200;
E_0xb470e2641e60/1051 .event anyedge, v0xb470e263cb90_4197, v0xb470e263cb90_4198, v0xb470e263cb90_4199, v0xb470e263cb90_4200;
v0xb470e263cb90_4201 .array/port v0xb470e263cb90, 4201;
v0xb470e263cb90_4202 .array/port v0xb470e263cb90, 4202;
v0xb470e263cb90_4203 .array/port v0xb470e263cb90, 4203;
v0xb470e263cb90_4204 .array/port v0xb470e263cb90, 4204;
E_0xb470e2641e60/1052 .event anyedge, v0xb470e263cb90_4201, v0xb470e263cb90_4202, v0xb470e263cb90_4203, v0xb470e263cb90_4204;
v0xb470e263cb90_4205 .array/port v0xb470e263cb90, 4205;
v0xb470e263cb90_4206 .array/port v0xb470e263cb90, 4206;
v0xb470e263cb90_4207 .array/port v0xb470e263cb90, 4207;
v0xb470e263cb90_4208 .array/port v0xb470e263cb90, 4208;
E_0xb470e2641e60/1053 .event anyedge, v0xb470e263cb90_4205, v0xb470e263cb90_4206, v0xb470e263cb90_4207, v0xb470e263cb90_4208;
v0xb470e263cb90_4209 .array/port v0xb470e263cb90, 4209;
v0xb470e263cb90_4210 .array/port v0xb470e263cb90, 4210;
v0xb470e263cb90_4211 .array/port v0xb470e263cb90, 4211;
v0xb470e263cb90_4212 .array/port v0xb470e263cb90, 4212;
E_0xb470e2641e60/1054 .event anyedge, v0xb470e263cb90_4209, v0xb470e263cb90_4210, v0xb470e263cb90_4211, v0xb470e263cb90_4212;
v0xb470e263cb90_4213 .array/port v0xb470e263cb90, 4213;
v0xb470e263cb90_4214 .array/port v0xb470e263cb90, 4214;
v0xb470e263cb90_4215 .array/port v0xb470e263cb90, 4215;
v0xb470e263cb90_4216 .array/port v0xb470e263cb90, 4216;
E_0xb470e2641e60/1055 .event anyedge, v0xb470e263cb90_4213, v0xb470e263cb90_4214, v0xb470e263cb90_4215, v0xb470e263cb90_4216;
v0xb470e263cb90_4217 .array/port v0xb470e263cb90, 4217;
v0xb470e263cb90_4218 .array/port v0xb470e263cb90, 4218;
v0xb470e263cb90_4219 .array/port v0xb470e263cb90, 4219;
v0xb470e263cb90_4220 .array/port v0xb470e263cb90, 4220;
E_0xb470e2641e60/1056 .event anyedge, v0xb470e263cb90_4217, v0xb470e263cb90_4218, v0xb470e263cb90_4219, v0xb470e263cb90_4220;
v0xb470e263cb90_4221 .array/port v0xb470e263cb90, 4221;
v0xb470e263cb90_4222 .array/port v0xb470e263cb90, 4222;
v0xb470e263cb90_4223 .array/port v0xb470e263cb90, 4223;
v0xb470e263cb90_4224 .array/port v0xb470e263cb90, 4224;
E_0xb470e2641e60/1057 .event anyedge, v0xb470e263cb90_4221, v0xb470e263cb90_4222, v0xb470e263cb90_4223, v0xb470e263cb90_4224;
v0xb470e263cb90_4225 .array/port v0xb470e263cb90, 4225;
v0xb470e263cb90_4226 .array/port v0xb470e263cb90, 4226;
v0xb470e263cb90_4227 .array/port v0xb470e263cb90, 4227;
v0xb470e263cb90_4228 .array/port v0xb470e263cb90, 4228;
E_0xb470e2641e60/1058 .event anyedge, v0xb470e263cb90_4225, v0xb470e263cb90_4226, v0xb470e263cb90_4227, v0xb470e263cb90_4228;
v0xb470e263cb90_4229 .array/port v0xb470e263cb90, 4229;
v0xb470e263cb90_4230 .array/port v0xb470e263cb90, 4230;
v0xb470e263cb90_4231 .array/port v0xb470e263cb90, 4231;
v0xb470e263cb90_4232 .array/port v0xb470e263cb90, 4232;
E_0xb470e2641e60/1059 .event anyedge, v0xb470e263cb90_4229, v0xb470e263cb90_4230, v0xb470e263cb90_4231, v0xb470e263cb90_4232;
v0xb470e263cb90_4233 .array/port v0xb470e263cb90, 4233;
v0xb470e263cb90_4234 .array/port v0xb470e263cb90, 4234;
v0xb470e263cb90_4235 .array/port v0xb470e263cb90, 4235;
v0xb470e263cb90_4236 .array/port v0xb470e263cb90, 4236;
E_0xb470e2641e60/1060 .event anyedge, v0xb470e263cb90_4233, v0xb470e263cb90_4234, v0xb470e263cb90_4235, v0xb470e263cb90_4236;
v0xb470e263cb90_4237 .array/port v0xb470e263cb90, 4237;
v0xb470e263cb90_4238 .array/port v0xb470e263cb90, 4238;
v0xb470e263cb90_4239 .array/port v0xb470e263cb90, 4239;
v0xb470e263cb90_4240 .array/port v0xb470e263cb90, 4240;
E_0xb470e2641e60/1061 .event anyedge, v0xb470e263cb90_4237, v0xb470e263cb90_4238, v0xb470e263cb90_4239, v0xb470e263cb90_4240;
v0xb470e263cb90_4241 .array/port v0xb470e263cb90, 4241;
v0xb470e263cb90_4242 .array/port v0xb470e263cb90, 4242;
v0xb470e263cb90_4243 .array/port v0xb470e263cb90, 4243;
v0xb470e263cb90_4244 .array/port v0xb470e263cb90, 4244;
E_0xb470e2641e60/1062 .event anyedge, v0xb470e263cb90_4241, v0xb470e263cb90_4242, v0xb470e263cb90_4243, v0xb470e263cb90_4244;
v0xb470e263cb90_4245 .array/port v0xb470e263cb90, 4245;
v0xb470e263cb90_4246 .array/port v0xb470e263cb90, 4246;
v0xb470e263cb90_4247 .array/port v0xb470e263cb90, 4247;
v0xb470e263cb90_4248 .array/port v0xb470e263cb90, 4248;
E_0xb470e2641e60/1063 .event anyedge, v0xb470e263cb90_4245, v0xb470e263cb90_4246, v0xb470e263cb90_4247, v0xb470e263cb90_4248;
v0xb470e263cb90_4249 .array/port v0xb470e263cb90, 4249;
v0xb470e263cb90_4250 .array/port v0xb470e263cb90, 4250;
v0xb470e263cb90_4251 .array/port v0xb470e263cb90, 4251;
v0xb470e263cb90_4252 .array/port v0xb470e263cb90, 4252;
E_0xb470e2641e60/1064 .event anyedge, v0xb470e263cb90_4249, v0xb470e263cb90_4250, v0xb470e263cb90_4251, v0xb470e263cb90_4252;
v0xb470e263cb90_4253 .array/port v0xb470e263cb90, 4253;
v0xb470e263cb90_4254 .array/port v0xb470e263cb90, 4254;
v0xb470e263cb90_4255 .array/port v0xb470e263cb90, 4255;
v0xb470e263cb90_4256 .array/port v0xb470e263cb90, 4256;
E_0xb470e2641e60/1065 .event anyedge, v0xb470e263cb90_4253, v0xb470e263cb90_4254, v0xb470e263cb90_4255, v0xb470e263cb90_4256;
v0xb470e263cb90_4257 .array/port v0xb470e263cb90, 4257;
v0xb470e263cb90_4258 .array/port v0xb470e263cb90, 4258;
v0xb470e263cb90_4259 .array/port v0xb470e263cb90, 4259;
v0xb470e263cb90_4260 .array/port v0xb470e263cb90, 4260;
E_0xb470e2641e60/1066 .event anyedge, v0xb470e263cb90_4257, v0xb470e263cb90_4258, v0xb470e263cb90_4259, v0xb470e263cb90_4260;
v0xb470e263cb90_4261 .array/port v0xb470e263cb90, 4261;
v0xb470e263cb90_4262 .array/port v0xb470e263cb90, 4262;
v0xb470e263cb90_4263 .array/port v0xb470e263cb90, 4263;
v0xb470e263cb90_4264 .array/port v0xb470e263cb90, 4264;
E_0xb470e2641e60/1067 .event anyedge, v0xb470e263cb90_4261, v0xb470e263cb90_4262, v0xb470e263cb90_4263, v0xb470e263cb90_4264;
v0xb470e263cb90_4265 .array/port v0xb470e263cb90, 4265;
v0xb470e263cb90_4266 .array/port v0xb470e263cb90, 4266;
v0xb470e263cb90_4267 .array/port v0xb470e263cb90, 4267;
v0xb470e263cb90_4268 .array/port v0xb470e263cb90, 4268;
E_0xb470e2641e60/1068 .event anyedge, v0xb470e263cb90_4265, v0xb470e263cb90_4266, v0xb470e263cb90_4267, v0xb470e263cb90_4268;
v0xb470e263cb90_4269 .array/port v0xb470e263cb90, 4269;
v0xb470e263cb90_4270 .array/port v0xb470e263cb90, 4270;
v0xb470e263cb90_4271 .array/port v0xb470e263cb90, 4271;
v0xb470e263cb90_4272 .array/port v0xb470e263cb90, 4272;
E_0xb470e2641e60/1069 .event anyedge, v0xb470e263cb90_4269, v0xb470e263cb90_4270, v0xb470e263cb90_4271, v0xb470e263cb90_4272;
v0xb470e263cb90_4273 .array/port v0xb470e263cb90, 4273;
v0xb470e263cb90_4274 .array/port v0xb470e263cb90, 4274;
v0xb470e263cb90_4275 .array/port v0xb470e263cb90, 4275;
v0xb470e263cb90_4276 .array/port v0xb470e263cb90, 4276;
E_0xb470e2641e60/1070 .event anyedge, v0xb470e263cb90_4273, v0xb470e263cb90_4274, v0xb470e263cb90_4275, v0xb470e263cb90_4276;
v0xb470e263cb90_4277 .array/port v0xb470e263cb90, 4277;
v0xb470e263cb90_4278 .array/port v0xb470e263cb90, 4278;
v0xb470e263cb90_4279 .array/port v0xb470e263cb90, 4279;
v0xb470e263cb90_4280 .array/port v0xb470e263cb90, 4280;
E_0xb470e2641e60/1071 .event anyedge, v0xb470e263cb90_4277, v0xb470e263cb90_4278, v0xb470e263cb90_4279, v0xb470e263cb90_4280;
v0xb470e263cb90_4281 .array/port v0xb470e263cb90, 4281;
v0xb470e263cb90_4282 .array/port v0xb470e263cb90, 4282;
v0xb470e263cb90_4283 .array/port v0xb470e263cb90, 4283;
v0xb470e263cb90_4284 .array/port v0xb470e263cb90, 4284;
E_0xb470e2641e60/1072 .event anyedge, v0xb470e263cb90_4281, v0xb470e263cb90_4282, v0xb470e263cb90_4283, v0xb470e263cb90_4284;
v0xb470e263cb90_4285 .array/port v0xb470e263cb90, 4285;
v0xb470e263cb90_4286 .array/port v0xb470e263cb90, 4286;
v0xb470e263cb90_4287 .array/port v0xb470e263cb90, 4287;
v0xb470e263cb90_4288 .array/port v0xb470e263cb90, 4288;
E_0xb470e2641e60/1073 .event anyedge, v0xb470e263cb90_4285, v0xb470e263cb90_4286, v0xb470e263cb90_4287, v0xb470e263cb90_4288;
v0xb470e263cb90_4289 .array/port v0xb470e263cb90, 4289;
v0xb470e263cb90_4290 .array/port v0xb470e263cb90, 4290;
v0xb470e263cb90_4291 .array/port v0xb470e263cb90, 4291;
v0xb470e263cb90_4292 .array/port v0xb470e263cb90, 4292;
E_0xb470e2641e60/1074 .event anyedge, v0xb470e263cb90_4289, v0xb470e263cb90_4290, v0xb470e263cb90_4291, v0xb470e263cb90_4292;
v0xb470e263cb90_4293 .array/port v0xb470e263cb90, 4293;
v0xb470e263cb90_4294 .array/port v0xb470e263cb90, 4294;
v0xb470e263cb90_4295 .array/port v0xb470e263cb90, 4295;
v0xb470e263cb90_4296 .array/port v0xb470e263cb90, 4296;
E_0xb470e2641e60/1075 .event anyedge, v0xb470e263cb90_4293, v0xb470e263cb90_4294, v0xb470e263cb90_4295, v0xb470e263cb90_4296;
v0xb470e263cb90_4297 .array/port v0xb470e263cb90, 4297;
v0xb470e263cb90_4298 .array/port v0xb470e263cb90, 4298;
v0xb470e263cb90_4299 .array/port v0xb470e263cb90, 4299;
v0xb470e263cb90_4300 .array/port v0xb470e263cb90, 4300;
E_0xb470e2641e60/1076 .event anyedge, v0xb470e263cb90_4297, v0xb470e263cb90_4298, v0xb470e263cb90_4299, v0xb470e263cb90_4300;
v0xb470e263cb90_4301 .array/port v0xb470e263cb90, 4301;
v0xb470e263cb90_4302 .array/port v0xb470e263cb90, 4302;
v0xb470e263cb90_4303 .array/port v0xb470e263cb90, 4303;
v0xb470e263cb90_4304 .array/port v0xb470e263cb90, 4304;
E_0xb470e2641e60/1077 .event anyedge, v0xb470e263cb90_4301, v0xb470e263cb90_4302, v0xb470e263cb90_4303, v0xb470e263cb90_4304;
v0xb470e263cb90_4305 .array/port v0xb470e263cb90, 4305;
v0xb470e263cb90_4306 .array/port v0xb470e263cb90, 4306;
v0xb470e263cb90_4307 .array/port v0xb470e263cb90, 4307;
v0xb470e263cb90_4308 .array/port v0xb470e263cb90, 4308;
E_0xb470e2641e60/1078 .event anyedge, v0xb470e263cb90_4305, v0xb470e263cb90_4306, v0xb470e263cb90_4307, v0xb470e263cb90_4308;
v0xb470e263cb90_4309 .array/port v0xb470e263cb90, 4309;
v0xb470e263cb90_4310 .array/port v0xb470e263cb90, 4310;
v0xb470e263cb90_4311 .array/port v0xb470e263cb90, 4311;
v0xb470e263cb90_4312 .array/port v0xb470e263cb90, 4312;
E_0xb470e2641e60/1079 .event anyedge, v0xb470e263cb90_4309, v0xb470e263cb90_4310, v0xb470e263cb90_4311, v0xb470e263cb90_4312;
v0xb470e263cb90_4313 .array/port v0xb470e263cb90, 4313;
v0xb470e263cb90_4314 .array/port v0xb470e263cb90, 4314;
v0xb470e263cb90_4315 .array/port v0xb470e263cb90, 4315;
v0xb470e263cb90_4316 .array/port v0xb470e263cb90, 4316;
E_0xb470e2641e60/1080 .event anyedge, v0xb470e263cb90_4313, v0xb470e263cb90_4314, v0xb470e263cb90_4315, v0xb470e263cb90_4316;
v0xb470e263cb90_4317 .array/port v0xb470e263cb90, 4317;
v0xb470e263cb90_4318 .array/port v0xb470e263cb90, 4318;
v0xb470e263cb90_4319 .array/port v0xb470e263cb90, 4319;
v0xb470e263cb90_4320 .array/port v0xb470e263cb90, 4320;
E_0xb470e2641e60/1081 .event anyedge, v0xb470e263cb90_4317, v0xb470e263cb90_4318, v0xb470e263cb90_4319, v0xb470e263cb90_4320;
v0xb470e263cb90_4321 .array/port v0xb470e263cb90, 4321;
v0xb470e263cb90_4322 .array/port v0xb470e263cb90, 4322;
v0xb470e263cb90_4323 .array/port v0xb470e263cb90, 4323;
v0xb470e263cb90_4324 .array/port v0xb470e263cb90, 4324;
E_0xb470e2641e60/1082 .event anyedge, v0xb470e263cb90_4321, v0xb470e263cb90_4322, v0xb470e263cb90_4323, v0xb470e263cb90_4324;
v0xb470e263cb90_4325 .array/port v0xb470e263cb90, 4325;
v0xb470e263cb90_4326 .array/port v0xb470e263cb90, 4326;
v0xb470e263cb90_4327 .array/port v0xb470e263cb90, 4327;
v0xb470e263cb90_4328 .array/port v0xb470e263cb90, 4328;
E_0xb470e2641e60/1083 .event anyedge, v0xb470e263cb90_4325, v0xb470e263cb90_4326, v0xb470e263cb90_4327, v0xb470e263cb90_4328;
v0xb470e263cb90_4329 .array/port v0xb470e263cb90, 4329;
v0xb470e263cb90_4330 .array/port v0xb470e263cb90, 4330;
v0xb470e263cb90_4331 .array/port v0xb470e263cb90, 4331;
v0xb470e263cb90_4332 .array/port v0xb470e263cb90, 4332;
E_0xb470e2641e60/1084 .event anyedge, v0xb470e263cb90_4329, v0xb470e263cb90_4330, v0xb470e263cb90_4331, v0xb470e263cb90_4332;
v0xb470e263cb90_4333 .array/port v0xb470e263cb90, 4333;
v0xb470e263cb90_4334 .array/port v0xb470e263cb90, 4334;
v0xb470e263cb90_4335 .array/port v0xb470e263cb90, 4335;
v0xb470e263cb90_4336 .array/port v0xb470e263cb90, 4336;
E_0xb470e2641e60/1085 .event anyedge, v0xb470e263cb90_4333, v0xb470e263cb90_4334, v0xb470e263cb90_4335, v0xb470e263cb90_4336;
v0xb470e263cb90_4337 .array/port v0xb470e263cb90, 4337;
v0xb470e263cb90_4338 .array/port v0xb470e263cb90, 4338;
v0xb470e263cb90_4339 .array/port v0xb470e263cb90, 4339;
v0xb470e263cb90_4340 .array/port v0xb470e263cb90, 4340;
E_0xb470e2641e60/1086 .event anyedge, v0xb470e263cb90_4337, v0xb470e263cb90_4338, v0xb470e263cb90_4339, v0xb470e263cb90_4340;
v0xb470e263cb90_4341 .array/port v0xb470e263cb90, 4341;
v0xb470e263cb90_4342 .array/port v0xb470e263cb90, 4342;
v0xb470e263cb90_4343 .array/port v0xb470e263cb90, 4343;
v0xb470e263cb90_4344 .array/port v0xb470e263cb90, 4344;
E_0xb470e2641e60/1087 .event anyedge, v0xb470e263cb90_4341, v0xb470e263cb90_4342, v0xb470e263cb90_4343, v0xb470e263cb90_4344;
v0xb470e263cb90_4345 .array/port v0xb470e263cb90, 4345;
v0xb470e263cb90_4346 .array/port v0xb470e263cb90, 4346;
v0xb470e263cb90_4347 .array/port v0xb470e263cb90, 4347;
v0xb470e263cb90_4348 .array/port v0xb470e263cb90, 4348;
E_0xb470e2641e60/1088 .event anyedge, v0xb470e263cb90_4345, v0xb470e263cb90_4346, v0xb470e263cb90_4347, v0xb470e263cb90_4348;
v0xb470e263cb90_4349 .array/port v0xb470e263cb90, 4349;
v0xb470e263cb90_4350 .array/port v0xb470e263cb90, 4350;
v0xb470e263cb90_4351 .array/port v0xb470e263cb90, 4351;
v0xb470e263cb90_4352 .array/port v0xb470e263cb90, 4352;
E_0xb470e2641e60/1089 .event anyedge, v0xb470e263cb90_4349, v0xb470e263cb90_4350, v0xb470e263cb90_4351, v0xb470e263cb90_4352;
v0xb470e263cb90_4353 .array/port v0xb470e263cb90, 4353;
v0xb470e263cb90_4354 .array/port v0xb470e263cb90, 4354;
v0xb470e263cb90_4355 .array/port v0xb470e263cb90, 4355;
v0xb470e263cb90_4356 .array/port v0xb470e263cb90, 4356;
E_0xb470e2641e60/1090 .event anyedge, v0xb470e263cb90_4353, v0xb470e263cb90_4354, v0xb470e263cb90_4355, v0xb470e263cb90_4356;
v0xb470e263cb90_4357 .array/port v0xb470e263cb90, 4357;
v0xb470e263cb90_4358 .array/port v0xb470e263cb90, 4358;
v0xb470e263cb90_4359 .array/port v0xb470e263cb90, 4359;
v0xb470e263cb90_4360 .array/port v0xb470e263cb90, 4360;
E_0xb470e2641e60/1091 .event anyedge, v0xb470e263cb90_4357, v0xb470e263cb90_4358, v0xb470e263cb90_4359, v0xb470e263cb90_4360;
v0xb470e263cb90_4361 .array/port v0xb470e263cb90, 4361;
v0xb470e263cb90_4362 .array/port v0xb470e263cb90, 4362;
v0xb470e263cb90_4363 .array/port v0xb470e263cb90, 4363;
v0xb470e263cb90_4364 .array/port v0xb470e263cb90, 4364;
E_0xb470e2641e60/1092 .event anyedge, v0xb470e263cb90_4361, v0xb470e263cb90_4362, v0xb470e263cb90_4363, v0xb470e263cb90_4364;
v0xb470e263cb90_4365 .array/port v0xb470e263cb90, 4365;
v0xb470e263cb90_4366 .array/port v0xb470e263cb90, 4366;
v0xb470e263cb90_4367 .array/port v0xb470e263cb90, 4367;
v0xb470e263cb90_4368 .array/port v0xb470e263cb90, 4368;
E_0xb470e2641e60/1093 .event anyedge, v0xb470e263cb90_4365, v0xb470e263cb90_4366, v0xb470e263cb90_4367, v0xb470e263cb90_4368;
v0xb470e263cb90_4369 .array/port v0xb470e263cb90, 4369;
v0xb470e263cb90_4370 .array/port v0xb470e263cb90, 4370;
v0xb470e263cb90_4371 .array/port v0xb470e263cb90, 4371;
v0xb470e263cb90_4372 .array/port v0xb470e263cb90, 4372;
E_0xb470e2641e60/1094 .event anyedge, v0xb470e263cb90_4369, v0xb470e263cb90_4370, v0xb470e263cb90_4371, v0xb470e263cb90_4372;
v0xb470e263cb90_4373 .array/port v0xb470e263cb90, 4373;
v0xb470e263cb90_4374 .array/port v0xb470e263cb90, 4374;
v0xb470e263cb90_4375 .array/port v0xb470e263cb90, 4375;
v0xb470e263cb90_4376 .array/port v0xb470e263cb90, 4376;
E_0xb470e2641e60/1095 .event anyedge, v0xb470e263cb90_4373, v0xb470e263cb90_4374, v0xb470e263cb90_4375, v0xb470e263cb90_4376;
v0xb470e263cb90_4377 .array/port v0xb470e263cb90, 4377;
v0xb470e263cb90_4378 .array/port v0xb470e263cb90, 4378;
v0xb470e263cb90_4379 .array/port v0xb470e263cb90, 4379;
v0xb470e263cb90_4380 .array/port v0xb470e263cb90, 4380;
E_0xb470e2641e60/1096 .event anyedge, v0xb470e263cb90_4377, v0xb470e263cb90_4378, v0xb470e263cb90_4379, v0xb470e263cb90_4380;
v0xb470e263cb90_4381 .array/port v0xb470e263cb90, 4381;
v0xb470e263cb90_4382 .array/port v0xb470e263cb90, 4382;
v0xb470e263cb90_4383 .array/port v0xb470e263cb90, 4383;
v0xb470e263cb90_4384 .array/port v0xb470e263cb90, 4384;
E_0xb470e2641e60/1097 .event anyedge, v0xb470e263cb90_4381, v0xb470e263cb90_4382, v0xb470e263cb90_4383, v0xb470e263cb90_4384;
v0xb470e263cb90_4385 .array/port v0xb470e263cb90, 4385;
v0xb470e263cb90_4386 .array/port v0xb470e263cb90, 4386;
v0xb470e263cb90_4387 .array/port v0xb470e263cb90, 4387;
v0xb470e263cb90_4388 .array/port v0xb470e263cb90, 4388;
E_0xb470e2641e60/1098 .event anyedge, v0xb470e263cb90_4385, v0xb470e263cb90_4386, v0xb470e263cb90_4387, v0xb470e263cb90_4388;
v0xb470e263cb90_4389 .array/port v0xb470e263cb90, 4389;
v0xb470e263cb90_4390 .array/port v0xb470e263cb90, 4390;
v0xb470e263cb90_4391 .array/port v0xb470e263cb90, 4391;
v0xb470e263cb90_4392 .array/port v0xb470e263cb90, 4392;
E_0xb470e2641e60/1099 .event anyedge, v0xb470e263cb90_4389, v0xb470e263cb90_4390, v0xb470e263cb90_4391, v0xb470e263cb90_4392;
v0xb470e263cb90_4393 .array/port v0xb470e263cb90, 4393;
v0xb470e263cb90_4394 .array/port v0xb470e263cb90, 4394;
v0xb470e263cb90_4395 .array/port v0xb470e263cb90, 4395;
v0xb470e263cb90_4396 .array/port v0xb470e263cb90, 4396;
E_0xb470e2641e60/1100 .event anyedge, v0xb470e263cb90_4393, v0xb470e263cb90_4394, v0xb470e263cb90_4395, v0xb470e263cb90_4396;
v0xb470e263cb90_4397 .array/port v0xb470e263cb90, 4397;
v0xb470e263cb90_4398 .array/port v0xb470e263cb90, 4398;
v0xb470e263cb90_4399 .array/port v0xb470e263cb90, 4399;
v0xb470e263cb90_4400 .array/port v0xb470e263cb90, 4400;
E_0xb470e2641e60/1101 .event anyedge, v0xb470e263cb90_4397, v0xb470e263cb90_4398, v0xb470e263cb90_4399, v0xb470e263cb90_4400;
v0xb470e263cb90_4401 .array/port v0xb470e263cb90, 4401;
v0xb470e263cb90_4402 .array/port v0xb470e263cb90, 4402;
v0xb470e263cb90_4403 .array/port v0xb470e263cb90, 4403;
v0xb470e263cb90_4404 .array/port v0xb470e263cb90, 4404;
E_0xb470e2641e60/1102 .event anyedge, v0xb470e263cb90_4401, v0xb470e263cb90_4402, v0xb470e263cb90_4403, v0xb470e263cb90_4404;
v0xb470e263cb90_4405 .array/port v0xb470e263cb90, 4405;
v0xb470e263cb90_4406 .array/port v0xb470e263cb90, 4406;
v0xb470e263cb90_4407 .array/port v0xb470e263cb90, 4407;
v0xb470e263cb90_4408 .array/port v0xb470e263cb90, 4408;
E_0xb470e2641e60/1103 .event anyedge, v0xb470e263cb90_4405, v0xb470e263cb90_4406, v0xb470e263cb90_4407, v0xb470e263cb90_4408;
v0xb470e263cb90_4409 .array/port v0xb470e263cb90, 4409;
v0xb470e263cb90_4410 .array/port v0xb470e263cb90, 4410;
v0xb470e263cb90_4411 .array/port v0xb470e263cb90, 4411;
v0xb470e263cb90_4412 .array/port v0xb470e263cb90, 4412;
E_0xb470e2641e60/1104 .event anyedge, v0xb470e263cb90_4409, v0xb470e263cb90_4410, v0xb470e263cb90_4411, v0xb470e263cb90_4412;
v0xb470e263cb90_4413 .array/port v0xb470e263cb90, 4413;
v0xb470e263cb90_4414 .array/port v0xb470e263cb90, 4414;
v0xb470e263cb90_4415 .array/port v0xb470e263cb90, 4415;
v0xb470e263cb90_4416 .array/port v0xb470e263cb90, 4416;
E_0xb470e2641e60/1105 .event anyedge, v0xb470e263cb90_4413, v0xb470e263cb90_4414, v0xb470e263cb90_4415, v0xb470e263cb90_4416;
v0xb470e263cb90_4417 .array/port v0xb470e263cb90, 4417;
v0xb470e263cb90_4418 .array/port v0xb470e263cb90, 4418;
v0xb470e263cb90_4419 .array/port v0xb470e263cb90, 4419;
v0xb470e263cb90_4420 .array/port v0xb470e263cb90, 4420;
E_0xb470e2641e60/1106 .event anyedge, v0xb470e263cb90_4417, v0xb470e263cb90_4418, v0xb470e263cb90_4419, v0xb470e263cb90_4420;
v0xb470e263cb90_4421 .array/port v0xb470e263cb90, 4421;
v0xb470e263cb90_4422 .array/port v0xb470e263cb90, 4422;
v0xb470e263cb90_4423 .array/port v0xb470e263cb90, 4423;
v0xb470e263cb90_4424 .array/port v0xb470e263cb90, 4424;
E_0xb470e2641e60/1107 .event anyedge, v0xb470e263cb90_4421, v0xb470e263cb90_4422, v0xb470e263cb90_4423, v0xb470e263cb90_4424;
v0xb470e263cb90_4425 .array/port v0xb470e263cb90, 4425;
v0xb470e263cb90_4426 .array/port v0xb470e263cb90, 4426;
v0xb470e263cb90_4427 .array/port v0xb470e263cb90, 4427;
v0xb470e263cb90_4428 .array/port v0xb470e263cb90, 4428;
E_0xb470e2641e60/1108 .event anyedge, v0xb470e263cb90_4425, v0xb470e263cb90_4426, v0xb470e263cb90_4427, v0xb470e263cb90_4428;
v0xb470e263cb90_4429 .array/port v0xb470e263cb90, 4429;
v0xb470e263cb90_4430 .array/port v0xb470e263cb90, 4430;
v0xb470e263cb90_4431 .array/port v0xb470e263cb90, 4431;
v0xb470e263cb90_4432 .array/port v0xb470e263cb90, 4432;
E_0xb470e2641e60/1109 .event anyedge, v0xb470e263cb90_4429, v0xb470e263cb90_4430, v0xb470e263cb90_4431, v0xb470e263cb90_4432;
v0xb470e263cb90_4433 .array/port v0xb470e263cb90, 4433;
v0xb470e263cb90_4434 .array/port v0xb470e263cb90, 4434;
v0xb470e263cb90_4435 .array/port v0xb470e263cb90, 4435;
v0xb470e263cb90_4436 .array/port v0xb470e263cb90, 4436;
E_0xb470e2641e60/1110 .event anyedge, v0xb470e263cb90_4433, v0xb470e263cb90_4434, v0xb470e263cb90_4435, v0xb470e263cb90_4436;
v0xb470e263cb90_4437 .array/port v0xb470e263cb90, 4437;
v0xb470e263cb90_4438 .array/port v0xb470e263cb90, 4438;
v0xb470e263cb90_4439 .array/port v0xb470e263cb90, 4439;
v0xb470e263cb90_4440 .array/port v0xb470e263cb90, 4440;
E_0xb470e2641e60/1111 .event anyedge, v0xb470e263cb90_4437, v0xb470e263cb90_4438, v0xb470e263cb90_4439, v0xb470e263cb90_4440;
v0xb470e263cb90_4441 .array/port v0xb470e263cb90, 4441;
v0xb470e263cb90_4442 .array/port v0xb470e263cb90, 4442;
v0xb470e263cb90_4443 .array/port v0xb470e263cb90, 4443;
v0xb470e263cb90_4444 .array/port v0xb470e263cb90, 4444;
E_0xb470e2641e60/1112 .event anyedge, v0xb470e263cb90_4441, v0xb470e263cb90_4442, v0xb470e263cb90_4443, v0xb470e263cb90_4444;
v0xb470e263cb90_4445 .array/port v0xb470e263cb90, 4445;
v0xb470e263cb90_4446 .array/port v0xb470e263cb90, 4446;
v0xb470e263cb90_4447 .array/port v0xb470e263cb90, 4447;
v0xb470e263cb90_4448 .array/port v0xb470e263cb90, 4448;
E_0xb470e2641e60/1113 .event anyedge, v0xb470e263cb90_4445, v0xb470e263cb90_4446, v0xb470e263cb90_4447, v0xb470e263cb90_4448;
v0xb470e263cb90_4449 .array/port v0xb470e263cb90, 4449;
v0xb470e263cb90_4450 .array/port v0xb470e263cb90, 4450;
v0xb470e263cb90_4451 .array/port v0xb470e263cb90, 4451;
v0xb470e263cb90_4452 .array/port v0xb470e263cb90, 4452;
E_0xb470e2641e60/1114 .event anyedge, v0xb470e263cb90_4449, v0xb470e263cb90_4450, v0xb470e263cb90_4451, v0xb470e263cb90_4452;
v0xb470e263cb90_4453 .array/port v0xb470e263cb90, 4453;
v0xb470e263cb90_4454 .array/port v0xb470e263cb90, 4454;
v0xb470e263cb90_4455 .array/port v0xb470e263cb90, 4455;
v0xb470e263cb90_4456 .array/port v0xb470e263cb90, 4456;
E_0xb470e2641e60/1115 .event anyedge, v0xb470e263cb90_4453, v0xb470e263cb90_4454, v0xb470e263cb90_4455, v0xb470e263cb90_4456;
v0xb470e263cb90_4457 .array/port v0xb470e263cb90, 4457;
v0xb470e263cb90_4458 .array/port v0xb470e263cb90, 4458;
v0xb470e263cb90_4459 .array/port v0xb470e263cb90, 4459;
v0xb470e263cb90_4460 .array/port v0xb470e263cb90, 4460;
E_0xb470e2641e60/1116 .event anyedge, v0xb470e263cb90_4457, v0xb470e263cb90_4458, v0xb470e263cb90_4459, v0xb470e263cb90_4460;
v0xb470e263cb90_4461 .array/port v0xb470e263cb90, 4461;
v0xb470e263cb90_4462 .array/port v0xb470e263cb90, 4462;
v0xb470e263cb90_4463 .array/port v0xb470e263cb90, 4463;
v0xb470e263cb90_4464 .array/port v0xb470e263cb90, 4464;
E_0xb470e2641e60/1117 .event anyedge, v0xb470e263cb90_4461, v0xb470e263cb90_4462, v0xb470e263cb90_4463, v0xb470e263cb90_4464;
v0xb470e263cb90_4465 .array/port v0xb470e263cb90, 4465;
v0xb470e263cb90_4466 .array/port v0xb470e263cb90, 4466;
v0xb470e263cb90_4467 .array/port v0xb470e263cb90, 4467;
v0xb470e263cb90_4468 .array/port v0xb470e263cb90, 4468;
E_0xb470e2641e60/1118 .event anyedge, v0xb470e263cb90_4465, v0xb470e263cb90_4466, v0xb470e263cb90_4467, v0xb470e263cb90_4468;
v0xb470e263cb90_4469 .array/port v0xb470e263cb90, 4469;
v0xb470e263cb90_4470 .array/port v0xb470e263cb90, 4470;
v0xb470e263cb90_4471 .array/port v0xb470e263cb90, 4471;
v0xb470e263cb90_4472 .array/port v0xb470e263cb90, 4472;
E_0xb470e2641e60/1119 .event anyedge, v0xb470e263cb90_4469, v0xb470e263cb90_4470, v0xb470e263cb90_4471, v0xb470e263cb90_4472;
v0xb470e263cb90_4473 .array/port v0xb470e263cb90, 4473;
v0xb470e263cb90_4474 .array/port v0xb470e263cb90, 4474;
v0xb470e263cb90_4475 .array/port v0xb470e263cb90, 4475;
v0xb470e263cb90_4476 .array/port v0xb470e263cb90, 4476;
E_0xb470e2641e60/1120 .event anyedge, v0xb470e263cb90_4473, v0xb470e263cb90_4474, v0xb470e263cb90_4475, v0xb470e263cb90_4476;
v0xb470e263cb90_4477 .array/port v0xb470e263cb90, 4477;
v0xb470e263cb90_4478 .array/port v0xb470e263cb90, 4478;
v0xb470e263cb90_4479 .array/port v0xb470e263cb90, 4479;
v0xb470e263cb90_4480 .array/port v0xb470e263cb90, 4480;
E_0xb470e2641e60/1121 .event anyedge, v0xb470e263cb90_4477, v0xb470e263cb90_4478, v0xb470e263cb90_4479, v0xb470e263cb90_4480;
v0xb470e263cb90_4481 .array/port v0xb470e263cb90, 4481;
v0xb470e263cb90_4482 .array/port v0xb470e263cb90, 4482;
v0xb470e263cb90_4483 .array/port v0xb470e263cb90, 4483;
v0xb470e263cb90_4484 .array/port v0xb470e263cb90, 4484;
E_0xb470e2641e60/1122 .event anyedge, v0xb470e263cb90_4481, v0xb470e263cb90_4482, v0xb470e263cb90_4483, v0xb470e263cb90_4484;
v0xb470e263cb90_4485 .array/port v0xb470e263cb90, 4485;
v0xb470e263cb90_4486 .array/port v0xb470e263cb90, 4486;
v0xb470e263cb90_4487 .array/port v0xb470e263cb90, 4487;
v0xb470e263cb90_4488 .array/port v0xb470e263cb90, 4488;
E_0xb470e2641e60/1123 .event anyedge, v0xb470e263cb90_4485, v0xb470e263cb90_4486, v0xb470e263cb90_4487, v0xb470e263cb90_4488;
v0xb470e263cb90_4489 .array/port v0xb470e263cb90, 4489;
v0xb470e263cb90_4490 .array/port v0xb470e263cb90, 4490;
v0xb470e263cb90_4491 .array/port v0xb470e263cb90, 4491;
v0xb470e263cb90_4492 .array/port v0xb470e263cb90, 4492;
E_0xb470e2641e60/1124 .event anyedge, v0xb470e263cb90_4489, v0xb470e263cb90_4490, v0xb470e263cb90_4491, v0xb470e263cb90_4492;
v0xb470e263cb90_4493 .array/port v0xb470e263cb90, 4493;
v0xb470e263cb90_4494 .array/port v0xb470e263cb90, 4494;
v0xb470e263cb90_4495 .array/port v0xb470e263cb90, 4495;
v0xb470e263cb90_4496 .array/port v0xb470e263cb90, 4496;
E_0xb470e2641e60/1125 .event anyedge, v0xb470e263cb90_4493, v0xb470e263cb90_4494, v0xb470e263cb90_4495, v0xb470e263cb90_4496;
v0xb470e263cb90_4497 .array/port v0xb470e263cb90, 4497;
v0xb470e263cb90_4498 .array/port v0xb470e263cb90, 4498;
v0xb470e263cb90_4499 .array/port v0xb470e263cb90, 4499;
v0xb470e263cb90_4500 .array/port v0xb470e263cb90, 4500;
E_0xb470e2641e60/1126 .event anyedge, v0xb470e263cb90_4497, v0xb470e263cb90_4498, v0xb470e263cb90_4499, v0xb470e263cb90_4500;
v0xb470e263cb90_4501 .array/port v0xb470e263cb90, 4501;
v0xb470e263cb90_4502 .array/port v0xb470e263cb90, 4502;
v0xb470e263cb90_4503 .array/port v0xb470e263cb90, 4503;
v0xb470e263cb90_4504 .array/port v0xb470e263cb90, 4504;
E_0xb470e2641e60/1127 .event anyedge, v0xb470e263cb90_4501, v0xb470e263cb90_4502, v0xb470e263cb90_4503, v0xb470e263cb90_4504;
v0xb470e263cb90_4505 .array/port v0xb470e263cb90, 4505;
v0xb470e263cb90_4506 .array/port v0xb470e263cb90, 4506;
v0xb470e263cb90_4507 .array/port v0xb470e263cb90, 4507;
v0xb470e263cb90_4508 .array/port v0xb470e263cb90, 4508;
E_0xb470e2641e60/1128 .event anyedge, v0xb470e263cb90_4505, v0xb470e263cb90_4506, v0xb470e263cb90_4507, v0xb470e263cb90_4508;
v0xb470e263cb90_4509 .array/port v0xb470e263cb90, 4509;
v0xb470e263cb90_4510 .array/port v0xb470e263cb90, 4510;
v0xb470e263cb90_4511 .array/port v0xb470e263cb90, 4511;
v0xb470e263cb90_4512 .array/port v0xb470e263cb90, 4512;
E_0xb470e2641e60/1129 .event anyedge, v0xb470e263cb90_4509, v0xb470e263cb90_4510, v0xb470e263cb90_4511, v0xb470e263cb90_4512;
v0xb470e263cb90_4513 .array/port v0xb470e263cb90, 4513;
v0xb470e263cb90_4514 .array/port v0xb470e263cb90, 4514;
v0xb470e263cb90_4515 .array/port v0xb470e263cb90, 4515;
v0xb470e263cb90_4516 .array/port v0xb470e263cb90, 4516;
E_0xb470e2641e60/1130 .event anyedge, v0xb470e263cb90_4513, v0xb470e263cb90_4514, v0xb470e263cb90_4515, v0xb470e263cb90_4516;
v0xb470e263cb90_4517 .array/port v0xb470e263cb90, 4517;
v0xb470e263cb90_4518 .array/port v0xb470e263cb90, 4518;
v0xb470e263cb90_4519 .array/port v0xb470e263cb90, 4519;
v0xb470e263cb90_4520 .array/port v0xb470e263cb90, 4520;
E_0xb470e2641e60/1131 .event anyedge, v0xb470e263cb90_4517, v0xb470e263cb90_4518, v0xb470e263cb90_4519, v0xb470e263cb90_4520;
v0xb470e263cb90_4521 .array/port v0xb470e263cb90, 4521;
v0xb470e263cb90_4522 .array/port v0xb470e263cb90, 4522;
v0xb470e263cb90_4523 .array/port v0xb470e263cb90, 4523;
v0xb470e263cb90_4524 .array/port v0xb470e263cb90, 4524;
E_0xb470e2641e60/1132 .event anyedge, v0xb470e263cb90_4521, v0xb470e263cb90_4522, v0xb470e263cb90_4523, v0xb470e263cb90_4524;
v0xb470e263cb90_4525 .array/port v0xb470e263cb90, 4525;
v0xb470e263cb90_4526 .array/port v0xb470e263cb90, 4526;
v0xb470e263cb90_4527 .array/port v0xb470e263cb90, 4527;
v0xb470e263cb90_4528 .array/port v0xb470e263cb90, 4528;
E_0xb470e2641e60/1133 .event anyedge, v0xb470e263cb90_4525, v0xb470e263cb90_4526, v0xb470e263cb90_4527, v0xb470e263cb90_4528;
v0xb470e263cb90_4529 .array/port v0xb470e263cb90, 4529;
v0xb470e263cb90_4530 .array/port v0xb470e263cb90, 4530;
v0xb470e263cb90_4531 .array/port v0xb470e263cb90, 4531;
v0xb470e263cb90_4532 .array/port v0xb470e263cb90, 4532;
E_0xb470e2641e60/1134 .event anyedge, v0xb470e263cb90_4529, v0xb470e263cb90_4530, v0xb470e263cb90_4531, v0xb470e263cb90_4532;
v0xb470e263cb90_4533 .array/port v0xb470e263cb90, 4533;
v0xb470e263cb90_4534 .array/port v0xb470e263cb90, 4534;
v0xb470e263cb90_4535 .array/port v0xb470e263cb90, 4535;
v0xb470e263cb90_4536 .array/port v0xb470e263cb90, 4536;
E_0xb470e2641e60/1135 .event anyedge, v0xb470e263cb90_4533, v0xb470e263cb90_4534, v0xb470e263cb90_4535, v0xb470e263cb90_4536;
v0xb470e263cb90_4537 .array/port v0xb470e263cb90, 4537;
v0xb470e263cb90_4538 .array/port v0xb470e263cb90, 4538;
v0xb470e263cb90_4539 .array/port v0xb470e263cb90, 4539;
v0xb470e263cb90_4540 .array/port v0xb470e263cb90, 4540;
E_0xb470e2641e60/1136 .event anyedge, v0xb470e263cb90_4537, v0xb470e263cb90_4538, v0xb470e263cb90_4539, v0xb470e263cb90_4540;
v0xb470e263cb90_4541 .array/port v0xb470e263cb90, 4541;
v0xb470e263cb90_4542 .array/port v0xb470e263cb90, 4542;
v0xb470e263cb90_4543 .array/port v0xb470e263cb90, 4543;
v0xb470e263cb90_4544 .array/port v0xb470e263cb90, 4544;
E_0xb470e2641e60/1137 .event anyedge, v0xb470e263cb90_4541, v0xb470e263cb90_4542, v0xb470e263cb90_4543, v0xb470e263cb90_4544;
v0xb470e263cb90_4545 .array/port v0xb470e263cb90, 4545;
v0xb470e263cb90_4546 .array/port v0xb470e263cb90, 4546;
v0xb470e263cb90_4547 .array/port v0xb470e263cb90, 4547;
v0xb470e263cb90_4548 .array/port v0xb470e263cb90, 4548;
E_0xb470e2641e60/1138 .event anyedge, v0xb470e263cb90_4545, v0xb470e263cb90_4546, v0xb470e263cb90_4547, v0xb470e263cb90_4548;
v0xb470e263cb90_4549 .array/port v0xb470e263cb90, 4549;
v0xb470e263cb90_4550 .array/port v0xb470e263cb90, 4550;
v0xb470e263cb90_4551 .array/port v0xb470e263cb90, 4551;
v0xb470e263cb90_4552 .array/port v0xb470e263cb90, 4552;
E_0xb470e2641e60/1139 .event anyedge, v0xb470e263cb90_4549, v0xb470e263cb90_4550, v0xb470e263cb90_4551, v0xb470e263cb90_4552;
v0xb470e263cb90_4553 .array/port v0xb470e263cb90, 4553;
v0xb470e263cb90_4554 .array/port v0xb470e263cb90, 4554;
v0xb470e263cb90_4555 .array/port v0xb470e263cb90, 4555;
v0xb470e263cb90_4556 .array/port v0xb470e263cb90, 4556;
E_0xb470e2641e60/1140 .event anyedge, v0xb470e263cb90_4553, v0xb470e263cb90_4554, v0xb470e263cb90_4555, v0xb470e263cb90_4556;
v0xb470e263cb90_4557 .array/port v0xb470e263cb90, 4557;
v0xb470e263cb90_4558 .array/port v0xb470e263cb90, 4558;
v0xb470e263cb90_4559 .array/port v0xb470e263cb90, 4559;
v0xb470e263cb90_4560 .array/port v0xb470e263cb90, 4560;
E_0xb470e2641e60/1141 .event anyedge, v0xb470e263cb90_4557, v0xb470e263cb90_4558, v0xb470e263cb90_4559, v0xb470e263cb90_4560;
v0xb470e263cb90_4561 .array/port v0xb470e263cb90, 4561;
v0xb470e263cb90_4562 .array/port v0xb470e263cb90, 4562;
v0xb470e263cb90_4563 .array/port v0xb470e263cb90, 4563;
v0xb470e263cb90_4564 .array/port v0xb470e263cb90, 4564;
E_0xb470e2641e60/1142 .event anyedge, v0xb470e263cb90_4561, v0xb470e263cb90_4562, v0xb470e263cb90_4563, v0xb470e263cb90_4564;
v0xb470e263cb90_4565 .array/port v0xb470e263cb90, 4565;
v0xb470e263cb90_4566 .array/port v0xb470e263cb90, 4566;
v0xb470e263cb90_4567 .array/port v0xb470e263cb90, 4567;
v0xb470e263cb90_4568 .array/port v0xb470e263cb90, 4568;
E_0xb470e2641e60/1143 .event anyedge, v0xb470e263cb90_4565, v0xb470e263cb90_4566, v0xb470e263cb90_4567, v0xb470e263cb90_4568;
v0xb470e263cb90_4569 .array/port v0xb470e263cb90, 4569;
v0xb470e263cb90_4570 .array/port v0xb470e263cb90, 4570;
v0xb470e263cb90_4571 .array/port v0xb470e263cb90, 4571;
v0xb470e263cb90_4572 .array/port v0xb470e263cb90, 4572;
E_0xb470e2641e60/1144 .event anyedge, v0xb470e263cb90_4569, v0xb470e263cb90_4570, v0xb470e263cb90_4571, v0xb470e263cb90_4572;
v0xb470e263cb90_4573 .array/port v0xb470e263cb90, 4573;
v0xb470e263cb90_4574 .array/port v0xb470e263cb90, 4574;
v0xb470e263cb90_4575 .array/port v0xb470e263cb90, 4575;
v0xb470e263cb90_4576 .array/port v0xb470e263cb90, 4576;
E_0xb470e2641e60/1145 .event anyedge, v0xb470e263cb90_4573, v0xb470e263cb90_4574, v0xb470e263cb90_4575, v0xb470e263cb90_4576;
v0xb470e263cb90_4577 .array/port v0xb470e263cb90, 4577;
v0xb470e263cb90_4578 .array/port v0xb470e263cb90, 4578;
v0xb470e263cb90_4579 .array/port v0xb470e263cb90, 4579;
v0xb470e263cb90_4580 .array/port v0xb470e263cb90, 4580;
E_0xb470e2641e60/1146 .event anyedge, v0xb470e263cb90_4577, v0xb470e263cb90_4578, v0xb470e263cb90_4579, v0xb470e263cb90_4580;
v0xb470e263cb90_4581 .array/port v0xb470e263cb90, 4581;
v0xb470e263cb90_4582 .array/port v0xb470e263cb90, 4582;
v0xb470e263cb90_4583 .array/port v0xb470e263cb90, 4583;
v0xb470e263cb90_4584 .array/port v0xb470e263cb90, 4584;
E_0xb470e2641e60/1147 .event anyedge, v0xb470e263cb90_4581, v0xb470e263cb90_4582, v0xb470e263cb90_4583, v0xb470e263cb90_4584;
v0xb470e263cb90_4585 .array/port v0xb470e263cb90, 4585;
v0xb470e263cb90_4586 .array/port v0xb470e263cb90, 4586;
v0xb470e263cb90_4587 .array/port v0xb470e263cb90, 4587;
v0xb470e263cb90_4588 .array/port v0xb470e263cb90, 4588;
E_0xb470e2641e60/1148 .event anyedge, v0xb470e263cb90_4585, v0xb470e263cb90_4586, v0xb470e263cb90_4587, v0xb470e263cb90_4588;
v0xb470e263cb90_4589 .array/port v0xb470e263cb90, 4589;
v0xb470e263cb90_4590 .array/port v0xb470e263cb90, 4590;
v0xb470e263cb90_4591 .array/port v0xb470e263cb90, 4591;
v0xb470e263cb90_4592 .array/port v0xb470e263cb90, 4592;
E_0xb470e2641e60/1149 .event anyedge, v0xb470e263cb90_4589, v0xb470e263cb90_4590, v0xb470e263cb90_4591, v0xb470e263cb90_4592;
v0xb470e263cb90_4593 .array/port v0xb470e263cb90, 4593;
v0xb470e263cb90_4594 .array/port v0xb470e263cb90, 4594;
v0xb470e263cb90_4595 .array/port v0xb470e263cb90, 4595;
v0xb470e263cb90_4596 .array/port v0xb470e263cb90, 4596;
E_0xb470e2641e60/1150 .event anyedge, v0xb470e263cb90_4593, v0xb470e263cb90_4594, v0xb470e263cb90_4595, v0xb470e263cb90_4596;
v0xb470e263cb90_4597 .array/port v0xb470e263cb90, 4597;
v0xb470e263cb90_4598 .array/port v0xb470e263cb90, 4598;
v0xb470e263cb90_4599 .array/port v0xb470e263cb90, 4599;
v0xb470e263cb90_4600 .array/port v0xb470e263cb90, 4600;
E_0xb470e2641e60/1151 .event anyedge, v0xb470e263cb90_4597, v0xb470e263cb90_4598, v0xb470e263cb90_4599, v0xb470e263cb90_4600;
v0xb470e263cb90_4601 .array/port v0xb470e263cb90, 4601;
v0xb470e263cb90_4602 .array/port v0xb470e263cb90, 4602;
v0xb470e263cb90_4603 .array/port v0xb470e263cb90, 4603;
v0xb470e263cb90_4604 .array/port v0xb470e263cb90, 4604;
E_0xb470e2641e60/1152 .event anyedge, v0xb470e263cb90_4601, v0xb470e263cb90_4602, v0xb470e263cb90_4603, v0xb470e263cb90_4604;
v0xb470e263cb90_4605 .array/port v0xb470e263cb90, 4605;
v0xb470e263cb90_4606 .array/port v0xb470e263cb90, 4606;
v0xb470e263cb90_4607 .array/port v0xb470e263cb90, 4607;
v0xb470e263cb90_4608 .array/port v0xb470e263cb90, 4608;
E_0xb470e2641e60/1153 .event anyedge, v0xb470e263cb90_4605, v0xb470e263cb90_4606, v0xb470e263cb90_4607, v0xb470e263cb90_4608;
v0xb470e263cb90_4609 .array/port v0xb470e263cb90, 4609;
v0xb470e263cb90_4610 .array/port v0xb470e263cb90, 4610;
v0xb470e263cb90_4611 .array/port v0xb470e263cb90, 4611;
v0xb470e263cb90_4612 .array/port v0xb470e263cb90, 4612;
E_0xb470e2641e60/1154 .event anyedge, v0xb470e263cb90_4609, v0xb470e263cb90_4610, v0xb470e263cb90_4611, v0xb470e263cb90_4612;
v0xb470e263cb90_4613 .array/port v0xb470e263cb90, 4613;
v0xb470e263cb90_4614 .array/port v0xb470e263cb90, 4614;
v0xb470e263cb90_4615 .array/port v0xb470e263cb90, 4615;
v0xb470e263cb90_4616 .array/port v0xb470e263cb90, 4616;
E_0xb470e2641e60/1155 .event anyedge, v0xb470e263cb90_4613, v0xb470e263cb90_4614, v0xb470e263cb90_4615, v0xb470e263cb90_4616;
v0xb470e263cb90_4617 .array/port v0xb470e263cb90, 4617;
v0xb470e263cb90_4618 .array/port v0xb470e263cb90, 4618;
v0xb470e263cb90_4619 .array/port v0xb470e263cb90, 4619;
v0xb470e263cb90_4620 .array/port v0xb470e263cb90, 4620;
E_0xb470e2641e60/1156 .event anyedge, v0xb470e263cb90_4617, v0xb470e263cb90_4618, v0xb470e263cb90_4619, v0xb470e263cb90_4620;
v0xb470e263cb90_4621 .array/port v0xb470e263cb90, 4621;
v0xb470e263cb90_4622 .array/port v0xb470e263cb90, 4622;
v0xb470e263cb90_4623 .array/port v0xb470e263cb90, 4623;
v0xb470e263cb90_4624 .array/port v0xb470e263cb90, 4624;
E_0xb470e2641e60/1157 .event anyedge, v0xb470e263cb90_4621, v0xb470e263cb90_4622, v0xb470e263cb90_4623, v0xb470e263cb90_4624;
v0xb470e263cb90_4625 .array/port v0xb470e263cb90, 4625;
v0xb470e263cb90_4626 .array/port v0xb470e263cb90, 4626;
v0xb470e263cb90_4627 .array/port v0xb470e263cb90, 4627;
v0xb470e263cb90_4628 .array/port v0xb470e263cb90, 4628;
E_0xb470e2641e60/1158 .event anyedge, v0xb470e263cb90_4625, v0xb470e263cb90_4626, v0xb470e263cb90_4627, v0xb470e263cb90_4628;
v0xb470e263cb90_4629 .array/port v0xb470e263cb90, 4629;
v0xb470e263cb90_4630 .array/port v0xb470e263cb90, 4630;
v0xb470e263cb90_4631 .array/port v0xb470e263cb90, 4631;
v0xb470e263cb90_4632 .array/port v0xb470e263cb90, 4632;
E_0xb470e2641e60/1159 .event anyedge, v0xb470e263cb90_4629, v0xb470e263cb90_4630, v0xb470e263cb90_4631, v0xb470e263cb90_4632;
v0xb470e263cb90_4633 .array/port v0xb470e263cb90, 4633;
v0xb470e263cb90_4634 .array/port v0xb470e263cb90, 4634;
v0xb470e263cb90_4635 .array/port v0xb470e263cb90, 4635;
v0xb470e263cb90_4636 .array/port v0xb470e263cb90, 4636;
E_0xb470e2641e60/1160 .event anyedge, v0xb470e263cb90_4633, v0xb470e263cb90_4634, v0xb470e263cb90_4635, v0xb470e263cb90_4636;
v0xb470e263cb90_4637 .array/port v0xb470e263cb90, 4637;
v0xb470e263cb90_4638 .array/port v0xb470e263cb90, 4638;
v0xb470e263cb90_4639 .array/port v0xb470e263cb90, 4639;
v0xb470e263cb90_4640 .array/port v0xb470e263cb90, 4640;
E_0xb470e2641e60/1161 .event anyedge, v0xb470e263cb90_4637, v0xb470e263cb90_4638, v0xb470e263cb90_4639, v0xb470e263cb90_4640;
v0xb470e263cb90_4641 .array/port v0xb470e263cb90, 4641;
v0xb470e263cb90_4642 .array/port v0xb470e263cb90, 4642;
v0xb470e263cb90_4643 .array/port v0xb470e263cb90, 4643;
v0xb470e263cb90_4644 .array/port v0xb470e263cb90, 4644;
E_0xb470e2641e60/1162 .event anyedge, v0xb470e263cb90_4641, v0xb470e263cb90_4642, v0xb470e263cb90_4643, v0xb470e263cb90_4644;
v0xb470e263cb90_4645 .array/port v0xb470e263cb90, 4645;
v0xb470e263cb90_4646 .array/port v0xb470e263cb90, 4646;
v0xb470e263cb90_4647 .array/port v0xb470e263cb90, 4647;
v0xb470e263cb90_4648 .array/port v0xb470e263cb90, 4648;
E_0xb470e2641e60/1163 .event anyedge, v0xb470e263cb90_4645, v0xb470e263cb90_4646, v0xb470e263cb90_4647, v0xb470e263cb90_4648;
v0xb470e263cb90_4649 .array/port v0xb470e263cb90, 4649;
v0xb470e263cb90_4650 .array/port v0xb470e263cb90, 4650;
v0xb470e263cb90_4651 .array/port v0xb470e263cb90, 4651;
v0xb470e263cb90_4652 .array/port v0xb470e263cb90, 4652;
E_0xb470e2641e60/1164 .event anyedge, v0xb470e263cb90_4649, v0xb470e263cb90_4650, v0xb470e263cb90_4651, v0xb470e263cb90_4652;
v0xb470e263cb90_4653 .array/port v0xb470e263cb90, 4653;
v0xb470e263cb90_4654 .array/port v0xb470e263cb90, 4654;
v0xb470e263cb90_4655 .array/port v0xb470e263cb90, 4655;
v0xb470e263cb90_4656 .array/port v0xb470e263cb90, 4656;
E_0xb470e2641e60/1165 .event anyedge, v0xb470e263cb90_4653, v0xb470e263cb90_4654, v0xb470e263cb90_4655, v0xb470e263cb90_4656;
v0xb470e263cb90_4657 .array/port v0xb470e263cb90, 4657;
v0xb470e263cb90_4658 .array/port v0xb470e263cb90, 4658;
v0xb470e263cb90_4659 .array/port v0xb470e263cb90, 4659;
v0xb470e263cb90_4660 .array/port v0xb470e263cb90, 4660;
E_0xb470e2641e60/1166 .event anyedge, v0xb470e263cb90_4657, v0xb470e263cb90_4658, v0xb470e263cb90_4659, v0xb470e263cb90_4660;
v0xb470e263cb90_4661 .array/port v0xb470e263cb90, 4661;
v0xb470e263cb90_4662 .array/port v0xb470e263cb90, 4662;
v0xb470e263cb90_4663 .array/port v0xb470e263cb90, 4663;
v0xb470e263cb90_4664 .array/port v0xb470e263cb90, 4664;
E_0xb470e2641e60/1167 .event anyedge, v0xb470e263cb90_4661, v0xb470e263cb90_4662, v0xb470e263cb90_4663, v0xb470e263cb90_4664;
v0xb470e263cb90_4665 .array/port v0xb470e263cb90, 4665;
v0xb470e263cb90_4666 .array/port v0xb470e263cb90, 4666;
v0xb470e263cb90_4667 .array/port v0xb470e263cb90, 4667;
v0xb470e263cb90_4668 .array/port v0xb470e263cb90, 4668;
E_0xb470e2641e60/1168 .event anyedge, v0xb470e263cb90_4665, v0xb470e263cb90_4666, v0xb470e263cb90_4667, v0xb470e263cb90_4668;
v0xb470e263cb90_4669 .array/port v0xb470e263cb90, 4669;
v0xb470e263cb90_4670 .array/port v0xb470e263cb90, 4670;
v0xb470e263cb90_4671 .array/port v0xb470e263cb90, 4671;
v0xb470e263cb90_4672 .array/port v0xb470e263cb90, 4672;
E_0xb470e2641e60/1169 .event anyedge, v0xb470e263cb90_4669, v0xb470e263cb90_4670, v0xb470e263cb90_4671, v0xb470e263cb90_4672;
v0xb470e263cb90_4673 .array/port v0xb470e263cb90, 4673;
v0xb470e263cb90_4674 .array/port v0xb470e263cb90, 4674;
v0xb470e263cb90_4675 .array/port v0xb470e263cb90, 4675;
v0xb470e263cb90_4676 .array/port v0xb470e263cb90, 4676;
E_0xb470e2641e60/1170 .event anyedge, v0xb470e263cb90_4673, v0xb470e263cb90_4674, v0xb470e263cb90_4675, v0xb470e263cb90_4676;
v0xb470e263cb90_4677 .array/port v0xb470e263cb90, 4677;
v0xb470e263cb90_4678 .array/port v0xb470e263cb90, 4678;
v0xb470e263cb90_4679 .array/port v0xb470e263cb90, 4679;
v0xb470e263cb90_4680 .array/port v0xb470e263cb90, 4680;
E_0xb470e2641e60/1171 .event anyedge, v0xb470e263cb90_4677, v0xb470e263cb90_4678, v0xb470e263cb90_4679, v0xb470e263cb90_4680;
v0xb470e263cb90_4681 .array/port v0xb470e263cb90, 4681;
v0xb470e263cb90_4682 .array/port v0xb470e263cb90, 4682;
v0xb470e263cb90_4683 .array/port v0xb470e263cb90, 4683;
v0xb470e263cb90_4684 .array/port v0xb470e263cb90, 4684;
E_0xb470e2641e60/1172 .event anyedge, v0xb470e263cb90_4681, v0xb470e263cb90_4682, v0xb470e263cb90_4683, v0xb470e263cb90_4684;
v0xb470e263cb90_4685 .array/port v0xb470e263cb90, 4685;
v0xb470e263cb90_4686 .array/port v0xb470e263cb90, 4686;
v0xb470e263cb90_4687 .array/port v0xb470e263cb90, 4687;
v0xb470e263cb90_4688 .array/port v0xb470e263cb90, 4688;
E_0xb470e2641e60/1173 .event anyedge, v0xb470e263cb90_4685, v0xb470e263cb90_4686, v0xb470e263cb90_4687, v0xb470e263cb90_4688;
v0xb470e263cb90_4689 .array/port v0xb470e263cb90, 4689;
v0xb470e263cb90_4690 .array/port v0xb470e263cb90, 4690;
v0xb470e263cb90_4691 .array/port v0xb470e263cb90, 4691;
v0xb470e263cb90_4692 .array/port v0xb470e263cb90, 4692;
E_0xb470e2641e60/1174 .event anyedge, v0xb470e263cb90_4689, v0xb470e263cb90_4690, v0xb470e263cb90_4691, v0xb470e263cb90_4692;
v0xb470e263cb90_4693 .array/port v0xb470e263cb90, 4693;
v0xb470e263cb90_4694 .array/port v0xb470e263cb90, 4694;
v0xb470e263cb90_4695 .array/port v0xb470e263cb90, 4695;
v0xb470e263cb90_4696 .array/port v0xb470e263cb90, 4696;
E_0xb470e2641e60/1175 .event anyedge, v0xb470e263cb90_4693, v0xb470e263cb90_4694, v0xb470e263cb90_4695, v0xb470e263cb90_4696;
v0xb470e263cb90_4697 .array/port v0xb470e263cb90, 4697;
v0xb470e263cb90_4698 .array/port v0xb470e263cb90, 4698;
v0xb470e263cb90_4699 .array/port v0xb470e263cb90, 4699;
v0xb470e263cb90_4700 .array/port v0xb470e263cb90, 4700;
E_0xb470e2641e60/1176 .event anyedge, v0xb470e263cb90_4697, v0xb470e263cb90_4698, v0xb470e263cb90_4699, v0xb470e263cb90_4700;
v0xb470e263cb90_4701 .array/port v0xb470e263cb90, 4701;
v0xb470e263cb90_4702 .array/port v0xb470e263cb90, 4702;
v0xb470e263cb90_4703 .array/port v0xb470e263cb90, 4703;
v0xb470e263cb90_4704 .array/port v0xb470e263cb90, 4704;
E_0xb470e2641e60/1177 .event anyedge, v0xb470e263cb90_4701, v0xb470e263cb90_4702, v0xb470e263cb90_4703, v0xb470e263cb90_4704;
v0xb470e263cb90_4705 .array/port v0xb470e263cb90, 4705;
v0xb470e263cb90_4706 .array/port v0xb470e263cb90, 4706;
v0xb470e263cb90_4707 .array/port v0xb470e263cb90, 4707;
v0xb470e263cb90_4708 .array/port v0xb470e263cb90, 4708;
E_0xb470e2641e60/1178 .event anyedge, v0xb470e263cb90_4705, v0xb470e263cb90_4706, v0xb470e263cb90_4707, v0xb470e263cb90_4708;
v0xb470e263cb90_4709 .array/port v0xb470e263cb90, 4709;
v0xb470e263cb90_4710 .array/port v0xb470e263cb90, 4710;
v0xb470e263cb90_4711 .array/port v0xb470e263cb90, 4711;
v0xb470e263cb90_4712 .array/port v0xb470e263cb90, 4712;
E_0xb470e2641e60/1179 .event anyedge, v0xb470e263cb90_4709, v0xb470e263cb90_4710, v0xb470e263cb90_4711, v0xb470e263cb90_4712;
v0xb470e263cb90_4713 .array/port v0xb470e263cb90, 4713;
v0xb470e263cb90_4714 .array/port v0xb470e263cb90, 4714;
v0xb470e263cb90_4715 .array/port v0xb470e263cb90, 4715;
v0xb470e263cb90_4716 .array/port v0xb470e263cb90, 4716;
E_0xb470e2641e60/1180 .event anyedge, v0xb470e263cb90_4713, v0xb470e263cb90_4714, v0xb470e263cb90_4715, v0xb470e263cb90_4716;
v0xb470e263cb90_4717 .array/port v0xb470e263cb90, 4717;
v0xb470e263cb90_4718 .array/port v0xb470e263cb90, 4718;
v0xb470e263cb90_4719 .array/port v0xb470e263cb90, 4719;
v0xb470e263cb90_4720 .array/port v0xb470e263cb90, 4720;
E_0xb470e2641e60/1181 .event anyedge, v0xb470e263cb90_4717, v0xb470e263cb90_4718, v0xb470e263cb90_4719, v0xb470e263cb90_4720;
v0xb470e263cb90_4721 .array/port v0xb470e263cb90, 4721;
v0xb470e263cb90_4722 .array/port v0xb470e263cb90, 4722;
v0xb470e263cb90_4723 .array/port v0xb470e263cb90, 4723;
v0xb470e263cb90_4724 .array/port v0xb470e263cb90, 4724;
E_0xb470e2641e60/1182 .event anyedge, v0xb470e263cb90_4721, v0xb470e263cb90_4722, v0xb470e263cb90_4723, v0xb470e263cb90_4724;
v0xb470e263cb90_4725 .array/port v0xb470e263cb90, 4725;
v0xb470e263cb90_4726 .array/port v0xb470e263cb90, 4726;
v0xb470e263cb90_4727 .array/port v0xb470e263cb90, 4727;
v0xb470e263cb90_4728 .array/port v0xb470e263cb90, 4728;
E_0xb470e2641e60/1183 .event anyedge, v0xb470e263cb90_4725, v0xb470e263cb90_4726, v0xb470e263cb90_4727, v0xb470e263cb90_4728;
v0xb470e263cb90_4729 .array/port v0xb470e263cb90, 4729;
v0xb470e263cb90_4730 .array/port v0xb470e263cb90, 4730;
v0xb470e263cb90_4731 .array/port v0xb470e263cb90, 4731;
v0xb470e263cb90_4732 .array/port v0xb470e263cb90, 4732;
E_0xb470e2641e60/1184 .event anyedge, v0xb470e263cb90_4729, v0xb470e263cb90_4730, v0xb470e263cb90_4731, v0xb470e263cb90_4732;
v0xb470e263cb90_4733 .array/port v0xb470e263cb90, 4733;
v0xb470e263cb90_4734 .array/port v0xb470e263cb90, 4734;
v0xb470e263cb90_4735 .array/port v0xb470e263cb90, 4735;
v0xb470e263cb90_4736 .array/port v0xb470e263cb90, 4736;
E_0xb470e2641e60/1185 .event anyedge, v0xb470e263cb90_4733, v0xb470e263cb90_4734, v0xb470e263cb90_4735, v0xb470e263cb90_4736;
v0xb470e263cb90_4737 .array/port v0xb470e263cb90, 4737;
v0xb470e263cb90_4738 .array/port v0xb470e263cb90, 4738;
v0xb470e263cb90_4739 .array/port v0xb470e263cb90, 4739;
v0xb470e263cb90_4740 .array/port v0xb470e263cb90, 4740;
E_0xb470e2641e60/1186 .event anyedge, v0xb470e263cb90_4737, v0xb470e263cb90_4738, v0xb470e263cb90_4739, v0xb470e263cb90_4740;
v0xb470e263cb90_4741 .array/port v0xb470e263cb90, 4741;
v0xb470e263cb90_4742 .array/port v0xb470e263cb90, 4742;
v0xb470e263cb90_4743 .array/port v0xb470e263cb90, 4743;
v0xb470e263cb90_4744 .array/port v0xb470e263cb90, 4744;
E_0xb470e2641e60/1187 .event anyedge, v0xb470e263cb90_4741, v0xb470e263cb90_4742, v0xb470e263cb90_4743, v0xb470e263cb90_4744;
v0xb470e263cb90_4745 .array/port v0xb470e263cb90, 4745;
v0xb470e263cb90_4746 .array/port v0xb470e263cb90, 4746;
v0xb470e263cb90_4747 .array/port v0xb470e263cb90, 4747;
v0xb470e263cb90_4748 .array/port v0xb470e263cb90, 4748;
E_0xb470e2641e60/1188 .event anyedge, v0xb470e263cb90_4745, v0xb470e263cb90_4746, v0xb470e263cb90_4747, v0xb470e263cb90_4748;
v0xb470e263cb90_4749 .array/port v0xb470e263cb90, 4749;
v0xb470e263cb90_4750 .array/port v0xb470e263cb90, 4750;
v0xb470e263cb90_4751 .array/port v0xb470e263cb90, 4751;
v0xb470e263cb90_4752 .array/port v0xb470e263cb90, 4752;
E_0xb470e2641e60/1189 .event anyedge, v0xb470e263cb90_4749, v0xb470e263cb90_4750, v0xb470e263cb90_4751, v0xb470e263cb90_4752;
v0xb470e263cb90_4753 .array/port v0xb470e263cb90, 4753;
v0xb470e263cb90_4754 .array/port v0xb470e263cb90, 4754;
v0xb470e263cb90_4755 .array/port v0xb470e263cb90, 4755;
v0xb470e263cb90_4756 .array/port v0xb470e263cb90, 4756;
E_0xb470e2641e60/1190 .event anyedge, v0xb470e263cb90_4753, v0xb470e263cb90_4754, v0xb470e263cb90_4755, v0xb470e263cb90_4756;
v0xb470e263cb90_4757 .array/port v0xb470e263cb90, 4757;
v0xb470e263cb90_4758 .array/port v0xb470e263cb90, 4758;
v0xb470e263cb90_4759 .array/port v0xb470e263cb90, 4759;
v0xb470e263cb90_4760 .array/port v0xb470e263cb90, 4760;
E_0xb470e2641e60/1191 .event anyedge, v0xb470e263cb90_4757, v0xb470e263cb90_4758, v0xb470e263cb90_4759, v0xb470e263cb90_4760;
v0xb470e263cb90_4761 .array/port v0xb470e263cb90, 4761;
v0xb470e263cb90_4762 .array/port v0xb470e263cb90, 4762;
v0xb470e263cb90_4763 .array/port v0xb470e263cb90, 4763;
v0xb470e263cb90_4764 .array/port v0xb470e263cb90, 4764;
E_0xb470e2641e60/1192 .event anyedge, v0xb470e263cb90_4761, v0xb470e263cb90_4762, v0xb470e263cb90_4763, v0xb470e263cb90_4764;
v0xb470e263cb90_4765 .array/port v0xb470e263cb90, 4765;
v0xb470e263cb90_4766 .array/port v0xb470e263cb90, 4766;
v0xb470e263cb90_4767 .array/port v0xb470e263cb90, 4767;
v0xb470e263cb90_4768 .array/port v0xb470e263cb90, 4768;
E_0xb470e2641e60/1193 .event anyedge, v0xb470e263cb90_4765, v0xb470e263cb90_4766, v0xb470e263cb90_4767, v0xb470e263cb90_4768;
v0xb470e263cb90_4769 .array/port v0xb470e263cb90, 4769;
v0xb470e263cb90_4770 .array/port v0xb470e263cb90, 4770;
v0xb470e263cb90_4771 .array/port v0xb470e263cb90, 4771;
v0xb470e263cb90_4772 .array/port v0xb470e263cb90, 4772;
E_0xb470e2641e60/1194 .event anyedge, v0xb470e263cb90_4769, v0xb470e263cb90_4770, v0xb470e263cb90_4771, v0xb470e263cb90_4772;
v0xb470e263cb90_4773 .array/port v0xb470e263cb90, 4773;
v0xb470e263cb90_4774 .array/port v0xb470e263cb90, 4774;
v0xb470e263cb90_4775 .array/port v0xb470e263cb90, 4775;
v0xb470e263cb90_4776 .array/port v0xb470e263cb90, 4776;
E_0xb470e2641e60/1195 .event anyedge, v0xb470e263cb90_4773, v0xb470e263cb90_4774, v0xb470e263cb90_4775, v0xb470e263cb90_4776;
v0xb470e263cb90_4777 .array/port v0xb470e263cb90, 4777;
v0xb470e263cb90_4778 .array/port v0xb470e263cb90, 4778;
v0xb470e263cb90_4779 .array/port v0xb470e263cb90, 4779;
v0xb470e263cb90_4780 .array/port v0xb470e263cb90, 4780;
E_0xb470e2641e60/1196 .event anyedge, v0xb470e263cb90_4777, v0xb470e263cb90_4778, v0xb470e263cb90_4779, v0xb470e263cb90_4780;
v0xb470e263cb90_4781 .array/port v0xb470e263cb90, 4781;
v0xb470e263cb90_4782 .array/port v0xb470e263cb90, 4782;
v0xb470e263cb90_4783 .array/port v0xb470e263cb90, 4783;
v0xb470e263cb90_4784 .array/port v0xb470e263cb90, 4784;
E_0xb470e2641e60/1197 .event anyedge, v0xb470e263cb90_4781, v0xb470e263cb90_4782, v0xb470e263cb90_4783, v0xb470e263cb90_4784;
v0xb470e263cb90_4785 .array/port v0xb470e263cb90, 4785;
v0xb470e263cb90_4786 .array/port v0xb470e263cb90, 4786;
v0xb470e263cb90_4787 .array/port v0xb470e263cb90, 4787;
v0xb470e263cb90_4788 .array/port v0xb470e263cb90, 4788;
E_0xb470e2641e60/1198 .event anyedge, v0xb470e263cb90_4785, v0xb470e263cb90_4786, v0xb470e263cb90_4787, v0xb470e263cb90_4788;
v0xb470e263cb90_4789 .array/port v0xb470e263cb90, 4789;
v0xb470e263cb90_4790 .array/port v0xb470e263cb90, 4790;
v0xb470e263cb90_4791 .array/port v0xb470e263cb90, 4791;
v0xb470e263cb90_4792 .array/port v0xb470e263cb90, 4792;
E_0xb470e2641e60/1199 .event anyedge, v0xb470e263cb90_4789, v0xb470e263cb90_4790, v0xb470e263cb90_4791, v0xb470e263cb90_4792;
v0xb470e263cb90_4793 .array/port v0xb470e263cb90, 4793;
v0xb470e263cb90_4794 .array/port v0xb470e263cb90, 4794;
v0xb470e263cb90_4795 .array/port v0xb470e263cb90, 4795;
v0xb470e263cb90_4796 .array/port v0xb470e263cb90, 4796;
E_0xb470e2641e60/1200 .event anyedge, v0xb470e263cb90_4793, v0xb470e263cb90_4794, v0xb470e263cb90_4795, v0xb470e263cb90_4796;
v0xb470e263cb90_4797 .array/port v0xb470e263cb90, 4797;
v0xb470e263cb90_4798 .array/port v0xb470e263cb90, 4798;
v0xb470e263cb90_4799 .array/port v0xb470e263cb90, 4799;
v0xb470e263cb90_4800 .array/port v0xb470e263cb90, 4800;
E_0xb470e2641e60/1201 .event anyedge, v0xb470e263cb90_4797, v0xb470e263cb90_4798, v0xb470e263cb90_4799, v0xb470e263cb90_4800;
v0xb470e263cb90_4801 .array/port v0xb470e263cb90, 4801;
v0xb470e263cb90_4802 .array/port v0xb470e263cb90, 4802;
v0xb470e263cb90_4803 .array/port v0xb470e263cb90, 4803;
v0xb470e263cb90_4804 .array/port v0xb470e263cb90, 4804;
E_0xb470e2641e60/1202 .event anyedge, v0xb470e263cb90_4801, v0xb470e263cb90_4802, v0xb470e263cb90_4803, v0xb470e263cb90_4804;
v0xb470e263cb90_4805 .array/port v0xb470e263cb90, 4805;
v0xb470e263cb90_4806 .array/port v0xb470e263cb90, 4806;
v0xb470e263cb90_4807 .array/port v0xb470e263cb90, 4807;
v0xb470e263cb90_4808 .array/port v0xb470e263cb90, 4808;
E_0xb470e2641e60/1203 .event anyedge, v0xb470e263cb90_4805, v0xb470e263cb90_4806, v0xb470e263cb90_4807, v0xb470e263cb90_4808;
v0xb470e263cb90_4809 .array/port v0xb470e263cb90, 4809;
v0xb470e263cb90_4810 .array/port v0xb470e263cb90, 4810;
v0xb470e263cb90_4811 .array/port v0xb470e263cb90, 4811;
v0xb470e263cb90_4812 .array/port v0xb470e263cb90, 4812;
E_0xb470e2641e60/1204 .event anyedge, v0xb470e263cb90_4809, v0xb470e263cb90_4810, v0xb470e263cb90_4811, v0xb470e263cb90_4812;
v0xb470e263cb90_4813 .array/port v0xb470e263cb90, 4813;
v0xb470e263cb90_4814 .array/port v0xb470e263cb90, 4814;
v0xb470e263cb90_4815 .array/port v0xb470e263cb90, 4815;
v0xb470e263cb90_4816 .array/port v0xb470e263cb90, 4816;
E_0xb470e2641e60/1205 .event anyedge, v0xb470e263cb90_4813, v0xb470e263cb90_4814, v0xb470e263cb90_4815, v0xb470e263cb90_4816;
v0xb470e263cb90_4817 .array/port v0xb470e263cb90, 4817;
v0xb470e263cb90_4818 .array/port v0xb470e263cb90, 4818;
v0xb470e263cb90_4819 .array/port v0xb470e263cb90, 4819;
v0xb470e263cb90_4820 .array/port v0xb470e263cb90, 4820;
E_0xb470e2641e60/1206 .event anyedge, v0xb470e263cb90_4817, v0xb470e263cb90_4818, v0xb470e263cb90_4819, v0xb470e263cb90_4820;
v0xb470e263cb90_4821 .array/port v0xb470e263cb90, 4821;
v0xb470e263cb90_4822 .array/port v0xb470e263cb90, 4822;
v0xb470e263cb90_4823 .array/port v0xb470e263cb90, 4823;
v0xb470e263cb90_4824 .array/port v0xb470e263cb90, 4824;
E_0xb470e2641e60/1207 .event anyedge, v0xb470e263cb90_4821, v0xb470e263cb90_4822, v0xb470e263cb90_4823, v0xb470e263cb90_4824;
v0xb470e263cb90_4825 .array/port v0xb470e263cb90, 4825;
v0xb470e263cb90_4826 .array/port v0xb470e263cb90, 4826;
v0xb470e263cb90_4827 .array/port v0xb470e263cb90, 4827;
v0xb470e263cb90_4828 .array/port v0xb470e263cb90, 4828;
E_0xb470e2641e60/1208 .event anyedge, v0xb470e263cb90_4825, v0xb470e263cb90_4826, v0xb470e263cb90_4827, v0xb470e263cb90_4828;
v0xb470e263cb90_4829 .array/port v0xb470e263cb90, 4829;
v0xb470e263cb90_4830 .array/port v0xb470e263cb90, 4830;
v0xb470e263cb90_4831 .array/port v0xb470e263cb90, 4831;
v0xb470e263cb90_4832 .array/port v0xb470e263cb90, 4832;
E_0xb470e2641e60/1209 .event anyedge, v0xb470e263cb90_4829, v0xb470e263cb90_4830, v0xb470e263cb90_4831, v0xb470e263cb90_4832;
v0xb470e263cb90_4833 .array/port v0xb470e263cb90, 4833;
v0xb470e263cb90_4834 .array/port v0xb470e263cb90, 4834;
v0xb470e263cb90_4835 .array/port v0xb470e263cb90, 4835;
v0xb470e263cb90_4836 .array/port v0xb470e263cb90, 4836;
E_0xb470e2641e60/1210 .event anyedge, v0xb470e263cb90_4833, v0xb470e263cb90_4834, v0xb470e263cb90_4835, v0xb470e263cb90_4836;
v0xb470e263cb90_4837 .array/port v0xb470e263cb90, 4837;
v0xb470e263cb90_4838 .array/port v0xb470e263cb90, 4838;
v0xb470e263cb90_4839 .array/port v0xb470e263cb90, 4839;
v0xb470e263cb90_4840 .array/port v0xb470e263cb90, 4840;
E_0xb470e2641e60/1211 .event anyedge, v0xb470e263cb90_4837, v0xb470e263cb90_4838, v0xb470e263cb90_4839, v0xb470e263cb90_4840;
v0xb470e263cb90_4841 .array/port v0xb470e263cb90, 4841;
v0xb470e263cb90_4842 .array/port v0xb470e263cb90, 4842;
v0xb470e263cb90_4843 .array/port v0xb470e263cb90, 4843;
v0xb470e263cb90_4844 .array/port v0xb470e263cb90, 4844;
E_0xb470e2641e60/1212 .event anyedge, v0xb470e263cb90_4841, v0xb470e263cb90_4842, v0xb470e263cb90_4843, v0xb470e263cb90_4844;
v0xb470e263cb90_4845 .array/port v0xb470e263cb90, 4845;
v0xb470e263cb90_4846 .array/port v0xb470e263cb90, 4846;
v0xb470e263cb90_4847 .array/port v0xb470e263cb90, 4847;
v0xb470e263cb90_4848 .array/port v0xb470e263cb90, 4848;
E_0xb470e2641e60/1213 .event anyedge, v0xb470e263cb90_4845, v0xb470e263cb90_4846, v0xb470e263cb90_4847, v0xb470e263cb90_4848;
v0xb470e263cb90_4849 .array/port v0xb470e263cb90, 4849;
v0xb470e263cb90_4850 .array/port v0xb470e263cb90, 4850;
v0xb470e263cb90_4851 .array/port v0xb470e263cb90, 4851;
v0xb470e263cb90_4852 .array/port v0xb470e263cb90, 4852;
E_0xb470e2641e60/1214 .event anyedge, v0xb470e263cb90_4849, v0xb470e263cb90_4850, v0xb470e263cb90_4851, v0xb470e263cb90_4852;
v0xb470e263cb90_4853 .array/port v0xb470e263cb90, 4853;
v0xb470e263cb90_4854 .array/port v0xb470e263cb90, 4854;
v0xb470e263cb90_4855 .array/port v0xb470e263cb90, 4855;
v0xb470e263cb90_4856 .array/port v0xb470e263cb90, 4856;
E_0xb470e2641e60/1215 .event anyedge, v0xb470e263cb90_4853, v0xb470e263cb90_4854, v0xb470e263cb90_4855, v0xb470e263cb90_4856;
v0xb470e263cb90_4857 .array/port v0xb470e263cb90, 4857;
v0xb470e263cb90_4858 .array/port v0xb470e263cb90, 4858;
v0xb470e263cb90_4859 .array/port v0xb470e263cb90, 4859;
v0xb470e263cb90_4860 .array/port v0xb470e263cb90, 4860;
E_0xb470e2641e60/1216 .event anyedge, v0xb470e263cb90_4857, v0xb470e263cb90_4858, v0xb470e263cb90_4859, v0xb470e263cb90_4860;
v0xb470e263cb90_4861 .array/port v0xb470e263cb90, 4861;
v0xb470e263cb90_4862 .array/port v0xb470e263cb90, 4862;
v0xb470e263cb90_4863 .array/port v0xb470e263cb90, 4863;
v0xb470e263cb90_4864 .array/port v0xb470e263cb90, 4864;
E_0xb470e2641e60/1217 .event anyedge, v0xb470e263cb90_4861, v0xb470e263cb90_4862, v0xb470e263cb90_4863, v0xb470e263cb90_4864;
v0xb470e263cb90_4865 .array/port v0xb470e263cb90, 4865;
v0xb470e263cb90_4866 .array/port v0xb470e263cb90, 4866;
v0xb470e263cb90_4867 .array/port v0xb470e263cb90, 4867;
v0xb470e263cb90_4868 .array/port v0xb470e263cb90, 4868;
E_0xb470e2641e60/1218 .event anyedge, v0xb470e263cb90_4865, v0xb470e263cb90_4866, v0xb470e263cb90_4867, v0xb470e263cb90_4868;
v0xb470e263cb90_4869 .array/port v0xb470e263cb90, 4869;
v0xb470e263cb90_4870 .array/port v0xb470e263cb90, 4870;
v0xb470e263cb90_4871 .array/port v0xb470e263cb90, 4871;
v0xb470e263cb90_4872 .array/port v0xb470e263cb90, 4872;
E_0xb470e2641e60/1219 .event anyedge, v0xb470e263cb90_4869, v0xb470e263cb90_4870, v0xb470e263cb90_4871, v0xb470e263cb90_4872;
v0xb470e263cb90_4873 .array/port v0xb470e263cb90, 4873;
v0xb470e263cb90_4874 .array/port v0xb470e263cb90, 4874;
v0xb470e263cb90_4875 .array/port v0xb470e263cb90, 4875;
v0xb470e263cb90_4876 .array/port v0xb470e263cb90, 4876;
E_0xb470e2641e60/1220 .event anyedge, v0xb470e263cb90_4873, v0xb470e263cb90_4874, v0xb470e263cb90_4875, v0xb470e263cb90_4876;
v0xb470e263cb90_4877 .array/port v0xb470e263cb90, 4877;
v0xb470e263cb90_4878 .array/port v0xb470e263cb90, 4878;
v0xb470e263cb90_4879 .array/port v0xb470e263cb90, 4879;
v0xb470e263cb90_4880 .array/port v0xb470e263cb90, 4880;
E_0xb470e2641e60/1221 .event anyedge, v0xb470e263cb90_4877, v0xb470e263cb90_4878, v0xb470e263cb90_4879, v0xb470e263cb90_4880;
v0xb470e263cb90_4881 .array/port v0xb470e263cb90, 4881;
v0xb470e263cb90_4882 .array/port v0xb470e263cb90, 4882;
v0xb470e263cb90_4883 .array/port v0xb470e263cb90, 4883;
v0xb470e263cb90_4884 .array/port v0xb470e263cb90, 4884;
E_0xb470e2641e60/1222 .event anyedge, v0xb470e263cb90_4881, v0xb470e263cb90_4882, v0xb470e263cb90_4883, v0xb470e263cb90_4884;
v0xb470e263cb90_4885 .array/port v0xb470e263cb90, 4885;
v0xb470e263cb90_4886 .array/port v0xb470e263cb90, 4886;
v0xb470e263cb90_4887 .array/port v0xb470e263cb90, 4887;
v0xb470e263cb90_4888 .array/port v0xb470e263cb90, 4888;
E_0xb470e2641e60/1223 .event anyedge, v0xb470e263cb90_4885, v0xb470e263cb90_4886, v0xb470e263cb90_4887, v0xb470e263cb90_4888;
v0xb470e263cb90_4889 .array/port v0xb470e263cb90, 4889;
v0xb470e263cb90_4890 .array/port v0xb470e263cb90, 4890;
v0xb470e263cb90_4891 .array/port v0xb470e263cb90, 4891;
v0xb470e263cb90_4892 .array/port v0xb470e263cb90, 4892;
E_0xb470e2641e60/1224 .event anyedge, v0xb470e263cb90_4889, v0xb470e263cb90_4890, v0xb470e263cb90_4891, v0xb470e263cb90_4892;
v0xb470e263cb90_4893 .array/port v0xb470e263cb90, 4893;
v0xb470e263cb90_4894 .array/port v0xb470e263cb90, 4894;
v0xb470e263cb90_4895 .array/port v0xb470e263cb90, 4895;
v0xb470e263cb90_4896 .array/port v0xb470e263cb90, 4896;
E_0xb470e2641e60/1225 .event anyedge, v0xb470e263cb90_4893, v0xb470e263cb90_4894, v0xb470e263cb90_4895, v0xb470e263cb90_4896;
v0xb470e263cb90_4897 .array/port v0xb470e263cb90, 4897;
v0xb470e263cb90_4898 .array/port v0xb470e263cb90, 4898;
v0xb470e263cb90_4899 .array/port v0xb470e263cb90, 4899;
v0xb470e263cb90_4900 .array/port v0xb470e263cb90, 4900;
E_0xb470e2641e60/1226 .event anyedge, v0xb470e263cb90_4897, v0xb470e263cb90_4898, v0xb470e263cb90_4899, v0xb470e263cb90_4900;
v0xb470e263cb90_4901 .array/port v0xb470e263cb90, 4901;
v0xb470e263cb90_4902 .array/port v0xb470e263cb90, 4902;
v0xb470e263cb90_4903 .array/port v0xb470e263cb90, 4903;
v0xb470e263cb90_4904 .array/port v0xb470e263cb90, 4904;
E_0xb470e2641e60/1227 .event anyedge, v0xb470e263cb90_4901, v0xb470e263cb90_4902, v0xb470e263cb90_4903, v0xb470e263cb90_4904;
v0xb470e263cb90_4905 .array/port v0xb470e263cb90, 4905;
v0xb470e263cb90_4906 .array/port v0xb470e263cb90, 4906;
v0xb470e263cb90_4907 .array/port v0xb470e263cb90, 4907;
v0xb470e263cb90_4908 .array/port v0xb470e263cb90, 4908;
E_0xb470e2641e60/1228 .event anyedge, v0xb470e263cb90_4905, v0xb470e263cb90_4906, v0xb470e263cb90_4907, v0xb470e263cb90_4908;
v0xb470e263cb90_4909 .array/port v0xb470e263cb90, 4909;
v0xb470e263cb90_4910 .array/port v0xb470e263cb90, 4910;
v0xb470e263cb90_4911 .array/port v0xb470e263cb90, 4911;
v0xb470e263cb90_4912 .array/port v0xb470e263cb90, 4912;
E_0xb470e2641e60/1229 .event anyedge, v0xb470e263cb90_4909, v0xb470e263cb90_4910, v0xb470e263cb90_4911, v0xb470e263cb90_4912;
v0xb470e263cb90_4913 .array/port v0xb470e263cb90, 4913;
v0xb470e263cb90_4914 .array/port v0xb470e263cb90, 4914;
v0xb470e263cb90_4915 .array/port v0xb470e263cb90, 4915;
v0xb470e263cb90_4916 .array/port v0xb470e263cb90, 4916;
E_0xb470e2641e60/1230 .event anyedge, v0xb470e263cb90_4913, v0xb470e263cb90_4914, v0xb470e263cb90_4915, v0xb470e263cb90_4916;
v0xb470e263cb90_4917 .array/port v0xb470e263cb90, 4917;
v0xb470e263cb90_4918 .array/port v0xb470e263cb90, 4918;
v0xb470e263cb90_4919 .array/port v0xb470e263cb90, 4919;
v0xb470e263cb90_4920 .array/port v0xb470e263cb90, 4920;
E_0xb470e2641e60/1231 .event anyedge, v0xb470e263cb90_4917, v0xb470e263cb90_4918, v0xb470e263cb90_4919, v0xb470e263cb90_4920;
v0xb470e263cb90_4921 .array/port v0xb470e263cb90, 4921;
v0xb470e263cb90_4922 .array/port v0xb470e263cb90, 4922;
v0xb470e263cb90_4923 .array/port v0xb470e263cb90, 4923;
v0xb470e263cb90_4924 .array/port v0xb470e263cb90, 4924;
E_0xb470e2641e60/1232 .event anyedge, v0xb470e263cb90_4921, v0xb470e263cb90_4922, v0xb470e263cb90_4923, v0xb470e263cb90_4924;
v0xb470e263cb90_4925 .array/port v0xb470e263cb90, 4925;
v0xb470e263cb90_4926 .array/port v0xb470e263cb90, 4926;
v0xb470e263cb90_4927 .array/port v0xb470e263cb90, 4927;
v0xb470e263cb90_4928 .array/port v0xb470e263cb90, 4928;
E_0xb470e2641e60/1233 .event anyedge, v0xb470e263cb90_4925, v0xb470e263cb90_4926, v0xb470e263cb90_4927, v0xb470e263cb90_4928;
v0xb470e263cb90_4929 .array/port v0xb470e263cb90, 4929;
v0xb470e263cb90_4930 .array/port v0xb470e263cb90, 4930;
v0xb470e263cb90_4931 .array/port v0xb470e263cb90, 4931;
v0xb470e263cb90_4932 .array/port v0xb470e263cb90, 4932;
E_0xb470e2641e60/1234 .event anyedge, v0xb470e263cb90_4929, v0xb470e263cb90_4930, v0xb470e263cb90_4931, v0xb470e263cb90_4932;
v0xb470e263cb90_4933 .array/port v0xb470e263cb90, 4933;
v0xb470e263cb90_4934 .array/port v0xb470e263cb90, 4934;
v0xb470e263cb90_4935 .array/port v0xb470e263cb90, 4935;
v0xb470e263cb90_4936 .array/port v0xb470e263cb90, 4936;
E_0xb470e2641e60/1235 .event anyedge, v0xb470e263cb90_4933, v0xb470e263cb90_4934, v0xb470e263cb90_4935, v0xb470e263cb90_4936;
v0xb470e263cb90_4937 .array/port v0xb470e263cb90, 4937;
v0xb470e263cb90_4938 .array/port v0xb470e263cb90, 4938;
v0xb470e263cb90_4939 .array/port v0xb470e263cb90, 4939;
v0xb470e263cb90_4940 .array/port v0xb470e263cb90, 4940;
E_0xb470e2641e60/1236 .event anyedge, v0xb470e263cb90_4937, v0xb470e263cb90_4938, v0xb470e263cb90_4939, v0xb470e263cb90_4940;
v0xb470e263cb90_4941 .array/port v0xb470e263cb90, 4941;
v0xb470e263cb90_4942 .array/port v0xb470e263cb90, 4942;
v0xb470e263cb90_4943 .array/port v0xb470e263cb90, 4943;
v0xb470e263cb90_4944 .array/port v0xb470e263cb90, 4944;
E_0xb470e2641e60/1237 .event anyedge, v0xb470e263cb90_4941, v0xb470e263cb90_4942, v0xb470e263cb90_4943, v0xb470e263cb90_4944;
v0xb470e263cb90_4945 .array/port v0xb470e263cb90, 4945;
v0xb470e263cb90_4946 .array/port v0xb470e263cb90, 4946;
v0xb470e263cb90_4947 .array/port v0xb470e263cb90, 4947;
v0xb470e263cb90_4948 .array/port v0xb470e263cb90, 4948;
E_0xb470e2641e60/1238 .event anyedge, v0xb470e263cb90_4945, v0xb470e263cb90_4946, v0xb470e263cb90_4947, v0xb470e263cb90_4948;
v0xb470e263cb90_4949 .array/port v0xb470e263cb90, 4949;
v0xb470e263cb90_4950 .array/port v0xb470e263cb90, 4950;
v0xb470e263cb90_4951 .array/port v0xb470e263cb90, 4951;
v0xb470e263cb90_4952 .array/port v0xb470e263cb90, 4952;
E_0xb470e2641e60/1239 .event anyedge, v0xb470e263cb90_4949, v0xb470e263cb90_4950, v0xb470e263cb90_4951, v0xb470e263cb90_4952;
v0xb470e263cb90_4953 .array/port v0xb470e263cb90, 4953;
v0xb470e263cb90_4954 .array/port v0xb470e263cb90, 4954;
v0xb470e263cb90_4955 .array/port v0xb470e263cb90, 4955;
v0xb470e263cb90_4956 .array/port v0xb470e263cb90, 4956;
E_0xb470e2641e60/1240 .event anyedge, v0xb470e263cb90_4953, v0xb470e263cb90_4954, v0xb470e263cb90_4955, v0xb470e263cb90_4956;
v0xb470e263cb90_4957 .array/port v0xb470e263cb90, 4957;
v0xb470e263cb90_4958 .array/port v0xb470e263cb90, 4958;
v0xb470e263cb90_4959 .array/port v0xb470e263cb90, 4959;
v0xb470e263cb90_4960 .array/port v0xb470e263cb90, 4960;
E_0xb470e2641e60/1241 .event anyedge, v0xb470e263cb90_4957, v0xb470e263cb90_4958, v0xb470e263cb90_4959, v0xb470e263cb90_4960;
v0xb470e263cb90_4961 .array/port v0xb470e263cb90, 4961;
v0xb470e263cb90_4962 .array/port v0xb470e263cb90, 4962;
v0xb470e263cb90_4963 .array/port v0xb470e263cb90, 4963;
v0xb470e263cb90_4964 .array/port v0xb470e263cb90, 4964;
E_0xb470e2641e60/1242 .event anyedge, v0xb470e263cb90_4961, v0xb470e263cb90_4962, v0xb470e263cb90_4963, v0xb470e263cb90_4964;
v0xb470e263cb90_4965 .array/port v0xb470e263cb90, 4965;
v0xb470e263cb90_4966 .array/port v0xb470e263cb90, 4966;
v0xb470e263cb90_4967 .array/port v0xb470e263cb90, 4967;
v0xb470e263cb90_4968 .array/port v0xb470e263cb90, 4968;
E_0xb470e2641e60/1243 .event anyedge, v0xb470e263cb90_4965, v0xb470e263cb90_4966, v0xb470e263cb90_4967, v0xb470e263cb90_4968;
v0xb470e263cb90_4969 .array/port v0xb470e263cb90, 4969;
v0xb470e263cb90_4970 .array/port v0xb470e263cb90, 4970;
v0xb470e263cb90_4971 .array/port v0xb470e263cb90, 4971;
v0xb470e263cb90_4972 .array/port v0xb470e263cb90, 4972;
E_0xb470e2641e60/1244 .event anyedge, v0xb470e263cb90_4969, v0xb470e263cb90_4970, v0xb470e263cb90_4971, v0xb470e263cb90_4972;
v0xb470e263cb90_4973 .array/port v0xb470e263cb90, 4973;
v0xb470e263cb90_4974 .array/port v0xb470e263cb90, 4974;
v0xb470e263cb90_4975 .array/port v0xb470e263cb90, 4975;
v0xb470e263cb90_4976 .array/port v0xb470e263cb90, 4976;
E_0xb470e2641e60/1245 .event anyedge, v0xb470e263cb90_4973, v0xb470e263cb90_4974, v0xb470e263cb90_4975, v0xb470e263cb90_4976;
v0xb470e263cb90_4977 .array/port v0xb470e263cb90, 4977;
v0xb470e263cb90_4978 .array/port v0xb470e263cb90, 4978;
v0xb470e263cb90_4979 .array/port v0xb470e263cb90, 4979;
v0xb470e263cb90_4980 .array/port v0xb470e263cb90, 4980;
E_0xb470e2641e60/1246 .event anyedge, v0xb470e263cb90_4977, v0xb470e263cb90_4978, v0xb470e263cb90_4979, v0xb470e263cb90_4980;
v0xb470e263cb90_4981 .array/port v0xb470e263cb90, 4981;
v0xb470e263cb90_4982 .array/port v0xb470e263cb90, 4982;
v0xb470e263cb90_4983 .array/port v0xb470e263cb90, 4983;
v0xb470e263cb90_4984 .array/port v0xb470e263cb90, 4984;
E_0xb470e2641e60/1247 .event anyedge, v0xb470e263cb90_4981, v0xb470e263cb90_4982, v0xb470e263cb90_4983, v0xb470e263cb90_4984;
v0xb470e263cb90_4985 .array/port v0xb470e263cb90, 4985;
v0xb470e263cb90_4986 .array/port v0xb470e263cb90, 4986;
v0xb470e263cb90_4987 .array/port v0xb470e263cb90, 4987;
v0xb470e263cb90_4988 .array/port v0xb470e263cb90, 4988;
E_0xb470e2641e60/1248 .event anyedge, v0xb470e263cb90_4985, v0xb470e263cb90_4986, v0xb470e263cb90_4987, v0xb470e263cb90_4988;
v0xb470e263cb90_4989 .array/port v0xb470e263cb90, 4989;
v0xb470e263cb90_4990 .array/port v0xb470e263cb90, 4990;
v0xb470e263cb90_4991 .array/port v0xb470e263cb90, 4991;
v0xb470e263cb90_4992 .array/port v0xb470e263cb90, 4992;
E_0xb470e2641e60/1249 .event anyedge, v0xb470e263cb90_4989, v0xb470e263cb90_4990, v0xb470e263cb90_4991, v0xb470e263cb90_4992;
v0xb470e263cb90_4993 .array/port v0xb470e263cb90, 4993;
v0xb470e263cb90_4994 .array/port v0xb470e263cb90, 4994;
v0xb470e263cb90_4995 .array/port v0xb470e263cb90, 4995;
v0xb470e263cb90_4996 .array/port v0xb470e263cb90, 4996;
E_0xb470e2641e60/1250 .event anyedge, v0xb470e263cb90_4993, v0xb470e263cb90_4994, v0xb470e263cb90_4995, v0xb470e263cb90_4996;
v0xb470e263cb90_4997 .array/port v0xb470e263cb90, 4997;
v0xb470e263cb90_4998 .array/port v0xb470e263cb90, 4998;
v0xb470e263cb90_4999 .array/port v0xb470e263cb90, 4999;
v0xb470e263cb90_5000 .array/port v0xb470e263cb90, 5000;
E_0xb470e2641e60/1251 .event anyedge, v0xb470e263cb90_4997, v0xb470e263cb90_4998, v0xb470e263cb90_4999, v0xb470e263cb90_5000;
v0xb470e263cb90_5001 .array/port v0xb470e263cb90, 5001;
v0xb470e263cb90_5002 .array/port v0xb470e263cb90, 5002;
v0xb470e263cb90_5003 .array/port v0xb470e263cb90, 5003;
v0xb470e263cb90_5004 .array/port v0xb470e263cb90, 5004;
E_0xb470e2641e60/1252 .event anyedge, v0xb470e263cb90_5001, v0xb470e263cb90_5002, v0xb470e263cb90_5003, v0xb470e263cb90_5004;
v0xb470e263cb90_5005 .array/port v0xb470e263cb90, 5005;
v0xb470e263cb90_5006 .array/port v0xb470e263cb90, 5006;
v0xb470e263cb90_5007 .array/port v0xb470e263cb90, 5007;
v0xb470e263cb90_5008 .array/port v0xb470e263cb90, 5008;
E_0xb470e2641e60/1253 .event anyedge, v0xb470e263cb90_5005, v0xb470e263cb90_5006, v0xb470e263cb90_5007, v0xb470e263cb90_5008;
v0xb470e263cb90_5009 .array/port v0xb470e263cb90, 5009;
v0xb470e263cb90_5010 .array/port v0xb470e263cb90, 5010;
v0xb470e263cb90_5011 .array/port v0xb470e263cb90, 5011;
v0xb470e263cb90_5012 .array/port v0xb470e263cb90, 5012;
E_0xb470e2641e60/1254 .event anyedge, v0xb470e263cb90_5009, v0xb470e263cb90_5010, v0xb470e263cb90_5011, v0xb470e263cb90_5012;
v0xb470e263cb90_5013 .array/port v0xb470e263cb90, 5013;
v0xb470e263cb90_5014 .array/port v0xb470e263cb90, 5014;
v0xb470e263cb90_5015 .array/port v0xb470e263cb90, 5015;
v0xb470e263cb90_5016 .array/port v0xb470e263cb90, 5016;
E_0xb470e2641e60/1255 .event anyedge, v0xb470e263cb90_5013, v0xb470e263cb90_5014, v0xb470e263cb90_5015, v0xb470e263cb90_5016;
v0xb470e263cb90_5017 .array/port v0xb470e263cb90, 5017;
v0xb470e263cb90_5018 .array/port v0xb470e263cb90, 5018;
v0xb470e263cb90_5019 .array/port v0xb470e263cb90, 5019;
v0xb470e263cb90_5020 .array/port v0xb470e263cb90, 5020;
E_0xb470e2641e60/1256 .event anyedge, v0xb470e263cb90_5017, v0xb470e263cb90_5018, v0xb470e263cb90_5019, v0xb470e263cb90_5020;
v0xb470e263cb90_5021 .array/port v0xb470e263cb90, 5021;
v0xb470e263cb90_5022 .array/port v0xb470e263cb90, 5022;
v0xb470e263cb90_5023 .array/port v0xb470e263cb90, 5023;
v0xb470e263cb90_5024 .array/port v0xb470e263cb90, 5024;
E_0xb470e2641e60/1257 .event anyedge, v0xb470e263cb90_5021, v0xb470e263cb90_5022, v0xb470e263cb90_5023, v0xb470e263cb90_5024;
v0xb470e263cb90_5025 .array/port v0xb470e263cb90, 5025;
v0xb470e263cb90_5026 .array/port v0xb470e263cb90, 5026;
v0xb470e263cb90_5027 .array/port v0xb470e263cb90, 5027;
v0xb470e263cb90_5028 .array/port v0xb470e263cb90, 5028;
E_0xb470e2641e60/1258 .event anyedge, v0xb470e263cb90_5025, v0xb470e263cb90_5026, v0xb470e263cb90_5027, v0xb470e263cb90_5028;
v0xb470e263cb90_5029 .array/port v0xb470e263cb90, 5029;
v0xb470e263cb90_5030 .array/port v0xb470e263cb90, 5030;
v0xb470e263cb90_5031 .array/port v0xb470e263cb90, 5031;
v0xb470e263cb90_5032 .array/port v0xb470e263cb90, 5032;
E_0xb470e2641e60/1259 .event anyedge, v0xb470e263cb90_5029, v0xb470e263cb90_5030, v0xb470e263cb90_5031, v0xb470e263cb90_5032;
v0xb470e263cb90_5033 .array/port v0xb470e263cb90, 5033;
v0xb470e263cb90_5034 .array/port v0xb470e263cb90, 5034;
v0xb470e263cb90_5035 .array/port v0xb470e263cb90, 5035;
v0xb470e263cb90_5036 .array/port v0xb470e263cb90, 5036;
E_0xb470e2641e60/1260 .event anyedge, v0xb470e263cb90_5033, v0xb470e263cb90_5034, v0xb470e263cb90_5035, v0xb470e263cb90_5036;
v0xb470e263cb90_5037 .array/port v0xb470e263cb90, 5037;
v0xb470e263cb90_5038 .array/port v0xb470e263cb90, 5038;
v0xb470e263cb90_5039 .array/port v0xb470e263cb90, 5039;
v0xb470e263cb90_5040 .array/port v0xb470e263cb90, 5040;
E_0xb470e2641e60/1261 .event anyedge, v0xb470e263cb90_5037, v0xb470e263cb90_5038, v0xb470e263cb90_5039, v0xb470e263cb90_5040;
v0xb470e263cb90_5041 .array/port v0xb470e263cb90, 5041;
v0xb470e263cb90_5042 .array/port v0xb470e263cb90, 5042;
v0xb470e263cb90_5043 .array/port v0xb470e263cb90, 5043;
v0xb470e263cb90_5044 .array/port v0xb470e263cb90, 5044;
E_0xb470e2641e60/1262 .event anyedge, v0xb470e263cb90_5041, v0xb470e263cb90_5042, v0xb470e263cb90_5043, v0xb470e263cb90_5044;
v0xb470e263cb90_5045 .array/port v0xb470e263cb90, 5045;
v0xb470e263cb90_5046 .array/port v0xb470e263cb90, 5046;
v0xb470e263cb90_5047 .array/port v0xb470e263cb90, 5047;
v0xb470e263cb90_5048 .array/port v0xb470e263cb90, 5048;
E_0xb470e2641e60/1263 .event anyedge, v0xb470e263cb90_5045, v0xb470e263cb90_5046, v0xb470e263cb90_5047, v0xb470e263cb90_5048;
v0xb470e263cb90_5049 .array/port v0xb470e263cb90, 5049;
v0xb470e263cb90_5050 .array/port v0xb470e263cb90, 5050;
v0xb470e263cb90_5051 .array/port v0xb470e263cb90, 5051;
v0xb470e263cb90_5052 .array/port v0xb470e263cb90, 5052;
E_0xb470e2641e60/1264 .event anyedge, v0xb470e263cb90_5049, v0xb470e263cb90_5050, v0xb470e263cb90_5051, v0xb470e263cb90_5052;
v0xb470e263cb90_5053 .array/port v0xb470e263cb90, 5053;
v0xb470e263cb90_5054 .array/port v0xb470e263cb90, 5054;
v0xb470e263cb90_5055 .array/port v0xb470e263cb90, 5055;
v0xb470e263cb90_5056 .array/port v0xb470e263cb90, 5056;
E_0xb470e2641e60/1265 .event anyedge, v0xb470e263cb90_5053, v0xb470e263cb90_5054, v0xb470e263cb90_5055, v0xb470e263cb90_5056;
v0xb470e263cb90_5057 .array/port v0xb470e263cb90, 5057;
v0xb470e263cb90_5058 .array/port v0xb470e263cb90, 5058;
v0xb470e263cb90_5059 .array/port v0xb470e263cb90, 5059;
v0xb470e263cb90_5060 .array/port v0xb470e263cb90, 5060;
E_0xb470e2641e60/1266 .event anyedge, v0xb470e263cb90_5057, v0xb470e263cb90_5058, v0xb470e263cb90_5059, v0xb470e263cb90_5060;
v0xb470e263cb90_5061 .array/port v0xb470e263cb90, 5061;
v0xb470e263cb90_5062 .array/port v0xb470e263cb90, 5062;
v0xb470e263cb90_5063 .array/port v0xb470e263cb90, 5063;
v0xb470e263cb90_5064 .array/port v0xb470e263cb90, 5064;
E_0xb470e2641e60/1267 .event anyedge, v0xb470e263cb90_5061, v0xb470e263cb90_5062, v0xb470e263cb90_5063, v0xb470e263cb90_5064;
v0xb470e263cb90_5065 .array/port v0xb470e263cb90, 5065;
v0xb470e263cb90_5066 .array/port v0xb470e263cb90, 5066;
v0xb470e263cb90_5067 .array/port v0xb470e263cb90, 5067;
v0xb470e263cb90_5068 .array/port v0xb470e263cb90, 5068;
E_0xb470e2641e60/1268 .event anyedge, v0xb470e263cb90_5065, v0xb470e263cb90_5066, v0xb470e263cb90_5067, v0xb470e263cb90_5068;
v0xb470e263cb90_5069 .array/port v0xb470e263cb90, 5069;
v0xb470e263cb90_5070 .array/port v0xb470e263cb90, 5070;
v0xb470e263cb90_5071 .array/port v0xb470e263cb90, 5071;
v0xb470e263cb90_5072 .array/port v0xb470e263cb90, 5072;
E_0xb470e2641e60/1269 .event anyedge, v0xb470e263cb90_5069, v0xb470e263cb90_5070, v0xb470e263cb90_5071, v0xb470e263cb90_5072;
v0xb470e263cb90_5073 .array/port v0xb470e263cb90, 5073;
v0xb470e263cb90_5074 .array/port v0xb470e263cb90, 5074;
v0xb470e263cb90_5075 .array/port v0xb470e263cb90, 5075;
v0xb470e263cb90_5076 .array/port v0xb470e263cb90, 5076;
E_0xb470e2641e60/1270 .event anyedge, v0xb470e263cb90_5073, v0xb470e263cb90_5074, v0xb470e263cb90_5075, v0xb470e263cb90_5076;
v0xb470e263cb90_5077 .array/port v0xb470e263cb90, 5077;
v0xb470e263cb90_5078 .array/port v0xb470e263cb90, 5078;
v0xb470e263cb90_5079 .array/port v0xb470e263cb90, 5079;
v0xb470e263cb90_5080 .array/port v0xb470e263cb90, 5080;
E_0xb470e2641e60/1271 .event anyedge, v0xb470e263cb90_5077, v0xb470e263cb90_5078, v0xb470e263cb90_5079, v0xb470e263cb90_5080;
v0xb470e263cb90_5081 .array/port v0xb470e263cb90, 5081;
v0xb470e263cb90_5082 .array/port v0xb470e263cb90, 5082;
v0xb470e263cb90_5083 .array/port v0xb470e263cb90, 5083;
v0xb470e263cb90_5084 .array/port v0xb470e263cb90, 5084;
E_0xb470e2641e60/1272 .event anyedge, v0xb470e263cb90_5081, v0xb470e263cb90_5082, v0xb470e263cb90_5083, v0xb470e263cb90_5084;
v0xb470e263cb90_5085 .array/port v0xb470e263cb90, 5085;
v0xb470e263cb90_5086 .array/port v0xb470e263cb90, 5086;
v0xb470e263cb90_5087 .array/port v0xb470e263cb90, 5087;
v0xb470e263cb90_5088 .array/port v0xb470e263cb90, 5088;
E_0xb470e2641e60/1273 .event anyedge, v0xb470e263cb90_5085, v0xb470e263cb90_5086, v0xb470e263cb90_5087, v0xb470e263cb90_5088;
v0xb470e263cb90_5089 .array/port v0xb470e263cb90, 5089;
v0xb470e263cb90_5090 .array/port v0xb470e263cb90, 5090;
v0xb470e263cb90_5091 .array/port v0xb470e263cb90, 5091;
v0xb470e263cb90_5092 .array/port v0xb470e263cb90, 5092;
E_0xb470e2641e60/1274 .event anyedge, v0xb470e263cb90_5089, v0xb470e263cb90_5090, v0xb470e263cb90_5091, v0xb470e263cb90_5092;
v0xb470e263cb90_5093 .array/port v0xb470e263cb90, 5093;
v0xb470e263cb90_5094 .array/port v0xb470e263cb90, 5094;
v0xb470e263cb90_5095 .array/port v0xb470e263cb90, 5095;
v0xb470e263cb90_5096 .array/port v0xb470e263cb90, 5096;
E_0xb470e2641e60/1275 .event anyedge, v0xb470e263cb90_5093, v0xb470e263cb90_5094, v0xb470e263cb90_5095, v0xb470e263cb90_5096;
v0xb470e263cb90_5097 .array/port v0xb470e263cb90, 5097;
v0xb470e263cb90_5098 .array/port v0xb470e263cb90, 5098;
v0xb470e263cb90_5099 .array/port v0xb470e263cb90, 5099;
v0xb470e263cb90_5100 .array/port v0xb470e263cb90, 5100;
E_0xb470e2641e60/1276 .event anyedge, v0xb470e263cb90_5097, v0xb470e263cb90_5098, v0xb470e263cb90_5099, v0xb470e263cb90_5100;
v0xb470e263cb90_5101 .array/port v0xb470e263cb90, 5101;
v0xb470e263cb90_5102 .array/port v0xb470e263cb90, 5102;
v0xb470e263cb90_5103 .array/port v0xb470e263cb90, 5103;
v0xb470e263cb90_5104 .array/port v0xb470e263cb90, 5104;
E_0xb470e2641e60/1277 .event anyedge, v0xb470e263cb90_5101, v0xb470e263cb90_5102, v0xb470e263cb90_5103, v0xb470e263cb90_5104;
v0xb470e263cb90_5105 .array/port v0xb470e263cb90, 5105;
v0xb470e263cb90_5106 .array/port v0xb470e263cb90, 5106;
v0xb470e263cb90_5107 .array/port v0xb470e263cb90, 5107;
v0xb470e263cb90_5108 .array/port v0xb470e263cb90, 5108;
E_0xb470e2641e60/1278 .event anyedge, v0xb470e263cb90_5105, v0xb470e263cb90_5106, v0xb470e263cb90_5107, v0xb470e263cb90_5108;
v0xb470e263cb90_5109 .array/port v0xb470e263cb90, 5109;
v0xb470e263cb90_5110 .array/port v0xb470e263cb90, 5110;
v0xb470e263cb90_5111 .array/port v0xb470e263cb90, 5111;
v0xb470e263cb90_5112 .array/port v0xb470e263cb90, 5112;
E_0xb470e2641e60/1279 .event anyedge, v0xb470e263cb90_5109, v0xb470e263cb90_5110, v0xb470e263cb90_5111, v0xb470e263cb90_5112;
v0xb470e263cb90_5113 .array/port v0xb470e263cb90, 5113;
v0xb470e263cb90_5114 .array/port v0xb470e263cb90, 5114;
v0xb470e263cb90_5115 .array/port v0xb470e263cb90, 5115;
v0xb470e263cb90_5116 .array/port v0xb470e263cb90, 5116;
E_0xb470e2641e60/1280 .event anyedge, v0xb470e263cb90_5113, v0xb470e263cb90_5114, v0xb470e263cb90_5115, v0xb470e263cb90_5116;
v0xb470e263cb90_5117 .array/port v0xb470e263cb90, 5117;
v0xb470e263cb90_5118 .array/port v0xb470e263cb90, 5118;
v0xb470e263cb90_5119 .array/port v0xb470e263cb90, 5119;
v0xb470e263cb90_5120 .array/port v0xb470e263cb90, 5120;
E_0xb470e2641e60/1281 .event anyedge, v0xb470e263cb90_5117, v0xb470e263cb90_5118, v0xb470e263cb90_5119, v0xb470e263cb90_5120;
v0xb470e263cb90_5121 .array/port v0xb470e263cb90, 5121;
v0xb470e263cb90_5122 .array/port v0xb470e263cb90, 5122;
v0xb470e263cb90_5123 .array/port v0xb470e263cb90, 5123;
v0xb470e263cb90_5124 .array/port v0xb470e263cb90, 5124;
E_0xb470e2641e60/1282 .event anyedge, v0xb470e263cb90_5121, v0xb470e263cb90_5122, v0xb470e263cb90_5123, v0xb470e263cb90_5124;
v0xb470e263cb90_5125 .array/port v0xb470e263cb90, 5125;
v0xb470e263cb90_5126 .array/port v0xb470e263cb90, 5126;
v0xb470e263cb90_5127 .array/port v0xb470e263cb90, 5127;
v0xb470e263cb90_5128 .array/port v0xb470e263cb90, 5128;
E_0xb470e2641e60/1283 .event anyedge, v0xb470e263cb90_5125, v0xb470e263cb90_5126, v0xb470e263cb90_5127, v0xb470e263cb90_5128;
v0xb470e263cb90_5129 .array/port v0xb470e263cb90, 5129;
v0xb470e263cb90_5130 .array/port v0xb470e263cb90, 5130;
v0xb470e263cb90_5131 .array/port v0xb470e263cb90, 5131;
v0xb470e263cb90_5132 .array/port v0xb470e263cb90, 5132;
E_0xb470e2641e60/1284 .event anyedge, v0xb470e263cb90_5129, v0xb470e263cb90_5130, v0xb470e263cb90_5131, v0xb470e263cb90_5132;
v0xb470e263cb90_5133 .array/port v0xb470e263cb90, 5133;
v0xb470e263cb90_5134 .array/port v0xb470e263cb90, 5134;
v0xb470e263cb90_5135 .array/port v0xb470e263cb90, 5135;
v0xb470e263cb90_5136 .array/port v0xb470e263cb90, 5136;
E_0xb470e2641e60/1285 .event anyedge, v0xb470e263cb90_5133, v0xb470e263cb90_5134, v0xb470e263cb90_5135, v0xb470e263cb90_5136;
v0xb470e263cb90_5137 .array/port v0xb470e263cb90, 5137;
v0xb470e263cb90_5138 .array/port v0xb470e263cb90, 5138;
v0xb470e263cb90_5139 .array/port v0xb470e263cb90, 5139;
v0xb470e263cb90_5140 .array/port v0xb470e263cb90, 5140;
E_0xb470e2641e60/1286 .event anyedge, v0xb470e263cb90_5137, v0xb470e263cb90_5138, v0xb470e263cb90_5139, v0xb470e263cb90_5140;
v0xb470e263cb90_5141 .array/port v0xb470e263cb90, 5141;
v0xb470e263cb90_5142 .array/port v0xb470e263cb90, 5142;
v0xb470e263cb90_5143 .array/port v0xb470e263cb90, 5143;
v0xb470e263cb90_5144 .array/port v0xb470e263cb90, 5144;
E_0xb470e2641e60/1287 .event anyedge, v0xb470e263cb90_5141, v0xb470e263cb90_5142, v0xb470e263cb90_5143, v0xb470e263cb90_5144;
v0xb470e263cb90_5145 .array/port v0xb470e263cb90, 5145;
v0xb470e263cb90_5146 .array/port v0xb470e263cb90, 5146;
v0xb470e263cb90_5147 .array/port v0xb470e263cb90, 5147;
v0xb470e263cb90_5148 .array/port v0xb470e263cb90, 5148;
E_0xb470e2641e60/1288 .event anyedge, v0xb470e263cb90_5145, v0xb470e263cb90_5146, v0xb470e263cb90_5147, v0xb470e263cb90_5148;
v0xb470e263cb90_5149 .array/port v0xb470e263cb90, 5149;
v0xb470e263cb90_5150 .array/port v0xb470e263cb90, 5150;
v0xb470e263cb90_5151 .array/port v0xb470e263cb90, 5151;
v0xb470e263cb90_5152 .array/port v0xb470e263cb90, 5152;
E_0xb470e2641e60/1289 .event anyedge, v0xb470e263cb90_5149, v0xb470e263cb90_5150, v0xb470e263cb90_5151, v0xb470e263cb90_5152;
v0xb470e263cb90_5153 .array/port v0xb470e263cb90, 5153;
v0xb470e263cb90_5154 .array/port v0xb470e263cb90, 5154;
v0xb470e263cb90_5155 .array/port v0xb470e263cb90, 5155;
v0xb470e263cb90_5156 .array/port v0xb470e263cb90, 5156;
E_0xb470e2641e60/1290 .event anyedge, v0xb470e263cb90_5153, v0xb470e263cb90_5154, v0xb470e263cb90_5155, v0xb470e263cb90_5156;
v0xb470e263cb90_5157 .array/port v0xb470e263cb90, 5157;
v0xb470e263cb90_5158 .array/port v0xb470e263cb90, 5158;
v0xb470e263cb90_5159 .array/port v0xb470e263cb90, 5159;
v0xb470e263cb90_5160 .array/port v0xb470e263cb90, 5160;
E_0xb470e2641e60/1291 .event anyedge, v0xb470e263cb90_5157, v0xb470e263cb90_5158, v0xb470e263cb90_5159, v0xb470e263cb90_5160;
v0xb470e263cb90_5161 .array/port v0xb470e263cb90, 5161;
v0xb470e263cb90_5162 .array/port v0xb470e263cb90, 5162;
v0xb470e263cb90_5163 .array/port v0xb470e263cb90, 5163;
v0xb470e263cb90_5164 .array/port v0xb470e263cb90, 5164;
E_0xb470e2641e60/1292 .event anyedge, v0xb470e263cb90_5161, v0xb470e263cb90_5162, v0xb470e263cb90_5163, v0xb470e263cb90_5164;
v0xb470e263cb90_5165 .array/port v0xb470e263cb90, 5165;
v0xb470e263cb90_5166 .array/port v0xb470e263cb90, 5166;
v0xb470e263cb90_5167 .array/port v0xb470e263cb90, 5167;
v0xb470e263cb90_5168 .array/port v0xb470e263cb90, 5168;
E_0xb470e2641e60/1293 .event anyedge, v0xb470e263cb90_5165, v0xb470e263cb90_5166, v0xb470e263cb90_5167, v0xb470e263cb90_5168;
v0xb470e263cb90_5169 .array/port v0xb470e263cb90, 5169;
v0xb470e263cb90_5170 .array/port v0xb470e263cb90, 5170;
v0xb470e263cb90_5171 .array/port v0xb470e263cb90, 5171;
v0xb470e263cb90_5172 .array/port v0xb470e263cb90, 5172;
E_0xb470e2641e60/1294 .event anyedge, v0xb470e263cb90_5169, v0xb470e263cb90_5170, v0xb470e263cb90_5171, v0xb470e263cb90_5172;
v0xb470e263cb90_5173 .array/port v0xb470e263cb90, 5173;
v0xb470e263cb90_5174 .array/port v0xb470e263cb90, 5174;
v0xb470e263cb90_5175 .array/port v0xb470e263cb90, 5175;
v0xb470e263cb90_5176 .array/port v0xb470e263cb90, 5176;
E_0xb470e2641e60/1295 .event anyedge, v0xb470e263cb90_5173, v0xb470e263cb90_5174, v0xb470e263cb90_5175, v0xb470e263cb90_5176;
v0xb470e263cb90_5177 .array/port v0xb470e263cb90, 5177;
v0xb470e263cb90_5178 .array/port v0xb470e263cb90, 5178;
v0xb470e263cb90_5179 .array/port v0xb470e263cb90, 5179;
v0xb470e263cb90_5180 .array/port v0xb470e263cb90, 5180;
E_0xb470e2641e60/1296 .event anyedge, v0xb470e263cb90_5177, v0xb470e263cb90_5178, v0xb470e263cb90_5179, v0xb470e263cb90_5180;
v0xb470e263cb90_5181 .array/port v0xb470e263cb90, 5181;
v0xb470e263cb90_5182 .array/port v0xb470e263cb90, 5182;
v0xb470e263cb90_5183 .array/port v0xb470e263cb90, 5183;
v0xb470e263cb90_5184 .array/port v0xb470e263cb90, 5184;
E_0xb470e2641e60/1297 .event anyedge, v0xb470e263cb90_5181, v0xb470e263cb90_5182, v0xb470e263cb90_5183, v0xb470e263cb90_5184;
v0xb470e263cb90_5185 .array/port v0xb470e263cb90, 5185;
v0xb470e263cb90_5186 .array/port v0xb470e263cb90, 5186;
v0xb470e263cb90_5187 .array/port v0xb470e263cb90, 5187;
v0xb470e263cb90_5188 .array/port v0xb470e263cb90, 5188;
E_0xb470e2641e60/1298 .event anyedge, v0xb470e263cb90_5185, v0xb470e263cb90_5186, v0xb470e263cb90_5187, v0xb470e263cb90_5188;
v0xb470e263cb90_5189 .array/port v0xb470e263cb90, 5189;
v0xb470e263cb90_5190 .array/port v0xb470e263cb90, 5190;
v0xb470e263cb90_5191 .array/port v0xb470e263cb90, 5191;
v0xb470e263cb90_5192 .array/port v0xb470e263cb90, 5192;
E_0xb470e2641e60/1299 .event anyedge, v0xb470e263cb90_5189, v0xb470e263cb90_5190, v0xb470e263cb90_5191, v0xb470e263cb90_5192;
v0xb470e263cb90_5193 .array/port v0xb470e263cb90, 5193;
v0xb470e263cb90_5194 .array/port v0xb470e263cb90, 5194;
v0xb470e263cb90_5195 .array/port v0xb470e263cb90, 5195;
v0xb470e263cb90_5196 .array/port v0xb470e263cb90, 5196;
E_0xb470e2641e60/1300 .event anyedge, v0xb470e263cb90_5193, v0xb470e263cb90_5194, v0xb470e263cb90_5195, v0xb470e263cb90_5196;
v0xb470e263cb90_5197 .array/port v0xb470e263cb90, 5197;
v0xb470e263cb90_5198 .array/port v0xb470e263cb90, 5198;
v0xb470e263cb90_5199 .array/port v0xb470e263cb90, 5199;
v0xb470e263cb90_5200 .array/port v0xb470e263cb90, 5200;
E_0xb470e2641e60/1301 .event anyedge, v0xb470e263cb90_5197, v0xb470e263cb90_5198, v0xb470e263cb90_5199, v0xb470e263cb90_5200;
v0xb470e263cb90_5201 .array/port v0xb470e263cb90, 5201;
v0xb470e263cb90_5202 .array/port v0xb470e263cb90, 5202;
v0xb470e263cb90_5203 .array/port v0xb470e263cb90, 5203;
v0xb470e263cb90_5204 .array/port v0xb470e263cb90, 5204;
E_0xb470e2641e60/1302 .event anyedge, v0xb470e263cb90_5201, v0xb470e263cb90_5202, v0xb470e263cb90_5203, v0xb470e263cb90_5204;
v0xb470e263cb90_5205 .array/port v0xb470e263cb90, 5205;
v0xb470e263cb90_5206 .array/port v0xb470e263cb90, 5206;
v0xb470e263cb90_5207 .array/port v0xb470e263cb90, 5207;
v0xb470e263cb90_5208 .array/port v0xb470e263cb90, 5208;
E_0xb470e2641e60/1303 .event anyedge, v0xb470e263cb90_5205, v0xb470e263cb90_5206, v0xb470e263cb90_5207, v0xb470e263cb90_5208;
v0xb470e263cb90_5209 .array/port v0xb470e263cb90, 5209;
v0xb470e263cb90_5210 .array/port v0xb470e263cb90, 5210;
v0xb470e263cb90_5211 .array/port v0xb470e263cb90, 5211;
v0xb470e263cb90_5212 .array/port v0xb470e263cb90, 5212;
E_0xb470e2641e60/1304 .event anyedge, v0xb470e263cb90_5209, v0xb470e263cb90_5210, v0xb470e263cb90_5211, v0xb470e263cb90_5212;
v0xb470e263cb90_5213 .array/port v0xb470e263cb90, 5213;
v0xb470e263cb90_5214 .array/port v0xb470e263cb90, 5214;
v0xb470e263cb90_5215 .array/port v0xb470e263cb90, 5215;
v0xb470e263cb90_5216 .array/port v0xb470e263cb90, 5216;
E_0xb470e2641e60/1305 .event anyedge, v0xb470e263cb90_5213, v0xb470e263cb90_5214, v0xb470e263cb90_5215, v0xb470e263cb90_5216;
v0xb470e263cb90_5217 .array/port v0xb470e263cb90, 5217;
v0xb470e263cb90_5218 .array/port v0xb470e263cb90, 5218;
v0xb470e263cb90_5219 .array/port v0xb470e263cb90, 5219;
v0xb470e263cb90_5220 .array/port v0xb470e263cb90, 5220;
E_0xb470e2641e60/1306 .event anyedge, v0xb470e263cb90_5217, v0xb470e263cb90_5218, v0xb470e263cb90_5219, v0xb470e263cb90_5220;
v0xb470e263cb90_5221 .array/port v0xb470e263cb90, 5221;
v0xb470e263cb90_5222 .array/port v0xb470e263cb90, 5222;
v0xb470e263cb90_5223 .array/port v0xb470e263cb90, 5223;
v0xb470e263cb90_5224 .array/port v0xb470e263cb90, 5224;
E_0xb470e2641e60/1307 .event anyedge, v0xb470e263cb90_5221, v0xb470e263cb90_5222, v0xb470e263cb90_5223, v0xb470e263cb90_5224;
v0xb470e263cb90_5225 .array/port v0xb470e263cb90, 5225;
v0xb470e263cb90_5226 .array/port v0xb470e263cb90, 5226;
v0xb470e263cb90_5227 .array/port v0xb470e263cb90, 5227;
v0xb470e263cb90_5228 .array/port v0xb470e263cb90, 5228;
E_0xb470e2641e60/1308 .event anyedge, v0xb470e263cb90_5225, v0xb470e263cb90_5226, v0xb470e263cb90_5227, v0xb470e263cb90_5228;
v0xb470e263cb90_5229 .array/port v0xb470e263cb90, 5229;
v0xb470e263cb90_5230 .array/port v0xb470e263cb90, 5230;
v0xb470e263cb90_5231 .array/port v0xb470e263cb90, 5231;
v0xb470e263cb90_5232 .array/port v0xb470e263cb90, 5232;
E_0xb470e2641e60/1309 .event anyedge, v0xb470e263cb90_5229, v0xb470e263cb90_5230, v0xb470e263cb90_5231, v0xb470e263cb90_5232;
v0xb470e263cb90_5233 .array/port v0xb470e263cb90, 5233;
v0xb470e263cb90_5234 .array/port v0xb470e263cb90, 5234;
v0xb470e263cb90_5235 .array/port v0xb470e263cb90, 5235;
v0xb470e263cb90_5236 .array/port v0xb470e263cb90, 5236;
E_0xb470e2641e60/1310 .event anyedge, v0xb470e263cb90_5233, v0xb470e263cb90_5234, v0xb470e263cb90_5235, v0xb470e263cb90_5236;
v0xb470e263cb90_5237 .array/port v0xb470e263cb90, 5237;
v0xb470e263cb90_5238 .array/port v0xb470e263cb90, 5238;
v0xb470e263cb90_5239 .array/port v0xb470e263cb90, 5239;
v0xb470e263cb90_5240 .array/port v0xb470e263cb90, 5240;
E_0xb470e2641e60/1311 .event anyedge, v0xb470e263cb90_5237, v0xb470e263cb90_5238, v0xb470e263cb90_5239, v0xb470e263cb90_5240;
v0xb470e263cb90_5241 .array/port v0xb470e263cb90, 5241;
v0xb470e263cb90_5242 .array/port v0xb470e263cb90, 5242;
v0xb470e263cb90_5243 .array/port v0xb470e263cb90, 5243;
v0xb470e263cb90_5244 .array/port v0xb470e263cb90, 5244;
E_0xb470e2641e60/1312 .event anyedge, v0xb470e263cb90_5241, v0xb470e263cb90_5242, v0xb470e263cb90_5243, v0xb470e263cb90_5244;
v0xb470e263cb90_5245 .array/port v0xb470e263cb90, 5245;
v0xb470e263cb90_5246 .array/port v0xb470e263cb90, 5246;
v0xb470e263cb90_5247 .array/port v0xb470e263cb90, 5247;
v0xb470e263cb90_5248 .array/port v0xb470e263cb90, 5248;
E_0xb470e2641e60/1313 .event anyedge, v0xb470e263cb90_5245, v0xb470e263cb90_5246, v0xb470e263cb90_5247, v0xb470e263cb90_5248;
v0xb470e263cb90_5249 .array/port v0xb470e263cb90, 5249;
v0xb470e263cb90_5250 .array/port v0xb470e263cb90, 5250;
v0xb470e263cb90_5251 .array/port v0xb470e263cb90, 5251;
v0xb470e263cb90_5252 .array/port v0xb470e263cb90, 5252;
E_0xb470e2641e60/1314 .event anyedge, v0xb470e263cb90_5249, v0xb470e263cb90_5250, v0xb470e263cb90_5251, v0xb470e263cb90_5252;
v0xb470e263cb90_5253 .array/port v0xb470e263cb90, 5253;
v0xb470e263cb90_5254 .array/port v0xb470e263cb90, 5254;
v0xb470e263cb90_5255 .array/port v0xb470e263cb90, 5255;
v0xb470e263cb90_5256 .array/port v0xb470e263cb90, 5256;
E_0xb470e2641e60/1315 .event anyedge, v0xb470e263cb90_5253, v0xb470e263cb90_5254, v0xb470e263cb90_5255, v0xb470e263cb90_5256;
v0xb470e263cb90_5257 .array/port v0xb470e263cb90, 5257;
v0xb470e263cb90_5258 .array/port v0xb470e263cb90, 5258;
v0xb470e263cb90_5259 .array/port v0xb470e263cb90, 5259;
v0xb470e263cb90_5260 .array/port v0xb470e263cb90, 5260;
E_0xb470e2641e60/1316 .event anyedge, v0xb470e263cb90_5257, v0xb470e263cb90_5258, v0xb470e263cb90_5259, v0xb470e263cb90_5260;
v0xb470e263cb90_5261 .array/port v0xb470e263cb90, 5261;
v0xb470e263cb90_5262 .array/port v0xb470e263cb90, 5262;
v0xb470e263cb90_5263 .array/port v0xb470e263cb90, 5263;
v0xb470e263cb90_5264 .array/port v0xb470e263cb90, 5264;
E_0xb470e2641e60/1317 .event anyedge, v0xb470e263cb90_5261, v0xb470e263cb90_5262, v0xb470e263cb90_5263, v0xb470e263cb90_5264;
v0xb470e263cb90_5265 .array/port v0xb470e263cb90, 5265;
v0xb470e263cb90_5266 .array/port v0xb470e263cb90, 5266;
v0xb470e263cb90_5267 .array/port v0xb470e263cb90, 5267;
v0xb470e263cb90_5268 .array/port v0xb470e263cb90, 5268;
E_0xb470e2641e60/1318 .event anyedge, v0xb470e263cb90_5265, v0xb470e263cb90_5266, v0xb470e263cb90_5267, v0xb470e263cb90_5268;
v0xb470e263cb90_5269 .array/port v0xb470e263cb90, 5269;
v0xb470e263cb90_5270 .array/port v0xb470e263cb90, 5270;
v0xb470e263cb90_5271 .array/port v0xb470e263cb90, 5271;
v0xb470e263cb90_5272 .array/port v0xb470e263cb90, 5272;
E_0xb470e2641e60/1319 .event anyedge, v0xb470e263cb90_5269, v0xb470e263cb90_5270, v0xb470e263cb90_5271, v0xb470e263cb90_5272;
v0xb470e263cb90_5273 .array/port v0xb470e263cb90, 5273;
v0xb470e263cb90_5274 .array/port v0xb470e263cb90, 5274;
v0xb470e263cb90_5275 .array/port v0xb470e263cb90, 5275;
v0xb470e263cb90_5276 .array/port v0xb470e263cb90, 5276;
E_0xb470e2641e60/1320 .event anyedge, v0xb470e263cb90_5273, v0xb470e263cb90_5274, v0xb470e263cb90_5275, v0xb470e263cb90_5276;
v0xb470e263cb90_5277 .array/port v0xb470e263cb90, 5277;
v0xb470e263cb90_5278 .array/port v0xb470e263cb90, 5278;
v0xb470e263cb90_5279 .array/port v0xb470e263cb90, 5279;
v0xb470e263cb90_5280 .array/port v0xb470e263cb90, 5280;
E_0xb470e2641e60/1321 .event anyedge, v0xb470e263cb90_5277, v0xb470e263cb90_5278, v0xb470e263cb90_5279, v0xb470e263cb90_5280;
v0xb470e263cb90_5281 .array/port v0xb470e263cb90, 5281;
v0xb470e263cb90_5282 .array/port v0xb470e263cb90, 5282;
v0xb470e263cb90_5283 .array/port v0xb470e263cb90, 5283;
v0xb470e263cb90_5284 .array/port v0xb470e263cb90, 5284;
E_0xb470e2641e60/1322 .event anyedge, v0xb470e263cb90_5281, v0xb470e263cb90_5282, v0xb470e263cb90_5283, v0xb470e263cb90_5284;
v0xb470e263cb90_5285 .array/port v0xb470e263cb90, 5285;
v0xb470e263cb90_5286 .array/port v0xb470e263cb90, 5286;
v0xb470e263cb90_5287 .array/port v0xb470e263cb90, 5287;
v0xb470e263cb90_5288 .array/port v0xb470e263cb90, 5288;
E_0xb470e2641e60/1323 .event anyedge, v0xb470e263cb90_5285, v0xb470e263cb90_5286, v0xb470e263cb90_5287, v0xb470e263cb90_5288;
v0xb470e263cb90_5289 .array/port v0xb470e263cb90, 5289;
v0xb470e263cb90_5290 .array/port v0xb470e263cb90, 5290;
v0xb470e263cb90_5291 .array/port v0xb470e263cb90, 5291;
v0xb470e263cb90_5292 .array/port v0xb470e263cb90, 5292;
E_0xb470e2641e60/1324 .event anyedge, v0xb470e263cb90_5289, v0xb470e263cb90_5290, v0xb470e263cb90_5291, v0xb470e263cb90_5292;
v0xb470e263cb90_5293 .array/port v0xb470e263cb90, 5293;
v0xb470e263cb90_5294 .array/port v0xb470e263cb90, 5294;
v0xb470e263cb90_5295 .array/port v0xb470e263cb90, 5295;
v0xb470e263cb90_5296 .array/port v0xb470e263cb90, 5296;
E_0xb470e2641e60/1325 .event anyedge, v0xb470e263cb90_5293, v0xb470e263cb90_5294, v0xb470e263cb90_5295, v0xb470e263cb90_5296;
v0xb470e263cb90_5297 .array/port v0xb470e263cb90, 5297;
v0xb470e263cb90_5298 .array/port v0xb470e263cb90, 5298;
v0xb470e263cb90_5299 .array/port v0xb470e263cb90, 5299;
v0xb470e263cb90_5300 .array/port v0xb470e263cb90, 5300;
E_0xb470e2641e60/1326 .event anyedge, v0xb470e263cb90_5297, v0xb470e263cb90_5298, v0xb470e263cb90_5299, v0xb470e263cb90_5300;
v0xb470e263cb90_5301 .array/port v0xb470e263cb90, 5301;
v0xb470e263cb90_5302 .array/port v0xb470e263cb90, 5302;
v0xb470e263cb90_5303 .array/port v0xb470e263cb90, 5303;
v0xb470e263cb90_5304 .array/port v0xb470e263cb90, 5304;
E_0xb470e2641e60/1327 .event anyedge, v0xb470e263cb90_5301, v0xb470e263cb90_5302, v0xb470e263cb90_5303, v0xb470e263cb90_5304;
v0xb470e263cb90_5305 .array/port v0xb470e263cb90, 5305;
v0xb470e263cb90_5306 .array/port v0xb470e263cb90, 5306;
v0xb470e263cb90_5307 .array/port v0xb470e263cb90, 5307;
v0xb470e263cb90_5308 .array/port v0xb470e263cb90, 5308;
E_0xb470e2641e60/1328 .event anyedge, v0xb470e263cb90_5305, v0xb470e263cb90_5306, v0xb470e263cb90_5307, v0xb470e263cb90_5308;
v0xb470e263cb90_5309 .array/port v0xb470e263cb90, 5309;
v0xb470e263cb90_5310 .array/port v0xb470e263cb90, 5310;
v0xb470e263cb90_5311 .array/port v0xb470e263cb90, 5311;
v0xb470e263cb90_5312 .array/port v0xb470e263cb90, 5312;
E_0xb470e2641e60/1329 .event anyedge, v0xb470e263cb90_5309, v0xb470e263cb90_5310, v0xb470e263cb90_5311, v0xb470e263cb90_5312;
v0xb470e263cb90_5313 .array/port v0xb470e263cb90, 5313;
v0xb470e263cb90_5314 .array/port v0xb470e263cb90, 5314;
v0xb470e263cb90_5315 .array/port v0xb470e263cb90, 5315;
v0xb470e263cb90_5316 .array/port v0xb470e263cb90, 5316;
E_0xb470e2641e60/1330 .event anyedge, v0xb470e263cb90_5313, v0xb470e263cb90_5314, v0xb470e263cb90_5315, v0xb470e263cb90_5316;
v0xb470e263cb90_5317 .array/port v0xb470e263cb90, 5317;
v0xb470e263cb90_5318 .array/port v0xb470e263cb90, 5318;
v0xb470e263cb90_5319 .array/port v0xb470e263cb90, 5319;
v0xb470e263cb90_5320 .array/port v0xb470e263cb90, 5320;
E_0xb470e2641e60/1331 .event anyedge, v0xb470e263cb90_5317, v0xb470e263cb90_5318, v0xb470e263cb90_5319, v0xb470e263cb90_5320;
v0xb470e263cb90_5321 .array/port v0xb470e263cb90, 5321;
v0xb470e263cb90_5322 .array/port v0xb470e263cb90, 5322;
v0xb470e263cb90_5323 .array/port v0xb470e263cb90, 5323;
v0xb470e263cb90_5324 .array/port v0xb470e263cb90, 5324;
E_0xb470e2641e60/1332 .event anyedge, v0xb470e263cb90_5321, v0xb470e263cb90_5322, v0xb470e263cb90_5323, v0xb470e263cb90_5324;
v0xb470e263cb90_5325 .array/port v0xb470e263cb90, 5325;
v0xb470e263cb90_5326 .array/port v0xb470e263cb90, 5326;
v0xb470e263cb90_5327 .array/port v0xb470e263cb90, 5327;
v0xb470e263cb90_5328 .array/port v0xb470e263cb90, 5328;
E_0xb470e2641e60/1333 .event anyedge, v0xb470e263cb90_5325, v0xb470e263cb90_5326, v0xb470e263cb90_5327, v0xb470e263cb90_5328;
v0xb470e263cb90_5329 .array/port v0xb470e263cb90, 5329;
v0xb470e263cb90_5330 .array/port v0xb470e263cb90, 5330;
v0xb470e263cb90_5331 .array/port v0xb470e263cb90, 5331;
v0xb470e263cb90_5332 .array/port v0xb470e263cb90, 5332;
E_0xb470e2641e60/1334 .event anyedge, v0xb470e263cb90_5329, v0xb470e263cb90_5330, v0xb470e263cb90_5331, v0xb470e263cb90_5332;
v0xb470e263cb90_5333 .array/port v0xb470e263cb90, 5333;
v0xb470e263cb90_5334 .array/port v0xb470e263cb90, 5334;
v0xb470e263cb90_5335 .array/port v0xb470e263cb90, 5335;
v0xb470e263cb90_5336 .array/port v0xb470e263cb90, 5336;
E_0xb470e2641e60/1335 .event anyedge, v0xb470e263cb90_5333, v0xb470e263cb90_5334, v0xb470e263cb90_5335, v0xb470e263cb90_5336;
v0xb470e263cb90_5337 .array/port v0xb470e263cb90, 5337;
v0xb470e263cb90_5338 .array/port v0xb470e263cb90, 5338;
v0xb470e263cb90_5339 .array/port v0xb470e263cb90, 5339;
v0xb470e263cb90_5340 .array/port v0xb470e263cb90, 5340;
E_0xb470e2641e60/1336 .event anyedge, v0xb470e263cb90_5337, v0xb470e263cb90_5338, v0xb470e263cb90_5339, v0xb470e263cb90_5340;
v0xb470e263cb90_5341 .array/port v0xb470e263cb90, 5341;
v0xb470e263cb90_5342 .array/port v0xb470e263cb90, 5342;
v0xb470e263cb90_5343 .array/port v0xb470e263cb90, 5343;
v0xb470e263cb90_5344 .array/port v0xb470e263cb90, 5344;
E_0xb470e2641e60/1337 .event anyedge, v0xb470e263cb90_5341, v0xb470e263cb90_5342, v0xb470e263cb90_5343, v0xb470e263cb90_5344;
v0xb470e263cb90_5345 .array/port v0xb470e263cb90, 5345;
v0xb470e263cb90_5346 .array/port v0xb470e263cb90, 5346;
v0xb470e263cb90_5347 .array/port v0xb470e263cb90, 5347;
v0xb470e263cb90_5348 .array/port v0xb470e263cb90, 5348;
E_0xb470e2641e60/1338 .event anyedge, v0xb470e263cb90_5345, v0xb470e263cb90_5346, v0xb470e263cb90_5347, v0xb470e263cb90_5348;
v0xb470e263cb90_5349 .array/port v0xb470e263cb90, 5349;
v0xb470e263cb90_5350 .array/port v0xb470e263cb90, 5350;
v0xb470e263cb90_5351 .array/port v0xb470e263cb90, 5351;
v0xb470e263cb90_5352 .array/port v0xb470e263cb90, 5352;
E_0xb470e2641e60/1339 .event anyedge, v0xb470e263cb90_5349, v0xb470e263cb90_5350, v0xb470e263cb90_5351, v0xb470e263cb90_5352;
v0xb470e263cb90_5353 .array/port v0xb470e263cb90, 5353;
v0xb470e263cb90_5354 .array/port v0xb470e263cb90, 5354;
v0xb470e263cb90_5355 .array/port v0xb470e263cb90, 5355;
v0xb470e263cb90_5356 .array/port v0xb470e263cb90, 5356;
E_0xb470e2641e60/1340 .event anyedge, v0xb470e263cb90_5353, v0xb470e263cb90_5354, v0xb470e263cb90_5355, v0xb470e263cb90_5356;
v0xb470e263cb90_5357 .array/port v0xb470e263cb90, 5357;
v0xb470e263cb90_5358 .array/port v0xb470e263cb90, 5358;
v0xb470e263cb90_5359 .array/port v0xb470e263cb90, 5359;
v0xb470e263cb90_5360 .array/port v0xb470e263cb90, 5360;
E_0xb470e2641e60/1341 .event anyedge, v0xb470e263cb90_5357, v0xb470e263cb90_5358, v0xb470e263cb90_5359, v0xb470e263cb90_5360;
v0xb470e263cb90_5361 .array/port v0xb470e263cb90, 5361;
v0xb470e263cb90_5362 .array/port v0xb470e263cb90, 5362;
v0xb470e263cb90_5363 .array/port v0xb470e263cb90, 5363;
v0xb470e263cb90_5364 .array/port v0xb470e263cb90, 5364;
E_0xb470e2641e60/1342 .event anyedge, v0xb470e263cb90_5361, v0xb470e263cb90_5362, v0xb470e263cb90_5363, v0xb470e263cb90_5364;
v0xb470e263cb90_5365 .array/port v0xb470e263cb90, 5365;
v0xb470e263cb90_5366 .array/port v0xb470e263cb90, 5366;
v0xb470e263cb90_5367 .array/port v0xb470e263cb90, 5367;
v0xb470e263cb90_5368 .array/port v0xb470e263cb90, 5368;
E_0xb470e2641e60/1343 .event anyedge, v0xb470e263cb90_5365, v0xb470e263cb90_5366, v0xb470e263cb90_5367, v0xb470e263cb90_5368;
v0xb470e263cb90_5369 .array/port v0xb470e263cb90, 5369;
v0xb470e263cb90_5370 .array/port v0xb470e263cb90, 5370;
v0xb470e263cb90_5371 .array/port v0xb470e263cb90, 5371;
v0xb470e263cb90_5372 .array/port v0xb470e263cb90, 5372;
E_0xb470e2641e60/1344 .event anyedge, v0xb470e263cb90_5369, v0xb470e263cb90_5370, v0xb470e263cb90_5371, v0xb470e263cb90_5372;
v0xb470e263cb90_5373 .array/port v0xb470e263cb90, 5373;
v0xb470e263cb90_5374 .array/port v0xb470e263cb90, 5374;
v0xb470e263cb90_5375 .array/port v0xb470e263cb90, 5375;
v0xb470e263cb90_5376 .array/port v0xb470e263cb90, 5376;
E_0xb470e2641e60/1345 .event anyedge, v0xb470e263cb90_5373, v0xb470e263cb90_5374, v0xb470e263cb90_5375, v0xb470e263cb90_5376;
v0xb470e263cb90_5377 .array/port v0xb470e263cb90, 5377;
v0xb470e263cb90_5378 .array/port v0xb470e263cb90, 5378;
v0xb470e263cb90_5379 .array/port v0xb470e263cb90, 5379;
v0xb470e263cb90_5380 .array/port v0xb470e263cb90, 5380;
E_0xb470e2641e60/1346 .event anyedge, v0xb470e263cb90_5377, v0xb470e263cb90_5378, v0xb470e263cb90_5379, v0xb470e263cb90_5380;
v0xb470e263cb90_5381 .array/port v0xb470e263cb90, 5381;
v0xb470e263cb90_5382 .array/port v0xb470e263cb90, 5382;
v0xb470e263cb90_5383 .array/port v0xb470e263cb90, 5383;
v0xb470e263cb90_5384 .array/port v0xb470e263cb90, 5384;
E_0xb470e2641e60/1347 .event anyedge, v0xb470e263cb90_5381, v0xb470e263cb90_5382, v0xb470e263cb90_5383, v0xb470e263cb90_5384;
v0xb470e263cb90_5385 .array/port v0xb470e263cb90, 5385;
v0xb470e263cb90_5386 .array/port v0xb470e263cb90, 5386;
v0xb470e263cb90_5387 .array/port v0xb470e263cb90, 5387;
v0xb470e263cb90_5388 .array/port v0xb470e263cb90, 5388;
E_0xb470e2641e60/1348 .event anyedge, v0xb470e263cb90_5385, v0xb470e263cb90_5386, v0xb470e263cb90_5387, v0xb470e263cb90_5388;
v0xb470e263cb90_5389 .array/port v0xb470e263cb90, 5389;
v0xb470e263cb90_5390 .array/port v0xb470e263cb90, 5390;
v0xb470e263cb90_5391 .array/port v0xb470e263cb90, 5391;
v0xb470e263cb90_5392 .array/port v0xb470e263cb90, 5392;
E_0xb470e2641e60/1349 .event anyedge, v0xb470e263cb90_5389, v0xb470e263cb90_5390, v0xb470e263cb90_5391, v0xb470e263cb90_5392;
v0xb470e263cb90_5393 .array/port v0xb470e263cb90, 5393;
v0xb470e263cb90_5394 .array/port v0xb470e263cb90, 5394;
v0xb470e263cb90_5395 .array/port v0xb470e263cb90, 5395;
v0xb470e263cb90_5396 .array/port v0xb470e263cb90, 5396;
E_0xb470e2641e60/1350 .event anyedge, v0xb470e263cb90_5393, v0xb470e263cb90_5394, v0xb470e263cb90_5395, v0xb470e263cb90_5396;
v0xb470e263cb90_5397 .array/port v0xb470e263cb90, 5397;
v0xb470e263cb90_5398 .array/port v0xb470e263cb90, 5398;
v0xb470e263cb90_5399 .array/port v0xb470e263cb90, 5399;
v0xb470e263cb90_5400 .array/port v0xb470e263cb90, 5400;
E_0xb470e2641e60/1351 .event anyedge, v0xb470e263cb90_5397, v0xb470e263cb90_5398, v0xb470e263cb90_5399, v0xb470e263cb90_5400;
v0xb470e263cb90_5401 .array/port v0xb470e263cb90, 5401;
v0xb470e263cb90_5402 .array/port v0xb470e263cb90, 5402;
v0xb470e263cb90_5403 .array/port v0xb470e263cb90, 5403;
v0xb470e263cb90_5404 .array/port v0xb470e263cb90, 5404;
E_0xb470e2641e60/1352 .event anyedge, v0xb470e263cb90_5401, v0xb470e263cb90_5402, v0xb470e263cb90_5403, v0xb470e263cb90_5404;
v0xb470e263cb90_5405 .array/port v0xb470e263cb90, 5405;
v0xb470e263cb90_5406 .array/port v0xb470e263cb90, 5406;
v0xb470e263cb90_5407 .array/port v0xb470e263cb90, 5407;
v0xb470e263cb90_5408 .array/port v0xb470e263cb90, 5408;
E_0xb470e2641e60/1353 .event anyedge, v0xb470e263cb90_5405, v0xb470e263cb90_5406, v0xb470e263cb90_5407, v0xb470e263cb90_5408;
v0xb470e263cb90_5409 .array/port v0xb470e263cb90, 5409;
v0xb470e263cb90_5410 .array/port v0xb470e263cb90, 5410;
v0xb470e263cb90_5411 .array/port v0xb470e263cb90, 5411;
v0xb470e263cb90_5412 .array/port v0xb470e263cb90, 5412;
E_0xb470e2641e60/1354 .event anyedge, v0xb470e263cb90_5409, v0xb470e263cb90_5410, v0xb470e263cb90_5411, v0xb470e263cb90_5412;
v0xb470e263cb90_5413 .array/port v0xb470e263cb90, 5413;
v0xb470e263cb90_5414 .array/port v0xb470e263cb90, 5414;
v0xb470e263cb90_5415 .array/port v0xb470e263cb90, 5415;
v0xb470e263cb90_5416 .array/port v0xb470e263cb90, 5416;
E_0xb470e2641e60/1355 .event anyedge, v0xb470e263cb90_5413, v0xb470e263cb90_5414, v0xb470e263cb90_5415, v0xb470e263cb90_5416;
v0xb470e263cb90_5417 .array/port v0xb470e263cb90, 5417;
v0xb470e263cb90_5418 .array/port v0xb470e263cb90, 5418;
v0xb470e263cb90_5419 .array/port v0xb470e263cb90, 5419;
v0xb470e263cb90_5420 .array/port v0xb470e263cb90, 5420;
E_0xb470e2641e60/1356 .event anyedge, v0xb470e263cb90_5417, v0xb470e263cb90_5418, v0xb470e263cb90_5419, v0xb470e263cb90_5420;
v0xb470e263cb90_5421 .array/port v0xb470e263cb90, 5421;
v0xb470e263cb90_5422 .array/port v0xb470e263cb90, 5422;
v0xb470e263cb90_5423 .array/port v0xb470e263cb90, 5423;
v0xb470e263cb90_5424 .array/port v0xb470e263cb90, 5424;
E_0xb470e2641e60/1357 .event anyedge, v0xb470e263cb90_5421, v0xb470e263cb90_5422, v0xb470e263cb90_5423, v0xb470e263cb90_5424;
v0xb470e263cb90_5425 .array/port v0xb470e263cb90, 5425;
v0xb470e263cb90_5426 .array/port v0xb470e263cb90, 5426;
v0xb470e263cb90_5427 .array/port v0xb470e263cb90, 5427;
v0xb470e263cb90_5428 .array/port v0xb470e263cb90, 5428;
E_0xb470e2641e60/1358 .event anyedge, v0xb470e263cb90_5425, v0xb470e263cb90_5426, v0xb470e263cb90_5427, v0xb470e263cb90_5428;
v0xb470e263cb90_5429 .array/port v0xb470e263cb90, 5429;
v0xb470e263cb90_5430 .array/port v0xb470e263cb90, 5430;
v0xb470e263cb90_5431 .array/port v0xb470e263cb90, 5431;
v0xb470e263cb90_5432 .array/port v0xb470e263cb90, 5432;
E_0xb470e2641e60/1359 .event anyedge, v0xb470e263cb90_5429, v0xb470e263cb90_5430, v0xb470e263cb90_5431, v0xb470e263cb90_5432;
v0xb470e263cb90_5433 .array/port v0xb470e263cb90, 5433;
v0xb470e263cb90_5434 .array/port v0xb470e263cb90, 5434;
v0xb470e263cb90_5435 .array/port v0xb470e263cb90, 5435;
v0xb470e263cb90_5436 .array/port v0xb470e263cb90, 5436;
E_0xb470e2641e60/1360 .event anyedge, v0xb470e263cb90_5433, v0xb470e263cb90_5434, v0xb470e263cb90_5435, v0xb470e263cb90_5436;
v0xb470e263cb90_5437 .array/port v0xb470e263cb90, 5437;
v0xb470e263cb90_5438 .array/port v0xb470e263cb90, 5438;
v0xb470e263cb90_5439 .array/port v0xb470e263cb90, 5439;
v0xb470e263cb90_5440 .array/port v0xb470e263cb90, 5440;
E_0xb470e2641e60/1361 .event anyedge, v0xb470e263cb90_5437, v0xb470e263cb90_5438, v0xb470e263cb90_5439, v0xb470e263cb90_5440;
v0xb470e263cb90_5441 .array/port v0xb470e263cb90, 5441;
v0xb470e263cb90_5442 .array/port v0xb470e263cb90, 5442;
v0xb470e263cb90_5443 .array/port v0xb470e263cb90, 5443;
v0xb470e263cb90_5444 .array/port v0xb470e263cb90, 5444;
E_0xb470e2641e60/1362 .event anyedge, v0xb470e263cb90_5441, v0xb470e263cb90_5442, v0xb470e263cb90_5443, v0xb470e263cb90_5444;
v0xb470e263cb90_5445 .array/port v0xb470e263cb90, 5445;
v0xb470e263cb90_5446 .array/port v0xb470e263cb90, 5446;
v0xb470e263cb90_5447 .array/port v0xb470e263cb90, 5447;
v0xb470e263cb90_5448 .array/port v0xb470e263cb90, 5448;
E_0xb470e2641e60/1363 .event anyedge, v0xb470e263cb90_5445, v0xb470e263cb90_5446, v0xb470e263cb90_5447, v0xb470e263cb90_5448;
v0xb470e263cb90_5449 .array/port v0xb470e263cb90, 5449;
v0xb470e263cb90_5450 .array/port v0xb470e263cb90, 5450;
v0xb470e263cb90_5451 .array/port v0xb470e263cb90, 5451;
v0xb470e263cb90_5452 .array/port v0xb470e263cb90, 5452;
E_0xb470e2641e60/1364 .event anyedge, v0xb470e263cb90_5449, v0xb470e263cb90_5450, v0xb470e263cb90_5451, v0xb470e263cb90_5452;
v0xb470e263cb90_5453 .array/port v0xb470e263cb90, 5453;
v0xb470e263cb90_5454 .array/port v0xb470e263cb90, 5454;
v0xb470e263cb90_5455 .array/port v0xb470e263cb90, 5455;
v0xb470e263cb90_5456 .array/port v0xb470e263cb90, 5456;
E_0xb470e2641e60/1365 .event anyedge, v0xb470e263cb90_5453, v0xb470e263cb90_5454, v0xb470e263cb90_5455, v0xb470e263cb90_5456;
v0xb470e263cb90_5457 .array/port v0xb470e263cb90, 5457;
v0xb470e263cb90_5458 .array/port v0xb470e263cb90, 5458;
v0xb470e263cb90_5459 .array/port v0xb470e263cb90, 5459;
v0xb470e263cb90_5460 .array/port v0xb470e263cb90, 5460;
E_0xb470e2641e60/1366 .event anyedge, v0xb470e263cb90_5457, v0xb470e263cb90_5458, v0xb470e263cb90_5459, v0xb470e263cb90_5460;
v0xb470e263cb90_5461 .array/port v0xb470e263cb90, 5461;
v0xb470e263cb90_5462 .array/port v0xb470e263cb90, 5462;
v0xb470e263cb90_5463 .array/port v0xb470e263cb90, 5463;
v0xb470e263cb90_5464 .array/port v0xb470e263cb90, 5464;
E_0xb470e2641e60/1367 .event anyedge, v0xb470e263cb90_5461, v0xb470e263cb90_5462, v0xb470e263cb90_5463, v0xb470e263cb90_5464;
v0xb470e263cb90_5465 .array/port v0xb470e263cb90, 5465;
v0xb470e263cb90_5466 .array/port v0xb470e263cb90, 5466;
v0xb470e263cb90_5467 .array/port v0xb470e263cb90, 5467;
v0xb470e263cb90_5468 .array/port v0xb470e263cb90, 5468;
E_0xb470e2641e60/1368 .event anyedge, v0xb470e263cb90_5465, v0xb470e263cb90_5466, v0xb470e263cb90_5467, v0xb470e263cb90_5468;
v0xb470e263cb90_5469 .array/port v0xb470e263cb90, 5469;
v0xb470e263cb90_5470 .array/port v0xb470e263cb90, 5470;
v0xb470e263cb90_5471 .array/port v0xb470e263cb90, 5471;
v0xb470e263cb90_5472 .array/port v0xb470e263cb90, 5472;
E_0xb470e2641e60/1369 .event anyedge, v0xb470e263cb90_5469, v0xb470e263cb90_5470, v0xb470e263cb90_5471, v0xb470e263cb90_5472;
v0xb470e263cb90_5473 .array/port v0xb470e263cb90, 5473;
v0xb470e263cb90_5474 .array/port v0xb470e263cb90, 5474;
v0xb470e263cb90_5475 .array/port v0xb470e263cb90, 5475;
v0xb470e263cb90_5476 .array/port v0xb470e263cb90, 5476;
E_0xb470e2641e60/1370 .event anyedge, v0xb470e263cb90_5473, v0xb470e263cb90_5474, v0xb470e263cb90_5475, v0xb470e263cb90_5476;
v0xb470e263cb90_5477 .array/port v0xb470e263cb90, 5477;
v0xb470e263cb90_5478 .array/port v0xb470e263cb90, 5478;
v0xb470e263cb90_5479 .array/port v0xb470e263cb90, 5479;
v0xb470e263cb90_5480 .array/port v0xb470e263cb90, 5480;
E_0xb470e2641e60/1371 .event anyedge, v0xb470e263cb90_5477, v0xb470e263cb90_5478, v0xb470e263cb90_5479, v0xb470e263cb90_5480;
v0xb470e263cb90_5481 .array/port v0xb470e263cb90, 5481;
v0xb470e263cb90_5482 .array/port v0xb470e263cb90, 5482;
v0xb470e263cb90_5483 .array/port v0xb470e263cb90, 5483;
v0xb470e263cb90_5484 .array/port v0xb470e263cb90, 5484;
E_0xb470e2641e60/1372 .event anyedge, v0xb470e263cb90_5481, v0xb470e263cb90_5482, v0xb470e263cb90_5483, v0xb470e263cb90_5484;
v0xb470e263cb90_5485 .array/port v0xb470e263cb90, 5485;
v0xb470e263cb90_5486 .array/port v0xb470e263cb90, 5486;
v0xb470e263cb90_5487 .array/port v0xb470e263cb90, 5487;
v0xb470e263cb90_5488 .array/port v0xb470e263cb90, 5488;
E_0xb470e2641e60/1373 .event anyedge, v0xb470e263cb90_5485, v0xb470e263cb90_5486, v0xb470e263cb90_5487, v0xb470e263cb90_5488;
v0xb470e263cb90_5489 .array/port v0xb470e263cb90, 5489;
v0xb470e263cb90_5490 .array/port v0xb470e263cb90, 5490;
v0xb470e263cb90_5491 .array/port v0xb470e263cb90, 5491;
v0xb470e263cb90_5492 .array/port v0xb470e263cb90, 5492;
E_0xb470e2641e60/1374 .event anyedge, v0xb470e263cb90_5489, v0xb470e263cb90_5490, v0xb470e263cb90_5491, v0xb470e263cb90_5492;
v0xb470e263cb90_5493 .array/port v0xb470e263cb90, 5493;
v0xb470e263cb90_5494 .array/port v0xb470e263cb90, 5494;
v0xb470e263cb90_5495 .array/port v0xb470e263cb90, 5495;
v0xb470e263cb90_5496 .array/port v0xb470e263cb90, 5496;
E_0xb470e2641e60/1375 .event anyedge, v0xb470e263cb90_5493, v0xb470e263cb90_5494, v0xb470e263cb90_5495, v0xb470e263cb90_5496;
v0xb470e263cb90_5497 .array/port v0xb470e263cb90, 5497;
v0xb470e263cb90_5498 .array/port v0xb470e263cb90, 5498;
v0xb470e263cb90_5499 .array/port v0xb470e263cb90, 5499;
v0xb470e263cb90_5500 .array/port v0xb470e263cb90, 5500;
E_0xb470e2641e60/1376 .event anyedge, v0xb470e263cb90_5497, v0xb470e263cb90_5498, v0xb470e263cb90_5499, v0xb470e263cb90_5500;
v0xb470e263cb90_5501 .array/port v0xb470e263cb90, 5501;
v0xb470e263cb90_5502 .array/port v0xb470e263cb90, 5502;
v0xb470e263cb90_5503 .array/port v0xb470e263cb90, 5503;
v0xb470e263cb90_5504 .array/port v0xb470e263cb90, 5504;
E_0xb470e2641e60/1377 .event anyedge, v0xb470e263cb90_5501, v0xb470e263cb90_5502, v0xb470e263cb90_5503, v0xb470e263cb90_5504;
v0xb470e263cb90_5505 .array/port v0xb470e263cb90, 5505;
v0xb470e263cb90_5506 .array/port v0xb470e263cb90, 5506;
v0xb470e263cb90_5507 .array/port v0xb470e263cb90, 5507;
v0xb470e263cb90_5508 .array/port v0xb470e263cb90, 5508;
E_0xb470e2641e60/1378 .event anyedge, v0xb470e263cb90_5505, v0xb470e263cb90_5506, v0xb470e263cb90_5507, v0xb470e263cb90_5508;
v0xb470e263cb90_5509 .array/port v0xb470e263cb90, 5509;
v0xb470e263cb90_5510 .array/port v0xb470e263cb90, 5510;
v0xb470e263cb90_5511 .array/port v0xb470e263cb90, 5511;
v0xb470e263cb90_5512 .array/port v0xb470e263cb90, 5512;
E_0xb470e2641e60/1379 .event anyedge, v0xb470e263cb90_5509, v0xb470e263cb90_5510, v0xb470e263cb90_5511, v0xb470e263cb90_5512;
v0xb470e263cb90_5513 .array/port v0xb470e263cb90, 5513;
v0xb470e263cb90_5514 .array/port v0xb470e263cb90, 5514;
v0xb470e263cb90_5515 .array/port v0xb470e263cb90, 5515;
v0xb470e263cb90_5516 .array/port v0xb470e263cb90, 5516;
E_0xb470e2641e60/1380 .event anyedge, v0xb470e263cb90_5513, v0xb470e263cb90_5514, v0xb470e263cb90_5515, v0xb470e263cb90_5516;
v0xb470e263cb90_5517 .array/port v0xb470e263cb90, 5517;
v0xb470e263cb90_5518 .array/port v0xb470e263cb90, 5518;
v0xb470e263cb90_5519 .array/port v0xb470e263cb90, 5519;
v0xb470e263cb90_5520 .array/port v0xb470e263cb90, 5520;
E_0xb470e2641e60/1381 .event anyedge, v0xb470e263cb90_5517, v0xb470e263cb90_5518, v0xb470e263cb90_5519, v0xb470e263cb90_5520;
v0xb470e263cb90_5521 .array/port v0xb470e263cb90, 5521;
v0xb470e263cb90_5522 .array/port v0xb470e263cb90, 5522;
v0xb470e263cb90_5523 .array/port v0xb470e263cb90, 5523;
v0xb470e263cb90_5524 .array/port v0xb470e263cb90, 5524;
E_0xb470e2641e60/1382 .event anyedge, v0xb470e263cb90_5521, v0xb470e263cb90_5522, v0xb470e263cb90_5523, v0xb470e263cb90_5524;
v0xb470e263cb90_5525 .array/port v0xb470e263cb90, 5525;
v0xb470e263cb90_5526 .array/port v0xb470e263cb90, 5526;
v0xb470e263cb90_5527 .array/port v0xb470e263cb90, 5527;
v0xb470e263cb90_5528 .array/port v0xb470e263cb90, 5528;
E_0xb470e2641e60/1383 .event anyedge, v0xb470e263cb90_5525, v0xb470e263cb90_5526, v0xb470e263cb90_5527, v0xb470e263cb90_5528;
v0xb470e263cb90_5529 .array/port v0xb470e263cb90, 5529;
v0xb470e263cb90_5530 .array/port v0xb470e263cb90, 5530;
v0xb470e263cb90_5531 .array/port v0xb470e263cb90, 5531;
v0xb470e263cb90_5532 .array/port v0xb470e263cb90, 5532;
E_0xb470e2641e60/1384 .event anyedge, v0xb470e263cb90_5529, v0xb470e263cb90_5530, v0xb470e263cb90_5531, v0xb470e263cb90_5532;
v0xb470e263cb90_5533 .array/port v0xb470e263cb90, 5533;
v0xb470e263cb90_5534 .array/port v0xb470e263cb90, 5534;
v0xb470e263cb90_5535 .array/port v0xb470e263cb90, 5535;
v0xb470e263cb90_5536 .array/port v0xb470e263cb90, 5536;
E_0xb470e2641e60/1385 .event anyedge, v0xb470e263cb90_5533, v0xb470e263cb90_5534, v0xb470e263cb90_5535, v0xb470e263cb90_5536;
v0xb470e263cb90_5537 .array/port v0xb470e263cb90, 5537;
v0xb470e263cb90_5538 .array/port v0xb470e263cb90, 5538;
v0xb470e263cb90_5539 .array/port v0xb470e263cb90, 5539;
v0xb470e263cb90_5540 .array/port v0xb470e263cb90, 5540;
E_0xb470e2641e60/1386 .event anyedge, v0xb470e263cb90_5537, v0xb470e263cb90_5538, v0xb470e263cb90_5539, v0xb470e263cb90_5540;
v0xb470e263cb90_5541 .array/port v0xb470e263cb90, 5541;
v0xb470e263cb90_5542 .array/port v0xb470e263cb90, 5542;
v0xb470e263cb90_5543 .array/port v0xb470e263cb90, 5543;
v0xb470e263cb90_5544 .array/port v0xb470e263cb90, 5544;
E_0xb470e2641e60/1387 .event anyedge, v0xb470e263cb90_5541, v0xb470e263cb90_5542, v0xb470e263cb90_5543, v0xb470e263cb90_5544;
v0xb470e263cb90_5545 .array/port v0xb470e263cb90, 5545;
v0xb470e263cb90_5546 .array/port v0xb470e263cb90, 5546;
v0xb470e263cb90_5547 .array/port v0xb470e263cb90, 5547;
v0xb470e263cb90_5548 .array/port v0xb470e263cb90, 5548;
E_0xb470e2641e60/1388 .event anyedge, v0xb470e263cb90_5545, v0xb470e263cb90_5546, v0xb470e263cb90_5547, v0xb470e263cb90_5548;
v0xb470e263cb90_5549 .array/port v0xb470e263cb90, 5549;
v0xb470e263cb90_5550 .array/port v0xb470e263cb90, 5550;
v0xb470e263cb90_5551 .array/port v0xb470e263cb90, 5551;
v0xb470e263cb90_5552 .array/port v0xb470e263cb90, 5552;
E_0xb470e2641e60/1389 .event anyedge, v0xb470e263cb90_5549, v0xb470e263cb90_5550, v0xb470e263cb90_5551, v0xb470e263cb90_5552;
v0xb470e263cb90_5553 .array/port v0xb470e263cb90, 5553;
v0xb470e263cb90_5554 .array/port v0xb470e263cb90, 5554;
v0xb470e263cb90_5555 .array/port v0xb470e263cb90, 5555;
v0xb470e263cb90_5556 .array/port v0xb470e263cb90, 5556;
E_0xb470e2641e60/1390 .event anyedge, v0xb470e263cb90_5553, v0xb470e263cb90_5554, v0xb470e263cb90_5555, v0xb470e263cb90_5556;
v0xb470e263cb90_5557 .array/port v0xb470e263cb90, 5557;
v0xb470e263cb90_5558 .array/port v0xb470e263cb90, 5558;
v0xb470e263cb90_5559 .array/port v0xb470e263cb90, 5559;
v0xb470e263cb90_5560 .array/port v0xb470e263cb90, 5560;
E_0xb470e2641e60/1391 .event anyedge, v0xb470e263cb90_5557, v0xb470e263cb90_5558, v0xb470e263cb90_5559, v0xb470e263cb90_5560;
v0xb470e263cb90_5561 .array/port v0xb470e263cb90, 5561;
v0xb470e263cb90_5562 .array/port v0xb470e263cb90, 5562;
v0xb470e263cb90_5563 .array/port v0xb470e263cb90, 5563;
v0xb470e263cb90_5564 .array/port v0xb470e263cb90, 5564;
E_0xb470e2641e60/1392 .event anyedge, v0xb470e263cb90_5561, v0xb470e263cb90_5562, v0xb470e263cb90_5563, v0xb470e263cb90_5564;
v0xb470e263cb90_5565 .array/port v0xb470e263cb90, 5565;
v0xb470e263cb90_5566 .array/port v0xb470e263cb90, 5566;
v0xb470e263cb90_5567 .array/port v0xb470e263cb90, 5567;
v0xb470e263cb90_5568 .array/port v0xb470e263cb90, 5568;
E_0xb470e2641e60/1393 .event anyedge, v0xb470e263cb90_5565, v0xb470e263cb90_5566, v0xb470e263cb90_5567, v0xb470e263cb90_5568;
v0xb470e263cb90_5569 .array/port v0xb470e263cb90, 5569;
v0xb470e263cb90_5570 .array/port v0xb470e263cb90, 5570;
v0xb470e263cb90_5571 .array/port v0xb470e263cb90, 5571;
v0xb470e263cb90_5572 .array/port v0xb470e263cb90, 5572;
E_0xb470e2641e60/1394 .event anyedge, v0xb470e263cb90_5569, v0xb470e263cb90_5570, v0xb470e263cb90_5571, v0xb470e263cb90_5572;
v0xb470e263cb90_5573 .array/port v0xb470e263cb90, 5573;
v0xb470e263cb90_5574 .array/port v0xb470e263cb90, 5574;
v0xb470e263cb90_5575 .array/port v0xb470e263cb90, 5575;
v0xb470e263cb90_5576 .array/port v0xb470e263cb90, 5576;
E_0xb470e2641e60/1395 .event anyedge, v0xb470e263cb90_5573, v0xb470e263cb90_5574, v0xb470e263cb90_5575, v0xb470e263cb90_5576;
v0xb470e263cb90_5577 .array/port v0xb470e263cb90, 5577;
v0xb470e263cb90_5578 .array/port v0xb470e263cb90, 5578;
v0xb470e263cb90_5579 .array/port v0xb470e263cb90, 5579;
v0xb470e263cb90_5580 .array/port v0xb470e263cb90, 5580;
E_0xb470e2641e60/1396 .event anyedge, v0xb470e263cb90_5577, v0xb470e263cb90_5578, v0xb470e263cb90_5579, v0xb470e263cb90_5580;
v0xb470e263cb90_5581 .array/port v0xb470e263cb90, 5581;
v0xb470e263cb90_5582 .array/port v0xb470e263cb90, 5582;
v0xb470e263cb90_5583 .array/port v0xb470e263cb90, 5583;
v0xb470e263cb90_5584 .array/port v0xb470e263cb90, 5584;
E_0xb470e2641e60/1397 .event anyedge, v0xb470e263cb90_5581, v0xb470e263cb90_5582, v0xb470e263cb90_5583, v0xb470e263cb90_5584;
v0xb470e263cb90_5585 .array/port v0xb470e263cb90, 5585;
v0xb470e263cb90_5586 .array/port v0xb470e263cb90, 5586;
v0xb470e263cb90_5587 .array/port v0xb470e263cb90, 5587;
v0xb470e263cb90_5588 .array/port v0xb470e263cb90, 5588;
E_0xb470e2641e60/1398 .event anyedge, v0xb470e263cb90_5585, v0xb470e263cb90_5586, v0xb470e263cb90_5587, v0xb470e263cb90_5588;
v0xb470e263cb90_5589 .array/port v0xb470e263cb90, 5589;
v0xb470e263cb90_5590 .array/port v0xb470e263cb90, 5590;
v0xb470e263cb90_5591 .array/port v0xb470e263cb90, 5591;
v0xb470e263cb90_5592 .array/port v0xb470e263cb90, 5592;
E_0xb470e2641e60/1399 .event anyedge, v0xb470e263cb90_5589, v0xb470e263cb90_5590, v0xb470e263cb90_5591, v0xb470e263cb90_5592;
v0xb470e263cb90_5593 .array/port v0xb470e263cb90, 5593;
v0xb470e263cb90_5594 .array/port v0xb470e263cb90, 5594;
v0xb470e263cb90_5595 .array/port v0xb470e263cb90, 5595;
v0xb470e263cb90_5596 .array/port v0xb470e263cb90, 5596;
E_0xb470e2641e60/1400 .event anyedge, v0xb470e263cb90_5593, v0xb470e263cb90_5594, v0xb470e263cb90_5595, v0xb470e263cb90_5596;
v0xb470e263cb90_5597 .array/port v0xb470e263cb90, 5597;
v0xb470e263cb90_5598 .array/port v0xb470e263cb90, 5598;
v0xb470e263cb90_5599 .array/port v0xb470e263cb90, 5599;
v0xb470e263cb90_5600 .array/port v0xb470e263cb90, 5600;
E_0xb470e2641e60/1401 .event anyedge, v0xb470e263cb90_5597, v0xb470e263cb90_5598, v0xb470e263cb90_5599, v0xb470e263cb90_5600;
v0xb470e263cb90_5601 .array/port v0xb470e263cb90, 5601;
v0xb470e263cb90_5602 .array/port v0xb470e263cb90, 5602;
v0xb470e263cb90_5603 .array/port v0xb470e263cb90, 5603;
v0xb470e263cb90_5604 .array/port v0xb470e263cb90, 5604;
E_0xb470e2641e60/1402 .event anyedge, v0xb470e263cb90_5601, v0xb470e263cb90_5602, v0xb470e263cb90_5603, v0xb470e263cb90_5604;
v0xb470e263cb90_5605 .array/port v0xb470e263cb90, 5605;
v0xb470e263cb90_5606 .array/port v0xb470e263cb90, 5606;
v0xb470e263cb90_5607 .array/port v0xb470e263cb90, 5607;
v0xb470e263cb90_5608 .array/port v0xb470e263cb90, 5608;
E_0xb470e2641e60/1403 .event anyedge, v0xb470e263cb90_5605, v0xb470e263cb90_5606, v0xb470e263cb90_5607, v0xb470e263cb90_5608;
v0xb470e263cb90_5609 .array/port v0xb470e263cb90, 5609;
v0xb470e263cb90_5610 .array/port v0xb470e263cb90, 5610;
v0xb470e263cb90_5611 .array/port v0xb470e263cb90, 5611;
v0xb470e263cb90_5612 .array/port v0xb470e263cb90, 5612;
E_0xb470e2641e60/1404 .event anyedge, v0xb470e263cb90_5609, v0xb470e263cb90_5610, v0xb470e263cb90_5611, v0xb470e263cb90_5612;
v0xb470e263cb90_5613 .array/port v0xb470e263cb90, 5613;
v0xb470e263cb90_5614 .array/port v0xb470e263cb90, 5614;
v0xb470e263cb90_5615 .array/port v0xb470e263cb90, 5615;
v0xb470e263cb90_5616 .array/port v0xb470e263cb90, 5616;
E_0xb470e2641e60/1405 .event anyedge, v0xb470e263cb90_5613, v0xb470e263cb90_5614, v0xb470e263cb90_5615, v0xb470e263cb90_5616;
v0xb470e263cb90_5617 .array/port v0xb470e263cb90, 5617;
v0xb470e263cb90_5618 .array/port v0xb470e263cb90, 5618;
v0xb470e263cb90_5619 .array/port v0xb470e263cb90, 5619;
v0xb470e263cb90_5620 .array/port v0xb470e263cb90, 5620;
E_0xb470e2641e60/1406 .event anyedge, v0xb470e263cb90_5617, v0xb470e263cb90_5618, v0xb470e263cb90_5619, v0xb470e263cb90_5620;
v0xb470e263cb90_5621 .array/port v0xb470e263cb90, 5621;
v0xb470e263cb90_5622 .array/port v0xb470e263cb90, 5622;
v0xb470e263cb90_5623 .array/port v0xb470e263cb90, 5623;
v0xb470e263cb90_5624 .array/port v0xb470e263cb90, 5624;
E_0xb470e2641e60/1407 .event anyedge, v0xb470e263cb90_5621, v0xb470e263cb90_5622, v0xb470e263cb90_5623, v0xb470e263cb90_5624;
v0xb470e263cb90_5625 .array/port v0xb470e263cb90, 5625;
v0xb470e263cb90_5626 .array/port v0xb470e263cb90, 5626;
v0xb470e263cb90_5627 .array/port v0xb470e263cb90, 5627;
v0xb470e263cb90_5628 .array/port v0xb470e263cb90, 5628;
E_0xb470e2641e60/1408 .event anyedge, v0xb470e263cb90_5625, v0xb470e263cb90_5626, v0xb470e263cb90_5627, v0xb470e263cb90_5628;
v0xb470e263cb90_5629 .array/port v0xb470e263cb90, 5629;
v0xb470e263cb90_5630 .array/port v0xb470e263cb90, 5630;
v0xb470e263cb90_5631 .array/port v0xb470e263cb90, 5631;
v0xb470e263cb90_5632 .array/port v0xb470e263cb90, 5632;
E_0xb470e2641e60/1409 .event anyedge, v0xb470e263cb90_5629, v0xb470e263cb90_5630, v0xb470e263cb90_5631, v0xb470e263cb90_5632;
v0xb470e263cb90_5633 .array/port v0xb470e263cb90, 5633;
v0xb470e263cb90_5634 .array/port v0xb470e263cb90, 5634;
v0xb470e263cb90_5635 .array/port v0xb470e263cb90, 5635;
v0xb470e263cb90_5636 .array/port v0xb470e263cb90, 5636;
E_0xb470e2641e60/1410 .event anyedge, v0xb470e263cb90_5633, v0xb470e263cb90_5634, v0xb470e263cb90_5635, v0xb470e263cb90_5636;
v0xb470e263cb90_5637 .array/port v0xb470e263cb90, 5637;
v0xb470e263cb90_5638 .array/port v0xb470e263cb90, 5638;
v0xb470e263cb90_5639 .array/port v0xb470e263cb90, 5639;
v0xb470e263cb90_5640 .array/port v0xb470e263cb90, 5640;
E_0xb470e2641e60/1411 .event anyedge, v0xb470e263cb90_5637, v0xb470e263cb90_5638, v0xb470e263cb90_5639, v0xb470e263cb90_5640;
v0xb470e263cb90_5641 .array/port v0xb470e263cb90, 5641;
v0xb470e263cb90_5642 .array/port v0xb470e263cb90, 5642;
v0xb470e263cb90_5643 .array/port v0xb470e263cb90, 5643;
v0xb470e263cb90_5644 .array/port v0xb470e263cb90, 5644;
E_0xb470e2641e60/1412 .event anyedge, v0xb470e263cb90_5641, v0xb470e263cb90_5642, v0xb470e263cb90_5643, v0xb470e263cb90_5644;
v0xb470e263cb90_5645 .array/port v0xb470e263cb90, 5645;
v0xb470e263cb90_5646 .array/port v0xb470e263cb90, 5646;
v0xb470e263cb90_5647 .array/port v0xb470e263cb90, 5647;
v0xb470e263cb90_5648 .array/port v0xb470e263cb90, 5648;
E_0xb470e2641e60/1413 .event anyedge, v0xb470e263cb90_5645, v0xb470e263cb90_5646, v0xb470e263cb90_5647, v0xb470e263cb90_5648;
v0xb470e263cb90_5649 .array/port v0xb470e263cb90, 5649;
v0xb470e263cb90_5650 .array/port v0xb470e263cb90, 5650;
v0xb470e263cb90_5651 .array/port v0xb470e263cb90, 5651;
v0xb470e263cb90_5652 .array/port v0xb470e263cb90, 5652;
E_0xb470e2641e60/1414 .event anyedge, v0xb470e263cb90_5649, v0xb470e263cb90_5650, v0xb470e263cb90_5651, v0xb470e263cb90_5652;
v0xb470e263cb90_5653 .array/port v0xb470e263cb90, 5653;
v0xb470e263cb90_5654 .array/port v0xb470e263cb90, 5654;
v0xb470e263cb90_5655 .array/port v0xb470e263cb90, 5655;
v0xb470e263cb90_5656 .array/port v0xb470e263cb90, 5656;
E_0xb470e2641e60/1415 .event anyedge, v0xb470e263cb90_5653, v0xb470e263cb90_5654, v0xb470e263cb90_5655, v0xb470e263cb90_5656;
v0xb470e263cb90_5657 .array/port v0xb470e263cb90, 5657;
v0xb470e263cb90_5658 .array/port v0xb470e263cb90, 5658;
v0xb470e263cb90_5659 .array/port v0xb470e263cb90, 5659;
v0xb470e263cb90_5660 .array/port v0xb470e263cb90, 5660;
E_0xb470e2641e60/1416 .event anyedge, v0xb470e263cb90_5657, v0xb470e263cb90_5658, v0xb470e263cb90_5659, v0xb470e263cb90_5660;
v0xb470e263cb90_5661 .array/port v0xb470e263cb90, 5661;
v0xb470e263cb90_5662 .array/port v0xb470e263cb90, 5662;
v0xb470e263cb90_5663 .array/port v0xb470e263cb90, 5663;
v0xb470e263cb90_5664 .array/port v0xb470e263cb90, 5664;
E_0xb470e2641e60/1417 .event anyedge, v0xb470e263cb90_5661, v0xb470e263cb90_5662, v0xb470e263cb90_5663, v0xb470e263cb90_5664;
v0xb470e263cb90_5665 .array/port v0xb470e263cb90, 5665;
v0xb470e263cb90_5666 .array/port v0xb470e263cb90, 5666;
v0xb470e263cb90_5667 .array/port v0xb470e263cb90, 5667;
v0xb470e263cb90_5668 .array/port v0xb470e263cb90, 5668;
E_0xb470e2641e60/1418 .event anyedge, v0xb470e263cb90_5665, v0xb470e263cb90_5666, v0xb470e263cb90_5667, v0xb470e263cb90_5668;
v0xb470e263cb90_5669 .array/port v0xb470e263cb90, 5669;
v0xb470e263cb90_5670 .array/port v0xb470e263cb90, 5670;
v0xb470e263cb90_5671 .array/port v0xb470e263cb90, 5671;
v0xb470e263cb90_5672 .array/port v0xb470e263cb90, 5672;
E_0xb470e2641e60/1419 .event anyedge, v0xb470e263cb90_5669, v0xb470e263cb90_5670, v0xb470e263cb90_5671, v0xb470e263cb90_5672;
v0xb470e263cb90_5673 .array/port v0xb470e263cb90, 5673;
v0xb470e263cb90_5674 .array/port v0xb470e263cb90, 5674;
v0xb470e263cb90_5675 .array/port v0xb470e263cb90, 5675;
v0xb470e263cb90_5676 .array/port v0xb470e263cb90, 5676;
E_0xb470e2641e60/1420 .event anyedge, v0xb470e263cb90_5673, v0xb470e263cb90_5674, v0xb470e263cb90_5675, v0xb470e263cb90_5676;
v0xb470e263cb90_5677 .array/port v0xb470e263cb90, 5677;
v0xb470e263cb90_5678 .array/port v0xb470e263cb90, 5678;
v0xb470e263cb90_5679 .array/port v0xb470e263cb90, 5679;
v0xb470e263cb90_5680 .array/port v0xb470e263cb90, 5680;
E_0xb470e2641e60/1421 .event anyedge, v0xb470e263cb90_5677, v0xb470e263cb90_5678, v0xb470e263cb90_5679, v0xb470e263cb90_5680;
v0xb470e263cb90_5681 .array/port v0xb470e263cb90, 5681;
v0xb470e263cb90_5682 .array/port v0xb470e263cb90, 5682;
v0xb470e263cb90_5683 .array/port v0xb470e263cb90, 5683;
v0xb470e263cb90_5684 .array/port v0xb470e263cb90, 5684;
E_0xb470e2641e60/1422 .event anyedge, v0xb470e263cb90_5681, v0xb470e263cb90_5682, v0xb470e263cb90_5683, v0xb470e263cb90_5684;
v0xb470e263cb90_5685 .array/port v0xb470e263cb90, 5685;
v0xb470e263cb90_5686 .array/port v0xb470e263cb90, 5686;
v0xb470e263cb90_5687 .array/port v0xb470e263cb90, 5687;
v0xb470e263cb90_5688 .array/port v0xb470e263cb90, 5688;
E_0xb470e2641e60/1423 .event anyedge, v0xb470e263cb90_5685, v0xb470e263cb90_5686, v0xb470e263cb90_5687, v0xb470e263cb90_5688;
v0xb470e263cb90_5689 .array/port v0xb470e263cb90, 5689;
v0xb470e263cb90_5690 .array/port v0xb470e263cb90, 5690;
v0xb470e263cb90_5691 .array/port v0xb470e263cb90, 5691;
v0xb470e263cb90_5692 .array/port v0xb470e263cb90, 5692;
E_0xb470e2641e60/1424 .event anyedge, v0xb470e263cb90_5689, v0xb470e263cb90_5690, v0xb470e263cb90_5691, v0xb470e263cb90_5692;
v0xb470e263cb90_5693 .array/port v0xb470e263cb90, 5693;
v0xb470e263cb90_5694 .array/port v0xb470e263cb90, 5694;
v0xb470e263cb90_5695 .array/port v0xb470e263cb90, 5695;
v0xb470e263cb90_5696 .array/port v0xb470e263cb90, 5696;
E_0xb470e2641e60/1425 .event anyedge, v0xb470e263cb90_5693, v0xb470e263cb90_5694, v0xb470e263cb90_5695, v0xb470e263cb90_5696;
v0xb470e263cb90_5697 .array/port v0xb470e263cb90, 5697;
v0xb470e263cb90_5698 .array/port v0xb470e263cb90, 5698;
v0xb470e263cb90_5699 .array/port v0xb470e263cb90, 5699;
v0xb470e263cb90_5700 .array/port v0xb470e263cb90, 5700;
E_0xb470e2641e60/1426 .event anyedge, v0xb470e263cb90_5697, v0xb470e263cb90_5698, v0xb470e263cb90_5699, v0xb470e263cb90_5700;
v0xb470e263cb90_5701 .array/port v0xb470e263cb90, 5701;
v0xb470e263cb90_5702 .array/port v0xb470e263cb90, 5702;
v0xb470e263cb90_5703 .array/port v0xb470e263cb90, 5703;
v0xb470e263cb90_5704 .array/port v0xb470e263cb90, 5704;
E_0xb470e2641e60/1427 .event anyedge, v0xb470e263cb90_5701, v0xb470e263cb90_5702, v0xb470e263cb90_5703, v0xb470e263cb90_5704;
v0xb470e263cb90_5705 .array/port v0xb470e263cb90, 5705;
v0xb470e263cb90_5706 .array/port v0xb470e263cb90, 5706;
v0xb470e263cb90_5707 .array/port v0xb470e263cb90, 5707;
v0xb470e263cb90_5708 .array/port v0xb470e263cb90, 5708;
E_0xb470e2641e60/1428 .event anyedge, v0xb470e263cb90_5705, v0xb470e263cb90_5706, v0xb470e263cb90_5707, v0xb470e263cb90_5708;
v0xb470e263cb90_5709 .array/port v0xb470e263cb90, 5709;
v0xb470e263cb90_5710 .array/port v0xb470e263cb90, 5710;
v0xb470e263cb90_5711 .array/port v0xb470e263cb90, 5711;
v0xb470e263cb90_5712 .array/port v0xb470e263cb90, 5712;
E_0xb470e2641e60/1429 .event anyedge, v0xb470e263cb90_5709, v0xb470e263cb90_5710, v0xb470e263cb90_5711, v0xb470e263cb90_5712;
v0xb470e263cb90_5713 .array/port v0xb470e263cb90, 5713;
v0xb470e263cb90_5714 .array/port v0xb470e263cb90, 5714;
v0xb470e263cb90_5715 .array/port v0xb470e263cb90, 5715;
v0xb470e263cb90_5716 .array/port v0xb470e263cb90, 5716;
E_0xb470e2641e60/1430 .event anyedge, v0xb470e263cb90_5713, v0xb470e263cb90_5714, v0xb470e263cb90_5715, v0xb470e263cb90_5716;
v0xb470e263cb90_5717 .array/port v0xb470e263cb90, 5717;
v0xb470e263cb90_5718 .array/port v0xb470e263cb90, 5718;
v0xb470e263cb90_5719 .array/port v0xb470e263cb90, 5719;
v0xb470e263cb90_5720 .array/port v0xb470e263cb90, 5720;
E_0xb470e2641e60/1431 .event anyedge, v0xb470e263cb90_5717, v0xb470e263cb90_5718, v0xb470e263cb90_5719, v0xb470e263cb90_5720;
v0xb470e263cb90_5721 .array/port v0xb470e263cb90, 5721;
v0xb470e263cb90_5722 .array/port v0xb470e263cb90, 5722;
v0xb470e263cb90_5723 .array/port v0xb470e263cb90, 5723;
v0xb470e263cb90_5724 .array/port v0xb470e263cb90, 5724;
E_0xb470e2641e60/1432 .event anyedge, v0xb470e263cb90_5721, v0xb470e263cb90_5722, v0xb470e263cb90_5723, v0xb470e263cb90_5724;
v0xb470e263cb90_5725 .array/port v0xb470e263cb90, 5725;
v0xb470e263cb90_5726 .array/port v0xb470e263cb90, 5726;
v0xb470e263cb90_5727 .array/port v0xb470e263cb90, 5727;
v0xb470e263cb90_5728 .array/port v0xb470e263cb90, 5728;
E_0xb470e2641e60/1433 .event anyedge, v0xb470e263cb90_5725, v0xb470e263cb90_5726, v0xb470e263cb90_5727, v0xb470e263cb90_5728;
v0xb470e263cb90_5729 .array/port v0xb470e263cb90, 5729;
v0xb470e263cb90_5730 .array/port v0xb470e263cb90, 5730;
v0xb470e263cb90_5731 .array/port v0xb470e263cb90, 5731;
v0xb470e263cb90_5732 .array/port v0xb470e263cb90, 5732;
E_0xb470e2641e60/1434 .event anyedge, v0xb470e263cb90_5729, v0xb470e263cb90_5730, v0xb470e263cb90_5731, v0xb470e263cb90_5732;
v0xb470e263cb90_5733 .array/port v0xb470e263cb90, 5733;
v0xb470e263cb90_5734 .array/port v0xb470e263cb90, 5734;
v0xb470e263cb90_5735 .array/port v0xb470e263cb90, 5735;
v0xb470e263cb90_5736 .array/port v0xb470e263cb90, 5736;
E_0xb470e2641e60/1435 .event anyedge, v0xb470e263cb90_5733, v0xb470e263cb90_5734, v0xb470e263cb90_5735, v0xb470e263cb90_5736;
v0xb470e263cb90_5737 .array/port v0xb470e263cb90, 5737;
v0xb470e263cb90_5738 .array/port v0xb470e263cb90, 5738;
v0xb470e263cb90_5739 .array/port v0xb470e263cb90, 5739;
v0xb470e263cb90_5740 .array/port v0xb470e263cb90, 5740;
E_0xb470e2641e60/1436 .event anyedge, v0xb470e263cb90_5737, v0xb470e263cb90_5738, v0xb470e263cb90_5739, v0xb470e263cb90_5740;
v0xb470e263cb90_5741 .array/port v0xb470e263cb90, 5741;
v0xb470e263cb90_5742 .array/port v0xb470e263cb90, 5742;
v0xb470e263cb90_5743 .array/port v0xb470e263cb90, 5743;
v0xb470e263cb90_5744 .array/port v0xb470e263cb90, 5744;
E_0xb470e2641e60/1437 .event anyedge, v0xb470e263cb90_5741, v0xb470e263cb90_5742, v0xb470e263cb90_5743, v0xb470e263cb90_5744;
v0xb470e263cb90_5745 .array/port v0xb470e263cb90, 5745;
v0xb470e263cb90_5746 .array/port v0xb470e263cb90, 5746;
v0xb470e263cb90_5747 .array/port v0xb470e263cb90, 5747;
v0xb470e263cb90_5748 .array/port v0xb470e263cb90, 5748;
E_0xb470e2641e60/1438 .event anyedge, v0xb470e263cb90_5745, v0xb470e263cb90_5746, v0xb470e263cb90_5747, v0xb470e263cb90_5748;
v0xb470e263cb90_5749 .array/port v0xb470e263cb90, 5749;
v0xb470e263cb90_5750 .array/port v0xb470e263cb90, 5750;
v0xb470e263cb90_5751 .array/port v0xb470e263cb90, 5751;
v0xb470e263cb90_5752 .array/port v0xb470e263cb90, 5752;
E_0xb470e2641e60/1439 .event anyedge, v0xb470e263cb90_5749, v0xb470e263cb90_5750, v0xb470e263cb90_5751, v0xb470e263cb90_5752;
v0xb470e263cb90_5753 .array/port v0xb470e263cb90, 5753;
v0xb470e263cb90_5754 .array/port v0xb470e263cb90, 5754;
v0xb470e263cb90_5755 .array/port v0xb470e263cb90, 5755;
v0xb470e263cb90_5756 .array/port v0xb470e263cb90, 5756;
E_0xb470e2641e60/1440 .event anyedge, v0xb470e263cb90_5753, v0xb470e263cb90_5754, v0xb470e263cb90_5755, v0xb470e263cb90_5756;
v0xb470e263cb90_5757 .array/port v0xb470e263cb90, 5757;
v0xb470e263cb90_5758 .array/port v0xb470e263cb90, 5758;
v0xb470e263cb90_5759 .array/port v0xb470e263cb90, 5759;
v0xb470e263cb90_5760 .array/port v0xb470e263cb90, 5760;
E_0xb470e2641e60/1441 .event anyedge, v0xb470e263cb90_5757, v0xb470e263cb90_5758, v0xb470e263cb90_5759, v0xb470e263cb90_5760;
v0xb470e263cb90_5761 .array/port v0xb470e263cb90, 5761;
v0xb470e263cb90_5762 .array/port v0xb470e263cb90, 5762;
v0xb470e263cb90_5763 .array/port v0xb470e263cb90, 5763;
v0xb470e263cb90_5764 .array/port v0xb470e263cb90, 5764;
E_0xb470e2641e60/1442 .event anyedge, v0xb470e263cb90_5761, v0xb470e263cb90_5762, v0xb470e263cb90_5763, v0xb470e263cb90_5764;
v0xb470e263cb90_5765 .array/port v0xb470e263cb90, 5765;
v0xb470e263cb90_5766 .array/port v0xb470e263cb90, 5766;
v0xb470e263cb90_5767 .array/port v0xb470e263cb90, 5767;
v0xb470e263cb90_5768 .array/port v0xb470e263cb90, 5768;
E_0xb470e2641e60/1443 .event anyedge, v0xb470e263cb90_5765, v0xb470e263cb90_5766, v0xb470e263cb90_5767, v0xb470e263cb90_5768;
v0xb470e263cb90_5769 .array/port v0xb470e263cb90, 5769;
v0xb470e263cb90_5770 .array/port v0xb470e263cb90, 5770;
v0xb470e263cb90_5771 .array/port v0xb470e263cb90, 5771;
v0xb470e263cb90_5772 .array/port v0xb470e263cb90, 5772;
E_0xb470e2641e60/1444 .event anyedge, v0xb470e263cb90_5769, v0xb470e263cb90_5770, v0xb470e263cb90_5771, v0xb470e263cb90_5772;
v0xb470e263cb90_5773 .array/port v0xb470e263cb90, 5773;
v0xb470e263cb90_5774 .array/port v0xb470e263cb90, 5774;
v0xb470e263cb90_5775 .array/port v0xb470e263cb90, 5775;
v0xb470e263cb90_5776 .array/port v0xb470e263cb90, 5776;
E_0xb470e2641e60/1445 .event anyedge, v0xb470e263cb90_5773, v0xb470e263cb90_5774, v0xb470e263cb90_5775, v0xb470e263cb90_5776;
v0xb470e263cb90_5777 .array/port v0xb470e263cb90, 5777;
v0xb470e263cb90_5778 .array/port v0xb470e263cb90, 5778;
v0xb470e263cb90_5779 .array/port v0xb470e263cb90, 5779;
v0xb470e263cb90_5780 .array/port v0xb470e263cb90, 5780;
E_0xb470e2641e60/1446 .event anyedge, v0xb470e263cb90_5777, v0xb470e263cb90_5778, v0xb470e263cb90_5779, v0xb470e263cb90_5780;
v0xb470e263cb90_5781 .array/port v0xb470e263cb90, 5781;
v0xb470e263cb90_5782 .array/port v0xb470e263cb90, 5782;
v0xb470e263cb90_5783 .array/port v0xb470e263cb90, 5783;
v0xb470e263cb90_5784 .array/port v0xb470e263cb90, 5784;
E_0xb470e2641e60/1447 .event anyedge, v0xb470e263cb90_5781, v0xb470e263cb90_5782, v0xb470e263cb90_5783, v0xb470e263cb90_5784;
v0xb470e263cb90_5785 .array/port v0xb470e263cb90, 5785;
v0xb470e263cb90_5786 .array/port v0xb470e263cb90, 5786;
v0xb470e263cb90_5787 .array/port v0xb470e263cb90, 5787;
v0xb470e263cb90_5788 .array/port v0xb470e263cb90, 5788;
E_0xb470e2641e60/1448 .event anyedge, v0xb470e263cb90_5785, v0xb470e263cb90_5786, v0xb470e263cb90_5787, v0xb470e263cb90_5788;
v0xb470e263cb90_5789 .array/port v0xb470e263cb90, 5789;
v0xb470e263cb90_5790 .array/port v0xb470e263cb90, 5790;
v0xb470e263cb90_5791 .array/port v0xb470e263cb90, 5791;
v0xb470e263cb90_5792 .array/port v0xb470e263cb90, 5792;
E_0xb470e2641e60/1449 .event anyedge, v0xb470e263cb90_5789, v0xb470e263cb90_5790, v0xb470e263cb90_5791, v0xb470e263cb90_5792;
v0xb470e263cb90_5793 .array/port v0xb470e263cb90, 5793;
v0xb470e263cb90_5794 .array/port v0xb470e263cb90, 5794;
v0xb470e263cb90_5795 .array/port v0xb470e263cb90, 5795;
v0xb470e263cb90_5796 .array/port v0xb470e263cb90, 5796;
E_0xb470e2641e60/1450 .event anyedge, v0xb470e263cb90_5793, v0xb470e263cb90_5794, v0xb470e263cb90_5795, v0xb470e263cb90_5796;
v0xb470e263cb90_5797 .array/port v0xb470e263cb90, 5797;
v0xb470e263cb90_5798 .array/port v0xb470e263cb90, 5798;
v0xb470e263cb90_5799 .array/port v0xb470e263cb90, 5799;
v0xb470e263cb90_5800 .array/port v0xb470e263cb90, 5800;
E_0xb470e2641e60/1451 .event anyedge, v0xb470e263cb90_5797, v0xb470e263cb90_5798, v0xb470e263cb90_5799, v0xb470e263cb90_5800;
v0xb470e263cb90_5801 .array/port v0xb470e263cb90, 5801;
v0xb470e263cb90_5802 .array/port v0xb470e263cb90, 5802;
v0xb470e263cb90_5803 .array/port v0xb470e263cb90, 5803;
v0xb470e263cb90_5804 .array/port v0xb470e263cb90, 5804;
E_0xb470e2641e60/1452 .event anyedge, v0xb470e263cb90_5801, v0xb470e263cb90_5802, v0xb470e263cb90_5803, v0xb470e263cb90_5804;
v0xb470e263cb90_5805 .array/port v0xb470e263cb90, 5805;
v0xb470e263cb90_5806 .array/port v0xb470e263cb90, 5806;
v0xb470e263cb90_5807 .array/port v0xb470e263cb90, 5807;
v0xb470e263cb90_5808 .array/port v0xb470e263cb90, 5808;
E_0xb470e2641e60/1453 .event anyedge, v0xb470e263cb90_5805, v0xb470e263cb90_5806, v0xb470e263cb90_5807, v0xb470e263cb90_5808;
v0xb470e263cb90_5809 .array/port v0xb470e263cb90, 5809;
v0xb470e263cb90_5810 .array/port v0xb470e263cb90, 5810;
v0xb470e263cb90_5811 .array/port v0xb470e263cb90, 5811;
v0xb470e263cb90_5812 .array/port v0xb470e263cb90, 5812;
E_0xb470e2641e60/1454 .event anyedge, v0xb470e263cb90_5809, v0xb470e263cb90_5810, v0xb470e263cb90_5811, v0xb470e263cb90_5812;
v0xb470e263cb90_5813 .array/port v0xb470e263cb90, 5813;
v0xb470e263cb90_5814 .array/port v0xb470e263cb90, 5814;
v0xb470e263cb90_5815 .array/port v0xb470e263cb90, 5815;
v0xb470e263cb90_5816 .array/port v0xb470e263cb90, 5816;
E_0xb470e2641e60/1455 .event anyedge, v0xb470e263cb90_5813, v0xb470e263cb90_5814, v0xb470e263cb90_5815, v0xb470e263cb90_5816;
v0xb470e263cb90_5817 .array/port v0xb470e263cb90, 5817;
v0xb470e263cb90_5818 .array/port v0xb470e263cb90, 5818;
v0xb470e263cb90_5819 .array/port v0xb470e263cb90, 5819;
v0xb470e263cb90_5820 .array/port v0xb470e263cb90, 5820;
E_0xb470e2641e60/1456 .event anyedge, v0xb470e263cb90_5817, v0xb470e263cb90_5818, v0xb470e263cb90_5819, v0xb470e263cb90_5820;
v0xb470e263cb90_5821 .array/port v0xb470e263cb90, 5821;
v0xb470e263cb90_5822 .array/port v0xb470e263cb90, 5822;
v0xb470e263cb90_5823 .array/port v0xb470e263cb90, 5823;
v0xb470e263cb90_5824 .array/port v0xb470e263cb90, 5824;
E_0xb470e2641e60/1457 .event anyedge, v0xb470e263cb90_5821, v0xb470e263cb90_5822, v0xb470e263cb90_5823, v0xb470e263cb90_5824;
v0xb470e263cb90_5825 .array/port v0xb470e263cb90, 5825;
v0xb470e263cb90_5826 .array/port v0xb470e263cb90, 5826;
v0xb470e263cb90_5827 .array/port v0xb470e263cb90, 5827;
v0xb470e263cb90_5828 .array/port v0xb470e263cb90, 5828;
E_0xb470e2641e60/1458 .event anyedge, v0xb470e263cb90_5825, v0xb470e263cb90_5826, v0xb470e263cb90_5827, v0xb470e263cb90_5828;
v0xb470e263cb90_5829 .array/port v0xb470e263cb90, 5829;
v0xb470e263cb90_5830 .array/port v0xb470e263cb90, 5830;
v0xb470e263cb90_5831 .array/port v0xb470e263cb90, 5831;
v0xb470e263cb90_5832 .array/port v0xb470e263cb90, 5832;
E_0xb470e2641e60/1459 .event anyedge, v0xb470e263cb90_5829, v0xb470e263cb90_5830, v0xb470e263cb90_5831, v0xb470e263cb90_5832;
v0xb470e263cb90_5833 .array/port v0xb470e263cb90, 5833;
v0xb470e263cb90_5834 .array/port v0xb470e263cb90, 5834;
v0xb470e263cb90_5835 .array/port v0xb470e263cb90, 5835;
v0xb470e263cb90_5836 .array/port v0xb470e263cb90, 5836;
E_0xb470e2641e60/1460 .event anyedge, v0xb470e263cb90_5833, v0xb470e263cb90_5834, v0xb470e263cb90_5835, v0xb470e263cb90_5836;
v0xb470e263cb90_5837 .array/port v0xb470e263cb90, 5837;
v0xb470e263cb90_5838 .array/port v0xb470e263cb90, 5838;
v0xb470e263cb90_5839 .array/port v0xb470e263cb90, 5839;
v0xb470e263cb90_5840 .array/port v0xb470e263cb90, 5840;
E_0xb470e2641e60/1461 .event anyedge, v0xb470e263cb90_5837, v0xb470e263cb90_5838, v0xb470e263cb90_5839, v0xb470e263cb90_5840;
v0xb470e263cb90_5841 .array/port v0xb470e263cb90, 5841;
v0xb470e263cb90_5842 .array/port v0xb470e263cb90, 5842;
v0xb470e263cb90_5843 .array/port v0xb470e263cb90, 5843;
v0xb470e263cb90_5844 .array/port v0xb470e263cb90, 5844;
E_0xb470e2641e60/1462 .event anyedge, v0xb470e263cb90_5841, v0xb470e263cb90_5842, v0xb470e263cb90_5843, v0xb470e263cb90_5844;
v0xb470e263cb90_5845 .array/port v0xb470e263cb90, 5845;
v0xb470e263cb90_5846 .array/port v0xb470e263cb90, 5846;
v0xb470e263cb90_5847 .array/port v0xb470e263cb90, 5847;
v0xb470e263cb90_5848 .array/port v0xb470e263cb90, 5848;
E_0xb470e2641e60/1463 .event anyedge, v0xb470e263cb90_5845, v0xb470e263cb90_5846, v0xb470e263cb90_5847, v0xb470e263cb90_5848;
v0xb470e263cb90_5849 .array/port v0xb470e263cb90, 5849;
v0xb470e263cb90_5850 .array/port v0xb470e263cb90, 5850;
v0xb470e263cb90_5851 .array/port v0xb470e263cb90, 5851;
v0xb470e263cb90_5852 .array/port v0xb470e263cb90, 5852;
E_0xb470e2641e60/1464 .event anyedge, v0xb470e263cb90_5849, v0xb470e263cb90_5850, v0xb470e263cb90_5851, v0xb470e263cb90_5852;
v0xb470e263cb90_5853 .array/port v0xb470e263cb90, 5853;
v0xb470e263cb90_5854 .array/port v0xb470e263cb90, 5854;
v0xb470e263cb90_5855 .array/port v0xb470e263cb90, 5855;
v0xb470e263cb90_5856 .array/port v0xb470e263cb90, 5856;
E_0xb470e2641e60/1465 .event anyedge, v0xb470e263cb90_5853, v0xb470e263cb90_5854, v0xb470e263cb90_5855, v0xb470e263cb90_5856;
v0xb470e263cb90_5857 .array/port v0xb470e263cb90, 5857;
v0xb470e263cb90_5858 .array/port v0xb470e263cb90, 5858;
v0xb470e263cb90_5859 .array/port v0xb470e263cb90, 5859;
v0xb470e263cb90_5860 .array/port v0xb470e263cb90, 5860;
E_0xb470e2641e60/1466 .event anyedge, v0xb470e263cb90_5857, v0xb470e263cb90_5858, v0xb470e263cb90_5859, v0xb470e263cb90_5860;
v0xb470e263cb90_5861 .array/port v0xb470e263cb90, 5861;
v0xb470e263cb90_5862 .array/port v0xb470e263cb90, 5862;
v0xb470e263cb90_5863 .array/port v0xb470e263cb90, 5863;
v0xb470e263cb90_5864 .array/port v0xb470e263cb90, 5864;
E_0xb470e2641e60/1467 .event anyedge, v0xb470e263cb90_5861, v0xb470e263cb90_5862, v0xb470e263cb90_5863, v0xb470e263cb90_5864;
v0xb470e263cb90_5865 .array/port v0xb470e263cb90, 5865;
v0xb470e263cb90_5866 .array/port v0xb470e263cb90, 5866;
v0xb470e263cb90_5867 .array/port v0xb470e263cb90, 5867;
v0xb470e263cb90_5868 .array/port v0xb470e263cb90, 5868;
E_0xb470e2641e60/1468 .event anyedge, v0xb470e263cb90_5865, v0xb470e263cb90_5866, v0xb470e263cb90_5867, v0xb470e263cb90_5868;
v0xb470e263cb90_5869 .array/port v0xb470e263cb90, 5869;
v0xb470e263cb90_5870 .array/port v0xb470e263cb90, 5870;
v0xb470e263cb90_5871 .array/port v0xb470e263cb90, 5871;
v0xb470e263cb90_5872 .array/port v0xb470e263cb90, 5872;
E_0xb470e2641e60/1469 .event anyedge, v0xb470e263cb90_5869, v0xb470e263cb90_5870, v0xb470e263cb90_5871, v0xb470e263cb90_5872;
v0xb470e263cb90_5873 .array/port v0xb470e263cb90, 5873;
v0xb470e263cb90_5874 .array/port v0xb470e263cb90, 5874;
v0xb470e263cb90_5875 .array/port v0xb470e263cb90, 5875;
v0xb470e263cb90_5876 .array/port v0xb470e263cb90, 5876;
E_0xb470e2641e60/1470 .event anyedge, v0xb470e263cb90_5873, v0xb470e263cb90_5874, v0xb470e263cb90_5875, v0xb470e263cb90_5876;
v0xb470e263cb90_5877 .array/port v0xb470e263cb90, 5877;
v0xb470e263cb90_5878 .array/port v0xb470e263cb90, 5878;
v0xb470e263cb90_5879 .array/port v0xb470e263cb90, 5879;
v0xb470e263cb90_5880 .array/port v0xb470e263cb90, 5880;
E_0xb470e2641e60/1471 .event anyedge, v0xb470e263cb90_5877, v0xb470e263cb90_5878, v0xb470e263cb90_5879, v0xb470e263cb90_5880;
v0xb470e263cb90_5881 .array/port v0xb470e263cb90, 5881;
v0xb470e263cb90_5882 .array/port v0xb470e263cb90, 5882;
v0xb470e263cb90_5883 .array/port v0xb470e263cb90, 5883;
v0xb470e263cb90_5884 .array/port v0xb470e263cb90, 5884;
E_0xb470e2641e60/1472 .event anyedge, v0xb470e263cb90_5881, v0xb470e263cb90_5882, v0xb470e263cb90_5883, v0xb470e263cb90_5884;
v0xb470e263cb90_5885 .array/port v0xb470e263cb90, 5885;
v0xb470e263cb90_5886 .array/port v0xb470e263cb90, 5886;
v0xb470e263cb90_5887 .array/port v0xb470e263cb90, 5887;
v0xb470e263cb90_5888 .array/port v0xb470e263cb90, 5888;
E_0xb470e2641e60/1473 .event anyedge, v0xb470e263cb90_5885, v0xb470e263cb90_5886, v0xb470e263cb90_5887, v0xb470e263cb90_5888;
v0xb470e263cb90_5889 .array/port v0xb470e263cb90, 5889;
v0xb470e263cb90_5890 .array/port v0xb470e263cb90, 5890;
v0xb470e263cb90_5891 .array/port v0xb470e263cb90, 5891;
v0xb470e263cb90_5892 .array/port v0xb470e263cb90, 5892;
E_0xb470e2641e60/1474 .event anyedge, v0xb470e263cb90_5889, v0xb470e263cb90_5890, v0xb470e263cb90_5891, v0xb470e263cb90_5892;
v0xb470e263cb90_5893 .array/port v0xb470e263cb90, 5893;
v0xb470e263cb90_5894 .array/port v0xb470e263cb90, 5894;
v0xb470e263cb90_5895 .array/port v0xb470e263cb90, 5895;
v0xb470e263cb90_5896 .array/port v0xb470e263cb90, 5896;
E_0xb470e2641e60/1475 .event anyedge, v0xb470e263cb90_5893, v0xb470e263cb90_5894, v0xb470e263cb90_5895, v0xb470e263cb90_5896;
v0xb470e263cb90_5897 .array/port v0xb470e263cb90, 5897;
v0xb470e263cb90_5898 .array/port v0xb470e263cb90, 5898;
v0xb470e263cb90_5899 .array/port v0xb470e263cb90, 5899;
v0xb470e263cb90_5900 .array/port v0xb470e263cb90, 5900;
E_0xb470e2641e60/1476 .event anyedge, v0xb470e263cb90_5897, v0xb470e263cb90_5898, v0xb470e263cb90_5899, v0xb470e263cb90_5900;
v0xb470e263cb90_5901 .array/port v0xb470e263cb90, 5901;
v0xb470e263cb90_5902 .array/port v0xb470e263cb90, 5902;
v0xb470e263cb90_5903 .array/port v0xb470e263cb90, 5903;
v0xb470e263cb90_5904 .array/port v0xb470e263cb90, 5904;
E_0xb470e2641e60/1477 .event anyedge, v0xb470e263cb90_5901, v0xb470e263cb90_5902, v0xb470e263cb90_5903, v0xb470e263cb90_5904;
v0xb470e263cb90_5905 .array/port v0xb470e263cb90, 5905;
v0xb470e263cb90_5906 .array/port v0xb470e263cb90, 5906;
v0xb470e263cb90_5907 .array/port v0xb470e263cb90, 5907;
v0xb470e263cb90_5908 .array/port v0xb470e263cb90, 5908;
E_0xb470e2641e60/1478 .event anyedge, v0xb470e263cb90_5905, v0xb470e263cb90_5906, v0xb470e263cb90_5907, v0xb470e263cb90_5908;
v0xb470e263cb90_5909 .array/port v0xb470e263cb90, 5909;
v0xb470e263cb90_5910 .array/port v0xb470e263cb90, 5910;
v0xb470e263cb90_5911 .array/port v0xb470e263cb90, 5911;
v0xb470e263cb90_5912 .array/port v0xb470e263cb90, 5912;
E_0xb470e2641e60/1479 .event anyedge, v0xb470e263cb90_5909, v0xb470e263cb90_5910, v0xb470e263cb90_5911, v0xb470e263cb90_5912;
v0xb470e263cb90_5913 .array/port v0xb470e263cb90, 5913;
v0xb470e263cb90_5914 .array/port v0xb470e263cb90, 5914;
v0xb470e263cb90_5915 .array/port v0xb470e263cb90, 5915;
v0xb470e263cb90_5916 .array/port v0xb470e263cb90, 5916;
E_0xb470e2641e60/1480 .event anyedge, v0xb470e263cb90_5913, v0xb470e263cb90_5914, v0xb470e263cb90_5915, v0xb470e263cb90_5916;
v0xb470e263cb90_5917 .array/port v0xb470e263cb90, 5917;
v0xb470e263cb90_5918 .array/port v0xb470e263cb90, 5918;
v0xb470e263cb90_5919 .array/port v0xb470e263cb90, 5919;
v0xb470e263cb90_5920 .array/port v0xb470e263cb90, 5920;
E_0xb470e2641e60/1481 .event anyedge, v0xb470e263cb90_5917, v0xb470e263cb90_5918, v0xb470e263cb90_5919, v0xb470e263cb90_5920;
v0xb470e263cb90_5921 .array/port v0xb470e263cb90, 5921;
v0xb470e263cb90_5922 .array/port v0xb470e263cb90, 5922;
v0xb470e263cb90_5923 .array/port v0xb470e263cb90, 5923;
v0xb470e263cb90_5924 .array/port v0xb470e263cb90, 5924;
E_0xb470e2641e60/1482 .event anyedge, v0xb470e263cb90_5921, v0xb470e263cb90_5922, v0xb470e263cb90_5923, v0xb470e263cb90_5924;
v0xb470e263cb90_5925 .array/port v0xb470e263cb90, 5925;
v0xb470e263cb90_5926 .array/port v0xb470e263cb90, 5926;
v0xb470e263cb90_5927 .array/port v0xb470e263cb90, 5927;
v0xb470e263cb90_5928 .array/port v0xb470e263cb90, 5928;
E_0xb470e2641e60/1483 .event anyedge, v0xb470e263cb90_5925, v0xb470e263cb90_5926, v0xb470e263cb90_5927, v0xb470e263cb90_5928;
v0xb470e263cb90_5929 .array/port v0xb470e263cb90, 5929;
v0xb470e263cb90_5930 .array/port v0xb470e263cb90, 5930;
v0xb470e263cb90_5931 .array/port v0xb470e263cb90, 5931;
v0xb470e263cb90_5932 .array/port v0xb470e263cb90, 5932;
E_0xb470e2641e60/1484 .event anyedge, v0xb470e263cb90_5929, v0xb470e263cb90_5930, v0xb470e263cb90_5931, v0xb470e263cb90_5932;
v0xb470e263cb90_5933 .array/port v0xb470e263cb90, 5933;
v0xb470e263cb90_5934 .array/port v0xb470e263cb90, 5934;
v0xb470e263cb90_5935 .array/port v0xb470e263cb90, 5935;
v0xb470e263cb90_5936 .array/port v0xb470e263cb90, 5936;
E_0xb470e2641e60/1485 .event anyedge, v0xb470e263cb90_5933, v0xb470e263cb90_5934, v0xb470e263cb90_5935, v0xb470e263cb90_5936;
v0xb470e263cb90_5937 .array/port v0xb470e263cb90, 5937;
v0xb470e263cb90_5938 .array/port v0xb470e263cb90, 5938;
v0xb470e263cb90_5939 .array/port v0xb470e263cb90, 5939;
v0xb470e263cb90_5940 .array/port v0xb470e263cb90, 5940;
E_0xb470e2641e60/1486 .event anyedge, v0xb470e263cb90_5937, v0xb470e263cb90_5938, v0xb470e263cb90_5939, v0xb470e263cb90_5940;
v0xb470e263cb90_5941 .array/port v0xb470e263cb90, 5941;
v0xb470e263cb90_5942 .array/port v0xb470e263cb90, 5942;
v0xb470e263cb90_5943 .array/port v0xb470e263cb90, 5943;
v0xb470e263cb90_5944 .array/port v0xb470e263cb90, 5944;
E_0xb470e2641e60/1487 .event anyedge, v0xb470e263cb90_5941, v0xb470e263cb90_5942, v0xb470e263cb90_5943, v0xb470e263cb90_5944;
v0xb470e263cb90_5945 .array/port v0xb470e263cb90, 5945;
v0xb470e263cb90_5946 .array/port v0xb470e263cb90, 5946;
v0xb470e263cb90_5947 .array/port v0xb470e263cb90, 5947;
v0xb470e263cb90_5948 .array/port v0xb470e263cb90, 5948;
E_0xb470e2641e60/1488 .event anyedge, v0xb470e263cb90_5945, v0xb470e263cb90_5946, v0xb470e263cb90_5947, v0xb470e263cb90_5948;
v0xb470e263cb90_5949 .array/port v0xb470e263cb90, 5949;
v0xb470e263cb90_5950 .array/port v0xb470e263cb90, 5950;
v0xb470e263cb90_5951 .array/port v0xb470e263cb90, 5951;
v0xb470e263cb90_5952 .array/port v0xb470e263cb90, 5952;
E_0xb470e2641e60/1489 .event anyedge, v0xb470e263cb90_5949, v0xb470e263cb90_5950, v0xb470e263cb90_5951, v0xb470e263cb90_5952;
v0xb470e263cb90_5953 .array/port v0xb470e263cb90, 5953;
v0xb470e263cb90_5954 .array/port v0xb470e263cb90, 5954;
v0xb470e263cb90_5955 .array/port v0xb470e263cb90, 5955;
v0xb470e263cb90_5956 .array/port v0xb470e263cb90, 5956;
E_0xb470e2641e60/1490 .event anyedge, v0xb470e263cb90_5953, v0xb470e263cb90_5954, v0xb470e263cb90_5955, v0xb470e263cb90_5956;
v0xb470e263cb90_5957 .array/port v0xb470e263cb90, 5957;
v0xb470e263cb90_5958 .array/port v0xb470e263cb90, 5958;
v0xb470e263cb90_5959 .array/port v0xb470e263cb90, 5959;
v0xb470e263cb90_5960 .array/port v0xb470e263cb90, 5960;
E_0xb470e2641e60/1491 .event anyedge, v0xb470e263cb90_5957, v0xb470e263cb90_5958, v0xb470e263cb90_5959, v0xb470e263cb90_5960;
v0xb470e263cb90_5961 .array/port v0xb470e263cb90, 5961;
v0xb470e263cb90_5962 .array/port v0xb470e263cb90, 5962;
v0xb470e263cb90_5963 .array/port v0xb470e263cb90, 5963;
v0xb470e263cb90_5964 .array/port v0xb470e263cb90, 5964;
E_0xb470e2641e60/1492 .event anyedge, v0xb470e263cb90_5961, v0xb470e263cb90_5962, v0xb470e263cb90_5963, v0xb470e263cb90_5964;
v0xb470e263cb90_5965 .array/port v0xb470e263cb90, 5965;
v0xb470e263cb90_5966 .array/port v0xb470e263cb90, 5966;
v0xb470e263cb90_5967 .array/port v0xb470e263cb90, 5967;
v0xb470e263cb90_5968 .array/port v0xb470e263cb90, 5968;
E_0xb470e2641e60/1493 .event anyedge, v0xb470e263cb90_5965, v0xb470e263cb90_5966, v0xb470e263cb90_5967, v0xb470e263cb90_5968;
v0xb470e263cb90_5969 .array/port v0xb470e263cb90, 5969;
v0xb470e263cb90_5970 .array/port v0xb470e263cb90, 5970;
v0xb470e263cb90_5971 .array/port v0xb470e263cb90, 5971;
v0xb470e263cb90_5972 .array/port v0xb470e263cb90, 5972;
E_0xb470e2641e60/1494 .event anyedge, v0xb470e263cb90_5969, v0xb470e263cb90_5970, v0xb470e263cb90_5971, v0xb470e263cb90_5972;
v0xb470e263cb90_5973 .array/port v0xb470e263cb90, 5973;
v0xb470e263cb90_5974 .array/port v0xb470e263cb90, 5974;
v0xb470e263cb90_5975 .array/port v0xb470e263cb90, 5975;
v0xb470e263cb90_5976 .array/port v0xb470e263cb90, 5976;
E_0xb470e2641e60/1495 .event anyedge, v0xb470e263cb90_5973, v0xb470e263cb90_5974, v0xb470e263cb90_5975, v0xb470e263cb90_5976;
v0xb470e263cb90_5977 .array/port v0xb470e263cb90, 5977;
v0xb470e263cb90_5978 .array/port v0xb470e263cb90, 5978;
v0xb470e263cb90_5979 .array/port v0xb470e263cb90, 5979;
v0xb470e263cb90_5980 .array/port v0xb470e263cb90, 5980;
E_0xb470e2641e60/1496 .event anyedge, v0xb470e263cb90_5977, v0xb470e263cb90_5978, v0xb470e263cb90_5979, v0xb470e263cb90_5980;
v0xb470e263cb90_5981 .array/port v0xb470e263cb90, 5981;
v0xb470e263cb90_5982 .array/port v0xb470e263cb90, 5982;
v0xb470e263cb90_5983 .array/port v0xb470e263cb90, 5983;
v0xb470e263cb90_5984 .array/port v0xb470e263cb90, 5984;
E_0xb470e2641e60/1497 .event anyedge, v0xb470e263cb90_5981, v0xb470e263cb90_5982, v0xb470e263cb90_5983, v0xb470e263cb90_5984;
v0xb470e263cb90_5985 .array/port v0xb470e263cb90, 5985;
v0xb470e263cb90_5986 .array/port v0xb470e263cb90, 5986;
v0xb470e263cb90_5987 .array/port v0xb470e263cb90, 5987;
v0xb470e263cb90_5988 .array/port v0xb470e263cb90, 5988;
E_0xb470e2641e60/1498 .event anyedge, v0xb470e263cb90_5985, v0xb470e263cb90_5986, v0xb470e263cb90_5987, v0xb470e263cb90_5988;
v0xb470e263cb90_5989 .array/port v0xb470e263cb90, 5989;
v0xb470e263cb90_5990 .array/port v0xb470e263cb90, 5990;
v0xb470e263cb90_5991 .array/port v0xb470e263cb90, 5991;
v0xb470e263cb90_5992 .array/port v0xb470e263cb90, 5992;
E_0xb470e2641e60/1499 .event anyedge, v0xb470e263cb90_5989, v0xb470e263cb90_5990, v0xb470e263cb90_5991, v0xb470e263cb90_5992;
v0xb470e263cb90_5993 .array/port v0xb470e263cb90, 5993;
v0xb470e263cb90_5994 .array/port v0xb470e263cb90, 5994;
v0xb470e263cb90_5995 .array/port v0xb470e263cb90, 5995;
v0xb470e263cb90_5996 .array/port v0xb470e263cb90, 5996;
E_0xb470e2641e60/1500 .event anyedge, v0xb470e263cb90_5993, v0xb470e263cb90_5994, v0xb470e263cb90_5995, v0xb470e263cb90_5996;
v0xb470e263cb90_5997 .array/port v0xb470e263cb90, 5997;
v0xb470e263cb90_5998 .array/port v0xb470e263cb90, 5998;
v0xb470e263cb90_5999 .array/port v0xb470e263cb90, 5999;
v0xb470e263cb90_6000 .array/port v0xb470e263cb90, 6000;
E_0xb470e2641e60/1501 .event anyedge, v0xb470e263cb90_5997, v0xb470e263cb90_5998, v0xb470e263cb90_5999, v0xb470e263cb90_6000;
v0xb470e263cb90_6001 .array/port v0xb470e263cb90, 6001;
v0xb470e263cb90_6002 .array/port v0xb470e263cb90, 6002;
v0xb470e263cb90_6003 .array/port v0xb470e263cb90, 6003;
v0xb470e263cb90_6004 .array/port v0xb470e263cb90, 6004;
E_0xb470e2641e60/1502 .event anyedge, v0xb470e263cb90_6001, v0xb470e263cb90_6002, v0xb470e263cb90_6003, v0xb470e263cb90_6004;
v0xb470e263cb90_6005 .array/port v0xb470e263cb90, 6005;
v0xb470e263cb90_6006 .array/port v0xb470e263cb90, 6006;
v0xb470e263cb90_6007 .array/port v0xb470e263cb90, 6007;
v0xb470e263cb90_6008 .array/port v0xb470e263cb90, 6008;
E_0xb470e2641e60/1503 .event anyedge, v0xb470e263cb90_6005, v0xb470e263cb90_6006, v0xb470e263cb90_6007, v0xb470e263cb90_6008;
v0xb470e263cb90_6009 .array/port v0xb470e263cb90, 6009;
v0xb470e263cb90_6010 .array/port v0xb470e263cb90, 6010;
v0xb470e263cb90_6011 .array/port v0xb470e263cb90, 6011;
v0xb470e263cb90_6012 .array/port v0xb470e263cb90, 6012;
E_0xb470e2641e60/1504 .event anyedge, v0xb470e263cb90_6009, v0xb470e263cb90_6010, v0xb470e263cb90_6011, v0xb470e263cb90_6012;
v0xb470e263cb90_6013 .array/port v0xb470e263cb90, 6013;
v0xb470e263cb90_6014 .array/port v0xb470e263cb90, 6014;
v0xb470e263cb90_6015 .array/port v0xb470e263cb90, 6015;
v0xb470e263cb90_6016 .array/port v0xb470e263cb90, 6016;
E_0xb470e2641e60/1505 .event anyedge, v0xb470e263cb90_6013, v0xb470e263cb90_6014, v0xb470e263cb90_6015, v0xb470e263cb90_6016;
v0xb470e263cb90_6017 .array/port v0xb470e263cb90, 6017;
v0xb470e263cb90_6018 .array/port v0xb470e263cb90, 6018;
v0xb470e263cb90_6019 .array/port v0xb470e263cb90, 6019;
v0xb470e263cb90_6020 .array/port v0xb470e263cb90, 6020;
E_0xb470e2641e60/1506 .event anyedge, v0xb470e263cb90_6017, v0xb470e263cb90_6018, v0xb470e263cb90_6019, v0xb470e263cb90_6020;
v0xb470e263cb90_6021 .array/port v0xb470e263cb90, 6021;
v0xb470e263cb90_6022 .array/port v0xb470e263cb90, 6022;
v0xb470e263cb90_6023 .array/port v0xb470e263cb90, 6023;
v0xb470e263cb90_6024 .array/port v0xb470e263cb90, 6024;
E_0xb470e2641e60/1507 .event anyedge, v0xb470e263cb90_6021, v0xb470e263cb90_6022, v0xb470e263cb90_6023, v0xb470e263cb90_6024;
v0xb470e263cb90_6025 .array/port v0xb470e263cb90, 6025;
v0xb470e263cb90_6026 .array/port v0xb470e263cb90, 6026;
v0xb470e263cb90_6027 .array/port v0xb470e263cb90, 6027;
v0xb470e263cb90_6028 .array/port v0xb470e263cb90, 6028;
E_0xb470e2641e60/1508 .event anyedge, v0xb470e263cb90_6025, v0xb470e263cb90_6026, v0xb470e263cb90_6027, v0xb470e263cb90_6028;
v0xb470e263cb90_6029 .array/port v0xb470e263cb90, 6029;
v0xb470e263cb90_6030 .array/port v0xb470e263cb90, 6030;
v0xb470e263cb90_6031 .array/port v0xb470e263cb90, 6031;
v0xb470e263cb90_6032 .array/port v0xb470e263cb90, 6032;
E_0xb470e2641e60/1509 .event anyedge, v0xb470e263cb90_6029, v0xb470e263cb90_6030, v0xb470e263cb90_6031, v0xb470e263cb90_6032;
v0xb470e263cb90_6033 .array/port v0xb470e263cb90, 6033;
v0xb470e263cb90_6034 .array/port v0xb470e263cb90, 6034;
v0xb470e263cb90_6035 .array/port v0xb470e263cb90, 6035;
v0xb470e263cb90_6036 .array/port v0xb470e263cb90, 6036;
E_0xb470e2641e60/1510 .event anyedge, v0xb470e263cb90_6033, v0xb470e263cb90_6034, v0xb470e263cb90_6035, v0xb470e263cb90_6036;
v0xb470e263cb90_6037 .array/port v0xb470e263cb90, 6037;
v0xb470e263cb90_6038 .array/port v0xb470e263cb90, 6038;
v0xb470e263cb90_6039 .array/port v0xb470e263cb90, 6039;
v0xb470e263cb90_6040 .array/port v0xb470e263cb90, 6040;
E_0xb470e2641e60/1511 .event anyedge, v0xb470e263cb90_6037, v0xb470e263cb90_6038, v0xb470e263cb90_6039, v0xb470e263cb90_6040;
v0xb470e263cb90_6041 .array/port v0xb470e263cb90, 6041;
v0xb470e263cb90_6042 .array/port v0xb470e263cb90, 6042;
v0xb470e263cb90_6043 .array/port v0xb470e263cb90, 6043;
v0xb470e263cb90_6044 .array/port v0xb470e263cb90, 6044;
E_0xb470e2641e60/1512 .event anyedge, v0xb470e263cb90_6041, v0xb470e263cb90_6042, v0xb470e263cb90_6043, v0xb470e263cb90_6044;
v0xb470e263cb90_6045 .array/port v0xb470e263cb90, 6045;
v0xb470e263cb90_6046 .array/port v0xb470e263cb90, 6046;
v0xb470e263cb90_6047 .array/port v0xb470e263cb90, 6047;
v0xb470e263cb90_6048 .array/port v0xb470e263cb90, 6048;
E_0xb470e2641e60/1513 .event anyedge, v0xb470e263cb90_6045, v0xb470e263cb90_6046, v0xb470e263cb90_6047, v0xb470e263cb90_6048;
v0xb470e263cb90_6049 .array/port v0xb470e263cb90, 6049;
v0xb470e263cb90_6050 .array/port v0xb470e263cb90, 6050;
v0xb470e263cb90_6051 .array/port v0xb470e263cb90, 6051;
v0xb470e263cb90_6052 .array/port v0xb470e263cb90, 6052;
E_0xb470e2641e60/1514 .event anyedge, v0xb470e263cb90_6049, v0xb470e263cb90_6050, v0xb470e263cb90_6051, v0xb470e263cb90_6052;
v0xb470e263cb90_6053 .array/port v0xb470e263cb90, 6053;
v0xb470e263cb90_6054 .array/port v0xb470e263cb90, 6054;
v0xb470e263cb90_6055 .array/port v0xb470e263cb90, 6055;
v0xb470e263cb90_6056 .array/port v0xb470e263cb90, 6056;
E_0xb470e2641e60/1515 .event anyedge, v0xb470e263cb90_6053, v0xb470e263cb90_6054, v0xb470e263cb90_6055, v0xb470e263cb90_6056;
v0xb470e263cb90_6057 .array/port v0xb470e263cb90, 6057;
v0xb470e263cb90_6058 .array/port v0xb470e263cb90, 6058;
v0xb470e263cb90_6059 .array/port v0xb470e263cb90, 6059;
v0xb470e263cb90_6060 .array/port v0xb470e263cb90, 6060;
E_0xb470e2641e60/1516 .event anyedge, v0xb470e263cb90_6057, v0xb470e263cb90_6058, v0xb470e263cb90_6059, v0xb470e263cb90_6060;
v0xb470e263cb90_6061 .array/port v0xb470e263cb90, 6061;
v0xb470e263cb90_6062 .array/port v0xb470e263cb90, 6062;
v0xb470e263cb90_6063 .array/port v0xb470e263cb90, 6063;
v0xb470e263cb90_6064 .array/port v0xb470e263cb90, 6064;
E_0xb470e2641e60/1517 .event anyedge, v0xb470e263cb90_6061, v0xb470e263cb90_6062, v0xb470e263cb90_6063, v0xb470e263cb90_6064;
v0xb470e263cb90_6065 .array/port v0xb470e263cb90, 6065;
v0xb470e263cb90_6066 .array/port v0xb470e263cb90, 6066;
v0xb470e263cb90_6067 .array/port v0xb470e263cb90, 6067;
v0xb470e263cb90_6068 .array/port v0xb470e263cb90, 6068;
E_0xb470e2641e60/1518 .event anyedge, v0xb470e263cb90_6065, v0xb470e263cb90_6066, v0xb470e263cb90_6067, v0xb470e263cb90_6068;
v0xb470e263cb90_6069 .array/port v0xb470e263cb90, 6069;
v0xb470e263cb90_6070 .array/port v0xb470e263cb90, 6070;
v0xb470e263cb90_6071 .array/port v0xb470e263cb90, 6071;
v0xb470e263cb90_6072 .array/port v0xb470e263cb90, 6072;
E_0xb470e2641e60/1519 .event anyedge, v0xb470e263cb90_6069, v0xb470e263cb90_6070, v0xb470e263cb90_6071, v0xb470e263cb90_6072;
v0xb470e263cb90_6073 .array/port v0xb470e263cb90, 6073;
v0xb470e263cb90_6074 .array/port v0xb470e263cb90, 6074;
v0xb470e263cb90_6075 .array/port v0xb470e263cb90, 6075;
v0xb470e263cb90_6076 .array/port v0xb470e263cb90, 6076;
E_0xb470e2641e60/1520 .event anyedge, v0xb470e263cb90_6073, v0xb470e263cb90_6074, v0xb470e263cb90_6075, v0xb470e263cb90_6076;
v0xb470e263cb90_6077 .array/port v0xb470e263cb90, 6077;
v0xb470e263cb90_6078 .array/port v0xb470e263cb90, 6078;
v0xb470e263cb90_6079 .array/port v0xb470e263cb90, 6079;
v0xb470e263cb90_6080 .array/port v0xb470e263cb90, 6080;
E_0xb470e2641e60/1521 .event anyedge, v0xb470e263cb90_6077, v0xb470e263cb90_6078, v0xb470e263cb90_6079, v0xb470e263cb90_6080;
v0xb470e263cb90_6081 .array/port v0xb470e263cb90, 6081;
v0xb470e263cb90_6082 .array/port v0xb470e263cb90, 6082;
v0xb470e263cb90_6083 .array/port v0xb470e263cb90, 6083;
v0xb470e263cb90_6084 .array/port v0xb470e263cb90, 6084;
E_0xb470e2641e60/1522 .event anyedge, v0xb470e263cb90_6081, v0xb470e263cb90_6082, v0xb470e263cb90_6083, v0xb470e263cb90_6084;
v0xb470e263cb90_6085 .array/port v0xb470e263cb90, 6085;
v0xb470e263cb90_6086 .array/port v0xb470e263cb90, 6086;
v0xb470e263cb90_6087 .array/port v0xb470e263cb90, 6087;
v0xb470e263cb90_6088 .array/port v0xb470e263cb90, 6088;
E_0xb470e2641e60/1523 .event anyedge, v0xb470e263cb90_6085, v0xb470e263cb90_6086, v0xb470e263cb90_6087, v0xb470e263cb90_6088;
v0xb470e263cb90_6089 .array/port v0xb470e263cb90, 6089;
v0xb470e263cb90_6090 .array/port v0xb470e263cb90, 6090;
v0xb470e263cb90_6091 .array/port v0xb470e263cb90, 6091;
v0xb470e263cb90_6092 .array/port v0xb470e263cb90, 6092;
E_0xb470e2641e60/1524 .event anyedge, v0xb470e263cb90_6089, v0xb470e263cb90_6090, v0xb470e263cb90_6091, v0xb470e263cb90_6092;
v0xb470e263cb90_6093 .array/port v0xb470e263cb90, 6093;
v0xb470e263cb90_6094 .array/port v0xb470e263cb90, 6094;
v0xb470e263cb90_6095 .array/port v0xb470e263cb90, 6095;
v0xb470e263cb90_6096 .array/port v0xb470e263cb90, 6096;
E_0xb470e2641e60/1525 .event anyedge, v0xb470e263cb90_6093, v0xb470e263cb90_6094, v0xb470e263cb90_6095, v0xb470e263cb90_6096;
v0xb470e263cb90_6097 .array/port v0xb470e263cb90, 6097;
v0xb470e263cb90_6098 .array/port v0xb470e263cb90, 6098;
v0xb470e263cb90_6099 .array/port v0xb470e263cb90, 6099;
v0xb470e263cb90_6100 .array/port v0xb470e263cb90, 6100;
E_0xb470e2641e60/1526 .event anyedge, v0xb470e263cb90_6097, v0xb470e263cb90_6098, v0xb470e263cb90_6099, v0xb470e263cb90_6100;
v0xb470e263cb90_6101 .array/port v0xb470e263cb90, 6101;
v0xb470e263cb90_6102 .array/port v0xb470e263cb90, 6102;
v0xb470e263cb90_6103 .array/port v0xb470e263cb90, 6103;
v0xb470e263cb90_6104 .array/port v0xb470e263cb90, 6104;
E_0xb470e2641e60/1527 .event anyedge, v0xb470e263cb90_6101, v0xb470e263cb90_6102, v0xb470e263cb90_6103, v0xb470e263cb90_6104;
v0xb470e263cb90_6105 .array/port v0xb470e263cb90, 6105;
v0xb470e263cb90_6106 .array/port v0xb470e263cb90, 6106;
v0xb470e263cb90_6107 .array/port v0xb470e263cb90, 6107;
v0xb470e263cb90_6108 .array/port v0xb470e263cb90, 6108;
E_0xb470e2641e60/1528 .event anyedge, v0xb470e263cb90_6105, v0xb470e263cb90_6106, v0xb470e263cb90_6107, v0xb470e263cb90_6108;
v0xb470e263cb90_6109 .array/port v0xb470e263cb90, 6109;
v0xb470e263cb90_6110 .array/port v0xb470e263cb90, 6110;
v0xb470e263cb90_6111 .array/port v0xb470e263cb90, 6111;
v0xb470e263cb90_6112 .array/port v0xb470e263cb90, 6112;
E_0xb470e2641e60/1529 .event anyedge, v0xb470e263cb90_6109, v0xb470e263cb90_6110, v0xb470e263cb90_6111, v0xb470e263cb90_6112;
v0xb470e263cb90_6113 .array/port v0xb470e263cb90, 6113;
v0xb470e263cb90_6114 .array/port v0xb470e263cb90, 6114;
v0xb470e263cb90_6115 .array/port v0xb470e263cb90, 6115;
v0xb470e263cb90_6116 .array/port v0xb470e263cb90, 6116;
E_0xb470e2641e60/1530 .event anyedge, v0xb470e263cb90_6113, v0xb470e263cb90_6114, v0xb470e263cb90_6115, v0xb470e263cb90_6116;
v0xb470e263cb90_6117 .array/port v0xb470e263cb90, 6117;
v0xb470e263cb90_6118 .array/port v0xb470e263cb90, 6118;
v0xb470e263cb90_6119 .array/port v0xb470e263cb90, 6119;
v0xb470e263cb90_6120 .array/port v0xb470e263cb90, 6120;
E_0xb470e2641e60/1531 .event anyedge, v0xb470e263cb90_6117, v0xb470e263cb90_6118, v0xb470e263cb90_6119, v0xb470e263cb90_6120;
v0xb470e263cb90_6121 .array/port v0xb470e263cb90, 6121;
v0xb470e263cb90_6122 .array/port v0xb470e263cb90, 6122;
v0xb470e263cb90_6123 .array/port v0xb470e263cb90, 6123;
v0xb470e263cb90_6124 .array/port v0xb470e263cb90, 6124;
E_0xb470e2641e60/1532 .event anyedge, v0xb470e263cb90_6121, v0xb470e263cb90_6122, v0xb470e263cb90_6123, v0xb470e263cb90_6124;
v0xb470e263cb90_6125 .array/port v0xb470e263cb90, 6125;
v0xb470e263cb90_6126 .array/port v0xb470e263cb90, 6126;
v0xb470e263cb90_6127 .array/port v0xb470e263cb90, 6127;
v0xb470e263cb90_6128 .array/port v0xb470e263cb90, 6128;
E_0xb470e2641e60/1533 .event anyedge, v0xb470e263cb90_6125, v0xb470e263cb90_6126, v0xb470e263cb90_6127, v0xb470e263cb90_6128;
v0xb470e263cb90_6129 .array/port v0xb470e263cb90, 6129;
v0xb470e263cb90_6130 .array/port v0xb470e263cb90, 6130;
v0xb470e263cb90_6131 .array/port v0xb470e263cb90, 6131;
v0xb470e263cb90_6132 .array/port v0xb470e263cb90, 6132;
E_0xb470e2641e60/1534 .event anyedge, v0xb470e263cb90_6129, v0xb470e263cb90_6130, v0xb470e263cb90_6131, v0xb470e263cb90_6132;
v0xb470e263cb90_6133 .array/port v0xb470e263cb90, 6133;
v0xb470e263cb90_6134 .array/port v0xb470e263cb90, 6134;
v0xb470e263cb90_6135 .array/port v0xb470e263cb90, 6135;
v0xb470e263cb90_6136 .array/port v0xb470e263cb90, 6136;
E_0xb470e2641e60/1535 .event anyedge, v0xb470e263cb90_6133, v0xb470e263cb90_6134, v0xb470e263cb90_6135, v0xb470e263cb90_6136;
v0xb470e263cb90_6137 .array/port v0xb470e263cb90, 6137;
v0xb470e263cb90_6138 .array/port v0xb470e263cb90, 6138;
v0xb470e263cb90_6139 .array/port v0xb470e263cb90, 6139;
v0xb470e263cb90_6140 .array/port v0xb470e263cb90, 6140;
E_0xb470e2641e60/1536 .event anyedge, v0xb470e263cb90_6137, v0xb470e263cb90_6138, v0xb470e263cb90_6139, v0xb470e263cb90_6140;
v0xb470e263cb90_6141 .array/port v0xb470e263cb90, 6141;
v0xb470e263cb90_6142 .array/port v0xb470e263cb90, 6142;
v0xb470e263cb90_6143 .array/port v0xb470e263cb90, 6143;
v0xb470e263cb90_6144 .array/port v0xb470e263cb90, 6144;
E_0xb470e2641e60/1537 .event anyedge, v0xb470e263cb90_6141, v0xb470e263cb90_6142, v0xb470e263cb90_6143, v0xb470e263cb90_6144;
v0xb470e263cb90_6145 .array/port v0xb470e263cb90, 6145;
v0xb470e263cb90_6146 .array/port v0xb470e263cb90, 6146;
v0xb470e263cb90_6147 .array/port v0xb470e263cb90, 6147;
v0xb470e263cb90_6148 .array/port v0xb470e263cb90, 6148;
E_0xb470e2641e60/1538 .event anyedge, v0xb470e263cb90_6145, v0xb470e263cb90_6146, v0xb470e263cb90_6147, v0xb470e263cb90_6148;
v0xb470e263cb90_6149 .array/port v0xb470e263cb90, 6149;
v0xb470e263cb90_6150 .array/port v0xb470e263cb90, 6150;
v0xb470e263cb90_6151 .array/port v0xb470e263cb90, 6151;
v0xb470e263cb90_6152 .array/port v0xb470e263cb90, 6152;
E_0xb470e2641e60/1539 .event anyedge, v0xb470e263cb90_6149, v0xb470e263cb90_6150, v0xb470e263cb90_6151, v0xb470e263cb90_6152;
v0xb470e263cb90_6153 .array/port v0xb470e263cb90, 6153;
v0xb470e263cb90_6154 .array/port v0xb470e263cb90, 6154;
v0xb470e263cb90_6155 .array/port v0xb470e263cb90, 6155;
v0xb470e263cb90_6156 .array/port v0xb470e263cb90, 6156;
E_0xb470e2641e60/1540 .event anyedge, v0xb470e263cb90_6153, v0xb470e263cb90_6154, v0xb470e263cb90_6155, v0xb470e263cb90_6156;
v0xb470e263cb90_6157 .array/port v0xb470e263cb90, 6157;
v0xb470e263cb90_6158 .array/port v0xb470e263cb90, 6158;
v0xb470e263cb90_6159 .array/port v0xb470e263cb90, 6159;
v0xb470e263cb90_6160 .array/port v0xb470e263cb90, 6160;
E_0xb470e2641e60/1541 .event anyedge, v0xb470e263cb90_6157, v0xb470e263cb90_6158, v0xb470e263cb90_6159, v0xb470e263cb90_6160;
v0xb470e263cb90_6161 .array/port v0xb470e263cb90, 6161;
v0xb470e263cb90_6162 .array/port v0xb470e263cb90, 6162;
v0xb470e263cb90_6163 .array/port v0xb470e263cb90, 6163;
v0xb470e263cb90_6164 .array/port v0xb470e263cb90, 6164;
E_0xb470e2641e60/1542 .event anyedge, v0xb470e263cb90_6161, v0xb470e263cb90_6162, v0xb470e263cb90_6163, v0xb470e263cb90_6164;
v0xb470e263cb90_6165 .array/port v0xb470e263cb90, 6165;
v0xb470e263cb90_6166 .array/port v0xb470e263cb90, 6166;
v0xb470e263cb90_6167 .array/port v0xb470e263cb90, 6167;
v0xb470e263cb90_6168 .array/port v0xb470e263cb90, 6168;
E_0xb470e2641e60/1543 .event anyedge, v0xb470e263cb90_6165, v0xb470e263cb90_6166, v0xb470e263cb90_6167, v0xb470e263cb90_6168;
v0xb470e263cb90_6169 .array/port v0xb470e263cb90, 6169;
v0xb470e263cb90_6170 .array/port v0xb470e263cb90, 6170;
v0xb470e263cb90_6171 .array/port v0xb470e263cb90, 6171;
v0xb470e263cb90_6172 .array/port v0xb470e263cb90, 6172;
E_0xb470e2641e60/1544 .event anyedge, v0xb470e263cb90_6169, v0xb470e263cb90_6170, v0xb470e263cb90_6171, v0xb470e263cb90_6172;
v0xb470e263cb90_6173 .array/port v0xb470e263cb90, 6173;
v0xb470e263cb90_6174 .array/port v0xb470e263cb90, 6174;
v0xb470e263cb90_6175 .array/port v0xb470e263cb90, 6175;
v0xb470e263cb90_6176 .array/port v0xb470e263cb90, 6176;
E_0xb470e2641e60/1545 .event anyedge, v0xb470e263cb90_6173, v0xb470e263cb90_6174, v0xb470e263cb90_6175, v0xb470e263cb90_6176;
v0xb470e263cb90_6177 .array/port v0xb470e263cb90, 6177;
v0xb470e263cb90_6178 .array/port v0xb470e263cb90, 6178;
v0xb470e263cb90_6179 .array/port v0xb470e263cb90, 6179;
v0xb470e263cb90_6180 .array/port v0xb470e263cb90, 6180;
E_0xb470e2641e60/1546 .event anyedge, v0xb470e263cb90_6177, v0xb470e263cb90_6178, v0xb470e263cb90_6179, v0xb470e263cb90_6180;
v0xb470e263cb90_6181 .array/port v0xb470e263cb90, 6181;
v0xb470e263cb90_6182 .array/port v0xb470e263cb90, 6182;
v0xb470e263cb90_6183 .array/port v0xb470e263cb90, 6183;
v0xb470e263cb90_6184 .array/port v0xb470e263cb90, 6184;
E_0xb470e2641e60/1547 .event anyedge, v0xb470e263cb90_6181, v0xb470e263cb90_6182, v0xb470e263cb90_6183, v0xb470e263cb90_6184;
v0xb470e263cb90_6185 .array/port v0xb470e263cb90, 6185;
v0xb470e263cb90_6186 .array/port v0xb470e263cb90, 6186;
v0xb470e263cb90_6187 .array/port v0xb470e263cb90, 6187;
v0xb470e263cb90_6188 .array/port v0xb470e263cb90, 6188;
E_0xb470e2641e60/1548 .event anyedge, v0xb470e263cb90_6185, v0xb470e263cb90_6186, v0xb470e263cb90_6187, v0xb470e263cb90_6188;
v0xb470e263cb90_6189 .array/port v0xb470e263cb90, 6189;
v0xb470e263cb90_6190 .array/port v0xb470e263cb90, 6190;
v0xb470e263cb90_6191 .array/port v0xb470e263cb90, 6191;
v0xb470e263cb90_6192 .array/port v0xb470e263cb90, 6192;
E_0xb470e2641e60/1549 .event anyedge, v0xb470e263cb90_6189, v0xb470e263cb90_6190, v0xb470e263cb90_6191, v0xb470e263cb90_6192;
v0xb470e263cb90_6193 .array/port v0xb470e263cb90, 6193;
v0xb470e263cb90_6194 .array/port v0xb470e263cb90, 6194;
v0xb470e263cb90_6195 .array/port v0xb470e263cb90, 6195;
v0xb470e263cb90_6196 .array/port v0xb470e263cb90, 6196;
E_0xb470e2641e60/1550 .event anyedge, v0xb470e263cb90_6193, v0xb470e263cb90_6194, v0xb470e263cb90_6195, v0xb470e263cb90_6196;
v0xb470e263cb90_6197 .array/port v0xb470e263cb90, 6197;
v0xb470e263cb90_6198 .array/port v0xb470e263cb90, 6198;
v0xb470e263cb90_6199 .array/port v0xb470e263cb90, 6199;
v0xb470e263cb90_6200 .array/port v0xb470e263cb90, 6200;
E_0xb470e2641e60/1551 .event anyedge, v0xb470e263cb90_6197, v0xb470e263cb90_6198, v0xb470e263cb90_6199, v0xb470e263cb90_6200;
v0xb470e263cb90_6201 .array/port v0xb470e263cb90, 6201;
v0xb470e263cb90_6202 .array/port v0xb470e263cb90, 6202;
v0xb470e263cb90_6203 .array/port v0xb470e263cb90, 6203;
v0xb470e263cb90_6204 .array/port v0xb470e263cb90, 6204;
E_0xb470e2641e60/1552 .event anyedge, v0xb470e263cb90_6201, v0xb470e263cb90_6202, v0xb470e263cb90_6203, v0xb470e263cb90_6204;
v0xb470e263cb90_6205 .array/port v0xb470e263cb90, 6205;
v0xb470e263cb90_6206 .array/port v0xb470e263cb90, 6206;
v0xb470e263cb90_6207 .array/port v0xb470e263cb90, 6207;
v0xb470e263cb90_6208 .array/port v0xb470e263cb90, 6208;
E_0xb470e2641e60/1553 .event anyedge, v0xb470e263cb90_6205, v0xb470e263cb90_6206, v0xb470e263cb90_6207, v0xb470e263cb90_6208;
v0xb470e263cb90_6209 .array/port v0xb470e263cb90, 6209;
v0xb470e263cb90_6210 .array/port v0xb470e263cb90, 6210;
v0xb470e263cb90_6211 .array/port v0xb470e263cb90, 6211;
v0xb470e263cb90_6212 .array/port v0xb470e263cb90, 6212;
E_0xb470e2641e60/1554 .event anyedge, v0xb470e263cb90_6209, v0xb470e263cb90_6210, v0xb470e263cb90_6211, v0xb470e263cb90_6212;
v0xb470e263cb90_6213 .array/port v0xb470e263cb90, 6213;
v0xb470e263cb90_6214 .array/port v0xb470e263cb90, 6214;
v0xb470e263cb90_6215 .array/port v0xb470e263cb90, 6215;
v0xb470e263cb90_6216 .array/port v0xb470e263cb90, 6216;
E_0xb470e2641e60/1555 .event anyedge, v0xb470e263cb90_6213, v0xb470e263cb90_6214, v0xb470e263cb90_6215, v0xb470e263cb90_6216;
v0xb470e263cb90_6217 .array/port v0xb470e263cb90, 6217;
v0xb470e263cb90_6218 .array/port v0xb470e263cb90, 6218;
v0xb470e263cb90_6219 .array/port v0xb470e263cb90, 6219;
v0xb470e263cb90_6220 .array/port v0xb470e263cb90, 6220;
E_0xb470e2641e60/1556 .event anyedge, v0xb470e263cb90_6217, v0xb470e263cb90_6218, v0xb470e263cb90_6219, v0xb470e263cb90_6220;
v0xb470e263cb90_6221 .array/port v0xb470e263cb90, 6221;
v0xb470e263cb90_6222 .array/port v0xb470e263cb90, 6222;
v0xb470e263cb90_6223 .array/port v0xb470e263cb90, 6223;
v0xb470e263cb90_6224 .array/port v0xb470e263cb90, 6224;
E_0xb470e2641e60/1557 .event anyedge, v0xb470e263cb90_6221, v0xb470e263cb90_6222, v0xb470e263cb90_6223, v0xb470e263cb90_6224;
v0xb470e263cb90_6225 .array/port v0xb470e263cb90, 6225;
v0xb470e263cb90_6226 .array/port v0xb470e263cb90, 6226;
v0xb470e263cb90_6227 .array/port v0xb470e263cb90, 6227;
v0xb470e263cb90_6228 .array/port v0xb470e263cb90, 6228;
E_0xb470e2641e60/1558 .event anyedge, v0xb470e263cb90_6225, v0xb470e263cb90_6226, v0xb470e263cb90_6227, v0xb470e263cb90_6228;
v0xb470e263cb90_6229 .array/port v0xb470e263cb90, 6229;
v0xb470e263cb90_6230 .array/port v0xb470e263cb90, 6230;
v0xb470e263cb90_6231 .array/port v0xb470e263cb90, 6231;
v0xb470e263cb90_6232 .array/port v0xb470e263cb90, 6232;
E_0xb470e2641e60/1559 .event anyedge, v0xb470e263cb90_6229, v0xb470e263cb90_6230, v0xb470e263cb90_6231, v0xb470e263cb90_6232;
v0xb470e263cb90_6233 .array/port v0xb470e263cb90, 6233;
v0xb470e263cb90_6234 .array/port v0xb470e263cb90, 6234;
v0xb470e263cb90_6235 .array/port v0xb470e263cb90, 6235;
v0xb470e263cb90_6236 .array/port v0xb470e263cb90, 6236;
E_0xb470e2641e60/1560 .event anyedge, v0xb470e263cb90_6233, v0xb470e263cb90_6234, v0xb470e263cb90_6235, v0xb470e263cb90_6236;
v0xb470e263cb90_6237 .array/port v0xb470e263cb90, 6237;
v0xb470e263cb90_6238 .array/port v0xb470e263cb90, 6238;
v0xb470e263cb90_6239 .array/port v0xb470e263cb90, 6239;
v0xb470e263cb90_6240 .array/port v0xb470e263cb90, 6240;
E_0xb470e2641e60/1561 .event anyedge, v0xb470e263cb90_6237, v0xb470e263cb90_6238, v0xb470e263cb90_6239, v0xb470e263cb90_6240;
v0xb470e263cb90_6241 .array/port v0xb470e263cb90, 6241;
v0xb470e263cb90_6242 .array/port v0xb470e263cb90, 6242;
v0xb470e263cb90_6243 .array/port v0xb470e263cb90, 6243;
v0xb470e263cb90_6244 .array/port v0xb470e263cb90, 6244;
E_0xb470e2641e60/1562 .event anyedge, v0xb470e263cb90_6241, v0xb470e263cb90_6242, v0xb470e263cb90_6243, v0xb470e263cb90_6244;
v0xb470e263cb90_6245 .array/port v0xb470e263cb90, 6245;
v0xb470e263cb90_6246 .array/port v0xb470e263cb90, 6246;
v0xb470e263cb90_6247 .array/port v0xb470e263cb90, 6247;
v0xb470e263cb90_6248 .array/port v0xb470e263cb90, 6248;
E_0xb470e2641e60/1563 .event anyedge, v0xb470e263cb90_6245, v0xb470e263cb90_6246, v0xb470e263cb90_6247, v0xb470e263cb90_6248;
v0xb470e263cb90_6249 .array/port v0xb470e263cb90, 6249;
v0xb470e263cb90_6250 .array/port v0xb470e263cb90, 6250;
v0xb470e263cb90_6251 .array/port v0xb470e263cb90, 6251;
v0xb470e263cb90_6252 .array/port v0xb470e263cb90, 6252;
E_0xb470e2641e60/1564 .event anyedge, v0xb470e263cb90_6249, v0xb470e263cb90_6250, v0xb470e263cb90_6251, v0xb470e263cb90_6252;
v0xb470e263cb90_6253 .array/port v0xb470e263cb90, 6253;
v0xb470e263cb90_6254 .array/port v0xb470e263cb90, 6254;
v0xb470e263cb90_6255 .array/port v0xb470e263cb90, 6255;
v0xb470e263cb90_6256 .array/port v0xb470e263cb90, 6256;
E_0xb470e2641e60/1565 .event anyedge, v0xb470e263cb90_6253, v0xb470e263cb90_6254, v0xb470e263cb90_6255, v0xb470e263cb90_6256;
v0xb470e263cb90_6257 .array/port v0xb470e263cb90, 6257;
v0xb470e263cb90_6258 .array/port v0xb470e263cb90, 6258;
v0xb470e263cb90_6259 .array/port v0xb470e263cb90, 6259;
v0xb470e263cb90_6260 .array/port v0xb470e263cb90, 6260;
E_0xb470e2641e60/1566 .event anyedge, v0xb470e263cb90_6257, v0xb470e263cb90_6258, v0xb470e263cb90_6259, v0xb470e263cb90_6260;
v0xb470e263cb90_6261 .array/port v0xb470e263cb90, 6261;
v0xb470e263cb90_6262 .array/port v0xb470e263cb90, 6262;
v0xb470e263cb90_6263 .array/port v0xb470e263cb90, 6263;
v0xb470e263cb90_6264 .array/port v0xb470e263cb90, 6264;
E_0xb470e2641e60/1567 .event anyedge, v0xb470e263cb90_6261, v0xb470e263cb90_6262, v0xb470e263cb90_6263, v0xb470e263cb90_6264;
v0xb470e263cb90_6265 .array/port v0xb470e263cb90, 6265;
v0xb470e263cb90_6266 .array/port v0xb470e263cb90, 6266;
v0xb470e263cb90_6267 .array/port v0xb470e263cb90, 6267;
v0xb470e263cb90_6268 .array/port v0xb470e263cb90, 6268;
E_0xb470e2641e60/1568 .event anyedge, v0xb470e263cb90_6265, v0xb470e263cb90_6266, v0xb470e263cb90_6267, v0xb470e263cb90_6268;
v0xb470e263cb90_6269 .array/port v0xb470e263cb90, 6269;
v0xb470e263cb90_6270 .array/port v0xb470e263cb90, 6270;
v0xb470e263cb90_6271 .array/port v0xb470e263cb90, 6271;
v0xb470e263cb90_6272 .array/port v0xb470e263cb90, 6272;
E_0xb470e2641e60/1569 .event anyedge, v0xb470e263cb90_6269, v0xb470e263cb90_6270, v0xb470e263cb90_6271, v0xb470e263cb90_6272;
v0xb470e263cb90_6273 .array/port v0xb470e263cb90, 6273;
v0xb470e263cb90_6274 .array/port v0xb470e263cb90, 6274;
v0xb470e263cb90_6275 .array/port v0xb470e263cb90, 6275;
v0xb470e263cb90_6276 .array/port v0xb470e263cb90, 6276;
E_0xb470e2641e60/1570 .event anyedge, v0xb470e263cb90_6273, v0xb470e263cb90_6274, v0xb470e263cb90_6275, v0xb470e263cb90_6276;
v0xb470e263cb90_6277 .array/port v0xb470e263cb90, 6277;
v0xb470e263cb90_6278 .array/port v0xb470e263cb90, 6278;
v0xb470e263cb90_6279 .array/port v0xb470e263cb90, 6279;
v0xb470e263cb90_6280 .array/port v0xb470e263cb90, 6280;
E_0xb470e2641e60/1571 .event anyedge, v0xb470e263cb90_6277, v0xb470e263cb90_6278, v0xb470e263cb90_6279, v0xb470e263cb90_6280;
v0xb470e263cb90_6281 .array/port v0xb470e263cb90, 6281;
v0xb470e263cb90_6282 .array/port v0xb470e263cb90, 6282;
v0xb470e263cb90_6283 .array/port v0xb470e263cb90, 6283;
v0xb470e263cb90_6284 .array/port v0xb470e263cb90, 6284;
E_0xb470e2641e60/1572 .event anyedge, v0xb470e263cb90_6281, v0xb470e263cb90_6282, v0xb470e263cb90_6283, v0xb470e263cb90_6284;
v0xb470e263cb90_6285 .array/port v0xb470e263cb90, 6285;
v0xb470e263cb90_6286 .array/port v0xb470e263cb90, 6286;
v0xb470e263cb90_6287 .array/port v0xb470e263cb90, 6287;
v0xb470e263cb90_6288 .array/port v0xb470e263cb90, 6288;
E_0xb470e2641e60/1573 .event anyedge, v0xb470e263cb90_6285, v0xb470e263cb90_6286, v0xb470e263cb90_6287, v0xb470e263cb90_6288;
v0xb470e263cb90_6289 .array/port v0xb470e263cb90, 6289;
v0xb470e263cb90_6290 .array/port v0xb470e263cb90, 6290;
v0xb470e263cb90_6291 .array/port v0xb470e263cb90, 6291;
v0xb470e263cb90_6292 .array/port v0xb470e263cb90, 6292;
E_0xb470e2641e60/1574 .event anyedge, v0xb470e263cb90_6289, v0xb470e263cb90_6290, v0xb470e263cb90_6291, v0xb470e263cb90_6292;
v0xb470e263cb90_6293 .array/port v0xb470e263cb90, 6293;
v0xb470e263cb90_6294 .array/port v0xb470e263cb90, 6294;
v0xb470e263cb90_6295 .array/port v0xb470e263cb90, 6295;
v0xb470e263cb90_6296 .array/port v0xb470e263cb90, 6296;
E_0xb470e2641e60/1575 .event anyedge, v0xb470e263cb90_6293, v0xb470e263cb90_6294, v0xb470e263cb90_6295, v0xb470e263cb90_6296;
v0xb470e263cb90_6297 .array/port v0xb470e263cb90, 6297;
v0xb470e263cb90_6298 .array/port v0xb470e263cb90, 6298;
v0xb470e263cb90_6299 .array/port v0xb470e263cb90, 6299;
v0xb470e263cb90_6300 .array/port v0xb470e263cb90, 6300;
E_0xb470e2641e60/1576 .event anyedge, v0xb470e263cb90_6297, v0xb470e263cb90_6298, v0xb470e263cb90_6299, v0xb470e263cb90_6300;
v0xb470e263cb90_6301 .array/port v0xb470e263cb90, 6301;
v0xb470e263cb90_6302 .array/port v0xb470e263cb90, 6302;
v0xb470e263cb90_6303 .array/port v0xb470e263cb90, 6303;
v0xb470e263cb90_6304 .array/port v0xb470e263cb90, 6304;
E_0xb470e2641e60/1577 .event anyedge, v0xb470e263cb90_6301, v0xb470e263cb90_6302, v0xb470e263cb90_6303, v0xb470e263cb90_6304;
v0xb470e263cb90_6305 .array/port v0xb470e263cb90, 6305;
v0xb470e263cb90_6306 .array/port v0xb470e263cb90, 6306;
v0xb470e263cb90_6307 .array/port v0xb470e263cb90, 6307;
v0xb470e263cb90_6308 .array/port v0xb470e263cb90, 6308;
E_0xb470e2641e60/1578 .event anyedge, v0xb470e263cb90_6305, v0xb470e263cb90_6306, v0xb470e263cb90_6307, v0xb470e263cb90_6308;
v0xb470e263cb90_6309 .array/port v0xb470e263cb90, 6309;
v0xb470e263cb90_6310 .array/port v0xb470e263cb90, 6310;
v0xb470e263cb90_6311 .array/port v0xb470e263cb90, 6311;
v0xb470e263cb90_6312 .array/port v0xb470e263cb90, 6312;
E_0xb470e2641e60/1579 .event anyedge, v0xb470e263cb90_6309, v0xb470e263cb90_6310, v0xb470e263cb90_6311, v0xb470e263cb90_6312;
v0xb470e263cb90_6313 .array/port v0xb470e263cb90, 6313;
v0xb470e263cb90_6314 .array/port v0xb470e263cb90, 6314;
v0xb470e263cb90_6315 .array/port v0xb470e263cb90, 6315;
v0xb470e263cb90_6316 .array/port v0xb470e263cb90, 6316;
E_0xb470e2641e60/1580 .event anyedge, v0xb470e263cb90_6313, v0xb470e263cb90_6314, v0xb470e263cb90_6315, v0xb470e263cb90_6316;
v0xb470e263cb90_6317 .array/port v0xb470e263cb90, 6317;
v0xb470e263cb90_6318 .array/port v0xb470e263cb90, 6318;
v0xb470e263cb90_6319 .array/port v0xb470e263cb90, 6319;
v0xb470e263cb90_6320 .array/port v0xb470e263cb90, 6320;
E_0xb470e2641e60/1581 .event anyedge, v0xb470e263cb90_6317, v0xb470e263cb90_6318, v0xb470e263cb90_6319, v0xb470e263cb90_6320;
v0xb470e263cb90_6321 .array/port v0xb470e263cb90, 6321;
v0xb470e263cb90_6322 .array/port v0xb470e263cb90, 6322;
v0xb470e263cb90_6323 .array/port v0xb470e263cb90, 6323;
v0xb470e263cb90_6324 .array/port v0xb470e263cb90, 6324;
E_0xb470e2641e60/1582 .event anyedge, v0xb470e263cb90_6321, v0xb470e263cb90_6322, v0xb470e263cb90_6323, v0xb470e263cb90_6324;
v0xb470e263cb90_6325 .array/port v0xb470e263cb90, 6325;
v0xb470e263cb90_6326 .array/port v0xb470e263cb90, 6326;
v0xb470e263cb90_6327 .array/port v0xb470e263cb90, 6327;
v0xb470e263cb90_6328 .array/port v0xb470e263cb90, 6328;
E_0xb470e2641e60/1583 .event anyedge, v0xb470e263cb90_6325, v0xb470e263cb90_6326, v0xb470e263cb90_6327, v0xb470e263cb90_6328;
v0xb470e263cb90_6329 .array/port v0xb470e263cb90, 6329;
v0xb470e263cb90_6330 .array/port v0xb470e263cb90, 6330;
v0xb470e263cb90_6331 .array/port v0xb470e263cb90, 6331;
v0xb470e263cb90_6332 .array/port v0xb470e263cb90, 6332;
E_0xb470e2641e60/1584 .event anyedge, v0xb470e263cb90_6329, v0xb470e263cb90_6330, v0xb470e263cb90_6331, v0xb470e263cb90_6332;
v0xb470e263cb90_6333 .array/port v0xb470e263cb90, 6333;
v0xb470e263cb90_6334 .array/port v0xb470e263cb90, 6334;
v0xb470e263cb90_6335 .array/port v0xb470e263cb90, 6335;
v0xb470e263cb90_6336 .array/port v0xb470e263cb90, 6336;
E_0xb470e2641e60/1585 .event anyedge, v0xb470e263cb90_6333, v0xb470e263cb90_6334, v0xb470e263cb90_6335, v0xb470e263cb90_6336;
v0xb470e263cb90_6337 .array/port v0xb470e263cb90, 6337;
v0xb470e263cb90_6338 .array/port v0xb470e263cb90, 6338;
v0xb470e263cb90_6339 .array/port v0xb470e263cb90, 6339;
v0xb470e263cb90_6340 .array/port v0xb470e263cb90, 6340;
E_0xb470e2641e60/1586 .event anyedge, v0xb470e263cb90_6337, v0xb470e263cb90_6338, v0xb470e263cb90_6339, v0xb470e263cb90_6340;
v0xb470e263cb90_6341 .array/port v0xb470e263cb90, 6341;
v0xb470e263cb90_6342 .array/port v0xb470e263cb90, 6342;
v0xb470e263cb90_6343 .array/port v0xb470e263cb90, 6343;
v0xb470e263cb90_6344 .array/port v0xb470e263cb90, 6344;
E_0xb470e2641e60/1587 .event anyedge, v0xb470e263cb90_6341, v0xb470e263cb90_6342, v0xb470e263cb90_6343, v0xb470e263cb90_6344;
v0xb470e263cb90_6345 .array/port v0xb470e263cb90, 6345;
v0xb470e263cb90_6346 .array/port v0xb470e263cb90, 6346;
v0xb470e263cb90_6347 .array/port v0xb470e263cb90, 6347;
v0xb470e263cb90_6348 .array/port v0xb470e263cb90, 6348;
E_0xb470e2641e60/1588 .event anyedge, v0xb470e263cb90_6345, v0xb470e263cb90_6346, v0xb470e263cb90_6347, v0xb470e263cb90_6348;
v0xb470e263cb90_6349 .array/port v0xb470e263cb90, 6349;
v0xb470e263cb90_6350 .array/port v0xb470e263cb90, 6350;
v0xb470e263cb90_6351 .array/port v0xb470e263cb90, 6351;
v0xb470e263cb90_6352 .array/port v0xb470e263cb90, 6352;
E_0xb470e2641e60/1589 .event anyedge, v0xb470e263cb90_6349, v0xb470e263cb90_6350, v0xb470e263cb90_6351, v0xb470e263cb90_6352;
v0xb470e263cb90_6353 .array/port v0xb470e263cb90, 6353;
v0xb470e263cb90_6354 .array/port v0xb470e263cb90, 6354;
v0xb470e263cb90_6355 .array/port v0xb470e263cb90, 6355;
v0xb470e263cb90_6356 .array/port v0xb470e263cb90, 6356;
E_0xb470e2641e60/1590 .event anyedge, v0xb470e263cb90_6353, v0xb470e263cb90_6354, v0xb470e263cb90_6355, v0xb470e263cb90_6356;
v0xb470e263cb90_6357 .array/port v0xb470e263cb90, 6357;
v0xb470e263cb90_6358 .array/port v0xb470e263cb90, 6358;
v0xb470e263cb90_6359 .array/port v0xb470e263cb90, 6359;
v0xb470e263cb90_6360 .array/port v0xb470e263cb90, 6360;
E_0xb470e2641e60/1591 .event anyedge, v0xb470e263cb90_6357, v0xb470e263cb90_6358, v0xb470e263cb90_6359, v0xb470e263cb90_6360;
v0xb470e263cb90_6361 .array/port v0xb470e263cb90, 6361;
v0xb470e263cb90_6362 .array/port v0xb470e263cb90, 6362;
v0xb470e263cb90_6363 .array/port v0xb470e263cb90, 6363;
v0xb470e263cb90_6364 .array/port v0xb470e263cb90, 6364;
E_0xb470e2641e60/1592 .event anyedge, v0xb470e263cb90_6361, v0xb470e263cb90_6362, v0xb470e263cb90_6363, v0xb470e263cb90_6364;
v0xb470e263cb90_6365 .array/port v0xb470e263cb90, 6365;
v0xb470e263cb90_6366 .array/port v0xb470e263cb90, 6366;
v0xb470e263cb90_6367 .array/port v0xb470e263cb90, 6367;
v0xb470e263cb90_6368 .array/port v0xb470e263cb90, 6368;
E_0xb470e2641e60/1593 .event anyedge, v0xb470e263cb90_6365, v0xb470e263cb90_6366, v0xb470e263cb90_6367, v0xb470e263cb90_6368;
v0xb470e263cb90_6369 .array/port v0xb470e263cb90, 6369;
v0xb470e263cb90_6370 .array/port v0xb470e263cb90, 6370;
v0xb470e263cb90_6371 .array/port v0xb470e263cb90, 6371;
v0xb470e263cb90_6372 .array/port v0xb470e263cb90, 6372;
E_0xb470e2641e60/1594 .event anyedge, v0xb470e263cb90_6369, v0xb470e263cb90_6370, v0xb470e263cb90_6371, v0xb470e263cb90_6372;
v0xb470e263cb90_6373 .array/port v0xb470e263cb90, 6373;
v0xb470e263cb90_6374 .array/port v0xb470e263cb90, 6374;
v0xb470e263cb90_6375 .array/port v0xb470e263cb90, 6375;
v0xb470e263cb90_6376 .array/port v0xb470e263cb90, 6376;
E_0xb470e2641e60/1595 .event anyedge, v0xb470e263cb90_6373, v0xb470e263cb90_6374, v0xb470e263cb90_6375, v0xb470e263cb90_6376;
v0xb470e263cb90_6377 .array/port v0xb470e263cb90, 6377;
v0xb470e263cb90_6378 .array/port v0xb470e263cb90, 6378;
v0xb470e263cb90_6379 .array/port v0xb470e263cb90, 6379;
v0xb470e263cb90_6380 .array/port v0xb470e263cb90, 6380;
E_0xb470e2641e60/1596 .event anyedge, v0xb470e263cb90_6377, v0xb470e263cb90_6378, v0xb470e263cb90_6379, v0xb470e263cb90_6380;
v0xb470e263cb90_6381 .array/port v0xb470e263cb90, 6381;
v0xb470e263cb90_6382 .array/port v0xb470e263cb90, 6382;
v0xb470e263cb90_6383 .array/port v0xb470e263cb90, 6383;
v0xb470e263cb90_6384 .array/port v0xb470e263cb90, 6384;
E_0xb470e2641e60/1597 .event anyedge, v0xb470e263cb90_6381, v0xb470e263cb90_6382, v0xb470e263cb90_6383, v0xb470e263cb90_6384;
v0xb470e263cb90_6385 .array/port v0xb470e263cb90, 6385;
v0xb470e263cb90_6386 .array/port v0xb470e263cb90, 6386;
v0xb470e263cb90_6387 .array/port v0xb470e263cb90, 6387;
v0xb470e263cb90_6388 .array/port v0xb470e263cb90, 6388;
E_0xb470e2641e60/1598 .event anyedge, v0xb470e263cb90_6385, v0xb470e263cb90_6386, v0xb470e263cb90_6387, v0xb470e263cb90_6388;
v0xb470e263cb90_6389 .array/port v0xb470e263cb90, 6389;
v0xb470e263cb90_6390 .array/port v0xb470e263cb90, 6390;
v0xb470e263cb90_6391 .array/port v0xb470e263cb90, 6391;
v0xb470e263cb90_6392 .array/port v0xb470e263cb90, 6392;
E_0xb470e2641e60/1599 .event anyedge, v0xb470e263cb90_6389, v0xb470e263cb90_6390, v0xb470e263cb90_6391, v0xb470e263cb90_6392;
v0xb470e263cb90_6393 .array/port v0xb470e263cb90, 6393;
v0xb470e263cb90_6394 .array/port v0xb470e263cb90, 6394;
v0xb470e263cb90_6395 .array/port v0xb470e263cb90, 6395;
v0xb470e263cb90_6396 .array/port v0xb470e263cb90, 6396;
E_0xb470e2641e60/1600 .event anyedge, v0xb470e263cb90_6393, v0xb470e263cb90_6394, v0xb470e263cb90_6395, v0xb470e263cb90_6396;
v0xb470e263cb90_6397 .array/port v0xb470e263cb90, 6397;
v0xb470e263cb90_6398 .array/port v0xb470e263cb90, 6398;
v0xb470e263cb90_6399 .array/port v0xb470e263cb90, 6399;
v0xb470e263cb90_6400 .array/port v0xb470e263cb90, 6400;
E_0xb470e2641e60/1601 .event anyedge, v0xb470e263cb90_6397, v0xb470e263cb90_6398, v0xb470e263cb90_6399, v0xb470e263cb90_6400;
v0xb470e263cb90_6401 .array/port v0xb470e263cb90, 6401;
v0xb470e263cb90_6402 .array/port v0xb470e263cb90, 6402;
v0xb470e263cb90_6403 .array/port v0xb470e263cb90, 6403;
v0xb470e263cb90_6404 .array/port v0xb470e263cb90, 6404;
E_0xb470e2641e60/1602 .event anyedge, v0xb470e263cb90_6401, v0xb470e263cb90_6402, v0xb470e263cb90_6403, v0xb470e263cb90_6404;
v0xb470e263cb90_6405 .array/port v0xb470e263cb90, 6405;
v0xb470e263cb90_6406 .array/port v0xb470e263cb90, 6406;
v0xb470e263cb90_6407 .array/port v0xb470e263cb90, 6407;
v0xb470e263cb90_6408 .array/port v0xb470e263cb90, 6408;
E_0xb470e2641e60/1603 .event anyedge, v0xb470e263cb90_6405, v0xb470e263cb90_6406, v0xb470e263cb90_6407, v0xb470e263cb90_6408;
v0xb470e263cb90_6409 .array/port v0xb470e263cb90, 6409;
v0xb470e263cb90_6410 .array/port v0xb470e263cb90, 6410;
v0xb470e263cb90_6411 .array/port v0xb470e263cb90, 6411;
v0xb470e263cb90_6412 .array/port v0xb470e263cb90, 6412;
E_0xb470e2641e60/1604 .event anyedge, v0xb470e263cb90_6409, v0xb470e263cb90_6410, v0xb470e263cb90_6411, v0xb470e263cb90_6412;
v0xb470e263cb90_6413 .array/port v0xb470e263cb90, 6413;
v0xb470e263cb90_6414 .array/port v0xb470e263cb90, 6414;
v0xb470e263cb90_6415 .array/port v0xb470e263cb90, 6415;
v0xb470e263cb90_6416 .array/port v0xb470e263cb90, 6416;
E_0xb470e2641e60/1605 .event anyedge, v0xb470e263cb90_6413, v0xb470e263cb90_6414, v0xb470e263cb90_6415, v0xb470e263cb90_6416;
v0xb470e263cb90_6417 .array/port v0xb470e263cb90, 6417;
v0xb470e263cb90_6418 .array/port v0xb470e263cb90, 6418;
v0xb470e263cb90_6419 .array/port v0xb470e263cb90, 6419;
v0xb470e263cb90_6420 .array/port v0xb470e263cb90, 6420;
E_0xb470e2641e60/1606 .event anyedge, v0xb470e263cb90_6417, v0xb470e263cb90_6418, v0xb470e263cb90_6419, v0xb470e263cb90_6420;
v0xb470e263cb90_6421 .array/port v0xb470e263cb90, 6421;
v0xb470e263cb90_6422 .array/port v0xb470e263cb90, 6422;
v0xb470e263cb90_6423 .array/port v0xb470e263cb90, 6423;
v0xb470e263cb90_6424 .array/port v0xb470e263cb90, 6424;
E_0xb470e2641e60/1607 .event anyedge, v0xb470e263cb90_6421, v0xb470e263cb90_6422, v0xb470e263cb90_6423, v0xb470e263cb90_6424;
v0xb470e263cb90_6425 .array/port v0xb470e263cb90, 6425;
v0xb470e263cb90_6426 .array/port v0xb470e263cb90, 6426;
v0xb470e263cb90_6427 .array/port v0xb470e263cb90, 6427;
v0xb470e263cb90_6428 .array/port v0xb470e263cb90, 6428;
E_0xb470e2641e60/1608 .event anyedge, v0xb470e263cb90_6425, v0xb470e263cb90_6426, v0xb470e263cb90_6427, v0xb470e263cb90_6428;
v0xb470e263cb90_6429 .array/port v0xb470e263cb90, 6429;
v0xb470e263cb90_6430 .array/port v0xb470e263cb90, 6430;
v0xb470e263cb90_6431 .array/port v0xb470e263cb90, 6431;
v0xb470e263cb90_6432 .array/port v0xb470e263cb90, 6432;
E_0xb470e2641e60/1609 .event anyedge, v0xb470e263cb90_6429, v0xb470e263cb90_6430, v0xb470e263cb90_6431, v0xb470e263cb90_6432;
v0xb470e263cb90_6433 .array/port v0xb470e263cb90, 6433;
v0xb470e263cb90_6434 .array/port v0xb470e263cb90, 6434;
v0xb470e263cb90_6435 .array/port v0xb470e263cb90, 6435;
v0xb470e263cb90_6436 .array/port v0xb470e263cb90, 6436;
E_0xb470e2641e60/1610 .event anyedge, v0xb470e263cb90_6433, v0xb470e263cb90_6434, v0xb470e263cb90_6435, v0xb470e263cb90_6436;
v0xb470e263cb90_6437 .array/port v0xb470e263cb90, 6437;
v0xb470e263cb90_6438 .array/port v0xb470e263cb90, 6438;
v0xb470e263cb90_6439 .array/port v0xb470e263cb90, 6439;
v0xb470e263cb90_6440 .array/port v0xb470e263cb90, 6440;
E_0xb470e2641e60/1611 .event anyedge, v0xb470e263cb90_6437, v0xb470e263cb90_6438, v0xb470e263cb90_6439, v0xb470e263cb90_6440;
v0xb470e263cb90_6441 .array/port v0xb470e263cb90, 6441;
v0xb470e263cb90_6442 .array/port v0xb470e263cb90, 6442;
v0xb470e263cb90_6443 .array/port v0xb470e263cb90, 6443;
v0xb470e263cb90_6444 .array/port v0xb470e263cb90, 6444;
E_0xb470e2641e60/1612 .event anyedge, v0xb470e263cb90_6441, v0xb470e263cb90_6442, v0xb470e263cb90_6443, v0xb470e263cb90_6444;
v0xb470e263cb90_6445 .array/port v0xb470e263cb90, 6445;
v0xb470e263cb90_6446 .array/port v0xb470e263cb90, 6446;
v0xb470e263cb90_6447 .array/port v0xb470e263cb90, 6447;
v0xb470e263cb90_6448 .array/port v0xb470e263cb90, 6448;
E_0xb470e2641e60/1613 .event anyedge, v0xb470e263cb90_6445, v0xb470e263cb90_6446, v0xb470e263cb90_6447, v0xb470e263cb90_6448;
v0xb470e263cb90_6449 .array/port v0xb470e263cb90, 6449;
v0xb470e263cb90_6450 .array/port v0xb470e263cb90, 6450;
v0xb470e263cb90_6451 .array/port v0xb470e263cb90, 6451;
v0xb470e263cb90_6452 .array/port v0xb470e263cb90, 6452;
E_0xb470e2641e60/1614 .event anyedge, v0xb470e263cb90_6449, v0xb470e263cb90_6450, v0xb470e263cb90_6451, v0xb470e263cb90_6452;
v0xb470e263cb90_6453 .array/port v0xb470e263cb90, 6453;
v0xb470e263cb90_6454 .array/port v0xb470e263cb90, 6454;
v0xb470e263cb90_6455 .array/port v0xb470e263cb90, 6455;
v0xb470e263cb90_6456 .array/port v0xb470e263cb90, 6456;
E_0xb470e2641e60/1615 .event anyedge, v0xb470e263cb90_6453, v0xb470e263cb90_6454, v0xb470e263cb90_6455, v0xb470e263cb90_6456;
v0xb470e263cb90_6457 .array/port v0xb470e263cb90, 6457;
v0xb470e263cb90_6458 .array/port v0xb470e263cb90, 6458;
v0xb470e263cb90_6459 .array/port v0xb470e263cb90, 6459;
v0xb470e263cb90_6460 .array/port v0xb470e263cb90, 6460;
E_0xb470e2641e60/1616 .event anyedge, v0xb470e263cb90_6457, v0xb470e263cb90_6458, v0xb470e263cb90_6459, v0xb470e263cb90_6460;
v0xb470e263cb90_6461 .array/port v0xb470e263cb90, 6461;
v0xb470e263cb90_6462 .array/port v0xb470e263cb90, 6462;
v0xb470e263cb90_6463 .array/port v0xb470e263cb90, 6463;
v0xb470e263cb90_6464 .array/port v0xb470e263cb90, 6464;
E_0xb470e2641e60/1617 .event anyedge, v0xb470e263cb90_6461, v0xb470e263cb90_6462, v0xb470e263cb90_6463, v0xb470e263cb90_6464;
v0xb470e263cb90_6465 .array/port v0xb470e263cb90, 6465;
v0xb470e263cb90_6466 .array/port v0xb470e263cb90, 6466;
v0xb470e263cb90_6467 .array/port v0xb470e263cb90, 6467;
v0xb470e263cb90_6468 .array/port v0xb470e263cb90, 6468;
E_0xb470e2641e60/1618 .event anyedge, v0xb470e263cb90_6465, v0xb470e263cb90_6466, v0xb470e263cb90_6467, v0xb470e263cb90_6468;
v0xb470e263cb90_6469 .array/port v0xb470e263cb90, 6469;
v0xb470e263cb90_6470 .array/port v0xb470e263cb90, 6470;
v0xb470e263cb90_6471 .array/port v0xb470e263cb90, 6471;
v0xb470e263cb90_6472 .array/port v0xb470e263cb90, 6472;
E_0xb470e2641e60/1619 .event anyedge, v0xb470e263cb90_6469, v0xb470e263cb90_6470, v0xb470e263cb90_6471, v0xb470e263cb90_6472;
v0xb470e263cb90_6473 .array/port v0xb470e263cb90, 6473;
v0xb470e263cb90_6474 .array/port v0xb470e263cb90, 6474;
v0xb470e263cb90_6475 .array/port v0xb470e263cb90, 6475;
v0xb470e263cb90_6476 .array/port v0xb470e263cb90, 6476;
E_0xb470e2641e60/1620 .event anyedge, v0xb470e263cb90_6473, v0xb470e263cb90_6474, v0xb470e263cb90_6475, v0xb470e263cb90_6476;
v0xb470e263cb90_6477 .array/port v0xb470e263cb90, 6477;
v0xb470e263cb90_6478 .array/port v0xb470e263cb90, 6478;
v0xb470e263cb90_6479 .array/port v0xb470e263cb90, 6479;
v0xb470e263cb90_6480 .array/port v0xb470e263cb90, 6480;
E_0xb470e2641e60/1621 .event anyedge, v0xb470e263cb90_6477, v0xb470e263cb90_6478, v0xb470e263cb90_6479, v0xb470e263cb90_6480;
v0xb470e263cb90_6481 .array/port v0xb470e263cb90, 6481;
v0xb470e263cb90_6482 .array/port v0xb470e263cb90, 6482;
v0xb470e263cb90_6483 .array/port v0xb470e263cb90, 6483;
v0xb470e263cb90_6484 .array/port v0xb470e263cb90, 6484;
E_0xb470e2641e60/1622 .event anyedge, v0xb470e263cb90_6481, v0xb470e263cb90_6482, v0xb470e263cb90_6483, v0xb470e263cb90_6484;
v0xb470e263cb90_6485 .array/port v0xb470e263cb90, 6485;
v0xb470e263cb90_6486 .array/port v0xb470e263cb90, 6486;
v0xb470e263cb90_6487 .array/port v0xb470e263cb90, 6487;
v0xb470e263cb90_6488 .array/port v0xb470e263cb90, 6488;
E_0xb470e2641e60/1623 .event anyedge, v0xb470e263cb90_6485, v0xb470e263cb90_6486, v0xb470e263cb90_6487, v0xb470e263cb90_6488;
v0xb470e263cb90_6489 .array/port v0xb470e263cb90, 6489;
v0xb470e263cb90_6490 .array/port v0xb470e263cb90, 6490;
v0xb470e263cb90_6491 .array/port v0xb470e263cb90, 6491;
v0xb470e263cb90_6492 .array/port v0xb470e263cb90, 6492;
E_0xb470e2641e60/1624 .event anyedge, v0xb470e263cb90_6489, v0xb470e263cb90_6490, v0xb470e263cb90_6491, v0xb470e263cb90_6492;
v0xb470e263cb90_6493 .array/port v0xb470e263cb90, 6493;
v0xb470e263cb90_6494 .array/port v0xb470e263cb90, 6494;
v0xb470e263cb90_6495 .array/port v0xb470e263cb90, 6495;
v0xb470e263cb90_6496 .array/port v0xb470e263cb90, 6496;
E_0xb470e2641e60/1625 .event anyedge, v0xb470e263cb90_6493, v0xb470e263cb90_6494, v0xb470e263cb90_6495, v0xb470e263cb90_6496;
v0xb470e263cb90_6497 .array/port v0xb470e263cb90, 6497;
v0xb470e263cb90_6498 .array/port v0xb470e263cb90, 6498;
v0xb470e263cb90_6499 .array/port v0xb470e263cb90, 6499;
v0xb470e263cb90_6500 .array/port v0xb470e263cb90, 6500;
E_0xb470e2641e60/1626 .event anyedge, v0xb470e263cb90_6497, v0xb470e263cb90_6498, v0xb470e263cb90_6499, v0xb470e263cb90_6500;
v0xb470e263cb90_6501 .array/port v0xb470e263cb90, 6501;
v0xb470e263cb90_6502 .array/port v0xb470e263cb90, 6502;
v0xb470e263cb90_6503 .array/port v0xb470e263cb90, 6503;
v0xb470e263cb90_6504 .array/port v0xb470e263cb90, 6504;
E_0xb470e2641e60/1627 .event anyedge, v0xb470e263cb90_6501, v0xb470e263cb90_6502, v0xb470e263cb90_6503, v0xb470e263cb90_6504;
v0xb470e263cb90_6505 .array/port v0xb470e263cb90, 6505;
v0xb470e263cb90_6506 .array/port v0xb470e263cb90, 6506;
v0xb470e263cb90_6507 .array/port v0xb470e263cb90, 6507;
v0xb470e263cb90_6508 .array/port v0xb470e263cb90, 6508;
E_0xb470e2641e60/1628 .event anyedge, v0xb470e263cb90_6505, v0xb470e263cb90_6506, v0xb470e263cb90_6507, v0xb470e263cb90_6508;
v0xb470e263cb90_6509 .array/port v0xb470e263cb90, 6509;
v0xb470e263cb90_6510 .array/port v0xb470e263cb90, 6510;
v0xb470e263cb90_6511 .array/port v0xb470e263cb90, 6511;
v0xb470e263cb90_6512 .array/port v0xb470e263cb90, 6512;
E_0xb470e2641e60/1629 .event anyedge, v0xb470e263cb90_6509, v0xb470e263cb90_6510, v0xb470e263cb90_6511, v0xb470e263cb90_6512;
v0xb470e263cb90_6513 .array/port v0xb470e263cb90, 6513;
v0xb470e263cb90_6514 .array/port v0xb470e263cb90, 6514;
v0xb470e263cb90_6515 .array/port v0xb470e263cb90, 6515;
v0xb470e263cb90_6516 .array/port v0xb470e263cb90, 6516;
E_0xb470e2641e60/1630 .event anyedge, v0xb470e263cb90_6513, v0xb470e263cb90_6514, v0xb470e263cb90_6515, v0xb470e263cb90_6516;
v0xb470e263cb90_6517 .array/port v0xb470e263cb90, 6517;
v0xb470e263cb90_6518 .array/port v0xb470e263cb90, 6518;
v0xb470e263cb90_6519 .array/port v0xb470e263cb90, 6519;
v0xb470e263cb90_6520 .array/port v0xb470e263cb90, 6520;
E_0xb470e2641e60/1631 .event anyedge, v0xb470e263cb90_6517, v0xb470e263cb90_6518, v0xb470e263cb90_6519, v0xb470e263cb90_6520;
v0xb470e263cb90_6521 .array/port v0xb470e263cb90, 6521;
v0xb470e263cb90_6522 .array/port v0xb470e263cb90, 6522;
v0xb470e263cb90_6523 .array/port v0xb470e263cb90, 6523;
v0xb470e263cb90_6524 .array/port v0xb470e263cb90, 6524;
E_0xb470e2641e60/1632 .event anyedge, v0xb470e263cb90_6521, v0xb470e263cb90_6522, v0xb470e263cb90_6523, v0xb470e263cb90_6524;
v0xb470e263cb90_6525 .array/port v0xb470e263cb90, 6525;
v0xb470e263cb90_6526 .array/port v0xb470e263cb90, 6526;
v0xb470e263cb90_6527 .array/port v0xb470e263cb90, 6527;
v0xb470e263cb90_6528 .array/port v0xb470e263cb90, 6528;
E_0xb470e2641e60/1633 .event anyedge, v0xb470e263cb90_6525, v0xb470e263cb90_6526, v0xb470e263cb90_6527, v0xb470e263cb90_6528;
v0xb470e263cb90_6529 .array/port v0xb470e263cb90, 6529;
v0xb470e263cb90_6530 .array/port v0xb470e263cb90, 6530;
v0xb470e263cb90_6531 .array/port v0xb470e263cb90, 6531;
v0xb470e263cb90_6532 .array/port v0xb470e263cb90, 6532;
E_0xb470e2641e60/1634 .event anyedge, v0xb470e263cb90_6529, v0xb470e263cb90_6530, v0xb470e263cb90_6531, v0xb470e263cb90_6532;
v0xb470e263cb90_6533 .array/port v0xb470e263cb90, 6533;
v0xb470e263cb90_6534 .array/port v0xb470e263cb90, 6534;
v0xb470e263cb90_6535 .array/port v0xb470e263cb90, 6535;
v0xb470e263cb90_6536 .array/port v0xb470e263cb90, 6536;
E_0xb470e2641e60/1635 .event anyedge, v0xb470e263cb90_6533, v0xb470e263cb90_6534, v0xb470e263cb90_6535, v0xb470e263cb90_6536;
v0xb470e263cb90_6537 .array/port v0xb470e263cb90, 6537;
v0xb470e263cb90_6538 .array/port v0xb470e263cb90, 6538;
v0xb470e263cb90_6539 .array/port v0xb470e263cb90, 6539;
v0xb470e263cb90_6540 .array/port v0xb470e263cb90, 6540;
E_0xb470e2641e60/1636 .event anyedge, v0xb470e263cb90_6537, v0xb470e263cb90_6538, v0xb470e263cb90_6539, v0xb470e263cb90_6540;
v0xb470e263cb90_6541 .array/port v0xb470e263cb90, 6541;
v0xb470e263cb90_6542 .array/port v0xb470e263cb90, 6542;
v0xb470e263cb90_6543 .array/port v0xb470e263cb90, 6543;
v0xb470e263cb90_6544 .array/port v0xb470e263cb90, 6544;
E_0xb470e2641e60/1637 .event anyedge, v0xb470e263cb90_6541, v0xb470e263cb90_6542, v0xb470e263cb90_6543, v0xb470e263cb90_6544;
v0xb470e263cb90_6545 .array/port v0xb470e263cb90, 6545;
v0xb470e263cb90_6546 .array/port v0xb470e263cb90, 6546;
v0xb470e263cb90_6547 .array/port v0xb470e263cb90, 6547;
v0xb470e263cb90_6548 .array/port v0xb470e263cb90, 6548;
E_0xb470e2641e60/1638 .event anyedge, v0xb470e263cb90_6545, v0xb470e263cb90_6546, v0xb470e263cb90_6547, v0xb470e263cb90_6548;
v0xb470e263cb90_6549 .array/port v0xb470e263cb90, 6549;
v0xb470e263cb90_6550 .array/port v0xb470e263cb90, 6550;
v0xb470e263cb90_6551 .array/port v0xb470e263cb90, 6551;
v0xb470e263cb90_6552 .array/port v0xb470e263cb90, 6552;
E_0xb470e2641e60/1639 .event anyedge, v0xb470e263cb90_6549, v0xb470e263cb90_6550, v0xb470e263cb90_6551, v0xb470e263cb90_6552;
v0xb470e263cb90_6553 .array/port v0xb470e263cb90, 6553;
v0xb470e263cb90_6554 .array/port v0xb470e263cb90, 6554;
v0xb470e263cb90_6555 .array/port v0xb470e263cb90, 6555;
v0xb470e263cb90_6556 .array/port v0xb470e263cb90, 6556;
E_0xb470e2641e60/1640 .event anyedge, v0xb470e263cb90_6553, v0xb470e263cb90_6554, v0xb470e263cb90_6555, v0xb470e263cb90_6556;
v0xb470e263cb90_6557 .array/port v0xb470e263cb90, 6557;
v0xb470e263cb90_6558 .array/port v0xb470e263cb90, 6558;
v0xb470e263cb90_6559 .array/port v0xb470e263cb90, 6559;
v0xb470e263cb90_6560 .array/port v0xb470e263cb90, 6560;
E_0xb470e2641e60/1641 .event anyedge, v0xb470e263cb90_6557, v0xb470e263cb90_6558, v0xb470e263cb90_6559, v0xb470e263cb90_6560;
v0xb470e263cb90_6561 .array/port v0xb470e263cb90, 6561;
v0xb470e263cb90_6562 .array/port v0xb470e263cb90, 6562;
v0xb470e263cb90_6563 .array/port v0xb470e263cb90, 6563;
v0xb470e263cb90_6564 .array/port v0xb470e263cb90, 6564;
E_0xb470e2641e60/1642 .event anyedge, v0xb470e263cb90_6561, v0xb470e263cb90_6562, v0xb470e263cb90_6563, v0xb470e263cb90_6564;
v0xb470e263cb90_6565 .array/port v0xb470e263cb90, 6565;
v0xb470e263cb90_6566 .array/port v0xb470e263cb90, 6566;
v0xb470e263cb90_6567 .array/port v0xb470e263cb90, 6567;
v0xb470e263cb90_6568 .array/port v0xb470e263cb90, 6568;
E_0xb470e2641e60/1643 .event anyedge, v0xb470e263cb90_6565, v0xb470e263cb90_6566, v0xb470e263cb90_6567, v0xb470e263cb90_6568;
v0xb470e263cb90_6569 .array/port v0xb470e263cb90, 6569;
v0xb470e263cb90_6570 .array/port v0xb470e263cb90, 6570;
v0xb470e263cb90_6571 .array/port v0xb470e263cb90, 6571;
v0xb470e263cb90_6572 .array/port v0xb470e263cb90, 6572;
E_0xb470e2641e60/1644 .event anyedge, v0xb470e263cb90_6569, v0xb470e263cb90_6570, v0xb470e263cb90_6571, v0xb470e263cb90_6572;
v0xb470e263cb90_6573 .array/port v0xb470e263cb90, 6573;
v0xb470e263cb90_6574 .array/port v0xb470e263cb90, 6574;
v0xb470e263cb90_6575 .array/port v0xb470e263cb90, 6575;
v0xb470e263cb90_6576 .array/port v0xb470e263cb90, 6576;
E_0xb470e2641e60/1645 .event anyedge, v0xb470e263cb90_6573, v0xb470e263cb90_6574, v0xb470e263cb90_6575, v0xb470e263cb90_6576;
v0xb470e263cb90_6577 .array/port v0xb470e263cb90, 6577;
v0xb470e263cb90_6578 .array/port v0xb470e263cb90, 6578;
v0xb470e263cb90_6579 .array/port v0xb470e263cb90, 6579;
v0xb470e263cb90_6580 .array/port v0xb470e263cb90, 6580;
E_0xb470e2641e60/1646 .event anyedge, v0xb470e263cb90_6577, v0xb470e263cb90_6578, v0xb470e263cb90_6579, v0xb470e263cb90_6580;
v0xb470e263cb90_6581 .array/port v0xb470e263cb90, 6581;
v0xb470e263cb90_6582 .array/port v0xb470e263cb90, 6582;
v0xb470e263cb90_6583 .array/port v0xb470e263cb90, 6583;
v0xb470e263cb90_6584 .array/port v0xb470e263cb90, 6584;
E_0xb470e2641e60/1647 .event anyedge, v0xb470e263cb90_6581, v0xb470e263cb90_6582, v0xb470e263cb90_6583, v0xb470e263cb90_6584;
v0xb470e263cb90_6585 .array/port v0xb470e263cb90, 6585;
v0xb470e263cb90_6586 .array/port v0xb470e263cb90, 6586;
v0xb470e263cb90_6587 .array/port v0xb470e263cb90, 6587;
v0xb470e263cb90_6588 .array/port v0xb470e263cb90, 6588;
E_0xb470e2641e60/1648 .event anyedge, v0xb470e263cb90_6585, v0xb470e263cb90_6586, v0xb470e263cb90_6587, v0xb470e263cb90_6588;
v0xb470e263cb90_6589 .array/port v0xb470e263cb90, 6589;
v0xb470e263cb90_6590 .array/port v0xb470e263cb90, 6590;
v0xb470e263cb90_6591 .array/port v0xb470e263cb90, 6591;
v0xb470e263cb90_6592 .array/port v0xb470e263cb90, 6592;
E_0xb470e2641e60/1649 .event anyedge, v0xb470e263cb90_6589, v0xb470e263cb90_6590, v0xb470e263cb90_6591, v0xb470e263cb90_6592;
v0xb470e263cb90_6593 .array/port v0xb470e263cb90, 6593;
v0xb470e263cb90_6594 .array/port v0xb470e263cb90, 6594;
v0xb470e263cb90_6595 .array/port v0xb470e263cb90, 6595;
v0xb470e263cb90_6596 .array/port v0xb470e263cb90, 6596;
E_0xb470e2641e60/1650 .event anyedge, v0xb470e263cb90_6593, v0xb470e263cb90_6594, v0xb470e263cb90_6595, v0xb470e263cb90_6596;
v0xb470e263cb90_6597 .array/port v0xb470e263cb90, 6597;
v0xb470e263cb90_6598 .array/port v0xb470e263cb90, 6598;
v0xb470e263cb90_6599 .array/port v0xb470e263cb90, 6599;
v0xb470e263cb90_6600 .array/port v0xb470e263cb90, 6600;
E_0xb470e2641e60/1651 .event anyedge, v0xb470e263cb90_6597, v0xb470e263cb90_6598, v0xb470e263cb90_6599, v0xb470e263cb90_6600;
v0xb470e263cb90_6601 .array/port v0xb470e263cb90, 6601;
v0xb470e263cb90_6602 .array/port v0xb470e263cb90, 6602;
v0xb470e263cb90_6603 .array/port v0xb470e263cb90, 6603;
v0xb470e263cb90_6604 .array/port v0xb470e263cb90, 6604;
E_0xb470e2641e60/1652 .event anyedge, v0xb470e263cb90_6601, v0xb470e263cb90_6602, v0xb470e263cb90_6603, v0xb470e263cb90_6604;
v0xb470e263cb90_6605 .array/port v0xb470e263cb90, 6605;
v0xb470e263cb90_6606 .array/port v0xb470e263cb90, 6606;
v0xb470e263cb90_6607 .array/port v0xb470e263cb90, 6607;
v0xb470e263cb90_6608 .array/port v0xb470e263cb90, 6608;
E_0xb470e2641e60/1653 .event anyedge, v0xb470e263cb90_6605, v0xb470e263cb90_6606, v0xb470e263cb90_6607, v0xb470e263cb90_6608;
v0xb470e263cb90_6609 .array/port v0xb470e263cb90, 6609;
v0xb470e263cb90_6610 .array/port v0xb470e263cb90, 6610;
v0xb470e263cb90_6611 .array/port v0xb470e263cb90, 6611;
v0xb470e263cb90_6612 .array/port v0xb470e263cb90, 6612;
E_0xb470e2641e60/1654 .event anyedge, v0xb470e263cb90_6609, v0xb470e263cb90_6610, v0xb470e263cb90_6611, v0xb470e263cb90_6612;
v0xb470e263cb90_6613 .array/port v0xb470e263cb90, 6613;
v0xb470e263cb90_6614 .array/port v0xb470e263cb90, 6614;
v0xb470e263cb90_6615 .array/port v0xb470e263cb90, 6615;
v0xb470e263cb90_6616 .array/port v0xb470e263cb90, 6616;
E_0xb470e2641e60/1655 .event anyedge, v0xb470e263cb90_6613, v0xb470e263cb90_6614, v0xb470e263cb90_6615, v0xb470e263cb90_6616;
v0xb470e263cb90_6617 .array/port v0xb470e263cb90, 6617;
v0xb470e263cb90_6618 .array/port v0xb470e263cb90, 6618;
v0xb470e263cb90_6619 .array/port v0xb470e263cb90, 6619;
v0xb470e263cb90_6620 .array/port v0xb470e263cb90, 6620;
E_0xb470e2641e60/1656 .event anyedge, v0xb470e263cb90_6617, v0xb470e263cb90_6618, v0xb470e263cb90_6619, v0xb470e263cb90_6620;
v0xb470e263cb90_6621 .array/port v0xb470e263cb90, 6621;
v0xb470e263cb90_6622 .array/port v0xb470e263cb90, 6622;
v0xb470e263cb90_6623 .array/port v0xb470e263cb90, 6623;
v0xb470e263cb90_6624 .array/port v0xb470e263cb90, 6624;
E_0xb470e2641e60/1657 .event anyedge, v0xb470e263cb90_6621, v0xb470e263cb90_6622, v0xb470e263cb90_6623, v0xb470e263cb90_6624;
v0xb470e263cb90_6625 .array/port v0xb470e263cb90, 6625;
v0xb470e263cb90_6626 .array/port v0xb470e263cb90, 6626;
v0xb470e263cb90_6627 .array/port v0xb470e263cb90, 6627;
v0xb470e263cb90_6628 .array/port v0xb470e263cb90, 6628;
E_0xb470e2641e60/1658 .event anyedge, v0xb470e263cb90_6625, v0xb470e263cb90_6626, v0xb470e263cb90_6627, v0xb470e263cb90_6628;
v0xb470e263cb90_6629 .array/port v0xb470e263cb90, 6629;
v0xb470e263cb90_6630 .array/port v0xb470e263cb90, 6630;
v0xb470e263cb90_6631 .array/port v0xb470e263cb90, 6631;
v0xb470e263cb90_6632 .array/port v0xb470e263cb90, 6632;
E_0xb470e2641e60/1659 .event anyedge, v0xb470e263cb90_6629, v0xb470e263cb90_6630, v0xb470e263cb90_6631, v0xb470e263cb90_6632;
v0xb470e263cb90_6633 .array/port v0xb470e263cb90, 6633;
v0xb470e263cb90_6634 .array/port v0xb470e263cb90, 6634;
v0xb470e263cb90_6635 .array/port v0xb470e263cb90, 6635;
v0xb470e263cb90_6636 .array/port v0xb470e263cb90, 6636;
E_0xb470e2641e60/1660 .event anyedge, v0xb470e263cb90_6633, v0xb470e263cb90_6634, v0xb470e263cb90_6635, v0xb470e263cb90_6636;
v0xb470e263cb90_6637 .array/port v0xb470e263cb90, 6637;
v0xb470e263cb90_6638 .array/port v0xb470e263cb90, 6638;
v0xb470e263cb90_6639 .array/port v0xb470e263cb90, 6639;
v0xb470e263cb90_6640 .array/port v0xb470e263cb90, 6640;
E_0xb470e2641e60/1661 .event anyedge, v0xb470e263cb90_6637, v0xb470e263cb90_6638, v0xb470e263cb90_6639, v0xb470e263cb90_6640;
v0xb470e263cb90_6641 .array/port v0xb470e263cb90, 6641;
v0xb470e263cb90_6642 .array/port v0xb470e263cb90, 6642;
v0xb470e263cb90_6643 .array/port v0xb470e263cb90, 6643;
v0xb470e263cb90_6644 .array/port v0xb470e263cb90, 6644;
E_0xb470e2641e60/1662 .event anyedge, v0xb470e263cb90_6641, v0xb470e263cb90_6642, v0xb470e263cb90_6643, v0xb470e263cb90_6644;
v0xb470e263cb90_6645 .array/port v0xb470e263cb90, 6645;
v0xb470e263cb90_6646 .array/port v0xb470e263cb90, 6646;
v0xb470e263cb90_6647 .array/port v0xb470e263cb90, 6647;
v0xb470e263cb90_6648 .array/port v0xb470e263cb90, 6648;
E_0xb470e2641e60/1663 .event anyedge, v0xb470e263cb90_6645, v0xb470e263cb90_6646, v0xb470e263cb90_6647, v0xb470e263cb90_6648;
v0xb470e263cb90_6649 .array/port v0xb470e263cb90, 6649;
v0xb470e263cb90_6650 .array/port v0xb470e263cb90, 6650;
v0xb470e263cb90_6651 .array/port v0xb470e263cb90, 6651;
v0xb470e263cb90_6652 .array/port v0xb470e263cb90, 6652;
E_0xb470e2641e60/1664 .event anyedge, v0xb470e263cb90_6649, v0xb470e263cb90_6650, v0xb470e263cb90_6651, v0xb470e263cb90_6652;
v0xb470e263cb90_6653 .array/port v0xb470e263cb90, 6653;
v0xb470e263cb90_6654 .array/port v0xb470e263cb90, 6654;
v0xb470e263cb90_6655 .array/port v0xb470e263cb90, 6655;
v0xb470e263cb90_6656 .array/port v0xb470e263cb90, 6656;
E_0xb470e2641e60/1665 .event anyedge, v0xb470e263cb90_6653, v0xb470e263cb90_6654, v0xb470e263cb90_6655, v0xb470e263cb90_6656;
v0xb470e263cb90_6657 .array/port v0xb470e263cb90, 6657;
v0xb470e263cb90_6658 .array/port v0xb470e263cb90, 6658;
v0xb470e263cb90_6659 .array/port v0xb470e263cb90, 6659;
v0xb470e263cb90_6660 .array/port v0xb470e263cb90, 6660;
E_0xb470e2641e60/1666 .event anyedge, v0xb470e263cb90_6657, v0xb470e263cb90_6658, v0xb470e263cb90_6659, v0xb470e263cb90_6660;
v0xb470e263cb90_6661 .array/port v0xb470e263cb90, 6661;
v0xb470e263cb90_6662 .array/port v0xb470e263cb90, 6662;
v0xb470e263cb90_6663 .array/port v0xb470e263cb90, 6663;
v0xb470e263cb90_6664 .array/port v0xb470e263cb90, 6664;
E_0xb470e2641e60/1667 .event anyedge, v0xb470e263cb90_6661, v0xb470e263cb90_6662, v0xb470e263cb90_6663, v0xb470e263cb90_6664;
v0xb470e263cb90_6665 .array/port v0xb470e263cb90, 6665;
v0xb470e263cb90_6666 .array/port v0xb470e263cb90, 6666;
v0xb470e263cb90_6667 .array/port v0xb470e263cb90, 6667;
v0xb470e263cb90_6668 .array/port v0xb470e263cb90, 6668;
E_0xb470e2641e60/1668 .event anyedge, v0xb470e263cb90_6665, v0xb470e263cb90_6666, v0xb470e263cb90_6667, v0xb470e263cb90_6668;
v0xb470e263cb90_6669 .array/port v0xb470e263cb90, 6669;
v0xb470e263cb90_6670 .array/port v0xb470e263cb90, 6670;
v0xb470e263cb90_6671 .array/port v0xb470e263cb90, 6671;
v0xb470e263cb90_6672 .array/port v0xb470e263cb90, 6672;
E_0xb470e2641e60/1669 .event anyedge, v0xb470e263cb90_6669, v0xb470e263cb90_6670, v0xb470e263cb90_6671, v0xb470e263cb90_6672;
v0xb470e263cb90_6673 .array/port v0xb470e263cb90, 6673;
v0xb470e263cb90_6674 .array/port v0xb470e263cb90, 6674;
v0xb470e263cb90_6675 .array/port v0xb470e263cb90, 6675;
v0xb470e263cb90_6676 .array/port v0xb470e263cb90, 6676;
E_0xb470e2641e60/1670 .event anyedge, v0xb470e263cb90_6673, v0xb470e263cb90_6674, v0xb470e263cb90_6675, v0xb470e263cb90_6676;
v0xb470e263cb90_6677 .array/port v0xb470e263cb90, 6677;
v0xb470e263cb90_6678 .array/port v0xb470e263cb90, 6678;
v0xb470e263cb90_6679 .array/port v0xb470e263cb90, 6679;
v0xb470e263cb90_6680 .array/port v0xb470e263cb90, 6680;
E_0xb470e2641e60/1671 .event anyedge, v0xb470e263cb90_6677, v0xb470e263cb90_6678, v0xb470e263cb90_6679, v0xb470e263cb90_6680;
v0xb470e263cb90_6681 .array/port v0xb470e263cb90, 6681;
v0xb470e263cb90_6682 .array/port v0xb470e263cb90, 6682;
v0xb470e263cb90_6683 .array/port v0xb470e263cb90, 6683;
v0xb470e263cb90_6684 .array/port v0xb470e263cb90, 6684;
E_0xb470e2641e60/1672 .event anyedge, v0xb470e263cb90_6681, v0xb470e263cb90_6682, v0xb470e263cb90_6683, v0xb470e263cb90_6684;
v0xb470e263cb90_6685 .array/port v0xb470e263cb90, 6685;
v0xb470e263cb90_6686 .array/port v0xb470e263cb90, 6686;
v0xb470e263cb90_6687 .array/port v0xb470e263cb90, 6687;
v0xb470e263cb90_6688 .array/port v0xb470e263cb90, 6688;
E_0xb470e2641e60/1673 .event anyedge, v0xb470e263cb90_6685, v0xb470e263cb90_6686, v0xb470e263cb90_6687, v0xb470e263cb90_6688;
v0xb470e263cb90_6689 .array/port v0xb470e263cb90, 6689;
v0xb470e263cb90_6690 .array/port v0xb470e263cb90, 6690;
v0xb470e263cb90_6691 .array/port v0xb470e263cb90, 6691;
v0xb470e263cb90_6692 .array/port v0xb470e263cb90, 6692;
E_0xb470e2641e60/1674 .event anyedge, v0xb470e263cb90_6689, v0xb470e263cb90_6690, v0xb470e263cb90_6691, v0xb470e263cb90_6692;
v0xb470e263cb90_6693 .array/port v0xb470e263cb90, 6693;
v0xb470e263cb90_6694 .array/port v0xb470e263cb90, 6694;
v0xb470e263cb90_6695 .array/port v0xb470e263cb90, 6695;
v0xb470e263cb90_6696 .array/port v0xb470e263cb90, 6696;
E_0xb470e2641e60/1675 .event anyedge, v0xb470e263cb90_6693, v0xb470e263cb90_6694, v0xb470e263cb90_6695, v0xb470e263cb90_6696;
v0xb470e263cb90_6697 .array/port v0xb470e263cb90, 6697;
v0xb470e263cb90_6698 .array/port v0xb470e263cb90, 6698;
v0xb470e263cb90_6699 .array/port v0xb470e263cb90, 6699;
v0xb470e263cb90_6700 .array/port v0xb470e263cb90, 6700;
E_0xb470e2641e60/1676 .event anyedge, v0xb470e263cb90_6697, v0xb470e263cb90_6698, v0xb470e263cb90_6699, v0xb470e263cb90_6700;
v0xb470e263cb90_6701 .array/port v0xb470e263cb90, 6701;
v0xb470e263cb90_6702 .array/port v0xb470e263cb90, 6702;
v0xb470e263cb90_6703 .array/port v0xb470e263cb90, 6703;
v0xb470e263cb90_6704 .array/port v0xb470e263cb90, 6704;
E_0xb470e2641e60/1677 .event anyedge, v0xb470e263cb90_6701, v0xb470e263cb90_6702, v0xb470e263cb90_6703, v0xb470e263cb90_6704;
v0xb470e263cb90_6705 .array/port v0xb470e263cb90, 6705;
v0xb470e263cb90_6706 .array/port v0xb470e263cb90, 6706;
v0xb470e263cb90_6707 .array/port v0xb470e263cb90, 6707;
v0xb470e263cb90_6708 .array/port v0xb470e263cb90, 6708;
E_0xb470e2641e60/1678 .event anyedge, v0xb470e263cb90_6705, v0xb470e263cb90_6706, v0xb470e263cb90_6707, v0xb470e263cb90_6708;
v0xb470e263cb90_6709 .array/port v0xb470e263cb90, 6709;
v0xb470e263cb90_6710 .array/port v0xb470e263cb90, 6710;
v0xb470e263cb90_6711 .array/port v0xb470e263cb90, 6711;
v0xb470e263cb90_6712 .array/port v0xb470e263cb90, 6712;
E_0xb470e2641e60/1679 .event anyedge, v0xb470e263cb90_6709, v0xb470e263cb90_6710, v0xb470e263cb90_6711, v0xb470e263cb90_6712;
v0xb470e263cb90_6713 .array/port v0xb470e263cb90, 6713;
v0xb470e263cb90_6714 .array/port v0xb470e263cb90, 6714;
v0xb470e263cb90_6715 .array/port v0xb470e263cb90, 6715;
v0xb470e263cb90_6716 .array/port v0xb470e263cb90, 6716;
E_0xb470e2641e60/1680 .event anyedge, v0xb470e263cb90_6713, v0xb470e263cb90_6714, v0xb470e263cb90_6715, v0xb470e263cb90_6716;
v0xb470e263cb90_6717 .array/port v0xb470e263cb90, 6717;
v0xb470e263cb90_6718 .array/port v0xb470e263cb90, 6718;
v0xb470e263cb90_6719 .array/port v0xb470e263cb90, 6719;
v0xb470e263cb90_6720 .array/port v0xb470e263cb90, 6720;
E_0xb470e2641e60/1681 .event anyedge, v0xb470e263cb90_6717, v0xb470e263cb90_6718, v0xb470e263cb90_6719, v0xb470e263cb90_6720;
v0xb470e263cb90_6721 .array/port v0xb470e263cb90, 6721;
v0xb470e263cb90_6722 .array/port v0xb470e263cb90, 6722;
v0xb470e263cb90_6723 .array/port v0xb470e263cb90, 6723;
v0xb470e263cb90_6724 .array/port v0xb470e263cb90, 6724;
E_0xb470e2641e60/1682 .event anyedge, v0xb470e263cb90_6721, v0xb470e263cb90_6722, v0xb470e263cb90_6723, v0xb470e263cb90_6724;
v0xb470e263cb90_6725 .array/port v0xb470e263cb90, 6725;
v0xb470e263cb90_6726 .array/port v0xb470e263cb90, 6726;
v0xb470e263cb90_6727 .array/port v0xb470e263cb90, 6727;
v0xb470e263cb90_6728 .array/port v0xb470e263cb90, 6728;
E_0xb470e2641e60/1683 .event anyedge, v0xb470e263cb90_6725, v0xb470e263cb90_6726, v0xb470e263cb90_6727, v0xb470e263cb90_6728;
v0xb470e263cb90_6729 .array/port v0xb470e263cb90, 6729;
v0xb470e263cb90_6730 .array/port v0xb470e263cb90, 6730;
v0xb470e263cb90_6731 .array/port v0xb470e263cb90, 6731;
v0xb470e263cb90_6732 .array/port v0xb470e263cb90, 6732;
E_0xb470e2641e60/1684 .event anyedge, v0xb470e263cb90_6729, v0xb470e263cb90_6730, v0xb470e263cb90_6731, v0xb470e263cb90_6732;
v0xb470e263cb90_6733 .array/port v0xb470e263cb90, 6733;
v0xb470e263cb90_6734 .array/port v0xb470e263cb90, 6734;
v0xb470e263cb90_6735 .array/port v0xb470e263cb90, 6735;
v0xb470e263cb90_6736 .array/port v0xb470e263cb90, 6736;
E_0xb470e2641e60/1685 .event anyedge, v0xb470e263cb90_6733, v0xb470e263cb90_6734, v0xb470e263cb90_6735, v0xb470e263cb90_6736;
v0xb470e263cb90_6737 .array/port v0xb470e263cb90, 6737;
v0xb470e263cb90_6738 .array/port v0xb470e263cb90, 6738;
v0xb470e263cb90_6739 .array/port v0xb470e263cb90, 6739;
v0xb470e263cb90_6740 .array/port v0xb470e263cb90, 6740;
E_0xb470e2641e60/1686 .event anyedge, v0xb470e263cb90_6737, v0xb470e263cb90_6738, v0xb470e263cb90_6739, v0xb470e263cb90_6740;
v0xb470e263cb90_6741 .array/port v0xb470e263cb90, 6741;
v0xb470e263cb90_6742 .array/port v0xb470e263cb90, 6742;
v0xb470e263cb90_6743 .array/port v0xb470e263cb90, 6743;
v0xb470e263cb90_6744 .array/port v0xb470e263cb90, 6744;
E_0xb470e2641e60/1687 .event anyedge, v0xb470e263cb90_6741, v0xb470e263cb90_6742, v0xb470e263cb90_6743, v0xb470e263cb90_6744;
v0xb470e263cb90_6745 .array/port v0xb470e263cb90, 6745;
v0xb470e263cb90_6746 .array/port v0xb470e263cb90, 6746;
v0xb470e263cb90_6747 .array/port v0xb470e263cb90, 6747;
v0xb470e263cb90_6748 .array/port v0xb470e263cb90, 6748;
E_0xb470e2641e60/1688 .event anyedge, v0xb470e263cb90_6745, v0xb470e263cb90_6746, v0xb470e263cb90_6747, v0xb470e263cb90_6748;
v0xb470e263cb90_6749 .array/port v0xb470e263cb90, 6749;
v0xb470e263cb90_6750 .array/port v0xb470e263cb90, 6750;
v0xb470e263cb90_6751 .array/port v0xb470e263cb90, 6751;
v0xb470e263cb90_6752 .array/port v0xb470e263cb90, 6752;
E_0xb470e2641e60/1689 .event anyedge, v0xb470e263cb90_6749, v0xb470e263cb90_6750, v0xb470e263cb90_6751, v0xb470e263cb90_6752;
v0xb470e263cb90_6753 .array/port v0xb470e263cb90, 6753;
v0xb470e263cb90_6754 .array/port v0xb470e263cb90, 6754;
v0xb470e263cb90_6755 .array/port v0xb470e263cb90, 6755;
v0xb470e263cb90_6756 .array/port v0xb470e263cb90, 6756;
E_0xb470e2641e60/1690 .event anyedge, v0xb470e263cb90_6753, v0xb470e263cb90_6754, v0xb470e263cb90_6755, v0xb470e263cb90_6756;
v0xb470e263cb90_6757 .array/port v0xb470e263cb90, 6757;
v0xb470e263cb90_6758 .array/port v0xb470e263cb90, 6758;
v0xb470e263cb90_6759 .array/port v0xb470e263cb90, 6759;
v0xb470e263cb90_6760 .array/port v0xb470e263cb90, 6760;
E_0xb470e2641e60/1691 .event anyedge, v0xb470e263cb90_6757, v0xb470e263cb90_6758, v0xb470e263cb90_6759, v0xb470e263cb90_6760;
v0xb470e263cb90_6761 .array/port v0xb470e263cb90, 6761;
v0xb470e263cb90_6762 .array/port v0xb470e263cb90, 6762;
v0xb470e263cb90_6763 .array/port v0xb470e263cb90, 6763;
v0xb470e263cb90_6764 .array/port v0xb470e263cb90, 6764;
E_0xb470e2641e60/1692 .event anyedge, v0xb470e263cb90_6761, v0xb470e263cb90_6762, v0xb470e263cb90_6763, v0xb470e263cb90_6764;
v0xb470e263cb90_6765 .array/port v0xb470e263cb90, 6765;
v0xb470e263cb90_6766 .array/port v0xb470e263cb90, 6766;
v0xb470e263cb90_6767 .array/port v0xb470e263cb90, 6767;
v0xb470e263cb90_6768 .array/port v0xb470e263cb90, 6768;
E_0xb470e2641e60/1693 .event anyedge, v0xb470e263cb90_6765, v0xb470e263cb90_6766, v0xb470e263cb90_6767, v0xb470e263cb90_6768;
v0xb470e263cb90_6769 .array/port v0xb470e263cb90, 6769;
v0xb470e263cb90_6770 .array/port v0xb470e263cb90, 6770;
v0xb470e263cb90_6771 .array/port v0xb470e263cb90, 6771;
v0xb470e263cb90_6772 .array/port v0xb470e263cb90, 6772;
E_0xb470e2641e60/1694 .event anyedge, v0xb470e263cb90_6769, v0xb470e263cb90_6770, v0xb470e263cb90_6771, v0xb470e263cb90_6772;
v0xb470e263cb90_6773 .array/port v0xb470e263cb90, 6773;
v0xb470e263cb90_6774 .array/port v0xb470e263cb90, 6774;
v0xb470e263cb90_6775 .array/port v0xb470e263cb90, 6775;
v0xb470e263cb90_6776 .array/port v0xb470e263cb90, 6776;
E_0xb470e2641e60/1695 .event anyedge, v0xb470e263cb90_6773, v0xb470e263cb90_6774, v0xb470e263cb90_6775, v0xb470e263cb90_6776;
v0xb470e263cb90_6777 .array/port v0xb470e263cb90, 6777;
v0xb470e263cb90_6778 .array/port v0xb470e263cb90, 6778;
v0xb470e263cb90_6779 .array/port v0xb470e263cb90, 6779;
v0xb470e263cb90_6780 .array/port v0xb470e263cb90, 6780;
E_0xb470e2641e60/1696 .event anyedge, v0xb470e263cb90_6777, v0xb470e263cb90_6778, v0xb470e263cb90_6779, v0xb470e263cb90_6780;
v0xb470e263cb90_6781 .array/port v0xb470e263cb90, 6781;
v0xb470e263cb90_6782 .array/port v0xb470e263cb90, 6782;
v0xb470e263cb90_6783 .array/port v0xb470e263cb90, 6783;
v0xb470e263cb90_6784 .array/port v0xb470e263cb90, 6784;
E_0xb470e2641e60/1697 .event anyedge, v0xb470e263cb90_6781, v0xb470e263cb90_6782, v0xb470e263cb90_6783, v0xb470e263cb90_6784;
v0xb470e263cb90_6785 .array/port v0xb470e263cb90, 6785;
v0xb470e263cb90_6786 .array/port v0xb470e263cb90, 6786;
v0xb470e263cb90_6787 .array/port v0xb470e263cb90, 6787;
v0xb470e263cb90_6788 .array/port v0xb470e263cb90, 6788;
E_0xb470e2641e60/1698 .event anyedge, v0xb470e263cb90_6785, v0xb470e263cb90_6786, v0xb470e263cb90_6787, v0xb470e263cb90_6788;
v0xb470e263cb90_6789 .array/port v0xb470e263cb90, 6789;
v0xb470e263cb90_6790 .array/port v0xb470e263cb90, 6790;
v0xb470e263cb90_6791 .array/port v0xb470e263cb90, 6791;
v0xb470e263cb90_6792 .array/port v0xb470e263cb90, 6792;
E_0xb470e2641e60/1699 .event anyedge, v0xb470e263cb90_6789, v0xb470e263cb90_6790, v0xb470e263cb90_6791, v0xb470e263cb90_6792;
v0xb470e263cb90_6793 .array/port v0xb470e263cb90, 6793;
v0xb470e263cb90_6794 .array/port v0xb470e263cb90, 6794;
v0xb470e263cb90_6795 .array/port v0xb470e263cb90, 6795;
v0xb470e263cb90_6796 .array/port v0xb470e263cb90, 6796;
E_0xb470e2641e60/1700 .event anyedge, v0xb470e263cb90_6793, v0xb470e263cb90_6794, v0xb470e263cb90_6795, v0xb470e263cb90_6796;
v0xb470e263cb90_6797 .array/port v0xb470e263cb90, 6797;
v0xb470e263cb90_6798 .array/port v0xb470e263cb90, 6798;
v0xb470e263cb90_6799 .array/port v0xb470e263cb90, 6799;
v0xb470e263cb90_6800 .array/port v0xb470e263cb90, 6800;
E_0xb470e2641e60/1701 .event anyedge, v0xb470e263cb90_6797, v0xb470e263cb90_6798, v0xb470e263cb90_6799, v0xb470e263cb90_6800;
v0xb470e263cb90_6801 .array/port v0xb470e263cb90, 6801;
v0xb470e263cb90_6802 .array/port v0xb470e263cb90, 6802;
v0xb470e263cb90_6803 .array/port v0xb470e263cb90, 6803;
v0xb470e263cb90_6804 .array/port v0xb470e263cb90, 6804;
E_0xb470e2641e60/1702 .event anyedge, v0xb470e263cb90_6801, v0xb470e263cb90_6802, v0xb470e263cb90_6803, v0xb470e263cb90_6804;
v0xb470e263cb90_6805 .array/port v0xb470e263cb90, 6805;
v0xb470e263cb90_6806 .array/port v0xb470e263cb90, 6806;
v0xb470e263cb90_6807 .array/port v0xb470e263cb90, 6807;
v0xb470e263cb90_6808 .array/port v0xb470e263cb90, 6808;
E_0xb470e2641e60/1703 .event anyedge, v0xb470e263cb90_6805, v0xb470e263cb90_6806, v0xb470e263cb90_6807, v0xb470e263cb90_6808;
v0xb470e263cb90_6809 .array/port v0xb470e263cb90, 6809;
v0xb470e263cb90_6810 .array/port v0xb470e263cb90, 6810;
v0xb470e263cb90_6811 .array/port v0xb470e263cb90, 6811;
v0xb470e263cb90_6812 .array/port v0xb470e263cb90, 6812;
E_0xb470e2641e60/1704 .event anyedge, v0xb470e263cb90_6809, v0xb470e263cb90_6810, v0xb470e263cb90_6811, v0xb470e263cb90_6812;
v0xb470e263cb90_6813 .array/port v0xb470e263cb90, 6813;
v0xb470e263cb90_6814 .array/port v0xb470e263cb90, 6814;
v0xb470e263cb90_6815 .array/port v0xb470e263cb90, 6815;
v0xb470e263cb90_6816 .array/port v0xb470e263cb90, 6816;
E_0xb470e2641e60/1705 .event anyedge, v0xb470e263cb90_6813, v0xb470e263cb90_6814, v0xb470e263cb90_6815, v0xb470e263cb90_6816;
v0xb470e263cb90_6817 .array/port v0xb470e263cb90, 6817;
v0xb470e263cb90_6818 .array/port v0xb470e263cb90, 6818;
v0xb470e263cb90_6819 .array/port v0xb470e263cb90, 6819;
v0xb470e263cb90_6820 .array/port v0xb470e263cb90, 6820;
E_0xb470e2641e60/1706 .event anyedge, v0xb470e263cb90_6817, v0xb470e263cb90_6818, v0xb470e263cb90_6819, v0xb470e263cb90_6820;
v0xb470e263cb90_6821 .array/port v0xb470e263cb90, 6821;
v0xb470e263cb90_6822 .array/port v0xb470e263cb90, 6822;
v0xb470e263cb90_6823 .array/port v0xb470e263cb90, 6823;
v0xb470e263cb90_6824 .array/port v0xb470e263cb90, 6824;
E_0xb470e2641e60/1707 .event anyedge, v0xb470e263cb90_6821, v0xb470e263cb90_6822, v0xb470e263cb90_6823, v0xb470e263cb90_6824;
v0xb470e263cb90_6825 .array/port v0xb470e263cb90, 6825;
v0xb470e263cb90_6826 .array/port v0xb470e263cb90, 6826;
v0xb470e263cb90_6827 .array/port v0xb470e263cb90, 6827;
v0xb470e263cb90_6828 .array/port v0xb470e263cb90, 6828;
E_0xb470e2641e60/1708 .event anyedge, v0xb470e263cb90_6825, v0xb470e263cb90_6826, v0xb470e263cb90_6827, v0xb470e263cb90_6828;
v0xb470e263cb90_6829 .array/port v0xb470e263cb90, 6829;
v0xb470e263cb90_6830 .array/port v0xb470e263cb90, 6830;
v0xb470e263cb90_6831 .array/port v0xb470e263cb90, 6831;
v0xb470e263cb90_6832 .array/port v0xb470e263cb90, 6832;
E_0xb470e2641e60/1709 .event anyedge, v0xb470e263cb90_6829, v0xb470e263cb90_6830, v0xb470e263cb90_6831, v0xb470e263cb90_6832;
v0xb470e263cb90_6833 .array/port v0xb470e263cb90, 6833;
v0xb470e263cb90_6834 .array/port v0xb470e263cb90, 6834;
v0xb470e263cb90_6835 .array/port v0xb470e263cb90, 6835;
v0xb470e263cb90_6836 .array/port v0xb470e263cb90, 6836;
E_0xb470e2641e60/1710 .event anyedge, v0xb470e263cb90_6833, v0xb470e263cb90_6834, v0xb470e263cb90_6835, v0xb470e263cb90_6836;
v0xb470e263cb90_6837 .array/port v0xb470e263cb90, 6837;
v0xb470e263cb90_6838 .array/port v0xb470e263cb90, 6838;
v0xb470e263cb90_6839 .array/port v0xb470e263cb90, 6839;
v0xb470e263cb90_6840 .array/port v0xb470e263cb90, 6840;
E_0xb470e2641e60/1711 .event anyedge, v0xb470e263cb90_6837, v0xb470e263cb90_6838, v0xb470e263cb90_6839, v0xb470e263cb90_6840;
v0xb470e263cb90_6841 .array/port v0xb470e263cb90, 6841;
v0xb470e263cb90_6842 .array/port v0xb470e263cb90, 6842;
v0xb470e263cb90_6843 .array/port v0xb470e263cb90, 6843;
v0xb470e263cb90_6844 .array/port v0xb470e263cb90, 6844;
E_0xb470e2641e60/1712 .event anyedge, v0xb470e263cb90_6841, v0xb470e263cb90_6842, v0xb470e263cb90_6843, v0xb470e263cb90_6844;
v0xb470e263cb90_6845 .array/port v0xb470e263cb90, 6845;
v0xb470e263cb90_6846 .array/port v0xb470e263cb90, 6846;
v0xb470e263cb90_6847 .array/port v0xb470e263cb90, 6847;
v0xb470e263cb90_6848 .array/port v0xb470e263cb90, 6848;
E_0xb470e2641e60/1713 .event anyedge, v0xb470e263cb90_6845, v0xb470e263cb90_6846, v0xb470e263cb90_6847, v0xb470e263cb90_6848;
v0xb470e263cb90_6849 .array/port v0xb470e263cb90, 6849;
v0xb470e263cb90_6850 .array/port v0xb470e263cb90, 6850;
v0xb470e263cb90_6851 .array/port v0xb470e263cb90, 6851;
v0xb470e263cb90_6852 .array/port v0xb470e263cb90, 6852;
E_0xb470e2641e60/1714 .event anyedge, v0xb470e263cb90_6849, v0xb470e263cb90_6850, v0xb470e263cb90_6851, v0xb470e263cb90_6852;
v0xb470e263cb90_6853 .array/port v0xb470e263cb90, 6853;
v0xb470e263cb90_6854 .array/port v0xb470e263cb90, 6854;
v0xb470e263cb90_6855 .array/port v0xb470e263cb90, 6855;
v0xb470e263cb90_6856 .array/port v0xb470e263cb90, 6856;
E_0xb470e2641e60/1715 .event anyedge, v0xb470e263cb90_6853, v0xb470e263cb90_6854, v0xb470e263cb90_6855, v0xb470e263cb90_6856;
v0xb470e263cb90_6857 .array/port v0xb470e263cb90, 6857;
v0xb470e263cb90_6858 .array/port v0xb470e263cb90, 6858;
v0xb470e263cb90_6859 .array/port v0xb470e263cb90, 6859;
v0xb470e263cb90_6860 .array/port v0xb470e263cb90, 6860;
E_0xb470e2641e60/1716 .event anyedge, v0xb470e263cb90_6857, v0xb470e263cb90_6858, v0xb470e263cb90_6859, v0xb470e263cb90_6860;
v0xb470e263cb90_6861 .array/port v0xb470e263cb90, 6861;
v0xb470e263cb90_6862 .array/port v0xb470e263cb90, 6862;
v0xb470e263cb90_6863 .array/port v0xb470e263cb90, 6863;
v0xb470e263cb90_6864 .array/port v0xb470e263cb90, 6864;
E_0xb470e2641e60/1717 .event anyedge, v0xb470e263cb90_6861, v0xb470e263cb90_6862, v0xb470e263cb90_6863, v0xb470e263cb90_6864;
v0xb470e263cb90_6865 .array/port v0xb470e263cb90, 6865;
v0xb470e263cb90_6866 .array/port v0xb470e263cb90, 6866;
v0xb470e263cb90_6867 .array/port v0xb470e263cb90, 6867;
v0xb470e263cb90_6868 .array/port v0xb470e263cb90, 6868;
E_0xb470e2641e60/1718 .event anyedge, v0xb470e263cb90_6865, v0xb470e263cb90_6866, v0xb470e263cb90_6867, v0xb470e263cb90_6868;
v0xb470e263cb90_6869 .array/port v0xb470e263cb90, 6869;
v0xb470e263cb90_6870 .array/port v0xb470e263cb90, 6870;
v0xb470e263cb90_6871 .array/port v0xb470e263cb90, 6871;
v0xb470e263cb90_6872 .array/port v0xb470e263cb90, 6872;
E_0xb470e2641e60/1719 .event anyedge, v0xb470e263cb90_6869, v0xb470e263cb90_6870, v0xb470e263cb90_6871, v0xb470e263cb90_6872;
v0xb470e263cb90_6873 .array/port v0xb470e263cb90, 6873;
v0xb470e263cb90_6874 .array/port v0xb470e263cb90, 6874;
v0xb470e263cb90_6875 .array/port v0xb470e263cb90, 6875;
v0xb470e263cb90_6876 .array/port v0xb470e263cb90, 6876;
E_0xb470e2641e60/1720 .event anyedge, v0xb470e263cb90_6873, v0xb470e263cb90_6874, v0xb470e263cb90_6875, v0xb470e263cb90_6876;
v0xb470e263cb90_6877 .array/port v0xb470e263cb90, 6877;
v0xb470e263cb90_6878 .array/port v0xb470e263cb90, 6878;
v0xb470e263cb90_6879 .array/port v0xb470e263cb90, 6879;
v0xb470e263cb90_6880 .array/port v0xb470e263cb90, 6880;
E_0xb470e2641e60/1721 .event anyedge, v0xb470e263cb90_6877, v0xb470e263cb90_6878, v0xb470e263cb90_6879, v0xb470e263cb90_6880;
v0xb470e263cb90_6881 .array/port v0xb470e263cb90, 6881;
v0xb470e263cb90_6882 .array/port v0xb470e263cb90, 6882;
v0xb470e263cb90_6883 .array/port v0xb470e263cb90, 6883;
v0xb470e263cb90_6884 .array/port v0xb470e263cb90, 6884;
E_0xb470e2641e60/1722 .event anyedge, v0xb470e263cb90_6881, v0xb470e263cb90_6882, v0xb470e263cb90_6883, v0xb470e263cb90_6884;
v0xb470e263cb90_6885 .array/port v0xb470e263cb90, 6885;
v0xb470e263cb90_6886 .array/port v0xb470e263cb90, 6886;
v0xb470e263cb90_6887 .array/port v0xb470e263cb90, 6887;
v0xb470e263cb90_6888 .array/port v0xb470e263cb90, 6888;
E_0xb470e2641e60/1723 .event anyedge, v0xb470e263cb90_6885, v0xb470e263cb90_6886, v0xb470e263cb90_6887, v0xb470e263cb90_6888;
v0xb470e263cb90_6889 .array/port v0xb470e263cb90, 6889;
v0xb470e263cb90_6890 .array/port v0xb470e263cb90, 6890;
v0xb470e263cb90_6891 .array/port v0xb470e263cb90, 6891;
v0xb470e263cb90_6892 .array/port v0xb470e263cb90, 6892;
E_0xb470e2641e60/1724 .event anyedge, v0xb470e263cb90_6889, v0xb470e263cb90_6890, v0xb470e263cb90_6891, v0xb470e263cb90_6892;
v0xb470e263cb90_6893 .array/port v0xb470e263cb90, 6893;
v0xb470e263cb90_6894 .array/port v0xb470e263cb90, 6894;
v0xb470e263cb90_6895 .array/port v0xb470e263cb90, 6895;
v0xb470e263cb90_6896 .array/port v0xb470e263cb90, 6896;
E_0xb470e2641e60/1725 .event anyedge, v0xb470e263cb90_6893, v0xb470e263cb90_6894, v0xb470e263cb90_6895, v0xb470e263cb90_6896;
v0xb470e263cb90_6897 .array/port v0xb470e263cb90, 6897;
v0xb470e263cb90_6898 .array/port v0xb470e263cb90, 6898;
v0xb470e263cb90_6899 .array/port v0xb470e263cb90, 6899;
v0xb470e263cb90_6900 .array/port v0xb470e263cb90, 6900;
E_0xb470e2641e60/1726 .event anyedge, v0xb470e263cb90_6897, v0xb470e263cb90_6898, v0xb470e263cb90_6899, v0xb470e263cb90_6900;
v0xb470e263cb90_6901 .array/port v0xb470e263cb90, 6901;
v0xb470e263cb90_6902 .array/port v0xb470e263cb90, 6902;
v0xb470e263cb90_6903 .array/port v0xb470e263cb90, 6903;
v0xb470e263cb90_6904 .array/port v0xb470e263cb90, 6904;
E_0xb470e2641e60/1727 .event anyedge, v0xb470e263cb90_6901, v0xb470e263cb90_6902, v0xb470e263cb90_6903, v0xb470e263cb90_6904;
v0xb470e263cb90_6905 .array/port v0xb470e263cb90, 6905;
v0xb470e263cb90_6906 .array/port v0xb470e263cb90, 6906;
v0xb470e263cb90_6907 .array/port v0xb470e263cb90, 6907;
v0xb470e263cb90_6908 .array/port v0xb470e263cb90, 6908;
E_0xb470e2641e60/1728 .event anyedge, v0xb470e263cb90_6905, v0xb470e263cb90_6906, v0xb470e263cb90_6907, v0xb470e263cb90_6908;
v0xb470e263cb90_6909 .array/port v0xb470e263cb90, 6909;
v0xb470e263cb90_6910 .array/port v0xb470e263cb90, 6910;
v0xb470e263cb90_6911 .array/port v0xb470e263cb90, 6911;
v0xb470e263cb90_6912 .array/port v0xb470e263cb90, 6912;
E_0xb470e2641e60/1729 .event anyedge, v0xb470e263cb90_6909, v0xb470e263cb90_6910, v0xb470e263cb90_6911, v0xb470e263cb90_6912;
v0xb470e263cb90_6913 .array/port v0xb470e263cb90, 6913;
v0xb470e263cb90_6914 .array/port v0xb470e263cb90, 6914;
v0xb470e263cb90_6915 .array/port v0xb470e263cb90, 6915;
v0xb470e263cb90_6916 .array/port v0xb470e263cb90, 6916;
E_0xb470e2641e60/1730 .event anyedge, v0xb470e263cb90_6913, v0xb470e263cb90_6914, v0xb470e263cb90_6915, v0xb470e263cb90_6916;
v0xb470e263cb90_6917 .array/port v0xb470e263cb90, 6917;
v0xb470e263cb90_6918 .array/port v0xb470e263cb90, 6918;
v0xb470e263cb90_6919 .array/port v0xb470e263cb90, 6919;
v0xb470e263cb90_6920 .array/port v0xb470e263cb90, 6920;
E_0xb470e2641e60/1731 .event anyedge, v0xb470e263cb90_6917, v0xb470e263cb90_6918, v0xb470e263cb90_6919, v0xb470e263cb90_6920;
v0xb470e263cb90_6921 .array/port v0xb470e263cb90, 6921;
v0xb470e263cb90_6922 .array/port v0xb470e263cb90, 6922;
v0xb470e263cb90_6923 .array/port v0xb470e263cb90, 6923;
v0xb470e263cb90_6924 .array/port v0xb470e263cb90, 6924;
E_0xb470e2641e60/1732 .event anyedge, v0xb470e263cb90_6921, v0xb470e263cb90_6922, v0xb470e263cb90_6923, v0xb470e263cb90_6924;
v0xb470e263cb90_6925 .array/port v0xb470e263cb90, 6925;
v0xb470e263cb90_6926 .array/port v0xb470e263cb90, 6926;
v0xb470e263cb90_6927 .array/port v0xb470e263cb90, 6927;
v0xb470e263cb90_6928 .array/port v0xb470e263cb90, 6928;
E_0xb470e2641e60/1733 .event anyedge, v0xb470e263cb90_6925, v0xb470e263cb90_6926, v0xb470e263cb90_6927, v0xb470e263cb90_6928;
v0xb470e263cb90_6929 .array/port v0xb470e263cb90, 6929;
v0xb470e263cb90_6930 .array/port v0xb470e263cb90, 6930;
v0xb470e263cb90_6931 .array/port v0xb470e263cb90, 6931;
v0xb470e263cb90_6932 .array/port v0xb470e263cb90, 6932;
E_0xb470e2641e60/1734 .event anyedge, v0xb470e263cb90_6929, v0xb470e263cb90_6930, v0xb470e263cb90_6931, v0xb470e263cb90_6932;
v0xb470e263cb90_6933 .array/port v0xb470e263cb90, 6933;
v0xb470e263cb90_6934 .array/port v0xb470e263cb90, 6934;
v0xb470e263cb90_6935 .array/port v0xb470e263cb90, 6935;
v0xb470e263cb90_6936 .array/port v0xb470e263cb90, 6936;
E_0xb470e2641e60/1735 .event anyedge, v0xb470e263cb90_6933, v0xb470e263cb90_6934, v0xb470e263cb90_6935, v0xb470e263cb90_6936;
v0xb470e263cb90_6937 .array/port v0xb470e263cb90, 6937;
v0xb470e263cb90_6938 .array/port v0xb470e263cb90, 6938;
v0xb470e263cb90_6939 .array/port v0xb470e263cb90, 6939;
v0xb470e263cb90_6940 .array/port v0xb470e263cb90, 6940;
E_0xb470e2641e60/1736 .event anyedge, v0xb470e263cb90_6937, v0xb470e263cb90_6938, v0xb470e263cb90_6939, v0xb470e263cb90_6940;
v0xb470e263cb90_6941 .array/port v0xb470e263cb90, 6941;
v0xb470e263cb90_6942 .array/port v0xb470e263cb90, 6942;
v0xb470e263cb90_6943 .array/port v0xb470e263cb90, 6943;
v0xb470e263cb90_6944 .array/port v0xb470e263cb90, 6944;
E_0xb470e2641e60/1737 .event anyedge, v0xb470e263cb90_6941, v0xb470e263cb90_6942, v0xb470e263cb90_6943, v0xb470e263cb90_6944;
v0xb470e263cb90_6945 .array/port v0xb470e263cb90, 6945;
v0xb470e263cb90_6946 .array/port v0xb470e263cb90, 6946;
v0xb470e263cb90_6947 .array/port v0xb470e263cb90, 6947;
v0xb470e263cb90_6948 .array/port v0xb470e263cb90, 6948;
E_0xb470e2641e60/1738 .event anyedge, v0xb470e263cb90_6945, v0xb470e263cb90_6946, v0xb470e263cb90_6947, v0xb470e263cb90_6948;
v0xb470e263cb90_6949 .array/port v0xb470e263cb90, 6949;
v0xb470e263cb90_6950 .array/port v0xb470e263cb90, 6950;
v0xb470e263cb90_6951 .array/port v0xb470e263cb90, 6951;
v0xb470e263cb90_6952 .array/port v0xb470e263cb90, 6952;
E_0xb470e2641e60/1739 .event anyedge, v0xb470e263cb90_6949, v0xb470e263cb90_6950, v0xb470e263cb90_6951, v0xb470e263cb90_6952;
v0xb470e263cb90_6953 .array/port v0xb470e263cb90, 6953;
v0xb470e263cb90_6954 .array/port v0xb470e263cb90, 6954;
v0xb470e263cb90_6955 .array/port v0xb470e263cb90, 6955;
v0xb470e263cb90_6956 .array/port v0xb470e263cb90, 6956;
E_0xb470e2641e60/1740 .event anyedge, v0xb470e263cb90_6953, v0xb470e263cb90_6954, v0xb470e263cb90_6955, v0xb470e263cb90_6956;
v0xb470e263cb90_6957 .array/port v0xb470e263cb90, 6957;
v0xb470e263cb90_6958 .array/port v0xb470e263cb90, 6958;
v0xb470e263cb90_6959 .array/port v0xb470e263cb90, 6959;
v0xb470e263cb90_6960 .array/port v0xb470e263cb90, 6960;
E_0xb470e2641e60/1741 .event anyedge, v0xb470e263cb90_6957, v0xb470e263cb90_6958, v0xb470e263cb90_6959, v0xb470e263cb90_6960;
v0xb470e263cb90_6961 .array/port v0xb470e263cb90, 6961;
v0xb470e263cb90_6962 .array/port v0xb470e263cb90, 6962;
v0xb470e263cb90_6963 .array/port v0xb470e263cb90, 6963;
v0xb470e263cb90_6964 .array/port v0xb470e263cb90, 6964;
E_0xb470e2641e60/1742 .event anyedge, v0xb470e263cb90_6961, v0xb470e263cb90_6962, v0xb470e263cb90_6963, v0xb470e263cb90_6964;
v0xb470e263cb90_6965 .array/port v0xb470e263cb90, 6965;
v0xb470e263cb90_6966 .array/port v0xb470e263cb90, 6966;
v0xb470e263cb90_6967 .array/port v0xb470e263cb90, 6967;
v0xb470e263cb90_6968 .array/port v0xb470e263cb90, 6968;
E_0xb470e2641e60/1743 .event anyedge, v0xb470e263cb90_6965, v0xb470e263cb90_6966, v0xb470e263cb90_6967, v0xb470e263cb90_6968;
v0xb470e263cb90_6969 .array/port v0xb470e263cb90, 6969;
v0xb470e263cb90_6970 .array/port v0xb470e263cb90, 6970;
v0xb470e263cb90_6971 .array/port v0xb470e263cb90, 6971;
v0xb470e263cb90_6972 .array/port v0xb470e263cb90, 6972;
E_0xb470e2641e60/1744 .event anyedge, v0xb470e263cb90_6969, v0xb470e263cb90_6970, v0xb470e263cb90_6971, v0xb470e263cb90_6972;
v0xb470e263cb90_6973 .array/port v0xb470e263cb90, 6973;
v0xb470e263cb90_6974 .array/port v0xb470e263cb90, 6974;
v0xb470e263cb90_6975 .array/port v0xb470e263cb90, 6975;
v0xb470e263cb90_6976 .array/port v0xb470e263cb90, 6976;
E_0xb470e2641e60/1745 .event anyedge, v0xb470e263cb90_6973, v0xb470e263cb90_6974, v0xb470e263cb90_6975, v0xb470e263cb90_6976;
v0xb470e263cb90_6977 .array/port v0xb470e263cb90, 6977;
v0xb470e263cb90_6978 .array/port v0xb470e263cb90, 6978;
v0xb470e263cb90_6979 .array/port v0xb470e263cb90, 6979;
v0xb470e263cb90_6980 .array/port v0xb470e263cb90, 6980;
E_0xb470e2641e60/1746 .event anyedge, v0xb470e263cb90_6977, v0xb470e263cb90_6978, v0xb470e263cb90_6979, v0xb470e263cb90_6980;
v0xb470e263cb90_6981 .array/port v0xb470e263cb90, 6981;
v0xb470e263cb90_6982 .array/port v0xb470e263cb90, 6982;
v0xb470e263cb90_6983 .array/port v0xb470e263cb90, 6983;
v0xb470e263cb90_6984 .array/port v0xb470e263cb90, 6984;
E_0xb470e2641e60/1747 .event anyedge, v0xb470e263cb90_6981, v0xb470e263cb90_6982, v0xb470e263cb90_6983, v0xb470e263cb90_6984;
v0xb470e263cb90_6985 .array/port v0xb470e263cb90, 6985;
v0xb470e263cb90_6986 .array/port v0xb470e263cb90, 6986;
v0xb470e263cb90_6987 .array/port v0xb470e263cb90, 6987;
v0xb470e263cb90_6988 .array/port v0xb470e263cb90, 6988;
E_0xb470e2641e60/1748 .event anyedge, v0xb470e263cb90_6985, v0xb470e263cb90_6986, v0xb470e263cb90_6987, v0xb470e263cb90_6988;
v0xb470e263cb90_6989 .array/port v0xb470e263cb90, 6989;
v0xb470e263cb90_6990 .array/port v0xb470e263cb90, 6990;
v0xb470e263cb90_6991 .array/port v0xb470e263cb90, 6991;
v0xb470e263cb90_6992 .array/port v0xb470e263cb90, 6992;
E_0xb470e2641e60/1749 .event anyedge, v0xb470e263cb90_6989, v0xb470e263cb90_6990, v0xb470e263cb90_6991, v0xb470e263cb90_6992;
v0xb470e263cb90_6993 .array/port v0xb470e263cb90, 6993;
v0xb470e263cb90_6994 .array/port v0xb470e263cb90, 6994;
v0xb470e263cb90_6995 .array/port v0xb470e263cb90, 6995;
v0xb470e263cb90_6996 .array/port v0xb470e263cb90, 6996;
E_0xb470e2641e60/1750 .event anyedge, v0xb470e263cb90_6993, v0xb470e263cb90_6994, v0xb470e263cb90_6995, v0xb470e263cb90_6996;
v0xb470e263cb90_6997 .array/port v0xb470e263cb90, 6997;
v0xb470e263cb90_6998 .array/port v0xb470e263cb90, 6998;
v0xb470e263cb90_6999 .array/port v0xb470e263cb90, 6999;
v0xb470e263cb90_7000 .array/port v0xb470e263cb90, 7000;
E_0xb470e2641e60/1751 .event anyedge, v0xb470e263cb90_6997, v0xb470e263cb90_6998, v0xb470e263cb90_6999, v0xb470e263cb90_7000;
v0xb470e263cb90_7001 .array/port v0xb470e263cb90, 7001;
v0xb470e263cb90_7002 .array/port v0xb470e263cb90, 7002;
v0xb470e263cb90_7003 .array/port v0xb470e263cb90, 7003;
v0xb470e263cb90_7004 .array/port v0xb470e263cb90, 7004;
E_0xb470e2641e60/1752 .event anyedge, v0xb470e263cb90_7001, v0xb470e263cb90_7002, v0xb470e263cb90_7003, v0xb470e263cb90_7004;
v0xb470e263cb90_7005 .array/port v0xb470e263cb90, 7005;
v0xb470e263cb90_7006 .array/port v0xb470e263cb90, 7006;
v0xb470e263cb90_7007 .array/port v0xb470e263cb90, 7007;
v0xb470e263cb90_7008 .array/port v0xb470e263cb90, 7008;
E_0xb470e2641e60/1753 .event anyedge, v0xb470e263cb90_7005, v0xb470e263cb90_7006, v0xb470e263cb90_7007, v0xb470e263cb90_7008;
v0xb470e263cb90_7009 .array/port v0xb470e263cb90, 7009;
v0xb470e263cb90_7010 .array/port v0xb470e263cb90, 7010;
v0xb470e263cb90_7011 .array/port v0xb470e263cb90, 7011;
v0xb470e263cb90_7012 .array/port v0xb470e263cb90, 7012;
E_0xb470e2641e60/1754 .event anyedge, v0xb470e263cb90_7009, v0xb470e263cb90_7010, v0xb470e263cb90_7011, v0xb470e263cb90_7012;
v0xb470e263cb90_7013 .array/port v0xb470e263cb90, 7013;
v0xb470e263cb90_7014 .array/port v0xb470e263cb90, 7014;
v0xb470e263cb90_7015 .array/port v0xb470e263cb90, 7015;
v0xb470e263cb90_7016 .array/port v0xb470e263cb90, 7016;
E_0xb470e2641e60/1755 .event anyedge, v0xb470e263cb90_7013, v0xb470e263cb90_7014, v0xb470e263cb90_7015, v0xb470e263cb90_7016;
v0xb470e263cb90_7017 .array/port v0xb470e263cb90, 7017;
v0xb470e263cb90_7018 .array/port v0xb470e263cb90, 7018;
v0xb470e263cb90_7019 .array/port v0xb470e263cb90, 7019;
v0xb470e263cb90_7020 .array/port v0xb470e263cb90, 7020;
E_0xb470e2641e60/1756 .event anyedge, v0xb470e263cb90_7017, v0xb470e263cb90_7018, v0xb470e263cb90_7019, v0xb470e263cb90_7020;
v0xb470e263cb90_7021 .array/port v0xb470e263cb90, 7021;
v0xb470e263cb90_7022 .array/port v0xb470e263cb90, 7022;
v0xb470e263cb90_7023 .array/port v0xb470e263cb90, 7023;
v0xb470e263cb90_7024 .array/port v0xb470e263cb90, 7024;
E_0xb470e2641e60/1757 .event anyedge, v0xb470e263cb90_7021, v0xb470e263cb90_7022, v0xb470e263cb90_7023, v0xb470e263cb90_7024;
v0xb470e263cb90_7025 .array/port v0xb470e263cb90, 7025;
v0xb470e263cb90_7026 .array/port v0xb470e263cb90, 7026;
v0xb470e263cb90_7027 .array/port v0xb470e263cb90, 7027;
v0xb470e263cb90_7028 .array/port v0xb470e263cb90, 7028;
E_0xb470e2641e60/1758 .event anyedge, v0xb470e263cb90_7025, v0xb470e263cb90_7026, v0xb470e263cb90_7027, v0xb470e263cb90_7028;
v0xb470e263cb90_7029 .array/port v0xb470e263cb90, 7029;
v0xb470e263cb90_7030 .array/port v0xb470e263cb90, 7030;
v0xb470e263cb90_7031 .array/port v0xb470e263cb90, 7031;
v0xb470e263cb90_7032 .array/port v0xb470e263cb90, 7032;
E_0xb470e2641e60/1759 .event anyedge, v0xb470e263cb90_7029, v0xb470e263cb90_7030, v0xb470e263cb90_7031, v0xb470e263cb90_7032;
v0xb470e263cb90_7033 .array/port v0xb470e263cb90, 7033;
v0xb470e263cb90_7034 .array/port v0xb470e263cb90, 7034;
v0xb470e263cb90_7035 .array/port v0xb470e263cb90, 7035;
v0xb470e263cb90_7036 .array/port v0xb470e263cb90, 7036;
E_0xb470e2641e60/1760 .event anyedge, v0xb470e263cb90_7033, v0xb470e263cb90_7034, v0xb470e263cb90_7035, v0xb470e263cb90_7036;
v0xb470e263cb90_7037 .array/port v0xb470e263cb90, 7037;
v0xb470e263cb90_7038 .array/port v0xb470e263cb90, 7038;
v0xb470e263cb90_7039 .array/port v0xb470e263cb90, 7039;
v0xb470e263cb90_7040 .array/port v0xb470e263cb90, 7040;
E_0xb470e2641e60/1761 .event anyedge, v0xb470e263cb90_7037, v0xb470e263cb90_7038, v0xb470e263cb90_7039, v0xb470e263cb90_7040;
v0xb470e263cb90_7041 .array/port v0xb470e263cb90, 7041;
v0xb470e263cb90_7042 .array/port v0xb470e263cb90, 7042;
v0xb470e263cb90_7043 .array/port v0xb470e263cb90, 7043;
v0xb470e263cb90_7044 .array/port v0xb470e263cb90, 7044;
E_0xb470e2641e60/1762 .event anyedge, v0xb470e263cb90_7041, v0xb470e263cb90_7042, v0xb470e263cb90_7043, v0xb470e263cb90_7044;
v0xb470e263cb90_7045 .array/port v0xb470e263cb90, 7045;
v0xb470e263cb90_7046 .array/port v0xb470e263cb90, 7046;
v0xb470e263cb90_7047 .array/port v0xb470e263cb90, 7047;
v0xb470e263cb90_7048 .array/port v0xb470e263cb90, 7048;
E_0xb470e2641e60/1763 .event anyedge, v0xb470e263cb90_7045, v0xb470e263cb90_7046, v0xb470e263cb90_7047, v0xb470e263cb90_7048;
v0xb470e263cb90_7049 .array/port v0xb470e263cb90, 7049;
v0xb470e263cb90_7050 .array/port v0xb470e263cb90, 7050;
v0xb470e263cb90_7051 .array/port v0xb470e263cb90, 7051;
v0xb470e263cb90_7052 .array/port v0xb470e263cb90, 7052;
E_0xb470e2641e60/1764 .event anyedge, v0xb470e263cb90_7049, v0xb470e263cb90_7050, v0xb470e263cb90_7051, v0xb470e263cb90_7052;
v0xb470e263cb90_7053 .array/port v0xb470e263cb90, 7053;
v0xb470e263cb90_7054 .array/port v0xb470e263cb90, 7054;
v0xb470e263cb90_7055 .array/port v0xb470e263cb90, 7055;
v0xb470e263cb90_7056 .array/port v0xb470e263cb90, 7056;
E_0xb470e2641e60/1765 .event anyedge, v0xb470e263cb90_7053, v0xb470e263cb90_7054, v0xb470e263cb90_7055, v0xb470e263cb90_7056;
v0xb470e263cb90_7057 .array/port v0xb470e263cb90, 7057;
v0xb470e263cb90_7058 .array/port v0xb470e263cb90, 7058;
v0xb470e263cb90_7059 .array/port v0xb470e263cb90, 7059;
v0xb470e263cb90_7060 .array/port v0xb470e263cb90, 7060;
E_0xb470e2641e60/1766 .event anyedge, v0xb470e263cb90_7057, v0xb470e263cb90_7058, v0xb470e263cb90_7059, v0xb470e263cb90_7060;
v0xb470e263cb90_7061 .array/port v0xb470e263cb90, 7061;
v0xb470e263cb90_7062 .array/port v0xb470e263cb90, 7062;
v0xb470e263cb90_7063 .array/port v0xb470e263cb90, 7063;
v0xb470e263cb90_7064 .array/port v0xb470e263cb90, 7064;
E_0xb470e2641e60/1767 .event anyedge, v0xb470e263cb90_7061, v0xb470e263cb90_7062, v0xb470e263cb90_7063, v0xb470e263cb90_7064;
v0xb470e263cb90_7065 .array/port v0xb470e263cb90, 7065;
v0xb470e263cb90_7066 .array/port v0xb470e263cb90, 7066;
v0xb470e263cb90_7067 .array/port v0xb470e263cb90, 7067;
v0xb470e263cb90_7068 .array/port v0xb470e263cb90, 7068;
E_0xb470e2641e60/1768 .event anyedge, v0xb470e263cb90_7065, v0xb470e263cb90_7066, v0xb470e263cb90_7067, v0xb470e263cb90_7068;
v0xb470e263cb90_7069 .array/port v0xb470e263cb90, 7069;
v0xb470e263cb90_7070 .array/port v0xb470e263cb90, 7070;
v0xb470e263cb90_7071 .array/port v0xb470e263cb90, 7071;
v0xb470e263cb90_7072 .array/port v0xb470e263cb90, 7072;
E_0xb470e2641e60/1769 .event anyedge, v0xb470e263cb90_7069, v0xb470e263cb90_7070, v0xb470e263cb90_7071, v0xb470e263cb90_7072;
v0xb470e263cb90_7073 .array/port v0xb470e263cb90, 7073;
v0xb470e263cb90_7074 .array/port v0xb470e263cb90, 7074;
v0xb470e263cb90_7075 .array/port v0xb470e263cb90, 7075;
v0xb470e263cb90_7076 .array/port v0xb470e263cb90, 7076;
E_0xb470e2641e60/1770 .event anyedge, v0xb470e263cb90_7073, v0xb470e263cb90_7074, v0xb470e263cb90_7075, v0xb470e263cb90_7076;
v0xb470e263cb90_7077 .array/port v0xb470e263cb90, 7077;
v0xb470e263cb90_7078 .array/port v0xb470e263cb90, 7078;
v0xb470e263cb90_7079 .array/port v0xb470e263cb90, 7079;
v0xb470e263cb90_7080 .array/port v0xb470e263cb90, 7080;
E_0xb470e2641e60/1771 .event anyedge, v0xb470e263cb90_7077, v0xb470e263cb90_7078, v0xb470e263cb90_7079, v0xb470e263cb90_7080;
v0xb470e263cb90_7081 .array/port v0xb470e263cb90, 7081;
v0xb470e263cb90_7082 .array/port v0xb470e263cb90, 7082;
v0xb470e263cb90_7083 .array/port v0xb470e263cb90, 7083;
v0xb470e263cb90_7084 .array/port v0xb470e263cb90, 7084;
E_0xb470e2641e60/1772 .event anyedge, v0xb470e263cb90_7081, v0xb470e263cb90_7082, v0xb470e263cb90_7083, v0xb470e263cb90_7084;
v0xb470e263cb90_7085 .array/port v0xb470e263cb90, 7085;
v0xb470e263cb90_7086 .array/port v0xb470e263cb90, 7086;
v0xb470e263cb90_7087 .array/port v0xb470e263cb90, 7087;
v0xb470e263cb90_7088 .array/port v0xb470e263cb90, 7088;
E_0xb470e2641e60/1773 .event anyedge, v0xb470e263cb90_7085, v0xb470e263cb90_7086, v0xb470e263cb90_7087, v0xb470e263cb90_7088;
v0xb470e263cb90_7089 .array/port v0xb470e263cb90, 7089;
v0xb470e263cb90_7090 .array/port v0xb470e263cb90, 7090;
v0xb470e263cb90_7091 .array/port v0xb470e263cb90, 7091;
v0xb470e263cb90_7092 .array/port v0xb470e263cb90, 7092;
E_0xb470e2641e60/1774 .event anyedge, v0xb470e263cb90_7089, v0xb470e263cb90_7090, v0xb470e263cb90_7091, v0xb470e263cb90_7092;
v0xb470e263cb90_7093 .array/port v0xb470e263cb90, 7093;
v0xb470e263cb90_7094 .array/port v0xb470e263cb90, 7094;
v0xb470e263cb90_7095 .array/port v0xb470e263cb90, 7095;
v0xb470e263cb90_7096 .array/port v0xb470e263cb90, 7096;
E_0xb470e2641e60/1775 .event anyedge, v0xb470e263cb90_7093, v0xb470e263cb90_7094, v0xb470e263cb90_7095, v0xb470e263cb90_7096;
v0xb470e263cb90_7097 .array/port v0xb470e263cb90, 7097;
v0xb470e263cb90_7098 .array/port v0xb470e263cb90, 7098;
v0xb470e263cb90_7099 .array/port v0xb470e263cb90, 7099;
v0xb470e263cb90_7100 .array/port v0xb470e263cb90, 7100;
E_0xb470e2641e60/1776 .event anyedge, v0xb470e263cb90_7097, v0xb470e263cb90_7098, v0xb470e263cb90_7099, v0xb470e263cb90_7100;
v0xb470e263cb90_7101 .array/port v0xb470e263cb90, 7101;
v0xb470e263cb90_7102 .array/port v0xb470e263cb90, 7102;
v0xb470e263cb90_7103 .array/port v0xb470e263cb90, 7103;
v0xb470e263cb90_7104 .array/port v0xb470e263cb90, 7104;
E_0xb470e2641e60/1777 .event anyedge, v0xb470e263cb90_7101, v0xb470e263cb90_7102, v0xb470e263cb90_7103, v0xb470e263cb90_7104;
v0xb470e263cb90_7105 .array/port v0xb470e263cb90, 7105;
v0xb470e263cb90_7106 .array/port v0xb470e263cb90, 7106;
v0xb470e263cb90_7107 .array/port v0xb470e263cb90, 7107;
v0xb470e263cb90_7108 .array/port v0xb470e263cb90, 7108;
E_0xb470e2641e60/1778 .event anyedge, v0xb470e263cb90_7105, v0xb470e263cb90_7106, v0xb470e263cb90_7107, v0xb470e263cb90_7108;
v0xb470e263cb90_7109 .array/port v0xb470e263cb90, 7109;
v0xb470e263cb90_7110 .array/port v0xb470e263cb90, 7110;
v0xb470e263cb90_7111 .array/port v0xb470e263cb90, 7111;
v0xb470e263cb90_7112 .array/port v0xb470e263cb90, 7112;
E_0xb470e2641e60/1779 .event anyedge, v0xb470e263cb90_7109, v0xb470e263cb90_7110, v0xb470e263cb90_7111, v0xb470e263cb90_7112;
v0xb470e263cb90_7113 .array/port v0xb470e263cb90, 7113;
v0xb470e263cb90_7114 .array/port v0xb470e263cb90, 7114;
v0xb470e263cb90_7115 .array/port v0xb470e263cb90, 7115;
v0xb470e263cb90_7116 .array/port v0xb470e263cb90, 7116;
E_0xb470e2641e60/1780 .event anyedge, v0xb470e263cb90_7113, v0xb470e263cb90_7114, v0xb470e263cb90_7115, v0xb470e263cb90_7116;
v0xb470e263cb90_7117 .array/port v0xb470e263cb90, 7117;
v0xb470e263cb90_7118 .array/port v0xb470e263cb90, 7118;
v0xb470e263cb90_7119 .array/port v0xb470e263cb90, 7119;
v0xb470e263cb90_7120 .array/port v0xb470e263cb90, 7120;
E_0xb470e2641e60/1781 .event anyedge, v0xb470e263cb90_7117, v0xb470e263cb90_7118, v0xb470e263cb90_7119, v0xb470e263cb90_7120;
v0xb470e263cb90_7121 .array/port v0xb470e263cb90, 7121;
v0xb470e263cb90_7122 .array/port v0xb470e263cb90, 7122;
v0xb470e263cb90_7123 .array/port v0xb470e263cb90, 7123;
v0xb470e263cb90_7124 .array/port v0xb470e263cb90, 7124;
E_0xb470e2641e60/1782 .event anyedge, v0xb470e263cb90_7121, v0xb470e263cb90_7122, v0xb470e263cb90_7123, v0xb470e263cb90_7124;
v0xb470e263cb90_7125 .array/port v0xb470e263cb90, 7125;
v0xb470e263cb90_7126 .array/port v0xb470e263cb90, 7126;
v0xb470e263cb90_7127 .array/port v0xb470e263cb90, 7127;
v0xb470e263cb90_7128 .array/port v0xb470e263cb90, 7128;
E_0xb470e2641e60/1783 .event anyedge, v0xb470e263cb90_7125, v0xb470e263cb90_7126, v0xb470e263cb90_7127, v0xb470e263cb90_7128;
v0xb470e263cb90_7129 .array/port v0xb470e263cb90, 7129;
v0xb470e263cb90_7130 .array/port v0xb470e263cb90, 7130;
v0xb470e263cb90_7131 .array/port v0xb470e263cb90, 7131;
v0xb470e263cb90_7132 .array/port v0xb470e263cb90, 7132;
E_0xb470e2641e60/1784 .event anyedge, v0xb470e263cb90_7129, v0xb470e263cb90_7130, v0xb470e263cb90_7131, v0xb470e263cb90_7132;
v0xb470e263cb90_7133 .array/port v0xb470e263cb90, 7133;
v0xb470e263cb90_7134 .array/port v0xb470e263cb90, 7134;
v0xb470e263cb90_7135 .array/port v0xb470e263cb90, 7135;
v0xb470e263cb90_7136 .array/port v0xb470e263cb90, 7136;
E_0xb470e2641e60/1785 .event anyedge, v0xb470e263cb90_7133, v0xb470e263cb90_7134, v0xb470e263cb90_7135, v0xb470e263cb90_7136;
v0xb470e263cb90_7137 .array/port v0xb470e263cb90, 7137;
v0xb470e263cb90_7138 .array/port v0xb470e263cb90, 7138;
v0xb470e263cb90_7139 .array/port v0xb470e263cb90, 7139;
v0xb470e263cb90_7140 .array/port v0xb470e263cb90, 7140;
E_0xb470e2641e60/1786 .event anyedge, v0xb470e263cb90_7137, v0xb470e263cb90_7138, v0xb470e263cb90_7139, v0xb470e263cb90_7140;
v0xb470e263cb90_7141 .array/port v0xb470e263cb90, 7141;
v0xb470e263cb90_7142 .array/port v0xb470e263cb90, 7142;
v0xb470e263cb90_7143 .array/port v0xb470e263cb90, 7143;
v0xb470e263cb90_7144 .array/port v0xb470e263cb90, 7144;
E_0xb470e2641e60/1787 .event anyedge, v0xb470e263cb90_7141, v0xb470e263cb90_7142, v0xb470e263cb90_7143, v0xb470e263cb90_7144;
v0xb470e263cb90_7145 .array/port v0xb470e263cb90, 7145;
v0xb470e263cb90_7146 .array/port v0xb470e263cb90, 7146;
v0xb470e263cb90_7147 .array/port v0xb470e263cb90, 7147;
v0xb470e263cb90_7148 .array/port v0xb470e263cb90, 7148;
E_0xb470e2641e60/1788 .event anyedge, v0xb470e263cb90_7145, v0xb470e263cb90_7146, v0xb470e263cb90_7147, v0xb470e263cb90_7148;
v0xb470e263cb90_7149 .array/port v0xb470e263cb90, 7149;
v0xb470e263cb90_7150 .array/port v0xb470e263cb90, 7150;
v0xb470e263cb90_7151 .array/port v0xb470e263cb90, 7151;
v0xb470e263cb90_7152 .array/port v0xb470e263cb90, 7152;
E_0xb470e2641e60/1789 .event anyedge, v0xb470e263cb90_7149, v0xb470e263cb90_7150, v0xb470e263cb90_7151, v0xb470e263cb90_7152;
v0xb470e263cb90_7153 .array/port v0xb470e263cb90, 7153;
v0xb470e263cb90_7154 .array/port v0xb470e263cb90, 7154;
v0xb470e263cb90_7155 .array/port v0xb470e263cb90, 7155;
v0xb470e263cb90_7156 .array/port v0xb470e263cb90, 7156;
E_0xb470e2641e60/1790 .event anyedge, v0xb470e263cb90_7153, v0xb470e263cb90_7154, v0xb470e263cb90_7155, v0xb470e263cb90_7156;
v0xb470e263cb90_7157 .array/port v0xb470e263cb90, 7157;
v0xb470e263cb90_7158 .array/port v0xb470e263cb90, 7158;
v0xb470e263cb90_7159 .array/port v0xb470e263cb90, 7159;
v0xb470e263cb90_7160 .array/port v0xb470e263cb90, 7160;
E_0xb470e2641e60/1791 .event anyedge, v0xb470e263cb90_7157, v0xb470e263cb90_7158, v0xb470e263cb90_7159, v0xb470e263cb90_7160;
v0xb470e263cb90_7161 .array/port v0xb470e263cb90, 7161;
v0xb470e263cb90_7162 .array/port v0xb470e263cb90, 7162;
v0xb470e263cb90_7163 .array/port v0xb470e263cb90, 7163;
v0xb470e263cb90_7164 .array/port v0xb470e263cb90, 7164;
E_0xb470e2641e60/1792 .event anyedge, v0xb470e263cb90_7161, v0xb470e263cb90_7162, v0xb470e263cb90_7163, v0xb470e263cb90_7164;
v0xb470e263cb90_7165 .array/port v0xb470e263cb90, 7165;
v0xb470e263cb90_7166 .array/port v0xb470e263cb90, 7166;
v0xb470e263cb90_7167 .array/port v0xb470e263cb90, 7167;
v0xb470e263cb90_7168 .array/port v0xb470e263cb90, 7168;
E_0xb470e2641e60/1793 .event anyedge, v0xb470e263cb90_7165, v0xb470e263cb90_7166, v0xb470e263cb90_7167, v0xb470e263cb90_7168;
v0xb470e263cb90_7169 .array/port v0xb470e263cb90, 7169;
v0xb470e263cb90_7170 .array/port v0xb470e263cb90, 7170;
v0xb470e263cb90_7171 .array/port v0xb470e263cb90, 7171;
v0xb470e263cb90_7172 .array/port v0xb470e263cb90, 7172;
E_0xb470e2641e60/1794 .event anyedge, v0xb470e263cb90_7169, v0xb470e263cb90_7170, v0xb470e263cb90_7171, v0xb470e263cb90_7172;
v0xb470e263cb90_7173 .array/port v0xb470e263cb90, 7173;
v0xb470e263cb90_7174 .array/port v0xb470e263cb90, 7174;
v0xb470e263cb90_7175 .array/port v0xb470e263cb90, 7175;
v0xb470e263cb90_7176 .array/port v0xb470e263cb90, 7176;
E_0xb470e2641e60/1795 .event anyedge, v0xb470e263cb90_7173, v0xb470e263cb90_7174, v0xb470e263cb90_7175, v0xb470e263cb90_7176;
v0xb470e263cb90_7177 .array/port v0xb470e263cb90, 7177;
v0xb470e263cb90_7178 .array/port v0xb470e263cb90, 7178;
v0xb470e263cb90_7179 .array/port v0xb470e263cb90, 7179;
v0xb470e263cb90_7180 .array/port v0xb470e263cb90, 7180;
E_0xb470e2641e60/1796 .event anyedge, v0xb470e263cb90_7177, v0xb470e263cb90_7178, v0xb470e263cb90_7179, v0xb470e263cb90_7180;
v0xb470e263cb90_7181 .array/port v0xb470e263cb90, 7181;
v0xb470e263cb90_7182 .array/port v0xb470e263cb90, 7182;
v0xb470e263cb90_7183 .array/port v0xb470e263cb90, 7183;
v0xb470e263cb90_7184 .array/port v0xb470e263cb90, 7184;
E_0xb470e2641e60/1797 .event anyedge, v0xb470e263cb90_7181, v0xb470e263cb90_7182, v0xb470e263cb90_7183, v0xb470e263cb90_7184;
v0xb470e263cb90_7185 .array/port v0xb470e263cb90, 7185;
v0xb470e263cb90_7186 .array/port v0xb470e263cb90, 7186;
v0xb470e263cb90_7187 .array/port v0xb470e263cb90, 7187;
v0xb470e263cb90_7188 .array/port v0xb470e263cb90, 7188;
E_0xb470e2641e60/1798 .event anyedge, v0xb470e263cb90_7185, v0xb470e263cb90_7186, v0xb470e263cb90_7187, v0xb470e263cb90_7188;
v0xb470e263cb90_7189 .array/port v0xb470e263cb90, 7189;
v0xb470e263cb90_7190 .array/port v0xb470e263cb90, 7190;
v0xb470e263cb90_7191 .array/port v0xb470e263cb90, 7191;
v0xb470e263cb90_7192 .array/port v0xb470e263cb90, 7192;
E_0xb470e2641e60/1799 .event anyedge, v0xb470e263cb90_7189, v0xb470e263cb90_7190, v0xb470e263cb90_7191, v0xb470e263cb90_7192;
v0xb470e263cb90_7193 .array/port v0xb470e263cb90, 7193;
v0xb470e263cb90_7194 .array/port v0xb470e263cb90, 7194;
v0xb470e263cb90_7195 .array/port v0xb470e263cb90, 7195;
v0xb470e263cb90_7196 .array/port v0xb470e263cb90, 7196;
E_0xb470e2641e60/1800 .event anyedge, v0xb470e263cb90_7193, v0xb470e263cb90_7194, v0xb470e263cb90_7195, v0xb470e263cb90_7196;
v0xb470e263cb90_7197 .array/port v0xb470e263cb90, 7197;
v0xb470e263cb90_7198 .array/port v0xb470e263cb90, 7198;
v0xb470e263cb90_7199 .array/port v0xb470e263cb90, 7199;
v0xb470e263cb90_7200 .array/port v0xb470e263cb90, 7200;
E_0xb470e2641e60/1801 .event anyedge, v0xb470e263cb90_7197, v0xb470e263cb90_7198, v0xb470e263cb90_7199, v0xb470e263cb90_7200;
v0xb470e263cb90_7201 .array/port v0xb470e263cb90, 7201;
v0xb470e263cb90_7202 .array/port v0xb470e263cb90, 7202;
v0xb470e263cb90_7203 .array/port v0xb470e263cb90, 7203;
v0xb470e263cb90_7204 .array/port v0xb470e263cb90, 7204;
E_0xb470e2641e60/1802 .event anyedge, v0xb470e263cb90_7201, v0xb470e263cb90_7202, v0xb470e263cb90_7203, v0xb470e263cb90_7204;
v0xb470e263cb90_7205 .array/port v0xb470e263cb90, 7205;
v0xb470e263cb90_7206 .array/port v0xb470e263cb90, 7206;
v0xb470e263cb90_7207 .array/port v0xb470e263cb90, 7207;
v0xb470e263cb90_7208 .array/port v0xb470e263cb90, 7208;
E_0xb470e2641e60/1803 .event anyedge, v0xb470e263cb90_7205, v0xb470e263cb90_7206, v0xb470e263cb90_7207, v0xb470e263cb90_7208;
v0xb470e263cb90_7209 .array/port v0xb470e263cb90, 7209;
v0xb470e263cb90_7210 .array/port v0xb470e263cb90, 7210;
v0xb470e263cb90_7211 .array/port v0xb470e263cb90, 7211;
v0xb470e263cb90_7212 .array/port v0xb470e263cb90, 7212;
E_0xb470e2641e60/1804 .event anyedge, v0xb470e263cb90_7209, v0xb470e263cb90_7210, v0xb470e263cb90_7211, v0xb470e263cb90_7212;
v0xb470e263cb90_7213 .array/port v0xb470e263cb90, 7213;
v0xb470e263cb90_7214 .array/port v0xb470e263cb90, 7214;
v0xb470e263cb90_7215 .array/port v0xb470e263cb90, 7215;
v0xb470e263cb90_7216 .array/port v0xb470e263cb90, 7216;
E_0xb470e2641e60/1805 .event anyedge, v0xb470e263cb90_7213, v0xb470e263cb90_7214, v0xb470e263cb90_7215, v0xb470e263cb90_7216;
v0xb470e263cb90_7217 .array/port v0xb470e263cb90, 7217;
v0xb470e263cb90_7218 .array/port v0xb470e263cb90, 7218;
v0xb470e263cb90_7219 .array/port v0xb470e263cb90, 7219;
v0xb470e263cb90_7220 .array/port v0xb470e263cb90, 7220;
E_0xb470e2641e60/1806 .event anyedge, v0xb470e263cb90_7217, v0xb470e263cb90_7218, v0xb470e263cb90_7219, v0xb470e263cb90_7220;
v0xb470e263cb90_7221 .array/port v0xb470e263cb90, 7221;
v0xb470e263cb90_7222 .array/port v0xb470e263cb90, 7222;
v0xb470e263cb90_7223 .array/port v0xb470e263cb90, 7223;
v0xb470e263cb90_7224 .array/port v0xb470e263cb90, 7224;
E_0xb470e2641e60/1807 .event anyedge, v0xb470e263cb90_7221, v0xb470e263cb90_7222, v0xb470e263cb90_7223, v0xb470e263cb90_7224;
v0xb470e263cb90_7225 .array/port v0xb470e263cb90, 7225;
v0xb470e263cb90_7226 .array/port v0xb470e263cb90, 7226;
v0xb470e263cb90_7227 .array/port v0xb470e263cb90, 7227;
v0xb470e263cb90_7228 .array/port v0xb470e263cb90, 7228;
E_0xb470e2641e60/1808 .event anyedge, v0xb470e263cb90_7225, v0xb470e263cb90_7226, v0xb470e263cb90_7227, v0xb470e263cb90_7228;
v0xb470e263cb90_7229 .array/port v0xb470e263cb90, 7229;
v0xb470e263cb90_7230 .array/port v0xb470e263cb90, 7230;
v0xb470e263cb90_7231 .array/port v0xb470e263cb90, 7231;
v0xb470e263cb90_7232 .array/port v0xb470e263cb90, 7232;
E_0xb470e2641e60/1809 .event anyedge, v0xb470e263cb90_7229, v0xb470e263cb90_7230, v0xb470e263cb90_7231, v0xb470e263cb90_7232;
v0xb470e263cb90_7233 .array/port v0xb470e263cb90, 7233;
v0xb470e263cb90_7234 .array/port v0xb470e263cb90, 7234;
v0xb470e263cb90_7235 .array/port v0xb470e263cb90, 7235;
v0xb470e263cb90_7236 .array/port v0xb470e263cb90, 7236;
E_0xb470e2641e60/1810 .event anyedge, v0xb470e263cb90_7233, v0xb470e263cb90_7234, v0xb470e263cb90_7235, v0xb470e263cb90_7236;
v0xb470e263cb90_7237 .array/port v0xb470e263cb90, 7237;
v0xb470e263cb90_7238 .array/port v0xb470e263cb90, 7238;
v0xb470e263cb90_7239 .array/port v0xb470e263cb90, 7239;
v0xb470e263cb90_7240 .array/port v0xb470e263cb90, 7240;
E_0xb470e2641e60/1811 .event anyedge, v0xb470e263cb90_7237, v0xb470e263cb90_7238, v0xb470e263cb90_7239, v0xb470e263cb90_7240;
v0xb470e263cb90_7241 .array/port v0xb470e263cb90, 7241;
v0xb470e263cb90_7242 .array/port v0xb470e263cb90, 7242;
v0xb470e263cb90_7243 .array/port v0xb470e263cb90, 7243;
v0xb470e263cb90_7244 .array/port v0xb470e263cb90, 7244;
E_0xb470e2641e60/1812 .event anyedge, v0xb470e263cb90_7241, v0xb470e263cb90_7242, v0xb470e263cb90_7243, v0xb470e263cb90_7244;
v0xb470e263cb90_7245 .array/port v0xb470e263cb90, 7245;
v0xb470e263cb90_7246 .array/port v0xb470e263cb90, 7246;
v0xb470e263cb90_7247 .array/port v0xb470e263cb90, 7247;
v0xb470e263cb90_7248 .array/port v0xb470e263cb90, 7248;
E_0xb470e2641e60/1813 .event anyedge, v0xb470e263cb90_7245, v0xb470e263cb90_7246, v0xb470e263cb90_7247, v0xb470e263cb90_7248;
v0xb470e263cb90_7249 .array/port v0xb470e263cb90, 7249;
v0xb470e263cb90_7250 .array/port v0xb470e263cb90, 7250;
v0xb470e263cb90_7251 .array/port v0xb470e263cb90, 7251;
v0xb470e263cb90_7252 .array/port v0xb470e263cb90, 7252;
E_0xb470e2641e60/1814 .event anyedge, v0xb470e263cb90_7249, v0xb470e263cb90_7250, v0xb470e263cb90_7251, v0xb470e263cb90_7252;
v0xb470e263cb90_7253 .array/port v0xb470e263cb90, 7253;
v0xb470e263cb90_7254 .array/port v0xb470e263cb90, 7254;
v0xb470e263cb90_7255 .array/port v0xb470e263cb90, 7255;
v0xb470e263cb90_7256 .array/port v0xb470e263cb90, 7256;
E_0xb470e2641e60/1815 .event anyedge, v0xb470e263cb90_7253, v0xb470e263cb90_7254, v0xb470e263cb90_7255, v0xb470e263cb90_7256;
v0xb470e263cb90_7257 .array/port v0xb470e263cb90, 7257;
v0xb470e263cb90_7258 .array/port v0xb470e263cb90, 7258;
v0xb470e263cb90_7259 .array/port v0xb470e263cb90, 7259;
v0xb470e263cb90_7260 .array/port v0xb470e263cb90, 7260;
E_0xb470e2641e60/1816 .event anyedge, v0xb470e263cb90_7257, v0xb470e263cb90_7258, v0xb470e263cb90_7259, v0xb470e263cb90_7260;
v0xb470e263cb90_7261 .array/port v0xb470e263cb90, 7261;
v0xb470e263cb90_7262 .array/port v0xb470e263cb90, 7262;
v0xb470e263cb90_7263 .array/port v0xb470e263cb90, 7263;
v0xb470e263cb90_7264 .array/port v0xb470e263cb90, 7264;
E_0xb470e2641e60/1817 .event anyedge, v0xb470e263cb90_7261, v0xb470e263cb90_7262, v0xb470e263cb90_7263, v0xb470e263cb90_7264;
v0xb470e263cb90_7265 .array/port v0xb470e263cb90, 7265;
v0xb470e263cb90_7266 .array/port v0xb470e263cb90, 7266;
v0xb470e263cb90_7267 .array/port v0xb470e263cb90, 7267;
v0xb470e263cb90_7268 .array/port v0xb470e263cb90, 7268;
E_0xb470e2641e60/1818 .event anyedge, v0xb470e263cb90_7265, v0xb470e263cb90_7266, v0xb470e263cb90_7267, v0xb470e263cb90_7268;
v0xb470e263cb90_7269 .array/port v0xb470e263cb90, 7269;
v0xb470e263cb90_7270 .array/port v0xb470e263cb90, 7270;
v0xb470e263cb90_7271 .array/port v0xb470e263cb90, 7271;
v0xb470e263cb90_7272 .array/port v0xb470e263cb90, 7272;
E_0xb470e2641e60/1819 .event anyedge, v0xb470e263cb90_7269, v0xb470e263cb90_7270, v0xb470e263cb90_7271, v0xb470e263cb90_7272;
v0xb470e263cb90_7273 .array/port v0xb470e263cb90, 7273;
v0xb470e263cb90_7274 .array/port v0xb470e263cb90, 7274;
v0xb470e263cb90_7275 .array/port v0xb470e263cb90, 7275;
v0xb470e263cb90_7276 .array/port v0xb470e263cb90, 7276;
E_0xb470e2641e60/1820 .event anyedge, v0xb470e263cb90_7273, v0xb470e263cb90_7274, v0xb470e263cb90_7275, v0xb470e263cb90_7276;
v0xb470e263cb90_7277 .array/port v0xb470e263cb90, 7277;
v0xb470e263cb90_7278 .array/port v0xb470e263cb90, 7278;
v0xb470e263cb90_7279 .array/port v0xb470e263cb90, 7279;
v0xb470e263cb90_7280 .array/port v0xb470e263cb90, 7280;
E_0xb470e2641e60/1821 .event anyedge, v0xb470e263cb90_7277, v0xb470e263cb90_7278, v0xb470e263cb90_7279, v0xb470e263cb90_7280;
v0xb470e263cb90_7281 .array/port v0xb470e263cb90, 7281;
v0xb470e263cb90_7282 .array/port v0xb470e263cb90, 7282;
v0xb470e263cb90_7283 .array/port v0xb470e263cb90, 7283;
v0xb470e263cb90_7284 .array/port v0xb470e263cb90, 7284;
E_0xb470e2641e60/1822 .event anyedge, v0xb470e263cb90_7281, v0xb470e263cb90_7282, v0xb470e263cb90_7283, v0xb470e263cb90_7284;
v0xb470e263cb90_7285 .array/port v0xb470e263cb90, 7285;
v0xb470e263cb90_7286 .array/port v0xb470e263cb90, 7286;
v0xb470e263cb90_7287 .array/port v0xb470e263cb90, 7287;
v0xb470e263cb90_7288 .array/port v0xb470e263cb90, 7288;
E_0xb470e2641e60/1823 .event anyedge, v0xb470e263cb90_7285, v0xb470e263cb90_7286, v0xb470e263cb90_7287, v0xb470e263cb90_7288;
v0xb470e263cb90_7289 .array/port v0xb470e263cb90, 7289;
v0xb470e263cb90_7290 .array/port v0xb470e263cb90, 7290;
v0xb470e263cb90_7291 .array/port v0xb470e263cb90, 7291;
v0xb470e263cb90_7292 .array/port v0xb470e263cb90, 7292;
E_0xb470e2641e60/1824 .event anyedge, v0xb470e263cb90_7289, v0xb470e263cb90_7290, v0xb470e263cb90_7291, v0xb470e263cb90_7292;
v0xb470e263cb90_7293 .array/port v0xb470e263cb90, 7293;
v0xb470e263cb90_7294 .array/port v0xb470e263cb90, 7294;
v0xb470e263cb90_7295 .array/port v0xb470e263cb90, 7295;
v0xb470e263cb90_7296 .array/port v0xb470e263cb90, 7296;
E_0xb470e2641e60/1825 .event anyedge, v0xb470e263cb90_7293, v0xb470e263cb90_7294, v0xb470e263cb90_7295, v0xb470e263cb90_7296;
v0xb470e263cb90_7297 .array/port v0xb470e263cb90, 7297;
v0xb470e263cb90_7298 .array/port v0xb470e263cb90, 7298;
v0xb470e263cb90_7299 .array/port v0xb470e263cb90, 7299;
v0xb470e263cb90_7300 .array/port v0xb470e263cb90, 7300;
E_0xb470e2641e60/1826 .event anyedge, v0xb470e263cb90_7297, v0xb470e263cb90_7298, v0xb470e263cb90_7299, v0xb470e263cb90_7300;
v0xb470e263cb90_7301 .array/port v0xb470e263cb90, 7301;
v0xb470e263cb90_7302 .array/port v0xb470e263cb90, 7302;
v0xb470e263cb90_7303 .array/port v0xb470e263cb90, 7303;
v0xb470e263cb90_7304 .array/port v0xb470e263cb90, 7304;
E_0xb470e2641e60/1827 .event anyedge, v0xb470e263cb90_7301, v0xb470e263cb90_7302, v0xb470e263cb90_7303, v0xb470e263cb90_7304;
v0xb470e263cb90_7305 .array/port v0xb470e263cb90, 7305;
v0xb470e263cb90_7306 .array/port v0xb470e263cb90, 7306;
v0xb470e263cb90_7307 .array/port v0xb470e263cb90, 7307;
v0xb470e263cb90_7308 .array/port v0xb470e263cb90, 7308;
E_0xb470e2641e60/1828 .event anyedge, v0xb470e263cb90_7305, v0xb470e263cb90_7306, v0xb470e263cb90_7307, v0xb470e263cb90_7308;
v0xb470e263cb90_7309 .array/port v0xb470e263cb90, 7309;
v0xb470e263cb90_7310 .array/port v0xb470e263cb90, 7310;
v0xb470e263cb90_7311 .array/port v0xb470e263cb90, 7311;
v0xb470e263cb90_7312 .array/port v0xb470e263cb90, 7312;
E_0xb470e2641e60/1829 .event anyedge, v0xb470e263cb90_7309, v0xb470e263cb90_7310, v0xb470e263cb90_7311, v0xb470e263cb90_7312;
v0xb470e263cb90_7313 .array/port v0xb470e263cb90, 7313;
v0xb470e263cb90_7314 .array/port v0xb470e263cb90, 7314;
v0xb470e263cb90_7315 .array/port v0xb470e263cb90, 7315;
v0xb470e263cb90_7316 .array/port v0xb470e263cb90, 7316;
E_0xb470e2641e60/1830 .event anyedge, v0xb470e263cb90_7313, v0xb470e263cb90_7314, v0xb470e263cb90_7315, v0xb470e263cb90_7316;
v0xb470e263cb90_7317 .array/port v0xb470e263cb90, 7317;
v0xb470e263cb90_7318 .array/port v0xb470e263cb90, 7318;
v0xb470e263cb90_7319 .array/port v0xb470e263cb90, 7319;
v0xb470e263cb90_7320 .array/port v0xb470e263cb90, 7320;
E_0xb470e2641e60/1831 .event anyedge, v0xb470e263cb90_7317, v0xb470e263cb90_7318, v0xb470e263cb90_7319, v0xb470e263cb90_7320;
v0xb470e263cb90_7321 .array/port v0xb470e263cb90, 7321;
v0xb470e263cb90_7322 .array/port v0xb470e263cb90, 7322;
v0xb470e263cb90_7323 .array/port v0xb470e263cb90, 7323;
v0xb470e263cb90_7324 .array/port v0xb470e263cb90, 7324;
E_0xb470e2641e60/1832 .event anyedge, v0xb470e263cb90_7321, v0xb470e263cb90_7322, v0xb470e263cb90_7323, v0xb470e263cb90_7324;
v0xb470e263cb90_7325 .array/port v0xb470e263cb90, 7325;
v0xb470e263cb90_7326 .array/port v0xb470e263cb90, 7326;
v0xb470e263cb90_7327 .array/port v0xb470e263cb90, 7327;
v0xb470e263cb90_7328 .array/port v0xb470e263cb90, 7328;
E_0xb470e2641e60/1833 .event anyedge, v0xb470e263cb90_7325, v0xb470e263cb90_7326, v0xb470e263cb90_7327, v0xb470e263cb90_7328;
v0xb470e263cb90_7329 .array/port v0xb470e263cb90, 7329;
v0xb470e263cb90_7330 .array/port v0xb470e263cb90, 7330;
v0xb470e263cb90_7331 .array/port v0xb470e263cb90, 7331;
v0xb470e263cb90_7332 .array/port v0xb470e263cb90, 7332;
E_0xb470e2641e60/1834 .event anyedge, v0xb470e263cb90_7329, v0xb470e263cb90_7330, v0xb470e263cb90_7331, v0xb470e263cb90_7332;
v0xb470e263cb90_7333 .array/port v0xb470e263cb90, 7333;
v0xb470e263cb90_7334 .array/port v0xb470e263cb90, 7334;
v0xb470e263cb90_7335 .array/port v0xb470e263cb90, 7335;
v0xb470e263cb90_7336 .array/port v0xb470e263cb90, 7336;
E_0xb470e2641e60/1835 .event anyedge, v0xb470e263cb90_7333, v0xb470e263cb90_7334, v0xb470e263cb90_7335, v0xb470e263cb90_7336;
v0xb470e263cb90_7337 .array/port v0xb470e263cb90, 7337;
v0xb470e263cb90_7338 .array/port v0xb470e263cb90, 7338;
v0xb470e263cb90_7339 .array/port v0xb470e263cb90, 7339;
v0xb470e263cb90_7340 .array/port v0xb470e263cb90, 7340;
E_0xb470e2641e60/1836 .event anyedge, v0xb470e263cb90_7337, v0xb470e263cb90_7338, v0xb470e263cb90_7339, v0xb470e263cb90_7340;
v0xb470e263cb90_7341 .array/port v0xb470e263cb90, 7341;
v0xb470e263cb90_7342 .array/port v0xb470e263cb90, 7342;
v0xb470e263cb90_7343 .array/port v0xb470e263cb90, 7343;
v0xb470e263cb90_7344 .array/port v0xb470e263cb90, 7344;
E_0xb470e2641e60/1837 .event anyedge, v0xb470e263cb90_7341, v0xb470e263cb90_7342, v0xb470e263cb90_7343, v0xb470e263cb90_7344;
v0xb470e263cb90_7345 .array/port v0xb470e263cb90, 7345;
v0xb470e263cb90_7346 .array/port v0xb470e263cb90, 7346;
v0xb470e263cb90_7347 .array/port v0xb470e263cb90, 7347;
v0xb470e263cb90_7348 .array/port v0xb470e263cb90, 7348;
E_0xb470e2641e60/1838 .event anyedge, v0xb470e263cb90_7345, v0xb470e263cb90_7346, v0xb470e263cb90_7347, v0xb470e263cb90_7348;
v0xb470e263cb90_7349 .array/port v0xb470e263cb90, 7349;
v0xb470e263cb90_7350 .array/port v0xb470e263cb90, 7350;
v0xb470e263cb90_7351 .array/port v0xb470e263cb90, 7351;
v0xb470e263cb90_7352 .array/port v0xb470e263cb90, 7352;
E_0xb470e2641e60/1839 .event anyedge, v0xb470e263cb90_7349, v0xb470e263cb90_7350, v0xb470e263cb90_7351, v0xb470e263cb90_7352;
v0xb470e263cb90_7353 .array/port v0xb470e263cb90, 7353;
v0xb470e263cb90_7354 .array/port v0xb470e263cb90, 7354;
v0xb470e263cb90_7355 .array/port v0xb470e263cb90, 7355;
v0xb470e263cb90_7356 .array/port v0xb470e263cb90, 7356;
E_0xb470e2641e60/1840 .event anyedge, v0xb470e263cb90_7353, v0xb470e263cb90_7354, v0xb470e263cb90_7355, v0xb470e263cb90_7356;
v0xb470e263cb90_7357 .array/port v0xb470e263cb90, 7357;
v0xb470e263cb90_7358 .array/port v0xb470e263cb90, 7358;
v0xb470e263cb90_7359 .array/port v0xb470e263cb90, 7359;
v0xb470e263cb90_7360 .array/port v0xb470e263cb90, 7360;
E_0xb470e2641e60/1841 .event anyedge, v0xb470e263cb90_7357, v0xb470e263cb90_7358, v0xb470e263cb90_7359, v0xb470e263cb90_7360;
v0xb470e263cb90_7361 .array/port v0xb470e263cb90, 7361;
v0xb470e263cb90_7362 .array/port v0xb470e263cb90, 7362;
v0xb470e263cb90_7363 .array/port v0xb470e263cb90, 7363;
v0xb470e263cb90_7364 .array/port v0xb470e263cb90, 7364;
E_0xb470e2641e60/1842 .event anyedge, v0xb470e263cb90_7361, v0xb470e263cb90_7362, v0xb470e263cb90_7363, v0xb470e263cb90_7364;
v0xb470e263cb90_7365 .array/port v0xb470e263cb90, 7365;
v0xb470e263cb90_7366 .array/port v0xb470e263cb90, 7366;
v0xb470e263cb90_7367 .array/port v0xb470e263cb90, 7367;
v0xb470e263cb90_7368 .array/port v0xb470e263cb90, 7368;
E_0xb470e2641e60/1843 .event anyedge, v0xb470e263cb90_7365, v0xb470e263cb90_7366, v0xb470e263cb90_7367, v0xb470e263cb90_7368;
v0xb470e263cb90_7369 .array/port v0xb470e263cb90, 7369;
v0xb470e263cb90_7370 .array/port v0xb470e263cb90, 7370;
v0xb470e263cb90_7371 .array/port v0xb470e263cb90, 7371;
v0xb470e263cb90_7372 .array/port v0xb470e263cb90, 7372;
E_0xb470e2641e60/1844 .event anyedge, v0xb470e263cb90_7369, v0xb470e263cb90_7370, v0xb470e263cb90_7371, v0xb470e263cb90_7372;
v0xb470e263cb90_7373 .array/port v0xb470e263cb90, 7373;
v0xb470e263cb90_7374 .array/port v0xb470e263cb90, 7374;
v0xb470e263cb90_7375 .array/port v0xb470e263cb90, 7375;
v0xb470e263cb90_7376 .array/port v0xb470e263cb90, 7376;
E_0xb470e2641e60/1845 .event anyedge, v0xb470e263cb90_7373, v0xb470e263cb90_7374, v0xb470e263cb90_7375, v0xb470e263cb90_7376;
v0xb470e263cb90_7377 .array/port v0xb470e263cb90, 7377;
v0xb470e263cb90_7378 .array/port v0xb470e263cb90, 7378;
v0xb470e263cb90_7379 .array/port v0xb470e263cb90, 7379;
v0xb470e263cb90_7380 .array/port v0xb470e263cb90, 7380;
E_0xb470e2641e60/1846 .event anyedge, v0xb470e263cb90_7377, v0xb470e263cb90_7378, v0xb470e263cb90_7379, v0xb470e263cb90_7380;
v0xb470e263cb90_7381 .array/port v0xb470e263cb90, 7381;
v0xb470e263cb90_7382 .array/port v0xb470e263cb90, 7382;
v0xb470e263cb90_7383 .array/port v0xb470e263cb90, 7383;
v0xb470e263cb90_7384 .array/port v0xb470e263cb90, 7384;
E_0xb470e2641e60/1847 .event anyedge, v0xb470e263cb90_7381, v0xb470e263cb90_7382, v0xb470e263cb90_7383, v0xb470e263cb90_7384;
v0xb470e263cb90_7385 .array/port v0xb470e263cb90, 7385;
v0xb470e263cb90_7386 .array/port v0xb470e263cb90, 7386;
v0xb470e263cb90_7387 .array/port v0xb470e263cb90, 7387;
v0xb470e263cb90_7388 .array/port v0xb470e263cb90, 7388;
E_0xb470e2641e60/1848 .event anyedge, v0xb470e263cb90_7385, v0xb470e263cb90_7386, v0xb470e263cb90_7387, v0xb470e263cb90_7388;
v0xb470e263cb90_7389 .array/port v0xb470e263cb90, 7389;
v0xb470e263cb90_7390 .array/port v0xb470e263cb90, 7390;
v0xb470e263cb90_7391 .array/port v0xb470e263cb90, 7391;
v0xb470e263cb90_7392 .array/port v0xb470e263cb90, 7392;
E_0xb470e2641e60/1849 .event anyedge, v0xb470e263cb90_7389, v0xb470e263cb90_7390, v0xb470e263cb90_7391, v0xb470e263cb90_7392;
v0xb470e263cb90_7393 .array/port v0xb470e263cb90, 7393;
v0xb470e263cb90_7394 .array/port v0xb470e263cb90, 7394;
v0xb470e263cb90_7395 .array/port v0xb470e263cb90, 7395;
v0xb470e263cb90_7396 .array/port v0xb470e263cb90, 7396;
E_0xb470e2641e60/1850 .event anyedge, v0xb470e263cb90_7393, v0xb470e263cb90_7394, v0xb470e263cb90_7395, v0xb470e263cb90_7396;
v0xb470e263cb90_7397 .array/port v0xb470e263cb90, 7397;
v0xb470e263cb90_7398 .array/port v0xb470e263cb90, 7398;
v0xb470e263cb90_7399 .array/port v0xb470e263cb90, 7399;
v0xb470e263cb90_7400 .array/port v0xb470e263cb90, 7400;
E_0xb470e2641e60/1851 .event anyedge, v0xb470e263cb90_7397, v0xb470e263cb90_7398, v0xb470e263cb90_7399, v0xb470e263cb90_7400;
v0xb470e263cb90_7401 .array/port v0xb470e263cb90, 7401;
v0xb470e263cb90_7402 .array/port v0xb470e263cb90, 7402;
v0xb470e263cb90_7403 .array/port v0xb470e263cb90, 7403;
v0xb470e263cb90_7404 .array/port v0xb470e263cb90, 7404;
E_0xb470e2641e60/1852 .event anyedge, v0xb470e263cb90_7401, v0xb470e263cb90_7402, v0xb470e263cb90_7403, v0xb470e263cb90_7404;
v0xb470e263cb90_7405 .array/port v0xb470e263cb90, 7405;
v0xb470e263cb90_7406 .array/port v0xb470e263cb90, 7406;
v0xb470e263cb90_7407 .array/port v0xb470e263cb90, 7407;
v0xb470e263cb90_7408 .array/port v0xb470e263cb90, 7408;
E_0xb470e2641e60/1853 .event anyedge, v0xb470e263cb90_7405, v0xb470e263cb90_7406, v0xb470e263cb90_7407, v0xb470e263cb90_7408;
v0xb470e263cb90_7409 .array/port v0xb470e263cb90, 7409;
v0xb470e263cb90_7410 .array/port v0xb470e263cb90, 7410;
v0xb470e263cb90_7411 .array/port v0xb470e263cb90, 7411;
v0xb470e263cb90_7412 .array/port v0xb470e263cb90, 7412;
E_0xb470e2641e60/1854 .event anyedge, v0xb470e263cb90_7409, v0xb470e263cb90_7410, v0xb470e263cb90_7411, v0xb470e263cb90_7412;
v0xb470e263cb90_7413 .array/port v0xb470e263cb90, 7413;
v0xb470e263cb90_7414 .array/port v0xb470e263cb90, 7414;
v0xb470e263cb90_7415 .array/port v0xb470e263cb90, 7415;
v0xb470e263cb90_7416 .array/port v0xb470e263cb90, 7416;
E_0xb470e2641e60/1855 .event anyedge, v0xb470e263cb90_7413, v0xb470e263cb90_7414, v0xb470e263cb90_7415, v0xb470e263cb90_7416;
v0xb470e263cb90_7417 .array/port v0xb470e263cb90, 7417;
v0xb470e263cb90_7418 .array/port v0xb470e263cb90, 7418;
v0xb470e263cb90_7419 .array/port v0xb470e263cb90, 7419;
v0xb470e263cb90_7420 .array/port v0xb470e263cb90, 7420;
E_0xb470e2641e60/1856 .event anyedge, v0xb470e263cb90_7417, v0xb470e263cb90_7418, v0xb470e263cb90_7419, v0xb470e263cb90_7420;
v0xb470e263cb90_7421 .array/port v0xb470e263cb90, 7421;
v0xb470e263cb90_7422 .array/port v0xb470e263cb90, 7422;
v0xb470e263cb90_7423 .array/port v0xb470e263cb90, 7423;
v0xb470e263cb90_7424 .array/port v0xb470e263cb90, 7424;
E_0xb470e2641e60/1857 .event anyedge, v0xb470e263cb90_7421, v0xb470e263cb90_7422, v0xb470e263cb90_7423, v0xb470e263cb90_7424;
v0xb470e263cb90_7425 .array/port v0xb470e263cb90, 7425;
v0xb470e263cb90_7426 .array/port v0xb470e263cb90, 7426;
v0xb470e263cb90_7427 .array/port v0xb470e263cb90, 7427;
v0xb470e263cb90_7428 .array/port v0xb470e263cb90, 7428;
E_0xb470e2641e60/1858 .event anyedge, v0xb470e263cb90_7425, v0xb470e263cb90_7426, v0xb470e263cb90_7427, v0xb470e263cb90_7428;
v0xb470e263cb90_7429 .array/port v0xb470e263cb90, 7429;
v0xb470e263cb90_7430 .array/port v0xb470e263cb90, 7430;
v0xb470e263cb90_7431 .array/port v0xb470e263cb90, 7431;
v0xb470e263cb90_7432 .array/port v0xb470e263cb90, 7432;
E_0xb470e2641e60/1859 .event anyedge, v0xb470e263cb90_7429, v0xb470e263cb90_7430, v0xb470e263cb90_7431, v0xb470e263cb90_7432;
v0xb470e263cb90_7433 .array/port v0xb470e263cb90, 7433;
v0xb470e263cb90_7434 .array/port v0xb470e263cb90, 7434;
v0xb470e263cb90_7435 .array/port v0xb470e263cb90, 7435;
v0xb470e263cb90_7436 .array/port v0xb470e263cb90, 7436;
E_0xb470e2641e60/1860 .event anyedge, v0xb470e263cb90_7433, v0xb470e263cb90_7434, v0xb470e263cb90_7435, v0xb470e263cb90_7436;
v0xb470e263cb90_7437 .array/port v0xb470e263cb90, 7437;
v0xb470e263cb90_7438 .array/port v0xb470e263cb90, 7438;
v0xb470e263cb90_7439 .array/port v0xb470e263cb90, 7439;
v0xb470e263cb90_7440 .array/port v0xb470e263cb90, 7440;
E_0xb470e2641e60/1861 .event anyedge, v0xb470e263cb90_7437, v0xb470e263cb90_7438, v0xb470e263cb90_7439, v0xb470e263cb90_7440;
v0xb470e263cb90_7441 .array/port v0xb470e263cb90, 7441;
v0xb470e263cb90_7442 .array/port v0xb470e263cb90, 7442;
v0xb470e263cb90_7443 .array/port v0xb470e263cb90, 7443;
v0xb470e263cb90_7444 .array/port v0xb470e263cb90, 7444;
E_0xb470e2641e60/1862 .event anyedge, v0xb470e263cb90_7441, v0xb470e263cb90_7442, v0xb470e263cb90_7443, v0xb470e263cb90_7444;
v0xb470e263cb90_7445 .array/port v0xb470e263cb90, 7445;
v0xb470e263cb90_7446 .array/port v0xb470e263cb90, 7446;
v0xb470e263cb90_7447 .array/port v0xb470e263cb90, 7447;
v0xb470e263cb90_7448 .array/port v0xb470e263cb90, 7448;
E_0xb470e2641e60/1863 .event anyedge, v0xb470e263cb90_7445, v0xb470e263cb90_7446, v0xb470e263cb90_7447, v0xb470e263cb90_7448;
v0xb470e263cb90_7449 .array/port v0xb470e263cb90, 7449;
v0xb470e263cb90_7450 .array/port v0xb470e263cb90, 7450;
v0xb470e263cb90_7451 .array/port v0xb470e263cb90, 7451;
v0xb470e263cb90_7452 .array/port v0xb470e263cb90, 7452;
E_0xb470e2641e60/1864 .event anyedge, v0xb470e263cb90_7449, v0xb470e263cb90_7450, v0xb470e263cb90_7451, v0xb470e263cb90_7452;
v0xb470e263cb90_7453 .array/port v0xb470e263cb90, 7453;
v0xb470e263cb90_7454 .array/port v0xb470e263cb90, 7454;
v0xb470e263cb90_7455 .array/port v0xb470e263cb90, 7455;
v0xb470e263cb90_7456 .array/port v0xb470e263cb90, 7456;
E_0xb470e2641e60/1865 .event anyedge, v0xb470e263cb90_7453, v0xb470e263cb90_7454, v0xb470e263cb90_7455, v0xb470e263cb90_7456;
v0xb470e263cb90_7457 .array/port v0xb470e263cb90, 7457;
v0xb470e263cb90_7458 .array/port v0xb470e263cb90, 7458;
v0xb470e263cb90_7459 .array/port v0xb470e263cb90, 7459;
v0xb470e263cb90_7460 .array/port v0xb470e263cb90, 7460;
E_0xb470e2641e60/1866 .event anyedge, v0xb470e263cb90_7457, v0xb470e263cb90_7458, v0xb470e263cb90_7459, v0xb470e263cb90_7460;
v0xb470e263cb90_7461 .array/port v0xb470e263cb90, 7461;
v0xb470e263cb90_7462 .array/port v0xb470e263cb90, 7462;
v0xb470e263cb90_7463 .array/port v0xb470e263cb90, 7463;
v0xb470e263cb90_7464 .array/port v0xb470e263cb90, 7464;
E_0xb470e2641e60/1867 .event anyedge, v0xb470e263cb90_7461, v0xb470e263cb90_7462, v0xb470e263cb90_7463, v0xb470e263cb90_7464;
v0xb470e263cb90_7465 .array/port v0xb470e263cb90, 7465;
v0xb470e263cb90_7466 .array/port v0xb470e263cb90, 7466;
v0xb470e263cb90_7467 .array/port v0xb470e263cb90, 7467;
v0xb470e263cb90_7468 .array/port v0xb470e263cb90, 7468;
E_0xb470e2641e60/1868 .event anyedge, v0xb470e263cb90_7465, v0xb470e263cb90_7466, v0xb470e263cb90_7467, v0xb470e263cb90_7468;
v0xb470e263cb90_7469 .array/port v0xb470e263cb90, 7469;
v0xb470e263cb90_7470 .array/port v0xb470e263cb90, 7470;
v0xb470e263cb90_7471 .array/port v0xb470e263cb90, 7471;
v0xb470e263cb90_7472 .array/port v0xb470e263cb90, 7472;
E_0xb470e2641e60/1869 .event anyedge, v0xb470e263cb90_7469, v0xb470e263cb90_7470, v0xb470e263cb90_7471, v0xb470e263cb90_7472;
v0xb470e263cb90_7473 .array/port v0xb470e263cb90, 7473;
v0xb470e263cb90_7474 .array/port v0xb470e263cb90, 7474;
v0xb470e263cb90_7475 .array/port v0xb470e263cb90, 7475;
v0xb470e263cb90_7476 .array/port v0xb470e263cb90, 7476;
E_0xb470e2641e60/1870 .event anyedge, v0xb470e263cb90_7473, v0xb470e263cb90_7474, v0xb470e263cb90_7475, v0xb470e263cb90_7476;
v0xb470e263cb90_7477 .array/port v0xb470e263cb90, 7477;
v0xb470e263cb90_7478 .array/port v0xb470e263cb90, 7478;
v0xb470e263cb90_7479 .array/port v0xb470e263cb90, 7479;
v0xb470e263cb90_7480 .array/port v0xb470e263cb90, 7480;
E_0xb470e2641e60/1871 .event anyedge, v0xb470e263cb90_7477, v0xb470e263cb90_7478, v0xb470e263cb90_7479, v0xb470e263cb90_7480;
v0xb470e263cb90_7481 .array/port v0xb470e263cb90, 7481;
v0xb470e263cb90_7482 .array/port v0xb470e263cb90, 7482;
v0xb470e263cb90_7483 .array/port v0xb470e263cb90, 7483;
v0xb470e263cb90_7484 .array/port v0xb470e263cb90, 7484;
E_0xb470e2641e60/1872 .event anyedge, v0xb470e263cb90_7481, v0xb470e263cb90_7482, v0xb470e263cb90_7483, v0xb470e263cb90_7484;
v0xb470e263cb90_7485 .array/port v0xb470e263cb90, 7485;
v0xb470e263cb90_7486 .array/port v0xb470e263cb90, 7486;
v0xb470e263cb90_7487 .array/port v0xb470e263cb90, 7487;
v0xb470e263cb90_7488 .array/port v0xb470e263cb90, 7488;
E_0xb470e2641e60/1873 .event anyedge, v0xb470e263cb90_7485, v0xb470e263cb90_7486, v0xb470e263cb90_7487, v0xb470e263cb90_7488;
v0xb470e263cb90_7489 .array/port v0xb470e263cb90, 7489;
v0xb470e263cb90_7490 .array/port v0xb470e263cb90, 7490;
v0xb470e263cb90_7491 .array/port v0xb470e263cb90, 7491;
v0xb470e263cb90_7492 .array/port v0xb470e263cb90, 7492;
E_0xb470e2641e60/1874 .event anyedge, v0xb470e263cb90_7489, v0xb470e263cb90_7490, v0xb470e263cb90_7491, v0xb470e263cb90_7492;
v0xb470e263cb90_7493 .array/port v0xb470e263cb90, 7493;
v0xb470e263cb90_7494 .array/port v0xb470e263cb90, 7494;
v0xb470e263cb90_7495 .array/port v0xb470e263cb90, 7495;
v0xb470e263cb90_7496 .array/port v0xb470e263cb90, 7496;
E_0xb470e2641e60/1875 .event anyedge, v0xb470e263cb90_7493, v0xb470e263cb90_7494, v0xb470e263cb90_7495, v0xb470e263cb90_7496;
v0xb470e263cb90_7497 .array/port v0xb470e263cb90, 7497;
v0xb470e263cb90_7498 .array/port v0xb470e263cb90, 7498;
v0xb470e263cb90_7499 .array/port v0xb470e263cb90, 7499;
v0xb470e263cb90_7500 .array/port v0xb470e263cb90, 7500;
E_0xb470e2641e60/1876 .event anyedge, v0xb470e263cb90_7497, v0xb470e263cb90_7498, v0xb470e263cb90_7499, v0xb470e263cb90_7500;
v0xb470e263cb90_7501 .array/port v0xb470e263cb90, 7501;
v0xb470e263cb90_7502 .array/port v0xb470e263cb90, 7502;
v0xb470e263cb90_7503 .array/port v0xb470e263cb90, 7503;
v0xb470e263cb90_7504 .array/port v0xb470e263cb90, 7504;
E_0xb470e2641e60/1877 .event anyedge, v0xb470e263cb90_7501, v0xb470e263cb90_7502, v0xb470e263cb90_7503, v0xb470e263cb90_7504;
v0xb470e263cb90_7505 .array/port v0xb470e263cb90, 7505;
v0xb470e263cb90_7506 .array/port v0xb470e263cb90, 7506;
v0xb470e263cb90_7507 .array/port v0xb470e263cb90, 7507;
v0xb470e263cb90_7508 .array/port v0xb470e263cb90, 7508;
E_0xb470e2641e60/1878 .event anyedge, v0xb470e263cb90_7505, v0xb470e263cb90_7506, v0xb470e263cb90_7507, v0xb470e263cb90_7508;
v0xb470e263cb90_7509 .array/port v0xb470e263cb90, 7509;
v0xb470e263cb90_7510 .array/port v0xb470e263cb90, 7510;
v0xb470e263cb90_7511 .array/port v0xb470e263cb90, 7511;
v0xb470e263cb90_7512 .array/port v0xb470e263cb90, 7512;
E_0xb470e2641e60/1879 .event anyedge, v0xb470e263cb90_7509, v0xb470e263cb90_7510, v0xb470e263cb90_7511, v0xb470e263cb90_7512;
v0xb470e263cb90_7513 .array/port v0xb470e263cb90, 7513;
v0xb470e263cb90_7514 .array/port v0xb470e263cb90, 7514;
v0xb470e263cb90_7515 .array/port v0xb470e263cb90, 7515;
v0xb470e263cb90_7516 .array/port v0xb470e263cb90, 7516;
E_0xb470e2641e60/1880 .event anyedge, v0xb470e263cb90_7513, v0xb470e263cb90_7514, v0xb470e263cb90_7515, v0xb470e263cb90_7516;
v0xb470e263cb90_7517 .array/port v0xb470e263cb90, 7517;
v0xb470e263cb90_7518 .array/port v0xb470e263cb90, 7518;
v0xb470e263cb90_7519 .array/port v0xb470e263cb90, 7519;
v0xb470e263cb90_7520 .array/port v0xb470e263cb90, 7520;
E_0xb470e2641e60/1881 .event anyedge, v0xb470e263cb90_7517, v0xb470e263cb90_7518, v0xb470e263cb90_7519, v0xb470e263cb90_7520;
v0xb470e263cb90_7521 .array/port v0xb470e263cb90, 7521;
v0xb470e263cb90_7522 .array/port v0xb470e263cb90, 7522;
v0xb470e263cb90_7523 .array/port v0xb470e263cb90, 7523;
v0xb470e263cb90_7524 .array/port v0xb470e263cb90, 7524;
E_0xb470e2641e60/1882 .event anyedge, v0xb470e263cb90_7521, v0xb470e263cb90_7522, v0xb470e263cb90_7523, v0xb470e263cb90_7524;
v0xb470e263cb90_7525 .array/port v0xb470e263cb90, 7525;
v0xb470e263cb90_7526 .array/port v0xb470e263cb90, 7526;
v0xb470e263cb90_7527 .array/port v0xb470e263cb90, 7527;
v0xb470e263cb90_7528 .array/port v0xb470e263cb90, 7528;
E_0xb470e2641e60/1883 .event anyedge, v0xb470e263cb90_7525, v0xb470e263cb90_7526, v0xb470e263cb90_7527, v0xb470e263cb90_7528;
v0xb470e263cb90_7529 .array/port v0xb470e263cb90, 7529;
v0xb470e263cb90_7530 .array/port v0xb470e263cb90, 7530;
v0xb470e263cb90_7531 .array/port v0xb470e263cb90, 7531;
v0xb470e263cb90_7532 .array/port v0xb470e263cb90, 7532;
E_0xb470e2641e60/1884 .event anyedge, v0xb470e263cb90_7529, v0xb470e263cb90_7530, v0xb470e263cb90_7531, v0xb470e263cb90_7532;
v0xb470e263cb90_7533 .array/port v0xb470e263cb90, 7533;
v0xb470e263cb90_7534 .array/port v0xb470e263cb90, 7534;
v0xb470e263cb90_7535 .array/port v0xb470e263cb90, 7535;
v0xb470e263cb90_7536 .array/port v0xb470e263cb90, 7536;
E_0xb470e2641e60/1885 .event anyedge, v0xb470e263cb90_7533, v0xb470e263cb90_7534, v0xb470e263cb90_7535, v0xb470e263cb90_7536;
v0xb470e263cb90_7537 .array/port v0xb470e263cb90, 7537;
v0xb470e263cb90_7538 .array/port v0xb470e263cb90, 7538;
v0xb470e263cb90_7539 .array/port v0xb470e263cb90, 7539;
v0xb470e263cb90_7540 .array/port v0xb470e263cb90, 7540;
E_0xb470e2641e60/1886 .event anyedge, v0xb470e263cb90_7537, v0xb470e263cb90_7538, v0xb470e263cb90_7539, v0xb470e263cb90_7540;
v0xb470e263cb90_7541 .array/port v0xb470e263cb90, 7541;
v0xb470e263cb90_7542 .array/port v0xb470e263cb90, 7542;
v0xb470e263cb90_7543 .array/port v0xb470e263cb90, 7543;
v0xb470e263cb90_7544 .array/port v0xb470e263cb90, 7544;
E_0xb470e2641e60/1887 .event anyedge, v0xb470e263cb90_7541, v0xb470e263cb90_7542, v0xb470e263cb90_7543, v0xb470e263cb90_7544;
v0xb470e263cb90_7545 .array/port v0xb470e263cb90, 7545;
v0xb470e263cb90_7546 .array/port v0xb470e263cb90, 7546;
v0xb470e263cb90_7547 .array/port v0xb470e263cb90, 7547;
v0xb470e263cb90_7548 .array/port v0xb470e263cb90, 7548;
E_0xb470e2641e60/1888 .event anyedge, v0xb470e263cb90_7545, v0xb470e263cb90_7546, v0xb470e263cb90_7547, v0xb470e263cb90_7548;
v0xb470e263cb90_7549 .array/port v0xb470e263cb90, 7549;
v0xb470e263cb90_7550 .array/port v0xb470e263cb90, 7550;
v0xb470e263cb90_7551 .array/port v0xb470e263cb90, 7551;
v0xb470e263cb90_7552 .array/port v0xb470e263cb90, 7552;
E_0xb470e2641e60/1889 .event anyedge, v0xb470e263cb90_7549, v0xb470e263cb90_7550, v0xb470e263cb90_7551, v0xb470e263cb90_7552;
v0xb470e263cb90_7553 .array/port v0xb470e263cb90, 7553;
v0xb470e263cb90_7554 .array/port v0xb470e263cb90, 7554;
v0xb470e263cb90_7555 .array/port v0xb470e263cb90, 7555;
v0xb470e263cb90_7556 .array/port v0xb470e263cb90, 7556;
E_0xb470e2641e60/1890 .event anyedge, v0xb470e263cb90_7553, v0xb470e263cb90_7554, v0xb470e263cb90_7555, v0xb470e263cb90_7556;
v0xb470e263cb90_7557 .array/port v0xb470e263cb90, 7557;
v0xb470e263cb90_7558 .array/port v0xb470e263cb90, 7558;
v0xb470e263cb90_7559 .array/port v0xb470e263cb90, 7559;
v0xb470e263cb90_7560 .array/port v0xb470e263cb90, 7560;
E_0xb470e2641e60/1891 .event anyedge, v0xb470e263cb90_7557, v0xb470e263cb90_7558, v0xb470e263cb90_7559, v0xb470e263cb90_7560;
v0xb470e263cb90_7561 .array/port v0xb470e263cb90, 7561;
v0xb470e263cb90_7562 .array/port v0xb470e263cb90, 7562;
v0xb470e263cb90_7563 .array/port v0xb470e263cb90, 7563;
v0xb470e263cb90_7564 .array/port v0xb470e263cb90, 7564;
E_0xb470e2641e60/1892 .event anyedge, v0xb470e263cb90_7561, v0xb470e263cb90_7562, v0xb470e263cb90_7563, v0xb470e263cb90_7564;
v0xb470e263cb90_7565 .array/port v0xb470e263cb90, 7565;
v0xb470e263cb90_7566 .array/port v0xb470e263cb90, 7566;
v0xb470e263cb90_7567 .array/port v0xb470e263cb90, 7567;
v0xb470e263cb90_7568 .array/port v0xb470e263cb90, 7568;
E_0xb470e2641e60/1893 .event anyedge, v0xb470e263cb90_7565, v0xb470e263cb90_7566, v0xb470e263cb90_7567, v0xb470e263cb90_7568;
v0xb470e263cb90_7569 .array/port v0xb470e263cb90, 7569;
v0xb470e263cb90_7570 .array/port v0xb470e263cb90, 7570;
v0xb470e263cb90_7571 .array/port v0xb470e263cb90, 7571;
v0xb470e263cb90_7572 .array/port v0xb470e263cb90, 7572;
E_0xb470e2641e60/1894 .event anyedge, v0xb470e263cb90_7569, v0xb470e263cb90_7570, v0xb470e263cb90_7571, v0xb470e263cb90_7572;
v0xb470e263cb90_7573 .array/port v0xb470e263cb90, 7573;
v0xb470e263cb90_7574 .array/port v0xb470e263cb90, 7574;
v0xb470e263cb90_7575 .array/port v0xb470e263cb90, 7575;
v0xb470e263cb90_7576 .array/port v0xb470e263cb90, 7576;
E_0xb470e2641e60/1895 .event anyedge, v0xb470e263cb90_7573, v0xb470e263cb90_7574, v0xb470e263cb90_7575, v0xb470e263cb90_7576;
v0xb470e263cb90_7577 .array/port v0xb470e263cb90, 7577;
v0xb470e263cb90_7578 .array/port v0xb470e263cb90, 7578;
v0xb470e263cb90_7579 .array/port v0xb470e263cb90, 7579;
v0xb470e263cb90_7580 .array/port v0xb470e263cb90, 7580;
E_0xb470e2641e60/1896 .event anyedge, v0xb470e263cb90_7577, v0xb470e263cb90_7578, v0xb470e263cb90_7579, v0xb470e263cb90_7580;
v0xb470e263cb90_7581 .array/port v0xb470e263cb90, 7581;
v0xb470e263cb90_7582 .array/port v0xb470e263cb90, 7582;
v0xb470e263cb90_7583 .array/port v0xb470e263cb90, 7583;
v0xb470e263cb90_7584 .array/port v0xb470e263cb90, 7584;
E_0xb470e2641e60/1897 .event anyedge, v0xb470e263cb90_7581, v0xb470e263cb90_7582, v0xb470e263cb90_7583, v0xb470e263cb90_7584;
v0xb470e263cb90_7585 .array/port v0xb470e263cb90, 7585;
v0xb470e263cb90_7586 .array/port v0xb470e263cb90, 7586;
v0xb470e263cb90_7587 .array/port v0xb470e263cb90, 7587;
v0xb470e263cb90_7588 .array/port v0xb470e263cb90, 7588;
E_0xb470e2641e60/1898 .event anyedge, v0xb470e263cb90_7585, v0xb470e263cb90_7586, v0xb470e263cb90_7587, v0xb470e263cb90_7588;
v0xb470e263cb90_7589 .array/port v0xb470e263cb90, 7589;
v0xb470e263cb90_7590 .array/port v0xb470e263cb90, 7590;
v0xb470e263cb90_7591 .array/port v0xb470e263cb90, 7591;
v0xb470e263cb90_7592 .array/port v0xb470e263cb90, 7592;
E_0xb470e2641e60/1899 .event anyedge, v0xb470e263cb90_7589, v0xb470e263cb90_7590, v0xb470e263cb90_7591, v0xb470e263cb90_7592;
v0xb470e263cb90_7593 .array/port v0xb470e263cb90, 7593;
v0xb470e263cb90_7594 .array/port v0xb470e263cb90, 7594;
v0xb470e263cb90_7595 .array/port v0xb470e263cb90, 7595;
v0xb470e263cb90_7596 .array/port v0xb470e263cb90, 7596;
E_0xb470e2641e60/1900 .event anyedge, v0xb470e263cb90_7593, v0xb470e263cb90_7594, v0xb470e263cb90_7595, v0xb470e263cb90_7596;
v0xb470e263cb90_7597 .array/port v0xb470e263cb90, 7597;
v0xb470e263cb90_7598 .array/port v0xb470e263cb90, 7598;
v0xb470e263cb90_7599 .array/port v0xb470e263cb90, 7599;
v0xb470e263cb90_7600 .array/port v0xb470e263cb90, 7600;
E_0xb470e2641e60/1901 .event anyedge, v0xb470e263cb90_7597, v0xb470e263cb90_7598, v0xb470e263cb90_7599, v0xb470e263cb90_7600;
v0xb470e263cb90_7601 .array/port v0xb470e263cb90, 7601;
v0xb470e263cb90_7602 .array/port v0xb470e263cb90, 7602;
v0xb470e263cb90_7603 .array/port v0xb470e263cb90, 7603;
v0xb470e263cb90_7604 .array/port v0xb470e263cb90, 7604;
E_0xb470e2641e60/1902 .event anyedge, v0xb470e263cb90_7601, v0xb470e263cb90_7602, v0xb470e263cb90_7603, v0xb470e263cb90_7604;
v0xb470e263cb90_7605 .array/port v0xb470e263cb90, 7605;
v0xb470e263cb90_7606 .array/port v0xb470e263cb90, 7606;
v0xb470e263cb90_7607 .array/port v0xb470e263cb90, 7607;
v0xb470e263cb90_7608 .array/port v0xb470e263cb90, 7608;
E_0xb470e2641e60/1903 .event anyedge, v0xb470e263cb90_7605, v0xb470e263cb90_7606, v0xb470e263cb90_7607, v0xb470e263cb90_7608;
v0xb470e263cb90_7609 .array/port v0xb470e263cb90, 7609;
v0xb470e263cb90_7610 .array/port v0xb470e263cb90, 7610;
v0xb470e263cb90_7611 .array/port v0xb470e263cb90, 7611;
v0xb470e263cb90_7612 .array/port v0xb470e263cb90, 7612;
E_0xb470e2641e60/1904 .event anyedge, v0xb470e263cb90_7609, v0xb470e263cb90_7610, v0xb470e263cb90_7611, v0xb470e263cb90_7612;
v0xb470e263cb90_7613 .array/port v0xb470e263cb90, 7613;
v0xb470e263cb90_7614 .array/port v0xb470e263cb90, 7614;
v0xb470e263cb90_7615 .array/port v0xb470e263cb90, 7615;
v0xb470e263cb90_7616 .array/port v0xb470e263cb90, 7616;
E_0xb470e2641e60/1905 .event anyedge, v0xb470e263cb90_7613, v0xb470e263cb90_7614, v0xb470e263cb90_7615, v0xb470e263cb90_7616;
v0xb470e263cb90_7617 .array/port v0xb470e263cb90, 7617;
v0xb470e263cb90_7618 .array/port v0xb470e263cb90, 7618;
v0xb470e263cb90_7619 .array/port v0xb470e263cb90, 7619;
v0xb470e263cb90_7620 .array/port v0xb470e263cb90, 7620;
E_0xb470e2641e60/1906 .event anyedge, v0xb470e263cb90_7617, v0xb470e263cb90_7618, v0xb470e263cb90_7619, v0xb470e263cb90_7620;
v0xb470e263cb90_7621 .array/port v0xb470e263cb90, 7621;
v0xb470e263cb90_7622 .array/port v0xb470e263cb90, 7622;
v0xb470e263cb90_7623 .array/port v0xb470e263cb90, 7623;
v0xb470e263cb90_7624 .array/port v0xb470e263cb90, 7624;
E_0xb470e2641e60/1907 .event anyedge, v0xb470e263cb90_7621, v0xb470e263cb90_7622, v0xb470e263cb90_7623, v0xb470e263cb90_7624;
v0xb470e263cb90_7625 .array/port v0xb470e263cb90, 7625;
v0xb470e263cb90_7626 .array/port v0xb470e263cb90, 7626;
v0xb470e263cb90_7627 .array/port v0xb470e263cb90, 7627;
v0xb470e263cb90_7628 .array/port v0xb470e263cb90, 7628;
E_0xb470e2641e60/1908 .event anyedge, v0xb470e263cb90_7625, v0xb470e263cb90_7626, v0xb470e263cb90_7627, v0xb470e263cb90_7628;
v0xb470e263cb90_7629 .array/port v0xb470e263cb90, 7629;
v0xb470e263cb90_7630 .array/port v0xb470e263cb90, 7630;
v0xb470e263cb90_7631 .array/port v0xb470e263cb90, 7631;
v0xb470e263cb90_7632 .array/port v0xb470e263cb90, 7632;
E_0xb470e2641e60/1909 .event anyedge, v0xb470e263cb90_7629, v0xb470e263cb90_7630, v0xb470e263cb90_7631, v0xb470e263cb90_7632;
v0xb470e263cb90_7633 .array/port v0xb470e263cb90, 7633;
v0xb470e263cb90_7634 .array/port v0xb470e263cb90, 7634;
v0xb470e263cb90_7635 .array/port v0xb470e263cb90, 7635;
v0xb470e263cb90_7636 .array/port v0xb470e263cb90, 7636;
E_0xb470e2641e60/1910 .event anyedge, v0xb470e263cb90_7633, v0xb470e263cb90_7634, v0xb470e263cb90_7635, v0xb470e263cb90_7636;
v0xb470e263cb90_7637 .array/port v0xb470e263cb90, 7637;
v0xb470e263cb90_7638 .array/port v0xb470e263cb90, 7638;
v0xb470e263cb90_7639 .array/port v0xb470e263cb90, 7639;
v0xb470e263cb90_7640 .array/port v0xb470e263cb90, 7640;
E_0xb470e2641e60/1911 .event anyedge, v0xb470e263cb90_7637, v0xb470e263cb90_7638, v0xb470e263cb90_7639, v0xb470e263cb90_7640;
v0xb470e263cb90_7641 .array/port v0xb470e263cb90, 7641;
v0xb470e263cb90_7642 .array/port v0xb470e263cb90, 7642;
v0xb470e263cb90_7643 .array/port v0xb470e263cb90, 7643;
v0xb470e263cb90_7644 .array/port v0xb470e263cb90, 7644;
E_0xb470e2641e60/1912 .event anyedge, v0xb470e263cb90_7641, v0xb470e263cb90_7642, v0xb470e263cb90_7643, v0xb470e263cb90_7644;
v0xb470e263cb90_7645 .array/port v0xb470e263cb90, 7645;
v0xb470e263cb90_7646 .array/port v0xb470e263cb90, 7646;
v0xb470e263cb90_7647 .array/port v0xb470e263cb90, 7647;
v0xb470e263cb90_7648 .array/port v0xb470e263cb90, 7648;
E_0xb470e2641e60/1913 .event anyedge, v0xb470e263cb90_7645, v0xb470e263cb90_7646, v0xb470e263cb90_7647, v0xb470e263cb90_7648;
v0xb470e263cb90_7649 .array/port v0xb470e263cb90, 7649;
v0xb470e263cb90_7650 .array/port v0xb470e263cb90, 7650;
v0xb470e263cb90_7651 .array/port v0xb470e263cb90, 7651;
v0xb470e263cb90_7652 .array/port v0xb470e263cb90, 7652;
E_0xb470e2641e60/1914 .event anyedge, v0xb470e263cb90_7649, v0xb470e263cb90_7650, v0xb470e263cb90_7651, v0xb470e263cb90_7652;
v0xb470e263cb90_7653 .array/port v0xb470e263cb90, 7653;
v0xb470e263cb90_7654 .array/port v0xb470e263cb90, 7654;
v0xb470e263cb90_7655 .array/port v0xb470e263cb90, 7655;
v0xb470e263cb90_7656 .array/port v0xb470e263cb90, 7656;
E_0xb470e2641e60/1915 .event anyedge, v0xb470e263cb90_7653, v0xb470e263cb90_7654, v0xb470e263cb90_7655, v0xb470e263cb90_7656;
v0xb470e263cb90_7657 .array/port v0xb470e263cb90, 7657;
v0xb470e263cb90_7658 .array/port v0xb470e263cb90, 7658;
v0xb470e263cb90_7659 .array/port v0xb470e263cb90, 7659;
v0xb470e263cb90_7660 .array/port v0xb470e263cb90, 7660;
E_0xb470e2641e60/1916 .event anyedge, v0xb470e263cb90_7657, v0xb470e263cb90_7658, v0xb470e263cb90_7659, v0xb470e263cb90_7660;
v0xb470e263cb90_7661 .array/port v0xb470e263cb90, 7661;
v0xb470e263cb90_7662 .array/port v0xb470e263cb90, 7662;
v0xb470e263cb90_7663 .array/port v0xb470e263cb90, 7663;
v0xb470e263cb90_7664 .array/port v0xb470e263cb90, 7664;
E_0xb470e2641e60/1917 .event anyedge, v0xb470e263cb90_7661, v0xb470e263cb90_7662, v0xb470e263cb90_7663, v0xb470e263cb90_7664;
v0xb470e263cb90_7665 .array/port v0xb470e263cb90, 7665;
v0xb470e263cb90_7666 .array/port v0xb470e263cb90, 7666;
v0xb470e263cb90_7667 .array/port v0xb470e263cb90, 7667;
v0xb470e263cb90_7668 .array/port v0xb470e263cb90, 7668;
E_0xb470e2641e60/1918 .event anyedge, v0xb470e263cb90_7665, v0xb470e263cb90_7666, v0xb470e263cb90_7667, v0xb470e263cb90_7668;
v0xb470e263cb90_7669 .array/port v0xb470e263cb90, 7669;
v0xb470e263cb90_7670 .array/port v0xb470e263cb90, 7670;
v0xb470e263cb90_7671 .array/port v0xb470e263cb90, 7671;
v0xb470e263cb90_7672 .array/port v0xb470e263cb90, 7672;
E_0xb470e2641e60/1919 .event anyedge, v0xb470e263cb90_7669, v0xb470e263cb90_7670, v0xb470e263cb90_7671, v0xb470e263cb90_7672;
v0xb470e263cb90_7673 .array/port v0xb470e263cb90, 7673;
v0xb470e263cb90_7674 .array/port v0xb470e263cb90, 7674;
v0xb470e263cb90_7675 .array/port v0xb470e263cb90, 7675;
v0xb470e263cb90_7676 .array/port v0xb470e263cb90, 7676;
E_0xb470e2641e60/1920 .event anyedge, v0xb470e263cb90_7673, v0xb470e263cb90_7674, v0xb470e263cb90_7675, v0xb470e263cb90_7676;
v0xb470e263cb90_7677 .array/port v0xb470e263cb90, 7677;
v0xb470e263cb90_7678 .array/port v0xb470e263cb90, 7678;
v0xb470e263cb90_7679 .array/port v0xb470e263cb90, 7679;
v0xb470e263cb90_7680 .array/port v0xb470e263cb90, 7680;
E_0xb470e2641e60/1921 .event anyedge, v0xb470e263cb90_7677, v0xb470e263cb90_7678, v0xb470e263cb90_7679, v0xb470e263cb90_7680;
v0xb470e263cb90_7681 .array/port v0xb470e263cb90, 7681;
v0xb470e263cb90_7682 .array/port v0xb470e263cb90, 7682;
v0xb470e263cb90_7683 .array/port v0xb470e263cb90, 7683;
v0xb470e263cb90_7684 .array/port v0xb470e263cb90, 7684;
E_0xb470e2641e60/1922 .event anyedge, v0xb470e263cb90_7681, v0xb470e263cb90_7682, v0xb470e263cb90_7683, v0xb470e263cb90_7684;
v0xb470e263cb90_7685 .array/port v0xb470e263cb90, 7685;
v0xb470e263cb90_7686 .array/port v0xb470e263cb90, 7686;
v0xb470e263cb90_7687 .array/port v0xb470e263cb90, 7687;
v0xb470e263cb90_7688 .array/port v0xb470e263cb90, 7688;
E_0xb470e2641e60/1923 .event anyedge, v0xb470e263cb90_7685, v0xb470e263cb90_7686, v0xb470e263cb90_7687, v0xb470e263cb90_7688;
v0xb470e263cb90_7689 .array/port v0xb470e263cb90, 7689;
v0xb470e263cb90_7690 .array/port v0xb470e263cb90, 7690;
v0xb470e263cb90_7691 .array/port v0xb470e263cb90, 7691;
v0xb470e263cb90_7692 .array/port v0xb470e263cb90, 7692;
E_0xb470e2641e60/1924 .event anyedge, v0xb470e263cb90_7689, v0xb470e263cb90_7690, v0xb470e263cb90_7691, v0xb470e263cb90_7692;
v0xb470e263cb90_7693 .array/port v0xb470e263cb90, 7693;
v0xb470e263cb90_7694 .array/port v0xb470e263cb90, 7694;
v0xb470e263cb90_7695 .array/port v0xb470e263cb90, 7695;
v0xb470e263cb90_7696 .array/port v0xb470e263cb90, 7696;
E_0xb470e2641e60/1925 .event anyedge, v0xb470e263cb90_7693, v0xb470e263cb90_7694, v0xb470e263cb90_7695, v0xb470e263cb90_7696;
v0xb470e263cb90_7697 .array/port v0xb470e263cb90, 7697;
v0xb470e263cb90_7698 .array/port v0xb470e263cb90, 7698;
v0xb470e263cb90_7699 .array/port v0xb470e263cb90, 7699;
v0xb470e263cb90_7700 .array/port v0xb470e263cb90, 7700;
E_0xb470e2641e60/1926 .event anyedge, v0xb470e263cb90_7697, v0xb470e263cb90_7698, v0xb470e263cb90_7699, v0xb470e263cb90_7700;
v0xb470e263cb90_7701 .array/port v0xb470e263cb90, 7701;
v0xb470e263cb90_7702 .array/port v0xb470e263cb90, 7702;
v0xb470e263cb90_7703 .array/port v0xb470e263cb90, 7703;
v0xb470e263cb90_7704 .array/port v0xb470e263cb90, 7704;
E_0xb470e2641e60/1927 .event anyedge, v0xb470e263cb90_7701, v0xb470e263cb90_7702, v0xb470e263cb90_7703, v0xb470e263cb90_7704;
v0xb470e263cb90_7705 .array/port v0xb470e263cb90, 7705;
v0xb470e263cb90_7706 .array/port v0xb470e263cb90, 7706;
v0xb470e263cb90_7707 .array/port v0xb470e263cb90, 7707;
v0xb470e263cb90_7708 .array/port v0xb470e263cb90, 7708;
E_0xb470e2641e60/1928 .event anyedge, v0xb470e263cb90_7705, v0xb470e263cb90_7706, v0xb470e263cb90_7707, v0xb470e263cb90_7708;
v0xb470e263cb90_7709 .array/port v0xb470e263cb90, 7709;
v0xb470e263cb90_7710 .array/port v0xb470e263cb90, 7710;
v0xb470e263cb90_7711 .array/port v0xb470e263cb90, 7711;
v0xb470e263cb90_7712 .array/port v0xb470e263cb90, 7712;
E_0xb470e2641e60/1929 .event anyedge, v0xb470e263cb90_7709, v0xb470e263cb90_7710, v0xb470e263cb90_7711, v0xb470e263cb90_7712;
v0xb470e263cb90_7713 .array/port v0xb470e263cb90, 7713;
v0xb470e263cb90_7714 .array/port v0xb470e263cb90, 7714;
v0xb470e263cb90_7715 .array/port v0xb470e263cb90, 7715;
v0xb470e263cb90_7716 .array/port v0xb470e263cb90, 7716;
E_0xb470e2641e60/1930 .event anyedge, v0xb470e263cb90_7713, v0xb470e263cb90_7714, v0xb470e263cb90_7715, v0xb470e263cb90_7716;
v0xb470e263cb90_7717 .array/port v0xb470e263cb90, 7717;
v0xb470e263cb90_7718 .array/port v0xb470e263cb90, 7718;
v0xb470e263cb90_7719 .array/port v0xb470e263cb90, 7719;
v0xb470e263cb90_7720 .array/port v0xb470e263cb90, 7720;
E_0xb470e2641e60/1931 .event anyedge, v0xb470e263cb90_7717, v0xb470e263cb90_7718, v0xb470e263cb90_7719, v0xb470e263cb90_7720;
v0xb470e263cb90_7721 .array/port v0xb470e263cb90, 7721;
v0xb470e263cb90_7722 .array/port v0xb470e263cb90, 7722;
v0xb470e263cb90_7723 .array/port v0xb470e263cb90, 7723;
v0xb470e263cb90_7724 .array/port v0xb470e263cb90, 7724;
E_0xb470e2641e60/1932 .event anyedge, v0xb470e263cb90_7721, v0xb470e263cb90_7722, v0xb470e263cb90_7723, v0xb470e263cb90_7724;
v0xb470e263cb90_7725 .array/port v0xb470e263cb90, 7725;
v0xb470e263cb90_7726 .array/port v0xb470e263cb90, 7726;
v0xb470e263cb90_7727 .array/port v0xb470e263cb90, 7727;
v0xb470e263cb90_7728 .array/port v0xb470e263cb90, 7728;
E_0xb470e2641e60/1933 .event anyedge, v0xb470e263cb90_7725, v0xb470e263cb90_7726, v0xb470e263cb90_7727, v0xb470e263cb90_7728;
v0xb470e263cb90_7729 .array/port v0xb470e263cb90, 7729;
v0xb470e263cb90_7730 .array/port v0xb470e263cb90, 7730;
v0xb470e263cb90_7731 .array/port v0xb470e263cb90, 7731;
v0xb470e263cb90_7732 .array/port v0xb470e263cb90, 7732;
E_0xb470e2641e60/1934 .event anyedge, v0xb470e263cb90_7729, v0xb470e263cb90_7730, v0xb470e263cb90_7731, v0xb470e263cb90_7732;
v0xb470e263cb90_7733 .array/port v0xb470e263cb90, 7733;
v0xb470e263cb90_7734 .array/port v0xb470e263cb90, 7734;
v0xb470e263cb90_7735 .array/port v0xb470e263cb90, 7735;
v0xb470e263cb90_7736 .array/port v0xb470e263cb90, 7736;
E_0xb470e2641e60/1935 .event anyedge, v0xb470e263cb90_7733, v0xb470e263cb90_7734, v0xb470e263cb90_7735, v0xb470e263cb90_7736;
v0xb470e263cb90_7737 .array/port v0xb470e263cb90, 7737;
v0xb470e263cb90_7738 .array/port v0xb470e263cb90, 7738;
v0xb470e263cb90_7739 .array/port v0xb470e263cb90, 7739;
v0xb470e263cb90_7740 .array/port v0xb470e263cb90, 7740;
E_0xb470e2641e60/1936 .event anyedge, v0xb470e263cb90_7737, v0xb470e263cb90_7738, v0xb470e263cb90_7739, v0xb470e263cb90_7740;
v0xb470e263cb90_7741 .array/port v0xb470e263cb90, 7741;
v0xb470e263cb90_7742 .array/port v0xb470e263cb90, 7742;
v0xb470e263cb90_7743 .array/port v0xb470e263cb90, 7743;
v0xb470e263cb90_7744 .array/port v0xb470e263cb90, 7744;
E_0xb470e2641e60/1937 .event anyedge, v0xb470e263cb90_7741, v0xb470e263cb90_7742, v0xb470e263cb90_7743, v0xb470e263cb90_7744;
v0xb470e263cb90_7745 .array/port v0xb470e263cb90, 7745;
v0xb470e263cb90_7746 .array/port v0xb470e263cb90, 7746;
v0xb470e263cb90_7747 .array/port v0xb470e263cb90, 7747;
v0xb470e263cb90_7748 .array/port v0xb470e263cb90, 7748;
E_0xb470e2641e60/1938 .event anyedge, v0xb470e263cb90_7745, v0xb470e263cb90_7746, v0xb470e263cb90_7747, v0xb470e263cb90_7748;
v0xb470e263cb90_7749 .array/port v0xb470e263cb90, 7749;
v0xb470e263cb90_7750 .array/port v0xb470e263cb90, 7750;
v0xb470e263cb90_7751 .array/port v0xb470e263cb90, 7751;
v0xb470e263cb90_7752 .array/port v0xb470e263cb90, 7752;
E_0xb470e2641e60/1939 .event anyedge, v0xb470e263cb90_7749, v0xb470e263cb90_7750, v0xb470e263cb90_7751, v0xb470e263cb90_7752;
v0xb470e263cb90_7753 .array/port v0xb470e263cb90, 7753;
v0xb470e263cb90_7754 .array/port v0xb470e263cb90, 7754;
v0xb470e263cb90_7755 .array/port v0xb470e263cb90, 7755;
v0xb470e263cb90_7756 .array/port v0xb470e263cb90, 7756;
E_0xb470e2641e60/1940 .event anyedge, v0xb470e263cb90_7753, v0xb470e263cb90_7754, v0xb470e263cb90_7755, v0xb470e263cb90_7756;
v0xb470e263cb90_7757 .array/port v0xb470e263cb90, 7757;
v0xb470e263cb90_7758 .array/port v0xb470e263cb90, 7758;
v0xb470e263cb90_7759 .array/port v0xb470e263cb90, 7759;
v0xb470e263cb90_7760 .array/port v0xb470e263cb90, 7760;
E_0xb470e2641e60/1941 .event anyedge, v0xb470e263cb90_7757, v0xb470e263cb90_7758, v0xb470e263cb90_7759, v0xb470e263cb90_7760;
v0xb470e263cb90_7761 .array/port v0xb470e263cb90, 7761;
v0xb470e263cb90_7762 .array/port v0xb470e263cb90, 7762;
v0xb470e263cb90_7763 .array/port v0xb470e263cb90, 7763;
v0xb470e263cb90_7764 .array/port v0xb470e263cb90, 7764;
E_0xb470e2641e60/1942 .event anyedge, v0xb470e263cb90_7761, v0xb470e263cb90_7762, v0xb470e263cb90_7763, v0xb470e263cb90_7764;
v0xb470e263cb90_7765 .array/port v0xb470e263cb90, 7765;
v0xb470e263cb90_7766 .array/port v0xb470e263cb90, 7766;
v0xb470e263cb90_7767 .array/port v0xb470e263cb90, 7767;
v0xb470e263cb90_7768 .array/port v0xb470e263cb90, 7768;
E_0xb470e2641e60/1943 .event anyedge, v0xb470e263cb90_7765, v0xb470e263cb90_7766, v0xb470e263cb90_7767, v0xb470e263cb90_7768;
v0xb470e263cb90_7769 .array/port v0xb470e263cb90, 7769;
v0xb470e263cb90_7770 .array/port v0xb470e263cb90, 7770;
v0xb470e263cb90_7771 .array/port v0xb470e263cb90, 7771;
v0xb470e263cb90_7772 .array/port v0xb470e263cb90, 7772;
E_0xb470e2641e60/1944 .event anyedge, v0xb470e263cb90_7769, v0xb470e263cb90_7770, v0xb470e263cb90_7771, v0xb470e263cb90_7772;
v0xb470e263cb90_7773 .array/port v0xb470e263cb90, 7773;
v0xb470e263cb90_7774 .array/port v0xb470e263cb90, 7774;
v0xb470e263cb90_7775 .array/port v0xb470e263cb90, 7775;
v0xb470e263cb90_7776 .array/port v0xb470e263cb90, 7776;
E_0xb470e2641e60/1945 .event anyedge, v0xb470e263cb90_7773, v0xb470e263cb90_7774, v0xb470e263cb90_7775, v0xb470e263cb90_7776;
v0xb470e263cb90_7777 .array/port v0xb470e263cb90, 7777;
v0xb470e263cb90_7778 .array/port v0xb470e263cb90, 7778;
v0xb470e263cb90_7779 .array/port v0xb470e263cb90, 7779;
v0xb470e263cb90_7780 .array/port v0xb470e263cb90, 7780;
E_0xb470e2641e60/1946 .event anyedge, v0xb470e263cb90_7777, v0xb470e263cb90_7778, v0xb470e263cb90_7779, v0xb470e263cb90_7780;
v0xb470e263cb90_7781 .array/port v0xb470e263cb90, 7781;
v0xb470e263cb90_7782 .array/port v0xb470e263cb90, 7782;
v0xb470e263cb90_7783 .array/port v0xb470e263cb90, 7783;
v0xb470e263cb90_7784 .array/port v0xb470e263cb90, 7784;
E_0xb470e2641e60/1947 .event anyedge, v0xb470e263cb90_7781, v0xb470e263cb90_7782, v0xb470e263cb90_7783, v0xb470e263cb90_7784;
v0xb470e263cb90_7785 .array/port v0xb470e263cb90, 7785;
v0xb470e263cb90_7786 .array/port v0xb470e263cb90, 7786;
v0xb470e263cb90_7787 .array/port v0xb470e263cb90, 7787;
v0xb470e263cb90_7788 .array/port v0xb470e263cb90, 7788;
E_0xb470e2641e60/1948 .event anyedge, v0xb470e263cb90_7785, v0xb470e263cb90_7786, v0xb470e263cb90_7787, v0xb470e263cb90_7788;
v0xb470e263cb90_7789 .array/port v0xb470e263cb90, 7789;
v0xb470e263cb90_7790 .array/port v0xb470e263cb90, 7790;
v0xb470e263cb90_7791 .array/port v0xb470e263cb90, 7791;
v0xb470e263cb90_7792 .array/port v0xb470e263cb90, 7792;
E_0xb470e2641e60/1949 .event anyedge, v0xb470e263cb90_7789, v0xb470e263cb90_7790, v0xb470e263cb90_7791, v0xb470e263cb90_7792;
v0xb470e263cb90_7793 .array/port v0xb470e263cb90, 7793;
v0xb470e263cb90_7794 .array/port v0xb470e263cb90, 7794;
v0xb470e263cb90_7795 .array/port v0xb470e263cb90, 7795;
v0xb470e263cb90_7796 .array/port v0xb470e263cb90, 7796;
E_0xb470e2641e60/1950 .event anyedge, v0xb470e263cb90_7793, v0xb470e263cb90_7794, v0xb470e263cb90_7795, v0xb470e263cb90_7796;
v0xb470e263cb90_7797 .array/port v0xb470e263cb90, 7797;
v0xb470e263cb90_7798 .array/port v0xb470e263cb90, 7798;
v0xb470e263cb90_7799 .array/port v0xb470e263cb90, 7799;
v0xb470e263cb90_7800 .array/port v0xb470e263cb90, 7800;
E_0xb470e2641e60/1951 .event anyedge, v0xb470e263cb90_7797, v0xb470e263cb90_7798, v0xb470e263cb90_7799, v0xb470e263cb90_7800;
v0xb470e263cb90_7801 .array/port v0xb470e263cb90, 7801;
v0xb470e263cb90_7802 .array/port v0xb470e263cb90, 7802;
v0xb470e263cb90_7803 .array/port v0xb470e263cb90, 7803;
v0xb470e263cb90_7804 .array/port v0xb470e263cb90, 7804;
E_0xb470e2641e60/1952 .event anyedge, v0xb470e263cb90_7801, v0xb470e263cb90_7802, v0xb470e263cb90_7803, v0xb470e263cb90_7804;
v0xb470e263cb90_7805 .array/port v0xb470e263cb90, 7805;
v0xb470e263cb90_7806 .array/port v0xb470e263cb90, 7806;
v0xb470e263cb90_7807 .array/port v0xb470e263cb90, 7807;
v0xb470e263cb90_7808 .array/port v0xb470e263cb90, 7808;
E_0xb470e2641e60/1953 .event anyedge, v0xb470e263cb90_7805, v0xb470e263cb90_7806, v0xb470e263cb90_7807, v0xb470e263cb90_7808;
v0xb470e263cb90_7809 .array/port v0xb470e263cb90, 7809;
v0xb470e263cb90_7810 .array/port v0xb470e263cb90, 7810;
v0xb470e263cb90_7811 .array/port v0xb470e263cb90, 7811;
v0xb470e263cb90_7812 .array/port v0xb470e263cb90, 7812;
E_0xb470e2641e60/1954 .event anyedge, v0xb470e263cb90_7809, v0xb470e263cb90_7810, v0xb470e263cb90_7811, v0xb470e263cb90_7812;
v0xb470e263cb90_7813 .array/port v0xb470e263cb90, 7813;
v0xb470e263cb90_7814 .array/port v0xb470e263cb90, 7814;
v0xb470e263cb90_7815 .array/port v0xb470e263cb90, 7815;
v0xb470e263cb90_7816 .array/port v0xb470e263cb90, 7816;
E_0xb470e2641e60/1955 .event anyedge, v0xb470e263cb90_7813, v0xb470e263cb90_7814, v0xb470e263cb90_7815, v0xb470e263cb90_7816;
v0xb470e263cb90_7817 .array/port v0xb470e263cb90, 7817;
v0xb470e263cb90_7818 .array/port v0xb470e263cb90, 7818;
v0xb470e263cb90_7819 .array/port v0xb470e263cb90, 7819;
v0xb470e263cb90_7820 .array/port v0xb470e263cb90, 7820;
E_0xb470e2641e60/1956 .event anyedge, v0xb470e263cb90_7817, v0xb470e263cb90_7818, v0xb470e263cb90_7819, v0xb470e263cb90_7820;
v0xb470e263cb90_7821 .array/port v0xb470e263cb90, 7821;
v0xb470e263cb90_7822 .array/port v0xb470e263cb90, 7822;
v0xb470e263cb90_7823 .array/port v0xb470e263cb90, 7823;
v0xb470e263cb90_7824 .array/port v0xb470e263cb90, 7824;
E_0xb470e2641e60/1957 .event anyedge, v0xb470e263cb90_7821, v0xb470e263cb90_7822, v0xb470e263cb90_7823, v0xb470e263cb90_7824;
v0xb470e263cb90_7825 .array/port v0xb470e263cb90, 7825;
v0xb470e263cb90_7826 .array/port v0xb470e263cb90, 7826;
v0xb470e263cb90_7827 .array/port v0xb470e263cb90, 7827;
v0xb470e263cb90_7828 .array/port v0xb470e263cb90, 7828;
E_0xb470e2641e60/1958 .event anyedge, v0xb470e263cb90_7825, v0xb470e263cb90_7826, v0xb470e263cb90_7827, v0xb470e263cb90_7828;
v0xb470e263cb90_7829 .array/port v0xb470e263cb90, 7829;
v0xb470e263cb90_7830 .array/port v0xb470e263cb90, 7830;
v0xb470e263cb90_7831 .array/port v0xb470e263cb90, 7831;
v0xb470e263cb90_7832 .array/port v0xb470e263cb90, 7832;
E_0xb470e2641e60/1959 .event anyedge, v0xb470e263cb90_7829, v0xb470e263cb90_7830, v0xb470e263cb90_7831, v0xb470e263cb90_7832;
v0xb470e263cb90_7833 .array/port v0xb470e263cb90, 7833;
v0xb470e263cb90_7834 .array/port v0xb470e263cb90, 7834;
v0xb470e263cb90_7835 .array/port v0xb470e263cb90, 7835;
v0xb470e263cb90_7836 .array/port v0xb470e263cb90, 7836;
E_0xb470e2641e60/1960 .event anyedge, v0xb470e263cb90_7833, v0xb470e263cb90_7834, v0xb470e263cb90_7835, v0xb470e263cb90_7836;
v0xb470e263cb90_7837 .array/port v0xb470e263cb90, 7837;
v0xb470e263cb90_7838 .array/port v0xb470e263cb90, 7838;
v0xb470e263cb90_7839 .array/port v0xb470e263cb90, 7839;
v0xb470e263cb90_7840 .array/port v0xb470e263cb90, 7840;
E_0xb470e2641e60/1961 .event anyedge, v0xb470e263cb90_7837, v0xb470e263cb90_7838, v0xb470e263cb90_7839, v0xb470e263cb90_7840;
v0xb470e263cb90_7841 .array/port v0xb470e263cb90, 7841;
v0xb470e263cb90_7842 .array/port v0xb470e263cb90, 7842;
v0xb470e263cb90_7843 .array/port v0xb470e263cb90, 7843;
v0xb470e263cb90_7844 .array/port v0xb470e263cb90, 7844;
E_0xb470e2641e60/1962 .event anyedge, v0xb470e263cb90_7841, v0xb470e263cb90_7842, v0xb470e263cb90_7843, v0xb470e263cb90_7844;
v0xb470e263cb90_7845 .array/port v0xb470e263cb90, 7845;
v0xb470e263cb90_7846 .array/port v0xb470e263cb90, 7846;
v0xb470e263cb90_7847 .array/port v0xb470e263cb90, 7847;
v0xb470e263cb90_7848 .array/port v0xb470e263cb90, 7848;
E_0xb470e2641e60/1963 .event anyedge, v0xb470e263cb90_7845, v0xb470e263cb90_7846, v0xb470e263cb90_7847, v0xb470e263cb90_7848;
v0xb470e263cb90_7849 .array/port v0xb470e263cb90, 7849;
v0xb470e263cb90_7850 .array/port v0xb470e263cb90, 7850;
v0xb470e263cb90_7851 .array/port v0xb470e263cb90, 7851;
v0xb470e263cb90_7852 .array/port v0xb470e263cb90, 7852;
E_0xb470e2641e60/1964 .event anyedge, v0xb470e263cb90_7849, v0xb470e263cb90_7850, v0xb470e263cb90_7851, v0xb470e263cb90_7852;
v0xb470e263cb90_7853 .array/port v0xb470e263cb90, 7853;
v0xb470e263cb90_7854 .array/port v0xb470e263cb90, 7854;
v0xb470e263cb90_7855 .array/port v0xb470e263cb90, 7855;
v0xb470e263cb90_7856 .array/port v0xb470e263cb90, 7856;
E_0xb470e2641e60/1965 .event anyedge, v0xb470e263cb90_7853, v0xb470e263cb90_7854, v0xb470e263cb90_7855, v0xb470e263cb90_7856;
v0xb470e263cb90_7857 .array/port v0xb470e263cb90, 7857;
v0xb470e263cb90_7858 .array/port v0xb470e263cb90, 7858;
v0xb470e263cb90_7859 .array/port v0xb470e263cb90, 7859;
v0xb470e263cb90_7860 .array/port v0xb470e263cb90, 7860;
E_0xb470e2641e60/1966 .event anyedge, v0xb470e263cb90_7857, v0xb470e263cb90_7858, v0xb470e263cb90_7859, v0xb470e263cb90_7860;
v0xb470e263cb90_7861 .array/port v0xb470e263cb90, 7861;
v0xb470e263cb90_7862 .array/port v0xb470e263cb90, 7862;
v0xb470e263cb90_7863 .array/port v0xb470e263cb90, 7863;
v0xb470e263cb90_7864 .array/port v0xb470e263cb90, 7864;
E_0xb470e2641e60/1967 .event anyedge, v0xb470e263cb90_7861, v0xb470e263cb90_7862, v0xb470e263cb90_7863, v0xb470e263cb90_7864;
v0xb470e263cb90_7865 .array/port v0xb470e263cb90, 7865;
v0xb470e263cb90_7866 .array/port v0xb470e263cb90, 7866;
v0xb470e263cb90_7867 .array/port v0xb470e263cb90, 7867;
v0xb470e263cb90_7868 .array/port v0xb470e263cb90, 7868;
E_0xb470e2641e60/1968 .event anyedge, v0xb470e263cb90_7865, v0xb470e263cb90_7866, v0xb470e263cb90_7867, v0xb470e263cb90_7868;
v0xb470e263cb90_7869 .array/port v0xb470e263cb90, 7869;
v0xb470e263cb90_7870 .array/port v0xb470e263cb90, 7870;
v0xb470e263cb90_7871 .array/port v0xb470e263cb90, 7871;
v0xb470e263cb90_7872 .array/port v0xb470e263cb90, 7872;
E_0xb470e2641e60/1969 .event anyedge, v0xb470e263cb90_7869, v0xb470e263cb90_7870, v0xb470e263cb90_7871, v0xb470e263cb90_7872;
v0xb470e263cb90_7873 .array/port v0xb470e263cb90, 7873;
v0xb470e263cb90_7874 .array/port v0xb470e263cb90, 7874;
v0xb470e263cb90_7875 .array/port v0xb470e263cb90, 7875;
v0xb470e263cb90_7876 .array/port v0xb470e263cb90, 7876;
E_0xb470e2641e60/1970 .event anyedge, v0xb470e263cb90_7873, v0xb470e263cb90_7874, v0xb470e263cb90_7875, v0xb470e263cb90_7876;
v0xb470e263cb90_7877 .array/port v0xb470e263cb90, 7877;
v0xb470e263cb90_7878 .array/port v0xb470e263cb90, 7878;
v0xb470e263cb90_7879 .array/port v0xb470e263cb90, 7879;
v0xb470e263cb90_7880 .array/port v0xb470e263cb90, 7880;
E_0xb470e2641e60/1971 .event anyedge, v0xb470e263cb90_7877, v0xb470e263cb90_7878, v0xb470e263cb90_7879, v0xb470e263cb90_7880;
v0xb470e263cb90_7881 .array/port v0xb470e263cb90, 7881;
v0xb470e263cb90_7882 .array/port v0xb470e263cb90, 7882;
v0xb470e263cb90_7883 .array/port v0xb470e263cb90, 7883;
v0xb470e263cb90_7884 .array/port v0xb470e263cb90, 7884;
E_0xb470e2641e60/1972 .event anyedge, v0xb470e263cb90_7881, v0xb470e263cb90_7882, v0xb470e263cb90_7883, v0xb470e263cb90_7884;
v0xb470e263cb90_7885 .array/port v0xb470e263cb90, 7885;
v0xb470e263cb90_7886 .array/port v0xb470e263cb90, 7886;
v0xb470e263cb90_7887 .array/port v0xb470e263cb90, 7887;
v0xb470e263cb90_7888 .array/port v0xb470e263cb90, 7888;
E_0xb470e2641e60/1973 .event anyedge, v0xb470e263cb90_7885, v0xb470e263cb90_7886, v0xb470e263cb90_7887, v0xb470e263cb90_7888;
v0xb470e263cb90_7889 .array/port v0xb470e263cb90, 7889;
v0xb470e263cb90_7890 .array/port v0xb470e263cb90, 7890;
v0xb470e263cb90_7891 .array/port v0xb470e263cb90, 7891;
v0xb470e263cb90_7892 .array/port v0xb470e263cb90, 7892;
E_0xb470e2641e60/1974 .event anyedge, v0xb470e263cb90_7889, v0xb470e263cb90_7890, v0xb470e263cb90_7891, v0xb470e263cb90_7892;
v0xb470e263cb90_7893 .array/port v0xb470e263cb90, 7893;
v0xb470e263cb90_7894 .array/port v0xb470e263cb90, 7894;
v0xb470e263cb90_7895 .array/port v0xb470e263cb90, 7895;
v0xb470e263cb90_7896 .array/port v0xb470e263cb90, 7896;
E_0xb470e2641e60/1975 .event anyedge, v0xb470e263cb90_7893, v0xb470e263cb90_7894, v0xb470e263cb90_7895, v0xb470e263cb90_7896;
v0xb470e263cb90_7897 .array/port v0xb470e263cb90, 7897;
v0xb470e263cb90_7898 .array/port v0xb470e263cb90, 7898;
v0xb470e263cb90_7899 .array/port v0xb470e263cb90, 7899;
v0xb470e263cb90_7900 .array/port v0xb470e263cb90, 7900;
E_0xb470e2641e60/1976 .event anyedge, v0xb470e263cb90_7897, v0xb470e263cb90_7898, v0xb470e263cb90_7899, v0xb470e263cb90_7900;
v0xb470e263cb90_7901 .array/port v0xb470e263cb90, 7901;
v0xb470e263cb90_7902 .array/port v0xb470e263cb90, 7902;
v0xb470e263cb90_7903 .array/port v0xb470e263cb90, 7903;
v0xb470e263cb90_7904 .array/port v0xb470e263cb90, 7904;
E_0xb470e2641e60/1977 .event anyedge, v0xb470e263cb90_7901, v0xb470e263cb90_7902, v0xb470e263cb90_7903, v0xb470e263cb90_7904;
v0xb470e263cb90_7905 .array/port v0xb470e263cb90, 7905;
v0xb470e263cb90_7906 .array/port v0xb470e263cb90, 7906;
v0xb470e263cb90_7907 .array/port v0xb470e263cb90, 7907;
v0xb470e263cb90_7908 .array/port v0xb470e263cb90, 7908;
E_0xb470e2641e60/1978 .event anyedge, v0xb470e263cb90_7905, v0xb470e263cb90_7906, v0xb470e263cb90_7907, v0xb470e263cb90_7908;
v0xb470e263cb90_7909 .array/port v0xb470e263cb90, 7909;
v0xb470e263cb90_7910 .array/port v0xb470e263cb90, 7910;
v0xb470e263cb90_7911 .array/port v0xb470e263cb90, 7911;
v0xb470e263cb90_7912 .array/port v0xb470e263cb90, 7912;
E_0xb470e2641e60/1979 .event anyedge, v0xb470e263cb90_7909, v0xb470e263cb90_7910, v0xb470e263cb90_7911, v0xb470e263cb90_7912;
v0xb470e263cb90_7913 .array/port v0xb470e263cb90, 7913;
v0xb470e263cb90_7914 .array/port v0xb470e263cb90, 7914;
v0xb470e263cb90_7915 .array/port v0xb470e263cb90, 7915;
v0xb470e263cb90_7916 .array/port v0xb470e263cb90, 7916;
E_0xb470e2641e60/1980 .event anyedge, v0xb470e263cb90_7913, v0xb470e263cb90_7914, v0xb470e263cb90_7915, v0xb470e263cb90_7916;
v0xb470e263cb90_7917 .array/port v0xb470e263cb90, 7917;
v0xb470e263cb90_7918 .array/port v0xb470e263cb90, 7918;
v0xb470e263cb90_7919 .array/port v0xb470e263cb90, 7919;
v0xb470e263cb90_7920 .array/port v0xb470e263cb90, 7920;
E_0xb470e2641e60/1981 .event anyedge, v0xb470e263cb90_7917, v0xb470e263cb90_7918, v0xb470e263cb90_7919, v0xb470e263cb90_7920;
v0xb470e263cb90_7921 .array/port v0xb470e263cb90, 7921;
v0xb470e263cb90_7922 .array/port v0xb470e263cb90, 7922;
v0xb470e263cb90_7923 .array/port v0xb470e263cb90, 7923;
v0xb470e263cb90_7924 .array/port v0xb470e263cb90, 7924;
E_0xb470e2641e60/1982 .event anyedge, v0xb470e263cb90_7921, v0xb470e263cb90_7922, v0xb470e263cb90_7923, v0xb470e263cb90_7924;
v0xb470e263cb90_7925 .array/port v0xb470e263cb90, 7925;
v0xb470e263cb90_7926 .array/port v0xb470e263cb90, 7926;
v0xb470e263cb90_7927 .array/port v0xb470e263cb90, 7927;
v0xb470e263cb90_7928 .array/port v0xb470e263cb90, 7928;
E_0xb470e2641e60/1983 .event anyedge, v0xb470e263cb90_7925, v0xb470e263cb90_7926, v0xb470e263cb90_7927, v0xb470e263cb90_7928;
v0xb470e263cb90_7929 .array/port v0xb470e263cb90, 7929;
v0xb470e263cb90_7930 .array/port v0xb470e263cb90, 7930;
v0xb470e263cb90_7931 .array/port v0xb470e263cb90, 7931;
v0xb470e263cb90_7932 .array/port v0xb470e263cb90, 7932;
E_0xb470e2641e60/1984 .event anyedge, v0xb470e263cb90_7929, v0xb470e263cb90_7930, v0xb470e263cb90_7931, v0xb470e263cb90_7932;
v0xb470e263cb90_7933 .array/port v0xb470e263cb90, 7933;
v0xb470e263cb90_7934 .array/port v0xb470e263cb90, 7934;
v0xb470e263cb90_7935 .array/port v0xb470e263cb90, 7935;
v0xb470e263cb90_7936 .array/port v0xb470e263cb90, 7936;
E_0xb470e2641e60/1985 .event anyedge, v0xb470e263cb90_7933, v0xb470e263cb90_7934, v0xb470e263cb90_7935, v0xb470e263cb90_7936;
v0xb470e263cb90_7937 .array/port v0xb470e263cb90, 7937;
v0xb470e263cb90_7938 .array/port v0xb470e263cb90, 7938;
v0xb470e263cb90_7939 .array/port v0xb470e263cb90, 7939;
v0xb470e263cb90_7940 .array/port v0xb470e263cb90, 7940;
E_0xb470e2641e60/1986 .event anyedge, v0xb470e263cb90_7937, v0xb470e263cb90_7938, v0xb470e263cb90_7939, v0xb470e263cb90_7940;
v0xb470e263cb90_7941 .array/port v0xb470e263cb90, 7941;
v0xb470e263cb90_7942 .array/port v0xb470e263cb90, 7942;
v0xb470e263cb90_7943 .array/port v0xb470e263cb90, 7943;
v0xb470e263cb90_7944 .array/port v0xb470e263cb90, 7944;
E_0xb470e2641e60/1987 .event anyedge, v0xb470e263cb90_7941, v0xb470e263cb90_7942, v0xb470e263cb90_7943, v0xb470e263cb90_7944;
v0xb470e263cb90_7945 .array/port v0xb470e263cb90, 7945;
v0xb470e263cb90_7946 .array/port v0xb470e263cb90, 7946;
v0xb470e263cb90_7947 .array/port v0xb470e263cb90, 7947;
v0xb470e263cb90_7948 .array/port v0xb470e263cb90, 7948;
E_0xb470e2641e60/1988 .event anyedge, v0xb470e263cb90_7945, v0xb470e263cb90_7946, v0xb470e263cb90_7947, v0xb470e263cb90_7948;
v0xb470e263cb90_7949 .array/port v0xb470e263cb90, 7949;
v0xb470e263cb90_7950 .array/port v0xb470e263cb90, 7950;
v0xb470e263cb90_7951 .array/port v0xb470e263cb90, 7951;
v0xb470e263cb90_7952 .array/port v0xb470e263cb90, 7952;
E_0xb470e2641e60/1989 .event anyedge, v0xb470e263cb90_7949, v0xb470e263cb90_7950, v0xb470e263cb90_7951, v0xb470e263cb90_7952;
v0xb470e263cb90_7953 .array/port v0xb470e263cb90, 7953;
v0xb470e263cb90_7954 .array/port v0xb470e263cb90, 7954;
v0xb470e263cb90_7955 .array/port v0xb470e263cb90, 7955;
v0xb470e263cb90_7956 .array/port v0xb470e263cb90, 7956;
E_0xb470e2641e60/1990 .event anyedge, v0xb470e263cb90_7953, v0xb470e263cb90_7954, v0xb470e263cb90_7955, v0xb470e263cb90_7956;
v0xb470e263cb90_7957 .array/port v0xb470e263cb90, 7957;
v0xb470e263cb90_7958 .array/port v0xb470e263cb90, 7958;
v0xb470e263cb90_7959 .array/port v0xb470e263cb90, 7959;
v0xb470e263cb90_7960 .array/port v0xb470e263cb90, 7960;
E_0xb470e2641e60/1991 .event anyedge, v0xb470e263cb90_7957, v0xb470e263cb90_7958, v0xb470e263cb90_7959, v0xb470e263cb90_7960;
v0xb470e263cb90_7961 .array/port v0xb470e263cb90, 7961;
v0xb470e263cb90_7962 .array/port v0xb470e263cb90, 7962;
v0xb470e263cb90_7963 .array/port v0xb470e263cb90, 7963;
v0xb470e263cb90_7964 .array/port v0xb470e263cb90, 7964;
E_0xb470e2641e60/1992 .event anyedge, v0xb470e263cb90_7961, v0xb470e263cb90_7962, v0xb470e263cb90_7963, v0xb470e263cb90_7964;
v0xb470e263cb90_7965 .array/port v0xb470e263cb90, 7965;
v0xb470e263cb90_7966 .array/port v0xb470e263cb90, 7966;
v0xb470e263cb90_7967 .array/port v0xb470e263cb90, 7967;
v0xb470e263cb90_7968 .array/port v0xb470e263cb90, 7968;
E_0xb470e2641e60/1993 .event anyedge, v0xb470e263cb90_7965, v0xb470e263cb90_7966, v0xb470e263cb90_7967, v0xb470e263cb90_7968;
v0xb470e263cb90_7969 .array/port v0xb470e263cb90, 7969;
v0xb470e263cb90_7970 .array/port v0xb470e263cb90, 7970;
v0xb470e263cb90_7971 .array/port v0xb470e263cb90, 7971;
v0xb470e263cb90_7972 .array/port v0xb470e263cb90, 7972;
E_0xb470e2641e60/1994 .event anyedge, v0xb470e263cb90_7969, v0xb470e263cb90_7970, v0xb470e263cb90_7971, v0xb470e263cb90_7972;
v0xb470e263cb90_7973 .array/port v0xb470e263cb90, 7973;
v0xb470e263cb90_7974 .array/port v0xb470e263cb90, 7974;
v0xb470e263cb90_7975 .array/port v0xb470e263cb90, 7975;
v0xb470e263cb90_7976 .array/port v0xb470e263cb90, 7976;
E_0xb470e2641e60/1995 .event anyedge, v0xb470e263cb90_7973, v0xb470e263cb90_7974, v0xb470e263cb90_7975, v0xb470e263cb90_7976;
v0xb470e263cb90_7977 .array/port v0xb470e263cb90, 7977;
v0xb470e263cb90_7978 .array/port v0xb470e263cb90, 7978;
v0xb470e263cb90_7979 .array/port v0xb470e263cb90, 7979;
v0xb470e263cb90_7980 .array/port v0xb470e263cb90, 7980;
E_0xb470e2641e60/1996 .event anyedge, v0xb470e263cb90_7977, v0xb470e263cb90_7978, v0xb470e263cb90_7979, v0xb470e263cb90_7980;
v0xb470e263cb90_7981 .array/port v0xb470e263cb90, 7981;
v0xb470e263cb90_7982 .array/port v0xb470e263cb90, 7982;
v0xb470e263cb90_7983 .array/port v0xb470e263cb90, 7983;
v0xb470e263cb90_7984 .array/port v0xb470e263cb90, 7984;
E_0xb470e2641e60/1997 .event anyedge, v0xb470e263cb90_7981, v0xb470e263cb90_7982, v0xb470e263cb90_7983, v0xb470e263cb90_7984;
v0xb470e263cb90_7985 .array/port v0xb470e263cb90, 7985;
v0xb470e263cb90_7986 .array/port v0xb470e263cb90, 7986;
v0xb470e263cb90_7987 .array/port v0xb470e263cb90, 7987;
v0xb470e263cb90_7988 .array/port v0xb470e263cb90, 7988;
E_0xb470e2641e60/1998 .event anyedge, v0xb470e263cb90_7985, v0xb470e263cb90_7986, v0xb470e263cb90_7987, v0xb470e263cb90_7988;
v0xb470e263cb90_7989 .array/port v0xb470e263cb90, 7989;
v0xb470e263cb90_7990 .array/port v0xb470e263cb90, 7990;
v0xb470e263cb90_7991 .array/port v0xb470e263cb90, 7991;
v0xb470e263cb90_7992 .array/port v0xb470e263cb90, 7992;
E_0xb470e2641e60/1999 .event anyedge, v0xb470e263cb90_7989, v0xb470e263cb90_7990, v0xb470e263cb90_7991, v0xb470e263cb90_7992;
v0xb470e263cb90_7993 .array/port v0xb470e263cb90, 7993;
v0xb470e263cb90_7994 .array/port v0xb470e263cb90, 7994;
v0xb470e263cb90_7995 .array/port v0xb470e263cb90, 7995;
v0xb470e263cb90_7996 .array/port v0xb470e263cb90, 7996;
E_0xb470e2641e60/2000 .event anyedge, v0xb470e263cb90_7993, v0xb470e263cb90_7994, v0xb470e263cb90_7995, v0xb470e263cb90_7996;
v0xb470e263cb90_7997 .array/port v0xb470e263cb90, 7997;
v0xb470e263cb90_7998 .array/port v0xb470e263cb90, 7998;
v0xb470e263cb90_7999 .array/port v0xb470e263cb90, 7999;
v0xb470e263cb90_8000 .array/port v0xb470e263cb90, 8000;
E_0xb470e2641e60/2001 .event anyedge, v0xb470e263cb90_7997, v0xb470e263cb90_7998, v0xb470e263cb90_7999, v0xb470e263cb90_8000;
v0xb470e263cb90_8001 .array/port v0xb470e263cb90, 8001;
v0xb470e263cb90_8002 .array/port v0xb470e263cb90, 8002;
v0xb470e263cb90_8003 .array/port v0xb470e263cb90, 8003;
v0xb470e263cb90_8004 .array/port v0xb470e263cb90, 8004;
E_0xb470e2641e60/2002 .event anyedge, v0xb470e263cb90_8001, v0xb470e263cb90_8002, v0xb470e263cb90_8003, v0xb470e263cb90_8004;
v0xb470e263cb90_8005 .array/port v0xb470e263cb90, 8005;
v0xb470e263cb90_8006 .array/port v0xb470e263cb90, 8006;
v0xb470e263cb90_8007 .array/port v0xb470e263cb90, 8007;
v0xb470e263cb90_8008 .array/port v0xb470e263cb90, 8008;
E_0xb470e2641e60/2003 .event anyedge, v0xb470e263cb90_8005, v0xb470e263cb90_8006, v0xb470e263cb90_8007, v0xb470e263cb90_8008;
v0xb470e263cb90_8009 .array/port v0xb470e263cb90, 8009;
v0xb470e263cb90_8010 .array/port v0xb470e263cb90, 8010;
v0xb470e263cb90_8011 .array/port v0xb470e263cb90, 8011;
v0xb470e263cb90_8012 .array/port v0xb470e263cb90, 8012;
E_0xb470e2641e60/2004 .event anyedge, v0xb470e263cb90_8009, v0xb470e263cb90_8010, v0xb470e263cb90_8011, v0xb470e263cb90_8012;
v0xb470e263cb90_8013 .array/port v0xb470e263cb90, 8013;
v0xb470e263cb90_8014 .array/port v0xb470e263cb90, 8014;
v0xb470e263cb90_8015 .array/port v0xb470e263cb90, 8015;
v0xb470e263cb90_8016 .array/port v0xb470e263cb90, 8016;
E_0xb470e2641e60/2005 .event anyedge, v0xb470e263cb90_8013, v0xb470e263cb90_8014, v0xb470e263cb90_8015, v0xb470e263cb90_8016;
v0xb470e263cb90_8017 .array/port v0xb470e263cb90, 8017;
v0xb470e263cb90_8018 .array/port v0xb470e263cb90, 8018;
v0xb470e263cb90_8019 .array/port v0xb470e263cb90, 8019;
v0xb470e263cb90_8020 .array/port v0xb470e263cb90, 8020;
E_0xb470e2641e60/2006 .event anyedge, v0xb470e263cb90_8017, v0xb470e263cb90_8018, v0xb470e263cb90_8019, v0xb470e263cb90_8020;
v0xb470e263cb90_8021 .array/port v0xb470e263cb90, 8021;
v0xb470e263cb90_8022 .array/port v0xb470e263cb90, 8022;
v0xb470e263cb90_8023 .array/port v0xb470e263cb90, 8023;
v0xb470e263cb90_8024 .array/port v0xb470e263cb90, 8024;
E_0xb470e2641e60/2007 .event anyedge, v0xb470e263cb90_8021, v0xb470e263cb90_8022, v0xb470e263cb90_8023, v0xb470e263cb90_8024;
v0xb470e263cb90_8025 .array/port v0xb470e263cb90, 8025;
v0xb470e263cb90_8026 .array/port v0xb470e263cb90, 8026;
v0xb470e263cb90_8027 .array/port v0xb470e263cb90, 8027;
v0xb470e263cb90_8028 .array/port v0xb470e263cb90, 8028;
E_0xb470e2641e60/2008 .event anyedge, v0xb470e263cb90_8025, v0xb470e263cb90_8026, v0xb470e263cb90_8027, v0xb470e263cb90_8028;
v0xb470e263cb90_8029 .array/port v0xb470e263cb90, 8029;
v0xb470e263cb90_8030 .array/port v0xb470e263cb90, 8030;
v0xb470e263cb90_8031 .array/port v0xb470e263cb90, 8031;
v0xb470e263cb90_8032 .array/port v0xb470e263cb90, 8032;
E_0xb470e2641e60/2009 .event anyedge, v0xb470e263cb90_8029, v0xb470e263cb90_8030, v0xb470e263cb90_8031, v0xb470e263cb90_8032;
v0xb470e263cb90_8033 .array/port v0xb470e263cb90, 8033;
v0xb470e263cb90_8034 .array/port v0xb470e263cb90, 8034;
v0xb470e263cb90_8035 .array/port v0xb470e263cb90, 8035;
v0xb470e263cb90_8036 .array/port v0xb470e263cb90, 8036;
E_0xb470e2641e60/2010 .event anyedge, v0xb470e263cb90_8033, v0xb470e263cb90_8034, v0xb470e263cb90_8035, v0xb470e263cb90_8036;
v0xb470e263cb90_8037 .array/port v0xb470e263cb90, 8037;
v0xb470e263cb90_8038 .array/port v0xb470e263cb90, 8038;
v0xb470e263cb90_8039 .array/port v0xb470e263cb90, 8039;
v0xb470e263cb90_8040 .array/port v0xb470e263cb90, 8040;
E_0xb470e2641e60/2011 .event anyedge, v0xb470e263cb90_8037, v0xb470e263cb90_8038, v0xb470e263cb90_8039, v0xb470e263cb90_8040;
v0xb470e263cb90_8041 .array/port v0xb470e263cb90, 8041;
v0xb470e263cb90_8042 .array/port v0xb470e263cb90, 8042;
v0xb470e263cb90_8043 .array/port v0xb470e263cb90, 8043;
v0xb470e263cb90_8044 .array/port v0xb470e263cb90, 8044;
E_0xb470e2641e60/2012 .event anyedge, v0xb470e263cb90_8041, v0xb470e263cb90_8042, v0xb470e263cb90_8043, v0xb470e263cb90_8044;
v0xb470e263cb90_8045 .array/port v0xb470e263cb90, 8045;
v0xb470e263cb90_8046 .array/port v0xb470e263cb90, 8046;
v0xb470e263cb90_8047 .array/port v0xb470e263cb90, 8047;
v0xb470e263cb90_8048 .array/port v0xb470e263cb90, 8048;
E_0xb470e2641e60/2013 .event anyedge, v0xb470e263cb90_8045, v0xb470e263cb90_8046, v0xb470e263cb90_8047, v0xb470e263cb90_8048;
v0xb470e263cb90_8049 .array/port v0xb470e263cb90, 8049;
v0xb470e263cb90_8050 .array/port v0xb470e263cb90, 8050;
v0xb470e263cb90_8051 .array/port v0xb470e263cb90, 8051;
v0xb470e263cb90_8052 .array/port v0xb470e263cb90, 8052;
E_0xb470e2641e60/2014 .event anyedge, v0xb470e263cb90_8049, v0xb470e263cb90_8050, v0xb470e263cb90_8051, v0xb470e263cb90_8052;
v0xb470e263cb90_8053 .array/port v0xb470e263cb90, 8053;
v0xb470e263cb90_8054 .array/port v0xb470e263cb90, 8054;
v0xb470e263cb90_8055 .array/port v0xb470e263cb90, 8055;
v0xb470e263cb90_8056 .array/port v0xb470e263cb90, 8056;
E_0xb470e2641e60/2015 .event anyedge, v0xb470e263cb90_8053, v0xb470e263cb90_8054, v0xb470e263cb90_8055, v0xb470e263cb90_8056;
v0xb470e263cb90_8057 .array/port v0xb470e263cb90, 8057;
v0xb470e263cb90_8058 .array/port v0xb470e263cb90, 8058;
v0xb470e263cb90_8059 .array/port v0xb470e263cb90, 8059;
v0xb470e263cb90_8060 .array/port v0xb470e263cb90, 8060;
E_0xb470e2641e60/2016 .event anyedge, v0xb470e263cb90_8057, v0xb470e263cb90_8058, v0xb470e263cb90_8059, v0xb470e263cb90_8060;
v0xb470e263cb90_8061 .array/port v0xb470e263cb90, 8061;
v0xb470e263cb90_8062 .array/port v0xb470e263cb90, 8062;
v0xb470e263cb90_8063 .array/port v0xb470e263cb90, 8063;
v0xb470e263cb90_8064 .array/port v0xb470e263cb90, 8064;
E_0xb470e2641e60/2017 .event anyedge, v0xb470e263cb90_8061, v0xb470e263cb90_8062, v0xb470e263cb90_8063, v0xb470e263cb90_8064;
v0xb470e263cb90_8065 .array/port v0xb470e263cb90, 8065;
v0xb470e263cb90_8066 .array/port v0xb470e263cb90, 8066;
v0xb470e263cb90_8067 .array/port v0xb470e263cb90, 8067;
v0xb470e263cb90_8068 .array/port v0xb470e263cb90, 8068;
E_0xb470e2641e60/2018 .event anyedge, v0xb470e263cb90_8065, v0xb470e263cb90_8066, v0xb470e263cb90_8067, v0xb470e263cb90_8068;
v0xb470e263cb90_8069 .array/port v0xb470e263cb90, 8069;
v0xb470e263cb90_8070 .array/port v0xb470e263cb90, 8070;
v0xb470e263cb90_8071 .array/port v0xb470e263cb90, 8071;
v0xb470e263cb90_8072 .array/port v0xb470e263cb90, 8072;
E_0xb470e2641e60/2019 .event anyedge, v0xb470e263cb90_8069, v0xb470e263cb90_8070, v0xb470e263cb90_8071, v0xb470e263cb90_8072;
v0xb470e263cb90_8073 .array/port v0xb470e263cb90, 8073;
v0xb470e263cb90_8074 .array/port v0xb470e263cb90, 8074;
v0xb470e263cb90_8075 .array/port v0xb470e263cb90, 8075;
v0xb470e263cb90_8076 .array/port v0xb470e263cb90, 8076;
E_0xb470e2641e60/2020 .event anyedge, v0xb470e263cb90_8073, v0xb470e263cb90_8074, v0xb470e263cb90_8075, v0xb470e263cb90_8076;
v0xb470e263cb90_8077 .array/port v0xb470e263cb90, 8077;
v0xb470e263cb90_8078 .array/port v0xb470e263cb90, 8078;
v0xb470e263cb90_8079 .array/port v0xb470e263cb90, 8079;
v0xb470e263cb90_8080 .array/port v0xb470e263cb90, 8080;
E_0xb470e2641e60/2021 .event anyedge, v0xb470e263cb90_8077, v0xb470e263cb90_8078, v0xb470e263cb90_8079, v0xb470e263cb90_8080;
v0xb470e263cb90_8081 .array/port v0xb470e263cb90, 8081;
v0xb470e263cb90_8082 .array/port v0xb470e263cb90, 8082;
v0xb470e263cb90_8083 .array/port v0xb470e263cb90, 8083;
v0xb470e263cb90_8084 .array/port v0xb470e263cb90, 8084;
E_0xb470e2641e60/2022 .event anyedge, v0xb470e263cb90_8081, v0xb470e263cb90_8082, v0xb470e263cb90_8083, v0xb470e263cb90_8084;
v0xb470e263cb90_8085 .array/port v0xb470e263cb90, 8085;
v0xb470e263cb90_8086 .array/port v0xb470e263cb90, 8086;
v0xb470e263cb90_8087 .array/port v0xb470e263cb90, 8087;
v0xb470e263cb90_8088 .array/port v0xb470e263cb90, 8088;
E_0xb470e2641e60/2023 .event anyedge, v0xb470e263cb90_8085, v0xb470e263cb90_8086, v0xb470e263cb90_8087, v0xb470e263cb90_8088;
v0xb470e263cb90_8089 .array/port v0xb470e263cb90, 8089;
v0xb470e263cb90_8090 .array/port v0xb470e263cb90, 8090;
v0xb470e263cb90_8091 .array/port v0xb470e263cb90, 8091;
v0xb470e263cb90_8092 .array/port v0xb470e263cb90, 8092;
E_0xb470e2641e60/2024 .event anyedge, v0xb470e263cb90_8089, v0xb470e263cb90_8090, v0xb470e263cb90_8091, v0xb470e263cb90_8092;
v0xb470e263cb90_8093 .array/port v0xb470e263cb90, 8093;
v0xb470e263cb90_8094 .array/port v0xb470e263cb90, 8094;
v0xb470e263cb90_8095 .array/port v0xb470e263cb90, 8095;
v0xb470e263cb90_8096 .array/port v0xb470e263cb90, 8096;
E_0xb470e2641e60/2025 .event anyedge, v0xb470e263cb90_8093, v0xb470e263cb90_8094, v0xb470e263cb90_8095, v0xb470e263cb90_8096;
v0xb470e263cb90_8097 .array/port v0xb470e263cb90, 8097;
v0xb470e263cb90_8098 .array/port v0xb470e263cb90, 8098;
v0xb470e263cb90_8099 .array/port v0xb470e263cb90, 8099;
v0xb470e263cb90_8100 .array/port v0xb470e263cb90, 8100;
E_0xb470e2641e60/2026 .event anyedge, v0xb470e263cb90_8097, v0xb470e263cb90_8098, v0xb470e263cb90_8099, v0xb470e263cb90_8100;
v0xb470e263cb90_8101 .array/port v0xb470e263cb90, 8101;
v0xb470e263cb90_8102 .array/port v0xb470e263cb90, 8102;
v0xb470e263cb90_8103 .array/port v0xb470e263cb90, 8103;
v0xb470e263cb90_8104 .array/port v0xb470e263cb90, 8104;
E_0xb470e2641e60/2027 .event anyedge, v0xb470e263cb90_8101, v0xb470e263cb90_8102, v0xb470e263cb90_8103, v0xb470e263cb90_8104;
v0xb470e263cb90_8105 .array/port v0xb470e263cb90, 8105;
v0xb470e263cb90_8106 .array/port v0xb470e263cb90, 8106;
v0xb470e263cb90_8107 .array/port v0xb470e263cb90, 8107;
v0xb470e263cb90_8108 .array/port v0xb470e263cb90, 8108;
E_0xb470e2641e60/2028 .event anyedge, v0xb470e263cb90_8105, v0xb470e263cb90_8106, v0xb470e263cb90_8107, v0xb470e263cb90_8108;
v0xb470e263cb90_8109 .array/port v0xb470e263cb90, 8109;
v0xb470e263cb90_8110 .array/port v0xb470e263cb90, 8110;
v0xb470e263cb90_8111 .array/port v0xb470e263cb90, 8111;
v0xb470e263cb90_8112 .array/port v0xb470e263cb90, 8112;
E_0xb470e2641e60/2029 .event anyedge, v0xb470e263cb90_8109, v0xb470e263cb90_8110, v0xb470e263cb90_8111, v0xb470e263cb90_8112;
v0xb470e263cb90_8113 .array/port v0xb470e263cb90, 8113;
v0xb470e263cb90_8114 .array/port v0xb470e263cb90, 8114;
v0xb470e263cb90_8115 .array/port v0xb470e263cb90, 8115;
v0xb470e263cb90_8116 .array/port v0xb470e263cb90, 8116;
E_0xb470e2641e60/2030 .event anyedge, v0xb470e263cb90_8113, v0xb470e263cb90_8114, v0xb470e263cb90_8115, v0xb470e263cb90_8116;
v0xb470e263cb90_8117 .array/port v0xb470e263cb90, 8117;
v0xb470e263cb90_8118 .array/port v0xb470e263cb90, 8118;
v0xb470e263cb90_8119 .array/port v0xb470e263cb90, 8119;
v0xb470e263cb90_8120 .array/port v0xb470e263cb90, 8120;
E_0xb470e2641e60/2031 .event anyedge, v0xb470e263cb90_8117, v0xb470e263cb90_8118, v0xb470e263cb90_8119, v0xb470e263cb90_8120;
v0xb470e263cb90_8121 .array/port v0xb470e263cb90, 8121;
v0xb470e263cb90_8122 .array/port v0xb470e263cb90, 8122;
v0xb470e263cb90_8123 .array/port v0xb470e263cb90, 8123;
v0xb470e263cb90_8124 .array/port v0xb470e263cb90, 8124;
E_0xb470e2641e60/2032 .event anyedge, v0xb470e263cb90_8121, v0xb470e263cb90_8122, v0xb470e263cb90_8123, v0xb470e263cb90_8124;
v0xb470e263cb90_8125 .array/port v0xb470e263cb90, 8125;
v0xb470e263cb90_8126 .array/port v0xb470e263cb90, 8126;
v0xb470e263cb90_8127 .array/port v0xb470e263cb90, 8127;
v0xb470e263cb90_8128 .array/port v0xb470e263cb90, 8128;
E_0xb470e2641e60/2033 .event anyedge, v0xb470e263cb90_8125, v0xb470e263cb90_8126, v0xb470e263cb90_8127, v0xb470e263cb90_8128;
v0xb470e263cb90_8129 .array/port v0xb470e263cb90, 8129;
v0xb470e263cb90_8130 .array/port v0xb470e263cb90, 8130;
v0xb470e263cb90_8131 .array/port v0xb470e263cb90, 8131;
v0xb470e263cb90_8132 .array/port v0xb470e263cb90, 8132;
E_0xb470e2641e60/2034 .event anyedge, v0xb470e263cb90_8129, v0xb470e263cb90_8130, v0xb470e263cb90_8131, v0xb470e263cb90_8132;
v0xb470e263cb90_8133 .array/port v0xb470e263cb90, 8133;
v0xb470e263cb90_8134 .array/port v0xb470e263cb90, 8134;
v0xb470e263cb90_8135 .array/port v0xb470e263cb90, 8135;
v0xb470e263cb90_8136 .array/port v0xb470e263cb90, 8136;
E_0xb470e2641e60/2035 .event anyedge, v0xb470e263cb90_8133, v0xb470e263cb90_8134, v0xb470e263cb90_8135, v0xb470e263cb90_8136;
v0xb470e263cb90_8137 .array/port v0xb470e263cb90, 8137;
v0xb470e263cb90_8138 .array/port v0xb470e263cb90, 8138;
v0xb470e263cb90_8139 .array/port v0xb470e263cb90, 8139;
v0xb470e263cb90_8140 .array/port v0xb470e263cb90, 8140;
E_0xb470e2641e60/2036 .event anyedge, v0xb470e263cb90_8137, v0xb470e263cb90_8138, v0xb470e263cb90_8139, v0xb470e263cb90_8140;
v0xb470e263cb90_8141 .array/port v0xb470e263cb90, 8141;
v0xb470e263cb90_8142 .array/port v0xb470e263cb90, 8142;
v0xb470e263cb90_8143 .array/port v0xb470e263cb90, 8143;
v0xb470e263cb90_8144 .array/port v0xb470e263cb90, 8144;
E_0xb470e2641e60/2037 .event anyedge, v0xb470e263cb90_8141, v0xb470e263cb90_8142, v0xb470e263cb90_8143, v0xb470e263cb90_8144;
v0xb470e263cb90_8145 .array/port v0xb470e263cb90, 8145;
v0xb470e263cb90_8146 .array/port v0xb470e263cb90, 8146;
v0xb470e263cb90_8147 .array/port v0xb470e263cb90, 8147;
v0xb470e263cb90_8148 .array/port v0xb470e263cb90, 8148;
E_0xb470e2641e60/2038 .event anyedge, v0xb470e263cb90_8145, v0xb470e263cb90_8146, v0xb470e263cb90_8147, v0xb470e263cb90_8148;
v0xb470e263cb90_8149 .array/port v0xb470e263cb90, 8149;
v0xb470e263cb90_8150 .array/port v0xb470e263cb90, 8150;
v0xb470e263cb90_8151 .array/port v0xb470e263cb90, 8151;
v0xb470e263cb90_8152 .array/port v0xb470e263cb90, 8152;
E_0xb470e2641e60/2039 .event anyedge, v0xb470e263cb90_8149, v0xb470e263cb90_8150, v0xb470e263cb90_8151, v0xb470e263cb90_8152;
v0xb470e263cb90_8153 .array/port v0xb470e263cb90, 8153;
v0xb470e263cb90_8154 .array/port v0xb470e263cb90, 8154;
v0xb470e263cb90_8155 .array/port v0xb470e263cb90, 8155;
v0xb470e263cb90_8156 .array/port v0xb470e263cb90, 8156;
E_0xb470e2641e60/2040 .event anyedge, v0xb470e263cb90_8153, v0xb470e263cb90_8154, v0xb470e263cb90_8155, v0xb470e263cb90_8156;
v0xb470e263cb90_8157 .array/port v0xb470e263cb90, 8157;
v0xb470e263cb90_8158 .array/port v0xb470e263cb90, 8158;
v0xb470e263cb90_8159 .array/port v0xb470e263cb90, 8159;
v0xb470e263cb90_8160 .array/port v0xb470e263cb90, 8160;
E_0xb470e2641e60/2041 .event anyedge, v0xb470e263cb90_8157, v0xb470e263cb90_8158, v0xb470e263cb90_8159, v0xb470e263cb90_8160;
v0xb470e263cb90_8161 .array/port v0xb470e263cb90, 8161;
v0xb470e263cb90_8162 .array/port v0xb470e263cb90, 8162;
v0xb470e263cb90_8163 .array/port v0xb470e263cb90, 8163;
v0xb470e263cb90_8164 .array/port v0xb470e263cb90, 8164;
E_0xb470e2641e60/2042 .event anyedge, v0xb470e263cb90_8161, v0xb470e263cb90_8162, v0xb470e263cb90_8163, v0xb470e263cb90_8164;
v0xb470e263cb90_8165 .array/port v0xb470e263cb90, 8165;
v0xb470e263cb90_8166 .array/port v0xb470e263cb90, 8166;
v0xb470e263cb90_8167 .array/port v0xb470e263cb90, 8167;
v0xb470e263cb90_8168 .array/port v0xb470e263cb90, 8168;
E_0xb470e2641e60/2043 .event anyedge, v0xb470e263cb90_8165, v0xb470e263cb90_8166, v0xb470e263cb90_8167, v0xb470e263cb90_8168;
v0xb470e263cb90_8169 .array/port v0xb470e263cb90, 8169;
v0xb470e263cb90_8170 .array/port v0xb470e263cb90, 8170;
v0xb470e263cb90_8171 .array/port v0xb470e263cb90, 8171;
v0xb470e263cb90_8172 .array/port v0xb470e263cb90, 8172;
E_0xb470e2641e60/2044 .event anyedge, v0xb470e263cb90_8169, v0xb470e263cb90_8170, v0xb470e263cb90_8171, v0xb470e263cb90_8172;
v0xb470e263cb90_8173 .array/port v0xb470e263cb90, 8173;
v0xb470e263cb90_8174 .array/port v0xb470e263cb90, 8174;
v0xb470e263cb90_8175 .array/port v0xb470e263cb90, 8175;
v0xb470e263cb90_8176 .array/port v0xb470e263cb90, 8176;
E_0xb470e2641e60/2045 .event anyedge, v0xb470e263cb90_8173, v0xb470e263cb90_8174, v0xb470e263cb90_8175, v0xb470e263cb90_8176;
v0xb470e263cb90_8177 .array/port v0xb470e263cb90, 8177;
v0xb470e263cb90_8178 .array/port v0xb470e263cb90, 8178;
v0xb470e263cb90_8179 .array/port v0xb470e263cb90, 8179;
v0xb470e263cb90_8180 .array/port v0xb470e263cb90, 8180;
E_0xb470e2641e60/2046 .event anyedge, v0xb470e263cb90_8177, v0xb470e263cb90_8178, v0xb470e263cb90_8179, v0xb470e263cb90_8180;
v0xb470e263cb90_8181 .array/port v0xb470e263cb90, 8181;
v0xb470e263cb90_8182 .array/port v0xb470e263cb90, 8182;
v0xb470e263cb90_8183 .array/port v0xb470e263cb90, 8183;
v0xb470e263cb90_8184 .array/port v0xb470e263cb90, 8184;
E_0xb470e2641e60/2047 .event anyedge, v0xb470e263cb90_8181, v0xb470e263cb90_8182, v0xb470e263cb90_8183, v0xb470e263cb90_8184;
v0xb470e263cb90_8185 .array/port v0xb470e263cb90, 8185;
v0xb470e263cb90_8186 .array/port v0xb470e263cb90, 8186;
v0xb470e263cb90_8187 .array/port v0xb470e263cb90, 8187;
v0xb470e263cb90_8188 .array/port v0xb470e263cb90, 8188;
E_0xb470e2641e60/2048 .event anyedge, v0xb470e263cb90_8185, v0xb470e263cb90_8186, v0xb470e263cb90_8187, v0xb470e263cb90_8188;
v0xb470e263cb90_8189 .array/port v0xb470e263cb90, 8189;
v0xb470e263cb90_8190 .array/port v0xb470e263cb90, 8190;
v0xb470e263cb90_8191 .array/port v0xb470e263cb90, 8191;
E_0xb470e2641e60/2049 .event anyedge, v0xb470e263cb90_8189, v0xb470e263cb90_8190, v0xb470e263cb90_8191, v0xb470e2972240_0;
E_0xb470e2641e60/2050 .event anyedge, v0xb470e2670580_0;
E_0xb470e2641e60 .event/or E_0xb470e2641e60/0, E_0xb470e2641e60/1, E_0xb470e2641e60/2, E_0xb470e2641e60/3, E_0xb470e2641e60/4, E_0xb470e2641e60/5, E_0xb470e2641e60/6, E_0xb470e2641e60/7, E_0xb470e2641e60/8, E_0xb470e2641e60/9, E_0xb470e2641e60/10, E_0xb470e2641e60/11, E_0xb470e2641e60/12, E_0xb470e2641e60/13, E_0xb470e2641e60/14, E_0xb470e2641e60/15, E_0xb470e2641e60/16, E_0xb470e2641e60/17, E_0xb470e2641e60/18, E_0xb470e2641e60/19, E_0xb470e2641e60/20, E_0xb470e2641e60/21, E_0xb470e2641e60/22, E_0xb470e2641e60/23, E_0xb470e2641e60/24, E_0xb470e2641e60/25, E_0xb470e2641e60/26, E_0xb470e2641e60/27, E_0xb470e2641e60/28, E_0xb470e2641e60/29, E_0xb470e2641e60/30, E_0xb470e2641e60/31, E_0xb470e2641e60/32, E_0xb470e2641e60/33, E_0xb470e2641e60/34, E_0xb470e2641e60/35, E_0xb470e2641e60/36, E_0xb470e2641e60/37, E_0xb470e2641e60/38, E_0xb470e2641e60/39, E_0xb470e2641e60/40, E_0xb470e2641e60/41, E_0xb470e2641e60/42, E_0xb470e2641e60/43, E_0xb470e2641e60/44, E_0xb470e2641e60/45, E_0xb470e2641e60/46, E_0xb470e2641e60/47, E_0xb470e2641e60/48, E_0xb470e2641e60/49, E_0xb470e2641e60/50, E_0xb470e2641e60/51, E_0xb470e2641e60/52, E_0xb470e2641e60/53, E_0xb470e2641e60/54, E_0xb470e2641e60/55, E_0xb470e2641e60/56, E_0xb470e2641e60/57, E_0xb470e2641e60/58, E_0xb470e2641e60/59, E_0xb470e2641e60/60, E_0xb470e2641e60/61, E_0xb470e2641e60/62, E_0xb470e2641e60/63, E_0xb470e2641e60/64, E_0xb470e2641e60/65, E_0xb470e2641e60/66, E_0xb470e2641e60/67, E_0xb470e2641e60/68, E_0xb470e2641e60/69, E_0xb470e2641e60/70, E_0xb470e2641e60/71, E_0xb470e2641e60/72, E_0xb470e2641e60/73, E_0xb470e2641e60/74, E_0xb470e2641e60/75, E_0xb470e2641e60/76, E_0xb470e2641e60/77, E_0xb470e2641e60/78, E_0xb470e2641e60/79, E_0xb470e2641e60/80, E_0xb470e2641e60/81, E_0xb470e2641e60/82, E_0xb470e2641e60/83, E_0xb470e2641e60/84, E_0xb470e2641e60/85, E_0xb470e2641e60/86, E_0xb470e2641e60/87, E_0xb470e2641e60/88, E_0xb470e2641e60/89, E_0xb470e2641e60/90, E_0xb470e2641e60/91, E_0xb470e2641e60/92, E_0xb470e2641e60/93, E_0xb470e2641e60/94, E_0xb470e2641e60/95, E_0xb470e2641e60/96, E_0xb470e2641e60/97, E_0xb470e2641e60/98, E_0xb470e2641e60/99, E_0xb470e2641e60/100, E_0xb470e2641e60/101, E_0xb470e2641e60/102, E_0xb470e2641e60/103, E_0xb470e2641e60/104, E_0xb470e2641e60/105, E_0xb470e2641e60/106, E_0xb470e2641e60/107, E_0xb470e2641e60/108, E_0xb470e2641e60/109, E_0xb470e2641e60/110, E_0xb470e2641e60/111, E_0xb470e2641e60/112, E_0xb470e2641e60/113, E_0xb470e2641e60/114, E_0xb470e2641e60/115, E_0xb470e2641e60/116, E_0xb470e2641e60/117, E_0xb470e2641e60/118, E_0xb470e2641e60/119, E_0xb470e2641e60/120, E_0xb470e2641e60/121, E_0xb470e2641e60/122, E_0xb470e2641e60/123, E_0xb470e2641e60/124, E_0xb470e2641e60/125, E_0xb470e2641e60/126, E_0xb470e2641e60/127, E_0xb470e2641e60/128, E_0xb470e2641e60/129, E_0xb470e2641e60/130, E_0xb470e2641e60/131, E_0xb470e2641e60/132, E_0xb470e2641e60/133, E_0xb470e2641e60/134, E_0xb470e2641e60/135, E_0xb470e2641e60/136, E_0xb470e2641e60/137, E_0xb470e2641e60/138, E_0xb470e2641e60/139, E_0xb470e2641e60/140, E_0xb470e2641e60/141, E_0xb470e2641e60/142, E_0xb470e2641e60/143, E_0xb470e2641e60/144, E_0xb470e2641e60/145, E_0xb470e2641e60/146, E_0xb470e2641e60/147, E_0xb470e2641e60/148, E_0xb470e2641e60/149, E_0xb470e2641e60/150, E_0xb470e2641e60/151, E_0xb470e2641e60/152, E_0xb470e2641e60/153, E_0xb470e2641e60/154, E_0xb470e2641e60/155, E_0xb470e2641e60/156, E_0xb470e2641e60/157, E_0xb470e2641e60/158, E_0xb470e2641e60/159, E_0xb470e2641e60/160, E_0xb470e2641e60/161, E_0xb470e2641e60/162, E_0xb470e2641e60/163, E_0xb470e2641e60/164, E_0xb470e2641e60/165, E_0xb470e2641e60/166, E_0xb470e2641e60/167, E_0xb470e2641e60/168, E_0xb470e2641e60/169, E_0xb470e2641e60/170, E_0xb470e2641e60/171, E_0xb470e2641e60/172, E_0xb470e2641e60/173, E_0xb470e2641e60/174, E_0xb470e2641e60/175, E_0xb470e2641e60/176, E_0xb470e2641e60/177, E_0xb470e2641e60/178, E_0xb470e2641e60/179, E_0xb470e2641e60/180, E_0xb470e2641e60/181, E_0xb470e2641e60/182, E_0xb470e2641e60/183, E_0xb470e2641e60/184, E_0xb470e2641e60/185, E_0xb470e2641e60/186, E_0xb470e2641e60/187, E_0xb470e2641e60/188, E_0xb470e2641e60/189, E_0xb470e2641e60/190, E_0xb470e2641e60/191, E_0xb470e2641e60/192, E_0xb470e2641e60/193, E_0xb470e2641e60/194, E_0xb470e2641e60/195, E_0xb470e2641e60/196, E_0xb470e2641e60/197, E_0xb470e2641e60/198, E_0xb470e2641e60/199, E_0xb470e2641e60/200, E_0xb470e2641e60/201, E_0xb470e2641e60/202, E_0xb470e2641e60/203, E_0xb470e2641e60/204, E_0xb470e2641e60/205, E_0xb470e2641e60/206, E_0xb470e2641e60/207, E_0xb470e2641e60/208, E_0xb470e2641e60/209, E_0xb470e2641e60/210, E_0xb470e2641e60/211, E_0xb470e2641e60/212, E_0xb470e2641e60/213, E_0xb470e2641e60/214, E_0xb470e2641e60/215, E_0xb470e2641e60/216, E_0xb470e2641e60/217, E_0xb470e2641e60/218, E_0xb470e2641e60/219, E_0xb470e2641e60/220, E_0xb470e2641e60/221, E_0xb470e2641e60/222, E_0xb470e2641e60/223, E_0xb470e2641e60/224, E_0xb470e2641e60/225, E_0xb470e2641e60/226, E_0xb470e2641e60/227, E_0xb470e2641e60/228, E_0xb470e2641e60/229, E_0xb470e2641e60/230, E_0xb470e2641e60/231, E_0xb470e2641e60/232, E_0xb470e2641e60/233, E_0xb470e2641e60/234, E_0xb470e2641e60/235, E_0xb470e2641e60/236, E_0xb470e2641e60/237, E_0xb470e2641e60/238, E_0xb470e2641e60/239, E_0xb470e2641e60/240, E_0xb470e2641e60/241, E_0xb470e2641e60/242, E_0xb470e2641e60/243, E_0xb470e2641e60/244, E_0xb470e2641e60/245, E_0xb470e2641e60/246, E_0xb470e2641e60/247, E_0xb470e2641e60/248, E_0xb470e2641e60/249, E_0xb470e2641e60/250, E_0xb470e2641e60/251, E_0xb470e2641e60/252, E_0xb470e2641e60/253, E_0xb470e2641e60/254, E_0xb470e2641e60/255, E_0xb470e2641e60/256, E_0xb470e2641e60/257, E_0xb470e2641e60/258, E_0xb470e2641e60/259, E_0xb470e2641e60/260, E_0xb470e2641e60/261, E_0xb470e2641e60/262, E_0xb470e2641e60/263, E_0xb470e2641e60/264, E_0xb470e2641e60/265, E_0xb470e2641e60/266, E_0xb470e2641e60/267, E_0xb470e2641e60/268, E_0xb470e2641e60/269, E_0xb470e2641e60/270, E_0xb470e2641e60/271, E_0xb470e2641e60/272, E_0xb470e2641e60/273, E_0xb470e2641e60/274, E_0xb470e2641e60/275, E_0xb470e2641e60/276, E_0xb470e2641e60/277, E_0xb470e2641e60/278, E_0xb470e2641e60/279, E_0xb470e2641e60/280, E_0xb470e2641e60/281, E_0xb470e2641e60/282, E_0xb470e2641e60/283, E_0xb470e2641e60/284, E_0xb470e2641e60/285, E_0xb470e2641e60/286, E_0xb470e2641e60/287, E_0xb470e2641e60/288, E_0xb470e2641e60/289, E_0xb470e2641e60/290, E_0xb470e2641e60/291, E_0xb470e2641e60/292, E_0xb470e2641e60/293, E_0xb470e2641e60/294, E_0xb470e2641e60/295, E_0xb470e2641e60/296, E_0xb470e2641e60/297, E_0xb470e2641e60/298, E_0xb470e2641e60/299, E_0xb470e2641e60/300, E_0xb470e2641e60/301, E_0xb470e2641e60/302, E_0xb470e2641e60/303, E_0xb470e2641e60/304, E_0xb470e2641e60/305, E_0xb470e2641e60/306, E_0xb470e2641e60/307, E_0xb470e2641e60/308, E_0xb470e2641e60/309, E_0xb470e2641e60/310, E_0xb470e2641e60/311, E_0xb470e2641e60/312, E_0xb470e2641e60/313, E_0xb470e2641e60/314, E_0xb470e2641e60/315, E_0xb470e2641e60/316, E_0xb470e2641e60/317, E_0xb470e2641e60/318, E_0xb470e2641e60/319, E_0xb470e2641e60/320, E_0xb470e2641e60/321, E_0xb470e2641e60/322, E_0xb470e2641e60/323, E_0xb470e2641e60/324, E_0xb470e2641e60/325, E_0xb470e2641e60/326, E_0xb470e2641e60/327, E_0xb470e2641e60/328, E_0xb470e2641e60/329, E_0xb470e2641e60/330, E_0xb470e2641e60/331, E_0xb470e2641e60/332, E_0xb470e2641e60/333, E_0xb470e2641e60/334, E_0xb470e2641e60/335, E_0xb470e2641e60/336, E_0xb470e2641e60/337, E_0xb470e2641e60/338, E_0xb470e2641e60/339, E_0xb470e2641e60/340, E_0xb470e2641e60/341, E_0xb470e2641e60/342, E_0xb470e2641e60/343, E_0xb470e2641e60/344, E_0xb470e2641e60/345, E_0xb470e2641e60/346, E_0xb470e2641e60/347, E_0xb470e2641e60/348, E_0xb470e2641e60/349, E_0xb470e2641e60/350, E_0xb470e2641e60/351, E_0xb470e2641e60/352, E_0xb470e2641e60/353, E_0xb470e2641e60/354, E_0xb470e2641e60/355, E_0xb470e2641e60/356, E_0xb470e2641e60/357, E_0xb470e2641e60/358, E_0xb470e2641e60/359, E_0xb470e2641e60/360, E_0xb470e2641e60/361, E_0xb470e2641e60/362, E_0xb470e2641e60/363, E_0xb470e2641e60/364, E_0xb470e2641e60/365, E_0xb470e2641e60/366, E_0xb470e2641e60/367, E_0xb470e2641e60/368, E_0xb470e2641e60/369, E_0xb470e2641e60/370, E_0xb470e2641e60/371, E_0xb470e2641e60/372, E_0xb470e2641e60/373, E_0xb470e2641e60/374, E_0xb470e2641e60/375, E_0xb470e2641e60/376, E_0xb470e2641e60/377, E_0xb470e2641e60/378, E_0xb470e2641e60/379, E_0xb470e2641e60/380, E_0xb470e2641e60/381, E_0xb470e2641e60/382, E_0xb470e2641e60/383, E_0xb470e2641e60/384, E_0xb470e2641e60/385, E_0xb470e2641e60/386, E_0xb470e2641e60/387, E_0xb470e2641e60/388, E_0xb470e2641e60/389, E_0xb470e2641e60/390, E_0xb470e2641e60/391, E_0xb470e2641e60/392, E_0xb470e2641e60/393, E_0xb470e2641e60/394, E_0xb470e2641e60/395, E_0xb470e2641e60/396, E_0xb470e2641e60/397, E_0xb470e2641e60/398, E_0xb470e2641e60/399, E_0xb470e2641e60/400, E_0xb470e2641e60/401, E_0xb470e2641e60/402, E_0xb470e2641e60/403, E_0xb470e2641e60/404, E_0xb470e2641e60/405, E_0xb470e2641e60/406, E_0xb470e2641e60/407, E_0xb470e2641e60/408, E_0xb470e2641e60/409, E_0xb470e2641e60/410, E_0xb470e2641e60/411, E_0xb470e2641e60/412, E_0xb470e2641e60/413, E_0xb470e2641e60/414, E_0xb470e2641e60/415, E_0xb470e2641e60/416, E_0xb470e2641e60/417, E_0xb470e2641e60/418, E_0xb470e2641e60/419, E_0xb470e2641e60/420, E_0xb470e2641e60/421, E_0xb470e2641e60/422, E_0xb470e2641e60/423, E_0xb470e2641e60/424, E_0xb470e2641e60/425, E_0xb470e2641e60/426, E_0xb470e2641e60/427, E_0xb470e2641e60/428, E_0xb470e2641e60/429, E_0xb470e2641e60/430, E_0xb470e2641e60/431, E_0xb470e2641e60/432, E_0xb470e2641e60/433, E_0xb470e2641e60/434, E_0xb470e2641e60/435, E_0xb470e2641e60/436, E_0xb470e2641e60/437, E_0xb470e2641e60/438, E_0xb470e2641e60/439, E_0xb470e2641e60/440, E_0xb470e2641e60/441, E_0xb470e2641e60/442, E_0xb470e2641e60/443, E_0xb470e2641e60/444, E_0xb470e2641e60/445, E_0xb470e2641e60/446, E_0xb470e2641e60/447, E_0xb470e2641e60/448, E_0xb470e2641e60/449, E_0xb470e2641e60/450, E_0xb470e2641e60/451, E_0xb470e2641e60/452, E_0xb470e2641e60/453, E_0xb470e2641e60/454, E_0xb470e2641e60/455, E_0xb470e2641e60/456, E_0xb470e2641e60/457, E_0xb470e2641e60/458, E_0xb470e2641e60/459, E_0xb470e2641e60/460, E_0xb470e2641e60/461, E_0xb470e2641e60/462, E_0xb470e2641e60/463, E_0xb470e2641e60/464, E_0xb470e2641e60/465, E_0xb470e2641e60/466, E_0xb470e2641e60/467, E_0xb470e2641e60/468, E_0xb470e2641e60/469, E_0xb470e2641e60/470, E_0xb470e2641e60/471, E_0xb470e2641e60/472, E_0xb470e2641e60/473, E_0xb470e2641e60/474, E_0xb470e2641e60/475, E_0xb470e2641e60/476, E_0xb470e2641e60/477, E_0xb470e2641e60/478, E_0xb470e2641e60/479, E_0xb470e2641e60/480, E_0xb470e2641e60/481, E_0xb470e2641e60/482, E_0xb470e2641e60/483, E_0xb470e2641e60/484, E_0xb470e2641e60/485, E_0xb470e2641e60/486, E_0xb470e2641e60/487, E_0xb470e2641e60/488, E_0xb470e2641e60/489, E_0xb470e2641e60/490, E_0xb470e2641e60/491, E_0xb470e2641e60/492, E_0xb470e2641e60/493, E_0xb470e2641e60/494, E_0xb470e2641e60/495, E_0xb470e2641e60/496, E_0xb470e2641e60/497, E_0xb470e2641e60/498, E_0xb470e2641e60/499, E_0xb470e2641e60/500, E_0xb470e2641e60/501, E_0xb470e2641e60/502, E_0xb470e2641e60/503, E_0xb470e2641e60/504, E_0xb470e2641e60/505, E_0xb470e2641e60/506, E_0xb470e2641e60/507, E_0xb470e2641e60/508, E_0xb470e2641e60/509, E_0xb470e2641e60/510, E_0xb470e2641e60/511, E_0xb470e2641e60/512, E_0xb470e2641e60/513, E_0xb470e2641e60/514, E_0xb470e2641e60/515, E_0xb470e2641e60/516, E_0xb470e2641e60/517, E_0xb470e2641e60/518, E_0xb470e2641e60/519, E_0xb470e2641e60/520, E_0xb470e2641e60/521, E_0xb470e2641e60/522, E_0xb470e2641e60/523, E_0xb470e2641e60/524, E_0xb470e2641e60/525, E_0xb470e2641e60/526, E_0xb470e2641e60/527, E_0xb470e2641e60/528, E_0xb470e2641e60/529, E_0xb470e2641e60/530, E_0xb470e2641e60/531, E_0xb470e2641e60/532, E_0xb470e2641e60/533, E_0xb470e2641e60/534, E_0xb470e2641e60/535, E_0xb470e2641e60/536, E_0xb470e2641e60/537, E_0xb470e2641e60/538, E_0xb470e2641e60/539, E_0xb470e2641e60/540, E_0xb470e2641e60/541, E_0xb470e2641e60/542, E_0xb470e2641e60/543, E_0xb470e2641e60/544, E_0xb470e2641e60/545, E_0xb470e2641e60/546, E_0xb470e2641e60/547, E_0xb470e2641e60/548, E_0xb470e2641e60/549, E_0xb470e2641e60/550, E_0xb470e2641e60/551, E_0xb470e2641e60/552, E_0xb470e2641e60/553, E_0xb470e2641e60/554, E_0xb470e2641e60/555, E_0xb470e2641e60/556, E_0xb470e2641e60/557, E_0xb470e2641e60/558, E_0xb470e2641e60/559, E_0xb470e2641e60/560, E_0xb470e2641e60/561, E_0xb470e2641e60/562, E_0xb470e2641e60/563, E_0xb470e2641e60/564, E_0xb470e2641e60/565, E_0xb470e2641e60/566, E_0xb470e2641e60/567, E_0xb470e2641e60/568, E_0xb470e2641e60/569, E_0xb470e2641e60/570, E_0xb470e2641e60/571, E_0xb470e2641e60/572, E_0xb470e2641e60/573, E_0xb470e2641e60/574, E_0xb470e2641e60/575, E_0xb470e2641e60/576, E_0xb470e2641e60/577, E_0xb470e2641e60/578, E_0xb470e2641e60/579, E_0xb470e2641e60/580, E_0xb470e2641e60/581, E_0xb470e2641e60/582, E_0xb470e2641e60/583, E_0xb470e2641e60/584, E_0xb470e2641e60/585, E_0xb470e2641e60/586, E_0xb470e2641e60/587, E_0xb470e2641e60/588, E_0xb470e2641e60/589, E_0xb470e2641e60/590, E_0xb470e2641e60/591, E_0xb470e2641e60/592, E_0xb470e2641e60/593, E_0xb470e2641e60/594, E_0xb470e2641e60/595, E_0xb470e2641e60/596, E_0xb470e2641e60/597, E_0xb470e2641e60/598, E_0xb470e2641e60/599, E_0xb470e2641e60/600, E_0xb470e2641e60/601, E_0xb470e2641e60/602, E_0xb470e2641e60/603, E_0xb470e2641e60/604, E_0xb470e2641e60/605, E_0xb470e2641e60/606, E_0xb470e2641e60/607, E_0xb470e2641e60/608, E_0xb470e2641e60/609, E_0xb470e2641e60/610, E_0xb470e2641e60/611, E_0xb470e2641e60/612, E_0xb470e2641e60/613, E_0xb470e2641e60/614, E_0xb470e2641e60/615, E_0xb470e2641e60/616, E_0xb470e2641e60/617, E_0xb470e2641e60/618, E_0xb470e2641e60/619, E_0xb470e2641e60/620, E_0xb470e2641e60/621, E_0xb470e2641e60/622, E_0xb470e2641e60/623, E_0xb470e2641e60/624, E_0xb470e2641e60/625, E_0xb470e2641e60/626, E_0xb470e2641e60/627, E_0xb470e2641e60/628, E_0xb470e2641e60/629, E_0xb470e2641e60/630, E_0xb470e2641e60/631, E_0xb470e2641e60/632, E_0xb470e2641e60/633, E_0xb470e2641e60/634, E_0xb470e2641e60/635, E_0xb470e2641e60/636, E_0xb470e2641e60/637, E_0xb470e2641e60/638, E_0xb470e2641e60/639, E_0xb470e2641e60/640, E_0xb470e2641e60/641, E_0xb470e2641e60/642, E_0xb470e2641e60/643, E_0xb470e2641e60/644, E_0xb470e2641e60/645, E_0xb470e2641e60/646, E_0xb470e2641e60/647, E_0xb470e2641e60/648, E_0xb470e2641e60/649, E_0xb470e2641e60/650, E_0xb470e2641e60/651, E_0xb470e2641e60/652, E_0xb470e2641e60/653, E_0xb470e2641e60/654, E_0xb470e2641e60/655, E_0xb470e2641e60/656, E_0xb470e2641e60/657, E_0xb470e2641e60/658, E_0xb470e2641e60/659, E_0xb470e2641e60/660, E_0xb470e2641e60/661, E_0xb470e2641e60/662, E_0xb470e2641e60/663, E_0xb470e2641e60/664, E_0xb470e2641e60/665, E_0xb470e2641e60/666, E_0xb470e2641e60/667, E_0xb470e2641e60/668, E_0xb470e2641e60/669, E_0xb470e2641e60/670, E_0xb470e2641e60/671, E_0xb470e2641e60/672, E_0xb470e2641e60/673, E_0xb470e2641e60/674, E_0xb470e2641e60/675, E_0xb470e2641e60/676, E_0xb470e2641e60/677, E_0xb470e2641e60/678, E_0xb470e2641e60/679, E_0xb470e2641e60/680, E_0xb470e2641e60/681, E_0xb470e2641e60/682, E_0xb470e2641e60/683, E_0xb470e2641e60/684, E_0xb470e2641e60/685, E_0xb470e2641e60/686, E_0xb470e2641e60/687, E_0xb470e2641e60/688, E_0xb470e2641e60/689, E_0xb470e2641e60/690, E_0xb470e2641e60/691, E_0xb470e2641e60/692, E_0xb470e2641e60/693, E_0xb470e2641e60/694, E_0xb470e2641e60/695, E_0xb470e2641e60/696, E_0xb470e2641e60/697, E_0xb470e2641e60/698, E_0xb470e2641e60/699, E_0xb470e2641e60/700, E_0xb470e2641e60/701, E_0xb470e2641e60/702, E_0xb470e2641e60/703, E_0xb470e2641e60/704, E_0xb470e2641e60/705, E_0xb470e2641e60/706, E_0xb470e2641e60/707, E_0xb470e2641e60/708, E_0xb470e2641e60/709, E_0xb470e2641e60/710, E_0xb470e2641e60/711, E_0xb470e2641e60/712, E_0xb470e2641e60/713, E_0xb470e2641e60/714, E_0xb470e2641e60/715, E_0xb470e2641e60/716, E_0xb470e2641e60/717, E_0xb470e2641e60/718, E_0xb470e2641e60/719, E_0xb470e2641e60/720, E_0xb470e2641e60/721, E_0xb470e2641e60/722, E_0xb470e2641e60/723, E_0xb470e2641e60/724, E_0xb470e2641e60/725, E_0xb470e2641e60/726, E_0xb470e2641e60/727, E_0xb470e2641e60/728, E_0xb470e2641e60/729, E_0xb470e2641e60/730, E_0xb470e2641e60/731, E_0xb470e2641e60/732, E_0xb470e2641e60/733, E_0xb470e2641e60/734, E_0xb470e2641e60/735, E_0xb470e2641e60/736, E_0xb470e2641e60/737, E_0xb470e2641e60/738, E_0xb470e2641e60/739, E_0xb470e2641e60/740, E_0xb470e2641e60/741, E_0xb470e2641e60/742, E_0xb470e2641e60/743, E_0xb470e2641e60/744, E_0xb470e2641e60/745, E_0xb470e2641e60/746, E_0xb470e2641e60/747, E_0xb470e2641e60/748, E_0xb470e2641e60/749, E_0xb470e2641e60/750, E_0xb470e2641e60/751, E_0xb470e2641e60/752, E_0xb470e2641e60/753, E_0xb470e2641e60/754, E_0xb470e2641e60/755, E_0xb470e2641e60/756, E_0xb470e2641e60/757, E_0xb470e2641e60/758, E_0xb470e2641e60/759, E_0xb470e2641e60/760, E_0xb470e2641e60/761, E_0xb470e2641e60/762, E_0xb470e2641e60/763, E_0xb470e2641e60/764, E_0xb470e2641e60/765, E_0xb470e2641e60/766, E_0xb470e2641e60/767, E_0xb470e2641e60/768, E_0xb470e2641e60/769, E_0xb470e2641e60/770, E_0xb470e2641e60/771, E_0xb470e2641e60/772, E_0xb470e2641e60/773, E_0xb470e2641e60/774, E_0xb470e2641e60/775, E_0xb470e2641e60/776, E_0xb470e2641e60/777, E_0xb470e2641e60/778, E_0xb470e2641e60/779, E_0xb470e2641e60/780, E_0xb470e2641e60/781, E_0xb470e2641e60/782, E_0xb470e2641e60/783, E_0xb470e2641e60/784, E_0xb470e2641e60/785, E_0xb470e2641e60/786, E_0xb470e2641e60/787, E_0xb470e2641e60/788, E_0xb470e2641e60/789, E_0xb470e2641e60/790, E_0xb470e2641e60/791, E_0xb470e2641e60/792, E_0xb470e2641e60/793, E_0xb470e2641e60/794, E_0xb470e2641e60/795, E_0xb470e2641e60/796, E_0xb470e2641e60/797, E_0xb470e2641e60/798, E_0xb470e2641e60/799, E_0xb470e2641e60/800, E_0xb470e2641e60/801, E_0xb470e2641e60/802, E_0xb470e2641e60/803, E_0xb470e2641e60/804, E_0xb470e2641e60/805, E_0xb470e2641e60/806, E_0xb470e2641e60/807, E_0xb470e2641e60/808, E_0xb470e2641e60/809, E_0xb470e2641e60/810, E_0xb470e2641e60/811, E_0xb470e2641e60/812, E_0xb470e2641e60/813, E_0xb470e2641e60/814, E_0xb470e2641e60/815, E_0xb470e2641e60/816, E_0xb470e2641e60/817, E_0xb470e2641e60/818, E_0xb470e2641e60/819, E_0xb470e2641e60/820, E_0xb470e2641e60/821, E_0xb470e2641e60/822, E_0xb470e2641e60/823, E_0xb470e2641e60/824, E_0xb470e2641e60/825, E_0xb470e2641e60/826, E_0xb470e2641e60/827, E_0xb470e2641e60/828, E_0xb470e2641e60/829, E_0xb470e2641e60/830, E_0xb470e2641e60/831, E_0xb470e2641e60/832, E_0xb470e2641e60/833, E_0xb470e2641e60/834, E_0xb470e2641e60/835, E_0xb470e2641e60/836, E_0xb470e2641e60/837, E_0xb470e2641e60/838, E_0xb470e2641e60/839, E_0xb470e2641e60/840, E_0xb470e2641e60/841, E_0xb470e2641e60/842, E_0xb470e2641e60/843, E_0xb470e2641e60/844, E_0xb470e2641e60/845, E_0xb470e2641e60/846, E_0xb470e2641e60/847, E_0xb470e2641e60/848, E_0xb470e2641e60/849, E_0xb470e2641e60/850, E_0xb470e2641e60/851, E_0xb470e2641e60/852, E_0xb470e2641e60/853, E_0xb470e2641e60/854, E_0xb470e2641e60/855, E_0xb470e2641e60/856, E_0xb470e2641e60/857, E_0xb470e2641e60/858, E_0xb470e2641e60/859, E_0xb470e2641e60/860, E_0xb470e2641e60/861, E_0xb470e2641e60/862, E_0xb470e2641e60/863, E_0xb470e2641e60/864, E_0xb470e2641e60/865, E_0xb470e2641e60/866, E_0xb470e2641e60/867, E_0xb470e2641e60/868, E_0xb470e2641e60/869, E_0xb470e2641e60/870, E_0xb470e2641e60/871, E_0xb470e2641e60/872, E_0xb470e2641e60/873, E_0xb470e2641e60/874, E_0xb470e2641e60/875, E_0xb470e2641e60/876, E_0xb470e2641e60/877, E_0xb470e2641e60/878, E_0xb470e2641e60/879, E_0xb470e2641e60/880, E_0xb470e2641e60/881, E_0xb470e2641e60/882, E_0xb470e2641e60/883, E_0xb470e2641e60/884, E_0xb470e2641e60/885, E_0xb470e2641e60/886, E_0xb470e2641e60/887, E_0xb470e2641e60/888, E_0xb470e2641e60/889, E_0xb470e2641e60/890, E_0xb470e2641e60/891, E_0xb470e2641e60/892, E_0xb470e2641e60/893, E_0xb470e2641e60/894, E_0xb470e2641e60/895, E_0xb470e2641e60/896, E_0xb470e2641e60/897, E_0xb470e2641e60/898, E_0xb470e2641e60/899, E_0xb470e2641e60/900, E_0xb470e2641e60/901, E_0xb470e2641e60/902, E_0xb470e2641e60/903, E_0xb470e2641e60/904, E_0xb470e2641e60/905, E_0xb470e2641e60/906, E_0xb470e2641e60/907, E_0xb470e2641e60/908, E_0xb470e2641e60/909, E_0xb470e2641e60/910, E_0xb470e2641e60/911, E_0xb470e2641e60/912, E_0xb470e2641e60/913, E_0xb470e2641e60/914, E_0xb470e2641e60/915, E_0xb470e2641e60/916, E_0xb470e2641e60/917, E_0xb470e2641e60/918, E_0xb470e2641e60/919, E_0xb470e2641e60/920, E_0xb470e2641e60/921, E_0xb470e2641e60/922, E_0xb470e2641e60/923, E_0xb470e2641e60/924, E_0xb470e2641e60/925, E_0xb470e2641e60/926, E_0xb470e2641e60/927, E_0xb470e2641e60/928, E_0xb470e2641e60/929, E_0xb470e2641e60/930, E_0xb470e2641e60/931, E_0xb470e2641e60/932, E_0xb470e2641e60/933, E_0xb470e2641e60/934, E_0xb470e2641e60/935, E_0xb470e2641e60/936, E_0xb470e2641e60/937, E_0xb470e2641e60/938, E_0xb470e2641e60/939, E_0xb470e2641e60/940, E_0xb470e2641e60/941, E_0xb470e2641e60/942, E_0xb470e2641e60/943, E_0xb470e2641e60/944, E_0xb470e2641e60/945, E_0xb470e2641e60/946, E_0xb470e2641e60/947, E_0xb470e2641e60/948, E_0xb470e2641e60/949, E_0xb470e2641e60/950, E_0xb470e2641e60/951, E_0xb470e2641e60/952, E_0xb470e2641e60/953, E_0xb470e2641e60/954, E_0xb470e2641e60/955, E_0xb470e2641e60/956, E_0xb470e2641e60/957, E_0xb470e2641e60/958, E_0xb470e2641e60/959, E_0xb470e2641e60/960, E_0xb470e2641e60/961, E_0xb470e2641e60/962, E_0xb470e2641e60/963, E_0xb470e2641e60/964, E_0xb470e2641e60/965, E_0xb470e2641e60/966, E_0xb470e2641e60/967, E_0xb470e2641e60/968, E_0xb470e2641e60/969, E_0xb470e2641e60/970, E_0xb470e2641e60/971, E_0xb470e2641e60/972, E_0xb470e2641e60/973, E_0xb470e2641e60/974, E_0xb470e2641e60/975, E_0xb470e2641e60/976, E_0xb470e2641e60/977, E_0xb470e2641e60/978, E_0xb470e2641e60/979, E_0xb470e2641e60/980, E_0xb470e2641e60/981, E_0xb470e2641e60/982, E_0xb470e2641e60/983, E_0xb470e2641e60/984, E_0xb470e2641e60/985, E_0xb470e2641e60/986, E_0xb470e2641e60/987, E_0xb470e2641e60/988, E_0xb470e2641e60/989, E_0xb470e2641e60/990, E_0xb470e2641e60/991, E_0xb470e2641e60/992, E_0xb470e2641e60/993, E_0xb470e2641e60/994, E_0xb470e2641e60/995, E_0xb470e2641e60/996, E_0xb470e2641e60/997, E_0xb470e2641e60/998, E_0xb470e2641e60/999, E_0xb470e2641e60/1000, E_0xb470e2641e60/1001, E_0xb470e2641e60/1002, E_0xb470e2641e60/1003, E_0xb470e2641e60/1004, E_0xb470e2641e60/1005, E_0xb470e2641e60/1006, E_0xb470e2641e60/1007, E_0xb470e2641e60/1008, E_0xb470e2641e60/1009, E_0xb470e2641e60/1010, E_0xb470e2641e60/1011, E_0xb470e2641e60/1012, E_0xb470e2641e60/1013, E_0xb470e2641e60/1014, E_0xb470e2641e60/1015, E_0xb470e2641e60/1016, E_0xb470e2641e60/1017, E_0xb470e2641e60/1018, E_0xb470e2641e60/1019, E_0xb470e2641e60/1020, E_0xb470e2641e60/1021, E_0xb470e2641e60/1022, E_0xb470e2641e60/1023, E_0xb470e2641e60/1024, E_0xb470e2641e60/1025, E_0xb470e2641e60/1026, E_0xb470e2641e60/1027, E_0xb470e2641e60/1028, E_0xb470e2641e60/1029, E_0xb470e2641e60/1030, E_0xb470e2641e60/1031, E_0xb470e2641e60/1032, E_0xb470e2641e60/1033, E_0xb470e2641e60/1034, E_0xb470e2641e60/1035, E_0xb470e2641e60/1036, E_0xb470e2641e60/1037, E_0xb470e2641e60/1038, E_0xb470e2641e60/1039, E_0xb470e2641e60/1040, E_0xb470e2641e60/1041, E_0xb470e2641e60/1042, E_0xb470e2641e60/1043, E_0xb470e2641e60/1044, E_0xb470e2641e60/1045, E_0xb470e2641e60/1046, E_0xb470e2641e60/1047, E_0xb470e2641e60/1048, E_0xb470e2641e60/1049, E_0xb470e2641e60/1050, E_0xb470e2641e60/1051, E_0xb470e2641e60/1052, E_0xb470e2641e60/1053, E_0xb470e2641e60/1054, E_0xb470e2641e60/1055, E_0xb470e2641e60/1056, E_0xb470e2641e60/1057, E_0xb470e2641e60/1058, E_0xb470e2641e60/1059, E_0xb470e2641e60/1060, E_0xb470e2641e60/1061, E_0xb470e2641e60/1062, E_0xb470e2641e60/1063, E_0xb470e2641e60/1064, E_0xb470e2641e60/1065, E_0xb470e2641e60/1066, E_0xb470e2641e60/1067, E_0xb470e2641e60/1068, E_0xb470e2641e60/1069, E_0xb470e2641e60/1070, E_0xb470e2641e60/1071, E_0xb470e2641e60/1072, E_0xb470e2641e60/1073, E_0xb470e2641e60/1074, E_0xb470e2641e60/1075, E_0xb470e2641e60/1076, E_0xb470e2641e60/1077, E_0xb470e2641e60/1078, E_0xb470e2641e60/1079, E_0xb470e2641e60/1080, E_0xb470e2641e60/1081, E_0xb470e2641e60/1082, E_0xb470e2641e60/1083, E_0xb470e2641e60/1084, E_0xb470e2641e60/1085, E_0xb470e2641e60/1086, E_0xb470e2641e60/1087, E_0xb470e2641e60/1088, E_0xb470e2641e60/1089, E_0xb470e2641e60/1090, E_0xb470e2641e60/1091, E_0xb470e2641e60/1092, E_0xb470e2641e60/1093, E_0xb470e2641e60/1094, E_0xb470e2641e60/1095, E_0xb470e2641e60/1096, E_0xb470e2641e60/1097, E_0xb470e2641e60/1098, E_0xb470e2641e60/1099, E_0xb470e2641e60/1100, E_0xb470e2641e60/1101, E_0xb470e2641e60/1102, E_0xb470e2641e60/1103, E_0xb470e2641e60/1104, E_0xb470e2641e60/1105, E_0xb470e2641e60/1106, E_0xb470e2641e60/1107, E_0xb470e2641e60/1108, E_0xb470e2641e60/1109, E_0xb470e2641e60/1110, E_0xb470e2641e60/1111, E_0xb470e2641e60/1112, E_0xb470e2641e60/1113, E_0xb470e2641e60/1114, E_0xb470e2641e60/1115, E_0xb470e2641e60/1116, E_0xb470e2641e60/1117, E_0xb470e2641e60/1118, E_0xb470e2641e60/1119, E_0xb470e2641e60/1120, E_0xb470e2641e60/1121, E_0xb470e2641e60/1122, E_0xb470e2641e60/1123, E_0xb470e2641e60/1124, E_0xb470e2641e60/1125, E_0xb470e2641e60/1126, E_0xb470e2641e60/1127, E_0xb470e2641e60/1128, E_0xb470e2641e60/1129, E_0xb470e2641e60/1130, E_0xb470e2641e60/1131, E_0xb470e2641e60/1132, E_0xb470e2641e60/1133, E_0xb470e2641e60/1134, E_0xb470e2641e60/1135, E_0xb470e2641e60/1136, E_0xb470e2641e60/1137, E_0xb470e2641e60/1138, E_0xb470e2641e60/1139, E_0xb470e2641e60/1140, E_0xb470e2641e60/1141, E_0xb470e2641e60/1142, E_0xb470e2641e60/1143, E_0xb470e2641e60/1144, E_0xb470e2641e60/1145, E_0xb470e2641e60/1146, E_0xb470e2641e60/1147, E_0xb470e2641e60/1148, E_0xb470e2641e60/1149, E_0xb470e2641e60/1150, E_0xb470e2641e60/1151, E_0xb470e2641e60/1152, E_0xb470e2641e60/1153, E_0xb470e2641e60/1154, E_0xb470e2641e60/1155, E_0xb470e2641e60/1156, E_0xb470e2641e60/1157, E_0xb470e2641e60/1158, E_0xb470e2641e60/1159, E_0xb470e2641e60/1160, E_0xb470e2641e60/1161, E_0xb470e2641e60/1162, E_0xb470e2641e60/1163, E_0xb470e2641e60/1164, E_0xb470e2641e60/1165, E_0xb470e2641e60/1166, E_0xb470e2641e60/1167, E_0xb470e2641e60/1168, E_0xb470e2641e60/1169, E_0xb470e2641e60/1170, E_0xb470e2641e60/1171, E_0xb470e2641e60/1172, E_0xb470e2641e60/1173, E_0xb470e2641e60/1174, E_0xb470e2641e60/1175, E_0xb470e2641e60/1176, E_0xb470e2641e60/1177, E_0xb470e2641e60/1178, E_0xb470e2641e60/1179, E_0xb470e2641e60/1180, E_0xb470e2641e60/1181, E_0xb470e2641e60/1182, E_0xb470e2641e60/1183, E_0xb470e2641e60/1184, E_0xb470e2641e60/1185, E_0xb470e2641e60/1186, E_0xb470e2641e60/1187, E_0xb470e2641e60/1188, E_0xb470e2641e60/1189, E_0xb470e2641e60/1190, E_0xb470e2641e60/1191, E_0xb470e2641e60/1192, E_0xb470e2641e60/1193, E_0xb470e2641e60/1194, E_0xb470e2641e60/1195, E_0xb470e2641e60/1196, E_0xb470e2641e60/1197, E_0xb470e2641e60/1198, E_0xb470e2641e60/1199, E_0xb470e2641e60/1200, E_0xb470e2641e60/1201, E_0xb470e2641e60/1202, E_0xb470e2641e60/1203, E_0xb470e2641e60/1204, E_0xb470e2641e60/1205, E_0xb470e2641e60/1206, E_0xb470e2641e60/1207, E_0xb470e2641e60/1208, E_0xb470e2641e60/1209, E_0xb470e2641e60/1210, E_0xb470e2641e60/1211, E_0xb470e2641e60/1212, E_0xb470e2641e60/1213, E_0xb470e2641e60/1214, E_0xb470e2641e60/1215, E_0xb470e2641e60/1216, E_0xb470e2641e60/1217, E_0xb470e2641e60/1218, E_0xb470e2641e60/1219, E_0xb470e2641e60/1220, E_0xb470e2641e60/1221, E_0xb470e2641e60/1222, E_0xb470e2641e60/1223, E_0xb470e2641e60/1224, E_0xb470e2641e60/1225, E_0xb470e2641e60/1226, E_0xb470e2641e60/1227, E_0xb470e2641e60/1228, E_0xb470e2641e60/1229, E_0xb470e2641e60/1230, E_0xb470e2641e60/1231, E_0xb470e2641e60/1232, E_0xb470e2641e60/1233, E_0xb470e2641e60/1234, E_0xb470e2641e60/1235, E_0xb470e2641e60/1236, E_0xb470e2641e60/1237, E_0xb470e2641e60/1238, E_0xb470e2641e60/1239, E_0xb470e2641e60/1240, E_0xb470e2641e60/1241, E_0xb470e2641e60/1242, E_0xb470e2641e60/1243, E_0xb470e2641e60/1244, E_0xb470e2641e60/1245, E_0xb470e2641e60/1246, E_0xb470e2641e60/1247, E_0xb470e2641e60/1248, E_0xb470e2641e60/1249, E_0xb470e2641e60/1250, E_0xb470e2641e60/1251, E_0xb470e2641e60/1252, E_0xb470e2641e60/1253, E_0xb470e2641e60/1254, E_0xb470e2641e60/1255, E_0xb470e2641e60/1256, E_0xb470e2641e60/1257, E_0xb470e2641e60/1258, E_0xb470e2641e60/1259, E_0xb470e2641e60/1260, E_0xb470e2641e60/1261, E_0xb470e2641e60/1262, E_0xb470e2641e60/1263, E_0xb470e2641e60/1264, E_0xb470e2641e60/1265, E_0xb470e2641e60/1266, E_0xb470e2641e60/1267, E_0xb470e2641e60/1268, E_0xb470e2641e60/1269, E_0xb470e2641e60/1270, E_0xb470e2641e60/1271, E_0xb470e2641e60/1272, E_0xb470e2641e60/1273, E_0xb470e2641e60/1274, E_0xb470e2641e60/1275, E_0xb470e2641e60/1276, E_0xb470e2641e60/1277, E_0xb470e2641e60/1278, E_0xb470e2641e60/1279, E_0xb470e2641e60/1280, E_0xb470e2641e60/1281, E_0xb470e2641e60/1282, E_0xb470e2641e60/1283, E_0xb470e2641e60/1284, E_0xb470e2641e60/1285, E_0xb470e2641e60/1286, E_0xb470e2641e60/1287, E_0xb470e2641e60/1288, E_0xb470e2641e60/1289, E_0xb470e2641e60/1290, E_0xb470e2641e60/1291, E_0xb470e2641e60/1292, E_0xb470e2641e60/1293, E_0xb470e2641e60/1294, E_0xb470e2641e60/1295, E_0xb470e2641e60/1296, E_0xb470e2641e60/1297, E_0xb470e2641e60/1298, E_0xb470e2641e60/1299, E_0xb470e2641e60/1300, E_0xb470e2641e60/1301, E_0xb470e2641e60/1302, E_0xb470e2641e60/1303, E_0xb470e2641e60/1304, E_0xb470e2641e60/1305, E_0xb470e2641e60/1306, E_0xb470e2641e60/1307, E_0xb470e2641e60/1308, E_0xb470e2641e60/1309, E_0xb470e2641e60/1310, E_0xb470e2641e60/1311, E_0xb470e2641e60/1312, E_0xb470e2641e60/1313, E_0xb470e2641e60/1314, E_0xb470e2641e60/1315, E_0xb470e2641e60/1316, E_0xb470e2641e60/1317, E_0xb470e2641e60/1318, E_0xb470e2641e60/1319, E_0xb470e2641e60/1320, E_0xb470e2641e60/1321, E_0xb470e2641e60/1322, E_0xb470e2641e60/1323, E_0xb470e2641e60/1324, E_0xb470e2641e60/1325, E_0xb470e2641e60/1326, E_0xb470e2641e60/1327, E_0xb470e2641e60/1328, E_0xb470e2641e60/1329, E_0xb470e2641e60/1330, E_0xb470e2641e60/1331, E_0xb470e2641e60/1332, E_0xb470e2641e60/1333, E_0xb470e2641e60/1334, E_0xb470e2641e60/1335, E_0xb470e2641e60/1336, E_0xb470e2641e60/1337, E_0xb470e2641e60/1338, E_0xb470e2641e60/1339, E_0xb470e2641e60/1340, E_0xb470e2641e60/1341, E_0xb470e2641e60/1342, E_0xb470e2641e60/1343, E_0xb470e2641e60/1344, E_0xb470e2641e60/1345, E_0xb470e2641e60/1346, E_0xb470e2641e60/1347, E_0xb470e2641e60/1348, E_0xb470e2641e60/1349, E_0xb470e2641e60/1350, E_0xb470e2641e60/1351, E_0xb470e2641e60/1352, E_0xb470e2641e60/1353, E_0xb470e2641e60/1354, E_0xb470e2641e60/1355, E_0xb470e2641e60/1356, E_0xb470e2641e60/1357, E_0xb470e2641e60/1358, E_0xb470e2641e60/1359, E_0xb470e2641e60/1360, E_0xb470e2641e60/1361, E_0xb470e2641e60/1362, E_0xb470e2641e60/1363, E_0xb470e2641e60/1364, E_0xb470e2641e60/1365, E_0xb470e2641e60/1366, E_0xb470e2641e60/1367, E_0xb470e2641e60/1368, E_0xb470e2641e60/1369, E_0xb470e2641e60/1370, E_0xb470e2641e60/1371, E_0xb470e2641e60/1372, E_0xb470e2641e60/1373, E_0xb470e2641e60/1374, E_0xb470e2641e60/1375, E_0xb470e2641e60/1376, E_0xb470e2641e60/1377, E_0xb470e2641e60/1378, E_0xb470e2641e60/1379, E_0xb470e2641e60/1380, E_0xb470e2641e60/1381, E_0xb470e2641e60/1382, E_0xb470e2641e60/1383, E_0xb470e2641e60/1384, E_0xb470e2641e60/1385, E_0xb470e2641e60/1386, E_0xb470e2641e60/1387, E_0xb470e2641e60/1388, E_0xb470e2641e60/1389, E_0xb470e2641e60/1390, E_0xb470e2641e60/1391, E_0xb470e2641e60/1392, E_0xb470e2641e60/1393, E_0xb470e2641e60/1394, E_0xb470e2641e60/1395, E_0xb470e2641e60/1396, E_0xb470e2641e60/1397, E_0xb470e2641e60/1398, E_0xb470e2641e60/1399, E_0xb470e2641e60/1400, E_0xb470e2641e60/1401, E_0xb470e2641e60/1402, E_0xb470e2641e60/1403, E_0xb470e2641e60/1404, E_0xb470e2641e60/1405, E_0xb470e2641e60/1406, E_0xb470e2641e60/1407, E_0xb470e2641e60/1408, E_0xb470e2641e60/1409, E_0xb470e2641e60/1410, E_0xb470e2641e60/1411, E_0xb470e2641e60/1412, E_0xb470e2641e60/1413, E_0xb470e2641e60/1414, E_0xb470e2641e60/1415, E_0xb470e2641e60/1416, E_0xb470e2641e60/1417, E_0xb470e2641e60/1418, E_0xb470e2641e60/1419, E_0xb470e2641e60/1420, E_0xb470e2641e60/1421, E_0xb470e2641e60/1422, E_0xb470e2641e60/1423, E_0xb470e2641e60/1424, E_0xb470e2641e60/1425, E_0xb470e2641e60/1426, E_0xb470e2641e60/1427, E_0xb470e2641e60/1428, E_0xb470e2641e60/1429, E_0xb470e2641e60/1430, E_0xb470e2641e60/1431, E_0xb470e2641e60/1432, E_0xb470e2641e60/1433, E_0xb470e2641e60/1434, E_0xb470e2641e60/1435, E_0xb470e2641e60/1436, E_0xb470e2641e60/1437, E_0xb470e2641e60/1438, E_0xb470e2641e60/1439, E_0xb470e2641e60/1440, E_0xb470e2641e60/1441, E_0xb470e2641e60/1442, E_0xb470e2641e60/1443, E_0xb470e2641e60/1444, E_0xb470e2641e60/1445, E_0xb470e2641e60/1446, E_0xb470e2641e60/1447, E_0xb470e2641e60/1448, E_0xb470e2641e60/1449, E_0xb470e2641e60/1450, E_0xb470e2641e60/1451, E_0xb470e2641e60/1452, E_0xb470e2641e60/1453, E_0xb470e2641e60/1454, E_0xb470e2641e60/1455, E_0xb470e2641e60/1456, E_0xb470e2641e60/1457, E_0xb470e2641e60/1458, E_0xb470e2641e60/1459, E_0xb470e2641e60/1460, E_0xb470e2641e60/1461, E_0xb470e2641e60/1462, E_0xb470e2641e60/1463, E_0xb470e2641e60/1464, E_0xb470e2641e60/1465, E_0xb470e2641e60/1466, E_0xb470e2641e60/1467, E_0xb470e2641e60/1468, E_0xb470e2641e60/1469, E_0xb470e2641e60/1470, E_0xb470e2641e60/1471, E_0xb470e2641e60/1472, E_0xb470e2641e60/1473, E_0xb470e2641e60/1474, E_0xb470e2641e60/1475, E_0xb470e2641e60/1476, E_0xb470e2641e60/1477, E_0xb470e2641e60/1478, E_0xb470e2641e60/1479, E_0xb470e2641e60/1480, E_0xb470e2641e60/1481, E_0xb470e2641e60/1482, E_0xb470e2641e60/1483, E_0xb470e2641e60/1484, E_0xb470e2641e60/1485, E_0xb470e2641e60/1486, E_0xb470e2641e60/1487, E_0xb470e2641e60/1488, E_0xb470e2641e60/1489, E_0xb470e2641e60/1490, E_0xb470e2641e60/1491, E_0xb470e2641e60/1492, E_0xb470e2641e60/1493, E_0xb470e2641e60/1494, E_0xb470e2641e60/1495, E_0xb470e2641e60/1496, E_0xb470e2641e60/1497, E_0xb470e2641e60/1498, E_0xb470e2641e60/1499, E_0xb470e2641e60/1500, E_0xb470e2641e60/1501, E_0xb470e2641e60/1502, E_0xb470e2641e60/1503, E_0xb470e2641e60/1504, E_0xb470e2641e60/1505, E_0xb470e2641e60/1506, E_0xb470e2641e60/1507, E_0xb470e2641e60/1508, E_0xb470e2641e60/1509, E_0xb470e2641e60/1510, E_0xb470e2641e60/1511, E_0xb470e2641e60/1512, E_0xb470e2641e60/1513, E_0xb470e2641e60/1514, E_0xb470e2641e60/1515, E_0xb470e2641e60/1516, E_0xb470e2641e60/1517, E_0xb470e2641e60/1518, E_0xb470e2641e60/1519, E_0xb470e2641e60/1520, E_0xb470e2641e60/1521, E_0xb470e2641e60/1522, E_0xb470e2641e60/1523, E_0xb470e2641e60/1524, E_0xb470e2641e60/1525, E_0xb470e2641e60/1526, E_0xb470e2641e60/1527, E_0xb470e2641e60/1528, E_0xb470e2641e60/1529, E_0xb470e2641e60/1530, E_0xb470e2641e60/1531, E_0xb470e2641e60/1532, E_0xb470e2641e60/1533, E_0xb470e2641e60/1534, E_0xb470e2641e60/1535, E_0xb470e2641e60/1536, E_0xb470e2641e60/1537, E_0xb470e2641e60/1538, E_0xb470e2641e60/1539, E_0xb470e2641e60/1540, E_0xb470e2641e60/1541, E_0xb470e2641e60/1542, E_0xb470e2641e60/1543, E_0xb470e2641e60/1544, E_0xb470e2641e60/1545, E_0xb470e2641e60/1546, E_0xb470e2641e60/1547, E_0xb470e2641e60/1548, E_0xb470e2641e60/1549, E_0xb470e2641e60/1550, E_0xb470e2641e60/1551, E_0xb470e2641e60/1552, E_0xb470e2641e60/1553, E_0xb470e2641e60/1554, E_0xb470e2641e60/1555, E_0xb470e2641e60/1556, E_0xb470e2641e60/1557, E_0xb470e2641e60/1558, E_0xb470e2641e60/1559, E_0xb470e2641e60/1560, E_0xb470e2641e60/1561, E_0xb470e2641e60/1562, E_0xb470e2641e60/1563, E_0xb470e2641e60/1564, E_0xb470e2641e60/1565, E_0xb470e2641e60/1566, E_0xb470e2641e60/1567, E_0xb470e2641e60/1568, E_0xb470e2641e60/1569, E_0xb470e2641e60/1570, E_0xb470e2641e60/1571, E_0xb470e2641e60/1572, E_0xb470e2641e60/1573, E_0xb470e2641e60/1574, E_0xb470e2641e60/1575, E_0xb470e2641e60/1576, E_0xb470e2641e60/1577, E_0xb470e2641e60/1578, E_0xb470e2641e60/1579, E_0xb470e2641e60/1580, E_0xb470e2641e60/1581, E_0xb470e2641e60/1582, E_0xb470e2641e60/1583, E_0xb470e2641e60/1584, E_0xb470e2641e60/1585, E_0xb470e2641e60/1586, E_0xb470e2641e60/1587, E_0xb470e2641e60/1588, E_0xb470e2641e60/1589, E_0xb470e2641e60/1590, E_0xb470e2641e60/1591, E_0xb470e2641e60/1592, E_0xb470e2641e60/1593, E_0xb470e2641e60/1594, E_0xb470e2641e60/1595, E_0xb470e2641e60/1596, E_0xb470e2641e60/1597, E_0xb470e2641e60/1598, E_0xb470e2641e60/1599, E_0xb470e2641e60/1600, E_0xb470e2641e60/1601, E_0xb470e2641e60/1602, E_0xb470e2641e60/1603, E_0xb470e2641e60/1604, E_0xb470e2641e60/1605, E_0xb470e2641e60/1606, E_0xb470e2641e60/1607, E_0xb470e2641e60/1608, E_0xb470e2641e60/1609, E_0xb470e2641e60/1610, E_0xb470e2641e60/1611, E_0xb470e2641e60/1612, E_0xb470e2641e60/1613, E_0xb470e2641e60/1614, E_0xb470e2641e60/1615, E_0xb470e2641e60/1616, E_0xb470e2641e60/1617, E_0xb470e2641e60/1618, E_0xb470e2641e60/1619, E_0xb470e2641e60/1620, E_0xb470e2641e60/1621, E_0xb470e2641e60/1622, E_0xb470e2641e60/1623, E_0xb470e2641e60/1624, E_0xb470e2641e60/1625, E_0xb470e2641e60/1626, E_0xb470e2641e60/1627, E_0xb470e2641e60/1628, E_0xb470e2641e60/1629, E_0xb470e2641e60/1630, E_0xb470e2641e60/1631, E_0xb470e2641e60/1632, E_0xb470e2641e60/1633, E_0xb470e2641e60/1634, E_0xb470e2641e60/1635, E_0xb470e2641e60/1636, E_0xb470e2641e60/1637, E_0xb470e2641e60/1638, E_0xb470e2641e60/1639, E_0xb470e2641e60/1640, E_0xb470e2641e60/1641, E_0xb470e2641e60/1642, E_0xb470e2641e60/1643, E_0xb470e2641e60/1644, E_0xb470e2641e60/1645, E_0xb470e2641e60/1646, E_0xb470e2641e60/1647, E_0xb470e2641e60/1648, E_0xb470e2641e60/1649, E_0xb470e2641e60/1650, E_0xb470e2641e60/1651, E_0xb470e2641e60/1652, E_0xb470e2641e60/1653, E_0xb470e2641e60/1654, E_0xb470e2641e60/1655, E_0xb470e2641e60/1656, E_0xb470e2641e60/1657, E_0xb470e2641e60/1658, E_0xb470e2641e60/1659, E_0xb470e2641e60/1660, E_0xb470e2641e60/1661, E_0xb470e2641e60/1662, E_0xb470e2641e60/1663, E_0xb470e2641e60/1664, E_0xb470e2641e60/1665, E_0xb470e2641e60/1666, E_0xb470e2641e60/1667, E_0xb470e2641e60/1668, E_0xb470e2641e60/1669, E_0xb470e2641e60/1670, E_0xb470e2641e60/1671, E_0xb470e2641e60/1672, E_0xb470e2641e60/1673, E_0xb470e2641e60/1674, E_0xb470e2641e60/1675, E_0xb470e2641e60/1676, E_0xb470e2641e60/1677, E_0xb470e2641e60/1678, E_0xb470e2641e60/1679, E_0xb470e2641e60/1680, E_0xb470e2641e60/1681, E_0xb470e2641e60/1682, E_0xb470e2641e60/1683, E_0xb470e2641e60/1684, E_0xb470e2641e60/1685, E_0xb470e2641e60/1686, E_0xb470e2641e60/1687, E_0xb470e2641e60/1688, E_0xb470e2641e60/1689, E_0xb470e2641e60/1690, E_0xb470e2641e60/1691, E_0xb470e2641e60/1692, E_0xb470e2641e60/1693, E_0xb470e2641e60/1694, E_0xb470e2641e60/1695, E_0xb470e2641e60/1696, E_0xb470e2641e60/1697, E_0xb470e2641e60/1698, E_0xb470e2641e60/1699, E_0xb470e2641e60/1700, E_0xb470e2641e60/1701, E_0xb470e2641e60/1702, E_0xb470e2641e60/1703, E_0xb470e2641e60/1704, E_0xb470e2641e60/1705, E_0xb470e2641e60/1706, E_0xb470e2641e60/1707, E_0xb470e2641e60/1708, E_0xb470e2641e60/1709, E_0xb470e2641e60/1710, E_0xb470e2641e60/1711, E_0xb470e2641e60/1712, E_0xb470e2641e60/1713, E_0xb470e2641e60/1714, E_0xb470e2641e60/1715, E_0xb470e2641e60/1716, E_0xb470e2641e60/1717, E_0xb470e2641e60/1718, E_0xb470e2641e60/1719, E_0xb470e2641e60/1720, E_0xb470e2641e60/1721, E_0xb470e2641e60/1722, E_0xb470e2641e60/1723, E_0xb470e2641e60/1724, E_0xb470e2641e60/1725, E_0xb470e2641e60/1726, E_0xb470e2641e60/1727, E_0xb470e2641e60/1728, E_0xb470e2641e60/1729, E_0xb470e2641e60/1730, E_0xb470e2641e60/1731, E_0xb470e2641e60/1732, E_0xb470e2641e60/1733, E_0xb470e2641e60/1734, E_0xb470e2641e60/1735, E_0xb470e2641e60/1736, E_0xb470e2641e60/1737, E_0xb470e2641e60/1738, E_0xb470e2641e60/1739, E_0xb470e2641e60/1740, E_0xb470e2641e60/1741, E_0xb470e2641e60/1742, E_0xb470e2641e60/1743, E_0xb470e2641e60/1744, E_0xb470e2641e60/1745, E_0xb470e2641e60/1746, E_0xb470e2641e60/1747, E_0xb470e2641e60/1748, E_0xb470e2641e60/1749, E_0xb470e2641e60/1750, E_0xb470e2641e60/1751, E_0xb470e2641e60/1752, E_0xb470e2641e60/1753, E_0xb470e2641e60/1754, E_0xb470e2641e60/1755, E_0xb470e2641e60/1756, E_0xb470e2641e60/1757, E_0xb470e2641e60/1758, E_0xb470e2641e60/1759, E_0xb470e2641e60/1760, E_0xb470e2641e60/1761, E_0xb470e2641e60/1762, E_0xb470e2641e60/1763, E_0xb470e2641e60/1764, E_0xb470e2641e60/1765, E_0xb470e2641e60/1766, E_0xb470e2641e60/1767, E_0xb470e2641e60/1768, E_0xb470e2641e60/1769, E_0xb470e2641e60/1770, E_0xb470e2641e60/1771, E_0xb470e2641e60/1772, E_0xb470e2641e60/1773, E_0xb470e2641e60/1774, E_0xb470e2641e60/1775, E_0xb470e2641e60/1776, E_0xb470e2641e60/1777, E_0xb470e2641e60/1778, E_0xb470e2641e60/1779, E_0xb470e2641e60/1780, E_0xb470e2641e60/1781, E_0xb470e2641e60/1782, E_0xb470e2641e60/1783, E_0xb470e2641e60/1784, E_0xb470e2641e60/1785, E_0xb470e2641e60/1786, E_0xb470e2641e60/1787, E_0xb470e2641e60/1788, E_0xb470e2641e60/1789, E_0xb470e2641e60/1790, E_0xb470e2641e60/1791, E_0xb470e2641e60/1792, E_0xb470e2641e60/1793, E_0xb470e2641e60/1794, E_0xb470e2641e60/1795, E_0xb470e2641e60/1796, E_0xb470e2641e60/1797, E_0xb470e2641e60/1798, E_0xb470e2641e60/1799, E_0xb470e2641e60/1800, E_0xb470e2641e60/1801, E_0xb470e2641e60/1802, E_0xb470e2641e60/1803, E_0xb470e2641e60/1804, E_0xb470e2641e60/1805, E_0xb470e2641e60/1806, E_0xb470e2641e60/1807, E_0xb470e2641e60/1808, E_0xb470e2641e60/1809, E_0xb470e2641e60/1810, E_0xb470e2641e60/1811, E_0xb470e2641e60/1812, E_0xb470e2641e60/1813, E_0xb470e2641e60/1814, E_0xb470e2641e60/1815, E_0xb470e2641e60/1816, E_0xb470e2641e60/1817, E_0xb470e2641e60/1818, E_0xb470e2641e60/1819, E_0xb470e2641e60/1820, E_0xb470e2641e60/1821, E_0xb470e2641e60/1822, E_0xb470e2641e60/1823, E_0xb470e2641e60/1824, E_0xb470e2641e60/1825, E_0xb470e2641e60/1826, E_0xb470e2641e60/1827, E_0xb470e2641e60/1828, E_0xb470e2641e60/1829, E_0xb470e2641e60/1830, E_0xb470e2641e60/1831, E_0xb470e2641e60/1832, E_0xb470e2641e60/1833, E_0xb470e2641e60/1834, E_0xb470e2641e60/1835, E_0xb470e2641e60/1836, E_0xb470e2641e60/1837, E_0xb470e2641e60/1838, E_0xb470e2641e60/1839, E_0xb470e2641e60/1840, E_0xb470e2641e60/1841, E_0xb470e2641e60/1842, E_0xb470e2641e60/1843, E_0xb470e2641e60/1844, E_0xb470e2641e60/1845, E_0xb470e2641e60/1846, E_0xb470e2641e60/1847, E_0xb470e2641e60/1848, E_0xb470e2641e60/1849, E_0xb470e2641e60/1850, E_0xb470e2641e60/1851, E_0xb470e2641e60/1852, E_0xb470e2641e60/1853, E_0xb470e2641e60/1854, E_0xb470e2641e60/1855, E_0xb470e2641e60/1856, E_0xb470e2641e60/1857, E_0xb470e2641e60/1858, E_0xb470e2641e60/1859, E_0xb470e2641e60/1860, E_0xb470e2641e60/1861, E_0xb470e2641e60/1862, E_0xb470e2641e60/1863, E_0xb470e2641e60/1864, E_0xb470e2641e60/1865, E_0xb470e2641e60/1866, E_0xb470e2641e60/1867, E_0xb470e2641e60/1868, E_0xb470e2641e60/1869, E_0xb470e2641e60/1870, E_0xb470e2641e60/1871, E_0xb470e2641e60/1872, E_0xb470e2641e60/1873, E_0xb470e2641e60/1874, E_0xb470e2641e60/1875, E_0xb470e2641e60/1876, E_0xb470e2641e60/1877, E_0xb470e2641e60/1878, E_0xb470e2641e60/1879, E_0xb470e2641e60/1880, E_0xb470e2641e60/1881, E_0xb470e2641e60/1882, E_0xb470e2641e60/1883, E_0xb470e2641e60/1884, E_0xb470e2641e60/1885, E_0xb470e2641e60/1886, E_0xb470e2641e60/1887, E_0xb470e2641e60/1888, E_0xb470e2641e60/1889, E_0xb470e2641e60/1890, E_0xb470e2641e60/1891, E_0xb470e2641e60/1892, E_0xb470e2641e60/1893, E_0xb470e2641e60/1894, E_0xb470e2641e60/1895, E_0xb470e2641e60/1896, E_0xb470e2641e60/1897, E_0xb470e2641e60/1898, E_0xb470e2641e60/1899, E_0xb470e2641e60/1900, E_0xb470e2641e60/1901, E_0xb470e2641e60/1902, E_0xb470e2641e60/1903, E_0xb470e2641e60/1904, E_0xb470e2641e60/1905, E_0xb470e2641e60/1906, E_0xb470e2641e60/1907, E_0xb470e2641e60/1908, E_0xb470e2641e60/1909, E_0xb470e2641e60/1910, E_0xb470e2641e60/1911, E_0xb470e2641e60/1912, E_0xb470e2641e60/1913, E_0xb470e2641e60/1914, E_0xb470e2641e60/1915, E_0xb470e2641e60/1916, E_0xb470e2641e60/1917, E_0xb470e2641e60/1918, E_0xb470e2641e60/1919, E_0xb470e2641e60/1920, E_0xb470e2641e60/1921, E_0xb470e2641e60/1922, E_0xb470e2641e60/1923, E_0xb470e2641e60/1924, E_0xb470e2641e60/1925, E_0xb470e2641e60/1926, E_0xb470e2641e60/1927, E_0xb470e2641e60/1928, E_0xb470e2641e60/1929, E_0xb470e2641e60/1930, E_0xb470e2641e60/1931, E_0xb470e2641e60/1932, E_0xb470e2641e60/1933, E_0xb470e2641e60/1934, E_0xb470e2641e60/1935, E_0xb470e2641e60/1936, E_0xb470e2641e60/1937, E_0xb470e2641e60/1938, E_0xb470e2641e60/1939, E_0xb470e2641e60/1940, E_0xb470e2641e60/1941, E_0xb470e2641e60/1942, E_0xb470e2641e60/1943, E_0xb470e2641e60/1944, E_0xb470e2641e60/1945, E_0xb470e2641e60/1946, E_0xb470e2641e60/1947, E_0xb470e2641e60/1948, E_0xb470e2641e60/1949, E_0xb470e2641e60/1950, E_0xb470e2641e60/1951, E_0xb470e2641e60/1952, E_0xb470e2641e60/1953, E_0xb470e2641e60/1954, E_0xb470e2641e60/1955, E_0xb470e2641e60/1956, E_0xb470e2641e60/1957, E_0xb470e2641e60/1958, E_0xb470e2641e60/1959, E_0xb470e2641e60/1960, E_0xb470e2641e60/1961, E_0xb470e2641e60/1962, E_0xb470e2641e60/1963, E_0xb470e2641e60/1964, E_0xb470e2641e60/1965, E_0xb470e2641e60/1966, E_0xb470e2641e60/1967, E_0xb470e2641e60/1968, E_0xb470e2641e60/1969, E_0xb470e2641e60/1970, E_0xb470e2641e60/1971, E_0xb470e2641e60/1972, E_0xb470e2641e60/1973, E_0xb470e2641e60/1974, E_0xb470e2641e60/1975, E_0xb470e2641e60/1976, E_0xb470e2641e60/1977, E_0xb470e2641e60/1978, E_0xb470e2641e60/1979, E_0xb470e2641e60/1980, E_0xb470e2641e60/1981, E_0xb470e2641e60/1982, E_0xb470e2641e60/1983, E_0xb470e2641e60/1984, E_0xb470e2641e60/1985, E_0xb470e2641e60/1986, E_0xb470e2641e60/1987, E_0xb470e2641e60/1988, E_0xb470e2641e60/1989, E_0xb470e2641e60/1990, E_0xb470e2641e60/1991, E_0xb470e2641e60/1992, E_0xb470e2641e60/1993, E_0xb470e2641e60/1994, E_0xb470e2641e60/1995, E_0xb470e2641e60/1996, E_0xb470e2641e60/1997, E_0xb470e2641e60/1998, E_0xb470e2641e60/1999, E_0xb470e2641e60/2000, E_0xb470e2641e60/2001, E_0xb470e2641e60/2002, E_0xb470e2641e60/2003, E_0xb470e2641e60/2004, E_0xb470e2641e60/2005, E_0xb470e2641e60/2006, E_0xb470e2641e60/2007, E_0xb470e2641e60/2008, E_0xb470e2641e60/2009, E_0xb470e2641e60/2010, E_0xb470e2641e60/2011, E_0xb470e2641e60/2012, E_0xb470e2641e60/2013, E_0xb470e2641e60/2014, E_0xb470e2641e60/2015, E_0xb470e2641e60/2016, E_0xb470e2641e60/2017, E_0xb470e2641e60/2018, E_0xb470e2641e60/2019, E_0xb470e2641e60/2020, E_0xb470e2641e60/2021, E_0xb470e2641e60/2022, E_0xb470e2641e60/2023, E_0xb470e2641e60/2024, E_0xb470e2641e60/2025, E_0xb470e2641e60/2026, E_0xb470e2641e60/2027, E_0xb470e2641e60/2028, E_0xb470e2641e60/2029, E_0xb470e2641e60/2030, E_0xb470e2641e60/2031, E_0xb470e2641e60/2032, E_0xb470e2641e60/2033, E_0xb470e2641e60/2034, E_0xb470e2641e60/2035, E_0xb470e2641e60/2036, E_0xb470e2641e60/2037, E_0xb470e2641e60/2038, E_0xb470e2641e60/2039, E_0xb470e2641e60/2040, E_0xb470e2641e60/2041, E_0xb470e2641e60/2042, E_0xb470e2641e60/2043, E_0xb470e2641e60/2044, E_0xb470e2641e60/2045, E_0xb470e2641e60/2046, E_0xb470e2641e60/2047, E_0xb470e2641e60/2048, E_0xb470e2641e60/2049, E_0xb470e2641e60/2050;
E_0xb470e263d6e0/0 .event anyedge, v0xb470e2665b20_0, v0xb470e2665c00_0, v0xb470e2665c00_0, v0xb470e2665c00_0;
E_0xb470e263d6e0/1 .event anyedge, v0xb470e2665c00_0, v0xb470e2665c00_0, v0xb470e2665c00_0, v0xb470e2665c00_0;
E_0xb470e263d6e0/2 .event anyedge, v0xb470e2665c00_0;
E_0xb470e263d6e0 .event/or E_0xb470e263d6e0/0, E_0xb470e263d6e0/1, E_0xb470e263d6e0/2;
L_0xb470e29d98d0 .reduce/nor o0xb470e2856618;
L_0xb470e29d9a20 .ufunc/vec4 TD_colour_bram.byte_off, 3, o0xb470e2856648, o0xb470e2856678 (v0xb470e262b3b0_0, v0xb470e2623b20_0) S_0xb470e262b070;
S_0xb470e262b070 .scope function.vec4.s3, "byte_off" "byte_off" 4 32, 4 32 0, S_0xb470e26562b0;
 .timescale 0 0;
; Variable byte_off is vec4 return value of scope S_0xb470e262b070
v0xb470e262b2d0_0 .var "ta", 15 0;
v0xb470e262b3b0_0 .var "x", 8 0;
v0xb470e2623b20_0 .var "y", 8 0;
TD_colour_bram.byte_off ;
    %load/vec4 v0xb470e2623b20_0;
    %parti/s 4, 4, 4;
    %load/vec4 v0xb470e262b3b0_0;
    %parti/s 4, 4, 4;
    %concat/vec4; draw_concat_vec4
    %load/vec4 v0xb470e2623b20_0;
    %parti/s 4, 0, 2;
    %concat/vec4; draw_concat_vec4
    %load/vec4 v0xb470e262b3b0_0;
    %parti/s 4, 0, 2;
    %concat/vec4; draw_concat_vec4
    %store/vec4 v0xb470e262b2d0_0, 0, 16;
    %load/vec4 v0xb470e262b2d0_0;
    %parti/s 3, 0, 2;
    %ret/vec4 0, 0, 3;  Assign to byte_off (store_vec4_to_lval)
    %disable/flow S_0xb470e262b070;
    %end;
S_0xb470e262df10 .scope function.vec4.s13, "word_addr" "word_addr" 4 26, 4 26 0, S_0xb470e26562b0;
 .timescale 0 0;
v0xb470e262e110_0 .var "ta", 15 0;
; Variable word_addr is vec4 return value of scope S_0xb470e262df10
v0xb470e262e2d0_0 .var "x", 8 0;
v0xb470e2665960_0 .var "y", 8 0;
TD_colour_bram.word_addr ;
    %load/vec4 v0xb470e2665960_0;
    %parti/s 4, 4, 4;
    %load/vec4 v0xb470e262e2d0_0;
    %parti/s 4, 4, 4;
    %concat/vec4; draw_concat_vec4
    %load/vec4 v0xb470e2665960_0;
    %parti/s 4, 0, 2;
    %concat/vec4; draw_concat_vec4
    %load/vec4 v0xb470e262e2d0_0;
    %parti/s 4, 0, 2;
    %concat/vec4; draw_concat_vec4
    %store/vec4 v0xb470e262e110_0, 0, 16;
    %load/vec4 v0xb470e262e110_0;
    %parti/s 13, 3, 3;
    %ret/vec4 0, 0, 13;  Assign to word_addr (store_vec4_to_lval)
    %disable/flow S_0xb470e262df10;
    %end;
S_0xb470e2656440 .scope module, "comparator" "comparator" 5 4;
 .timescale 0 0;
    .port_info 0 /INPUT 1 "clk";
    .port_info 1 /INPUT 1 "rst";
    .port_info 2 /INPUT 1 "sched_reset";
    .port_info 3 /INPUT 9 "top_left_x";
    .port_info 4 /INPUT 9 "top_left_y";
    .port_info 5 /INPUT 9 "quad_size";
    .port_info 6 /INPUT 11 "expected_count";
    .port_info 7 /INPUT 1 "comp_valid";
    .port_info 8 /INPUT 22 "comp_data";
    .port_info 9 /OUTPUT 1 "comp_pop";
    .port_info 10 /OUTPUT 6 "ref_colour_o";
    .port_info 11 /OUTPUT 1 "differ";
    .port_info 12 /OUTPUT 1 "complete";
L_0xb470e2641770 .functor AND 1, L_0xb470e29d9de0, L_0xb470e29da050, C4<1>, C4<1>;
L_0xb470e2854640 .functor AND 1, L_0xb470e2641770, L_0xb470e29da250, C4<1>, C4<1>;
L_0xb470e29da480 .functor AND 1, L_0xb470e2854640, L_0xb470e29da5e0, C4<1>, C4<1>;
o0xb470e2922c08 .functor BUFZ 1, C4<z>; HiZ drive
L_0xb470e29da770 .functor BUFZ 1, o0xb470e2922c08, C4<0>, C4<0>, C4<0>;
v0xb470e2972500_0 .net *"_ivl_10", 0 0, L_0xb470e29da050;  1 drivers
v0xb470e29725e0_0 .net *"_ivl_13", 0 0, L_0xb470e2641770;  1 drivers
v0xb470e29726a0_0 .net *"_ivl_14", 0 0, L_0xb470e29da250;  1 drivers
v0xb470e2972740_0 .net *"_ivl_17", 0 0, L_0xb470e2854640;  1 drivers
v0xb470e2972800_0 .net *"_ivl_18", 8 0, L_0xb470e29da3e0;  1 drivers
v0xb470e29728e0_0 .net *"_ivl_20", 0 0, L_0xb470e29da5e0;  1 drivers
v0xb470e29729a0_0 .net *"_ivl_6", 0 0, L_0xb470e29d9de0;  1 drivers
v0xb470e2972a60_0 .net *"_ivl_8", 8 0, L_0xb470e29d9f30;  1 drivers
o0xb470e2922b78 .functor BUFZ 1, C4<z>; HiZ drive
v0xb470e2972b40_0 .net "clk", 0 0, o0xb470e2922b78;  0 drivers
o0xb470e2922ba8 .functor BUFZ 22, C4<zzzzzzzzzzzzzzzzzzzzzz>; HiZ drive
v0xb470e2972c00_0 .net "comp_data", 21 0, o0xb470e2922ba8;  0 drivers
v0xb470e2972ce0_0 .net "comp_pop", 0 0, L_0xb470e29da770;  1 drivers
v0xb470e2972da0_0 .net "comp_valid", 0 0, o0xb470e2922c08;  0 drivers
v0xb470e2972e60_0 .var "complete", 0 0;
v0xb470e2972f20_0 .var "differ", 0 0;
v0xb470e2972fe0_0 .net "entry_colour", 3 0, L_0xb470e29d9d40;  1 drivers
v0xb470e29730c0_0 .net "entry_x", 8 0, L_0xb470e29d9b20;  1 drivers
v0xb470e29731a0_0 .net "entry_y", 8 0, L_0xb470e29d9c20;  1 drivers
o0xb470e2922d28 .functor BUFZ 11, C4<zzzzzzzzzzz>; HiZ drive
v0xb470e2973280_0 .net "expected_count", 10 0, o0xb470e2922d28;  0 drivers
v0xb470e2973360_0 .net "in_bounds", 0 0, L_0xb470e29da480;  1 drivers
o0xb470e2922d88 .functor BUFZ 9, C4<zzzzzzzzz>; HiZ drive
v0xb470e2973420_0 .net "quad_size", 8 0, o0xb470e2922d88;  0 drivers
v0xb470e2973500_0 .var "ref_colour", 3 0;
v0xb470e29735e0_0 .var "ref_colour_o", 5 0;
v0xb470e29736c0_0 .var "ref_valid", 0 0;
o0xb470e2922e48 .functor BUFZ 1, C4<z>; HiZ drive
v0xb470e2973780_0 .net "rst", 0 0, o0xb470e2922e48;  0 drivers
o0xb470e2922e78 .functor BUFZ 1, C4<z>; HiZ drive
v0xb470e2973840_0 .net "sched_reset", 0 0, o0xb470e2922e78;  0 drivers
v0xb470e2973900_0 .var "seen_count", 10 0;
o0xb470e2922ed8 .functor BUFZ 9, C4<zzzzzzzzz>; HiZ drive
v0xb470e29739e0_0 .net "top_left_x", 8 0, o0xb470e2922ed8;  0 drivers
o0xb470e2922f08 .functor BUFZ 9, C4<zzzzzzzzz>; HiZ drive
v0xb470e2973ac0_0 .net "top_left_y", 8 0, o0xb470e2922f08;  0 drivers
E_0xb470e2642150 .event posedge, v0xb470e2972b40_0;
L_0xb470e29d9b20 .part o0xb470e2922ba8, 0, 9;
L_0xb470e29d9c20 .part o0xb470e2922ba8, 9, 9;
L_0xb470e29d9d40 .part o0xb470e2922ba8, 18, 4;
L_0xb470e29d9de0 .cmp/ge 9, L_0xb470e29d9b20, o0xb470e2922ed8;
L_0xb470e29d9f30 .arith/sum 9, o0xb470e2922ed8, o0xb470e2922d88;
L_0xb470e29da050 .cmp/gt 9, L_0xb470e29d9f30, L_0xb470e29d9b20;
L_0xb470e29da250 .cmp/ge 9, L_0xb470e29d9c20, o0xb470e2922f08;
L_0xb470e29da3e0 .arith/sum 9, o0xb470e2922f08, o0xb470e2922d88;
L_0xb470e29da5e0 .cmp/gt 9, L_0xb470e29da3e0, L_0xb470e29d9c20;
S_0xb470e2633060 .scope module, "complete_queue_handler" "complete_queue_handler" 6 5;
 .timescale 0 0;
    .port_info 0 /INPUT 1 "clk";
    .port_info 1 /INPUT 1 "rst";
    .port_info 2 /INPUT 1 "done";
    .port_info 3 /INPUT 9 "iter_x";
    .port_info 4 /INPUT 9 "iter_y";
    .port_info 5 /INPUT 4 "iter_colour";
    .port_info 6 /INPUT 1 "comp_pop";
    .port_info 7 /OUTPUT 1 "comp_valid";
    .port_info 8 /OUTPUT 22 "comp_data";
    .port_info 9 /OUTPUT 1 "full_err";
o0xb470e2923868 .functor BUFZ 1, C4<z>; HiZ drive
L_0xb470e29daf60 .functor AND 1, o0xb470e2923868, L_0xb470e29dae90, C4<1>, C4<1>;
L_0xb470e29db000 .functor AND 1, o0xb470e2923868, L_0xb470e29da7e0, C4<1>, C4<1>;
v0xb470e2975b30_0 .net *"_ivl_3", 0 0, L_0xb470e29dae90;  1 drivers
o0xb470e2923298 .functor BUFZ 1, C4<z>; HiZ drive
v0xb470e2975c10_0 .net "clk", 0 0, o0xb470e2923298;  0 drivers
v0xb470e2975cd0_0 .net "comp_data", 21 0, L_0xb470e29dac50;  1 drivers
o0xb470e2923418 .functor BUFZ 1, C4<z>; HiZ drive
v0xb470e2975dc0_0 .net "comp_pop", 0 0, o0xb470e2923418;  0 drivers
v0xb470e2975eb0_0 .net "comp_valid", 0 0, L_0xb470e29db0c0;  1 drivers
v0xb470e2975fa0_0 .net "done", 0 0, o0xb470e2923868;  0 drivers
v0xb470e2976060_0 .net "full_err", 0 0, L_0xb470e29db000;  1 drivers
o0xb470e29238c8 .functor BUFZ 4, C4<zzzz>; HiZ drive
v0xb470e2976120_0 .net "iter_colour", 3 0, o0xb470e29238c8;  0 drivers
o0xb470e29238f8 .functor BUFZ 9, C4<zzzzzzzzz>; HiZ drive
v0xb470e2976200_0 .net "iter_x", 8 0, o0xb470e29238f8;  0 drivers
o0xb470e2923928 .functor BUFZ 9, C4<zzzzzzzzz>; HiZ drive
v0xb470e29762e0_0 .net "iter_y", 8 0, o0xb470e2923928;  0 drivers
v0xb470e29763c0_0 .net "q_data_in", 21 0, L_0xb470e29dad60;  1 drivers
v0xb470e2976480_0 .net "q_empty", 0 0, L_0xb470e29da8d0;  1 drivers
v0xb470e2976570_0 .net "q_full", 0 0, L_0xb470e29da7e0;  1 drivers
v0xb470e2976660_0 .net "q_push", 0 0, L_0xb470e29daf60;  1 drivers
o0xb470e2923478 .functor BUFZ 1, C4<z>; HiZ drive
v0xb470e2976750_0 .net "rst", 0 0, o0xb470e2923478;  0 drivers
L_0xb470e29dad60 .concat [ 9 9 4 0], o0xb470e29238f8, o0xb470e2923928, o0xb470e29238c8;
L_0xb470e29dae90 .reduce/nor L_0xb470e29da7e0;
L_0xb470e29db0c0 .reduce/nor L_0xb470e29da8d0;
S_0xb470e2973d40 .scope module, "u_complete_queue" "complete_queue" 6 28, 7 3 0, S_0xb470e2633060;
 .timescale 0 0;
    .port_info 0 /INPUT 1 "clk";
    .port_info 1 /INPUT 1 "rst";
    .port_info 2 /INPUT 1 "push";
    .port_info 3 /INPUT 22 "data_in";
    .port_info 4 /INPUT 1 "pop";
    .port_info 5 /OUTPUT 22 "data_out";
    .port_info 6 /OUTPUT 1 "full";
    .port_info 7 /OUTPUT 1 "empty";
v0xb470e29755a0_0 .net "clk", 0 0, o0xb470e2923298;  alias, 0 drivers
v0xb470e2975660_0 .net "data_in", 21 0, L_0xb470e29dad60;  alias, 1 drivers
v0xb470e2975700_0 .net "data_out", 21 0, L_0xb470e29dac50;  alias, 1 drivers
v0xb470e29757a0_0 .net "empty", 0 0, L_0xb470e29da8d0;  alias, 1 drivers
v0xb470e2975840_0 .net "full", 0 0, L_0xb470e29da7e0;  alias, 1 drivers
v0xb470e29758e0_0 .net "pop", 0 0, o0xb470e2923418;  alias, 0 drivers
v0xb470e2975980_0 .net "push", 0 0, L_0xb470e29daf60;  alias, 1 drivers
v0xb470e2975a20_0 .net "rst", 0 0, o0xb470e2923478;  alias, 0 drivers
S_0xb470e2974010 .scope module, "u_fifo" "fifo" 7 22, 8 4 0, S_0xb470e2973d40;
 .timescale 0 0;
    .port_info 0 /INPUT 1 "clk";
    .port_info 1 /INPUT 1 "rst";
    .port_info 2 /INPUT 1 "flush";
    .port_info 3 /INPUT 1 "push";
    .port_info 4 /INPUT 22 "data_in";
    .port_info 5 /INPUT 1 "pop";
    .port_info 6 /OUTPUT 22 "data_out";
    .port_info 7 /OUTPUT 1 "full";
    .port_info 8 /OUTPUT 1 "empty";
P_0xb470e2974210 .param/l "DATA_WIDTH" 0 8 5, +C4<00000000000000000000000000010110>;
P_0xb470e2974250 .param/l "DEPTH" 0 8 6, +C4<00000000000000000000000000100000>;
P_0xb470e2974290 .param/l "PTR_W" 1 8 22, +C4<00000000000000000000000000000101>;
L_0xb470e29dac50 .functor BUFZ 22, L_0xb470e29daa10, C4<0000000000000000000000>, C4<0000000000000000000000>, C4<0000000000000000000000>;
L_0xb470e2981600 .functor BUFT 1, C4<100000>, C4<0>, C4<0>, C4<0>;
v0xb470e2974460_0 .net/2u *"_ivl_0", 5 0, L_0xb470e2981600;  1 drivers
v0xb470e2974560_0 .net *"_ivl_10", 6 0, L_0xb470e29daab0;  1 drivers
L_0xb470e2981690 .functor BUFT 1, C4<00>, C4<0>, C4<0>, C4<0>;
v0xb470e2974640_0 .net *"_ivl_13", 1 0, L_0xb470e2981690;  1 drivers
L_0xb470e2981648 .functor BUFT 1, C4<000000>, C4<0>, C4<0>, C4<0>;
v0xb470e2974700_0 .net/2u *"_ivl_4", 5 0, L_0xb470e2981648;  1 drivers
v0xb470e29747e0_0 .net *"_ivl_8", 21 0, L_0xb470e29daa10;  1 drivers
v0xb470e2974910_0 .net "clk", 0 0, o0xb470e2923298;  alias, 0 drivers
v0xb470e29749d0_0 .var "count", 5 0;
v0xb470e2974ab0_0 .net "data_in", 21 0, L_0xb470e29dad60;  alias, 1 drivers
v0xb470e2974b90_0 .net "data_out", 21 0, L_0xb470e29dac50;  alias, 1 drivers
v0xb470e2974c70_0 .net "empty", 0 0, L_0xb470e29da8d0;  alias, 1 drivers
L_0xb470e29816d8 .functor BUFT 1, C4<0>, C4<0>, C4<0>, C4<0>;
v0xb470e2974d30_0 .net "flush", 0 0, L_0xb470e29816d8;  1 drivers
v0xb470e2974df0_0 .net "full", 0 0, L_0xb470e29da7e0;  alias, 1 drivers
v0xb470e2974eb0_0 .var "head", 4 0;
v0xb470e2974f90 .array "mem", 31 0, 21 0;
v0xb470e2975050_0 .net "pop", 0 0, o0xb470e2923418;  alias, 0 drivers
v0xb470e2975110_0 .net "push", 0 0, L_0xb470e29daf60;  alias, 1 drivers
v0xb470e29751d0_0 .net "rst", 0 0, o0xb470e2923478;  alias, 0 drivers
v0xb470e29753a0_0 .var "tail", 4 0;
E_0xb470e263e570 .event posedge, v0xb470e2974910_0;
L_0xb470e29da7e0 .cmp/eq 6, v0xb470e29749d0_0, L_0xb470e2981600;
L_0xb470e29da8d0 .cmp/eq 6, v0xb470e29749d0_0, L_0xb470e2981648;
L_0xb470e29daa10 .array/port v0xb470e2974f90, L_0xb470e29daab0;
L_0xb470e29daab0 .concat [ 5 2 0 0], v0xb470e29753a0_0, L_0xb470e2981690;
S_0xb470e26332f0 .scope module, "job_queue_handler" "job_queue_handler" 9 4;
 .timescale 0 0;
    .port_info 0 /INPUT 1 "clk";
    .port_info 1 /INPUT 1 "rst";
    .port_info 2 /INPUT 18 "sched_coord";
    .port_info 3 /INPUT 1 "sched_push";
    .port_info 4 /OUTPUT 1 "sched_stall";
    .port_info 5 /INPUT 1 "flush";
    .port_info 6 /INPUT 1 "wants_job";
    .port_info 7 /OUTPUT 1 "grant";
    .port_info 8 /OUTPUT 18 "coord_out";
L_0xb470e29db730 .functor BUFZ 1, L_0xb470e29db220, C4<0>, C4<0>, C4<0>;
o0xb470e2924288 .functor BUFZ 1, C4<z>; HiZ drive
L_0xb470e29db8d0 .functor AND 1, o0xb470e2924288, L_0xb470e29db830, C4<1>, C4<1>;
o0xb470e29242e8 .functor BUFZ 1, C4<z>; HiZ drive
L_0xb470e29dbaa0 .functor AND 1, o0xb470e29242e8, L_0xb470e29db970, C4<1>, C4<1>;
v0xb470e29789f0_0 .net *"_ivl_3", 0 0, L_0xb470e29db830;  1 drivers
v0xb470e2978ad0_0 .net *"_ivl_7", 0 0, L_0xb470e29db970;  1 drivers
o0xb470e2923c28 .functor BUFZ 1, C4<z>; HiZ drive
v0xb470e2978b90_0 .net "clk", 0 0, o0xb470e2923c28;  0 drivers
v0xb470e2978c60_0 .var "coord_out", 17 0;
o0xb470e2923d18 .functor BUFZ 1, C4<z>; HiZ drive
v0xb470e2978d20_0 .net "flush", 0 0, o0xb470e2923d18;  0 drivers
v0xb470e2978e60_0 .var "grant", 0 0;
v0xb470e2978f20_0 .net "q_data_out", 17 0, L_0xb470e29db670;  1 drivers
v0xb470e2979030_0 .net "q_empty", 0 0, L_0xb470e29db2f0;  1 drivers
v0xb470e2979120_0 .net "q_full", 0 0, L_0xb470e29db220;  1 drivers
v0xb470e2979250_0 .net "q_pop", 0 0, L_0xb470e29dbaa0;  1 drivers
v0xb470e2979340_0 .net "q_push", 0 0, L_0xb470e29db8d0;  1 drivers
o0xb470e2923e08 .functor BUFZ 1, C4<z>; HiZ drive
v0xb470e2979430_0 .net "rst", 0 0, o0xb470e2923e08;  0 drivers
o0xb470e2923c88 .functor BUFZ 18, C4<zzzzzzzzzzzzzzzzzz>; HiZ drive
v0xb470e2979520_0 .net "sched_coord", 17 0, o0xb470e2923c88;  0 drivers
v0xb470e2979630_0 .net "sched_push", 0 0, o0xb470e2924288;  0 drivers
v0xb470e29796f0_0 .net "sched_stall", 0 0, L_0xb470e29db730;  1 drivers
v0xb470e29797b0_0 .net "wants_job", 0 0, o0xb470e29242e8;  0 drivers
L_0xb470e29db830 .reduce/nor L_0xb470e29db220;
L_0xb470e29db970 .reduce/nor L_0xb470e29db2f0;
S_0xb470e29769e0 .scope module, "u_job_queue" "job_queue" 9 27, 10 3 0, S_0xb470e26332f0;
 .timescale 0 0;
    .port_info 0 /INPUT 1 "clk";
    .port_info 1 /INPUT 1 "rst";
    .port_info 2 /INPUT 1 "flush";
    .port_info 3 /INPUT 1 "push";
    .port_info 4 /INPUT 18 "data_in";
    .port_info 5 /INPUT 1 "pop";
    .port_info 6 /OUTPUT 18 "data_out";
    .port_info 7 /OUTPUT 1 "full";
    .port_info 8 /OUTPUT 1 "empty";
v0xb470e2978380_0 .net "clk", 0 0, o0xb470e2923c28;  alias, 0 drivers
v0xb470e2978440_0 .net "data_in", 17 0, o0xb470e2923c88;  alias, 0 drivers
v0xb470e29784e0_0 .net "data_out", 17 0, L_0xb470e29db670;  alias, 1 drivers
v0xb470e2978580_0 .net "empty", 0 0, L_0xb470e29db2f0;  alias, 1 drivers
v0xb470e2978620_0 .net "flush", 0 0, o0xb470e2923d18;  alias, 0 drivers
v0xb470e29786c0_0 .net "full", 0 0, L_0xb470e29db220;  alias, 1 drivers
v0xb470e2978760_0 .net "pop", 0 0, L_0xb470e29dbaa0;  alias, 1 drivers
v0xb470e2978830_0 .net "push", 0 0, L_0xb470e29db8d0;  alias, 1 drivers
v0xb470e2978900_0 .net "rst", 0 0, o0xb470e2923e08;  alias, 0 drivers
S_0xb470e2976d10 .scope module, "u_fifo" "fifo" 10 23, 8 4 0, S_0xb470e29769e0;
 .timescale 0 0;
    .port_info 0 /INPUT 1 "clk";
    .port_info 1 /INPUT 1 "rst";
    .port_info 2 /INPUT 1 "flush";
    .port_info 3 /INPUT 1 "push";
    .port_info 4 /INPUT 18 "data_in";
    .port_info 5 /INPUT 1 "pop";
    .port_info 6 /OUTPUT 18 "data_out";
    .port_info 7 /OUTPUT 1 "full";
    .port_info 8 /OUTPUT 1 "empty";
P_0xb470e2976f10 .param/l "DATA_WIDTH" 0 8 5, +C4<00000000000000000000000000010010>;
P_0xb470e2976f50 .param/l "DEPTH" 0 8 6, +C4<00000000000000000000100000000000>;
P_0xb470e2976f90 .param/l "PTR_W" 1 8 22, +C4<00000000000000000000000000001011>;
L_0xb470e29db670 .functor BUFZ 18, L_0xb470e29db430, C4<000000000000000000>, C4<000000000000000000>, C4<000000000000000000>;
L_0xb470e2981720 .functor BUFT 1, C4<100000000000>, C4<0>, C4<0>, C4<0>;
v0xb470e2977240_0 .net/2u *"_ivl_0", 11 0, L_0xb470e2981720;  1 drivers
v0xb470e2977340_0 .net *"_ivl_10", 12 0, L_0xb470e29db4d0;  1 drivers
L_0xb470e29817b0 .functor BUFT 1, C4<00>, C4<0>, C4<0>, C4<0>;
v0xb470e2977420_0 .net *"_ivl_13", 1 0, L_0xb470e29817b0;  1 drivers
L_0xb470e2981768 .functor BUFT 1, C4<000000000000>, C4<0>, C4<0>, C4<0>;
v0xb470e29774e0_0 .net/2u *"_ivl_4", 11 0, L_0xb470e2981768;  1 drivers
v0xb470e29775c0_0 .net *"_ivl_8", 17 0, L_0xb470e29db430;  1 drivers
v0xb470e29776f0_0 .net "clk", 0 0, o0xb470e2923c28;  alias, 0 drivers
v0xb470e29777b0_0 .var "count", 11 0;
v0xb470e2977890_0 .net "data_in", 17 0, o0xb470e2923c88;  alias, 0 drivers
v0xb470e2977970_0 .net "data_out", 17 0, L_0xb470e29db670;  alias, 1 drivers
v0xb470e2977a50_0 .net "empty", 0 0, L_0xb470e29db2f0;  alias, 1 drivers
v0xb470e2977b10_0 .net "flush", 0 0, o0xb470e2923d18;  alias, 0 drivers
v0xb470e2977bd0_0 .net "full", 0 0, L_0xb470e29db220;  alias, 1 drivers
v0xb470e2977c90_0 .var "head", 10 0;
v0xb470e2977d70 .array "mem", 2047 0, 17 0;
v0xb470e2977e30_0 .net "pop", 0 0, L_0xb470e29dbaa0;  alias, 1 drivers
v0xb470e2977ef0_0 .net "push", 0 0, L_0xb470e29db8d0;  alias, 1 drivers
v0xb470e2977fb0_0 .net "rst", 0 0, o0xb470e2923e08;  alias, 0 drivers
v0xb470e2978180_0 .var "tail", 10 0;
E_0xb470e263e160 .event posedge, v0xb470e29776f0_0;
L_0xb470e29db220 .cmp/eq 12, v0xb470e29777b0_0, L_0xb470e2981720;
L_0xb470e29db2f0 .cmp/eq 12, v0xb470e29777b0_0, L_0xb470e2981768;
L_0xb470e29db430 .array/port v0xb470e2977d70, L_0xb470e29db4d0;
L_0xb470e29db4d0 .concat [ 11 2 0 0], v0xb470e2978180_0, L_0xb470e29817b0;
S_0xb470e25e4500 .scope module, "state_bram" "state_bram" 11 5;
 .timescale 0 0;
    .port_info 0 /INPUT 1 "clk";
    .port_info 1 /INPUT 1 "rst";
    .port_info 2 /INPUT 9 "a_x";
    .port_info 3 /INPUT 9 "a_y";
    .port_info 4 /INPUT 1 "a_rd";
    .port_info 5 /INPUT 1 "a_we";
    .port_info 6 /INPUT 2 "a_wstate";
    .port_info 7 /OUTPUT 2 "a_rstate";
L_0xb470e29dc6f0 .functor BUFZ 8, L_0xb470e29dc4b0, C4<00000000>, C4<00000000>, C4<00000000>;
v0xb470e2979cf0_0 .net *"_ivl_1", 3 0, L_0xb470e29dbb40;  1 drivers
L_0xb470e29817f8 .functor BUFT 1, C4<00000000>, C4<0>, C4<0>, C4<0>;
v0xb470e2979df0_0 .net/2u *"_ivl_14", 7 0, L_0xb470e29817f8;  1 drivers
v0xb470e2979ed0_0 .net *"_ivl_18", 7 0, L_0xb470e29dc4b0;  1 drivers
v0xb470e2979f90_0 .net *"_ivl_20", 15 0, L_0xb470e29dc550;  1 drivers
L_0xb470e2981840 .functor BUFT 1, C4<00>, C4<0>, C4<0>, C4<0>;
v0xb470e297a070_0 .net *"_ivl_23", 1 0, L_0xb470e2981840;  1 drivers
v0xb470e297a1a0_0 .net *"_ivl_3", 3 0, L_0xb470e29dbc10;  1 drivers
v0xb470e297a280_0 .net *"_ivl_5", 3 0, L_0xb470e29dbd10;  1 drivers
v0xb470e297a360_0 .net *"_ivl_7", 3 0, L_0xb470e29dbe30;  1 drivers
o0xb470e2924678 .functor BUFZ 1, C4<z>; HiZ drive
v0xb470e297a440_0 .net "a_rd", 0 0, o0xb470e2924678;  0 drivers
v0xb470e297a590_0 .var "a_rstate", 1 0;
o0xb470e29246d8 .functor BUFZ 1, C4<z>; HiZ drive
v0xb470e297a670_0 .net "a_we", 0 0, o0xb470e29246d8;  0 drivers
o0xb470e2924708 .functor BUFZ 2, C4<zz>; HiZ drive
v0xb470e297a730_0 .net "a_wstate", 1 0, o0xb470e2924708;  0 drivers
o0xb470e2924738 .functor BUFZ 9, C4<zzzzzzzzz>; HiZ drive
v0xb470e297a810_0 .net "a_x", 8 0, o0xb470e2924738;  0 drivers
o0xb470e2924768 .functor BUFZ 9, C4<zzzzzzzzz>; HiZ drive
v0xb470e297a8f0_0 .net "a_y", 8 0, o0xb470e2924768;  0 drivers
v0xb470e297a9d0_0 .net "bit_slot", 1 0, L_0xb470e29dc290;  1 drivers
v0xb470e297aab0_0 .net "byte_addr", 13 0, L_0xb470e29dc160;  1 drivers
o0xb470e29247f8 .functor BUFZ 1, C4<z>; HiZ drive
v0xb470e297ab90_0 .net "clk", 0 0, o0xb470e29247f8;  0 drivers
v0xb470e297ad60_0 .net "cur_byte", 7 0, L_0xb470e29dc6f0;  1 drivers
v0xb470e297ae40 .array "mem", 16383 0, 7 0;
v0xb470e297af20_0 .var "new_byte", 7 0;
v0xb470e297b000_0 .var "post_rst", 0 0;
v0xb470e297b0c0_0 .var "rd_byte", 7 0;
v0xb470e297b1a0_0 .net "rd_byte_out", 7 0, L_0xb470e29dc3c0;  1 drivers
o0xb470e2924918 .functor BUFZ 1, C4<z>; HiZ drive
v0xb470e297b280_0 .net "rst", 0 0, o0xb470e2924918;  0 drivers
v0xb470e297b340_0 .net "tile_addr", 15 0, L_0xb470e29dbf50;  1 drivers
E_0xb470e263de20 .event posedge, v0xb470e297ab90_0;
E_0xb470e2642b40 .event anyedge, v0xb470e297ad60_0, v0xb470e297a9d0_0, v0xb470e297a730_0;
E_0xb470e2641c10/0 .event anyedge, v0xb470e297a9d0_0, v0xb470e297b1a0_0, v0xb470e297b1a0_0, v0xb470e297b1a0_0;
E_0xb470e2641c10/1 .event anyedge, v0xb470e297b1a0_0;
E_0xb470e2641c10 .event/or E_0xb470e2641c10/0, E_0xb470e2641c10/1;
L_0xb470e29dbb40 .part o0xb470e2924768, 4, 4;
L_0xb470e29dbc10 .part o0xb470e2924738, 4, 4;
L_0xb470e29dbd10 .part o0xb470e2924768, 0, 4;
L_0xb470e29dbe30 .part o0xb470e2924738, 0, 4;
L_0xb470e29dbf50 .concat [ 4 4 4 4], L_0xb470e29dbe30, L_0xb470e29dbd10, L_0xb470e29dbc10, L_0xb470e29dbb40;
L_0xb470e29dc160 .part L_0xb470e29dbf50, 2, 14;
L_0xb470e29dc290 .part L_0xb470e29dbf50, 0, 2;
L_0xb470e29dc3c0 .functor MUXZ 8, v0xb470e297b0c0_0, L_0xb470e29817f8, v0xb470e297b000_0, C4<>;
L_0xb470e29dc4b0 .array/port v0xb470e297ae40, L_0xb470e29dc550;
L_0xb470e29dc550 .concat [ 14 2 0 0], L_0xb470e29dc160, L_0xb470e2981840;
S_0xb470e2979a40 .scope begin, "$ivl_for_loop2" "$ivl_for_loop2" 11 68, 11 68 0, S_0xb470e25e4500;
 .timescale 0 0;
v0xb470e2979bf0_0 .var/2s "i", 31 0;
S_0xb470e25e4760 .scope module, "tb_tile_table" "tb_tile_table" 12 3;
 .timescale -9 -12;
v0xb470e2980320_0 .var "clk", 0 0;
v0xb470e29803e0_0 .var/str "current_suite";
v0xb470e2980480_0 .var/2s "fail_count", 31 0;
v0xb470e2980540_0 .var "got_col", 5 0;
v0xb470e2980620_0 .var "got_filled", 0 0;
v0xb470e2980730_0 .net "rd_fill_colour", 5 0, L_0xb470e29dcd60;  1 drivers
v0xb470e29807f0_0 .var "rd_index", 7 0;
v0xb470e2980890_0 .net "rd_is_filled", 0 0, L_0xb470e29dca10;  1 drivers
v0xb470e2980930_0 .var "rst", 0 0;
v0xb470e2980a60_0 .var/2s "tests_failed", 31 0;
v0xb470e2980b00_0 .var/2s "tests_passed", 31 0;
v0xb470e2980bc0_0 .var/2s "tests_run", 31 0;
v0xb470e2980ca0_0 .var "wr_quad_colour", 5 0;
v0xb470e2980d60_0 .var "wr_quad_en", 0 0;
v0xb470e2980e30_0 .var "wr_quad_size", 7 0;
v0xb470e2980f00_0 .var "wr_quad_tlx", 7 0;
v0xb470e2980fd0_0 .var "wr_quad_tly", 7 0;
v0xb470e29811b0_0 .var "wr_single_colour", 5 0;
v0xb470e2981280_0 .var "wr_single_en", 0 0;
v0xb470e2981350_0 .var "wr_single_filled", 0 0;
v0xb470e2981420_0 .var "wr_single_index", 7 0;
S_0xb470e297b520 .scope begin, "$ivl_for_loop6" "$ivl_for_loop6" 12 109, 12 109 0, S_0xb470e25e4760;
 .timescale -9 -12;
v0xb470e297b6d0_0 .var/2s "i", 31 0;
S_0xb470e297b7d0 .scope begin, "$ivl_for_loop7" "$ivl_for_loop7" 12 170, 12 170 0, S_0xb470e25e4760;
 .timescale -9 -12;
v0xb470e297bcb0_0 .var/2s "row", 31 0;
S_0xb470e297b9d0 .scope begin, "$ivl_for_loop8" "$ivl_for_loop8" 12 171, 12 171 0, S_0xb470e297b7d0;
 .timescale -9 -12;
v0xb470e297bbb0_0 .var/2s "col", 31 0;
S_0xb470e297bdb0 .scope autotask, "check" "check" 12 15, 12 15 0, S_0xb470e25e4760;
 .timescale -9 -12;
v0xb470e297bf90_0 .var "cond", 0 0;
v0xb470e297c050_0 .var/str "desc";
TD_tb_tile_table.check ;
    ; show_stmt_assign_vector: Get l-value for compressed += operand
    %load/vec4 v0xb470e2980bc0_0;
    %pushi/vec4 1, 0, 32;
    %add;
    %cast2;
    %store/vec4 v0xb470e2980bc0_0, 0, 32;
    %load/vec4 v0xb470e297bf90_0;
    %flag_set/vec4 8;
    %jmp/0xz  T_2.0, 8;
    ; show_stmt_assign_vector: Get l-value for compressed += operand
    %load/vec4 v0xb470e2980b00_0;
    %pushi/vec4 1, 0, 32;
    %add;
    %cast2;
    %store/vec4 v0xb470e2980b00_0, 0, 32;
    %vpi_call/w 12 17 "$display", "  [PASS] %s", v0xb470e297c050_0 {0 0 0};
    %jmp T_2.1;
T_2.0 ;
    ; show_stmt_assign_vector: Get l-value for compressed += operand
    %load/vec4 v0xb470e2980a60_0;
    %pushi/vec4 1, 0, 32;
    %add;
    %cast2;
    %store/vec4 v0xb470e2980a60_0, 0, 32;
    %vpi_call/w 12 18 "$display", "  [FAIL] %s  (suite: %s)", v0xb470e297c050_0, v0xb470e29803e0_0 {0 0 0};
T_2.1 ;
    %end;
S_0xb470e297c110 .scope module, "dut" "tile_table" 12 45, 13 4 0, S_0xb470e25e4760;
 .timescale 0 0;
    .port_info 0 /INPUT 1 "clk";
    .port_info 1 /INPUT 1 "rst";
    .port_info 2 /INPUT 1 "wr_single_en";
    .port_info 3 /INPUT 8 "wr_single_index";
    .port_info 4 /INPUT 1 "wr_single_filled";
    .port_info 5 /INPUT 6 "wr_single_colour";
    .port_info 6 /INPUT 1 "wr_quad_en";
    .port_info 7 /INPUT 8 "wr_quad_tlx";
    .port_info 8 /INPUT 8 "wr_quad_tly";
    .port_info 9 /INPUT 8 "wr_quad_size";
    .port_info 10 /INPUT 6 "wr_quad_colour";
    .port_info 11 /INPUT 8 "rd_index";
    .port_info 12 /OUTPUT 1 "rd_is_filled";
    .port_info 13 /OUTPUT 6 "rd_fill_colour";
v0xb470e297cd70_0 .net *"_ivl_0", 6 0, L_0xb470e29dc7b0;  1 drivers
v0xb470e297ce70_0 .net *"_ivl_10", 9 0, L_0xb470e29dcc20;  1 drivers
L_0xb470e29818d0 .functor BUFT 1, C4<00>, C4<0>, C4<0>, C4<0>;
v0xb470e297cf50_0 .net *"_ivl_13", 1 0, L_0xb470e29818d0;  1 drivers
v0xb470e297d010_0 .net *"_ivl_2", 9 0, L_0xb470e29dc880;  1 drivers
v0xb470e297d0f0_0 .net *"_ivl_24", 3 0, L_0xb470e29dd300;  1 drivers
L_0xb470e2981918 .functor BUFT 1, C4<0001>, C4<0>, C4<0>, C4<0>;
v0xb470e297d220_0 .net/2u *"_ivl_26", 3 0, L_0xb470e2981918;  1 drivers
v0xb470e297d300_0 .net *"_ivl_30", 3 0, L_0xb470e29dd610;  1 drivers
L_0xb470e2981960 .functor BUFT 1, C4<0001>, C4<0>, C4<0>, C4<0>;
v0xb470e297d3e0_0 .net/2u *"_ivl_32", 3 0, L_0xb470e2981960;  1 drivers
L_0xb470e2981888 .functor BUFT 1, C4<00>, C4<0>, C4<0>, C4<0>;
v0xb470e297d4c0_0 .net *"_ivl_5", 1 0, L_0xb470e2981888;  1 drivers
v0xb470e297d5a0_0 .net *"_ivl_8", 6 0, L_0xb470e29dcb50;  1 drivers
v0xb470e297d680_0 .net "clk", 0 0, v0xb470e2980320_0;  1 drivers
v0xb470e297d740_0 .net "num_cols", 3 0, L_0xb470e29dd110;  1 drivers
v0xb470e297d820_0 .net "num_rows", 3 0, L_0xb470e29dd200;  1 drivers
v0xb470e297d900_0 .net "rd_fill_colour", 5 0, L_0xb470e29dcd60;  alias, 1 drivers
v0xb470e297d9e0_0 .net "rd_index", 7 0, v0xb470e29807f0_0;  1 drivers
v0xb470e297dac0_0 .net "rd_is_filled", 0 0, L_0xb470e29dca10;  alias, 1 drivers
v0xb470e297db80_0 .net "rst", 0 0, v0xb470e2980930_0;  1 drivers
v0xb470e297dd50_0 .net "tile_col_end", 3 0, L_0xb470e29dd460;  1 drivers
v0xb470e297de30_0 .net "tile_col_start", 3 0, L_0xb470e29dcee0;  1 drivers
v0xb470e297df10_0 .net "tile_row_end", 3 0, L_0xb470e29dd700;  1 drivers
v0xb470e297dff0_0 .net "tile_row_start", 3 0, L_0xb470e29dcfd0;  1 drivers
v0xb470e297e0d0 .array "tile_table", 255 0, 6 0;
v0xb470e297e190_0 .net "wr_quad_colour", 5 0, v0xb470e2980ca0_0;  1 drivers
v0xb470e297e270_0 .net "wr_quad_en", 0 0, v0xb470e2980d60_0;  1 drivers
v0xb470e297e330_0 .net "wr_quad_size", 7 0, v0xb470e2980e30_0;  1 drivers
v0xb470e297e410_0 .net "wr_quad_tlx", 7 0, v0xb470e2980f00_0;  1 drivers
v0xb470e297e4f0_0 .net "wr_quad_tly", 7 0, v0xb470e2980fd0_0;  1 drivers
v0xb470e297e5d0_0 .net "wr_single_colour", 5 0, v0xb470e29811b0_0;  1 drivers
v0xb470e297e6b0_0 .net "wr_single_en", 0 0, v0xb470e2981280_0;  1 drivers
v0xb470e297e770_0 .net "wr_single_filled", 0 0, v0xb470e2981350_0;  1 drivers
v0xb470e297e830_0 .net "wr_single_index", 7 0, v0xb470e2981420_0;  1 drivers
E_0xb470e2608600 .event posedge, v0xb470e297d680_0;
L_0xb470e29dc7b0 .array/port v0xb470e297e0d0, L_0xb470e29dc880;
L_0xb470e29dc880 .concat [ 8 2 0 0], v0xb470e29807f0_0, L_0xb470e2981888;
L_0xb470e29dca10 .part L_0xb470e29dc7b0, 6, 1;
L_0xb470e29dcb50 .array/port v0xb470e297e0d0, L_0xb470e29dcc20;
L_0xb470e29dcc20 .concat [ 8 2 0 0], v0xb470e29807f0_0, L_0xb470e29818d0;
L_0xb470e29dcd60 .part L_0xb470e29dcb50, 0, 6;
L_0xb470e29dcee0 .part v0xb470e2980f00_0, 4, 4;
L_0xb470e29dcfd0 .part v0xb470e2980fd0_0, 4, 4;
L_0xb470e29dd110 .part v0xb470e2980e30_0, 4, 4;
L_0xb470e29dd200 .part v0xb470e2980e30_0, 4, 4;
L_0xb470e29dd300 .arith/sum 4, L_0xb470e29dcee0, L_0xb470e29dd110;
L_0xb470e29dd460 .arith/sub 4, L_0xb470e29dd300, L_0xb470e2981918;
L_0xb470e29dd610 .arith/sum 4, L_0xb470e29dcfd0, L_0xb470e29dd200;
L_0xb470e29dd700 .arith/sub 4, L_0xb470e29dd610, L_0xb470e2981960;
S_0xb470e297c490 .scope begin, "$ivl_for_loop3" "$ivl_for_loop3" 13 47, 13 47 0, S_0xb470e297c110;
 .timescale 0 0;
v0xb470e297c690_0 .var/2s "i", 31 0;
S_0xb470e297c790 .scope begin, "$ivl_for_loop4" "$ivl_for_loop4" 13 52, 13 52 0, S_0xb470e297c110;
 .timescale 0 0;
v0xb470e297cc70_0 .var/2s "row", 31 0;
S_0xb470e297c990 .scope begin, "$ivl_for_loop5" "$ivl_for_loop5" 13 53, 13 53 0, S_0xb470e297c790;
 .timescale 0 0;
v0xb470e297cb70_0 .var/2s "col", 31 0;
S_0xb470e297ead0 .scope autotask, "quad_write" "quad_write" 12 71, 12 71 0, S_0xb470e25e4760;
 .timescale -9 -12;
v0xb470e297efb0_0 .var "col", 5 0;
v0xb470e297f0b0_0 .var "size", 7 0;
v0xb470e297f190_0 .var "tlx", 7 0;
v0xb470e297f250_0 .var "tly", 7 0;
TD_tb_tile_table.quad_write ;
    %load/vec4 v0xb470e297f190_0;
    %store/vec4 v0xb470e2980f00_0, 0, 8;
    %load/vec4 v0xb470e297f250_0;
    %store/vec4 v0xb470e2980fd0_0, 0, 8;
    %load/vec4 v0xb470e297f0b0_0;
    %store/vec4 v0xb470e2980e30_0, 0, 8;
    %load/vec4 v0xb470e297efb0_0;
    %store/vec4 v0xb470e2980ca0_0, 0, 6;
    %pushi/vec4 1, 0, 1;
    %store/vec4 v0xb470e2980d60_0, 0, 1;
    %fork t_1, S_0xb470e297ecb0;
    %jmp t_0;
    .scope S_0xb470e297ecb0;
t_1 ;
    %load/vec4 v0xb470e297f0b0_0;
    %pad/u 32;
    %cast2;
    %pushi/vec4 16, 0, 32;
    %div/s;
    %load/vec4 v0xb470e297f0b0_0;
    %pad/u 32;
    %cast2;
    %pushi/vec4 16, 0, 32;
    %div/s;
    %mul;
    %cast2;
    %store/vec4 v0xb470e297eeb0_0, 0, 32;
    %alloc S_0xb470e2980090;
    %load/vec4 v0xb470e297eeb0_0;
    %store/vec4 v0xb470e2980220_0, 0, 32;
    %fork TD_tb_tile_table.tick, S_0xb470e2980090;
    %join;
    %free S_0xb470e2980090;
    %end;
    .scope S_0xb470e297ead0;
t_0 %join;
    %pushi/vec4 0, 0, 1;
    %store/vec4 v0xb470e2980d60_0, 0, 1;
    %alloc S_0xb470e2980090;
    %pushi/vec4 1, 0, 32;
    %store/vec4 v0xb470e2980220_0, 0, 32;
    %fork TD_tb_tile_table.tick, S_0xb470e2980090;
    %join;
    %free S_0xb470e2980090;
    %end;
S_0xb470e297ecb0 .scope autobegin, "$unm_blk_60" "$unm_blk_60" 12 80, 12 80 0, S_0xb470e297ead0;
 .timescale -9 -12;
v0xb470e297eeb0_0 .var/2s "ntiles", 31 0;
S_0xb470e297f330 .scope autotask, "read_tile" "read_tile" 12 87, 12 87 0, S_0xb470e25e4760;
 .timescale -9 -12;
v0xb470e297f510_0 .var "col", 5 0;
v0xb470e297f610_0 .var "filled", 0 0;
v0xb470e297f6d0_0 .var "idx", 7 0;
TD_tb_tile_table.read_tile ;
    %load/vec4 v0xb470e297f6d0_0;
    %store/vec4 v0xb470e29807f0_0, 0, 8;
    %alloc S_0xb470e2980090;
    %pushi/vec4 0, 0, 32;
    %store/vec4 v0xb470e2980220_0, 0, 32;
    %fork TD_tb_tile_table.tick, S_0xb470e2980090;
    %join;
    %free S_0xb470e2980090;
    %load/vec4 v0xb470e2980890_0;
    %store/vec4 v0xb470e297f610_0, 0, 1;
    %load/vec4 v0xb470e2980730_0;
    %store/vec4 v0xb470e297f510_0, 0, 6;
    %end;
S_0xb470e297f790 .scope autotask, "single_write" "single_write" 12 62, 12 62 0, S_0xb470e25e4760;
 .timescale -9 -12;
v0xb470e297f970_0 .var "col", 5 0;
v0xb470e297fa70_0 .var "filled", 0 0;
v0xb470e297fb30_0 .var "idx", 7 0;
TD_tb_tile_table.single_write ;
    %load/vec4 v0xb470e297fb30_0;
    %store/vec4 v0xb470e2981420_0, 0, 8;
    %load/vec4 v0xb470e297fa70_0;
    %store/vec4 v0xb470e2981350_0, 0, 1;
    %load/vec4 v0xb470e297f970_0;
    %store/vec4 v0xb470e29811b0_0, 0, 6;
    %pushi/vec4 1, 0, 1;
    %store/vec4 v0xb470e2981280_0, 0, 1;
    %alloc S_0xb470e2980090;
    %pushi/vec4 1, 0, 32;
    %store/vec4 v0xb470e2980220_0, 0, 32;
    %fork TD_tb_tile_table.tick, S_0xb470e2980090;
    %join;
    %free S_0xb470e2980090;
    %pushi/vec4 0, 0, 1;
    %store/vec4 v0xb470e2981280_0, 0, 1;
    %end;
S_0xb470e297fbf0 .scope autotask, "suite" "suite" 12 8, 12 8 0, S_0xb470e25e4760;
 .timescale -9 -12;
v0xb470e297fdd0_0 .var/str "name";
TD_tb_tile_table.suite ;
    %load/str v0xb470e297fdd0_0;
    %store/str v0xb470e29803e0_0;
    %vpi_call/w 12 10 "$display", "\012%0s", "========================================================================" {0 0 0};
    %vpi_call/w 12 11 "$display", "  SUITE: %s", v0xb470e297fdd0_0 {0 0 0};
    %vpi_call/w 12 12 "$display", "%0s", "========================================================================" {0 0 0};
    %end;
S_0xb470e297feb0 .scope autotask, "summary" "summary" 12 21, 12 21 0, S_0xb470e25e4760;
 .timescale -9 -12;
TD_tb_tile_table.summary ;
    %vpi_call/w 12 22 "$display", "\012%0s", "========================================================================" {0 0 0};
    %vpi_call/w 12 23 "$display", "  RESULTS: %0d / %0d passed", v0xb470e2980b00_0, v0xb470e2980bc0_0 {0 0 0};
    %load/vec4 v0xb470e2980a60_0;
    %cmpi/e 0, 0, 32;
    %jmp/0xz  T_7.2, 4;
    %vpi_call/w 12 24 "$display", "  ALL TESTS PASSED" {0 0 0};
    %jmp T_7.3;
T_7.2 ;
    %vpi_call/w 12 25 "$display", "  %0d TEST(S) FAILED", v0xb470e2980a60_0 {0 0 0};
T_7.3 ;
    %vpi_call/w 12 26 "$display", "%0s\012", "========================================================================" {0 0 0};
    %end;
S_0xb470e2980090 .scope autotask, "tick" "tick" 12 31, 12 31 0, S_0xb470e25e4760;
 .timescale -9 -12;
v0xb470e2980220_0 .var/2s "n", 31 0;
TD_tb_tile_table.tick ;
    %load/vec4 v0xb470e2980220_0;
T_8.4 %dup/vec4;
    %pushi/vec4 0, 0, 32;
    %cmp/s;
    %jmp/1xz T_8.5, 5;
    %jmp/1 T_8.5, 4;
    %pushi/vec4 1, 0, 32;
    %sub;
    %wait E_0xb470e2608600;
    %jmp T_8.4;
T_8.5 ;
    %pop/vec4 1;
    %delay 1000, 0;
    %end;
    .scope S_0xb470e278aa20;
T_9 ;
Ewait_0 .event/or E_0xb470e263d2c0, E_0x0;
    %wait Ewait_0;
    %pushi/vec4 0, 0, 8;
    %store/vec4 v0xb470e28305a0_0, 0, 8;
    %pushi/vec4 0, 0, 1;
    %store/vec4 v0xb470e2784350_0, 0, 1;
    %fork t_3, S_0xb470e261f2e0;
    %jmp t_2;
    .scope S_0xb470e261f2e0;
t_3 ;
    %pushi/vec4 255, 0, 32;
    %store/vec4 v0xb470e282da20_0, 0, 32;
T_9.0 ;
    %load/vec4 v0xb470e282da20_0;
    %cmpi/s 0, 0, 32;
    %flag_inv 5; GE is !LT
    %jmp/0xz T_9.1, 5;
    %load/vec4 v0xb470e28308d0_0;
    %load/vec4 v0xb470e282da20_0;
    %part/s 1;
    %flag_set/vec4 8;
    %jmp/0xz  T_9.2, 8;
    %load/vec4 v0xb470e282da20_0;
    %pad/s 8;
    %store/vec4 v0xb470e28305a0_0, 0, 8;
    %pushi/vec4 1, 0, 1;
    %store/vec4 v0xb470e2784350_0, 0, 1;
T_9.2 ;
    ; show_stmt_assign_vector: Get l-value for compressed -= operand
    %load/vec4 v0xb470e282da20_0;
    %pushi/vec4 1, 0, 32;
    %sub;
    %cast2;
    %store/vec4 v0xb470e282da20_0, 0, 32;
    %jmp T_9.0;
T_9.1 ;
    %end;
    .scope S_0xb470e278aa20;
t_2 %join;
    %jmp T_9;
    .thread T_9, $push;
    .scope S_0xb470e278aa20;
T_10 ;
Ewait_1 .event/or E_0xb470e26427d0, E_0x0;
    %wait Ewait_1;
    %pushi/vec4 0, 0, 64;
    %store/vec4 v0xb470e2830270_0, 0, 64;
    %fork t_5, S_0xb470e261f470;
    %jmp t_4;
    .scope S_0xb470e261f470;
t_5 ;
    %pushi/vec4 0, 0, 32;
    %store/vec4 v0xb470e2824a50_0, 0, 32;
T_10.0 ;
    %load/vec4 v0xb470e2824a50_0;
    %cmpi/s 8, 0, 32;
    %jmp/0xz T_10.1, 5;
    %pushi/vec4 0, 0, 2;
    %load/vec4 v0xb470e2785a70_0;
    %concat/vec4; draw_concat_vec4
    %load/vec4 v0xb470e2824a50_0;
    %muli 8, 0, 32;
    %ix/vec4/s 4;
    %store/vec4 v0xb470e2830270_0, 4, 8;
    ; show_stmt_assign_vector: Get l-value for compressed += operand
    %load/vec4 v0xb470e2824a50_0;
    %pushi/vec4 1, 0, 32;
    %add;
    %cast2;
    %store/vec4 v0xb470e2824a50_0, 0, 32;
    %jmp T_10.0;
T_10.1 ;
    %end;
    .scope S_0xb470e278aa20;
t_4 %join;
    %jmp T_10;
    .thread T_10, $push;
    .scope S_0xb470e278aa20;
T_11 ;
    %wait E_0xb470e2641570;
    %load/vec4 v0xb470e26565d0_0;
    %flag_set/vec4 8;
    %jmp/0xz  T_11.0, 8;
    %pushi/vec4 0, 0, 3;
    %assign/vec4 v0xb470e2785380_0, 0;
    %pushi/vec4 0, 0, 256;
    %assign/vec4 v0xb470e2785990_0, 0;
    %pushi/vec4 0, 0, 8;
    %assign/vec4 v0xb470e2824160_0, 0;
    %pushi/vec4 0, 0, 5;
    %assign/vec4 v0xb470e282f290_0, 0;
    %pushi/vec4 0, 0, 5;
    %assign/vec4 v0xb470e2788e50_0, 0;
    %pushi/vec4 0, 0, 5;
    %assign/vec4 v0xb470e282fef0_0, 0;
    %pushi/vec4 0, 0, 1;
    %assign/vec4 v0xb470e2831b30_0, 0;
    %pushi/vec4 0, 0, 64;
    %assign/vec4 v0xb470e2831280_0, 0;
    %pushi/vec4 0, 0, 1;
    %assign/vec4 v0xb470e2622020_0, 0;
    %pushi/vec4 0, 0, 13;
    %assign/vec4 v0xb470e2823100_0, 0;
    %pushi/vec4 0, 0, 1;
    %assign/vec4 v0xb470e266b1c0_0, 0;
    %pushi/vec4 0, 0, 32;
    %assign/vec4 v0xb470e268af40_0, 0;
    %pushi/vec4 0, 0, 64;
    %assign/vec4 v0xb470e266cec0_0, 0;
    %pushi/vec4 0, 0, 1;
    %assign/vec4 v0xb470e28233f0_0, 0;
    %jmp T_11.1;
T_11.0 ;
    %pushi/vec4 0, 0, 1;
    %assign/vec4 v0xb470e2622020_0, 0;
    %pushi/vec4 0, 0, 1;
    %assign/vec4 v0xb470e266b1c0_0, 0;
    %pushi/vec4 0, 0, 1;
    %assign/vec4 v0xb470e28233f0_0, 0;
    %load/vec4 v0xb470e2785380_0;
    %dup/vec4;
    %pushi/vec4 0, 0, 3;
    %cmp/u;
    %jmp/1 T_11.2, 6;
    %dup/vec4;
    %pushi/vec4 1, 0, 3;
    %cmp/u;
    %jmp/1 T_11.3, 6;
    %dup/vec4;
    %pushi/vec4 2, 0, 3;
    %cmp/u;
    %jmp/1 T_11.4, 6;
    %dup/vec4;
    %pushi/vec4 3, 0, 3;
    %cmp/u;
    %jmp/1 T_11.5, 6;
    %dup/vec4;
    %pushi/vec4 4, 0, 3;
    %cmp/u;
    %jmp/1 T_11.6, 6;
    %jmp T_11.7;
T_11.2 ;
    %pushi/vec4 0, 0, 1;
    %assign/vec4 v0xb470e2831b30_0, 0;
    %pushi/vec4 0, 0, 5;
    %assign/vec4 v0xb470e282f290_0, 0;
    %pushi/vec4 0, 0, 5;
    %assign/vec4 v0xb470e2788e50_0, 0;
    %pushi/vec4 0, 0, 5;
    %assign/vec4 v0xb470e282fef0_0, 0;
    %load/vec4 v0xb470e2784350_0;
    %flag_set/vec4 8;
    %jmp/0xz  T_11.8, 8;
    %load/vec4 v0xb470e28305a0_0;
    %assign/vec4 v0xb470e2824160_0, 0;
    %pushi/vec4 1, 0, 3;
    %assign/vec4 v0xb470e2785380_0, 0;
T_11.8 ;
    %jmp T_11.7;
T_11.3 ;
    %load/vec4 v0xb470e2788820_0;
    %flag_set/vec4 8;
    %jmp/0xz  T_11.10, 8;
    %pushi/vec4 2, 0, 3;
    %assign/vec4 v0xb470e2785380_0, 0;
    %jmp T_11.11;
T_11.10 ;
    %pushi/vec4 1, 0, 1;
    %assign/vec4 v0xb470e2622020_0, 0;
    %load/vec4 v0xb470e2824160_0;
    %concati/vec4 0, 0, 5;
    %assign/vec4 v0xb470e2823100_0, 0;
    %pushi/vec4 3, 0, 3;
    %assign/vec4 v0xb470e2785380_0, 0;
T_11.11 ;
    %jmp T_11.7;
T_11.4 ;
    %load/vec4 v0xb470e2623d40_0;
    %flag_set/vec4 8;
    %jmp/0xz  T_11.12, 8;
    %load/vec4 v0xb470e2656690_0;
    %load/vec4 v0xb470e2824160_0;
    %concati/vec4 0, 0, 8;
    %pad/u 32;
    %add;
    %load/vec4 v0xb470e2788e50_0;
    %concati/vec4 0, 0, 3;
    %pad/u 32;
    %add;
    %assign/vec4 v0xb470e268af40_0, 0;
    %pushi/vec4 1, 0, 1;
    %assign/vec4 v0xb470e266b1c0_0, 0;
    %load/vec4 v0xb470e2830270_0;
    %assign/vec4 v0xb470e266cec0_0, 0;
    %load/vec4 v0xb470e282fef0_0;
    %addi 1, 0, 5;
    %assign/vec4 v0xb470e282fef0_0, 0;
    %load/vec4 v0xb470e2788e50_0;
    %addi 1, 0, 5;
    %assign/vec4 v0xb470e2788e50_0, 0;
    %load/vec4 v0xb470e282fef0_0;
    %cmpi/e 31, 0, 5;
    %jmp/0xz  T_11.14, 4;
    %pushi/vec4 1, 0, 1;
    %ix/load 5, 0, 0;
    %ix/getv 4, v0xb470e2824160_0;
    %assign/vec4/off/d v0xb470e2785990_0, 4, 5;
    %pushi/vec4 1, 0, 1;
    %assign/vec4 v0xb470e28233f0_0, 0;
    %load/vec4 v0xb470e2824160_0;
    %assign/vec4 v0xb470e2823840_0, 0;
    %pushi/vec4 0, 0, 1;
    %assign/vec4 v0xb470e2830c00_0, 0;
    %pushi/vec4 0, 0, 3;
    %assign/vec4 v0xb470e2785380_0, 0;
T_11.14 ;
T_11.12 ;
    %jmp T_11.7;
T_11.5 ;
    %load/vec4 v0xb470e2788330_0;
    %flag_set/vec4 8;
    %jmp/0xz  T_11.16, 8;
    %load/vec4 v0xb470e2831b30_0;
    %nor/r;
    %flag_set/vec4 8;
    %jmp/0xz  T_11.18, 8;
    %load/vec4 v0xb470e2623f40_0;
    %assign/vec4 v0xb470e2831280_0, 0;
    %pushi/vec4 1, 0, 1;
    %assign/vec4 v0xb470e2831b30_0, 0;
    %load/vec4 v0xb470e282f290_0;
    %addi 1, 0, 5;
    %assign/vec4 v0xb470e282f290_0, 0;
    %load/vec4 v0xb470e282f290_0;
    %cmpi/u 31, 0, 5;
    %jmp/0xz  T_11.20, 5;
    %pushi/vec4 1, 0, 1;
    %assign/vec4 v0xb470e2622020_0, 0;
    %load/vec4 v0xb470e2824160_0;
    %load/vec4 v0xb470e282f290_0;
    %pad/u 32;
    %addi 1, 0, 32;
    %pad/u 5;
    %concat/vec4; draw_concat_vec4
    %assign/vec4 v0xb470e2823100_0, 0;
    %jmp T_11.21;
T_11.20 ;
    %pushi/vec4 4, 0, 3;
    %assign/vec4 v0xb470e2785380_0, 0;
T_11.21 ;
    %jmp T_11.19;
T_11.18 ;
    %load/vec4 v0xb470e2623d40_0;
    %flag_set/vec4 8;
    %jmp/0xz  T_11.22, 8;
    %load/vec4 v0xb470e2656690_0;
    %load/vec4 v0xb470e2824160_0;
    %concati/vec4 0, 0, 8;
    %pad/u 32;
    %add;
    %load/vec4 v0xb470e2788e50_0;
    %concati/vec4 0, 0, 3;
    %pad/u 32;
    %add;
    %assign/vec4 v0xb470e268af40_0, 0;
    %pushi/vec4 1, 0, 1;
    %assign/vec4 v0xb470e266b1c0_0, 0;
    %load/vec4 v0xb470e2831280_0;
    %assign/vec4 v0xb470e266cec0_0, 0;
    %load/vec4 v0xb470e2788e50_0;
    %addi 1, 0, 5;
    %assign/vec4 v0xb470e2788e50_0, 0;
    %load/vec4 v0xb470e2623f40_0;
    %assign/vec4 v0xb470e2831280_0, 0;
    %load/vec4 v0xb470e282f290_0;
    %addi 1, 0, 5;
    %assign/vec4 v0xb470e282f290_0, 0;
    %load/vec4 v0xb470e282f290_0;
    %cmpi/e 31, 0, 5;
    %jmp/0xz  T_11.24, 4;
    %pushi/vec4 4, 0, 3;
    %assign/vec4 v0xb470e2785380_0, 0;
    %jmp T_11.25;
T_11.24 ;
    %pushi/vec4 1, 0, 1;
    %assign/vec4 v0xb470e2622020_0, 0;
    %load/vec4 v0xb470e2824160_0;
    %load/vec4 v0xb470e282f290_0;
    %pad/u 32;
    %addi 1, 0, 32;
    %pad/u 5;
    %concat/vec4; draw_concat_vec4
    %assign/vec4 v0xb470e2823100_0, 0;
T_11.25 ;
    %jmp T_11.23;
T_11.22 ;
    %pushi/vec4 1, 0, 1;
    %assign/vec4 v0xb470e2622020_0, 0;
    %load/vec4 v0xb470e2824160_0;
    %load/vec4 v0xb470e282f290_0;
    %concat/vec4; draw_concat_vec4
    %assign/vec4 v0xb470e2823100_0, 0;
T_11.23 ;
T_11.19 ;
    %jmp T_11.17;
T_11.16 ;
    %pushi/vec4 1, 0, 1;
    %assign/vec4 v0xb470e2622020_0, 0;
    %load/vec4 v0xb470e2824160_0;
    %load/vec4 v0xb470e282f290_0;
    %concat/vec4; draw_concat_vec4
    %assign/vec4 v0xb470e2823100_0, 0;
T_11.17 ;
    %jmp T_11.7;
T_11.6 ;
    %load/vec4 v0xb470e2831b30_0;
    %flag_set/vec4 9;
    %flag_get/vec4 9;
    %jmp/0 T_11.28, 9;
    %load/vec4 v0xb470e2623d40_0;
    %and;
T_11.28;
    %flag_set/vec4 8;
    %jmp/0xz  T_11.26, 8;
    %load/vec4 v0xb470e2656690_0;
    %load/vec4 v0xb470e2824160_0;
    %concati/vec4 0, 0, 8;
    %pad/u 32;
    %add;
    %load/vec4 v0xb470e2788e50_0;
    %concati/vec4 0, 0, 3;
    %pad/u 32;
    %add;
    %assign/vec4 v0xb470e268af40_0, 0;
    %pushi/vec4 1, 0, 1;
    %assign/vec4 v0xb470e266b1c0_0, 0;
    %load/vec4 v0xb470e2831280_0;
    %assign/vec4 v0xb470e266cec0_0, 0;
    %pushi/vec4 0, 0, 1;
    %assign/vec4 v0xb470e2831b30_0, 0;
    %pushi/vec4 1, 0, 1;
    %ix/load 5, 0, 0;
    %ix/getv 4, v0xb470e2824160_0;
    %assign/vec4/off/d v0xb470e2785990_0, 4, 5;
    %pushi/vec4 1, 0, 1;
    %assign/vec4 v0xb470e28233f0_0, 0;
    %load/vec4 v0xb470e2824160_0;
    %assign/vec4 v0xb470e2823840_0, 0;
    %pushi/vec4 1, 0, 1;
    %assign/vec4 v0xb470e2830c00_0, 0;
    %pushi/vec4 0, 0, 3;
    %assign/vec4 v0xb470e2785380_0, 0;
T_11.26 ;
    %jmp T_11.7;
T_11.7 ;
    %pop/vec4 1;
T_11.1 ;
    %jmp T_11;
    .thread T_11;
    .scope S_0xb470e26562b0;
T_12 ;
    %wait E_0xb470e2641250;
    %load/vec4 v0xb470e2670300_0;
    %flag_set/vec4 8;
    %jmp/0xz  T_12.0, 8;
    %load/vec4 v0xb470e26703c0_0;
    %load/vec4 v0xb470e26704a0_0;
    %store/vec4 v0xb470e2665960_0, 0, 9;
    %store/vec4 v0xb470e262e2d0_0, 0, 9;
    %callf/vec4 TD_colour_bram.word_addr, S_0xb470e262df10;
    %pad/u 15;
    %ix/vec4 4;
    %load/vec4a v0xb470e263cb90, 4;
    %assign/vec4 v0xb470e2665c00_0, 0;
    %load/vec4 v0xb470e26703c0_0;
    %load/vec4 v0xb470e26704a0_0;
    %store/vec4 v0xb470e2623b20_0, 0, 9;
    %store/vec4 v0xb470e262b3b0_0, 0, 9;
    %callf/vec4 TD_colour_bram.byte_off, S_0xb470e262b070;
    %assign/vec4 v0xb470e2665b20_0, 0;
T_12.0 ;
    %jmp T_12;
    .thread T_12;
    .scope S_0xb470e26562b0;
T_13 ;
Ewait_2 .event/or E_0xb470e263d6e0, E_0x0;
    %wait Ewait_2;
    %load/vec4 v0xb470e2665b20_0;
    %dup/vec4;
    %pushi/vec4 0, 0, 3;
    %cmp/u;
    %jmp/1 T_13.0, 6;
    %dup/vec4;
    %pushi/vec4 1, 0, 3;
    %cmp/u;
    %jmp/1 T_13.1, 6;
    %dup/vec4;
    %pushi/vec4 2, 0, 3;
    %cmp/u;
    %jmp/1 T_13.2, 6;
    %dup/vec4;
    %pushi/vec4 3, 0, 3;
    %cmp/u;
    %jmp/1 T_13.3, 6;
    %dup/vec4;
    %pushi/vec4 4, 0, 3;
    %cmp/u;
    %jmp/1 T_13.4, 6;
    %dup/vec4;
    %pushi/vec4 5, 0, 3;
    %cmp/u;
    %jmp/1 T_13.5, 6;
    %dup/vec4;
    %pushi/vec4 6, 0, 3;
    %cmp/u;
    %jmp/1 T_13.6, 6;
    %load/vec4 v0xb470e2665c00_0;
    %parti/s 8, 56, 7;
    %store/vec4 v0xb470e2670220_0, 0, 8;
    %jmp T_13.8;
T_13.0 ;
    %load/vec4 v0xb470e2665c00_0;
    %parti/s 8, 0, 2;
    %store/vec4 v0xb470e2670220_0, 0, 8;
    %jmp T_13.8;
T_13.1 ;
    %load/vec4 v0xb470e2665c00_0;
    %parti/s 8, 8, 5;
    %store/vec4 v0xb470e2670220_0, 0, 8;
    %jmp T_13.8;
T_13.2 ;
    %load/vec4 v0xb470e2665c00_0;
    %parti/s 8, 16, 6;
    %store/vec4 v0xb470e2670220_0, 0, 8;
    %jmp T_13.8;
T_13.3 ;
    %load/vec4 v0xb470e2665c00_0;
    %parti/s 8, 24, 6;
    %store/vec4 v0xb470e2670220_0, 0, 8;
    %jmp T_13.8;
T_13.4 ;
    %load/vec4 v0xb470e2665c00_0;
    %parti/s 8, 32, 7;
    %store/vec4 v0xb470e2670220_0, 0, 8;
    %jmp T_13.8;
T_13.5 ;
    %load/vec4 v0xb470e2665c00_0;
    %parti/s 8, 40, 7;
    %store/vec4 v0xb470e2670220_0, 0, 8;
    %jmp T_13.8;
T_13.6 ;
    %load/vec4 v0xb470e2665c00_0;
    %parti/s 8, 48, 7;
    %store/vec4 v0xb470e2670220_0, 0, 8;
    %jmp T_13.8;
T_13.8 ;
    %pop/vec4 1;
    %jmp T_13;
    .thread T_13, $push;
    .scope S_0xb470e26562b0;
T_14 ;
Ewait_3 .event/or E_0xb470e2641e60, E_0x0;
    %wait Ewait_3;
    %load/vec4 v0xb470e263c9d0_0;
    %load/vec4 v0xb470e263cab0_0;
    %store/vec4 v0xb470e2665960_0, 0, 9;
    %store/vec4 v0xb470e262e2d0_0, 0, 9;
    %callf/vec4 TD_colour_bram.word_addr, S_0xb470e262df10;
    %pad/u 15;
    %ix/vec4 4;
    %load/vec4a v0xb470e263cb90, 4;
    %store/vec4 v0xb470e267bee0_0, 0, 64;
    %load/vec4 v0xb470e2972240_0;
    %dup/vec4;
    %pushi/vec4 0, 0, 3;
    %cmp/u;
    %jmp/1 T_14.0, 6;
    %dup/vec4;
    %pushi/vec4 1, 0, 3;
    %cmp/u;
    %jmp/1 T_14.1, 6;
    %dup/vec4;
    %pushi/vec4 2, 0, 3;
    %cmp/u;
    %jmp/1 T_14.2, 6;
    %dup/vec4;
    %pushi/vec4 3, 0, 3;
    %cmp/u;
    %jmp/1 T_14.3, 6;
    %dup/vec4;
    %pushi/vec4 4, 0, 3;
    %cmp/u;
    %jmp/1 T_14.4, 6;
    %dup/vec4;
    %pushi/vec4 5, 0, 3;
    %cmp/u;
    %jmp/1 T_14.5, 6;
    %dup/vec4;
    %pushi/vec4 6, 0, 3;
    %cmp/u;
    %jmp/1 T_14.6, 6;
    %load/vec4 v0xb470e2670580_0;
    %ix/load 4, 56, 0;
    %flag_set/imm 4, 0;
    %store/vec4 v0xb470e267bee0_0, 4, 8;
    %jmp T_14.8;
T_14.0 ;
    %load/vec4 v0xb470e2670580_0;
    %ix/load 4, 0, 0;
    %flag_set/imm 4, 0;
    %store/vec4 v0xb470e267bee0_0, 4, 8;
    %jmp T_14.8;
T_14.1 ;
    %load/vec4 v0xb470e2670580_0;
    %ix/load 4, 8, 0;
    %flag_set/imm 4, 0;
    %store/vec4 v0xb470e267bee0_0, 4, 8;
    %jmp T_14.8;
T_14.2 ;
    %load/vec4 v0xb470e2670580_0;
    %ix/load 4, 16, 0;
    %flag_set/imm 4, 0;
    %store/vec4 v0xb470e267bee0_0, 4, 8;
    %jmp T_14.8;
T_14.3 ;
    %load/vec4 v0xb470e2670580_0;
    %ix/load 4, 24, 0;
    %flag_set/imm 4, 0;
    %store/vec4 v0xb470e267bee0_0, 4, 8;
    %jmp T_14.8;
T_14.4 ;
    %load/vec4 v0xb470e2670580_0;
    %ix/load 4, 32, 0;
    %flag_set/imm 4, 0;
    %store/vec4 v0xb470e267bee0_0, 4, 8;
    %jmp T_14.8;
T_14.5 ;
    %load/vec4 v0xb470e2670580_0;
    %ix/load 4, 40, 0;
    %flag_set/imm 4, 0;
    %store/vec4 v0xb470e267bee0_0, 4, 8;
    %jmp T_14.8;
T_14.6 ;
    %load/vec4 v0xb470e2670580_0;
    %ix/load 4, 48, 0;
    %flag_set/imm 4, 0;
    %store/vec4 v0xb470e267bee0_0, 4, 8;
    %jmp T_14.8;
T_14.8 ;
    %pop/vec4 1;
    %jmp T_14;
    .thread T_14, $push;
    .scope S_0xb470e26562b0;
T_15 ;
    %wait E_0xb470e2641250;
    %load/vec4 v0xb470e263c910_0;
    %flag_set/vec4 8;
    %jmp/0xz  T_15.0, 8;
    %load/vec4 v0xb470e267bee0_0;
    %load/vec4 v0xb470e263c9d0_0;
    %load/vec4 v0xb470e263cab0_0;
    %store/vec4 v0xb470e2665960_0, 0, 9;
    %store/vec4 v0xb470e262e2d0_0, 0, 9;
    %callf/vec4 TD_colour_bram.word_addr, S_0xb470e262df10;
    %pad/u 15;
    %ix/vec4 3;
    %ix/load 4, 0, 0; Constant delay
    %assign/vec4/a/d v0xb470e263cb90, 0, 4;
    %jmp T_15.1;
T_15.0 ;
    %load/vec4 v0xb470e267bc30_0;
    %flag_set/vec4 8;
    %jmp/0xz  T_15.2, 8;
    %load/vec4 v0xb470e267be00_0;
    %pad/u 15;
    %ix/vec4 4;
    %load/vec4a v0xb470e263cb90, 4;
    %assign/vec4 v0xb470e2665cc0_0, 0;
T_15.2 ;
T_15.1 ;
    %jmp T_15;
    .thread T_15;
    .scope S_0xb470e2656440;
T_16 ;
    %wait E_0xb470e2642150;
    %load/vec4 v0xb470e2973780_0;
    %flag_set/vec4 8;
    %jmp/0xz  T_16.0, 8;
    %pushi/vec4 0, 0, 1;
    %assign/vec4 v0xb470e2972f20_0, 0;
    %pushi/vec4 0, 0, 1;
    %assign/vec4 v0xb470e2972e60_0, 0;
    %pushi/vec4 0, 0, 4;
    %assign/vec4 v0xb470e2973500_0, 0;
    %pushi/vec4 0, 0, 1;
    %assign/vec4 v0xb470e29736c0_0, 0;
    %pushi/vec4 0, 0, 11;
    %assign/vec4 v0xb470e2973900_0, 0;
    %jmp T_16.1;
T_16.0 ;
    %load/vec4 v0xb470e2973840_0;
    %flag_set/vec4 8;
    %jmp/0xz  T_16.2, 8;
    %pushi/vec4 0, 0, 1;
    %assign/vec4 v0xb470e2972f20_0, 0;
    %pushi/vec4 0, 0, 1;
    %assign/vec4 v0xb470e2972e60_0, 0;
    %pushi/vec4 0, 0, 4;
    %assign/vec4 v0xb470e2973500_0, 0;
    %pushi/vec4 0, 0, 1;
    %assign/vec4 v0xb470e29736c0_0, 0;
    %pushi/vec4 0, 0, 11;
    %assign/vec4 v0xb470e2973900_0, 0;
    %jmp T_16.3;
T_16.2 ;
    %load/vec4 v0xb470e2972da0_0;
    %flag_set/vec4 9;
    %flag_get/vec4 9;
    %jmp/0 T_16.6, 9;
    %load/vec4 v0xb470e2973360_0;
    %and;
T_16.6;
    %flag_set/vec4 8;
    %jmp/0xz  T_16.4, 8;
    %load/vec4 v0xb470e29736c0_0;
    %nor/r;
    %flag_set/vec4 8;
    %jmp/0xz  T_16.7, 8;
    %load/vec4 v0xb470e2972fe0_0;
    %assign/vec4 v0xb470e2973500_0, 0;
    %pushi/vec4 1, 0, 1;
    %assign/vec4 v0xb470e29736c0_0, 0;
    %jmp T_16.8;
T_16.7 ;
    %load/vec4 v0xb470e2972fe0_0;
    %load/vec4 v0xb470e2973500_0;
    %cmp/ne;
    %jmp/0xz  T_16.9, 4;
    %pushi/vec4 1, 0, 1;
    %assign/vec4 v0xb470e2972f20_0, 0;
T_16.9 ;
T_16.8 ;
    %load/vec4 v0xb470e2973900_0;
    %addi 1, 0, 11;
    %assign/vec4 v0xb470e2973900_0, 0;
    %load/vec4 v0xb470e2973900_0;
    %addi 1, 0, 11;
    %load/vec4 v0xb470e2973280_0;
    %cmp/e;
    %jmp/0xz  T_16.11, 4;
    %pushi/vec4 1, 0, 1;
    %assign/vec4 v0xb470e2972e60_0, 0;
T_16.11 ;
    %load/vec4 v0xb470e2973500_0;
    %pad/u 6;
    %assign/vec4 v0xb470e29735e0_0, 0;
T_16.4 ;
T_16.3 ;
T_16.1 ;
    %jmp T_16;
    .thread T_16;
    .scope S_0xb470e2974010;
T_17 ;
    %wait E_0xb470e263e570;
    %load/vec4 v0xb470e29751d0_0;
    %flag_set/vec4 8;
    %jmp/1 T_17.2, 8;
    %load/vec4 v0xb470e2974d30_0;
    %flag_set/vec4 9;
    %flag_or 8, 9;
T_17.2;
    %jmp/0xz  T_17.0, 8;
    %pushi/vec4 0, 0, 5;
    %assign/vec4 v0xb470e2974eb0_0, 0;
    %pushi/vec4 0, 0, 5;
    %assign/vec4 v0xb470e29753a0_0, 0;
    %pushi/vec4 0, 0, 6;
    %assign/vec4 v0xb470e29749d0_0, 0;
    %jmp T_17.1;
T_17.0 ;
    %load/vec4 v0xb470e2975110_0;
    %flag_set/vec4 9;
    %flag_get/vec4 9;
    %jmp/0 T_17.5, 9;
    %load/vec4 v0xb470e2974df0_0;
    %nor/r;
    %and;
T_17.5;
    %flag_set/vec4 8;
    %jmp/0xz  T_17.3, 8;
    %load/vec4 v0xb470e2974ab0_0;
    %load/vec4 v0xb470e2974eb0_0;
    %pad/u 7;
    %ix/vec4 3;
    %ix/load 4, 0, 0; Constant delay
    %assign/vec4/a/d v0xb470e2974f90, 0, 4;
    %load/vec4 v0xb470e2974eb0_0;
    %addi 1, 0, 5;
    %assign/vec4 v0xb470e2974eb0_0, 0;
T_17.3 ;
    %load/vec4 v0xb470e2975050_0;
    %flag_set/vec4 9;
    %flag_get/vec4 9;
    %jmp/0 T_17.8, 9;
    %load/vec4 v0xb470e2974c70_0;
    %nor/r;
    %and;
T_17.8;
    %flag_set/vec4 8;
    %jmp/0xz  T_17.6, 8;
    %load/vec4 v0xb470e29753a0_0;
    %addi 1, 0, 5;
    %assign/vec4 v0xb470e29753a0_0, 0;
T_17.6 ;
    %load/vec4 v0xb470e2975110_0;
    %flag_set/vec4 8;
    %flag_get/vec4 8;
    %jmp/0 T_17.13, 8;
    %load/vec4 v0xb470e2974df0_0;
    %nor/r;
    %and;
T_17.13;
    %load/vec4 v0xb470e2975050_0;
    %flag_set/vec4 8;
    %flag_get/vec4 8;
    %jmp/0 T_17.14, 8;
    %load/vec4 v0xb470e2974c70_0;
    %nor/r;
    %and;
T_17.14;
    %concat/vec4; draw_concat_vec4
    %dup/vec4;
    %pushi/vec4 2, 0, 2;
    %cmp/u;
    %jmp/1 T_17.9, 6;
    %dup/vec4;
    %pushi/vec4 1, 0, 2;
    %cmp/u;
    %jmp/1 T_17.10, 6;
    %load/vec4 v0xb470e29749d0_0;
    %assign/vec4 v0xb470e29749d0_0, 0;
    %jmp T_17.12;
T_17.9 ;
    %load/vec4 v0xb470e29749d0_0;
    %addi 1, 0, 6;
    %assign/vec4 v0xb470e29749d0_0, 0;
    %jmp T_17.12;
T_17.10 ;
    %load/vec4 v0xb470e29749d0_0;
    %subi 1, 0, 6;
    %assign/vec4 v0xb470e29749d0_0, 0;
    %jmp T_17.12;
T_17.12 ;
    %pop/vec4 1;
T_17.1 ;
    %jmp T_17;
    .thread T_17;
    .scope S_0xb470e2976d10;
T_18 ;
    %wait E_0xb470e263e160;
    %load/vec4 v0xb470e2977fb0_0;
    %flag_set/vec4 8;
    %jmp/1 T_18.2, 8;
    %load/vec4 v0xb470e2977b10_0;
    %flag_set/vec4 9;
    %flag_or 8, 9;
T_18.2;
    %jmp/0xz  T_18.0, 8;
    %pushi/vec4 0, 0, 11;
    %assign/vec4 v0xb470e2977c90_0, 0;
    %pushi/vec4 0, 0, 11;
    %assign/vec4 v0xb470e2978180_0, 0;
    %pushi/vec4 0, 0, 12;
    %assign/vec4 v0xb470e29777b0_0, 0;
    %jmp T_18.1;
T_18.0 ;
    %load/vec4 v0xb470e2977ef0_0;
    %flag_set/vec4 9;
    %flag_get/vec4 9;
    %jmp/0 T_18.5, 9;
    %load/vec4 v0xb470e2977bd0_0;
    %nor/r;
    %and;
T_18.5;
    %flag_set/vec4 8;
    %jmp/0xz  T_18.3, 8;
    %load/vec4 v0xb470e2977890_0;
    %load/vec4 v0xb470e2977c90_0;
    %pad/u 13;
    %ix/vec4 3;
    %ix/load 4, 0, 0; Constant delay
    %assign/vec4/a/d v0xb470e2977d70, 0, 4;
    %load/vec4 v0xb470e2977c90_0;
    %addi 1, 0, 11;
    %assign/vec4 v0xb470e2977c90_0, 0;
T_18.3 ;
    %load/vec4 v0xb470e2977e30_0;
    %flag_set/vec4 9;
    %flag_get/vec4 9;
    %jmp/0 T_18.8, 9;
    %load/vec4 v0xb470e2977a50_0;
    %nor/r;
    %and;
T_18.8;
    %flag_set/vec4 8;
    %jmp/0xz  T_18.6, 8;
    %load/vec4 v0xb470e2978180_0;
    %addi 1, 0, 11;
    %assign/vec4 v0xb470e2978180_0, 0;
T_18.6 ;
    %load/vec4 v0xb470e2977ef0_0;
    %flag_set/vec4 8;
    %flag_get/vec4 8;
    %jmp/0 T_18.13, 8;
    %load/vec4 v0xb470e2977bd0_0;
    %nor/r;
    %and;
T_18.13;
    %load/vec4 v0xb470e2977e30_0;
    %flag_set/vec4 8;
    %flag_get/vec4 8;
    %jmp/0 T_18.14, 8;
    %load/vec4 v0xb470e2977a50_0;
    %nor/r;
    %and;
T_18.14;
    %concat/vec4; draw_concat_vec4
    %dup/vec4;
    %pushi/vec4 2, 0, 2;
    %cmp/u;
    %jmp/1 T_18.9, 6;
    %dup/vec4;
    %pushi/vec4 1, 0, 2;
    %cmp/u;
    %jmp/1 T_18.10, 6;
    %load/vec4 v0xb470e29777b0_0;
    %assign/vec4 v0xb470e29777b0_0, 0;
    %jmp T_18.12;
T_18.9 ;
    %load/vec4 v0xb470e29777b0_0;
    %addi 1, 0, 12;
    %assign/vec4 v0xb470e29777b0_0, 0;
    %jmp T_18.12;
T_18.10 ;
    %load/vec4 v0xb470e29777b0_0;
    %subi 1, 0, 12;
    %assign/vec4 v0xb470e29777b0_0, 0;
    %jmp T_18.12;
T_18.12 ;
    %pop/vec4 1;
T_18.1 ;
    %jmp T_18;
    .thread T_18;
    .scope S_0xb470e26332f0;
T_19 ;
    %wait E_0xb470e263e160;
    %load/vec4 v0xb470e2979430_0;
    %flag_set/vec4 8;
    %jmp/1 T_19.2, 8;
    %load/vec4 v0xb470e2978d20_0;
    %flag_set/vec4 9;
    %flag_or 8, 9;
T_19.2;
    %jmp/0xz  T_19.0, 8;
    %pushi/vec4 0, 0, 1;
    %assign/vec4 v0xb470e2978e60_0, 0;
    %pushi/vec4 0, 0, 18;
    %assign/vec4 v0xb470e2978c60_0, 0;
    %jmp T_19.1;
T_19.0 ;
    %load/vec4 v0xb470e29797b0_0;
    %flag_set/vec4 8;
    %flag_get/vec4 8;
    %jmp/0 T_19.3, 8;
    %load/vec4 v0xb470e2979030_0;
    %nor/r;
    %and;
T_19.3;
    %assign/vec4 v0xb470e2978e60_0, 0;
    %load/vec4 v0xb470e2978f20_0;
    %assign/vec4 v0xb470e2978c60_0, 0;
T_19.1 ;
    %jmp T_19;
    .thread T_19;
    .scope S_0xb470e25e4500;
T_20 ;
    %wait E_0xb470e263de20;
    %load/vec4 v0xb470e297b280_0;
    %flag_set/vec4 8;
    %jmp/0xz  T_20.0, 8;
    %pushi/vec4 1, 0, 1;
    %assign/vec4 v0xb470e297b000_0, 0;
    %jmp T_20.1;
T_20.0 ;
    %load/vec4 v0xb470e297a440_0;
    %flag_set/vec4 8;
    %jmp/0xz  T_20.2, 8;
    %pushi/vec4 0, 0, 1;
    %assign/vec4 v0xb470e297b000_0, 0;
T_20.2 ;
T_20.1 ;
    %load/vec4 v0xb470e297a440_0;
    %flag_set/vec4 8;
    %jmp/0xz  T_20.4, 8;
    %load/vec4 v0xb470e297aab0_0;
    %pad/u 16;
    %ix/vec4 4;
    %load/vec4a v0xb470e297ae40, 4;
    %assign/vec4 v0xb470e297b0c0_0, 0;
T_20.4 ;
    %jmp T_20;
    .thread T_20;
    .scope S_0xb470e25e4500;
T_21 ;
Ewait_4 .event/or E_0xb470e2641c10, E_0x0;
    %wait Ewait_4;
    %load/vec4 v0xb470e297a9d0_0;
    %dup/vec4;
    %pushi/vec4 0, 0, 2;
    %cmp/u;
    %jmp/1 T_21.0, 6;
    %dup/vec4;
    %pushi/vec4 1, 0, 2;
    %cmp/u;
    %jmp/1 T_21.1, 6;
    %dup/vec4;
    %pushi/vec4 2, 0, 2;
    %cmp/u;
    %jmp/1 T_21.2, 6;
    %load/vec4 v0xb470e297b1a0_0;
    %parti/s 2, 6, 4;
    %store/vec4 v0xb470e297a590_0, 0, 2;
    %jmp T_21.4;
T_21.0 ;
    %load/vec4 v0xb470e297b1a0_0;
    %parti/s 2, 0, 2;
    %store/vec4 v0xb470e297a590_0, 0, 2;
    %jmp T_21.4;
T_21.1 ;
    %load/vec4 v0xb470e297b1a0_0;
    %parti/s 2, 2, 3;
    %store/vec4 v0xb470e297a590_0, 0, 2;
    %jmp T_21.4;
T_21.2 ;
    %load/vec4 v0xb470e297b1a0_0;
    %parti/s 2, 4, 4;
    %store/vec4 v0xb470e297a590_0, 0, 2;
    %jmp T_21.4;
T_21.4 ;
    %pop/vec4 1;
    %jmp T_21;
    .thread T_21, $push;
    .scope S_0xb470e25e4500;
T_22 ;
Ewait_5 .event/or E_0xb470e2642b40, E_0x0;
    %wait Ewait_5;
    %load/vec4 v0xb470e297ad60_0;
    %store/vec4 v0xb470e297af20_0, 0, 8;
    %load/vec4 v0xb470e297a9d0_0;
    %dup/vec4;
    %pushi/vec4 0, 0, 2;
    %cmp/u;
    %jmp/1 T_22.0, 6;
    %dup/vec4;
    %pushi/vec4 1, 0, 2;
    %cmp/u;
    %jmp/1 T_22.1, 6;
    %dup/vec4;
    %pushi/vec4 2, 0, 2;
    %cmp/u;
    %jmp/1 T_22.2, 6;
    %load/vec4 v0xb470e297a730_0;
    %ix/load 4, 6, 0;
    %flag_set/imm 4, 0;
    %store/vec4 v0xb470e297af20_0, 4, 2;
    %jmp T_22.4;
T_22.0 ;
    %load/vec4 v0xb470e297a730_0;
    %ix/load 4, 0, 0;
    %flag_set/imm 4, 0;
    %store/vec4 v0xb470e297af20_0, 4, 2;
    %jmp T_22.4;
T_22.1 ;
    %load/vec4 v0xb470e297a730_0;
    %ix/load 4, 2, 0;
    %flag_set/imm 4, 0;
    %store/vec4 v0xb470e297af20_0, 4, 2;
    %jmp T_22.4;
T_22.2 ;
    %load/vec4 v0xb470e297a730_0;
    %ix/load 4, 4, 0;
    %flag_set/imm 4, 0;
    %store/vec4 v0xb470e297af20_0, 4, 2;
    %jmp T_22.4;
T_22.4 ;
    %pop/vec4 1;
    %jmp T_22;
    .thread T_22, $push;
    .scope S_0xb470e25e4500;
T_23 ;
    %fork t_7, S_0xb470e2979a40;
    %jmp t_6;
    .scope S_0xb470e2979a40;
t_7 ;
    %pushi/vec4 0, 0, 32;
    %store/vec4 v0xb470e2979bf0_0, 0, 32;
T_23.0 ;
    %load/vec4 v0xb470e2979bf0_0;
    %cmpi/s 16384, 0, 32;
    %jmp/0xz T_23.1, 5;
    %pushi/vec4 0, 0, 8;
    %ix/getv/s 4, v0xb470e2979bf0_0;
    %store/vec4a v0xb470e297ae40, 4, 0;
    ; show_stmt_assign_vector: Get l-value for compressed += operand
    %load/vec4 v0xb470e2979bf0_0;
    %pushi/vec4 1, 0, 32;
    %add;
    %cast2;
    %store/vec4 v0xb470e2979bf0_0, 0, 32;
    %jmp T_23.0;
T_23.1 ;
    %end;
    .scope S_0xb470e25e4500;
t_6 %join;
    %end;
    .thread T_23;
    .scope S_0xb470e25e4500;
T_24 ;
    %wait E_0xb470e263de20;
    %load/vec4 v0xb470e297a670_0;
    %flag_set/vec4 9;
    %flag_get/vec4 9;
    %jmp/0 T_24.2, 9;
    %load/vec4 v0xb470e297b280_0;
    %nor/r;
    %and;
T_24.2;
    %flag_set/vec4 8;
    %jmp/0xz  T_24.0, 8;
    %load/vec4 v0xb470e297af20_0;
    %load/vec4 v0xb470e297aab0_0;
    %pad/u 16;
    %ix/vec4 3;
    %ix/load 4, 0, 0; Constant delay
    %assign/vec4/a/d v0xb470e297ae40, 0, 4;
T_24.0 ;
    %jmp T_24;
    .thread T_24;
    .scope S_0xb470e297c110;
T_25 ;
    %wait E_0xb470e2608600;
    %load/vec4 v0xb470e297db80_0;
    %flag_set/vec4 8;
    %jmp/0xz  T_25.0, 8;
    %fork t_9, S_0xb470e297c490;
    %jmp t_8;
    .scope S_0xb470e297c490;
t_9 ;
    %pushi/vec4 0, 0, 32;
    %store/vec4 v0xb470e297c690_0, 0, 32;
T_25.2 ;
    %load/vec4 v0xb470e297c690_0;
    %cmpi/s 256, 0, 32;
    %jmp/0xz T_25.3, 5;
    %pushi/vec4 0, 0, 7;
    %ix/getv/s 3, v0xb470e297c690_0;
    %ix/load 4, 0, 0; Constant delay
    %assign/vec4/a/d v0xb470e297e0d0, 0, 4;
    ; show_stmt_assign_vector: Get l-value for compressed += operand
    %load/vec4 v0xb470e297c690_0;
    %pushi/vec4 1, 0, 32;
    %add;
    %cast2;
    %store/vec4 v0xb470e297c690_0, 0, 32;
    %jmp T_25.2;
T_25.3 ;
    %end;
    .scope S_0xb470e297c110;
t_8 %join;
    %jmp T_25.1;
T_25.0 ;
    %load/vec4 v0xb470e297e270_0;
    %flag_set/vec4 8;
    %jmp/0xz  T_25.4, 8;
    %fork t_11, S_0xb470e297c790;
    %jmp t_10;
    .scope S_0xb470e297c790;
t_11 ;
    %pushi/vec4 0, 0, 32;
    %store/vec4 v0xb470e297cc70_0, 0, 32;
T_25.6 ;
    %load/vec4 v0xb470e297cc70_0;
    %cmpi/s 16, 0, 32;
    %jmp/0xz T_25.7, 5;
    %fork t_13, S_0xb470e297c990;
    %jmp t_12;
    .scope S_0xb470e297c990;
t_13 ;
    %pushi/vec4 0, 0, 32;
    %store/vec4 v0xb470e297cb70_0, 0, 32;
T_25.8 ;
    %load/vec4 v0xb470e297cb70_0;
    %cmpi/s 16, 0, 32;
    %jmp/0xz T_25.9, 5;
    %load/vec4 v0xb470e297dff0_0;
    %pad/u 32;
    %cast2;
    %load/vec4 v0xb470e297cc70_0;
    %cmp/s;
    %flag_or 5, 4;
    %flag_get/vec4 5;
    %jmp/0 T_25.14, 5;
    %load/vec4 v0xb470e297cc70_0;
    %load/vec4 v0xb470e297df10_0;
    %pad/u 32;
    %cast2;
    %cmp/s;
    %flag_get/vec4 4;
    %flag_get/vec4 5;
    %or;
    %and;
T_25.14;
    %flag_set/vec4 10;
    %flag_get/vec4 10;
    %jmp/0 T_25.13, 10;
    %load/vec4 v0xb470e297de30_0;
    %pad/u 32;
    %cast2;
    %load/vec4 v0xb470e297cb70_0;
    %cmp/s;
    %flag_get/vec4 4;
    %flag_get/vec4 5;
    %or;
    %and;
T_25.13;
    %flag_set/vec4 9;
    %flag_get/vec4 9;
    %jmp/0 T_25.12, 9;
    %load/vec4 v0xb470e297cb70_0;
    %load/vec4 v0xb470e297dd50_0;
    %pad/u 32;
    %cast2;
    %cmp/s;
    %flag_get/vec4 4;
    %flag_get/vec4 5;
    %or;
    %and;
T_25.12;
    %flag_set/vec4 8;
    %jmp/0xz  T_25.10, 8;
    %pushi/vec4 1, 0, 1;
    %load/vec4 v0xb470e297e190_0;
    %concat/vec4; draw_concat_vec4
    %load/vec4 v0xb470e297cc70_0;
    %pad/s 4;
    %load/vec4 v0xb470e297cb70_0;
    %pad/s 4;
    %concat/vec4; draw_concat_vec4
    %pad/u 10;
    %ix/vec4 3;
    %ix/load 4, 0, 0; Constant delay
    %assign/vec4/a/d v0xb470e297e0d0, 0, 4;
T_25.10 ;
    ; show_stmt_assign_vector: Get l-value for compressed += operand
    %load/vec4 v0xb470e297cb70_0;
    %pushi/vec4 1, 0, 32;
    %add;
    %cast2;
    %store/vec4 v0xb470e297cb70_0, 0, 32;
    %jmp T_25.8;
T_25.9 ;
    %end;
    .scope S_0xb470e297c790;
t_12 %join;
    ; show_stmt_assign_vector: Get l-value for compressed += operand
    %load/vec4 v0xb470e297cc70_0;
    %pushi/vec4 1, 0, 32;
    %add;
    %cast2;
    %store/vec4 v0xb470e297cc70_0, 0, 32;
    %jmp T_25.6;
T_25.7 ;
    %end;
    .scope S_0xb470e297c110;
t_10 %join;
    %jmp T_25.5;
T_25.4 ;
    %load/vec4 v0xb470e297e6b0_0;
    %flag_set/vec4 8;
    %jmp/0xz  T_25.15, 8;
    %load/vec4 v0xb470e297e770_0;
    %load/vec4 v0xb470e297e5d0_0;
    %concat/vec4; draw_concat_vec4
    %load/vec4 v0xb470e297e830_0;
    %pad/u 10;
    %ix/vec4 3;
    %ix/load 4, 0, 0; Constant delay
    %assign/vec4/a/d v0xb470e297e0d0, 0, 4;
T_25.15 ;
T_25.5 ;
T_25.1 ;
    %jmp T_25;
    .thread T_25;
    .scope S_0xb470e25e4760;
T_26 ;
    %pushi/vec4 0, 0, 32;
    %store/vec4 v0xb470e2980bc0_0, 0, 32;
    %pushi/vec4 0, 0, 32;
    %store/vec4 v0xb470e2980b00_0, 0, 32;
    %pushi/vec4 0, 0, 32;
    %store/vec4 v0xb470e2980a60_0, 0, 32;
    %pushi/str "";
    %store/str v0xb470e29803e0_0;
    %pushi/vec4 0, 0, 1;
    %store/vec4 v0xb470e2980320_0, 0, 1;
    %end;
    .thread T_26, $init;
    .scope S_0xb470e25e4760;
T_27 ;
    %delay 5000, 0;
    %load/vec4 v0xb470e2980320_0;
    %inv;
    %store/vec4 v0xb470e2980320_0, 0, 1;
    %jmp T_27;
    .thread T_27;
    .scope S_0xb470e25e4760;
T_28 ;
    %vpi_call/w 12 99 "$dumpfile", "sim/waves/tb_tile_table.vcd" {0 0 0};
    %vpi_call/w 12 100 "$dumpvars", 32'sb00000000000000000000000000000000, S_0xb470e25e4760 {0 0 0};
    %pushi/vec4 0, 0, 1;
    %store/vec4 v0xb470e2980930_0, 0, 1;
    %pushi/vec4 0, 0, 1;
    %store/vec4 v0xb470e2981280_0, 0, 1;
    %pushi/vec4 0, 0, 1;
    %store/vec4 v0xb470e2980d60_0, 0, 1;
    %pushi/vec4 0, 0, 8;
    %store/vec4 v0xb470e2981420_0, 0, 8;
    %pushi/vec4 0, 0, 1;
    %store/vec4 v0xb470e2981350_0, 0, 1;
    %pushi/vec4 0, 0, 6;
    %store/vec4 v0xb470e29811b0_0, 0, 6;
    %pushi/vec4 0, 0, 8;
    %store/vec4 v0xb470e2980f00_0, 0, 8;
    %pushi/vec4 0, 0, 8;
    %store/vec4 v0xb470e2980fd0_0, 0, 8;
    %pushi/vec4 0, 0, 8;
    %store/vec4 v0xb470e2980e30_0, 0, 8;
    %pushi/vec4 0, 0, 6;
    %store/vec4 v0xb470e2980ca0_0, 0, 6;
    %pushi/vec4 0, 0, 8;
    %store/vec4 v0xb470e29807f0_0, 0, 8;
    %alloc S_0xb470e2980090;
    %pushi/vec4 2, 0, 32;
    %store/vec4 v0xb470e2980220_0, 0, 32;
    %fork TD_tb_tile_table.tick, S_0xb470e2980090;
    %join;
    %free S_0xb470e2980090;
    %alloc S_0xb470e297fbf0;
    %pushi/str "RESET - all entries clear";
    %store/str v0xb470e297fdd0_0;
    %fork TD_tb_tile_table.suite, S_0xb470e297fbf0;
    %join;
    %free S_0xb470e297fbf0;
    %pushi/vec4 1, 0, 1;
    %store/vec4 v0xb470e2980930_0, 0, 1;
    %alloc S_0xb470e2980090;
    %pushi/vec4 2, 0, 32;
    %store/vec4 v0xb470e2980220_0, 0, 32;
    %fork TD_tb_tile_table.tick, S_0xb470e2980090;
    %join;
    %free S_0xb470e2980090;
    %pushi/vec4 0, 0, 1;
    %store/vec4 v0xb470e2980930_0, 0, 1;
    %alloc S_0xb470e2980090;
    %pushi/vec4 1, 0, 32;
    %store/vec4 v0xb470e2980220_0, 0, 32;
    %fork TD_tb_tile_table.tick, S_0xb470e2980090;
    %join;
    %free S_0xb470e2980090;
    %fork t_15, S_0xb470e297b520;
    %jmp t_14;
    .scope S_0xb470e297b520;
t_15 ;
    %pushi/vec4 0, 0, 32;
    %store/vec4 v0xb470e297b6d0_0, 0, 32;
T_28.0 ;
    %load/vec4 v0xb470e297b6d0_0;
    %cmpi/s 256, 0, 32;
    %jmp/0xz T_28.1, 5;
    %alloc S_0xb470e297f330;
    %load/vec4 v0xb470e297b6d0_0;
    %pad/s 8;
    %store/vec4 v0xb470e297f6d0_0, 0, 8;
    %fork TD_tb_tile_table.read_tile, S_0xb470e297f330;
    %join;
    %load/vec4 v0xb470e297f610_0;
    %store/vec4 v0xb470e2980620_0, 0, 1;
    %load/vec4 v0xb470e297f510_0;
    %store/vec4 v0xb470e2980540_0, 0, 6;
    %free S_0xb470e297f330;
    %load/vec4 v0xb470e2980620_0;
    %pad/u 32;
    %cmpi/ne 0, 0, 32;
    %jmp/1 T_28.4, 4;
    %flag_mov 8, 4;
    %load/vec4 v0xb470e2980540_0;
    %pad/u 32;
    %cmpi/ne 0, 0, 32;
    %flag_or 4, 8;
T_28.4;
    %jmp/0xz  T_28.2, 4;
    %vpi_call/w 12 112 "$display", "  [FAIL] tile %0d not cleared on reset", v0xb470e297b6d0_0 {0 0 0};
    ; show_stmt_assign_vector: Get l-value for compressed += operand
    %load/vec4 v0xb470e2980a60_0;
    %pushi/vec4 1, 0, 32;
    %add;
    %cast2;
    %store/vec4 v0xb470e2980a60_0, 0, 32;
    ; show_stmt_assign_vector: Get l-value for compressed += operand
    %load/vec4 v0xb470e2980bc0_0;
    %pushi/vec4 1, 0, 32;
    %add;
    %cast2;
    %store/vec4 v0xb470e2980bc0_0, 0, 32;
T_28.2 ;
    ; show_stmt_assign_vector: Get l-value for compressed += operand
    %load/vec4 v0xb470e297b6d0_0;
    %pushi/vec4 1, 0, 32;
    %add;
    %cast2;
    %store/vec4 v0xb470e297b6d0_0, 0, 32;
    %jmp T_28.0;
T_28.1 ;
    %end;
    .scope S_0xb470e25e4760;
t_14 %join;
    ; show_stmt_assign_vector: Get l-value for compressed += operand
    %load/vec4 v0xb470e2980b00_0;
    %pushi/vec4 1, 0, 32;
    %add;
    %cast2;
    %store/vec4 v0xb470e2980b00_0, 0, 32;
    ; show_stmt_assign_vector: Get l-value for compressed += operand
    %load/vec4 v0xb470e2980bc0_0;
    %pushi/vec4 1, 0, 32;
    %add;
    %cast2;
    %store/vec4 v0xb470e2980bc0_0, 0, 32;
    %vpi_call/w 12 117 "$display", "  [PASS] all 256 entries zero after reset" {0 0 0};
    %alloc S_0xb470e297fbf0;
    %pushi/str "SINGLE WRITE - tiled entry (is_filled=0)";
    %store/str v0xb470e297fdd0_0;
    %fork TD_tb_tile_table.suite, S_0xb470e297fbf0;
    %join;
    %free S_0xb470e297fbf0;
    %alloc S_0xb470e297f790;
    %pushi/vec4 42, 0, 8;
    %store/vec4 v0xb470e297fb30_0, 0, 8;
    %pushi/vec4 0, 0, 1;
    %store/vec4 v0xb470e297fa70_0, 0, 1;
    %pushi/vec4 0, 0, 6;
    %store/vec4 v0xb470e297f970_0, 0, 6;
    %fork TD_tb_tile_table.single_write, S_0xb470e297f790;
    %join;
    %free S_0xb470e297f790;
    %alloc S_0xb470e297f330;
    %pushi/vec4 42, 0, 8;
    %store/vec4 v0xb470e297f6d0_0, 0, 8;
    %fork TD_tb_tile_table.read_tile, S_0xb470e297f330;
    %join;
    %load/vec4 v0xb470e297f610_0;
    %store/vec4 v0xb470e2980620_0, 0, 1;
    %load/vec4 v0xb470e297f510_0;
    %store/vec4 v0xb470e2980540_0, 0, 6;
    %free S_0xb470e297f330;
    %alloc S_0xb470e297bdb0;
    %load/vec4 v0xb470e2980620_0;
    %nor/r;
    %store/vec4 v0xb470e297bf90_0, 0, 1;
    %pushi/str "tile 42 is_filled=0 after tiled write";
    %store/str v0xb470e297c050_0;
    %fork TD_tb_tile_table.check, S_0xb470e297bdb0;
    %join;
    %free S_0xb470e297bdb0;
    %alloc S_0xb470e297bdb0;
    %load/vec4 v0xb470e2980540_0;
    %pushi/vec4 0, 0, 6;
    %cmp/e;
    %flag_get/vec4 4;
    %store/vec4 v0xb470e297bf90_0, 0, 1;
    %pushi/str "tile 42 colour=0 for tiled entry";
    %store/str v0xb470e297c050_0;
    %fork TD_tb_tile_table.check, S_0xb470e297bdb0;
    %join;
    %free S_0xb470e297bdb0;
    %alloc S_0xb470e297fbf0;
    %pushi/str "SINGLE WRITE - flood filled entry";
    %store/str v0xb470e297fdd0_0;
    %fork TD_tb_tile_table.suite, S_0xb470e297fbf0;
    %join;
    %free S_0xb470e297fbf0;
    %alloc S_0xb470e297f790;
    %pushi/vec4 10, 0, 8;
    %store/vec4 v0xb470e297fb30_0, 0, 8;
    %pushi/vec4 1, 0, 1;
    %store/vec4 v0xb470e297fa70_0, 0, 1;
    %pushi/vec4 42, 0, 6;
    %store/vec4 v0xb470e297f970_0, 0, 6;
    %fork TD_tb_tile_table.single_write, S_0xb470e297f790;
    %join;
    %free S_0xb470e297f790;
    %alloc S_0xb470e297f330;
    %pushi/vec4 10, 0, 8;
    %store/vec4 v0xb470e297f6d0_0, 0, 8;
    %fork TD_tb_tile_table.read_tile, S_0xb470e297f330;
    %join;
    %load/vec4 v0xb470e297f610_0;
    %store/vec4 v0xb470e2980620_0, 0, 1;
    %load/vec4 v0xb470e297f510_0;
    %store/vec4 v0xb470e2980540_0, 0, 6;
    %free S_0xb470e297f330;
    %alloc S_0xb470e297bdb0;
    %load/vec4 v0xb470e2980620_0;
    %store/vec4 v0xb470e297bf90_0, 0, 1;
    %pushi/str "tile 10 is_filled=1";
    %store/str v0xb470e297c050_0;
    %fork TD_tb_tile_table.check, S_0xb470e297bdb0;
    %join;
    %free S_0xb470e297bdb0;
    %alloc S_0xb470e297bdb0;
    %load/vec4 v0xb470e2980540_0;
    %pushi/vec4 42, 0, 6;
    %cmp/e;
    %flag_get/vec4 4;
    %store/vec4 v0xb470e297bf90_0, 0, 1;
    %pushi/str "tile 10 colour correct";
    %store/str v0xb470e297c050_0;
    %fork TD_tb_tile_table.check, S_0xb470e297bdb0;
    %join;
    %free S_0xb470e297bdb0;
    %alloc S_0xb470e297fbf0;
    %pushi/str "SINGLE WRITE - overwrite entry";
    %store/str v0xb470e297fdd0_0;
    %fork TD_tb_tile_table.suite, S_0xb470e297fbf0;
    %join;
    %free S_0xb470e297fbf0;
    %alloc S_0xb470e297f790;
    %pushi/vec4 10, 0, 8;
    %store/vec4 v0xb470e297fb30_0, 0, 8;
    %pushi/vec4 0, 0, 1;
    %store/vec4 v0xb470e297fa70_0, 0, 1;
    %pushi/vec4 0, 0, 6;
    %store/vec4 v0xb470e297f970_0, 0, 6;
    %fork TD_tb_tile_table.single_write, S_0xb470e297f790;
    %join;
    %free S_0xb470e297f790;
    %alloc S_0xb470e297f330;
    %pushi/vec4 10, 0, 8;
    %store/vec4 v0xb470e297f6d0_0, 0, 8;
    %fork TD_tb_tile_table.read_tile, S_0xb470e297f330;
    %join;
    %load/vec4 v0xb470e297f610_0;
    %store/vec4 v0xb470e2980620_0, 0, 1;
    %load/vec4 v0xb470e297f510_0;
    %store/vec4 v0xb470e2980540_0, 0, 6;
    %free S_0xb470e297f330;
    %alloc S_0xb470e297bdb0;
    %load/vec4 v0xb470e2980620_0;
    %nor/r;
    %store/vec4 v0xb470e297bf90_0, 0, 1;
    %pushi/str "tile 10 overwritten to tiled";
    %store/str v0xb470e297c050_0;
    %fork TD_tb_tile_table.check, S_0xb470e297bdb0;
    %join;
    %free S_0xb470e297bdb0;
    %alloc S_0xb470e297fbf0;
    %pushi/str "SINGLE WRITE - does not affect neighbours";
    %store/str v0xb470e297fdd0_0;
    %fork TD_tb_tile_table.suite, S_0xb470e297fbf0;
    %join;
    %free S_0xb470e297fbf0;
    %pushi/vec4 1, 0, 1;
    %store/vec4 v0xb470e2980930_0, 0, 1;
    %alloc S_0xb470e2980090;
    %pushi/vec4 2, 0, 32;
    %store/vec4 v0xb470e2980220_0, 0, 32;
    %fork TD_tb_tile_table.tick, S_0xb470e2980090;
    %join;
    %free S_0xb470e2980090;
    %pushi/vec4 0, 0, 1;
    %store/vec4 v0xb470e2980930_0, 0, 1;
    %alloc S_0xb470e2980090;
    %pushi/vec4 1, 0, 32;
    %store/vec4 v0xb470e2980220_0, 0, 32;
    %fork TD_tb_tile_table.tick, S_0xb470e2980090;
    %join;
    %free S_0xb470e2980090;
    %alloc S_0xb470e297f790;
    %pushi/vec4 5, 0, 8;
    %store/vec4 v0xb470e297fb30_0, 0, 8;
    %pushi/vec4 1, 0, 1;
    %store/vec4 v0xb470e297fa70_0, 0, 1;
    %pushi/vec4 63, 0, 6;
    %store/vec4 v0xb470e297f970_0, 0, 6;
    %fork TD_tb_tile_table.single_write, S_0xb470e297f790;
    %join;
    %free S_0xb470e297f790;
    %alloc S_0xb470e297f330;
    %pushi/vec4 4, 0, 8;
    %store/vec4 v0xb470e297f6d0_0, 0, 8;
    %fork TD_tb_tile_table.read_tile, S_0xb470e297f330;
    %join;
    %load/vec4 v0xb470e297f610_0;
    %store/vec4 v0xb470e2980620_0, 0, 1;
    %load/vec4 v0xb470e297f510_0;
    %store/vec4 v0xb470e2980540_0, 0, 6;
    %free S_0xb470e297f330;
    %alloc S_0xb470e297bdb0;
    %load/vec4 v0xb470e2980620_0;
    %nor/r;
    %store/vec4 v0xb470e297bf90_0, 0, 1;
    %pushi/str "tile 4 unaffected";
    %store/str v0xb470e297c050_0;
    %fork TD_tb_tile_table.check, S_0xb470e297bdb0;
    %join;
    %free S_0xb470e297bdb0;
    %alloc S_0xb470e297f330;
    %pushi/vec4 6, 0, 8;
    %store/vec4 v0xb470e297f6d0_0, 0, 8;
    %fork TD_tb_tile_table.read_tile, S_0xb470e297f330;
    %join;
    %load/vec4 v0xb470e297f610_0;
    %store/vec4 v0xb470e2980620_0, 0, 1;
    %load/vec4 v0xb470e297f510_0;
    %store/vec4 v0xb470e2980540_0, 0, 6;
    %free S_0xb470e297f330;
    %alloc S_0xb470e297bdb0;
    %load/vec4 v0xb470e2980620_0;
    %nor/r;
    %store/vec4 v0xb470e297bf90_0, 0, 1;
    %pushi/str "tile 6 unaffected";
    %store/str v0xb470e297c050_0;
    %fork TD_tb_tile_table.check, S_0xb470e297bdb0;
    %join;
    %free S_0xb470e297bdb0;
    %alloc S_0xb470e297fbf0;
    %pushi/str "QUAD WRITE - 16x16 quad (1 tile)";
    %store/str v0xb470e297fdd0_0;
    %fork TD_tb_tile_table.suite, S_0xb470e297fbf0;
    %join;
    %free S_0xb470e297fbf0;
    %pushi/vec4 1, 0, 1;
    %store/vec4 v0xb470e2980930_0, 0, 1;
    %alloc S_0xb470e2980090;
    %pushi/vec4 2, 0, 32;
    %store/vec4 v0xb470e2980220_0, 0, 32;
    %fork TD_tb_tile_table.tick, S_0xb470e2980090;
    %join;
    %free S_0xb470e2980090;
    %pushi/vec4 0, 0, 1;
    %store/vec4 v0xb470e2980930_0, 0, 1;
    %alloc S_0xb470e2980090;
    %pushi/vec4 1, 0, 32;
    %store/vec4 v0xb470e2980220_0, 0, 32;
    %fork TD_tb_tile_table.tick, S_0xb470e2980090;
    %join;
    %free S_0xb470e2980090;
    %alloc S_0xb470e297ead0;
    %pushi/vec4 0, 0, 8;
    %store/vec4 v0xb470e297f190_0, 0, 8;
    %pushi/vec4 0, 0, 8;
    %store/vec4 v0xb470e297f250_0, 0, 8;
    %pushi/vec4 16, 0, 8;
    %store/vec4 v0xb470e297f0b0_0, 0, 8;
    %pushi/vec4 15, 0, 6;
    %store/vec4 v0xb470e297efb0_0, 0, 6;
    %fork TD_tb_tile_table.quad_write, S_0xb470e297ead0;
    %join;
    %free S_0xb470e297ead0;
    %alloc S_0xb470e297f330;
    %pushi/vec4 0, 0, 8;
    %store/vec4 v0xb470e297f6d0_0, 0, 8;
    %fork TD_tb_tile_table.read_tile, S_0xb470e297f330;
    %join;
    %load/vec4 v0xb470e297f610_0;
    %store/vec4 v0xb470e2980620_0, 0, 1;
    %load/vec4 v0xb470e297f510_0;
    %store/vec4 v0xb470e2980540_0, 0, 6;
    %free S_0xb470e297f330;
    %alloc S_0xb470e297bdb0;
    %load/vec4 v0xb470e2980620_0;
    %store/vec4 v0xb470e297bf90_0, 0, 1;
    %pushi/str "16x16 quad: tile 0 filled";
    %store/str v0xb470e297c050_0;
    %fork TD_tb_tile_table.check, S_0xb470e297bdb0;
    %join;
    %free S_0xb470e297bdb0;
    %alloc S_0xb470e297bdb0;
    %load/vec4 v0xb470e2980540_0;
    %pushi/vec4 15, 0, 6;
    %cmp/e;
    %flag_get/vec4 4;
    %store/vec4 v0xb470e297bf90_0, 0, 1;
    %pushi/str "16x16 quad: tile 0 colour correct";
    %store/str v0xb470e297c050_0;
    %fork TD_tb_tile_table.check, S_0xb470e297bdb0;
    %join;
    %free S_0xb470e297bdb0;
    %alloc S_0xb470e297f330;
    %pushi/vec4 1, 0, 8;
    %store/vec4 v0xb470e297f6d0_0, 0, 8;
    %fork TD_tb_tile_table.read_tile, S_0xb470e297f330;
    %join;
    %load/vec4 v0xb470e297f610_0;
    %store/vec4 v0xb470e2980620_0, 0, 1;
    %load/vec4 v0xb470e297f510_0;
    %store/vec4 v0xb470e2980540_0, 0, 6;
    %free S_0xb470e297f330;
    %alloc S_0xb470e297bdb0;
    %load/vec4 v0xb470e2980620_0;
    %nor/r;
    %store/vec4 v0xb470e297bf90_0, 0, 1;
    %pushi/str "16x16 quad: tile 1 not affected";
    %store/str v0xb470e297c050_0;
    %fork TD_tb_tile_table.check, S_0xb470e297bdb0;
    %join;
    %free S_0xb470e297bdb0;
    %alloc S_0xb470e297fbf0;
    %pushi/str "QUAD WRITE - 32x32 quad (4 tiles)";
    %store/str v0xb470e297fdd0_0;
    %fork TD_tb_tile_table.suite, S_0xb470e297fbf0;
    %join;
    %free S_0xb470e297fbf0;
    %pushi/vec4 1, 0, 1;
    %store/vec4 v0xb470e2980930_0, 0, 1;
    %alloc S_0xb470e2980090;
    %pushi/vec4 2, 0, 32;
    %store/vec4 v0xb470e2980220_0, 0, 32;
    %fork TD_tb_tile_table.tick, S_0xb470e2980090;
    %join;
    %free S_0xb470e2980090;
    %pushi/vec4 0, 0, 1;
    %store/vec4 v0xb470e2980930_0, 0, 1;
    %alloc S_0xb470e2980090;
    %pushi/vec4 1, 0, 32;
    %store/vec4 v0xb470e2980220_0, 0, 32;
    %fork TD_tb_tile_table.tick, S_0xb470e2980090;
    %join;
    %free S_0xb470e2980090;
    %alloc S_0xb470e297ead0;
    %pushi/vec4 0, 0, 8;
    %store/vec4 v0xb470e297f190_0, 0, 8;
    %pushi/vec4 0, 0, 8;
    %store/vec4 v0xb470e297f250_0, 0, 8;
    %pushi/vec4 32, 0, 8;
    %store/vec4 v0xb470e297f0b0_0, 0, 8;
    %pushi/vec4 21, 0, 6;
    %store/vec4 v0xb470e297efb0_0, 0, 6;
    %fork TD_tb_tile_table.quad_write, S_0xb470e297ead0;
    %join;
    %free S_0xb470e297ead0;
    %alloc S_0xb470e297f330;
    %pushi/vec4 0, 0, 8;
    %store/vec4 v0xb470e297f6d0_0, 0, 8;
    %fork TD_tb_tile_table.read_tile, S_0xb470e297f330;
    %join;
    %load/vec4 v0xb470e297f610_0;
    %store/vec4 v0xb470e2980620_0, 0, 1;
    %load/vec4 v0xb470e297f510_0;
    %store/vec4 v0xb470e2980540_0, 0, 6;
    %free S_0xb470e297f330;
    %alloc S_0xb470e297bdb0;
    %load/vec4 v0xb470e2980620_0;
    %flag_set/vec4 8;
    %flag_get/vec4 8;
    %jmp/0 T_28.5, 8;
    %load/vec4 v0xb470e2980540_0;
    %pushi/vec4 21, 0, 6;
    %cmp/e;
    %flag_get/vec4 4;
    %and;
T_28.5;
    %store/vec4 v0xb470e297bf90_0, 0, 1;
    %pushi/str "tile 0 filled";
    %store/str v0xb470e297c050_0;
    %fork TD_tb_tile_table.check, S_0xb470e297bdb0;
    %join;
    %free S_0xb470e297bdb0;
    %alloc S_0xb470e297f330;
    %pushi/vec4 1, 0, 8;
    %store/vec4 v0xb470e297f6d0_0, 0, 8;
    %fork TD_tb_tile_table.read_tile, S_0xb470e297f330;
    %join;
    %load/vec4 v0xb470e297f610_0;
    %store/vec4 v0xb470e2980620_0, 0, 1;
    %load/vec4 v0xb470e297f510_0;
    %store/vec4 v0xb470e2980540_0, 0, 6;
    %free S_0xb470e297f330;
    %alloc S_0xb470e297bdb0;
    %load/vec4 v0xb470e2980620_0;
    %flag_set/vec4 8;
    %flag_get/vec4 8;
    %jmp/0 T_28.6, 8;
    %load/vec4 v0xb470e2980540_0;
    %pushi/vec4 21, 0, 6;
    %cmp/e;
    %flag_get/vec4 4;
    %and;
T_28.6;
    %store/vec4 v0xb470e297bf90_0, 0, 1;
    %pushi/str "tile 1 filled";
    %store/str v0xb470e297c050_0;
    %fork TD_tb_tile_table.check, S_0xb470e297bdb0;
    %join;
    %free S_0xb470e297bdb0;
    %alloc S_0xb470e297f330;
    %pushi/vec4 16, 0, 8;
    %store/vec4 v0xb470e297f6d0_0, 0, 8;
    %fork TD_tb_tile_table.read_tile, S_0xb470e297f330;
    %join;
    %load/vec4 v0xb470e297f610_0;
    %store/vec4 v0xb470e2980620_0, 0, 1;
    %load/vec4 v0xb470e297f510_0;
    %store/vec4 v0xb470e2980540_0, 0, 6;
    %free S_0xb470e297f330;
    %alloc S_0xb470e297bdb0;
    %load/vec4 v0xb470e2980620_0;
    %flag_set/vec4 8;
    %flag_get/vec4 8;
    %jmp/0 T_28.7, 8;
    %load/vec4 v0xb470e2980540_0;
    %pushi/vec4 21, 0, 6;
    %cmp/e;
    %flag_get/vec4 4;
    %and;
T_28.7;
    %store/vec4 v0xb470e297bf90_0, 0, 1;
    %pushi/str "tile 16 filled";
    %store/str v0xb470e297c050_0;
    %fork TD_tb_tile_table.check, S_0xb470e297bdb0;
    %join;
    %free S_0xb470e297bdb0;
    %alloc S_0xb470e297f330;
    %pushi/vec4 17, 0, 8;
    %store/vec4 v0xb470e297f6d0_0, 0, 8;
    %fork TD_tb_tile_table.read_tile, S_0xb470e297f330;
    %join;
    %load/vec4 v0xb470e297f610_0;
    %store/vec4 v0xb470e2980620_0, 0, 1;
    %load/vec4 v0xb470e297f510_0;
    %store/vec4 v0xb470e2980540_0, 0, 6;
    %free S_0xb470e297f330;
    %alloc S_0xb470e297bdb0;
    %load/vec4 v0xb470e2980620_0;
    %flag_set/vec4 8;
    %flag_get/vec4 8;
    %jmp/0 T_28.8, 8;
    %load/vec4 v0xb470e2980540_0;
    %pushi/vec4 21, 0, 6;
    %cmp/e;
    %flag_get/vec4 4;
    %and;
T_28.8;
    %store/vec4 v0xb470e297bf90_0, 0, 1;
    %pushi/str "tile 17 filled";
    %store/str v0xb470e297c050_0;
    %fork TD_tb_tile_table.check, S_0xb470e297bdb0;
    %join;
    %free S_0xb470e297bdb0;
    %alloc S_0xb470e297f330;
    %pushi/vec4 2, 0, 8;
    %store/vec4 v0xb470e297f6d0_0, 0, 8;
    %fork TD_tb_tile_table.read_tile, S_0xb470e297f330;
    %join;
    %load/vec4 v0xb470e297f610_0;
    %store/vec4 v0xb470e2980620_0, 0, 1;
    %load/vec4 v0xb470e297f510_0;
    %store/vec4 v0xb470e2980540_0, 0, 6;
    %free S_0xb470e297f330;
    %alloc S_0xb470e297bdb0;
    %load/vec4 v0xb470e2980620_0;
    %nor/r;
    %store/vec4 v0xb470e297bf90_0, 0, 1;
    %pushi/str "tile 2 not affected";
    %store/str v0xb470e297c050_0;
    %fork TD_tb_tile_table.check, S_0xb470e297bdb0;
    %join;
    %free S_0xb470e297bdb0;
    %alloc S_0xb470e297f330;
    %pushi/vec4 32, 0, 8;
    %store/vec4 v0xb470e297f6d0_0, 0, 8;
    %fork TD_tb_tile_table.read_tile, S_0xb470e297f330;
    %join;
    %load/vec4 v0xb470e297f610_0;
    %store/vec4 v0xb470e2980620_0, 0, 1;
    %load/vec4 v0xb470e297f510_0;
    %store/vec4 v0xb470e2980540_0, 0, 6;
    %free S_0xb470e297f330;
    %alloc S_0xb470e297bdb0;
    %load/vec4 v0xb470e2980620_0;
    %nor/r;
    %store/vec4 v0xb470e297bf90_0, 0, 1;
    %pushi/str "tile 32 not affected";
    %store/str v0xb470e297c050_0;
    %fork TD_tb_tile_table.check, S_0xb470e297bdb0;
    %join;
    %free S_0xb470e297bdb0;
    %alloc S_0xb470e297fbf0;
    %pushi/str "QUAD WRITE - 128x128 quad (64 tiles)";
    %store/str v0xb470e297fdd0_0;
    %fork TD_tb_tile_table.suite, S_0xb470e297fbf0;
    %join;
    %free S_0xb470e297fbf0;
    %pushi/vec4 1, 0, 1;
    %store/vec4 v0xb470e2980930_0, 0, 1;
    %alloc S_0xb470e2980090;
    %pushi/vec4 2, 0, 32;
    %store/vec4 v0xb470e2980220_0, 0, 32;
    %fork TD_tb_tile_table.tick, S_0xb470e2980090;
    %join;
    %free S_0xb470e2980090;
    %pushi/vec4 0, 0, 1;
    %store/vec4 v0xb470e2980930_0, 0, 1;
    %alloc S_0xb470e2980090;
    %pushi/vec4 1, 0, 32;
    %store/vec4 v0xb470e2980220_0, 0, 32;
    %fork TD_tb_tile_table.tick, S_0xb470e2980090;
    %join;
    %free S_0xb470e2980090;
    %alloc S_0xb470e297ead0;
    %pushi/vec4 0, 0, 8;
    %store/vec4 v0xb470e297f190_0, 0, 8;
    %pushi/vec4 0, 0, 8;
    %store/vec4 v0xb470e297f250_0, 0, 8;
    %pushi/vec4 128, 0, 8;
    %store/vec4 v0xb470e297f0b0_0, 0, 8;
    %pushi/vec4 58, 0, 6;
    %store/vec4 v0xb470e297efb0_0, 0, 6;
    %fork TD_tb_tile_table.quad_write, S_0xb470e297ead0;
    %join;
    %free S_0xb470e297ead0;
    %pushi/vec4 0, 0, 32;
    %store/vec4 v0xb470e2980480_0, 0, 32;
    %fork t_17, S_0xb470e297b7d0;
    %jmp t_16;
    .scope S_0xb470e297b7d0;
t_17 ;
    %pushi/vec4 0, 0, 32;
    %store/vec4 v0xb470e297bcb0_0, 0, 32;
T_28.9 ;
    %load/vec4 v0xb470e297bcb0_0;
    %cmpi/s 8, 0, 32;
    %jmp/0xz T_28.10, 5;
    %fork t_19, S_0xb470e297b9d0;
    %jmp t_18;
    .scope S_0xb470e297b9d0;
t_19 ;
    %pushi/vec4 0, 0, 32;
    %store/vec4 v0xb470e297bbb0_0, 0, 32;
T_28.11 ;
    %load/vec4 v0xb470e297bbb0_0;
    %cmpi/s 8, 0, 32;
    %jmp/0xz T_28.12, 5;
    %alloc S_0xb470e297f330;
    %load/vec4 v0xb470e297bcb0_0;
    %muli 16, 0, 32;
    %load/vec4 v0xb470e297bbb0_0;
    %add;
    %pad/s 8;
    %store/vec4 v0xb470e297f6d0_0, 0, 8;
    %fork TD_tb_tile_table.read_tile, S_0xb470e297f330;
    %join;
    %load/vec4 v0xb470e297f610_0;
    %store/vec4 v0xb470e2980620_0, 0, 1;
    %load/vec4 v0xb470e297f510_0;
    %store/vec4 v0xb470e2980540_0, 0, 6;
    %free S_0xb470e297f330;
    %load/vec4 v0xb470e2980620_0;
    %nor/r;
    %flag_set/vec4 8;
    %jmp/1 T_28.15, 8;
    %load/vec4 v0xb470e2980540_0;
    %cmpi/ne 58, 0, 6;
    %flag_or 8, 4;
T_28.15;
    %jmp/0xz  T_28.13, 8;
    ; show_stmt_assign_vector: Get l-value for compressed += operand
    %load/vec4 v0xb470e2980480_0;
    %pushi/vec4 1, 0, 32;
    %add;
    %cast2;
    %store/vec4 v0xb470e2980480_0, 0, 32;
T_28.13 ;
    ; show_stmt_assign_vector: Get l-value for compressed += operand
    %load/vec4 v0xb470e297bbb0_0;
    %pushi/vec4 1, 0, 32;
    %add;
    %cast2;
    %store/vec4 v0xb470e297bbb0_0, 0, 32;
    %jmp T_28.11;
T_28.12 ;
    %end;
    .scope S_0xb470e297b7d0;
t_18 %join;
    ; show_stmt_assign_vector: Get l-value for compressed += operand
    %load/vec4 v0xb470e297bcb0_0;
    %pushi/vec4 1, 0, 32;
    %add;
    %cast2;
    %store/vec4 v0xb470e297bcb0_0, 0, 32;
    %jmp T_28.9;
T_28.10 ;
    %end;
    .scope S_0xb470e25e4760;
t_16 %join;
    %alloc S_0xb470e297bdb0;
    %load/vec4 v0xb470e2980480_0;
    %pushi/vec4 0, 0, 32;
    %cmp/e;
    %flag_get/vec4 4;
    %store/vec4 v0xb470e297bf90_0, 0, 1;
    %pushi/str "all 64 tiles in 128x128 quad correctly filled";
    %store/str v0xb470e297c050_0;
    %fork TD_tb_tile_table.check, S_0xb470e297bdb0;
    %join;
    %free S_0xb470e297bdb0;
    %alloc S_0xb470e297f330;
    %pushi/vec4 8, 0, 8;
    %store/vec4 v0xb470e297f6d0_0, 0, 8;
    %fork TD_tb_tile_table.read_tile, S_0xb470e297f330;
    %join;
    %load/vec4 v0xb470e297f610_0;
    %store/vec4 v0xb470e2980620_0, 0, 1;
    %load/vec4 v0xb470e297f510_0;
    %store/vec4 v0xb470e2980540_0, 0, 6;
    %free S_0xb470e297f330;
    %alloc S_0xb470e297bdb0;
    %load/vec4 v0xb470e2980620_0;
    %nor/r;
    %store/vec4 v0xb470e297bf90_0, 0, 1;
    %pushi/str "tile col 8 untouched";
    %store/str v0xb470e297c050_0;
    %fork TD_tb_tile_table.check, S_0xb470e297bdb0;
    %join;
    %free S_0xb470e297bdb0;
    %alloc S_0xb470e297f330;
    %pushi/vec4 128, 0, 8;
    %store/vec4 v0xb470e297f6d0_0, 0, 8;
    %fork TD_tb_tile_table.read_tile, S_0xb470e297f330;
    %join;
    %load/vec4 v0xb470e297f610_0;
    %store/vec4 v0xb470e2980620_0, 0, 1;
    %load/vec4 v0xb470e297f510_0;
    %store/vec4 v0xb470e2980540_0, 0, 6;
    %free S_0xb470e297f330;
    %alloc S_0xb470e297bdb0;
    %load/vec4 v0xb470e2980620_0;
    %nor/r;
    %store/vec4 v0xb470e297bf90_0, 0, 1;
    %pushi/str "tile row 8 untouched";
    %store/str v0xb470e297c050_0;
    %fork TD_tb_tile_table.check, S_0xb470e297bdb0;
    %join;
    %free S_0xb470e297bdb0;
    %alloc S_0xb470e297fbf0;
    %pushi/str "QUAD WRITE - non-zero offset quad";
    %store/str v0xb470e297fdd0_0;
    %fork TD_tb_tile_table.suite, S_0xb470e297fbf0;
    %join;
    %free S_0xb470e297fbf0;
    %pushi/vec4 1, 0, 1;
    %store/vec4 v0xb470e2980930_0, 0, 1;
    %alloc S_0xb470e2980090;
    %pushi/vec4 2, 0, 32;
    %store/vec4 v0xb470e2980220_0, 0, 32;
    %fork TD_tb_tile_table.tick, S_0xb470e2980090;
    %join;
    %free S_0xb470e2980090;
    %pushi/vec4 0, 0, 1;
    %store/vec4 v0xb470e2980930_0, 0, 1;
    %alloc S_0xb470e2980090;
    %pushi/vec4 1, 0, 32;
    %store/vec4 v0xb470e2980220_0, 0, 32;
    %fork TD_tb_tile_table.tick, S_0xb470e2980090;
    %join;
    %free S_0xb470e2980090;
    %alloc S_0xb470e297ead0;
    %pushi/vec4 128, 0, 8;
    %store/vec4 v0xb470e297f190_0, 0, 8;
    %pushi/vec4 128, 0, 8;
    %store/vec4 v0xb470e297f250_0, 0, 8;
    %pushi/vec4 32, 0, 8;
    %store/vec4 v0xb470e297f0b0_0, 0, 8;
    %pushi/vec4 43, 0, 6;
    %store/vec4 v0xb470e297efb0_0, 0, 6;
    %fork TD_tb_tile_table.quad_write, S_0xb470e297ead0;
    %join;
    %free S_0xb470e297ead0;
    %alloc S_0xb470e297f330;
    %pushi/vec4 136, 0, 8;
    %store/vec4 v0xb470e297f6d0_0, 0, 8;
    %fork TD_tb_tile_table.read_tile, S_0xb470e297f330;
    %join;
    %load/vec4 v0xb470e297f610_0;
    %store/vec4 v0xb470e2980620_0, 0, 1;
    %load/vec4 v0xb470e297f510_0;
    %store/vec4 v0xb470e2980540_0, 0, 6;
    %free S_0xb470e297f330;
    %alloc S_0xb470e297bdb0;
    %load/vec4 v0xb470e2980620_0;
    %flag_set/vec4 8;
    %flag_get/vec4 8;
    %jmp/0 T_28.16, 8;
    %load/vec4 v0xb470e2980540_0;
    %pushi/vec4 43, 0, 6;
    %cmp/e;
    %flag_get/vec4 4;
    %and;
T_28.16;
    %store/vec4 v0xb470e297bf90_0, 0, 1;
    %pushi/str "offset tile 136";
    %store/str v0xb470e297c050_0;
    %fork TD_tb_tile_table.check, S_0xb470e297bdb0;
    %join;
    %free S_0xb470e297bdb0;
    %alloc S_0xb470e297f330;
    %pushi/vec4 137, 0, 8;
    %store/vec4 v0xb470e297f6d0_0, 0, 8;
    %fork TD_tb_tile_table.read_tile, S_0xb470e297f330;
    %join;
    %load/vec4 v0xb470e297f610_0;
    %store/vec4 v0xb470e2980620_0, 0, 1;
    %load/vec4 v0xb470e297f510_0;
    %store/vec4 v0xb470e2980540_0, 0, 6;
    %free S_0xb470e297f330;
    %alloc S_0xb470e297bdb0;
    %load/vec4 v0xb470e2980620_0;
    %flag_set/vec4 8;
    %flag_get/vec4 8;
    %jmp/0 T_28.17, 8;
    %load/vec4 v0xb470e2980540_0;
    %pushi/vec4 43, 0, 6;
    %cmp/e;
    %flag_get/vec4 4;
    %and;
T_28.17;
    %store/vec4 v0xb470e297bf90_0, 0, 1;
    %pushi/str "offset tile 137";
    %store/str v0xb470e297c050_0;
    %fork TD_tb_tile_table.check, S_0xb470e297bdb0;
    %join;
    %free S_0xb470e297bdb0;
    %alloc S_0xb470e297f330;
    %pushi/vec4 152, 0, 8;
    %store/vec4 v0xb470e297f6d0_0, 0, 8;
    %fork TD_tb_tile_table.read_tile, S_0xb470e297f330;
    %join;
    %load/vec4 v0xb470e297f610_0;
    %store/vec4 v0xb470e2980620_0, 0, 1;
    %load/vec4 v0xb470e297f510_0;
    %store/vec4 v0xb470e2980540_0, 0, 6;
    %free S_0xb470e297f330;
    %alloc S_0xb470e297bdb0;
    %load/vec4 v0xb470e2980620_0;
    %flag_set/vec4 8;
    %flag_get/vec4 8;
    %jmp/0 T_28.18, 8;
    %load/vec4 v0xb470e2980540_0;
    %pushi/vec4 43, 0, 6;
    %cmp/e;
    %flag_get/vec4 4;
    %and;
T_28.18;
    %store/vec4 v0xb470e297bf90_0, 0, 1;
    %pushi/str "offset tile 152";
    %store/str v0xb470e297c050_0;
    %fork TD_tb_tile_table.check, S_0xb470e297bdb0;
    %join;
    %free S_0xb470e297bdb0;
    %alloc S_0xb470e297f330;
    %pushi/vec4 153, 0, 8;
    %store/vec4 v0xb470e297f6d0_0, 0, 8;
    %fork TD_tb_tile_table.read_tile, S_0xb470e297f330;
    %join;
    %load/vec4 v0xb470e297f610_0;
    %store/vec4 v0xb470e2980620_0, 0, 1;
    %load/vec4 v0xb470e297f510_0;
    %store/vec4 v0xb470e2980540_0, 0, 6;
    %free S_0xb470e297f330;
    %alloc S_0xb470e297bdb0;
    %load/vec4 v0xb470e2980620_0;
    %flag_set/vec4 8;
    %flag_get/vec4 8;
    %jmp/0 T_28.19, 8;
    %load/vec4 v0xb470e2980540_0;
    %pushi/vec4 43, 0, 6;
    %cmp/e;
    %flag_get/vec4 4;
    %and;
T_28.19;
    %store/vec4 v0xb470e297bf90_0, 0, 1;
    %pushi/str "offset tile 153";
    %store/str v0xb470e297c050_0;
    %fork TD_tb_tile_table.check, S_0xb470e297bdb0;
    %join;
    %free S_0xb470e297bdb0;
    %alloc S_0xb470e297f330;
    %pushi/vec4 135, 0, 8;
    %store/vec4 v0xb470e297f6d0_0, 0, 8;
    %fork TD_tb_tile_table.read_tile, S_0xb470e297f330;
    %join;
    %load/vec4 v0xb470e297f610_0;
    %store/vec4 v0xb470e2980620_0, 0, 1;
    %load/vec4 v0xb470e297f510_0;
    %store/vec4 v0xb470e2980540_0, 0, 6;
    %free S_0xb470e297f330;
    %alloc S_0xb470e297bdb0;
    %load/vec4 v0xb470e2980620_0;
    %nor/r;
    %store/vec4 v0xb470e297bf90_0, 0, 1;
    %pushi/str "tile before quad untouched";
    %store/str v0xb470e297c050_0;
    %fork TD_tb_tile_table.check, S_0xb470e297bdb0;
    %join;
    %free S_0xb470e297bdb0;
    %alloc S_0xb470e297f330;
    %pushi/vec4 154, 0, 8;
    %store/vec4 v0xb470e297f6d0_0, 0, 8;
    %fork TD_tb_tile_table.read_tile, S_0xb470e297f330;
    %join;
    %load/vec4 v0xb470e297f610_0;
    %store/vec4 v0xb470e2980620_0, 0, 1;
    %load/vec4 v0xb470e297f510_0;
    %store/vec4 v0xb470e2980540_0, 0, 6;
    %free S_0xb470e297f330;
    %alloc S_0xb470e297bdb0;
    %load/vec4 v0xb470e2980620_0;
    %nor/r;
    %store/vec4 v0xb470e297bf90_0, 0, 1;
    %pushi/str "tile after quad untouched";
    %store/str v0xb470e297c050_0;
    %fork TD_tb_tile_table.check, S_0xb470e297bdb0;
    %join;
    %free S_0xb470e297bdb0;
    %alloc S_0xb470e297fbf0;
    %pushi/str "COMBINATIONAL READ - zero latency";
    %store/str v0xb470e297fdd0_0;
    %fork TD_tb_tile_table.suite, S_0xb470e297fbf0;
    %join;
    %free S_0xb470e297fbf0;
    %pushi/vec4 1, 0, 1;
    %store/vec4 v0xb470e2980930_0, 0, 1;
    %alloc S_0xb470e2980090;
    %pushi/vec4 2, 0, 32;
    %store/vec4 v0xb470e2980220_0, 0, 32;
    %fork TD_tb_tile_table.tick, S_0xb470e2980090;
    %join;
    %free S_0xb470e2980090;
    %pushi/vec4 0, 0, 1;
    %store/vec4 v0xb470e2980930_0, 0, 1;
    %alloc S_0xb470e2980090;
    %pushi/vec4 1, 0, 32;
    %store/vec4 v0xb470e2980220_0, 0, 32;
    %fork TD_tb_tile_table.tick, S_0xb470e2980090;
    %join;
    %free S_0xb470e2980090;
    %alloc S_0xb470e297f790;
    %pushi/vec4 7, 0, 8;
    %store/vec4 v0xb470e297fb30_0, 0, 8;
    %pushi/vec4 1, 0, 1;
    %store/vec4 v0xb470e297fa70_0, 0, 1;
    %pushi/vec4 28, 0, 6;
    %store/vec4 v0xb470e297f970_0, 0, 6;
    %fork TD_tb_tile_table.single_write, S_0xb470e297f790;
    %join;
    %free S_0xb470e297f790;
    %pushi/vec4 7, 0, 8;
    %store/vec4 v0xb470e29807f0_0, 0, 8;
    %delay 1000, 0;
    %alloc S_0xb470e297bdb0;
    %load/vec4 v0xb470e2980890_0;
    %store/vec4 v0xb470e297bf90_0, 0, 1;
    %pushi/str "combinational read: is_filled correct";
    %store/str v0xb470e297c050_0;
    %fork TD_tb_tile_table.check, S_0xb470e297bdb0;
    %join;
    %free S_0xb470e297bdb0;
    %alloc S_0xb470e297bdb0;
    %load/vec4 v0xb470e2980730_0;
    %pushi/vec4 28, 0, 6;
    %cmp/e;
    %flag_get/vec4 4;
    %store/vec4 v0xb470e297bf90_0, 0, 1;
    %pushi/str "combinational read: fill_colour correct";
    %store/str v0xb470e297c050_0;
    %fork TD_tb_tile_table.check, S_0xb470e297bdb0;
    %join;
    %free S_0xb470e297bdb0;
    %alloc S_0xb470e297feb0;
    %fork TD_tb_tile_table.summary, S_0xb470e297feb0;
    %join;
    %free S_0xb470e297feb0;
    %vpi_call/w 12 203 "$finish" {0 0 0};
    %end;
    .thread T_28;
    .scope S_0xb470e25e4760;
T_29 ;
    %delay 705032704, 1;
    %vpi_call/w 12 206 "$display", "[TIMEOUT]" {0 0 0};
    %vpi_call/w 12 206 "$finish" {0 0 0};
    %end;
    .thread T_29;
# The file index is used to find the file name in the following table.
:file_names 14;
    "N/A";
    "<interactive>";
    "-";
    "hdl/memory/bram_to_dram.sv";
    "hdl/memory/colour_bram.sv";
    "hdl/comparator/comparator.sv";
    "hdl/queues/complete_queue_handler.sv";
    "hdl/queues/complete_queue.sv";
    "hdl/queues/fifo.sv";
    "hdl/queues/job_queue_handler.sv";
    "hdl/queues/job_queue.sv";
    "hdl/memory/state_bram.sv";
    "tb/memory/tb_tile_table.sv";
    "hdl/memory/tile_table.sv";
