col,row,iters
0,0,1
1,0,0
2,0,0
3,0,1
4,0,1
5,0,0
6,0,0
7,0,1
8,0,1
9,0,0
10,0,0
11,0,1
12,0,1
13,0,0
14,0,0
15,0,1
16,0,1
17,0,0
18,0,0
19,0,1
20,0,1
21,0,0
22,0,0
23,0,1
24,0,1
25,0,0
26,0,0
27,0,1
28,0,1
29,0,0
30,0,0
31,0,1
32,0,1
33,0,0
34,0,0
35,0,1
36,0,1
37,0,0
38,0,0
39,0,1
40,0,1
41,0,0
42,0,0
43,0,1
44,0,1
45,0,0
46,0,0
47,0,2
48,0,2
49,0,0
50,0,0
51,0,2
52,0,2
53,0,0
54,0,0
55,0,2
56,0,2
57,0,0
58,0,0
59,0,2
60,0,2
61,0,0
62,0,0
63,0,2
64,0,2
65,0,0
66,0,0
67,0,2
68,0,2
69,0,0
70,0,0
71,0,2
72,0,2
73,0,0
74,0,0
75,0,2
76,0,2
77,0,0
78,0,0
79,0,2
80,0,2
81,0,0
82,0,0
83,0,2
84,0,2
85,0,0
86,0,0
87,0,2
88,0,2
89,0,0
90,0,0
91,0,2
92,0,2
93,0,0
94,0,0
95,0,2
96,0,2
97,0,0
98,0,0
99,0,2
100,0,2
101,0,0
102,0,0
103,0,2
104,0,2
105,0,0
106,0,0
107,0,2
108,0,2
109,0,0
110,0,0
111,0,2
112,0,2
113,0,0
114,0,0
115,0,2
116,0,2
117,0,0
118,0,0
119,0,2
120,0,2
121,0,0
122,0,0
123,0,2
124,0,2
125,0,0
126,0,0
127,0,2
128,0,2
129,0,0
130,0,0
131,0,2
132,0,2
133,0,0
134,0,0
135,0,2
136,0,2
137,0,0
138,0,0
139,0,2
140,0,2
141,0,0
142,0,0
143,0,2
144,0,2
145,0,0
146,0,0
147,0,2
148,0,2
149,0,0
150,0,0
151,0,2
152,0,2
153,0,0
154,0,0
155,0,2
156,0,2
157,0,0
158,0,0
159,0,2
160,0,2
161,0,0
162,0,0
163,0,2
164,0,2
165,0,0
166,0,0
167,0,2
168,0,2
169,0,0
170,0,0
171,0,2
172,0,2
173,0,0
174,0,0
175,0,2
176,0,2
177,0,0
178,0,0
179,0,2
180,0,2
181,0,0
182,0,0
183,0,2
184,0,2
185,0,0
186,0,0
187,0,2
188,0,2
189,0,0
190,0,0
191,0,2
192,0,2
193,0,0
194,0,0
195,0,2
196,0,2
197,0,0
198,0,0
199,0,2
200,0,2
201,0,0
202,0,0
203,0,2
204,0,2
205,0,0
206,0,0
207,0,2
208,0,2
209,0,0
210,0,0
211,0,1
212,0,1
213,0,0
214,0,0
215,0,1
216,0,1
217,0,0
218,0,0
219,0,1
220,0,1
221,0,0
222,0,0
223,0,1
224,0,1
225,0,0
226,0,0
227,0,1
228,0,1
229,0,0
230,0,0
231,0,1
232,0,1
233,0,0
234,0,0
235,0,1
236,0,1
237,0,0
238,0,0
239,0,1
240,0,1
241,0,0
242,0,0
243,0,1
244,0,1
245,0,0
246,0,0
247,0,1
248,0,1
249,0,0
250,0,0
251,0,1
252,0,1
253,0,0
254,0,0
255,0,1
0,1,1
1,1,0
2,1,0
3,1,1
4,1,1
5,1,0
6,1,0
7,1,1
8,1,1
9,1,0
10,1,0
11,1,1
12,1,1
13,1,0
14,1,0
15,1,1
16,1,1
17,1,0
18,1,0
19,1,1
20,1,1
21,1,0
22,1,0
23,1,1
24,1,1
25,1,0
26,1,0
27,1,1
28,1,1
29,1,0
30,1,0
31,1,1
32,1,1
33,1,0
34,1,0
35,1,1
36,1,1
37,1,0
38,1,0
39,1,1
40,1,1
41,1,0
42,1,0
43,1,2
44,1,2
45,1,0
46,1,0
47,1,2
48,1,2
49,1,0
50,1,0
51,1,2
52,1,2
53,1,0
54,1,0
55,1,2
56,1,2
57,1,0
58,1,0
59,1,2
60,1,2
61,1,0
62,1,0
63,1,2
64,1,2
65,1,0
66,1,0
67,1,2
68,1,2
69,1,0
70,1,0
71,1,2
72,1,2
73,1,0
74,1,0
75,1,2
76,1,2
77,1,0
78,1,0
79,1,2
80,1,2
81,1,0
82,1,0
83,1,2
84,1,2
85,1,0
86,1,0
87,1,2
88,1,2
89,1,0
90,1,0
91,1,2
92,1,2
93,1,0
94,1,0
95,1,2
96,1,2
97,1,0
98,1,0
99,1,2
100,1,2
101,1,0
102,1,0
103,1,2
104,1,2
105,1,0
106,1,0
107,1,2
108,1,2
109,1,0
110,1,0
111,1,2
112,1,2
113,1,0
114,1,0
115,1,2
116,1,2
117,1,0
118,1,0
119,1,2
120,1,2
121,1,0
122,1,0
123,1,2
124,1,2
125,1,0
126,1,0
127,1,2
128,1,2
129,1,0
130,1,0
131,1,2
132,1,2
133,1,0
134,1,0
135,1,2
136,1,2
137,1,0
138,1,0
139,1,2
140,1,2
141,1,0
142,1,0
143,1,2
144,1,2
145,1,0
146,1,0
147,1,2
148,1,2
149,1,0
150,1,0
151,1,2
152,1,2
153,1,0
154,1,0
155,1,2
156,1,2
157,1,0
158,1,0
159,1,2
160,1,2
161,1,0
162,1,0
163,1,2
164,1,2
165,1,0
166,1,0
167,1,2
168,1,2
169,1,0
170,1,0
171,1,2
172,1,2
173,1,0
174,1,0
175,1,2
176,1,2
177,1,0
178,1,0
179,1,2
180,1,2
181,1,0
182,1,0
183,1,2
184,1,2
185,1,0
186,1,0
187,1,2
188,1,2
189,1,0
190,1,0
191,1,2
192,1,2
193,1,0
194,1,0
195,1,2
196,1,2
197,1,0
198,1,0
199,1,2
200,1,2
201,1,0
202,1,0
203,1,2
204,1,2
205,1,0
206,1,0
207,1,2
208,1,2
209,1,0
210,1,0
211,1,2
212,1,2
213,1,0
214,1,0
215,1,1
216,1,1
217,1,0
218,1,0
219,1,1
220,1,1
221,1,0
222,1,0
223,1,1
224,1,1
225,1,0
226,1,0
227,1,1
228,1,1
229,1,0
230,1,0
231,1,1
232,1,1
233,1,0
234,1,0
235,1,1
236,1,1
237,1,0
238,1,0
239,1,1
240,1,1
241,1,0
242,1,0
243,1,1
244,1,1
245,1,0
246,1,0
247,1,1
248,1,1
249,1,0
250,1,0
251,1,1
252,1,1
253,1,0
254,1,0
255,1,1
0,2,1
1,2,0
2,2,0
3,2,1
4,2,1
5,2,0
6,2,0
7,2,1
8,2,1
9,2,0
10,2,0
11,2,1
12,2,1
13,2,0
14,2,0
15,2,1
16,2,1
17,2,0
18,2,0
19,2,1
20,2,1
21,2,0
22,2,0
23,2,1
24,2,1
25,2,0
26,2,0
27,2,1
28,2,1
29,2,0
30,2,0
31,2,1
32,2,1
33,2,0
34,2,0
35,2,1
36,2,1
37,2,0
38,2,0
39,2,1
40,2,2
41,2,0
42,2,0
43,2,2
44,2,2
45,2,0
46,2,0
47,2,2
48,2,2
49,2,0
50,2,0
51,2,2
52,2,2
53,2,0
54,2,0
55,2,2
56,2,2
57,2,0
58,2,0
59,2,2
60,2,2
61,2,0
62,2,0
63,2,2
64,2,2
65,2,0
66,2,0
67,2,2
68,2,2
69,2,0
70,2,0
71,2,2
72,2,2
73,2,0
74,2,0
75,2,2
76,2,2
77,2,0
78,2,0
79,2,2
80,2,2
81,2,0
82,2,0
83,2,2
84,2,2
85,2,0
86,2,0
87,2,2
88,2,2
89,2,0
90,2,0
91,2,2
92,2,2
93,2,0
94,2,0
95,2,2
96,2,2
97,2,0
98,2,0
99,2,2
100,2,2
101,2,0
102,2,0
103,2,2
104,2,2
105,2,0
106,2,0
107,2,2
108,2,2
109,2,0
110,2,0
111,2,2
112,2,2
113,2,0
114,2,0
115,2,2
116,2,2
117,2,0
118,2,0
119,2,2
120,2,2
121,2,0
122,2,0
123,2,2
124,2,2
125,2,0
126,2,0
127,2,2
128,2,2
129,2,0
130,2,0
131,2,2
132,2,2
133,2,0
134,2,0
135,2,2
136,2,2
137,2,0
138,2,0
139,2,2
140,2,2
141,2,0
142,2,0
143,2,2
144,2,2
145,2,0
146,2,0
147,2,2
148,2,2
149,2,0
150,2,0
151,2,2
152,2,2
153,2,0
154,2,0
155,2,2
156,2,2
157,2,0
158,2,0
159,2,2
160,2,2
161,2,0
162,2,0
163,2,2
164,2,2
165,2,0
166,2,0
167,2,2
168,2,2
169,2,0
170,2,0
171,2,2
172,2,2
173,2,0
174,2,0
175,2,2
176,2,2
177,2,0
178,2,0
179,2,2
180,2,2
181,2,0
182,2,0
183,2,2
184,2,2
185,2,0
186,2,0
187,2,2
188,2,2
189,2,0
190,2,0
191,2,2
192,2,2
193,2,0
194,2,0
195,2,2
196,2,2
197,2,0
198,2,0
199,2,2
200,2,2
201,2,0
202,2,0
203,2,2
204,2,2
205,2,0
206,2,0
207,2,2
208,2,2
209,2,0
210,2,0
211,2,2
212,2,2
213,2,0
214,2,0
215,2,2
216,2,2
217,2,0
218,2,0
219,2,1
220,2,1
221,2,0
222,2,0
223,2,1
224,2,1
225,2,0
226,2,0
227,2,1
228,2,1
229,2,0
230,2,0
231,2,1
232,2,1
233,2,0
234,2,0
235,2,1
236,2,1
237,2,0
238,2,0
239,2,1
240,2,1
241,2,0
242,2,0
243,2,1
244,2,1
245,2,0
246,2,0
247,2,1
248,2,1
249,2,0
250,2,0
251,2,1
252,2,1
253,2,0
254,2,0
255,2,1
0,3,1
1,3,0
2,3,0
3,3,1
4,3,1
5,3,0
6,3,0
7,3,1
8,3,1
9,3,0
10,3,0
11,3,1
12,3,1
13,3,0
14,3,0
15,3,1
16,3,1
17,3,0
18,3,0
19,3,1
20,3,1
21,3,0
22,3,0
23,3,1
24,3,1
25,3,0
26,3,0
27,3,1
28,3,1
29,3,0
30,3,0
31,3,1
32,3,1
33,3,0
34,3,0
35,3,1
36,3,1
37,3,0
38,3,0
39,3,2
40,3,2
41,3,0
42,3,0
43,3,2
44,3,2
45,3,0
46,3,0
47,3,2
48,3,2
49,3,0
50,3,0
51,3,2
52,3,2
53,3,0
54,3,0
55,3,2
56,3,2
57,3,0
58,3,0
59,3,2
60,3,2
61,3,0
62,3,0
63,3,2
64,3,2
65,3,0
66,3,0
67,3,2
68,3,2
69,3,0
70,3,0
71,3,2
72,3,2
73,3,0
74,3,0
75,3,2
76,3,2
77,3,0
78,3,0
79,3,2
80,3,2
81,3,0
82,3,0
83,3,2
84,3,2
85,3,0
86,3,0
87,3,2
88,3,2
89,3,0
90,3,0
91,3,2
92,3,2
93,3,0
94,3,0
95,3,2
96,3,2
97,3,0
98,3,0
99,3,2
100,3,2
101,3,0
102,3,0
103,3,2
104,3,2
105,3,0
106,3,0
107,3,2
108,3,2
109,3,0
110,3,0
111,3,2
112,3,2
113,3,0
114,3,0
115,3,2
116,3,2
117,3,0
118,3,0
119,3,2
120,3,2
121,3,0
122,3,0
123,3,2
124,3,2
125,3,0
126,3,0
127,3,2
128,3,2
129,3,0
130,3,0
131,3,2
132,3,2
133,3,0
134,3,0
135,3,2
136,3,2
137,3,0
138,3,0
139,3,2
140,3,2
141,3,0
142,3,0
143,3,2
144,3,2
145,3,0
146,3,0
147,3,2
148,3,2
149,3,0
150,3,0
151,3,2
152,3,2
153,3,0
154,3,0
155,3,2
156,3,2
157,3,0
158,3,0
159,3,2
160,3,2
161,3,0
162,3,0
163,3,2
164,3,2
165,3,0
166,3,0
167,3,2
168,3,2
169,3,0
170,3,0
171,3,2
172,3,2
173,3,0
174,3,0
175,3,2
176,3,2
177,3,0
178,3,0
179,3,2
180,3,2
181,3,0
182,3,0
183,3,2
184,3,2
185,3,0
186,3,0
187,3,2
188,3,2
189,3,0
190,3,0
191,3,2
192,3,2
193,3,0
194,3,0
195,3,2
196,3,2
197,3,0
198,3,0
199,3,2
200,3,2
201,3,0
202,3,0
203,3,2
204,3,2
205,3,0
206,3,0
207,3,2
208,3,2
209,3,0
210,3,0
211,3,2
212,3,2
213,3,0
214,3,0
215,3,2
216,3,2
217,3,0
218,3,0
219,3,2
220,3,1
221,3,0
222,3,0
223,3,1
224,3,1
225,3,0
226,3,0
227,3,1
228,3,1
229,3,0
230,3,0
231,3,1
232,3,1
233,3,0
234,3,0
235,3,1
236,3,1
237,3,0
238,3,0
239,3,1
240,3,1
241,3,0
242,3,0
243,3,1
244,3,1
245,3,0
246,3,0
247,3,1
248,3,1
249,3,0
250,3,0
251,3,1
252,3,1
253,3,0
254,3,0
255,3,1
0,4,1
1,4,0
2,4,0
3,4,1
4,4,1
5,4,0
6,4,0
7,4,1
8,4,1
9,4,0
10,4,0
11,4,1
12,4,1
13,4,0
14,4,0
15,4,1
16,4,1
17,4,0
18,4,0
19,4,1
20,4,1
21,4,0
22,4,0
23,4,1
24,4,1
25,4,0
26,4,0
27,4,1
28,4,1
29,4,0
30,4,0
31,4,1
32,4,1
33,4,0
34,4,0
35,4,2
36,4,2
37,4,0
38,4,0
39,4,2
40,4,2
41,4,0
42,4,0
43,4,2
44,4,2
45,4,0
46,4,0
47,4,2
48,4,2
49,4,0
50,4,0
51,4,2
52,4,2
53,4,0
54,4,0
55,4,2
56,4,2
57,4,0
58,4,0
59,4,2
60,4,2
61,4,0
62,4,0
63,4,2
64,4,2
65,4,0
66,4,0
67,4,2
68,4,2
69,4,0
70,4,0
71,4,2
72,4,2
73,4,0
74,4,0
75,4,2
76,4,2
77,4,0
78,4,0
79,4,2
80,4,2
81,4,0
82,4,0
83,4,2
84,4,2
85,4,0
86,4,0
87,4,2
88,4,2
89,4,0
90,4,0
91,4,2
92,4,2
93,4,0
94,4,0
95,4,2
96,4,2
97,4,0
98,4,0
99,4,2
100,4,2
101,4,0
102,4,0
103,4,2
104,4,2
105,4,0
106,4,0
107,4,2
108,4,2
109,4,0
110,4,0
111,4,2
112,4,2
113,4,0
114,4,0
115,4,2
116,4,2
117,4,0
118,4,0
119,4,2
120,4,2
121,4,0
122,4,0
123,4,2
124,4,2
125,4,0
126,4,0
127,4,2
128,4,2
129,4,0
130,4,0
131,4,2
132,4,2
133,4,0
134,4,0
135,4,2
136,4,2
137,4,0
138,4,0
139,4,2
140,4,2
141,4,0
142,4,0
143,4,2
144,4,2
145,4,0
146,4,0
147,4,2
148,4,2
149,4,0
150,4,0
151,4,2
152,4,2
153,4,0
154,4,0
155,4,2
156,4,2
157,4,0
158,4,0
159,4,2
160,4,2
161,4,0
162,4,0
163,4,2
164,4,2
165,4,0
166,4,0
167,4,2
168,4,2
169,4,0
170,4,0
171,4,2
172,4,2
173,4,0
174,4,0
175,4,2
176,4,2
177,4,0
178,4,0
179,4,2
180,4,2
181,4,0
182,4,0
183,4,2
184,4,2
185,4,0
186,4,0
187,4,2
188,4,2
189,4,0
190,4,0
191,4,2
192,4,2
193,4,0
194,4,0
195,4,2
196,4,2
197,4,0
198,4,0
199,4,2
200,4,2
201,4,0
202,4,0
203,4,2
204,4,2
205,4,0
206,4,0
207,4,2
208,4,2
209,4,0
210,4,0
211,4,2
212,4,2
213,4,0
214,4,0
215,4,2
216,4,2
217,4,0
218,4,0
219,4,2
220,4,2
221,4,0
222,4,0
223,4,1
224,4,1
225,4,0
226,4,0
227,4,1
228,4,1
229,4,0
230,4,0
231,4,1
232,4,1
233,4,0
234,4,0
235,4,1
236,4,1
237,4,0
238,4,0
239,4,1
240,4,1
241,4,0
242,4,0
243,4,1
244,4,1
245,4,0
246,4,0
247,4,1
248,4,1
249,4,0
250,4,0
251,4,1
252,4,1
253,4,0
254,4,0
255,4,1
0,5,1
1,5,0
2,5,0
3,5,1
4,5,1
5,5,0
6,5,0
7,5,1
8,5,1
9,5,0
10,5,0
11,5,1
12,5,1
13,5,0
14,5,0
15,5,1
16,5,1
17,5,0
18,5,0
19,5,1
20,5,1
21,5,0
22,5,0
23,5,1
24,5,1
25,5,0
26,5,0
27,5,1
28,5,1
29,5,0
30,5,0
31,5,1
32,5,2
33,5,0
34,5,0
35,5,2
36,5,2
37,5,0
38,5,0
39,5,2
40,5,2
41,5,0
42,5,0
43,5,2
44,5,2
45,5,0
46,5,0
47,5,2
48,5,2
49,5,0
50,5,0
51,5,2
52,5,2
53,5,0
54,5,0
55,5,2
56,5,2
57,5,0
58,5,0
59,5,2
60,5,2
61,5,0
62,5,0
63,5,2
64,5,2
65,5,0
66,5,0
67,5,2
68,5,2
69,5,0
70,5,0
71,5,2
72,5,2
73,5,0
74,5,0
75,5,2
76,5,2
77,5,0
78,5,0
79,5,2
80,5,2
81,5,0
82,5,0
83,5,2
84,5,2
85,5,0
86,5,0
87,5,2
88,5,2
89,5,0
90,5,0
91,5,2
92,5,2
93,5,0
94,5,0
95,5,2
96,5,2
97,5,0
98,5,0
99,5,2
100,5,2
101,5,0
102,5,0
103,5,2
104,5,2
105,5,0
106,5,0
107,5,2
108,5,2
109,5,0
110,5,0
111,5,2
112,5,2
113,5,0
114,5,0
115,5,2
116,5,2
117,5,0
118,5,0
119,5,2
120,5,2
121,5,0
122,5,0
123,5,2
124,5,2
125,5,0
126,5,0
127,5,2
128,5,2
129,5,0
130,5,0
131,5,2
132,5,2
133,5,0
134,5,0
135,5,2
136,5,2
137,5,0
138,5,0
139,5,2
140,5,2
141,5,0
142,5,0
143,5,2
144,5,2
145,5,0
146,5,0
147,5,2
148,5,2
149,5,0
150,5,0
151,5,2
152,5,2
153,5,0
154,5,0
155,5,2
156,5,2
157,5,0
158,5,0
159,5,2
160,5,2
161,5,0
162,5,0
163,5,2
164,5,2
165,5,0
166,5,0
167,5,2
168,5,2
169,5,0
170,5,0
171,5,2
172,5,2
173,5,0
174,5,0
175,5,2
176,5,2
177,5,0
178,5,0
179,5,2
180,5,2
181,5,0
182,5,0
183,5,2
184,5,2
185,5,0
186,5,0
187,5,2
188,5,2
189,5,0
190,5,0
191,5,2
192,5,2
193,5,0
194,5,0
195,5,2
196,5,2
197,5,0
198,5,0
199,5,2
200,5,2
201,5,0
202,5,0
203,5,2
204,5,2
205,5,0
206,5,0
207,5,2
208,5,2
209,5,0
210,5,0
211,5,2
212,5,2
213,5,0
214,5,0
215,5,2
216,5,2
217,5,0
218,5,0
219,5,2
220,5,2
221,5,0
222,5,0
223,5,2
224,5,2
225,5,0
226,5,0
227,5,1
228,5,1
229,5,0
230,5,0
231,5,1
232,5,1
233,5,0
234,5,0
235,5,1
236,5,1
237,5,0
238,5,0
239,5,1
240,5,1
241,5,0
242,5,0
243,5,1
244,5,1
245,5,0
246,5,0
247,5,1
248,5,1
249,5,0
250,5,0
251,5,1
252,5,1
253,5,0
254,5,0
255,5,1
0,6,1
1,6,0
2,6,0
3,6,1
4,6,1
5,6,0
6,6,0
7,6,1
8,6,1
9,6,0
10,6,0
11,6,1
12,6,1
13,6,0
14,6,0
15,6,1
16,6,1
17,6,0
18,6,0
19,6,1
20,6,1
21,6,0
22,6,0
23,6,1
24,6,1
25,6,0
26,6,0
27,6,1
28,6,1
29,6,0
30,6,0
31,6,2
32,6,2
33,6,0
34,6,0
35,6,2
36,6,2
37,6,0
38,6,0
39,6,2
40,6,2
41,6,0
42,6,0
43,6,2
44,6,2
45,6,0
46,6,0
47,6,2
48,6,2
49,6,0
50,6,0
51,6,2
52,6,2
53,6,0
54,6,0
55,6,2
56,6,2
57,6,0
58,6,0
59,6,2
60,6,2
61,6,0
62,6,0
63,6,2
64,6,2
65,6,0
66,6,0
67,6,2
68,6,2
69,6,0
70,6,0
71,6,2
72,6,2
73,6,0
74,6,0
75,6,2
76,6,2
77,6,0
78,6,0
79,6,2
80,6,2
81,6,0
82,6,0
83,6,2
84,6,2
85,6,0
86,6,0
87,6,2
88,6,2
89,6,0
90,6,0
91,6,2
92,6,2
93,6,0
94,6,0
95,6,2
96,6,2
97,6,0
98,6,0
99,6,2
100,6,2
101,6,0
102,6,0
103,6,2
104,6,2
105,6,0
106,6,0
107,6,2
108,6,2
109,6,0
110,6,0
111,6,2
112,6,2
113,6,0
114,6,0
115,6,2
116,6,2
117,6,0
118,6,0
119,6,2
120,6,2
121,6,0
122,6,0
123,6,2
124,6,2
125,6,0
126,6,0
127,6,2
128,6,2
129,6,0
130,6,0
131,6,2
132,6,2
133,6,0
134,6,0
135,6,2
136,6,2
137,6,0
138,6,0
139,6,2
140,6,2
141,6,0
142,6,0
143,6,2
144,6,2
145,6,0
146,6,0
147,6,2
148,6,2
149,6,0
150,6,0
151,6,2
152,6,2
153,6,0
154,6,0
155,6,2
156,6,2
157,6,0
158,6,0
159,6,2
160,6,2
161,6,0
162,6,0
163,6,2
164,6,2
165,6,0
166,6,0
167,6,2
168,6,2
169,6,0
170,6,0
171,6,2
172,6,2
173,6,0
174,6,0
175,6,2
176,6,2
177,6,0
178,6,0
179,6,2
180,6,2
181,6,0
182,6,0
183,6,2
184,6,2
185,6,0
186,6,0
187,6,2
188,6,2
189,6,0
190,6,0
191,6,2
192,6,2
193,6,0
194,6,0
195,6,2
196,6,2
197,6,0
198,6,0
199,6,2
200,6,2
201,6,0
202,6,0
203,6,2
204,6,2
205,6,0
206,6,0
207,6,2
208,6,2
209,6,0
210,6,0
211,6,2
212,6,2
213,6,0
214,6,0
215,6,2
216,6,2
217,6,0
218,6,0
219,6,2
220,6,2
221,6,0
222,6,0
223,6,2
224,6,2
225,6,0
226,6,0
227,6,2
228,6,1
229,6,0
230,6,0
231,6,1
232,6,1
233,6,0
234,6,0
235,6,1
236,6,1
237,6,0
238,6,0
239,6,1
240,6,1
241,6,0
242,6,0
243,6,1
244,6,1
245,6,0
246,6,0
247,6,1
248,6,1
249,6,0
250,6,0
251,6,1
252,6,1
253,6,0
254,6,0
255,6,1
0,7,1
1,7,0
2,7,0
3,7,1
4,7,1
5,7,0
6,7,0
7,7,1
8,7,1
9,7,0
10,7,0
11,7,1
12,7,1
13,7,0
14,7,0
15,7,1
16,7,1
17,7,0
18,7,0
19,7,1
20,7,1
21,7,0
22,7,0
23,7,1
24,7,1
25,7,0
26,7,0
27,7,2
28,7,2
29,7,0
30,7,0
31,7,2
32,7,2
33,7,0
34,7,0
35,7,2
36,7,2
37,7,0
38,7,0
39,7,2
40,7,2
41,7,0
42,7,0
43,7,2
44,7,2
45,7,0
46,7,0
47,7,2
48,7,2
49,7,0
50,7,0
51,7,2
52,7,2
53,7,0
54,7,0
55,7,2
56,7,2
57,7,0
58,7,0
59,7,2
60,7,2
61,7,0
62,7,0
63,7,2
64,7,2
65,7,0
66,7,0
67,7,2
68,7,2
69,7,0
70,7,0
71,7,2
72,7,2
73,7,0
74,7,0
75,7,2
76,7,2
77,7,0
78,7,0
79,7,2
80,7,2
81,7,0
82,7,0
83,7,2
84,7,2
85,7,0
86,7,0
87,7,2
88,7,2
89,7,0
90,7,0
91,7,2
92,7,2
93,7,0
94,7,0
95,7,2
96,7,2
97,7,0
98,7,0
99,7,2
100,7,2
101,7,0
102,7,0
103,7,2
104,7,2
105,7,0
106,7,0
107,7,2
108,7,2
109,7,0
110,7,0
111,7,2
112,7,2
113,7,0
114,7,0
115,7,2
116,7,2
117,7,0
118,7,0
119,7,2
120,7,2
121,7,0
122,7,0
123,7,2
124,7,2
125,7,0
126,7,0
127,7,2
128,7,2
129,7,0
130,7,0
131,7,2
132,7,2
133,7,0
134,7,0
135,7,2
136,7,2
137,7,0
138,7,0
139,7,2
140,7,2
141,7,0
142,7,0
143,7,2
144,7,2
145,7,0
146,7,0
147,7,2
148,7,2
149,7,0
150,7,0
151,7,2
152,7,2
153,7,0
154,7,0
155,7,2
156,7,2
157,7,0
158,7,0
159,7,2
160,7,2
161,7,0
162,7,0
163,7,2
164,7,2
165,7,0
166,7,0
167,7,2
168,7,2
169,7,0
170,7,0
171,7,2
172,7,2
173,7,0
174,7,0
175,7,2
176,7,2
177,7,0
178,7,0
179,7,2
180,7,2
181,7,0
182,7,0
183,7,2
184,7,2
185,7,0
186,7,0
187,7,2
188,7,2
189,7,0
190,7,0
191,7,2
192,7,2
193,7,0
194,7,0
195,7,2
196,7,2
197,7,0
198,7,0
199,7,2
200,7,2
201,7,0
202,7,0
203,7,2
204,7,2
205,7,0
206,7,0
207,7,2
208,7,2
209,7,0
210,7,0
211,7,2
212,7,2
213,7,0
214,7,0
215,7,2
216,7,2
217,7,0
218,7,0
219,7,2
220,7,2
221,7,0
222,7,0
223,7,2
224,7,2
225,7,0
226,7,0
227,7,2
228,7,2
229,7,0
230,7,0
231,7,1
232,7,1
233,7,0
234,7,0
235,7,1
236,7,1
237,7,0
238,7,0
239,7,1
240,7,1
241,7,0
242,7,0
243,7,1
244,7,1
245,7,0
246,7,0
247,7,1
248,7,1
249,7,0
250,7,0
251,7,1
252,7,1
253,7,0
254,7,0
255,7,1
0,8,1
1,8,0
2,8,0
3,8,1
4,8,1
5,8,0
6,8,0
7,8,1
8,8,1
9,8,0
10,8,0
11,8,1
12,8,1
13,8,0
14,8,0
15,8,1
16,8,1
17,8,0
18,8,0
19,8,1
20,8,1
21,8,0
22,8,0
23,8,1
24,8,2
25,8,0
26,8,0
27,8,2
28,8,2
29,8,0
30,8,0
31,8,2
32,8,2
33,8,0
34,8,0
35,8,2
36,8,2
37,8,0
38,8,0
39,8,2
40,8,2
41,8,0
42,8,0
43,8,2
44,8,2
45,8,0
46,8,0
47,8,2
48,8,2
49,8,0
50,8,0
51,8,2
52,8,2
53,8,0
54,8,0
55,8,2
56,8,2
57,8,0
58,8,0
59,8,2
60,8,2
61,8,0
62,8,0
63,8,2
64,8,2
65,8,0
66,8,0
67,8,2
68,8,2
69,8,0
70,8,0
71,8,2
72,8,2
73,8,0
74,8,0
75,8,2
76,8,2
77,8,0
78,8,0
79,8,2
80,8,2
81,8,0
82,8,0
83,8,2
84,8,2
85,8,0
86,8,0
87,8,2
88,8,2
89,8,0
90,8,0
91,8,2
92,8,2
93,8,0
94,8,0
95,8,2
96,8,2
97,8,0
98,8,0
99,8,2
100,8,2
101,8,0
102,8,0
103,8,2
104,8,2
105,8,0
106,8,0
107,8,2
108,8,2
109,8,0
110,8,0
111,8,2
112,8,2
113,8,0
114,8,0
115,8,2
116,8,2
117,8,0
118,8,0
119,8,2
120,8,2
121,8,0
122,8,0
123,8,2
124,8,2
125,8,0
126,8,0
127,8,2
128,8,2
129,8,0
130,8,0
131,8,2
132,8,2
133,8,0
134,8,0
135,8,2
136,8,2
137,8,0
138,8,0
139,8,2
140,8,2
141,8,0
142,8,0
143,8,2
144,8,2
145,8,0
146,8,0
147,8,2
148,8,2
149,8,0
150,8,0
151,8,2
152,8,2
153,8,0
154,8,0
155,8,2
156,8,2
157,8,0
158,8,0
159,8,2
160,8,2
161,8,0
162,8,0
163,8,2
164,8,2
165,8,0
166,8,0
167,8,2
168,8,2
169,8,0
170,8,0
171,8,2
172,8,2
173,8,0
174,8,0
175,8,2
176,8,2
177,8,0
178,8,0
179,8,2
180,8,2
181,8,0
182,8,0
183,8,2
184,8,2
185,8,0
186,8,0
187,8,2
188,8,2
189,8,0
190,8,0
191,8,2
192,8,2
193,8,0
194,8,0
195,8,2
196,8,2
197,8,0
198,8,0
199,8,2
200,8,2
201,8,0
202,8,0
203,8,2
204,8,2
205,8,0
206,8,0
207,8,2
208,8,2
209,8,0
210,8,0
211,8,2
212,8,2
213,8,0
214,8,0
215,8,2
216,8,2
217,8,0
218,8,0
219,8,2
220,8,2
221,8,0
222,8,0
223,8,2
224,8,2
225,8,0
226,8,0
227,8,2
228,8,2
229,8,0
230,8,0
231,8,2
232,8,2
233,8,0
234,8,0
235,8,1
236,8,1
237,8,0
238,8,0
239,8,1
240,8,1
241,8,0
242,8,0
243,8,1
244,8,1
245,8,0
246,8,0
247,8,1
248,8,1
249,8,0
250,8,0
251,8,1
252,8,1
253,8,0
254,8,0
255,8,1
0,9,1
1,9,0
2,9,0
3,9,1
4,9,1
5,9,0
6,9,0
7,9,1
8,9,1
9,9,0
10,9,0
11,9,1
12,9,1
13,9,0
14,9,0
15,9,1
16,9,1
17,9,0
18,9,0
19,9,1
20,9,1
21,9,0
22,9,0
23,9,2
24,9,2
25,9,0
26,9,0
27,9,2
28,9,2
29,9,0
30,9,0
31,9,2
32,9,2
33,9,0
34,9,0
35,9,2
36,9,2
37,9,0
38,9,0
39,9,2
40,9,2
41,9,0
42,9,0
43,9,2
44,9,2
45,9,0
46,9,0
47,9,2
48,9,2
49,9,0
50,9,0
51,9,2
52,9,2
53,9,0
54,9,0
55,9,2
56,9,2
57,9,0
58,9,0
59,9,2
60,9,2
61,9,0
62,9,0
63,9,2
64,9,2
65,9,0
66,9,0
67,9,2
68,9,2
69,9,0
70,9,0
71,9,2
72,9,2
73,9,0
74,9,0
75,9,2
76,9,2
77,9,0
78,9,0
79,9,2
80,9,2
81,9,0
82,9,0
83,9,2
84,9,2
85,9,0
86,9,0
87,9,2
88,9,2
89,9,0
90,9,0
91,9,2
92,9,2
93,9,0
94,9,0
95,9,2
96,9,2
97,9,0
98,9,0
99,9,2
100,9,2
101,9,0
102,9,0
103,9,2
104,9,2
105,9,0
106,9,0
107,9,2
108,9,2
109,9,0
110,9,0
111,9,2
112,9,2
113,9,0
114,9,0
115,9,2
116,9,2
117,9,0
118,9,0
119,9,2
120,9,2
121,9,0
122,9,0
123,9,2
124,9,2
125,9,0
126,9,0
127,9,3
128,9,3
129,9,0
130,9,0
131,9,2
132,9,2
133,9,0
134,9,0
135,9,2
136,9,2
137,9,0
138,9,0
139,9,2
140,9,2
141,9,0
142,9,0
143,9,2
144,9,2
145,9,0
146,9,0
147,9,2
148,9,2
149,9,0
150,9,0
151,9,2
152,9,2
153,9,0
154,9,0
155,9,2
156,9,2
157,9,0
158,9,0
159,9,2
160,9,2
161,9,0
162,9,0
163,9,2
164,9,2
165,9,0
166,9,0
167,9,2
168,9,2
169,9,0
170,9,0
171,9,2
172,9,2
173,9,0
174,9,0
175,9,2
176,9,2
177,9,0
178,9,0
179,9,2
180,9,2
181,9,0
182,9,0
183,9,2
184,9,2
185,9,0
186,9,0
187,9,2
188,9,2
189,9,0
190,9,0
191,9,2
192,9,2
193,9,0
194,9,0
195,9,2
196,9,2
197,9,0
198,9,0
199,9,2
200,9,2
201,9,0
202,9,0
203,9,2
204,9,2
205,9,0
206,9,0
207,9,2
208,9,2
209,9,0
210,9,0
211,9,2
212,9,2
213,9,0
214,9,0
215,9,2
216,9,2
217,9,0
218,9,0
219,9,2
220,9,2
221,9,0
222,9,0
223,9,2
224,9,2
225,9,0
226,9,0
227,9,2
228,9,2
229,9,0
230,9,0
231,9,2
232,9,2
233,9,0
234,9,0
235,9,1
236,9,1
237,9,0
238,9,0
239,9,1
240,9,1
241,9,0
242,9,0
243,9,1
244,9,1
245,9,0
246,9,0
247,9,1
248,9,1
249,9,0
250,9,0
251,9,1
252,9,1
253,9,0
254,9,0
255,9,1
0,10,1
1,10,0
2,10,0
3,10,1
4,10,1
5,10,0
6,10,0
7,10,1
8,10,1
9,10,0
10,10,0
11,10,1
12,10,1
13,10,0
14,10,0
15,10,1
16,10,1
17,10,0
18,10,0
19,10,2
20,10,2
21,10,0
22,10,0
23,10,2
24,10,2
25,10,0
26,10,0
27,10,2
28,10,2
29,10,0
30,10,0
31,10,2
32,10,2
33,10,0
34,10,0
35,10,2
36,10,2
37,10,0
38,10,0
39,10,2
40,10,2
41,10,0
42,10,0
43,10,2
44,10,2
45,10,0
46,10,0
47,10,2
48,10,2
49,10,0
50,10,0
51,10,2
52,10,2
53,10,0
54,10,0
55,10,2
56,10,2
57,10,0
58,10,0
59,10,2
60,10,2
61,10,0
62,10,0
63,10,2
64,10,2
65,10,0
66,10,0
67,10,2
68,10,2
69,10,0
70,10,0
71,10,2
72,10,2
73,10,0
74,10,0
75,10,2
76,10,2
77,10,0
78,10,0
79,10,2
80,10,2
81,10,0
82,10,0
83,10,2
84,10,2
85,10,0
86,10,0
87,10,2
88,10,2
89,10,0
90,10,0
91,10,2
92,10,2
93,10,0
94,10,0
95,10,2
96,10,2
97,10,0
98,10,0
99,10,2
100,10,2
101,10,0
102,10,0
103,10,2
104,10,2
105,10,0
106,10,0
107,10,2
108,10,2
109,10,0
110,10,0
111,10,2
112,10,2
113,10,0
114,10,0
115,10,2
116,10,2
117,10,0
118,10,0
119,10,2
120,10,2
121,10,0
122,10,0
123,10,2
124,10,2
125,10,0
126,10,0
127,10,3
128,10,3
129,10,0
130,10,0
131,10,3
132,10,2
133,10,0
134,10,0
135,10,2
136,10,2
137,10,0
138,10,0
139,10,2
140,10,2
141,10,0
142,10,0
143,10,2
144,10,2
145,10,0
146,10,0
147,10,2
148,10,2
149,10,0
150,10,0
151,10,2
152,10,2
153,10,0
154,10,0
155,10,2
156,10,2
157,10,0
158,10,0
159,10,2
160,10,2
161,10,0
162,10,0
163,10,2
164,10,2
165,10,0
166,10,0
167,10,2
168,10,2
169,10,0
170,10,0
171,10,2
172,10,2
173,10,0
174,10,0
175,10,2
176,10,2
177,10,0
178,10,0
179,10,2
180,10,2
181,10,0
182,10,0
183,10,2
184,10,2
185,10,0
186,10,0
187,10,2
188,10,2
189,10,0
190,10,0
191,10,2
192,10,2
193,10,0
194,10,0
195,10,2
196,10,2
197,10,0
198,10,0
199,10,2
200,10,2
201,10,0
202,10,0
203,10,2
204,10,2
205,10,0
206,10,0
207,10,2
208,10,2
209,10,0
210,10,0
211,10,2
212,10,2
213,10,0
214,10,0
215,10,2
216,10,2
217,10,0
218,10,0
219,10,2
220,10,2
221,10,0
222,10,0
223,10,2
224,10,2
225,10,0
226,10,0
227,10,2
228,10,2
229,10,0
230,10,0
231,10,2
232,10,2
233,10,0
234,10,0
235,10,2
236,10,2
237,10,0
238,10,0
239,10,1
240,10,1
241,10,0
242,10,0
243,10,1
244,10,1
245,10,0
246,10,0
247,10,1
248,10,1
249,10,0
250,10,0
251,10,1
252,10,1
253,10,0
254,10,0
255,10,1
0,11,1
1,11,0
2,11,0
3,11,1
4,11,1
5,11,0
6,11,0
7,11,1
8,11,1
9,11,0
10,11,0
11,11,1
12,11,1
13,11,0
14,11,0
15,11,1
16,11,1
17,11,0
18,11,0
19,11,2
20,11,2
21,11,0
22,11,0
23,11,2
24,11,2
25,11,0
26,11,0
27,11,2
28,11,2
29,11,0
30,11,0
31,11,2
32,11,2
33,11,0
34,11,0
35,11,2
36,11,2
37,11,0
38,11,0
39,11,2
40,11,2
41,11,0
42,11,0
43,11,2
44,11,2
45,11,0
46,11,0
47,11,2
48,11,2
49,11,0
50,11,0
51,11,2
52,11,2
53,11,0
54,11,0
55,11,2
56,11,2
57,11,0
58,11,0
59,11,2
60,11,2
61,11,0
62,11,0
63,11,2
64,11,2
65,11,0
66,11,0
67,11,2
68,11,2
69,11,0
70,11,0
71,11,2
72,11,2
73,11,0
74,11,0
75,11,2
76,11,2
77,11,0
78,11,0
79,11,2
80,11,2
81,11,0
82,11,0
83,11,2
84,11,2
85,11,0
86,11,0
87,11,2
88,11,2
89,11,0
90,11,0
91,11,2
92,11,2
93,11,0
94,11,0
95,11,2
96,11,2
97,11,0
98,11,0
99,11,2
100,11,2
101,11,0
102,11,0
103,11,2
104,11,2
105,11,0
106,11,0
107,11,2
108,11,2
109,11,0
110,11,0
111,11,2
112,11,2
113,11,0
114,11,0
115,11,2
116,11,2
117,11,0
118,11,0
119,11,2
120,11,2
121,11,0
122,11,0
123,11,3
124,11,3
125,11,0
126,11,0
127,11,3
128,11,3
129,11,0
130,11,0
131,11,3
132,11,3
133,11,0
134,11,0
135,11,2
136,11,2
137,11,0
138,11,0
139,11,2
140,11,2
141,11,0
142,11,0
143,11,2
144,11,2
145,11,0
146,11,0
147,11,2
148,11,2
149,11,0
150,11,0
151,11,2
152,11,2
153,11,0
154,11,0
155,11,2
156,11,2
157,11,0
158,11,0
159,11,2
160,11,2
161,11,0
162,11,0
163,11,2
164,11,2
165,11,0
166,11,0
167,11,2
168,11,2
169,11,0
170,11,0
171,11,2
172,11,2
173,11,0
174,11,0
175,11,2
176,11,2
177,11,0
178,11,0
179,11,2
180,11,2
181,11,0
182,11,0
183,11,2
184,11,2
185,11,0
186,11,0
187,11,2
188,11,2
189,11,0
190,11,0
191,11,2
192,11,2
193,11,0
194,11,0
195,11,2
196,11,2
197,11,0
198,11,0
199,11,2
200,11,2
201,11,0
202,11,0
203,11,2
204,11,2
205,11,0
206,11,0
207,11,2
208,11,2
209,11,0
210,11,0
211,11,2
212,11,2
213,11,0
214,11,0
215,11,2
216,11,2
217,11,0
218,11,0
219,11,2
220,11,2
221,11,0
222,11,0
223,11,2
224,11,2
225,11,0
226,11,0
227,11,2
228,11,2
229,11,0
230,11,0
231,11,2
232,11,2
233,11,0
234,11,0
235,11,2
236,11,2
237,11,0
238,11,0
239,11,2
240,11,1
241,11,0
242,11,0
243,11,1
244,11,1
245,11,0
246,11,0
247,11,1
248,11,1
249,11,0
250,11,0
251,11,1
252,11,1
253,11,0
254,11,0
255,11,1
0,12,1
1,12,0
2,12,0
3,12,1
4,12,1
5,12,0
6,12,0
7,12,1
8,12,1
9,12,0
10,12,0
11,12,1
12,12,1
13,12,0
14,12,0
15,12,2
16,12,2
17,12,0
18,12,0
19,12,2
20,12,2
21,12,0
22,12,0
23,12,2
24,12,2
25,12,0
26,12,0
27,12,2
28,12,2
29,12,0
30,12,0
31,12,2
32,12,2
33,12,0
34,12,0
35,12,2
36,12,2
37,12,0
38,12,0
39,12,2
40,12,2
41,12,0
42,12,0
43,12,2
44,12,2
45,12,0
46,12,0
47,12,2
48,12,2
49,12,0
50,12,0
51,12,2
52,12,2
53,12,0
54,12,0
55,12,2
56,12,2
57,12,0
58,12,0
59,12,2
60,12,2
61,12,0
62,12,0
63,12,2
64,12,2
65,12,0
66,12,0
67,12,2
68,12,2
69,12,0
70,12,0
71,12,2
72,12,2
73,12,0
74,12,0
75,12,2
76,12,2
77,12,0
78,12,0
79,12,2
80,12,2
81,12,0
82,12,0
83,12,2
84,12,2
85,12,0
86,12,0
87,12,2
88,12,2
89,12,0
90,12,0
91,12,2
92,12,2
93,12,0
94,12,0
95,12,2
96,12,2
97,12,0
98,12,0
99,12,2
100,12,2
101,12,0
102,12,0
103,12,2
104,12,2
105,12,0
106,12,0
107,12,2
108,12,2
109,12,0
110,12,0
111,12,2
112,12,2
113,12,0
114,12,0
115,12,2
116,12,2
117,12,0
118,12,0
119,12,2
120,12,2
121,12,0
122,12,0
123,12,3
124,12,3
125,12,0
126,12,0
127,12,3
128,12,3
129,12,0
130,12,0
131,12,3
132,12,3
133,12,0
134,12,0
135,12,3
136,12,2
137,12,0
138,12,0
139,12,2
140,12,2
141,12,0
142,12,0
143,12,2
144,12,2
145,12,0
146,12,0
147,12,2
148,12,2
149,12,0
150,12,0
151,12,2
152,12,2
153,12,0
154,12,0
155,12,2
156,12,2
157,12,0
158,12,0
159,12,2
160,12,2
161,12,0
162,12,0
163,12,2
164,12,2
165,12,0
166,12,0
167,12,2
168,12,2
169,12,0
170,12,0
171,12,2
172,12,2
173,12,0
174,12,0
175,12,2
176,12,2
177,12,0
178,12,0
179,12,2
180,12,2
181,12,0
182,12,0
183,12,2
184,12,2
185,12,0
186,12,0
187,12,2
188,12,2
189,12,0
190,12,0
191,12,2
192,12,2
193,12,0
194,12,0
195,12,2
196,12,2
197,12,0
198,12,0
199,12,2
200,12,2
201,12,0
202,12,0
203,12,2
204,12,2
205,12,0
206,12,0
207,12,2
208,12,2
209,12,0
210,12,0
211,12,2
212,12,2
213,12,0
214,12,0
215,12,2
216,12,2
217,12,0
218,12,0
219,12,2
220,12,2
221,12,0
222,12,0
223,12,2
224,12,2
225,12,0
226,12,0
227,12,2
228,12,2
229,12,0
230,12,0
231,12,2
232,12,2
233,12,0
234,12,0
235,12,2
236,12,2
237,12,0
238,12,0
239,12,2
240,12,2
241,12,0
242,12,0
243,12,1
244,12,1
245,12,0
246,12,0
247,12,1
248,12,1
249,12,0
250,12,0
251,12,1
252,12,1
253,12,0
254,12,0
255,12,1
0,13,1
1,13,0
2,13,0
3,13,1
4,13,1
5,13,0
6,13,0
7,13,1
8,13,1
9,13,0
10,13,0
11,13,1
12,13,1
13,13,0
14,13,0
15,13,2
16,13,2
17,13,0
18,13,0
19,13,2
20,13,2
21,13,0
22,13,0
23,13,2
24,13,2
25,13,0
26,13,0
27,13,2
28,13,2
29,13,0
30,13,0
31,13,2
32,13,2
33,13,0
34,13,0
35,13,2
36,13,2
37,13,0
38,13,0
39,13,2
40,13,2
41,13,0
42,13,0
43,13,2
44,13,2
45,13,0
46,13,0
47,13,2
48,13,2
49,13,0
50,13,0
51,13,2
52,13,2
53,13,0
54,13,0
55,13,2
56,13,2
57,13,0
58,13,0
59,13,2
60,13,2
61,13,0
62,13,0
63,13,2
64,13,2
65,13,0
66,13,0
67,13,2
68,13,2
69,13,0
70,13,0
71,13,2
72,13,2
73,13,0
74,13,0
75,13,2
76,13,2
77,13,0
78,13,0
79,13,2
80,13,2
81,13,0
82,13,0
83,13,2
84,13,2
85,13,0
86,13,0
87,13,2
88,13,2
89,13,0
90,13,0
91,13,2
92,13,2
93,13,0
94,13,0
95,13,2
96,13,2
97,13,0
98,13,0
99,13,2
100,13,2
101,13,0
102,13,0
103,13,2
104,13,2
105,13,0
106,13,0
107,13,2
108,13,2
109,13,0
110,13,0
111,13,2
112,13,2
113,13,0
114,13,0
115,13,2
116,13,2
117,13,0
118,13,0
119,13,3
120,13,3
121,13,0
122,13,0
123,13,3
124,13,3
125,13,0
126,13,0
127,13,3
128,13,3
129,13,0
130,13,0
131,13,3
132,13,3
133,13,0
134,13,0
135,13,3
136,13,3
137,13,0
138,13,0
139,13,2
140,13,2
141,13,0
142,13,0
143,13,2
144,13,2
145,13,0
146,13,0
147,13,2
148,13,2
149,13,0
150,13,0
151,13,2
152,13,2
153,13,0
154,13,0
155,13,2
156,13,2
157,13,0
158,13,0
159,13,2
160,13,2
161,13,0
162,13,0
163,13,2
164,13,2
165,13,0
166,13,0
167,13,2
168,13,2
169,13,0
170,13,0
171,13,2
172,13,2
173,13,0
174,13,0
175,13,2
176,13,2
177,13,0
178,13,0
179,13,2
180,13,2
181,13,0
182,13,0
183,13,2
184,13,2
185,13,0
186,13,0
187,13,2
188,13,2
189,13,0
190,13,0
191,13,2
192,13,2
193,13,0
194,13,0
195,13,2
196,13,2
197,13,0
198,13,0
199,13,2
200,13,2
201,13,0
202,13,0
203,13,2
204,13,2
205,13,0
206,13,0
207,13,2
208,13,2
209,13,0
210,13,0
211,13,2
212,13,2
213,13,0
214,13,0
215,13,2
216,13,2
217,13,0
218,13,0
219,13,2
220,13,2
221,13,0
222,13,0
223,13,2
224,13,2
225,13,0
226,13,0
227,13,2
228,13,2
229,13,0
230,13,0
231,13,2
232,13,2
233,13,0
234,13,0
235,13,2
236,13,2
237,13,0
238,13,0
239,13,2
240,13,2
241,13,0
242,13,0
243,13,2
244,13,1
245,13,0
246,13,0
247,13,1
248,13,1
249,13,0
250,13,0
251,13,1
252,13,1
253,13,0
254,13,0
255,13,1
0,14,1
1,14,0
2,14,0
3,14,1
4,14,1
5,14,0
6,14,0
7,14,1
8,14,1
9,14,0
10,14,0
11,14,2
12,14,2
13,14,0
14,14,0
15,14,2
16,14,2
17,14,0
18,14,0
19,14,2
20,14,2
21,14,0
22,14,0
23,14,2
24,14,2
25,14,0
26,14,0
27,14,2
28,14,2
29,14,0
30,14,0
31,14,2
32,14,2
33,14,0
34,14,0
35,14,2
36,14,2
37,14,0
38,14,0
39,14,2
40,14,2
41,14,0
42,14,0
43,14,2
44,14,2
45,14,0
46,14,0
47,14,2
48,14,2
49,14,0
50,14,0
51,14,2
52,14,2
53,14,0
54,14,0
55,14,2
56,14,2
57,14,0
58,14,0
59,14,2
60,14,2
61,14,0
62,14,0
63,14,2
64,14,2
65,14,0
66,14,0
67,14,2
68,14,2
69,14,0
70,14,0
71,14,2
72,14,2
73,14,0
74,14,0
75,14,2
76,14,2
77,14,0
78,14,0
79,14,2
80,14,2
81,14,0
82,14,0
83,14,2
84,14,2
85,14,0
86,14,0
87,14,2
88,14,2
89,14,0
90,14,0
91,14,2
92,14,2
93,14,0
94,14,0
95,14,2
96,14,2
97,14,0
98,14,0
99,14,2
100,14,2
101,14,0
102,14,0
103,14,2
104,14,2
105,14,0
106,14,0
107,14,2
108,14,2
109,14,0
110,14,0
111,14,2
112,14,2
113,14,0
114,14,0
115,14,2
116,14,2
117,14,0
118,14,0
119,14,3
120,14,3
121,14,0
122,14,0
123,14,3
124,14,3
125,14,0
126,14,0
127,14,3
128,14,3
129,14,0
130,14,0
131,14,3
132,14,3
133,14,0
134,14,0
135,14,3
136,14,3
137,14,0
138,14,0
139,14,3
140,14,2
141,14,0
142,14,0
143,14,2
144,14,2
145,14,0
146,14,0
147,14,2
148,14,2
149,14,0
150,14,0
151,14,2
152,14,2
153,14,0
154,14,0
155,14,2
156,14,2
157,14,0
158,14,0
159,14,2
160,14,2
161,14,0
162,14,0
163,14,2
164,14,2
165,14,0
166,14,0
167,14,2
168,14,2
169,14,0
170,14,0
171,14,2
172,14,2
173,14,0
174,14,0
175,14,2
176,14,2
177,14,0
178,14,0
179,14,2
180,14,2
181,14,0
182,14,0
183,14,2
184,14,2
185,14,0
186,14,0
187,14,2
188,14,2
189,14,0
190,14,0
191,14,2
192,14,2
193,14,0
194,14,0
195,14,2
196,14,2
197,14,0
198,14,0
199,14,2
200,14,2
201,14,0
202,14,0
203,14,2
204,14,2
205,14,0
206,14,0
207,14,2
208,14,2
209,14,0
210,14,0
211,14,2
212,14,2
213,14,0
214,14,0
215,14,2
216,14,2
217,14,0
218,14,0
219,14,2
220,14,2
221,14,0
222,14,0
223,14,2
224,14,2
225,14,0
226,14,0
227,14,2
228,14,2
229,14,0
230,14,0
231,14,2
232,14,2
233,14,0
234,14,0
235,14,2
236,14,2
237,14,0
238,14,0
239,14,2
240,14,2
241,14,0
242,14,0
243,14,2
244,14,2
245,14,0
246,14,0
247,14,1
248,14,1
249,14,0
250,14,0
251,14,1
252,14,1
253,14,0
254,14,0
255,14,1
0,15,1
1,15,0
2,15,0
3,15,1
4,15,1
5,15,0
6,15,0
7,15,1
8,15,2
9,15,0
10,15,0
11,15,2
12,15,2
13,15,0
14,15,0
15,15,2
16,15,2
17,15,0
18,15,0
19,15,2
20,15,2
21,15,0
22,15,0
23,15,2
24,15,2
25,15,0
26,15,0
27,15,2
28,15,2
29,15,0
30,15,0
31,15,2
32,15,2
33,15,0
34,15,0
35,15,2
36,15,2
37,15,0
38,15,0
39,15,2
40,15,2
41,15,0
42,15,0
43,15,2
44,15,2
45,15,0
46,15,0
47,15,2
48,15,2
49,15,0
50,15,0
51,15,2
52,15,2
53,15,0
54,15,0
55,15,2
56,15,2
57,15,0
58,15,0
59,15,2
60,15,2
61,15,0
62,15,0
63,15,2
64,15,2
65,15,0
66,15,0
67,15,2
68,15,2
69,15,0
70,15,0
71,15,2
72,15,2
73,15,0
74,15,0
75,15,2
76,15,2
77,15,0
78,15,0
79,15,2
80,15,2
81,15,0
82,15,0
83,15,2
84,15,2
85,15,0
86,15,0
87,15,2
88,15,2
89,15,0
90,15,0
91,15,2
92,15,2
93,15,0
94,15,0
95,15,2
96,15,2
97,15,0
98,15,0
99,15,2
100,15,2
101,15,0
102,15,0
103,15,2
104,15,2
105,15,0
106,15,0
107,15,2
108,15,2
109,15,0
110,15,0
111,15,2
112,15,2
113,15,0
114,15,0
115,15,3
116,15,3
117,15,0
118,15,0
119,15,3
120,15,3
121,15,0
122,15,0
123,15,3
124,15,3
125,15,0
126,15,0
127,15,3
128,15,3
129,15,0
130,15,0
131,15,3
132,15,3
133,15,0
134,15,0
135,15,3
136,15,3
137,15,0
138,15,0
139,15,3
140,15,3
141,15,0
142,15,0
143,15,2
144,15,2
145,15,0
146,15,0
147,15,2
148,15,2
149,15,0
150,15,0
151,15,2
152,15,2
153,15,0
154,15,0
155,15,2
156,15,2
157,15,0
158,15,0
159,15,2
160,15,2
161,15,0
162,15,0
163,15,2
164,15,2
165,15,0
166,15,0
167,15,2
168,15,2
169,15,0
170,15,0
171,15,2
172,15,2
173,15,0
174,15,0
175,15,2
176,15,2
177,15,0
178,15,0
179,15,2
180,15,2
181,15,0
182,15,0
183,15,2
184,15,2
185,15,0
186,15,0
187,15,2
188,15,2
189,15,0
190,15,0
191,15,2
192,15,2
193,15,0
194,15,0
195,15,2
196,15,2
197,15,0
198,15,0
199,15,2
200,15,2
201,15,0
202,15,0
203,15,2
204,15,2
205,15,0
206,15,0
207,15,2
208,15,2
209,15,0
210,15,0
211,15,2
212,15,2
213,15,0
214,15,0
215,15,2
216,15,2
217,15,0
218,15,0
219,15,2
220,15,2
221,15,0
222,15,0
223,15,2
224,15,2
225,15,0
226,15,0
227,15,2
228,15,2
229,15,0
230,15,0
231,15,2
232,15,2
233,15,0
234,15,0
235,15,2
236,15,2
237,15,0
238,15,0
239,15,2
240,15,2
241,15,0
242,15,0
243,15,2
244,15,2
245,15,0
246,15,0
247,15,2
248,15,2
249,15,0
250,15,0
251,15,1
252,15,1
253,15,0
254,15,0
255,15,1
0,16,1
1,16,0
2,16,0
3,16,1
4,16,1
5,16,0
6,16,0
7,16,2
8,16,2
9,16,0
10,16,0
11,16,2
12,16,2
13,16,0
14,16,0
15,16,2
16,16,2
17,16,0
18,16,0
19,16,2
20,16,2
21,16,0
22,16,0
23,16,2
24,16,2
25,16,0
26,16,0
27,16,2
28,16,2
29,16,0
30,16,0
31,16,2
32,16,2
33,16,0
34,16,0
35,16,2
36,16,2
37,16,0
38,16,0
39,16,2
40,16,2
41,16,0
42,16,0
43,16,2
44,16,2
45,16,0
46,16,0
47,16,2
48,16,2
49,16,0
50,16,0
51,16,2
52,16,2
53,16,0
54,16,0
55,16,2
56,16,2
57,16,0
58,16,0
59,16,2
60,16,2
61,16,0
62,16,0
63,16,2
64,16,2
65,16,0
66,16,0
67,16,2
68,16,2
69,16,0
70,16,0
71,16,2
72,16,2
73,16,0
74,16,0
75,16,2
76,16,2
77,16,0
78,16,0
79,16,2
80,16,2
81,16,0
82,16,0
83,16,2
84,16,2
85,16,0
86,16,0
87,16,2
88,16,2
89,16,0
90,16,0
91,16,2
92,16,2
93,16,0
94,16,0
95,16,2
96,16,2
97,16,0
98,16,0
99,16,2
100,16,2
101,16,0
102,16,0
103,16,2
104,16,2
105,16,0
106,16,0
107,16,2
108,16,2
109,16,0
110,16,0
111,16,2
112,16,2
113,16,0
114,16,0
115,16,3
116,16,3
117,16,0
118,16,0
119,16,3
120,16,3
121,16,0
122,16,0
123,16,3
124,16,3
125,16,0
126,16,0
127,16,3
128,16,3
129,16,0
130,16,0
131,16,3
132,16,3
133,16,0
134,16,0
135,16,3
136,16,3
137,16,0
138,16,0
139,16,3
140,16,3
141,16,0
142,16,0
143,16,3
144,16,2
145,16,0
146,16,0
147,16,2
148,16,2
149,16,0
150,16,0
151,16,2
152,16,2
153,16,0
154,16,0
155,16,2
156,16,2
157,16,0
158,16,0
159,16,2
160,16,2
161,16,0
162,16,0
163,16,2
164,16,2
165,16,0
166,16,0
167,16,2
168,16,2
169,16,0
170,16,0
171,16,2
172,16,2
173,16,0
174,16,0
175,16,2
176,16,2
177,16,0
178,16,0
179,16,2
180,16,2
181,16,0
182,16,0
183,16,2
184,16,2
185,16,0
186,16,0
187,16,2
188,16,2
189,16,0
190,16,0
191,16,2
192,16,2
193,16,0
194,16,0
195,16,2
196,16,2
197,16,0
198,16,0
199,16,2
200,16,2
201,16,0
202,16,0
203,16,2
204,16,2
205,16,0
206,16,0
207,16,2
208,16,2
209,16,0
210,16,0
211,16,2
212,16,2
213,16,0
214,16,0
215,16,2
216,16,2
217,16,0
218,16,0
219,16,2
220,16,2
221,16,0
222,16,0
223,16,2
224,16,2
225,16,0
226,16,0
227,16,2
228,16,2
229,16,0
230,16,0
231,16,2
232,16,2
233,16,0
234,16,0
235,16,2
236,16,2
237,16,0
238,16,0
239,16,2
240,16,2
241,16,0
242,16,0
243,16,2
244,16,2
245,16,0
246,16,0
247,16,2
248,16,2
249,16,0
250,16,0
251,16,1
252,16,1
253,16,0
254,16,0
255,16,1
0,17,1
1,17,0
2,17,0
3,17,1
4,17,2
5,17,0
6,17,0
7,17,2
8,17,2
9,17,0
10,17,0
11,17,2
12,17,2
13,17,0
14,17,0
15,17,2
16,17,2
17,17,0
18,17,0
19,17,2
20,17,2
21,17,0
22,17,0
23,17,2
24,17,2
25,17,0
26,17,0
27,17,2
28,17,2
29,17,0
30,17,0
31,17,2
32,17,2
33,17,0
34,17,0
35,17,2
36,17,2
37,17,0
38,17,0
39,17,2
40,17,2
41,17,0
42,17,0
43,17,2
44,17,2
45,17,0
46,17,0
47,17,2
48,17,2
49,17,0
50,17,0
51,17,2
52,17,2
53,17,0
54,17,0
55,17,2
56,17,2
57,17,0
58,17,0
59,17,2
60,17,2
61,17,0
62,17,0
63,17,2
64,17,2
65,17,0
66,17,0
67,17,2
68,17,2
69,17,0
70,17,0
71,17,2
72,17,2
73,17,0
74,17,0
75,17,2
76,17,2
77,17,0
78,17,0
79,17,2
80,17,2
81,17,0
82,17,0
83,17,2
84,17,2
85,17,0
86,17,0
87,17,2
88,17,2
89,17,0
90,17,0
91,17,2
92,17,2
93,17,0
94,17,0
95,17,2
96,17,2
97,17,0
98,17,0
99,17,2
100,17,2
101,17,0
102,17,0
103,17,2
104,17,2
105,17,0
106,17,0
107,17,2
108,17,2
109,17,0
110,17,0
111,17,3
112,17,3
113,17,0
114,17,0
115,17,3
116,17,3
117,17,0
118,17,0
119,17,3
120,17,3
121,17,0
122,17,0
123,17,3
124,17,3
125,17,0
126,17,0
127,17,3
128,17,3
129,17,0
130,17,0
131,17,3
132,17,3
133,17,0
134,17,0
135,17,3
136,17,3
137,17,0
138,17,0
139,17,3
140,17,3
141,17,0
142,17,0
143,17,3
144,17,3
145,17,0
146,17,0
147,17,2
148,17,2
149,17,0
150,17,0
151,17,2
152,17,2
153,17,0
154,17,0
155,17,2
156,17,2
157,17,0
158,17,0
159,17,2
160,17,2
161,17,0
162,17,0
163,17,2
164,17,2
165,17,0
166,17,0
167,17,2
168,17,2
169,17,0
170,17,0
171,17,2
172,17,2
173,17,0
174,17,0
175,17,2
176,17,2
177,17,0
178,17,0
179,17,2
180,17,2
181,17,0
182,17,0
183,17,2
184,17,2
185,17,0
186,17,0
187,17,2
188,17,2
189,17,0
190,17,0
191,17,2
192,17,2
193,17,0
194,17,0
195,17,2
196,17,2
197,17,0
198,17,0
199,17,2
200,17,2
201,17,0
202,17,0
203,17,2
204,17,2
205,17,0
206,17,0
207,17,2
208,17,2
209,17,0
210,17,0
211,17,2
212,17,2
213,17,0
214,17,0
215,17,2
216,17,2
217,17,0
218,17,0
219,17,2
220,17,2
221,17,0
222,17,0
223,17,2
224,17,2
225,17,0
226,17,0
227,17,2
228,17,2
229,17,0
230,17,0
231,17,2
232,17,2
233,17,0
234,17,0
235,17,2
236,17,2
237,17,0
238,17,0
239,17,2
240,17,2
241,17,0
242,17,0
243,17,2
244,17,2
245,17,0
246,17,0
247,17,2
248,17,2
249,17,0
250,17,0
251,17,2
252,17,2
253,17,0
254,17,0
255,17,1
0,18,1
1,18,0
2,18,0
3,18,2
4,18,2
5,18,0
6,18,0
7,18,2
8,18,2
9,18,0
10,18,0
11,18,2
12,18,2
13,18,0
14,18,0
15,18,2
16,18,2
17,18,0
18,18,0
19,18,2
20,18,2
21,18,0
22,18,0
23,18,2
24,18,2
25,18,0
26,18,0
27,18,2
28,18,2
29,18,0
30,18,0
31,18,2
32,18,2
33,18,0
34,18,0
35,18,2
36,18,2
37,18,0
38,18,0
39,18,2
40,18,2
41,18,0
42,18,0
43,18,2
44,18,2
45,18,0
46,18,0
47,18,2
48,18,2
49,18,0
50,18,0
51,18,2
52,18,2
53,18,0
54,18,0
55,18,2
56,18,2
57,18,0
58,18,0
59,18,2
60,18,2
61,18,0
62,18,0
63,18,2
64,18,2
65,18,0
66,18,0
67,18,2
68,18,2
69,18,0
70,18,0
71,18,2
72,18,2
73,18,0
74,18,0
75,18,2
76,18,2
77,18,0
78,18,0
79,18,2
80,18,2
81,18,0
82,18,0
83,18,2
84,18,2
85,18,0
86,18,0
87,18,2
88,18,2
89,18,0
90,18,0
91,18,2
92,18,2
93,18,0
94,18,0
95,18,2
96,18,2
97,18,0
98,18,0
99,18,2
100,18,2
101,18,0
102,18,0
103,18,2
104,18,2
105,18,0
106,18,0
107,18,2
108,18,2
109,18,0
110,18,0
111,18,3
112,18,3
113,18,0
114,18,0
115,18,3
116,18,3
117,18,0
118,18,0
119,18,3
120,18,3
121,18,0
122,18,0
123,18,3
124,18,3
125,18,0
126,18,0
127,18,3
128,18,3
129,18,0
130,18,0
131,18,3
132,18,3
133,18,0
134,18,0
135,18,3
136,18,3
137,18,0
138,18,0
139,18,3
140,18,3
141,18,0
142,18,0
143,18,3
144,18,3
145,18,0
146,18,0
147,18,2
148,18,2
149,18,0
150,18,0
151,18,2
152,18,2
153,18,0
154,18,0
155,18,2
156,18,2
157,18,0
158,18,0
159,18,2
160,18,2
161,18,0
162,18,0
163,18,2
164,18,2
165,18,0
166,18,0
167,18,2
168,18,2
169,18,0
170,18,0
171,18,2
172,18,2
173,18,0
174,18,0
175,18,2
176,18,2
177,18,0
178,18,0
179,18,2
180,18,2
181,18,0
182,18,0
183,18,2
184,18,2
185,18,0
186,18,0
187,18,2
188,18,2
189,18,0
190,18,0
191,18,2
192,18,2
193,18,0
194,18,0
195,18,2
196,18,2
197,18,0
198,18,0
199,18,2
200,18,2
201,18,0
202,18,0
203,18,2
204,18,2
205,18,0
206,18,0
207,18,2
208,18,2
209,18,0
210,18,0
211,18,2
212,18,2
213,18,0
214,18,0
215,18,2
216,18,2
217,18,0
218,18,0
219,18,2
220,18,2
221,18,0
222,18,0
223,18,2
224,18,2
225,18,0
226,18,0
227,18,2
228,18,2
229,18,0
230,18,0
231,18,2
232,18,2
233,18,0
234,18,0
235,18,2
236,18,2
237,18,0
238,18,0
239,18,2
240,18,2
241,18,0
242,18,0
243,18,2
244,18,2
245,18,0
246,18,0
247,18,2
248,18,2
249,18,0
250,18,0
251,18,2
252,18,2
253,18,0
254,18,0
255,18,1
0,19,1
1,19,0
2,19,0
3,19,2
4,19,2
5,19,0
6,19,0
7,19,2
8,19,2
9,19,0
10,19,0
11,19,2
12,19,2
13,19,0
14,19,0
15,19,2
16,19,2
17,19,0
18,19,0
19,19,2
20,19,2
21,19,0
22,19,0
23,19,2
24,19,2
25,19,0
26,19,0
27,19,2
28,19,2
29,19,0
30,19,0
31,19,2
32,19,2
33,19,0
34,19,0
35,19,2
36,19,2
37,19,0
38,19,0
39,19,2
40,19,2
41,19,0
42,19,0
43,19,2
44,19,2
45,19,0
46,19,0
47,19,2
48,19,2
49,19,0
50,19,0
51,19,2
52,19,2
53,19,0
54,19,0
55,19,2
56,19,2
57,19,0
58,19,0
59,19,2
60,19,2
61,19,0
62,19,0
63,19,2
64,19,2
65,19,0
66,19,0
67,19,2
68,19,2
69,19,0
70,19,0
71,19,2
72,19,2
73,19,0
74,19,0
75,19,2
76,19,2
77,19,0
78,19,0
79,19,2
80,19,2
81,19,0
82,19,0
83,19,2
84,19,2
85,19,0
86,19,0
87,19,2
88,19,2
89,19,0
90,19,0
91,19,2
92,19,2
93,19,0
94,19,0
95,19,2
96,19,2
97,19,0
98,19,0
99,19,2
100,19,2
101,19,0
102,19,0
103,19,2
104,19,2
105,19,0
106,19,0
107,19,2
108,19,3
109,19,0
110,19,0
111,19,3
112,19,3
113,19,0
114,19,0
115,19,3
116,19,3
117,19,0
118,19,0
119,19,3
120,19,3
121,19,0
122,19,0
123,19,3
124,19,3
125,19,0
126,19,0
127,19,3
128,19,3
129,19,0
130,19,0
131,19,3
132,19,3
133,19,0
134,19,0
135,19,3
136,19,3
137,19,0
138,19,0
139,19,3
140,19,3
141,19,0
142,19,0
143,19,3
144,19,3
145,19,0
146,19,0
147,19,3
148,19,3
149,19,0
150,19,0
151,19,2
152,19,2
153,19,0
154,19,0
155,19,2
156,19,2
157,19,0
158,19,0
159,19,2
160,19,2
161,19,0
162,19,0
163,19,2
164,19,2
165,19,0
166,19,0
167,19,2
168,19,2
169,19,0
170,19,0
171,19,2
172,19,2
173,19,0
174,19,0
175,19,2
176,19,2
177,19,0
178,19,0
179,19,2
180,19,2
181,19,0
182,19,0
183,19,2
184,19,2
185,19,0
186,19,0
187,19,2
188,19,2
189,19,0
190,19,0
191,19,2
192,19,2
193,19,0
194,19,0
195,19,2
196,19,2
197,19,0
198,19,0
199,19,2
200,19,2
201,19,0
202,19,0
203,19,2
204,19,2
205,19,0
206,19,0
207,19,2
208,19,2
209,19,0
210,19,0
211,19,2
212,19,2
213,19,0
214,19,0
215,19,2
216,19,2
217,19,0
218,19,0
219,19,2
220,19,2
221,19,0
222,19,0
223,19,2
224,19,2
225,19,0
226,19,0
227,19,2
228,19,2
229,19,0
230,19,0
231,19,2
232,19,2
233,19,0
234,19,0
235,19,2
236,19,2
237,19,0
238,19,0
239,19,2
240,19,2
241,19,0
242,19,0
243,19,2
244,19,2
245,19,0
246,19,0
247,19,2
248,19,2
249,19,0
250,19,0
251,19,2
252,19,2
253,19,0
254,19,0
255,19,2
0,20,2
1,20,0
2,20,0
3,20,2
4,20,2
5,20,0
6,20,0
7,20,2
8,20,2
9,20,0
10,20,0
11,20,2
12,20,2
13,20,0
14,20,0
15,20,2
16,20,2
17,20,0
18,20,0
19,20,2
20,20,2
21,20,0
22,20,0
23,20,2
24,20,2
25,20,0
26,20,0
27,20,2
28,20,2
29,20,0
30,20,0
31,20,2
32,20,2
33,20,0
34,20,0
35,20,2
36,20,2
37,20,0
38,20,0
39,20,2
40,20,2
41,20,0
42,20,0
43,20,2
44,20,2
45,20,0
46,20,0
47,20,2
48,20,2
49,20,0
50,20,0
51,20,2
52,20,2
53,20,0
54,20,0
55,20,2
56,20,2
57,20,0
58,20,0
59,20,2
60,20,2
61,20,0
62,20,0
63,20,2
64,20,2
65,20,0
66,20,0
67,20,2
68,20,2
69,20,0
70,20,0
71,20,2
72,20,2
73,20,0
74,20,0
75,20,2
76,20,2
77,20,0
78,20,0
79,20,2
80,20,2
81,20,0
82,20,0
83,20,2
84,20,2
85,20,0
86,20,0
87,20,2
88,20,2
89,20,0
90,20,0
91,20,2
92,20,2
93,20,0
94,20,0
95,20,2
96,20,2
97,20,0
98,20,0
99,20,2
100,20,2
101,20,0
102,20,0
103,20,2
104,20,2
105,20,0
106,20,0
107,20,3
108,20,3
109,20,0
110,20,0
111,20,3
112,20,3
113,20,0
114,20,0
115,20,3
116,20,3
117,20,0
118,20,0
119,20,3
120,20,3
121,20,0
122,20,0
123,20,3
124,20,3
125,20,0
126,20,0
127,20,3
128,20,3
129,20,0
130,20,0
131,20,3
132,20,3
133,20,0
134,20,0
135,20,3
136,20,3
137,20,0
138,20,0
139,20,3
140,20,3
141,20,0
142,20,0
143,20,3
144,20,3
145,20,0
146,20,0
147,20,3
148,20,3
149,20,0
150,20,0
151,20,2
152,20,2
153,20,0
154,20,0
155,20,2
156,20,2
157,20,0
158,20,0
159,20,2
160,20,2
161,20,0
162,20,0
163,20,2
164,20,2
165,20,0
166,20,0
167,20,2
168,20,2
169,20,0
170,20,0
171,20,2
172,20,2
173,20,0
174,20,0
175,20,2
176,20,2
177,20,0
178,20,0
179,20,2
180,20,2
181,20,0
182,20,0
183,20,2
184,20,2
185,20,0
186,20,0
187,20,2
188,20,2
189,20,0
190,20,0
191,20,2
192,20,2
193,20,0
194,20,0
195,20,2
196,20,2
197,20,0
198,20,0
199,20,2
200,20,2
201,20,0
202,20,0
203,20,2
204,20,2
205,20,0
206,20,0
207,20,2
208,20,2
209,20,0
210,20,0
211,20,2
212,20,2
213,20,0
214,20,0
215,20,2
216,20,2
217,20,0
218,20,0
219,20,2
220,20,2
221,20,0
222,20,0
223,20,2
224,20,2
225,20,0
226,20,0
227,20,2
228,20,2
229,20,0
230,20,0
231,20,2
232,20,2
233,20,0
234,20,0
235,20,2
236,20,2
237,20,0
238,20,0
239,20,2
240,20,2
241,20,0
242,20,0
243,20,2
244,20,2
245,20,0
246,20,0
247,20,2
248,20,2
249,20,0
250,20,0
251,20,2
252,20,2
253,20,0
254,20,0
255,20,2
0,21,2
1,21,0
2,21,0
3,21,2
4,21,2
5,21,0
6,21,0
7,21,2
8,21,2
9,21,0
10,21,0
11,21,2
12,21,2
13,21,0
14,21,0
15,21,2
16,21,2
17,21,0
18,21,0
19,21,2
20,21,2
21,21,0
22,21,0
23,21,2
24,21,2
25,21,0
26,21,0
27,21,2
28,21,2
29,21,0
30,21,0
31,21,2
32,21,2
33,21,0
34,21,0
35,21,2
36,21,2
37,21,0
38,21,0
39,21,2
40,21,2
41,21,0
42,21,0
43,21,2
44,21,2
45,21,0
46,21,0
47,21,2
48,21,2
49,21,0
50,21,0
51,21,2
52,21,2
53,21,0
54,21,0
55,21,2
56,21,2
57,21,0
58,21,0
59,21,2
60,21,2
61,21,0
62,21,0
63,21,2
64,21,2
65,21,0
66,21,0
67,21,2
68,21,2
69,21,0
70,21,0
71,21,2
72,21,2
73,21,0
74,21,0
75,21,2
76,21,2
77,21,0
78,21,0
79,21,2
80,21,2
81,21,0
82,21,0
83,21,2
84,21,2
85,21,0
86,21,0
87,21,2
88,21,2
89,21,0
90,21,0
91,21,2
92,21,2
93,21,0
94,21,0
95,21,2
96,21,2
97,21,0
98,21,0
99,21,2
100,21,2
101,21,0
102,21,0
103,21,2
104,21,3
105,21,0
106,21,0
107,21,3
108,21,3
109,21,0
110,21,0
111,21,3
112,21,3
113,21,0
114,21,0
115,21,3
116,21,3
117,21,0
118,21,0
119,21,3
120,21,3
121,21,0
122,21,0
123,21,3
124,21,3
125,21,0
126,21,0
127,21,3
128,21,3
129,21,0
130,21,0
131,21,3
132,21,3
133,21,0
134,21,0
135,21,3
136,21,3
137,21,0
138,21,0
139,21,3
140,21,3
141,21,0
142,21,0
143,21,3
144,21,3
145,21,0
146,21,0
147,21,3
148,21,3
149,21,0
150,21,0
151,21,3
152,21,3
153,21,0
154,21,0
155,21,2
156,21,2
157,21,0
158,21,0
159,21,2
160,21,2
161,21,0
162,21,0
163,21,2
164,21,2
165,21,0
166,21,0
167,21,2
168,21,2
169,21,0
170,21,0
171,21,2
172,21,2
173,21,0
174,21,0
175,21,2
176,21,2
177,21,0
178,21,0
179,21,2
180,21,2
181,21,0
182,21,0
183,21,2
184,21,2
185,21,0
186,21,0
187,21,2
188,21,2
189,21,0
190,21,0
191,21,2
192,21,2
193,21,0
194,21,0
195,21,2
196,21,2
197,21,0
198,21,0
199,21,2
200,21,2
201,21,0
202,21,0
203,21,2
204,21,2
205,21,0
206,21,0
207,21,2
208,21,2
209,21,0
210,21,0
211,21,2
212,21,2
213,21,0
214,21,0
215,21,2
216,21,2
217,21,0
218,21,0
219,21,2
220,21,2
221,21,0
222,21,0
223,21,2
224,21,2
225,21,0
226,21,0
227,21,2
228,21,2
229,21,0
230,21,0
231,21,2
232,21,2
233,21,0
234,21,0
235,21,2
236,21,2
237,21,0
238,21,0
239,21,2
240,21,2
241,21,0
242,21,0
243,21,2
244,21,2
245,21,0
246,21,0
247,21,2
248,21,2
249,21,0
250,21,0
251,21,2
252,21,2
253,21,0
254,21,0
255,21,2
0,22,2
1,22,0
2,22,0
3,22,2
4,22,2
5,22,0
6,22,0
7,22,2
8,22,2
9,22,0
10,22,0
11,22,2
12,22,2
13,22,0
14,22,0
15,22,2
16,22,2
17,22,0
18,22,0
19,22,2
20,22,2
21,22,0
22,22,0
23,22,2
24,22,2
25,22,0
26,22,0
27,22,2
28,22,2
29,22,0
30,22,0
31,22,2
32,22,2
33,22,0
34,22,0
35,22,2
36,22,2
37,22,0
38,22,0
39,22,2
40,22,2
41,22,0
42,22,0
43,22,2
44,22,2
45,22,0
46,22,0
47,22,2
48,22,2
49,22,0
50,22,0
51,22,2
52,22,2
53,22,0
54,22,0
55,22,2
56,22,2
57,22,0
58,22,0
59,22,2
60,22,2
61,22,0
62,22,0
63,22,2
64,22,2
65,22,0
66,22,0
67,22,2
68,22,2
69,22,0
70,22,0
71,22,2
72,22,2
73,22,0
74,22,0
75,22,2
76,22,2
77,22,0
78,22,0
79,22,2
80,22,2
81,22,0
82,22,0
83,22,2
84,22,2
85,22,0
86,22,0
87,22,2
88,22,2
89,22,0
90,22,0
91,22,2
92,22,2
93,22,0
94,22,0
95,22,2
96,22,2
97,22,0
98,22,0
99,22,2
100,22,2
101,22,0
102,22,0
103,22,3
104,22,3
105,22,0
106,22,0
107,22,3
108,22,3
109,22,0
110,22,0
111,22,3
112,22,3
113,22,0
114,22,0
115,22,3
116,22,3
117,22,0
118,22,0
119,22,3
120,22,3
121,22,0
122,22,0
123,22,3
124,22,3
125,22,0
126,22,0
127,22,3
128,22,3
129,22,0
130,22,0
131,22,3
132,22,3
133,22,0
134,22,0
135,22,3
136,22,3
137,22,0
138,22,0
139,22,3
140,22,3
141,22,0
142,22,0
143,22,3
144,22,3
145,22,0
146,22,0
147,22,3
148,22,3
149,22,0
150,22,0
151,22,3
152,22,3
153,22,0
154,22,0
155,22,2
156,22,2
157,22,0
158,22,0
159,22,2
160,22,2
161,22,0
162,22,0
163,22,2
164,22,2
165,22,0
166,22,0
167,22,2
168,22,2
169,22,0
170,22,0
171,22,2
172,22,2
173,22,0
174,22,0
175,22,2
176,22,2
177,22,0
178,22,0
179,22,2
180,22,2
181,22,0
182,22,0
183,22,2
184,22,2
185,22,0
186,22,0
187,22,2
188,22,2
189,22,0
190,22,0
191,22,2
192,22,2
193,22,0
194,22,0
195,22,2
196,22,2
197,22,0
198,22,0
199,22,2
200,22,2
201,22,0
202,22,0
203,22,2
204,22,2
205,22,0
206,22,0
207,22,2
208,22,2
209,22,0
210,22,0
211,22,2
212,22,2
213,22,0
214,22,0
215,22,2
216,22,2
217,22,0
218,22,0
219,22,2
220,22,2
221,22,0
222,22,0
223,22,2
224,22,2
225,22,0
226,22,0
227,22,2
228,22,2
229,22,0
230,22,0
231,22,2
232,22,2
233,22,0
234,22,0
235,22,2
236,22,2
237,22,0
238,22,0
239,22,2
240,22,2
241,22,0
242,22,0
243,22,2
244,22,2
245,22,0
246,22,0
247,22,2
248,22,2
249,22,0
250,22,0
251,22,2
252,22,2
253,22,0
254,22,0
255,22,2
0,23,2
1,23,0
2,23,0
3,23,2
4,23,2
5,23,0
6,23,0
7,23,2
8,23,2
9,23,0
10,23,0
11,23,2
12,23,2
13,23,0
14,23,0
15,23,2
16,23,2
17,23,0
18,23,0
19,23,2
20,23,2
21,23,0
22,23,0
23,23,2
24,23,2
25,23,0
26,23,0
27,23,2
28,23,2
29,23,0
30,23,0
31,23,2
32,23,2
33,23,0
34,23,0
35,23,2
36,23,2
37,23,0
38,23,0
39,23,2
40,23,2
41,23,0
42,23,0
43,23,2
44,23,2
45,23,0
46,23,0
47,23,2
48,23,2
49,23,0
50,23,0
51,23,2
52,23,2
53,23,0
54,23,0
55,23,2
56,23,2
57,23,0
58,23,0
59,23,2
60,23,2
61,23,0
62,23,0
63,23,2
64,23,2
65,23,0
66,23,0
67,23,2
68,23,2
69,23,0
70,23,0
71,23,2
72,23,2
73,23,0
74,23,0
75,23,2
76,23,2
77,23,0
78,23,0
79,23,2
80,23,2
81,23,0
82,23,0
83,23,2
84,23,2
85,23,0
86,23,0
87,23,2
88,23,2
89,23,0
90,23,0
91,23,2
92,23,2
93,23,0
94,23,0
95,23,2
96,23,2
97,23,0
98,23,0
99,23,2
100,23,2
101,23,0
102,23,0
103,23,3
104,23,3
105,23,0
106,23,0
107,23,3
108,23,3
109,23,0
110,23,0
111,23,3
112,23,3
113,23,0
114,23,0
115,23,3
116,23,3
117,23,0
118,23,0
119,23,3
120,23,3
121,23,0
122,23,0
123,23,3
124,23,3
125,23,0
126,23,0
127,23,3
128,23,3
129,23,0
130,23,0
131,23,3
132,23,3
133,23,0
134,23,0
135,23,3
136,23,3
137,23,0
138,23,0
139,23,3
140,23,3
141,23,0
142,23,0
143,23,3
144,23,3
145,23,0
146,23,0
147,23,3
148,23,3
149,23,0
150,23,0
151,23,3
152,23,3
153,23,0
154,23,0
155,23,3
156,23,2
157,23,0
158,23,0
159,23,2
160,23,2
161,23,0
162,23,0
163,23,2
164,23,2
165,23,0
166,23,0
167,23,2
168,23,2
169,23,0
170,23,0
171,23,2
172,23,2
173,23,0
174,23,0
175,23,2
176,23,2
177,23,0
178,23,0
179,23,2
180,23,2
181,23,0
182,23,0
183,23,2
184,23,2
185,23,0
186,23,0
187,23,2
188,23,2
189,23,0
190,23,0
191,23,2
192,23,2
193,23,0
194,23,0
195,23,2
196,23,2
197,23,0
198,23,0
199,23,2
200,23,2
201,23,0
202,23,0
203,23,2
204,23,2
205,23,0
206,23,0
207,23,2
208,23,2
209,23,0
210,23,0
211,23,2
212,23,2
213,23,0
214,23,0
215,23,2
216,23,2
217,23,0
218,23,0
219,23,2
220,23,2
221,23,0
222,23,0
223,23,2
224,23,2
225,23,0
226,23,0
227,23,2
228,23,2
229,23,0
230,23,0
231,23,2
232,23,2
233,23,0
234,23,0
235,23,2
236,23,2
237,23,0
238,23,0
239,23,2
240,23,2
241,23,0
242,23,0
243,23,2
244,23,2
245,23,0
246,23,0
247,23,2
248,23,2
249,23,0
250,23,0
251,23,2
252,23,2
253,23,0
254,23,0
255,23,2
0,24,2
1,24,0
2,24,0
3,24,2
4,24,2
5,24,0
6,24,0
7,24,2
8,24,2
9,24,0
10,24,0
11,24,2
12,24,2
13,24,0
14,24,0
15,24,2
16,24,2
17,24,0
18,24,0
19,24,2
20,24,2
21,24,0
22,24,0
23,24,2
24,24,2
25,24,0
26,24,0
27,24,2
28,24,2
29,24,0
30,24,0
31,24,2
32,24,2
33,24,0
34,24,0
35,24,2
36,24,2
37,24,0
38,24,0
39,24,2
40,24,2
41,24,0
42,24,0
43,24,2
44,24,2
45,24,0
46,24,0
47,24,2
48,24,2
49,24,0
50,24,0
51,24,2
52,24,2
53,24,0
54,24,0
55,24,2
56,24,2
57,24,0
58,24,0
59,24,2
60,24,2
61,24,0
62,24,0
63,24,2
64,24,2
65,24,0
66,24,0
67,24,2
68,24,2
69,24,0
70,24,0
71,24,2
72,24,2
73,24,0
74,24,0
75,24,2
76,24,2
77,24,0
78,24,0
79,24,2
80,24,2
81,24,0
82,24,0
83,24,2
84,24,2
85,24,0
86,24,0
87,24,2
88,24,2
89,24,0
90,24,0
91,24,2
92,24,2
93,24,0
94,24,0
95,24,2
96,24,2
97,24,0
98,24,0
99,24,2
100,24,3
101,24,0
102,24,0
103,24,3
104,24,3
105,24,0
106,24,0
107,24,3
108,24,3
109,24,0
110,24,0
111,24,3
112,24,3
113,24,0
114,24,0
115,24,3
116,24,3
117,24,0
118,24,0
119,24,3
120,24,3
121,24,0
122,24,0
123,24,3
124,24,3
125,24,0
126,24,0
127,24,3
128,24,3
129,24,0
130,24,0
131,24,3
132,24,3
133,24,0
134,24,0
135,24,3
136,24,3
137,24,0
138,24,0
139,24,3
140,24,3
141,24,0
142,24,0
143,24,3
144,24,3
145,24,0
146,24,0
147,24,3
148,24,3
149,24,0
150,24,0
151,24,3
152,24,3
153,24,0
154,24,0
155,24,3
156,24,3
157,24,0
158,24,0
159,24,2
160,24,2
161,24,0
162,24,0
163,24,2
164,24,2
165,24,0
166,24,0
167,24,2
168,24,2
169,24,0
170,24,0
171,24,2
172,24,2
173,24,0
174,24,0
175,24,2
176,24,2
177,24,0
178,24,0
179,24,2
180,24,2
181,24,0
182,24,0
183,24,2
184,24,2
185,24,0
186,24,0
187,24,2
188,24,2
189,24,0
190,24,0
191,24,2
192,24,2
193,24,0
194,24,0
195,24,2
196,24,2
197,24,0
198,24,0
199,24,2
200,24,2
201,24,0
202,24,0
203,24,2
204,24,2
205,24,0
206,24,0
207,24,2
208,24,2
209,24,0
210,24,0
211,24,2
212,24,2
213,24,0
214,24,0
215,24,2
216,24,2
217,24,0
218,24,0
219,24,2
220,24,2
221,24,0
222,24,0
223,24,2
224,24,2
225,24,0
226,24,0
227,24,2
228,24,2
229,24,0
230,24,0
231,24,2
232,24,2
233,24,0
234,24,0
235,24,2
236,24,2
237,24,0
238,24,0
239,24,2
240,24,2
241,24,0
242,24,0
243,24,2
244,24,2
245,24,0
246,24,0
247,24,2
248,24,2
249,24,0
250,24,0
251,24,2
252,24,2
253,24,0
254,24,0
255,24,2
0,25,2
1,25,0
2,25,0
3,25,2
4,25,2
5,25,0
6,25,0
7,25,2
8,25,2
9,25,0
10,25,0
11,25,2
12,25,2
13,25,0
14,25,0
15,25,2
16,25,2
17,25,0
18,25,0
19,25,2
20,25,2
21,25,0
22,25,0
23,25,2
24,25,2
25,25,0
26,25,0
27,25,2
28,25,2
29,25,0
30,25,0
31,25,2
32,25,2
33,25,0
34,25,0
35,25,2
36,25,2
37,25,0
38,25,0
39,25,2
40,25,2
41,25,0
42,25,0
43,25,2
44,25,2
45,25,0
46,25,0
47,25,2
48,25,2
49,25,0
50,25,0
51,25,2
52,25,2
53,25,0
54,25,0
55,25,2
56,25,2
57,25,0
58,25,0
59,25,2
60,25,2
61,25,0
62,25,0
63,25,2
64,25,2
65,25,0
66,25,0
67,25,2
68,25,2
69,25,0
70,25,0
71,25,2
72,25,2
73,25,0
74,25,0
75,25,2
76,25,2
77,25,0
78,25,0
79,25,2
80,25,2
81,25,0
82,25,0
83,25,2
84,25,2
85,25,0
86,25,0
87,25,2
88,25,2
89,25,0
90,25,0
91,25,2
92,25,2
93,25,0
94,25,0
95,25,2
96,25,2
97,25,0
98,25,0
99,25,3
100,25,3
101,25,0
102,25,0
103,25,3
104,25,3
105,25,0
106,25,0
107,25,3
108,25,3
109,25,0
110,25,0
111,25,3
112,25,3
113,25,0
114,25,0
115,25,3
116,25,3
117,25,0
118,25,0
119,25,3
120,25,3
121,25,0
122,25,0
123,25,3
124,25,3
125,25,0
126,25,0
127,25,3
128,25,3
129,25,0
130,25,0
131,25,3
132,25,3
133,25,0
134,25,0
135,25,3
136,25,3
137,25,0
138,25,0
139,25,3
140,25,3
141,25,0
142,25,0
143,25,3
144,25,3
145,25,0
146,25,0
147,25,3
148,25,3
149,25,0
150,25,0
151,25,3
152,25,3
153,25,0
154,25,0
155,25,3
156,25,3
157,25,0
158,25,0
159,25,2
160,25,2
161,25,0
162,25,0
163,25,2
164,25,2
165,25,0
166,25,0
167,25,2
168,25,2
169,25,0
170,25,0
171,25,2
172,25,2
173,25,0
174,25,0
175,25,2
176,25,2
177,25,0
178,25,0
179,25,2
180,25,2
181,25,0
182,25,0
183,25,2
184,25,2
185,25,0
186,25,0
187,25,2
188,25,2
189,25,0
190,25,0
191,25,2
192,25,2
193,25,0
194,25,0
195,25,2
196,25,2
197,25,0
198,25,0
199,25,2
200,25,2
201,25,0
202,25,0
203,25,2
204,25,2
205,25,0
206,25,0
207,25,2
208,25,2
209,25,0
210,25,0
211,25,2
212,25,2
213,25,0
214,25,0
215,25,2
216,25,2
217,25,0
218,25,0
219,25,2
220,25,2
221,25,0
222,25,0
223,25,2
224,25,2
225,25,0
226,25,0
227,25,2
228,25,2
229,25,0
230,25,0
231,25,2
232,25,2
233,25,0
234,25,0
235,25,2
236,25,2
237,25,0
238,25,0
239,25,2
240,25,2
241,25,0
242,25,0
243,25,2
244,25,2
245,25,0
246,25,0
247,25,2
248,25,2
249,25,0
250,25,0
251,25,2
252,25,2
253,25,0
254,25,0
255,25,2
0,26,2
1,26,0
2,26,0
3,26,2
4,26,2
5,26,0
6,26,0
7,26,2
8,26,2
9,26,0
10,26,0
11,26,2
12,26,2
13,26,0
14,26,0
15,26,2
16,26,2
17,26,0
18,26,0
19,26,2
20,26,2
21,26,0
22,26,0
23,26,2
24,26,2
25,26,0
26,26,0
27,26,2
28,26,2
29,26,0
30,26,0
31,26,2
32,26,2
33,26,0
34,26,0
35,26,2
36,26,2
37,26,0
38,26,0
39,26,2
40,26,2
41,26,0
42,26,0
43,26,2
44,26,2
45,26,0
46,26,0
47,26,2
48,26,2
49,26,0
50,26,0
51,26,2
52,26,2
53,26,0
54,26,0
55,26,2
56,26,2
57,26,0
58,26,0
59,26,2
60,26,2
61,26,0
62,26,0
63,26,2
64,26,2
65,26,0
66,26,0
67,26,2
68,26,2
69,26,0
70,26,0
71,26,2
72,26,2
73,26,0
74,26,0
75,26,2
76,26,2
77,26,0
78,26,0
79,26,2
80,26,2
81,26,0
82,26,0
83,26,2
84,26,2
85,26,0
86,26,0
87,26,2
88,26,2
89,26,0
90,26,0
91,26,2
92,26,2
93,26,0
94,26,0
95,26,2
96,26,3
97,26,0
98,26,0
99,26,3
100,26,3
101,26,0
102,26,0
103,26,3
104,26,3
105,26,0
106,26,0
107,26,3
108,26,3
109,26,0
110,26,0
111,26,3
112,26,3
113,26,0
114,26,0
115,26,3
116,26,3
117,26,0
118,26,0
119,26,3
120,26,3
121,26,0
122,26,0
123,26,3
124,26,3
125,26,0
126,26,0
127,26,3
128,26,3
129,26,0
130,26,0
131,26,3
132,26,3
133,26,0
134,26,0
135,26,3
136,26,3
137,26,0
138,26,0
139,26,3
140,26,3
141,26,0
142,26,0
143,26,3
144,26,3
145,26,0
146,26,0
147,26,3
148,26,3
149,26,0
150,26,0
151,26,3
152,26,3
153,26,0
154,26,0
155,26,3
156,26,3
157,26,0
158,26,0
159,26,3
160,26,3
161,26,0
162,26,0
163,26,2
164,26,2
165,26,0
166,26,0
167,26,2
168,26,2
169,26,0
170,26,0
171,26,2
172,26,2
173,26,0
174,26,0
175,26,2
176,26,2
177,26,0
178,26,0
179,26,2
180,26,2
181,26,0
182,26,0
183,26,2
184,26,2
185,26,0
186,26,0
187,26,2
188,26,2
189,26,0
190,26,0
191,26,2
192,26,2
193,26,0
194,26,0
195,26,2
196,26,2
197,26,0
198,26,0
199,26,2
200,26,2
201,26,0
202,26,0
203,26,2
204,26,2
205,26,0
206,26,0
207,26,2
208,26,2
209,26,0
210,26,0
211,26,2
212,26,2
213,26,0
214,26,0
215,26,2
216,26,2
217,26,0
218,26,0
219,26,2
220,26,2
221,26,0
222,26,0
223,26,2
224,26,2
225,26,0
226,26,0
227,26,2
228,26,2
229,26,0
230,26,0
231,26,2
232,26,2
233,26,0
234,26,0
235,26,2
236,26,2
237,26,0
238,26,0
239,26,2
240,26,2
241,26,0
242,26,0
243,26,2
244,26,2
245,26,0
246,26,0
247,26,2
248,26,2
249,26,0
250,26,0
251,26,2
252,26,2
253,26,0
254,26,0
255,26,2
0,27,2
1,27,0
2,27,0
3,27,2
4,27,2
5,27,0
6,27,0
7,27,2
8,27,2
9,27,0
10,27,0
11,27,2
12,27,2
13,27,0
14,27,0
15,27,2
16,27,2
17,27,0
18,27,0
19,27,2
20,27,2
21,27,0
22,27,0
23,27,2
24,27,2
25,27,0
26,27,0
27,27,2
28,27,2
29,27,0
30,27,0
31,27,2
32,27,2
33,27,0
34,27,0
35,27,2
36,27,2
37,27,0
38,27,0
39,27,2
40,27,2
41,27,0
42,27,0
43,27,2
44,27,2
45,27,0
46,27,0
47,27,2
48,27,2
49,27,0
50,27,0
51,27,2
52,27,2
53,27,0
54,27,0
55,27,2
56,27,2
57,27,0
58,27,0
59,27,2
60,27,2
61,27,0
62,27,0
63,27,2
64,27,2
65,27,0
66,27,0
67,27,2
68,27,2
69,27,0
70,27,0
71,27,2
72,27,2
73,27,0
74,27,0
75,27,2
76,27,2
77,27,0
78,27,0
79,27,2
80,27,2
81,27,0
82,27,0
83,27,2
84,27,2
85,27,0
86,27,0
87,27,2
88,27,2
89,27,0
90,27,0
91,27,2
92,27,2
93,27,0
94,27,0
95,27,3
96,27,3
97,27,0
98,27,0
99,27,3
100,27,3
101,27,0
102,27,0
103,27,3
104,27,3
105,27,0
106,27,0
107,27,3
108,27,3
109,27,0
110,27,0
111,27,3
112,27,3
113,27,0
114,27,0
115,27,3
116,27,3
117,27,0
118,27,0
119,27,3
120,27,3
121,27,0
122,27,0
123,27,3
124,27,3
125,27,0
126,27,0
127,27,3
128,27,3
129,27,0
130,27,0
131,27,3
132,27,3
133,27,0
134,27,0
135,27,3
136,27,3
137,27,0
138,27,0
139,27,3
140,27,3
141,27,0
142,27,0
143,27,3
144,27,3
145,27,0
146,27,0
147,27,3
148,27,3
149,27,0
150,27,0
151,27,3
152,27,3
153,27,0
154,27,0
155,27,3
156,27,3
157,27,0
158,27,0
159,27,3
160,27,3
161,27,0
162,27,0
163,27,2
164,27,2
165,27,0
166,27,0
167,27,2
168,27,2
169,27,0
170,27,0
171,27,2
172,27,2
173,27,0
174,27,0
175,27,2
176,27,2
177,27,0
178,27,0
179,27,2
180,27,2
181,27,0
182,27,0
183,27,2
184,27,2
185,27,0
186,27,0
187,27,2
188,27,2
189,27,0
190,27,0
191,27,2
192,27,2
193,27,0
194,27,0
195,27,2
196,27,2
197,27,0
198,27,0
199,27,2
200,27,2
201,27,0
202,27,0
203,27,2
204,27,2
205,27,0
206,27,0
207,27,2
208,27,2
209,27,0
210,27,0
211,27,2
212,27,2
213,27,0
214,27,0
215,27,2
216,27,2
217,27,0
218,27,0
219,27,2
220,27,2
221,27,0
222,27,0
223,27,2
224,27,2
225,27,0
226,27,0
227,27,2
228,27,2
229,27,0
230,27,0
231,27,2
232,27,2
233,27,0
234,27,0
235,27,2
236,27,2
237,27,0
238,27,0
239,27,2
240,27,2
241,27,0
242,27,0
243,27,2
244,27,2
245,27,0
246,27,0
247,27,2
248,27,2
249,27,0
250,27,0
251,27,2
252,27,2
253,27,0
254,27,0
255,27,2
0,28,2
1,28,0
2,28,0
3,28,2
4,28,2
5,28,0
6,28,0
7,28,2
8,28,2
9,28,0
10,28,0
11,28,2
12,28,2
13,28,0
14,28,0
15,28,2
16,28,2
17,28,0
18,28,0
19,28,2
20,28,2
21,28,0
22,28,0
23,28,2
24,28,2
25,28,0
26,28,0
27,28,2
28,28,2
29,28,0
30,28,0
31,28,2
32,28,2
33,28,0
34,28,0
35,28,2
36,28,2
37,28,0
38,28,0
39,28,2
40,28,2
41,28,0
42,28,0
43,28,2
44,28,2
45,28,0
46,28,0
47,28,2
48,28,2
49,28,0
50,28,0
51,28,2
52,28,2
53,28,0
54,28,0
55,28,2
56,28,2
57,28,0
58,28,0
59,28,2
60,28,2
61,28,0
62,28,0
63,28,2
64,28,2
65,28,0
66,28,0
67,28,2
68,28,2
69,28,0
70,28,0
71,28,2
72,28,2
73,28,0
74,28,0
75,28,2
76,28,2
77,28,0
78,28,0
79,28,2
80,28,2
81,28,0
82,28,0
83,28,2
84,28,2
85,28,0
86,28,0
87,28,2
88,28,2
89,28,0
90,28,0
91,28,2
92,28,2
93,28,0
94,28,0
95,28,3
96,28,3
97,28,0
98,28,0
99,28,3
100,28,3
101,28,0
102,28,0
103,28,3
104,28,3
105,28,0
106,28,0
107,28,3
108,28,3
109,28,0
110,28,0
111,28,3
112,28,3
113,28,0
114,28,0
115,28,3
116,28,3
117,28,0
118,28,0
119,28,3
120,28,3
121,28,0
122,28,0
123,28,3
124,28,3
125,28,0
126,28,0
127,28,3
128,28,3
129,28,0
130,28,0
131,28,3
132,28,3
133,28,0
134,28,0
135,28,3
136,28,3
137,28,0
138,28,0
139,28,3
140,28,3
141,28,0
142,28,0
143,28,3
144,28,3
145,28,0
146,28,0
147,28,3
148,28,3
149,28,0
150,28,0
151,28,3
152,28,3
153,28,0
154,28,0
155,28,3
156,28,3
157,28,0
158,28,0
159,28,3
160,28,3
161,28,0
162,28,0
163,28,3
164,28,2
165,28,0
166,28,0
167,28,2
168,28,2
169,28,0
170,28,0
171,28,2
172,28,2
173,28,0
174,28,0
175,28,2
176,28,2
177,28,0
178,28,0
179,28,2
180,28,2
181,28,0
182,28,0
183,28,2
184,28,2
185,28,0
186,28,0
187,28,2
188,28,2
189,28,0
190,28,0
191,28,2
192,28,2
193,28,0
194,28,0
195,28,2
196,28,2
197,28,0
198,28,0
199,28,2
200,28,2
201,28,0
202,28,0
203,28,2
204,28,2
205,28,0
206,28,0
207,28,2
208,28,2
209,28,0
210,28,0
211,28,2
212,28,2
213,28,0
214,28,0
215,28,2
216,28,2
217,28,0
218,28,0
219,28,2
220,28,2
221,28,0
222,28,0
223,28,2
224,28,2
225,28,0
226,28,0
227,28,2
228,28,2
229,28,0
230,28,0
231,28,2
232,28,2
233,28,0
234,28,0
235,28,2
236,28,2
237,28,0
238,28,0
239,28,2
240,28,2
241,28,0
242,28,0
243,28,2
244,28,2
245,28,0
246,28,0
247,28,2
248,28,2
249,28,0
250,28,0
251,28,2
252,28,2
253,28,0
254,28,0
255,28,2
0,29,2
1,29,0
2,29,0
3,29,2
4,29,2
5,29,0
6,29,0
7,29,2
8,29,2
9,29,0
10,29,0
11,29,2
12,29,2
13,29,0
14,29,0
15,29,2
16,29,2
17,29,0
18,29,0
19,29,2
20,29,2
21,29,0
22,29,0
23,29,2
24,29,2
25,29,0
26,29,0
27,29,2
28,29,2
29,29,0
30,29,0
31,29,2
32,29,2
33,29,0
34,29,0
35,29,2
36,29,2
37,29,0
38,29,0
39,29,2
40,29,2
41,29,0
42,29,0
43,29,2
44,29,2
45,29,0
46,29,0
47,29,2
48,29,2
49,29,0
50,29,0
51,29,2
52,29,2
53,29,0
54,29,0
55,29,2
56,29,2
57,29,0
58,29,0
59,29,2
60,29,2
61,29,0
62,29,0
63,29,2
64,29,2
65,29,0
66,29,0
67,29,2
68,29,2
69,29,0
70,29,0
71,29,2
72,29,2
73,29,0
74,29,0
75,29,2
76,29,2
77,29,0
78,29,0
79,29,2
80,29,2
81,29,0
82,29,0
83,29,2
84,29,2
85,29,0
86,29,0
87,29,2
88,29,2
89,29,0
90,29,0
91,29,3
92,29,3
93,29,0
94,29,0
95,29,3
96,29,3
97,29,0
98,29,0
99,29,3
100,29,3
101,29,0
102,29,0
103,29,3
104,29,3
105,29,0
106,29,0
107,29,3
108,29,3
109,29,0
110,29,0
111,29,3
112,29,3
113,29,0
114,29,0
115,29,3
116,29,3
117,29,0
118,29,0
119,29,3
120,29,3
121,29,0
122,29,0
123,29,3
124,29,3
125,29,0
126,29,0
127,29,3
128,29,3
129,29,0
130,29,0
131,29,3
132,29,3
133,29,0
134,29,0
135,29,3
136,29,3
137,29,0
138,29,0
139,29,3
140,29,3
141,29,0
142,29,0
143,29,3
144,29,3
145,29,0
146,29,0
147,29,3
148,29,3
149,29,0
150,29,0
151,29,3
152,29,3
153,29,0
154,29,0
155,29,3
156,29,3
157,29,0
158,29,0
159,29,3
160,29,3
161,29,0
162,29,0
163,29,3
164,29,3
165,29,0
166,29,0
167,29,2
168,29,2
169,29,0
170,29,0
171,29,2
172,29,2
173,29,0
174,29,0
175,29,2
176,29,2
177,29,0
178,29,0
179,29,2
180,29,2
181,29,0
182,29,0
183,29,2
184,29,2
185,29,0
186,29,0
187,29,2
188,29,2
189,29,0
190,29,0
191,29,2
192,29,2
193,29,0
194,29,0
195,29,2
196,29,2
197,29,0
198,29,0
199,29,2
200,29,2
201,29,0
202,29,0
203,29,2
204,29,2
205,29,0
206,29,0
207,29,2
208,29,2
209,29,0
210,29,0
211,29,2
212,29,2
213,29,0
214,29,0
215,29,2
216,29,2
217,29,0
218,29,0
219,29,2
220,29,2
221,29,0
222,29,0
223,29,2
224,29,2
225,29,0
226,29,0
227,29,2
228,29,2
229,29,0
230,29,0
231,29,2
232,29,2
233,29,0
234,29,0
235,29,2
236,29,2
237,29,0
238,29,0
239,29,2
240,29,2
241,29,0
242,29,0
243,29,2
244,29,2
245,29,0
246,29,0
247,29,2
248,29,2
249,29,0
250,29,0
251,29,2
252,29,2
253,29,0
254,29,0
255,29,2
0,30,2
1,30,0
2,30,0
3,30,2
4,30,2
5,30,0
6,30,0
7,30,2
8,30,2
9,30,0
10,30,0
11,30,2
12,30,2
13,30,0
14,30,0
15,30,2
16,30,2
17,30,0
18,30,0
19,30,2
20,30,2
21,30,0
22,30,0
23,30,2
24,30,2
25,30,0
26,30,0
27,30,2
28,30,2
29,30,0
30,30,0
31,30,2
32,30,2
33,30,0
34,30,0
35,30,2
36,30,2
37,30,0
38,30,0
39,30,2
40,30,2
41,30,0
42,30,0
43,30,2
44,30,2
45,30,0
46,30,0
47,30,2
48,30,2
49,30,0
50,30,0
51,30,2
52,30,2
53,30,0
54,30,0
55,30,2
56,30,2
57,30,0
58,30,0
59,30,2
60,30,2
61,30,0
62,30,0
63,30,2
64,30,2
65,30,0
66,30,0
67,30,2
68,30,2
69,30,0
70,30,0
71,30,2
72,30,2
73,30,0
74,30,0
75,30,2
76,30,2
77,30,0
78,30,0
79,30,2
80,30,2
81,30,0
82,30,0
83,30,2
84,30,2
85,30,0
86,30,0
87,30,2
88,30,2
89,30,0
90,30,0
91,30,3
92,30,3
93,30,0
94,30,0
95,30,3
96,30,3
97,30,0
98,30,0
99,30,3
100,30,3
101,30,0
102,30,0
103,30,3
104,30,3
105,30,0
106,30,0
107,30,3
108,30,3
109,30,0
110,30,0
111,30,3
112,30,3
113,30,0
114,30,0
115,30,3
116,30,3
117,30,0
118,30,0
119,30,3
120,30,3
121,30,0
122,30,0
123,30,3
124,30,3
125,30,0
126,30,0
127,30,3
128,30,3
129,30,0
130,30,0
131,30,3
132,30,3
133,30,0
134,30,0
135,30,3
136,30,3
137,30,0
138,30,0
139,30,3
140,30,3
141,30,0
142,30,0
143,30,3
144,30,3
145,30,0
146,30,0
147,30,3
148,30,3
149,30,0
150,30,0
151,30,3
152,30,3
153,30,0
154,30,0
155,30,3
156,30,3
157,30,0
158,30,0
159,30,3
160,30,3
161,30,0
162,30,0
163,30,3
164,30,3
165,30,0
166,30,0
167,30,2
168,30,2
169,30,0
170,30,0
171,30,2
172,30,2
173,30,0
174,30,0
175,30,2
176,30,2
177,30,0
178,30,0
179,30,2
180,30,2
181,30,0
182,30,0
183,30,2
184,30,2
185,30,0
186,30,0
187,30,2
188,30,2
189,30,0
190,30,0
191,30,2
192,30,2
193,30,0
194,30,0
195,30,2
196,30,2
197,30,0
198,30,0
199,30,2
200,30,2
201,30,0
202,30,0
203,30,2
204,30,2
205,30,0
206,30,0
207,30,2
208,30,2
209,30,0
210,30,0
211,30,2
212,30,2
213,30,0
214,30,0
215,30,2
216,30,2
217,30,0
218,30,0
219,30,2
220,30,2
221,30,0
222,30,0
223,30,2
224,30,2
225,30,0
226,30,0
227,30,2
228,30,2
229,30,0
230,30,0
231,30,2
232,30,2
233,30,0
234,30,0
235,30,2
236,30,2
237,30,0
238,30,0
239,30,2
240,30,2
241,30,0
242,30,0
243,30,2
244,30,2
245,30,0
246,30,0
247,30,2
248,30,2
249,30,0
250,30,0
251,30,2
252,30,2
253,30,0
254,30,0
255,30,2
0,31,2
1,31,0
2,31,0
3,31,2
4,31,2
5,31,0
6,31,0
7,31,2
8,31,2
9,31,0
10,31,0
11,31,2
12,31,2
13,31,0
14,31,0
15,31,2
16,31,2
17,31,0
18,31,0
19,31,2
20,31,2
21,31,0
22,31,0
23,31,2
24,31,2
25,31,0
26,31,0
27,31,2
28,31,2
29,31,0
30,31,0
31,31,2
32,31,2
33,31,0
34,31,0
35,31,2
36,31,2
37,31,0
38,31,0
39,31,2
40,31,2
41,31,0
42,31,0
43,31,2
44,31,2
45,31,0
46,31,0
47,31,2
48,31,2
49,31,0
50,31,0
51,31,2
52,31,2
53,31,0
54,31,0
55,31,2
56,31,2
57,31,0
58,31,0
59,31,2
60,31,2
61,31,0
62,31,0
63,31,2
64,31,2
65,31,0
66,31,0
67,31,2
68,31,2
69,31,0
70,31,0
71,31,2
72,31,2
73,31,0
74,31,0
75,31,2
76,31,2
77,31,0
78,31,0
79,31,2
80,31,2
81,31,0
82,31,0
83,31,2
84,31,2
85,31,0
86,31,0
87,31,2
88,31,3
89,31,0
90,31,0
91,31,3
92,31,3
93,31,0
94,31,0
95,31,3
96,31,3
97,31,0
98,31,0
99,31,3
100,31,3
101,31,0
102,31,0
103,31,3
104,31,3
105,31,0
106,31,0
107,31,3
108,31,3
109,31,0
110,31,0
111,31,3
112,31,3
113,31,0
114,31,0
115,31,3
116,31,3
117,31,0
118,31,0
119,31,3
120,31,3
121,31,0
122,31,0
123,31,3
124,31,3
125,31,0
126,31,0
127,31,3
128,31,3
129,31,0
130,31,0
131,31,3
132,31,3
133,31,0
134,31,0
135,31,3
136,31,3
137,31,0
138,31,0
139,31,3
140,31,3
141,31,0
142,31,0
143,31,3
144,31,3
145,31,0
146,31,0
147,31,3
148,31,3
149,31,0
150,31,0
151,31,3
152,31,3
153,31,0
154,31,0
155,31,3
156,31,3
157,31,0
158,31,0
159,31,3
160,31,3
161,31,0
162,31,0
163,31,3
164,31,3
165,31,0
166,31,0
167,31,3
168,31,3
169,31,0
170,31,0
171,31,2
172,31,2
173,31,0
174,31,0
175,31,2
176,31,2
177,31,0
178,31,0
179,31,2
180,31,2
181,31,0
182,31,0
183,31,2
184,31,2
185,31,0
186,31,0
187,31,2
188,31,2
189,31,0
190,31,0
191,31,2
192,31,2
193,31,0
194,31,0
195,31,2
196,31,2
197,31,0
198,31,0
199,31,2
200,31,2
201,31,0
202,31,0
203,31,2
204,31,2
205,31,0
206,31,0
207,31,2
208,31,2
209,31,0
210,31,0
211,31,2
212,31,2
213,31,0
214,31,0
215,31,2
216,31,2
217,31,0
218,31,0
219,31,2
220,31,2
221,31,0
222,31,0
223,31,2
224,31,2
225,31,0
226,31,0
227,31,2
228,31,2
229,31,0
230,31,0
231,31,2
232,31,2
233,31,0
234,31,0
235,31,2
236,31,2
237,31,0
238,31,0
239,31,2
240,31,2
241,31,0
242,31,0
243,31,2
244,31,2
245,31,0
246,31,0
247,31,2
248,31,2
249,31,0
250,31,0
251,31,2
252,31,2
253,31,0
254,31,0
255,31,2
0,32,2
1,32,0
2,32,0
3,32,2
4,32,2
5,32,0
6,32,0
7,32,2
8,32,2
9,32,0
10,32,0
11,32,2
12,32,2
13,32,0
14,32,0
15,32,2
16,32,2
17,32,0
18,32,0
19,32,2
20,32,2
21,32,0
22,32,0
23,32,2
24,32,2
25,32,0
26,32,0
27,32,2
28,32,2
29,32,0
30,32,0
31,32,2
32,32,2
33,32,0
34,32,0
35,32,2
36,32,2
37,32,0
38,32,0
39,32,2
40,32,2
41,32,0
42,32,0
43,32,2
44,32,2
45,32,0
46,32,0
47,32,2
48,32,2
49,32,0
50,32,0
51,32,2
52,32,2
53,32,0
54,32,0
55,32,2
56,32,2
57,32,0
58,32,0
59,32,2
60,32,2
61,32,0
62,32,0
63,32,2
64,32,2
65,32,0
66,32,0
67,32,2
68,32,2
69,32,0
70,32,0
71,32,2
72,32,2
73,32,0
74,32,0
75,32,2
76,32,2
77,32,0
78,32,0
79,32,2
80,32,2
81,32,0
82,32,0
83,32,2
84,32,2
85,32,0
86,32,0
87,32,3
88,32,3
89,32,0
90,32,0
91,32,3
92,32,3
93,32,0
94,32,0
95,32,3
96,32,3
97,32,0
98,32,0
99,32,3
100,32,3
101,32,0
102,32,0
103,32,3
104,32,3
105,32,0
106,32,0
107,32,3
108,32,3
109,32,0
110,32,0
111,32,3
112,32,3
113,32,0
114,32,0
115,32,3
116,32,3
117,32,0
118,32,0
119,32,3
120,32,3
121,32,0
122,32,0
123,32,3
124,32,3
125,32,0
126,32,0
127,32,3
128,32,3
129,32,0
130,32,0
131,32,3
132,32,3
133,32,0
134,32,0
135,32,3
136,32,3
137,32,0
138,32,0
139,32,3
140,32,3
141,32,0
142,32,0
143,32,3
144,32,3
145,32,0
146,32,0
147,32,3
148,32,3
149,32,0
150,32,0
151,32,3
152,32,3
153,32,0
154,32,0
155,32,3
156,32,3
157,32,0
158,32,0
159,32,3
160,32,3
161,32,0
162,32,0
163,32,3
164,32,3
165,32,0
166,32,0
167,32,3
168,32,3
169,32,0
170,32,0
171,32,2
172,32,2
173,32,0
174,32,0
175,32,2
176,32,2
177,32,0
178,32,0
179,32,2
180,32,2
181,32,0
182,32,0
183,32,2
184,32,2
185,32,0
186,32,0
187,32,2
188,32,2
189,32,0
190,32,0
191,32,2
192,32,2
193,32,0
194,32,0
195,32,2
196,32,2
197,32,0
198,32,0
199,32,2
200,32,2
201,32,0
202,32,0
203,32,2
204,32,2
205,32,0
206,32,0
207,32,2
208,32,2
209,32,0
210,32,0
211,32,2
212,32,2
213,32,0
214,32,0
215,32,2
216,32,2
217,32,0
218,32,0
219,32,2
220,32,2
221,32,0
222,32,0
223,32,2
224,32,2
225,32,0
226,32,0
227,32,2
228,32,2
229,32,0
230,32,0
231,32,2
232,32,2
233,32,0
234,32,0
235,32,2
236,32,2
237,32,0
238,32,0
239,32,2
240,32,2
241,32,0
242,32,0
243,32,2
244,32,2
245,32,0
246,32,0
247,32,2
248,32,2
249,32,0
250,32,0
251,32,2
252,32,2
253,32,0
254,32,0
255,32,2
0,33,2
1,33,0
2,33,0
3,33,2
4,33,2
5,33,0
6,33,0
7,33,2
8,33,2
9,33,0
10,33,0
11,33,2
12,33,2
13,33,0
14,33,0
15,33,2
16,33,2
17,33,0
18,33,0
19,33,2
20,33,2
21,33,0
22,33,0
23,33,2
24,33,2
25,33,0
26,33,0
27,33,2
28,33,2
29,33,0
30,33,0
31,33,2
32,33,2
33,33,0
34,33,0
35,33,2
36,33,2
37,33,0
38,33,0
39,33,2
40,33,2
41,33,0
42,33,0
43,33,2
44,33,2
45,33,0
46,33,0
47,33,2
48,33,2
49,33,0
50,33,0
51,33,2
52,33,2
53,33,0
54,33,0
55,33,2
56,33,2
57,33,0
58,33,0
59,33,2
60,33,2
61,33,0
62,33,0
63,33,2
64,33,2
65,33,0
66,33,0
67,33,2
68,33,2
69,33,0
70,33,0
71,33,2
72,33,2
73,33,0
74,33,0
75,33,2
76,33,2
77,33,0
78,33,0
79,33,2
80,33,2
81,33,0
82,33,0
83,33,2
84,33,2
85,33,0
86,33,0
87,33,3
88,33,3
89,33,0
90,33,0
91,33,3
92,33,3
93,33,0
94,33,0
95,33,3
96,33,3
97,33,0
98,33,0
99,33,3
100,33,3
101,33,0
102,33,0
103,33,3
104,33,3
105,33,0
106,33,0
107,33,3
108,33,3
109,33,0
110,33,0
111,33,3
112,33,3
113,33,0
114,33,0
115,33,3
116,33,3
117,33,0
118,33,0
119,33,3
120,33,3
121,33,0
122,33,0
123,33,3
124,33,3
125,33,0
126,33,0
127,33,3
128,33,4
129,33,0
130,33,0
131,33,3
132,33,3
133,33,0
134,33,0
135,33,3
136,33,3
137,33,0
138,33,0
139,33,3
140,33,3
141,33,0
142,33,0
143,33,3
144,33,3
145,33,0
146,33,0
147,33,3
148,33,3
149,33,0
150,33,0
151,33,3
152,33,3
153,33,0
154,33,0
155,33,3
156,33,3
157,33,0
158,33,0
159,33,3
160,33,3
161,33,0
162,33,0
163,33,3
164,33,3
165,33,0
166,33,0
167,33,3
168,33,3
169,33,0
170,33,0
171,33,3
172,33,2
173,33,0
174,33,0
175,33,2
176,33,2
177,33,0
178,33,0
179,33,2
180,33,2
181,33,0
182,33,0
183,33,2
184,33,2
185,33,0
186,33,0
187,33,2
188,33,2
189,33,0
190,33,0
191,33,2
192,33,2
193,33,0
194,33,0
195,33,2
196,33,2
197,33,0
198,33,0
199,33,2
200,33,2
201,33,0
202,33,0
203,33,2
204,33,2
205,33,0
206,33,0
207,33,2
208,33,2
209,33,0
210,33,0
211,33,2
212,33,2
213,33,0
214,33,0
215,33,2
216,33,2
217,33,0
218,33,0
219,33,2
220,33,2
221,33,0
222,33,0
223,33,2
224,33,2
225,33,0
226,33,0
227,33,2
228,33,2
229,33,0
230,33,0
231,33,2
232,33,2
233,33,0
234,33,0
235,33,2
236,33,2
237,33,0
238,33,0
239,33,2
240,33,2
241,33,0
242,33,0
243,33,2
244,33,2
245,33,0
246,33,0
247,33,2
248,33,2
249,33,0
250,33,0
251,33,2
252,33,2
253,33,0
254,33,0
255,33,2
0,34,2
1,34,0
2,34,0
3,34,2
4,34,2
5,34,0
6,34,0
7,34,2
8,34,2
9,34,0
10,34,0
11,34,2
12,34,2
13,34,0
14,34,0
15,34,2
16,34,2
17,34,0
18,34,0
19,34,2
20,34,2
21,34,0
22,34,0
23,34,2
24,34,2
25,34,0
26,34,0
27,34,2
28,34,2
29,34,0
30,34,0
31,34,2
32,34,2
33,34,0
34,34,0
35,34,2
36,34,2
37,34,0
38,34,0
39,34,2
40,34,2
41,34,0
42,34,0
43,34,2
44,34,2
45,34,0
46,34,0
47,34,2
48,34,2
49,34,0
50,34,0
51,34,2
52,34,2
53,34,0
54,34,0
55,34,2
56,34,2
57,34,0
58,34,0
59,34,2
60,34,2
61,34,0
62,34,0
63,34,2
64,34,2
65,34,0
66,34,0
67,34,2
68,34,2
69,34,0
70,34,0
71,34,2
72,34,2
73,34,0
74,34,0
75,34,2
76,34,2
77,34,0
78,34,0
79,34,2
80,34,2
81,34,0
82,34,0
83,34,3
84,34,3
85,34,0
86,34,0
87,34,3
88,34,3
89,34,0
90,34,0
91,34,3
92,34,3
93,34,0
94,34,0
95,34,3
96,34,3
97,34,0
98,34,0
99,34,3
100,34,3
101,34,0
102,34,0
103,34,3
104,34,3
105,34,0
106,34,0
107,34,3
108,34,3
109,34,0
110,34,0
111,34,3
112,34,3
113,34,0
114,34,0
115,34,3
116,34,3
117,34,0
118,34,0
119,34,3
120,34,3
121,34,0
122,34,0
123,34,3
124,34,3
125,34,0
126,34,0
127,34,4
128,34,4
129,34,0
130,34,0
131,34,3
132,34,3
133,34,0
134,34,0
135,34,3
136,34,3
137,34,0
138,34,0
139,34,3
140,34,3
141,34,0
142,34,0
143,34,3
144,34,3
145,34,0
146,34,0
147,34,3
148,34,3
149,34,0
150,34,0
151,34,3
152,34,3
153,34,0
154,34,0
155,34,3
156,34,3
157,34,0
158,34,0
159,34,3
160,34,3
161,34,0
162,34,0
163,34,3
164,34,3
165,34,0
166,34,0
167,34,3
168,34,3
169,34,0
170,34,0
171,34,3
172,34,3
173,34,0
174,34,0
175,34,2
176,34,2
177,34,0
178,34,0
179,34,2
180,34,2
181,34,0
182,34,0
183,34,2
184,34,2
185,34,0
186,34,0
187,34,2
188,34,2
189,34,0
190,34,0
191,34,2
192,34,2
193,34,0
194,34,0
195,34,2
196,34,2
197,34,0
198,34,0
199,34,2
200,34,2
201,34,0
202,34,0
203,34,2
204,34,2
205,34,0
206,34,0
207,34,2
208,34,2
209,34,0
210,34,0
211,34,2
212,34,2
213,34,0
214,34,0
215,34,2
216,34,2
217,34,0
218,34,0
219,34,2
220,34,2
221,34,0
222,34,0
223,34,2
224,34,2
225,34,0
226,34,0
227,34,2
228,34,2
229,34,0
230,34,0
231,34,2
232,34,2
233,34,0
234,34,0
235,34,2
236,34,2
237,34,0
238,34,0
239,34,2
240,34,2
241,34,0
242,34,0
243,34,2
244,34,2
245,34,0
246,34,0
247,34,2
248,34,2
249,34,0
250,34,0
251,34,2
252,34,2
253,34,0
254,34,0
255,34,2
0,35,2
1,35,0
2,35,0
3,35,2
4,35,2
5,35,0
6,35,0
7,35,2
8,35,2
9,35,0
10,35,0
11,35,2
12,35,2
13,35,0
14,35,0
15,35,2
16,35,2
17,35,0
18,35,0
19,35,2
20,35,2
21,35,0
22,35,0
23,35,2
24,35,2
25,35,0
26,35,0
27,35,2
28,35,2
29,35,0
30,35,0
31,35,2
32,35,2
33,35,0
34,35,0
35,35,2
36,35,2
37,35,0
38,35,0
39,35,2
40,35,2
41,35,0
42,35,0
43,35,2
44,35,2
45,35,0
46,35,0
47,35,2
48,35,2
49,35,0
50,35,0
51,35,2
52,35,2
53,35,0
54,35,0
55,35,2
56,35,2
57,35,0
58,35,0
59,35,2
60,35,2
61,35,0
62,35,0
63,35,2
64,35,2
65,35,0
66,35,0
67,35,2
68,35,2
69,35,0
70,35,0
71,35,2
72,35,2
73,35,0
74,35,0
75,35,2
76,35,2
77,35,0
78,35,0
79,35,2
80,35,2
81,35,0
82,35,0
83,35,3
84,35,3
85,35,0
86,35,0
87,35,3
88,35,3
89,35,0
90,35,0
91,35,3
92,35,3
93,35,0
94,35,0
95,35,3
96,35,3
97,35,0
98,35,0
99,35,3
100,35,3
101,35,0
102,35,0
103,35,3
104,35,3
105,35,0
106,35,0
107,35,3
108,35,3
109,35,0
110,35,0
111,35,3
112,35,3
113,35,0
114,35,0
115,35,3
116,35,3
117,35,0
118,35,0
119,35,3
120,35,3
121,35,0
122,35,0
123,35,3
124,35,3
125,35,0
126,35,0
127,35,4
128,35,4
129,35,0
130,35,0
131,35,3
132,35,3
133,35,0
134,35,0
135,35,3
136,35,3
137,35,0
138,35,0
139,35,3
140,35,3
141,35,0
142,35,0
143,35,3
144,35,3
145,35,0
146,35,0
147,35,3
148,35,3
149,35,0
150,35,0
151,35,3
152,35,3
153,35,0
154,35,0
155,35,3
156,35,3
157,35,0
158,35,0
159,35,3
160,35,3
161,35,0
162,35,0
163,35,3
164,35,3
165,35,0
166,35,0
167,35,3
168,35,3
169,35,0
170,35,0
171,35,3
172,35,3
173,35,0
174,35,0
175,35,2
176,35,2
177,35,0
178,35,0
179,35,2
180,35,2
181,35,0
182,35,0
183,35,2
184,35,2
185,35,0
186,35,0
187,35,2
188,35,2
189,35,0
190,35,0
191,35,2
192,35,2
193,35,0
194,35,0
195,35,2
196,35,2
197,35,0
198,35,0
199,35,2
200,35,2
201,35,0
202,35,0
203,35,2
204,35,2
205,35,0
206,35,0
207,35,2
208,35,2
209,35,0
210,35,0
211,35,2
212,35,2
213,35,0
214,35,0
215,35,2
216,35,2
217,35,0
218,35,0
219,35,2
220,35,2
221,35,0
222,35,0
223,35,2
224,35,2
225,35,0
226,35,0
227,35,2
228,35,2
229,35,0
230,35,0
231,35,2
232,35,2
233,35,0
234,35,0
235,35,2
236,35,2
237,35,0
238,35,0
239,35,2
240,35,2
241,35,0
242,35,0
243,35,2
244,35,2
245,35,0
246,35,0
247,35,2
248,35,2
249,35,0
250,35,0
251,35,2
252,35,2
253,35,0
254,35,0
255,35,2
0,36,2
1,36,0
2,36,0
3,36,2
4,36,2
5,36,0
6,36,0
7,36,2
8,36,2
9,36,0
10,36,0
11,36,2
12,36,2
13,36,0
14,36,0
15,36,2
16,36,2
17,36,0
18,36,0
19,36,2
20,36,2
21,36,0
22,36,0
23,36,2
24,36,2
25,36,0
26,36,0
27,36,2
28,36,2
29,36,0
30,36,0
31,36,2
32,36,2
33,36,0
34,36,0
35,36,2
36,36,2
37,36,0
38,36,0
39,36,2
40,36,2
41,36,0
42,36,0
43,36,2
44,36,2
45,36,0
46,36,0
47,36,2
48,36,2
49,36,0
50,36,0
51,36,2
52,36,2
53,36,0
54,36,0
55,36,2
56,36,2
57,36,0
58,36,0
59,36,2
60,36,2
61,36,0
62,36,0
63,36,2
64,36,2
65,36,0
66,36,0
67,36,2
68,36,2
69,36,0
70,36,0
71,36,2
72,36,2
73,36,0
74,36,0
75,36,2
76,36,2
77,36,0
78,36,0
79,36,2
80,36,3
81,36,0
82,36,0
83,36,3
84,36,3
85,36,0
86,36,0
87,36,3
88,36,3
89,36,0
90,36,0
91,36,3
92,36,3
93,36,0
94,36,0
95,36,3
96,36,3
97,36,0
98,36,0
99,36,3
100,36,3
101,36,0
102,36,0
103,36,3
104,36,3
105,36,0
106,36,0
107,36,3
108,36,3
109,36,0
110,36,0
111,36,3
112,36,3
113,36,0
114,36,0
115,36,3
116,36,3
117,36,0
118,36,0
119,36,3
120,36,3
121,36,0
122,36,0
123,36,3
124,36,3
125,36,0
126,36,0
127,36,4
128,36,4
129,36,0
130,36,0
131,36,3
132,36,3
133,36,0
134,36,0
135,36,3
136,36,3
137,36,0
138,36,0
139,36,3
140,36,3
141,36,0
142,36,0
143,36,3
144,36,3
145,36,0
146,36,0
147,36,3
148,36,3
149,36,0
150,36,0
151,36,3
152,36,3
153,36,0
154,36,0
155,36,3
156,36,3
157,36,0
158,36,0
159,36,3
160,36,3
161,36,0
162,36,0
163,36,3
164,36,3
165,36,0
166,36,0
167,36,3
168,36,3
169,36,0
170,36,0
171,36,3
172,36,3
173,36,0
174,36,0
175,36,3
176,36,3
177,36,0
178,36,0
179,36,2
180,36,2
181,36,0
182,36,0
183,36,2
184,36,2
185,36,0
186,36,0
187,36,2
188,36,2
189,36,0
190,36,0
191,36,2
192,36,2
193,36,0
194,36,0
195,36,2
196,36,2
197,36,0
198,36,0
199,36,2
200,36,2
201,36,0
202,36,0
203,36,2
204,36,2
205,36,0
206,36,0
207,36,2
208,36,2
209,36,0
210,36,0
211,36,2
212,36,2
213,36,0
214,36,0
215,36,2
216,36,2
217,36,0
218,36,0
219,36,2
220,36,2
221,36,0
222,36,0
223,36,2
224,36,2
225,36,0
226,36,0
227,36,2
228,36,2
229,36,0
230,36,0
231,36,2
232,36,2
233,36,0
234,36,0
235,36,2
236,36,2
237,36,0
238,36,0
239,36,2
240,36,2
241,36,0
242,36,0
243,36,2
244,36,2
245,36,0
246,36,0
247,36,2
248,36,2
249,36,0
250,36,0
251,36,2
252,36,2
253,36,0
254,36,0
255,36,2
0,37,2
1,37,0
2,37,0
3,37,2
4,37,2
5,37,0
6,37,0
7,37,2
8,37,2
9,37,0
10,37,0
11,37,2
12,37,2
13,37,0
14,37,0
15,37,2
16,37,2
17,37,0
18,37,0
19,37,2
20,37,2
21,37,0
22,37,0
23,37,2
24,37,2
25,37,0
26,37,0
27,37,2
28,37,2
29,37,0
30,37,0
31,37,2
32,37,2
33,37,0
34,37,0
35,37,2
36,37,2
37,37,0
38,37,0
39,37,2
40,37,2
41,37,0
42,37,0
43,37,2
44,37,2
45,37,0
46,37,0
47,37,2
48,37,2
49,37,0
50,37,0
51,37,2
52,37,2
53,37,0
54,37,0
55,37,2
56,37,2
57,37,0
58,37,0
59,37,2
60,37,2
61,37,0
62,37,0
63,37,2
64,37,2
65,37,0
66,37,0
67,37,2
68,37,2
69,37,0
70,37,0
71,37,2
72,37,2
73,37,0
74,37,0
75,37,2
76,37,2
77,37,0
78,37,0
79,37,3
80,37,3
81,37,0
82,37,0
83,37,3
84,37,3
85,37,0
86,37,0
87,37,3
88,37,3
89,37,0
90,37,0
91,37,3
92,37,3
93,37,0
94,37,0
95,37,3
96,37,3
97,37,0
98,37,0
99,37,3
100,37,3
101,37,0
102,37,0
103,37,3
104,37,3
105,37,0
106,37,0
107,37,3
108,37,3
109,37,0
110,37,0
111,37,3
112,37,3
113,37,0
114,37,0
115,37,3
116,37,3
117,37,0
118,37,0
119,37,3
120,37,3
121,37,0
122,37,0
123,37,3
124,37,3
125,37,0
126,37,0
127,37,4
128,37,4
129,37,0
130,37,0
131,37,4
132,37,3
133,37,0
134,37,0
135,37,3
136,37,3
137,37,0
138,37,0
139,37,3
140,37,3
141,37,0
142,37,0
143,37,3
144,37,3
145,37,0
146,37,0
147,37,3
148,37,3
149,37,0
150,37,0
151,37,3
152,37,3
153,37,0
154,37,0
155,37,3
156,37,3
157,37,0
158,37,0
159,37,3
160,37,3
161,37,0
162,37,0
163,37,3
164,37,3
165,37,0
166,37,0
167,37,3
168,37,3
169,37,0
170,37,0
171,37,3
172,37,3
173,37,0
174,37,0
175,37,3
176,37,3
177,37,0
178,37,0
179,37,2
180,37,2
181,37,0
182,37,0
183,37,2
184,37,2
185,37,0
186,37,0
187,37,2
188,37,2
189,37,0
190,37,0
191,37,2
192,37,2
193,37,0
194,37,0
195,37,2
196,37,2
197,37,0
198,37,0
199,37,2
200,37,2
201,37,0
202,37,0
203,37,2
204,37,2
205,37,0
206,37,0
207,37,2
208,37,2
209,37,0
210,37,0
211,37,2
212,37,2
213,37,0
214,37,0
215,37,2
216,37,2
217,37,0
218,37,0
219,37,2
220,37,2
221,37,0
222,37,0
223,37,2
224,37,2
225,37,0
226,37,0
227,37,2
228,37,2
229,37,0
230,37,0
231,37,2
232,37,2
233,37,0
234,37,0
235,37,2
236,37,2
237,37,0
238,37,0
239,37,2
240,37,2
241,37,0
242,37,0
243,37,2
244,37,2
245,37,0
246,37,0
247,37,2
248,37,2
249,37,0
250,37,0
251,37,2
252,37,2
253,37,0
254,37,0
255,37,2
0,38,2
1,38,0
2,38,0
3,38,2
4,38,2
5,38,0
6,38,0
7,38,2
8,38,2
9,38,0
10,38,0
11,38,2
12,38,2
13,38,0
14,38,0
15,38,2
16,38,2
17,38,0
18,38,0
19,38,2
20,38,2
21,38,0
22,38,0
23,38,2
24,38,2
25,38,0
26,38,0
27,38,2
28,38,2
29,38,0
30,38,0
31,38,2
32,38,2
33,38,0
34,38,0
35,38,2
36,38,2
37,38,0
38,38,0
39,38,2
40,38,2
41,38,0
42,38,0
43,38,2
44,38,2
45,38,0
46,38,0
47,38,2
48,38,2
49,38,0
50,38,0
51,38,2
52,38,2
53,38,0
54,38,0
55,38,2
56,38,2
57,38,0
58,38,0
59,38,2
60,38,2
61,38,0
62,38,0
63,38,2
64,38,2
65,38,0
66,38,0
67,38,2
68,38,2
69,38,0
70,38,0
71,38,2
72,38,2
73,38,0
74,38,0
75,38,2
76,38,2
77,38,0
78,38,0
79,38,3
80,38,3
81,38,0
82,38,0
83,38,3
84,38,3
85,38,0
86,38,0
87,38,3
88,38,3
89,38,0
90,38,0
91,38,3
92,38,3
93,38,0
94,38,0
95,38,3
96,38,3
97,38,0
98,38,0
99,38,3
100,38,3
101,38,0
102,38,0
103,38,3
104,38,3
105,38,0
106,38,0
107,38,3
108,38,3
109,38,0
110,38,0
111,38,3
112,38,3
113,38,0
114,38,0
115,38,3
116,38,3
117,38,0
118,38,0
119,38,3
120,38,3
121,38,0
122,38,0
123,38,3
124,38,3
125,38,0
126,38,0
127,38,4
128,38,4
129,38,0
130,38,0
131,38,4
132,38,3
133,38,0
134,38,0
135,38,3
136,38,3
137,38,0
138,38,0
139,38,3
140,38,3
141,38,0
142,38,0
143,38,3
144,38,3
145,38,0
146,38,0
147,38,3
148,38,3
149,38,0
150,38,0
151,38,3
152,38,3
153,38,0
154,38,0
155,38,3
156,38,3
157,38,0
158,38,0
159,38,3
160,38,3
161,38,0
162,38,0
163,38,3
164,38,3
165,38,0
166,38,0
167,38,3
168,38,3
169,38,0
170,38,0
171,38,3
172,38,3
173,38,0
174,38,0
175,38,3
176,38,3
177,38,0
178,38,0
179,38,3
180,38,2
181,38,0
182,38,0
183,38,2
184,38,2
185,38,0
186,38,0
187,38,2
188,38,2
189,38,0
190,38,0
191,38,2
192,38,2
193,38,0
194,38,0
195,38,2
196,38,2
197,38,0
198,38,0
199,38,2
200,38,2
201,38,0
202,38,0
203,38,2
204,38,2
205,38,0
206,38,0
207,38,2
208,38,2
209,38,0
210,38,0
211,38,2
212,38,2
213,38,0
214,38,0
215,38,2
216,38,2
217,38,0
218,38,0
219,38,2
220,38,2
221,38,0
222,38,0
223,38,2
224,38,2
225,38,0
226,38,0
227,38,2
228,38,2
229,38,0
230,38,0
231,38,2
232,38,2
233,38,0
234,38,0
235,38,2
236,38,2
237,38,0
238,38,0
239,38,2
240,38,2
241,38,0
242,38,0
243,38,2
244,38,2
245,38,0
246,38,0
247,38,2
248,38,2
249,38,0
250,38,0
251,38,2
252,38,2
253,38,0
254,38,0
255,38,2
0,39,2
1,39,0
2,39,0
3,39,2
4,39,2
5,39,0
6,39,0
7,39,2
8,39,2
9,39,0
10,39,0
11,39,2
12,39,2
13,39,0
14,39,0
15,39,2
16,39,2
17,39,0
18,39,0
19,39,2
20,39,2
21,39,0
22,39,0
23,39,2
24,39,2
25,39,0
26,39,0
27,39,2
28,39,2
29,39,0
30,39,0
31,39,2
32,39,2
33,39,0
34,39,0
35,39,2
36,39,2
37,39,0
38,39,0
39,39,2
40,39,2
41,39,0
42,39,0
43,39,2
44,39,2
45,39,0
46,39,0
47,39,2
48,39,2
49,39,0
50,39,0
51,39,2
52,39,2
53,39,0
54,39,0
55,39,2
56,39,2
57,39,0
58,39,0
59,39,2
60,39,2
61,39,0
62,39,0
63,39,2
64,39,2
65,39,0
66,39,0
67,39,2
68,39,2
69,39,0
70,39,0
71,39,2
72,39,2
73,39,0
74,39,0
75,39,3
76,39,3
77,39,0
78,39,0
79,39,3
80,39,3
81,39,0
82,39,0
83,39,3
84,39,3
85,39,0
86,39,0
87,39,3
88,39,3
89,39,0
90,39,0
91,39,3
92,39,3
93,39,0
94,39,0
95,39,3
96,39,3
97,39,0
98,39,0
99,39,3
100,39,3
101,39,0
102,39,0
103,39,3
104,39,3
105,39,0
106,39,0
107,39,3
108,39,3
109,39,0
110,39,0
111,39,3
112,39,3
113,39,0
114,39,0
115,39,3
116,39,3
117,39,0
118,39,0
119,39,3
120,39,3
121,39,0
122,39,0
123,39,3
124,39,4
125,39,0
126,39,0
127,39,4
128,39,4
129,39,0
130,39,0
131,39,4
132,39,4
133,39,0
134,39,0
135,39,3
136,39,3
137,39,0
138,39,0
139,39,3
140,39,3
141,39,0
142,39,0
143,39,3
144,39,3
145,39,0
146,39,0
147,39,3
148,39,3
149,39,0
150,39,0
151,39,3
152,39,3
153,39,0
154,39,0
155,39,3
156,39,3
157,39,0
158,39,0
159,39,3
160,39,3
161,39,0
162,39,0
163,39,3
164,39,3
165,39,0
166,39,0
167,39,3
168,39,3
169,39,0
170,39,0
171,39,3
172,39,3
173,39,0
174,39,0
175,39,3
176,39,3
177,39,0
178,39,0
179,39,3
180,39,3
181,39,0
182,39,0
183,39,2
184,39,2
185,39,0
186,39,0
187,39,2
188,39,2
189,39,0
190,39,0
191,39,2
192,39,2
193,39,0
194,39,0
195,39,2
196,39,2
197,39,0
198,39,0
199,39,2
200,39,2
201,39,0
202,39,0
203,39,2
204,39,2
205,39,0
206,39,0
207,39,2
208,39,2
209,39,0
210,39,0
211,39,2
212,39,2
213,39,0
214,39,0
215,39,2
216,39,2
217,39,0
218,39,0
219,39,2
220,39,2
221,39,0
222,39,0
223,39,2
224,39,2
225,39,0
226,39,0
227,39,2
228,39,2
229,39,0
230,39,0
231,39,2
232,39,2
233,39,0
234,39,0
235,39,2
236,39,2
237,39,0
238,39,0
239,39,2
240,39,2
241,39,0
242,39,0
243,39,2
244,39,2
245,39,0
246,39,0
247,39,2
248,39,2
249,39,0
250,39,0
251,39,2
252,39,2
253,39,0
254,39,0
255,39,2
0,40,2
1,40,0
2,40,0
3,40,2
4,40,2
5,40,0
6,40,0
7,40,2
8,40,2
9,40,0
10,40,0
11,40,2
12,40,2
13,40,0
14,40,0
15,40,2
16,40,2
17,40,0
18,40,0
19,40,2
20,40,2
21,40,0
22,40,0
23,40,2
24,40,2
25,40,0
26,40,0
27,40,2
28,40,2
29,40,0
30,40,0
31,40,2
32,40,2
33,40,0
34,40,0
35,40,2
36,40,2
37,40,0
38,40,0
39,40,2
40,40,2
41,40,0
42,40,0
43,40,2
44,40,2
45,40,0
46,40,0
47,40,2
48,40,2
49,40,0
50,40,0
51,40,2
52,40,2
53,40,0
54,40,0
55,40,2
56,40,2
57,40,0
58,40,0
59,40,2
60,40,2
61,40,0
62,40,0
63,40,2
64,40,2
65,40,0
66,40,0
67,40,2
68,40,2
69,40,0
70,40,0
71,40,2
72,40,2
73,40,0
74,40,0
75,40,3
76,40,3
77,40,0
78,40,0
79,40,3
80,40,3
81,40,0
82,40,0
83,40,3
84,40,3
85,40,0
86,40,0
87,40,3
88,40,3
89,40,0
90,40,0
91,40,3
92,40,3
93,40,0
94,40,0
95,40,3
96,40,3
97,40,0
98,40,0
99,40,3
100,40,3
101,40,0
102,40,0
103,40,3
104,40,3
105,40,0
106,40,0
107,40,3
108,40,3
109,40,0
110,40,0
111,40,3
112,40,3
113,40,0
114,40,0
115,40,3
116,40,3
117,40,0
118,40,0
119,40,3
120,40,3
121,40,0
122,40,0
123,40,4
124,40,4
125,40,0
126,40,0
127,40,4
128,40,4
129,40,0
130,40,0
131,40,4
132,40,4
133,40,0
134,40,0
135,40,3
136,40,3
137,40,0
138,40,0
139,40,3
140,40,3
141,40,0
142,40,0
143,40,3
144,40,3
145,40,0
146,40,0
147,40,3
148,40,3
149,40,0
150,40,0
151,40,3
152,40,3
153,40,0
154,40,0
155,40,3
156,40,3
157,40,0
158,40,0
159,40,3
160,40,3
161,40,0
162,40,0
163,40,3
164,40,3
165,40,0
166,40,0
167,40,3
168,40,3
169,40,0
170,40,0
171,40,3
172,40,3
173,40,0
174,40,0
175,40,3
176,40,3
177,40,0
178,40,0
179,40,3
180,40,3
181,40,0
182,40,0
183,40,3
184,40,2
185,40,0
186,40,0
187,40,2
188,40,2
189,40,0
190,40,0
191,40,2
192,40,2
193,40,0
194,40,0
195,40,2
196,40,2
197,40,0
198,40,0
199,40,2
200,40,2
201,40,0
202,40,0
203,40,2
204,40,2
205,40,0
206,40,0
207,40,2
208,40,2
209,40,0
210,40,0
211,40,2
212,40,2
213,40,0
214,40,0
215,40,2
216,40,2
217,40,0
218,40,0
219,40,2
220,40,2
221,40,0
222,40,0
223,40,2
224,40,2
225,40,0
226,40,0
227,40,2
228,40,2
229,40,0
230,40,0
231,40,2
232,40,2
233,40,0
234,40,0
235,40,2
236,40,2
237,40,0
238,40,0
239,40,2
240,40,2
241,40,0
242,40,0
243,40,2
244,40,2
245,40,0
246,40,0
247,40,2
248,40,2
249,40,0
250,40,0
251,40,2
252,40,2
253,40,0
254,40,0
255,40,2
0,41,2
1,41,0
2,41,0
3,41,2
4,41,2
5,41,0
6,41,0
7,41,2
8,41,2
9,41,0
10,41,0
11,41,2
12,41,2
13,41,0
14,41,0
15,41,2
16,41,2
17,41,0
18,41,0
19,41,2
20,41,2
21,41,0
22,41,0
23,41,2
24,41,2
25,41,0
26,41,0
27,41,2
28,41,2
29,41,0
30,41,0
31,41,2
32,41,2
33,41,0
34,41,0
35,41,2
36,41,2
37,41,0
38,41,0
39,41,2
40,41,2
41,41,0
42,41,0
43,41,2
44,41,2
45,41,0
46,41,0
47,41,2
48,41,2
49,41,0
50,41,0
51,41,2
52,41,2
53,41,0
54,41,0
55,41,2
56,41,2
57,41,0
58,41,0
59,41,2
60,41,2
61,41,0
62,41,0
63,41,2
64,41,2
65,41,0
66,41,0
67,41,2
68,41,2
69,41,0
70,41,0
71,41,2
72,41,3
73,41,0
74,41,0
75,41,3
76,41,3
77,41,0
78,41,0
79,41,3
80,41,3
81,41,0
82,41,0
83,41,3
84,41,3
85,41,0
86,41,0
87,41,3
88,41,3
89,41,0
90,41,0
91,41,3
92,41,3
93,41,0
94,41,0
95,41,3
96,41,3
97,41,0
98,41,0
99,41,3
100,41,3
101,41,0
102,41,0
103,41,3
104,41,3
105,41,0
106,41,0
107,41,3
108,41,3
109,41,0
110,41,0
111,41,3
112,41,3
113,41,0
114,41,0
115,41,3
116,41,3
117,41,0
118,41,0
119,41,3
120,41,3
121,41,0
122,41,0
123,41,4
124,41,4
125,41,0
126,41,0
127,41,4
128,41,4
129,41,0
130,41,0
131,41,4
132,41,4
133,41,0
134,41,0
135,41,3
136,41,3
137,41,0
138,41,0
139,41,3
140,41,3
141,41,0
142,41,0
143,41,3
144,41,3
145,41,0
146,41,0
147,41,3
148,41,3
149,41,0
150,41,0
151,41,3
152,41,3
153,41,0
154,41,0
155,41,3
156,41,3
157,41,0
158,41,0
159,41,3
160,41,3
161,41,0
162,41,0
163,41,3
164,41,3
165,41,0
166,41,0
167,41,3
168,41,3
169,41,0
170,41,0
171,41,3
172,41,3
173,41,0
174,41,0
175,41,3
176,41,3
177,41,0
178,41,0
179,41,3
180,41,3
181,41,0
182,41,0
183,41,3
184,41,3
185,41,0
186,41,0
187,41,2
188,41,2
189,41,0
190,41,0
191,41,2
192,41,2
193,41,0
194,41,0
195,41,2
196,41,2
197,41,0
198,41,0
199,41,2
200,41,2
201,41,0
202,41,0
203,41,2
204,41,2
205,41,0
206,41,0
207,41,2
208,41,2
209,41,0
210,41,0
211,41,2
212,41,2
213,41,0
214,41,0
215,41,2
216,41,2
217,41,0
218,41,0
219,41,2
220,41,2
221,41,0
222,41,0
223,41,2
224,41,2
225,41,0
226,41,0
227,41,2
228,41,2
229,41,0
230,41,0
231,41,2
232,41,2
233,41,0
234,41,0
235,41,2
236,41,2
237,41,0
238,41,0
239,41,2
240,41,2
241,41,0
242,41,0
243,41,2
244,41,2
245,41,0
246,41,0
247,41,2
248,41,2
249,41,0
250,41,0
251,41,2
252,41,2
253,41,0
254,41,0
255,41,2
0,42,2
1,42,0
2,42,0
3,42,2
4,42,2
5,42,0
6,42,0
7,42,2
8,42,2
9,42,0
10,42,0
11,42,2
12,42,2
13,42,0
14,42,0
15,42,2
16,42,2
17,42,0
18,42,0
19,42,2
20,42,2
21,42,0
22,42,0
23,42,2
24,42,2
25,42,0
26,42,0
27,42,2
28,42,2
29,42,0
30,42,0
31,42,2
32,42,2
33,42,0
34,42,0
35,42,2
36,42,2
37,42,0
38,42,0
39,42,2
40,42,2
41,42,0
42,42,0
43,42,2
44,42,2
45,42,0
46,42,0
47,42,2
48,42,2
49,42,0
50,42,0
51,42,2
52,42,2
53,42,0
54,42,0
55,42,2
56,42,2
57,42,0
58,42,0
59,42,2
60,42,2
61,42,0
62,42,0
63,42,2
64,42,2
65,42,0
66,42,0
67,42,2
68,42,2
69,42,0
70,42,0
71,42,3
72,42,3
73,42,0
74,42,0
75,42,3
76,42,3
77,42,0
78,42,0
79,42,3
80,42,3
81,42,0
82,42,0
83,42,3
84,42,3
85,42,0
86,42,0
87,42,3
88,42,3
89,42,0
90,42,0
91,42,3
92,42,3
93,42,0
94,42,0
95,42,3
96,42,3
97,42,0
98,42,0
99,42,3
100,42,3
101,42,0
102,42,0
103,42,3
104,42,3
105,42,0
106,42,0
107,42,3
108,42,3
109,42,0
110,42,0
111,42,3
112,42,3
113,42,0
114,42,0
115,42,3
116,42,3
117,42,0
118,42,0
119,42,3
120,42,3
121,42,0
122,42,0
123,42,4
124,42,4
125,42,0
126,42,0
127,42,4
128,42,4
129,42,0
130,42,0
131,42,4
132,42,4
133,42,0
134,42,0
135,42,3
136,42,3
137,42,0
138,42,0
139,42,3
140,42,3
141,42,0
142,42,0
143,42,3
144,42,3
145,42,0
146,42,0
147,42,3
148,42,3
149,42,0
150,42,0
151,42,3
152,42,3
153,42,0
154,42,0
155,42,3
156,42,3
157,42,0
158,42,0
159,42,3
160,42,3
161,42,0
162,42,0
163,42,3
164,42,3
165,42,0
166,42,0
167,42,3
168,42,3
169,42,0
170,42,0
171,42,3
172,42,3
173,42,0
174,42,0
175,42,3
176,42,3
177,42,0
178,42,0
179,42,3
180,42,3
181,42,0
182,42,0
183,42,3
184,42,3
185,42,0
186,42,0
187,42,2
188,42,2
189,42,0
190,42,0
191,42,2
192,42,2
193,42,0
194,42,0
195,42,2
196,42,2
197,42,0
198,42,0
199,42,2
200,42,2
201,42,0
202,42,0
203,42,2
204,42,2
205,42,0
206,42,0
207,42,2
208,42,2
209,42,0
210,42,0
211,42,2
212,42,2
213,42,0
214,42,0
215,42,2
216,42,2
217,42,0
218,42,0
219,42,2
220,42,2
221,42,0
222,42,0
223,42,2
224,42,2
225,42,0
226,42,0
227,42,2
228,42,2
229,42,0
230,42,0
231,42,2
232,42,2
233,42,0
234,42,0
235,42,2
236,42,2
237,42,0
238,42,0
239,42,2
240,42,2
241,42,0
242,42,0
243,42,2
244,42,2
245,42,0
246,42,0
247,42,2
248,42,2
249,42,0
250,42,0
251,42,2
252,42,2
253,42,0
254,42,0
255,42,2
0,43,2
1,43,0
2,43,0
3,43,2
4,43,2
5,43,0
6,43,0
7,43,2
8,43,2
9,43,0
10,43,0
11,43,2
12,43,2
13,43,0
14,43,0
15,43,2
16,43,2
17,43,0
18,43,0
19,43,2
20,43,2
21,43,0
22,43,0
23,43,2
24,43,2
25,43,0
26,43,0
27,43,2
28,43,2
29,43,0
30,43,0
31,43,2
32,43,2
33,43,0
34,43,0
35,43,2
36,43,2
37,43,0
38,43,0
39,43,2
40,43,2
41,43,0
42,43,0
43,43,2
44,43,2
45,43,0
46,43,0
47,43,2
48,43,2
49,43,0
50,43,0
51,43,2
52,43,2
53,43,0
54,43,0
55,43,2
56,43,2
57,43,0
58,43,0
59,43,2
60,43,2
61,43,0
62,43,0
63,43,2
64,43,2
65,43,0
66,43,0
67,43,2
68,43,3
69,43,0
70,43,0
71,43,3
72,43,3
73,43,0
74,43,0
75,43,3
76,43,3
77,43,0
78,43,0
79,43,3
80,43,3
81,43,0
82,43,0
83,43,3
84,43,3
85,43,0
86,43,0
87,43,3
88,43,3
89,43,0
90,43,0
91,43,3
92,43,3
93,43,0
94,43,0
95,43,3
96,43,3
97,43,0
98,43,0
99,43,3
100,43,3
101,43,0
102,43,0
103,43,3
104,43,3
105,43,0
106,43,0
107,43,3
108,43,3
109,43,0
110,43,0
111,43,3
112,43,3
113,43,0
114,43,0
115,43,3
116,43,3
117,43,0
118,43,0
119,43,3
120,43,3
121,43,0
122,43,0
123,43,4
124,43,4
125,43,0
126,43,0
127,43,4
128,43,4
129,43,0
130,43,0
131,43,4
132,43,4
133,43,0
134,43,0
135,43,4
136,43,3
137,43,0
138,43,0
139,43,3
140,43,3
141,43,0
142,43,0
143,43,3
144,43,3
145,43,0
146,43,0
147,43,3
148,43,3
149,43,0
150,43,0
151,43,3
152,43,3
153,43,0
154,43,0
155,43,3
156,43,3
157,43,0
158,43,0
159,43,3
160,43,3
161,43,0
162,43,0
163,43,3
164,43,3
165,43,0
166,43,0
167,43,3
168,43,3
169,43,0
170,43,0
171,43,3
172,43,3
173,43,0
174,43,0
175,43,3
176,43,3
177,43,0
178,43,0
179,43,3
180,43,3
181,43,0
182,43,0
183,43,3
184,43,3
185,43,0
186,43,0
187,43,3
188,43,3
189,43,0
190,43,0
191,43,2
192,43,2
193,43,0
194,43,0
195,43,2
196,43,2
197,43,0
198,43,0
199,43,2
200,43,2
201,43,0
202,43,0
203,43,2
204,43,2
205,43,0
206,43,0
207,43,2
208,43,2
209,43,0
210,43,0
211,43,2
212,43,2
213,43,0
214,43,0
215,43,2
216,43,2
217,43,0
218,43,0
219,43,2
220,43,2
221,43,0
222,43,0
223,43,2
224,43,2
225,43,0
226,43,0
227,43,2
228,43,2
229,43,0
230,43,0
231,43,2
232,43,2
233,43,0
234,43,0
235,43,2
236,43,2
237,43,0
238,43,0
239,43,2
240,43,2
241,43,0
242,43,0
243,43,2
244,43,2
245,43,0
246,43,0
247,43,2
248,43,2
249,43,0
250,43,0
251,43,2
252,43,2
253,43,0
254,43,0
255,43,2
0,44,2
1,44,0
2,44,0
3,44,2
4,44,2
5,44,0
6,44,0
7,44,2
8,44,2
9,44,0
10,44,0
11,44,2
12,44,2
13,44,0
14,44,0
15,44,2
16,44,2
17,44,0
18,44,0
19,44,2
20,44,2
21,44,0
22,44,0
23,44,2
24,44,2
25,44,0
26,44,0
27,44,2
28,44,2
29,44,0
30,44,0
31,44,2
32,44,2
33,44,0
34,44,0
35,44,2
36,44,2
37,44,0
38,44,0
39,44,2
40,44,2
41,44,0
42,44,0
43,44,2
44,44,2
45,44,0
46,44,0
47,44,2
48,44,2
49,44,0
50,44,0
51,44,2
52,44,2
53,44,0
54,44,0
55,44,2
56,44,2
57,44,0
58,44,0
59,44,2
60,44,2
61,44,0
62,44,0
63,44,2
64,44,2
65,44,0
66,44,0
67,44,3
68,44,3
69,44,0
70,44,0
71,44,3
72,44,3
73,44,0
74,44,0
75,44,3
76,44,3
77,44,0
78,44,0
79,44,3
80,44,3
81,44,0
82,44,0
83,44,3
84,44,3
85,44,0
86,44,0
87,44,3
88,44,3
89,44,0
90,44,0
91,44,3
92,44,3
93,44,0
94,44,0
95,44,3
96,44,3
97,44,0
98,44,0
99,44,3
100,44,3
101,44,0
102,44,0
103,44,3
104,44,3
105,44,0
106,44,0
107,44,3
108,44,3
109,44,0
110,44,0
111,44,3
112,44,3
113,44,0
114,44,0
115,44,3
116,44,3
117,44,0
118,44,0
119,44,3
120,44,3
121,44,0
122,44,0
123,44,4
124,44,4
125,44,0
126,44,0
127,44,4
128,44,4
129,44,0
130,44,0
131,44,4
132,44,4
133,44,0
134,44,0
135,44,4
136,44,3
137,44,0
138,44,0
139,44,3
140,44,3
141,44,0
142,44,0
143,44,3
144,44,3
145,44,0
146,44,0
147,44,3
148,44,3
149,44,0
150,44,0
151,44,3
152,44,3
153,44,0
154,44,0
155,44,3
156,44,3
157,44,0
158,44,0
159,44,3
160,44,3
161,44,0
162,44,0
163,44,3
164,44,3
165,44,0
166,44,0
167,44,3
168,44,3
169,44,0
170,44,0
171,44,3
172,44,3
173,44,0
174,44,0
175,44,3
176,44,3
177,44,0
178,44,0
179,44,3
180,44,3
181,44,0
182,44,0
183,44,3
184,44,3
185,44,0
186,44,0
187,44,3
188,44,3
189,44,0
190,44,0
191,44,2
192,44,2
193,44,0
194,44,0
195,44,2
196,44,2
197,44,0
198,44,0
199,44,2
200,44,2
201,44,0
202,44,0
203,44,2
204,44,2
205,44,0
206,44,0
207,44,2
208,44,2
209,44,0
210,44,0
211,44,2
212,44,2
213,44,0
214,44,0
215,44,2
216,44,2
217,44,0
218,44,0
219,44,2
220,44,2
221,44,0
222,44,0
223,44,2
224,44,2
225,44,0
226,44,0
227,44,2
228,44,2
229,44,0
230,44,0
231,44,2
232,44,2
233,44,0
234,44,0
235,44,2
236,44,2
237,44,0
238,44,0
239,44,2
240,44,2
241,44,0
242,44,0
243,44,2
244,44,2
245,44,0
246,44,0
247,44,2
248,44,2
249,44,0
250,44,0
251,44,2
252,44,2
253,44,0
254,44,0
255,44,2
0,45,2
1,45,0
2,45,0
3,45,2
4,45,2
5,45,0
6,45,0
7,45,2
8,45,2
9,45,0
10,45,0
11,45,2
12,45,2
13,45,0
14,45,0
15,45,2
16,45,2
17,45,0
18,45,0
19,45,2
20,45,2
21,45,0
22,45,0
23,45,2
24,45,2
25,45,0
26,45,0
27,45,2
28,45,2
29,45,0
30,45,0
31,45,2
32,45,2
33,45,0
34,45,0
35,45,2
36,45,2
37,45,0
38,45,0
39,45,2
40,45,2
41,45,0
42,45,0
43,45,2
44,45,2
45,45,0
46,45,0
47,45,2
48,45,2
49,45,0
50,45,0
51,45,2
52,45,2
53,45,0
54,45,0
55,45,2
56,45,2
57,45,0
58,45,0
59,45,2
60,45,2
61,45,0
62,45,0
63,45,2
64,45,3
65,45,0
66,45,0
67,45,3
68,45,3
69,45,0
70,45,0
71,45,3
72,45,3
73,45,0
74,45,0
75,45,3
76,45,3
77,45,0
78,45,0
79,45,3
80,45,3
81,45,0
82,45,0
83,45,3
84,45,3
85,45,0
86,45,0
87,45,3
88,45,3
89,45,0
90,45,0
91,45,3
92,45,3
93,45,0
94,45,0
95,45,3
96,45,3
97,45,0
98,45,0
99,45,3
100,45,3
101,45,0
102,45,0
103,45,3
104,45,3
105,45,0
106,45,0
107,45,3
108,45,3
109,45,0
110,45,0
111,45,3
112,45,3
113,45,0
114,45,0
115,45,3
116,45,3
117,45,0
118,45,0
119,45,3
120,45,4
121,45,0
122,45,0
123,45,4
124,45,4
125,45,0
126,45,0
127,45,4
128,45,4
129,45,0
130,45,0
131,45,4
132,45,4
133,45,0
134,45,0
135,45,4
136,45,4
137,45,0
138,45,0
139,45,3
140,45,3
141,45,0
142,45,0
143,45,3
144,45,3
145,45,0
146,45,0
147,45,3
148,45,3
149,45,0
150,45,0
151,45,3
152,45,3
153,45,0
154,45,0
155,45,3
156,45,3
157,45,0
158,45,0
159,45,3
160,45,3
161,45,0
162,45,0
163,45,3
164,45,3
165,45,0
166,45,0
167,45,3
168,45,3
169,45,0
170,45,0
171,45,3
172,45,3
173,45,0
174,45,0
175,45,3
176,45,3
177,45,0
178,45,0
179,45,3
180,45,3
181,45,0
182,45,0
183,45,3
184,45,3
185,45,0
186,45,0
187,45,3
188,45,3
189,45,0
190,45,0
191,45,3
192,45,3
193,45,0
194,45,0
195,45,2
196,45,2
197,45,0
198,45,0
199,45,2
200,45,2
201,45,0
202,45,0
203,45,2
204,45,2
205,45,0
206,45,0
207,45,2
208,45,2
209,45,0
210,45,0
211,45,2
212,45,2
213,45,0
214,45,0
215,45,2
216,45,2
217,45,0
218,45,0
219,45,2
220,45,2
221,45,0
222,45,0
223,45,2
224,45,2
225,45,0
226,45,0
227,45,2
228,45,2
229,45,0
230,45,0
231,45,2
232,45,2
233,45,0
234,45,0
235,45,2
236,45,2
237,45,0
238,45,0
239,45,2
240,45,2
241,45,0
242,45,0
243,45,2
244,45,2
245,45,0
246,45,0
247,45,2
248,45,2
249,45,0
250,45,0
251,45,2
252,45,2
253,45,0
254,45,0
255,45,2
0,46,2
1,46,0
2,46,0
3,46,2
4,46,2
5,46,0
6,46,0
7,46,2
8,46,2
9,46,0
10,46,0
11,46,2
12,46,2
13,46,0
14,46,0
15,46,2
16,46,2
17,46,0
18,46,0
19,46,2
20,46,2
21,46,0
22,46,0
23,46,2
24,46,2
25,46,0
26,46,0
27,46,2
28,46,2
29,46,0
30,46,0
31,46,2
32,46,2
33,46,0
34,46,0
35,46,2
36,46,2
37,46,0
38,46,0
39,46,2
40,46,2
41,46,0
42,46,0
43,46,2
44,46,2
45,46,0
46,46,0
47,46,2
48,46,2
49,46,0
50,46,0
51,46,2
52,46,2
53,46,0
54,46,0
55,46,2
56,46,2
57,46,0
58,46,0
59,46,2
60,46,2
61,46,0
62,46,0
63,46,3
64,46,3
65,46,0
66,46,0
67,46,3
68,46,3
69,46,0
70,46,0
71,46,3
72,46,3
73,46,0
74,46,0
75,46,3
76,46,3
77,46,0
78,46,0
79,46,3
80,46,3
81,46,0
82,46,0
83,46,3
84,46,3
85,46,0
86,46,0
87,46,3
88,46,3
89,46,0
90,46,0
91,46,3
92,46,3
93,46,0
94,46,0
95,46,3
96,46,3
97,46,0
98,46,0
99,46,3
100,46,3
101,46,0
102,46,0
103,46,3
104,46,3
105,46,0
106,46,0
107,46,3
108,46,3
109,46,0
110,46,0
111,46,3
112,46,3
113,46,0
114,46,0
115,46,3
116,46,3
117,46,0
118,46,0
119,46,4
120,46,4
121,46,0
122,46,0
123,46,4
124,46,4
125,46,0
126,46,0
127,46,4
128,46,4
129,46,0
130,46,0
131,46,4
132,46,4
133,46,0
134,46,0
135,46,4
136,46,4
137,46,0
138,46,0
139,46,3
140,46,3
141,46,0
142,46,0
143,46,3
144,46,3
145,46,0
146,46,0
147,46,3
148,46,3
149,46,0
150,46,0
151,46,3
152,46,3
153,46,0
154,46,0
155,46,3
156,46,3
157,46,0
158,46,0
159,46,3
160,46,3
161,46,0
162,46,0
163,46,3
164,46,3
165,46,0
166,46,0
167,46,3
168,46,3
169,46,0
170,46,0
171,46,3
172,46,3
173,46,0
174,46,0
175,46,3
176,46,3
177,46,0
178,46,0
179,46,3
180,46,3
181,46,0
182,46,0
183,46,3
184,46,3
185,46,0
186,46,0
187,46,3
188,46,3
189,46,0
190,46,0
191,46,3
192,46,3
193,46,0
194,46,0
195,46,2
196,46,2
197,46,0
198,46,0
199,46,2
200,46,2
201,46,0
202,46,0
203,46,2
204,46,2
205,46,0
206,46,0
207,46,2
208,46,2
209,46,0
210,46,0
211,46,2
212,46,2
213,46,0
214,46,0
215,46,2
216,46,2
217,46,0
218,46,0
219,46,2
220,46,2
221,46,0
222,46,0
223,46,2
224,46,2
225,46,0
226,46,0
227,46,2
228,46,2
229,46,0
230,46,0
231,46,2
232,46,2
233,46,0
234,46,0
235,46,2
236,46,2
237,46,0
238,46,0
239,46,2
240,46,2
241,46,0
242,46,0
243,46,2
244,46,2
245,46,0
246,46,0
247,46,2
248,46,2
249,46,0
250,46,0
251,46,2
252,46,2
253,46,0
254,46,0
255,46,2
0,47,2
1,47,0
2,47,0
3,47,2
4,47,2
5,47,0
6,47,0
7,47,2
8,47,2
9,47,0
10,47,0
11,47,2
12,47,2
13,47,0
14,47,0
15,47,2
16,47,2
17,47,0
18,47,0
19,47,2
20,47,2
21,47,0
22,47,0
23,47,2
24,47,2
25,47,0
26,47,0
27,47,2
28,47,2
29,47,0
30,47,0
31,47,2
32,47,2
33,47,0
34,47,0
35,47,2
36,47,2
37,47,0
38,47,0
39,47,2
40,47,2
41,47,0
42,47,0
43,47,2
44,47,2
45,47,0
46,47,0
47,47,2
48,47,2
49,47,0
50,47,0
51,47,2
52,47,2
53,47,0
54,47,0
55,47,2
56,47,2
57,47,0
58,47,0
59,47,2
60,47,2
61,47,0
62,47,0
63,47,3
64,47,3
65,47,0
66,47,0
67,47,3
68,47,3
69,47,0
70,47,0
71,47,3
72,47,3
73,47,0
74,47,0
75,47,3
76,47,3
77,47,0
78,47,0
79,47,3
80,47,3
81,47,0
82,47,0
83,47,3
84,47,3
85,47,0
86,47,0
87,47,3
88,47,3
89,47,0
90,47,0
91,47,3
92,47,3
93,47,0
94,47,0
95,47,3
96,47,3
97,47,0
98,47,0
99,47,3
100,47,3
101,47,0
102,47,0
103,47,3
104,47,3
105,47,0
106,47,0
107,47,3
108,47,3
109,47,0
110,47,0
111,47,3
112,47,3
113,47,0
114,47,0
115,47,3
116,47,3
117,47,0
118,47,0
119,47,4
120,47,4
121,47,0
122,47,0
123,47,4
124,47,4
125,47,0
126,47,0
127,47,4
128,47,4
129,47,0
130,47,0
131,47,4
132,47,4
133,47,0
134,47,0
135,47,4
136,47,4
137,47,0
138,47,0
139,47,3
140,47,3
141,47,0
142,47,0
143,47,3
144,47,3
145,47,0
146,47,0
147,47,3
148,47,3
149,47,0
150,47,0
151,47,3
152,47,3
153,47,0
154,47,0
155,47,3
156,47,3
157,47,0
158,47,0
159,47,3
160,47,3
161,47,0
162,47,0
163,47,3
164,47,3
165,47,0
166,47,0
167,47,3
168,47,3
169,47,0
170,47,0
171,47,3
172,47,3
173,47,0
174,47,0
175,47,3
176,47,3
177,47,0
178,47,0
179,47,3
180,47,3
181,47,0
182,47,0
183,47,3
184,47,3
185,47,0
186,47,0
187,47,3
188,47,3
189,47,0
190,47,0
191,47,3
192,47,3
193,47,0
194,47,0
195,47,3
196,47,2
197,47,0
198,47,0
199,47,2
200,47,2
201,47,0
202,47,0
203,47,2
204,47,2
205,47,0
206,47,0
207,47,2
208,47,2
209,47,0
210,47,0
211,47,2
212,47,2
213,47,0
214,47,0
215,47,2
216,47,2
217,47,0
218,47,0
219,47,2
220,47,2
221,47,0
222,47,0
223,47,2
224,47,2
225,47,0
226,47,0
227,47,2
228,47,2
229,47,0
230,47,0
231,47,2
232,47,2
233,47,0
234,47,0
235,47,2
236,47,2
237,47,0
238,47,0
239,47,2
240,47,2
241,47,0
242,47,0
243,47,2
244,47,2
245,47,0
246,47,0
247,47,2
248,47,2
249,47,0
250,47,0
251,47,2
252,47,2
253,47,0
254,47,0
255,47,2
0,48,2
1,48,0
2,48,0
3,48,2
4,48,2
5,48,0
6,48,0
7,48,2
8,48,2
9,48,0
10,48,0
11,48,2
12,48,2
13,48,0
14,48,0
15,48,2
16,48,2
17,48,0
18,48,0
19,48,2
20,48,2
21,48,0
22,48,0
23,48,2
24,48,2
25,48,0
26,48,0
27,48,2
28,48,2
29,48,0
30,48,0
31,48,2
32,48,2
33,48,0
34,48,0
35,48,2
36,48,2
37,48,0
38,48,0
39,48,2
40,48,2
41,48,0
42,48,0
43,48,2
44,48,2
45,48,0
46,48,0
47,48,2
48,48,2
49,48,0
50,48,0
51,48,2
52,48,2
53,48,0
54,48,0
55,48,2
56,48,2
57,48,0
58,48,0
59,48,3
60,48,3
61,48,0
62,48,0
63,48,3
64,48,3
65,48,0
66,48,0
67,48,3
68,48,3
69,48,0
70,48,0
71,48,3
72,48,3
73,48,0
74,48,0
75,48,3
76,48,3
77,48,0
78,48,0
79,48,3
80,48,3
81,48,0
82,48,0
83,48,3
84,48,3
85,48,0
86,48,0
87,48,3
88,48,3
89,48,0
90,48,0
91,48,3
92,48,3
93,48,0
94,48,0
95,48,3
96,48,3
97,48,0
98,48,0
99,48,3
100,48,3
101,48,0
102,48,0
103,48,3
104,48,3
105,48,0
106,48,0
107,48,3
108,48,3
109,48,0
110,48,0
111,48,3
112,48,3
113,48,0
114,48,0
115,48,3
116,48,3
117,48,0
118,48,0
119,48,4
120,48,4
121,48,0
122,48,0
123,48,4
124,48,4
125,48,0
126,48,0
127,48,4
128,48,4
129,48,0
130,48,0
131,48,4
132,48,4
133,48,0
134,48,0
135,48,4
136,48,4
137,48,0
138,48,0
139,48,4
140,48,3
141,48,0
142,48,0
143,48,3
144,48,3
145,48,0
146,48,0
147,48,3
148,48,3
149,48,0
150,48,0
151,48,3
152,48,3
153,48,0
154,48,0
155,48,3
156,48,3
157,48,0
158,48,0
159,48,3
160,48,3
161,48,0
162,48,0
163,48,3
164,48,3
165,48,0
166,48,0
167,48,3
168,48,3
169,48,0
170,48,0
171,48,3
172,48,3
173,48,0
174,48,0
175,48,3
176,48,3
177,48,0
178,48,0
179,48,3
180,48,3
181,48,0
182,48,0
183,48,3
184,48,3
185,48,0
186,48,0
187,48,3
188,48,3
189,48,0
190,48,0
191,48,3
192,48,3
193,48,0
194,48,0
195,48,3
196,48,3
197,48,0
198,48,0
199,48,2
200,48,2
201,48,0
202,48,0
203,48,2
204,48,2
205,48,0
206,48,0
207,48,2
208,48,2
209,48,0
210,48,0
211,48,2
212,48,2
213,48,0
214,48,0
215,48,2
216,48,2
217,48,0
218,48,0
219,48,2
220,48,2
221,48,0
222,48,0
223,48,2
224,48,2
225,48,0
226,48,0
227,48,2
228,48,2
229,48,0
230,48,0
231,48,2
232,48,2
233,48,0
234,48,0
235,48,2
236,48,2
237,48,0
238,48,0
239,48,2
240,48,2
241,48,0
242,48,0
243,48,2
244,48,2
245,48,0
246,48,0
247,48,2
248,48,2
249,48,0
250,48,0
251,48,2
252,48,2
253,48,0
254,48,0
255,48,2
0,49,2
1,49,0
2,49,0
3,49,2
4,49,2
5,49,0
6,49,0
7,49,2
8,49,2
9,49,0
10,49,0
11,49,2
12,49,2
13,49,0
14,49,0
15,49,2
16,49,2
17,49,0
18,49,0
19,49,2
20,49,2
21,49,0
22,49,0
23,49,2
24,49,2
25,49,0
26,49,0
27,49,2
28,49,2
29,49,0
30,49,0
31,49,2
32,49,2
33,49,0
34,49,0
35,49,2
36,49,2
37,49,0
38,49,0
39,49,2
40,49,2
41,49,0
42,49,0
43,49,2
44,49,2
45,49,0
46,49,0
47,49,2
48,49,2
49,49,0
50,49,0
51,49,2
52,49,2
53,49,0
54,49,0
55,49,2
56,49,2
57,49,0
58,49,0
59,49,3
60,49,3
61,49,0
62,49,0
63,49,3
64,49,3
65,49,0
66,49,0
67,49,3
68,49,3
69,49,0
70,49,0
71,49,3
72,49,3
73,49,0
74,49,0
75,49,3
76,49,3
77,49,0
78,49,0
79,49,3
80,49,3
81,49,0
82,49,0
83,49,3
84,49,3
85,49,0
86,49,0
87,49,3
88,49,3
89,49,0
90,49,0
91,49,3
92,49,3
93,49,0
94,49,0
95,49,3
96,49,3
97,49,0
98,49,0
99,49,3
100,49,3
101,49,0
102,49,0
103,49,3
104,49,3
105,49,0
106,49,0
107,49,3
108,49,3
109,49,0
110,49,0
111,49,3
112,49,3
113,49,0
114,49,0
115,49,3
116,49,3
117,49,0
118,49,0
119,49,4
120,49,4
121,49,0
122,49,0
123,49,4
124,49,4
125,49,0
126,49,0
127,49,4
128,49,4
129,49,0
130,49,0
131,49,4
132,49,4
133,49,0
134,49,0
135,49,4
136,49,4
137,49,0
138,49,0
139,49,4
140,49,3
141,49,0
142,49,0
143,49,3
144,49,3
145,49,0
146,49,0
147,49,3
148,49,3
149,49,0
150,49,0
151,49,3
152,49,3
153,49,0
154,49,0
155,49,3
156,49,3
157,49,0
158,49,0
159,49,3
160,49,3
161,49,0
162,49,0
163,49,3
164,49,3
165,49,0
166,49,0
167,49,3
168,49,3
169,49,0
170,49,0
171,49,3
172,49,3
173,49,0
174,49,0
175,49,3
176,49,3
177,49,0
178,49,0
179,49,3
180,49,3
181,49,0
182,49,0
183,49,3
184,49,3
185,49,0
186,49,0
187,49,3
188,49,3
189,49,0
190,49,0
191,49,3
192,49,3
193,49,0
194,49,0
195,49,3
196,49,3
197,49,0
198,49,0
199,49,3
200,49,2
201,49,0
202,49,0
203,49,2
204,49,2
205,49,0
206,49,0
207,49,2
208,49,2
209,49,0
210,49,0
211,49,2
212,49,2
213,49,0
214,49,0
215,49,2
216,49,2
217,49,0
218,49,0
219,49,2
220,49,2
221,49,0
222,49,0
223,49,2
224,49,2
225,49,0
226,49,0
227,49,2
228,49,2
229,49,0
230,49,0
231,49,2
232,49,2
233,49,0
234,49,0
235,49,2
236,49,2
237,49,0
238,49,0
239,49,2
240,49,2
241,49,0
242,49,0
243,49,2
244,49,2
245,49,0
246,49,0
247,49,2
248,49,2
249,49,0
250,49,0
251,49,2
252,49,2
253,49,0
254,49,0
255,49,2
0,50,2
1,50,0
2,50,0
3,50,2
4,50,2
5,50,0
6,50,0
7,50,2
8,50,2
9,50,0
10,50,0
11,50,2
12,50,2
13,50,0
14,50,0
15,50,2
16,50,2
17,50,0
18,50,0
19,50,2
20,50,2
21,50,0
22,50,0
23,50,2
24,50,2
25,50,0
26,50,0
27,50,2
28,50,2
29,50,0
30,50,0
31,50,2
32,50,2
33,50,0
34,50,0
35,50,2
36,50,2
37,50,0
38,50,0
39,50,2
40,50,2
41,50,0
42,50,0
43,50,2
44,50,2
45,50,0
46,50,0
47,50,2
48,50,2
49,50,0
50,50,0
51,50,2
52,50,2
53,50,0
54,50,0
55,50,3
56,50,3
57,50,0
58,50,0
59,50,3
60,50,3
61,50,0
62,50,0
63,50,3
64,50,3
65,50,0
66,50,0
67,50,3
68,50,3
69,50,0
70,50,0
71,50,3
72,50,3
73,50,0
74,50,0
75,50,3
76,50,3
77,50,0
78,50,0
79,50,3
80,50,3
81,50,0
82,50,0
83,50,3
84,50,3
85,50,0
86,50,0
87,50,3
88,50,3
89,50,0
90,50,0
91,50,3
92,50,3
93,50,0
94,50,0
95,50,3
96,50,3
97,50,0
98,50,0
99,50,3
100,50,3
101,50,0
102,50,0
103,50,3
104,50,3
105,50,0
106,50,0
107,50,3
108,50,3
109,50,0
110,50,0
111,50,3
112,50,3
113,50,0
114,50,0
115,50,3
116,50,4
117,50,0
118,50,0
119,50,4
120,50,4
121,50,0
122,50,0
123,50,4
124,50,4
125,50,0
126,50,0
127,50,4
128,50,4
129,50,0
130,50,0
131,50,4
132,50,4
133,50,0
134,50,0
135,50,4
136,50,4
137,50,0
138,50,0
139,50,4
140,50,4
141,50,0
142,50,0
143,50,3
144,50,3
145,50,0
146,50,0
147,50,3
148,50,3
149,50,0
150,50,0
151,50,3
152,50,3
153,50,0
154,50,0
155,50,3
156,50,3
157,50,0
158,50,0
159,50,3
160,50,3
161,50,0
162,50,0
163,50,3
164,50,3
165,50,0
166,50,0
167,50,3
168,50,3
169,50,0
170,50,0
171,50,3
172,50,3
173,50,0
174,50,0
175,50,3
176,50,3
177,50,0
178,50,0
179,50,3
180,50,3
181,50,0
182,50,0
183,50,3
184,50,3
185,50,0
186,50,0
187,50,3
188,50,3
189,50,0
190,50,0
191,50,3
192,50,3
193,50,0
194,50,0
195,50,3
196,50,3
197,50,0
198,50,0
199,50,3
200,50,3
201,50,0
202,50,0
203,50,2
204,50,2
205,50,0
206,50,0
207,50,2
208,50,2
209,50,0
210,50,0
211,50,2
212,50,2
213,50,0
214,50,0
215,50,2
216,50,2
217,50,0
218,50,0
219,50,2
220,50,2
221,50,0
222,50,0
223,50,2
224,50,2
225,50,0
226,50,0
227,50,2
228,50,2
229,50,0
230,50,0
231,50,2
232,50,2
233,50,0
234,50,0
235,50,2
236,50,2
237,50,0
238,50,0
239,50,2
240,50,2
241,50,0
242,50,0
243,50,2
244,50,2
245,50,0
246,50,0
247,50,2
248,50,2
249,50,0
250,50,0
251,50,2
252,50,2
253,50,0
254,50,0
255,50,2
0,51,2
1,51,0
2,51,0
3,51,2
4,51,2
5,51,0
6,51,0
7,51,2
8,51,2
9,51,0
10,51,0
11,51,2
12,51,2
13,51,0
14,51,0
15,51,2
16,51,2
17,51,0
18,51,0
19,51,2
20,51,2
21,51,0
22,51,0
23,51,2
24,51,2
25,51,0
26,51,0
27,51,2
28,51,2
29,51,0
30,51,0
31,51,2
32,51,2
33,51,0
34,51,0
35,51,2
36,51,2
37,51,0
38,51,0
39,51,2
40,51,2
41,51,0
42,51,0
43,51,2
44,51,2
45,51,0
46,51,0
47,51,2
48,51,2
49,51,0
50,51,0
51,51,2
52,51,2
53,51,0
54,51,0
55,51,3
56,51,3
57,51,0
58,51,0
59,51,3
60,51,3
61,51,0
62,51,0
63,51,3
64,51,3
65,51,0
66,51,0
67,51,3
68,51,3
69,51,0
70,51,0
71,51,3
72,51,3
73,51,0
74,51,0
75,51,3
76,51,3
77,51,0
78,51,0
79,51,3
80,51,3
81,51,0
82,51,0
83,51,3
84,51,3
85,51,0
86,51,0
87,51,3
88,51,3
89,51,0
90,51,0
91,51,3
92,51,3
93,51,0
94,51,0
95,51,3
96,51,3
97,51,0
98,51,0
99,51,3
100,51,3
101,51,0
102,51,0
103,51,3
104,51,3
105,51,0
106,51,0
107,51,3
108,51,3
109,51,0
110,51,0
111,51,3
112,51,3
113,51,0
114,51,0
115,51,4
116,51,4
117,51,0
118,51,0
119,51,4
120,51,4
121,51,0
122,51,0
123,51,4
124,51,4
125,51,0
126,51,0
127,51,4
128,51,4
129,51,0
130,51,0
131,51,4
132,51,4
133,51,0
134,51,0
135,51,4
136,51,4
137,51,0
138,51,0
139,51,4
140,51,4
141,51,0
142,51,0
143,51,3
144,51,3
145,51,0
146,51,0
147,51,3
148,51,3
149,51,0
150,51,0
151,51,3
152,51,3
153,51,0
154,51,0
155,51,3
156,51,3
157,51,0
158,51,0
159,51,3
160,51,3
161,51,0
162,51,0
163,51,3
164,51,3
165,51,0
166,51,0
167,51,3
168,51,3
169,51,0
170,51,0
171,51,3
172,51,3
173,51,0
174,51,0
175,51,3
176,51,3
177,51,0
178,51,0
179,51,3
180,51,3
181,51,0
182,51,0
183,51,3
184,51,3
185,51,0
186,51,0
187,51,3
188,51,3
189,51,0
190,51,0
191,51,3
192,51,3
193,51,0
194,51,0
195,51,3
196,51,3
197,51,0
198,51,0
199,51,3
200,51,3
201,51,0
202,51,0
203,51,3
204,51,2
205,51,0
206,51,0
207,51,2
208,51,2
209,51,0
210,51,0
211,51,2
212,51,2
213,51,0
214,51,0
215,51,2
216,51,2
217,51,0
218,51,0
219,51,2
220,51,2
221,51,0
222,51,0
223,51,2
224,51,2
225,51,0
226,51,0
227,51,2
228,51,2
229,51,0
230,51,0
231,51,2
232,51,2
233,51,0
234,51,0
235,51,2
236,51,2
237,51,0
238,51,0
239,51,2
240,51,2
241,51,0
242,51,0
243,51,2
244,51,2
245,51,0
246,51,0
247,51,2
248,51,2
249,51,0
250,51,0
251,51,2
252,51,2
253,51,0
254,51,0
255,51,2
0,52,2
1,52,0
2,52,0
3,52,2
4,52,2
5,52,0
6,52,0
7,52,2
8,52,2
9,52,0
10,52,0
11,52,2
12,52,2
13,52,0
14,52,0
15,52,2
16,52,2
17,52,0
18,52,0
19,52,2
20,52,2
21,52,0
22,52,0
23,52,2
24,52,2
25,52,0
26,52,0
27,52,2
28,52,2
29,52,0
30,52,0
31,52,2
32,52,2
33,52,0
34,52,0
35,52,2
36,52,2
37,52,0
38,52,0
39,52,2
40,52,2
41,52,0
42,52,0
43,52,2
44,52,2
45,52,0
46,52,0
47,52,2
48,52,2
49,52,0
50,52,0
51,52,3
52,52,3
53,52,0
54,52,0
55,52,3
56,52,3
57,52,0
58,52,0
59,52,3
60,52,3
61,52,0
62,52,0
63,52,3
64,52,3
65,52,0
66,52,0
67,52,3
68,52,3
69,52,0
70,52,0
71,52,3
72,52,3
73,52,0
74,52,0
75,52,3
76,52,3
77,52,0
78,52,0
79,52,3
80,52,3
81,52,0
82,52,0
83,52,3
84,52,3
85,52,0
86,52,0
87,52,3
88,52,3
89,52,0
90,52,0
91,52,3
92,52,3
93,52,0
94,52,0
95,52,3
96,52,3
97,52,0
98,52,0
99,52,3
100,52,3
101,52,0
102,52,0
103,52,3
104,52,3
105,52,0
106,52,0
107,52,3
108,52,3
109,52,0
110,52,0
111,52,3
112,52,3
113,52,0
114,52,0
115,52,4
116,52,4
117,52,0
118,52,0
119,52,4
120,52,4
121,52,0
122,52,0
123,52,4
124,52,4
125,52,0
126,52,0
127,52,4
128,52,4
129,52,0
130,52,0
131,52,4
132,52,4
133,52,0
134,52,0
135,52,4
136,52,4
137,52,0
138,52,0
139,52,4
140,52,4
141,52,0
142,52,0
143,52,3
144,52,3
145,52,0
146,52,0
147,52,3
148,52,3
149,52,0
150,52,0
151,52,3
152,52,3
153,52,0
154,52,0
155,52,3
156,52,3
157,52,0
158,52,0
159,52,3
160,52,3
161,52,0
162,52,0
163,52,3
164,52,3
165,52,0
166,52,0
167,52,3
168,52,3
169,52,0
170,52,0
171,52,3
172,52,3
173,52,0
174,52,0
175,52,3
176,52,3
177,52,0
178,52,0
179,52,3
180,52,3
181,52,0
182,52,0
183,52,3
184,52,3
185,52,0
186,52,0
187,52,3
188,52,3
189,52,0
190,52,0
191,52,3
192,52,3
193,52,0
194,52,0
195,52,3
196,52,3
197,52,0
198,52,0
199,52,3
200,52,3
201,52,0
202,52,0
203,52,3
204,52,3
205,52,0
206,52,0
207,52,2
208,52,2
209,52,0
210,52,0
211,52,2
212,52,2
213,52,0
214,52,0
215,52,2
216,52,2
217,52,0
218,52,0
219,52,2
220,52,2
221,52,0
222,52,0
223,52,2
224,52,2
225,52,0
226,52,0
227,52,2
228,52,2
229,52,0
230,52,0
231,52,2
232,52,2
233,52,0
234,52,0
235,52,2
236,52,2
237,52,0
238,52,0
239,52,2
240,52,2
241,52,0
242,52,0
243,52,2
244,52,2
245,52,0
246,52,0
247,52,2
248,52,2
249,52,0
250,52,0
251,52,2
252,52,2
253,52,0
254,52,0
255,52,2
0,53,2
1,53,0
2,53,0
3,53,2
4,53,2
5,53,0
6,53,0
7,53,2
8,53,2
9,53,0
10,53,0
11,53,2
12,53,2
13,53,0
14,53,0
15,53,2
16,53,2
17,53,0
18,53,0
19,53,2
20,53,2
21,53,0
22,53,0
23,53,2
24,53,2
25,53,0
26,53,0
27,53,2
28,53,2
29,53,0
30,53,0
31,53,2
32,53,2
33,53,0
34,53,0
35,53,2
36,53,2
37,53,0
38,53,0
39,53,2
40,53,2
41,53,0
42,53,0
43,53,2
44,53,2
45,53,0
46,53,0
47,53,2
48,53,2
49,53,0
50,53,0
51,53,3
52,53,3
53,53,0
54,53,0
55,53,3
56,53,3
57,53,0
58,53,0
59,53,3
60,53,3
61,53,0
62,53,0
63,53,3
64,53,3
65,53,0
66,53,0
67,53,3
68,53,3
69,53,0
70,53,0
71,53,3
72,53,3
73,53,0
74,53,0
75,53,3
76,53,3
77,53,0
78,53,0
79,53,3
80,53,3
81,53,0
82,53,0
83,53,3
84,53,3
85,53,0
86,53,0
87,53,3
88,53,3
89,53,0
90,53,0
91,53,3
92,53,3
93,53,0
94,53,0
95,53,3
96,53,3
97,53,0
98,53,0
99,53,3
100,53,3
101,53,0
102,53,0
103,53,3
104,53,3
105,53,0
106,53,0
107,53,3
108,53,3
109,53,0
110,53,0
111,53,3
112,53,3
113,53,0
114,53,0
115,53,4
116,53,4
117,53,0
118,53,0
119,53,4
120,53,4
121,53,0
122,53,0
123,53,4
124,53,4
125,53,0
126,53,0
127,53,4
128,53,4
129,53,0
130,53,0
131,53,4
132,53,4
133,53,0
134,53,0
135,53,4
136,53,4
137,53,0
138,53,0
139,53,4
140,53,4
141,53,0
142,53,0
143,53,4
144,53,3
145,53,0
146,53,0
147,53,3
148,53,3
149,53,0
150,53,0
151,53,3
152,53,3
153,53,0
154,53,0
155,53,3
156,53,3
157,53,0
158,53,0
159,53,3
160,53,3
161,53,0
162,53,0
163,53,3
164,53,3
165,53,0
166,53,0
167,53,3
168,53,3
169,53,0
170,53,0
171,53,3
172,53,3
173,53,0
174,53,0
175,53,3
176,53,3
177,53,0
178,53,0
179,53,3
180,53,3
181,53,0
182,53,0
183,53,3
184,53,3
185,53,0
186,53,0
187,53,3
188,53,3
189,53,0
190,53,0
191,53,3
192,53,3
193,53,0
194,53,0
195,53,3
196,53,3
197,53,0
198,53,0
199,53,3
200,53,3
201,53,0
202,53,0
203,53,3
204,53,3
205,53,0
206,53,0
207,53,3
208,53,2
209,53,0
210,53,0
211,53,2
212,53,2
213,53,0
214,53,0
215,53,2
216,53,2
217,53,0
218,53,0
219,53,2
220,53,2
221,53,0
222,53,0
223,53,2
224,53,2
225,53,0
226,53,0
227,53,2
228,53,2
229,53,0
230,53,0
231,53,2
232,53,2
233,53,0
234,53,0
235,53,2
236,53,2
237,53,0
238,53,0
239,53,2
240,53,2
241,53,0
242,53,0
243,53,2
244,53,2
245,53,0
246,53,0
247,53,2
248,53,2
249,53,0
250,53,0
251,53,2
252,53,2
253,53,0
254,53,0
255,53,2
0,54,2
1,54,0
2,54,0
3,54,2
4,54,2
5,54,0
6,54,0
7,54,2
8,54,2
9,54,0
10,54,0
11,54,2
12,54,2
13,54,0
14,54,0
15,54,2
16,54,2
17,54,0
18,54,0
19,54,2
20,54,2
21,54,0
22,54,0
23,54,2
24,54,2
25,54,0
26,54,0
27,54,2
28,54,2
29,54,0
30,54,0
31,54,2
32,54,2
33,54,0
34,54,0
35,54,2
36,54,2
37,54,0
38,54,0
39,54,2
40,54,2
41,54,0
42,54,0
43,54,2
44,54,2
45,54,0
46,54,0
47,54,3
48,54,3
49,54,0
50,54,0
51,54,3
52,54,3
53,54,0
54,54,0
55,54,3
56,54,3
57,54,0
58,54,0
59,54,3
60,54,3
61,54,0
62,54,0
63,54,3
64,54,3
65,54,0
66,54,0
67,54,3
68,54,3
69,54,0
70,54,0
71,54,3
72,54,3
73,54,0
74,54,0
75,54,3
76,54,3
77,54,0
78,54,0
79,54,3
80,54,3
81,54,0
82,54,0
83,54,3
84,54,3
85,54,0
86,54,0
87,54,3
88,54,3
89,54,0
90,54,0
91,54,3
92,54,3
93,54,0
94,54,0
95,54,3
96,54,3
97,54,0
98,54,0
99,54,3
100,54,3
101,54,0
102,54,0
103,54,3
104,54,3
105,54,0
106,54,0
107,54,3
108,54,3
109,54,0
110,54,0
111,54,3
112,54,4
113,54,0
114,54,0
115,54,4
116,54,4
117,54,0
118,54,0
119,54,4
120,54,4
121,54,0
122,54,0
123,54,4
124,54,4
125,54,0
126,54,0
127,54,4
128,54,4
129,54,0
130,54,0
131,54,4
132,54,4
133,54,0
134,54,0
135,54,4
136,54,4
137,54,0
138,54,0
139,54,4
140,54,4
141,54,0
142,54,0
143,54,4
144,54,4
145,54,0
146,54,0
147,54,3
148,54,3
149,54,0
150,54,0
151,54,3
152,54,3
153,54,0
154,54,0
155,54,3
156,54,3
157,54,0
158,54,0
159,54,3
160,54,3
161,54,0
162,54,0
163,54,3
164,54,3
165,54,0
166,54,0
167,54,3
168,54,3
169,54,0
170,54,0
171,54,3
172,54,3
173,54,0
174,54,0
175,54,3
176,54,3
177,54,0
178,54,0
179,54,3
180,54,3
181,54,0
182,54,0
183,54,3
184,54,3
185,54,0
186,54,0
187,54,3
188,54,3
189,54,0
190,54,0
191,54,3
192,54,3
193,54,0
194,54,0
195,54,3
196,54,3
197,54,0
198,54,0
199,54,3
200,54,3
201,54,0
202,54,0
203,54,3
204,54,3
205,54,0
206,54,0
207,54,3
208,54,3
209,54,0
210,54,0
211,54,2
212,54,2
213,54,0
214,54,0
215,54,2
216,54,2
217,54,0
218,54,0
219,54,2
220,54,2
221,54,0
222,54,0
223,54,2
224,54,2
225,54,0
226,54,0
227,54,2
228,54,2
229,54,0
230,54,0
231,54,2
232,54,2
233,54,0
234,54,0
235,54,2
236,54,2
237,54,0
238,54,0
239,54,2
240,54,2
241,54,0
242,54,0
243,54,2
244,54,2
245,54,0
246,54,0
247,54,2
248,54,2
249,54,0
250,54,0
251,54,2
252,54,2
253,54,0
254,54,0
255,54,2
0,55,2
1,55,0
2,55,0
3,55,2
4,55,2
5,55,0
6,55,0
7,55,2
8,55,2
9,55,0
10,55,0
11,55,2
12,55,2
13,55,0
14,55,0
15,55,2
16,55,2
17,55,0
18,55,0
19,55,2
20,55,2
21,55,0
22,55,0
23,55,2
24,55,2
25,55,0
26,55,0
27,55,2
28,55,2
29,55,0
30,55,0
31,55,2
32,55,2
33,55,0
34,55,0
35,55,2
36,55,2
37,55,0
38,55,0
39,55,2
40,55,2
41,55,0
42,55,0
43,55,2
44,55,3
45,55,0
46,55,0
47,55,3
48,55,3
49,55,0
50,55,0
51,55,3
52,55,3
53,55,0
54,55,0
55,55,3
56,55,3
57,55,0
58,55,0
59,55,3
60,55,3
61,55,0
62,55,0
63,55,3
64,55,3
65,55,0
66,55,0
67,55,3
68,55,3
69,55,0
70,55,0
71,55,3
72,55,3
73,55,0
74,55,0
75,55,3
76,55,3
77,55,0
78,55,0
79,55,3
80,55,3
81,55,0
82,55,0
83,55,3
84,55,3
85,55,0
86,55,0
87,55,3
88,55,3
89,55,0
90,55,0
91,55,3
92,55,3
93,55,0
94,55,0
95,55,3
96,55,3
97,55,0
98,55,0
99,55,3
100,55,3
101,55,0
102,55,0
103,55,3
104,55,3
105,55,0
106,55,0
107,55,3
108,55,3
109,55,0
110,55,0
111,55,4
112,55,4
113,55,0
114,55,0
115,55,4
116,55,4
117,55,0
118,55,0
119,55,4
120,55,4
121,55,0
122,55,0
123,55,4
124,55,4
125,55,0
126,55,0
127,55,4
128,55,4
129,55,0
130,55,0
131,55,4
132,55,4
133,55,0
134,55,0
135,55,4
136,55,4
137,55,0
138,55,0
139,55,4
140,55,4
141,55,0
142,55,0
143,55,4
144,55,4
145,55,0
146,55,0
147,55,3
148,55,3
149,55,0
150,55,0
151,55,3
152,55,3
153,55,0
154,55,0
155,55,3
156,55,3
157,55,0
158,55,0
159,55,3
160,55,3
161,55,0
162,55,0
163,55,3
164,55,3
165,55,0
166,55,0
167,55,3
168,55,3
169,55,0
170,55,0
171,55,3
172,55,3
173,55,0
174,55,0
175,55,3
176,55,3
177,55,0
178,55,0
179,55,3
180,55,3
181,55,0
182,55,0
183,55,3
184,55,3
185,55,0
186,55,0
187,55,3
188,55,3
189,55,0
190,55,0
191,55,3
192,55,3
193,55,0
194,55,0
195,55,3
196,55,3
197,55,0
198,55,0
199,55,3
200,55,3
201,55,0
202,55,0
203,55,3
204,55,3
205,55,0
206,55,0
207,55,3
208,55,3
209,55,0
210,55,0
211,55,3
212,55,3
213,55,0
214,55,0
215,55,2
216,55,2
217,55,0
218,55,0
219,55,2
220,55,2
221,55,0
222,55,0
223,55,2
224,55,2
225,55,0
226,55,0
227,55,2
228,55,2
229,55,0
230,55,0
231,55,2
232,55,2
233,55,0
234,55,0
235,55,2
236,55,2
237,55,0
238,55,0
239,55,2
240,55,2
241,55,0
242,55,0
243,55,2
244,55,2
245,55,0
246,55,0
247,55,2
248,55,2
249,55,0
250,55,0
251,55,2
252,55,2
253,55,0
254,55,0
255,55,2
0,56,2
1,56,0
2,56,0
3,56,2
4,56,2
5,56,0
6,56,0
7,56,2
8,56,2
9,56,0
10,56,0
11,56,2
12,56,2
13,56,0
14,56,0
15,56,2
16,56,2
17,56,0
18,56,0
19,56,2
20,56,2
21,56,0
22,56,0
23,56,2
24,56,2
25,56,0
26,56,0
27,56,2
28,56,2
29,56,0
30,56,0
31,56,2
32,56,2
33,56,0
34,56,0
35,56,2
36,56,2
37,56,0
38,56,0
39,56,2
40,56,2
41,56,0
42,56,0
43,56,3
44,56,3
45,56,0
46,56,0
47,56,3
48,56,3
49,56,0
50,56,0
51,56,3
52,56,3
53,56,0
54,56,0
55,56,3
56,56,3
57,56,0
58,56,0
59,56,3
60,56,3
61,56,0
62,56,0
63,56,3
64,56,3
65,56,0
66,56,0
67,56,3
68,56,3
69,56,0
70,56,0
71,56,3
72,56,3
73,56,0
74,56,0
75,56,3
76,56,3
77,56,0
78,56,0
79,56,3
80,56,3
81,56,0
82,56,0
83,56,3
84,56,3
85,56,0
86,56,0
87,56,3
88,56,3
89,56,0
90,56,0
91,56,3
92,56,3
93,56,0
94,56,0
95,56,3
96,56,3
97,56,0
98,56,0
99,56,3
100,56,3
101,56,0
102,56,0
103,56,3
104,56,3
105,56,0
106,56,0
107,56,3
108,56,3
109,56,0
110,56,0
111,56,4
112,56,4
113,56,0
114,56,0
115,56,4
116,56,4
117,56,0
118,56,0
119,56,4
120,56,4
121,56,0
122,56,0
123,56,4
124,56,4
125,56,0
126,56,0
127,56,4
128,56,4
129,56,0
130,56,0
131,56,4
132,56,4
133,56,0
134,56,0
135,56,4
136,56,4
137,56,0
138,56,0
139,56,4
140,56,4
141,56,0
142,56,0
143,56,4
144,56,4
145,56,0
146,56,0
147,56,3
148,56,3
149,56,0
150,56,0
151,56,3
152,56,3
153,56,0
154,56,0
155,56,3
156,56,3
157,56,0
158,56,0
159,56,3
160,56,3
161,56,0
162,56,0
163,56,3
164,56,3
165,56,0
166,56,0
167,56,3
168,56,3
169,56,0
170,56,0
171,56,3
172,56,3
173,56,0
174,56,0
175,56,3
176,56,3
177,56,0
178,56,0
179,56,3
180,56,3
181,56,0
182,56,0
183,56,3
184,56,3
185,56,0
186,56,0
187,56,3
188,56,3
189,56,0
190,56,0
191,56,3
192,56,3
193,56,0
194,56,0
195,56,3
196,56,3
197,56,0
198,56,0
199,56,3
200,56,3
201,56,0
202,56,0
203,56,3
204,56,3
205,56,0
206,56,0
207,56,3
208,56,3
209,56,0
210,56,0
211,56,3
212,56,3
213,56,0
214,56,0
215,56,2
216,56,2
217,56,0
218,56,0
219,56,2
220,56,2
221,56,0
222,56,0
223,56,2
224,56,2
225,56,0
226,56,0
227,56,2
228,56,2
229,56,0
230,56,0
231,56,2
232,56,2
233,56,0
234,56,0
235,56,2
236,56,2
237,56,0
238,56,0
239,56,2
240,56,2
241,56,0
242,56,0
243,56,2
244,56,2
245,56,0
246,56,0
247,56,2
248,56,2
249,56,0
250,56,0
251,56,2
252,56,2
253,56,0
254,56,0
255,56,2
0,57,2
1,57,0
2,57,0
3,57,2
4,57,2
5,57,0
6,57,0
7,57,2
8,57,2
9,57,0
10,57,0
11,57,2
12,57,2
13,57,0
14,57,0
15,57,2
16,57,2
17,57,0
18,57,0
19,57,2
20,57,2
21,57,0
22,57,0
23,57,2
24,57,2
25,57,0
26,57,0
27,57,2
28,57,2
29,57,0
30,57,0
31,57,2
32,57,2
33,57,0
34,57,0
35,57,2
36,57,2
37,57,0
38,57,0
39,57,2
40,57,3
41,57,0
42,57,0
43,57,3
44,57,3
45,57,0
46,57,0
47,57,3
48,57,3
49,57,0
50,57,0
51,57,3
52,57,3
53,57,0
54,57,0
55,57,3
56,57,3
57,57,0
58,57,0
59,57,3
60,57,3
61,57,0
62,57,0
63,57,3
64,57,3
65,57,0
66,57,0
67,57,3
68,57,3
69,57,0
70,57,0
71,57,3
72,57,3
73,57,0
74,57,0
75,57,3
76,57,3
77,57,0
78,57,0
79,57,3
80,57,3
81,57,0
82,57,0
83,57,3
84,57,3
85,57,0
86,57,0
87,57,3
88,57,3
89,57,0
90,57,0
91,57,3
92,57,3
93,57,0
94,57,0
95,57,3
96,57,3
97,57,0
98,57,0
99,57,3
100,57,3
101,57,0
102,57,0
103,57,3
104,57,3
105,57,0
106,57,0
107,57,3
108,57,3
109,57,0
110,57,0
111,57,4
112,57,4
113,57,0
114,57,0
115,57,4
116,57,4
117,57,0
118,57,0
119,57,4
120,57,4
121,57,0
122,57,0
123,57,4
124,57,4
125,57,0
126,57,0
127,57,4
128,57,4
129,57,0
130,57,0
131,57,4
132,57,4
133,57,0
134,57,0
135,57,4
136,57,4
137,57,0
138,57,0
139,57,4
140,57,4
141,57,0
142,57,0
143,57,4
144,57,4
145,57,0
146,57,0
147,57,4
148,57,3
149,57,0
150,57,0
151,57,3
152,57,3
153,57,0
154,57,0
155,57,3
156,57,3
157,57,0
158,57,0
159,57,3
160,57,3
161,57,0
162,57,0
163,57,3
164,57,3
165,57,0
166,57,0
167,57,3
168,57,3
169,57,0
170,57,0
171,57,3
172,57,3
173,57,0
174,57,0
175,57,3
176,57,3
177,57,0
178,57,0
179,57,3
180,57,3
181,57,0
182,57,0
183,57,3
184,57,3
185,57,0
186,57,0
187,57,3
188,57,3
189,57,0
190,57,0
191,57,3
192,57,3
193,57,0
194,57,0
195,57,3
196,57,3
197,57,0
198,57,0
199,57,3
200,57,3
201,57,0
202,57,0
203,57,3
204,57,3
205,57,0
206,57,0
207,57,3
208,57,3
209,57,0
210,57,0
211,57,3
212,57,3
213,57,0
214,57,0
215,57,3
216,57,3
217,57,0
218,57,0
219,57,2
220,57,2
221,57,0
222,57,0
223,57,2
224,57,2
225,57,0
226,57,0
227,57,2
228,57,2
229,57,0
230,57,0
231,57,2
232,57,2
233,57,0
234,57,0
235,57,2
236,57,2
237,57,0
238,57,0
239,57,2
240,57,2
241,57,0
242,57,0
243,57,2
244,57,2
245,57,0
246,57,0
247,57,2
248,57,2
249,57,0
250,57,0
251,57,2
252,57,2
253,57,0
254,57,0
255,57,2
0,58,2
1,58,0
2,58,0
3,58,2
4,58,2
5,58,0
6,58,0
7,58,2
8,58,2
9,58,0
10,58,0
11,58,2
12,58,2
13,58,0
14,58,0
15,58,2
16,58,2
17,58,0
18,58,0
19,58,2
20,58,2
21,58,0
22,58,0
23,58,2
24,58,2
25,58,0
26,58,0
27,58,2
28,58,2
29,58,0
30,58,0
31,58,2
32,58,2
33,58,0
34,58,0
35,58,2
36,58,2
37,58,0
38,58,0
39,58,3
40,58,3
41,58,0
42,58,0
43,58,3
44,58,3
45,58,0
46,58,0
47,58,3
48,58,3
49,58,0
50,58,0
51,58,3
52,58,3
53,58,0
54,58,0
55,58,3
56,58,3
57,58,0
58,58,0
59,58,3
60,58,3
61,58,0
62,58,0
63,58,3
64,58,3
65,58,0
66,58,0
67,58,3
68,58,3
69,58,0
70,58,0
71,58,3
72,58,3
73,58,0
74,58,0
75,58,3
76,58,3
77,58,0
78,58,0
79,58,3
80,58,3
81,58,0
82,58,0
83,58,3
84,58,3
85,58,0
86,58,0
87,58,3
88,58,3
89,58,0
90,58,0
91,58,3
92,58,3
93,58,0
94,58,0
95,58,3
96,58,3
97,58,0
98,58,0
99,58,3
100,58,3
101,58,0
102,58,0
103,58,3
104,58,3
105,58,0
106,58,0
107,58,3
108,58,4
109,58,0
110,58,0
111,58,4
112,58,4
113,58,0
114,58,0
115,58,4
116,58,4
117,58,0
118,58,0
119,58,4
120,58,4
121,58,0
122,58,0
123,58,4
124,58,4
125,58,0
126,58,0
127,58,4
128,58,5
129,58,0
130,58,0
131,58,4
132,58,4
133,58,0
134,58,0
135,58,4
136,58,4
137,58,0
138,58,0
139,58,4
140,58,4
141,58,0
142,58,0
143,58,4
144,58,4
145,58,0
146,58,0
147,58,4
148,58,4
149,58,0
150,58,0
151,58,3
152,58,3
153,58,0
154,58,0
155,58,3
156,58,3
157,58,0
158,58,0
159,58,3
160,58,3
161,58,0
162,58,0
163,58,3
164,58,3
165,58,0
166,58,0
167,58,3
168,58,3
169,58,0
170,58,0
171,58,3
172,58,3
173,58,0
174,58,0
175,58,3
176,58,3
177,58,0
178,58,0
179,58,3
180,58,3
181,58,0
182,58,0
183,58,3
184,58,3
185,58,0
186,58,0
187,58,3
188,58,3
189,58,0
190,58,0
191,58,3
192,58,3
193,58,0
194,58,0
195,58,3
196,58,3
197,58,0
198,58,0
199,58,3
200,58,3
201,58,0
202,58,0
203,58,3
204,58,3
205,58,0
206,58,0
207,58,3
208,58,3
209,58,0
210,58,0
211,58,3
212,58,3
213,58,0
214,58,0
215,58,3
216,58,3
217,58,0
218,58,0
219,58,3
220,58,2
221,58,0
222,58,0
223,58,2
224,58,2
225,58,0
226,58,0
227,58,2
228,58,2
229,58,0
230,58,0
231,58,2
232,58,2
233,58,0
234,58,0
235,58,2
236,58,2
237,58,0
238,58,0
239,58,2
240,58,2
241,58,0
242,58,0
243,58,2
244,58,2
245,58,0
246,58,0
247,58,2
248,58,2
249,58,0
250,58,0
251,58,2
252,58,2
253,58,0
254,58,0
255,58,2
0,59,2
1,59,0
2,59,0
3,59,2
4,59,2
5,59,0
6,59,0
7,59,2
8,59,2
9,59,0
10,59,0
11,59,2
12,59,2
13,59,0
14,59,0
15,59,2
16,59,2
17,59,0
18,59,0
19,59,2
20,59,2
21,59,0
22,59,0
23,59,2
24,59,2
25,59,0
26,59,0
27,59,2
28,59,2
29,59,0
30,59,0
31,59,2
32,59,2
33,59,0
34,59,0
35,59,3
36,59,3
37,59,0
38,59,0
39,59,3
40,59,3
41,59,0
42,59,0
43,59,3
44,59,3
45,59,0
46,59,0
47,59,3
48,59,3
49,59,0
50,59,0
51,59,3
52,59,3
53,59,0
54,59,0
55,59,3
56,59,3
57,59,0
58,59,0
59,59,3
60,59,3
61,59,0
62,59,0
63,59,3
64,59,3
65,59,0
66,59,0
67,59,3
68,59,3
69,59,0
70,59,0
71,59,3
72,59,3
73,59,0
74,59,0
75,59,3
76,59,3
77,59,0
78,59,0
79,59,3
80,59,3
81,59,0
82,59,0
83,59,3
84,59,3
85,59,0
86,59,0
87,59,3
88,59,3
89,59,0
90,59,0
91,59,3
92,59,3
93,59,0
94,59,0
95,59,3
96,59,3
97,59,0
98,59,0
99,59,3
100,59,3
101,59,0
102,59,0
103,59,3
104,59,3
105,59,0
106,59,0
107,59,4
108,59,4
109,59,0
110,59,0
111,59,4
112,59,4
113,59,0
114,59,0
115,59,4
116,59,4
117,59,0
118,59,0
119,59,4
120,59,4
121,59,0
122,59,0
123,59,4
124,59,4
125,59,0
126,59,0
127,59,5
128,59,5
129,59,0
130,59,0
131,59,4
132,59,4
133,59,0
134,59,0
135,59,4
136,59,4
137,59,0
138,59,0
139,59,4
140,59,4
141,59,0
142,59,0
143,59,4
144,59,4
145,59,0
146,59,0
147,59,4
148,59,4
149,59,0
150,59,0
151,59,3
152,59,3
153,59,0
154,59,0
155,59,3
156,59,3
157,59,0
158,59,0
159,59,3
160,59,3
161,59,0
162,59,0
163,59,3
164,59,3
165,59,0
166,59,0
167,59,3
168,59,3
169,59,0
170,59,0
171,59,3
172,59,3
173,59,0
174,59,0
175,59,3
176,59,3
177,59,0
178,59,0
179,59,3
180,59,3
181,59,0
182,59,0
183,59,3
184,59,3
185,59,0
186,59,0
187,59,3
188,59,3
189,59,0
190,59,0
191,59,3
192,59,3
193,59,0
194,59,0
195,59,3
196,59,3
197,59,0
198,59,0
199,59,3
200,59,3
201,59,0
202,59,0
203,59,3
204,59,3
205,59,0
206,59,0
207,59,3
208,59,3
209,59,0
210,59,0
211,59,3
212,59,3
213,59,0
214,59,0
215,59,3
216,59,3
217,59,0
218,59,0
219,59,3
220,59,3
221,59,0
222,59,0
223,59,2
224,59,2
225,59,0
226,59,0
227,59,2
228,59,2
229,59,0
230,59,0
231,59,2
232,59,2
233,59,0
234,59,0
235,59,2
236,59,2
237,59,0
238,59,0
239,59,2
240,59,2
241,59,0
242,59,0
243,59,2
244,59,2
245,59,0
246,59,0
247,59,2
248,59,2
249,59,0
250,59,0
251,59,2
252,59,2
253,59,0
254,59,0
255,59,2
0,60,2
1,60,0
2,60,0
3,60,2
4,60,2
5,60,0
6,60,0
7,60,2
8,60,2
9,60,0
10,60,0
11,60,2
12,60,2
13,60,0
14,60,0
15,60,2
16,60,2
17,60,0
18,60,0
19,60,2
20,60,2
21,60,0
22,60,0
23,60,2
24,60,2
25,60,0
26,60,0
27,60,2
28,60,2
29,60,0
30,60,0
31,60,2
32,60,3
33,60,0
34,60,0
35,60,3
36,60,3
37,60,0
38,60,0
39,60,3
40,60,3
41,60,0
42,60,0
43,60,3
44,60,3
45,60,0
46,60,0
47,60,3
48,60,3
49,60,0
50,60,0
51,60,3
52,60,3
53,60,0
54,60,0
55,60,3
56,60,3
57,60,0
58,60,0
59,60,3
60,60,3
61,60,0
62,60,0
63,60,3
64,60,3
65,60,0
66,60,0
67,60,3
68,60,3
69,60,0
70,60,0
71,60,3
72,60,3
73,60,0
74,60,0
75,60,3
76,60,3
77,60,0
78,60,0
79,60,3
80,60,3
81,60,0
82,60,0
83,60,3
84,60,3
85,60,0
86,60,0
87,60,3
88,60,3
89,60,0
90,60,0
91,60,3
92,60,3
93,60,0
94,60,0
95,60,3
96,60,3
97,60,0
98,60,0
99,60,3
100,60,3
101,60,0
102,60,0
103,60,3
104,60,3
105,60,0
106,60,0
107,60,4
108,60,4
109,60,0
110,60,0
111,60,4
112,60,4
113,60,0
114,60,0
115,60,4
116,60,4
117,60,0
118,60,0
119,60,4
120,60,4
121,60,0
122,60,0
123,60,4
124,60,4
125,60,0
126,60,0
127,60,5
128,60,5
129,60,0
130,60,0
131,60,5
132,60,4
133,60,0
134,60,0
135,60,4
136,60,4
137,60,0
138,60,0
139,60,4
140,60,4
141,60,0
142,60,0
143,60,4
144,60,4
145,60,0
146,60,0
147,60,4
148,60,4
149,60,0
150,60,0
151,60,3
152,60,3
153,60,0
154,60,0
155,60,3
156,60,3
157,60,0
158,60,0
159,60,3
160,60,3
161,60,0
162,60,0
163,60,3
164,60,3
165,60,0
166,60,0
167,60,3
168,60,3
169,60,0
170,60,0
171,60,3
172,60,3
173,60,0
174,60,0
175,60,3
176,60,3
177,60,0
178,60,0
179,60,3
180,60,3
181,60,0
182,60,0
183,60,3
184,60,3
185,60,0
186,60,0
187,60,3
188,60,3
189,60,0
190,60,0
191,60,3
192,60,3
193,60,0
194,60,0
195,60,3
196,60,3
197,60,0
198,60,0
199,60,3
200,60,3
201,60,0
202,60,0
203,60,3
204,60,3
205,60,0
206,60,0
207,60,3
208,60,3
209,60,0
210,60,0
211,60,3
212,60,3
213,60,0
214,60,0
215,60,3
216,60,3
217,60,0
218,60,0
219,60,3
220,60,3
221,60,0
222,60,0
223,60,3
224,60,3
225,60,0
226,60,0
227,60,2
228,60,2
229,60,0
230,60,0
231,60,2
232,60,2
233,60,0
234,60,0
235,60,2
236,60,2
237,60,0
238,60,0
239,60,2
240,60,2
241,60,0
242,60,0
243,60,2
244,60,2
245,60,0
246,60,0
247,60,2
248,60,2
249,60,0
250,60,0
251,60,2
252,60,2
253,60,0
254,60,0
255,60,2
0,61,2
1,61,0
2,61,0
3,61,2
4,61,2
5,61,0
6,61,0
7,61,2
8,61,2
9,61,0
10,61,0
11,61,2
12,61,2
13,61,0
14,61,0
15,61,2
16,61,2
17,61,0
18,61,0
19,61,2
20,61,2
21,61,0
22,61,0
23,61,2
24,61,2
25,61,0
26,61,0
27,61,2
28,61,2
29,61,0
30,61,0
31,61,3
32,61,3
33,61,0
34,61,0
35,61,3
36,61,3
37,61,0
38,61,0
39,61,3
40,61,3
41,61,0
42,61,0
43,61,3
44,61,3
45,61,0
46,61,0
47,61,3
48,61,3
49,61,0
50,61,0
51,61,3
52,61,3
53,61,0
54,61,0
55,61,3
56,61,3
57,61,0
58,61,0
59,61,3
60,61,3
61,61,0
62,61,0
63,61,3
64,61,3
65,61,0
66,61,0
67,61,3
68,61,3
69,61,0
70,61,0
71,61,3
72,61,3
73,61,0
74,61,0
75,61,3
76,61,3
77,61,0
78,61,0
79,61,3
80,61,3
81,61,0
82,61,0
83,61,3
84,61,3
85,61,0
86,61,0
87,61,3
88,61,3
89,61,0
90,61,0
91,61,3
92,61,3
93,61,0
94,61,0
95,61,3
96,61,3
97,61,0
98,61,0
99,61,3
100,61,3
101,61,0
102,61,0
103,61,3
104,61,3
105,61,0
106,61,0
107,61,4
108,61,4
109,61,0
110,61,0
111,61,4
112,61,4
113,61,0
114,61,0
115,61,4
116,61,4
117,61,0
118,61,0
119,61,4
120,61,4
121,61,0
122,61,0
123,61,4
124,61,5
125,61,0
126,61,0
127,61,5
128,61,5
129,61,0
130,61,0
131,61,5
132,61,5
133,61,0
134,61,0
135,61,4
136,61,4
137,61,0
138,61,0
139,61,4
140,61,4
141,61,0
142,61,0
143,61,4
144,61,4
145,61,0
146,61,0
147,61,4
148,61,4
149,61,0
150,61,0
151,61,4
152,61,3
153,61,0
154,61,0
155,61,3
156,61,3
157,61,0
158,61,0
159,61,3
160,61,3
161,61,0
162,61,0
163,61,3
164,61,3
165,61,0
166,61,0
167,61,3
168,61,3
169,61,0
170,61,0
171,61,3
172,61,3
173,61,0
174,61,0
175,61,3
176,61,3
177,61,0
178,61,0
179,61,3
180,61,3
181,61,0
182,61,0
183,61,3
184,61,3
185,61,0
186,61,0
187,61,3
188,61,3
189,61,0
190,61,0
191,61,3
192,61,3
193,61,0
194,61,0
195,61,3
196,61,3
197,61,0
198,61,0
199,61,3
200,61,3
201,61,0
202,61,0
203,61,3
204,61,3
205,61,0
206,61,0
207,61,3
208,61,3
209,61,0
210,61,0
211,61,3
212,61,3
213,61,0
214,61,0
215,61,3
216,61,3
217,61,0
218,61,0
219,61,3
220,61,3
221,61,0
222,61,0
223,61,3
224,61,3
225,61,0
226,61,0
227,61,2
228,61,2
229,61,0
230,61,0
231,61,2
232,61,2
233,61,0
234,61,0
235,61,2
236,61,2
237,61,0
238,61,0
239,61,2
240,61,2
241,61,0
242,61,0
243,61,2
244,61,2
245,61,0
246,61,0
247,61,2
248,61,2
249,61,0
250,61,0
251,61,2
252,61,2
253,61,0
254,61,0
255,61,2
0,62,2
1,62,0
2,62,0
3,62,2
4,62,2
5,62,0
6,62,0
7,62,2
8,62,2
9,62,0
10,62,0
11,62,2
12,62,2
13,62,0
14,62,0
15,62,2
16,62,2
17,62,0
18,62,0
19,62,2
20,62,2
21,62,0
22,62,0
23,62,2
24,62,2
25,62,0
26,62,0
27,62,3
28,62,3
29,62,0
30,62,0
31,62,3
32,62,3
33,62,0
34,62,0
35,62,3
36,62,3
37,62,0
38,62,0
39,62,3
40,62,3
41,62,0
42,62,0
43,62,3
44,62,3
45,62,0
46,62,0
47,62,3
48,62,3
49,62,0
50,62,0
51,62,3
52,62,3
53,62,0
54,62,0
55,62,3
56,62,3
57,62,0
58,62,0
59,62,3
60,62,3
61,62,0
62,62,0
63,62,3
64,62,3
65,62,0
66,62,0
67,62,3
68,62,3
69,62,0
70,62,0
71,62,3
72,62,3
73,62,0
74,62,0
75,62,3
76,62,3
77,62,0
78,62,0
79,62,3
80,62,3
81,62,0
82,62,0
83,62,3
84,62,3
85,62,0
86,62,0
87,62,3
88,62,3
89,62,0
90,62,0
91,62,3
92,62,3
93,62,0
94,62,0
95,62,3
96,62,3
97,62,0
98,62,0
99,62,3
100,62,3
101,62,0
102,62,0
103,62,3
104,62,4
105,62,0
106,62,0
107,62,4
108,62,4
109,62,0
110,62,0
111,62,4
112,62,4
113,62,0
114,62,0
115,62,4
116,62,4
117,62,0
118,62,0
119,62,4
120,62,4
121,62,0
122,62,0
123,62,5
124,62,5
125,62,0
126,62,0
127,62,5
128,62,5
129,62,0
130,62,0
131,62,5
132,62,5
133,62,0
134,62,0
135,62,4
136,62,4
137,62,0
138,62,0
139,62,4
140,62,4
141,62,0
142,62,0
143,62,4
144,62,4
145,62,0
146,62,0
147,62,4
148,62,4
149,62,0
150,62,0
151,62,4
152,62,4
153,62,0
154,62,0
155,62,3
156,62,3
157,62,0
158,62,0
159,62,3
160,62,3
161,62,0
162,62,0
163,62,3
164,62,3
165,62,0
166,62,0
167,62,3
168,62,3
169,62,0
170,62,0
171,62,3
172,62,3
173,62,0
174,62,0
175,62,3
176,62,3
177,62,0
178,62,0
179,62,3
180,62,3
181,62,0
182,62,0
183,62,3
184,62,3
185,62,0
186,62,0
187,62,3
188,62,3
189,62,0
190,62,0
191,62,3
192,62,3
193,62,0
194,62,0
195,62,3
196,62,3
197,62,0
198,62,0
199,62,3
200,62,3
201,62,0
202,62,0
203,62,3
204,62,3
205,62,0
206,62,0
207,62,3
208,62,3
209,62,0
210,62,0
211,62,3
212,62,3
213,62,0
214,62,0
215,62,3
216,62,3
217,62,0
218,62,0
219,62,3
220,62,3
221,62,0
222,62,0
223,62,3
224,62,3
225,62,0
226,62,0
227,62,3
228,62,3
229,62,0
230,62,0
231,62,2
232,62,2
233,62,0
234,62,0
235,62,2
236,62,2
237,62,0
238,62,0
239,62,2
240,62,2
241,62,0
242,62,0
243,62,2
244,62,2
245,62,0
246,62,0
247,62,2
248,62,2
249,62,0
250,62,0
251,62,2
252,62,2
253,62,0
254,62,0
255,62,2
0,63,2
1,63,0
2,63,0
3,63,2
4,63,2
5,63,0
6,63,0
7,63,2
8,63,2
9,63,0
10,63,0
11,63,2
12,63,2
13,63,0
14,63,0
15,63,2
16,63,2
17,63,0
18,63,0
19,63,2
20,63,2
21,63,0
22,63,0
23,63,2
24,63,2
25,63,0
26,63,0
27,63,3
28,63,3
29,63,0
30,63,0
31,63,3
32,63,3
33,63,0
34,63,0
35,63,3
36,63,3
37,63,0
38,63,0
39,63,3
40,63,3
41,63,0
42,63,0
43,63,3
44,63,3
45,63,0
46,63,0
47,63,3
48,63,3
49,63,0
50,63,0
51,63,3
52,63,3
53,63,0
54,63,0
55,63,3
56,63,3
57,63,0
58,63,0
59,63,3
60,63,3
61,63,0
62,63,0
63,63,3
64,63,3
65,63,0
66,63,0
67,63,3
68,63,3
69,63,0
70,63,0
71,63,3
72,63,3
73,63,0
74,63,0
75,63,3
76,63,3
77,63,0
78,63,0
79,63,3
80,63,3
81,63,0
82,63,0
83,63,3
84,63,3
85,63,0
86,63,0
87,63,3
88,63,3
89,63,0
90,63,0
91,63,3
92,63,3
93,63,0
94,63,0
95,63,3
96,63,3
97,63,0
98,63,0
99,63,3
100,63,3
101,63,0
102,63,0
103,63,4
104,63,4
105,63,0
106,63,0
107,63,4
108,63,4
109,63,0
110,63,0
111,63,4
112,63,4
113,63,0
114,63,0
115,63,4
116,63,4
117,63,0
118,63,0
119,63,4
120,63,4
121,63,0
122,63,0
123,63,5
124,63,5
125,63,0
126,63,0
127,63,5
128,63,5
129,63,0
130,63,0
131,63,5
132,63,5
133,63,0
134,63,0
135,63,4
136,63,4
137,63,0
138,63,0
139,63,4
140,63,4
141,63,0
142,63,0
143,63,4
144,63,4
145,63,0
146,63,0
147,63,4
148,63,4
149,63,0
150,63,0
151,63,4
152,63,4
153,63,0
154,63,0
155,63,3
156,63,3
157,63,0
158,63,0
159,63,3
160,63,3
161,63,0
162,63,0
163,63,3
164,63,3
165,63,0
166,63,0
167,63,3
168,63,3
169,63,0
170,63,0
171,63,3
172,63,3
173,63,0
174,63,0
175,63,3
176,63,3
177,63,0
178,63,0
179,63,3
180,63,3
181,63,0
182,63,0
183,63,3
184,63,3
185,63,0
186,63,0
187,63,3
188,63,3
189,63,0
190,63,0
191,63,3
192,63,3
193,63,0
194,63,0
195,63,3
196,63,3
197,63,0
198,63,0
199,63,3
200,63,3
201,63,0
202,63,0
203,63,3
204,63,3
205,63,0
206,63,0
207,63,3
208,63,3
209,63,0
210,63,0
211,63,3
212,63,3
213,63,0
214,63,0
215,63,3
216,63,3
217,63,0
218,63,0
219,63,3
220,63,3
221,63,0
222,63,0
223,63,3
224,63,3
225,63,0
226,63,0
227,63,3
228,63,3
229,63,0
230,63,0
231,63,3
232,63,2
233,63,0
234,63,0
235,63,2
236,63,2
237,63,0
238,63,0
239,63,2
240,63,2
241,63,0
242,63,0
243,63,2
244,63,2
245,63,0
246,63,0
247,63,2
248,63,2
249,63,0
250,63,0
251,63,2
252,63,2
253,63,0
254,63,0
255,63,2
0,64,2
1,64,0
2,64,0
3,64,2
4,64,2
5,64,0
6,64,0
7,64,2
8,64,2
9,64,0
10,64,0
11,64,2
12,64,2
13,64,0
14,64,0
15,64,2
16,64,2
17,64,0
18,64,0
19,64,2
20,64,2
21,64,0
22,64,0
23,64,3
24,64,3
25,64,0
26,64,0
27,64,3
28,64,3
29,64,0
30,64,0
31,64,3
32,64,3
33,64,0
34,64,0
35,64,3
36,64,3
37,64,0
38,64,0
39,64,3
40,64,3
41,64,0
42,64,0
43,64,3
44,64,3
45,64,0
46,64,0
47,64,3
48,64,3
49,64,0
50,64,0
51,64,3
52,64,3
53,64,0
54,64,0
55,64,3
56,64,3
57,64,0
58,64,0
59,64,3
60,64,3
61,64,0
62,64,0
63,64,3
64,64,3
65,64,0
66,64,0
67,64,3
68,64,3
69,64,0
70,64,0
71,64,3
72,64,3
73,64,0
74,64,0
75,64,3
76,64,3
77,64,0
78,64,0
79,64,3
80,64,3
81,64,0
82,64,0
83,64,3
84,64,3
85,64,0
86,64,0
87,64,3
88,64,3
89,64,0
90,64,0
91,64,3
92,64,3
93,64,0
94,64,0
95,64,3
96,64,3
97,64,0
98,64,0
99,64,3
100,64,3
101,64,0
102,64,0
103,64,4
104,64,4
105,64,0
106,64,0
107,64,4
108,64,4
109,64,0
110,64,0
111,64,4
112,64,4
113,64,0
114,64,0
115,64,4
116,64,4
117,64,0
118,64,0
119,64,4
120,64,5
121,64,0
122,64,0
123,64,5
124,64,5
125,64,0
126,64,0
127,64,5
128,64,5
129,64,0
130,64,0
131,64,5
132,64,5
133,64,0
134,64,0
135,64,5
136,64,5
137,64,0
138,64,0
139,64,4
140,64,4
141,64,0
142,64,0
143,64,4
144,64,4
145,64,0
146,64,0
147,64,4
148,64,4
149,64,0
150,64,0
151,64,4
152,64,4
153,64,0
154,64,0
155,64,3
156,64,3
157,64,0
158,64,0
159,64,3
160,64,3
161,64,0
162,64,0
163,64,3
164,64,3
165,64,0
166,64,0
167,64,3
168,64,3
169,64,0
170,64,0
171,64,3
172,64,3
173,64,0
174,64,0
175,64,3
176,64,3
177,64,0
178,64,0
179,64,3
180,64,3
181,64,0
182,64,0
183,64,3
184,64,3
185,64,0
186,64,0
187,64,3
188,64,3
189,64,0
190,64,0
191,64,3
192,64,3
193,64,0
194,64,0
195,64,3
196,64,3
197,64,0
198,64,0
199,64,3
200,64,3
201,64,0
202,64,0
203,64,3
204,64,3
205,64,0
206,64,0
207,64,3
208,64,3
209,64,0
210,64,0
211,64,3
212,64,3
213,64,0
214,64,0
215,64,3
216,64,3
217,64,0
218,64,0
219,64,3
220,64,3
221,64,0
222,64,0
223,64,3
224,64,3
225,64,0
226,64,0
227,64,3
228,64,3
229,64,0
230,64,0
231,64,3
232,64,3
233,64,0
234,64,0
235,64,2
236,64,2
237,64,0
238,64,0
239,64,2
240,64,2
241,64,0
242,64,0
243,64,2
244,64,2
245,64,0
246,64,0
247,64,2
248,64,2
249,64,0
250,64,0
251,64,2
252,64,2
253,64,0
254,64,0
255,64,2
0,65,2
1,65,0
2,65,0
3,65,2
4,65,2
5,65,0
6,65,0
7,65,2
8,65,2
9,65,0
10,65,0
11,65,2
12,65,2
13,65,0
14,65,0
15,65,2
16,65,2
17,65,0
18,65,0
19,65,3
20,65,3
21,65,0
22,65,0
23,65,3
24,65,3
25,65,0
26,65,0
27,65,3
28,65,3
29,65,0
30,65,0
31,65,3
32,65,3
33,65,0
34,65,0
35,65,3
36,65,3
37,65,0
38,65,0
39,65,3
40,65,3
41,65,0
42,65,0
43,65,3
44,65,3
45,65,0
46,65,0
47,65,3
48,65,3
49,65,0
50,65,0
51,65,3
52,65,3
53,65,0
54,65,0
55,65,3
56,65,3
57,65,0
58,65,0
59,65,3
60,65,3
61,65,0
62,65,0
63,65,3
64,65,3
65,65,0
66,65,0
67,65,3
68,65,3
69,65,0
70,65,0
71,65,3
72,65,3
73,65,0
74,65,0
75,65,3
76,65,3
77,65,0
78,65,0
79,65,3
80,65,3
81,65,0
82,65,0
83,65,3
84,65,3
85,65,0
86,65,0
87,65,3
88,65,3
89,65,0
90,65,0
91,65,3
92,65,3
93,65,0
94,65,0
95,65,3
96,65,3
97,65,0
98,65,0
99,65,3
100,65,3
101,65,0
102,65,0
103,65,4
104,65,4
105,65,0
106,65,0
107,65,4
108,65,4
109,65,0
110,65,0
111,65,4
112,65,4
113,65,0
114,65,0
115,65,4
116,65,4
117,65,0
118,65,0
119,65,5
120,65,5
121,65,0
122,65,0
123,65,5
124,65,5
125,65,0
126,65,0
127,65,5
128,65,5
129,65,0
130,65,0
131,65,5
132,65,5
133,65,0
134,65,0
135,65,5
136,65,5
137,65,0
138,65,0
139,65,4
140,65,4
141,65,0
142,65,0
143,65,4
144,65,4
145,65,0
146,65,0
147,65,4
148,65,4
149,65,0
150,65,0
151,65,4
152,65,4
153,65,0
154,65,0
155,65,3
156,65,3
157,65,0
158,65,0
159,65,3
160,65,3
161,65,0
162,65,0
163,65,3
164,65,3
165,65,0
166,65,0
167,65,3
168,65,3
169,65,0
170,65,0
171,65,3
172,65,3
173,65,0
174,65,0
175,65,3
176,65,3
177,65,0
178,65,0
179,65,3
180,65,3
181,65,0
182,65,0
183,65,3
184,65,3
185,65,0
186,65,0
187,65,3
188,65,3
189,65,0
190,65,0
191,65,3
192,65,3
193,65,0
194,65,0
195,65,3
196,65,3
197,65,0
198,65,0
199,65,3
200,65,3
201,65,0
202,65,0
203,65,3
204,65,3
205,65,0
206,65,0
207,65,3
208,65,3
209,65,0
210,65,0
211,65,3
212,65,3
213,65,0
214,65,0
215,65,3
216,65,3
217,65,0
218,65,0
219,65,3
220,65,3
221,65,0
222,65,0
223,65,3
224,65,3
225,65,0
226,65,0
227,65,3
228,65,3
229,65,0
230,65,0
231,65,3
232,65,3
233,65,0
234,65,0
235,65,3
236,65,3
237,65,0
238,65,0
239,65,2
240,65,2
241,65,0
242,65,0
243,65,2
244,65,2
245,65,0
246,65,0
247,65,2
248,65,2
249,65,0
250,65,0
251,65,2
252,65,2
253,65,0
254,65,0
255,65,2
0,66,2
1,66,0
2,66,0
3,66,2
4,66,2
5,66,0
6,66,0
7,66,2
8,66,2
9,66,0
10,66,0
11,66,2
12,66,2
13,66,0
14,66,0
15,66,2
16,66,3
17,66,0
18,66,0
19,66,3
20,66,3
21,66,0
22,66,0
23,66,3
24,66,3
25,66,0
26,66,0
27,66,3
28,66,3
29,66,0
30,66,0
31,66,3
32,66,3
33,66,0
34,66,0
35,66,3
36,66,3
37,66,0
38,66,0
39,66,3
40,66,3
41,66,0
42,66,0
43,66,3
44,66,3
45,66,0
46,66,0
47,66,3
48,66,3
49,66,0
50,66,0
51,66,3
52,66,3
53,66,0
54,66,0
55,66,3
56,66,3
57,66,0
58,66,0
59,66,3
60,66,3
61,66,0
62,66,0
63,66,3
64,66,3
65,66,0
66,66,0
67,66,3
68,66,3
69,66,0
70,66,0
71,66,3
72,66,3
73,66,0
74,66,0
75,66,3
76,66,3
77,66,0
78,66,0
79,66,3
80,66,3
81,66,0
82,66,0
83,66,3
84,66,3
85,66,0
86,66,0
87,66,3
88,66,3
89,66,0
90,66,0
91,66,3
92,66,3
93,66,0
94,66,0
95,66,3
96,66,3
97,66,0
98,66,0
99,66,3
100,66,3
101,66,0
102,66,0
103,66,4
104,66,4
105,66,0
106,66,0
107,66,4
108,66,4
109,66,0
110,66,0
111,66,4
112,66,4
113,66,0
114,66,0
115,66,4
116,66,4
117,66,0
118,66,0
119,66,5
120,66,5
121,66,0
122,66,0
123,66,5
124,66,5
125,66,0
126,66,0
127,66,5
128,66,5
129,66,0
130,66,0
131,66,5
132,66,5
133,66,0
134,66,0
135,66,5
136,66,5
137,66,0
138,66,0
139,66,5
140,66,4
141,66,0
142,66,0
143,66,4
144,66,4
145,66,0
146,66,0
147,66,4
148,66,4
149,66,0
150,66,0
151,66,4
152,66,4
153,66,0
154,66,0
155,66,4
156,66,3
157,66,0
158,66,0
159,66,3
160,66,3
161,66,0
162,66,0
163,66,3
164,66,3
165,66,0
166,66,0
167,66,3
168,66,3
169,66,0
170,66,0
171,66,3
172,66,3
173,66,0
174,66,0
175,66,3
176,66,3
177,66,0
178,66,0
179,66,3
180,66,3
181,66,0
182,66,0
183,66,3
184,66,3
185,66,0
186,66,0
187,66,3
188,66,3
189,66,0
190,66,0
191,66,3
192,66,3
193,66,0
194,66,0
195,66,3
196,66,3
197,66,0
198,66,0
199,66,3
200,66,3
201,66,0
202,66,0
203,66,3
204,66,3
205,66,0
206,66,0
207,66,3
208,66,3
209,66,0
210,66,0
211,66,3
212,66,3
213,66,0
214,66,0
215,66,3
216,66,3
217,66,0
218,66,0
219,66,3
220,66,3
221,66,0
222,66,0
223,66,3
224,66,3
225,66,0
226,66,0
227,66,3
228,66,3
229,66,0
230,66,0
231,66,3
232,66,3
233,66,0
234,66,0
235,66,3
236,66,3
237,66,0
238,66,0
239,66,3
240,66,3
241,66,0
242,66,0
243,66,2
244,66,2
245,66,0
246,66,0
247,66,2
248,66,2
249,66,0
250,66,0
251,66,2
252,66,2
253,66,0
254,66,0
255,66,2
0,67,2
1,67,0
2,67,0
3,67,2
4,67,2
5,67,0
6,67,0
7,67,2
8,67,2
9,67,0
10,67,0
11,67,2
12,67,2
13,67,0
14,67,0
15,67,3
16,67,3
17,67,0
18,67,0
19,67,3
20,67,3
21,67,0
22,67,0
23,67,3
24,67,3
25,67,0
26,67,0
27,67,3
28,67,3
29,67,0
30,67,0
31,67,3
32,67,3
33,67,0
34,67,0
35,67,3
36,67,3
37,67,0
38,67,0
39,67,3
40,67,3
41,67,0
42,67,0
43,67,3
44,67,3
45,67,0
46,67,0
47,67,3
48,67,3
49,67,0
50,67,0
51,67,3
52,67,3
53,67,0
54,67,0
55,67,3
56,67,3
57,67,0
58,67,0
59,67,3
60,67,3
61,67,0
62,67,0
63,67,3
64,67,3
65,67,0
66,67,0
67,67,3
68,67,3
69,67,0
70,67,0
71,67,3
72,67,3
73,67,0
74,67,0
75,67,3
76,67,3
77,67,0
78,67,0
79,67,3
80,67,3
81,67,0
82,67,0
83,67,3
84,67,3
85,67,0
86,67,0
87,67,3
88,67,3
89,67,0
90,67,0
91,67,3
92,67,3
93,67,0
94,67,0
95,67,3
96,67,3
97,67,0
98,67,0
99,67,3
100,67,4
101,67,0
102,67,0
103,67,4
104,67,4
105,67,0
106,67,0
107,67,4
108,67,4
109,67,0
110,67,0
111,67,4
112,67,4
113,67,0
114,67,0
115,67,4
116,67,5
117,67,0
118,67,0
119,67,5
120,67,5
121,67,0
122,67,0
123,67,5
124,67,5
125,67,0
126,67,0
127,67,5
128,67,5
129,67,0
130,67,0
131,67,5
132,67,5
133,67,0
134,67,0
135,67,5
136,67,5
137,67,0
138,67,0
139,67,5
140,67,5
141,67,0
142,67,0
143,67,4
144,67,4
145,67,0
146,67,0
147,67,4
148,67,4
149,67,0
150,67,0
151,67,4
152,67,4
153,67,0
154,67,0
155,67,4
156,67,4
157,67,0
158,67,0
159,67,3
160,67,3
161,67,0
162,67,0
163,67,3
164,67,3
165,67,0
166,67,0
167,67,3
168,67,3
169,67,0
170,67,0
171,67,3
172,67,3
173,67,0
174,67,0
175,67,3
176,67,3
177,67,0
178,67,0
179,67,3
180,67,3
181,67,0
182,67,0
183,67,3
184,67,3
185,67,0
186,67,0
187,67,3
188,67,3
189,67,0
190,67,0
191,67,3
192,67,3
193,67,0
194,67,0
195,67,3
196,67,3
197,67,0
198,67,0
199,67,3
200,67,3
201,67,0
202,67,0
203,67,3
204,67,3
205,67,0
206,67,0
207,67,3
208,67,3
209,67,0
210,67,0
211,67,3
212,67,3
213,67,0
214,67,0
215,67,3
216,67,3
217,67,0
218,67,0
219,67,3
220,67,3
221,67,0
222,67,0
223,67,3
224,67,3
225,67,0
226,67,0
227,67,3
228,67,3
229,67,0
230,67,0
231,67,3
232,67,3
233,67,0
234,67,0
235,67,3
236,67,3
237,67,0
238,67,0
239,67,3
240,67,3
241,67,0
242,67,0
243,67,3
244,67,2
245,67,0
246,67,0
247,67,2
248,67,2
249,67,0
250,67,0
251,67,2
252,67,2
253,67,0
254,67,0
255,67,2
0,68,2
1,68,0
2,68,0
3,68,2
4,68,2
5,68,0
6,68,0
7,68,2
8,68,2
9,68,0
10,68,0
11,68,3
12,68,3
13,68,0
14,68,0
15,68,3
16,68,3
17,68,0
18,68,0
19,68,3
20,68,3
21,68,0
22,68,0
23,68,3
24,68,3
25,68,0
26,68,0
27,68,3
28,68,3
29,68,0
30,68,0
31,68,3
32,68,3
33,68,0
34,68,0
35,68,3
36,68,3
37,68,0
38,68,0
39,68,3
40,68,3
41,68,0
42,68,0
43,68,3
44,68,3
45,68,0
46,68,0
47,68,3
48,68,3
49,68,0
50,68,0
51,68,3
52,68,3
53,68,0
54,68,0
55,68,3
56,68,3
57,68,0
58,68,0
59,68,3
60,68,3
61,68,0
62,68,0
63,68,3
64,68,3
65,68,0
66,68,0
67,68,3
68,68,3
69,68,0
70,68,0
71,68,3
72,68,3
73,68,0
74,68,0
75,68,3
76,68,3
77,68,0
78,68,0
79,68,3
80,68,3
81,68,0
82,68,0
83,68,3
84,68,3
85,68,0
86,68,0
87,68,3
88,68,3
89,68,0
90,68,0
91,68,3
92,68,3
93,68,0
94,68,0
95,68,3
96,68,3
97,68,0
98,68,0
99,68,4
100,68,4
101,68,0
102,68,0
103,68,4
104,68,4
105,68,0
106,68,0
107,68,4
108,68,4
109,68,0
110,68,0
111,68,4
112,68,4
113,68,0
114,68,0
115,68,4
116,68,5
117,68,0
118,68,0
119,68,5
120,68,5
121,68,0
122,68,0
123,68,5
124,68,5
125,68,0
126,68,0
127,68,5
128,68,5
129,68,0
130,68,0
131,68,5
132,68,5
133,68,0
134,68,0
135,68,5
136,68,5
137,68,0
138,68,0
139,68,5
140,68,5
141,68,0
142,68,0
143,68,4
144,68,4
145,68,0
146,68,0
147,68,4
148,68,4
149,68,0
150,68,0
151,68,4
152,68,4
153,68,0
154,68,0
155,68,4
156,68,4
157,68,0
158,68,0
159,68,3
160,68,3
161,68,0
162,68,0
163,68,3
164,68,3
165,68,0
166,68,0
167,68,3
168,68,3
169,68,0
170,68,0
171,68,3
172,68,3
173,68,0
174,68,0
175,68,3
176,68,3
177,68,0
178,68,0
179,68,3
180,68,3
181,68,0
182,68,0
183,68,3
184,68,3
185,68,0
186,68,0
187,68,3
188,68,3
189,68,0
190,68,0
191,68,3
192,68,3
193,68,0
194,68,0
195,68,3
196,68,3
197,68,0
198,68,0
199,68,3
200,68,3
201,68,0
202,68,0
203,68,3
204,68,3
205,68,0
206,68,0
207,68,3
208,68,3
209,68,0
210,68,0
211,68,3
212,68,3
213,68,0
214,68,0
215,68,3
216,68,3
217,68,0
218,68,0
219,68,3
220,68,3
221,68,0
222,68,0
223,68,3
224,68,3
225,68,0
226,68,0
227,68,3
228,68,3
229,68,0
230,68,0
231,68,3
232,68,3
233,68,0
234,68,0
235,68,3
236,68,3
237,68,0
238,68,0
239,68,3
240,68,3
241,68,0
242,68,0
243,68,3
244,68,3
245,68,0
246,68,0
247,68,2
248,68,2
249,68,0
250,68,0
251,68,2
252,68,2
253,68,0
254,68,0
255,68,2
0,69,2
1,69,0
2,69,0
3,69,2
4,69,2
5,69,0
6,69,0
7,69,3
8,69,3
9,69,0
10,69,0
11,69,3
12,69,3
13,69,0
14,69,0
15,69,3
16,69,3
17,69,0
18,69,0
19,69,3
20,69,3
21,69,0
22,69,0
23,69,3
24,69,3
25,69,0
26,69,0
27,69,3
28,69,3
29,69,0
30,69,0
31,69,3
32,69,3
33,69,0
34,69,0
35,69,3
36,69,3
37,69,0
38,69,0
39,69,3
40,69,3
41,69,0
42,69,0
43,69,3
44,69,3
45,69,0
46,69,0
47,69,3
48,69,3
49,69,0
50,69,0
51,69,3
52,69,3
53,69,0
54,69,0
55,69,3
56,69,3
57,69,0
58,69,0
59,69,3
60,69,3
61,69,0
62,69,0
63,69,3
64,69,3
65,69,0
66,69,0
67,69,3
68,69,3
69,69,0
70,69,0
71,69,3
72,69,3
73,69,0
74,69,0
75,69,3
76,69,3
77,69,0
78,69,0
79,69,3
80,69,3
81,69,0
82,69,0
83,69,3
84,69,3
85,69,0
86,69,0
87,69,3
88,69,3
89,69,0
90,69,0
91,69,3
92,69,3
93,69,0
94,69,0
95,69,3
96,69,3
97,69,0
98,69,0
99,69,4
100,69,4
101,69,0
102,69,0
103,69,4
104,69,4
105,69,0
106,69,0
107,69,4
108,69,4
109,69,0
110,69,0
111,69,4
112,69,4
113,69,0
114,69,0
115,69,4
116,69,5
117,69,0
118,69,0
119,69,5
120,69,5
121,69,0
122,69,0
123,69,5
124,69,5
125,69,0
126,69,0
127,69,5
128,69,5
129,69,0
130,69,0
131,69,5
132,69,5
133,69,0
134,69,0
135,69,5
136,69,5
137,69,0
138,69,0
139,69,5
140,69,5
141,69,0
142,69,0
143,69,4
144,69,4
145,69,0
146,69,0
147,69,4
148,69,4
149,69,0
150,69,0
151,69,4
152,69,4
153,69,0
154,69,0
155,69,4
156,69,4
157,69,0
158,69,0
159,69,3
160,69,3
161,69,0
162,69,0
163,69,3
164,69,3
165,69,0
166,69,0
167,69,3
168,69,3
169,69,0
170,69,0
171,69,3
172,69,3
173,69,0
174,69,0
175,69,3
176,69,3
177,69,0
178,69,0
179,69,3
180,69,3
181,69,0
182,69,0
183,69,3
184,69,3
185,69,0
186,69,0
187,69,3
188,69,3
189,69,0
190,69,0
191,69,3
192,69,3
193,69,0
194,69,0
195,69,3
196,69,3
197,69,0
198,69,0
199,69,3
200,69,3
201,69,0
202,69,0
203,69,3
204,69,3
205,69,0
206,69,0
207,69,3
208,69,3
209,69,0
210,69,0
211,69,3
212,69,3
213,69,0
214,69,0
215,69,3
216,69,3
217,69,0
218,69,0
219,69,3
220,69,3
221,69,0
222,69,0
223,69,3
224,69,3
225,69,0
226,69,0
227,69,3
228,69,3
229,69,0
230,69,0
231,69,3
232,69,3
233,69,0
234,69,0
235,69,3
236,69,3
237,69,0
238,69,0
239,69,3
240,69,3
241,69,0
242,69,0
243,69,3
244,69,3
245,69,0
246,69,0
247,69,3
248,69,3
249,69,0
250,69,0
251,69,2
252,69,2
253,69,0
254,69,0
255,69,2
0,70,2
1,70,0
2,70,0
3,70,2
4,70,2
5,70,0
6,70,0
7,70,3
8,70,3
9,70,0
10,70,0
11,70,3
12,70,3
13,70,0
14,70,0
15,70,3
16,70,3
17,70,0
18,70,0
19,70,3
20,70,3
21,70,0
22,70,0
23,70,3
24,70,3
25,70,0
26,70,0
27,70,3
28,70,3
29,70,0
30,70,0
31,70,3
32,70,3
33,70,0
34,70,0
35,70,3
36,70,3
37,70,0
38,70,0
39,70,3
40,70,3
41,70,0
42,70,0
43,70,3
44,70,3
45,70,0
46,70,0
47,70,3
48,70,3
49,70,0
50,70,0
51,70,3
52,70,3
53,70,0
54,70,0
55,70,3
56,70,3
57,70,0
58,70,0
59,70,3
60,70,3
61,70,0
62,70,0
63,70,3
64,70,3
65,70,0
66,70,0
67,70,3
68,70,3
69,70,0
70,70,0
71,70,3
72,70,3
73,70,0
74,70,0
75,70,3
76,70,3
77,70,0
78,70,0
79,70,3
80,70,3
81,70,0
82,70,0
83,70,3
84,70,3
85,70,0
86,70,0
87,70,3
88,70,3
89,70,0
90,70,0
91,70,3
92,70,3
93,70,0
94,70,0
95,70,3
96,70,3
97,70,0
98,70,0
99,70,4
100,70,4
101,70,0
102,70,0
103,70,4
104,70,4
105,70,0
106,70,0
107,70,4
108,70,4
109,70,0
110,70,0
111,70,4
112,70,4
113,70,0
114,70,0
115,70,4
116,70,5
117,70,0
118,70,0
119,70,5
120,70,5
121,70,0
122,70,0
123,70,5
124,70,5
125,70,0
126,70,0
127,70,5
128,70,5
129,70,0
130,70,0
131,70,5
132,70,5
133,70,0
134,70,0
135,70,5
136,70,5
137,70,0
138,70,0
139,70,5
140,70,5
141,70,0
142,70,0
143,70,4
144,70,4
145,70,0
146,70,0
147,70,4
148,70,4
149,70,0
150,70,0
151,70,4
152,70,4
153,70,0
154,70,0
155,70,4
156,70,4
157,70,0
158,70,0
159,70,4
160,70,3
161,70,0
162,70,0
163,70,3
164,70,3
165,70,0
166,70,0
167,70,3
168,70,3
169,70,0
170,70,0
171,70,3
172,70,3
173,70,0
174,70,0
175,70,3
176,70,3
177,70,0
178,70,0
179,70,3
180,70,3
181,70,0
182,70,0
183,70,3
184,70,3
185,70,0
186,70,0
187,70,3
188,70,3
189,70,0
190,70,0
191,70,3
192,70,3
193,70,0
194,70,0
195,70,3
196,70,3
197,70,0
198,70,0
199,70,3
200,70,3
201,70,0
202,70,0
203,70,3
204,70,3
205,70,0
206,70,0
207,70,3
208,70,3
209,70,0
210,70,0
211,70,3
212,70,3
213,70,0
214,70,0
215,70,3
216,70,3
217,70,0
218,70,0
219,70,3
220,70,3
221,70,0
222,70,0
223,70,3
224,70,3
225,70,0
226,70,0
227,70,3
228,70,3
229,70,0
230,70,0
231,70,3
232,70,3
233,70,0
234,70,0
235,70,3
236,70,3
237,70,0
238,70,0
239,70,3
240,70,3
241,70,0
242,70,0
243,70,3
244,70,3
245,70,0
246,70,0
247,70,3
248,70,3
249,70,0
250,70,0
251,70,3
252,70,2
253,70,0
254,70,0
255,70,2
0,71,2
1,71,0
2,71,0
3,71,2
4,71,3
5,71,0
6,71,0
7,71,3
8,71,3
9,71,0
10,71,0
11,71,3
12,71,3
13,71,0
14,71,0
15,71,3
16,71,3
17,71,0
18,71,0
19,71,3
20,71,3
21,71,0
22,71,0
23,71,3
24,71,3
25,71,0
26,71,0
27,71,3
28,71,3
29,71,0
30,71,0
31,71,3
32,71,3
33,71,0
34,71,0
35,71,3
36,71,3
37,71,0
38,71,0
39,71,3
40,71,3
41,71,0
42,71,0
43,71,3
44,71,3
45,71,0
46,71,0
47,71,3
48,71,3
49,71,0
50,71,0
51,71,3
52,71,3
53,71,0
54,71,0
55,71,3
56,71,3
57,71,0
58,71,0
59,71,3
60,71,3
61,71,0
62,71,0
63,71,3
64,71,3
65,71,0
66,71,0
67,71,3
68,71,3
69,71,0
70,71,0
71,71,3
72,71,3
73,71,0
74,71,0
75,71,3
76,71,3
77,71,0
78,71,0
79,71,3
80,71,3
81,71,0
82,71,0
83,71,3
84,71,3
85,71,0
86,71,0
87,71,3
88,71,3
89,71,0
90,71,0
91,71,3
92,71,3
93,71,0
94,71,0
95,71,3
96,71,4
97,71,0
98,71,0
99,71,4
100,71,4
101,71,0
102,71,0
103,71,4
104,71,4
105,71,0
106,71,0
107,71,4
108,71,4
109,71,0
110,71,0
111,71,4
112,71,4
113,71,0
114,71,0
115,71,5
116,71,5
117,71,0
118,71,0
119,71,5
120,71,5
121,71,0
122,71,0
123,71,5
124,71,5
125,71,0
126,71,0
127,71,5
128,71,5
129,71,0
130,71,0
131,71,5
132,71,5
133,71,0
134,71,0
135,71,5
136,71,5
137,71,0
138,71,0
139,71,5
140,71,5
141,71,0
142,71,0
143,71,4
144,71,4
145,71,0
146,71,0
147,71,4
148,71,4
149,71,0
150,71,0
151,71,4
152,71,4
153,71,0
154,71,0
155,71,4
156,71,4
157,71,0
158,71,0
159,71,4
160,71,4
161,71,0
162,71,0
163,71,3
164,71,3
165,71,0
166,71,0
167,71,3
168,71,3
169,71,0
170,71,0
171,71,3
172,71,3
173,71,0
174,71,0
175,71,3
176,71,3
177,71,0
178,71,0
179,71,3
180,71,3
181,71,0
182,71,0
183,71,3
184,71,3
185,71,0
186,71,0
187,71,3
188,71,3
189,71,0
190,71,0
191,71,3
192,71,3
193,71,0
194,71,0
195,71,3
196,71,3
197,71,0
198,71,0
199,71,3
200,71,3
201,71,0
202,71,0
203,71,3
204,71,3
205,71,0
206,71,0
207,71,3
208,71,3
209,71,0
210,71,0
211,71,3
212,71,3
213,71,0
214,71,0
215,71,3
216,71,3
217,71,0
218,71,0
219,71,3
220,71,3
221,71,0
222,71,0
223,71,3
224,71,3
225,71,0
226,71,0
227,71,3
228,71,3
229,71,0
230,71,0
231,71,3
232,71,3
233,71,0
234,71,0
235,71,3
236,71,3
237,71,0
238,71,0
239,71,3
240,71,3
241,71,0
242,71,0
243,71,3
244,71,3
245,71,0
246,71,0
247,71,3
248,71,3
249,71,0
250,71,0
251,71,3
252,71,3
253,71,0
254,71,0
255,71,2
0,72,2
1,72,0
2,72,0
3,72,3
4,72,3
5,72,0
6,72,0
7,72,3
8,72,3
9,72,0
10,72,0
11,72,3
12,72,3
13,72,0
14,72,0
15,72,3
16,72,3
17,72,0
18,72,0
19,72,3
20,72,3
21,72,0
22,72,0
23,72,3
24,72,3
25,72,0
26,72,0
27,72,3
28,72,3
29,72,0
30,72,0
31,72,3
32,72,3
33,72,0
34,72,0
35,72,3
36,72,3
37,72,0
38,72,0
39,72,3
40,72,3
41,72,0
42,72,0
43,72,3
44,72,3
45,72,0
46,72,0
47,72,3
48,72,3
49,72,0
50,72,0
51,72,3
52,72,3
53,72,0
54,72,0
55,72,3
56,72,3
57,72,0
58,72,0
59,72,3
60,72,3
61,72,0
62,72,0
63,72,3
64,72,3
65,72,0
66,72,0
67,72,3
68,72,3
69,72,0
70,72,0
71,72,3
72,72,3
73,72,0
74,72,0
75,72,3
76,72,3
77,72,0
78,72,0
79,72,3
80,72,3
81,72,0
82,72,0
83,72,3
84,72,3
85,72,0
86,72,0
87,72,3
88,72,3
89,72,0
90,72,0
91,72,3
92,72,3
93,72,0
94,72,0
95,72,4
96,72,4
97,72,0
98,72,0
99,72,4
100,72,4
101,72,0
102,72,0
103,72,4
104,72,4
105,72,0
106,72,0
107,72,4
108,72,4
109,72,0
110,72,0
111,72,4
112,72,4
113,72,0
114,72,0
115,72,5
116,72,5
117,72,0
118,72,0
119,72,5
120,72,5
121,72,0
122,72,0
123,72,5
124,72,5
125,72,0
126,72,0
127,72,5
128,72,5
129,72,0
130,72,0
131,72,5
132,72,5
133,72,0
134,72,0
135,72,5
136,72,5
137,72,0
138,72,0
139,72,5
140,72,5
141,72,0
142,72,0
143,72,4
144,72,4
145,72,0
146,72,0
147,72,4
148,72,4
149,72,0
150,72,0
151,72,4
152,72,4
153,72,0
154,72,0
155,72,4
156,72,4
157,72,0
158,72,0
159,72,4
160,72,4
161,72,0
162,72,0
163,72,3
164,72,3
165,72,0
166,72,0
167,72,3
168,72,3
169,72,0
170,72,0
171,72,3
172,72,3
173,72,0
174,72,0
175,72,3
176,72,3
177,72,0
178,72,0
179,72,3
180,72,3
181,72,0
182,72,0
183,72,3
184,72,3
185,72,0
186,72,0
187,72,3
188,72,3
189,72,0
190,72,0
191,72,3
192,72,3
193,72,0
194,72,0
195,72,3
196,72,3
197,72,0
198,72,0
199,72,3
200,72,3
201,72,0
202,72,0
203,72,3
204,72,3
205,72,0
206,72,0
207,72,3
208,72,3
209,72,0
210,72,0
211,72,3
212,72,3
213,72,0
214,72,0
215,72,3
216,72,3
217,72,0
218,72,0
219,72,3
220,72,3
221,72,0
222,72,0
223,72,3
224,72,3
225,72,0
226,72,0
227,72,3
228,72,3
229,72,0
230,72,0
231,72,3
232,72,3
233,72,0
234,72,0
235,72,3
236,72,3
237,72,0
238,72,0
239,72,3
240,72,3
241,72,0
242,72,0
243,72,3
244,72,3
245,72,0
246,72,0
247,72,3
248,72,3
249,72,0
250,72,0
251,72,3
252,72,3
253,72,0
254,72,0
255,72,2
0,73,2
1,73,0
2,73,0
3,73,3
4,73,3
5,73,0
6,73,0
7,73,3
8,73,3
9,73,0
10,73,0
11,73,3
12,73,3
13,73,0
14,73,0
15,73,3
16,73,3
17,73,0
18,73,0
19,73,3
20,73,3
21,73,0
22,73,0
23,73,3
24,73,3
25,73,0
26,73,0
27,73,3
28,73,3
29,73,0
30,73,0
31,73,3
32,73,3
33,73,0
34,73,0
35,73,3
36,73,3
37,73,0
38,73,0
39,73,3
40,73,3
41,73,0
42,73,0
43,73,3
44,73,3
45,73,0
46,73,0
47,73,3
48,73,3
49,73,0
50,73,0
51,73,3
52,73,3
53,73,0
54,73,0
55,73,3
56,73,3
57,73,0
58,73,0
59,73,3
60,73,3
61,73,0
62,73,0
63,73,3
64,73,3
65,73,0
66,73,0
67,73,3
68,73,3
69,73,0
70,73,0
71,73,3
72,73,3
73,73,0
74,73,0
75,73,3
76,73,3
77,73,0
78,73,0
79,73,3
80,73,3
81,73,0
82,73,0
83,73,3
84,73,3
85,73,0
86,73,0
87,73,3
88,73,3
89,73,0
90,73,0
91,73,3
92,73,3
93,73,0
94,73,0
95,73,4
96,73,4
97,73,0
98,73,0
99,73,4
100,73,4
101,73,0
102,73,0
103,73,4
104,73,4
105,73,0
106,73,0
107,73,4
108,73,4
109,73,0
110,73,0
111,73,4
112,73,4
113,73,0
114,73,0
115,73,5
116,73,5
117,73,0
118,73,0
119,73,5
120,73,5
121,73,0
122,73,0
123,73,5
124,73,5
125,73,0
126,73,0
127,73,5
128,73,5
129,73,0
130,73,0
131,73,5
132,73,5
133,73,0
134,73,0
135,73,5
136,73,5
137,73,0
138,73,0
139,73,5
140,73,5
141,73,0
142,73,0
143,73,4
144,73,4
145,73,0
146,73,0
147,73,4
148,73,4
149,73,0
150,73,0
151,73,4
152,73,4
153,73,0
154,73,0
155,73,4
156,73,4
157,73,0
158,73,0
159,73,4
160,73,4
161,73,0
162,73,0
163,73,4
164,73,3
165,73,0
166,73,0
167,73,3
168,73,3
169,73,0
170,73,0
171,73,3
172,73,3
173,73,0
174,73,0
175,73,3
176,73,3
177,73,0
178,73,0
179,73,3
180,73,3
181,73,0
182,73,0
183,73,3
184,73,3
185,73,0
186,73,0
187,73,3
188,73,3
189,73,0
190,73,0
191,73,3
192,73,3
193,73,0
194,73,0
195,73,3
196,73,3
197,73,0
198,73,0
199,73,3
200,73,3
201,73,0
202,73,0
203,73,3
204,73,3
205,73,0
206,73,0
207,73,3
208,73,3
209,73,0
210,73,0
211,73,3
212,73,3
213,73,0
214,73,0
215,73,3
216,73,3
217,73,0
218,73,0
219,73,3
220,73,3
221,73,0
222,73,0
223,73,3
224,73,3
225,73,0
226,73,0
227,73,3
228,73,3
229,73,0
230,73,0
231,73,3
232,73,3
233,73,0
234,73,0
235,73,3
236,73,3
237,73,0
238,73,0
239,73,3
240,73,3
241,73,0
242,73,0
243,73,3
244,73,3
245,73,0
246,73,0
247,73,3
248,73,3
249,73,0
250,73,0
251,73,3
252,73,3
253,73,0
254,73,0
255,73,3
0,74,3
1,74,0
2,74,0
3,74,3
4,74,3
5,74,0
6,74,0
7,74,3
8,74,3
9,74,0
10,74,0
11,74,3
12,74,3
13,74,0
14,74,0
15,74,3
16,74,3
17,74,0
18,74,0
19,74,3
20,74,3
21,74,0
22,74,0
23,74,3
24,74,3
25,74,0
26,74,0
27,74,3
28,74,3
29,74,0
30,74,0
31,74,3
32,74,3
33,74,0
34,74,0
35,74,3
36,74,3
37,74,0
38,74,0
39,74,3
40,74,3
41,74,0
42,74,0
43,74,3
44,74,3
45,74,0
46,74,0
47,74,3
48,74,3
49,74,0
50,74,0
51,74,3
52,74,3
53,74,0
54,74,0
55,74,3
56,74,3
57,74,0
58,74,0
59,74,3
60,74,3
61,74,0
62,74,0
63,74,3
64,74,3
65,74,0
66,74,0
67,74,3
68,74,3
69,74,0
70,74,0
71,74,3
72,74,3
73,74,0
74,74,0
75,74,3
76,74,3
77,74,0
78,74,0
79,74,3
80,74,3
81,74,0
82,74,0
83,74,3
84,74,3
85,74,0
86,74,0
87,74,3
88,74,3
89,74,0
90,74,0
91,74,3
92,74,4
93,74,0
94,74,0
95,74,4
96,74,4
97,74,0
98,74,0
99,74,4
100,74,4
101,74,0
102,74,0
103,74,4
104,74,4
105,74,0
106,74,0
107,74,4
108,74,4
109,74,0
110,74,0
111,74,4
112,74,4
113,74,0
114,74,0
115,74,5
116,74,5
117,74,0
118,74,0
119,74,5
120,74,5
121,74,0
122,74,0
123,74,5
124,74,5
125,74,0
126,74,0
127,74,5
128,74,5
129,74,0
130,74,0
131,74,5
132,74,5
133,74,0
134,74,0
135,74,5
136,74,5
137,74,0
138,74,0
139,74,5
140,74,5
141,74,0
142,74,0
143,74,4
144,74,4
145,74,0
146,74,0
147,74,4
148,74,4
149,74,0
150,74,0
151,74,4
152,74,4
153,74,0
154,74,0
155,74,4
156,74,4
157,74,0
158,74,0
159,74,4
160,74,4
161,74,0
162,74,0
163,74,4
164,74,4
165,74,0
166,74,0
167,74,3
168,74,3
169,74,0
170,74,0
171,74,3
172,74,3
173,74,0
174,74,0
175,74,3
176,74,3
177,74,0
178,74,0
179,74,3
180,74,3
181,74,0
182,74,0
183,74,3
184,74,3
185,74,0
186,74,0
187,74,3
188,74,3
189,74,0
190,74,0
191,74,3
192,74,3
193,74,0
194,74,0
195,74,3
196,74,3
197,74,0
198,74,0
199,74,3
200,74,3
201,74,0
202,74,0
203,74,3
204,74,3
205,74,0
206,74,0
207,74,3
208,74,3
209,74,0
210,74,0
211,74,3
212,74,3
213,74,0
214,74,0
215,74,3
216,74,3
217,74,0
218,74,0
219,74,3
220,74,3
221,74,0
222,74,0
223,74,3
224,74,3
225,74,0
226,74,0
227,74,3
228,74,3
229,74,0
230,74,0
231,74,3
232,74,3
233,74,0
234,74,0
235,74,3
236,74,3
237,74,0
238,74,0
239,74,3
240,74,3
241,74,0
242,74,0
243,74,3
244,74,3
245,74,0
246,74,0
247,74,3
248,74,3
249,74,0
250,74,0
251,74,3
252,74,3
253,74,0
254,74,0
255,74,3
0,75,3
1,75,0
2,75,0
3,75,3
4,75,3
5,75,0
6,75,0
7,75,3
8,75,3
9,75,0
10,75,0
11,75,3
12,75,3
13,75,0
14,75,0
15,75,3
16,75,3
17,75,0
18,75,0
19,75,3
20,75,3
21,75,0
22,75,0
23,75,3
24,75,3
25,75,0
26,75,0
27,75,3
28,75,3
29,75,0
30,75,0
31,75,3
32,75,3
33,75,0
34,75,0
35,75,3
36,75,3
37,75,0
38,75,0
39,75,3
40,75,3
41,75,0
42,75,0
43,75,3
44,75,3
45,75,0
46,75,0
47,75,3
48,75,3
49,75,0
50,75,0
51,75,3
52,75,3
53,75,0
54,75,0
55,75,3
56,75,3
57,75,0
58,75,0
59,75,3
60,75,3
61,75,0
62,75,0
63,75,3
64,75,3
65,75,0
66,75,0
67,75,3
68,75,3
69,75,0
70,75,0
71,75,3
72,75,3
73,75,0
74,75,0
75,75,3
76,75,3
77,75,0
78,75,0
79,75,3
80,75,3
81,75,0
82,75,0
83,75,3
84,75,3
85,75,0
86,75,0
87,75,3
88,75,3
89,75,0
90,75,0
91,75,4
92,75,4
93,75,0
94,75,0
95,75,4
96,75,4
97,75,0
98,75,0
99,75,4
100,75,4
101,75,0
102,75,0
103,75,4
104,75,4
105,75,0
106,75,0
107,75,4
108,75,4
109,75,0
110,75,0
111,75,4
112,75,4
113,75,0
114,75,0
115,75,5
116,75,5
117,75,0
118,75,0
119,75,5
120,75,5
121,75,0
122,75,0
123,75,5
124,75,5
125,75,0
126,75,0
127,75,5
128,75,5
129,75,0
130,75,0
131,75,5
132,75,5
133,75,0
134,75,0
135,75,5
136,75,5
137,75,0
138,75,0
139,75,5
140,75,5
141,75,0
142,75,0
143,75,4
144,75,4
145,75,0
146,75,0
147,75,4
148,75,4
149,75,0
150,75,0
151,75,4
152,75,4
153,75,0
154,75,0
155,75,4
156,75,4
157,75,0
158,75,0
159,75,4
160,75,4
161,75,0
162,75,0
163,75,4
164,75,4
165,75,0
166,75,0
167,75,3
168,75,3
169,75,0
170,75,0
171,75,3
172,75,3
173,75,0
174,75,0
175,75,3
176,75,3
177,75,0
178,75,0
179,75,3
180,75,3
181,75,0
182,75,0
183,75,3
184,75,3
185,75,0
186,75,0
187,75,3
188,75,3
189,75,0
190,75,0
191,75,3
192,75,3
193,75,0
194,75,0
195,75,3
196,75,3
197,75,0
198,75,0
199,75,3
200,75,3
201,75,0
202,75,0
203,75,3
204,75,3
205,75,0
206,75,0
207,75,3
208,75,3
209,75,0
210,75,0
211,75,3
212,75,3
213,75,0
214,75,0
215,75,3
216,75,3
217,75,0
218,75,0
219,75,3
220,75,3
221,75,0
222,75,0
223,75,3
224,75,3
225,75,0
226,75,0
227,75,3
228,75,3
229,75,0
230,75,0
231,75,3
232,75,3
233,75,0
234,75,0
235,75,3
236,75,3
237,75,0
238,75,0
239,75,3
240,75,3
241,75,0
242,75,0
243,75,3
244,75,3
245,75,0
246,75,0
247,75,3
248,75,3
249,75,0
250,75,0
251,75,3
252,75,3
253,75,0
254,75,0
255,75,3
0,76,3
1,76,0
2,76,0
3,76,3
4,76,3
5,76,0
6,76,0
7,76,3
8,76,3
9,76,0
10,76,0
11,76,3
12,76,3
13,76,0
14,76,0
15,76,3
16,76,3
17,76,0
18,76,0
19,76,3
20,76,3
21,76,0
22,76,0
23,76,3
24,76,3
25,76,0
26,76,0
27,76,3
28,76,3
29,76,0
30,76,0
31,76,3
32,76,3
33,76,0
34,76,0
35,76,3
36,76,3
37,76,0
38,76,0
39,76,3
40,76,3
41,76,0
42,76,0
43,76,3
44,76,3
45,76,0
46,76,0
47,76,3
48,76,3
49,76,0
50,76,0
51,76,3
52,76,3
53,76,0
54,76,0
55,76,3
56,76,3
57,76,0
58,76,0
59,76,3
60,76,3
61,76,0
62,76,0
63,76,3
64,76,3
65,76,0
66,76,0
67,76,3
68,76,3
69,76,0
70,76,0
71,76,3
72,76,3
73,76,0
74,76,0
75,76,3
76,76,3
77,76,0
78,76,0
79,76,3
80,76,3
81,76,0
82,76,0
83,76,3
84,76,3
85,76,0
86,76,0
87,76,3
88,76,4
89,76,0
90,76,0
91,76,4
92,76,4
93,76,0
94,76,0
95,76,4
96,76,4
97,76,0
98,76,0
99,76,4
100,76,4
101,76,0
102,76,0
103,76,4
104,76,4
105,76,0
106,76,0
107,76,4
108,76,4
109,76,0
110,76,0
111,76,4
112,76,4
113,76,0
114,76,0
115,76,5
116,76,5
117,76,0
118,76,0
119,76,5
120,76,5
121,76,0
122,76,0
123,76,5
124,76,5
125,76,0
126,76,0
127,76,5
128,76,5
129,76,0
130,76,0
131,76,5
132,76,5
133,76,0
134,76,0
135,76,5
136,76,5
137,76,0
138,76,0
139,76,5
140,76,5
141,76,0
142,76,0
143,76,4
144,76,4
145,76,0
146,76,0
147,76,4
148,76,4
149,76,0
150,76,0
151,76,4
152,76,4
153,76,0
154,76,0
155,76,4
156,76,4
157,76,0
158,76,0
159,76,4
160,76,4
161,76,0
162,76,0
163,76,4
164,76,4
165,76,0
166,76,0
167,76,4
168,76,4
169,76,0
170,76,0
171,76,3
172,76,3
173,76,0
174,76,0
175,76,3
176,76,3
177,76,0
178,76,0
179,76,3
180,76,3
181,76,0
182,76,0
183,76,3
184,76,3
185,76,0
186,76,0
187,76,3
188,76,3
189,76,0
190,76,0
191,76,3
192,76,3
193,76,0
194,76,0
195,76,3
196,76,3
197,76,0
198,76,0
199,76,3
200,76,3
201,76,0
202,76,0
203,76,3
204,76,3
205,76,0
206,76,0
207,76,3
208,76,3
209,76,0
210,76,0
211,76,3
212,76,3
213,76,0
214,76,0
215,76,3
216,76,3
217,76,0
218,76,0
219,76,3
220,76,3
221,76,0
222,76,0
223,76,3
224,76,3
225,76,0
226,76,0
227,76,3
228,76,3
229,76,0
230,76,0
231,76,3
232,76,3
233,76,0
234,76,0
235,76,3
236,76,3
237,76,0
238,76,0
239,76,3
240,76,3
241,76,0
242,76,0
243,76,3
244,76,3
245,76,0
246,76,0
247,76,3
248,76,3
249,76,0
250,76,0
251,76,3
252,76,3
253,76,0
254,76,0
255,76,3
0,77,3
1,77,0
2,77,0
3,77,3
4,77,3
5,77,0
6,77,0
7,77,3
8,77,3
9,77,0
10,77,0
11,77,3
12,77,3
13,77,0
14,77,0
15,77,3
16,77,3
17,77,0
18,77,0
19,77,3
20,77,3
21,77,0
22,77,0
23,77,3
24,77,3
25,77,0
26,77,0
27,77,3
28,77,3
29,77,0
30,77,0
31,77,3
32,77,3
33,77,0
34,77,0
35,77,3
36,77,3
37,77,0
38,77,0
39,77,3
40,77,3
41,77,0
42,77,0
43,77,3
44,77,3
45,77,0
46,77,0
47,77,3
48,77,3
49,77,0
50,77,0
51,77,3
52,77,3
53,77,0
54,77,0
55,77,3
56,77,3
57,77,0
58,77,0
59,77,3
60,77,3
61,77,0
62,77,0
63,77,3
64,77,3
65,77,0
66,77,0
67,77,3
68,77,3
69,77,0
70,77,0
71,77,3
72,77,3
73,77,0
74,77,0
75,77,3
76,77,3
77,77,0
78,77,0
79,77,3
80,77,3
81,77,0
82,77,0
83,77,3
84,77,3
85,77,0
86,77,0
87,77,4
88,77,4
89,77,0
90,77,0
91,77,4
92,77,4
93,77,0
94,77,0
95,77,4
96,77,4
97,77,0
98,77,0
99,77,4
100,77,4
101,77,0
102,77,0
103,77,4
104,77,4
105,77,0
106,77,0
107,77,4
108,77,4
109,77,0
110,77,0
111,77,4
112,77,4
113,77,0
114,77,0
115,77,5
116,77,5
117,77,0
118,77,0
119,77,5
120,77,5
121,77,0
122,77,0
123,77,5
124,77,5
125,77,0
126,77,0
127,77,5
128,77,5
129,77,0
130,77,0
131,77,5
132,77,5
133,77,0
134,77,0
135,77,5
136,77,5
137,77,0
138,77,0
139,77,5
140,77,5
141,77,0
142,77,0
143,77,4
144,77,4
145,77,0
146,77,0
147,77,4
148,77,4
149,77,0
150,77,0
151,77,4
152,77,4
153,77,0
154,77,0
155,77,4
156,77,4
157,77,0
158,77,0
159,77,4
160,77,4
161,77,0
162,77,0
163,77,4
164,77,4
165,77,0
166,77,0
167,77,4
168,77,4
169,77,0
170,77,0
171,77,3
172,77,3
173,77,0
174,77,0
175,77,3
176,77,3
177,77,0
178,77,0
179,77,3
180,77,3
181,77,0
182,77,0
183,77,3
184,77,3
185,77,0
186,77,0
187,77,3
188,77,3
189,77,0
190,77,0
191,77,3
192,77,3
193,77,0
194,77,0
195,77,3
196,77,3
197,77,0
198,77,0
199,77,3
200,77,3
201,77,0
202,77,0
203,77,3
204,77,3
205,77,0
206,77,0
207,77,3
208,77,3
209,77,0
210,77,0
211,77,3
212,77,3
213,77,0
214,77,0
215,77,3
216,77,3
217,77,0
218,77,0
219,77,3
220,77,3
221,77,0
222,77,0
223,77,3
224,77,3
225,77,0
226,77,0
227,77,3
228,77,3
229,77,0
230,77,0
231,77,3
232,77,3
233,77,0
234,77,0
235,77,3
236,77,3
237,77,0
238,77,0
239,77,3
240,77,3
241,77,0
242,77,0
243,77,3
244,77,3
245,77,0
246,77,0
247,77,3
248,77,3
249,77,0
250,77,0
251,77,3
252,77,3
253,77,0
254,77,0
255,77,3
0,78,3
1,78,0
2,78,0
3,78,3
4,78,3
5,78,0
6,78,0
7,78,3
8,78,3
9,78,0
10,78,0
11,78,3
12,78,3
13,78,0
14,78,0
15,78,3
16,78,3
17,78,0
18,78,0
19,78,3
20,78,3
21,78,0
22,78,0
23,78,3
24,78,3
25,78,0
26,78,0
27,78,3
28,78,3
29,78,0
30,78,0
31,78,3
32,78,3
33,78,0
34,78,0
35,78,3
36,78,3
37,78,0
38,78,0
39,78,3
40,78,3
41,78,0
42,78,0
43,78,3
44,78,3
45,78,0
46,78,0
47,78,3
48,78,3
49,78,0
50,78,0
51,78,3
52,78,3
53,78,0
54,78,0
55,78,3
56,78,3
57,78,0
58,78,0
59,78,3
60,78,3
61,78,0
62,78,0
63,78,3
64,78,3
65,78,0
66,78,0
67,78,3
68,78,3
69,78,0
70,78,0
71,78,3
72,78,3
73,78,0
74,78,0
75,78,3
76,78,3
77,78,0
78,78,0
79,78,3
80,78,3
81,78,0
82,78,0
83,78,3
84,78,3
85,78,0
86,78,0
87,78,4
88,78,4
89,78,0
90,78,0
91,78,4
92,78,4
93,78,0
94,78,0
95,78,4
96,78,4
97,78,0
98,78,0
99,78,4
100,78,4
101,78,0
102,78,0
103,78,4
104,78,4
105,78,0
106,78,0
107,78,4
108,78,4
109,78,0
110,78,0
111,78,4
112,78,4
113,78,0
114,78,0
115,78,5
116,78,5
117,78,0
118,78,0
119,78,5
120,78,5
121,78,0
122,78,0
123,78,5
124,78,5
125,78,0
126,78,0
127,78,5
128,78,5
129,78,0
130,78,0
131,78,5
132,78,5
133,78,0
134,78,0
135,78,5
136,78,5
137,78,0
138,78,0
139,78,5
140,78,5
141,78,0
142,78,0
143,78,4
144,78,4
145,78,0
146,78,0
147,78,4
148,78,4
149,78,0
150,78,0
151,78,4
152,78,4
153,78,0
154,78,0
155,78,4
156,78,4
157,78,0
158,78,0
159,78,4
160,78,4
161,78,0
162,78,0
163,78,4
164,78,4
165,78,0
166,78,0
167,78,4
168,78,4
169,78,0
170,78,0
171,78,4
172,78,3
173,78,0
174,78,0
175,78,3
176,78,3
177,78,0
178,78,0
179,78,3
180,78,3
181,78,0
182,78,0
183,78,3
184,78,3
185,78,0
186,78,0
187,78,3
188,78,3
189,78,0
190,78,0
191,78,3
192,78,3
193,78,0
194,78,0
195,78,3
196,78,3
197,78,0
198,78,0
199,78,3
200,78,3
201,78,0
202,78,0
203,78,3
204,78,3
205,78,0
206,78,0
207,78,3
208,78,3
209,78,0
210,78,0
211,78,3
212,78,3
213,78,0
214,78,0
215,78,3
216,78,3
217,78,0
218,78,0
219,78,3
220,78,3
221,78,0
222,78,0
223,78,3
224,78,3
225,78,0
226,78,0
227,78,3
228,78,3
229,78,0
230,78,0
231,78,3
232,78,3
233,78,0
234,78,0
235,78,3
236,78,3
237,78,0
238,78,0
239,78,3
240,78,3
241,78,0
242,78,0
243,78,3
244,78,3
245,78,0
246,78,0
247,78,3
248,78,3
249,78,0
250,78,0
251,78,3
252,78,3
253,78,0
254,78,0
255,78,3
0,79,3
1,79,0
2,79,0
3,79,3
4,79,3
5,79,0
6,79,0
7,79,3
8,79,3
9,79,0
10,79,0
11,79,3
12,79,3
13,79,0
14,79,0
15,79,3
16,79,3
17,79,0
18,79,0
19,79,3
20,79,3
21,79,0
22,79,0
23,79,3
24,79,3
25,79,0
26,79,0
27,79,3
28,79,3
29,79,0
30,79,0
31,79,3
32,79,3
33,79,0
34,79,0
35,79,3
36,79,3
37,79,0
38,79,0
39,79,3
40,79,3
41,79,0
42,79,0
43,79,3
44,79,3
45,79,0
46,79,0
47,79,3
48,79,3
49,79,0
50,79,0
51,79,3
52,79,3
53,79,0
54,79,0
55,79,3
56,79,3
57,79,0
58,79,0
59,79,3
60,79,3
61,79,0
62,79,0
63,79,3
64,79,3
65,79,0
66,79,0
67,79,3
68,79,3
69,79,0
70,79,0
71,79,3
72,79,3
73,79,0
74,79,0
75,79,3
76,79,3
77,79,0
78,79,0
79,79,3
80,79,3
81,79,0
82,79,0
83,79,4
84,79,4
85,79,0
86,79,0
87,79,4
88,79,4
89,79,0
90,79,0
91,79,4
92,79,4
93,79,0
94,79,0
95,79,4
96,79,4
97,79,0
98,79,0
99,79,4
100,79,4
101,79,0
102,79,0
103,79,4
104,79,4
105,79,0
106,79,0
107,79,4
108,79,4
109,79,0
110,79,0
111,79,4
112,79,4
113,79,0
114,79,0
115,79,5
116,79,5
117,79,0
118,79,0
119,79,5
120,79,5
121,79,0
122,79,0
123,79,5
124,79,5
125,79,0
126,79,0
127,79,5
128,79,5
129,79,0
130,79,0
131,79,5
132,79,5
133,79,0
134,79,0
135,79,5
136,79,5
137,79,0
138,79,0
139,79,5
140,79,5
141,79,0
142,79,0
143,79,4
144,79,4
145,79,0
146,79,0
147,79,4
148,79,4
149,79,0
150,79,0
151,79,4
152,79,4
153,79,0
154,79,0
155,79,4
156,79,4
157,79,0
158,79,0
159,79,4
160,79,4
161,79,0
162,79,0
163,79,4
164,79,4
165,79,0
166,79,0
167,79,4
168,79,4
169,79,0
170,79,0
171,79,4
172,79,4
173,79,0
174,79,0
175,79,3
176,79,3
177,79,0
178,79,0
179,79,3
180,79,3
181,79,0
182,79,0
183,79,3
184,79,3
185,79,0
186,79,0
187,79,3
188,79,3
189,79,0
190,79,0
191,79,3
192,79,3
193,79,0
194,79,0
195,79,3
196,79,3
197,79,0
198,79,0
199,79,3
200,79,3
201,79,0
202,79,0
203,79,3
204,79,3
205,79,0
206,79,0
207,79,3
208,79,3
209,79,0
210,79,0
211,79,3
212,79,3
213,79,0
214,79,0
215,79,3
216,79,3
217,79,0
218,79,0
219,79,3
220,79,3
221,79,0
222,79,0
223,79,3
224,79,3
225,79,0
226,79,0
227,79,3
228,79,3
229,79,0
230,79,0
231,79,3
232,79,3
233,79,0
234,79,0
235,79,3
236,79,3
237,79,0
238,79,0
239,79,3
240,79,3
241,79,0
242,79,0
243,79,3
244,79,3
245,79,0
246,79,0
247,79,3
248,79,3
249,79,0
250,79,0
251,79,3
252,79,3
253,79,0
254,79,0
255,79,3
0,80,3
1,80,0
2,80,0
3,80,3
4,80,3
5,80,0
6,80,0
7,80,3
8,80,3
9,80,0
10,80,0
11,80,3
12,80,3
13,80,0
14,80,0
15,80,3
16,80,3
17,80,0
18,80,0
19,80,3
20,80,3
21,80,0
22,80,0
23,80,3
24,80,3
25,80,0
26,80,0
27,80,3
28,80,3
29,80,0
30,80,0
31,80,3
32,80,3
33,80,0
34,80,0
35,80,3
36,80,3
37,80,0
38,80,0
39,80,3
40,80,3
41,80,0
42,80,0
43,80,3
44,80,3
45,80,0
46,80,0
47,80,3
48,80,3
49,80,0
50,80,0
51,80,3
52,80,3
53,80,0
54,80,0
55,80,3
56,80,3
57,80,0
58,80,0
59,80,3
60,80,3
61,80,0
62,80,0
63,80,3
64,80,3
65,80,0
66,80,0
67,80,3
68,80,3
69,80,0
70,80,0
71,80,3
72,80,3
73,80,0
74,80,0
75,80,3
76,80,3
77,80,0
78,80,0
79,80,3
80,80,4
81,80,0
82,80,0
83,80,4
84,80,4
85,80,0
86,80,0
87,80,4
88,80,4
89,80,0
90,80,0
91,80,4
92,80,4
93,80,0
94,80,0
95,80,4
96,80,4
97,80,0
98,80,0
99,80,4
100,80,4
101,80,0
102,80,0
103,80,4
104,80,4
105,80,0
106,80,0
107,80,4
108,80,4
109,80,0
110,80,0
111,80,4
112,80,4
113,80,0
114,80,0
115,80,5
116,80,5
117,80,0
118,80,0
119,80,5
120,80,5
121,80,0
122,80,0
123,80,5
124,80,5
125,80,0
126,80,0
127,80,5
128,80,5
129,80,0
130,80,0
131,80,5
132,80,5
133,80,0
134,80,0
135,80,5
136,80,5
137,80,0
138,80,0
139,80,5
140,80,5
141,80,0
142,80,0
143,80,4
144,80,4
145,80,0
146,80,0
147,80,4
148,80,4
149,80,0
150,80,0
151,80,4
152,80,4
153,80,0
154,80,0
155,80,4
156,80,4
157,80,0
158,80,0
159,80,4
160,80,4
161,80,0
162,80,0
163,80,4
164,80,4
165,80,0
166,80,0
167,80,4
168,80,4
169,80,0
170,80,0
171,80,4
172,80,4
173,80,0
174,80,0
175,80,4
176,80,4
177,80,0
178,80,0
179,80,3
180,80,3
181,80,0
182,80,0
183,80,3
184,80,3
185,80,0
186,80,0
187,80,3
188,80,3
189,80,0
190,80,0
191,80,3
192,80,3
193,80,0
194,80,0
195,80,3
196,80,3
197,80,0
198,80,0
199,80,3
200,80,3
201,80,0
202,80,0
203,80,3
204,80,3
205,80,0
206,80,0
207,80,3
208,80,3
209,80,0
210,80,0
211,80,3
212,80,3
213,80,0
214,80,0
215,80,3
216,80,3
217,80,0
218,80,0
219,80,3
220,80,3
221,80,0
222,80,0
223,80,3
224,80,3
225,80,0
226,80,0
227,80,3
228,80,3
229,80,0
230,80,0
231,80,3
232,80,3
233,80,0
234,80,0
235,80,3
236,80,3
237,80,0
238,80,0
239,80,3
240,80,3
241,80,0
242,80,0
243,80,3
244,80,3
245,80,0
246,80,0
247,80,3
248,80,3
249,80,0
250,80,0
251,80,3
252,80,3
253,80,0
254,80,0
255,80,3
0,81,3
1,81,0
2,81,0
3,81,3
4,81,3
5,81,0
6,81,0
7,81,3
8,81,3
9,81,0
10,81,0
11,81,3
12,81,4
13,81,0
14,81,0
15,81,3
16,81,3
17,81,0
18,81,0
19,81,3
20,81,3
21,81,0
22,81,0
23,81,3
24,81,3
25,81,0
26,81,0
27,81,3
28,81,3
29,81,0
30,81,0
31,81,3
32,81,3
33,81,0
34,81,0
35,81,3
36,81,3
37,81,0
38,81,0
39,81,3
40,81,3
41,81,0
42,81,0
43,81,3
44,81,3
45,81,0
46,81,0
47,81,3
48,81,3
49,81,0
50,81,0
51,81,3
52,81,3
53,81,0
54,81,0
55,81,3
56,81,3
57,81,0
58,81,0
59,81,3
60,81,3
61,81,0
62,81,0
63,81,3
64,81,3
65,81,0
66,81,0
67,81,3
68,81,3
69,81,0
70,81,0
71,81,3
72,81,3
73,81,0
74,81,0
75,81,3
76,81,3
77,81,0
78,81,0
79,81,4
80,81,4
81,81,0
82,81,0
83,81,4
84,81,4
85,81,0
86,81,0
87,81,4
88,81,4
89,81,0
90,81,0
91,81,4
92,81,4
93,81,0
94,81,0
95,81,4
96,81,4
97,81,0
98,81,0
99,81,4
100,81,4
101,81,0
102,81,0
103,81,4
104,81,4
105,81,0
106,81,0
107,81,4
108,81,4
109,81,0
110,81,0
111,81,4
112,81,4
113,81,0
114,81,0
115,81,5
116,81,5
117,81,0
118,81,0
119,81,5
120,81,5
121,81,0
122,81,0
123,81,5
124,81,5
125,81,0
126,81,0
127,81,5
128,81,5
129,81,0
130,81,0
131,81,5
132,81,5
133,81,0
134,81,0
135,81,5
136,81,5
137,81,0
138,81,0
139,81,5
140,81,5
141,81,0
142,81,0
143,81,4
144,81,4
145,81,0
146,81,0
147,81,4
148,81,4
149,81,0
150,81,0
151,81,4
152,81,4
153,81,0
154,81,0
155,81,4
156,81,4
157,81,0
158,81,0
159,81,4
160,81,4
161,81,0
162,81,0
163,81,4
164,81,4
165,81,0
166,81,0
167,81,4
168,81,4
169,81,0
170,81,0
171,81,4
172,81,4
173,81,0
174,81,0
175,81,4
176,81,4
177,81,0
178,81,0
179,81,4
180,81,3
181,81,0
182,81,0
183,81,3
184,81,3
185,81,0
186,81,0
187,81,3
188,81,3
189,81,0
190,81,0
191,81,3
192,81,3
193,81,0
194,81,0
195,81,3
196,81,3
197,81,0
198,81,0
199,81,3
200,81,3
201,81,0
202,81,0
203,81,3
204,81,3
205,81,0
206,81,0
207,81,3
208,81,3
209,81,0
210,81,0
211,81,3
212,81,3
213,81,0
214,81,0
215,81,3
216,81,3
217,81,0
218,81,0
219,81,3
220,81,3
221,81,0
222,81,0
223,81,3
224,81,3
225,81,0
226,81,0
227,81,3
228,81,3
229,81,0
230,81,0
231,81,3
232,81,3
233,81,0
234,81,0
235,81,3
236,81,3
237,81,0
238,81,0
239,81,3
240,81,3
241,81,0
242,81,0
243,81,4
244,81,4
245,81,0
246,81,0
247,81,3
248,81,3
249,81,0
250,81,0
251,81,3
252,81,3
253,81,0
254,81,0
255,81,3
0,82,3
1,82,0
2,82,0
3,82,3
4,82,3
5,82,0
6,82,0
7,82,3
8,82,3
9,82,0
10,82,0
11,82,4
12,82,4
13,82,0
14,82,0
15,82,4
16,82,4
17,82,0
18,82,0
19,82,4
20,82,4
21,82,0
22,82,0
23,82,4
24,82,4
25,82,0
26,82,0
27,82,3
28,82,3
29,82,0
30,82,0
31,82,3
32,82,3
33,82,0
34,82,0
35,82,3
36,82,3
37,82,0
38,82,0
39,82,3
40,82,3
41,82,0
42,82,0
43,82,3
44,82,3
45,82,0
46,82,0
47,82,3
48,82,3
49,82,0
50,82,0
51,82,3
52,82,3
53,82,0
54,82,0
55,82,3
56,82,3
57,82,0
58,82,0
59,82,3
60,82,3
61,82,0
62,82,0
63,82,3
64,82,3
65,82,0
66,82,0
67,82,3
68,82,3
69,82,0
70,82,0
71,82,3
72,82,3
73,82,0
74,82,0
75,82,4
76,82,4
77,82,0
78,82,0
79,82,4
80,82,4
81,82,0
82,82,0
83,82,4
84,82,4
85,82,0
86,82,0
87,82,4
88,82,4
89,82,0
90,82,0
91,82,4
92,82,4
93,82,0
94,82,0
95,82,4
96,82,4
97,82,0
98,82,0
99,82,4
100,82,4
101,82,0
102,82,0
103,82,4
104,82,4
105,82,0
106,82,0
107,82,4
108,82,4
109,82,0
110,82,0
111,82,4
112,82,4
113,82,0
114,82,0
115,82,5
116,82,5
117,82,0
118,82,0
119,82,5
120,82,5
121,82,0
122,82,0
123,82,5
124,82,5
125,82,0
126,82,0
127,82,5
128,82,5
129,82,0
130,82,0
131,82,5
132,82,5
133,82,0
134,82,0
135,82,5
136,82,5
137,82,0
138,82,0
139,82,5
140,82,5
141,82,0
142,82,0
143,82,4
144,82,4
145,82,0
146,82,0
147,82,4
148,82,4
149,82,0
150,82,0
151,82,4
152,82,4
153,82,0
154,82,0
155,82,4
156,82,4
157,82,0
158,82,0
159,82,4
160,82,4
161,82,0
162,82,0
163,82,4
164,82,4
165,82,0
166,82,0
167,82,4
168,82,4
169,82,0
170,82,0
171,82,4
172,82,4
173,82,0
174,82,0
175,82,4
176,82,4
177,82,0
178,82,0
179,82,4
180,82,4
181,82,0
182,82,0
183,82,3
184,82,3
185,82,0
186,82,0
187,82,3
188,82,3
189,82,0
190,82,0
191,82,3
192,82,3
193,82,0
194,82,0
195,82,3
196,82,3
197,82,0
198,82,0
199,82,3
200,82,3
201,82,0
202,82,0
203,82,3
204,82,3
205,82,0
206,82,0
207,82,3
208,82,3
209,82,0
210,82,0
211,82,3
212,82,3
213,82,0
214,82,0
215,82,3
216,82,3
217,82,0
218,82,0
219,82,3
220,82,3
221,82,0
222,82,0
223,82,3
224,82,3
225,82,0
226,82,0
227,82,3
228,82,3
229,82,0
230,82,0
231,82,3
232,82,4
233,82,0
234,82,0
235,82,4
236,82,4
237,82,0
238,82,0
239,82,4
240,82,4
241,82,0
242,82,0
243,82,4
244,82,4
245,82,0
246,82,0
247,82,3
248,82,3
249,82,0
250,82,0
251,82,3
252,82,3
253,82,0
254,82,0
255,82,3
0,83,3
1,83,0
2,83,0
3,83,3
4,83,3
5,83,0
6,83,0
7,83,3
8,83,3
9,83,0
10,83,0
11,83,4
12,83,4
13,83,0
14,83,0
15,83,4
16,83,4
17,83,0
18,83,0
19,83,4
20,83,4
21,83,0
22,83,0
23,83,4
24,83,4
25,83,0
26,83,0
27,83,4
28,83,4
29,83,0
30,83,0
31,83,4
32,83,4
33,83,0
34,83,0
35,83,3
36,83,3
37,83,0
38,83,0
39,83,3
40,83,3
41,83,0
42,83,0
43,83,3
44,83,3
45,83,0
46,83,0
47,83,3
48,83,3
49,83,0
50,83,0
51,83,3
52,83,3
53,83,0
54,83,0
55,83,3
56,83,3
57,83,0
58,83,0
59,83,3
60,83,3
61,83,0
62,83,0
63,83,3
64,83,3
65,83,0
66,83,0
67,83,3
68,83,3
69,83,0
70,83,0
71,83,4
72,83,4
73,83,0
74,83,0
75,83,4
76,83,4
77,83,0
78,83,0
79,83,4
80,83,4
81,83,0
82,83,0
83,83,4
84,83,4
85,83,0
86,83,0
87,83,4
88,83,4
89,83,0
90,83,0
91,83,4
92,83,4
93,83,0
94,83,0
95,83,4
96,83,4
97,83,0
98,83,0
99,83,4
100,83,4
101,83,0
102,83,0
103,83,4
104,83,4
105,83,0
106,83,0
107,83,4
108,83,4
109,83,0
110,83,0
111,83,4
112,83,4
113,83,0
114,83,0
115,83,5
116,83,5
117,83,0
118,83,0
119,83,5
120,83,5
121,83,0
122,83,0
123,83,5
124,83,5
125,83,0
126,83,0
127,83,5
128,83,5
129,83,0
130,83,0
131,83,5
132,83,5
133,83,0
134,83,0
135,83,5
136,83,5
137,83,0
138,83,0
139,83,5
140,83,5
141,83,0
142,83,0
143,83,5
144,83,4
145,83,0
146,83,0
147,83,4
148,83,4
149,83,0
150,83,0
151,83,4
152,83,4
153,83,0
154,83,0
155,83,4
156,83,4
157,83,0
158,83,0
159,83,4
160,83,4
161,83,0
162,83,0
163,83,4
164,83,4
165,83,0
166,83,0
167,83,4
168,83,4
169,83,0
170,83,0
171,83,4
172,83,4
173,83,0
174,83,0
175,83,4
176,83,4
177,83,0
178,83,0
179,83,4
180,83,4
181,83,0
182,83,0
183,83,4
184,83,4
185,83,0
186,83,0
187,83,3
188,83,3
189,83,0
190,83,0
191,83,3
192,83,3
193,83,0
194,83,0
195,83,3
196,83,3
197,83,0
198,83,0
199,83,3
200,83,3
201,83,0
202,83,0
203,83,3
204,83,3
205,83,0
206,83,0
207,83,3
208,83,3
209,83,0
210,83,0
211,83,3
212,83,3
213,83,0
214,83,0
215,83,3
216,83,3
217,83,0
218,83,0
219,83,3
220,83,3
221,83,0
222,83,0
223,83,3
224,83,4
225,83,0
226,83,0
227,83,4
228,83,4
229,83,0
230,83,0
231,83,4
232,83,4
233,83,0
234,83,0
235,83,4
236,83,4
237,83,0
238,83,0
239,83,4
240,83,4
241,83,0
242,83,0
243,83,4
244,83,4
245,83,0
246,83,0
247,83,3
248,83,3
249,83,0
250,83,0
251,83,3
252,83,3
253,83,0
254,83,0
255,83,3
0,84,3
1,84,0
2,84,0
3,84,3
4,84,3
5,84,0
6,84,0
7,84,3
8,84,3
9,84,0
10,84,0
11,84,4
12,84,4
13,84,0
14,84,0
15,84,4
16,84,4
17,84,0
18,84,0
19,84,4
20,84,4
21,84,0
22,84,0
23,84,4
24,84,4
25,84,0
26,84,0
27,84,4
28,84,4
29,84,0
30,84,0
31,84,4
32,84,4
33,84,0
34,84,0
35,84,4
36,84,4
37,84,0
38,84,0
39,84,4
40,84,4
41,84,0
42,84,0
43,84,3
44,84,3
45,84,0
46,84,0
47,84,3
48,84,3
49,84,0
50,84,0
51,84,3
52,84,3
53,84,0
54,84,0
55,84,3
56,84,3
57,84,0
58,84,0
59,84,3
60,84,3
61,84,0
62,84,0
63,84,4
64,84,4
65,84,0
66,84,0
67,84,4
68,84,4
69,84,0
70,84,0
71,84,4
72,84,4
73,84,0
74,84,0
75,84,4
76,84,4
77,84,0
78,84,0
79,84,4
80,84,4
81,84,0
82,84,0
83,84,4
84,84,4
85,84,0
86,84,0
87,84,4
88,84,4
89,84,0
90,84,0
91,84,4
92,84,4
93,84,0
94,84,0
95,84,4
96,84,4
97,84,0
98,84,0
99,84,4
100,84,4
101,84,0
102,84,0
103,84,4
104,84,4
105,84,0
106,84,0
107,84,4
108,84,4
109,84,0
110,84,0
111,84,4
112,84,4
113,84,0
114,84,0
115,84,5
116,84,5
117,84,0
118,84,0
119,84,5
120,84,5
121,84,0
122,84,0
123,84,5
124,84,5
125,84,0
126,84,0
127,84,5
128,84,5
129,84,0
130,84,0
131,84,5
132,84,5
133,84,0
134,84,0
135,84,5
136,84,5
137,84,0
138,84,0
139,84,5
140,84,5
141,84,0
142,84,0
143,84,5
144,84,4
145,84,0
146,84,0
147,84,4
148,84,4
149,84,0
150,84,0
151,84,4
152,84,4
153,84,0
154,84,0
155,84,4
156,84,4
157,84,0
158,84,0
159,84,4
160,84,4
161,84,0
162,84,0
163,84,4
164,84,4
165,84,0
166,84,0
167,84,4
168,84,4
169,84,0
170,84,0
171,84,4
172,84,4
173,84,0
174,84,0
175,84,4
176,84,4
177,84,0
178,84,0
179,84,4
180,84,4
181,84,0
182,84,0
183,84,4
184,84,4
185,84,0
186,84,0
187,84,4
188,84,4
189,84,0
190,84,0
191,84,4
192,84,4
193,84,0
194,84,0
195,84,3
196,84,3
197,84,0
198,84,0
199,84,3
200,84,3
201,84,0
202,84,0
203,84,3
204,84,3
205,84,0
206,84,0
207,84,3
208,84,3
209,84,0
210,84,0
211,84,3
212,84,3
213,84,0
214,84,0
215,84,4
216,84,4
217,84,0
218,84,0
219,84,4
220,84,4
221,84,0
222,84,0
223,84,4
224,84,4
225,84,0
226,84,0
227,84,4
228,84,4
229,84,0
230,84,0
231,84,4
232,84,4
233,84,0
234,84,0
235,84,4
236,84,4
237,84,0
238,84,0
239,84,4
240,84,4
241,84,0
242,84,0
243,84,4
244,84,4
245,84,0
246,84,0
247,84,4
248,84,3
249,84,0
250,84,0
251,84,3
252,84,3
253,84,0
254,84,0
255,84,3
0,85,3
1,85,0
2,85,0
3,85,3
4,85,3
5,85,0
6,85,0
7,85,3
8,85,4
9,85,0
10,85,0
11,85,4
12,85,4
13,85,0
14,85,0
15,85,4
16,85,4
17,85,0
18,85,0
19,85,4
20,85,4
21,85,0
22,85,0
23,85,4
24,85,4
25,85,0
26,85,0
27,85,4
28,85,4
29,85,0
30,85,0
31,85,4
32,85,4
33,85,0
34,85,0
35,85,4
36,85,4
37,85,0
38,85,0
39,85,4
40,85,4
41,85,0
42,85,0
43,85,4
44,85,4
45,85,0
46,85,0
47,85,4
48,85,4
49,85,0
50,85,0
51,85,4
52,85,4
53,85,0
54,85,0
55,85,4
56,85,4
57,85,0
58,85,0
59,85,4
60,85,4
61,85,0
62,85,0
63,85,4
64,85,4
65,85,0
66,85,0
67,85,4
68,85,4
69,85,0
70,85,0
71,85,4
72,85,4
73,85,0
74,85,0
75,85,4
76,85,4
77,85,0
78,85,0
79,85,4
80,85,4
81,85,0
82,85,0
83,85,4
84,85,4
85,85,0
86,85,0
87,85,4
88,85,4
89,85,0
90,85,0
91,85,4
92,85,4
93,85,0
94,85,0
95,85,4
96,85,4
97,85,0
98,85,0
99,85,4
100,85,4
101,85,0
102,85,0
103,85,4
104,85,4
105,85,0
106,85,0
107,85,4
108,85,4
109,85,0
110,85,0
111,85,4
112,85,4
113,85,0
114,85,0
115,85,5
116,85,5
117,85,0
118,85,0
119,85,5
120,85,5
121,85,0
122,85,0
123,85,5
124,85,5
125,85,0
126,85,0
127,85,5
128,85,5
129,85,0
130,85,0
131,85,5
132,85,5
133,85,0
134,85,0
135,85,5
136,85,5
137,85,0
138,85,0
139,85,5
140,85,5
141,85,0
142,85,0
143,85,5
144,85,4
145,85,0
146,85,0
147,85,4
148,85,4
149,85,0
150,85,0
151,85,4
152,85,4
153,85,0
154,85,0
155,85,4
156,85,4
157,85,0
158,85,0
159,85,4
160,85,4
161,85,0
162,85,0
163,85,4
164,85,4
165,85,0
166,85,0
167,85,4
168,85,4
169,85,0
170,85,0
171,85,4
172,85,4
173,85,0
174,85,0
175,85,4
176,85,4
177,85,0
178,85,0
179,85,4
180,85,4
181,85,0
182,85,0
183,85,4
184,85,4
185,85,0
186,85,0
187,85,4
188,85,4
189,85,0
190,85,0
191,85,4
192,85,4
193,85,0
194,85,0
195,85,4
196,85,4
197,85,0
198,85,0
199,85,4
200,85,4
201,85,0
202,85,0
203,85,4
204,85,4
205,85,0
206,85,0
207,85,4
208,85,4
209,85,0
210,85,0
211,85,4
212,85,4
213,85,0
214,85,0
215,85,4
216,85,4
217,85,0
218,85,0
219,85,4
220,85,4
221,85,0
222,85,0
223,85,4
224,85,4
225,85,0
226,85,0
227,85,4
228,85,4
229,85,0
230,85,0
231,85,4
232,85,4
233,85,0
234,85,0
235,85,4
236,85,4
237,85,0
238,85,0
239,85,4
240,85,4
241,85,0
242,85,0
243,85,4
244,85,4
245,85,0
246,85,0
247,85,4
248,85,4
249,85,0
250,85,0
251,85,3
252,85,3
253,85,0
254,85,0
255,85,3
0,86,3
1,86,0
2,86,0
3,86,3
4,86,3
5,86,0
6,86,0
7,86,4
8,86,4
9,86,0
10,86,0
11,86,4
12,86,4
13,86,0
14,86,0
15,86,4
16,86,4
17,86,0
18,86,0
19,86,4
20,86,4
21,86,0
22,86,0
23,86,4
24,86,4
25,86,0
26,86,0
27,86,4
28,86,4
29,86,0
30,86,0
31,86,4
32,86,4
33,86,0
34,86,0
35,86,4
36,86,4
37,86,0
38,86,0
39,86,4
40,86,4
41,86,0
42,86,0
43,86,4
44,86,4
45,86,0
46,86,0
47,86,4
48,86,4
49,86,0
50,86,0
51,86,4
52,86,4
53,86,0
54,86,0
55,86,4
56,86,4
57,86,0
58,86,0
59,86,4
60,86,4
61,86,0
62,86,0
63,86,4
64,86,4
65,86,0
66,86,0
67,86,4
68,86,4
69,86,0
70,86,0
71,86,4
72,86,4
73,86,0
74,86,0
75,86,4
76,86,4
77,86,0
78,86,0
79,86,4
80,86,4
81,86,0
82,86,0
83,86,4
84,86,4
85,86,0
86,86,0
87,86,4
88,86,4
89,86,0
90,86,0
91,86,4
92,86,4
93,86,0
94,86,0
95,86,4
96,86,4
97,86,0
98,86,0
99,86,4
100,86,4
101,86,0
102,86,0
103,86,4
104,86,4
105,86,0
106,86,0
107,86,4
108,86,4
109,86,0
110,86,0
111,86,4
112,86,4
113,86,0
114,86,0
115,86,5
116,86,5
117,86,0
118,86,0
119,86,5
120,86,5
121,86,0
122,86,0
123,86,5
124,86,5
125,86,0
126,86,0
127,86,5
128,86,5
129,86,0
130,86,0
131,86,5
132,86,5
133,86,0
134,86,0
135,86,5
136,86,5
137,86,0
138,86,0
139,86,5
140,86,5
141,86,0
142,86,0
143,86,5
144,86,4
145,86,0
146,86,0
147,86,4
148,86,4
149,86,0
150,86,0
151,86,4
152,86,4
153,86,0
154,86,0
155,86,4
156,86,4
157,86,0
158,86,0
159,86,4
160,86,4
161,86,0
162,86,0
163,86,4
164,86,4
165,86,0
166,86,0
167,86,4
168,86,4
169,86,0
170,86,0
171,86,4
172,86,4
173,86,0
174,86,0
175,86,4
176,86,4
177,86,0
178,86,0
179,86,4
180,86,4
181,86,0
182,86,0
183,86,4
184,86,4
185,86,0
186,86,0
187,86,4
188,86,4
189,86,0
190,86,0
191,86,4
192,86,4
193,86,0
194,86,0
195,86,4
196,86,4
197,86,0
198,86,0
199,86,4
200,86,4
201,86,0
202,86,0
203,86,4
204,86,4
205,86,0
206,86,0
207,86,4
208,86,4
209,86,0
210,86,0
211,86,4
212,86,4
213,86,0
214,86,0
215,86,4
216,86,4
217,86,0
218,86,0
219,86,4
220,86,4
221,86,0
222,86,0
223,86,4
224,86,4
225,86,0
226,86,0
227,86,4
228,86,4
229,86,0
230,86,0
231,86,4
232,86,4
233,86,0
234,86,0
235,86,4
236,86,4
237,86,0
238,86,0
239,86,4
240,86,4
241,86,0
242,86,0
243,86,4
244,86,4
245,86,0
246,86,0
247,86,4
248,86,4
249,86,0
250,86,0
251,86,3
252,86,3
253,86,0
254,86,0
255,86,3
0,87,3
1,87,0
2,87,0
3,87,3
4,87,3
5,87,0
6,87,0
7,87,4
8,87,4
9,87,0
10,87,0
11,87,4
12,87,4
13,87,0
14,87,0
15,87,4
16,87,4
17,87,0
18,87,0
19,87,4
20,87,4
21,87,0
22,87,0
23,87,4
24,87,4
25,87,0
26,87,0
27,87,4
28,87,4
29,87,0
30,87,0
31,87,4
32,87,4
33,87,0
34,87,0
35,87,4
36,87,4
37,87,0
38,87,0
39,87,4
40,87,4
41,87,0
42,87,0
43,87,4
44,87,4
45,87,0
46,87,0
47,87,4
48,87,4
49,87,0
50,87,0
51,87,4
52,87,4
53,87,0
54,87,0
55,87,4
56,87,4
57,87,0
58,87,0
59,87,4
60,87,4
61,87,0
62,87,0
63,87,4
64,87,4
65,87,0
66,87,0
67,87,4
68,87,4
69,87,0
70,87,0
71,87,4
72,87,4
73,87,0
74,87,0
75,87,4
76,87,4
77,87,0
78,87,0
79,87,4
80,87,4
81,87,0
82,87,0
83,87,4
84,87,4
85,87,0
86,87,0
87,87,4
88,87,4
89,87,0
90,87,0
91,87,4
92,87,4
93,87,0
94,87,0
95,87,4
96,87,4
97,87,0
98,87,0
99,87,4
100,87,4
101,87,0
102,87,0
103,87,4
104,87,4
105,87,0
106,87,0
107,87,4
108,87,4
109,87,0
110,87,0
111,87,4
112,87,5
113,87,0
114,87,0
115,87,5
116,87,5
117,87,0
118,87,0
119,87,5
120,87,5
121,87,0
122,87,0
123,87,5
124,87,5
125,87,0
126,87,0
127,87,5
128,87,5
129,87,0
130,87,0
131,87,5
132,87,5
133,87,0
134,87,0
135,87,5
136,87,5
137,87,0
138,87,0
139,87,5
140,87,5
141,87,0
142,87,0
143,87,5
144,87,5
145,87,0
146,87,0
147,87,4
148,87,4
149,87,0
150,87,0
151,87,4
152,87,4
153,87,0
154,87,0
155,87,4
156,87,4
157,87,0
158,87,0
159,87,4
160,87,4
161,87,0
162,87,0
163,87,4
164,87,4
165,87,0
166,87,0
167,87,4
168,87,4
169,87,0
170,87,0
171,87,4
172,87,4
173,87,0
174,87,0
175,87,4
176,87,4
177,87,0
178,87,0
179,87,4
180,87,4
181,87,0
182,87,0
183,87,4
184,87,4
185,87,0
186,87,0
187,87,4
188,87,4
189,87,0
190,87,0
191,87,4
192,87,4
193,87,0
194,87,0
195,87,4
196,87,4
197,87,0
198,87,0
199,87,4
200,87,4
201,87,0
202,87,0
203,87,4
204,87,4
205,87,0
206,87,0
207,87,4
208,87,4
209,87,0
210,87,0
211,87,4
212,87,4
213,87,0
214,87,0
215,87,4
216,87,4
217,87,0
218,87,0
219,87,4
220,87,4
221,87,0
222,87,0
223,87,4
224,87,4
225,87,0
226,87,0
227,87,4
228,87,4
229,87,0
230,87,0
231,87,4
232,87,4
233,87,0
234,87,0
235,87,4
236,87,4
237,87,0
238,87,0
239,87,4
240,87,4
241,87,0
242,87,0
243,87,4
244,87,4
245,87,0
246,87,0
247,87,4
248,87,4
249,87,0
250,87,0
251,87,3
252,87,3
253,87,0
254,87,0
255,87,3
0,88,3
1,88,0
2,88,0
3,88,3
4,88,3
5,88,0
6,88,0
7,88,4
8,88,4
9,88,0
10,88,0
11,88,4
12,88,4
13,88,0
14,88,0
15,88,4
16,88,4
17,88,0
18,88,0
19,88,4
20,88,4
21,88,0
22,88,0
23,88,4
24,88,4
25,88,0
26,88,0
27,88,4
28,88,4
29,88,0
30,88,0
31,88,4
32,88,4
33,88,0
34,88,0
35,88,4
36,88,4
37,88,0
38,88,0
39,88,4
40,88,4
41,88,0
42,88,0
43,88,4
44,88,4
45,88,0
46,88,0
47,88,4
48,88,4
49,88,0
50,88,0
51,88,4
52,88,4
53,88,0
54,88,0
55,88,4
56,88,4
57,88,0
58,88,0
59,88,4
60,88,4
61,88,0
62,88,0
63,88,4
64,88,4
65,88,0
66,88,0
67,88,4
68,88,4
69,88,0
70,88,0
71,88,4
72,88,4
73,88,0
74,88,0
75,88,4
76,88,4
77,88,0
78,88,0
79,88,4
80,88,4
81,88,0
82,88,0
83,88,4
84,88,4
85,88,0
86,88,0
87,88,4
88,88,4
89,88,0
90,88,0
91,88,4
92,88,4
93,88,0
94,88,0
95,88,4
96,88,4
97,88,0
98,88,0
99,88,4
100,88,4
101,88,0
102,88,0
103,88,4
104,88,4
105,88,0
106,88,0
107,88,4
108,88,4
109,88,0
110,88,0
111,88,4
112,88,5
113,88,0
114,88,0
115,88,5
116,88,5
117,88,0
118,88,0
119,88,5
120,88,5
121,88,0
122,88,0
123,88,5
124,88,5
125,88,0
126,88,0
127,88,5
128,88,5
129,88,0
130,88,0
131,88,5
132,88,5
133,88,0
134,88,0
135,88,5
136,88,5
137,88,0
138,88,0
139,88,5
140,88,5
141,88,0
142,88,0
143,88,5
144,88,5
145,88,0
146,88,0
147,88,4
148,88,4
149,88,0
150,88,0
151,88,4
152,88,4
153,88,0
154,88,0
155,88,4
156,88,4
157,88,0
158,88,0
159,88,4
160,88,4
161,88,0
162,88,0
163,88,4
164,88,4
165,88,0
166,88,0
167,88,4
168,88,4
169,88,0
170,88,0
171,88,4
172,88,4
173,88,0
174,88,0
175,88,4
176,88,4
177,88,0
178,88,0
179,88,4
180,88,4
181,88,0
182,88,0
183,88,4
184,88,4
185,88,0
186,88,0
187,88,4
188,88,4
189,88,0
190,88,0
191,88,4
192,88,4
193,88,0
194,88,0
195,88,4
196,88,4
197,88,0
198,88,0
199,88,4
200,88,4
201,88,0
202,88,0
203,88,4
204,88,4
205,88,0
206,88,0
207,88,4
208,88,4
209,88,0
210,88,0
211,88,4
212,88,4
213,88,0
214,88,0
215,88,4
216,88,4
217,88,0
218,88,0
219,88,4
220,88,4
221,88,0
222,88,0
223,88,4
224,88,4
225,88,0
226,88,0
227,88,4
228,88,4
229,88,0
230,88,0
231,88,4
232,88,4
233,88,0
234,88,0
235,88,4
236,88,4
237,88,0
238,88,0
239,88,4
240,88,4
241,88,0
242,88,0
243,88,4
244,88,4
245,88,0
246,88,0
247,88,4
248,88,4
249,88,0
250,88,0
251,88,4
252,88,3
253,88,0
254,88,0
255,88,3
0,89,3
1,89,0
2,89,0
3,89,3
4,89,4
5,89,0
6,89,0
7,89,4
8,89,4
9,89,0
10,89,0
11,89,4
12,89,4
13,89,0
14,89,0
15,89,4
16,89,4
17,89,0
18,89,0
19,89,4
20,89,4
21,89,0
22,89,0
23,89,4
24,89,4
25,89,0
26,89,0
27,89,4
28,89,4
29,89,0
30,89,0
31,89,4
32,89,4
33,89,0
34,89,0
35,89,4
36,89,4
37,89,0
38,89,0
39,89,4
40,89,4
41,89,0
42,89,0
43,89,4
44,89,4
45,89,0
46,89,0
47,89,4
48,89,4
49,89,0
50,89,0
51,89,4
52,89,4
53,89,0
54,89,0
55,89,4
56,89,4
57,89,0
58,89,0
59,89,4
60,89,4
61,89,0
62,89,0
63,89,4
64,89,4
65,89,0
66,89,0
67,89,4
68,89,4
69,89,0
70,89,0
71,89,4
72,89,4
73,89,0
74,89,0
75,89,4
76,89,4
77,89,0
78,89,0
79,89,4
80,89,4
81,89,0
82,89,0
83,89,4
84,89,4
85,89,0
86,89,0
87,89,4
88,89,4
89,89,0
90,89,0
91,89,4
92,89,4
93,89,0
94,89,0
95,89,4
96,89,4
97,89,0
98,89,0
99,89,4
100,89,4
101,89,0
102,89,0
103,89,4
104,89,4
105,89,0
106,89,0
107,89,4
108,89,4
109,89,0
110,89,0
111,89,4
112,89,5
113,89,0
114,89,0
115,89,5
116,89,5
117,89,0
118,89,0
119,89,5
120,89,5
121,89,0
122,89,0
123,89,5
124,89,5
125,89,0
126,89,0
127,89,5
128,89,5
129,89,0
130,89,0
131,89,5
132,89,5
133,89,0
134,89,0
135,89,5
136,89,5
137,89,0
138,89,0
139,89,5
140,89,5
141,89,0
142,89,0
143,89,5
144,89,5
145,89,0
146,89,0
147,89,4
148,89,4
149,89,0
150,89,0
151,89,4
152,89,4
153,89,0
154,89,0
155,89,4
156,89,4
157,89,0
158,89,0
159,89,4
160,89,4
161,89,0
162,89,0
163,89,4
164,89,4
165,89,0
166,89,0
167,89,4
168,89,4
169,89,0
170,89,0
171,89,4
172,89,4
173,89,0
174,89,0
175,89,4
176,89,4
177,89,0
178,89,0
179,89,4
180,89,4
181,89,0
182,89,0
183,89,4
184,89,4
185,89,0
186,89,0
187,89,4
188,89,4
189,89,0
190,89,0
191,89,4
192,89,4
193,89,0
194,89,0
195,89,4
196,89,4
197,89,0
198,89,0
199,89,4
200,89,4
201,89,0
202,89,0
203,89,4
204,89,4
205,89,0
206,89,0
207,89,4
208,89,4
209,89,0
210,89,0
211,89,4
212,89,4
213,89,0
214,89,0
215,89,4
216,89,4
217,89,0
218,89,0
219,89,4
220,89,4
221,89,0
222,89,0
223,89,4
224,89,4
225,89,0
226,89,0
227,89,4
228,89,4
229,89,0
230,89,0
231,89,4
232,89,4
233,89,0
234,89,0
235,89,4
236,89,4
237,89,0
238,89,0
239,89,4
240,89,4
241,89,0
242,89,0
243,89,4
244,89,4
245,89,0
246,89,0
247,89,4
248,89,4
249,89,0
250,89,0
251,89,4
252,89,4
253,89,0
254,89,0
255,89,3
0,90,3
1,90,0
2,90,0
3,90,4
4,90,4
5,90,0
6,90,0
7,90,4
8,90,4
9,90,0
10,90,0
11,90,4
12,90,4
13,90,0
14,90,0
15,90,4
16,90,4
17,90,0
18,90,0
19,90,4
20,90,4
21,90,0
22,90,0
23,90,4
24,90,4
25,90,0
26,90,0
27,90,4
28,90,4
29,90,0
30,90,0
31,90,4
32,90,4
33,90,0
34,90,0
35,90,4
36,90,4
37,90,0
38,90,0
39,90,4
40,90,4
41,90,0
42,90,0
43,90,4
44,90,4
45,90,0
46,90,0
47,90,4
48,90,4
49,90,0
50,90,0
51,90,4
52,90,4
53,90,0
54,90,0
55,90,4
56,90,4
57,90,0
58,90,0
59,90,4
60,90,4
61,90,0
62,90,0
63,90,4
64,90,4
65,90,0
66,90,0
67,90,4
68,90,4
69,90,0
70,90,0
71,90,4
72,90,4
73,90,0
74,90,0
75,90,4
76,90,4
77,90,0
78,90,0
79,90,4
80,90,4
81,90,0
82,90,0
83,90,4
84,90,4
85,90,0
86,90,0
87,90,4
88,90,4
89,90,0
90,90,0
91,90,4
92,90,4
93,90,0
94,90,0
95,90,4
96,90,4
97,90,0
98,90,0
99,90,4
100,90,4
101,90,0
102,90,0
103,90,4
104,90,4
105,90,0
106,90,0
107,90,4
108,90,4
109,90,0
110,90,0
111,90,4
112,90,5
113,90,0
114,90,0
115,90,5
116,90,5
117,90,0
118,90,0
119,90,5
120,90,5
121,90,0
122,90,0
123,90,5
124,90,5
125,90,0
126,90,0
127,90,5
128,90,5
129,90,0
130,90,0
131,90,5
132,90,5
133,90,0
134,90,0
135,90,5
136,90,5
137,90,0
138,90,0
139,90,5
140,90,5
141,90,0
142,90,0
143,90,5
144,90,5
145,90,0
146,90,0
147,90,4
148,90,4
149,90,0
150,90,0
151,90,4
152,90,4
153,90,0
154,90,0
155,90,4
156,90,4
157,90,0
158,90,0
159,90,4
160,90,4
161,90,0
162,90,0
163,90,4
164,90,4
165,90,0
166,90,0
167,90,4
168,90,4
169,90,0
170,90,0
171,90,4
172,90,4
173,90,0
174,90,0
175,90,4
176,90,4
177,90,0
178,90,0
179,90,4
180,90,4
181,90,0
182,90,0
183,90,4
184,90,4
185,90,0
186,90,0
187,90,4
188,90,4
189,90,0
190,90,0
191,90,4
192,90,4
193,90,0
194,90,0
195,90,4
196,90,4
197,90,0
198,90,0
199,90,4
200,90,4
201,90,0
202,90,0
203,90,4
204,90,4
205,90,0
206,90,0
207,90,4
208,90,4
209,90,0
210,90,0
211,90,4
212,90,4
213,90,0
214,90,0
215,90,4
216,90,4
217,90,0
218,90,0
219,90,4
220,90,4
221,90,0
222,90,0
223,90,4
224,90,4
225,90,0
226,90,0
227,90,4
228,90,4
229,90,0
230,90,0
231,90,4
232,90,4
233,90,0
234,90,0
235,90,4
236,90,4
237,90,0
238,90,0
239,90,4
240,90,4
241,90,0
242,90,0
243,90,4
244,90,4
245,90,0
246,90,0
247,90,4
248,90,4
249,90,0
250,90,0
251,90,4
252,90,4
253,90,0
254,90,0
255,90,3
0,91,3
1,91,0
2,91,0
3,91,4
4,91,4
5,91,0
6,91,0
7,91,4
8,91,4
9,91,0
10,91,0
11,91,4
12,91,4
13,91,0
14,91,0
15,91,4
16,91,4
17,91,0
18,91,0
19,91,4
20,91,4
21,91,0
22,91,0
23,91,4
24,91,4
25,91,0
26,91,0
27,91,4
28,91,4
29,91,0
30,91,0
31,91,4
32,91,4
33,91,0
34,91,0
35,91,4
36,91,4
37,91,0
38,91,0
39,91,4
40,91,4
41,91,0
42,91,0
43,91,4
44,91,4
45,91,0
46,91,0
47,91,4
48,91,4
49,91,0
50,91,0
51,91,4
52,91,4
53,91,0
54,91,0
55,91,4
56,91,4
57,91,0
58,91,0
59,91,4
60,91,4
61,91,0
62,91,0
63,91,4
64,91,4
65,91,0
66,91,0
67,91,4
68,91,4
69,91,0
70,91,0
71,91,4
72,91,4
73,91,0
74,91,0
75,91,4
76,91,4
77,91,0
78,91,0
79,91,4
80,91,4
81,91,0
82,91,0
83,91,4
84,91,4
85,91,0
86,91,0
87,91,4
88,91,4
89,91,0
90,91,0
91,91,4
92,91,4
93,91,0
94,91,0
95,91,4
96,91,4
97,91,0
98,91,0
99,91,4
100,91,4
101,91,0
102,91,0
103,91,4
104,91,4
105,91,0
106,91,0
107,91,4
108,91,4
109,91,0
110,91,0
111,91,5
112,91,5
113,91,0
114,91,0
115,91,5
116,91,5
117,91,0
118,91,0
119,91,5
120,91,5
121,91,0
122,91,0
123,91,5
124,91,5
125,91,0
126,91,0
127,91,5
128,91,5
129,91,0
130,91,0
131,91,5
132,91,5
133,91,0
134,91,0
135,91,5
136,91,5
137,91,0
138,91,0
139,91,5
140,91,5
141,91,0
142,91,0
143,91,5
144,91,5
145,91,0
146,91,0
147,91,4
148,91,4
149,91,0
150,91,0
151,91,4
152,91,4
153,91,0
154,91,0
155,91,4
156,91,4
157,91,0
158,91,0
159,91,4
160,91,4
161,91,0
162,91,0
163,91,4
164,91,4
165,91,0
166,91,0
167,91,4
168,91,4
169,91,0
170,91,0
171,91,4
172,91,4
173,91,0
174,91,0
175,91,4
176,91,4
177,91,0
178,91,0
179,91,4
180,91,4
181,91,0
182,91,0
183,91,4
184,91,4
185,91,0
186,91,0
187,91,4
188,91,4
189,91,0
190,91,0
191,91,4
192,91,4
193,91,0
194,91,0
195,91,4
196,91,4
197,91,0
198,91,0
199,91,4
200,91,4
201,91,0
202,91,0
203,91,4
204,91,4
205,91,0
206,91,0
207,91,4
208,91,4
209,91,0
210,91,0
211,91,4
212,91,4
213,91,0
214,91,0
215,91,4
216,91,4
217,91,0
218,91,0
219,91,4
220,91,4
221,91,0
222,91,0
223,91,4
224,91,4
225,91,0
226,91,0
227,91,4
228,91,4
229,91,0
230,91,0
231,91,4
232,91,4
233,91,0
234,91,0
235,91,4
236,91,4
237,91,0
238,91,0
239,91,4
240,91,4
241,91,0
242,91,0
243,91,4
244,91,4
245,91,0
246,91,0
247,91,4
248,91,4
249,91,0
250,91,0
251,91,4
252,91,4
253,91,0
254,91,0
255,91,3
0,92,3
1,92,0
2,92,0
3,92,4
4,92,4
5,92,0
6,92,0
7,92,4
8,92,4
9,92,0
10,92,0
11,92,4
12,92,4
13,92,0
14,92,0
15,92,4
16,92,4
17,92,0
18,92,0
19,92,4
20,92,4
21,92,0
22,92,0
23,92,4
24,92,4
25,92,0
26,92,0
27,92,4
28,92,4
29,92,0
30,92,0
31,92,4
32,92,4
33,92,0
34,92,0
35,92,4
36,92,4
37,92,0
38,92,0
39,92,4
40,92,4
41,92,0
42,92,0
43,92,4
44,92,4
45,92,0
46,92,0
47,92,4
48,92,4
49,92,0
50,92,0
51,92,4
52,92,4
53,92,0
54,92,0
55,92,4
56,92,4
57,92,0
58,92,0
59,92,4
60,92,4
61,92,0
62,92,0
63,92,4
64,92,4
65,92,0
66,92,0
67,92,4
68,92,4
69,92,0
70,92,0
71,92,4
72,92,4
73,92,0
74,92,0
75,92,4
76,92,4
77,92,0
78,92,0
79,92,4
80,92,4
81,92,0
82,92,0
83,92,4
84,92,4
85,92,0
86,92,0
87,92,4
88,92,4
89,92,0
90,92,0
91,92,4
92,92,4
93,92,0
94,92,0
95,92,4
96,92,4
97,92,0
98,92,0
99,92,4
100,92,4
101,92,0
102,92,0
103,92,4
104,92,4
105,92,0
106,92,0
107,92,4
108,92,4
109,92,0
110,92,0
111,92,5
112,92,5
113,92,0
114,92,0
115,92,5
116,92,5
117,92,0
118,92,0
119,92,5
120,92,5
121,92,0
122,92,0
123,92,5
124,92,5
125,92,0
126,92,0
127,92,5
128,92,5
129,92,0
130,92,0
131,92,5
132,92,5
133,92,0
134,92,0
135,92,5
136,92,5
137,92,0
138,92,0
139,92,5
140,92,5
141,92,0
142,92,0
143,92,5
144,92,5
145,92,0
146,92,0
147,92,4
148,92,4
149,92,0
150,92,0
151,92,4
152,92,4
153,92,0
154,92,0
155,92,4
156,92,4
157,92,0
158,92,0
159,92,4
160,92,4
161,92,0
162,92,0
163,92,4
164,92,4
165,92,0
166,92,0
167,92,4
168,92,4
169,92,0
170,92,0
171,92,4
172,92,4
173,92,0
174,92,0
175,92,4
176,92,4
177,92,0
178,92,0
179,92,4
180,92,4
181,92,0
182,92,0
183,92,4
184,92,4
185,92,0
186,92,0
187,92,4
188,92,4
189,92,0
190,92,0
191,92,4
192,92,4
193,92,0
194,92,0
195,92,4
196,92,4
197,92,0
198,92,0
199,92,4
200,92,4
201,92,0
202,92,0
203,92,4
204,92,4
205,92,0
206,92,0
207,92,4
208,92,4
209,92,0
210,92,0
211,92,4
212,92,4
213,92,0
214,92,0
215,92,4
216,92,4
217,92,0
218,92,0
219,92,4
220,92,4
221,92,0
222,92,0
223,92,4
224,92,4
225,92,0
226,92,0
227,92,4
228,92,4
229,92,0
230,92,0
231,92,4
232,92,4
233,92,0
234,92,0
235,92,4
236,92,4
237,92,0
238,92,0
239,92,4
240,92,4
241,92,0
242,92,0
243,92,4
244,92,4
245,92,0
246,92,0
247,92,4
248,92,4
249,92,0
250,92,0
251,92,4
252,92,4
253,92,0
254,92,0
255,92,4
0,93,4
1,93,0
2,93,0
3,93,4
4,93,4
5,93,0
6,93,0
7,93,4
8,93,4
9,93,0
10,93,0
11,93,4
12,93,4
13,93,0
14,93,0
15,93,4
16,93,4
17,93,0
18,93,0
19,93,4
20,93,4
21,93,0
22,93,0
23,93,4
24,93,4
25,93,0
26,93,0
27,93,4
28,93,4
29,93,0
30,93,0
31,93,4
32,93,4
33,93,0
34,93,0
35,93,4
36,93,4
37,93,0
38,93,0
39,93,4
40,93,4
41,93,0
42,93,0
43,93,4
44,93,4
45,93,0
46,93,0
47,93,4
48,93,4
49,93,0
50,93,0
51,93,4
52,93,4
53,93,0
54,93,0
55,93,4
56,93,4
57,93,0
58,93,0
59,93,4
60,93,4
61,93,0
62,93,0
63,93,4
64,93,4
65,93,0
66,93,0
67,93,4
68,93,4
69,93,0
70,93,0
71,93,4
72,93,4
73,93,0
74,93,0
75,93,4
76,93,4
77,93,0
78,93,0
79,93,4
80,93,4
81,93,0
82,93,0
83,93,4
84,93,4
85,93,0
86,93,0
87,93,4
88,93,4
89,93,0
90,93,0
91,93,4
92,93,4
93,93,0
94,93,0
95,93,4
96,93,4
97,93,0
98,93,0
99,93,4
100,93,4
101,93,0
102,93,0
103,93,4
104,93,4
105,93,0
106,93,0
107,93,4
108,93,4
109,93,0
110,93,0
111,93,5
112,93,5
113,93,0
114,93,0
115,93,5
116,93,5
117,93,0
118,93,0
119,93,5
120,93,5
121,93,0
122,93,0
123,93,5
124,93,5
125,93,0
126,93,0
127,93,5
128,93,5
129,93,0
130,93,0
131,93,5
132,93,5
133,93,0
134,93,0
135,93,5
136,93,5
137,93,0
138,93,0
139,93,5
140,93,5
141,93,0
142,93,0
143,93,5
144,93,5
145,93,0
146,93,0
147,93,4
148,93,4
149,93,0
150,93,0
151,93,4
152,93,4
153,93,0
154,93,0
155,93,4
156,93,4
157,93,0
158,93,0
159,93,4
160,93,4
161,93,0
162,93,0
163,93,4
164,93,4
165,93,0
166,93,0
167,93,4
168,93,4
169,93,0
170,93,0
171,93,4
172,93,4
173,93,0
174,93,0
175,93,4
176,93,4
177,93,0
178,93,0
179,93,4
180,93,4
181,93,0
182,93,0
183,93,4
184,93,4
185,93,0
186,93,0
187,93,4
188,93,4
189,93,0
190,93,0
191,93,4
192,93,4
193,93,0
194,93,0
195,93,4
196,93,4
197,93,0
198,93,0
199,93,4
200,93,4
201,93,0
202,93,0
203,93,4
204,93,4
205,93,0
206,93,0
207,93,4
208,93,4
209,93,0
210,93,0
211,93,4
212,93,4
213,93,0
214,93,0
215,93,4
216,93,4
217,93,0
218,93,0
219,93,4
220,93,4
221,93,0
222,93,0
223,93,4
224,93,4
225,93,0
226,93,0
227,93,4
228,93,4
229,93,0
230,93,0
231,93,4
232,93,4
233,93,0
234,93,0
235,93,4
236,93,4
237,93,0
238,93,0
239,93,4
240,93,4
241,93,0
242,93,0
243,93,4
244,93,4
245,93,0
246,93,0
247,93,4
248,93,4
249,93,0
250,93,0
251,93,4
252,93,4
253,93,0
254,93,0
255,93,4
0,94,4
1,94,0
2,94,0
3,94,4
4,94,4
5,94,0
6,94,0
7,94,4
8,94,4
9,94,0
10,94,0
11,94,4
12,94,4
13,94,0
14,94,0
15,94,4
16,94,5
17,94,0
18,94,0
19,94,4
20,94,4
21,94,0
22,94,0
23,94,4
24,94,4
25,94,0
26,94,0
27,94,4
28,94,4
29,94,0
30,94,0
31,94,4
32,94,4
33,94,0
34,94,0
35,94,4
36,94,4
37,94,0
38,94,0
39,94,4
40,94,4
41,94,0
42,94,0
43,94,4
44,94,4
45,94,0
46,94,0
47,94,4
48,94,4
49,94,0
50,94,0
51,94,4
52,94,4
53,94,0
54,94,0
55,94,4
56,94,4
57,94,0
58,94,0
59,94,4
60,94,4
61,94,0
62,94,0
63,94,4
64,94,4
65,94,0
66,94,0
67,94,4
68,94,4
69,94,0
70,94,0
71,94,4
72,94,4
73,94,0
74,94,0
75,94,4
76,94,4
77,94,0
78,94,0
79,94,4
80,94,4
81,94,0
82,94,0
83,94,4
84,94,4
85,94,0
86,94,0
87,94,4
88,94,4
89,94,0
90,94,0
91,94,4
92,94,4
93,94,0
94,94,0
95,94,4
96,94,4
97,94,0
98,94,0
99,94,4
100,94,4
101,94,0
102,94,0
103,94,4
104,94,4
105,94,0
106,94,0
107,94,4
108,94,4
109,94,0
110,94,0
111,94,5
112,94,5
113,94,0
114,94,0
115,94,5
116,94,5
117,94,0
118,94,0
119,94,5
120,94,5
121,94,0
122,94,0
123,94,5
124,94,5
125,94,0
126,94,0
127,94,5
128,94,5
129,94,0
130,94,0
131,94,5
132,94,5
133,94,0
134,94,0
135,94,5
136,94,5
137,94,0
138,94,0
139,94,5
140,94,5
141,94,0
142,94,0
143,94,5
144,94,5
145,94,0
146,94,0
147,94,4
148,94,4
149,94,0
150,94,0
151,94,4
152,94,4
153,94,0
154,94,0
155,94,4
156,94,4
157,94,0
158,94,0
159,94,4
160,94,4
161,94,0
162,94,0
163,94,4
164,94,4
165,94,0
166,94,0
167,94,4
168,94,4
169,94,0
170,94,0
171,94,4
172,94,4
173,94,0
174,94,0
175,94,4
176,94,4
177,94,0
178,94,0
179,94,4
180,94,4
181,94,0
182,94,0
183,94,4
184,94,4
185,94,0
186,94,0
187,94,4
188,94,4
189,94,0
190,94,0
191,94,4
192,94,4
193,94,0
194,94,0
195,94,4
196,94,4
197,94,0
198,94,0
199,94,4
200,94,4
201,94,0
202,94,0
203,94,4
204,94,4
205,94,0
206,94,0
207,94,4
208,94,4
209,94,0
210,94,0
211,94,4
212,94,4
213,94,0
214,94,0
215,94,4
216,94,4
217,94,0
218,94,0
219,94,4
220,94,4
221,94,0
222,94,0
223,94,4
224,94,4
225,94,0
226,94,0
227,94,4
228,94,4
229,94,0
230,94,0
231,94,4
232,94,4
233,94,0
234,94,0
235,94,4
236,94,4
237,94,0
238,94,0
239,94,5
240,94,5
241,94,0
242,94,0
243,94,4
244,94,4
245,94,0
246,94,0
247,94,4
248,94,4
249,94,0
250,94,0
251,94,4
252,94,4
253,94,0
254,94,0
255,94,4
0,95,4
1,95,0
2,95,0
3,95,4
4,95,4
5,95,0
6,95,0
7,95,4
8,95,4
9,95,0
10,95,0
11,95,4
12,95,4
13,95,0
14,95,0
15,95,5
16,95,5
17,95,0
18,95,0
19,95,4
20,95,4
21,95,0
22,95,0
23,95,4
24,95,4
25,95,0
26,95,0
27,95,4
28,95,4
29,95,0
30,95,0
31,95,4
32,95,4
33,95,0
34,95,0
35,95,4
36,95,4
37,95,0
38,95,0
39,95,4
40,95,4
41,95,0
42,95,0
43,95,4
44,95,4
45,95,0
46,95,0
47,95,4
48,95,4
49,95,0
50,95,0
51,95,4
52,95,4
53,95,0
54,95,0
55,95,4
56,95,4
57,95,0
58,95,0
59,95,4
60,95,4
61,95,0
62,95,0
63,95,4
64,95,4
65,95,0
66,95,0
67,95,4
68,95,4
69,95,0
70,95,0
71,95,4
72,95,4
73,95,0
74,95,0
75,95,4
76,95,4
77,95,0
78,95,0
79,95,4
80,95,4
81,95,0
82,95,0
83,95,4
84,95,4
85,95,0
86,95,0
87,95,4
88,95,4
89,95,0
90,95,0
91,95,4
92,95,4
93,95,0
94,95,0
95,95,4
96,95,4
97,95,0
98,95,0
99,95,4
100,95,4
101,95,0
102,95,0
103,95,4
104,95,4
105,95,0
106,95,0
107,95,4
108,95,4
109,95,0
110,95,0
111,95,5
112,95,5
113,95,0
114,95,0
115,95,5
116,95,5
117,95,0
118,95,0
119,95,5
120,95,5
121,95,0
122,95,0
123,95,5
124,95,5
125,95,0
126,95,0
127,95,5
128,95,5
129,95,0
130,95,0
131,95,5
132,95,5
133,95,0
134,95,0
135,95,5
136,95,5
137,95,0
138,95,0
139,95,5
140,95,5
141,95,0
142,95,0
143,95,5
144,95,5
145,95,0
146,95,0
147,95,4
148,95,4
149,95,0
150,95,0
151,95,4
152,95,4
153,95,0
154,95,0
155,95,4
156,95,4
157,95,0
158,95,0
159,95,4
160,95,4
161,95,0
162,95,0
163,95,4
164,95,4
165,95,0
166,95,0
167,95,4
168,95,4
169,95,0
170,95,0
171,95,4
172,95,4
173,95,0
174,95,0
175,95,4
176,95,4
177,95,0
178,95,0
179,95,4
180,95,4
181,95,0
182,95,0
183,95,4
184,95,4
185,95,0
186,95,0
187,95,4
188,95,4
189,95,0
190,95,0
191,95,4
192,95,4
193,95,0
194,95,0
195,95,4
196,95,4
197,95,0
198,95,0
199,95,4
200,95,4
201,95,0
202,95,0
203,95,4
204,95,4
205,95,0
206,95,0
207,95,4
208,95,4
209,95,0
210,95,0
211,95,4
212,95,4
213,95,0
214,95,0
215,95,4
216,95,4
217,95,0
218,95,0
219,95,4
220,95,4
221,95,0
222,95,0
223,95,4
224,95,4
225,95,0
226,95,0
227,95,4
228,95,4
229,95,0
230,95,0
231,95,4
232,95,4
233,95,0
234,95,0
235,95,4
236,95,4
237,95,0
238,95,0
239,95,5
240,95,5
241,95,0
242,95,0
243,95,4
244,95,4
245,95,0
246,95,0
247,95,4
248,95,4
249,95,0
250,95,0
251,95,4
252,95,4
253,95,0
254,95,0
255,95,4
0,96,4
1,96,0
2,96,0
3,96,4
4,96,4
5,96,0
6,96,0
7,96,4
8,96,4
9,96,0
10,96,0
11,96,4
12,96,4
13,96,0
14,96,0
15,96,5
16,96,5
17,96,0
18,96,0
19,96,5
20,96,4
21,96,0
22,96,0
23,96,4
24,96,4
25,96,0
26,96,0
27,96,4
28,96,4
29,96,0
30,96,0
31,96,4
32,96,4
33,96,0
34,96,0
35,96,4
36,96,4
37,96,0
38,96,0
39,96,4
40,96,4
41,96,0
42,96,0
43,96,4
44,96,4
45,96,0
46,96,0
47,96,4
48,96,4
49,96,0
50,96,0
51,96,4
52,96,4
53,96,0
54,96,0
55,96,4
56,96,4
57,96,0
58,96,0
59,96,4
60,96,4
61,96,0
62,96,0
63,96,4
64,96,4
65,96,0
66,96,0
67,96,4
68,96,4
69,96,0
70,96,0
71,96,4
72,96,4
73,96,0
74,96,0
75,96,4
76,96,4
77,96,0
78,96,0
79,96,4
80,96,4
81,96,0
82,96,0
83,96,4
84,96,4
85,96,0
86,96,0
87,96,4
88,96,4
89,96,0
90,96,0
91,96,4
92,96,4
93,96,0
94,96,0
95,96,4
96,96,4
97,96,0
98,96,0
99,96,4
100,96,4
101,96,0
102,96,0
103,96,4
104,96,4
105,96,0
106,96,0
107,96,4
108,96,4
109,96,0
110,96,0
111,96,5
112,96,5
113,96,0
114,96,0
115,96,5
116,96,5
117,96,0
118,96,0
119,96,5
120,96,5
121,96,0
122,96,0
123,96,5
124,96,5
125,96,0
126,96,0
127,96,5
128,96,5
129,96,0
130,96,0
131,96,5
132,96,5
133,96,0
134,96,0
135,96,5
136,96,5
137,96,0
138,96,0
139,96,5
140,96,5
141,96,0
142,96,0
143,96,5
144,96,5
145,96,0
146,96,0
147,96,5
148,96,4
149,96,0
150,96,0
151,96,4
152,96,4
153,96,0
154,96,0
155,96,4
156,96,4
157,96,0
158,96,0
159,96,4
160,96,4
161,96,0
162,96,0
163,96,4
164,96,4
165,96,0
166,96,0
167,96,4
168,96,4
169,96,0
170,96,0
171,96,4
172,96,4
173,96,0
174,96,0
175,96,4
176,96,4
177,96,0
178,96,0
179,96,4
180,96,4
181,96,0
182,96,0
183,96,4
184,96,4
185,96,0
186,96,0
187,96,4
188,96,4
189,96,0
190,96,0
191,96,4
192,96,4
193,96,0
194,96,0
195,96,4
196,96,4
197,96,0
198,96,0
199,96,4
200,96,4
201,96,0
202,96,0
203,96,4
204,96,4
205,96,0
206,96,0
207,96,4
208,96,4
209,96,0
210,96,0
211,96,4
212,96,4
213,96,0
214,96,0
215,96,4
216,96,4
217,96,0
218,96,0
219,96,4
220,96,4
221,96,0
222,96,0
223,96,4
224,96,4
225,96,0
226,96,0
227,96,4
228,96,4
229,96,0
230,96,0
231,96,4
232,96,4
233,96,0
234,96,0
235,96,4
236,96,4
237,96,0
238,96,0
239,96,5
240,96,5
241,96,0
242,96,0
243,96,4
244,96,4
245,96,0
246,96,0
247,96,4
248,96,4
249,96,0
250,96,0
251,96,4
252,96,4
253,96,0
254,96,0
255,96,4
0,97,4
1,97,0
2,97,0
3,97,4
4,97,4
5,97,0
6,97,0
7,97,4
8,97,4
9,97,0
10,97,0
11,97,4
12,97,4
13,97,0
14,97,0
15,97,5
16,97,5
17,97,0
18,97,0
19,97,5
20,97,5
21,97,0
22,97,0
23,97,4
24,97,4
25,97,0
26,97,0
27,97,4
28,97,4
29,97,0
30,97,0
31,97,4
32,97,4
33,97,0
34,97,0
35,97,4
36,97,4
37,97,0
38,97,0
39,97,4
40,97,4
41,97,0
42,97,0
43,97,4
44,97,4
45,97,0
46,97,0
47,97,4
48,97,4
49,97,0
50,97,0
51,97,4
52,97,4
53,97,0
54,97,0
55,97,4
56,97,4
57,97,0
58,97,0
59,97,4
60,97,4
61,97,0
62,97,0
63,97,4
64,97,4
65,97,0
66,97,0
67,97,4
68,97,4
69,97,0
70,97,0
71,97,4
72,97,4
73,97,0
74,97,0
75,97,4
76,97,4
77,97,0
78,97,0
79,97,4
80,97,4
81,97,0
82,97,0
83,97,4
84,97,4
85,97,0
86,97,0
87,97,4
88,97,4
89,97,0
90,97,0
91,97,4
92,97,4
93,97,0
94,97,0
95,97,4
96,97,4
97,97,0
98,97,0
99,97,4
100,97,4
101,97,0
102,97,0
103,97,4
104,97,4
105,97,0
106,97,0
107,97,4
108,97,4
109,97,0
110,97,0
111,97,5
112,97,5
113,97,0
114,97,0
115,97,5
116,97,5
117,97,0
118,97,0
119,97,5
120,97,5
121,97,0
122,97,0
123,97,5
124,97,5
125,97,0
126,97,0
127,97,5
128,97,5
129,97,0
130,97,0
131,97,5
132,97,5
133,97,0
134,97,0
135,97,5
136,97,5
137,97,0
138,97,0
139,97,5
140,97,5
141,97,0
142,97,0
143,97,5
144,97,5
145,97,0
146,97,0
147,97,5
148,97,4
149,97,0
150,97,0
151,97,4
152,97,4
153,97,0
154,97,0
155,97,4
156,97,4
157,97,0
158,97,0
159,97,4
160,97,4
161,97,0
162,97,0
163,97,4
164,97,4
165,97,0
166,97,0
167,97,4
168,97,4
169,97,0
170,97,0
171,97,4
172,97,4
173,97,0
174,97,0
175,97,4
176,97,4
177,97,0
178,97,0
179,97,4
180,97,4
181,97,0
182,97,0
183,97,4
184,97,4
185,97,0
186,97,0
187,97,4
188,97,4
189,97,0
190,97,0
191,97,4
192,97,4
193,97,0
194,97,0
195,97,4
196,97,4
197,97,0
198,97,0
199,97,4
200,97,4
201,97,0
202,97,0
203,97,4
204,97,4
205,97,0
206,97,0
207,97,4
208,97,4
209,97,0
210,97,0
211,97,4
212,97,4
213,97,0
214,97,0
215,97,4
216,97,4
217,97,0
218,97,0
219,97,4
220,97,4
221,97,0
222,97,0
223,97,4
224,97,4
225,97,0
226,97,0
227,97,4
228,97,4
229,97,0
230,97,0
231,97,4
232,97,4
233,97,0
234,97,0
235,97,4
236,97,5
237,97,0
238,97,0
239,97,5
240,97,5
241,97,0
242,97,0
243,97,4
244,97,4
245,97,0
246,97,0
247,97,4
248,97,4
249,97,0
250,97,0
251,97,4
252,97,4
253,97,0
254,97,0
255,97,4
0,98,4
1,98,0
2,98,0
3,98,4
4,98,4
5,98,0
6,98,0
7,98,4
8,98,4
9,98,0
10,98,0
11,98,4
12,98,4
13,98,0
14,98,0
15,98,5
16,98,5
17,98,0
18,98,0
19,98,5
20,98,5
21,98,0
22,98,0
23,98,4
24,98,4
25,98,0
26,98,0
27,98,4
28,98,4
29,98,0
30,98,0
31,98,4
32,98,4
33,98,0
34,98,0
35,98,4
36,98,4
37,98,0
38,98,0
39,98,4
40,98,4
41,98,0
42,98,0
43,98,4
44,98,4
45,98,0
46,98,0
47,98,4
48,98,4
49,98,0
50,98,0
51,98,4
52,98,4
53,98,0
54,98,0
55,98,4
56,98,4
57,98,0
58,98,0
59,98,4
60,98,4
61,98,0
62,98,0
63,98,4
64,98,4
65,98,0
66,98,0
67,98,4
68,98,4
69,98,0
70,98,0
71,98,4
72,98,4
73,98,0
74,98,0
75,98,4
76,98,4
77,98,0
78,98,0
79,98,4
80,98,4
81,98,0
82,98,0
83,98,4
84,98,4
85,98,0
86,98,0
87,98,4
88,98,4
89,98,0
90,98,0
91,98,4
92,98,4
93,98,0
94,98,0
95,98,4
96,98,4
97,98,0
98,98,0
99,98,4
100,98,4
101,98,0
102,98,0
103,98,4
104,98,4
105,98,0
106,98,0
107,98,4
108,98,5
109,98,0
110,98,0
111,98,5
112,98,5
113,98,0
114,98,0
115,98,5
116,98,5
117,98,0
118,98,0
119,98,5
120,98,5
121,98,0
122,98,0
123,98,5
124,98,5
125,98,0
126,98,0
127,98,5
128,98,5
129,98,0
130,98,0
131,98,5
132,98,5
133,98,0
134,98,0
135,98,5
136,98,5
137,98,0
138,98,0
139,98,5
140,98,5
141,98,0
142,98,0
143,98,5
144,98,5
145,98,0
146,98,0
147,98,5
148,98,5
149,98,0
150,98,0
151,98,4
152,98,4
153,98,0
154,98,0
155,98,4
156,98,4
157,98,0
158,98,0
159,98,4
160,98,4
161,98,0
162,98,0
163,98,4
164,98,4
165,98,0
166,98,0
167,98,4
168,98,4
169,98,0
170,98,0
171,98,4
172,98,4
173,98,0
174,98,0
175,98,4
176,98,4
177,98,0
178,98,0
179,98,4
180,98,4
181,98,0
182,98,0
183,98,4
184,98,4
185,98,0
186,98,0
187,98,4
188,98,4
189,98,0
190,98,0
191,98,4
192,98,4
193,98,0
194,98,0
195,98,4
196,98,4
197,98,0
198,98,0
199,98,4
200,98,4
201,98,0
202,98,0
203,98,4
204,98,4
205,98,0
206,98,0
207,98,4
208,98,4
209,98,0
210,98,0
211,98,4
212,98,4
213,98,0
214,98,0
215,98,4
216,98,4
217,98,0
218,98,0
219,98,4
220,98,4
221,98,0
222,98,0
223,98,4
224,98,4
225,98,0
226,98,0
227,98,4
228,98,4
229,98,0
230,98,0
231,98,4
232,98,4
233,98,0
234,98,0
235,98,5
236,98,5
237,98,0
238,98,0
239,98,5
240,98,5
241,98,0
242,98,0
243,98,4
244,98,4
245,98,0
246,98,0
247,98,4
248,98,4
249,98,0
250,98,0
251,98,4
252,98,4
253,98,0
254,98,0
255,98,4
0,99,4
1,99,0
2,99,0
3,99,4
4,99,4
5,99,0
6,99,0
7,99,4
8,99,4
9,99,0
10,99,0
11,99,4
12,99,4
13,99,0
14,99,0
15,99,5
16,99,5
17,99,0
18,99,0
19,99,5
20,99,5
21,99,0
22,99,0
23,99,5
24,99,4
25,99,0
26,99,0
27,99,4
28,99,4
29,99,0
30,99,0
31,99,4
32,99,4
33,99,0
34,99,0
35,99,4
36,99,4
37,99,0
38,99,0
39,99,4
40,99,4
41,99,0
42,99,0
43,99,4
44,99,4
45,99,0
46,99,0
47,99,4
48,99,4
49,99,0
50,99,0
51,99,4
52,99,4
53,99,0
54,99,0
55,99,4
56,99,4
57,99,0
58,99,0
59,99,4
60,99,4
61,99,0
62,99,0
63,99,4
64,99,4
65,99,0
66,99,0
67,99,4
68,99,4
69,99,0
70,99,0
71,99,4
72,99,4
73,99,0
74,99,0
75,99,4
76,99,4
77,99,0
78,99,0
79,99,4
80,99,4
81,99,0
82,99,0
83,99,4
84,99,4
85,99,0
86,99,0
87,99,4
88,99,4
89,99,0
90,99,0
91,99,4
92,99,4
93,99,0
94,99,0
95,99,4
96,99,4
97,99,0
98,99,0
99,99,4
100,99,4
101,99,0
102,99,0
103,99,4
104,99,4
105,99,0
106,99,0
107,99,4
108,99,5
109,99,0
110,99,0
111,99,5
112,99,5
113,99,0
114,99,0
115,99,5
116,99,5
117,99,0
118,99,0
119,99,5
120,99,5
121,99,0
122,99,0
123,99,5
124,99,5
125,99,0
126,99,0
127,99,5
128,99,5
129,99,0
130,99,0
131,99,5
132,99,5
133,99,0
134,99,0
135,99,5
136,99,5
137,99,0
138,99,0
139,99,5
140,99,5
141,99,0
142,99,0
143,99,5
144,99,5
145,99,0
146,99,0
147,99,5
148,99,5
149,99,0
150,99,0
151,99,4
152,99,4
153,99,0
154,99,0
155,99,4
156,99,4
157,99,0
158,99,0
159,99,4
160,99,4
161,99,0
162,99,0
163,99,4
164,99,4
165,99,0
166,99,0
167,99,4
168,99,4
169,99,0
170,99,0
171,99,4
172,99,4
173,99,0
174,99,0
175,99,4
176,99,4
177,99,0
178,99,0
179,99,4
180,99,4
181,99,0
182,99,0
183,99,4
184,99,4
185,99,0
186,99,0
187,99,4
188,99,4
189,99,0
190,99,0
191,99,4
192,99,4
193,99,0
194,99,0
195,99,4
196,99,4
197,99,0
198,99,0
199,99,4
200,99,4
201,99,0
202,99,0
203,99,4
204,99,4
205,99,0
206,99,0
207,99,4
208,99,4
209,99,0
210,99,0
211,99,4
212,99,4
213,99,0
214,99,0
215,99,4
216,99,4
217,99,0
218,99,0
219,99,4
220,99,4
221,99,0
222,99,0
223,99,4
224,99,4
225,99,0
226,99,0
227,99,4
228,99,4
229,99,0
230,99,0
231,99,4
232,99,4
233,99,0
234,99,0
235,99,5
236,99,5
237,99,0
238,99,0
239,99,5
240,99,5
241,99,0
242,99,0
243,99,4
244,99,4
245,99,0
246,99,0
247,99,4
248,99,4
249,99,0
250,99,0
251,99,4
252,99,4
253,99,0
254,99,0
255,99,4
0,100,4
1,100,0
2,100,0
3,100,4
4,100,4
5,100,0
6,100,0
7,100,4
8,100,4
9,100,0
10,100,0
11,100,4
12,100,4
13,100,0
14,100,0
15,100,5
16,100,5
17,100,0
18,100,0
19,100,5
20,100,5
21,100,0
22,100,0
23,100,5
24,100,5
25,100,0
26,100,0
27,100,4
28,100,4
29,100,0
30,100,0
31,100,4
32,100,4
33,100,0
34,100,0
35,100,4
36,100,4
37,100,0
38,100,0
39,100,4
40,100,4
41,100,0
42,100,0
43,100,4
44,100,4
45,100,0
46,100,0
47,100,4
48,100,4
49,100,0
50,100,0
51,100,4
52,100,4
53,100,0
54,100,0
55,100,4
56,100,4
57,100,0
58,100,0
59,100,4
60,100,4
61,100,0
62,100,0
63,100,4
64,100,4
65,100,0
66,100,0
67,100,4
68,100,4
69,100,0
70,100,0
71,100,4
72,100,4
73,100,0
74,100,0
75,100,4
76,100,4
77,100,0
78,100,0
79,100,4
80,100,4
81,100,0
82,100,0
83,100,4
84,100,4
85,100,0
86,100,0
87,100,4
88,100,4
89,100,0
90,100,0
91,100,4
92,100,4
93,100,0
94,100,0
95,100,4
96,100,4
97,100,0
98,100,0
99,100,4
100,100,4
101,100,0
102,100,0
103,100,4
104,100,4
105,100,0
106,100,0
107,100,5
108,100,5
109,100,0
110,100,0
111,100,5
112,100,5
113,100,0
114,100,0
115,100,5
116,100,5
117,100,0
118,100,0
119,100,5
120,100,5
121,100,0
122,100,0
123,100,5
124,100,5
125,100,0
126,100,0
127,100,5
128,100,5
129,100,0
130,100,0
131,100,5
132,100,5
133,100,0
134,100,0
135,100,5
136,100,5
137,100,0
138,100,0
139,100,5
140,100,5
141,100,0
142,100,0
143,100,5
144,100,5
145,100,0
146,100,0
147,100,5
148,100,5
149,100,0
150,100,0
151,100,4
152,100,4
153,100,0
154,100,0
155,100,4
156,100,4
157,100,0
158,100,0
159,100,4
160,100,4
161,100,0
162,100,0
163,100,4
164,100,4
165,100,0
166,100,0
167,100,4
168,100,4
169,100,0
170,100,0
171,100,4
172,100,4
173,100,0
174,100,0
175,100,4
176,100,4
177,100,0
178,100,0
179,100,4
180,100,4
181,100,0
182,100,0
183,100,4
184,100,4
185,100,0
186,100,0
187,100,4
188,100,4
189,100,0
190,100,0
191,100,4
192,100,4
193,100,0
194,100,0
195,100,4
196,100,4
197,100,0
198,100,0
199,100,4
200,100,4
201,100,0
202,100,0
203,100,4
204,100,4
205,100,0
206,100,0
207,100,4
208,100,4
209,100,0
210,100,0
211,100,4
212,100,4
213,100,0
214,100,0
215,100,4
216,100,4
217,100,0
218,100,0
219,100,4
220,100,4
221,100,0
222,100,0
223,100,4
224,100,4
225,100,0
226,100,0
227,100,4
228,100,4
229,100,0
230,100,0
231,100,4
232,100,5
233,100,0
234,100,0
235,100,5
236,100,5
237,100,0
238,100,0
239,100,5
240,100,5
241,100,0
242,100,0
243,100,4
244,100,4
245,100,0
246,100,0
247,100,4
248,100,4
249,100,0
250,100,0
251,100,4
252,100,4
253,100,0
254,100,0
255,100,4
0,101,4
1,101,0
2,101,0
3,101,4
4,101,4
5,101,0
6,101,0
7,101,4
8,101,4
9,101,0
10,101,0
11,101,4
12,101,4
13,101,0
14,101,0
15,101,5
16,101,5
17,101,0
18,101,0
19,101,5
20,101,5
21,101,0
22,101,0
23,101,5
24,101,5
25,101,0
26,101,0
27,101,4
28,101,4
29,101,0
30,101,0
31,101,4
32,101,4
33,101,0
34,101,0
35,101,4
36,101,4
37,101,0
38,101,0
39,101,4
40,101,4
41,101,0
42,101,0
43,101,4
44,101,4
45,101,0
46,101,0
47,101,4
48,101,4
49,101,0
50,101,0
51,101,4
52,101,4
53,101,0
54,101,0
55,101,4
56,101,4
57,101,0
58,101,0
59,101,4
60,101,4
61,101,0
62,101,0
63,101,4
64,101,4
65,101,0
66,101,0
67,101,4
68,101,4
69,101,0
70,101,0
71,101,4
72,101,4
73,101,0
74,101,0
75,101,4
76,101,4
77,101,0
78,101,0
79,101,4
80,101,4
81,101,0
82,101,0
83,101,4
84,101,4
85,101,0
86,101,0
87,101,4
88,101,4
89,101,0
90,101,0
91,101,4
92,101,4
93,101,0
94,101,0
95,101,4
96,101,4
97,101,0
98,101,0
99,101,4
100,101,4
101,101,0
102,101,0
103,101,4
104,101,4
105,101,0
106,101,0
107,101,5
108,101,5
109,101,0
110,101,0
111,101,5
112,101,5
113,101,0
114,101,0
115,101,5
116,101,5
117,101,0
118,101,0
119,101,5
120,101,5
121,101,0
122,101,0
123,101,5
124,101,5
125,101,0
126,101,0
127,101,5
128,101,5
129,101,0
130,101,0
131,101,5
132,101,5
133,101,0
134,101,0
135,101,5
136,101,5
137,101,0
138,101,0
139,101,5
140,101,5
141,101,0
142,101,0
143,101,5
144,101,5
145,101,0
146,101,0
147,101,5
148,101,5
149,101,0
150,101,0
151,101,4
152,101,4
153,101,0
154,101,0
155,101,4
156,101,4
157,101,0
158,101,0
159,101,4
160,101,4
161,101,0
162,101,0
163,101,4
164,101,4
165,101,0
166,101,0
167,101,4
168,101,4
169,101,0
170,101,0
171,101,4
172,101,4
173,101,0
174,101,0
175,101,4
176,101,4
177,101,0
178,101,0
179,101,4
180,101,4
181,101,0
182,101,0
183,101,4
184,101,4
185,101,0
186,101,0
187,101,4
188,101,4
189,101,0
190,101,0
191,101,4
192,101,4
193,101,0
194,101,0
195,101,4
196,101,4
197,101,0
198,101,0
199,101,4
200,101,4
201,101,0
202,101,0
203,101,4
204,101,4
205,101,0
206,101,0
207,101,4
208,101,4
209,101,0
210,101,0
211,101,4
212,101,4
213,101,0
214,101,0
215,101,4
216,101,4
217,101,0
218,101,0
219,101,4
220,101,4
221,101,0
222,101,0
223,101,4
224,101,4
225,101,0
226,101,0
227,101,4
228,101,4
229,101,0
230,101,0
231,101,5
232,101,5
233,101,0
234,101,0
235,101,5
236,101,5
237,101,0
238,101,0
239,101,5
240,101,5
241,101,0
242,101,0
243,101,5
244,101,4
245,101,0
246,101,0
247,101,4
248,101,4
249,101,0
250,101,0
251,101,4
252,101,4
253,101,0
254,101,0
255,101,4
0,102,4
1,102,0
2,102,0
3,102,4
4,102,4
5,102,0
6,102,0
7,102,4
8,102,4
9,102,0
10,102,0
11,102,4
12,102,4
13,102,0
14,102,0
15,102,5
16,102,5
17,102,0
18,102,0
19,102,5
20,102,5
21,102,0
22,102,0
23,102,5
24,102,5
25,102,0
26,102,0
27,102,5
28,102,4
29,102,0
30,102,0
31,102,4
32,102,4
33,102,0
34,102,0
35,102,4
36,102,4
37,102,0
38,102,0
39,102,4
40,102,4
41,102,0
42,102,0
43,102,4
44,102,4
45,102,0
46,102,0
47,102,4
48,102,4
49,102,0
50,102,0
51,102,4
52,102,4
53,102,0
54,102,0
55,102,4
56,102,4
57,102,0
58,102,0
59,102,4
60,102,4
61,102,0
62,102,0
63,102,4
64,102,4
65,102,0
66,102,0
67,102,4
68,102,4
69,102,0
70,102,0
71,102,4
72,102,4
73,102,0
74,102,0
75,102,4
76,102,4
77,102,0
78,102,0
79,102,4
80,102,4
81,102,0
82,102,0
83,102,4
84,102,4
85,102,0
86,102,0
87,102,4
88,102,4
89,102,0
90,102,0
91,102,4
92,102,4
93,102,0
94,102,0
95,102,4
96,102,4
97,102,0
98,102,0
99,102,4
100,102,4
101,102,0
102,102,0
103,102,4
104,102,4
105,102,0
106,102,0
107,102,5
108,102,5
109,102,0
110,102,0
111,102,5
112,102,5
113,102,0
114,102,0
115,102,5
116,102,5
117,102,0
118,102,0
119,102,5
120,102,5
121,102,0
122,102,0
123,102,5
124,102,5
125,102,0
126,102,0
127,102,5
128,102,5
129,102,0
130,102,0
131,102,5
132,102,5
133,102,0
134,102,0
135,102,5
136,102,5
137,102,0
138,102,0
139,102,5
140,102,5
141,102,0
142,102,0
143,102,5
144,102,5
145,102,0
146,102,0
147,102,5
148,102,5
149,102,0
150,102,0
151,102,4
152,102,4
153,102,0
154,102,0
155,102,4
156,102,4
157,102,0
158,102,0
159,102,4
160,102,4
161,102,0
162,102,0
163,102,4
164,102,4
165,102,0
166,102,0
167,102,4
168,102,4
169,102,0
170,102,0
171,102,4
172,102,4
173,102,0
174,102,0
175,102,4
176,102,4
177,102,0
178,102,0
179,102,4
180,102,4
181,102,0
182,102,0
183,102,4
184,102,4
185,102,0
186,102,0
187,102,4
188,102,4
189,102,0
190,102,0
191,102,4
192,102,4
193,102,0
194,102,0
195,102,4
196,102,4
197,102,0
198,102,0
199,102,4
200,102,4
201,102,0
202,102,0
203,102,4
204,102,4
205,102,0
206,102,0
207,102,4
208,102,4
209,102,0
210,102,0
211,102,4
212,102,4
213,102,0
214,102,0
215,102,4
216,102,4
217,102,0
218,102,0
219,102,4
220,102,4
221,102,0
222,102,0
223,102,4
224,102,4
225,102,0
226,102,0
227,102,4
228,102,4
229,102,0
230,102,0
231,102,5
232,102,5
233,102,0
234,102,0
235,102,5
236,102,5
237,102,0
238,102,0
239,102,5
240,102,5
241,102,0
242,102,0
243,102,5
244,102,4
245,102,0
246,102,0
247,102,4
248,102,4
249,102,0
250,102,0
251,102,4
252,102,4
253,102,0
254,102,0
255,102,4
0,103,4
1,103,0
2,103,0
3,103,4
4,103,4
5,103,0
6,103,0
7,103,4
8,103,4
9,103,0
10,103,0
11,103,4
12,103,5
13,103,0
14,103,0
15,103,5
16,103,5
17,103,0
18,103,0
19,103,5
20,103,5
21,103,0
22,103,0
23,103,5
24,103,5
25,103,0
26,103,0
27,103,5
28,103,5
29,103,0
30,103,0
31,103,4
32,103,4
33,103,0
34,103,0
35,103,4
36,103,4
37,103,0
38,103,0
39,103,4
40,103,4
41,103,0
42,103,0
43,103,4
44,103,4
45,103,0
46,103,0
47,103,4
48,103,4
49,103,0
50,103,0
51,103,4
52,103,4
53,103,0
54,103,0
55,103,4
56,103,4
57,103,0
58,103,0
59,103,4
60,103,4
61,103,0
62,103,0
63,103,4
64,103,4
65,103,0
66,103,0
67,103,4
68,103,4
69,103,0
70,103,0
71,103,4
72,103,4
73,103,0
74,103,0
75,103,4
76,103,4
77,103,0
78,103,0
79,103,4
80,103,4
81,103,0
82,103,0
83,103,4
84,103,4
85,103,0
86,103,0
87,103,4
88,103,4
89,103,0
90,103,0
91,103,4
92,103,4
93,103,0
94,103,0
95,103,4
96,103,4
97,103,0
98,103,0
99,103,4
100,103,4
101,103,0
102,103,0
103,103,4
104,103,4
105,103,0
106,103,0
107,103,5
108,103,5
109,103,0
110,103,0
111,103,5
112,103,5
113,103,0
114,103,0
115,103,5
116,103,5
117,103,0
118,103,0
119,103,5
120,103,5
121,103,0
122,103,0
123,103,5
124,103,5
125,103,0
126,103,0
127,103,5
128,103,5
129,103,0
130,103,0
131,103,5
132,103,5
133,103,0
134,103,0
135,103,5
136,103,5
137,103,0
138,103,0
139,103,5
140,103,5
141,103,0
142,103,0
143,103,5
144,103,5
145,103,0
146,103,0
147,103,5
148,103,5
149,103,0
150,103,0
151,103,5
152,103,4
153,103,0
154,103,0
155,103,4
156,103,4
157,103,0
158,103,0
159,103,4
160,103,4
161,103,0
162,103,0
163,103,4
164,103,4
165,103,0
166,103,0
167,103,4
168,103,4
169,103,0
170,103,0
171,103,4
172,103,4
173,103,0
174,103,0
175,103,4
176,103,4
177,103,0
178,103,0
179,103,4
180,103,4
181,103,0
182,103,0
183,103,4
184,103,4
185,103,0
186,103,0
187,103,4
188,103,4
189,103,0
190,103,0
191,103,4
192,103,4
193,103,0
194,103,0
195,103,4
196,103,4
197,103,0
198,103,0
199,103,4
200,103,4
201,103,0
202,103,0
203,103,4
204,103,4
205,103,0
206,103,0
207,103,4
208,103,4
209,103,0
210,103,0
211,103,4
212,103,4
213,103,0
214,103,0
215,103,4
216,103,4
217,103,0
218,103,0
219,103,4
220,103,4
221,103,0
222,103,0
223,103,4
224,103,4
225,103,0
226,103,0
227,103,5
228,103,5
229,103,0
230,103,0
231,103,5
232,103,5
233,103,0
234,103,0
235,103,5
236,103,5
237,103,0
238,103,0
239,103,5
240,103,5
241,103,0
242,103,0
243,103,5
244,103,5
245,103,0
246,103,0
247,103,4
248,103,4
249,103,0
250,103,0
251,103,4
252,103,4
253,103,0
254,103,0
255,103,4
0,104,4
1,104,0
2,104,0
3,104,4
4,104,4
5,104,0
6,104,0
7,104,4
8,104,4
9,104,0
10,104,0
11,104,4
12,104,5
13,104,0
14,104,0
15,104,5
16,104,5
17,104,0
18,104,0
19,104,5
20,104,5
21,104,0
22,104,0
23,104,5
24,104,5
25,104,0
26,104,0
27,104,5
28,104,5
29,104,0
30,104,0
31,104,5
32,104,4
33,104,0
34,104,0
35,104,4
36,104,4
37,104,0
38,104,0
39,104,4
40,104,4
41,104,0
42,104,0
43,104,4
44,104,4
45,104,0
46,104,0
47,104,4
48,104,4
49,104,0
50,104,0
51,104,4
52,104,4
53,104,0
54,104,0
55,104,4
56,104,4
57,104,0
58,104,0
59,104,4
60,104,4
61,104,0
62,104,0
63,104,4
64,104,4
65,104,0
66,104,0
67,104,4
68,104,4
69,104,0
70,104,0
71,104,4
72,104,4
73,104,0
74,104,0
75,104,4
76,104,4
77,104,0
78,104,0
79,104,4
80,104,4
81,104,0
82,104,0
83,104,4
84,104,4
85,104,0
86,104,0
87,104,4
88,104,4
89,104,0
90,104,0
91,104,4
92,104,4
93,104,0
94,104,0
95,104,4
96,104,4
97,104,0
98,104,0
99,104,4
100,104,4
101,104,0
102,104,0
103,104,4
104,104,5
105,104,0
106,104,0
107,104,5
108,104,5
109,104,0
110,104,0
111,104,5
112,104,5
113,104,0
114,104,0
115,104,5
116,104,5
117,104,0
118,104,0
119,104,5
120,104,5
121,104,0
122,104,0
123,104,5
124,104,5
125,104,0
126,104,0
127,104,5
128,104,5
129,104,0
130,104,0
131,104,5
132,104,5
133,104,0
134,104,0
135,104,5
136,104,5
137,104,0
138,104,0
139,104,5
140,104,5
141,104,0
142,104,0
143,104,5
144,104,5
145,104,0
146,104,0
147,104,5
148,104,5
149,104,0
150,104,0
151,104,5
152,104,5
153,104,0
154,104,0
155,104,4
156,104,4
157,104,0
158,104,0
159,104,4
160,104,4
161,104,0
162,104,0
163,104,4
164,104,4
165,104,0
166,104,0
167,104,4
168,104,4
169,104,0
170,104,0
171,104,4
172,104,4
173,104,0
174,104,0
175,104,4
176,104,4
177,104,0
178,104,0
179,104,4
180,104,4
181,104,0
182,104,0
183,104,4
184,104,4
185,104,0
186,104,0
187,104,4
188,104,4
189,104,0
190,104,0
191,104,4
192,104,4
193,104,0
194,104,0
195,104,4
196,104,4
197,104,0
198,104,0
199,104,4
200,104,4
201,104,0
202,104,0
203,104,4
204,104,4
205,104,0
206,104,0
207,104,4
208,104,4
209,104,0
210,104,0
211,104,4
212,104,4
213,104,0
214,104,0
215,104,4
216,104,4
217,104,0
218,104,0
219,104,4
220,104,4
221,104,0
222,104,0
223,104,4
224,104,4
225,104,0
226,104,0
227,104,5
228,104,5
229,104,0
230,104,0
231,104,5
232,104,5
233,104,0
234,104,0
235,104,5
236,104,5
237,104,0
238,104,0
239,104,5
240,104,5
241,104,0
242,104,0
243,104,5
244,104,5
245,104,0
246,104,0
247,104,4
248,104,4
249,104,0
250,104,0
251,104,4
252,104,4
253,104,0
254,104,0
255,104,4
0,105,4
1,105,0
2,105,0
3,105,4
4,105,4
5,105,0
6,105,0
7,105,4
8,105,4
9,105,0
10,105,0
11,105,5
12,105,5
13,105,0
14,105,0
15,105,5
16,105,5
17,105,0
18,105,0
19,105,5
20,105,5
21,105,0
22,105,0
23,105,5
24,105,5
25,105,0
26,105,0
27,105,5
28,105,5
29,105,0
30,105,0
31,105,5
32,105,5
33,105,0
34,105,0
35,105,4
36,105,4
37,105,0
38,105,0
39,105,4
40,105,4
41,105,0
42,105,0
43,105,4
44,105,4
45,105,0
46,105,0
47,105,4
48,105,4
49,105,0
50,105,0
51,105,4
52,105,4
53,105,0
54,105,0
55,105,4
56,105,4
57,105,0
58,105,0
59,105,4
60,105,4
61,105,0
62,105,0
63,105,4
64,105,4
65,105,0
66,105,0
67,105,4
68,105,4
69,105,0
70,105,0
71,105,4
72,105,4
73,105,0
74,105,0
75,105,4
76,105,4
77,105,0
78,105,0
79,105,4
80,105,4
81,105,0
82,105,0
83,105,4
84,105,4
85,105,0
86,105,0
87,105,4
88,105,4
89,105,0
90,105,0
91,105,4
92,105,4
93,105,0
94,105,0
95,105,4
96,105,4
97,105,0
98,105,0
99,105,4
100,105,4
101,105,0
102,105,0
103,105,5
104,105,5
105,105,0
106,105,0
107,105,5
108,105,5
109,105,0
110,105,0
111,105,5
112,105,5
113,105,0
114,105,0
115,105,5
116,105,5
117,105,0
118,105,0
119,105,5
120,105,5
121,105,0
122,105,0
123,105,5
124,105,5
125,105,0
126,105,0
127,105,5
128,105,5
129,105,0
130,105,0
131,105,5
132,105,5
133,105,0
134,105,0
135,105,5
136,105,5
137,105,0
138,105,0
139,105,5
140,105,5
141,105,0
142,105,0
143,105,5
144,105,5
145,105,0
146,105,0
147,105,5
148,105,5
149,105,0
150,105,0
151,105,5
152,105,5
153,105,0
154,105,0
155,105,4
156,105,4
157,105,0
158,105,0
159,105,4
160,105,4
161,105,0
162,105,0
163,105,4
164,105,4
165,105,0
166,105,0
167,105,4
168,105,4
169,105,0
170,105,0
171,105,4
172,105,4
173,105,0
174,105,0
175,105,4
176,105,4
177,105,0
178,105,0
179,105,4
180,105,4
181,105,0
182,105,0
183,105,4
184,105,4
185,105,0
186,105,0
187,105,4
188,105,4
189,105,0
190,105,0
191,105,4
192,105,4
193,105,0
194,105,0
195,105,4
196,105,4
197,105,0
198,105,0
199,105,4
200,105,4
201,105,0
202,105,0
203,105,4
204,105,4
205,105,0
206,105,0
207,105,4
208,105,4
209,105,0
210,105,0
211,105,4
212,105,4
213,105,0
214,105,0
215,105,4
216,105,4
217,105,0
218,105,0
219,105,4
220,105,4
221,105,0
222,105,0
223,105,4
224,105,5
225,105,0
226,105,0
227,105,5
228,105,5
229,105,0
230,105,0
231,105,5
232,105,5
233,105,0
234,105,0
235,105,5
236,105,5
237,105,0
238,105,0
239,105,5
240,105,5
241,105,0
242,105,0
243,105,5
244,105,5
245,105,0
246,105,0
247,105,4
248,105,4
249,105,0
250,105,0
251,105,4
252,105,4
253,105,0
254,105,0
255,105,4
0,106,4
1,106,0
2,106,0
3,106,4
4,106,4
5,106,0
6,106,0
7,106,4
8,106,4
9,106,0
10,106,0
11,106,5
12,106,5
13,106,0
14,106,0
15,106,5
16,106,5
17,106,0
18,106,0
19,106,5
20,106,5
21,106,0
22,106,0
23,106,5
24,106,5
25,106,0
26,106,0
27,106,5
28,106,5
29,106,0
30,106,0
31,106,5
32,106,5
33,106,0
34,106,0
35,106,4
36,106,4
37,106,0
38,106,0
39,106,4
40,106,4
41,106,0
42,106,0
43,106,4
44,106,4
45,106,0
46,106,0
47,106,4
48,106,4
49,106,0
50,106,0
51,106,4
52,106,4
53,106,0
54,106,0
55,106,4
56,106,4
57,106,0
58,106,0
59,106,4
60,106,4
61,106,0
62,106,0
63,106,4
64,106,4
65,106,0
66,106,0
67,106,4
68,106,4
69,106,0
70,106,0
71,106,4
72,106,4
73,106,0
74,106,0
75,106,4
76,106,4
77,106,0
78,106,0
79,106,4
80,106,4
81,106,0
82,106,0
83,106,4
84,106,4
85,106,0
86,106,0
87,106,4
88,106,4
89,106,0
90,106,0
91,106,4
92,106,4
93,106,0
94,106,0
95,106,4
96,106,4
97,106,0
98,106,0
99,106,4
100,106,4
101,106,0
102,106,0
103,106,5
104,106,5
105,106,0
106,106,0
107,106,5
108,106,5
109,106,0
110,106,0
111,106,5
112,106,5
113,106,0
114,106,0
115,106,5
116,106,5
117,106,0
118,106,0
119,106,5
120,106,5
121,106,0
122,106,0
123,106,5
124,106,5
125,106,0
126,106,0
127,106,5
128,106,5
129,106,0
130,106,0
131,106,5
132,106,5
133,106,0
134,106,0
135,106,5
136,106,5
137,106,0
138,106,0
139,106,5
140,106,5
141,106,0
142,106,0
143,106,5
144,106,5
145,106,0
146,106,0
147,106,5
148,106,5
149,106,0
150,106,0
151,106,5
152,106,5
153,106,0
154,106,0
155,106,4
156,106,4
157,106,0
158,106,0
159,106,4
160,106,4
161,106,0
162,106,0
163,106,4
164,106,4
165,106,0
166,106,0
167,106,4
168,106,4
169,106,0
170,106,0
171,106,4
172,106,4
173,106,0
174,106,0
175,106,4
176,106,4
177,106,0
178,106,0
179,106,4
180,106,4
181,106,0
182,106,0
183,106,4
184,106,4
185,106,0
186,106,0
187,106,4
188,106,4
189,106,0
190,106,0
191,106,4
192,106,4
193,106,0
194,106,0
195,106,4
196,106,4
197,106,0
198,106,0
199,106,4
200,106,4
201,106,0
202,106,0
203,106,4
204,106,4
205,106,0
206,106,0
207,106,4
208,106,4
209,106,0
210,106,0
211,106,4
212,106,4
213,106,0
214,106,0
215,106,4
216,106,4
217,106,0
218,106,0
219,106,4
220,106,4
221,106,0
222,106,0
223,106,5
224,106,5
225,106,0
226,106,0
227,106,5
228,106,5
229,106,0
230,106,0
231,106,5
232,106,5
233,106,0
234,106,0
235,106,5
236,106,5
237,106,0
238,106,0
239,106,5
240,106,5
241,106,0
242,106,0
243,106,5
244,106,5
245,106,0
246,106,0
247,106,4
248,106,4
249,106,0
250,106,0
251,106,4
252,106,4
253,106,0
254,106,0
255,106,4
0,107,4
1,107,0
2,107,0
3,107,4
4,107,4
5,107,0
6,107,0
7,107,4
8,107,4
9,107,0
10,107,0
11,107,5
12,107,5
13,107,0
14,107,0
15,107,5
16,107,5
17,107,0
18,107,0
19,107,6
20,107,5
21,107,0
22,107,0
23,107,5
24,107,5
25,107,0
26,107,0
27,107,5
28,107,5
29,107,0
30,107,0
31,107,5
32,107,5
33,107,0
34,107,0
35,107,5
36,107,4
37,107,0
38,107,0
39,107,4
40,107,4
41,107,0
42,107,0
43,107,4
44,107,4
45,107,0
46,107,0
47,107,4
48,107,4
49,107,0
50,107,0
51,107,4
52,107,4
53,107,0
54,107,0
55,107,4
56,107,4
57,107,0
58,107,0
59,107,4
60,107,4
61,107,0
62,107,0
63,107,4
64,107,4
65,107,0
66,107,0
67,107,4
68,107,4
69,107,0
70,107,0
71,107,4
72,107,4
73,107,0
74,107,0
75,107,4
76,107,4
77,107,0
78,107,0
79,107,4
80,107,4
81,107,0
82,107,0
83,107,4
84,107,4
85,107,0
86,107,0
87,107,4
88,107,4
89,107,0
90,107,0
91,107,4
92,107,4
93,107,0
94,107,0
95,107,4
96,107,4
97,107,0
98,107,0
99,107,4
100,107,4
101,107,0
102,107,0
103,107,5
104,107,5
105,107,0
106,107,0
107,107,5
108,107,5
109,107,0
110,107,0
111,107,5
112,107,5
113,107,0
114,107,0
115,107,5
116,107,5
117,107,0
118,107,0
119,107,5
120,107,5
121,107,0
122,107,0
123,107,5
124,107,5
125,107,0
126,107,0
127,107,5
128,107,5
129,107,0
130,107,0
131,107,5
132,107,5
133,107,0
134,107,0
135,107,5
136,107,5
137,107,0
138,107,0
139,107,5
140,107,5
141,107,0
142,107,0
143,107,5
144,107,5
145,107,0
146,107,0
147,107,5
148,107,5
149,107,0
150,107,0
151,107,5
152,107,5
153,107,0
154,107,0
155,107,5
156,107,4
157,107,0
158,107,0
159,107,4
160,107,4
161,107,0
162,107,0
163,107,4
164,107,4
165,107,0
166,107,0
167,107,4
168,107,4
169,107,0
170,107,0
171,107,4
172,107,4
173,107,0
174,107,0
175,107,4
176,107,4
177,107,0
178,107,0
179,107,4
180,107,4
181,107,0
182,107,0
183,107,4
184,107,4
185,107,0
186,107,0
187,107,4
188,107,4
189,107,0
190,107,0
191,107,4
192,107,4
193,107,0
194,107,0
195,107,4
196,107,4
197,107,0
198,107,0
199,107,4
200,107,4
201,107,0
202,107,0
203,107,4
204,107,4
205,107,0
206,107,0
207,107,4
208,107,4
209,107,0
210,107,0
211,107,4
212,107,4
213,107,0
214,107,0
215,107,4
216,107,4
217,107,0
218,107,0
219,107,4
220,107,4
221,107,0
222,107,0
223,107,5
224,107,5
225,107,0
226,107,0
227,107,5
228,107,5
229,107,0
230,107,0
231,107,5
232,107,5
233,107,0
234,107,0
235,107,5
236,107,5
237,107,0
238,107,0
239,107,5
240,107,5
241,107,0
242,107,0
243,107,5
244,107,5
245,107,0
246,107,0
247,107,4
248,107,4
249,107,0
250,107,0
251,107,4
252,107,4
253,107,0
254,107,0
255,107,4
0,108,4
1,108,0
2,108,0
3,108,4
4,108,4
5,108,0
6,108,0
7,108,4
8,108,4
9,108,0
10,108,0
11,108,5
12,108,5
13,108,0
14,108,0
15,108,5
16,108,5
17,108,0
18,108,0
19,108,6
20,108,6
21,108,0
22,108,0
23,108,5
24,108,5
25,108,0
26,108,0
27,108,5
28,108,5
29,108,0
30,108,0
31,108,5
32,108,5
33,108,0
34,108,0
35,108,5
36,108,5
37,108,0
38,108,0
39,108,4
40,108,4
41,108,0
42,108,0
43,108,4
44,108,4
45,108,0
46,108,0
47,108,4
48,108,4
49,108,0
50,108,0
51,108,4
52,108,4
53,108,0
54,108,0
55,108,4
56,108,4
57,108,0
58,108,0
59,108,4
60,108,4
61,108,0
62,108,0
63,108,4
64,108,4
65,108,0
66,108,0
67,108,4
68,108,4
69,108,0
70,108,0
71,108,4
72,108,4
73,108,0
74,108,0
75,108,4
76,108,4
77,108,0
78,108,0
79,108,4
80,108,4
81,108,0
82,108,0
83,108,4
84,108,4
85,108,0
86,108,0
87,108,4
88,108,4
89,108,0
90,108,0
91,108,4
92,108,4
93,108,0
94,108,0
95,108,4
96,108,4
97,108,0
98,108,0
99,108,4
100,108,5
101,108,0
102,108,0
103,108,5
104,108,5
105,108,0
106,108,0
107,108,5
108,108,5
109,108,0
110,108,0
111,108,5
112,108,5
113,108,0
114,108,0
115,108,5
116,108,5
117,108,0
118,108,0
119,108,5
120,108,5
121,108,0
122,108,0
123,108,5
124,108,5
125,108,0
126,108,0
127,108,5
128,108,5
129,108,0
130,108,0
131,108,5
132,108,5
133,108,0
134,108,0
135,108,5
136,108,5
137,108,0
138,108,0
139,108,5
140,108,5
141,108,0
142,108,0
143,108,5
144,108,5
145,108,0
146,108,0
147,108,5
148,108,5
149,108,0
150,108,0
151,108,5
152,108,5
153,108,0
154,108,0
155,108,5
156,108,5
157,108,0
158,108,0
159,108,4
160,108,4
161,108,0
162,108,0
163,108,4
164,108,4
165,108,0
166,108,0
167,108,4
168,108,4
169,108,0
170,108,0
171,108,4
172,108,4
173,108,0
174,108,0
175,108,4
176,108,4
177,108,0
178,108,0
179,108,4
180,108,4
181,108,0
182,108,0
183,108,4
184,108,4
185,108,0
186,108,0
187,108,4
188,108,4
189,108,0
190,108,0
191,108,4
192,108,4
193,108,0
194,108,0
195,108,4
196,108,4
197,108,0
198,108,0
199,108,4
200,108,4
201,108,0
202,108,0
203,108,4
204,108,4
205,108,0
206,108,0
207,108,4
208,108,4
209,108,0
210,108,0
211,108,4
212,108,4
213,108,0
214,108,0
215,108,4
216,108,4
217,108,0
218,108,0
219,108,4
220,108,5
221,108,0
222,108,0
223,108,5
224,108,5
225,108,0
226,108,0
227,108,5
228,108,5
229,108,0
230,108,0
231,108,5
232,108,5
233,108,0
234,108,0
235,108,6
236,108,6
237,108,0
238,108,0
239,108,5
240,108,5
241,108,0
242,108,0
243,108,5
244,108,5
245,108,0
246,108,0
247,108,5
248,108,4
249,108,0
250,108,0
251,108,4
252,108,4
253,108,0
254,108,0
255,108,4
0,109,4
1,109,0
2,109,0
3,109,4
4,109,4
5,109,0
6,109,0
7,109,4
8,109,5
9,109,0
10,109,0
11,109,5
12,109,5
13,109,0
14,109,0
15,109,5
16,109,5
17,109,0
18,109,0
19,109,6
20,109,6
21,109,0
22,109,0
23,109,6
24,109,5
25,109,0
26,109,0
27,109,5
28,109,5
29,109,0
30,109,0
31,109,5
32,109,5
33,109,0
34,109,0
35,109,5
36,109,5
37,109,0
38,109,0
39,109,4
40,109,4
41,109,0
42,109,0
43,109,4
44,109,4
45,109,0
46,109,0
47,109,4
48,109,4
49,109,0
50,109,0
51,109,4
52,109,4
53,109,0
54,109,0
55,109,4
56,109,4
57,109,0
58,109,0
59,109,4
60,109,4
61,109,0
62,109,0
63,109,4
64,109,4
65,109,0
66,109,0
67,109,4
68,109,4
69,109,0
70,109,0
71,109,4
72,109,4
73,109,0
74,109,0
75,109,4
76,109,4
77,109,0
78,109,0
79,109,4
80,109,4
81,109,0
82,109,0
83,109,4
84,109,4
85,109,0
86,109,0
87,109,4
88,109,4
89,109,0
90,109,0
91,109,4
92,109,4
93,109,0
94,109,0
95,109,4
96,109,4
97,109,0
98,109,0
99,109,5
100,109,5
101,109,0
102,109,0
103,109,5
104,109,5
105,109,0
106,109,0
107,109,5
108,109,5
109,109,0
110,109,0
111,109,5
112,109,5
113,109,0
114,109,0
115,109,5
116,109,5
117,109,0
118,109,0
119,109,5
120,109,5
121,109,0
122,109,0
123,109,5
124,109,5
125,109,0
126,109,0
127,109,5
128,109,5
129,109,0
130,109,0
131,109,5
132,109,5
133,109,0
134,109,0
135,109,5
136,109,5
137,109,0
138,109,0
139,109,5
140,109,5
141,109,0
142,109,0
143,109,5
144,109,5
145,109,0
146,109,0
147,109,5
148,109,5
149,109,0
150,109,0
151,109,5
152,109,5
153,109,0
154,109,0
155,109,5
156,109,5
157,109,0
158,109,0
159,109,4
160,109,4
161,109,0
162,109,0
163,109,4
164,109,4
165,109,0
166,109,0
167,109,4
168,109,4
169,109,0
170,109,0
171,109,4
172,109,4
173,109,0
174,109,0
175,109,4
176,109,4
177,109,0
178,109,0
179,109,4
180,109,4
181,109,0
182,109,0
183,109,4
184,109,4
185,109,0
186,109,0
187,109,4
188,109,4
189,109,0
190,109,0
191,109,4
192,109,4
193,109,0
194,109,0
195,109,4
196,109,4
197,109,0
198,109,0
199,109,4
200,109,4
201,109,0
202,109,0
203,109,4
204,109,4
205,109,0
206,109,0
207,109,4
208,109,4
209,109,0
210,109,0
211,109,4
212,109,4
213,109,0
214,109,0
215,109,4
216,109,4
217,109,0
218,109,0
219,109,5
220,109,5
221,109,0
222,109,0
223,109,5
224,109,5
225,109,0
226,109,0
227,109,5
228,109,5
229,109,0
230,109,0
231,109,5
232,109,5
233,109,0
234,109,0
235,109,6
236,109,6
237,109,0
238,109,0
239,109,6
240,109,5
241,109,0
242,109,0
243,109,5
244,109,5
245,109,0
246,109,0
247,109,5
248,109,5
249,109,0
250,109,0
251,109,4
252,109,4
253,109,0
254,109,0
255,109,4
0,110,4
1,110,0
2,110,0
3,110,4
4,110,4
5,110,0
6,110,0
7,110,5
8,110,5
9,110,0
10,110,0
11,110,5
12,110,5
13,110,0
14,110,0
15,110,5
16,110,6
17,110,0
18,110,0
19,110,6
20,110,6
21,110,0
22,110,0
23,110,6
24,110,6
25,110,0
26,110,0
27,110,5
28,110,5
29,110,0
30,110,0
31,110,5
32,110,5
33,110,0
34,110,0
35,110,5
36,110,5
37,110,0
38,110,0
39,110,5
40,110,4
41,110,0
42,110,0
43,110,4
44,110,4
45,110,0
46,110,0
47,110,4
48,110,4
49,110,0
50,110,0
51,110,4
52,110,4
53,110,0
54,110,0
55,110,4
56,110,4
57,110,0
58,110,0
59,110,4
60,110,4
61,110,0
62,110,0
63,110,4
64,110,4
65,110,0
66,110,0
67,110,4
68,110,4
69,110,0
70,110,0
71,110,4
72,110,4
73,110,0
74,110,0
75,110,4
76,110,4
77,110,0
78,110,0
79,110,4
80,110,4
81,110,0
82,110,0
83,110,4
84,110,4
85,110,0
86,110,0
87,110,4
88,110,4
89,110,0
90,110,0
91,110,4
92,110,4
93,110,0
94,110,0
95,110,4
96,110,4
97,110,0
98,110,0
99,110,5
100,110,5
101,110,0
102,110,0
103,110,5
104,110,5
105,110,0
106,110,0
107,110,5
108,110,5
109,110,0
110,110,0
111,110,5
112,110,5
113,110,0
114,110,0
115,110,5
116,110,5
117,110,0
118,110,0
119,110,5
120,110,5
121,110,0
122,110,0
123,110,5
124,110,5
125,110,0
126,110,0
127,110,5
128,110,5
129,110,0
130,110,0
131,110,5
132,110,5
133,110,0
134,110,0
135,110,5
136,110,5
137,110,0
138,110,0
139,110,5
140,110,5
141,110,0
142,110,0
143,110,5
144,110,5
145,110,0
146,110,0
147,110,5
148,110,5
149,110,0
150,110,0
151,110,5
152,110,5
153,110,0
154,110,0
155,110,5
156,110,5
157,110,0
158,110,0
159,110,5
160,110,4
161,110,0
162,110,0
163,110,4
164,110,4
165,110,0
166,110,0
167,110,4
168,110,4
169,110,0
170,110,0
171,110,4
172,110,4
173,110,0
174,110,0
175,110,4
176,110,4
177,110,0
178,110,0
179,110,4
180,110,4
181,110,0
182,110,0
183,110,4
184,110,4
185,110,0
186,110,0
187,110,4
188,110,4
189,110,0
190,110,0
191,110,4
192,110,4
193,110,0
194,110,0
195,110,4
196,110,4
197,110,0
198,110,0
199,110,4
200,110,4
201,110,0
202,110,0
203,110,4
204,110,4
205,110,0
206,110,0
207,110,4
208,110,4
209,110,0
210,110,0
211,110,4
212,110,4
213,110,0
214,110,0
215,110,4
216,110,4
217,110,0
218,110,0
219,110,5
220,110,5
221,110,0
222,110,0
223,110,5
224,110,5
225,110,0
226,110,0
227,110,5
228,110,5
229,110,0
230,110,0
231,110,6
232,110,6
233,110,0
234,110,0
235,110,6
236,110,6
237,110,0
238,110,0
239,110,6
240,110,6
241,110,0
242,110,0
243,110,5
244,110,5
245,110,0
246,110,0
247,110,5
248,110,5
249,110,0
250,110,0
251,110,4
252,110,4
253,110,0
254,110,0
255,110,4
0,111,4
1,111,0
2,111,0
3,111,4
4,111,4
5,111,0
6,111,0
7,111,5
8,111,5
9,111,0
10,111,0
11,111,5
12,111,5
13,111,0
14,111,0
15,111,6
16,111,6
17,111,0
18,111,0
19,111,6
20,111,6
21,111,0
22,111,0
23,111,6
24,111,6
25,111,0
26,111,0
27,111,6
28,111,5
29,111,0
30,111,0
31,111,5
32,111,5
33,111,0
34,111,0
35,111,5
36,111,5
37,111,0
38,111,0
39,111,5
40,111,5
41,111,0
42,111,0
43,111,4
44,111,4
45,111,0
46,111,0
47,111,4
48,111,4
49,111,0
50,111,0
51,111,4
52,111,4
53,111,0
54,111,0
55,111,4
56,111,4
57,111,0
58,111,0
59,111,4
60,111,4
61,111,0
62,111,0
63,111,4
64,111,4
65,111,0
66,111,0
67,111,4
68,111,4
69,111,0
70,111,0
71,111,4
72,111,4
73,111,0
74,111,0
75,111,4
76,111,4
77,111,0
78,111,0
79,111,4
80,111,4
81,111,0
82,111,0
83,111,4
84,111,4
85,111,0
86,111,0
87,111,4
88,111,4
89,111,0
90,111,0
91,111,4
92,111,4
93,111,0
94,111,0
95,111,4
96,111,5
97,111,0
98,111,0
99,111,5
100,111,5
101,111,0
102,111,0
103,111,5
104,111,5
105,111,0
106,111,0
107,111,5
108,111,5
109,111,0
110,111,0
111,111,5
112,111,5
113,111,0
114,111,0
115,111,5
116,111,5
117,111,0
118,111,0
119,111,5
120,111,5
121,111,0
122,111,0
123,111,5
124,111,5
125,111,0
126,111,0
127,111,5
128,111,5
129,111,0
130,111,0
131,111,5
132,111,5
133,111,0
134,111,0
135,111,5
136,111,5
137,111,0
138,111,0
139,111,5
140,111,5
141,111,0
142,111,0
143,111,5
144,111,5
145,111,0
146,111,0
147,111,5
148,111,5
149,111,0
150,111,0
151,111,5
152,111,5
153,111,0
154,111,0
155,111,5
156,111,5
157,111,0
158,111,0
159,111,5
160,111,5
161,111,0
162,111,0
163,111,4
164,111,4
165,111,0
166,111,0
167,111,4
168,111,4
169,111,0
170,111,0
171,111,4
172,111,4
173,111,0
174,111,0
175,111,4
176,111,4
177,111,0
178,111,0
179,111,4
180,111,4
181,111,0
182,111,0
183,111,4
184,111,4
185,111,0
186,111,0
187,111,4
188,111,4
189,111,0
190,111,0
191,111,4
192,111,4
193,111,0
194,111,0
195,111,4
196,111,4
197,111,0
198,111,0
199,111,4
200,111,4
201,111,0
202,111,0
203,111,4
204,111,4
205,111,0
206,111,0
207,111,4
208,111,4
209,111,0
210,111,0
211,111,4
212,111,4
213,111,0
214,111,0
215,111,5
216,111,5
217,111,0
218,111,0
219,111,5
220,111,5
221,111,0
222,111,0
223,111,5
224,111,5
225,111,0
226,111,0
227,111,5
228,111,5
229,111,0
230,111,0
231,111,6
232,111,6
233,111,0
234,111,0
235,111,6
236,111,6
237,111,0
238,111,0
239,111,6
240,111,6
241,111,0
242,111,0
243,111,5
244,111,5
245,111,0
246,111,0
247,111,5
248,111,5
249,111,0
250,111,0
251,111,4
252,111,4
253,111,0
254,111,0
255,111,4
0,112,4
1,112,0
2,112,0
3,112,4
4,112,4
5,112,0
6,112,0
7,112,5
8,112,5
9,112,0
10,112,0
11,112,5
12,112,5
13,112,0
14,112,0
15,112,6
16,112,6
17,112,0
18,112,0
19,112,6
20,112,6
21,112,0
22,112,0
23,112,6
24,112,6
25,112,0
26,112,0
27,112,6
28,112,5
29,112,0
30,112,0
31,112,5
32,112,5
33,112,0
34,112,0
35,112,5
36,112,5
37,112,0
38,112,0
39,112,5
40,112,5
41,112,0
42,112,0
43,112,4
44,112,4
45,112,0
46,112,0
47,112,4
48,112,4
49,112,0
50,112,0
51,112,4
52,112,4
53,112,0
54,112,0
55,112,4
56,112,4
57,112,0
58,112,0
59,112,4
60,112,4
61,112,0
62,112,0
63,112,4
64,112,4
65,112,0
66,112,0
67,112,4
68,112,4
69,112,0
70,112,0
71,112,4
72,112,4
73,112,0
74,112,0
75,112,4
76,112,4
77,112,0
78,112,0
79,112,4
80,112,4
81,112,0
82,112,0
83,112,4
84,112,4
85,112,0
86,112,0
87,112,4
88,112,4
89,112,0
90,112,0
91,112,4
92,112,4
93,112,0
94,112,0
95,112,5
96,112,5
97,112,0
98,112,0
99,112,5
100,112,5
101,112,0
102,112,0
103,112,5
104,112,5
105,112,0
106,112,0
107,112,5
108,112,5
109,112,0
110,112,0
111,112,5
112,112,5
113,112,0
114,112,0
115,112,5
116,112,5
117,112,0
118,112,0
119,112,5
120,112,5
121,112,0
122,112,0
123,112,5
124,112,5
125,112,0
126,112,0
127,112,5
128,112,5
129,112,0
130,112,0
131,112,5
132,112,5
133,112,0
134,112,0
135,112,5
136,112,5
137,112,0
138,112,0
139,112,5
140,112,5
141,112,0
142,112,0
143,112,5
144,112,5
145,112,0
146,112,0
147,112,5
148,112,5
149,112,0
150,112,0
151,112,5
152,112,5
153,112,0
154,112,0
155,112,5
156,112,5
157,112,0
158,112,0
159,112,5
160,112,5
161,112,0
162,112,0
163,112,4
164,112,4
165,112,0
166,112,0
167,112,4
168,112,4
169,112,0
170,112,0
171,112,4
172,112,4
173,112,0
174,112,0
175,112,4
176,112,4
177,112,0
178,112,0
179,112,4
180,112,4
181,112,0
182,112,0
183,112,4
184,112,4
185,112,0
186,112,0
187,112,4
188,112,4
189,112,0
190,112,0
191,112,4
192,112,4
193,112,0
194,112,0
195,112,4
196,112,4
197,112,0
198,112,0
199,112,4
200,112,4
201,112,0
202,112,0
203,112,4
204,112,4
205,112,0
206,112,0
207,112,4
208,112,4
209,112,0
210,112,0
211,112,4
212,112,4
213,112,0
214,112,0
215,112,5
216,112,5
217,112,0
218,112,0
219,112,5
220,112,5
221,112,0
222,112,0
223,112,5
224,112,5
225,112,0
226,112,0
227,112,5
228,112,5
229,112,0
230,112,0
231,112,6
232,112,6
233,112,0
234,112,0
235,112,6
236,112,6
237,112,0
238,112,0
239,112,6
240,112,6
241,112,0
242,112,0
243,112,5
244,112,5
245,112,0
246,112,0
247,112,5
248,112,5
249,112,0
250,112,0
251,112,4
252,112,4
253,112,0
254,112,0
255,112,4
0,113,4
1,113,0
2,113,0
3,113,4
4,113,4
5,113,0
6,113,0
7,113,5
8,113,5
9,113,0
10,113,0
11,113,5
12,113,5
13,113,0
14,113,0
15,113,6
16,113,6
17,113,0
18,113,0
19,113,6
20,113,6
21,113,0
22,113,0
23,113,6
24,113,6
25,113,0
26,113,0
27,113,6
28,113,5
29,113,0
30,113,0
31,113,5
32,113,5
33,113,0
34,113,0
35,113,5
36,113,5
37,113,0
38,113,0
39,113,5
40,113,5
41,113,0
42,113,0
43,113,5
44,113,5
45,113,0
46,113,0
47,113,4
48,113,4
49,113,0
50,113,0
51,113,4
52,113,4
53,113,0
54,113,0
55,113,4
56,113,4
57,113,0
58,113,0
59,113,4
60,113,4
61,113,0
62,113,0
63,113,4
64,113,4
65,113,0
66,113,0
67,113,4
68,113,4
69,113,0
70,113,0
71,113,4
72,113,4
73,113,0
74,113,0
75,113,4
76,113,4
77,113,0
78,113,0
79,113,4
80,113,4
81,113,0
82,113,0
83,113,4
84,113,4
85,113,0
86,113,0
87,113,4
88,113,4
89,113,0
90,113,0
91,113,4
92,113,5
93,113,0
94,113,0
95,113,5
96,113,5
97,113,0
98,113,0
99,113,5
100,113,5
101,113,0
102,113,0
103,113,5
104,113,5
105,113,0
106,113,0
107,113,5
108,113,5
109,113,0
110,113,0
111,113,5
112,113,5
113,113,0
114,113,0
115,113,5
116,113,5
117,113,0
118,113,0
119,113,5
120,113,5
121,113,0
122,113,0
123,113,5
124,113,5
125,113,0
126,113,0
127,113,5
128,113,5
129,113,0
130,113,0
131,113,5
132,113,5
133,113,0
134,113,0
135,113,5
136,113,5
137,113,0
138,113,0
139,113,5
140,113,5
141,113,0
142,113,0
143,113,5
144,113,5
145,113,0
146,113,0
147,113,5
148,113,5
149,113,0
150,113,0
151,113,5
152,113,5
153,113,0
154,113,0
155,113,5
156,113,5
157,113,0
158,113,0
159,113,5
160,113,5
161,113,0
162,113,0
163,113,5
164,113,5
165,113,0
166,113,0
167,113,4
168,113,4
169,113,0
170,113,0
171,113,4
172,113,4
173,113,0
174,113,0
175,113,4
176,113,4
177,113,0
178,113,0
179,113,4
180,113,4
181,113,0
182,113,0
183,113,4
184,113,4
185,113,0
186,113,0
187,113,4
188,113,4
189,113,0
190,113,0
191,113,4
192,113,4
193,113,0
194,113,0
195,113,4
196,113,4
197,113,0
198,113,0
199,113,4
200,113,4
201,113,0
202,113,0
203,113,4
204,113,4
205,113,0
206,113,0
207,113,4
208,113,4
209,113,0
210,113,0
211,113,5
212,113,5
213,113,0
214,113,0
215,113,5
216,113,5
217,113,0
218,113,0
219,113,5
220,113,5
221,113,0
222,113,0
223,113,5
224,113,5
225,113,0
226,113,0
227,113,5
228,113,5
229,113,0
230,113,0
231,113,6
232,113,6
233,113,0
234,113,0
235,113,6
236,113,6
237,113,0
238,113,0
239,113,6
240,113,6
241,113,0
242,113,0
243,113,6
244,113,5
245,113,0
246,113,0
247,113,5
248,113,5
249,113,0
250,113,0
251,113,5
252,113,4
253,113,0
254,113,0
255,113,4
0,114,4
1,114,0
2,114,0
3,114,4
4,114,4
5,114,0
6,114,0
7,114,5
8,114,5
9,114,0
10,114,0
11,114,5
12,114,5
13,114,0
14,114,0
15,114,6
16,114,6
17,114,0
18,114,0
19,114,6
20,114,6
21,114,0
22,114,0
23,114,6
24,114,6
25,114,0
26,114,0
27,114,6
28,114,6
29,114,0
30,114,0
31,114,5
32,114,5
33,114,0
34,114,0
35,114,5
36,114,5
37,114,0
38,114,0
39,114,5
40,114,5
41,114,0
42,114,0
43,114,5
44,114,5
45,114,0
46,114,0
47,114,5
48,114,4
49,114,0
50,114,0
51,114,4
52,114,4
53,114,0
54,114,0
55,114,4
56,114,4
57,114,0
58,114,0
59,114,4
60,114,4
61,114,0
62,114,0
63,114,4
64,114,4
65,114,0
66,114,0
67,114,4
68,114,4
69,114,0
70,114,0
71,114,4
72,114,4
73,114,0
74,114,0
75,114,4
76,114,4
77,114,0
78,114,0
79,114,4
80,114,4
81,114,0
82,114,0
83,114,4
84,114,4
85,114,0
86,114,0
87,114,4
88,114,4
89,114,0
90,114,0
91,114,5
92,114,5
93,114,0
94,114,0
95,114,5
96,114,5
97,114,0
98,114,0
99,114,5
100,114,5
101,114,0
102,114,0
103,114,5
104,114,5
105,114,0
106,114,0
107,114,5
108,114,5
109,114,0
110,114,0
111,114,5
112,114,5
113,114,0
114,114,0
115,114,5
116,114,5
117,114,0
118,114,0
119,114,5
120,114,5
121,114,0
122,114,0
123,114,5
124,114,5
125,114,0
126,114,0
127,114,5
128,114,5
129,114,0
130,114,0
131,114,5
132,114,5
133,114,0
134,114,0
135,114,5
136,114,5
137,114,0
138,114,0
139,114,5
140,114,5
141,114,0
142,114,0
143,114,5
144,114,5
145,114,0
146,114,0
147,114,5
148,114,5
149,114,0
150,114,0
151,114,5
152,114,5
153,114,0
154,114,0
155,114,5
156,114,5
157,114,0
158,114,0
159,114,5
160,114,5
161,114,0
162,114,0
163,114,5
164,114,5
165,114,0
166,114,0
167,114,5
168,114,4
169,114,0
170,114,0
171,114,4
172,114,4
173,114,0
174,114,0
175,114,4
176,114,4
177,114,0
178,114,0
179,114,4
180,114,4
181,114,0
182,114,0
183,114,4
184,114,4
185,114,0
186,114,0
187,114,4
188,114,4
189,114,0
190,114,0
191,114,4
192,114,4
193,114,0
194,114,0
195,114,4
196,114,4
197,114,0
198,114,0
199,114,4
200,114,4
201,114,0
202,114,0
203,114,4
204,114,4
205,114,0
206,114,0
207,114,4
208,114,4
209,114,0
210,114,0
211,114,5
212,114,5
213,114,0
214,114,0
215,114,5
216,114,5
217,114,0
218,114,0
219,114,5
220,114,5
221,114,0
222,114,0
223,114,5
224,114,5
225,114,0
226,114,0
227,114,5
228,114,6
229,114,0
230,114,0
231,114,6
232,114,6
233,114,0
234,114,0
235,114,6
236,114,6
237,114,0
238,114,0
239,114,6
240,114,6
241,114,0
242,114,0
243,114,6
244,114,5
245,114,0
246,114,0
247,114,5
248,114,5
249,114,0
250,114,0
251,114,5
252,114,4
253,114,0
254,114,0
255,114,4
0,115,4
1,115,0
2,115,0
3,115,4
4,115,5
5,115,0
6,115,0
7,115,5
8,115,5
9,115,0
10,115,0
11,115,5
12,115,5
13,115,0
14,115,0
15,115,6
16,115,6
17,115,0
18,115,0
19,115,6
20,115,6
21,115,0
22,115,0
23,115,6
24,115,6
25,115,0
26,115,0
27,115,6
28,115,6
29,115,0
30,115,0
31,115,5
32,115,5
33,115,0
34,115,0
35,115,5
36,115,5
37,115,0
38,115,0
39,115,5
40,115,5
41,115,0
42,115,0
43,115,5
44,115,5
45,115,0
46,115,0
47,115,5
48,115,5
49,115,0
50,115,0
51,115,4
52,115,4
53,115,0
54,115,0
55,115,4
56,115,4
57,115,0
58,115,0
59,115,4
60,115,4
61,115,0
62,115,0
63,115,4
64,115,4
65,115,0
66,115,0
67,115,4
68,115,4
69,115,0
70,115,0
71,115,4
72,115,4
73,115,0
74,115,0
75,115,4
76,115,4
77,115,0
78,115,0
79,115,4
80,115,4
81,115,0
82,115,0
83,115,4
84,115,4
85,115,0
86,115,0
87,115,5
88,115,5
89,115,0
90,115,0
91,115,5
92,115,5
93,115,0
94,115,0
95,115,5
96,115,5
97,115,0
98,115,0
99,115,5
100,115,5
101,115,0
102,115,0
103,115,5
104,115,5
105,115,0
106,115,0
107,115,5
108,115,5
109,115,0
110,115,0
111,115,5
112,115,5
113,115,0
114,115,0
115,115,5
116,115,5
117,115,0
118,115,0
119,115,5
120,115,5
121,115,0
122,115,0
123,115,5
124,115,5
125,115,0
126,115,0
127,115,5
128,115,5
129,115,0
130,115,0
131,115,5
132,115,5
133,115,0
134,115,0
135,115,5
136,115,5
137,115,0
138,115,0
139,115,5
140,115,5
141,115,0
142,115,0
143,115,5
144,115,5
145,115,0
146,115,0
147,115,5
148,115,5
149,115,0
150,115,0
151,115,5
152,115,5
153,115,0
154,115,0
155,115,5
156,115,5
157,115,0
158,115,0
159,115,5
160,115,5
161,115,0
162,115,0
163,115,5
164,115,5
165,115,0
166,115,0
167,115,5
168,115,5
169,115,0
170,115,0
171,115,4
172,115,4
173,115,0
174,115,0
175,115,4
176,115,4
177,115,0
178,115,0
179,115,4
180,115,4
181,115,0
182,115,0
183,115,4
184,115,4
185,115,0
186,115,0
187,115,4
188,115,4
189,115,0
190,115,0
191,115,4
192,115,4
193,115,0
194,115,0
195,115,4
196,115,4
197,115,0
198,115,0
199,115,4
200,115,4
201,115,0
202,115,0
203,115,4
204,115,4
205,115,0
206,115,0
207,115,5
208,115,5
209,115,0
210,115,0
211,115,5
212,115,5
213,115,0
214,115,0
215,115,5
216,115,5
217,115,0
218,115,0
219,115,5
220,115,5
221,115,0
222,115,0
223,115,5
224,115,5
225,115,0
226,115,0
227,115,5
228,115,6
229,115,0
230,115,0
231,115,6
232,115,6
233,115,0
234,115,0
235,115,6
236,115,6
237,115,0
238,115,0
239,115,6
240,115,6
241,115,0
242,115,0
243,115,6
244,115,5
245,115,0
246,115,0
247,115,5
248,115,5
249,115,0
250,115,0
251,115,5
252,115,5
253,115,0
254,115,0
255,115,4
0,116,4
1,116,0
2,116,0
3,116,5
4,116,5
5,116,0
6,116,0
7,116,5
8,116,5
9,116,0
10,116,0
11,116,5
12,116,5
13,116,0
14,116,0
15,116,6
16,116,6
17,116,0
18,116,0
19,116,6
20,116,6
21,116,0
22,116,0
23,116,6
24,116,6
25,116,0
26,116,0
27,116,6
28,116,6
29,116,0
30,116,0
31,116,5
32,116,5
33,116,0
34,116,0
35,116,5
36,116,5
37,116,0
38,116,0
39,116,5
40,116,5
41,116,0
42,116,0
43,116,5
44,116,5
45,116,0
46,116,0
47,116,5
48,116,5
49,116,0
50,116,0
51,116,5
52,116,5
53,116,0
54,116,0
55,116,4
56,116,4
57,116,0
58,116,0
59,116,4
60,116,4
61,116,0
62,116,0
63,116,4
64,116,4
65,116,0
66,116,0
67,116,4
68,116,4
69,116,0
70,116,0
71,116,4
72,116,4
73,116,0
74,116,0
75,116,4
76,116,4
77,116,0
78,116,0
79,116,4
80,116,4
81,116,0
82,116,0
83,116,5
84,116,5
85,116,0
86,116,0
87,116,5
88,116,5
89,116,0
90,116,0
91,116,5
92,116,5
93,116,0
94,116,0
95,116,5
96,116,5
97,116,0
98,116,0
99,116,5
100,116,5
101,116,0
102,116,0
103,116,5
104,116,5
105,116,0
106,116,0
107,116,5
108,116,5
109,116,0
110,116,0
111,116,5
112,116,5
113,116,0
114,116,0
115,116,5
116,116,5
117,116,0
118,116,0
119,116,5
120,116,5
121,116,0
122,116,0
123,116,5
124,116,5
125,116,0
126,116,0
127,116,5
128,116,5
129,116,0
130,116,0
131,116,5
132,116,5
133,116,0
134,116,0
135,116,5
136,116,5
137,116,0
138,116,0
139,116,5
140,116,5
141,116,0
142,116,0
143,116,5
144,116,5
145,116,0
146,116,0
147,116,5
148,116,5
149,116,0
150,116,0
151,116,5
152,116,5
153,116,0
154,116,0
155,116,5
156,116,5
157,116,0
158,116,0
159,116,5
160,116,5
161,116,0
162,116,0
163,116,5
164,116,5
165,116,0
166,116,0
167,116,5
168,116,5
169,116,0
170,116,0
171,116,5
172,116,5
173,116,0
174,116,0
175,116,4
176,116,4
177,116,0
178,116,0
179,116,4
180,116,4
181,116,0
182,116,0
183,116,4
184,116,4
185,116,0
186,116,0
187,116,4
188,116,4
189,116,0
190,116,0
191,116,4
192,116,4
193,116,0
194,116,0
195,116,4
196,116,4
197,116,0
198,116,0
199,116,4
200,116,4
201,116,0
202,116,0
203,116,5
204,116,5
205,116,0
206,116,0
207,116,5
208,116,5
209,116,0
210,116,0
211,116,5
212,116,5
213,116,0
214,116,0
215,116,5
216,116,5
217,116,0
218,116,0
219,116,5
220,116,5
221,116,0
222,116,0
223,116,5
224,116,5
225,116,0
226,116,0
227,116,5
228,116,6
229,116,0
230,116,0
231,116,6
232,116,6
233,116,0
234,116,0
235,116,6
236,116,6
237,116,0
238,116,0
239,116,6
240,116,6
241,116,0
242,116,0
243,116,6
244,116,5
245,116,0
246,116,0
247,116,5
248,116,5
249,116,0
250,116,0
251,116,5
252,116,5
253,116,0
254,116,0
255,116,4
0,117,4
1,117,0
2,117,0
3,117,5
4,117,5
5,117,0
6,117,0
7,117,5
8,117,5
9,117,0
10,117,0
11,117,5
12,117,5
13,117,0
14,117,0
15,117,6
16,117,6
17,117,0
18,117,0
19,117,6
20,117,6
21,117,0
22,117,0
23,117,6
24,117,6
25,117,0
26,117,0
27,117,6
28,117,6
29,117,0
30,117,0
31,117,5
32,117,5
33,117,0
34,117,0
35,117,5
36,117,5
37,117,0
38,117,0
39,117,5
40,117,5
41,117,0
42,117,0
43,117,5
44,117,5
45,117,0
46,117,0
47,117,5
48,117,5
49,117,0
50,117,0
51,117,5
52,117,5
53,117,0
54,117,0
55,117,5
56,117,5
57,117,0
58,117,0
59,117,5
60,117,4
61,117,0
62,117,0
63,117,4
64,117,4
65,117,0
66,117,0
67,117,4
68,117,4
69,117,0
70,117,0
71,117,4
72,117,4
73,117,0
74,117,0
75,117,4
76,117,5
77,117,0
78,117,0
79,117,5
80,117,5
81,117,0
82,117,0
83,117,5
84,117,5
85,117,0
86,117,0
87,117,5
88,117,5
89,117,0
90,117,0
91,117,5
92,117,5
93,117,0
94,117,0
95,117,5
96,117,5
97,117,0
98,117,0
99,117,5
100,117,5
101,117,0
102,117,0
103,117,5
104,117,5
105,117,0
106,117,0
107,117,5
108,117,5
109,117,0
110,117,0
111,117,5
112,117,5
113,117,0
114,117,0
115,117,5
116,117,5
117,117,0
118,117,0
119,117,5
120,117,5
121,117,0
122,117,0
123,117,5
124,117,5
125,117,0
126,117,0
127,117,5
128,117,5
129,117,0
130,117,0
131,117,5
132,117,5
133,117,0
134,117,0
135,117,5
136,117,5
137,117,0
138,117,0
139,117,5
140,117,5
141,117,0
142,117,0
143,117,5
144,117,5
145,117,0
146,117,0
147,117,5
148,117,5
149,117,0
150,117,0
151,117,5
152,117,5
153,117,0
154,117,0
155,117,5
156,117,5
157,117,0
158,117,0
159,117,5
160,117,5
161,117,0
162,117,0
163,117,5
164,117,5
165,117,0
166,117,0
167,117,5
168,117,5
169,117,0
170,117,0
171,117,5
172,117,5
173,117,0
174,117,0
175,117,5
176,117,5
177,117,0
178,117,0
179,117,5
180,117,5
181,117,0
182,117,0
183,117,4
184,117,4
185,117,0
186,117,0
187,117,4
188,117,4
189,117,0
190,117,0
191,117,4
192,117,4
193,117,0
194,117,0
195,117,4
196,117,4
197,117,0
198,117,0
199,117,5
200,117,5
201,117,0
202,117,0
203,117,5
204,117,5
205,117,0
206,117,0
207,117,5
208,117,5
209,117,0
210,117,0
211,117,5
212,117,5
213,117,0
214,117,0
215,117,5
216,117,5
217,117,0
218,117,0
219,117,5
220,117,5
221,117,0
222,117,0
223,117,5
224,117,5
225,117,0
226,117,0
227,117,6
228,117,6
229,117,0
230,117,0
231,117,6
232,117,6
233,117,0
234,117,0
235,117,6
236,117,6
237,117,0
238,117,0
239,117,6
240,117,6
241,117,0
242,117,0
243,117,6
244,117,5
245,117,0
246,117,0
247,117,5
248,117,5
249,117,0
250,117,0
251,117,5
252,117,5
253,117,0
254,117,0
255,117,4
0,118,4
1,118,0
2,118,0
3,118,5
4,118,5
5,118,0
6,118,0
7,118,5
8,118,5
9,118,0
10,118,0
11,118,5
12,118,5
13,118,0
14,118,0
15,118,6
16,118,6
17,118,0
18,118,0
19,118,6
20,118,6
21,118,0
22,118,0
23,118,6
24,118,6
25,118,0
26,118,0
27,118,6
28,118,6
29,118,0
30,118,0
31,118,5
32,118,5
33,118,0
34,118,0
35,118,5
36,118,5
37,118,0
38,118,0
39,118,5
40,118,5
41,118,0
42,118,0
43,118,5
44,118,5
45,118,0
46,118,0
47,118,5
48,118,5
49,118,0
50,118,0
51,118,5
52,118,5
53,118,0
54,118,0
55,118,5
56,118,5
57,118,0
58,118,0
59,118,5
60,118,5
61,118,0
62,118,0
63,118,5
64,118,5
65,118,0
66,118,0
67,118,5
68,118,5
69,118,0
70,118,0
71,118,5
72,118,5
73,118,0
74,118,0
75,118,5
76,118,5
77,118,0
78,118,0
79,118,5
80,118,5
81,118,0
82,118,0
83,118,5
84,118,5
85,118,0
86,118,0
87,118,5
88,118,5
89,118,0
90,118,0
91,118,5
92,118,5
93,118,0
94,118,0
95,118,5
96,118,5
97,118,0
98,118,0
99,118,5
100,118,5
101,118,0
102,118,0
103,118,5
104,118,5
105,118,0
106,118,0
107,118,5
108,118,5
109,118,0
110,118,0
111,118,5
112,118,5
113,118,0
114,118,0
115,118,5
116,118,5
117,118,0
118,118,0
119,118,5
120,118,5
121,118,0
122,118,0
123,118,5
124,118,5
125,118,0
126,118,0
127,118,5
128,118,5
129,118,0
130,118,0
131,118,5
132,118,5
133,118,0
134,118,0
135,118,5
136,118,5
137,118,0
138,118,0
139,118,5
140,118,5
141,118,0
142,118,0
143,118,5
144,118,5
145,118,0
146,118,0
147,118,5
148,118,5
149,118,0
150,118,0
151,118,5
152,118,5
153,118,0
154,118,0
155,118,5
156,118,5
157,118,0
158,118,0
159,118,5
160,118,5
161,118,0
162,118,0
163,118,5
164,118,5
165,118,0
166,118,0
167,118,5
168,118,5
169,118,0
170,118,0
171,118,5
172,118,5
173,118,0
174,118,0
175,118,5
176,118,5
177,118,0
178,118,0
179,118,5
180,118,5
181,118,0
182,118,0
183,118,5
184,118,5
185,118,0
186,118,0
187,118,5
188,118,5
189,118,0
190,118,0
191,118,5
192,118,5
193,118,0
194,118,0
195,118,5
196,118,5
197,118,0
198,118,0
199,118,5
200,118,5
201,118,0
202,118,0
203,118,5
204,118,5
205,118,0
206,118,0
207,118,5
208,118,5
209,118,0
210,118,0
211,118,5
212,118,5
213,118,0
214,118,0
215,118,5
216,118,5
217,118,0
218,118,0
219,118,5
220,118,5
221,118,0
222,118,0
223,118,5
224,118,5
225,118,0
226,118,0
227,118,6
228,118,6
229,118,0
230,118,0
231,118,6
232,118,6
233,118,0
234,118,0
235,118,6
236,118,6
237,118,0
238,118,0
239,118,6
240,118,6
241,118,0
242,118,0
243,118,6
244,118,5
245,118,0
246,118,0
247,118,5
248,118,5
249,118,0
250,118,0
251,118,5
252,118,5
253,118,0
254,118,0
255,118,5
0,119,5
1,119,0
2,119,0
3,119,5
4,119,5
5,119,0
6,119,0
7,119,5
8,119,5
9,119,0
10,119,0
11,119,5
12,119,5
13,119,0
14,119,0
15,119,6
16,119,6
17,119,0
18,119,0
19,119,6
20,119,6
21,119,0
22,119,0
23,119,6
24,119,6
25,119,0
26,119,0
27,119,6
28,119,6
29,119,0
30,119,0
31,119,5
32,119,5
33,119,0
34,119,0
35,119,5
36,119,5
37,119,0
38,119,0
39,119,5
40,119,5
41,119,0
42,119,0
43,119,5
44,119,5
45,119,0
46,119,0
47,119,5
48,119,5
49,119,0
50,119,0
51,119,5
52,119,5
53,119,0
54,119,0
55,119,5
56,119,5
57,119,0
58,119,0
59,119,5
60,119,5
61,119,0
62,119,0
63,119,5
64,119,5
65,119,0
66,119,0
67,119,5
68,119,5
69,119,0
70,119,0
71,119,5
72,119,5
73,119,0
74,119,0
75,119,5
76,119,5
77,119,0
78,119,0
79,119,5
80,119,5
81,119,0
82,119,0
83,119,5
84,119,5
85,119,0
86,119,0
87,119,5
88,119,5
89,119,0
90,119,0
91,119,5
92,119,5
93,119,0
94,119,0
95,119,5
96,119,5
97,119,0
98,119,0
99,119,5
100,119,5
101,119,0
102,119,0
103,119,5
104,119,5
105,119,0
106,119,0
107,119,5
108,119,5
109,119,0
110,119,0
111,119,5
112,119,5
113,119,0
114,119,0
115,119,5
116,119,5
117,119,0
118,119,0
119,119,5
120,119,5
121,119,0
122,119,0
123,119,5
124,119,5
125,119,0
126,119,0
127,119,5
128,119,5
129,119,0
130,119,0
131,119,5
132,119,5
133,119,0
134,119,0
135,119,5
136,119,5
137,119,0
138,119,0
139,119,5
140,119,5
141,119,0
142,119,0
143,119,5
144,119,5
145,119,0
146,119,0
147,119,5
148,119,5
149,119,0
150,119,0
151,119,5
152,119,5
153,119,0
154,119,0
155,119,5
156,119,5
157,119,0
158,119,0
159,119,5
160,119,5
161,119,0
162,119,0
163,119,5
164,119,5
165,119,0
166,119,0
167,119,5
168,119,5
169,119,0
170,119,0
171,119,5
172,119,5
173,119,0
174,119,0
175,119,5
176,119,5
177,119,0
178,119,0
179,119,5
180,119,5
181,119,0
182,119,0
183,119,5
184,119,5
185,119,0
186,119,0
187,119,5
188,119,5
189,119,0
190,119,0
191,119,5
192,119,5
193,119,0
194,119,0
195,119,5
196,119,5
197,119,0
198,119,0
199,119,5
200,119,5
201,119,0
202,119,0
203,119,5
204,119,5
205,119,0
206,119,0
207,119,5
208,119,5
209,119,0
210,119,0
211,119,5
212,119,5
213,119,0
214,119,0
215,119,5
216,119,5
217,119,0
218,119,0
219,119,5
220,119,5
221,119,0
222,119,0
223,119,5
224,119,5
225,119,0
226,119,0
227,119,6
228,119,6
229,119,0
230,119,0
231,119,6
232,119,6
233,119,0
234,119,0
235,119,6
236,119,6
237,119,0
238,119,0
239,119,6
240,119,6
241,119,0
242,119,0
243,119,6
244,119,5
245,119,0
246,119,0
247,119,5
248,119,5
249,119,0
250,119,0
251,119,5
252,119,5
253,119,0
254,119,0
255,119,5
0,120,5
1,120,0
2,120,0
3,120,5
4,120,5
5,120,0
6,120,0
7,120,5
8,120,5
9,120,0
10,120,0
11,120,5
12,120,5
13,120,0
14,120,0
15,120,6
16,120,6
17,120,0
18,120,0
19,120,6
20,120,6
21,120,0
22,120,0
23,120,6
24,120,6
25,120,0
26,120,0
27,120,6
28,120,6
29,120,0
30,120,0
31,120,5
32,120,5
33,120,0
34,120,0
35,120,5
36,120,5
37,120,0
38,120,0
39,120,5
40,120,5
41,120,0
42,120,0
43,120,5
44,120,5
45,120,0
46,120,0
47,120,5
48,120,5
49,120,0
50,120,0
51,120,5
52,120,5
53,120,0
54,120,0
55,120,5
56,120,5
57,120,0
58,120,0
59,120,5
60,120,5
61,120,0
62,120,0
63,120,5
64,120,5
65,120,0
66,120,0
67,120,5
68,120,5
69,120,0
70,120,0
71,120,5
72,120,5
73,120,0
74,120,0
75,120,5
76,120,5
77,120,0
78,120,0
79,120,5
80,120,5
81,120,0
82,120,0
83,120,5
84,120,5
85,120,0
86,120,0
87,120,5
88,120,5
89,120,0
90,120,0
91,120,5
92,120,5
93,120,0
94,120,0
95,120,5
96,120,5
97,120,0
98,120,0
99,120,5
100,120,5
101,120,0
102,120,0
103,120,5
104,120,5
105,120,0
106,120,0
107,120,5
108,120,5
109,120,0
110,120,0
111,120,5
112,120,5
113,120,0
114,120,0
115,120,5
116,120,5
117,120,0
118,120,0
119,120,5
120,120,5
121,120,0
122,120,0
123,120,5
124,120,5
125,120,0
126,120,0
127,120,5
128,120,5
129,120,0
130,120,0
131,120,5
132,120,5
133,120,0
134,120,0
135,120,5
136,120,5
137,120,0
138,120,0
139,120,5
140,120,5
141,120,0
142,120,0
143,120,5
144,120,5
145,120,0
146,120,0
147,120,5
148,120,5
149,120,0
150,120,0
151,120,5
152,120,5
153,120,0
154,120,0
155,120,5
156,120,5
157,120,0
158,120,0
159,120,5
160,120,5
161,120,0
162,120,0
163,120,5
164,120,5
165,120,0
166,120,0
167,120,5
168,120,5
169,120,0
170,120,0
171,120,5
172,120,5
173,120,0
174,120,0
175,120,5
176,120,5
177,120,0
178,120,0
179,120,5
180,120,5
181,120,0
182,120,0
183,120,5
184,120,5
185,120,0
186,120,0
187,120,5
188,120,5
189,120,0
190,120,0
191,120,5
192,120,5
193,120,0
194,120,0
195,120,5
196,120,5
197,120,0
198,120,0
199,120,5
200,120,5
201,120,0
202,120,0
203,120,5
204,120,5
205,120,0
206,120,0
207,120,5
208,120,5
209,120,0
210,120,0
211,120,5
212,120,5
213,120,0
214,120,0
215,120,5
216,120,5
217,120,0
218,120,0
219,120,5
220,120,5
221,120,0
222,120,0
223,120,5
224,120,5
225,120,0
226,120,0
227,120,6
228,120,6
229,120,0
230,120,0
231,120,6
232,120,6
233,120,0
234,120,0
235,120,6
236,120,6
237,120,0
238,120,0
239,120,6
240,120,6
241,120,0
242,120,0
243,120,6
244,120,5
245,120,0
246,120,0
247,120,5
248,120,5
249,120,0
250,120,0
251,120,5
252,120,5
253,120,0
254,120,0
255,120,5
0,121,5
1,121,0
2,121,0
3,121,5
4,121,5
5,121,0
6,121,0
7,121,5
8,121,5
9,121,0
10,121,0
11,121,5
12,121,5
13,121,0
14,121,0
15,121,6
16,121,6
17,121,0
18,121,0
19,121,6
20,121,6
21,121,0
22,121,0
23,121,6
24,121,6
25,121,0
26,121,0
27,121,6
28,121,6
29,121,0
30,121,0
31,121,5
32,121,5
33,121,0
34,121,0
35,121,5
36,121,5
37,121,0
38,121,0
39,121,5
40,121,5
41,121,0
42,121,0
43,121,5
44,121,5
45,121,0
46,121,0
47,121,5
48,121,5
49,121,0
50,121,0
51,121,5
52,121,5
53,121,0
54,121,0
55,121,5
56,121,5
57,121,0
58,121,0
59,121,5
60,121,5
61,121,0
62,121,0
63,121,5
64,121,5
65,121,0
66,121,0
67,121,5
68,121,5
69,121,0
70,121,0
71,121,5
72,121,5
73,121,0
74,121,0
75,121,5
76,121,5
77,121,0
78,121,0
79,121,5
80,121,5
81,121,0
82,121,0
83,121,5
84,121,5
85,121,0
86,121,0
87,121,5
88,121,5
89,121,0
90,121,0
91,121,5
92,121,5
93,121,0
94,121,0
95,121,5
96,121,5
97,121,0
98,121,0
99,121,5
100,121,5
101,121,0
102,121,0
103,121,5
104,121,5
105,121,0
106,121,0
107,121,5
108,121,5
109,121,0
110,121,0
111,121,5
112,121,5
113,121,0
114,121,0
115,121,5
116,121,5
117,121,0
118,121,0
119,121,5
120,121,5
121,121,0
122,121,0
123,121,5
124,121,5
125,121,0
126,121,0
127,121,5
128,121,5
129,121,0
130,121,0
131,121,5
132,121,5
133,121,0
134,121,0
135,121,5
136,121,5
137,121,0
138,121,0
139,121,5
140,121,5
141,121,0
142,121,0
143,121,5
144,121,5
145,121,0
146,121,0
147,121,5
148,121,5
149,121,0
150,121,0
151,121,5
152,121,5
153,121,0
154,121,0
155,121,5
156,121,5
157,121,0
158,121,0
159,121,5
160,121,5
161,121,0
162,121,0
163,121,5
164,121,5
165,121,0
166,121,0
167,121,5
168,121,5
169,121,0
170,121,0
171,121,5
172,121,5
173,121,0
174,121,0
175,121,5
176,121,5
177,121,0
178,121,0
179,121,5
180,121,5
181,121,0
182,121,0
183,121,5
184,121,5
185,121,0
186,121,0
187,121,5
188,121,5
189,121,0
190,121,0
191,121,5
192,121,5
193,121,0
194,121,0
195,121,5
196,121,5
197,121,0
198,121,0
199,121,5
200,121,5
201,121,0
202,121,0
203,121,5
204,121,5
205,121,0
206,121,0
207,121,5
208,121,5
209,121,0
210,121,0
211,121,5
212,121,5
213,121,0
214,121,0
215,121,5
216,121,5
217,121,0
218,121,0
219,121,5
220,121,5
221,121,0
222,121,0
223,121,5
224,121,5
225,121,0
226,121,0
227,121,6
228,121,6
229,121,0
230,121,0
231,121,6
232,121,6
233,121,0
234,121,0
235,121,6
236,121,6
237,121,0
238,121,0
239,121,6
240,121,6
241,121,0
242,121,0
243,121,6
244,121,5
245,121,0
246,121,0
247,121,5
248,121,5
249,121,0
250,121,0
251,121,5
252,121,5
253,121,0
254,121,0
255,121,5
0,122,5
1,122,0
2,122,0
3,122,5
4,122,5
5,122,0
6,122,0
7,122,5
8,122,5
9,122,0
10,122,0
11,122,5
12,122,5
13,122,0
14,122,0
15,122,6
16,122,6
17,122,0
18,122,0
19,122,6
20,122,6
21,122,0
22,122,0
23,122,6
24,122,6
25,122,0
26,122,0
27,122,6
28,122,6
29,122,0
30,122,0
31,122,5
32,122,5
33,122,0
34,122,0
35,122,5
36,122,5
37,122,0
38,122,0
39,122,5
40,122,5
41,122,0
42,122,0
43,122,5
44,122,5
45,122,0
46,122,0
47,122,5
48,122,5
49,122,0
50,122,0
51,122,5
52,122,5
53,122,0
54,122,0
55,122,5
56,122,5
57,122,0
58,122,0
59,122,5
60,122,5
61,122,0
62,122,0
63,122,5
64,122,5
65,122,0
66,122,0
67,122,5
68,122,5
69,122,0
70,122,0
71,122,5
72,122,5
73,122,0
74,122,0
75,122,5
76,122,5
77,122,0
78,122,0
79,122,5
80,122,5
81,122,0
82,122,0
83,122,5
84,122,5
85,122,0
86,122,0
87,122,5
88,122,5
89,122,0
90,122,0
91,122,5
92,122,5
93,122,0
94,122,0
95,122,5
96,122,5
97,122,0
98,122,0
99,122,5
100,122,5
101,122,0
102,122,0
103,122,5
104,122,5
105,122,0
106,122,0
107,122,5
108,122,5
109,122,0
110,122,0
111,122,5
112,122,5
113,122,0
114,122,0
115,122,5
116,122,5
117,122,0
118,122,0
119,122,5
120,122,5
121,122,0
122,122,0
123,122,5
124,122,5
125,122,0
126,122,0
127,122,5
128,122,5
129,122,0
130,122,0
131,122,5
132,122,5
133,122,0
134,122,0
135,122,5
136,122,5
137,122,0
138,122,0
139,122,5
140,122,5
141,122,0
142,122,0
143,122,5
144,122,5
145,122,0
146,122,0
147,122,5
148,122,5
149,122,0
150,122,0
151,122,5
152,122,5
153,122,0
154,122,0
155,122,5
156,122,5
157,122,0
158,122,0
159,122,5
160,122,5
161,122,0
162,122,0
163,122,5
164,122,5
165,122,0
166,122,0
167,122,5
168,122,5
169,122,0
170,122,0
171,122,5
172,122,5
173,122,0
174,122,0
175,122,5
176,122,5
177,122,0
178,122,0
179,122,5
180,122,5
181,122,0
182,122,0
183,122,5
184,122,5
185,122,0
186,122,0
187,122,5
188,122,5
189,122,0
190,122,0
191,122,5
192,122,5
193,122,0
194,122,0
195,122,5
196,122,5
197,122,0
198,122,0
199,122,5
200,122,5
201,122,0
202,122,0
203,122,5
204,122,5
205,122,0
206,122,0
207,122,5
208,122,5
209,122,0
210,122,0
211,122,5
212,122,5
213,122,0
214,122,0
215,122,5
216,122,5
217,122,0
218,122,0
219,122,5
220,122,5
221,122,0
222,122,0
223,122,5
224,122,5
225,122,0
226,122,0
227,122,6
228,122,6
229,122,0
230,122,0
231,122,6
232,122,6
233,122,0
234,122,0
235,122,6
236,122,6
237,122,0
238,122,0
239,122,6
240,122,6
241,122,0
242,122,0
243,122,6
244,122,5
245,122,0
246,122,0
247,122,5
248,122,5
249,122,0
250,122,0
251,122,5
252,122,5
253,122,0
254,122,0
255,122,5
0,123,5
1,123,0
2,123,0
3,123,5
4,123,5
5,123,0
6,123,0
7,123,5
8,123,5
9,123,0
10,123,0
11,123,5
12,123,6
13,123,0
14,123,0
15,123,6
16,123,6
17,123,0
18,123,0
19,123,6
20,123,6
21,123,0
22,123,0
23,123,6
24,123,6
25,123,0
26,123,0
27,123,6
28,123,6
29,123,0
30,123,0
31,123,5
32,123,5
33,123,0
34,123,0
35,123,5
36,123,5
37,123,0
38,123,0
39,123,5
40,123,5
41,123,0
42,123,0
43,123,5
44,123,5
45,123,0
46,123,0
47,123,5
48,123,5
49,123,0
50,123,0
51,123,5
52,123,5
53,123,0
54,123,0
55,123,5
56,123,5
57,123,0
58,123,0
59,123,5
60,123,5
61,123,0
62,123,0
63,123,5
64,123,5
65,123,0
66,123,0
67,123,5
68,123,5
69,123,0
70,123,0
71,123,5
72,123,5
73,123,0
74,123,0
75,123,5
76,123,5
77,123,0
78,123,0
79,123,5
80,123,5
81,123,0
82,123,0
83,123,5
84,123,5
85,123,0
86,123,0
87,123,5
88,123,5
89,123,0
90,123,0
91,123,5
92,123,5
93,123,0
94,123,0
95,123,5
96,123,5
97,123,0
98,123,0
99,123,5
100,123,5
101,123,0
102,123,0
103,123,5
104,123,5
105,123,0
106,123,0
107,123,5
108,123,5
109,123,0
110,123,0
111,123,5
112,123,5
113,123,0
114,123,0
115,123,5
116,123,5
117,123,0
118,123,0
119,123,5
120,123,5
121,123,0
122,123,0
123,123,5
124,123,5
125,123,0
126,123,0
127,123,5
128,123,5
129,123,0
130,123,0
131,123,5
132,123,5
133,123,0
134,123,0
135,123,5
136,123,5
137,123,0
138,123,0
139,123,5
140,123,5
141,123,0
142,123,0
143,123,5
144,123,5
145,123,0
146,123,0
147,123,5
148,123,5
149,123,0
150,123,0
151,123,5
152,123,5
153,123,0
154,123,0
155,123,5
156,123,5
157,123,0
158,123,0
159,123,5
160,123,5
161,123,0
162,123,0
163,123,5
164,123,5
165,123,0
166,123,0
167,123,5
168,123,5
169,123,0
170,123,0
171,123,5
172,123,5
173,123,0
174,123,0
175,123,5
176,123,5
177,123,0
178,123,0
179,123,5
180,123,5
181,123,0
182,123,0
183,123,5
184,123,5
185,123,0
186,123,0
187,123,5
188,123,5
189,123,0
190,123,0
191,123,5
192,123,5
193,123,0
194,123,0
195,123,5
196,123,5
197,123,0
198,123,0
199,123,5
200,123,5
201,123,0
202,123,0
203,123,5
204,123,5
205,123,0
206,123,0
207,123,5
208,123,5
209,123,0
210,123,0
211,123,5
212,123,5
213,123,0
214,123,0
215,123,5
216,123,5
217,123,0
218,123,0
219,123,5
220,123,5
221,123,0
222,123,0
223,123,5
224,123,5
225,123,0
226,123,0
227,123,6
228,123,6
229,123,0
230,123,0
231,123,6
232,123,6
233,123,0
234,123,0
235,123,6
236,123,6
237,123,0
238,123,0
239,123,6
240,123,6
241,123,0
242,123,0
243,123,6
244,123,6
245,123,0
246,123,0
247,123,5
248,123,5
249,123,0
250,123,0
251,123,5
252,123,5
253,123,0
254,123,0
255,123,5
0,124,5
1,124,0
2,124,0
3,124,5
4,124,5
5,124,0
6,124,0
7,124,5
8,124,5
9,124,0
10,124,0
11,124,5
12,124,6
13,124,0
14,124,0
15,124,6
16,124,6
17,124,0
18,124,0
19,124,6
20,124,6
21,124,0
22,124,0
23,124,6
24,124,6
25,124,0
26,124,0
27,124,6
28,124,6
29,124,0
30,124,0
31,124,6
32,124,5
33,124,0
34,124,0
35,124,5
36,124,5
37,124,0
38,124,0
39,124,5
40,124,5
41,124,0
42,124,0
43,124,5
44,124,5
45,124,0
46,124,0
47,124,5
48,124,5
49,124,0
50,124,0
51,124,5
52,124,5
53,124,0
54,124,0
55,124,5
56,124,5
57,124,0
58,124,0
59,124,5
60,124,5
61,124,0
62,124,0
63,124,5
64,124,5
65,124,0
66,124,0
67,124,5
68,124,5
69,124,0
70,124,0
71,124,5
72,124,5
73,124,0
74,124,0
75,124,5
76,124,5
77,124,0
78,124,0
79,124,5
80,124,5
81,124,0
82,124,0
83,124,5
84,124,5
85,124,0
86,124,0
87,124,5
88,124,5
89,124,0
90,124,0
91,124,5
92,124,5
93,124,0
94,124,0
95,124,5
96,124,5
97,124,0
98,124,0
99,124,5
100,124,5
101,124,0
102,124,0
103,124,5
104,124,5
105,124,0
106,124,0
107,124,5
108,124,5
109,124,0
110,124,0
111,124,5
112,124,5
113,124,0
114,124,0
115,124,5
116,124,5
117,124,0
118,124,0
119,124,5
120,124,5
121,124,0
122,124,0
123,124,5
124,124,5
125,124,0
126,124,0
127,124,5
128,124,5
129,124,0
130,124,0
131,124,5
132,124,5
133,124,0
134,124,0
135,124,5
136,124,5
137,124,0
138,124,0
139,124,5
140,124,5
141,124,0
142,124,0
143,124,5
144,124,5
145,124,0
146,124,0
147,124,5
148,124,5
149,124,0
150,124,0
151,124,5
152,124,5
153,124,0
154,124,0
155,124,5
156,124,5
157,124,0
158,124,0
159,124,5
160,124,5
161,124,0
162,124,0
163,124,5
164,124,5
165,124,0
166,124,0
167,124,5
168,124,5
169,124,0
170,124,0
171,124,5
172,124,5
173,124,0
174,124,0
175,124,5
176,124,5
177,124,0
178,124,0
179,124,5
180,124,5
181,124,0
182,124,0
183,124,5
184,124,5
185,124,0
186,124,0
187,124,5
188,124,5
189,124,0
190,124,0
191,124,5
192,124,5
193,124,0
194,124,0
195,124,5
196,124,5
197,124,0
198,124,0
199,124,5
200,124,5
201,124,0
202,124,0
203,124,5
204,124,5
205,124,0
206,124,0
207,124,5
208,124,5
209,124,0
210,124,0
211,124,5
212,124,5
213,124,0
214,124,0
215,124,5
216,124,5
217,124,0
218,124,0
219,124,5
220,124,5
221,124,0
222,124,0
223,124,5
224,124,5
225,124,0
226,124,0
227,124,6
228,124,6
229,124,0
230,124,0
231,124,6
232,124,6
233,124,0
234,124,0
235,124,6
236,124,6
237,124,0
238,124,0
239,124,6
240,124,6
241,124,0
242,124,0
243,124,6
244,124,6
245,124,0
246,124,0
247,124,5
248,124,5
249,124,0
250,124,0
251,124,5
252,124,5
253,124,0
254,124,0
255,124,5
0,125,5
1,125,0
2,125,0
3,125,5
4,125,5
5,125,0
6,125,0
7,125,5
8,125,5
9,125,0
10,125,0
11,125,5
12,125,6
13,125,0
14,125,0
15,125,6
16,125,6
17,125,0
18,125,0
19,125,6
20,125,6
21,125,0
22,125,0
23,125,6
24,125,6
25,125,0
26,125,0
27,125,6
28,125,6
29,125,0
30,125,0
31,125,6
32,125,5
33,125,0
34,125,0
35,125,5
36,125,5
37,125,0
38,125,0
39,125,5
40,125,5
41,125,0
42,125,0
43,125,5
44,125,5
45,125,0
46,125,0
47,125,5
48,125,5
49,125,0
50,125,0
51,125,5
52,125,5
53,125,0
54,125,0
55,125,5
56,125,5
57,125,0
58,125,0
59,125,5
60,125,5
61,125,0
62,125,0
63,125,5
64,125,5
65,125,0
66,125,0
67,125,5
68,125,5
69,125,0
70,125,0
71,125,5
72,125,5
73,125,0
74,125,0
75,125,5
76,125,5
77,125,0
78,125,0
79,125,5
80,125,5
81,125,0
82,125,0
83,125,5
84,125,5
85,125,0
86,125,0
87,125,5
88,125,5
89,125,0
90,125,0
91,125,5
92,125,5
93,125,0
94,125,0
95,125,5
96,125,5
97,125,0
98,125,0
99,125,5
100,125,5
101,125,0
102,125,0
103,125,5
104,125,5
105,125,0
106,125,0
107,125,5
108,125,5
109,125,0
110,125,0
111,125,5
112,125,5
113,125,0
114,125,0
115,125,5
116,125,5
117,125,0
118,125,0
119,125,5
120,125,5
121,125,0
122,125,0
123,125,5
124,125,5
125,125,0
126,125,0
127,125,5
128,125,5
129,125,0
130,125,0
131,125,5
132,125,5
133,125,0
134,125,0
135,125,5
136,125,5
137,125,0
138,125,0
139,125,5
140,125,5
141,125,0
142,125,0
143,125,5
144,125,5
145,125,0
146,125,0
147,125,5
148,125,5
149,125,0
150,125,0
151,125,5
152,125,5
153,125,0
154,125,0
155,125,5
156,125,5
157,125,0
158,125,0
159,125,5
160,125,5
161,125,0
162,125,0
163,125,5
164,125,5
165,125,0
166,125,0
167,125,5
168,125,5
169,125,0
170,125,0
171,125,5
172,125,5
173,125,0
174,125,0
175,125,5
176,125,5
177,125,0
178,125,0
179,125,5
180,125,5
181,125,0
182,125,0
183,125,5
184,125,5
185,125,0
186,125,0
187,125,5
188,125,5
189,125,0
190,125,0
191,125,5
192,125,5
193,125,0
194,125,0
195,125,5
196,125,5
197,125,0
198,125,0
199,125,5
200,125,5
201,125,0
202,125,0
203,125,5
204,125,5
205,125,0
206,125,0
207,125,5
208,125,5
209,125,0
210,125,0
211,125,5
212,125,5
213,125,0
214,125,0
215,125,5
216,125,5
217,125,0
218,125,0
219,125,5
220,125,5
221,125,0
222,125,0
223,125,5
224,125,5
225,125,0
226,125,0
227,125,6
228,125,6
229,125,0
230,125,0
231,125,6
232,125,6
233,125,0
234,125,0
235,125,6
236,125,6
237,125,0
238,125,0
239,125,6
240,125,6
241,125,0
242,125,0
243,125,6
244,125,6
245,125,0
246,125,0
247,125,5
248,125,5
249,125,0
250,125,0
251,125,5
252,125,5
253,125,0
254,125,0
255,125,5
0,126,5
1,126,0
2,126,0
3,126,5
4,126,5
5,126,0
6,126,0
7,126,5
8,126,5
9,126,0
10,126,0
11,126,5
12,126,6
13,126,0
14,126,0
15,126,6
16,126,6
17,126,0
18,126,0
19,126,6
20,126,6
21,126,0
22,126,0
23,126,6
24,126,6
25,126,0
26,126,0
27,126,6
28,126,6
29,126,0
30,126,0
31,126,6
32,126,5
33,126,0
34,126,0
35,126,5
36,126,5
37,126,0
38,126,0
39,126,5
40,126,5
41,126,0
42,126,0
43,126,5
44,126,5
45,126,0
46,126,0
47,126,5
48,126,5
49,126,0
50,126,0
51,126,5
52,126,5
53,126,0
54,126,0
55,126,5
56,126,5
57,126,0
58,126,0
59,126,5
60,126,5
61,126,0
62,126,0
63,126,5
64,126,5
65,126,0
66,126,0
67,126,5
68,126,5
69,126,0
70,126,0
71,126,5
72,126,5
73,126,0
74,126,0
75,126,5
76,126,5
77,126,0
78,126,0
79,126,5
80,126,5
81,126,0
82,126,0
83,126,5
84,126,5
85,126,0
86,126,0
87,126,5
88,126,5
89,126,0
90,126,0
91,126,5
92,126,5
93,126,0
94,126,0
95,126,5
96,126,5
97,126,0
98,126,0
99,126,5
100,126,5
101,126,0
102,126,0
103,126,5
104,126,5
105,126,0
106,126,0
107,126,5
108,126,5
109,126,0
110,126,0
111,126,5
112,126,5
113,126,0
114,126,0
115,126,5
116,126,5
117,126,0
118,126,0
119,126,5
120,126,5
121,126,0
122,126,0
123,126,5
124,126,5
125,126,0
126,126,0
127,126,5
128,126,5
129,126,0
130,126,0
131,126,5
132,126,5
133,126,0
134,126,0
135,126,5
136,126,5
137,126,0
138,126,0
139,126,5
140,126,5
141,126,0
142,126,0
143,126,5
144,126,5
145,126,0
146,126,0
147,126,5
148,126,5
149,126,0
150,126,0
151,126,5
152,126,5
153,126,0
154,126,0
155,126,5
156,126,5
157,126,0
158,126,0
159,126,5
160,126,5
161,126,0
162,126,0
163,126,5
164,126,5
165,126,0
166,126,0
167,126,5
168,126,5
169,126,0
170,126,0
171,126,5
172,126,5
173,126,0
174,126,0
175,126,5
176,126,5
177,126,0
178,126,0
179,126,5
180,126,5
181,126,0
182,126,0
183,126,5
184,126,5
185,126,0
186,126,0
187,126,5
188,126,5
189,126,0
190,126,0
191,126,5
192,126,5
193,126,0
194,126,0
195,126,5
196,126,5
197,126,0
198,126,0
199,126,5
200,126,5
201,126,0
202,126,0
203,126,5
204,126,5
205,126,0
206,126,0
207,126,5
208,126,5
209,126,0
210,126,0
211,126,5
212,126,5
213,126,0
214,126,0
215,126,5
216,126,5
217,126,0
218,126,0
219,126,5
220,126,5
221,126,0
222,126,0
223,126,5
224,126,5
225,126,0
226,126,0
227,126,6
228,126,6
229,126,0
230,126,0
231,126,6
232,126,6
233,126,0
234,126,0
235,126,6
236,126,6
237,126,0
238,126,0
239,126,6
240,126,6
241,126,0
242,126,0
243,126,6
244,126,6
245,126,0
246,126,0
247,126,5
248,126,5
249,126,0
250,126,0
251,126,5
252,126,5
253,126,0
254,126,0
255,126,5
0,127,5
1,127,0
2,127,0
3,127,5
4,127,5
5,127,0
6,127,0
7,127,5
8,127,5
9,127,0
10,127,0
11,127,6
12,127,6
13,127,0
14,127,0
15,127,6
16,127,6
17,127,0
18,127,0
19,127,6
20,127,6
21,127,0
22,127,0
23,127,6
24,127,6
25,127,0
26,127,0
27,127,6
28,127,6
29,127,0
30,127,0
31,127,6
32,127,6
33,127,0
34,127,0
35,127,5
36,127,5
37,127,0
38,127,0
39,127,5
40,127,5
41,127,0
42,127,0
43,127,5
44,127,5
45,127,0
46,127,0
47,127,5
48,127,5
49,127,0
50,127,0
51,127,5
52,127,5
53,127,0
54,127,0
55,127,5
56,127,5
57,127,0
58,127,0
59,127,5
60,127,5
61,127,0
62,127,0
63,127,5
64,127,5
65,127,0
66,127,0
67,127,5
68,127,5
69,127,0
70,127,0
71,127,5
72,127,5
73,127,0
74,127,0
75,127,5
76,127,5
77,127,0
78,127,0
79,127,5
80,127,5
81,127,0
82,127,0
83,127,5
84,127,5
85,127,0
86,127,0
87,127,5
88,127,5
89,127,0
90,127,0
91,127,5
92,127,5
93,127,0
94,127,0
95,127,5
96,127,5
97,127,0
98,127,0
99,127,5
100,127,5
101,127,0
102,127,0
103,127,5
104,127,5
105,127,0
106,127,0
107,127,5
108,127,5
109,127,0
110,127,0
111,127,5
112,127,5
113,127,0
114,127,0
115,127,5
116,127,5
117,127,0
118,127,0
119,127,5
120,127,5
121,127,0
122,127,0
123,127,5
124,127,5
125,127,0
126,127,0
127,127,5
128,127,5
129,127,0
130,127,0
131,127,5
132,127,5
133,127,0
134,127,0
135,127,5
136,127,5
137,127,0
138,127,0
139,127,5
140,127,5
141,127,0
142,127,0
143,127,5
144,127,5
145,127,0
146,127,0
147,127,5
148,127,5
149,127,0
150,127,0
151,127,5
152,127,5
153,127,0
154,127,0
155,127,5
156,127,5
157,127,0
158,127,0
159,127,5
160,127,5
161,127,0
162,127,0
163,127,5
164,127,5
165,127,0
166,127,0
167,127,5
168,127,5
169,127,0
170,127,0
171,127,5
172,127,5
173,127,0
174,127,0
175,127,5
176,127,5
177,127,0
178,127,0
179,127,5
180,127,5
181,127,0
182,127,0
183,127,5
184,127,5
185,127,0
186,127,0
187,127,5
188,127,5
189,127,0
190,127,0
191,127,5
192,127,5
193,127,0
194,127,0
195,127,5
196,127,5
197,127,0
198,127,0
199,127,5
200,127,5
201,127,0
202,127,0
203,127,5
204,127,5
205,127,0
206,127,0
207,127,5
208,127,5
209,127,0
210,127,0
211,127,5
212,127,5
213,127,0
214,127,0
215,127,5
216,127,5
217,127,0
218,127,0
219,127,5
220,127,5
221,127,0
222,127,0
223,127,5
224,127,6
225,127,0
226,127,0
227,127,6
228,127,6
229,127,0
230,127,0
231,127,6
232,127,6
233,127,0
234,127,0
235,127,6
236,127,6
237,127,0
238,127,0
239,127,6
240,127,6
241,127,0
242,127,0
243,127,6
244,127,6
245,127,0
246,127,0
247,127,5
248,127,5
249,127,0
250,127,0
251,127,5
252,127,5
253,127,0
254,127,0
255,127,5
0,128,5
1,128,0
2,128,0
3,128,5
4,128,5
5,128,0
6,128,0
7,128,5
8,128,5
9,128,0
10,128,0
11,128,5
12,128,6
13,128,0
14,128,0
15,128,6
16,128,6
17,128,0
18,128,0
19,128,6
20,128,6
21,128,0
22,128,0
23,128,6
24,128,6
25,128,0
26,128,0
27,128,6
28,128,6
29,128,0
30,128,0
31,128,6
32,128,5
33,128,0
34,128,0
35,128,5
36,128,5
37,128,0
38,128,0
39,128,5
40,128,5
41,128,0
42,128,0
43,128,5
44,128,5
45,128,0
46,128,0
47,128,5
48,128,5
49,128,0
50,128,0
51,128,5
52,128,5
53,128,0
54,128,0
55,128,5
56,128,5
57,128,0
58,128,0
59,128,5
60,128,5
61,128,0
62,128,0
63,128,5
64,128,5
65,128,0
66,128,0
67,128,5
68,128,5
69,128,0
70,128,0
71,128,5
72,128,5
73,128,0
74,128,0
75,128,5
76,128,5
77,128,0
78,128,0
79,128,5
80,128,5
81,128,0
82,128,0
83,128,5
84,128,5
85,128,0
86,128,0
87,128,5
88,128,5
89,128,0
90,128,0
91,128,5
92,128,5
93,128,0
94,128,0
95,128,5
96,128,5
97,128,0
98,128,0
99,128,5
100,128,5
101,128,0
102,128,0
103,128,5
104,128,5
105,128,0
106,128,0
107,128,5
108,128,5
109,128,0
110,128,0
111,128,5
112,128,5
113,128,0
114,128,0
115,128,5
116,128,5
117,128,0
118,128,0
119,128,5
120,128,5
121,128,0
122,128,0
123,128,5
124,128,5
125,128,0
126,128,0
127,128,5
128,128,5
129,128,0
130,128,0
131,128,5
132,128,5
133,128,0
134,128,0
135,128,5
136,128,5
137,128,0
138,128,0
139,128,5
140,128,5
141,128,0
142,128,0
143,128,5
144,128,5
145,128,0
146,128,0
147,128,5
148,128,5
149,128,0
150,128,0
151,128,5
152,128,5
153,128,0
154,128,0
155,128,5
156,128,5
157,128,0
158,128,0
159,128,5
160,128,5
161,128,0
162,128,0
163,128,5
164,128,5
165,128,0
166,128,0
167,128,5
168,128,5
169,128,0
170,128,0
171,128,5
172,128,5
173,128,0
174,128,0
175,128,5
176,128,5
177,128,0
178,128,0
179,128,5
180,128,5
181,128,0
182,128,0
183,128,5
184,128,5
185,128,0
186,128,0
187,128,5
188,128,5
189,128,0
190,128,0
191,128,5
192,128,5
193,128,0
194,128,0
195,128,5
196,128,5
197,128,0
198,128,0
199,128,5
200,128,5
201,128,0
202,128,0
203,128,5
204,128,5
205,128,0
206,128,0
207,128,5
208,128,5
209,128,0
210,128,0
211,128,5
212,128,5
213,128,0
214,128,0
215,128,5
216,128,5
217,128,0
218,128,0
219,128,5
220,128,5
221,128,0
222,128,0
223,128,5
224,128,5
225,128,0
226,128,0
227,128,6
228,128,6
229,128,0
230,128,0
231,128,6
232,128,6
233,128,0
234,128,0
235,128,6
236,128,6
237,128,0
238,128,0
239,128,6
240,128,6
241,128,0
242,128,0
243,128,6
244,128,6
245,128,0
246,128,0
247,128,5
248,128,5
249,128,0
250,128,0
251,128,5
252,128,5
253,128,0
254,128,0
255,128,5
0,129,5
1,129,0
2,129,0
3,129,5
4,129,5
5,129,0
6,129,0
7,129,5
8,129,5
9,129,0
10,129,0
11,129,5
12,129,6
13,129,0
14,129,0
15,129,6
16,129,6
17,129,0
18,129,0
19,129,6
20,129,6
21,129,0
22,129,0
23,129,6
24,129,6
25,129,0
26,129,0
27,129,6
28,129,6
29,129,0
30,129,0
31,129,6
32,129,5
33,129,0
34,129,0
35,129,5
36,129,5
37,129,0
38,129,0
39,129,5
40,129,5
41,129,0
42,129,0
43,129,5
44,129,5
45,129,0
46,129,0
47,129,5
48,129,5
49,129,0
50,129,0
51,129,5
52,129,5
53,129,0
54,129,0
55,129,5
56,129,5
57,129,0
58,129,0
59,129,5
60,129,5
61,129,0
62,129,0
63,129,5
64,129,5
65,129,0
66,129,0
67,129,5
68,129,5
69,129,0
70,129,0
71,129,5
72,129,5
73,129,0
74,129,0
75,129,5
76,129,5
77,129,0
78,129,0
79,129,5
80,129,5
81,129,0
82,129,0
83,129,5
84,129,5
85,129,0
86,129,0
87,129,5
88,129,5
89,129,0
90,129,0
91,129,5
92,129,5
93,129,0
94,129,0
95,129,5
96,129,5
97,129,0
98,129,0
99,129,5
100,129,5
101,129,0
102,129,0
103,129,5
104,129,5
105,129,0
106,129,0
107,129,5
108,129,5
109,129,0
110,129,0
111,129,5
112,129,5
113,129,0
114,129,0
115,129,5
116,129,5
117,129,0
118,129,0
119,129,5
120,129,5
121,129,0
122,129,0
123,129,5
124,129,5
125,129,0
126,129,0
127,129,5
128,129,5
129,129,0
130,129,0
131,129,5
132,129,5
133,129,0
134,129,0
135,129,5
136,129,5
137,129,0
138,129,0
139,129,5
140,129,5
141,129,0
142,129,0
143,129,5
144,129,5
145,129,0
146,129,0
147,129,5
148,129,5
149,129,0
150,129,0
151,129,5
152,129,5
153,129,0
154,129,0
155,129,5
156,129,5
157,129,0
158,129,0
159,129,5
160,129,5
161,129,0
162,129,0
163,129,5
164,129,5
165,129,0
166,129,0
167,129,5
168,129,5
169,129,0
170,129,0
171,129,5
172,129,5
173,129,0
174,129,0
175,129,5
176,129,5
177,129,0
178,129,0
179,129,5
180,129,5
181,129,0
182,129,0
183,129,5
184,129,5
185,129,0
186,129,0
187,129,5
188,129,5
189,129,0
190,129,0
191,129,5
192,129,5
193,129,0
194,129,0
195,129,5
196,129,5
197,129,0
198,129,0
199,129,5
200,129,5
201,129,0
202,129,0
203,129,5
204,129,5
205,129,0
206,129,0
207,129,5
208,129,5
209,129,0
210,129,0
211,129,5
212,129,5
213,129,0
214,129,0
215,129,5
216,129,5
217,129,0
218,129,0
219,129,5
220,129,5
221,129,0
222,129,0
223,129,5
224,129,5
225,129,0
226,129,0
227,129,6
228,129,6
229,129,0
230,129,0
231,129,6
232,129,6
233,129,0
234,129,0
235,129,6
236,129,6
237,129,0
238,129,0
239,129,6
240,129,6
241,129,0
242,129,0
243,129,6
244,129,6
245,129,0
246,129,0
247,129,5
248,129,5
249,129,0
250,129,0
251,129,5
252,129,5
253,129,0
254,129,0
255,129,5
0,130,5
1,130,0
2,130,0
3,130,5
4,130,5
5,130,0
6,130,0
7,130,5
8,130,5
9,130,0
10,130,0
11,130,5
12,130,6
13,130,0
14,130,0
15,130,6
16,130,6
17,130,0
18,130,0
19,130,6
20,130,6
21,130,0
22,130,0
23,130,6
24,130,6
25,130,0
26,130,0
27,130,6
28,130,6
29,130,0
30,130,0
31,130,6
32,130,5
33,130,0
34,130,0
35,130,5
36,130,5
37,130,0
38,130,0
39,130,5
40,130,5
41,130,0
42,130,0
43,130,5
44,130,5
45,130,0
46,130,0
47,130,5
48,130,5
49,130,0
50,130,0
51,130,5
52,130,5
53,130,0
54,130,0
55,130,5
56,130,5
57,130,0
58,130,0
59,130,5
60,130,5
61,130,0
62,130,0
63,130,5
64,130,5
65,130,0
66,130,0
67,130,5
68,130,5
69,130,0
70,130,0
71,130,5
72,130,5
73,130,0
74,130,0
75,130,5
76,130,5
77,130,0
78,130,0
79,130,5
80,130,5
81,130,0
82,130,0
83,130,5
84,130,5
85,130,0
86,130,0
87,130,5
88,130,5
89,130,0
90,130,0
91,130,5
92,130,5
93,130,0
94,130,0
95,130,5
96,130,5
97,130,0
98,130,0
99,130,5
100,130,5
101,130,0
102,130,0
103,130,5
104,130,5
105,130,0
106,130,0
107,130,5
108,130,5
109,130,0
110,130,0
111,130,5
112,130,5
113,130,0
114,130,0
115,130,5
116,130,5
117,130,0
118,130,0
119,130,5
120,130,5
121,130,0
122,130,0
123,130,5
124,130,5
125,130,0
126,130,0
127,130,5
128,130,5
129,130,0
130,130,0
131,130,5
132,130,5
133,130,0
134,130,0
135,130,5
136,130,5
137,130,0
138,130,0
139,130,5
140,130,5
141,130,0
142,130,0
143,130,5
144,130,5
145,130,0
146,130,0
147,130,5
148,130,5
149,130,0
150,130,0
151,130,5
152,130,5
153,130,0
154,130,0
155,130,5
156,130,5
157,130,0
158,130,0
159,130,5
160,130,5
161,130,0
162,130,0
163,130,5
164,130,5
165,130,0
166,130,0
167,130,5
168,130,5
169,130,0
170,130,0
171,130,5
172,130,5
173,130,0
174,130,0
175,130,5
176,130,5
177,130,0
178,130,0
179,130,5
180,130,5
181,130,0
182,130,0
183,130,5
184,130,5
185,130,0
186,130,0
187,130,5
188,130,5
189,130,0
190,130,0
191,130,5
192,130,5
193,130,0
194,130,0
195,130,5
196,130,5
197,130,0
198,130,0
199,130,5
200,130,5
201,130,0
202,130,0
203,130,5
204,130,5
205,130,0
206,130,0
207,130,5
208,130,5
209,130,0
210,130,0
211,130,5
212,130,5
213,130,0
214,130,0
215,130,5
216,130,5
217,130,0
218,130,0
219,130,5
220,130,5
221,130,0
222,130,0
223,130,5
224,130,5
225,130,0
226,130,0
227,130,6
228,130,6
229,130,0
230,130,0
231,130,6
232,130,6
233,130,0
234,130,0
235,130,6
236,130,6
237,130,0
238,130,0
239,130,6
240,130,6
241,130,0
242,130,0
243,130,6
244,130,6
245,130,0
246,130,0
247,130,5
248,130,5
249,130,0
250,130,0
251,130,5
252,130,5
253,130,0
254,130,0
255,130,5
0,131,5
1,131,0
2,131,0
3,131,5
4,131,5
5,131,0
6,131,0
7,131,5
8,131,5
9,131,0
10,131,0
11,131,5
12,131,6
13,131,0
14,131,0
15,131,6
16,131,6
17,131,0
18,131,0
19,131,6
20,131,6
21,131,0
22,131,0
23,131,6
24,131,6
25,131,0
26,131,0
27,131,6
28,131,6
29,131,0
30,131,0
31,131,5
32,131,5
33,131,0
34,131,0
35,131,5
36,131,5
37,131,0
38,131,0
39,131,5
40,131,5
41,131,0
42,131,0
43,131,5
44,131,5
45,131,0
46,131,0
47,131,5
48,131,5
49,131,0
50,131,0
51,131,5
52,131,5
53,131,0
54,131,0
55,131,5
56,131,5
57,131,0
58,131,0
59,131,5
60,131,5
61,131,0
62,131,0
63,131,5
64,131,5
65,131,0
66,131,0
67,131,5
68,131,5
69,131,0
70,131,0
71,131,5
72,131,5
73,131,0
74,131,0
75,131,5
76,131,5
77,131,0
78,131,0
79,131,5
80,131,5
81,131,0
82,131,0
83,131,5
84,131,5
85,131,0
86,131,0
87,131,5
88,131,5
89,131,0
90,131,0
91,131,5
92,131,5
93,131,0
94,131,0
95,131,5
96,131,5
97,131,0
98,131,0
99,131,5
100,131,5
101,131,0
102,131,0
103,131,5
104,131,5
105,131,0
106,131,0
107,131,5
108,131,5
109,131,0
110,131,0
111,131,5
112,131,5
113,131,0
114,131,0
115,131,5
116,131,5
117,131,0
118,131,0
119,131,5
120,131,5
121,131,0
122,131,0
123,131,5
124,131,5
125,131,0
126,131,0
127,131,5
128,131,5
129,131,0
130,131,0
131,131,5
132,131,5
133,131,0
134,131,0
135,131,5
136,131,5
137,131,0
138,131,0
139,131,5
140,131,5
141,131,0
142,131,0
143,131,5
144,131,5
145,131,0
146,131,0
147,131,5
148,131,5
149,131,0
150,131,0
151,131,5
152,131,5
153,131,0
154,131,0
155,131,5
156,131,5
157,131,0
158,131,0
159,131,5
160,131,5
161,131,0
162,131,0
163,131,5
164,131,5
165,131,0
166,131,0
167,131,5
168,131,5
169,131,0
170,131,0
171,131,5
172,131,5
173,131,0
174,131,0
175,131,5
176,131,5
177,131,0
178,131,0
179,131,5
180,131,5
181,131,0
182,131,0
183,131,5
184,131,5
185,131,0
186,131,0
187,131,5
188,131,5
189,131,0
190,131,0
191,131,5
192,131,5
193,131,0
194,131,0
195,131,5
196,131,5
197,131,0
198,131,0
199,131,5
200,131,5
201,131,0
202,131,0
203,131,5
204,131,5
205,131,0
206,131,0
207,131,5
208,131,5
209,131,0
210,131,0
211,131,5
212,131,5
213,131,0
214,131,0
215,131,5
216,131,5
217,131,0
218,131,0
219,131,5
220,131,5
221,131,0
222,131,0
223,131,5
224,131,5
225,131,0
226,131,0
227,131,6
228,131,6
229,131,0
230,131,0
231,131,6
232,131,6
233,131,0
234,131,0
235,131,6
236,131,6
237,131,0
238,131,0
239,131,6
240,131,6
241,131,0
242,131,0
243,131,6
244,131,6
245,131,0
246,131,0
247,131,5
248,131,5
249,131,0
250,131,0
251,131,5
252,131,5
253,131,0
254,131,0
255,131,5
0,132,5
1,132,0
2,132,0
3,132,5
4,132,5
5,132,0
6,132,0
7,132,5
8,132,5
9,132,0
10,132,0
11,132,5
12,132,5
13,132,0
14,132,0
15,132,6
16,132,6
17,132,0
18,132,0
19,132,6
20,132,6
21,132,0
22,132,0
23,132,6
24,132,6
25,132,0
26,132,0
27,132,6
28,132,6
29,132,0
30,132,0
31,132,5
32,132,5
33,132,0
34,132,0
35,132,5
36,132,5
37,132,0
38,132,0
39,132,5
40,132,5
41,132,0
42,132,0
43,132,5
44,132,5
45,132,0
46,132,0
47,132,5
48,132,5
49,132,0
50,132,0
51,132,5
52,132,5
53,132,0
54,132,0
55,132,5
56,132,5
57,132,0
58,132,0
59,132,5
60,132,5
61,132,0
62,132,0
63,132,5
64,132,5
65,132,0
66,132,0
67,132,5
68,132,5
69,132,0
70,132,0
71,132,5
72,132,5
73,132,0
74,132,0
75,132,5
76,132,5
77,132,0
78,132,0
79,132,5
80,132,5
81,132,0
82,132,0
83,132,5
84,132,5
85,132,0
86,132,0
87,132,5
88,132,5
89,132,0
90,132,0
91,132,5
92,132,5
93,132,0
94,132,0
95,132,5
96,132,5
97,132,0
98,132,0
99,132,5
100,132,5
101,132,0
102,132,0
103,132,5
104,132,5
105,132,0
106,132,0
107,132,5
108,132,5
109,132,0
110,132,0
111,132,5
112,132,5
113,132,0
114,132,0
115,132,5
116,132,5
117,132,0
118,132,0
119,132,5
120,132,5
121,132,0
122,132,0
123,132,5
124,132,5
125,132,0
126,132,0
127,132,5
128,132,5
129,132,0
130,132,0
131,132,5
132,132,5
133,132,0
134,132,0
135,132,5
136,132,5
137,132,0
138,132,0
139,132,5
140,132,5
141,132,0
142,132,0
143,132,5
144,132,5
145,132,0
146,132,0
147,132,5
148,132,5
149,132,0
150,132,0
151,132,5
152,132,5
153,132,0
154,132,0
155,132,5
156,132,5
157,132,0
158,132,0
159,132,5
160,132,5
161,132,0
162,132,0
163,132,5
164,132,5
165,132,0
166,132,0
167,132,5
168,132,5
169,132,0
170,132,0
171,132,5
172,132,5
173,132,0
174,132,0
175,132,5
176,132,5
177,132,0
178,132,0
179,132,5
180,132,5
181,132,0
182,132,0
183,132,5
184,132,5
185,132,0
186,132,0
187,132,5
188,132,5
189,132,0
190,132,0
191,132,5
192,132,5
193,132,0
194,132,0
195,132,5
196,132,5
197,132,0
198,132,0
199,132,5
200,132,5
201,132,0
202,132,0
203,132,5
204,132,5
205,132,0
206,132,0
207,132,5
208,132,5
209,132,0
210,132,0
211,132,5
212,132,5
213,132,0
214,132,0
215,132,5
216,132,5
217,132,0
218,132,0
219,132,5
220,132,5
221,132,0
222,132,0
223,132,5
224,132,5
225,132,0
226,132,0
227,132,6
228,132,6
229,132,0
230,132,0
231,132,6
232,132,6
233,132,0
234,132,0
235,132,6
236,132,6
237,132,0
238,132,0
239,132,6
240,132,6
241,132,0
242,132,0
243,132,6
244,132,5
245,132,0
246,132,0
247,132,5
248,132,5
249,132,0
250,132,0
251,132,5
252,132,5
253,132,0
254,132,0
255,132,5
0,133,5
1,133,0
2,133,0
3,133,5
4,133,5
5,133,0
6,133,0
7,133,5
8,133,5
9,133,0
10,133,0
11,133,5
12,133,5
13,133,0
14,133,0
15,133,6
16,133,6
17,133,0
18,133,0
19,133,6
20,133,6
21,133,0
22,133,0
23,133,6
24,133,6
25,133,0
26,133,0
27,133,6
28,133,6
29,133,0
30,133,0
31,133,5
32,133,5
33,133,0
34,133,0
35,133,5
36,133,5
37,133,0
38,133,0
39,133,5
40,133,5
41,133,0
42,133,0
43,133,5
44,133,5
45,133,0
46,133,0
47,133,5
48,133,5
49,133,0
50,133,0
51,133,5
52,133,5
53,133,0
54,133,0
55,133,5
56,133,5
57,133,0
58,133,0
59,133,5
60,133,5
61,133,0
62,133,0
63,133,5
64,133,5
65,133,0
66,133,0
67,133,5
68,133,5
69,133,0
70,133,0
71,133,5
72,133,5
73,133,0
74,133,0
75,133,5
76,133,5
77,133,0
78,133,0
79,133,5
80,133,5
81,133,0
82,133,0
83,133,5
84,133,5
85,133,0
86,133,0
87,133,5
88,133,5
89,133,0
90,133,0
91,133,5
92,133,5
93,133,0
94,133,0
95,133,5
96,133,5
97,133,0
98,133,0
99,133,5
100,133,5
101,133,0
102,133,0
103,133,5
104,133,5
105,133,0
106,133,0
107,133,5
108,133,5
109,133,0
110,133,0
111,133,5
112,133,5
113,133,0
114,133,0
115,133,5
116,133,5
117,133,0
118,133,0
119,133,5
120,133,5
121,133,0
122,133,0
123,133,5
124,133,5
125,133,0
126,133,0
127,133,5
128,133,5
129,133,0
130,133,0
131,133,5
132,133,5
133,133,0
134,133,0
135,133,5
136,133,5
137,133,0
138,133,0
139,133,5
140,133,5
141,133,0
142,133,0
143,133,5
144,133,5
145,133,0
146,133,0
147,133,5
148,133,5
149,133,0
150,133,0
151,133,5
152,133,5
153,133,0
154,133,0
155,133,5
156,133,5
157,133,0
158,133,0
159,133,5
160,133,5
161,133,0
162,133,0
163,133,5
164,133,5
165,133,0
166,133,0
167,133,5
168,133,5
169,133,0
170,133,0
171,133,5
172,133,5
173,133,0
174,133,0
175,133,5
176,133,5
177,133,0
178,133,0
179,133,5
180,133,5
181,133,0
182,133,0
183,133,5
184,133,5
185,133,0
186,133,0
187,133,5
188,133,5
189,133,0
190,133,0
191,133,5
192,133,5
193,133,0
194,133,0
195,133,5
196,133,5
197,133,0
198,133,0
199,133,5
200,133,5
201,133,0
202,133,0
203,133,5
204,133,5
205,133,0
206,133,0
207,133,5
208,133,5
209,133,0
210,133,0
211,133,5
212,133,5
213,133,0
214,133,0
215,133,5
216,133,5
217,133,0
218,133,0
219,133,5
220,133,5
221,133,0
222,133,0
223,133,5
224,133,5
225,133,0
226,133,0
227,133,6
228,133,6
229,133,0
230,133,0
231,133,6
232,133,6
233,133,0
234,133,0
235,133,6
236,133,6
237,133,0
238,133,0
239,133,6
240,133,6
241,133,0
242,133,0
243,133,6
244,133,5
245,133,0
246,133,0
247,133,5
248,133,5
249,133,0
250,133,0
251,133,5
252,133,5
253,133,0
254,133,0
255,133,5
0,134,5
1,134,0
2,134,0
3,134,5
4,134,5
5,134,0
6,134,0
7,134,5
8,134,5
9,134,0
10,134,0
11,134,5
12,134,5
13,134,0
14,134,0
15,134,6
16,134,6
17,134,0
18,134,0
19,134,6
20,134,6
21,134,0
22,134,0
23,134,6
24,134,6
25,134,0
26,134,0
27,134,6
28,134,6
29,134,0
30,134,0
31,134,5
32,134,5
33,134,0
34,134,0
35,134,5
36,134,5
37,134,0
38,134,0
39,134,5
40,134,5
41,134,0
42,134,0
43,134,5
44,134,5
45,134,0
46,134,0
47,134,5
48,134,5
49,134,0
50,134,0
51,134,5
52,134,5
53,134,0
54,134,0
55,134,5
56,134,5
57,134,0
58,134,0
59,134,5
60,134,5
61,134,0
62,134,0
63,134,5
64,134,5
65,134,0
66,134,0
67,134,5
68,134,5
69,134,0
70,134,0
71,134,5
72,134,5
73,134,0
74,134,0
75,134,5
76,134,5
77,134,0
78,134,0
79,134,5
80,134,5
81,134,0
82,134,0
83,134,5
84,134,5
85,134,0
86,134,0
87,134,5
88,134,5
89,134,0
90,134,0
91,134,5
92,134,5
93,134,0
94,134,0
95,134,5
96,134,5
97,134,0
98,134,0
99,134,5
100,134,5
101,134,0
102,134,0
103,134,5
104,134,5
105,134,0
106,134,0
107,134,5
108,134,5
109,134,0
110,134,0
111,134,5
112,134,5
113,134,0
114,134,0
115,134,5
116,134,5
117,134,0
118,134,0
119,134,5
120,134,5
121,134,0
122,134,0
123,134,5
124,134,5
125,134,0
126,134,0
127,134,5
128,134,5
129,134,0
130,134,0
131,134,5
132,134,5
133,134,0
134,134,0
135,134,5
136,134,5
137,134,0
138,134,0
139,134,5
140,134,5
141,134,0
142,134,0
143,134,5
144,134,5
145,134,0
146,134,0
147,134,5
148,134,5
149,134,0
150,134,0
151,134,5
152,134,5
153,134,0
154,134,0
155,134,5
156,134,5
157,134,0
158,134,0
159,134,5
160,134,5
161,134,0
162,134,0
163,134,5
164,134,5
165,134,0
166,134,0
167,134,5
168,134,5
169,134,0
170,134,0
171,134,5
172,134,5
173,134,0
174,134,0
175,134,5
176,134,5
177,134,0
178,134,0
179,134,5
180,134,5
181,134,0
182,134,0
183,134,5
184,134,5
185,134,0
186,134,0
187,134,5
188,134,5
189,134,0
190,134,0
191,134,5
192,134,5
193,134,0
194,134,0
195,134,5
196,134,5
197,134,0
198,134,0
199,134,5
200,134,5
201,134,0
202,134,0
203,134,5
204,134,5
205,134,0
206,134,0
207,134,5
208,134,5
209,134,0
210,134,0
211,134,5
212,134,5
213,134,0
214,134,0
215,134,5
216,134,5
217,134,0
218,134,0
219,134,5
220,134,5
221,134,0
222,134,0
223,134,5
224,134,5
225,134,0
226,134,0
227,134,6
228,134,6
229,134,0
230,134,0
231,134,6
232,134,6
233,134,0
234,134,0
235,134,6
236,134,6
237,134,0
238,134,0
239,134,6
240,134,6
241,134,0
242,134,0
243,134,6
244,134,5
245,134,0
246,134,0
247,134,5
248,134,5
249,134,0
250,134,0
251,134,5
252,134,5
253,134,0
254,134,0
255,134,5
0,135,5
1,135,0
2,135,0
3,135,5
4,135,5
5,135,0
6,135,0
7,135,5
8,135,5
9,135,0
10,135,0
11,135,5
12,135,5
13,135,0
14,135,0
15,135,6
16,135,6
17,135,0
18,135,0
19,135,6
20,135,6
21,135,0
22,135,0
23,135,6
24,135,6
25,135,0
26,135,0
27,135,6
28,135,6
29,135,0
30,135,0
31,135,5
32,135,5
33,135,0
34,135,0
35,135,5
36,135,5
37,135,0
38,135,0
39,135,5
40,135,5
41,135,0
42,135,0
43,135,5
44,135,5
45,135,0
46,135,0
47,135,5
48,135,5
49,135,0
50,135,0
51,135,5
52,135,5
53,135,0
54,135,0
55,135,5
56,135,5
57,135,0
58,135,0
59,135,5
60,135,5
61,135,0
62,135,0
63,135,5
64,135,5
65,135,0
66,135,0
67,135,5
68,135,5
69,135,0
70,135,0
71,135,5
72,135,5
73,135,0
74,135,0
75,135,5
76,135,5
77,135,0
78,135,0
79,135,5
80,135,5
81,135,0
82,135,0
83,135,5
84,135,5
85,135,0
86,135,0
87,135,5
88,135,5
89,135,0
90,135,0
91,135,5
92,135,5
93,135,0
94,135,0
95,135,5
96,135,5
97,135,0
98,135,0
99,135,5
100,135,5
101,135,0
102,135,0
103,135,5
104,135,5
105,135,0
106,135,0
107,135,5
108,135,5
109,135,0
110,135,0
111,135,5
112,135,5
113,135,0
114,135,0
115,135,5
116,135,5
117,135,0
118,135,0
119,135,5
120,135,5
121,135,0
122,135,0
123,135,5
124,135,5
125,135,0
126,135,0
127,135,5
128,135,5
129,135,0
130,135,0
131,135,5
132,135,5
133,135,0
134,135,0
135,135,5
136,135,5
137,135,0
138,135,0
139,135,5
140,135,5
141,135,0
142,135,0
143,135,5
144,135,5
145,135,0
146,135,0
147,135,5
148,135,5
149,135,0
150,135,0
151,135,5
152,135,5
153,135,0
154,135,0
155,135,5
156,135,5
157,135,0
158,135,0
159,135,5
160,135,5
161,135,0
162,135,0
163,135,5
164,135,5
165,135,0
166,135,0
167,135,5
168,135,5
169,135,0
170,135,0
171,135,5
172,135,5
173,135,0
174,135,0
175,135,5
176,135,5
177,135,0
178,135,0
179,135,5
180,135,5
181,135,0
182,135,0
183,135,5
184,135,5
185,135,0
186,135,0
187,135,5
188,135,5
189,135,0
190,135,0
191,135,5
192,135,5
193,135,0
194,135,0
195,135,5
196,135,5
197,135,0
198,135,0
199,135,5
200,135,5
201,135,0
202,135,0
203,135,5
204,135,5
205,135,0
206,135,0
207,135,5
208,135,5
209,135,0
210,135,0
211,135,5
212,135,5
213,135,0
214,135,0
215,135,5
216,135,5
217,135,0
218,135,0
219,135,5
220,135,5
221,135,0
222,135,0
223,135,5
224,135,5
225,135,0
226,135,0
227,135,6
228,135,6
229,135,0
230,135,0
231,135,6
232,135,6
233,135,0
234,135,0
235,135,6
236,135,6
237,135,0
238,135,0
239,135,6
240,135,6
241,135,0
242,135,0
243,135,6
244,135,5
245,135,0
246,135,0
247,135,5
248,135,5
249,135,0
250,135,0
251,135,5
252,135,5
253,135,0
254,135,0
255,135,5
0,136,4
1,136,0
2,136,0
3,136,5
4,136,5
5,136,0
6,136,0
7,136,5
8,136,5
9,136,0
10,136,0
11,136,5
12,136,5
13,136,0
14,136,0
15,136,6
16,136,6
17,136,0
18,136,0
19,136,6
20,136,6
21,136,0
22,136,0
23,136,6
24,136,6
25,136,0
26,136,0
27,136,6
28,136,6
29,136,0
30,136,0
31,136,5
32,136,5
33,136,0
34,136,0
35,136,5
36,136,5
37,136,0
38,136,0
39,136,5
40,136,5
41,136,0
42,136,0
43,136,5
44,136,5
45,136,0
46,136,0
47,136,5
48,136,5
49,136,0
50,136,0
51,136,5
52,136,5
53,136,0
54,136,0
55,136,5
56,136,5
57,136,0
58,136,0
59,136,5
60,136,5
61,136,0
62,136,0
63,136,5
64,136,5
65,136,0
66,136,0
67,136,5
68,136,5
69,136,0
70,136,0
71,136,5
72,136,5
73,136,0
74,136,0
75,136,5
76,136,5
77,136,0
78,136,0
79,136,5
80,136,5
81,136,0
82,136,0
83,136,5
84,136,5
85,136,0
86,136,0
87,136,5
88,136,5
89,136,0
90,136,0
91,136,5
92,136,5
93,136,0
94,136,0
95,136,5
96,136,5
97,136,0
98,136,0
99,136,5
100,136,5
101,136,0
102,136,0
103,136,5
104,136,5
105,136,0
106,136,0
107,136,5
108,136,5
109,136,0
110,136,0
111,136,5
112,136,5
113,136,0
114,136,0
115,136,5
116,136,5
117,136,0
118,136,0
119,136,5
120,136,5
121,136,0
122,136,0
123,136,5
124,136,5
125,136,0
126,136,0
127,136,5
128,136,5
129,136,0
130,136,0
131,136,5
132,136,5
133,136,0
134,136,0
135,136,5
136,136,5
137,136,0
138,136,0
139,136,5
140,136,5
141,136,0
142,136,0
143,136,5
144,136,5
145,136,0
146,136,0
147,136,5
148,136,5
149,136,0
150,136,0
151,136,5
152,136,5
153,136,0
154,136,0
155,136,5
156,136,5
157,136,0
158,136,0
159,136,5
160,136,5
161,136,0
162,136,0
163,136,5
164,136,5
165,136,0
166,136,0
167,136,5
168,136,5
169,136,0
170,136,0
171,136,5
172,136,5
173,136,0
174,136,0
175,136,5
176,136,5
177,136,0
178,136,0
179,136,5
180,136,5
181,136,0
182,136,0
183,136,5
184,136,5
185,136,0
186,136,0
187,136,5
188,136,5
189,136,0
190,136,0
191,136,5
192,136,5
193,136,0
194,136,0
195,136,5
196,136,5
197,136,0
198,136,0
199,136,5
200,136,5
201,136,0
202,136,0
203,136,5
204,136,5
205,136,0
206,136,0
207,136,5
208,136,5
209,136,0
210,136,0
211,136,5
212,136,5
213,136,0
214,136,0
215,136,5
216,136,5
217,136,0
218,136,0
219,136,5
220,136,5
221,136,0
222,136,0
223,136,5
224,136,5
225,136,0
226,136,0
227,136,6
228,136,6
229,136,0
230,136,0
231,136,6
232,136,6
233,136,0
234,136,0
235,136,6
236,136,6
237,136,0
238,136,0
239,136,6
240,136,6
241,136,0
242,136,0
243,136,6
244,136,5
245,136,0
246,136,0
247,136,5
248,136,5
249,136,0
250,136,0
251,136,5
252,136,5
253,136,0
254,136,0
255,136,5
0,137,4
1,137,0
2,137,0
3,137,5
4,137,5
5,137,0
6,137,0
7,137,5
8,137,5
9,137,0
10,137,0
11,137,5
12,137,5
13,137,0
14,137,0
15,137,6
16,137,6
17,137,0
18,137,0
19,137,6
20,137,6
21,137,0
22,137,0
23,137,6
24,137,6
25,137,0
26,137,0
27,137,6
28,137,6
29,137,0
30,137,0
31,137,5
32,137,5
33,137,0
34,137,0
35,137,5
36,137,5
37,137,0
38,137,0
39,137,5
40,137,5
41,137,0
42,137,0
43,137,5
44,137,5
45,137,0
46,137,0
47,137,5
48,137,5
49,137,0
50,137,0
51,137,5
52,137,5
53,137,0
54,137,0
55,137,5
56,137,5
57,137,0
58,137,0
59,137,5
60,137,4
61,137,0
62,137,0
63,137,4
64,137,4
65,137,0
66,137,0
67,137,4
68,137,4
69,137,0
70,137,0
71,137,4
72,137,4
73,137,0
74,137,0
75,137,4
76,137,5
77,137,0
78,137,0
79,137,5
80,137,5
81,137,0
82,137,0
83,137,5
84,137,5
85,137,0
86,137,0
87,137,5
88,137,5
89,137,0
90,137,0
91,137,5
92,137,5
93,137,0
94,137,0
95,137,5
96,137,5
97,137,0
98,137,0
99,137,5
100,137,5
101,137,0
102,137,0
103,137,5
104,137,5
105,137,0
106,137,0
107,137,5
108,137,5
109,137,0
110,137,0
111,137,5
112,137,5
113,137,0
114,137,0
115,137,5
116,137,5
117,137,0
118,137,0
119,137,5
120,137,5
121,137,0
122,137,0
123,137,5
124,137,5
125,137,0
126,137,0
127,137,5
128,137,5
129,137,0
130,137,0
131,137,5
132,137,5
133,137,0
134,137,0
135,137,5
136,137,5
137,137,0
138,137,0
139,137,5
140,137,5
141,137,0
142,137,0
143,137,5
144,137,5
145,137,0
146,137,0
147,137,5
148,137,5
149,137,0
150,137,0
151,137,5
152,137,5
153,137,0
154,137,0
155,137,5
156,137,5
157,137,0
158,137,0
159,137,5
160,137,5
161,137,0
162,137,0
163,137,5
164,137,5
165,137,0
166,137,0
167,137,5
168,137,5
169,137,0
170,137,0
171,137,5
172,137,5
173,137,0
174,137,0
175,137,5
176,137,5
177,137,0
178,137,0
179,137,5
180,137,5
181,137,0
182,137,0
183,137,4
184,137,4
185,137,0
186,137,0
187,137,4
188,137,4
189,137,0
190,137,0
191,137,4
192,137,4
193,137,0
194,137,0
195,137,4
196,137,4
197,137,0
198,137,0
199,137,5
200,137,5
201,137,0
202,137,0
203,137,5
204,137,5
205,137,0
206,137,0
207,137,5
208,137,5
209,137,0
210,137,0
211,137,5
212,137,5
213,137,0
214,137,0
215,137,5
216,137,5
217,137,0
218,137,0
219,137,5
220,137,5
221,137,0
222,137,0
223,137,5
224,137,5
225,137,0
226,137,0
227,137,6
228,137,6
229,137,0
230,137,0
231,137,6
232,137,6
233,137,0
234,137,0
235,137,6
236,137,6
237,137,0
238,137,0
239,137,6
240,137,6
241,137,0
242,137,0
243,137,6
244,137,5
245,137,0
246,137,0
247,137,5
248,137,5
249,137,0
250,137,0
251,137,5
252,137,5
253,137,0
254,137,0
255,137,4
0,138,4
1,138,0
2,138,0
3,138,5
4,138,5
5,138,0
6,138,0
7,138,5
8,138,5
9,138,0
10,138,0
11,138,5
12,138,5
13,138,0
14,138,0
15,138,6
16,138,6
17,138,0
18,138,0
19,138,6
20,138,6
21,138,0
22,138,0
23,138,6
24,138,6
25,138,0
26,138,0
27,138,6
28,138,6
29,138,0
30,138,0
31,138,5
32,138,5
33,138,0
34,138,0
35,138,5
36,138,5
37,138,0
38,138,0
39,138,5
40,138,5
41,138,0
42,138,0
43,138,5
44,138,5
45,138,0
46,138,0
47,138,5
48,138,5
49,138,0
50,138,0
51,138,5
52,138,5
53,138,0
54,138,0
55,138,4
56,138,4
57,138,0
58,138,0
59,138,4
60,138,4
61,138,0
62,138,0
63,138,4
64,138,4
65,138,0
66,138,0
67,138,4
68,138,4
69,138,0
70,138,0
71,138,4
72,138,4
73,138,0
74,138,0
75,138,4
76,138,4
77,138,0
78,138,0
79,138,4
80,138,4
81,138,0
82,138,0
83,138,5
84,138,5
85,138,0
86,138,0
87,138,5
88,138,5
89,138,0
90,138,0
91,138,5
92,138,5
93,138,0
94,138,0
95,138,5
96,138,5
97,138,0
98,138,0
99,138,5
100,138,5
101,138,0
102,138,0
103,138,5
104,138,5
105,138,0
106,138,0
107,138,5
108,138,5
109,138,0
110,138,0
111,138,5
112,138,5
113,138,0
114,138,0
115,138,5
116,138,5
117,138,0
118,138,0
119,138,5
120,138,5
121,138,0
122,138,0
123,138,5
124,138,5
125,138,0
126,138,0
127,138,5
128,138,5
129,138,0
130,138,0
131,138,5
132,138,5
133,138,0
134,138,0
135,138,5
136,138,5
137,138,0
138,138,0
139,138,5
140,138,5
141,138,0
142,138,0
143,138,5
144,138,5
145,138,0
146,138,0
147,138,5
148,138,5
149,138,0
150,138,0
151,138,5
152,138,5
153,138,0
154,138,0
155,138,5
156,138,5
157,138,0
158,138,0
159,138,5
160,138,5
161,138,0
162,138,0
163,138,5
164,138,5
165,138,0
166,138,0
167,138,5
168,138,5
169,138,0
170,138,0
171,138,5
172,138,5
173,138,0
174,138,0
175,138,4
176,138,4
177,138,0
178,138,0
179,138,4
180,138,4
181,138,0
182,138,0
183,138,4
184,138,4
185,138,0
186,138,0
187,138,4
188,138,4
189,138,0
190,138,0
191,138,4
192,138,4
193,138,0
194,138,0
195,138,4
196,138,4
197,138,0
198,138,0
199,138,4
200,138,4
201,138,0
202,138,0
203,138,5
204,138,5
205,138,0
206,138,0
207,138,5
208,138,5
209,138,0
210,138,0
211,138,5
212,138,5
213,138,0
214,138,0
215,138,5
216,138,5
217,138,0
218,138,0
219,138,5
220,138,5
221,138,0
222,138,0
223,138,5
224,138,5
225,138,0
226,138,0
227,138,5
228,138,6
229,138,0
230,138,0
231,138,6
232,138,6
233,138,0
234,138,0
235,138,6
236,138,6
237,138,0
238,138,0
239,138,6
240,138,6
241,138,0
242,138,0
243,138,6
244,138,5
245,138,0
246,138,0
247,138,5
248,138,5
249,138,0
250,138,0
251,138,5
252,138,5
253,138,0
254,138,0
255,138,4
0,139,4
1,139,0
2,139,0
3,139,4
4,139,5
5,139,0
6,139,0
7,139,5
8,139,5
9,139,0
10,139,0
11,139,5
12,139,5
13,139,0
14,139,0
15,139,6
16,139,6
17,139,0
18,139,0
19,139,6
20,139,6
21,139,0
22,139,0
23,139,6
24,139,6
25,139,0
26,139,0
27,139,6
28,139,6
29,139,0
30,139,0
31,139,5
32,139,5
33,139,0
34,139,0
35,139,5
36,139,5
37,139,0
38,139,0
39,139,5
40,139,5
41,139,0
42,139,0
43,139,5
44,139,5
45,139,0
46,139,0
47,139,5
48,139,5
49,139,0
50,139,0
51,139,4
52,139,4
53,139,0
54,139,0
55,139,4
56,139,4
57,139,0
58,139,0
59,139,4
60,139,4
61,139,0
62,139,0
63,139,4
64,139,4
65,139,0
66,139,0
67,139,4
68,139,4
69,139,0
70,139,0
71,139,4
72,139,4
73,139,0
74,139,0
75,139,4
76,139,4
77,139,0
78,139,0
79,139,4
80,139,4
81,139,0
82,139,0
83,139,4
84,139,4
85,139,0
86,139,0
87,139,5
88,139,5
89,139,0
90,139,0
91,139,5
92,139,5
93,139,0
94,139,0
95,139,5
96,139,5
97,139,0
98,139,0
99,139,5
100,139,5
101,139,0
102,139,0
103,139,5
104,139,5
105,139,0
106,139,0
107,139,5
108,139,5
109,139,0
110,139,0
111,139,5
112,139,5
113,139,0
114,139,0
115,139,5
116,139,5
117,139,0
118,139,0
119,139,5
120,139,5
121,139,0
122,139,0
123,139,5
124,139,5
125,139,0
126,139,0
127,139,5
128,139,5
129,139,0
130,139,0
131,139,5
132,139,5
133,139,0
134,139,0
135,139,5
136,139,5
137,139,0
138,139,0
139,139,5
140,139,5
141,139,0
142,139,0
143,139,5
144,139,5
145,139,0
146,139,0
147,139,5
148,139,5
149,139,0
150,139,0
151,139,5
152,139,5
153,139,0
154,139,0
155,139,5
156,139,5
157,139,0
158,139,0
159,139,5
160,139,5
161,139,0
162,139,0
163,139,5
164,139,5
165,139,0
166,139,0
167,139,5
168,139,5
169,139,0
170,139,0
171,139,4
172,139,4
173,139,0
174,139,0
175,139,4
176,139,4
177,139,0
178,139,0
179,139,4
180,139,4
181,139,0
182,139,0
183,139,4
184,139,4
185,139,0
186,139,0
187,139,4
188,139,4
189,139,0
190,139,0
191,139,4
192,139,4
193,139,0
194,139,0
195,139,4
196,139,4
197,139,0
198,139,0
199,139,4
200,139,4
201,139,0
202,139,0
203,139,4
204,139,4
205,139,0
206,139,0
207,139,5
208,139,5
209,139,0
210,139,0
211,139,5
212,139,5
213,139,0
214,139,0
215,139,5
216,139,5
217,139,0
218,139,0
219,139,5
220,139,5
221,139,0
222,139,0
223,139,5
224,139,5
225,139,0
226,139,0
227,139,5
228,139,6
229,139,0
230,139,0
231,139,6
232,139,6
233,139,0
234,139,0
235,139,6
236,139,6
237,139,0
238,139,0
239,139,6
240,139,6
241,139,0
242,139,0
243,139,6
244,139,5
245,139,0
246,139,0
247,139,5
248,139,5
249,139,0
250,139,0
251,139,5
252,139,5
253,139,0
254,139,0
255,139,4
0,140,4
1,140,0
2,140,0
3,140,4
4,140,4
5,140,0
6,140,0
7,140,5
8,140,5
9,140,0
10,140,0
11,140,5
12,140,5
13,140,0
14,140,0
15,140,6
16,140,6
17,140,0
18,140,0
19,140,6
20,140,6
21,140,0
22,140,0
23,140,6
24,140,6
25,140,0
26,140,0
27,140,6
28,140,6
29,140,0
30,140,0
31,140,5
32,140,5
33,140,0
34,140,0
35,140,5
36,140,5
37,140,0
38,140,0
39,140,5
40,140,5
41,140,0
42,140,0
43,140,5
44,140,5
45,140,0
46,140,0
47,140,5
48,140,4
49,140,0
50,140,0
51,140,4
52,140,4
53,140,0
54,140,0
55,140,4
56,140,4
57,140,0
58,140,0
59,140,4
60,140,4
61,140,0
62,140,0
63,140,4
64,140,4
65,140,0
66,140,0
67,140,4
68,140,4
69,140,0
70,140,0
71,140,4
72,140,4
73,140,0
74,140,0
75,140,4
76,140,4
77,140,0
78,140,0
79,140,4
80,140,4
81,140,0
82,140,0
83,140,4
84,140,4
85,140,0
86,140,0
87,140,4
88,140,4
89,140,0
90,140,0
91,140,5
92,140,5
93,140,0
94,140,0
95,140,5
96,140,5
97,140,0
98,140,0
99,140,5
100,140,5
101,140,0
102,140,0
103,140,5
104,140,5
105,140,0
106,140,0
107,140,5
108,140,5
109,140,0
110,140,0
111,140,5
112,140,5
113,140,0
114,140,0
115,140,5
116,140,5
117,140,0
118,140,0
119,140,5
120,140,5
121,140,0
122,140,0
123,140,5
124,140,5
125,140,0
126,140,0
127,140,5
128,140,5
129,140,0
130,140,0
131,140,5
132,140,5
133,140,0
134,140,0
135,140,5
136,140,5
137,140,0
138,140,0
139,140,5
140,140,5
141,140,0
142,140,0
143,140,5
144,140,5
145,140,0
146,140,0
147,140,5
148,140,5
149,140,0
150,140,0
151,140,5
152,140,5
153,140,0
154,140,0
155,140,5
156,140,5
157,140,0
158,140,0
159,140,5
160,140,5
161,140,0
162,140,0
163,140,5
164,140,5
165,140,0
166,140,0
167,140,5
168,140,4
169,140,0
170,140,0
171,140,4
172,140,4
173,140,0
174,140,0
175,140,4
176,140,4
177,140,0
178,140,0
179,140,4
180,140,4
181,140,0
182,140,0
183,140,4
184,140,4
185,140,0
186,140,0
187,140,4
188,140,4
189,140,0
190,140,0
191,140,4
192,140,4
193,140,0
194,140,0
195,140,4
196,140,4
197,140,0
198,140,0
199,140,4
200,140,4
201,140,0
202,140,0
203,140,4
204,140,4
205,140,0
206,140,0
207,140,4
208,140,4
209,140,0
210,140,0
211,140,5
212,140,5
213,140,0
214,140,0
215,140,5
216,140,5
217,140,0
218,140,0
219,140,5
220,140,5
221,140,0
222,140,0
223,140,5
224,140,5
225,140,0
226,140,0
227,140,5
228,140,6
229,140,0
230,140,0
231,140,6
232,140,6
233,140,0
234,140,0
235,140,6
236,140,6
237,140,0
238,140,0
239,140,6
240,140,6
241,140,0
242,140,0
243,140,6
244,140,5
245,140,0
246,140,0
247,140,5
248,140,5
249,140,0
250,140,0
251,140,5
252,140,4
253,140,0
254,140,0
255,140,4
0,141,4
1,141,0
2,141,0
3,141,4
4,141,4
5,141,0
6,141,0
7,141,5
8,141,5
9,141,0
10,141,0
11,141,5
12,141,5
13,141,0
14,141,0
15,141,6
16,141,6
17,141,0
18,141,0
19,141,6
20,141,6
21,141,0
22,141,0
23,141,6
24,141,6
25,141,0
26,141,0
27,141,6
28,141,5
29,141,0
30,141,0
31,141,5
32,141,5
33,141,0
34,141,0
35,141,5
36,141,5
37,141,0
38,141,0
39,141,5
40,141,5
41,141,0
42,141,0
43,141,5
44,141,5
45,141,0
46,141,0
47,141,4
48,141,4
49,141,0
50,141,0
51,141,4
52,141,4
53,141,0
54,141,0
55,141,4
56,141,4
57,141,0
58,141,0
59,141,4
60,141,4
61,141,0
62,141,0
63,141,4
64,141,4
65,141,0
66,141,0
67,141,4
68,141,4
69,141,0
70,141,0
71,141,4
72,141,4
73,141,0
74,141,0
75,141,4
76,141,4
77,141,0
78,141,0
79,141,4
80,141,4
81,141,0
82,141,0
83,141,4
84,141,4
85,141,0
86,141,0
87,141,4
88,141,4
89,141,0
90,141,0
91,141,4
92,141,5
93,141,0
94,141,0
95,141,5
96,141,5
97,141,0
98,141,0
99,141,5
100,141,5
101,141,0
102,141,0
103,141,5
104,141,5
105,141,0
106,141,0
107,141,5
108,141,5
109,141,0
110,141,0
111,141,5
112,141,5
113,141,0
114,141,0
115,141,5
116,141,5
117,141,0
118,141,0
119,141,5
120,141,5
121,141,0
122,141,0
123,141,5
124,141,5
125,141,0
126,141,0
127,141,5
128,141,5
129,141,0
130,141,0
131,141,5
132,141,5
133,141,0
134,141,0
135,141,5
136,141,5
137,141,0
138,141,0
139,141,5
140,141,5
141,141,0
142,141,0
143,141,5
144,141,5
145,141,0
146,141,0
147,141,5
148,141,5
149,141,0
150,141,0
151,141,5
152,141,5
153,141,0
154,141,0
155,141,5
156,141,5
157,141,0
158,141,0
159,141,5
160,141,5
161,141,0
162,141,0
163,141,5
164,141,5
165,141,0
166,141,0
167,141,4
168,141,4
169,141,0
170,141,0
171,141,4
172,141,4
173,141,0
174,141,0
175,141,4
176,141,4
177,141,0
178,141,0
179,141,4
180,141,4
181,141,0
182,141,0
183,141,4
184,141,4
185,141,0
186,141,0
187,141,4
188,141,4
189,141,0
190,141,0
191,141,4
192,141,4
193,141,0
194,141,0
195,141,4
196,141,4
197,141,0
198,141,0
199,141,4
200,141,4
201,141,0
202,141,0
203,141,4
204,141,4
205,141,0
206,141,0
207,141,4
208,141,4
209,141,0
210,141,0
211,141,5
212,141,5
213,141,0
214,141,0
215,141,5
216,141,5
217,141,0
218,141,0
219,141,5
220,141,5
221,141,0
222,141,0
223,141,5
224,141,5
225,141,0
226,141,0
227,141,5
228,141,5
229,141,0
230,141,0
231,141,6
232,141,6
233,141,0
234,141,0
235,141,6
236,141,6
237,141,0
238,141,0
239,141,6
240,141,6
241,141,0
242,141,0
243,141,6
244,141,5
245,141,0
246,141,0
247,141,5
248,141,5
249,141,0
250,141,0
251,141,5
252,141,4
253,141,0
254,141,0
255,141,4
0,142,4
1,142,0
2,142,0
3,142,4
4,142,4
5,142,0
6,142,0
7,142,5
8,142,5
9,142,0
10,142,0
11,142,5
12,142,5
13,142,0
14,142,0
15,142,6
16,142,6
17,142,0
18,142,0
19,142,6
20,142,6
21,142,0
22,142,0
23,142,6
24,142,6
25,142,0
26,142,0
27,142,6
28,142,5
29,142,0
30,142,0
31,142,5
32,142,5
33,142,0
34,142,0
35,142,5
36,142,5
37,142,0
38,142,0
39,142,5
40,142,5
41,142,0
42,142,0
43,142,4
44,142,4
45,142,0
46,142,0
47,142,4
48,142,4
49,142,0
50,142,0
51,142,4
52,142,4
53,142,0
54,142,0
55,142,4
56,142,4
57,142,0
58,142,0
59,142,4
60,142,4
61,142,0
62,142,0
63,142,4
64,142,4
65,142,0
66,142,0
67,142,4
68,142,4
69,142,0
70,142,0
71,142,4
72,142,4
73,142,0
74,142,0
75,142,4
76,142,4
77,142,0
78,142,0
79,142,4
80,142,4
81,142,0
82,142,0
83,142,4
84,142,4
85,142,0
86,142,0
87,142,4
88,142,4
89,142,0
90,142,0
91,142,4
92,142,4
93,142,0
94,142,0
95,142,5
96,142,5
97,142,0
98,142,0
99,142,5
100,142,5
101,142,0
102,142,0
103,142,5
104,142,5
105,142,0
106,142,0
107,142,5
108,142,5
109,142,0
110,142,0
111,142,5
112,142,5
113,142,0
114,142,0
115,142,5
116,142,5
117,142,0
118,142,0
119,142,5
120,142,5
121,142,0
122,142,0
123,142,5
124,142,5
125,142,0
126,142,0
127,142,5
128,142,5
129,142,0
130,142,0
131,142,5
132,142,5
133,142,0
134,142,0
135,142,5
136,142,5
137,142,0
138,142,0
139,142,5
140,142,5
141,142,0
142,142,0
143,142,5
144,142,5
145,142,0
146,142,0
147,142,5
148,142,5
149,142,0
150,142,0
151,142,5
152,142,5
153,142,0
154,142,0
155,142,5
156,142,5
157,142,0
158,142,0
159,142,5
160,142,5
161,142,0
162,142,0
163,142,4
164,142,4
165,142,0
166,142,0
167,142,4
168,142,4
169,142,0
170,142,0
171,142,4
172,142,4
173,142,0
174,142,0
175,142,4
176,142,4
177,142,0
178,142,0
179,142,4
180,142,4
181,142,0
182,142,0
183,142,4
184,142,4
185,142,0
186,142,0
187,142,4
188,142,4
189,142,0
190,142,0
191,142,4
192,142,4
193,142,0
194,142,0
195,142,4
196,142,4
197,142,0
198,142,0
199,142,4
200,142,4
201,142,0
202,142,0
203,142,4
204,142,4
205,142,0
206,142,0
207,142,4
208,142,4
209,142,0
210,142,0
211,142,4
212,142,4
213,142,0
214,142,0
215,142,5
216,142,5
217,142,0
218,142,0
219,142,5
220,142,5
221,142,0
222,142,0
223,142,5
224,142,5
225,142,0
226,142,0
227,142,5
228,142,5
229,142,0
230,142,0
231,142,6
232,142,6
233,142,0
234,142,0
235,142,6
236,142,6
237,142,0
238,142,0
239,142,6
240,142,6
241,142,0
242,142,0
243,142,5
244,142,5
245,142,0
246,142,0
247,142,5
248,142,5
249,142,0
250,142,0
251,142,4
252,142,4
253,142,0
254,142,0
255,142,4
0,143,4
1,143,0
2,143,0
3,143,4
4,143,4
5,143,0
6,143,0
7,143,5
8,143,5
9,143,0
10,143,0
11,143,5
12,143,5
13,143,0
14,143,0
15,143,6
16,143,6
17,143,0
18,143,0
19,143,6
20,143,6
21,143,0
22,143,0
23,143,6
24,143,6
25,143,0
26,143,0
27,143,6
28,143,5
29,143,0
30,143,0
31,143,5
32,143,5
33,143,0
34,143,0
35,143,5
36,143,5
37,143,0
38,143,0
39,143,5
40,143,5
41,143,0
42,143,0
43,143,4
44,143,4
45,143,0
46,143,0
47,143,4
48,143,4
49,143,0
50,143,0
51,143,4
52,143,4
53,143,0
54,143,0
55,143,4
56,143,4
57,143,0
58,143,0
59,143,4
60,143,4
61,143,0
62,143,0
63,143,4
64,143,4
65,143,0
66,143,0
67,143,4
68,143,4
69,143,0
70,143,0
71,143,4
72,143,4
73,143,0
74,143,0
75,143,4
76,143,4
77,143,0
78,143,0
79,143,4
80,143,4
81,143,0
82,143,0
83,143,4
84,143,4
85,143,0
86,143,0
87,143,4
88,143,4
89,143,0
90,143,0
91,143,4
92,143,4
93,143,0
94,143,0
95,143,4
96,143,5
97,143,0
98,143,0
99,143,5
100,143,5
101,143,0
102,143,0
103,143,5
104,143,5
105,143,0
106,143,0
107,143,5
108,143,5
109,143,0
110,143,0
111,143,5
112,143,5
113,143,0
114,143,0
115,143,5
116,143,5
117,143,0
118,143,0
119,143,5
120,143,5
121,143,0
122,143,0
123,143,5
124,143,5
125,143,0
126,143,0
127,143,5
128,143,5
129,143,0
130,143,0
131,143,5
132,143,5
133,143,0
134,143,0
135,143,5
136,143,5
137,143,0
138,143,0
139,143,5
140,143,5
141,143,0
142,143,0
143,143,5
144,143,5
145,143,0
146,143,0
147,143,5
148,143,5
149,143,0
150,143,0
151,143,5
152,143,5
153,143,0
154,143,0
155,143,5
156,143,5
157,143,0
158,143,0
159,143,5
160,143,5
161,143,0
162,143,0
163,143,4
164,143,4
165,143,0
166,143,0
167,143,4
168,143,4
169,143,0
170,143,0
171,143,4
172,143,4
173,143,0
174,143,0
175,143,4
176,143,4
177,143,0
178,143,0
179,143,4
180,143,4
181,143,0
182,143,0
183,143,4
184,143,4
185,143,0
186,143,0
187,143,4
188,143,4
189,143,0
190,143,0
191,143,4
192,143,4
193,143,0
194,143,0
195,143,4
196,143,4
197,143,0
198,143,0
199,143,4
200,143,4
201,143,0
202,143,0
203,143,4
204,143,4
205,143,0
206,143,0
207,143,4
208,143,4
209,143,0
210,143,0
211,143,4
212,143,4
213,143,0
214,143,0
215,143,5
216,143,5
217,143,0
218,143,0
219,143,5
220,143,5
221,143,0
222,143,0
223,143,5
224,143,5
225,143,0
226,143,0
227,143,5
228,143,5
229,143,0
230,143,0
231,143,6
232,143,6
233,143,0
234,143,0
235,143,6
236,143,6
237,143,0
238,143,0
239,143,6
240,143,6
241,143,0
242,143,0
243,143,5
244,143,5
245,143,0
246,143,0
247,143,5
248,143,5
249,143,0
250,143,0
251,143,4
252,143,4
253,143,0
254,143,0
255,143,4
0,144,4
1,144,0
2,144,0
3,144,4
4,144,4
5,144,0
6,144,0
7,144,5
8,144,5
9,144,0
10,144,0
11,144,5
12,144,5
13,144,0
14,144,0
15,144,5
16,144,6
17,144,0
18,144,0
19,144,6
20,144,6
21,144,0
22,144,0
23,144,6
24,144,6
25,144,0
26,144,0
27,144,5
28,144,5
29,144,0
30,144,0
31,144,5
32,144,5
33,144,0
34,144,0
35,144,5
36,144,5
37,144,0
38,144,0
39,144,5
40,144,4
41,144,0
42,144,0
43,144,4
44,144,4
45,144,0
46,144,0
47,144,4
48,144,4
49,144,0
50,144,0
51,144,4
52,144,4
53,144,0
54,144,0
55,144,4
56,144,4
57,144,0
58,144,0
59,144,4
60,144,4
61,144,0
62,144,0
63,144,4
64,144,4
65,144,0
66,144,0
67,144,4
68,144,4
69,144,0
70,144,0
71,144,4
72,144,4
73,144,0
74,144,0
75,144,4
76,144,4
77,144,0
78,144,0
79,144,4
80,144,4
81,144,0
82,144,0
83,144,4
84,144,4
85,144,0
86,144,0
87,144,4
88,144,4
89,144,0
90,144,0
91,144,4
92,144,4
93,144,0
94,144,0
95,144,4
96,144,4
97,144,0
98,144,0
99,144,5
100,144,5
101,144,0
102,144,0
103,144,5
104,144,5
105,144,0
106,144,0
107,144,5
108,144,5
109,144,0
110,144,0
111,144,5
112,144,5
113,144,0
114,144,0
115,144,5
116,144,5
117,144,0
118,144,0
119,144,5
120,144,5
121,144,0
122,144,0
123,144,5
124,144,5
125,144,0
126,144,0
127,144,5
128,144,5
129,144,0
130,144,0
131,144,5
132,144,5
133,144,0
134,144,0
135,144,5
136,144,5
137,144,0
138,144,0
139,144,5
140,144,5
141,144,0
142,144,0
143,144,5
144,144,5
145,144,0
146,144,0
147,144,5
148,144,5
149,144,0
150,144,0
151,144,5
152,144,5
153,144,0
154,144,0
155,144,5
156,144,5
157,144,0
158,144,0
159,144,5
160,144,4
161,144,0
162,144,0
163,144,4
164,144,4
165,144,0
166,144,0
167,144,4
168,144,4
169,144,0
170,144,0
171,144,4
172,144,4
173,144,0
174,144,0
175,144,4
176,144,4
177,144,0
178,144,0
179,144,4
180,144,4
181,144,0
182,144,0
183,144,4
184,144,4
185,144,0
186,144,0
187,144,4
188,144,4
189,144,0
190,144,0
191,144,4
192,144,4
193,144,0
194,144,0
195,144,4
196,144,4
197,144,0
198,144,0
199,144,4
200,144,4
201,144,0
202,144,0
203,144,4
204,144,4
205,144,0
206,144,0
207,144,4
208,144,4
209,144,0
210,144,0
211,144,4
212,144,4
213,144,0
214,144,0
215,144,4
216,144,4
217,144,0
218,144,0
219,144,5
220,144,5
221,144,0
222,144,0
223,144,5
224,144,5
225,144,0
226,144,0
227,144,5
228,144,5
229,144,0
230,144,0
231,144,6
232,144,6
233,144,0
234,144,0
235,144,6
236,144,6
237,144,0
238,144,0
239,144,6
240,144,6
241,144,0
242,144,0
243,144,5
244,144,5
245,144,0
246,144,0
247,144,5
248,144,5
249,144,0
250,144,0
251,144,4
252,144,4
253,144,0
254,144,0
255,144,4
0,145,4
1,145,0
2,145,0
3,145,4
4,145,4
5,145,0
6,145,0
7,145,4
8,145,5
9,145,0
10,145,0
11,145,5
12,145,5
13,145,0
14,145,0
15,145,5
16,145,5
17,145,0
18,145,0
19,145,6
20,145,6
21,145,0
22,145,0
23,145,6
24,145,5
25,145,0
26,145,0
27,145,5
28,145,5
29,145,0
30,145,0
31,145,5
32,145,5
33,145,0
34,145,0
35,145,5
36,145,5
37,145,0
38,145,0
39,145,4
40,145,4
41,145,0
42,145,0
43,145,4
44,145,4
45,145,0
46,145,0
47,145,4
48,145,4
49,145,0
50,145,0
51,145,4
52,145,4
53,145,0
54,145,0
55,145,4
56,145,4
57,145,0
58,145,0
59,145,4
60,145,4
61,145,0
62,145,0
63,145,4
64,145,4
65,145,0
66,145,0
67,145,4
68,145,4
69,145,0
70,145,0
71,145,4
72,145,4
73,145,0
74,145,0
75,145,4
76,145,4
77,145,0
78,145,0
79,145,4
80,145,4
81,145,0
82,145,0
83,145,4
84,145,4
85,145,0
86,145,0
87,145,4
88,145,4
89,145,0
90,145,0
91,145,4
92,145,4
93,145,0
94,145,0
95,145,4
96,145,4
97,145,0
98,145,0
99,145,5
100,145,5
101,145,0
102,145,0
103,145,5
104,145,5
105,145,0
106,145,0
107,145,5
108,145,5
109,145,0
110,145,0
111,145,5
112,145,5
113,145,0
114,145,0
115,145,5
116,145,5
117,145,0
118,145,0
119,145,5
120,145,5
121,145,0
122,145,0
123,145,5
124,145,5
125,145,0
126,145,0
127,145,5
128,145,5
129,145,0
130,145,0
131,145,5
132,145,5
133,145,0
134,145,0
135,145,5
136,145,5
137,145,0
138,145,0
139,145,5
140,145,5
141,145,0
142,145,0
143,145,5
144,145,5
145,145,0
146,145,0
147,145,5
148,145,5
149,145,0
150,145,0
151,145,5
152,145,5
153,145,0
154,145,0
155,145,5
156,145,5
157,145,0
158,145,0
159,145,4
160,145,4
161,145,0
162,145,0
163,145,4
164,145,4
165,145,0
166,145,0
167,145,4
168,145,4
169,145,0
170,145,0
171,145,4
172,145,4
173,145,0
174,145,0
175,145,4
176,145,4
177,145,0
178,145,0
179,145,4
180,145,4
181,145,0
182,145,0
183,145,4
184,145,4
185,145,0
186,145,0
187,145,4
188,145,4
189,145,0
190,145,0
191,145,4
192,145,4
193,145,0
194,145,0
195,145,4
196,145,4
197,145,0
198,145,0
199,145,4
200,145,4
201,145,0
202,145,0
203,145,4
204,145,4
205,145,0
206,145,0
207,145,4
208,145,4
209,145,0
210,145,0
211,145,4
212,145,4
213,145,0
214,145,0
215,145,4
216,145,4
217,145,0
218,145,0
219,145,5
220,145,5
221,145,0
222,145,0
223,145,5
224,145,5
225,145,0
226,145,0
227,145,5
228,145,5
229,145,0
230,145,0
231,145,5
232,145,5
233,145,0
234,145,0
235,145,6
236,145,6
237,145,0
238,145,0
239,145,6
240,145,5
241,145,0
242,145,0
243,145,5
244,145,5
245,145,0
246,145,0
247,145,5
248,145,5
249,145,0
250,145,0
251,145,4
252,145,4
253,145,0
254,145,0
255,145,4
0,146,4
1,146,0
2,146,0
3,146,4
4,146,4
5,146,0
6,146,0
7,146,4
8,146,4
9,146,0
10,146,0
11,146,5
12,146,5
13,146,0
14,146,0
15,146,5
16,146,5
17,146,0
18,146,0
19,146,6
20,146,6
21,146,0
22,146,0
23,146,5
24,146,5
25,146,0
26,146,0
27,146,5
28,146,5
29,146,0
30,146,0
31,146,5
32,146,5
33,146,0
34,146,0
35,146,5
36,146,5
37,146,0
38,146,0
39,146,4
40,146,4
41,146,0
42,146,0
43,146,4
44,146,4
45,146,0
46,146,0
47,146,4
48,146,4
49,146,0
50,146,0
51,146,4
52,146,4
53,146,0
54,146,0
55,146,4
56,146,4
57,146,0
58,146,0
59,146,4
60,146,4
61,146,0
62,146,0
63,146,4
64,146,4
65,146,0
66,146,0
67,146,4
68,146,4
69,146,0
70,146,0
71,146,4
72,146,4
73,146,0
74,146,0
75,146,4
76,146,4
77,146,0
78,146,0
79,146,4
80,146,4
81,146,0
82,146,0
83,146,4
84,146,4
85,146,0
86,146,0
87,146,4
88,146,4
89,146,0
90,146,0
91,146,4
92,146,4
93,146,0
94,146,0
95,146,4
96,146,4
97,146,0
98,146,0
99,146,4
100,146,5
101,146,0
102,146,0
103,146,5
104,146,5
105,146,0
106,146,0
107,146,5
108,146,5
109,146,0
110,146,0
111,146,5
112,146,5
113,146,0
114,146,0
115,146,5
116,146,5
117,146,0
118,146,0
119,146,5
120,146,5
121,146,0
122,146,0
123,146,5
124,146,5
125,146,0
126,146,0
127,146,5
128,146,5
129,146,0
130,146,0
131,146,5
132,146,5
133,146,0
134,146,0
135,146,5
136,146,5
137,146,0
138,146,0
139,146,5
140,146,5
141,146,0
142,146,0
143,146,5
144,146,5
145,146,0
146,146,0
147,146,5
148,146,5
149,146,0
150,146,0
151,146,5
152,146,5
153,146,0
154,146,0
155,146,5
156,146,5
157,146,0
158,146,0
159,146,4
160,146,4
161,146,0
162,146,0
163,146,4
164,146,4
165,146,0
166,146,0
167,146,4
168,146,4
169,146,0
170,146,0
171,146,4
172,146,4
173,146,0
174,146,0
175,146,4
176,146,4
177,146,0
178,146,0
179,146,4
180,146,4
181,146,0
182,146,0
183,146,4
184,146,4
185,146,0
186,146,0
187,146,4
188,146,4
189,146,0
190,146,0
191,146,4
192,146,4
193,146,0
194,146,0
195,146,4
196,146,4
197,146,0
198,146,0
199,146,4
200,146,4
201,146,0
202,146,0
203,146,4
204,146,4
205,146,0
206,146,0
207,146,4
208,146,4
209,146,0
210,146,0
211,146,4
212,146,4
213,146,0
214,146,0
215,146,4
216,146,4
217,146,0
218,146,0
219,146,4
220,146,5
221,146,0
222,146,0
223,146,5
224,146,5
225,146,0
226,146,0
227,146,5
228,146,5
229,146,0
230,146,0
231,146,5
232,146,5
233,146,0
234,146,0
235,146,6
236,146,6
237,146,0
238,146,0
239,146,5
240,146,5
241,146,0
242,146,0
243,146,5
244,146,5
245,146,0
246,146,0
247,146,5
248,146,4
249,146,0
250,146,0
251,146,4
252,146,4
253,146,0
254,146,0
255,146,4
0,147,4
1,147,0
2,147,0
3,147,4
4,147,4
5,147,0
6,147,0
7,147,4
8,147,4
9,147,0
10,147,0
11,147,5
12,147,5
13,147,0
14,147,0
15,147,5
16,147,5
17,147,0
18,147,0
19,147,6
20,147,5
21,147,0
22,147,0
23,147,5
24,147,5
25,147,0
26,147,0
27,147,5
28,147,5
29,147,0
30,147,0
31,147,5
32,147,5
33,147,0
34,147,0
35,147,5
36,147,4
37,147,0
38,147,0
39,147,4
40,147,4
41,147,0
42,147,0
43,147,4
44,147,4
45,147,0
46,147,0
47,147,4
48,147,4
49,147,0
50,147,0
51,147,4
52,147,4
53,147,0
54,147,0
55,147,4
56,147,4
57,147,0
58,147,0
59,147,4
60,147,4
61,147,0
62,147,0
63,147,4
64,147,4
65,147,0
66,147,0
67,147,4
68,147,4
69,147,0
70,147,0
71,147,4
72,147,4
73,147,0
74,147,0
75,147,4
76,147,4
77,147,0
78,147,0
79,147,4
80,147,4
81,147,0
82,147,0
83,147,4
84,147,4
85,147,0
86,147,0
87,147,4
88,147,4
89,147,0
90,147,0
91,147,4
92,147,4
93,147,0
94,147,0
95,147,4
96,147,4
97,147,0
98,147,0
99,147,4
100,147,4
101,147,0
102,147,0
103,147,5
104,147,5
105,147,0
106,147,0
107,147,5
108,147,5
109,147,0
110,147,0
111,147,5
112,147,5
113,147,0
114,147,0
115,147,5
116,147,5
117,147,0
118,147,0
119,147,5
120,147,5
121,147,0
122,147,0
123,147,5
124,147,5
125,147,0
126,147,0
127,147,5
128,147,5
129,147,0
130,147,0
131,147,5
132,147,5
133,147,0
134,147,0
135,147,5
136,147,5
137,147,0
138,147,0
139,147,5
140,147,5
141,147,0
142,147,0
143,147,5
144,147,5
145,147,0
146,147,0
147,147,5
148,147,5
149,147,0
150,147,0
151,147,5
152,147,5
153,147,0
154,147,0
155,147,5
156,147,4
157,147,0
158,147,0
159,147,4
160,147,4
161,147,0
162,147,0
163,147,4
164,147,4
165,147,0
166,147,0
167,147,4
168,147,4
169,147,0
170,147,0
171,147,4
172,147,4
173,147,0
174,147,0
175,147,4
176,147,4
177,147,0
178,147,0
179,147,4
180,147,4
181,147,0
182,147,0
183,147,4
184,147,4
185,147,0
186,147,0
187,147,4
188,147,4
189,147,0
190,147,0
191,147,4
192,147,4
193,147,0
194,147,0
195,147,4
196,147,4
197,147,0
198,147,0
199,147,4
200,147,4
201,147,0
202,147,0
203,147,4
204,147,4
205,147,0
206,147,0
207,147,4
208,147,4
209,147,0
210,147,0
211,147,4
212,147,4
213,147,0
214,147,0
215,147,4
216,147,4
217,147,0
218,147,0
219,147,4
220,147,4
221,147,0
222,147,0
223,147,5
224,147,5
225,147,0
226,147,0
227,147,5
228,147,5
229,147,0
230,147,0
231,147,5
232,147,5
233,147,0
234,147,0
235,147,5
236,147,5
237,147,0
238,147,0
239,147,5
240,147,5
241,147,0
242,147,0
243,147,5
244,147,5
245,147,0
246,147,0
247,147,4
248,147,4
249,147,0
250,147,0
251,147,4
252,147,4
253,147,0
254,147,0
255,147,4
0,148,4
1,148,0
2,148,0
3,148,4
4,148,4
5,148,0
6,148,0
7,148,4
8,148,4
9,148,0
10,148,0
11,148,5
12,148,5
13,148,0
14,148,0
15,148,5
16,148,5
17,148,0
18,148,0
19,148,5
20,148,5
21,148,0
22,148,0
23,148,5
24,148,5
25,148,0
26,148,0
27,148,5
28,148,5
29,148,0
30,148,0
31,148,5
32,148,5
33,148,0
34,148,0
35,148,4
36,148,4
37,148,0
38,148,0
39,148,4
40,148,4
41,148,0
42,148,0
43,148,4
44,148,4
45,148,0
46,148,0
47,148,4
48,148,4
49,148,0
50,148,0
51,148,4
52,148,4
53,148,0
54,148,0
55,148,4
56,148,4
57,148,0
58,148,0
59,148,4
60,148,4
61,148,0
62,148,0
63,148,4
64,148,4
65,148,0
66,148,0
67,148,4
68,148,4
69,148,0
70,148,0
71,148,4
72,148,4
73,148,0
74,148,0
75,148,4
76,148,4
77,148,0
78,148,0
79,148,4
80,148,4
81,148,0
82,148,0
83,148,4
84,148,4
85,148,0
86,148,0
87,148,4
88,148,4
89,148,0
90,148,0
91,148,4
92,148,4
93,148,0
94,148,0
95,148,4
96,148,4
97,148,0
98,148,0
99,148,4
100,148,4
101,148,0
102,148,0
103,148,5
104,148,5
105,148,0
106,148,0
107,148,5
108,148,5
109,148,0
110,148,0
111,148,5
112,148,5
113,148,0
114,148,0
115,148,5
116,148,5
117,148,0
118,148,0
119,148,5
120,148,5
121,148,0
122,148,0
123,148,5
124,148,5
125,148,0
126,148,0
127,148,5
128,148,5
129,148,0
130,148,0
131,148,5
132,148,5
133,148,0
134,148,0
135,148,5
136,148,5
137,148,0
138,148,0
139,148,5
140,148,5
141,148,0
142,148,0
143,148,5
144,148,5
145,148,0
146,148,0
147,148,5
148,148,5
149,148,0
150,148,0
151,148,5
152,148,5
153,148,0
154,148,0
155,148,4
156,148,4
157,148,0
158,148,0
159,148,4
160,148,4
161,148,0
162,148,0
163,148,4
164,148,4
165,148,0
166,148,0
167,148,4
168,148,4
169,148,0
170,148,0
171,148,4
172,148,4
173,148,0
174,148,0
175,148,4
176,148,4
177,148,0
178,148,0
179,148,4
180,148,4
181,148,0
182,148,0
183,148,4
184,148,4
185,148,0
186,148,0
187,148,4
188,148,4
189,148,0
190,148,0
191,148,4
192,148,4
193,148,0
194,148,0
195,148,4
196,148,4
197,148,0
198,148,0
199,148,4
200,148,4
201,148,0
202,148,0
203,148,4
204,148,4
205,148,0
206,148,0
207,148,4
208,148,4
209,148,0
210,148,0
211,148,4
212,148,4
213,148,0
214,148,0
215,148,4
216,148,4
217,148,0
218,148,0
219,148,4
220,148,4
221,148,0
222,148,0
223,148,5
224,148,5
225,148,0
226,148,0
227,148,5
228,148,5
229,148,0
230,148,0
231,148,5
232,148,5
233,148,0
234,148,0
235,148,5
236,148,5
237,148,0
238,148,0
239,148,5
240,148,5
241,148,0
242,148,0
243,148,5
244,148,5
245,148,0
246,148,0
247,148,4
248,148,4
249,148,0
250,148,0
251,148,4
252,148,4
253,148,0
254,148,0
255,148,4
0,149,4
1,149,0
2,149,0
3,149,4
4,149,4
5,149,0
6,149,0
7,149,4
8,149,4
9,149,0
10,149,0
11,149,5
12,149,5
13,149,0
14,149,0
15,149,5
16,149,5
17,149,0
18,149,0
19,149,5
20,149,5
21,149,0
22,149,0
23,149,5
24,149,5
25,149,0
26,149,0
27,149,5
28,149,5
29,149,0
30,149,0
31,149,5
32,149,5
33,149,0
34,149,0
35,149,4
36,149,4
37,149,0
38,149,0
39,149,4
40,149,4
41,149,0
42,149,0
43,149,4
44,149,4
45,149,0
46,149,0
47,149,4
48,149,4
49,149,0
50,149,0
51,149,4
52,149,4
53,149,0
54,149,0
55,149,4
56,149,4
57,149,0
58,149,0
59,149,4
60,149,4
61,149,0
62,149,0
63,149,4
64,149,4
65,149,0
66,149,0
67,149,4
68,149,4
69,149,0
70,149,0
71,149,4
72,149,4
73,149,0
74,149,0
75,149,4
76,149,4
77,149,0
78,149,0
79,149,4
80,149,4
81,149,0
82,149,0
83,149,4
84,149,4
85,149,0
86,149,0
87,149,4
88,149,4
89,149,0
90,149,0
91,149,4
92,149,4
93,149,0
94,149,0
95,149,4
96,149,4
97,149,0
98,149,0
99,149,4
100,149,4
101,149,0
102,149,0
103,149,5
104,149,5
105,149,0
106,149,0
107,149,5
108,149,5
109,149,0
110,149,0
111,149,5
112,149,5
113,149,0
114,149,0
115,149,5
116,149,5
117,149,0
118,149,0
119,149,5
120,149,5
121,149,0
122,149,0
123,149,5
124,149,5
125,149,0
126,149,0
127,149,5
128,149,5
129,149,0
130,149,0
131,149,5
132,149,5
133,149,0
134,149,0
135,149,5
136,149,5
137,149,0
138,149,0
139,149,5
140,149,5
141,149,0
142,149,0
143,149,5
144,149,5
145,149,0
146,149,0
147,149,5
148,149,5
149,149,0
150,149,0
151,149,5
152,149,5
153,149,0
154,149,0
155,149,4
156,149,4
157,149,0
158,149,0
159,149,4
160,149,4
161,149,0
162,149,0
163,149,4
164,149,4
165,149,0
166,149,0
167,149,4
168,149,4
169,149,0
170,149,0
171,149,4
172,149,4
173,149,0
174,149,0
175,149,4
176,149,4
177,149,0
178,149,0
179,149,4
180,149,4
181,149,0
182,149,0
183,149,4
184,149,4
185,149,0
186,149,0
187,149,4
188,149,4
189,149,0
190,149,0
191,149,4
192,149,4
193,149,0
194,149,0
195,149,4
196,149,4
197,149,0
198,149,0
199,149,4
200,149,4
201,149,0
202,149,0
203,149,4
204,149,4
205,149,0
206,149,0
207,149,4
208,149,4
209,149,0
210,149,0
211,149,4
212,149,4
213,149,0
214,149,0
215,149,4
216,149,4
217,149,0
218,149,0
219,149,4
220,149,4
221,149,0
222,149,0
223,149,4
224,149,5
225,149,0
226,149,0
227,149,5
228,149,5
229,149,0
230,149,0
231,149,5
232,149,5
233,149,0
234,149,0
235,149,5
236,149,5
237,149,0
238,149,0
239,149,5
240,149,5
241,149,0
242,149,0
243,149,5
244,149,5
245,149,0
246,149,0
247,149,4
248,149,4
249,149,0
250,149,0
251,149,4
252,149,4
253,149,0
254,149,0
255,149,4
0,150,4
1,150,0
2,150,0
3,150,4
4,150,4
5,150,0
6,150,0
7,150,4
8,150,4
9,150,0
10,150,0
11,150,4
12,150,5
13,150,0
14,150,0
15,150,5
16,150,5
17,150,0
18,150,0
19,150,5
20,150,5
21,150,0
22,150,0
23,150,5
24,150,5
25,150,0
26,150,0
27,150,5
28,150,5
29,150,0
30,150,0
31,150,5
32,150,4
33,150,0
34,150,0
35,150,4
36,150,4
37,150,0
38,150,0
39,150,4
40,150,4
41,150,0
42,150,0
43,150,4
44,150,4
45,150,0
46,150,0
47,150,4
48,150,4
49,150,0
50,150,0
51,150,4
52,150,4
53,150,0
54,150,0
55,150,4
56,150,4
57,150,0
58,150,0
59,150,4
60,150,4
61,150,0
62,150,0
63,150,4
64,150,4
65,150,0
66,150,0
67,150,4
68,150,4
69,150,0
70,150,0
71,150,4
72,150,4
73,150,0
74,150,0
75,150,4
76,150,4
77,150,0
78,150,0
79,150,4
80,150,4
81,150,0
82,150,0
83,150,4
84,150,4
85,150,0
86,150,0
87,150,4
88,150,4
89,150,0
90,150,0
91,150,4
92,150,4
93,150,0
94,150,0
95,150,4
96,150,4
97,150,0
98,150,0
99,150,4
100,150,4
101,150,0
102,150,0
103,150,4
104,150,5
105,150,0
106,150,0
107,150,5
108,150,5
109,150,0
110,150,0
111,150,5
112,150,5
113,150,0
114,150,0
115,150,5
116,150,5
117,150,0
118,150,0
119,150,5
120,150,5
121,150,0
122,150,0
123,150,5
124,150,5
125,150,0
126,150,0
127,150,5
128,150,5
129,150,0
130,150,0
131,150,5
132,150,5
133,150,0
134,150,0
135,150,5
136,150,5
137,150,0
138,150,0
139,150,5
140,150,5
141,150,0
142,150,0
143,150,5
144,150,5
145,150,0
146,150,0
147,150,5
148,150,5
149,150,0
150,150,0
151,150,5
152,150,5
153,150,0
154,150,0
155,150,4
156,150,4
157,150,0
158,150,0
159,150,4
160,150,4
161,150,0
162,150,0
163,150,4
164,150,4
165,150,0
166,150,0
167,150,4
168,150,4
169,150,0
170,150,0
171,150,4
172,150,4
173,150,0
174,150,0
175,150,4
176,150,4
177,150,0
178,150,0
179,150,4
180,150,4
181,150,0
182,150,0
183,150,4
184,150,4
185,150,0
186,150,0
187,150,4
188,150,4
189,150,0
190,150,0
191,150,4
192,150,4
193,150,0
194,150,0
195,150,4
196,150,4
197,150,0
198,150,0
199,150,4
200,150,4
201,150,0
202,150,0
203,150,4
204,150,4
205,150,0
206,150,0
207,150,4
208,150,4
209,150,0
210,150,0
211,150,4
212,150,4
213,150,0
214,150,0
215,150,4
216,150,4
217,150,0
218,150,0
219,150,4
220,150,4
221,150,0
222,150,0
223,150,4
224,150,4
225,150,0
226,150,0
227,150,5
228,150,5
229,150,0
230,150,0
231,150,5
232,150,5
233,150,0
234,150,0
235,150,5
236,150,5
237,150,0
238,150,0
239,150,5
240,150,5
241,150,0
242,150,0
243,150,5
244,150,5
245,150,0
246,150,0
247,150,4
248,150,4
249,150,0
250,150,0
251,150,4
252,150,4
253,150,0
254,150,0
255,150,4
0,151,4
1,151,0
2,151,0
3,151,4
4,151,4
5,151,0
6,151,0
7,151,4
8,151,4
9,151,0
10,151,0
11,151,4
12,151,5
13,151,0
14,151,0
15,151,5
16,151,5
17,151,0
18,151,0
19,151,5
20,151,5
21,151,0
22,151,0
23,151,5
24,151,5
25,151,0
26,151,0
27,151,5
28,151,5
29,151,0
30,151,0
31,151,4
32,151,4
33,151,0
34,151,0
35,151,4
36,151,4
37,151,0
38,151,0
39,151,4
40,151,4
41,151,0
42,151,0
43,151,4
44,151,4
45,151,0
46,151,0
47,151,4
48,151,4
49,151,0
50,151,0
51,151,4
52,151,4
53,151,0
54,151,0
55,151,4
56,151,4
57,151,0
58,151,0
59,151,4
60,151,4
61,151,0
62,151,0
63,151,4
64,151,4
65,151,0
66,151,0
67,151,4
68,151,4
69,151,0
70,151,0
71,151,4
72,151,4
73,151,0
74,151,0
75,151,4
76,151,4
77,151,0
78,151,0
79,151,4
80,151,4
81,151,0
82,151,0
83,151,4
84,151,4
85,151,0
86,151,0
87,151,4
88,151,4
89,151,0
90,151,0
91,151,4
92,151,4
93,151,0
94,151,0
95,151,4
96,151,4
97,151,0
98,151,0
99,151,4
100,151,4
101,151,0
102,151,0
103,151,4
104,151,4
105,151,0
106,151,0
107,151,5
108,151,5
109,151,0
110,151,0
111,151,5
112,151,5
113,151,0
114,151,0
115,151,5
116,151,5
117,151,0
118,151,0
119,151,5
120,151,5
121,151,0
122,151,0
123,151,5
124,151,5
125,151,0
126,151,0
127,151,5
128,151,5
129,151,0
130,151,0
131,151,5
132,151,5
133,151,0
134,151,0
135,151,5
136,151,5
137,151,0
138,151,0
139,151,5
140,151,5
141,151,0
142,151,0
143,151,5
144,151,5
145,151,0
146,151,0
147,151,5
148,151,5
149,151,0
150,151,0
151,151,5
152,151,4
153,151,0
154,151,0
155,151,4
156,151,4
157,151,0
158,151,0
159,151,4
160,151,4
161,151,0
162,151,0
163,151,4
164,151,4
165,151,0
166,151,0
167,151,4
168,151,4
169,151,0
170,151,0
171,151,4
172,151,4
173,151,0
174,151,0
175,151,4
176,151,4
177,151,0
178,151,0
179,151,4
180,151,4
181,151,0
182,151,0
183,151,4
184,151,4
185,151,0
186,151,0
187,151,4
188,151,4
189,151,0
190,151,0
191,151,4
192,151,4
193,151,0
194,151,0
195,151,4
196,151,4
197,151,0
198,151,0
199,151,4
200,151,4
201,151,0
202,151,0
203,151,4
204,151,4
205,151,0
206,151,0
207,151,4
208,151,4
209,151,0
210,151,0
211,151,4
212,151,4
213,151,0
214,151,0
215,151,4
216,151,4
217,151,0
218,151,0
219,151,4
220,151,4
221,151,0
222,151,0
223,151,4
224,151,4
225,151,0
226,151,0
227,151,5
228,151,5
229,151,0
230,151,0
231,151,5
232,151,5
233,151,0
234,151,0
235,151,5
236,151,5
237,151,0
238,151,0
239,151,5
240,151,5
241,151,0
242,151,0
243,151,5
244,151,5
245,151,0
246,151,0
247,151,4
248,151,4
249,151,0
250,151,0
251,151,4
252,151,4
253,151,0
254,151,0
255,151,4
0,152,4
1,152,0
2,152,0
3,152,4
4,152,4
5,152,0
6,152,0
7,152,4
8,152,4
9,152,0
10,152,0
11,152,4
12,152,4
13,152,0
14,152,0
15,152,5
16,152,5
17,152,0
18,152,0
19,152,5
20,152,5
21,152,0
22,152,0
23,152,5
24,152,5
25,152,0
26,152,0
27,152,5
28,152,4
29,152,0
30,152,0
31,152,4
32,152,4
33,152,0
34,152,0
35,152,4
36,152,4
37,152,0
38,152,0
39,152,4
40,152,4
41,152,0
42,152,0
43,152,4
44,152,4
45,152,0
46,152,0
47,152,4
48,152,4
49,152,0
50,152,0
51,152,4
52,152,4
53,152,0
54,152,0
55,152,4
56,152,4
57,152,0
58,152,0
59,152,4
60,152,4
61,152,0
62,152,0
63,152,4
64,152,4
65,152,0
66,152,0
67,152,4
68,152,4
69,152,0
70,152,0
71,152,4
72,152,4
73,152,0
74,152,0
75,152,4
76,152,4
77,152,0
78,152,0
79,152,4
80,152,4
81,152,0
82,152,0
83,152,4
84,152,4
85,152,0
86,152,0
87,152,4
88,152,4
89,152,0
90,152,0
91,152,4
92,152,4
93,152,0
94,152,0
95,152,4
96,152,4
97,152,0
98,152,0
99,152,4
100,152,4
101,152,0
102,152,0
103,152,4
104,152,4
105,152,0
106,152,0
107,152,5
108,152,5
109,152,0
110,152,0
111,152,5
112,152,5
113,152,0
114,152,0
115,152,5
116,152,5
117,152,0
118,152,0
119,152,5
120,152,5
121,152,0
122,152,0
123,152,5
124,152,5
125,152,0
126,152,0
127,152,5
128,152,5
129,152,0
130,152,0
131,152,5
132,152,5
133,152,0
134,152,0
135,152,5
136,152,5
137,152,0
138,152,0
139,152,5
140,152,5
141,152,0
142,152,0
143,152,5
144,152,5
145,152,0
146,152,0
147,152,5
148,152,5
149,152,0
150,152,0
151,152,4
152,152,4
153,152,0
154,152,0
155,152,4
156,152,4
157,152,0
158,152,0
159,152,4
160,152,4
161,152,0
162,152,0
163,152,4
164,152,4
165,152,0
166,152,0
167,152,4
168,152,4
169,152,0
170,152,0
171,152,4
172,152,4
173,152,0
174,152,0
175,152,4
176,152,4
177,152,0
178,152,0
179,152,4
180,152,4
181,152,0
182,152,0
183,152,4
184,152,4
185,152,0
186,152,0
187,152,4
188,152,4
189,152,0
190,152,0
191,152,4
192,152,4
193,152,0
194,152,0
195,152,4
196,152,4
197,152,0
198,152,0
199,152,4
200,152,4
201,152,0
202,152,0
203,152,4
204,152,4
205,152,0
206,152,0
207,152,4
208,152,4
209,152,0
210,152,0
211,152,4
212,152,4
213,152,0
214,152,0
215,152,4
216,152,4
217,152,0
218,152,0
219,152,4
220,152,4
221,152,0
222,152,0
223,152,4
224,152,4
225,152,0
226,152,0
227,152,4
228,152,4
229,152,0
230,152,0
231,152,5
232,152,5
233,152,0
234,152,0
235,152,5
236,152,5
237,152,0
238,152,0
239,152,5
240,152,5
241,152,0
242,152,0
243,152,5
244,152,4
245,152,0
246,152,0
247,152,4
248,152,4
249,152,0
250,152,0
251,152,4
252,152,4
253,152,0
254,152,0
255,152,4
0,153,4
1,153,0
2,153,0
3,153,4
4,153,4
5,153,0
6,153,0
7,153,4
8,153,4
9,153,0
10,153,0
11,153,4
12,153,4
13,153,0
14,153,0
15,153,5
16,153,5
17,153,0
18,153,0
19,153,5
20,153,5
21,153,0
22,153,0
23,153,5
24,153,5
25,153,0
26,153,0
27,153,4
28,153,4
29,153,0
30,153,0
31,153,4
32,153,4
33,153,0
34,153,0
35,153,4
36,153,4
37,153,0
38,153,0
39,153,4
40,153,4
41,153,0
42,153,0
43,153,4
44,153,4
45,153,0
46,153,0
47,153,4
48,153,4
49,153,0
50,153,0
51,153,4
52,153,4
53,153,0
54,153,0
55,153,4
56,153,4
57,153,0
58,153,0
59,153,4
60,153,4
61,153,0
62,153,0
63,153,4
64,153,4
65,153,0
66,153,0
67,153,4
68,153,4
69,153,0
70,153,0
71,153,4
72,153,4
73,153,0
74,153,0
75,153,4
76,153,4
77,153,0
78,153,0
79,153,4
80,153,4
81,153,0
82,153,0
83,153,4
84,153,4
85,153,0
86,153,0
87,153,4
88,153,4
89,153,0
90,153,0
91,153,4
92,153,4
93,153,0
94,153,0
95,153,4
96,153,4
97,153,0
98,153,0
99,153,4
100,153,4
101,153,0
102,153,0
103,153,4
104,153,4
105,153,0
106,153,0
107,153,5
108,153,5
109,153,0
110,153,0
111,153,5
112,153,5
113,153,0
114,153,0
115,153,5
116,153,5
117,153,0
118,153,0
119,153,5
120,153,5
121,153,0
122,153,0
123,153,5
124,153,5
125,153,0
126,153,0
127,153,5
128,153,5
129,153,0
130,153,0
131,153,5
132,153,5
133,153,0
134,153,0
135,153,5
136,153,5
137,153,0
138,153,0
139,153,5
140,153,5
141,153,0
142,153,0
143,153,5
144,153,5
145,153,0
146,153,0
147,153,5
148,153,5
149,153,0
150,153,0
151,153,4
152,153,4
153,153,0
154,153,0
155,153,4
156,153,4
157,153,0
158,153,0
159,153,4
160,153,4
161,153,0
162,153,0
163,153,4
164,153,4
165,153,0
166,153,0
167,153,4
168,153,4
169,153,0
170,153,0
171,153,4
172,153,4
173,153,0
174,153,0
175,153,4
176,153,4
177,153,0
178,153,0
179,153,4
180,153,4
181,153,0
182,153,0
183,153,4
184,153,4
185,153,0
186,153,0
187,153,4
188,153,4
189,153,0
190,153,0
191,153,4
192,153,4
193,153,0
194,153,0
195,153,4
196,153,4
197,153,0
198,153,0
199,153,4
200,153,4
201,153,0
202,153,0
203,153,4
204,153,4
205,153,0
206,153,0
207,153,4
208,153,4
209,153,0
210,153,0
211,153,4
212,153,4
213,153,0
214,153,0
215,153,4
216,153,4
217,153,0
218,153,0
219,153,4
220,153,4
221,153,0
222,153,0
223,153,4
224,153,4
225,153,0
226,153,0
227,153,4
228,153,4
229,153,0
230,153,0
231,153,5
232,153,5
233,153,0
234,153,0
235,153,5
236,153,5
237,153,0
238,153,0
239,153,5
240,153,5
241,153,0
242,153,0
243,153,5
244,153,4
245,153,0
246,153,0
247,153,4
248,153,4
249,153,0
250,153,0
251,153,4
252,153,4
253,153,0
254,153,0
255,153,4
0,154,4
1,154,0
2,154,0
3,154,4
4,154,4
5,154,0
6,154,0
7,154,4
8,154,4
9,154,0
10,154,0
11,154,4
12,154,4
13,154,0
14,154,0
15,154,5
16,154,5
17,154,0
18,154,0
19,154,5
20,154,5
21,154,0
22,154,0
23,154,5
24,154,5
25,154,0
26,154,0
27,154,4
28,154,4
29,154,0
30,154,0
31,154,4
32,154,4
33,154,0
34,154,0
35,154,4
36,154,4
37,154,0
38,154,0
39,154,4
40,154,4
41,154,0
42,154,0
43,154,4
44,154,4
45,154,0
46,154,0
47,154,4
48,154,4
49,154,0
50,154,0
51,154,4
52,154,4
53,154,0
54,154,0
55,154,4
56,154,4
57,154,0
58,154,0
59,154,4
60,154,4
61,154,0
62,154,0
63,154,4
64,154,4
65,154,0
66,154,0
67,154,4
68,154,4
69,154,0
70,154,0
71,154,4
72,154,4
73,154,0
74,154,0
75,154,4
76,154,4
77,154,0
78,154,0
79,154,4
80,154,4
81,154,0
82,154,0
83,154,4
84,154,4
85,154,0
86,154,0
87,154,4
88,154,4
89,154,0
90,154,0
91,154,4
92,154,4
93,154,0
94,154,0
95,154,4
96,154,4
97,154,0
98,154,0
99,154,4
100,154,4
101,154,0
102,154,0
103,154,4
104,154,4
105,154,0
106,154,0
107,154,5
108,154,5
109,154,0
110,154,0
111,154,5
112,154,5
113,154,0
114,154,0
115,154,5
116,154,5
117,154,0
118,154,0
119,154,5
120,154,5
121,154,0
122,154,0
123,154,5
124,154,5
125,154,0
126,154,0
127,154,5
128,154,5
129,154,0
130,154,0
131,154,5
132,154,5
133,154,0
134,154,0
135,154,5
136,154,5
137,154,0
138,154,0
139,154,5
140,154,5
141,154,0
142,154,0
143,154,5
144,154,5
145,154,0
146,154,0
147,154,5
148,154,5
149,154,0
150,154,0
151,154,4
152,154,4
153,154,0
154,154,0
155,154,4
156,154,4
157,154,0
158,154,0
159,154,4
160,154,4
161,154,0
162,154,0
163,154,4
164,154,4
165,154,0
166,154,0
167,154,4
168,154,4
169,154,0
170,154,0
171,154,4
172,154,4
173,154,0
174,154,0
175,154,4
176,154,4
177,154,0
178,154,0
179,154,4
180,154,4
181,154,0
182,154,0
183,154,4
184,154,4
185,154,0
186,154,0
187,154,4
188,154,4
189,154,0
190,154,0
191,154,4
192,154,4
193,154,0
194,154,0
195,154,4
196,154,4
197,154,0
198,154,0
199,154,4
200,154,4
201,154,0
202,154,0
203,154,4
204,154,4
205,154,0
206,154,0
207,154,4
208,154,4
209,154,0
210,154,0
211,154,4
212,154,4
213,154,0
214,154,0
215,154,4
216,154,4
217,154,0
218,154,0
219,154,4
220,154,4
221,154,0
222,154,0
223,154,4
224,154,4
225,154,0
226,154,0
227,154,4
228,154,4
229,154,0
230,154,0
231,154,4
232,154,5
233,154,0
234,154,0
235,154,5
236,154,5
237,154,0
238,154,0
239,154,5
240,154,5
241,154,0
242,154,0
243,154,4
244,154,4
245,154,0
246,154,0
247,154,4
248,154,4
249,154,0
250,154,0
251,154,4
252,154,4
253,154,0
254,154,0
255,154,4
0,155,4
1,155,0
2,155,0
3,155,4
4,155,4
5,155,0
6,155,0
7,155,4
8,155,4
9,155,0
10,155,0
11,155,4
12,155,4
13,155,0
14,155,0
15,155,5
16,155,5
17,155,0
18,155,0
19,155,5
20,155,5
21,155,0
22,155,0
23,155,5
24,155,4
25,155,0
26,155,0
27,155,4
28,155,4
29,155,0
30,155,0
31,155,4
32,155,4
33,155,0
34,155,0
35,155,4
36,155,4
37,155,0
38,155,0
39,155,4
40,155,4
41,155,0
42,155,0
43,155,4
44,155,4
45,155,0
46,155,0
47,155,4
48,155,4
49,155,0
50,155,0
51,155,4
52,155,4
53,155,0
54,155,0
55,155,4
56,155,4
57,155,0
58,155,0
59,155,4
60,155,4
61,155,0
62,155,0
63,155,4
64,155,4
65,155,0
66,155,0
67,155,4
68,155,4
69,155,0
70,155,0
71,155,4
72,155,4
73,155,0
74,155,0
75,155,4
76,155,4
77,155,0
78,155,0
79,155,4
80,155,4
81,155,0
82,155,0
83,155,4
84,155,4
85,155,0
86,155,0
87,155,4
88,155,4
89,155,0
90,155,0
91,155,4
92,155,4
93,155,0
94,155,0
95,155,4
96,155,4
97,155,0
98,155,0
99,155,4
100,155,4
101,155,0
102,155,0
103,155,4
104,155,4
105,155,0
106,155,0
107,155,4
108,155,5
109,155,0
110,155,0
111,155,5
112,155,5
113,155,0
114,155,0
115,155,5
116,155,5
117,155,0
118,155,0
119,155,5
120,155,5
121,155,0
122,155,0
123,155,5
124,155,5
125,155,0
126,155,0
127,155,5
128,155,5
129,155,0
130,155,0
131,155,5
132,155,5
133,155,0
134,155,0
135,155,5
136,155,5
137,155,0
138,155,0
139,155,5
140,155,5
141,155,0
142,155,0
143,155,5
144,155,5
145,155,0
146,155,0
147,155,5
148,155,5
149,155,0
150,155,0
151,155,4
152,155,4
153,155,0
154,155,0
155,155,4
156,155,4
157,155,0
158,155,0
159,155,4
160,155,4
161,155,0
162,155,0
163,155,4
164,155,4
165,155,0
166,155,0
167,155,4
168,155,4
169,155,0
170,155,0
171,155,4
172,155,4
173,155,0
174,155,0
175,155,4
176,155,4
177,155,0
178,155,0
179,155,4
180,155,4
181,155,0
182,155,0
183,155,4
184,155,4
185,155,0
186,155,0
187,155,4
188,155,4
189,155,0
190,155,0
191,155,4
192,155,4
193,155,0
194,155,0
195,155,4
196,155,4
197,155,0
198,155,0
199,155,4
200,155,4
201,155,0
202,155,0
203,155,4
204,155,4
205,155,0
206,155,0
207,155,4
208,155,4
209,155,0
210,155,0
211,155,4
212,155,4
213,155,0
214,155,0
215,155,4
216,155,4
217,155,0
218,155,0
219,155,4
220,155,4
221,155,0
222,155,0
223,155,4
224,155,4
225,155,0
226,155,0
227,155,4
228,155,4
229,155,0
230,155,0
231,155,4
232,155,4
233,155,0
234,155,0
235,155,5
236,155,5
237,155,0
238,155,0
239,155,5
240,155,5
241,155,0
242,155,0
243,155,4
244,155,4
245,155,0
246,155,0
247,155,4
248,155,4
249,155,0
250,155,0
251,155,4
252,155,4
253,155,0
254,155,0
255,155,4
0,156,4
1,156,0
2,156,0
3,156,4
4,156,4
5,156,0
6,156,0
7,156,4
8,156,4
9,156,0
10,156,0
11,156,4
12,156,4
13,156,0
14,156,0
15,156,5
16,156,5
17,156,0
18,156,0
19,156,5
20,156,5
21,156,0
22,156,0
23,156,4
24,156,4
25,156,0
26,156,0
27,156,4
28,156,4
29,156,0
30,156,0
31,156,4
32,156,4
33,156,0
34,156,0
35,156,4
36,156,4
37,156,0
38,156,0
39,156,4
40,156,4
41,156,0
42,156,0
43,156,4
44,156,4
45,156,0
46,156,0
47,156,4
48,156,4
49,156,0
50,156,0
51,156,4
52,156,4
53,156,0
54,156,0
55,156,4
56,156,4
57,156,0
58,156,0
59,156,4
60,156,4
61,156,0
62,156,0
63,156,4
64,156,4
65,156,0
66,156,0
67,156,4
68,156,4
69,156,0
70,156,0
71,156,4
72,156,4
73,156,0
74,156,0
75,156,4
76,156,4
77,156,0
78,156,0
79,156,4
80,156,4
81,156,0
82,156,0
83,156,4
84,156,4
85,156,0
86,156,0
87,156,4
88,156,4
89,156,0
90,156,0
91,156,4
92,156,4
93,156,0
94,156,0
95,156,4
96,156,4
97,156,0
98,156,0
99,156,4
100,156,4
101,156,0
102,156,0
103,156,4
104,156,4
105,156,0
106,156,0
107,156,4
108,156,5
109,156,0
110,156,0
111,156,5
112,156,5
113,156,0
114,156,0
115,156,5
116,156,5
117,156,0
118,156,0
119,156,5
120,156,5
121,156,0
122,156,0
123,156,5
124,156,5
125,156,0
126,156,0
127,156,5
128,156,5
129,156,0
130,156,0
131,156,5
132,156,5
133,156,0
134,156,0
135,156,5
136,156,5
137,156,0
138,156,0
139,156,5
140,156,5
141,156,0
142,156,0
143,156,5
144,156,5
145,156,0
146,156,0
147,156,5
148,156,5
149,156,0
150,156,0
151,156,4
152,156,4
153,156,0
154,156,0
155,156,4
156,156,4
157,156,0
158,156,0
159,156,4
160,156,4
161,156,0
162,156,0
163,156,4
164,156,4
165,156,0
166,156,0
167,156,4
168,156,4
169,156,0
170,156,0
171,156,4
172,156,4
173,156,0
174,156,0
175,156,4
176,156,4
177,156,0
178,156,0
179,156,4
180,156,4
181,156,0
182,156,0
183,156,4
184,156,4
185,156,0
186,156,0
187,156,4
188,156,4
189,156,0
190,156,0
191,156,4
192,156,4
193,156,0
194,156,0
195,156,4
196,156,4
197,156,0
198,156,0
199,156,4
200,156,4
201,156,0
202,156,0
203,156,4
204,156,4
205,156,0
206,156,0
207,156,4
208,156,4
209,156,0
210,156,0
211,156,4
212,156,4
213,156,0
214,156,0
215,156,4
216,156,4
217,156,0
218,156,0
219,156,4
220,156,4
221,156,0
222,156,0
223,156,4
224,156,4
225,156,0
226,156,0
227,156,4
228,156,4
229,156,0
230,156,0
231,156,4
232,156,4
233,156,0
234,156,0
235,156,5
236,156,5
237,156,0
238,156,0
239,156,5
240,156,5
241,156,0
242,156,0
243,156,4
244,156,4
245,156,0
246,156,0
247,156,4
248,156,4
249,156,0
250,156,0
251,156,4
252,156,4
253,156,0
254,156,0
255,156,4
0,157,4
1,157,0
2,157,0
3,157,4
4,157,4
5,157,0
6,157,0
7,157,4
8,157,4
9,157,0
10,157,0
11,157,4
12,157,4
13,157,0
14,157,0
15,157,5
16,157,5
17,157,0
18,157,0
19,157,5
20,157,5
21,157,0
22,157,0
23,157,4
24,157,4
25,157,0
26,157,0
27,157,4
28,157,4
29,157,0
30,157,0
31,157,4
32,157,4
33,157,0
34,157,0
35,157,4
36,157,4
37,157,0
38,157,0
39,157,4
40,157,4
41,157,0
42,157,0
43,157,4
44,157,4
45,157,0
46,157,0
47,157,4
48,157,4
49,157,0
50,157,0
51,157,4
52,157,4
53,157,0
54,157,0
55,157,4
56,157,4
57,157,0
58,157,0
59,157,4
60,157,4
61,157,0
62,157,0
63,157,4
64,157,4
65,157,0
66,157,0
67,157,4
68,157,4
69,157,0
70,157,0
71,157,4
72,157,4
73,157,0
74,157,0
75,157,4
76,157,4
77,157,0
78,157,0
79,157,4
80,157,4
81,157,0
82,157,0
83,157,4
84,157,4
85,157,0
86,157,0
87,157,4
88,157,4
89,157,0
90,157,0
91,157,4
92,157,4
93,157,0
94,157,0
95,157,4
96,157,4
97,157,0
98,157,0
99,157,4
100,157,4
101,157,0
102,157,0
103,157,4
104,157,4
105,157,0
106,157,0
107,157,4
108,157,4
109,157,0
110,157,0
111,157,5
112,157,5
113,157,0
114,157,0
115,157,5
116,157,5
117,157,0
118,157,0
119,157,5
120,157,5
121,157,0
122,157,0
123,157,5
124,157,5
125,157,0
126,157,0
127,157,5
128,157,5
129,157,0
130,157,0
131,157,5
132,157,5
133,157,0
134,157,0
135,157,5
136,157,5
137,157,0
138,157,0
139,157,5
140,157,5
141,157,0
142,157,0
143,157,5
144,157,5
145,157,0
146,157,0
147,157,5
148,157,4
149,157,0
150,157,0
151,157,4
152,157,4
153,157,0
154,157,0
155,157,4
156,157,4
157,157,0
158,157,0
159,157,4
160,157,4
161,157,0
162,157,0
163,157,4
164,157,4
165,157,0
166,157,0
167,157,4
168,157,4
169,157,0
170,157,0
171,157,4
172,157,4
173,157,0
174,157,0
175,157,4
176,157,4
177,157,0
178,157,0
179,157,4
180,157,4
181,157,0
182,157,0
183,157,4
184,157,4
185,157,0
186,157,0
187,157,4
188,157,4
189,157,0
190,157,0
191,157,4
192,157,4
193,157,0
194,157,0
195,157,4
196,157,4
197,157,0
198,157,0
199,157,4
200,157,4
201,157,0
202,157,0
203,157,4
204,157,4
205,157,0
206,157,0
207,157,4
208,157,4
209,157,0
210,157,0
211,157,4
212,157,4
213,157,0
214,157,0
215,157,4
216,157,4
217,157,0
218,157,0
219,157,4
220,157,4
221,157,0
222,157,0
223,157,4
224,157,4
225,157,0
226,157,0
227,157,4
228,157,4
229,157,0
230,157,0
231,157,4
232,157,4
233,157,0
234,157,0
235,157,4
236,157,5
237,157,0
238,157,0
239,157,5
240,157,5
241,157,0
242,157,0
243,157,4
244,157,4
245,157,0
246,157,0
247,157,4
248,157,4
249,157,0
250,157,0
251,157,4
252,157,4
253,157,0
254,157,0
255,157,4
0,158,4
1,158,0
2,158,0
3,158,4
4,158,4
5,158,0
6,158,0
7,158,4
8,158,4
9,158,0
10,158,0
11,158,4
12,158,4
13,158,0
14,158,0
15,158,5
16,158,5
17,158,0
18,158,0
19,158,5
20,158,4
21,158,0
22,158,0
23,158,4
24,158,4
25,158,0
26,158,0
27,158,4
28,158,4
29,158,0
30,158,0
31,158,4
32,158,4
33,158,0
34,158,0
35,158,4
36,158,4
37,158,0
38,158,0
39,158,4
40,158,4
41,158,0
42,158,0
43,158,4
44,158,4
45,158,0
46,158,0
47,158,4
48,158,4
49,158,0
50,158,0
51,158,4
52,158,4
53,158,0
54,158,0
55,158,4
56,158,4
57,158,0
58,158,0
59,158,4
60,158,4
61,158,0
62,158,0
63,158,4
64,158,4
65,158,0
66,158,0
67,158,4
68,158,4
69,158,0
70,158,0
71,158,4
72,158,4
73,158,0
74,158,0
75,158,4
76,158,4
77,158,0
78,158,0
79,158,4
80,158,4
81,158,0
82,158,0
83,158,4
84,158,4
85,158,0
86,158,0
87,158,4
88,158,4
89,158,0
90,158,0
91,158,4
92,158,4
93,158,0
94,158,0
95,158,4
96,158,4
97,158,0
98,158,0
99,158,4
100,158,4
101,158,0
102,158,0
103,158,4
104,158,4
105,158,0
106,158,0
107,158,4
108,158,4
109,158,0
110,158,0
111,158,5
112,158,5
113,158,0
114,158,0
115,158,5
116,158,5
117,158,0
118,158,0
119,158,5
120,158,5
121,158,0
122,158,0
123,158,5
124,158,5
125,158,0
126,158,0
127,158,5
128,158,5
129,158,0
130,158,0
131,158,5
132,158,5
133,158,0
134,158,0
135,158,5
136,158,5
137,158,0
138,158,0
139,158,5
140,158,5
141,158,0
142,158,0
143,158,5
144,158,5
145,158,0
146,158,0
147,158,5
148,158,4
149,158,0
150,158,0
151,158,4
152,158,4
153,158,0
154,158,0
155,158,4
156,158,4
157,158,0
158,158,0
159,158,4
160,158,4
161,158,0
162,158,0
163,158,4
164,158,4
165,158,0
166,158,0
167,158,4
168,158,4
169,158,0
170,158,0
171,158,4
172,158,4
173,158,0
174,158,0
175,158,4
176,158,4
177,158,0
178,158,0
179,158,4
180,158,4
181,158,0
182,158,0
183,158,4
184,158,4
185,158,0
186,158,0
187,158,4
188,158,4
189,158,0
190,158,0
191,158,4
192,158,4
193,158,0
194,158,0
195,158,4
196,158,4
197,158,0
198,158,0
199,158,4
200,158,4
201,158,0
202,158,0
203,158,4
204,158,4
205,158,0
206,158,0
207,158,4
208,158,4
209,158,0
210,158,0
211,158,4
212,158,4
213,158,0
214,158,0
215,158,4
216,158,4
217,158,0
218,158,0
219,158,4
220,158,4
221,158,0
222,158,0
223,158,4
224,158,4
225,158,0
226,158,0
227,158,4
228,158,4
229,158,0
230,158,0
231,158,4
232,158,4
233,158,0
234,158,0
235,158,4
236,158,4
237,158,0
238,158,0
239,158,5
240,158,5
241,158,0
242,158,0
243,158,4
244,158,4
245,158,0
246,158,0
247,158,4
248,158,4
249,158,0
250,158,0
251,158,4
252,158,4
253,158,0
254,158,0
255,158,4
0,159,4
1,159,0
2,159,0
3,159,4
4,159,4
5,159,0
6,159,0
7,159,4
8,159,4
9,159,0
10,159,0
11,159,4
12,159,4
13,159,0
14,159,0
15,159,5
16,159,5
17,159,0
18,159,0
19,159,4
20,159,4
21,159,0
22,159,0
23,159,4
24,159,4
25,159,0
26,159,0
27,159,4
28,159,4
29,159,0
30,159,0
31,159,4
32,159,4
33,159,0
34,159,0
35,159,4
36,159,4
37,159,0
38,159,0
39,159,4
40,159,4
41,159,0
42,159,0
43,159,4
44,159,4
45,159,0
46,159,0
47,159,4
48,159,4
49,159,0
50,159,0
51,159,4
52,159,4
53,159,0
54,159,0
55,159,4
56,159,4
57,159,0
58,159,0
59,159,4
60,159,4
61,159,0
62,159,0
63,159,4
64,159,4
65,159,0
66,159,0
67,159,4
68,159,4
69,159,0
70,159,0
71,159,4
72,159,4
73,159,0
74,159,0
75,159,4
76,159,4
77,159,0
78,159,0
79,159,4
80,159,4
81,159,0
82,159,0
83,159,4
84,159,4
85,159,0
86,159,0
87,159,4
88,159,4
89,159,0
90,159,0
91,159,4
92,159,4
93,159,0
94,159,0
95,159,4
96,159,4
97,159,0
98,159,0
99,159,4
100,159,4
101,159,0
102,159,0
103,159,4
104,159,4
105,159,0
106,159,0
107,159,4
108,159,4
109,159,0
110,159,0
111,159,5
112,159,5
113,159,0
114,159,0
115,159,5
116,159,5
117,159,0
118,159,0
119,159,5
120,159,5
121,159,0
122,159,0
123,159,5
124,159,5
125,159,0
126,159,0
127,159,5
128,159,5
129,159,0
130,159,0
131,159,5
132,159,5
133,159,0
134,159,0
135,159,5
136,159,5
137,159,0
138,159,0
139,159,5
140,159,5
141,159,0
142,159,0
143,159,5
144,159,5
145,159,0
146,159,0
147,159,4
148,159,4
149,159,0
150,159,0
151,159,4
152,159,4
153,159,0
154,159,0
155,159,4
156,159,4
157,159,0
158,159,0
159,159,4
160,159,4
161,159,0
162,159,0
163,159,4
164,159,4
165,159,0
166,159,0
167,159,4
168,159,4
169,159,0
170,159,0
171,159,4
172,159,4
173,159,0
174,159,0
175,159,4
176,159,4
177,159,0
178,159,0
179,159,4
180,159,4
181,159,0
182,159,0
183,159,4
184,159,4
185,159,0
186,159,0
187,159,4
188,159,4
189,159,0
190,159,0
191,159,4
192,159,4
193,159,0
194,159,0
195,159,4
196,159,4
197,159,0
198,159,0
199,159,4
200,159,4
201,159,0
202,159,0
203,159,4
204,159,4
205,159,0
206,159,0
207,159,4
208,159,4
209,159,0
210,159,0
211,159,4
212,159,4
213,159,0
214,159,0
215,159,4
216,159,4
217,159,0
218,159,0
219,159,4
220,159,4
221,159,0
222,159,0
223,159,4
224,159,4
225,159,0
226,159,0
227,159,4
228,159,4
229,159,0
230,159,0
231,159,4
232,159,4
233,159,0
234,159,0
235,159,4
236,159,4
237,159,0
238,159,0
239,159,5
240,159,5
241,159,0
242,159,0
243,159,4
244,159,4
245,159,0
246,159,0
247,159,4
248,159,4
249,159,0
250,159,0
251,159,4
252,159,4
253,159,0
254,159,0
255,159,4
0,160,4
1,160,0
2,160,0
3,160,4
4,160,4
5,160,0
6,160,0
7,160,4
8,160,4
9,160,0
10,160,0
11,160,4
12,160,4
13,160,0
14,160,0
15,160,4
16,160,5
17,160,0
18,160,0
19,160,4
20,160,4
21,160,0
22,160,0
23,160,4
24,160,4
25,160,0
26,160,0
27,160,4
28,160,4
29,160,0
30,160,0
31,160,4
32,160,4
33,160,0
34,160,0
35,160,4
36,160,4
37,160,0
38,160,0
39,160,4
40,160,4
41,160,0
42,160,0
43,160,4
44,160,4
45,160,0
46,160,0
47,160,4
48,160,4
49,160,0
50,160,0
51,160,4
52,160,4
53,160,0
54,160,0
55,160,4
56,160,4
57,160,0
58,160,0
59,160,4
60,160,4
61,160,0
62,160,0
63,160,4
64,160,4
65,160,0
66,160,0
67,160,4
68,160,4
69,160,0
70,160,0
71,160,4
72,160,4
73,160,0
74,160,0
75,160,4
76,160,4
77,160,0
78,160,0
79,160,4
80,160,4
81,160,0
82,160,0
83,160,4
84,160,4
85,160,0
86,160,0
87,160,4
88,160,4
89,160,0
90,160,0
91,160,4
92,160,4
93,160,0
94,160,0
95,160,4
96,160,4
97,160,0
98,160,0
99,160,4
100,160,4
101,160,0
102,160,0
103,160,4
104,160,4
105,160,0
106,160,0
107,160,4
108,160,4
109,160,0
110,160,0
111,160,5
112,160,5
113,160,0
114,160,0
115,160,5
116,160,5
117,160,0
118,160,0
119,160,5
120,160,5
121,160,0
122,160,0
123,160,5
124,160,5
125,160,0
126,160,0
127,160,5
128,160,5
129,160,0
130,160,0
131,160,5
132,160,5
133,160,0
134,160,0
135,160,5
136,160,5
137,160,0
138,160,0
139,160,5
140,160,5
141,160,0
142,160,0
143,160,5
144,160,5
145,160,0
146,160,0
147,160,4
148,160,4
149,160,0
150,160,0
151,160,4
152,160,4
153,160,0
154,160,0
155,160,4
156,160,4
157,160,0
158,160,0
159,160,4
160,160,4
161,160,0
162,160,0
163,160,4
164,160,4
165,160,0
166,160,0
167,160,4
168,160,4
169,160,0
170,160,0
171,160,4
172,160,4
173,160,0
174,160,0
175,160,4
176,160,4
177,160,0
178,160,0
179,160,4
180,160,4
181,160,0
182,160,0
183,160,4
184,160,4
185,160,0
186,160,0
187,160,4
188,160,4
189,160,0
190,160,0
191,160,4
192,160,4
193,160,0
194,160,0
195,160,4
196,160,4
197,160,0
198,160,0
199,160,4
200,160,4
201,160,0
202,160,0
203,160,4
204,160,4
205,160,0
206,160,0
207,160,4
208,160,4
209,160,0
210,160,0
211,160,4
212,160,4
213,160,0
214,160,0
215,160,4
216,160,4
217,160,0
218,160,0
219,160,4
220,160,4
221,160,0
222,160,0
223,160,4
224,160,4
225,160,0
226,160,0
227,160,4
228,160,4
229,160,0
230,160,0
231,160,4
232,160,4
233,160,0
234,160,0
235,160,4
236,160,4
237,160,0
238,160,0
239,160,5
240,160,5
241,160,0
242,160,0
243,160,4
244,160,4
245,160,0
246,160,0
247,160,4
248,160,4
249,160,0
250,160,0
251,160,4
252,160,4
253,160,0
254,160,0
255,160,4
0,161,4
1,161,0
2,161,0
3,161,4
4,161,4
5,161,0
6,161,0
7,161,4
8,161,4
9,161,0
10,161,0
11,161,4
12,161,4
13,161,0
14,161,0
15,161,4
16,161,4
17,161,0
18,161,0
19,161,4
20,161,4
21,161,0
22,161,0
23,161,4
24,161,4
25,161,0
26,161,0
27,161,4
28,161,4
29,161,0
30,161,0
31,161,4
32,161,4
33,161,0
34,161,0
35,161,4
36,161,4
37,161,0
38,161,0
39,161,4
40,161,4
41,161,0
42,161,0
43,161,4
44,161,4
45,161,0
46,161,0
47,161,4
48,161,4
49,161,0
50,161,0
51,161,4
52,161,4
53,161,0
54,161,0
55,161,4
56,161,4
57,161,0
58,161,0
59,161,4
60,161,4
61,161,0
62,161,0
63,161,4
64,161,4
65,161,0
66,161,0
67,161,4
68,161,4
69,161,0
70,161,0
71,161,4
72,161,4
73,161,0
74,161,0
75,161,4
76,161,4
77,161,0
78,161,0
79,161,4
80,161,4
81,161,0
82,161,0
83,161,4
84,161,4
85,161,0
86,161,0
87,161,4
88,161,4
89,161,0
90,161,0
91,161,4
92,161,4
93,161,0
94,161,0
95,161,4
96,161,4
97,161,0
98,161,0
99,161,4
100,161,4
101,161,0
102,161,0
103,161,4
104,161,4
105,161,0
106,161,0
107,161,4
108,161,4
109,161,0
110,161,0
111,161,5
112,161,5
113,161,0
114,161,0
115,161,5
116,161,5
117,161,0
118,161,0
119,161,5
120,161,5
121,161,0
122,161,0
123,161,5
124,161,5
125,161,0
126,161,0
127,161,5
128,161,5
129,161,0
130,161,0
131,161,5
132,161,5
133,161,0
134,161,0
135,161,5
136,161,5
137,161,0
138,161,0
139,161,5
140,161,5
141,161,0
142,161,0
143,161,5
144,161,5
145,161,0
146,161,0
147,161,4
148,161,4
149,161,0
150,161,0
151,161,4
152,161,4
153,161,0
154,161,0
155,161,4
156,161,4
157,161,0
158,161,0
159,161,4
160,161,4
161,161,0
162,161,0
163,161,4
164,161,4
165,161,0
166,161,0
167,161,4
168,161,4
169,161,0
170,161,0
171,161,4
172,161,4
173,161,0
174,161,0
175,161,4
176,161,4
177,161,0
178,161,0
179,161,4
180,161,4
181,161,0
182,161,0
183,161,4
184,161,4
185,161,0
186,161,0
187,161,4
188,161,4
189,161,0
190,161,0
191,161,4
192,161,4
193,161,0
194,161,0
195,161,4
196,161,4
197,161,0
198,161,0
199,161,4
200,161,4
201,161,0
202,161,0
203,161,4
204,161,4
205,161,0
206,161,0
207,161,4
208,161,4
209,161,0
210,161,0
211,161,4
212,161,4
213,161,0
214,161,0
215,161,4
216,161,4
217,161,0
218,161,0
219,161,4
220,161,4
221,161,0
222,161,0
223,161,4
224,161,4
225,161,0
226,161,0
227,161,4
228,161,4
229,161,0
230,161,0
231,161,4
232,161,4
233,161,0
234,161,0
235,161,4
236,161,4
237,161,0
238,161,0
239,161,4
240,161,4
241,161,0
242,161,0
243,161,4
244,161,4
245,161,0
246,161,0
247,161,4
248,161,4
249,161,0
250,161,0
251,161,4
252,161,4
253,161,0
254,161,0
255,161,4
0,162,3
1,162,0
2,162,0
3,162,4
4,162,4
5,162,0
6,162,0
7,162,4
8,162,4
9,162,0
10,162,0
11,162,4
12,162,4
13,162,0
14,162,0
15,162,4
16,162,4
17,162,0
18,162,0
19,162,4
20,162,4
21,162,0
22,162,0
23,162,4
24,162,4
25,162,0
26,162,0
27,162,4
28,162,4
29,162,0
30,162,0
31,162,4
32,162,4
33,162,0
34,162,0
35,162,4
36,162,4
37,162,0
38,162,0
39,162,4
40,162,4
41,162,0
42,162,0
43,162,4
44,162,4
45,162,0
46,162,0
47,162,4
48,162,4
49,162,0
50,162,0
51,162,4
52,162,4
53,162,0
54,162,0
55,162,4
56,162,4
57,162,0
58,162,0
59,162,4
60,162,4
61,162,0
62,162,0
63,162,4
64,162,4
65,162,0
66,162,0
67,162,4
68,162,4
69,162,0
70,162,0
71,162,4
72,162,4
73,162,0
74,162,0
75,162,4
76,162,4
77,162,0
78,162,0
79,162,4
80,162,4
81,162,0
82,162,0
83,162,4
84,162,4
85,162,0
86,162,0
87,162,4
88,162,4
89,162,0
90,162,0
91,162,4
92,162,4
93,162,0
94,162,0
95,162,4
96,162,4
97,162,0
98,162,0
99,162,4
100,162,4
101,162,0
102,162,0
103,162,4
104,162,4
105,162,0
106,162,0
107,162,4
108,162,4
109,162,0
110,162,0
111,162,5
112,162,5
113,162,0
114,162,0
115,162,5
116,162,5
117,162,0
118,162,0
119,162,5
120,162,5
121,162,0
122,162,0
123,162,5
124,162,5
125,162,0
126,162,0
127,162,5
128,162,5
129,162,0
130,162,0
131,162,5
132,162,5
133,162,0
134,162,0
135,162,5
136,162,5
137,162,0
138,162,0
139,162,5
140,162,5
141,162,0
142,162,0
143,162,5
144,162,5
145,162,0
146,162,0
147,162,4
148,162,4
149,162,0
150,162,0
151,162,4
152,162,4
153,162,0
154,162,0
155,162,4
156,162,4
157,162,0
158,162,0
159,162,4
160,162,4
161,162,0
162,162,0
163,162,4
164,162,4
165,162,0
166,162,0
167,162,4
168,162,4
169,162,0
170,162,0
171,162,4
172,162,4
173,162,0
174,162,0
175,162,4
176,162,4
177,162,0
178,162,0
179,162,4
180,162,4
181,162,0
182,162,0
183,162,4
184,162,4
185,162,0
186,162,0
187,162,4
188,162,4
189,162,0
190,162,0
191,162,4
192,162,4
193,162,0
194,162,0
195,162,4
196,162,4
197,162,0
198,162,0
199,162,4
200,162,4
201,162,0
202,162,0
203,162,4
204,162,4
205,162,0
206,162,0
207,162,4
208,162,4
209,162,0
210,162,0
211,162,4
212,162,4
213,162,0
214,162,0
215,162,4
216,162,4
217,162,0
218,162,0
219,162,4
220,162,4
221,162,0
222,162,0
223,162,4
224,162,4
225,162,0
226,162,0
227,162,4
228,162,4
229,162,0
230,162,0
231,162,4
232,162,4
233,162,0
234,162,0
235,162,4
236,162,4
237,162,0
238,162,0
239,162,4
240,162,4
241,162,0
242,162,0
243,162,4
244,162,4
245,162,0
246,162,0
247,162,4
248,162,4
249,162,0
250,162,0
251,162,4
252,162,4
253,162,0
254,162,0
255,162,4
0,163,3
1,163,0
2,163,0
3,163,4
4,163,4
5,163,0
6,163,0
7,163,4
8,163,4
9,163,0
10,163,0
11,163,4
12,163,4
13,163,0
14,163,0
15,163,4
16,163,4
17,163,0
18,163,0
19,163,4
20,163,4
21,163,0
22,163,0
23,163,4
24,163,4
25,163,0
26,163,0
27,163,4
28,163,4
29,163,0
30,163,0
31,163,4
32,163,4
33,163,0
34,163,0
35,163,4
36,163,4
37,163,0
38,163,0
39,163,4
40,163,4
41,163,0
42,163,0
43,163,4
44,163,4
45,163,0
46,163,0
47,163,4
48,163,4
49,163,0
50,163,0
51,163,4
52,163,4
53,163,0
54,163,0
55,163,4
56,163,4
57,163,0
58,163,0
59,163,4
60,163,4
61,163,0
62,163,0
63,163,4
64,163,4
65,163,0
66,163,0
67,163,4
68,163,4
69,163,0
70,163,0
71,163,4
72,163,4
73,163,0
74,163,0
75,163,4
76,163,4
77,163,0
78,163,0
79,163,4
80,163,4
81,163,0
82,163,0
83,163,4
84,163,4
85,163,0
86,163,0
87,163,4
88,163,4
89,163,0
90,163,0
91,163,4
92,163,4
93,163,0
94,163,0
95,163,4
96,163,4
97,163,0
98,163,0
99,163,4
100,163,4
101,163,0
102,163,0
103,163,4
104,163,4
105,163,0
106,163,0
107,163,4
108,163,4
109,163,0
110,163,0
111,163,5
112,163,5
113,163,0
114,163,0
115,163,5
116,163,5
117,163,0
118,163,0
119,163,5
120,163,5
121,163,0
122,163,0
123,163,5
124,163,5
125,163,0
126,163,0
127,163,5
128,163,5
129,163,0
130,163,0
131,163,5
132,163,5
133,163,0
134,163,0
135,163,5
136,163,5
137,163,0
138,163,0
139,163,5
140,163,5
141,163,0
142,163,0
143,163,5
144,163,5
145,163,0
146,163,0
147,163,4
148,163,4
149,163,0
150,163,0
151,163,4
152,163,4
153,163,0
154,163,0
155,163,4
156,163,4
157,163,0
158,163,0
159,163,4
160,163,4
161,163,0
162,163,0
163,163,4
164,163,4
165,163,0
166,163,0
167,163,4
168,163,4
169,163,0
170,163,0
171,163,4
172,163,4
173,163,0
174,163,0
175,163,4
176,163,4
177,163,0
178,163,0
179,163,4
180,163,4
181,163,0
182,163,0
183,163,4
184,163,4
185,163,0
186,163,0
187,163,4
188,163,4
189,163,0
190,163,0
191,163,4
192,163,4
193,163,0
194,163,0
195,163,4
196,163,4
197,163,0
198,163,0
199,163,4
200,163,4
201,163,0
202,163,0
203,163,4
204,163,4
205,163,0
206,163,0
207,163,4
208,163,4
209,163,0
210,163,0
211,163,4
212,163,4
213,163,0
214,163,0
215,163,4
216,163,4
217,163,0
218,163,0
219,163,4
220,163,4
221,163,0
222,163,0
223,163,4
224,163,4
225,163,0
226,163,0
227,163,4
228,163,4
229,163,0
230,163,0
231,163,4
232,163,4
233,163,0
234,163,0
235,163,4
236,163,4
237,163,0
238,163,0
239,163,4
240,163,4
241,163,0
242,163,0
243,163,4
244,163,4
245,163,0
246,163,0
247,163,4
248,163,4
249,163,0
250,163,0
251,163,4
252,163,4
253,163,0
254,163,0
255,163,3
0,164,3
1,164,0
2,164,0
3,164,4
4,164,4
5,164,0
6,164,0
7,164,4
8,164,4
9,164,0
10,164,0
11,164,4
12,164,4
13,164,0
14,164,0
15,164,4
16,164,4
17,164,0
18,164,0
19,164,4
20,164,4
21,164,0
22,164,0
23,164,4
24,164,4
25,164,0
26,164,0
27,164,4
28,164,4
29,164,0
30,164,0
31,164,4
32,164,4
33,164,0
34,164,0
35,164,4
36,164,4
37,164,0
38,164,0
39,164,4
40,164,4
41,164,0
42,164,0
43,164,4
44,164,4
45,164,0
46,164,0
47,164,4
48,164,4
49,164,0
50,164,0
51,164,4
52,164,4
53,164,0
54,164,0
55,164,4
56,164,4
57,164,0
58,164,0
59,164,4
60,164,4
61,164,0
62,164,0
63,164,4
64,164,4
65,164,0
66,164,0
67,164,4
68,164,4
69,164,0
70,164,0
71,164,4
72,164,4
73,164,0
74,164,0
75,164,4
76,164,4
77,164,0
78,164,0
79,164,4
80,164,4
81,164,0
82,164,0
83,164,4
84,164,4
85,164,0
86,164,0
87,164,4
88,164,4
89,164,0
90,164,0
91,164,4
92,164,4
93,164,0
94,164,0
95,164,4
96,164,4
97,164,0
98,164,0
99,164,4
100,164,4
101,164,0
102,164,0
103,164,4
104,164,4
105,164,0
106,164,0
107,164,4
108,164,4
109,164,0
110,164,0
111,164,4
112,164,5
113,164,0
114,164,0
115,164,5
116,164,5
117,164,0
118,164,0
119,164,5
120,164,5
121,164,0
122,164,0
123,164,5
124,164,5
125,164,0
126,164,0
127,164,5
128,164,5
129,164,0
130,164,0
131,164,5
132,164,5
133,164,0
134,164,0
135,164,5
136,164,5
137,164,0
138,164,0
139,164,5
140,164,5
141,164,0
142,164,0
143,164,5
144,164,5
145,164,0
146,164,0
147,164,4
148,164,4
149,164,0
150,164,0
151,164,4
152,164,4
153,164,0
154,164,0
155,164,4
156,164,4
157,164,0
158,164,0
159,164,4
160,164,4
161,164,0
162,164,0
163,164,4
164,164,4
165,164,0
166,164,0
167,164,4
168,164,4
169,164,0
170,164,0
171,164,4
172,164,4
173,164,0
174,164,0
175,164,4
176,164,4
177,164,0
178,164,0
179,164,4
180,164,4
181,164,0
182,164,0
183,164,4
184,164,4
185,164,0
186,164,0
187,164,4
188,164,4
189,164,0
190,164,0
191,164,4
192,164,4
193,164,0
194,164,0
195,164,4
196,164,4
197,164,0
198,164,0
199,164,4
200,164,4
201,164,0
202,164,0
203,164,4
204,164,4
205,164,0
206,164,0
207,164,4
208,164,4
209,164,0
210,164,0
211,164,4
212,164,4
213,164,0
214,164,0
215,164,4
216,164,4
217,164,0
218,164,0
219,164,4
220,164,4
221,164,0
222,164,0
223,164,4
224,164,4
225,164,0
226,164,0
227,164,4
228,164,4
229,164,0
230,164,0
231,164,4
232,164,4
233,164,0
234,164,0
235,164,4
236,164,4
237,164,0
238,164,0
239,164,4
240,164,4
241,164,0
242,164,0
243,164,4
244,164,4
245,164,0
246,164,0
247,164,4
248,164,4
249,164,0
250,164,0
251,164,4
252,164,4
253,164,0
254,164,0
255,164,3
0,165,3
1,165,0
2,165,0
3,165,3
4,165,4
5,165,0
6,165,0
7,165,4
8,165,4
9,165,0
10,165,0
11,165,4
12,165,4
13,165,0
14,165,0
15,165,4
16,165,4
17,165,0
18,165,0
19,165,4
20,165,4
21,165,0
22,165,0
23,165,4
24,165,4
25,165,0
26,165,0
27,165,4
28,165,4
29,165,0
30,165,0
31,165,4
32,165,4
33,165,0
34,165,0
35,165,4
36,165,4
37,165,0
38,165,0
39,165,4
40,165,4
41,165,0
42,165,0
43,165,4
44,165,4
45,165,0
46,165,0
47,165,4
48,165,4
49,165,0
50,165,0
51,165,4
52,165,4
53,165,0
54,165,0
55,165,4
56,165,4
57,165,0
58,165,0
59,165,4
60,165,4
61,165,0
62,165,0
63,165,4
64,165,4
65,165,0
66,165,0
67,165,4
68,165,4
69,165,0
70,165,0
71,165,4
72,165,4
73,165,0
74,165,0
75,165,4
76,165,4
77,165,0
78,165,0
79,165,4
80,165,4
81,165,0
82,165,0
83,165,4
84,165,4
85,165,0
86,165,0
87,165,4
88,165,4
89,165,0
90,165,0
91,165,4
92,165,4
93,165,0
94,165,0
95,165,4
96,165,4
97,165,0
98,165,0
99,165,4
100,165,4
101,165,0
102,165,0
103,165,4
104,165,4
105,165,0
106,165,0
107,165,4
108,165,4
109,165,0
110,165,0
111,165,4
112,165,5
113,165,0
114,165,0
115,165,5
116,165,5
117,165,0
118,165,0
119,165,5
120,165,5
121,165,0
122,165,0
123,165,5
124,165,5
125,165,0
126,165,0
127,165,5
128,165,5
129,165,0
130,165,0
131,165,5
132,165,5
133,165,0
134,165,0
135,165,5
136,165,5
137,165,0
138,165,0
139,165,5
140,165,5
141,165,0
142,165,0
143,165,5
144,165,5
145,165,0
146,165,0
147,165,4
148,165,4
149,165,0
150,165,0
151,165,4
152,165,4
153,165,0
154,165,0
155,165,4
156,165,4
157,165,0
158,165,0
159,165,4
160,165,4
161,165,0
162,165,0
163,165,4
164,165,4
165,165,0
166,165,0
167,165,4
168,165,4
169,165,0
170,165,0
171,165,4
172,165,4
173,165,0
174,165,0
175,165,4
176,165,4
177,165,0
178,165,0
179,165,4
180,165,4
181,165,0
182,165,0
183,165,4
184,165,4
185,165,0
186,165,0
187,165,4
188,165,4
189,165,0
190,165,0
191,165,4
192,165,4
193,165,0
194,165,0
195,165,4
196,165,4
197,165,0
198,165,0
199,165,4
200,165,4
201,165,0
202,165,0
203,165,4
204,165,4
205,165,0
206,165,0
207,165,4
208,165,4
209,165,0
210,165,0
211,165,4
212,165,4
213,165,0
214,165,0
215,165,4
216,165,4
217,165,0
218,165,0
219,165,4
220,165,4
221,165,0
222,165,0
223,165,4
224,165,4
225,165,0
226,165,0
227,165,4
228,165,4
229,165,0
230,165,0
231,165,4
232,165,4
233,165,0
234,165,0
235,165,4
236,165,4
237,165,0
238,165,0
239,165,4
240,165,4
241,165,0
242,165,0
243,165,4
244,165,4
245,165,0
246,165,0
247,165,4
248,165,4
249,165,0
250,165,0
251,165,4
252,165,4
253,165,0
254,165,0
255,165,3
0,166,3
1,166,0
2,166,0
3,166,3
4,166,3
5,166,0
6,166,0
7,166,4
8,166,4
9,166,0
10,166,0
11,166,4
12,166,4
13,166,0
14,166,0
15,166,4
16,166,4
17,166,0
18,166,0
19,166,4
20,166,4
21,166,0
22,166,0
23,166,4
24,166,4
25,166,0
26,166,0
27,166,4
28,166,4
29,166,0
30,166,0
31,166,4
32,166,4
33,166,0
34,166,0
35,166,4
36,166,4
37,166,0
38,166,0
39,166,4
40,166,4
41,166,0
42,166,0
43,166,4
44,166,4
45,166,0
46,166,0
47,166,4
48,166,4
49,166,0
50,166,0
51,166,4
52,166,4
53,166,0
54,166,0
55,166,4
56,166,4
57,166,0
58,166,0
59,166,4
60,166,4
61,166,0
62,166,0
63,166,4
64,166,4
65,166,0
66,166,0
67,166,4
68,166,4
69,166,0
70,166,0
71,166,4
72,166,4
73,166,0
74,166,0
75,166,4
76,166,4
77,166,0
78,166,0
79,166,4
80,166,4
81,166,0
82,166,0
83,166,4
84,166,4
85,166,0
86,166,0
87,166,4
88,166,4
89,166,0
90,166,0
91,166,4
92,166,4
93,166,0
94,166,0
95,166,4
96,166,4
97,166,0
98,166,0
99,166,4
100,166,4
101,166,0
102,166,0
103,166,4
104,166,4
105,166,0
106,166,0
107,166,4
108,166,4
109,166,0
110,166,0
111,166,4
112,166,5
113,166,0
114,166,0
115,166,5
116,166,5
117,166,0
118,166,0
119,166,5
120,166,5
121,166,0
122,166,0
123,166,5
124,166,5
125,166,0
126,166,0
127,166,5
128,166,5
129,166,0
130,166,0
131,166,5
132,166,5
133,166,0
134,166,0
135,166,5
136,166,5
137,166,0
138,166,0
139,166,5
140,166,5
141,166,0
142,166,0
143,166,5
144,166,5
145,166,0
146,166,0
147,166,4
148,166,4
149,166,0
150,166,0
151,166,4
152,166,4
153,166,0
154,166,0
155,166,4
156,166,4
157,166,0
158,166,0
159,166,4
160,166,4
161,166,0
162,166,0
163,166,4
164,166,4
165,166,0
166,166,0
167,166,4
168,166,4
169,166,0
170,166,0
171,166,4
172,166,4
173,166,0
174,166,0
175,166,4
176,166,4
177,166,0
178,166,0
179,166,4
180,166,4
181,166,0
182,166,0
183,166,4
184,166,4
185,166,0
186,166,0
187,166,4
188,166,4
189,166,0
190,166,0
191,166,4
192,166,4
193,166,0
194,166,0
195,166,4
196,166,4
197,166,0
198,166,0
199,166,4
200,166,4
201,166,0
202,166,0
203,166,4
204,166,4
205,166,0
206,166,0
207,166,4
208,166,4
209,166,0
210,166,0
211,166,4
212,166,4
213,166,0
214,166,0
215,166,4
216,166,4
217,166,0
218,166,0
219,166,4
220,166,4
221,166,0
222,166,0
223,166,4
224,166,4
225,166,0
226,166,0
227,166,4
228,166,4
229,166,0
230,166,0
231,166,4
232,166,4
233,166,0
234,166,0
235,166,4
236,166,4
237,166,0
238,166,0
239,166,4
240,166,4
241,166,0
242,166,0
243,166,4
244,166,4
245,166,0
246,166,0
247,166,4
248,166,4
249,166,0
250,166,0
251,166,4
252,166,3
253,166,0
254,166,0
255,166,3
0,167,3
1,167,0
2,167,0
3,167,3
4,167,3
5,167,0
6,167,0
7,167,4
8,167,4
9,167,0
10,167,0
11,167,4
12,167,4
13,167,0
14,167,0
15,167,4
16,167,4
17,167,0
18,167,0
19,167,4
20,167,4
21,167,0
22,167,0
23,167,4
24,167,4
25,167,0
26,167,0
27,167,4
28,167,4
29,167,0
30,167,0
31,167,4
32,167,4
33,167,0
34,167,0
35,167,4
36,167,4
37,167,0
38,167,0
39,167,4
40,167,4
41,167,0
42,167,0
43,167,4
44,167,4
45,167,0
46,167,0
47,167,4
48,167,4
49,167,0
50,167,0
51,167,4
52,167,4
53,167,0
54,167,0
55,167,4
56,167,4
57,167,0
58,167,0
59,167,4
60,167,4
61,167,0
62,167,0
63,167,4
64,167,4
65,167,0
66,167,0
67,167,4
68,167,4
69,167,0
70,167,0
71,167,4
72,167,4
73,167,0
74,167,0
75,167,4
76,167,4
77,167,0
78,167,0
79,167,4
80,167,4
81,167,0
82,167,0
83,167,4
84,167,4
85,167,0
86,167,0
87,167,4
88,167,4
89,167,0
90,167,0
91,167,4
92,167,4
93,167,0
94,167,0
95,167,4
96,167,4
97,167,0
98,167,0
99,167,4
100,167,4
101,167,0
102,167,0
103,167,4
104,167,4
105,167,0
106,167,0
107,167,4
108,167,4
109,167,0
110,167,0
111,167,4
112,167,5
113,167,0
114,167,0
115,167,5
116,167,5
117,167,0
118,167,0
119,167,5
120,167,5
121,167,0
122,167,0
123,167,5
124,167,5
125,167,0
126,167,0
127,167,5
128,167,5
129,167,0
130,167,0
131,167,5
132,167,5
133,167,0
134,167,0
135,167,5
136,167,5
137,167,0
138,167,0
139,167,5
140,167,5
141,167,0
142,167,0
143,167,5
144,167,5
145,167,0
146,167,0
147,167,4
148,167,4
149,167,0
150,167,0
151,167,4
152,167,4
153,167,0
154,167,0
155,167,4
156,167,4
157,167,0
158,167,0
159,167,4
160,167,4
161,167,0
162,167,0
163,167,4
164,167,4
165,167,0
166,167,0
167,167,4
168,167,4
169,167,0
170,167,0
171,167,4
172,167,4
173,167,0
174,167,0
175,167,4
176,167,4
177,167,0
178,167,0
179,167,4
180,167,4
181,167,0
182,167,0
183,167,4
184,167,4
185,167,0
186,167,0
187,167,4
188,167,4
189,167,0
190,167,0
191,167,4
192,167,4
193,167,0
194,167,0
195,167,4
196,167,4
197,167,0
198,167,0
199,167,4
200,167,4
201,167,0
202,167,0
203,167,4
204,167,4
205,167,0
206,167,0
207,167,4
208,167,4
209,167,0
210,167,0
211,167,4
212,167,4
213,167,0
214,167,0
215,167,4
216,167,4
217,167,0
218,167,0
219,167,4
220,167,4
221,167,0
222,167,0
223,167,4
224,167,4
225,167,0
226,167,0
227,167,4
228,167,4
229,167,0
230,167,0
231,167,4
232,167,4
233,167,0
234,167,0
235,167,4
236,167,4
237,167,0
238,167,0
239,167,4
240,167,4
241,167,0
242,167,0
243,167,4
244,167,4
245,167,0
246,167,0
247,167,4
248,167,4
249,167,0
250,167,0
251,167,3
252,167,3
253,167,0
254,167,0
255,167,3
0,168,3
1,168,0
2,168,0
3,168,3
4,168,3
5,168,0
6,168,0
7,168,4
8,168,4
9,168,0
10,168,0
11,168,4
12,168,4
13,168,0
14,168,0
15,168,4
16,168,4
17,168,0
18,168,0
19,168,4
20,168,4
21,168,0
22,168,0
23,168,4
24,168,4
25,168,0
26,168,0
27,168,4
28,168,4
29,168,0
30,168,0
31,168,4
32,168,4
33,168,0
34,168,0
35,168,4
36,168,4
37,168,0
38,168,0
39,168,4
40,168,4
41,168,0
42,168,0
43,168,4
44,168,4
45,168,0
46,168,0
47,168,4
48,168,4
49,168,0
50,168,0
51,168,4
52,168,4
53,168,0
54,168,0
55,168,4
56,168,4
57,168,0
58,168,0
59,168,4
60,168,4
61,168,0
62,168,0
63,168,4
64,168,4
65,168,0
66,168,0
67,168,4
68,168,4
69,168,0
70,168,0
71,168,4
72,168,4
73,168,0
74,168,0
75,168,4
76,168,4
77,168,0
78,168,0
79,168,4
80,168,4
81,168,0
82,168,0
83,168,4
84,168,4
85,168,0
86,168,0
87,168,4
88,168,4
89,168,0
90,168,0
91,168,4
92,168,4
93,168,0
94,168,0
95,168,4
96,168,4
97,168,0
98,168,0
99,168,4
100,168,4
101,168,0
102,168,0
103,168,4
104,168,4
105,168,0
106,168,0
107,168,4
108,168,4
109,168,0
110,168,0
111,168,4
112,168,4
113,168,0
114,168,0
115,168,5
116,168,5
117,168,0
118,168,0
119,168,5
120,168,5
121,168,0
122,168,0
123,168,5
124,168,5
125,168,0
126,168,0
127,168,5
128,168,5
129,168,0
130,168,0
131,168,5
132,168,5
133,168,0
134,168,0
135,168,5
136,168,5
137,168,0
138,168,0
139,168,5
140,168,5
141,168,0
142,168,0
143,168,5
144,168,4
145,168,0
146,168,0
147,168,4
148,168,4
149,168,0
150,168,0
151,168,4
152,168,4
153,168,0
154,168,0
155,168,4
156,168,4
157,168,0
158,168,0
159,168,4
160,168,4
161,168,0
162,168,0
163,168,4
164,168,4
165,168,0
166,168,0
167,168,4
168,168,4
169,168,0
170,168,0
171,168,4
172,168,4
173,168,0
174,168,0
175,168,4
176,168,4
177,168,0
178,168,0
179,168,4
180,168,4
181,168,0
182,168,0
183,168,4
184,168,4
185,168,0
186,168,0
187,168,4
188,168,4
189,168,0
190,168,0
191,168,4
192,168,4
193,168,0
194,168,0
195,168,4
196,168,4
197,168,0
198,168,0
199,168,4
200,168,4
201,168,0
202,168,0
203,168,4
204,168,4
205,168,0
206,168,0
207,168,4
208,168,4
209,168,0
210,168,0
211,168,4
212,168,4
213,168,0
214,168,0
215,168,4
216,168,4
217,168,0
218,168,0
219,168,4
220,168,4
221,168,0
222,168,0
223,168,4
224,168,4
225,168,0
226,168,0
227,168,4
228,168,4
229,168,0
230,168,0
231,168,4
232,168,4
233,168,0
234,168,0
235,168,4
236,168,4
237,168,0
238,168,0
239,168,4
240,168,4
241,168,0
242,168,0
243,168,4
244,168,4
245,168,0
246,168,0
247,168,4
248,168,4
249,168,0
250,168,0
251,168,3
252,168,3
253,168,0
254,168,0
255,168,3
0,169,3
1,169,0
2,169,0
3,169,3
4,169,3
5,169,0
6,169,0
7,169,3
8,169,4
9,169,0
10,169,0
11,169,4
12,169,4
13,169,0
14,169,0
15,169,4
16,169,4
17,169,0
18,169,0
19,169,4
20,169,4
21,169,0
22,169,0
23,169,4
24,169,4
25,169,0
26,169,0
27,169,4
28,169,4
29,169,0
30,169,0
31,169,4
32,169,4
33,169,0
34,169,0
35,169,4
36,169,4
37,169,0
38,169,0
39,169,4
40,169,4
41,169,0
42,169,0
43,169,4
44,169,4
45,169,0
46,169,0
47,169,4
48,169,4
49,169,0
50,169,0
51,169,4
52,169,4
53,169,0
54,169,0
55,169,4
56,169,4
57,169,0
58,169,0
59,169,4
60,169,4
61,169,0
62,169,0
63,169,4
64,169,4
65,169,0
66,169,0
67,169,4
68,169,4
69,169,0
70,169,0
71,169,4
72,169,4
73,169,0
74,169,0
75,169,4
76,169,4
77,169,0
78,169,0
79,169,4
80,169,4
81,169,0
82,169,0
83,169,4
84,169,4
85,169,0
86,169,0
87,169,4
88,169,4
89,169,0
90,169,0
91,169,4
92,169,4
93,169,0
94,169,0
95,169,4
96,169,4
97,169,0
98,169,0
99,169,4
100,169,4
101,169,0
102,169,0
103,169,4
104,169,4
105,169,0
106,169,0
107,169,4
108,169,4
109,169,0
110,169,0
111,169,4
112,169,4
113,169,0
114,169,0
115,169,5
116,169,5
117,169,0
118,169,0
119,169,5
120,169,5
121,169,0
122,169,0
123,169,5
124,169,5
125,169,0
126,169,0
127,169,5
128,169,5
129,169,0
130,169,0
131,169,5
132,169,5
133,169,0
134,169,0
135,169,5
136,169,5
137,169,0
138,169,0
139,169,5
140,169,5
141,169,0
142,169,0
143,169,5
144,169,4
145,169,0
146,169,0
147,169,4
148,169,4
149,169,0
150,169,0
151,169,4
152,169,4
153,169,0
154,169,0
155,169,4
156,169,4
157,169,0
158,169,0
159,169,4
160,169,4
161,169,0
162,169,0
163,169,4
164,169,4
165,169,0
166,169,0
167,169,4
168,169,4
169,169,0
170,169,0
171,169,4
172,169,4
173,169,0
174,169,0
175,169,4
176,169,4
177,169,0
178,169,0
179,169,4
180,169,4
181,169,0
182,169,0
183,169,4
184,169,4
185,169,0
186,169,0
187,169,4
188,169,4
189,169,0
190,169,0
191,169,4
192,169,4
193,169,0
194,169,0
195,169,4
196,169,4
197,169,0
198,169,0
199,169,4
200,169,4
201,169,0
202,169,0
203,169,4
204,169,4
205,169,0
206,169,0
207,169,4
208,169,4
209,169,0
210,169,0
211,169,4
212,169,4
213,169,0
214,169,0
215,169,4
216,169,4
217,169,0
218,169,0
219,169,4
220,169,4
221,169,0
222,169,0
223,169,4
224,169,4
225,169,0
226,169,0
227,169,4
228,169,4
229,169,0
230,169,0
231,169,4
232,169,4
233,169,0
234,169,0
235,169,4
236,169,4
237,169,0
238,169,0
239,169,4
240,169,4
241,169,0
242,169,0
243,169,4
244,169,4
245,169,0
246,169,0
247,169,4
248,169,4
249,169,0
250,169,0
251,169,3
252,169,3
253,169,0
254,169,0
255,169,3
0,170,3
1,170,0
2,170,0
3,170,3
4,170,3
5,170,0
6,170,0
7,170,3
8,170,3
9,170,0
10,170,0
11,170,4
12,170,4
13,170,0
14,170,0
15,170,4
16,170,4
17,170,0
18,170,0
19,170,4
20,170,4
21,170,0
22,170,0
23,170,4
24,170,4
25,170,0
26,170,0
27,170,4
28,170,4
29,170,0
30,170,0
31,170,4
32,170,4
33,170,0
34,170,0
35,170,4
36,170,4
37,170,0
38,170,0
39,170,4
40,170,4
41,170,0
42,170,0
43,170,3
44,170,3
45,170,0
46,170,0
47,170,3
48,170,3
49,170,0
50,170,0
51,170,3
52,170,3
53,170,0
54,170,0
55,170,3
56,170,3
57,170,0
58,170,0
59,170,3
60,170,3
61,170,0
62,170,0
63,170,4
64,170,4
65,170,0
66,170,0
67,170,4
68,170,4
69,170,0
70,170,0
71,170,4
72,170,4
73,170,0
74,170,0
75,170,4
76,170,4
77,170,0
78,170,0
79,170,4
80,170,4
81,170,0
82,170,0
83,170,4
84,170,4
85,170,0
86,170,0
87,170,4
88,170,4
89,170,0
90,170,0
91,170,4
92,170,4
93,170,0
94,170,0
95,170,4
96,170,4
97,170,0
98,170,0
99,170,4
100,170,4
101,170,0
102,170,0
103,170,4
104,170,4
105,170,0
106,170,0
107,170,4
108,170,4
109,170,0
110,170,0
111,170,4
112,170,4
113,170,0
114,170,0
115,170,5
116,170,5
117,170,0
118,170,0
119,170,5
120,170,5
121,170,0
122,170,0
123,170,5
124,170,5
125,170,0
126,170,0
127,170,5
128,170,5
129,170,0
130,170,0
131,170,5
132,170,5
133,170,0
134,170,0
135,170,5
136,170,5
137,170,0
138,170,0
139,170,5
140,170,5
141,170,0
142,170,0
143,170,5
144,170,4
145,170,0
146,170,0
147,170,4
148,170,4
149,170,0
150,170,0
151,170,4
152,170,4
153,170,0
154,170,0
155,170,4
156,170,4
157,170,0
158,170,0
159,170,4
160,170,4
161,170,0
162,170,0
163,170,4
164,170,4
165,170,0
166,170,0
167,170,4
168,170,4
169,170,0
170,170,0
171,170,4
172,170,4
173,170,0
174,170,0
175,170,4
176,170,4
177,170,0
178,170,0
179,170,4
180,170,4
181,170,0
182,170,0
183,170,4
184,170,4
185,170,0
186,170,0
187,170,4
188,170,4
189,170,0
190,170,0
191,170,4
192,170,4
193,170,0
194,170,0
195,170,3
196,170,3
197,170,0
198,170,0
199,170,3
200,170,3
201,170,0
202,170,0
203,170,3
204,170,3
205,170,0
206,170,0
207,170,3
208,170,3
209,170,0
210,170,0
211,170,3
212,170,3
213,170,0
214,170,0
215,170,4
216,170,4
217,170,0
218,170,0
219,170,4
220,170,4
221,170,0
222,170,0
223,170,4
224,170,4
225,170,0
226,170,0
227,170,4
228,170,4
229,170,0
230,170,0
231,170,4
232,170,4
233,170,0
234,170,0
235,170,4
236,170,4
237,170,0
238,170,0
239,170,4
240,170,4
241,170,0
242,170,0
243,170,4
244,170,4
245,170,0
246,170,0
247,170,4
248,170,3
249,170,0
250,170,0
251,170,3
252,170,3
253,170,0
254,170,0
255,170,3
0,171,3
1,171,0
2,171,0
3,171,3
4,171,3
5,171,0
6,171,0
7,171,3
8,171,3
9,171,0
10,171,0
11,171,4
12,171,4
13,171,0
14,171,0
15,171,4
16,171,4
17,171,0
18,171,0
19,171,4
20,171,4
21,171,0
22,171,0
23,171,4
24,171,4
25,171,0
26,171,0
27,171,4
28,171,4
29,171,0
30,171,0
31,171,4
32,171,4
33,171,0
34,171,0
35,171,3
36,171,3
37,171,0
38,171,0
39,171,3
40,171,3
41,171,0
42,171,0
43,171,3
44,171,3
45,171,0
46,171,0
47,171,3
48,171,3
49,171,0
50,171,0
51,171,3
52,171,3
53,171,0
54,171,0
55,171,3
56,171,3
57,171,0
58,171,0
59,171,3
60,171,3
61,171,0
62,171,0
63,171,3
64,171,3
65,171,0
66,171,0
67,171,3
68,171,3
69,171,0
70,171,0
71,171,4
72,171,4
73,171,0
74,171,0
75,171,4
76,171,4
77,171,0
78,171,0
79,171,4
80,171,4
81,171,0
82,171,0
83,171,4
84,171,4
85,171,0
86,171,0
87,171,4
88,171,4
89,171,0
90,171,0
91,171,4
92,171,4
93,171,0
94,171,0
95,171,4
96,171,4
97,171,0
98,171,0
99,171,4
100,171,4
101,171,0
102,171,0
103,171,4
104,171,4
105,171,0
106,171,0
107,171,4
108,171,4
109,171,0
110,171,0
111,171,4
112,171,4
113,171,0
114,171,0
115,171,5
116,171,5
117,171,0
118,171,0
119,171,5
120,171,5
121,171,0
122,171,0
123,171,5
124,171,5
125,171,0
126,171,0
127,171,5
128,171,5
129,171,0
130,171,0
131,171,5
132,171,5
133,171,0
134,171,0
135,171,5
136,171,5
137,171,0
138,171,0
139,171,5
140,171,5
141,171,0
142,171,0
143,171,5
144,171,4
145,171,0
146,171,0
147,171,4
148,171,4
149,171,0
150,171,0
151,171,4
152,171,4
153,171,0
154,171,0
155,171,4
156,171,4
157,171,0
158,171,0
159,171,4
160,171,4
161,171,0
162,171,0
163,171,4
164,171,4
165,171,0
166,171,0
167,171,4
168,171,4
169,171,0
170,171,0
171,171,4
172,171,4
173,171,0
174,171,0
175,171,4
176,171,4
177,171,0
178,171,0
179,171,4
180,171,4
181,171,0
182,171,0
183,171,4
184,171,4
185,171,0
186,171,0
187,171,3
188,171,3
189,171,0
190,171,0
191,171,3
192,171,3
193,171,0
194,171,0
195,171,3
196,171,3
197,171,0
198,171,0
199,171,3
200,171,3
201,171,0
202,171,0
203,171,3
204,171,3
205,171,0
206,171,0
207,171,3
208,171,3
209,171,0
210,171,0
211,171,3
212,171,3
213,171,0
214,171,0
215,171,3
216,171,3
217,171,0
218,171,0
219,171,3
220,171,3
221,171,0
222,171,0
223,171,3
224,171,4
225,171,0
226,171,0
227,171,4
228,171,4
229,171,0
230,171,0
231,171,4
232,171,4
233,171,0
234,171,0
235,171,4
236,171,4
237,171,0
238,171,0
239,171,4
240,171,4
241,171,0
242,171,0
243,171,4
244,171,4
245,171,0
246,171,0
247,171,3
248,171,3
249,171,0
250,171,0
251,171,3
252,171,3
253,171,0
254,171,0
255,171,3
0,172,3
1,172,0
2,172,0
3,172,3
4,172,3
5,172,0
6,172,0
7,172,3
8,172,3
9,172,0
10,172,0
11,172,4
12,172,4
13,172,0
14,172,0
15,172,4
16,172,4
17,172,0
18,172,0
19,172,4
20,172,4
21,172,0
22,172,0
23,172,4
24,172,4
25,172,0
26,172,0
27,172,3
28,172,3
29,172,0
30,172,0
31,172,3
32,172,3
33,172,0
34,172,0
35,172,3
36,172,3
37,172,0
38,172,0
39,172,3
40,172,3
41,172,0
42,172,0
43,172,3
44,172,3
45,172,0
46,172,0
47,172,3
48,172,3
49,172,0
50,172,0
51,172,3
52,172,3
53,172,0
54,172,0
55,172,3
56,172,3
57,172,0
58,172,0
59,172,3
60,172,3
61,172,0
62,172,0
63,172,3
64,172,3
65,172,0
66,172,0
67,172,3
68,172,3
69,172,0
70,172,0
71,172,3
72,172,3
73,172,0
74,172,0
75,172,4
76,172,4
77,172,0
78,172,0
79,172,4
80,172,4
81,172,0
82,172,0
83,172,4
84,172,4
85,172,0
86,172,0
87,172,4
88,172,4
89,172,0
90,172,0
91,172,4
92,172,4
93,172,0
94,172,0
95,172,4
96,172,4
97,172,0
98,172,0
99,172,4
100,172,4
101,172,0
102,172,0
103,172,4
104,172,4
105,172,0
106,172,0
107,172,4
108,172,4
109,172,0
110,172,0
111,172,4
112,172,4
113,172,0
114,172,0
115,172,5
116,172,5
117,172,0
118,172,0
119,172,5
120,172,5
121,172,0
122,172,0
123,172,5
124,172,5
125,172,0
126,172,0
127,172,5
128,172,5
129,172,0
130,172,0
131,172,5
132,172,5
133,172,0
134,172,0
135,172,5
136,172,5
137,172,0
138,172,0
139,172,5
140,172,5
141,172,0
142,172,0
143,172,4
144,172,4
145,172,0
146,172,0
147,172,4
148,172,4
149,172,0
150,172,0
151,172,4
152,172,4
153,172,0
154,172,0
155,172,4
156,172,4
157,172,0
158,172,0
159,172,4
160,172,4
161,172,0
162,172,0
163,172,4
164,172,4
165,172,0
166,172,0
167,172,4
168,172,4
169,172,0
170,172,0
171,172,4
172,172,4
173,172,0
174,172,0
175,172,4
176,172,4
177,172,0
178,172,0
179,172,4
180,172,4
181,172,0
182,172,0
183,172,3
184,172,3
185,172,0
186,172,0
187,172,3
188,172,3
189,172,0
190,172,0
191,172,3
192,172,3
193,172,0
194,172,0
195,172,3
196,172,3
197,172,0
198,172,0
199,172,3
200,172,3
201,172,0
202,172,0
203,172,3
204,172,3
205,172,0
206,172,0
207,172,3
208,172,3
209,172,0
210,172,0
211,172,3
212,172,3
213,172,0
214,172,0
215,172,3
216,172,3
217,172,0
218,172,0
219,172,3
220,172,3
221,172,0
222,172,0
223,172,3
224,172,3
225,172,0
226,172,0
227,172,3
228,172,3
229,172,0
230,172,0
231,172,3
232,172,4
233,172,0
234,172,0
235,172,4
236,172,4
237,172,0
238,172,0
239,172,4
240,172,4
241,172,0
242,172,0
243,172,4
244,172,4
245,172,0
246,172,0
247,172,3
248,172,3
249,172,0
250,172,0
251,172,3
252,172,3
253,172,0
254,172,0
255,172,3
0,173,3
1,173,0
2,173,0
3,173,3
4,173,3
5,173,0
6,173,0
7,173,3
8,173,3
9,173,0
10,173,0
11,173,3
12,173,4
13,173,0
14,173,0
15,173,3
16,173,3
17,173,0
18,173,0
19,173,3
20,173,3
21,173,0
22,173,0
23,173,3
24,173,3
25,173,0
26,173,0
27,173,3
28,173,3
29,173,0
30,173,0
31,173,3
32,173,3
33,173,0
34,173,0
35,173,3
36,173,3
37,173,0
38,173,0
39,173,3
40,173,3
41,173,0
42,173,0
43,173,3
44,173,3
45,173,0
46,173,0
47,173,3
48,173,3
49,173,0
50,173,0
51,173,3
52,173,3
53,173,0
54,173,0
55,173,3
56,173,3
57,173,0
58,173,0
59,173,3
60,173,3
61,173,0
62,173,0
63,173,3
64,173,3
65,173,0
66,173,0
67,173,3
68,173,3
69,173,0
70,173,0
71,173,3
72,173,3
73,173,0
74,173,0
75,173,3
76,173,3
77,173,0
78,173,0
79,173,4
80,173,4
81,173,0
82,173,0
83,173,4
84,173,4
85,173,0
86,173,0
87,173,4
88,173,4
89,173,0
90,173,0
91,173,4
92,173,4
93,173,0
94,173,0
95,173,4
96,173,4
97,173,0
98,173,0
99,173,4
100,173,4
101,173,0
102,173,0
103,173,4
104,173,4
105,173,0
106,173,0
107,173,4
108,173,4
109,173,0
110,173,0
111,173,4
112,173,4
113,173,0
114,173,0
115,173,5
116,173,5
117,173,0
118,173,0
119,173,5
120,173,5
121,173,0
122,173,0
123,173,5
124,173,5
125,173,0
126,173,0
127,173,5
128,173,5
129,173,0
130,173,0
131,173,5
132,173,5
133,173,0
134,173,0
135,173,5
136,173,5
137,173,0
138,173,0
139,173,5
140,173,5
141,173,0
142,173,0
143,173,4
144,173,4
145,173,0
146,173,0
147,173,4
148,173,4
149,173,0
150,173,0
151,173,4
152,173,4
153,173,0
154,173,0
155,173,4
156,173,4
157,173,0
158,173,0
159,173,4
160,173,4
161,173,0
162,173,0
163,173,4
164,173,4
165,173,0
166,173,0
167,173,4
168,173,4
169,173,0
170,173,0
171,173,4
172,173,4
173,173,0
174,173,0
175,173,4
176,173,4
177,173,0
178,173,0
179,173,4
180,173,3
181,173,0
182,173,0
183,173,3
184,173,3
185,173,0
186,173,0
187,173,3
188,173,3
189,173,0
190,173,0
191,173,3
192,173,3
193,173,0
194,173,0
195,173,3
196,173,3
197,173,0
198,173,0
199,173,3
200,173,3
201,173,0
202,173,0
203,173,3
204,173,3
205,173,0
206,173,0
207,173,3
208,173,3
209,173,0
210,173,0
211,173,3
212,173,3
213,173,0
214,173,0
215,173,3
216,173,3
217,173,0
218,173,0
219,173,3
220,173,3
221,173,0
222,173,0
223,173,3
224,173,3
225,173,0
226,173,0
227,173,3
228,173,3
229,173,0
230,173,0
231,173,3
232,173,3
233,173,0
234,173,0
235,173,3
236,173,3
237,173,0
238,173,0
239,173,3
240,173,3
241,173,0
242,173,0
243,173,4
244,173,4
245,173,0
246,173,0
247,173,3
248,173,3
249,173,0
250,173,0
251,173,3
252,173,3
253,173,0
254,173,0
255,173,3
0,174,3
1,174,0
2,174,0
3,174,3
4,174,3
5,174,0
6,174,0
7,174,3
8,174,3
9,174,0
10,174,0
11,174,3
12,174,3
13,174,0
14,174,0
15,174,3
16,174,3
17,174,0
18,174,0
19,174,3
20,174,3
21,174,0
22,174,0
23,174,3
24,174,3
25,174,0
26,174,0
27,174,3
28,174,3
29,174,0
30,174,0
31,174,3
32,174,3
33,174,0
34,174,0
35,174,3
36,174,3
37,174,0
38,174,0
39,174,3
40,174,3
41,174,0
42,174,0
43,174,3
44,174,3
45,174,0
46,174,0
47,174,3
48,174,3
49,174,0
50,174,0
51,174,3
52,174,3
53,174,0
54,174,0
55,174,3
56,174,3
57,174,0
58,174,0
59,174,3
60,174,3
61,174,0
62,174,0
63,174,3
64,174,3
65,174,0
66,174,0
67,174,3
68,174,3
69,174,0
70,174,0
71,174,3
72,174,3
73,174,0
74,174,0
75,174,3
76,174,3
77,174,0
78,174,0
79,174,3
80,174,4
81,174,0
82,174,0
83,174,4
84,174,4
85,174,0
86,174,0
87,174,4
88,174,4
89,174,0
90,174,0
91,174,4
92,174,4
93,174,0
94,174,0
95,174,4
96,174,4
97,174,0
98,174,0
99,174,4
100,174,4
101,174,0
102,174,0
103,174,4
104,174,4
105,174,0
106,174,0
107,174,4
108,174,4
109,174,0
110,174,0
111,174,4
112,174,4
113,174,0
114,174,0
115,174,5
116,174,5
117,174,0
118,174,0
119,174,5
120,174,5
121,174,0
122,174,0
123,174,5
124,174,5
125,174,0
126,174,0
127,174,5
128,174,5
129,174,0
130,174,0
131,174,5
132,174,5
133,174,0
134,174,0
135,174,5
136,174,5
137,174,0
138,174,0
139,174,5
140,174,5
141,174,0
142,174,0
143,174,4
144,174,4
145,174,0
146,174,0
147,174,4
148,174,4
149,174,0
150,174,0
151,174,4
152,174,4
153,174,0
154,174,0
155,174,4
156,174,4
157,174,0
158,174,0
159,174,4
160,174,4
161,174,0
162,174,0
163,174,4
164,174,4
165,174,0
166,174,0
167,174,4
168,174,4
169,174,0
170,174,0
171,174,4
172,174,4
173,174,0
174,174,0
175,174,4
176,174,4
177,174,0
178,174,0
179,174,3
180,174,3
181,174,0
182,174,0
183,174,3
184,174,3
185,174,0
186,174,0
187,174,3
188,174,3
189,174,0
190,174,0
191,174,3
192,174,3
193,174,0
194,174,0
195,174,3
196,174,3
197,174,0
198,174,0
199,174,3
200,174,3
201,174,0
202,174,0
203,174,3
204,174,3
205,174,0
206,174,0
207,174,3
208,174,3
209,174,0
210,174,0
211,174,3
212,174,3
213,174,0
214,174,0
215,174,3
216,174,3
217,174,0
218,174,0
219,174,3
220,174,3
221,174,0
222,174,0
223,174,3
224,174,3
225,174,0
226,174,0
227,174,3
228,174,3
229,174,0
230,174,0
231,174,3
232,174,3
233,174,0
234,174,0
235,174,3
236,174,3
237,174,0
238,174,0
239,174,3
240,174,3
241,174,0
242,174,0
243,174,3
244,174,3
245,174,0
246,174,0
247,174,3
248,174,3
249,174,0
250,174,0
251,174,3
252,174,3
253,174,0
254,174,0
255,174,3
0,175,3
1,175,0
2,175,0
3,175,3
4,175,3
5,175,0
6,175,0
7,175,3
8,175,3
9,175,0
10,175,0
11,175,3
12,175,3
13,175,0
14,175,0
15,175,3
16,175,3
17,175,0
18,175,0
19,175,3
20,175,3
21,175,0
22,175,0
23,175,3
24,175,3
25,175,0
26,175,0
27,175,3
28,175,3
29,175,0
30,175,0
31,175,3
32,175,3
33,175,0
34,175,0
35,175,3
36,175,3
37,175,0
38,175,0
39,175,3
40,175,3
41,175,0
42,175,0
43,175,3
44,175,3
45,175,0
46,175,0
47,175,3
48,175,3
49,175,0
50,175,0
51,175,3
52,175,3
53,175,0
54,175,0
55,175,3
56,175,3
57,175,0
58,175,0
59,175,3
60,175,3
61,175,0
62,175,0
63,175,3
64,175,3
65,175,0
66,175,0
67,175,3
68,175,3
69,175,0
70,175,0
71,175,3
72,175,3
73,175,0
74,175,0
75,175,3
76,175,3
77,175,0
78,175,0
79,175,3
80,175,3
81,175,0
82,175,0
83,175,4
84,175,4
85,175,0
86,175,0
87,175,4
88,175,4
89,175,0
90,175,0
91,175,4
92,175,4
93,175,0
94,175,0
95,175,4
96,175,4
97,175,0
98,175,0
99,175,4
100,175,4
101,175,0
102,175,0
103,175,4
104,175,4
105,175,0
106,175,0
107,175,4
108,175,4
109,175,0
110,175,0
111,175,4
112,175,4
113,175,0
114,175,0
115,175,5
116,175,5
117,175,0
118,175,0
119,175,5
120,175,5
121,175,0
122,175,0
123,175,5
124,175,5
125,175,0
126,175,0
127,175,5
128,175,5
129,175,0
130,175,0
131,175,5
132,175,5
133,175,0
134,175,0
135,175,5
136,175,5
137,175,0
138,175,0
139,175,5
140,175,5
141,175,0
142,175,0
143,175,4
144,175,4
145,175,0
146,175,0
147,175,4
148,175,4
149,175,0
150,175,0
151,175,4
152,175,4
153,175,0
154,175,0
155,175,4
156,175,4
157,175,0
158,175,0
159,175,4
160,175,4
161,175,0
162,175,0
163,175,4
164,175,4
165,175,0
166,175,0
167,175,4
168,175,4
169,175,0
170,175,0
171,175,4
172,175,4
173,175,0
174,175,0
175,175,3
176,175,3
177,175,0
178,175,0
179,175,3
180,175,3
181,175,0
182,175,0
183,175,3
184,175,3
185,175,0
186,175,0
187,175,3
188,175,3
189,175,0
190,175,0
191,175,3
192,175,3
193,175,0
194,175,0
195,175,3
196,175,3
197,175,0
198,175,0
199,175,3
200,175,3
201,175,0
202,175,0
203,175,3
204,175,3
205,175,0
206,175,0
207,175,3
208,175,3
209,175,0
210,175,0
211,175,3
212,175,3
213,175,0
214,175,0
215,175,3
216,175,3
217,175,0
218,175,0
219,175,3
220,175,3
221,175,0
222,175,0
223,175,3
224,175,3
225,175,0
226,175,0
227,175,3
228,175,3
229,175,0
230,175,0
231,175,3
232,175,3
233,175,0
234,175,0
235,175,3
236,175,3
237,175,0
238,175,0
239,175,3
240,175,3
241,175,0
242,175,0
243,175,3
244,175,3
245,175,0
246,175,0
247,175,3
248,175,3
249,175,0
250,175,0
251,175,3
252,175,3
253,175,0
254,175,0
255,175,3
0,176,3
1,176,0
2,176,0
3,176,3
4,176,3
5,176,0
6,176,0
7,176,3
8,176,3
9,176,0
10,176,0
11,176,3
12,176,3
13,176,0
14,176,0
15,176,3
16,176,3
17,176,0
18,176,0
19,176,3
20,176,3
21,176,0
22,176,0
23,176,3
24,176,3
25,176,0
26,176,0
27,176,3
28,176,3
29,176,0
30,176,0
31,176,3
32,176,3
33,176,0
34,176,0
35,176,3
36,176,3
37,176,0
38,176,0
39,176,3
40,176,3
41,176,0
42,176,0
43,176,3
44,176,3
45,176,0
46,176,0
47,176,3
48,176,3
49,176,0
50,176,0
51,176,3
52,176,3
53,176,0
54,176,0
55,176,3
56,176,3
57,176,0
58,176,0
59,176,3
60,176,3
61,176,0
62,176,0
63,176,3
64,176,3
65,176,0
66,176,0
67,176,3
68,176,3
69,176,0
70,176,0
71,176,3
72,176,3
73,176,0
74,176,0
75,176,3
76,176,3
77,176,0
78,176,0
79,176,3
80,176,3
81,176,0
82,176,0
83,176,3
84,176,3
85,176,0
86,176,0
87,176,4
88,176,4
89,176,0
90,176,0
91,176,4
92,176,4
93,176,0
94,176,0
95,176,4
96,176,4
97,176,0
98,176,0
99,176,4
100,176,4
101,176,0
102,176,0
103,176,4
104,176,4
105,176,0
106,176,0
107,176,4
108,176,4
109,176,0
110,176,0
111,176,4
112,176,4
113,176,0
114,176,0
115,176,5
116,176,5
117,176,0
118,176,0
119,176,5
120,176,5
121,176,0
122,176,0
123,176,5
124,176,5
125,176,0
126,176,0
127,176,5
128,176,5
129,176,0
130,176,0
131,176,5
132,176,5
133,176,0
134,176,0
135,176,5
136,176,5
137,176,0
138,176,0
139,176,5
140,176,5
141,176,0
142,176,0
143,176,4
144,176,4
145,176,0
146,176,0
147,176,4
148,176,4
149,176,0
150,176,0
151,176,4
152,176,4
153,176,0
154,176,0
155,176,4
156,176,4
157,176,0
158,176,0
159,176,4
160,176,4
161,176,0
162,176,0
163,176,4
164,176,4
165,176,0
166,176,0
167,176,4
168,176,4
169,176,0
170,176,0
171,176,4
172,176,3
173,176,0
174,176,0
175,176,3
176,176,3
177,176,0
178,176,0
179,176,3
180,176,3
181,176,0
182,176,0
183,176,3
184,176,3
185,176,0
186,176,0
187,176,3
188,176,3
189,176,0
190,176,0
191,176,3
192,176,3
193,176,0
194,176,0
195,176,3
196,176,3
197,176,0
198,176,0
199,176,3
200,176,3
201,176,0
202,176,0
203,176,3
204,176,3
205,176,0
206,176,0
207,176,3
208,176,3
209,176,0
210,176,0
211,176,3
212,176,3
213,176,0
214,176,0
215,176,3
216,176,3
217,176,0
218,176,0
219,176,3
220,176,3
221,176,0
222,176,0
223,176,3
224,176,3
225,176,0
226,176,0
227,176,3
228,176,3
229,176,0
230,176,0
231,176,3
232,176,3
233,176,0
234,176,0
235,176,3
236,176,3
237,176,0
238,176,0
239,176,3
240,176,3
241,176,0
242,176,0
243,176,3
244,176,3
245,176,0
246,176,0
247,176,3
248,176,3
249,176,0
250,176,0
251,176,3
252,176,3
253,176,0
254,176,0
255,176,3
0,177,3
1,177,0
2,177,0
3,177,3
4,177,3
5,177,0
6,177,0
7,177,3
8,177,3
9,177,0
10,177,0
11,177,3
12,177,3
13,177,0
14,177,0
15,177,3
16,177,3
17,177,0
18,177,0
19,177,3
20,177,3
21,177,0
22,177,0
23,177,3
24,177,3
25,177,0
26,177,0
27,177,3
28,177,3
29,177,0
30,177,0
31,177,3
32,177,3
33,177,0
34,177,0
35,177,3
36,177,3
37,177,0
38,177,0
39,177,3
40,177,3
41,177,0
42,177,0
43,177,3
44,177,3
45,177,0
46,177,0
47,177,3
48,177,3
49,177,0
50,177,0
51,177,3
52,177,3
53,177,0
54,177,0
55,177,3
56,177,3
57,177,0
58,177,0
59,177,3
60,177,3
61,177,0
62,177,0
63,177,3
64,177,3
65,177,0
66,177,0
67,177,3
68,177,3
69,177,0
70,177,0
71,177,3
72,177,3
73,177,0
74,177,0
75,177,3
76,177,3
77,177,0
78,177,0
79,177,3
80,177,3
81,177,0
82,177,0
83,177,3
84,177,3
85,177,0
86,177,0
87,177,4
88,177,4
89,177,0
90,177,0
91,177,4
92,177,4
93,177,0
94,177,0
95,177,4
96,177,4
97,177,0
98,177,0
99,177,4
100,177,4
101,177,0
102,177,0
103,177,4
104,177,4
105,177,0
106,177,0
107,177,4
108,177,4
109,177,0
110,177,0
111,177,4
112,177,4
113,177,0
114,177,0
115,177,5
116,177,5
117,177,0
118,177,0
119,177,5
120,177,5
121,177,0
122,177,0
123,177,5
124,177,5
125,177,0
126,177,0
127,177,5
128,177,5
129,177,0
130,177,0
131,177,5
132,177,5
133,177,0
134,177,0
135,177,5
136,177,5
137,177,0
138,177,0
139,177,5
140,177,5
141,177,0
142,177,0
143,177,4
144,177,4
145,177,0
146,177,0
147,177,4
148,177,4
149,177,0
150,177,0
151,177,4
152,177,4
153,177,0
154,177,0
155,177,4
156,177,4
157,177,0
158,177,0
159,177,4
160,177,4
161,177,0
162,177,0
163,177,4
164,177,4
165,177,0
166,177,0
167,177,4
168,177,4
169,177,0
170,177,0
171,177,3
172,177,3
173,177,0
174,177,0
175,177,3
176,177,3
177,177,0
178,177,0
179,177,3
180,177,3
181,177,0
182,177,0
183,177,3
184,177,3
185,177,0
186,177,0
187,177,3
188,177,3
189,177,0
190,177,0
191,177,3
192,177,3
193,177,0
194,177,0
195,177,3
196,177,3
197,177,0
198,177,0
199,177,3
200,177,3
201,177,0
202,177,0
203,177,3
204,177,3
205,177,0
206,177,0
207,177,3
208,177,3
209,177,0
210,177,0
211,177,3
212,177,3
213,177,0
214,177,0
215,177,3
216,177,3
217,177,0
218,177,0
219,177,3
220,177,3
221,177,0
222,177,0
223,177,3
224,177,3
225,177,0
226,177,0
227,177,3
228,177,3
229,177,0
230,177,0
231,177,3
232,177,3
233,177,0
234,177,0
235,177,3
236,177,3
237,177,0
238,177,0
239,177,3
240,177,3
241,177,0
242,177,0
243,177,3
244,177,3
245,177,0
246,177,0
247,177,3
248,177,3
249,177,0
250,177,0
251,177,3
252,177,3
253,177,0
254,177,0
255,177,3
0,178,3
1,178,0
2,178,0
3,178,3
4,178,3
5,178,0
6,178,0
7,178,3
8,178,3
9,178,0
10,178,0
11,178,3
12,178,3
13,178,0
14,178,0
15,178,3
16,178,3
17,178,0
18,178,0
19,178,3
20,178,3
21,178,0
22,178,0
23,178,3
24,178,3
25,178,0
26,178,0
27,178,3
28,178,3
29,178,0
30,178,0
31,178,3
32,178,3
33,178,0
34,178,0
35,178,3
36,178,3
37,178,0
38,178,0
39,178,3
40,178,3
41,178,0
42,178,0
43,178,3
44,178,3
45,178,0
46,178,0
47,178,3
48,178,3
49,178,0
50,178,0
51,178,3
52,178,3
53,178,0
54,178,0
55,178,3
56,178,3
57,178,0
58,178,0
59,178,3
60,178,3
61,178,0
62,178,0
63,178,3
64,178,3
65,178,0
66,178,0
67,178,3
68,178,3
69,178,0
70,178,0
71,178,3
72,178,3
73,178,0
74,178,0
75,178,3
76,178,3
77,178,0
78,178,0
79,178,3
80,178,3
81,178,0
82,178,0
83,178,3
84,178,3
85,178,0
86,178,0
87,178,3
88,178,4
89,178,0
90,178,0
91,178,4
92,178,4
93,178,0
94,178,0
95,178,4
96,178,4
97,178,0
98,178,0
99,178,4
100,178,4
101,178,0
102,178,0
103,178,4
104,178,4
105,178,0
106,178,0
107,178,4
108,178,4
109,178,0
110,178,0
111,178,4
112,178,4
113,178,0
114,178,0
115,178,5
116,178,5
117,178,0
118,178,0
119,178,5
120,178,5
121,178,0
122,178,0
123,178,5
124,178,5
125,178,0
126,178,0
127,178,5
128,178,5
129,178,0
130,178,0
131,178,5
132,178,5
133,178,0
134,178,0
135,178,5
136,178,5
137,178,0
138,178,0
139,178,5
140,178,5
141,178,0
142,178,0
143,178,4
144,178,4
145,178,0
146,178,0
147,178,4
148,178,4
149,178,0
150,178,0
151,178,4
152,178,4
153,178,0
154,178,0
155,178,4
156,178,4
157,178,0
158,178,0
159,178,4
160,178,4
161,178,0
162,178,0
163,178,4
164,178,4
165,178,0
166,178,0
167,178,4
168,178,4
169,178,0
170,178,0
171,178,3
172,178,3
173,178,0
174,178,0
175,178,3
176,178,3
177,178,0
178,178,0
179,178,3
180,178,3
181,178,0
182,178,0
183,178,3
184,178,3
185,178,0
186,178,0
187,178,3
188,178,3
189,178,0
190,178,0
191,178,3
192,178,3
193,178,0
194,178,0
195,178,3
196,178,3
197,178,0
198,178,0
199,178,3
200,178,3
201,178,0
202,178,0
203,178,3
204,178,3
205,178,0
206,178,0
207,178,3
208,178,3
209,178,0
210,178,0
211,178,3
212,178,3
213,178,0
214,178,0
215,178,3
216,178,3
217,178,0
218,178,0
219,178,3
220,178,3
221,178,0
222,178,0
223,178,3
224,178,3
225,178,0
226,178,0
227,178,3
228,178,3
229,178,0
230,178,0
231,178,3
232,178,3
233,178,0
234,178,0
235,178,3
236,178,3
237,178,0
238,178,0
239,178,3
240,178,3
241,178,0
242,178,0
243,178,3
244,178,3
245,178,0
246,178,0
247,178,3
248,178,3
249,178,0
250,178,0
251,178,3
252,178,3
253,178,0
254,178,0
255,178,3
0,179,3
1,179,0
2,179,0
3,179,3
4,179,3
5,179,0
6,179,0
7,179,3
8,179,3
9,179,0
10,179,0
11,179,3
12,179,3
13,179,0
14,179,0
15,179,3
16,179,3
17,179,0
18,179,0
19,179,3
20,179,3
21,179,0
22,179,0
23,179,3
24,179,3
25,179,0
26,179,0
27,179,3
28,179,3
29,179,0
30,179,0
31,179,3
32,179,3
33,179,0
34,179,0
35,179,3
36,179,3
37,179,0
38,179,0
39,179,3
40,179,3
41,179,0
42,179,0
43,179,3
44,179,3
45,179,0
46,179,0
47,179,3
48,179,3
49,179,0
50,179,0
51,179,3
52,179,3
53,179,0
54,179,0
55,179,3
56,179,3
57,179,0
58,179,0
59,179,3
60,179,3
61,179,0
62,179,0
63,179,3
64,179,3
65,179,0
66,179,0
67,179,3
68,179,3
69,179,0
70,179,0
71,179,3
72,179,3
73,179,0
74,179,0
75,179,3
76,179,3
77,179,0
78,179,0
79,179,3
80,179,3
81,179,0
82,179,0
83,179,3
84,179,3
85,179,0
86,179,0
87,179,3
88,179,3
89,179,0
90,179,0
91,179,4
92,179,4
93,179,0
94,179,0
95,179,4
96,179,4
97,179,0
98,179,0
99,179,4
100,179,4
101,179,0
102,179,0
103,179,4
104,179,4
105,179,0
106,179,0
107,179,4
108,179,4
109,179,0
110,179,0
111,179,4
112,179,4
113,179,0
114,179,0
115,179,5
116,179,5
117,179,0
118,179,0
119,179,5
120,179,5
121,179,0
122,179,0
123,179,5
124,179,5
125,179,0
126,179,0
127,179,5
128,179,5
129,179,0
130,179,0
131,179,5
132,179,5
133,179,0
134,179,0
135,179,5
136,179,5
137,179,0
138,179,0
139,179,5
140,179,5
141,179,0
142,179,0
143,179,4
144,179,4
145,179,0
146,179,0
147,179,4
148,179,4
149,179,0
150,179,0
151,179,4
152,179,4
153,179,0
154,179,0
155,179,4
156,179,4
157,179,0
158,179,0
159,179,4
160,179,4
161,179,0
162,179,0
163,179,4
164,179,4
165,179,0
166,179,0
167,179,3
168,179,3
169,179,0
170,179,0
171,179,3
172,179,3
173,179,0
174,179,0
175,179,3
176,179,3
177,179,0
178,179,0
179,179,3
180,179,3
181,179,0
182,179,0
183,179,3
184,179,3
185,179,0
186,179,0
187,179,3
188,179,3
189,179,0
190,179,0
191,179,3
192,179,3
193,179,0
194,179,0
195,179,3
196,179,3
197,179,0
198,179,0
199,179,3
200,179,3
201,179,0
202,179,0
203,179,3
204,179,3
205,179,0
206,179,0
207,179,3
208,179,3
209,179,0
210,179,0
211,179,3
212,179,3
213,179,0
214,179,0
215,179,3
216,179,3
217,179,0
218,179,0
219,179,3
220,179,3
221,179,0
222,179,0
223,179,3
224,179,3
225,179,0
226,179,0
227,179,3
228,179,3
229,179,0
230,179,0
231,179,3
232,179,3
233,179,0
234,179,0
235,179,3
236,179,3
237,179,0
238,179,0
239,179,3
240,179,3
241,179,0
242,179,0
243,179,3
244,179,3
245,179,0
246,179,0
247,179,3
248,179,3
249,179,0
250,179,0
251,179,3
252,179,3
253,179,0
254,179,0
255,179,3
0,180,3
1,180,0
2,180,0
3,180,3
4,180,3
5,180,0
6,180,0
7,180,3
8,180,3
9,180,0
10,180,0
11,180,3
12,180,3
13,180,0
14,180,0
15,180,3
16,180,3
17,180,0
18,180,0
19,180,3
20,180,3
21,180,0
22,180,0
23,180,3
24,180,3
25,180,0
26,180,0
27,180,3
28,180,3
29,180,0
30,180,0
31,180,3
32,180,3
33,180,0
34,180,0
35,180,3
36,180,3
37,180,0
38,180,0
39,180,3
40,180,3
41,180,0
42,180,0
43,180,3
44,180,3
45,180,0
46,180,0
47,180,3
48,180,3
49,180,0
50,180,0
51,180,3
52,180,3
53,180,0
54,180,0
55,180,3
56,180,3
57,180,0
58,180,0
59,180,3
60,180,3
61,180,0
62,180,0
63,180,3
64,180,3
65,180,0
66,180,0
67,180,3
68,180,3
69,180,0
70,180,0
71,180,3
72,180,3
73,180,0
74,180,0
75,180,3
76,180,3
77,180,0
78,180,0
79,180,3
80,180,3
81,180,0
82,180,0
83,180,3
84,180,3
85,180,0
86,180,0
87,180,3
88,180,3
89,180,0
90,180,0
91,180,3
92,180,4
93,180,0
94,180,0
95,180,4
96,180,4
97,180,0
98,180,0
99,180,4
100,180,4
101,180,0
102,180,0
103,180,4
104,180,4
105,180,0
106,180,0
107,180,4
108,180,4
109,180,0
110,180,0
111,180,4
112,180,4
113,180,0
114,180,0
115,180,5
116,180,5
117,180,0
118,180,0
119,180,5
120,180,5
121,180,0
122,180,0
123,180,5
124,180,5
125,180,0
126,180,0
127,180,5
128,180,5
129,180,0
130,180,0
131,180,5
132,180,5
133,180,0
134,180,0
135,180,5
136,180,5
137,180,0
138,180,0
139,180,5
140,180,5
141,180,0
142,180,0
143,180,4
144,180,4
145,180,0
146,180,0
147,180,4
148,180,4
149,180,0
150,180,0
151,180,4
152,180,4
153,180,0
154,180,0
155,180,4
156,180,4
157,180,0
158,180,0
159,180,4
160,180,4
161,180,0
162,180,0
163,180,4
164,180,4
165,180,0
166,180,0
167,180,3
168,180,3
169,180,0
170,180,0
171,180,3
172,180,3
173,180,0
174,180,0
175,180,3
176,180,3
177,180,0
178,180,0
179,180,3
180,180,3
181,180,0
182,180,0
183,180,3
184,180,3
185,180,0
186,180,0
187,180,3
188,180,3
189,180,0
190,180,0
191,180,3
192,180,3
193,180,0
194,180,0
195,180,3
196,180,3
197,180,0
198,180,0
199,180,3
200,180,3
201,180,0
202,180,0
203,180,3
204,180,3
205,180,0
206,180,0
207,180,3
208,180,3
209,180,0
210,180,0
211,180,3
212,180,3
213,180,0
214,180,0
215,180,3
216,180,3
217,180,0
218,180,0
219,180,3
220,180,3
221,180,0
222,180,0
223,180,3
224,180,3
225,180,0
226,180,0
227,180,3
228,180,3
229,180,0
230,180,0
231,180,3
232,180,3
233,180,0
234,180,0
235,180,3
236,180,3
237,180,0
238,180,0
239,180,3
240,180,3
241,180,0
242,180,0
243,180,3
244,180,3
245,180,0
246,180,0
247,180,3
248,180,3
249,180,0
250,180,0
251,180,3
252,180,3
253,180,0
254,180,0
255,180,3
0,181,2
1,181,0
2,181,0
3,181,3
4,181,3
5,181,0
6,181,0
7,181,3
8,181,3
9,181,0
10,181,0
11,181,3
12,181,3
13,181,0
14,181,0
15,181,3
16,181,3
17,181,0
18,181,0
19,181,3
20,181,3
21,181,0
22,181,0
23,181,3
24,181,3
25,181,0
26,181,0
27,181,3
28,181,3
29,181,0
30,181,0
31,181,3
32,181,3
33,181,0
34,181,0
35,181,3
36,181,3
37,181,0
38,181,0
39,181,3
40,181,3
41,181,0
42,181,0
43,181,3
44,181,3
45,181,0
46,181,0
47,181,3
48,181,3
49,181,0
50,181,0
51,181,3
52,181,3
53,181,0
54,181,0
55,181,3
56,181,3
57,181,0
58,181,0
59,181,3
60,181,3
61,181,0
62,181,0
63,181,3
64,181,3
65,181,0
66,181,0
67,181,3
68,181,3
69,181,0
70,181,0
71,181,3
72,181,3
73,181,0
74,181,0
75,181,3
76,181,3
77,181,0
78,181,0
79,181,3
80,181,3
81,181,0
82,181,0
83,181,3
84,181,3
85,181,0
86,181,0
87,181,3
88,181,3
89,181,0
90,181,0
91,181,3
92,181,3
93,181,0
94,181,0
95,181,4
96,181,4
97,181,0
98,181,0
99,181,4
100,181,4
101,181,0
102,181,0
103,181,4
104,181,4
105,181,0
106,181,0
107,181,4
108,181,4
109,181,0
110,181,0
111,181,4
112,181,4
113,181,0
114,181,0
115,181,5
116,181,5
117,181,0
118,181,0
119,181,5
120,181,5
121,181,0
122,181,0
123,181,5
124,181,5
125,181,0
126,181,0
127,181,5
128,181,5
129,181,0
130,181,0
131,181,5
132,181,5
133,181,0
134,181,0
135,181,5
136,181,5
137,181,0
138,181,0
139,181,5
140,181,5
141,181,0
142,181,0
143,181,4
144,181,4
145,181,0
146,181,0
147,181,4
148,181,4
149,181,0
150,181,0
151,181,4
152,181,4
153,181,0
154,181,0
155,181,4
156,181,4
157,181,0
158,181,0
159,181,4
160,181,4
161,181,0
162,181,0
163,181,4
164,181,3
165,181,0
166,181,0
167,181,3
168,181,3
169,181,0
170,181,0
171,181,3
172,181,3
173,181,0
174,181,0
175,181,3
176,181,3
177,181,0
178,181,0
179,181,3
180,181,3
181,181,0
182,181,0
183,181,3
184,181,3
185,181,0
186,181,0
187,181,3
188,181,3
189,181,0
190,181,0
191,181,3
192,181,3
193,181,0
194,181,0
195,181,3
196,181,3
197,181,0
198,181,0
199,181,3
200,181,3
201,181,0
202,181,0
203,181,3
204,181,3
205,181,0
206,181,0
207,181,3
208,181,3
209,181,0
210,181,0
211,181,3
212,181,3
213,181,0
214,181,0
215,181,3
216,181,3
217,181,0
218,181,0
219,181,3
220,181,3
221,181,0
222,181,0
223,181,3
224,181,3
225,181,0
226,181,0
227,181,3
228,181,3
229,181,0
230,181,0
231,181,3
232,181,3
233,181,0
234,181,0
235,181,3
236,181,3
237,181,0
238,181,0
239,181,3
240,181,3
241,181,0
242,181,0
243,181,3
244,181,3
245,181,0
246,181,0
247,181,3
248,181,3
249,181,0
250,181,0
251,181,3
252,181,3
253,181,0
254,181,0
255,181,3
0,182,2
1,182,0
2,182,0
3,182,3
4,182,3
5,182,0
6,182,0
7,182,3
8,182,3
9,182,0
10,182,0
11,182,3
12,182,3
13,182,0
14,182,0
15,182,3
16,182,3
17,182,0
18,182,0
19,182,3
20,182,3
21,182,0
22,182,0
23,182,3
24,182,3
25,182,0
26,182,0
27,182,3
28,182,3
29,182,0
30,182,0
31,182,3
32,182,3
33,182,0
34,182,0
35,182,3
36,182,3
37,182,0
38,182,0
39,182,3
40,182,3
41,182,0
42,182,0
43,182,3
44,182,3
45,182,0
46,182,0
47,182,3
48,182,3
49,182,0
50,182,0
51,182,3
52,182,3
53,182,0
54,182,0
55,182,3
56,182,3
57,182,0
58,182,0
59,182,3
60,182,3
61,182,0
62,182,0
63,182,3
64,182,3
65,182,0
66,182,0
67,182,3
68,182,3
69,182,0
70,182,0
71,182,3
72,182,3
73,182,0
74,182,0
75,182,3
76,182,3
77,182,0
78,182,0
79,182,3
80,182,3
81,182,0
82,182,0
83,182,3
84,182,3
85,182,0
86,182,0
87,182,3
88,182,3
89,182,0
90,182,0
91,182,3
92,182,3
93,182,0
94,182,0
95,182,4
96,182,4
97,182,0
98,182,0
99,182,4
100,182,4
101,182,0
102,182,0
103,182,4
104,182,4
105,182,0
106,182,0
107,182,4
108,182,4
109,182,0
110,182,0
111,182,4
112,182,4
113,182,0
114,182,0
115,182,5
116,182,5
117,182,0
118,182,0
119,182,5
120,182,5
121,182,0
122,182,0
123,182,5
124,182,5
125,182,0
126,182,0
127,182,5
128,182,5
129,182,0
130,182,0
131,182,5
132,182,5
133,182,0
134,182,0
135,182,5
136,182,5
137,182,0
138,182,0
139,182,5
140,182,5
141,182,0
142,182,0
143,182,4
144,182,4
145,182,0
146,182,0
147,182,4
148,182,4
149,182,0
150,182,0
151,182,4
152,182,4
153,182,0
154,182,0
155,182,4
156,182,4
157,182,0
158,182,0
159,182,4
160,182,4
161,182,0
162,182,0
163,182,3
164,182,3
165,182,0
166,182,0
167,182,3
168,182,3
169,182,0
170,182,0
171,182,3
172,182,3
173,182,0
174,182,0
175,182,3
176,182,3
177,182,0
178,182,0
179,182,3
180,182,3
181,182,0
182,182,0
183,182,3
184,182,3
185,182,0
186,182,0
187,182,3
188,182,3
189,182,0
190,182,0
191,182,3
192,182,3
193,182,0
194,182,0
195,182,3
196,182,3
197,182,0
198,182,0
199,182,3
200,182,3
201,182,0
202,182,0
203,182,3
204,182,3
205,182,0
206,182,0
207,182,3
208,182,3
209,182,0
210,182,0
211,182,3
212,182,3
213,182,0
214,182,0
215,182,3
216,182,3
217,182,0
218,182,0
219,182,3
220,182,3
221,182,0
222,182,0
223,182,3
224,182,3
225,182,0
226,182,0
227,182,3
228,182,3
229,182,0
230,182,0
231,182,3
232,182,3
233,182,0
234,182,0
235,182,3
236,182,3
237,182,0
238,182,0
239,182,3
240,182,3
241,182,0
242,182,0
243,182,3
244,182,3
245,182,0
246,182,0
247,182,3
248,182,3
249,182,0
250,182,0
251,182,3
252,182,3
253,182,0
254,182,0
255,182,2
0,183,2
1,183,0
2,183,0
3,183,2
4,183,3
5,183,0
6,183,0
7,183,3
8,183,3
9,183,0
10,183,0
11,183,3
12,183,3
13,183,0
14,183,0
15,183,3
16,183,3
17,183,0
18,183,0
19,183,3
20,183,3
21,183,0
22,183,0
23,183,3
24,183,3
25,183,0
26,183,0
27,183,3
28,183,3
29,183,0
30,183,0
31,183,3
32,183,3
33,183,0
34,183,0
35,183,3
36,183,3
37,183,0
38,183,0
39,183,3
40,183,3
41,183,0
42,183,0
43,183,3
44,183,3
45,183,0
46,183,0
47,183,3
48,183,3
49,183,0
50,183,0
51,183,3
52,183,3
53,183,0
54,183,0
55,183,3
56,183,3
57,183,0
58,183,0
59,183,3
60,183,3
61,183,0
62,183,0
63,183,3
64,183,3
65,183,0
66,183,0
67,183,3
68,183,3
69,183,0
70,183,0
71,183,3
72,183,3
73,183,0
74,183,0
75,183,3
76,183,3
77,183,0
78,183,0
79,183,3
80,183,3
81,183,0
82,183,0
83,183,3
84,183,3
85,183,0
86,183,0
87,183,3
88,183,3
89,183,0
90,183,0
91,183,3
92,183,3
93,183,0
94,183,0
95,183,3
96,183,4
97,183,0
98,183,0
99,183,4
100,183,4
101,183,0
102,183,0
103,183,4
104,183,4
105,183,0
106,183,0
107,183,4
108,183,4
109,183,0
110,183,0
111,183,4
112,183,4
113,183,0
114,183,0
115,183,5
116,183,5
117,183,0
118,183,0
119,183,5
120,183,5
121,183,0
122,183,0
123,183,5
124,183,5
125,183,0
126,183,0
127,183,5
128,183,5
129,183,0
130,183,0
131,183,5
132,183,5
133,183,0
134,183,0
135,183,5
136,183,5
137,183,0
138,183,0
139,183,5
140,183,5
141,183,0
142,183,0
143,183,4
144,183,4
145,183,0
146,183,0
147,183,4
148,183,4
149,183,0
150,183,0
151,183,4
152,183,4
153,183,0
154,183,0
155,183,4
156,183,4
157,183,0
158,183,0
159,183,4
160,183,4
161,183,0
162,183,0
163,183,3
164,183,3
165,183,0
166,183,0
167,183,3
168,183,3
169,183,0
170,183,0
171,183,3
172,183,3
173,183,0
174,183,0
175,183,3
176,183,3
177,183,0
178,183,0
179,183,3
180,183,3
181,183,0
182,183,0
183,183,3
184,183,3
185,183,0
186,183,0
187,183,3
188,183,3
189,183,0
190,183,0
191,183,3
192,183,3
193,183,0
194,183,0
195,183,3
196,183,3
197,183,0
198,183,0
199,183,3
200,183,3
201,183,0
202,183,0
203,183,3
204,183,3
205,183,0
206,183,0
207,183,3
208,183,3
209,183,0
210,183,0
211,183,3
212,183,3
213,183,0
214,183,0
215,183,3
216,183,3
217,183,0
218,183,0
219,183,3
220,183,3
221,183,0
222,183,0
223,183,3
224,183,3
225,183,0
226,183,0
227,183,3
228,183,3
229,183,0
230,183,0
231,183,3
232,183,3
233,183,0
234,183,0
235,183,3
236,183,3
237,183,0
238,183,0
239,183,3
240,183,3
241,183,0
242,183,0
243,183,3
244,183,3
245,183,0
246,183,0
247,183,3
248,183,3
249,183,0
250,183,0
251,183,3
252,183,3
253,183,0
254,183,0
255,183,2
0,184,2
1,184,0
2,184,0
3,184,2
4,184,2
5,184,0
6,184,0
7,184,3
8,184,3
9,184,0
10,184,0
11,184,3
12,184,3
13,184,0
14,184,0
15,184,3
16,184,3
17,184,0
18,184,0
19,184,3
20,184,3
21,184,0
22,184,0
23,184,3
24,184,3
25,184,0
26,184,0
27,184,3
28,184,3
29,184,0
30,184,0
31,184,3
32,184,3
33,184,0
34,184,0
35,184,3
36,184,3
37,184,0
38,184,0
39,184,3
40,184,3
41,184,0
42,184,0
43,184,3
44,184,3
45,184,0
46,184,0
47,184,3
48,184,3
49,184,0
50,184,0
51,184,3
52,184,3
53,184,0
54,184,0
55,184,3
56,184,3
57,184,0
58,184,0
59,184,3
60,184,3
61,184,0
62,184,0
63,184,3
64,184,3
65,184,0
66,184,0
67,184,3
68,184,3
69,184,0
70,184,0
71,184,3
72,184,3
73,184,0
74,184,0
75,184,3
76,184,3
77,184,0
78,184,0
79,184,3
80,184,3
81,184,0
82,184,0
83,184,3
84,184,3
85,184,0
86,184,0
87,184,3
88,184,3
89,184,0
90,184,0
91,184,3
92,184,3
93,184,0
94,184,0
95,184,3
96,184,3
97,184,0
98,184,0
99,184,4
100,184,4
101,184,0
102,184,0
103,184,4
104,184,4
105,184,0
106,184,0
107,184,4
108,184,4
109,184,0
110,184,0
111,184,4
112,184,4
113,184,0
114,184,0
115,184,4
116,184,5
117,184,0
118,184,0
119,184,5
120,184,5
121,184,0
122,184,0
123,184,5
124,184,5
125,184,0
126,184,0
127,184,5
128,184,5
129,184,0
130,184,0
131,184,5
132,184,5
133,184,0
134,184,0
135,184,5
136,184,5
137,184,0
138,184,0
139,184,5
140,184,5
141,184,0
142,184,0
143,184,4
144,184,4
145,184,0
146,184,0
147,184,4
148,184,4
149,184,0
150,184,0
151,184,4
152,184,4
153,184,0
154,184,0
155,184,4
156,184,4
157,184,0
158,184,0
159,184,4
160,184,3
161,184,0
162,184,0
163,184,3
164,184,3
165,184,0
166,184,0
167,184,3
168,184,3
169,184,0
170,184,0
171,184,3
172,184,3
173,184,0
174,184,0
175,184,3
176,184,3
177,184,0
178,184,0
179,184,3
180,184,3
181,184,0
182,184,0
183,184,3
184,184,3
185,184,0
186,184,0
187,184,3
188,184,3
189,184,0
190,184,0
191,184,3
192,184,3
193,184,0
194,184,0
195,184,3
196,184,3
197,184,0
198,184,0
199,184,3
200,184,3
201,184,0
202,184,0
203,184,3
204,184,3
205,184,0
206,184,0
207,184,3
208,184,3
209,184,0
210,184,0
211,184,3
212,184,3
213,184,0
214,184,0
215,184,3
216,184,3
217,184,0
218,184,0
219,184,3
220,184,3
221,184,0
222,184,0
223,184,3
224,184,3
225,184,0
226,184,0
227,184,3
228,184,3
229,184,0
230,184,0
231,184,3
232,184,3
233,184,0
234,184,0
235,184,3
236,184,3
237,184,0
238,184,0
239,184,3
240,184,3
241,184,0
242,184,0
243,184,3
244,184,3
245,184,0
246,184,0
247,184,3
248,184,3
249,184,0
250,184,0
251,184,3
252,184,2
253,184,0
254,184,0
255,184,2
0,185,2
1,185,0
2,185,0
3,185,2
4,185,2
5,185,0
6,185,0
7,185,3
8,185,3
9,185,0
10,185,0
11,185,3
12,185,3
13,185,0
14,185,0
15,185,3
16,185,3
17,185,0
18,185,0
19,185,3
20,185,3
21,185,0
22,185,0
23,185,3
24,185,3
25,185,0
26,185,0
27,185,3
28,185,3
29,185,0
30,185,0
31,185,3
32,185,3
33,185,0
34,185,0
35,185,3
36,185,3
37,185,0
38,185,0
39,185,3
40,185,3
41,185,0
42,185,0
43,185,3
44,185,3
45,185,0
46,185,0
47,185,3
48,185,3
49,185,0
50,185,0
51,185,3
52,185,3
53,185,0
54,185,0
55,185,3
56,185,3
57,185,0
58,185,0
59,185,3
60,185,3
61,185,0
62,185,0
63,185,3
64,185,3
65,185,0
66,185,0
67,185,3
68,185,3
69,185,0
70,185,0
71,185,3
72,185,3
73,185,0
74,185,0
75,185,3
76,185,3
77,185,0
78,185,0
79,185,3
80,185,3
81,185,0
82,185,0
83,185,3
84,185,3
85,185,0
86,185,0
87,185,3
88,185,3
89,185,0
90,185,0
91,185,3
92,185,3
93,185,0
94,185,0
95,185,3
96,185,3
97,185,0
98,185,0
99,185,4
100,185,4
101,185,0
102,185,0
103,185,4
104,185,4
105,185,0
106,185,0
107,185,4
108,185,4
109,185,0
110,185,0
111,185,4
112,185,4
113,185,0
114,185,0
115,185,4
116,185,5
117,185,0
118,185,0
119,185,5
120,185,5
121,185,0
122,185,0
123,185,5
124,185,5
125,185,0
126,185,0
127,185,5
128,185,5
129,185,0
130,185,0
131,185,5
132,185,5
133,185,0
134,185,0
135,185,5
136,185,5
137,185,0
138,185,0
139,185,5
140,185,5
141,185,0
142,185,0
143,185,4
144,185,4
145,185,0
146,185,0
147,185,4
148,185,4
149,185,0
150,185,0
151,185,4
152,185,4
153,185,0
154,185,0
155,185,4
156,185,4
157,185,0
158,185,0
159,185,3
160,185,3
161,185,0
162,185,0
163,185,3
164,185,3
165,185,0
166,185,0
167,185,3
168,185,3
169,185,0
170,185,0
171,185,3
172,185,3
173,185,0
174,185,0
175,185,3
176,185,3
177,185,0
178,185,0
179,185,3
180,185,3
181,185,0
182,185,0
183,185,3
184,185,3
185,185,0
186,185,0
187,185,3
188,185,3
189,185,0
190,185,0
191,185,3
192,185,3
193,185,0
194,185,0
195,185,3
196,185,3
197,185,0
198,185,0
199,185,3
200,185,3
201,185,0
202,185,0
203,185,3
204,185,3
205,185,0
206,185,0
207,185,3
208,185,3
209,185,0
210,185,0
211,185,3
212,185,3
213,185,0
214,185,0
215,185,3
216,185,3
217,185,0
218,185,0
219,185,3
220,185,3
221,185,0
222,185,0
223,185,3
224,185,3
225,185,0
226,185,0
227,185,3
228,185,3
229,185,0
230,185,0
231,185,3
232,185,3
233,185,0
234,185,0
235,185,3
236,185,3
237,185,0
238,185,0
239,185,3
240,185,3
241,185,0
242,185,0
243,185,3
244,185,3
245,185,0
246,185,0
247,185,3
248,185,3
249,185,0
250,185,0
251,185,2
252,185,2
253,185,0
254,185,0
255,185,2
0,186,2
1,186,0
2,186,0
3,186,2
4,186,2
5,186,0
6,186,0
7,186,2
8,186,2
9,186,0
10,186,0
11,186,3
12,186,3
13,186,0
14,186,0
15,186,3
16,186,3
17,186,0
18,186,0
19,186,3
20,186,3
21,186,0
22,186,0
23,186,3
24,186,3
25,186,0
26,186,0
27,186,3
28,186,3
29,186,0
30,186,0
31,186,3
32,186,3
33,186,0
34,186,0
35,186,3
36,186,3
37,186,0
38,186,0
39,186,3
40,186,3
41,186,0
42,186,0
43,186,3
44,186,3
45,186,0
46,186,0
47,186,3
48,186,3
49,186,0
50,186,0
51,186,3
52,186,3
53,186,0
54,186,0
55,186,3
56,186,3
57,186,0
58,186,0
59,186,3
60,186,3
61,186,0
62,186,0
63,186,3
64,186,3
65,186,0
66,186,0
67,186,3
68,186,3
69,186,0
70,186,0
71,186,3
72,186,3
73,186,0
74,186,0
75,186,3
76,186,3
77,186,0
78,186,0
79,186,3
80,186,3
81,186,0
82,186,0
83,186,3
84,186,3
85,186,0
86,186,0
87,186,3
88,186,3
89,186,0
90,186,0
91,186,3
92,186,3
93,186,0
94,186,0
95,186,3
96,186,3
97,186,0
98,186,0
99,186,4
100,186,4
101,186,0
102,186,0
103,186,4
104,186,4
105,186,0
106,186,0
107,186,4
108,186,4
109,186,0
110,186,0
111,186,4
112,186,4
113,186,0
114,186,0
115,186,4
116,186,5
117,186,0
118,186,0
119,186,5
120,186,5
121,186,0
122,186,0
123,186,5
124,186,5
125,186,0
126,186,0
127,186,5
128,186,5
129,186,0
130,186,0
131,186,5
132,186,5
133,186,0
134,186,0
135,186,5
136,186,5
137,186,0
138,186,0
139,186,5
140,186,5
141,186,0
142,186,0
143,186,4
144,186,4
145,186,0
146,186,0
147,186,4
148,186,4
149,186,0
150,186,0
151,186,4
152,186,4
153,186,0
154,186,0
155,186,4
156,186,4
157,186,0
158,186,0
159,186,3
160,186,3
161,186,0
162,186,0
163,186,3
164,186,3
165,186,0
166,186,0
167,186,3
168,186,3
169,186,0
170,186,0
171,186,3
172,186,3
173,186,0
174,186,0
175,186,3
176,186,3
177,186,0
178,186,0
179,186,3
180,186,3
181,186,0
182,186,0
183,186,3
184,186,3
185,186,0
186,186,0
187,186,3
188,186,3
189,186,0
190,186,0
191,186,3
192,186,3
193,186,0
194,186,0
195,186,3
196,186,3
197,186,0
198,186,0
199,186,3
200,186,3
201,186,0
202,186,0
203,186,3
204,186,3
205,186,0
206,186,0
207,186,3
208,186,3
209,186,0
210,186,0
211,186,3
212,186,3
213,186,0
214,186,0
215,186,3
216,186,3
217,186,0
218,186,0
219,186,3
220,186,3
221,186,0
222,186,0
223,186,3
224,186,3
225,186,0
226,186,0
227,186,3
228,186,3
229,186,0
230,186,0
231,186,3
232,186,3
233,186,0
234,186,0
235,186,3
236,186,3
237,186,0
238,186,0
239,186,3
240,186,3
241,186,0
242,186,0
243,186,3
244,186,3
245,186,0
246,186,0
247,186,2
248,186,2
249,186,0
250,186,0
251,186,2
252,186,2
253,186,0
254,186,0
255,186,2
0,187,2
1,187,0
2,187,0
3,187,2
4,187,2
5,187,0
6,187,0
7,187,2
8,187,2
9,187,0
10,187,0
11,187,2
12,187,2
13,187,0
14,187,0
15,187,3
16,187,3
17,187,0
18,187,0
19,187,3
20,187,3
21,187,0
22,187,0
23,187,3
24,187,3
25,187,0
26,187,0
27,187,3
28,187,3
29,187,0
30,187,0
31,187,3
32,187,3
33,187,0
34,187,0
35,187,3
36,187,3
37,187,0
38,187,0
39,187,3
40,187,3
41,187,0
42,187,0
43,187,3
44,187,3
45,187,0
46,187,0
47,187,3
48,187,3
49,187,0
50,187,0
51,187,3
52,187,3
53,187,0
54,187,0
55,187,3
56,187,3
57,187,0
58,187,0
59,187,3
60,187,3
61,187,0
62,187,0
63,187,3
64,187,3
65,187,0
66,187,0
67,187,3
68,187,3
69,187,0
70,187,0
71,187,3
72,187,3
73,187,0
74,187,0
75,187,3
76,187,3
77,187,0
78,187,0
79,187,3
80,187,3
81,187,0
82,187,0
83,187,3
84,187,3
85,187,0
86,187,0
87,187,3
88,187,3
89,187,0
90,187,0
91,187,3
92,187,3
93,187,0
94,187,0
95,187,3
96,187,3
97,187,0
98,187,0
99,187,3
100,187,4
101,187,0
102,187,0
103,187,4
104,187,4
105,187,0
106,187,0
107,187,4
108,187,4
109,187,0
110,187,0
111,187,4
112,187,4
113,187,0
114,187,0
115,187,4
116,187,5
117,187,0
118,187,0
119,187,5
120,187,5
121,187,0
122,187,0
123,187,5
124,187,5
125,187,0
126,187,0
127,187,5
128,187,5
129,187,0
130,187,0
131,187,5
132,187,5
133,187,0
134,187,0
135,187,5
136,187,5
137,187,0
138,187,0
139,187,5
140,187,5
141,187,0
142,187,0
143,187,4
144,187,4
145,187,0
146,187,0
147,187,4
148,187,4
149,187,0
150,187,0
151,187,4
152,187,4
153,187,0
154,187,0
155,187,4
156,187,4
157,187,0
158,187,0
159,187,3
160,187,3
161,187,0
162,187,0
163,187,3
164,187,3
165,187,0
166,187,0
167,187,3
168,187,3
169,187,0
170,187,0
171,187,3
172,187,3
173,187,0
174,187,0
175,187,3
176,187,3
177,187,0
178,187,0
179,187,3
180,187,3
181,187,0
182,187,0
183,187,3
184,187,3
185,187,0
186,187,0
187,187,3
188,187,3
189,187,0
190,187,0
191,187,3
192,187,3
193,187,0
194,187,0
195,187,3
196,187,3
197,187,0
198,187,0
199,187,3
200,187,3
201,187,0
202,187,0
203,187,3
204,187,3
205,187,0
206,187,0
207,187,3
208,187,3
209,187,0
210,187,0
211,187,3
212,187,3
213,187,0
214,187,0
215,187,3
216,187,3
217,187,0
218,187,0
219,187,3
220,187,3
221,187,0
222,187,0
223,187,3
224,187,3
225,187,0
226,187,0
227,187,3
228,187,3
229,187,0
230,187,0
231,187,3
232,187,3
233,187,0
234,187,0
235,187,3
236,187,3
237,187,0
238,187,0
239,187,3
240,187,3
241,187,0
242,187,0
243,187,3
244,187,2
245,187,0
246,187,0
247,187,2
248,187,2
249,187,0
250,187,0
251,187,2
252,187,2
253,187,0
254,187,0
255,187,2
0,188,2
1,188,0
2,188,0
3,188,2
4,188,2
5,188,0
6,188,0
7,188,2
8,188,2
9,188,0
10,188,0
11,188,2
12,188,2
13,188,0
14,188,0
15,188,2
16,188,3
17,188,0
18,188,0
19,188,3
20,188,3
21,188,0
22,188,0
23,188,3
24,188,3
25,188,0
26,188,0
27,188,3
28,188,3
29,188,0
30,188,0
31,188,3
32,188,3
33,188,0
34,188,0
35,188,3
36,188,3
37,188,0
38,188,0
39,188,3
40,188,3
41,188,0
42,188,0
43,188,3
44,188,3
45,188,0
46,188,0
47,188,3
48,188,3
49,188,0
50,188,0
51,188,3
52,188,3
53,188,0
54,188,0
55,188,3
56,188,3
57,188,0
58,188,0
59,188,3
60,188,3
61,188,0
62,188,0
63,188,3
64,188,3
65,188,0
66,188,0
67,188,3
68,188,3
69,188,0
70,188,0
71,188,3
72,188,3
73,188,0
74,188,0
75,188,3
76,188,3
77,188,0
78,188,0
79,188,3
80,188,3
81,188,0
82,188,0
83,188,3
84,188,3
85,188,0
86,188,0
87,188,3
88,188,3
89,188,0
90,188,0
91,188,3
92,188,3
93,188,0
94,188,0
95,188,3
96,188,3
97,188,0
98,188,0
99,188,3
100,188,3
101,188,0
102,188,0
103,188,4
104,188,4
105,188,0
106,188,0
107,188,4
108,188,4
109,188,0
110,188,0
111,188,4
112,188,4
113,188,0
114,188,0
115,188,4
116,188,4
117,188,0
118,188,0
119,188,5
120,188,5
121,188,0
122,188,0
123,188,5
124,188,5
125,188,0
126,188,0
127,188,5
128,188,5
129,188,0
130,188,0
131,188,5
132,188,5
133,188,0
134,188,0
135,188,5
136,188,5
137,188,0
138,188,0
139,188,5
140,188,4
141,188,0
142,188,0
143,188,4
144,188,4
145,188,0
146,188,0
147,188,4
148,188,4
149,188,0
150,188,0
151,188,4
152,188,4
153,188,0
154,188,0
155,188,4
156,188,3
157,188,0
158,188,0
159,188,3
160,188,3
161,188,0
162,188,0
163,188,3
164,188,3
165,188,0
166,188,0
167,188,3
168,188,3
169,188,0
170,188,0
171,188,3
172,188,3
173,188,0
174,188,0
175,188,3
176,188,3
177,188,0
178,188,0
179,188,3
180,188,3
181,188,0
182,188,0
183,188,3
184,188,3
185,188,0
186,188,0
187,188,3
188,188,3
189,188,0
190,188,0
191,188,3
192,188,3
193,188,0
194,188,0
195,188,3
196,188,3
197,188,0
198,188,0
199,188,3
200,188,3
201,188,0
202,188,0
203,188,3
204,188,3
205,188,0
206,188,0
207,188,3
208,188,3
209,188,0
210,188,0
211,188,3
212,188,3
213,188,0
214,188,0
215,188,3
216,188,3
217,188,0
218,188,0
219,188,3
220,188,3
221,188,0
222,188,0
223,188,3
224,188,3
225,188,0
226,188,0
227,188,3
228,188,3
229,188,0
230,188,0
231,188,3
232,188,3
233,188,0
234,188,0
235,188,3
236,188,3
237,188,0
238,188,0
239,188,3
240,188,3
241,188,0
242,188,0
243,188,2
244,188,2
245,188,0
246,188,0
247,188,2
248,188,2
249,188,0
250,188,0
251,188,2
252,188,2
253,188,0
254,188,0
255,188,2
0,189,2
1,189,0
2,189,0
3,189,2
4,189,2
5,189,0
6,189,0
7,189,2
8,189,2
9,189,0
10,189,0
11,189,2
12,189,2
13,189,0
14,189,0
15,189,2
16,189,2
17,189,0
18,189,0
19,189,3
20,189,3
21,189,0
22,189,0
23,189,3
24,189,3
25,189,0
26,189,0
27,189,3
28,189,3
29,189,0
30,189,0
31,189,3
32,189,3
33,189,0
34,189,0
35,189,3
36,189,3
37,189,0
38,189,0
39,189,3
40,189,3
41,189,0
42,189,0
43,189,3
44,189,3
45,189,0
46,189,0
47,189,3
48,189,3
49,189,0
50,189,0
51,189,3
52,189,3
53,189,0
54,189,0
55,189,3
56,189,3
57,189,0
58,189,0
59,189,3
60,189,3
61,189,0
62,189,0
63,189,3
64,189,3
65,189,0
66,189,0
67,189,3
68,189,3
69,189,0
70,189,0
71,189,3
72,189,3
73,189,0
74,189,0
75,189,3
76,189,3
77,189,0
78,189,0
79,189,3
80,189,3
81,189,0
82,189,0
83,189,3
84,189,3
85,189,0
86,189,0
87,189,3
88,189,3
89,189,0
90,189,0
91,189,3
92,189,3
93,189,0
94,189,0
95,189,3
96,189,3
97,189,0
98,189,0
99,189,3
100,189,3
101,189,0
102,189,0
103,189,4
104,189,4
105,189,0
106,189,0
107,189,4
108,189,4
109,189,0
110,189,0
111,189,4
112,189,4
113,189,0
114,189,0
115,189,4
116,189,4
117,189,0
118,189,0
119,189,5
120,189,5
121,189,0
122,189,0
123,189,5
124,189,5
125,189,0
126,189,0
127,189,5
128,189,5
129,189,0
130,189,0
131,189,5
132,189,5
133,189,0
134,189,0
135,189,5
136,189,5
137,189,0
138,189,0
139,189,4
140,189,4
141,189,0
142,189,0
143,189,4
144,189,4
145,189,0
146,189,0
147,189,4
148,189,4
149,189,0
150,189,0
151,189,4
152,189,4
153,189,0
154,189,0
155,189,3
156,189,3
157,189,0
158,189,0
159,189,3
160,189,3
161,189,0
162,189,0
163,189,3
164,189,3
165,189,0
166,189,0
167,189,3
168,189,3
169,189,0
170,189,0
171,189,3
172,189,3
173,189,0
174,189,0
175,189,3
176,189,3
177,189,0
178,189,0
179,189,3
180,189,3
181,189,0
182,189,0
183,189,3
184,189,3
185,189,0
186,189,0
187,189,3
188,189,3
189,189,0
190,189,0
191,189,3
192,189,3
193,189,0
194,189,0
195,189,3
196,189,3
197,189,0
198,189,0
199,189,3
200,189,3
201,189,0
202,189,0
203,189,3
204,189,3
205,189,0
206,189,0
207,189,3
208,189,3
209,189,0
210,189,0
211,189,3
212,189,3
213,189,0
214,189,0
215,189,3
216,189,3
217,189,0
218,189,0
219,189,3
220,189,3
221,189,0
222,189,0
223,189,3
224,189,3
225,189,0
226,189,0
227,189,3
228,189,3
229,189,0
230,189,0
231,189,3
232,189,3
233,189,0
234,189,0
235,189,3
236,189,3
237,189,0
238,189,0
239,189,2
240,189,2
241,189,0
242,189,0
243,189,2
244,189,2
245,189,0
246,189,0
247,189,2
248,189,2
249,189,0
250,189,0
251,189,2
252,189,2
253,189,0
254,189,0
255,189,2
0,190,2
1,190,0
2,190,0
3,190,2
4,190,2
5,190,0
6,190,0
7,190,2
8,190,2
9,190,0
10,190,0
11,190,2
12,190,2
13,190,0
14,190,0
15,190,2
16,190,2
17,190,0
18,190,0
19,190,2
20,190,2
21,190,0
22,190,0
23,190,3
24,190,3
25,190,0
26,190,0
27,190,3
28,190,3
29,190,0
30,190,0
31,190,3
32,190,3
33,190,0
34,190,0
35,190,3
36,190,3
37,190,0
38,190,0
39,190,3
40,190,3
41,190,0
42,190,0
43,190,3
44,190,3
45,190,0
46,190,0
47,190,3
48,190,3
49,190,0
50,190,0
51,190,3
52,190,3
53,190,0
54,190,0
55,190,3
56,190,3
57,190,0
58,190,0
59,190,3
60,190,3
61,190,0
62,190,0
63,190,3
64,190,3
65,190,0
66,190,0
67,190,3
68,190,3
69,190,0
70,190,0
71,190,3
72,190,3
73,190,0
74,190,0
75,190,3
76,190,3
77,190,0
78,190,0
79,190,3
80,190,3
81,190,0
82,190,0
83,190,3
84,190,3
85,190,0
86,190,0
87,190,3
88,190,3
89,190,0
90,190,0
91,190,3
92,190,3
93,190,0
94,190,0
95,190,3
96,190,3
97,190,0
98,190,0
99,190,3
100,190,3
101,190,0
102,190,0
103,190,4
104,190,4
105,190,0
106,190,0
107,190,4
108,190,4
109,190,0
110,190,0
111,190,4
112,190,4
113,190,0
114,190,0
115,190,4
116,190,4
117,190,0
118,190,0
119,190,4
120,190,5
121,190,0
122,190,0
123,190,5
124,190,5
125,190,0
126,190,0
127,190,5
128,190,5
129,190,0
130,190,0
131,190,5
132,190,5
133,190,0
134,190,0
135,190,5
136,190,5
137,190,0
138,190,0
139,190,4
140,190,4
141,190,0
142,190,0
143,190,4
144,190,4
145,190,0
146,190,0
147,190,4
148,190,4
149,190,0
150,190,0
151,190,4
152,190,4
153,190,0
154,190,0
155,190,3
156,190,3
157,190,0
158,190,0
159,190,3
160,190,3
161,190,0
162,190,0
163,190,3
164,190,3
165,190,0
166,190,0
167,190,3
168,190,3
169,190,0
170,190,0
171,190,3
172,190,3
173,190,0
174,190,0
175,190,3
176,190,3
177,190,0
178,190,0
179,190,3
180,190,3
181,190,0
182,190,0
183,190,3
184,190,3
185,190,0
186,190,0
187,190,3
188,190,3
189,190,0
190,190,0
191,190,3
192,190,3
193,190,0
194,190,0
195,190,3
196,190,3
197,190,0
198,190,0
199,190,3
200,190,3
201,190,0
202,190,0
203,190,3
204,190,3
205,190,0
206,190,0
207,190,3
208,190,3
209,190,0
210,190,0
211,190,3
212,190,3
213,190,0
214,190,0
215,190,3
216,190,3
217,190,0
218,190,0
219,190,3
220,190,3
221,190,0
222,190,0
223,190,3
224,190,3
225,190,0
226,190,0
227,190,3
228,190,3
229,190,0
230,190,0
231,190,3
232,190,3
233,190,0
234,190,0
235,190,2
236,190,2
237,190,0
238,190,0
239,190,2
240,190,2
241,190,0
242,190,0
243,190,2
244,190,2
245,190,0
246,190,0
247,190,2
248,190,2
249,190,0
250,190,0
251,190,2
252,190,2
253,190,0
254,190,0
255,190,2
0,191,2
1,191,0
2,191,0
3,191,2
4,191,2
5,191,0
6,191,0
7,191,2
8,191,2
9,191,0
10,191,0
11,191,2
12,191,2
13,191,0
14,191,0
15,191,2
16,191,2
17,191,0
18,191,0
19,191,2
20,191,2
21,191,0
22,191,0
23,191,2
24,191,2
25,191,0
26,191,0
27,191,3
28,191,3
29,191,0
30,191,0
31,191,3
32,191,3
33,191,0
34,191,0
35,191,3
36,191,3
37,191,0
38,191,0
39,191,3
40,191,3
41,191,0
42,191,0
43,191,3
44,191,3
45,191,0
46,191,0
47,191,3
48,191,3
49,191,0
50,191,0
51,191,3
52,191,3
53,191,0
54,191,0
55,191,3
56,191,3
57,191,0
58,191,0
59,191,3
60,191,3
61,191,0
62,191,0
63,191,3
64,191,3
65,191,0
66,191,0
67,191,3
68,191,3
69,191,0
70,191,0
71,191,3
72,191,3
73,191,0
74,191,0
75,191,3
76,191,3
77,191,0
78,191,0
79,191,3
80,191,3
81,191,0
82,191,0
83,191,3
84,191,3
85,191,0
86,191,0
87,191,3
88,191,3
89,191,0
90,191,0
91,191,3
92,191,3
93,191,0
94,191,0
95,191,3
96,191,3
97,191,0
98,191,0
99,191,3
100,191,3
101,191,0
102,191,0
103,191,4
104,191,4
105,191,0
106,191,0
107,191,4
108,191,4
109,191,0
110,191,0
111,191,4
112,191,4
113,191,0
114,191,0
115,191,4
116,191,4
117,191,0
118,191,0
119,191,4
120,191,4
121,191,0
122,191,0
123,191,5
124,191,5
125,191,0
126,191,0
127,191,5
128,191,5
129,191,0
130,191,0
131,191,5
132,191,5
133,191,0
134,191,0
135,191,4
136,191,4
137,191,0
138,191,0
139,191,4
140,191,4
141,191,0
142,191,0
143,191,4
144,191,4
145,191,0
146,191,0
147,191,4
148,191,4
149,191,0
150,191,0
151,191,4
152,191,4
153,191,0
154,191,0
155,191,3
156,191,3
157,191,0
158,191,0
159,191,3
160,191,3
161,191,0
162,191,0
163,191,3
164,191,3
165,191,0
166,191,0
167,191,3
168,191,3
169,191,0
170,191,0
171,191,3
172,191,3
173,191,0
174,191,0
175,191,3
176,191,3
177,191,0
178,191,0
179,191,3
180,191,3
181,191,0
182,191,0
183,191,3
184,191,3
185,191,0
186,191,0
187,191,3
188,191,3
189,191,0
190,191,0
191,191,3
192,191,3
193,191,0
194,191,0
195,191,3
196,191,3
197,191,0
198,191,0
199,191,3
200,191,3
201,191,0
202,191,0
203,191,3
204,191,3
205,191,0
206,191,0
207,191,3
208,191,3
209,191,0
210,191,0
211,191,3
212,191,3
213,191,0
214,191,0
215,191,3
216,191,3
217,191,0
218,191,0
219,191,3
220,191,3
221,191,0
222,191,0
223,191,3
224,191,3
225,191,0
226,191,0
227,191,3
228,191,3
229,191,0
230,191,0
231,191,3
232,191,2
233,191,0
234,191,0
235,191,2
236,191,2
237,191,0
238,191,0
239,191,2
240,191,2
241,191,0
242,191,0
243,191,2
244,191,2
245,191,0
246,191,0
247,191,2
248,191,2
249,191,0
250,191,0
251,191,2
252,191,2
253,191,0
254,191,0
255,191,2
0,192,2
1,192,0
2,192,0
3,192,2
4,192,2
5,192,0
6,192,0
7,192,2
8,192,2
9,192,0
10,192,0
11,192,2
12,192,2
13,192,0
14,192,0
15,192,2
16,192,2
17,192,0
18,192,0
19,192,2
20,192,2
21,192,0
22,192,0
23,192,2
24,192,2
25,192,0
26,192,0
27,192,3
28,192,3
29,192,0
30,192,0
31,192,3
32,192,3
33,192,0
34,192,0
35,192,3
36,192,3
37,192,0
38,192,0
39,192,3
40,192,3
41,192,0
42,192,0
43,192,3
44,192,3
45,192,0
46,192,0
47,192,3
48,192,3
49,192,0
50,192,0
51,192,3
52,192,3
53,192,0
54,192,0
55,192,3
56,192,3
57,192,0
58,192,0
59,192,3
60,192,3
61,192,0
62,192,0
63,192,3
64,192,3
65,192,0
66,192,0
67,192,3
68,192,3
69,192,0
70,192,0
71,192,3
72,192,3
73,192,0
74,192,0
75,192,3
76,192,3
77,192,0
78,192,0
79,192,3
80,192,3
81,192,0
82,192,0
83,192,3
84,192,3
85,192,0
86,192,0
87,192,3
88,192,3
89,192,0
90,192,0
91,192,3
92,192,3
93,192,0
94,192,0
95,192,3
96,192,3
97,192,0
98,192,0
99,192,3
100,192,3
101,192,0
102,192,0
103,192,3
104,192,4
105,192,0
106,192,0
107,192,4
108,192,4
109,192,0
110,192,0
111,192,4
112,192,4
113,192,0
114,192,0
115,192,4
116,192,4
117,192,0
118,192,0
119,192,4
120,192,4
121,192,0
122,192,0
123,192,5
124,192,5
125,192,0
126,192,0
127,192,5
128,192,5
129,192,0
130,192,0
131,192,5
132,192,5
133,192,0
134,192,0
135,192,4
136,192,4
137,192,0
138,192,0
139,192,4
140,192,4
141,192,0
142,192,0
143,192,4
144,192,4
145,192,0
146,192,0
147,192,4
148,192,4
149,192,0
150,192,0
151,192,4
152,192,4
153,192,0
154,192,0
155,192,3
156,192,3
157,192,0
158,192,0
159,192,3
160,192,3
161,192,0
162,192,0
163,192,3
164,192,3
165,192,0
166,192,0
167,192,3
168,192,3
169,192,0
170,192,0
171,192,3
172,192,3
173,192,0
174,192,0
175,192,3
176,192,3
177,192,0
178,192,0
179,192,3
180,192,3
181,192,0
182,192,0
183,192,3
184,192,3
185,192,0
186,192,0
187,192,3
188,192,3
189,192,0
190,192,0
191,192,3
192,192,3
193,192,0
194,192,0
195,192,3
196,192,3
197,192,0
198,192,0
199,192,3
200,192,3
201,192,0
202,192,0
203,192,3
204,192,3
205,192,0
206,192,0
207,192,3
208,192,3
209,192,0
210,192,0
211,192,3
212,192,3
213,192,0
214,192,0
215,192,3
216,192,3
217,192,0
218,192,0
219,192,3
220,192,3
221,192,0
222,192,0
223,192,3
224,192,3
225,192,0
226,192,0
227,192,3
228,192,3
229,192,0
230,192,0
231,192,2
232,192,2
233,192,0
234,192,0
235,192,2
236,192,2
237,192,0
238,192,0
239,192,2
240,192,2
241,192,0
242,192,0
243,192,2
244,192,2
245,192,0
246,192,0
247,192,2
248,192,2
249,192,0
250,192,0
251,192,2
252,192,2
253,192,0
254,192,0
255,192,2
0,193,2
1,193,0
2,193,0
3,193,2
4,193,2
5,193,0
6,193,0
7,193,2
8,193,2
9,193,0
10,193,0
11,193,2
12,193,2
13,193,0
14,193,0
15,193,2
16,193,2
17,193,0
18,193,0
19,193,2
20,193,2
21,193,0
22,193,0
23,193,2
24,193,2
25,193,0
26,193,0
27,193,2
28,193,2
29,193,0
30,193,0
31,193,3
32,193,3
33,193,0
34,193,0
35,193,3
36,193,3
37,193,0
38,193,0
39,193,3
40,193,3
41,193,0
42,193,0
43,193,3
44,193,3
45,193,0
46,193,0
47,193,3
48,193,3
49,193,0
50,193,0
51,193,3
52,193,3
53,193,0
54,193,0
55,193,3
56,193,3
57,193,0
58,193,0
59,193,3
60,193,3
61,193,0
62,193,0
63,193,3
64,193,3
65,193,0
66,193,0
67,193,3
68,193,3
69,193,0
70,193,0
71,193,3
72,193,3
73,193,0
74,193,0
75,193,3
76,193,3
77,193,0
78,193,0
79,193,3
80,193,3
81,193,0
82,193,0
83,193,3
84,193,3
85,193,0
86,193,0
87,193,3
88,193,3
89,193,0
90,193,0
91,193,3
92,193,3
93,193,0
94,193,0
95,193,3
96,193,3
97,193,0
98,193,0
99,193,3
100,193,3
101,193,0
102,193,0
103,193,3
104,193,3
105,193,0
106,193,0
107,193,4
108,193,4
109,193,0
110,193,0
111,193,4
112,193,4
113,193,0
114,193,0
115,193,4
116,193,4
117,193,0
118,193,0
119,193,4
120,193,4
121,193,0
122,193,0
123,193,4
124,193,5
125,193,0
126,193,0
127,193,5
128,193,5
129,193,0
130,193,0
131,193,5
132,193,5
133,193,0
134,193,0
135,193,4
136,193,4
137,193,0
138,193,0
139,193,4
140,193,4
141,193,0
142,193,0
143,193,4
144,193,4
145,193,0
146,193,0
147,193,4
148,193,4
149,193,0
150,193,0
151,193,4
152,193,3
153,193,0
154,193,0
155,193,3
156,193,3
157,193,0
158,193,0
159,193,3
160,193,3
161,193,0
162,193,0
163,193,3
164,193,3
165,193,0
166,193,0
167,193,3
168,193,3
169,193,0
170,193,0
171,193,3
172,193,3
173,193,0
174,193,0
175,193,3
176,193,3
177,193,0
178,193,0
179,193,3
180,193,3
181,193,0
182,193,0
183,193,3
184,193,3
185,193,0
186,193,0
187,193,3
188,193,3
189,193,0
190,193,0
191,193,3
192,193,3
193,193,0
194,193,0
195,193,3
196,193,3
197,193,0
198,193,0
199,193,3
200,193,3
201,193,0
202,193,0
203,193,3
204,193,3
205,193,0
206,193,0
207,193,3
208,193,3
209,193,0
210,193,0
211,193,3
212,193,3
213,193,0
214,193,0
215,193,3
216,193,3
217,193,0
218,193,0
219,193,3
220,193,3
221,193,0
222,193,0
223,193,3
224,193,3
225,193,0
226,193,0
227,193,2
228,193,2
229,193,0
230,193,0
231,193,2
232,193,2
233,193,0
234,193,0
235,193,2
236,193,2
237,193,0
238,193,0
239,193,2
240,193,2
241,193,0
242,193,0
243,193,2
244,193,2
245,193,0
246,193,0
247,193,2
248,193,2
249,193,0
250,193,0
251,193,2
252,193,2
253,193,0
254,193,0
255,193,2
0,194,2
1,194,0
2,194,0
3,194,2
4,194,2
5,194,0
6,194,0
7,194,2
8,194,2
9,194,0
10,194,0
11,194,2
12,194,2
13,194,0
14,194,0
15,194,2
16,194,2
17,194,0
18,194,0
19,194,2
20,194,2
21,194,0
22,194,0
23,194,2
24,194,2
25,194,0
26,194,0
27,194,2
28,194,2
29,194,0
30,194,0
31,194,2
32,194,3
33,194,0
34,194,0
35,194,3
36,194,3
37,194,0
38,194,0
39,194,3
40,194,3
41,194,0
42,194,0
43,194,3
44,194,3
45,194,0
46,194,0
47,194,3
48,194,3
49,194,0
50,194,0
51,194,3
52,194,3
53,194,0
54,194,0
55,194,3
56,194,3
57,194,0
58,194,0
59,194,3
60,194,3
61,194,0
62,194,0
63,194,3
64,194,3
65,194,0
66,194,0
67,194,3
68,194,3
69,194,0
70,194,0
71,194,3
72,194,3
73,194,0
74,194,0
75,194,3
76,194,3
77,194,0
78,194,0
79,194,3
80,194,3
81,194,0
82,194,0
83,194,3
84,194,3
85,194,0
86,194,0
87,194,3
88,194,3
89,194,0
90,194,0
91,194,3
92,194,3
93,194,0
94,194,0
95,194,3
96,194,3
97,194,0
98,194,0
99,194,3
100,194,3
101,194,0
102,194,0
103,194,3
104,194,3
105,194,0
106,194,0
107,194,4
108,194,4
109,194,0
110,194,0
111,194,4
112,194,4
113,194,0
114,194,0
115,194,4
116,194,4
117,194,0
118,194,0
119,194,4
120,194,4
121,194,0
122,194,0
123,194,4
124,194,4
125,194,0
126,194,0
127,194,5
128,194,5
129,194,0
130,194,0
131,194,5
132,194,4
133,194,0
134,194,0
135,194,4
136,194,4
137,194,0
138,194,0
139,194,4
140,194,4
141,194,0
142,194,0
143,194,4
144,194,4
145,194,0
146,194,0
147,194,4
148,194,4
149,194,0
150,194,0
151,194,3
152,194,3
153,194,0
154,194,0
155,194,3
156,194,3
157,194,0
158,194,0
159,194,3
160,194,3
161,194,0
162,194,0
163,194,3
164,194,3
165,194,0
166,194,0
167,194,3
168,194,3
169,194,0
170,194,0
171,194,3
172,194,3
173,194,0
174,194,0
175,194,3
176,194,3
177,194,0
178,194,0
179,194,3
180,194,3
181,194,0
182,194,0
183,194,3
184,194,3
185,194,0
186,194,0
187,194,3
188,194,3
189,194,0
190,194,0
191,194,3
192,194,3
193,194,0
194,194,0
195,194,3
196,194,3
197,194,0
198,194,0
199,194,3
200,194,3
201,194,0
202,194,0
203,194,3
204,194,3
205,194,0
206,194,0
207,194,3
208,194,3
209,194,0
210,194,0
211,194,3
212,194,3
213,194,0
214,194,0
215,194,3
216,194,3
217,194,0
218,194,0
219,194,3
220,194,3
221,194,0
222,194,0
223,194,3
224,194,3
225,194,0
226,194,0
227,194,2
228,194,2
229,194,0
230,194,0
231,194,2
232,194,2
233,194,0
234,194,0
235,194,2
236,194,2
237,194,0
238,194,0
239,194,2
240,194,2
241,194,0
242,194,0
243,194,2
244,194,2
245,194,0
246,194,0
247,194,2
248,194,2
249,194,0
250,194,0
251,194,2
252,194,2
253,194,0
254,194,0
255,194,2
0,195,2
1,195,0
2,195,0
3,195,2
4,195,2
5,195,0
6,195,0
7,195,2
8,195,2
9,195,0
10,195,0
11,195,2
12,195,2
13,195,0
14,195,0
15,195,2
16,195,2
17,195,0
18,195,0
19,195,2
20,195,2
21,195,0
22,195,0
23,195,2
24,195,2
25,195,0
26,195,0
27,195,2
28,195,2
29,195,0
30,195,0
31,195,2
32,195,2
33,195,0
34,195,0
35,195,3
36,195,3
37,195,0
38,195,0
39,195,3
40,195,3
41,195,0
42,195,0
43,195,3
44,195,3
45,195,0
46,195,0
47,195,3
48,195,3
49,195,0
50,195,0
51,195,3
52,195,3
53,195,0
54,195,0
55,195,3
56,195,3
57,195,0
58,195,0
59,195,3
60,195,3
61,195,0
62,195,0
63,195,3
64,195,3
65,195,0
66,195,0
67,195,3
68,195,3
69,195,0
70,195,0
71,195,3
72,195,3
73,195,0
74,195,0
75,195,3
76,195,3
77,195,0
78,195,0
79,195,3
80,195,3
81,195,0
82,195,0
83,195,3
84,195,3
85,195,0
86,195,0
87,195,3
88,195,3
89,195,0
90,195,0
91,195,3
92,195,3
93,195,0
94,195,0
95,195,3
96,195,3
97,195,0
98,195,0
99,195,3
100,195,3
101,195,0
102,195,0
103,195,3
104,195,3
105,195,0
106,195,0
107,195,4
108,195,4
109,195,0
110,195,0
111,195,4
112,195,4
113,195,0
114,195,0
115,195,4
116,195,4
117,195,0
118,195,0
119,195,4
120,195,4
121,195,0
122,195,0
123,195,4
124,195,4
125,195,0
126,195,0
127,195,5
128,195,5
129,195,0
130,195,0
131,195,4
132,195,4
133,195,0
134,195,0
135,195,4
136,195,4
137,195,0
138,195,0
139,195,4
140,195,4
141,195,0
142,195,0
143,195,4
144,195,4
145,195,0
146,195,0
147,195,4
148,195,4
149,195,0
150,195,0
151,195,3
152,195,3
153,195,0
154,195,0
155,195,3
156,195,3
157,195,0
158,195,0
159,195,3
160,195,3
161,195,0
162,195,0
163,195,3
164,195,3
165,195,0
166,195,0
167,195,3
168,195,3
169,195,0
170,195,0
171,195,3
172,195,3
173,195,0
174,195,0
175,195,3
176,195,3
177,195,0
178,195,0
179,195,3
180,195,3
181,195,0
182,195,0
183,195,3
184,195,3
185,195,0
186,195,0
187,195,3
188,195,3
189,195,0
190,195,0
191,195,3
192,195,3
193,195,0
194,195,0
195,195,3
196,195,3
197,195,0
198,195,0
199,195,3
200,195,3
201,195,0
202,195,0
203,195,3
204,195,3
205,195,0
206,195,0
207,195,3
208,195,3
209,195,0
210,195,0
211,195,3
212,195,3
213,195,0
214,195,0
215,195,3
216,195,3
217,195,0
218,195,0
219,195,3
220,195,3
221,195,0
222,195,0
223,195,2
224,195,2
225,195,0
226,195,0
227,195,2
228,195,2
229,195,0
230,195,0
231,195,2
232,195,2
233,195,0
234,195,0
235,195,2
236,195,2
237,195,0
238,195,0
239,195,2
240,195,2
241,195,0
242,195,0
243,195,2
244,195,2
245,195,0
246,195,0
247,195,2
248,195,2
249,195,0
250,195,0
251,195,2
252,195,2
253,195,0
254,195,0
255,195,2
0,196,2
1,196,0
2,196,0
3,196,2
4,196,2
5,196,0
6,196,0
7,196,2
8,196,2
9,196,0
10,196,0
11,196,2
12,196,2
13,196,0
14,196,0
15,196,2
16,196,2
17,196,0
18,196,0
19,196,2
20,196,2
21,196,0
22,196,0
23,196,2
24,196,2
25,196,0
26,196,0
27,196,2
28,196,2
29,196,0
30,196,0
31,196,2
32,196,2
33,196,0
34,196,0
35,196,2
36,196,2
37,196,0
38,196,0
39,196,3
40,196,3
41,196,0
42,196,0
43,196,3
44,196,3
45,196,0
46,196,0
47,196,3
48,196,3
49,196,0
50,196,0
51,196,3
52,196,3
53,196,0
54,196,0
55,196,3
56,196,3
57,196,0
58,196,0
59,196,3
60,196,3
61,196,0
62,196,0
63,196,3
64,196,3
65,196,0
66,196,0
67,196,3
68,196,3
69,196,0
70,196,0
71,196,3
72,196,3
73,196,0
74,196,0
75,196,3
76,196,3
77,196,0
78,196,0
79,196,3
80,196,3
81,196,0
82,196,0
83,196,3
84,196,3
85,196,0
86,196,0
87,196,3
88,196,3
89,196,0
90,196,0
91,196,3
92,196,3
93,196,0
94,196,0
95,196,3
96,196,3
97,196,0
98,196,0
99,196,3
100,196,3
101,196,0
102,196,0
103,196,3
104,196,3
105,196,0
106,196,0
107,196,3
108,196,4
109,196,0
110,196,0
111,196,4
112,196,4
113,196,0
114,196,0
115,196,4
116,196,4
117,196,0
118,196,0
119,196,4
120,196,4
121,196,0
122,196,0
123,196,4
124,196,4
125,196,0
126,196,0
127,196,4
128,196,5
129,196,0
130,196,0
131,196,4
132,196,4
133,196,0
134,196,0
135,196,4
136,196,4
137,196,0
138,196,0
139,196,4
140,196,4
141,196,0
142,196,0
143,196,4
144,196,4
145,196,0
146,196,0
147,196,4
148,196,4
149,196,0
150,196,0
151,196,3
152,196,3
153,196,0
154,196,0
155,196,3
156,196,3
157,196,0
158,196,0
159,196,3
160,196,3
161,196,0
162,196,0
163,196,3
164,196,3
165,196,0
166,196,0
167,196,3
168,196,3
169,196,0
170,196,0
171,196,3
172,196,3
173,196,0
174,196,0
175,196,3
176,196,3
177,196,0
178,196,0
179,196,3
180,196,3
181,196,0
182,196,0
183,196,3
184,196,3
185,196,0
186,196,0
187,196,3
188,196,3
189,196,0
190,196,0
191,196,3
192,196,3
193,196,0
194,196,0
195,196,3
196,196,3
197,196,0
198,196,0
199,196,3
200,196,3
201,196,0
202,196,0
203,196,3
204,196,3
205,196,0
206,196,0
207,196,3
208,196,3
209,196,0
210,196,0
211,196,3
212,196,3
213,196,0
214,196,0
215,196,3
216,196,3
217,196,0
218,196,0
219,196,3
220,196,2
221,196,0
222,196,0
223,196,2
224,196,2
225,196,0
226,196,0
227,196,2
228,196,2
229,196,0
230,196,0
231,196,2
232,196,2
233,196,0
234,196,0
235,196,2
236,196,2
237,196,0
238,196,0
239,196,2
240,196,2
241,196,0
242,196,0
243,196,2
244,196,2
245,196,0
246,196,0
247,196,2
248,196,2
249,196,0
250,196,0
251,196,2
252,196,2
253,196,0
254,196,0
255,196,2
0,197,2
1,197,0
2,197,0
3,197,2
4,197,2
5,197,0
6,197,0
7,197,2
8,197,2
9,197,0
10,197,0
11,197,2
12,197,2
13,197,0
14,197,0
15,197,2
16,197,2
17,197,0
18,197,0
19,197,2
20,197,2
21,197,0
22,197,0
23,197,2
24,197,2
25,197,0
26,197,0
27,197,2
28,197,2
29,197,0
30,197,0
31,197,2
32,197,2
33,197,0
34,197,0
35,197,2
36,197,2
37,197,0
38,197,0
39,197,2
40,197,3
41,197,0
42,197,0
43,197,3
44,197,3
45,197,0
46,197,0
47,197,3
48,197,3
49,197,0
50,197,0
51,197,3
52,197,3
53,197,0
54,197,0
55,197,3
56,197,3
57,197,0
58,197,0
59,197,3
60,197,3
61,197,0
62,197,0
63,197,3
64,197,3
65,197,0
66,197,0
67,197,3
68,197,3
69,197,0
70,197,0
71,197,3
72,197,3
73,197,0
74,197,0
75,197,3
76,197,3
77,197,0
78,197,0
79,197,3
80,197,3
81,197,0
82,197,0
83,197,3
84,197,3
85,197,0
86,197,0
87,197,3
88,197,3
89,197,0
90,197,0
91,197,3
92,197,3
93,197,0
94,197,0
95,197,3
96,197,3
97,197,0
98,197,0
99,197,3
100,197,3
101,197,0
102,197,0
103,197,3
104,197,3
105,197,0
106,197,0
107,197,3
108,197,3
109,197,0
110,197,0
111,197,4
112,197,4
113,197,0
114,197,0
115,197,4
116,197,4
117,197,0
118,197,0
119,197,4
120,197,4
121,197,0
122,197,0
123,197,4
124,197,4
125,197,0
126,197,0
127,197,4
128,197,4
129,197,0
130,197,0
131,197,4
132,197,4
133,197,0
134,197,0
135,197,4
136,197,4
137,197,0
138,197,0
139,197,4
140,197,4
141,197,0
142,197,0
143,197,4
144,197,4
145,197,0
146,197,0
147,197,4
148,197,3
149,197,0
150,197,0
151,197,3
152,197,3
153,197,0
154,197,0
155,197,3
156,197,3
157,197,0
158,197,0
159,197,3
160,197,3
161,197,0
162,197,0
163,197,3
164,197,3
165,197,0
166,197,0
167,197,3
168,197,3
169,197,0
170,197,0
171,197,3
172,197,3
173,197,0
174,197,0
175,197,3
176,197,3
177,197,0
178,197,0
179,197,3
180,197,3
181,197,0
182,197,0
183,197,3
184,197,3
185,197,0
186,197,0
187,197,3
188,197,3
189,197,0
190,197,0
191,197,3
192,197,3
193,197,0
194,197,0
195,197,3
196,197,3
197,197,0
198,197,0
199,197,3
200,197,3
201,197,0
202,197,0
203,197,3
204,197,3
205,197,0
206,197,0
207,197,3
208,197,3
209,197,0
210,197,0
211,197,3
212,197,3
213,197,0
214,197,0
215,197,3
216,197,3
217,197,0
218,197,0
219,197,2
220,197,2
221,197,0
222,197,0
223,197,2
224,197,2
225,197,0
226,197,0
227,197,2
228,197,2
229,197,0
230,197,0
231,197,2
232,197,2
233,197,0
234,197,0
235,197,2
236,197,2
237,197,0
238,197,0
239,197,2
240,197,2
241,197,0
242,197,0
243,197,2
244,197,2
245,197,0
246,197,0
247,197,2
248,197,2
249,197,0
250,197,0
251,197,2
252,197,2
253,197,0
254,197,0
255,197,2
0,198,2
1,198,0
2,198,0
3,198,2
4,198,2
5,198,0
6,198,0
7,198,2
8,198,2
9,198,0
10,198,0
11,198,2
12,198,2
13,198,0
14,198,0
15,198,2
16,198,2
17,198,0
18,198,0
19,198,2
20,198,2
21,198,0
22,198,0
23,198,2
24,198,2
25,198,0
26,198,0
27,198,2
28,198,2
29,198,0
30,198,0
31,198,2
32,198,2
33,198,0
34,198,0
35,198,2
36,198,2
37,198,0
38,198,0
39,198,2
40,198,2
41,198,0
42,198,0
43,198,3
44,198,3
45,198,0
46,198,0
47,198,3
48,198,3
49,198,0
50,198,0
51,198,3
52,198,3
53,198,0
54,198,0
55,198,3
56,198,3
57,198,0
58,198,0
59,198,3
60,198,3
61,198,0
62,198,0
63,198,3
64,198,3
65,198,0
66,198,0
67,198,3
68,198,3
69,198,0
70,198,0
71,198,3
72,198,3
73,198,0
74,198,0
75,198,3
76,198,3
77,198,0
78,198,0
79,198,3
80,198,3
81,198,0
82,198,0
83,198,3
84,198,3
85,198,0
86,198,0
87,198,3
88,198,3
89,198,0
90,198,0
91,198,3
92,198,3
93,198,0
94,198,0
95,198,3
96,198,3
97,198,0
98,198,0
99,198,3
100,198,3
101,198,0
102,198,0
103,198,3
104,198,3
105,198,0
106,198,0
107,198,3
108,198,3
109,198,0
110,198,0
111,198,4
112,198,4
113,198,0
114,198,0
115,198,4
116,198,4
117,198,0
118,198,0
119,198,4
120,198,4
121,198,0
122,198,0
123,198,4
124,198,4
125,198,0
126,198,0
127,198,4
128,198,4
129,198,0
130,198,0
131,198,4
132,198,4
133,198,0
134,198,0
135,198,4
136,198,4
137,198,0
138,198,0
139,198,4
140,198,4
141,198,0
142,198,0
143,198,4
144,198,4
145,198,0
146,198,0
147,198,3
148,198,3
149,198,0
150,198,0
151,198,3
152,198,3
153,198,0
154,198,0
155,198,3
156,198,3
157,198,0
158,198,0
159,198,3
160,198,3
161,198,0
162,198,0
163,198,3
164,198,3
165,198,0
166,198,0
167,198,3
168,198,3
169,198,0
170,198,0
171,198,3
172,198,3
173,198,0
174,198,0
175,198,3
176,198,3
177,198,0
178,198,0
179,198,3
180,198,3
181,198,0
182,198,0
183,198,3
184,198,3
185,198,0
186,198,0
187,198,3
188,198,3
189,198,0
190,198,0
191,198,3
192,198,3
193,198,0
194,198,0
195,198,3
196,198,3
197,198,0
198,198,0
199,198,3
200,198,3
201,198,0
202,198,0
203,198,3
204,198,3
205,198,0
206,198,0
207,198,3
208,198,3
209,198,0
210,198,0
211,198,3
212,198,3
213,198,0
214,198,0
215,198,2
216,198,2
217,198,0
218,198,0
219,198,2
220,198,2
221,198,0
222,198,0
223,198,2
224,198,2
225,198,0
226,198,0
227,198,2
228,198,2
229,198,0
230,198,0
231,198,2
232,198,2
233,198,0
234,198,0
235,198,2
236,198,2
237,198,0
238,198,0
239,198,2
240,198,2
241,198,0
242,198,0
243,198,2
244,198,2
245,198,0
246,198,0
247,198,2
248,198,2
249,198,0
250,198,0
251,198,2
252,198,2
253,198,0
254,198,0
255,198,2
0,199,2
1,199,0
2,199,0
3,199,2
4,199,2
5,199,0
6,199,0
7,199,2
8,199,2
9,199,0
10,199,0
11,199,2
12,199,2
13,199,0
14,199,0
15,199,2
16,199,2
17,199,0
18,199,0
19,199,2
20,199,2
21,199,0
22,199,0
23,199,2
24,199,2
25,199,0
26,199,0
27,199,2
28,199,2
29,199,0
30,199,0
31,199,2
32,199,2
33,199,0
34,199,0
35,199,2
36,199,2
37,199,0
38,199,0
39,199,2
40,199,2
41,199,0
42,199,0
43,199,2
44,199,3
45,199,0
46,199,0
47,199,3
48,199,3
49,199,0
50,199,0
51,199,3
52,199,3
53,199,0
54,199,0
55,199,3
56,199,3
57,199,0
58,199,0
59,199,3
60,199,3
61,199,0
62,199,0
63,199,3
64,199,3
65,199,0
66,199,0
67,199,3
68,199,3
69,199,0
70,199,0
71,199,3
72,199,3
73,199,0
74,199,0
75,199,3
76,199,3
77,199,0
78,199,0
79,199,3
80,199,3
81,199,0
82,199,0
83,199,3
84,199,3
85,199,0
86,199,0
87,199,3
88,199,3
89,199,0
90,199,0
91,199,3
92,199,3
93,199,0
94,199,0
95,199,3
96,199,3
97,199,0
98,199,0
99,199,3
100,199,3
101,199,0
102,199,0
103,199,3
104,199,3
105,199,0
106,199,0
107,199,3
108,199,3
109,199,0
110,199,0
111,199,4
112,199,4
113,199,0
114,199,0
115,199,4
116,199,4
117,199,0
118,199,0
119,199,4
120,199,4
121,199,0
122,199,0
123,199,4
124,199,4
125,199,0
126,199,0
127,199,4
128,199,4
129,199,0
130,199,0
131,199,4
132,199,4
133,199,0
134,199,0
135,199,4
136,199,4
137,199,0
138,199,0
139,199,4
140,199,4
141,199,0
142,199,0
143,199,4
144,199,4
145,199,0
146,199,0
147,199,3
148,199,3
149,199,0
150,199,0
151,199,3
152,199,3
153,199,0
154,199,0
155,199,3
156,199,3
157,199,0
158,199,0
159,199,3
160,199,3
161,199,0
162,199,0
163,199,3
164,199,3
165,199,0
166,199,0
167,199,3
168,199,3
169,199,0
170,199,0
171,199,3
172,199,3
173,199,0
174,199,0
175,199,3
176,199,3
177,199,0
178,199,0
179,199,3
180,199,3
181,199,0
182,199,0
183,199,3
184,199,3
185,199,0
186,199,0
187,199,3
188,199,3
189,199,0
190,199,0
191,199,3
192,199,3
193,199,0
194,199,0
195,199,3
196,199,3
197,199,0
198,199,0
199,199,3
200,199,3
201,199,0
202,199,0
203,199,3
204,199,3
205,199,0
206,199,0
207,199,3
208,199,3
209,199,0
210,199,0
211,199,3
212,199,3
213,199,0
214,199,0
215,199,2
216,199,2
217,199,0
218,199,0
219,199,2
220,199,2
221,199,0
222,199,0
223,199,2
224,199,2
225,199,0
226,199,0
227,199,2
228,199,2
229,199,0
230,199,0
231,199,2
232,199,2
233,199,0
234,199,0
235,199,2
236,199,2
237,199,0
238,199,0
239,199,2
240,199,2
241,199,0
242,199,0
243,199,2
244,199,2
245,199,0
246,199,0
247,199,2
248,199,2
249,199,0
250,199,0
251,199,2
252,199,2
253,199,0
254,199,0
255,199,2
0,200,2
1,200,0
2,200,0
3,200,2
4,200,2
5,200,0
6,200,0
7,200,2
8,200,2
9,200,0
10,200,0
11,200,2
12,200,2
13,200,0
14,200,0
15,200,2
16,200,2
17,200,0
18,200,0
19,200,2
20,200,2
21,200,0
22,200,0
23,200,2
24,200,2
25,200,0
26,200,0
27,200,2
28,200,2
29,200,0
30,200,0
31,200,2
32,200,2
33,200,0
34,200,0
35,200,2
36,200,2
37,200,0
38,200,0
39,200,2
40,200,2
41,200,0
42,200,0
43,200,2
44,200,2
45,200,0
46,200,0
47,200,3
48,200,3
49,200,0
50,200,0
51,200,3
52,200,3
53,200,0
54,200,0
55,200,3
56,200,3
57,200,0
58,200,0
59,200,3
60,200,3
61,200,0
62,200,0
63,200,3
64,200,3
65,200,0
66,200,0
67,200,3
68,200,3
69,200,0
70,200,0
71,200,3
72,200,3
73,200,0
74,200,0
75,200,3
76,200,3
77,200,0
78,200,0
79,200,3
80,200,3
81,200,0
82,200,0
83,200,3
84,200,3
85,200,0
86,200,0
87,200,3
88,200,3
89,200,0
90,200,0
91,200,3
92,200,3
93,200,0
94,200,0
95,200,3
96,200,3
97,200,0
98,200,0
99,200,3
100,200,3
101,200,0
102,200,0
103,200,3
104,200,3
105,200,0
106,200,0
107,200,3
108,200,3
109,200,0
110,200,0
111,200,3
112,200,4
113,200,0
114,200,0
115,200,4
116,200,4
117,200,0
118,200,0
119,200,4
120,200,4
121,200,0
122,200,0
123,200,4
124,200,4
125,200,0
126,200,0
127,200,4
128,200,4
129,200,0
130,200,0
131,200,4
132,200,4
133,200,0
134,200,0
135,200,4
136,200,4
137,200,0
138,200,0
139,200,4
140,200,4
141,200,0
142,200,0
143,200,4
144,200,4
145,200,0
146,200,0
147,200,3
148,200,3
149,200,0
150,200,0
151,200,3
152,200,3
153,200,0
154,200,0
155,200,3
156,200,3
157,200,0
158,200,0
159,200,3
160,200,3
161,200,0
162,200,0
163,200,3
164,200,3
165,200,0
166,200,0
167,200,3
168,200,3
169,200,0
170,200,0
171,200,3
172,200,3
173,200,0
174,200,0
175,200,3
176,200,3
177,200,0
178,200,0
179,200,3
180,200,3
181,200,0
182,200,0
183,200,3
184,200,3
185,200,0
186,200,0
187,200,3
188,200,3
189,200,0
190,200,0
191,200,3
192,200,3
193,200,0
194,200,0
195,200,3
196,200,3
197,200,0
198,200,0
199,200,3
200,200,3
201,200,0
202,200,0
203,200,3
204,200,3
205,200,0
206,200,0
207,200,3
208,200,3
209,200,0
210,200,0
211,200,2
212,200,2
213,200,0
214,200,0
215,200,2
216,200,2
217,200,0
218,200,0
219,200,2
220,200,2
221,200,0
222,200,0
223,200,2
224,200,2
225,200,0
226,200,0
227,200,2
228,200,2
229,200,0
230,200,0
231,200,2
232,200,2
233,200,0
234,200,0
235,200,2
236,200,2
237,200,0
238,200,0
239,200,2
240,200,2
241,200,0
242,200,0
243,200,2
244,200,2
245,200,0
246,200,0
247,200,2
248,200,2
249,200,0
250,200,0
251,200,2
252,200,2
253,200,0
254,200,0
255,200,2
0,201,2
1,201,0
2,201,0
3,201,2
4,201,2
5,201,0
6,201,0
7,201,2
8,201,2
9,201,0
10,201,0
11,201,2
12,201,2
13,201,0
14,201,0
15,201,2
16,201,2
17,201,0
18,201,0
19,201,2
20,201,2
21,201,0
22,201,0
23,201,2
24,201,2
25,201,0
26,201,0
27,201,2
28,201,2
29,201,0
30,201,0
31,201,2
32,201,2
33,201,0
34,201,0
35,201,2
36,201,2
37,201,0
38,201,0
39,201,2
40,201,2
41,201,0
42,201,0
43,201,2
44,201,2
45,201,0
46,201,0
47,201,2
48,201,2
49,201,0
50,201,0
51,201,3
52,201,3
53,201,0
54,201,0
55,201,3
56,201,3
57,201,0
58,201,0
59,201,3
60,201,3
61,201,0
62,201,0
63,201,3
64,201,3
65,201,0
66,201,0
67,201,3
68,201,3
69,201,0
70,201,0
71,201,3
72,201,3
73,201,0
74,201,0
75,201,3
76,201,3
77,201,0
78,201,0
79,201,3
80,201,3
81,201,0
82,201,0
83,201,3
84,201,3
85,201,0
86,201,0
87,201,3
88,201,3
89,201,0
90,201,0
91,201,3
92,201,3
93,201,0
94,201,0
95,201,3
96,201,3
97,201,0
98,201,0
99,201,3
100,201,3
101,201,0
102,201,0
103,201,3
104,201,3
105,201,0
106,201,0
107,201,3
108,201,3
109,201,0
110,201,0
111,201,3
112,201,3
113,201,0
114,201,0
115,201,4
116,201,4
117,201,0
118,201,0
119,201,4
120,201,4
121,201,0
122,201,0
123,201,4
124,201,4
125,201,0
126,201,0
127,201,4
128,201,4
129,201,0
130,201,0
131,201,4
132,201,4
133,201,0
134,201,0
135,201,4
136,201,4
137,201,0
138,201,0
139,201,4
140,201,4
141,201,0
142,201,0
143,201,4
144,201,3
145,201,0
146,201,0
147,201,3
148,201,3
149,201,0
150,201,0
151,201,3
152,201,3
153,201,0
154,201,0
155,201,3
156,201,3
157,201,0
158,201,0
159,201,3
160,201,3
161,201,0
162,201,0
163,201,3
164,201,3
165,201,0
166,201,0
167,201,3
168,201,3
169,201,0
170,201,0
171,201,3
172,201,3
173,201,0
174,201,0
175,201,3
176,201,3
177,201,0
178,201,0
179,201,3
180,201,3
181,201,0
182,201,0
183,201,3
184,201,3
185,201,0
186,201,0
187,201,3
188,201,3
189,201,0
190,201,0
191,201,3
192,201,3
193,201,0
194,201,0
195,201,3
196,201,3
197,201,0
198,201,0
199,201,3
200,201,3
201,201,0
202,201,0
203,201,3
204,201,3
205,201,0
206,201,0
207,201,3
208,201,2
209,201,0
210,201,0
211,201,2
212,201,2
213,201,0
214,201,0
215,201,2
216,201,2
217,201,0
218,201,0
219,201,2
220,201,2
221,201,0
222,201,0
223,201,2
224,201,2
225,201,0
226,201,0
227,201,2
228,201,2
229,201,0
230,201,0
231,201,2
232,201,2
233,201,0
234,201,0
235,201,2
236,201,2
237,201,0
238,201,0
239,201,2
240,201,2
241,201,0
242,201,0
243,201,2
244,201,2
245,201,0
246,201,0
247,201,2
248,201,2
249,201,0
250,201,0
251,201,2
252,201,2
253,201,0
254,201,0
255,201,2
0,202,2
1,202,0
2,202,0
3,202,2
4,202,2
5,202,0
6,202,0
7,202,2
8,202,2
9,202,0
10,202,0
11,202,2
12,202,2
13,202,0
14,202,0
15,202,2
16,202,2
17,202,0
18,202,0
19,202,2
20,202,2
21,202,0
22,202,0
23,202,2
24,202,2
25,202,0
26,202,0
27,202,2
28,202,2
29,202,0
30,202,0
31,202,2
32,202,2
33,202,0
34,202,0
35,202,2
36,202,2
37,202,0
38,202,0
39,202,2
40,202,2
41,202,0
42,202,0
43,202,2
44,202,2
45,202,0
46,202,0
47,202,2
48,202,2
49,202,0
50,202,0
51,202,3
52,202,3
53,202,0
54,202,0
55,202,3
56,202,3
57,202,0
58,202,0
59,202,3
60,202,3
61,202,0
62,202,0
63,202,3
64,202,3
65,202,0
66,202,0
67,202,3
68,202,3
69,202,0
70,202,0
71,202,3
72,202,3
73,202,0
74,202,0
75,202,3
76,202,3
77,202,0
78,202,0
79,202,3
80,202,3
81,202,0
82,202,0
83,202,3
84,202,3
85,202,0
86,202,0
87,202,3
88,202,3
89,202,0
90,202,0
91,202,3
92,202,3
93,202,0
94,202,0
95,202,3
96,202,3
97,202,0
98,202,0
99,202,3
100,202,3
101,202,0
102,202,0
103,202,3
104,202,3
105,202,0
106,202,0
107,202,3
108,202,3
109,202,0
110,202,0
111,202,3
112,202,3
113,202,0
114,202,0
115,202,4
116,202,4
117,202,0
118,202,0
119,202,4
120,202,4
121,202,0
122,202,0
123,202,4
124,202,4
125,202,0
126,202,0
127,202,4
128,202,4
129,202,0
130,202,0
131,202,4
132,202,4
133,202,0
134,202,0
135,202,4
136,202,4
137,202,0
138,202,0
139,202,4
140,202,4
141,202,0
142,202,0
143,202,3
144,202,3
145,202,0
146,202,0
147,202,3
148,202,3
149,202,0
150,202,0
151,202,3
152,202,3
153,202,0
154,202,0
155,202,3
156,202,3
157,202,0
158,202,0
159,202,3
160,202,3
161,202,0
162,202,0
163,202,3
164,202,3
165,202,0
166,202,0
167,202,3
168,202,3
169,202,0
170,202,0
171,202,3
172,202,3
173,202,0
174,202,0
175,202,3
176,202,3
177,202,0
178,202,0
179,202,3
180,202,3
181,202,0
182,202,0
183,202,3
184,202,3
185,202,0
186,202,0
187,202,3
188,202,3
189,202,0
190,202,0
191,202,3
192,202,3
193,202,0
194,202,0
195,202,3
196,202,3
197,202,0
198,202,0
199,202,3
200,202,3
201,202,0
202,202,0
203,202,3
204,202,3
205,202,0
206,202,0
207,202,2
208,202,2
209,202,0
210,202,0
211,202,2
212,202,2
213,202,0
214,202,0
215,202,2
216,202,2
217,202,0
218,202,0
219,202,2
220,202,2
221,202,0
222,202,0
223,202,2
224,202,2
225,202,0
226,202,0
227,202,2
228,202,2
229,202,0
230,202,0
231,202,2
232,202,2
233,202,0
234,202,0
235,202,2
236,202,2
237,202,0
238,202,0
239,202,2
240,202,2
241,202,0
242,202,0
243,202,2
244,202,2
245,202,0
246,202,0
247,202,2
248,202,2
249,202,0
250,202,0
251,202,2
252,202,2
253,202,0
254,202,0
255,202,2
0,203,2
1,203,0
2,203,0
3,203,2
4,203,2
5,203,0
6,203,0
7,203,2
8,203,2
9,203,0
10,203,0
11,203,2
12,203,2
13,203,0
14,203,0
15,203,2
16,203,2
17,203,0
18,203,0
19,203,2
20,203,2
21,203,0
22,203,0
23,203,2
24,203,2
25,203,0
26,203,0
27,203,2
28,203,2
29,203,0
30,203,0
31,203,2
32,203,2
33,203,0
34,203,0
35,203,2
36,203,2
37,203,0
38,203,0
39,203,2
40,203,2
41,203,0
42,203,0
43,203,2
44,203,2
45,203,0
46,203,0
47,203,2
48,203,2
49,203,0
50,203,0
51,203,2
52,203,2
53,203,0
54,203,0
55,203,3
56,203,3
57,203,0
58,203,0
59,203,3
60,203,3
61,203,0
62,203,0
63,203,3
64,203,3
65,203,0
66,203,0
67,203,3
68,203,3
69,203,0
70,203,0
71,203,3
72,203,3
73,203,0
74,203,0
75,203,3
76,203,3
77,203,0
78,203,0
79,203,3
80,203,3
81,203,0
82,203,0
83,203,3
84,203,3
85,203,0
86,203,0
87,203,3
88,203,3
89,203,0
90,203,0
91,203,3
92,203,3
93,203,0
94,203,0
95,203,3
96,203,3
97,203,0
98,203,0
99,203,3
100,203,3
101,203,0
102,203,0
103,203,3
104,203,3
105,203,0
106,203,0
107,203,3
108,203,3
109,203,0
110,203,0
111,203,3
112,203,3
113,203,0
114,203,0
115,203,4
116,203,4
117,203,0
118,203,0
119,203,4
120,203,4
121,203,0
122,203,0
123,203,4
124,203,4
125,203,0
126,203,0
127,203,4
128,203,4
129,203,0
130,203,0
131,203,4
132,203,4
133,203,0
134,203,0
135,203,4
136,203,4
137,203,0
138,203,0
139,203,4
140,203,4
141,203,0
142,203,0
143,203,3
144,203,3
145,203,0
146,203,0
147,203,3
148,203,3
149,203,0
150,203,0
151,203,3
152,203,3
153,203,0
154,203,0
155,203,3
156,203,3
157,203,0
158,203,0
159,203,3
160,203,3
161,203,0
162,203,0
163,203,3
164,203,3
165,203,0
166,203,0
167,203,3
168,203,3
169,203,0
170,203,0
171,203,3
172,203,3
173,203,0
174,203,0
175,203,3
176,203,3
177,203,0
178,203,0
179,203,3
180,203,3
181,203,0
182,203,0
183,203,3
184,203,3
185,203,0
186,203,0
187,203,3
188,203,3
189,203,0
190,203,0
191,203,3
192,203,3
193,203,0
194,203,0
195,203,3
196,203,3
197,203,0
198,203,0
199,203,3
200,203,3
201,203,0
202,203,0
203,203,3
204,203,2
205,203,0
206,203,0
207,203,2
208,203,2
209,203,0
210,203,0
211,203,2
212,203,2
213,203,0
214,203,0
215,203,2
216,203,2
217,203,0
218,203,0
219,203,2
220,203,2
221,203,0
222,203,0
223,203,2
224,203,2
225,203,0
226,203,0
227,203,2
228,203,2
229,203,0
230,203,0
231,203,2
232,203,2
233,203,0
234,203,0
235,203,2
236,203,2
237,203,0
238,203,0
239,203,2
240,203,2
241,203,0
242,203,0
243,203,2
244,203,2
245,203,0
246,203,0
247,203,2
248,203,2
249,203,0
250,203,0
251,203,2
252,203,2
253,203,0
254,203,0
255,203,2
0,204,2
1,204,0
2,204,0
3,204,2
4,204,2
5,204,0
6,204,0
7,204,2
8,204,2
9,204,0
10,204,0
11,204,2
12,204,2
13,204,0
14,204,0
15,204,2
16,204,2
17,204,0
18,204,0
19,204,2
20,204,2
21,204,0
22,204,0
23,204,2
24,204,2
25,204,0
26,204,0
27,204,2
28,204,2
29,204,0
30,204,0
31,204,2
32,204,2
33,204,0
34,204,0
35,204,2
36,204,2
37,204,0
38,204,0
39,204,2
40,204,2
41,204,0
42,204,0
43,204,2
44,204,2
45,204,0
46,204,0
47,204,2
48,204,2
49,204,0
50,204,0
51,204,2
52,204,2
53,204,0
54,204,0
55,204,3
56,204,3
57,204,0
58,204,0
59,204,3
60,204,3
61,204,0
62,204,0
63,204,3
64,204,3
65,204,0
66,204,0
67,204,3
68,204,3
69,204,0
70,204,0
71,204,3
72,204,3
73,204,0
74,204,0
75,204,3
76,204,3
77,204,0
78,204,0
79,204,3
80,204,3
81,204,0
82,204,0
83,204,3
84,204,3
85,204,0
86,204,0
87,204,3
88,204,3
89,204,0
90,204,0
91,204,3
92,204,3
93,204,0
94,204,0
95,204,3
96,204,3
97,204,0
98,204,0
99,204,3
100,204,3
101,204,0
102,204,0
103,204,3
104,204,3
105,204,0
106,204,0
107,204,3
108,204,3
109,204,0
110,204,0
111,204,3
112,204,3
113,204,0
114,204,0
115,204,3
116,204,4
117,204,0
118,204,0
119,204,4
120,204,4
121,204,0
122,204,0
123,204,4
124,204,4
125,204,0
126,204,0
127,204,4
128,204,4
129,204,0
130,204,0
131,204,4
132,204,4
133,204,0
134,204,0
135,204,4
136,204,4
137,204,0
138,204,0
139,204,4
140,204,4
141,204,0
142,204,0
143,204,3
144,204,3
145,204,0
146,204,0
147,204,3
148,204,3
149,204,0
150,204,0
151,204,3
152,204,3
153,204,0
154,204,0
155,204,3
156,204,3
157,204,0
158,204,0
159,204,3
160,204,3
161,204,0
162,204,0
163,204,3
164,204,3
165,204,0
166,204,0
167,204,3
168,204,3
169,204,0
170,204,0
171,204,3
172,204,3
173,204,0
174,204,0
175,204,3
176,204,3
177,204,0
178,204,0
179,204,3
180,204,3
181,204,0
182,204,0
183,204,3
184,204,3
185,204,0
186,204,0
187,204,3
188,204,3
189,204,0
190,204,0
191,204,3
192,204,3
193,204,0
194,204,0
195,204,3
196,204,3
197,204,0
198,204,0
199,204,3
200,204,3
201,204,0
202,204,0
203,204,2
204,204,2
205,204,0
206,204,0
207,204,2
208,204,2
209,204,0
210,204,0
211,204,2
212,204,2
213,204,0
214,204,0
215,204,2
216,204,2
217,204,0
218,204,0
219,204,2
220,204,2
221,204,0
222,204,0
223,204,2
224,204,2
225,204,0
226,204,0
227,204,2
228,204,2
229,204,0
230,204,0
231,204,2
232,204,2
233,204,0
234,204,0
235,204,2
236,204,2
237,204,0
238,204,0
239,204,2
240,204,2
241,204,0
242,204,0
243,204,2
244,204,2
245,204,0
246,204,0
247,204,2
248,204,2
249,204,0
250,204,0
251,204,2
252,204,2
253,204,0
254,204,0
255,204,2
0,205,2
1,205,0
2,205,0
3,205,2
4,205,2
5,205,0
6,205,0
7,205,2
8,205,2
9,205,0
10,205,0
11,205,2
12,205,2
13,205,0
14,205,0
15,205,2
16,205,2
17,205,0
18,205,0
19,205,2
20,205,2
21,205,0
22,205,0
23,205,2
24,205,2
25,205,0
26,205,0
27,205,2
28,205,2
29,205,0
30,205,0
31,205,2
32,205,2
33,205,0
34,205,0
35,205,2
36,205,2
37,205,0
38,205,0
39,205,2
40,205,2
41,205,0
42,205,0
43,205,2
44,205,2
45,205,0
46,205,0
47,205,2
48,205,2
49,205,0
50,205,0
51,205,2
52,205,2
53,205,0
54,205,0
55,205,2
56,205,2
57,205,0
58,205,0
59,205,3
60,205,3
61,205,0
62,205,0
63,205,3
64,205,3
65,205,0
66,205,0
67,205,3
68,205,3
69,205,0
70,205,0
71,205,3
72,205,3
73,205,0
74,205,0
75,205,3
76,205,3
77,205,0
78,205,0
79,205,3
80,205,3
81,205,0
82,205,0
83,205,3
84,205,3
85,205,0
86,205,0
87,205,3
88,205,3
89,205,0
90,205,0
91,205,3
92,205,3
93,205,0
94,205,0
95,205,3
96,205,3
97,205,0
98,205,0
99,205,3
100,205,3
101,205,0
102,205,0
103,205,3
104,205,3
105,205,0
106,205,0
107,205,3
108,205,3
109,205,0
110,205,0
111,205,3
112,205,3
113,205,0
114,205,0
115,205,3
116,205,3
117,205,0
118,205,0
119,205,4
120,205,4
121,205,0
122,205,0
123,205,4
124,205,4
125,205,0
126,205,0
127,205,4
128,205,4
129,205,0
130,205,0
131,205,4
132,205,4
133,205,0
134,205,0
135,205,4
136,205,4
137,205,0
138,205,0
139,205,4
140,205,3
141,205,0
142,205,0
143,205,3
144,205,3
145,205,0
146,205,0
147,205,3
148,205,3
149,205,0
150,205,0
151,205,3
152,205,3
153,205,0
154,205,0
155,205,3
156,205,3
157,205,0
158,205,0
159,205,3
160,205,3
161,205,0
162,205,0
163,205,3
164,205,3
165,205,0
166,205,0
167,205,3
168,205,3
169,205,0
170,205,0
171,205,3
172,205,3
173,205,0
174,205,0
175,205,3
176,205,3
177,205,0
178,205,0
179,205,3
180,205,3
181,205,0
182,205,0
183,205,3
184,205,3
185,205,0
186,205,0
187,205,3
188,205,3
189,205,0
190,205,0
191,205,3
192,205,3
193,205,0
194,205,0
195,205,3
196,205,3
197,205,0
198,205,0
199,205,3
200,205,2
201,205,0
202,205,0
203,205,2
204,205,2
205,205,0
206,205,0
207,205,2
208,205,2
209,205,0
210,205,0
211,205,2
212,205,2
213,205,0
214,205,0
215,205,2
216,205,2
217,205,0
218,205,0
219,205,2
220,205,2
221,205,0
222,205,0
223,205,2
224,205,2
225,205,0
226,205,0
227,205,2
228,205,2
229,205,0
230,205,0
231,205,2
232,205,2
233,205,0
234,205,0
235,205,2
236,205,2
237,205,0
238,205,0
239,205,2
240,205,2
241,205,0
242,205,0
243,205,2
244,205,2
245,205,0
246,205,0
247,205,2
248,205,2
249,205,0
250,205,0
251,205,2
252,205,2
253,205,0
254,205,0
255,205,2
0,206,2
1,206,0
2,206,0
3,206,2
4,206,2
5,206,0
6,206,0
7,206,2
8,206,2
9,206,0
10,206,0
11,206,2
12,206,2
13,206,0
14,206,0
15,206,2
16,206,2
17,206,0
18,206,0
19,206,2
20,206,2
21,206,0
22,206,0
23,206,2
24,206,2
25,206,0
26,206,0
27,206,2
28,206,2
29,206,0
30,206,0
31,206,2
32,206,2
33,206,0
34,206,0
35,206,2
36,206,2
37,206,0
38,206,0
39,206,2
40,206,2
41,206,0
42,206,0
43,206,2
44,206,2
45,206,0
46,206,0
47,206,2
48,206,2
49,206,0
50,206,0
51,206,2
52,206,2
53,206,0
54,206,0
55,206,2
56,206,2
57,206,0
58,206,0
59,206,3
60,206,3
61,206,0
62,206,0
63,206,3
64,206,3
65,206,0
66,206,0
67,206,3
68,206,3
69,206,0
70,206,0
71,206,3
72,206,3
73,206,0
74,206,0
75,206,3
76,206,3
77,206,0
78,206,0
79,206,3
80,206,3
81,206,0
82,206,0
83,206,3
84,206,3
85,206,0
86,206,0
87,206,3
88,206,3
89,206,0
90,206,0
91,206,3
92,206,3
93,206,0
94,206,0
95,206,3
96,206,3
97,206,0
98,206,0
99,206,3
100,206,3
101,206,0
102,206,0
103,206,3
104,206,3
105,206,0
106,206,0
107,206,3
108,206,3
109,206,0
110,206,0
111,206,3
112,206,3
113,206,0
114,206,0
115,206,3
116,206,3
117,206,0
118,206,0
119,206,4
120,206,4
121,206,0
122,206,0
123,206,4
124,206,4
125,206,0
126,206,0
127,206,4
128,206,4
129,206,0
130,206,0
131,206,4
132,206,4
133,206,0
134,206,0
135,206,4
136,206,4
137,206,0
138,206,0
139,206,4
140,206,3
141,206,0
142,206,0
143,206,3
144,206,3
145,206,0
146,206,0
147,206,3
148,206,3
149,206,0
150,206,0
151,206,3
152,206,3
153,206,0
154,206,0
155,206,3
156,206,3
157,206,0
158,206,0
159,206,3
160,206,3
161,206,0
162,206,0
163,206,3
164,206,3
165,206,0
166,206,0
167,206,3
168,206,3
169,206,0
170,206,0
171,206,3
172,206,3
173,206,0
174,206,0
175,206,3
176,206,3
177,206,0
178,206,0
179,206,3
180,206,3
181,206,0
182,206,0
183,206,3
184,206,3
185,206,0
186,206,0
187,206,3
188,206,3
189,206,0
190,206,0
191,206,3
192,206,3
193,206,0
194,206,0
195,206,3
196,206,3
197,206,0
198,206,0
199,206,2
200,206,2
201,206,0
202,206,0
203,206,2
204,206,2
205,206,0
206,206,0
207,206,2
208,206,2
209,206,0
210,206,0
211,206,2
212,206,2
213,206,0
214,206,0
215,206,2
216,206,2
217,206,0
218,206,0
219,206,2
220,206,2
221,206,0
222,206,0
223,206,2
224,206,2
225,206,0
226,206,0
227,206,2
228,206,2
229,206,0
230,206,0
231,206,2
232,206,2
233,206,0
234,206,0
235,206,2
236,206,2
237,206,0
238,206,0
239,206,2
240,206,2
241,206,0
242,206,0
243,206,2
244,206,2
245,206,0
246,206,0
247,206,2
248,206,2
249,206,0
250,206,0
251,206,2
252,206,2
253,206,0
254,206,0
255,206,2
0,207,2
1,207,0
2,207,0
3,207,2
4,207,2
5,207,0
6,207,0
7,207,2
8,207,2
9,207,0
10,207,0
11,207,2
12,207,2
13,207,0
14,207,0
15,207,2
16,207,2
17,207,0
18,207,0
19,207,2
20,207,2
21,207,0
22,207,0
23,207,2
24,207,2
25,207,0
26,207,0
27,207,2
28,207,2
29,207,0
30,207,0
31,207,2
32,207,2
33,207,0
34,207,0
35,207,2
36,207,2
37,207,0
38,207,0
39,207,2
40,207,2
41,207,0
42,207,0
43,207,2
44,207,2
45,207,0
46,207,0
47,207,2
48,207,2
49,207,0
50,207,0
51,207,2
52,207,2
53,207,0
54,207,0
55,207,2
56,207,2
57,207,0
58,207,0
59,207,2
60,207,2
61,207,0
62,207,0
63,207,3
64,207,3
65,207,0
66,207,0
67,207,3
68,207,3
69,207,0
70,207,0
71,207,3
72,207,3
73,207,0
74,207,0
75,207,3
76,207,3
77,207,0
78,207,0
79,207,3
80,207,3
81,207,0
82,207,0
83,207,3
84,207,3
85,207,0
86,207,0
87,207,3
88,207,3
89,207,0
90,207,0
91,207,3
92,207,3
93,207,0
94,207,0
95,207,3
96,207,3
97,207,0
98,207,0
99,207,3
100,207,3
101,207,0
102,207,0
103,207,3
104,207,3
105,207,0
106,207,0
107,207,3
108,207,3
109,207,0
110,207,0
111,207,3
112,207,3
113,207,0
114,207,0
115,207,3
116,207,3
117,207,0
118,207,0
119,207,4
120,207,4
121,207,0
122,207,0
123,207,4
124,207,4
125,207,0
126,207,0
127,207,4
128,207,4
129,207,0
130,207,0
131,207,4
132,207,4
133,207,0
134,207,0
135,207,4
136,207,4
137,207,0
138,207,0
139,207,3
140,207,3
141,207,0
142,207,0
143,207,3
144,207,3
145,207,0
146,207,0
147,207,3
148,207,3
149,207,0
150,207,0
151,207,3
152,207,3
153,207,0
154,207,0
155,207,3
156,207,3
157,207,0
158,207,0
159,207,3
160,207,3
161,207,0
162,207,0
163,207,3
164,207,3
165,207,0
166,207,0
167,207,3
168,207,3
169,207,0
170,207,0
171,207,3
172,207,3
173,207,0
174,207,0
175,207,3
176,207,3
177,207,0
178,207,0
179,207,3
180,207,3
181,207,0
182,207,0
183,207,3
184,207,3
185,207,0
186,207,0
187,207,3
188,207,3
189,207,0
190,207,0
191,207,3
192,207,3
193,207,0
194,207,0
195,207,3
196,207,2
197,207,0
198,207,0
199,207,2
200,207,2
201,207,0
202,207,0
203,207,2
204,207,2
205,207,0
206,207,0
207,207,2
208,207,2
209,207,0
210,207,0
211,207,2
212,207,2
213,207,0
214,207,0
215,207,2
216,207,2
217,207,0
218,207,0
219,207,2
220,207,2
221,207,0
222,207,0
223,207,2
224,207,2
225,207,0
226,207,0
227,207,2
228,207,2
229,207,0
230,207,0
231,207,2
232,207,2
233,207,0
234,207,0
235,207,2
236,207,2
237,207,0
238,207,0
239,207,2
240,207,2
241,207,0
242,207,0
243,207,2
244,207,2
245,207,0
246,207,0
247,207,2
248,207,2
249,207,0
250,207,0
251,207,2
252,207,2
253,207,0
254,207,0
255,207,2
0,208,2
1,208,0
2,208,0
3,208,2
4,208,2
5,208,0
6,208,0
7,208,2
8,208,2
9,208,0
10,208,0
11,208,2
12,208,2
13,208,0
14,208,0
15,208,2
16,208,2
17,208,0
18,208,0
19,208,2
20,208,2
21,208,0
22,208,0
23,208,2
24,208,2
25,208,0
26,208,0
27,208,2
28,208,2
29,208,0
30,208,0
31,208,2
32,208,2
33,208,0
34,208,0
35,208,2
36,208,2
37,208,0
38,208,0
39,208,2
40,208,2
41,208,0
42,208,0
43,208,2
44,208,2
45,208,0
46,208,0
47,208,2
48,208,2
49,208,0
50,208,0
51,208,2
52,208,2
53,208,0
54,208,0
55,208,2
56,208,2
57,208,0
58,208,0
59,208,2
60,208,2
61,208,0
62,208,0
63,208,3
64,208,3
65,208,0
66,208,0
67,208,3
68,208,3
69,208,0
70,208,0
71,208,3
72,208,3
73,208,0
74,208,0
75,208,3
76,208,3
77,208,0
78,208,0
79,208,3
80,208,3
81,208,0
82,208,0
83,208,3
84,208,3
85,208,0
86,208,0
87,208,3
88,208,3
89,208,0
90,208,0
91,208,3
92,208,3
93,208,0
94,208,0
95,208,3
96,208,3
97,208,0
98,208,0
99,208,3
100,208,3
101,208,0
102,208,0
103,208,3
104,208,3
105,208,0
106,208,0
107,208,3
108,208,3
109,208,0
110,208,0
111,208,3
112,208,3
113,208,0
114,208,0
115,208,3
116,208,3
117,208,0
118,208,0
119,208,4
120,208,4
121,208,0
122,208,0
123,208,4
124,208,4
125,208,0
126,208,0
127,208,4
128,208,4
129,208,0
130,208,0
131,208,4
132,208,4
133,208,0
134,208,0
135,208,4
136,208,4
137,208,0
138,208,0
139,208,3
140,208,3
141,208,0
142,208,0
143,208,3
144,208,3
145,208,0
146,208,0
147,208,3
148,208,3
149,208,0
150,208,0
151,208,3
152,208,3
153,208,0
154,208,0
155,208,3
156,208,3
157,208,0
158,208,0
159,208,3
160,208,3
161,208,0
162,208,0
163,208,3
164,208,3
165,208,0
166,208,0
167,208,3
168,208,3
169,208,0
170,208,0
171,208,3
172,208,3
173,208,0
174,208,0
175,208,3
176,208,3
177,208,0
178,208,0
179,208,3
180,208,3
181,208,0
182,208,0
183,208,3
184,208,3
185,208,0
186,208,0
187,208,3
188,208,3
189,208,0
190,208,0
191,208,3
192,208,3
193,208,0
194,208,0
195,208,2
196,208,2
197,208,0
198,208,0
199,208,2
200,208,2
201,208,0
202,208,0
203,208,2
204,208,2
205,208,0
206,208,0
207,208,2
208,208,2
209,208,0
210,208,0
211,208,2
212,208,2
213,208,0
214,208,0
215,208,2
216,208,2
217,208,0
218,208,0
219,208,2
220,208,2
221,208,0
222,208,0
223,208,2
224,208,2
225,208,0
226,208,0
227,208,2
228,208,2
229,208,0
230,208,0
231,208,2
232,208,2
233,208,0
234,208,0
235,208,2
236,208,2
237,208,0
238,208,0
239,208,2
240,208,2
241,208,0
242,208,0
243,208,2
244,208,2
245,208,0
246,208,0
247,208,2
248,208,2
249,208,0
250,208,0
251,208,2
252,208,2
253,208,0
254,208,0
255,208,2
0,209,2
1,209,0
2,209,0
3,209,2
4,209,2
5,209,0
6,209,0
7,209,2
8,209,2
9,209,0
10,209,0
11,209,2
12,209,2
13,209,0
14,209,0
15,209,2
16,209,2
17,209,0
18,209,0
19,209,2
20,209,2
21,209,0
22,209,0
23,209,2
24,209,2
25,209,0
26,209,0
27,209,2
28,209,2
29,209,0
30,209,0
31,209,2
32,209,2
33,209,0
34,209,0
35,209,2
36,209,2
37,209,0
38,209,0
39,209,2
40,209,2
41,209,0
42,209,0
43,209,2
44,209,2
45,209,0
46,209,0
47,209,2
48,209,2
49,209,0
50,209,0
51,209,2
52,209,2
53,209,0
54,209,0
55,209,2
56,209,2
57,209,0
58,209,0
59,209,2
60,209,2
61,209,0
62,209,0
63,209,2
64,209,3
65,209,0
66,209,0
67,209,3
68,209,3
69,209,0
70,209,0
71,209,3
72,209,3
73,209,0
74,209,0
75,209,3
76,209,3
77,209,0
78,209,0
79,209,3
80,209,3
81,209,0
82,209,0
83,209,3
84,209,3
85,209,0
86,209,0
87,209,3
88,209,3
89,209,0
90,209,0
91,209,3
92,209,3
93,209,0
94,209,0
95,209,3
96,209,3
97,209,0
98,209,0
99,209,3
100,209,3
101,209,0
102,209,0
103,209,3
104,209,3
105,209,0
106,209,0
107,209,3
108,209,3
109,209,0
110,209,0
111,209,3
112,209,3
113,209,0
114,209,0
115,209,3
116,209,3
117,209,0
118,209,0
119,209,3
120,209,4
121,209,0
122,209,0
123,209,4
124,209,4
125,209,0
126,209,0
127,209,4
128,209,4
129,209,0
130,209,0
131,209,4
132,209,4
133,209,0
134,209,0
135,209,4
136,209,4
137,209,0
138,209,0
139,209,3
140,209,3
141,209,0
142,209,0
143,209,3
144,209,3
145,209,0
146,209,0
147,209,3
148,209,3
149,209,0
150,209,0
151,209,3
152,209,3
153,209,0
154,209,0
155,209,3
156,209,3
157,209,0
158,209,0
159,209,3
160,209,3
161,209,0
162,209,0
163,209,3
164,209,3
165,209,0
166,209,0
167,209,3
168,209,3
169,209,0
170,209,0
171,209,3
172,209,3
173,209,0
174,209,0
175,209,3
176,209,3
177,209,0
178,209,0
179,209,3
180,209,3
181,209,0
182,209,0
183,209,3
184,209,3
185,209,0
186,209,0
187,209,3
188,209,3
189,209,0
190,209,0
191,209,3
192,209,3
193,209,0
194,209,0
195,209,2
196,209,2
197,209,0
198,209,0
199,209,2
200,209,2
201,209,0
202,209,0
203,209,2
204,209,2
205,209,0
206,209,0
207,209,2
208,209,2
209,209,0
210,209,0
211,209,2
212,209,2
213,209,0
214,209,0
215,209,2
216,209,2
217,209,0
218,209,0
219,209,2
220,209,2
221,209,0
222,209,0
223,209,2
224,209,2
225,209,0
226,209,0
227,209,2
228,209,2
229,209,0
230,209,0
231,209,2
232,209,2
233,209,0
234,209,0
235,209,2
236,209,2
237,209,0
238,209,0
239,209,2
240,209,2
241,209,0
242,209,0
243,209,2
244,209,2
245,209,0
246,209,0
247,209,2
248,209,2
249,209,0
250,209,0
251,209,2
252,209,2
253,209,0
254,209,0
255,209,2
0,210,2
1,210,0
2,210,0
3,210,2
4,210,2
5,210,0
6,210,0
7,210,2
8,210,2
9,210,0
10,210,0
11,210,2
12,210,2
13,210,0
14,210,0
15,210,2
16,210,2
17,210,0
18,210,0
19,210,2
20,210,2
21,210,0
22,210,0
23,210,2
24,210,2
25,210,0
26,210,0
27,210,2
28,210,2
29,210,0
30,210,0
31,210,2
32,210,2
33,210,0
34,210,0
35,210,2
36,210,2
37,210,0
38,210,0
39,210,2
40,210,2
41,210,0
42,210,0
43,210,2
44,210,2
45,210,0
46,210,0
47,210,2
48,210,2
49,210,0
50,210,0
51,210,2
52,210,2
53,210,0
54,210,0
55,210,2
56,210,2
57,210,0
58,210,0
59,210,2
60,210,2
61,210,0
62,210,0
63,210,2
64,210,2
65,210,0
66,210,0
67,210,3
68,210,3
69,210,0
70,210,0
71,210,3
72,210,3
73,210,0
74,210,0
75,210,3
76,210,3
77,210,0
78,210,0
79,210,3
80,210,3
81,210,0
82,210,0
83,210,3
84,210,3
85,210,0
86,210,0
87,210,3
88,210,3
89,210,0
90,210,0
91,210,3
92,210,3
93,210,0
94,210,0
95,210,3
96,210,3
97,210,0
98,210,0
99,210,3
100,210,3
101,210,0
102,210,0
103,210,3
104,210,3
105,210,0
106,210,0
107,210,3
108,210,3
109,210,0
110,210,0
111,210,3
112,210,3
113,210,0
114,210,0
115,210,3
116,210,3
117,210,0
118,210,0
119,210,3
120,210,3
121,210,0
122,210,0
123,210,4
124,210,4
125,210,0
126,210,0
127,210,4
128,210,4
129,210,0
130,210,0
131,210,4
132,210,4
133,210,0
134,210,0
135,210,4
136,210,3
137,210,0
138,210,0
139,210,3
140,210,3
141,210,0
142,210,0
143,210,3
144,210,3
145,210,0
146,210,0
147,210,3
148,210,3
149,210,0
150,210,0
151,210,3
152,210,3
153,210,0
154,210,0
155,210,3
156,210,3
157,210,0
158,210,0
159,210,3
160,210,3
161,210,0
162,210,0
163,210,3
164,210,3
165,210,0
166,210,0
167,210,3
168,210,3
169,210,0
170,210,0
171,210,3
172,210,3
173,210,0
174,210,0
175,210,3
176,210,3
177,210,0
178,210,0
179,210,3
180,210,3
181,210,0
182,210,0
183,210,3
184,210,3
185,210,0
186,210,0
187,210,3
188,210,3
189,210,0
190,210,0
191,210,2
192,210,2
193,210,0
194,210,0
195,210,2
196,210,2
197,210,0
198,210,0
199,210,2
200,210,2
201,210,0
202,210,0
203,210,2
204,210,2
205,210,0
206,210,0
207,210,2
208,210,2
209,210,0
210,210,0
211,210,2
212,210,2
213,210,0
214,210,0
215,210,2
216,210,2
217,210,0
218,210,0
219,210,2
220,210,2
221,210,0
222,210,0
223,210,2
224,210,2
225,210,0
226,210,0
227,210,2
228,210,2
229,210,0
230,210,0
231,210,2
232,210,2
233,210,0
234,210,0
235,210,2
236,210,2
237,210,0
238,210,0
239,210,2
240,210,2
241,210,0
242,210,0
243,210,2
244,210,2
245,210,0
246,210,0
247,210,2
248,210,2
249,210,0
250,210,0
251,210,2
252,210,2
253,210,0
254,210,0
255,210,2
0,211,2
1,211,0
2,211,0
3,211,2
4,211,2
5,211,0
6,211,0
7,211,2
8,211,2
9,211,0
10,211,0
11,211,2
12,211,2
13,211,0
14,211,0
15,211,2
16,211,2
17,211,0
18,211,0
19,211,2
20,211,2
21,211,0
22,211,0
23,211,2
24,211,2
25,211,0
26,211,0
27,211,2
28,211,2
29,211,0
30,211,0
31,211,2
32,211,2
33,211,0
34,211,0
35,211,2
36,211,2
37,211,0
38,211,0
39,211,2
40,211,2
41,211,0
42,211,0
43,211,2
44,211,2
45,211,0
46,211,0
47,211,2
48,211,2
49,211,0
50,211,0
51,211,2
52,211,2
53,211,0
54,211,0
55,211,2
56,211,2
57,211,0
58,211,0
59,211,2
60,211,2
61,211,0
62,211,0
63,211,2
64,211,2
65,211,0
66,211,0
67,211,2
68,211,3
69,211,0
70,211,0
71,211,3
72,211,3
73,211,0
74,211,0
75,211,3
76,211,3
77,211,0
78,211,0
79,211,3
80,211,3
81,211,0
82,211,0
83,211,3
84,211,3
85,211,0
86,211,0
87,211,3
88,211,3
89,211,0
90,211,0
91,211,3
92,211,3
93,211,0
94,211,0
95,211,3
96,211,3
97,211,0
98,211,0
99,211,3
100,211,3
101,211,0
102,211,0
103,211,3
104,211,3
105,211,0
106,211,0
107,211,3
108,211,3
109,211,0
110,211,0
111,211,3
112,211,3
113,211,0
114,211,0
115,211,3
116,211,3
117,211,0
118,211,0
119,211,3
120,211,3
121,211,0
122,211,0
123,211,4
124,211,4
125,211,0
126,211,0
127,211,4
128,211,4
129,211,0
130,211,0
131,211,4
132,211,4
133,211,0
134,211,0
135,211,4
136,211,3
137,211,0
138,211,0
139,211,3
140,211,3
141,211,0
142,211,0
143,211,3
144,211,3
145,211,0
146,211,0
147,211,3
148,211,3
149,211,0
150,211,0
151,211,3
152,211,3
153,211,0
154,211,0
155,211,3
156,211,3
157,211,0
158,211,0
159,211,3
160,211,3
161,211,0
162,211,0
163,211,3
164,211,3
165,211,0
166,211,0
167,211,3
168,211,3
169,211,0
170,211,0
171,211,3
172,211,3
173,211,0
174,211,0
175,211,3
176,211,3
177,211,0
178,211,0
179,211,3
180,211,3
181,211,0
182,211,0
183,211,3
184,211,3
185,211,0
186,211,0
187,211,3
188,211,3
189,211,0
190,211,0
191,211,2
192,211,2
193,211,0
194,211,0
195,211,2
196,211,2
197,211,0
198,211,0
199,211,2
200,211,2
201,211,0
202,211,0
203,211,2
204,211,2
205,211,0
206,211,0
207,211,2
208,211,2
209,211,0
210,211,0
211,211,2
212,211,2
213,211,0
214,211,0
215,211,2
216,211,2
217,211,0
218,211,0
219,211,2
220,211,2
221,211,0
222,211,0
223,211,2
224,211,2
225,211,0
226,211,0
227,211,2
228,211,2
229,211,0
230,211,0
231,211,2
232,211,2
233,211,0
234,211,0
235,211,2
236,211,2
237,211,0
238,211,0
239,211,2
240,211,2
241,211,0
242,211,0
243,211,2
244,211,2
245,211,0
246,211,0
247,211,2
248,211,2
249,211,0
250,211,0
251,211,2
252,211,2
253,211,0
254,211,0
255,211,2
0,212,2
1,212,0
2,212,0
3,212,2
4,212,2
5,212,0
6,212,0
7,212,2
8,212,2
9,212,0
10,212,0
11,212,2
12,212,2
13,212,0
14,212,0
15,212,2
16,212,2
17,212,0
18,212,0
19,212,2
20,212,2
21,212,0
22,212,0
23,212,2
24,212,2
25,212,0
26,212,0
27,212,2
28,212,2
29,212,0
30,212,0
31,212,2
32,212,2
33,212,0
34,212,0
35,212,2
36,212,2
37,212,0
38,212,0
39,212,2
40,212,2
41,212,0
42,212,0
43,212,2
44,212,2
45,212,0
46,212,0
47,212,2
48,212,2
49,212,0
50,212,0
51,212,2
52,212,2
53,212,0
54,212,0
55,212,2
56,212,2
57,212,0
58,212,0
59,212,2
60,212,2
61,212,0
62,212,0
63,212,2
64,212,2
65,212,0
66,212,0
67,212,2
68,212,2
69,212,0
70,212,0
71,212,3
72,212,3
73,212,0
74,212,0
75,212,3
76,212,3
77,212,0
78,212,0
79,212,3
80,212,3
81,212,0
82,212,0
83,212,3
84,212,3
85,212,0
86,212,0
87,212,3
88,212,3
89,212,0
90,212,0
91,212,3
92,212,3
93,212,0
94,212,0
95,212,3
96,212,3
97,212,0
98,212,0
99,212,3
100,212,3
101,212,0
102,212,0
103,212,3
104,212,3
105,212,0
106,212,0
107,212,3
108,212,3
109,212,0
110,212,0
111,212,3
112,212,3
113,212,0
114,212,0
115,212,3
116,212,3
117,212,0
118,212,0
119,212,3
120,212,3
121,212,0
122,212,0
123,212,4
124,212,4
125,212,0
126,212,0
127,212,4
128,212,4
129,212,0
130,212,0
131,212,4
132,212,4
133,212,0
134,212,0
135,212,3
136,212,3
137,212,0
138,212,0
139,212,3
140,212,3
141,212,0
142,212,0
143,212,3
144,212,3
145,212,0
146,212,0
147,212,3
148,212,3
149,212,0
150,212,0
151,212,3
152,212,3
153,212,0
154,212,0
155,212,3
156,212,3
157,212,0
158,212,0
159,212,3
160,212,3
161,212,0
162,212,0
163,212,3
164,212,3
165,212,0
166,212,0
167,212,3
168,212,3
169,212,0
170,212,0
171,212,3
172,212,3
173,212,0
174,212,0
175,212,3
176,212,3
177,212,0
178,212,0
179,212,3
180,212,3
181,212,0
182,212,0
183,212,3
184,212,3
185,212,0
186,212,0
187,212,2
188,212,2
189,212,0
190,212,0
191,212,2
192,212,2
193,212,0
194,212,0
195,212,2
196,212,2
197,212,0
198,212,0
199,212,2
200,212,2
201,212,0
202,212,0
203,212,2
204,212,2
205,212,0
206,212,0
207,212,2
208,212,2
209,212,0
210,212,0
211,212,2
212,212,2
213,212,0
214,212,0
215,212,2
216,212,2
217,212,0
218,212,0
219,212,2
220,212,2
221,212,0
222,212,0
223,212,2
224,212,2
225,212,0
226,212,0
227,212,2
228,212,2
229,212,0
230,212,0
231,212,2
232,212,2
233,212,0
234,212,0
235,212,2
236,212,2
237,212,0
238,212,0
239,212,2
240,212,2
241,212,0
242,212,0
243,212,2
244,212,2
245,212,0
246,212,0
247,212,2
248,212,2
249,212,0
250,212,0
251,212,2
252,212,2
253,212,0
254,212,0
255,212,2
0,213,2
1,213,0
2,213,0
3,213,2
4,213,2
5,213,0
6,213,0
7,213,2
8,213,2
9,213,0
10,213,0
11,213,2
12,213,2
13,213,0
14,213,0
15,213,2
16,213,2
17,213,0
18,213,0
19,213,2
20,213,2
21,213,0
22,213,0
23,213,2
24,213,2
25,213,0
26,213,0
27,213,2
28,213,2
29,213,0
30,213,0
31,213,2
32,213,2
33,213,0
34,213,0
35,213,2
36,213,2
37,213,0
38,213,0
39,213,2
40,213,2
41,213,0
42,213,0
43,213,2
44,213,2
45,213,0
46,213,0
47,213,2
48,213,2
49,213,0
50,213,0
51,213,2
52,213,2
53,213,0
54,213,0
55,213,2
56,213,2
57,213,0
58,213,0
59,213,2
60,213,2
61,213,0
62,213,0
63,213,2
64,213,2
65,213,0
66,213,0
67,213,2
68,213,2
69,213,0
70,213,0
71,213,2
72,213,3
73,213,0
74,213,0
75,213,3
76,213,3
77,213,0
78,213,0
79,213,3
80,213,3
81,213,0
82,213,0
83,213,3
84,213,3
85,213,0
86,213,0
87,213,3
88,213,3
89,213,0
90,213,0
91,213,3
92,213,3
93,213,0
94,213,0
95,213,3
96,213,3
97,213,0
98,213,0
99,213,3
100,213,3
101,213,0
102,213,0
103,213,3
104,213,3
105,213,0
106,213,0
107,213,3
108,213,3
109,213,0
110,213,0
111,213,3
112,213,3
113,213,0
114,213,0
115,213,3
116,213,3
117,213,0
118,213,0
119,213,3
120,213,3
121,213,0
122,213,0
123,213,4
124,213,4
125,213,0
126,213,0
127,213,4
128,213,4
129,213,0
130,213,0
131,213,4
132,213,4
133,213,0
134,213,0
135,213,3
136,213,3
137,213,0
138,213,0
139,213,3
140,213,3
141,213,0
142,213,0
143,213,3
144,213,3
145,213,0
146,213,0
147,213,3
148,213,3
149,213,0
150,213,0
151,213,3
152,213,3
153,213,0
154,213,0
155,213,3
156,213,3
157,213,0
158,213,0
159,213,3
160,213,3
161,213,0
162,213,0
163,213,3
164,213,3
165,213,0
166,213,0
167,213,3
168,213,3
169,213,0
170,213,0
171,213,3
172,213,3
173,213,0
174,213,0
175,213,3
176,213,3
177,213,0
178,213,0
179,213,3
180,213,3
181,213,0
182,213,0
183,213,3
184,213,3
185,213,0
186,213,0
187,213,2
188,213,2
189,213,0
190,213,0
191,213,2
192,213,2
193,213,0
194,213,0
195,213,2
196,213,2
197,213,0
198,213,0
199,213,2
200,213,2
201,213,0
202,213,0
203,213,2
204,213,2
205,213,0
206,213,0
207,213,2
208,213,2
209,213,0
210,213,0
211,213,2
212,213,2
213,213,0
214,213,0
215,213,2
216,213,2
217,213,0
218,213,0
219,213,2
220,213,2
221,213,0
222,213,0
223,213,2
224,213,2
225,213,0
226,213,0
227,213,2
228,213,2
229,213,0
230,213,0
231,213,2
232,213,2
233,213,0
234,213,0
235,213,2
236,213,2
237,213,0
238,213,0
239,213,2
240,213,2
241,213,0
242,213,0
243,213,2
244,213,2
245,213,0
246,213,0
247,213,2
248,213,2
249,213,0
250,213,0
251,213,2
252,213,2
253,213,0
254,213,0
255,213,2
0,214,2
1,214,0
2,214,0
3,214,2
4,214,2
5,214,0
6,214,0
7,214,2
8,214,2
9,214,0
10,214,0
11,214,2
12,214,2
13,214,0
14,214,0
15,214,2
16,214,2
17,214,0
18,214,0
19,214,2
20,214,2
21,214,0
22,214,0
23,214,2
24,214,2
25,214,0
26,214,0
27,214,2
28,214,2
29,214,0
30,214,0
31,214,2
32,214,2
33,214,0
34,214,0
35,214,2
36,214,2
37,214,0
38,214,0
39,214,2
40,214,2
41,214,0
42,214,0
43,214,2
44,214,2
45,214,0
46,214,0
47,214,2
48,214,2
49,214,0
50,214,0
51,214,2
52,214,2
53,214,0
54,214,0
55,214,2
56,214,2
57,214,0
58,214,0
59,214,2
60,214,2
61,214,0
62,214,0
63,214,2
64,214,2
65,214,0
66,214,0
67,214,2
68,214,2
69,214,0
70,214,0
71,214,2
72,214,2
73,214,0
74,214,0
75,214,3
76,214,3
77,214,0
78,214,0
79,214,3
80,214,3
81,214,0
82,214,0
83,214,3
84,214,3
85,214,0
86,214,0
87,214,3
88,214,3
89,214,0
90,214,0
91,214,3
92,214,3
93,214,0
94,214,0
95,214,3
96,214,3
97,214,0
98,214,0
99,214,3
100,214,3
101,214,0
102,214,0
103,214,3
104,214,3
105,214,0
106,214,0
107,214,3
108,214,3
109,214,0
110,214,0
111,214,3
112,214,3
113,214,0
114,214,0
115,214,3
116,214,3
117,214,0
118,214,0
119,214,3
120,214,3
121,214,0
122,214,0
123,214,4
124,214,4
125,214,0
126,214,0
127,214,4
128,214,4
129,214,0
130,214,0
131,214,4
132,214,4
133,214,0
134,214,0
135,214,3
136,214,3
137,214,0
138,214,0
139,214,3
140,214,3
141,214,0
142,214,0
143,214,3
144,214,3
145,214,0
146,214,0
147,214,3
148,214,3
149,214,0
150,214,0
151,214,3
152,214,3
153,214,0
154,214,0
155,214,3
156,214,3
157,214,0
158,214,0
159,214,3
160,214,3
161,214,0
162,214,0
163,214,3
164,214,3
165,214,0
166,214,0
167,214,3
168,214,3
169,214,0
170,214,0
171,214,3
172,214,3
173,214,0
174,214,0
175,214,3
176,214,3
177,214,0
178,214,0
179,214,3
180,214,3
181,214,0
182,214,0
183,214,3
184,214,2
185,214,0
186,214,0
187,214,2
188,214,2
189,214,0
190,214,0
191,214,2
192,214,2
193,214,0
194,214,0
195,214,2
196,214,2
197,214,0
198,214,0
199,214,2
200,214,2
201,214,0
202,214,0
203,214,2
204,214,2
205,214,0
206,214,0
207,214,2
208,214,2
209,214,0
210,214,0
211,214,2
212,214,2
213,214,0
214,214,0
215,214,2
216,214,2
217,214,0
218,214,0
219,214,2
220,214,2
221,214,0
222,214,0
223,214,2
224,214,2
225,214,0
226,214,0
227,214,2
228,214,2
229,214,0
230,214,0
231,214,2
232,214,2
233,214,0
234,214,0
235,214,2
236,214,2
237,214,0
238,214,0
239,214,2
240,214,2
241,214,0
242,214,0
243,214,2
244,214,2
245,214,0
246,214,0
247,214,2
248,214,2
249,214,0
250,214,0
251,214,2
252,214,2
253,214,0
254,214,0
255,214,2
0,215,2
1,215,0
2,215,0
3,215,2
4,215,2
5,215,0
6,215,0
7,215,2
8,215,2
9,215,0
10,215,0
11,215,2
12,215,2
13,215,0
14,215,0
15,215,2
16,215,2
17,215,0
18,215,0
19,215,2
20,215,2
21,215,0
22,215,0
23,215,2
24,215,2
25,215,0
26,215,0
27,215,2
28,215,2
29,215,0
30,215,0
31,215,2
32,215,2
33,215,0
34,215,0
35,215,2
36,215,2
37,215,0
38,215,0
39,215,2
40,215,2
41,215,0
42,215,0
43,215,2
44,215,2
45,215,0
46,215,0
47,215,2
48,215,2
49,215,0
50,215,0
51,215,2
52,215,2
53,215,0
54,215,0
55,215,2
56,215,2
57,215,0
58,215,0
59,215,2
60,215,2
61,215,0
62,215,0
63,215,2
64,215,2
65,215,0
66,215,0
67,215,2
68,215,2
69,215,0
70,215,0
71,215,2
72,215,2
73,215,0
74,215,0
75,215,3
76,215,3
77,215,0
78,215,0
79,215,3
80,215,3
81,215,0
82,215,0
83,215,3
84,215,3
85,215,0
86,215,0
87,215,3
88,215,3
89,215,0
90,215,0
91,215,3
92,215,3
93,215,0
94,215,0
95,215,3
96,215,3
97,215,0
98,215,0
99,215,3
100,215,3
101,215,0
102,215,0
103,215,3
104,215,3
105,215,0
106,215,0
107,215,3
108,215,3
109,215,0
110,215,0
111,215,3
112,215,3
113,215,0
114,215,0
115,215,3
116,215,3
117,215,0
118,215,0
119,215,3
120,215,3
121,215,0
122,215,0
123,215,3
124,215,4
125,215,0
126,215,0
127,215,4
128,215,4
129,215,0
130,215,0
131,215,4
132,215,4
133,215,0
134,215,0
135,215,3
136,215,3
137,215,0
138,215,0
139,215,3
140,215,3
141,215,0
142,215,0
143,215,3
144,215,3
145,215,0
146,215,0
147,215,3
148,215,3
149,215,0
150,215,0
151,215,3
152,215,3
153,215,0
154,215,0
155,215,3
156,215,3
157,215,0
158,215,0
159,215,3
160,215,3
161,215,0
162,215,0
163,215,3
164,215,3
165,215,0
166,215,0
167,215,3
168,215,3
169,215,0
170,215,0
171,215,3
172,215,3
173,215,0
174,215,0
175,215,3
176,215,3
177,215,0
178,215,0
179,215,3
180,215,3
181,215,0
182,215,0
183,215,2
184,215,2
185,215,0
186,215,0
187,215,2
188,215,2
189,215,0
190,215,0
191,215,2
192,215,2
193,215,0
194,215,0
195,215,2
196,215,2
197,215,0
198,215,0
199,215,2
200,215,2
201,215,0
202,215,0
203,215,2
204,215,2
205,215,0
206,215,0
207,215,2
208,215,2
209,215,0
210,215,0
211,215,2
212,215,2
213,215,0
214,215,0
215,215,2
216,215,2
217,215,0
218,215,0
219,215,2
220,215,2
221,215,0
222,215,0
223,215,2
224,215,2
225,215,0
226,215,0
227,215,2
228,215,2
229,215,0
230,215,0
231,215,2
232,215,2
233,215,0
234,215,0
235,215,2
236,215,2
237,215,0
238,215,0
239,215,2
240,215,2
241,215,0
242,215,0
243,215,2
244,215,2
245,215,0
246,215,0
247,215,2
248,215,2
249,215,0
250,215,0
251,215,2
252,215,2
253,215,0
254,215,0
255,215,2
0,216,2
1,216,0
2,216,0
3,216,2
4,216,2
5,216,0
6,216,0
7,216,2
8,216,2
9,216,0
10,216,0
11,216,2
12,216,2
13,216,0
14,216,0
15,216,2
16,216,2
17,216,0
18,216,0
19,216,2
20,216,2
21,216,0
22,216,0
23,216,2
24,216,2
25,216,0
26,216,0
27,216,2
28,216,2
29,216,0
30,216,0
31,216,2
32,216,2
33,216,0
34,216,0
35,216,2
36,216,2
37,216,0
38,216,0
39,216,2
40,216,2
41,216,0
42,216,0
43,216,2
44,216,2
45,216,0
46,216,0
47,216,2
48,216,2
49,216,0
50,216,0
51,216,2
52,216,2
53,216,0
54,216,0
55,216,2
56,216,2
57,216,0
58,216,0
59,216,2
60,216,2
61,216,0
62,216,0
63,216,2
64,216,2
65,216,0
66,216,0
67,216,2
68,216,2
69,216,0
70,216,0
71,216,2
72,216,2
73,216,0
74,216,0
75,216,2
76,216,2
77,216,0
78,216,0
79,216,3
80,216,3
81,216,0
82,216,0
83,216,3
84,216,3
85,216,0
86,216,0
87,216,3
88,216,3
89,216,0
90,216,0
91,216,3
92,216,3
93,216,0
94,216,0
95,216,3
96,216,3
97,216,0
98,216,0
99,216,3
100,216,3
101,216,0
102,216,0
103,216,3
104,216,3
105,216,0
106,216,0
107,216,3
108,216,3
109,216,0
110,216,0
111,216,3
112,216,3
113,216,0
114,216,0
115,216,3
116,216,3
117,216,0
118,216,0
119,216,3
120,216,3
121,216,0
122,216,0
123,216,3
124,216,3
125,216,0
126,216,0
127,216,4
128,216,4
129,216,0
130,216,0
131,216,4
132,216,3
133,216,0
134,216,0
135,216,3
136,216,3
137,216,0
138,216,0
139,216,3
140,216,3
141,216,0
142,216,0
143,216,3
144,216,3
145,216,0
146,216,0
147,216,3
148,216,3
149,216,0
150,216,0
151,216,3
152,216,3
153,216,0
154,216,0
155,216,3
156,216,3
157,216,0
158,216,0
159,216,3
160,216,3
161,216,0
162,216,0
163,216,3
164,216,3
165,216,0
166,216,0
167,216,3
168,216,3
169,216,0
170,216,0
171,216,3
172,216,3
173,216,0
174,216,0
175,216,3
176,216,3
177,216,0
178,216,0
179,216,3
180,216,2
181,216,0
182,216,0
183,216,2
184,216,2
185,216,0
186,216,0
187,216,2
188,216,2
189,216,0
190,216,0
191,216,2
192,216,2
193,216,0
194,216,0
195,216,2
196,216,2
197,216,0
198,216,0
199,216,2
200,216,2
201,216,0
202,216,0
203,216,2
204,216,2
205,216,0
206,216,0
207,216,2
208,216,2
209,216,0
210,216,0
211,216,2
212,216,2
213,216,0
214,216,0
215,216,2
216,216,2
217,216,0
218,216,0
219,216,2
220,216,2
221,216,0
222,216,0
223,216,2
224,216,2
225,216,0
226,216,0
227,216,2
228,216,2
229,216,0
230,216,0
231,216,2
232,216,2
233,216,0
234,216,0
235,216,2
236,216,2
237,216,0
238,216,0
239,216,2
240,216,2
241,216,0
242,216,0
243,216,2
244,216,2
245,216,0
246,216,0
247,216,2
248,216,2
249,216,0
250,216,0
251,216,2
252,216,2
253,216,0
254,216,0
255,216,2
0,217,2
1,217,0
2,217,0
3,217,2
4,217,2
5,217,0
6,217,0
7,217,2
8,217,2
9,217,0
10,217,0
11,217,2
12,217,2
13,217,0
14,217,0
15,217,2
16,217,2
17,217,0
18,217,0
19,217,2
20,217,2
21,217,0
22,217,0
23,217,2
24,217,2
25,217,0
26,217,0
27,217,2
28,217,2
29,217,0
30,217,0
31,217,2
32,217,2
33,217,0
34,217,0
35,217,2
36,217,2
37,217,0
38,217,0
39,217,2
40,217,2
41,217,0
42,217,0
43,217,2
44,217,2
45,217,0
46,217,0
47,217,2
48,217,2
49,217,0
50,217,0
51,217,2
52,217,2
53,217,0
54,217,0
55,217,2
56,217,2
57,217,0
58,217,0
59,217,2
60,217,2
61,217,0
62,217,0
63,217,2
64,217,2
65,217,0
66,217,0
67,217,2
68,217,2
69,217,0
70,217,0
71,217,2
72,217,2
73,217,0
74,217,0
75,217,2
76,217,2
77,217,0
78,217,0
79,217,3
80,217,3
81,217,0
82,217,0
83,217,3
84,217,3
85,217,0
86,217,0
87,217,3
88,217,3
89,217,0
90,217,0
91,217,3
92,217,3
93,217,0
94,217,0
95,217,3
96,217,3
97,217,0
98,217,0
99,217,3
100,217,3
101,217,0
102,217,0
103,217,3
104,217,3
105,217,0
106,217,0
107,217,3
108,217,3
109,217,0
110,217,0
111,217,3
112,217,3
113,217,0
114,217,0
115,217,3
116,217,3
117,217,0
118,217,0
119,217,3
120,217,3
121,217,0
122,217,0
123,217,3
124,217,3
125,217,0
126,217,0
127,217,4
128,217,4
129,217,0
130,217,0
131,217,4
132,217,3
133,217,0
134,217,0
135,217,3
136,217,3
137,217,0
138,217,0
139,217,3
140,217,3
141,217,0
142,217,0
143,217,3
144,217,3
145,217,0
146,217,0
147,217,3
148,217,3
149,217,0
150,217,0
151,217,3
152,217,3
153,217,0
154,217,0
155,217,3
156,217,3
157,217,0
158,217,0
159,217,3
160,217,3
161,217,0
162,217,0
163,217,3
164,217,3
165,217,0
166,217,0
167,217,3
168,217,3
169,217,0
170,217,0
171,217,3
172,217,3
173,217,0
174,217,0
175,217,3
176,217,3
177,217,0
178,217,0
179,217,2
180,217,2
181,217,0
182,217,0
183,217,2
184,217,2
185,217,0
186,217,0
187,217,2
188,217,2
189,217,0
190,217,0
191,217,2
192,217,2
193,217,0
194,217,0
195,217,2
196,217,2
197,217,0
198,217,0
199,217,2
200,217,2
201,217,0
202,217,0
203,217,2
204,217,2
205,217,0
206,217,0
207,217,2
208,217,2
209,217,0
210,217,0
211,217,2
212,217,2
213,217,0
214,217,0
215,217,2
216,217,2
217,217,0
218,217,0
219,217,2
220,217,2
221,217,0
222,217,0
223,217,2
224,217,2
225,217,0
226,217,0
227,217,2
228,217,2
229,217,0
230,217,0
231,217,2
232,217,2
233,217,0
234,217,0
235,217,2
236,217,2
237,217,0
238,217,0
239,217,2
240,217,2
241,217,0
242,217,0
243,217,2
244,217,2
245,217,0
246,217,0
247,217,2
248,217,2
249,217,0
250,217,0
251,217,2
252,217,2
253,217,0
254,217,0
255,217,2
0,218,2
1,218,0
2,218,0
3,218,2
4,218,2
5,218,0
6,218,0
7,218,2
8,218,2
9,218,0
10,218,0
11,218,2
12,218,2
13,218,0
14,218,0
15,218,2
16,218,2
17,218,0
18,218,0
19,218,2
20,218,2
21,218,0
22,218,0
23,218,2
24,218,2
25,218,0
26,218,0
27,218,2
28,218,2
29,218,0
30,218,0
31,218,2
32,218,2
33,218,0
34,218,0
35,218,2
36,218,2
37,218,0
38,218,0
39,218,2
40,218,2
41,218,0
42,218,0
43,218,2
44,218,2
45,218,0
46,218,0
47,218,2
48,218,2
49,218,0
50,218,0
51,218,2
52,218,2
53,218,0
54,218,0
55,218,2
56,218,2
57,218,0
58,218,0
59,218,2
60,218,2
61,218,0
62,218,0
63,218,2
64,218,2
65,218,0
66,218,0
67,218,2
68,218,2
69,218,0
70,218,0
71,218,2
72,218,2
73,218,0
74,218,0
75,218,2
76,218,2
77,218,0
78,218,0
79,218,2
80,218,3
81,218,0
82,218,0
83,218,3
84,218,3
85,218,0
86,218,0
87,218,3
88,218,3
89,218,0
90,218,0
91,218,3
92,218,3
93,218,0
94,218,0
95,218,3
96,218,3
97,218,0
98,218,0
99,218,3
100,218,3
101,218,0
102,218,0
103,218,3
104,218,3
105,218,0
106,218,0
107,218,3
108,218,3
109,218,0
110,218,0
111,218,3
112,218,3
113,218,0
114,218,0
115,218,3
116,218,3
117,218,0
118,218,0
119,218,3
120,218,3
121,218,0
122,218,0
123,218,3
124,218,3
125,218,0
126,218,0
127,218,4
128,218,4
129,218,0
130,218,0
131,218,3
132,218,3
133,218,0
134,218,0
135,218,3
136,218,3
137,218,0
138,218,0
139,218,3
140,218,3
141,218,0
142,218,0
143,218,3
144,218,3
145,218,0
146,218,0
147,218,3
148,218,3
149,218,0
150,218,0
151,218,3
152,218,3
153,218,0
154,218,0
155,218,3
156,218,3
157,218,0
158,218,0
159,218,3
160,218,3
161,218,0
162,218,0
163,218,3
164,218,3
165,218,0
166,218,0
167,218,3
168,218,3
169,218,0
170,218,0
171,218,3
172,218,3
173,218,0
174,218,0
175,218,3
176,218,3
177,218,0
178,218,0
179,218,2
180,218,2
181,218,0
182,218,0
183,218,2
184,218,2
185,218,0
186,218,0
187,218,2
188,218,2
189,218,0
190,218,0
191,218,2
192,218,2
193,218,0
194,218,0
195,218,2
196,218,2
197,218,0
198,218,0
199,218,2
200,218,2
201,218,0
202,218,0
203,218,2
204,218,2
205,218,0
206,218,0
207,218,2
208,218,2
209,218,0
210,218,0
211,218,2
212,218,2
213,218,0
214,218,0
215,218,2
216,218,2
217,218,0
218,218,0
219,218,2
220,218,2
221,218,0
222,218,0
223,218,2
224,218,2
225,218,0
226,218,0
227,218,2
228,218,2
229,218,0
230,218,0
231,218,2
232,218,2
233,218,0
234,218,0
235,218,2
236,218,2
237,218,0
238,218,0
239,218,2
240,218,2
241,218,0
242,218,0
243,218,2
244,218,2
245,218,0
246,218,0
247,218,2
248,218,2
249,218,0
250,218,0
251,218,2
252,218,2
253,218,0
254,218,0
255,218,2
0,219,2
1,219,0
2,219,0
3,219,2
4,219,2
5,219,0
6,219,0
7,219,2
8,219,2
9,219,0
10,219,0
11,219,2
12,219,2
13,219,0
14,219,0
15,219,2
16,219,2
17,219,0
18,219,0
19,219,2
20,219,2
21,219,0
22,219,0
23,219,2
24,219,2
25,219,0
26,219,0
27,219,2
28,219,2
29,219,0
30,219,0
31,219,2
32,219,2
33,219,0
34,219,0
35,219,2
36,219,2
37,219,0
38,219,0
39,219,2
40,219,2
41,219,0
42,219,0
43,219,2
44,219,2
45,219,0
46,219,0
47,219,2
48,219,2
49,219,0
50,219,0
51,219,2
52,219,2
53,219,0
54,219,0
55,219,2
56,219,2
57,219,0
58,219,0
59,219,2
60,219,2
61,219,0
62,219,0
63,219,2
64,219,2
65,219,0
66,219,0
67,219,2
68,219,2
69,219,0
70,219,0
71,219,2
72,219,2
73,219,0
74,219,0
75,219,2
76,219,2
77,219,0
78,219,0
79,219,2
80,219,2
81,219,0
82,219,0
83,219,3
84,219,3
85,219,0
86,219,0
87,219,3
88,219,3
89,219,0
90,219,0
91,219,3
92,219,3
93,219,0
94,219,0
95,219,3
96,219,3
97,219,0
98,219,0
99,219,3
100,219,3
101,219,0
102,219,0
103,219,3
104,219,3
105,219,0
106,219,0
107,219,3
108,219,3
109,219,0
110,219,0
111,219,3
112,219,3
113,219,0
114,219,0
115,219,3
116,219,3
117,219,0
118,219,0
119,219,3
120,219,3
121,219,0
122,219,0
123,219,3
124,219,3
125,219,0
126,219,0
127,219,4
128,219,4
129,219,0
130,219,0
131,219,3
132,219,3
133,219,0
134,219,0
135,219,3
136,219,3
137,219,0
138,219,0
139,219,3
140,219,3
141,219,0
142,219,0
143,219,3
144,219,3
145,219,0
146,219,0
147,219,3
148,219,3
149,219,0
150,219,0
151,219,3
152,219,3
153,219,0
154,219,0
155,219,3
156,219,3
157,219,0
158,219,0
159,219,3
160,219,3
161,219,0
162,219,0
163,219,3
164,219,3
165,219,0
166,219,0
167,219,3
168,219,3
169,219,0
170,219,0
171,219,3
172,219,3
173,219,0
174,219,0
175,219,2
176,219,2
177,219,0
178,219,0
179,219,2
180,219,2
181,219,0
182,219,0
183,219,2
184,219,2
185,219,0
186,219,0
187,219,2
188,219,2
189,219,0
190,219,0
191,219,2
192,219,2
193,219,0
194,219,0
195,219,2
196,219,2
197,219,0
198,219,0
199,219,2
200,219,2
201,219,0
202,219,0
203,219,2
204,219,2
205,219,0
206,219,0
207,219,2
208,219,2
209,219,0
210,219,0
211,219,2
212,219,2
213,219,0
214,219,0
215,219,2
216,219,2
217,219,0
218,219,0
219,219,2
220,219,2
221,219,0
222,219,0
223,219,2
224,219,2
225,219,0
226,219,0
227,219,2
228,219,2
229,219,0
230,219,0
231,219,2
232,219,2
233,219,0
234,219,0
235,219,2
236,219,2
237,219,0
238,219,0
239,219,2
240,219,2
241,219,0
242,219,0
243,219,2
244,219,2
245,219,0
246,219,0
247,219,2
248,219,2
249,219,0
250,219,0
251,219,2
252,219,2
253,219,0
254,219,0
255,219,2
0,220,2
1,220,0
2,220,0
3,220,2
4,220,2
5,220,0
6,220,0
7,220,2
8,220,2
9,220,0
10,220,0
11,220,2
12,220,2
13,220,0
14,220,0
15,220,2
16,220,2
17,220,0
18,220,0
19,220,2
20,220,2
21,220,0
22,220,0
23,220,2
24,220,2
25,220,0
26,220,0
27,220,2
28,220,2
29,220,0
30,220,0
31,220,2
32,220,2
33,220,0
34,220,0
35,220,2
36,220,2
37,220,0
38,220,0
39,220,2
40,220,2
41,220,0
42,220,0
43,220,2
44,220,2
45,220,0
46,220,0
47,220,2
48,220,2
49,220,0
50,220,0
51,220,2
52,220,2
53,220,0
54,220,0
55,220,2
56,220,2
57,220,0
58,220,0
59,220,2
60,220,2
61,220,0
62,220,0
63,220,2
64,220,2
65,220,0
66,220,0
67,220,2
68,220,2
69,220,0
70,220,0
71,220,2
72,220,2
73,220,0
74,220,0
75,220,2
76,220,2
77,220,0
78,220,0
79,220,2
80,220,2
81,220,0
82,220,0
83,220,3
84,220,3
85,220,0
86,220,0
87,220,3
88,220,3
89,220,0
90,220,0
91,220,3
92,220,3
93,220,0
94,220,0
95,220,3
96,220,3
97,220,0
98,220,0
99,220,3
100,220,3
101,220,0
102,220,0
103,220,3
104,220,3
105,220,0
106,220,0
107,220,3
108,220,3
109,220,0
110,220,0
111,220,3
112,220,3
113,220,0
114,220,0
115,220,3
116,220,3
117,220,0
118,220,0
119,220,3
120,220,3
121,220,0
122,220,0
123,220,3
124,220,3
125,220,0
126,220,0
127,220,4
128,220,4
129,220,0
130,220,0
131,220,3
132,220,3
133,220,0
134,220,0
135,220,3
136,220,3
137,220,0
138,220,0
139,220,3
140,220,3
141,220,0
142,220,0
143,220,3
144,220,3
145,220,0
146,220,0
147,220,3
148,220,3
149,220,0
150,220,0
151,220,3
152,220,3
153,220,0
154,220,0
155,220,3
156,220,3
157,220,0
158,220,0
159,220,3
160,220,3
161,220,0
162,220,0
163,220,3
164,220,3
165,220,0
166,220,0
167,220,3
168,220,3
169,220,0
170,220,0
171,220,3
172,220,3
173,220,0
174,220,0
175,220,2
176,220,2
177,220,0
178,220,0
179,220,2
180,220,2
181,220,0
182,220,0
183,220,2
184,220,2
185,220,0
186,220,0
187,220,2
188,220,2
189,220,0
190,220,0
191,220,2
192,220,2
193,220,0
194,220,0
195,220,2
196,220,2
197,220,0
198,220,0
199,220,2
200,220,2
201,220,0
202,220,0
203,220,2
204,220,2
205,220,0
206,220,0
207,220,2
208,220,2
209,220,0
210,220,0
211,220,2
212,220,2
213,220,0
214,220,0
215,220,2
216,220,2
217,220,0
218,220,0
219,220,2
220,220,2
221,220,0
222,220,0
223,220,2
224,220,2
225,220,0
226,220,0
227,220,2
228,220,2
229,220,0
230,220,0
231,220,2
232,220,2
233,220,0
234,220,0
235,220,2
236,220,2
237,220,0
238,220,0
239,220,2
240,220,2
241,220,0
242,220,0
243,220,2
244,220,2
245,220,0
246,220,0
247,220,2
248,220,2
249,220,0
250,220,0
251,220,2
252,220,2
253,220,0
254,220,0
255,220,2
0,221,2
1,221,0
2,221,0
3,221,2
4,221,2
5,221,0
6,221,0
7,221,2
8,221,2
9,221,0
10,221,0
11,221,2
12,221,2
13,221,0
14,221,0
15,221,2
16,221,2
17,221,0
18,221,0
19,221,2
20,221,2
21,221,0
22,221,0
23,221,2
24,221,2
25,221,0
26,221,0
27,221,2
28,221,2
29,221,0
30,221,0
31,221,2
32,221,2
33,221,0
34,221,0
35,221,2
36,221,2
37,221,0
38,221,0
39,221,2
40,221,2
41,221,0
42,221,0
43,221,2
44,221,2
45,221,0
46,221,0
47,221,2
48,221,2
49,221,0
50,221,0
51,221,2
52,221,2
53,221,0
54,221,0
55,221,2
56,221,2
57,221,0
58,221,0
59,221,2
60,221,2
61,221,0
62,221,0
63,221,2
64,221,2
65,221,0
66,221,0
67,221,2
68,221,2
69,221,0
70,221,0
71,221,2
72,221,2
73,221,0
74,221,0
75,221,2
76,221,2
77,221,0
78,221,0
79,221,2
80,221,2
81,221,0
82,221,0
83,221,2
84,221,2
85,221,0
86,221,0
87,221,3
88,221,3
89,221,0
90,221,0
91,221,3
92,221,3
93,221,0
94,221,0
95,221,3
96,221,3
97,221,0
98,221,0
99,221,3
100,221,3
101,221,0
102,221,0
103,221,3
104,221,3
105,221,0
106,221,0
107,221,3
108,221,3
109,221,0
110,221,0
111,221,3
112,221,3
113,221,0
114,221,0
115,221,3
116,221,3
117,221,0
118,221,0
119,221,3
120,221,3
121,221,0
122,221,0
123,221,3
124,221,3
125,221,0
126,221,0
127,221,3
128,221,4
129,221,0
130,221,0
131,221,3
132,221,3
133,221,0
134,221,0
135,221,3
136,221,3
137,221,0
138,221,0
139,221,3
140,221,3
141,221,0
142,221,0
143,221,3
144,221,3
145,221,0
146,221,0
147,221,3
148,221,3
149,221,0
150,221,0
151,221,3
152,221,3
153,221,0
154,221,0
155,221,3
156,221,3
157,221,0
158,221,0
159,221,3
160,221,3
161,221,0
162,221,0
163,221,3
164,221,3
165,221,0
166,221,0
167,221,3
168,221,3
169,221,0
170,221,0
171,221,3
172,221,2
173,221,0
174,221,0
175,221,2
176,221,2
177,221,0
178,221,0
179,221,2
180,221,2
181,221,0
182,221,0
183,221,2
184,221,2
185,221,0
186,221,0
187,221,2
188,221,2
189,221,0
190,221,0
191,221,2
192,221,2
193,221,0
194,221,0
195,221,2
196,221,2
197,221,0
198,221,0
199,221,2
200,221,2
201,221,0
202,221,0
203,221,2
204,221,2
205,221,0
206,221,0
207,221,2
208,221,2
209,221,0
210,221,0
211,221,2
212,221,2
213,221,0
214,221,0
215,221,2
216,221,2
217,221,0
218,221,0
219,221,2
220,221,2
221,221,0
222,221,0
223,221,2
224,221,2
225,221,0
226,221,0
227,221,2
228,221,2
229,221,0
230,221,0
231,221,2
232,221,2
233,221,0
234,221,0
235,221,2
236,221,2
237,221,0
238,221,0
239,221,2
240,221,2
241,221,0
242,221,0
243,221,2
244,221,2
245,221,0
246,221,0
247,221,2
248,221,2
249,221,0
250,221,0
251,221,2
252,221,2
253,221,0
254,221,0
255,221,2
0,222,2
1,222,0
2,222,0
3,222,2
4,222,2
5,222,0
6,222,0
7,222,2
8,222,2
9,222,0
10,222,0
11,222,2
12,222,2
13,222,0
14,222,0
15,222,2
16,222,2
17,222,0
18,222,0
19,222,2
20,222,2
21,222,0
22,222,0
23,222,2
24,222,2
25,222,0
26,222,0
27,222,2
28,222,2
29,222,0
30,222,0
31,222,2
32,222,2
33,222,0
34,222,0
35,222,2
36,222,2
37,222,0
38,222,0
39,222,2
40,222,2
41,222,0
42,222,0
43,222,2
44,222,2
45,222,0
46,222,0
47,222,2
48,222,2
49,222,0
50,222,0
51,222,2
52,222,2
53,222,0
54,222,0
55,222,2
56,222,2
57,222,0
58,222,0
59,222,2
60,222,2
61,222,0
62,222,0
63,222,2
64,222,2
65,222,0
66,222,0
67,222,2
68,222,2
69,222,0
70,222,0
71,222,2
72,222,2
73,222,0
74,222,0
75,222,2
76,222,2
77,222,0
78,222,0
79,222,2
80,222,2
81,222,0
82,222,0
83,222,2
84,222,2
85,222,0
86,222,0
87,222,3
88,222,3
89,222,0
90,222,0
91,222,3
92,222,3
93,222,0
94,222,0
95,222,3
96,222,3
97,222,0
98,222,0
99,222,3
100,222,3
101,222,0
102,222,0
103,222,3
104,222,3
105,222,0
106,222,0
107,222,3
108,222,3
109,222,0
110,222,0
111,222,3
112,222,3
113,222,0
114,222,0
115,222,3
116,222,3
117,222,0
118,222,0
119,222,3
120,222,3
121,222,0
122,222,0
123,222,3
124,222,3
125,222,0
126,222,0
127,222,3
128,222,3
129,222,0
130,222,0
131,222,3
132,222,3
133,222,0
134,222,0
135,222,3
136,222,3
137,222,0
138,222,0
139,222,3
140,222,3
141,222,0
142,222,0
143,222,3
144,222,3
145,222,0
146,222,0
147,222,3
148,222,3
149,222,0
150,222,0
151,222,3
152,222,3
153,222,0
154,222,0
155,222,3
156,222,3
157,222,0
158,222,0
159,222,3
160,222,3
161,222,0
162,222,0
163,222,3
164,222,3
165,222,0
166,222,0
167,222,3
168,222,3
169,222,0
170,222,0
171,222,2
172,222,2
173,222,0
174,222,0
175,222,2
176,222,2
177,222,0
178,222,0
179,222,2
180,222,2
181,222,0
182,222,0
183,222,2
184,222,2
185,222,0
186,222,0
187,222,2
188,222,2
189,222,0
190,222,0
191,222,2
192,222,2
193,222,0
194,222,0
195,222,2
196,222,2
197,222,0
198,222,0
199,222,2
200,222,2
201,222,0
202,222,0
203,222,2
204,222,2
205,222,0
206,222,0
207,222,2
208,222,2
209,222,0
210,222,0
211,222,2
212,222,2
213,222,0
214,222,0
215,222,2
216,222,2
217,222,0
218,222,0
219,222,2
220,222,2
221,222,0
222,222,0
223,222,2
224,222,2
225,222,0
226,222,0
227,222,2
228,222,2
229,222,0
230,222,0
231,222,2
232,222,2
233,222,0
234,222,0
235,222,2
236,222,2
237,222,0
238,222,0
239,222,2
240,222,2
241,222,0
242,222,0
243,222,2
244,222,2
245,222,0
246,222,0
247,222,2
248,222,2
249,222,0
250,222,0
251,222,2
252,222,2
253,222,0
254,222,0
255,222,2
0,223,2
1,223,0
2,223,0
3,223,2
4,223,2
5,223,0
6,223,0
7,223,2
8,223,2
9,223,0
10,223,0
11,223,2
12,223,2
13,223,0
14,223,0
15,223,2
16,223,2
17,223,0
18,223,0
19,223,2
20,223,2
21,223,0
22,223,0
23,223,2
24,223,2
25,223,0
26,223,0
27,223,2
28,223,2
29,223,0
30,223,0
31,223,2
32,223,2
33,223,0
34,223,0
35,223,2
36,223,2
37,223,0
38,223,0
39,223,2
40,223,2
41,223,0
42,223,0
43,223,2
44,223,2
45,223,0
46,223,0
47,223,2
48,223,2
49,223,0
50,223,0
51,223,2
52,223,2
53,223,0
54,223,0
55,223,2
56,223,2
57,223,0
58,223,0
59,223,2
60,223,2
61,223,0
62,223,0
63,223,2
64,223,2
65,223,0
66,223,0
67,223,2
68,223,2
69,223,0
70,223,0
71,223,2
72,223,2
73,223,0
74,223,0
75,223,2
76,223,2
77,223,0
78,223,0
79,223,2
80,223,2
81,223,0
82,223,0
83,223,2
84,223,2
85,223,0
86,223,0
87,223,2
88,223,3
89,223,0
90,223,0
91,223,3
92,223,3
93,223,0
94,223,0
95,223,3
96,223,3
97,223,0
98,223,0
99,223,3
100,223,3
101,223,0
102,223,0
103,223,3
104,223,3
105,223,0
106,223,0
107,223,3
108,223,3
109,223,0
110,223,0
111,223,3
112,223,3
113,223,0
114,223,0
115,223,3
116,223,3
117,223,0
118,223,0
119,223,3
120,223,3
121,223,0
122,223,0
123,223,3
124,223,3
125,223,0
126,223,0
127,223,3
128,223,3
129,223,0
130,223,0
131,223,3
132,223,3
133,223,0
134,223,0
135,223,3
136,223,3
137,223,0
138,223,0
139,223,3
140,223,3
141,223,0
142,223,0
143,223,3
144,223,3
145,223,0
146,223,0
147,223,3
148,223,3
149,223,0
150,223,0
151,223,3
152,223,3
153,223,0
154,223,0
155,223,3
156,223,3
157,223,0
158,223,0
159,223,3
160,223,3
161,223,0
162,223,0
163,223,3
164,223,3
165,223,0
166,223,0
167,223,3
168,223,3
169,223,0
170,223,0
171,223,2
172,223,2
173,223,0
174,223,0
175,223,2
176,223,2
177,223,0
178,223,0
179,223,2
180,223,2
181,223,0
182,223,0
183,223,2
184,223,2
185,223,0
186,223,0
187,223,2
188,223,2
189,223,0
190,223,0
191,223,2
192,223,2
193,223,0
194,223,0
195,223,2
196,223,2
197,223,0
198,223,0
199,223,2
200,223,2
201,223,0
202,223,0
203,223,2
204,223,2
205,223,0
206,223,0
207,223,2
208,223,2
209,223,0
210,223,0
211,223,2
212,223,2
213,223,0
214,223,0
215,223,2
216,223,2
217,223,0
218,223,0
219,223,2
220,223,2
221,223,0
222,223,0
223,223,2
224,223,2
225,223,0
226,223,0
227,223,2
228,223,2
229,223,0
230,223,0
231,223,2
232,223,2
233,223,0
234,223,0
235,223,2
236,223,2
237,223,0
238,223,0
239,223,2
240,223,2
241,223,0
242,223,0
243,223,2
244,223,2
245,223,0
246,223,0
247,223,2
248,223,2
249,223,0
250,223,0
251,223,2
252,223,2
253,223,0
254,223,0
255,223,2
0,224,2
1,224,0
2,224,0
3,224,2
4,224,2
5,224,0
6,224,0
7,224,2
8,224,2
9,224,0
10,224,0
11,224,2
12,224,2
13,224,0
14,224,0
15,224,2
16,224,2
17,224,0
18,224,0
19,224,2
20,224,2
21,224,0
22,224,0
23,224,2
24,224,2
25,224,0
26,224,0
27,224,2
28,224,2
29,224,0
30,224,0
31,224,2
32,224,2
33,224,0
34,224,0
35,224,2
36,224,2
37,224,0
38,224,0
39,224,2
40,224,2
41,224,0
42,224,0
43,224,2
44,224,2
45,224,0
46,224,0
47,224,2
48,224,2
49,224,0
50,224,0
51,224,2
52,224,2
53,224,0
54,224,0
55,224,2
56,224,2
57,224,0
58,224,0
59,224,2
60,224,2
61,224,0
62,224,0
63,224,2
64,224,2
65,224,0
66,224,0
67,224,2
68,224,2
69,224,0
70,224,0
71,224,2
72,224,2
73,224,0
74,224,0
75,224,2
76,224,2
77,224,0
78,224,0
79,224,2
80,224,2
81,224,0
82,224,0
83,224,2
84,224,2
85,224,0
86,224,0
87,224,2
88,224,2
89,224,0
90,224,0
91,224,3
92,224,3
93,224,0
94,224,0
95,224,3
96,224,3
97,224,0
98,224,0
99,224,3
100,224,3
101,224,0
102,224,0
103,224,3
104,224,3
105,224,0
106,224,0
107,224,3
108,224,3
109,224,0
110,224,0
111,224,3
112,224,3
113,224,0
114,224,0
115,224,3
116,224,3
117,224,0
118,224,0
119,224,3
120,224,3
121,224,0
122,224,0
123,224,3
124,224,3
125,224,0
126,224,0
127,224,3
128,224,3
129,224,0
130,224,0
131,224,3
132,224,3
133,224,0
134,224,0
135,224,3
136,224,3
137,224,0
138,224,0
139,224,3
140,224,3
141,224,0
142,224,0
143,224,3
144,224,3
145,224,0
146,224,0
147,224,3
148,224,3
149,224,0
150,224,0
151,224,3
152,224,3
153,224,0
154,224,0
155,224,3
156,224,3
157,224,0
158,224,0
159,224,3
160,224,3
161,224,0
162,224,0
163,224,3
164,224,3
165,224,0
166,224,0
167,224,2
168,224,2
169,224,0
170,224,0
171,224,2
172,224,2
173,224,0
174,224,0
175,224,2
176,224,2
177,224,0
178,224,0
179,224,2
180,224,2
181,224,0
182,224,0
183,224,2
184,224,2
185,224,0
186,224,0
187,224,2
188,224,2
189,224,0
190,224,0
191,224,2
192,224,2
193,224,0
194,224,0
195,224,2
196,224,2
197,224,0
198,224,0
199,224,2
200,224,2
201,224,0
202,224,0
203,224,2
204,224,2
205,224,0
206,224,0
207,224,2
208,224,2
209,224,0
210,224,0
211,224,2
212,224,2
213,224,0
214,224,0
215,224,2
216,224,2
217,224,0
218,224,0
219,224,2
220,224,2
221,224,0
222,224,0
223,224,2
224,224,2
225,224,0
226,224,0
227,224,2
228,224,2
229,224,0
230,224,0
231,224,2
232,224,2
233,224,0
234,224,0
235,224,2
236,224,2
237,224,0
238,224,0
239,224,2
240,224,2
241,224,0
242,224,0
243,224,2
244,224,2
245,224,0
246,224,0
247,224,2
248,224,2
249,224,0
250,224,0
251,224,2
252,224,2
253,224,0
254,224,0
255,224,2
0,225,2
1,225,0
2,225,0
3,225,2
4,225,2
5,225,0
6,225,0
7,225,2
8,225,2
9,225,0
10,225,0
11,225,2
12,225,2
13,225,0
14,225,0
15,225,2
16,225,2
17,225,0
18,225,0
19,225,2
20,225,2
21,225,0
22,225,0
23,225,2
24,225,2
25,225,0
26,225,0
27,225,2
28,225,2
29,225,0
30,225,0
31,225,2
32,225,2
33,225,0
34,225,0
35,225,2
36,225,2
37,225,0
38,225,0
39,225,2
40,225,2
41,225,0
42,225,0
43,225,2
44,225,2
45,225,0
46,225,0
47,225,2
48,225,2
49,225,0
50,225,0
51,225,2
52,225,2
53,225,0
54,225,0
55,225,2
56,225,2
57,225,0
58,225,0
59,225,2
60,225,2
61,225,0
62,225,0
63,225,2
64,225,2
65,225,0
66,225,0
67,225,2
68,225,2
69,225,0
70,225,0
71,225,2
72,225,2
73,225,0
74,225,0
75,225,2
76,225,2
77,225,0
78,225,0
79,225,2
80,225,2
81,225,0
82,225,0
83,225,2
84,225,2
85,225,0
86,225,0
87,225,2
88,225,2
89,225,0
90,225,0
91,225,3
92,225,3
93,225,0
94,225,0
95,225,3
96,225,3
97,225,0
98,225,0
99,225,3
100,225,3
101,225,0
102,225,0
103,225,3
104,225,3
105,225,0
106,225,0
107,225,3
108,225,3
109,225,0
110,225,0
111,225,3
112,225,3
113,225,0
114,225,0
115,225,3
116,225,3
117,225,0
118,225,0
119,225,3
120,225,3
121,225,0
122,225,0
123,225,3
124,225,3
125,225,0
126,225,0
127,225,3
128,225,3
129,225,0
130,225,0
131,225,3
132,225,3
133,225,0
134,225,0
135,225,3
136,225,3
137,225,0
138,225,0
139,225,3
140,225,3
141,225,0
142,225,0
143,225,3
144,225,3
145,225,0
146,225,0
147,225,3
148,225,3
149,225,0
150,225,0
151,225,3
152,225,3
153,225,0
154,225,0
155,225,3
156,225,3
157,225,0
158,225,0
159,225,3
160,225,3
161,225,0
162,225,0
163,225,3
164,225,3
165,225,0
166,225,0
167,225,2
168,225,2
169,225,0
170,225,0
171,225,2
172,225,2
173,225,0
174,225,0
175,225,2
176,225,2
177,225,0
178,225,0
179,225,2
180,225,2
181,225,0
182,225,0
183,225,2
184,225,2
185,225,0
186,225,0
187,225,2
188,225,2
189,225,0
190,225,0
191,225,2
192,225,2
193,225,0
194,225,0
195,225,2
196,225,2
197,225,0
198,225,0
199,225,2
200,225,2
201,225,0
202,225,0
203,225,2
204,225,2
205,225,0
206,225,0
207,225,2
208,225,2
209,225,0
210,225,0
211,225,2
212,225,2
213,225,0
214,225,0
215,225,2
216,225,2
217,225,0
218,225,0
219,225,2
220,225,2
221,225,0
222,225,0
223,225,2
224,225,2
225,225,0
226,225,0
227,225,2
228,225,2
229,225,0
230,225,0
231,225,2
232,225,2
233,225,0
234,225,0
235,225,2
236,225,2
237,225,0
238,225,0
239,225,2
240,225,2
241,225,0
242,225,0
243,225,2
244,225,2
245,225,0
246,225,0
247,225,2
248,225,2
249,225,0
250,225,0
251,225,2
252,225,2
253,225,0
254,225,0
255,225,2
0,226,2
1,226,0
2,226,0
3,226,2
4,226,2
5,226,0
6,226,0
7,226,2
8,226,2
9,226,0
10,226,0
11,226,2
12,226,2
13,226,0
14,226,0
15,226,2
16,226,2
17,226,0
18,226,0
19,226,2
20,226,2
21,226,0
22,226,0
23,226,2
24,226,2
25,226,0
26,226,0
27,226,2
28,226,2
29,226,0
30,226,0
31,226,2
32,226,2
33,226,0
34,226,0
35,226,2
36,226,2
37,226,0
38,226,0
39,226,2
40,226,2
41,226,0
42,226,0
43,226,2
44,226,2
45,226,0
46,226,0
47,226,2
48,226,2
49,226,0
50,226,0
51,226,2
52,226,2
53,226,0
54,226,0
55,226,2
56,226,2
57,226,0
58,226,0
59,226,2
60,226,2
61,226,0
62,226,0
63,226,2
64,226,2
65,226,0
66,226,0
67,226,2
68,226,2
69,226,0
70,226,0
71,226,2
72,226,2
73,226,0
74,226,0
75,226,2
76,226,2
77,226,0
78,226,0
79,226,2
80,226,2
81,226,0
82,226,0
83,226,2
84,226,2
85,226,0
86,226,0
87,226,2
88,226,2
89,226,0
90,226,0
91,226,2
92,226,2
93,226,0
94,226,0
95,226,3
96,226,3
97,226,0
98,226,0
99,226,3
100,226,3
101,226,0
102,226,0
103,226,3
104,226,3
105,226,0
106,226,0
107,226,3
108,226,3
109,226,0
110,226,0
111,226,3
112,226,3
113,226,0
114,226,0
115,226,3
116,226,3
117,226,0
118,226,0
119,226,3
120,226,3
121,226,0
122,226,0
123,226,3
124,226,3
125,226,0
126,226,0
127,226,3
128,226,3
129,226,0
130,226,0
131,226,3
132,226,3
133,226,0
134,226,0
135,226,3
136,226,3
137,226,0
138,226,0
139,226,3
140,226,3
141,226,0
142,226,0
143,226,3
144,226,3
145,226,0
146,226,0
147,226,3
148,226,3
149,226,0
150,226,0
151,226,3
152,226,3
153,226,0
154,226,0
155,226,3
156,226,3
157,226,0
158,226,0
159,226,3
160,226,3
161,226,0
162,226,0
163,226,3
164,226,2
165,226,0
166,226,0
167,226,2
168,226,2
169,226,0
170,226,0
171,226,2
172,226,2
173,226,0
174,226,0
175,226,2
176,226,2
177,226,0
178,226,0
179,226,2
180,226,2
181,226,0
182,226,0
183,226,2
184,226,2
185,226,0
186,226,0
187,226,2
188,226,2
189,226,0
190,226,0
191,226,2
192,226,2
193,226,0
194,226,0
195,226,2
196,226,2
197,226,0
198,226,0
199,226,2
200,226,2
201,226,0
202,226,0
203,226,2
204,226,2
205,226,0
206,226,0
207,226,2
208,226,2
209,226,0
210,226,0
211,226,2
212,226,2
213,226,0
214,226,0
215,226,2
216,226,2
217,226,0
218,226,0
219,226,2
220,226,2
221,226,0
222,226,0
223,226,2
224,226,2
225,226,0
226,226,0
227,226,2
228,226,2
229,226,0
230,226,0
231,226,2
232,226,2
233,226,0
234,226,0
235,226,2
236,226,2
237,226,0
238,226,0
239,226,2
240,226,2
241,226,0
242,226,0
243,226,2
244,226,2
245,226,0
246,226,0
247,226,2
248,226,2
249,226,0
250,226,0
251,226,2
252,226,2
253,226,0
254,226,0
255,226,2
0,227,2
1,227,0
2,227,0
3,227,2
4,227,2
5,227,0
6,227,0
7,227,2
8,227,2
9,227,0
10,227,0
11,227,2
12,227,2
13,227,0
14,227,0
15,227,2
16,227,2
17,227,0
18,227,0
19,227,2
20,227,2
21,227,0
22,227,0
23,227,2
24,227,2
25,227,0
26,227,0
27,227,2
28,227,2
29,227,0
30,227,0
31,227,2
32,227,2
33,227,0
34,227,0
35,227,2
36,227,2
37,227,0
38,227,0
39,227,2
40,227,2
41,227,0
42,227,0
43,227,2
44,227,2
45,227,0
46,227,0
47,227,2
48,227,2
49,227,0
50,227,0
51,227,2
52,227,2
53,227,0
54,227,0
55,227,2
56,227,2
57,227,0
58,227,0
59,227,2
60,227,2
61,227,0
62,227,0
63,227,2
64,227,2
65,227,0
66,227,0
67,227,2
68,227,2
69,227,0
70,227,0
71,227,2
72,227,2
73,227,0
74,227,0
75,227,2
76,227,2
77,227,0
78,227,0
79,227,2
80,227,2
81,227,0
82,227,0
83,227,2
84,227,2
85,227,0
86,227,0
87,227,2
88,227,2
89,227,0
90,227,0
91,227,2
92,227,2
93,227,0
94,227,0
95,227,3
96,227,3
97,227,0
98,227,0
99,227,3
100,227,3
101,227,0
102,227,0
103,227,3
104,227,3
105,227,0
106,227,0
107,227,3
108,227,3
109,227,0
110,227,0
111,227,3
112,227,3
113,227,0
114,227,0
115,227,3
116,227,3
117,227,0
118,227,0
119,227,3
120,227,3
121,227,0
122,227,0
123,227,3
124,227,3
125,227,0
126,227,0
127,227,3
128,227,3
129,227,0
130,227,0
131,227,3
132,227,3
133,227,0
134,227,0
135,227,3
136,227,3
137,227,0
138,227,0
139,227,3
140,227,3
141,227,0
142,227,0
143,227,3
144,227,3
145,227,0
146,227,0
147,227,3
148,227,3
149,227,0
150,227,0
151,227,3
152,227,3
153,227,0
154,227,0
155,227,3
156,227,3
157,227,0
158,227,0
159,227,3
160,227,3
161,227,0
162,227,0
163,227,2
164,227,2
165,227,0
166,227,0
167,227,2
168,227,2
169,227,0
170,227,0
171,227,2
172,227,2
173,227,0
174,227,0
175,227,2
176,227,2
177,227,0
178,227,0
179,227,2
180,227,2
181,227,0
182,227,0
183,227,2
184,227,2
185,227,0
186,227,0
187,227,2
188,227,2
189,227,0
190,227,0
191,227,2
192,227,2
193,227,0
194,227,0
195,227,2
196,227,2
197,227,0
198,227,0
199,227,2
200,227,2
201,227,0
202,227,0
203,227,2
204,227,2
205,227,0
206,227,0
207,227,2
208,227,2
209,227,0
210,227,0
211,227,2
212,227,2
213,227,0
214,227,0
215,227,2
216,227,2
217,227,0
218,227,0
219,227,2
220,227,2
221,227,0
222,227,0
223,227,2
224,227,2
225,227,0
226,227,0
227,227,2
228,227,2
229,227,0
230,227,0
231,227,2
232,227,2
233,227,0
234,227,0
235,227,2
236,227,2
237,227,0
238,227,0
239,227,2
240,227,2
241,227,0
242,227,0
243,227,2
244,227,2
245,227,0
246,227,0
247,227,2
248,227,2
249,227,0
250,227,0
251,227,2
252,227,2
253,227,0
254,227,0
255,227,2
0,228,2
1,228,0
2,228,0
3,228,2
4,228,2
5,228,0
6,228,0
7,228,2
8,228,2
9,228,0
10,228,0
11,228,2
12,228,2
13,228,0
14,228,0
15,228,2
16,228,2
17,228,0
18,228,0
19,228,2
20,228,2
21,228,0
22,228,0
23,228,2
24,228,2
25,228,0
26,228,0
27,228,2
28,228,2
29,228,0
30,228,0
31,228,2
32,228,2
33,228,0
34,228,0
35,228,2
36,228,2
37,228,0
38,228,0
39,228,2
40,228,2
41,228,0
42,228,0
43,228,2
44,228,2
45,228,0
46,228,0
47,228,2
48,228,2
49,228,0
50,228,0
51,228,2
52,228,2
53,228,0
54,228,0
55,228,2
56,228,2
57,228,0
58,228,0
59,228,2
60,228,2
61,228,0
62,228,0
63,228,2
64,228,2
65,228,0
66,228,0
67,228,2
68,228,2
69,228,0
70,228,0
71,228,2
72,228,2
73,228,0
74,228,0
75,228,2
76,228,2
77,228,0
78,228,0
79,228,2
80,228,2
81,228,0
82,228,0
83,228,2
84,228,2
85,228,0
86,228,0
87,228,2
88,228,2
89,228,0
90,228,0
91,228,2
92,228,2
93,228,0
94,228,0
95,228,2
96,228,3
97,228,0
98,228,0
99,228,3
100,228,3
101,228,0
102,228,0
103,228,3
104,228,3
105,228,0
106,228,0
107,228,3
108,228,3
109,228,0
110,228,0
111,228,3
112,228,3
113,228,0
114,228,0
115,228,3
116,228,3
117,228,0
118,228,0
119,228,3
120,228,3
121,228,0
122,228,0
123,228,3
124,228,3
125,228,0
126,228,0
127,228,3
128,228,3
129,228,0
130,228,0
131,228,3
132,228,3
133,228,0
134,228,0
135,228,3
136,228,3
137,228,0
138,228,0
139,228,3
140,228,3
141,228,0
142,228,0
143,228,3
144,228,3
145,228,0
146,228,0
147,228,3
148,228,3
149,228,0
150,228,0
151,228,3
152,228,3
153,228,0
154,228,0
155,228,3
156,228,3
157,228,0
158,228,0
159,228,3
160,228,3
161,228,0
162,228,0
163,228,2
164,228,2
165,228,0
166,228,0
167,228,2
168,228,2
169,228,0
170,228,0
171,228,2
172,228,2
173,228,0
174,228,0
175,228,2
176,228,2
177,228,0
178,228,0
179,228,2
180,228,2
181,228,0
182,228,0
183,228,2
184,228,2
185,228,0
186,228,0
187,228,2
188,228,2
189,228,0
190,228,0
191,228,2
192,228,2
193,228,0
194,228,0
195,228,2
196,228,2
197,228,0
198,228,0
199,228,2
200,228,2
201,228,0
202,228,0
203,228,2
204,228,2
205,228,0
206,228,0
207,228,2
208,228,2
209,228,0
210,228,0
211,228,2
212,228,2
213,228,0
214,228,0
215,228,2
216,228,2
217,228,0
218,228,0
219,228,2
220,228,2
221,228,0
222,228,0
223,228,2
224,228,2
225,228,0
226,228,0
227,228,2
228,228,2
229,228,0
230,228,0
231,228,2
232,228,2
233,228,0
234,228,0
235,228,2
236,228,2
237,228,0
238,228,0
239,228,2
240,228,2
241,228,0
242,228,0
243,228,2
244,228,2
245,228,0
246,228,0
247,228,2
248,228,2
249,228,0
250,228,0
251,228,2
252,228,2
253,228,0
254,228,0
255,228,2
0,229,2
1,229,0
2,229,0
3,229,2
4,229,2
5,229,0
6,229,0
7,229,2
8,229,2
9,229,0
10,229,0
11,229,2
12,229,2
13,229,0
14,229,0
15,229,2
16,229,2
17,229,0
18,229,0
19,229,2
20,229,2
21,229,0
22,229,0
23,229,2
24,229,2
25,229,0
26,229,0
27,229,2
28,229,2
29,229,0
30,229,0
31,229,2
32,229,2
33,229,0
34,229,0
35,229,2
36,229,2
37,229,0
38,229,0
39,229,2
40,229,2
41,229,0
42,229,0
43,229,2
44,229,2
45,229,0
46,229,0
47,229,2
48,229,2
49,229,0
50,229,0
51,229,2
52,229,2
53,229,0
54,229,0
55,229,2
56,229,2
57,229,0
58,229,0
59,229,2
60,229,2
61,229,0
62,229,0
63,229,2
64,229,2
65,229,0
66,229,0
67,229,2
68,229,2
69,229,0
70,229,0
71,229,2
72,229,2
73,229,0
74,229,0
75,229,2
76,229,2
77,229,0
78,229,0
79,229,2
80,229,2
81,229,0
82,229,0
83,229,2
84,229,2
85,229,0
86,229,0
87,229,2
88,229,2
89,229,0
90,229,0
91,229,2
92,229,2
93,229,0
94,229,0
95,229,2
96,229,2
97,229,0
98,229,0
99,229,3
100,229,3
101,229,0
102,229,0
103,229,3
104,229,3
105,229,0
106,229,0
107,229,3
108,229,3
109,229,0
110,229,0
111,229,3
112,229,3
113,229,0
114,229,0
115,229,3
116,229,3
117,229,0
118,229,0
119,229,3
120,229,3
121,229,0
122,229,0
123,229,3
124,229,3
125,229,0
126,229,0
127,229,3
128,229,3
129,229,0
130,229,0
131,229,3
132,229,3
133,229,0
134,229,0
135,229,3
136,229,3
137,229,0
138,229,0
139,229,3
140,229,3
141,229,0
142,229,0
143,229,3
144,229,3
145,229,0
146,229,0
147,229,3
148,229,3
149,229,0
150,229,0
151,229,3
152,229,3
153,229,0
154,229,0
155,229,3
156,229,3
157,229,0
158,229,0
159,229,2
160,229,2
161,229,0
162,229,0
163,229,2
164,229,2
165,229,0
166,229,0
167,229,2
168,229,2
169,229,0
170,229,0
171,229,2
172,229,2
173,229,0
174,229,0
175,229,2
176,229,2
177,229,0
178,229,0
179,229,2
180,229,2
181,229,0
182,229,0
183,229,2
184,229,2
185,229,0
186,229,0
187,229,2
188,229,2
189,229,0
190,229,0
191,229,2
192,229,2
193,229,0
194,229,0
195,229,2
196,229,2
197,229,0
198,229,0
199,229,2
200,229,2
201,229,0
202,229,0
203,229,2
204,229,2
205,229,0
206,229,0
207,229,2
208,229,2
209,229,0
210,229,0
211,229,2
212,229,2
213,229,0
214,229,0
215,229,2
216,229,2
217,229,0
218,229,0
219,229,2
220,229,2
221,229,0
222,229,0
223,229,2
224,229,2
225,229,0
226,229,0
227,229,2
228,229,2
229,229,0
230,229,0
231,229,2
232,229,2
233,229,0
234,229,0
235,229,2
236,229,2
237,229,0
238,229,0
239,229,2
240,229,2
241,229,0
242,229,0
243,229,2
244,229,2
245,229,0
246,229,0
247,229,2
248,229,2
249,229,0
250,229,0
251,229,2
252,229,2
253,229,0
254,229,0
255,229,2
0,230,2
1,230,0
2,230,0
3,230,2
4,230,2
5,230,0
6,230,0
7,230,2
8,230,2
9,230,0
10,230,0
11,230,2
12,230,2
13,230,0
14,230,0
15,230,2
16,230,2
17,230,0
18,230,0
19,230,2
20,230,2
21,230,0
22,230,0
23,230,2
24,230,2
25,230,0
26,230,0
27,230,2
28,230,2
29,230,0
30,230,0
31,230,2
32,230,2
33,230,0
34,230,0
35,230,2
36,230,2
37,230,0
38,230,0
39,230,2
40,230,2
41,230,0
42,230,0
43,230,2
44,230,2
45,230,0
46,230,0
47,230,2
48,230,2
49,230,0
50,230,0
51,230,2
52,230,2
53,230,0
54,230,0
55,230,2
56,230,2
57,230,0
58,230,0
59,230,2
60,230,2
61,230,0
62,230,0
63,230,2
64,230,2
65,230,0
66,230,0
67,230,2
68,230,2
69,230,0
70,230,0
71,230,2
72,230,2
73,230,0
74,230,0
75,230,2
76,230,2
77,230,0
78,230,0
79,230,2
80,230,2
81,230,0
82,230,0
83,230,2
84,230,2
85,230,0
86,230,0
87,230,2
88,230,2
89,230,0
90,230,0
91,230,2
92,230,2
93,230,0
94,230,0
95,230,2
96,230,2
97,230,0
98,230,0
99,230,2
100,230,3
101,230,0
102,230,0
103,230,3
104,230,3
105,230,0
106,230,0
107,230,3
108,230,3
109,230,0
110,230,0
111,230,3
112,230,3
113,230,0
114,230,0
115,230,3
116,230,3
117,230,0
118,230,0
119,230,3
120,230,3
121,230,0
122,230,0
123,230,3
124,230,3
125,230,0
126,230,0
127,230,3
128,230,3
129,230,0
130,230,0
131,230,3
132,230,3
133,230,0
134,230,0
135,230,3
136,230,3
137,230,0
138,230,0
139,230,3
140,230,3
141,230,0
142,230,0
143,230,3
144,230,3
145,230,0
146,230,0
147,230,3
148,230,3
149,230,0
150,230,0
151,230,3
152,230,3
153,230,0
154,230,0
155,230,3
156,230,3
157,230,0
158,230,0
159,230,2
160,230,2
161,230,0
162,230,0
163,230,2
164,230,2
165,230,0
166,230,0
167,230,2
168,230,2
169,230,0
170,230,0
171,230,2
172,230,2
173,230,0
174,230,0
175,230,2
176,230,2
177,230,0
178,230,0
179,230,2
180,230,2
181,230,0
182,230,0
183,230,2
184,230,2
185,230,0
186,230,0
187,230,2
188,230,2
189,230,0
190,230,0
191,230,2
192,230,2
193,230,0
194,230,0
195,230,2
196,230,2
197,230,0
198,230,0
199,230,2
200,230,2
201,230,0
202,230,0
203,230,2
204,230,2
205,230,0
206,230,0
207,230,2
208,230,2
209,230,0
210,230,0
211,230,2
212,230,2
213,230,0
214,230,0
215,230,2
216,230,2
217,230,0
218,230,0
219,230,2
220,230,2
221,230,0
222,230,0
223,230,2
224,230,2
225,230,0
226,230,0
227,230,2
228,230,2
229,230,0
230,230,0
231,230,2
232,230,2
233,230,0
234,230,0
235,230,2
236,230,2
237,230,0
238,230,0
239,230,2
240,230,2
241,230,0
242,230,0
243,230,2
244,230,2
245,230,0
246,230,0
247,230,2
248,230,2
249,230,0
250,230,0
251,230,2
252,230,2
253,230,0
254,230,0
255,230,2
0,231,2
1,231,0
2,231,0
3,231,2
4,231,2
5,231,0
6,231,0
7,231,2
8,231,2
9,231,0
10,231,0
11,231,2
12,231,2
13,231,0
14,231,0
15,231,2
16,231,2
17,231,0
18,231,0
19,231,2
20,231,2
21,231,0
22,231,0
23,231,2
24,231,2
25,231,0
26,231,0
27,231,2
28,231,2
29,231,0
30,231,0
31,231,2
32,231,2
33,231,0
34,231,0
35,231,2
36,231,2
37,231,0
38,231,0
39,231,2
40,231,2
41,231,0
42,231,0
43,231,2
44,231,2
45,231,0
46,231,0
47,231,2
48,231,2
49,231,0
50,231,0
51,231,2
52,231,2
53,231,0
54,231,0
55,231,2
56,231,2
57,231,0
58,231,0
59,231,2
60,231,2
61,231,0
62,231,0
63,231,2
64,231,2
65,231,0
66,231,0
67,231,2
68,231,2
69,231,0
70,231,0
71,231,2
72,231,2
73,231,0
74,231,0
75,231,2
76,231,2
77,231,0
78,231,0
79,231,2
80,231,2
81,231,0
82,231,0
83,231,2
84,231,2
85,231,0
86,231,0
87,231,2
88,231,2
89,231,0
90,231,0
91,231,2
92,231,2
93,231,0
94,231,0
95,231,2
96,231,2
97,231,0
98,231,0
99,231,2
100,231,2
101,231,0
102,231,0
103,231,3
104,231,3
105,231,0
106,231,0
107,231,3
108,231,3
109,231,0
110,231,0
111,231,3
112,231,3
113,231,0
114,231,0
115,231,3
116,231,3
117,231,0
118,231,0
119,231,3
120,231,3
121,231,0
122,231,0
123,231,3
124,231,3
125,231,0
126,231,0
127,231,3
128,231,3
129,231,0
130,231,0
131,231,3
132,231,3
133,231,0
134,231,0
135,231,3
136,231,3
137,231,0
138,231,0
139,231,3
140,231,3
141,231,0
142,231,0
143,231,3
144,231,3
145,231,0
146,231,0
147,231,3
148,231,3
149,231,0
150,231,0
151,231,3
152,231,3
153,231,0
154,231,0
155,231,3
156,231,2
157,231,0
158,231,0
159,231,2
160,231,2
161,231,0
162,231,0
163,231,2
164,231,2
165,231,0
166,231,0
167,231,2
168,231,2
169,231,0
170,231,0
171,231,2
172,231,2
173,231,0
174,231,0
175,231,2
176,231,2
177,231,0
178,231,0
179,231,2
180,231,2
181,231,0
182,231,0
183,231,2
184,231,2
185,231,0
186,231,0
187,231,2
188,231,2
189,231,0
190,231,0
191,231,2
192,231,2
193,231,0
194,231,0
195,231,2
196,231,2
197,231,0
198,231,0
199,231,2
200,231,2
201,231,0
202,231,0
203,231,2
204,231,2
205,231,0
206,231,0
207,231,2
208,231,2
209,231,0
210,231,0
211,231,2
212,231,2
213,231,0
214,231,0
215,231,2
216,231,2
217,231,0
218,231,0
219,231,2
220,231,2
221,231,0
222,231,0
223,231,2
224,231,2
225,231,0
226,231,0
227,231,2
228,231,2
229,231,0
230,231,0
231,231,2
232,231,2
233,231,0
234,231,0
235,231,2
236,231,2
237,231,0
238,231,0
239,231,2
240,231,2
241,231,0
242,231,0
243,231,2
244,231,2
245,231,0
246,231,0
247,231,2
248,231,2
249,231,0
250,231,0
251,231,2
252,231,2
253,231,0
254,231,0
255,231,2
0,232,2
1,232,0
2,232,0
3,232,2
4,232,2
5,232,0
6,232,0
7,232,2
8,232,2
9,232,0
10,232,0
11,232,2
12,232,2
13,232,0
14,232,0
15,232,2
16,232,2
17,232,0
18,232,0
19,232,2
20,232,2
21,232,0
22,232,0
23,232,2
24,232,2
25,232,0
26,232,0
27,232,2
28,232,2
29,232,0
30,232,0
31,232,2
32,232,2
33,232,0
34,232,0
35,232,2
36,232,2
37,232,0
38,232,0
39,232,2
40,232,2
41,232,0
42,232,0
43,232,2
44,232,2
45,232,0
46,232,0
47,232,2
48,232,2
49,232,0
50,232,0
51,232,2
52,232,2
53,232,0
54,232,0
55,232,2
56,232,2
57,232,0
58,232,0
59,232,2
60,232,2
61,232,0
62,232,0
63,232,2
64,232,2
65,232,0
66,232,0
67,232,2
68,232,2
69,232,0
70,232,0
71,232,2
72,232,2
73,232,0
74,232,0
75,232,2
76,232,2
77,232,0
78,232,0
79,232,2
80,232,2
81,232,0
82,232,0
83,232,2
84,232,2
85,232,0
86,232,0
87,232,2
88,232,2
89,232,0
90,232,0
91,232,2
92,232,2
93,232,0
94,232,0
95,232,2
96,232,2
97,232,0
98,232,0
99,232,2
100,232,2
101,232,0
102,232,0
103,232,3
104,232,3
105,232,0
106,232,0
107,232,3
108,232,3
109,232,0
110,232,0
111,232,3
112,232,3
113,232,0
114,232,0
115,232,3
116,232,3
117,232,0
118,232,0
119,232,3
120,232,3
121,232,0
122,232,0
123,232,3
124,232,3
125,232,0
126,232,0
127,232,3
128,232,3
129,232,0
130,232,0
131,232,3
132,232,3
133,232,0
134,232,0
135,232,3
136,232,3
137,232,0
138,232,0
139,232,3
140,232,3
141,232,0
142,232,0
143,232,3
144,232,3
145,232,0
146,232,0
147,232,3
148,232,3
149,232,0
150,232,0
151,232,3
152,232,3
153,232,0
154,232,0
155,232,2
156,232,2
157,232,0
158,232,0
159,232,2
160,232,2
161,232,0
162,232,0
163,232,2
164,232,2
165,232,0
166,232,0
167,232,2
168,232,2
169,232,0
170,232,0
171,232,2
172,232,2
173,232,0
174,232,0
175,232,2
176,232,2
177,232,0
178,232,0
179,232,2
180,232,2
181,232,0
182,232,0
183,232,2
184,232,2
185,232,0
186,232,0
187,232,2
188,232,2
189,232,0
190,232,0
191,232,2
192,232,2
193,232,0
194,232,0
195,232,2
196,232,2
197,232,0
198,232,0
199,232,2
200,232,2
201,232,0
202,232,0
203,232,2
204,232,2
205,232,0
206,232,0
207,232,2
208,232,2
209,232,0
210,232,0
211,232,2
212,232,2
213,232,0
214,232,0
215,232,2
216,232,2
217,232,0
218,232,0
219,232,2
220,232,2
221,232,0
222,232,0
223,232,2
224,232,2
225,232,0
226,232,0
227,232,2
228,232,2
229,232,0
230,232,0
231,232,2
232,232,2
233,232,0
234,232,0
235,232,2
236,232,2
237,232,0
238,232,0
239,232,2
240,232,2
241,232,0
242,232,0
243,232,2
244,232,2
245,232,0
246,232,0
247,232,2
248,232,2
249,232,0
250,232,0
251,232,2
252,232,2
253,232,0
254,232,0
255,232,2
0,233,2
1,233,0
2,233,0
3,233,2
4,233,2
5,233,0
6,233,0
7,233,2
8,233,2
9,233,0
10,233,0
11,233,2
12,233,2
13,233,0
14,233,0
15,233,2
16,233,2
17,233,0
18,233,0
19,233,2
20,233,2
21,233,0
22,233,0
23,233,2
24,233,2
25,233,0
26,233,0
27,233,2
28,233,2
29,233,0
30,233,0
31,233,2
32,233,2
33,233,0
34,233,0
35,233,2
36,233,2
37,233,0
38,233,0
39,233,2
40,233,2
41,233,0
42,233,0
43,233,2
44,233,2
45,233,0
46,233,0
47,233,2
48,233,2
49,233,0
50,233,0
51,233,2
52,233,2
53,233,0
54,233,0
55,233,2
56,233,2
57,233,0
58,233,0
59,233,2
60,233,2
61,233,0
62,233,0
63,233,2
64,233,2
65,233,0
66,233,0
67,233,2
68,233,2
69,233,0
70,233,0
71,233,2
72,233,2
73,233,0
74,233,0
75,233,2
76,233,2
77,233,0
78,233,0
79,233,2
80,233,2
81,233,0
82,233,0
83,233,2
84,233,2
85,233,0
86,233,0
87,233,2
88,233,2
89,233,0
90,233,0
91,233,2
92,233,2
93,233,0
94,233,0
95,233,2
96,233,2
97,233,0
98,233,0
99,233,2
100,233,2
101,233,0
102,233,0
103,233,2
104,233,3
105,233,0
106,233,0
107,233,3
108,233,3
109,233,0
110,233,0
111,233,3
112,233,3
113,233,0
114,233,0
115,233,3
116,233,3
117,233,0
118,233,0
119,233,3
120,233,3
121,233,0
122,233,0
123,233,3
124,233,3
125,233,0
126,233,0
127,233,3
128,233,3
129,233,0
130,233,0
131,233,3
132,233,3
133,233,0
134,233,0
135,233,3
136,233,3
137,233,0
138,233,0
139,233,3
140,233,3
141,233,0
142,233,0
143,233,3
144,233,3
145,233,0
146,233,0
147,233,3
148,233,3
149,233,0
150,233,0
151,233,3
152,233,3
153,233,0
154,233,0
155,233,2
156,233,2
157,233,0
158,233,0
159,233,2
160,233,2
161,233,0
162,233,0
163,233,2
164,233,2
165,233,0
166,233,0
167,233,2
168,233,2
169,233,0
170,233,0
171,233,2
172,233,2
173,233,0
174,233,0
175,233,2
176,233,2
177,233,0
178,233,0
179,233,2
180,233,2
181,233,0
182,233,0
183,233,2
184,233,2
185,233,0
186,233,0
187,233,2
188,233,2
189,233,0
190,233,0
191,233,2
192,233,2
193,233,0
194,233,0
195,233,2
196,233,2
197,233,0
198,233,0
199,233,2
200,233,2
201,233,0
202,233,0
203,233,2
204,233,2
205,233,0
206,233,0
207,233,2
208,233,2
209,233,0
210,233,0
211,233,2
212,233,2
213,233,0
214,233,0
215,233,2
216,233,2
217,233,0
218,233,0
219,233,2
220,233,2
221,233,0
222,233,0
223,233,2
224,233,2
225,233,0
226,233,0
227,233,2
228,233,2
229,233,0
230,233,0
231,233,2
232,233,2
233,233,0
234,233,0
235,233,2
236,233,2
237,233,0
238,233,0
239,233,2
240,233,2
241,233,0
242,233,0
243,233,2
244,233,2
245,233,0
246,233,0
247,233,2
248,233,2
249,233,0
250,233,0
251,233,2
252,233,2
253,233,0
254,233,0
255,233,2
0,234,2
1,234,0
2,234,0
3,234,2
4,234,2
5,234,0
6,234,0
7,234,2
8,234,2
9,234,0
10,234,0
11,234,2
12,234,2
13,234,0
14,234,0
15,234,2
16,234,2
17,234,0
18,234,0
19,234,2
20,234,2
21,234,0
22,234,0
23,234,2
24,234,2
25,234,0
26,234,0
27,234,2
28,234,2
29,234,0
30,234,0
31,234,2
32,234,2
33,234,0
34,234,0
35,234,2
36,234,2
37,234,0
38,234,0
39,234,2
40,234,2
41,234,0
42,234,0
43,234,2
44,234,2
45,234,0
46,234,0
47,234,2
48,234,2
49,234,0
50,234,0
51,234,2
52,234,2
53,234,0
54,234,0
55,234,2
56,234,2
57,234,0
58,234,0
59,234,2
60,234,2
61,234,0
62,234,0
63,234,2
64,234,2
65,234,0
66,234,0
67,234,2
68,234,2
69,234,0
70,234,0
71,234,2
72,234,2
73,234,0
74,234,0
75,234,2
76,234,2
77,234,0
78,234,0
79,234,2
80,234,2
81,234,0
82,234,0
83,234,2
84,234,2
85,234,0
86,234,0
87,234,2
88,234,2
89,234,0
90,234,0
91,234,2
92,234,2
93,234,0
94,234,0
95,234,2
96,234,2
97,234,0
98,234,0
99,234,2
100,234,2
101,234,0
102,234,0
103,234,2
104,234,2
105,234,0
106,234,0
107,234,3
108,234,3
109,234,0
110,234,0
111,234,3
112,234,3
113,234,0
114,234,0
115,234,3
116,234,3
117,234,0
118,234,0
119,234,3
120,234,3
121,234,0
122,234,0
123,234,3
124,234,3
125,234,0
126,234,0
127,234,3
128,234,3
129,234,0
130,234,0
131,234,3
132,234,3
133,234,0
134,234,0
135,234,3
136,234,3
137,234,0
138,234,0
139,234,3
140,234,3
141,234,0
142,234,0
143,234,3
144,234,3
145,234,0
146,234,0
147,234,3
148,234,3
149,234,0
150,234,0
151,234,2
152,234,2
153,234,0
154,234,0
155,234,2
156,234,2
157,234,0
158,234,0
159,234,2
160,234,2
161,234,0
162,234,0
163,234,2
164,234,2
165,234,0
166,234,0
167,234,2
168,234,2
169,234,0
170,234,0
171,234,2
172,234,2
173,234,0
174,234,0
175,234,2
176,234,2
177,234,0
178,234,0
179,234,2
180,234,2
181,234,0
182,234,0
183,234,2
184,234,2
185,234,0
186,234,0
187,234,2
188,234,2
189,234,0
190,234,0
191,234,2
192,234,2
193,234,0
194,234,0
195,234,2
196,234,2
197,234,0
198,234,0
199,234,2
200,234,2
201,234,0
202,234,0
203,234,2
204,234,2
205,234,0
206,234,0
207,234,2
208,234,2
209,234,0
210,234,0
211,234,2
212,234,2
213,234,0
214,234,0
215,234,2
216,234,2
217,234,0
218,234,0
219,234,2
220,234,2
221,234,0
222,234,0
223,234,2
224,234,2
225,234,0
226,234,0
227,234,2
228,234,2
229,234,0
230,234,0
231,234,2
232,234,2
233,234,0
234,234,0
235,234,2
236,234,2
237,234,0
238,234,0
239,234,2
240,234,2
241,234,0
242,234,0
243,234,2
244,234,2
245,234,0
246,234,0
247,234,2
248,234,2
249,234,0
250,234,0
251,234,2
252,234,2
253,234,0
254,234,0
255,234,2
0,235,1
1,235,0
2,235,0
3,235,2
4,235,2
5,235,0
6,235,0
7,235,2
8,235,2
9,235,0
10,235,0
11,235,2
12,235,2
13,235,0
14,235,0
15,235,2
16,235,2
17,235,0
18,235,0
19,235,2
20,235,2
21,235,0
22,235,0
23,235,2
24,235,2
25,235,0
26,235,0
27,235,2
28,235,2
29,235,0
30,235,0
31,235,2
32,235,2
33,235,0
34,235,0
35,235,2
36,235,2
37,235,0
38,235,0
39,235,2
40,235,2
41,235,0
42,235,0
43,235,2
44,235,2
45,235,0
46,235,0
47,235,2
48,235,2
49,235,0
50,235,0
51,235,2
52,235,2
53,235,0
54,235,0
55,235,2
56,235,2
57,235,0
58,235,0
59,235,2
60,235,2
61,235,0
62,235,0
63,235,2
64,235,2
65,235,0
66,235,0
67,235,2
68,235,2
69,235,0
70,235,0
71,235,2
72,235,2
73,235,0
74,235,0
75,235,2
76,235,2
77,235,0
78,235,0
79,235,2
80,235,2
81,235,0
82,235,0
83,235,2
84,235,2
85,235,0
86,235,0
87,235,2
88,235,2
89,235,0
90,235,0
91,235,2
92,235,2
93,235,0
94,235,0
95,235,2
96,235,2
97,235,0
98,235,0
99,235,2
100,235,2
101,235,0
102,235,0
103,235,2
104,235,2
105,235,0
106,235,0
107,235,2
108,235,3
109,235,0
110,235,0
111,235,3
112,235,3
113,235,0
114,235,0
115,235,3
116,235,3
117,235,0
118,235,0
119,235,3
120,235,3
121,235,0
122,235,0
123,235,3
124,235,3
125,235,0
126,235,0
127,235,3
128,235,3
129,235,0
130,235,0
131,235,3
132,235,3
133,235,0
134,235,0
135,235,3
136,235,3
137,235,0
138,235,0
139,235,3
140,235,3
141,235,0
142,235,0
143,235,3
144,235,3
145,235,0
146,235,0
147,235,3
148,235,3
149,235,0
150,235,0
151,235,2
152,235,2
153,235,0
154,235,0
155,235,2
156,235,2
157,235,0
158,235,0
159,235,2
160,235,2
161,235,0
162,235,0
163,235,2
164,235,2
165,235,0
166,235,0
167,235,2
168,235,2
169,235,0
170,235,0
171,235,2
172,235,2
173,235,0
174,235,0
175,235,2
176,235,2
177,235,0
178,235,0
179,235,2
180,235,2
181,235,0
182,235,0
183,235,2
184,235,2
185,235,0
186,235,0
187,235,2
188,235,2
189,235,0
190,235,0
191,235,2
192,235,2
193,235,0
194,235,0
195,235,2
196,235,2
197,235,0
198,235,0
199,235,2
200,235,2
201,235,0
202,235,0
203,235,2
204,235,2
205,235,0
206,235,0
207,235,2
208,235,2
209,235,0
210,235,0
211,235,2
212,235,2
213,235,0
214,235,0
215,235,2
216,235,2
217,235,0
218,235,0
219,235,2
220,235,2
221,235,0
222,235,0
223,235,2
224,235,2
225,235,0
226,235,0
227,235,2
228,235,2
229,235,0
230,235,0
231,235,2
232,235,2
233,235,0
234,235,0
235,235,2
236,235,2
237,235,0
238,235,0
239,235,2
240,235,2
241,235,0
242,235,0
243,235,2
244,235,2
245,235,0
246,235,0
247,235,2
248,235,2
249,235,0
250,235,0
251,235,2
252,235,2
253,235,0
254,235,0
255,235,2
0,236,1
1,236,0
2,236,0
3,236,2
4,236,2
5,236,0
6,236,0
7,236,2
8,236,2
9,236,0
10,236,0
11,236,2
12,236,2
13,236,0
14,236,0
15,236,2
16,236,2
17,236,0
18,236,0
19,236,2
20,236,2
21,236,0
22,236,0
23,236,2
24,236,2
25,236,0
26,236,0
27,236,2
28,236,2
29,236,0
30,236,0
31,236,2
32,236,2
33,236,0
34,236,0
35,236,2
36,236,2
37,236,0
38,236,0
39,236,2
40,236,2
41,236,0
42,236,0
43,236,2
44,236,2
45,236,0
46,236,0
47,236,2
48,236,2
49,236,0
50,236,0
51,236,2
52,236,2
53,236,0
54,236,0
55,236,2
56,236,2
57,236,0
58,236,0
59,236,2
60,236,2
61,236,0
62,236,0
63,236,2
64,236,2
65,236,0
66,236,0
67,236,2
68,236,2
69,236,0
70,236,0
71,236,2
72,236,2
73,236,0
74,236,0
75,236,2
76,236,2
77,236,0
78,236,0
79,236,2
80,236,2
81,236,0
82,236,0
83,236,2
84,236,2
85,236,0
86,236,0
87,236,2
88,236,2
89,236,0
90,236,0
91,236,2
92,236,2
93,236,0
94,236,0
95,236,2
96,236,2
97,236,0
98,236,0
99,236,2
100,236,2
101,236,0
102,236,0
103,236,2
104,236,2
105,236,0
106,236,0
107,236,2
108,236,2
109,236,0
110,236,0
111,236,3
112,236,3
113,236,0
114,236,0
115,236,3
116,236,3
117,236,0
118,236,0
119,236,3
120,236,3
121,236,0
122,236,0
123,236,3
124,236,3
125,236,0
126,236,0
127,236,3
128,236,3
129,236,0
130,236,0
131,236,3
132,236,3
133,236,0
134,236,0
135,236,3
136,236,3
137,236,0
138,236,0
139,236,3
140,236,3
141,236,0
142,236,0
143,236,3
144,236,3
145,236,0
146,236,0
147,236,2
148,236,2
149,236,0
150,236,0
151,236,2
152,236,2
153,236,0
154,236,0
155,236,2
156,236,2
157,236,0
158,236,0
159,236,2
160,236,2
161,236,0
162,236,0
163,236,2
164,236,2
165,236,0
166,236,0
167,236,2
168,236,2
169,236,0
170,236,0
171,236,2
172,236,2
173,236,0
174,236,0
175,236,2
176,236,2
177,236,0
178,236,0
179,236,2
180,236,2
181,236,0
182,236,0
183,236,2
184,236,2
185,236,0
186,236,0
187,236,2
188,236,2
189,236,0
190,236,0
191,236,2
192,236,2
193,236,0
194,236,0
195,236,2
196,236,2
197,236,0
198,236,0
199,236,2
200,236,2
201,236,0
202,236,0
203,236,2
204,236,2
205,236,0
206,236,0
207,236,2
208,236,2
209,236,0
210,236,0
211,236,2
212,236,2
213,236,0
214,236,0
215,236,2
216,236,2
217,236,0
218,236,0
219,236,2
220,236,2
221,236,0
222,236,0
223,236,2
224,236,2
225,236,0
226,236,0
227,236,2
228,236,2
229,236,0
230,236,0
231,236,2
232,236,2
233,236,0
234,236,0
235,236,2
236,236,2
237,236,0
238,236,0
239,236,2
240,236,2
241,236,0
242,236,0
243,236,2
244,236,2
245,236,0
246,236,0
247,236,2
248,236,2
249,236,0
250,236,0
251,236,2
252,236,2
253,236,0
254,236,0
255,236,1
0,237,1
1,237,0
2,237,0
3,237,1
4,237,2
5,237,0
6,237,0
7,237,2
8,237,2
9,237,0
10,237,0
11,237,2
12,237,2
13,237,0
14,237,0
15,237,2
16,237,2
17,237,0
18,237,0
19,237,2
20,237,2
21,237,0
22,237,0
23,237,2
24,237,2
25,237,0
26,237,0
27,237,2
28,237,2
29,237,0
30,237,0
31,237,2
32,237,2
33,237,0
34,237,0
35,237,2
36,237,2
37,237,0
38,237,0
39,237,2
40,237,2
41,237,0
42,237,0
43,237,2
44,237,2
45,237,0
46,237,0
47,237,2
48,237,2
49,237,0
50,237,0
51,237,2
52,237,2
53,237,0
54,237,0
55,237,2
56,237,2
57,237,0
58,237,0
59,237,2
60,237,2
61,237,0
62,237,0
63,237,2
64,237,2
65,237,0
66,237,0
67,237,2
68,237,2
69,237,0
70,237,0
71,237,2
72,237,2
73,237,0
74,237,0
75,237,2
76,237,2
77,237,0
78,237,0
79,237,2
80,237,2
81,237,0
82,237,0
83,237,2
84,237,2
85,237,0
86,237,0
87,237,2
88,237,2
89,237,0
90,237,0
91,237,2
92,237,2
93,237,0
94,237,0
95,237,2
96,237,2
97,237,0
98,237,0
99,237,2
100,237,2
101,237,0
102,237,0
103,237,2
104,237,2
105,237,0
106,237,0
107,237,2
108,237,2
109,237,0
110,237,0
111,237,3
112,237,3
113,237,0
114,237,0
115,237,3
116,237,3
117,237,0
118,237,0
119,237,3
120,237,3
121,237,0
122,237,0
123,237,3
124,237,3
125,237,0
126,237,0
127,237,3
128,237,3
129,237,0
130,237,0
131,237,3
132,237,3
133,237,0
134,237,0
135,237,3
136,237,3
137,237,0
138,237,0
139,237,3
140,237,3
141,237,0
142,237,0
143,237,3
144,237,3
145,237,0
146,237,0
147,237,2
148,237,2
149,237,0
150,237,0
151,237,2
152,237,2
153,237,0
154,237,0
155,237,2
156,237,2
157,237,0
158,237,0
159,237,2
160,237,2
161,237,0
162,237,0
163,237,2
164,237,2
165,237,0
166,237,0
167,237,2
168,237,2
169,237,0
170,237,0
171,237,2
172,237,2
173,237,0
174,237,0
175,237,2
176,237,2
177,237,0
178,237,0
179,237,2
180,237,2
181,237,0
182,237,0
183,237,2
184,237,2
185,237,0
186,237,0
187,237,2
188,237,2
189,237,0
190,237,0
191,237,2
192,237,2
193,237,0
194,237,0
195,237,2
196,237,2
197,237,0
198,237,0
199,237,2
200,237,2
201,237,0
202,237,0
203,237,2
204,237,2
205,237,0
206,237,0
207,237,2
208,237,2
209,237,0
210,237,0
211,237,2
212,237,2
213,237,0
214,237,0
215,237,2
216,237,2
217,237,0
218,237,0
219,237,2
220,237,2
221,237,0
222,237,0
223,237,2
224,237,2
225,237,0
226,237,0
227,237,2
228,237,2
229,237,0
230,237,0
231,237,2
232,237,2
233,237,0
234,237,0
235,237,2
236,237,2
237,237,0
238,237,0
239,237,2
240,237,2
241,237,0
242,237,0
243,237,2
244,237,2
245,237,0
246,237,0
247,237,2
248,237,2
249,237,0
250,237,0
251,237,2
252,237,2
253,237,0
254,237,0
255,237,1
0,238,1
1,238,0
2,238,0
3,238,1
4,238,1
5,238,0
6,238,0
7,238,2
8,238,2
9,238,0
10,238,0
11,238,2
12,238,2
13,238,0
14,238,0
15,238,2
16,238,2
17,238,0
18,238,0
19,238,2
20,238,2
21,238,0
22,238,0
23,238,2
24,238,2
25,238,0
26,238,0
27,238,2
28,238,2
29,238,0
30,238,0
31,238,2
32,238,2
33,238,0
34,238,0
35,238,2
36,238,2
37,238,0
38,238,0
39,238,2
40,238,2
41,238,0
42,238,0
43,238,2
44,238,2
45,238,0
46,238,0
47,238,2
48,238,2
49,238,0
50,238,0
51,238,2
52,238,2
53,238,0
54,238,0
55,238,2
56,238,2
57,238,0
58,238,0
59,238,2
60,238,2
61,238,0
62,238,0
63,238,2
64,238,2
65,238,0
66,238,0
67,238,2
68,238,2
69,238,0
70,238,0
71,238,2
72,238,2
73,238,0
74,238,0
75,238,2
76,238,2
77,238,0
78,238,0
79,238,2
80,238,2
81,238,0
82,238,0
83,238,2
84,238,2
85,238,0
86,238,0
87,238,2
88,238,2
89,238,0
90,238,0
91,238,2
92,238,2
93,238,0
94,238,0
95,238,2
96,238,2
97,238,0
98,238,0
99,238,2
100,238,2
101,238,0
102,238,0
103,238,2
104,238,2
105,238,0
106,238,0
107,238,2
108,238,2
109,238,0
110,238,0
111,238,2
112,238,2
113,238,0
114,238,0
115,238,3
116,238,3
117,238,0
118,238,0
119,238,3
120,238,3
121,238,0
122,238,0
123,238,3
124,238,3
125,238,0
126,238,0
127,238,3
128,238,3
129,238,0
130,238,0
131,238,3
132,238,3
133,238,0
134,238,0
135,238,3
136,238,3
137,238,0
138,238,0
139,238,3
140,238,3
141,238,0
142,238,0
143,238,3
144,238,2
145,238,0
146,238,0
147,238,2
148,238,2
149,238,0
150,238,0
151,238,2
152,238,2
153,238,0
154,238,0
155,238,2
156,238,2
157,238,0
158,238,0
159,238,2
160,238,2
161,238,0
162,238,0
163,238,2
164,238,2
165,238,0
166,238,0
167,238,2
168,238,2
169,238,0
170,238,0
171,238,2
172,238,2
173,238,0
174,238,0
175,238,2
176,238,2
177,238,0
178,238,0
179,238,2
180,238,2
181,238,0
182,238,0
183,238,2
184,238,2
185,238,0
186,238,0
187,238,2
188,238,2
189,238,0
190,238,0
191,238,2
192,238,2
193,238,0
194,238,0
195,238,2
196,238,2
197,238,0
198,238,0
199,238,2
200,238,2
201,238,0
202,238,0
203,238,2
204,238,2
205,238,0
206,238,0
207,238,2
208,238,2
209,238,0
210,238,0
211,238,2
212,238,2
213,238,0
214,238,0
215,238,2
216,238,2
217,238,0
218,238,0
219,238,2
220,238,2
221,238,0
222,238,0
223,238,2
224,238,2
225,238,0
226,238,0
227,238,2
228,238,2
229,238,0
230,238,0
231,238,2
232,238,2
233,238,0
234,238,0
235,238,2
236,238,2
237,238,0
238,238,0
239,238,2
240,238,2
241,238,0
242,238,0
243,238,2
244,238,2
245,238,0
246,238,0
247,238,2
248,238,2
249,238,0
250,238,0
251,238,1
252,238,1
253,238,0
254,238,0
255,238,1
0,239,1
1,239,0
2,239,0
3,239,1
4,239,1
5,239,0
6,239,0
7,239,1
8,239,2
9,239,0
10,239,0
11,239,2
12,239,2
13,239,0
14,239,0
15,239,2
16,239,2
17,239,0
18,239,0
19,239,2
20,239,2
21,239,0
22,239,0
23,239,2
24,239,2
25,239,0
26,239,0
27,239,2
28,239,2
29,239,0
30,239,0
31,239,2
32,239,2
33,239,0
34,239,0
35,239,2
36,239,2
37,239,0
38,239,0
39,239,2
40,239,2
41,239,0
42,239,0
43,239,2
44,239,2
45,239,0
46,239,0
47,239,2
48,239,2
49,239,0
50,239,0
51,239,2
52,239,2
53,239,0
54,239,0
55,239,2
56,239,2
57,239,0
58,239,0
59,239,2
60,239,2
61,239,0
62,239,0
63,239,2
64,239,2
65,239,0
66,239,0
67,239,2
68,239,2
69,239,0
70,239,0
71,239,2
72,239,2
73,239,0
74,239,0
75,239,2
76,239,2
77,239,0
78,239,0
79,239,2
80,239,2
81,239,0
82,239,0
83,239,2
84,239,2
85,239,0
86,239,0
87,239,2
88,239,2
89,239,0
90,239,0
91,239,2
92,239,2
93,239,0
94,239,0
95,239,2
96,239,2
97,239,0
98,239,0
99,239,2
100,239,2
101,239,0
102,239,0
103,239,2
104,239,2
105,239,0
106,239,0
107,239,2
108,239,2
109,239,0
110,239,0
111,239,2
112,239,2
113,239,0
114,239,0
115,239,3
116,239,3
117,239,0
118,239,0
119,239,3
120,239,3
121,239,0
122,239,0
123,239,3
124,239,3
125,239,0
126,239,0
127,239,3
128,239,3
129,239,0
130,239,0
131,239,3
132,239,3
133,239,0
134,239,0
135,239,3
136,239,3
137,239,0
138,239,0
139,239,3
140,239,3
141,239,0
142,239,0
143,239,2
144,239,2
145,239,0
146,239,0
147,239,2
148,239,2
149,239,0
150,239,0
151,239,2
152,239,2
153,239,0
154,239,0
155,239,2
156,239,2
157,239,0
158,239,0
159,239,2
160,239,2
161,239,0
162,239,0
163,239,2
164,239,2
165,239,0
166,239,0
167,239,2
168,239,2
169,239,0
170,239,0
171,239,2
172,239,2
173,239,0
174,239,0
175,239,2
176,239,2
177,239,0
178,239,0
179,239,2
180,239,2
181,239,0
182,239,0
183,239,2
184,239,2
185,239,0
186,239,0
187,239,2
188,239,2
189,239,0
190,239,0
191,239,2
192,239,2
193,239,0
194,239,0
195,239,2
196,239,2
197,239,0
198,239,0
199,239,2
200,239,2
201,239,0
202,239,0
203,239,2
204,239,2
205,239,0
206,239,0
207,239,2
208,239,2
209,239,0
210,239,0
211,239,2
212,239,2
213,239,0
214,239,0
215,239,2
216,239,2
217,239,0
218,239,0
219,239,2
220,239,2
221,239,0
222,239,0
223,239,2
224,239,2
225,239,0
226,239,0
227,239,2
228,239,2
229,239,0
230,239,0
231,239,2
232,239,2
233,239,0
234,239,0
235,239,2
236,239,2
237,239,0
238,239,0
239,239,2
240,239,2
241,239,0
242,239,0
243,239,2
244,239,2
245,239,0
246,239,0
247,239,2
248,239,2
249,239,0
250,239,0
251,239,1
252,239,1
253,239,0
254,239,0
255,239,1
0,240,1
1,240,0
2,240,0
3,240,1
4,240,1
5,240,0
6,240,0
7,240,1
8,240,1
9,240,0
10,240,0
11,240,2
12,240,2
13,240,0
14,240,0
15,240,2
16,240,2
17,240,0
18,240,0
19,240,2
20,240,2
21,240,0
22,240,0
23,240,2
24,240,2
25,240,0
26,240,0
27,240,2
28,240,2
29,240,0
30,240,0
31,240,2
32,240,2
33,240,0
34,240,0
35,240,2
36,240,2
37,240,0
38,240,0
39,240,2
40,240,2
41,240,0
42,240,0
43,240,2
44,240,2
45,240,0
46,240,0
47,240,2
48,240,2
49,240,0
50,240,0
51,240,2
52,240,2
53,240,0
54,240,0
55,240,2
56,240,2
57,240,0
58,240,0
59,240,2
60,240,2
61,240,0
62,240,0
63,240,2
64,240,2
65,240,0
66,240,0
67,240,2
68,240,2
69,240,0
70,240,0
71,240,2
72,240,2
73,240,0
74,240,0
75,240,2
76,240,2
77,240,0
78,240,0
79,240,2
80,240,2
81,240,0
82,240,0
83,240,2
84,240,2
85,240,0
86,240,0
87,240,2
88,240,2
89,240,0
90,240,0
91,240,2
92,240,2
93,240,0
94,240,0
95,240,2
96,240,2
97,240,0
98,240,0
99,240,2
100,240,2
101,240,0
102,240,0
103,240,2
104,240,2
105,240,0
106,240,0
107,240,2
108,240,2
109,240,0
110,240,0
111,240,2
112,240,2
113,240,0
114,240,0
115,240,2
116,240,2
117,240,0
118,240,0
119,240,3
120,240,3
121,240,0
122,240,0
123,240,3
124,240,3
125,240,0
126,240,0
127,240,3
128,240,3
129,240,0
130,240,0
131,240,3
132,240,3
133,240,0
134,240,0
135,240,3
136,240,3
137,240,0
138,240,0
139,240,3
140,240,2
141,240,0
142,240,0
143,240,2
144,240,2
145,240,0
146,240,0
147,240,2
148,240,2
149,240,0
150,240,0
151,240,2
152,240,2
153,240,0
154,240,0
155,240,2
156,240,2
157,240,0
158,240,0
159,240,2
160,240,2
161,240,0
162,240,0
163,240,2
164,240,2
165,240,0
166,240,0
167,240,2
168,240,2
169,240,0
170,240,0
171,240,2
172,240,2
173,240,0
174,240,0
175,240,2
176,240,2
177,240,0
178,240,0
179,240,2
180,240,2
181,240,0
182,240,0
183,240,2
184,240,2
185,240,0
186,240,0
187,240,2
188,240,2
189,240,0
190,240,0
191,240,2
192,240,2
193,240,0
194,240,0
195,240,2
196,240,2
197,240,0
198,240,0
199,240,2
200,240,2
201,240,0
202,240,0
203,240,2
204,240,2
205,240,0
206,240,0
207,240,2
208,240,2
209,240,0
210,240,0
211,240,2
212,240,2
213,240,0
214,240,0
215,240,2
216,240,2
217,240,0
218,240,0
219,240,2
220,240,2
221,240,0
222,240,0
223,240,2
224,240,2
225,240,0
226,240,0
227,240,2
228,240,2
229,240,0
230,240,0
231,240,2
232,240,2
233,240,0
234,240,0
235,240,2
236,240,2
237,240,0
238,240,0
239,240,2
240,240,2
241,240,0
242,240,0
243,240,2
244,240,2
245,240,0
246,240,0
247,240,1
248,240,1
249,240,0
250,240,0
251,240,1
252,240,1
253,240,0
254,240,0
255,240,1
0,241,1
1,241,0
2,241,0
3,241,1
4,241,1
5,241,0
6,241,0
7,241,1
8,241,1
9,241,0
10,241,0
11,241,1
12,241,1
13,241,0
14,241,0
15,241,2
16,241,2
17,241,0
18,241,0
19,241,2
20,241,2
21,241,0
22,241,0
23,241,2
24,241,2
25,241,0
26,241,0
27,241,2
28,241,2
29,241,0
30,241,0
31,241,2
32,241,2
33,241,0
34,241,0
35,241,2
36,241,2
37,241,0
38,241,0
39,241,2
40,241,2
41,241,0
42,241,0
43,241,2
44,241,2
45,241,0
46,241,0
47,241,2
48,241,2
49,241,0
50,241,0
51,241,2
52,241,2
53,241,0
54,241,0
55,241,2
56,241,2
57,241,0
58,241,0
59,241,2
60,241,2
61,241,0
62,241,0
63,241,2
64,241,2
65,241,0
66,241,0
67,241,2
68,241,2
69,241,0
70,241,0
71,241,2
72,241,2
73,241,0
74,241,0
75,241,2
76,241,2
77,241,0
78,241,0
79,241,2
80,241,2
81,241,0
82,241,0
83,241,2
84,241,2
85,241,0
86,241,0
87,241,2
88,241,2
89,241,0
90,241,0
91,241,2
92,241,2
93,241,0
94,241,0
95,241,2
96,241,2
97,241,0
98,241,0
99,241,2
100,241,2
101,241,0
102,241,0
103,241,2
104,241,2
105,241,0
106,241,0
107,241,2
108,241,2
109,241,0
110,241,0
111,241,2
112,241,2
113,241,0
114,241,0
115,241,2
116,241,2
117,241,0
118,241,0
119,241,3
120,241,3
121,241,0
122,241,0
123,241,3
124,241,3
125,241,0
126,241,0
127,241,3
128,241,3
129,241,0
130,241,0
131,241,3
132,241,3
133,241,0
134,241,0
135,241,3
136,241,3
137,241,0
138,241,0
139,241,2
140,241,2
141,241,0
142,241,0
143,241,2
144,241,2
145,241,0
146,241,0
147,241,2
148,241,2
149,241,0
150,241,0
151,241,2
152,241,2
153,241,0
154,241,0
155,241,2
156,241,2
157,241,0
158,241,0
159,241,2
160,241,2
161,241,0
162,241,0
163,241,2
164,241,2
165,241,0
166,241,0
167,241,2
168,241,2
169,241,0
170,241,0
171,241,2
172,241,2
173,241,0
174,241,0
175,241,2
176,241,2
177,241,0
178,241,0
179,241,2
180,241,2
181,241,0
182,241,0
183,241,2
184,241,2
185,241,0
186,241,0
187,241,2
188,241,2
189,241,0
190,241,0
191,241,2
192,241,2
193,241,0
194,241,0
195,241,2
196,241,2
197,241,0
198,241,0
199,241,2
200,241,2
201,241,0
202,241,0
203,241,2
204,241,2
205,241,0
206,241,0
207,241,2
208,241,2
209,241,0
210,241,0
211,241,2
212,241,2
213,241,0
214,241,0
215,241,2
216,241,2
217,241,0
218,241,0
219,241,2
220,241,2
221,241,0
222,241,0
223,241,2
224,241,2
225,241,0
226,241,0
227,241,2
228,241,2
229,241,0
230,241,0
231,241,2
232,241,2
233,241,0
234,241,0
235,241,2
236,241,2
237,241,0
238,241,0
239,241,2
240,241,2
241,241,0
242,241,0
243,241,2
244,241,1
245,241,0
246,241,0
247,241,1
248,241,1
249,241,0
250,241,0
251,241,1
252,241,1
253,241,0
254,241,0
255,241,1
0,242,1
1,242,0
2,242,0
3,242,1
4,242,1
5,242,0
6,242,0
7,242,1
8,242,1
9,242,0
10,242,0
11,242,1
12,242,1
13,242,0
14,242,0
15,242,2
16,242,2
17,242,0
18,242,0
19,242,2
20,242,2
21,242,0
22,242,0
23,242,2
24,242,2
25,242,0
26,242,0
27,242,2
28,242,2
29,242,0
30,242,0
31,242,2
32,242,2
33,242,0
34,242,0
35,242,2
36,242,2
37,242,0
38,242,0
39,242,2
40,242,2
41,242,0
42,242,0
43,242,2
44,242,2
45,242,0
46,242,0
47,242,2
48,242,2
49,242,0
50,242,0
51,242,2
52,242,2
53,242,0
54,242,0
55,242,2
56,242,2
57,242,0
58,242,0
59,242,2
60,242,2
61,242,0
62,242,0
63,242,2
64,242,2
65,242,0
66,242,0
67,242,2
68,242,2
69,242,0
70,242,0
71,242,2
72,242,2
73,242,0
74,242,0
75,242,2
76,242,2
77,242,0
78,242,0
79,242,2
80,242,2
81,242,0
82,242,0
83,242,2
84,242,2
85,242,0
86,242,0
87,242,2
88,242,2
89,242,0
90,242,0
91,242,2
92,242,2
93,242,0
94,242,0
95,242,2
96,242,2
97,242,0
98,242,0
99,242,2
100,242,2
101,242,0
102,242,0
103,242,2
104,242,2
105,242,0
106,242,0
107,242,2
108,242,2
109,242,0
110,242,0
111,242,2
112,242,2
113,242,0
114,242,0
115,242,2
116,242,2
117,242,0
118,242,0
119,242,2
120,242,2
121,242,0
122,242,0
123,242,3
124,242,3
125,242,0
126,242,0
127,242,3
128,242,3
129,242,0
130,242,0
131,242,3
132,242,3
133,242,0
134,242,0
135,242,3
136,242,2
137,242,0
138,242,0
139,242,2
140,242,2
141,242,0
142,242,0
143,242,2
144,242,2
145,242,0
146,242,0
147,242,2
148,242,2
149,242,0
150,242,0
151,242,2
152,242,2
153,242,0
154,242,0
155,242,2
156,242,2
157,242,0
158,242,0
159,242,2
160,242,2
161,242,0
162,242,0
163,242,2
164,242,2
165,242,0
166,242,0
167,242,2
168,242,2
169,242,0
170,242,0
171,242,2
172,242,2
173,242,0
174,242,0
175,242,2
176,242,2
177,242,0
178,242,0
179,242,2
180,242,2
181,242,0
182,242,0
183,242,2
184,242,2
185,242,0
186,242,0
187,242,2
188,242,2
189,242,0
190,242,0
191,242,2
192,242,2
193,242,0
194,242,0
195,242,2
196,242,2
197,242,0
198,242,0
199,242,2
200,242,2
201,242,0
202,242,0
203,242,2
204,242,2
205,242,0
206,242,0
207,242,2
208,242,2
209,242,0
210,242,0
211,242,2
212,242,2
213,242,0
214,242,0
215,242,2
216,242,2
217,242,0
218,242,0
219,242,2
220,242,2
221,242,0
222,242,0
223,242,2
224,242,2
225,242,0
226,242,0
227,242,2
228,242,2
229,242,0
230,242,0
231,242,2
232,242,2
233,242,0
234,242,0
235,242,2
236,242,2
237,242,0
238,242,0
239,242,2
240,242,2
241,242,0
242,242,0
243,242,1
244,242,1
245,242,0
246,242,0
247,242,1
248,242,1
249,242,0
250,242,0
251,242,1
252,242,1
253,242,0
254,242,0
255,242,1
0,243,1
1,243,0
2,243,0
3,243,1
4,243,1
5,243,0
6,243,0
7,243,1
8,243,1
9,243,0
10,243,0
11,243,1
12,243,1
13,243,0
14,243,0
15,243,1
16,243,1
17,243,0
18,243,0
19,243,2
20,243,2
21,243,0
22,243,0
23,243,2
24,243,2
25,243,0
26,243,0
27,243,2
28,243,2
29,243,0
30,243,0
31,243,2
32,243,2
33,243,0
34,243,0
35,243,2
36,243,2
37,243,0
38,243,0
39,243,2
40,243,2
41,243,0
42,243,0
43,243,2
44,243,2
45,243,0
46,243,0
47,243,2
48,243,2
49,243,0
50,243,0
51,243,2
52,243,2
53,243,0
54,243,0
55,243,2
56,243,2
57,243,0
58,243,0
59,243,2
60,243,2
61,243,0
62,243,0
63,243,2
64,243,2
65,243,0
66,243,0
67,243,2
68,243,2
69,243,0
70,243,0
71,243,2
72,243,2
73,243,0
74,243,0
75,243,2
76,243,2
77,243,0
78,243,0
79,243,2
80,243,2
81,243,0
82,243,0
83,243,2
84,243,2
85,243,0
86,243,0
87,243,2
88,243,2
89,243,0
90,243,0
91,243,2
92,243,2
93,243,0
94,243,0
95,243,2
96,243,2
97,243,0
98,243,0
99,243,2
100,243,2
101,243,0
102,243,0
103,243,2
104,243,2
105,243,0
106,243,0
107,243,2
108,243,2
109,243,0
110,243,0
111,243,2
112,243,2
113,243,0
114,243,0
115,243,2
116,243,2
117,243,0
118,243,0
119,243,2
120,243,2
121,243,0
122,243,0
123,243,3
124,243,3
125,243,0
126,243,0
127,243,3
128,243,3
129,243,0
130,243,0
131,243,3
132,243,3
133,243,0
134,243,0
135,243,2
136,243,2
137,243,0
138,243,0
139,243,2
140,243,2
141,243,0
142,243,0
143,243,2
144,243,2
145,243,0
146,243,0
147,243,2
148,243,2
149,243,0
150,243,0
151,243,2
152,243,2
153,243,0
154,243,0
155,243,2
156,243,2
157,243,0
158,243,0
159,243,2
160,243,2
161,243,0
162,243,0
163,243,2
164,243,2
165,243,0
166,243,0
167,243,2
168,243,2
169,243,0
170,243,0
171,243,2
172,243,2
173,243,0
174,243,0
175,243,2
176,243,2
177,243,0
178,243,0
179,243,2
180,243,2
181,243,0
182,243,0
183,243,2
184,243,2
185,243,0
186,243,0
187,243,2
188,243,2
189,243,0
190,243,0
191,243,2
192,243,2
193,243,0
194,243,0
195,243,2
196,243,2
197,243,0
198,243,0
199,243,2
200,243,2
201,243,0
202,243,0
203,243,2
204,243,2
205,243,0
206,243,0
207,243,2
208,243,2
209,243,0
210,243,0
211,243,2
212,243,2
213,243,0
214,243,0
215,243,2
216,243,2
217,243,0
218,243,0
219,243,2
220,243,2
221,243,0
222,243,0
223,243,2
224,243,2
225,243,0
226,243,0
227,243,2
228,243,2
229,243,0
230,243,0
231,243,2
232,243,2
233,243,0
234,243,0
235,243,2
236,243,2
237,243,0
238,243,0
239,243,2
240,243,1
241,243,0
242,243,0
243,243,1
244,243,1
245,243,0
246,243,0
247,243,1
248,243,1
249,243,0
250,243,0
251,243,1
252,243,1
253,243,0
254,243,0
255,243,1
0,244,1
1,244,0
2,244,0
3,244,1
4,244,1
5,244,0
6,244,0
7,244,1
8,244,1
9,244,0
10,244,0
11,244,1
12,244,1
13,244,0
14,244,0
15,244,1
16,244,1
17,244,0
18,244,0
19,244,2
20,244,2
21,244,0
22,244,0
23,244,2
24,244,2
25,244,0
26,244,0
27,244,2
28,244,2
29,244,0
30,244,0
31,244,2
32,244,2
33,244,0
34,244,0
35,244,2
36,244,2
37,244,0
38,244,0
39,244,2
40,244,2
41,244,0
42,244,0
43,244,2
44,244,2
45,244,0
46,244,0
47,244,2
48,244,2
49,244,0
50,244,0
51,244,2
52,244,2
53,244,0
54,244,0
55,244,2
56,244,2
57,244,0
58,244,0
59,244,2
60,244,2
61,244,0
62,244,0
63,244,2
64,244,2
65,244,0
66,244,0
67,244,2
68,244,2
69,244,0
70,244,0
71,244,2
72,244,2
73,244,0
74,244,0
75,244,2
76,244,2
77,244,0
78,244,0
79,244,2
80,244,2
81,244,0
82,244,0
83,244,2
84,244,2
85,244,0
86,244,0
87,244,2
88,244,2
89,244,0
90,244,0
91,244,2
92,244,2
93,244,0
94,244,0
95,244,2
96,244,2
97,244,0
98,244,0
99,244,2
100,244,2
101,244,0
102,244,0
103,244,2
104,244,2
105,244,0
106,244,0
107,244,2
108,244,2
109,244,0
110,244,0
111,244,2
112,244,2
113,244,0
114,244,0
115,244,2
116,244,2
117,244,0
118,244,0
119,244,2
120,244,2
121,244,0
122,244,0
123,244,2
124,244,2
125,244,0
126,244,0
127,244,3
128,244,3
129,244,0
130,244,0
131,244,3
132,244,2
133,244,0
134,244,0
135,244,2
136,244,2
137,244,0
138,244,0
139,244,2
140,244,2
141,244,0
142,244,0
143,244,2
144,244,2
145,244,0
146,244,0
147,244,2
148,244,2
149,244,0
150,244,0
151,244,2
152,244,2
153,244,0
154,244,0
155,244,2
156,244,2
157,244,0
158,244,0
159,244,2
160,244,2
161,244,0
162,244,0
163,244,2
164,244,2
165,244,0
166,244,0
167,244,2
168,244,2
169,244,0
170,244,0
171,244,2
172,244,2
173,244,0
174,244,0
175,244,2
176,244,2
177,244,0
178,244,0
179,244,2
180,244,2
181,244,0
182,244,0
183,244,2
184,244,2
185,244,0
186,244,0
187,244,2
188,244,2
189,244,0
190,244,0
191,244,2
192,244,2
193,244,0
194,244,0
195,244,2
196,244,2
197,244,0
198,244,0
199,244,2
200,244,2
201,244,0
202,244,0
203,244,2
204,244,2
205,244,0
206,244,0
207,244,2
208,244,2
209,244,0
210,244,0
211,244,2
212,244,2
213,244,0
214,244,0
215,244,2
216,244,2
217,244,0
218,244,0
219,244,2
220,244,2
221,244,0
222,244,0
223,244,2
224,244,2
225,244,0
226,244,0
227,244,2
228,244,2
229,244,0
230,244,0
231,244,2
232,244,2
233,244,0
234,244,0
235,244,2
236,244,2
237,244,0
238,244,0
239,244,1
240,244,1
241,244,0
242,244,0
243,244,1
244,244,1
245,244,0
246,244,0
247,244,1
248,244,1
249,244,0
250,244,0
251,244,1
252,244,1
253,244,0
254,244,0
255,244,1
0,245,1
1,245,0
2,245,0
3,245,1
4,245,1
5,245,0
6,245,0
7,245,1
8,245,1
9,245,0
10,245,0
11,245,1
12,245,1
13,245,0
14,245,0
15,245,1
16,245,1
17,245,0
18,245,0
19,245,1
20,245,1
21,245,0
22,245,0
23,245,2
24,245,2
25,245,0
26,245,0
27,245,2
28,245,2
29,245,0
30,245,0
31,245,2
32,245,2
33,245,0
34,245,0
35,245,2
36,245,2
37,245,0
38,245,0
39,245,2
40,245,2
41,245,0
42,245,0
43,245,2
44,245,2
45,245,0
46,245,0
47,245,2
48,245,2
49,245,0
50,245,0
51,245,2
52,245,2
53,245,0
54,245,0
55,245,2
56,245,2
57,245,0
58,245,0
59,245,2
60,245,2
61,245,0
62,245,0
63,245,2
64,245,2
65,245,0
66,245,0
67,245,2
68,245,2
69,245,0
70,245,0
71,245,2
72,245,2
73,245,0
74,245,0
75,245,2
76,245,2
77,245,0
78,245,0
79,245,2
80,245,2
81,245,0
82,245,0
83,245,2
84,245,2
85,245,0
86,245,0
87,245,2
88,245,2
89,245,0
90,245,0
91,245,2
92,245,2
93,245,0
94,245,0
95,245,2
96,245,2
97,245,0
98,245,0
99,245,2
100,245,2
101,245,0
102,245,0
103,245,2
104,245,2
105,245,0
106,245,0
107,245,2
108,245,2
109,245,0
110,245,0
111,245,2
112,245,2
113,245,0
114,245,0
115,245,2
116,245,2
117,245,0
118,245,0
119,245,2
120,245,2
121,245,0
122,245,0
123,245,2
124,245,2
125,245,0
126,245,0
127,245,3
128,245,3
129,245,0
130,245,0
131,245,2
132,245,2
133,245,0
134,245,0
135,245,2
136,245,2
137,245,0
138,245,0
139,245,2
140,245,2
141,245,0
142,245,0
143,245,2
144,245,2
145,245,0
146,245,0
147,245,2
148,245,2
149,245,0
150,245,0
151,245,2
152,245,2
153,245,0
154,245,0
155,245,2
156,245,2
157,245,0
158,245,0
159,245,2
160,245,2
161,245,0
162,245,0
163,245,2
164,245,2
165,245,0
166,245,0
167,245,2
168,245,2
169,245,0
170,245,0
171,245,2
172,245,2
173,245,0
174,245,0
175,245,2
176,245,2
177,245,0
178,245,0
179,245,2
180,245,2
181,245,0
182,245,0
183,245,2
184,245,2
185,245,0
186,245,0
187,245,2
188,245,2
189,245,0
190,245,0
191,245,2
192,245,2
193,245,0
194,245,0
195,245,2
196,245,2
197,245,0
198,245,0
199,245,2
200,245,2
201,245,0
202,245,0
203,245,2
204,245,2
205,245,0
206,245,0
207,245,2
208,245,2
209,245,0
210,245,0
211,245,2
212,245,2
213,245,0
214,245,0
215,245,2
216,245,2
217,245,0
218,245,0
219,245,2
220,245,2
221,245,0
222,245,0
223,245,2
224,245,2
225,245,0
226,245,0
227,245,2
228,245,2
229,245,0
230,245,0
231,245,2
232,245,2
233,245,0
234,245,0
235,245,1
236,245,1
237,245,0
238,245,0
239,245,1
240,245,1
241,245,0
242,245,0
243,245,1
244,245,1
245,245,0
246,245,0
247,245,1
248,245,1
249,245,0
250,245,0
251,245,1
252,245,1
253,245,0
254,245,0
255,245,1
0,246,1
1,246,0
2,246,0
3,246,1
4,246,1
5,246,0
6,246,0
7,246,1
8,246,1
9,246,0
10,246,0
11,246,1
12,246,1
13,246,0
14,246,0
15,246,1
16,246,1
17,246,0
18,246,0
19,246,1
20,246,1
21,246,0
22,246,0
23,246,1
24,246,2
25,246,0
26,246,0
27,246,2
28,246,2
29,246,0
30,246,0
31,246,2
32,246,2
33,246,0
34,246,0
35,246,2
36,246,2
37,246,0
38,246,0
39,246,2
40,246,2
41,246,0
42,246,0
43,246,2
44,246,2
45,246,0
46,246,0
47,246,2
48,246,2
49,246,0
50,246,0
51,246,2
52,246,2
53,246,0
54,246,0
55,246,2
56,246,2
57,246,0
58,246,0
59,246,2
60,246,2
61,246,0
62,246,0
63,246,2
64,246,2
65,246,0
66,246,0
67,246,2
68,246,2
69,246,0
70,246,0
71,246,2
72,246,2
73,246,0
74,246,0
75,246,2
76,246,2
77,246,0
78,246,0
79,246,2
80,246,2
81,246,0
82,246,0
83,246,2
84,246,2
85,246,0
86,246,0
87,246,2
88,246,2
89,246,0
90,246,0
91,246,2
92,246,2
93,246,0
94,246,0
95,246,2
96,246,2
97,246,0
98,246,0
99,246,2
100,246,2
101,246,0
102,246,0
103,246,2
104,246,2
105,246,0
106,246,0
107,246,2
108,246,2
109,246,0
110,246,0
111,246,2
112,246,2
113,246,0
114,246,0
115,246,2
116,246,2
117,246,0
118,246,0
119,246,2
120,246,2
121,246,0
122,246,0
123,246,2
124,246,2
125,246,0
126,246,0
127,246,2
128,246,2
129,246,0
130,246,0
131,246,2
132,246,2
133,246,0
134,246,0
135,246,2
136,246,2
137,246,0
138,246,0
139,246,2
140,246,2
141,246,0
142,246,0
143,246,2
144,246,2
145,246,0
146,246,0
147,246,2
148,246,2
149,246,0
150,246,0
151,246,2
152,246,2
153,246,0
154,246,0
155,246,2
156,246,2
157,246,0
158,246,0
159,246,2
160,246,2
161,246,0
162,246,0
163,246,2
164,246,2
165,246,0
166,246,0
167,246,2
168,246,2
169,246,0
170,246,0
171,246,2
172,246,2
173,246,0
174,246,0
175,246,2
176,246,2
177,246,0
178,246,0
179,246,2
180,246,2
181,246,0
182,246,0
183,246,2
184,246,2
185,246,0
186,246,0
187,246,2
188,246,2
189,246,0
190,246,0
191,246,2
192,246,2
193,246,0
194,246,0
195,246,2
196,246,2
197,246,0
198,246,0
199,246,2
200,246,2
201,246,0
202,246,0
203,246,2
204,246,2
205,246,0
206,246,0
207,246,2
208,246,2
209,246,0
210,246,0
211,246,2
212,246,2
213,246,0
214,246,0
215,246,2
216,246,2
217,246,0
218,246,0
219,246,2
220,246,2
221,246,0
222,246,0
223,246,2
224,246,2
225,246,0
226,246,0
227,246,2
228,246,2
229,246,0
230,246,0
231,246,2
232,246,2
233,246,0
234,246,0
235,246,1
236,246,1
237,246,0
238,246,0
239,246,1
240,246,1
241,246,0
242,246,0
243,246,1
244,246,1
245,246,0
246,246,0
247,246,1
248,246,1
249,246,0
250,246,0
251,246,1
252,246,1
253,246,0
254,246,0
255,246,1
0,247,1
1,247,0
2,247,0
3,247,1
4,247,1
5,247,0
6,247,0
7,247,1
8,247,1
9,247,0
10,247,0
11,247,1
12,247,1
13,247,0
14,247,0
15,247,1
16,247,1
17,247,0
18,247,0
19,247,1
20,247,1
21,247,0
22,247,0
23,247,1
24,247,1
25,247,0
26,247,0
27,247,2
28,247,2
29,247,0
30,247,0
31,247,2
32,247,2
33,247,0
34,247,0
35,247,2
36,247,2
37,247,0
38,247,0
39,247,2
40,247,2
41,247,0
42,247,0
43,247,2
44,247,2
45,247,0
46,247,0
47,247,2
48,247,2
49,247,0
50,247,0
51,247,2
52,247,2
53,247,0
54,247,0
55,247,2
56,247,2
57,247,0
58,247,0
59,247,2
60,247,2
61,247,0
62,247,0
63,247,2
64,247,2
65,247,0
66,247,0
67,247,2
68,247,2
69,247,0
70,247,0
71,247,2
72,247,2
73,247,0
74,247,0
75,247,2
76,247,2
77,247,0
78,247,0
79,247,2
80,247,2
81,247,0
82,247,0
83,247,2
84,247,2
85,247,0
86,247,0
87,247,2
88,247,2
89,247,0
90,247,0
91,247,2
92,247,2
93,247,0
94,247,0
95,247,2
96,247,2
97,247,0
98,247,0
99,247,2
100,247,2
101,247,0
102,247,0
103,247,2
104,247,2
105,247,0
106,247,0
107,247,2
108,247,2
109,247,0
110,247,0
111,247,2
112,247,2
113,247,0
114,247,0
115,247,2
116,247,2
117,247,0
118,247,0
119,247,2
120,247,2
121,247,0
122,247,0
123,247,2
124,247,2
125,247,0
126,247,0
127,247,2
128,247,2
129,247,0
130,247,0
131,247,2
132,247,2
133,247,0
134,247,0
135,247,2
136,247,2
137,247,0
138,247,0
139,247,2
140,247,2
141,247,0
142,247,0
143,247,2
144,247,2
145,247,0
146,247,0
147,247,2
148,247,2
149,247,0
150,247,0
151,247,2
152,247,2
153,247,0
154,247,0
155,247,2
156,247,2
157,247,0
158,247,0
159,247,2
160,247,2
161,247,0
162,247,0
163,247,2
164,247,2
165,247,0
166,247,0
167,247,2
168,247,2
169,247,0
170,247,0
171,247,2
172,247,2
173,247,0
174,247,0
175,247,2
176,247,2
177,247,0
178,247,0
179,247,2
180,247,2
181,247,0
182,247,0
183,247,2
184,247,2
185,247,0
186,247,0
187,247,2
188,247,2
189,247,0
190,247,0
191,247,2
192,247,2
193,247,0
194,247,0
195,247,2
196,247,2
197,247,0
198,247,0
199,247,2
200,247,2
201,247,0
202,247,0
203,247,2
204,247,2
205,247,0
206,247,0
207,247,2
208,247,2
209,247,0
210,247,0
211,247,2
212,247,2
213,247,0
214,247,0
215,247,2
216,247,2
217,247,0
218,247,0
219,247,2
220,247,2
221,247,0
222,247,0
223,247,2
224,247,2
225,247,0
226,247,0
227,247,2
228,247,2
229,247,0
230,247,0
231,247,1
232,247,1
233,247,0
234,247,0
235,247,1
236,247,1
237,247,0
238,247,0
239,247,1
240,247,1
241,247,0
242,247,0
243,247,1
244,247,1
245,247,0
246,247,0
247,247,1
248,247,1
249,247,0
250,247,0
251,247,1
252,247,1
253,247,0
254,247,0
255,247,1
0,248,1
1,248,0
2,248,0
3,248,1
4,248,1
5,248,0
6,248,0
7,248,1
8,248,1
9,248,0
10,248,0
11,248,1
12,248,1
13,248,0
14,248,0
15,248,1
16,248,1
17,248,0
18,248,0
19,248,1
20,248,1
21,248,0
22,248,0
23,248,1
24,248,1
25,248,0
26,248,0
27,248,1
28,248,1
29,248,0
30,248,0
31,248,2
32,248,2
33,248,0
34,248,0
35,248,2
36,248,2
37,248,0
38,248,0
39,248,2
40,248,2
41,248,0
42,248,0
43,248,2
44,248,2
45,248,0
46,248,0
47,248,2
48,248,2
49,248,0
50,248,0
51,248,2
52,248,2
53,248,0
54,248,0
55,248,2
56,248,2
57,248,0
58,248,0
59,248,2
60,248,2
61,248,0
62,248,0
63,248,2
64,248,2
65,248,0
66,248,0
67,248,2
68,248,2
69,248,0
70,248,0
71,248,2
72,248,2
73,248,0
74,248,0
75,248,2
76,248,2
77,248,0
78,248,0
79,248,2
80,248,2
81,248,0
82,248,0
83,248,2
84,248,2
85,248,0
86,248,0
87,248,2
88,248,2
89,248,0
90,248,0
91,248,2
92,248,2
93,248,0
94,248,0
95,248,2
96,248,2
97,248,0
98,248,0
99,248,2
100,248,2
101,248,0
102,248,0
103,248,2
104,248,2
105,248,0
106,248,0
107,248,2
108,248,2
109,248,0
110,248,0
111,248,2
112,248,2
113,248,0
114,248,0
115,248,2
116,248,2
117,248,0
118,248,0
119,248,2
120,248,2
121,248,0
122,248,0
123,248,2
124,248,2
125,248,0
126,248,0
127,248,2
128,248,2
129,248,0
130,248,0
131,248,2
132,248,2
133,248,0
134,248,0
135,248,2
136,248,2
137,248,0
138,248,0
139,248,2
140,248,2
141,248,0
142,248,0
143,248,2
144,248,2
145,248,0
146,248,0
147,248,2
148,248,2
149,248,0
150,248,0
151,248,2
152,248,2
153,248,0
154,248,0
155,248,2
156,248,2
157,248,0
158,248,0
159,248,2
160,248,2
161,248,0
162,248,0
163,248,2
164,248,2
165,248,0
166,248,0
167,248,2
168,248,2
169,248,0
170,248,0
171,248,2
172,248,2
173,248,0
174,248,0
175,248,2
176,248,2
177,248,0
178,248,0
179,248,2
180,248,2
181,248,0
182,248,0
183,248,2
184,248,2
185,248,0
186,248,0
187,248,2
188,248,2
189,248,0
190,248,0
191,248,2
192,248,2
193,248,0
194,248,0
195,248,2
196,248,2
197,248,0
198,248,0
199,248,2
200,248,2
201,248,0
202,248,0
203,248,2
204,248,2
205,248,0
206,248,0
207,248,2
208,248,2
209,248,0
210,248,0
211,248,2
212,248,2
213,248,0
214,248,0
215,248,2
216,248,2
217,248,0
218,248,0
219,248,2
220,248,2
221,248,0
222,248,0
223,248,2
224,248,2
225,248,0
226,248,0
227,248,2
228,248,1
229,248,0
230,248,0
231,248,1
232,248,1
233,248,0
234,248,0
235,248,1
236,248,1
237,248,0
238,248,0
239,248,1
240,248,1
241,248,0
242,248,0
243,248,1
244,248,1
245,248,0
246,248,0
247,248,1
248,248,1
249,248,0
250,248,0
251,248,1
252,248,1
253,248,0
254,248,0
255,248,1
0,249,1
1,249,0
2,249,0
3,249,1
4,249,1
5,249,0
6,249,0
7,249,1
8,249,1
9,249,0
10,249,0
11,249,1
12,249,1
13,249,0
14,249,0
15,249,1
16,249,1
17,249,0
18,249,0
19,249,1
20,249,1
21,249,0
22,249,0
23,249,1
24,249,1
25,249,0
26,249,0
27,249,1
28,249,1
29,249,0
30,249,0
31,249,1
32,249,2
33,249,0
34,249,0
35,249,2
36,249,2
37,249,0
38,249,0
39,249,2
40,249,2
41,249,0
42,249,0
43,249,2
44,249,2
45,249,0
46,249,0
47,249,2
48,249,2
49,249,0
50,249,0
51,249,2
52,249,2
53,249,0
54,249,0
55,249,2
56,249,2
57,249,0
58,249,0
59,249,2
60,249,2
61,249,0
62,249,0
63,249,2
64,249,2
65,249,0
66,249,0
67,249,2
68,249,2
69,249,0
70,249,0
71,249,2
72,249,2
73,249,0
74,249,0
75,249,2
76,249,2
77,249,0
78,249,0
79,249,2
80,249,2
81,249,0
82,249,0
83,249,2
84,249,2
85,249,0
86,249,0
87,249,2
88,249,2
89,249,0
90,249,0
91,249,2
92,249,2
93,249,0
94,249,0
95,249,2
96,249,2
97,249,0
98,249,0
99,249,2
100,249,2
101,249,0
102,249,0
103,249,2
104,249,2
105,249,0
106,249,0
107,249,2
108,249,2
109,249,0
110,249,0
111,249,2
112,249,2
113,249,0
114,249,0
115,249,2
116,249,2
117,249,0
118,249,0
119,249,2
120,249,2
121,249,0
122,249,0
123,249,2
124,249,2
125,249,0
126,249,0
127,249,2
128,249,2
129,249,0
130,249,0
131,249,2
132,249,2
133,249,0
134,249,0
135,249,2
136,249,2
137,249,0
138,249,0
139,249,2
140,249,2
141,249,0
142,249,0
143,249,2
144,249,2
145,249,0
146,249,0
147,249,2
148,249,2
149,249,0
150,249,0
151,249,2
152,249,2
153,249,0
154,249,0
155,249,2
156,249,2
157,249,0
158,249,0
159,249,2
160,249,2
161,249,0
162,249,0
163,249,2
164,249,2
165,249,0
166,249,0
167,249,2
168,249,2
169,249,0
170,249,0
171,249,2
172,249,2
173,249,0
174,249,0
175,249,2
176,249,2
177,249,0
178,249,0
179,249,2
180,249,2
181,249,0
182,249,0
183,249,2
184,249,2
185,249,0
186,249,0
187,249,2
188,249,2
189,249,0
190,249,0
191,249,2
192,249,2
193,249,0
194,249,0
195,249,2
196,249,2
197,249,0
198,249,0
199,249,2
200,249,2
201,249,0
202,249,0
203,249,2
204,249,2
205,249,0
206,249,0
207,249,2
208,249,2
209,249,0
210,249,0
211,249,2
212,249,2
213,249,0
214,249,0
215,249,2
216,249,2
217,249,0
218,249,0
219,249,2
220,249,2
221,249,0
222,249,0
223,249,2
224,249,2
225,249,0
226,249,0
227,249,1
228,249,1
229,249,0
230,249,0
231,249,1
232,249,1
233,249,0
234,249,0
235,249,1
236,249,1
237,249,0
238,249,0
239,249,1
240,249,1
241,249,0
242,249,0
243,249,1
244,249,1
245,249,0
246,249,0
247,249,1
248,249,1
249,249,0
250,249,0
251,249,1
252,249,1
253,249,0
254,249,0
255,249,1
0,250,1
1,250,0
2,250,0
3,250,1
4,250,1
5,250,0
6,250,0
7,250,1
8,250,1
9,250,0
10,250,0
11,250,1
12,250,1
13,250,0
14,250,0
15,250,1
16,250,1
17,250,0
18,250,0
19,250,1
20,250,1
21,250,0
22,250,0
23,250,1
24,250,1
25,250,0
26,250,0
27,250,1
28,250,1
29,250,0
30,250,0
31,250,1
32,250,1
33,250,0
34,250,0
35,250,2
36,250,2
37,250,0
38,250,0
39,250,2
40,250,2
41,250,0
42,250,0
43,250,2
44,250,2
45,250,0
46,250,0
47,250,2
48,250,2
49,250,0
50,250,0
51,250,2
52,250,2
53,250,0
54,250,0
55,250,2
56,250,2
57,250,0
58,250,0
59,250,2
60,250,2
61,250,0
62,250,0
63,250,2
64,250,2
65,250,0
66,250,0
67,250,2
68,250,2
69,250,0
70,250,0
71,250,2
72,250,2
73,250,0
74,250,0
75,250,2
76,250,2
77,250,0
78,250,0
79,250,2
80,250,2
81,250,0
82,250,0
83,250,2
84,250,2
85,250,0
86,250,0
87,250,2
88,250,2
89,250,0
90,250,0
91,250,2
92,250,2
93,250,0
94,250,0
95,250,2
96,250,2
97,250,0
98,250,0
99,250,2
100,250,2
101,250,0
102,250,0
103,250,2
104,250,2
105,250,0
106,250,0
107,250,2
108,250,2
109,250,0
110,250,0
111,250,2
112,250,2
113,250,0
114,250,0
115,250,2
116,250,2
117,250,0
118,250,0
119,250,2
120,250,2
121,250,0
122,250,0
123,250,2
124,250,2
125,250,0
126,250,0
127,250,2
128,250,2
129,250,0
130,250,0
131,250,2
132,250,2
133,250,0
134,250,0
135,250,2
136,250,2
137,250,0
138,250,0
139,250,2
140,250,2
141,250,0
142,250,0
143,250,2
144,250,2
145,250,0
146,250,0
147,250,2
148,250,2
149,250,0
150,250,0
151,250,2
152,250,2
153,250,0
154,250,0
155,250,2
156,250,2
157,250,0
158,250,0
159,250,2
160,250,2
161,250,0
162,250,0
163,250,2
164,250,2
165,250,0
166,250,0
167,250,2
168,250,2
169,250,0
170,250,0
171,250,2
172,250,2
173,250,0
174,250,0
175,250,2
176,250,2
177,250,0
178,250,0
179,250,2
180,250,2
181,250,0
182,250,0
183,250,2
184,250,2
185,250,0
186,250,0
187,250,2
188,250,2
189,250,0
190,250,0
191,250,2
192,250,2
193,250,0
194,250,0
195,250,2
196,250,2
197,250,0
198,250,0
199,250,2
200,250,2
201,250,0
202,250,0
203,250,2
204,250,2
205,250,0
206,250,0
207,250,2
208,250,2
209,250,0
210,250,0
211,250,2
212,250,2
213,250,0
214,250,0
215,250,2
216,250,2
217,250,0
218,250,0
219,250,2
220,250,2
221,250,0
222,250,0
223,250,1
224,250,1
225,250,0
226,250,0
227,250,1
228,250,1
229,250,0
230,250,0
231,250,1
232,250,1
233,250,0
234,250,0
235,250,1
236,250,1
237,250,0
238,250,0
239,250,1
240,250,1
241,250,0
242,250,0
243,250,1
244,250,1
245,250,0
246,250,0
247,250,1
248,250,1
249,250,0
250,250,0
251,250,1
252,250,1
253,250,0
254,250,0
255,250,1
0,251,1
1,251,0
2,251,0
3,251,1
4,251,1
5,251,0
6,251,0
7,251,1
8,251,1
9,251,0
10,251,0
11,251,1
12,251,1
13,251,0
14,251,0
15,251,1
16,251,1
17,251,0
18,251,0
19,251,1
20,251,1
21,251,0
22,251,0
23,251,1
24,251,1
25,251,0
26,251,0
27,251,1
28,251,1
29,251,0
30,251,0
31,251,1
32,251,1
33,251,0
34,251,0
35,251,1
36,251,1
37,251,0
38,251,0
39,251,2
40,251,2
41,251,0
42,251,0
43,251,2
44,251,2
45,251,0
46,251,0
47,251,2
48,251,2
49,251,0
50,251,0
51,251,2
52,251,2
53,251,0
54,251,0
55,251,2
56,251,2
57,251,0
58,251,0
59,251,2
60,251,2
61,251,0
62,251,0
63,251,2
64,251,2
65,251,0
66,251,0
67,251,2
68,251,2
69,251,0
70,251,0
71,251,2
72,251,2
73,251,0
74,251,0
75,251,2
76,251,2
77,251,0
78,251,0
79,251,2
80,251,2
81,251,0
82,251,0
83,251,2
84,251,2
85,251,0
86,251,0
87,251,2
88,251,2
89,251,0
90,251,0
91,251,2
92,251,2
93,251,0
94,251,0
95,251,2
96,251,2
97,251,0
98,251,0
99,251,2
100,251,2
101,251,0
102,251,0
103,251,2
104,251,2
105,251,0
106,251,0
107,251,2
108,251,2
109,251,0
110,251,0
111,251,2
112,251,2
113,251,0
114,251,0
115,251,2
116,251,2
117,251,0
118,251,0
119,251,2
120,251,2
121,251,0
122,251,0
123,251,2
124,251,2
125,251,0
126,251,0
127,251,2
128,251,2
129,251,0
130,251,0
131,251,2
132,251,2
133,251,0
134,251,0
135,251,2
136,251,2
137,251,0
138,251,0
139,251,2
140,251,2
141,251,0
142,251,0
143,251,2
144,251,2
145,251,0
146,251,0
147,251,2
148,251,2
149,251,0
150,251,0
151,251,2
152,251,2
153,251,0
154,251,0
155,251,2
156,251,2
157,251,0
158,251,0
159,251,2
160,251,2
161,251,0
162,251,0
163,251,2
164,251,2
165,251,0
166,251,0
167,251,2
168,251,2
169,251,0
170,251,0
171,251,2
172,251,2
173,251,0
174,251,0
175,251,2
176,251,2
177,251,0
178,251,0
179,251,2
180,251,2
181,251,0
182,251,0
183,251,2
184,251,2
185,251,0
186,251,0
187,251,2
188,251,2
189,251,0
190,251,0
191,251,2
192,251,2
193,251,0
194,251,0
195,251,2
196,251,2
197,251,0
198,251,0
199,251,2
200,251,2
201,251,0
202,251,0
203,251,2
204,251,2
205,251,0
206,251,0
207,251,2
208,251,2
209,251,0
210,251,0
211,251,2
212,251,2
213,251,0
214,251,0
215,251,2
216,251,2
217,251,0
218,251,0
219,251,2
220,251,1
221,251,0
222,251,0
223,251,1
224,251,1
225,251,0
226,251,0
227,251,1
228,251,1
229,251,0
230,251,0
231,251,1
232,251,1
233,251,0
234,251,0
235,251,1
236,251,1
237,251,0
238,251,0
239,251,1
240,251,1
241,251,0
242,251,0
243,251,1
244,251,1
245,251,0
246,251,0
247,251,1
248,251,1
249,251,0
250,251,0
251,251,1
252,251,1
253,251,0
254,251,0
255,251,1
0,252,1
1,252,0
2,252,0
3,252,1
4,252,1
5,252,0
6,252,0
7,252,1
8,252,1
9,252,0
10,252,0
11,252,1
12,252,1
13,252,0
14,252,0
15,252,1
16,252,1
17,252,0
18,252,0
19,252,1
20,252,1
21,252,0
22,252,0
23,252,1
24,252,1
25,252,0
26,252,0
27,252,1
28,252,1
29,252,0
30,252,0
31,252,1
32,252,1
33,252,0
34,252,0
35,252,1
36,252,1
37,252,0
38,252,0
39,252,1
40,252,2
41,252,0
42,252,0
43,252,2
44,252,2
45,252,0
46,252,0
47,252,2
48,252,2
49,252,0
50,252,0
51,252,2
52,252,2
53,252,0
54,252,0
55,252,2
56,252,2
57,252,0
58,252,0
59,252,2
60,252,2
61,252,0
62,252,0
63,252,2
64,252,2
65,252,0
66,252,0
67,252,2
68,252,2
69,252,0
70,252,0
71,252,2
72,252,2
73,252,0
74,252,0
75,252,2
76,252,2
77,252,0
78,252,0
79,252,2
80,252,2
81,252,0
82,252,0
83,252,2
84,252,2
85,252,0
86,252,0
87,252,2
88,252,2
89,252,0
90,252,0
91,252,2
92,252,2
93,252,0
94,252,0
95,252,2
96,252,2
97,252,0
98,252,0
99,252,2
100,252,2
101,252,0
102,252,0
103,252,2
104,252,2
105,252,0
106,252,0
107,252,2
108,252,2
109,252,0
110,252,0
111,252,2
112,252,2
113,252,0
114,252,0
115,252,2
116,252,2
117,252,0
118,252,0
119,252,2
120,252,2
121,252,0
122,252,0
123,252,2
124,252,2
125,252,0
126,252,0
127,252,2
128,252,2
129,252,0
130,252,0
131,252,2
132,252,2
133,252,0
134,252,0
135,252,2
136,252,2
137,252,0
138,252,0
139,252,2
140,252,2
141,252,0
142,252,0
143,252,2
144,252,2
145,252,0
146,252,0
147,252,2
148,252,2
149,252,0
150,252,0
151,252,2
152,252,2
153,252,0
154,252,0
155,252,2
156,252,2
157,252,0
158,252,0
159,252,2
160,252,2
161,252,0
162,252,0
163,252,2
164,252,2
165,252,0
166,252,0
167,252,2
168,252,2
169,252,0
170,252,0
171,252,2
172,252,2
173,252,0
174,252,0
175,252,2
176,252,2
177,252,0
178,252,0
179,252,2
180,252,2
181,252,0
182,252,0
183,252,2
184,252,2
185,252,0
186,252,0
187,252,2
188,252,2
189,252,0
190,252,0
191,252,2
192,252,2
193,252,0
194,252,0
195,252,2
196,252,2
197,252,0
198,252,0
199,252,2
200,252,2
201,252,0
202,252,0
203,252,2
204,252,2
205,252,0
206,252,0
207,252,2
208,252,2
209,252,0
210,252,0
211,252,2
212,252,2
213,252,0
214,252,0
215,252,2
216,252,2
217,252,0
218,252,0
219,252,1
220,252,1
221,252,0
222,252,0
223,252,1
224,252,1
225,252,0
226,252,0
227,252,1
228,252,1
229,252,0
230,252,0
231,252,1
232,252,1
233,252,0
234,252,0
235,252,1
236,252,1
237,252,0
238,252,0
239,252,1
240,252,1
241,252,0
242,252,0
243,252,1
244,252,1
245,252,0
246,252,0
247,252,1
248,252,1
249,252,0
250,252,0
251,252,1
252,252,1
253,252,0
254,252,0
255,252,1
0,253,1
1,253,0
2,253,0
3,253,1
4,253,1
5,253,0
6,253,0
7,253,1
8,253,1
9,253,0
10,253,0
11,253,1
12,253,1
13,253,0
14,253,0
15,253,1
16,253,1
17,253,0
18,253,0
19,253,1
20,253,1
21,253,0
22,253,0
23,253,1
24,253,1
25,253,0
26,253,0
27,253,1
28,253,1
29,253,0
30,253,0
31,253,1
32,253,1
33,253,0
34,253,0
35,253,1
36,253,1
37,253,0
38,253,0
39,253,1
40,253,1
41,253,0
42,253,0
43,253,2
44,253,2
45,253,0
46,253,0
47,253,2
48,253,2
49,253,0
50,253,0
51,253,2
52,253,2
53,253,0
54,253,0
55,253,2
56,253,2
57,253,0
58,253,0
59,253,2
60,253,2
61,253,0
62,253,0
63,253,2
64,253,2
65,253,0
66,253,0
67,253,2
68,253,2
69,253,0
70,253,0
71,253,2
72,253,2
73,253,0
74,253,0
75,253,2
76,253,2
77,253,0
78,253,0
79,253,2
80,253,2
81,253,0
82,253,0
83,253,2
84,253,2
85,253,0
86,253,0
87,253,2
88,253,2
89,253,0
90,253,0
91,253,2
92,253,2
93,253,0
94,253,0
95,253,2
96,253,2
97,253,0
98,253,0
99,253,2
100,253,2
101,253,0
102,253,0
103,253,2
104,253,2
105,253,0
106,253,0
107,253,2
108,253,2
109,253,0
110,253,0
111,253,2
112,253,2
113,253,0
114,253,0
115,253,2
116,253,2
117,253,0
118,253,0
119,253,2
120,253,2
121,253,0
122,253,0
123,253,2
124,253,2
125,253,0
126,253,0
127,253,2
128,253,2
129,253,0
130,253,0
131,253,2
132,253,2
133,253,0
134,253,0
135,253,2
136,253,2
137,253,0
138,253,0
139,253,2
140,253,2
141,253,0
142,253,0
143,253,2
144,253,2
145,253,0
146,253,0
147,253,2
148,253,2
149,253,0
150,253,0
151,253,2
152,253,2
153,253,0
154,253,0
155,253,2
156,253,2
157,253,0
158,253,0
159,253,2
160,253,2
161,253,0
162,253,0
163,253,2
164,253,2
165,253,0
166,253,0
167,253,2
168,253,2
169,253,0
170,253,0
171,253,2
172,253,2
173,253,0
174,253,0
175,253,2
176,253,2
177,253,0
178,253,0
179,253,2
180,253,2
181,253,0
182,253,0
183,253,2
184,253,2
185,253,0
186,253,0
187,253,2
188,253,2
189,253,0
190,253,0
191,253,2
192,253,2
193,253,0
194,253,0
195,253,2
196,253,2
197,253,0
198,253,0
199,253,2
200,253,2
201,253,0
202,253,0
203,253,2
204,253,2
205,253,0
206,253,0
207,253,2
208,253,2
209,253,0
210,253,0
211,253,2
212,253,2
213,253,0
214,253,0
215,253,1
216,253,1
217,253,0
218,253,0
219,253,1
220,253,1
221,253,0
222,253,0
223,253,1
224,253,1
225,253,0
226,253,0
227,253,1
228,253,1
229,253,0
230,253,0
231,253,1
232,253,1
233,253,0
234,253,0
235,253,1
236,253,1
237,253,0
238,253,0
239,253,1
240,253,1
241,253,0
242,253,0
243,253,1
244,253,1
245,253,0
246,253,0
247,253,1
248,253,1
249,253,0
250,253,0
251,253,1
252,253,1
253,253,0
254,253,0
255,253,1
0,254,1
1,254,0
2,254,0
3,254,1
4,254,1
5,254,0
6,254,0
7,254,1
8,254,1
9,254,0
10,254,0
11,254,1
12,254,1
13,254,0
14,254,0
15,254,1
16,254,1
17,254,0
18,254,0
19,254,1
20,254,1
21,254,0
22,254,0
23,254,1
24,254,1
25,254,0
26,254,0
27,254,1
28,254,1
29,254,0
30,254,0
31,254,1
32,254,1
33,254,0
34,254,0
35,254,1
36,254,1
37,254,0
38,254,0
39,254,1
40,254,1
41,254,0
42,254,0
43,254,1
44,254,1
45,254,0
46,254,0
47,254,2
48,254,2
49,254,0
50,254,0
51,254,2
52,254,2
53,254,0
54,254,0
55,254,2
56,254,2
57,254,0
58,254,0
59,254,2
60,254,2
61,254,0
62,254,0
63,254,2
64,254,2
65,254,0
66,254,0
67,254,2
68,254,2
69,254,0
70,254,0
71,254,2
72,254,2
73,254,0
74,254,0
75,254,2
76,254,2
77,254,0
78,254,0
79,254,2
80,254,2
81,254,0
82,254,0
83,254,2
84,254,2
85,254,0
86,254,0
87,254,2
88,254,2
89,254,0
90,254,0
91,254,2
92,254,2
93,254,0
94,254,0
95,254,2
96,254,2
97,254,0
98,254,0
99,254,2
100,254,2
101,254,0
102,254,0
103,254,2
104,254,2
105,254,0
106,254,0
107,254,2
108,254,2
109,254,0
110,254,0
111,254,2
112,254,2
113,254,0
114,254,0
115,254,2
116,254,2
117,254,0
118,254,0
119,254,2
120,254,2
121,254,0
122,254,0
123,254,2
124,254,2
125,254,0
126,254,0
127,254,2
128,254,2
129,254,0
130,254,0
131,254,2
132,254,2
133,254,0
134,254,0
135,254,2
136,254,2
137,254,0
138,254,0
139,254,2
140,254,2
141,254,0
142,254,0
143,254,2
144,254,2
145,254,0
146,254,0
147,254,2
148,254,2
149,254,0
150,254,0
151,254,2
152,254,2
153,254,0
154,254,0
155,254,2
156,254,2
157,254,0
158,254,0
159,254,2
160,254,2
161,254,0
162,254,0
163,254,2
164,254,2
165,254,0
166,254,0
167,254,2
168,254,2
169,254,0
170,254,0
171,254,2
172,254,2
173,254,0
174,254,0
175,254,2
176,254,2
177,254,0
178,254,0
179,254,2
180,254,2
181,254,0
182,254,0
183,254,2
184,254,2
185,254,0
186,254,0
187,254,2
188,254,2
189,254,0
190,254,0
191,254,2
192,254,2
193,254,0
194,254,0
195,254,2
196,254,2
197,254,0
198,254,0
199,254,2
200,254,2
201,254,0
202,254,0
203,254,2
204,254,2
205,254,0
206,254,0
207,254,2
208,254,2
209,254,0
210,254,0
211,254,1
212,254,1
213,254,0
214,254,0
215,254,1
216,254,1
217,254,0
218,254,0
219,254,1
220,254,1
221,254,0
222,254,0
223,254,1
224,254,1
225,254,0
226,254,0
227,254,1
228,254,1
229,254,0
230,254,0
231,254,1
232,254,1
233,254,0
234,254,0
235,254,1
236,254,1
237,254,0
238,254,0
239,254,1
240,254,1
241,254,0
242,254,0
243,254,1
244,254,1
245,254,0
246,254,0
247,254,1
248,254,1
249,254,0
250,254,0
251,254,1
252,254,1
253,254,0
254,254,0
255,254,1
0,255,1
1,255,0
2,255,0
3,255,1
4,255,1
5,255,0
6,255,0
7,255,1
8,255,1
9,255,0
10,255,0
11,255,1
12,255,1
13,255,0
14,255,0
15,255,1
16,255,1
17,255,0
18,255,0
19,255,1
20,255,1
21,255,0
22,255,0
23,255,1
24,255,1
25,255,0
26,255,0
27,255,1
28,255,1
29,255,0
30,255,0
31,255,1
32,255,1
33,255,0
34,255,0
35,255,1
36,255,1
37,255,0
38,255,0
39,255,1
40,255,1
41,255,0
42,255,0
43,255,1
44,255,1
45,255,0
46,255,0
47,255,1
48,255,1
49,255,0
50,255,0
51,255,2
52,255,2
53,255,0
54,255,0
55,255,2
56,255,2
57,255,0
58,255,0
59,255,2
60,255,2
61,255,0
62,255,0
63,255,2
64,255,2
65,255,0
66,255,0
67,255,2
68,255,2
69,255,0
70,255,0
71,255,2
72,255,2
73,255,0
74,255,0
75,255,2
76,255,2
77,255,0
78,255,0
79,255,2
80,255,2
81,255,0
82,255,0
83,255,2
84,255,2
85,255,0
86,255,0
87,255,2
88,255,2
89,255,0
90,255,0
91,255,2
92,255,2
93,255,0
94,255,0
95,255,2
96,255,2
97,255,0
98,255,0
99,255,2
100,255,2
101,255,0
102,255,0
103,255,2
104,255,2
105,255,0
106,255,0
107,255,2
108,255,2
109,255,0
110,255,0
111,255,2
112,255,2
113,255,0
114,255,0
115,255,2
116,255,2
117,255,0
118,255,0
119,255,2
120,255,2
121,255,0
122,255,0
123,255,2
124,255,2
125,255,0
126,255,0
127,255,2
128,255,2
129,255,0
130,255,0
131,255,2
132,255,2
133,255,0
134,255,0
135,255,2
136,255,2
137,255,0
138,255,0
139,255,2
140,255,2
141,255,0
142,255,0
143,255,2
144,255,2
145,255,0
146,255,0
147,255,2
148,255,2
149,255,0
150,255,0
151,255,2
152,255,2
153,255,0
154,255,0
155,255,2
156,255,2
157,255,0
158,255,0
159,255,2
160,255,2
161,255,0
162,255,0
163,255,2
164,255,2
165,255,0
166,255,0
167,255,2
168,255,2
169,255,0
170,255,0
171,255,2
172,255,2
173,255,0
174,255,0
175,255,2
176,255,2
177,255,0
178,255,0
179,255,2
180,255,2
181,255,0
182,255,0
183,255,2
184,255,2
185,255,0
186,255,0
187,255,2
188,255,2
189,255,0
190,255,0
191,255,2
192,255,2
193,255,0
194,255,0
195,255,2
196,255,2
197,255,0
198,255,0
199,255,2
200,255,2
201,255,0
202,255,0
203,255,2
204,255,2
205,255,0
206,255,0
207,255,1
208,255,1
209,255,0
210,255,0
211,255,1
212,255,1
213,255,0
214,255,0
215,255,1
216,255,1
217,255,0
218,255,0
219,255,1
220,255,1
221,255,0
222,255,0
223,255,1
224,255,1
225,255,0
226,255,0
227,255,1
228,255,1
229,255,0
230,255,0
231,255,1
232,255,1
233,255,0
234,255,0
235,255,1
236,255,1
237,255,0
238,255,0
239,255,1
240,255,1
241,255,0
242,255,0
243,255,1
244,255,1
245,255,0
246,255,0
247,255,1
248,255,1
249,255,0
250,255,0
251,255,1
252,255,1
253,255,0
254,255,0
255,255,1
