col,row,iters
0,0,2
1,0,2
2,0,2
3,0,2
4,0,2
5,0,2
6,0,2
7,0,2
8,0,2
9,0,2
10,0,2
11,0,2
12,0,2
13,0,2
14,0,2
15,0,2
16,0,2
17,0,2
18,0,2
19,0,2
20,0,2
21,0,2
22,0,2
23,0,2
24,0,2
25,0,2
26,0,2
27,0,2
28,0,2
29,0,2
30,0,2
31,0,2
32,0,2
33,0,2
34,0,2
35,0,2
36,0,2
37,0,2
38,0,2
39,0,2
40,0,2
41,0,2
42,0,2
43,0,2
44,0,2
45,0,2
46,0,2
47,0,2
48,0,2
49,0,2
50,0,2
51,0,2
52,0,2
53,0,2
54,0,2
55,0,2
56,0,2
57,0,2
58,0,2
59,0,2
60,0,2
61,0,2
62,0,2
63,0,2
64,0,2
65,0,2
66,0,2
67,0,2
68,0,2
69,0,2
70,0,2
71,0,2
72,0,2
73,0,2
74,0,2
75,0,2
76,0,2
77,0,2
78,0,2
79,0,2
80,0,2
81,0,2
82,0,2
83,0,2
84,0,2
85,0,2
86,0,2
87,0,2
88,0,2
89,0,3
90,0,3
91,0,3
92,0,3
93,0,3
94,0,3
95,0,3
96,0,3
97,0,3
98,0,3
99,0,3
100,0,3
101,0,3
102,0,3
103,0,3
104,0,3
105,0,3
106,0,3
107,0,3
108,0,3
109,0,3
110,0,3
111,0,3
112,0,3
113,0,3
114,0,3
115,0,3
116,0,3
117,0,3
118,0,3
119,0,3
120,0,3
121,0,3
122,0,3
123,0,3
124,0,3
125,0,3
126,0,3
127,0,3
128,0,3
129,0,3
130,0,3
131,0,3
132,0,3
133,0,3
134,0,3
135,0,3
136,0,3
137,0,3
138,0,3
139,0,3
140,0,3
141,0,3
142,0,3
143,0,3
144,0,3
145,0,3
146,0,3
147,0,3
148,0,3
149,0,3
150,0,3
151,0,3
152,0,3
153,0,3
154,0,3
155,0,3
156,0,3
157,0,3
158,0,3
159,0,3
160,0,3
161,0,3
162,0,3
163,0,3
164,0,3
165,0,3
166,0,3
167,0,3
168,0,3
169,0,3
170,0,3
171,0,3
172,0,3
173,0,3
174,0,3
175,0,3
176,0,3
177,0,3
178,0,3
179,0,3
180,0,3
181,0,3
182,0,3
183,0,3
184,0,3
185,0,3
186,0,3
187,0,3
188,0,3
189,0,3
190,0,3
191,0,3
192,0,3
193,0,2
194,0,2
195,0,2
196,0,2
197,0,2
198,0,2
199,0,2
200,0,2
201,0,2
202,0,2
203,0,2
204,0,2
205,0,2
206,0,2
207,0,2
208,0,2
209,0,2
210,0,2
211,0,2
212,0,2
213,0,2
214,0,2
215,0,2
216,0,2
217,0,2
218,0,2
219,0,2
220,0,2
221,0,2
222,0,2
223,0,2
224,0,2
225,0,2
226,0,2
227,0,2
228,0,2
229,0,2
230,0,2
231,0,2
232,0,2
233,0,2
234,0,2
235,0,2
236,0,2
237,0,2
238,0,2
239,0,2
240,0,2
241,0,2
242,0,2
243,0,2
244,0,2
245,0,2
246,0,2
247,0,2
248,0,2
249,0,2
250,0,2
251,0,2
252,0,2
253,0,2
254,0,2
255,0,2
0,1,2
1,1,2
2,1,2
3,1,2
4,1,2
5,1,2
6,1,2
7,1,2
8,1,2
9,1,2
10,1,2
11,1,2
12,1,2
13,1,2
14,1,2
15,1,2
16,1,2
17,1,2
18,1,2
19,1,2
20,1,2
21,1,2
22,1,2
23,1,2
24,1,2
25,1,2
26,1,2
27,1,2
28,1,2
29,1,2
30,1,2
31,1,2
32,1,2
33,1,2
34,1,2
35,1,2
36,1,2
37,1,2
38,1,2
39,1,2
40,1,2
41,1,2
42,1,2
43,1,2
44,1,2
45,1,2
46,1,2
47,1,2
48,1,2
49,1,2
50,1,2
51,1,2
52,1,2
53,1,2
54,1,2
55,1,2
56,1,2
57,1,2
58,1,2
59,1,2
60,1,2
61,1,2
62,1,2
63,1,2
64,1,2
65,1,2
66,1,2
67,1,2
68,1,2
69,1,2
70,1,2
71,1,2
72,1,2
73,1,2
74,1,2
75,1,2
76,1,2
77,1,2
78,1,2
79,1,2
80,1,2
81,1,2
82,1,2
83,1,2
84,1,2
85,1,2
86,1,2
87,1,2
88,1,3
89,1,3
90,1,3
91,1,3
92,1,3
93,1,3
94,1,3
95,1,3
96,1,3
97,1,3
98,1,3
99,1,3
100,1,3
101,1,3
102,1,3
103,1,3
104,1,3
105,1,3
106,1,3
107,1,3
108,1,3
109,1,3
110,1,3
111,1,3
112,1,3
113,1,3
114,1,3
115,1,3
116,1,3
117,1,3
118,1,3
119,1,3
120,1,3
121,1,3
122,1,3
123,1,3
124,1,3
125,1,3
126,1,3
127,1,3
128,1,3
129,1,3
130,1,3
131,1,3
132,1,3
133,1,3
134,1,3
135,1,3
136,1,3
137,1,3
138,1,3
139,1,3
140,1,3
141,1,3
142,1,3
143,1,3
144,1,3
145,1,3
146,1,3
147,1,3
148,1,3
149,1,3
150,1,3
151,1,3
152,1,3
153,1,3
154,1,3
155,1,3
156,1,3
157,1,3
158,1,3
159,1,3
160,1,3
161,1,3
162,1,3
163,1,3
164,1,3
165,1,3
166,1,3
167,1,3
168,1,3
169,1,3
170,1,3
171,1,3
172,1,3
173,1,3
174,1,3
175,1,3
176,1,3
177,1,3
178,1,3
179,1,3
180,1,3
181,1,3
182,1,3
183,1,3
184,1,3
185,1,3
186,1,3
187,1,3
188,1,3
189,1,3
190,1,3
191,1,3
192,1,3
193,1,3
194,1,2
195,1,2
196,1,2
197,1,2
198,1,2
199,1,2
200,1,2
201,1,2
202,1,2
203,1,2
204,1,2
205,1,2
206,1,2
207,1,2
208,1,2
209,1,2
210,1,2
211,1,2
212,1,2
213,1,2
214,1,2
215,1,2
216,1,2
217,1,2
218,1,2
219,1,2
220,1,2
221,1,2
222,1,2
223,1,2
224,1,2
225,1,2
226,1,2
227,1,2
228,1,2
229,1,2
230,1,2
231,1,2
232,1,2
233,1,2
234,1,2
235,1,2
236,1,2
237,1,2
238,1,2
239,1,2
240,1,2
241,1,2
242,1,2
243,1,2
244,1,2
245,1,2
246,1,2
247,1,2
248,1,2
249,1,2
250,1,2
251,1,2
252,1,2
253,1,2
254,1,2
255,1,2
0,2,2
1,2,2
2,2,2
3,2,2
4,2,2
5,2,2
6,2,2
7,2,2
8,2,2
9,2,2
10,2,2
11,2,2
12,2,2
13,2,2
14,2,2
15,2,2
16,2,2
17,2,2
18,2,2
19,2,2
20,2,2
21,2,2
22,2,2
23,2,2
24,2,2
25,2,2
26,2,2
27,2,2
28,2,2
29,2,2
30,2,2
31,2,2
32,2,2
33,2,2
34,2,2
35,2,2
36,2,2
37,2,2
38,2,2
39,2,2
40,2,2
41,2,2
42,2,2
43,2,2
44,2,2
45,2,2
46,2,2
47,2,2
48,2,2
49,2,2
50,2,2
51,2,2
52,2,2
53,2,2
54,2,2
55,2,2
56,2,2
57,2,2
58,2,2
59,2,2
60,2,2
61,2,2
62,2,2
63,2,2
64,2,2
65,2,2
66,2,2
67,2,2
68,2,2
69,2,2
70,2,2
71,2,2
72,2,2
73,2,2
74,2,2
75,2,2
76,2,2
77,2,2
78,2,2
79,2,2
80,2,2
81,2,2
82,2,2
83,2,2
84,2,2
85,2,2
86,2,3
87,2,3
88,2,3
89,2,3
90,2,3
91,2,3
92,2,3
93,2,3
94,2,3
95,2,3
96,2,3
97,2,3
98,2,3
99,2,3
100,2,3
101,2,3
102,2,3
103,2,3
104,2,3
105,2,3
106,2,3
107,2,3
108,2,3
109,2,3
110,2,3
111,2,3
112,2,3
113,2,3
114,2,3
115,2,3
116,2,3
117,2,3
118,2,3
119,2,3
120,2,3
121,2,3
122,2,3
123,2,3
124,2,3
125,2,3
126,2,3
127,2,3
128,2,3
129,2,3
130,2,3
131,2,3
132,2,3
133,2,3
134,2,3
135,2,3
136,2,3
137,2,3
138,2,3
139,2,3
140,2,3
141,2,3
142,2,3
143,2,3
144,2,3
145,2,3
146,2,3
147,2,3
148,2,3
149,2,3
150,2,3
151,2,3
152,2,3
153,2,3
154,2,3
155,2,3
156,2,3
157,2,3
158,2,3
159,2,3
160,2,3
161,2,3
162,2,3
163,2,3
164,2,3
165,2,3
166,2,3
167,2,3
168,2,3
169,2,3
170,2,3
171,2,3
172,2,3
173,2,3
174,2,3
175,2,3
176,2,3
177,2,3
178,2,3
179,2,3
180,2,3
181,2,3
182,2,3
183,2,3
184,2,3
185,2,3
186,2,3
187,2,3
188,2,3
189,2,3
190,2,3
191,2,3
192,2,3
193,2,3
194,2,3
195,2,2
196,2,2
197,2,2
198,2,2
199,2,2
200,2,2
201,2,2
202,2,2
203,2,2
204,2,2
205,2,2
206,2,2
207,2,2
208,2,2
209,2,2
210,2,2
211,2,2
212,2,2
213,2,2
214,2,2
215,2,2
216,2,2
217,2,2
218,2,2
219,2,2
220,2,2
221,2,2
222,2,2
223,2,2
224,2,2
225,2,2
226,2,2
227,2,2
228,2,2
229,2,2
230,2,2
231,2,2
232,2,2
233,2,2
234,2,2
235,2,2
236,2,2
237,2,2
238,2,2
239,2,2
240,2,2
241,2,2
242,2,2
243,2,2
244,2,2
245,2,2
246,2,2
247,2,2
248,2,2
249,2,2
250,2,2
251,2,2
252,2,2
253,2,2
254,2,2
255,2,2
0,3,2
1,3,2
2,3,2
3,3,2
4,3,2
5,3,2
6,3,2
7,3,2
8,3,2
9,3,2
10,3,2
11,3,2
12,3,2
13,3,2
14,3,2
15,3,2
16,3,2
17,3,2
18,3,2
19,3,2
20,3,2
21,3,2
22,3,2
23,3,2
24,3,2
25,3,2
26,3,2
27,3,2
28,3,2
29,3,2
30,3,2
31,3,2
32,3,2
33,3,2
34,3,2
35,3,2
36,3,2
37,3,2
38,3,2
39,3,2
40,3,2
41,3,2
42,3,2
43,3,2
44,3,2
45,3,2
46,3,2
47,3,2
48,3,2
49,3,2
50,3,2
51,3,2
52,3,2
53,3,2
54,3,2
55,3,2
56,3,2
57,3,2
58,3,2
59,3,2
60,3,2
61,3,2
62,3,2
63,3,2
64,3,2
65,3,2
66,3,2
67,3,2
68,3,2
69,3,2
70,3,2
71,3,2
72,3,2
73,3,2
74,3,2
75,3,2
76,3,2
77,3,2
78,3,2
79,3,2
80,3,2
81,3,2
82,3,2
83,3,2
84,3,2
85,3,3
86,3,3
87,3,3
88,3,3
89,3,3
90,3,3
91,3,3
92,3,3
93,3,3
94,3,3
95,3,3
96,3,3
97,3,3
98,3,3
99,3,3
100,3,3
101,3,3
102,3,3
103,3,3
104,3,3
105,3,3
106,3,3
107,3,3
108,3,3
109,3,3
110,3,3
111,3,3
112,3,3
113,3,3
114,3,3
115,3,3
116,3,3
117,3,3
118,3,3
119,3,3
120,3,3
121,3,3
122,3,3
123,3,3
124,3,3
125,3,3
126,3,3
127,3,3
128,3,3
129,3,3
130,3,3
131,3,3
132,3,3
133,3,3
134,3,3
135,3,3
136,3,3
137,3,3
138,3,3
139,3,3
140,3,3
141,3,3
142,3,3
143,3,3
144,3,3
145,3,3
146,3,3
147,3,3
148,3,3
149,3,3
150,3,3
151,3,3
152,3,3
153,3,3
154,3,3
155,3,3
156,3,3
157,3,3
158,3,3
159,3,3
160,3,3
161,3,3
162,3,3
163,3,3
164,3,3
165,3,3
166,3,3
167,3,3
168,3,3
169,3,3
170,3,3
171,3,3
172,3,3
173,3,3
174,3,3
175,3,3
176,3,3
177,3,3
178,3,3
179,3,3
180,3,3
181,3,3
182,3,3
183,3,3
184,3,3
185,3,3
186,3,3
187,3,3
188,3,3
189,3,3
190,3,3
191,3,3
192,3,3
193,3,3
194,3,3
195,3,3
196,3,2
197,3,2
198,3,2
199,3,2
200,3,2
201,3,2
202,3,2
203,3,2
204,3,2
205,3,2
206,3,2
207,3,2
208,3,2
209,3,2
210,3,2
211,3,2
212,3,2
213,3,2
214,3,2
215,3,2
216,3,2
217,3,2
218,3,2
219,3,2
220,3,2
221,3,2
222,3,2
223,3,2
224,3,2
225,3,2
226,3,2
227,3,2
228,3,2
229,3,2
230,3,2
231,3,2
232,3,2
233,3,2
234,3,2
235,3,2
236,3,2
237,3,2
238,3,2
239,3,2
240,3,2
241,3,2
242,3,2
243,3,2
244,3,2
245,3,2
246,3,2
247,3,2
248,3,2
249,3,2
250,3,2
251,3,2
252,3,2
253,3,2
254,3,2
255,3,2
0,4,2
1,4,2
2,4,2
3,4,2
4,4,2
5,4,2
6,4,2
7,4,2
8,4,2
9,4,2
10,4,2
11,4,2
12,4,2
13,4,2
14,4,2
15,4,2
16,4,2
17,4,2
18,4,2
19,4,2
20,4,2
21,4,2
22,4,2
23,4,2
24,4,2
25,4,2
26,4,2
27,4,2
28,4,2
29,4,2
30,4,2
31,4,2
32,4,2
33,4,2
34,4,2
35,4,2
36,4,2
37,4,2
38,4,2
39,4,2
40,4,2
41,4,2
42,4,2
43,4,2
44,4,2
45,4,2
46,4,2
47,4,2
48,4,2
49,4,2
50,4,2
51,4,2
52,4,2
53,4,2
54,4,2
55,4,2
56,4,2
57,4,2
58,4,2
59,4,2
60,4,2
61,4,2
62,4,2
63,4,2
64,4,2
65,4,2
66,4,2
67,4,2
68,4,2
69,4,2
70,4,2
71,4,2
72,4,2
73,4,2
74,4,2
75,4,2
76,4,2
77,4,2
78,4,2
79,4,2
80,4,2
81,4,2
82,4,2
83,4,2
84,4,3
85,4,3
86,4,3
87,4,3
88,4,3
89,4,3
90,4,3
91,4,3
92,4,3
93,4,3
94,4,3
95,4,3
96,4,3
97,4,3
98,4,3
99,4,3
100,4,3
101,4,3
102,4,3
103,4,3
104,4,3
105,4,3
106,4,3
107,4,3
108,4,3
109,4,3
110,4,3
111,4,3
112,4,3
113,4,3
114,4,3
115,4,3
116,4,3
117,4,3
118,4,3
119,4,3
120,4,3
121,4,3
122,4,3
123,4,3
124,4,3
125,4,3
126,4,3
127,4,3
128,4,3
129,4,3
130,4,3
131,4,3
132,4,3
133,4,3
134,4,3
135,4,3
136,4,3
137,4,3
138,4,3
139,4,3
140,4,3
141,4,3
142,4,3
143,4,3
144,4,3
145,4,3
146,4,3
147,4,3
148,4,3
149,4,3
150,4,3
151,4,3
152,4,3
153,4,3
154,4,3
155,4,3
156,4,3
157,4,3
158,4,3
159,4,3
160,4,3
161,4,3
162,4,3
163,4,3
164,4,3
165,4,3
166,4,3
167,4,3
168,4,3
169,4,3
170,4,3
171,4,3
172,4,3
173,4,3
174,4,3
175,4,3
176,4,3
177,4,3
178,4,3
179,4,3
180,4,3
181,4,3
182,4,3
183,4,3
184,4,3
185,4,3
186,4,3
187,4,3
188,4,3
189,4,3
190,4,3
191,4,3
192,4,3
193,4,3
194,4,3
195,4,3
196,4,3
197,4,3
198,4,2
199,4,2
200,4,2
201,4,2
202,4,2
203,4,2
204,4,2
205,4,2
206,4,2
207,4,2
208,4,2
209,4,2
210,4,2
211,4,2
212,4,2
213,4,2
214,4,2
215,4,2
216,4,2
217,4,2
218,4,2
219,4,2
220,4,2
221,4,2
222,4,2
223,4,2
224,4,2
225,4,2
226,4,2
227,4,2
228,4,2
229,4,2
230,4,2
231,4,2
232,4,2
233,4,2
234,4,2
235,4,2
236,4,2
237,4,2
238,4,2
239,4,2
240,4,2
241,4,2
242,4,2
243,4,2
244,4,2
245,4,2
246,4,2
247,4,2
248,4,2
249,4,2
250,4,2
251,4,2
252,4,2
253,4,2
254,4,2
255,4,2
0,5,2
1,5,2
2,5,2
3,5,2
4,5,2
5,5,2
6,5,2
7,5,2
8,5,2
9,5,2
10,5,2
11,5,2
12,5,2
13,5,2
14,5,2
15,5,2
16,5,2
17,5,2
18,5,2
19,5,2
20,5,2
21,5,2
22,5,2
23,5,2
24,5,2
25,5,2
26,5,2
27,5,2
28,5,2
29,5,2
30,5,2
31,5,2
32,5,2
33,5,2
34,5,2
35,5,2
36,5,2
37,5,2
38,5,2
39,5,2
40,5,2
41,5,2
42,5,2
43,5,2
44,5,2
45,5,2
46,5,2
47,5,2
48,5,2
49,5,2
50,5,2
51,5,2
52,5,2
53,5,2
54,5,2
55,5,2
56,5,2
57,5,2
58,5,2
59,5,2
60,5,2
61,5,2
62,5,2
63,5,2
64,5,2
65,5,2
66,5,2
67,5,2
68,5,2
69,5,2
70,5,2
71,5,2
72,5,2
73,5,2
74,5,2
75,5,2
76,5,2
77,5,2
78,5,2
79,5,2
80,5,2
81,5,2
82,5,3
83,5,3
84,5,3
85,5,3
86,5,3
87,5,3
88,5,3
89,5,3
90,5,3
91,5,3
92,5,3
93,5,3
94,5,3
95,5,3
96,5,3
97,5,3
98,5,3
99,5,3
100,5,3
101,5,3
102,5,3
103,5,3
104,5,3
105,5,3
106,5,3
107,5,3
108,5,3
109,5,3
110,5,3
111,5,3
112,5,3
113,5,3
114,5,3
115,5,3
116,5,3
117,5,3
118,5,3
119,5,3
120,5,3
121,5,3
122,5,3
123,5,3
124,5,3
125,5,3
126,5,3
127,5,3
128,5,3
129,5,3
130,5,3
131,5,3
132,5,3
133,5,3
134,5,3
135,5,3
136,5,3
137,5,3
138,5,3
139,5,3
140,5,3
141,5,3
142,5,3
143,5,3
144,5,3
145,5,3
146,5,3
147,5,3
148,5,3
149,5,3
150,5,3
151,5,3
152,5,3
153,5,3
154,5,3
155,5,3
156,5,3
157,5,3
158,5,3
159,5,3
160,5,3
161,5,3
162,5,3
163,5,3
164,5,3
165,5,3
166,5,3
167,5,3
168,5,3
169,5,3
170,5,3
171,5,3
172,5,3
173,5,3
174,5,3
175,5,3
176,5,3
177,5,3
178,5,3
179,5,3
180,5,3
181,5,3
182,5,3
183,5,3
184,5,3
185,5,3
186,5,3
187,5,3
188,5,3
189,5,3
190,5,3
191,5,3
192,5,3
193,5,3
194,5,3
195,5,3
196,5,3
197,5,3
198,5,3
199,5,2
200,5,2
201,5,2
202,5,2
203,5,2
204,5,2
205,5,2
206,5,2
207,5,2
208,5,2
209,5,2
210,5,2
211,5,2
212,5,2
213,5,2
214,5,2
215,5,2
216,5,2
217,5,2
218,5,2
219,5,2
220,5,2
221,5,2
222,5,2
223,5,2
224,5,2
225,5,2
226,5,2
227,5,2
228,5,2
229,5,2
230,5,2
231,5,2
232,5,2
233,5,2
234,5,2
235,5,2
236,5,2
237,5,2
238,5,2
239,5,2
240,5,2
241,5,2
242,5,2
243,5,2
244,5,2
245,5,2
246,5,2
247,5,2
248,5,2
249,5,2
250,5,2
251,5,2
252,5,2
253,5,2
254,5,2
255,5,2
0,6,2
1,6,2
2,6,2
3,6,2
4,6,2
5,6,2
6,6,2
7,6,2
8,6,2
9,6,2
10,6,2
11,6,2
12,6,2
13,6,2
14,6,2
15,6,2
16,6,2
17,6,2
18,6,2
19,6,2
20,6,2
21,6,2
22,6,2
23,6,2
24,6,2
25,6,2
26,6,2
27,6,2
28,6,2
29,6,2
30,6,2
31,6,2
32,6,2
33,6,2
34,6,2
35,6,2
36,6,2
37,6,2
38,6,2
39,6,2
40,6,2
41,6,2
42,6,2
43,6,2
44,6,2
45,6,2
46,6,2
47,6,2
48,6,2
49,6,2
50,6,2
51,6,2
52,6,2
53,6,2
54,6,2
55,6,2
56,6,2
57,6,2
58,6,2
59,6,2
60,6,2
61,6,2
62,6,2
63,6,2
64,6,2
65,6,2
66,6,2
67,6,2
68,6,2
69,6,2
70,6,2
71,6,2
72,6,2
73,6,2
74,6,2
75,6,2
76,6,2
77,6,2
78,6,2
79,6,2
80,6,2
81,6,3
82,6,3
83,6,3
84,6,3
85,6,3
86,6,3
87,6,3
88,6,3
89,6,3
90,6,3
91,6,3
92,6,3
93,6,3
94,6,3
95,6,3
96,6,3
97,6,3
98,6,3
99,6,3
100,6,3
101,6,3
102,6,3
103,6,3
104,6,3
105,6,3
106,6,3
107,6,3
108,6,3
109,6,3
110,6,3
111,6,3
112,6,3
113,6,3
114,6,3
115,6,3
116,6,3
117,6,3
118,6,3
119,6,3
120,6,3
121,6,3
122,6,3
123,6,3
124,6,3
125,6,3
126,6,3
127,6,3
128,6,3
129,6,3
130,6,3
131,6,3
132,6,3
133,6,3
134,6,3
135,6,3
136,6,3
137,6,3
138,6,3
139,6,3
140,6,3
141,6,3
142,6,3
143,6,3
144,6,3
145,6,3
146,6,3
147,6,3
148,6,3
149,6,3
150,6,3
151,6,3
152,6,3
153,6,3
154,6,3
155,6,3
156,6,3
157,6,3
158,6,3
159,6,3
160,6,3
161,6,3
162,6,3
163,6,3
164,6,3
165,6,3
166,6,3
167,6,3
168,6,3
169,6,3
170,6,3
171,6,3
172,6,3
173,6,3
174,6,3
175,6,3
176,6,3
177,6,3
178,6,3
179,6,3
180,6,3
181,6,3
182,6,3
183,6,3
184,6,3
185,6,3
186,6,3
187,6,3
188,6,3
189,6,3
190,6,3
191,6,3
192,6,3
193,6,3
194,6,3
195,6,3
196,6,3
197,6,3
198,6,3
199,6,3
200,6,2
201,6,2
202,6,2
203,6,2
204,6,2
205,6,2
206,6,2
207,6,2
208,6,2
209,6,2
210,6,2
211,6,2
212,6,2
213,6,2
214,6,2
215,6,2
216,6,2
217,6,2
218,6,2
219,6,2
220,6,2
221,6,2
222,6,2
223,6,2
224,6,2
225,6,2
226,6,2
227,6,2
228,6,2
229,6,2
230,6,2
231,6,2
232,6,2
233,6,2
234,6,2
235,6,2
236,6,2
237,6,2
238,6,2
239,6,2
240,6,2
241,6,2
242,6,2
243,6,2
244,6,2
245,6,2
246,6,2
247,6,2
248,6,2
249,6,2
250,6,2
251,6,2
252,6,2
253,6,2
254,6,2
255,6,2
0,7,2
1,7,2
2,7,2
3,7,2
4,7,2
5,7,2
6,7,2
7,7,2
8,7,2
9,7,2
10,7,2
11,7,2
12,7,2
13,7,2
14,7,2
15,7,2
16,7,2
17,7,2
18,7,2
19,7,2
20,7,2
21,7,2
22,7,2
23,7,2
24,7,2
25,7,2
26,7,2
27,7,2
28,7,2
29,7,2
30,7,2
31,7,2
32,7,2
33,7,2
34,7,2
35,7,2
36,7,2
37,7,2
38,7,2
39,7,2
40,7,2
41,7,2
42,7,2
43,7,2
44,7,2
45,7,2
46,7,2
47,7,2
48,7,2
49,7,2
50,7,2
51,7,2
52,7,2
53,7,2
54,7,2
55,7,2
56,7,2
57,7,2
58,7,2
59,7,2
60,7,2
61,7,2
62,7,2
63,7,2
64,7,2
65,7,2
66,7,2
67,7,2
68,7,2
69,7,2
70,7,2
71,7,2
72,7,2
73,7,2
74,7,2
75,7,2
76,7,2
77,7,2
78,7,2
79,7,3
80,7,3
81,7,3
82,7,3
83,7,3
84,7,3
85,7,3
86,7,3
87,7,3
88,7,3
89,7,3
90,7,3
91,7,3
92,7,3
93,7,3
94,7,3
95,7,3
96,7,3
97,7,3
98,7,3
99,7,3
100,7,3
101,7,3
102,7,3
103,7,3
104,7,3
105,7,3
106,7,3
107,7,3
108,7,3
109,7,3
110,7,3
111,7,3
112,7,3
113,7,3
114,7,3
115,7,3
116,7,3
117,7,3
118,7,3
119,7,3
120,7,3
121,7,3
122,7,3
123,7,3
124,7,3
125,7,3
126,7,3
127,7,3
128,7,3
129,7,3
130,7,3
131,7,3
132,7,3
133,7,3
134,7,3
135,7,3
136,7,3
137,7,3
138,7,3
139,7,3
140,7,3
141,7,3
142,7,3
143,7,3
144,7,3
145,7,3
146,7,3
147,7,3
148,7,3
149,7,3
150,7,3
151,7,3
152,7,3
153,7,3
154,7,3
155,7,3
156,7,3
157,7,3
158,7,3
159,7,3
160,7,3
161,7,3
162,7,3
163,7,3
164,7,3
165,7,3
166,7,3
167,7,3
168,7,3
169,7,3
170,7,3
171,7,3
172,7,3
173,7,3
174,7,3
175,7,3
176,7,3
177,7,3
178,7,3
179,7,3
180,7,3
181,7,3
182,7,3
183,7,3
184,7,3
185,7,3
186,7,3
187,7,3
188,7,3
189,7,3
190,7,3
191,7,3
192,7,3
193,7,3
194,7,3
195,7,3
196,7,3
197,7,3
198,7,3
199,7,3
200,7,3
201,7,2
202,7,2
203,7,2
204,7,2
205,7,2
206,7,2
207,7,2
208,7,2
209,7,2
210,7,2
211,7,2
212,7,2
213,7,2
214,7,2
215,7,2
216,7,2
217,7,2
218,7,2
219,7,2
220,7,2
221,7,2
222,7,2
223,7,2
224,7,2
225,7,2
226,7,2
227,7,2
228,7,2
229,7,2
230,7,2
231,7,2
232,7,2
233,7,2
234,7,2
235,7,2
236,7,2
237,7,2
238,7,2
239,7,2
240,7,2
241,7,2
242,7,2
243,7,2
244,7,2
245,7,2
246,7,2
247,7,2
248,7,2
249,7,2
250,7,2
251,7,2
252,7,2
253,7,2
254,7,2
255,7,2
0,8,2
1,8,2
2,8,2
3,8,2
4,8,2
5,8,2
6,8,2
7,8,2
8,8,2
9,8,2
10,8,2
11,8,2
12,8,2
13,8,2
14,8,2
15,8,2
16,8,2
17,8,2
18,8,2
19,8,2
20,8,2
21,8,2
22,8,2
23,8,2
24,8,2
25,8,2
26,8,2
27,8,2
28,8,2
29,8,2
30,8,2
31,8,2
32,8,2
33,8,2
34,8,2
35,8,2
36,8,2
37,8,2
38,8,2
39,8,2
40,8,2
41,8,2
42,8,2
43,8,2
44,8,2
45,8,2
46,8,2
47,8,2
48,8,2
49,8,2
50,8,2
51,8,2
52,8,2
53,8,2
54,8,2
55,8,2
56,8,2
57,8,2
58,8,2
59,8,2
60,8,2
61,8,2
62,8,2
63,8,2
64,8,2
65,8,2
66,8,2
67,8,2
68,8,2
69,8,2
70,8,2
71,8,2
72,8,2
73,8,2
74,8,2
75,8,2
76,8,2
77,8,2
78,8,3
79,8,3
80,8,3
81,8,3
82,8,3
83,8,3
84,8,3
85,8,3
86,8,3
87,8,3
88,8,3
89,8,3
90,8,3
91,8,3
92,8,3
93,8,3
94,8,3
95,8,3
96,8,3
97,8,3
98,8,3
99,8,3
100,8,3
101,8,3
102,8,3
103,8,3
104,8,3
105,8,3
106,8,3
107,8,3
108,8,3
109,8,3
110,8,3
111,8,3
112,8,3
113,8,3
114,8,3
115,8,3
116,8,3
117,8,3
118,8,3
119,8,3
120,8,3
121,8,3
122,8,3
123,8,3
124,8,3
125,8,3
126,8,3
127,8,3
128,8,3
129,8,3
130,8,3
131,8,3
132,8,3
133,8,3
134,8,3
135,8,3
136,8,3
137,8,3
138,8,3
139,8,3
140,8,3
141,8,3
142,8,3
143,8,3
144,8,3
145,8,3
146,8,3
147,8,3
148,8,3
149,8,3
150,8,3
151,8,3
152,8,3
153,8,3
154,8,3
155,8,3
156,8,3
157,8,3
158,8,3
159,8,3
160,8,3
161,8,3
162,8,3
163,8,3
164,8,3
165,8,3
166,8,3
167,8,3
168,8,3
169,8,3
170,8,3
171,8,3
172,8,3
173,8,3
174,8,3
175,8,3
176,8,3
177,8,3
178,8,3
179,8,3
180,8,3
181,8,3
182,8,3
183,8,3
184,8,3
185,8,3
186,8,3
187,8,3
188,8,3
189,8,3
190,8,3
191,8,3
192,8,3
193,8,3
194,8,3
195,8,3
196,8,3
197,8,3
198,8,3
199,8,3
200,8,3
201,8,3
202,8,2
203,8,2
204,8,2
205,8,2
206,8,2
207,8,2
208,8,2
209,8,2
210,8,2
211,8,2
212,8,2
213,8,2
214,8,2
215,8,2
216,8,2
217,8,2
218,8,2
219,8,2
220,8,2
221,8,2
222,8,2
223,8,2
224,8,2
225,8,2
226,8,2
227,8,2
228,8,2
229,8,2
230,8,2
231,8,2
232,8,2
233,8,2
234,8,2
235,8,2
236,8,2
237,8,2
238,8,2
239,8,2
240,8,2
241,8,2
242,8,2
243,8,2
244,8,2
245,8,2
246,8,2
247,8,2
248,8,2
249,8,2
250,8,2
251,8,2
252,8,2
253,8,2
254,8,2
255,8,2
0,9,2
1,9,2
2,9,2
3,9,2
4,9,2
5,9,2
6,9,2
7,9,2
8,9,2
9,9,2
10,9,2
11,9,2
12,9,2
13,9,2
14,9,2
15,9,2
16,9,2
17,9,2
18,9,2
19,9,2
20,9,2
21,9,2
22,9,2
23,9,2
24,9,2
25,9,2
26,9,2
27,9,2
28,9,2
29,9,2
30,9,2
31,9,2
32,9,2
33,9,2
34,9,2
35,9,2
36,9,2
37,9,2
38,9,2
39,9,2
40,9,2
41,9,2
42,9,2
43,9,2
44,9,2
45,9,2
46,9,2
47,9,2
48,9,2
49,9,2
50,9,2
51,9,2
52,9,2
53,9,2
54,9,2
55,9,2
56,9,2
57,9,2
58,9,2
59,9,2
60,9,2
61,9,2
62,9,2
63,9,2
64,9,2
65,9,2
66,9,2
67,9,2
68,9,2
69,9,2
70,9,2
71,9,2
72,9,2
73,9,2
74,9,2
75,9,2
76,9,3
77,9,3
78,9,3
79,9,3
80,9,3
81,9,3
82,9,3
83,9,3
84,9,3
85,9,3
86,9,3
87,9,3
88,9,3
89,9,3
90,9,3
91,9,3
92,9,3
93,9,3
94,9,3
95,9,3
96,9,3
97,9,3
98,9,3
99,9,3
100,9,3
101,9,3
102,9,3
103,9,3
104,9,3
105,9,3
106,9,3
107,9,3
108,9,3
109,9,3
110,9,3
111,9,3
112,9,3
113,9,3
114,9,3
115,9,3
116,9,3
117,9,3
118,9,3
119,9,3
120,9,3
121,9,3
122,9,3
123,9,3
124,9,3
125,9,3
126,9,3
127,9,3
128,9,3
129,9,3
130,9,3
131,9,3
132,9,3
133,9,3
134,9,3
135,9,3
136,9,3
137,9,3
138,9,3
139,9,3
140,9,3
141,9,3
142,9,3
143,9,3
144,9,3
145,9,3
146,9,3
147,9,3
148,9,3
149,9,3
150,9,3
151,9,3
152,9,3
153,9,3
154,9,3
155,9,3
156,9,3
157,9,3
158,9,3
159,9,3
160,9,3
161,9,3
162,9,3
163,9,3
164,9,3
165,9,3
166,9,3
167,9,3
168,9,3
169,9,3
170,9,3
171,9,3
172,9,3
173,9,3
174,9,3
175,9,3
176,9,3
177,9,3
178,9,3
179,9,3
180,9,3
181,9,3
182,9,3
183,9,3
184,9,3
185,9,3
186,9,3
187,9,3
188,9,3
189,9,3
190,9,3
191,9,3
192,9,3
193,9,3
194,9,3
195,9,3
196,9,3
197,9,3
198,9,3
199,9,3
200,9,3
201,9,3
202,9,3
203,9,2
204,9,2
205,9,2
206,9,2
207,9,2
208,9,2
209,9,2
210,9,2
211,9,2
212,9,2
213,9,2
214,9,2
215,9,2
216,9,2
217,9,2
218,9,2
219,9,2
220,9,2
221,9,2
222,9,2
223,9,2
224,9,2
225,9,2
226,9,2
227,9,2
228,9,2
229,9,2
230,9,2
231,9,2
232,9,2
233,9,2
234,9,2
235,9,2
236,9,2
237,9,2
238,9,2
239,9,2
240,9,2
241,9,2
242,9,2
243,9,2
244,9,2
245,9,2
246,9,2
247,9,2
248,9,2
249,9,2
250,9,2
251,9,2
252,9,2
253,9,2
254,9,2
255,9,2
0,10,2
1,10,2
2,10,2
3,10,2
4,10,2
5,10,2
6,10,2
7,10,2
8,10,2
9,10,2
10,10,2
11,10,2
12,10,2
13,10,2
14,10,2
15,10,2
16,10,2
17,10,2
18,10,2
19,10,2
20,10,2
21,10,2
22,10,2
23,10,2
24,10,2
25,10,2
26,10,2
27,10,2
28,10,2
29,10,2
30,10,2
31,10,2
32,10,2
33,10,2
34,10,2
35,10,2
36,10,2
37,10,2
38,10,2
39,10,2
40,10,2
41,10,2
42,10,2
43,10,2
44,10,2
45,10,2
46,10,2
47,10,2
48,10,2
49,10,2
50,10,2
51,10,2
52,10,2
53,10,2
54,10,2
55,10,2
56,10,2
57,10,2
58,10,2
59,10,2
60,10,2
61,10,2
62,10,2
63,10,2
64,10,2
65,10,2
66,10,2
67,10,2
68,10,2
69,10,2
70,10,2
71,10,2
72,10,2
73,10,2
74,10,2
75,10,3
76,10,3
77,10,3
78,10,3
79,10,3
80,10,3
81,10,3
82,10,3
83,10,3
84,10,3
85,10,3
86,10,3
87,10,3
88,10,3
89,10,3
90,10,3
91,10,3
92,10,3
93,10,3
94,10,3
95,10,3
96,10,3
97,10,3
98,10,3
99,10,3
100,10,3
101,10,3
102,10,3
103,10,3
104,10,3
105,10,3
106,10,3
107,10,3
108,10,3
109,10,3
110,10,3
111,10,3
112,10,3
113,10,3
114,10,3
115,10,3
116,10,3
117,10,3
118,10,3
119,10,3
120,10,3
121,10,3
122,10,3
123,10,3
124,10,3
125,10,3
126,10,3
127,10,3
128,10,3
129,10,3
130,10,3
131,10,3
132,10,3
133,10,3
134,10,3
135,10,3
136,10,3
137,10,3
138,10,3
139,10,3
140,10,3
141,10,3
142,10,3
143,10,3
144,10,3
145,10,3
146,10,3
147,10,3
148,10,3
149,10,3
150,10,3
151,10,3
152,10,3
153,10,3
154,10,3
155,10,3
156,10,3
157,10,3
158,10,3
159,10,3
160,10,3
161,10,3
162,10,3
163,10,3
164,10,3
165,10,3
166,10,3
167,10,3
168,10,3
169,10,3
170,10,3
171,10,3
172,10,3
173,10,3
174,10,3
175,10,3
176,10,3
177,10,3
178,10,3
179,10,3
180,10,3
181,10,3
182,10,3
183,10,3
184,10,3
185,10,3
186,10,3
187,10,3
188,10,3
189,10,3
190,10,3
191,10,3
192,10,3
193,10,3
194,10,3
195,10,3
196,10,3
197,10,3
198,10,3
199,10,3
200,10,3
201,10,3
202,10,3
203,10,3
204,10,2
205,10,2
206,10,2
207,10,2
208,10,2
209,10,2
210,10,2
211,10,2
212,10,2
213,10,2
214,10,2
215,10,2
216,10,2
217,10,2
218,10,2
219,10,2
220,10,2
221,10,2
222,10,2
223,10,2
224,10,2
225,10,2
226,10,2
227,10,2
228,10,2
229,10,2
230,10,2
231,10,2
232,10,2
233,10,2
234,10,2
235,10,2
236,10,2
237,10,2
238,10,2
239,10,2
240,10,2
241,10,2
242,10,2
243,10,2
244,10,2
245,10,2
246,10,2
247,10,2
248,10,2
249,10,2
250,10,2
251,10,2
252,10,2
253,10,2
254,10,2
255,10,2
0,11,2
1,11,2
2,11,2
3,11,2
4,11,2
5,11,2
6,11,2
7,11,2
8,11,2
9,11,2
10,11,2
11,11,2
12,11,2
13,11,2
14,11,2
15,11,2
16,11,2
17,11,2
18,11,2
19,11,2
20,11,2
21,11,2
22,11,2
23,11,2
24,11,2
25,11,2
26,11,2
27,11,2
28,11,2
29,11,2
30,11,2
31,11,2
32,11,2
33,11,2
34,11,2
35,11,2
36,11,2
37,11,2
38,11,2
39,11,2
40,11,2
41,11,2
42,11,2
43,11,2
44,11,2
45,11,2
46,11,2
47,11,2
48,11,2
49,11,2
50,11,2
51,11,2
52,11,2
53,11,2
54,11,2
55,11,2
56,11,2
57,11,2
58,11,2
59,11,2
60,11,2
61,11,2
62,11,2
63,11,2
64,11,2
65,11,2
66,11,2
67,11,2
68,11,2
69,11,2
70,11,2
71,11,2
72,11,2
73,11,3
74,11,3
75,11,3
76,11,3
77,11,3
78,11,3
79,11,3
80,11,3
81,11,3
82,11,3
83,11,3
84,11,3
85,11,3
86,11,3
87,11,3
88,11,3
89,11,3
90,11,3
91,11,3
92,11,3
93,11,3
94,11,3
95,11,3
96,11,3
97,11,3
98,11,3
99,11,3
100,11,3
101,11,3
102,11,3
103,11,3
104,11,3
105,11,3
106,11,3
107,11,3
108,11,3
109,11,3
110,11,3
111,11,3
112,11,3
113,11,3
114,11,3
115,11,3
116,11,3
117,11,3
118,11,3
119,11,3
120,11,3
121,11,3
122,11,3
123,11,3
124,11,3
125,11,3
126,11,3
127,11,3
128,11,3
129,11,3
130,11,3
131,11,3
132,11,3
133,11,3
134,11,3
135,11,3
136,11,3
137,11,3
138,11,3
139,11,3
140,11,3
141,11,3
142,11,3
143,11,3
144,11,3
145,11,3
146,11,3
147,11,3
148,11,3
149,11,3
150,11,3
151,11,3
152,11,3
153,11,3
154,11,3
155,11,3
156,11,3
157,11,3
158,11,3
159,11,3
160,11,3
161,11,3
162,11,3
163,11,3
164,11,3
165,11,3
166,11,3
167,11,3
168,11,3
169,11,3
170,11,3
171,11,3
172,11,3
173,11,3
174,11,3
175,11,3
176,11,3
177,11,3
178,11,3
179,11,3
180,11,3
181,11,3
182,11,3
183,11,3
184,11,3
185,11,3
186,11,3
187,11,3
188,11,3
189,11,3
190,11,3
191,11,3
192,11,3
193,11,3
194,11,3
195,11,3
196,11,3
197,11,3
198,11,3
199,11,3
200,11,3
201,11,3
202,11,3
203,11,3
204,11,3
205,11,2
206,11,2
207,11,2
208,11,2
209,11,2
210,11,2
211,11,2
212,11,2
213,11,2
214,11,2
215,11,2
216,11,2
217,11,2
218,11,2
219,11,2
220,11,2
221,11,2
222,11,2
223,11,2
224,11,2
225,11,2
226,11,2
227,11,2
228,11,2
229,11,2
230,11,2
231,11,2
232,11,2
233,11,2
234,11,2
235,11,2
236,11,2
237,11,2
238,11,2
239,11,2
240,11,2
241,11,2
242,11,2
243,11,2
244,11,2
245,11,2
246,11,2
247,11,2
248,11,2
249,11,2
250,11,2
251,11,2
252,11,2
253,11,2
254,11,2
255,11,2
0,12,2
1,12,2
2,12,2
3,12,2
4,12,2
5,12,2
6,12,2
7,12,2
8,12,2
9,12,2
10,12,2
11,12,2
12,12,2
13,12,2
14,12,2
15,12,2
16,12,2
17,12,2
18,12,2
19,12,2
20,12,2
21,12,2
22,12,2
23,12,2
24,12,2
25,12,2
26,12,2
27,12,2
28,12,2
29,12,2
30,12,2
31,12,2
32,12,2
33,12,2
34,12,2
35,12,2
36,12,2
37,12,2
38,12,2
39,12,2
40,12,2
41,12,2
42,12,2
43,12,2
44,12,2
45,12,2
46,12,2
47,12,2
48,12,2
49,12,2
50,12,2
51,12,2
52,12,2
53,12,2
54,12,2
55,12,2
56,12,2
57,12,2
58,12,2
59,12,2
60,12,2
61,12,2
62,12,2
63,12,2
64,12,2
65,12,2
66,12,2
67,12,2
68,12,2
69,12,2
70,12,2
71,12,3
72,12,3
73,12,3
74,12,3
75,12,3
76,12,3
77,12,3
78,12,3
79,12,3
80,12,3
81,12,3
82,12,3
83,12,3
84,12,3
85,12,3
86,12,3
87,12,3
88,12,3
89,12,3
90,12,3
91,12,3
92,12,3
93,12,3
94,12,3
95,12,3
96,12,3
97,12,3
98,12,3
99,12,3
100,12,3
101,12,3
102,12,3
103,12,3
104,12,3
105,12,3
106,12,3
107,12,3
108,12,3
109,12,3
110,12,3
111,12,3
112,12,3
113,12,3
114,12,3
115,12,3
116,12,3
117,12,3
118,12,3
119,12,3
120,12,3
121,12,3
122,12,3
123,12,3
124,12,3
125,12,3
126,12,3
127,12,3
128,12,3
129,12,3
130,12,3
131,12,3
132,12,3
133,12,3
134,12,3
135,12,3
136,12,3
137,12,3
138,12,3
139,12,3
140,12,3
141,12,3
142,12,3
143,12,3
144,12,3
145,12,3
146,12,3
147,12,3
148,12,3
149,12,3
150,12,3
151,12,3
152,12,3
153,12,3
154,12,3
155,12,3
156,12,3
157,12,3
158,12,3
159,12,3
160,12,3
161,12,3
162,12,3
163,12,3
164,12,3
165,12,3
166,12,3
167,12,3
168,12,3
169,12,3
170,12,3
171,12,3
172,12,3
173,12,3
174,12,3
175,12,3
176,12,3
177,12,3
178,12,3
179,12,3
180,12,3
181,12,3
182,12,3
183,12,3
184,12,3
185,12,3
186,12,3
187,12,3
188,12,3
189,12,3
190,12,3
191,12,3
192,12,3
193,12,3
194,12,3
195,12,3
196,12,3
197,12,3
198,12,3
199,12,3
200,12,3
201,12,3
202,12,3
203,12,3
204,12,3
205,12,3
206,12,2
207,12,2
208,12,2
209,12,2
210,12,2
211,12,2
212,12,2
213,12,2
214,12,2
215,12,2
216,12,2
217,12,2
218,12,2
219,12,2
220,12,2
221,12,2
222,12,2
223,12,2
224,12,2
225,12,2
226,12,2
227,12,2
228,12,2
229,12,2
230,12,2
231,12,2
232,12,2
233,12,2
234,12,2
235,12,2
236,12,2
237,12,2
238,12,2
239,12,2
240,12,2
241,12,2
242,12,2
243,12,2
244,12,2
245,12,2
246,12,2
247,12,2
248,12,2
249,12,2
250,12,2
251,12,2
252,12,2
253,12,2
254,12,2
255,12,2
0,13,2
1,13,2
2,13,2
3,13,2
4,13,2
5,13,2
6,13,2
7,13,2
8,13,2
9,13,2
10,13,2
11,13,2
12,13,2
13,13,2
14,13,2
15,13,2
16,13,2
17,13,2
18,13,2
19,13,2
20,13,2
21,13,2
22,13,2
23,13,2
24,13,2
25,13,2
26,13,2
27,13,2
28,13,2
29,13,2
30,13,2
31,13,2
32,13,2
33,13,2
34,13,2
35,13,2
36,13,2
37,13,2
38,13,2
39,13,2
40,13,2
41,13,2
42,13,2
43,13,2
44,13,2
45,13,2
46,13,2
47,13,2
48,13,2
49,13,2
50,13,2
51,13,2
52,13,2
53,13,2
54,13,2
55,13,2
56,13,2
57,13,2
58,13,2
59,13,2
60,13,2
61,13,2
62,13,2
63,13,2
64,13,2
65,13,2
66,13,2
67,13,2
68,13,2
69,13,2
70,13,3
71,13,3
72,13,3
73,13,3
74,13,3
75,13,3
76,13,3
77,13,3
78,13,3
79,13,3
80,13,3
81,13,3
82,13,3
83,13,3
84,13,3
85,13,3
86,13,3
87,13,3
88,13,3
89,13,3
90,13,3
91,13,3
92,13,3
93,13,3
94,13,3
95,13,3
96,13,3
97,13,3
98,13,3
99,13,3
100,13,3
101,13,3
102,13,3
103,13,3
104,13,3
105,13,3
106,13,3
107,13,3
108,13,3
109,13,3
110,13,3
111,13,3
112,13,3
113,13,3
114,13,3
115,13,3
116,13,3
117,13,3
118,13,3
119,13,3
120,13,3
121,13,3
122,13,3
123,13,3
124,13,3
125,13,3
126,13,3
127,13,3
128,13,3
129,13,3
130,13,3
131,13,3
132,13,3
133,13,3
134,13,3
135,13,3
136,13,3
137,13,3
138,13,3
139,13,3
140,13,3
141,13,3
142,13,3
143,13,3
144,13,3
145,13,3
146,13,3
147,13,3
148,13,3
149,13,3
150,13,3
151,13,3
152,13,3
153,13,3
154,13,3
155,13,3
156,13,3
157,13,3
158,13,3
159,13,3
160,13,3
161,13,3
162,13,3
163,13,3
164,13,3
165,13,3
166,13,3
167,13,3
168,13,3
169,13,3
170,13,3
171,13,3
172,13,3
173,13,3
174,13,3
175,13,3
176,13,3
177,13,3
178,13,3
179,13,3
180,13,3
181,13,3
182,13,3
183,13,3
184,13,3
185,13,3
186,13,3
187,13,3
188,13,3
189,13,3
190,13,3
191,13,3
192,13,3
193,13,3
194,13,3
195,13,3
196,13,3
197,13,3
198,13,3
199,13,3
200,13,3
201,13,3
202,13,3
203,13,3
204,13,3
205,13,3
206,13,3
207,13,2
208,13,2
209,13,2
210,13,2
211,13,2
212,13,2
213,13,2
214,13,2
215,13,2
216,13,2
217,13,2
218,13,2
219,13,2
220,13,2
221,13,2
222,13,2
223,13,2
224,13,2
225,13,2
226,13,2
227,13,2
228,13,2
229,13,2
230,13,2
231,13,2
232,13,2
233,13,2
234,13,2
235,13,2
236,13,2
237,13,2
238,13,2
239,13,2
240,13,2
241,13,2
242,13,2
243,13,2
244,13,2
245,13,2
246,13,2
247,13,2
248,13,2
249,13,2
250,13,2
251,13,2
252,13,2
253,13,2
254,13,2
255,13,2
0,14,2
1,14,2
2,14,2
3,14,2
4,14,2
5,14,2
6,14,2
7,14,2
8,14,2
9,14,2
10,14,2
11,14,2
12,14,2
13,14,2
14,14,2
15,14,2
16,14,2
17,14,2
18,14,2
19,14,2
20,14,2
21,14,2
22,14,2
23,14,2
24,14,2
25,14,2
26,14,2
27,14,2
28,14,2
29,14,2
30,14,2
31,14,2
32,14,2
33,14,2
34,14,2
35,14,2
36,14,2
37,14,2
38,14,2
39,14,2
40,14,2
41,14,2
42,14,2
43,14,2
44,14,2
45,14,2
46,14,2
47,14,2
48,14,2
49,14,2
50,14,2
51,14,2
52,14,2
53,14,2
54,14,2
55,14,2
56,14,2
57,14,2
58,14,2
59,14,2
60,14,2
61,14,2
62,14,2
63,14,2
64,14,2
65,14,2
66,14,2
67,14,2
68,14,3
69,14,3
70,14,3
71,14,3
72,14,3
73,14,3
74,14,3
75,14,3
76,14,3
77,14,3
78,14,3
79,14,3
80,14,3
81,14,3
82,14,3
83,14,3
84,14,3
85,14,3
86,14,3
87,14,3
88,14,3
89,14,3
90,14,3
91,14,3
92,14,3
93,14,3
94,14,3
95,14,3
96,14,3
97,14,3
98,14,3
99,14,3
100,14,3
101,14,3
102,14,3
103,14,3
104,14,3
105,14,3
106,14,3
107,14,3
108,14,3
109,14,3
110,14,3
111,14,3
112,14,3
113,14,3
114,14,3
115,14,3
116,14,3
117,14,3
118,14,3
119,14,3
120,14,3
121,14,3
122,14,3
123,14,3
124,14,3
125,14,3
126,14,3
127,14,3
128,14,3
129,14,3
130,14,3
131,14,3
132,14,3
133,14,3
134,14,3
135,14,3
136,14,3
137,14,3
138,14,3
139,14,3
140,14,3
141,14,3
142,14,3
143,14,3
144,14,3
145,14,3
146,14,3
147,14,3
148,14,3
149,14,3
150,14,3
151,14,3
152,14,3
153,14,3
154,14,3
155,14,3
156,14,3
157,14,3
158,14,3
159,14,3
160,14,3
161,14,3
162,14,3
163,14,3
164,14,3
165,14,3
166,14,3
167,14,3
168,14,3
169,14,3
170,14,3
171,14,3
172,14,3
173,14,3
174,14,3
175,14,3
176,14,3
177,14,3
178,14,3
179,14,3
180,14,3
181,14,3
182,14,3
183,14,3
184,14,3
185,14,3
186,14,3
187,14,3
188,14,3
189,14,3
190,14,3
191,14,3
192,14,3
193,14,3
194,14,3
195,14,3
196,14,3
197,14,3
198,14,3
199,14,3
200,14,3
201,14,3
202,14,3
203,14,3
204,14,3
205,14,3
206,14,3
207,14,3
208,14,2
209,14,2
210,14,2
211,14,2
212,14,2
213,14,2
214,14,2
215,14,2
216,14,2
217,14,2
218,14,2
219,14,2
220,14,2
221,14,2
222,14,2
223,14,2
224,14,2
225,14,2
226,14,2
227,14,2
228,14,2
229,14,2
230,14,2
231,14,2
232,14,2
233,14,2
234,14,2
235,14,2
236,14,2
237,14,2
238,14,2
239,14,2
240,14,2
241,14,2
242,14,2
243,14,2
244,14,2
245,14,2
246,14,2
247,14,2
248,14,2
249,14,2
250,14,2
251,14,2
252,14,2
253,14,2
254,14,2
255,14,2
0,15,2
1,15,2
2,15,2
3,15,2
4,15,2
5,15,2
6,15,2
7,15,2
8,15,2
9,15,2
10,15,2
11,15,2
12,15,2
13,15,2
14,15,2
15,15,2
16,15,2
17,15,2
18,15,2
19,15,2
20,15,2
21,15,2
22,15,2
23,15,2
24,15,2
25,15,2
26,15,2
27,15,2
28,15,2
29,15,2
30,15,2
31,15,2
32,15,2
33,15,2
34,15,2
35,15,2
36,15,2
37,15,2
38,15,2
39,15,2
40,15,2
41,15,2
42,15,2
43,15,2
44,15,2
45,15,2
46,15,2
47,15,2
48,15,2
49,15,2
50,15,2
51,15,2
52,15,2
53,15,2
54,15,2
55,15,2
56,15,2
57,15,2
58,15,2
59,15,2
60,15,2
61,15,2
62,15,2
63,15,2
64,15,2
65,15,2
66,15,3
67,15,3
68,15,3
69,15,3
70,15,3
71,15,3
72,15,3
73,15,3
74,15,3
75,15,3
76,15,3
77,15,3
78,15,3
79,15,3
80,15,3
81,15,3
82,15,3
83,15,3
84,15,3
85,15,3
86,15,3
87,15,3
88,15,3
89,15,3
90,15,3
91,15,3
92,15,3
93,15,3
94,15,3
95,15,3
96,15,3
97,15,3
98,15,3
99,15,3
100,15,3
101,15,3
102,15,3
103,15,3
104,15,3
105,15,3
106,15,3
107,15,3
108,15,3
109,15,3
110,15,3
111,15,3
112,15,3
113,15,3
114,15,3
115,15,3
116,15,3
117,15,3
118,15,3
119,15,3
120,15,3
121,15,3
122,15,3
123,15,3
124,15,3
125,15,3
126,15,3
127,15,3
128,15,3
129,15,3
130,15,3
131,15,3
132,15,3
133,15,3
134,15,3
135,15,3
136,15,3
137,15,3
138,15,3
139,15,3
140,15,3
141,15,3
142,15,3
143,15,3
144,15,3
145,15,3
146,15,3
147,15,3
148,15,3
149,15,3
150,15,3
151,15,3
152,15,3
153,15,3
154,15,3
155,15,3
156,15,3
157,15,3
158,15,3
159,15,3
160,15,3
161,15,3
162,15,3
163,15,3
164,15,3
165,15,3
166,15,3
167,15,3
168,15,3
169,15,3
170,15,3
171,15,3
172,15,3
173,15,3
174,15,3
175,15,3
176,15,3
177,15,3
178,15,3
179,15,3
180,15,3
181,15,3
182,15,3
183,15,3
184,15,3
185,15,3
186,15,3
187,15,3
188,15,3
189,15,3
190,15,3
191,15,3
192,15,3
193,15,3
194,15,3
195,15,3
196,15,3
197,15,3
198,15,3
199,15,3
200,15,3
201,15,3
202,15,3
203,15,3
204,15,3
205,15,3
206,15,3
207,15,3
208,15,3
209,15,2
210,15,2
211,15,2
212,15,2
213,15,2
214,15,2
215,15,2
216,15,2
217,15,2
218,15,2
219,15,2
220,15,2
221,15,2
222,15,2
223,15,2
224,15,2
225,15,2
226,15,2
227,15,2
228,15,2
229,15,2
230,15,2
231,15,2
232,15,2
233,15,2
234,15,2
235,15,2
236,15,2
237,15,2
238,15,2
239,15,2
240,15,2
241,15,2
242,15,2
243,15,2
244,15,2
245,15,2
246,15,2
247,15,2
248,15,2
249,15,2
250,15,2
251,15,2
252,15,2
253,15,2
254,15,2
255,15,2
0,16,2
1,16,2
2,16,2
3,16,2
4,16,2
5,16,2
6,16,2
7,16,2
8,16,2
9,16,2
10,16,2
11,16,2
12,16,2
13,16,2
14,16,2
15,16,2
16,16,2
17,16,2
18,16,2
19,16,2
20,16,2
21,16,2
22,16,2
23,16,2
24,16,2
25,16,2
26,16,2
27,16,2
28,16,2
29,16,2
30,16,2
31,16,2
32,16,2
33,16,2
34,16,2
35,16,2
36,16,2
37,16,2
38,16,2
39,16,2
40,16,2
41,16,2
42,16,2
43,16,2
44,16,2
45,16,2
46,16,2
47,16,2
48,16,2
49,16,2
50,16,2
51,16,2
52,16,2
53,16,2
54,16,2
55,16,2
56,16,2
57,16,2
58,16,2
59,16,2
60,16,2
61,16,2
62,16,2
63,16,2
64,16,2
65,16,3
66,16,3
67,16,3
68,16,3
69,16,3
70,16,3
71,16,3
72,16,3
73,16,3
74,16,3
75,16,3
76,16,3
77,16,3
78,16,3
79,16,3
80,16,3
81,16,3
82,16,3
83,16,3
84,16,3
85,16,3
86,16,3
87,16,3
88,16,3
89,16,3
90,16,3
91,16,3
92,16,3
93,16,3
94,16,3
95,16,3
96,16,3
97,16,3
98,16,3
99,16,3
100,16,3
101,16,3
102,16,3
103,16,3
104,16,3
105,16,3
106,16,3
107,16,3
108,16,3
109,16,3
110,16,3
111,16,3
112,16,3
113,16,3
114,16,3
115,16,3
116,16,3
117,16,3
118,16,3
119,16,3
120,16,3
121,16,3
122,16,3
123,16,3
124,16,3
125,16,3
126,16,3
127,16,3
128,16,3
129,16,3
130,16,3
131,16,3
132,16,3
133,16,3
134,16,3
135,16,3
136,16,3
137,16,3
138,16,3
139,16,3
140,16,3
141,16,3
142,16,3
143,16,3
144,16,3
145,16,3
146,16,3
147,16,3
148,16,3
149,16,3
150,16,3
151,16,3
152,16,3
153,16,3
154,16,3
155,16,3
156,16,3
157,16,3
158,16,3
159,16,3
160,16,3
161,16,3
162,16,3
163,16,3
164,16,3
165,16,3
166,16,3
167,16,3
168,16,3
169,16,3
170,16,3
171,16,3
172,16,3
173,16,3
174,16,3
175,16,3
176,16,3
177,16,3
178,16,3
179,16,3
180,16,3
181,16,3
182,16,3
183,16,3
184,16,3
185,16,3
186,16,3
187,16,3
188,16,3
189,16,3
190,16,3
191,16,3
192,16,3
193,16,3
194,16,3
195,16,3
196,16,3
197,16,3
198,16,3
199,16,3
200,16,3
201,16,3
202,16,3
203,16,3
204,16,3
205,16,3
206,16,3
207,16,3
208,16,3
209,16,3
210,16,2
211,16,2
212,16,2
213,16,2
214,16,2
215,16,2
216,16,2
217,16,2
218,16,2
219,16,2
220,16,2
221,16,2
222,16,2
223,16,2
224,16,2
225,16,2
226,16,2
227,16,2
228,16,2
229,16,2
230,16,2
231,16,2
232,16,2
233,16,2
234,16,2
235,16,2
236,16,2
237,16,2
238,16,2
239,16,2
240,16,2
241,16,2
242,16,2
243,16,2
244,16,2
245,16,2
246,16,2
247,16,2
248,16,2
249,16,2
250,16,2
251,16,2
252,16,2
253,16,2
254,16,2
255,16,2
0,17,2
1,17,2
2,17,2
3,17,2
4,17,2
5,17,2
6,17,2
7,17,2
8,17,2
9,17,2
10,17,2
11,17,2
12,17,2
13,17,2
14,17,2
15,17,2
16,17,2
17,17,2
18,17,2
19,17,2
20,17,2
21,17,2
22,17,2
23,17,2
24,17,2
25,17,2
26,17,2
27,17,2
28,17,2
29,17,2
30,17,2
31,17,2
32,17,2
33,17,2
34,17,2
35,17,2
36,17,2
37,17,2
38,17,2
39,17,2
40,17,2
41,17,2
42,17,2
43,17,2
44,17,2
45,17,2
46,17,2
47,17,2
48,17,2
49,17,2
50,17,2
51,17,2
52,17,2
53,17,2
54,17,2
55,17,2
56,17,2
57,17,2
58,17,2
59,17,2
60,17,2
61,17,2
62,17,2
63,17,3
64,17,3
65,17,3
66,17,3
67,17,3
68,17,3
69,17,3
70,17,3
71,17,3
72,17,3
73,17,3
74,17,3
75,17,3
76,17,3
77,17,3
78,17,3
79,17,3
80,17,3
81,17,3
82,17,3
83,17,3
84,17,3
85,17,3
86,17,3
87,17,3
88,17,3
89,17,3
90,17,3
91,17,3
92,17,3
93,17,3
94,17,3
95,17,3
96,17,3
97,17,3
98,17,3
99,17,3
100,17,3
101,17,3
102,17,3
103,17,3
104,17,3
105,17,3
106,17,3
107,17,3
108,17,3
109,17,3
110,17,3
111,17,3
112,17,3
113,17,3
114,17,3
115,17,3
116,17,3
117,17,3
118,17,3
119,17,3
120,17,3
121,17,3
122,17,3
123,17,3
124,17,3
125,17,3
126,17,3
127,17,3
128,17,3
129,17,3
130,17,3
131,17,3
132,17,3
133,17,3
134,17,3
135,17,3
136,17,3
137,17,3
138,17,3
139,17,3
140,17,3
141,17,3
142,17,3
143,17,3
144,17,3
145,17,3
146,17,3
147,17,3
148,17,3
149,17,3
150,17,3
151,17,3
152,17,3
153,17,3
154,17,3
155,17,3
156,17,3
157,17,3
158,17,3
159,17,3
160,17,3
161,17,3
162,17,3
163,17,3
164,17,3
165,17,3
166,17,3
167,17,3
168,17,3
169,17,3
170,17,3
171,17,3
172,17,3
173,17,3
174,17,3
175,17,3
176,17,3
177,17,3
178,17,3
179,17,3
180,17,3
181,17,3
182,17,3
183,17,3
184,17,3
185,17,3
186,17,3
187,17,3
188,17,3
189,17,3
190,17,3
191,17,3
192,17,3
193,17,3
194,17,3
195,17,3
196,17,3
197,17,3
198,17,3
199,17,3
200,17,3
201,17,3
202,17,3
203,17,3
204,17,3
205,17,3
206,17,3
207,17,3
208,17,3
209,17,3
210,17,3
211,17,2
212,17,2
213,17,2
214,17,2
215,17,2
216,17,2
217,17,2
218,17,2
219,17,2
220,17,2
221,17,2
222,17,2
223,17,2
224,17,2
225,17,2
226,17,2
227,17,2
228,17,2
229,17,2
230,17,2
231,17,2
232,17,2
233,17,2
234,17,2
235,17,2
236,17,2
237,17,2
238,17,2
239,17,2
240,17,2
241,17,2
242,17,2
243,17,2
244,17,2
245,17,2
246,17,2
247,17,2
248,17,2
249,17,2
250,17,2
251,17,2
252,17,2
253,17,2
254,17,2
255,17,2
0,18,2
1,18,2
2,18,2
3,18,2
4,18,2
5,18,2
6,18,2
7,18,2
8,18,2
9,18,2
10,18,2
11,18,2
12,18,2
13,18,2
14,18,2
15,18,2
16,18,2
17,18,2
18,18,2
19,18,2
20,18,2
21,18,2
22,18,2
23,18,2
24,18,2
25,18,2
26,18,2
27,18,2
28,18,2
29,18,2
30,18,2
31,18,2
32,18,2
33,18,2
34,18,2
35,18,2
36,18,2
37,18,2
38,18,2
39,18,2
40,18,2
41,18,2
42,18,2
43,18,2
44,18,2
45,18,2
46,18,2
47,18,2
48,18,2
49,18,2
50,18,2
51,18,2
52,18,2
53,18,2
54,18,2
55,18,2
56,18,2
57,18,2
58,18,2
59,18,2
60,18,2
61,18,3
62,18,3
63,18,3
64,18,3
65,18,3
66,18,3
67,18,3
68,18,3
69,18,3
70,18,3
71,18,3
72,18,3
73,18,3
74,18,3
75,18,3
76,18,3
77,18,3
78,18,3
79,18,3
80,18,3
81,18,3
82,18,3
83,18,3
84,18,3
85,18,3
86,18,3
87,18,3
88,18,3
89,18,3
90,18,3
91,18,3
92,18,3
93,18,3
94,18,3
95,18,3
96,18,3
97,18,3
98,18,3
99,18,3
100,18,3
101,18,3
102,18,3
103,18,3
104,18,3
105,18,3
106,18,3
107,18,3
108,18,3
109,18,3
110,18,3
111,18,3
112,18,3
113,18,3
114,18,3
115,18,3
116,18,3
117,18,3
118,18,3
119,18,3
120,18,3
121,18,3
122,18,3
123,18,3
124,18,3
125,18,3
126,18,3
127,18,3
128,18,3
129,18,3
130,18,3
131,18,3
132,18,3
133,18,3
134,18,3
135,18,3
136,18,3
137,18,3
138,18,3
139,18,3
140,18,3
141,18,3
142,18,3
143,18,3
144,18,3
145,18,3
146,18,3
147,18,3
148,18,3
149,18,3
150,18,3
151,18,3
152,18,3
153,18,3
154,18,3
155,18,3
156,18,3
157,18,3
158,18,3
159,18,3
160,18,3
161,18,3
162,18,3
163,18,3
164,18,3
165,18,3
166,18,3
167,18,3
168,18,3
169,18,3
170,18,3
171,18,3
172,18,3
173,18,3
174,18,3
175,18,3
176,18,3
177,18,3
178,18,3
179,18,3
180,18,3
181,18,3
182,18,3
183,18,3
184,18,3
185,18,3
186,18,3
187,18,3
188,18,3
189,18,3
190,18,3
191,18,3
192,18,3
193,18,3
194,18,3
195,18,3
196,18,3
197,18,3
198,18,3
199,18,3
200,18,3
201,18,3
202,18,3
203,18,3
204,18,3
205,18,3
206,18,3
207,18,3
208,18,3
209,18,3
210,18,3
211,18,3
212,18,2
213,18,2
214,18,2
215,18,2
216,18,2
217,18,2
218,18,2
219,18,2
220,18,2
221,18,2
222,18,2
223,18,2
224,18,2
225,18,2
226,18,2
227,18,2
228,18,2
229,18,2
230,18,2
231,18,2
232,18,2
233,18,2
234,18,2
235,18,2
236,18,2
237,18,2
238,18,2
239,18,2
240,18,2
241,18,2
242,18,2
243,18,2
244,18,2
245,18,2
246,18,2
247,18,2
248,18,2
249,18,2
250,18,2
251,18,2
252,18,2
253,18,2
254,18,2
255,18,2
0,19,2
1,19,2
2,19,2
3,19,2
4,19,2
5,19,2
6,19,2
7,19,2
8,19,2
9,19,2
10,19,2
11,19,2
12,19,2
13,19,2
14,19,2
15,19,2
16,19,2
17,19,2
18,19,2
19,19,2
20,19,2
21,19,2
22,19,2
23,19,2
24,19,2
25,19,2
26,19,2
27,19,2
28,19,2
29,19,2
30,19,2
31,19,2
32,19,2
33,19,2
34,19,2
35,19,2
36,19,2
37,19,2
38,19,2
39,19,2
40,19,2
41,19,2
42,19,2
43,19,2
44,19,2
45,19,2
46,19,2
47,19,2
48,19,2
49,19,2
50,19,2
51,19,2
52,19,2
53,19,2
54,19,2
55,19,2
56,19,2
57,19,2
58,19,2
59,19,3
60,19,3
61,19,3
62,19,3
63,19,3
64,19,3
65,19,3
66,19,3
67,19,3
68,19,3
69,19,3
70,19,3
71,19,3
72,19,3
73,19,3
74,19,3
75,19,3
76,19,3
77,19,3
78,19,3
79,19,3
80,19,3
81,19,3
82,19,3
83,19,3
84,19,3
85,19,3
86,19,3
87,19,3
88,19,3
89,19,3
90,19,3
91,19,3
92,19,3
93,19,3
94,19,3
95,19,3
96,19,3
97,19,3
98,19,3
99,19,3
100,19,3
101,19,3
102,19,3
103,19,3
104,19,3
105,19,3
106,19,3
107,19,3
108,19,3
109,19,3
110,19,3
111,19,3
112,19,3
113,19,3
114,19,3
115,19,3
116,19,3
117,19,3
118,19,3
119,19,3
120,19,3
121,19,3
122,19,3
123,19,3
124,19,3
125,19,3
126,19,3
127,19,3
128,19,3
129,19,3
130,19,3
131,19,3
132,19,3
133,19,3
134,19,3
135,19,3
136,19,3
137,19,3
138,19,3
139,19,3
140,19,3
141,19,3
142,19,3
143,19,3
144,19,3
145,19,3
146,19,3
147,19,3
148,19,3
149,19,3
150,19,3
151,19,3
152,19,3
153,19,3
154,19,3
155,19,3
156,19,3
157,19,3
158,19,3
159,19,3
160,19,3
161,19,3
162,19,3
163,19,3
164,19,3
165,19,3
166,19,3
167,19,3
168,19,3
169,19,3
170,19,3
171,19,3
172,19,3
173,19,3
174,19,3
175,19,3
176,19,3
177,19,3
178,19,3
179,19,3
180,19,3
181,19,3
182,19,3
183,19,3
184,19,3
185,19,3
186,19,3
187,19,3
188,19,3
189,19,3
190,19,3
191,19,3
192,19,3
193,19,3
194,19,3
195,19,3
196,19,3
197,19,3
198,19,3
199,19,3
200,19,3
201,19,3
202,19,3
203,19,3
204,19,3
205,19,3
206,19,3
207,19,3
208,19,3
209,19,3
210,19,3
211,19,3
212,19,3
213,19,2
214,19,2
215,19,2
216,19,2
217,19,2
218,19,2
219,19,2
220,19,2
221,19,2
222,19,2
223,19,2
224,19,2
225,19,2
226,19,2
227,19,2
228,19,2
229,19,2
230,19,2
231,19,2
232,19,2
233,19,2
234,19,2
235,19,2
236,19,2
237,19,2
238,19,2
239,19,2
240,19,2
241,19,2
242,19,2
243,19,2
244,19,2
245,19,2
246,19,2
247,19,2
248,19,2
249,19,2
250,19,2
251,19,2
252,19,2
253,19,2
254,19,2
255,19,2
0,20,2
1,20,2
2,20,2
3,20,2
4,20,2
5,20,2
6,20,2
7,20,2
8,20,2
9,20,2
10,20,2
11,20,2
12,20,2
13,20,2
14,20,2
15,20,2
16,20,2
17,20,2
18,20,2
19,20,2
20,20,2
21,20,2
22,20,2
23,20,2
24,20,2
25,20,2
26,20,2
27,20,2
28,20,2
29,20,2
30,20,2
31,20,2
32,20,2
33,20,2
34,20,2
35,20,2
36,20,2
37,20,2
38,20,2
39,20,2
40,20,2
41,20,2
42,20,2
43,20,2
44,20,2
45,20,2
46,20,2
47,20,2
48,20,2
49,20,2
50,20,2
51,20,2
52,20,2
53,20,2
54,20,2
55,20,2
56,20,2
57,20,2
58,20,3
59,20,3
60,20,3
61,20,3
62,20,3
63,20,3
64,20,3
65,20,3
66,20,3
67,20,3
68,20,3
69,20,3
70,20,3
71,20,3
72,20,3
73,20,3
74,20,3
75,20,3
76,20,3
77,20,3
78,20,3
79,20,3
80,20,3
81,20,3
82,20,3
83,20,3
84,20,3
85,20,3
86,20,3
87,20,3
88,20,3
89,20,3
90,20,3
91,20,3
92,20,3
93,20,3
94,20,3
95,20,3
96,20,3
97,20,3
98,20,3
99,20,3
100,20,3
101,20,3
102,20,3
103,20,3
104,20,3
105,20,3
106,20,3
107,20,3
108,20,3
109,20,3
110,20,3
111,20,3
112,20,3
113,20,3
114,20,3
115,20,3
116,20,3
117,20,3
118,20,3
119,20,3
120,20,3
121,20,3
122,20,3
123,20,3
124,20,3
125,20,3
126,20,3
127,20,3
128,20,3
129,20,3
130,20,3
131,20,3
132,20,3
133,20,3
134,20,3
135,20,3
136,20,3
137,20,3
138,20,3
139,20,3
140,20,3
141,20,3
142,20,3
143,20,3
144,20,3
145,20,3
146,20,3
147,20,3
148,20,3
149,20,3
150,20,3
151,20,3
152,20,3
153,20,3
154,20,3
155,20,3
156,20,3
157,20,3
158,20,3
159,20,3
160,20,3
161,20,3
162,20,3
163,20,3
164,20,3
165,20,3
166,20,3
167,20,3
168,20,3
169,20,3
170,20,3
171,20,3
172,20,3
173,20,3
174,20,3
175,20,3
176,20,3
177,20,3
178,20,3
179,20,3
180,20,3
181,20,3
182,20,3
183,20,3
184,20,3
185,20,3
186,20,3
187,20,3
188,20,3
189,20,3
190,20,3
191,20,3
192,20,3
193,20,3
194,20,3
195,20,3
196,20,3
197,20,3
198,20,3
199,20,3
200,20,3
201,20,3
202,20,3
203,20,3
204,20,3
205,20,3
206,20,3
207,20,3
208,20,3
209,20,3
210,20,3
211,20,3
212,20,3
213,20,3
214,20,2
215,20,2
216,20,2
217,20,2
218,20,2
219,20,2
220,20,2
221,20,2
222,20,2
223,20,2
224,20,2
225,20,2
226,20,2
227,20,2
228,20,2
229,20,2
230,20,2
231,20,2
232,20,2
233,20,2
234,20,2
235,20,2
236,20,2
237,20,2
238,20,2
239,20,2
240,20,2
241,20,2
242,20,2
243,20,2
244,20,2
245,20,2
246,20,2
247,20,2
248,20,2
249,20,2
250,20,2
251,20,2
252,20,2
253,20,2
254,20,2
255,20,2
0,21,2
1,21,2
2,21,2
3,21,2
4,21,2
5,21,2
6,21,2
7,21,2
8,21,2
9,21,2
10,21,2
11,21,2
12,21,2
13,21,2
14,21,2
15,21,2
16,21,2
17,21,2
18,21,2
19,21,2
20,21,2
21,21,2
22,21,2
23,21,2
24,21,2
25,21,2
26,21,2
27,21,2
28,21,2
29,21,2
30,21,2
31,21,2
32,21,2
33,21,2
34,21,2
35,21,2
36,21,2
37,21,2
38,21,2
39,21,2
40,21,2
41,21,2
42,21,2
43,21,2
44,21,2
45,21,2
46,21,2
47,21,2
48,21,2
49,21,2
50,21,2
51,21,2
52,21,2
53,21,2
54,21,2
55,21,2
56,21,3
57,21,3
58,21,3
59,21,3
60,21,3
61,21,3
62,21,3
63,21,3
64,21,3
65,21,3
66,21,3
67,21,3
68,21,3
69,21,3
70,21,3
71,21,3
72,21,3
73,21,3
74,21,3
75,21,3
76,21,3
77,21,3
78,21,3
79,21,3
80,21,3
81,21,3
82,21,3
83,21,3
84,21,3
85,21,3
86,21,3
87,21,3
88,21,3
89,21,3
90,21,3
91,21,3
92,21,3
93,21,3
94,21,3
95,21,3
96,21,3
97,21,3
98,21,3
99,21,3
100,21,3
101,21,3
102,21,3
103,21,3
104,21,3
105,21,3
106,21,3
107,21,3
108,21,3
109,21,3
110,21,3
111,21,3
112,21,3
113,21,3
114,21,3
115,21,3
116,21,3
117,21,3
118,21,3
119,21,3
120,21,3
121,21,3
122,21,3
123,21,3
124,21,3
125,21,3
126,21,3
127,21,3
128,21,4
129,21,4
130,21,4
131,21,4
132,21,3
133,21,3
134,21,3
135,21,3
136,21,3
137,21,3
138,21,3
139,21,3
140,21,3
141,21,3
142,21,3
143,21,3
144,21,3
145,21,3
146,21,3
147,21,3
148,21,3
149,21,3
150,21,3
151,21,3
152,21,3
153,21,3
154,21,3
155,21,3
156,21,3
157,21,3
158,21,3
159,21,3
160,21,3
161,21,3
162,21,3
163,21,3
164,21,3
165,21,3
166,21,3
167,21,3
168,21,3
169,21,3
170,21,3
171,21,3
172,21,3
173,21,3
174,21,3
175,21,3
176,21,3
177,21,3
178,21,3
179,21,3
180,21,3
181,21,3
182,21,3
183,21,3
184,21,3
185,21,3
186,21,3
187,21,3
188,21,3
189,21,3
190,21,3
191,21,3
192,21,3
193,21,3
194,21,3
195,21,3
196,21,3
197,21,3
198,21,3
199,21,3
200,21,3
201,21,3
202,21,3
203,21,3
204,21,3
205,21,3
206,21,3
207,21,3
208,21,3
209,21,3
210,21,3
211,21,3
212,21,3
213,21,3
214,21,3
215,21,2
216,21,2
217,21,2
218,21,2
219,21,2
220,21,2
221,21,2
222,21,2
223,21,2
224,21,2
225,21,2
226,21,2
227,21,2
228,21,2
229,21,2
230,21,2
231,21,2
232,21,2
233,21,2
234,21,2
235,21,2
236,21,2
237,21,2
238,21,2
239,21,2
240,21,2
241,21,2
242,21,2
243,21,2
244,21,2
245,21,2
246,21,2
247,21,2
248,21,2
249,21,2
250,21,2
251,21,2
252,21,2
253,21,2
254,21,2
255,21,2
0,22,2
1,22,2
2,22,2
3,22,2
4,22,2
5,22,2
6,22,2
7,22,2
8,22,2
9,22,2
10,22,2
11,22,2
12,22,2
13,22,2
14,22,2
15,22,2
16,22,2
17,22,2
18,22,2
19,22,2
20,22,2
21,22,2
22,22,2
23,22,2
24,22,2
25,22,2
26,22,2
27,22,2
28,22,2
29,22,2
30,22,2
31,22,2
32,22,2
33,22,2
34,22,2
35,22,2
36,22,2
37,22,2
38,22,2
39,22,2
40,22,2
41,22,2
42,22,2
43,22,2
44,22,2
45,22,2
46,22,2
47,22,2
48,22,2
49,22,2
50,22,2
51,22,2
52,22,2
53,22,2
54,22,3
55,22,3
56,22,3
57,22,3
58,22,3
59,22,3
60,22,3
61,22,3
62,22,3
63,22,3
64,22,3
65,22,3
66,22,3
67,22,3
68,22,3
69,22,3
70,22,3
71,22,3
72,22,3
73,22,3
74,22,3
75,22,3
76,22,3
77,22,3
78,22,3
79,22,3
80,22,3
81,22,3
82,22,3
83,22,3
84,22,3
85,22,3
86,22,3
87,22,3
88,22,3
89,22,3
90,22,3
91,22,3
92,22,3
93,22,3
94,22,3
95,22,3
96,22,3
97,22,3
98,22,3
99,22,3
100,22,3
101,22,3
102,22,3
103,22,3
104,22,3
105,22,3
106,22,3
107,22,3
108,22,3
109,22,3
110,22,3
111,22,3
112,22,3
113,22,3
114,22,3
115,22,3
116,22,3
117,22,3
118,22,3
119,22,3
120,22,3
121,22,3
122,22,3
123,22,3
124,22,3
125,22,3
126,22,3
127,22,4
128,22,4
129,22,4
130,22,4
131,22,4
132,22,4
133,22,4
134,22,4
135,22,4
136,22,4
137,22,4
138,22,4
139,22,4
140,22,3
141,22,3
142,22,3
143,22,3
144,22,3
145,22,3
146,22,3
147,22,3
148,22,3
149,22,3
150,22,3
151,22,3
152,22,3
153,22,3
154,22,3
155,22,3
156,22,3
157,22,3
158,22,3
159,22,3
160,22,3
161,22,3
162,22,3
163,22,3
164,22,3
165,22,3
166,22,3
167,22,3
168,22,3
169,22,3
170,22,3
171,22,3
172,22,3
173,22,3
174,22,3
175,22,3
176,22,3
177,22,3
178,22,3
179,22,3
180,22,3
181,22,3
182,22,3
183,22,3
184,22,3
185,22,3
186,22,3
187,22,3
188,22,3
189,22,3
190,22,3
191,22,3
192,22,3
193,22,3
194,22,3
195,22,3
196,22,3
197,22,3
198,22,3
199,22,3
200,22,3
201,22,3
202,22,3
203,22,3
204,22,3
205,22,3
206,22,3
207,22,3
208,22,3
209,22,3
210,22,3
211,22,3
212,22,3
213,22,3
214,22,3
215,22,3
216,22,2
217,22,2
218,22,2
219,22,2
220,22,2
221,22,2
222,22,2
223,22,2
224,22,2
225,22,2
226,22,2
227,22,2
228,22,2
229,22,2
230,22,2
231,22,2
232,22,2
233,22,2
234,22,2
235,22,2
236,22,2
237,22,2
238,22,2
239,22,2
240,22,2
241,22,2
242,22,2
243,22,2
244,22,2
245,22,2
246,22,2
247,22,2
248,22,2
249,22,2
250,22,2
251,22,2
252,22,2
253,22,2
254,22,2
255,22,2
0,23,2
1,23,2
2,23,2
3,23,2
4,23,2
5,23,2
6,23,2
7,23,2
8,23,2
9,23,2
10,23,2
11,23,2
12,23,2
13,23,2
14,23,2
15,23,2
16,23,2
17,23,2
18,23,2
19,23,2
20,23,2
21,23,2
22,23,2
23,23,2
24,23,2
25,23,2
26,23,2
27,23,2
28,23,2
29,23,2
30,23,2
31,23,2
32,23,2
33,23,2
34,23,2
35,23,2
36,23,2
37,23,2
38,23,2
39,23,2
40,23,2
41,23,2
42,23,2
43,23,2
44,23,2
45,23,2
46,23,2
47,23,2
48,23,2
49,23,2
50,23,2
51,23,2
52,23,3
53,23,3
54,23,3
55,23,3
56,23,3
57,23,3
58,23,3
59,23,3
60,23,3
61,23,3
62,23,3
63,23,3
64,23,3
65,23,3
66,23,3
67,23,3
68,23,3
69,23,3
70,23,3
71,23,3
72,23,3
73,23,3
74,23,3
75,23,3
76,23,3
77,23,3
78,23,3
79,23,3
80,23,3
81,23,3
82,23,3
83,23,3
84,23,3
85,23,3
86,23,3
87,23,3
88,23,3
89,23,3
90,23,3
91,23,3
92,23,3
93,23,3
94,23,3
95,23,3
96,23,3
97,23,3
98,23,3
99,23,3
100,23,3
101,23,3
102,23,3
103,23,3
104,23,3
105,23,3
106,23,3
107,23,3
108,23,3
109,23,3
110,23,3
111,23,3
112,23,3
113,23,3
114,23,3
115,23,3
116,23,3
117,23,3
118,23,3
119,23,3
120,23,3
121,23,3
122,23,3
123,23,3
124,23,3
125,23,4
126,23,4
127,23,4
128,23,4
129,23,4
130,23,4
131,23,4
132,23,4
133,23,4
134,23,4
135,23,4
136,23,4
137,23,4
138,23,4
139,23,4
140,23,4
141,23,4
142,23,4
143,23,4
144,23,4
145,23,4
146,23,4
147,23,4
148,23,4
149,23,4
150,23,4
151,23,4
152,23,4
153,23,4
154,23,4
155,23,4
156,23,4
157,23,4
158,23,4
159,23,4
160,23,4
161,23,3
162,23,3
163,23,3
164,23,3
165,23,3
166,23,3
167,23,3
168,23,3
169,23,3
170,23,3
171,23,3
172,23,3
173,23,3
174,23,3
175,23,3
176,23,3
177,23,3
178,23,3
179,23,3
180,23,3
181,23,3
182,23,3
183,23,3
184,23,3
185,23,3
186,23,3
187,23,3
188,23,3
189,23,3
190,23,3
191,23,3
192,23,3
193,23,3
194,23,3
195,23,3
196,23,3
197,23,3
198,23,3
199,23,3
200,23,3
201,23,3
202,23,3
203,23,3
204,23,3
205,23,3
206,23,3
207,23,3
208,23,3
209,23,3
210,23,3
211,23,3
212,23,3
213,23,3
214,23,3
215,23,3
216,23,3
217,23,2
218,23,2
219,23,2
220,23,2
221,23,2
222,23,2
223,23,2
224,23,2
225,23,2
226,23,2
227,23,2
228,23,2
229,23,2
230,23,2
231,23,2
232,23,2
233,23,2
234,23,2
235,23,2
236,23,2
237,23,2
238,23,2
239,23,2
240,23,2
241,23,2
242,23,2
243,23,2
244,23,2
245,23,2
246,23,2
247,23,2
248,23,2
249,23,2
250,23,2
251,23,2
252,23,2
253,23,2
254,23,2
255,23,2
0,24,2
1,24,2
2,24,2
3,24,2
4,24,2
5,24,2
6,24,2
7,24,2
8,24,2
9,24,2
10,24,2
11,24,2
12,24,2
13,24,2
14,24,2
15,24,2
16,24,2
17,24,2
18,24,2
19,24,2
20,24,2
21,24,2
22,24,2
23,24,2
24,24,2
25,24,2
26,24,2
27,24,2
28,24,2
29,24,2
30,24,2
31,24,2
32,24,2
33,24,2
34,24,2
35,24,2
36,24,2
37,24,2
38,24,2
39,24,2
40,24,2
41,24,2
42,24,2
43,24,2
44,24,2
45,24,2
46,24,2
47,24,2
48,24,2
49,24,2
50,24,3
51,24,3
52,24,3
53,24,3
54,24,3
55,24,3
56,24,3
57,24,3
58,24,3
59,24,3
60,24,3
61,24,3
62,24,3
63,24,3
64,24,3
65,24,3
66,24,3
67,24,3
68,24,3
69,24,3
70,24,3
71,24,3
72,24,3
73,24,3
74,24,3
75,24,3
76,24,3
77,24,3
78,24,3
79,24,3
80,24,3
81,24,3
82,24,3
83,24,3
84,24,3
85,24,3
86,24,3
87,24,3
88,24,3
89,24,3
90,24,3
91,24,3
92,24,3
93,24,3
94,24,3
95,24,3
96,24,3
97,24,3
98,24,3
99,24,3
100,24,3
101,24,3
102,24,3
103,24,3
104,24,3
105,24,3
106,24,3
107,24,3
108,24,3
109,24,3
110,24,3
111,24,3
112,24,3
113,24,3
114,24,3
115,24,3
116,24,3
117,24,3
118,24,3
119,24,3
120,24,3
121,24,3
122,24,3
123,24,3
124,24,4
125,24,4
126,24,4
127,24,4
128,24,4
129,24,4
130,24,4
131,24,4
132,24,4
133,24,4
134,24,4
135,24,4
136,24,4
137,24,4
138,24,4
139,24,4
140,24,4
141,24,4
142,24,4
143,24,4
144,24,4
145,24,4
146,24,4
147,24,4
148,24,4
149,24,4
150,24,4
151,24,4
152,24,4
153,24,4
154,24,4
155,24,4
156,24,4
157,24,4
158,24,4
159,24,4
160,24,4
161,24,4
162,24,4
163,24,4
164,24,4
165,24,4
166,24,4
167,24,4
168,24,4
169,24,4
170,24,4
171,24,4
172,24,4
173,24,4
174,24,4
175,24,4
176,24,4
177,24,4
178,24,4
179,24,4
180,24,4
181,24,3
182,24,3
183,24,3
184,24,3
185,24,3
186,24,3
187,24,3
188,24,3
189,24,3
190,24,3
191,24,3
192,24,3
193,24,3
194,24,3
195,24,3
196,24,3
197,24,3
198,24,3
199,24,3
200,24,3
201,24,3
202,24,3
203,24,3
204,24,3
205,24,3
206,24,3
207,24,3
208,24,3
209,24,3
210,24,3
211,24,3
212,24,3
213,24,3
214,24,3
215,24,3
216,24,3
217,24,3
218,24,2
219,24,2
220,24,2
221,24,2
222,24,2
223,24,2
224,24,2
225,24,2
226,24,2
227,24,2
228,24,2
229,24,2
230,24,2
231,24,2
232,24,2
233,24,2
234,24,2
235,24,2
236,24,2
237,24,2
238,24,2
239,24,2
240,24,2
241,24,2
242,24,2
243,24,2
244,24,2
245,24,2
246,24,2
247,24,2
248,24,2
249,24,2
250,24,2
251,24,2
252,24,2
253,24,2
254,24,2
255,24,2
0,25,2
1,25,2
2,25,2
3,25,2
4,25,2
5,25,2
6,25,2
7,25,2
8,25,2
9,25,2
10,25,2
11,25,2
12,25,2
13,25,2
14,25,2
15,25,2
16,25,2
17,25,2
18,25,2
19,25,2
20,25,2
21,25,2
22,25,2
23,25,2
24,25,2
25,25,2
26,25,2
27,25,2
28,25,2
29,25,2
30,25,2
31,25,2
32,25,2
33,25,2
34,25,2
35,25,2
36,25,2
37,25,2
38,25,2
39,25,2
40,25,2
41,25,2
42,25,2
43,25,2
44,25,2
45,25,2
46,25,2
47,25,2
48,25,3
49,25,3
50,25,3
51,25,3
52,25,3
53,25,3
54,25,3
55,25,3
56,25,3
57,25,3
58,25,3
59,25,3
60,25,3
61,25,3
62,25,3
63,25,3
64,25,3
65,25,3
66,25,3
67,25,3
68,25,3
69,25,3
70,25,3
71,25,3
72,25,3
73,25,3
74,25,3
75,25,3
76,25,3
77,25,3
78,25,3
79,25,3
80,25,3
81,25,3
82,25,3
83,25,3
84,25,3
85,25,3
86,25,3
87,25,3
88,25,3
89,25,3
90,25,3
91,25,3
92,25,3
93,25,3
94,25,3
95,25,3
96,25,3
97,25,3
98,25,3
99,25,3
100,25,3
101,25,3
102,25,3
103,25,3
104,25,3
105,25,3
106,25,3
107,25,3
108,25,3
109,25,3
110,25,3
111,25,3
112,25,3
113,25,3
114,25,3
115,25,3
116,25,3
117,25,3
118,25,3
119,25,3
120,25,3
121,25,3
122,25,3
123,25,4
124,25,4
125,25,4
126,25,4
127,25,4
128,25,4
129,25,4
130,25,4
131,25,4
132,25,4
133,25,4
134,25,4
135,25,4
136,25,4
137,25,4
138,25,4
139,25,4
140,25,4
141,25,4
142,25,4
143,25,4
144,25,4
145,25,4
146,25,4
147,25,4
148,25,4
149,25,4
150,25,4
151,25,4
152,25,4
153,25,4
154,25,4
155,25,4
156,25,4
157,25,4
158,25,4
159,25,4
160,25,4
161,25,4
162,25,4
163,25,4
164,25,4
165,25,4
166,25,4
167,25,4
168,25,4
169,25,4
170,25,4
171,25,4
172,25,4
173,25,4
174,25,4
175,25,4
176,25,4
177,25,4
178,25,4
179,25,4
180,25,4
181,25,4
182,25,4
183,25,4
184,25,4
185,25,3
186,25,3
187,25,3
188,25,3
189,25,3
190,25,3
191,25,3
192,25,3
193,25,3
194,25,3
195,25,3
196,25,3
197,25,3
198,25,3
199,25,3
200,25,3
201,25,3
202,25,3
203,25,3
204,25,3
205,25,3
206,25,3
207,25,3
208,25,3
209,25,3
210,25,3
211,25,3
212,25,3
213,25,3
214,25,3
215,25,3
216,25,3
217,25,3
218,25,3
219,25,2
220,25,2
221,25,2
222,25,2
223,25,2
224,25,2
225,25,2
226,25,2
227,25,2
228,25,2
229,25,2
230,25,2
231,25,2
232,25,2
233,25,2
234,25,2
235,25,2
236,25,2
237,25,2
238,25,2
239,25,2
240,25,2
241,25,2
242,25,2
243,25,2
244,25,2
245,25,2
246,25,2
247,25,2
248,25,2
249,25,2
250,25,2
251,25,2
252,25,2
253,25,2
254,25,2
255,25,2
0,26,2
1,26,2
2,26,2
3,26,2
4,26,2
5,26,2
6,26,2
7,26,2
8,26,2
9,26,2
10,26,2
11,26,2
12,26,2
13,26,2
14,26,2
15,26,2
16,26,2
17,26,2
18,26,2
19,26,2
20,26,2
21,26,2
22,26,2
23,26,2
24,26,2
25,26,2
26,26,2
27,26,2
28,26,2
29,26,2
30,26,2
31,26,2
32,26,2
33,26,2
34,26,2
35,26,2
36,26,2
37,26,2
38,26,2
39,26,2
40,26,2
41,26,2
42,26,2
43,26,2
44,26,2
45,26,2
46,26,3
47,26,3
48,26,3
49,26,3
50,26,3
51,26,3
52,26,3
53,26,3
54,26,3
55,26,3
56,26,3
57,26,3
58,26,3
59,26,3
60,26,3
61,26,3
62,26,3
63,26,3
64,26,3
65,26,3
66,26,3
67,26,3
68,26,3
69,26,3
70,26,3
71,26,3
72,26,3
73,26,3
74,26,3
75,26,3
76,26,3
77,26,3
78,26,3
79,26,3
80,26,3
81,26,3
82,26,3
83,26,3
84,26,3
85,26,3
86,26,3
87,26,3
88,26,3
89,26,3
90,26,3
91,26,3
92,26,3
93,26,3
94,26,3
95,26,3
96,26,3
97,26,3
98,26,3
99,26,3
100,26,3
101,26,3
102,26,3
103,26,3
104,26,3
105,26,3
106,26,3
107,26,3
108,26,3
109,26,3
110,26,3
111,26,3
112,26,3
113,26,3
114,26,3
115,26,3
116,26,3
117,26,3
118,26,3
119,26,3
120,26,3
121,26,3
122,26,4
123,26,4
124,26,4
125,26,4
126,26,4
127,26,4
128,26,4
129,26,4
130,26,4
131,26,4
132,26,4
133,26,4
134,26,4
135,26,4
136,26,4
137,26,4
138,26,4
139,26,4
140,26,4
141,26,4
142,26,4
143,26,4
144,26,4
145,26,4
146,26,4
147,26,4
148,26,4
149,26,4
150,26,4
151,26,4
152,26,4
153,26,4
154,26,4
155,26,4
156,26,4
157,26,4
158,26,4
159,26,4
160,26,4
161,26,4
162,26,4
163,26,4
164,26,4
165,26,4
166,26,4
167,26,4
168,26,4
169,26,4
170,26,4
171,26,4
172,26,4
173,26,4
174,26,4
175,26,4
176,26,4
177,26,4
178,26,4
179,26,4
180,26,4
181,26,4
182,26,4
183,26,4
184,26,4
185,26,4
186,26,3
187,26,3
188,26,3
189,26,3
190,26,3
191,26,3
192,26,3
193,26,3
194,26,3
195,26,3
196,26,3
197,26,3
198,26,3
199,26,3
200,26,3
201,26,3
202,26,3
203,26,3
204,26,3
205,26,3
206,26,3
207,26,3
208,26,3
209,26,3
210,26,3
211,26,3
212,26,3
213,26,3
214,26,3
215,26,3
216,26,3
217,26,3
218,26,3
219,26,2
220,26,2
221,26,2
222,26,2
223,26,2
224,26,2
225,26,2
226,26,2
227,26,2
228,26,2
229,26,2
230,26,2
231,26,2
232,26,2
233,26,2
234,26,2
235,26,2
236,26,2
237,26,2
238,26,2
239,26,2
240,26,2
241,26,2
242,26,2
243,26,2
244,26,2
245,26,2
246,26,2
247,26,2
248,26,2
249,26,2
250,26,2
251,26,2
252,26,2
253,26,2
254,26,2
255,26,2
0,27,2
1,27,2
2,27,2
3,27,2
4,27,2
5,27,2
6,27,2
7,27,2
8,27,2
9,27,2
10,27,2
11,27,2
12,27,2
13,27,2
14,27,2
15,27,2
16,27,2
17,27,2
18,27,2
19,27,2
20,27,2
21,27,2
22,27,2
23,27,2
24,27,2
25,27,2
26,27,2
27,27,2
28,27,2
29,27,2
30,27,2
31,27,2
32,27,2
33,27,2
34,27,2
35,27,2
36,27,2
37,27,2
38,27,2
39,27,2
40,27,2
41,27,2
42,27,2
43,27,2
44,27,3
45,27,3
46,27,3
47,27,3
48,27,3
49,27,3
50,27,3
51,27,3
52,27,3
53,27,3
54,27,3
55,27,3
56,27,3
57,27,3
58,27,3
59,27,3
60,27,3
61,27,3
62,27,3
63,27,3
64,27,3
65,27,3
66,27,3
67,27,3
68,27,3
69,27,3
70,27,3
71,27,3
72,27,3
73,27,3
74,27,3
75,27,3
76,27,3
77,27,3
78,27,3
79,27,3
80,27,3
81,27,3
82,27,3
83,27,3
84,27,3
85,27,3
86,27,3
87,27,3
88,27,3
89,27,3
90,27,3
91,27,3
92,27,3
93,27,3
94,27,3
95,27,3
96,27,3
97,27,3
98,27,3
99,27,3
100,27,3
101,27,3
102,27,3
103,27,3
104,27,3
105,27,3
106,27,3
107,27,3
108,27,3
109,27,3
110,27,3
111,27,3
112,27,3
113,27,3
114,27,3
115,27,3
116,27,3
117,27,3
118,27,3
119,27,3
120,27,4
121,27,4
122,27,4
123,27,4
124,27,4
125,27,4
126,27,4
127,27,4
128,27,4
129,27,4
130,27,4
131,27,4
132,27,4
133,27,4
134,27,4
135,27,4
136,27,4
137,27,4
138,27,4
139,27,4
140,27,4
141,27,4
142,27,4
143,27,4
144,27,4
145,27,4
146,27,4
147,27,4
148,27,4
149,27,4
150,27,4
151,27,4
152,27,4
153,27,4
154,27,4
155,27,4
156,27,4
157,27,4
158,27,4
159,27,4
160,27,4
161,27,4
162,27,4
163,27,4
164,27,4
165,27,4
166,27,4
167,27,4
168,27,4
169,27,4
170,27,4
171,27,4
172,27,4
173,27,4
174,27,4
175,27,4
176,27,4
177,27,4
178,27,4
179,27,4
180,27,4
181,27,4
182,27,4
183,27,4
184,27,4
185,27,4
186,27,4
187,27,3
188,27,3
189,27,3
190,27,3
191,27,3
192,27,3
193,27,3
194,27,3
195,27,3
196,27,3
197,27,3
198,27,3
199,27,3
200,27,3
201,27,3
202,27,3
203,27,3
204,27,3
205,27,3
206,27,3
207,27,3
208,27,3
209,27,3
210,27,3
211,27,3
212,27,3
213,27,3
214,27,3
215,27,3
216,27,3
217,27,3
218,27,3
219,27,3
220,27,2
221,27,2
222,27,2
223,27,2
224,27,2
225,27,2
226,27,2
227,27,2
228,27,2
229,27,2
230,27,2
231,27,2
232,27,2
233,27,2
234,27,2
235,27,2
236,27,2
237,27,2
238,27,2
239,27,2
240,27,2
241,27,2
242,27,2
243,27,2
244,27,2
245,27,2
246,27,2
247,27,2
248,27,2
249,27,2
250,27,2
251,27,2
252,27,2
253,27,2
254,27,2
255,27,2
0,28,2
1,28,2
2,28,2
3,28,2
4,28,2
5,28,2
6,28,2
7,28,2
8,28,2
9,28,2
10,28,2
11,28,2
12,28,2
13,28,2
14,28,2
15,28,2
16,28,2
17,28,2
18,28,2
19,28,2
20,28,2
21,28,2
22,28,2
23,28,2
24,28,2
25,28,2
26,28,2
27,28,2
28,28,2
29,28,2
30,28,2
31,28,2
32,28,2
33,28,2
34,28,2
35,28,2
36,28,2
37,28,2
38,28,2
39,28,2
40,28,2
41,28,3
42,28,3
43,28,3
44,28,3
45,28,3
46,28,3
47,28,3
48,28,3
49,28,3
50,28,3
51,28,3
52,28,3
53,28,3
54,28,3
55,28,3
56,28,3
57,28,3
58,28,3
59,28,3
60,28,3
61,28,3
62,28,3
63,28,3
64,28,3
65,28,3
66,28,3
67,28,3
68,28,3
69,28,3
70,28,3
71,28,3
72,28,3
73,28,3
74,28,3
75,28,3
76,28,3
77,28,3
78,28,3
79,28,3
80,28,3
81,28,3
82,28,3
83,28,3
84,28,3
85,28,3
86,28,3
87,28,3
88,28,3
89,28,3
90,28,3
91,28,3
92,28,3
93,28,3
94,28,3
95,28,3
96,28,3
97,28,3
98,28,3
99,28,3
100,28,3
101,28,3
102,28,3
103,28,3
104,28,3
105,28,3
106,28,3
107,28,3
108,28,3
109,28,3
110,28,3
111,28,3
112,28,3
113,28,3
114,28,3
115,28,3
116,28,3
117,28,3
118,28,3
119,28,4
120,28,4
121,28,4
122,28,4
123,28,4
124,28,4
125,28,4
126,28,4
127,28,4
128,28,4
129,28,4
130,28,4
131,28,4
132,28,4
133,28,4
134,28,4
135,28,4
136,28,4
137,28,4
138,28,4
139,28,4
140,28,4
141,28,4
142,28,4
143,28,4
144,28,4
145,28,4
146,28,4
147,28,4
148,28,4
149,28,4
150,28,4
151,28,4
152,28,4
153,28,4
154,28,4
155,28,4
156,28,4
157,28,4
158,28,4
159,28,4
160,28,4
161,28,4
162,28,4
163,28,4
164,28,4
165,28,4
166,28,4
167,28,4
168,28,4
169,28,4
170,28,4
171,28,4
172,28,4
173,28,4
174,28,4
175,28,4
176,28,4
177,28,4
178,28,4
179,28,4
180,28,4
181,28,4
182,28,4
183,28,4
184,28,4
185,28,4
186,28,4
187,28,3
188,28,3
189,28,3
190,28,3
191,28,3
192,28,3
193,28,3
194,28,3
195,28,3
196,28,3
197,28,3
198,28,3
199,28,3
200,28,3
201,28,3
202,28,3
203,28,3
204,28,3
205,28,3
206,28,3
207,28,3
208,28,3
209,28,3
210,28,3
211,28,3
212,28,3
213,28,3
214,28,3
215,28,3
216,28,3
217,28,3
218,28,3
219,28,3
220,28,3
221,28,2
222,28,2
223,28,2
224,28,2
225,28,2
226,28,2
227,28,2
228,28,2
229,28,2
230,28,2
231,28,2
232,28,2
233,28,2
234,28,2
235,28,2
236,28,2
237,28,2
238,28,2
239,28,2
240,28,2
241,28,2
242,28,2
243,28,2
244,28,2
245,28,2
246,28,2
247,28,2
248,28,2
249,28,2
250,28,2
251,28,2
252,28,2
253,28,2
254,28,2
255,28,2
0,29,2
1,29,2
2,29,2
3,29,2
4,29,2
5,29,2
6,29,2
7,29,2
8,29,2
9,29,2
10,29,2
11,29,2
12,29,2
13,29,2
14,29,2
15,29,2
16,29,2
17,29,2
18,29,2
19,29,2
20,29,2
21,29,2
22,29,2
23,29,2
24,29,2
25,29,2
26,29,2
27,29,2
28,29,2
29,29,2
30,29,2
31,29,2
32,29,2
33,29,2
34,29,2
35,29,2
36,29,2
37,29,2
38,29,2
39,29,3
40,29,3
41,29,3
42,29,3
43,29,3
44,29,3
45,29,3
46,29,3
47,29,3
48,29,3
49,29,3
50,29,3
51,29,3
52,29,3
53,29,3
54,29,3
55,29,3
56,29,3
57,29,3
58,29,3
59,29,3
60,29,3
61,29,3
62,29,3
63,29,3
64,29,3
65,29,3
66,29,3
67,29,3
68,29,3
69,29,3
70,29,3
71,29,3
72,29,3
73,29,3
74,29,3
75,29,3
76,29,3
77,29,3
78,29,3
79,29,3
80,29,3
81,29,3
82,29,3
83,29,3
84,29,3
85,29,3
86,29,3
87,29,3
88,29,3
89,29,3
90,29,3
91,29,3
92,29,3
93,29,3
94,29,3
95,29,3
96,29,3
97,29,3
98,29,3
99,29,3
100,29,3
101,29,3
102,29,3
103,29,3
104,29,3
105,29,3
106,29,3
107,29,3
108,29,3
109,29,3
110,29,3
111,29,3
112,29,3
113,29,3
114,29,3
115,29,3
116,29,3
117,29,3
118,29,4
119,29,4
120,29,4
121,29,4
122,29,4
123,29,4
124,29,4
125,29,4
126,29,4
127,29,4
128,29,4
129,29,4
130,29,4
131,29,4
132,29,4
133,29,4
134,29,4
135,29,4
136,29,4
137,29,4
138,29,4
139,29,4
140,29,4
141,29,4
142,29,4
143,29,4
144,29,4
145,29,4
146,29,4
147,29,4
148,29,4
149,29,4
150,29,4
151,29,4
152,29,4
153,29,4
154,29,4
155,29,4
156,29,4
157,29,4
158,29,4
159,29,4
160,29,4
161,29,4
162,29,4
163,29,4
164,29,4
165,29,4
166,29,4
167,29,4
168,29,4
169,29,4
170,29,4
171,29,4
172,29,4
173,29,4
174,29,4
175,29,4
176,29,4
177,29,4
178,29,4
179,29,4
180,29,4
181,29,4
182,29,4
183,29,4
184,29,4
185,29,4
186,29,4
187,29,4
188,29,3
189,29,3
190,29,3
191,29,3
192,29,3
193,29,3
194,29,3
195,29,3
196,29,3
197,29,3
198,29,3
199,29,3
200,29,3
201,29,3
202,29,3
203,29,3
204,29,3
205,29,3
206,29,3
207,29,3
208,29,3
209,29,3
210,29,3
211,29,3
212,29,3
213,29,3
214,29,3
215,29,3
216,29,3
217,29,3
218,29,3
219,29,3
220,29,3
221,29,3
222,29,2
223,29,2
224,29,2
225,29,2
226,29,2
227,29,2
228,29,2
229,29,2
230,29,2
231,29,2
232,29,2
233,29,2
234,29,2
235,29,2
236,29,2
237,29,2
238,29,2
239,29,2
240,29,2
241,29,2
242,29,2
243,29,2
244,29,2
245,29,2
246,29,2
247,29,2
248,29,2
249,29,2
250,29,2
251,29,2
252,29,2
253,29,2
254,29,2
255,29,2
0,30,2
1,30,2
2,30,2
3,30,2
4,30,2
5,30,2
6,30,2
7,30,2
8,30,2
9,30,2
10,30,2
11,30,2
12,30,2
13,30,2
14,30,2
15,30,2
16,30,2
17,30,2
18,30,2
19,30,2
20,30,2
21,30,2
22,30,2
23,30,2
24,30,2
25,30,2
26,30,2
27,30,2
28,30,2
29,30,2
30,30,2
31,30,2
32,30,2
33,30,2
34,30,2
35,30,2
36,30,2
37,30,3
38,30,3
39,30,3
40,30,3
41,30,3
42,30,3
43,30,3
44,30,3
45,30,3
46,30,3
47,30,3
48,30,3
49,30,3
50,30,3
51,30,3
52,30,3
53,30,3
54,30,3
55,30,3
56,30,3
57,30,3
58,30,3
59,30,3
60,30,3
61,30,3
62,30,3
63,30,3
64,30,3
65,30,3
66,30,3
67,30,3
68,30,3
69,30,3
70,30,3
71,30,3
72,30,3
73,30,3
74,30,3
75,30,3
76,30,3
77,30,3
78,30,3
79,30,3
80,30,3
81,30,3
82,30,3
83,30,3
84,30,3
85,30,3
86,30,3
87,30,3
88,30,3
89,30,3
90,30,3
91,30,3
92,30,3
93,30,3
94,30,3
95,30,3
96,30,3
97,30,3
98,30,3
99,30,3
100,30,3
101,30,3
102,30,3
103,30,3
104,30,3
105,30,3
106,30,3
107,30,3
108,30,3
109,30,3
110,30,3
111,30,3
112,30,3
113,30,3
114,30,3
115,30,3
116,30,3
117,30,4
118,30,4
119,30,4
120,30,4
121,30,4
122,30,4
123,30,4
124,30,4
125,30,4
126,30,4
127,30,4
128,30,4
129,30,4
130,30,4
131,30,4
132,30,4
133,30,4
134,30,4
135,30,4
136,30,4
137,30,4
138,30,4
139,30,4
140,30,4
141,30,4
142,30,4
143,30,4
144,30,4
145,30,4
146,30,4
147,30,4
148,30,4
149,30,4
150,30,4
151,30,4
152,30,4
153,30,4
154,30,4
155,30,4
156,30,4
157,30,4
158,30,4
159,30,4
160,30,4
161,30,4
162,30,4
163,30,4
164,30,4
165,30,4
166,30,4
167,30,4
168,30,4
169,30,4
170,30,4
171,30,4
172,30,4
173,30,4
174,30,4
175,30,4
176,30,4
177,30,4
178,30,4
179,30,4
180,30,4
181,30,4
182,30,4
183,30,4
184,30,4
185,30,4
186,30,4
187,30,4
188,30,4
189,30,3
190,30,3
191,30,3
192,30,3
193,30,3
194,30,3
195,30,3
196,30,3
197,30,3
198,30,3
199,30,3
200,30,3
201,30,3
202,30,3
203,30,3
204,30,3
205,30,3
206,30,3
207,30,3
208,30,3
209,30,3
210,30,3
211,30,3
212,30,3
213,30,3
214,30,3
215,30,3
216,30,3
217,30,3
218,30,3
219,30,3
220,30,3
221,30,3
222,30,3
223,30,2
224,30,2
225,30,2
226,30,2
227,30,2
228,30,2
229,30,2
230,30,2
231,30,2
232,30,2
233,30,2
234,30,2
235,30,2
236,30,2
237,30,2
238,30,2
239,30,2
240,30,2
241,30,2
242,30,2
243,30,2
244,30,2
245,30,2
246,30,2
247,30,2
248,30,2
249,30,2
250,30,2
251,30,2
252,30,2
253,30,2
254,30,2
255,30,2
0,31,2
1,31,2
2,31,2
3,31,2
4,31,2
5,31,2
6,31,2
7,31,2
8,31,2
9,31,2
10,31,2
11,31,2
12,31,2
13,31,2
14,31,2
15,31,2
16,31,2
17,31,2
18,31,2
19,31,2
20,31,2
21,31,2
22,31,2
23,31,2
24,31,2
25,31,2
26,31,2
27,31,2
28,31,2
29,31,2
30,31,2
31,31,2
32,31,2
33,31,2
34,31,2
35,31,3
36,31,3
37,31,3
38,31,3
39,31,3
40,31,3
41,31,3
42,31,3
43,31,3
44,31,3
45,31,3
46,31,3
47,31,3
48,31,3
49,31,3
50,31,3
51,31,3
52,31,3
53,31,3
54,31,3
55,31,3
56,31,3
57,31,3
58,31,3
59,31,3
60,31,3
61,31,3
62,31,3
63,31,3
64,31,3
65,31,3
66,31,3
67,31,3
68,31,3
69,31,3
70,31,3
71,31,3
72,31,3
73,31,3
74,31,3
75,31,3
76,31,3
77,31,3
78,31,3
79,31,3
80,31,3
81,31,3
82,31,3
83,31,3
84,31,3
85,31,3
86,31,3
87,31,3
88,31,3
89,31,3
90,31,3
91,31,3
92,31,3
93,31,3
94,31,3
95,31,3
96,31,3
97,31,3
98,31,3
99,31,3
100,31,3
101,31,3
102,31,3
103,31,3
104,31,3
105,31,3
106,31,3
107,31,3
108,31,3
109,31,3
110,31,3
111,31,3
112,31,3
113,31,3
114,31,3
115,31,4
116,31,4
117,31,4
118,31,4
119,31,4
120,31,4
121,31,4
122,31,4
123,31,4
124,31,4
125,31,4
126,31,4
127,31,4
128,31,4
129,31,4
130,31,4
131,31,4
132,31,4
133,31,4
134,31,4
135,31,4
136,31,4
137,31,4
138,31,4
139,31,4
140,31,4
141,31,4
142,31,4
143,31,4
144,31,4
145,31,4
146,31,4
147,31,4
148,31,4
149,31,4
150,31,4
151,31,4
152,31,4
153,31,4
154,31,4
155,31,4
156,31,4
157,31,4
158,31,4
159,31,4
160,31,4
161,31,4
162,31,4
163,31,4
164,31,4
165,31,4
166,31,4
167,31,4
168,31,4
169,31,4
170,31,4
171,31,4
172,31,4
173,31,4
174,31,4
175,31,4
176,31,4
177,31,4
178,31,4
179,31,4
180,31,4
181,31,4
182,31,4
183,31,4
184,31,4
185,31,4
186,31,4
187,31,4
188,31,4
189,31,3
190,31,3
191,31,3
192,31,3
193,31,3
194,31,3
195,31,3
196,31,3
197,31,3
198,31,3
199,31,3
200,31,3
201,31,3
202,31,3
203,31,3
204,31,3
205,31,3
206,31,3
207,31,3
208,31,3
209,31,3
210,31,3
211,31,3
212,31,3
213,31,3
214,31,3
215,31,3
216,31,3
217,31,3
218,31,3
219,31,3
220,31,3
221,31,3
222,31,3
223,31,2
224,31,2
225,31,2
226,31,2
227,31,2
228,31,2
229,31,2
230,31,2
231,31,2
232,31,2
233,31,2
234,31,2
235,31,2
236,31,2
237,31,2
238,31,2
239,31,2
240,31,2
241,31,2
242,31,2
243,31,2
244,31,2
245,31,2
246,31,2
247,31,2
248,31,2
249,31,2
250,31,2
251,31,2
252,31,2
253,31,2
254,31,2
255,31,2
0,32,2
1,32,2
2,32,2
3,32,2
4,32,2
5,32,2
6,32,2
7,32,2
8,32,2
9,32,2
10,32,2
11,32,2
12,32,2
13,32,2
14,32,2
15,32,2
16,32,2
17,32,2
18,32,2
19,32,2
20,32,2
21,32,2
22,32,2
23,32,2
24,32,2
25,32,2
26,32,2
27,32,2
28,32,2
29,32,2
30,32,2
31,32,2
32,32,3
33,32,3
34,32,3
35,32,3
36,32,3
37,32,3
38,32,3
39,32,3
40,32,3
41,32,3
42,32,3
43,32,3
44,32,3
45,32,3
46,32,3
47,32,3
48,32,3
49,32,3
50,32,3
51,32,3
52,32,3
53,32,3
54,32,3
55,32,3
56,32,3
57,32,3
58,32,3
59,32,3
60,32,3
61,32,3
62,32,3
63,32,3
64,32,3
65,32,3
66,32,3
67,32,3
68,32,3
69,32,3
70,32,3
71,32,3
72,32,3
73,32,3
74,32,3
75,32,3
76,32,3
77,32,3
78,32,3
79,32,3
80,32,3
81,32,3
82,32,3
83,32,3
84,32,3
85,32,3
86,32,3
87,32,3
88,32,3
89,32,3
90,32,3
91,32,3
92,32,3
93,32,3
94,32,3
95,32,3
96,32,3
97,32,3
98,32,3
99,32,3
100,32,3
101,32,3
102,32,3
103,32,3
104,32,3
105,32,3
106,32,3
107,32,3
108,32,3
109,32,3
110,32,3
111,32,3
112,32,3
113,32,3
114,32,4
115,32,4
116,32,4
117,32,4
118,32,4
119,32,4
120,32,4
121,32,4
122,32,4
123,32,4
124,32,4
125,32,4
126,32,4
127,32,4
128,32,4
129,32,4
130,32,4
131,32,4
132,32,4
133,32,4
134,32,4
135,32,4
136,32,4
137,32,4
138,32,4
139,32,4
140,32,4
141,32,4
142,32,4
143,32,4
144,32,4
145,32,4
146,32,4
147,32,4
148,32,4
149,32,4
150,32,4
151,32,4
152,32,4
153,32,4
154,32,4
155,32,4
156,32,4
157,32,4
158,32,4
159,32,4
160,32,4
161,32,4
162,32,4
163,32,4
164,32,4
165,32,4
166,32,4
167,32,4
168,32,4
169,32,4
170,32,4
171,32,4
172,32,4
173,32,4
174,32,4
175,32,4
176,32,4
177,32,4
178,32,4
179,32,4
180,32,4
181,32,4
182,32,4
183,32,4
184,32,4
185,32,4
186,32,4
187,32,4
188,32,4
189,32,4
190,32,3
191,32,3
192,32,3
193,32,3
194,32,3
195,32,3
196,32,3
197,32,3
198,32,3
199,32,3
200,32,3
201,32,3
202,32,3
203,32,3
204,32,3
205,32,3
206,32,3
207,32,3
208,32,3
209,32,3
210,32,3
211,32,3
212,32,3
213,32,3
214,32,3
215,32,3
216,32,3
217,32,3
218,32,3
219,32,3
220,32,3
221,32,3
222,32,3
223,32,3
224,32,2
225,32,2
226,32,2
227,32,2
228,32,2
229,32,2
230,32,2
231,32,2
232,32,2
233,32,2
234,32,2
235,32,2
236,32,2
237,32,2
238,32,2
239,32,2
240,32,2
241,32,2
242,32,2
243,32,2
244,32,2
245,32,2
246,32,2
247,32,2
248,32,2
249,32,2
250,32,2
251,32,2
252,32,2
253,32,2
254,32,2
255,32,2
0,33,2
1,33,2
2,33,2
3,33,2
4,33,2
5,33,2
6,33,2
7,33,2
8,33,2
9,33,2
10,33,2
11,33,2
12,33,2
13,33,2
14,33,2
15,33,2
16,33,2
17,33,2
18,33,2
19,33,2
20,33,2
21,33,2
22,33,2
23,33,2
24,33,2
25,33,2
26,33,2
27,33,2
28,33,2
29,33,2
30,33,3
31,33,3
32,33,3
33,33,3
34,33,3
35,33,3
36,33,3
37,33,3
38,33,3
39,33,3
40,33,3
41,33,3
42,33,3
43,33,3
44,33,3
45,33,3
46,33,3
47,33,3
48,33,3
49,33,3
50,33,3
51,33,3
52,33,3
53,33,3
54,33,3
55,33,3
56,33,3
57,33,3
58,33,3
59,33,3
60,33,3
61,33,3
62,33,3
63,33,3
64,33,3
65,33,3
66,33,3
67,33,3
68,33,3
69,33,3
70,33,3
71,33,3
72,33,3
73,33,3
74,33,3
75,33,3
76,33,3
77,33,3
78,33,3
79,33,3
80,33,3
81,33,3
82,33,3
83,33,3
84,33,3
85,33,3
86,33,3
87,33,3
88,33,3
89,33,3
90,33,3
91,33,3
92,33,3
93,33,3
94,33,3
95,33,3
96,33,3
97,33,3
98,33,3
99,33,3
100,33,3
101,33,3
102,33,3
103,33,3
104,33,3
105,33,3
106,33,3
107,33,3
108,33,3
109,33,3
110,33,3
111,33,3
112,33,3
113,33,4
114,33,4
115,33,4
116,33,4
117,33,4
118,33,4
119,33,4
120,33,4
121,33,4
122,33,4
123,33,4
124,33,4
125,33,4
126,33,4
127,33,4
128,33,4
129,33,4
130,33,4
131,33,4
132,33,4
133,33,4
134,33,4
135,33,4
136,33,4
137,33,4
138,33,4
139,33,4
140,33,4
141,33,4
142,33,4
143,33,4
144,33,4
145,33,4
146,33,4
147,33,4
148,33,4
149,33,4
150,33,4
151,33,4
152,33,4
153,33,4
154,33,4
155,33,4
156,33,4
157,33,4
158,33,4
159,33,4
160,33,4
161,33,4
162,33,4
163,33,4
164,33,4
165,33,4
166,33,4
167,33,4
168,33,4
169,33,4
170,33,4
171,33,4
172,33,4
173,33,4
174,33,4
175,33,4
176,33,4
177,33,4
178,33,4
179,33,4
180,33,4
181,33,4
182,33,4
183,33,4
184,33,4
185,33,4
186,33,4
187,33,4
188,33,4
189,33,4
190,33,3
191,33,3
192,33,3
193,33,3
194,33,3
195,33,3
196,33,3
197,33,3
198,33,3
199,33,3
200,33,3
201,33,3
202,33,3
203,33,3
204,33,3
205,33,3
206,33,3
207,33,3
208,33,3
209,33,3
210,33,3
211,33,3
212,33,3
213,33,3
214,33,3
215,33,3
216,33,3
217,33,3
218,33,3
219,33,3
220,33,3
221,33,3
222,33,3
223,33,3
224,33,3
225,33,2
226,33,2
227,33,2
228,33,2
229,33,2
230,33,2
231,33,2
232,33,2
233,33,2
234,33,2
235,33,2
236,33,2
237,33,2
238,33,2
239,33,2
240,33,2
241,33,2
242,33,2
243,33,2
244,33,2
245,33,2
246,33,2
247,33,2
248,33,2
249,33,2
250,33,2
251,33,2
252,33,2
253,33,2
254,33,2
255,33,2
0,34,2
1,34,2
2,34,2
3,34,2
4,34,2
5,34,2
6,34,2
7,34,2
8,34,2
9,34,2
10,34,2
11,34,2
12,34,2
13,34,2
14,34,2
15,34,2
16,34,2
17,34,2
18,34,2
19,34,2
20,34,2
21,34,2
22,34,2
23,34,2
24,34,2
25,34,2
26,34,2
27,34,3
28,34,3
29,34,3
30,34,3
31,34,3
32,34,3
33,34,3
34,34,3
35,34,3
36,34,3
37,34,3
38,34,3
39,34,3
40,34,3
41,34,3
42,34,3
43,34,3
44,34,3
45,34,3
46,34,3
47,34,3
48,34,3
49,34,3
50,34,3
51,34,3
52,34,3
53,34,3
54,34,3
55,34,3
56,34,3
57,34,3
58,34,3
59,34,3
60,34,3
61,34,3
62,34,3
63,34,3
64,34,3
65,34,3
66,34,3
67,34,3
68,34,3
69,34,3
70,34,3
71,34,3
72,34,3
73,34,3
74,34,3
75,34,3
76,34,3
77,34,3
78,34,3
79,34,3
80,34,3
81,34,3
82,34,3
83,34,3
84,34,3
85,34,3
86,34,3
87,34,3
88,34,3
89,34,3
90,34,3
91,34,3
92,34,3
93,34,3
94,34,3
95,34,3
96,34,3
97,34,3
98,34,3
99,34,3
100,34,3
101,34,3
102,34,3
103,34,3
104,34,3
105,34,3
106,34,3
107,34,3
108,34,3
109,34,3
110,34,3
111,34,4
112,34,4
113,34,4
114,34,4
115,34,4
116,34,4
117,34,4
118,34,4
119,34,4
120,34,4
121,34,4
122,34,4
123,34,4
124,34,4
125,34,4
126,34,4
127,34,4
128,34,4
129,34,4
130,34,4
131,34,4
132,34,4
133,34,4
134,34,4
135,34,4
136,34,4
137,34,4
138,34,4
139,34,4
140,34,4
141,34,4
142,34,4
143,34,4
144,34,4
145,34,4
146,34,4
147,34,4
148,34,4
149,34,4
150,34,4
151,34,4
152,34,4
153,34,4
154,34,4
155,34,4
156,34,4
157,34,4
158,34,4
159,34,4
160,34,4
161,34,4
162,34,4
163,34,4
164,34,4
165,34,4
166,34,4
167,34,4
168,34,4
169,34,4
170,34,4
171,34,4
172,34,4
173,34,4
174,34,4
175,34,4
176,34,4
177,34,4
178,34,4
179,34,4
180,34,4
181,34,4
182,34,4
183,34,4
184,34,4
185,34,4
186,34,4
187,34,4
188,34,4
189,34,4
190,34,4
191,34,3
192,34,3
193,34,3
194,34,3
195,34,3
196,34,3
197,34,3
198,34,3
199,34,3
200,34,3
201,34,3
202,34,3
203,34,3
204,34,3
205,34,3
206,34,3
207,34,3
208,34,3
209,34,3
210,34,3
211,34,3
212,34,3
213,34,3
214,34,3
215,34,3
216,34,3
217,34,3
218,34,3
219,34,3
220,34,3
221,34,3
222,34,3
223,34,3
224,34,3
225,34,3
226,34,2
227,34,2
228,34,2
229,34,2
230,34,2
231,34,2
232,34,2
233,34,2
234,34,2
235,34,2
236,34,2
237,34,2
238,34,2
239,34,2
240,34,2
241,34,2
242,34,2
243,34,2
244,34,2
245,34,2
246,34,2
247,34,2
248,34,2
249,34,2
250,34,2
251,34,2
252,34,2
253,34,2
254,34,2
255,34,2
0,35,2
1,35,2
2,35,2
3,35,2
4,35,2
5,35,2
6,35,2
7,35,2
8,35,2
9,35,2
10,35,2
11,35,2
12,35,2
13,35,2
14,35,2
15,35,2
16,35,2
17,35,2
18,35,2
19,35,2
20,35,2
21,35,2
22,35,2
23,35,2
24,35,2
25,35,3
26,35,3
27,35,3
28,35,3
29,35,3
30,35,3
31,35,3
32,35,3
33,35,3
34,35,3
35,35,3
36,35,3
37,35,3
38,35,3
39,35,3
40,35,3
41,35,3
42,35,3
43,35,3
44,35,3
45,35,3
46,35,3
47,35,3
48,35,3
49,35,3
50,35,3
51,35,3
52,35,3
53,35,3
54,35,3
55,35,3
56,35,3
57,35,3
58,35,3
59,35,3
60,35,3
61,35,3
62,35,3
63,35,3
64,35,3
65,35,3
66,35,3
67,35,3
68,35,3
69,35,3
70,35,3
71,35,3
72,35,3
73,35,3
74,35,3
75,35,3
76,35,3
77,35,3
78,35,3
79,35,3
80,35,3
81,35,3
82,35,3
83,35,3
84,35,3
85,35,3
86,35,3
87,35,3
88,35,3
89,35,3
90,35,3
91,35,3
92,35,3
93,35,3
94,35,3
95,35,3
96,35,3
97,35,3
98,35,3
99,35,3
100,35,3
101,35,3
102,35,3
103,35,3
104,35,3
105,35,3
106,35,3
107,35,3
108,35,3
109,35,3
110,35,4
111,35,4
112,35,4
113,35,4
114,35,4
115,35,4
116,35,4
117,35,4
118,35,4
119,35,4
120,35,4
121,35,4
122,35,4
123,35,4
124,35,4
125,35,4
126,35,4
127,35,4
128,35,4
129,35,4
130,35,4
131,35,4
132,35,4
133,35,4
134,35,4
135,35,4
136,35,4
137,35,4
138,35,4
139,35,4
140,35,4
141,35,4
142,35,4
143,35,4
144,35,4
145,35,4
146,35,4
147,35,4
148,35,4
149,35,4
150,35,4
151,35,4
152,35,4
153,35,4
154,35,4
155,35,4
156,35,4
157,35,4
158,35,4
159,35,4
160,35,4
161,35,4
162,35,4
163,35,4
164,35,4
165,35,4
166,35,4
167,35,4
168,35,4
169,35,4
170,35,4
171,35,4
172,35,4
173,35,4
174,35,4
175,35,4
176,35,4
177,35,4
178,35,4
179,35,4
180,35,4
181,35,4
182,35,4
183,35,4
184,35,4
185,35,4
186,35,4
187,35,4
188,35,4
189,35,4
190,35,4
191,35,3
192,35,3
193,35,3
194,35,3
195,35,3
196,35,3
197,35,3
198,35,3
199,35,3
200,35,3
201,35,3
202,35,3
203,35,3
204,35,3
205,35,3
206,35,3
207,35,3
208,35,3
209,35,3
210,35,3
211,35,3
212,35,3
213,35,3
214,35,3
215,35,3
216,35,3
217,35,3
218,35,3
219,35,3
220,35,3
221,35,3
222,35,3
223,35,3
224,35,3
225,35,3
226,35,2
227,35,2
228,35,2
229,35,2
230,35,2
231,35,2
232,35,2
233,35,2
234,35,2
235,35,2
236,35,2
237,35,2
238,35,2
239,35,2
240,35,2
241,35,2
242,35,2
243,35,2
244,35,2
245,35,2
246,35,2
247,35,2
248,35,2
249,35,2
250,35,2
251,35,2
252,35,2
253,35,2
254,35,2
255,35,2
0,36,2
1,36,2
2,36,2
3,36,2
4,36,2
5,36,2
6,36,2
7,36,2
8,36,2
9,36,2
10,36,2
11,36,2
12,36,2
13,36,2
14,36,2
15,36,2
16,36,2
17,36,2
18,36,2
19,36,2
20,36,2
21,36,2
22,36,3
23,36,3
24,36,3
25,36,3
26,36,3
27,36,3
28,36,3
29,36,3
30,36,3
31,36,3
32,36,3
33,36,3
34,36,3
35,36,3
36,36,3
37,36,3
38,36,3
39,36,3
40,36,3
41,36,3
42,36,3
43,36,3
44,36,3
45,36,3
46,36,3
47,36,3
48,36,3
49,36,3
50,36,3
51,36,3
52,36,3
53,36,3
54,36,3
55,36,3
56,36,3
57,36,3
58,36,3
59,36,3
60,36,3
61,36,3
62,36,3
63,36,3
64,36,3
65,36,3
66,36,3
67,36,3
68,36,3
69,36,3
70,36,3
71,36,3
72,36,3
73,36,3
74,36,3
75,36,3
76,36,3
77,36,3
78,36,3
79,36,3
80,36,3
81,36,3
82,36,3
83,36,3
84,36,3
85,36,3
86,36,3
87,36,3
88,36,3
89,36,3
90,36,3
91,36,3
92,36,3
93,36,3
94,36,3
95,36,3
96,36,3
97,36,3
98,36,3
99,36,3
100,36,3
101,36,3
102,36,3
103,36,3
104,36,3
105,36,3
106,36,3
107,36,3
108,36,4
109,36,4
110,36,4
111,36,4
112,36,4
113,36,4
114,36,4
115,36,4
116,36,4
117,36,4
118,36,4
119,36,4
120,36,4
121,36,4
122,36,4
123,36,4
124,36,4
125,36,4
126,36,4
127,36,4
128,36,4
129,36,4
130,36,4
131,36,4
132,36,4
133,36,4
134,36,4
135,36,4
136,36,4
137,36,4
138,36,4
139,36,4
140,36,4
141,36,4
142,36,4
143,36,4
144,36,4
145,36,4
146,36,4
147,36,4
148,36,4
149,36,4
150,36,4
151,36,4
152,36,4
153,36,4
154,36,4
155,36,4
156,36,4
157,36,4
158,36,4
159,36,4
160,36,4
161,36,4
162,36,4
163,36,4
164,36,4
165,36,4
166,36,4
167,36,4
168,36,4
169,36,4
170,36,4
171,36,4
172,36,4
173,36,4
174,36,4
175,36,4
176,36,4
177,36,4
178,36,4
179,36,4
180,36,4
181,36,4
182,36,4
183,36,4
184,36,4
185,36,4
186,36,4
187,36,4
188,36,4
189,36,4
190,36,4
191,36,4
192,36,3
193,36,3
194,36,3
195,36,3
196,36,3
197,36,3
198,36,3
199,36,3
200,36,3
201,36,3
202,36,3
203,36,3
204,36,3
205,36,3
206,36,3
207,36,3
208,36,3
209,36,3
210,36,3
211,36,3
212,36,3
213,36,3
214,36,3
215,36,3
216,36,3
217,36,3
218,36,3
219,36,3
220,36,3
221,36,3
222,36,3
223,36,3
224,36,3
225,36,3
226,36,3
227,36,2
228,36,2
229,36,2
230,36,2
231,36,2
232,36,2
233,36,2
234,36,2
235,36,2
236,36,2
237,36,2
238,36,2
239,36,2
240,36,2
241,36,2
242,36,2
243,36,2
244,36,2
245,36,2
246,36,2
247,36,2
248,36,2
249,36,2
250,36,2
251,36,2
252,36,2
253,36,2
254,36,2
255,36,2
0,37,2
1,37,2
2,37,2
3,37,2
4,37,2
5,37,2
6,37,2
7,37,2
8,37,2
9,37,2
10,37,2
11,37,2
12,37,2
13,37,2
14,37,2
15,37,2
16,37,2
17,37,2
18,37,2
19,37,3
20,37,3
21,37,3
22,37,3
23,37,3
24,37,3
25,37,3
26,37,3
27,37,3
28,37,3
29,37,3
30,37,3
31,37,3
32,37,3
33,37,3
34,37,3
35,37,3
36,37,3
37,37,3
38,37,3
39,37,3
40,37,3
41,37,3
42,37,3
43,37,3
44,37,3
45,37,3
46,37,3
47,37,3
48,37,3
49,37,3
50,37,3
51,37,3
52,37,3
53,37,3
54,37,3
55,37,3
56,37,3
57,37,3
58,37,3
59,37,3
60,37,3
61,37,3
62,37,3
63,37,3
64,37,3
65,37,3
66,37,3
67,37,3
68,37,3
69,37,3
70,37,3
71,37,3
72,37,3
73,37,3
74,37,3
75,37,3
76,37,3
77,37,3
78,37,3
79,37,3
80,37,3
81,37,3
82,37,3
83,37,3
84,37,3
85,37,3
86,37,3
87,37,3
88,37,3
89,37,3
90,37,3
91,37,3
92,37,3
93,37,3
94,37,3
95,37,3
96,37,3
97,37,3
98,37,3
99,37,3
100,37,3
101,37,3
102,37,3
103,37,3
104,37,3
105,37,3
106,37,3
107,37,4
108,37,4
109,37,4
110,37,4
111,37,4
112,37,4
113,37,4
114,37,4
115,37,4
116,37,4
117,37,4
118,37,4
119,37,4
120,37,4
121,37,4
122,37,4
123,37,4
124,37,4
125,37,4
126,37,4
127,37,4
128,37,4
129,37,4
130,37,4
131,37,4
132,37,4
133,37,4
134,37,4
135,37,4
136,37,4
137,37,4
138,37,4
139,37,4
140,37,4
141,37,4
142,37,4
143,37,4
144,37,4
145,37,4
146,37,4
147,37,4
148,37,4
149,37,4
150,37,4
151,37,4
152,37,4
153,37,4
154,37,4
155,37,4
156,37,4
157,37,4
158,37,4
159,37,4
160,37,4
161,37,4
162,37,4
163,37,4
164,37,4
165,37,4
166,37,4
167,37,4
168,37,4
169,37,4
170,37,4
171,37,4
172,37,4
173,37,4
174,37,4
175,37,4
176,37,4
177,37,4
178,37,4
179,37,4
180,37,4
181,37,4
182,37,4
183,37,4
184,37,4
185,37,4
186,37,4
187,37,4
188,37,4
189,37,4
190,37,4
191,37,4
192,37,3
193,37,3
194,37,3
195,37,3
196,37,3
197,37,3
198,37,3
199,37,3
200,37,3
201,37,3
202,37,3
203,37,3
204,37,3
205,37,3
206,37,3
207,37,3
208,37,3
209,37,3
210,37,3
211,37,3
212,37,3
213,37,3
214,37,3
215,37,3
216,37,3
217,37,3
218,37,3
219,37,3
220,37,3
221,37,3
222,37,3
223,37,3
224,37,3
225,37,3
226,37,3
227,37,3
228,37,2
229,37,2
230,37,2
231,37,2
232,37,2
233,37,2
234,37,2
235,37,2
236,37,2
237,37,2
238,37,2
239,37,2
240,37,2
241,37,2
242,37,2
243,37,2
244,37,2
245,37,2
246,37,2
247,37,2
248,37,2
249,37,2
250,37,2
251,37,2
252,37,2
253,37,2
254,37,2
255,37,2
0,38,2
1,38,2
2,38,2
3,38,2
4,38,2
5,38,2
6,38,2
7,38,2
8,38,2
9,38,2
10,38,2
11,38,2
12,38,2
13,38,2
14,38,2
15,38,2
16,38,2
17,38,3
18,38,3
19,38,3
20,38,3
21,38,3
22,38,3
23,38,3
24,38,3
25,38,3
26,38,3
27,38,3
28,38,3
29,38,3
30,38,3
31,38,3
32,38,3
33,38,3
34,38,3
35,38,3
36,38,3
37,38,3
38,38,3
39,38,3
40,38,3
41,38,3
42,38,3
43,38,3
44,38,3
45,38,3
46,38,3
47,38,3
48,38,3
49,38,3
50,38,3
51,38,3
52,38,3
53,38,3
54,38,3
55,38,3
56,38,3
57,38,3
58,38,3
59,38,3
60,38,3
61,38,3
62,38,3
63,38,3
64,38,3
65,38,3
66,38,3
67,38,3
68,38,3
69,38,3
70,38,3
71,38,3
72,38,3
73,38,3
74,38,3
75,38,3
76,38,3
77,38,3
78,38,3
79,38,3
80,38,3
81,38,3
82,38,3
83,38,3
84,38,3
85,38,3
86,38,3
87,38,3
88,38,3
89,38,3
90,38,3
91,38,3
92,38,3
93,38,3
94,38,3
95,38,3
96,38,3
97,38,3
98,38,3
99,38,3
100,38,3
101,38,3
102,38,3
103,38,3
104,38,3
105,38,3
106,38,4
107,38,4
108,38,4
109,38,4
110,38,4
111,38,4
112,38,4
113,38,4
114,38,4
115,38,4
116,38,4
117,38,4
118,38,4
119,38,4
120,38,4
121,38,4
122,38,4
123,38,4
124,38,4
125,38,4
126,38,4
127,38,4
128,38,4
129,38,4
130,38,4
131,38,4
132,38,4
133,38,4
134,38,4
135,38,4
136,38,4
137,38,4
138,38,4
139,38,4
140,38,4
141,38,4
142,38,4
143,38,4
144,38,4
145,38,4
146,38,4
147,38,4
148,38,4
149,38,4
150,38,4
151,38,4
152,38,4
153,38,4
154,38,4
155,38,4
156,38,4
157,38,4
158,38,4
159,38,4
160,38,4
161,38,4
162,38,4
163,38,4
164,38,4
165,38,4
166,38,4
167,38,4
168,38,4
169,38,4
170,38,4
171,38,4
172,38,4
173,38,4
174,38,4
175,38,4
176,38,4
177,38,4
178,38,4
179,38,4
180,38,4
181,38,4
182,38,4
183,38,4
184,38,4
185,38,4
186,38,4
187,38,4
188,38,4
189,38,4
190,38,4
191,38,4
192,38,4
193,38,3
194,38,3
195,38,3
196,38,3
197,38,3
198,38,3
199,38,3
200,38,3
201,38,3
202,38,3
203,38,3
204,38,3
205,38,3
206,38,3
207,38,3
208,38,3
209,38,3
210,38,3
211,38,3
212,38,3
213,38,3
214,38,3
215,38,3
216,38,3
217,38,3
218,38,3
219,38,3
220,38,3
221,38,3
222,38,3
223,38,3
224,38,3
225,38,3
226,38,3
227,38,3
228,38,3
229,38,2
230,38,2
231,38,2
232,38,2
233,38,2
234,38,2
235,38,2
236,38,2
237,38,2
238,38,2
239,38,2
240,38,2
241,38,2
242,38,2
243,38,2
244,38,2
245,38,2
246,38,2
247,38,2
248,38,2
249,38,2
250,38,2
251,38,2
252,38,2
253,38,2
254,38,2
255,38,2
0,39,2
1,39,2
2,39,2
3,39,2
4,39,2
5,39,2
6,39,2
7,39,2
8,39,2
9,39,2
10,39,2
11,39,2
12,39,2
13,39,2
14,39,3
15,39,3
16,39,3
17,39,3
18,39,3
19,39,3
20,39,3
21,39,3
22,39,3
23,39,3
24,39,3
25,39,3
26,39,3
27,39,3
28,39,3
29,39,3
30,39,3
31,39,3
32,39,3
33,39,3
34,39,3
35,39,3
36,39,3
37,39,3
38,39,3
39,39,3
40,39,3
41,39,3
42,39,3
43,39,3
44,39,3
45,39,3
46,39,3
47,39,3
48,39,3
49,39,3
50,39,3
51,39,3
52,39,3
53,39,3
54,39,3
55,39,3
56,39,3
57,39,3
58,39,3
59,39,3
60,39,3
61,39,3
62,39,3
63,39,3
64,39,3
65,39,3
66,39,3
67,39,3
68,39,3
69,39,3
70,39,3
71,39,3
72,39,3
73,39,3
74,39,3
75,39,3
76,39,3
77,39,3
78,39,3
79,39,3
80,39,3
81,39,3
82,39,3
83,39,3
84,39,3
85,39,3
86,39,3
87,39,3
88,39,3
89,39,3
90,39,3
91,39,3
92,39,3
93,39,3
94,39,3
95,39,3
96,39,3
97,39,3
98,39,3
99,39,3
100,39,3
101,39,3
102,39,3
103,39,3
104,39,4
105,39,4
106,39,4
107,39,4
108,39,4
109,39,4
110,39,4
111,39,4
112,39,4
113,39,4
114,39,4
115,39,4
116,39,4
117,39,4
118,39,4
119,39,4
120,39,4
121,39,4
122,39,4
123,39,4
124,39,4
125,39,4
126,39,4
127,39,4
128,39,4
129,39,4
130,39,4
131,39,4
132,39,4
133,39,4
134,39,4
135,39,4
136,39,4
137,39,4
138,39,4
139,39,4
140,39,4
141,39,4
142,39,4
143,39,4
144,39,4
145,39,4
146,39,4
147,39,4
148,39,4
149,39,4
150,39,4
151,39,4
152,39,4
153,39,4
154,39,4
155,39,4
156,39,4
157,39,4
158,39,4
159,39,4
160,39,4
161,39,4
162,39,4
163,39,4
164,39,4
165,39,4
166,39,4
167,39,4
168,39,4
169,39,4
170,39,4
171,39,4
172,39,4
173,39,4
174,39,4
175,39,4
176,39,4
177,39,4
178,39,4
179,39,4
180,39,4
181,39,4
182,39,4
183,39,4
184,39,4
185,39,4
186,39,4
187,39,4
188,39,4
189,39,4
190,39,4
191,39,4
192,39,4
193,39,3
194,39,3
195,39,3
196,39,3
197,39,3
198,39,3
199,39,3
200,39,3
201,39,3
202,39,3
203,39,3
204,39,3
205,39,3
206,39,3
207,39,3
208,39,3
209,39,3
210,39,3
211,39,3
212,39,3
213,39,3
214,39,3
215,39,3
216,39,3
217,39,3
218,39,3
219,39,3
220,39,3
221,39,3
222,39,3
223,39,3
224,39,3
225,39,3
226,39,3
227,39,3
228,39,3
229,39,2
230,39,2
231,39,2
232,39,2
233,39,2
234,39,2
235,39,2
236,39,2
237,39,2
238,39,2
239,39,2
240,39,2
241,39,2
242,39,2
243,39,2
244,39,2
245,39,2
246,39,2
247,39,2
248,39,2
249,39,2
250,39,2
251,39,2
252,39,2
253,39,2
254,39,2
255,39,2
0,40,2
1,40,2
2,40,2
3,40,2
4,40,2
5,40,2
6,40,2
7,40,2
8,40,2
9,40,2
10,40,2
11,40,3
12,40,3
13,40,3
14,40,3
15,40,3
16,40,3
17,40,3
18,40,3
19,40,3
20,40,3
21,40,3
22,40,3
23,40,3
24,40,3
25,40,3
26,40,3
27,40,3
28,40,3
29,40,3
30,40,3
31,40,3
32,40,3
33,40,3
34,40,3
35,40,3
36,40,3
37,40,3
38,40,3
39,40,3
40,40,3
41,40,3
42,40,3
43,40,3
44,40,3
45,40,3
46,40,3
47,40,3
48,40,3
49,40,3
50,40,3
51,40,3
52,40,3
53,40,3
54,40,3
55,40,3
56,40,3
57,40,3
58,40,3
59,40,3
60,40,3
61,40,3
62,40,3
63,40,3
64,40,3
65,40,3
66,40,3
67,40,3
68,40,3
69,40,3
70,40,3
71,40,3
72,40,3
73,40,3
74,40,3
75,40,3
76,40,3
77,40,3
78,40,3
79,40,3
80,40,3
81,40,3
82,40,3
83,40,3
84,40,3
85,40,3
86,40,3
87,40,3
88,40,3
89,40,3
90,40,3
91,40,3
92,40,3
93,40,3
94,40,3
95,40,3
96,40,3
97,40,3
98,40,3
99,40,3
100,40,3
101,40,3
102,40,3
103,40,4
104,40,4
105,40,4
106,40,4
107,40,4
108,40,4
109,40,4
110,40,4
111,40,4
112,40,4
113,40,4
114,40,4
115,40,4
116,40,4
117,40,4
118,40,4
119,40,4
120,40,4
121,40,4
122,40,4
123,40,4
124,40,4
125,40,4
126,40,4
127,40,4
128,40,4
129,40,4
130,40,4
131,40,4
132,40,4
133,40,4
134,40,4
135,40,4
136,40,4
137,40,4
138,40,4
139,40,4
140,40,4
141,40,4
142,40,4
143,40,4
144,40,4
145,40,4
146,40,4
147,40,4
148,40,4
149,40,4
150,40,4
151,40,4
152,40,4
153,40,4
154,40,4
155,40,4
156,40,4
157,40,4
158,40,4
159,40,4
160,40,4
161,40,4
162,40,4
163,40,4
164,40,4
165,40,4
166,40,4
167,40,4
168,40,4
169,40,4
170,40,4
171,40,4
172,40,4
173,40,4
174,40,4
175,40,4
176,40,4
177,40,4
178,40,4
179,40,4
180,40,4
181,40,4
182,40,4
183,40,4
184,40,4
185,40,4
186,40,4
187,40,4
188,40,4
189,40,4
190,40,4
191,40,4
192,40,4
193,40,4
194,40,3
195,40,3
196,40,3
197,40,3
198,40,3
199,40,3
200,40,3
201,40,3
202,40,3
203,40,3
204,40,3
205,40,3
206,40,3
207,40,3
208,40,3
209,40,3
210,40,3
211,40,3
212,40,3
213,40,3
214,40,3
215,40,3
216,40,3
217,40,3
218,40,3
219,40,3
220,40,3
221,40,3
222,40,3
223,40,3
224,40,3
225,40,3
226,40,3
227,40,3
228,40,3
229,40,3
230,40,2
231,40,2
232,40,2
233,40,2
234,40,2
235,40,2
236,40,2
237,40,2
238,40,2
239,40,2
240,40,2
241,40,2
242,40,2
243,40,2
244,40,2
245,40,2
246,40,2
247,40,2
248,40,2
249,40,2
250,40,2
251,40,2
252,40,2
253,40,2
254,40,2
255,40,2
0,41,2
1,41,2
2,41,2
3,41,2
4,41,2
5,41,2
6,41,2
7,41,2
8,41,3
9,41,3
10,41,3
11,41,3
12,41,3
13,41,3
14,41,3
15,41,3
16,41,3
17,41,3
18,41,3
19,41,3
20,41,3
21,41,3
22,41,3
23,41,3
24,41,3
25,41,3
26,41,3
27,41,3
28,41,3
29,41,3
30,41,3
31,41,3
32,41,3
33,41,3
34,41,3
35,41,3
36,41,3
37,41,3
38,41,3
39,41,3
40,41,3
41,41,3
42,41,3
43,41,3
44,41,3
45,41,3
46,41,3
47,41,3
48,41,3
49,41,3
50,41,3
51,41,3
52,41,3
53,41,3
54,41,3
55,41,3
56,41,3
57,41,3
58,41,3
59,41,3
60,41,3
61,41,3
62,41,3
63,41,3
64,41,3
65,41,3
66,41,3
67,41,3
68,41,3
69,41,3
70,41,3
71,41,3
72,41,3
73,41,3
74,41,3
75,41,3
76,41,3
77,41,3
78,41,3
79,41,3
80,41,3
81,41,3
82,41,3
83,41,3
84,41,3
85,41,3
86,41,3
87,41,3
88,41,3
89,41,3
90,41,3
91,41,3
92,41,3
93,41,3
94,41,3
95,41,3
96,41,3
97,41,3
98,41,3
99,41,3
100,41,3
101,41,4
102,41,4
103,41,4
104,41,4
105,41,4
106,41,4
107,41,4
108,41,4
109,41,4
110,41,4
111,41,4
112,41,4
113,41,4
114,41,4
115,41,4
116,41,4
117,41,4
118,41,4
119,41,4
120,41,4
121,41,4
122,41,4
123,41,4
124,41,4
125,41,4
126,41,4
127,41,4
128,41,4
129,41,4
130,41,4
131,41,4
132,41,4
133,41,4
134,41,4
135,41,4
136,41,4
137,41,4
138,41,4
139,41,4
140,41,4
141,41,4
142,41,4
143,41,4
144,41,4
145,41,4
146,41,4
147,41,4
148,41,4
149,41,4
150,41,4
151,41,4
152,41,4
153,41,4
154,41,4
155,41,4
156,41,4
157,41,4
158,41,4
159,41,4
160,41,4
161,41,4
162,41,4
163,41,4
164,41,4
165,41,4
166,41,4
167,41,4
168,41,4
169,41,4
170,41,4
171,41,4
172,41,4
173,41,4
174,41,4
175,41,4
176,41,4
177,41,4
178,41,4
179,41,4
180,41,4
181,41,4
182,41,4
183,41,4
184,41,4
185,41,4
186,41,4
187,41,4
188,41,4
189,41,4
190,41,4
191,41,4
192,41,4
193,41,4
194,41,3
195,41,3
196,41,3
197,41,3
198,41,3
199,41,3
200,41,3
201,41,3
202,41,3
203,41,3
204,41,3
205,41,3
206,41,3
207,41,3
208,41,3
209,41,3
210,41,3
211,41,3
212,41,3
213,41,3
214,41,3
215,41,3
216,41,3
217,41,3
218,41,3
219,41,3
220,41,3
221,41,3
222,41,3
223,41,3
224,41,3
225,41,3
226,41,3
227,41,3
228,41,3
229,41,3
230,41,3
231,41,2
232,41,2
233,41,2
234,41,2
235,41,2
236,41,2
237,41,2
238,41,2
239,41,2
240,41,2
241,41,2
242,41,2
243,41,2
244,41,2
245,41,2
246,41,2
247,41,2
248,41,2
249,41,2
250,41,2
251,41,2
252,41,2
253,41,2
254,41,2
255,41,2
0,42,2
1,42,2
2,42,2
3,42,2
4,42,2
5,42,3
6,42,3
7,42,3
8,42,3
9,42,3
10,42,3
11,42,3
12,42,3
13,42,3
14,42,3
15,42,3
16,42,3
17,42,3
18,42,3
19,42,3
20,42,3
21,42,3
22,42,3
23,42,3
24,42,3
25,42,3
26,42,3
27,42,3
28,42,3
29,42,3
30,42,3
31,42,3
32,42,3
33,42,3
34,42,3
35,42,3
36,42,3
37,42,3
38,42,3
39,42,3
40,42,3
41,42,3
42,42,3
43,42,3
44,42,3
45,42,3
46,42,3
47,42,3
48,42,3
49,42,3
50,42,3
51,42,3
52,42,3
53,42,3
54,42,3
55,42,3
56,42,3
57,42,3
58,42,3
59,42,3
60,42,3
61,42,3
62,42,3
63,42,3
64,42,3
65,42,3
66,42,3
67,42,3
68,42,3
69,42,3
70,42,3
71,42,3
72,42,3
73,42,3
74,42,3
75,42,3
76,42,3
77,42,3
78,42,3
79,42,3
80,42,3
81,42,3
82,42,3
83,42,3
84,42,3
85,42,3
86,42,3
87,42,3
88,42,3
89,42,3
90,42,3
91,42,3
92,42,3
93,42,3
94,42,3
95,42,3
96,42,3
97,42,3
98,42,3
99,42,3
100,42,4
101,42,4
102,42,4
103,42,4
104,42,4
105,42,4
106,42,4
107,42,4
108,42,4
109,42,4
110,42,4
111,42,4
112,42,4
113,42,4
114,42,4
115,42,4
116,42,4
117,42,4
118,42,4
119,42,4
120,42,4
121,42,4
122,42,4
123,42,4
124,42,4
125,42,4
126,42,4
127,42,4
128,42,5
129,42,5
130,42,5
131,42,5
132,42,5
133,42,4
134,42,4
135,42,4
136,42,4
137,42,4
138,42,4
139,42,4
140,42,4
141,42,4
142,42,4
143,42,4
144,42,4
145,42,4
146,42,4
147,42,4
148,42,4
149,42,4
150,42,4
151,42,4
152,42,4
153,42,4
154,42,4
155,42,4
156,42,4
157,42,4
158,42,4
159,42,4
160,42,4
161,42,5
162,42,5
163,42,5
164,42,5
165,42,5
166,42,5
167,42,5
168,42,5
169,42,5
170,42,5
171,42,4
172,42,4
173,42,4
174,42,4
175,42,4
176,42,4
177,42,4
178,42,4
179,42,4
180,42,4
181,42,4
182,42,4
183,42,4
184,42,4
185,42,4
186,42,4
187,42,4
188,42,4
189,42,4
190,42,4
191,42,4
192,42,4
193,42,4
194,42,4
195,42,3
196,42,3
197,42,3
198,42,3
199,42,3
200,42,3
201,42,3
202,42,3
203,42,3
204,42,3
205,42,3
206,42,3
207,42,3
208,42,3
209,42,3
210,42,3
211,42,3
212,42,3
213,42,3
214,42,3
215,42,3
216,42,3
217,42,3
218,42,3
219,42,3
220,42,3
221,42,3
222,42,3
223,42,3
224,42,3
225,42,3
226,42,3
227,42,3
228,42,3
229,42,3
230,42,3
231,42,2
232,42,2
233,42,2
234,42,2
235,42,2
236,42,2
237,42,2
238,42,2
239,42,2
240,42,2
241,42,2
242,42,2
243,42,2
244,42,2
245,42,2
246,42,2
247,42,2
248,42,2
249,42,2
250,42,2
251,42,2
252,42,2
253,42,2
254,42,2
255,42,2
0,43,2
1,43,2
2,43,3
3,43,3
4,43,3
5,43,3
6,43,3
7,43,3
8,43,3
9,43,3
10,43,3
11,43,3
12,43,3
13,43,3
14,43,3
15,43,3
16,43,3
17,43,3
18,43,3
19,43,3
20,43,3
21,43,3
22,43,3
23,43,3
24,43,3
25,43,3
26,43,3
27,43,3
28,43,3
29,43,3
30,43,3
31,43,3
32,43,3
33,43,3
34,43,3
35,43,3
36,43,3
37,43,3
38,43,3
39,43,3
40,43,3
41,43,3
42,43,3
43,43,3
44,43,3
45,43,3
46,43,3
47,43,3
48,43,3
49,43,3
50,43,3
51,43,3
52,43,3
53,43,3
54,43,3
55,43,3
56,43,3
57,43,3
58,43,3
59,43,3
60,43,3
61,43,3
62,43,3
63,43,3
64,43,3
65,43,3
66,43,3
67,43,3
68,43,3
69,43,3
70,43,3
71,43,3
72,43,3
73,43,3
74,43,3
75,43,3
76,43,3
77,43,3
78,43,3
79,43,3
80,43,3
81,43,3
82,43,3
83,43,3
84,43,3
85,43,3
86,43,3
87,43,3
88,43,3
89,43,3
90,43,3
91,43,3
92,43,3
93,43,3
94,43,3
95,43,3
96,43,3
97,43,3
98,43,4
99,43,4
100,43,4
101,43,4
102,43,4
103,43,4
104,43,4
105,43,4
106,43,4
107,43,4
108,43,4
109,43,4
110,43,4
111,43,4
112,43,4
113,43,4
114,43,4
115,43,4
116,43,4
117,43,4
118,43,4
119,43,4
120,43,4
121,43,4
122,43,4
123,43,4
124,43,4
125,43,4
126,43,4
127,43,5
128,43,5
129,43,5
130,43,5
131,43,5
132,43,5
133,43,5
134,43,5
135,43,5
136,43,5
137,43,5
138,43,5
139,43,5
140,43,5
141,43,5
142,43,5
143,43,5
144,43,5
145,43,5
146,43,5
147,43,5
148,43,5
149,43,5
150,43,5
151,43,5
152,43,5
153,43,5
154,43,5
155,43,5
156,43,5
157,43,5
158,43,5
159,43,5
160,43,5
161,43,5
162,43,5
163,43,5
164,43,5
165,43,5
166,43,5
167,43,5
168,43,5
169,43,5
170,43,5
171,43,5
172,43,4
173,43,4
174,43,4
175,43,4
176,43,4
177,43,4
178,43,4
179,43,4
180,43,4
181,43,4
182,43,4
183,43,4
184,43,4
185,43,4
186,43,4
187,43,4
188,43,4
189,43,4
190,43,4
191,43,4
192,43,4
193,43,4
194,43,4
195,43,3
196,43,3
197,43,3
198,43,3
199,43,3
200,43,3
201,43,3
202,43,3
203,43,3
204,43,3
205,43,3
206,43,3
207,43,3
208,43,3
209,43,3
210,43,3
211,43,3
212,43,3
213,43,3
214,43,3
215,43,3
216,43,3
217,43,3
218,43,3
219,43,3
220,43,3
221,43,3
222,43,3
223,43,3
224,43,3
225,43,3
226,43,3
227,43,3
228,43,3
229,43,3
230,43,3
231,43,3
232,43,2
233,43,2
234,43,2
235,43,2
236,43,2
237,43,2
238,43,2
239,43,2
240,43,2
241,43,2
242,43,2
243,43,2
244,43,2
245,43,2
246,43,2
247,43,2
248,43,2
249,43,2
250,43,2
251,43,2
252,43,2
253,43,2
254,43,2
255,43,2
0,44,3
1,44,3
2,44,3
3,44,3
4,44,3
5,44,3
6,44,3
7,44,3
8,44,3
9,44,3
10,44,3
11,44,3
12,44,3
13,44,3
14,44,3
15,44,3
16,44,3
17,44,3
18,44,3
19,44,3
20,44,3
21,44,3
22,44,3
23,44,3
24,44,3
25,44,3
26,44,3
27,44,3
28,44,3
29,44,3
30,44,3
31,44,3
32,44,3
33,44,3
34,44,3
35,44,3
36,44,3
37,44,3
38,44,3
39,44,3
40,44,3
41,44,3
42,44,3
43,44,3
44,44,3
45,44,3
46,44,3
47,44,3
48,44,3
49,44,3
50,44,3
51,44,3
52,44,3
53,44,3
54,44,3
55,44,3
56,44,3
57,44,3
58,44,3
59,44,3
60,44,3
61,44,3
62,44,3
63,44,3
64,44,3
65,44,3
66,44,3
67,44,3
68,44,3
69,44,3
70,44,3
71,44,3
72,44,3
73,44,3
74,44,3
75,44,3
76,44,3
77,44,3
78,44,3
79,44,3
80,44,3
81,44,3
82,44,3
83,44,3
84,44,3
85,44,3
86,44,3
87,44,3
88,44,3
89,44,3
90,44,3
91,44,3
92,44,3
93,44,3
94,44,3
95,44,3
96,44,3
97,44,4
98,44,4
99,44,4
100,44,4
101,44,4
102,44,4
103,44,4
104,44,4
105,44,4
106,44,4
107,44,4
108,44,4
109,44,4
110,44,4
111,44,4
112,44,4
113,44,4
114,44,4
115,44,4
116,44,4
117,44,4
118,44,4
119,44,4
120,44,4
121,44,4
122,44,4
123,44,4
124,44,4
125,44,4
126,44,5
127,44,5
128,44,5
129,44,5
130,44,5
131,44,5
132,44,5
133,44,5
134,44,5
135,44,5
136,44,5
137,44,5
138,44,5
139,44,5
140,44,5
141,44,5
142,44,5
143,44,5
144,44,5
145,44,5
146,44,5
147,44,5
148,44,5
149,44,5
150,44,5
151,44,5
152,44,5
153,44,5
154,44,5
155,44,5
156,44,5
157,44,5
158,44,5
159,44,5
160,44,5
161,44,5
162,44,5
163,44,5
164,44,5
165,44,5
166,44,5
167,44,5
168,44,5
169,44,5
170,44,5
171,44,5
172,44,5
173,44,4
174,44,4
175,44,4
176,44,4
177,44,4
178,44,4
179,44,4
180,44,4
181,44,4
182,44,4
183,44,4
184,44,4
185,44,4
186,44,4
187,44,4
188,44,4
189,44,4
190,44,4
191,44,4
192,44,4
193,44,4
194,44,4
195,44,4
196,44,3
197,44,3
198,44,3
199,44,3
200,44,3
201,44,3
202,44,3
203,44,3
204,44,3
205,44,3
206,44,3
207,44,3
208,44,3
209,44,3
210,44,3
211,44,3
212,44,3
213,44,3
214,44,3
215,44,3
216,44,3
217,44,3
218,44,3
219,44,3
220,44,3
221,44,3
222,44,3
223,44,3
224,44,3
225,44,3
226,44,3
227,44,3
228,44,3
229,44,3
230,44,3
231,44,3
232,44,2
233,44,2
234,44,2
235,44,2
236,44,2
237,44,2
238,44,2
239,44,2
240,44,2
241,44,2
242,44,2
243,44,2
244,44,2
245,44,2
246,44,2
247,44,2
248,44,2
249,44,2
250,44,2
251,44,2
252,44,2
253,44,2
254,44,2
255,44,2
0,45,3
1,45,3
2,45,3
3,45,3
4,45,3
5,45,3
6,45,3
7,45,3
8,45,3
9,45,3
10,45,3
11,45,3
12,45,3
13,45,3
14,45,3
15,45,3
16,45,3
17,45,3
18,45,3
19,45,3
20,45,3
21,45,3
22,45,3
23,45,3
24,45,3
25,45,3
26,45,3
27,45,3
28,45,3
29,45,3
30,45,3
31,45,3
32,45,3
33,45,3
34,45,3
35,45,3
36,45,3
37,45,3
38,45,3
39,45,3
40,45,3
41,45,3
42,45,3
43,45,3
44,45,3
45,45,3
46,45,3
47,45,3
48,45,3
49,45,3
50,45,3
51,45,3
52,45,3
53,45,3
54,45,3
55,45,3
56,45,3
57,45,3
58,45,3
59,45,3
60,45,3
61,45,3
62,45,3
63,45,3
64,45,3
65,45,3
66,45,3
67,45,3
68,45,3
69,45,3
70,45,3
71,45,3
72,45,3
73,45,3
74,45,3
75,45,3
76,45,3
77,45,3
78,45,3
79,45,3
80,45,3
81,45,3
82,45,3
83,45,3
84,45,3
85,45,3
86,45,3
87,45,3
88,45,3
89,45,3
90,45,3
91,45,3
92,45,3
93,45,3
94,45,3
95,45,4
96,45,4
97,45,4
98,45,4
99,45,4
100,45,4
101,45,4
102,45,4
103,45,4
104,45,4
105,45,4
106,45,4
107,45,4
108,45,4
109,45,4
110,45,4
111,45,4
112,45,4
113,45,4
114,45,4
115,45,4
116,45,4
117,45,4
118,45,4
119,45,4
120,45,4
121,45,4
122,45,4
123,45,4
124,45,4
125,45,5
126,45,5
127,45,5
128,45,5
129,45,5
130,45,5
131,45,5
132,45,5
133,45,5
134,45,5
135,45,5
136,45,5
137,45,5
138,45,5
139,45,5
140,45,5
141,45,5
142,45,5
143,45,5
144,45,5
145,45,5
146,45,5
147,45,5
148,45,5
149,45,5
150,45,5
151,45,5
152,45,5
153,45,5
154,45,5
155,45,5
156,45,5
157,45,5
158,45,5
159,45,5
160,45,5
161,45,5
162,45,5
163,45,5
164,45,5
165,45,5
166,45,5
167,45,5
168,45,5
169,45,5
170,45,5
171,45,5
172,45,5
173,45,5
174,45,4
175,45,4
176,45,4
177,45,4
178,45,4
179,45,4
180,45,4
181,45,4
182,45,4
183,45,4
184,45,4
185,45,4
186,45,4
187,45,4
188,45,4
189,45,4
190,45,4
191,45,4
192,45,4
193,45,4
194,45,4
195,45,4
196,45,3
197,45,3
198,45,3
199,45,3
200,45,3
201,45,3
202,45,3
203,45,3
204,45,3
205,45,3
206,45,3
207,45,3
208,45,3
209,45,3
210,45,3
211,45,3
212,45,3
213,45,3
214,45,3
215,45,3
216,45,3
217,45,3
218,45,3
219,45,3
220,45,3
221,45,3
222,45,3
223,45,3
224,45,3
225,45,3
226,45,3
227,45,3
228,45,3
229,45,3
230,45,3
231,45,3
232,45,3
233,45,2
234,45,2
235,45,2
236,45,2
237,45,2
238,45,2
239,45,2
240,45,2
241,45,2
242,45,2
243,45,2
244,45,2
245,45,2
246,45,2
247,45,2
248,45,2
249,45,2
250,45,2
251,45,2
252,45,2
253,45,2
254,45,2
255,45,2
0,46,3
1,46,3
2,46,3
3,46,3
4,46,3
5,46,3
6,46,3
7,46,3
8,46,3
9,46,3
10,46,3
11,46,3
12,46,3
13,46,3
14,46,3
15,46,3
16,46,3
17,46,3
18,46,3
19,46,3
20,46,3
21,46,3
22,46,3
23,46,3
24,46,3
25,46,3
26,46,3
27,46,3
28,46,3
29,46,3
30,46,3
31,46,3
32,46,3
33,46,3
34,46,3
35,46,3
36,46,3
37,46,3
38,46,3
39,46,3
40,46,3
41,46,3
42,46,3
43,46,3
44,46,3
45,46,3
46,46,3
47,46,3
48,46,3
49,46,3
50,46,3
51,46,3
52,46,3
53,46,3
54,46,3
55,46,3
56,46,3
57,46,3
58,46,3
59,46,3
60,46,3
61,46,3
62,46,3
63,46,3
64,46,3
65,46,3
66,46,3
67,46,3
68,46,3
69,46,3
70,46,3
71,46,3
72,46,3
73,46,3
74,46,3
75,46,3
76,46,3
77,46,3
78,46,3
79,46,3
80,46,3
81,46,3
82,46,3
83,46,3
84,46,3
85,46,3
86,46,3
87,46,3
88,46,3
89,46,3
90,46,3
91,46,3
92,46,3
93,46,3
94,46,4
95,46,4
96,46,4
97,46,4
98,46,4
99,46,4
100,46,4
101,46,4
102,46,4
103,46,4
104,46,4
105,46,4
106,46,4
107,46,4
108,46,4
109,46,4
110,46,4
111,46,4
112,46,4
113,46,4
114,46,4
115,46,4
116,46,4
117,46,4
118,46,4
119,46,4
120,46,4
121,46,4
122,46,4
123,46,4
124,46,5
125,46,5
126,46,5
127,46,5
128,46,5
129,46,5
130,46,5
131,46,5
132,46,5
133,46,5
134,46,5
135,46,5
136,46,5
137,46,5
138,46,5
139,46,5
140,46,5
141,46,5
142,46,5
143,46,5
144,46,5
145,46,5
146,46,5
147,46,5
148,46,5
149,46,5
150,46,5
151,46,5
152,46,5
153,46,5
154,46,5
155,46,5
156,46,5
157,46,5
158,46,5
159,46,5
160,46,5
161,46,5
162,46,5
163,46,5
164,46,5
165,46,5
166,46,5
167,46,5
168,46,5
169,46,5
170,46,5
171,46,5
172,46,5
173,46,5
174,46,4
175,46,4
176,46,4
177,46,4
178,46,4
179,46,4
180,46,4
181,46,4
182,46,4
183,46,4
184,46,4
185,46,4
186,46,4
187,46,4
188,46,4
189,46,4
190,46,4
191,46,4
192,46,4
193,46,4
194,46,4
195,46,4
196,46,4
197,46,3
198,46,3
199,46,3
200,46,3
201,46,3
202,46,3
203,46,3
204,46,3
205,46,3
206,46,3
207,46,3
208,46,3
209,46,3
210,46,3
211,46,3
212,46,3
213,46,3
214,46,3
215,46,3
216,46,3
217,46,3
218,46,3
219,46,3
220,46,3
221,46,3
222,46,3
223,46,3
224,46,3
225,46,3
226,46,3
227,46,3
228,46,3
229,46,3
230,46,3
231,46,3
232,46,3
233,46,3
234,46,2
235,46,2
236,46,2
237,46,2
238,46,2
239,46,2
240,46,2
241,46,2
242,46,2
243,46,2
244,46,2
245,46,2
246,46,2
247,46,2
248,46,2
249,46,2
250,46,2
251,46,2
252,46,2
253,46,2
254,46,2
255,46,2
0,47,3
1,47,3
2,47,3
3,47,3
4,47,3
5,47,3
6,47,3
7,47,3
8,47,3
9,47,3
10,47,3
11,47,3
12,47,3
13,47,3
14,47,3
15,47,3
16,47,3
17,47,3
18,47,3
19,47,3
20,47,3
21,47,3
22,47,3
23,47,3
24,47,3
25,47,3
26,47,3
27,47,3
28,47,3
29,47,3
30,47,3
31,47,3
32,47,3
33,47,3
34,47,3
35,47,3
36,47,3
37,47,3
38,47,3
39,47,3
40,47,3
41,47,3
42,47,3
43,47,3
44,47,3
45,47,3
46,47,3
47,47,3
48,47,3
49,47,3
50,47,3
51,47,3
52,47,3
53,47,3
54,47,3
55,47,3
56,47,3
57,47,3
58,47,3
59,47,3
60,47,3
61,47,3
62,47,3
63,47,3
64,47,3
65,47,3
66,47,3
67,47,3
68,47,3
69,47,3
70,47,3
71,47,3
72,47,3
73,47,3
74,47,3
75,47,3
76,47,3
77,47,3
78,47,3
79,47,3
80,47,3
81,47,3
82,47,3
83,47,3
84,47,3
85,47,3
86,47,3
87,47,3
88,47,3
89,47,3
90,47,3
91,47,3
92,47,4
93,47,4
94,47,4
95,47,4
96,47,4
97,47,4
98,47,4
99,47,4
100,47,4
101,47,4
102,47,4
103,47,4
104,47,4
105,47,4
106,47,4
107,47,4
108,47,4
109,47,4
110,47,4
111,47,4
112,47,4
113,47,4
114,47,4
115,47,4
116,47,4
117,47,4
118,47,4
119,47,4
120,47,4
121,47,4
122,47,4
123,47,5
124,47,5
125,47,5
126,47,5
127,47,5
128,47,5
129,47,5
130,47,5
131,47,5
132,47,5
133,47,5
134,47,5
135,47,5
136,47,5
137,47,5
138,47,5
139,47,5
140,47,5
141,47,5
142,47,5
143,47,5
144,47,5
145,47,5
146,47,5
147,47,5
148,47,5
149,47,5
150,47,5
151,47,5
152,47,5
153,47,5
154,47,5
155,47,5
156,47,5
157,47,5
158,47,5
159,47,5
160,47,5
161,47,5
162,47,5
163,47,5
164,47,5
165,47,5
166,47,5
167,47,5
168,47,5
169,47,5
170,47,5
171,47,5
172,47,5
173,47,5
174,47,5
175,47,4
176,47,4
177,47,4
178,47,4
179,47,4
180,47,4
181,47,4
182,47,4
183,47,4
184,47,4
185,47,4
186,47,4
187,47,4
188,47,4
189,47,4
190,47,4
191,47,4
192,47,4
193,47,4
194,47,4
195,47,4
196,47,4
197,47,3
198,47,3
199,47,3
200,47,3
201,47,3
202,47,3
203,47,3
204,47,3
205,47,3
206,47,3
207,47,3
208,47,3
209,47,3
210,47,3
211,47,3
212,47,3
213,47,3
214,47,3
215,47,3
216,47,3
217,47,3
218,47,3
219,47,3
220,47,3
221,47,3
222,47,3
223,47,3
224,47,3
225,47,3
226,47,3
227,47,3
228,47,3
229,47,3
230,47,3
231,47,3
232,47,3
233,47,3
234,47,2
235,47,2
236,47,2
237,47,2
238,47,2
239,47,2
240,47,2
241,47,2
242,47,2
243,47,2
244,47,2
245,47,2
246,47,2
247,47,2
248,47,2
249,47,2
250,47,2
251,47,2
252,47,2
253,47,2
254,47,2
255,47,2
0,48,3
1,48,3
2,48,3
3,48,3
4,48,3
5,48,3
6,48,3
7,48,3
8,48,3
9,48,3
10,48,3
11,48,3
12,48,3
13,48,3
14,48,3
15,48,3
16,48,3
17,48,3
18,48,3
19,48,3
20,48,3
21,48,3
22,48,3
23,48,3
24,48,3
25,48,3
26,48,3
27,48,3
28,48,3
29,48,3
30,48,3
31,48,3
32,48,3
33,48,3
34,48,3
35,48,3
36,48,3
37,48,3
38,48,3
39,48,3
40,48,3
41,48,3
42,48,3
43,48,3
44,48,3
45,48,3
46,48,3
47,48,3
48,48,3
49,48,3
50,48,3
51,48,3
52,48,3
53,48,3
54,48,3
55,48,3
56,48,3
57,48,3
58,48,3
59,48,3
60,48,3
61,48,3
62,48,3
63,48,3
64,48,3
65,48,3
66,48,3
67,48,3
68,48,3
69,48,3
70,48,3
71,48,3
72,48,3
73,48,3
74,48,3
75,48,3
76,48,3
77,48,3
78,48,3
79,48,3
80,48,3
81,48,3
82,48,3
83,48,3
84,48,3
85,48,3
86,48,3
87,48,3
88,48,3
89,48,3
90,48,4
91,48,4
92,48,4
93,48,4
94,48,4
95,48,4
96,48,4
97,48,4
98,48,4
99,48,4
100,48,4
101,48,4
102,48,4
103,48,4
104,48,4
105,48,4
106,48,4
107,48,4
108,48,4
109,48,4
110,48,4
111,48,4
112,48,4
113,48,4
114,48,4
115,48,4
116,48,4
117,48,4
118,48,4
119,48,4
120,48,4
121,48,4
122,48,5
123,48,5
124,48,5
125,48,5
126,48,5
127,48,5
128,48,5
129,48,5
130,48,5
131,48,5
132,48,5
133,48,5
134,48,5
135,48,5
136,48,5
137,48,5
138,48,5
139,48,5
140,48,5
141,48,5
142,48,5
143,48,5
144,48,5
145,48,5
146,48,5
147,48,5
148,48,5
149,48,5
150,48,5
151,48,5
152,48,5
153,48,5
154,48,5
155,48,5
156,48,5
157,48,5
158,48,5
159,48,5
160,48,5
161,48,5
162,48,5
163,48,5
164,48,5
165,48,5
166,48,5
167,48,5
168,48,5
169,48,5
170,48,5
171,48,5
172,48,5
173,48,5
174,48,5
175,48,5
176,48,4
177,48,4
178,48,4
179,48,4
180,48,4
181,48,4
182,48,4
183,48,4
184,48,4
185,48,4
186,48,4
187,48,4
188,48,4
189,48,4
190,48,4
191,48,4
192,48,4
193,48,4
194,48,4
195,48,4
196,48,4
197,48,4
198,48,3
199,48,3
200,48,3
201,48,3
202,48,3
203,48,3
204,48,3
205,48,3
206,48,3
207,48,3
208,48,3
209,48,3
210,48,3
211,48,3
212,48,3
213,48,3
214,48,3
215,48,3
216,48,3
217,48,3
218,48,3
219,48,3
220,48,3
221,48,3
222,48,3
223,48,3
224,48,3
225,48,3
226,48,3
227,48,3
228,48,3
229,48,3
230,48,3
231,48,3
232,48,3
233,48,3
234,48,3
235,48,2
236,48,2
237,48,2
238,48,2
239,48,2
240,48,2
241,48,2
242,48,2
243,48,2
244,48,2
245,48,2
246,48,2
247,48,2
248,48,2
249,48,2
250,48,2
251,48,2
252,48,2
253,48,2
254,48,2
255,48,2
0,49,3
1,49,3
2,49,3
3,49,3
4,49,3
5,49,3
6,49,3
7,49,3
8,49,3
9,49,3
10,49,3
11,49,3
12,49,3
13,49,3
14,49,3
15,49,3
16,49,3
17,49,3
18,49,3
19,49,3
20,49,3
21,49,3
22,49,3
23,49,3
24,49,3
25,49,3
26,49,3
27,49,3
28,49,3
29,49,3
30,49,3
31,49,3
32,49,3
33,49,3
34,49,3
35,49,3
36,49,3
37,49,3
38,49,3
39,49,3
40,49,3
41,49,3
42,49,3
43,49,3
44,49,3
45,49,3
46,49,3
47,49,3
48,49,3
49,49,3
50,49,3
51,49,3
52,49,3
53,49,3
54,49,3
55,49,3
56,49,3
57,49,3
58,49,3
59,49,3
60,49,3
61,49,3
62,49,3
63,49,3
64,49,3
65,49,3
66,49,3
67,49,3
68,49,3
69,49,3
70,49,3
71,49,3
72,49,3
73,49,3
74,49,3
75,49,3
76,49,3
77,49,3
78,49,3
79,49,3
80,49,3
81,49,3
82,49,3
83,49,3
84,49,3
85,49,3
86,49,3
87,49,3
88,49,3
89,49,4
90,49,4
91,49,4
92,49,4
93,49,4
94,49,4
95,49,4
96,49,4
97,49,4
98,49,4
99,49,4
100,49,4
101,49,4
102,49,4
103,49,4
104,49,4
105,49,4
106,49,4
107,49,4
108,49,4
109,49,4
110,49,4
111,49,4
112,49,4
113,49,4
114,49,4
115,49,4
116,49,4
117,49,4
118,49,4
119,49,4
120,49,5
121,49,5
122,49,5
123,49,5
124,49,5
125,49,5
126,49,5
127,49,5
128,49,5
129,49,5
130,49,5
131,49,5
132,49,5
133,49,5
134,49,5
135,49,5
136,49,5
137,49,5
138,49,5
139,49,5
140,49,5
141,49,5
142,49,5
143,49,5
144,49,5
145,49,5
146,49,5
147,49,5
148,49,5
149,49,5
150,49,5
151,49,5
152,49,5
153,49,5
154,49,5
155,49,5
156,49,5
157,49,5
158,49,5
159,49,6
160,49,5
161,49,5
162,49,5
163,49,5
164,49,5
165,49,5
166,49,5
167,49,5
168,49,5
169,49,5
170,49,5
171,49,5
172,49,5
173,49,5
174,49,5
175,49,5
176,49,5
177,49,4
178,49,4
179,49,4
180,49,4
181,49,4
182,49,4
183,49,4
184,49,4
185,49,4
186,49,4
187,49,4
188,49,4
189,49,4
190,49,4
191,49,4
192,49,4
193,49,4
194,49,4
195,49,4
196,49,4
197,49,4
198,49,3
199,49,3
200,49,3
201,49,3
202,49,3
203,49,3
204,49,3
205,49,3
206,49,3
207,49,3
208,49,3
209,49,3
210,49,3
211,49,3
212,49,3
213,49,3
214,49,3
215,49,3
216,49,3
217,49,3
218,49,3
219,49,3
220,49,3
221,49,3
222,49,3
223,49,3
224,49,3
225,49,3
226,49,3
227,49,3
228,49,3
229,49,3
230,49,3
231,49,3
232,49,3
233,49,3
234,49,3
235,49,2
236,49,2
237,49,2
238,49,2
239,49,2
240,49,2
241,49,2
242,49,2
243,49,2
244,49,2
245,49,2
246,49,2
247,49,2
248,49,2
249,49,2
250,49,2
251,49,2
252,49,2
253,49,2
254,49,2
255,49,2
0,50,3
1,50,3
2,50,3
3,50,3
4,50,3
5,50,3
6,50,3
7,50,3
8,50,3
9,50,3
10,50,3
11,50,3
12,50,3
13,50,3
14,50,3
15,50,3
16,50,3
17,50,3
18,50,3
19,50,3
20,50,3
21,50,3
22,50,3
23,50,3
24,50,3
25,50,3
26,50,3
27,50,3
28,50,3
29,50,3
30,50,3
31,50,3
32,50,3
33,50,3
34,50,3
35,50,3
36,50,3
37,50,3
38,50,3
39,50,3
40,50,3
41,50,3
42,50,3
43,50,3
44,50,3
45,50,3
46,50,3
47,50,3
48,50,3
49,50,3
50,50,3
51,50,3
52,50,3
53,50,3
54,50,3
55,50,3
56,50,3
57,50,3
58,50,3
59,50,3
60,50,3
61,50,3
62,50,3
63,50,3
64,50,3
65,50,3
66,50,3
67,50,3
68,50,3
69,50,3
70,50,3
71,50,3
72,50,3
73,50,3
74,50,3
75,50,3
76,50,3
77,50,3
78,50,3
79,50,3
80,50,3
81,50,3
82,50,3
83,50,3
84,50,3
85,50,3
86,50,3
87,50,4
88,50,4
89,50,4
90,50,4
91,50,4
92,50,4
93,50,4
94,50,4
95,50,4
96,50,4
97,50,4
98,50,4
99,50,4
100,50,4
101,50,4
102,50,4
103,50,4
104,50,4
105,50,4
106,50,4
107,50,4
108,50,4
109,50,4
110,50,4
111,50,4
112,50,4
113,50,4
114,50,4
115,50,4
116,50,4
117,50,4
118,50,4
119,50,5
120,50,5
121,50,5
122,50,5
123,50,5
124,50,5
125,50,5
126,50,5
127,50,5
128,50,5
129,50,5
130,50,5
131,50,5
132,50,5
133,50,5
134,50,5
135,50,5
136,50,5
137,50,5
138,50,5
139,50,5
140,50,5
141,50,5
142,50,5
143,50,5
144,50,5
145,50,5
146,50,5
147,50,5
148,50,5
149,50,5
150,50,5
151,50,5
152,50,5
153,50,5
154,50,5
155,50,6
156,50,6
157,50,6
158,50,6
159,50,6
160,50,6
161,50,6
162,50,6
163,50,6
164,50,6
165,50,5
166,50,5
167,50,5
168,50,5
169,50,5
170,50,5
171,50,5
172,50,5
173,50,5
174,50,5
175,50,5
176,50,5
177,50,5
178,50,4
179,50,4
180,50,4
181,50,4
182,50,4
183,50,4
184,50,4
185,50,4
186,50,4
187,50,4
188,50,4
189,50,4
190,50,4
191,50,4
192,50,4
193,50,4
194,50,4
195,50,4
196,50,4
197,50,4
198,50,4
199,50,3
200,50,3
201,50,3
202,50,3
203,50,3
204,50,3
205,50,3
206,50,3
207,50,3
208,50,3
209,50,3
210,50,3
211,50,3
212,50,3
213,50,3
214,50,3
215,50,3
216,50,3
217,50,3
218,50,3
219,50,3
220,50,3
221,50,3
222,50,3
223,50,3
224,50,3
225,50,3
226,50,3
227,50,3
228,50,3
229,50,3
230,50,3
231,50,3
232,50,3
233,50,3
234,50,3
235,50,3
236,50,2
237,50,2
238,50,2
239,50,2
240,50,2
241,50,2
242,50,2
243,50,2
244,50,2
245,50,2
246,50,2
247,50,2
248,50,2
249,50,2
250,50,2
251,50,2
252,50,2
253,50,2
254,50,2
255,50,2
0,51,3
1,51,3
2,51,3
3,51,3
4,51,3
5,51,3
6,51,3
7,51,3
8,51,3
9,51,3
10,51,3
11,51,3
12,51,3
13,51,3
14,51,3
15,51,3
16,51,3
17,51,3
18,51,3
19,51,3
20,51,3
21,51,3
22,51,3
23,51,3
24,51,3
25,51,3
26,51,3
27,51,3
28,51,3
29,51,3
30,51,3
31,51,3
32,51,3
33,51,3
34,51,3
35,51,3
36,51,3
37,51,3
38,51,3
39,51,3
40,51,3
41,51,3
42,51,3
43,51,3
44,51,3
45,51,3
46,51,3
47,51,3
48,51,3
49,51,3
50,51,3
51,51,3
52,51,3
53,51,3
54,51,3
55,51,3
56,51,3
57,51,3
58,51,3
59,51,3
60,51,3
61,51,3
62,51,3
63,51,3
64,51,3
65,51,3
66,51,3
67,51,3
68,51,3
69,51,3
70,51,3
71,51,3
72,51,3
73,51,3
74,51,3
75,51,3
76,51,3
77,51,3
78,51,3
79,51,3
80,51,3
81,51,3
82,51,3
83,51,3
84,51,3
85,51,4
86,51,4
87,51,4
88,51,4
89,51,4
90,51,4
91,51,4
92,51,4
93,51,4
94,51,4
95,51,4
96,51,4
97,51,4
98,51,4
99,51,4
100,51,4
101,51,4
102,51,4
103,51,4
104,51,4
105,51,4
106,51,4
107,51,4
108,51,4
109,51,4
110,51,4
111,51,4
112,51,4
113,51,4
114,51,4
115,51,4
116,51,4
117,51,4
118,51,5
119,51,5
120,51,5
121,51,5
122,51,5
123,51,5
124,51,5
125,51,5
126,51,5
127,51,5
128,51,5
129,51,5
130,51,5
131,51,5
132,51,5
133,51,5
134,51,5
135,51,5
136,51,5
137,51,5
138,51,5
139,51,5
140,51,5
141,51,5
142,51,5
143,51,5
144,51,5
145,51,5
146,51,5
147,51,5
148,51,5
149,51,5
150,51,5
151,51,5
152,51,6
153,51,6
154,51,6
155,51,6
156,51,6
157,51,6
158,51,6
159,51,6
160,51,6
161,51,6
162,51,6
163,51,6
164,51,6
165,51,6
166,51,6
167,51,5
168,51,5
169,51,5
170,51,5
171,51,5
172,51,5
173,51,5
174,51,5
175,51,5
176,51,5
177,51,5
178,51,5
179,51,4
180,51,4
181,51,4
182,51,4
183,51,4
184,51,4
185,51,4
186,51,4
187,51,4
188,51,4
189,51,4
190,51,4
191,51,4
192,51,4
193,51,4
194,51,4
195,51,4
196,51,4
197,51,4
198,51,4
199,51,3
200,51,3
201,51,3
202,51,3
203,51,3
204,51,3
205,51,3
206,51,3
207,51,3
208,51,3
209,51,3
210,51,3
211,51,3
212,51,3
213,51,3
214,51,3
215,51,3
216,51,3
217,51,3
218,51,3
219,51,3
220,51,3
221,51,3
222,51,3
223,51,3
224,51,3
225,51,3
226,51,3
227,51,3
228,51,3
229,51,3
230,51,3
231,51,3
232,51,3
233,51,3
234,51,3
235,51,3
236,51,3
237,51,2
238,51,2
239,51,2
240,51,2
241,51,2
242,51,2
243,51,2
244,51,2
245,51,2
246,51,2
247,51,2
248,51,2
249,51,2
250,51,2
251,51,2
252,51,2
253,51,2
254,51,2
255,51,2
0,52,3
1,52,3
2,52,3
3,52,3
4,52,3
5,52,3
6,52,3
7,52,3
8,52,3
9,52,3
10,52,3
11,52,3
12,52,3
13,52,3
14,52,3
15,52,3
16,52,3
17,52,3
18,52,3
19,52,3
20,52,3
21,52,3
22,52,3
23,52,3
24,52,3
25,52,3
26,52,3
27,52,3
28,52,3
29,52,3
30,52,3
31,52,3
32,52,3
33,52,3
34,52,3
35,52,3
36,52,3
37,52,3
38,52,3
39,52,3
40,52,3
41,52,3
42,52,3
43,52,3
44,52,3
45,52,3
46,52,3
47,52,3
48,52,3
49,52,3
50,52,3
51,52,3
52,52,3
53,52,3
54,52,3
55,52,3
56,52,3
57,52,3
58,52,3
59,52,3
60,52,3
61,52,3
62,52,3
63,52,3
64,52,3
65,52,3
66,52,3
67,52,3
68,52,3
69,52,3
70,52,3
71,52,3
72,52,3
73,52,3
74,52,3
75,52,3
76,52,3
77,52,3
78,52,3
79,52,3
80,52,3
81,52,3
82,52,3
83,52,3
84,52,4
85,52,4
86,52,4
87,52,4
88,52,4
89,52,4
90,52,4
91,52,4
92,52,4
93,52,4
94,52,4
95,52,4
96,52,4
97,52,4
98,52,4
99,52,4
100,52,4
101,52,4
102,52,4
103,52,4
104,52,4
105,52,4
106,52,4
107,52,4
108,52,4
109,52,4
110,52,4
111,52,4
112,52,4
113,52,4
114,52,4
115,52,4
116,52,4
117,52,5
118,52,5
119,52,5
120,52,5
121,52,5
122,52,5
123,52,5
124,52,5
125,52,5
126,52,5
127,52,5
128,52,5
129,52,5
130,52,5
131,52,5
132,52,5
133,52,5
134,52,5
135,52,5
136,52,5
137,52,5
138,52,5
139,52,5
140,52,5
141,52,5
142,52,5
143,52,5
144,52,5
145,52,5
146,52,5
147,52,5
148,52,5
149,52,6
150,52,6
151,52,6
152,52,6
153,52,6
154,52,6
155,52,6
156,52,6
157,52,6
158,52,6
159,52,6
160,52,6
161,52,6
162,52,6
163,52,6
164,52,6
165,52,6
166,52,6
167,52,6
168,52,6
169,52,5
170,52,5
171,52,5
172,52,5
173,52,5
174,52,5
175,52,5
176,52,5
177,52,5
178,52,5
179,52,5
180,52,4
181,52,4
182,52,4
183,52,4
184,52,4
185,52,4
186,52,4
187,52,4
188,52,4
189,52,4
190,52,4
191,52,4
192,52,4
193,52,4
194,52,4
195,52,4
196,52,4
197,52,4
198,52,4
199,52,4
200,52,3
201,52,3
202,52,3
203,52,3
204,52,3
205,52,3
206,52,3
207,52,3
208,52,3
209,52,3
210,52,3
211,52,3
212,52,3
213,52,3
214,52,3
215,52,3
216,52,3
217,52,3
218,52,3
219,52,3
220,52,3
221,52,3
222,52,3
223,52,3
224,52,3
225,52,3
226,52,3
227,52,3
228,52,3
229,52,3
230,52,3
231,52,3
232,52,3
233,52,3
234,52,3
235,52,3
236,52,3
237,52,2
238,52,2
239,52,2
240,52,2
241,52,2
242,52,2
243,52,2
244,52,2
245,52,2
246,52,2
247,52,2
248,52,2
249,52,2
250,52,2
251,52,2
252,52,2
253,52,2
254,52,2
255,52,2
0,53,3
1,53,3
2,53,3
3,53,3
4,53,3
5,53,3
6,53,3
7,53,3
8,53,3
9,53,3
10,53,3
11,53,3
12,53,3
13,53,3
14,53,3
15,53,3
16,53,3
17,53,3
18,53,3
19,53,3
20,53,3
21,53,3
22,53,3
23,53,3
24,53,3
25,53,3
26,53,3
27,53,3
28,53,3
29,53,3
30,53,3
31,53,3
32,53,3
33,53,3
34,53,3
35,53,3
36,53,3
37,53,3
38,53,3
39,53,3
40,53,3
41,53,3
42,53,3
43,53,3
44,53,3
45,53,3
46,53,3
47,53,3
48,53,3
49,53,3
50,53,3
51,53,3
52,53,3
53,53,3
54,53,3
55,53,3
56,53,3
57,53,3
58,53,3
59,53,3
60,53,3
61,53,3
62,53,3
63,53,3
64,53,3
65,53,3
66,53,3
67,53,3
68,53,3
69,53,3
70,53,3
71,53,3
72,53,3
73,53,3
74,53,3
75,53,3
76,53,3
77,53,3
78,53,3
79,53,3
80,53,3
81,53,3
82,53,4
83,53,4
84,53,4
85,53,4
86,53,4
87,53,4
88,53,4
89,53,4
90,53,4
91,53,4
92,53,4
93,53,4
94,53,4
95,53,4
96,53,4
97,53,4
98,53,4
99,53,4
100,53,4
101,53,4
102,53,4
103,53,4
104,53,4
105,53,4
106,53,4
107,53,4
108,53,4
109,53,4
110,53,4
111,53,4
112,53,4
113,53,4
114,53,4
115,53,4
116,53,5
117,53,5
118,53,5
119,53,5
120,53,5
121,53,5
122,53,5
123,53,5
124,53,5
125,53,5
126,53,5
127,53,5
128,53,5
129,53,5
130,53,5
131,53,5
132,53,5
133,53,5
134,53,5
135,53,5
136,53,5
137,53,5
138,53,5
139,53,5
140,53,5
141,53,5
142,53,5
143,53,5
144,53,5
145,53,6
146,53,6
147,53,6
148,53,6
149,53,6
150,53,6
151,53,6
152,53,6
153,53,6
154,53,6
155,53,6
156,53,6
157,53,6
158,53,6
159,53,6
160,53,6
161,53,6
162,53,6
163,53,6
164,53,6
165,53,6
166,53,6
167,53,6
168,53,6
169,53,6
170,53,6
171,53,5
172,53,5
173,53,5
174,53,5
175,53,5
176,53,5
177,53,5
178,53,5
179,53,5
180,53,5
181,53,4
182,53,4
183,53,4
184,53,4
185,53,4
186,53,4
187,53,4
188,53,4
189,53,4
190,53,4
191,53,4
192,53,4
193,53,4
194,53,4
195,53,4
196,53,4
197,53,4
198,53,4
199,53,4
200,53,3
201,53,3
202,53,3
203,53,3
204,53,3
205,53,3
206,53,3
207,53,3
208,53,3
209,53,3
210,53,3
211,53,3
212,53,3
213,53,3
214,53,3
215,53,3
216,53,3
217,53,3
218,53,3
219,53,3
220,53,3
221,53,3
222,53,3
223,53,3
224,53,3
225,53,3
226,53,3
227,53,3
228,53,3
229,53,3
230,53,3
231,53,3
232,53,3
233,53,3
234,53,3
235,53,3
236,53,3
237,53,3
238,53,2
239,53,2
240,53,2
241,53,2
242,53,2
243,53,2
244,53,2
245,53,2
246,53,2
247,53,2
248,53,2
249,53,2
250,53,2
251,53,2
252,53,2
253,53,2
254,53,2
255,53,2
0,54,3
1,54,3
2,54,3
3,54,3
4,54,3
5,54,3
6,54,3
7,54,3
8,54,3
9,54,3
10,54,3
11,54,3
12,54,3
13,54,3
14,54,3
15,54,3
16,54,3
17,54,3
18,54,3
19,54,3
20,54,3
21,54,3
22,54,3
23,54,3
24,54,3
25,54,3
26,54,3
27,54,3
28,54,3
29,54,3
30,54,3
31,54,3
32,54,3
33,54,3
34,54,3
35,54,3
36,54,3
37,54,3
38,54,3
39,54,3
40,54,3
41,54,3
42,54,3
43,54,3
44,54,3
45,54,3
46,54,3
47,54,3
48,54,3
49,54,3
50,54,3
51,54,3
52,54,3
53,54,3
54,54,3
55,54,3
56,54,3
57,54,3
58,54,3
59,54,3
60,54,3
61,54,3
62,54,3
63,54,3
64,54,3
65,54,3
66,54,3
67,54,3
68,54,3
69,54,3
70,54,3
71,54,3
72,54,3
73,54,3
74,54,3
75,54,3
76,54,3
77,54,3
78,54,3
79,54,3
80,54,4
81,54,4
82,54,4
83,54,4
84,54,4
85,54,4
86,54,4
87,54,4
88,54,4
89,54,4
90,54,4
91,54,4
92,54,4
93,54,4
94,54,4
95,54,4
96,54,4
97,54,4
98,54,4
99,54,4
100,54,4
101,54,4
102,54,4
103,54,4
104,54,4
105,54,4
106,54,4
107,54,4
108,54,4
109,54,4
110,54,4
111,54,4
112,54,4
113,54,4
114,54,5
115,54,5
116,54,5
117,54,5
118,54,5
119,54,5
120,54,5
121,54,5
122,54,5
123,54,5
124,54,5
125,54,5
126,54,5
127,54,5
128,54,5
129,54,5
130,54,5
131,54,5
132,54,5
133,54,5
134,54,5
135,54,5
136,54,5
137,54,5
138,54,5
139,54,5
140,54,5
141,54,6
142,54,6
143,54,6
144,54,6
145,54,6
146,54,6
147,54,6
148,54,6
149,54,6
150,54,6
151,54,6
152,54,6
153,54,6
154,54,6
155,54,6
156,54,6
157,54,6
158,54,6
159,54,6
160,54,6
161,54,6
162,54,6
163,54,6
164,54,6
165,54,6
166,54,6
167,54,6
168,54,6
169,54,6
170,54,6
171,54,6
172,54,5
173,54,5
174,54,5
175,54,5
176,54,5
177,54,5
178,54,5
179,54,5
180,54,5
181,54,5
182,54,4
183,54,4
184,54,4
185,54,4
186,54,4
187,54,4
188,54,4
189,54,4
190,54,4
191,54,4
192,54,4
193,54,4
194,54,4
195,54,4
196,54,4
197,54,4
198,54,4
199,54,4
200,54,3
201,54,3
202,54,3
203,54,3
204,54,3
205,54,3
206,54,3
207,54,3
208,54,3
209,54,3
210,54,3
211,54,3
212,54,3
213,54,3
214,54,3
215,54,3
216,54,3
217,54,3
218,54,3
219,54,3
220,54,3
221,54,3
222,54,3
223,54,3
224,54,3
225,54,3
226,54,3
227,54,3
228,54,3
229,54,3
230,54,3
231,54,3
232,54,3
233,54,3
234,54,3
235,54,3
236,54,3
237,54,3
238,54,2
239,54,2
240,54,2
241,54,2
242,54,2
243,54,2
244,54,2
245,54,2
246,54,2
247,54,2
248,54,2
249,54,2
250,54,2
251,54,2
252,54,2
253,54,2
254,54,2
255,54,2
0,55,3
1,55,3
2,55,3
3,55,3
4,55,3
5,55,3
6,55,3
7,55,3
8,55,3
9,55,3
10,55,3
11,55,3
12,55,3
13,55,3
14,55,3
15,55,3
16,55,3
17,55,3
18,55,3
19,55,3
20,55,3
21,55,3
22,55,3
23,55,3
24,55,3
25,55,3
26,55,3
27,55,3
28,55,3
29,55,3
30,55,3
31,55,3
32,55,3
33,55,3
34,55,3
35,55,3
36,55,3
37,55,3
38,55,3
39,55,3
40,55,3
41,55,3
42,55,3
43,55,3
44,55,3
45,55,3
46,55,3
47,55,3
48,55,3
49,55,3
50,55,3
51,55,3
52,55,3
53,55,3
54,55,3
55,55,3
56,55,3
57,55,3
58,55,3
59,55,3
60,55,3
61,55,3
62,55,3
63,55,3
64,55,3
65,55,3
66,55,3
67,55,3
68,55,3
69,55,3
70,55,3
71,55,3
72,55,3
73,55,3
74,55,3
75,55,3
76,55,3
77,55,3
78,55,4
79,55,4
80,55,4
81,55,4
82,55,4
83,55,4
84,55,4
85,55,4
86,55,4
87,55,4
88,55,4
89,55,4
90,55,4
91,55,4
92,55,4
93,55,4
94,55,4
95,55,4
96,55,4
97,55,4
98,55,4
99,55,4
100,55,4
101,55,4
102,55,4
103,55,4
104,55,4
105,55,4
106,55,4
107,55,4
108,55,4
109,55,4
110,55,4
111,55,4
112,55,4
113,55,5
114,55,5
115,55,5
116,55,5
117,55,5
118,55,5
119,55,5
120,55,5
121,55,5
122,55,5
123,55,5
124,55,5
125,55,5
126,55,5
127,55,5
128,55,5
129,55,5
130,55,5
131,55,5
132,55,5
133,55,5
134,55,5
135,55,5
136,55,6
137,55,6
138,55,6
139,55,6
140,55,6
141,55,6
142,55,6
143,55,6
144,55,6
145,55,6
146,55,6
147,55,6
148,55,6
149,55,6
150,55,6
151,55,6
152,55,6
153,55,6
154,55,6
155,55,6
156,55,7
157,55,6
158,55,6
159,55,6
160,55,6
161,55,6
162,55,6
163,55,6
164,55,6
165,55,6
166,55,6
167,55,6
168,55,6
169,55,6
170,55,6
171,55,6
172,55,6
173,55,5
174,55,5
175,55,5
176,55,5
177,55,5
178,55,5
179,55,5
180,55,5
181,55,5
182,55,5
183,55,4
184,55,4
185,55,4
186,55,4
187,55,4
188,55,4
189,55,4
190,55,4
191,55,4
192,55,4
193,55,4
194,55,4
195,55,4
196,55,4
197,55,4
198,55,4
199,55,4
200,55,4
201,55,3
202,55,3
203,55,3
204,55,3
205,55,3
206,55,3
207,55,3
208,55,3
209,55,3
210,55,3
211,55,3
212,55,3
213,55,3
214,55,3
215,55,3
216,55,3
217,55,3
218,55,3
219,55,3
220,55,3
221,55,3
222,55,3
223,55,3
224,55,3
225,55,3
226,55,3
227,55,3
228,55,3
229,55,3
230,55,3
231,55,3
232,55,3
233,55,3
234,55,3
235,55,3
236,55,3
237,55,3
238,55,3
239,55,2
240,55,2
241,55,2
242,55,2
243,55,2
244,55,2
245,55,2
246,55,2
247,55,2
248,55,2
249,55,2
250,55,2
251,55,2
252,55,2
253,55,2
254,55,2
255,55,2
0,56,3
1,56,3
2,56,3
3,56,3
4,56,3
5,56,3
6,56,3
7,56,3
8,56,3
9,56,3
10,56,3
11,56,3
12,56,3
13,56,3
14,56,3
15,56,3
16,56,3
17,56,3
18,56,3
19,56,3
20,56,3
21,56,3
22,56,3
23,56,3
24,56,3
25,56,3
26,56,3
27,56,3
28,56,3
29,56,3
30,56,3
31,56,3
32,56,3
33,56,3
34,56,3
35,56,3
36,56,3
37,56,3
38,56,3
39,56,3
40,56,3
41,56,3
42,56,3
43,56,3
44,56,3
45,56,3
46,56,3
47,56,3
48,56,3
49,56,3
50,56,3
51,56,3
52,56,3
53,56,3
54,56,3
55,56,3
56,56,3
57,56,3
58,56,3
59,56,3
60,56,3
61,56,3
62,56,3
63,56,3
64,56,3
65,56,3
66,56,3
67,56,3
68,56,3
69,56,3
70,56,3
71,56,3
72,56,3
73,56,3
74,56,3
75,56,3
76,56,4
77,56,4
78,56,4
79,56,4
80,56,4
81,56,4
82,56,4
83,56,4
84,56,4
85,56,4
86,56,4
87,56,4
88,56,4
89,56,4
90,56,4
91,56,4
92,56,4
93,56,4
94,56,4
95,56,4
96,56,4
97,56,4
98,56,4
99,56,4
100,56,4
101,56,4
102,56,4
103,56,4
104,56,4
105,56,4
106,56,4
107,56,4
108,56,4
109,56,4
110,56,4
111,56,4
112,56,5
113,56,5
114,56,5
115,56,5
116,56,5
117,56,5
118,56,5
119,56,5
120,56,5
121,56,5
122,56,5
123,56,5
124,56,5
125,56,5
126,56,5
127,56,5
128,56,6
129,56,6
130,56,6
131,56,6
132,56,6
133,56,6
134,56,6
135,56,6
136,56,6
137,56,6
138,56,6
139,56,6
140,56,6
141,56,6
142,56,6
143,56,6
144,56,6
145,56,6
146,56,6
147,56,6
148,56,6
149,56,6
150,56,6
151,56,6
152,56,6
153,56,6
154,56,7
155,56,7
156,56,7
157,56,7
158,56,7
159,56,7
160,56,7
161,56,6
162,56,6
163,56,6
164,56,6
165,56,6
166,56,6
167,56,6
168,56,6
169,56,6
170,56,6
171,56,6
172,56,6
173,56,6
174,56,5
175,56,5
176,56,5
177,56,5
178,56,5
179,56,5
180,56,5
181,56,5
182,56,5
183,56,5
184,56,4
185,56,4
186,56,4
187,56,4
188,56,4
189,56,4
190,56,4
191,56,4
192,56,4
193,56,4
194,56,4
195,56,4
196,56,4
197,56,4
198,56,4
199,56,4
200,56,4
201,56,3
202,56,3
203,56,3
204,56,3
205,56,3
206,56,3
207,56,3
208,56,3
209,56,3
210,56,3
211,56,3
212,56,3
213,56,3
214,56,3
215,56,3
216,56,3
217,56,3
218,56,3
219,56,3
220,56,3
221,56,3
222,56,3
223,56,3
224,56,3
225,56,3
226,56,3
227,56,3
228,56,3
229,56,3
230,56,3
231,56,3
232,56,3
233,56,3
234,56,3
235,56,3
236,56,3
237,56,3
238,56,3
239,56,2
240,56,2
241,56,2
242,56,2
243,56,2
244,56,2
245,56,2
246,56,2
247,56,2
248,56,2
249,56,2
250,56,2
251,56,2
252,56,2
253,56,2
254,56,2
255,56,2
0,57,3
1,57,3
2,57,3
3,57,3
4,57,3
5,57,3
6,57,3
7,57,3
8,57,3
9,57,3
10,57,3
11,57,3
12,57,3
13,57,3
14,57,3
15,57,3
16,57,3
17,57,3
18,57,3
19,57,3
20,57,3
21,57,3
22,57,3
23,57,3
24,57,3
25,57,3
26,57,3
27,57,3
28,57,3
29,57,3
30,57,3
31,57,3
32,57,3
33,57,3
34,57,3
35,57,3
36,57,3
37,57,3
38,57,3
39,57,3
40,57,3
41,57,3
42,57,3
43,57,3
44,57,3
45,57,3
46,57,3
47,57,3
48,57,3
49,57,3
50,57,3
51,57,3
52,57,3
53,57,3
54,57,3
55,57,3
56,57,3
57,57,3
58,57,3
59,57,3
60,57,3
61,57,3
62,57,3
63,57,3
64,57,3
65,57,3
66,57,3
67,57,3
68,57,3
69,57,3
70,57,3
71,57,3
72,57,3
73,57,3
74,57,3
75,57,4
76,57,4
77,57,4
78,57,4
79,57,4
80,57,4
81,57,4
82,57,4
83,57,4
84,57,4
85,57,4
86,57,4
87,57,4
88,57,4
89,57,4
90,57,4
91,57,4
92,57,4
93,57,4
94,57,4
95,57,4
96,57,4
97,57,4
98,57,4
99,57,4
100,57,4
101,57,4
102,57,4
103,57,4
104,57,4
105,57,4
106,57,4
107,57,4
108,57,4
109,57,4
110,57,5
111,57,5
112,57,5
113,57,5
114,57,5
115,57,5
116,57,5
117,57,5
118,57,5
119,57,5
120,57,5
121,57,5
122,57,5
123,57,5
124,57,5
125,57,5
126,57,5
127,57,6
128,57,6
129,57,6
130,57,6
131,57,6
132,57,6
133,57,6
134,57,6
135,57,6
136,57,6
137,57,6
138,57,6
139,57,6
140,57,6
141,57,6
142,57,6
143,57,6
144,57,6
145,57,6
146,57,6
147,57,6
148,57,6
149,57,6
150,57,6
151,57,6
152,57,7
153,57,7
154,57,7
155,57,7
156,57,7
157,57,7
158,57,7
159,57,7
160,57,7
161,57,7
162,57,7
163,57,7
164,57,6
165,57,6
166,57,6
167,57,6
168,57,6
169,57,6
170,57,6
171,57,6
172,57,6
173,57,6
174,57,5
175,57,5
176,57,5
177,57,5
178,57,5
179,57,5
180,57,5
181,57,5
182,57,5
183,57,5
184,57,5
185,57,4
186,57,4
187,57,4
188,57,4
189,57,4
190,57,4
191,57,4
192,57,4
193,57,4
194,57,4
195,57,4
196,57,4
197,57,4
198,57,4
199,57,4
200,57,4
201,57,4
202,57,3
203,57,3
204,57,3
205,57,3
206,57,3
207,57,3
208,57,3
209,57,3
210,57,3
211,57,3
212,57,3
213,57,3
214,57,3
215,57,3
216,57,3
217,57,3
218,57,3
219,57,3
220,57,3
221,57,3
222,57,3
223,57,3
224,57,3
225,57,3
226,57,3
227,57,3
228,57,3
229,57,3
230,57,3
231,57,3
232,57,3
233,57,3
234,57,3
235,57,3
236,57,3
237,57,3
238,57,3
239,57,3
240,57,2
241,57,2
242,57,2
243,57,2
244,57,2
245,57,2
246,57,2
247,57,2
248,57,2
249,57,2
250,57,2
251,57,2
252,57,2
253,57,2
254,57,2
255,57,2
0,58,3
1,58,3
2,58,3
3,58,3
4,58,3
5,58,3
6,58,3
7,58,3
8,58,3
9,58,3
10,58,3
11,58,3
12,58,3
13,58,3
14,58,3
15,58,3
16,58,3
17,58,3
18,58,3
19,58,3
20,58,3
21,58,3
22,58,3
23,58,3
24,58,3
25,58,3
26,58,3
27,58,3
28,58,3
29,58,3
30,58,3
31,58,3
32,58,3
33,58,3
34,58,3
35,58,3
36,58,3
37,58,3
38,58,3
39,58,3
40,58,3
41,58,3
42,58,3
43,58,3
44,58,3
45,58,3
46,58,3
47,58,3
48,58,3
49,58,3
50,58,3
51,58,3
52,58,3
53,58,3
54,58,3
55,58,3
56,58,3
57,58,3
58,58,3
59,58,3
60,58,3
61,58,3
62,58,3
63,58,3
64,58,3
65,58,3
66,58,3
67,58,3
68,58,3
69,58,3
70,58,3
71,58,3
72,58,3
73,58,4
74,58,4
75,58,4
76,58,4
77,58,4
78,58,4
79,58,4
80,58,4
81,58,4
82,58,4
83,58,4
84,58,4
85,58,4
86,58,4
87,58,4
88,58,4
89,58,4
90,58,4
91,58,4
92,58,4
93,58,4
94,58,4
95,58,4
96,58,4
97,58,4
98,58,4
99,58,4
100,58,4
101,58,4
102,58,4
103,58,4
104,58,4
105,58,4
106,58,4
107,58,4
108,58,4
109,58,5
110,58,5
111,58,5
112,58,5
113,58,5
114,58,5
115,58,5
116,58,5
117,58,5
118,58,5
119,58,5
120,58,5
121,58,5
122,58,5
123,58,5
124,58,5
125,58,5
126,58,6
127,58,6
128,58,6
129,58,6
130,58,6
131,58,6
132,58,6
133,58,6
134,58,6
135,58,6
136,58,6
137,58,6
138,58,6
139,58,6
140,58,6
141,58,6
142,58,6
143,58,6
144,58,6
145,58,6
146,58,6
147,58,6
148,58,6
149,58,6
150,58,7
151,58,7
152,58,7
153,58,7
154,58,7
155,58,7
156,58,7
157,58,7
158,58,7
159,58,7
160,58,7
161,58,7
162,58,7
163,58,7
164,58,7
165,58,7
166,58,7
167,58,6
168,58,6
169,58,6
170,58,6
171,58,6
172,58,6
173,58,6
174,58,6
175,58,5
176,58,5
177,58,5
178,58,5
179,58,5
180,58,5
181,58,5
182,58,5
183,58,5
184,58,5
185,58,5
186,58,4
187,58,4
188,58,4
189,58,4
190,58,4
191,58,4
192,58,4
193,58,4
194,58,4
195,58,4
196,58,4
197,58,4
198,58,4
199,58,4
200,58,4
201,58,4
202,58,3
203,58,3
204,58,3
205,58,3
206,58,3
207,58,3
208,58,3
209,58,3
210,58,3
211,58,3
212,58,3
213,58,3
214,58,3
215,58,3
216,58,3
217,58,3
218,58,3
219,58,3
220,58,3
221,58,3
222,58,3
223,58,3
224,58,3
225,58,3
226,58,3
227,58,3
228,58,3
229,58,3
230,58,3
231,58,3
232,58,3
233,58,3
234,58,3
235,58,3
236,58,3
237,58,3
238,58,3
239,58,3
240,58,2
241,58,2
242,58,2
243,58,2
244,58,2
245,58,2
246,58,2
247,58,2
248,58,2
249,58,2
250,58,2
251,58,2
252,58,2
253,58,2
254,58,2
255,58,2
0,59,3
1,59,3
2,59,3
3,59,3
4,59,3
5,59,3
6,59,3
7,59,3
8,59,3
9,59,3
10,59,3
11,59,3
12,59,3
13,59,3
14,59,3
15,59,3
16,59,3
17,59,3
18,59,3
19,59,3
20,59,3
21,59,3
22,59,3
23,59,3
24,59,3
25,59,3
26,59,3
27,59,3
28,59,3
29,59,3
30,59,3
31,59,3
32,59,3
33,59,3
34,59,3
35,59,3
36,59,3
37,59,3
38,59,3
39,59,3
40,59,3
41,59,3
42,59,3
43,59,3
44,59,3
45,59,3
46,59,3
47,59,3
48,59,3
49,59,3
50,59,3
51,59,3
52,59,3
53,59,3
54,59,3
55,59,3
56,59,3
57,59,3
58,59,3
59,59,3
60,59,3
61,59,3
62,59,3
63,59,3
64,59,3
65,59,3
66,59,3
67,59,3
68,59,3
69,59,3
70,59,3
71,59,4
72,59,4
73,59,4
74,59,4
75,59,4
76,59,4
77,59,4
78,59,4
79,59,4
80,59,4
81,59,4
82,59,4
83,59,4
84,59,4
85,59,4
86,59,4
87,59,4
88,59,4
89,59,4
90,59,4
91,59,4
92,59,4
93,59,4
94,59,4
95,59,4
96,59,4
97,59,4
98,59,4
99,59,4
100,59,4
101,59,4
102,59,4
103,59,4
104,59,4
105,59,4
106,59,4
107,59,4
108,59,5
109,59,5
110,59,5
111,59,5
112,59,5
113,59,5
114,59,5
115,59,5
116,59,5
117,59,5
118,59,5
119,59,5
120,59,5
121,59,5
122,59,5
123,59,5
124,59,5
125,59,6
126,59,6
127,59,6
128,59,6
129,59,6
130,59,6
131,59,6
132,59,6
133,59,6
134,59,6
135,59,6
136,59,6
137,59,6
138,59,6
139,59,6
140,59,6
141,59,6
142,59,6
143,59,6
144,59,6
145,59,6
146,59,6
147,59,7
148,59,7
149,59,7
150,59,7
151,59,7
152,59,7
153,59,7
154,59,7
155,59,8
156,59,8
157,59,8
158,59,8
159,59,7
160,59,7
161,59,7
162,59,7
163,59,7
164,59,7
165,59,7
166,59,7
167,59,7
168,59,6
169,59,6
170,59,6
171,59,6
172,59,6
173,59,6
174,59,6
175,59,6
176,59,5
177,59,5
178,59,5
179,59,5
180,59,5
181,59,5
182,59,5
183,59,5
184,59,5
185,59,5
186,59,5
187,59,4
188,59,4
189,59,4
190,59,4
191,59,4
192,59,4
193,59,4
194,59,4
195,59,4
196,59,4
197,59,4
198,59,4
199,59,4
200,59,4
201,59,4
202,59,3
203,59,3
204,59,3
205,59,3
206,59,3
207,59,3
208,59,3
209,59,3
210,59,3
211,59,3
212,59,3
213,59,3
214,59,3
215,59,3
216,59,3
217,59,3
218,59,3
219,59,3
220,59,3
221,59,3
222,59,3
223,59,3
224,59,3
225,59,3
226,59,3
227,59,3
228,59,3
229,59,3
230,59,3
231,59,3
232,59,3
233,59,3
234,59,3
235,59,3
236,59,3
237,59,3
238,59,3
239,59,3
240,59,3
241,59,2
242,59,2
243,59,2
244,59,2
245,59,2
246,59,2
247,59,2
248,59,2
249,59,2
250,59,2
251,59,2
252,59,2
253,59,2
254,59,2
255,59,2
0,60,3
1,60,3
2,60,3
3,60,3
4,60,3
5,60,3
6,60,3
7,60,3
8,60,3
9,60,3
10,60,3
11,60,3
12,60,3
13,60,3
14,60,3
15,60,3
16,60,3
17,60,3
18,60,3
19,60,3
20,60,3
21,60,3
22,60,3
23,60,3
24,60,3
25,60,3
26,60,3
27,60,3
28,60,3
29,60,3
30,60,3
31,60,3
32,60,3
33,60,3
34,60,3
35,60,3
36,60,3
37,60,3
38,60,3
39,60,3
40,60,3
41,60,3
42,60,3
43,60,3
44,60,3
45,60,3
46,60,3
47,60,3
48,60,3
49,60,3
50,60,3
51,60,3
52,60,3
53,60,3
54,60,3
55,60,3
56,60,3
57,60,3
58,60,3
59,60,3
60,60,3
61,60,3
62,60,3
63,60,3
64,60,3
65,60,3
66,60,3
67,60,3
68,60,3
69,60,4
70,60,4
71,60,4
72,60,4
73,60,4
74,60,4
75,60,4
76,60,4
77,60,4
78,60,4
79,60,4
80,60,4
81,60,4
82,60,4
83,60,4
84,60,4
85,60,4
86,60,4
87,60,4
88,60,4
89,60,4
90,60,4
91,60,4
92,60,4
93,60,4
94,60,4
95,60,4
96,60,4
97,60,4
98,60,4
99,60,4
100,60,4
101,60,4
102,60,4
103,60,4
104,60,4
105,60,4
106,60,5
107,60,5
108,60,5
109,60,5
110,60,5
111,60,5
112,60,5
113,60,5
114,60,5
115,60,5
116,60,5
117,60,5
118,60,5
119,60,5
120,60,5
121,60,5
122,60,5
123,60,5
124,60,6
125,60,6
126,60,6
127,60,6
128,60,6
129,60,6
130,60,6
131,60,6
132,60,6
133,60,6
134,60,6
135,60,6
136,60,6
137,60,6
138,60,6
139,60,6
140,60,6
141,60,6
142,60,6
143,60,6
144,60,7
145,60,7
146,60,7
147,60,7
148,60,7
149,60,7
150,60,7
151,60,7
152,60,8
153,60,8
154,60,8
155,60,8
156,60,8
157,60,8
158,60,8
159,60,8
160,60,8
161,60,7
162,60,7
163,60,7
164,60,7
165,60,7
166,60,7
167,60,7
168,60,6
169,60,6
170,60,6
171,60,6
172,60,6
173,60,6
174,60,6
175,60,6
176,60,6
177,60,5
178,60,5
179,60,5
180,60,5
181,60,5
182,60,5
183,60,5
184,60,5
185,60,5
186,60,5
187,60,5
188,60,4
189,60,4
190,60,4
191,60,4
192,60,4
193,60,4
194,60,4
195,60,4
196,60,4
197,60,4
198,60,4
199,60,4
200,60,4
201,60,4
202,60,4
203,60,3
204,60,3
205,60,3
206,60,3
207,60,3
208,60,3
209,60,3
210,60,3
211,60,3
212,60,3
213,60,3
214,60,3
215,60,3
216,60,3
217,60,3
218,60,3
219,60,3
220,60,3
221,60,3
222,60,3
223,60,3
224,60,3
225,60,3
226,60,3
227,60,3
228,60,3
229,60,3
230,60,3
231,60,3
232,60,3
233,60,3
234,60,3
235,60,3
236,60,3
237,60,3
238,60,3
239,60,3
240,60,3
241,60,2
242,60,2
243,60,2
244,60,2
245,60,2
246,60,2
247,60,2
248,60,2
249,60,2
250,60,2
251,60,2
252,60,2
253,60,2
254,60,2
255,60,2
0,61,3
1,61,3
2,61,3
3,61,3
4,61,3
5,61,3
6,61,3
7,61,3
8,61,3
9,61,3
10,61,3
11,61,3
12,61,3
13,61,3
14,61,3
15,61,3
16,61,3
17,61,3
18,61,3
19,61,3
20,61,3
21,61,3
22,61,3
23,61,3
24,61,3
25,61,3
26,61,3
27,61,3
28,61,3
29,61,3
30,61,3
31,61,3
32,61,3
33,61,3
34,61,3
35,61,3
36,61,3
37,61,3
38,61,3
39,61,3
40,61,3
41,61,3
42,61,3
43,61,3
44,61,3
45,61,3
46,61,3
47,61,3
48,61,3
49,61,3
50,61,3
51,61,3
52,61,3
53,61,3
54,61,3
55,61,3
56,61,3
57,61,3
58,61,3
59,61,3
60,61,3
61,61,3
62,61,3
63,61,3
64,61,3
65,61,3
66,61,3
67,61,4
68,61,4
69,61,4
70,61,4
71,61,4
72,61,4
73,61,4
74,61,4
75,61,4
76,61,4
77,61,4
78,61,4
79,61,4
80,61,4
81,61,4
82,61,4
83,61,4
84,61,4
85,61,4
86,61,4
87,61,4
88,61,4
89,61,4
90,61,4
91,61,4
92,61,4
93,61,4
94,61,4
95,61,4
96,61,4
97,61,4
98,61,4
99,61,4
100,61,4
101,61,4
102,61,4
103,61,4
104,61,4
105,61,5
106,61,5
107,61,5
108,61,5
109,61,5
110,61,5
111,61,5
112,61,5
113,61,5
114,61,5
115,61,5
116,61,5
117,61,5
118,61,5
119,61,5
120,61,5
121,61,5
122,61,6
123,61,6
124,61,6
125,61,6
126,61,6
127,61,6
128,61,6
129,61,6
130,61,6
131,61,6
132,61,6
133,61,6
134,61,6
135,61,6
136,61,6
137,61,6
138,61,6
139,61,6
140,61,7
141,61,7
142,61,7
143,61,7
144,61,7
145,61,7
146,61,7
147,61,7
148,61,7
149,61,8
150,61,8
151,61,8
152,61,8
153,61,8
154,61,8
155,61,8
156,61,8
157,61,8
158,61,8
159,61,8
160,61,8
161,61,8
162,61,8
163,61,8
164,61,7
165,61,7
166,61,7
167,61,7
168,61,7
169,61,7
170,61,6
171,61,6
172,61,6
173,61,6
174,61,6
175,61,6
176,61,6
177,61,6
178,61,5
179,61,5
180,61,5
181,61,5
182,61,5
183,61,5
184,61,5
185,61,5
186,61,5
187,61,5
188,61,5
189,61,4
190,61,4
191,61,4
192,61,4
193,61,4
194,61,4
195,61,4
196,61,4
197,61,4
198,61,4
199,61,4
200,61,4
201,61,4
202,61,4
203,61,3
204,61,3
205,61,3
206,61,3
207,61,3
208,61,3
209,61,3
210,61,3
211,61,3
212,61,3
213,61,3
214,61,3
215,61,3
216,61,3
217,61,3
218,61,3
219,61,3
220,61,3
221,61,3
222,61,3
223,61,3
224,61,3
225,61,3
226,61,3
227,61,3
228,61,3
229,61,3
230,61,3
231,61,3
232,61,3
233,61,3
234,61,3
235,61,3
236,61,3
237,61,3
238,61,3
239,61,3
240,61,3
241,61,3
242,61,2
243,61,2
244,61,2
245,61,2
246,61,2
247,61,2
248,61,2
249,61,2
250,61,2
251,61,2
252,61,2
253,61,2
254,61,2
255,61,2
0,62,3
1,62,3
2,62,3
3,62,3
4,62,3
5,62,3
6,62,3
7,62,3
8,62,3
9,62,3
10,62,3
11,62,3
12,62,3
13,62,3
14,62,3
15,62,3
16,62,3
17,62,3
18,62,3
19,62,3
20,62,3
21,62,3
22,62,3
23,62,3
24,62,3
25,62,3
26,62,3
27,62,3
28,62,3
29,62,3
30,62,3
31,62,3
32,62,3
33,62,3
34,62,3
35,62,3
36,62,3
37,62,3
38,62,3
39,62,3
40,62,3
41,62,3
42,62,3
43,62,3
44,62,3
45,62,3
46,62,3
47,62,3
48,62,3
49,62,3
50,62,3
51,62,3
52,62,3
53,62,3
54,62,3
55,62,3
56,62,3
57,62,3
58,62,3
59,62,3
60,62,3
61,62,3
62,62,3
63,62,3
64,62,4
65,62,4
66,62,4
67,62,4
68,62,4
69,62,4
70,62,4
71,62,4
72,62,4
73,62,4
74,62,4
75,62,4
76,62,4
77,62,4
78,62,4
79,62,4
80,62,4
81,62,4
82,62,4
83,62,4
84,62,4
85,62,4
86,62,4
87,62,4
88,62,4
89,62,4
90,62,4
91,62,4
92,62,4
93,62,4
94,62,4
95,62,4
96,62,4
97,62,4
98,62,4
99,62,4
100,62,4
101,62,4
102,62,4
103,62,5
104,62,5
105,62,5
106,62,5
107,62,5
108,62,5
109,62,5
110,62,5
111,62,5
112,62,5
113,62,5
114,62,5
115,62,5
116,62,5
117,62,5
118,62,5
119,62,5
120,62,5
121,62,6
122,62,6
123,62,6
124,62,6
125,62,6
126,62,6
127,62,6
128,62,6
129,62,6
130,62,6
131,62,6
132,62,6
133,62,6
134,62,6
135,62,6
136,62,6
137,62,7
138,62,7
139,62,7
140,62,7
141,62,7
142,62,7
143,62,7
144,62,7
145,62,7
146,62,7
147,62,8
148,62,8
149,62,8
150,62,8
151,62,8
152,62,8
153,62,9
154,62,9
155,62,9
156,62,9
157,62,8
158,62,8
159,62,8
160,62,8
161,62,8
162,62,8
163,62,8
164,62,8
165,62,7
166,62,7
167,62,7
168,62,7
169,62,7
170,62,7
171,62,6
172,62,6
173,62,6
174,62,6
175,62,6
176,62,6
177,62,6
178,62,6
179,62,5
180,62,5
181,62,5
182,62,5
183,62,5
184,62,5
185,62,5
186,62,5
187,62,5
188,62,5
189,62,5
190,62,4
191,62,4
192,62,4
193,62,4
194,62,4
195,62,4
196,62,4
197,62,4
198,62,4
199,62,4
200,62,4
201,62,4
202,62,4
203,62,4
204,62,3
205,62,3
206,62,3
207,62,3
208,62,3
209,62,3
210,62,3
211,62,3
212,62,3
213,62,3
214,62,3
215,62,3
216,62,3
217,62,3
218,62,3
219,62,3
220,62,3
221,62,3
222,62,3
223,62,3
224,62,3
225,62,3
226,62,3
227,62,3
228,62,3
229,62,3
230,62,3
231,62,3
232,62,3
233,62,3
234,62,3
235,62,3
236,62,3
237,62,3
238,62,3
239,62,3
240,62,3
241,62,3
242,62,2
243,62,2
244,62,2
245,62,2
246,62,2
247,62,2
248,62,2
249,62,2
250,62,2
251,62,2
252,62,2
253,62,2
254,62,2
255,62,2
0,63,3
1,63,3
2,63,3
3,63,3
4,63,3
5,63,3
6,63,3
7,63,3
8,63,3
9,63,3
10,63,3
11,63,3
12,63,3
13,63,3
14,63,3
15,63,3
16,63,3
17,63,3
18,63,3
19,63,3
20,63,3
21,63,3
22,63,3
23,63,3
24,63,3
25,63,3
26,63,3
27,63,3
28,63,3
29,63,3
30,63,3
31,63,3
32,63,3
33,63,3
34,63,3
35,63,3
36,63,3
37,63,3
38,63,3
39,63,3
40,63,3
41,63,3
42,63,3
43,63,3
44,63,3
45,63,3
46,63,3
47,63,3
48,63,3
49,63,3
50,63,3
51,63,3
52,63,3
53,63,3
54,63,3
55,63,3
56,63,3
57,63,3
58,63,3
59,63,3
60,63,3
61,63,3
62,63,4
63,63,4
64,63,4
65,63,4
66,63,4
67,63,4
68,63,4
69,63,4
70,63,4
71,63,4
72,63,4
73,63,4
74,63,4
75,63,4
76,63,4
77,63,4
78,63,4
79,63,4
80,63,4
81,63,4
82,63,4
83,63,4
84,63,4
85,63,4
86,63,4
87,63,4
88,63,4
89,63,4
90,63,4
91,63,4
92,63,4
93,63,4
94,63,4
95,63,4
96,63,4
97,63,4
98,63,4
99,63,4
100,63,4
101,63,4
102,63,5
103,63,5
104,63,5
105,63,5
106,63,5
107,63,5
108,63,5
109,63,5
110,63,5
111,63,5
112,63,5
113,63,5
114,63,5
115,63,5
116,63,5
117,63,5
118,63,5
119,63,5
120,63,6
121,63,6
122,63,6
123,63,6
124,63,6
125,63,6
126,63,6
127,63,6
128,63,6
129,63,6
130,63,6
131,63,6
132,63,7
133,63,7
134,63,7
135,63,7
136,63,7
137,63,7
138,63,7
139,63,7
140,63,7
141,63,7
142,63,7
143,63,7
144,63,7
145,63,8
146,63,8
147,63,8
148,63,8
149,63,8
150,63,9
151,63,9
152,63,9
153,63,9
154,63,9
155,63,9
156,63,9
157,63,9
158,63,9
159,63,9
160,63,9
161,63,8
162,63,8
163,63,8
164,63,8
165,63,8
166,63,8
167,63,8
168,63,7
169,63,7
170,63,7
171,63,7
172,63,6
173,63,6
174,63,6
175,63,6
176,63,6
177,63,6
178,63,6
179,63,5
180,63,5
181,63,5
182,63,5
183,63,5
184,63,5
185,63,5
186,63,5
187,63,5
188,63,5
189,63,5
190,63,5
191,63,4
192,63,4
193,63,4
194,63,4
195,63,4
196,63,4
197,63,4
198,63,4
199,63,4
200,63,4
201,63,4
202,63,4
203,63,4
204,63,3
205,63,3
206,63,3
207,63,3
208,63,3
209,63,3
210,63,3
211,63,3
212,63,3
213,63,3
214,63,3
215,63,3
216,63,3
217,63,3
218,63,3
219,63,3
220,63,3
221,63,3
222,63,3
223,63,3
224,63,3
225,63,3
226,63,3
227,63,3
228,63,3
229,63,3
230,63,3
231,63,3
232,63,3
233,63,3
234,63,3
235,63,3
236,63,3
237,63,3
238,63,3
239,63,3
240,63,3
241,63,3
242,63,3
243,63,2
244,63,2
245,63,2
246,63,2
247,63,2
248,63,2
249,63,2
250,63,2
251,63,2
252,63,2
253,63,2
254,63,2
255,63,2
0,64,3
1,64,3
2,64,3
3,64,3
4,64,3
5,64,3
6,64,3
7,64,3
8,64,3
9,64,3
10,64,3
11,64,3
12,64,3
13,64,3
14,64,3
15,64,3
16,64,3
17,64,3
18,64,3
19,64,3
20,64,3
21,64,3
22,64,3
23,64,3
24,64,3
25,64,3
26,64,3
27,64,3
28,64,3
29,64,3
30,64,3
31,64,3
32,64,3
33,64,3
34,64,3
35,64,3
36,64,3
37,64,3
38,64,3
39,64,3
40,64,3
41,64,3
42,64,3
43,64,3
44,64,3
45,64,3
46,64,3
47,64,3
48,64,3
49,64,3
50,64,3
51,64,3
52,64,3
53,64,3
54,64,3
55,64,3
56,64,3
57,64,3
58,64,3
59,64,3
60,64,4
61,64,4
62,64,4
63,64,4
64,64,4
65,64,4
66,64,4
67,64,4
68,64,4
69,64,4
70,64,4
71,64,4
72,64,4
73,64,4
74,64,4
75,64,4
76,64,4
77,64,4
78,64,4
79,64,4
80,64,4
81,64,4
82,64,4
83,64,4
84,64,4
85,64,4
86,64,4
87,64,4
88,64,4
89,64,4
90,64,4
91,64,4
92,64,4
93,64,4
94,64,4
95,64,4
96,64,4
97,64,4
98,64,4
99,64,4
100,64,5
101,64,5
102,64,5
103,64,5
104,64,5
105,64,5
106,64,5
107,64,5
108,64,5
109,64,5
110,64,5
111,64,5
112,64,5
113,64,5
114,64,5
115,64,5
116,64,5
117,64,5
118,64,5
119,64,6
120,64,6
121,64,6
122,64,6
123,64,6
124,64,6
125,64,6
126,64,6
127,64,6
128,64,7
129,64,7
130,64,7
131,64,7
132,64,7
133,64,7
134,64,7
135,64,7
136,64,7
137,64,7
138,64,7
139,64,7
140,64,7
141,64,7
142,64,7
143,64,8
144,64,8
145,64,8
146,64,8
147,64,8
148,64,9
149,64,9
150,64,9
151,64,9
152,64,10
153,64,10
154,64,10
155,64,10
156,64,10
157,64,10
158,64,10
159,64,9
160,64,9
161,64,9
162,64,9
163,64,9
164,64,8
165,64,8
166,64,8
167,64,8
168,64,8
169,64,7
170,64,7
171,64,7
172,64,7
173,64,7
174,64,6
175,64,6
176,64,6
177,64,6
178,64,6
179,64,6
180,64,5
181,64,5
182,64,5
183,64,5
184,64,5
185,64,5
186,64,5
187,64,5
188,64,5
189,64,5
190,64,5
191,64,5
192,64,4
193,64,4
194,64,4
195,64,4
196,64,4
197,64,4
198,64,4
199,64,4
200,64,4
201,64,4
202,64,4
203,64,4
204,64,3
205,64,3
206,64,3
207,64,3
208,64,3
209,64,3
210,64,3
211,64,3
212,64,3
213,64,3
214,64,3
215,64,3
216,64,3
217,64,3
218,64,3
219,64,3
220,64,3
221,64,3
222,64,3
223,64,3
224,64,3
225,64,3
226,64,3
227,64,3
228,64,3
229,64,3
230,64,3
231,64,3
232,64,3
233,64,3
234,64,3
235,64,3
236,64,3
237,64,3
238,64,3
239,64,3
240,64,3
241,64,3
242,64,3
243,64,2
244,64,2
245,64,2
246,64,2
247,64,2
248,64,2
249,64,2
250,64,2
251,64,2
252,64,2
253,64,2
254,64,2
255,64,2
0,65,3
1,65,3
2,65,3
3,65,3
4,65,3
5,65,3
6,65,3
7,65,3
8,65,3
9,65,3
10,65,3
11,65,3
12,65,3
13,65,3
14,65,3
15,65,3
16,65,3
17,65,3
18,65,3
19,65,3
20,65,3
21,65,3
22,65,3
23,65,3
24,65,3
25,65,3
26,65,3
27,65,3
28,65,3
29,65,3
30,65,3
31,65,3
32,65,3
33,65,3
34,65,3
35,65,3
36,65,3
37,65,3
38,65,3
39,65,3
40,65,3
41,65,3
42,65,3
43,65,3
44,65,3
45,65,3
46,65,3
47,65,3
48,65,3
49,65,3
50,65,3
51,65,3
52,65,3
53,65,3
54,65,3
55,65,3
56,65,3
57,65,3
58,65,4
59,65,4
60,65,4
61,65,4
62,65,4
63,65,4
64,65,4
65,65,4
66,65,4
67,65,4
68,65,4
69,65,4
70,65,4
71,65,4
72,65,4
73,65,4
74,65,4
75,65,4
76,65,4
77,65,4
78,65,4
79,65,4
80,65,4
81,65,4
82,65,4
83,65,4
84,65,4
85,65,4
86,65,4
87,65,4
88,65,4
89,65,4
90,65,4
91,65,4
92,65,4
93,65,4
94,65,4
95,65,4
96,65,4
97,65,4
98,65,4
99,65,5
100,65,5
101,65,5
102,65,5
103,65,5
104,65,5
105,65,5
106,65,5
107,65,5
108,65,5
109,65,5
110,65,5
111,65,5
112,65,5
113,65,5
114,65,5
115,65,5
116,65,5
117,65,6
118,65,6
119,65,6
120,65,6
121,65,6
122,65,6
123,65,6
124,65,6
125,65,6
126,65,6
127,65,7
128,65,7
129,65,7
130,65,7
131,65,7
132,65,7
133,65,7
134,65,7
135,65,7
136,65,7
137,65,7
138,65,7
139,65,7
140,65,7
141,65,8
142,65,8
143,65,8
144,65,8
145,65,8
146,65,8
147,65,9
148,65,9
149,65,10
150,65,10
151,65,10
152,65,11
153,65,11
154,65,11
155,65,11
156,65,11
157,65,10
158,65,10
159,65,10
160,65,10
161,65,10
162,65,9
163,65,9
164,65,9
165,65,9
166,65,9
167,65,8
168,65,8
169,65,8
170,65,7
171,65,7
172,65,7
173,65,7
174,65,7
175,65,6
176,65,6
177,65,6
178,65,6
179,65,6
180,65,6
181,65,5
182,65,5
183,65,5
184,65,5
185,65,5
186,65,5
187,65,5
188,65,5
189,65,5
190,65,5
191,65,5
192,65,5
193,65,4
194,65,4
195,65,4
196,65,4
197,65,4
198,65,4
199,65,4
200,65,4
201,65,4
202,65,4
203,65,4
204,65,4
205,65,3
206,65,3
207,65,3
208,65,3
209,65,3
210,65,3
211,65,3
212,65,3
213,65,3
214,65,3
215,65,3
216,65,3
217,65,3
218,65,3
219,65,3
220,65,3
221,65,3
222,65,3
223,65,3
224,65,3
225,65,3
226,65,3
227,65,3
228,65,3
229,65,3
230,65,3
231,65,3
232,65,3
233,65,3
234,65,3
235,65,3
236,65,3
237,65,3
238,65,3
239,65,3
240,65,3
241,65,3
242,65,3
243,65,3
244,65,2
245,65,2
246,65,2
247,65,2
248,65,2
249,65,2
250,65,2
251,65,2
252,65,2
253,65,2
254,65,2
255,65,2
0,66,3
1,66,3
2,66,3
3,66,3
4,66,3
5,66,3
6,66,3
7,66,3
8,66,3
9,66,3
10,66,3
11,66,3
12,66,3
13,66,3
14,66,3
15,66,3
16,66,3
17,66,3
18,66,3
19,66,3
20,66,3
21,66,3
22,66,3
23,66,3
24,66,3
25,66,3
26,66,3
27,66,3
28,66,3
29,66,3
30,66,3
31,66,3
32,66,3
33,66,3
34,66,3
35,66,3
36,66,3
37,66,3
38,66,3
39,66,3
40,66,3
41,66,3
42,66,3
43,66,3
44,66,3
45,66,3
46,66,3
47,66,3
48,66,3
49,66,3
50,66,3
51,66,3
52,66,3
53,66,3
54,66,3
55,66,3
56,66,4
57,66,4
58,66,4
59,66,4
60,66,4
61,66,4
62,66,4
63,66,4
64,66,4
65,66,4
66,66,4
67,66,4
68,66,4
69,66,4
70,66,4
71,66,4
72,66,4
73,66,4
74,66,4
75,66,4
76,66,4
77,66,4
78,66,4
79,66,4
80,66,4
81,66,4
82,66,4
83,66,4
84,66,4
85,66,4
86,66,4
87,66,4
88,66,4
89,66,4
90,66,4
91,66,4
92,66,4
93,66,4
94,66,4
95,66,4
96,66,4
97,66,5
98,66,5
99,66,5
100,66,5
101,66,5
102,66,5
103,66,5
104,66,5
105,66,5
106,66,5
107,66,5
108,66,5
109,66,5
110,66,5
111,66,5
112,66,5
113,66,5
114,66,5
115,66,5
116,66,6
117,66,6
118,66,6
119,66,6
120,66,6
121,66,6
122,66,6
123,66,6
124,66,6
125,66,6
126,66,7
127,66,7
128,66,7
129,66,7
130,66,7
131,66,7
132,66,7
133,66,7
134,66,7
135,66,7
136,66,7
137,66,7
138,66,7
139,66,8
140,66,8
141,66,8
142,66,8
143,66,8
144,66,8
145,66,9
146,66,9
147,66,9
148,66,10
149,66,10
150,66,11
151,66,11
152,66,11
153,66,12
154,66,12
155,66,12
156,66,11
157,66,11
158,66,11
159,66,11
160,66,11
161,66,10
162,66,10
163,66,10
164,66,10
165,66,9
166,66,9
167,66,9
168,66,8
169,66,8
170,66,8
171,66,8
172,66,7
173,66,7
174,66,7
175,66,7
176,66,7
177,66,6
178,66,6
179,66,6
180,66,6
181,66,6
182,66,5
183,66,5
184,66,5
185,66,5
186,66,5
187,66,5
188,66,5
189,66,5
190,66,5
191,66,5
192,66,5
193,66,5
194,66,4
195,66,4
196,66,4
197,66,4
198,66,4
199,66,4
200,66,4
201,66,4
202,66,4
203,66,4
204,66,4
205,66,3
206,66,3
207,66,3
208,66,3
209,66,3
210,66,3
211,66,3
212,66,3
213,66,3
214,66,3
215,66,3
216,66,3
217,66,3
218,66,3
219,66,3
220,66,3
221,66,3
222,66,3
223,66,3
224,66,3
225,66,3
226,66,3
227,66,3
228,66,3
229,66,3
230,66,3
231,66,3
232,66,3
233,66,3
234,66,3
235,66,3
236,66,3
237,66,3
238,66,3
239,66,3
240,66,3
241,66,3
242,66,3
243,66,3
244,66,2
245,66,2
246,66,2
247,66,2
248,66,2
249,66,2
250,66,2
251,66,2
252,66,2
253,66,2
254,66,2
255,66,2
0,67,3
1,67,3
2,67,3
3,67,3
4,67,3
5,67,3
6,67,3
7,67,3
8,67,3
9,67,3
10,67,3
11,67,3
12,67,3
13,67,3
14,67,3
15,67,3
16,67,3
17,67,3
18,67,3
19,67,3
20,67,3
21,67,3
22,67,3
23,67,3
24,67,3
25,67,3
26,67,3
27,67,3
28,67,3
29,67,3
30,67,3
31,67,3
32,67,3
33,67,3
34,67,3
35,67,3
36,67,3
37,67,3
38,67,3
39,67,3
40,67,3
41,67,3
42,67,3
43,67,3
44,67,3
45,67,3
46,67,3
47,67,3
48,67,3
49,67,3
50,67,3
51,67,3
52,67,3
53,67,4
54,67,4
55,67,4
56,67,4
57,67,4
58,67,4
59,67,4
60,67,4
61,67,4
62,67,4
63,67,4
64,67,4
65,67,4
66,67,4
67,67,4
68,67,4
69,67,4
70,67,4
71,67,4
72,67,4
73,67,4
74,67,4
75,67,4
76,67,4
77,67,4
78,67,4
79,67,4
80,67,4
81,67,4
82,67,4
83,67,4
84,67,4
85,67,4
86,67,4
87,67,4
88,67,4
89,67,4
90,67,4
91,67,4
92,67,4
93,67,4
94,67,4
95,67,5
96,67,5
97,67,5
98,67,5
99,67,5
100,67,5
101,67,5
102,67,5
103,67,5
104,67,5
105,67,5
106,67,5
107,67,5
108,67,5
109,67,5
110,67,5
111,67,5
112,67,5
113,67,5
114,67,5
115,67,6
116,67,6
117,67,6
118,67,6
119,67,6
120,67,6
121,67,6
122,67,6
123,67,6
124,67,6
125,67,7
126,67,7
127,67,7
128,67,7
129,67,7
130,67,7
131,67,7
132,67,7
133,67,7
134,67,7
135,67,7
136,67,8
137,67,8
138,67,8
139,67,8
140,67,8
141,67,8
142,67,8
143,67,9
144,67,9
145,67,9
146,67,10
147,67,10
148,67,11
149,67,11
150,67,12
151,67,12
152,67,13
153,67,13
154,67,13
155,67,13
156,67,13
157,67,13
158,67,12
159,67,12
160,67,12
161,67,12
162,67,11
163,67,11
164,67,11
165,67,10
166,67,10
167,67,10
168,67,9
169,67,9
170,67,8
171,67,8
172,67,8
173,67,7
174,67,7
175,67,7
176,67,7
177,67,7
178,67,7
179,67,6
180,67,6
181,67,6
182,67,6
183,67,5
184,67,5
185,67,5
186,67,5
187,67,5
188,67,5
189,67,5
190,67,5
191,67,5
192,67,5
193,67,5
194,67,5
195,67,4
196,67,4
197,67,4
198,67,4
199,67,4
200,67,4
201,67,4
202,67,4
203,67,4
204,67,4
205,67,3
206,67,3
207,67,3
208,67,3
209,67,3
210,67,3
211,67,3
212,67,3
213,67,3
214,67,3
215,67,3
216,67,3
217,67,3
218,67,3
219,67,3
220,67,3
221,67,3
222,67,3
223,67,3
224,67,3
225,67,3
226,67,3
227,67,3
228,67,3
229,67,3
230,67,3
231,67,3
232,67,3
233,67,3
234,67,3
235,67,3
236,67,3
237,67,3
238,67,3
239,67,3
240,67,3
241,67,3
242,67,3
243,67,3
244,67,2
245,67,2
246,67,2
247,67,2
248,67,2
249,67,2
250,67,2
251,67,2
252,67,2
253,67,2
254,67,2
255,67,2
0,68,3
1,68,3
2,68,3
3,68,3
4,68,3
5,68,3
6,68,3
7,68,3
8,68,3
9,68,3
10,68,3
11,68,3
12,68,3
13,68,3
14,68,3
15,68,3
16,68,3
17,68,3
18,68,3
19,68,3
20,68,3
21,68,3
22,68,3
23,68,3
24,68,3
25,68,3
26,68,3
27,68,3
28,68,3
29,68,3
30,68,3
31,68,3
32,68,3
33,68,3
34,68,3
35,68,3
36,68,3
37,68,3
38,68,3
39,68,3
40,68,3
41,68,3
42,68,3
43,68,3
44,68,3
45,68,3
46,68,3
47,68,3
48,68,3
49,68,3
50,68,3
51,68,4
52,68,4
53,68,4
54,68,4
55,68,4
56,68,4
57,68,4
58,68,4
59,68,4
60,68,4
61,68,4
62,68,4
63,68,4
64,68,4
65,68,4
66,68,4
67,68,4
68,68,4
69,68,4
70,68,4
71,68,4
72,68,4
73,68,4
74,68,4
75,68,4
76,68,4
77,68,4
78,68,4
79,68,4
80,68,4
81,68,4
82,68,4
83,68,4
84,68,4
85,68,4
86,68,4
87,68,4
88,68,4
89,68,4
90,68,4
91,68,4
92,68,4
93,68,4
94,68,5
95,68,5
96,68,5
97,68,5
98,68,5
99,68,5
100,68,5
101,68,5
102,68,5
103,68,5
104,68,5
105,68,5
106,68,5
107,68,5
108,68,5
109,68,5
110,68,5
111,68,5
112,68,5
113,68,6
114,68,6
115,68,6
116,68,6
117,68,6
118,68,6
119,68,6
120,68,6
121,68,6
122,68,6
123,68,6
124,68,7
125,68,7
126,68,7
127,68,7
128,68,7
129,68,7
130,68,7
131,68,7
132,68,7
133,68,8
134,68,8
135,68,8
136,68,8
137,68,8
138,68,8
139,68,8
140,68,8
141,68,9
142,68,9
143,68,9
144,68,10
145,68,10
146,68,11
147,68,11
148,68,12
149,68,13
150,68,14
151,68,14
152,68,14
153,68,15
154,68,15
155,68,15
156,68,15
157,68,15
158,68,15
159,68,15
160,68,15
161,68,14
162,68,14
163,68,13
164,68,13
165,68,12
166,68,12
167,68,11
168,68,10
169,68,10
170,68,9
171,68,9
172,68,9
173,68,8
174,68,8
175,68,7
176,68,7
177,68,7
178,68,7
179,68,6
180,68,6
181,68,6
182,68,6
183,68,6
184,68,5
185,68,5
186,68,5
187,68,5
188,68,5
189,68,5
190,68,5
191,68,5
192,68,5
193,68,5
194,68,5
195,68,5
196,68,4
197,68,4
198,68,4
199,68,4
200,68,4
201,68,4
202,68,4
203,68,4
204,68,4
205,68,4
206,68,3
207,68,3
208,68,3
209,68,3
210,68,3
211,68,3
212,68,3
213,68,3
214,68,3
215,68,3
216,68,3
217,68,3
218,68,3
219,68,3
220,68,3
221,68,3
222,68,3
223,68,3
224,68,3
225,68,3
226,68,3
227,68,3
228,68,3
229,68,3
230,68,3
231,68,3
232,68,3
233,68,3
234,68,3
235,68,3
236,68,3
237,68,3
238,68,3
239,68,3
240,68,3
241,68,3
242,68,3
243,68,3
244,68,3
245,68,2
246,68,2
247,68,2
248,68,2
249,68,2
250,68,2
251,68,2
252,68,2
253,68,2
254,68,2
255,68,2
0,69,3
1,69,3
2,69,3
3,69,3
4,69,3
5,69,3
6,69,3
7,69,3
8,69,3
9,69,3
10,69,3
11,69,3
12,69,3
13,69,3
14,69,3
15,69,3
16,69,3
17,69,3
18,69,3
19,69,3
20,69,3
21,69,3
22,69,3
23,69,3
24,69,3
25,69,3
26,69,3
27,69,3
28,69,3
29,69,3
30,69,3
31,69,3
32,69,3
33,69,3
34,69,3
35,69,3
36,69,3
37,69,3
38,69,3
39,69,3
40,69,3
41,69,3
42,69,3
43,69,3
44,69,3
45,69,3
46,69,3
47,69,3
48,69,4
49,69,4
50,69,4
51,69,4
52,69,4
53,69,4
54,69,4
55,69,4
56,69,4
57,69,4
58,69,4
59,69,4
60,69,4
61,69,4
62,69,4
63,69,4
64,69,4
65,69,4
66,69,4
67,69,4
68,69,4
69,69,4
70,69,4
71,69,4
72,69,4
73,69,4
74,69,4
75,69,4
76,69,4
77,69,4
78,69,4
79,69,4
80,69,4
81,69,4
82,69,4
83,69,4
84,69,4
85,69,4
86,69,4
87,69,4
88,69,4
89,69,4
90,69,4
91,69,4
92,69,5
93,69,5
94,69,5
95,69,5
96,69,5
97,69,5
98,69,5
99,69,5
100,69,5
101,69,5
102,69,5
103,69,5
104,69,5
105,69,5
106,69,5
107,69,5
108,69,5
109,69,5
110,69,5
111,69,5
112,69,6
113,69,6
114,69,6
115,69,6
116,69,6
117,69,6
118,69,6
119,69,6
120,69,6
121,69,6
122,69,7
123,69,7
124,69,7
125,69,7
126,69,7
127,69,7
128,69,7
129,69,7
130,69,7
131,69,8
132,69,8
133,69,8
134,69,8
135,69,8
136,69,8
137,69,8
138,69,8
139,69,9
140,69,9
141,69,9
142,69,9
143,69,10
144,69,10
145,69,11
146,69,12
147,69,12
148,69,13
149,69,15
150,69,16
151,69,17
152,69,17
153,69,18
154,69,19
155,69,20
156,69,21
157,69,23
158,69,27
159,69,0
160,69,0
161,69,0
162,69,0
163,69,0
164,69,0
165,69,0
166,69,19
167,69,15
168,69,13
169,69,11
170,69,11
171,69,10
172,69,9
173,69,9
174,69,8
175,69,8
176,69,7
177,69,7
178,69,7
179,69,7
180,69,6
181,69,6
182,69,6
183,69,6
184,69,6
185,69,5
186,69,5
187,69,5
188,69,5
189,69,5
190,69,5
191,69,5
192,69,5
193,69,5
194,69,5
195,69,5
196,69,4
197,69,4
198,69,4
199,69,4
200,69,4
201,69,4
202,69,4
203,69,4
204,69,4
205,69,4
206,69,3
207,69,3
208,69,3
209,69,3
210,69,3
211,69,3
212,69,3
213,69,3
214,69,3
215,69,3
216,69,3
217,69,3
218,69,3
219,69,3
220,69,3
221,69,3
222,69,3
223,69,3
224,69,3
225,69,3
226,69,3
227,69,3
228,69,3
229,69,3
230,69,3
231,69,3
232,69,3
233,69,3
234,69,3
235,69,3
236,69,3
237,69,3
238,69,3
239,69,3
240,69,3
241,69,3
242,69,3
243,69,3
244,69,3
245,69,2
246,69,2
247,69,2
248,69,2
249,69,2
250,69,2
251,69,2
252,69,2
253,69,2
254,69,2
255,69,2
0,70,3
1,70,3
2,70,3
3,70,3
4,70,3
5,70,3
6,70,3
7,70,3
8,70,3
9,70,3
10,70,3
11,70,3
12,70,3
13,70,3
14,70,3
15,70,3
16,70,3
17,70,3
18,70,3
19,70,3
20,70,3
21,70,3
22,70,3
23,70,3
24,70,3
25,70,3
26,70,3
27,70,3
28,70,3
29,70,3
30,70,3
31,70,3
32,70,3
33,70,3
34,70,3
35,70,3
36,70,3
37,70,3
38,70,3
39,70,3
40,70,3
41,70,3
42,70,3
43,70,3
44,70,3
45,70,3
46,70,4
47,70,4
48,70,4
49,70,4
50,70,4
51,70,4
52,70,4
53,70,4
54,70,4
55,70,4
56,70,4
57,70,4
58,70,4
59,70,4
60,70,4
61,70,4
62,70,4
63,70,4
64,70,4
65,70,4
66,70,4
67,70,4
68,70,4
69,70,4
70,70,4
71,70,4
72,70,4
73,70,4
74,70,4
75,70,4
76,70,4
77,70,4
78,70,4
79,70,4
80,70,4
81,70,4
82,70,4
83,70,4
84,70,4
85,70,4
86,70,4
87,70,4
88,70,4
89,70,4
90,70,5
91,70,5
92,70,5
93,70,5
94,70,5
95,70,5
96,70,5
97,70,5
98,70,5
99,70,5
100,70,5
101,70,5
102,70,5
103,70,5
104,70,5
105,70,5
106,70,5
107,70,5
108,70,5
109,70,5
110,70,6
111,70,6
112,70,6
113,70,6
114,70,6
115,70,6
116,70,6
117,70,6
118,70,6
119,70,6
120,70,6
121,70,7
122,70,7
123,70,7
124,70,7
125,70,7
126,70,7
127,70,7
128,70,8
129,70,8
130,70,8
131,70,8
132,70,8
133,70,8
134,70,8
135,70,8
136,70,8
137,70,9
138,70,9
139,70,9
140,70,9
141,70,10
142,70,10
143,70,10
144,70,11
145,70,12
146,70,13
147,70,14
148,70,16
149,70,18
150,70,20
151,70,22
152,70,25
153,70,31
154,70,0
155,70,0
156,70,0
157,70,0
158,70,0
159,70,0
160,70,0
161,70,0
162,70,0
163,70,0
164,70,0
165,70,0
166,70,0
167,70,0
168,70,0
169,70,17
170,70,13
171,70,11
172,70,10
173,70,9
174,70,9
175,70,8
176,70,8
177,70,7
178,70,7
179,70,7
180,70,6
181,70,6
182,70,6
183,70,6
184,70,6
185,70,6
186,70,5
187,70,5
188,70,5
189,70,5
190,70,5
191,70,5
192,70,5
193,70,5
194,70,5
195,70,5
196,70,4
197,70,4
198,70,4
199,70,4
200,70,4
201,70,4
202,70,4
203,70,4
204,70,4
205,70,4
206,70,3
207,70,3
208,70,3
209,70,3
210,70,3
211,70,3
212,70,3
213,70,3
214,70,3
215,70,3
216,70,3
217,70,3
218,70,3
219,70,3
220,70,3
221,70,3
222,70,3
223,70,3
224,70,3
225,70,3
226,70,3
227,70,3
228,70,3
229,70,3
230,70,3
231,70,3
232,70,3
233,70,3
234,70,3
235,70,3
236,70,3
237,70,3
238,70,3
239,70,3
240,70,3
241,70,3
242,70,3
243,70,3
244,70,3
245,70,3
246,70,2
247,70,2
248,70,2
249,70,2
250,70,2
251,70,2
252,70,2
253,70,2
254,70,2
255,70,2
0,71,3
1,71,3
2,71,3
3,71,3
4,71,3
5,71,3
6,71,3
7,71,3
8,71,3
9,71,3
10,71,3
11,71,3
12,71,3
13,71,3
14,71,3
15,71,3
16,71,3
17,71,3
18,71,3
19,71,3
20,71,3
21,71,3
22,71,3
23,71,3
24,71,3
25,71,3
26,71,3
27,71,3
28,71,3
29,71,3
30,71,3
31,71,3
32,71,3
33,71,3
34,71,3
35,71,3
36,71,3
37,71,3
38,71,3
39,71,3
40,71,3
41,71,3
42,71,3
43,71,4
44,71,4
45,71,4
46,71,4
47,71,4
48,71,4
49,71,4
50,71,4
51,71,4
52,71,4
53,71,4
54,71,4
55,71,4
56,71,4
57,71,4
58,71,4
59,71,4
60,71,4
61,71,4
62,71,4
63,71,4
64,71,4
65,71,4
66,71,4
67,71,4
68,71,4
69,71,4
70,71,4
71,71,4
72,71,4
73,71,4
74,71,4
75,71,4
76,71,4
77,71,4
78,71,4
79,71,4
80,71,4
81,71,4
82,71,4
83,71,4
84,71,4
85,71,4
86,71,4
87,71,4
88,71,5
89,71,5
90,71,5
91,71,5
92,71,5
93,71,5
94,71,5
95,71,5
96,71,5
97,71,5
98,71,5
99,71,5
100,71,5
101,71,5
102,71,5
103,71,5
104,71,5
105,71,5
106,71,5
107,71,5
108,71,5
109,71,6
110,71,6
111,71,6
112,71,6
113,71,6
114,71,6
115,71,6
116,71,6
117,71,6
118,71,6
119,71,6
120,71,7
121,71,7
122,71,7
123,71,7
124,71,7
125,71,7
126,71,7
127,71,8
128,71,8
129,71,8
130,71,8
131,71,8
132,71,8
133,71,8
134,71,9
135,71,9
136,71,9
137,71,9
138,71,9
139,71,10
140,71,10
141,71,10
142,71,11
143,71,11
144,71,12
145,71,13
146,71,15
147,71,17
148,71,21
149,71,26
150,71,33
151,71,0
152,71,0
153,71,0
154,71,0
155,71,0
156,71,0
157,71,0
158,71,0
159,71,0
160,71,0
161,71,0
162,71,0
163,71,0
164,71,0
165,71,0
166,71,0
167,71,0
168,71,0
169,71,0
170,71,0
171,71,14
172,71,11
173,71,10
174,71,9
175,71,9
176,71,8
177,71,8
178,71,7
179,71,7
180,71,7
181,71,6
182,71,6
183,71,6
184,71,6
185,71,6
186,71,6
187,71,5
188,71,5
189,71,5
190,71,5
191,71,5
192,71,5
193,71,5
194,71,5
195,71,5
196,71,4
197,71,4
198,71,4
199,71,4
200,71,4
201,71,4
202,71,4
203,71,4
204,71,4
205,71,4
206,71,4
207,71,3
208,71,3
209,71,3
210,71,3
211,71,3
212,71,3
213,71,3
214,71,3
215,71,3
216,71,3
217,71,3
218,71,3
219,71,3
220,71,3
221,71,3
222,71,3
223,71,3
224,71,3
225,71,3
226,71,3
227,71,3
228,71,3
229,71,3
230,71,3
231,71,3
232,71,3
233,71,3
234,71,3
235,71,3
236,71,3
237,71,3
238,71,3
239,71,3
240,71,3
241,71,3
242,71,3
243,71,3
244,71,3
245,71,3
246,71,2
247,71,2
248,71,2
249,71,2
250,71,2
251,71,2
252,71,2
253,71,2
254,71,2
255,71,2
0,72,3
1,72,3
2,72,3
3,72,3
4,72,3
5,72,3
6,72,3
7,72,3
8,72,3
9,72,3
10,72,3
11,72,3
12,72,3
13,72,3
14,72,3
15,72,3
16,72,3
17,72,3
18,72,3
19,72,3
20,72,3
21,72,3
22,72,3
23,72,3
24,72,3
25,72,3
26,72,3
27,72,3
28,72,3
29,72,3
30,72,3
31,72,3
32,72,3
33,72,3
34,72,3
35,72,3
36,72,3
37,72,3
38,72,3
39,72,3
40,72,3
41,72,4
42,72,4
43,72,4
44,72,4
45,72,4
46,72,4
47,72,4
48,72,4
49,72,4
50,72,4
51,72,4
52,72,4
53,72,4
54,72,4
55,72,4
56,72,4
57,72,4
58,72,4
59,72,4
60,72,4
61,72,4
62,72,4
63,72,4
64,72,4
65,72,4
66,72,4
67,72,4
68,72,4
69,72,4
70,72,4
71,72,4
72,72,4
73,72,4
74,72,4
75,72,4
76,72,4
77,72,4
78,72,4
79,72,4
80,72,4
81,72,4
82,72,4
83,72,4
84,72,4
85,72,4
86,72,5
87,72,5
88,72,5
89,72,5
90,72,5
91,72,5
92,72,5
93,72,5
94,72,5
95,72,5
96,72,5
97,72,5
98,72,5
99,72,5
100,72,5
101,72,5
102,72,5
103,72,5
104,72,5
105,72,5
106,72,5
107,72,6
108,72,6
109,72,6
110,72,6
111,72,6
112,72,6
113,72,6
114,72,6
115,72,6
116,72,6
117,72,6
118,72,7
119,72,7
120,72,7
121,72,7
122,72,7
123,72,7
124,72,7
125,72,7
126,72,8
127,72,8
128,72,8
129,72,8
130,72,8
131,72,8
132,72,9
133,72,9
134,72,9
135,72,9
136,72,9
137,72,10
138,72,10
139,72,10
140,72,10
141,72,11
142,72,12
143,72,13
144,72,14
145,72,15
146,72,18
147,72,23
148,72,36
149,72,0
150,72,0
151,72,0
152,72,0
153,72,0
154,72,0
155,72,0
156,72,0
157,72,0
158,72,0
159,72,0
160,72,0
161,72,0
162,72,0
163,72,0
164,72,0
165,72,0
166,72,0
167,72,0
168,72,0
169,72,0
170,72,0
171,72,0
172,72,17
173,72,12
174,72,10
175,72,9
176,72,9
177,72,8
178,72,7
179,72,7
180,72,7
181,72,7
182,72,6
183,72,6
184,72,6
185,72,6
186,72,6
187,72,6
188,72,5
189,72,5
190,72,5
191,72,5
192,72,5
193,72,5
194,72,5
195,72,5
196,72,4
197,72,4
198,72,4
199,72,4
200,72,4
201,72,4
202,72,4
203,72,4
204,72,4
205,72,4
206,72,4
207,72,3
208,72,3
209,72,3
210,72,3
211,72,3
212,72,3
213,72,3
214,72,3
215,72,3
216,72,3
217,72,3
218,72,3
219,72,3
220,72,3
221,72,3
222,72,3
223,72,3
224,72,3
225,72,3
226,72,3
227,72,3
228,72,3
229,72,3
230,72,3
231,72,3
232,72,3
233,72,3
234,72,3
235,72,3
236,72,3
237,72,3
238,72,3
239,72,3
240,72,3
241,72,3
242,72,3
243,72,3
244,72,3
245,72,3
246,72,2
247,72,2
248,72,2
249,72,2
250,72,2
251,72,2
252,72,2
253,72,2
254,72,2
255,72,2
0,73,3
1,73,3
2,73,3
3,73,3
4,73,3
5,73,3
6,73,3
7,73,3
8,73,3
9,73,3
10,73,3
11,73,3
12,73,3
13,73,3
14,73,3
15,73,3
16,73,3
17,73,3
18,73,3
19,73,3
20,73,3
21,73,3
22,73,3
23,73,3
24,73,3
25,73,3
26,73,3
27,73,3
28,73,3
29,73,3
30,73,3
31,73,3
32,73,3
33,73,3
34,73,3
35,73,3
36,73,3
37,73,3
38,73,4
39,73,4
40,73,4
41,73,4
42,73,4
43,73,4
44,73,4
45,73,4
46,73,4
47,73,4
48,73,4
49,73,4
50,73,4
51,73,4
52,73,4
53,73,4
54,73,4
55,73,4
56,73,4
57,73,4
58,73,4
59,73,4
60,73,4
61,73,4
62,73,4
63,73,4
64,73,4
65,73,4
66,73,4
67,73,4
68,73,4
69,73,4
70,73,4
71,73,4
72,73,4
73,73,4
74,73,4
75,73,4
76,73,4
77,73,4
78,73,4
79,73,4
80,73,4
81,73,4
82,73,4
83,73,4
84,73,5
85,73,5
86,73,5
87,73,5
88,73,5
89,73,5
90,73,5
91,73,5
92,73,5
93,73,5
94,73,5
95,73,5
96,73,5
97,73,5
98,73,5
99,73,5
100,73,5
101,73,5
102,73,5
103,73,5
104,73,5
105,73,5
106,73,6
107,73,6
108,73,6
109,73,6
110,73,6
111,73,6
112,73,6
113,73,6
114,73,6
115,73,6
116,73,6
117,73,7
118,73,7
119,73,7
120,73,7
121,73,7
122,73,7
123,73,7
124,73,8
125,73,8
126,73,8
127,73,8
128,73,8
129,73,9
130,73,9
131,73,9
132,73,9
133,73,9
134,73,9
135,73,9
136,73,10
137,73,10
138,73,10
139,73,11
140,73,11
141,73,12
142,73,13
143,73,14
144,73,16
145,73,19
146,73,24
147,73,47
148,73,0
149,73,0
150,73,0
151,73,0
152,73,0
153,73,0
154,73,0
155,73,0
156,73,0
157,73,0
158,73,0
159,73,0
160,73,0
161,73,0
162,73,0
163,73,0
164,73,0
165,73,0
166,73,0
167,73,0
168,73,0
169,73,0
170,73,0
171,73,0
172,73,0
173,73,0
174,73,12
175,73,10
176,73,9
177,73,8
178,73,8
179,73,7
180,73,7
181,73,7
182,73,6
183,73,6
184,73,6
185,73,6
186,73,6
187,73,6
188,73,5
189,73,5
190,73,5
191,73,5
192,73,5
193,73,5
194,73,5
195,73,5
196,73,4
197,73,4
198,73,4
199,73,4
200,73,4
201,73,4
202,73,4
203,73,4
204,73,4
205,73,4
206,73,4
207,73,3
208,73,3
209,73,3
210,73,3
211,73,3
212,73,3
213,73,3
214,73,3
215,73,3
216,73,3
217,73,3
218,73,3
219,73,3
220,73,3
221,73,3
222,73,3
223,73,3
224,73,3
225,73,3
226,73,3
227,73,3
228,73,3
229,73,3
230,73,3
231,73,3
232,73,3
233,73,3
234,73,3
235,73,3
236,73,3
237,73,3
238,73,3
239,73,3
240,73,3
241,73,3
242,73,3
243,73,3
244,73,3
245,73,3
246,73,3
247,73,2
248,73,2
249,73,2
250,73,2
251,73,2
252,73,2
253,73,2
254,73,2
255,73,2
0,74,3
1,74,3
2,74,3
3,74,3
4,74,3
5,74,3
6,74,3
7,74,3
8,74,3
9,74,3
10,74,3
11,74,3
12,74,3
13,74,3
14,74,3
15,74,3
16,74,3
17,74,3
18,74,3
19,74,3
20,74,3
21,74,3
22,74,3
23,74,3
24,74,3
25,74,3
26,74,3
27,74,3
28,74,3
29,74,3
30,74,3
31,74,3
32,74,3
33,74,3
34,74,3
35,74,4
36,74,4
37,74,4
38,74,4
39,74,4
40,74,4
41,74,4
42,74,4
43,74,4
44,74,4
45,74,4
46,74,4
47,74,4
48,74,4
49,74,4
50,74,4
51,74,4
52,74,4
53,74,4
54,74,4
55,74,4
56,74,4
57,74,4
58,74,4
59,74,4
60,74,4
61,74,4
62,74,4
63,74,4
64,74,4
65,74,4
66,74,4
67,74,4
68,74,4
69,74,4
70,74,4
71,74,4
72,74,4
73,74,4
74,74,4
75,74,4
76,74,4
77,74,4
78,74,4
79,74,4
80,74,4
81,74,4
82,74,5
83,74,5
84,74,5
85,74,5
86,74,5
87,74,5
88,74,5
89,74,5
90,74,5
91,74,5
92,74,5
93,74,5
94,74,5
95,74,5
96,74,5
97,74,5
98,74,5
99,74,5
100,74,5
101,74,5
102,74,5
103,74,5
104,74,6
105,74,6
106,74,6
107,74,6
108,74,6
109,74,6
110,74,6
111,74,6
112,74,6
113,74,6
114,74,6
115,74,6
116,74,7
117,74,7
118,74,7
119,74,7
120,74,7
121,74,7
122,74,7
123,74,8
124,74,8
125,74,8
126,74,8
127,74,8
128,74,9
129,74,9
130,74,9
131,74,9
132,74,9
133,74,10
134,74,10
135,74,10
136,74,10
137,74,11
138,74,11
139,74,12
140,74,12
141,74,13
142,74,15
143,74,16
144,74,19
145,74,25
146,74,55
147,74,0
148,74,0
149,74,0
150,74,0
151,74,0
152,74,0
153,74,0
154,74,0
155,74,0
156,74,0
157,74,0
158,74,0
159,74,0
160,74,0
161,74,0
162,74,0
163,74,0
164,74,0
165,74,0
166,74,0
167,74,0
168,74,0
169,74,0
170,74,0
171,74,0
172,74,0
173,74,0
174,74,17
175,74,11
176,74,10
177,74,9
178,74,8
179,74,8
180,74,7
181,74,7
182,74,7
183,74,6
184,74,6
185,74,6
186,74,6
187,74,6
188,74,5
189,74,5
190,74,5
191,74,5
192,74,5
193,74,5
194,74,5
195,74,5
196,74,4
197,74,4
198,74,4
199,74,4
200,74,4
201,74,4
202,74,4
203,74,4
204,74,4
205,74,4
206,74,4
207,74,4
208,74,3
209,74,3
210,74,3
211,74,3
212,74,3
213,74,3
214,74,3
215,74,3
216,74,3
217,74,3
218,74,3
219,74,3
220,74,3
221,74,3
222,74,3
223,74,3
224,74,3
225,74,3
226,74,3
227,74,3
228,74,3
229,74,3
230,74,3
231,74,3
232,74,3
233,74,3
234,74,3
235,74,3
236,74,3
237,74,3
238,74,3
239,74,3
240,74,3
241,74,3
242,74,3
243,74,3
244,74,3
245,74,3
246,74,3
247,74,2
248,74,2
249,74,2
250,74,2
251,74,2
252,74,2
253,74,2
254,74,2
255,74,2
0,75,3
1,75,3
2,75,3
3,75,3
4,75,3
5,75,3
6,75,3
7,75,3
8,75,3
9,75,3
10,75,3
11,75,3
12,75,3
13,75,3
14,75,3
15,75,3
16,75,3
17,75,3
18,75,3
19,75,3
20,75,3
21,75,3
22,75,3
23,75,3
24,75,3
25,75,3
26,75,3
27,75,3
28,75,3
29,75,3
30,75,3
31,75,3
32,75,3
33,75,4
34,75,4
35,75,4
36,75,4
37,75,4
38,75,4
39,75,4
40,75,4
41,75,4
42,75,4
43,75,4
44,75,4
45,75,4
46,75,4
47,75,4
48,75,4
49,75,4
50,75,4
51,75,4
52,75,4
53,75,4
54,75,4
55,75,4
56,75,4
57,75,4
58,75,4
59,75,4
60,75,4
61,75,4
62,75,4
63,75,4
64,75,4
65,75,4
66,75,4
67,75,4
68,75,4
69,75,4
70,75,4
71,75,4
72,75,4
73,75,4
74,75,4
75,75,4
76,75,4
77,75,4
78,75,4
79,75,4
80,75,5
81,75,5
82,75,5
83,75,5
84,75,5
85,75,5
86,75,5
87,75,5
88,75,5
89,75,5
90,75,5
91,75,5
92,75,5
93,75,5
94,75,5
95,75,5
96,75,5
97,75,5
98,75,5
99,75,5
100,75,5
101,75,5
102,75,6
103,75,6
104,75,6
105,75,6
106,75,6
107,75,6
108,75,6
109,75,6
110,75,6
111,75,6
112,75,6
113,75,6
114,75,7
115,75,7
116,75,7
117,75,7
118,75,7
119,75,7
120,75,7
121,75,7
122,75,8
123,75,8
124,75,8
125,75,8
126,75,9
127,75,9
128,75,9
129,75,9
130,75,9
131,75,10
132,75,10
133,75,10
134,75,10
135,75,11
136,75,11
137,75,11
138,75,12
139,75,13
140,75,14
141,75,15
142,75,17
143,75,20
144,75,26
145,75,54
146,75,0
147,75,0
148,75,0
149,75,0
150,75,0
151,75,0
152,75,0
153,75,0
154,75,0
155,75,0
156,75,0
157,75,0
158,75,0
159,75,0
160,75,0
161,75,0
162,75,0
163,75,0
164,75,0
165,75,0
166,75,0
167,75,0
168,75,0
169,75,0
170,75,0
171,75,0
172,75,0
173,75,0
174,75,0
175,75,12
176,75,10
177,75,9
178,75,8
179,75,8
180,75,7
181,75,7
182,75,7
183,75,6
184,75,6
185,75,6
186,75,6
187,75,6
188,75,5
189,75,5
190,75,5
191,75,5
192,75,5
193,75,5
194,75,5
195,75,5
196,75,5
197,75,4
198,75,4
199,75,4
200,75,4
201,75,4
202,75,4
203,75,4
204,75,4
205,75,4
206,75,4
207,75,4
208,75,3
209,75,3
210,75,3
211,75,3
212,75,3
213,75,3
214,75,3
215,75,3
216,75,3
217,75,3
218,75,3
219,75,3
220,75,3
221,75,3
222,75,3
223,75,3
224,75,3
225,75,3
226,75,3
227,75,3
228,75,3
229,75,3
230,75,3
231,75,3
232,75,3
233,75,3
234,75,3
235,75,3
236,75,3
237,75,3
238,75,3
239,75,3
240,75,3
241,75,3
242,75,3
243,75,3
244,75,3
245,75,3
246,75,3
247,75,2
248,75,2
249,75,2
250,75,2
251,75,2
252,75,2
253,75,2
254,75,2
255,75,2
0,76,3
1,76,3
2,76,3
3,76,3
4,76,3
5,76,3
6,76,3
7,76,3
8,76,3
9,76,3
10,76,3
11,76,3
12,76,3
13,76,3
14,76,3
15,76,3
16,76,3
17,76,3
18,76,3
19,76,3
20,76,3
21,76,3
22,76,3
23,76,3
24,76,3
25,76,3
26,76,3
27,76,3
28,76,3
29,76,3
30,76,4
31,76,4
32,76,4
33,76,4
34,76,4
35,76,4
36,76,4
37,76,4
38,76,4
39,76,4
40,76,4
41,76,4
42,76,4
43,76,4
44,76,4
45,76,4
46,76,4
47,76,4
48,76,4
49,76,4
50,76,4
51,76,4
52,76,4
53,76,4
54,76,4
55,76,4
56,76,4
57,76,4
58,76,4
59,76,4
60,76,4
61,76,4
62,76,4
63,76,4
64,76,4
65,76,4
66,76,4
67,76,4
68,76,4
69,76,4
70,76,4
71,76,4
72,76,4
73,76,4
74,76,4
75,76,4
76,76,4
77,76,4
78,76,5
79,76,5
80,76,5
81,76,5
82,76,5
83,76,5
84,76,5
85,76,5
86,76,5
87,76,5
88,76,5
89,76,5
90,76,5
91,76,5
92,76,5
93,76,5
94,76,5
95,76,5
96,76,5
97,76,5
98,76,5
99,76,5
100,76,5
101,76,6
102,76,6
103,76,6
104,76,6
105,76,6
106,76,6
107,76,6
108,76,6
109,76,6
110,76,6
111,76,6
112,76,6
113,76,7
114,76,7
115,76,7
116,76,7
117,76,7
118,76,7
119,76,7
120,76,8
121,76,8
122,76,8
123,76,8
124,76,8
125,76,9
126,76,9
127,76,9
128,76,9
129,76,10
130,76,10
131,76,10
132,76,10
133,76,11
134,76,11
135,76,11
136,76,12
137,76,12
138,76,13
139,76,14
140,76,16
141,76,17
142,76,21
143,76,27
144,76,47
145,76,0
146,76,0
147,76,0
148,76,0
149,76,0
150,76,0
151,76,0
152,76,0
153,76,0
154,76,0
155,76,0
156,76,0
157,76,0
158,76,0
159,76,0
160,76,0
161,76,0
162,76,0
163,76,0
164,76,0
165,76,0
166,76,0
167,76,0
168,76,0
169,76,0
170,76,0
171,76,0
172,76,0
173,76,0
174,76,0
175,76,13
176,76,11
177,76,10
178,76,9
179,76,8
180,76,8
181,76,7
182,76,7
183,76,6
184,76,6
185,76,6
186,76,6
187,76,6
188,76,5
189,76,5
190,76,5
191,76,5
192,76,5
193,76,5
194,76,5
195,76,5
196,76,5
197,76,4
198,76,4
199,76,4
200,76,4
201,76,4
202,76,4
203,76,4
204,76,4
205,76,4
206,76,4
207,76,4
208,76,3
209,76,3
210,76,3
211,76,3
212,76,3
213,76,3
214,76,3
215,76,3
216,76,3
217,76,3
218,76,3
219,76,3
220,76,3
221,76,3
222,76,3
223,76,3
224,76,3
225,76,3
226,76,3
227,76,3
228,76,3
229,76,3
230,76,3
231,76,3
232,76,3
233,76,3
234,76,3
235,76,3
236,76,3
237,76,3
238,76,3
239,76,3
240,76,3
241,76,3
242,76,3
243,76,3
244,76,3
245,76,3
246,76,3
247,76,3
248,76,2
249,76,2
250,76,2
251,76,2
252,76,2
253,76,2
254,76,2
255,76,2
0,77,3
1,77,3
2,77,3
3,77,3
4,77,3
5,77,3
6,77,3
7,77,3
8,77,3
9,77,3
10,77,3
11,77,3
12,77,3
13,77,3
14,77,3
15,77,3
16,77,3
17,77,3
18,77,3
19,77,3
20,77,3
21,77,3
22,77,3
23,77,3
24,77,3
25,77,3
26,77,3
27,77,4
28,77,4
29,77,4
30,77,4
31,77,4
32,77,4
33,77,4
34,77,4
35,77,4
36,77,4
37,77,4
38,77,4
39,77,4
40,77,4
41,77,4
42,77,4
43,77,4
44,77,4
45,77,4
46,77,4
47,77,4
48,77,4
49,77,4
50,77,4
51,77,4
52,77,4
53,77,4
54,77,4
55,77,4
56,77,4
57,77,4
58,77,4
59,77,4
60,77,4
61,77,4
62,77,4
63,77,4
64,77,4
65,77,4
66,77,4
67,77,4
68,77,4
69,77,4
70,77,4
71,77,4
72,77,4
73,77,4
74,77,4
75,77,5
76,77,5
77,77,5
78,77,5
79,77,5
80,77,5
81,77,5
82,77,5
83,77,5
84,77,5
85,77,5
86,77,5
87,77,5
88,77,5
89,77,5
90,77,5
91,77,5
92,77,5
93,77,5
94,77,5
95,77,5
96,77,5
97,77,5
98,77,5
99,77,6
100,77,6
101,77,6
102,77,6
103,77,6
104,77,6
105,77,6
106,77,6
107,77,6
108,77,6
109,77,6
110,77,6
111,77,7
112,77,7
113,77,7
114,77,7
115,77,7
116,77,7
117,77,7
118,77,7
119,77,8
120,77,8
121,77,8
122,77,8
123,77,8
124,77,9
125,77,9
126,77,9
127,77,9
128,77,10
129,77,10
130,77,10
131,77,11
132,77,11
133,77,11
134,77,12
135,77,12
136,77,13
137,77,14
138,77,15
139,77,16
140,77,18
141,77,22
142,77,27
143,77,43
144,77,0
145,77,0
146,77,0
147,77,0
148,77,0
149,77,0
150,77,0
151,77,0
152,77,0
153,77,0
154,77,0
155,77,0
156,77,0
157,77,0
158,77,0
159,77,0
160,77,0
161,77,0
162,77,0
163,77,0
164,77,0
165,77,0
166,77,0
167,77,0
168,77,0
169,77,0
170,77,0
171,77,0
172,77,0
173,77,0
174,77,0
175,77,0
176,77,16
177,77,11
178,77,10
179,77,8
180,77,8
181,77,7
182,77,7
183,77,7
184,77,6
185,77,6
186,77,6
187,77,6
188,77,5
189,77,5
190,77,5
191,77,5
192,77,5
193,77,5
194,77,5
195,77,5
196,77,5
197,77,4
198,77,4
199,77,4
200,77,4
201,77,4
202,77,4
203,77,4
204,77,4
205,77,4
206,77,4
207,77,4
208,77,4
209,77,3
210,77,3
211,77,3
212,77,3
213,77,3
214,77,3
215,77,3
216,77,3
217,77,3
218,77,3
219,77,3
220,77,3
221,77,3
222,77,3
223,77,3
224,77,3
225,77,3
226,77,3
227,77,3
228,77,3
229,77,3
230,77,3
231,77,3
232,77,3
233,77,3
234,77,3
235,77,3
236,77,3
237,77,3
238,77,3
239,77,3
240,77,3
241,77,3
242,77,3
243,77,3
244,77,3
245,77,3
246,77,3
247,77,3
248,77,2
249,77,2
250,77,2
251,77,2
252,77,2
253,77,2
254,77,2
255,77,2
0,78,3
1,78,3
2,78,3
3,78,3
4,78,3
5,78,3
6,78,3
7,78,3
8,78,3
9,78,3
10,78,3
11,78,3
12,78,3
13,78,3
14,78,3
15,78,3
16,78,3
17,78,3
18,78,3
19,78,3
20,78,3
21,78,3
22,78,3
23,78,3
24,78,4
25,78,4
26,78,4
27,78,4
28,78,4
29,78,4
30,78,4
31,78,4
32,78,4
33,78,4
34,78,4
35,78,4
36,78,4
37,78,4
38,78,4
39,78,4
40,78,4
41,78,4
42,78,4
43,78,4
44,78,4
45,78,4
46,78,4
47,78,4
48,78,4
49,78,4
50,78,4
51,78,4
52,78,4
53,78,4
54,78,4
55,78,4
56,78,4
57,78,4
58,78,4
59,78,4
60,78,4
61,78,4
62,78,4
63,78,4
64,78,4
65,78,4
66,78,4
67,78,4
68,78,4
69,78,4
70,78,4
71,78,4
72,78,4
73,78,5
74,78,5
75,78,5
76,78,5
77,78,5
78,78,5
79,78,5
80,78,5
81,78,5
82,78,5
83,78,5
84,78,5
85,78,5
86,78,5
87,78,5
88,78,5
89,78,5
90,78,5
91,78,5
92,78,5
93,78,5
94,78,5
95,78,5
96,78,5
97,78,6
98,78,6
99,78,6
100,78,6
101,78,6
102,78,6
103,78,6
104,78,6
105,78,6
106,78,6
107,78,6
108,78,6
109,78,6
110,78,7
111,78,7
112,78,7
113,78,7
114,78,7
115,78,7
116,78,7
117,78,8
118,78,8
119,78,8
120,78,8
121,78,8
122,78,9
123,78,9
124,78,9
125,78,9
126,78,10
127,78,10
128,78,10
129,78,11
130,78,11
131,78,11
132,78,12
133,78,12
134,78,13
135,78,13
136,78,14
137,78,15
138,78,17
139,78,19
140,78,22
141,78,28
142,78,44
143,78,0
144,78,0
145,78,0
146,78,0
147,78,0
148,78,0
149,78,0
150,78,0
151,78,0
152,78,0
153,78,0
154,78,0
155,78,0
156,78,0
157,78,0
158,78,0
159,78,0
160,78,0
161,78,0
162,78,0
163,78,0
164,78,0
165,78,0
166,78,0
167,78,0
168,78,0
169,78,0
170,78,0
171,78,0
172,78,0
173,78,0
174,78,0
175,78,0
176,78,0
177,78,0
178,78,11
179,78,9
180,78,8
181,78,8
182,78,7
183,78,7
184,78,7
185,78,6
186,78,6
187,78,6
188,78,5
189,78,5
190,78,5
191,78,5
192,78,5
193,78,5
194,78,5
195,78,5
196,78,5
197,78,4
198,78,4
199,78,4
200,78,4
201,78,4
202,78,4
203,78,4
204,78,4
205,78,4
206,78,4
207,78,4
208,78,4
209,78,3
210,78,3
211,78,3
212,78,3
213,78,3
214,78,3
215,78,3
216,78,3
217,78,3
218,78,3
219,78,3
220,78,3
221,78,3
222,78,3
223,78,3
224,78,3
225,78,3
226,78,3
227,78,3
228,78,3
229,78,3
230,78,3
231,78,3
232,78,3
233,78,3
234,78,3
235,78,3
236,78,3
237,78,3
238,78,3
239,78,3
240,78,3
241,78,3
242,78,3
243,78,3
244,78,3
245,78,3
246,78,3
247,78,3
248,78,3
249,78,2
250,78,2
251,78,2
252,78,2
253,78,2
254,78,2
255,78,2
0,79,3
1,79,3
2,79,3
3,79,3
4,79,3
5,79,3
6,79,3
7,79,3
8,79,3
9,79,3
10,79,3
11,79,3
12,79,3
13,79,3
14,79,3
15,79,3
16,79,3
17,79,3
18,79,3
19,79,3
20,79,3
21,79,4
22,79,4
23,79,4
24,79,4
25,79,4
26,79,4
27,79,4
28,79,4
29,79,4
30,79,4
31,79,4
32,79,4
33,79,4
34,79,4
35,79,4
36,79,4
37,79,4
38,79,4
39,79,4
40,79,4
41,79,4
42,79,4
43,79,4
44,79,4
45,79,4
46,79,4
47,79,4
48,79,4
49,79,4
50,79,4
51,79,4
52,79,4
53,79,4
54,79,4
55,79,4
56,79,4
57,79,4
58,79,4
59,79,4
60,79,4
61,79,4
62,79,4
63,79,4
64,79,4
65,79,4
66,79,4
67,79,4
68,79,4
69,79,4
70,79,5
71,79,5
72,79,5
73,79,5
74,79,5
75,79,5
76,79,5
77,79,5
78,79,5
79,79,5
80,79,5
81,79,5
82,79,5
83,79,5
84,79,5
85,79,5
86,79,5
87,79,5
88,79,5
89,79,5
90,79,5
91,79,5
92,79,5
93,79,5
94,79,5
95,79,6
96,79,6
97,79,6
98,79,6
99,79,6
100,79,6
101,79,6
102,79,6
103,79,6
104,79,6
105,79,6
106,79,6
107,79,6
108,79,7
109,79,7
110,79,7
111,79,7
112,79,7
113,79,7
114,79,7
115,79,7
116,79,8
117,79,8
118,79,8
119,79,8
120,79,8
121,79,9
122,79,9
123,79,9
124,79,9
125,79,10
126,79,10
127,79,10
128,79,11
129,79,11
130,79,12
131,79,12
132,79,12
133,79,13
134,79,14
135,79,15
136,79,16
137,79,17
138,79,20
139,79,23
140,79,30
141,79,47
142,79,0
143,79,0
144,79,0
145,79,0
146,79,0
147,79,0
148,79,0
149,79,0
150,79,0
151,79,0
152,79,0
153,79,0
154,79,0
155,79,0
156,79,0
157,79,0
158,79,0
159,79,0
160,79,0
161,79,0
162,79,0
163,79,0
164,79,0
165,79,0
166,79,0
167,79,0
168,79,0
169,79,0
170,79,0
171,79,0
172,79,0
173,79,0
174,79,0
175,79,0
176,79,0
177,79,0
178,79,0
179,79,11
180,79,9
181,79,8
182,79,7
183,79,7
184,79,7
185,79,6
186,79,6
187,79,6
188,79,6
189,79,5
190,79,5
191,79,5
192,79,5
193,79,5
194,79,5
195,79,5
196,79,5
197,79,4
198,79,4
199,79,4
200,79,4
201,79,4
202,79,4
203,79,4
204,79,4
205,79,4
206,79,4
207,79,4
208,79,4
209,79,3
210,79,3
211,79,3
212,79,3
213,79,3
214,79,3
215,79,3
216,79,3
217,79,3
218,79,3
219,79,3
220,79,3
221,79,3
222,79,3
223,79,3
224,79,3
225,79,3
226,79,3
227,79,3
228,79,3
229,79,3
230,79,3
231,79,3
232,79,3
233,79,3
234,79,3
235,79,3
236,79,3
237,79,3
238,79,3
239,79,3
240,79,3
241,79,3
242,79,3
243,79,3
244,79,3
245,79,3
246,79,3
247,79,3
248,79,3
249,79,2
250,79,2
251,79,2
252,79,2
253,79,2
254,79,2
255,79,2
0,80,3
1,80,3
2,80,3
3,80,3
4,80,3
5,80,3
6,80,3
7,80,3
8,80,3
9,80,3
10,80,3
11,80,3
12,80,3
13,80,3
14,80,3
15,80,3
16,80,3
17,80,3
18,80,4
19,80,4
20,80,4
21,80,4
22,80,4
23,80,4
24,80,4
25,80,4
26,80,4
27,80,4
28,80,4
29,80,4
30,80,4
31,80,4
32,80,4
33,80,4
34,80,4
35,80,4
36,80,4
37,80,4
38,80,4
39,80,4
40,80,4
41,80,4
42,80,4
43,80,4
44,80,4
45,80,4
46,80,4
47,80,4
48,80,4
49,80,4
50,80,4
51,80,4
52,80,4
53,80,4
54,80,4
55,80,4
56,80,4
57,80,4
58,80,4
59,80,4
60,80,4
61,80,4
62,80,4
63,80,4
64,80,4
65,80,4
66,80,4
67,80,4
68,80,5
69,80,5
70,80,5
71,80,5
72,80,5
73,80,5
74,80,5
75,80,5
76,80,5
77,80,5
78,80,5
79,80,5
80,80,5
81,80,5
82,80,5
83,80,5
84,80,5
85,80,5
86,80,5
87,80,5
88,80,5
89,80,5
90,80,5
91,80,5
92,80,5
93,80,5
94,80,6
95,80,6
96,80,6
97,80,6
98,80,6
99,80,6
100,80,6
101,80,6
102,80,6
103,80,6
104,80,6
105,80,6
106,80,6
107,80,7
108,80,7
109,80,7
110,80,7
111,80,7
112,80,7
113,80,7
114,80,8
115,80,8
116,80,8
117,80,8
118,80,8
119,80,8
120,80,9
121,80,9
122,80,9
123,80,9
124,80,10
125,80,10
126,80,11
127,80,11
128,80,11
129,80,12
130,80,12
131,80,13
132,80,14
133,80,14
134,80,15
135,80,17
136,80,18
137,80,21
138,80,25
139,80,33
140,80,55
141,80,0
142,80,0
143,80,0
144,80,0
145,80,0
146,80,0
147,80,0
148,80,0
149,80,0
150,80,0
151,80,0
152,80,0
153,80,0
154,80,0
155,80,0
156,80,0
157,80,0
158,80,0
159,80,0
160,80,0
161,80,0
162,80,0
163,80,0
164,80,0
165,80,0
166,80,0
167,80,0
168,80,0
169,80,0
170,80,0
171,80,0
172,80,0
173,80,0
174,80,0
175,80,0
176,80,0
177,80,0
178,80,0
179,80,13
180,80,10
181,80,9
182,80,8
183,80,7
184,80,7
185,80,7
186,80,6
187,80,6
188,80,6
189,80,5
190,80,5
191,80,5
192,80,5
193,80,5
194,80,5
195,80,5
196,80,5
197,80,4
198,80,4
199,80,4
200,80,4
201,80,4
202,80,4
203,80,4
204,80,4
205,80,4
206,80,4
207,80,4
208,80,4
209,80,3
210,80,3
211,80,3
212,80,3
213,80,3
214,80,3
215,80,3
216,80,3
217,80,3
218,80,3
219,80,3
220,80,3
221,80,3
222,80,3
223,80,3
224,80,3
225,80,3
226,80,3
227,80,3
228,80,3
229,80,3
230,80,3
231,80,3
232,80,3
233,80,3
234,80,3
235,80,3
236,80,3
237,80,3
238,80,3
239,80,3
240,80,3
241,80,3
242,80,3
243,80,3
244,80,3
245,80,3
246,80,3
247,80,3
248,80,3
249,80,2
250,80,2
251,80,2
252,80,2
253,80,2
254,80,2
255,80,2
0,81,3
1,81,3
2,81,3
3,81,3
4,81,3
5,81,3
6,81,3
7,81,3
8,81,3
9,81,3
10,81,3
11,81,3
12,81,3
13,81,3
14,81,3
15,81,4
16,81,4
17,81,4
18,81,4
19,81,4
20,81,4
21,81,4
22,81,4
23,81,4
24,81,4
25,81,4
26,81,4
27,81,4
28,81,4
29,81,4
30,81,4
31,81,4
32,81,4
33,81,4
34,81,4
35,81,4
36,81,4
37,81,4
38,81,4
39,81,4
40,81,4
41,81,4
42,81,4
43,81,4
44,81,4
45,81,4
46,81,4
47,81,4
48,81,4
49,81,4
50,81,4
51,81,4
52,81,4
53,81,4
54,81,4
55,81,4
56,81,4
57,81,4
58,81,4
59,81,4
60,81,4
61,81,4
62,81,4
63,81,4
64,81,4
65,81,5
66,81,5
67,81,5
68,81,5
69,81,5
70,81,5
71,81,5
72,81,5
73,81,5
74,81,5
75,81,5
76,81,5
77,81,5
78,81,5
79,81,5
80,81,5
81,81,5
82,81,5
83,81,5
84,81,5
85,81,5
86,81,5
87,81,5
88,81,5
89,81,5
90,81,5
91,81,5
92,81,6
93,81,6
94,81,6
95,81,6
96,81,6
97,81,6
98,81,6
99,81,6
100,81,6
101,81,6
102,81,6
103,81,6
104,81,6
105,81,7
106,81,7
107,81,7
108,81,7
109,81,7
110,81,7
111,81,7
112,81,7
113,81,8
114,81,8
115,81,8
116,81,8
117,81,8
118,81,9
119,81,9
120,81,9
121,81,9
122,81,10
123,81,10
124,81,10
125,81,11
126,81,11
127,81,12
128,81,12
129,81,13
130,81,13
131,81,14
132,81,15
133,81,16
134,81,17
135,81,19
136,81,22
137,81,27
138,81,36
139,81,9
140,81,0
141,81,0
142,81,0
143,81,0
144,81,0
145,81,0
146,81,0
147,81,0
148,81,0
149,81,0
150,81,0
151,81,0
152,81,0
153,81,0
154,81,0
155,81,0
156,81,0
157,81,0
158,81,0
159,81,0
160,81,0
161,81,0
162,81,0
163,81,0
164,81,0
165,81,0
166,81,0
167,81,0
168,81,0
169,81,0
170,81,0
171,81,0
172,81,0
173,81,0
174,81,0
175,81,0
176,81,0
177,81,0
178,81,0
179,81,0
180,81,11
181,81,9
182,81,8
183,81,8
184,81,7
185,81,7
186,81,6
187,81,6
188,81,6
189,81,5
190,81,5
191,81,5
192,81,5
193,81,5
194,81,5
195,81,5
196,81,5
197,81,4
198,81,4
199,81,4
200,81,4
201,81,4
202,81,4
203,81,4
204,81,4
205,81,4
206,81,4
207,81,4
208,81,4
209,81,4
210,81,3
211,81,3
212,81,3
213,81,3
214,81,3
215,81,3
216,81,3
217,81,3
218,81,3
219,81,3
220,81,3
221,81,3
222,81,3
223,81,3
224,81,3
225,81,3
226,81,3
227,81,3
228,81,3
229,81,3
230,81,3
231,81,3
232,81,3
233,81,3
234,81,3
235,81,3
236,81,3
237,81,3
238,81,3
239,81,3
240,81,3
241,81,3
242,81,3
243,81,3
244,81,3
245,81,3
246,81,3
247,81,3
248,81,3
249,81,2
250,81,2
251,81,2
252,81,2
253,81,2
254,81,2
255,81,2
0,82,3
1,82,3
2,82,3
3,82,3
4,82,3
5,82,3
6,82,3
7,82,3
8,82,3
9,82,3
10,82,3
11,82,3
12,82,4
13,82,4
14,82,4
15,82,4
16,82,4
17,82,4
18,82,4
19,82,4
20,82,4
21,82,4
22,82,4
23,82,4
24,82,4
25,82,4
26,82,4
27,82,4
28,82,4
29,82,4
30,82,4
31,82,4
32,82,4
33,82,4
34,82,4
35,82,4
36,82,4
37,82,4
38,82,4
39,82,4
40,82,4
41,82,4
42,82,4
43,82,4
44,82,4
45,82,4
46,82,4
47,82,4
48,82,4
49,82,4
50,82,4
51,82,4
52,82,4
53,82,4
54,82,4
55,82,4
56,82,4
57,82,4
58,82,4
59,82,4
60,82,4
61,82,4
62,82,5
63,82,5
64,82,5
65,82,5
66,82,5
67,82,5
68,82,5
69,82,5
70,82,5
71,82,5
72,82,5
73,82,5
74,82,5
75,82,5
76,82,5
77,82,5
78,82,5
79,82,5
80,82,5
81,82,5
82,82,5
83,82,5
84,82,5
85,82,5
86,82,5
87,82,5
88,82,5
89,82,5
90,82,6
91,82,6
92,82,6
93,82,6
94,82,6
95,82,6
96,82,6
97,82,6
98,82,6
99,82,6
100,82,6
101,82,6
102,82,6
103,82,7
104,82,7
105,82,7
106,82,7
107,82,7
108,82,7
109,82,7
110,82,7
111,82,8
112,82,8
113,82,8
114,82,8
115,82,8
116,82,8
117,82,9
118,82,9
119,82,9
120,82,9
121,82,10
122,82,10
123,82,10
124,82,11
125,82,11
126,82,12
127,82,12
128,82,13
129,82,14
130,82,15
131,82,15
132,82,17
133,82,18
134,82,20
135,82,24
136,82,29
137,82,42
138,82,0
139,82,0
140,82,0
141,82,0
142,82,0
143,82,0
144,82,0
145,82,0
146,82,0
147,82,0
148,82,0
149,82,0
150,82,0
151,82,0
152,82,0
153,82,0
154,82,0
155,82,0
156,82,0
157,82,0
158,82,0
159,82,0
160,82,0
161,82,0
162,82,0
163,82,0
164,82,0
165,82,0
166,82,0
167,82,0
168,82,0
169,82,0
170,82,0
171,82,0
172,82,0
173,82,0
174,82,0
175,82,0
176,82,0
177,82,0
178,82,0
179,82,0
180,82,13
181,82,10
182,82,9
183,82,8
184,82,7
185,82,7
186,82,7
187,82,6
188,82,6
189,82,5
190,82,5
191,82,5
192,82,5
193,82,5
194,82,5
195,82,5
196,82,5
197,82,4
198,82,4
199,82,4
200,82,4
201,82,4
202,82,4
203,82,4
204,82,4
205,82,4
206,82,4
207,82,4
208,82,4
209,82,4
210,82,3
211,82,3
212,82,3
213,82,3
214,82,3
215,82,3
216,82,3
217,82,3
218,82,3
219,82,3
220,82,3
221,82,3
222,82,3
223,82,3
224,82,3
225,82,3
226,82,3
227,82,3
228,82,3
229,82,3
230,82,3
231,82,3
232,82,3
233,82,3
234,82,3
235,82,3
236,82,3
237,82,3
238,82,3
239,82,3
240,82,3
241,82,3
242,82,3
243,82,3
244,82,3
245,82,3
246,82,3
247,82,3
248,82,3
249,82,3
250,82,2
251,82,2
252,82,2
253,82,2
254,82,2
255,82,2
0,83,3
1,83,3
2,83,3
3,83,3
4,83,3
5,83,3
6,83,3
7,83,3
8,83,3
9,83,4
10,83,4
11,83,4
12,83,4
13,83,4
14,83,4
15,83,4
16,83,4
17,83,4
18,83,4
19,83,4
20,83,4
21,83,4
22,83,4
23,83,4
24,83,4
25,83,4
26,83,4
27,83,4
28,83,4
29,83,4
30,83,4
31,83,4
32,83,4
33,83,4
34,83,4
35,83,4
36,83,4
37,83,4
38,83,4
39,83,4
40,83,4
41,83,4
42,83,4
43,83,4
44,83,4
45,83,4
46,83,4
47,83,4
48,83,4
49,83,4
50,83,4
51,83,4
52,83,4
53,83,4
54,83,4
55,83,4
56,83,4
57,83,4
58,83,4
59,83,5
60,83,5
61,83,5
62,83,5
63,83,5
64,83,5
65,83,5
66,83,5
67,83,5
68,83,5
69,83,5
70,83,5
71,83,5
72,83,5
73,83,5
74,83,5
75,83,5
76,83,5
77,83,5
78,83,5
79,83,5
80,83,5
81,83,5
82,83,5
83,83,5
84,83,5
85,83,5
86,83,5
87,83,5
88,83,6
89,83,6
90,83,6
91,83,6
92,83,6
93,83,6
94,83,6
95,83,6
96,83,6
97,83,6
98,83,6
99,83,6
100,83,6
101,83,7
102,83,7
103,83,7
104,83,7
105,83,7
106,83,7
107,83,7
108,83,7
109,83,7
110,83,8
111,83,8
112,83,8
113,83,8
114,83,8
115,83,9
116,83,9
117,83,9
118,83,9
119,83,10
120,83,10
121,83,10
122,83,11
123,83,11
124,83,12
125,83,12
126,83,13
127,83,13
128,83,14
129,83,15
130,83,16
131,83,17
132,83,19
133,83,22
134,83,25
135,83,32
136,83,51
137,83,0
138,83,0
139,83,0
140,83,0
141,83,0
142,83,0
143,83,0
144,83,0
145,83,0
146,83,0
147,83,0
148,83,0
149,83,0
150,83,0
151,83,0
152,83,0
153,83,0
154,83,0
155,83,0
156,83,0
157,83,0
158,83,0
159,83,0
160,83,0
161,83,0
162,83,0
163,83,0
164,83,0
165,83,0
166,83,0
167,83,0
168,83,0
169,83,0
170,83,0
171,83,0
172,83,0
173,83,0
174,83,0
175,83,0
176,83,0
177,83,0
178,83,0
179,83,0
180,83,0
181,83,11
182,83,9
183,83,8
184,83,7
185,83,7
186,83,7
187,83,6
188,83,6
189,83,6
190,83,5
191,83,5
192,83,5
193,83,5
194,83,5
195,83,5
196,83,5
197,83,4
198,83,4
199,83,4
200,83,4
201,83,4
202,83,4
203,83,4
204,83,4
205,83,4
206,83,4
207,83,4
208,83,4
209,83,4
210,83,3
211,83,3
212,83,3
213,83,3
214,83,3
215,83,3
216,83,3
217,83,3
218,83,3
219,83,3
220,83,3
221,83,3
222,83,3
223,83,3
224,83,3
225,83,3
226,83,3
227,83,3
228,83,3
229,83,3
230,83,3
231,83,3
232,83,3
233,83,3
234,83,3
235,83,3
236,83,3
237,83,3
238,83,3
239,83,3
240,83,3
241,83,3
242,83,3
243,83,3
244,83,3
245,83,3
246,83,3
247,83,3
248,83,3
249,83,3
250,83,2
251,83,2
252,83,2
253,83,2
254,83,2
255,83,2
0,84,3
1,84,3
2,84,3
3,84,3
4,84,3
5,84,3
6,84,4
7,84,4
8,84,4
9,84,4
10,84,4
11,84,4
12,84,4
13,84,4
14,84,4
15,84,4
16,84,4
17,84,4
18,84,4
19,84,4
20,84,4
21,84,4
22,84,4
23,84,4
24,84,4
25,84,4
26,84,4
27,84,4
28,84,4
29,84,4
30,84,4
31,84,4
32,84,4
33,84,4
34,84,4
35,84,4
36,84,4
37,84,4
38,84,4
39,84,4
40,84,4
41,84,4
42,84,4
43,84,4
44,84,4
45,84,4
46,84,4
47,84,4
48,84,4
49,84,4
50,84,4
51,84,4
52,84,4
53,84,4
54,84,4
55,84,4
56,84,5
57,84,5
58,84,5
59,84,5
60,84,5
61,84,5
62,84,5
63,84,5
64,84,5
65,84,5
66,84,5
67,84,5
68,84,5
69,84,5
70,84,5
71,84,5
72,84,5
73,84,5
74,84,5
75,84,5
76,84,5
77,84,5
78,84,5
79,84,5
80,84,5
81,84,5
82,84,5
83,84,5
84,84,5
85,84,6
86,84,6
87,84,6
88,84,6
89,84,6
90,84,6
91,84,6
92,84,6
93,84,6
94,84,6
95,84,6
96,84,6
97,84,6
98,84,6
99,84,6
100,84,7
101,84,7
102,84,7
103,84,7
104,84,7
105,84,7
106,84,7
107,84,7
108,84,8
109,84,8
110,84,8
111,84,8
112,84,8
113,84,8
114,84,9
115,84,9
116,84,9
117,84,9
118,84,10
119,84,10
120,84,10
121,84,11
122,84,11
123,84,12
124,84,12
125,84,13
126,84,14
127,84,15
128,84,16
129,84,17
130,84,18
131,84,20
132,84,23
133,84,28
134,84,37
135,84,8
136,84,0
137,84,0
138,84,0
139,84,0
140,84,0
141,84,0
142,84,0
143,84,0
144,84,0
145,84,0
146,84,0
147,84,0
148,84,0
149,84,0
150,84,0
151,84,0
152,84,0
153,84,0
154,84,0
155,84,0
156,84,0
157,84,0
158,84,0
159,84,0
160,84,0
161,84,0
162,84,0
163,84,0
164,84,0
165,84,0
166,84,0
167,84,0
168,84,0
169,84,0
170,84,0
171,84,0
172,84,0
173,84,0
174,84,0
175,84,0
176,84,0
177,84,0
178,84,0
179,84,0
180,84,0
181,84,0
182,84,11
183,84,9
184,84,8
185,84,7
186,84,7
187,84,6
188,84,6
189,84,6
190,84,5
191,84,5
192,84,5
193,84,5
194,84,5
195,84,5
196,84,5
197,84,4
198,84,4
199,84,4
200,84,4
201,84,4
202,84,4
203,84,4
204,84,4
205,84,4
206,84,4
207,84,4
208,84,4
209,84,4
210,84,3
211,84,3
212,84,3
213,84,3
214,84,3
215,84,3
216,84,3
217,84,3
218,84,3
219,84,3
220,84,3
221,84,3
222,84,3
223,84,3
224,84,3
225,84,3
226,84,3
227,84,3
228,84,3
229,84,3
230,84,3
231,84,3
232,84,3
233,84,3
234,84,3
235,84,3
236,84,3
237,84,3
238,84,3
239,84,3
240,84,3
241,84,3
242,84,3
243,84,3
244,84,3
245,84,3
246,84,3
247,84,3
248,84,3
249,84,3
250,84,2
251,84,2
252,84,2
253,84,2
254,84,2
255,84,2
0,85,3
1,85,3
2,85,3
3,85,4
4,85,4
5,85,4
6,85,4
7,85,4
8,85,4
9,85,4
10,85,4
11,85,4
12,85,4
13,85,4
14,85,4
15,85,4
16,85,4
17,85,4
18,85,4
19,85,4
20,85,4
21,85,4
22,85,4
23,85,4
24,85,4
25,85,4
26,85,4
27,85,4
28,85,4
29,85,4
30,85,4
31,85,4
32,85,4
33,85,4
34,85,4
35,85,4
36,85,4
37,85,4
38,85,4
39,85,4
40,85,4
41,85,4
42,85,4
43,85,4
44,85,4
45,85,4
46,85,4
47,85,4
48,85,4
49,85,4
50,85,4
51,85,4
52,85,5
53,85,5
54,85,5
55,85,5
56,85,5
57,85,5
58,85,5
59,85,5
60,85,5
61,85,5
62,85,5
63,85,5
64,85,5
65,85,5
66,85,5
67,85,5
68,85,5
69,85,5
70,85,5
71,85,5
72,85,5
73,85,5
74,85,5
75,85,5
76,85,5
77,85,5
78,85,5
79,85,5
80,85,5
81,85,5
82,85,5
83,85,6
84,85,6
85,85,6
86,85,6
87,85,6
88,85,6
89,85,6
90,85,6
91,85,6
92,85,6
93,85,6
94,85,6
95,85,6
96,85,6
97,85,6
98,85,7
99,85,7
100,85,7
101,85,7
102,85,7
103,85,7
104,85,7
105,85,7
106,85,7
107,85,8
108,85,8
109,85,8
110,85,8
111,85,8
112,85,9
113,85,9
114,85,9
115,85,9
116,85,10
117,85,10
118,85,10
119,85,11
120,85,11
121,85,11
122,85,12
123,85,13
124,85,13
125,85,14
126,85,15
127,85,16
128,85,18
129,85,19
130,85,22
131,85,25
132,85,31
133,85,44
134,85,0
135,85,0
136,85,0
137,85,0
138,85,0
139,85,0
140,85,0
141,85,0
142,85,0
143,85,0
144,85,0
145,85,0
146,85,0
147,85,0
148,85,0
149,85,0
150,85,0
151,85,0
152,85,0
153,85,0
154,85,0
155,85,0
156,85,0
157,85,0
158,85,0
159,85,0
160,85,0
161,85,0
162,85,0
163,85,0
164,85,0
165,85,0
166,85,0
167,85,0
168,85,0
169,85,0
170,85,0
171,85,0
172,85,0
173,85,0
174,85,0
175,85,0
176,85,0
177,85,0
178,85,0
179,85,0
180,85,0
181,85,0
182,85,0
183,85,9
184,85,8
185,85,7
186,85,7
187,85,6
188,85,6
189,85,6
190,85,5
191,85,5
192,85,5
193,85,5
194,85,5
195,85,5
196,85,5
197,85,4
198,85,4
199,85,4
200,85,4
201,85,4
202,85,4
203,85,4
204,85,4
205,85,4
206,85,4
207,85,4
208,85,4
209,85,4
210,85,4
211,85,3
212,85,3
213,85,3
214,85,3
215,85,3
216,85,3
217,85,3
218,85,3
219,85,3
220,85,3
221,85,3
222,85,3
223,85,3
224,85,3
225,85,3
226,85,3
227,85,3
228,85,3
229,85,3
230,85,3
231,85,3
232,85,3
233,85,3
234,85,3
235,85,3
236,85,3
237,85,3
238,85,3
239,85,3
240,85,3
241,85,3
242,85,3
243,85,3
244,85,3
245,85,3
246,85,3
247,85,3
248,85,3
249,85,3
250,85,3
251,85,2
252,85,2
253,85,2
254,85,2
255,85,2
0,86,4
1,86,4
2,86,4
3,86,4
4,86,4
5,86,4
6,86,4
7,86,4
8,86,4
9,86,4
10,86,4
11,86,4
12,86,4
13,86,4
14,86,4
15,86,4
16,86,4
17,86,4
18,86,4
19,86,4
20,86,4
21,86,4
22,86,4
23,86,4
24,86,4
25,86,4
26,86,4
27,86,4
28,86,4
29,86,4
30,86,4
31,86,4
32,86,4
33,86,4
34,86,4
35,86,4
36,86,4
37,86,4
38,86,4
39,86,4
40,86,4
41,86,4
42,86,4
43,86,4
44,86,4
45,86,4
46,86,4
47,86,4
48,86,5
49,86,5
50,86,5
51,86,5
52,86,5
53,86,5
54,86,5
55,86,5
56,86,5
57,86,5
58,86,5
59,86,5
60,86,5
61,86,5
62,86,5
63,86,5
64,86,5
65,86,5
66,86,5
67,86,5
68,86,5
69,86,5
70,86,5
71,86,5
72,86,5
73,86,5
74,86,5
75,86,5
76,86,5
77,86,5
78,86,5
79,86,5
80,86,5
81,86,6
82,86,6
83,86,6
84,86,6
85,86,6
86,86,6
87,86,6
88,86,6
89,86,6
90,86,6
91,86,6
92,86,6
93,86,6
94,86,6
95,86,6
96,86,7
97,86,7
98,86,7
99,86,7
100,86,7
101,86,7
102,86,7
103,86,7
104,86,7
105,86,8
106,86,8
107,86,8
108,86,8
109,86,8
110,86,8
111,86,9
112,86,9
113,86,9
114,86,9
115,86,10
116,86,10
117,86,10
118,86,11
119,86,11
120,86,12
121,86,12
122,86,13
123,86,14
124,86,14
125,86,15
126,86,17
127,86,18
128,86,20
129,86,23
130,86,27
131,86,35
132,86,57
133,86,0
134,86,0
135,86,0
136,86,0
137,86,0
138,86,0
139,86,0
140,86,0
141,86,0
142,86,0
143,86,0
144,86,0
145,86,0
146,86,0
147,86,0
148,86,0
149,86,0
150,86,0
151,86,0
152,86,0
153,86,0
154,86,0
155,86,0
156,86,0
157,86,0
158,86,0
159,86,0
160,86,0
161,86,0
162,86,0
163,86,0
164,86,0
165,86,0
166,86,0
167,86,0
168,86,0
169,86,0
170,86,0
171,86,0
172,86,0
173,86,0
174,86,0
175,86,0
176,86,0
177,86,0
178,86,0
179,86,0
180,86,0
181,86,0
182,86,0
183,86,11
184,86,8
185,86,7
186,86,7
187,86,6
188,86,6
189,86,6
190,86,6
191,86,5
192,86,5
193,86,5
194,86,5
195,86,5
196,86,5
197,86,4
198,86,4
199,86,4
200,86,4
201,86,4
202,86,4
203,86,4
204,86,4
205,86,4
206,86,4
207,86,4
208,86,4
209,86,4
210,86,4
211,86,3
212,86,3
213,86,3
214,86,3
215,86,3
216,86,3
217,86,3
218,86,3
219,86,3
220,86,3
221,86,3
222,86,3
223,86,3
224,86,3
225,86,3
226,86,3
227,86,3
228,86,3
229,86,3
230,86,3
231,86,3
232,86,3
233,86,3
234,86,3
235,86,3
236,86,3
237,86,3
238,86,3
239,86,3
240,86,3
241,86,3
242,86,3
243,86,3
244,86,3
245,86,3
246,86,3
247,86,3
248,86,3
249,86,3
250,86,3
251,86,2
252,86,2
253,86,2
254,86,2
255,86,2
0,87,4
1,87,4
2,87,4
3,87,4
4,87,4
5,87,4
6,87,4
7,87,4
8,87,4
9,87,4
10,87,4
11,87,4
12,87,4
13,87,4
14,87,4
15,87,4
16,87,4
17,87,4
18,87,4
19,87,4
20,87,4
21,87,4
22,87,4
23,87,4
24,87,4
25,87,4
26,87,4
27,87,4
28,87,4
29,87,4
30,87,4
31,87,4
32,87,4
33,87,4
34,87,4
35,87,4
36,87,4
37,87,4
38,87,4
39,87,4
40,87,4
41,87,4
42,87,4
43,87,4
44,87,5
45,87,5
46,87,5
47,87,5
48,87,5
49,87,5
50,87,5
51,87,5
52,87,5
53,87,5
54,87,5
55,87,5
56,87,5
57,87,5
58,87,5
59,87,5
60,87,5
61,87,5
62,87,5
63,87,5
64,87,5
65,87,5
66,87,5
67,87,5
68,87,5
69,87,5
70,87,5
71,87,5
72,87,5
73,87,5
74,87,5
75,87,5
76,87,5
77,87,5
78,87,5
79,87,6
80,87,6
81,87,6
82,87,6
83,87,6
84,87,6
85,87,6
86,87,6
87,87,6
88,87,6
89,87,6
90,87,6
91,87,6
92,87,6
93,87,6
94,87,7
95,87,7
96,87,7
97,87,7
98,87,7
99,87,7
100,87,7
101,87,7
102,87,7
103,87,8
104,87,8
105,87,8
106,87,8
107,87,8
108,87,8
109,87,9
110,87,9
111,87,9
112,87,9
113,87,10
114,87,10
115,87,10
116,87,11
117,87,11
118,87,11
119,87,12
120,87,13
121,87,13
122,87,14
123,87,15
124,87,16
125,87,17
126,87,19
127,87,21
128,87,25
129,87,30
130,87,41
131,87,33
132,87,0
133,87,0
134,87,0
135,87,0
136,87,0
137,87,0
138,87,0
139,87,0
140,87,0
141,87,0
142,87,0
143,87,0
144,87,0
145,87,0
146,87,0
147,87,0
148,87,0
149,87,0
150,87,0
151,87,0
152,87,0
153,87,0
154,87,0
155,87,0
156,87,0
157,87,0
158,87,0
159,87,0
160,87,0
161,87,0
162,87,0
163,87,0
164,87,0
165,87,0
166,87,0
167,87,0
168,87,0
169,87,0
170,87,0
171,87,0
172,87,0
173,87,0
174,87,0
175,87,0
176,87,0
177,87,0
178,87,0
179,87,0
180,87,0
181,87,0
182,87,0
183,87,11
184,87,8
185,87,8
186,87,7
187,87,6
188,87,6
189,87,6
190,87,6
191,87,5
192,87,5
193,87,5
194,87,5
195,87,5
196,87,5
197,87,4
198,87,4
199,87,4
200,87,4
201,87,4
202,87,4
203,87,4
204,87,4
205,87,4
206,87,4
207,87,4
208,87,4
209,87,4
210,87,4
211,87,3
212,87,3
213,87,3
214,87,3
215,87,3
216,87,3
217,87,3
218,87,3
219,87,3
220,87,3
221,87,3
222,87,3
223,87,3
224,87,3
225,87,3
226,87,3
227,87,3
228,87,3
229,87,3
230,87,3
231,87,3
232,87,3
233,87,3
234,87,3
235,87,3
236,87,3
237,87,3
238,87,3
239,87,3
240,87,3
241,87,3
242,87,3
243,87,3
244,87,3
245,87,3
246,87,3
247,87,3
248,87,3
249,87,3
250,87,3
251,87,2
252,87,2
253,87,2
254,87,2
255,87,2
0,88,4
1,88,4
2,88,4
3,88,4
4,88,4
5,88,4
6,88,4
7,88,4
8,88,4
9,88,4
10,88,4
11,88,4
12,88,4
13,88,4
14,88,4
15,88,4
16,88,4
17,88,4
18,88,4
19,88,4
20,88,4
21,88,4
22,88,4
23,88,4
24,88,4
25,88,4
26,88,4
27,88,4
28,88,4
29,88,4
30,88,4
31,88,4
32,88,4
33,88,4
34,88,4
35,88,4
36,88,4
37,88,4
38,88,4
39,88,4
40,88,5
41,88,5
42,88,5
43,88,5
44,88,5
45,88,5
46,88,5
47,88,5
48,88,5
49,88,5
50,88,5
51,88,5
52,88,5
53,88,5
54,88,5
55,88,5
56,88,5
57,88,5
58,88,5
59,88,5
60,88,5
61,88,5
62,88,5
63,88,5
64,88,5
65,88,5
66,88,5
67,88,5
68,88,5
69,88,5
70,88,5
71,88,5
72,88,5
73,88,5
74,88,5
75,88,5
76,88,6
77,88,6
78,88,6
79,88,6
80,88,6
81,88,6
82,88,6
83,88,6
84,88,6
85,88,6
86,88,6
87,88,6
88,88,6
89,88,6
90,88,6
91,88,6
92,88,7
93,88,7
94,88,7
95,88,7
96,88,7
97,88,7
98,88,7
99,88,7
100,88,7
101,88,8
102,88,8
103,88,8
104,88,8
105,88,8
106,88,8
107,88,9
108,88,9
109,88,9
110,88,9
111,88,9
112,88,10
113,88,10
114,88,10
115,88,11
116,88,11
117,88,12
118,88,12
119,88,13
120,88,14
121,88,14
122,88,15
123,88,17
124,88,18
125,88,20
126,88,23
127,88,27
128,88,34
129,88,51
130,88,0
131,88,0
132,88,0
133,88,0
134,88,0
135,88,0
136,88,0
137,88,0
138,88,0
139,88,0
140,88,0
141,88,0
142,88,0
143,88,0
144,88,0
145,88,0
146,88,0
147,88,0
148,88,0
149,88,0
150,88,0
151,88,0
152,88,0
153,88,0
154,88,0
155,88,0
156,88,0
157,88,0
158,88,0
159,88,0
160,88,0
161,88,0
162,88,0
163,88,0
164,88,0
165,88,0
166,88,0
167,88,0
168,88,0
169,88,0
170,88,0
171,88,0
172,88,0
173,88,0
174,88,0
175,88,0
176,88,0
177,88,0
178,88,0
179,88,0
180,88,0
181,88,0
182,88,0
183,88,11
184,88,8
185,88,8
186,88,7
187,88,6
188,88,6
189,88,6
190,88,6
191,88,5
192,88,5
193,88,5
194,88,5
195,88,5
196,88,5
197,88,4
198,88,4
199,88,4
200,88,4
201,88,4
202,88,4
203,88,4
204,88,4
205,88,4
206,88,4
207,88,4
208,88,4
209,88,4
210,88,4
211,88,3
212,88,3
213,88,3
214,88,3
215,88,3
216,88,3
217,88,3
218,88,3
219,88,3
220,88,3
221,88,3
222,88,3
223,88,3
224,88,3
225,88,3
226,88,3
227,88,3
228,88,3
229,88,3
230,88,3
231,88,3
232,88,3
233,88,3
234,88,3
235,88,3
236,88,3
237,88,3
238,88,3
239,88,3
240,88,3
241,88,3
242,88,3
243,88,3
244,88,3
245,88,3
246,88,3
247,88,3
248,88,3
249,88,3
250,88,3
251,88,2
252,88,2
253,88,2
254,88,2
255,88,2
0,89,4
1,89,4
2,89,4
3,89,4
4,89,4
5,89,4
6,89,4
7,89,4
8,89,4
9,89,4
10,89,4
11,89,4
12,89,4
13,89,4
14,89,4
15,89,4
16,89,4
17,89,4
18,89,4
19,89,4
20,89,4
21,89,4
22,89,4
23,89,4
24,89,4
25,89,4
26,89,4
27,89,4
28,89,4
29,89,4
30,89,4
31,89,4
32,89,4
33,89,4
34,89,4
35,89,5
36,89,5
37,89,5
38,89,5
39,89,5
40,89,5
41,89,5
42,89,5
43,89,5
44,89,5
45,89,5
46,89,5
47,89,5
48,89,5
49,89,5
50,89,5
51,89,5
52,89,5
53,89,5
54,89,5
55,89,5
56,89,5
57,89,5
58,89,5
59,89,5
60,89,5
61,89,5
62,89,5
63,89,5
64,89,5
65,89,5
66,89,5
67,89,5
68,89,5
69,89,5
70,89,5
71,89,5
72,89,5
73,89,5
74,89,6
75,89,6
76,89,6
77,89,6
78,89,6
79,89,6
80,89,6
81,89,6
82,89,6
83,89,6
84,89,6
85,89,6
86,89,6
87,89,6
88,89,6
89,89,6
90,89,7
91,89,7
92,89,7
93,89,7
94,89,7
95,89,7
96,89,7
97,89,7
98,89,7
99,89,8
100,89,8
101,89,8
102,89,8
103,89,8
104,89,8
105,89,8
106,89,9
107,89,9
108,89,9
109,89,9
110,89,10
111,89,10
112,89,10
113,89,11
114,89,11
115,89,12
116,89,12
117,89,13
118,89,13
119,89,14
120,89,15
121,89,16
122,89,17
123,89,19
124,89,21
125,89,24
126,89,29
127,89,39
128,89,15
129,89,0
130,89,0
131,89,0
132,89,0
133,89,0
134,89,0
135,89,0
136,89,0
137,89,0
138,89,0
139,89,0
140,89,0
141,89,0
142,89,0
143,89,0
144,89,0
145,89,0
146,89,0
147,89,0
148,89,0
149,89,0
150,89,0
151,89,0
152,89,0
153,89,0
154,89,0
155,89,0
156,89,0
157,89,0
158,89,0
159,89,0
160,89,0
161,89,0
162,89,0
163,89,0
164,89,0
165,89,0
166,89,0
167,89,0
168,89,0
169,89,0
170,89,0
171,89,0
172,89,0
173,89,0
174,89,0
175,89,0
176,89,0
177,89,0
178,89,0
179,89,0
180,89,0
181,89,0
182,89,0
183,89,11
184,89,8
185,89,8
186,89,7
187,89,6
188,89,6
189,89,6
190,89,6
191,89,5
192,89,5
193,89,5
194,89,5
195,89,5
196,89,5
197,89,4
198,89,4
199,89,4
200,89,4
201,89,4
202,89,4
203,89,4
204,89,4
205,89,4
206,89,4
207,89,4
208,89,4
209,89,4
210,89,4
211,89,4
212,89,3
213,89,3
214,89,3
215,89,3
216,89,3
217,89,3
218,89,3
219,89,3
220,89,3
221,89,3
222,89,3
223,89,3
224,89,3
225,89,3
226,89,3
227,89,3
228,89,3
229,89,3
230,89,3
231,89,3
232,89,3
233,89,3
234,89,3
235,89,3
236,89,3
237,89,3
238,89,3
239,89,3
240,89,3
241,89,3
242,89,3
243,89,3
244,89,3
245,89,3
246,89,3
247,89,3
248,89,3
249,89,3
250,89,3
251,89,3
252,89,2
253,89,2
254,89,2
255,89,2
0,90,4
1,90,4
2,90,4
3,90,4
4,90,4
5,90,4
6,90,4
7,90,4
8,90,4
9,90,4
10,90,4
11,90,4
12,90,4
13,90,4
14,90,4
15,90,4
16,90,4
17,90,4
18,90,4
19,90,4
20,90,4
21,90,4
22,90,4
23,90,4
24,90,4
25,90,4
26,90,4
27,90,4
28,90,4
29,90,5
30,90,5
31,90,5
32,90,5
33,90,5
34,90,5
35,90,5
36,90,5
37,90,5
38,90,5
39,90,5
40,90,5
41,90,5
42,90,5
43,90,5
44,90,5
45,90,5
46,90,5
47,90,5
48,90,5
49,90,5
50,90,5
51,90,5
52,90,5
53,90,5
54,90,5
55,90,5
56,90,5
57,90,5
58,90,5
59,90,5
60,90,5
61,90,5
62,90,5
63,90,5
64,90,5
65,90,5
66,90,5
67,90,5
68,90,5
69,90,5
70,90,5
71,90,6
72,90,6
73,90,6
74,90,6
75,90,6
76,90,6
77,90,6
78,90,6
79,90,6
80,90,6
81,90,6
82,90,6
83,90,6
84,90,6
85,90,6
86,90,6
87,90,6
88,90,7
89,90,7
90,90,7
91,90,7
92,90,7
93,90,7
94,90,7
95,90,7
96,90,7
97,90,8
98,90,8
99,90,8
100,90,8
101,90,8
102,90,8
103,90,8
104,90,9
105,90,9
106,90,9
107,90,9
108,90,10
109,90,10
110,90,10
111,90,11
112,90,11
113,90,11
114,90,12
115,90,12
116,90,13
117,90,14
118,90,14
119,90,15
120,90,17
121,90,18
122,90,20
123,90,23
124,90,27
125,90,33
126,90,50
127,90,0
128,90,0
129,90,0
130,90,0
131,90,0
132,90,0
133,90,0
134,90,0
135,90,0
136,90,0
137,90,0
138,90,0
139,90,0
140,90,0
141,90,0
142,90,0
143,90,0
144,90,0
145,90,0
146,90,0
147,90,0
148,90,0
149,90,0
150,90,0
151,90,0
152,90,0
153,90,0
154,90,0
155,90,0
156,90,0
157,90,0
158,90,0
159,90,0
160,90,0
161,90,0
162,90,0
163,90,0
164,90,0
165,90,0
166,90,0
167,90,0
168,90,0
169,90,0
170,90,0
171,90,0
172,90,0
173,90,0
174,90,0
175,90,0
176,90,0
177,90,0
178,90,0
179,90,0
180,90,0
181,90,0
182,90,0
183,90,10
184,90,8
185,90,7
186,90,7
187,90,6
188,90,6
189,90,6
190,90,6
191,90,6
192,90,5
193,90,5
194,90,5
195,90,5
196,90,5
197,90,4
198,90,4
199,90,4
200,90,4
201,90,4
202,90,4
203,90,4
204,90,4
205,90,4
206,90,4
207,90,4
208,90,4
209,90,4
210,90,4
211,90,4
212,90,3
213,90,3
214,90,3
215,90,3
216,90,3
217,90,3
218,90,3
219,90,3
220,90,3
221,90,3
222,90,3
223,90,3
224,90,3
225,90,3
226,90,3
227,90,3
228,90,3
229,90,3
230,90,3
231,90,3
232,90,3
233,90,3
234,90,3
235,90,3
236,90,3
237,90,3
238,90,3
239,90,3
240,90,3
241,90,3
242,90,3
243,90,3
244,90,3
245,90,3
246,90,3
247,90,3
248,90,3
249,90,3
250,90,3
251,90,3
252,90,2
253,90,2
254,90,2
255,90,2
0,91,4
1,91,4
2,91,4
3,91,4
4,91,4
5,91,4
6,91,4
7,91,4
8,91,4
9,91,4
10,91,4
11,91,4
12,91,4
13,91,4
14,91,4
15,91,4
16,91,4
17,91,4
18,91,4
19,91,4
20,91,4
21,91,4
22,91,4
23,91,5
24,91,5
25,91,5
26,91,5
27,91,5
28,91,5
29,91,5
30,91,5
31,91,5
32,91,5
33,91,5
34,91,5
35,91,5
36,91,5
37,91,5
38,91,5
39,91,5
40,91,5
41,91,5
42,91,5
43,91,5
44,91,5
45,91,5
46,91,5
47,91,5
48,91,5
49,91,5
50,91,5
51,91,5
52,91,5
53,91,5
54,91,5
55,91,5
56,91,5
57,91,5
58,91,5
59,91,5
60,91,5
61,91,5
62,91,5
63,91,5
64,91,5
65,91,5
66,91,5
67,91,5
68,91,6
69,91,6
70,91,6
71,91,6
72,91,6
73,91,6
74,91,6
75,91,6
76,91,6
77,91,6
78,91,6
79,91,6
80,91,6
81,91,6
82,91,6
83,91,6
84,91,6
85,91,7
86,91,7
87,91,7
88,91,7
89,91,7
90,91,7
91,91,7
92,91,7
93,91,7
94,91,7
95,91,7
96,91,8
97,91,8
98,91,8
99,91,8
100,91,8
101,91,8
102,91,9
103,91,9
104,91,9
105,91,9
106,91,10
107,91,10
108,91,10
109,91,10
110,91,11
111,91,11
112,91,12
113,91,12
114,91,13
115,91,13
116,91,14
117,91,15
118,91,16
119,91,17
120,91,19
121,91,21
122,91,24
123,91,29
124,91,39
125,91,12
126,91,0
127,91,0
128,91,0
129,91,0
130,91,0
131,91,0
132,91,0
133,91,0
134,91,0
135,91,0
136,91,0
137,91,0
138,91,0
139,91,0
140,91,0
141,91,0
142,91,0
143,91,0
144,91,0
145,91,0
146,91,0
147,91,0
148,91,0
149,91,0
150,91,0
151,91,0
152,91,0
153,91,0
154,91,0
155,91,0
156,91,0
157,91,0
158,91,0
159,91,0
160,91,0
161,91,0
162,91,0
163,91,0
164,91,0
165,91,0
166,91,0
167,91,0
168,91,0
169,91,0
170,91,0
171,91,0
172,91,0
173,91,0
174,91,0
175,91,0
176,91,0
177,91,0
178,91,0
179,91,0
180,91,0
181,91,0
182,91,12
183,91,9
184,91,8
185,91,7
186,91,7
187,91,7
188,91,6
189,91,6
190,91,6
191,91,6
192,91,5
193,91,5
194,91,5
195,91,5
196,91,5
197,91,4
198,91,4
199,91,4
200,91,4
201,91,4
202,91,4
203,91,4
204,91,4
205,91,4
206,91,4
207,91,4
208,91,4
209,91,4
210,91,4
211,91,4
212,91,3
213,91,3
214,91,3
215,91,3
216,91,3
217,91,3
218,91,3
219,91,3
220,91,3
221,91,3
222,91,3
223,91,3
224,91,3
225,91,3
226,91,3
227,91,3
228,91,3
229,91,3
230,91,3
231,91,3
232,91,3
233,91,3
234,91,3
235,91,3
236,91,3
237,91,3
238,91,3
239,91,3
240,91,3
241,91,3
242,91,3
243,91,3
244,91,3
245,91,3
246,91,3
247,91,3
248,91,3
249,91,3
250,91,3
251,91,3
252,91,2
253,91,2
254,91,2
255,91,2
0,92,4
1,92,4
2,92,4
3,92,4
4,92,4
5,92,4
6,92,4
7,92,4
8,92,4
9,92,4
10,92,4
11,92,4
12,92,4
13,92,4
14,92,4
15,92,4
16,92,5
17,92,5
18,92,5
19,92,5
20,92,5
21,92,5
22,92,5
23,92,5
24,92,5
25,92,5
26,92,5
27,92,5
28,92,5
29,92,5
30,92,5
31,92,5
32,92,5
33,92,5
34,92,5
35,92,5
36,92,5
37,92,5
38,92,5
39,92,5
40,92,5
41,92,5
42,92,5
43,92,5
44,92,5
45,92,5
46,92,5
47,92,5
48,92,5
49,92,5
50,92,5
51,92,5
52,92,5
53,92,5
54,92,5
55,92,5
56,92,5
57,92,5
58,92,5
59,92,5
60,92,5
61,92,5
62,92,5
63,92,5
64,92,5
65,92,6
66,92,6
67,92,6
68,92,6
69,92,6
70,92,6
71,92,6
72,92,6
73,92,6
74,92,6
75,92,6
76,92,6
77,92,6
78,92,6
79,92,6
80,92,6
81,92,6
82,92,6
83,92,7
84,92,7
85,92,7
86,92,7
87,92,7
88,92,7
89,92,7
90,92,7
91,92,7
92,92,7
93,92,8
94,92,8
95,92,8
96,92,8
97,92,8
98,92,8
99,92,8
100,92,9
101,92,9
102,92,9
103,92,9
104,92,9
105,92,10
106,92,10
107,92,10
108,92,11
109,92,11
110,92,11
111,92,12
112,92,12
113,92,13
114,92,14
115,92,15
116,92,16
117,92,17
118,92,18
119,92,20
120,92,23
121,92,27
122,92,34
123,92,50
124,92,0
125,92,0
126,92,0
127,92,0
128,92,0
129,92,0
130,92,0
131,92,0
132,92,0
133,92,0
134,92,0
135,92,0
136,92,0
137,92,0
138,92,0
139,92,0
140,92,0
141,92,0
142,92,0
143,92,0
144,92,0
145,92,0
146,92,0
147,92,0
148,92,0
149,92,0
150,92,0
151,92,0
152,92,0
153,92,0
154,92,0
155,92,0
156,92,0
157,92,0
158,92,0
159,92,0
160,92,0
161,92,0
162,92,0
163,92,0
164,92,0
165,92,0
166,92,0
167,92,0
168,92,0
169,92,0
170,92,0
171,92,0
172,92,0
173,92,0
174,92,0
175,92,0
176,92,0
177,92,0
178,92,0
179,92,0
180,92,0
181,92,0
182,92,10
183,92,9
184,92,8
185,92,7
186,92,7
187,92,7
188,92,6
189,92,6
190,92,6
191,92,6
192,92,5
193,92,5
194,92,5
195,92,5
196,92,5
197,92,4
198,92,4
199,92,4
200,92,4
201,92,4
202,92,4
203,92,4
204,92,4
205,92,4
206,92,4
207,92,4
208,92,4
209,92,4
210,92,4
211,92,4
212,92,3
213,92,3
214,92,3
215,92,3
216,92,3
217,92,3
218,92,3
219,92,3
220,92,3
221,92,3
222,92,3
223,92,3
224,92,3
225,92,3
226,92,3
227,92,3
228,92,3
229,92,3
230,92,3
231,92,3
232,92,3
233,92,3
234,92,3
235,92,3
236,92,3
237,92,3
238,92,3
239,92,3
240,92,3
241,92,3
242,92,3
243,92,3
244,92,3
245,92,3
246,92,3
247,92,3
248,92,3
249,92,3
250,92,3
251,92,3
252,92,2
253,92,2
254,92,2
255,92,2
0,93,4
1,93,4
2,93,4
3,93,4
4,93,4
5,93,4
6,93,4
7,93,4
8,93,5
9,93,5
10,93,5
11,93,5
12,93,5
13,93,5
14,93,5
15,93,5
16,93,5
17,93,5
18,93,5
19,93,5
20,93,5
21,93,5
22,93,5
23,93,5
24,93,5
25,93,5
26,93,5
27,93,5
28,93,5
29,93,5
30,93,5
31,93,5
32,93,5
33,93,5
34,93,5
35,93,5
36,93,5
37,93,5
38,93,5
39,93,5
40,93,5
41,93,5
42,93,5
43,93,5
44,93,5
45,93,5
46,93,5
47,93,5
48,93,5
49,93,5
50,93,5
51,93,5
52,93,5
53,93,5
54,93,5
55,93,5
56,93,5
57,93,5
58,93,5
59,93,5
60,93,5
61,93,5
62,93,6
63,93,6
64,93,6
65,93,6
66,93,6
67,93,6
68,93,6
69,93,6
70,93,6
71,93,6
72,93,6
73,93,6
74,93,6
75,93,6
76,93,6
77,93,6
78,93,6
79,93,6
80,93,7
81,93,7
82,93,7
83,93,7
84,93,7
85,93,7
86,93,7
87,93,7
88,93,7
89,93,7
90,93,7
91,93,8
92,93,8
93,93,8
94,93,8
95,93,8
96,93,8
97,93,8
98,93,9
99,93,9
100,93,9
101,93,9
102,93,9
103,93,10
104,93,10
105,93,10
106,93,11
107,93,11
108,93,11
109,93,12
110,93,12
111,93,13
112,93,14
113,93,14
114,93,15
115,93,16
116,93,18
117,93,19
118,93,22
119,93,25
120,93,30
121,93,41
122,93,21
123,93,0
124,93,0
125,93,0
126,93,0
127,93,0
128,93,0
129,93,0
130,93,0
131,93,0
132,93,0
133,93,0
134,93,0
135,93,0
136,93,0
137,93,0
138,93,0
139,93,0
140,93,0
141,93,0
142,93,0
143,93,0
144,93,0
145,93,0
146,93,0
147,93,0
148,93,0
149,93,0
150,93,0
151,93,0
152,93,0
153,93,0
154,93,0
155,93,0
156,93,0
157,93,0
158,93,0
159,93,0
160,93,0
161,93,0
162,93,0
163,93,0
164,93,0
165,93,0
166,93,0
167,93,0
168,93,0
169,93,0
170,93,0
171,93,0
172,93,0
173,93,0
174,93,0
175,93,0
176,93,0
177,93,0
178,93,0
179,93,0
180,93,0
181,93,0
182,93,10
183,93,9
184,93,8
185,93,7
186,93,7
187,93,7
188,93,6
189,93,6
190,93,6
191,93,6
192,93,5
193,93,5
194,93,5
195,93,5
196,93,5
197,93,4
198,93,4
199,93,4
200,93,4
201,93,4
202,93,4
203,93,4
204,93,4
205,93,4
206,93,4
207,93,4
208,93,4
209,93,4
210,93,4
211,93,4
212,93,3
213,93,3
214,93,3
215,93,3
216,93,3
217,93,3
218,93,3
219,93,3
220,93,3
221,93,3
222,93,3
223,93,3
224,93,3
225,93,3
226,93,3
227,93,3
228,93,3
229,93,3
230,93,3
231,93,3
232,93,3
233,93,3
234,93,3
235,93,3
236,93,3
237,93,3
238,93,3
239,93,3
240,93,3
241,93,3
242,93,3
243,93,3
244,93,3
245,93,3
246,93,3
247,93,3
248,93,3
249,93,3
250,93,3
251,93,3
252,93,3
253,93,2
254,93,2
255,93,2
0,94,5
1,94,5
2,94,5
3,94,5
4,94,5
5,94,5
6,94,5
7,94,5
8,94,5
9,94,5
10,94,5
11,94,5
12,94,5
13,94,5
14,94,5
15,94,5
16,94,5
17,94,5
18,94,5
19,94,5
20,94,5
21,94,5
22,94,5
23,94,5
24,94,5
25,94,5
26,94,5
27,94,5
28,94,5
29,94,5
30,94,5
31,94,5
32,94,5
33,94,5
34,94,5
35,94,5
36,94,5
37,94,5
38,94,5
39,94,5
40,94,5
41,94,5
42,94,5
43,94,5
44,94,5
45,94,5
46,94,5
47,94,5
48,94,5
49,94,5
50,94,5
51,94,5
52,94,5
53,94,5
54,94,5
55,94,5
56,94,5
57,94,5
58,94,5
59,94,6
60,94,6
61,94,6
62,94,6
63,94,6
64,94,6
65,94,6
66,94,6
67,94,6
68,94,6
69,94,6
70,94,6
71,94,6
72,94,6
73,94,6
74,94,6
75,94,6
76,94,6
77,94,6
78,94,7
79,94,7
80,94,7
81,94,7
82,94,7
83,94,7
84,94,7
85,94,7
86,94,7
87,94,7
88,94,7
89,94,8
90,94,8
91,94,8
92,94,8
93,94,8
94,94,8
95,94,8
96,94,9
97,94,9
98,94,9
99,94,9
100,94,9
101,94,10
102,94,10
103,94,10
104,94,11
105,94,11
106,94,11
107,94,12
108,94,12
109,94,13
110,94,13
111,94,14
112,94,15
113,94,16
114,94,17
115,94,19
116,94,21
117,94,23
118,94,28
119,94,35
120,94,55
121,94,0
122,94,0
123,94,0
124,94,0
125,94,0
126,94,0
127,94,0
128,94,0
129,94,0
130,94,0
131,94,0
132,94,0
133,94,0
134,94,0
135,94,0
136,94,0
137,94,0
138,94,0
139,94,0
140,94,0
141,94,0
142,94,0
143,94,0
144,94,0
145,94,0
146,94,0
147,94,0
148,94,0
149,94,0
150,94,0
151,94,0
152,94,0
153,94,0
154,94,0
155,94,0
156,94,0
157,94,0
158,94,0
159,94,0
160,94,0
161,94,0
162,94,0
163,94,0
164,94,0
165,94,0
166,94,0
167,94,0
168,94,0
169,94,0
170,94,0
171,94,0
172,94,0
173,94,0
174,94,0
175,94,0
176,94,0
177,94,0
178,94,0
179,94,0
180,94,0
181,94,0
182,94,11
183,94,9
184,94,8
185,94,7
186,94,7
187,94,7
188,94,6
189,94,6
190,94,6
191,94,6
192,94,5
193,94,5
194,94,5
195,94,5
196,94,5
197,94,4
198,94,4
199,94,4
200,94,4
201,94,4
202,94,4
203,94,4
204,94,4
205,94,4
206,94,4
207,94,4
208,94,4
209,94,4
210,94,4
211,94,4
212,94,4
213,94,3
214,94,3
215,94,3
216,94,3
217,94,3
218,94,3
219,94,3
220,94,3
221,94,3
222,94,3
223,94,3
224,94,3
225,94,3
226,94,3
227,94,3
228,94,3
229,94,3
230,94,3
231,94,3
232,94,3
233,94,3
234,94,3
235,94,3
236,94,3
237,94,3
238,94,3
239,94,3
240,94,3
241,94,3
242,94,3
243,94,3
244,94,3
245,94,3
246,94,3
247,94,3
248,94,3
249,94,3
250,94,3
251,94,3
252,94,3
253,94,2
254,94,2
255,94,2
0,95,5
1,95,5
2,95,5
3,95,5
4,95,5
5,95,5
6,95,5
7,95,5
8,95,5
9,95,5
10,95,5
11,95,5
12,95,5
13,95,5
14,95,5
15,95,5
16,95,5
17,95,5
18,95,5
19,95,5
20,95,5
21,95,5
22,95,5
23,95,5
24,95,5
25,95,5
26,95,5
27,95,5
28,95,5
29,95,5
30,95,5
31,95,5
32,95,5
33,95,5
34,95,5
35,95,5
36,95,5
37,95,5
38,95,5
39,95,5
40,95,5
41,95,5
42,95,5
43,95,5
44,95,5
45,95,5
46,95,5
47,95,5
48,95,5
49,95,5
50,95,5
51,95,5
52,95,5
53,95,5
54,95,5
55,95,5
56,95,6
57,95,6
58,95,6
59,95,6
60,95,6
61,95,6
62,95,6
63,95,6
64,95,6
65,95,6
66,95,6
67,95,6
68,95,6
69,95,6
70,95,6
71,95,6
72,95,6
73,95,6
74,95,6
75,95,7
76,95,7
77,95,7
78,95,7
79,95,7
80,95,7
81,95,7
82,95,7
83,95,7
84,95,7
85,95,7
86,95,7
87,95,8
88,95,8
89,95,8
90,95,8
91,95,8
92,95,8
93,95,8
94,95,9
95,95,9
96,95,9
97,95,9
98,95,9
99,95,10
100,95,10
101,95,10
102,95,10
103,95,11
104,95,11
105,95,12
106,95,12
107,95,13
108,95,13
109,95,14
110,95,15
111,95,16
112,95,17
113,95,18
114,95,20
115,95,22
116,95,26
117,95,32
118,95,44
119,95,60
120,95,0
121,95,0
122,95,0
123,95,0
124,95,0
125,95,0
126,95,0
127,95,0
128,95,0
129,95,0
130,95,0
131,95,0
132,95,0
133,95,0
134,95,0
135,95,0
136,95,0
137,95,0
138,95,0
139,95,0
140,95,0
141,95,0
142,95,0
143,95,0
144,95,0
145,95,0
146,95,0
147,95,0
148,95,0
149,95,0
150,95,0
151,95,0
152,95,0
153,95,0
154,95,0
155,95,0
156,95,0
157,95,0
158,95,0
159,95,0
160,95,0
161,95,0
162,95,0
163,95,0
164,95,0
165,95,0
166,95,0
167,95,0
168,95,0
169,95,0
170,95,0
171,95,0
172,95,0
173,95,0
174,95,0
175,95,0
176,95,0
177,95,0
178,95,0
179,95,0
180,95,0
181,95,0
182,95,12
183,95,9
184,95,8
185,95,7
186,95,7
187,95,6
188,95,6
189,95,6
190,95,6
191,95,6
192,95,5
193,95,5
194,95,5
195,95,5
196,95,5
197,95,4
198,95,4
199,95,4
200,95,4
201,95,4
202,95,4
203,95,4
204,95,4
205,95,4
206,95,4
207,95,4
208,95,4
209,95,4
210,95,4
211,95,4
212,95,4
213,95,3
214,95,3
215,95,3
216,95,3
217,95,3
218,95,3
219,95,3
220,95,3
221,95,3
222,95,3
223,95,3
224,95,3
225,95,3
226,95,3
227,95,3
228,95,3
229,95,3
230,95,3
231,95,3
232,95,3
233,95,3
234,95,3
235,95,3
236,95,3
237,95,3
238,95,3
239,95,3
240,95,3
241,95,3
242,95,3
243,95,3
244,95,3
245,95,3
246,95,3
247,95,3
248,95,3
249,95,3
250,95,3
251,95,3
252,95,3
253,95,2
254,95,2
255,95,2
0,96,5
1,96,5
2,96,5
3,96,5
4,96,5
5,96,5
6,96,5
7,96,5
8,96,5
9,96,5
10,96,5
11,96,5
12,96,5
13,96,5
14,96,5
15,96,5
16,96,5
17,96,5
18,96,5
19,96,5
20,96,5
21,96,5
22,96,5
23,96,5
24,96,5
25,96,5
26,96,5
27,96,5
28,96,5
29,96,5
30,96,5
31,96,5
32,96,5
33,96,5
34,96,5
35,96,5
36,96,5
37,96,5
38,96,5
39,96,5
40,96,5
41,96,5
42,96,5
43,96,5
44,96,5
45,96,5
46,96,5
47,96,5
48,96,5
49,96,5
50,96,5
51,96,5
52,96,6
53,96,6
54,96,6
55,96,6
56,96,6
57,96,6
58,96,6
59,96,6
60,96,6
61,96,6
62,96,6
63,96,6
64,96,6
65,96,6
66,96,6
67,96,6
68,96,6
69,96,6
70,96,6
71,96,6
72,96,7
73,96,7
74,96,7
75,96,7
76,96,7
77,96,7
78,96,7
79,96,7
80,96,7
81,96,7
82,96,7
83,96,7
84,96,7
85,96,8
86,96,8
87,96,8
88,96,8
89,96,8
90,96,8
91,96,8
92,96,9
93,96,9
94,96,9
95,96,9
96,96,9
97,96,10
98,96,10
99,96,10
100,96,10
101,96,11
102,96,11
103,96,12
104,96,12
105,96,12
106,96,13
107,96,14
108,96,14
109,96,15
110,96,16
111,96,18
112,96,19
113,96,21
114,96,25
115,96,29
116,96,38
117,96,2
118,96,0
119,96,0
120,96,0
121,96,0
122,96,0
123,96,0
124,96,0
125,96,0
126,96,0
127,96,0
128,96,0
129,96,0
130,96,0
131,96,0
132,96,0
133,96,0
134,96,0
135,96,0
136,96,0
137,96,0
138,96,0
139,96,0
140,96,0
141,96,0
142,96,0
143,96,0
144,96,0
145,96,0
146,96,0
147,96,0
148,96,0
149,96,0
150,96,0
151,96,0
152,96,0
153,96,0
154,96,0
155,96,0
156,96,0
157,96,0
158,96,0
159,96,0
160,96,0
161,96,0
162,96,0
163,96,0
164,96,0
165,96,0
166,96,0
167,96,0
168,96,0
169,96,0
170,96,0
171,96,0
172,96,0
173,96,0
174,96,0
175,96,0
176,96,0
177,96,0
178,96,0
179,96,0
180,96,0
181,96,0
182,96,0
183,96,10
184,96,8
185,96,7
186,96,7
187,96,6
188,96,6
189,96,6
190,96,6
191,96,6
192,96,5
193,96,5
194,96,5
195,96,5
196,96,5
197,96,4
198,96,4
199,96,4
200,96,4
201,96,4
202,96,4
203,96,4
204,96,4
205,96,4
206,96,4
207,96,4
208,96,4
209,96,4
210,96,4
211,96,4
212,96,4
213,96,3
214,96,3
215,96,3
216,96,3
217,96,3
218,96,3
219,96,3
220,96,3
221,96,3
222,96,3
223,96,3
224,96,3
225,96,3
226,96,3
227,96,3
228,96,3
229,96,3
230,96,3
231,96,3
232,96,3
233,96,3
234,96,3
235,96,3
236,96,3
237,96,3
238,96,3
239,96,3
240,96,3
241,96,3
242,96,3
243,96,3
244,96,3
245,96,3
246,96,3
247,96,3
248,96,3
249,96,3
250,96,3
251,96,3
252,96,3
253,96,2
254,96,2
255,96,2
0,97,5
1,97,5
2,97,5
3,97,5
4,97,5
5,97,5
6,97,5
7,97,5
8,97,5
9,97,5
10,97,5
11,97,5
12,97,5
13,97,5
14,97,5
15,97,5
16,97,5
17,97,5
18,97,5
19,97,5
20,97,5
21,97,5
22,97,5
23,97,5
24,97,5
25,97,5
26,97,5
27,97,5
28,97,5
29,97,5
30,97,5
31,97,5
32,97,5
33,97,5
34,97,5
35,97,5
36,97,5
37,97,5
38,97,5
39,97,5
40,97,5
41,97,5
42,97,5
43,97,5
44,97,5
45,97,5
46,97,5
47,97,5
48,97,6
49,97,6
50,97,6
51,97,6
52,97,6
53,97,6
54,97,6
55,97,6
56,97,6
57,97,6
58,97,6
59,97,6
60,97,6
61,97,6
62,97,6
63,97,6
64,97,6
65,97,6
66,97,6
67,97,6
68,97,6
69,97,7
70,97,7
71,97,7
72,97,7
73,97,7
74,97,7
75,97,7
76,97,7
77,97,7
78,97,7
79,97,7
80,97,7
81,97,7
82,97,8
83,97,8
84,97,8
85,97,8
86,97,8
87,97,8
88,97,8
89,97,8
90,97,9
91,97,9
92,97,9
93,97,9
94,97,9
95,97,10
96,97,10
97,97,10
98,97,10
99,97,11
100,97,11
101,97,11
102,97,12
103,97,12
104,97,13
105,97,14
106,97,14
107,97,15
108,97,16
109,97,17
110,97,19
111,97,21
112,97,23
113,97,27
114,97,34
115,97,51
116,97,0
117,97,0
118,97,0
119,97,0
120,97,0
121,97,0
122,97,0
123,97,0
124,97,0
125,97,0
126,97,0
127,97,0
128,97,0
129,97,0
130,97,0
131,97,0
132,97,0
133,97,0
134,97,0
135,97,0
136,97,0
137,97,0
138,97,0
139,97,0
140,97,0
141,97,0
142,97,0
143,97,0
144,97,0
145,97,0
146,97,0
147,97,0
148,97,0
149,97,0
150,97,0
151,97,0
152,97,0
153,97,0
154,97,0
155,97,0
156,97,0
157,97,0
158,97,0
159,97,0
160,97,0
161,97,0
162,97,0
163,97,0
164,97,0
165,97,0
166,97,0
167,97,0
168,97,0
169,97,0
170,97,0
171,97,0
172,97,0
173,97,0
174,97,0
175,97,0
176,97,0
177,97,0
178,97,0
179,97,0
180,97,0
181,97,0
182,97,0
183,97,11
184,97,8
185,97,7
186,97,7
187,97,6
188,97,6
189,97,6
190,97,6
191,97,5
192,97,5
193,97,5
194,97,5
195,97,5
196,97,5
197,97,4
198,97,4
199,97,4
200,97,4
201,97,4
202,97,4
203,97,4
204,97,4
205,97,4
206,97,4
207,97,4
208,97,4
209,97,4
210,97,4
211,97,4
212,97,4
213,97,3
214,97,3
215,97,3
216,97,3
217,97,3
218,97,3
219,97,3
220,97,3
221,97,3
222,97,3
223,97,3
224,97,3
225,97,3
226,97,3
227,97,3
228,97,3
229,97,3
230,97,3
231,97,3
232,97,3
233,97,3
234,97,3
235,97,3
236,97,3
237,97,3
238,97,3
239,97,3
240,97,3
241,97,3
242,97,3
243,97,3
244,97,3
245,97,3
246,97,3
247,97,3
248,97,3
249,97,3
250,97,3
251,97,3
252,97,3
253,97,3
254,97,2
255,97,2
0,98,5
1,98,5
2,98,5
3,98,5
4,98,5
5,98,5
6,98,5
7,98,5
8,98,5
9,98,5
10,98,5
11,98,5
12,98,5
13,98,5
14,98,5
15,98,5
16,98,5
17,98,5
18,98,5
19,98,5
20,98,5
21,98,5
22,98,5
23,98,5
24,98,5
25,98,5
26,98,5
27,98,5
28,98,5
29,98,5
30,98,5
31,98,5
32,98,5
33,98,5
34,98,5
35,98,5
36,98,5
37,98,5
38,98,5
39,98,5
40,98,5
41,98,5
42,98,5
43,98,6
44,98,6
45,98,6
46,98,6
47,98,6
48,98,6
49,98,6
50,98,6
51,98,6
52,98,6
53,98,6
54,98,6
55,98,6
56,98,6
57,98,6
58,98,6
59,98,6
60,98,6
61,98,6
62,98,6
63,98,6
64,98,6
65,98,7
66,98,7
67,98,7
68,98,7
69,98,7
70,98,7
71,98,7
72,98,7
73,98,7
74,98,7
75,98,7
76,98,7
77,98,7
78,98,7
79,98,7
80,98,8
81,98,8
82,98,8
83,98,8
84,98,8
85,98,8
86,98,8
87,98,9
88,98,9
89,98,9
90,98,9
91,98,9
92,98,9
93,98,10
94,98,10
95,98,10
96,98,10
97,98,11
98,98,11
99,98,11
100,98,12
101,98,12
102,98,13
103,98,13
104,98,14
105,98,15
106,98,16
107,98,17
108,98,18
109,98,20
110,98,23
111,98,26
112,98,32
113,98,44
114,98,45
115,98,0
116,98,0
117,98,0
118,98,0
119,98,0
120,98,0
121,98,0
122,98,0
123,98,0
124,98,0
125,98,0
126,98,0
127,98,0
128,98,0
129,98,0
130,98,0
131,98,0
132,98,0
133,98,0
134,98,0
135,98,0
136,98,0
137,98,0
138,98,0
139,98,0
140,98,0
141,98,0
142,98,0
143,98,0
144,98,0
145,98,0
146,98,0
147,98,0
148,98,0
149,98,0
150,98,0
151,98,0
152,98,0
153,98,0
154,98,0
155,98,0
156,98,0
157,98,0
158,98,0
159,98,0
160,98,0
161,98,0
162,98,0
163,98,0
164,98,0
165,98,0
166,98,0
167,98,0
168,98,0
169,98,0
170,98,0
171,98,0
172,98,0
173,98,0
174,98,0
175,98,0
176,98,0
177,98,0
178,98,0
179,98,0
180,98,0
181,98,0
182,98,0
183,98,11
184,98,8
185,98,7
186,98,7
187,98,6
188,98,6
189,98,6
190,98,6
191,98,5
192,98,5
193,98,5
194,98,5
195,98,5
196,98,5
197,98,4
198,98,4
199,98,4
200,98,4
201,98,4
202,98,4
203,98,4
204,98,4
205,98,4
206,98,4
207,98,4
208,98,4
209,98,4
210,98,4
211,98,4
212,98,4
213,98,3
214,98,3
215,98,3
216,98,3
217,98,3
218,98,3
219,98,3
220,98,3
221,98,3
222,98,3
223,98,3
224,98,3
225,98,3
226,98,3
227,98,3
228,98,3
229,98,3
230,98,3
231,98,3
232,98,3
233,98,3
234,98,3
235,98,3
236,98,3
237,98,3
238,98,3
239,98,3
240,98,3
241,98,3
242,98,3
243,98,3
244,98,3
245,98,3
246,98,3
247,98,3
248,98,3
249,98,3
250,98,3
251,98,3
252,98,3
253,98,3
254,98,2
255,98,2
0,99,5
1,99,5
2,99,5
3,99,5
4,99,5
5,99,5
6,99,5
7,99,5
8,99,5
9,99,5
10,99,5
11,99,5
12,99,5
13,99,5
14,99,5
15,99,5
16,99,5
17,99,5
18,99,5
19,99,5
20,99,5
21,99,5
22,99,5
23,99,5
24,99,5
25,99,5
26,99,5
27,99,5
28,99,5
29,99,5
30,99,5
31,99,5
32,99,5
33,99,5
34,99,5
35,99,5
36,99,5
37,99,5
38,99,6
39,99,6
40,99,6
41,99,6
42,99,6
43,99,6
44,99,6
45,99,6
46,99,6
47,99,6
48,99,6
49,99,6
50,99,6
51,99,6
52,99,6
53,99,6
54,99,6
55,99,6
56,99,6
57,99,6
58,99,6
59,99,6
60,99,6
61,99,7
62,99,7
63,99,7
64,99,7
65,99,7
66,99,7
67,99,7
68,99,7
69,99,7
70,99,7
71,99,7
72,99,7
73,99,7
74,99,7
75,99,7
76,99,7
77,99,8
78,99,8
79,99,8
80,99,8
81,99,8
82,99,8
83,99,8
84,99,8
85,99,9
86,99,9
87,99,9
88,99,9
89,99,9
90,99,9
91,99,10
92,99,10
93,99,10
94,99,10
95,99,11
96,99,11
97,99,11
98,99,12
99,99,12
100,99,13
101,99,13
102,99,14
103,99,15
104,99,16
105,99,17
106,99,18
107,99,20
108,99,22
109,99,25
110,99,30
111,99,39
112,99,6
113,99,0
114,99,0
115,99,0
116,99,0
117,99,0
118,99,0
119,99,0
120,99,0
121,99,0
122,99,0
123,99,0
124,99,0
125,99,0
126,99,0
127,99,0
128,99,0
129,99,0
130,99,0
131,99,0
132,99,0
133,99,0
134,99,0
135,99,0
136,99,0
137,99,0
138,99,0
139,99,0
140,99,0
141,99,0
142,99,0
143,99,0
144,99,0
145,99,0
146,99,0
147,99,0
148,99,0
149,99,0
150,99,0
151,99,0
152,99,0
153,99,0
154,99,0
155,99,0
156,99,0
157,99,0
158,99,0
159,99,0
160,99,0
161,99,0
162,99,0
163,99,0
164,99,0
165,99,0
166,99,0
167,99,0
168,99,0
169,99,0
170,99,0
171,99,0
172,99,0
173,99,0
174,99,0
175,99,0
176,99,0
177,99,0
178,99,0
179,99,0
180,99,0
181,99,0
182,99,0
183,99,10
184,99,8
185,99,8
186,99,7
187,99,6
188,99,6
189,99,6
190,99,6
191,99,5
192,99,5
193,99,5
194,99,5
195,99,5
196,99,5
197,99,4
198,99,4
199,99,4
200,99,4
201,99,4
202,99,4
203,99,4
204,99,4
205,99,4
206,99,4
207,99,4
208,99,4
209,99,4
210,99,4
211,99,4
212,99,4
213,99,4
214,99,3
215,99,3
216,99,3
217,99,3
218,99,3
219,99,3
220,99,3
221,99,3
222,99,3
223,99,3
224,99,3
225,99,3
226,99,3
227,99,3
228,99,3
229,99,3
230,99,3
231,99,3
232,99,3
233,99,3
234,99,3
235,99,3
236,99,3
237,99,3
238,99,3
239,99,3
240,99,3
241,99,3
242,99,3
243,99,3
244,99,3
245,99,3
246,99,3
247,99,3
248,99,3
249,99,3
250,99,3
251,99,3
252,99,3
253,99,3
254,99,2
255,99,2
0,100,5
1,100,5
2,100,5
3,100,5
4,100,5
5,100,5
6,100,5
7,100,5
8,100,5
9,100,5
10,100,5
11,100,5
12,100,5
13,100,5
14,100,5
15,100,5
16,100,5
17,100,5
18,100,5
19,100,5
20,100,5
21,100,5
22,100,5
23,100,5
24,100,5
25,100,5
26,100,5
27,100,5
28,100,5
29,100,5
30,100,5
31,100,6
32,100,6
33,100,6
34,100,6
35,100,6
36,100,6
37,100,6
38,100,6
39,100,6
40,100,6
41,100,6
42,100,6
43,100,6
44,100,6
45,100,6
46,100,6
47,100,6
48,100,6
49,100,6
50,100,6
51,100,6
52,100,6
53,100,6
54,100,6
55,100,6
56,100,6
57,100,7
58,100,7
59,100,7
60,100,7
61,100,7
62,100,7
63,100,7
64,100,7
65,100,7
66,100,7
67,100,7
68,100,7
69,100,7
70,100,7
71,100,7
72,100,7
73,100,7
74,100,8
75,100,8
76,100,8
77,100,8
78,100,8
79,100,8
80,100,8
81,100,8
82,100,9
83,100,9
84,100,9
85,100,9
86,100,9
87,100,9
88,100,9
89,100,10
90,100,10
91,100,10
92,100,10
93,100,11
94,100,11
95,100,11
96,100,12
97,100,12
98,100,13
99,100,13
100,100,14
101,100,15
102,100,16
103,100,17
104,100,18
105,100,19
106,100,22
107,100,24
108,100,29
109,100,36
110,100,56
111,100,0
112,100,0
113,100,0
114,100,0
115,100,0
116,100,0
117,100,0
118,100,0
119,100,0
120,100,0
121,100,0
122,100,0
123,100,0
124,100,0
125,100,0
126,100,0
127,100,0
128,100,0
129,100,0
130,100,0
131,100,0
132,100,0
133,100,0
134,100,0
135,100,0
136,100,0
137,100,0
138,100,0
139,100,0
140,100,0
141,100,0
142,100,0
143,100,0
144,100,0
145,100,0
146,100,0
147,100,0
148,100,0
149,100,0
150,100,0
151,100,0
152,100,0
153,100,0
154,100,0
155,100,0
156,100,0
157,100,0
158,100,0
159,100,0
160,100,0
161,100,0
162,100,0
163,100,0
164,100,0
165,100,0
166,100,0
167,100,0
168,100,0
169,100,0
170,100,0
171,100,0
172,100,0
173,100,0
174,100,0
175,100,0
176,100,0
177,100,0
178,100,0
179,100,0
180,100,0
181,100,0
182,100,0
183,100,14
184,100,8
185,100,7
186,100,7
187,100,6
188,100,6
189,100,6
190,100,6
191,100,5
192,100,5
193,100,5
194,100,5
195,100,5
196,100,5
197,100,4
198,100,4
199,100,4
200,100,4
201,100,4
202,100,4
203,100,4
204,100,4
205,100,4
206,100,4
207,100,4
208,100,4
209,100,4
210,100,4
211,100,4
212,100,4
213,100,4
214,100,3
215,100,3
216,100,3
217,100,3
218,100,3
219,100,3
220,100,3
221,100,3
222,100,3
223,100,3
224,100,3
225,100,3
226,100,3
227,100,3
228,100,3
229,100,3
230,100,3
231,100,3
232,100,3
233,100,3
234,100,3
235,100,3
236,100,3
237,100,3
238,100,3
239,100,3
240,100,3
241,100,3
242,100,3
243,100,3
244,100,3
245,100,3
246,100,3
247,100,3
248,100,3
249,100,3
250,100,3
251,100,3
252,100,3
253,100,3
254,100,2
255,100,2
0,101,5
1,101,5
2,101,5
3,101,5
4,101,5
5,101,5
6,101,5
7,101,5
8,101,5
9,101,5
10,101,5
11,101,5
12,101,5
13,101,5
14,101,5
15,101,5
16,101,5
17,101,5
18,101,5
19,101,5
20,101,5
21,101,5
22,101,5
23,101,5
24,101,5
25,101,6
26,101,6
27,101,6
28,101,6
29,101,6
30,101,6
31,101,6
32,101,6
33,101,6
34,101,6
35,101,6
36,101,6
37,101,6
38,101,6
39,101,6
40,101,6
41,101,6
42,101,6
43,101,6
44,101,6
45,101,6
46,101,6
47,101,6
48,101,6
49,101,6
50,101,6
51,101,6
52,101,7
53,101,7
54,101,7
55,101,7
56,101,7
57,101,7
58,101,7
59,101,7
60,101,7
61,101,7
62,101,7
63,101,7
64,101,7
65,101,7
66,101,7
67,101,7
68,101,7
69,101,7
70,101,7
71,101,8
72,101,8
73,101,8
74,101,8
75,101,8
76,101,8
77,101,8
78,101,8
79,101,8
80,101,9
81,101,9
82,101,9
83,101,9
84,101,9
85,101,9
86,101,10
87,101,10
88,101,10
89,101,10
90,101,11
91,101,11
92,101,11
93,101,12
94,101,12
95,101,12
96,101,13
97,101,13
98,101,14
99,101,15
100,101,16
101,101,17
102,101,18
103,101,19
104,101,21
105,101,24
106,101,28
107,101,34
108,101,50
109,101,0
110,101,0
111,101,0
112,101,0
113,101,0
114,101,0
115,101,0
116,101,0
117,101,0
118,101,0
119,101,0
120,101,0
121,101,0
122,101,0
123,101,0
124,101,0
125,101,0
126,101,0
127,101,0
128,101,0
129,101,0
130,101,0
131,101,0
132,101,0
133,101,0
134,101,0
135,101,0
136,101,0
137,101,0
138,101,0
139,101,0
140,101,0
141,101,0
142,101,0
143,101,0
144,101,0
145,101,0
146,101,0
147,101,0
148,101,0
149,101,0
150,101,0
151,101,0
152,101,0
153,101,0
154,101,0
155,101,0
156,101,0
157,101,0
158,101,0
159,101,0
160,101,0
161,101,0
162,101,0
163,101,0
164,101,0
165,101,0
166,101,0
167,101,0
168,101,0
169,101,0
170,101,0
171,101,0
172,101,0
173,101,0
174,101,0
175,101,0
176,101,0
177,101,0
178,101,0
179,101,0
180,101,0
181,101,0
182,101,0
183,101,13
184,101,8
185,101,7
186,101,7
187,101,6
188,101,6
189,101,6
190,101,5
191,101,5
192,101,5
193,101,5
194,101,5
195,101,5
196,101,5
197,101,4
198,101,4
199,101,4
200,101,4
201,101,4
202,101,4
203,101,4
204,101,4
205,101,4
206,101,4
207,101,4
208,101,4
209,101,4
210,101,4
211,101,4
212,101,4
213,101,4
214,101,3
215,101,3
216,101,3
217,101,3
218,101,3
219,101,3
220,101,3
221,101,3
222,101,3
223,101,3
224,101,3
225,101,3
226,101,3
227,101,3
228,101,3
229,101,3
230,101,3
231,101,3
232,101,3
233,101,3
234,101,3
235,101,3
236,101,3
237,101,3
238,101,3
239,101,3
240,101,3
241,101,3
242,101,3
243,101,3
244,101,3
245,101,3
246,101,3
247,101,3
248,101,3
249,101,3
250,101,3
251,101,3
252,101,3
253,101,3
254,101,2
255,101,2
0,102,6
1,102,6
2,102,6
3,102,6
4,102,6
5,102,6
6,102,6
7,102,6
8,102,6
9,102,6
10,102,6
11,102,6
12,102,6
13,102,6
14,102,6
15,102,6
16,102,6
17,102,6
18,102,6
19,102,6
20,102,6
21,102,6
22,102,6
23,102,6
24,102,6
25,102,6
26,102,6
27,102,6
28,102,6
29,102,6
30,102,6
31,102,6
32,102,6
33,102,6
34,102,6
35,102,6
36,102,6
37,102,6
38,102,6
39,102,6
40,102,6
41,102,6
42,102,6
43,102,6
44,102,6
45,102,7
46,102,7
47,102,7
48,102,7
49,102,7
50,102,7
51,102,7
52,102,7
53,102,7
54,102,7
55,102,7
56,102,7
57,102,7
58,102,7
59,102,7
60,102,7
61,102,7
62,102,7
63,102,7
64,102,7
65,102,7
66,102,7
67,102,7
68,102,8
69,102,8
70,102,8
71,102,8
72,102,8
73,102,8
74,102,8
75,102,8
76,102,8
77,102,9
78,102,9
79,102,9
80,102,9
81,102,9
82,102,9
83,102,9
84,102,10
85,102,10
86,102,10
87,102,10
88,102,11
89,102,11
90,102,11
91,102,12
92,102,12
93,102,12
94,102,13
95,102,13
96,102,14
97,102,15
98,102,16
99,102,17
100,102,18
101,102,19
102,102,21
103,102,23
104,102,27
105,102,33
106,102,45
107,102,55
108,102,0
109,102,0
110,102,0
111,102,0
112,102,0
113,102,0
114,102,0
115,102,0
116,102,0
117,102,0
118,102,0
119,102,0
120,102,0
121,102,0
122,102,0
123,102,0
124,102,0
125,102,0
126,102,0
127,102,0
128,102,0
129,102,0
130,102,0
131,102,0
132,102,0
133,102,0
134,102,0
135,102,0
136,102,0
137,102,0
138,102,0
139,102,0
140,102,0
141,102,0
142,102,0
143,102,0
144,102,0
145,102,0
146,102,0
147,102,0
148,102,0
149,102,0
150,102,0
151,102,0
152,102,0
153,102,0
154,102,0
155,102,0
156,102,0
157,102,0
158,102,0
159,102,0
160,102,0
161,102,0
162,102,0
163,102,0
164,102,0
165,102,0
166,102,0
167,102,0
168,102,0
169,102,0
170,102,0
171,102,0
172,102,0
173,102,0
174,102,0
175,102,0
176,102,0
177,102,0
178,102,0
179,102,0
180,102,0
181,102,0
182,102,0
183,102,10
184,102,8
185,102,7
186,102,7
187,102,6
188,102,6
189,102,6
190,102,5
191,102,5
192,102,5
193,102,5
194,102,5
195,102,5
196,102,5
197,102,4
198,102,4
199,102,4
200,102,4
201,102,4
202,102,4
203,102,4
204,102,4
205,102,4
206,102,4
207,102,4
208,102,4
209,102,4
210,102,4
211,102,4
212,102,4
213,102,4
214,102,3
215,102,3
216,102,3
217,102,3
218,102,3
219,102,3
220,102,3
221,102,3
222,102,3
223,102,3
224,102,3
225,102,3
226,102,3
227,102,3
228,102,3
229,102,3
230,102,3
231,102,3
232,102,3
233,102,3
234,102,3
235,102,3
236,102,3
237,102,3
238,102,3
239,102,3
240,102,3
241,102,3
242,102,3
243,102,3
244,102,3
245,102,3
246,102,3
247,102,3
248,102,3
249,102,3
250,102,3
251,102,3
252,102,3
253,102,3
254,102,2
255,102,2
0,103,6
1,103,6
2,103,6
3,103,6
4,103,6
5,103,6
6,103,6
7,103,6
8,103,6
9,103,6
10,103,6
11,103,6
12,103,6
13,103,6
14,103,6
15,103,6
16,103,6
17,103,6
18,103,6
19,103,6
20,103,6
21,103,6
22,103,6
23,103,6
24,103,6
25,103,6
26,103,6
27,103,6
28,103,6
29,103,6
30,103,6
31,103,6
32,103,6
33,103,6
34,103,7
35,103,7
36,103,7
37,103,7
38,103,7
39,103,7
40,103,7
41,103,7
42,103,7
43,103,7
44,103,7
45,103,7
46,103,7
47,103,7
48,103,7
49,103,7
50,103,7
51,103,7
52,103,7
53,103,7
54,103,7
55,103,7
56,103,7
57,103,7
58,103,7
59,103,7
60,103,7
61,103,7
62,103,7
63,103,7
64,103,8
65,103,8
66,103,8
67,103,8
68,103,8
69,103,8
70,103,8
71,103,8
72,103,8
73,103,8
74,103,9
75,103,9
76,103,9
77,103,9
78,103,9
79,103,9
80,103,9
81,103,10
82,103,10
83,103,10
84,103,10
85,103,10
86,103,11
87,103,11
88,103,11
89,103,12
90,103,12
91,103,12
92,103,13
93,103,13
94,103,14
95,103,15
96,103,16
97,103,17
98,103,18
99,103,19
100,103,21
101,103,23
102,103,27
103,103,32
104,103,43
105,103,23
106,103,0
107,103,0
108,103,0
109,103,0
110,103,0
111,103,0
112,103,0
113,103,0
114,103,0
115,103,0
116,103,0
117,103,0
118,103,0
119,103,0
120,103,0
121,103,0
122,103,0
123,103,0
124,103,0
125,103,0
126,103,0
127,103,0
128,103,0
129,103,0
130,103,0
131,103,0
132,103,0
133,103,0
134,103,0
135,103,0
136,103,0
137,103,0
138,103,0
139,103,0
140,103,0
141,103,0
142,103,0
143,103,0
144,103,0
145,103,0
146,103,0
147,103,0
148,103,0
149,103,0
150,103,0
151,103,0
152,103,0
153,103,0
154,103,0
155,103,0
156,103,0
157,103,0
158,103,0
159,103,0
160,103,0
161,103,0
162,103,0
163,103,0
164,103,0
165,103,0
166,103,0
167,103,0
168,103,0
169,103,0
170,103,0
171,103,0
172,103,0
173,103,0
174,103,0
175,103,0
176,103,0
177,103,0
178,103,0
179,103,0
180,103,0
181,103,0
182,103,11
183,103,9
184,103,8
185,103,7
186,103,7
187,103,6
188,103,6
189,103,6
190,103,5
191,103,5
192,103,5
193,103,5
194,103,5
195,103,5
196,103,5
197,103,4
198,103,4
199,103,4
200,103,4
201,103,4
202,103,4
203,103,4
204,103,4
205,103,4
206,103,4
207,103,4
208,103,4
209,103,4
210,103,4
211,103,4
212,103,4
213,103,4
214,103,3
215,103,3
216,103,3
217,103,3
218,103,3
219,103,3
220,103,3
221,103,3
222,103,3
223,103,3
224,103,3
225,103,3
226,103,3
227,103,3
228,103,3
229,103,3
230,103,3
231,103,3
232,103,3
233,103,3
234,103,3
235,103,3
236,103,3
237,103,3
238,103,3
239,103,3
240,103,3
241,103,3
242,103,3
243,103,3
244,103,3
245,103,3
246,103,3
247,103,3
248,103,3
249,103,3
250,103,3
251,103,3
252,103,3
253,103,3
254,103,3
255,103,2
0,104,6
1,104,6
2,104,6
3,104,6
4,104,6
5,104,6
6,104,6
7,104,6
8,104,6
9,104,6
10,104,6
11,104,6
12,104,6
13,104,6
14,104,6
15,104,6
16,104,6
17,104,6
18,104,6
19,104,6
20,104,6
21,104,6
22,104,6
23,104,6
24,104,7
25,104,7
26,104,7
27,104,7
28,104,7
29,104,7
30,104,7
31,104,7
32,104,7
33,104,7
34,104,7
35,104,7
36,104,7
37,104,7
38,104,7
39,104,7
40,104,7
41,104,7
42,104,7
43,104,7
44,104,7
45,104,7
46,104,7
47,104,7
48,104,7
49,104,7
50,104,7
51,104,7
52,104,7
53,104,7
54,104,7
55,104,7
56,104,7
57,104,7
58,104,7
59,104,7
60,104,7
61,104,8
62,104,8
63,104,8
64,104,8
65,104,8
66,104,8
67,104,8
68,104,8
69,104,8
70,104,8
71,104,9
72,104,9
73,104,9
74,104,9
75,104,9
76,104,9
77,104,9
78,104,10
79,104,10
80,104,10
81,104,10
82,104,10
83,104,11
84,104,11
85,104,11
86,104,11
87,104,12
88,104,12
89,104,13
90,104,13
91,104,14
92,104,14
93,104,15
94,104,16
95,104,17
96,104,18
97,104,19
98,104,21
99,104,23
100,104,26
101,104,32
102,104,41
103,104,11
104,104,0
105,104,0
106,104,0
107,104,0
108,104,0
109,104,0
110,104,0
111,104,0
112,104,0
113,104,0
114,104,0
115,104,0
116,104,0
117,104,0
118,104,0
119,104,0
120,104,0
121,104,0
122,104,0
123,104,0
124,104,0
125,104,0
126,104,0
127,104,0
128,104,0
129,104,0
130,104,0
131,104,0
132,104,0
133,104,0
134,104,0
135,104,0
136,104,0
137,104,0
138,104,0
139,104,0
140,104,0
141,104,0
142,104,0
143,104,0
144,104,0
145,104,0
146,104,0
147,104,0
148,104,0
149,104,0
150,104,0
151,104,0
152,104,0
153,104,0
154,104,0
155,104,0
156,104,0
157,104,0
158,104,0
159,104,0
160,104,0
161,104,0
162,104,0
163,104,0
164,104,0
165,104,0
166,104,0
167,104,0
168,104,0
169,104,0
170,104,0
171,104,0
172,104,0
173,104,0
174,104,0
175,104,0
176,104,0
177,104,0
178,104,0
179,104,0
180,104,0
181,104,11
182,104,9
183,104,8
184,104,7
185,104,7
186,104,7
187,104,6
188,104,6
189,104,6
190,104,5
191,104,5
192,104,5
193,104,5
194,104,5
195,104,5
196,104,5
197,104,4
198,104,4
199,104,4
200,104,4
201,104,4
202,104,4
203,104,4
204,104,4
205,104,4
206,104,4
207,104,4
208,104,4
209,104,4
210,104,4
211,104,4
212,104,4
213,104,4
214,104,3
215,104,3
216,104,3
217,104,3
218,104,3
219,104,3
220,104,3
221,104,3
222,104,3
223,104,3
224,104,3
225,104,3
226,104,3
227,104,3
228,104,3
229,104,3
230,104,3
231,104,3
232,104,3
233,104,3
234,104,3
235,104,3
236,104,3
237,104,3
238,104,3
239,104,3
240,104,3
241,104,3
242,104,3
243,104,3
244,104,3
245,104,3
246,104,3
247,104,3
248,104,3
249,104,3
250,104,3
251,104,3
252,104,3
253,104,3
254,104,3
255,104,2
0,105,6
1,105,6
2,105,6
3,105,6
4,105,6
5,105,6
6,105,6
7,105,6
8,105,6
9,105,6
10,105,6
11,105,6
12,105,6
13,105,6
14,105,6
15,105,6
16,105,6
17,105,6
18,105,7
19,105,7
20,105,7
21,105,7
22,105,7
23,105,7
24,105,7
25,105,7
26,105,7
27,105,7
28,105,7
29,105,7
30,105,7
31,105,7
32,105,7
33,105,7
34,105,7
35,105,7
36,105,7
37,105,7
38,105,7
39,105,7
40,105,7
41,105,7
42,105,7
43,105,7
44,105,7
45,105,7
46,105,7
47,105,7
48,105,7
49,105,7
50,105,7
51,105,7
52,105,7
53,105,7
54,105,7
55,105,7
56,105,8
57,105,8
58,105,8
59,105,8
60,105,8
61,105,8
62,105,8
63,105,8
64,105,8
65,105,8
66,105,8
67,105,9
68,105,9
69,105,9
70,105,9
71,105,9
72,105,9
73,105,9
74,105,9
75,105,9
76,105,10
77,105,10
78,105,10
79,105,10
80,105,11
81,105,11
82,105,11
83,105,11
84,105,12
85,105,12
86,105,12
87,105,13
88,105,13
89,105,14
90,105,14
91,105,15
92,105,16
93,105,17
94,105,18
95,105,19
96,105,21
97,105,23
98,105,26
99,105,31
100,105,41
101,105,5
102,105,0
103,105,0
104,105,0
105,105,0
106,105,0
107,105,0
108,105,0
109,105,0
110,105,0
111,105,0
112,105,0
113,105,0
114,105,0
115,105,0
116,105,0
117,105,0
118,105,0
119,105,0
120,105,0
121,105,0
122,105,0
123,105,0
124,105,0
125,105,0
126,105,0
127,105,0
128,105,0
129,105,0
130,105,0
131,105,0
132,105,0
133,105,0
134,105,0
135,105,0
136,105,0
137,105,0
138,105,0
139,105,0
140,105,0
141,105,0
142,105,0
143,105,0
144,105,0
145,105,0
146,105,0
147,105,0
148,105,0
149,105,0
150,105,0
151,105,0
152,105,0
153,105,0
154,105,0
155,105,0
156,105,0
157,105,0
158,105,0
159,105,0
160,105,0
161,105,0
162,105,0
163,105,0
164,105,0
165,105,0
166,105,0
167,105,0
168,105,0
169,105,0
170,105,0
171,105,0
172,105,0
173,105,0
174,105,0
175,105,0
176,105,0
177,105,0
178,105,0
179,105,0
180,105,16
181,105,10
182,105,9
183,105,8
184,105,7
185,105,7
186,105,6
187,105,6
188,105,6
189,105,5
190,105,5
191,105,5
192,105,5
193,105,5
194,105,5
195,105,5
196,105,5
197,105,4
198,105,4
199,105,4
200,105,4
201,105,4
202,105,4
203,105,4
204,105,4
205,105,4
206,105,4
207,105,4
208,105,4
209,105,4
210,105,4
211,105,4
212,105,4
213,105,4
214,105,3
215,105,3
216,105,3
217,105,3
218,105,3
219,105,3
220,105,3
221,105,3
222,105,3
223,105,3
224,105,3
225,105,3
226,105,3
227,105,3
228,105,3
229,105,3
230,105,3
231,105,3
232,105,3
233,105,3
234,105,3
235,105,3
236,105,3
237,105,3
238,105,3
239,105,3
240,105,3
241,105,3
242,105,3
243,105,3
244,105,3
245,105,3
246,105,3
247,105,3
248,105,3
249,105,3
250,105,3
251,105,3
252,105,3
253,105,3
254,105,3
255,105,2
0,106,6
1,106,6
2,106,6
3,106,6
4,106,6
5,106,6
6,106,6
7,106,6
8,106,7
9,106,7
10,106,7
11,106,7
12,106,7
13,106,7
14,106,7
15,106,7
16,106,7
17,106,7
18,106,7
19,106,7
20,106,7
21,106,7
22,106,7
23,106,7
24,106,8
25,106,8
26,106,8
27,106,8
28,106,8
29,106,8
30,106,7
31,106,7
32,106,7
33,106,7
34,106,7
35,106,7
36,106,7
37,106,7
38,106,7
39,106,7
40,106,7
41,106,7
42,106,7
43,106,7
44,106,7
45,106,7
46,106,7
47,106,7
48,106,7
49,106,7
50,106,8
51,106,8
52,106,8
53,106,8
54,106,8
55,106,8
56,106,8
57,106,8
58,106,8
59,106,8
60,106,8
61,106,8
62,106,8
63,106,9
64,106,9
65,106,9
66,106,9
67,106,9
68,106,9
69,106,9
70,106,9
71,106,9
72,106,9
73,106,10
74,106,10
75,106,10
76,106,10
77,106,11
78,106,11
79,106,11
80,106,11
81,106,11
82,106,12
83,106,12
84,106,13
85,106,13
86,106,13
87,106,14
88,106,15
89,106,15
90,106,16
91,106,17
92,106,18
93,106,19
94,106,21
95,106,23
96,106,27
97,106,32
98,106,41
99,106,4
100,106,0
101,106,0
102,106,0
103,106,0
104,106,0
105,106,0
106,106,0
107,106,0
108,106,0
109,106,0
110,106,0
111,106,0
112,106,0
113,106,0
114,106,0
115,106,0
116,106,0
117,106,0
118,106,0
119,106,0
120,106,0
121,106,0
122,106,0
123,106,0
124,106,0
125,106,0
126,106,0
127,106,0
128,106,0
129,106,0
130,106,0
131,106,0
132,106,0
133,106,0
134,106,0
135,106,0
136,106,0
137,106,0
138,106,0
139,106,0
140,106,0
141,106,0
142,106,0
143,106,0
144,106,0
145,106,0
146,106,0
147,106,0
148,106,0
149,106,0
150,106,0
151,106,0
152,106,0
153,106,0
154,106,0
155,106,0
156,106,0
157,106,0
158,106,0
159,106,0
160,106,0
161,106,0
162,106,0
163,106,0
164,106,0
165,106,0
166,106,0
167,106,0
168,106,0
169,106,0
170,106,0
171,106,0
172,106,0
173,106,0
174,106,0
175,106,0
176,106,0
177,106,0
178,106,0
179,106,0
180,106,0
181,106,10
182,106,8
183,106,8
184,106,7
185,106,7
186,106,6
187,106,6
188,106,6
189,106,5
190,106,5
191,106,5
192,106,5
193,106,5
194,106,5
195,106,5
196,106,5
197,106,4
198,106,4
199,106,4
200,106,4
201,106,4
202,106,4
203,106,4
204,106,4
205,106,4
206,106,4
207,106,4
208,106,4
209,106,4
210,106,4
211,106,4
212,106,4
213,106,4
214,106,4
215,106,3
216,106,3
217,106,3
218,106,3
219,106,3
220,106,3
221,106,3
222,106,3
223,106,3
224,106,3
225,106,3
226,106,3
227,106,3
228,106,3
229,106,3
230,106,3
231,106,3
232,106,3
233,106,3
234,106,3
235,106,3
236,106,3
237,106,3
238,106,3
239,106,3
240,106,3
241,106,3
242,106,3
243,106,3
244,106,3
245,106,3
246,106,3
247,106,3
248,106,3
249,106,3
250,106,3
251,106,3
252,106,3
253,106,3
254,106,3
255,106,2
0,107,7
1,107,7
2,107,7
3,107,7
4,107,7
5,107,7
6,107,7
7,107,7
8,107,7
9,107,7
10,107,7
11,107,7
12,107,7
13,107,7
14,107,7
15,107,7
16,107,7
17,107,7
18,107,7
19,107,7
20,107,8
21,107,8
22,107,8
23,107,8
24,107,8
25,107,8
26,107,8
27,107,8
28,107,8
29,107,8
30,107,8
31,107,8
32,107,8
33,107,8
34,107,8
35,107,8
36,107,8
37,107,7
38,107,7
39,107,7
40,107,7
41,107,8
42,107,8
43,107,8
44,107,8
45,107,8
46,107,8
47,107,8
48,107,8
49,107,8
50,107,8
51,107,8
52,107,8
53,107,8
54,107,8
55,107,8
56,107,8
57,107,8
58,107,9
59,107,9
60,107,9
61,107,9
62,107,9
63,107,9
64,107,9
65,107,9
66,107,9
67,107,9
68,107,9
69,107,10
70,107,10
71,107,10
72,107,10
73,107,10
74,107,11
75,107,11
76,107,11
77,107,11
78,107,11
79,107,12
80,107,12
81,107,12
82,107,13
83,107,13
84,107,14
85,107,14
86,107,15
87,107,15
88,107,16
89,107,17
90,107,18
91,107,20
92,107,21
93,107,24
94,107,27
95,107,32
96,107,41
97,107,4
98,107,0
99,107,0
100,107,0
101,107,0
102,107,0
103,107,0
104,107,0
105,107,0
106,107,0
107,107,0
108,107,0
109,107,0
110,107,0
111,107,0
112,107,0
113,107,0
114,107,0
115,107,0
116,107,0
117,107,0
118,107,0
119,107,0
120,107,0
121,107,0
122,107,0
123,107,0
124,107,0
125,107,0
126,107,0
127,107,0
128,107,0
129,107,0
130,107,0
131,107,0
132,107,0
133,107,0
134,107,0
135,107,0
136,107,0
137,107,0
138,107,0
139,107,0
140,107,0
141,107,0
142,107,0
143,107,0
144,107,0
145,107,0
146,107,0
147,107,0
148,107,0
149,107,0
150,107,0
151,107,0
152,107,0
153,107,0
154,107,0
155,107,0
156,107,0
157,107,0
158,107,0
159,107,0
160,107,0
161,107,0
162,107,0
163,107,0
164,107,0
165,107,0
166,107,0
167,107,0
168,107,0
169,107,0
170,107,0
171,107,0
172,107,0
173,107,0
174,107,0
175,107,0
176,107,0
177,107,0
178,107,0
179,107,0
180,107,0
181,107,10
182,107,8
183,107,7
184,107,7
185,107,7
186,107,6
187,107,6
188,107,6
189,107,5
190,107,5
191,107,5
192,107,5
193,107,5
194,107,5
195,107,5
196,107,5
197,107,4
198,107,4
199,107,4
200,107,4
201,107,4
202,107,4
203,107,4
204,107,4
205,107,4
206,107,4
207,107,4
208,107,4
209,107,4
210,107,4
211,107,4
212,107,4
213,107,4
214,107,4
215,107,3
216,107,3
217,107,3
218,107,3
219,107,3
220,107,3
221,107,3
222,107,3
223,107,3
224,107,3
225,107,3
226,107,3
227,107,3
228,107,3
229,107,3
230,107,3
231,107,3
232,107,3
233,107,3
234,107,3
235,107,3
236,107,3
237,107,3
238,107,3
239,107,3
240,107,3
241,107,3
242,107,3
243,107,3
244,107,3
245,107,3
246,107,3
247,107,3
248,107,3
249,107,3
250,107,3
251,107,3
252,107,3
253,107,3
254,107,3
255,107,2
0,108,7
1,108,7
2,108,7
3,108,7
4,108,7
5,108,7
6,108,7
7,108,7
8,108,7
9,108,7
10,108,7
11,108,7
12,108,7
13,108,7
14,108,7
15,108,7
16,108,8
17,108,8
18,108,8
19,108,8
20,108,8
21,108,8
22,108,8
23,108,8
24,108,8
25,108,8
26,108,8
27,108,8
28,108,8
29,108,8
30,108,8
31,108,8
32,108,8
33,108,8
34,108,8
35,108,8
36,108,8
37,108,8
38,108,8
39,108,8
40,108,8
41,108,8
42,108,8
43,108,8
44,108,8
45,108,8
46,108,8
47,108,8
48,108,8
49,108,8
50,108,9
51,108,9
52,108,9
53,108,9
54,108,9
55,108,9
56,108,9
57,108,9
58,108,9
59,108,9
60,108,9
61,108,9
62,108,9
63,108,9
64,108,9
65,108,10
66,108,10
67,108,10
68,108,10
69,108,10
70,108,10
71,108,11
72,108,11
73,108,11
74,108,11
75,108,11
76,108,12
77,108,12
78,108,12
79,108,13
80,108,13
81,108,13
82,108,14
83,108,14
84,108,15
85,108,16
86,108,17
87,108,17
88,108,19
89,108,20
90,108,22
91,108,24
92,108,28
93,108,33
94,108,42
95,108,8
96,108,0
97,108,0
98,108,0
99,108,0
100,108,0
101,108,0
102,108,0
103,108,0
104,108,0
105,108,0
106,108,0
107,108,0
108,108,0
109,108,0
110,108,0
111,108,0
112,108,0
113,108,0
114,108,0
115,108,0
116,108,0
117,108,0
118,108,0
119,108,0
120,108,0
121,108,0
122,108,0
123,108,0
124,108,0
125,108,0
126,108,0
127,108,0
128,108,0
129,108,0
130,108,0
131,108,0
132,108,0
133,108,0
134,108,0
135,108,0
136,108,0
137,108,0
138,108,0
139,108,0
140,108,0
141,108,0
142,108,0
143,108,0
144,108,0
145,108,0
146,108,0
147,108,0
148,108,0
149,108,0
150,108,0
151,108,0
152,108,0
153,108,0
154,108,0
155,108,0
156,108,0
157,108,0
158,108,0
159,108,0
160,108,0
161,108,0
162,108,0
163,108,0
164,108,0
165,108,0
166,108,0
167,108,0
168,108,0
169,108,0
170,108,0
171,108,0
172,108,0
173,108,0
174,108,0
175,108,0
176,108,0
177,108,0
178,108,0
179,108,0
180,108,0
181,108,9
182,108,8
183,108,7
184,108,7
185,108,7
186,108,6
187,108,6
188,108,6
189,108,5
190,108,5
191,108,5
192,108,5
193,108,5
194,108,5
195,108,5
196,108,5
197,108,4
198,108,4
199,108,4
200,108,4
201,108,4
202,108,4
203,108,4
204,108,4
205,108,4
206,108,4
207,108,4
208,108,4
209,108,4
210,108,4
211,108,4
212,108,4
213,108,4
214,108,4
215,108,3
216,108,3
217,108,3
218,108,3
219,108,3
220,108,3
221,108,3
222,108,3
223,108,3
224,108,3
225,108,3
226,108,3
227,108,3
228,108,3
229,108,3
230,108,3
231,108,3
232,108,3
233,108,3
234,108,3
235,108,3
236,108,3
237,108,3
238,108,3
239,108,3
240,108,3
241,108,3
242,108,3
243,108,3
244,108,3
245,108,3
246,108,3
247,108,3
248,108,3
249,108,3
250,108,3
251,108,3
252,108,3
253,108,3
254,108,3
255,108,2
0,109,7
1,109,7
2,109,7
3,109,7
4,109,7
5,109,7
6,109,7
7,109,7
8,109,7
9,109,7
10,109,7
11,109,7
12,109,8
13,109,8
14,109,8
15,109,8
16,109,8
17,109,8
18,109,8
19,109,9
20,109,9
21,109,9
22,109,9
23,109,9
24,109,9
25,109,9
26,109,9
27,109,8
28,109,8
29,109,8
30,109,8
31,109,8
32,109,8
33,109,8
34,109,8
35,109,8
36,109,8
37,109,8
38,109,8
39,109,9
40,109,9
41,109,9
42,109,9
43,109,9
44,109,9
45,109,9
46,109,9
47,109,9
48,109,9
49,109,9
50,109,9
51,109,9
52,109,9
53,109,9
54,109,9
55,109,9
56,109,9
57,109,9
58,109,9
59,109,9
60,109,9
61,109,10
62,109,10
63,109,10
64,109,10
65,109,10
66,109,10
67,109,11
68,109,11
69,109,11
70,109,11
71,109,11
72,109,11
73,109,12
74,109,12
75,109,12
76,109,13
77,109,13
78,109,13
79,109,14
80,109,14
81,109,15
82,109,15
83,109,16
84,109,17
85,109,18
86,109,19
87,109,21
88,109,22
89,109,25
90,109,28
91,109,34
92,109,44
93,109,16
94,109,0
95,109,0
96,109,0
97,109,0
98,109,0
99,109,0
100,109,0
101,109,0
102,109,0
103,109,0
104,109,0
105,109,0
106,109,0
107,109,0
108,109,0
109,109,0
110,109,0
111,109,0
112,109,0
113,109,0
114,109,0
115,109,0
116,109,0
117,109,0
118,109,0
119,109,0
120,109,0
121,109,0
122,109,0
123,109,0
124,109,0
125,109,0
126,109,0
127,109,0
128,109,0
129,109,0
130,109,0
131,109,0
132,109,0
133,109,0
134,109,0
135,109,0
136,109,0
137,109,0
138,109,0
139,109,0
140,109,0
141,109,0
142,109,0
143,109,0
144,109,0
145,109,0
146,109,0
147,109,0
148,109,0
149,109,0
150,109,0
151,109,0
152,109,0
153,109,0
154,109,0
155,109,0
156,109,0
157,109,0
158,109,0
159,109,0
160,109,0
161,109,0
162,109,0
163,109,0
164,109,0
165,109,0
166,109,0
167,109,0
168,109,0
169,109,0
170,109,0
171,109,0
172,109,0
173,109,0
174,109,0
175,109,0
176,109,0
177,109,0
178,109,0
179,109,0
180,109,13
181,109,9
182,109,8
183,109,7
184,109,7
185,109,6
186,109,6
187,109,6
188,109,6
189,109,5
190,109,5
191,109,5
192,109,5
193,109,5
194,109,5
195,109,5
196,109,5
197,109,4
198,109,4
199,109,4
200,109,4
201,109,4
202,109,4
203,109,4
204,109,4
205,109,4
206,109,4
207,109,4
208,109,4
209,109,4
210,109,4
211,109,4
212,109,4
213,109,4
214,109,4
215,109,3
216,109,3
217,109,3
218,109,3
219,109,3
220,109,3
221,109,3
222,109,3
223,109,3
224,109,3
225,109,3
226,109,3
227,109,3
228,109,3
229,109,3
230,109,3
231,109,3
232,109,3
233,109,3
234,109,3
235,109,3
236,109,3
237,109,3
238,109,3
239,109,3
240,109,3
241,109,3
242,109,3
243,109,3
244,109,3
245,109,3
246,109,3
247,109,3
248,109,3
249,109,3
250,109,3
251,109,3
252,109,3
253,109,3
254,109,3
255,109,2
0,110,7
1,110,7
2,110,7
3,110,7
4,110,7
5,110,7
6,110,7
7,110,8
8,110,8
9,110,8
10,110,8
11,110,8
12,110,8
13,110,8
14,110,8
15,110,9
16,110,9
17,110,9
18,110,9
19,110,9
20,110,9
21,110,9
22,110,9
23,110,9
24,110,9
25,110,9
26,110,9
27,110,9
28,110,9
29,110,9
30,110,9
31,110,9
32,110,9
33,110,9
34,110,9
35,110,9
36,110,9
37,110,9
38,110,9
39,110,9
40,110,10
41,110,10
42,110,10
43,110,10
44,110,10
45,110,10
46,110,9
47,110,9
48,110,9
49,110,9
50,110,9
51,110,9
52,110,9
53,110,9
54,110,9
55,110,10
56,110,10
57,110,10
58,110,10
59,110,10
60,110,10
61,110,10
62,110,10
63,110,11
64,110,11
65,110,11
66,110,11
67,110,11
68,110,11
69,110,11
70,110,12
71,110,12
72,110,12
73,110,13
74,110,13
75,110,13
76,110,14
77,110,14
78,110,15
79,110,15
80,110,16
81,110,17
82,110,17
83,110,18
84,110,20
85,110,21
86,110,23
87,110,26
88,110,29
89,110,35
90,110,48
91,110,35
92,110,0
93,110,0
94,110,0
95,110,0
96,110,0
97,110,0
98,110,0
99,110,0
100,110,0
101,110,0
102,110,0
103,110,0
104,110,0
105,110,0
106,110,0
107,110,0
108,110,0
109,110,0
110,110,0
111,110,0
112,110,0
113,110,0
114,110,0
115,110,0
116,110,0
117,110,0
118,110,0
119,110,0
120,110,0
121,110,0
122,110,0
123,110,0
124,110,0
125,110,0
126,110,0
127,110,0
128,110,0
129,110,0
130,110,0
131,110,0
132,110,0
133,110,0
134,110,0
135,110,0
136,110,0
137,110,0
138,110,0
139,110,0
140,110,0
141,110,0
142,110,0
143,110,0
144,110,0
145,110,0
146,110,0
147,110,0
148,110,0
149,110,0
150,110,0
151,110,0
152,110,0
153,110,0
154,110,0
155,110,0
156,110,0
157,110,0
158,110,0
159,110,0
160,110,0
161,110,0
162,110,0
163,110,0
164,110,0
165,110,0
166,110,0
167,110,0
168,110,0
169,110,0
170,110,0
171,110,0
172,110,0
173,110,0
174,110,0
175,110,0
176,110,0
177,110,0
178,110,0
179,110,0
180,110,13
181,110,8
182,110,7
183,110,7
184,110,7
185,110,6
186,110,6
187,110,6
188,110,5
189,110,5
190,110,5
191,110,5
192,110,5
193,110,5
194,110,5
195,110,5
196,110,5
197,110,4
198,110,4
199,110,4
200,110,4
201,110,4
202,110,4
203,110,4
204,110,4
205,110,4
206,110,4
207,110,4
208,110,4
209,110,4
210,110,4
211,110,4
212,110,4
213,110,4
214,110,4
215,110,3
216,110,3
217,110,3
218,110,3
219,110,3
220,110,3
221,110,3
222,110,3
223,110,3
224,110,3
225,110,3
226,110,3
227,110,3
228,110,3
229,110,3
230,110,3
231,110,3
232,110,3
233,110,3
234,110,3
235,110,3
236,110,3
237,110,3
238,110,3
239,110,3
240,110,3
241,110,3
242,110,3
243,110,3
244,110,3
245,110,3
246,110,3
247,110,3
248,110,3
249,110,3
250,110,3
251,110,3
252,110,3
253,110,3
254,110,3
255,110,3
0,111,8
1,111,8
2,111,8
3,111,8
4,111,8
5,111,8
6,111,8
7,111,8
8,111,8
9,111,8
10,111,9
11,111,9
12,111,9
13,111,9
14,111,9
15,111,9
16,111,9
17,111,9
18,111,10
19,111,10
20,111,10
21,111,9
22,111,9
23,111,9
24,111,9
25,111,9
26,111,9
27,111,9
28,111,9
29,111,9
30,111,9
31,111,9
32,111,9
33,111,10
34,111,10
35,111,10
36,111,10
37,111,10
38,111,11
39,111,11
40,111,10
41,111,10
42,111,10
43,111,10
44,111,10
45,111,10
46,111,10
47,111,10
48,111,10
49,111,10
50,111,10
51,111,10
52,111,10
53,111,10
54,111,10
55,111,10
56,111,11
57,111,11
58,111,11
59,111,11
60,111,11
61,111,11
62,111,11
63,111,11
64,111,11
65,111,11
66,111,12
67,111,12
68,111,12
69,111,13
70,111,13
71,111,13
72,111,13
73,111,14
74,111,14
75,111,15
76,111,15
77,111,16
78,111,16
79,111,17
80,111,18
81,111,19
82,111,20
83,111,22
84,111,24
85,111,27
86,111,31
87,111,38
88,111,53
89,111,0
90,111,0
91,111,0
92,111,0
93,111,0
94,111,0
95,111,0
96,111,0
97,111,0
98,111,0
99,111,0
100,111,0
101,111,0
102,111,0
103,111,0
104,111,0
105,111,0
106,111,0
107,111,0
108,111,0
109,111,0
110,111,0
111,111,0
112,111,0
113,111,0
114,111,0
115,111,0
116,111,0
117,111,0
118,111,0
119,111,0
120,111,0
121,111,0
122,111,0
123,111,0
124,111,0
125,111,0
126,111,0
127,111,0
128,111,0
129,111,0
130,111,0
131,111,0
132,111,0
133,111,0
134,111,0
135,111,0
136,111,0
137,111,0
138,111,0
139,111,0
140,111,0
141,111,0
142,111,0
143,111,0
144,111,0
145,111,0
146,111,0
147,111,0
148,111,0
149,111,0
150,111,0
151,111,0
152,111,0
153,111,0
154,111,0
155,111,0
156,111,0
157,111,0
158,111,0
159,111,0
160,111,0
161,111,0
162,111,0
163,111,0
164,111,0
165,111,0
166,111,0
167,111,0
168,111,0
169,111,0
170,111,0
171,111,0
172,111,0
173,111,0
174,111,0
175,111,0
176,111,0
177,111,0
178,111,0
179,111,0
180,111,9
181,111,8
182,111,7
183,111,7
184,111,6
185,111,6
186,111,6
187,111,6
188,111,5
189,111,5
190,111,5
191,111,5
192,111,5
193,111,5
194,111,5
195,111,5
196,111,5
197,111,4
198,111,4
199,111,4
200,111,4
201,111,4
202,111,4
203,111,4
204,111,4
205,111,4
206,111,4
207,111,4
208,111,4
209,111,4
210,111,4
211,111,4
212,111,4
213,111,4
214,111,4
215,111,3
216,111,3
217,111,3
218,111,3
219,111,3
220,111,3
221,111,3
222,111,3
223,111,3
224,111,3
225,111,3
226,111,3
227,111,3
228,111,3
229,111,3
230,111,3
231,111,3
232,111,3
233,111,3
234,111,3
235,111,3
236,111,3
237,111,3
238,111,3
239,111,3
240,111,3
241,111,3
242,111,3
243,111,3
244,111,3
245,111,3
246,111,3
247,111,3
248,111,3
249,111,3
250,111,3
251,111,3
252,111,3
253,111,3
254,111,3
255,111,3
0,112,9
1,112,9
2,112,9
3,112,9
4,112,9
5,112,9
6,112,9
7,112,9
8,112,9
9,112,9
10,112,9
11,112,9
12,112,9
13,112,9
14,112,10
15,112,10
16,112,10
17,112,11
18,112,11
19,112,10
20,112,10
21,112,10
22,112,10
23,112,10
24,112,10
25,112,10
26,112,10
27,112,10
28,112,10
29,112,10
30,112,10
31,112,10
32,112,11
33,112,11
34,112,11
35,112,12
36,112,12
37,112,12
38,112,11
39,112,11
40,112,11
41,112,11
42,112,10
43,112,10
44,112,10
45,112,10
46,112,10
47,112,10
48,112,11
49,112,11
50,112,11
51,112,11
52,112,11
53,112,11
54,112,11
55,112,11
56,112,11
57,112,11
58,112,11
59,112,11
60,112,11
61,112,12
62,112,12
63,112,12
64,112,12
65,112,13
66,112,13
67,112,13
68,112,13
69,112,13
70,112,14
71,112,14
72,112,15
73,112,15
74,112,16
75,112,16
76,112,17
77,112,18
78,112,19
79,112,20
80,112,21
81,112,23
82,112,25
83,112,28
84,112,33
85,112,41
86,112,61
87,112,0
88,112,0
89,112,0
90,112,0
91,112,0
92,112,0
93,112,0
94,112,0
95,112,0
96,112,0
97,112,0
98,112,0
99,112,0
100,112,0
101,112,0
102,112,0
103,112,0
104,112,0
105,112,0
106,112,0
107,112,0
108,112,0
109,112,0
110,112,0
111,112,0
112,112,0
113,112,0
114,112,0
115,112,0
116,112,0
117,112,0
118,112,0
119,112,0
120,112,0
121,112,0
122,112,0
123,112,0
124,112,0
125,112,0
126,112,0
127,112,0
128,112,0
129,112,0
130,112,0
131,112,0
132,112,0
133,112,0
134,112,0
135,112,0
136,112,0
137,112,0
138,112,0
139,112,0
140,112,0
141,112,0
142,112,0
143,112,0
144,112,0
145,112,0
146,112,0
147,112,0
148,112,0
149,112,0
150,112,0
151,112,0
152,112,0
153,112,0
154,112,0
155,112,0
156,112,0
157,112,0
158,112,0
159,112,0
160,112,0
161,112,0
162,112,0
163,112,0
164,112,0
165,112,0
166,112,0
167,112,0
168,112,0
169,112,0
170,112,0
171,112,0
172,112,0
173,112,0
174,112,0
175,112,0
176,112,0
177,112,0
178,112,11
179,112,9
180,112,8
181,112,8
182,112,7
183,112,7
184,112,6
185,112,6
186,112,6
187,112,6
188,112,5
189,112,5
190,112,5
191,112,5
192,112,5
193,112,5
194,112,5
195,112,5
196,112,5
197,112,4
198,112,4
199,112,4
200,112,4
201,112,4
202,112,4
203,112,4
204,112,4
205,112,4
206,112,4
207,112,4
208,112,4
209,112,4
210,112,4
211,112,4
212,112,4
213,112,4
214,112,4
215,112,3
216,112,3
217,112,3
218,112,3
219,112,3
220,112,3
221,112,3
222,112,3
223,112,3
224,112,3
225,112,3
226,112,3
227,112,3
228,112,3
229,112,3
230,112,3
231,112,3
232,112,3
233,112,3
234,112,3
235,112,3
236,112,3
237,112,3
238,112,3
239,112,3
240,112,3
241,112,3
242,112,3
243,112,3
244,112,3
245,112,3
246,112,3
247,112,3
248,112,3
249,112,3
250,112,3
251,112,3
252,112,3
253,112,3
254,112,3
255,112,3
0,113,9
1,113,9
2,113,9
3,113,9
4,113,9
5,113,9
6,113,9
7,113,9
8,113,9
9,113,10
10,113,10
11,113,10
12,113,11
13,113,11
14,113,12
15,113,12
16,113,12
17,113,12
18,113,12
19,113,12
20,113,12
21,113,12
22,113,12
23,113,11
24,113,11
25,113,11
26,113,11
27,113,11
28,113,11
29,113,11
30,113,11
31,113,12
32,113,12
33,113,12
34,113,12
35,113,12
36,113,12
37,113,11
38,113,11
39,113,11
40,113,11
41,113,11
42,113,11
43,113,11
44,113,11
45,113,11
46,113,12
47,113,12
48,113,12
49,113,13
50,113,12
51,113,12
52,113,12
53,113,12
54,113,12
55,113,12
56,113,12
57,113,12
58,113,12
59,113,12
60,113,13
61,113,13
62,113,13
63,113,13
64,113,13
65,113,13
66,113,14
67,113,14
68,113,15
69,113,15
70,113,15
71,113,16
72,113,16
73,113,17
74,113,18
75,113,19
76,113,20
77,113,21
78,113,22
79,113,24
80,113,27
81,113,30
82,113,36
83,113,47
84,113,16
85,113,0
86,113,0
87,113,0
88,113,0
89,113,0
90,113,0
91,113,0
92,113,0
93,113,0
94,113,0
95,113,0
96,113,0
97,113,0
98,113,0
99,113,0
100,113,0
101,113,0
102,113,0
103,113,0
104,113,0
105,113,0
106,113,0
107,113,0
108,113,0
109,113,0
110,113,0
111,113,0
112,113,0
113,113,0
114,113,0
115,113,0
116,113,0
117,113,0
118,113,0
119,113,0
120,113,0
121,113,0
122,113,0
123,113,0
124,113,0
125,113,0
126,113,0
127,113,0
128,113,0
129,113,0
130,113,0
131,113,0
132,113,0
133,113,0
134,113,0
135,113,0
136,113,0
137,113,0
138,113,0
139,113,0
140,113,0
141,113,0
142,113,0
143,113,0
144,113,0
145,113,0
146,113,0
147,113,0
148,113,0
149,113,0
150,113,0
151,113,0
152,113,0
153,113,0
154,113,0
155,113,0
156,113,0
157,113,0
158,113,0
159,113,0
160,113,0
161,113,0
162,113,0
163,113,0
164,113,0
165,113,0
166,113,0
167,113,0
168,113,0
169,113,0
170,113,0
171,113,0
172,113,0
173,113,0
174,113,0
175,113,0
176,113,0
177,113,0
178,113,10
179,113,9
180,113,8
181,113,7
182,113,7
183,113,6
184,113,6
185,113,6
186,113,6
187,113,6
188,113,5
189,113,5
190,113,5
191,113,5
192,113,5
193,113,5
194,113,5
195,113,5
196,113,5
197,113,4
198,113,4
199,113,4
200,113,4
201,113,4
202,113,4
203,113,4
204,113,4
205,113,4
206,113,4
207,113,4
208,113,4
209,113,4
210,113,4
211,113,4
212,113,4
213,113,4
214,113,4
215,113,3
216,113,3
217,113,3
218,113,3
219,113,3
220,113,3
221,113,3
222,113,3
223,113,3
224,113,3
225,113,3
226,113,3
227,113,3
228,113,3
229,113,3
230,113,3
231,113,3
232,113,3
233,113,3
234,113,3
235,113,3
236,113,3
237,113,3
238,113,3
239,113,3
240,113,3
241,113,3
242,113,3
243,113,3
244,113,3
245,113,3
246,113,3
247,113,3
248,113,3
249,113,3
250,113,3
251,113,3
252,113,3
253,113,3
254,113,3
255,113,3
0,114,10
1,114,10
2,114,10
3,114,10
4,114,10
5,114,10
6,114,10
7,114,11
8,114,11
9,114,11
10,114,12
11,114,12
12,114,14
13,114,13
14,114,13
15,114,13
16,114,14
17,114,14
18,114,14
19,114,13
20,114,13
21,114,13
22,114,13
23,114,13
24,114,13
25,114,14
26,114,14
27,114,13
28,114,13
29,114,13
30,114,13
31,114,13
32,114,13
33,114,13
34,114,13
35,114,13
36,114,13
37,114,13
38,114,12
39,114,12
40,114,12
41,114,12
42,114,13
43,114,13
44,114,14
45,114,15
46,114,15
47,114,13
48,114,13
49,114,13
50,114,13
51,114,13
52,114,13
53,114,13
54,114,13
55,114,13
56,114,14
57,114,14
58,114,14
59,114,14
60,114,14
61,114,14
62,114,14
63,114,14
64,114,15
65,114,15
66,114,15
67,114,15
68,114,16
69,114,17
70,114,17
71,114,18
72,114,19
73,114,19
74,114,21
75,114,22
76,114,24
77,114,26
78,114,29
79,114,33
80,114,40
81,114,56
82,114,0
83,114,0
84,114,0
85,114,0
86,114,0
87,114,0
88,114,0
89,114,0
90,114,0
91,114,0
92,114,0
93,114,0
94,114,0
95,114,0
96,114,0
97,114,0
98,114,0
99,114,0
100,114,0
101,114,0
102,114,0
103,114,0
104,114,0
105,114,0
106,114,0
107,114,0
108,114,0
109,114,0
110,114,0
111,114,0
112,114,0
113,114,0
114,114,0
115,114,0
116,114,0
117,114,0
118,114,0
119,114,0
120,114,0
121,114,0
122,114,0
123,114,0
124,114,0
125,114,0
126,114,0
127,114,0
128,114,0
129,114,0
130,114,0
131,114,0
132,114,0
133,114,0
134,114,0
135,114,0
136,114,0
137,114,0
138,114,0
139,114,0
140,114,0
141,114,0
142,114,0
143,114,0
144,114,0
145,114,0
146,114,0
147,114,0
148,114,0
149,114,0
150,114,0
151,114,0
152,114,0
153,114,0
154,114,0
155,114,0
156,114,0
157,114,0
158,114,0
159,114,0
160,114,0
161,114,0
162,114,0
163,114,0
164,114,0
165,114,0
166,114,0
167,114,0
168,114,0
169,114,0
170,114,0
171,114,0
172,114,0
173,114,0
174,114,0
175,114,0
176,114,0
177,114,0
178,114,9
179,114,8
180,114,8
181,114,7
182,114,7
183,114,6
184,114,6
185,114,6
186,114,6
187,114,6
188,114,5
189,114,5
190,114,5
191,114,5
192,114,5
193,114,5
194,114,5
195,114,5
196,114,5
197,114,4
198,114,4
199,114,4
200,114,4
201,114,4
202,114,4
203,114,4
204,114,4
205,114,4
206,114,4
207,114,4
208,114,4
209,114,4
210,114,4
211,114,4
212,114,4
213,114,4
214,114,4
215,114,3
216,114,3
217,114,3
218,114,3
219,114,3
220,114,3
221,114,3
222,114,3
223,114,3
224,114,3
225,114,3
226,114,3
227,114,3
228,114,3
229,114,3
230,114,3
231,114,3
232,114,3
233,114,3
234,114,3
235,114,3
236,114,3
237,114,3
238,114,3
239,114,3
240,114,3
241,114,3
242,114,3
243,114,3
244,114,3
245,114,3
246,114,3
247,114,3
248,114,3
249,114,3
250,114,3
251,114,3
252,114,3
253,114,3
254,114,3
255,114,3
0,115,11
1,115,11
2,115,11
3,115,11
4,115,11
5,115,11
6,115,12
7,115,12
8,115,13
9,115,13
10,115,14
11,115,15
12,115,15
13,115,16
14,115,16
15,115,16
16,115,16
17,115,16
18,115,17
19,115,16
20,115,15
21,115,15
22,115,16
23,115,17
24,115,17
25,115,17
26,115,17
27,115,17
28,115,17
29,115,16
30,115,16
31,115,16
32,115,16
33,115,17
34,115,15
35,115,15
36,115,15
37,115,15
38,115,14
39,115,15
40,115,15
41,115,15
42,115,16
43,115,15
44,115,14
45,115,14
46,115,14
47,115,13
48,115,13
49,115,13
50,115,14
51,115,14
52,115,15
53,115,17
54,115,15
55,115,14
56,115,14
57,115,14
58,115,14
59,115,15
60,115,16
61,115,16
62,115,16
63,115,16
64,115,16
65,115,17
66,115,17
67,115,17
68,115,18
69,115,19
70,115,20
71,115,21
72,115,22
73,115,23
74,115,25
75,115,28
76,115,31
77,115,37
78,115,47
79,115,11
80,115,0
81,115,0
82,115,0
83,115,0
84,115,0
85,115,0
86,115,0
87,115,0
88,115,0
89,115,0
90,115,0
91,115,0
92,115,0
93,115,0
94,115,0
95,115,0
96,115,0
97,115,0
98,115,0
99,115,0
100,115,0
101,115,0
102,115,0
103,115,0
104,115,0
105,115,0
106,115,0
107,115,0
108,115,0
109,115,0
110,115,0
111,115,0
112,115,0
113,115,0
114,115,0
115,115,0
116,115,0
117,115,0
118,115,0
119,115,0
120,115,0
121,115,0
122,115,0
123,115,0
124,115,0
125,115,0
126,115,0
127,115,0
128,115,0
129,115,0
130,115,0
131,115,0
132,115,0
133,115,0
134,115,0
135,115,0
136,115,0
137,115,0
138,115,0
139,115,0
140,115,0
141,115,0
142,115,0
143,115,0
144,115,0
145,115,0
146,115,0
147,115,0
148,115,0
149,115,0
150,115,0
151,115,0
152,115,0
153,115,0
154,115,0
155,115,0
156,115,0
157,115,0
158,115,0
159,115,0
160,115,0
161,115,0
162,115,0
163,115,0
164,115,0
165,115,0
166,115,0
167,115,0
168,115,0
169,115,0
170,115,0
171,115,0
172,115,0
173,115,0
174,115,0
175,115,0
176,115,0
177,115,11
178,115,9
179,115,8
180,115,7
181,115,7
182,115,6
183,115,6
184,115,6
185,115,6
186,115,6
187,115,5
188,115,5
189,115,5
190,115,5
191,115,5
192,115,5
193,115,5
194,115,5
195,115,5
196,115,5
197,115,4
198,115,4
199,115,4
200,115,4
201,115,4
202,115,4
203,115,4
204,115,4
205,115,4
206,115,4
207,115,4
208,115,4
209,115,4
210,115,4
211,115,4
212,115,4
213,115,4
214,115,4
215,115,3
216,115,3
217,115,3
218,115,3
219,115,3
220,115,3
221,115,3
222,115,3
223,115,3
224,115,3
225,115,3
226,115,3
227,115,3
228,115,3
229,115,3
230,115,3
231,115,3
232,115,3
233,115,3
234,115,3
235,115,3
236,115,3
237,115,3
238,115,3
239,115,3
240,115,3
241,115,3
242,115,3
243,115,3
244,115,3
245,115,3
246,115,3
247,115,3
248,115,3
249,115,3
250,115,3
251,115,3
252,115,3
253,115,3
254,115,3
255,115,3
0,116,11
1,116,12
2,116,12
3,116,13
4,116,13
5,116,13
6,116,13
7,116,14
8,116,16
9,116,17
10,116,18
11,116,20
12,116,20
13,116,20
14,116,21
15,116,21
16,116,22
17,116,23
18,116,27
19,116,33
20,116,0
21,116,0
22,116,0
23,116,0
24,116,0
25,116,0
26,116,0
27,116,0
28,116,0
29,116,0
30,116,0
31,116,0
32,116,0
33,116,0
34,116,0
35,116,25
36,116,22
37,116,19
38,116,19
39,116,19
40,116,18
41,116,17
42,116,17
43,116,23
44,116,16
45,116,16
46,116,16
47,116,16
48,116,17
49,116,21
50,116,17
51,116,16
52,116,15
53,116,15
54,116,15
55,116,16
56,116,18
57,116,18
58,116,16
59,116,16
60,116,17
61,116,17
62,116,18
63,116,18
64,116,18
65,116,19
66,116,20
67,116,20
68,116,21
69,116,22
70,116,24
71,116,25
72,116,28
73,116,31
74,116,35
75,116,43
76,116,59
77,116,0
78,116,0
79,116,0
80,116,0
81,116,0
82,116,0
83,116,0
84,116,0
85,116,0
86,116,0
87,116,0
88,116,0
89,116,0
90,116,0
91,116,0
92,116,0
93,116,0
94,116,0
95,116,0
96,116,0
97,116,0
98,116,0
99,116,0
100,116,0
101,116,0
102,116,0
103,116,0
104,116,0
105,116,0
106,116,0
107,116,0
108,116,0
109,116,0
110,116,0
111,116,0
112,116,0
113,116,0
114,116,0
115,116,0
116,116,0
117,116,0
118,116,0
119,116,0
120,116,0
121,116,0
122,116,0
123,116,0
124,116,0
125,116,0
126,116,0
127,116,0
128,116,0
129,116,0
130,116,0
131,116,0
132,116,0
133,116,0
134,116,0
135,116,0
136,116,0
137,116,0
138,116,0
139,116,0
140,116,0
141,116,0
142,116,0
143,116,0
144,116,0
145,116,0
146,116,0
147,116,0
148,116,0
149,116,0
150,116,0
151,116,0
152,116,0
153,116,0
154,116,0
155,116,0
156,116,0
157,116,0
158,116,0
159,116,0
160,116,0
161,116,0
162,116,0
163,116,0
164,116,0
165,116,0
166,116,0
167,116,0
168,116,0
169,116,0
170,116,0
171,116,0
172,116,0
173,116,0
174,116,0
175,116,0
176,116,0
177,116,9
178,116,8
179,116,8
180,116,7
181,116,7
182,116,6
183,116,6
184,116,6
185,116,6
186,116,6
187,116,5
188,116,5
189,116,5
190,116,5
191,116,5
192,116,5
193,116,5
194,116,5
195,116,5
196,116,5
197,116,4
198,116,4
199,116,4
200,116,4
201,116,4
202,116,4
203,116,4
204,116,4
205,116,4
206,116,4
207,116,4
208,116,4
209,116,4
210,116,4
211,116,4
212,116,4
213,116,4
214,116,4
215,116,3
216,116,3
217,116,3
218,116,3
219,116,3
220,116,3
221,116,3
222,116,3
223,116,3
224,116,3
225,116,3
226,116,3
227,116,3
228,116,3
229,116,3
230,116,3
231,116,3
232,116,3
233,116,3
234,116,3
235,116,3
236,116,3
237,116,3
238,116,3
239,116,3
240,116,3
241,116,3
242,116,3
243,116,3
244,116,3
245,116,3
246,116,3
247,116,3
248,116,3
249,116,3
250,116,3
251,116,3
252,116,3
253,116,3
254,116,3
255,116,3
0,117,14
1,117,14
2,117,14
3,117,15
4,117,15
5,117,16
6,117,17
7,117,19
8,117,21
9,117,25
10,117,29
11,117,34
12,117,47
13,117,0
14,117,0
15,117,0
16,117,0
17,117,0
18,117,0
19,117,0
20,117,0
21,117,0
22,117,0
23,117,0
24,117,0
25,117,0
26,117,0
27,117,0
28,117,0
29,117,0
30,117,0
31,117,0
32,117,0
33,117,0
34,117,0
35,117,0
36,117,0
37,117,0
38,117,0
39,117,0
40,117,0
41,117,0
42,117,0
43,117,33
44,117,25
45,117,21
46,117,20
47,117,19
48,117,19
49,117,20
50,117,18
51,117,18
52,117,20
53,117,22
54,117,18
55,117,18
56,117,18
57,117,18
58,117,0
59,117,19
60,117,19
61,117,20
62,117,20
63,117,20
64,117,23
65,117,22
66,117,24
67,117,24
68,117,26
69,117,28
70,117,31
71,117,35
72,117,41
73,117,54
74,117,33
75,117,0
76,117,0
77,117,0
78,117,0
79,117,0
80,117,0
81,117,0
82,117,0
83,117,0
84,117,0
85,117,0
86,117,0
87,117,0
88,117,0
89,117,0
90,117,0
91,117,0
92,117,0
93,117,0
94,117,0
95,117,0
96,117,0
97,117,0
98,117,0
99,117,0
100,117,0
101,117,0
102,117,0
103,117,0
104,117,0
105,117,0
106,117,0
107,117,0
108,117,0
109,117,0
110,117,0
111,117,0
112,117,0
113,117,0
114,117,0
115,117,0
116,117,0
117,117,0
118,117,0
119,117,0
120,117,0
121,117,0
122,117,0
123,117,0
124,117,0
125,117,0
126,117,0
127,117,0
128,117,0
129,117,0
130,117,0
131,117,0
132,117,0
133,117,0
134,117,0
135,117,0
136,117,0
137,117,0
138,117,0
139,117,0
140,117,0
141,117,0
142,117,0
143,117,0
144,117,0
145,117,0
146,117,0
147,117,0
148,117,0
149,117,0
150,117,0
151,117,0
152,117,0
153,117,0
154,117,0
155,117,0
156,117,0
157,117,0
158,117,0
159,117,0
160,117,0
161,117,0
162,117,0
163,117,0
164,117,0
165,117,0
166,117,0
167,117,0
168,117,0
169,117,0
170,117,0
171,117,0
172,117,0
173,117,0
174,117,0
175,117,11
176,117,10
177,117,9
178,117,8
179,117,7
180,117,7
181,117,7
182,117,6
183,117,6
184,117,6
185,117,6
186,117,6
187,117,5
188,117,5
189,117,5
190,117,5
191,117,5
192,117,5
193,117,5
194,117,5
195,117,5
196,117,5
197,117,4
198,117,4
199,117,4
200,117,4
201,117,4
202,117,4
203,117,4
204,117,4
205,117,4
206,117,4
207,117,4
208,117,4
209,117,4
210,117,4
211,117,4
212,117,4
213,117,4
214,117,4
215,117,4
216,117,3
217,117,3
218,117,3
219,117,3
220,117,3
221,117,3
222,117,3
223,117,3
224,117,3
225,117,3
226,117,3
227,117,3
228,117,3
229,117,3
230,117,3
231,117,3
232,117,3
233,117,3
234,117,3
235,117,3
236,117,3
237,117,3
238,117,3
239,117,3
240,117,3
241,117,3
242,117,3
243,117,3
244,117,3
245,117,3
246,117,3
247,117,3
248,117,3
249,117,3
250,117,3
251,117,3
252,117,3
253,117,3
254,117,3
255,117,3
0,118,15
1,118,16
2,118,17
3,118,18
4,118,20
5,118,21
6,118,26
7,118,33
8,118,55
9,118,0
10,118,0
11,118,0
12,118,0
13,118,0
14,118,0
15,118,0
16,118,0
17,118,0
18,118,0
19,118,0
20,118,0
21,118,0
22,118,0
23,118,0
24,118,0
25,118,0
26,118,0
27,118,0
28,118,0
29,118,0
30,118,0
31,118,0
32,118,0
33,118,0
34,118,0
35,118,0
36,118,0
37,118,0
38,118,0
39,118,0
40,118,0
41,118,0
42,118,0
43,118,0
44,118,0
45,118,0
46,118,0
47,118,0
48,118,30
49,118,26
50,118,29
51,118,26
52,118,24
53,118,22
54,118,28
55,118,21
56,118,22
57,118,21
58,118,0
59,118,22
60,118,22
61,118,24
62,118,24
63,118,25
64,118,28
65,118,28
66,118,30
67,118,32
68,118,36
69,118,42
70,118,52
71,118,17
72,118,0
73,118,0
74,118,0
75,118,0
76,118,0
77,118,0
78,118,0
79,118,0
80,118,0
81,118,0
82,118,0
83,118,0
84,118,0
85,118,0
86,118,0
87,118,0
88,118,0
89,118,0
90,118,0
91,118,0
92,118,0
93,118,0
94,118,0
95,118,0
96,118,0
97,118,0
98,118,0
99,118,0
100,118,0
101,118,0
102,118,0
103,118,0
104,118,0
105,118,0
106,118,0
107,118,0
108,118,0
109,118,0
110,118,0
111,118,0
112,118,0
113,118,0
114,118,0
115,118,0
116,118,0
117,118,0
118,118,0
119,118,0
120,118,0
121,118,0
122,118,0
123,118,0
124,118,0
125,118,0
126,118,0
127,118,0
128,118,0
129,118,0
130,118,0
131,118,0
132,118,0
133,118,0
134,118,0
135,118,0
136,118,0
137,118,0
138,118,0
139,118,0
140,118,0
141,118,0
142,118,0
143,118,0
144,118,0
145,118,0
146,118,0
147,118,0
148,118,0
149,118,0
150,118,0
151,118,0
152,118,0
153,118,0
154,118,0
155,118,0
156,118,0
157,118,0
158,118,0
159,118,0
160,118,0
161,118,0
162,118,0
163,118,0
164,118,0
165,118,0
166,118,0
167,118,0
168,118,0
169,118,0
170,118,0
171,118,0
172,118,0
173,118,0
174,118,0
175,118,10
176,118,9
177,118,8
178,118,7
179,118,7
180,118,7
181,118,6
182,118,6
183,118,6
184,118,6
185,118,6
186,118,6
187,118,5
188,118,5
189,118,5
190,118,5
191,118,5
192,118,5
193,118,5
194,118,5
195,118,5
196,118,5
197,118,4
198,118,4
199,118,4
200,118,4
201,118,4
202,118,4
203,118,4
204,118,4
205,118,4
206,118,4
207,118,4
208,118,4
209,118,4
210,118,4
211,118,4
212,118,4
213,118,4
214,118,4
215,118,4
216,118,3
217,118,3
218,118,3
219,118,3
220,118,3
221,118,3
222,118,3
223,118,3
224,118,3
225,118,3
226,118,3
227,118,3
228,118,3
229,118,3
230,118,3
231,118,3
232,118,3
233,118,3
234,118,3
235,118,3
236,118,3
237,118,3
238,118,3
239,118,3
240,118,3
241,118,3
242,118,3
243,118,3
244,118,3
245,118,3
246,118,3
247,118,3
248,118,3
249,118,3
250,118,3
251,118,3
252,118,3
253,118,3
254,118,3
255,118,3
0,119,20
1,119,22
2,119,23
3,119,27
4,119,33
5,119,47
6,119,0
7,119,0
8,119,0
9,119,0
10,119,0
11,119,0
12,119,0
13,119,0
14,119,0
15,119,0
16,119,0
17,119,0
18,119,0
19,119,0
20,119,0
21,119,0
22,119,0
23,119,0
24,119,0
25,119,0
26,119,0
27,119,0
28,119,0
29,119,0
30,119,0
31,119,0
32,119,0
33,119,0
34,119,0
35,119,0
36,119,0
37,119,0
38,119,0
39,119,0
40,119,0
41,119,0
42,119,0
43,119,0
44,119,0
45,119,0
46,119,0
47,119,0
48,119,0
49,119,0
50,119,0
51,119,0
52,119,0
53,119,0
54,119,30
55,119,0
56,119,0
57,119,30
58,119,28
59,119,0
60,119,27
61,119,28
62,119,32
63,119,32
64,119,34
65,119,37
66,119,43
67,119,53
68,119,15
69,119,0
70,119,0
71,119,0
72,119,0
73,119,0
74,119,0
75,119,0
76,119,0
77,119,0
78,119,0
79,119,0
80,119,0
81,119,0
82,119,0
83,119,0
84,119,0
85,119,0
86,119,0
87,119,0
88,119,0
89,119,0
90,119,0
91,119,0
92,119,0
93,119,0
94,119,0
95,119,0
96,119,0
97,119,0
98,119,0
99,119,0
100,119,0
101,119,0
102,119,0
103,119,0
104,119,0
105,119,0
106,119,0
107,119,0
108,119,0
109,119,0
110,119,0
111,119,0
112,119,0
113,119,0
114,119,0
115,119,0
116,119,0
117,119,0
118,119,0
119,119,0
120,119,0
121,119,0
122,119,0
123,119,0
124,119,0
125,119,0
126,119,0
127,119,0
128,119,0
129,119,0
130,119,0
131,119,0
132,119,0
133,119,0
134,119,0
135,119,0
136,119,0
137,119,0
138,119,0
139,119,0
140,119,0
141,119,0
142,119,0
143,119,0
144,119,0
145,119,0
146,119,0
147,119,0
148,119,0
149,119,0
150,119,0
151,119,0
152,119,0
153,119,0
154,119,0
155,119,0
156,119,0
157,119,0
158,119,0
159,119,0
160,119,0
161,119,0
162,119,0
163,119,0
164,119,0
165,119,0
166,119,0
167,119,0
168,119,0
169,119,0
170,119,0
171,119,0
172,119,0
173,119,51
174,119,11
175,119,9
176,119,8
177,119,8
178,119,7
179,119,7
180,119,7
181,119,6
182,119,6
183,119,6
184,119,6
185,119,6
186,119,6
187,119,5
188,119,5
189,119,5
190,119,5
191,119,5
192,119,5
193,119,5
194,119,5
195,119,5
196,119,5
197,119,4
198,119,4
199,119,4
200,119,4
201,119,4
202,119,4
203,119,4
204,119,4
205,119,4
206,119,4
207,119,4
208,119,4
209,119,4
210,119,4
211,119,4
212,119,4
213,119,4
214,119,4
215,119,4
216,119,3
217,119,3
218,119,3
219,119,3
220,119,3
221,119,3
222,119,3
223,119,3
224,119,3
225,119,3
226,119,3
227,119,3
228,119,3
229,119,3
230,119,3
231,119,3
232,119,3
233,119,3
234,119,3
235,119,3
236,119,3
237,119,3
238,119,3
239,119,3
240,119,3
241,119,3
242,119,3
243,119,3
244,119,3
245,119,3
246,119,3
247,119,3
248,119,3
249,119,3
250,119,3
251,119,3
252,119,3
253,119,3
254,119,3
255,119,3
0,120,30
1,120,37
2,120,53
3,120,0
4,120,0
5,120,0
6,120,0
7,120,0
8,120,0
9,120,0
10,120,0
11,120,0
12,120,0
13,120,0
14,120,0
15,120,0
16,120,0
17,120,0
18,120,0
19,120,0
20,120,0
21,120,0
22,120,0
23,120,0
24,120,0
25,120,0
26,120,0
27,120,0
28,120,0
29,120,0
30,120,0
31,120,0
32,120,0
33,120,0
34,120,0
35,120,0
36,120,0
37,120,0
38,120,0
39,120,0
40,120,0
41,120,0
42,120,0
43,120,0
44,120,0
45,120,0
46,120,0
47,120,0
48,120,0
49,120,0
50,120,0
51,120,0
52,120,0
53,120,0
54,120,0
55,120,0
56,120,0
57,120,0
58,120,49
59,120,0
60,120,50
61,120,42
62,120,43
63,120,48
64,120,59
65,120,22
66,120,0
67,120,0
68,120,0
69,120,0
70,120,0
71,120,0
72,120,0
73,120,0
74,120,0
75,120,0
76,120,0
77,120,0
78,120,0
79,120,0
80,120,0
81,120,0
82,120,0
83,120,0
84,120,0
85,120,0
86,120,0
87,120,0
88,120,0
89,120,0
90,120,0
91,120,0
92,120,0
93,120,0
94,120,0
95,120,0
96,120,0
97,120,0
98,120,0
99,120,0
100,120,0
101,120,0
102,120,0
103,120,0
104,120,0
105,120,0
106,120,0
107,120,0
108,120,0
109,120,0
110,120,0
111,120,0
112,120,0
113,120,0
114,120,0
115,120,0
116,120,0
117,120,0
118,120,0
119,120,0
120,120,0
121,120,0
122,120,0
123,120,0
124,120,0
125,120,0
126,120,0
127,120,0
128,120,0
129,120,0
130,120,0
131,120,0
132,120,0
133,120,0
134,120,0
135,120,0
136,120,0
137,120,0
138,120,0
139,120,0
140,120,0
141,120,0
142,120,0
143,120,0
144,120,0
145,120,0
146,120,0
147,120,0
148,120,0
149,120,0
150,120,0
151,120,0
152,120,0
153,120,0
154,120,0
155,120,0
156,120,0
157,120,0
158,120,0
159,120,0
160,120,0
161,120,0
162,120,0
163,120,0
164,120,0
165,120,0
166,120,0
167,120,0
168,120,0
169,120,0
170,120,0
171,120,0
172,120,0
173,120,11
174,120,9
175,120,9
176,120,8
177,120,7
178,120,7
179,120,7
180,120,7
181,120,6
182,120,6
183,120,6
184,120,6
185,120,6
186,120,6
187,120,5
188,120,5
189,120,5
190,120,5
191,120,5
192,120,5
193,120,5
194,120,5
195,120,5
196,120,5
197,120,4
198,120,4
199,120,4
200,120,4
201,120,4
202,120,4
203,120,4
204,120,4
205,120,4
206,120,4
207,120,4
208,120,4
209,120,4
210,120,4
211,120,4
212,120,4
213,120,4
214,120,4
215,120,4
216,120,3
217,120,3
218,120,3
219,120,3
220,120,3
221,120,3
222,120,3
223,120,3
224,120,3
225,120,3
226,120,3
227,120,3
228,120,3
229,120,3
230,120,3
231,120,3
232,120,3
233,120,3
234,120,3
235,120,3
236,120,3
237,120,3
238,120,3
239,120,3
240,120,3
241,120,3
242,120,3
243,120,3
244,120,3
245,120,3
246,120,3
247,120,3
248,120,3
249,120,3
250,120,3
251,120,3
252,120,3
253,120,3
254,120,3
255,120,3
0,121,0
1,121,0
2,121,0
3,121,0
4,121,0
5,121,0
6,121,0
7,121,0
8,121,0
9,121,0
10,121,0
11,121,0
12,121,0
13,121,0
14,121,0
15,121,0
16,121,0
17,121,0
18,121,0
19,121,0
20,121,0
21,121,0
22,121,0
23,121,0
24,121,0
25,121,0
26,121,0
27,121,0
28,121,0
29,121,0
30,121,0
31,121,0
32,121,0
33,121,0
34,121,0
35,121,0
36,121,0
37,121,0
38,121,0
39,121,0
40,121,0
41,121,0
42,121,0
43,121,0
44,121,0
45,121,0
46,121,0
47,121,0
48,121,0
49,121,0
50,121,0
51,121,0
52,121,0
53,121,0
54,121,0
55,121,0
56,121,0
57,121,0
58,121,0
59,121,0
60,121,0
61,121,0
62,121,0
63,121,0
64,121,0
65,121,0
66,121,0
67,121,0
68,121,0
69,121,0
70,121,0
71,121,0
72,121,0
73,121,0
74,121,0
75,121,0
76,121,0
77,121,0
78,121,0
79,121,0
80,121,0
81,121,0
82,121,0
83,121,0
84,121,0
85,121,0
86,121,0
87,121,0
88,121,0
89,121,0
90,121,0
91,121,0
92,121,0
93,121,0
94,121,0
95,121,0
96,121,0
97,121,0
98,121,0
99,121,0
100,121,0
101,121,0
102,121,0
103,121,0
104,121,0
105,121,0
106,121,0
107,121,0
108,121,0
109,121,0
110,121,0
111,121,0
112,121,0
113,121,0
114,121,0
115,121,0
116,121,0
117,121,0
118,121,0
119,121,0
120,121,0
121,121,0
122,121,0
123,121,0
124,121,0
125,121,0
126,121,0
127,121,0
128,121,0
129,121,0
130,121,0
131,121,0
132,121,0
133,121,0
134,121,0
135,121,0
136,121,0
137,121,0
138,121,0
139,121,0
140,121,0
141,121,0
142,121,0
143,121,0
144,121,0
145,121,0
146,121,0
147,121,0
148,121,0
149,121,0
150,121,0
151,121,0
152,121,0
153,121,0
154,121,0
155,121,0
156,121,0
157,121,0
158,121,0
159,121,0
160,121,0
161,121,0
162,121,0
163,121,0
164,121,0
165,121,0
166,121,0
167,121,0
168,121,0
169,121,0
170,121,0
171,121,0
172,121,12
173,121,10
174,121,9
175,121,8
176,121,8
177,121,7
178,121,7
179,121,7
180,121,7
181,121,6
182,121,6
183,121,6
184,121,6
185,121,6
186,121,6
187,121,5
188,121,5
189,121,5
190,121,5
191,121,5
192,121,5
193,121,5
194,121,5
195,121,5
196,121,5
197,121,4
198,121,4
199,121,4
200,121,4
201,121,4
202,121,4
203,121,4
204,121,4
205,121,4
206,121,4
207,121,4
208,121,4
209,121,4
210,121,4
211,121,4
212,121,4
213,121,4
214,121,4
215,121,4
216,121,3
217,121,3
218,121,3
219,121,3
220,121,3
221,121,3
222,121,3
223,121,3
224,121,3
225,121,3
226,121,3
227,121,3
228,121,3
229,121,3
230,121,3
231,121,3
232,121,3
233,121,3
234,121,3
235,121,3
236,121,3
237,121,3
238,121,3
239,121,3
240,121,3
241,121,3
242,121,3
243,121,3
244,121,3
245,121,3
246,121,3
247,121,3
248,121,3
249,121,3
250,121,3
251,121,3
252,121,3
253,121,3
254,121,3
255,121,3
0,122,0
1,122,0
2,122,0
3,122,0
4,122,0
5,122,0
6,122,0
7,122,0
8,122,0
9,122,0
10,122,0
11,122,0
12,122,0
13,122,0
14,122,0
15,122,0
16,122,0
17,122,0
18,122,0
19,122,0
20,122,0
21,122,0
22,122,0
23,122,0
24,122,0
25,122,0
26,122,0
27,122,0
28,122,0
29,122,0
30,122,0
31,122,0
32,122,0
33,122,0
34,122,0
35,122,0
36,122,0
37,122,0
38,122,0
39,122,0
40,122,0
41,122,0
42,122,0
43,122,0
44,122,0
45,122,0
46,122,0
47,122,0
48,122,0
49,122,0
50,122,0
51,122,0
52,122,0
53,122,0
54,122,0
55,122,0
56,122,0
57,122,0
58,122,0
59,122,0
60,122,0
61,122,0
62,122,0
63,122,0
64,122,0
65,122,0
66,122,0
67,122,0
68,122,0
69,122,0
70,122,0
71,122,0
72,122,0
73,122,0
74,122,0
75,122,0
76,122,0
77,122,0
78,122,0
79,122,0
80,122,0
81,122,0
82,122,0
83,122,0
84,122,0
85,122,0
86,122,0
87,122,0
88,122,0
89,122,0
90,122,0
91,122,0
92,122,0
93,122,0
94,122,0
95,122,0
96,122,0
97,122,0
98,122,0
99,122,0
100,122,0
101,122,0
102,122,0
103,122,0
104,122,0
105,122,0
106,122,0
107,122,0
108,122,0
109,122,0
110,122,0
111,122,0
112,122,0
113,122,0
114,122,0
115,122,0
116,122,0
117,122,0
118,122,0
119,122,0
120,122,0
121,122,0
122,122,0
123,122,0
124,122,0
125,122,0
126,122,0
127,122,0
128,122,0
129,122,0
130,122,0
131,122,0
132,122,0
133,122,0
134,122,0
135,122,0
136,122,0
137,122,0
138,122,0
139,122,0
140,122,0
141,122,0
142,122,0
143,122,0
144,122,0
145,122,0
146,122,0
147,122,0
148,122,0
149,122,0
150,122,0
151,122,0
152,122,0
153,122,0
154,122,0
155,122,0
156,122,0
157,122,0
158,122,0
159,122,0
160,122,0
161,122,0
162,122,0
163,122,0
164,122,0
165,122,0
166,122,0
167,122,0
168,122,0
169,122,0
170,122,0
171,122,11
172,122,10
173,122,9
174,122,8
175,122,8
176,122,8
177,122,7
178,122,7
179,122,7
180,122,7
181,122,6
182,122,6
183,122,6
184,122,6
185,122,6
186,122,6
187,122,5
188,122,5
189,122,5
190,122,5
191,122,5
192,122,5
193,122,5
194,122,5
195,122,5
196,122,5
197,122,4
198,122,4
199,122,4
200,122,4
201,122,4
202,122,4
203,122,4
204,122,4
205,122,4
206,122,4
207,122,4
208,122,4
209,122,4
210,122,4
211,122,4
212,122,4
213,122,4
214,122,4
215,122,4
216,122,3
217,122,3
218,122,3
219,122,3
220,122,3
221,122,3
222,122,3
223,122,3
224,122,3
225,122,3
226,122,3
227,122,3
228,122,3
229,122,3
230,122,3
231,122,3
232,122,3
233,122,3
234,122,3
235,122,3
236,122,3
237,122,3
238,122,3
239,122,3
240,122,3
241,122,3
242,122,3
243,122,3
244,122,3
245,122,3
246,122,3
247,122,3
248,122,3
249,122,3
250,122,3
251,122,3
252,122,3
253,122,3
254,122,3
255,122,3
0,123,0
1,123,0
2,123,0
3,123,0
4,123,0
5,123,0
6,123,0
7,123,0
8,123,0
9,123,0
10,123,0
11,123,0
12,123,0
13,123,0
14,123,0
15,123,0
16,123,0
17,123,0
18,123,0
19,123,0
20,123,0
21,123,0
22,123,0
23,123,0
24,123,0
25,123,0
26,123,0
27,123,0
28,123,0
29,123,0
30,123,0
31,123,0
32,123,0
33,123,0
34,123,0
35,123,0
36,123,0
37,123,0
38,123,0
39,123,0
40,123,0
41,123,0
42,123,0
43,123,0
44,123,0
45,123,0
46,123,0
47,123,0
48,123,0
49,123,0
50,123,0
51,123,0
52,123,0
53,123,0
54,123,0
55,123,0
56,123,0
57,123,0
58,123,0
59,123,0
60,123,0
61,123,0
62,123,0
63,123,0
64,123,0
65,123,0
66,123,0
67,123,0
68,123,0
69,123,0
70,123,0
71,123,0
72,123,0
73,123,0
74,123,0
75,123,0
76,123,0
77,123,0
78,123,0
79,123,0
80,123,0
81,123,0
82,123,0
83,123,0
84,123,0
85,123,0
86,123,0
87,123,0
88,123,0
89,123,0
90,123,0
91,123,0
92,123,0
93,123,0
94,123,0
95,123,0
96,123,0
97,123,0
98,123,0
99,123,0
100,123,0
101,123,0
102,123,0
103,123,0
104,123,0
105,123,0
106,123,0
107,123,0
108,123,0
109,123,0
110,123,0
111,123,0
112,123,0
113,123,0
114,123,0
115,123,0
116,123,0
117,123,0
118,123,0
119,123,0
120,123,0
121,123,0
122,123,0
123,123,0
124,123,0
125,123,0
126,123,0
127,123,0
128,123,0
129,123,0
130,123,0
131,123,0
132,123,0
133,123,0
134,123,0
135,123,0
136,123,0
137,123,0
138,123,0
139,123,0
140,123,0
141,123,0
142,123,0
143,123,0
144,123,0
145,123,0
146,123,0
147,123,0
148,123,0
149,123,0
150,123,0
151,123,0
152,123,0
153,123,0
154,123,0
155,123,0
156,123,0
157,123,0
158,123,0
159,123,0
160,123,0
161,123,0
162,123,0
163,123,0
164,123,0
165,123,0
166,123,0
167,123,0
168,123,0
169,123,14
170,123,11
171,123,10
172,123,9
173,123,9
174,123,8
175,123,8
176,123,7
177,123,7
178,123,7
179,123,7
180,123,6
181,123,6
182,123,6
183,123,6
184,123,6
185,123,6
186,123,6
187,123,5
188,123,5
189,123,5
190,123,5
191,123,5
192,123,5
193,123,5
194,123,5
195,123,5
196,123,5
197,123,4
198,123,4
199,123,4
200,123,4
201,123,4
202,123,4
203,123,4
204,123,4
205,123,4
206,123,4
207,123,4
208,123,4
209,123,4
210,123,4
211,123,4
212,123,4
213,123,4
214,123,4
215,123,4
216,123,3
217,123,3
218,123,3
219,123,3
220,123,3
221,123,3
222,123,3
223,123,3
224,123,3
225,123,3
226,123,3
227,123,3
228,123,3
229,123,3
230,123,3
231,123,3
232,123,3
233,123,3
234,123,3
235,123,3
236,123,3
237,123,3
238,123,3
239,123,3
240,123,3
241,123,3
242,123,3
243,123,3
244,123,3
245,123,3
246,123,3
247,123,3
248,123,3
249,123,3
250,123,3
251,123,3
252,123,3
253,123,3
254,123,3
255,123,3
0,124,0
1,124,0
2,124,0
3,124,0
4,124,0
5,124,0
6,124,0
7,124,0
8,124,0
9,124,0
10,124,0
11,124,0
12,124,0
13,124,0
14,124,0
15,124,0
16,124,0
17,124,0
18,124,0
19,124,0
20,124,0
21,124,0
22,124,0
23,124,0
24,124,0
25,124,0
26,124,0
27,124,0
28,124,0
29,124,0
30,124,0
31,124,0
32,124,0
33,124,0
34,124,0
35,124,0
36,124,0
37,124,0
38,124,0
39,124,0
40,124,0
41,124,0
42,124,0
43,124,0
44,124,0
45,124,0
46,124,0
47,124,0
48,124,0
49,124,0
50,124,0
51,124,0
52,124,0
53,124,0
54,124,0
55,124,0
56,124,0
57,124,0
58,124,0
59,124,0
60,124,0
61,124,0
62,124,0
63,124,0
64,124,0
65,124,0
66,124,0
67,124,0
68,124,0
69,124,0
70,124,0
71,124,0
72,124,0
73,124,0
74,124,0
75,124,0
76,124,0
77,124,0
78,124,0
79,124,0
80,124,0
81,124,0
82,124,0
83,124,0
84,124,0
85,124,0
86,124,0
87,124,0
88,124,0
89,124,0
90,124,0
91,124,0
92,124,0
93,124,0
94,124,0
95,124,0
96,124,0
97,124,0
98,124,0
99,124,0
100,124,0
101,124,0
102,124,0
103,124,0
104,124,0
105,124,0
106,124,0
107,124,0
108,124,0
109,124,0
110,124,0
111,124,0
112,124,0
113,124,0
114,124,0
115,124,0
116,124,0
117,124,0
118,124,0
119,124,0
120,124,0
121,124,0
122,124,0
123,124,0
124,124,0
125,124,0
126,124,0
127,124,0
128,124,0
129,124,0
130,124,0
131,124,0
132,124,0
133,124,0
134,124,0
135,124,0
136,124,0
137,124,0
138,124,0
139,124,0
140,124,0
141,124,0
142,124,0
143,124,0
144,124,0
145,124,0
146,124,0
147,124,0
148,124,0
149,124,0
150,124,0
151,124,0
152,124,0
153,124,0
154,124,0
155,124,0
156,124,0
157,124,0
158,124,0
159,124,0
160,124,0
161,124,0
162,124,0
163,124,0
164,124,0
165,124,0
166,124,0
167,124,0
168,124,13
169,124,11
170,124,10
171,124,9
172,124,9
173,124,8
174,124,8
175,124,8
176,124,7
177,124,7
178,124,7
179,124,7
180,124,6
181,124,6
182,124,6
183,124,6
184,124,6
185,124,6
186,124,6
187,124,5
188,124,5
189,124,5
190,124,5
191,124,5
192,124,5
193,124,5
194,124,5
195,124,5
196,124,5
197,124,4
198,124,4
199,124,4
200,124,4
201,124,4
202,124,4
203,124,4
204,124,4
205,124,4
206,124,4
207,124,4
208,124,4
209,124,4
210,124,4
211,124,4
212,124,4
213,124,4
214,124,4
215,124,4
216,124,3
217,124,3
218,124,3
219,124,3
220,124,3
221,124,3
222,124,3
223,124,3
224,124,3
225,124,3
226,124,3
227,124,3
228,124,3
229,124,3
230,124,3
231,124,3
232,124,3
233,124,3
234,124,3
235,124,3
236,124,3
237,124,3
238,124,3
239,124,3
240,124,3
241,124,3
242,124,3
243,124,3
244,124,3
245,124,3
246,124,3
247,124,3
248,124,3
249,124,3
250,124,3
251,124,3
252,124,3
253,124,3
254,124,3
255,124,3
0,125,0
1,125,0
2,125,0
3,125,0
4,125,0
5,125,0
6,125,0
7,125,0
8,125,0
9,125,0
10,125,0
11,125,0
12,125,0
13,125,0
14,125,0
15,125,0
16,125,0
17,125,0
18,125,0
19,125,0
20,125,0
21,125,0
22,125,0
23,125,0
24,125,0
25,125,0
26,125,0
27,125,0
28,125,0
29,125,0
30,125,0
31,125,0
32,125,0
33,125,0
34,125,0
35,125,0
36,125,0
37,125,0
38,125,0
39,125,0
40,125,0
41,125,0
42,125,0
43,125,0
44,125,0
45,125,0
46,125,0
47,125,0
48,125,0
49,125,0
50,125,0
51,125,0
52,125,0
53,125,0
54,125,0
55,125,0
56,125,0
57,125,0
58,125,0
59,125,0
60,125,0
61,125,0
62,125,0
63,125,0
64,125,0
65,125,0
66,125,0
67,125,0
68,125,0
69,125,0
70,125,0
71,125,0
72,125,0
73,125,0
74,125,0
75,125,0
76,125,0
77,125,0
78,125,0
79,125,0
80,125,0
81,125,0
82,125,0
83,125,0
84,125,0
85,125,0
86,125,0
87,125,0
88,125,0
89,125,0
90,125,0
91,125,0
92,125,0
93,125,0
94,125,0
95,125,0
96,125,0
97,125,0
98,125,0
99,125,0
100,125,0
101,125,0
102,125,0
103,125,0
104,125,0
105,125,0
106,125,0
107,125,0
108,125,0
109,125,0
110,125,0
111,125,0
112,125,0
113,125,0
114,125,0
115,125,0
116,125,0
117,125,0
118,125,0
119,125,0
120,125,0
121,125,0
122,125,0
123,125,0
124,125,0
125,125,0
126,125,0
127,125,0
128,125,0
129,125,0
130,125,0
131,125,0
132,125,0
133,125,0
134,125,0
135,125,0
136,125,0
137,125,0
138,125,0
139,125,0
140,125,0
141,125,0
142,125,0
143,125,0
144,125,0
145,125,0
146,125,0
147,125,0
148,125,0
149,125,0
150,125,0
151,125,0
152,125,0
153,125,0
154,125,0
155,125,0
156,125,0
157,125,0
158,125,0
159,125,0
160,125,0
161,125,0
162,125,0
163,125,0
164,125,0
165,125,0
166,125,17
167,125,13
168,125,11
169,125,11
170,125,10
171,125,9
172,125,9
173,125,8
174,125,8
175,125,8
176,125,7
177,125,7
178,125,7
179,125,7
180,125,6
181,125,6
182,125,6
183,125,6
184,125,6
185,125,6
186,125,6
187,125,5
188,125,5
189,125,5
190,125,5
191,125,5
192,125,5
193,125,5
194,125,5
195,125,5
196,125,5
197,125,4
198,125,4
199,125,4
200,125,4
201,125,4
202,125,4
203,125,4
204,125,4
205,125,4
206,125,4
207,125,4
208,125,4
209,125,4
210,125,4
211,125,4
212,125,4
213,125,4
214,125,4
215,125,4
216,125,3
217,125,3
218,125,3
219,125,3
220,125,3
221,125,3
222,125,3
223,125,3
224,125,3
225,125,3
226,125,3
227,125,3
228,125,3
229,125,3
230,125,3
231,125,3
232,125,3
233,125,3
234,125,3
235,125,3
236,125,3
237,125,3
238,125,3
239,125,3
240,125,3
241,125,3
242,125,3
243,125,3
244,125,3
245,125,3
246,125,3
247,125,3
248,125,3
249,125,3
250,125,3
251,125,3
252,125,3
253,125,3
254,125,3
255,125,3
0,126,0
1,126,0
2,126,0
3,126,0
4,126,0
5,126,0
6,126,0
7,126,0
8,126,0
9,126,0
10,126,0
11,126,0
12,126,0
13,126,0
14,126,0
15,126,0
16,126,0
17,126,0
18,126,0
19,126,0
20,126,0
21,126,0
22,126,0
23,126,0
24,126,0
25,126,0
26,126,0
27,126,0
28,126,0
29,126,0
30,126,0
31,126,0
32,126,0
33,126,0
34,126,0
35,126,0
36,126,0
37,126,0
38,126,0
39,126,0
40,126,0
41,126,0
42,126,0
43,126,0
44,126,0
45,126,0
46,126,0
47,126,0
48,126,0
49,126,0
50,126,0
51,126,0
52,126,0
53,126,0
54,126,0
55,126,0
56,126,0
57,126,0
58,126,0
59,126,0
60,126,0
61,126,0
62,126,0
63,126,0
64,126,0
65,126,0
66,126,0
67,126,0
68,126,0
69,126,0
70,126,0
71,126,0
72,126,0
73,126,0
74,126,0
75,126,0
76,126,0
77,126,0
78,126,0
79,126,0
80,126,0
81,126,0
82,126,0
83,126,0
84,126,0
85,126,0
86,126,0
87,126,0
88,126,0
89,126,0
90,126,0
91,126,0
92,126,0
93,126,0
94,126,0
95,126,0
96,126,0
97,126,0
98,126,0
99,126,0
100,126,0
101,126,0
102,126,0
103,126,0
104,126,0
105,126,0
106,126,0
107,126,0
108,126,0
109,126,0
110,126,0
111,126,0
112,126,0
113,126,0
114,126,0
115,126,0
116,126,0
117,126,0
118,126,0
119,126,0
120,126,0
121,126,0
122,126,0
123,126,0
124,126,0
125,126,0
126,126,0
127,126,0
128,126,0
129,126,0
130,126,0
131,126,0
132,126,0
133,126,0
134,126,0
135,126,0
136,126,0
137,126,0
138,126,0
139,126,0
140,126,0
141,126,0
142,126,0
143,126,0
144,126,0
145,126,0
146,126,0
147,126,0
148,126,0
149,126,0
150,126,0
151,126,0
152,126,0
153,126,0
154,126,0
155,126,0
156,126,0
157,126,0
158,126,0
159,126,0
160,126,0
161,126,0
162,126,0
163,126,0
164,126,19
165,126,15
166,126,13
167,126,12
168,126,11
169,126,10
170,126,10
171,126,9
172,126,9
173,126,8
174,126,8
175,126,8
176,126,7
177,126,7
178,126,7
179,126,7
180,126,6
181,126,6
182,126,6
183,126,6
184,126,6
185,126,6
186,126,6
187,126,5
188,126,5
189,126,5
190,126,5
191,126,5
192,126,5
193,126,5
194,126,5
195,126,5
196,126,5
197,126,4
198,126,4
199,126,4
200,126,4
201,126,4
202,126,4
203,126,4
204,126,4
205,126,4
206,126,4
207,126,4
208,126,4
209,126,4
210,126,4
211,126,4
212,126,4
213,126,4
214,126,4
215,126,4
216,126,3
217,126,3
218,126,3
219,126,3
220,126,3
221,126,3
222,126,3
223,126,3
224,126,3
225,126,3
226,126,3
227,126,3
228,126,3
229,126,3
230,126,3
231,126,3
232,126,3
233,126,3
234,126,3
235,126,3
236,126,3
237,126,3
238,126,3
239,126,3
240,126,3
241,126,3
242,126,3
243,126,3
244,126,3
245,126,3
246,126,3
247,126,3
248,126,3
249,126,3
250,126,3
251,126,3
252,126,3
253,126,3
254,126,3
255,126,3
0,127,0
1,127,0
2,127,0
3,127,0
4,127,0
5,127,0
6,127,0
7,127,0
8,127,0
9,127,0
10,127,0
11,127,0
12,127,0
13,127,0
14,127,0
15,127,0
16,127,0
17,127,0
18,127,0
19,127,0
20,127,0
21,127,0
22,127,0
23,127,0
24,127,0
25,127,0
26,127,0
27,127,0
28,127,0
29,127,0
30,127,0
31,127,0
32,127,0
33,127,0
34,127,0
35,127,0
36,127,0
37,127,0
38,127,0
39,127,0
40,127,0
41,127,0
42,127,0
43,127,0
44,127,0
45,127,0
46,127,0
47,127,0
48,127,0
49,127,0
50,127,0
51,127,0
52,127,0
53,127,0
54,127,0
55,127,0
56,127,0
57,127,0
58,127,0
59,127,0
60,127,0
61,127,0
62,127,0
63,127,0
64,127,0
65,127,0
66,127,0
67,127,0
68,127,0
69,127,0
70,127,0
71,127,0
72,127,0
73,127,0
74,127,0
75,127,0
76,127,0
77,127,0
78,127,0
79,127,0
80,127,0
81,127,0
82,127,0
83,127,0
84,127,0
85,127,0
86,127,0
87,127,0
88,127,0
89,127,0
90,127,0
91,127,0
92,127,0
93,127,0
94,127,0
95,127,0
96,127,0
97,127,0
98,127,0
99,127,0
100,127,0
101,127,0
102,127,0
103,127,0
104,127,0
105,127,0
106,127,0
107,127,0
108,127,0
109,127,0
110,127,0
111,127,0
112,127,0
113,127,0
114,127,0
115,127,0
116,127,0
117,127,0
118,127,0
119,127,0
120,127,0
121,127,0
122,127,0
123,127,0
124,127,0
125,127,0
126,127,0
127,127,0
128,127,0
129,127,0
130,127,0
131,127,0
132,127,0
133,127,0
134,127,0
135,127,0
136,127,0
137,127,0
138,127,0
139,127,0
140,127,0
141,127,0
142,127,0
143,127,0
144,127,0
145,127,0
146,127,0
147,127,0
148,127,0
149,127,0
150,127,0
151,127,0
152,127,0
153,127,0
154,127,0
155,127,0
156,127,0
157,127,0
158,127,0
159,127,0
160,127,0
161,127,34
162,127,23
163,127,19
164,127,16
165,127,14
166,127,13
167,127,12
168,127,11
169,127,10
170,127,10
171,127,9
172,127,9
173,127,8
174,127,8
175,127,8
176,127,7
177,127,7
178,127,7
179,127,7
180,127,6
181,127,6
182,127,6
183,127,6
184,127,6
185,127,6
186,127,6
187,127,5
188,127,5
189,127,5
190,127,5
191,127,5
192,127,5
193,127,5
194,127,5
195,127,5
196,127,5
197,127,4
198,127,4
199,127,4
200,127,4
201,127,4
202,127,4
203,127,4
204,127,4
205,127,4
206,127,4
207,127,4
208,127,4
209,127,4
210,127,4
211,127,4
212,127,4
213,127,4
214,127,4
215,127,4
216,127,3
217,127,3
218,127,3
219,127,3
220,127,3
221,127,3
222,127,3
223,127,3
224,127,3
225,127,3
226,127,3
227,127,3
228,127,3
229,127,3
230,127,3
231,127,3
232,127,3
233,127,3
234,127,3
235,127,3
236,127,3
237,127,3
238,127,3
239,127,3
240,127,3
241,127,3
242,127,3
243,127,3
244,127,3
245,127,3
246,127,3
247,127,3
248,127,3
249,127,3
250,127,3
251,127,3
252,127,3
253,127,3
254,127,3
255,127,3
0,128,0
1,128,0
2,128,0
3,128,0
4,128,0
5,128,0
6,128,0
7,128,0
8,128,0
9,128,0
10,128,0
11,128,0
12,128,0
13,128,0
14,128,0
15,128,0
16,128,0
17,128,0
18,128,0
19,128,0
20,128,0
21,128,0
22,128,0
23,128,0
24,128,0
25,128,0
26,128,0
27,128,0
28,128,0
29,128,0
30,128,0
31,128,0
32,128,0
33,128,0
34,128,0
35,128,0
36,128,0
37,128,0
38,128,0
39,128,0
40,128,0
41,128,0
42,128,0
43,128,0
44,128,0
45,128,0
46,128,0
47,128,0
48,128,0
49,128,0
50,128,0
51,128,0
52,128,0
53,128,0
54,128,0
55,128,0
56,128,0
57,128,0
58,128,0
59,128,0
60,128,0
61,128,0
62,128,0
63,128,0
64,128,0
65,128,0
66,128,0
67,128,0
68,128,0
69,128,0
70,128,0
71,128,0
72,128,0
73,128,0
74,128,0
75,128,0
76,128,0
77,128,0
78,128,0
79,128,0
80,128,0
81,128,0
82,128,0
83,128,0
84,128,0
85,128,0
86,128,0
87,128,0
88,128,0
89,128,0
90,128,0
91,128,0
92,128,0
93,128,0
94,128,0
95,128,0
96,128,0
97,128,0
98,128,0
99,128,0
100,128,0
101,128,0
102,128,0
103,128,0
104,128,0
105,128,0
106,128,0
107,128,0
108,128,0
109,128,0
110,128,0
111,128,0
112,128,0
113,128,0
114,128,0
115,128,0
116,128,0
117,128,0
118,128,0
119,128,0
120,128,0
121,128,0
122,128,0
123,128,0
124,128,0
125,128,0
126,128,0
127,128,0
128,128,0
129,128,0
130,128,0
131,128,0
132,128,0
133,128,0
134,128,0
135,128,0
136,128,0
137,128,0
138,128,0
139,128,0
140,128,0
141,128,0
142,128,0
143,128,0
144,128,0
145,128,0
146,128,0
147,128,0
148,128,0
149,128,0
150,128,0
151,128,0
152,128,0
153,128,0
154,128,0
155,128,0
156,128,0
157,128,0
158,128,0
159,128,0
160,128,0
161,128,34
162,128,23
163,128,19
164,128,16
165,128,14
166,128,13
167,128,12
168,128,11
169,128,10
170,128,10
171,128,9
172,128,9
173,128,8
174,128,8
175,128,8
176,128,7
177,128,7
178,128,7
179,128,7
180,128,6
181,128,6
182,128,6
183,128,6
184,128,6
185,128,6
186,128,6
187,128,5
188,128,5
189,128,5
190,128,5
191,128,5
192,128,5
193,128,5
194,128,5
195,128,5
196,128,5
197,128,4
198,128,4
199,128,4
200,128,4
201,128,4
202,128,4
203,128,4
204,128,4
205,128,4
206,128,4
207,128,4
208,128,4
209,128,4
210,128,4
211,128,4
212,128,4
213,128,4
214,128,4
215,128,4
216,128,3
217,128,3
218,128,3
219,128,3
220,128,3
221,128,3
222,128,3
223,128,3
224,128,3
225,128,3
226,128,3
227,128,3
228,128,3
229,128,3
230,128,3
231,128,3
232,128,3
233,128,3
234,128,3
235,128,3
236,128,3
237,128,3
238,128,3
239,128,3
240,128,3
241,128,3
242,128,3
243,128,3
244,128,3
245,128,3
246,128,3
247,128,3
248,128,3
249,128,3
250,128,3
251,128,3
252,128,3
253,128,3
254,128,3
255,128,3
0,129,0
1,129,0
2,129,0
3,129,0
4,129,0
5,129,0
6,129,0
7,129,0
8,129,0
9,129,0
10,129,0
11,129,0
12,129,0
13,129,0
14,129,0
15,129,0
16,129,0
17,129,0
18,129,0
19,129,0
20,129,0
21,129,0
22,129,0
23,129,0
24,129,0
25,129,0
26,129,0
27,129,0
28,129,0
29,129,0
30,129,0
31,129,0
32,129,0
33,129,0
34,129,0
35,129,0
36,129,0
37,129,0
38,129,0
39,129,0
40,129,0
41,129,0
42,129,0
43,129,0
44,129,0
45,129,0
46,129,0
47,129,0
48,129,0
49,129,0
50,129,0
51,129,0
52,129,0
53,129,0
54,129,0
55,129,0
56,129,0
57,129,0
58,129,0
59,129,0
60,129,0
61,129,0
62,129,0
63,129,0
64,129,0
65,129,0
66,129,0
67,129,0
68,129,0
69,129,0
70,129,0
71,129,0
72,129,0
73,129,0
74,129,0
75,129,0
76,129,0
77,129,0
78,129,0
79,129,0
80,129,0
81,129,0
82,129,0
83,129,0
84,129,0
85,129,0
86,129,0
87,129,0
88,129,0
89,129,0
90,129,0
91,129,0
92,129,0
93,129,0
94,129,0
95,129,0
96,129,0
97,129,0
98,129,0
99,129,0
100,129,0
101,129,0
102,129,0
103,129,0
104,129,0
105,129,0
106,129,0
107,129,0
108,129,0
109,129,0
110,129,0
111,129,0
112,129,0
113,129,0
114,129,0
115,129,0
116,129,0
117,129,0
118,129,0
119,129,0
120,129,0
121,129,0
122,129,0
123,129,0
124,129,0
125,129,0
126,129,0
127,129,0
128,129,0
129,129,0
130,129,0
131,129,0
132,129,0
133,129,0
134,129,0
135,129,0
136,129,0
137,129,0
138,129,0
139,129,0
140,129,0
141,129,0
142,129,0
143,129,0
144,129,0
145,129,0
146,129,0
147,129,0
148,129,0
149,129,0
150,129,0
151,129,0
152,129,0
153,129,0
154,129,0
155,129,0
156,129,0
157,129,0
158,129,0
159,129,0
160,129,0
161,129,34
162,129,23
163,129,19
164,129,16
165,129,14
166,129,13
167,129,12
168,129,11
169,129,10
170,129,10
171,129,9
172,129,9
173,129,8
174,129,8
175,129,8
176,129,7
177,129,7
178,129,7
179,129,7
180,129,6
181,129,6
182,129,6
183,129,6
184,129,6
185,129,6
186,129,6
187,129,5
188,129,5
189,129,5
190,129,5
191,129,5
192,129,5
193,129,5
194,129,5
195,129,5
196,129,5
197,129,4
198,129,4
199,129,4
200,129,4
201,129,4
202,129,4
203,129,4
204,129,4
205,129,4
206,129,4
207,129,4
208,129,4
209,129,4
210,129,4
211,129,4
212,129,4
213,129,4
214,129,4
215,129,4
216,129,3
217,129,3
218,129,3
219,129,3
220,129,3
221,129,3
222,129,3
223,129,3
224,129,3
225,129,3
226,129,3
227,129,3
228,129,3
229,129,3
230,129,3
231,129,3
232,129,3
233,129,3
234,129,3
235,129,3
236,129,3
237,129,3
238,129,3
239,129,3
240,129,3
241,129,3
242,129,3
243,129,3
244,129,3
245,129,3
246,129,3
247,129,3
248,129,3
249,129,3
250,129,3
251,129,3
252,129,3
253,129,3
254,129,3
255,129,3
0,130,0
1,130,0
2,130,0
3,130,0
4,130,0
5,130,0
6,130,0
7,130,0
8,130,0
9,130,0
10,130,0
11,130,0
12,130,0
13,130,0
14,130,0
15,130,0
16,130,0
17,130,0
18,130,0
19,130,0
20,130,0
21,130,0
22,130,0
23,130,0
24,130,0
25,130,0
26,130,0
27,130,0
28,130,0
29,130,0
30,130,0
31,130,0
32,130,0
33,130,0
34,130,0
35,130,0
36,130,0
37,130,0
38,130,0
39,130,0
40,130,0
41,130,0
42,130,0
43,130,0
44,130,0
45,130,0
46,130,0
47,130,0
48,130,0
49,130,0
50,130,0
51,130,0
52,130,0
53,130,0
54,130,0
55,130,0
56,130,0
57,130,0
58,130,0
59,130,0
60,130,0
61,130,0
62,130,0
63,130,0
64,130,0
65,130,0
66,130,0
67,130,0
68,130,0
69,130,0
70,130,0
71,130,0
72,130,0
73,130,0
74,130,0
75,130,0
76,130,0
77,130,0
78,130,0
79,130,0
80,130,0
81,130,0
82,130,0
83,130,0
84,130,0
85,130,0
86,130,0
87,130,0
88,130,0
89,130,0
90,130,0
91,130,0
92,130,0
93,130,0
94,130,0
95,130,0
96,130,0
97,130,0
98,130,0
99,130,0
100,130,0
101,130,0
102,130,0
103,130,0
104,130,0
105,130,0
106,130,0
107,130,0
108,130,0
109,130,0
110,130,0
111,130,0
112,130,0
113,130,0
114,130,0
115,130,0
116,130,0
117,130,0
118,130,0
119,130,0
120,130,0
121,130,0
122,130,0
123,130,0
124,130,0
125,130,0
126,130,0
127,130,0
128,130,0
129,130,0
130,130,0
131,130,0
132,130,0
133,130,0
134,130,0
135,130,0
136,130,0
137,130,0
138,130,0
139,130,0
140,130,0
141,130,0
142,130,0
143,130,0
144,130,0
145,130,0
146,130,0
147,130,0
148,130,0
149,130,0
150,130,0
151,130,0
152,130,0
153,130,0
154,130,0
155,130,0
156,130,0
157,130,0
158,130,0
159,130,0
160,130,0
161,130,34
162,130,23
163,130,19
164,130,16
165,130,14
166,130,13
167,130,12
168,130,11
169,130,10
170,130,10
171,130,9
172,130,9
173,130,8
174,130,8
175,130,8
176,130,7
177,130,7
178,130,7
179,130,7
180,130,6
181,130,6
182,130,6
183,130,6
184,130,6
185,130,6
186,130,6
187,130,5
188,130,5
189,130,5
190,130,5
191,130,5
192,130,5
193,130,5
194,130,5
195,130,5
196,130,5
197,130,4
198,130,4
199,130,4
200,130,4
201,130,4
202,130,4
203,130,4
204,130,4
205,130,4
206,130,4
207,130,4
208,130,4
209,130,4
210,130,4
211,130,4
212,130,4
213,130,4
214,130,4
215,130,4
216,130,3
217,130,3
218,130,3
219,130,3
220,130,3
221,130,3
222,130,3
223,130,3
224,130,3
225,130,3
226,130,3
227,130,3
228,130,3
229,130,3
230,130,3
231,130,3
232,130,3
233,130,3
234,130,3
235,130,3
236,130,3
237,130,3
238,130,3
239,130,3
240,130,3
241,130,3
242,130,3
243,130,3
244,130,3
245,130,3
246,130,3
247,130,3
248,130,3
249,130,3
250,130,3
251,130,3
252,130,3
253,130,3
254,130,3
255,130,3
0,131,0
1,131,0
2,131,0
3,131,0
4,131,0
5,131,0
6,131,0
7,131,0
8,131,0
9,131,0
10,131,0
11,131,0
12,131,0
13,131,0
14,131,0
15,131,0
16,131,0
17,131,0
18,131,0
19,131,0
20,131,0
21,131,0
22,131,0
23,131,0
24,131,0
25,131,0
26,131,0
27,131,0
28,131,0
29,131,0
30,131,0
31,131,0
32,131,0
33,131,0
34,131,0
35,131,0
36,131,0
37,131,0
38,131,0
39,131,0
40,131,0
41,131,0
42,131,0
43,131,0
44,131,0
45,131,0
46,131,0
47,131,0
48,131,0
49,131,0
50,131,0
51,131,0
52,131,0
53,131,0
54,131,0
55,131,0
56,131,0
57,131,0
58,131,0
59,131,0
60,131,0
61,131,0
62,131,0
63,131,0
64,131,0
65,131,0
66,131,0
67,131,0
68,131,0
69,131,0
70,131,0
71,131,0
72,131,0
73,131,0
74,131,0
75,131,0
76,131,0
77,131,0
78,131,0
79,131,0
80,131,0
81,131,0
82,131,0
83,131,0
84,131,0
85,131,0
86,131,0
87,131,0
88,131,0
89,131,0
90,131,0
91,131,0
92,131,0
93,131,0
94,131,0
95,131,0
96,131,0
97,131,0
98,131,0
99,131,0
100,131,0
101,131,0
102,131,0
103,131,0
104,131,0
105,131,0
106,131,0
107,131,0
108,131,0
109,131,0
110,131,0
111,131,0
112,131,0
113,131,0
114,131,0
115,131,0
116,131,0
117,131,0
118,131,0
119,131,0
120,131,0
121,131,0
122,131,0
123,131,0
124,131,0
125,131,0
126,131,0
127,131,0
128,131,0
129,131,0
130,131,0
131,131,0
132,131,0
133,131,0
134,131,0
135,131,0
136,131,0
137,131,0
138,131,0
139,131,0
140,131,0
141,131,0
142,131,0
143,131,0
144,131,0
145,131,0
146,131,0
147,131,0
148,131,0
149,131,0
150,131,0
151,131,0
152,131,0
153,131,0
154,131,0
155,131,0
156,131,0
157,131,0
158,131,0
159,131,0
160,131,0
161,131,34
162,131,24
163,131,19
164,131,16
165,131,14
166,131,13
167,131,12
168,131,11
169,131,10
170,131,10
171,131,9
172,131,9
173,131,8
174,131,8
175,131,8
176,131,7
177,131,7
178,131,7
179,131,7
180,131,6
181,131,6
182,131,6
183,131,6
184,131,6
185,131,6
186,131,6
187,131,5
188,131,5
189,131,5
190,131,5
191,131,5
192,131,5
193,131,5
194,131,5
195,131,5
196,131,5
197,131,4
198,131,4
199,131,4
200,131,4
201,131,4
202,131,4
203,131,4
204,131,4
205,131,4
206,131,4
207,131,4
208,131,4
209,131,4
210,131,4
211,131,4
212,131,4
213,131,4
214,131,4
215,131,4
216,131,3
217,131,3
218,131,3
219,131,3
220,131,3
221,131,3
222,131,3
223,131,3
224,131,3
225,131,3
226,131,3
227,131,3
228,131,3
229,131,3
230,131,3
231,131,3
232,131,3
233,131,3
234,131,3
235,131,3
236,131,3
237,131,3
238,131,3
239,131,3
240,131,3
241,131,3
242,131,3
243,131,3
244,131,3
245,131,3
246,131,3
247,131,3
248,131,3
249,131,3
250,131,3
251,131,3
252,131,3
253,131,3
254,131,3
255,131,3
0,132,0
1,132,0
2,132,0
3,132,0
4,132,0
5,132,0
6,132,0
7,132,0
8,132,0
9,132,0
10,132,0
11,132,0
12,132,0
13,132,0
14,132,0
15,132,0
16,132,0
17,132,0
18,132,0
19,132,0
20,132,0
21,132,0
22,132,0
23,132,0
24,132,0
25,132,0
26,132,0
27,132,0
28,132,0
29,132,0
30,132,0
31,132,0
32,132,0
33,132,0
34,132,0
35,132,0
36,132,0
37,132,0
38,132,0
39,132,0
40,132,0
41,132,0
42,132,0
43,132,0
44,132,0
45,132,0
46,132,0
47,132,0
48,132,0
49,132,0
50,132,0
51,132,0
52,132,0
53,132,0
54,132,0
55,132,0
56,132,0
57,132,0
58,132,0
59,132,0
60,132,0
61,132,0
62,132,0
63,132,0
64,132,0
65,132,0
66,132,0
67,132,0
68,132,0
69,132,0
70,132,0
71,132,0
72,132,0
73,132,0
74,132,0
75,132,0
76,132,0
77,132,0
78,132,0
79,132,0
80,132,0
81,132,0
82,132,0
83,132,0
84,132,0
85,132,0
86,132,0
87,132,0
88,132,0
89,132,0
90,132,0
91,132,0
92,132,0
93,132,0
94,132,0
95,132,0
96,132,0
97,132,0
98,132,0
99,132,0
100,132,0
101,132,0
102,132,0
103,132,0
104,132,0
105,132,0
106,132,0
107,132,0
108,132,0
109,132,0
110,132,0
111,132,0
112,132,0
113,132,0
114,132,0
115,132,0
116,132,0
117,132,0
118,132,0
119,132,0
120,132,0
121,132,0
122,132,0
123,132,0
124,132,0
125,132,0
126,132,0
127,132,0
128,132,0
129,132,0
130,132,0
131,132,0
132,132,0
133,132,0
134,132,0
135,132,0
136,132,0
137,132,0
138,132,0
139,132,0
140,132,0
141,132,0
142,132,0
143,132,0
144,132,0
145,132,0
146,132,0
147,132,0
148,132,0
149,132,0
150,132,0
151,132,0
152,132,0
153,132,0
154,132,0
155,132,0
156,132,0
157,132,0
158,132,0
159,132,0
160,132,0
161,132,35
162,132,24
163,132,19
164,132,16
165,132,14
166,132,13
167,132,12
168,132,11
169,132,10
170,132,10
171,132,9
172,132,9
173,132,8
174,132,8
175,132,8
176,132,7
177,132,7
178,132,7
179,132,7
180,132,6
181,132,6
182,132,6
183,132,6
184,132,6
185,132,6
186,132,6
187,132,5
188,132,5
189,132,5
190,132,5
191,132,5
192,132,5
193,132,5
194,132,5
195,132,5
196,132,5
197,132,4
198,132,4
199,132,4
200,132,4
201,132,4
202,132,4
203,132,4
204,132,4
205,132,4
206,132,4
207,132,4
208,132,4
209,132,4
210,132,4
211,132,4
212,132,4
213,132,4
214,132,4
215,132,4
216,132,3
217,132,3
218,132,3
219,132,3
220,132,3
221,132,3
222,132,3
223,132,3
224,132,3
225,132,3
226,132,3
227,132,3
228,132,3
229,132,3
230,132,3
231,132,3
232,132,3
233,132,3
234,132,3
235,132,3
236,132,3
237,132,3
238,132,3
239,132,3
240,132,3
241,132,3
242,132,3
243,132,3
244,132,3
245,132,3
246,132,3
247,132,3
248,132,3
249,132,3
250,132,3
251,132,3
252,132,3
253,132,3
254,132,3
255,132,3
0,133,0
1,133,0
2,133,0
3,133,0
4,133,0
5,133,0
6,133,0
7,133,0
8,133,0
9,133,0
10,133,0
11,133,0
12,133,0
13,133,0
14,133,0
15,133,0
16,133,0
17,133,0
18,133,0
19,133,0
20,133,0
21,133,0
22,133,0
23,133,0
24,133,0
25,133,0
26,133,0
27,133,0
28,133,0
29,133,0
30,133,0
31,133,0
32,133,0
33,133,0
34,133,0
35,133,0
36,133,0
37,133,0
38,133,0
39,133,0
40,133,0
41,133,0
42,133,0
43,133,0
44,133,0
45,133,0
46,133,0
47,133,0
48,133,0
49,133,0
50,133,0
51,133,0
52,133,0
53,133,0
54,133,0
55,133,0
56,133,0
57,133,0
58,133,0
59,133,0
60,133,0
61,133,0
62,133,0
63,133,0
64,133,0
65,133,0
66,133,0
67,133,0
68,133,0
69,133,0
70,133,0
71,133,0
72,133,0
73,133,0
74,133,0
75,133,0
76,133,0
77,133,0
78,133,0
79,133,0
80,133,0
81,133,0
82,133,0
83,133,0
84,133,0
85,133,0
86,133,0
87,133,0
88,133,0
89,133,0
90,133,0
91,133,0
92,133,0
93,133,0
94,133,0
95,133,0
96,133,0
97,133,0
98,133,0
99,133,0
100,133,0
101,133,0
102,133,0
103,133,0
104,133,0
105,133,0
106,133,0
107,133,0
108,133,0
109,133,0
110,133,0
111,133,0
112,133,0
113,133,0
114,133,0
115,133,0
116,133,0
117,133,0
118,133,0
119,133,0
120,133,0
121,133,0
122,133,0
123,133,0
124,133,0
125,133,0
126,133,0
127,133,0
128,133,0
129,133,0
130,133,0
131,133,0
132,133,0
133,133,0
134,133,0
135,133,0
136,133,0
137,133,0
138,133,0
139,133,0
140,133,0
141,133,0
142,133,0
143,133,0
144,133,0
145,133,0
146,133,0
147,133,0
148,133,0
149,133,0
150,133,0
151,133,0
152,133,0
153,133,0
154,133,0
155,133,0
156,133,0
157,133,0
158,133,0
159,133,0
160,133,0
161,133,35
162,133,24
163,133,19
164,133,16
165,133,14
166,133,13
167,133,12
168,133,11
169,133,10
170,133,10
171,133,9
172,133,9
173,133,8
174,133,8
175,133,8
176,133,7
177,133,7
178,133,7
179,133,7
180,133,6
181,133,6
182,133,6
183,133,6
184,133,6
185,133,6
186,133,6
187,133,5
188,133,5
189,133,5
190,133,5
191,133,5
192,133,5
193,133,5
194,133,5
195,133,5
196,133,5
197,133,4
198,133,4
199,133,4
200,133,4
201,133,4
202,133,4
203,133,4
204,133,4
205,133,4
206,133,4
207,133,4
208,133,4
209,133,4
210,133,4
211,133,4
212,133,4
213,133,4
214,133,4
215,133,4
216,133,3
217,133,3
218,133,3
219,133,3
220,133,3
221,133,3
222,133,3
223,133,3
224,133,3
225,133,3
226,133,3
227,133,3
228,133,3
229,133,3
230,133,3
231,133,3
232,133,3
233,133,3
234,133,3
235,133,3
236,133,3
237,133,3
238,133,3
239,133,3
240,133,3
241,133,3
242,133,3
243,133,3
244,133,3
245,133,3
246,133,3
247,133,3
248,133,3
249,133,3
250,133,3
251,133,3
252,133,3
253,133,3
254,133,3
255,133,3
0,134,0
1,134,0
2,134,0
3,134,0
4,134,0
5,134,0
6,134,0
7,134,0
8,134,0
9,134,0
10,134,0
11,134,0
12,134,0
13,134,0
14,134,0
15,134,0
16,134,0
17,134,0
18,134,0
19,134,0
20,134,0
21,134,0
22,134,0
23,134,0
24,134,0
25,134,0
26,134,0
27,134,0
28,134,0
29,134,0
30,134,0
31,134,0
32,134,0
33,134,0
34,134,0
35,134,0
36,134,0
37,134,0
38,134,0
39,134,0
40,134,0
41,134,0
42,134,0
43,134,0
44,134,0
45,134,0
46,134,0
47,134,0
48,134,0
49,134,0
50,134,0
51,134,0
52,134,0
53,134,0
54,134,0
55,134,0
56,134,0
57,134,0
58,134,0
59,134,0
60,134,0
61,134,0
62,134,0
63,134,0
64,134,0
65,134,0
66,134,0
67,134,0
68,134,0
69,134,0
70,134,0
71,134,0
72,134,0
73,134,0
74,134,0
75,134,0
76,134,0
77,134,0
78,134,0
79,134,0
80,134,0
81,134,0
82,134,0
83,134,0
84,134,0
85,134,0
86,134,0
87,134,0
88,134,0
89,134,0
90,134,0
91,134,0
92,134,0
93,134,0
94,134,0
95,134,0
96,134,0
97,134,0
98,134,0
99,134,0
100,134,0
101,134,0
102,134,0
103,134,0
104,134,0
105,134,0
106,134,0
107,134,0
108,134,0
109,134,0
110,134,0
111,134,0
112,134,0
113,134,0
114,134,0
115,134,0
116,134,0
117,134,0
118,134,0
119,134,0
120,134,0
121,134,0
122,134,0
123,134,0
124,134,0
125,134,0
126,134,0
127,134,0
128,134,0
129,134,0
130,134,0
131,134,0
132,134,0
133,134,0
134,134,0
135,134,0
136,134,0
137,134,0
138,134,0
139,134,0
140,134,0
141,134,0
142,134,0
143,134,0
144,134,0
145,134,0
146,134,0
147,134,0
148,134,0
149,134,0
150,134,0
151,134,0
152,134,0
153,134,0
154,134,0
155,134,0
156,134,0
157,134,0
158,134,0
159,134,0
160,134,0
161,134,36
162,134,24
163,134,19
164,134,16
165,134,14
166,134,13
167,134,12
168,134,11
169,134,10
170,134,10
171,134,9
172,134,9
173,134,8
174,134,8
175,134,8
176,134,7
177,134,7
178,134,7
179,134,7
180,134,6
181,134,6
182,134,6
183,134,6
184,134,6
185,134,6
186,134,6
187,134,5
188,134,5
189,134,5
190,134,5
191,134,5
192,134,5
193,134,5
194,134,5
195,134,5
196,134,5
197,134,4
198,134,4
199,134,4
200,134,4
201,134,4
202,134,4
203,134,4
204,134,4
205,134,4
206,134,4
207,134,4
208,134,4
209,134,4
210,134,4
211,134,4
212,134,4
213,134,4
214,134,4
215,134,4
216,134,3
217,134,3
218,134,3
219,134,3
220,134,3
221,134,3
222,134,3
223,134,3
224,134,3
225,134,3
226,134,3
227,134,3
228,134,3
229,134,3
230,134,3
231,134,3
232,134,3
233,134,3
234,134,3
235,134,3
236,134,3
237,134,3
238,134,3
239,134,3
240,134,3
241,134,3
242,134,3
243,134,3
244,134,3
245,134,3
246,134,3
247,134,3
248,134,3
249,134,3
250,134,3
251,134,3
252,134,3
253,134,3
254,134,3
255,134,3
0,135,0
1,135,0
2,135,0
3,135,0
4,135,0
5,135,0
6,135,0
7,135,0
8,135,0
9,135,0
10,135,0
11,135,0
12,135,0
13,135,0
14,135,0
15,135,0
16,135,0
17,135,0
18,135,0
19,135,0
20,135,0
21,135,0
22,135,0
23,135,0
24,135,0
25,135,0
26,135,0
27,135,0
28,135,0
29,135,0
30,135,0
31,135,0
32,135,0
33,135,0
34,135,0
35,135,0
36,135,0
37,135,0
38,135,0
39,135,0
40,135,0
41,135,0
42,135,0
43,135,0
44,135,0
45,135,0
46,135,0
47,135,0
48,135,0
49,135,0
50,135,0
51,135,0
52,135,0
53,135,0
54,135,0
55,135,0
56,135,0
57,135,0
58,135,0
59,135,0
60,135,0
61,135,0
62,135,0
63,135,0
64,135,0
65,135,0
66,135,0
67,135,0
68,135,0
69,135,0
70,135,0
71,135,0
72,135,0
73,135,0
74,135,0
75,135,0
76,135,0
77,135,0
78,135,0
79,135,0
80,135,0
81,135,0
82,135,0
83,135,0
84,135,0
85,135,0
86,135,0
87,135,0
88,135,0
89,135,0
90,135,0
91,135,0
92,135,0
93,135,0
94,135,0
95,135,0
96,135,0
97,135,0
98,135,0
99,135,0
100,135,0
101,135,0
102,135,0
103,135,0
104,135,0
105,135,0
106,135,0
107,135,0
108,135,0
109,135,0
110,135,0
111,135,0
112,135,0
113,135,0
114,135,0
115,135,0
116,135,0
117,135,0
118,135,0
119,135,0
120,135,0
121,135,0
122,135,0
123,135,0
124,135,0
125,135,0
126,135,0
127,135,0
128,135,0
129,135,0
130,135,0
131,135,0
132,135,0
133,135,0
134,135,0
135,135,0
136,135,0
137,135,0
138,135,0
139,135,0
140,135,0
141,135,0
142,135,0
143,135,0
144,135,0
145,135,0
146,135,0
147,135,0
148,135,0
149,135,0
150,135,0
151,135,0
152,135,0
153,135,0
154,135,0
155,135,0
156,135,0
157,135,0
158,135,0
159,135,0
160,135,0
161,135,36
162,135,24
163,135,19
164,135,16
165,135,14
166,135,13
167,135,12
168,135,11
169,135,10
170,135,10
171,135,9
172,135,9
173,135,8
174,135,8
175,135,8
176,135,7
177,135,7
178,135,7
179,135,7
180,135,6
181,135,6
182,135,6
183,135,6
184,135,6
185,135,6
186,135,6
187,135,5
188,135,5
189,135,5
190,135,5
191,135,5
192,135,5
193,135,5
194,135,5
195,135,5
196,135,5
197,135,4
198,135,4
199,135,4
200,135,4
201,135,4
202,135,4
203,135,4
204,135,4
205,135,4
206,135,4
207,135,4
208,135,4
209,135,4
210,135,4
211,135,4
212,135,4
213,135,4
214,135,4
215,135,4
216,135,3
217,135,3
218,135,3
219,135,3
220,135,3
221,135,3
222,135,3
223,135,3
224,135,3
225,135,3
226,135,3
227,135,3
228,135,3
229,135,3
230,135,3
231,135,3
232,135,3
233,135,3
234,135,3
235,135,3
236,135,3
237,135,3
238,135,3
239,135,3
240,135,3
241,135,3
242,135,3
243,135,3
244,135,3
245,135,3
246,135,3
247,135,3
248,135,3
249,135,3
250,135,3
251,135,3
252,135,3
253,135,3
254,135,3
255,135,3
0,136,0
1,136,0
2,136,0
3,136,0
4,136,0
5,136,0
6,136,0
7,136,0
8,136,0
9,136,0
10,136,0
11,136,0
12,136,0
13,136,0
14,136,0
15,136,0
16,136,0
17,136,0
18,136,0
19,136,0
20,136,0
21,136,0
22,136,0
23,136,0
24,136,0
25,136,0
26,136,0
27,136,0
28,136,0
29,136,0
30,136,0
31,136,0
32,136,0
33,136,0
34,136,0
35,136,0
36,136,0
37,136,0
38,136,0
39,136,0
40,136,0
41,136,0
42,136,0
43,136,0
44,136,0
45,136,0
46,136,0
47,136,0
48,136,0
49,136,0
50,136,0
51,136,0
52,136,0
53,136,0
54,136,0
55,136,0
56,136,0
57,136,0
58,136,0
59,136,0
60,136,0
61,136,0
62,136,0
63,136,0
64,136,0
65,136,0
66,136,0
67,136,0
68,136,0
69,136,0
70,136,0
71,136,0
72,136,0
73,136,0
74,136,0
75,136,0
76,136,0
77,136,0
78,136,0
79,136,0
80,136,0
81,136,0
82,136,0
83,136,0
84,136,0
85,136,0
86,136,0
87,136,0
88,136,0
89,136,0
90,136,0
91,136,0
92,136,0
93,136,0
94,136,0
95,136,0
96,136,0
97,136,0
98,136,0
99,136,0
100,136,0
101,136,0
102,136,0
103,136,0
104,136,0
105,136,0
106,136,0
107,136,0
108,136,0
109,136,0
110,136,0
111,136,0
112,136,0
113,136,0
114,136,0
115,136,0
116,136,0
117,136,0
118,136,0
119,136,0
120,136,0
121,136,0
122,136,0
123,136,0
124,136,0
125,136,0
126,136,0
127,136,0
128,136,0
129,136,0
130,136,0
131,136,0
132,136,0
133,136,0
134,136,0
135,136,0
136,136,0
137,136,0
138,136,0
139,136,0
140,136,0
141,136,0
142,136,0
143,136,0
144,136,0
145,136,0
146,136,0
147,136,0
148,136,0
149,136,0
150,136,0
151,136,0
152,136,0
153,136,0
154,136,0
155,136,0
156,136,0
157,136,0
158,136,0
159,136,0
160,136,0
161,136,37
162,136,24
163,136,19
164,136,16
165,136,14
166,136,13
167,136,12
168,136,11
169,136,10
170,136,10
171,136,9
172,136,9
173,136,8
174,136,8
175,136,8
176,136,7
177,136,7
178,136,7
179,136,7
180,136,6
181,136,6
182,136,6
183,136,6
184,136,6
185,136,6
186,136,6
187,136,5
188,136,5
189,136,5
190,136,5
191,136,5
192,136,5
193,136,5
194,136,5
195,136,5
196,136,5
197,136,4
198,136,4
199,136,4
200,136,4
201,136,4
202,136,4
203,136,4
204,136,4
205,136,4
206,136,4
207,136,4
208,136,4
209,136,4
210,136,4
211,136,4
212,136,4
213,136,4
214,136,4
215,136,4
216,136,3
217,136,3
218,136,3
219,136,3
220,136,3
221,136,3
222,136,3
223,136,3
224,136,3
225,136,3
226,136,3
227,136,3
228,136,3
229,136,3
230,136,3
231,136,3
232,136,3
233,136,3
234,136,3
235,136,3
236,136,3
237,136,3
238,136,3
239,136,3
240,136,3
241,136,3
242,136,3
243,136,3
244,136,3
245,136,3
246,136,3
247,136,3
248,136,3
249,136,3
250,136,3
251,136,3
252,136,3
253,136,3
254,136,3
255,136,3
0,137,0
1,137,0
2,137,0
3,137,0
4,137,0
5,137,0
6,137,0
7,137,0
8,137,0
9,137,0
10,137,0
11,137,0
12,137,0
13,137,0
14,137,0
15,137,0
16,137,0
17,137,0
18,137,0
19,137,0
20,137,0
21,137,0
22,137,0
23,137,0
24,137,0
25,137,0
26,137,0
27,137,0
28,137,0
29,137,0
30,137,0
31,137,0
32,137,0
33,137,0
34,137,0
35,137,0
36,137,0
37,137,0
38,137,0
39,137,0
40,137,0
41,137,0
42,137,0
43,137,0
44,137,0
45,137,0
46,137,0
47,137,0
48,137,0
49,137,0
50,137,0
51,137,0
52,137,0
53,137,0
54,137,0
55,137,0
56,137,0
57,137,0
58,137,0
59,137,0
60,137,0
61,137,0
62,137,0
63,137,0
64,137,0
65,137,0
66,137,0
67,137,0
68,137,0
69,137,0
70,137,0
71,137,0
72,137,0
73,137,0
74,137,0
75,137,0
76,137,0
77,137,0
78,137,0
79,137,0
80,137,0
81,137,0
82,137,0
83,137,0
84,137,0
85,137,0
86,137,0
87,137,0
88,137,0
89,137,0
90,137,0
91,137,0
92,137,0
93,137,0
94,137,0
95,137,0
96,137,0
97,137,0
98,137,0
99,137,0
100,137,0
101,137,0
102,137,0
103,137,0
104,137,0
105,137,0
106,137,0
107,137,0
108,137,0
109,137,0
110,137,0
111,137,0
112,137,0
113,137,0
114,137,0
115,137,0
116,137,0
117,137,0
118,137,0
119,137,0
120,137,0
121,137,0
122,137,0
123,137,0
124,137,0
125,137,0
126,137,0
127,137,0
128,137,0
129,137,0
130,137,0
131,137,0
132,137,0
133,137,0
134,137,0
135,137,0
136,137,0
137,137,0
138,137,0
139,137,0
140,137,0
141,137,0
142,137,0
143,137,0
144,137,0
145,137,0
146,137,0
147,137,0
148,137,0
149,137,0
150,137,0
151,137,0
152,137,0
153,137,0
154,137,0
155,137,0
156,137,0
157,137,0
158,137,0
159,137,0
160,137,0
161,137,38
162,137,25
163,137,20
164,137,17
165,137,15
166,137,13
167,137,12
168,137,11
169,137,10
170,137,10
171,137,9
172,137,9
173,137,8
174,137,8
175,137,8
176,137,7
177,137,7
178,137,7
179,137,7
180,137,6
181,137,6
182,137,6
183,137,6
184,137,6
185,137,6
186,137,6
187,137,5
188,137,5
189,137,5
190,137,5
191,137,5
192,137,5
193,137,5
194,137,5
195,137,5
196,137,5
197,137,4
198,137,4
199,137,4
200,137,4
201,137,4
202,137,4
203,137,4
204,137,4
205,137,4
206,137,4
207,137,4
208,137,4
209,137,4
210,137,4
211,137,4
212,137,4
213,137,4
214,137,4
215,137,4
216,137,3
217,137,3
218,137,3
219,137,3
220,137,3
221,137,3
222,137,3
223,137,3
224,137,3
225,137,3
226,137,3
227,137,3
228,137,3
229,137,3
230,137,3
231,137,3
232,137,3
233,137,3
234,137,3
235,137,3
236,137,3
237,137,3
238,137,3
239,137,3
240,137,3
241,137,3
242,137,3
243,137,3
244,137,3
245,137,3
246,137,3
247,137,3
248,137,3
249,137,3
250,137,3
251,137,3
252,137,3
253,137,3
254,137,3
255,137,3
0,138,0
1,138,0
2,138,0
3,138,0
4,138,0
5,138,0
6,138,0
7,138,0
8,138,0
9,138,0
10,138,0
11,138,0
12,138,0
13,138,0
14,138,0
15,138,0
16,138,0
17,138,0
18,138,0
19,138,0
20,138,0
21,138,0
22,138,0
23,138,0
24,138,0
25,138,0
26,138,0
27,138,0
28,138,0
29,138,0
30,138,0
31,138,0
32,138,0
33,138,0
34,138,0
35,138,0
36,138,0
37,138,0
38,138,0
39,138,0
40,138,0
41,138,0
42,138,0
43,138,0
44,138,0
45,138,0
46,138,0
47,138,0
48,138,0
49,138,0
50,138,0
51,138,0
52,138,0
53,138,0
54,138,0
55,138,0
56,138,0
57,138,0
58,138,0
59,138,0
60,138,0
61,138,0
62,138,0
63,138,0
64,138,0
65,138,0
66,138,0
67,138,0
68,138,0
69,138,0
70,138,0
71,138,0
72,138,0
73,138,0
74,138,0
75,138,0
76,138,0
77,138,0
78,138,0
79,138,0
80,138,0
81,138,0
82,138,0
83,138,0
84,138,0
85,138,0
86,138,0
87,138,0
88,138,0
89,138,0
90,138,0
91,138,0
92,138,0
93,138,0
94,138,0
95,138,0
96,138,0
97,138,0
98,138,0
99,138,0
100,138,0
101,138,0
102,138,0
103,138,0
104,138,0
105,138,0
106,138,0
107,138,0
108,138,0
109,138,0
110,138,0
111,138,0
112,138,0
113,138,0
114,138,0
115,138,0
116,138,0
117,138,0
118,138,0
119,138,0
120,138,0
121,138,0
122,138,0
123,138,0
124,138,0
125,138,0
126,138,0
127,138,0
128,138,0
129,138,0
130,138,0
131,138,0
132,138,0
133,138,0
134,138,0
135,138,0
136,138,0
137,138,0
138,138,0
139,138,0
140,138,0
141,138,0
142,138,0
143,138,0
144,138,0
145,138,0
146,138,0
147,138,0
148,138,0
149,138,0
150,138,0
151,138,0
152,138,0
153,138,0
154,138,0
155,138,0
156,138,0
157,138,0
158,138,0
159,138,0
160,138,0
161,138,39
162,138,25
163,138,20
164,138,17
165,138,15
166,138,13
167,138,12
168,138,11
169,138,10
170,138,10
171,138,9
172,138,9
173,138,8
174,138,8
175,138,8
176,138,7
177,138,7
178,138,7
179,138,7
180,138,7
181,138,6
182,138,6
183,138,6
184,138,6
185,138,6
186,138,6
187,138,5
188,138,5
189,138,5
190,138,5
191,138,5
192,138,5
193,138,5
194,138,5
195,138,5
196,138,5
197,138,4
198,138,4
199,138,4
200,138,4
201,138,4
202,138,4
203,138,4
204,138,4
205,138,4
206,138,4
207,138,4
208,138,4
209,138,4
210,138,4
211,138,4
212,138,4
213,138,4
214,138,4
215,138,4
216,138,3
217,138,3
218,138,3
219,138,3
220,138,3
221,138,3
222,138,3
223,138,3
224,138,3
225,138,3
226,138,3
227,138,3
228,138,3
229,138,3
230,138,3
231,138,3
232,138,3
233,138,3
234,138,3
235,138,3
236,138,3
237,138,3
238,138,3
239,138,3
240,138,3
241,138,3
242,138,3
243,138,3
244,138,3
245,138,3
246,138,3
247,138,3
248,138,3
249,138,3
250,138,3
251,138,3
252,138,3
253,138,3
254,138,3
255,138,3
0,139,0
1,139,0
2,139,0
3,139,0
4,139,0
5,139,0
6,139,0
7,139,0
8,139,0
9,139,0
10,139,0
11,139,0
12,139,0
13,139,0
14,139,0
15,139,0
16,139,0
17,139,0
18,139,0
19,139,0
20,139,0
21,139,0
22,139,0
23,139,0
24,139,0
25,139,0
26,139,0
27,139,0
28,139,0
29,139,0
30,139,0
31,139,0
32,139,0
33,139,0
34,139,0
35,139,0
36,139,0
37,139,0
38,139,0
39,139,0
40,139,0
41,139,0
42,139,0
43,139,0
44,139,0
45,139,0
46,139,0
47,139,0
48,139,0
49,139,0
50,139,0
51,139,0
52,139,0
53,139,0
54,139,0
55,139,0
56,139,0
57,139,0
58,139,0
59,139,0
60,139,0
61,139,0
62,139,0
63,139,0
64,139,0
65,139,0
66,139,0
67,139,0
68,139,0
69,139,0
70,139,0
71,139,0
72,139,0
73,139,0
74,139,0
75,139,0
76,139,0
77,139,0
78,139,0
79,139,0
80,139,0
81,139,0
82,139,0
83,139,0
84,139,0
85,139,0
86,139,0
87,139,0
88,139,0
89,139,0
90,139,0
91,139,0
92,139,0
93,139,0
94,139,0
95,139,0
96,139,0
97,139,0
98,139,0
99,139,0
100,139,0
101,139,0
102,139,0
103,139,0
104,139,0
105,139,0
106,139,0
107,139,0
108,139,0
109,139,0
110,139,0
111,139,0
112,139,0
113,139,0
114,139,0
115,139,0
116,139,0
117,139,0
118,139,0
119,139,0
120,139,0
121,139,0
122,139,0
123,139,0
124,139,0
125,139,0
126,139,0
127,139,0
128,139,0
129,139,0
130,139,0
131,139,0
132,139,0
133,139,0
134,139,0
135,139,0
136,139,0
137,139,0
138,139,0
139,139,0
140,139,0
141,139,0
142,139,0
143,139,0
144,139,0
145,139,0
146,139,0
147,139,0
148,139,0
149,139,0
150,139,0
151,139,0
152,139,0
153,139,0
154,139,0
155,139,0
156,139,0
157,139,0
158,139,0
159,139,0
160,139,0
161,139,40
162,139,25
163,139,20
164,139,17
165,139,15
166,139,13
167,139,12
168,139,11
169,139,10
170,139,10
171,139,9
172,139,9
173,139,8
174,139,8
175,139,8
176,139,7
177,139,7
178,139,7
179,139,7
180,139,7
181,139,6
182,139,6
183,139,6
184,139,6
185,139,6
186,139,6
187,139,5
188,139,5
189,139,5
190,139,5
191,139,5
192,139,5
193,139,5
194,139,5
195,139,5
196,139,5
197,139,4
198,139,4
199,139,4
200,139,4
201,139,4
202,139,4
203,139,4
204,139,4
205,139,4
206,139,4
207,139,4
208,139,4
209,139,4
210,139,4
211,139,4
212,139,4
213,139,4
214,139,4
215,139,4
216,139,3
217,139,3
218,139,3
219,139,3
220,139,3
221,139,3
222,139,3
223,139,3
224,139,3
225,139,3
226,139,3
227,139,3
228,139,3
229,139,3
230,139,3
231,139,3
232,139,3
233,139,3
234,139,3
235,139,3
236,139,3
237,139,3
238,139,3
239,139,3
240,139,3
241,139,3
242,139,3
243,139,3
244,139,3
245,139,3
246,139,3
247,139,3
248,139,3
249,139,3
250,139,3
251,139,3
252,139,3
253,139,3
254,139,3
255,139,3
0,140,0
1,140,0
2,140,0
3,140,0
4,140,0
5,140,0
6,140,0
7,140,0
8,140,0
9,140,0
10,140,0
11,140,0
12,140,0
13,140,0
14,140,0
15,140,0
16,140,0
17,140,0
18,140,0
19,140,0
20,140,0
21,140,0
22,140,0
23,140,0
24,140,0
25,140,0
26,140,0
27,140,0
28,140,0
29,140,0
30,140,0
31,140,0
32,140,0
33,140,0
34,140,0
35,140,0
36,140,0
37,140,0
38,140,0
39,140,0
40,140,0
41,140,0
42,140,0
43,140,0
44,140,0
45,140,0
46,140,0
47,140,0
48,140,0
49,140,0
50,140,0
51,140,0
52,140,0
53,140,0
54,140,0
55,140,0
56,140,0
57,140,0
58,140,0
59,140,0
60,140,0
61,140,0
62,140,0
63,140,0
64,140,0
65,140,0
66,140,0
67,140,0
68,140,0
69,140,0
70,140,0
71,140,0
72,140,0
73,140,0
74,140,0
75,140,0
76,140,0
77,140,0
78,140,0
79,140,0
80,140,0
81,140,0
82,140,0
83,140,0
84,140,0
85,140,0
86,140,0
87,140,0
88,140,0
89,140,0
90,140,0
91,140,0
92,140,0
93,140,0
94,140,0
95,140,0
96,140,0
97,140,0
98,140,0
99,140,0
100,140,0
101,140,0
102,140,0
103,140,0
104,140,0
105,140,0
106,140,0
107,140,0
108,140,0
109,140,0
110,140,0
111,140,0
112,140,0
113,140,0
114,140,0
115,140,0
116,140,0
117,140,0
118,140,0
119,140,0
120,140,0
121,140,0
122,140,0
123,140,0
124,140,0
125,140,0
126,140,0
127,140,0
128,140,0
129,140,0
130,140,0
131,140,0
132,140,0
133,140,0
134,140,0
135,140,0
136,140,0
137,140,0
138,140,0
139,140,0
140,140,0
141,140,0
142,140,0
143,140,0
144,140,0
145,140,0
146,140,0
147,140,0
148,140,0
149,140,0
150,140,0
151,140,0
152,140,0
153,140,0
154,140,0
155,140,0
156,140,0
157,140,0
158,140,0
159,140,0
160,140,0
161,140,42
162,140,26
163,140,20
164,140,17
165,140,15
166,140,13
167,140,12
168,140,11
169,140,10
170,140,10
171,140,9
172,140,9
173,140,8
174,140,8
175,140,8
176,140,7
177,140,7
178,140,7
179,140,7
180,140,7
181,140,6
182,140,6
183,140,6
184,140,6
185,140,6
186,140,6
187,140,5
188,140,5
189,140,5
190,140,5
191,140,5
192,140,5
193,140,5
194,140,5
195,140,5
196,140,5
197,140,5
198,140,4
199,140,4
200,140,4
201,140,4
202,140,4
203,140,4
204,140,4
205,140,4
206,140,4
207,140,4
208,140,4
209,140,4
210,140,4
211,140,4
212,140,4
213,140,4
214,140,4
215,140,4
216,140,3
217,140,3
218,140,3
219,140,3
220,140,3
221,140,3
222,140,3
223,140,3
224,140,3
225,140,3
226,140,3
227,140,3
228,140,3
229,140,3
230,140,3
231,140,3
232,140,3
233,140,3
234,140,3
235,140,3
236,140,3
237,140,3
238,140,3
239,140,3
240,140,3
241,140,3
242,140,3
243,140,3
244,140,3
245,140,3
246,140,3
247,140,3
248,140,3
249,140,3
250,140,3
251,140,3
252,140,3
253,140,3
254,140,3
255,140,3
0,141,0
1,141,0
2,141,0
3,141,0
4,141,0
5,141,0
6,141,0
7,141,0
8,141,0
9,141,0
10,141,0
11,141,0
12,141,0
13,141,0
14,141,0
15,141,0
16,141,0
17,141,0
18,141,0
19,141,0
20,141,0
21,141,0
22,141,0
23,141,0
24,141,0
25,141,0
26,141,0
27,141,0
28,141,0
29,141,0
30,141,0
31,141,0
32,141,0
33,141,0
34,141,0
35,141,0
36,141,0
37,141,0
38,141,0
39,141,0
40,141,0
41,141,0
42,141,0
43,141,0
44,141,0
45,141,0
46,141,0
47,141,0
48,141,0
49,141,0
50,141,0
51,141,0
52,141,0
53,141,0
54,141,0
55,141,0
56,141,0
57,141,0
58,141,0
59,141,0
60,141,0
61,141,0
62,141,0
63,141,0
64,141,0
65,141,0
66,141,0
67,141,0
68,141,0
69,141,0
70,141,0
71,141,0
72,141,0
73,141,0
74,141,0
75,141,0
76,141,0
77,141,0
78,141,0
79,141,0
80,141,0
81,141,0
82,141,0
83,141,0
84,141,0
85,141,0
86,141,0
87,141,0
88,141,0
89,141,0
90,141,0
91,141,0
92,141,0
93,141,0
94,141,0
95,141,0
96,141,0
97,141,0
98,141,0
99,141,0
100,141,0
101,141,0
102,141,0
103,141,0
104,141,0
105,141,0
106,141,0
107,141,0
108,141,0
109,141,0
110,141,0
111,141,0
112,141,0
113,141,0
114,141,0
115,141,0
116,141,0
117,141,0
118,141,0
119,141,0
120,141,0
121,141,0
122,141,0
123,141,0
124,141,0
125,141,0
126,141,0
127,141,0
128,141,0
129,141,0
130,141,0
131,141,0
132,141,0
133,141,0
134,141,0
135,141,0
136,141,0
137,141,0
138,141,0
139,141,0
140,141,0
141,141,0
142,141,0
143,141,0
144,141,0
145,141,0
146,141,0
147,141,0
148,141,0
149,141,0
150,141,0
151,141,0
152,141,0
153,141,0
154,141,0
155,141,0
156,141,0
157,141,0
158,141,0
159,141,0
160,141,0
161,141,44
162,141,26
163,141,20
164,141,17
165,141,15
166,141,13
167,141,12
168,141,11
169,141,11
170,141,10
171,141,9
172,141,9
173,141,8
174,141,8
175,141,8
176,141,7
177,141,7
178,141,7
179,141,7
180,141,7
181,141,6
182,141,6
183,141,6
184,141,6
185,141,6
186,141,6
187,141,5
188,141,5
189,141,5
190,141,5
191,141,5
192,141,5
193,141,5
194,141,5
195,141,5
196,141,5
197,141,5
198,141,4
199,141,4
200,141,4
201,141,4
202,141,4
203,141,4
204,141,4
205,141,4
206,141,4
207,141,4
208,141,4
209,141,4
210,141,4
211,141,4
212,141,4
213,141,4
214,141,4
215,141,4
216,141,3
217,141,3
218,141,3
219,141,3
220,141,3
221,141,3
222,141,3
223,141,3
224,141,3
225,141,3
226,141,3
227,141,3
228,141,3
229,141,3
230,141,3
231,141,3
232,141,3
233,141,3
234,141,3
235,141,3
236,141,3
237,141,3
238,141,3
239,141,3
240,141,3
241,141,3
242,141,3
243,141,3
244,141,3
245,141,3
246,141,3
247,141,3
248,141,3
249,141,3
250,141,3
251,141,3
252,141,3
253,141,3
254,141,3
255,141,3
0,142,0
1,142,0
2,142,0
3,142,0
4,142,0
5,142,0
6,142,0
7,142,0
8,142,0
9,142,0
10,142,0
11,142,0
12,142,0
13,142,0
14,142,0
15,142,0
16,142,0
17,142,0
18,142,0
19,142,0
20,142,0
21,142,0
22,142,0
23,142,0
24,142,0
25,142,0
26,142,0
27,142,0
28,142,0
29,142,0
30,142,0
31,142,0
32,142,0
33,142,0
34,142,0
35,142,0
36,142,0
37,142,0
38,142,0
39,142,0
40,142,0
41,142,0
42,142,0
43,142,0
44,142,0
45,142,0
46,142,0
47,142,0
48,142,0
49,142,0
50,142,0
51,142,0
52,142,0
53,142,0
54,142,0
55,142,0
56,142,0
57,142,0
58,142,0
59,142,0
60,142,0
61,142,0
62,142,0
63,142,0
64,142,0
65,142,0
66,142,0
67,142,0
68,142,0
69,142,0
70,142,0
71,142,0
72,142,0
73,142,0
74,142,0
75,142,0
76,142,0
77,142,0
78,142,0
79,142,0
80,142,0
81,142,0
82,142,0
83,142,0
84,142,0
85,142,0
86,142,0
87,142,0
88,142,0
89,142,0
90,142,0
91,142,0
92,142,0
93,142,0
94,142,0
95,142,0
96,142,0
97,142,0
98,142,0
99,142,0
100,142,0
101,142,0
102,142,0
103,142,0
104,142,0
105,142,0
106,142,0
107,142,0
108,142,0
109,142,0
110,142,0
111,142,0
112,142,0
113,142,0
114,142,0
115,142,0
116,142,0
117,142,0
118,142,0
119,142,0
120,142,0
121,142,0
122,142,0
123,142,0
124,142,0
125,142,0
126,142,0
127,142,0
128,142,0
129,142,0
130,142,0
131,142,0
132,142,0
133,142,0
134,142,0
135,142,0
136,142,0
137,142,0
138,142,0
139,142,0
140,142,0
141,142,0
142,142,0
143,142,0
144,142,0
145,142,0
146,142,0
147,142,0
148,142,0
149,142,0
150,142,0
151,142,0
152,142,0
153,142,0
154,142,0
155,142,0
156,142,0
157,142,0
158,142,0
159,142,0
160,142,0
161,142,46
162,142,27
163,142,21
164,142,17
165,142,15
166,142,14
167,142,12
168,142,11
169,142,11
170,142,10
171,142,9
172,142,9
173,142,9
174,142,8
175,142,8
176,142,8
177,142,7
178,142,7
179,142,7
180,142,7
181,142,6
182,142,6
183,142,6
184,142,6
185,142,6
186,142,6
187,142,5
188,142,5
189,142,5
190,142,5
191,142,5
192,142,5
193,142,5
194,142,5
195,142,5
196,142,5
197,142,5
198,142,4
199,142,4
200,142,4
201,142,4
202,142,4
203,142,4
204,142,4
205,142,4
206,142,4
207,142,4
208,142,4
209,142,4
210,142,4
211,142,4
212,142,4
213,142,4
214,142,4
215,142,4
216,142,4
217,142,3
218,142,3
219,142,3
220,142,3
221,142,3
222,142,3
223,142,3
224,142,3
225,142,3
226,142,3
227,142,3
228,142,3
229,142,3
230,142,3
231,142,3
232,142,3
233,142,3
234,142,3
235,142,3
236,142,3
237,142,3
238,142,3
239,142,3
240,142,3
241,142,3
242,142,3
243,142,3
244,142,3
245,142,3
246,142,3
247,142,3
248,142,3
249,142,3
250,142,3
251,142,3
252,142,3
253,142,3
254,142,3
255,142,3
0,143,0
1,143,0
2,143,0
3,143,0
4,143,0
5,143,0
6,143,0
7,143,0
8,143,0
9,143,0
10,143,0
11,143,0
12,143,0
13,143,0
14,143,0
15,143,0
16,143,0
17,143,0
18,143,0
19,143,0
20,143,0
21,143,0
22,143,0
23,143,0
24,143,0
25,143,0
26,143,0
27,143,0
28,143,0
29,143,0
30,143,0
31,143,0
32,143,0
33,143,0
34,143,0
35,143,0
36,143,0
37,143,0
38,143,0
39,143,0
40,143,0
41,143,0
42,143,0
43,143,0
44,143,0
45,143,0
46,143,0
47,143,0
48,143,0
49,143,0
50,143,0
51,143,0
52,143,0
53,143,0
54,143,0
55,143,0
56,143,0
57,143,0
58,143,0
59,143,0
60,143,0
61,143,0
62,143,0
63,143,0
64,143,0
65,143,0
66,143,0
67,143,0
68,143,0
69,143,0
70,143,0
71,143,0
72,143,0
73,143,0
74,143,0
75,143,0
76,143,0
77,143,0
78,143,0
79,143,0
80,143,0
81,143,0
82,143,0
83,143,0
84,143,0
85,143,0
86,143,0
87,143,0
88,143,0
89,143,0
90,143,0
91,143,0
92,143,0
93,143,0
94,143,0
95,143,0
96,143,0
97,143,0
98,143,0
99,143,0
100,143,0
101,143,0
102,143,0
103,143,0
104,143,0
105,143,0
106,143,0
107,143,0
108,143,0
109,143,0
110,143,0
111,143,0
112,143,0
113,143,0
114,143,0
115,143,0
116,143,0
117,143,0
118,143,0
119,143,0
120,143,0
121,143,0
122,143,0
123,143,0
124,143,0
125,143,0
126,143,0
127,143,0
128,143,0
129,143,0
130,143,0
131,143,0
132,143,0
133,143,0
134,143,0
135,143,0
136,143,0
137,143,0
138,143,0
139,143,0
140,143,0
141,143,0
142,143,0
143,143,0
144,143,0
145,143,0
146,143,0
147,143,0
148,143,0
149,143,0
150,143,0
151,143,0
152,143,0
153,143,0
154,143,0
155,143,0
156,143,0
157,143,0
158,143,0
159,143,0
160,143,0
161,143,49
162,143,28
163,143,21
164,143,17
165,143,15
166,143,14
167,143,12
168,143,11
169,143,11
170,143,10
171,143,9
172,143,9
173,143,9
174,143,8
175,143,8
176,143,8
177,143,7
178,143,7
179,143,7
180,143,7
181,143,6
182,143,6
183,143,6
184,143,6
185,143,6
186,143,6
187,143,5
188,143,5
189,143,5
190,143,5
191,143,5
192,143,5
193,143,5
194,143,5
195,143,5
196,143,5
197,143,5
198,143,4
199,143,4
200,143,4
201,143,4
202,143,4
203,143,4
204,143,4
205,143,4
206,143,4
207,143,4
208,143,4
209,143,4
210,143,4
211,143,4
212,143,4
213,143,4
214,143,4
215,143,4
216,143,4
217,143,3
218,143,3
219,143,3
220,143,3
221,143,3
222,143,3
223,143,3
224,143,3
225,143,3
226,143,3
227,143,3
228,143,3
229,143,3
230,143,3
231,143,3
232,143,3
233,143,3
234,143,3
235,143,3
236,143,3
237,143,3
238,143,3
239,143,3
240,143,3
241,143,3
242,143,3
243,143,3
244,143,3
245,143,3
246,143,3
247,143,3
248,143,3
249,143,3
250,143,3
251,143,3
252,143,3
253,143,3
254,143,3
255,143,3
0,144,0
1,144,0
2,144,0
3,144,0
4,144,0
5,144,0
6,144,0
7,144,0
8,144,0
9,144,0
10,144,0
11,144,0
12,144,0
13,144,0
14,144,0
15,144,0
16,144,0
17,144,0
18,144,0
19,144,0
20,144,0
21,144,0
22,144,0
23,144,0
24,144,0
25,144,0
26,144,0
27,144,0
28,144,0
29,144,0
30,144,0
31,144,0
32,144,0
33,144,0
34,144,0
35,144,0
36,144,0
37,144,0
38,144,0
39,144,0
40,144,0
41,144,0
42,144,0
43,144,0
44,144,0
45,144,0
46,144,0
47,144,0
48,144,0
49,144,0
50,144,0
51,144,0
52,144,0
53,144,0
54,144,0
55,144,0
56,144,0
57,144,0
58,144,0
59,144,0
60,144,0
61,144,0
62,144,0
63,144,0
64,144,0
65,144,0
66,144,0
67,144,0
68,144,0
69,144,0
70,144,0
71,144,0
72,144,0
73,144,0
74,144,0
75,144,0
76,144,0
77,144,0
78,144,0
79,144,0
80,144,0
81,144,0
82,144,0
83,144,0
84,144,0
85,144,0
86,144,0
87,144,0
88,144,0
89,144,0
90,144,0
91,144,0
92,144,0
93,144,0
94,144,0
95,144,0
96,144,0
97,144,0
98,144,0
99,144,0
100,144,0
101,144,0
102,144,0
103,144,0
104,144,0
105,144,0
106,144,0
107,144,0
108,144,0
109,144,0
110,144,0
111,144,0
112,144,0
113,144,0
114,144,0
115,144,0
116,144,0
117,144,0
118,144,0
119,144,0
120,144,0
121,144,0
122,144,0
123,144,0
124,144,0
125,144,0
126,144,0
127,144,0
128,144,0
129,144,0
130,144,0
131,144,0
132,144,0
133,144,0
134,144,0
135,144,0
136,144,0
137,144,0
138,144,0
139,144,0
140,144,0
141,144,0
142,144,0
143,144,0
144,144,0
145,144,0
146,144,0
147,144,0
148,144,0
149,144,0
150,144,0
151,144,0
152,144,0
153,144,0
154,144,0
155,144,0
156,144,0
157,144,0
158,144,0
159,144,0
160,144,0
161,144,53
162,144,28
163,144,21
164,144,18
165,144,15
166,144,14
167,144,12
168,144,12
169,144,11
170,144,10
171,144,10
172,144,9
173,144,9
174,144,8
175,144,8
176,144,8
177,144,7
178,144,7
179,144,7
180,144,7
181,144,6
182,144,6
183,144,6
184,144,6
185,144,6
186,144,6
187,144,6
188,144,5
189,144,5
190,144,5
191,144,5
192,144,5
193,144,5
194,144,5
195,144,5
196,144,5
197,144,5
198,144,4
199,144,4
200,144,4
201,144,4
202,144,4
203,144,4
204,144,4
205,144,4
206,144,4
207,144,4
208,144,4
209,144,4
210,144,4
211,144,4
212,144,4
213,144,4
214,144,4
215,144,4
216,144,4
217,144,3
218,144,3
219,144,3
220,144,3
221,144,3
222,144,3
223,144,3
224,144,3
225,144,3
226,144,3
227,144,3
228,144,3
229,144,3
230,144,3
231,144,3
232,144,3
233,144,3
234,144,3
235,144,3
236,144,3
237,144,3
238,144,3
239,144,3
240,144,3
241,144,3
242,144,3
243,144,3
244,144,3
245,144,3
246,144,3
247,144,3
248,144,3
249,144,3
250,144,3
251,144,3
252,144,3
253,144,3
254,144,3
255,144,3
0,145,0
1,145,0
2,145,0
3,145,0
4,145,0
5,145,0
6,145,0
7,145,0
8,145,0
9,145,0
10,145,0
11,145,0
12,145,0
13,145,0
14,145,0
15,145,0
16,145,0
17,145,0
18,145,0
19,145,0
20,145,0
21,145,0
22,145,0
23,145,0
24,145,0
25,145,0
26,145,0
27,145,0
28,145,0
29,145,0
30,145,0
31,145,0
32,145,0
33,145,0
34,145,0
35,145,0
36,145,0
37,145,0
38,145,0
39,145,0
40,145,0
41,145,0
42,145,0
43,145,0
44,145,0
45,145,0
46,145,0
47,145,0
48,145,0
49,145,0
50,145,0
51,145,0
52,145,0
53,145,0
54,145,0
55,145,0
56,145,0
57,145,0
58,145,0
59,145,0
60,145,0
61,145,0
62,145,0
63,145,0
64,145,0
65,145,0
66,145,0
67,145,0
68,145,0
69,145,0
70,145,0
71,145,0
72,145,0
73,145,0
74,145,0
75,145,0
76,145,0
77,145,0
78,145,0
79,145,0
80,145,0
81,145,0
82,145,0
83,145,0
84,145,0
85,145,0
86,145,0
87,145,0
88,145,0
89,145,0
90,145,0
91,145,0
92,145,0
93,145,0
94,145,0
95,145,0
96,145,0
97,145,0
98,145,0
99,145,0
100,145,0
101,145,0
102,145,0
103,145,0
104,145,0
105,145,0
106,145,0
107,145,0
108,145,0
109,145,0
110,145,0
111,145,0
112,145,0
113,145,0
114,145,0
115,145,0
116,145,0
117,145,0
118,145,0
119,145,0
120,145,0
121,145,0
122,145,0
123,145,0
124,145,0
125,145,0
126,145,0
127,145,0
128,145,0
129,145,0
130,145,0
131,145,0
132,145,0
133,145,0
134,145,0
135,145,0
136,145,0
137,145,0
138,145,0
139,145,0
140,145,0
141,145,0
142,145,0
143,145,0
144,145,0
145,145,0
146,145,0
147,145,0
148,145,0
149,145,0
150,145,0
151,145,0
152,145,0
153,145,0
154,145,0
155,145,0
156,145,0
157,145,0
158,145,0
159,145,0
160,145,0
161,145,58
162,145,29
163,145,22
164,145,18
165,145,16
166,145,14
167,145,13
168,145,12
169,145,11
170,145,10
171,145,10
172,145,9
173,145,9
174,145,8
175,145,8
176,145,8
177,145,7
178,145,7
179,145,7
180,145,7
181,145,6
182,145,6
183,145,6
184,145,6
185,145,6
186,145,6
187,145,6
188,145,5
189,145,5
190,145,5
191,145,5
192,145,5
193,145,5
194,145,5
195,145,5
196,145,5
197,145,5
198,145,4
199,145,4
200,145,4
201,145,4
202,145,4
203,145,4
204,145,4
205,145,4
206,145,4
207,145,4
208,145,4
209,145,4
210,145,4
211,145,4
212,145,4
213,145,4
214,145,4
215,145,4
216,145,4
217,145,3
218,145,3
219,145,3
220,145,3
221,145,3
222,145,3
223,145,3
224,145,3
225,145,3
226,145,3
227,145,3
228,145,3
229,145,3
230,145,3
231,145,3
232,145,3
233,145,3
234,145,3
235,145,3
236,145,3
237,145,3
238,145,3
239,145,3
240,145,3
241,145,3
242,145,3
243,145,3
244,145,3
245,145,3
246,145,3
247,145,3
248,145,3
249,145,3
250,145,3
251,145,3
252,145,3
253,145,3
254,145,3
255,145,3
0,146,0
1,146,0
2,146,0
3,146,0
4,146,0
5,146,0
6,146,0
7,146,0
8,146,0
9,146,0
10,146,0
11,146,0
12,146,0
13,146,0
14,146,0
15,146,0
16,146,0
17,146,0
18,146,0
19,146,0
20,146,0
21,146,0
22,146,0
23,146,0
24,146,0
25,146,0
26,146,0
27,146,0
28,146,0
29,146,0
30,146,0
31,146,0
32,146,0
33,146,0
34,146,0
35,146,0
36,146,0
37,146,0
38,146,0
39,146,0
40,146,0
41,146,0
42,146,0
43,146,0
44,146,0
45,146,0
46,146,0
47,146,0
48,146,0
49,146,0
50,146,0
51,146,0
52,146,0
53,146,0
54,146,0
55,146,0
56,146,0
57,146,0
58,146,0
59,146,0
60,146,0
61,146,0
62,146,0
63,146,0
64,146,0
65,146,0
66,146,0
67,146,0
68,146,0
69,146,0
70,146,0
71,146,0
72,146,0
73,146,0
74,146,0
75,146,0
76,146,0
77,146,0
78,146,0
79,146,0
80,146,0
81,146,0
82,146,0
83,146,0
84,146,0
85,146,0
86,146,0
87,146,0
88,146,0
89,146,0
90,146,0
91,146,0
92,146,0
93,146,0
94,146,0
95,146,0
96,146,0
97,146,0
98,146,0
99,146,0
100,146,0
101,146,0
102,146,0
103,146,0
104,146,0
105,146,0
106,146,0
107,146,0
108,146,0
109,146,0
110,146,0
111,146,0
112,146,0
113,146,0
114,146,0
115,146,0
116,146,0
117,146,0
118,146,0
119,146,0
120,146,0
121,146,0
122,146,0
123,146,0
124,146,0
125,146,0
126,146,0
127,146,0
128,146,0
129,146,0
130,146,0
131,146,0
132,146,0
133,146,0
134,146,0
135,146,0
136,146,0
137,146,0
138,146,0
139,146,0
140,146,0
141,146,0
142,146,0
143,146,0
144,146,0
145,146,0
146,146,0
147,146,0
148,146,0
149,146,0
150,146,0
151,146,0
152,146,0
153,146,0
154,146,0
155,146,0
156,146,0
157,146,0
158,146,0
159,146,0
160,146,0
161,146,1
162,146,30
163,146,22
164,146,18
165,146,16
166,146,14
167,146,13
168,146,12
169,146,11
170,146,10
171,146,10
172,146,9
173,146,9
174,146,8
175,146,8
176,146,8
177,146,7
178,146,7
179,146,7
180,146,7
181,146,6
182,146,6
183,146,6
184,146,6
185,146,6
186,146,6
187,146,6
188,146,5
189,146,5
190,146,5
191,146,5
192,146,5
193,146,5
194,146,5
195,146,5
196,146,5
197,146,5
198,146,4
199,146,4
200,146,4
201,146,4
202,146,4
203,146,4
204,146,4
205,146,4
206,146,4
207,146,4
208,146,4
209,146,4
210,146,4
211,146,4
212,146,4
213,146,4
214,146,4
215,146,4
216,146,4
217,146,3
218,146,3
219,146,3
220,146,3
221,146,3
222,146,3
223,146,3
224,146,3
225,146,3
226,146,3
227,146,3
228,146,3
229,146,3
230,146,3
231,146,3
232,146,3
233,146,3
234,146,3
235,146,3
236,146,3
237,146,3
238,146,3
239,146,3
240,146,3
241,146,3
242,146,3
243,146,3
244,146,3
245,146,3
246,146,3
247,146,3
248,146,3
249,146,3
250,146,3
251,146,3
252,146,3
253,146,3
254,146,3
255,146,3
0,147,0
1,147,0
2,147,0
3,147,0
4,147,0
5,147,0
6,147,0
7,147,0
8,147,0
9,147,0
10,147,0
11,147,0
12,147,0
13,147,0
14,147,0
15,147,0
16,147,0
17,147,0
18,147,0
19,147,0
20,147,0
21,147,0
22,147,0
23,147,0
24,147,0
25,147,0
26,147,0
27,147,0
28,147,0
29,147,0
30,147,0
31,147,0
32,147,0
33,147,0
34,147,0
35,147,0
36,147,0
37,147,0
38,147,0
39,147,0
40,147,0
41,147,0
42,147,0
43,147,0
44,147,0
45,147,0
46,147,0
47,147,0
48,147,0
49,147,0
50,147,0
51,147,0
52,147,0
53,147,0
54,147,0
55,147,0
56,147,0
57,147,0
58,147,0
59,147,0
60,147,0
61,147,0
62,147,0
63,147,0
64,147,0
65,147,0
66,147,0
67,147,0
68,147,0
69,147,0
70,147,0
71,147,0
72,147,0
73,147,0
74,147,0
75,147,0
76,147,0
77,147,0
78,147,0
79,147,0
80,147,0
81,147,0
82,147,0
83,147,0
84,147,0
85,147,0
86,147,0
87,147,0
88,147,0
89,147,0
90,147,0
91,147,0
92,147,0
93,147,0
94,147,0
95,147,0
96,147,0
97,147,0
98,147,0
99,147,0
100,147,0
101,147,0
102,147,0
103,147,0
104,147,0
105,147,0
106,147,0
107,147,0
108,147,0
109,147,0
110,147,0
111,147,0
112,147,0
113,147,0
114,147,0
115,147,0
116,147,0
117,147,0
118,147,0
119,147,0
120,147,0
121,147,0
122,147,0
123,147,0
124,147,0
125,147,0
126,147,0
127,147,0
128,147,0
129,147,0
130,147,0
131,147,0
132,147,0
133,147,0
134,147,0
135,147,0
136,147,0
137,147,0
138,147,0
139,147,0
140,147,0
141,147,0
142,147,0
143,147,0
144,147,0
145,147,0
146,147,0
147,147,0
148,147,0
149,147,0
150,147,0
151,147,0
152,147,0
153,147,0
154,147,0
155,147,0
156,147,0
157,147,0
158,147,0
159,147,0
160,147,0
161,147,12
162,147,31
163,147,23
164,147,18
165,147,16
166,147,14
167,147,13
168,147,12
169,147,11
170,147,10
171,147,10
172,147,9
173,147,9
174,147,8
175,147,8
176,147,8
177,147,7
178,147,7
179,147,7
180,147,7
181,147,6
182,147,6
183,147,6
184,147,6
185,147,6
186,147,6
187,147,6
188,147,5
189,147,5
190,147,5
191,147,5
192,147,5
193,147,5
194,147,5
195,147,5
196,147,5
197,147,5
198,147,4
199,147,4
200,147,4
201,147,4
202,147,4
203,147,4
204,147,4
205,147,4
206,147,4
207,147,4
208,147,4
209,147,4
210,147,4
211,147,4
212,147,4
213,147,4
214,147,4
215,147,4
216,147,4
217,147,3
218,147,3
219,147,3
220,147,3
221,147,3
222,147,3
223,147,3
224,147,3
225,147,3
226,147,3
227,147,3
228,147,3
229,147,3
230,147,3
231,147,3
232,147,3
233,147,3
234,147,3
235,147,3
236,147,3
237,147,3
238,147,3
239,147,3
240,147,3
241,147,3
242,147,3
243,147,3
244,147,3
245,147,3
246,147,3
247,147,3
248,147,3
249,147,3
250,147,3
251,147,3
252,147,3
253,147,3
254,147,3
255,147,3
0,148,0
1,148,0
2,148,0
3,148,0
4,148,0
5,148,0
6,148,0
7,148,0
8,148,0
9,148,0
10,148,0
11,148,0
12,148,0
13,148,0
14,148,0
15,148,0
16,148,0
17,148,0
18,148,0
19,148,0
20,148,0
21,148,0
22,148,0
23,148,0
24,148,0
25,148,0
26,148,0
27,148,0
28,148,0
29,148,0
30,148,0
31,148,0
32,148,0
33,148,0
34,148,0
35,148,0
36,148,0
37,148,0
38,148,0
39,148,0
40,148,0
41,148,0
42,148,0
43,148,0
44,148,0
45,148,0
46,148,0
47,148,0
48,148,0
49,148,0
50,148,0
51,148,0
52,148,0
53,148,0
54,148,0
55,148,0
56,148,0
57,148,0
58,148,0
59,148,0
60,148,0
61,148,0
62,148,0
63,148,0
64,148,0
65,148,0
66,148,0
67,148,0
68,148,0
69,148,0
70,148,0
71,148,0
72,148,0
73,148,0
74,148,0
75,148,0
76,148,0
77,148,0
78,148,0
79,148,0
80,148,0
81,148,0
82,148,0
83,148,0
84,148,0
85,148,0
86,148,0
87,148,0
88,148,0
89,148,0
90,148,0
91,148,0
92,148,0
93,148,0
94,148,0
95,148,0
96,148,0
97,148,0
98,148,0
99,148,0
100,148,0
101,148,0
102,148,0
103,148,0
104,148,0
105,148,0
106,148,0
107,148,0
108,148,0
109,148,0
110,148,0
111,148,0
112,148,0
113,148,0
114,148,0
115,148,0
116,148,0
117,148,0
118,148,0
119,148,0
120,148,0
121,148,0
122,148,0
123,148,0
124,148,0
125,148,0
126,148,0
127,148,0
128,148,0
129,148,0
130,148,0
131,148,0
132,148,0
133,148,0
134,148,0
135,148,0
136,148,0
137,148,0
138,148,0
139,148,0
140,148,0
141,148,0
142,148,0
143,148,0
144,148,0
145,148,0
146,148,0
147,148,0
148,148,0
149,148,0
150,148,0
151,148,0
152,148,0
153,148,0
154,148,0
155,148,0
156,148,0
157,148,0
158,148,0
159,148,0
160,148,0
161,148,34
162,148,32
163,148,23
164,148,19
165,148,16
166,148,14
167,148,13
168,148,12
169,148,11
170,148,10
171,148,10
172,148,9
173,148,9
174,148,8
175,148,8
176,148,8
177,148,7
178,148,7
179,148,7
180,148,7
181,148,6
182,148,6
183,148,6
184,148,6
185,148,6
186,148,6
187,148,6
188,148,5
189,148,5
190,148,5
191,148,5
192,148,5
193,148,5
194,148,5
195,148,5
196,148,5
197,148,5
198,148,4
199,148,4
200,148,4
201,148,4
202,148,4
203,148,4
204,148,4
205,148,4
206,148,4
207,148,4
208,148,4
209,148,4
210,148,4
211,148,4
212,148,4
213,148,4
214,148,4
215,148,4
216,148,4
217,148,3
218,148,3
219,148,3
220,148,3
221,148,3
222,148,3
223,148,3
224,148,3
225,148,3
226,148,3
227,148,3
228,148,3
229,148,3
230,148,3
231,148,3
232,148,3
233,148,3
234,148,3
235,148,3
236,148,3
237,148,3
238,148,3
239,148,3
240,148,3
241,148,3
242,148,3
243,148,3
244,148,3
245,148,3
246,148,3
247,148,3
248,148,3
249,148,3
250,148,3
251,148,3
252,148,3
253,148,3
254,148,3
255,148,3
0,149,0
1,149,0
2,149,0
3,149,0
4,149,0
5,149,0
6,149,0
7,149,0
8,149,0
9,149,0
10,149,0
11,149,0
12,149,0
13,149,0
14,149,0
15,149,0
16,149,0
17,149,0
18,149,0
19,149,0
20,149,0
21,149,0
22,149,0
23,149,0
24,149,0
25,149,0
26,149,0
27,149,0
28,149,0
29,149,0
30,149,0
31,149,0
32,149,0
33,149,0
34,149,0
35,149,0
36,149,0
37,149,0
38,149,0
39,149,0
40,149,0
41,149,0
42,149,0
43,149,0
44,149,0
45,149,0
46,149,0
47,149,0
48,149,0
49,149,0
50,149,0
51,149,0
52,149,0
53,149,0
54,149,0
55,149,0
56,149,0
57,149,0
58,149,0
59,149,0
60,149,0
61,149,0
62,149,0
63,149,0
64,149,0
65,149,0
66,149,0
67,149,0
68,149,0
69,149,0
70,149,0
71,149,0
72,149,0
73,149,0
74,149,0
75,149,0
76,149,0
77,149,0
78,149,0
79,149,0
80,149,0
81,149,0
82,149,0
83,149,0
84,149,0
85,149,0
86,149,0
87,149,0
88,149,0
89,149,0
90,149,0
91,149,0
92,149,0
93,149,0
94,149,0
95,149,0
96,149,0
97,149,0
98,149,0
99,149,0
100,149,0
101,149,0
102,149,0
103,149,0
104,149,0
105,149,0
106,149,0
107,149,0
108,149,0
109,149,0
110,149,0
111,149,0
112,149,0
113,149,0
114,149,0
115,149,0
116,149,0
117,149,0
118,149,0
119,149,0
120,149,0
121,149,0
122,149,0
123,149,0
124,149,0
125,149,0
126,149,0
127,149,0
128,149,0
129,149,0
130,149,0
131,149,0
132,149,0
133,149,0
134,149,0
135,149,0
136,149,0
137,149,0
138,149,0
139,149,0
140,149,0
141,149,0
142,149,0
143,149,0
144,149,0
145,149,0
146,149,0
147,149,0
148,149,0
149,149,0
150,149,0
151,149,0
152,149,0
153,149,0
154,149,0
155,149,0
156,149,0
157,149,0
158,149,0
159,149,0
160,149,0
161,149,0
162,149,34
163,149,24
164,149,19
165,149,16
166,149,14
167,149,13
168,149,12
169,149,11
170,149,10
171,149,10
172,149,9
173,149,9
174,149,8
175,149,8
176,149,8
177,149,7
178,149,7
179,149,7
180,149,7
181,149,7
182,149,6
183,149,6
184,149,6
185,149,6
186,149,6
187,149,6
188,149,5
189,149,5
190,149,5
191,149,5
192,149,5
193,149,5
194,149,5
195,149,5
196,149,5
197,149,5
198,149,4
199,149,4
200,149,4
201,149,4
202,149,4
203,149,4
204,149,4
205,149,4
206,149,4
207,149,4
208,149,4
209,149,4
210,149,4
211,149,4
212,149,4
213,149,4
214,149,4
215,149,4
216,149,4
217,149,3
218,149,3
219,149,3
220,149,3
221,149,3
222,149,3
223,149,3
224,149,3
225,149,3
226,149,3
227,149,3
228,149,3
229,149,3
230,149,3
231,149,3
232,149,3
233,149,3
234,149,3
235,149,3
236,149,3
237,149,3
238,149,3
239,149,3
240,149,3
241,149,3
242,149,3
243,149,3
244,149,3
245,149,3
246,149,3
247,149,3
248,149,3
249,149,3
250,149,3
251,149,3
252,149,3
253,149,3
254,149,3
255,149,3
0,150,0
1,150,0
2,150,0
3,150,0
4,150,0
5,150,0
6,150,0
7,150,0
8,150,0
9,150,0
10,150,0
11,150,0
12,150,0
13,150,0
14,150,0
15,150,0
16,150,0
17,150,0
18,150,0
19,150,0
20,150,0
21,150,0
22,150,0
23,150,0
24,150,0
25,150,0
26,150,0
27,150,0
28,150,0
29,150,0
30,150,0
31,150,0
32,150,0
33,150,0
34,150,0
35,150,0
36,150,0
37,150,0
38,150,0
39,150,0
40,150,0
41,150,0
42,150,0
43,150,0
44,150,0
45,150,0
46,150,0
47,150,0
48,150,0
49,150,0
50,150,0
51,150,0
52,150,0
53,150,0
54,150,0
55,150,0
56,150,0
57,150,0
58,150,0
59,150,0
60,150,0
61,150,0
62,150,0
63,150,0
64,150,0
65,150,0
66,150,0
67,150,0
68,150,0
69,150,0
70,150,0
71,150,0
72,150,0
73,150,0
74,150,0
75,150,0
76,150,0
77,150,0
78,150,0
79,150,0
80,150,0
81,150,0
82,150,0
83,150,0
84,150,0
85,150,0
86,150,0
87,150,0
88,150,0
89,150,0
90,150,0
91,150,0
92,150,0
93,150,0
94,150,0
95,150,0
96,150,0
97,150,0
98,150,0
99,150,0
100,150,0
101,150,0
102,150,0
103,150,0
104,150,0
105,150,0
106,150,0
107,150,0
108,150,0
109,150,0
110,150,0
111,150,0
112,150,0
113,150,0
114,150,0
115,150,0
116,150,0
117,150,0
118,150,0
119,150,0
120,150,0
121,150,0
122,150,0
123,150,0
124,150,0
125,150,0
126,150,0
127,150,0
128,150,0
129,150,0
130,150,0
131,150,0
132,150,0
133,150,0
134,150,0
135,150,0
136,150,0
137,150,0
138,150,0
139,150,0
140,150,0
141,150,0
142,150,0
143,150,0
144,150,0
145,150,0
146,150,0
147,150,0
148,150,0
149,150,0
150,150,0
151,150,0
152,150,0
153,150,0
154,150,0
155,150,0
156,150,0
157,150,0
158,150,0
159,150,0
160,150,0
161,150,0
162,150,35
163,150,24
164,150,19
165,150,17
166,150,15
167,150,13
168,150,12
169,150,11
170,150,10
171,150,10
172,150,9
173,150,9
174,150,8
175,150,8
176,150,8
177,150,8
178,150,7
179,150,7
180,150,7
181,150,7
182,150,6
183,150,6
184,150,6
185,150,6
186,150,6
187,150,6
188,150,5
189,150,5
190,150,5
191,150,5
192,150,5
193,150,5
194,150,5
195,150,5
196,150,5
197,150,5
198,150,5
199,150,4
200,150,4
201,150,4
202,150,4
203,150,4
204,150,4
205,150,4
206,150,4
207,150,4
208,150,4
209,150,4
210,150,4
211,150,4
212,150,4
213,150,4
214,150,4
215,150,4
216,150,4
217,150,3
218,150,3
219,150,3
220,150,3
221,150,3
222,150,3
223,150,3
224,150,3
225,150,3
226,150,3
227,150,3
228,150,3
229,150,3
230,150,3
231,150,3
232,150,3
233,150,3
234,150,3
235,150,3
236,150,3
237,150,3
238,150,3
239,150,3
240,150,3
241,150,3
242,150,3
243,150,3
244,150,3
245,150,3
246,150,3
247,150,3
248,150,3
249,150,3
250,150,3
251,150,3
252,150,3
253,150,3
254,150,3
255,150,3
0,151,0
1,151,0
2,151,0
3,151,0
4,151,0
5,151,0
6,151,0
7,151,0
8,151,0
9,151,0
10,151,0
11,151,0
12,151,0
13,151,0
14,151,0
15,151,0
16,151,0
17,151,0
18,151,0
19,151,0
20,151,0
21,151,0
22,151,0
23,151,0
24,151,0
25,151,0
26,151,0
27,151,0
28,151,0
29,151,0
30,151,0
31,151,0
32,151,0
33,151,0
34,151,0
35,151,0
36,151,0
37,151,0
38,151,0
39,151,0
40,151,0
41,151,0
42,151,0
43,151,0
44,151,0
45,151,0
46,151,0
47,151,0
48,151,0
49,151,0
50,151,0
51,151,0
52,151,0
53,151,0
54,151,0
55,151,0
56,151,0
57,151,0
58,151,0
59,151,0
60,151,0
61,151,0
62,151,0
63,151,0
64,151,0
65,151,0
66,151,0
67,151,0
68,151,0
69,151,0
70,151,0
71,151,0
72,151,0
73,151,0
74,151,0
75,151,0
76,151,0
77,151,0
78,151,0
79,151,0
80,151,0
81,151,0
82,151,0
83,151,0
84,151,0
85,151,0
86,151,0
87,151,0
88,151,0
89,151,0
90,151,0
91,151,0
92,151,0
93,151,0
94,151,0
95,151,0
96,151,0
97,151,0
98,151,0
99,151,0
100,151,0
101,151,0
102,151,0
103,151,0
104,151,0
105,151,0
106,151,0
107,151,0
108,151,0
109,151,0
110,151,0
111,151,0
112,151,0
113,151,0
114,151,0
115,151,0
116,151,0
117,151,0
118,151,0
119,151,0
120,151,0
121,151,0
122,151,0
123,151,0
124,151,0
125,151,0
126,151,0
127,151,0
128,151,0
129,151,0
130,151,0
131,151,0
132,151,0
133,151,0
134,151,0
135,151,0
136,151,0
137,151,0
138,151,0
139,151,0
140,151,0
141,151,0
142,151,0
143,151,0
144,151,0
145,151,0
146,151,0
147,151,0
148,151,0
149,151,0
150,151,0
151,151,0
152,151,0
153,151,0
154,151,0
155,151,0
156,151,0
157,151,0
158,151,0
159,151,0
160,151,0
161,151,0
162,151,37
163,151,25
164,151,20
165,151,17
166,151,15
167,151,13
168,151,12
169,151,11
170,151,11
171,151,10
172,151,9
173,151,9
174,151,9
175,151,8
176,151,8
177,151,8
178,151,7
179,151,7
180,151,7
181,151,7
182,151,6
183,151,6
184,151,6
185,151,6
186,151,6
187,151,6
188,151,6
189,151,5
190,151,5
191,151,5
192,151,5
193,151,5
194,151,5
195,151,5
196,151,5
197,151,5
198,151,5
199,151,4
200,151,4
201,151,4
202,151,4
203,151,4
204,151,4
205,151,4
206,151,4
207,151,4
208,151,4
209,151,4
210,151,4
211,151,4
212,151,4
213,151,4
214,151,4
215,151,4
216,151,4
217,151,4
218,151,3
219,151,3
220,151,3
221,151,3
222,151,3
223,151,3
224,151,3
225,151,3
226,151,3
227,151,3
228,151,3
229,151,3
230,151,3
231,151,3
232,151,3
233,151,3
234,151,3
235,151,3
236,151,3
237,151,3
238,151,3
239,151,3
240,151,3
241,151,3
242,151,3
243,151,3
244,151,3
245,151,3
246,151,3
247,151,3
248,151,3
249,151,3
250,151,3
251,151,3
252,151,3
253,151,3
254,151,3
255,151,3
0,152,0
1,152,0
2,152,0
3,152,0
4,152,0
5,152,0
6,152,0
7,152,0
8,152,0
9,152,0
10,152,0
11,152,0
12,152,0
13,152,0
14,152,0
15,152,0
16,152,0
17,152,0
18,152,0
19,152,0
20,152,0
21,152,0
22,152,0
23,152,0
24,152,0
25,152,0
26,152,0
27,152,0
28,152,0
29,152,0
30,152,0
31,152,0
32,152,0
33,152,0
34,152,0
35,152,0
36,152,0
37,152,0
38,152,0
39,152,0
40,152,0
41,152,0
42,152,0
43,152,0
44,152,0
45,152,0
46,152,0
47,152,0
48,152,0
49,152,0
50,152,0
51,152,0
52,152,0
53,152,0
54,152,0
55,152,0
56,152,0
57,152,0
58,152,0
59,152,0
60,152,0
61,152,0
62,152,0
63,152,0
64,152,0
65,152,0
66,152,0
67,152,0
68,152,0
69,152,0
70,152,0
71,152,0
72,152,0
73,152,0
74,152,0
75,152,0
76,152,0
77,152,0
78,152,0
79,152,0
80,152,0
81,152,0
82,152,0
83,152,0
84,152,0
85,152,0
86,152,0
87,152,0
88,152,0
89,152,0
90,152,0
91,152,0
92,152,0
93,152,0
94,152,0
95,152,0
96,152,0
97,152,0
98,152,0
99,152,0
100,152,0
101,152,0
102,152,0
103,152,0
104,152,0
105,152,0
106,152,0
107,152,0
108,152,0
109,152,0
110,152,0
111,152,0
112,152,0
113,152,0
114,152,0
115,152,0
116,152,0
117,152,0
118,152,0
119,152,0
120,152,0
121,152,0
122,152,0
123,152,0
124,152,0
125,152,0
126,152,0
127,152,0
128,152,0
129,152,0
130,152,0
131,152,0
132,152,0
133,152,0
134,152,0
135,152,0
136,152,0
137,152,0
138,152,0
139,152,0
140,152,0
141,152,0
142,152,0
143,152,0
144,152,0
145,152,0
146,152,0
147,152,0
148,152,0
149,152,0
150,152,0
151,152,0
152,152,0
153,152,0
154,152,0
155,152,0
156,152,0
157,152,0
158,152,0
159,152,0
160,152,0
161,152,0
162,152,40
163,152,26
164,152,20
165,152,17
166,152,15
167,152,14
168,152,12
169,152,11
170,152,11
171,152,10
172,152,10
173,152,9
174,152,9
175,152,8
176,152,8
177,152,8
178,152,7
179,152,7
180,152,7
181,152,7
182,152,6
183,152,6
184,152,6
185,152,6
186,152,6
187,152,6
188,152,6
189,152,5
190,152,5
191,152,5
192,152,5
193,152,5
194,152,5
195,152,5
196,152,5
197,152,5
198,152,5
199,152,4
200,152,4
201,152,4
202,152,4
203,152,4
204,152,4
205,152,4
206,152,4
207,152,4
208,152,4
209,152,4
210,152,4
211,152,4
212,152,4
213,152,4
214,152,4
215,152,4
216,152,4
217,152,4
218,152,3
219,152,3
220,152,3
221,152,3
222,152,3
223,152,3
224,152,3
225,152,3
226,152,3
227,152,3
228,152,3
229,152,3
230,152,3
231,152,3
232,152,3
233,152,3
234,152,3
235,152,3
236,152,3
237,152,3
238,152,3
239,152,3
240,152,3
241,152,3
242,152,3
243,152,3
244,152,3
245,152,3
246,152,3
247,152,3
248,152,3
249,152,3
250,152,3
251,152,3
252,152,3
253,152,3
254,152,3
255,152,3
0,153,0
1,153,0
2,153,0
3,153,0
4,153,0
5,153,0
6,153,0
7,153,0
8,153,0
9,153,0
10,153,0
11,153,0
12,153,0
13,153,0
14,153,0
15,153,0
16,153,0
17,153,0
18,153,0
19,153,0
20,153,0
21,153,0
22,153,0
23,153,0
24,153,0
25,153,0
26,153,0
27,153,0
28,153,0
29,153,0
30,153,0
31,153,0
32,153,0
33,153,0
34,153,0
35,153,0
36,153,0
37,153,0
38,153,0
39,153,0
40,153,0
41,153,0
42,153,0
43,153,0
44,153,0
45,153,0
46,153,0
47,153,0
48,153,0
49,153,0
50,153,0
51,153,0
52,153,0
53,153,0
54,153,0
55,153,0
56,153,0
57,153,0
58,153,0
59,153,0
60,153,0
61,153,0
62,153,0
63,153,0
64,153,0
65,153,0
66,153,0
67,153,0
68,153,0
69,153,0
70,153,0
71,153,0
72,153,0
73,153,0
74,153,0
75,153,0
76,153,0
77,153,0
78,153,0
79,153,0
80,153,0
81,153,0
82,153,0
83,153,0
84,153,0
85,153,0
86,153,0
87,153,0
88,153,0
89,153,0
90,153,0
91,153,0
92,153,0
93,153,0
94,153,0
95,153,0
96,153,0
97,153,0
98,153,0
99,153,0
100,153,0
101,153,0
102,153,0
103,153,0
104,153,0
105,153,0
106,153,0
107,153,0
108,153,0
109,153,0
110,153,0
111,153,0
112,153,0
113,153,0
114,153,0
115,153,0
116,153,0
117,153,0
118,153,0
119,153,0
120,153,0
121,153,0
122,153,0
123,153,0
124,153,0
125,153,0
126,153,0
127,153,0
128,153,0
129,153,0
130,153,0
131,153,0
132,153,0
133,153,0
134,153,0
135,153,0
136,153,0
137,153,0
138,153,0
139,153,0
140,153,0
141,153,0
142,153,0
143,153,0
144,153,0
145,153,0
146,153,0
147,153,0
148,153,0
149,153,0
150,153,0
151,153,0
152,153,0
153,153,0
154,153,0
155,153,0
156,153,0
157,153,0
158,153,0
159,153,0
160,153,0
161,153,0
162,153,43
163,153,27
164,153,21
165,153,17
166,153,15
167,153,14
168,153,13
169,153,12
170,153,11
171,153,10
172,153,10
173,153,9
174,153,9
175,153,8
176,153,8
177,153,8
178,153,7
179,153,7
180,153,7
181,153,7
182,153,6
183,153,6
184,153,6
185,153,6
186,153,6
187,153,6
188,153,6
189,153,5
190,153,5
191,153,5
192,153,5
193,153,5
194,153,5
195,153,5
196,153,5
197,153,5
198,153,5
199,153,4
200,153,4
201,153,4
202,153,4
203,153,4
204,153,4
205,153,4
206,153,4
207,153,4
208,153,4
209,153,4
210,153,4
211,153,4
212,153,4
213,153,4
214,153,4
215,153,4
216,153,4
217,153,4
218,153,3
219,153,3
220,153,3
221,153,3
222,153,3
223,153,3
224,153,3
225,153,3
226,153,3
227,153,3
228,153,3
229,153,3
230,153,3
231,153,3
232,153,3
233,153,3
234,153,3
235,153,3
236,153,3
237,153,3
238,153,3
239,153,3
240,153,3
241,153,3
242,153,3
243,153,3
244,153,3
245,153,3
246,153,3
247,153,3
248,153,3
249,153,3
250,153,3
251,153,3
252,153,3
253,153,3
254,153,3
255,153,3
0,154,0
1,154,0
2,154,0
3,154,0
4,154,0
5,154,0
6,154,0
7,154,0
8,154,0
9,154,0
10,154,0
11,154,0
12,154,0
13,154,0
14,154,0
15,154,0
16,154,0
17,154,0
18,154,0
19,154,0
20,154,0
21,154,0
22,154,0
23,154,0
24,154,0
25,154,0
26,154,0
27,154,0
28,154,0
29,154,0
30,154,0
31,154,0
32,154,0
33,154,0
34,154,0
35,154,0
36,154,0
37,154,0
38,154,0
39,154,0
40,154,0
41,154,0
42,154,0
43,154,0
44,154,0
45,154,0
46,154,0
47,154,0
48,154,0
49,154,0
50,154,0
51,154,0
52,154,0
53,154,0
54,154,0
55,154,0
56,154,0
57,154,0
58,154,0
59,154,0
60,154,0
61,154,0
62,154,0
63,154,0
64,154,0
65,154,0
66,154,0
67,154,0
68,154,0
69,154,0
70,154,0
71,154,0
72,154,0
73,154,0
74,154,0
75,154,0
76,154,0
77,154,0
78,154,0
79,154,0
80,154,0
81,154,0
82,154,0
83,154,0
84,154,0
85,154,0
86,154,0
87,154,0
88,154,0
89,154,0
90,154,0
91,154,0
92,154,0
93,154,0
94,154,0
95,154,0
96,154,0
97,154,0
98,154,0
99,154,0
100,154,0
101,154,0
102,154,0
103,154,0
104,154,0
105,154,0
106,154,0
107,154,0
108,154,0
109,154,0
110,154,0
111,154,0
112,154,0
113,154,0
114,154,0
115,154,0
116,154,0
117,154,0
118,154,0
119,154,0
120,154,0
121,154,0
122,154,0
123,154,0
124,154,0
125,154,0
126,154,0
127,154,0
128,154,0
129,154,0
130,154,0
131,154,0
132,154,0
133,154,0
134,154,0
135,154,0
136,154,0
137,154,0
138,154,0
139,154,0
140,154,0
141,154,0
142,154,0
143,154,0
144,154,0
145,154,0
146,154,0
147,154,0
148,154,0
149,154,0
150,154,0
151,154,0
152,154,0
153,154,0
154,154,0
155,154,0
156,154,0
157,154,0
158,154,0
159,154,0
160,154,0
161,154,0
162,154,47
163,154,28
164,154,21
165,154,18
166,154,16
167,154,14
168,154,13
169,154,12
170,154,11
171,154,10
172,154,10
173,154,9
174,154,9
175,154,8
176,154,8
177,154,8
178,154,7
179,154,7
180,154,7
181,154,7
182,154,6
183,154,6
184,154,6
185,154,6
186,154,6
187,154,6
188,154,6
189,154,5
190,154,5
191,154,5
192,154,5
193,154,5
194,154,5
195,154,5
196,154,5
197,154,5
198,154,5
199,154,4
200,154,4
201,154,4
202,154,4
203,154,4
204,154,4
205,154,4
206,154,4
207,154,4
208,154,4
209,154,4
210,154,4
211,154,4
212,154,4
213,154,4
214,154,4
215,154,4
216,154,4
217,154,4
218,154,3
219,154,3
220,154,3
221,154,3
222,154,3
223,154,3
224,154,3
225,154,3
226,154,3
227,154,3
228,154,3
229,154,3
230,154,3
231,154,3
232,154,3
233,154,3
234,154,3
235,154,3
236,154,3
237,154,3
238,154,3
239,154,3
240,154,3
241,154,3
242,154,3
243,154,3
244,154,3
245,154,3
246,154,3
247,154,3
248,154,3
249,154,3
250,154,3
251,154,3
252,154,3
253,154,3
254,154,3
255,154,3
0,155,0
1,155,0
2,155,0
3,155,0
4,155,0
5,155,0
6,155,0
7,155,0
8,155,0
9,155,0
10,155,0
11,155,0
12,155,0
13,155,0
14,155,0
15,155,0
16,155,0
17,155,0
18,155,0
19,155,0
20,155,0
21,155,0
22,155,0
23,155,0
24,155,0
25,155,0
26,155,0
27,155,0
28,155,0
29,155,0
30,155,0
31,155,0
32,155,0
33,155,0
34,155,0
35,155,0
36,155,0
37,155,0
38,155,0
39,155,0
40,155,0
41,155,0
42,155,0
43,155,0
44,155,0
45,155,0
46,155,0
47,155,0
48,155,0
49,155,0
50,155,0
51,155,0
52,155,0
53,155,0
54,155,0
55,155,0
56,155,0
57,155,0
58,155,0
59,155,0
60,155,0
61,155,0
62,155,0
63,155,0
64,155,0
65,155,0
66,155,0
67,155,0
68,155,0
69,155,0
70,155,0
71,155,0
72,155,0
73,155,0
74,155,0
75,155,0
76,155,0
77,155,0
78,155,0
79,155,0
80,155,0
81,155,0
82,155,0
83,155,0
84,155,0
85,155,0
86,155,0
87,155,0
88,155,0
89,155,0
90,155,0
91,155,0
92,155,0
93,155,0
94,155,0
95,155,0
96,155,0
97,155,0
98,155,0
99,155,0
100,155,0
101,155,0
102,155,0
103,155,0
104,155,0
105,155,0
106,155,0
107,155,0
108,155,0
109,155,0
110,155,0
111,155,0
112,155,0
113,155,0
114,155,0
115,155,0
116,155,0
117,155,0
118,155,0
119,155,0
120,155,0
121,155,0
122,155,0
123,155,0
124,155,0
125,155,0
126,155,0
127,155,0
128,155,0
129,155,0
130,155,0
131,155,0
132,155,0
133,155,0
134,155,0
135,155,0
136,155,0
137,155,0
138,155,0
139,155,0
140,155,0
141,155,0
142,155,0
143,155,0
144,155,0
145,155,0
146,155,0
147,155,0
148,155,0
149,155,0
150,155,0
151,155,0
152,155,0
153,155,0
154,155,0
155,155,0
156,155,0
157,155,0
158,155,0
159,155,0
160,155,0
161,155,0
162,155,53
163,155,29
164,155,22
165,155,18
166,155,16
167,155,14
168,155,13
169,155,12
170,155,11
171,155,10
172,155,10
173,155,9
174,155,9
175,155,8
176,155,8
177,155,8
178,155,7
179,155,7
180,155,7
181,155,7
182,155,7
183,155,6
184,155,6
185,155,6
186,155,6
187,155,6
188,155,6
189,155,5
190,155,5
191,155,5
192,155,5
193,155,5
194,155,5
195,155,5
196,155,5
197,155,5
198,155,5
199,155,4
200,155,4
201,155,4
202,155,4
203,155,4
204,155,4
205,155,4
206,155,4
207,155,4
208,155,4
209,155,4
210,155,4
211,155,4
212,155,4
213,155,4
214,155,4
215,155,4
216,155,4
217,155,4
218,155,3
219,155,3
220,155,3
221,155,3
222,155,3
223,155,3
224,155,3
225,155,3
226,155,3
227,155,3
228,155,3
229,155,3
230,155,3
231,155,3
232,155,3
233,155,3
234,155,3
235,155,3
236,155,3
237,155,3
238,155,3
239,155,3
240,155,3
241,155,3
242,155,3
243,155,3
244,155,3
245,155,3
246,155,3
247,155,3
248,155,3
249,155,3
250,155,3
251,155,3
252,155,3
253,155,3
254,155,3
255,155,3
0,156,0
1,156,0
2,156,0
3,156,0
4,156,0
5,156,0
6,156,0
7,156,0
8,156,0
9,156,0
10,156,0
11,156,0
12,156,0
13,156,0
14,156,0
15,156,0
16,156,0
17,156,0
18,156,0
19,156,0
20,156,0
21,156,0
22,156,0
23,156,0
24,156,0
25,156,0
26,156,0
27,156,0
28,156,0
29,156,0
30,156,0
31,156,0
32,156,0
33,156,0
34,156,0
35,156,0
36,156,0
37,156,0
38,156,0
39,156,0
40,156,0
41,156,0
42,156,0
43,156,0
44,156,0
45,156,0
46,156,0
47,156,0
48,156,0
49,156,0
50,156,0
51,156,0
52,156,0
53,156,0
54,156,0
55,156,0
56,156,0
57,156,0
58,156,0
59,156,0
60,156,0
61,156,0
62,156,0
63,156,0
64,156,0
65,156,0
66,156,0
67,156,0
68,156,0
69,156,0
70,156,0
71,156,0
72,156,0
73,156,0
74,156,0
75,156,0
76,156,0
77,156,0
78,156,0
79,156,0
80,156,0
81,156,0
82,156,0
83,156,0
84,156,0
85,156,0
86,156,0
87,156,0
88,156,0
89,156,0
90,156,0
91,156,0
92,156,0
93,156,0
94,156,0
95,156,0
96,156,0
97,156,0
98,156,0
99,156,0
100,156,0
101,156,0
102,156,0
103,156,0
104,156,0
105,156,0
106,156,0
107,156,0
108,156,0
109,156,0
110,156,0
111,156,0
112,156,0
113,156,0
114,156,0
115,156,0
116,156,0
117,156,0
118,156,0
119,156,0
120,156,0
121,156,0
122,156,0
123,156,0
124,156,0
125,156,0
126,156,0
127,156,0
128,156,0
129,156,0
130,156,0
131,156,0
132,156,0
133,156,0
134,156,0
135,156,0
136,156,0
137,156,0
138,156,0
139,156,0
140,156,0
141,156,0
142,156,0
143,156,0
144,156,0
145,156,0
146,156,0
147,156,0
148,156,0
149,156,0
150,156,0
151,156,0
152,156,0
153,156,0
154,156,0
155,156,0
156,156,0
157,156,0
158,156,0
159,156,0
160,156,0
161,156,0
162,156,62
163,156,30
164,156,22
165,156,19
166,156,16
167,156,14
168,156,13
169,156,12
170,156,11
171,156,10
172,156,10
173,156,9
174,156,9
175,156,8
176,156,8
177,156,8
178,156,8
179,156,7
180,156,7
181,156,7
182,156,7
183,156,6
184,156,6
185,156,6
186,156,6
187,156,6
188,156,6
189,156,5
190,156,5
191,156,5
192,156,5
193,156,5
194,156,5
195,156,5
196,156,5
197,156,5
198,156,5
199,156,4
200,156,4
201,156,4
202,156,4
203,156,4
204,156,4
205,156,4
206,156,4
207,156,4
208,156,4
209,156,4
210,156,4
211,156,4
212,156,4
213,156,4
214,156,4
215,156,4
216,156,4
217,156,4
218,156,3
219,156,3
220,156,3
221,156,3
222,156,3
223,156,3
224,156,3
225,156,3
226,156,3
227,156,3
228,156,3
229,156,3
230,156,3
231,156,3
232,156,3
233,156,3
234,156,3
235,156,3
236,156,3
237,156,3
238,156,3
239,156,3
240,156,3
241,156,3
242,156,3
243,156,3
244,156,3
245,156,3
246,156,3
247,156,3
248,156,3
249,156,3
250,156,3
251,156,3
252,156,3
253,156,3
254,156,3
255,156,3
0,157,0
1,157,0
2,157,0
3,157,0
4,157,0
5,157,0
6,157,0
7,157,0
8,157,0
9,157,0
10,157,0
11,157,0
12,157,0
13,157,0
14,157,0
15,157,0
16,157,0
17,157,0
18,157,0
19,157,0
20,157,0
21,157,0
22,157,0
23,157,0
24,157,0
25,157,0
26,157,0
27,157,0
28,157,0
29,157,0
30,157,0
31,157,0
32,157,0
33,157,0
34,157,0
35,157,0
36,157,0
37,157,0
38,157,0
39,157,0
40,157,0
41,157,0
42,157,0
43,157,0
44,157,0
45,157,0
46,157,0
47,157,0
48,157,0
49,157,0
50,157,0
51,157,0
52,157,0
53,157,0
54,157,0
55,157,0
56,157,0
57,157,0
58,157,0
59,157,0
60,157,0
61,157,0
62,157,0
63,157,0
64,157,0
65,157,0
66,157,0
67,157,0
68,157,0
69,157,0
70,157,0
71,157,0
72,157,0
73,157,0
74,157,0
75,157,0
76,157,0
77,157,0
78,157,0
79,157,0
80,157,0
81,157,0
82,157,0
83,157,0
84,157,0
85,157,0
86,157,0
87,157,0
88,157,0
89,157,0
90,157,0
91,157,0
92,157,0
93,157,0
94,157,0
95,157,0
96,157,0
97,157,0
98,157,0
99,157,0
100,157,0
101,157,0
102,157,0
103,157,0
104,157,0
105,157,0
106,157,0
107,157,0
108,157,0
109,157,0
110,157,0
111,157,0
112,157,0
113,157,0
114,157,0
115,157,0
116,157,0
117,157,0
118,157,0
119,157,0
120,157,0
121,157,0
122,157,0
123,157,0
124,157,0
125,157,0
126,157,0
127,157,0
128,157,0
129,157,0
130,157,0
131,157,0
132,157,0
133,157,0
134,157,0
135,157,0
136,157,0
137,157,0
138,157,0
139,157,0
140,157,0
141,157,0
142,157,0
143,157,0
144,157,0
145,157,0
146,157,0
147,157,0
148,157,0
149,157,0
150,157,0
151,157,0
152,157,0
153,157,0
154,157,0
155,157,0
156,157,0
157,157,0
158,157,0
159,157,0
160,157,0
161,157,0
162,157,14
163,157,32
164,157,23
165,157,19
166,157,16
167,157,15
168,157,13
169,157,12
170,157,11
171,157,11
172,157,10
173,157,9
174,157,9
175,157,9
176,157,8
177,157,8
178,157,8
179,157,7
180,157,7
181,157,7
182,157,7
183,157,6
184,157,6
185,157,6
186,157,6
187,157,6
188,157,6
189,157,6
190,157,5
191,157,5
192,157,5
193,157,5
194,157,5
195,157,5
196,157,5
197,157,5
198,157,5
199,157,5
200,157,4
201,157,4
202,157,4
203,157,4
204,157,4
205,157,4
206,157,4
207,157,4
208,157,4
209,157,4
210,157,4
211,157,4
212,157,4
213,157,4
214,157,4
215,157,4
216,157,4
217,157,4
218,157,4
219,157,3
220,157,3
221,157,3
222,157,3
223,157,3
224,157,3
225,157,3
226,157,3
227,157,3
228,157,3
229,157,3
230,157,3
231,157,3
232,157,3
233,157,3
234,157,3
235,157,3
236,157,3
237,157,3
238,157,3
239,157,3
240,157,3
241,157,3
242,157,3
243,157,3
244,157,3
245,157,3
246,157,3
247,157,3
248,157,3
249,157,3
250,157,3
251,157,3
252,157,3
253,157,3
254,157,3
255,157,3
0,158,0
1,158,0
2,158,0
3,158,0
4,158,0
5,158,0
6,158,0
7,158,0
8,158,0
9,158,0
10,158,0
11,158,0
12,158,0
13,158,0
14,158,0
15,158,0
16,158,0
17,158,0
18,158,0
19,158,0
20,158,0
21,158,0
22,158,0
23,158,0
24,158,0
25,158,0
26,158,0
27,158,0
28,158,0
29,158,0
30,158,0
31,158,0
32,158,0
33,158,0
34,158,0
35,158,0
36,158,0
37,158,0
38,158,0
39,158,0
40,158,0
41,158,0
42,158,0
43,158,0
44,158,0
45,158,0
46,158,0
47,158,0
48,158,0
49,158,0
50,158,0
51,158,0
52,158,0
53,158,0
54,158,0
55,158,0
56,158,0
57,158,0
58,158,0
59,158,0
60,158,0
61,158,0
62,158,0
63,158,0
64,158,0
65,158,0
66,158,0
67,158,0
68,158,0
69,158,0
70,158,0
71,158,0
72,158,0
73,158,0
74,158,0
75,158,0
76,158,0
77,158,0
78,158,0
79,158,0
80,158,0
81,158,0
82,158,0
83,158,0
84,158,0
85,158,0
86,158,0
87,158,0
88,158,0
89,158,0
90,158,0
91,158,0
92,158,0
93,158,0
94,158,0
95,158,0
96,158,0
97,158,0
98,158,0
99,158,0
100,158,0
101,158,0
102,158,0
103,158,0
104,158,0
105,158,0
106,158,0
107,158,0
108,158,0
109,158,0
110,158,0
111,158,0
112,158,0
113,158,0
114,158,0
115,158,0
116,158,0
117,158,0
118,158,0
119,158,0
120,158,0
121,158,0
122,158,0
123,158,0
124,158,0
125,158,0
126,158,0
127,158,0
128,158,0
129,158,0
130,158,0
131,158,0
132,158,0
133,158,0
134,158,0
135,158,0
136,158,0
137,158,0
138,158,0
139,158,0
140,158,0
141,158,0
142,158,0
143,158,0
144,158,0
145,158,0
146,158,0
147,158,0
148,158,0
149,158,0
150,158,0
151,158,0
152,158,0
153,158,0
154,158,0
155,158,0
156,158,0
157,158,0
158,158,0
159,158,0
160,158,0
161,158,0
162,158,56
163,158,34
164,158,24
165,158,19
166,158,17
167,158,15
168,158,13
169,158,12
170,158,11
171,158,11
172,158,10
173,158,10
174,158,9
175,158,9
176,158,8
177,158,8
178,158,8
179,158,7
180,158,7
181,158,7
182,158,7
183,158,6
184,158,6
185,158,6
186,158,6
187,158,6
188,158,6
189,158,6
190,158,5
191,158,5
192,158,5
193,158,5
194,158,5
195,158,5
196,158,5
197,158,5
198,158,5
199,158,5
200,158,4
201,158,4
202,158,4
203,158,4
204,158,4
205,158,4
206,158,4
207,158,4
208,158,4
209,158,4
210,158,4
211,158,4
212,158,4
213,158,4
214,158,4
215,158,4
216,158,4
217,158,4
218,158,4
219,158,3
220,158,3
221,158,3
222,158,3
223,158,3
224,158,3
225,158,3
226,158,3
227,158,3
228,158,3
229,158,3
230,158,3
231,158,3
232,158,3
233,158,3
234,158,3
235,158,3
236,158,3
237,158,3
238,158,3
239,158,3
240,158,3
241,158,3
242,158,3
243,158,3
244,158,3
245,158,3
246,158,3
247,158,3
248,158,3
249,158,3
250,158,3
251,158,3
252,158,3
253,158,3
254,158,3
255,158,3
0,159,0
1,159,0
2,159,0
3,159,0
4,159,0
5,159,0
6,159,0
7,159,0
8,159,0
9,159,0
10,159,0
11,159,0
12,159,0
13,159,0
14,159,0
15,159,0
16,159,0
17,159,0
18,159,0
19,159,0
20,159,0
21,159,0
22,159,0
23,159,0
24,159,0
25,159,0
26,159,0
27,159,0
28,159,0
29,159,0
30,159,0
31,159,0
32,159,0
33,159,0
34,159,0
35,159,0
36,159,0
37,159,0
38,159,0
39,159,0
40,159,0
41,159,0
42,159,0
43,159,0
44,159,0
45,159,0
46,159,0
47,159,0
48,159,0
49,159,0
50,159,0
51,159,0
52,159,0
53,159,0
54,159,0
55,159,0
56,159,0
57,159,0
58,159,0
59,159,0
60,159,0
61,159,0
62,159,0
63,159,0
64,159,0
65,159,0
66,159,0
67,159,0
68,159,0
69,159,0
70,159,0
71,159,0
72,159,0
73,159,0
74,159,0
75,159,0
76,159,0
77,159,0
78,159,0
79,159,0
80,159,0
81,159,0
82,159,0
83,159,0
84,159,0
85,159,0
86,159,0
87,159,0
88,159,0
89,159,0
90,159,0
91,159,0
92,159,0
93,159,0
94,159,0
95,159,0
96,159,0
97,159,0
98,159,0
99,159,0
100,159,0
101,159,0
102,159,0
103,159,0
104,159,0
105,159,0
106,159,0
107,159,0
108,159,0
109,159,0
110,159,0
111,159,0
112,159,0
113,159,0
114,159,0
115,159,0
116,159,0
117,159,0
118,159,0
119,159,0
120,159,0
121,159,0
122,159,0
123,159,0
124,159,0
125,159,0
126,159,0
127,159,0
128,159,0
129,159,0
130,159,0
131,159,0
132,159,0
133,159,0
134,159,0
135,159,0
136,159,0
137,159,0
138,159,0
139,159,0
140,159,0
141,159,0
142,159,0
143,159,0
144,159,0
145,159,0
146,159,0
147,159,0
148,159,0
149,159,0
150,159,0
151,159,0
152,159,0
153,159,0
154,159,0
155,159,0
156,159,0
157,159,0
158,159,0
159,159,0
160,159,0
161,159,0
162,159,0
163,159,36
164,159,25
165,159,20
166,159,17
167,159,15
168,159,14
169,159,12
170,159,12
171,159,11
172,159,10
173,159,10
174,159,9
175,159,9
176,159,8
177,159,8
178,159,8
179,159,7
180,159,7
181,159,7
182,159,7
183,159,6
184,159,6
185,159,6
186,159,6
187,159,6
188,159,6
189,159,6
190,159,5
191,159,5
192,159,5
193,159,5
194,159,5
195,159,5
196,159,5
197,159,5
198,159,5
199,159,5
200,159,4
201,159,4
202,159,4
203,159,4
204,159,4
205,159,4
206,159,4
207,159,4
208,159,4
209,159,4
210,159,4
211,159,4
212,159,4
213,159,4
214,159,4
215,159,4
216,159,4
217,159,4
218,159,4
219,159,3
220,159,3
221,159,3
222,159,3
223,159,3
224,159,3
225,159,3
226,159,3
227,159,3
228,159,3
229,159,3
230,159,3
231,159,3
232,159,3
233,159,3
234,159,3
235,159,3
236,159,3
237,159,3
238,159,3
239,159,3
240,159,3
241,159,3
242,159,3
243,159,3
244,159,3
245,159,3
246,159,3
247,159,3
248,159,3
249,159,3
250,159,3
251,159,3
252,159,3
253,159,3
254,159,3
255,159,3
0,160,0
1,160,0
2,160,0
3,160,0
4,160,0
5,160,0
6,160,0
7,160,0
8,160,0
9,160,0
10,160,0
11,160,0
12,160,0
13,160,0
14,160,0
15,160,0
16,160,0
17,160,0
18,160,0
19,160,0
20,160,0
21,160,0
22,160,0
23,160,0
24,160,0
25,160,0
26,160,0
27,160,0
28,160,0
29,160,0
30,160,0
31,160,0
32,160,0
33,160,0
34,160,0
35,160,0
36,160,0
37,160,0
38,160,0
39,160,0
40,160,0
41,160,0
42,160,0
43,160,0
44,160,0
45,160,0
46,160,0
47,160,0
48,160,0
49,160,0
50,160,0
51,160,0
52,160,0
53,160,0
54,160,0
55,160,0
56,160,0
57,160,0
58,160,0
59,160,0
60,160,0
61,160,0
62,160,0
63,160,0
64,160,0
65,160,0
66,160,0
67,160,0
68,160,0
69,160,0
70,160,0
71,160,0
72,160,0
73,160,0
74,160,0
75,160,0
76,160,0
77,160,0
78,160,0
79,160,0
80,160,0
81,160,0
82,160,0
83,160,0
84,160,0
85,160,0
86,160,0
87,160,0
88,160,0
89,160,0
90,160,0
91,160,0
92,160,0
93,160,0
94,160,0
95,160,0
96,160,0
97,160,0
98,160,0
99,160,0
100,160,0
101,160,0
102,160,0
103,160,0
104,160,0
105,160,0
106,160,0
107,160,0
108,160,0
109,160,0
110,160,0
111,160,0
112,160,0
113,160,0
114,160,0
115,160,0
116,160,0
117,160,0
118,160,0
119,160,0
120,160,0
121,160,0
122,160,0
123,160,0
124,160,0
125,160,0
126,160,0
127,160,0
128,160,0
129,160,0
130,160,0
131,160,0
132,160,0
133,160,0
134,160,0
135,160,0
136,160,0
137,160,0
138,160,0
139,160,0
140,160,0
141,160,0
142,160,0
143,160,0
144,160,0
145,160,0
146,160,0
147,160,0
148,160,0
149,160,0
150,160,0
151,160,0
152,160,0
153,160,0
154,160,0
155,160,0
156,160,0
157,160,0
158,160,0
159,160,0
160,160,0
161,160,0
162,160,0
163,160,39
164,160,26
165,160,21
166,160,17
167,160,15
168,160,14
169,160,13
170,160,12
171,160,11
172,160,10
173,160,10
174,160,9
175,160,9
176,160,8
177,160,8
178,160,8
179,160,7
180,160,7
181,160,7
182,160,7
183,160,7
184,160,6
185,160,6
186,160,6
187,160,6
188,160,6
189,160,6
190,160,5
191,160,5
192,160,5
193,160,5
194,160,5
195,160,5
196,160,5
197,160,5
198,160,5
199,160,5
200,160,4
201,160,4
202,160,4
203,160,4
204,160,4
205,160,4
206,160,4
207,160,4
208,160,4
209,160,4
210,160,4
211,160,4
212,160,4
213,160,4
214,160,4
215,160,4
216,160,4
217,160,4
218,160,4
219,160,3
220,160,3
221,160,3
222,160,3
223,160,3
224,160,3
225,160,3
226,160,3
227,160,3
228,160,3
229,160,3
230,160,3
231,160,3
232,160,3
233,160,3
234,160,3
235,160,3
236,160,3
237,160,3
238,160,3
239,160,3
240,160,3
241,160,3
242,160,3
243,160,3
244,160,3
245,160,3
246,160,3
247,160,3
248,160,3
249,160,3
250,160,3
251,160,3
252,160,3
253,160,3
254,160,3
255,160,3
0,161,0
1,161,0
2,161,0
3,161,0
4,161,0
5,161,0
6,161,0
7,161,0
8,161,0
9,161,0
10,161,0
11,161,0
12,161,0
13,161,0
14,161,0
15,161,0
16,161,0
17,161,0
18,161,0
19,161,0
20,161,0
21,161,0
22,161,0
23,161,0
24,161,0
25,161,0
26,161,0
27,161,0
28,161,0
29,161,0
30,161,0
31,161,0
32,161,0
33,161,0
34,161,0
35,161,0
36,161,0
37,161,0
38,161,0
39,161,0
40,161,0
41,161,0
42,161,0
43,161,0
44,161,0
45,161,0
46,161,0
47,161,0
48,161,0
49,161,0
50,161,0
51,161,0
52,161,0
53,161,0
54,161,0
55,161,0
56,161,0
57,161,0
58,161,0
59,161,0
60,161,0
61,161,0
62,161,0
63,161,0
64,161,0
65,161,0
66,161,0
67,161,0
68,161,0
69,161,0
70,161,0
71,161,0
72,161,0
73,161,0
74,161,0
75,161,0
76,161,0
77,161,0
78,161,0
79,161,0
80,161,0
81,161,0
82,161,0
83,161,0
84,161,0
85,161,0
86,161,0
87,161,0
88,161,0
89,161,0
90,161,0
91,161,0
92,161,0
93,161,0
94,161,0
95,161,0
96,161,0
97,161,0
98,161,0
99,161,0
100,161,0
101,161,0
102,161,0
103,161,0
104,161,0
105,161,0
106,161,0
107,161,0
108,161,0
109,161,0
110,161,0
111,161,0
112,161,0
113,161,0
114,161,0
115,161,0
116,161,0
117,161,0
118,161,0
119,161,0
120,161,0
121,161,0
122,161,0
123,161,0
124,161,0
125,161,0
126,161,0
127,161,0
128,161,0
129,161,0
130,161,0
131,161,0
132,161,0
133,161,0
134,161,0
135,161,0
136,161,0
137,161,0
138,161,0
139,161,0
140,161,0
141,161,0
142,161,0
143,161,0
144,161,0
145,161,0
146,161,0
147,161,0
148,161,0
149,161,0
150,161,0
151,161,0
152,161,0
153,161,0
154,161,0
155,161,0
156,161,0
157,161,0
158,161,0
159,161,0
160,161,0
161,161,0
162,161,0
163,161,43
164,161,27
165,161,21
166,161,18
167,161,16
168,161,14
169,161,13
170,161,12
171,161,11
172,161,10
173,161,10
174,161,9
175,161,9
176,161,8
177,161,8
178,161,8
179,161,8
180,161,7
181,161,7
182,161,7
183,161,7
184,161,6
185,161,6
186,161,6
187,161,6
188,161,6
189,161,6
190,161,6
191,161,5
192,161,5
193,161,5
194,161,5
195,161,5
196,161,5
197,161,5
198,161,5
199,161,5
200,161,4
201,161,4
202,161,4
203,161,4
204,161,4
205,161,4
206,161,4
207,161,4
208,161,4
209,161,4
210,161,4
211,161,4
212,161,4
213,161,4
214,161,4
215,161,4
216,161,4
217,161,4
218,161,4
219,161,3
220,161,3
221,161,3
222,161,3
223,161,3
224,161,3
225,161,3
226,161,3
227,161,3
228,161,3
229,161,3
230,161,3
231,161,3
232,161,3
233,161,3
234,161,3
235,161,3
236,161,3
237,161,3
238,161,3
239,161,3
240,161,3
241,161,3
242,161,3
243,161,3
244,161,3
245,161,3
246,161,3
247,161,3
248,161,3
249,161,3
250,161,3
251,161,3
252,161,3
253,161,3
254,161,3
255,161,3
0,162,0
1,162,0
2,162,0
3,162,0
4,162,0
5,162,0
6,162,0
7,162,0
8,162,0
9,162,0
10,162,0
11,162,0
12,162,0
13,162,0
14,162,0
15,162,0
16,162,0
17,162,0
18,162,0
19,162,0
20,162,0
21,162,0
22,162,0
23,162,0
24,162,0
25,162,0
26,162,0
27,162,0
28,162,0
29,162,0
30,162,0
31,162,0
32,162,0
33,162,0
34,162,0
35,162,0
36,162,0
37,162,0
38,162,0
39,162,0
40,162,0
41,162,0
42,162,0
43,162,0
44,162,0
45,162,0
46,162,0
47,162,0
48,162,0
49,162,0
50,162,0
51,162,0
52,162,0
53,162,0
54,162,0
55,162,0
56,162,0
57,162,0
58,162,0
59,162,0
60,162,0
61,162,0
62,162,0
63,162,0
64,162,0
65,162,0
66,162,0
67,162,0
68,162,0
69,162,0
70,162,0
71,162,0
72,162,0
73,162,0
74,162,0
75,162,0
76,162,0
77,162,0
78,162,0
79,162,0
80,162,0
81,162,0
82,162,0
83,162,0
84,162,0
85,162,0
86,162,0
87,162,0
88,162,0
89,162,0
90,162,0
91,162,0
92,162,0
93,162,0
94,162,0
95,162,0
96,162,0
97,162,0
98,162,0
99,162,0
100,162,0
101,162,0
102,162,0
103,162,0
104,162,0
105,162,0
106,162,0
107,162,0
108,162,0
109,162,0
110,162,0
111,162,0
112,162,0
113,162,0
114,162,0
115,162,0
116,162,0
117,162,0
118,162,0
119,162,0
120,162,0
121,162,0
122,162,0
123,162,0
124,162,0
125,162,0
126,162,0
127,162,0
128,162,0
129,162,0
130,162,0
131,162,0
132,162,0
133,162,0
134,162,0
135,162,0
136,162,0
137,162,0
138,162,0
139,162,0
140,162,0
141,162,0
142,162,0
143,162,0
144,162,0
145,162,0
146,162,0
147,162,0
148,162,0
149,162,0
150,162,0
151,162,0
152,162,0
153,162,0
154,162,0
155,162,0
156,162,0
157,162,0
158,162,0
159,162,0
160,162,0
161,162,0
162,162,0
163,162,49
164,162,29
165,162,22
166,162,18
167,162,16
168,162,14
169,162,13
170,162,12
171,162,11
172,162,10
173,162,10
174,162,9
175,162,9
176,162,9
177,162,8
178,162,8
179,162,8
180,162,7
181,162,7
182,162,7
183,162,7
184,162,6
185,162,6
186,162,6
187,162,6
188,162,6
189,162,6
190,162,6
191,162,5
192,162,5
193,162,5
194,162,5
195,162,5
196,162,5
197,162,5
198,162,5
199,162,5
200,162,5
201,162,4
202,162,4
203,162,4
204,162,4
205,162,4
206,162,4
207,162,4
208,162,4
209,162,4
210,162,4
211,162,4
212,162,4
213,162,4
214,162,4
215,162,4
216,162,4
217,162,4
218,162,4
219,162,3
220,162,3
221,162,3
222,162,3
223,162,3
224,162,3
225,162,3
226,162,3
227,162,3
228,162,3
229,162,3
230,162,3
231,162,3
232,162,3
233,162,3
234,162,3
235,162,3
236,162,3
237,162,3
238,162,3
239,162,3
240,162,3
241,162,3
242,162,3
243,162,3
244,162,3
245,162,3
246,162,3
247,162,3
248,162,3
249,162,3
250,162,3
251,162,3
252,162,3
253,162,3
254,162,3
255,162,3
0,163,0
1,163,0
2,163,0
3,163,0
4,163,0
5,163,0
6,163,0
7,163,0
8,163,0
9,163,0
10,163,0
11,163,0
12,163,0
13,163,0
14,163,0
15,163,0
16,163,0
17,163,0
18,163,0
19,163,0
20,163,0
21,163,0
22,163,0
23,163,0
24,163,0
25,163,0
26,163,0
27,163,0
28,163,0
29,163,0
30,163,0
31,163,0
32,163,0
33,163,0
34,163,0
35,163,0
36,163,0
37,163,0
38,163,0
39,163,0
40,163,0
41,163,0
42,163,0
43,163,0
44,163,0
45,163,0
46,163,0
47,163,0
48,163,0
49,163,0
50,163,0
51,163,0
52,163,0
53,163,0
54,163,0
55,163,0
56,163,0
57,163,0
58,163,0
59,163,0
60,163,0
61,163,0
62,163,0
63,163,0
64,163,0
65,163,0
66,163,0
67,163,0
68,163,0
69,163,0
70,163,0
71,163,0
72,163,0
73,163,0
74,163,0
75,163,0
76,163,0
77,163,0
78,163,0
79,163,0
80,163,0
81,163,0
82,163,0
83,163,0
84,163,0
85,163,0
86,163,0
87,163,0
88,163,0
89,163,0
90,163,0
91,163,0
92,163,0
93,163,0
94,163,0
95,163,0
96,163,0
97,163,0
98,163,0
99,163,0
100,163,0
101,163,0
102,163,0
103,163,0
104,163,0
105,163,0
106,163,0
107,163,0
108,163,0
109,163,0
110,163,0
111,163,0
112,163,0
113,163,0
114,163,0
115,163,0
116,163,0
117,163,0
118,163,0
119,163,0
120,163,0
121,163,0
122,163,0
123,163,0
124,163,0
125,163,0
126,163,0
127,163,0
128,163,0
129,163,0
130,163,0
131,163,0
132,163,0
133,163,0
134,163,0
135,163,0
136,163,0
137,163,0
138,163,0
139,163,0
140,163,0
141,163,0
142,163,0
143,163,0
144,163,0
145,163,0
146,163,0
147,163,0
148,163,0
149,163,0
150,163,0
151,163,0
152,163,0
153,163,0
154,163,0
155,163,0
156,163,0
157,163,0
158,163,0
159,163,0
160,163,0
161,163,0
162,163,0
163,163,57
164,163,30
165,163,23
166,163,19
167,163,16
168,163,15
169,163,13
170,163,12
171,163,11
172,163,11
173,163,10
174,163,10
175,163,9
176,163,9
177,163,8
178,163,8
179,163,8
180,163,7
181,163,7
182,163,7
183,163,7
184,163,6
185,163,6
186,163,6
187,163,6
188,163,6
189,163,6
190,163,6
191,163,5
192,163,5
193,163,5
194,163,5
195,163,5
196,163,5
197,163,5
198,163,5
199,163,5
200,163,5
201,163,4
202,163,4
203,163,4
204,163,4
205,163,4
206,163,4
207,163,4
208,163,4
209,163,4
210,163,4
211,163,4
212,163,4
213,163,4
214,163,4
215,163,4
216,163,4
217,163,4
218,163,4
219,163,4
220,163,3
221,163,3
222,163,3
223,163,3
224,163,3
225,163,3
226,163,3
227,163,3
228,163,3
229,163,3
230,163,3
231,163,3
232,163,3
233,163,3
234,163,3
235,163,3
236,163,3
237,163,3
238,163,3
239,163,3
240,163,3
241,163,3
242,163,3
243,163,3
244,163,3
245,163,3
246,163,3
247,163,3
248,163,3
249,163,3
250,163,3
251,163,3
252,163,3
253,163,3
254,163,3
255,163,3
0,164,0
1,164,0
2,164,0
3,164,0
4,164,0
5,164,0
6,164,0
7,164,0
8,164,0
9,164,0
10,164,0
11,164,0
12,164,0
13,164,0
14,164,0
15,164,0
16,164,0
17,164,0
18,164,0
19,164,0
20,164,0
21,164,0
22,164,0
23,164,0
24,164,0
25,164,0
26,164,0
27,164,0
28,164,0
29,164,0
30,164,0
31,164,0
32,164,0
33,164,0
34,164,0
35,164,0
36,164,0
37,164,0
38,164,0
39,164,0
40,164,0
41,164,0
42,164,0
43,164,0
44,164,0
45,164,0
46,164,0
47,164,0
48,164,0
49,164,0
50,164,0
51,164,0
52,164,0
53,164,0
54,164,0
55,164,0
56,164,0
57,164,0
58,164,0
59,164,0
60,164,0
61,164,0
62,164,0
63,164,0
64,164,0
65,164,0
66,164,0
67,164,0
68,164,0
69,164,0
70,164,0
71,164,0
72,164,0
73,164,0
74,164,0
75,164,0
76,164,0
77,164,0
78,164,0
79,164,0
80,164,0
81,164,0
82,164,0
83,164,0
84,164,0
85,164,0
86,164,0
87,164,0
88,164,0
89,164,0
90,164,0
91,164,0
92,164,0
93,164,0
94,164,0
95,164,0
96,164,0
97,164,0
98,164,0
99,164,0
100,164,0
101,164,0
102,164,0
103,164,0
104,164,0
105,164,0
106,164,0
107,164,0
108,164,0
109,164,0
110,164,0
111,164,0
112,164,0
113,164,0
114,164,0
115,164,0
116,164,0
117,164,0
118,164,0
119,164,0
120,164,0
121,164,0
122,164,0
123,164,0
124,164,0
125,164,0
126,164,0
127,164,0
128,164,0
129,164,0
130,164,0
131,164,0
132,164,0
133,164,0
134,164,0
135,164,0
136,164,0
137,164,0
138,164,0
139,164,0
140,164,0
141,164,0
142,164,0
143,164,0
144,164,0
145,164,0
146,164,0
147,164,0
148,164,0
149,164,0
150,164,0
151,164,0
152,164,0
153,164,0
154,164,0
155,164,0
156,164,0
157,164,0
158,164,0
159,164,0
160,164,0
161,164,0
162,164,0
163,164,8
164,164,32
165,164,24
166,164,19
167,164,17
168,164,15
169,164,14
170,164,12
171,164,12
172,164,11
173,164,10
174,164,10
175,164,9
176,164,9
177,164,8
178,164,8
179,164,8
180,164,7
181,164,7
182,164,7
183,164,7
184,164,6
185,164,6
186,164,6
187,164,6
188,164,6
189,164,6
190,164,6
191,164,5
192,164,5
193,164,5
194,164,5
195,164,5
196,164,5
197,164,5
198,164,5
199,164,5
200,164,5
201,164,4
202,164,4
203,164,4
204,164,4
205,164,4
206,164,4
207,164,4
208,164,4
209,164,4
210,164,4
211,164,4
212,164,4
213,164,4
214,164,4
215,164,4
216,164,4
217,164,4
218,164,4
219,164,4
220,164,3
221,164,3
222,164,3
223,164,3
224,164,3
225,164,3
226,164,3
227,164,3
228,164,3
229,164,3
230,164,3
231,164,3
232,164,3
233,164,3
234,164,3
235,164,3
236,164,3
237,164,3
238,164,3
239,164,3
240,164,3
241,164,3
242,164,3
243,164,3
244,164,3
245,164,3
246,164,3
247,164,3
248,164,3
249,164,3
250,164,3
251,164,3
252,164,3
253,164,3
254,164,3
255,164,3
0,165,0
1,165,0
2,165,0
3,165,0
4,165,0
5,165,0
6,165,0
7,165,0
8,165,0
9,165,0
10,165,0
11,165,0
12,165,0
13,165,0
14,165,0
15,165,0
16,165,0
17,165,0
18,165,0
19,165,0
20,165,0
21,165,0
22,165,0
23,165,0
24,165,0
25,165,0
26,165,0
27,165,0
28,165,0
29,165,0
30,165,0
31,165,0
32,165,0
33,165,0
34,165,0
35,165,0
36,165,0
37,165,0
38,165,0
39,165,0
40,165,0
41,165,0
42,165,0
43,165,0
44,165,0
45,165,0
46,165,0
47,165,0
48,165,0
49,165,0
50,165,0
51,165,0
52,165,0
53,165,0
54,165,0
55,165,0
56,165,0
57,165,0
58,165,0
59,165,0
60,165,0
61,165,0
62,165,0
63,165,0
64,165,0
65,165,0
66,165,0
67,165,0
68,165,0
69,165,0
70,165,0
71,165,0
72,165,0
73,165,0
74,165,0
75,165,0
76,165,0
77,165,0
78,165,0
79,165,0
80,165,0
81,165,0
82,165,0
83,165,0
84,165,0
85,165,0
86,165,0
87,165,0
88,165,0
89,165,0
90,165,0
91,165,0
92,165,0
93,165,0
94,165,0
95,165,0
96,165,0
97,165,0
98,165,0
99,165,0
100,165,0
101,165,0
102,165,0
103,165,0
104,165,0
105,165,0
106,165,0
107,165,0
108,165,0
109,165,0
110,165,0
111,165,0
112,165,0
113,165,0
114,165,0
115,165,0
116,165,0
117,165,0
118,165,0
119,165,0
120,165,0
121,165,0
122,165,0
123,165,0
124,165,0
125,165,0
126,165,0
127,165,0
128,165,0
129,165,0
130,165,0
131,165,0
132,165,0
133,165,0
134,165,0
135,165,0
136,165,0
137,165,0
138,165,0
139,165,0
140,165,0
141,165,0
142,165,0
143,165,0
144,165,0
145,165,0
146,165,0
147,165,0
148,165,0
149,165,0
150,165,0
151,165,0
152,165,0
153,165,0
154,165,0
155,165,0
156,165,0
157,165,0
158,165,0
159,165,0
160,165,0
161,165,0
162,165,0
163,165,48
164,165,35
165,165,25
166,165,20
167,165,17
168,165,15
169,165,14
170,165,13
171,165,12
172,165,11
173,165,10
174,165,10
175,165,9
176,165,9
177,165,8
178,165,8
179,165,8
180,165,8
181,165,7
182,165,7
183,165,7
184,165,7
185,165,6
186,165,6
187,165,6
188,165,6
189,165,6
190,165,6
191,165,6
192,165,5
193,165,5
194,165,5
195,165,5
196,165,5
197,165,5
198,165,5
199,165,5
200,165,5
201,165,4
202,165,4
203,165,4
204,165,4
205,165,4
206,165,4
207,165,4
208,165,4
209,165,4
210,165,4
211,165,4
212,165,4
213,165,4
214,165,4
215,165,4
216,165,4
217,165,4
218,165,4
219,165,4
220,165,3
221,165,3
222,165,3
223,165,3
224,165,3
225,165,3
226,165,3
227,165,3
228,165,3
229,165,3
230,165,3
231,165,3
232,165,3
233,165,3
234,165,3
235,165,3
236,165,3
237,165,3
238,165,3
239,165,3
240,165,3
241,165,3
242,165,3
243,165,3
244,165,3
245,165,3
246,165,3
247,165,3
248,165,3
249,165,3
250,165,3
251,165,3
252,165,3
253,165,3
254,165,3
255,165,3
0,166,0
1,166,0
2,166,0
3,166,0
4,166,0
5,166,0
6,166,0
7,166,0
8,166,0
9,166,0
10,166,0
11,166,0
12,166,0
13,166,0
14,166,0
15,166,0
16,166,0
17,166,0
18,166,0
19,166,0
20,166,0
21,166,0
22,166,0
23,166,0
24,166,0
25,166,0
26,166,0
27,166,0
28,166,0
29,166,0
30,166,0
31,166,0
32,166,0
33,166,0
34,166,0
35,166,0
36,166,0
37,166,0
38,166,0
39,166,0
40,166,0
41,166,0
42,166,0
43,166,0
44,166,0
45,166,0
46,166,0
47,166,0
48,166,0
49,166,0
50,166,0
51,166,0
52,166,0
53,166,0
54,166,0
55,166,0
56,166,0
57,166,0
58,166,0
59,166,0
60,166,0
61,166,0
62,166,0
63,166,0
64,166,0
65,166,0
66,166,0
67,166,0
68,166,0
69,166,0
70,166,0
71,166,0
72,166,0
73,166,0
74,166,0
75,166,0
76,166,0
77,166,0
78,166,0
79,166,0
80,166,0
81,166,0
82,166,0
83,166,0
84,166,0
85,166,0
86,166,0
87,166,0
88,166,0
89,166,0
90,166,0
91,166,0
92,166,0
93,166,0
94,166,0
95,166,0
96,166,0
97,166,0
98,166,0
99,166,0
100,166,0
101,166,0
102,166,0
103,166,0
104,166,0
105,166,0
106,166,0
107,166,0
108,166,0
109,166,0
110,166,0
111,166,0
112,166,0
113,166,0
114,166,0
115,166,0
116,166,0
117,166,0
118,166,0
119,166,0
120,166,0
121,166,0
122,166,0
123,166,0
124,166,0
125,166,0
126,166,0
127,166,0
128,166,0
129,166,0
130,166,0
131,166,0
132,166,0
133,166,0
134,166,0
135,166,0
136,166,0
137,166,0
138,166,0
139,166,0
140,166,0
141,166,0
142,166,0
143,166,0
144,166,0
145,166,0
146,166,0
147,166,0
148,166,0
149,166,0
150,166,0
151,166,0
152,166,0
153,166,0
154,166,0
155,166,0
156,166,0
157,166,0
158,166,0
159,166,0
160,166,0
161,166,0
162,166,0
163,166,0
164,166,38
165,166,26
166,166,21
167,166,18
168,166,16
169,166,14
170,166,13
171,166,12
172,166,11
173,166,10
174,166,10
175,166,9
176,166,9
177,166,8
178,166,8
179,166,8
180,166,8
181,166,7
182,166,7
183,166,7
184,166,7
185,166,6
186,166,6
187,166,6
188,166,6
189,166,6
190,166,6
191,166,6
192,166,5
193,166,5
194,166,5
195,166,5
196,166,5
197,166,5
198,166,5
199,166,5
200,166,5
201,166,4
202,166,4
203,166,4
204,166,4
205,166,4
206,166,4
207,166,4
208,166,4
209,166,4
210,166,4
211,166,4
212,166,4
213,166,4
214,166,4
215,166,4
216,166,4
217,166,4
218,166,4
219,166,4
220,166,3
221,166,3
222,166,3
223,166,3
224,166,3
225,166,3
226,166,3
227,166,3
228,166,3
229,166,3
230,166,3
231,166,3
232,166,3
233,166,3
234,166,3
235,166,3
236,166,3
237,166,3
238,166,3
239,166,3
240,166,3
241,166,3
242,166,3
243,166,3
244,166,3
245,166,3
246,166,3
247,166,3
248,166,3
249,166,3
250,166,3
251,166,3
252,166,3
253,166,3
254,166,3
255,166,3
0,167,0
1,167,0
2,167,0
3,167,0
4,167,0
5,167,0
6,167,0
7,167,0
8,167,0
9,167,0
10,167,0
11,167,0
12,167,0
13,167,0
14,167,0
15,167,0
16,167,0
17,167,0
18,167,0
19,167,0
20,167,0
21,167,0
22,167,0
23,167,0
24,167,0
25,167,0
26,167,0
27,167,0
28,167,0
29,167,0
30,167,0
31,167,0
32,167,0
33,167,0
34,167,0
35,167,0
36,167,0
37,167,0
38,167,0
39,167,0
40,167,0
41,167,0
42,167,0
43,167,0
44,167,0
45,167,0
46,167,0
47,167,0
48,167,0
49,167,0
50,167,0
51,167,0
52,167,0
53,167,0
54,167,0
55,167,0
56,167,0
57,167,0
58,167,0
59,167,0
60,167,0
61,167,0
62,167,0
63,167,0
64,167,0
65,167,0
66,167,0
67,167,0
68,167,0
69,167,0
70,167,0
71,167,0
72,167,0
73,167,0
74,167,0
75,167,0
76,167,0
77,167,0
78,167,0
79,167,0
80,167,0
81,167,0
82,167,0
83,167,0
84,167,0
85,167,0
86,167,0
87,167,0
88,167,0
89,167,0
90,167,0
91,167,0
92,167,0
93,167,0
94,167,0
95,167,0
96,167,0
97,167,0
98,167,0
99,167,0
100,167,0
101,167,0
102,167,0
103,167,0
104,167,0
105,167,0
106,167,0
107,167,0
108,167,0
109,167,0
110,167,0
111,167,0
112,167,0
113,167,0
114,167,0
115,167,0
116,167,0
117,167,0
118,167,0
119,167,0
120,167,0
121,167,0
122,167,0
123,167,0
124,167,0
125,167,0
126,167,0
127,167,0
128,167,0
129,167,0
130,167,0
131,167,0
132,167,0
133,167,0
134,167,0
135,167,0
136,167,0
137,167,0
138,167,0
139,167,0
140,167,0
141,167,0
142,167,0
143,167,0
144,167,0
145,167,0
146,167,0
147,167,0
148,167,0
149,167,0
150,167,0
151,167,0
152,167,0
153,167,0
154,167,0
155,167,0
156,167,0
157,167,0
158,167,0
159,167,0
160,167,0
161,167,0
162,167,0
163,167,0
164,167,42
165,167,27
166,167,21
167,167,18
168,167,16
169,167,15
170,167,13
171,167,12
172,167,11
173,167,11
174,167,10
175,167,9
176,167,9
177,167,9
178,167,8
179,167,8
180,167,8
181,167,7
182,167,7
183,167,7
184,167,7
185,167,6
186,167,6
187,167,6
188,167,6
189,167,6
190,167,6
191,167,6
192,167,5
193,167,5
194,167,5
195,167,5
196,167,5
197,167,5
198,167,5
199,167,5
200,167,5
201,167,5
202,167,4
203,167,4
204,167,4
205,167,4
206,167,4
207,167,4
208,167,4
209,167,4
210,167,4
211,167,4
212,167,4
213,167,4
214,167,4
215,167,4
216,167,4
217,167,4
218,167,4
219,167,4
220,167,4
221,167,3
222,167,3
223,167,3
224,167,3
225,167,3
226,167,3
227,167,3
228,167,3
229,167,3
230,167,3
231,167,3
232,167,3
233,167,3
234,167,3
235,167,3
236,167,3
237,167,3
238,167,3
239,167,3
240,167,3
241,167,3
242,167,3
243,167,3
244,167,3
245,167,3
246,167,3
247,167,3
248,167,3
249,167,3
250,167,3
251,167,3
252,167,3
253,167,3
254,167,3
255,167,3
0,168,0
1,168,0
2,168,0
3,168,0
4,168,0
5,168,0
6,168,0
7,168,0
8,168,0
9,168,0
10,168,0
11,168,0
12,168,0
13,168,0
14,168,0
15,168,0
16,168,0
17,168,0
18,168,0
19,168,0
20,168,0
21,168,0
22,168,0
23,168,0
24,168,0
25,168,0
26,168,0
27,168,0
28,168,0
29,168,0
30,168,0
31,168,0
32,168,0
33,168,0
34,168,0
35,168,0
36,168,0
37,168,0
38,168,0
39,168,0
40,168,0
41,168,0
42,168,0
43,168,0
44,168,0
45,168,0
46,168,0
47,168,0
48,168,0
49,168,0
50,168,0
51,168,0
52,168,0
53,168,0
54,168,0
55,168,0
56,168,0
57,168,0
58,168,0
59,168,0
60,168,0
61,168,0
62,168,0
63,168,0
64,168,0
65,168,0
66,168,0
67,168,0
68,168,0
69,168,0
70,168,0
71,168,0
72,168,0
73,168,0
74,168,0
75,168,0
76,168,0
77,168,0
78,168,0
79,168,0
80,168,0
81,168,0
82,168,0
83,168,0
84,168,0
85,168,0
86,168,0
87,168,0
88,168,0
89,168,0
90,168,0
91,168,0
92,168,0
93,168,0
94,168,0
95,168,0
96,168,0
97,168,0
98,168,0
99,168,0
100,168,0
101,168,0
102,168,0
103,168,0
104,168,0
105,168,0
106,168,0
107,168,0
108,168,0
109,168,0
110,168,0
111,168,0
112,168,0
113,168,0
114,168,0
115,168,0
116,168,0
117,168,0
118,168,0
119,168,0
120,168,0
121,168,0
122,168,0
123,168,0
124,168,0
125,168,0
126,168,0
127,168,0
128,168,0
129,168,0
130,168,0
131,168,0
132,168,0
133,168,0
134,168,0
135,168,0
136,168,0
137,168,0
138,168,0
139,168,0
140,168,0
141,168,0
142,168,0
143,168,0
144,168,0
145,168,0
146,168,0
147,168,0
148,168,0
149,168,0
150,168,0
151,168,0
152,168,0
153,168,0
154,168,0
155,168,0
156,168,0
157,168,0
158,168,0
159,168,0
160,168,0
161,168,0
162,168,0
163,168,0
164,168,47
165,168,29
166,168,23
167,168,19
168,168,17
169,168,15
170,168,13
171,168,13
172,168,11
173,168,11
174,168,10
175,168,10
176,168,9
177,168,9
178,168,8
179,168,8
180,168,8
181,168,7
182,168,7
183,168,7
184,168,7
185,168,6
186,168,6
187,168,6
188,168,6
189,168,6
190,168,6
191,168,6
192,168,5
193,168,5
194,168,5
195,168,5
196,168,5
197,168,5
198,168,5
199,168,5
200,168,5
201,168,5
202,168,4
203,168,4
204,168,4
205,168,4
206,168,4
207,168,4
208,168,4
209,168,4
210,168,4
211,168,4
212,168,4
213,168,4
214,168,4
215,168,4
216,168,4
217,168,4
218,168,4
219,168,4
220,168,4
221,168,3
222,168,3
223,168,3
224,168,3
225,168,3
226,168,3
227,168,3
228,168,3
229,168,3
230,168,3
231,168,3
232,168,3
233,168,3
234,168,3
235,168,3
236,168,3
237,168,3
238,168,3
239,168,3
240,168,3
241,168,3
242,168,3
243,168,3
244,168,3
245,168,3
246,168,3
247,168,3
248,168,3
249,168,3
250,168,3
251,168,3
252,168,3
253,168,3
254,168,3
255,168,3
0,169,0
1,169,0
2,169,0
3,169,0
4,169,0
5,169,0
6,169,0
7,169,0
8,169,0
9,169,0
10,169,0
11,169,0
12,169,0
13,169,0
14,169,0
15,169,0
16,169,0
17,169,0
18,169,0
19,169,0
20,169,0
21,169,0
22,169,0
23,169,0
24,169,0
25,169,0
26,169,0
27,169,0
28,169,0
29,169,0
30,169,0
31,169,0
32,169,0
33,169,0
34,169,0
35,169,0
36,169,0
37,169,0
38,169,0
39,169,0
40,169,0
41,169,0
42,169,0
43,169,0
44,169,0
45,169,0
46,169,0
47,169,0
48,169,0
49,169,0
50,169,0
51,169,0
52,169,0
53,169,0
54,169,0
55,169,0
56,169,0
57,169,0
58,169,0
59,169,0
60,169,0
61,169,0
62,169,0
63,169,0
64,169,0
65,169,0
66,169,0
67,169,0
68,169,0
69,169,0
70,169,0
71,169,0
72,169,0
73,169,0
74,169,0
75,169,0
76,169,0
77,169,0
78,169,0
79,169,0
80,169,0
81,169,0
82,169,0
83,169,0
84,169,0
85,169,0
86,169,0
87,169,0
88,169,0
89,169,0
90,169,0
91,169,0
92,169,0
93,169,0
94,169,0
95,169,0
96,169,0
97,169,0
98,169,0
99,169,0
100,169,0
101,169,0
102,169,0
103,169,0
104,169,0
105,169,0
106,169,0
107,169,0
108,169,0
109,169,0
110,169,0
111,169,0
112,169,0
113,169,0
114,169,0
115,169,0
116,169,0
117,169,0
118,169,0
119,169,0
120,169,0
121,169,0
122,169,0
123,169,0
124,169,0
125,169,0
126,169,0
127,169,0
128,169,0
129,169,0
130,169,0
131,169,0
132,169,0
133,169,0
134,169,0
135,169,0
136,169,0
137,169,0
138,169,0
139,169,0
140,169,0
141,169,0
142,169,0
143,169,0
144,169,0
145,169,0
146,169,0
147,169,0
148,169,0
149,169,0
150,169,0
151,169,0
152,169,0
153,169,0
154,169,0
155,169,0
156,169,0
157,169,0
158,169,0
159,169,0
160,169,0
161,169,0
162,169,0
163,169,0
164,169,56
165,169,31
166,169,23
167,169,19
168,169,17
169,169,15
170,169,14
171,169,13
172,169,12
173,169,11
174,169,10
175,169,10
176,169,9
177,169,9
178,169,8
179,169,8
180,169,8
181,169,8
182,169,7
183,169,7
184,169,7
185,169,7
186,169,6
187,169,6
188,169,6
189,169,6
190,169,6
191,169,6
192,169,6
193,169,5
194,169,5
195,169,5
196,169,5
197,169,5
198,169,5
199,169,5
200,169,5
201,169,5
202,169,4
203,169,4
204,169,4
205,169,4
206,169,4
207,169,4
208,169,4
209,169,4
210,169,4
211,169,4
212,169,4
213,169,4
214,169,4
215,169,4
216,169,4
217,169,4
218,169,4
219,169,4
220,169,4
221,169,3
222,169,3
223,169,3
224,169,3
225,169,3
226,169,3
227,169,3
228,169,3
229,169,3
230,169,3
231,169,3
232,169,3
233,169,3
234,169,3
235,169,3
236,169,3
237,169,3
238,169,3
239,169,3
240,169,3
241,169,3
242,169,3
243,169,3
244,169,3
245,169,3
246,169,3
247,169,3
248,169,3
249,169,3
250,169,3
251,169,3
252,169,3
253,169,3
254,169,3
255,169,3
0,170,0
1,170,0
2,170,0
3,170,0
4,170,0
5,170,0
6,170,0
7,170,0
8,170,0
9,170,0
10,170,0
11,170,0
12,170,0
13,170,0
14,170,0
15,170,0
16,170,0
17,170,0
18,170,0
19,170,0
20,170,0
21,170,0
22,170,0
23,170,0
24,170,0
25,170,0
26,170,0
27,170,0
28,170,0
29,170,0
30,170,0
31,170,0
32,170,0
33,170,0
34,170,0
35,170,0
36,170,0
37,170,0
38,170,0
39,170,0
40,170,0
41,170,0
42,170,0
43,170,0
44,170,0
45,170,0
46,170,0
47,170,0
48,170,0
49,170,0
50,170,0
51,170,0
52,170,0
53,170,0
54,170,0
55,170,0
56,170,0
57,170,0
58,170,0
59,170,0
60,170,0
61,170,0
62,170,0
63,170,0
64,170,0
65,170,0
66,170,0
67,170,0
68,170,0
69,170,0
70,170,0
71,170,0
72,170,0
73,170,0
74,170,0
75,170,0
76,170,0
77,170,0
78,170,0
79,170,0
80,170,0
81,170,0
82,170,0
83,170,0
84,170,0
85,170,0
86,170,0
87,170,0
88,170,0
89,170,0
90,170,0
91,170,0
92,170,0
93,170,0
94,170,0
95,170,0
96,170,0
97,170,0
98,170,0
99,170,0
100,170,0
101,170,0
102,170,0
103,170,0
104,170,0
105,170,0
106,170,0
107,170,0
108,170,0
109,170,0
110,170,0
111,170,0
112,170,0
113,170,0
114,170,0
115,170,0
116,170,0
117,170,0
118,170,0
119,170,0
120,170,0
121,170,0
122,170,0
123,170,0
124,170,0
125,170,0
126,170,0
127,170,0
128,170,0
129,170,0
130,170,0
131,170,0
132,170,0
133,170,0
134,170,0
135,170,0
136,170,0
137,170,0
138,170,0
139,170,0
140,170,0
141,170,0
142,170,0
143,170,0
144,170,0
145,170,0
146,170,0
147,170,0
148,170,0
149,170,0
150,170,0
151,170,0
152,170,0
153,170,0
154,170,0
155,170,0
156,170,0
157,170,0
158,170,0
159,170,0
160,170,0
161,170,0
162,170,0
163,170,0
164,170,9
165,170,33
166,170,25
167,170,20
168,170,17
169,170,15
170,170,14
171,170,13
172,170,12
173,170,11
174,170,11
175,170,10
176,170,9
177,170,9
178,170,9
179,170,8
180,170,8
181,170,8
182,170,7
183,170,7
184,170,7
185,170,7
186,170,6
187,170,6
188,170,6
189,170,6
190,170,6
191,170,6
192,170,6
193,170,5
194,170,5
195,170,5
196,170,5
197,170,5
198,170,5
199,170,5
200,170,5
201,170,5
202,170,4
203,170,4
204,170,4
205,170,4
206,170,4
207,170,4
208,170,4
209,170,4
210,170,4
211,170,4
212,170,4
213,170,4
214,170,4
215,170,4
216,170,4
217,170,4
218,170,4
219,170,4
220,170,4
221,170,3
222,170,3
223,170,3
224,170,3
225,170,3
226,170,3
227,170,3
228,170,3
229,170,3
230,170,3
231,170,3
232,170,3
233,170,3
234,170,3
235,170,3
236,170,3
237,170,3
238,170,3
239,170,3
240,170,3
241,170,3
242,170,3
243,170,3
244,170,3
245,170,3
246,170,3
247,170,3
248,170,3
249,170,3
250,170,3
251,170,3
252,170,3
253,170,3
254,170,3
255,170,3
0,171,0
1,171,0
2,171,0
3,171,0
4,171,0
5,171,0
6,171,0
7,171,0
8,171,0
9,171,0
10,171,0
11,171,0
12,171,0
13,171,0
14,171,0
15,171,0
16,171,0
17,171,0
18,171,0
19,171,0
20,171,0
21,171,0
22,171,0
23,171,0
24,171,0
25,171,0
26,171,0
27,171,0
28,171,0
29,171,0
30,171,0
31,171,0
32,171,0
33,171,0
34,171,0
35,171,0
36,171,0
37,171,0
38,171,0
39,171,0
40,171,0
41,171,0
42,171,0
43,171,0
44,171,0
45,171,0
46,171,0
47,171,0
48,171,0
49,171,0
50,171,0
51,171,0
52,171,0
53,171,0
54,171,0
55,171,0
56,171,0
57,171,0
58,171,0
59,171,0
60,171,0
61,171,0
62,171,0
63,171,0
64,171,0
65,171,0
66,171,0
67,171,0
68,171,0
69,171,0
70,171,0
71,171,0
72,171,0
73,171,0
74,171,0
75,171,0
76,171,0
77,171,0
78,171,0
79,171,0
80,171,0
81,171,0
82,171,0
83,171,0
84,171,0
85,171,0
86,171,0
87,171,0
88,171,0
89,171,0
90,171,0
91,171,0
92,171,0
93,171,0
94,171,0
95,171,0
96,171,0
97,171,0
98,171,0
99,171,0
100,171,0
101,171,0
102,171,0
103,171,0
104,171,0
105,171,0
106,171,0
107,171,0
108,171,0
109,171,0
110,171,0
111,171,0
112,171,0
113,171,0
114,171,0
115,171,0
116,171,0
117,171,0
118,171,0
119,171,0
120,171,0
121,171,0
122,171,0
123,171,0
124,171,0
125,171,0
126,171,0
127,171,0
128,171,0
129,171,0
130,171,0
131,171,0
132,171,0
133,171,0
134,171,0
135,171,0
136,171,0
137,171,0
138,171,0
139,171,0
140,171,0
141,171,0
142,171,0
143,171,0
144,171,0
145,171,0
146,171,0
147,171,0
148,171,0
149,171,0
150,171,0
151,171,0
152,171,0
153,171,0
154,171,0
155,171,0
156,171,0
157,171,0
158,171,0
159,171,0
160,171,0
161,171,0
162,171,0
163,171,0
164,171,62
165,171,36
166,171,26
167,171,21
168,171,18
169,171,16
170,171,14
171,171,13
172,171,12
173,171,11
174,171,11
175,171,10
176,171,9
177,171,9
178,171,9
179,171,8
180,171,8
181,171,8
182,171,7
183,171,7
184,171,7
185,171,7
186,171,6
187,171,6
188,171,6
189,171,6
190,171,6
191,171,6
192,171,6
193,171,5
194,171,5
195,171,5
196,171,5
197,171,5
198,171,5
199,171,5
200,171,5
201,171,5
202,171,5
203,171,4
204,171,4
205,171,4
206,171,4
207,171,4
208,171,4
209,171,4
210,171,4
211,171,4
212,171,4
213,171,4
214,171,4
215,171,4
216,171,4
217,171,4
218,171,4
219,171,4
220,171,4
221,171,4
222,171,3
223,171,3
224,171,3
225,171,3
226,171,3
227,171,3
228,171,3
229,171,3
230,171,3
231,171,3
232,171,3
233,171,3
234,171,3
235,171,3
236,171,3
237,171,3
238,171,3
239,171,3
240,171,3
241,171,3
242,171,3
243,171,3
244,171,3
245,171,3
246,171,3
247,171,3
248,171,3
249,171,3
250,171,3
251,171,3
252,171,3
253,171,3
254,171,3
255,171,3
0,172,0
1,172,0
2,172,0
3,172,0
4,172,0
5,172,0
6,172,0
7,172,0
8,172,0
9,172,0
10,172,0
11,172,0
12,172,0
13,172,0
14,172,0
15,172,0
16,172,0
17,172,0
18,172,0
19,172,0
20,172,0
21,172,0
22,172,0
23,172,0
24,172,0
25,172,0
26,172,0
27,172,0
28,172,0
29,172,0
30,172,0
31,172,0
32,172,0
33,172,0
34,172,0
35,172,0
36,172,0
37,172,0
38,172,0
39,172,0
40,172,0
41,172,0
42,172,0
43,172,0
44,172,0
45,172,0
46,172,0
47,172,0
48,172,0
49,172,0
50,172,0
51,172,0
52,172,0
53,172,0
54,172,0
55,172,0
56,172,0
57,172,0
58,172,0
59,172,0
60,172,0
61,172,0
62,172,0
63,172,0
64,172,0
65,172,0
66,172,0
67,172,0
68,172,0
69,172,0
70,172,0
71,172,0
72,172,0
73,172,0
74,172,0
75,172,0
76,172,0
77,172,0
78,172,0
79,172,0
80,172,0
81,172,0
82,172,0
83,172,0
84,172,0
85,172,0
86,172,0
87,172,0
88,172,0
89,172,0
90,172,0
91,172,0
92,172,0
93,172,0
94,172,0
95,172,0
96,172,0
97,172,0
98,172,0
99,172,0
100,172,0
101,172,0
102,172,0
103,172,0
104,172,0
105,172,0
106,172,0
107,172,0
108,172,0
109,172,0
110,172,0
111,172,0
112,172,0
113,172,0
114,172,0
115,172,0
116,172,0
117,172,0
118,172,0
119,172,0
120,172,0
121,172,0
122,172,0
123,172,0
124,172,0
125,172,0
126,172,0
127,172,0
128,172,0
129,172,0
130,172,0
131,172,0
132,172,0
133,172,0
134,172,0
135,172,0
136,172,0
137,172,0
138,172,0
139,172,0
140,172,0
141,172,0
142,172,0
143,172,0
144,172,0
145,172,0
146,172,0
147,172,0
148,172,0
149,172,0
150,172,0
151,172,0
152,172,0
153,172,0
154,172,0
155,172,0
156,172,0
157,172,0
158,172,0
159,172,0
160,172,0
161,172,0
162,172,0
163,172,0
164,172,0
165,172,40
166,172,28
167,172,22
168,172,19
169,172,16
170,172,15
171,172,13
172,172,13
173,172,11
174,172,11
175,172,10
176,172,10
177,172,9
178,172,9
179,172,8
180,172,8
181,172,8
182,172,7
183,172,7
184,172,7
185,172,7
186,172,7
187,172,6
188,172,6
189,172,6
190,172,6
191,172,6
192,172,6
193,172,6
194,172,5
195,172,5
196,172,5
197,172,5
198,172,5
199,172,5
200,172,5
201,172,5
202,172,5
203,172,4
204,172,4
205,172,4
206,172,4
207,172,4
208,172,4
209,172,4
210,172,4
211,172,4
212,172,4
213,172,4
214,172,4
215,172,4
216,172,4
217,172,4
218,172,4
219,172,4
220,172,4
221,172,4
222,172,3
223,172,3
224,172,3
225,172,3
226,172,3
227,172,3
228,172,3
229,172,3
230,172,3
231,172,3
232,172,3
233,172,3
234,172,3
235,172,3
236,172,3
237,172,3
238,172,3
239,172,3
240,172,3
241,172,3
242,172,3
243,172,3
244,172,3
245,172,3
246,172,3
247,172,3
248,172,3
249,172,3
250,172,3
251,172,3
252,172,3
253,172,3
254,172,3
255,172,3
0,173,0
1,173,0
2,173,0
3,173,0
4,173,0
5,173,0
6,173,0
7,173,0
8,173,0
9,173,0
10,173,0
11,173,0
12,173,0
13,173,0
14,173,0
15,173,0
16,173,0
17,173,0
18,173,0
19,173,0
20,173,0
21,173,0
22,173,0
23,173,0
24,173,0
25,173,0
26,173,0
27,173,0
28,173,0
29,173,0
30,173,0
31,173,0
32,173,0
33,173,0
34,173,0
35,173,0
36,173,0
37,173,0
38,173,0
39,173,0
40,173,0
41,173,0
42,173,0
43,173,0
44,173,0
45,173,0
46,173,0
47,173,0
48,173,0
49,173,0
50,173,0
51,173,0
52,173,0
53,173,0
54,173,0
55,173,0
56,173,0
57,173,0
58,173,0
59,173,0
60,173,0
61,173,0
62,173,0
63,173,0
64,173,0
65,173,0
66,173,0
67,173,0
68,173,0
69,173,0
70,173,0
71,173,0
72,173,0
73,173,0
74,173,0
75,173,0
76,173,0
77,173,0
78,173,0
79,173,0
80,173,0
81,173,0
82,173,0
83,173,0
84,173,0
85,173,0
86,173,0
87,173,0
88,173,0
89,173,0
90,173,0
91,173,0
92,173,0
93,173,0
94,173,0
95,173,0
96,173,0
97,173,0
98,173,0
99,173,0
100,173,0
101,173,0
102,173,0
103,173,0
104,173,0
105,173,0
106,173,0
107,173,0
108,173,0
109,173,0
110,173,0
111,173,0
112,173,0
113,173,0
114,173,0
115,173,0
116,173,0
117,173,0
118,173,0
119,173,0
120,173,0
121,173,0
122,173,0
123,173,0
124,173,0
125,173,0
126,173,0
127,173,0
128,173,0
129,173,0
130,173,0
131,173,0
132,173,0
133,173,0
134,173,0
135,173,0
136,173,0
137,173,0
138,173,0
139,173,0
140,173,0
141,173,0
142,173,0
143,173,0
144,173,0
145,173,0
146,173,0
147,173,0
148,173,0
149,173,0
150,173,0
151,173,0
152,173,0
153,173,0
154,173,0
155,173,0
156,173,0
157,173,0
158,173,0
159,173,0
160,173,0
161,173,0
162,173,0
163,173,0
164,173,0
165,173,46
166,173,29
167,173,23
168,173,19
169,173,17
170,173,15
171,173,14
172,173,13
173,173,12
174,173,11
175,173,11
176,173,10
177,173,9
178,173,9
179,173,9
180,173,8
181,173,8
182,173,8
183,173,7
184,173,7
185,173,7
186,173,7
187,173,6
188,173,6
189,173,6
190,173,6
191,173,6
192,173,6
193,173,6
194,173,5
195,173,5
196,173,5
197,173,5
198,173,5
199,173,5
200,173,5
201,173,5
202,173,5
203,173,4
204,173,4
205,173,4
206,173,4
207,173,4
208,173,4
209,173,4
210,173,4
211,173,4
212,173,4
213,173,4
214,173,4
215,173,4
216,173,4
217,173,4
218,173,4
219,173,4
220,173,4
221,173,4
222,173,3
223,173,3
224,173,3
225,173,3
226,173,3
227,173,3
228,173,3
229,173,3
230,173,3
231,173,3
232,173,3
233,173,3
234,173,3
235,173,3
236,173,3
237,173,3
238,173,3
239,173,3
240,173,3
241,173,3
242,173,3
243,173,3
244,173,3
245,173,3
246,173,3
247,173,3
248,173,3
249,173,3
250,173,3
251,173,3
252,173,3
253,173,3
254,173,3
255,173,3
0,174,0
1,174,0
2,174,0
3,174,0
4,174,0
5,174,0
6,174,0
7,174,0
8,174,0
9,174,0
10,174,0
11,174,0
12,174,0
13,174,0
14,174,0
15,174,0
16,174,0
17,174,0
18,174,0
19,174,0
20,174,0
21,174,0
22,174,0
23,174,0
24,174,0
25,174,0
26,174,0
27,174,0
28,174,0
29,174,0
30,174,0
31,174,0
32,174,0
33,174,0
34,174,0
35,174,0
36,174,0
37,174,0
38,174,0
39,174,0
40,174,0
41,174,0
42,174,0
43,174,0
44,174,0
45,174,0
46,174,0
47,174,0
48,174,0
49,174,0
50,174,0
51,174,0
52,174,0
53,174,0
54,174,0
55,174,0
56,174,0
57,174,0
58,174,0
59,174,0
60,174,0
61,174,0
62,174,0
63,174,0
64,174,0
65,174,0
66,174,0
67,174,0
68,174,0
69,174,0
70,174,0
71,174,0
72,174,0
73,174,0
74,174,0
75,174,0
76,174,0
77,174,0
78,174,0
79,174,0
80,174,0
81,174,0
82,174,0
83,174,0
84,174,0
85,174,0
86,174,0
87,174,0
88,174,0
89,174,0
90,174,0
91,174,0
92,174,0
93,174,0
94,174,0
95,174,0
96,174,0
97,174,0
98,174,0
99,174,0
100,174,0
101,174,0
102,174,0
103,174,0
104,174,0
105,174,0
106,174,0
107,174,0
108,174,0
109,174,0
110,174,0
111,174,0
112,174,0
113,174,0
114,174,0
115,174,0
116,174,0
117,174,0
118,174,0
119,174,0
120,174,0
121,174,0
122,174,0
123,174,0
124,174,0
125,174,0
126,174,0
127,174,0
128,174,0
129,174,0
130,174,0
131,174,0
132,174,0
133,174,0
134,174,0
135,174,0
136,174,0
137,174,0
138,174,0
139,174,0
140,174,0
141,174,0
142,174,0
143,174,0
144,174,0
145,174,0
146,174,0
147,174,0
148,174,0
149,174,0
150,174,0
151,174,0
152,174,0
153,174,0
154,174,0
155,174,0
156,174,0
157,174,0
158,174,0
159,174,0
160,174,0
161,174,0
162,174,0
163,174,0
164,174,0
165,174,54
166,174,32
167,174,24
168,174,20
169,174,18
170,174,15
171,174,14
172,174,13
173,174,12
174,174,11
175,174,11
176,174,10
177,174,9
178,174,9
179,174,9
180,174,8
181,174,8
182,174,8
183,174,7
184,174,7
185,174,7
186,174,7
187,174,6
188,174,6
189,174,6
190,174,6
191,174,6
192,174,6
193,174,6
194,174,5
195,174,5
196,174,5
197,174,5
198,174,5
199,174,5
200,174,5
201,174,5
202,174,5
203,174,4
204,174,4
205,174,4
206,174,4
207,174,4
208,174,4
209,174,4
210,174,4
211,174,4
212,174,4
213,174,4
214,174,4
215,174,4
216,174,4
217,174,4
218,174,4
219,174,4
220,174,4
221,174,4
222,174,3
223,174,3
224,174,3
225,174,3
226,174,3
227,174,3
228,174,3
229,174,3
230,174,3
231,174,3
232,174,3
233,174,3
234,174,3
235,174,3
236,174,3
237,174,3
238,174,3
239,174,3
240,174,3
241,174,3
242,174,3
243,174,3
244,174,3
245,174,3
246,174,3
247,174,3
248,174,3
249,174,3
250,174,3
251,174,3
252,174,3
253,174,3
254,174,3
255,174,3
0,175,0
1,175,0
2,175,0
3,175,0
4,175,0
5,175,0
6,175,0
7,175,0
8,175,0
9,175,0
10,175,0
11,175,0
12,175,0
13,175,0
14,175,0
15,175,0
16,175,0
17,175,0
18,175,0
19,175,0
20,175,0
21,175,0
22,175,0
23,175,0
24,175,0
25,175,0
26,175,0
27,175,0
28,175,0
29,175,0
30,175,0
31,175,0
32,175,0
33,175,0
34,175,0
35,175,0
36,175,0
37,175,0
38,175,0
39,175,0
40,175,0
41,175,0
42,175,0
43,175,0
44,175,0
45,175,0
46,175,0
47,175,0
48,175,0
49,175,0
50,175,0
51,175,0
52,175,0
53,175,0
54,175,0
55,175,0
56,175,0
57,175,0
58,175,0
59,175,0
60,175,0
61,175,0
62,175,0
63,175,0
64,175,0
65,175,0
66,175,0
67,175,0
68,175,0
69,175,0
70,175,0
71,175,0
72,175,0
73,175,0
74,175,0
75,175,0
76,175,0
77,175,0
78,175,0
79,175,0
80,175,0
81,175,0
82,175,0
83,175,0
84,175,0
85,175,0
86,175,0
87,175,0
88,175,0
89,175,0
90,175,0
91,175,0
92,175,0
93,175,0
94,175,0
95,175,0
96,175,0
97,175,0
98,175,0
99,175,0
100,175,0
101,175,0
102,175,0
103,175,0
104,175,0
105,175,0
106,175,0
107,175,0
108,175,0
109,175,0
110,175,0
111,175,0
112,175,0
113,175,0
114,175,0
115,175,0
116,175,0
117,175,0
118,175,0
119,175,0
120,175,0
121,175,0
122,175,0
123,175,0
124,175,0
125,175,0
126,175,0
127,175,0
128,175,0
129,175,0
130,175,0
131,175,0
132,175,0
133,175,0
134,175,0
135,175,0
136,175,0
137,175,0
138,175,0
139,175,0
140,175,0
141,175,0
142,175,0
143,175,0
144,175,0
145,175,0
146,175,0
147,175,0
148,175,0
149,175,0
150,175,0
151,175,0
152,175,0
153,175,0
154,175,0
155,175,0
156,175,0
157,175,0
158,175,0
159,175,0
160,175,0
161,175,0
162,175,0
163,175,0
164,175,0
165,175,6
166,175,34
167,175,26
168,175,21
169,175,18
170,175,16
171,175,14
172,175,13
173,175,12
174,175,11
175,175,11
176,175,10
177,175,10
178,175,9
179,175,9
180,175,8
181,175,8
182,175,8
183,175,7
184,175,7
185,175,7
186,175,7
187,175,7
188,175,6
189,175,6
190,175,6
191,175,6
192,175,6
193,175,6
194,175,5
195,175,5
196,175,5
197,175,5
198,175,5
199,175,5
200,175,5
201,175,5
202,175,5
203,175,5
204,175,4
205,175,4
206,175,4
207,175,4
208,175,4
209,175,4
210,175,4
211,175,4
212,175,4
213,175,4
214,175,4
215,175,4
216,175,4
217,175,4
218,175,4
219,175,4
220,175,4
221,175,4
222,175,4
223,175,3
224,175,3
225,175,3
226,175,3
227,175,3
228,175,3
229,175,3
230,175,3
231,175,3
232,175,3
233,175,3
234,175,3
235,175,3
236,175,3
237,175,3
238,175,3
239,175,3
240,175,3
241,175,3
242,175,3
243,175,3
244,175,3
245,175,3
246,175,3
247,175,3
248,175,3
249,175,3
250,175,3
251,175,3
252,175,3
253,175,3
254,175,3
255,175,3
0,176,0
1,176,0
2,176,0
3,176,0
4,176,0
5,176,0
6,176,0
7,176,0
8,176,0
9,176,0
10,176,0
11,176,0
12,176,0
13,176,0
14,176,0
15,176,0
16,176,0
17,176,0
18,176,0
19,176,0
20,176,0
21,176,0
22,176,0
23,176,0
24,176,0
25,176,0
26,176,0
27,176,0
28,176,0
29,176,0
30,176,0
31,176,0
32,176,0
33,176,0
34,176,0
35,176,0
36,176,0
37,176,0
38,176,0
39,176,0
40,176,0
41,176,0
42,176,0
43,176,0
44,176,0
45,176,0
46,176,0
47,176,0
48,176,0
49,176,0
50,176,0
51,176,0
52,176,0
53,176,0
54,176,0
55,176,0
56,176,0
57,176,0
58,176,0
59,176,0
60,176,0
61,176,0
62,176,0
63,176,0
64,176,0
65,176,0
66,176,0
67,176,0
68,176,0
69,176,0
70,176,0
71,176,0
72,176,0
73,176,0
74,176,0
75,176,0
76,176,0
77,176,0
78,176,0
79,176,0
80,176,0
81,176,0
82,176,0
83,176,0
84,176,0
85,176,0
86,176,0
87,176,0
88,176,0
89,176,0
90,176,0
91,176,0
92,176,0
93,176,0
94,176,0
95,176,0
96,176,0
97,176,0
98,176,0
99,176,0
100,176,0
101,176,0
102,176,0
103,176,0
104,176,0
105,176,0
106,176,0
107,176,0
108,176,0
109,176,0
110,176,0
111,176,0
112,176,0
113,176,0
114,176,0
115,176,0
116,176,0
117,176,0
118,176,0
119,176,0
120,176,0
121,176,0
122,176,0
123,176,0
124,176,0
125,176,0
126,176,0
127,176,0
128,176,0
129,176,0
130,176,0
131,176,0
132,176,0
133,176,0
134,176,0
135,176,0
136,176,0
137,176,0
138,176,0
139,176,0
140,176,0
141,176,0
142,176,0
143,176,0
144,176,0
145,176,0
146,176,0
147,176,0
148,176,0
149,176,0
150,176,0
151,176,0
152,176,0
153,176,0
154,176,0
155,176,0
156,176,0
157,176,0
158,176,0
159,176,0
160,176,0
161,176,0
162,176,0
163,176,0
164,176,0
165,176,53
166,176,38
167,176,27
168,176,22
169,176,19
170,176,16
171,176,15
172,176,14
173,176,13
174,176,12
175,176,11
176,176,10
177,176,10
178,176,9
179,176,9
180,176,9
181,176,8
182,176,8
183,176,7
184,176,7
185,176,7
186,176,7
187,176,7
188,176,6
189,176,6
190,176,6
191,176,6
192,176,6
193,176,6
194,176,6
195,176,5
196,176,5
197,176,5
198,176,5
199,176,5
200,176,5
201,176,5
202,176,5
203,176,5
204,176,4
205,176,4
206,176,4
207,176,4
208,176,4
209,176,4
210,176,4
211,176,4
212,176,4
213,176,4
214,176,4
215,176,4
216,176,4
217,176,4
218,176,4
219,176,4
220,176,4
221,176,4
222,176,4
223,176,3
224,176,3
225,176,3
226,176,3
227,176,3
228,176,3
229,176,3
230,176,3
231,176,3
232,176,3
233,176,3
234,176,3
235,176,3
236,176,3
237,176,3
238,176,3
239,176,3
240,176,3
241,176,3
242,176,3
243,176,3
244,176,3
245,176,3
246,176,3
247,176,3
248,176,3
249,176,3
250,176,3
251,176,3
252,176,3
253,176,3
254,176,3
255,176,3
0,177,0
1,177,0
2,177,0
3,177,0
4,177,0
5,177,0
6,177,0
7,177,0
8,177,0
9,177,0
10,177,0
11,177,0
12,177,0
13,177,0
14,177,0
15,177,0
16,177,0
17,177,0
18,177,0
19,177,0
20,177,0
21,177,0
22,177,0
23,177,0
24,177,0
25,177,0
26,177,0
27,177,0
28,177,0
29,177,0
30,177,0
31,177,0
32,177,0
33,177,0
34,177,0
35,177,0
36,177,0
37,177,0
38,177,0
39,177,0
40,177,0
41,177,0
42,177,0
43,177,0
44,177,0
45,177,0
46,177,0
47,177,0
48,177,0
49,177,0
50,177,0
51,177,0
52,177,0
53,177,0
54,177,0
55,177,0
56,177,0
57,177,0
58,177,0
59,177,0
60,177,0
61,177,0
62,177,0
63,177,0
64,177,0
65,177,0
66,177,0
67,177,0
68,177,0
69,177,0
70,177,0
71,177,0
72,177,0
73,177,0
74,177,0
75,177,0
76,177,0
77,177,0
78,177,0
79,177,0
80,177,0
81,177,0
82,177,0
83,177,0
84,177,0
85,177,0
86,177,0
87,177,0
88,177,0
89,177,0
90,177,0
91,177,0
92,177,0
93,177,0
94,177,0
95,177,0
96,177,0
97,177,0
98,177,0
99,177,0
100,177,0
101,177,0
102,177,0
103,177,0
104,177,0
105,177,0
106,177,0
107,177,0
108,177,0
109,177,0
110,177,0
111,177,0
112,177,0
113,177,0
114,177,0
115,177,0
116,177,0
117,177,0
118,177,0
119,177,0
120,177,0
121,177,0
122,177,0
123,177,0
124,177,0
125,177,0
126,177,0
127,177,0
128,177,0
129,177,0
130,177,0
131,177,0
132,177,0
133,177,0
134,177,0
135,177,0
136,177,0
137,177,0
138,177,0
139,177,0
140,177,0
141,177,0
142,177,0
143,177,0
144,177,0
145,177,0
146,177,0
147,177,0
148,177,0
149,177,0
150,177,0
151,177,0
152,177,0
153,177,0
154,177,0
155,177,0
156,177,0
157,177,0
158,177,0
159,177,0
160,177,0
161,177,0
162,177,0
163,177,0
164,177,0
165,177,0
166,177,43
167,177,29
168,177,23
169,177,20
170,177,17
171,177,16
172,177,14
173,177,13
174,177,12
175,177,11
176,177,11
177,177,10
178,177,9
179,177,9
180,177,9
181,177,8
182,177,8
183,177,8
184,177,7
185,177,7
186,177,7
187,177,7
188,177,6
189,177,6
190,177,6
191,177,6
192,177,6
193,177,6
194,177,6
195,177,5
196,177,5
197,177,5
198,177,5
199,177,5
200,177,5
201,177,5
202,177,5
203,177,5
204,177,4
205,177,4
206,177,4
207,177,4
208,177,4
209,177,4
210,177,4
211,177,4
212,177,4
213,177,4
214,177,4
215,177,4
216,177,4
217,177,4
218,177,4
219,177,4
220,177,4
221,177,4
222,177,4
223,177,3
224,177,3
225,177,3
226,177,3
227,177,3
228,177,3
229,177,3
230,177,3
231,177,3
232,177,3
233,177,3
234,177,3
235,177,3
236,177,3
237,177,3
238,177,3
239,177,3
240,177,3
241,177,3
242,177,3
243,177,3
244,177,3
245,177,3
246,177,3
247,177,3
248,177,3
249,177,3
250,177,3
251,177,3
252,177,3
253,177,3
254,177,3
255,177,3
0,178,0
1,178,0
2,178,0
3,178,0
4,178,0
5,178,0
6,178,0
7,178,0
8,178,0
9,178,0
10,178,0
11,178,0
12,178,0
13,178,0
14,178,0
15,178,0
16,178,0
17,178,0
18,178,0
19,178,0
20,178,0
21,178,0
22,178,0
23,178,0
24,178,0
25,178,0
26,178,0
27,178,0
28,178,0
29,178,0
30,178,0
31,178,0
32,178,0
33,178,0
34,178,0
35,178,0
36,178,0
37,178,0
38,178,0
39,178,0
40,178,0
41,178,0
42,178,0
43,178,0
44,178,0
45,178,0
46,178,0
47,178,0
48,178,0
49,178,0
50,178,0
51,178,0
52,178,0
53,178,0
54,178,0
55,178,0
56,178,0
57,178,0
58,178,0
59,178,0
60,178,0
61,178,0
62,178,0
63,178,0
64,178,0
65,178,0
66,178,0
67,178,0
68,178,0
69,178,0
70,178,0
71,178,0
72,178,0
73,178,0
74,178,0
75,178,0
76,178,0
77,178,0
78,178,0
79,178,0
80,178,0
81,178,0
82,178,0
83,178,0
84,178,0
85,178,0
86,178,0
87,178,0
88,178,0
89,178,0
90,178,0
91,178,0
92,178,0
93,178,0
94,178,0
95,178,0
96,178,0
97,178,0
98,178,0
99,178,0
100,178,0
101,178,0
102,178,0
103,178,0
104,178,0
105,178,0
106,178,0
107,178,0
108,178,0
109,178,0
110,178,0
111,178,0
112,178,0
113,178,0
114,178,0
115,178,0
116,178,0
117,178,0
118,178,0
119,178,0
120,178,0
121,178,0
122,178,0
123,178,0
124,178,0
125,178,0
126,178,0
127,178,0
128,178,0
129,178,0
130,178,0
131,178,0
132,178,0
133,178,0
134,178,0
135,178,0
136,178,0
137,178,0
138,178,0
139,178,0
140,178,0
141,178,0
142,178,0
143,178,0
144,178,0
145,178,0
146,178,0
147,178,0
148,178,0
149,178,0
150,178,0
151,178,0
152,178,0
153,178,0
154,178,0
155,178,0
156,178,0
157,178,0
158,178,0
159,178,0
160,178,0
161,178,0
162,178,0
163,178,0
164,178,0
165,178,0
166,178,49
167,178,31
168,178,24
169,178,20
170,178,18
171,178,16
172,178,14
173,178,13
174,178,12
175,178,11
176,178,11
177,178,10
178,178,10
179,178,9
180,178,9
181,178,9
182,178,8
183,178,8
184,178,7
185,178,7
186,178,7
187,178,7
188,178,7
189,178,6
190,178,6
191,178,6
192,178,6
193,178,6
194,178,6
195,178,5
196,178,5
197,178,5
198,178,5
199,178,5
200,178,5
201,178,5
202,178,5
203,178,5
204,178,5
205,178,4
206,178,4
207,178,4
208,178,4
209,178,4
210,178,4
211,178,4
212,178,4
213,178,4
214,178,4
215,178,4
216,178,4
217,178,4
218,178,4
219,178,4
220,178,4
221,178,4
222,178,4
223,178,4
224,178,3
225,178,3
226,178,3
227,178,3
228,178,3
229,178,3
230,178,3
231,178,3
232,178,3
233,178,3
234,178,3
235,178,3
236,178,3
237,178,3
238,178,3
239,178,3
240,178,3
241,178,3
242,178,3
243,178,3
244,178,3
245,178,3
246,178,3
247,178,3
248,178,3
249,178,3
250,178,3
251,178,3
252,178,3
253,178,3
254,178,3
255,178,3
0,179,0
1,179,0
2,179,0
3,179,0
4,179,0
5,179,0
6,179,0
7,179,0
8,179,0
9,179,0
10,179,0
11,179,0
12,179,0
13,179,0
14,179,0
15,179,0
16,179,0
17,179,0
18,179,0
19,179,0
20,179,0
21,179,0
22,179,0
23,179,0
24,179,0
25,179,0
26,179,0
27,179,0
28,179,0
29,179,0
30,179,0
31,179,0
32,179,0
33,179,0
34,179,0
35,179,0
36,179,0
37,179,0
38,179,0
39,179,0
40,179,0
41,179,0
42,179,0
43,179,0
44,179,0
45,179,0
46,179,0
47,179,0
48,179,0
49,179,0
50,179,0
51,179,0
52,179,0
53,179,0
54,179,0
55,179,0
56,179,0
57,179,0
58,179,0
59,179,0
60,179,0
61,179,0
62,179,0
63,179,0
64,179,0
65,179,0
66,179,0
67,179,0
68,179,0
69,179,0
70,179,0
71,179,0
72,179,0
73,179,0
74,179,0
75,179,0
76,179,0
77,179,0
78,179,0
79,179,0
80,179,0
81,179,0
82,179,0
83,179,0
84,179,0
85,179,0
86,179,0
87,179,0
88,179,0
89,179,0
90,179,0
91,179,0
92,179,0
93,179,0
94,179,0
95,179,0
96,179,0
97,179,0
98,179,0
99,179,0
100,179,0
101,179,0
102,179,0
103,179,0
104,179,0
105,179,0
106,179,0
107,179,0
108,179,0
109,179,0
110,179,0
111,179,0
112,179,0
113,179,0
114,179,0
115,179,0
116,179,0
117,179,0
118,179,0
119,179,0
120,179,0
121,179,0
122,179,0
123,179,0
124,179,0
125,179,0
126,179,0
127,179,0
128,179,0
129,179,0
130,179,0
131,179,0
132,179,0
133,179,0
134,179,0
135,179,0
136,179,0
137,179,0
138,179,0
139,179,0
140,179,0
141,179,0
142,179,0
143,179,0
144,179,0
145,179,0
146,179,0
147,179,0
148,179,0
149,179,0
150,179,0
151,179,0
152,179,0
153,179,0
154,179,0
155,179,0
156,179,0
157,179,0
158,179,0
159,179,0
160,179,0
161,179,0
162,179,0
163,179,0
164,179,0
165,179,0
166,179,60
167,179,34
168,179,26
169,179,21
170,179,18
171,179,16
172,179,15
173,179,14
174,179,12
175,179,12
176,179,11
177,179,10
178,179,10
179,179,9
180,179,9
181,179,9
182,179,8
183,179,8
184,179,7
185,179,7
186,179,7
187,179,7
188,179,7
189,179,6
190,179,6
191,179,6
192,179,6
193,179,6
194,179,6
195,179,6
196,179,5
197,179,5
198,179,5
199,179,5
200,179,5
201,179,5
202,179,5
203,179,5
204,179,5
205,179,4
206,179,4
207,179,4
208,179,4
209,179,4
210,179,4
211,179,4
212,179,4
213,179,4
214,179,4
215,179,4
216,179,4
217,179,4
218,179,4
219,179,4
220,179,4
221,179,4
222,179,4
223,179,4
224,179,3
225,179,3
226,179,3
227,179,3
228,179,3
229,179,3
230,179,3
231,179,3
232,179,3
233,179,3
234,179,3
235,179,3
236,179,3
237,179,3
238,179,3
239,179,3
240,179,3
241,179,3
242,179,3
243,179,3
244,179,3
245,179,3
246,179,3
247,179,3
248,179,3
249,179,3
250,179,3
251,179,3
252,179,3
253,179,3
254,179,3
255,179,3
0,180,0
1,180,0
2,180,0
3,180,0
4,180,0
5,180,0
6,180,0
7,180,0
8,180,0
9,180,0
10,180,0
11,180,0
12,180,0
13,180,0
14,180,0
15,180,0
16,180,0
17,180,0
18,180,0
19,180,0
20,180,0
21,180,0
22,180,0
23,180,0
24,180,0
25,180,0
26,180,0
27,180,0
28,180,0
29,180,0
30,180,0
31,180,0
32,180,0
33,180,0
34,180,0
35,180,0
36,180,0
37,180,0
38,180,0
39,180,0
40,180,0
41,180,0
42,180,0
43,180,0
44,180,0
45,180,0
46,180,0
47,180,0
48,180,0
49,180,0
50,180,0
51,180,0
52,180,0
53,180,0
54,180,0
55,180,0
56,180,0
57,180,0
58,180,0
59,180,0
60,180,0
61,180,0
62,180,0
63,180,0
64,180,0
65,180,0
66,180,0
67,180,0
68,180,0
69,180,0
70,180,0
71,180,0
72,180,0
73,180,0
74,180,0
75,180,0
76,180,0
77,180,0
78,180,0
79,180,0
80,180,0
81,180,0
82,180,0
83,180,0
84,180,0
85,180,0
86,180,0
87,180,0
88,180,0
89,180,0
90,180,0
91,180,0
92,180,0
93,180,0
94,180,0
95,180,0
96,180,0
97,180,0
98,180,0
99,180,0
100,180,0
101,180,0
102,180,0
103,180,0
104,180,0
105,180,0
106,180,0
107,180,0
108,180,0
109,180,0
110,180,0
111,180,0
112,180,0
113,180,0
114,180,0
115,180,0
116,180,0
117,180,0
118,180,0
119,180,0
120,180,0
121,180,0
122,180,0
123,180,0
124,180,0
125,180,0
126,180,0
127,180,0
128,180,0
129,180,0
130,180,0
131,180,0
132,180,0
133,180,0
134,180,0
135,180,0
136,180,0
137,180,0
138,180,0
139,180,0
140,180,0
141,180,0
142,180,0
143,180,0
144,180,0
145,180,0
146,180,0
147,180,0
148,180,0
149,180,0
150,180,0
151,180,0
152,180,0
153,180,0
154,180,0
155,180,0
156,180,0
157,180,0
158,180,0
159,180,0
160,180,0
161,180,0
162,180,0
163,180,0
164,180,0
165,180,0
166,180,21
167,180,37
168,180,27
169,180,23
170,180,19
171,180,17
172,180,15
173,180,14
174,180,13
175,180,12
176,180,11
177,180,11
178,180,10
179,180,9
180,180,9
181,180,9
182,180,8
183,180,8
184,180,8
185,180,7
186,180,7
187,180,7
188,180,7
189,180,6
190,180,6
191,180,6
192,180,6
193,180,6
194,180,6
195,180,6
196,180,5
197,180,5
198,180,5
199,180,5
200,180,5
201,180,5
202,180,5
203,180,5
204,180,5
205,180,4
206,180,4
207,180,4
208,180,4
209,180,4
210,180,4
211,180,4
212,180,4
213,180,4
214,180,4
215,180,4
216,180,4
217,180,4
218,180,4
219,180,4
220,180,4
221,180,4
222,180,4
223,180,4
224,180,3
225,180,3
226,180,3
227,180,3
228,180,3
229,180,3
230,180,3
231,180,3
232,180,3
233,180,3
234,180,3
235,180,3
236,180,3
237,180,3
238,180,3
239,180,3
240,180,3
241,180,3
242,180,3
243,180,3
244,180,3
245,180,3
246,180,3
247,180,3
248,180,3
249,180,3
250,180,3
251,180,3
252,180,3
253,180,3
254,180,3
255,180,3
0,181,0
1,181,0
2,181,0
3,181,0
4,181,0
5,181,0
6,181,0
7,181,0
8,181,0
9,181,0
10,181,0
11,181,0
12,181,0
13,181,0
14,181,0
15,181,0
16,181,0
17,181,0
18,181,0
19,181,0
20,181,0
21,181,0
22,181,0
23,181,0
24,181,0
25,181,0
26,181,0
27,181,0
28,181,0
29,181,0
30,181,0
31,181,0
32,181,0
33,181,0
34,181,0
35,181,0
36,181,0
37,181,0
38,181,0
39,181,0
40,181,0
41,181,0
42,181,0
43,181,0
44,181,0
45,181,0
46,181,0
47,181,0
48,181,0
49,181,0
50,181,0
51,181,0
52,181,0
53,181,0
54,181,0
55,181,0
56,181,0
57,181,0
58,181,0
59,181,0
60,181,0
61,181,0
62,181,0
63,181,0
64,181,0
65,181,0
66,181,0
67,181,0
68,181,0
69,181,0
70,181,0
71,181,0
72,181,0
73,181,0
74,181,0
75,181,0
76,181,0
77,181,0
78,181,0
79,181,0
80,181,0
81,181,0
82,181,0
83,181,0
84,181,0
85,181,0
86,181,0
87,181,0
88,181,0
89,181,0
90,181,0
91,181,0
92,181,0
93,181,0
94,181,0
95,181,0
96,181,0
97,181,0
98,181,0
99,181,0
100,181,0
101,181,0
102,181,0
103,181,0
104,181,0
105,181,0
106,181,0
107,181,0
108,181,0
109,181,0
110,181,0
111,181,0
112,181,0
113,181,0
114,181,0
115,181,0
116,181,0
117,181,0
118,181,0
119,181,0
120,181,0
121,181,0
122,181,0
123,181,0
124,181,0
125,181,0
126,181,0
127,181,0
128,181,0
129,181,0
130,181,0
131,181,0
132,181,0
133,181,0
134,181,0
135,181,0
136,181,0
137,181,0
138,181,0
139,181,0
140,181,0
141,181,0
142,181,0
143,181,0
144,181,0
145,181,0
146,181,0
147,181,0
148,181,0
149,181,0
150,181,0
151,181,0
152,181,0
153,181,0
154,181,0
155,181,0
156,181,0
157,181,0
158,181,0
159,181,0
160,181,0
161,181,0
162,181,0
163,181,0
164,181,0
165,181,0
166,181,0
167,181,42
168,181,30
169,181,24
170,181,20
171,181,18
172,181,16
173,181,14
174,181,13
175,181,12
176,181,12
177,181,11
178,181,10
179,181,10
180,181,9
181,181,9
182,181,8
183,181,8
184,181,8
185,181,7
186,181,7
187,181,7
188,181,7
189,181,7
190,181,6
191,181,6
192,181,6
193,181,6
194,181,6
195,181,6
196,181,5
197,181,5
198,181,5
199,181,5
200,181,5
201,181,5
202,181,5
203,181,5
204,181,5
205,181,4
206,181,4
207,181,4
208,181,4
209,181,4
210,181,4
211,181,4
212,181,4
213,181,4
214,181,4
215,181,4
216,181,4
217,181,4
218,181,4
219,181,4
220,181,4
221,181,4
222,181,4
223,181,4
224,181,4
225,181,3
226,181,3
227,181,3
228,181,3
229,181,3
230,181,3
231,181,3
232,181,3
233,181,3
234,181,3
235,181,3
236,181,3
237,181,3
238,181,3
239,181,3
240,181,3
241,181,3
242,181,3
243,181,3
244,181,3
245,181,3
246,181,3
247,181,3
248,181,3
249,181,3
250,181,3
251,181,3
252,181,3
253,181,3
254,181,3
255,181,3
0,182,0
1,182,0
2,182,0
3,182,0
4,182,0
5,182,0
6,182,0
7,182,0
8,182,0
9,182,0
10,182,0
11,182,0
12,182,0
13,182,0
14,182,0
15,182,0
16,182,0
17,182,0
18,182,0
19,182,0
20,182,0
21,182,0
22,182,0
23,182,0
24,182,0
25,182,0
26,182,0
27,182,0
28,182,0
29,182,0
30,182,0
31,182,0
32,182,0
33,182,0
34,182,0
35,182,0
36,182,0
37,182,0
38,182,0
39,182,0
40,182,0
41,182,0
42,182,0
43,182,0
44,182,0
45,182,0
46,182,0
47,182,0
48,182,0
49,182,0
50,182,0
51,182,0
52,182,0
53,182,0
54,182,0
55,182,0
56,182,0
57,182,0
58,182,0
59,182,0
60,182,0
61,182,0
62,182,0
63,182,0
64,182,0
65,182,0
66,182,0
67,182,0
68,182,0
69,182,0
70,182,0
71,182,0
72,182,0
73,182,0
74,182,0
75,182,0
76,182,0
77,182,0
78,182,0
79,182,0
80,182,0
81,182,0
82,182,0
83,182,0
84,182,0
85,182,0
86,182,0
87,182,0
88,182,0
89,182,0
90,182,0
91,182,0
92,182,0
93,182,0
94,182,0
95,182,0
96,182,0
97,182,0
98,182,0
99,182,0
100,182,0
101,182,0
102,182,0
103,182,0
104,182,0
105,182,0
106,182,0
107,182,0
108,182,0
109,182,0
110,182,0
111,182,0
112,182,0
113,182,0
114,182,0
115,182,0
116,182,0
117,182,0
118,182,0
119,182,0
120,182,0
121,182,0
122,182,0
123,182,0
124,182,0
125,182,0
126,182,0
127,182,0
128,182,0
129,182,0
130,182,0
131,182,0
132,182,0
133,182,0
134,182,0
135,182,0
136,182,0
137,182,0
138,182,0
139,182,0
140,182,0
141,182,0
142,182,0
143,182,0
144,182,0
145,182,0
146,182,0
147,182,0
148,182,0
149,182,0
150,182,0
151,182,0
152,182,0
153,182,0
154,182,0
155,182,0
156,182,0
157,182,0
158,182,0
159,182,0
160,182,0
161,182,0
162,182,0
163,182,0
164,182,0
165,182,0
166,182,0
167,182,49
168,182,32
169,182,25
170,182,21
171,182,19
172,182,16
173,182,15
174,182,14
175,182,12
176,182,12
177,182,11
178,182,10
179,182,10
180,182,9
181,182,9
182,182,9
183,182,8
184,182,8
185,182,7
186,182,7
187,182,7
188,182,7
189,182,7
190,182,6
191,182,6
192,182,6
193,182,6
194,182,6
195,182,6
196,182,6
197,182,5
198,182,5
199,182,5
200,182,5
201,182,5
202,182,5
203,182,5
204,182,5
205,182,5
206,182,4
207,182,4
208,182,4
209,182,4
210,182,4
211,182,4
212,182,4
213,182,4
214,182,4
215,182,4
216,182,4
217,182,4
218,182,4
219,182,4
220,182,4
221,182,4
222,182,4
223,182,4
224,182,4
225,182,3
226,182,3
227,182,3
228,182,3
229,182,3
230,182,3
231,182,3
232,182,3
233,182,3
234,182,3
235,182,3
236,182,3
237,182,3
238,182,3
239,182,3
240,182,3
241,182,3
242,182,3
243,182,3
244,182,3
245,182,3
246,182,3
247,182,3
248,182,3
249,182,3
250,182,3
251,182,3
252,182,3
253,182,3
254,182,3
255,182,3
0,183,0
1,183,0
2,183,0
3,183,0
4,183,0
5,183,0
6,183,0
7,183,0
8,183,0
9,183,0
10,183,0
11,183,0
12,183,0
13,183,0
14,183,0
15,183,0
16,183,0
17,183,0
18,183,0
19,183,0
20,183,0
21,183,0
22,183,0
23,183,0
24,183,0
25,183,0
26,183,0
27,183,0
28,183,0
29,183,0
30,183,0
31,183,0
32,183,0
33,183,0
34,183,0
35,183,0
36,183,0
37,183,0
38,183,0
39,183,0
40,183,0
41,183,0
42,183,0
43,183,0
44,183,0
45,183,0
46,183,0
47,183,0
48,183,0
49,183,0
50,183,0
51,183,0
52,183,0
53,183,0
54,183,0
55,183,0
56,183,0
57,183,0
58,183,0
59,183,0
60,183,0
61,183,0
62,183,0
63,183,0
64,183,0
65,183,0
66,183,0
67,183,0
68,183,0
69,183,0
70,183,0
71,183,0
72,183,0
73,183,0
74,183,0
75,183,0
76,183,0
77,183,0
78,183,0
79,183,0
80,183,0
81,183,0
82,183,0
83,183,0
84,183,0
85,183,0
86,183,0
87,183,0
88,183,0
89,183,0
90,183,0
91,183,0
92,183,0
93,183,0
94,183,0
95,183,0
96,183,0
97,183,0
98,183,0
99,183,0
100,183,0
101,183,0
102,183,0
103,183,0
104,183,0
105,183,0
106,183,0
107,183,0
108,183,0
109,183,0
110,183,0
111,183,0
112,183,0
113,183,0
114,183,0
115,183,0
116,183,0
117,183,0
118,183,0
119,183,0
120,183,0
121,183,0
122,183,0
123,183,0
124,183,0
125,183,0
126,183,0
127,183,0
128,183,0
129,183,0
130,183,0
131,183,0
132,183,0
133,183,0
134,183,0
135,183,0
136,183,0
137,183,0
138,183,0
139,183,0
140,183,0
141,183,0
142,183,0
143,183,0
144,183,0
145,183,0
146,183,0
147,183,0
148,183,0
149,183,0
150,183,0
151,183,0
152,183,0
153,183,0
154,183,0
155,183,0
156,183,0
157,183,0
158,183,0
159,183,0
160,183,0
161,183,0
162,183,0
163,183,0
164,183,0
165,183,0
166,183,0
167,183,60
168,183,35
169,183,27
170,183,22
171,183,19
172,183,17
173,183,15
174,183,14
175,183,13
176,183,12
177,183,11
178,183,11
179,183,10
180,183,9
181,183,9
182,183,9
183,183,8
184,183,8
185,183,8
186,183,7
187,183,7
188,183,7
189,183,7
190,183,6
191,183,6
192,183,6
193,183,6
194,183,6
195,183,6
196,183,6
197,183,5
198,183,5
199,183,5
200,183,5
201,183,5
202,183,5
203,183,5
204,183,5
205,183,5
206,183,4
207,183,4
208,183,4
209,183,4
210,183,4
211,183,4
212,183,4
213,183,4
214,183,4
215,183,4
216,183,4
217,183,4
218,183,4
219,183,4
220,183,4
221,183,4
222,183,4
223,183,4
224,183,4
225,183,3
226,183,3
227,183,3
228,183,3
229,183,3
230,183,3
231,183,3
232,183,3
233,183,3
234,183,3
235,183,3
236,183,3
237,183,3
238,183,3
239,183,3
240,183,3
241,183,3
242,183,3
243,183,3
244,183,3
245,183,3
246,183,3
247,183,3
248,183,3
249,183,3
250,183,3
251,183,3
252,183,3
253,183,3
254,183,3
255,183,3
0,184,0
1,184,0
2,184,0
3,184,0
4,184,0
5,184,0
6,184,0
7,184,0
8,184,0
9,184,0
10,184,0
11,184,0
12,184,0
13,184,0
14,184,0
15,184,0
16,184,0
17,184,0
18,184,0
19,184,0
20,184,0
21,184,0
22,184,0
23,184,0
24,184,0
25,184,0
26,184,0
27,184,0
28,184,0
29,184,0
30,184,0
31,184,0
32,184,0
33,184,0
34,184,0
35,184,0
36,184,0
37,184,0
38,184,0
39,184,0
40,184,0
41,184,0
42,184,0
43,184,0
44,184,0
45,184,0
46,184,0
47,184,0
48,184,0
49,184,0
50,184,0
51,184,0
52,184,0
53,184,0
54,184,0
55,184,0
56,184,0
57,184,0
58,184,0
59,184,0
60,184,0
61,184,0
62,184,0
63,184,0
64,184,0
65,184,0
66,184,0
67,184,0
68,184,0
69,184,0
70,184,0
71,184,0
72,184,0
73,184,0
74,184,0
75,184,0
76,184,0
77,184,0
78,184,0
79,184,0
80,184,0
81,184,0
82,184,0
83,184,0
84,184,0
85,184,0
86,184,0
87,184,0
88,184,0
89,184,0
90,184,0
91,184,0
92,184,0
93,184,0
94,184,0
95,184,0
96,184,0
97,184,0
98,184,0
99,184,0
100,184,0
101,184,0
102,184,0
103,184,0
104,184,0
105,184,0
106,184,0
107,184,0
108,184,0
109,184,0
110,184,0
111,184,0
112,184,0
113,184,0
114,184,0
115,184,0
116,184,0
117,184,0
118,184,0
119,184,0
120,184,0
121,184,0
122,184,0
123,184,0
124,184,0
125,184,0
126,184,0
127,184,0
128,184,0
129,184,0
130,184,0
131,184,0
132,184,0
133,184,0
134,184,0
135,184,0
136,184,0
137,184,0
138,184,0
139,184,0
140,184,0
141,184,0
142,184,0
143,184,0
144,184,0
145,184,0
146,184,0
147,184,0
148,184,0
149,184,0
150,184,0
151,184,0
152,184,0
153,184,0
154,184,0
155,184,0
156,184,0
157,184,0
158,184,0
159,184,0
160,184,0
161,184,0
162,184,0
163,184,0
164,184,0
165,184,0
166,184,0
167,184,21
168,184,41
169,184,29
170,184,24
171,184,20
172,184,18
173,184,16
174,184,14
175,184,13
176,184,12
177,184,12
178,184,11
179,184,10
180,184,10
181,184,9
182,184,9
183,184,8
184,184,8
185,184,8
186,184,7
187,184,7
188,184,7
189,184,7
190,184,7
191,184,6
192,184,6
193,184,6
194,184,6
195,184,6
196,184,6
197,184,5
198,184,5
199,184,5
200,184,5
201,184,5
202,184,5
203,184,5
204,184,5
205,184,5
206,184,4
207,184,4
208,184,4
209,184,4
210,184,4
211,184,4
212,184,4
213,184,4
214,184,4
215,184,4
216,184,4
217,184,4
218,184,4
219,184,4
220,184,4
221,184,4
222,184,4
223,184,4
224,184,4
225,184,4
226,184,3
227,184,3
228,184,3
229,184,3
230,184,3
231,184,3
232,184,3
233,184,3
234,184,3
235,184,3
236,184,3
237,184,3
238,184,3
239,184,3
240,184,3
241,184,3
242,184,3
243,184,3
244,184,3
245,184,3
246,184,3
247,184,3
248,184,3
249,184,3
250,184,3
251,184,3
252,184,3
253,184,3
254,184,3
255,184,3
0,185,0
1,185,0
2,185,0
3,185,0
4,185,0
5,185,0
6,185,0
7,185,0
8,185,0
9,185,0
10,185,0
11,185,0
12,185,0
13,185,0
14,185,0
15,185,0
16,185,0
17,185,0
18,185,0
19,185,0
20,185,0
21,185,0
22,185,0
23,185,0
24,185,0
25,185,0
26,185,0
27,185,0
28,185,0
29,185,0
30,185,0
31,185,0
32,185,0
33,185,0
34,185,0
35,185,0
36,185,0
37,185,0
38,185,0
39,185,0
40,185,0
41,185,0
42,185,0
43,185,0
44,185,0
45,185,0
46,185,0
47,185,0
48,185,0
49,185,0
50,185,0
51,185,0
52,185,0
53,185,0
54,185,0
55,185,0
56,185,0
57,185,0
58,185,0
59,185,0
60,185,0
61,185,0
62,185,0
63,185,0
64,185,0
65,185,0
66,185,0
67,185,0
68,185,0
69,185,0
70,185,0
71,185,0
72,185,0
73,185,0
74,185,0
75,185,0
76,185,0
77,185,0
78,185,0
79,185,0
80,185,0
81,185,0
82,185,0
83,185,0
84,185,0
85,185,0
86,185,0
87,185,0
88,185,0
89,185,0
90,185,0
91,185,0
92,185,0
93,185,0
94,185,0
95,185,0
96,185,0
97,185,0
98,185,0
99,185,0
100,185,0
101,185,0
102,185,0
103,185,0
104,185,0
105,185,0
106,185,0
107,185,0
108,185,0
109,185,0
110,185,0
111,185,0
112,185,0
113,185,0
114,185,0
115,185,0
116,185,0
117,185,0
118,185,0
119,185,0
120,185,0
121,185,0
122,185,0
123,185,0
124,185,0
125,185,0
126,185,0
127,185,0
128,185,0
129,185,0
130,185,0
131,185,0
132,185,0
133,185,0
134,185,0
135,185,0
136,185,0
137,185,0
138,185,0
139,185,0
140,185,0
141,185,0
142,185,0
143,185,0
144,185,0
145,185,0
146,185,0
147,185,0
148,185,0
149,185,0
150,185,0
151,185,0
152,185,0
153,185,0
154,185,0
155,185,0
156,185,0
157,185,0
158,185,0
159,185,0
160,185,0
161,185,0
162,185,0
163,185,0
164,185,0
165,185,0
166,185,0
167,185,0
168,185,47
169,185,32
170,185,26
171,185,22
172,185,19
173,185,17
174,185,15
175,185,14
176,185,13
177,185,12
178,185,11
179,185,10
180,185,10
181,185,9
182,185,9
183,185,9
184,185,8
185,185,8
186,185,7
187,185,7
188,185,7
189,185,7
190,185,7
191,185,6
192,185,6
193,185,6
194,185,6
195,185,6
196,185,6
197,185,6
198,185,5
199,185,5
200,185,5
201,185,5
202,185,5
203,185,5
204,185,5
205,185,5
206,185,5
207,185,4
208,185,4
209,185,4
210,185,4
211,185,4
212,185,4
213,185,4
214,185,4
215,185,4
216,185,4
217,185,4
218,185,4
219,185,4
220,185,4
221,185,4
222,185,4
223,185,4
224,185,4
225,185,4
226,185,3
227,185,3
228,185,3
229,185,3
230,185,3
231,185,3
232,185,3
233,185,3
234,185,3
235,185,3
236,185,3
237,185,3
238,185,3
239,185,3
240,185,3
241,185,3
242,185,3
243,185,3
244,185,3
245,185,3
246,185,3
247,185,3
248,185,3
249,185,3
250,185,3
251,185,3
252,185,3
253,185,3
254,185,3
255,185,3
0,186,0
1,186,0
2,186,0
3,186,0
4,186,0
5,186,0
6,186,0
7,186,0
8,186,0
9,186,0
10,186,0
11,186,0
12,186,0
13,186,0
14,186,0
15,186,0
16,186,0
17,186,0
18,186,0
19,186,0
20,186,0
21,186,0
22,186,0
23,186,0
24,186,0
25,186,0
26,186,0
27,186,0
28,186,0
29,186,0
30,186,0
31,186,0
32,186,0
33,186,0
34,186,0
35,186,0
36,186,0
37,186,0
38,186,0
39,186,0
40,186,0
41,186,0
42,186,0
43,186,0
44,186,0
45,186,0
46,186,0
47,186,0
48,186,0
49,186,0
50,186,0
51,186,0
52,186,0
53,186,0
54,186,0
55,186,0
56,186,0
57,186,0
58,186,0
59,186,0
60,186,0
61,186,0
62,186,0
63,186,0
64,186,0
65,186,0
66,186,0
67,186,0
68,186,0
69,186,0
70,186,0
71,186,0
72,186,0
73,186,0
74,186,0
75,186,0
76,186,0
77,186,0
78,186,0
79,186,0
80,186,0
81,186,0
82,186,0
83,186,0
84,186,0
85,186,0
86,186,0
87,186,0
88,186,0
89,186,0
90,186,0
91,186,0
92,186,0
93,186,0
94,186,0
95,186,0
96,186,0
97,186,0
98,186,0
99,186,0
100,186,0
101,186,0
102,186,0
103,186,0
104,186,0
105,186,0
106,186,0
107,186,0
108,186,0
109,186,0
110,186,0
111,186,0
112,186,0
113,186,0
114,186,0
115,186,0
116,186,0
117,186,0
118,186,0
119,186,0
120,186,0
121,186,0
122,186,0
123,186,0
124,186,0
125,186,0
126,186,0
127,186,0
128,186,0
129,186,0
130,186,0
131,186,0
132,186,0
133,186,0
134,186,0
135,186,0
136,186,0
137,186,0
138,186,0
139,186,0
140,186,0
141,186,0
142,186,0
143,186,0
144,186,0
145,186,0
146,186,0
147,186,0
148,186,0
149,186,0
150,186,0
151,186,0
152,186,0
153,186,0
154,186,0
155,186,0
156,186,0
157,186,0
158,186,0
159,186,0
160,186,0
161,186,0
162,186,0
163,186,0
164,186,0
165,186,0
166,186,0
167,186,0
168,186,59
169,186,36
170,186,28
171,186,23
172,186,20
173,186,18
174,186,16
175,186,14
176,186,13
177,186,12
178,186,12
179,186,11
180,186,10
181,186,10
182,186,9
183,186,9
184,186,8
185,186,8
186,186,8
187,186,7
188,186,7
189,186,7
190,186,7
191,186,7
192,186,6
193,186,6
194,186,6
195,186,6
196,186,6
197,186,6
198,186,5
199,186,5
200,186,5
201,186,5
202,186,5
203,186,5
204,186,5
205,186,5
206,186,5
207,186,4
208,186,4
209,186,4
210,186,4
211,186,4
212,186,4
213,186,4
214,186,4
215,186,4
216,186,4
217,186,4
218,186,4
219,186,4
220,186,4
221,186,4
222,186,4
223,186,4
224,186,4
225,186,4
226,186,3
227,186,3
228,186,3
229,186,3
230,186,3
231,186,3
232,186,3
233,186,3
234,186,3
235,186,3
236,186,3
237,186,3
238,186,3
239,186,3
240,186,3
241,186,3
242,186,3
243,186,3
244,186,3
245,186,3
246,186,3
247,186,3
248,186,3
249,186,3
250,186,3
251,186,3
252,186,3
253,186,3
254,186,3
255,186,3
0,187,0
1,187,0
2,187,0
3,187,0
4,187,0
5,187,0
6,187,0
7,187,0
8,187,0
9,187,0
10,187,0
11,187,0
12,187,0
13,187,0
14,187,0
15,187,0
16,187,0
17,187,0
18,187,0
19,187,0
20,187,0
21,187,0
22,187,0
23,187,0
24,187,0
25,187,0
26,187,0
27,187,0
28,187,0
29,187,0
30,187,0
31,187,0
32,187,0
33,187,0
34,187,0
35,187,0
36,187,0
37,187,0
38,187,0
39,187,0
40,187,0
41,187,0
42,187,0
43,187,0
44,187,0
45,187,0
46,187,0
47,187,0
48,187,0
49,187,0
50,187,0
51,187,0
52,187,0
53,187,0
54,187,0
55,187,0
56,187,0
57,187,0
58,187,0
59,187,0
60,187,0
61,187,0
62,187,0
63,187,0
64,187,0
65,187,0
66,187,0
67,187,0
68,187,0
69,187,0
70,187,0
71,187,0
72,187,0
73,187,0
74,187,0
75,187,0
76,187,0
77,187,0
78,187,0
79,187,0
80,187,0
81,187,0
82,187,0
83,187,0
84,187,0
85,187,0
86,187,0
87,187,0
88,187,0
89,187,0
90,187,0
91,187,0
92,187,0
93,187,0
94,187,0
95,187,0
96,187,0
97,187,0
98,187,0
99,187,0
100,187,0
101,187,0
102,187,0
103,187,0
104,187,0
105,187,0
106,187,0
107,187,0
108,187,0
109,187,0
110,187,0
111,187,0
112,187,0
113,187,0
114,187,0
115,187,0
116,187,0
117,187,0
118,187,0
119,187,0
120,187,0
121,187,0
122,187,0
123,187,0
124,187,0
125,187,0
126,187,0
127,187,0
128,187,0
129,187,0
130,187,0
131,187,0
132,187,0
133,187,0
134,187,0
135,187,0
136,187,0
137,187,0
138,187,0
139,187,0
140,187,0
141,187,0
142,187,0
143,187,0
144,187,0
145,187,0
146,187,0
147,187,0
148,187,0
149,187,0
150,187,0
151,187,0
152,187,0
153,187,0
154,187,0
155,187,0
156,187,0
157,187,0
158,187,0
159,187,0
160,187,0
161,187,0
162,187,0
163,187,0
164,187,0
165,187,0
166,187,0
167,187,0
168,187,0
169,187,43
170,187,30
171,187,25
172,187,21
173,187,18
174,187,16
175,187,15
176,187,13
177,187,12
178,187,12
179,187,11
180,187,10
181,187,10
182,187,9
183,187,9
184,187,8
185,187,8
186,187,8
187,187,7
188,187,7
189,187,7
190,187,7
191,187,7
192,187,6
193,187,6
194,187,6
195,187,6
196,187,6
197,187,6
198,187,5
199,187,5
200,187,5
201,187,5
202,187,5
203,187,5
204,187,5
205,187,5
206,187,5
207,187,4
208,187,4
209,187,4
210,187,4
211,187,4
212,187,4
213,187,4
214,187,4
215,187,4
216,187,4
217,187,4
218,187,4
219,187,4
220,187,4
221,187,4
222,187,4
223,187,4
224,187,4
225,187,4
226,187,4
227,187,3
228,187,3
229,187,3
230,187,3
231,187,3
232,187,3
233,187,3
234,187,3
235,187,3
236,187,3
237,187,3
238,187,3
239,187,3
240,187,3
241,187,3
242,187,3
243,187,3
244,187,3
245,187,3
246,187,3
247,187,3
248,187,3
249,187,3
250,187,3
251,187,3
252,187,3
253,187,3
254,187,3
255,187,3
0,188,0
1,188,0
2,188,0
3,188,0
4,188,0
5,188,0
6,188,0
7,188,0
8,188,0
9,188,0
10,188,0
11,188,0
12,188,0
13,188,0
14,188,0
15,188,0
16,188,0
17,188,0
18,188,0
19,188,0
20,188,0
21,188,0
22,188,0
23,188,0
24,188,0
25,188,0
26,188,0
27,188,0
28,188,0
29,188,0
30,188,0
31,188,0
32,188,0
33,188,0
34,188,0
35,188,0
36,188,0
37,188,0
38,188,0
39,188,0
40,188,0
41,188,0
42,188,0
43,188,0
44,188,0
45,188,0
46,188,0
47,188,0
48,188,0
49,188,0
50,188,0
51,188,0
52,188,0
53,188,0
54,188,0
55,188,0
56,188,0
57,188,0
58,188,0
59,188,0
60,188,0
61,188,0
62,188,0
63,188,0
64,188,0
65,188,0
66,188,0
67,188,0
68,188,0
69,188,0
70,188,0
71,188,0
72,188,0
73,188,0
74,188,0
75,188,0
76,188,0
77,188,0
78,188,0
79,188,0
80,188,0
81,188,0
82,188,0
83,188,0
84,188,0
85,188,0
86,188,0
87,188,0
88,188,0
89,188,0
90,188,0
91,188,0
92,188,0
93,188,0
94,188,0
95,188,0
96,188,0
97,188,0
98,188,0
99,188,0
100,188,0
101,188,0
102,188,0
103,188,0
104,188,0
105,188,0
106,188,0
107,188,0
108,188,0
109,188,0
110,188,0
111,188,0
112,188,0
113,188,0
114,188,0
115,188,0
116,188,0
117,188,0
118,188,0
119,188,0
120,188,0
121,188,0
122,188,0
123,188,0
124,188,0
125,188,0
126,188,0
127,188,0
128,188,0
129,188,0
130,188,0
131,188,0
132,188,0
133,188,0
134,188,0
135,188,0
136,188,0
137,188,0
138,188,0
139,188,0
140,188,0
141,188,0
142,188,0
143,188,0
144,188,0
145,188,0
146,188,0
147,188,0
148,188,0
149,188,0
150,188,0
151,188,0
152,188,0
153,188,0
154,188,0
155,188,0
156,188,0
157,188,0
158,188,0
159,188,0
160,188,0
161,188,0
162,188,0
163,188,0
164,188,0
165,188,0
166,188,0
167,188,0
168,188,0
169,188,0
170,188,35
171,188,27
172,188,22
173,188,19
174,188,17
175,188,16
176,188,14
177,188,13
178,188,12
179,188,11
180,188,10
181,188,10
182,188,10
183,188,9
184,188,9
185,188,8
186,188,8
187,188,8
188,188,7
189,188,7
190,188,7
191,188,7
192,188,7
193,188,6
194,188,6
195,188,6
196,188,6
197,188,6
198,188,6
199,188,5
200,188,5
201,188,5
202,188,5
203,188,5
204,188,5
205,188,5
206,188,5
207,188,5
208,188,4
209,188,4
210,188,4
211,188,4
212,188,4
213,188,4
214,188,4
215,188,4
216,188,4
217,188,4
218,188,4
219,188,4
220,188,4
221,188,4
222,188,4
223,188,4
224,188,4
225,188,4
226,188,4
227,188,3
228,188,3
229,188,3
230,188,3
231,188,3
232,188,3
233,188,3
234,188,3
235,188,3
236,188,3
237,188,3
238,188,3
239,188,3
240,188,3
241,188,3
242,188,3
243,188,3
244,188,3
245,188,3
246,188,3
247,188,3
248,188,3
249,188,3
250,188,3
251,188,3
252,188,3
253,188,3
254,188,3
255,188,3
0,189,0
1,189,0
2,189,0
3,189,0
4,189,0
5,189,0
6,189,0
7,189,0
8,189,0
9,189,0
10,189,0
11,189,0
12,189,0
13,189,0
14,189,0
15,189,0
16,189,0
17,189,0
18,189,0
19,189,0
20,189,0
21,189,0
22,189,0
23,189,0
24,189,0
25,189,0
26,189,0
27,189,0
28,189,0
29,189,0
30,189,0
31,189,0
32,189,0
33,189,0
34,189,0
35,189,0
36,189,0
37,189,0
38,189,0
39,189,0
40,189,0
41,189,0
42,189,0
43,189,0
44,189,0
45,189,0
46,189,0
47,189,0
48,189,0
49,189,0
50,189,0
51,189,0
52,189,0
53,189,0
54,189,0
55,189,0
56,189,0
57,189,0
58,189,0
59,189,0
60,189,0
61,189,0
62,189,0
63,189,0
64,189,0
65,189,0
66,189,0
67,189,0
68,189,0
69,189,0
70,189,0
71,189,0
72,189,0
73,189,0
74,189,0
75,189,0
76,189,0
77,189,0
78,189,0
79,189,0
80,189,0
81,189,0
82,189,0
83,189,0
84,189,0
85,189,0
86,189,0
87,189,0
88,189,0
89,189,0
90,189,0
91,189,0
92,189,0
93,189,0
94,189,0
95,189,0
96,189,0
97,189,0
98,189,0
99,189,0
100,189,0
101,189,0
102,189,0
103,189,0
104,189,0
105,189,0
106,189,0
107,189,0
108,189,0
109,189,0
110,189,0
111,189,0
112,189,0
113,189,0
114,189,0
115,189,0
116,189,0
117,189,0
118,189,0
119,189,0
120,189,0
121,189,0
122,189,0
123,189,0
124,189,0
125,189,0
126,189,0
127,189,0
128,189,0
129,189,0
130,189,0
131,189,0
132,189,0
133,189,0
134,189,0
135,189,0
136,189,0
137,189,0
138,189,0
139,189,0
140,189,0
141,189,0
142,189,0
143,189,0
144,189,0
145,189,0
146,189,0
147,189,0
148,189,0
149,189,0
150,189,0
151,189,0
152,189,0
153,189,0
154,189,0
155,189,0
156,189,0
157,189,0
158,189,0
159,189,0
160,189,0
161,189,0
162,189,0
163,189,0
164,189,0
165,189,0
166,189,0
167,189,0
168,189,0
169,189,0
170,189,0
171,189,31
172,189,25
173,189,21
174,189,18
175,189,16
176,189,15
177,189,13
178,189,12
179,189,12
180,189,11
181,189,10
182,189,10
183,189,9
184,189,9
185,189,8
186,189,8
187,189,8
188,189,7
189,189,7
190,189,7
191,189,7
192,189,7
193,189,6
194,189,6
195,189,6
196,189,6
197,189,6
198,189,6
199,189,5
200,189,5
201,189,5
202,189,5
203,189,5
204,189,5
205,189,5
206,189,5
207,189,5
208,189,4
209,189,4
210,189,4
211,189,4
212,189,4
213,189,4
214,189,4
215,189,4
216,189,4
217,189,4
218,189,4
219,189,4
220,189,4
221,189,4
222,189,4
223,189,4
224,189,4
225,189,4
226,189,4
227,189,4
228,189,3
229,189,3
230,189,3
231,189,3
232,189,3
233,189,3
234,189,3
235,189,3
236,189,3
237,189,3
238,189,3
239,189,3
240,189,3
241,189,3
242,189,3
243,189,3
244,189,3
245,189,3
246,189,3
247,189,3
248,189,3
249,189,3
250,189,3
251,189,3
252,189,3
253,189,3
254,189,3
255,189,3
0,190,0
1,190,0
2,190,0
3,190,0
4,190,0
5,190,0
6,190,0
7,190,0
8,190,0
9,190,0
10,190,0
11,190,0
12,190,0
13,190,0
14,190,0
15,190,0
16,190,0
17,190,0
18,190,0
19,190,0
20,190,0
21,190,0
22,190,0
23,190,0
24,190,0
25,190,0
26,190,0
27,190,0
28,190,0
29,190,0
30,190,0
31,190,0
32,190,0
33,190,0
34,190,0
35,190,0
36,190,0
37,190,0
38,190,0
39,190,0
40,190,0
41,190,0
42,190,0
43,190,0
44,190,0
45,190,0
46,190,0
47,190,0
48,190,0
49,190,0
50,190,0
51,190,0
52,190,0
53,190,0
54,190,0
55,190,0
56,190,0
57,190,0
58,190,0
59,190,0
60,190,0
61,190,0
62,190,0
63,190,0
64,190,0
65,190,0
66,190,0
67,190,0
68,190,0
69,190,0
70,190,0
71,190,0
72,190,0
73,190,0
74,190,0
75,190,0
76,190,0
77,190,0
78,190,0
79,190,0
80,190,0
81,190,0
82,190,0
83,190,0
84,190,0
85,190,0
86,190,0
87,190,0
88,190,0
89,190,0
90,190,0
91,190,0
92,190,0
93,190,0
94,190,0
95,190,0
96,190,0
97,190,0
98,190,0
99,190,0
100,190,0
101,190,0
102,190,0
103,190,0
104,190,0
105,190,0
106,190,0
107,190,0
108,190,0
109,190,0
110,190,0
111,190,0
112,190,0
113,190,0
114,190,0
115,190,0
116,190,0
117,190,0
118,190,0
119,190,0
120,190,0
121,190,0
122,190,0
123,190,0
124,190,0
125,190,0
126,190,0
127,190,0
128,190,0
129,190,0
130,190,0
131,190,0
132,190,0
133,190,0
134,190,0
135,190,0
136,190,0
137,190,0
138,190,0
139,190,0
140,190,0
141,190,0
142,190,0
143,190,0
144,190,0
145,190,0
146,190,0
147,190,0
148,190,0
149,190,0
150,190,0
151,190,0
152,190,0
153,190,0
154,190,0
155,190,0
156,190,0
157,190,0
158,190,0
159,190,0
160,190,0
161,190,0
162,190,0
163,190,0
164,190,0
165,190,0
166,190,0
167,190,0
168,190,0
169,190,0
170,190,0
171,190,39
172,190,27
173,190,22
174,190,19
175,190,17
176,190,15
177,190,14
178,190,13
179,190,12
180,190,11
181,190,10
182,190,10
183,190,10
184,190,9
185,190,9
186,190,8
187,190,8
188,190,7
189,190,7
190,190,7
191,190,7
192,190,7
193,190,6
194,190,6
195,190,6
196,190,6
197,190,6
198,190,6
199,190,5
200,190,5
201,190,5
202,190,5
203,190,5
204,190,5
205,190,5
206,190,5
207,190,5
208,190,4
209,190,4
210,190,4
211,190,4
212,190,4
213,190,4
214,190,4
215,190,4
216,190,4
217,190,4
218,190,4
219,190,4
220,190,4
221,190,4
222,190,4
223,190,4
224,190,4
225,190,4
226,190,4
227,190,4
228,190,3
229,190,3
230,190,3
231,190,3
232,190,3
233,190,3
234,190,3
235,190,3
236,190,3
237,190,3
238,190,3
239,190,3
240,190,3
241,190,3
242,190,3
243,190,3
244,190,3
245,190,3
246,190,3
247,190,3
248,190,3
249,190,3
250,190,3
251,190,3
252,190,3
253,190,3
254,190,3
255,190,3
0,191,0
1,191,0
2,191,0
3,191,0
4,191,0
5,191,0
6,191,0
7,191,0
8,191,0
9,191,0
10,191,0
11,191,0
12,191,0
13,191,0
14,191,0
15,191,0
16,191,0
17,191,0
18,191,0
19,191,0
20,191,0
21,191,0
22,191,0
23,191,0
24,191,0
25,191,0
26,191,0
27,191,0
28,191,0
29,191,0
30,191,0
31,191,0
32,191,0
33,191,0
34,191,0
35,191,0
36,191,0
37,191,0
38,191,0
39,191,0
40,191,0
41,191,0
42,191,0
43,191,0
44,191,0
45,191,0
46,191,0
47,191,0
48,191,0
49,191,0
50,191,0
51,191,0
52,191,0
53,191,0
54,191,0
55,191,0
56,191,0
57,191,0
58,191,0
59,191,0
60,191,0
61,191,0
62,191,0
63,191,0
64,191,0
65,191,0
66,191,0
67,191,0
68,191,0
69,191,0
70,191,0
71,191,0
72,191,0
73,191,0
74,191,0
75,191,0
76,191,0
77,191,0
78,191,0
79,191,0
80,191,0
81,191,0
82,191,0
83,191,0
84,191,0
85,191,0
86,191,0
87,191,0
88,191,0
89,191,0
90,191,0
91,191,0
92,191,0
93,191,0
94,191,0
95,191,0
96,191,0
97,191,0
98,191,0
99,191,0
100,191,0
101,191,0
102,191,0
103,191,0
104,191,0
105,191,0
106,191,0
107,191,0
108,191,0
109,191,0
110,191,0
111,191,0
112,191,0
113,191,0
114,191,0
115,191,0
116,191,0
117,191,0
118,191,0
119,191,0
120,191,0
121,191,0
122,191,0
123,191,0
124,191,0
125,191,0
126,191,0
127,191,0
128,191,0
129,191,0
130,191,0
131,191,0
132,191,0
133,191,0
134,191,0
135,191,0
136,191,0
137,191,0
138,191,0
139,191,0
140,191,0
141,191,0
142,191,0
143,191,0
144,191,0
145,191,0
146,191,0
147,191,0
148,191,0
149,191,0
150,191,0
151,191,0
152,191,0
153,191,0
154,191,0
155,191,0
156,191,0
157,191,0
158,191,0
159,191,0
160,191,0
161,191,0
162,191,0
163,191,0
164,191,0
165,191,0
166,191,0
167,191,0
168,191,0
169,191,0
170,191,0
171,191,0
172,191,32
173,191,24
174,191,21
175,191,18
176,191,17
177,191,14
178,191,13
179,191,12
180,191,11
181,191,11
182,191,10
183,191,10
184,191,9
185,191,9
186,191,8
187,191,8
188,191,8
189,191,7
190,191,7
191,191,7
192,191,7
193,191,7
194,191,6
195,191,6
196,191,6
197,191,6
198,191,6
199,191,6
200,191,5
201,191,5
202,191,5
203,191,5
204,191,5
205,191,5
206,191,5
207,191,5
208,191,5
209,191,4
210,191,4
211,191,4
212,191,4
213,191,4
214,191,4
215,191,4
216,191,4
217,191,4
218,191,4
219,191,4
220,191,4
221,191,4
222,191,4
223,191,4
224,191,4
225,191,4
226,191,4
227,191,4
228,191,3
229,191,3
230,191,3
231,191,3
232,191,3
233,191,3
234,191,3
235,191,3
236,191,3
237,191,3
238,191,3
239,191,3
240,191,3
241,191,3
242,191,3
243,191,3
244,191,3
245,191,3
246,191,3
247,191,3
248,191,3
249,191,3
250,191,3
251,191,3
252,191,3
253,191,3
254,191,3
255,191,3
0,192,0
1,192,0
2,192,0
3,192,0
4,192,0
5,192,0
6,192,0
7,192,0
8,192,0
9,192,0
10,192,0
11,192,0
12,192,0
13,192,0
14,192,0
15,192,0
16,192,0
17,192,0
18,192,0
19,192,0
20,192,0
21,192,0
22,192,0
23,192,0
24,192,0
25,192,0
26,192,0
27,192,0
28,192,0
29,192,0
30,192,0
31,192,0
32,192,0
33,192,0
34,192,0
35,192,0
36,192,0
37,192,0
38,192,0
39,192,0
40,192,0
41,192,0
42,192,0
43,192,0
44,192,0
45,192,0
46,192,0
47,192,0
48,192,0
49,192,0
50,192,0
51,192,0
52,192,0
53,192,0
54,192,0
55,192,0
56,192,0
57,192,0
58,192,0
59,192,0
60,192,0
61,192,0
62,192,0
63,192,0
64,192,0
65,192,0
66,192,0
67,192,0
68,192,0
69,192,0
70,192,0
71,192,0
72,192,0
73,192,0
74,192,0
75,192,0
76,192,0
77,192,0
78,192,0
79,192,0
80,192,0
81,192,0
82,192,0
83,192,0
84,192,0
85,192,0
86,192,0
87,192,0
88,192,0
89,192,0
90,192,0
91,192,0
92,192,0
93,192,0
94,192,0
95,192,0
96,192,0
97,192,0
98,192,0
99,192,0
100,192,0
101,192,0
102,192,0
103,192,0
104,192,0
105,192,0
106,192,0
107,192,0
108,192,0
109,192,0
110,192,0
111,192,0
112,192,0
113,192,0
114,192,0
115,192,0
116,192,0
117,192,0
118,192,0
119,192,0
120,192,0
121,192,0
122,192,0
123,192,0
124,192,0
125,192,0
126,192,0
127,192,0
128,192,0
129,192,0
130,192,0
131,192,0
132,192,0
133,192,0
134,192,0
135,192,0
136,192,0
137,192,0
138,192,0
139,192,0
140,192,0
141,192,0
142,192,0
143,192,0
144,192,0
145,192,0
146,192,0
147,192,0
148,192,0
149,192,0
150,192,0
151,192,0
152,192,0
153,192,0
154,192,0
155,192,0
156,192,0
157,192,0
158,192,0
159,192,0
160,192,0
161,192,0
162,192,0
163,192,0
164,192,0
165,192,0
166,192,0
167,192,0
168,192,0
169,192,0
170,192,0
171,192,0
172,192,0
173,192,28
174,192,22
175,192,19
176,192,17
177,192,15
178,192,14
179,192,13
180,192,12
181,192,11
182,192,10
183,192,10
184,192,9
185,192,9
186,192,8
187,192,8
188,192,8
189,192,7
190,192,7
191,192,7
192,192,7
193,192,7
194,192,6
195,192,6
196,192,6
197,192,6
198,192,6
199,192,6
200,192,5
201,192,5
202,192,5
203,192,5
204,192,5
205,192,5
206,192,5
207,192,5
208,192,5
209,192,4
210,192,4
211,192,4
212,192,4
213,192,4
214,192,4
215,192,4
216,192,4
217,192,4
218,192,4
219,192,4
220,192,4
221,192,4
222,192,4
223,192,4
224,192,4
225,192,4
226,192,4
227,192,4
228,192,4
229,192,3
230,192,3
231,192,3
232,192,3
233,192,3
234,192,3
235,192,3
236,192,3
237,192,3
238,192,3
239,192,3
240,192,3
241,192,3
242,192,3
243,192,3
244,192,3
245,192,3
246,192,3
247,192,3
248,192,3
249,192,3
250,192,3
251,192,3
252,192,3
253,192,3
254,192,3
255,192,3
0,193,0
1,193,0
2,193,0
3,193,0
4,193,0
5,193,0
6,193,0
7,193,0
8,193,0
9,193,0
10,193,0
11,193,0
12,193,0
13,193,0
14,193,0
15,193,0
16,193,0
17,193,0
18,193,0
19,193,0
20,193,0
21,193,0
22,193,0
23,193,0
24,193,0
25,193,0
26,193,0
27,193,0
28,193,0
29,193,0
30,193,0
31,193,0
32,193,0
33,193,0
34,193,0
35,193,0
36,193,0
37,193,0
38,193,0
39,193,0
40,193,0
41,193,0
42,193,0
43,193,0
44,193,0
45,193,0
46,193,0
47,193,0
48,193,0
49,193,0
50,193,0
51,193,0
52,193,0
53,193,0
54,193,0
55,193,0
56,193,0
57,193,0
58,193,0
59,193,0
60,193,0
61,193,0
62,193,0
63,193,0
64,193,0
65,193,0
66,193,0
67,193,0
68,193,0
69,193,0
70,193,0
71,193,0
72,193,0
73,193,0
74,193,0
75,193,0
76,193,0
77,193,0
78,193,0
79,193,0
80,193,0
81,193,0
82,193,0
83,193,0
84,193,0
85,193,0
86,193,0
87,193,0
88,193,0
89,193,0
90,193,0
91,193,0
92,193,0
93,193,0
94,193,0
95,193,0
96,193,0
97,193,0
98,193,0
99,193,0
100,193,0
101,193,0
102,193,0
103,193,0
104,193,0
105,193,0
106,193,0
107,193,0
108,193,0
109,193,0
110,193,0
111,193,0
112,193,0
113,193,0
114,193,0
115,193,0
116,193,0
117,193,0
118,193,0
119,193,0
120,193,0
121,193,0
122,193,0
123,193,0
124,193,0
125,193,0
126,193,0
127,193,0
128,193,0
129,193,0
130,193,0
131,193,0
132,193,0
133,193,0
134,193,0
135,193,0
136,193,0
137,193,0
138,193,0
139,193,0
140,193,0
141,193,0
142,193,0
143,193,0
144,193,0
145,193,0
146,193,0
147,193,0
148,193,0
149,193,0
150,193,0
151,193,0
152,193,0
153,193,0
154,193,0
155,193,0
156,193,0
157,193,0
158,193,0
159,193,0
160,193,0
161,193,0
162,193,0
163,193,0
164,193,0
165,193,0
166,193,0
167,193,0
168,193,0
169,193,0
170,193,0
171,193,0
172,193,0
173,193,59
174,193,26
175,193,21
176,193,18
177,193,16
178,193,14
179,193,13
180,193,12
181,193,11
182,193,11
183,193,10
184,193,10
185,193,9
186,193,9
187,193,8
188,193,8
189,193,8
190,193,7
191,193,7
192,193,7
193,193,7
194,193,6
195,193,6
196,193,6
197,193,6
198,193,6
199,193,6
200,193,5
201,193,5
202,193,5
203,193,5
204,193,5
205,193,5
206,193,5
207,193,5
208,193,5
209,193,5
210,193,4
211,193,4
212,193,4
213,193,4
214,193,4
215,193,4
216,193,4
217,193,4
218,193,4
219,193,4
220,193,4
221,193,4
222,193,4
223,193,4
224,193,4
225,193,4
226,193,4
227,193,4
228,193,4
229,193,3
230,193,3
231,193,3
232,193,3
233,193,3
234,193,3
235,193,3
236,193,3
237,193,3
238,193,3
239,193,3
240,193,3
241,193,3
242,193,3
243,193,3
244,193,3
245,193,3
246,193,3
247,193,3
248,193,3
249,193,3
250,193,3
251,193,3
252,193,3
253,193,3
254,193,3
255,193,3
0,194,0
1,194,0
2,194,0
3,194,0
4,194,0
5,194,0
6,194,0
7,194,0
8,194,0
9,194,0
10,194,0
11,194,0
12,194,0
13,194,0
14,194,0
15,194,0
16,194,0
17,194,0
18,194,0
19,194,0
20,194,0
21,194,0
22,194,0
23,194,0
24,194,0
25,194,0
26,194,0
27,194,0
28,194,0
29,194,0
30,194,0
31,194,0
32,194,0
33,194,0
34,194,0
35,194,0
36,194,0
37,194,0
38,194,0
39,194,0
40,194,0
41,194,0
42,194,0
43,194,0
44,194,0
45,194,0
46,194,0
47,194,0
48,194,0
49,194,0
50,194,0
51,194,0
52,194,0
53,194,0
54,194,0
55,194,0
56,194,0
57,194,0
58,194,0
59,194,0
60,194,0
61,194,0
62,194,0
63,194,0
64,194,0
65,194,0
66,194,0
67,194,0
68,194,0
69,194,0
70,194,0
71,194,0
72,194,0
73,194,0
74,194,0
75,194,0
76,194,0
77,194,0
78,194,0
79,194,0
80,194,0
81,194,0
82,194,0
83,194,0
84,194,0
85,194,0
86,194,0
87,194,0
88,194,0
89,194,0
90,194,0
91,194,0
92,194,0
93,194,0
94,194,0
95,194,0
96,194,0
97,194,0
98,194,0
99,194,0
100,194,0
101,194,0
102,194,0
103,194,0
104,194,0
105,194,0
106,194,0
107,194,0
108,194,0
109,194,0
110,194,0
111,194,0
112,194,0
113,194,0
114,194,0
115,194,0
116,194,0
117,194,0
118,194,0
119,194,0
120,194,0
121,194,0
122,194,0
123,194,0
124,194,0
125,194,0
126,194,0
127,194,0
128,194,0
129,194,0
130,194,0
131,194,0
132,194,0
133,194,0
134,194,0
135,194,0
136,194,0
137,194,0
138,194,0
139,194,0
140,194,0
141,194,0
142,194,0
143,194,0
144,194,0
145,194,0
146,194,0
147,194,0
148,194,0
149,194,0
150,194,0
151,194,0
152,194,0
153,194,0
154,194,0
155,194,0
156,194,0
157,194,0
158,194,0
159,194,0
160,194,0
161,194,0
162,194,0
163,194,0
164,194,0
165,194,0
166,194,0
167,194,0
168,194,0
169,194,0
170,194,0
171,194,0
172,194,0
173,194,0
174,194,32
175,194,23
176,194,20
177,194,18
178,194,15
179,194,14
180,194,13
181,194,12
182,194,11
183,194,10
184,194,10
185,194,9
186,194,9
187,194,8
188,194,8
189,194,8
190,194,7
191,194,7
192,194,7
193,194,7
194,194,7
195,194,6
196,194,6
197,194,6
198,194,6
199,194,6
200,194,6
201,194,5
202,194,5
203,194,5
204,194,5
205,194,5
206,194,5
207,194,5
208,194,5
209,194,5
210,194,4
211,194,4
212,194,4
213,194,4
214,194,4
215,194,4
216,194,4
217,194,4
218,194,4
219,194,4
220,194,4
221,194,4
222,194,4
223,194,4
224,194,4
225,194,4
226,194,4
227,194,4
228,194,4
229,194,4
230,194,3
231,194,3
232,194,3
233,194,3
234,194,3
235,194,3
236,194,3
237,194,3
238,194,3
239,194,3
240,194,3
241,194,3
242,194,3
243,194,3
244,194,3
245,194,3
246,194,3
247,194,3
248,194,3
249,194,3
250,194,3
251,194,3
252,194,3
253,194,3
254,194,3
255,194,3
0,195,0
1,195,0
2,195,39
3,195,0
4,195,0
5,195,0
6,195,0
7,195,0
8,195,0
9,195,0
10,195,0
11,195,0
12,195,0
13,195,0
14,195,0
15,195,0
16,195,0
17,195,0
18,195,0
19,195,0
20,195,0
21,195,0
22,195,0
23,195,0
24,195,0
25,195,0
26,195,0
27,195,0
28,195,0
29,195,0
30,195,0
31,195,0
32,195,0
33,195,0
34,195,0
35,195,0
36,195,0
37,195,0
38,195,0
39,195,0
40,195,0
41,195,0
42,195,0
43,195,0
44,195,0
45,195,0
46,195,0
47,195,0
48,195,0
49,195,0
50,195,0
51,195,0
52,195,0
53,195,0
54,195,0
55,195,0
56,195,0
57,195,0
58,195,0
59,195,0
60,195,0
61,195,0
62,195,0
63,195,0
64,195,0
65,195,0
66,195,0
67,195,0
68,195,0
69,195,0
70,195,0
71,195,0
72,195,0
73,195,0
74,195,0
75,195,0
76,195,0
77,195,0
78,195,0
79,195,0
80,195,0
81,195,0
82,195,0
83,195,0
84,195,0
85,195,0
86,195,0
87,195,0
88,195,0
89,195,0
90,195,0
91,195,0
92,195,0
93,195,0
94,195,0
95,195,0
96,195,0
97,195,0
98,195,0
99,195,0
100,195,0
101,195,0
102,195,0
103,195,0
104,195,0
105,195,0
106,195,0
107,195,0
108,195,0
109,195,0
110,195,0
111,195,0
112,195,0
113,195,0
114,195,0
115,195,0
116,195,0
117,195,0
118,195,0
119,195,0
120,195,0
121,195,0
122,195,0
123,195,0
124,195,0
125,195,0
126,195,0
127,195,0
128,195,0
129,195,0
130,195,0
131,195,0
132,195,0
133,195,0
134,195,0
135,195,0
136,195,0
137,195,0
138,195,0
139,195,0
140,195,0
141,195,0
142,195,0
143,195,0
144,195,0
145,195,0
146,195,0
147,195,0
148,195,0
149,195,0
150,195,0
151,195,0
152,195,0
153,195,0
154,195,0
155,195,0
156,195,0
157,195,0
158,195,0
159,195,0
160,195,0
161,195,0
162,195,0
163,195,0
164,195,0
165,195,0
166,195,0
167,195,0
168,195,0
169,195,0
170,195,0
171,195,0
172,195,0
173,195,0
174,195,0
175,195,27
176,195,21
177,195,18
178,195,17
179,195,14
180,195,14
181,195,12
182,195,11
183,195,11
184,195,10
185,195,9
186,195,9
187,195,9
188,195,8
189,195,8
190,195,7
191,195,7
192,195,7
193,195,7
194,195,7
195,195,6
196,195,6
197,195,6
198,195,6
199,195,6
200,195,6
201,195,5
202,195,5
203,195,5
204,195,5
205,195,5
206,195,5
207,195,5
208,195,5
209,195,5
210,195,4
211,195,4
212,195,4
213,195,4
214,195,4
215,195,4
216,195,4
217,195,4
218,195,4
219,195,4
220,195,4
221,195,4
222,195,4
223,195,4
224,195,4
225,195,4
226,195,4
227,195,4
228,195,4
229,195,4
230,195,3
231,195,3
232,195,3
233,195,3
234,195,3
235,195,3
236,195,3
237,195,3
238,195,3
239,195,3
240,195,3
241,195,3
242,195,3
243,195,3
244,195,3
245,195,3
246,195,3
247,195,3
248,195,3
249,195,3
250,195,3
251,195,3
252,195,3
253,195,3
254,195,3
255,195,3
0,196,0
1,196,0
2,196,0
3,196,0
4,196,0
5,196,0
6,196,0
7,196,0
8,196,0
9,196,0
10,196,0
11,196,0
12,196,0
13,196,0
14,196,0
15,196,0
16,196,0
17,196,0
18,196,0
19,196,0
20,196,0
21,196,0
22,196,0
23,196,0
24,196,0
25,196,0
26,196,0
27,196,0
28,196,0
29,196,0
30,196,0
31,196,0
32,196,0
33,196,0
34,196,0
35,196,0
36,196,0
37,196,0
38,196,0
39,196,0
40,196,0
41,196,0
42,196,0
43,196,0
44,196,0
45,196,0
46,196,0
47,196,0
48,196,0
49,196,0
50,196,0
51,196,0
52,196,0
53,196,0
54,196,0
55,196,0
56,196,0
57,196,0
58,196,0
59,196,0
60,196,0
61,196,0
62,196,0
63,196,0
64,196,0
65,196,0
66,196,0
67,196,0
68,196,0
69,196,0
70,196,0
71,196,0
72,196,0
73,196,0
74,196,0
75,196,0
76,196,0
77,196,0
78,196,0
79,196,0
80,196,0
81,196,0
82,196,0
83,196,0
84,196,0
85,196,0
86,196,0
87,196,0
88,196,0
89,196,0
90,196,0
91,196,0
92,196,0
93,196,0
94,196,0
95,196,0
96,196,0
97,196,0
98,196,0
99,196,0
100,196,0
101,196,0
102,196,0
103,196,0
104,196,0
105,196,0
106,196,0
107,196,0
108,196,0
109,196,0
110,196,0
111,196,0
112,196,0
113,196,0
114,196,0
115,196,0
116,196,0
117,196,0
118,196,0
119,196,0
120,196,0
121,196,0
122,196,0
123,196,0
124,196,0
125,196,0
126,196,0
127,196,0
128,196,0
129,196,0
130,196,0
131,196,0
132,196,0
133,196,0
134,196,0
135,196,0
136,196,0
137,196,0
138,196,0
139,196,0
140,196,0
141,196,0
142,196,0
143,196,0
144,196,0
145,196,0
146,196,0
147,196,0
148,196,0
149,196,0
150,196,0
151,196,0
152,196,0
153,196,0
154,196,0
155,196,0
156,196,0
157,196,0
158,196,0
159,196,0
160,196,0
161,196,0
162,196,0
163,196,0
164,196,0
165,196,0
166,196,0
167,196,0
168,196,0
169,196,0
170,196,0
171,196,0
172,196,0
173,196,0
174,196,0
175,196,0
176,196,24
177,196,20
178,196,17
179,196,15
180,196,14
181,196,13
182,196,12
183,196,11
184,196,10
185,196,10
186,196,9
187,196,9
188,196,8
189,196,8
190,196,8
191,196,7
192,196,7
193,196,7
194,196,7
195,196,6
196,196,6
197,196,6
198,196,6
199,196,6
200,196,6
201,196,5
202,196,5
203,196,5
204,196,5
205,196,5
206,196,5
207,196,5
208,196,5
209,196,5
210,196,5
211,196,4
212,196,4
213,196,4
214,196,4
215,196,4
216,196,4
217,196,4
218,196,4
219,196,4
220,196,4
221,196,4
222,196,4
223,196,4
224,196,4
225,196,4
226,196,4
227,196,4
228,196,4
229,196,4
230,196,3
231,196,3
232,196,3
233,196,3
234,196,3
235,196,3
236,196,3
237,196,3
238,196,3
239,196,3
240,196,3
241,196,3
242,196,3
243,196,3
244,196,3
245,196,3
246,196,3
247,196,3
248,196,3
249,196,3
250,196,3
251,196,3
252,196,3
253,196,3
254,196,3
255,196,3
0,197,0
1,197,0
2,197,15
3,197,50
4,197,0
5,197,0
6,197,0
7,197,0
8,197,0
9,197,0
10,197,0
11,197,0
12,197,0
13,197,0
14,197,0
15,197,0
16,197,0
17,197,0
18,197,0
19,197,0
20,197,0
21,197,0
22,197,0
23,197,0
24,197,0
25,197,0
26,197,0
27,197,0
28,197,0
29,197,0
30,197,0
31,197,0
32,197,0
33,197,0
34,197,0
35,197,0
36,197,0
37,197,0
38,197,0
39,197,0
40,197,0
41,197,0
42,197,0
43,197,0
44,197,0
45,197,0
46,197,0
47,197,0
48,197,0
49,197,0
50,197,0
51,197,0
52,197,0
53,197,0
54,197,0
55,197,0
56,197,0
57,197,0
58,197,0
59,197,0
60,197,0
61,197,0
62,197,0
63,197,0
64,197,0
65,197,0
66,197,0
67,197,0
68,197,0
69,197,0
70,197,0
71,197,0
72,197,0
73,197,0
74,197,0
75,197,0
76,197,0
77,197,0
78,197,0
79,197,0
80,197,0
81,197,0
82,197,0
83,197,0
84,197,0
85,197,0
86,197,0
87,197,0
88,197,0
89,197,0
90,197,0
91,197,0
92,197,0
93,197,0
94,197,0
95,197,0
96,197,0
97,197,0
98,197,0
99,197,0
100,197,0
101,197,0
102,197,0
103,197,0
104,197,0
105,197,0
106,197,0
107,197,0
108,197,0
109,197,0
110,197,0
111,197,0
112,197,0
113,197,0
114,197,0
115,197,0
116,197,0
117,197,0
118,197,0
119,197,0
120,197,0
121,197,0
122,197,0
123,197,0
124,197,0
125,197,0
126,197,0
127,197,0
128,197,0
129,197,0
130,197,0
131,197,0
132,197,0
133,197,0
134,197,0
135,197,0
136,197,0
137,197,0
138,197,0
139,197,0
140,197,0
141,197,0
142,197,0
143,197,0
144,197,0
145,197,0
146,197,0
147,197,0
148,197,0
149,197,0
150,197,0
151,197,0
152,197,0
153,197,0
154,197,0
155,197,0
156,197,0
157,197,0
158,197,0
159,197,0
160,197,0
161,197,0
162,197,0
163,197,0
164,197,0
165,197,0
166,197,0
167,197,0
168,197,0
169,197,0
170,197,0
171,197,0
172,197,0
173,197,0
174,197,0
175,197,0
176,197,31
177,197,23
178,197,19
179,197,16
180,197,15
181,197,14
182,197,12
183,197,11
184,197,11
185,197,10
186,197,9
187,197,9
188,197,8
189,197,8
190,197,8
191,197,7
192,197,7
193,197,7
194,197,7
195,197,7
196,197,6
197,197,6
198,197,6
199,197,6
200,197,6
201,197,6
202,197,5
203,197,5
204,197,5
205,197,5
206,197,5
207,197,5
208,197,5
209,197,5
210,197,5
211,197,4
212,197,4
213,197,4
214,197,4
215,197,4
216,197,4
217,197,4
218,197,4
219,197,4
220,197,4
221,197,4
222,197,4
223,197,4
224,197,4
225,197,4
226,197,4
227,197,4
228,197,4
229,197,4
230,197,4
231,197,3
232,197,3
233,197,3
234,197,3
235,197,3
236,197,3
237,197,3
238,197,3
239,197,3
240,197,3
241,197,3
242,197,3
243,197,3
244,197,3
245,197,3
246,197,3
247,197,3
248,197,3
249,197,3
250,197,3
251,197,3
252,197,3
253,197,3
254,197,3
255,197,3
0,198,0
1,198,0
2,198,0
3,198,0
4,198,0
5,198,0
6,198,0
7,198,0
8,198,0
9,198,0
10,198,0
11,198,0
12,198,0
13,198,0
14,198,0
15,198,0
16,198,0
17,198,0
18,198,0
19,198,0
20,198,0
21,198,0
22,198,0
23,198,0
24,198,0
25,198,0
26,198,0
27,198,0
28,198,0
29,198,0
30,198,0
31,198,0
32,198,0
33,198,0
34,198,0
35,198,0
36,198,0
37,198,0
38,198,0
39,198,0
40,198,0
41,198,0
42,198,0
43,198,0
44,198,0
45,198,0
46,198,0
47,198,0
48,198,0
49,198,0
50,198,0
51,198,0
52,198,0
53,198,0
54,198,0
55,198,0
56,198,0
57,198,0
58,198,0
59,198,0
60,198,0
61,198,0
62,198,0
63,198,0
64,198,0
65,198,0
66,198,0
67,198,0
68,198,0
69,198,0
70,198,0
71,198,0
72,198,0
73,198,0
74,198,0
75,198,0
76,198,0
77,198,0
78,198,0
79,198,0
80,198,0
81,198,0
82,198,0
83,198,0
84,198,0
85,198,0
86,198,0
87,198,0
88,198,0
89,198,0
90,198,0
91,198,0
92,198,0
93,198,0
94,198,0
95,198,0
96,198,0
97,198,0
98,198,0
99,198,0
100,198,0
101,198,0
102,198,0
103,198,0
104,198,0
105,198,0
106,198,0
107,198,0
108,198,0
109,198,0
110,198,0
111,198,0
112,198,0
113,198,0
114,198,0
115,198,0
116,198,0
117,198,0
118,198,0
119,198,0
120,198,0
121,198,0
122,198,0
123,198,0
124,198,0
125,198,0
126,198,0
127,198,0
128,198,0
129,198,0
130,198,0
131,198,0
132,198,0
133,198,0
134,198,0
135,198,0
136,198,0
137,198,0
138,198,0
139,198,0
140,198,0
141,198,0
142,198,0
143,198,0
144,198,0
145,198,0
146,198,0
147,198,0
148,198,0
149,198,0
150,198,0
151,198,0
152,198,0
153,198,0
154,198,0
155,198,0
156,198,0
157,198,0
158,198,0
159,198,0
160,198,0
161,198,0
162,198,0
163,198,0
164,198,0
165,198,0
166,198,0
167,198,0
168,198,0
169,198,0
170,198,0
171,198,0
172,198,0
173,198,0
174,198,0
175,198,0
176,198,0
177,198,26
178,198,20
179,198,18
180,198,15
181,198,15
182,198,13
183,198,12
184,198,11
185,198,10
186,198,10
187,198,9
188,198,9
189,198,8
190,198,8
191,198,8
192,198,7
193,198,7
194,198,7
195,198,7
196,198,6
197,198,6
198,198,6
199,198,6
200,198,6
201,198,6
202,198,5
203,198,5
204,198,5
205,198,5
206,198,5
207,198,5
208,198,5
209,198,5
210,198,5
211,198,4
212,198,4
213,198,4
214,198,4
215,198,4
216,198,4
217,198,4
218,198,4
219,198,4
220,198,4
221,198,4
222,198,4
223,198,4
224,198,4
225,198,4
226,198,4
227,198,4
228,198,4
229,198,4
230,198,4
231,198,3
232,198,3
233,198,3
234,198,3
235,198,3
236,198,3
237,198,3
238,198,3
239,198,3
240,198,3
241,198,3
242,198,3
243,198,3
244,198,3
245,198,3
246,198,3
247,198,3
248,198,3
249,198,3
250,198,3
251,198,3
252,198,3
253,198,3
254,198,3
255,198,3
0,199,0
1,199,53
2,199,0
3,199,0
4,199,0
5,199,0
6,199,0
7,199,0
8,199,0
9,199,0
10,199,0
11,199,0
12,199,0
13,199,0
14,199,0
15,199,0
16,199,0
17,199,0
18,199,0
19,199,0
20,199,0
21,199,0
22,199,0
23,199,0
24,199,0
25,199,0
26,199,0
27,199,0
28,199,0
29,199,0
30,199,0
31,199,0
32,199,0
33,199,0
34,199,0
35,199,0
36,199,0
37,199,0
38,199,0
39,199,0
40,199,0
41,199,0
42,199,0
43,199,0
44,199,0
45,199,0
46,199,0
47,199,0
48,199,0
49,199,0
50,199,0
51,199,0
52,199,0
53,199,0
54,199,0
55,199,0
56,199,0
57,199,0
58,199,0
59,199,0
60,199,0
61,199,0
62,199,0
63,199,0
64,199,0
65,199,0
66,199,0
67,199,0
68,199,0
69,199,0
70,199,0
71,199,0
72,199,0
73,199,0
74,199,0
75,199,0
76,199,0
77,199,0
78,199,0
79,199,0
80,199,0
81,199,0
82,199,0
83,199,0
84,199,0
85,199,0
86,199,0
87,199,0
88,199,0
89,199,0
90,199,0
91,199,0
92,199,0
93,199,0
94,199,0
95,199,0
96,199,0
97,199,0
98,199,0
99,199,0
100,199,0
101,199,0
102,199,0
103,199,0
104,199,0
105,199,0
106,199,0
107,199,0
108,199,0
109,199,0
110,199,0
111,199,0
112,199,0
113,199,0
114,199,0
115,199,0
116,199,0
117,199,0
118,199,0
119,199,0
120,199,0
121,199,0
122,199,0
123,199,0
124,199,0
125,199,0
126,199,0
127,199,0
128,199,0
129,199,0
130,199,0
131,199,0
132,199,0
133,199,0
134,199,0
135,199,0
136,199,0
137,199,0
138,199,0
139,199,0
140,199,0
141,199,0
142,199,0
143,199,0
144,199,0
145,199,0
146,199,0
147,199,0
148,199,0
149,199,0
150,199,0
151,199,0
152,199,0
153,199,0
154,199,0
155,199,0
156,199,0
157,199,0
158,199,0
159,199,0
160,199,0
161,199,0
162,199,0
163,199,0
164,199,0
165,199,0
166,199,0
167,199,0
168,199,0
169,199,0
170,199,0
171,199,0
172,199,0
173,199,0
174,199,0
175,199,0
176,199,0
177,199,0
178,199,24
179,199,19
180,199,16
181,199,15
182,199,13
183,199,12
184,199,12
185,199,11
186,199,10
187,199,9
188,199,9
189,199,8
190,199,8
191,199,8
192,199,8
193,199,7
194,199,7
195,199,7
196,199,7
197,199,6
198,199,6
199,199,6
200,199,6
201,199,6
202,199,5
203,199,5
204,199,5
205,199,5
206,199,5
207,199,5
208,199,5
209,199,5
210,199,5
211,199,5
212,199,4
213,199,4
214,199,4
215,199,4
216,199,4
217,199,4
218,199,4
219,199,4
220,199,4
221,199,4
222,199,4
223,199,4
224,199,4
225,199,4
226,199,4
227,199,4
228,199,4
229,199,4
230,199,4
231,199,4
232,199,3
233,199,3
234,199,3
235,199,3
236,199,3
237,199,3
238,199,3
239,199,3
240,199,3
241,199,3
242,199,3
243,199,3
244,199,3
245,199,3
246,199,3
247,199,3
248,199,3
249,199,3
250,199,3
251,199,3
252,199,3
253,199,3
254,199,3
255,199,3
0,200,19
1,200,0
2,200,0
3,200,0
4,200,0
5,200,0
6,200,0
7,200,0
8,200,0
9,200,0
10,200,0
11,200,0
12,200,0
13,200,0
14,200,0
15,200,0
16,200,0
17,200,0
18,200,0
19,200,0
20,200,0
21,200,0
22,200,0
23,200,0
24,200,0
25,200,0
26,200,0
27,200,0
28,200,0
29,200,0
30,200,0
31,200,0
32,200,0
33,200,0
34,200,0
35,200,0
36,200,0
37,200,0
38,200,0
39,200,0
40,200,0
41,200,0
42,200,0
43,200,0
44,200,0
45,200,0
46,200,0
47,200,0
48,200,0
49,200,0
50,200,0
51,200,0
52,200,0
53,200,0
54,200,0
55,200,0
56,200,0
57,200,0
58,200,0
59,200,0
60,200,0
61,200,0
62,200,0
63,200,0
64,200,0
65,200,0
66,200,0
67,200,0
68,200,0
69,200,0
70,200,0
71,200,0
72,200,0
73,200,0
74,200,0
75,200,0
76,200,0
77,200,0
78,200,0
79,200,0
80,200,0
81,200,0
82,200,0
83,200,0
84,200,0
85,200,0
86,200,0
87,200,0
88,200,0
89,200,0
90,200,0
91,200,0
92,200,0
93,200,0
94,200,0
95,200,0
96,200,0
97,200,0
98,200,0
99,200,0
100,200,0
101,200,0
102,200,0
103,200,0
104,200,0
105,200,0
106,200,0
107,200,0
108,200,0
109,200,0
110,200,0
111,200,0
112,200,0
113,200,0
114,200,0
115,200,0
116,200,0
117,200,0
118,200,0
119,200,0
120,200,0
121,200,0
122,200,0
123,200,0
124,200,0
125,200,0
126,200,0
127,200,0
128,200,0
129,200,0
130,200,0
131,200,0
132,200,0
133,200,0
134,200,0
135,200,0
136,200,0
137,200,0
138,200,0
139,200,0
140,200,0
141,200,0
142,200,0
143,200,0
144,200,0
145,200,0
146,200,0
147,200,0
148,200,0
149,200,0
150,200,0
151,200,0
152,200,0
153,200,0
154,200,0
155,200,0
156,200,0
157,200,0
158,200,0
159,200,0
160,200,0
161,200,0
162,200,0
163,200,0
164,200,0
165,200,0
166,200,0
167,200,0
168,200,0
169,200,0
170,200,0
171,200,0
172,200,0
173,200,0
174,200,0
175,200,0
176,200,0
177,200,0
178,200,30
179,200,21
180,200,18
181,200,16
182,200,15
183,200,13
184,200,12
185,200,11
186,200,10
187,200,10
188,200,9
189,200,9
190,200,8
191,200,8
192,200,8
193,200,7
194,200,7
195,200,7
196,200,7
197,200,6
198,200,6
199,200,6
200,200,6
201,200,6
202,200,6
203,200,5
204,200,5
205,200,5
206,200,5
207,200,5
208,200,5
209,200,5
210,200,5
211,200,5
212,200,4
213,200,4
214,200,4
215,200,4
216,200,4
217,200,4
218,200,4
219,200,4
220,200,4
221,200,4
222,200,4
223,200,4
224,200,4
225,200,4
226,200,4
227,200,4
228,200,4
229,200,4
230,200,4
231,200,4
232,200,3
233,200,3
234,200,3
235,200,3
236,200,3
237,200,3
238,200,3
239,200,3
240,200,3
241,200,3
242,200,3
243,200,3
244,200,3
245,200,3
246,200,3
247,200,3
248,200,3
249,200,3
250,200,3
251,200,3
252,200,3
253,200,3
254,200,3
255,200,3
0,201,39
1,201,0
2,201,0
3,201,32
4,201,0
5,201,35
6,201,0
7,201,0
8,201,0
9,201,0
10,201,0
11,201,0
12,201,0
13,201,0
14,201,0
15,201,0
16,201,0
17,201,0
18,201,0
19,201,0
20,201,0
21,201,0
22,201,0
23,201,0
24,201,0
25,201,0
26,201,0
27,201,0
28,201,0
29,201,0
30,201,0
31,201,0
32,201,0
33,201,0
34,201,0
35,201,0
36,201,0
37,201,0
38,201,0
39,201,0
40,201,0
41,201,0
42,201,0
43,201,0
44,201,0
45,201,0
46,201,0
47,201,0
48,201,0
49,201,0
50,201,0
51,201,0
52,201,0
53,201,0
54,201,0
55,201,0
56,201,0
57,201,0
58,201,0
59,201,0
60,201,0
61,201,0
62,201,0
63,201,0
64,201,0
65,201,0
66,201,0
67,201,0
68,201,0
69,201,0
70,201,0
71,201,0
72,201,0
73,201,0
74,201,0
75,201,0
76,201,0
77,201,0
78,201,0
79,201,0
80,201,0
81,201,0
82,201,0
83,201,0
84,201,0
85,201,0
86,201,0
87,201,0
88,201,0
89,201,0
90,201,0
91,201,0
92,201,0
93,201,0
94,201,0
95,201,0
96,201,0
97,201,0
98,201,0
99,201,0
100,201,0
101,201,0
102,201,0
103,201,0
104,201,0
105,201,0
106,201,0
107,201,0
108,201,0
109,201,0
110,201,0
111,201,0
112,201,0
113,201,0
114,201,0
115,201,0
116,201,0
117,201,0
118,201,0
119,201,0
120,201,0
121,201,0
122,201,0
123,201,0
124,201,0
125,201,0
126,201,0
127,201,0
128,201,0
129,201,0
130,201,0
131,201,0
132,201,0
133,201,0
134,201,0
135,201,0
136,201,0
137,201,0
138,201,0
139,201,0
140,201,0
141,201,0
142,201,0
143,201,0
144,201,0
145,201,0
146,201,0
147,201,0
148,201,0
149,201,0
150,201,0
151,201,0
152,201,0
153,201,0
154,201,0
155,201,0
156,201,0
157,201,0
158,201,0
159,201,0
160,201,0
161,201,0
162,201,0
163,201,0
164,201,0
165,201,0
166,201,0
167,201,0
168,201,0
169,201,0
170,201,0
171,201,0
172,201,0
173,201,0
174,201,0
175,201,0
176,201,0
177,201,0
178,201,0
179,201,24
180,201,20
181,201,17
182,201,16
183,201,13
184,201,12
185,201,12
186,201,11
187,201,10
188,201,9
189,201,9
190,201,8
191,201,8
192,201,8
193,201,7
194,201,7
195,201,7
196,201,7
197,201,6
198,201,6
199,201,6
200,201,6
201,201,6
202,201,6
203,201,5
204,201,5
205,201,5
206,201,5
207,201,5
208,201,5
209,201,5
210,201,5
211,201,5
212,201,5
213,201,4
214,201,4
215,201,4
216,201,4
217,201,4
218,201,4
219,201,4
220,201,4
221,201,4
222,201,4
223,201,4
224,201,4
225,201,4
226,201,4
227,201,4
228,201,4
229,201,4
230,201,4
231,201,4
232,201,4
233,201,3
234,201,3
235,201,3
236,201,3
237,201,3
238,201,3
239,201,3
240,201,3
241,201,3
242,201,3
243,201,3
244,201,3
245,201,3
246,201,3
247,201,3
248,201,3
249,201,3
250,201,3
251,201,3
252,201,3
253,201,3
254,201,3
255,201,3
0,202,26
1,202,38
2,202,0
3,202,0
4,202,0
5,202,0
6,202,0
7,202,0
8,202,0
9,202,0
10,202,0
11,202,0
12,202,0
13,202,0
14,202,0
15,202,0
16,202,0
17,202,0
18,202,0
19,202,0
20,202,0
21,202,0
22,202,0
23,202,0
24,202,0
25,202,0
26,202,0
27,202,0
28,202,0
29,202,0
30,202,0
31,202,0
32,202,0
33,202,0
34,202,0
35,202,0
36,202,0
37,202,0
38,202,0
39,202,0
40,202,0
41,202,0
42,202,0
43,202,0
44,202,0
45,202,0
46,202,0
47,202,0
48,202,0
49,202,0
50,202,0
51,202,0
52,202,0
53,202,0
54,202,0
55,202,0
56,202,0
57,202,0
58,202,0
59,202,0
60,202,0
61,202,0
62,202,0
63,202,0
64,202,0
65,202,0
66,202,0
67,202,0
68,202,0
69,202,0
70,202,0
71,202,0
72,202,0
73,202,0
74,202,0
75,202,0
76,202,0
77,202,0
78,202,0
79,202,0
80,202,0
81,202,0
82,202,0
83,202,0
84,202,0
85,202,0
86,202,0
87,202,0
88,202,0
89,202,0
90,202,0
91,202,0
92,202,0
93,202,0
94,202,0
95,202,0
96,202,0
97,202,0
98,202,0
99,202,0
100,202,0
101,202,0
102,202,0
103,202,0
104,202,0
105,202,0
106,202,0
107,202,0
108,202,0
109,202,0
110,202,0
111,202,0
112,202,0
113,202,0
114,202,0
115,202,0
116,202,0
117,202,0
118,202,0
119,202,0
120,202,0
121,202,0
122,202,0
123,202,0
124,202,0
125,202,0
126,202,0
127,202,0
128,202,0
129,202,0
130,202,0
131,202,0
132,202,0
133,202,0
134,202,0
135,202,0
136,202,0
137,202,0
138,202,0
139,202,0
140,202,0
141,202,0
142,202,0
143,202,0
144,202,0
145,202,0
146,202,0
147,202,0
148,202,0
149,202,0
150,202,0
151,202,0
152,202,0
153,202,0
154,202,0
155,202,0
156,202,0
157,202,0
158,202,0
159,202,0
160,202,0
161,202,0
162,202,0
163,202,0
164,202,0
165,202,0
166,202,0
167,202,0
168,202,0
169,202,0
170,202,0
171,202,0
172,202,0
173,202,0
174,202,0
175,202,0
176,202,0
177,202,0
178,202,0
179,202,39
180,202,23
181,202,18
182,202,16
183,202,14
184,202,13
185,202,13
186,202,11
187,202,10
188,202,10
189,202,9
190,202,9
191,202,8
192,202,8
193,202,8
194,202,7
195,202,7
196,202,7
197,202,7
198,202,6
199,202,6
200,202,6
201,202,6
202,202,6
203,202,6
204,202,5
205,202,5
206,202,5
207,202,5
208,202,5
209,202,5
210,202,5
211,202,5
212,202,5
213,202,4
214,202,4
215,202,4
216,202,4
217,202,4
218,202,4
219,202,4
220,202,4
221,202,4
222,202,4
223,202,4
224,202,4
225,202,4
226,202,4
227,202,4
228,202,4
229,202,4
230,202,4
231,202,4
232,202,4
233,202,3
234,202,3
235,202,3
236,202,3
237,202,3
238,202,3
239,202,3
240,202,3
241,202,3
242,202,3
243,202,3
244,202,3
245,202,3
246,202,3
247,202,3
248,202,3
249,202,3
250,202,3
251,202,3
252,202,3
253,202,3
254,202,3
255,202,3
0,203,42
1,203,0
2,203,62
3,203,0
4,203,19
5,203,56
6,203,0
7,203,0
8,203,0
9,203,0
10,203,0
11,203,0
12,203,0
13,203,0
14,203,0
15,203,0
16,203,0
17,203,51
18,203,0
19,203,0
20,203,0
21,203,0
22,203,0
23,203,0
24,203,0
25,203,0
26,203,0
27,203,0
28,203,0
29,203,0
30,203,0
31,203,0
32,203,0
33,203,0
34,203,0
35,203,0
36,203,0
37,203,0
38,203,0
39,203,0
40,203,0
41,203,0
42,203,0
43,203,0
44,203,0
45,203,0
46,203,0
47,203,0
48,203,0
49,203,0
50,203,0
51,203,0
52,203,0
53,203,0
54,203,0
55,203,0
56,203,0
57,203,0
58,203,0
59,203,0
60,203,0
61,203,0
62,203,0
63,203,0
64,203,0
65,203,0
66,203,0
67,203,0
68,203,0
69,203,0
70,203,0
71,203,0
72,203,0
73,203,0
74,203,0
75,203,0
76,203,0
77,203,0
78,203,0
79,203,0
80,203,0
81,203,0
82,203,0
83,203,0
84,203,0
85,203,0
86,203,0
87,203,0
88,203,0
89,203,0
90,203,0
91,203,0
92,203,0
93,203,0
94,203,0
95,203,0
96,203,0
97,203,0
98,203,0
99,203,0
100,203,0
101,203,0
102,203,0
103,203,0
104,203,0
105,203,0
106,203,0
107,203,0
108,203,0
109,203,0
110,203,0
111,203,0
112,203,0
113,203,0
114,203,0
115,203,0
116,203,0
117,203,0
118,203,0
119,203,0
120,203,0
121,203,0
122,203,0
123,203,0
124,203,0
125,203,0
126,203,0
127,203,0
128,203,0
129,203,0
130,203,0
131,203,0
132,203,0
133,203,0
134,203,0
135,203,0
136,203,0
137,203,0
138,203,0
139,203,0
140,203,0
141,203,0
142,203,0
143,203,0
144,203,0
145,203,0
146,203,0
147,203,0
148,203,0
149,203,0
150,203,0
151,203,0
152,203,0
153,203,0
154,203,0
155,203,0
156,203,0
157,203,0
158,203,0
159,203,0
160,203,0
161,203,0
162,203,0
163,203,0
164,203,0
165,203,0
166,203,0
167,203,0
168,203,0
169,203,0
170,203,0
171,203,0
172,203,0
173,203,0
174,203,0
175,203,0
176,203,0
177,203,0
178,203,0
179,203,0
180,203,28
181,203,21
182,203,17
183,203,15
184,203,13
185,203,13
186,203,12
187,203,10
188,203,10
189,203,9
190,203,9
191,203,8
192,203,8
193,203,8
194,203,7
195,203,7
196,203,7
197,203,7
198,203,6
199,203,6
200,203,6
201,203,6
202,203,6
203,203,6
204,203,5
205,203,5
206,203,5
207,203,5
208,203,5
209,203,5
210,203,5
211,203,5
212,203,5
213,203,5
214,203,4
215,203,4
216,203,4
217,203,4
218,203,4
219,203,4
220,203,4
221,203,4
222,203,4
223,203,4
224,203,4
225,203,4
226,203,4
227,203,4
228,203,4
229,203,4
230,203,4
231,203,4
232,203,4
233,203,4
234,203,3
235,203,3
236,203,3
237,203,3
238,203,3
239,203,3
240,203,3
241,203,3
242,203,3
243,203,3
244,203,3
245,203,3
246,203,3
247,203,3
248,203,3
249,203,3
250,203,3
251,203,3
252,203,3
253,203,3
254,203,3
255,203,3
0,204,63
1,204,21
2,204,0
3,204,0
4,204,0
5,204,0
6,204,0
7,204,51
8,204,0
9,204,39
10,204,0
11,204,0
12,204,0
13,204,0
14,204,0
15,204,25
16,204,0
17,204,0
18,204,0
19,204,0
20,204,0
21,204,0
22,204,0
23,204,0
24,204,0
25,204,0
26,204,0
27,204,0
28,204,0
29,204,0
30,204,0
31,204,0
32,204,0
33,204,0
34,204,0
35,204,0
36,204,0
37,204,0
38,204,0
39,204,0
40,204,0
41,204,0
42,204,0
43,204,0
44,204,0
45,204,0
46,204,0
47,204,0
48,204,0
49,204,0
50,204,0
51,204,0
52,204,0
53,204,0
54,204,0
55,204,0
56,204,0
57,204,0
58,204,0
59,204,0
60,204,0
61,204,0
62,204,0
63,204,0
64,204,0
65,204,0
66,204,0
67,204,0
68,204,0
69,204,0
70,204,0
71,204,0
72,204,0
73,204,0
74,204,0
75,204,0
76,204,0
77,204,0
78,204,0
79,204,0
80,204,0
81,204,0
82,204,0
83,204,0
84,204,0
85,204,0
86,204,0
87,204,0
88,204,0
89,204,0
90,204,0
91,204,0
92,204,0
93,204,0
94,204,0
95,204,0
96,204,0
97,204,0
98,204,0
99,204,0
100,204,0
101,204,0
102,204,0
103,204,0
104,204,0
105,204,0
106,204,0
107,204,0
108,204,0
109,204,0
110,204,0
111,204,0
112,204,0
113,204,0
114,204,0
115,204,0
116,204,0
117,204,0
118,204,0
119,204,0
120,204,0
121,204,0
122,204,0
123,204,0
124,204,0
125,204,0
126,204,0
127,204,0
128,204,0
129,204,0
130,204,0
131,204,0
132,204,0
133,204,0
134,204,0
135,204,0
136,204,0
137,204,0
138,204,0
139,204,0
140,204,0
141,204,0
142,204,0
143,204,0
144,204,0
145,204,0
146,204,0
147,204,0
148,204,0
149,204,0
150,204,0
151,204,0
152,204,0
153,204,0
154,204,0
155,204,0
156,204,0
157,204,0
158,204,0
159,204,0
160,204,0
161,204,0
162,204,0
163,204,0
164,204,0
165,204,0
166,204,0
167,204,0
168,204,0
169,204,0
170,204,0
171,204,0
172,204,0
173,204,0
174,204,0
175,204,0
176,204,0
177,204,0
178,204,0
179,204,0
180,204,0
181,204,25
182,204,19
183,204,16
184,204,14
185,204,13
186,204,13
187,204,11
188,204,10
189,204,10
190,204,9
191,204,9
192,204,8
193,204,8
194,204,7
195,204,7
196,204,7
197,204,7
198,204,7
199,204,6
200,204,6
201,204,6
202,204,6
203,204,6
204,204,5
205,204,5
206,204,5
207,204,5
208,204,5
209,204,5
210,204,5
211,204,5
212,204,5
213,204,5
214,204,4
215,204,4
216,204,4
217,204,4
218,204,4
219,204,4
220,204,4
221,204,4
222,204,4
223,204,4
224,204,4
225,204,4
226,204,4
227,204,4
228,204,4
229,204,4
230,204,4
231,204,4
232,204,4
233,204,4
234,204,3
235,204,3
236,204,3
237,204,3
238,204,3
239,204,3
240,204,3
241,204,3
242,204,3
243,204,3
244,204,3
245,204,3
246,204,3
247,204,3
248,204,3
249,204,3
250,204,3
251,204,3
252,204,3
253,204,3
254,204,3
255,204,3
0,205,57
1,205,0
2,205,41
3,205,1
4,205,0
5,205,0
6,205,0
7,205,41
8,205,27
9,205,0
10,205,0
11,205,0
12,205,0
13,205,0
14,205,0
15,205,0
16,205,0
17,205,0
18,205,0
19,205,0
20,205,0
21,205,0
22,205,0
23,205,0
24,205,0
25,205,0
26,205,0
27,205,0
28,205,0
29,205,0
30,205,0
31,205,0
32,205,0
33,205,0
34,205,0
35,205,0
36,205,0
37,205,0
38,205,0
39,205,0
40,205,0
41,205,0
42,205,0
43,205,0
44,205,0
45,205,0
46,205,0
47,205,0
48,205,0
49,205,0
50,205,0
51,205,0
52,205,0
53,205,0
54,205,0
55,205,0
56,205,0
57,205,0
58,205,0
59,205,0
60,205,0
61,205,0
62,205,0
63,205,0
64,205,0
65,205,0
66,205,0
67,205,0
68,205,0
69,205,0
70,205,0
71,205,0
72,205,0
73,205,0
74,205,0
75,205,0
76,205,0
77,205,0
78,205,0
79,205,0
80,205,0
81,205,0
82,205,0
83,205,0
84,205,0
85,205,0
86,205,0
87,205,0
88,205,0
89,205,0
90,205,0
91,205,0
92,205,0
93,205,0
94,205,0
95,205,0
96,205,0
97,205,0
98,205,0
99,205,0
100,205,0
101,205,0
102,205,0
103,205,0
104,205,0
105,205,0
106,205,0
107,205,0
108,205,0
109,205,0
110,205,0
111,205,0
112,205,0
113,205,0
114,205,0
115,205,0
116,205,0
117,205,0
118,205,0
119,205,0
120,205,0
121,205,0
122,205,0
123,205,0
124,205,0
125,205,0
126,205,0
127,205,0
128,205,0
129,205,0
130,205,0
131,205,0
132,205,0
133,205,0
134,205,0
135,205,0
136,205,0
137,205,0
138,205,0
139,205,0
140,205,0
141,205,0
142,205,0
143,205,0
144,205,0
145,205,0
146,205,0
147,205,0
148,205,0
149,205,0
150,205,0
151,205,0
152,205,0
153,205,0
154,205,0
155,205,0
156,205,0
157,205,0
158,205,0
159,205,0
160,205,0
161,205,0
162,205,0
163,205,0
164,205,0
165,205,0
166,205,0
167,205,0
168,205,0
169,205,0
170,205,0
171,205,0
172,205,0
173,205,0
174,205,0
175,205,0
176,205,0
177,205,0
178,205,0
179,205,0
180,205,0
181,205,33
182,205,21
183,205,18
184,205,15
185,205,14
186,205,13
187,205,11
188,205,10
189,205,10
190,205,9
191,205,9
192,205,8
193,205,8
194,205,8
195,205,7
196,205,7
197,205,7
198,205,7
199,205,6
200,205,6
201,205,6
202,205,6
203,205,6
204,205,6
205,205,5
206,205,5
207,205,5
208,205,5
209,205,5
210,205,5
211,205,5
212,205,5
213,205,5
214,205,4
215,205,4
216,205,4
217,205,4
218,205,4
219,205,4
220,205,4
221,205,4
222,205,4
223,205,4
224,205,4
225,205,4
226,205,4
227,205,4
228,205,4
229,205,4
230,205,4
231,205,4
232,205,4
233,205,4
234,205,4
235,205,3
236,205,3
237,205,3
238,205,3
239,205,3
240,205,3
241,205,3
242,205,3
243,205,3
244,205,3
245,205,3
246,205,3
247,205,3
248,205,3
249,205,3
250,205,3
251,205,3
252,205,3
253,205,3
254,205,3
255,205,3
0,206,21
1,206,25
2,206,0
3,206,0
4,206,0
5,206,16
6,206,15
7,206,15
8,206,0
9,206,0
10,206,0
11,206,0
12,206,0
13,206,0
14,206,0
15,206,0
16,206,0
17,206,0
18,206,0
19,206,0
20,206,30
21,206,0
22,206,0
23,206,0
24,206,0
25,206,0
26,206,0
27,206,0
28,206,0
29,206,0
30,206,0
31,206,0
32,206,0
33,206,0
34,206,0
35,206,0
36,206,0
37,206,0
38,206,0
39,206,0
40,206,0
41,206,0
42,206,0
43,206,0
44,206,0
45,206,0
46,206,0
47,206,0
48,206,0
49,206,0
50,206,0
51,206,0
52,206,0
53,206,0
54,206,0
55,206,0
56,206,0
57,206,0
58,206,0
59,206,0
60,206,0
61,206,0
62,206,0
63,206,0
64,206,0
65,206,0
66,206,0
67,206,0
68,206,0
69,206,0
70,206,0
71,206,0
72,206,0
73,206,0
74,206,0
75,206,0
76,206,0
77,206,0
78,206,0
79,206,0
80,206,0
81,206,0
82,206,0
83,206,0
84,206,0
85,206,0
86,206,0
87,206,0
88,206,0
89,206,0
90,206,0
91,206,0
92,206,0
93,206,0
94,206,0
95,206,0
96,206,0
97,206,0
98,206,0
99,206,0
100,206,0
101,206,0
102,206,0
103,206,0
104,206,0
105,206,0
106,206,0
107,206,0
108,206,0
109,206,0
110,206,0
111,206,0
112,206,0
113,206,0
114,206,0
115,206,0
116,206,0
117,206,0
118,206,0
119,206,0
120,206,0
121,206,0
122,206,0
123,206,0
124,206,0
125,206,0
126,206,0
127,206,0
128,206,0
129,206,0
130,206,0
131,206,0
132,206,0
133,206,0
134,206,0
135,206,0
136,206,0
137,206,0
138,206,0
139,206,0
140,206,0
141,206,0
142,206,0
143,206,0
144,206,0
145,206,0
146,206,0
147,206,0
148,206,0
149,206,0
150,206,0
151,206,0
152,206,0
153,206,0
154,206,0
155,206,0
156,206,0
157,206,0
158,206,0
159,206,0
160,206,0
161,206,0
162,206,0
163,206,0
164,206,0
165,206,0
166,206,0
167,206,0
168,206,0
169,206,0
170,206,0
171,206,0
172,206,0
173,206,0
174,206,0
175,206,0
176,206,0
177,206,0
178,206,0
179,206,0
180,206,0
181,206,0
182,206,26
183,206,20
184,206,16
185,206,14
186,206,14
187,206,12
188,206,11
189,206,10
190,206,10
191,206,9
192,206,9
193,206,8
194,206,8
195,206,7
196,206,7
197,206,7
198,206,7
199,206,6
200,206,6
201,206,6
202,206,6
203,206,6
204,206,6
205,206,5
206,206,5
207,206,5
208,206,5
209,206,5
210,206,5
211,206,5
212,206,5
213,206,5
214,206,5
215,206,4
216,206,4
217,206,4
218,206,4
219,206,4
220,206,4
221,206,4
222,206,4
223,206,4
224,206,4
225,206,4
226,206,4
227,206,4
228,206,4
229,206,4
230,206,4
231,206,4
232,206,4
233,206,4
234,206,4
235,206,3
236,206,3
237,206,3
238,206,3
239,206,3
240,206,3
241,206,3
242,206,3
243,206,3
244,206,3
245,206,3
246,206,3
247,206,3
248,206,3
249,206,3
250,206,3
251,206,3
252,206,3
253,206,3
254,206,3
255,206,3
0,207,0
1,207,63
2,207,0
3,207,39
4,207,0
5,207,18
6,207,0
7,207,0
8,207,13
9,207,58
10,207,7
11,207,0
12,207,11
13,207,0
14,207,0
15,207,0
16,207,0
17,207,0
18,207,0
19,207,0
20,207,0
21,207,0
22,207,0
23,207,0
24,207,0
25,207,0
26,207,0
27,207,0
28,207,0
29,207,0
30,207,0
31,207,0
32,207,0
33,207,0
34,207,0
35,207,0
36,207,0
37,207,0
38,207,0
39,207,0
40,207,0
41,207,0
42,207,0
43,207,0
44,207,0
45,207,0
46,207,0
47,207,0
48,207,0
49,207,0
50,207,0
51,207,0
52,207,0
53,207,0
54,207,0
55,207,0
56,207,0
57,207,0
58,207,0
59,207,0
60,207,0
61,207,0
62,207,0
63,207,0
64,207,0
65,207,0
66,207,0
67,207,0
68,207,0
69,207,0
70,207,0
71,207,0
72,207,0
73,207,0
74,207,0
75,207,0
76,207,0
77,207,0
78,207,0
79,207,0
80,207,0
81,207,0
82,207,0
83,207,0
84,207,0
85,207,0
86,207,0
87,207,0
88,207,0
89,207,0
90,207,0
91,207,0
92,207,0
93,207,0
94,207,0
95,207,0
96,207,0
97,207,0
98,207,0
99,207,0
100,207,0
101,207,0
102,207,0
103,207,0
104,207,0
105,207,0
106,207,0
107,207,0
108,207,0
109,207,0
110,207,0
111,207,0
112,207,0
113,207,0
114,207,0
115,207,0
116,207,0
117,207,0
118,207,0
119,207,0
120,207,0
121,207,0
122,207,0
123,207,0
124,207,0
125,207,0
126,207,0
127,207,0
128,207,0
129,207,0
130,207,0
131,207,0
132,207,0
133,207,0
134,207,0
135,207,0
136,207,0
137,207,0
138,207,0
139,207,0
140,207,0
141,207,0
142,207,0
143,207,0
144,207,0
145,207,0
146,207,0
147,207,0
148,207,0
149,207,0
150,207,0
151,207,0
152,207,0
153,207,0
154,207,0
155,207,0
156,207,0
157,207,0
158,207,0
159,207,0
160,207,0
161,207,0
162,207,0
163,207,0
164,207,0
165,207,0
166,207,0
167,207,0
168,207,0
169,207,0
170,207,0
171,207,0
172,207,0
173,207,0
174,207,0
175,207,0
176,207,0
177,207,0
178,207,0
179,207,0
180,207,0
181,207,0
182,207,40
183,207,23
184,207,19
185,207,15
186,207,14
187,207,13
188,207,11
189,207,10
190,207,10
191,207,9
192,207,9
193,207,8
194,207,8
195,207,8
196,207,7
197,207,7
198,207,7
199,207,7
200,207,6
201,207,6
202,207,6
203,207,6
204,207,6
205,207,6
206,207,5
207,207,5
208,207,5
209,207,5
210,207,5
211,207,5
212,207,5
213,207,5
214,207,5
215,207,4
216,207,4
217,207,4
218,207,4
219,207,4
220,207,4
221,207,4
222,207,4
223,207,4
224,207,4
225,207,4
226,207,4
227,207,4
228,207,4
229,207,4
230,207,4
231,207,4
232,207,4
233,207,4
234,207,4
235,207,4
236,207,3
237,207,3
238,207,3
239,207,3
240,207,3
241,207,3
242,207,3
243,207,3
244,207,3
245,207,3
246,207,3
247,207,3
248,207,3
249,207,3
250,207,3
251,207,3
252,207,3
253,207,3
254,207,3
255,207,3
0,208,44
1,208,19
2,208,15
3,208,47
4,208,56
5,208,62
6,208,19
7,208,54
8,208,0
9,208,0
10,208,47
11,208,0
12,208,0
13,208,0
14,208,14
15,208,17
16,208,50
17,208,0
18,208,0
19,208,0
20,208,0
21,208,16
22,208,0
23,208,0
24,208,0
25,208,0
26,208,0
27,208,18
28,208,0
29,208,0
30,208,0
31,208,0
32,208,0
33,208,0
34,208,0
35,208,0
36,208,0
37,208,0
38,208,0
39,208,0
40,208,0
41,208,0
42,208,0
43,208,0
44,208,0
45,208,0
46,208,0
47,208,0
48,208,0
49,208,0
50,208,0
51,208,0
52,208,0
53,208,0
54,208,0
55,208,0
56,208,0
57,208,0
58,208,0
59,208,0
60,208,0
61,208,0
62,208,0
63,208,0
64,208,0
65,208,0
66,208,0
67,208,0
68,208,0
69,208,0
70,208,0
71,208,0
72,208,0
73,208,0
74,208,0
75,208,0
76,208,0
77,208,0
78,208,0
79,208,0
80,208,0
81,208,0
82,208,0
83,208,0
84,208,0
85,208,0
86,208,0
87,208,0
88,208,0
89,208,0
90,208,0
91,208,0
92,208,0
93,208,0
94,208,0
95,208,0
96,208,0
97,208,0
98,208,0
99,208,0
100,208,0
101,208,0
102,208,0
103,208,0
104,208,0
105,208,0
106,208,0
107,208,0
108,208,0
109,208,0
110,208,0
111,208,0
112,208,0
113,208,0
114,208,0
115,208,0
116,208,0
117,208,0
118,208,0
119,208,0
120,208,0
121,208,0
122,208,0
123,208,0
124,208,0
125,208,0
126,208,0
127,208,0
128,208,0
129,208,0
130,208,0
131,208,0
132,208,0
133,208,0
134,208,0
135,208,0
136,208,0
137,208,0
138,208,0
139,208,0
140,208,0
141,208,0
142,208,0
143,208,0
144,208,0
145,208,0
146,208,0
147,208,0
148,208,0
149,208,0
150,208,0
151,208,0
152,208,0
153,208,0
154,208,0
155,208,0
156,208,0
157,208,0
158,208,0
159,208,0
160,208,0
161,208,0
162,208,0
163,208,0
164,208,0
165,208,0
166,208,0
167,208,0
168,208,0
169,208,0
170,208,0
171,208,0
172,208,0
173,208,0
174,208,0
175,208,0
176,208,0
177,208,0
178,208,0
179,208,0
180,208,0
181,208,0
182,208,0
183,208,27
184,208,21
185,208,16
186,208,15
187,208,13
188,208,12
189,208,11
190,208,10
191,208,10
192,208,9
193,208,9
194,208,8
195,208,8
196,208,7
197,208,7
198,208,7
199,208,7
200,208,6
201,208,6
202,208,6
203,208,6
204,208,6
205,208,6
206,208,5
207,208,5
208,208,5
209,208,5
210,208,5
211,208,5
212,208,5
213,208,5
214,208,5
215,208,5
216,208,4
217,208,4
218,208,4
219,208,4
220,208,4
221,208,4
222,208,4
223,208,4
224,208,4
225,208,4
226,208,4
227,208,4
228,208,4
229,208,4
230,208,4
231,208,4
232,208,4
233,208,4
234,208,4
235,208,4
236,208,3
237,208,3
238,208,3
239,208,3
240,208,3
241,208,3
242,208,3
243,208,3
244,208,3
245,208,3
246,208,3
247,208,3
248,208,3
249,208,3
250,208,3
251,208,3
252,208,3
253,208,3
254,208,3
255,208,3
0,209,34
1,209,35
2,209,59
3,209,6
4,209,0
5,209,27
6,209,0
7,209,11
8,209,0
9,209,23
10,209,0
11,209,38
12,209,0
13,209,0
14,209,0
15,209,0
16,209,36
17,209,62
18,209,21
19,209,0
20,209,0
21,209,0
22,209,0
23,209,56
24,209,0
25,209,0
26,209,0
27,209,0
28,209,0
29,209,0
30,209,0
31,209,0
32,209,0
33,209,0
34,209,0
35,209,0
36,209,0
37,209,0
38,209,0
39,209,0
40,209,0
41,209,0
42,209,0
43,209,0
44,209,0
45,209,0
46,209,0
47,209,0
48,209,0
49,209,0
50,209,0
51,209,0
52,209,0
53,209,0
54,209,0
55,209,0
56,209,0
57,209,0
58,209,0
59,209,0
60,209,0
61,209,0
62,209,0
63,209,0
64,209,0
65,209,0
66,209,0
67,209,0
68,209,0
69,209,0
70,209,0
71,209,0
72,209,0
73,209,0
74,209,0
75,209,0
76,209,0
77,209,0
78,209,0
79,209,0
80,209,0
81,209,0
82,209,0
83,209,0
84,209,0
85,209,0
86,209,0
87,209,0
88,209,0
89,209,0
90,209,0
91,209,0
92,209,0
93,209,0
94,209,0
95,209,0
96,209,0
97,209,0
98,209,0
99,209,0
100,209,0
101,209,0
102,209,0
103,209,0
104,209,0
105,209,0
106,209,0
107,209,0
108,209,0
109,209,0
110,209,0
111,209,0
112,209,0
113,209,0
114,209,0
115,209,0
116,209,0
117,209,0
118,209,0
119,209,0
120,209,0
121,209,0
122,209,0
123,209,0
124,209,0
125,209,0
126,209,0
127,209,0
128,209,0
129,209,0
130,209,0
131,209,0
132,209,0
133,209,0
134,209,0
135,209,0
136,209,0
137,209,0
138,209,0
139,209,0
140,209,0
141,209,0
142,209,0
143,209,0
144,209,0
145,209,0
146,209,0
147,209,0
148,209,0
149,209,0
150,209,0
151,209,0
152,209,0
153,209,0
154,209,0
155,209,0
156,209,0
157,209,0
158,209,0
159,209,0
160,209,0
161,209,0
162,209,0
163,209,0
164,209,0
165,209,0
166,209,0
167,209,0
168,209,0
169,209,0
170,209,0
171,209,0
172,209,0
173,209,0
174,209,0
175,209,0
176,209,0
177,209,0
178,209,0
179,209,0
180,209,0
181,209,0
182,209,0
183,209,52
184,209,24
185,209,18
186,209,16
187,209,14
188,209,12
189,209,11
190,209,11
191,209,10
192,209,10
193,209,9
194,209,8
195,209,8
196,209,7
197,209,7
198,209,7
199,209,7
200,209,7
201,209,6
202,209,6
203,209,6
204,209,6
205,209,6
206,209,5
207,209,5
208,209,5
209,209,5
210,209,5
211,209,5
212,209,5
213,209,5
214,209,5
215,209,5
216,209,4
217,209,4
218,209,4
219,209,4
220,209,4
221,209,4
222,209,4
223,209,4
224,209,4
225,209,4
226,209,4
227,209,4
228,209,4
229,209,4
230,209,4
231,209,4
232,209,4
233,209,4
234,209,4
235,209,4
236,209,4
237,209,3
238,209,3
239,209,3
240,209,3
241,209,3
242,209,3
243,209,3
244,209,3
245,209,3
246,209,3
247,209,3
248,209,3
249,209,3
250,209,3
251,209,3
252,209,3
253,209,3
254,209,3
255,209,3
0,210,21
1,210,45
2,210,13
3,210,63
4,210,40
5,210,43
6,210,54
7,210,11
8,210,10
9,210,12
10,210,11
11,210,37
12,210,17
13,210,0
14,210,12
15,210,38
16,210,0
17,210,0
18,210,0
19,210,0
20,210,0
21,210,0
22,210,0
23,210,0
24,210,0
25,210,0
26,210,0
27,210,0
28,210,0
29,210,0
30,210,0
31,210,0
32,210,0
33,210,0
34,210,0
35,210,0
36,210,0
37,210,0
38,210,0
39,210,0
40,210,0
41,210,0
42,210,0
43,210,0
44,210,0
45,210,0
46,210,0
47,210,0
48,210,0
49,210,0
50,210,0
51,210,0
52,210,0
53,210,0
54,210,0
55,210,0
56,210,0
57,210,0
58,210,0
59,210,0
60,210,0
61,210,0
62,210,0
63,210,0
64,210,0
65,210,0
66,210,0
67,210,0
68,210,0
69,210,0
70,210,0
71,210,0
72,210,0
73,210,0
74,210,0
75,210,0
76,210,0
77,210,0
78,210,0
79,210,0
80,210,0
81,210,0
82,210,0
83,210,0
84,210,0
85,210,0
86,210,0
87,210,0
88,210,0
89,210,0
90,210,0
91,210,0
92,210,0
93,210,0
94,210,0
95,210,0
96,210,0
97,210,0
98,210,0
99,210,0
100,210,0
101,210,0
102,210,0
103,210,0
104,210,0
105,210,0
106,210,0
107,210,0
108,210,0
109,210,0
110,210,0
111,210,0
112,210,0
113,210,0
114,210,0
115,210,0
116,210,0
117,210,0
118,210,0
119,210,0
120,210,0
121,210,0
122,210,0
123,210,0
124,210,0
125,210,0
126,210,0
127,210,0
128,210,0
129,210,0
130,210,0
131,210,0
132,210,0
133,210,0
134,210,0
135,210,0
136,210,0
137,210,0
138,210,0
139,210,0
140,210,0
141,210,0
142,210,0
143,210,0
144,210,0
145,210,0
146,210,0
147,210,0
148,210,0
149,210,0
150,210,0
151,210,0
152,210,0
153,210,0
154,210,0
155,210,0
156,210,0
157,210,0
158,210,0
159,210,0
160,210,0
161,210,0
162,210,0
163,210,0
164,210,0
165,210,0
166,210,0
167,210,0
168,210,0
169,210,0
170,210,0
171,210,0
172,210,0
173,210,0
174,210,0
175,210,0
176,210,0
177,210,0
178,210,0
179,210,0
180,210,0
181,210,0
182,210,0
183,210,0
184,210,30
185,210,21
186,210,17
187,210,15
188,210,13
189,210,12
190,210,11
191,210,10
192,210,10
193,210,9
194,210,8
195,210,8
196,210,8
197,210,7
198,210,7
199,210,7
200,210,7
201,210,6
202,210,6
203,210,6
204,210,6
205,210,6
206,210,6
207,210,5
208,210,5
209,210,5
210,210,5
211,210,5
212,210,5
213,210,5
214,210,5
215,210,5
216,210,5
217,210,4
218,210,4
219,210,4
220,210,4
221,210,4
222,210,4
223,210,4
224,210,4
225,210,4
226,210,4
227,210,4
228,210,4
229,210,4
230,210,4
231,210,4
232,210,4
233,210,4
234,210,4
235,210,4
236,210,4
237,210,3
238,210,3
239,210,3
240,210,3
241,210,3
242,210,3
243,210,3
244,210,3
245,210,3
246,210,3
247,210,3
248,210,3
249,210,3
250,210,3
251,210,3
252,210,3
253,210,3
254,210,3
255,210,3
0,211,14
1,211,33
2,211,30
3,211,0
4,211,8
5,211,30
6,211,11
7,211,0
8,211,43
9,211,9
10,211,9
11,211,10
12,211,11
13,211,10
14,211,11
15,211,0
16,211,53
17,211,60
18,211,54
19,211,0
20,211,63
21,211,0
22,211,26
23,211,40
24,211,0
25,211,59
26,211,0
27,211,0
28,211,0
29,211,0
30,211,0
31,211,0
32,211,0
33,211,0
34,211,0
35,211,0
36,211,0
37,211,0
38,211,0
39,211,0
40,211,0
41,211,0
42,211,0
43,211,0
44,211,0
45,211,0
46,211,0
47,211,0
48,211,0
49,211,0
50,211,0
51,211,0
52,211,0
53,211,0
54,211,0
55,211,0
56,211,0
57,211,0
58,211,0
59,211,0
60,211,0
61,211,0
62,211,0
63,211,0
64,211,0
65,211,0
66,211,0
67,211,0
68,211,0
69,211,0
70,211,0
71,211,0
72,211,0
73,211,0
74,211,0
75,211,0
76,211,0
77,211,0
78,211,0
79,211,0
80,211,0
81,211,0
82,211,0
83,211,0
84,211,0
85,211,0
86,211,0
87,211,0
88,211,0
89,211,0
90,211,0
91,211,0
92,211,0
93,211,0
94,211,0
95,211,0
96,211,0
97,211,0
98,211,0
99,211,0
100,211,0
101,211,0
102,211,0
103,211,0
104,211,0
105,211,0
106,211,0
107,211,0
108,211,0
109,211,0
110,211,0
111,211,0
112,211,0
113,211,0
114,211,0
115,211,0
116,211,0
117,211,0
118,211,0
119,211,0
120,211,0
121,211,0
122,211,0
123,211,0
124,211,0
125,211,0
126,211,0
127,211,0
128,211,0
129,211,0
130,211,0
131,211,0
132,211,0
133,211,0
134,211,0
135,211,0
136,211,0
137,211,0
138,211,0
139,211,0
140,211,0
141,211,0
142,211,0
143,211,0
144,211,0
145,211,0
146,211,0
147,211,0
148,211,0
149,211,0
150,211,0
151,211,0
152,211,0
153,211,0
154,211,0
155,211,0
156,211,0
157,211,0
158,211,0
159,211,0
160,211,0
161,211,0
162,211,0
163,211,0
164,211,0
165,211,0
166,211,0
167,211,0
168,211,0
169,211,0
170,211,0
171,211,0
172,211,0
173,211,0
174,211,0
175,211,0
176,211,0
177,211,0
178,211,0
179,211,0
180,211,0
181,211,0
182,211,0
183,211,0
184,211,62
185,211,25
186,211,18
187,211,17
188,211,14
189,211,12
190,211,11
191,211,11
192,211,10
193,211,9
194,211,9
195,211,8
196,211,8
197,211,7
198,211,7
199,211,7
200,211,7
201,211,6
202,211,6
203,211,6
204,211,6
205,211,6
206,211,6
207,211,5
208,211,5
209,211,5
210,211,5
211,211,5
212,211,5
213,211,5
214,211,5
215,211,5
216,211,5
217,211,4
218,211,4
219,211,4
220,211,4
221,211,4
222,211,4
223,211,4
224,211,4
225,211,4
226,211,4
227,211,4
228,211,4
229,211,4
230,211,4
231,211,4
232,211,4
233,211,4
234,211,4
235,211,4
236,211,4
237,211,4
238,211,3
239,211,3
240,211,3
241,211,3
242,211,3
243,211,3
244,211,3
245,211,3
246,211,3
247,211,3
248,211,3
249,211,3
250,211,3
251,211,3
252,211,3
253,211,3
254,211,3
255,211,3
0,212,12
1,212,35
2,212,44
3,212,22
4,212,35
5,212,28
6,212,14
7,212,0
8,212,19
9,212,10
10,212,9
11,212,9
12,212,10
13,212,50
14,212,11
15,212,0
16,212,20
17,212,55
18,212,43
19,212,0
20,212,0
21,212,0
22,212,0
23,212,49
24,212,23
25,212,0
26,212,47
27,212,0
28,212,0
29,212,0
30,212,0
31,212,0
32,212,0
33,212,0
34,212,0
35,212,0
36,212,0
37,212,0
38,212,0
39,212,0
40,212,0
41,212,0
42,212,0
43,212,0
44,212,0
45,212,0
46,212,0
47,212,0
48,212,0
49,212,0
50,212,0
51,212,0
52,212,0
53,212,0
54,212,0
55,212,0
56,212,0
57,212,0
58,212,0
59,212,0
60,212,0
61,212,0
62,212,0
63,212,0
64,212,0
65,212,0
66,212,0
67,212,0
68,212,0
69,212,0
70,212,0
71,212,0
72,212,0
73,212,0
74,212,0
75,212,0
76,212,0
77,212,0
78,212,0
79,212,0
80,212,0
81,212,0
82,212,0
83,212,0
84,212,0
85,212,0
86,212,0
87,212,0
88,212,0
89,212,0
90,212,0
91,212,0
92,212,0
93,212,0
94,212,0
95,212,0
96,212,0
97,212,0
98,212,0
99,212,0
100,212,0
101,212,0
102,212,0
103,212,0
104,212,0
105,212,0
106,212,0
107,212,0
108,212,0
109,212,0
110,212,0
111,212,0
112,212,0
113,212,0
114,212,0
115,212,0
116,212,0
117,212,0
118,212,0
119,212,0
120,212,0
121,212,0
122,212,0
123,212,0
124,212,0
125,212,0
126,212,0
127,212,0
128,212,0
129,212,0
130,212,0
131,212,0
132,212,0
133,212,0
134,212,0
135,212,0
136,212,0
137,212,0
138,212,0
139,212,0
140,212,0
141,212,0
142,212,0
143,212,0
144,212,0
145,212,0
146,212,0
147,212,0
148,212,0
149,212,0
150,212,0
151,212,0
152,212,0
153,212,0
154,212,0
155,212,0
156,212,0
157,212,0
158,212,0
159,212,0
160,212,0
161,212,0
162,212,0
163,212,0
164,212,0
165,212,0
166,212,0
167,212,0
168,212,0
169,212,0
170,212,0
171,212,0
172,212,0
173,212,0
174,212,0
175,212,0
176,212,0
177,212,0
178,212,0
179,212,0
180,212,0
181,212,0
182,212,0
183,212,0
184,212,0
185,212,34
186,212,21
187,212,18
188,212,15
189,212,13
190,212,12
191,212,11
192,212,10
193,212,10
194,212,9
195,212,8
196,212,8
197,212,8
198,212,7
199,212,7
200,212,7
201,212,7
202,212,6
203,212,6
204,212,6
205,212,6
206,212,6
207,212,6
208,212,5
209,212,5
210,212,5
211,212,5
212,212,5
213,212,5
214,212,5
215,212,5
216,212,5
217,212,5
218,212,4
219,212,4
220,212,4
221,212,4
222,212,4
223,212,4
224,212,4
225,212,4
226,212,4
227,212,4
228,212,4
229,212,4
230,212,4
231,212,4
232,212,4
233,212,4
234,212,4
235,212,4
236,212,4
237,212,4
238,212,3
239,212,3
240,212,3
241,212,3
242,212,3
243,212,3
244,212,3
245,212,3
246,212,3
247,212,3
248,212,3
249,212,3
250,212,3
251,212,3
252,212,3
253,212,3
254,212,3
255,212,3
0,213,14
1,213,42
2,213,30
3,213,9
4,213,41
5,213,22
6,213,37
7,213,33
8,213,17
9,213,10
10,213,8
11,213,9
12,213,36
13,213,57
14,213,26
15,213,37
16,213,0
17,213,0
18,213,6
19,213,0
20,213,0
21,213,59
22,213,37
23,213,45
24,213,36
25,213,0
26,213,0
27,213,0
28,213,0
29,213,0
30,213,0
31,213,0
32,213,60
33,213,0
34,213,0
35,213,0
36,213,0
37,213,0
38,213,0
39,213,36
40,213,0
41,213,0
42,213,0
43,213,0
44,213,0
45,213,0
46,213,0
47,213,0
48,213,0
49,213,0
50,213,0
51,213,0
52,213,0
53,213,0
54,213,0
55,213,0
56,213,0
57,213,0
58,213,0
59,213,0
60,213,0
61,213,0
62,213,0
63,213,0
64,213,0
65,213,0
66,213,0
67,213,0
68,213,0
69,213,0
70,213,0
71,213,0
72,213,0
73,213,0
74,213,0
75,213,0
76,213,0
77,213,0
78,213,0
79,213,0
80,213,0
81,213,0
82,213,0
83,213,0
84,213,0
85,213,0
86,213,0
87,213,0
88,213,0
89,213,0
90,213,0
91,213,0
92,213,0
93,213,0
94,213,0
95,213,0
96,213,0
97,213,0
98,213,0
99,213,0
100,213,0
101,213,0
102,213,0
103,213,0
104,213,0
105,213,0
106,213,0
107,213,0
108,213,0
109,213,0
110,213,0
111,213,0
112,213,0
113,213,0
114,213,0
115,213,0
116,213,0
117,213,0
118,213,0
119,213,0
120,213,0
121,213,0
122,213,0
123,213,0
124,213,0
125,213,0
126,213,0
127,213,0
128,213,0
129,213,0
130,213,0
131,213,0
132,213,0
133,213,0
134,213,0
135,213,0
136,213,0
137,213,0
138,213,0
139,213,0
140,213,0
141,213,0
142,213,0
143,213,0
144,213,0
145,213,0
146,213,0
147,213,0
148,213,0
149,213,0
150,213,0
151,213,0
152,213,0
153,213,0
154,213,0
155,213,0
156,213,0
157,213,0
158,213,0
159,213,0
160,213,0
161,213,0
162,213,0
163,213,0
164,213,0
165,213,0
166,213,0
167,213,0
168,213,0
169,213,0
170,213,0
171,213,0
172,213,0
173,213,0
174,213,0
175,213,0
176,213,0
177,213,0
178,213,0
179,213,0
180,213,0
181,213,0
182,213,0
183,213,0
184,213,0
185,213,13
186,213,26
187,213,19
188,213,17
189,213,14
190,213,12
191,213,11
192,213,11
193,213,10
194,213,9
195,213,9
196,213,8
197,213,8
198,213,7
199,213,7
200,213,7
201,213,7
202,213,6
203,213,6
204,213,6
205,213,6
206,213,6
207,213,6
208,213,5
209,213,5
210,213,5
211,213,5
212,213,5
213,213,5
214,213,5
215,213,5
216,213,5
217,213,5
218,213,4
219,213,4
220,213,4
221,213,4
222,213,4
223,213,4
224,213,4
225,213,4
226,213,4
227,213,4
228,213,4
229,213,4
230,213,4
231,213,4
232,213,4
233,213,4
234,213,4
235,213,4
236,213,4
237,213,4
238,213,4
239,213,3
240,213,3
241,213,3
242,213,3
243,213,3
244,213,3
245,213,3
246,213,3
247,213,3
248,213,3
249,213,3
250,213,3
251,213,3
252,213,3
253,213,3
254,213,3
255,213,3
0,214,9
1,214,12
2,214,26
3,214,39
4,214,44
5,214,28
6,214,44
7,214,33
8,214,14
9,214,13
10,214,8
11,214,10
12,214,41
13,214,27
14,214,0
15,214,0
16,214,38
17,214,24
18,214,26
19,214,0
20,214,0
21,214,0
22,214,31
23,214,0
24,214,0
25,214,0
26,214,0
27,214,39
28,214,0
29,214,0
30,214,0
31,214,13
32,214,0
33,214,0
34,214,0
35,214,0
36,214,0
37,214,0
38,214,0
39,214,0
40,214,0
41,214,0
42,214,0
43,214,0
44,214,0
45,214,0
46,214,0
47,214,0
48,214,0
49,214,0
50,214,0
51,214,0
52,214,0
53,214,0
54,214,0
55,214,0
56,214,0
57,214,0
58,214,0
59,214,0
60,214,0
61,214,0
62,214,0
63,214,0
64,214,0
65,214,0
66,214,0
67,214,0
68,214,0
69,214,0
70,214,0
71,214,0
72,214,0
73,214,0
74,214,0
75,214,0
76,214,0
77,214,0
78,214,0
79,214,0
80,214,0
81,214,0
82,214,0
83,214,0
84,214,0
85,214,0
86,214,0
87,214,0
88,214,0
89,214,0
90,214,0
91,214,0
92,214,0
93,214,0
94,214,0
95,214,0
96,214,0
97,214,0
98,214,0
99,214,0
100,214,0
101,214,0
102,214,0
103,214,0
104,214,0
105,214,0
106,214,0
107,214,0
108,214,0
109,214,0
110,214,0
111,214,0
112,214,0
113,214,0
114,214,0
115,214,0
116,214,0
117,214,0
118,214,0
119,214,0
120,214,0
121,214,0
122,214,0
123,214,0
124,214,0
125,214,0
126,214,0
127,214,0
128,214,0
129,214,0
130,214,0
131,214,0
132,214,0
133,214,0
134,214,0
135,214,0
136,214,0
137,214,0
138,214,0
139,214,0
140,214,0
141,214,0
142,214,0
143,214,0
144,214,0
145,214,0
146,214,0
147,214,0
148,214,0
149,214,0
150,214,0
151,214,0
152,214,0
153,214,0
154,214,0
155,214,0
156,214,0
157,214,0
158,214,0
159,214,0
160,214,0
161,214,0
162,214,0
163,214,0
164,214,0
165,214,0
166,214,0
167,214,0
168,214,0
169,214,0
170,214,0
171,214,0
172,214,0
173,214,0
174,214,0
175,214,0
176,214,0
177,214,0
178,214,0
179,214,0
180,214,0
181,214,0
182,214,0
183,214,0
184,214,0
185,214,0
186,214,36
187,214,22
188,214,18
189,214,15
190,214,13
191,214,12
192,214,11
193,214,10
194,214,10
195,214,9
196,214,8
197,214,8
198,214,8
199,214,7
200,214,7
201,214,7
202,214,7
203,214,6
204,214,6
205,214,6
206,214,6
207,214,6
208,214,5
209,214,5
210,214,5
211,214,5
212,214,5
213,214,5
214,214,5
215,214,5
216,214,5
217,214,5
218,214,5
219,214,4
220,214,4
221,214,4
222,214,4
223,214,4
224,214,4
225,214,4
226,214,4
227,214,4
228,214,4
229,214,4
230,214,4
231,214,4
232,214,4
233,214,4
234,214,4
235,214,4
236,214,4
237,214,4
238,214,4
239,214,3
240,214,3
241,214,3
242,214,3
243,214,3
244,214,3
245,214,3
246,214,3
247,214,3
248,214,3
249,214,3
250,214,3
251,214,3
252,214,3
253,214,3
254,214,3
255,214,3
0,215,13
1,215,14
2,215,34
3,215,32
4,215,33
5,215,57
6,215,0
7,215,35
8,215,17
9,215,9
10,215,8
11,215,9
12,215,42
13,215,17
14,215,26
15,215,47
16,215,55
17,215,0
18,215,0
19,215,0
20,215,0
21,215,8
22,215,41
23,215,0
24,215,57
25,215,23
26,215,0
27,215,0
28,215,0
29,215,0
30,215,0
31,215,0
32,215,0
33,215,0
34,215,0
35,215,63
36,215,0
37,215,0
38,215,0
39,215,0
40,215,0
41,215,0
42,215,0
43,215,0
44,215,0
45,215,0
46,215,0
47,215,0
48,215,0
49,215,0
50,215,0
51,215,0
52,215,0
53,215,0
54,215,0
55,215,0
56,215,0
57,215,0
58,215,0
59,215,0
60,215,0
61,215,0
62,215,0
63,215,0
64,215,0
65,215,0
66,215,0
67,215,0
68,215,0
69,215,0
70,215,0
71,215,0
72,215,0
73,215,0
74,215,0
75,215,0
76,215,0
77,215,0
78,215,0
79,215,0
80,215,0
81,215,0
82,215,0
83,215,0
84,215,0
85,215,0
86,215,0
87,215,0
88,215,0
89,215,0
90,215,0
91,215,0
92,215,0
93,215,0
94,215,0
95,215,0
96,215,0
97,215,0
98,215,0
99,215,0
100,215,0
101,215,0
102,215,0
103,215,0
104,215,0
105,215,0
106,215,0
107,215,0
108,215,0
109,215,0
110,215,0
111,215,0
112,215,0
113,215,0
114,215,0
115,215,0
116,215,0
117,215,0
118,215,0
119,215,0
120,215,0
121,215,0
122,215,0
123,215,0
124,215,0
125,215,0
126,215,0
127,215,0
128,215,0
129,215,0
130,215,0
131,215,0
132,215,0
133,215,0
134,215,0
135,215,0
136,215,0
137,215,0
138,215,0
139,215,0
140,215,0
141,215,0
142,215,0
143,215,0
144,215,0
145,215,0
146,215,0
147,215,0
148,215,0
149,215,0
150,215,0
151,215,0
152,215,0
153,215,0
154,215,0
155,215,0
156,215,0
157,215,0
158,215,0
159,215,0
160,215,0
161,215,0
162,215,0
163,215,0
164,215,0
165,215,0
166,215,0
167,215,0
168,215,0
169,215,0
170,215,0
171,215,0
172,215,0
173,215,0
174,215,0
175,215,0
176,215,0
177,215,0
178,215,0
179,215,0
180,215,0
181,215,0
182,215,0
183,215,0
184,215,0
185,215,0
186,215,29
187,215,26
188,215,21
189,215,16
190,215,14
191,215,12
192,215,11
193,215,11
194,215,10
195,215,9
196,215,9
197,215,8
198,215,8
199,215,7
200,215,7
201,215,7
202,215,7
203,215,6
204,215,6
205,215,6
206,215,6
207,215,6
208,215,6
209,215,5
210,215,5
211,215,5
212,215,5
213,215,5
214,215,5
215,215,5
216,215,5
217,215,5
218,215,5
219,215,4
220,215,4
221,215,4
222,215,4
223,215,4
224,215,4
225,215,4
226,215,4
227,215,4
228,215,4
229,215,4
230,215,4
231,215,4
232,215,4
233,215,4
234,215,4
235,215,4
236,215,4
237,215,4
238,215,4
239,215,4
240,215,3
241,215,3
242,215,3
243,215,3
244,215,3
245,215,3
246,215,3
247,215,3
248,215,3
249,215,3
250,215,3
251,215,3
252,215,3
253,215,3
254,215,3
255,215,3
0,216,50
1,216,9
2,216,55
3,216,30
4,216,42
5,216,0
6,216,18
7,216,47
8,216,33
9,216,8
10,216,7
11,216,9
12,216,48
13,216,5
14,216,20
15,216,0
16,216,0
17,216,57
18,216,0
19,216,0
20,216,0
21,216,45
22,216,46
23,216,0
24,216,6
25,216,0
26,216,38
27,216,63
28,216,33
29,216,0
30,216,0
31,216,0
32,216,0
33,216,18
34,216,0
35,216,58
36,216,0
37,216,54
38,216,0
39,216,0
40,216,0
41,216,0
42,216,0
43,216,0
44,216,0
45,216,0
46,216,0
47,216,0
48,216,28
49,216,0
50,216,0
51,216,0
52,216,0
53,216,0
54,216,0
55,216,0
56,216,0
57,216,0
58,216,0
59,216,0
60,216,0
61,216,0
62,216,0
63,216,0
64,216,0
65,216,0
66,216,0
67,216,0
68,216,0
69,216,0
70,216,0
71,216,0
72,216,0
73,216,0
74,216,0
75,216,0
76,216,0
77,216,0
78,216,0
79,216,0
80,216,0
81,216,0
82,216,0
83,216,0
84,216,0
85,216,0
86,216,0
87,216,0
88,216,0
89,216,0
90,216,0
91,216,0
92,216,0
93,216,0
94,216,0
95,216,0
96,216,0
97,216,0
98,216,0
99,216,0
100,216,0
101,216,0
102,216,0
103,216,0
104,216,0
105,216,0
106,216,0
107,216,0
108,216,0
109,216,0
110,216,0
111,216,0
112,216,0
113,216,0
114,216,0
115,216,0
116,216,0
117,216,0
118,216,0
119,216,0
120,216,0
121,216,0
122,216,0
123,216,0
124,216,0
125,216,0
126,216,0
127,216,0
128,216,0
129,216,0
130,216,0
131,216,0
132,216,0
133,216,0
134,216,0
135,216,0
136,216,0
137,216,0
138,216,0
139,216,0
140,216,0
141,216,0
142,216,0
143,216,0
144,216,0
145,216,0
146,216,0
147,216,0
148,216,0
149,216,0
150,216,0
151,216,0
152,216,0
153,216,0
154,216,0
155,216,0
156,216,0
157,216,0
158,216,0
159,216,0
160,216,0
161,216,0
162,216,0
163,216,0
164,216,0
165,216,0
166,216,0
167,216,0
168,216,0
169,216,0
170,216,0
171,216,0
172,216,0
173,216,0
174,216,0
175,216,0
176,216,0
177,216,0
178,216,0
179,216,0
180,216,0
181,216,0
182,216,0
183,216,0
184,216,0
185,216,0
186,216,0
187,216,36
188,216,23
189,216,18
190,216,15
191,216,13
192,216,12
193,216,11
194,216,10
195,216,10
196,216,9
197,216,8
198,216,8
199,216,8
200,216,7
201,216,7
202,216,7
203,216,7
204,216,6
205,216,6
206,216,6
207,216,6
208,216,6
209,216,5
210,216,5
211,216,5
212,216,5
213,216,5
214,216,5
215,216,5
216,216,5
217,216,5
218,216,5
219,216,5
220,216,4
221,216,4
222,216,4
223,216,4
224,216,4
225,216,4
226,216,4
227,216,4
228,216,4
229,216,4
230,216,4
231,216,4
232,216,4
233,216,4
234,216,4
235,216,4
236,216,4
237,216,4
238,216,4
239,216,4
240,216,3
241,216,3
242,216,3
243,216,3
244,216,3
245,216,3
246,216,3
247,216,3
248,216,3
249,216,3
250,216,3
251,216,3
252,216,3
253,216,3
254,216,3
255,216,3
0,217,29
1,217,56
2,217,0
3,217,30
4,217,35
5,217,17
6,217,9
7,217,63
8,217,19
9,217,8
10,217,7
11,217,9
12,217,24
13,217,56
14,217,40
15,217,23
16,217,60
17,217,51
18,217,8
19,217,32
20,217,48
21,217,44
22,217,0
23,217,25
24,217,0
25,217,0
26,217,45
27,217,45
28,217,56
29,217,0
30,217,60
31,217,0
32,217,55
33,217,41
34,217,0
35,217,0
36,217,31
37,217,12
38,217,0
39,217,0
40,217,0
41,217,0
42,217,0
43,217,0
44,217,0
45,217,0
46,217,0
47,217,0
48,217,0
49,217,0
50,217,0
51,217,0
52,217,0
53,217,0
54,217,0
55,217,0
56,217,0
57,217,0
58,217,0
59,217,0
60,217,0
61,217,0
62,217,0
63,217,0
64,217,0
65,217,0
66,217,0
67,217,0
68,217,0
69,217,0
70,217,0
71,217,0
72,217,0
73,217,0
74,217,0
75,217,0
76,217,0
77,217,0
78,217,0
79,217,0
80,217,0
81,217,0
82,217,0
83,217,0
84,217,0
85,217,0
86,217,0
87,217,0
88,217,0
89,217,0
90,217,0
91,217,0
92,217,0
93,217,0
94,217,0
95,217,0
96,217,0
97,217,0
98,217,0
99,217,0
100,217,0
101,217,0
102,217,0
103,217,0
104,217,0
105,217,0
106,217,0
107,217,0
108,217,0
109,217,0
110,217,0
111,217,0
112,217,0
113,217,0
114,217,0
115,217,0
116,217,0
117,217,0
118,217,0
119,217,0
120,217,0
121,217,0
122,217,0
123,217,0
124,217,0
125,217,0
126,217,0
127,217,0
128,217,0
129,217,0
130,217,0
131,217,0
132,217,0
133,217,0
134,217,0
135,217,0
136,217,0
137,217,0
138,217,0
139,217,0
140,217,0
141,217,0
142,217,0
143,217,0
144,217,0
145,217,0
146,217,0
147,217,0
148,217,0
149,217,0
150,217,0
151,217,0
152,217,0
153,217,0
154,217,0
155,217,0
156,217,0
157,217,0
158,217,0
159,217,0
160,217,0
161,217,0
162,217,0
163,217,0
164,217,0
165,217,0
166,217,0
167,217,0
168,217,0
169,217,0
170,217,0
171,217,0
172,217,0
173,217,0
174,217,0
175,217,0
176,217,0
177,217,0
178,217,0
179,217,0
180,217,0
181,217,0
182,217,0
183,217,0
184,217,0
185,217,0
186,217,0
187,217,34
188,217,28
189,217,21
190,217,16
191,217,14
192,217,13
193,217,11
194,217,11
195,217,10
196,217,9
197,217,9
198,217,8
199,217,8
200,217,7
201,217,7
202,217,7
203,217,7
204,217,6
205,217,6
206,217,6
207,217,6
208,217,6
209,217,6
210,217,5
211,217,5
212,217,5
213,217,5
214,217,5
215,217,5
216,217,5
217,217,5
218,217,5
219,217,5
220,217,4
221,217,4
222,217,4
223,217,4
224,217,4
225,217,4
226,217,4
227,217,4
228,217,4
229,217,4
230,217,4
231,217,4
232,217,4
233,217,4
234,217,4
235,217,4
236,217,4
237,217,4
238,217,4
239,217,4
240,217,4
241,217,3
242,217,3
243,217,3
244,217,3
245,217,3
246,217,3
247,217,3
248,217,3
249,217,3
250,217,3
251,217,3
252,217,3
253,217,3
254,217,3
255,217,3
0,218,28
1,218,23
2,218,31
3,218,22
4,218,32
5,218,48
6,218,30
7,218,28
8,218,9
9,218,7
10,218,7
11,218,26
12,218,30
13,218,39
14,218,57
15,218,48
16,218,20
17,218,37
18,218,25
19,218,0
20,218,59
21,218,45
22,218,3
23,218,4
24,218,0
25,218,18
26,218,0
27,218,26
28,218,31
29,218,48
30,218,48
31,218,0
32,218,0
33,218,59
34,218,0
35,218,0
36,218,0
37,218,42
38,218,0
39,218,0
40,218,0
41,218,40
42,218,0
43,218,0
44,218,0
45,218,47
46,218,0
47,218,0
48,218,0
49,218,0
50,218,0
51,218,0
52,218,0
53,218,0
54,218,0
55,218,0
56,218,0
57,218,0
58,218,0
59,218,0
60,218,0
61,218,0
62,218,0
63,218,0
64,218,0
65,218,0
66,218,0
67,218,0
68,218,0
69,218,0
70,218,0
71,218,0
72,218,0
73,218,0
74,218,0
75,218,0
76,218,0
77,218,0
78,218,0
79,218,0
80,218,0
81,218,0
82,218,0
83,218,0
84,218,0
85,218,0
86,218,0
87,218,0
88,218,0
89,218,0
90,218,0
91,218,0
92,218,0
93,218,0
94,218,0
95,218,0
96,218,0
97,218,0
98,218,0
99,218,0
100,218,0
101,218,0
102,218,0
103,218,0
104,218,0
105,218,0
106,218,0
107,218,0
108,218,0
109,218,0
110,218,0
111,218,0
112,218,0
113,218,0
114,218,0
115,218,0
116,218,0
117,218,0
118,218,0
119,218,0
120,218,0
121,218,0
122,218,0
123,218,0
124,218,0
125,218,0
126,218,0
127,218,0
128,218,0
129,218,0
130,218,0
131,218,0
132,218,0
133,218,0
134,218,0
135,218,0
136,218,0
137,218,0
138,218,0
139,218,0
140,218,0
141,218,0
142,218,0
143,218,0
144,218,0
145,218,0
146,218,0
147,218,0
148,218,0
149,218,0
150,218,0
151,218,0
152,218,0
153,218,0
154,218,0
155,218,0
156,218,0
157,218,0
158,218,0
159,218,0
160,218,0
161,218,0
162,218,0
163,218,0
164,218,0
165,218,0
166,218,0
167,218,0
168,218,0
169,218,0
170,218,0
171,218,0
172,218,0
173,218,0
174,218,0
175,218,0
176,218,0
177,218,0
178,218,0
179,218,0
180,218,0
181,218,0
182,218,0
183,218,0
184,218,0
185,218,0
186,218,0
187,218,0
188,218,37
189,218,24
190,218,18
191,218,15
192,218,14
193,218,12
194,218,11
195,218,10
196,218,9
197,218,9
198,218,8
199,218,8
200,218,8
201,218,7
202,218,7
203,218,7
204,218,6
205,218,6
206,218,6
207,218,6
208,218,6
209,218,6
210,218,5
211,218,5
212,218,5
213,218,5
214,218,5
215,218,5
216,218,5
217,218,5
218,218,5
219,218,5
220,218,5
221,218,4
222,218,4
223,218,4
224,218,4
225,218,4
226,218,4
227,218,4
228,218,4
229,218,4
230,218,4
231,218,4
232,218,4
233,218,4
234,218,4
235,218,4
236,218,4
237,218,4
238,218,4
239,218,4
240,218,4
241,218,3
242,218,3
243,218,3
244,218,3
245,218,3
246,218,3
247,218,3
248,218,3
249,218,3
250,218,3
251,218,3
252,218,3
253,218,3
254,218,3
255,218,3
0,219,17
1,219,57
2,219,23
3,219,13
4,219,31
5,219,19
6,219,27
7,219,34
8,219,8
9,219,7
10,219,7
11,219,11
12,219,59
13,219,53
14,219,0
15,219,29
16,219,0
17,219,0
18,219,0
19,219,0
20,219,0
21,219,0
22,219,0
23,219,3
24,219,60
25,219,15
26,219,0
27,219,55
28,219,0
29,219,0
30,219,17
31,219,0
32,219,0
33,219,0
34,219,0
35,219,30
36,219,16
37,219,0
38,219,0
39,219,28
40,219,0
41,219,38
42,219,62
43,219,37
44,219,0
45,219,0
46,219,0
47,219,27
48,219,0
49,219,0
50,219,0
51,219,0
52,219,0
53,219,0
54,219,0
55,219,0
56,219,0
57,219,0
58,219,0
59,219,0
60,219,0
61,219,0
62,219,0
63,219,0
64,219,0
65,219,0
66,219,0
67,219,0
68,219,0
69,219,0
70,219,0
71,219,0
72,219,0
73,219,0
74,219,0
75,219,0
76,219,0
77,219,0
78,219,0
79,219,0
80,219,0
81,219,0
82,219,0
83,219,0
84,219,0
85,219,0
86,219,0
87,219,0
88,219,0
89,219,0
90,219,0
91,219,0
92,219,0
93,219,0
94,219,0
95,219,0
96,219,0
97,219,0
98,219,0
99,219,0
100,219,0
101,219,0
102,219,0
103,219,0
104,219,0
105,219,0
106,219,0
107,219,0
108,219,0
109,219,0
110,219,0
111,219,0
112,219,0
113,219,0
114,219,0
115,219,0
116,219,0
117,219,0
118,219,0
119,219,0
120,219,0
121,219,0
122,219,0
123,219,0
124,219,0
125,219,0
126,219,0
127,219,0
128,219,0
129,219,0
130,219,0
131,219,0
132,219,0
133,219,0
134,219,0
135,219,0
136,219,0
137,219,0
138,219,0
139,219,0
140,219,0
141,219,0
142,219,0
143,219,0
144,219,0
145,219,0
146,219,0
147,219,0
148,219,0
149,219,0
150,219,0
151,219,0
152,219,0
153,219,0
154,219,0
155,219,0
156,219,0
157,219,0
158,219,0
159,219,0
160,219,0
161,219,0
162,219,0
163,219,0
164,219,0
165,219,0
166,219,0
167,219,0
168,219,0
169,219,0
170,219,0
171,219,0
172,219,0
173,219,0
174,219,0
175,219,0
176,219,0
177,219,0
178,219,0
179,219,0
180,219,0
181,219,0
182,219,0
183,219,0
184,219,0
185,219,0
186,219,0
187,219,0
188,219,41
189,219,30
190,219,20
191,219,16
192,219,14
193,219,13
194,219,11
195,219,11
196,219,10
197,219,9
198,219,9
199,219,8
200,219,8
201,219,7
202,219,7
203,219,7
204,219,7
205,219,6
206,219,6
207,219,6
208,219,6
209,219,6
210,219,5
211,219,5
212,219,5
213,219,5
214,219,5
215,219,5
216,219,5
217,219,5
218,219,5
219,219,5
220,219,5
221,219,4
222,219,4
223,219,4
224,219,4
225,219,4
226,219,4
227,219,4
228,219,4
229,219,4
230,219,4
231,219,4
232,219,4
233,219,4
234,219,4
235,219,4
236,219,4
237,219,4
238,219,4
239,219,4
240,219,4
241,219,4
242,219,3
243,219,3
244,219,3
245,219,3
246,219,3
247,219,3
248,219,3
249,219,3
250,219,3
251,219,3
252,219,3
253,219,3
254,219,3
255,219,3
0,220,17
1,220,38
2,220,24
3,220,26
4,220,29
5,220,23
6,220,14
7,220,29
8,220,8
9,220,7
10,220,7
11,220,9
12,220,2
13,220,24
14,220,28
15,220,0
16,220,13
17,220,0
18,220,40
19,220,18
20,220,29
21,220,37
22,220,0
23,220,0
24,220,12
25,220,11
26,220,0
27,220,0
28,220,37
29,220,0
30,220,0
31,220,61
32,220,29
33,220,0
34,220,32
35,220,0
36,220,0
37,220,49
38,220,40
39,220,0
40,220,0
41,220,0
42,220,0
43,220,0
44,220,0
45,220,0
46,220,0
47,220,60
48,220,0
49,220,0
50,220,0
51,220,0
52,220,0
53,220,0
54,220,0
55,220,0
56,220,0
57,220,0
58,220,0
59,220,0
60,220,0
61,220,0
62,220,0
63,220,0
64,220,0
65,220,0
66,220,0
67,220,0
68,220,0
69,220,0
70,220,0
71,220,0
72,220,0
73,220,0
74,220,0
75,220,0
76,220,0
77,220,0
78,220,0
79,220,0
80,220,0
81,220,0
82,220,0
83,220,0
84,220,0
85,220,0
86,220,0
87,220,0
88,220,0
89,220,0
90,220,0
91,220,0
92,220,0
93,220,0
94,220,0
95,220,0
96,220,0
97,220,0
98,220,0
99,220,0
100,220,0
101,220,0
102,220,0
103,220,0
104,220,0
105,220,0
106,220,0
107,220,0
108,220,0
109,220,0
110,220,0
111,220,0
112,220,0
113,220,0
114,220,0
115,220,0
116,220,0
117,220,0
118,220,0
119,220,0
120,220,0
121,220,0
122,220,0
123,220,0
124,220,0
125,220,0
126,220,0
127,220,0
128,220,0
129,220,0
130,220,0
131,220,0
132,220,0
133,220,0
134,220,0
135,220,0
136,220,0
137,220,0
138,220,0
139,220,0
140,220,0
141,220,0
142,220,0
143,220,0
144,220,0
145,220,0
146,220,0
147,220,0
148,220,0
149,220,0
150,220,0
151,220,0
152,220,0
153,220,0
154,220,0
155,220,0
156,220,0
157,220,0
158,220,0
159,220,0
160,220,0
161,220,0
162,220,0
163,220,0
164,220,0
165,220,0
166,220,0
167,220,0
168,220,0
169,220,0
170,220,0
171,220,0
172,220,0
173,220,0
174,220,0
175,220,0
176,220,0
177,220,0
178,220,0
179,220,0
180,220,0
181,220,0
182,220,0
183,220,0
184,220,0
185,220,0
186,220,0
187,220,0
188,220,0
189,220,42
190,220,24
191,220,18
192,220,15
193,220,14
194,220,12
195,220,11
196,220,10
197,220,9
198,220,9
199,220,8
200,220,8
201,220,8
202,220,7
203,220,7
204,220,7
205,220,6
206,220,6
207,220,6
208,220,6
209,220,6
210,220,6
211,220,5
212,220,5
213,220,5
214,220,5
215,220,5
216,220,5
217,220,5
218,220,5
219,220,5
220,220,5
221,220,5
222,220,4
223,220,4
224,220,4
225,220,4
226,220,4
227,220,4
228,220,4
229,220,4
230,220,4
231,220,4
232,220,4
233,220,4
234,220,4
235,220,4
236,220,4
237,220,4
238,220,4
239,220,4
240,220,4
241,220,4
242,220,4
243,220,3
244,220,3
245,220,3
246,220,3
247,220,3
248,220,3
249,220,3
250,220,3
251,220,3
252,220,3
253,220,3
254,220,3
255,220,3
0,221,10
1,221,14
2,221,23
3,221,18
4,221,44
5,221,16
6,221,50
7,221,24
8,221,8
9,221,7
10,221,8
11,221,41
12,221,0
13,221,56
14,221,59
15,221,24
16,221,51
17,221,35
18,221,42
19,221,28
20,221,0
21,221,6
22,221,29
23,221,12
24,221,11
25,221,10
26,221,0
27,221,0
28,221,57
29,221,25
30,221,0
31,221,0
32,221,0
33,221,0
34,221,0
35,221,61
36,221,5
37,221,0
38,221,0
39,221,0
40,221,0
41,221,0
42,221,55
43,221,0
44,221,16
45,221,0
46,221,0
47,221,0
48,221,0
49,221,0
50,221,0
51,221,0
52,221,0
53,221,0
54,221,0
55,221,0
56,221,0
57,221,0
58,221,0
59,221,0
60,221,0
61,221,0
62,221,0
63,221,0
64,221,0
65,221,0
66,221,0
67,221,0
68,221,0
69,221,0
70,221,0
71,221,0
72,221,0
73,221,0
74,221,0
75,221,0
76,221,0
77,221,0
78,221,0
79,221,0
80,221,0
81,221,0
82,221,0
83,221,0
84,221,0
85,221,0
86,221,0
87,221,0
88,221,0
89,221,0
90,221,0
91,221,0
92,221,0
93,221,0
94,221,0
95,221,0
96,221,0
97,221,0
98,221,0
99,221,0
100,221,0
101,221,0
102,221,0
103,221,0
104,221,0
105,221,0
106,221,0
107,221,0
108,221,0
109,221,0
110,221,0
111,221,0
112,221,0
113,221,0
114,221,0
115,221,0
116,221,0
117,221,0
118,221,0
119,221,0
120,221,0
121,221,0
122,221,0
123,221,0
124,221,0
125,221,0
126,221,0
127,221,0
128,221,0
129,221,0
130,221,0
131,221,0
132,221,0
133,221,0
134,221,0
135,221,0
136,221,0
137,221,0
138,221,0
139,221,0
140,221,0
141,221,0
142,221,0
143,221,0
144,221,0
145,221,0
146,221,0
147,221,0
148,221,0
149,221,0
150,221,0
151,221,0
152,221,0
153,221,0
154,221,0
155,221,0
156,221,0
157,221,0
158,221,0
159,221,0
160,221,0
161,221,0
162,221,0
163,221,0
164,221,0
165,221,0
166,221,0
167,221,0
168,221,0
169,221,0
170,221,0
171,221,0
172,221,0
173,221,0
174,221,0
175,221,0
176,221,0
177,221,0
178,221,0
179,221,0
180,221,0
181,221,0
182,221,0
183,221,0
184,221,0
185,221,0
186,221,0
187,221,0
188,221,0
189,221,0
190,221,29
191,221,20
192,221,17
193,221,14
194,221,13
195,221,11
196,221,10
197,221,10
198,221,9
199,221,9
200,221,8
201,221,8
202,221,7
203,221,7
204,221,7
205,221,7
206,221,6
207,221,6
208,221,6
209,221,6
210,221,6
211,221,5
212,221,5
213,221,5
214,221,5
215,221,5
216,221,5
217,221,5
218,221,5
219,221,5
220,221,5
221,221,5
222,221,4
223,221,4
224,221,4
225,221,4
226,221,4
227,221,4
228,221,4
229,221,4
230,221,4
231,221,4
232,221,4
233,221,4
234,221,4
235,221,4
236,221,4
237,221,4
238,221,4
239,221,4
240,221,4
241,221,4
242,221,4
243,221,3
244,221,3
245,221,3
246,221,3
247,221,3
248,221,3
249,221,3
250,221,3
251,221,3
252,221,3
253,221,3
254,221,3
255,221,3
0,222,9
1,222,18
2,222,20
3,222,54
4,222,28
5,222,19
6,222,9
7,222,10
8,222,7
9,222,7
10,222,8
11,222,14
12,222,20
13,222,0
14,222,45
15,222,24
16,222,51
17,222,0
18,222,33
19,222,57
20,222,12
21,222,0
22,222,0
23,222,23
24,222,23
25,222,10
26,222,11
27,222,37
28,222,18
29,222,0
30,222,0
31,222,58
32,222,0
33,222,0
34,222,0
35,222,0
36,222,49
37,222,0
38,222,0
39,222,0
40,222,40
41,222,0
42,222,0
43,222,0
44,222,0
45,222,0
46,222,0
47,222,0
48,222,0
49,222,0
50,222,0
51,222,0
52,222,0
53,222,33
54,222,0
55,222,0
56,222,0
57,222,0
58,222,0
59,222,0
60,222,0
61,222,0
62,222,0
63,222,0
64,222,0
65,222,0
66,222,0
67,222,0
68,222,0
69,222,0
70,222,0
71,222,0
72,222,0
73,222,0
74,222,0
75,222,0
76,222,0
77,222,0
78,222,0
79,222,0
80,222,0
81,222,0
82,222,0
83,222,0
84,222,0
85,222,0
86,222,0
87,222,0
88,222,0
89,222,0
90,222,0
91,222,0
92,222,0
93,222,0
94,222,0
95,222,0
96,222,0
97,222,0
98,222,0
99,222,0
100,222,0
101,222,0
102,222,0
103,222,0
104,222,0
105,222,0
106,222,0
107,222,0
108,222,0
109,222,0
110,222,0
111,222,0
112,222,0
113,222,0
114,222,0
115,222,0
116,222,0
117,222,0
118,222,0
119,222,0
120,222,0
121,222,0
122,222,0
123,222,0
124,222,0
125,222,0
126,222,0
127,222,0
128,222,0
129,222,0
130,222,0
131,222,0
132,222,0
133,222,0
134,222,0
135,222,0
136,222,0
137,222,0
138,222,0
139,222,0
140,222,0
141,222,0
142,222,0
143,222,0
144,222,0
145,222,0
146,222,0
147,222,0
148,222,0
149,222,0
150,222,0
151,222,0
152,222,0
153,222,0
154,222,0
155,222,0
156,222,0
157,222,0
158,222,0
159,222,0
160,222,0
161,222,0
162,222,0
163,222,0
164,222,0
165,222,0
166,222,0
167,222,0
168,222,0
169,222,0
170,222,0
171,222,0
172,222,0
173,222,0
174,222,0
175,222,0
176,222,0
177,222,0
178,222,0
179,222,0
180,222,0
181,222,0
182,222,0
183,222,0
184,222,0
185,222,0
186,222,0
187,222,0
188,222,0
189,222,0
190,222,42
191,222,24
192,222,19
193,222,15
194,222,13
195,222,12
196,222,11
197,222,10
198,222,9
199,222,9
200,222,8
201,222,8
202,222,8
203,222,7
204,222,7
205,222,7
206,222,6
207,222,6
208,222,6
209,222,6
210,222,6
211,222,6
212,222,5
213,222,5
214,222,5
215,222,5
216,222,5
217,222,5
218,222,5
219,222,5
220,222,5
221,222,5
222,222,5
223,222,4
224,222,4
225,222,4
226,222,4
227,222,4
228,222,4
229,222,4
230,222,4
231,222,4
232,222,4
233,222,4
234,222,4
235,222,4
236,222,4
237,222,4
238,222,4
239,222,4
240,222,4
241,222,4
242,222,4
243,222,4
244,222,3
245,222,3
246,222,3
247,222,3
248,222,3
249,222,3
250,222,3
251,222,3
252,222,3
253,222,3
254,222,3
255,222,3
0,223,12
1,223,63
2,223,34
3,223,35
4,223,26
5,223,0
6,223,13
7,223,8
8,223,7
9,223,7
10,223,9
11,223,0
12,223,12
13,223,15
14,223,5
15,223,45
16,223,26
17,223,7
18,223,56
19,223,46
20,223,44
21,223,49
22,223,22
23,223,30
24,223,0
25,223,10
26,223,10
27,223,40
28,223,25
29,223,0
30,223,19
31,223,0
32,223,0
33,223,39
34,223,1
35,223,0
36,223,21
37,223,0
38,223,1
39,223,0
40,223,0
41,223,0
42,223,58
43,223,31
44,223,57
45,223,0
46,223,0
47,223,0
48,223,0
49,223,0
50,223,0
51,223,42
52,223,18
53,223,0
54,223,0
55,223,0
56,223,0
57,223,0
58,223,0
59,223,0
60,223,0
61,223,0
62,223,0
63,223,0
64,223,0
65,223,0
66,223,0
67,223,0
68,223,0
69,223,0
70,223,0
71,223,0
72,223,0
73,223,0
74,223,0
75,223,0
76,223,0
77,223,0
78,223,0
79,223,0
80,223,0
81,223,0
82,223,0
83,223,0
84,223,0
85,223,0
86,223,0
87,223,0
88,223,0
89,223,0
90,223,0
91,223,0
92,223,0
93,223,0
94,223,0
95,223,0
96,223,0
97,223,0
98,223,0
99,223,0
100,223,0
101,223,0
102,223,0
103,223,0
104,223,0
105,223,0
106,223,0
107,223,0
108,223,0
109,223,0
110,223,0
111,223,0
112,223,0
113,223,0
114,223,0
115,223,0
116,223,0
117,223,0
118,223,0
119,223,0
120,223,0
121,223,0
122,223,0
123,223,0
124,223,0
125,223,0
126,223,0
127,223,0
128,223,0
129,223,0
130,223,0
131,223,0
132,223,0
133,223,0
134,223,0
135,223,0
136,223,0
137,223,0
138,223,0
139,223,0
140,223,0
141,223,0
142,223,0
143,223,0
144,223,0
145,223,0
146,223,0
147,223,0
148,223,0
149,223,0
150,223,0
151,223,0
152,223,0
153,223,0
154,223,0
155,223,0
156,223,0
157,223,0
158,223,0
159,223,0
160,223,0
161,223,0
162,223,0
163,223,0
164,223,0
165,223,0
166,223,0
167,223,0
168,223,0
169,223,0
170,223,0
171,223,0
172,223,0
173,223,0
174,223,0
175,223,0
176,223,0
177,223,0
178,223,0
179,223,0
180,223,0
181,223,0
182,223,0
183,223,0
184,223,0
185,223,0
186,223,0
187,223,0
188,223,0
189,223,0
190,223,0
191,223,30
192,223,21
193,223,17
194,223,14
195,223,12
196,223,11
197,223,10
198,223,10
199,223,9
200,223,9
201,223,8
202,223,8
203,223,7
204,223,7
205,223,7
206,223,7
207,223,6
208,223,6
209,223,6
210,223,6
211,223,6
212,223,5
213,223,5
214,223,5
215,223,5
216,223,5
217,223,5
218,223,5
219,223,5
220,223,5
221,223,5
222,223,5
223,223,4
224,223,4
225,223,4
226,223,4
227,223,4
228,223,4
229,223,4
230,223,4
231,223,4
232,223,4
233,223,4
234,223,4
235,223,4
236,223,4
237,223,4
238,223,4
239,223,4
240,223,4
241,223,4
242,223,4
243,223,4
244,223,3
245,223,3
246,223,3
247,223,3
248,223,3
249,223,3
250,223,3
251,223,3
252,223,3
253,223,3
254,223,3
255,223,3
0,224,37
1,224,18
2,224,32
3,224,36
4,224,13
5,224,0
6,224,48
7,224,8
8,224,7
9,224,7
10,224,9
11,224,16
12,224,12
13,224,16
14,224,0
15,224,58
16,224,55
17,224,54
18,224,8
19,224,48
20,224,48
21,224,0
22,224,0
23,224,27
24,224,45
25,224,11
26,224,9
27,224,4
28,224,32
29,224,0
30,224,14
31,224,0
32,224,0
33,224,0
34,224,0
35,224,28
36,224,15
37,224,49
38,224,0
39,224,0
40,224,0
41,224,0
42,224,0
43,224,0
44,224,0
45,224,0
46,224,0
47,224,0
48,224,0
49,224,0
50,224,0
51,224,0
52,224,0
53,224,0
54,224,0
55,224,0
56,224,0
57,224,0
58,224,0
59,224,0
60,224,0
61,224,0
62,224,0
63,224,0
64,224,0
65,224,0
66,224,0
67,224,0
68,224,0
69,224,0
70,224,0
71,224,0
72,224,0
73,224,0
74,224,0
75,224,0
76,224,0
77,224,0
78,224,0
79,224,0
80,224,0
81,224,0
82,224,0
83,224,0
84,224,0
85,224,0
86,224,0
87,224,0
88,224,0
89,224,0
90,224,0
91,224,0
92,224,0
93,224,0
94,224,0
95,224,0
96,224,0
97,224,0
98,224,0
99,224,0
100,224,0
101,224,0
102,224,0
103,224,0
104,224,0
105,224,0
106,224,0
107,224,0
108,224,0
109,224,0
110,224,0
111,224,0
112,224,0
113,224,0
114,224,0
115,224,0
116,224,0
117,224,0
118,224,0
119,224,0
120,224,0
121,224,0
122,224,0
123,224,0
124,224,0
125,224,0
126,224,0
127,224,0
128,224,0
129,224,0
130,224,0
131,224,0
132,224,0
133,224,0
134,224,0
135,224,0
136,224,0
137,224,0
138,224,0
139,224,0
140,224,0
141,224,0
142,224,0
143,224,0
144,224,0
145,224,0
146,224,0
147,224,0
148,224,0
149,224,0
150,224,0
151,224,0
152,224,0
153,224,0
154,224,0
155,224,0
156,224,0
157,224,0
158,224,0
159,224,0
160,224,0
161,224,0
162,224,0
163,224,0
164,224,0
165,224,0
166,224,0
167,224,0
168,224,0
169,224,0
170,224,0
171,224,0
172,224,0
173,224,0
174,224,0
175,224,0
176,224,0
177,224,0
178,224,0
179,224,0
180,224,0
181,224,0
182,224,0
183,224,0
184,224,0
185,224,0
186,224,0
187,224,0
188,224,0
189,224,0
190,224,0
191,224,44
192,224,25
193,224,19
194,224,15
195,224,13
196,224,12
197,224,11
198,224,10
199,224,9
200,224,9
201,224,8
202,224,8
203,224,8
204,224,7
205,224,7
206,224,7
207,224,6
208,224,6
209,224,6
210,224,6
211,224,6
212,224,6
213,224,5
214,224,5
215,224,5
216,224,5
217,224,5
218,224,5
219,224,5
220,224,5
221,224,5
222,224,5
223,224,5
224,224,4
225,224,4
226,224,4
227,224,4
228,224,4
229,224,4
230,224,4
231,224,4
232,224,4
233,224,4
234,224,4
235,224,4
236,224,4
237,224,4
238,224,4
239,224,4
240,224,4
241,224,4
242,224,4
243,224,4
244,224,4
245,224,3
246,224,3
247,224,3
248,224,3
249,224,3
250,224,3
251,224,3
252,224,3
253,224,3
254,224,3
255,224,3
0,225,10
1,225,40
2,225,24
3,225,51
4,225,11
5,225,47
6,225,10
7,225,7
8,225,7
9,225,8
10,225,33
11,225,36
12,225,48
13,225,0
14,225,40
15,225,29
16,225,32
17,225,31
18,225,21
19,225,0
20,225,45
21,225,1
22,225,38
23,225,7
24,225,8
25,225,0
26,225,10
27,225,11
28,225,29
29,225,7
30,225,43
31,225,41
32,225,0
33,225,0
34,225,0
35,225,25
36,225,44
37,225,0
38,225,0
39,225,0
40,225,35
41,225,0
42,225,0
43,225,0
44,225,26
45,225,0
46,225,41
47,225,0
48,225,0
49,225,0
50,225,55
51,225,0
52,225,57
53,225,21
54,225,0
55,225,0
56,225,0
57,225,0
58,225,0
59,225,0
60,225,0
61,225,0
62,225,0
63,225,0
64,225,0
65,225,0
66,225,0
67,225,0
68,225,0
69,225,0
70,225,0
71,225,0
72,225,0
73,225,0
74,225,0
75,225,0
76,225,0
77,225,0
78,225,0
79,225,0
80,225,0
81,225,0
82,225,0
83,225,0
84,225,0
85,225,0
86,225,0
87,225,0
88,225,0
89,225,0
90,225,0
91,225,0
92,225,0
93,225,0
94,225,0
95,225,0
96,225,0
97,225,0
98,225,0
99,225,0
100,225,0
101,225,0
102,225,0
103,225,0
104,225,0
105,225,0
106,225,0
107,225,0
108,225,0
109,225,0
110,225,0
111,225,0
112,225,0
113,225,0
114,225,0
115,225,0
116,225,0
117,225,0
118,225,0
119,225,0
120,225,0
121,225,0
122,225,0
123,225,0
124,225,0
125,225,0
126,225,0
127,225,0
128,225,0
129,225,0
130,225,0
131,225,0
132,225,0
133,225,0
134,225,0
135,225,0
136,225,0
137,225,0
138,225,0
139,225,0
140,225,0
141,225,0
142,225,0
143,225,0
144,225,0
145,225,0
146,225,0
147,225,0
148,225,0
149,225,0
150,225,0
151,225,0
152,225,0
153,225,0
154,225,0
155,225,0
156,225,0
157,225,0
158,225,0
159,225,0
160,225,0
161,225,0
162,225,0
163,225,0
164,225,0
165,225,0
166,225,0
167,225,0
168,225,0
169,225,0
170,225,0
171,225,0
172,225,0
173,225,0
174,225,0
175,225,0
176,225,0
177,225,0
178,225,0
179,225,0
180,225,0
181,225,0
182,225,0
183,225,0
184,225,0
185,225,0
186,225,0
187,225,0
188,225,0
189,225,0
190,225,0
191,225,0
192,225,31
193,225,21
194,225,17
195,225,14
196,225,13
197,225,11
198,225,10
199,225,10
200,225,9
201,225,9
202,225,8
203,225,8
204,225,7
205,225,7
206,225,7
207,225,7
208,225,6
209,225,6
210,225,6
211,225,6
212,225,6
213,225,5
214,225,5
215,225,5
216,225,5
217,225,5
218,225,5
219,225,5
220,225,5
221,225,5
222,225,5
223,225,5
224,225,4
225,225,4
226,225,4
227,225,4
228,225,4
229,225,4
230,225,4
231,225,4
232,225,4
233,225,4
234,225,4
235,225,4
236,225,4
237,225,4
238,225,4
239,225,4
240,225,4
241,225,4
242,225,4
243,225,4
244,225,4
245,225,4
246,225,3
247,225,3
248,225,3
249,225,3
250,225,3
251,225,3
252,225,3
253,225,3
254,225,3
255,225,3
0,226,23
1,226,13
2,226,20
3,226,30
4,226,9
5,226,9
6,226,8
7,226,7
8,226,7
9,226,8
10,226,35
11,226,61
12,226,26
13,226,17
14,226,41
15,226,19
16,226,13
17,226,38
18,226,33
19,226,6
20,226,35
21,226,40
22,226,0
23,226,54
24,226,47
25,226,0
26,226,11
27,226,11
28,226,13
29,226,51
30,226,54
31,226,35
32,226,26
33,226,6
34,226,0
35,226,26
36,226,0
37,226,0
38,226,0
39,226,31
40,226,24
41,226,0
42,226,50
43,226,0
44,226,53
45,226,13
46,226,48
47,226,53
48,226,0
49,226,0
50,226,57
51,226,0
52,226,36
53,226,0
54,226,0
55,226,0
56,226,0
57,226,0
58,226,0
59,226,0
60,226,0
61,226,0
62,226,0
63,226,0
64,226,0
65,226,0
66,226,0
67,226,0
68,226,0
69,226,0
70,226,0
71,226,0
72,226,0
73,226,0
74,226,0
75,226,0
76,226,0
77,226,0
78,226,0
79,226,0
80,226,0
81,226,0
82,226,0
83,226,0
84,226,0
85,226,0
86,226,0
87,226,0
88,226,0
89,226,0
90,226,0
91,226,0
92,226,0
93,226,0
94,226,0
95,226,0
96,226,0
97,226,0
98,226,0
99,226,0
100,226,0
101,226,0
102,226,0
103,226,0
104,226,0
105,226,0
106,226,0
107,226,0
108,226,0
109,226,0
110,226,0
111,226,0
112,226,0
113,226,0
114,226,0
115,226,0
116,226,0
117,226,0
118,226,0
119,226,0
120,226,0
121,226,0
122,226,0
123,226,0
124,226,0
125,226,0
126,226,0
127,226,0
128,226,0
129,226,0
130,226,0
131,226,0
132,226,0
133,226,0
134,226,0
135,226,0
136,226,0
137,226,0
138,226,0
139,226,0
140,226,0
141,226,0
142,226,0
143,226,0
144,226,0
145,226,0
146,226,0
147,226,0
148,226,0
149,226,0
150,226,0
151,226,0
152,226,0
153,226,0
154,226,0
155,226,0
156,226,0
157,226,0
158,226,0
159,226,0
160,226,0
161,226,0
162,226,0
163,226,0
164,226,0
165,226,0
166,226,0
167,226,0
168,226,0
169,226,0
170,226,0
171,226,0
172,226,0
173,226,0
174,226,0
175,226,0
176,226,0
177,226,0
178,226,0
179,226,0
180,226,0
181,226,0
182,226,0
183,226,0
184,226,0
185,226,0
186,226,0
187,226,0
188,226,0
189,226,0
190,226,0
191,226,0
192,226,48
193,226,25
194,226,19
195,226,15
196,226,13
197,226,12
198,226,11
199,226,10
200,226,9
201,226,9
202,226,8
203,226,8
204,226,8
205,226,7
206,226,7
207,226,7
208,226,6
209,226,6
210,226,6
211,226,6
212,226,6
213,226,5
214,226,5
215,226,5
216,226,5
217,226,5
218,226,5
219,226,5
220,226,5
221,226,5
222,226,5
223,226,5
224,226,5
225,226,4
226,226,4
227,226,4
228,226,4
229,226,4
230,226,4
231,226,4
232,226,4
233,226,4
234,226,4
235,226,4
236,226,4
237,226,4
238,226,4
239,226,4
240,226,4
241,226,4
242,226,4
243,226,4
244,226,4
245,226,4
246,226,3
247,226,3
248,226,3
249,226,3
250,226,3
251,226,3
252,226,3
253,226,3
254,226,3
255,226,3
0,227,20
1,227,18
2,227,19
3,227,36
4,227,10
5,227,9
6,227,8
7,227,7
8,227,7
9,227,8
10,227,45
11,227,26
12,227,24
13,227,15
14,227,14
15,227,39
16,227,39
17,227,54
18,227,33
19,227,12
20,227,17
21,227,53
22,227,31
23,227,0
24,227,31
25,227,12
26,227,50
27,227,19
28,227,1
29,227,29
30,227,24
31,227,34
32,227,0
33,227,40
34,227,52
35,227,57
36,227,0
37,227,55
38,227,18
39,227,17
40,227,34
41,227,0
42,227,16
43,227,45
44,227,35
45,227,0
46,227,36
47,227,61
48,227,36
49,227,0
50,227,28
51,227,2
52,227,0
53,227,0
54,227,0
55,227,0
56,227,24
57,227,0
58,227,32
59,227,0
60,227,0
61,227,0
62,227,0
63,227,0
64,227,0
65,227,0
66,227,0
67,227,0
68,227,0
69,227,0
70,227,0
71,227,0
72,227,0
73,227,0
74,227,0
75,227,0
76,227,0
77,227,0
78,227,0
79,227,0
80,227,0
81,227,0
82,227,0
83,227,0
84,227,0
85,227,0
86,227,0
87,227,0
88,227,0
89,227,0
90,227,0
91,227,0
92,227,0
93,227,0
94,227,0
95,227,0
96,227,0
97,227,0
98,227,0
99,227,0
100,227,0
101,227,0
102,227,0
103,227,0
104,227,0
105,227,0
106,227,0
107,227,0
108,227,0
109,227,0
110,227,0
111,227,0
112,227,0
113,227,0
114,227,0
115,227,0
116,227,0
117,227,0
118,227,0
119,227,0
120,227,0
121,227,0
122,227,0
123,227,0
124,227,0
125,227,0
126,227,0
127,227,0
128,227,0
129,227,0
130,227,0
131,227,0
132,227,0
133,227,0
134,227,0
135,227,0
136,227,0
137,227,0
138,227,0
139,227,0
140,227,0
141,227,0
142,227,0
143,227,0
144,227,0
145,227,0
146,227,0
147,227,0
148,227,0
149,227,0
150,227,0
151,227,0
152,227,0
153,227,0
154,227,0
155,227,0
156,227,0
157,227,0
158,227,0
159,227,0
160,227,0
161,227,0
162,227,0
163,227,0
164,227,0
165,227,0
166,227,0
167,227,0
168,227,0
169,227,0
170,227,0
171,227,0
172,227,0
173,227,0
174,227,0
175,227,0
176,227,0
177,227,0
178,227,0
179,227,0
180,227,0
181,227,0
182,227,0
183,227,0
184,227,0
185,227,0
186,227,0
187,227,0
188,227,0
189,227,0
190,227,0
191,227,0
192,227,0
193,227,32
194,227,22
195,227,17
196,227,14
197,227,13
198,227,11
199,227,10
200,227,10
201,227,9
202,227,9
203,227,8
204,227,8
205,227,7
206,227,7
207,227,7
208,227,7
209,227,6
210,227,6
211,227,6
212,227,6
213,227,6
214,227,5
215,227,5
216,227,5
217,227,5
218,227,5
219,227,5
220,227,5
221,227,5
222,227,5
223,227,5
224,227,5
225,227,5
226,227,4
227,227,4
228,227,4
229,227,4
230,227,4
231,227,4
232,227,4
233,227,4
234,227,4
235,227,4
236,227,4
237,227,4
238,227,4
239,227,4
240,227,4
241,227,4
242,227,4
243,227,4
244,227,4
245,227,4
246,227,4
247,227,3
248,227,3
249,227,3
250,227,3
251,227,3
252,227,3
253,227,3
254,227,3
255,227,3
0,228,23
1,228,24
2,228,32
3,228,11
4,228,32
5,228,13
6,228,8
7,228,7
8,228,8
9,228,9
10,228,46
11,228,13
12,228,21
13,228,46
14,228,23
15,228,60
16,228,27
17,228,28
18,228,43
19,228,3
20,228,18
21,228,30
22,228,36
23,228,40
24,228,27
25,228,26
26,228,60
27,228,33
28,228,49
29,228,20
30,228,39
31,228,19
32,228,52
33,228,38
34,228,60
35,228,18
36,228,2
37,228,0
38,228,27
39,228,0
40,228,28
41,228,0
42,228,0
43,228,27
44,228,0
45,228,4
46,228,0
47,228,34
48,228,34
49,228,0
50,228,0
51,228,34
52,228,0
53,228,0
54,228,0
55,228,11
56,228,0
57,228,0
58,228,0
59,228,21
60,228,0
61,228,0
62,228,0
63,228,56
64,228,0
65,228,0
66,228,0
67,228,0
68,228,0
69,228,0
70,228,0
71,228,0
72,228,0
73,228,0
74,228,0
75,228,0
76,228,0
77,228,0
78,228,0
79,228,0
80,228,0
81,228,0
82,228,0
83,228,0
84,228,0
85,228,0
86,228,0
87,228,0
88,228,0
89,228,0
90,228,0
91,228,0
92,228,0
93,228,0
94,228,0
95,228,0
96,228,0
97,228,0
98,228,0
99,228,0
100,228,0
101,228,0
102,228,0
103,228,0
104,228,0
105,228,0
106,228,0
107,228,0
108,228,0
109,228,0
110,228,0
111,228,0
112,228,0
113,228,0
114,228,0
115,228,0
116,228,0
117,228,0
118,228,0
119,228,0
120,228,0
121,228,0
122,228,0
123,228,0
124,228,0
125,228,0
126,228,0
127,228,0
128,228,0
129,228,0
130,228,0
131,228,0
132,228,0
133,228,0
134,228,0
135,228,0
136,228,0
137,228,0
138,228,0
139,228,0
140,228,0
141,228,0
142,228,0
143,228,0
144,228,0
145,228,0
146,228,0
147,228,0
148,228,0
149,228,0
150,228,0
151,228,0
152,228,0
153,228,0
154,228,0
155,228,0
156,228,0
157,228,0
158,228,0
159,228,0
160,228,0
161,228,0
162,228,0
163,228,0
164,228,0
165,228,0
166,228,0
167,228,0
168,228,0
169,228,0
170,228,0
171,228,0
172,228,0
173,228,0
174,228,0
175,228,0
176,228,0
177,228,0
178,228,0
179,228,0
180,228,0
181,228,0
182,228,0
183,228,0
184,228,0
185,228,0
186,228,0
187,228,0
188,228,0
189,228,0
190,228,0
191,228,0
192,228,0
193,228,55
194,228,26
195,228,19
196,228,16
197,228,13
198,228,12
199,228,11
200,228,10
201,228,9
202,228,9
203,228,8
204,228,8
205,228,8
206,228,7
207,228,7
208,228,7
209,228,6
210,228,6
211,228,6
212,228,6
213,228,6
214,228,5
215,228,5
216,228,5
217,228,5
218,228,5
219,228,5
220,228,5
221,228,5
222,228,5
223,228,5
224,228,5
225,228,5
226,228,4
227,228,4
228,228,4
229,228,4
230,228,4
231,228,4
232,228,4
233,228,4
234,228,4
235,228,4
236,228,4
237,228,4
238,228,4
239,228,4
240,228,4
241,228,4
242,228,4
243,228,4
244,228,4
245,228,4
246,228,4
247,228,3
248,228,3
249,228,3
250,228,3
251,228,3
252,228,3
253,228,3
254,228,3
255,228,3
0,229,13
1,229,15
2,229,18
3,229,25
4,229,26
5,229,44
6,229,8
7,229,8
8,229,9
9,229,9
10,229,10
11,229,12
12,229,32
13,229,53
14,229,44
15,229,39
16,229,14
17,229,41
18,229,36
19,229,16
20,229,54
21,229,26
22,229,0
23,229,4
24,229,37
25,229,54
26,229,0
27,229,27
28,229,22
29,229,37
30,229,0
31,229,27
32,229,59
33,229,22
34,229,15
35,229,0
36,229,19
37,229,50
38,229,0
39,229,57
40,229,42
41,229,42
42,229,0
43,229,43
44,229,0
45,229,0
46,229,0
47,229,0
48,229,15
49,229,0
50,229,0
51,229,58
52,229,22
53,229,40
54,229,0
55,229,37
56,229,0
57,229,0
58,229,33
59,229,40
60,229,0
61,229,0
62,229,0
63,229,0
64,229,25
65,229,0
66,229,0
67,229,20
68,229,0
69,229,0
70,229,0
71,229,0
72,229,0
73,229,0
74,229,0
75,229,0
76,229,0
77,229,0
78,229,0
79,229,0
80,229,0
81,229,0
82,229,0
83,229,0
84,229,0
85,229,0
86,229,0
87,229,0
88,229,0
89,229,0
90,229,0
91,229,0
92,229,0
93,229,0
94,229,0
95,229,0
96,229,0
97,229,0
98,229,0
99,229,0
100,229,0
101,229,0
102,229,0
103,229,0
104,229,0
105,229,0
106,229,0
107,229,0
108,229,0
109,229,0
110,229,0
111,229,0
112,229,0
113,229,0
114,229,0
115,229,0
116,229,0
117,229,0
118,229,0
119,229,0
120,229,0
121,229,0
122,229,0
123,229,0
124,229,0
125,229,0
126,229,0
127,229,0
128,229,0
129,229,0
130,229,0
131,229,0
132,229,0
133,229,0
134,229,0
135,229,0
136,229,0
137,229,0
138,229,0
139,229,0
140,229,0
141,229,0
142,229,0
143,229,0
144,229,0
145,229,0
146,229,0
147,229,0
148,229,0
149,229,0
150,229,0
151,229,0
152,229,0
153,229,0
154,229,0
155,229,0
156,229,0
157,229,0
158,229,0
159,229,0
160,229,0
161,229,0
162,229,0
163,229,0
164,229,0
165,229,0
166,229,0
167,229,0
168,229,0
169,229,0
170,229,0
171,229,0
172,229,0
173,229,0
174,229,0
175,229,0
176,229,0
177,229,0
178,229,0
179,229,0
180,229,0
181,229,0
182,229,0
183,229,0
184,229,0
185,229,0
186,229,0
187,229,0
188,229,0
189,229,0
190,229,0
191,229,0
192,229,0
193,229,0
194,229,34
195,229,22
196,229,17
197,229,14
198,229,13
199,229,11
200,229,10
201,229,10
202,229,9
203,229,9
204,229,8
205,229,8
206,229,8
207,229,7
208,229,7
209,229,7
210,229,6
211,229,6
212,229,6
213,229,6
214,229,6
215,229,5
216,229,5
217,229,5
218,229,5
219,229,5
220,229,5
221,229,5
222,229,5
223,229,5
224,229,5
225,229,5
226,229,5
227,229,4
228,229,4
229,229,4
230,229,4
231,229,4
232,229,4
233,229,4
234,229,4
235,229,4
236,229,4
237,229,4
238,229,4
239,229,4
240,229,4
241,229,4
242,229,4
243,229,4
244,229,4
245,229,4
246,229,4
247,229,4
248,229,3
249,229,3
250,229,3
251,229,3
252,229,3
253,229,3
254,229,3
255,229,3
0,230,24
1,230,18
2,230,18
3,230,23
4,230,16
5,230,14
6,230,8
7,230,9
8,230,10
9,230,9
10,230,9
11,230,22
12,230,16
13,230,50
14,230,35
15,230,42
16,230,33
17,230,19
18,230,0
19,230,17
20,230,23
21,230,38
22,230,24
23,230,19
24,230,0
25,230,19
26,230,10
27,230,13
28,230,16
29,230,61
30,230,44
31,230,58
32,230,0
33,230,28
34,230,31
35,230,53
36,230,0
37,230,13
38,230,0
39,230,32
40,230,0
41,230,0
42,230,13
43,230,49
44,230,9
45,230,21
46,230,0
47,230,0
48,230,18
49,230,60
50,230,0
51,230,43
52,230,0
53,230,7
54,230,51
55,230,0
56,230,0
57,230,0
58,230,0
59,230,0
60,230,21
61,230,19
62,230,0
63,230,0
64,230,0
65,230,0
66,230,0
67,230,0
68,230,0
69,230,0
70,230,0
71,230,0
72,230,0
73,230,0
74,230,0
75,230,0
76,230,0
77,230,0
78,230,0
79,230,0
80,230,0
81,230,0
82,230,0
83,230,0
84,230,0
85,230,0
86,230,0
87,230,0
88,230,0
89,230,0
90,230,0
91,230,0
92,230,0
93,230,0
94,230,0
95,230,0
96,230,0
97,230,0
98,230,0
99,230,0
100,230,0
101,230,0
102,230,0
103,230,0
104,230,0
105,230,0
106,230,0
107,230,0
108,230,0
109,230,0
110,230,0
111,230,0
112,230,0
113,230,0
114,230,0
115,230,0
116,230,0
117,230,0
118,230,0
119,230,0
120,230,0
121,230,0
122,230,0
123,230,0
124,230,0
125,230,0
126,230,0
127,230,0
128,230,0
129,230,0
130,230,0
131,230,0
132,230,0
133,230,0
134,230,0
135,230,0
136,230,0
137,230,0
138,230,0
139,230,0
140,230,0
141,230,0
142,230,0
143,230,0
144,230,0
145,230,0
146,230,0
147,230,0
148,230,0
149,230,0
150,230,0
151,230,0
152,230,0
153,230,0
154,230,0
155,230,0
156,230,0
157,230,0
158,230,0
159,230,0
160,230,0
161,230,0
162,230,0
163,230,0
164,230,0
165,230,0
166,230,0
167,230,0
168,230,0
169,230,0
170,230,0
171,230,0
172,230,0
173,230,0
174,230,0
175,230,0
176,230,0
177,230,0
178,230,0
179,230,0
180,230,0
181,230,0
182,230,0
183,230,0
184,230,0
185,230,0
186,230,0
187,230,0
188,230,0
189,230,0
190,230,0
191,230,0
192,230,0
193,230,0
194,230,3
195,230,27
196,230,19
197,230,16
198,230,14
199,230,12
200,230,11
201,230,10
202,230,9
203,230,9
204,230,8
205,230,8
206,230,8
207,230,7
208,230,7
209,230,7
210,230,6
211,230,6
212,230,6
213,230,6
214,230,6
215,230,5
216,230,5
217,230,5
218,230,5
219,230,5
220,230,5
221,230,5
222,230,5
223,230,5
224,230,5
225,230,5
226,230,5
227,230,4
228,230,4
229,230,4
230,230,4
231,230,4
232,230,4
233,230,4
234,230,4
235,230,4
236,230,4
237,230,4
238,230,4
239,230,4
240,230,4
241,230,4
242,230,4
243,230,4
244,230,4
245,230,4
246,230,4
247,230,4
248,230,4
249,230,3
250,230,3
251,230,3
252,230,3
253,230,3
254,230,3
255,230,3
0,231,37
1,231,61
2,231,19
3,231,19
4,231,22
5,231,45
6,231,9
7,231,12
8,231,44
9,231,34
10,231,10
11,231,15
12,231,13
13,231,23
14,231,29
15,231,22
16,231,20
17,231,35
18,231,43
19,231,38
20,231,32
21,231,55
22,231,15
23,231,59
24,231,23
25,231,49
26,231,45
27,231,26
28,231,26
29,231,56
30,231,18
31,231,21
32,231,24
33,231,39
34,231,34
35,231,1
36,231,0
37,231,38
38,231,36
39,231,0
40,231,55
41,231,13
42,231,0
43,231,54
44,231,0
45,231,30
46,231,17
47,231,0
48,231,0
49,231,0
50,231,0
51,231,0
52,231,12
53,231,13
54,231,0
55,231,0
56,231,0
57,231,0
58,231,0
59,231,0
60,231,0
61,231,0
62,231,0
63,231,0
64,231,0
65,231,0
66,231,0
67,231,0
68,231,0
69,231,0
70,231,0
71,231,0
72,231,0
73,231,0
74,231,0
75,231,0
76,231,0
77,231,0
78,231,0
79,231,0
80,231,0
81,231,0
82,231,0
83,231,0
84,231,0
85,231,0
86,231,0
87,231,0
88,231,0
89,231,0
90,231,0
91,231,0
92,231,0
93,231,0
94,231,0
95,231,0
96,231,0
97,231,0
98,231,0
99,231,0
100,231,0
101,231,0
102,231,0
103,231,0
104,231,0
105,231,0
106,231,0
107,231,0
108,231,0
109,231,0
110,231,0
111,231,0
112,231,0
113,231,0
114,231,0
115,231,0
116,231,0
117,231,0
118,231,0
119,231,0
120,231,0
121,231,0
122,231,0
123,231,0
124,231,0
125,231,0
126,231,0
127,231,0
128,231,0
129,231,0
130,231,0
131,231,0
132,231,0
133,231,0
134,231,0
135,231,0
136,231,0
137,231,0
138,231,0
139,231,0
140,231,0
141,231,0
142,231,0
143,231,0
144,231,0
145,231,0
146,231,0
147,231,0
148,231,0
149,231,0
150,231,0
151,231,0
152,231,0
153,231,0
154,231,0
155,231,0
156,231,0
157,231,0
158,231,0
159,231,0
160,231,0
161,231,0
162,231,0
163,231,0
164,231,0
165,231,0
166,231,0
167,231,0
168,231,0
169,231,0
170,231,0
171,231,0
172,231,0
173,231,0
174,231,0
175,231,0
176,231,0
177,231,0
178,231,0
179,231,0
180,231,0
181,231,0
182,231,0
183,231,0
184,231,0
185,231,0
186,231,0
187,231,0
188,231,0
189,231,0
190,231,0
191,231,0
192,231,0
193,231,0
194,231,0
195,231,37
196,231,23
197,231,17
198,231,15
199,231,13
200,231,12
201,231,11
202,231,10
203,231,9
204,231,9
205,231,8
206,231,8
207,231,8
208,231,7
209,231,7
210,231,7
211,231,6
212,231,6
213,231,6
214,231,6
215,231,6
216,231,5
217,231,5
218,231,5
219,231,5
220,231,5
221,231,5
222,231,5
223,231,5
224,231,5
225,231,5
226,231,5
227,231,5
228,231,4
229,231,4
230,231,4
231,231,4
232,231,4
233,231,4
234,231,4
235,231,4
236,231,4
237,231,4
238,231,4
239,231,4
240,231,4
241,231,4
242,231,4
243,231,4
244,231,4
245,231,4
246,231,4
247,231,4
248,231,4
249,231,3
250,231,3
251,231,3
252,231,3
253,231,3
254,231,3
255,231,3
0,232,18
1,232,27
2,232,11
3,232,48
4,232,15
5,232,14
6,232,10
7,232,15
8,232,24
9,232,13
10,232,45
11,232,24
12,232,14
13,232,34
14,232,42
15,232,15
16,232,0
17,232,12
18,232,36
19,232,27
20,232,22
21,232,0
22,232,61
23,232,41
24,232,17
25,232,31
26,232,4
27,232,44
28,232,28
29,232,37
30,232,0
31,232,0
32,232,53
33,232,56
34,232,0
35,232,36
36,232,0
37,232,22
38,232,31
39,232,0
40,232,33
41,232,47
42,232,42
43,232,4
44,232,33
45,232,0
46,232,6
47,232,0
48,232,63
49,232,0
50,232,6
51,232,14
52,232,44
53,232,0
54,232,0
55,232,26
56,232,0
57,232,9
58,232,0
59,232,58
60,232,0
61,232,0
62,232,29
63,232,0
64,232,0
65,232,0
66,232,0
67,232,0
68,232,0
69,232,15
70,232,0
71,232,0
72,232,0
73,232,0
74,232,0
75,232,0
76,232,0
77,232,0
78,232,0
79,232,0
80,232,0
81,232,0
82,232,0
83,232,0
84,232,0
85,232,0
86,232,0
87,232,0
88,232,0
89,232,0
90,232,0
91,232,0
92,232,0
93,232,0
94,232,0
95,232,0
96,232,0
97,232,0
98,232,0
99,232,0
100,232,0
101,232,0
102,232,0
103,232,0
104,232,0
105,232,0
106,232,0
107,232,0
108,232,0
109,232,0
110,232,0
111,232,0
112,232,0
113,232,0
114,232,0
115,232,0
116,232,0
117,232,0
118,232,0
119,232,0
120,232,0
121,232,0
122,232,0
123,232,0
124,232,0
125,232,0
126,232,0
127,232,0
128,232,0
129,232,0
130,232,0
131,232,0
132,232,0
133,232,0
134,232,0
135,232,0
136,232,0
137,232,0
138,232,0
139,232,0
140,232,0
141,232,0
142,232,0
143,232,0
144,232,0
145,232,0
146,232,0
147,232,0
148,232,0
149,232,0
150,232,0
151,232,0
152,232,0
153,232,0
154,232,0
155,232,0
156,232,0
157,232,0
158,232,0
159,232,0
160,232,0
161,232,0
162,232,0
163,232,0
164,232,0
165,232,0
166,232,0
167,232,0
168,232,0
169,232,0
170,232,0
171,232,0
172,232,0
173,232,0
174,232,0
175,232,0
176,232,0
177,232,0
178,232,0
179,232,0
180,232,0
181,232,0
182,232,0
183,232,0
184,232,0
185,232,0
186,232,0
187,232,0
188,232,0
189,232,0
190,232,0
191,232,0
192,232,0
193,232,0
194,232,0
195,232,46
196,232,28
197,232,20
198,232,16
199,232,14
200,232,12
201,232,11
202,232,10
203,232,9
204,232,9
205,232,8
206,232,8
207,232,8
208,232,7
209,232,7
210,232,7
211,232,6
212,232,6
213,232,6
214,232,6
215,232,6
216,232,5
217,232,5
218,232,5
219,232,5
220,232,5
221,232,5
222,232,5
223,232,5
224,232,5
225,232,5
226,232,5
227,232,5
228,232,5
229,232,4
230,232,4
231,232,4
232,232,4
233,232,4
234,232,4
235,232,4
236,232,4
237,232,4
238,232,4
239,232,4
240,232,4
241,232,4
242,232,4
243,232,4
244,232,4
245,232,4
246,232,4
247,232,4
248,232,4
249,232,4
250,232,3
251,232,3
252,232,3
253,232,3
254,232,3
255,232,3
0,233,38
1,233,19
2,233,11
3,233,17
4,233,13
5,233,34
6,233,16
7,233,30
8,233,43
9,233,12
10,233,24
11,233,34
12,233,42
13,233,0
14,233,31
15,233,47
16,233,0
17,233,11
18,233,22
19,233,16
20,233,46
21,233,41
22,233,52
23,233,48
24,233,22
25,233,43
26,233,0
27,233,12
28,233,37
29,233,28
30,233,0
31,233,37
32,233,46
33,233,42
34,233,42
35,233,49
36,233,0
37,233,38
38,233,25
39,233,23
40,233,16
41,233,30
42,233,32
43,233,13
44,233,0
45,233,14
46,233,0
47,233,47
48,233,0
49,233,19
50,233,16
51,233,0
52,233,0
53,233,0
54,233,35
55,233,0
56,233,0
57,233,33
58,233,36
59,233,0
60,233,0
61,233,10
62,233,0
63,233,0
64,233,61
65,233,0
66,233,59
67,233,0
68,233,0
69,233,0
70,233,0
71,233,0
72,233,0
73,233,0
74,233,0
75,233,0
76,233,0
77,233,0
78,233,0
79,233,0
80,233,0
81,233,0
82,233,0
83,233,0
84,233,0
85,233,0
86,233,0
87,233,0
88,233,0
89,233,0
90,233,0
91,233,0
92,233,0
93,233,0
94,233,0
95,233,0
96,233,0
97,233,0
98,233,0
99,233,0
100,233,0
101,233,0
102,233,0
103,233,0
104,233,0
105,233,0
106,233,0
107,233,0
108,233,0
109,233,0
110,233,0
111,233,0
112,233,0
113,233,0
114,233,0
115,233,0
116,233,0
117,233,0
118,233,0
119,233,0
120,233,0
121,233,0
122,233,0
123,233,0
124,233,0
125,233,0
126,233,0
127,233,0
128,233,0
129,233,0
130,233,0
131,233,0
132,233,0
133,233,0
134,233,0
135,233,0
136,233,0
137,233,0
138,233,0
139,233,0
140,233,0
141,233,0
142,233,0
143,233,0
144,233,0
145,233,0
146,233,0
147,233,0
148,233,0
149,233,0
150,233,0
151,233,0
152,233,0
153,233,0
154,233,0
155,233,0
156,233,0
157,233,0
158,233,0
159,233,0
160,233,0
161,233,0
162,233,0
163,233,0
164,233,0
165,233,0
166,233,0
167,233,0
168,233,0
169,233,0
170,233,0
171,233,0
172,233,0
173,233,0
174,233,0
175,233,0
176,233,0
177,233,0
178,233,0
179,233,0
180,233,0
181,233,0
182,233,0
183,233,0
184,233,0
185,233,0
186,233,0
187,233,0
188,233,0
189,233,0
190,233,0
191,233,0
192,233,0
193,233,0
194,233,0
195,233,0
196,233,42
197,233,24
198,233,18
199,233,15
200,233,13
201,233,12
202,233,11
203,233,10
204,233,9
205,233,9
206,233,8
207,233,8
208,233,8
209,233,7
210,233,7
211,233,7
212,233,6
213,233,6
214,233,6
215,233,6
216,233,6
217,233,5
218,233,5
219,233,5
220,233,5
221,233,5
222,233,5
223,233,5
224,233,5
225,233,5
226,233,5
227,233,5
228,233,5
229,233,4
230,233,4
231,233,4
232,233,4
233,233,4
234,233,4
235,233,4
236,233,4
237,233,4
238,233,4
239,233,4
240,233,4
241,233,4
242,233,4
243,233,4
244,233,4
245,233,4
246,233,4
247,233,4
248,233,4
249,233,4
250,233,3
251,233,3
252,233,3
253,233,3
254,233,3
255,233,3
0,234,37
1,234,31
2,234,11
3,234,16
4,234,26
5,234,21
6,234,50
7,234,19
8,234,29
9,234,29
10,234,25
11,234,30
12,234,54
13,234,59
14,234,14
15,234,15
16,234,12
17,234,10
18,234,10
19,234,9
20,234,11
21,234,11
22,234,55
23,234,4
24,234,16
25,234,39
26,234,49
27,234,0
28,234,0
29,234,18
30,234,17
31,234,0
32,234,25
33,234,6
34,234,53
35,234,4
36,234,34
37,234,59
38,234,37
39,234,50
40,234,53
41,234,34
42,234,37
43,234,0
44,234,56
45,234,18
46,234,31
47,234,61
48,234,59
49,234,3
50,234,55
51,234,0
52,234,0
53,234,0
54,234,52
55,234,0
56,234,0
57,234,0
58,234,0
59,234,43
60,234,0
61,234,0
62,234,2
63,234,0
64,234,49
65,234,34
66,234,0
67,234,0
68,234,0
69,234,0
70,234,0
71,234,0
72,234,0
73,234,0
74,234,0
75,234,0
76,234,0
77,234,0
78,234,0
79,234,0
80,234,0
81,234,0
82,234,0
83,234,0
84,234,0
85,234,0
86,234,0
87,234,0
88,234,0
89,234,0
90,234,0
91,234,0
92,234,0
93,234,0
94,234,0
95,234,0
96,234,0
97,234,0
98,234,0
99,234,0
100,234,0
101,234,0
102,234,0
103,234,0
104,234,0
105,234,0
106,234,0
107,234,0
108,234,0
109,234,0
110,234,0
111,234,0
112,234,0
113,234,0
114,234,0
115,234,0
116,234,0
117,234,0
118,234,0
119,234,0
120,234,0
121,234,0
122,234,0
123,234,0
124,234,0
125,234,0
126,234,0
127,234,0
128,234,0
129,234,0
130,234,0
131,234,0
132,234,0
133,234,0
134,234,0
135,234,0
136,234,0
137,234,0
138,234,0
139,234,0
140,234,0
141,234,0
142,234,0
143,234,0
144,234,0
145,234,0
146,234,0
147,234,0
148,234,0
149,234,0
150,234,0
151,234,0
152,234,0
153,234,0
154,234,0
155,234,0
156,234,0
157,234,0
158,234,0
159,234,0
160,234,0
161,234,0
162,234,0
163,234,0
164,234,0
165,234,0
166,234,0
167,234,0
168,234,0
169,234,0
170,234,0
171,234,0
172,234,0
173,234,0
174,234,0
175,234,0
176,234,0
177,234,0
178,234,0
179,234,0
180,234,0
181,234,0
182,234,0
183,234,0
184,234,0
185,234,0
186,234,0
187,234,0
188,234,0
189,234,0
190,234,0
191,234,0
192,234,0
193,234,0
194,234,0
195,234,0
196,234,0
197,234,31
198,234,21
199,234,17
200,234,14
201,234,13
202,234,11
203,234,10
204,234,9
205,234,9
206,234,9
207,234,8
208,234,8
209,234,8
210,234,7
211,234,7
212,234,6
213,234,6
214,234,6
215,234,6
216,234,6
217,234,5
218,234,5
219,234,5
220,234,5
221,234,5
222,234,5
223,234,5
224,234,5
225,234,5
226,234,5
227,234,5
228,234,5
229,234,5
230,234,4
231,234,4
232,234,4
233,234,4
234,234,4
235,234,4
236,234,4
237,234,4
238,234,4
239,234,4
240,234,4
241,234,4
242,234,4
243,234,4
244,234,4
245,234,4
246,234,4
247,234,4
248,234,4
249,234,4
250,234,4
251,234,3
252,234,3
253,234,3
254,234,3
255,234,3
0,235,16
1,235,22
2,235,12
3,235,26
4,235,19
5,235,21
6,235,20
7,235,31
8,235,34
9,235,55
10,235,18
11,235,53
12,235,59
13,235,48
14,235,13
15,235,37
16,235,10
17,235,9
18,235,9
19,235,9
20,235,9
21,235,9
22,235,23
23,235,27
24,235,15
25,235,19
26,235,2
27,235,39
28,235,33
29,235,22
30,235,24
31,235,50
32,235,8
33,235,37
34,235,28
35,235,0
36,235,29
37,235,19
38,235,21
39,235,21
40,235,55
41,235,47
42,235,0
43,235,0
44,235,0
45,235,0
46,235,0
47,235,15
48,235,0
49,235,15
50,235,13
51,235,38
52,235,52
53,235,27
54,235,0
55,235,0
56,235,0
57,235,0
58,235,0
59,235,12
60,235,0
61,235,0
62,235,0
63,235,0
64,235,0
65,235,0
66,235,0
67,235,0
68,235,0
69,235,0
70,235,29
71,235,0
72,235,0
73,235,0
74,235,23
75,235,0
76,235,0
77,235,0
78,235,0
79,235,0
80,235,0
81,235,0
82,235,0
83,235,0
84,235,0
85,235,0
86,235,0
87,235,0
88,235,0
89,235,0
90,235,0
91,235,0
92,235,0
93,235,0
94,235,0
95,235,0
96,235,0
97,235,0
98,235,0
99,235,0
100,235,0
101,235,0
102,235,0
103,235,0
104,235,0
105,235,0
106,235,0
107,235,0
108,235,0
109,235,0
110,235,0
111,235,0
112,235,0
113,235,0
114,235,0
115,235,0
116,235,0
117,235,0
118,235,0
119,235,0
120,235,0
121,235,0
122,235,0
123,235,0
124,235,0
125,235,0
126,235,0
127,235,0
128,235,0
129,235,0
130,235,0
131,235,0
132,235,0
133,235,0
134,235,0
135,235,0
136,235,0
137,235,0
138,235,0
139,235,0
140,235,0
141,235,0
142,235,0
143,235,0
144,235,0
145,235,0
146,235,0
147,235,0
148,235,0
149,235,0
150,235,0
151,235,0
152,235,0
153,235,0
154,235,0
155,235,0
156,235,0
157,235,0
158,235,0
159,235,0
160,235,0
161,235,0
162,235,0
163,235,0
164,235,0
165,235,0
166,235,0
167,235,0
168,235,0
169,235,0
170,235,0
171,235,0
172,235,0
173,235,0
174,235,0
175,235,0
176,235,0
177,235,0
178,235,0
179,235,0
180,235,0
181,235,0
182,235,0
183,235,0
184,235,0
185,235,0
186,235,0
187,235,0
188,235,0
189,235,0
190,235,0
191,235,0
192,235,0
193,235,0
194,235,0
195,235,0
196,235,0
197,235,52
198,235,25
199,235,19
200,235,16
201,235,13
202,235,12
203,235,11
204,235,10
205,235,9
206,235,9
207,235,8
208,235,8
209,235,8
210,235,7
211,235,7
212,235,7
213,235,6
214,235,6
215,235,6
216,235,6
217,235,6
218,235,5
219,235,5
220,235,5
221,235,5
222,235,5
223,235,5
224,235,5
225,235,5
226,235,5
227,235,5
228,235,5
229,235,5
230,235,4
231,235,4
232,235,4
233,235,4
234,235,4
235,235,4
236,235,4
237,235,4
238,235,4
239,235,4
240,235,4
241,235,4
242,235,4
243,235,4
244,235,4
245,235,4
246,235,4
247,235,4
248,235,4
249,235,4
250,235,4
251,235,4
252,235,3
253,235,3
254,235,3
255,235,3
0,236,55
1,236,15
2,236,28
3,236,19
4,236,15
5,236,13
6,236,11
7,236,11
8,236,46
9,236,30
10,236,20
11,236,21
12,236,24
13,236,35
14,236,15
15,236,36
16,236,10
17,236,9
18,236,9
19,236,9
20,236,9
21,236,9
22,236,13
23,236,61
24,236,50
25,236,0
26,236,23
27,236,22
28,236,0
29,236,17
30,236,30
31,236,62
32,236,0
33,236,47
34,236,51
35,236,4
36,236,18
37,236,23
38,236,52
39,236,0
40,236,7
41,236,0
42,236,0
43,236,0
44,236,0
45,236,39
46,236,10
47,236,3
48,236,0
49,236,0
50,236,0
51,236,40
52,236,18
53,236,34
54,236,0
55,236,22
56,236,0
57,236,0
58,236,49
59,236,17
60,236,0
61,236,0
62,236,0
63,236,0
64,236,24
65,236,43
66,236,31
67,236,0
68,236,0
69,236,0
70,236,0
71,236,0
72,236,0
73,236,0
74,236,0
75,236,0
76,236,0
77,236,0
78,236,0
79,236,0
80,236,0
81,236,0
82,236,0
83,236,0
84,236,0
85,236,0
86,236,0
87,236,0
88,236,0
89,236,0
90,236,0
91,236,0
92,236,0
93,236,0
94,236,0
95,236,0
96,236,0
97,236,0
98,236,0
99,236,0
100,236,0
101,236,0
102,236,0
103,236,0
104,236,0
105,236,0
106,236,0
107,236,0
108,236,0
109,236,0
110,236,0
111,236,0
112,236,0
113,236,0
114,236,0
115,236,0
116,236,0
117,236,0
118,236,0
119,236,0
120,236,0
121,236,0
122,236,0
123,236,0
124,236,0
125,236,0
126,236,0
127,236,0
128,236,0
129,236,0
130,236,0
131,236,0
132,236,0
133,236,0
134,236,0
135,236,0
136,236,0
137,236,0
138,236,0
139,236,0
140,236,0
141,236,0
142,236,0
143,236,0
144,236,0
145,236,0
146,236,0
147,236,0
148,236,0
149,236,0
150,236,0
151,236,0
152,236,0
153,236,0
154,236,0
155,236,0
156,236,0
157,236,0
158,236,0
159,236,0
160,236,0
161,236,0
162,236,0
163,236,0
164,236,0
165,236,0
166,236,0
167,236,0
168,236,0
169,236,0
170,236,0
171,236,0
172,236,0
173,236,0
174,236,0
175,236,0
176,236,0
177,236,0
178,236,0
179,236,0
180,236,0
181,236,0
182,236,0
183,236,0
184,236,0
185,236,0
186,236,0
187,236,0
188,236,0
189,236,0
190,236,0
191,236,0
192,236,0
193,236,0
194,236,0
195,236,0
196,236,0
197,236,0
198,236,34
199,236,22
200,236,17
201,236,14
202,236,13
203,236,12
204,236,10
205,236,10
206,236,9
207,236,9
208,236,8
209,236,8
210,236,8
211,236,7
212,236,7
213,236,6
214,236,6
215,236,6
216,236,6
217,236,6
218,236,5
219,236,5
220,236,5
221,236,5
222,236,5
223,236,5
224,236,5
225,236,5
226,236,5
227,236,5
228,236,5
229,236,5
230,236,5
231,236,4
232,236,4
233,236,4
234,236,4
235,236,4
236,236,4
237,236,4
238,236,4
239,236,4
240,236,4
241,236,4
242,236,4
243,236,4
244,236,4
245,236,4
246,236,4
247,236,4
248,236,4
249,236,4
250,236,4
251,236,4
252,236,3
253,236,3
254,236,3
255,236,3
0,237,16
1,237,15
2,237,27
3,237,41
4,237,22
5,237,11
6,237,11
7,237,23
8,237,62
9,237,49
10,237,14
11,237,60
12,237,22
13,237,38
14,237,20
15,237,28
16,237,30
17,237,49
18,237,9
19,237,9
20,237,9
21,237,10
22,237,32
23,237,18
24,237,19
25,237,24
26,237,28
27,237,21
28,237,61
29,237,44
30,237,34
31,237,39
32,237,50
33,237,38
34,237,20
35,237,24
36,237,11
37,237,37
38,237,15
39,237,60
40,237,0
41,237,0
42,237,0
43,237,39
44,237,35
45,237,33
46,237,0
47,237,4
48,237,20
49,237,62
50,237,22
51,237,47
52,237,53
53,237,17
54,237,0
55,237,21
56,237,0
57,237,0
58,237,49
59,237,0
60,237,24
61,237,0
62,237,18
63,237,23
64,237,0
65,237,41
66,237,0
67,237,54
68,237,0
69,237,0
70,237,0
71,237,0
72,237,0
73,237,0
74,237,25
75,237,63
76,237,26
77,237,0
78,237,0
79,237,0
80,237,0
81,237,0
82,237,0
83,237,0
84,237,0
85,237,0
86,237,0
87,237,0
88,237,0
89,237,0
90,237,0
91,237,0
92,237,0
93,237,0
94,237,0
95,237,0
96,237,0
97,237,0
98,237,0
99,237,0
100,237,0
101,237,0
102,237,0
103,237,0
104,237,0
105,237,0
106,237,0
107,237,0
108,237,0
109,237,0
110,237,0
111,237,0
112,237,0
113,237,0
114,237,0
115,237,0
116,237,0
117,237,0
118,237,0
119,237,0
120,237,0
121,237,0
122,237,0
123,237,0
124,237,0
125,237,0
126,237,0
127,237,0
128,237,0
129,237,0
130,237,0
131,237,0
132,237,0
133,237,0
134,237,0
135,237,0
136,237,0
137,237,0
138,237,0
139,237,0
140,237,0
141,237,0
142,237,0
143,237,0
144,237,0
145,237,0
146,237,0
147,237,0
148,237,0
149,237,0
150,237,0
151,237,0
152,237,0
153,237,0
154,237,0
155,237,0
156,237,0
157,237,0
158,237,0
159,237,0
160,237,0
161,237,0
162,237,0
163,237,0
164,237,0
165,237,0
166,237,0
167,237,0
168,237,0
169,237,0
170,237,0
171,237,0
172,237,0
173,237,0
174,237,0
175,237,0
176,237,0
177,237,0
178,237,0
179,237,0
180,237,0
181,237,0
182,237,0
183,237,0
184,237,0
185,237,0
186,237,0
187,237,0
188,237,0
189,237,0
190,237,0
191,237,0
192,237,0
193,237,0
194,237,0
195,237,0
196,237,0
197,237,0
198,237,15
199,237,28
200,237,20
201,237,16
202,237,13
203,237,12
204,237,11
205,237,10
206,237,9
207,237,9
208,237,9
209,237,8
210,237,8
211,237,8
212,237,7
213,237,7
214,237,6
215,237,6
216,237,6
217,237,6
218,237,6
219,237,5
220,237,5
221,237,5
222,237,5
223,237,5
224,237,5
225,237,5
226,237,5
227,237,5
228,237,5
229,237,5
230,237,5
231,237,5
232,237,4
233,237,4
234,237,4
235,237,4
236,237,4
237,237,4
238,237,4
239,237,4
240,237,4
241,237,4
242,237,4
243,237,4
244,237,4
245,237,4
246,237,4
247,237,4
248,237,4
249,237,4
250,237,4
251,237,4
252,237,4
253,237,3
254,237,3
255,237,3
0,238,11
1,238,32
2,238,0
3,238,63
4,238,15
5,238,13
6,238,24
7,238,19
8,238,38
9,238,24
10,238,35
11,238,19
12,238,25
13,238,41
14,238,48
15,238,12
16,238,37
17,238,46
18,238,10
19,238,23
20,238,12
21,238,49
22,238,62
23,238,14
24,238,35
25,238,0
26,238,19
27,238,0
28,238,0
29,238,0
30,238,0
31,238,47
32,238,62
33,238,0
34,238,49
35,238,57
36,238,31
37,238,41
38,238,37
39,238,23
40,238,39
41,238,0
42,238,57
43,238,0
44,238,0
45,238,0
46,238,0
47,238,42
48,238,0
49,238,50
50,238,0
51,238,50
52,238,46
53,238,35
54,238,34
55,238,34
56,238,52
57,238,0
58,238,0
59,238,32
60,238,0
61,238,0
62,238,32
63,238,35
64,238,0
65,238,22
66,238,19
67,238,0
68,238,0
69,238,0
70,238,0
71,238,28
72,238,0
73,238,0
74,238,51
75,238,0
76,238,0
77,238,0
78,238,0
79,238,35
80,238,0
81,238,0
82,238,0
83,238,0
84,238,0
85,238,0
86,238,0
87,238,0
88,238,0
89,238,0
90,238,0
91,238,0
92,238,0
93,238,0
94,238,0
95,238,0
96,238,0
97,238,0
98,238,0
99,238,0
100,238,0
101,238,0
102,238,0
103,238,0
104,238,0
105,238,0
106,238,0
107,238,0
108,238,0
109,238,0
110,238,0
111,238,0
112,238,0
113,238,0
114,238,0
115,238,0
116,238,0
117,238,0
118,238,0
119,238,0
120,238,0
121,238,0
122,238,0
123,238,0
124,238,0
125,238,0
126,238,0
127,238,0
128,238,0
129,238,0
130,238,0
131,238,0
132,238,0
133,238,0
134,238,0
135,238,0
136,238,0
137,238,0
138,238,0
139,238,0
140,238,0
141,238,0
142,238,0
143,238,0
144,238,0
145,238,0
146,238,0
147,238,0
148,238,0
149,238,0
150,238,0
151,238,0
152,238,0
153,238,0
154,238,0
155,238,0
156,238,0
157,238,0
158,238,0
159,238,0
160,238,0
161,238,0
162,238,0
163,238,0
164,238,0
165,238,0
166,238,0
167,238,0
168,238,0
169,238,0
170,238,0
171,238,0
172,238,0
173,238,0
174,238,0
175,238,0
176,238,0
177,238,0
178,238,0
179,238,0
180,238,0
181,238,0
182,238,0
183,238,0
184,238,0
185,238,0
186,238,0
187,238,0
188,238,0
189,238,0
190,238,0
191,238,0
192,238,0
193,238,0
194,238,0
195,238,0
196,238,0
197,238,0
198,238,0
199,238,41
200,238,24
201,238,18
202,238,15
203,238,13
204,238,12
205,238,11
206,238,10
207,238,9
208,238,9
209,238,8
210,238,8
211,238,8
212,238,7
213,238,7
214,238,6
215,238,6
216,238,6
217,238,6
218,238,6
219,238,5
220,238,5
221,238,5
222,238,5
223,238,5
224,238,5
225,238,5
226,238,5
227,238,5
228,238,5
229,238,5
230,238,5
231,238,5
232,238,4
233,238,4
234,238,4
235,238,4
236,238,4
237,238,4
238,238,4
239,238,4
240,238,4
241,238,4
242,238,4
243,238,4
244,238,4
245,238,4
246,238,4
247,238,4
248,238,4
249,238,4
250,238,4
251,238,4
252,238,4
253,238,4
254,238,3
255,238,3
0,239,30
1,239,49
2,239,15
3,239,33
4,239,26
5,239,6
6,239,40
7,239,13
8,239,19
9,239,24
10,239,16
11,239,0
12,239,16
13,239,29
14,239,46
15,239,16
16,239,18
17,239,45
18,239,13
19,239,13
20,239,44
21,239,14
22,239,0
23,239,8
24,239,22
25,239,29
26,239,47
27,239,0
28,239,0
29,239,0
30,239,0
31,239,0
32,239,0
33,239,0
34,239,0
35,239,0
36,239,23
37,239,22
38,239,45
39,239,15
40,239,21
41,239,55
42,239,52
43,239,11
44,239,62
45,239,57
46,239,54
47,239,25
48,239,38
49,239,26
50,239,6
51,239,34
52,239,47
53,239,13
54,239,0
55,239,11
56,239,1
57,239,0
58,239,2
59,239,23
60,239,0
61,239,41
62,239,0
63,239,45
64,239,27
65,239,0
66,239,0
67,239,31
68,239,0
69,239,9
70,239,45
71,239,0
72,239,30
73,239,0
74,239,42
75,239,0
76,239,0
77,239,0
78,239,0
79,239,0
80,239,0
81,239,0
82,239,0
83,239,0
84,239,0
85,239,0
86,239,0
87,239,0
88,239,0
89,239,0
90,239,0
91,239,0
92,239,0
93,239,0
94,239,0
95,239,0
96,239,0
97,239,0
98,239,0
99,239,0
100,239,0
101,239,0
102,239,0
103,239,0
104,239,0
105,239,0
106,239,0
107,239,0
108,239,0
109,239,0
110,239,0
111,239,0
112,239,0
113,239,0
114,239,0
115,239,0
116,239,0
117,239,0
118,239,0
119,239,0
120,239,0
121,239,0
122,239,0
123,239,0
124,239,0
125,239,0
126,239,0
127,239,0
128,239,0
129,239,0
130,239,0
131,239,0
132,239,0
133,239,0
134,239,0
135,239,0
136,239,0
137,239,0
138,239,0
139,239,0
140,239,0
141,239,0
142,239,0
143,239,0
144,239,0
145,239,0
146,239,0
147,239,0
148,239,0
149,239,0
150,239,0
151,239,0
152,239,0
153,239,0
154,239,0
155,239,0
156,239,0
157,239,0
158,239,0
159,239,0
160,239,0
161,239,0
162,239,0
163,239,0
164,239,0
165,239,0
166,239,0
167,239,0
168,239,0
169,239,0
170,239,0
171,239,0
172,239,0
173,239,0
174,239,0
175,239,0
176,239,0
177,239,0
178,239,0
179,239,0
180,239,0
181,239,0
182,239,0
183,239,0
184,239,0
185,239,0
186,239,0
187,239,0
188,239,0
189,239,0
190,239,0
191,239,0
192,239,0
193,239,0
194,239,0
195,239,0
196,239,0
197,239,0
198,239,0
199,239,0
200,239,30
201,239,21
202,239,17
203,239,14
204,239,13
205,239,12
206,239,10
207,239,10
208,239,9
209,239,9
210,239,8
211,239,8
212,239,8
213,239,7
214,239,7
215,239,6
216,239,6
217,239,6
218,239,6
219,239,6
220,239,5
221,239,5
222,239,5
223,239,5
224,239,5
225,239,5
226,239,5
227,239,5
228,239,5
229,239,5
230,239,5
231,239,5
232,239,5
233,239,4
234,239,4
235,239,4
236,239,4
237,239,4
238,239,4
239,239,4
240,239,4
241,239,4
242,239,4
243,239,4
244,239,4
245,239,4
246,239,4
247,239,4
248,239,4
249,239,4
250,239,4
251,239,4
252,239,4
253,239,4
254,239,3
255,239,3
0,240,14
1,240,54
2,240,18
3,240,10
4,240,49
5,240,16
6,240,18
7,240,21
8,240,0
9,240,28
10,240,36
11,240,18
12,240,22
13,240,5
14,240,49
15,240,35
16,240,19
17,240,60
18,240,8
19,240,47
20,240,31
21,240,38
22,240,57
23,240,60
24,240,15
25,240,20
26,240,0
27,240,0
28,240,0
29,240,0
30,240,0
31,240,0
32,240,0
33,240,0
34,240,0
35,240,0
36,240,0
37,240,48
38,240,17
39,240,16
40,240,56
41,240,23
42,240,13
43,240,0
44,240,26
45,240,58
46,240,3
47,240,40
48,240,0
49,240,0
50,240,13
51,240,0
52,240,11
53,240,26
54,240,8
55,240,41
56,240,0
57,240,39
58,240,29
59,240,41
60,240,37
61,240,53
62,240,12
63,240,33
64,240,0
65,240,33
66,240,34
67,240,55
68,240,10
69,240,9
70,240,0
71,240,33
72,240,0
73,240,0
74,240,0
75,240,28
76,240,28
77,240,0
78,240,0
79,240,0
80,240,0
81,240,0
82,240,0
83,240,0
84,240,0
85,240,0
86,240,0
87,240,0
88,240,0
89,240,0
90,240,0
91,240,59
92,240,0
93,240,0
94,240,0
95,240,0
96,240,0
97,240,0
98,240,0
99,240,0
100,240,0
101,240,0
102,240,0
103,240,0
104,240,0
105,240,0
106,240,0
107,240,0
108,240,0
109,240,0
110,240,0
111,240,0
112,240,0
113,240,0
114,240,0
115,240,0
116,240,0
117,240,0
118,240,0
119,240,0
120,240,0
121,240,0
122,240,0
123,240,0
124,240,0
125,240,0
126,240,0
127,240,0
128,240,0
129,240,0
130,240,0
131,240,0
132,240,0
133,240,0
134,240,0
135,240,0
136,240,0
137,240,0
138,240,0
139,240,0
140,240,0
141,240,0
142,240,0
143,240,0
144,240,0
145,240,0
146,240,0
147,240,0
148,240,0
149,240,0
150,240,0
151,240,0
152,240,0
153,240,0
154,240,0
155,240,0
156,240,0
157,240,0
158,240,0
159,240,0
160,240,0
161,240,0
162,240,0
163,240,0
164,240,0
165,240,0
166,240,0
167,240,0
168,240,0
169,240,0
170,240,0
171,240,0
172,240,0
173,240,0
174,240,0
175,240,0
176,240,0
177,240,0
178,240,0
179,240,0
180,240,0
181,240,0
182,240,0
183,240,0
184,240,0
185,240,0
186,240,0
187,240,0
188,240,0
189,240,0
190,240,0
191,240,0
192,240,0
193,240,0
194,240,0
195,240,0
196,240,0
197,240,0
198,240,0
199,240,0
200,240,54
201,240,26
202,240,19
203,240,17
204,240,14
205,240,13
206,240,11
207,240,10
208,240,9
209,240,9
210,240,9
211,240,9
212,240,8
213,240,8
214,240,7
215,240,7
216,240,6
217,240,6
218,240,6
219,240,6
220,240,6
221,240,5
222,240,5
223,240,5
224,240,5
225,240,5
226,240,5
227,240,5
228,240,5
229,240,5
230,240,5
231,240,5
232,240,5
233,240,5
234,240,4
235,240,4
236,240,4
237,240,4
238,240,4
239,240,4
240,240,4
241,240,4
242,240,4
243,240,4
244,240,4
245,240,4
246,240,4
247,240,4
248,240,4
249,240,4
250,240,4
251,240,4
252,240,4
253,240,4
254,240,4
255,240,3
0,241,9
1,241,17
2,241,45
3,241,13
4,241,32
5,241,29
6,241,25
7,241,22
8,241,12
9,241,20
10,241,13
11,241,18
12,241,60
13,241,43
14,241,16
15,241,33
16,241,63
17,241,25
18,241,41
19,241,23
20,241,33
21,241,23
22,241,39
23,241,17
24,241,59
25,241,2
26,241,0
27,241,0
28,241,0
29,241,0
30,241,0
31,241,0
32,241,0
33,241,0
34,241,0
35,241,0
36,241,33
37,241,41
38,241,7
39,241,14
40,241,17
41,241,30
42,241,11
43,241,62
44,241,19
45,241,46
46,241,15
47,241,51
48,241,17
49,241,12
50,241,18
51,241,12
52,241,0
53,241,54
54,241,0
55,241,24
56,241,0
57,241,35
58,241,43
59,241,5
60,241,0
61,241,44
62,241,0
63,241,0
64,241,43
65,241,37
66,241,0
67,241,3
68,241,9
69,241,34
70,241,15
71,241,18
72,241,31
73,241,52
74,241,0
75,241,44
76,241,25
77,241,0
78,241,44
79,241,0
80,241,0
81,241,0
82,241,0
83,241,0
84,241,0
85,241,0
86,241,0
87,241,0
88,241,0
89,241,0
90,241,0
91,241,0
92,241,0
93,241,0
94,241,0
95,241,42
96,241,0
97,241,0
98,241,0
99,241,0
100,241,0
101,241,0
102,241,0
103,241,0
104,241,0
105,241,0
106,241,0
107,241,0
108,241,0
109,241,0
110,241,0
111,241,0
112,241,0
113,241,0
114,241,0
115,241,0
116,241,0
117,241,0
118,241,0
119,241,0
120,241,0
121,241,0
122,241,0
123,241,0
124,241,0
125,241,0
126,241,0
127,241,0
128,241,0
129,241,0
130,241,0
131,241,0
132,241,0
133,241,0
134,241,0
135,241,0
136,241,0
137,241,0
138,241,0
139,241,0
140,241,0
141,241,0
142,241,0
143,241,0
144,241,0
145,241,0
146,241,0
147,241,0
148,241,0
149,241,0
150,241,0
151,241,0
152,241,0
153,241,0
154,241,0
155,241,0
156,241,0
157,241,0
158,241,0
159,241,0
160,241,0
161,241,0
162,241,0
163,241,0
164,241,0
165,241,0
166,241,0
167,241,0
168,241,0
169,241,0
170,241,0
171,241,0
172,241,0
173,241,0
174,241,0
175,241,0
176,241,0
177,241,0
178,241,0
179,241,0
180,241,0
181,241,0
182,241,0
183,241,0
184,241,0
185,241,0
186,241,0
187,241,0
188,241,0
189,241,0
190,241,0
191,241,0
192,241,0
193,241,0
194,241,0
195,241,0
196,241,0
197,241,0
198,241,0
199,241,0
200,241,0
201,241,37
202,241,22
203,241,18
204,241,15
205,241,13
206,241,13
207,241,10
208,241,10
209,241,9
210,241,9
211,241,9
212,241,9
213,241,9
214,241,8
215,241,7
216,241,6
217,241,6
218,241,6
219,241,6
220,241,6
221,241,6
222,241,5
223,241,5
224,241,5
225,241,5
226,241,5
227,241,5
228,241,5
229,241,5
230,241,5
231,241,5
232,241,5
233,241,5
234,241,4
235,241,4
236,241,4
237,241,4
238,241,4
239,241,4
240,241,4
241,241,4
242,241,4
243,241,4
244,241,4
245,241,4
246,241,4
247,241,4
248,241,4
249,241,4
250,241,4
251,241,4
252,241,4
253,241,4
254,241,4
255,241,3
0,242,8
1,242,24
2,242,28
3,242,12
4,242,13
5,242,18
6,242,33
7,242,13
8,242,10
9,242,9
10,242,25
11,242,26
12,242,41
13,242,25
14,242,11
15,242,33
16,242,22
17,242,58
18,242,50
19,242,62
20,242,22
21,242,39
22,242,15
23,242,0
24,242,38
25,242,47
26,242,0
27,242,0
28,242,0
29,242,0
30,242,0
31,242,0
32,242,0
33,242,0
34,242,0
35,242,0
36,242,45
37,242,15
38,242,32
39,242,5
40,242,24
41,242,9
42,242,9
43,242,29
44,242,0
45,242,28
46,242,41
47,242,59
48,242,21
49,242,63
50,242,31
51,242,44
52,242,60
53,242,58
54,242,0
55,242,25
56,242,0
57,242,0
58,242,9
59,242,10
60,242,0
61,242,0
62,242,0
63,242,17
64,242,0
65,242,55
66,242,24
67,242,0
68,242,57
69,242,0
70,242,0
71,242,61
72,242,0
73,242,62
74,242,0
75,242,0
76,242,57
77,242,0
78,242,0
79,242,0
80,242,0
81,242,0
82,242,0
83,242,0
84,242,0
85,242,0
86,242,0
87,242,0
88,242,0
89,242,0
90,242,0
91,242,0
92,242,34
93,242,0
94,242,0
95,242,0
96,242,0
97,242,0
98,242,0
99,242,0
100,242,0
101,242,0
102,242,0
103,242,0
104,242,0
105,242,0
106,242,0
107,242,0
108,242,0
109,242,0
110,242,0
111,242,0
112,242,0
113,242,0
114,242,0
115,242,0
116,242,0
117,242,0
118,242,0
119,242,0
120,242,0
121,242,0
122,242,0
123,242,0
124,242,0
125,242,0
126,242,0
127,242,0
128,242,0
129,242,0
130,242,0
131,242,0
132,242,0
133,242,0
134,242,0
135,242,0
136,242,0
137,242,0
138,242,0
139,242,0
140,242,0
141,242,0
142,242,0
143,242,0
144,242,0
145,242,0
146,242,0
147,242,0
148,242,0
149,242,0
150,242,0
151,242,0
152,242,0
153,242,0
154,242,0
155,242,0
156,242,0
157,242,0
158,242,0
159,242,0
160,242,0
161,242,0
162,242,0
163,242,0
164,242,0
165,242,0
166,242,0
167,242,0
168,242,0
169,242,0
170,242,0
171,242,0
172,242,0
173,242,0
174,242,0
175,242,0
176,242,0
177,242,0
178,242,0
179,242,0
180,242,0
181,242,0
182,242,0
183,242,0
184,242,0
185,242,0
186,242,0
187,242,0
188,242,0
189,242,0
190,242,0
191,242,0
192,242,0
193,242,0
194,242,0
195,242,0
196,242,0
197,242,0
198,242,0
199,242,0
200,242,0
201,242,0
202,242,30
203,242,21
204,242,17
205,242,14
206,242,13
207,242,15
208,242,10
209,242,10
210,242,9
211,242,9
212,242,9
213,242,9
214,242,9
215,242,7
216,242,7
217,242,6
218,242,6
219,242,6
220,242,6
221,242,6
222,242,6
223,242,5
224,242,5
225,242,5
226,242,5
227,242,5
228,242,5
229,242,5
230,242,5
231,242,5
232,242,5
233,242,5
234,242,5
235,242,4
236,242,4
237,242,4
238,242,4
239,242,4
240,242,4
241,242,4
242,242,4
243,242,4
244,242,4
245,242,4
246,242,4
247,242,4
248,242,4
249,242,4
250,242,4
251,242,4
252,242,4
253,242,4
254,242,4
255,242,4
0,243,7
1,243,9
2,243,20
3,243,1
4,243,50
5,243,23
6,243,29
7,243,23
8,243,15
9,243,10
10,243,12
11,243,49
12,243,13
13,243,25
14,243,11
15,243,17
16,243,37
17,243,49
18,243,58
19,243,4
20,243,33
21,243,20
22,243,18
23,243,15
24,243,24
25,243,47
26,243,0
27,243,0
28,243,0
29,243,0
30,243,0
31,243,0
32,243,0
33,243,0
34,243,0
35,243,51
36,243,26
37,243,49
38,243,16
39,243,44
40,243,11
41,243,9
42,243,9
43,243,9
44,243,8
45,243,33
46,243,13
47,243,44
48,243,20
49,243,13
50,243,18
51,243,49
52,243,0
53,243,34
54,243,42
55,243,26
56,243,52
57,243,12
58,243,8
59,243,8
60,243,10
61,243,11
62,243,13
63,243,39
64,243,26
65,243,50
66,243,45
67,243,39
68,243,44
69,243,27
70,243,17
71,243,0
72,243,59
73,243,15
74,243,47
75,243,46
76,243,62
77,243,0
78,243,0
79,243,0
80,243,37
81,243,0
82,243,20
83,243,0
84,243,34
85,243,0
86,243,0
87,243,0
88,243,0
89,243,0
90,243,0
91,243,0
92,243,0
93,243,0
94,243,0
95,243,0
96,243,0
97,243,22
98,243,0
99,243,32
100,243,0
101,243,0
102,243,0
103,243,0
104,243,0
105,243,0
106,243,0
107,243,0
108,243,0
109,243,0
110,243,0
111,243,0
112,243,0
113,243,0
114,243,0
115,243,0
116,243,0
117,243,0
118,243,0
119,243,0
120,243,0
121,243,0
122,243,0
123,243,0
124,243,0
125,243,0
126,243,0
127,243,0
128,243,0
129,243,0
130,243,0
131,243,0
132,243,0
133,243,0
134,243,0
135,243,0
136,243,0
137,243,0
138,243,0
139,243,0
140,243,0
141,243,0
142,243,0
143,243,0
144,243,0
145,243,0
146,243,0
147,243,0
148,243,0
149,243,0
150,243,0
151,243,0
152,243,0
153,243,0
154,243,0
155,243,0
156,243,0
157,243,0
158,243,0
159,243,0
160,243,0
161,243,0
162,243,0
163,243,0
164,243,0
165,243,0
166,243,0
167,243,0
168,243,0
169,243,0
170,243,0
171,243,0
172,243,0
173,243,0
174,243,0
175,243,0
176,243,0
177,243,0
178,243,0
179,243,0
180,243,0
181,243,0
182,243,0
183,243,0
184,243,0
185,243,0
186,243,0
187,243,0
188,243,0
189,243,0
190,243,0
191,243,0
192,243,0
193,243,0
194,243,0
195,243,0
196,243,0
197,243,0
198,243,0
199,243,0
200,243,0
201,243,0
202,243,53
203,243,26
204,243,19
205,243,25
206,243,14
207,243,14
208,243,11
209,243,10
210,243,10
211,243,9
212,243,9
213,243,9
214,243,10
215,243,9
216,243,7
217,243,6
218,243,6
219,243,6
220,243,6
221,243,6
222,243,6
223,243,5
224,243,5
225,243,5
226,243,5
227,243,5
228,243,5
229,243,5
230,243,5
231,243,5
232,243,5
233,243,5
234,243,5
235,243,5
236,243,4
237,243,4
238,243,4
239,243,4
240,243,4
241,243,4
242,243,4
243,243,4
244,243,4
245,243,4
246,243,4
247,243,4
248,243,4
249,243,4
250,243,4
251,243,4
252,243,4
253,243,4
254,243,4
255,243,4
0,244,7
1,244,37
2,244,15
3,244,21
4,244,22
5,244,30
6,244,17
7,244,19
8,244,11
9,244,12
10,244,23
11,244,36
12,244,19
13,244,16
14,244,11
15,244,34
16,244,0
17,244,40
18,244,13
19,244,52
20,244,41
21,244,16
22,244,28
23,244,12
24,244,48
25,244,56
26,244,0
27,244,0
28,244,0
29,244,0
30,244,0
31,244,0
32,244,0
33,244,43
34,244,18
35,244,17
36,244,16
37,244,30
38,244,11
39,244,18
40,244,36
41,244,11
42,244,9
43,244,9
44,244,43
45,244,40
46,244,16
47,244,0
48,244,47
49,244,17
50,244,49
51,244,16
52,244,37
53,244,56
54,244,28
55,244,24
56,244,55
57,244,0
58,244,9
59,244,8
60,244,9
61,244,30
62,244,50
63,244,0
64,244,57
65,244,17
66,244,46
67,244,0
68,244,18
69,244,40
70,244,55
71,244,63
72,244,13
73,244,0
74,244,0
75,244,15
76,244,16
77,244,44
78,244,0
79,244,0
80,244,54
81,244,0
82,244,39
83,244,0
84,244,0
85,244,0
86,244,0
87,244,0
88,244,0
89,244,0
90,244,0
91,244,0
92,244,0
93,244,0
94,244,52
95,244,0
96,244,0
97,244,0
98,244,0
99,244,0
100,244,0
101,244,0
102,244,0
103,244,0
104,244,0
105,244,0
106,244,0
107,244,0
108,244,0
109,244,0
110,244,0
111,244,0
112,244,0
113,244,0
114,244,0
115,244,0
116,244,0
117,244,0
118,244,0
119,244,0
120,244,0
121,244,0
122,244,0
123,244,0
124,244,0
125,244,0
126,244,0
127,244,0
128,244,0
129,244,0
130,244,0
131,244,0
132,244,0
133,244,0
134,244,0
135,244,0
136,244,0
137,244,0
138,244,0
139,244,0
140,244,0
141,244,0
142,244,0
143,244,0
144,244,0
145,244,0
146,244,0
147,244,0
148,244,0
149,244,0
150,244,0
151,244,0
152,244,0
153,244,0
154,244,0
155,244,0
156,244,0
157,244,0
158,244,0
159,244,0
160,244,0
161,244,0
162,244,0
163,244,0
164,244,0
165,244,0
166,244,0
167,244,0
168,244,0
169,244,0
170,244,0
171,244,0
172,244,0
173,244,0
174,244,0
175,244,0
176,244,0
177,244,0
178,244,0
179,244,0
180,244,0
181,244,0
182,244,0
183,244,0
184,244,0
185,244,0
186,244,0
187,244,0
188,244,0
189,244,0
190,244,0
191,244,0
192,244,0
193,244,0
194,244,0
195,244,0
196,244,0
197,244,0
198,244,0
199,244,0
200,244,0
201,244,0
202,244,0
203,244,46
204,244,23
205,244,18
206,244,15
207,244,14
208,244,16
209,244,11
210,244,10
211,244,10
212,244,9
213,244,9
214,244,9
215,244,16
216,244,8
217,244,7
218,244,6
219,244,6
220,244,6
221,244,6
222,244,6
223,244,6
224,244,5
225,244,5
226,244,5
227,244,5
228,244,5
229,244,5
230,244,5
231,244,5
232,244,5
233,244,5
234,244,5
235,244,5
236,244,5
237,244,4
238,244,4
239,244,4
240,244,4
241,244,4
242,244,4
243,244,4
244,244,4
245,244,4
246,244,4
247,244,4
248,244,4
249,244,4
250,244,4
251,244,4
252,244,4
253,244,4
254,244,4
255,244,4
0,245,7
1,245,18
2,245,26
3,245,24
4,245,55
5,245,12
6,245,16
7,245,58
8,245,33
9,245,16
10,245,41
11,245,22
12,245,55
13,245,40
14,245,12
15,245,31
16,245,16
17,245,34
18,245,11
19,245,17
20,245,20
21,245,22
22,245,12
23,245,30
24,245,19
25,245,15
26,245,36
27,245,0
28,245,0
29,245,0
30,245,0
31,245,0
32,245,47
33,245,51
34,245,33
35,245,12
36,245,16
37,245,48
38,245,45
39,245,33
40,245,21
41,245,11
42,245,10
43,245,9
44,245,11
45,245,46
46,245,50
47,245,18
48,245,16
49,245,0
50,245,23
51,245,3
52,245,30
53,245,0
54,245,8
55,245,13
56,245,31
57,245,21
58,245,8
59,245,54
60,245,0
61,245,43
62,245,62
63,245,20
64,245,59
65,245,19
66,245,35
67,245,0
68,245,13
69,245,0
70,245,6
71,245,0
72,245,23
73,245,0
74,245,19
75,245,44
76,245,0
77,245,36
78,245,0
79,245,0
80,245,62
81,245,0
82,245,0
83,245,30
84,245,2
85,245,41
86,245,0
87,245,0
88,245,0
89,245,0
90,245,0
91,245,0
92,245,0
93,245,0
94,245,0
95,245,0
96,245,0
97,245,0
98,245,0
99,245,0
100,245,0
101,245,0
102,245,0
103,245,0
104,245,0
105,245,0
106,245,0
107,245,0
108,245,0
109,245,0
110,245,0
111,245,0
112,245,0
113,245,0
114,245,0
115,245,0
116,245,0
117,245,0
118,245,0
119,245,0
120,245,0
121,245,0
122,245,0
123,245,0
124,245,0
125,245,0
126,245,0
127,245,0
128,245,0
129,245,0
130,245,0
131,245,0
132,245,0
133,245,0
134,245,0
135,245,0
136,245,0
137,245,0
138,245,0
139,245,0
140,245,0
141,245,0
142,245,0
143,245,0
144,245,0
145,245,0
146,245,0
147,245,0
148,245,0
149,245,0
150,245,0
151,245,0
152,245,0
153,245,0
154,245,0
155,245,0
156,245,0
157,245,0
158,245,0
159,245,0
160,245,0
161,245,0
162,245,0
163,245,0
164,245,0
165,245,0
166,245,0
167,245,0
168,245,0
169,245,0
170,245,0
171,245,0
172,245,0
173,245,0
174,245,0
175,245,0
176,245,0
177,245,0
178,245,0
179,245,0
180,245,0
181,245,0
182,245,0
183,245,0
184,245,0
185,245,0
186,245,0
187,245,0
188,245,0
189,245,0
190,245,0
191,245,0
192,245,0
193,245,0
194,245,0
195,245,0
196,245,0
197,245,0
198,245,0
199,245,0
200,245,0
201,245,0
202,245,0
203,245,53
204,245,31
205,245,24
206,245,20
207,245,15
208,245,18
209,245,25
210,245,10
211,245,10
212,245,10
213,245,10
214,245,10
215,245,10
216,245,18
217,245,7
218,245,7
219,245,6
220,245,6
221,245,6
222,245,6
223,245,6
224,245,6
225,245,5
226,245,5
227,245,5
228,245,5
229,245,5
230,245,5
231,245,5
232,245,5
233,245,5
234,245,5
235,245,5
236,245,5
237,245,5
238,245,5
239,245,5
240,245,5
241,245,5
242,245,5
243,245,5
244,245,5
245,245,4
246,245,4
247,245,4
248,245,4
249,245,4
250,245,4
251,245,4
252,245,4
253,245,4
254,245,4
255,245,4
0,246,10
1,246,9
2,246,16
3,246,11
4,246,21
5,246,52
6,246,30
7,246,9
8,246,39
9,246,54
10,246,35
11,246,1
12,246,52
13,246,15
14,246,45
15,246,44
16,246,21
17,246,11
18,246,12
19,246,60
20,246,21
21,246,18
22,246,52
23,246,18
24,246,18
25,246,18
26,246,42
27,246,39
28,246,0
29,246,0
30,246,0
31,246,25
32,246,35
33,246,46
34,246,25
35,246,11
36,246,15
37,246,31
38,246,50
39,246,31
40,246,15
41,246,16
42,246,63
43,246,10
44,246,0
45,246,43
46,246,0
47,246,56
48,246,13
49,246,44
50,246,38
51,246,15
52,246,0
53,246,0
54,246,6
55,246,0
56,246,37
57,246,28
58,246,21
59,246,44
60,246,61
61,246,48
62,246,49
63,246,0
64,246,11
65,246,0
66,246,12
67,246,55
68,246,18
69,246,0
70,246,15
71,246,28
72,246,28
73,246,0
74,246,0
75,246,19
76,246,0
77,246,18
78,246,0
79,246,0
80,246,0
81,246,41
82,246,0
83,246,0
84,246,28
85,246,12
86,246,43
87,246,0
88,246,0
89,246,0
90,246,0
91,246,35
92,246,0
93,246,0
94,246,0
95,246,0
96,246,0
97,246,0
98,246,0
99,246,8
100,246,0
101,246,0
102,246,0
103,246,0
104,246,0
105,246,0
106,246,0
107,246,0
108,246,0
109,246,0
110,246,0
111,246,0
112,246,0
113,246,0
114,246,0
115,246,0
116,246,0
117,246,0
118,246,0
119,246,0
120,246,0
121,246,0
122,246,0
123,246,0
124,246,0
125,246,0
126,246,0
127,246,0
128,246,0
129,246,0
130,246,0
131,246,0
132,246,0
133,246,0
134,246,0
135,246,0
136,246,0
137,246,0
138,246,0
139,246,0
140,246,0
141,246,0
142,246,0
143,246,0
144,246,0
145,246,0
146,246,0
147,246,0
148,246,0
149,246,0
150,246,0
151,246,0
152,246,0
153,246,0
154,246,0
155,246,0
156,246,0
157,246,0
158,246,0
159,246,0
160,246,0
161,246,0
162,246,0
163,246,0
164,246,0
165,246,0
166,246,0
167,246,0
168,246,0
169,246,0
170,246,0
171,246,0
172,246,0
173,246,0
174,246,0
175,246,0
176,246,0
177,246,0
178,246,0
179,246,0
180,246,0
181,246,0
182,246,0
183,246,0
184,246,0
185,246,0
186,246,0
187,246,0
188,246,0
189,246,0
190,246,0
191,246,0
192,246,0
193,246,0
194,246,0
195,246,0
196,246,0
197,246,0
198,246,0
199,246,0
200,246,0
201,246,0
202,246,0
203,246,0
204,246,51
205,246,27
206,246,21
207,246,19
208,246,14
209,246,16
210,246,12
211,246,10
212,246,10
213,246,10
214,246,10
215,246,10
216,246,13
217,246,10
218,246,7
219,246,6
220,246,6
221,246,6
222,246,6
223,246,6
224,246,6
225,246,6
226,246,5
227,246,5
228,246,5
229,246,5
230,246,5
231,246,5
232,246,5
233,246,5
234,246,5
235,246,5
236,246,5
237,246,5
238,246,5
239,246,5
240,246,5
241,246,5
242,246,5
243,246,5
244,246,5
245,246,5
246,246,5
247,246,5
248,246,4
249,246,4
250,246,4
251,246,4
252,246,4
253,246,4
254,246,4
255,246,4
0,247,41
1,247,11
2,247,48
3,247,21
4,247,11
5,247,53
6,247,18
7,247,32
8,247,13
9,247,40
10,247,11
11,247,12
12,247,21
13,247,31
14,247,24
15,247,26
16,247,19
17,247,13
18,247,19
19,247,33
20,247,49
21,247,44
22,247,57
23,247,12
24,247,54
25,247,14
26,247,27
27,247,30
28,247,0
29,247,0
30,247,0
31,247,0
32,247,0
33,247,40
34,247,57
35,247,15
36,247,39
37,247,24
38,247,23
39,247,51
40,247,44
41,247,26
42,247,6
43,247,20
44,247,15
45,247,21
46,247,9
47,247,22
48,247,1
49,247,33
50,247,22
51,247,53
52,247,0
53,247,39
54,247,38
55,247,11
56,247,48
57,247,33
58,247,0
59,247,26
60,247,46
61,247,48
62,247,12
63,247,24
64,247,0
65,247,54
66,247,25
67,247,29
68,247,49
69,247,16
70,247,57
71,247,0
72,247,13
73,247,32
74,247,0
75,247,0
76,247,0
77,247,0
78,247,58
79,247,0
80,247,27
81,247,0
82,247,48
83,247,0
84,247,0
85,247,0
86,247,0
87,247,34
88,247,17
89,247,0
90,247,0
91,247,0
92,247,0
93,247,0
94,247,0
95,247,10
96,247,0
97,247,0
98,247,0
99,247,0
100,247,0
101,247,0
102,247,0
103,247,0
104,247,0
105,247,0
106,247,0
107,247,0
108,247,0
109,247,0
110,247,0
111,247,0
112,247,0
113,247,0
114,247,0
115,247,0
116,247,0
117,247,0
118,247,0
119,247,0
120,247,0
121,247,0
122,247,0
123,247,0
124,247,0
125,247,0
126,247,0
127,247,0
128,247,0
129,247,0
130,247,0
131,247,0
132,247,0
133,247,0
134,247,0
135,247,0
136,247,0
137,247,0
138,247,0
139,247,0
140,247,0
141,247,0
142,247,0
143,247,0
144,247,0
145,247,0
146,247,0
147,247,0
148,247,0
149,247,0
150,247,0
151,247,0
152,247,0
153,247,0
154,247,0
155,247,0
156,247,0
157,247,0
158,247,0
159,247,0
160,247,0
161,247,0
162,247,0
163,247,0
164,247,0
165,247,0
166,247,0
167,247,0
168,247,0
169,247,0
170,247,0
171,247,0
172,247,0
173,247,0
174,247,0
175,247,0
176,247,0
177,247,0
178,247,0
179,247,0
180,247,0
181,247,0
182,247,0
183,247,0
184,247,0
185,247,0
186,247,0
187,247,0
188,247,0
189,247,0
190,247,0
191,247,0
192,247,0
193,247,0
194,247,0
195,247,0
196,247,0
197,247,0
198,247,0
199,247,0
200,247,0
201,247,0
202,247,0
203,247,0
204,247,0
205,247,40
206,247,24
207,247,19
208,247,16
209,247,15
210,247,15
211,247,11
212,247,10
213,247,10
214,247,11
215,247,11
216,247,11
217,247,15
218,247,8
219,247,7
220,247,6
221,247,6
222,247,6
223,247,6
224,247,6
225,247,6
226,247,6
227,247,5
228,247,5
229,247,5
230,247,5
231,247,5
232,247,5
233,247,5
234,247,5
235,247,5
236,247,5
237,247,5
238,247,5
239,247,5
240,247,5
241,247,5
242,247,5
243,247,5
244,247,5
245,247,5
246,247,5
247,247,5
248,247,5
249,247,5
250,247,4
251,247,4
252,247,4
253,247,4
254,247,4
255,247,4
0,248,15
1,248,28
2,248,17
3,248,22
4,248,12
5,248,20
6,248,22
7,248,13
8,248,13
9,248,28
10,248,9
11,248,13
12,248,11
13,248,15
14,248,0
15,248,42
16,248,31
17,248,26
18,248,20
19,248,19
20,248,30
21,248,15
22,248,62
23,248,32
24,248,27
25,248,11
26,248,33
27,248,28
28,248,0
29,248,43
30,248,37
31,248,53
32,248,41
33,248,36
34,248,28
35,248,63
36,248,59
37,248,15
38,248,17
39,248,11
40,248,19
41,248,18
42,248,34
43,248,21
44,248,28
45,248,40
46,248,12
47,248,14
48,248,38
49,248,18
50,248,32
51,248,59
52,248,27
53,248,58
54,248,6
55,248,24
56,248,0
57,248,13
58,248,0
59,248,0
60,248,20
61,248,37
62,248,12
63,248,0
64,248,25
65,248,51
66,248,51
67,248,22
68,248,15
69,248,27
70,248,56
71,248,8
72,248,60
73,248,16
74,248,16
75,248,0
76,248,0
77,248,0
78,248,60
79,248,20
80,248,0
81,248,29
82,248,5
83,248,0
84,248,0
85,248,52
86,248,23
87,248,53
88,248,0
89,248,0
90,248,0
91,248,30
92,248,0
93,248,0
94,248,0
95,248,21
96,248,0
97,248,0
98,248,0
99,248,0
100,248,0
101,248,0
102,248,0
103,248,0
104,248,0
105,248,0
106,248,0
107,248,0
108,248,0
109,248,0
110,248,0
111,248,0
112,248,0
113,248,0
114,248,0
115,248,0
116,248,0
117,248,0
118,248,0
119,248,0
120,248,0
121,248,0
122,248,0
123,248,0
124,248,0
125,248,0
126,248,0
127,248,0
128,248,0
129,248,0
130,248,0
131,248,0
132,248,0
133,248,0
134,248,0
135,248,0
136,248,0
137,248,0
138,248,0
139,248,0
140,248,0
141,248,0
142,248,0
143,248,0
144,248,0
145,248,0
146,248,0
147,248,0
148,248,0
149,248,0
150,248,0
151,248,0
152,248,0
153,248,0
154,248,0
155,248,0
156,248,0
157,248,0
158,248,0
159,248,0
160,248,0
161,248,0
162,248,0
163,248,0
164,248,0
165,248,0
166,248,0
167,248,0
168,248,0
169,248,0
170,248,0
171,248,0
172,248,0
173,248,0
174,248,0
175,248,0
176,248,0
177,248,0
178,248,0
179,248,0
180,248,0
181,248,0
182,248,0
183,248,0
184,248,0
185,248,0
186,248,0
187,248,0
188,248,0
189,248,0
190,248,0
191,248,0
192,248,0
193,248,0
194,248,0
195,248,0
196,248,0
197,248,0
198,248,0
199,248,0
200,248,0
201,248,0
202,248,0
203,248,0
204,248,0
205,248,0
206,248,33
207,248,24
208,248,21
209,248,15
210,248,16
211,248,13
212,248,11
213,248,10
214,248,10
215,248,14
216,248,11
217,248,12
218,248,14
219,248,7
220,248,7
221,248,6
222,248,6
223,248,6
224,248,6
225,248,6
226,248,6
227,248,6
228,248,5
229,248,5
230,248,5
231,248,5
232,248,5
233,248,5
234,248,5
235,248,5
236,248,5
237,248,5
238,248,5
239,248,5
240,248,5
241,248,5
242,248,5
243,248,5
244,248,5
245,248,5
246,248,5
247,248,5
248,248,5
249,248,5
250,248,5
251,248,5
252,248,4
253,248,4
254,248,4
255,248,4
0,249,19
1,249,22
2,249,17
3,249,24
4,249,28
5,249,31
6,249,45
7,249,9
8,249,7
9,249,8
10,249,8
11,249,10
12,249,23
13,249,15
14,249,18
15,249,39
16,249,23
17,249,19
18,249,16
19,249,21
20,249,14
21,249,10
22,249,9
23,249,32
24,249,35
25,249,26
26,249,40
27,249,18
28,249,35
29,249,0
30,249,29
31,249,42
32,249,20
33,249,12
34,249,26
35,249,43
36,249,28
37,249,24
38,249,19
39,249,30
40,249,29
41,249,47
42,249,19
43,249,2
44,249,37
45,249,58
46,249,15
47,249,8
48,249,57
49,249,37
50,249,13
51,249,58
52,249,17
53,249,0
54,249,53
55,249,19
56,249,31
57,249,0
58,249,52
59,249,45
60,249,0
61,249,3
62,249,51
63,249,21
64,249,22
65,249,7
66,249,11
67,249,4
68,249,56
69,249,26
70,249,0
71,249,0
72,249,15
73,249,0
74,249,0
75,249,0
76,249,0
77,249,0
78,249,56
79,249,15
80,249,0
81,249,0
82,249,0
83,249,19
84,249,0
85,249,32
86,249,0
87,249,0
88,249,0
89,249,34
90,249,0
91,249,0
92,249,0
93,249,17
94,249,0
95,249,14
96,249,0
97,249,40
98,249,0
99,249,0
100,249,0
101,249,49
102,249,0
103,249,0
104,249,0
105,249,0
106,249,0
107,249,0
108,249,0
109,249,0
110,249,0
111,249,0
112,249,0
113,249,0
114,249,0
115,249,0
116,249,0
117,249,0
118,249,0
119,249,0
120,249,0
121,249,0
122,249,0
123,249,0
124,249,0
125,249,0
126,249,0
127,249,0
128,249,0
129,249,0
130,249,0
131,249,0
132,249,0
133,249,0
134,249,0
135,249,0
136,249,0
137,249,0
138,249,0
139,249,0
140,249,0
141,249,0
142,249,0
143,249,0
144,249,0
145,249,0
146,249,0
147,249,0
148,249,0
149,249,0
150,249,0
151,249,0
152,249,0
153,249,0
154,249,0
155,249,0
156,249,0
157,249,0
158,249,0
159,249,0
160,249,0
161,249,0
162,249,0
163,249,0
164,249,0
165,249,0
166,249,0
167,249,0
168,249,0
169,249,0
170,249,0
171,249,0
172,249,0
173,249,0
174,249,0
175,249,0
176,249,0
177,249,0
178,249,0
179,249,0
180,249,0
181,249,0
182,249,0
183,249,0
184,249,0
185,249,0
186,249,0
187,249,0
188,249,0
189,249,0
190,249,0
191,249,0
192,249,0
193,249,0
194,249,0
195,249,0
196,249,0
197,249,0
198,249,0
199,249,0
200,249,0
201,249,0
202,249,0
203,249,0
204,249,0
205,249,0
206,249,28
207,249,30
208,249,22
209,249,19
210,249,15
211,249,16
212,249,12
213,249,11
214,249,10
215,249,11
216,249,14
217,249,11
218,249,14
219,249,10
220,249,7
221,249,7
222,249,6
223,249,6
224,249,6
225,249,6
226,249,6
227,249,6
228,249,6
229,249,5
230,249,5
231,249,5
232,249,5
233,249,5
234,249,5
235,249,5
236,249,5
237,249,5
238,249,5
239,249,5
240,249,5
241,249,5
242,249,5
243,249,5
244,249,5
245,249,5
246,249,5
247,249,5
248,249,5
249,249,5
250,249,5
251,249,5
252,249,5
253,249,5
254,249,4
255,249,4
0,250,15
1,250,9
2,250,14
3,250,12
4,250,20
5,250,11
6,250,19
7,250,8
8,250,7
9,250,8
10,250,8
11,250,32
12,250,45
13,250,19
14,250,36
15,250,45
16,250,11
17,250,35
18,250,51
19,250,0
20,250,16
21,250,34
22,250,10
23,250,18
24,250,28
25,250,27
26,250,12
27,250,30
28,250,0
29,250,0
30,250,53
31,250,23
32,250,14
33,250,28
34,250,27
35,250,39
36,250,25
37,250,47
38,250,42
39,250,32
40,250,31
41,250,60
42,250,12
43,250,36
44,250,1
45,250,0
46,250,29
47,250,43
48,250,40
49,250,13
50,250,11
51,250,33
52,250,24
53,250,28
54,250,26
55,250,38
56,250,14
57,250,26
58,250,24
59,250,4
60,250,49
61,250,21
62,250,24
63,250,0
64,250,0
65,250,14
66,250,36
67,250,30
68,250,58
69,250,27
70,250,59
71,250,44
72,250,0
73,250,49
74,250,24
75,250,0
76,250,0
77,250,29
78,250,26
79,250,41
80,250,0
81,250,0
82,250,0
83,250,0
84,250,0
85,250,0
86,250,58
87,250,13
88,250,43
89,250,63
90,250,0
91,250,48
92,250,0
93,250,5
94,250,0
95,250,37
96,250,16
97,250,25
98,250,0
99,250,0
100,250,0
101,250,0
102,250,0
103,250,13
104,250,0
105,250,0
106,250,14
107,250,0
108,250,0
109,250,0
110,250,0
111,250,0
112,250,0
113,250,0
114,250,0
115,250,0
116,250,0
117,250,0
118,250,0
119,250,0
120,250,0
121,250,0
122,250,0
123,250,0
124,250,0
125,250,0
126,250,0
127,250,0
128,250,0
129,250,0
130,250,0
131,250,0
132,250,0
133,250,0
134,250,0
135,250,0
136,250,0
137,250,0
138,250,0
139,250,0
140,250,0
141,250,0
142,250,0
143,250,0
144,250,0
145,250,0
146,250,0
147,250,0
148,250,0
149,250,0
150,250,0
151,250,0
152,250,0
153,250,0
154,250,0
155,250,0
156,250,0
157,250,0
158,250,0
159,250,0
160,250,0
161,250,0
162,250,0
163,250,0
164,250,0
165,250,0
166,250,0
167,250,0
168,250,0
169,250,0
170,250,0
171,250,0
172,250,0
173,250,0
174,250,0
175,250,0
176,250,0
177,250,0
178,250,0
179,250,0
180,250,0
181,250,0
182,250,0
183,250,0
184,250,0
185,250,0
186,250,0
187,250,0
188,250,0
189,250,0
190,250,0
191,250,0
192,250,0
193,250,0
194,250,0
195,250,0
196,250,0
197,250,0
198,250,0
199,250,0
200,250,0
201,250,0
202,250,0
203,250,0
204,250,0
205,250,0
206,250,0
207,250,50
208,250,29
209,250,21
210,250,17
211,250,16
212,250,14
213,250,12
214,250,11
215,250,10
216,250,11
217,250,12
218,250,10
219,250,12
220,250,8
221,250,7
222,250,6
223,250,6
224,250,6
225,250,6
226,250,6
227,250,6
228,250,6
229,250,6
230,250,5
231,250,5
232,250,5
233,250,5
234,250,5
235,250,5
236,250,5
237,250,5
238,250,5
239,250,5
240,250,5
241,250,5
242,250,5
243,250,5
244,250,5
245,250,5
246,250,5
247,250,5
248,250,5
249,250,5
250,250,5
251,250,5
252,250,5
253,250,5
254,250,5
255,250,4
0,251,24
1,251,7
2,251,23
3,251,37
4,251,27
5,251,18
6,251,8
7,251,7
8,251,7
9,251,8
10,251,9
11,251,22
12,251,14
13,251,23
14,251,33
15,251,17
16,251,14
17,251,26
18,251,7
19,251,17
20,251,62
21,251,11
22,251,31
23,251,49
24,251,12
25,251,17
26,251,46
27,251,22
28,251,45
29,251,26
30,251,38
31,251,50
32,251,56
33,251,19
34,251,36
35,251,26
36,251,24
37,251,40
38,251,15
39,251,29
40,251,20
41,251,53
42,251,19
43,251,55
44,251,0
45,251,16
46,251,31
47,251,63
48,251,38
49,251,10
50,251,11
51,251,17
52,251,39
53,251,3
54,251,16
55,251,36
56,251,53
57,251,30
58,251,59
59,251,34
60,251,35
61,251,57
62,251,60
63,251,49
64,251,10
65,251,63
66,251,9
67,251,51
68,251,21
69,251,33
70,251,0
71,251,62
72,251,11
73,251,0
74,251,24
75,251,0
76,251,0
77,251,41
78,251,0
79,251,0
80,251,0
81,251,60
82,251,30
83,251,0
84,251,20
85,251,6
86,251,0
87,251,0
88,251,29
89,251,5
90,251,54
91,251,46
92,251,0
93,251,33
94,251,45
95,251,0
96,251,19
97,251,32
98,251,0
99,251,0
100,251,0
101,251,56
102,251,0
103,251,0
104,251,0
105,251,0
106,251,0
107,251,0
108,251,27
109,251,4
110,251,0
111,251,0
112,251,0
113,251,0
114,251,0
115,251,0
116,251,0
117,251,0
118,251,0
119,251,0
120,251,0
121,251,0
122,251,0
123,251,0
124,251,0
125,251,0
126,251,0
127,251,0
128,251,0
129,251,0
130,251,0
131,251,0
132,251,0
133,251,0
134,251,0
135,251,0
136,251,0
137,251,0
138,251,0
139,251,0
140,251,0
141,251,0
142,251,0
143,251,0
144,251,0
145,251,0
146,251,0
147,251,0
148,251,0
149,251,0
150,251,0
151,251,0
152,251,0
153,251,0
154,251,0
155,251,0
156,251,0
157,251,0
158,251,0
159,251,0
160,251,0
161,251,0
162,251,0
163,251,0
164,251,0
165,251,0
166,251,0
167,251,0
168,251,0
169,251,0
170,251,0
171,251,0
172,251,0
173,251,0
174,251,0
175,251,0
176,251,0
177,251,0
178,251,0
179,251,0
180,251,0
181,251,0
182,251,0
183,251,0
184,251,0
185,251,0
186,251,0
187,251,0
188,251,0
189,251,0
190,251,0
191,251,0
192,251,0
193,251,0
194,251,0
195,251,0
196,251,0
197,251,0
198,251,0
199,251,0
200,251,0
201,251,0
202,251,0
203,251,0
204,251,0
205,251,0
206,251,0
207,251,0
208,251,50
209,251,28
210,251,54
211,251,17
212,251,15
213,251,13
214,251,11
215,251,11
216,251,11
217,251,12
218,251,11
219,251,10
220,251,18
221,251,7
222,251,7
223,251,6
224,251,6
225,251,6
226,251,6
227,251,6
228,251,6
229,251,6
230,251,6
231,251,5
232,251,5
233,251,5
234,251,5
235,251,5
236,251,5
237,251,5
238,251,5
239,251,5
240,251,5
241,251,5
242,251,5
243,251,5
244,251,5
245,251,5
246,251,5
247,251,5
248,251,5
249,251,5
250,251,5
251,251,5
252,251,5
253,251,5
254,251,5
255,251,5
0,252,33
1,252,9
2,252,12
3,252,19
4,252,35
5,252,10
6,252,8
7,252,9
8,252,7
9,252,15
10,252,12
11,252,43
12,252,13
13,252,14
14,252,13
15,252,31
16,252,9
17,252,8
18,252,15
19,252,16
20,252,38
21,252,17
22,252,26
23,252,19
24,252,31
25,252,17
26,252,17
27,252,49
28,252,33
29,252,39
30,252,21
31,252,44
32,252,39
33,252,24
34,252,13
35,252,28
36,252,9
37,252,8
38,252,4
39,252,47
40,252,5
41,252,13
42,252,7
43,252,55
44,252,18
45,252,37
46,252,27
47,252,58
48,252,26
49,252,10
50,252,28
51,252,14
52,252,52
53,252,24
54,252,14
55,252,23
56,252,0
57,252,41
58,252,10
59,252,15
60,252,18
61,252,22
62,252,0
63,252,45
64,252,51
65,252,4
66,252,17
67,252,12
68,252,56
69,252,20
70,252,18
71,252,46
72,252,25
73,252,59
74,252,8
75,252,30
76,252,57
77,252,61
78,252,53
79,252,38
80,252,32
81,252,0
82,252,38
83,252,58
84,252,0
85,252,0
86,252,43
87,252,0
88,252,36
89,252,32
90,252,50
91,252,16
92,252,0
93,252,0
94,252,41
95,252,0
96,252,0
97,252,14
98,252,0
99,252,0
100,252,0
101,252,0
102,252,62
103,252,0
104,252,0
105,252,0
106,252,0
107,252,0
108,252,0
109,252,0
110,252,0
111,252,0
112,252,0
113,252,0
114,252,0
115,252,0
116,252,0
117,252,0
118,252,0
119,252,0
120,252,0
121,252,0
122,252,0
123,252,0
124,252,0
125,252,0
126,252,0
127,252,0
128,252,0
129,252,0
130,252,0
131,252,0
132,252,0
133,252,0
134,252,0
135,252,0
136,252,0
137,252,0
138,252,0
139,252,0
140,252,0
141,252,0
142,252,0
143,252,0
144,252,0
145,252,0
146,252,0
147,252,0
148,252,0
149,252,0
150,252,0
151,252,0
152,252,0
153,252,0
154,252,0
155,252,0
156,252,0
157,252,0
158,252,0
159,252,0
160,252,0
161,252,0
162,252,0
163,252,0
164,252,0
165,252,0
166,252,0
167,252,0
168,252,0
169,252,0
170,252,0
171,252,0
172,252,0
173,252,0
174,252,0
175,252,0
176,252,0
177,252,0
178,252,0
179,252,0
180,252,0
181,252,0
182,252,0
183,252,0
184,252,0
185,252,0
186,252,0
187,252,0
188,252,0
189,252,0
190,252,0
191,252,0
192,252,0
193,252,0
194,252,0
195,252,0
196,252,0
197,252,0
198,252,0
199,252,0
200,252,0
201,252,0
202,252,0
203,252,0
204,252,0
205,252,0
206,252,0
207,252,0
208,252,0
209,252,47
210,252,27
211,252,20
212,252,20
213,252,14
214,252,12
215,252,11
216,252,11
217,252,11
218,252,13
219,252,10
220,252,10
221,252,8
222,252,7
223,252,7
224,252,6
225,252,6
226,252,6
227,252,6
228,252,6
229,252,6
230,252,6
231,252,6
232,252,5
233,252,5
234,252,5
235,252,5
236,252,5
237,252,5
238,252,5
239,252,5
240,252,5
241,252,5
242,252,5
243,252,5
244,252,5
245,252,5
246,252,5
247,252,5
248,252,5
249,252,5
250,252,5
251,252,5
252,252,5
253,252,5
254,252,5
255,252,5
0,253,20
1,253,16
2,253,9
3,253,24
4,253,19
5,253,15
6,253,10
7,253,22
8,253,8
9,253,12
10,253,13
11,253,25
12,253,26
13,253,39
14,253,24
15,253,57
16,253,8
17,253,8
18,253,11
19,253,47
20,253,10
21,253,12
22,253,18
23,253,58
24,253,11
25,253,21
26,253,11
27,253,23
28,253,29
29,253,16
30,253,12
31,253,19
32,253,51
33,253,11
34,253,43
35,253,39
36,253,8
37,253,10
38,253,36
39,253,34
40,253,10
41,253,48
42,253,19
43,253,5
44,253,42
45,253,12
46,253,36
47,253,36
48,253,11
49,253,25
50,253,11
51,253,12
52,253,33
53,253,36
54,253,39
55,253,43
56,253,25
57,253,14
58,253,10
59,253,28
60,253,36
61,253,50
62,253,1
63,253,47
64,253,59
65,253,42
66,253,0
67,253,24
68,253,13
69,253,29
70,253,22
71,253,0
72,253,61
73,253,40
74,253,39
75,253,0
76,253,12
77,253,62
78,253,20
79,253,59
80,253,54
81,253,0
82,253,59
83,253,12
84,253,0
85,253,0
86,253,31
87,253,52
88,253,10
89,253,20
90,253,16
91,253,48
92,253,0
93,253,0
94,253,45
95,253,10
96,253,53
97,253,0
98,253,0
99,253,34
100,253,53
101,253,0
102,253,0
103,253,0
104,253,0
105,253,0
106,253,22
107,253,0
108,253,0
109,253,57
110,253,0
111,253,0
112,253,0
113,253,0
114,253,0
115,253,0
116,253,0
117,253,0
118,253,0
119,253,0
120,253,0
121,253,0
122,253,0
123,253,0
124,253,0
125,253,0
126,253,0
127,253,0
128,253,0
129,253,0
130,253,0
131,253,0
132,253,0
133,253,0
134,253,0
135,253,0
136,253,0
137,253,0
138,253,0
139,253,0
140,253,0
141,253,0
142,253,0
143,253,0
144,253,0
145,253,0
146,253,0
147,253,0
148,253,0
149,253,0
150,253,0
151,253,0
152,253,0
153,253,0
154,253,0
155,253,0
156,253,0
157,253,0
158,253,0
159,253,0
160,253,0
161,253,0
162,253,0
163,253,0
164,253,0
165,253,0
166,253,0
167,253,0
168,253,0
169,253,0
170,253,0
171,253,0
172,253,0
173,253,0
174,253,0
175,253,0
176,253,0
177,253,0
178,253,0
179,253,0
180,253,0
181,253,0
182,253,0
183,253,0
184,253,0
185,253,0
186,253,0
187,253,0
188,253,0
189,253,0
190,253,0
191,253,0
192,253,0
193,253,0
194,253,0
195,253,0
196,253,0
197,253,0
198,253,0
199,253,0
200,253,0
201,253,0
202,253,0
203,253,0
204,253,0
205,253,0
206,253,0
207,253,0
208,253,0
209,253,0
210,253,0
211,253,27
212,253,23
213,253,16
214,253,14
215,253,12
216,253,11
217,253,11
218,253,11
219,253,16
220,253,9
221,253,9
222,253,8
223,253,7
224,253,7
225,253,6
226,253,6
227,253,6
228,253,6
229,253,6
230,253,6
231,253,6
232,253,6
233,253,5
234,253,5
235,253,5
236,253,5
237,253,5
238,253,5
239,253,5
240,253,5
241,253,5
242,253,5
243,253,5
244,253,5
245,253,5
246,253,5
247,253,5
248,253,5
249,253,5
250,253,5
251,253,5
252,253,5
253,253,5
254,253,5
255,253,5
0,254,32
1,254,15
2,254,19
3,254,26
4,254,29
5,254,13
6,254,61
7,254,20
8,254,11
9,254,10
10,254,23
11,254,14
12,254,1
13,254,11
14,254,12
15,254,10
16,254,8
17,254,7
18,254,7
19,254,7
20,254,7
21,254,7
22,254,4
23,254,10
24,254,10
25,254,11
26,254,47
27,254,12
28,254,15
29,254,13
30,254,37
31,254,20
32,254,15
33,254,48
34,254,47
35,254,16
36,254,20
37,254,40
38,254,38
39,254,21
40,254,12
41,254,45
42,254,31
43,254,32
44,254,26
45,254,16
46,254,40
47,254,27
48,254,0
49,254,19
50,254,0
51,254,62
52,254,43
53,254,22
54,254,21
55,254,12
56,254,22
57,254,13
58,254,24
59,254,45
60,254,21
61,254,0
62,254,57
63,254,32
64,254,10
65,254,4
66,254,24
67,254,58
68,254,27
69,254,57
70,254,48
71,254,7
72,254,10
73,254,49
74,254,33
75,254,63
76,254,0
77,254,8
78,254,45
79,254,26
80,254,22
81,254,44
82,254,33
83,254,60
84,254,0
85,254,0
86,254,41
87,254,50
88,254,10
89,254,40
90,254,0
91,254,10
92,254,0
93,254,40
94,254,45
95,254,0
96,254,23
97,254,35
98,254,53
99,254,56
100,254,0
101,254,0
102,254,20
103,254,38
104,254,0
105,254,0
106,254,0
107,254,0
108,254,28
109,254,0
110,254,0
111,254,0
112,254,0
113,254,50
114,254,0
115,254,0
116,254,0
117,254,0
118,254,0
119,254,0
120,254,0
121,254,0
122,254,0
123,254,0
124,254,0
125,254,0
126,254,0
127,254,0
128,254,0
129,254,0
130,254,0
131,254,0
132,254,0
133,254,0
134,254,0
135,254,0
136,254,0
137,254,0
138,254,0
139,254,0
140,254,0
141,254,0
142,254,0
143,254,0
144,254,0
145,254,0
146,254,0
147,254,0
148,254,0
149,254,0
150,254,0
151,254,0
152,254,0
153,254,0
154,254,0
155,254,0
156,254,0
157,254,0
158,254,0
159,254,0
160,254,0
161,254,0
162,254,0
163,254,0
164,254,0
165,254,0
166,254,0
167,254,0
168,254,0
169,254,0
170,254,0
171,254,0
172,254,0
173,254,0
174,254,0
175,254,0
176,254,0
177,254,0
178,254,0
179,254,0
180,254,0
181,254,0
182,254,0
183,254,0
184,254,0
185,254,0
186,254,0
187,254,0
188,254,0
189,254,0
190,254,0
191,254,0
192,254,0
193,254,0
194,254,0
195,254,0
196,254,0
197,254,0
198,254,0
199,254,0
200,254,0
201,254,0
202,254,0
203,254,0
204,254,0
205,254,0
206,254,0
207,254,0
208,254,0
209,254,0
210,254,0
211,254,0
212,254,28
213,254,21
214,254,16
215,254,13
216,254,12
217,254,11
218,254,11
219,254,11
220,254,10
221,254,9
222,254,8
223,254,7
224,254,7
225,254,7
226,254,6
227,254,6
228,254,6
229,254,6
230,254,6
231,254,6
232,254,6
233,254,6
234,254,6
235,254,5
236,254,5
237,254,5
238,254,5
239,254,5
240,254,5
241,254,5
242,254,5
243,254,5
244,254,5
245,254,5
246,254,5
247,254,5
248,254,5
249,254,5
250,254,5
251,254,5
252,254,5
253,254,5
254,254,5
255,254,6
0,255,0
1,255,26
2,255,13
3,255,9
4,255,39
5,255,21
6,255,41
7,255,10
8,255,24
9,255,17
10,255,19
11,255,62
12,255,23
13,255,12
14,255,33
15,255,17
16,255,10
17,255,6
18,255,6
19,255,6
20,255,6
21,255,6
22,255,9
23,255,28
24,255,11
25,255,43
26,255,21
27,255,21
28,255,16
29,255,12
30,255,9
31,255,19
32,255,55
33,255,16
34,255,16
35,255,49
36,255,21
37,255,9
38,255,8
39,255,27
40,255,57
41,255,17
42,255,26
43,255,10
44,255,13
45,255,31
46,255,27
47,255,16
48,255,61
49,255,19
50,255,22
51,255,19
52,255,50
53,255,11
54,255,30
55,255,40
56,255,42
57,255,29
58,255,3
59,255,0
60,255,25
61,255,33
62,255,14
63,255,7
64,255,6
65,255,7
66,255,10
67,255,8
68,255,7
69,255,0
70,255,39
71,255,55
72,255,0
73,255,45
74,255,51
75,255,25
76,255,14
77,255,0
78,255,8
79,255,8
80,255,0
81,255,2
82,255,24
83,255,0
84,255,38
85,255,24
86,255,15
87,255,18
88,255,38
89,255,28
90,255,52
91,255,0
92,255,1
93,255,12
94,255,10
95,255,0
96,255,0
97,255,0
98,255,22
99,255,0
100,255,0
101,255,17
102,255,0
103,255,0
104,255,0
105,255,13
106,255,0
107,255,0
108,255,0
109,255,0
110,255,0
111,255,0
112,255,0
113,255,0
114,255,0
115,255,0
116,255,0
117,255,0
118,255,0
119,255,0
120,255,0
121,255,0
122,255,0
123,255,0
124,255,0
125,255,0
126,255,0
127,255,0
128,255,0
129,255,0
130,255,0
131,255,0
132,255,0
133,255,0
134,255,0
135,255,0
136,255,0
137,255,0
138,255,0
139,255,0
140,255,0
141,255,0
142,255,0
143,255,0
144,255,0
145,255,0
146,255,0
147,255,0
148,255,0
149,255,0
150,255,0
151,255,0
152,255,0
153,255,0
154,255,0
155,255,0
156,255,0
157,255,0
158,255,0
159,255,0
160,255,0
161,255,0
162,255,0
163,255,0
164,255,0
165,255,0
166,255,0
167,255,0
168,255,0
169,255,0
170,255,0
171,255,0
172,255,0
173,255,0
174,255,0
175,255,0
176,255,0
177,255,0
178,255,0
179,255,0
180,255,0
181,255,0
182,255,0
183,255,0
184,255,0
185,255,0
186,255,0
187,255,0
188,255,0
189,255,0
190,255,0
191,255,0
192,255,0
193,255,0
194,255,0
195,255,0
196,255,0
197,255,0
198,255,0
199,255,0
200,255,0
201,255,0
202,255,0
203,255,0
204,255,0
205,255,0
206,255,0
207,255,0
208,255,0
209,255,0
210,255,0
211,255,0
212,255,0
213,255,28
214,255,23
215,255,16
216,255,13
217,255,12
218,255,11
219,255,10
220,255,10
221,255,9
222,255,9
223,255,8
224,255,7
225,255,7
226,255,6
227,255,6
228,255,6
229,255,6
230,255,6
231,255,6
232,255,6
233,255,6
234,255,6
235,255,6
236,255,5
237,255,5
238,255,5
239,255,5
240,255,5
241,255,5
242,255,5
243,255,5
244,255,5
245,255,5
246,255,5
247,255,5
248,255,5
249,255,5
250,255,5
251,255,5
252,255,5
253,255,5
254,255,5
255,255,6
