col,row,iters
0,0,3
1,0,3
2,0,3
3,0,3
4,0,3
5,0,3
6,0,3
7,0,3
8,0,3
9,0,3
10,0,3
11,0,3
12,0,3
13,0,3
14,0,3
15,0,3
16,0,3
17,0,3
18,0,3
19,0,3
20,0,3
21,0,3
22,0,3
23,0,3
24,0,3
25,0,3
26,0,3
27,0,3
28,0,3
29,0,3
30,0,3
31,0,3
32,0,3
33,0,3
34,0,3
35,0,3
36,0,3
37,0,3
38,0,3
39,0,3
40,0,4
41,0,4
42,0,4
43,0,4
44,0,4
45,0,4
46,0,4
47,0,4
48,0,4
49,0,4
50,0,4
51,0,4
52,0,4
53,0,4
54,0,4
55,0,4
56,0,4
57,0,4
58,0,4
59,0,4
60,0,4
61,0,4
62,0,4
63,0,4
64,0,4
65,0,4
66,0,4
67,0,4
68,0,4
69,0,4
70,0,4
71,0,4
72,0,4
73,0,4
74,0,4
75,0,4
76,0,4
77,0,4
78,0,4
79,0,5
80,0,5
81,0,5
82,0,5
83,0,5
84,0,5
85,0,5
86,0,5
87,0,5
88,0,5
89,0,5
90,0,5
91,0,5
92,0,5
93,0,5
94,0,6
95,0,6
96,0,6
97,0,6
98,0,6
99,0,6
100,0,7
101,0,7
102,0,7
103,0,8
104,0,8
105,0,9
106,0,9
107,0,9
108,0,10
109,0,11
110,0,21
111,0,25
112,0,25
113,0,13
114,0,11
115,0,10
116,0,10
117,0,10
118,0,10
119,0,11
120,0,24
121,0,13
122,0,15
123,0,15
124,0,16
125,0,12
126,0,10
127,0,9
128,0,8
129,0,7
130,0,6
131,0,6
132,0,6
133,0,5
134,0,5
135,0,5
136,0,5
137,0,4
138,0,4
139,0,4
140,0,4
141,0,4
142,0,4
143,0,4
144,0,4
145,0,4
146,0,4
147,0,4
148,0,4
149,0,4
150,0,4
151,0,4
152,0,4
153,0,4
154,0,4
155,0,4
156,0,4
157,0,4
158,0,4
159,0,4
160,0,4
161,0,4
162,0,4
163,0,4
164,0,4
165,0,3
166,0,3
167,0,3
168,0,3
169,0,3
170,0,3
171,0,3
172,0,3
173,0,3
174,0,3
175,0,3
176,0,3
177,0,3
178,0,3
179,0,3
180,0,3
181,0,3
182,0,3
183,0,3
184,0,3
185,0,3
186,0,3
187,0,3
188,0,3
189,0,3
190,0,3
191,0,3
192,0,3
193,0,2
194,0,2
195,0,2
196,0,2
197,0,2
198,0,2
199,0,2
200,0,2
201,0,2
202,0,2
203,0,2
204,0,2
205,0,2
206,0,2
207,0,2
208,0,2
209,0,2
210,0,2
211,0,2
212,0,2
213,0,2
214,0,2
215,0,2
216,0,2
217,0,2
218,0,2
219,0,2
220,0,2
221,0,2
222,0,2
223,0,2
224,0,2
225,0,2
226,0,2
227,0,2
228,0,2
229,0,2
230,0,2
231,0,2
232,0,2
233,0,2
234,0,2
235,0,2
236,0,2
237,0,2
238,0,2
239,0,2
240,0,2
241,0,2
242,0,2
243,0,2
244,0,2
245,0,2
246,0,2
247,0,2
248,0,2
249,0,2
250,0,2
251,0,2
252,0,2
253,0,2
254,0,2
255,0,2
0,1,3
1,1,3
2,1,3
3,1,3
4,1,3
5,1,3
6,1,3
7,1,3
8,1,3
9,1,3
10,1,3
11,1,3
12,1,3
13,1,3
14,1,3
15,1,3
16,1,3
17,1,3
18,1,3
19,1,3
20,1,3
21,1,3
22,1,3
23,1,3
24,1,3
25,1,3
26,1,3
27,1,3
28,1,3
29,1,3
30,1,3
31,1,3
32,1,3
33,1,3
34,1,3
35,1,3
36,1,3
37,1,3
38,1,4
39,1,4
40,1,4
41,1,4
42,1,4
43,1,4
44,1,4
45,1,4
46,1,4
47,1,4
48,1,4
49,1,4
50,1,4
51,1,4
52,1,4
53,1,4
54,1,4
55,1,4
56,1,4
57,1,4
58,1,4
59,1,4
60,1,4
61,1,4
62,1,4
63,1,4
64,1,4
65,1,4
66,1,4
67,1,4
68,1,4
69,1,4
70,1,4
71,1,4
72,1,4
73,1,4
74,1,4
75,1,4
76,1,4
77,1,4
78,1,5
79,1,5
80,1,5
81,1,5
82,1,5
83,1,5
84,1,5
85,1,5
86,1,5
87,1,5
88,1,5
89,1,5
90,1,5
91,1,5
92,1,5
93,1,5
94,1,6
95,1,6
96,1,6
97,1,6
98,1,6
99,1,7
100,1,7
101,1,7
102,1,7
103,1,8
104,1,8
105,1,8
106,1,9
107,1,9
108,1,9
109,1,11
110,1,13
111,1,23
112,1,23
113,1,21
114,1,12
115,1,11
116,1,11
117,1,11
118,1,11
119,1,12
120,1,16
121,1,22
122,1,24
123,1,27
124,1,14
125,1,17
126,1,9
127,1,8
128,1,7
129,1,7
130,1,6
131,1,6
132,1,6
133,1,6
134,1,5
135,1,5
136,1,5
137,1,5
138,1,4
139,1,4
140,1,4
141,1,4
142,1,4
143,1,4
144,1,4
145,1,4
146,1,4
147,1,4
148,1,4
149,1,4
150,1,4
151,1,4
152,1,4
153,1,4
154,1,4
155,1,4
156,1,4
157,1,4
158,1,4
159,1,4
160,1,4
161,1,4
162,1,4
163,1,4
164,1,4
165,1,4
166,1,3
167,1,3
168,1,3
169,1,3
170,1,3
171,1,3
172,1,3
173,1,3
174,1,3
175,1,3
176,1,3
177,1,3
178,1,3
179,1,3
180,1,3
181,1,3
182,1,3
183,1,3
184,1,3
185,1,3
186,1,3
187,1,3
188,1,3
189,1,3
190,1,3
191,1,3
192,1,3
193,1,3
194,1,2
195,1,2
196,1,2
197,1,2
198,1,2
199,1,2
200,1,2
201,1,2
202,1,2
203,1,2
204,1,2
205,1,2
206,1,2
207,1,2
208,1,2
209,1,2
210,1,2
211,1,2
212,1,2
213,1,2
214,1,2
215,1,2
216,1,2
217,1,2
218,1,2
219,1,2
220,1,2
221,1,2
222,1,2
223,1,2
224,1,2
225,1,2
226,1,2
227,1,2
228,1,2
229,1,2
230,1,2
231,1,2
232,1,2
233,1,2
234,1,2
235,1,2
236,1,2
237,1,2
238,1,2
239,1,2
240,1,2
241,1,2
242,1,2
243,1,2
244,1,2
245,1,2
246,1,2
247,1,2
248,1,2
249,1,2
250,1,2
251,1,2
252,1,2
253,1,2
254,1,2
255,1,2
0,2,3
1,2,3
2,2,3
3,2,3
4,2,3
5,2,3
6,2,3
7,2,3
8,2,3
9,2,3
10,2,3
11,2,3
12,2,3
13,2,3
14,2,3
15,2,3
16,2,3
17,2,3
18,2,3
19,2,3
20,2,3
21,2,3
22,2,3
23,2,3
24,2,3
25,2,3
26,2,3
27,2,3
28,2,3
29,2,3
30,2,3
31,2,3
32,2,3
33,2,3
34,2,3
35,2,3
36,2,3
37,2,4
38,2,4
39,2,4
40,2,4
41,2,4
42,2,4
43,2,4
44,2,4
45,2,4
46,2,4
47,2,4
48,2,4
49,2,4
50,2,4
51,2,4
52,2,4
53,2,4
54,2,4
55,2,4
56,2,4
57,2,4
58,2,4
59,2,4
60,2,4
61,2,4
62,2,4
63,2,4
64,2,4
65,2,4
66,2,4
67,2,4
68,2,4
69,2,4
70,2,4
71,2,4
72,2,4
73,2,4
74,2,4
75,2,4
76,2,4
77,2,5
78,2,5
79,2,5
80,2,5
81,2,5
82,2,5
83,2,5
84,2,5
85,2,5
86,2,5
87,2,5
88,2,5
89,2,5
90,2,5
91,2,5
92,2,5
93,2,5
94,2,6
95,2,6
96,2,6
97,2,6
98,2,6
99,2,7
100,2,7
101,2,7
102,2,7
103,2,8
104,2,8
105,2,8
106,2,9
107,2,9
108,2,9
109,2,10
110,2,19
111,2,17
112,2,15
113,2,54
114,2,14
115,2,12
116,2,12
117,2,14
118,2,15
119,2,16
120,2,29
121,2,13
122,2,13
123,2,18
124,2,11
125,2,10
126,2,8
127,2,7
128,2,7
129,2,7
130,2,6
131,2,6
132,2,6
133,2,6
134,2,5
135,2,5
136,2,5
137,2,5
138,2,5
139,2,4
140,2,4
141,2,4
142,2,4
143,2,4
144,2,4
145,2,4
146,2,4
147,2,4
148,2,4
149,2,4
150,2,4
151,2,4
152,2,4
153,2,4
154,2,4
155,2,4
156,2,4
157,2,4
158,2,4
159,2,4
160,2,4
161,2,4
162,2,4
163,2,4
164,2,4
165,2,4
166,2,4
167,2,3
168,2,3
169,2,3
170,2,3
171,2,3
172,2,3
173,2,3
174,2,3
175,2,3
176,2,3
177,2,3
178,2,3
179,2,3
180,2,3
181,2,3
182,2,3
183,2,3
184,2,3
185,2,3
186,2,3
187,2,3
188,2,3
189,2,3
190,2,3
191,2,3
192,2,3
193,2,3
194,2,3
195,2,2
196,2,2
197,2,2
198,2,2
199,2,2
200,2,2
201,2,2
202,2,2
203,2,2
204,2,2
205,2,2
206,2,2
207,2,2
208,2,2
209,2,2
210,2,2
211,2,2
212,2,2
213,2,2
214,2,2
215,2,2
216,2,2
217,2,2
218,2,2
219,2,2
220,2,2
221,2,2
222,2,2
223,2,2
224,2,2
225,2,2
226,2,2
227,2,2
228,2,2
229,2,2
230,2,2
231,2,2
232,2,2
233,2,2
234,2,2
235,2,2
236,2,2
237,2,2
238,2,2
239,2,2
240,2,2
241,2,2
242,2,2
243,2,2
244,2,2
245,2,2
246,2,2
247,2,2
248,2,2
249,2,2
250,2,2
251,2,2
252,2,2
253,2,2
254,2,2
255,2,2
0,3,3
1,3,3
2,3,3
3,3,3
4,3,3
5,3,3
6,3,3
7,3,3
8,3,3
9,3,3
10,3,3
11,3,3
12,3,3
13,3,3
14,3,3
15,3,3
16,3,3
17,3,3
18,3,3
19,3,3
20,3,3
21,3,3
22,3,3
23,3,3
24,3,3
25,3,3
26,3,3
27,3,3
28,3,3
29,3,3
30,3,3
31,3,3
32,3,3
33,3,3
34,3,3
35,3,3
36,3,4
37,3,4
38,3,4
39,3,4
40,3,4
41,3,4
42,3,4
43,3,4
44,3,4
45,3,4
46,3,4
47,3,4
48,3,4
49,3,4
50,3,4
51,3,4
52,3,4
53,3,4
54,3,4
55,3,4
56,3,4
57,3,4
58,3,4
59,3,4
60,3,4
61,3,4
62,3,4
63,3,4
64,3,4
65,3,4
66,3,4
67,3,4
68,3,4
69,3,4
70,3,4
71,3,4
72,3,4
73,3,4
74,3,4
75,3,4
76,3,4
77,3,5
78,3,5
79,3,5
80,3,5
81,3,5
82,3,5
83,3,5
84,3,5
85,3,5
86,3,5
87,3,5
88,3,5
89,3,5
90,3,5
91,3,5
92,3,5
93,3,6
94,3,6
95,3,6
96,3,6
97,3,6
98,3,7
99,3,7
100,3,7
101,3,7
102,3,7
103,3,8
104,3,8
105,3,8
106,3,9
107,3,9
108,3,9
109,3,10
110,3,11
111,3,12
112,3,14
113,3,22
114,3,23
115,3,14
116,3,14
117,3,16
118,3,21
119,3,20
120,3,15
121,3,12
122,3,11
123,3,10
124,3,9
125,3,9
126,3,8
127,3,7
128,3,7
129,3,7
130,3,6
131,3,6
132,3,6
133,3,6
134,3,5
135,3,5
136,3,5
137,3,5
138,3,5
139,3,5
140,3,4
141,3,4
142,3,4
143,3,4
144,3,4
145,3,4
146,3,4
147,3,4
148,3,4
149,3,4
150,3,4
151,3,4
152,3,4
153,3,4
154,3,4
155,3,4
156,3,4
157,3,4
158,3,4
159,3,4
160,3,4
161,3,4
162,3,4
163,3,4
164,3,4
165,3,4
166,3,4
167,3,4
168,3,3
169,3,3
170,3,3
171,3,3
172,3,3
173,3,3
174,3,3
175,3,3
176,3,3
177,3,3
178,3,3
179,3,3
180,3,3
181,3,3
182,3,3
183,3,3
184,3,3
185,3,3
186,3,3
187,3,3
188,3,3
189,3,3
190,3,3
191,3,3
192,3,3
193,3,3
194,3,3
195,3,3
196,3,2
197,3,2
198,3,2
199,3,2
200,3,2
201,3,2
202,3,2
203,3,2
204,3,2
205,3,2
206,3,2
207,3,2
208,3,2
209,3,2
210,3,2
211,3,2
212,3,2
213,3,2
214,3,2
215,3,2
216,3,2
217,3,2
218,3,2
219,3,2
220,3,2
221,3,2
222,3,2
223,3,2
224,3,2
225,3,2
226,3,2
227,3,2
228,3,2
229,3,2
230,3,2
231,3,2
232,3,2
233,3,2
234,3,2
235,3,2
236,3,2
237,3,2
238,3,2
239,3,2
240,3,2
241,3,2
242,3,2
243,3,2
244,3,2
245,3,2
246,3,2
247,3,2
248,3,2
249,3,2
250,3,2
251,3,2
252,3,2
253,3,2
254,3,2
255,3,2
0,4,3
1,4,3
2,4,3
3,4,3
4,4,3
5,4,3
6,4,3
7,4,3
8,4,3
9,4,3
10,4,3
11,4,3
12,4,3
13,4,3
14,4,3
15,4,3
16,4,3
17,4,3
18,4,3
19,4,3
20,4,3
21,4,3
22,4,3
23,4,3
24,4,3
25,4,3
26,4,3
27,4,3
28,4,3
29,4,3
30,4,3
31,4,3
32,4,3
33,4,3
34,4,4
35,4,4
36,4,4
37,4,4
38,4,4
39,4,4
40,4,4
41,4,4
42,4,4
43,4,4
44,4,4
45,4,4
46,4,4
47,4,4
48,4,4
49,4,4
50,4,4
51,4,4
52,4,4
53,4,4
54,4,4
55,4,4
56,4,4
57,4,4
58,4,4
59,4,4
60,4,4
61,4,4
62,4,4
63,4,4
64,4,4
65,4,4
66,4,4
67,4,4
68,4,4
69,4,4
70,4,4
71,4,4
72,4,4
73,4,4
74,4,4
75,4,4
76,4,5
77,4,5
78,4,5
79,4,5
80,4,5
81,4,5
82,4,5
83,4,5
84,4,5
85,4,5
86,4,5
87,4,5
88,4,5
89,4,5
90,4,5
91,4,5
92,4,5
93,4,6
94,4,6
95,4,6
96,4,6
97,4,7
98,4,7
99,4,7
100,4,7
101,4,7
102,4,8
103,4,8
104,4,8
105,4,8
106,4,9
107,4,9
108,4,9
109,4,10
110,4,11
111,4,12
112,4,12
113,4,16
114,4,27
115,4,18
116,4,25
117,4,30
118,4,15
119,4,19
120,4,12
121,4,11
122,4,10
123,4,9
124,4,9
125,4,8
126,4,7
127,4,7
128,4,7
129,4,7
130,4,6
131,4,6
132,4,6
133,4,6
134,4,6
135,4,5
136,4,5
137,4,5
138,4,5
139,4,5
140,4,5
141,4,4
142,4,4
143,4,4
144,4,4
145,4,4
146,4,4
147,4,4
148,4,4
149,4,4
150,4,4
151,4,4
152,4,4
153,4,4
154,4,4
155,4,4
156,4,4
157,4,4
158,4,4
159,4,4
160,4,4
161,4,4
162,4,4
163,4,4
164,4,4
165,4,4
166,4,4
167,4,4
168,4,4
169,4,3
170,4,3
171,4,3
172,4,3
173,4,3
174,4,3
175,4,3
176,4,3
177,4,3
178,4,3
179,4,3
180,4,3
181,4,3
182,4,3
183,4,3
184,4,3
185,4,3
186,4,3
187,4,3
188,4,3
189,4,3
190,4,3
191,4,3
192,4,3
193,4,3
194,4,3
195,4,3
196,4,3
197,4,3
198,4,2
199,4,2
200,4,2
201,4,2
202,4,2
203,4,2
204,4,2
205,4,2
206,4,2
207,4,2
208,4,2
209,4,2
210,4,2
211,4,2
212,4,2
213,4,2
214,4,2
215,4,2
216,4,2
217,4,2
218,4,2
219,4,2
220,4,2
221,4,2
222,4,2
223,4,2
224,4,2
225,4,2
226,4,2
227,4,2
228,4,2
229,4,2
230,4,2
231,4,2
232,4,2
233,4,2
234,4,2
235,4,2
236,4,2
237,4,2
238,4,2
239,4,2
240,4,2
241,4,2
242,4,2
243,4,2
244,4,2
245,4,2
246,4,2
247,4,2
248,4,2
249,4,2
250,4,2
251,4,2
252,4,2
253,4,2
254,4,2
255,4,2
0,5,3
1,5,3
2,5,3
3,5,3
4,5,3
5,5,3
6,5,3
7,5,3
8,5,3
9,5,3
10,5,3
11,5,3
12,5,3
13,5,3
14,5,3
15,5,3
16,5,3
17,5,3
18,5,3
19,5,3
20,5,3
21,5,3
22,5,3
23,5,3
24,5,3
25,5,3
26,5,3
27,5,3
28,5,3
29,5,3
30,5,3
31,5,3
32,5,3
33,5,4
34,5,4
35,5,4
36,5,4
37,5,4
38,5,4
39,5,4
40,5,4
41,5,4
42,5,4
43,5,4
44,5,4
45,5,4
46,5,4
47,5,4
48,5,4
49,5,4
50,5,4
51,5,4
52,5,4
53,5,4
54,5,4
55,5,4
56,5,4
57,5,4
58,5,4
59,5,4
60,5,4
61,5,4
62,5,4
63,5,4
64,5,4
65,5,4
66,5,4
67,5,4
68,5,4
69,5,4
70,5,4
71,5,4
72,5,4
73,5,4
74,5,4
75,5,5
76,5,5
77,5,5
78,5,5
79,5,5
80,5,5
81,5,5
82,5,5
83,5,5
84,5,5
85,5,5
86,5,5
87,5,5
88,5,5
89,5,5
90,5,5
91,5,5
92,5,6
93,5,6
94,5,6
95,5,6
96,5,6
97,5,7
98,5,7
99,5,7
100,5,7
101,5,7
102,5,8
103,5,8
104,5,8
105,5,8
106,5,9
107,5,9
108,5,10
109,5,10
110,5,11
111,5,11
112,5,12
113,5,14
114,5,16
115,5,34
116,5,16
117,5,14
118,5,13
119,5,12
120,5,10
121,5,10
122,5,9
123,5,9
124,5,9
125,5,8
126,5,7
127,5,7
128,5,7
129,5,7
130,5,6
131,5,6
132,5,6
133,5,6
134,5,6
135,5,5
136,5,5
137,5,5
138,5,5
139,5,5
140,5,5
141,5,5
142,5,4
143,5,4
144,5,4
145,5,4
146,5,4
147,5,4
148,5,4
149,5,4
150,5,4
151,5,4
152,5,4
153,5,4
154,5,4
155,5,4
156,5,4
157,5,4
158,5,4
159,5,4
160,5,4
161,5,4
162,5,4
163,5,4
164,5,4
165,5,4
166,5,4
167,5,4
168,5,4
169,5,4
170,5,3
171,5,3
172,5,3
173,5,3
174,5,3
175,5,3
176,5,3
177,5,3
178,5,3
179,5,3
180,5,3
181,5,3
182,5,3
183,5,3
184,5,3
185,5,3
186,5,3
187,5,3
188,5,3
189,5,3
190,5,3
191,5,3
192,5,3
193,5,3
194,5,3
195,5,3
196,5,3
197,5,3
198,5,3
199,5,2
200,5,2
201,5,2
202,5,2
203,5,2
204,5,2
205,5,2
206,5,2
207,5,2
208,5,2
209,5,2
210,5,2
211,5,2
212,5,2
213,5,2
214,5,2
215,5,2
216,5,2
217,5,2
218,5,2
219,5,2
220,5,2
221,5,2
222,5,2
223,5,2
224,5,2
225,5,2
226,5,2
227,5,2
228,5,2
229,5,2
230,5,2
231,5,2
232,5,2
233,5,2
234,5,2
235,5,2
236,5,2
237,5,2
238,5,2
239,5,2
240,5,2
241,5,2
242,5,2
243,5,2
244,5,2
245,5,2
246,5,2
247,5,2
248,5,2
249,5,2
250,5,2
251,5,2
252,5,2
253,5,2
254,5,2
255,5,2
0,6,3
1,6,3
2,6,3
3,6,3
4,6,3
5,6,3
6,6,3
7,6,3
8,6,3
9,6,3
10,6,3
11,6,3
12,6,3
13,6,3
14,6,3
15,6,3
16,6,3
17,6,3
18,6,3
19,6,3
20,6,3
21,6,3
22,6,3
23,6,3
24,6,3
25,6,3
26,6,3
27,6,3
28,6,3
29,6,3
30,6,3
31,6,3
32,6,4
33,6,4
34,6,4
35,6,4
36,6,4
37,6,4
38,6,4
39,6,4
40,6,4
41,6,4
42,6,4
43,6,4
44,6,4
45,6,4
46,6,4
47,6,4
48,6,4
49,6,4
50,6,4
51,6,4
52,6,4
53,6,4
54,6,4
55,6,4
56,6,4
57,6,4
58,6,4
59,6,4
60,6,4
61,6,4
62,6,4
63,6,4
64,6,4
65,6,4
66,6,4
67,6,4
68,6,4
69,6,4
70,6,4
71,6,4
72,6,4
73,6,4
74,6,5
75,6,5
76,6,5
77,6,5
78,6,5
79,6,5
80,6,5
81,6,5
82,6,5
83,6,5
84,6,5
85,6,5
86,6,5
87,6,5
88,6,5
89,6,5
90,6,5
91,6,5
92,6,6
93,6,6
94,6,6
95,6,6
96,6,7
97,6,7
98,6,7
99,6,7
100,6,7
101,6,7
102,6,8
103,6,8
104,6,8
105,6,8
106,6,9
107,6,9
108,6,10
109,6,10
110,6,11
111,6,11
112,6,13
113,6,14
114,6,17
115,6,27
116,6,15
117,6,13
118,6,12
119,6,11
120,6,10
121,6,10
122,6,9
123,6,9
124,6,8
125,6,8
126,6,7
127,6,7
128,6,7
129,6,7
130,6,6
131,6,6
132,6,6
133,6,6
134,6,6
135,6,5
136,6,5
137,6,5
138,6,5
139,6,5
140,6,5
141,6,5
142,6,5
143,6,4
144,6,4
145,6,4
146,6,4
147,6,4
148,6,4
149,6,4
150,6,4
151,6,4
152,6,4
153,6,4
154,6,4
155,6,4
156,6,4
157,6,4
158,6,4
159,6,4
160,6,4
161,6,4
162,6,4
163,6,4
164,6,4
165,6,4
166,6,4
167,6,4
168,6,4
169,6,4
170,6,4
171,6,3
172,6,3
173,6,3
174,6,3
175,6,3
176,6,3
177,6,3
178,6,3
179,6,3
180,6,3
181,6,3
182,6,3
183,6,3
184,6,3
185,6,3
186,6,3
187,6,3
188,6,3
189,6,3
190,6,3
191,6,3
192,6,3
193,6,3
194,6,3
195,6,3
196,6,3
197,6,3
198,6,3
199,6,3
200,6,2
201,6,2
202,6,2
203,6,2
204,6,2
205,6,2
206,6,2
207,6,2
208,6,2
209,6,2
210,6,2
211,6,2
212,6,2
213,6,2
214,6,2
215,6,2
216,6,2
217,6,2
218,6,2
219,6,2
220,6,2
221,6,2
222,6,2
223,6,2
224,6,2
225,6,2
226,6,2
227,6,2
228,6,2
229,6,2
230,6,2
231,6,2
232,6,2
233,6,2
234,6,2
235,6,2
236,6,2
237,6,2
238,6,2
239,6,2
240,6,2
241,6,2
242,6,2
243,6,2
244,6,2
245,6,2
246,6,2
247,6,2
248,6,2
249,6,2
250,6,2
251,6,2
252,6,2
253,6,2
254,6,2
255,6,2
0,7,3
1,7,3
2,7,3
3,7,3
4,7,3
5,7,3
6,7,3
7,7,3
8,7,3
9,7,3
10,7,3
11,7,3
12,7,3
13,7,3
14,7,3
15,7,3
16,7,3
17,7,3
18,7,3
19,7,3
20,7,3
21,7,3
22,7,3
23,7,3
24,7,3
25,7,3
26,7,3
27,7,3
28,7,3
29,7,3
30,7,4
31,7,4
32,7,4
33,7,4
34,7,4
35,7,4
36,7,4
37,7,4
38,7,4
39,7,4
40,7,4
41,7,4
42,7,4
43,7,4
44,7,4
45,7,4
46,7,4
47,7,4
48,7,4
49,7,4
50,7,4
51,7,4
52,7,4
53,7,4
54,7,4
55,7,4
56,7,4
57,7,4
58,7,4
59,7,4
60,7,4
61,7,4
62,7,4
63,7,4
64,7,4
65,7,4
66,7,4
67,7,4
68,7,4
69,7,4
70,7,4
71,7,4
72,7,4
73,7,5
74,7,5
75,7,5
76,7,5
77,7,5
78,7,5
79,7,5
80,7,5
81,7,5
82,7,5
83,7,5
84,7,5
85,7,5
86,7,5
87,7,5
88,7,5
89,7,5
90,7,5
91,7,6
92,7,6
93,7,6
94,7,6
95,7,7
96,7,7
97,7,7
98,7,7
99,7,7
100,7,7
101,7,8
102,7,8
103,7,8
104,7,8
105,7,8
106,7,9
107,7,10
108,7,10
109,7,10
110,7,11
111,7,11
112,7,13
113,7,16
114,7,18
115,7,23
116,7,16
117,7,14
118,7,12
119,7,11
120,7,10
121,7,10
122,7,9
123,7,9
124,7,8
125,7,8
126,7,7
127,7,7
128,7,7
129,7,7
130,7,7
131,7,6
132,7,6
133,7,6
134,7,6
135,7,6
136,7,5
137,7,5
138,7,5
139,7,5
140,7,5
141,7,5
142,7,5
143,7,5
144,7,4
145,7,4
146,7,4
147,7,4
148,7,4
149,7,4
150,7,4
151,7,4
152,7,4
153,7,4
154,7,4
155,7,4
156,7,4
157,7,4
158,7,4
159,7,4
160,7,4
161,7,4
162,7,4
163,7,4
164,7,4
165,7,4
166,7,4
167,7,4
168,7,4
169,7,4
170,7,4
171,7,4
172,7,3
173,7,3
174,7,3
175,7,3
176,7,3
177,7,3
178,7,3
179,7,3
180,7,3
181,7,3
182,7,3
183,7,3
184,7,3
185,7,3
186,7,3
187,7,3
188,7,3
189,7,3
190,7,3
191,7,3
192,7,3
193,7,3
194,7,3
195,7,3
196,7,3
197,7,3
198,7,3
199,7,3
200,7,3
201,7,2
202,7,2
203,7,2
204,7,2
205,7,2
206,7,2
207,7,2
208,7,2
209,7,2
210,7,2
211,7,2
212,7,2
213,7,2
214,7,2
215,7,2
216,7,2
217,7,2
218,7,2
219,7,2
220,7,2
221,7,2
222,7,2
223,7,2
224,7,2
225,7,2
226,7,2
227,7,2
228,7,2
229,7,2
230,7,2
231,7,2
232,7,2
233,7,2
234,7,2
235,7,2
236,7,2
237,7,2
238,7,2
239,7,2
240,7,2
241,7,2
242,7,2
243,7,2
244,7,2
245,7,2
246,7,2
247,7,2
248,7,2
249,7,2
250,7,2
251,7,2
252,7,2
253,7,2
254,7,2
255,7,2
0,8,3
1,8,3
2,8,3
3,8,3
4,8,3
5,8,3
6,8,3
7,8,3
8,8,3
9,8,3
10,8,3
11,8,3
12,8,3
13,8,3
14,8,3
15,8,3
16,8,3
17,8,3
18,8,3
19,8,3
20,8,3
21,8,3
22,8,3
23,8,3
24,8,3
25,8,3
26,8,3
27,8,3
28,8,3
29,8,4
30,8,4
31,8,4
32,8,4
33,8,4
34,8,4
35,8,4
36,8,4
37,8,4
38,8,4
39,8,4
40,8,4
41,8,4
42,8,4
43,8,4
44,8,4
45,8,4
46,8,4
47,8,4
48,8,4
49,8,4
50,8,4
51,8,4
52,8,4
53,8,4
54,8,4
55,8,4
56,8,4
57,8,4
58,8,4
59,8,4
60,8,4
61,8,4
62,8,4
63,8,4
64,8,4
65,8,4
66,8,4
67,8,4
68,8,4
69,8,4
70,8,4
71,8,4
72,8,5
73,8,5
74,8,5
75,8,5
76,8,5
77,8,5
78,8,5
79,8,5
80,8,5
81,8,5
82,8,5
83,8,5
84,8,5
85,8,5
86,8,5
87,8,5
88,8,5
89,8,5
90,8,5
91,8,6
92,8,6
93,8,6
94,8,7
95,8,7
96,8,7
97,8,7
98,8,7
99,8,7
100,8,7
101,8,8
102,8,8
103,8,8
104,8,8
105,8,8
106,8,9
107,8,10
108,8,10
109,8,11
110,8,11
111,8,12
112,8,15
113,8,20
114,8,48
115,8,34
116,8,25
117,8,17
118,8,12
119,8,11
120,8,10
121,8,10
122,8,9
123,8,9
124,8,8
125,8,8
126,8,7
127,8,7
128,8,7
129,8,7
130,8,7
131,8,6
132,8,6
133,8,6
134,8,6
135,8,6
136,8,5
137,8,5
138,8,5
139,8,5
140,8,5
141,8,5
142,8,5
143,8,5
144,8,5
145,8,4
146,8,4
147,8,4
148,8,4
149,8,4
150,8,4
151,8,4
152,8,4
153,8,4
154,8,4
155,8,4
156,8,4
157,8,4
158,8,4
159,8,4
160,8,4
161,8,4
162,8,4
163,8,4
164,8,4
165,8,4
166,8,4
167,8,4
168,8,4
169,8,4
170,8,4
171,8,4
172,8,4
173,8,3
174,8,3
175,8,3
176,8,3
177,8,3
178,8,3
179,8,3
180,8,3
181,8,3
182,8,3
183,8,3
184,8,3
185,8,3
186,8,3
187,8,3
188,8,3
189,8,3
190,8,3
191,8,3
192,8,3
193,8,3
194,8,3
195,8,3
196,8,3
197,8,3
198,8,3
199,8,3
200,8,3
201,8,3
202,8,2
203,8,2
204,8,2
205,8,2
206,8,2
207,8,2
208,8,2
209,8,2
210,8,2
211,8,2
212,8,2
213,8,2
214,8,2
215,8,2
216,8,2
217,8,2
218,8,2
219,8,2
220,8,2
221,8,2
222,8,2
223,8,2
224,8,2
225,8,2
226,8,2
227,8,2
228,8,2
229,8,2
230,8,2
231,8,2
232,8,2
233,8,2
234,8,2
235,8,2
236,8,2
237,8,2
238,8,2
239,8,2
240,8,2
241,8,2
242,8,2
243,8,2
244,8,2
245,8,2
246,8,2
247,8,2
248,8,2
249,8,2
250,8,2
251,8,2
252,8,2
253,8,2
254,8,2
255,8,2
0,9,3
1,9,3
2,9,3
3,9,3
4,9,3
5,9,3
6,9,3
7,9,3
8,9,3
9,9,3
10,9,3
11,9,3
12,9,3
13,9,3
14,9,3
15,9,3
16,9,3
17,9,3
18,9,3
19,9,3
20,9,3
21,9,3
22,9,3
23,9,3
24,9,3
25,9,3
26,9,3
27,9,3
28,9,4
29,9,4
30,9,4
31,9,4
32,9,4
33,9,4
34,9,4
35,9,4
36,9,4
37,9,4
38,9,4
39,9,4
40,9,4
41,9,4
42,9,4
43,9,4
44,9,4
45,9,4
46,9,4
47,9,4
48,9,4
49,9,4
50,9,4
51,9,4
52,9,4
53,9,4
54,9,4
55,9,4
56,9,4
57,9,4
58,9,4
59,9,4
60,9,4
61,9,4
62,9,4
63,9,4
64,9,4
65,9,4
66,9,4
67,9,4
68,9,4
69,9,4
70,9,4
71,9,4
72,9,5
73,9,5
74,9,5
75,9,5
76,9,5
77,9,5
78,9,5
79,9,5
80,9,5
81,9,5
82,9,5
83,9,5
84,9,5
85,9,5
86,9,5
87,9,5
88,9,5
89,9,5
90,9,6
91,9,6
92,9,6
93,9,6
94,9,7
95,9,7
96,9,7
97,9,7
98,9,7
99,9,7
100,9,8
101,9,8
102,9,8
103,9,8
104,9,8
105,9,9
106,9,10
107,9,10
108,9,11
109,9,12
110,9,12
111,9,13
112,9,16
113,9,20
114,9,37
115,9,33
116,9,29
117,9,15
118,9,12
119,9,11
120,9,11
121,9,10
122,9,9
123,9,9
124,9,8
125,9,8
126,9,8
127,9,7
128,9,7
129,9,7
130,9,7
131,9,6
132,9,6
133,9,6
134,9,6
135,9,6
136,9,5
137,9,5
138,9,5
139,9,5
140,9,5
141,9,5
142,9,5
143,9,5
144,9,5
145,9,5
146,9,4
147,9,4
148,9,4
149,9,4
150,9,4
151,9,4
152,9,4
153,9,4
154,9,4
155,9,4
156,9,4
157,9,4
158,9,4
159,9,4
160,9,4
161,9,4
162,9,4
163,9,4
164,9,4
165,9,4
166,9,4
167,9,4
168,9,4
169,9,4
170,9,4
171,9,4
172,9,4
173,9,4
174,9,3
175,9,3
176,9,3
177,9,3
178,9,3
179,9,3
180,9,3
181,9,3
182,9,3
183,9,3
184,9,3
185,9,3
186,9,3
187,9,3
188,9,3
189,9,3
190,9,3
191,9,3
192,9,3
193,9,3
194,9,3
195,9,3
196,9,3
197,9,3
198,9,3
199,9,3
200,9,3
201,9,3
202,9,3
203,9,2
204,9,2
205,9,2
206,9,2
207,9,2
208,9,2
209,9,2
210,9,2
211,9,2
212,9,2
213,9,2
214,9,2
215,9,2
216,9,2
217,9,2
218,9,2
219,9,2
220,9,2
221,9,2
222,9,2
223,9,2
224,9,2
225,9,2
226,9,2
227,9,2
228,9,2
229,9,2
230,9,2
231,9,2
232,9,2
233,9,2
234,9,2
235,9,2
236,9,2
237,9,2
238,9,2
239,9,2
240,9,2
241,9,2
242,9,2
243,9,2
244,9,2
245,9,2
246,9,2
247,9,2
248,9,2
249,9,2
250,9,2
251,9,2
252,9,2
253,9,2
254,9,2
255,9,2
0,10,3
1,10,3
2,10,3
3,10,3
4,10,3
5,10,3
6,10,3
7,10,3
8,10,3
9,10,3
10,10,3
11,10,3
12,10,3
13,10,3
14,10,3
15,10,3
16,10,3
17,10,3
18,10,3
19,10,3
20,10,3
21,10,3
22,10,3
23,10,3
24,10,3
25,10,3
26,10,4
27,10,4
28,10,4
29,10,4
30,10,4
31,10,4
32,10,4
33,10,4
34,10,4
35,10,4
36,10,4
37,10,4
38,10,4
39,10,4
40,10,4
41,10,4
42,10,4
43,10,4
44,10,4
45,10,4
46,10,4
47,10,4
48,10,4
49,10,4
50,10,4
51,10,4
52,10,4
53,10,4
54,10,4
55,10,4
56,10,4
57,10,4
58,10,4
59,10,4
60,10,4
61,10,4
62,10,4
63,10,4
64,10,4
65,10,4
66,10,4
67,10,4
68,10,4
69,10,4
70,10,4
71,10,5
72,10,5
73,10,5
74,10,5
75,10,5
76,10,5
77,10,5
78,10,5
79,10,5
80,10,5
81,10,5
82,10,5
83,10,5
84,10,5
85,10,5
86,10,5
87,10,5
88,10,5
89,10,6
90,10,6
91,10,6
92,10,6
93,10,7
94,10,7
95,10,7
96,10,7
97,10,7
98,10,7
99,10,8
100,10,8
101,10,8
102,10,8
103,10,8
104,10,9
105,10,9
106,10,10
107,10,11
108,10,38
109,10,14
110,10,13
111,10,14
112,10,16
113,10,18
114,10,33
115,10,26
116,10,17
117,10,15
118,10,13
119,10,12
120,10,11
121,10,11
122,10,9
123,10,9
124,10,8
125,10,8
126,10,8
127,10,7
128,10,7
129,10,7
130,10,7
131,10,7
132,10,6
133,10,6
134,10,6
135,10,6
136,10,5
137,10,5
138,10,5
139,10,5
140,10,5
141,10,5
142,10,5
143,10,5
144,10,5
145,10,5
146,10,5
147,10,4
148,10,4
149,10,4
150,10,4
151,10,4
152,10,4
153,10,4
154,10,4
155,10,4
156,10,4
157,10,4
158,10,4
159,10,4
160,10,4
161,10,4
162,10,4
163,10,4
164,10,4
165,10,4
166,10,4
167,10,4
168,10,4
169,10,4
170,10,4
171,10,4
172,10,4
173,10,4
174,10,4
175,10,3
176,10,3
177,10,3
178,10,3
179,10,3
180,10,3
181,10,3
182,10,3
183,10,3
184,10,3
185,10,3
186,10,3
187,10,3
188,10,3
189,10,3
190,10,3
191,10,3
192,10,3
193,10,3
194,10,3
195,10,3
196,10,3
197,10,3
198,10,3
199,10,3
200,10,3
201,10,3
202,10,3
203,10,3
204,10,2
205,10,2
206,10,2
207,10,2
208,10,2
209,10,2
210,10,2
211,10,2
212,10,2
213,10,2
214,10,2
215,10,2
216,10,2
217,10,2
218,10,2
219,10,2
220,10,2
221,10,2
222,10,2
223,10,2
224,10,2
225,10,2
226,10,2
227,10,2
228,10,2
229,10,2
230,10,2
231,10,2
232,10,2
233,10,2
234,10,2
235,10,2
236,10,2
237,10,2
238,10,2
239,10,2
240,10,2
241,10,2
242,10,2
243,10,2
244,10,2
245,10,2
246,10,2
247,10,2
248,10,2
249,10,2
250,10,2
251,10,2
252,10,2
253,10,2
254,10,2
255,10,2
0,11,3
1,11,3
2,11,3
3,11,3
4,11,3
5,11,3
6,11,3
7,11,3
8,11,3
9,11,3
10,11,3
11,11,3
12,11,3
13,11,3
14,11,3
15,11,3
16,11,3
17,11,3
18,11,3
19,11,3
20,11,3
21,11,3
22,11,3
23,11,3
24,11,3
25,11,4
26,11,4
27,11,4
28,11,4
29,11,4
30,11,4
31,11,4
32,11,4
33,11,4
34,11,4
35,11,4
36,11,4
37,11,4
38,11,4
39,11,4
40,11,4
41,11,4
42,11,4
43,11,4
44,11,4
45,11,4
46,11,4
47,11,4
48,11,4
49,11,4
50,11,4
51,11,4
52,11,4
53,11,4
54,11,4
55,11,4
56,11,4
57,11,4
58,11,4
59,11,4
60,11,4
61,11,4
62,11,4
63,11,4
64,11,4
65,11,4
66,11,4
67,11,4
68,11,4
69,11,4
70,11,5
71,11,5
72,11,5
73,11,5
74,11,5
75,11,5
76,11,5
77,11,5
78,11,5
79,11,5
80,11,5
81,11,5
82,11,5
83,11,5
84,11,5
85,11,5
86,11,5
87,11,5
88,11,6
89,11,6
90,11,6
91,11,6
92,11,7
93,11,7
94,11,7
95,11,7
96,11,7
97,11,7
98,11,8
99,11,8
100,11,8
101,11,9
102,11,9
103,11,9
104,11,9
105,11,11
106,11,12
107,11,13
108,11,17
109,11,19
110,11,15
111,11,16
112,11,20
113,11,20
114,11,30
115,11,22
116,11,18
117,11,15
118,11,14
119,11,13
120,11,13
121,11,19
122,11,10
123,11,9
124,11,8
125,11,8
126,11,8
127,11,8
128,11,7
129,11,7
130,11,7
131,11,7
132,11,6
133,11,6
134,11,6
135,11,6
136,11,6
137,11,5
138,11,5
139,11,5
140,11,5
141,11,5
142,11,5
143,11,5
144,11,5
145,11,5
146,11,5
147,11,5
148,11,4
149,11,4
150,11,4
151,11,4
152,11,4
153,11,4
154,11,4
155,11,4
156,11,4
157,11,4
158,11,4
159,11,4
160,11,4
161,11,4
162,11,4
163,11,4
164,11,4
165,11,4
166,11,4
167,11,4
168,11,4
169,11,4
170,11,4
171,11,4
172,11,4
173,11,4
174,11,4
175,11,3
176,11,3
177,11,3
178,11,3
179,11,3
180,11,3
181,11,3
182,11,3
183,11,3
184,11,3
185,11,3
186,11,3
187,11,3
188,11,3
189,11,3
190,11,3
191,11,3
192,11,3
193,11,3
194,11,3
195,11,3
196,11,3
197,11,3
198,11,3
199,11,3
200,11,3
201,11,3
202,11,3
203,11,3
204,11,3
205,11,2
206,11,2
207,11,2
208,11,2
209,11,2
210,11,2
211,11,2
212,11,2
213,11,2
214,11,2
215,11,2
216,11,2
217,11,2
218,11,2
219,11,2
220,11,2
221,11,2
222,11,2
223,11,2
224,11,2
225,11,2
226,11,2
227,11,2
228,11,2
229,11,2
230,11,2
231,11,2
232,11,2
233,11,2
234,11,2
235,11,2
236,11,2
237,11,2
238,11,2
239,11,2
240,11,2
241,11,2
242,11,2
243,11,2
244,11,2
245,11,2
246,11,2
247,11,2
248,11,2
249,11,2
250,11,2
251,11,2
252,11,2
253,11,2
254,11,2
255,11,2
0,12,3
1,12,3
2,12,3
3,12,3
4,12,3
5,12,3
6,12,3
7,12,3
8,12,3
9,12,3
10,12,3
11,12,3
12,12,3
13,12,3
14,12,3
15,12,3
16,12,3
17,12,3
18,12,3
19,12,3
20,12,3
21,12,3
22,12,3
23,12,3
24,12,4
25,12,4
26,12,4
27,12,4
28,12,4
29,12,4
30,12,4
31,12,4
32,12,4
33,12,4
34,12,4
35,12,4
36,12,4
37,12,4
38,12,4
39,12,4
40,12,4
41,12,4
42,12,4
43,12,4
44,12,4
45,12,4
46,12,4
47,12,4
48,12,4
49,12,4
50,12,4
51,12,4
52,12,4
53,12,4
54,12,4
55,12,4
56,12,4
57,12,4
58,12,4
59,12,4
60,12,4
61,12,4
62,12,4
63,12,4
64,12,4
65,12,4
66,12,4
67,12,4
68,12,4
69,12,5
70,12,5
71,12,5
72,12,5
73,12,5
74,12,5
75,12,5
76,12,5
77,12,5
78,12,5
79,12,5
80,12,5
81,12,5
82,12,5
83,12,5
84,12,5
85,12,5
86,12,5
87,12,6
88,12,6
89,12,6
90,12,6
91,12,7
92,12,7
93,12,7
94,12,7
95,12,7
96,12,8
97,12,8
98,12,9
99,12,9
100,12,9
101,12,9
102,12,9
103,12,10
104,12,10
105,12,29
106,12,30
107,12,27
108,12,19
109,12,25
110,12,18
111,12,19
112,12,25
113,12,29
114,12,1
115,12,26
116,12,30
117,12,17
118,12,16
119,12,16
120,12,31
121,12,14
122,12,11
123,12,9
124,12,9
125,12,8
126,12,8
127,12,8
128,12,8
129,12,7
130,12,7
131,12,7
132,12,7
133,12,6
134,12,6
135,12,6
136,12,6
137,12,5
138,12,5
139,12,5
140,12,5
141,12,5
142,12,5
143,12,5
144,12,5
145,12,5
146,12,5
147,12,5
148,12,5
149,12,4
150,12,4
151,12,4
152,12,4
153,12,4
154,12,4
155,12,4
156,12,4
157,12,4
158,12,4
159,12,4
160,12,4
161,12,4
162,12,4
163,12,4
164,12,4
165,12,4
166,12,4
167,12,4
168,12,4
169,12,4
170,12,4
171,12,4
172,12,4
173,12,4
174,12,4
175,12,4
176,12,3
177,12,3
178,12,3
179,12,3
180,12,3
181,12,3
182,12,3
183,12,3
184,12,3
185,12,3
186,12,3
187,12,3
188,12,3
189,12,3
190,12,3
191,12,3
192,12,3
193,12,3
194,12,3
195,12,3
196,12,3
197,12,3
198,12,3
199,12,3
200,12,3
201,12,3
202,12,3
203,12,3
204,12,3
205,12,3
206,12,2
207,12,2
208,12,2
209,12,2
210,12,2
211,12,2
212,12,2
213,12,2
214,12,2
215,12,2
216,12,2
217,12,2
218,12,2
219,12,2
220,12,2
221,12,2
222,12,2
223,12,2
224,12,2
225,12,2
226,12,2
227,12,2
228,12,2
229,12,2
230,12,2
231,12,2
232,12,2
233,12,2
234,12,2
235,12,2
236,12,2
237,12,2
238,12,2
239,12,2
240,12,2
241,12,2
242,12,2
243,12,2
244,12,2
245,12,2
246,12,2
247,12,2
248,12,2
249,12,2
250,12,2
251,12,2
252,12,2
253,12,2
254,12,2
255,12,2
0,13,3
1,13,3
2,13,3
3,13,3
4,13,3
5,13,3
6,13,3
7,13,3
8,13,3
9,13,3
10,13,3
11,13,3
12,13,3
13,13,3
14,13,3
15,13,3
16,13,3
17,13,3
18,13,3
19,13,3
20,13,3
21,13,3
22,13,3
23,13,4
24,13,4
25,13,4
26,13,4
27,13,4
28,13,4
29,13,4
30,13,4
31,13,4
32,13,4
33,13,4
34,13,4
35,13,4
36,13,4
37,13,4
38,13,4
39,13,4
40,13,4
41,13,4
42,13,4
43,13,4
44,13,4
45,13,4
46,13,4
47,13,4
48,13,4
49,13,4
50,13,4
51,13,4
52,13,4
53,13,4
54,13,4
55,13,4
56,13,4
57,13,4
58,13,4
59,13,4
60,13,4
61,13,4
62,13,4
63,13,4
64,13,4
65,13,4
66,13,4
67,13,4
68,13,5
69,13,5
70,13,5
71,13,5
72,13,5
73,13,5
74,13,5
75,13,5
76,13,5
77,13,5
78,13,5
79,13,5
80,13,5
81,13,5
82,13,5
83,13,5
84,13,5
85,13,5
86,13,6
87,13,6
88,13,6
89,13,6
90,13,6
91,13,7
92,13,7
93,13,7
94,13,8
95,13,8
96,13,10
97,13,10
98,13,9
99,13,9
100,13,9
101,13,10
102,13,10
103,13,10
104,13,11
105,13,12
106,13,32
107,13,19
108,13,19
109,13,29
110,13,35
111,13,24
112,13,28
113,13,51
114,13,0
115,13,43
116,13,24
117,13,19
118,13,18
119,13,33
120,13,17
121,13,13
122,13,11
123,13,10
124,13,9
125,13,8
126,13,8
127,13,8
128,13,8
129,13,8
130,13,8
131,13,7
132,13,7
133,13,6
134,13,6
135,13,6
136,13,6
137,13,5
138,13,5
139,13,5
140,13,5
141,13,5
142,13,5
143,13,5
144,13,5
145,13,5
146,13,5
147,13,5
148,13,5
149,13,5
150,13,5
151,13,4
152,13,4
153,13,4
154,13,4
155,13,4
156,13,4
157,13,4
158,13,4
159,13,4
160,13,4
161,13,4
162,13,4
163,13,4
164,13,4
165,13,4
166,13,4
167,13,4
168,13,4
169,13,4
170,13,4
171,13,4
172,13,4
173,13,4
174,13,4
175,13,4
176,13,4
177,13,3
178,13,3
179,13,3
180,13,3
181,13,3
182,13,3
183,13,3
184,13,3
185,13,3
186,13,3
187,13,3
188,13,3
189,13,3
190,13,3
191,13,3
192,13,3
193,13,3
194,13,3
195,13,3
196,13,3
197,13,3
198,13,3
199,13,3
200,13,3
201,13,3
202,13,3
203,13,3
204,13,3
205,13,3
206,13,3
207,13,2
208,13,2
209,13,2
210,13,2
211,13,2
212,13,2
213,13,2
214,13,2
215,13,2
216,13,2
217,13,2
218,13,2
219,13,2
220,13,2
221,13,2
222,13,2
223,13,2
224,13,2
225,13,2
226,13,2
227,13,2
228,13,2
229,13,2
230,13,2
231,13,2
232,13,2
233,13,2
234,13,2
235,13,2
236,13,2
237,13,2
238,13,2
239,13,2
240,13,2
241,13,2
242,13,2
243,13,2
244,13,2
245,13,2
246,13,2
247,13,2
248,13,2
249,13,2
250,13,2
251,13,2
252,13,2
253,13,2
254,13,2
255,13,2
0,14,3
1,14,3
2,14,3
3,14,3
4,14,3
5,14,3
6,14,3
7,14,3
8,14,3
9,14,3
10,14,3
11,14,3
12,14,3
13,14,3
14,14,3
15,14,3
16,14,3
17,14,3
18,14,3
19,14,3
20,14,3
21,14,3
22,14,4
23,14,4
24,14,4
25,14,4
26,14,4
27,14,4
28,14,4
29,14,4
30,14,4
31,14,4
32,14,4
33,14,4
34,14,4
35,14,4
36,14,4
37,14,4
38,14,4
39,14,4
40,14,4
41,14,4
42,14,4
43,14,4
44,14,4
45,14,4
46,14,4
47,14,4
48,14,4
49,14,4
50,14,4
51,14,4
52,14,4
53,14,4
54,14,4
55,14,4
56,14,4
57,14,4
58,14,4
59,14,4
60,14,4
61,14,4
62,14,4
63,14,4
64,14,4
65,14,4
66,14,4
67,14,5
68,14,5
69,14,5
70,14,5
71,14,5
72,14,5
73,14,5
74,14,5
75,14,5
76,14,5
77,14,5
78,14,5
79,14,5
80,14,5
81,14,5
82,14,5
83,14,5
84,14,5
85,14,6
86,14,6
87,14,6
88,14,6
89,14,6
90,14,7
91,14,7
92,14,8
93,14,8
94,14,8
95,14,9
96,14,17
97,14,21
98,14,11
99,14,10
100,14,10
101,14,10
102,14,10
103,14,11
104,14,11
105,14,12
106,14,14
107,14,15
108,14,17
109,14,23
110,14,33
111,14,43
112,14,0
113,14,0
114,14,0
115,14,48
116,14,46
117,14,28
118,14,59
119,14,26
120,14,33
121,14,17
122,14,12
123,14,10
124,14,10
125,14,9
126,14,9
127,14,8
128,14,8
129,14,8
130,14,8
131,14,8
132,14,7
133,14,7
134,14,6
135,14,6
136,14,6
137,14,6
138,14,5
139,14,5
140,14,5
141,14,5
142,14,5
143,14,5
144,14,5
145,14,5
146,14,5
147,14,5
148,14,5
149,14,5
150,14,5
151,14,5
152,14,4
153,14,4
154,14,4
155,14,4
156,14,4
157,14,4
158,14,4
159,14,4
160,14,4
161,14,4
162,14,4
163,14,4
164,14,4
165,14,4
166,14,4
167,14,4
168,14,4
169,14,4
170,14,4
171,14,4
172,14,4
173,14,4
174,14,4
175,14,4
176,14,4
177,14,4
178,14,3
179,14,3
180,14,3
181,14,3
182,14,3
183,14,3
184,14,3
185,14,3
186,14,3
187,14,3
188,14,3
189,14,3
190,14,3
191,14,3
192,14,3
193,14,3
194,14,3
195,14,3
196,14,3
197,14,3
198,14,3
199,14,3
200,14,3
201,14,3
202,14,3
203,14,3
204,14,3
205,14,3
206,14,3
207,14,3
208,14,2
209,14,2
210,14,2
211,14,2
212,14,2
213,14,2
214,14,2
215,14,2
216,14,2
217,14,2
218,14,2
219,14,2
220,14,2
221,14,2
222,14,2
223,14,2
224,14,2
225,14,2
226,14,2
227,14,2
228,14,2
229,14,2
230,14,2
231,14,2
232,14,2
233,14,2
234,14,2
235,14,2
236,14,2
237,14,2
238,14,2
239,14,2
240,14,2
241,14,2
242,14,2
243,14,2
244,14,2
245,14,2
246,14,2
247,14,2
248,14,2
249,14,2
250,14,2
251,14,2
252,14,2
253,14,2
254,14,2
255,14,2
0,15,3
1,15,3
2,15,3
3,15,3
4,15,3
5,15,3
6,15,3
7,15,3
8,15,3
9,15,3
10,15,3
11,15,3
12,15,3
13,15,3
14,15,3
15,15,3
16,15,3
17,15,3
18,15,3
19,15,3
20,15,4
21,15,4
22,15,4
23,15,4
24,15,4
25,15,4
26,15,4
27,15,4
28,15,4
29,15,4
30,15,4
31,15,4
32,15,4
33,15,4
34,15,4
35,15,4
36,15,4
37,15,4
38,15,4
39,15,4
40,15,4
41,15,4
42,15,4
43,15,4
44,15,4
45,15,4
46,15,4
47,15,4
48,15,4
49,15,4
50,15,4
51,15,4
52,15,4
53,15,4
54,15,4
55,15,4
56,15,4
57,15,4
58,15,4
59,15,4
60,15,4
61,15,4
62,15,4
63,15,4
64,15,4
65,15,4
66,15,5
67,15,5
68,15,5
69,15,5
70,15,5
71,15,5
72,15,5
73,15,5
74,15,5
75,15,5
76,15,5
77,15,5
78,15,5
79,15,5
80,15,5
81,15,5
82,15,5
83,15,5
84,15,6
85,15,6
86,15,6
87,15,6
88,15,6
89,15,7
90,15,7
91,15,8
92,15,8
93,15,8
94,15,9
95,15,10
96,15,13
97,15,22
98,15,14
99,15,12
100,15,11
101,15,11
102,15,11
103,15,11
104,15,11
105,15,13
106,15,13
107,15,14
108,15,18
109,15,22
110,15,47
111,15,0
112,15,0
113,15,0
114,15,0
115,15,0
116,15,56
117,15,49
118,15,24
119,15,18
120,15,16
121,15,16
122,15,12
123,15,10
124,15,10
125,15,10
126,15,9
127,15,9
128,15,9
129,15,9
130,15,9
131,15,9
132,15,8
133,15,7
134,15,6
135,15,6
136,15,6
137,15,6
138,15,5
139,15,5
140,15,5
141,15,5
142,15,5
143,15,5
144,15,5
145,15,5
146,15,5
147,15,5
148,15,5
149,15,5
150,15,5
151,15,5
152,15,5
153,15,5
154,15,4
155,15,4
156,15,4
157,15,4
158,15,4
159,15,4
160,15,4
161,15,4
162,15,4
163,15,4
164,15,4
165,15,4
166,15,4
167,15,4
168,15,4
169,15,4
170,15,4
171,15,4
172,15,4
173,15,4
174,15,4
175,15,4
176,15,4
177,15,4
178,15,4
179,15,3
180,15,3
181,15,3
182,15,3
183,15,3
184,15,3
185,15,3
186,15,3
187,15,3
188,15,3
189,15,3
190,15,3
191,15,3
192,15,3
193,15,3
194,15,3
195,15,3
196,15,3
197,15,3
198,15,3
199,15,3
200,15,3
201,15,3
202,15,3
203,15,3
204,15,3
205,15,3
206,15,3
207,15,3
208,15,3
209,15,2
210,15,2
211,15,2
212,15,2
213,15,2
214,15,2
215,15,2
216,15,2
217,15,2
218,15,2
219,15,2
220,15,2
221,15,2
222,15,2
223,15,2
224,15,2
225,15,2
226,15,2
227,15,2
228,15,2
229,15,2
230,15,2
231,15,2
232,15,2
233,15,2
234,15,2
235,15,2
236,15,2
237,15,2
238,15,2
239,15,2
240,15,2
241,15,2
242,15,2
243,15,2
244,15,2
245,15,2
246,15,2
247,15,2
248,15,2
249,15,2
250,15,2
251,15,2
252,15,2
253,15,2
254,15,2
255,15,2
0,16,3
1,16,3
2,16,3
3,16,3
4,16,3
5,16,3
6,16,3
7,16,3
8,16,3
9,16,3
10,16,3
11,16,3
12,16,3
13,16,3
14,16,3
15,16,3
16,16,3
17,16,3
18,16,3
19,16,4
20,16,4
21,16,4
22,16,4
23,16,4
24,16,4
25,16,4
26,16,4
27,16,4
28,16,4
29,16,4
30,16,4
31,16,4
32,16,4
33,16,4
34,16,4
35,16,4
36,16,4
37,16,4
38,16,4
39,16,4
40,16,4
41,16,4
42,16,4
43,16,4
44,16,4
45,16,4
46,16,4
47,16,4
48,16,4
49,16,4
50,16,4
51,16,4
52,16,4
53,16,4
54,16,4
55,16,4
56,16,4
57,16,4
58,16,4
59,16,4
60,16,4
61,16,4
62,16,4
63,16,4
64,16,4
65,16,5
66,16,5
67,16,5
68,16,5
69,16,5
70,16,5
71,16,5
72,16,5
73,16,5
74,16,5
75,16,5
76,16,5
77,16,5
78,16,5
79,16,5
80,16,5
81,16,5
82,16,5
83,16,6
84,16,6
85,16,6
86,16,6
87,16,6
88,16,7
89,16,7
90,16,8
91,16,8
92,16,8
93,16,9
94,16,9
95,16,11
96,16,13
97,16,18
98,16,30
99,16,16
100,16,12
101,16,12
102,16,11
103,16,12
104,16,12
105,16,13
106,16,14
107,16,15
108,16,47
109,16,33
110,16,48
111,16,0
112,16,0
113,16,0
114,16,0
115,16,0
116,16,0
117,16,46
118,16,22
119,16,18
120,16,15
121,16,13
122,16,12
123,16,11
124,16,10
125,16,10
126,16,10
127,16,10
128,16,9
129,16,9
130,16,10
131,16,12
132,16,10
133,16,8
134,16,7
135,16,6
136,16,6
137,16,6
138,16,6
139,16,5
140,16,5
141,16,5
142,16,5
143,16,5
144,16,5
145,16,5
146,16,5
147,16,5
148,16,5
149,16,5
150,16,5
151,16,5
152,16,5
153,16,5
154,16,5
155,16,4
156,16,4
157,16,4
158,16,4
159,16,4
160,16,4
161,16,4
162,16,4
163,16,4
164,16,4
165,16,4
166,16,4
167,16,4
168,16,4
169,16,4
170,16,4
171,16,4
172,16,4
173,16,4
174,16,4
175,16,4
176,16,4
177,16,4
178,16,4
179,16,3
180,16,3
181,16,3
182,16,3
183,16,3
184,16,3
185,16,3
186,16,3
187,16,3
188,16,3
189,16,3
190,16,3
191,16,3
192,16,3
193,16,3
194,16,3
195,16,3
196,16,3
197,16,3
198,16,3
199,16,3
200,16,3
201,16,3
202,16,3
203,16,3
204,16,3
205,16,3
206,16,3
207,16,3
208,16,3
209,16,3
210,16,2
211,16,2
212,16,2
213,16,2
214,16,2
215,16,2
216,16,2
217,16,2
218,16,2
219,16,2
220,16,2
221,16,2
222,16,2
223,16,2
224,16,2
225,16,2
226,16,2
227,16,2
228,16,2
229,16,2
230,16,2
231,16,2
232,16,2
233,16,2
234,16,2
235,16,2
236,16,2
237,16,2
238,16,2
239,16,2
240,16,2
241,16,2
242,16,2
243,16,2
244,16,2
245,16,2
246,16,2
247,16,2
248,16,2
249,16,2
250,16,2
251,16,2
252,16,2
253,16,2
254,16,2
255,16,2
0,17,3
1,17,3
2,17,3
3,17,3
4,17,3
5,17,3
6,17,3
7,17,3
8,17,3
9,17,3
10,17,3
11,17,3
12,17,3
13,17,3
14,17,3
15,17,3
16,17,3
17,17,3
18,17,4
19,17,4
20,17,4
21,17,4
22,17,4
23,17,4
24,17,4
25,17,4
26,17,4
27,17,4
28,17,4
29,17,4
30,17,4
31,17,4
32,17,4
33,17,4
34,17,4
35,17,4
36,17,4
37,17,4
38,17,4
39,17,4
40,17,4
41,17,4
42,17,4
43,17,4
44,17,4
45,17,4
46,17,4
47,17,4
48,17,4
49,17,4
50,17,4
51,17,4
52,17,4
53,17,4
54,17,4
55,17,4
56,17,4
57,17,4
58,17,4
59,17,4
60,17,4
61,17,4
62,17,4
63,17,4
64,17,5
65,17,5
66,17,5
67,17,5
68,17,5
69,17,5
70,17,5
71,17,5
72,17,5
73,17,5
74,17,5
75,17,5
76,17,5
77,17,5
78,17,5
79,17,5
80,17,5
81,17,6
82,17,6
83,17,6
84,17,6
85,17,6
86,17,6
87,17,6
88,17,7
89,17,8
90,17,9
91,17,11
92,17,10
93,17,10
94,17,12
95,17,12
96,17,14
97,17,16
98,17,38
99,17,21
100,17,13
101,17,13
102,17,13
103,17,14
104,17,15
105,17,22
106,17,16
107,17,17
108,17,19
109,17,27
110,17,34
111,17,0
112,17,0
113,17,0
114,17,0
115,17,0
116,17,0
117,17,16
118,17,38
119,17,19
120,17,15
121,17,14
122,17,12
123,17,11
124,17,11
125,17,11
126,17,11
127,17,11
128,17,12
129,17,11
130,17,12
131,17,21
132,17,12
133,17,8
134,17,7
135,17,6
136,17,6
137,17,6
138,17,6
139,17,5
140,17,5
141,17,5
142,17,5
143,17,5
144,17,5
145,17,5
146,17,5
147,17,5
148,17,5
149,17,5
150,17,5
151,17,5
152,17,5
153,17,5
154,17,5
155,17,5
156,17,4
157,17,4
158,17,4
159,17,4
160,17,4
161,17,4
162,17,4
163,17,4
164,17,4
165,17,4
166,17,4
167,17,4
168,17,4
169,17,4
170,17,4
171,17,4
172,17,4
173,17,4
174,17,4
175,17,4
176,17,4
177,17,4
178,17,4
179,17,4
180,17,3
181,17,3
182,17,3
183,17,3
184,17,3
185,17,3
186,17,3
187,17,3
188,17,3
189,17,3
190,17,3
191,17,3
192,17,3
193,17,3
194,17,3
195,17,3
196,17,3
197,17,3
198,17,3
199,17,3
200,17,3
201,17,3
202,17,3
203,17,3
204,17,3
205,17,3
206,17,3
207,17,3
208,17,3
209,17,3
210,17,3
211,17,2
212,17,2
213,17,2
214,17,2
215,17,2
216,17,2
217,17,2
218,17,2
219,17,2
220,17,2
221,17,2
222,17,2
223,17,2
224,17,2
225,17,2
226,17,2
227,17,2
228,17,2
229,17,2
230,17,2
231,17,2
232,17,2
233,17,2
234,17,2
235,17,2
236,17,2
237,17,2
238,17,2
239,17,2
240,17,2
241,17,2
242,17,2
243,17,2
244,17,2
245,17,2
246,17,2
247,17,2
248,17,2
249,17,2
250,17,2
251,17,2
252,17,2
253,17,2
254,17,2
255,17,2
0,18,3
1,18,3
2,18,3
3,18,3
4,18,3
5,18,3
6,18,3
7,18,3
8,18,3
9,18,3
10,18,3
11,18,3
12,18,3
13,18,3
14,18,3
15,18,3
16,18,3
17,18,4
18,18,4
19,18,4
20,18,4
21,18,4
22,18,4
23,18,4
24,18,4
25,18,4
26,18,4
27,18,4
28,18,4
29,18,4
30,18,4
31,18,4
32,18,4
33,18,4
34,18,4
35,18,4
36,18,4
37,18,4
38,18,4
39,18,4
40,18,4
41,18,4
42,18,4
43,18,4
44,18,4
45,18,4
46,18,4
47,18,4
48,18,4
49,18,4
50,18,4
51,18,4
52,18,4
53,18,4
54,18,4
55,18,4
56,18,4
57,18,4
58,18,4
59,18,4
60,18,4
61,18,4
62,18,5
63,18,5
64,18,5
65,18,5
66,18,5
67,18,5
68,18,5
69,18,5
70,18,5
71,18,5
72,18,5
73,18,5
74,18,5
75,18,5
76,18,5
77,18,5
78,18,5
79,18,5
80,18,6
81,18,6
82,18,6
83,18,6
84,18,6
85,18,6
86,18,6
87,18,7
88,18,7
89,18,9
90,18,10
91,18,16
92,18,13
93,18,12
94,18,32
95,18,18
96,18,21
97,18,20
98,18,45
99,18,17
100,18,14
101,18,14
102,18,14
103,18,16
104,18,35
105,18,28
106,18,19
107,18,20
108,18,22
109,18,24
110,18,41
111,18,0
112,18,0
113,18,0
114,18,0
115,18,0
116,18,0
117,18,53
118,18,22
119,18,18
120,18,16
121,18,15
122,18,15
123,18,12
124,18,11
125,18,11
126,18,11
127,18,12
128,18,18
129,18,16
130,18,18
131,18,19
132,18,11
133,18,8
134,18,8
135,18,7
136,18,6
137,18,6
138,18,6
139,18,6
140,18,5
141,18,5
142,18,5
143,18,5
144,18,5
145,18,5
146,18,5
147,18,5
148,18,5
149,18,5
150,18,5
151,18,5
152,18,5
153,18,5
154,18,5
155,18,5
156,18,5
157,18,5
158,18,4
159,18,4
160,18,4
161,18,4
162,18,4
163,18,4
164,18,4
165,18,4
166,18,4
167,18,4
168,18,4
169,18,4
170,18,4
171,18,4
172,18,4
173,18,4
174,18,4
175,18,4
176,18,4
177,18,4
178,18,4
179,18,4
180,18,4
181,18,3
182,18,3
183,18,3
184,18,3
185,18,3
186,18,3
187,18,3
188,18,3
189,18,3
190,18,3
191,18,3
192,18,3
193,18,3
194,18,3
195,18,3
196,18,3
197,18,3
198,18,3
199,18,3
200,18,3
201,18,3
202,18,3
203,18,3
204,18,3
205,18,3
206,18,3
207,18,3
208,18,3
209,18,3
210,18,3
211,18,3
212,18,2
213,18,2
214,18,2
215,18,2
216,18,2
217,18,2
218,18,2
219,18,2
220,18,2
221,18,2
222,18,2
223,18,2
224,18,2
225,18,2
226,18,2
227,18,2
228,18,2
229,18,2
230,18,2
231,18,2
232,18,2
233,18,2
234,18,2
235,18,2
236,18,2
237,18,2
238,18,2
239,18,2
240,18,2
241,18,2
242,18,2
243,18,2
244,18,2
245,18,2
246,18,2
247,18,2
248,18,2
249,18,2
250,18,2
251,18,2
252,18,2
253,18,2
254,18,2
255,18,2
0,19,3
1,19,3
2,19,3
3,19,3
4,19,3
5,19,3
6,19,3
7,19,3
8,19,3
9,19,3
10,19,3
11,19,3
12,19,3
13,19,3
14,19,3
15,19,3
16,19,4
17,19,4
18,19,4
19,19,4
20,19,4
21,19,4
22,19,4
23,19,4
24,19,4
25,19,4
26,19,4
27,19,4
28,19,4
29,19,4
30,19,4
31,19,4
32,19,4
33,19,4
34,19,4
35,19,4
36,19,4
37,19,4
38,19,4
39,19,4
40,19,4
41,19,4
42,19,4
43,19,4
44,19,4
45,19,4
46,19,4
47,19,4
48,19,4
49,19,4
50,19,4
51,19,4
52,19,4
53,19,4
54,19,4
55,19,4
56,19,4
57,19,4
58,19,4
59,19,4
60,19,4
61,19,5
62,19,5
63,19,5
64,19,5
65,19,5
66,19,5
67,19,5
68,19,5
69,19,5
70,19,5
71,19,5
72,19,5
73,19,5
74,19,5
75,19,5
76,19,5
77,19,5
78,19,6
79,19,6
80,19,6
81,19,6
82,19,6
83,19,6
84,19,6
85,19,6
86,19,7
87,19,7
88,19,8
89,19,18
90,19,18
91,19,20
92,19,16
93,19,26
94,19,19
95,19,20
96,19,18
97,19,26
98,19,21
99,19,17
100,19,16
101,19,15
102,19,15
103,19,17
104,19,20
105,19,44
106,19,27
107,19,25
108,19,51
109,19,41
110,19,36
111,19,54
112,19,0
113,19,0
114,19,0
115,19,0
116,19,6
117,19,27
118,19,23
119,19,23
120,19,18
121,19,22
122,19,17
123,19,13
124,19,13
125,19,12
126,19,13
127,19,15
128,19,31
129,19,23
130,19,16
131,19,13
132,19,9
133,19,8
134,19,8
135,19,7
136,19,7
137,19,6
138,19,6
139,19,6
140,19,5
141,19,5
142,19,5
143,19,5
144,19,5
145,19,5
146,19,5
147,19,5
148,19,5
149,19,5
150,19,5
151,19,5
152,19,5
153,19,5
154,19,5
155,19,5
156,19,5
157,19,5
158,19,5
159,19,4
160,19,4
161,19,4
162,19,4
163,19,4
164,19,4
165,19,4
166,19,4
167,19,4
168,19,4
169,19,4
170,19,4
171,19,4
172,19,4
173,19,4
174,19,4
175,19,4
176,19,4
177,19,4
178,19,4
179,19,4
180,19,4
181,19,3
182,19,3
183,19,3
184,19,3
185,19,3
186,19,3
187,19,3
188,19,3
189,19,3
190,19,3
191,19,3
192,19,3
193,19,3
194,19,3
195,19,3
196,19,3
197,19,3
198,19,3
199,19,3
200,19,3
201,19,3
202,19,3
203,19,3
204,19,3
205,19,3
206,19,3
207,19,3
208,19,3
209,19,3
210,19,3
211,19,3
212,19,3
213,19,2
214,19,2
215,19,2
216,19,2
217,19,2
218,19,2
219,19,2
220,19,2
221,19,2
222,19,2
223,19,2
224,19,2
225,19,2
226,19,2
227,19,2
228,19,2
229,19,2
230,19,2
231,19,2
232,19,2
233,19,2
234,19,2
235,19,2
236,19,2
237,19,2
238,19,2
239,19,2
240,19,2
241,19,2
242,19,2
243,19,2
244,19,2
245,19,2
246,19,2
247,19,2
248,19,2
249,19,2
250,19,2
251,19,2
252,19,2
253,19,2
254,19,2
255,19,2
0,20,3
1,20,3
2,20,3
3,20,3
4,20,3
5,20,3
6,20,3
7,20,3
8,20,3
9,20,3
10,20,3
11,20,3
12,20,3
13,20,3
14,20,4
15,20,4
16,20,4
17,20,4
18,20,4
19,20,4
20,20,4
21,20,4
22,20,4
23,20,4
24,20,4
25,20,4
26,20,4
27,20,4
28,20,4
29,20,4
30,20,4
31,20,4
32,20,4
33,20,4
34,20,4
35,20,4
36,20,4
37,20,4
38,20,4
39,20,4
40,20,4
41,20,4
42,20,4
43,20,4
44,20,4
45,20,4
46,20,4
47,20,4
48,20,4
49,20,4
50,20,4
51,20,4
52,20,4
53,20,4
54,20,4
55,20,4
56,20,4
57,20,4
58,20,4
59,20,4
60,20,5
61,20,5
62,20,5
63,20,5
64,20,5
65,20,5
66,20,5
67,20,5
68,20,5
69,20,5
70,20,5
71,20,5
72,20,5
73,20,5
74,20,5
75,20,5
76,20,6
77,20,6
78,20,6
79,20,6
80,20,6
81,20,6
82,20,6
83,20,6
84,20,6
85,20,7
86,20,7
87,20,7
88,20,8
89,20,9
90,20,10
91,20,13
92,20,36
93,20,16
94,20,15
95,20,15
96,20,16
97,20,27
98,20,22
99,20,19
100,20,18
101,20,42
102,20,28
103,20,19
104,20,28
105,20,1
106,20,6
107,20,39
108,20,0
109,20,0
110,20,0
111,20,0
112,20,0
113,20,0
114,20,0
115,20,0
116,20,0
117,20,38
118,20,29
119,20,28
120,20,21
121,20,25
122,20,28
123,20,16
124,20,14
125,20,13
126,20,14
127,20,18
128,20,25
129,20,16
130,20,13
131,20,11
132,20,9
133,20,9
134,20,8
135,20,7
136,20,7
137,20,6
138,20,6
139,20,6
140,20,6
141,20,5
142,20,5
143,20,5
144,20,5
145,20,5
146,20,5
147,20,5
148,20,5
149,20,5
150,20,5
151,20,5
152,20,5
153,20,5
154,20,5
155,20,5
156,20,5
157,20,5
158,20,5
159,20,5
160,20,5
161,20,4
162,20,4
163,20,4
164,20,4
165,20,4
166,20,4
167,20,4
168,20,4
169,20,4
170,20,4
171,20,4
172,20,4
173,20,4
174,20,4
175,20,4
176,20,4
177,20,4
178,20,4
179,20,4
180,20,4
181,20,4
182,20,3
183,20,3
184,20,3
185,20,3
186,20,3
187,20,3
188,20,3
189,20,3
190,20,3
191,20,3
192,20,3
193,20,3
194,20,3
195,20,3
196,20,3
197,20,3
198,20,3
199,20,3
200,20,3
201,20,3
202,20,3
203,20,3
204,20,3
205,20,3
206,20,3
207,20,3
208,20,3
209,20,3
210,20,3
211,20,3
212,20,3
213,20,3
214,20,2
215,20,2
216,20,2
217,20,2
218,20,2
219,20,2
220,20,2
221,20,2
222,20,2
223,20,2
224,20,2
225,20,2
226,20,2
227,20,2
228,20,2
229,20,2
230,20,2
231,20,2
232,20,2
233,20,2
234,20,2
235,20,2
236,20,2
237,20,2
238,20,2
239,20,2
240,20,2
241,20,2
242,20,2
243,20,2
244,20,2
245,20,2
246,20,2
247,20,2
248,20,2
249,20,2
250,20,2
251,20,2
252,20,2
253,20,2
254,20,2
255,20,2
0,21,3
1,21,3
2,21,3
3,21,3
4,21,3
5,21,3
6,21,3
7,21,3
8,21,3
9,21,3
10,21,3
11,21,3
12,21,3
13,21,4
14,21,4
15,21,4
16,21,4
17,21,4
18,21,4
19,21,4
20,21,4
21,21,4
22,21,4
23,21,4
24,21,4
25,21,4
26,21,4
27,21,4
28,21,4
29,21,4
30,21,4
31,21,4
32,21,4
33,21,4
34,21,4
35,21,4
36,21,4
37,21,4
38,21,4
39,21,4
40,21,4
41,21,4
42,21,4
43,21,4
44,21,4
45,21,4
46,21,4
47,21,4
48,21,4
49,21,4
50,21,4
51,21,4
52,21,4
53,21,4
54,21,4
55,21,4
56,21,4
57,21,4
58,21,4
59,21,5
60,21,5
61,21,5
62,21,5
63,21,5
64,21,5
65,21,5
66,21,5
67,21,5
68,21,5
69,21,5
70,21,5
71,21,5
72,21,5
73,21,5
74,21,6
75,21,6
76,21,6
77,21,6
78,21,6
79,21,6
80,21,6
81,21,6
82,21,6
83,21,6
84,21,7
85,21,7
86,21,7
87,21,7
88,21,8
89,21,9
90,21,9
91,21,10
92,21,13
93,21,12
94,21,13
95,21,14
96,21,15
97,21,22
98,21,63
99,21,62
100,21,22
101,21,37
102,21,25
103,21,24
104,21,28
105,21,40
106,21,0
107,21,0
108,21,0
109,21,0
110,21,0
111,21,0
112,21,0
113,21,0
114,21,0
115,21,0
116,21,0
117,21,0
118,21,0
119,21,42
120,21,32
121,21,0
122,21,21
123,21,17
124,21,15
125,21,14
126,21,15
127,21,22
128,21,22
129,21,28
130,21,15
131,21,13
132,21,10
133,21,9
134,21,8
135,21,7
136,21,7
137,21,7
138,21,6
139,21,6
140,21,6
141,21,6
142,21,5
143,21,5
144,21,5
145,21,5
146,21,5
147,21,5
148,21,5
149,21,5
150,21,5
151,21,5
152,21,5
153,21,5
154,21,5
155,21,5
156,21,5
157,21,5
158,21,5
159,21,5
160,21,5
161,21,5
162,21,4
163,21,4
164,21,4
165,21,4
166,21,4
167,21,4
168,21,4
169,21,4
170,21,4
171,21,4
172,21,4
173,21,4
174,21,4
175,21,4
176,21,4
177,21,4
178,21,4
179,21,4
180,21,4
181,21,4
182,21,4
183,21,3
184,21,3
185,21,3
186,21,3
187,21,3
188,21,3
189,21,3
190,21,3
191,21,3
192,21,3
193,21,3
194,21,3
195,21,3
196,21,3
197,21,3
198,21,3
199,21,3
200,21,3
201,21,3
202,21,3
203,21,3
204,21,3
205,21,3
206,21,3
207,21,3
208,21,3
209,21,3
210,21,3
211,21,3
212,21,3
213,21,3
214,21,3
215,21,2
216,21,2
217,21,2
218,21,2
219,21,2
220,21,2
221,21,2
222,21,2
223,21,2
224,21,2
225,21,2
226,21,2
227,21,2
228,21,2
229,21,2
230,21,2
231,21,2
232,21,2
233,21,2
234,21,2
235,21,2
236,21,2
237,21,2
238,21,2
239,21,2
240,21,2
241,21,2
242,21,2
243,21,2
244,21,2
245,21,2
246,21,2
247,21,2
248,21,2
249,21,2
250,21,2
251,21,2
252,21,2
253,21,2
254,21,2
255,21,2
0,22,3
1,22,3
2,22,3
3,22,3
4,22,3
5,22,3
6,22,3
7,22,3
8,22,3
9,22,3
10,22,3
11,22,3
12,22,4
13,22,4
14,22,4
15,22,4
16,22,4
17,22,4
18,22,4
19,22,4
20,22,4
21,22,4
22,22,4
23,22,4
24,22,4
25,22,4
26,22,4
27,22,4
28,22,4
29,22,4
30,22,4
31,22,4
32,22,4
33,22,4
34,22,4
35,22,4
36,22,4
37,22,4
38,22,4
39,22,4
40,22,4
41,22,4
42,22,4
43,22,4
44,22,4
45,22,4
46,22,4
47,22,4
48,22,4
49,22,4
50,22,4
51,22,4
52,22,4
53,22,4
54,22,4
55,22,4
56,22,4
57,22,5
58,22,5
59,22,5
60,22,5
61,22,5
62,22,5
63,22,5
64,22,5
65,22,5
66,22,5
67,22,5
68,22,5
69,22,5
70,22,5
71,22,5
72,22,6
73,22,6
74,22,6
75,22,6
76,22,6
77,22,6
78,22,6
79,22,6
80,22,6
81,22,6
82,22,6
83,22,6
84,22,7
85,22,7
86,22,7
87,22,8
88,22,8
89,22,8
90,22,9
91,22,9
92,22,10
93,22,11
94,22,12
95,22,13
96,22,15
97,22,19
98,22,35
99,22,31
100,22,33
101,22,32
102,22,35
103,22,29
104,22,0
105,22,0
106,22,0
107,22,0
108,22,0
109,22,0
110,22,0
111,22,0
112,22,0
113,22,0
114,22,0
115,22,0
116,22,0
117,22,0
118,22,0
119,22,0
120,22,0
121,22,54
122,22,23
123,22,19
124,22,30
125,22,17
126,22,17
127,22,19
128,22,25
129,22,20
130,22,50
131,22,16
132,22,12
133,22,11
134,22,8
135,22,7
136,22,7
137,22,7
138,22,6
139,22,6
140,22,6
141,22,6
142,22,6
143,22,5
144,22,5
145,22,5
146,22,5
147,22,5
148,22,5
149,22,5
150,22,5
151,22,5
152,22,5
153,22,5
154,22,5
155,22,5
156,22,5
157,22,5
158,22,5
159,22,5
160,22,5
161,22,5
162,22,5
163,22,5
164,22,4
165,22,4
166,22,4
167,22,4
168,22,4
169,22,4
170,22,4
171,22,4
172,22,4
173,22,4
174,22,4
175,22,4
176,22,4
177,22,4
178,22,4
179,22,4
180,22,4
181,22,4
182,22,4
183,22,4
184,22,3
185,22,3
186,22,3
187,22,3
188,22,3
189,22,3
190,22,3
191,22,3
192,22,3
193,22,3
194,22,3
195,22,3
196,22,3
197,22,3
198,22,3
199,22,3
200,22,3
201,22,3
202,22,3
203,22,3
204,22,3
205,22,3
206,22,3
207,22,3
208,22,3
209,22,3
210,22,3
211,22,3
212,22,3
213,22,3
214,22,3
215,22,3
216,22,2
217,22,2
218,22,2
219,22,2
220,22,2
221,22,2
222,22,2
223,22,2
224,22,2
225,22,2
226,22,2
227,22,2
228,22,2
229,22,2
230,22,2
231,22,2
232,22,2
233,22,2
234,22,2
235,22,2
236,22,2
237,22,2
238,22,2
239,22,2
240,22,2
241,22,2
242,22,2
243,22,2
244,22,2
245,22,2
246,22,2
247,22,2
248,22,2
249,22,2
250,22,2
251,22,2
252,22,2
253,22,2
254,22,2
255,22,2
0,23,3
1,23,3
2,23,3
3,23,3
4,23,3
5,23,3
6,23,3
7,23,3
8,23,3
9,23,3
10,23,3
11,23,4
12,23,4
13,23,4
14,23,4
15,23,4
16,23,4
17,23,4
18,23,4
19,23,4
20,23,4
21,23,4
22,23,4
23,23,4
24,23,4
25,23,4
26,23,4
27,23,4
28,23,4
29,23,4
30,23,4
31,23,4
32,23,4
33,23,4
34,23,4
35,23,4
36,23,4
37,23,4
38,23,4
39,23,4
40,23,4
41,23,4
42,23,4
43,23,4
44,23,4
45,23,4
46,23,4
47,23,4
48,23,4
49,23,4
50,23,4
51,23,4
52,23,4
53,23,4
54,23,4
55,23,4
56,23,5
57,23,5
58,23,5
59,23,5
60,23,5
61,23,5
62,23,5
63,23,5
64,23,5
65,23,5
66,23,5
67,23,5
68,23,5
69,23,5
70,23,6
71,23,6
72,23,6
73,23,6
74,23,6
75,23,6
76,23,6
77,23,6
78,23,6
79,23,6
80,23,6
81,23,6
82,23,6
83,23,7
84,23,7
85,23,7
86,23,7
87,23,8
88,23,8
89,23,8
90,23,9
91,23,9
92,23,10
93,23,11
94,23,11
95,23,12
96,23,17
97,23,29
98,23,40
99,23,62
100,23,46
101,23,0
102,23,0
103,23,51
104,23,0
105,23,0
106,23,0
107,23,0
108,23,0
109,23,0
110,23,0
111,23,0
112,23,0
113,23,0
114,23,0
115,23,0
116,23,0
117,23,0
118,23,0
119,23,0
120,23,0
121,23,50
122,23,40
123,23,23
124,23,30
125,23,22
126,23,23
127,23,24
128,23,40
129,23,17
130,23,16
131,23,32
132,23,18
133,23,12
134,23,8
135,23,7
136,23,7
137,23,7
138,23,7
139,23,6
140,23,6
141,23,6
142,23,6
143,23,5
144,23,5
145,23,5
146,23,5
147,23,5
148,23,5
149,23,5
150,23,5
151,23,5
152,23,5
153,23,5
154,23,5
155,23,5
156,23,5
157,23,5
158,23,5
159,23,5
160,23,5
161,23,5
162,23,5
163,23,5
164,23,5
165,23,4
166,23,4
167,23,4
168,23,4
169,23,4
170,23,4
171,23,4
172,23,4
173,23,4
174,23,4
175,23,4
176,23,4
177,23,4
178,23,4
179,23,4
180,23,4
181,23,4
182,23,4
183,23,4
184,23,3
185,23,3
186,23,3
187,23,3
188,23,3
189,23,3
190,23,3
191,23,3
192,23,3
193,23,3
194,23,3
195,23,3
196,23,3
197,23,3
198,23,3
199,23,3
200,23,3
201,23,3
202,23,3
203,23,3
204,23,3
205,23,3
206,23,3
207,23,3
208,23,3
209,23,3
210,23,3
211,23,3
212,23,3
213,23,3
214,23,3
215,23,3
216,23,3
217,23,2
218,23,2
219,23,2
220,23,2
221,23,2
222,23,2
223,23,2
224,23,2
225,23,2
226,23,2
227,23,2
228,23,2
229,23,2
230,23,2
231,23,2
232,23,2
233,23,2
234,23,2
235,23,2
236,23,2
237,23,2
238,23,2
239,23,2
240,23,2
241,23,2
242,23,2
243,23,2
244,23,2
245,23,2
246,23,2
247,23,2
248,23,2
249,23,2
250,23,2
251,23,2
252,23,2
253,23,2
254,23,2
255,23,2
0,24,3
1,24,3
2,24,3
3,24,3
4,24,3
5,24,3
6,24,3
7,24,3
8,24,3
9,24,3
10,24,4
11,24,4
12,24,4
13,24,4
14,24,4
15,24,4
16,24,4
17,24,4
18,24,4
19,24,4
20,24,4
21,24,4
22,24,4
23,24,4
24,24,4
25,24,4
26,24,4
27,24,4
28,24,4
29,24,4
30,24,4
31,24,4
32,24,4
33,24,4
34,24,4
35,24,4
36,24,4
37,24,4
38,24,4
39,24,4
40,24,4
41,24,4
42,24,4
43,24,4
44,24,4
45,24,4
46,24,4
47,24,4
48,24,4
49,24,4
50,24,4
51,24,4
52,24,4
53,24,4
54,24,4
55,24,5
56,24,5
57,24,5
58,24,5
59,24,5
60,24,5
61,24,5
62,24,5
63,24,5
64,24,5
65,24,5
66,24,5
67,24,5
68,24,6
69,24,6
70,24,6
71,24,6
72,24,6
73,24,6
74,24,6
75,24,6
76,24,6
77,24,6
78,24,6
79,24,6
80,24,6
81,24,6
82,24,7
83,24,7
84,24,7
85,24,7
86,24,7
87,24,8
88,24,8
89,24,8
90,24,8
91,24,9
92,24,10
93,24,10
94,24,11
95,24,12
96,24,15
97,24,17
98,24,23
99,24,36
100,24,0
101,24,0
102,24,0
103,24,0
104,24,0
105,24,0
106,24,0
107,24,0
108,24,0
109,24,0
110,24,0
111,24,0
112,24,0
113,24,0
114,24,0
115,24,0
116,24,0
117,24,0
118,24,0
119,24,0
120,24,0
121,24,0
122,24,45
123,24,36
124,24,53
125,24,33
126,24,27
127,24,4
128,24,21
129,24,14
130,24,13
131,24,14
132,24,13
133,24,10
134,24,8
135,24,7
136,24,7
137,24,7
138,24,7
139,24,7
140,24,6
141,24,6
142,24,6
143,24,6
144,24,6
145,24,5
146,24,5
147,24,5
148,24,5
149,24,5
150,24,5
151,24,5
152,24,5
153,24,5
154,24,5
155,24,5
156,24,5
157,24,5
158,24,5
159,24,5
160,24,5
161,24,5
162,24,5
163,24,5
164,24,5
165,24,5
166,24,5
167,24,4
168,24,4
169,24,4
170,24,4
171,24,4
172,24,4
173,24,4
174,24,4
175,24,4
176,24,4
177,24,4
178,24,4
179,24,4
180,24,4
181,24,4
182,24,4
183,24,4
184,24,4
185,24,3
186,24,3
187,24,3
188,24,3
189,24,3
190,24,3
191,24,3
192,24,3
193,24,3
194,24,3
195,24,3
196,24,3
197,24,3
198,24,3
199,24,3
200,24,3
201,24,3
202,24,3
203,24,3
204,24,3
205,24,3
206,24,3
207,24,3
208,24,3
209,24,3
210,24,3
211,24,3
212,24,3
213,24,3
214,24,3
215,24,3
216,24,3
217,24,3
218,24,2
219,24,2
220,24,2
221,24,2
222,24,2
223,24,2
224,24,2
225,24,2
226,24,2
227,24,2
228,24,2
229,24,2
230,24,2
231,24,2
232,24,2
233,24,2
234,24,2
235,24,2
236,24,2
237,24,2
238,24,2
239,24,2
240,24,2
241,24,2
242,24,2
243,24,2
244,24,2
245,24,2
246,24,2
247,24,2
248,24,2
249,24,2
250,24,2
251,24,2
252,24,2
253,24,2
254,24,2
255,24,2
0,25,3
1,25,3
2,25,3
3,25,3
4,25,3
5,25,3
6,25,3
7,25,3
8,25,3
9,25,4
10,25,4
11,25,4
12,25,4
13,25,4
14,25,4
15,25,4
16,25,4
17,25,4
18,25,4
19,25,4
20,25,4
21,25,4
22,25,4
23,25,4
24,25,4
25,25,4
26,25,4
27,25,4
28,25,4
29,25,4
30,25,4
31,25,4
32,25,4
33,25,4
34,25,4
35,25,4
36,25,4
37,25,4
38,25,4
39,25,4
40,25,4
41,25,4
42,25,4
43,25,4
44,25,4
45,25,4
46,25,4
47,25,4
48,25,4
49,25,4
50,25,4
51,25,4
52,25,4
53,25,5
54,25,5
55,25,5
56,25,5
57,25,5
58,25,5
59,25,5
60,25,5
61,25,5
62,25,5
63,25,5
64,25,5
65,25,5
66,25,6
67,25,6
68,25,6
69,25,6
70,25,6
71,25,6
72,25,6
73,25,6
74,25,6
75,25,6
76,25,6
77,25,6
78,25,6
79,25,6
80,25,6
81,25,7
82,25,7
83,25,7
84,25,7
85,25,7
86,25,7
87,25,8
88,25,8
89,25,8
90,25,8
91,25,9
92,25,10
93,25,10
94,25,11
95,25,12
96,25,14
97,25,15
98,25,27
99,25,8
100,25,0
101,25,0
102,25,0
103,25,0
104,25,0
105,25,0
106,25,0
107,25,0
108,25,0
109,25,0
110,25,0
111,25,0
112,25,0
113,25,0
114,25,0
115,25,0
116,25,0
117,25,0
118,25,0
119,25,0
120,25,0
121,25,0
122,25,0
123,25,0
124,25,0
125,25,43
126,25,26
127,25,48
128,25,21
129,25,15
130,25,12
131,25,11
132,25,10
133,25,9
134,25,8
135,25,7
136,25,7
137,25,7
138,25,7
139,25,7
140,25,6
141,25,6
142,25,6
143,25,6
144,25,6
145,25,6
146,25,5
147,25,5
148,25,5
149,25,5
150,25,5
151,25,5
152,25,5
153,25,5
154,25,5
155,25,5
156,25,5
157,25,5
158,25,5
159,25,5
160,25,5
161,25,5
162,25,5
163,25,5
164,25,5
165,25,5
166,25,5
167,25,5
168,25,4
169,25,4
170,25,4
171,25,4
172,25,4
173,25,4
174,25,4
175,25,4
176,25,4
177,25,4
178,25,4
179,25,4
180,25,4
181,25,4
182,25,4
183,25,4
184,25,4
185,25,3
186,25,3
187,25,3
188,25,3
189,25,3
190,25,3
191,25,3
192,25,3
193,25,3
194,25,3
195,25,3
196,25,3
197,25,3
198,25,3
199,25,3
200,25,3
201,25,3
202,25,3
203,25,3
204,25,3
205,25,3
206,25,3
207,25,3
208,25,3
209,25,3
210,25,3
211,25,3
212,25,3
213,25,3
214,25,3
215,25,3
216,25,3
217,25,3
218,25,3
219,25,2
220,25,2
221,25,2
222,25,2
223,25,2
224,25,2
225,25,2
226,25,2
227,25,2
228,25,2
229,25,2
230,25,2
231,25,2
232,25,2
233,25,2
234,25,2
235,25,2
236,25,2
237,25,2
238,25,2
239,25,2
240,25,2
241,25,2
242,25,2
243,25,2
244,25,2
245,25,2
246,25,2
247,25,2
248,25,2
249,25,2
250,25,2
251,25,2
252,25,2
253,25,2
254,25,2
255,25,2
0,26,3
1,26,3
2,26,3
3,26,3
4,26,3
5,26,3
6,26,3
7,26,4
8,26,4
9,26,4
10,26,4
11,26,4
12,26,4
13,26,4
14,26,4
15,26,4
16,26,4
17,26,4
18,26,4
19,26,4
20,26,4
21,26,4
22,26,4
23,26,4
24,26,4
25,26,4
26,26,4
27,26,4
28,26,4
29,26,4
30,26,4
31,26,4
32,26,4
33,26,4
34,26,4
35,26,4
36,26,4
37,26,4
38,26,4
39,26,4
40,26,4
41,26,4
42,26,4
43,26,4
44,26,4
45,26,4
46,26,4
47,26,4
48,26,4
49,26,4
50,26,4
51,26,4
52,26,5
53,26,5
54,26,5
55,26,5
56,26,5
57,26,5
58,26,5
59,26,5
60,26,5
61,26,5
62,26,5
63,26,6
64,26,6
65,26,6
66,26,6
67,26,6
68,26,6
69,26,6
70,26,6
71,26,6
72,26,6
73,26,6
74,26,6
75,26,6
76,26,6
77,26,6
78,26,6
79,26,6
80,26,7
81,26,7
82,26,7
83,26,7
84,26,7
85,26,7
86,26,7
87,26,8
88,26,8
89,26,8
90,26,8
91,26,9
92,26,10
93,26,10
94,26,12
95,26,13
96,26,14
97,26,16
98,26,19
99,26,23
100,26,31
101,26,3
102,26,0
103,26,0
104,26,0
105,26,0
106,26,0
107,26,0
108,26,0
109,26,0
110,26,0
111,26,0
112,26,0
113,26,0
114,26,0
115,26,0
116,26,0
117,26,0
118,26,0
119,26,0
120,26,0
121,26,0
122,26,0
123,26,0
124,26,0
125,26,0
126,26,31
127,26,22
128,26,21
129,26,13
130,26,11
131,26,10
132,26,10
133,26,9
134,26,8
135,26,8
136,26,7
137,26,7
138,26,7
139,26,7
140,26,7
141,26,6
142,26,6
143,26,6
144,26,6
145,26,6
146,26,6
147,26,5
148,26,5
149,26,5
150,26,5
151,26,5
152,26,5
153,26,5
154,26,5
155,26,5
156,26,5
157,26,5
158,26,5
159,26,5
160,26,5
161,26,5
162,26,5
163,26,5
164,26,5
165,26,5
166,26,5
167,26,5
168,26,5
169,26,5
170,26,4
171,26,4
172,26,4
173,26,4
174,26,4
175,26,4
176,26,4
177,26,4
178,26,4
179,26,4
180,26,4
181,26,4
182,26,4
183,26,4
184,26,4
185,26,4
186,26,3
187,26,3
188,26,3
189,26,3
190,26,3
191,26,3
192,26,3
193,26,3
194,26,3
195,26,3
196,26,3
197,26,3
198,26,3
199,26,3
200,26,3
201,26,3
202,26,3
203,26,3
204,26,3
205,26,3
206,26,3
207,26,3
208,26,3
209,26,3
210,26,3
211,26,3
212,26,3
213,26,3
214,26,3
215,26,3
216,26,3
217,26,3
218,26,3
219,26,2
220,26,2
221,26,2
222,26,2
223,26,2
224,26,2
225,26,2
226,26,2
227,26,2
228,26,2
229,26,2
230,26,2
231,26,2
232,26,2
233,26,2
234,26,2
235,26,2
236,26,2
237,26,2
238,26,2
239,26,2
240,26,2
241,26,2
242,26,2
243,26,2
244,26,2
245,26,2
246,26,2
247,26,2
248,26,2
249,26,2
250,26,2
251,26,2
252,26,2
253,26,2
254,26,2
255,26,2
0,27,3
1,27,3
2,27,3
3,27,3
4,27,3
5,27,3
6,27,4
7,27,4
8,27,4
9,27,4
10,27,4
11,27,4
12,27,4
13,27,4
14,27,4
15,27,4
16,27,4
17,27,4
18,27,4
19,27,4
20,27,4
21,27,4
22,27,4
23,27,4
24,27,4
25,27,4
26,27,4
27,27,4
28,27,4
29,27,4
30,27,4
31,27,4
32,27,4
33,27,4
34,27,4
35,27,4
36,27,4
37,27,4
38,27,4
39,27,4
40,27,4
41,27,4
42,27,4
43,27,4
44,27,4
45,27,4
46,27,4
47,27,4
48,27,4
49,27,4
50,27,5
51,27,5
52,27,5
53,27,5
54,27,5
55,27,5
56,27,5
57,27,5
58,27,5
59,27,5
60,27,5
61,27,6
62,27,6
63,27,6
64,27,6
65,27,6
66,27,6
67,27,6
68,27,6
69,27,6
70,27,6
71,27,6
72,27,6
73,27,6
74,27,6
75,27,6
76,27,6
77,27,6
78,27,6
79,27,7
80,27,7
81,27,7
82,27,7
83,27,7
84,27,7
85,27,7
86,27,8
87,27,8
88,27,8
89,27,8
90,27,8
91,27,9
92,27,10
93,27,10
94,27,17
95,27,17
96,27,17
97,27,17
98,27,19
99,27,17
100,27,35
101,27,0
102,27,0
103,27,0
104,27,0
105,27,0
106,27,0
107,27,0
108,27,0
109,27,0
110,27,0
111,27,0
112,27,0
113,27,0
114,27,0
115,27,0
116,27,0
117,27,0
118,27,0
119,27,0
120,27,0
121,27,0
122,27,0
123,27,0
124,27,0
125,27,46
126,27,57
127,27,20
128,27,14
129,27,12
130,27,11
131,27,10
132,27,9
133,27,9
134,27,8
135,27,8
136,27,7
137,27,7
138,27,7
139,27,7
140,27,7
141,27,7
142,27,6
143,27,6
144,27,6
145,27,6
146,27,6
147,27,6
148,27,5
149,27,5
150,27,5
151,27,5
152,27,5
153,27,5
154,27,5
155,27,5
156,27,5
157,27,5
158,27,5
159,27,5
160,27,5
161,27,5
162,27,5
163,27,5
164,27,5
165,27,5
166,27,5
167,27,5
168,27,5
169,27,5
170,27,5
171,27,4
172,27,4
173,27,4
174,27,4
175,27,4
176,27,4
177,27,4
178,27,4
179,27,4
180,27,4
181,27,4
182,27,4
183,27,4
184,27,4
185,27,4
186,27,4
187,27,3
188,27,3
189,27,3
190,27,3
191,27,3
192,27,3
193,27,3
194,27,3
195,27,3
196,27,3
197,27,3
198,27,3
199,27,3
200,27,3
201,27,3
202,27,3
203,27,3
204,27,3
205,27,3
206,27,3
207,27,3
208,27,3
209,27,3
210,27,3
211,27,3
212,27,3
213,27,3
214,27,3
215,27,3
216,27,3
217,27,3
218,27,3
219,27,3
220,27,2
221,27,2
222,27,2
223,27,2
224,27,2
225,27,2
226,27,2
227,27,2
228,27,2
229,27,2
230,27,2
231,27,2
232,27,2
233,27,2
234,27,2
235,27,2
236,27,2
237,27,2
238,27,2
239,27,2
240,27,2
241,27,2
242,27,2
243,27,2
244,27,2
245,27,2
246,27,2
247,27,2
248,27,2
249,27,2
250,27,2
251,27,2
252,27,2
253,27,2
254,27,2
255,27,2
0,28,3
1,28,3
2,28,3
3,28,3
4,28,3
5,28,4
6,28,4
7,28,4
8,28,4
9,28,4
10,28,4
11,28,4
12,28,4
13,28,4
14,28,4
15,28,4
16,28,4
17,28,4
18,28,4
19,28,4
20,28,4
21,28,4
22,28,4
23,28,4
24,28,4
25,28,4
26,28,4
27,28,4
28,28,4
29,28,4
30,28,4
31,28,4
32,28,4
33,28,4
34,28,4
35,28,4
36,28,4
37,28,4
38,28,4
39,28,4
40,28,4
41,28,4
42,28,4
43,28,4
44,28,4
45,28,4
46,28,4
47,28,4
48,28,4
49,28,5
50,28,5
51,28,5
52,28,5
53,28,5
54,28,5
55,28,5
56,28,5
57,28,5
58,28,5
59,28,6
60,28,6
61,28,6
62,28,6
63,28,6
64,28,6
65,28,6
66,28,6
67,28,6
68,28,6
69,28,6
70,28,6
71,28,6
72,28,6
73,28,6
74,28,6
75,28,6
76,28,6
77,28,6
78,28,7
79,28,7
80,28,7
81,28,7
82,28,7
83,28,7
84,28,7
85,28,7
86,28,8
87,28,8
88,28,8
89,28,8
90,28,8
91,28,9
92,28,10
93,28,11
94,28,13
95,28,20
96,28,48
97,28,20
98,28,20
99,28,35
100,28,0
101,28,0
102,28,0
103,28,0
104,28,0
105,28,0
106,28,0
107,28,0
108,28,0
109,28,0
110,28,0
111,28,0
112,28,0
113,28,0
114,28,0
115,28,0
116,28,0
117,28,0
118,28,0
119,28,0
120,28,0
121,28,0
122,28,0
123,28,0
124,28,44
125,28,26
126,28,20
127,28,16
128,28,14
129,28,13
130,28,11
131,28,10
132,28,9
133,28,9
134,28,8
135,28,8
136,28,7
137,28,7
138,28,7
139,28,7
140,28,7
141,28,7
142,28,6
143,28,6
144,28,6
145,28,6
146,28,6
147,28,6
148,28,6
149,28,6
150,28,5
151,28,5
152,28,5
153,28,5
154,28,5
155,28,5
156,28,5
157,28,5
158,28,5
159,28,5
160,28,5
161,28,5
162,28,5
163,28,5
164,28,5
165,28,5
166,28,5
167,28,5
168,28,5
169,28,5
170,28,5
171,28,5
172,28,5
173,28,4
174,28,4
175,28,4
176,28,4
177,28,4
178,28,4
179,28,4
180,28,4
181,28,4
182,28,4
183,28,4
184,28,4
185,28,4
186,28,4
187,28,3
188,28,3
189,28,3
190,28,3
191,28,3
192,28,3
193,28,3
194,28,3
195,28,3
196,28,3
197,28,3
198,28,3
199,28,3
200,28,3
201,28,3
202,28,3
203,28,3
204,28,3
205,28,3
206,28,3
207,28,3
208,28,3
209,28,3
210,28,3
211,28,3
212,28,3
213,28,3
214,28,3
215,28,3
216,28,3
217,28,3
218,28,3
219,28,3
220,28,3
221,28,2
222,28,2
223,28,2
224,28,2
225,28,2
226,28,2
227,28,2
228,28,2
229,28,2
230,28,2
231,28,2
232,28,2
233,28,2
234,28,2
235,28,2
236,28,2
237,28,2
238,28,2
239,28,2
240,28,2
241,28,2
242,28,2
243,28,2
244,28,2
245,28,2
246,28,2
247,28,2
248,28,2
249,28,2
250,28,2
251,28,2
252,28,2
253,28,2
254,28,2
255,28,2
0,29,3
1,29,3
2,29,3
3,29,3
4,29,4
5,29,4
6,29,4
7,29,4
8,29,4
9,29,4
10,29,4
11,29,4
12,29,4
13,29,4
14,29,4
15,29,4
16,29,4
17,29,4
18,29,4
19,29,4
20,29,4
21,29,4
22,29,4
23,29,4
24,29,4
25,29,4
26,29,4
27,29,4
28,29,4
29,29,4
30,29,4
31,29,4
32,29,4
33,29,4
34,29,4
35,29,4
36,29,4
37,29,4
38,29,4
39,29,4
40,29,4
41,29,4
42,29,4
43,29,4
44,29,4
45,29,4
46,29,4
47,29,5
48,29,5
49,29,5
50,29,5
51,29,5
52,29,5
53,29,5
54,29,5
55,29,5
56,29,5
57,29,6
58,29,6
59,29,6
60,29,6
61,29,6
62,29,6
63,29,6
64,29,6
65,29,6
66,29,6
67,29,6
68,29,6
69,29,6
70,29,6
71,29,6
72,29,6
73,29,6
74,29,6
75,29,6
76,29,7
77,29,7
78,29,7
79,29,7
80,29,7
81,29,7
82,29,7
83,29,7
84,29,7
85,29,7
86,29,8
87,29,8
88,29,8
89,29,8
90,29,9
91,29,9
92,29,10
93,29,12
94,29,24
95,29,58
96,29,36
97,29,23
98,29,44
99,29,32
100,29,0
101,29,0
102,29,0
103,29,0
104,29,0
105,29,0
106,29,0
107,29,0
108,29,0
109,29,0
110,29,0
111,29,0
112,29,0
113,29,0
114,29,0
115,29,0
116,29,0
117,29,0
118,29,0
119,29,0
120,29,0
121,29,0
122,29,0
123,29,0
124,29,0
125,29,43
126,29,25
127,29,17
128,29,19
129,29,31
130,29,14
131,29,11
132,29,9
133,29,9
134,29,8
135,29,8
136,29,8
137,29,7
138,29,7
139,29,7
140,29,7
141,29,7
142,29,7
143,29,6
144,29,6
145,29,6
146,29,6
147,29,6
148,29,6
149,29,6
150,29,6
151,29,6
152,29,5
153,29,5
154,29,5
155,29,5
156,29,5
157,29,5
158,29,5
159,29,5
160,29,5
161,29,5
162,29,5
163,29,5
164,29,5
165,29,5
166,29,5
167,29,5
168,29,5
169,29,5
170,29,5
171,29,5
172,29,5
173,29,5
174,29,4
175,29,4
176,29,4
177,29,4
178,29,4
179,29,4
180,29,4
181,29,4
182,29,4
183,29,4
184,29,4
185,29,4
186,29,4
187,29,4
188,29,3
189,29,3
190,29,3
191,29,3
192,29,3
193,29,3
194,29,3
195,29,3
196,29,3
197,29,3
198,29,3
199,29,3
200,29,3
201,29,3
202,29,3
203,29,3
204,29,3
205,29,3
206,29,3
207,29,3
208,29,3
209,29,3
210,29,3
211,29,3
212,29,3
213,29,3
214,29,3
215,29,3
216,29,3
217,29,3
218,29,3
219,29,3
220,29,3
221,29,3
222,29,2
223,29,2
224,29,2
225,29,2
226,29,2
227,29,2
228,29,2
229,29,2
230,29,2
231,29,2
232,29,2
233,29,2
234,29,2
235,29,2
236,29,2
237,29,2
238,29,2
239,29,2
240,29,2
241,29,2
242,29,2
243,29,2
244,29,2
245,29,2
246,29,2
247,29,2
248,29,2
249,29,2
250,29,2
251,29,2
252,29,2
253,29,2
254,29,2
255,29,2
0,30,3
1,30,3
2,30,3
3,30,4
4,30,4
5,30,4
6,30,4
7,30,4
8,30,4
9,30,4
10,30,4
11,30,4
12,30,4
13,30,4
14,30,4
15,30,4
16,30,4
17,30,4
18,30,4
19,30,4
20,30,4
21,30,4
22,30,4
23,30,4
24,30,4
25,30,4
26,30,4
27,30,4
28,30,4
29,30,4
30,30,4
31,30,4
32,30,4
33,30,4
34,30,4
35,30,4
36,30,4
37,30,4
38,30,4
39,30,4
40,30,4
41,30,4
42,30,4
43,30,4
44,30,4
45,30,4
46,30,5
47,30,5
48,30,5
49,30,5
50,30,5
51,30,5
52,30,5
53,30,5
54,30,5
55,30,6
56,30,6
57,30,6
58,30,6
59,30,6
60,30,6
61,30,6
62,30,6
63,30,6
64,30,6
65,30,6
66,30,6
67,30,6
68,30,6
69,30,6
70,30,6
71,30,6
72,30,6
73,30,6
74,30,6
75,30,7
76,30,7
77,30,7
78,30,7
79,30,7
80,30,7
81,30,7
82,30,7
83,30,7
84,30,7
85,30,8
86,30,8
87,30,8
88,30,8
89,30,8
90,30,9
91,30,9
92,30,11
93,30,20
94,30,42
95,30,20
96,30,33
97,30,5
98,30,57
99,30,0
100,30,0
101,30,0
102,30,0
103,30,0
104,30,0
105,30,0
106,30,0
107,30,0
108,30,0
109,30,0
110,30,0
111,30,0
112,30,0
113,30,0
114,30,0
115,30,0
116,30,0
117,30,0
118,30,0
119,30,0
120,30,0
121,30,0
122,30,0
123,30,0
124,30,0
125,30,31
126,30,22
127,30,20
128,30,37
129,30,22
130,30,5
131,30,11
132,30,9
133,30,9
134,30,8
135,30,8
136,30,8
137,30,7
138,30,7
139,30,7
140,30,7
141,30,7
142,30,7
143,30,7
144,30,6
145,30,6
146,30,6
147,30,6
148,30,6
149,30,6
150,30,6
151,30,6
152,30,6
153,30,6
154,30,5
155,30,5
156,30,5
157,30,5
158,30,5
159,30,5
160,30,5
161,30,5
162,30,5
163,30,5
164,30,5
165,30,5
166,30,5
167,30,5
168,30,5
169,30,5
170,30,5
171,30,5
172,30,5
173,30,5
174,30,5
175,30,4
176,30,4
177,30,4
178,30,4
179,30,4
180,30,4
181,30,4
182,30,4
183,30,4
184,30,4
185,30,4
186,30,4
187,30,4
188,30,4
189,30,3
190,30,3
191,30,3
192,30,3
193,30,3
194,30,3
195,30,3
196,30,3
197,30,3
198,30,3
199,30,3
200,30,3
201,30,3
202,30,3
203,30,3
204,30,3
205,30,3
206,30,3
207,30,3
208,30,3
209,30,3
210,30,3
211,30,3
212,30,3
213,30,3
214,30,3
215,30,3
216,30,3
217,30,3
218,30,3
219,30,3
220,30,3
221,30,3
222,30,3
223,30,2
224,30,2
225,30,2
226,30,2
227,30,2
228,30,2
229,30,2
230,30,2
231,30,2
232,30,2
233,30,2
234,30,2
235,30,2
236,30,2
237,30,2
238,30,2
239,30,2
240,30,2
241,30,2
242,30,2
243,30,2
244,30,2
245,30,2
246,30,2
247,30,2
248,30,2
249,30,2
250,30,2
251,30,2
252,30,2
253,30,2
254,30,2
255,30,2
0,31,3
1,31,3
2,31,4
3,31,4
4,31,4
5,31,4
6,31,4
7,31,4
8,31,4
9,31,4
10,31,4
11,31,4
12,31,4
13,31,4
14,31,4
15,31,4
16,31,4
17,31,4
18,31,4
19,31,4
20,31,4
21,31,4
22,31,4
23,31,4
24,31,4
25,31,4
26,31,4
27,31,4
28,31,4
29,31,4
30,31,4
31,31,4
32,31,4
33,31,4
34,31,4
35,31,4
36,31,4
37,31,4
38,31,4
39,31,4
40,31,4
41,31,4
42,31,4
43,31,4
44,31,5
45,31,5
46,31,5
47,31,5
48,31,5
49,31,5
50,31,5
51,31,5
52,31,5
53,31,5
54,31,6
55,31,6
56,31,6
57,31,6
58,31,6
59,31,6
60,31,6
61,31,6
62,31,6
63,31,6
64,31,6
65,31,6
66,31,6
67,31,6
68,31,6
69,31,6
70,31,6
71,31,6
72,31,6
73,31,7
74,31,7
75,31,7
76,31,7
77,31,7
78,31,7
79,31,7
80,31,7
81,31,7
82,31,7
83,31,7
84,31,8
85,31,8
86,31,8
87,31,8
88,31,8
89,31,9
90,31,9
91,31,9
92,31,11
93,31,14
94,31,24
95,31,16
96,31,22
97,31,42
98,31,0
99,31,0
100,31,0
101,31,0
102,31,0
103,31,0
104,31,0
105,31,0
106,31,0
107,31,0
108,31,0
109,31,0
110,31,0
111,31,0
112,31,0
113,31,0
114,31,0
115,31,0
116,31,0
117,31,0
118,31,0
119,31,0
120,31,0
121,31,0
122,31,0
123,31,0
124,31,0
125,31,52
126,31,29
127,31,24
128,31,34
129,31,31
130,31,13
131,31,11
132,31,9
133,31,9
134,31,8
135,31,8
136,31,8
137,31,8
138,31,7
139,31,7
140,31,7
141,31,7
142,31,7
143,31,7
144,31,7
145,31,6
146,31,6
147,31,6
148,31,6
149,31,6
150,31,6
151,31,6
152,31,6
153,31,6
154,31,6
155,31,6
156,31,6
157,31,5
158,31,5
159,31,5
160,31,5
161,31,5
162,31,5
163,31,5
164,31,5
165,31,5
166,31,5
167,31,5
168,31,5
169,31,5
170,31,5
171,31,5
172,31,5
173,31,5
174,31,5
175,31,5
176,31,4
177,31,4
178,31,4
179,31,4
180,31,4
181,31,4
182,31,4
183,31,4
184,31,4
185,31,4
186,31,4
187,31,4
188,31,4
189,31,3
190,31,3
191,31,3
192,31,3
193,31,3
194,31,3
195,31,3
196,31,3
197,31,3
198,31,3
199,31,3
200,31,3
201,31,3
202,31,3
203,31,3
204,31,3
205,31,3
206,31,3
207,31,3
208,31,3
209,31,3
210,31,3
211,31,3
212,31,3
213,31,3
214,31,3
215,31,3
216,31,3
217,31,3
218,31,3
219,31,3
220,31,3
221,31,3
222,31,3
223,31,2
224,31,2
225,31,2
226,31,2
227,31,2
228,31,2
229,31,2
230,31,2
231,31,2
232,31,2
233,31,2
234,31,2
235,31,2
236,31,2
237,31,2
238,31,2
239,31,2
240,31,2
241,31,2
242,31,2
243,31,2
244,31,2
245,31,2
246,31,2
247,31,2
248,31,2
249,31,2
250,31,2
251,31,2
252,31,2
253,31,2
254,31,2
255,31,2
0,32,4
1,32,4
2,32,4
3,32,4
4,32,4
5,32,4
6,32,4
7,32,4
8,32,4
9,32,4
10,32,4
11,32,4
12,32,4
13,32,4
14,32,4
15,32,4
16,32,4
17,32,4
18,32,4
19,32,4
20,32,4
21,32,4
22,32,4
23,32,4
24,32,4
25,32,4
26,32,4
27,32,4
28,32,4
29,32,4
30,32,4
31,32,4
32,32,4
33,32,4
34,32,4
35,32,4
36,32,4
37,32,4
38,32,4
39,32,4
40,32,4
41,32,4
42,32,5
43,32,5
44,32,5
45,32,5
46,32,5
47,32,5
48,32,5
49,32,5
50,32,5
51,32,5
52,32,6
53,32,6
54,32,6
55,32,6
56,32,6
57,32,6
58,32,6
59,32,6
60,32,6
61,32,6
62,32,6
63,32,6
64,32,6
65,32,6
66,32,6
67,32,6
68,32,6
69,32,6
70,32,6
71,32,7
72,32,7
73,32,7
74,32,7
75,32,7
76,32,7
77,32,7
78,32,7
79,32,7
80,32,7
81,32,7
82,32,7
83,32,7
84,32,8
85,32,8
86,32,8
87,32,8
88,32,8
89,32,9
90,32,9
91,32,10
92,32,11
93,32,12
94,32,13
95,32,14
96,32,16
97,32,26
98,32,51
99,32,49
100,32,0
101,32,0
102,32,0
103,32,0
104,32,0
105,32,0
106,32,0
107,32,0
108,32,0
109,32,0
110,32,0
111,32,0
112,32,0
113,32,0
114,32,0
115,32,0
116,32,0
117,32,0
118,32,0
119,32,0
120,32,0
121,32,0
122,32,0
123,32,0
124,32,0
125,32,0
126,32,63
127,32,0
128,32,25
129,32,35
130,32,16
131,32,10
132,32,10
133,32,9
134,32,8
135,32,8
136,32,8
137,32,8
138,32,8
139,32,7
140,32,7
141,32,7
142,32,7
143,32,7
144,32,7
145,32,7
146,32,6
147,32,6
148,32,6
149,32,6
150,32,6
151,32,6
152,32,6
153,32,6
154,32,6
155,32,6
156,32,6
157,32,6
158,32,6
159,32,6
160,32,6
161,32,6
162,32,5
163,32,5
164,32,5
165,32,5
166,32,5
167,32,5
168,32,5
169,32,5
170,32,5
171,32,5
172,32,5
173,32,5
174,32,5
175,32,5
176,32,5
177,32,4
178,32,4
179,32,4
180,32,4
181,32,4
182,32,4
183,32,4
184,32,4
185,32,4
186,32,4
187,32,4
188,32,4
189,32,4
190,32,3
191,32,3
192,32,3
193,32,3
194,32,3
195,32,3
196,32,3
197,32,3
198,32,3
199,32,3
200,32,3
201,32,3
202,32,3
203,32,3
204,32,3
205,32,3
206,32,3
207,32,3
208,32,3
209,32,3
210,32,3
211,32,3
212,32,3
213,32,3
214,32,3
215,32,3
216,32,3
217,32,3
218,32,3
219,32,3
220,32,3
221,32,3
222,32,3
223,32,3
224,32,2
225,32,2
226,32,2
227,32,2
228,32,2
229,32,2
230,32,2
231,32,2
232,32,2
233,32,2
234,32,2
235,32,2
236,32,2
237,32,2
238,32,2
239,32,2
240,32,2
241,32,2
242,32,2
243,32,2
244,32,2
245,32,2
246,32,2
247,32,2
248,32,2
249,32,2
250,32,2
251,32,2
252,32,2
253,32,2
254,32,2
255,32,2
0,33,4
1,33,4
2,33,4
3,33,4
4,33,4
5,33,4
6,33,4
7,33,4
8,33,4
9,33,4
10,33,4
11,33,4
12,33,4
13,33,4
14,33,4
15,33,4
16,33,4
17,33,4
18,33,4
19,33,4
20,33,4
21,33,4
22,33,4
23,33,4
24,33,4
25,33,4
26,33,4
27,33,4
28,33,4
29,33,4
30,33,4
31,33,4
32,33,4
33,33,4
34,33,4
35,33,4
36,33,4
37,33,4
38,33,4
39,33,4
40,33,5
41,33,5
42,33,5
43,33,5
44,33,5
45,33,5
46,33,5
47,33,5
48,33,5
49,33,5
50,33,6
51,33,6
52,33,6
53,33,6
54,33,6
55,33,6
56,33,6
57,33,6
58,33,6
59,33,6
60,33,6
61,33,6
62,33,6
63,33,6
64,33,6
65,33,6
66,33,6
67,33,6
68,33,6
69,33,7
70,33,7
71,33,7
72,33,7
73,33,7
74,33,7
75,33,7
76,33,7
77,33,7
78,33,7
79,33,7
80,33,7
81,33,7
82,33,7
83,33,8
84,33,8
85,33,8
86,33,8
87,33,9
88,33,9
89,33,9
90,33,9
91,33,10
92,33,10
93,33,11
94,33,12
95,33,13
96,33,15
97,33,19
98,33,23
99,33,2
100,33,0
101,33,0
102,33,0
103,33,0
104,33,0
105,33,0
106,33,0
107,33,0
108,33,0
109,33,0
110,33,0
111,33,0
112,33,0
113,33,0
114,33,0
115,33,0
116,33,0
117,33,0
118,33,0
119,33,0
120,33,0
121,33,0
122,33,0
123,33,0
124,33,0
125,33,11
126,33,34
127,33,21
128,33,15
129,33,14
130,33,12
131,33,10
132,33,10
133,33,9
134,33,8
135,33,8
136,33,8
137,33,8
138,33,8
139,33,8
140,33,7
141,33,7
142,33,7
143,33,7
144,33,7
145,33,7
146,33,7
147,33,6
148,33,6
149,33,6
150,33,6
151,33,6
152,33,6
153,33,6
154,33,6
155,33,6
156,33,6
157,33,6
158,33,6
159,33,6
160,33,6
161,33,6
162,33,6
163,33,6
164,33,6
165,33,6
166,33,6
167,33,5
168,33,5
169,33,5
170,33,5
171,33,5
172,33,5
173,33,5
174,33,5
175,33,5
176,33,5
177,33,5
178,33,4
179,33,4
180,33,4
181,33,4
182,33,4
183,33,4
184,33,4
185,33,4
186,33,4
187,33,4
188,33,4
189,33,4
190,33,3
191,33,3
192,33,3
193,33,3
194,33,3
195,33,3
196,33,3
197,33,3
198,33,3
199,33,3
200,33,3
201,33,3
202,33,3
203,33,3
204,33,3
205,33,3
206,33,3
207,33,3
208,33,3
209,33,3
210,33,3
211,33,3
212,33,3
213,33,3
214,33,3
215,33,3
216,33,3
217,33,3
218,33,3
219,33,3
220,33,3
221,33,3
222,33,3
223,33,3
224,33,3
225,33,2
226,33,2
227,33,2
228,33,2
229,33,2
230,33,2
231,33,2
232,33,2
233,33,2
234,33,2
235,33,2
236,33,2
237,33,2
238,33,2
239,33,2
240,33,2
241,33,2
242,33,2
243,33,2
244,33,2
245,33,2
246,33,2
247,33,2
248,33,2
249,33,2
250,33,2
251,33,2
252,33,2
253,33,2
254,33,2
255,33,2
0,34,4
1,34,4
2,34,4
3,34,4
4,34,4
5,34,4
6,34,4
7,34,4
8,34,4
9,34,4
10,34,4
11,34,4
12,34,4
13,34,4
14,34,4
15,34,4
16,34,4
17,34,4
18,34,4
19,34,4
20,34,4
21,34,4
22,34,4
23,34,4
24,34,4
25,34,4
26,34,4
27,34,4
28,34,4
29,34,4
30,34,4
31,34,4
32,34,4
33,34,4
34,34,4
35,34,4
36,34,4
37,34,4
38,34,5
39,34,5
40,34,5
41,34,5
42,34,5
43,34,5
44,34,5
45,34,5
46,34,5
47,34,5
48,34,5
49,34,6
50,34,6
51,34,6
52,34,6
53,34,6
54,34,6
55,34,6
56,34,6
57,34,6
58,34,6
59,34,6
60,34,6
61,34,6
62,34,6
63,34,6
64,34,7
65,34,7
66,34,7
67,34,7
68,34,7
69,34,7
70,34,7
71,34,7
72,34,7
73,34,7
74,34,7
75,34,7
76,34,7
77,34,7
78,34,7
79,34,7
80,34,7
81,34,8
82,34,8
83,34,8
84,34,8
85,34,8
86,34,9
87,34,9
88,34,9
89,34,9
90,34,10
91,34,10
92,34,10
93,34,11
94,34,11
95,34,13
96,34,17
97,34,31
98,34,28
99,34,33
100,34,0
101,34,0
102,34,0
103,34,0
104,34,0
105,34,0
106,34,0
107,34,0
108,34,0
109,34,0
110,34,0
111,34,0
112,34,0
113,34,0
114,34,0
115,34,0
116,34,0
117,34,0
118,34,0
119,34,0
120,34,0
121,34,0
122,34,0
123,34,0
124,34,0
125,34,60
126,34,21
127,34,17
128,34,14
129,34,12
130,34,11
131,34,10
132,34,10
133,34,9
134,34,9
135,34,8
136,34,8
137,34,8
138,34,8
139,34,8
140,34,8
141,34,8
142,34,7
143,34,7
144,34,7
145,34,7
146,34,7
147,34,7
148,34,6
149,34,6
150,34,6
151,34,6
152,34,6
153,34,6
154,34,6
155,34,6
156,34,6
157,34,6
158,34,6
159,34,6
160,34,6
161,34,6
162,34,6
163,34,6
164,34,6
165,34,6
166,34,6
167,34,6
168,34,6
169,34,6
170,34,6
171,34,6
172,34,5
173,34,5
174,34,5
175,34,5
176,34,5
177,34,5
178,34,5
179,34,5
180,34,4
181,34,4
182,34,4
183,34,4
184,34,4
185,34,4
186,34,4
187,34,4
188,34,4
189,34,4
190,34,4
191,34,3
192,34,3
193,34,3
194,34,3
195,34,3
196,34,3
197,34,3
198,34,3
199,34,3
200,34,3
201,34,3
202,34,3
203,34,3
204,34,3
205,34,3
206,34,3
207,34,3
208,34,3
209,34,3
210,34,3
211,34,3
212,34,3
213,34,3
214,34,3
215,34,3
216,34,3
217,34,3
218,34,3
219,34,3
220,34,3
221,34,3
222,34,3
223,34,3
224,34,3
225,34,3
226,34,2
227,34,2
228,34,2
229,34,2
230,34,2
231,34,2
232,34,2
233,34,2
234,34,2
235,34,2
236,34,2
237,34,2
238,34,2
239,34,2
240,34,2
241,34,2
242,34,2
243,34,2
244,34,2
245,34,2
246,34,2
247,34,2
248,34,2
249,34,2
250,34,2
251,34,2
252,34,2
253,34,2
254,34,2
255,34,2
0,35,4
1,35,4
2,35,4
3,35,4
4,35,4
5,35,4
6,35,4
7,35,4
8,35,4
9,35,4
10,35,4
11,35,4
12,35,4
13,35,4
14,35,4
15,35,4
16,35,4
17,35,4
18,35,4
19,35,4
20,35,4
21,35,4
22,35,4
23,35,4
24,35,4
25,35,4
26,35,4
27,35,4
28,35,4
29,35,4
30,35,4
31,35,4
32,35,4
33,35,4
34,35,4
35,35,4
36,35,5
37,35,5
38,35,5
39,35,5
40,35,5
41,35,5
42,35,5
43,35,5
44,35,5
45,35,5
46,35,5
47,35,6
48,35,6
49,35,6
50,35,6
51,35,6
52,35,7
53,35,7
54,35,7
55,35,7
56,35,7
57,35,7
58,35,7
59,35,7
60,35,7
61,35,7
62,35,7
63,35,7
64,35,7
65,35,7
66,35,7
67,35,7
68,35,7
69,35,7
70,35,7
71,35,7
72,35,7
73,35,7
74,35,7
75,35,7
76,35,7
77,35,7
78,35,7
79,35,7
80,35,8
81,35,8
82,35,8
83,35,8
84,35,9
85,35,9
86,35,9
87,35,9
88,35,9
89,35,9
90,35,10
91,35,10
92,35,10
93,35,11
94,35,11
95,35,12
96,35,17
97,35,26
98,35,51
99,35,0
100,35,0
101,35,0
102,35,0
103,35,0
104,35,0
105,35,0
106,35,0
107,35,0
108,35,0
109,35,0
110,35,0
111,35,0
112,35,0
113,35,0
114,35,0
115,35,0
116,35,0
117,35,0
118,35,0
119,35,0
120,35,0
121,35,0
122,35,0
123,35,0
124,35,54
125,35,30
126,35,48
127,35,35
128,35,16
129,35,12
130,35,11
131,35,10
132,35,10
133,35,9
134,35,9
135,35,9
136,35,8
137,35,8
138,35,8
139,35,8
140,35,8
141,35,8
142,35,8
143,35,7
144,35,7
145,35,7
146,35,7
147,35,7
148,35,7
149,35,6
150,35,6
151,35,6
152,35,6
153,35,6
154,35,6
155,35,6
156,35,6
157,35,6
158,35,6
159,35,6
160,35,6
161,35,6
162,35,6
163,35,6
164,35,6
165,35,6
166,35,6
167,35,6
168,35,6
169,35,6
170,35,6
171,35,6
172,35,6
173,35,6
174,35,6
175,35,5
176,35,5
177,35,5
178,35,5
179,35,5
180,35,5
181,35,4
182,35,4
183,35,4
184,35,4
185,35,4
186,35,4
187,35,4
188,35,4
189,35,4
190,35,4
191,35,3
192,35,3
193,35,3
194,35,3
195,35,3
196,35,3
197,35,3
198,35,3
199,35,3
200,35,3
201,35,3
202,35,3
203,35,3
204,35,3
205,35,3
206,35,3
207,35,3
208,35,3
209,35,3
210,35,3
211,35,3
212,35,3
213,35,3
214,35,3
215,35,3
216,35,3
217,35,3
218,35,3
219,35,3
220,35,3
221,35,3
222,35,3
223,35,3
224,35,3
225,35,3
226,35,2
227,35,2
228,35,2
229,35,2
230,35,2
231,35,2
232,35,2
233,35,2
234,35,2
235,35,2
236,35,2
237,35,2
238,35,2
239,35,2
240,35,2
241,35,2
242,35,2
243,35,2
244,35,2
245,35,2
246,35,2
247,35,2
248,35,2
249,35,2
250,35,2
251,35,2
252,35,2
253,35,2
254,35,2
255,35,2
0,36,4
1,36,4
2,36,4
3,36,4
4,36,4
5,36,4
6,36,4
7,36,4
8,36,4
9,36,4
10,36,4
11,36,4
12,36,4
13,36,4
14,36,4
15,36,4
16,36,4
17,36,4
18,36,4
19,36,4
20,36,4
21,36,4
22,36,4
23,36,4
24,36,4
25,36,4
26,36,4
27,36,4
28,36,4
29,36,4
30,36,4
31,36,4
32,36,4
33,36,4
34,36,5
35,36,5
36,36,5
37,36,5
38,36,5
39,36,5
40,36,5
41,36,5
42,36,5
43,36,5
44,36,5
45,36,5
46,36,6
47,36,6
48,36,6
49,36,7
50,36,7
51,36,7
52,36,7
53,36,7
54,36,7
55,36,7
56,36,7
57,36,7
58,36,7
59,36,8
60,36,8
61,36,8
62,36,8
63,36,8
64,36,8
65,36,8
66,36,7
67,36,7
68,36,7
69,36,7
70,36,7
71,36,7
72,36,7
73,36,7
74,36,7
75,36,7
76,36,7
77,36,7
78,36,8
79,36,8
80,36,8
81,36,8
82,36,9
83,36,9
84,36,9
85,36,9
86,36,9
87,36,9
88,36,9
89,36,10
90,36,10
91,36,10
92,36,11
93,36,11
94,36,11
95,36,12
96,36,17
97,36,18
98,36,50
99,36,50
100,36,44
101,36,0
102,36,0
103,36,0
104,36,0
105,36,0
106,36,0
107,36,0
108,36,0
109,36,0
110,36,0
111,36,0
112,36,0
113,36,0
114,36,0
115,36,0
116,36,0
117,36,0
118,36,0
119,36,0
120,36,0
121,36,0
122,36,0
123,36,0
124,36,0
125,36,47
126,36,42
127,36,25
128,36,13
129,36,12
130,36,11
131,36,10
132,36,10
133,36,10
134,36,9
135,36,9
136,36,9
137,36,8
138,36,8
139,36,8
140,36,8
141,36,8
142,36,8
143,36,8
144,36,8
145,36,7
146,36,7
147,36,7
148,36,7
149,36,7
150,36,6
151,36,6
152,36,6
153,36,6
154,36,6
155,36,6
156,36,6
157,36,6
158,36,6
159,36,6
160,36,6
161,36,6
162,36,6
163,36,6
164,36,6
165,36,6
166,36,6
167,36,6
168,36,6
169,36,6
170,36,6
171,36,6
172,36,6
173,36,7
174,36,6
175,36,6
176,36,6
177,36,5
178,36,5
179,36,5
180,36,5
181,36,4
182,36,4
183,36,4
184,36,4
185,36,4
186,36,4
187,36,4
188,36,4
189,36,4
190,36,4
191,36,4
192,36,3
193,36,3
194,36,3
195,36,3
196,36,3
197,36,3
198,36,3
199,36,3
200,36,3
201,36,3
202,36,3
203,36,3
204,36,3
205,36,3
206,36,3
207,36,3
208,36,3
209,36,3
210,36,3
211,36,3
212,36,3
213,36,3
214,36,3
215,36,3
216,36,3
217,36,3
218,36,3
219,36,3
220,36,3
221,36,3
222,36,3
223,36,3
224,36,3
225,36,3
226,36,3
227,36,2
228,36,2
229,36,2
230,36,2
231,36,2
232,36,2
233,36,2
234,36,2
235,36,2
236,36,2
237,36,2
238,36,2
239,36,2
240,36,2
241,36,2
242,36,2
243,36,2
244,36,2
245,36,2
246,36,2
247,36,2
248,36,2
249,36,2
250,36,2
251,36,2
252,36,2
253,36,2
254,36,2
255,36,2
0,37,4
1,37,4
2,37,4
3,37,4
4,37,4
5,37,4
6,37,4
7,37,4
8,37,4
9,37,4
10,37,4
11,37,4
12,37,4
13,37,4
14,37,4
15,37,4
16,37,4
17,37,4
18,37,4
19,37,4
20,37,4
21,37,4
22,37,4
23,37,4
24,37,4
25,37,4
26,37,4
27,37,4
28,37,4
29,37,4
30,37,4
31,37,4
32,37,5
33,37,5
34,37,5
35,37,5
36,37,5
37,37,5
38,37,5
39,37,5
40,37,5
41,37,5
42,37,5
43,37,5
44,37,5
45,37,6
46,37,6
47,37,6
48,37,7
49,37,7
50,37,7
51,37,7
52,37,7
53,37,7
54,37,7
55,37,8
56,37,8
57,37,8
58,37,8
59,37,9
60,37,11
61,37,38
62,37,9
63,37,8
64,37,8
65,37,8
66,37,8
67,37,8
68,37,8
69,37,8
70,37,8
71,37,8
72,37,8
73,37,8
74,37,8
75,37,8
76,37,8
77,37,8
78,37,8
79,37,8
80,37,9
81,37,9
82,37,9
83,37,9
84,37,9
85,37,9
86,37,9
87,37,9
88,37,10
89,37,10
90,37,10
91,37,10
92,37,11
93,37,11
94,37,12
95,37,13
96,37,14
97,37,15
98,37,18
99,37,40
100,37,0
101,37,0
102,37,0
103,37,0
104,37,0
105,37,0
106,37,0
107,37,0
108,37,0
109,37,0
110,37,0
111,37,0
112,37,0
113,37,0
114,37,0
115,37,0
116,37,0
117,37,0
118,37,0
119,37,0
120,37,0
121,37,0
122,37,0
123,37,0
124,37,31
125,37,22
126,37,17
127,37,15
128,37,13
129,37,12
130,37,11
131,37,11
132,37,10
133,37,10
134,37,10
135,37,9
136,37,9
137,37,9
138,37,9
139,37,9
140,37,8
141,37,8
142,37,8
143,37,8
144,37,8
145,37,8
146,37,8
147,37,7
148,37,7
149,37,7
150,37,7
151,37,7
152,37,6
153,37,6
154,37,6
155,37,6
156,37,6
157,37,6
158,37,6
159,37,6
160,37,6
161,37,6
162,37,6
163,37,6
164,37,6
165,37,6
166,37,6
167,37,6
168,37,6
169,37,7
170,37,7
171,37,7
172,37,9
173,37,13
174,37,9
175,37,7
176,37,7
177,37,6
178,37,6
179,37,5
180,37,5
181,37,5
182,37,4
183,37,4
184,37,4
185,37,4
186,37,4
187,37,4
188,37,4
189,37,4
190,37,4
191,37,4
192,37,3
193,37,3
194,37,3
195,37,3
196,37,3
197,37,3
198,37,3
199,37,3
200,37,3
201,37,3
202,37,3
203,37,3
204,37,3
205,37,3
206,37,3
207,37,3
208,37,3
209,37,3
210,37,3
211,37,3
212,37,3
213,37,3
214,37,3
215,37,3
216,37,3
217,37,3
218,37,3
219,37,3
220,37,3
221,37,3
222,37,3
223,37,3
224,37,3
225,37,3
226,37,3
227,37,3
228,37,2
229,37,2
230,37,2
231,37,2
232,37,2
233,37,2
234,37,2
235,37,2
236,37,2
237,37,2
238,37,2
239,37,2
240,37,2
241,37,2
242,37,2
243,37,2
244,37,2
245,37,2
246,37,2
247,37,2
248,37,2
249,37,2
250,37,2
251,37,2
252,37,2
253,37,2
254,37,2
255,37,2
0,38,4
1,38,4
2,38,4
3,38,4
4,38,4
5,38,4
6,38,4
7,38,4
8,38,4
9,38,4
10,38,4
11,38,4
12,38,4
13,38,4
14,38,4
15,38,4
16,38,4
17,38,4
18,38,4
19,38,4
20,38,4
21,38,4
22,38,4
23,38,4
24,38,4
25,38,4
26,38,4
27,38,4
28,38,4
29,38,4
30,38,5
31,38,5
32,38,5
33,38,5
34,38,5
35,38,5
36,38,5
37,38,5
38,38,5
39,38,5
40,38,5
41,38,5
42,38,5
43,38,5
44,38,6
45,38,6
46,38,6
47,38,7
48,38,8
49,38,8
50,38,9
51,38,9
52,38,8
53,38,8
54,38,8
55,38,8
56,38,8
57,38,8
58,38,9
59,38,9
60,38,12
61,38,15
62,38,12
63,38,10
64,38,9
65,38,8
66,38,8
67,38,8
68,38,8
69,38,8
70,38,8
71,38,8
72,38,8
73,38,8
74,38,8
75,38,8
76,38,8
77,38,8
78,38,9
79,38,9
80,38,9
81,38,9
82,38,9
83,38,9
84,38,9
85,38,9
86,38,10
87,38,10
88,38,10
89,38,10
90,38,10
91,38,11
92,38,11
93,38,12
94,38,12
95,38,13
96,38,14
97,38,14
98,38,17
99,38,30
100,38,47
101,38,0
102,38,0
103,38,0
104,38,0
105,38,0
106,38,0
107,38,0
108,38,0
109,38,0
110,38,0
111,38,0
112,38,0
113,38,0
114,38,0
115,38,0
116,38,0
117,38,0
118,38,0
119,38,0
120,38,0
121,38,0
122,38,0
123,38,0
124,38,38
125,38,39
126,38,15
127,38,14
128,38,13
129,38,12
130,38,11
131,38,11
132,38,11
133,38,10
134,38,10
135,38,10
136,38,9
137,38,9
138,38,9
139,38,9
140,38,9
141,38,9
142,38,9
143,38,9
144,38,9
145,38,10
146,38,9
147,38,8
148,38,8
149,38,7
150,38,7
151,38,7
152,38,7
153,38,7
154,38,6
155,38,6
156,38,6
157,38,6
158,38,6
159,38,6
160,38,6
161,38,6
162,38,6
163,38,6
164,38,6
165,38,6
166,38,6
167,38,7
168,38,7
169,38,7
170,38,7
171,38,8
172,38,9
173,38,11
174,38,18
175,38,8
176,38,7
177,38,7
178,38,6
179,38,6
180,38,5
181,38,5
182,38,5
183,38,4
184,38,4
185,38,4
186,38,4
187,38,4
188,38,4
189,38,4
190,38,4
191,38,4
192,38,4
193,38,3
194,38,3
195,38,3
196,38,3
197,38,3
198,38,3
199,38,3
200,38,3
201,38,3
202,38,3
203,38,3
204,38,3
205,38,3
206,38,3
207,38,3
208,38,3
209,38,3
210,38,3
211,38,3
212,38,3
213,38,3
214,38,3
215,38,3
216,38,3
217,38,3
218,38,3
219,38,3
220,38,3
221,38,3
222,38,3
223,38,3
224,38,3
225,38,3
226,38,3
227,38,3
228,38,3
229,38,2
230,38,2
231,38,2
232,38,2
233,38,2
234,38,2
235,38,2
236,38,2
237,38,2
238,38,2
239,38,2
240,38,2
241,38,2
242,38,2
243,38,2
244,38,2
245,38,2
246,38,2
247,38,2
248,38,2
249,38,2
250,38,2
251,38,2
252,38,2
253,38,2
254,38,2
255,38,2
0,39,4
1,39,4
2,39,4
3,39,4
4,39,4
5,39,4
6,39,4
7,39,4
8,39,4
9,39,4
10,39,4
11,39,4
12,39,4
13,39,4
14,39,4
15,39,4
16,39,4
17,39,4
18,39,4
19,39,4
20,39,4
21,39,4
22,39,4
23,39,4
24,39,4
25,39,4
26,39,4
27,39,4
28,39,5
29,39,5
30,39,5
31,39,5
32,39,5
33,39,5
34,39,5
35,39,5
36,39,5
37,39,5
38,39,5
39,39,5
40,39,5
41,39,5
42,39,6
43,39,6
44,39,6
45,39,6
46,39,7
47,39,10
48,39,12
49,39,11
50,39,12
51,39,15
52,39,9
53,39,9
54,39,9
55,39,9
56,39,9
57,39,9
58,39,10
59,39,12
60,39,23
61,39,39
62,39,35
63,39,24
64,39,10
65,39,9
66,39,8
67,39,8
68,39,8
69,39,8
70,39,8
71,39,8
72,39,8
73,39,8
74,39,8
75,39,9
76,39,9
77,39,10
78,39,10
79,39,10
80,39,10
81,39,10
82,39,11
83,39,11
84,39,10
85,39,10
86,39,10
87,39,10
88,39,10
89,39,10
90,39,11
91,39,11
92,39,12
93,39,12
94,39,12
95,39,13
96,39,14
97,39,14
98,39,16
99,39,18
100,39,22
101,39,43
102,39,0
103,39,0
104,39,0
105,39,0
106,39,0
107,39,0
108,39,0
109,39,0
110,39,0
111,39,0
112,39,0
113,39,0
114,39,0
115,39,0
116,39,0
117,39,0
118,39,0
119,39,0
120,39,0
121,39,0
122,39,0
123,39,31
124,39,21
125,39,17
126,39,15
127,39,14
128,39,13
129,39,12
130,39,12
131,39,11
132,39,11
133,39,11
134,39,10
135,39,10
136,39,10
137,39,9
138,39,9
139,39,9
140,39,9
141,39,9
142,39,9
143,39,10
144,39,11
145,39,18
146,39,21
147,39,9
148,39,8
149,39,8
150,39,8
151,39,7
152,39,7
153,39,7
154,39,7
155,39,7
156,39,7
157,39,6
158,39,6
159,39,6
160,39,6
161,39,6
162,39,6
163,39,6
164,39,7
165,39,7
166,39,7
167,39,7
168,39,7
169,39,7
170,39,7
171,39,8
172,39,9
173,39,10
174,39,15
175,39,9
176,39,9
177,39,8
178,39,6
179,39,6
180,39,6
181,39,5
182,39,5
183,39,5
184,39,4
185,39,4
186,39,4
187,39,4
188,39,4
189,39,4
190,39,4
191,39,4
192,39,4
193,39,3
194,39,3
195,39,3
196,39,3
197,39,3
198,39,3
199,39,3
200,39,3
201,39,3
202,39,3
203,39,3
204,39,3
205,39,3
206,39,3
207,39,3
208,39,3
209,39,3
210,39,3
211,39,3
212,39,3
213,39,3
214,39,3
215,39,3
216,39,3
217,39,3
218,39,3
219,39,3
220,39,3
221,39,3
222,39,3
223,39,3
224,39,3
225,39,3
226,39,3
227,39,3
228,39,3
229,39,2
230,39,2
231,39,2
232,39,2
233,39,2
234,39,2
235,39,2
236,39,2
237,39,2
238,39,2
239,39,2
240,39,2
241,39,2
242,39,2
243,39,2
244,39,2
245,39,2
246,39,2
247,39,2
248,39,2
249,39,2
250,39,2
251,39,2
252,39,2
253,39,2
254,39,2
255,39,2
0,40,4
1,40,4
2,40,4
3,40,4
4,40,4
5,40,4
6,40,4
7,40,4
8,40,4
9,40,4
10,40,4
11,40,4
12,40,4
13,40,4
14,40,4
15,40,4
16,40,4
17,40,4
18,40,4
19,40,4
20,40,4
21,40,4
22,40,4
23,40,4
24,40,4
25,40,4
26,40,5
27,40,5
28,40,5
29,40,5
30,40,5
31,40,5
32,40,5
33,40,5
34,40,5
35,40,5
36,40,5
37,40,5
38,40,5
39,40,5
40,40,5
41,40,6
42,40,6
43,40,6
44,40,6
45,40,7
46,40,8
47,40,10
48,40,14
49,40,19
50,40,35
51,40,12
52,40,10
53,40,10
54,40,10
55,40,12
56,40,13
57,40,11
58,40,11
59,40,12
60,40,15
61,40,1
62,40,15
63,40,12
64,40,10
65,40,9
66,40,9
67,40,9
68,40,9
69,40,9
70,40,9
71,40,9
72,40,9
73,40,9
74,40,9
75,40,9
76,40,10
77,40,26
78,40,30
79,40,13
80,40,12
81,40,12
82,40,28
83,40,33
84,40,11
85,40,11
86,40,11
87,40,11
88,40,11
89,40,11
90,40,12
91,40,12
92,40,12
93,40,13
94,40,13
95,40,13
96,40,14
97,40,15
98,40,16
99,40,17
100,40,19
101,40,23
102,40,0
103,40,0
104,40,0
105,40,0
106,40,0
107,40,0
108,40,0
109,40,0
110,40,0
111,40,0
112,40,0
113,40,0
114,40,0
115,40,0
116,40,0
117,40,0
118,40,0
119,40,0
120,40,0
121,40,0
122,40,0
123,40,52
124,40,18
125,40,16
126,40,15
127,40,14
128,40,13
129,40,13
130,40,12
131,40,12
132,40,12
133,40,12
134,40,12
135,40,11
136,40,10
137,40,10
138,40,10
139,40,10
140,40,10
141,40,10
142,40,10
143,40,11
144,40,13
145,40,21
146,40,20
147,40,10
148,40,9
149,40,9
150,40,8
151,40,8
152,40,8
153,40,7
154,40,7
155,40,7
156,40,7
157,40,7
158,40,7
159,40,7
160,40,7
161,40,7
162,40,7
163,40,7
164,40,7
165,40,7
166,40,7
167,40,7
168,40,7
169,40,7
170,40,8
171,40,8
172,40,9
173,40,10
174,40,13
175,40,16
176,40,13
177,40,13
178,40,7
179,40,6
180,40,6
181,40,6
182,40,5
183,40,5
184,40,5
185,40,4
186,40,4
187,40,4
188,40,4
189,40,4
190,40,4
191,40,4
192,40,4
193,40,4
194,40,3
195,40,3
196,40,3
197,40,3
198,40,3
199,40,3
200,40,3
201,40,3
202,40,3
203,40,3
204,40,3
205,40,3
206,40,3
207,40,3
208,40,3
209,40,3
210,40,3
211,40,3
212,40,3
213,40,3
214,40,3
215,40,3
216,40,3
217,40,3
218,40,3
219,40,3
220,40,3
221,40,3
222,40,3
223,40,3
224,40,3
225,40,3
226,40,3
227,40,3
228,40,3
229,40,3
230,40,2
231,40,2
232,40,2
233,40,2
234,40,2
235,40,2
236,40,2
237,40,2
238,40,2
239,40,2
240,40,2
241,40,2
242,40,2
243,40,2
244,40,2
245,40,2
246,40,2
247,40,2
248,40,2
249,40,2
250,40,2
251,40,2
252,40,2
253,40,2
254,40,2
255,40,2
0,41,4
1,41,4
2,41,4
3,41,4
4,41,4
5,41,4
6,41,4
7,41,4
8,41,4
9,41,4
10,41,4
11,41,4
12,41,4
13,41,4
14,41,4
15,41,4
16,41,4
17,41,4
18,41,4
19,41,4
20,41,4
21,41,4
22,41,4
23,41,4
24,41,5
25,41,5
26,41,5
27,41,5
28,41,5
29,41,5
30,41,5
31,41,5
32,41,5
33,41,5
34,41,5
35,41,5
36,41,5
37,41,5
38,41,5
39,41,5
40,41,6
41,41,6
42,41,6
43,41,6
44,41,6
45,41,7
46,41,8
47,41,9
48,41,12
49,41,19
50,41,30
51,41,31
52,41,14
53,41,11
54,41,12
55,41,14
56,41,33
57,41,13
58,41,13
59,41,15
60,41,30
61,41,32
62,41,27
63,41,11
64,41,10
65,41,10
66,41,9
67,41,9
68,41,9
69,41,9
70,41,9
71,41,9
72,41,9
73,41,9
74,41,9
75,41,10
76,41,11
77,41,16
78,41,48
79,41,19
80,41,22
81,41,18
82,41,38
83,41,15
84,41,12
85,41,12
86,41,12
87,41,12
88,41,13
89,41,16
90,41,14
91,41,15
92,41,14
93,41,13
94,41,14
95,41,14
96,41,15
97,41,15
98,41,16
99,41,17
100,41,19
101,41,20
102,41,26
103,41,3
104,41,0
105,41,0
106,41,0
107,41,0
108,41,0
109,41,0
110,41,0
111,41,0
112,41,0
113,41,0
114,41,0
115,41,0
116,41,0
117,41,0
118,41,0
119,41,0
120,41,0
121,41,58
122,41,24
123,41,19
124,41,17
125,41,16
126,41,15
127,41,15
128,41,14
129,41,14
130,41,13
131,41,12
132,41,12
133,41,13
134,41,15
135,41,24
136,41,12
137,41,11
138,41,11
139,41,11
140,41,11
141,41,11
142,41,11
143,41,12
144,41,14
145,41,25
146,41,15
147,41,12
148,41,11
149,41,10
150,41,8
151,41,8
152,41,8
153,41,8
154,41,7
155,41,7
156,41,7
157,41,7
158,41,7
159,41,7
160,41,7
161,41,7
162,41,7
163,41,7
164,41,7
165,41,7
166,41,7
167,41,7
168,41,7
169,41,8
170,41,8
171,41,8
172,41,9
173,41,10
174,41,12
175,41,17
176,41,14
177,41,10
178,41,7
179,41,6
180,41,6
181,41,6
182,41,5
183,41,5
184,41,5
185,41,5
186,41,4
187,41,4
188,41,4
189,41,4
190,41,4
191,41,4
192,41,4
193,41,4
194,41,3
195,41,3
196,41,3
197,41,3
198,41,3
199,41,3
200,41,3
201,41,3
202,41,3
203,41,3
204,41,3
205,41,3
206,41,3
207,41,3
208,41,3
209,41,3
210,41,3
211,41,3
212,41,3
213,41,3
214,41,3
215,41,3
216,41,3
217,41,3
218,41,3
219,41,3
220,41,3
221,41,3
222,41,3
223,41,3
224,41,3
225,41,3
226,41,3
227,41,3
228,41,3
229,41,3
230,41,3
231,41,2
232,41,2
233,41,2
234,41,2
235,41,2
236,41,2
237,41,2
238,41,2
239,41,2
240,41,2
241,41,2
242,41,2
243,41,2
244,41,2
245,41,2
246,41,2
247,41,2
248,41,2
249,41,2
250,41,2
251,41,2
252,41,2
253,41,2
254,41,2
255,41,2
0,42,4
1,42,4
2,42,4
3,42,4
4,42,4
5,42,4
6,42,4
7,42,4
8,42,4
9,42,4
10,42,4
11,42,4
12,42,4
13,42,4
14,42,4
15,42,4
16,42,4
17,42,4
18,42,4
19,42,4
20,42,4
21,42,5
22,42,5
23,42,5
24,42,5
25,42,5
26,42,5
27,42,5
28,42,5
29,42,5
30,42,5
31,42,5
32,42,5
33,42,5
34,42,5
35,42,5
36,42,5
37,42,5
38,42,5
39,42,6
40,42,6
41,42,6
42,42,6
43,42,6
44,42,7
45,42,7
46,42,8
47,42,8
48,42,17
49,42,12
50,42,15
51,42,22
52,42,23
53,42,17
54,42,14
55,42,16
56,42,29
57,42,15
58,42,17
59,42,42
60,42,30
61,42,30
62,42,13
63,42,11
64,42,11
65,42,10
66,42,10
67,42,9
68,42,9
69,42,9
70,42,9
71,42,9
72,42,9
73,42,9
74,42,10
75,42,10
76,42,11
77,42,13
78,42,19
79,42,27
80,42,58
81,42,46
82,42,23
83,42,32
84,42,15
85,42,13
86,42,13
87,42,13
88,42,15
89,42,33
90,42,30
91,42,23
92,42,15
93,42,15
94,42,20
95,42,17
96,42,17
97,42,17
98,42,17
99,42,18
100,42,19
101,42,21
102,42,22
103,42,25
104,42,0
105,42,0
106,42,0
107,42,0
108,42,0
109,42,0
110,42,0
111,42,0
112,42,0
113,42,0
114,42,0
115,42,0
116,42,0
117,42,0
118,42,0
119,42,62
120,42,36
121,42,24
122,42,22
123,42,20
124,42,18
125,42,18
126,42,17
127,42,16
128,42,16
129,42,24
130,42,16
131,42,14
132,42,14
133,42,16
134,42,28
135,42,34
136,42,20
137,42,13
138,42,12
139,42,11
140,42,11
141,42,12
142,42,33
143,42,41
144,42,18
145,42,20
146,42,22
147,42,36
148,42,17
149,42,25
150,42,9
151,42,8
152,42,8
153,42,8
154,42,8
155,42,8
156,42,8
157,42,7
158,42,7
159,42,7
160,42,7
161,42,7
162,42,7
163,42,7
164,42,7
165,42,7
166,42,7
167,42,7
168,42,8
169,42,8
170,42,8
171,42,9
172,42,10
173,42,12
174,42,15
175,42,15
176,42,12
177,42,16
178,42,7
179,42,7
180,42,6
181,42,6
182,42,6
183,42,5
184,42,5
185,42,5
186,42,4
187,42,4
188,42,4
189,42,4
190,42,4
191,42,4
192,42,4
193,42,4
194,42,4
195,42,3
196,42,3
197,42,3
198,42,3
199,42,3
200,42,3
201,42,3
202,42,3
203,42,3
204,42,3
205,42,3
206,42,3
207,42,3
208,42,3
209,42,3
210,42,3
211,42,3
212,42,3
213,42,3
214,42,3
215,42,3
216,42,3
217,42,3
218,42,3
219,42,3
220,42,3
221,42,3
222,42,3
223,42,3
224,42,3
225,42,3
226,42,3
227,42,3
228,42,3
229,42,3
230,42,3
231,42,2
232,42,2
233,42,2
234,42,2
235,42,2
236,42,2
237,42,2
238,42,2
239,42,2
240,42,2
241,42,2
242,42,2
243,42,2
244,42,2
245,42,2
246,42,2
247,42,2
248,42,2
249,42,2
250,42,2
251,42,2
252,42,2
253,42,2
254,42,2
255,42,2
0,43,4
1,43,4
2,43,4
3,43,4
4,43,4
5,43,4
6,43,4
7,43,4
8,43,4
9,43,4
10,43,4
11,43,4
12,43,4
13,43,4
14,43,4
15,43,4
16,43,4
17,43,4
18,43,4
19,43,5
20,43,5
21,43,5
22,43,5
23,43,5
24,43,5
25,43,5
26,43,5
27,43,5
28,43,5
29,43,5
30,43,5
31,43,5
32,43,5
33,43,5
34,43,5
35,43,5
36,43,5
37,43,5
38,43,6
39,43,6
40,43,6
41,43,6
42,43,6
43,43,6
44,43,7
45,43,7
46,43,8
47,43,8
48,43,9
49,43,10
50,43,11
51,43,18
52,43,18
53,43,51
54,43,22
55,43,18
56,43,41
57,43,19
58,43,30
59,43,37
60,43,18
61,43,15
62,43,13
63,43,12
64,43,11
65,43,11
66,43,10
67,43,10
68,43,10
69,43,9
70,43,9
71,43,9
72,43,10
73,43,10
74,43,10
75,43,11
76,43,12
77,43,15
78,43,20
79,43,30
80,43,58
81,43,39
82,43,34
83,43,21
84,43,17
85,43,14
86,43,14
87,43,16
88,43,20
89,43,3
90,43,3
91,43,34
92,43,18
93,43,18
94,43,30
95,43,0
96,43,25
97,43,20
98,43,12
99,43,23
100,43,0
101,43,23
102,43,25
103,43,26
104,43,28
105,43,32
106,43,38
107,43,0
108,43,0
109,43,0
110,43,0
111,43,0
112,43,0
113,43,0
114,43,0
115,43,0
116,43,0
117,43,0
118,43,37
119,43,32
120,43,28
121,43,26
122,43,26
123,43,23
124,43,26
125,43,21
126,43,52
127,43,20
128,43,19
129,43,7
130,43,0
131,43,18
132,43,16
133,43,18
134,43,31
135,43,56
136,43,39
137,43,16
138,43,13
139,43,12
140,43,12
141,43,13
142,43,15
143,43,23
144,43,55
145,43,60
146,43,61
147,43,41
148,43,18
149,43,12
150,43,10
151,43,9
152,43,8
153,43,8
154,43,8
155,43,8
156,43,8
157,43,8
158,43,8
159,43,7
160,43,7
161,43,7
162,43,7
163,43,7
164,43,7
165,43,7
166,43,8
167,43,8
168,43,8
169,43,8
170,43,9
171,43,9
172,43,11
173,43,15
174,43,17
175,43,12
176,43,10
177,43,9
178,43,7
179,43,7
180,43,6
181,43,6
182,43,6
183,43,5
184,43,5
185,43,5
186,43,5
187,43,4
188,43,4
189,43,4
190,43,4
191,43,4
192,43,4
193,43,4
194,43,4
195,43,3
196,43,3
197,43,3
198,43,3
199,43,3
200,43,3
201,43,3
202,43,3
203,43,3
204,43,3
205,43,3
206,43,3
207,43,3
208,43,3
209,43,3
210,43,3
211,43,3
212,43,3
213,43,3
214,43,3
215,43,3
216,43,3
217,43,3
218,43,3
219,43,3
220,43,3
221,43,3
222,43,3
223,43,3
224,43,3
225,43,3
226,43,3
227,43,3
228,43,3
229,43,3
230,43,3
231,43,3
232,43,2
233,43,2
234,43,2
235,43,2
236,43,2
237,43,2
238,43,2
239,43,2
240,43,2
241,43,2
242,43,2
243,43,2
244,43,2
245,43,2
246,43,2
247,43,2
248,43,2
249,43,2
250,43,2
251,43,2
252,43,2
253,43,2
254,43,2
255,43,2
0,44,4
1,44,4
2,44,4
3,44,4
4,44,4
5,44,4
6,44,4
7,44,4
8,44,4
9,44,4
10,44,4
11,44,4
12,44,4
13,44,4
14,44,4
15,44,4
16,44,4
17,44,5
18,44,5
19,44,5
20,44,5
21,44,5
22,44,5
23,44,5
24,44,5
25,44,5
26,44,5
27,44,5
28,44,5
29,44,5
30,44,5
31,44,5
32,44,5
33,44,5
34,44,5
35,44,5
36,44,5
37,44,6
38,44,6
39,44,6
40,44,6
41,44,6
42,44,6
43,44,7
44,44,7
45,44,7
46,44,7
47,44,8
48,44,9
49,44,10
50,44,10
51,44,12
52,44,14
53,44,17
54,44,32
55,44,31
56,44,51
57,44,13
58,44,25
59,44,20
60,44,16
61,44,15
62,44,14
63,44,13
64,44,12
65,44,12
66,44,12
67,44,11
68,44,10
69,44,10
70,44,10
71,44,10
72,44,10
73,44,10
74,44,11
75,44,12
76,44,22
77,44,35
78,44,57
79,44,46
80,44,36
81,44,0
82,44,30
83,44,22
84,44,18
85,44,15
86,44,16
87,44,21
88,44,45
89,44,35
90,44,0
91,44,32
92,44,21
93,44,6
94,44,41
95,44,0
96,44,29
97,44,36
98,44,0
99,44,33
100,44,57
101,44,42
102,44,12
103,44,0
104,44,0
105,44,0
106,44,0
107,44,0
108,44,0
109,44,0
110,44,0
111,44,0
112,44,0
113,44,0
114,44,0
115,44,0
116,44,0
117,44,0
118,44,0
119,44,8
120,44,0
121,44,0
122,44,45
123,44,44
124,44,0
125,44,53
126,44,0
127,44,42
128,44,25
129,44,40
130,44,12
131,44,61
132,44,19
133,44,21
134,44,30
135,44,55
136,44,39
137,44,35
138,44,17
139,44,14
140,44,13
141,44,14
142,44,16
143,44,19
144,44,23
145,44,28
146,44,51
147,44,34
148,44,21
149,44,13
150,44,11
151,44,9
152,44,9
153,44,9
154,44,8
155,44,8
156,44,8
157,44,8
158,44,8
159,44,8
160,44,8
161,44,8
162,44,8
163,44,8
164,44,8
165,44,8
166,44,8
167,44,8
168,44,8
169,44,9
170,44,9
171,44,10
172,44,14
173,44,20
174,44,29
175,44,16
176,44,10
177,44,8
178,44,8
179,44,7
180,44,7
181,44,6
182,44,6
183,44,6
184,44,5
185,44,5
186,44,5
187,44,5
188,44,4
189,44,4
190,44,4
191,44,4
192,44,4
193,44,4
194,44,4
195,44,4
196,44,3
197,44,3
198,44,3
199,44,3
200,44,3
201,44,3
202,44,3
203,44,3
204,44,3
205,44,3
206,44,3
207,44,3
208,44,3
209,44,3
210,44,3
211,44,3
212,44,3
213,44,3
214,44,3
215,44,3
216,44,3
217,44,3
218,44,3
219,44,3
220,44,3
221,44,3
222,44,3
223,44,3
224,44,3
225,44,3
226,44,3
227,44,3
228,44,3
229,44,3
230,44,3
231,44,3
232,44,2
233,44,2
234,44,2
235,44,2
236,44,2
237,44,2
238,44,2
239,44,2
240,44,2
241,44,2
242,44,2
243,44,2
244,44,2
245,44,2
246,44,2
247,44,2
248,44,2
249,44,2
250,44,2
251,44,2
252,44,2
253,44,2
254,44,2
255,44,2
0,45,4
1,45,4
2,45,4
3,45,4
4,45,4
5,45,4
6,45,4
7,45,4
8,45,4
9,45,4
10,45,4
11,45,4
12,45,4
13,45,4
14,45,5
15,45,5
16,45,5
17,45,5
18,45,5
19,45,5
20,45,5
21,45,5
22,45,5
23,45,5
24,45,5
25,45,5
26,45,5
27,45,5
28,45,5
29,45,5
30,45,5
31,45,5
32,45,5
33,45,5
34,45,5
35,45,5
36,45,6
37,45,6
38,45,6
39,45,6
40,45,6
41,45,6
42,45,6
43,45,7
44,45,7
45,45,7
46,45,7
47,45,8
48,45,9
49,45,9
50,45,11
51,45,12
52,45,14
53,45,16
54,45,19
55,45,24
56,45,35
57,45,26
58,45,21
59,45,19
60,45,17
61,45,16
62,45,14
63,45,14
64,45,16
65,45,14
66,45,18
67,45,23
68,45,12
69,45,11
70,45,11
71,45,11
72,45,11
73,45,11
74,45,11
75,45,12
76,45,15
77,45,21
78,45,22
79,45,24
80,45,3
81,45,0
82,45,50
83,45,33
84,45,14
85,45,33
86,45,17
87,45,19
88,45,23
89,45,60
90,45,0
91,45,0
92,45,35
93,45,30
94,45,62
95,45,0
96,45,0
97,45,16
98,45,0
99,45,0
100,45,0
101,45,0
102,45,0
103,45,0
104,45,0
105,45,0
106,45,0
107,45,0
108,45,0
109,45,0
110,45,0
111,45,0
112,45,0
113,45,0
114,45,0
115,45,0
116,45,0
117,45,0
118,45,0
119,45,0
120,45,0
121,45,0
122,45,0
123,45,0
124,45,0
125,45,0
126,45,0
127,45,49
128,45,0
129,45,0
130,45,0
131,45,27
132,45,23
133,45,63
134,45,46
135,45,0
136,45,33
137,45,22
138,45,17
139,45,15
140,45,15
141,45,22
142,45,49
143,45,23
144,45,25
145,45,37
146,45,26
147,45,28
148,45,2
149,45,62
150,45,14
151,45,10
152,45,9
153,45,9
154,45,9
155,45,9
156,45,8
157,45,8
158,45,8
159,45,8
160,45,8
161,45,8
162,45,8
163,45,8
164,45,8
165,45,9
166,45,9
167,45,9
168,45,9
169,45,9
170,45,10
171,45,11
172,45,15
173,45,21
174,45,0
175,45,14
176,45,10
177,45,8
178,45,8
179,45,7
180,45,7
181,45,7
182,45,6
183,45,6
184,45,5
185,45,5
186,45,5
187,45,5
188,45,4
189,45,4
190,45,4
191,45,4
192,45,4
193,45,4
194,45,4
195,45,4
196,45,3
197,45,3
198,45,3
199,45,3
200,45,3
201,45,3
202,45,3
203,45,3
204,45,3
205,45,3
206,45,3
207,45,3
208,45,3
209,45,3
210,45,3
211,45,3
212,45,3
213,45,3
214,45,3
215,45,3
216,45,3
217,45,3
218,45,3
219,45,3
220,45,3
221,45,3
222,45,3
223,45,3
224,45,3
225,45,3
226,45,3
227,45,3
228,45,3
229,45,3
230,45,3
231,45,3
232,45,3
233,45,2
234,45,2
235,45,2
236,45,2
237,45,2
238,45,2
239,45,2
240,45,2
241,45,2
242,45,2
243,45,2
244,45,2
245,45,2
246,45,2
247,45,2
248,45,2
249,45,2
250,45,2
251,45,2
252,45,2
253,45,2
254,45,2
255,45,2
0,46,4
1,46,4
2,46,4
3,46,4
4,46,4
5,46,4
6,46,4
7,46,4
8,46,4
9,46,4
10,46,4
11,46,4
12,46,5
13,46,5
14,46,5
15,46,5
16,46,5
17,46,5
18,46,5
19,46,5
20,46,5
21,46,5
22,46,5
23,46,5
24,46,5
25,46,5
26,46,5
27,46,5
28,46,5
29,46,5
30,46,5
31,46,5
32,46,5
33,46,5
34,46,5
35,46,6
36,46,6
37,46,6
38,46,6
39,46,6
40,46,6
41,46,6
42,46,6
43,46,7
44,46,7
45,46,7
46,46,7
47,46,8
48,46,9
49,46,10
50,46,12
51,46,13
52,46,16
53,46,21
54,46,32
55,46,30
56,46,25
57,46,41
58,46,34
59,46,21
60,46,42
61,46,52
62,46,16
63,46,16
64,46,19
65,46,25
66,46,40
67,46,21
68,46,14
69,46,12
70,46,11
71,46,11
72,46,11
73,46,12
74,46,12
75,46,13
76,46,14
77,46,16
78,46,19
79,46,28
80,46,39
81,46,0
82,46,0
83,46,22
84,46,0
85,46,25
86,46,21
87,46,45
88,46,26
89,46,61
90,46,0
91,46,0
92,46,0
93,46,0
94,46,0
95,46,0
96,46,0
97,46,0
98,46,0
99,46,0
100,46,0
101,46,0
102,46,0
103,46,0
104,46,0
105,46,0
106,46,0
107,46,0
108,46,0
109,46,0
110,46,0
111,46,0
112,46,0
113,46,0
114,46,0
115,46,0
116,46,0
117,46,0
118,46,0
119,46,0
120,46,0
121,46,0
122,46,0
123,46,0
124,46,0
125,46,0
126,46,0
127,46,0
128,46,0
129,46,0
130,46,0
131,46,50
132,46,15
133,46,56
134,46,0
135,46,0
136,46,0
137,46,22
138,46,19
139,46,17
140,46,18
141,46,0
142,46,43
143,46,20
144,46,14
145,46,0
146,46,43
147,46,22
148,46,20
149,46,21
150,46,13
151,46,11
152,46,10
153,46,9
154,46,9
155,46,9
156,46,9
157,46,9
158,46,9
159,46,9
160,46,9
161,46,9
162,46,9
163,46,9
164,46,9
165,46,9
166,46,9
167,46,9
168,46,9
169,46,10
170,46,10
171,46,11
172,46,12
173,46,14
174,46,18
175,46,18
176,46,11
177,46,9
178,46,8
179,46,8
180,46,8
181,46,7
182,46,6
183,46,6
184,46,5
185,46,5
186,46,5
187,46,5
188,46,5
189,46,4
190,46,4
191,46,4
192,46,4
193,46,4
194,46,4
195,46,4
196,46,4
197,46,3
198,46,3
199,46,3
200,46,3
201,46,3
202,46,3
203,46,3
204,46,3
205,46,3
206,46,3
207,46,3
208,46,3
209,46,3
210,46,3
211,46,3
212,46,3
213,46,3
214,46,3
215,46,3
216,46,3
217,46,3
218,46,3
219,46,3
220,46,3
221,46,3
222,46,3
223,46,3
224,46,3
225,46,3
226,46,3
227,46,3
228,46,3
229,46,3
230,46,3
231,46,3
232,46,3
233,46,3
234,46,2
235,46,2
236,46,2
237,46,2
238,46,2
239,46,2
240,46,2
241,46,2
242,46,2
243,46,2
244,46,2
245,46,2
246,46,2
247,46,2
248,46,2
249,46,2
250,46,2
251,46,2
252,46,2
253,46,2
254,46,2
255,46,2
0,47,4
1,47,4
2,47,4
3,47,4
4,47,4
5,47,4
6,47,4
7,47,4
8,47,4
9,47,5
10,47,5
11,47,5
12,47,5
13,47,5
14,47,5
15,47,5
16,47,5
17,47,5
18,47,5
19,47,5
20,47,5
21,47,5
22,47,5
23,47,5
24,47,5
25,47,5
26,47,5
27,47,5
28,47,5
29,47,5
30,47,5
31,47,5
32,47,5
33,47,5
34,47,6
35,47,6
36,47,6
37,47,6
38,47,6
39,47,6
40,47,6
41,47,6
42,47,7
43,47,7
44,47,7
45,47,7
46,47,7
47,47,8
48,47,9
49,47,12
50,47,18
51,47,15
52,47,25
53,47,24
54,47,25
55,47,20
56,47,22
57,47,57
58,47,38
59,47,27
60,47,29
61,47,51
62,47,13
63,47,18
64,47,20
65,47,17
66,47,56
67,47,56
68,47,22
69,47,18
70,47,13
71,47,12
72,47,12
73,47,12
74,47,12
75,47,13
76,47,14
77,47,16
78,47,46
79,47,0
80,47,0
81,47,0
82,47,0
83,47,0
84,47,0
85,47,27
86,47,32
87,47,0
88,47,0
89,47,0
90,47,0
91,47,0
92,47,0
93,47,0
94,47,0
95,47,0
96,47,0
97,47,0
98,47,0
99,47,0
100,47,0
101,47,0
102,47,0
103,47,0
104,47,0
105,47,0
106,47,0
107,47,0
108,47,0
109,47,0
110,47,0
111,47,0
112,47,0
113,47,0
114,47,0
115,47,0
116,47,0
117,47,0
118,47,0
119,47,0
120,47,0
121,47,0
122,47,0
123,47,0
124,47,0
125,47,0
126,47,0
127,47,0
128,47,0
129,47,0
130,47,0
131,47,0
132,47,0
133,47,0
134,47,0
135,47,0
136,47,35
137,47,27
138,47,4
139,47,26
140,47,20
141,47,45
142,47,0
143,47,0
144,47,0
145,47,0
146,47,33
147,47,23
148,47,17
149,47,14
150,47,12
151,47,11
152,47,10
153,47,10
154,47,9
155,47,9
156,47,9
157,47,9
158,47,9
159,47,10
160,47,18
161,47,26
162,47,11
163,47,11
164,47,12
165,47,11
166,47,10
167,47,10
168,47,10
169,47,10
170,47,11
171,47,11
172,47,12
173,47,14
174,47,25
175,47,16
176,47,11
177,47,10
178,47,9
179,47,9
180,47,9
181,47,10
182,47,7
183,47,6
184,47,5
185,47,5
186,47,5
187,47,5
188,47,5
189,47,4
190,47,4
191,47,4
192,47,4
193,47,4
194,47,4
195,47,4
196,47,4
197,47,3
198,47,3
199,47,3
200,47,3
201,47,3
202,47,3
203,47,3
204,47,3
205,47,3
206,47,3
207,47,3
208,47,3
209,47,3
210,47,3
211,47,3
212,47,3
213,47,3
214,47,3
215,47,3
216,47,3
217,47,3
218,47,3
219,47,3
220,47,3
221,47,3
222,47,3
223,47,3
224,47,3
225,47,3
226,47,3
227,47,3
228,47,3
229,47,3
230,47,3
231,47,3
232,47,3
233,47,3
234,47,2
235,47,2
236,47,2
237,47,2
238,47,2
239,47,2
240,47,2
241,47,2
242,47,2
243,47,2
244,47,2
245,47,2
246,47,2
247,47,2
248,47,2
249,47,2
250,47,2
251,47,2
252,47,2
253,47,2
254,47,2
255,47,2
0,48,4
1,48,4
2,48,4
3,48,4
4,48,4
5,48,4
6,48,4
7,48,5
8,48,5
9,48,5
10,48,5
11,48,5
12,48,5
13,48,5
14,48,5
15,48,5
16,48,5
17,48,5
18,48,5
19,48,5
20,48,5
21,48,5
22,48,5
23,48,5
24,48,5
25,48,5
26,48,5
27,48,5
28,48,5
29,48,5
30,48,5
31,48,5
32,48,5
33,48,6
34,48,6
35,48,6
36,48,6
37,48,6
38,48,6
39,48,6
40,48,6
41,48,6
42,48,7
43,48,7
44,48,7
45,48,7
46,48,7
47,48,8
48,48,10
49,48,13
50,48,33
51,48,35
52,48,32
53,48,30
54,48,17
55,48,18
56,48,20
57,48,27
58,48,43
59,48,36
60,48,43
61,48,34
62,48,24
63,48,32
64,48,23
65,48,26
66,48,0
67,48,28
68,48,21
69,48,16
70,48,14
71,48,13
72,48,13
73,48,13
74,48,14
75,48,14
76,48,15
77,48,17
78,48,22
79,48,0
80,48,0
81,48,0
82,48,0
83,48,0
84,48,0
85,48,35
86,48,0
87,48,0
88,48,0
89,48,0
90,48,0
91,48,0
92,48,0
93,48,0
94,48,0
95,48,0
96,48,0
97,48,0
98,48,0
99,48,0
100,48,0
101,48,0
102,48,0
103,48,0
104,48,0
105,48,0
106,48,0
107,48,0
108,48,0
109,48,0
110,48,0
111,48,0
112,48,0
113,48,0
114,48,0
115,48,0
116,48,0
117,48,0
118,48,0
119,48,0
120,48,0
121,48,0
122,48,0
123,48,0
124,48,0
125,48,0
126,48,0
127,48,0
128,48,0
129,48,0
130,48,0
131,48,0
132,48,0
133,48,0
134,48,0
135,48,0
136,48,0
137,48,0
138,48,0
139,48,30
140,48,25
141,48,43
142,48,0
143,48,0
144,48,0
145,48,0
146,48,45
147,48,11
148,48,31
149,48,13
150,48,12
151,48,11
152,48,11
153,48,10
154,48,10
155,48,10
156,48,10
157,48,10
158,48,10
159,48,11
160,48,14
161,48,24
162,48,16
163,48,15
164,48,21
165,48,13
166,48,12
167,48,11
168,48,11
169,48,11
170,48,11
171,48,12
172,48,13
173,48,16
174,48,32
175,48,17
176,48,12
177,48,11
178,48,10
179,48,10
180,48,10
181,48,17
182,48,8
183,48,6
184,48,6
185,48,5
186,48,5
187,48,5
188,48,5
189,48,5
190,48,4
191,48,4
192,48,4
193,48,4
194,48,4
195,48,4
196,48,4
197,48,4
198,48,3
199,48,3
200,48,3
201,48,3
202,48,3
203,48,3
204,48,3
205,48,3
206,48,3
207,48,3
208,48,3
209,48,3
210,48,3
211,48,3
212,48,3
213,48,3
214,48,3
215,48,3
216,48,3
217,48,3
218,48,3
219,48,3
220,48,3
221,48,3
222,48,3
223,48,3
224,48,3
225,48,3
226,48,3
227,48,3
228,48,3
229,48,3
230,48,3
231,48,3
232,48,3
233,48,3
234,48,3
235,48,2
236,48,2
237,48,2
238,48,2
239,48,2
240,48,2
241,48,2
242,48,2
243,48,2
244,48,2
245,48,2
246,48,2
247,48,2
248,48,2
249,48,2
250,48,2
251,48,2
252,48,2
253,48,2
254,48,2
255,48,2
0,49,4
1,49,4
2,49,4
3,49,4
4,49,5
5,49,5
6,49,5
7,49,5
8,49,5
9,49,5
10,49,5
11,49,5
12,49,5
13,49,5
14,49,5
15,49,5
16,49,5
17,49,5
18,49,5
19,49,5
20,49,5
21,49,5
22,49,5
23,49,5
24,49,5
25,49,5
26,49,5
27,49,5
28,49,5
29,49,5
30,49,5
31,49,5
32,49,6
33,49,6
34,49,6
35,49,6
36,49,6
37,49,6
38,49,6
39,49,6
40,49,6
41,49,6
42,49,7
43,49,7
44,49,7
45,49,7
46,49,7
47,49,8
48,49,12
49,49,15
50,49,48
51,49,16
52,49,36
53,49,15
54,49,15
55,49,16
56,49,28
57,49,27
58,49,43
59,49,0
60,49,0
61,49,0
62,49,32
63,49,19
64,49,39
65,49,50
66,49,43
67,49,2
68,49,20
69,49,17
70,49,14
71,49,14
72,49,14
73,49,15
74,49,55
75,49,24
76,49,19
77,49,19
78,49,20
79,49,28
80,49,38
81,49,0
82,49,0
83,49,0
84,49,0
85,49,0
86,49,0
87,49,0
88,49,0
89,49,0
90,49,0
91,49,0
92,49,0
93,49,0
94,49,0
95,49,0
96,49,0
97,49,0
98,49,0
99,49,0
100,49,0
101,49,0
102,49,0
103,49,0
104,49,0
105,49,0
106,49,0
107,49,0
108,49,0
109,49,0
110,49,0
111,49,0
112,49,0
113,49,0
114,49,0
115,49,0
116,49,0
117,49,0
118,49,0
119,49,0
120,49,0
121,49,0
122,49,0
123,49,0
124,49,0
125,49,0
126,49,0
127,49,0
128,49,0
129,49,0
130,49,0
131,49,0
132,49,0
133,49,0
134,49,0
135,49,0
136,49,0
137,49,0
138,49,0
139,49,0
140,49,29
141,49,15
142,49,0
143,49,0
144,49,0
145,49,0
146,49,0
147,49,35
148,49,17
149,49,14
150,49,13
151,49,12
152,49,11
153,49,11
154,49,10
155,49,10
156,49,10
157,49,10
158,49,11
159,49,11
160,49,13
161,49,18
162,49,22
163,49,54
164,49,57
165,49,40
166,49,16
167,49,12
168,49,12
169,49,12
170,49,12
171,49,13
172,49,14
173,49,17
174,49,21
175,49,18
176,49,13
177,49,13
178,49,16
179,49,14
180,49,13
181,49,14
182,49,8
183,49,6
184,49,6
185,49,5
186,49,5
187,49,5
188,49,5
189,49,5
190,49,4
191,49,4
192,49,4
193,49,4
194,49,4
195,49,4
196,49,4
197,49,4
198,49,3
199,49,3
200,49,3
201,49,3
202,49,3
203,49,3
204,49,3
205,49,3
206,49,3
207,49,3
208,49,3
209,49,3
210,49,3
211,49,3
212,49,3
213,49,3
214,49,3
215,49,3
216,49,3
217,49,3
218,49,3
219,49,3
220,49,3
221,49,3
222,49,3
223,49,3
224,49,3
225,49,3
226,49,3
227,49,3
228,49,3
229,49,3
230,49,3
231,49,3
232,49,3
233,49,3
234,49,3
235,49,2
236,49,2
237,49,2
238,49,2
239,49,2
240,49,2
241,49,2
242,49,2
243,49,2
244,49,2
245,49,2
246,49,2
247,49,2
248,49,2
249,49,2
250,49,2
251,49,2
252,49,2
253,49,2
254,49,2
255,49,2
0,50,4
1,50,4
2,50,5
3,50,5
4,50,5
5,50,5
6,50,5
7,50,5
8,50,5
9,50,5
10,50,5
11,50,5
12,50,5
13,50,5
14,50,5
15,50,5
16,50,5
17,50,5
18,50,5
19,50,5
20,50,5
21,50,5
22,50,5
23,50,5
24,50,5
25,50,5
26,50,5
27,50,5
28,50,5
29,50,5
30,50,5
31,50,6
32,50,6
33,50,6
34,50,6
35,50,6
36,50,6
37,50,6
38,50,6
39,50,6
40,50,6
41,50,6
42,50,7
43,50,7
44,50,7
45,50,7
46,50,8
47,50,8
48,50,9
49,50,10
50,50,13
51,50,12
52,50,12
53,50,13
54,50,14
55,50,16
56,50,24
57,50,31
58,50,57
59,50,0
60,50,0
61,50,0
62,50,0
63,50,0
64,50,0
65,50,20
66,50,0
67,50,34
68,50,52
69,50,31
70,50,16
71,50,15
72,50,15
73,50,18
74,50,37
75,50,0
76,50,0
77,50,23
78,50,0
79,50,29
80,50,35
81,50,54
82,50,0
83,50,0
84,50,0
85,50,0
86,50,0
87,50,0
88,50,0
89,50,0
90,50,0
91,50,0
92,50,0
93,50,0
94,50,0
95,50,0
96,50,0
97,50,0
98,50,0
99,50,0
100,50,0
101,50,0
102,50,0
103,50,0
104,50,0
105,50,0
106,50,0
107,50,0
108,50,0
109,50,0
110,50,0
111,50,0
112,50,0
113,50,0
114,50,0
115,50,0
116,50,0
117,50,0
118,50,0
119,50,0
120,50,0
121,50,0
122,50,0
123,50,0
124,50,0
125,50,0
126,50,0
127,50,0
128,50,0
129,50,0
130,50,0
131,50,0
132,50,0
133,50,0
134,50,0
135,50,0
136,50,0
137,50,0
138,50,0
139,50,0
140,50,0
141,50,0
142,50,0
143,50,0
144,50,0
145,50,0
146,50,62
147,50,21
148,50,17
149,50,15
150,50,14
151,50,16
152,50,15
153,50,12
154,50,11
155,50,11
156,50,11
157,50,11
158,50,11
159,50,12
160,50,13
161,50,15
162,50,18
163,50,50
164,50,31
165,50,32
166,50,15
167,50,14
168,50,15
169,50,14
170,50,14
171,50,14
172,50,14
173,50,16
174,50,26
175,50,18
176,50,18
177,50,24
178,50,35
179,50,20
180,50,13
181,50,22
182,50,7
183,50,7
184,50,6
185,50,5
186,50,5
187,50,5
188,50,5
189,50,5
190,50,5
191,50,4
192,50,4
193,50,4
194,50,4
195,50,4
196,50,4
197,50,4
198,50,4
199,50,3
200,50,3
201,50,3
202,50,3
203,50,3
204,50,3
205,50,3
206,50,3
207,50,3
208,50,3
209,50,3
210,50,3
211,50,3
212,50,3
213,50,3
214,50,3
215,50,3
216,50,3
217,50,3
218,50,3
219,50,3
220,50,3
221,50,3
222,50,3
223,50,3
224,50,3
225,50,3
226,50,3
227,50,3
228,50,3
229,50,3
230,50,3
231,50,3
232,50,3
233,50,3
234,50,3
235,50,3
236,50,2
237,50,2
238,50,2
239,50,2
240,50,2
241,50,2
242,50,2
243,50,2
244,50,2
245,50,2
246,50,2
247,50,2
248,50,2
249,50,2
250,50,2
251,50,2
252,50,2
253,50,2
254,50,2
255,50,2
0,51,5
1,51,5
2,51,5
3,51,5
4,51,5
5,51,5
6,51,5
7,51,5
8,51,5
9,51,5
10,51,5
11,51,5
12,51,5
13,51,5
14,51,5
15,51,5
16,51,5
17,51,5
18,51,5
19,51,5
20,51,5
21,51,5
22,51,5
23,51,5
24,51,5
25,51,5
26,51,5
27,51,5
28,51,5
29,51,5
30,51,6
31,51,6
32,51,6
33,51,6
34,51,6
35,51,6
36,51,6
37,51,6
38,51,6
39,51,6
40,51,6
41,51,7
42,51,7
43,51,7
44,51,7
45,51,7
46,51,8
47,51,8
48,51,9
49,51,10
50,51,10
51,51,11
52,51,12
53,51,13
54,51,14
55,51,15
56,51,20
57,51,27
58,51,40
59,51,0
60,51,0
61,51,0
62,51,0
63,51,0
64,51,0
65,51,0
66,51,0
67,51,0
68,51,40
69,51,33
70,51,19
71,51,16
72,51,17
73,51,20
74,51,0
75,51,0
76,51,8
77,51,34
78,51,0
79,51,0
80,51,0
81,51,0
82,51,0
83,51,0
84,51,0
85,51,0
86,51,0
87,51,0
88,51,0
89,51,0
90,51,0
91,51,0
92,51,0
93,51,0
94,51,0
95,51,0
96,51,0
97,51,0
98,51,0
99,51,0
100,51,0
101,51,0
102,51,0
103,51,0
104,51,0
105,51,0
106,51,0
107,51,0
108,51,0
109,51,0
110,51,0
111,51,0
112,51,0
113,51,0
114,51,0
115,51,0
116,51,0
117,51,0
118,51,0
119,51,0
120,51,0
121,51,0
122,51,0
123,51,0
124,51,0
125,51,0
126,51,0
127,51,0
128,51,0
129,51,0
130,51,0
131,51,0
132,51,0
133,51,0
134,51,0
135,51,0
136,51,0
137,51,0
138,51,0
139,51,0
140,51,0
141,51,0
142,51,0
143,51,0
144,51,0
145,51,38
146,51,26
147,51,22
148,51,19
149,51,18
150,51,61
151,51,54
152,51,28
153,51,15
154,51,12
155,51,12
156,51,12
157,51,12
158,51,12
159,51,13
160,51,15
161,51,17
162,51,36
163,51,50
164,51,24
165,51,19
166,51,17
167,51,16
168,51,19
169,51,25
170,51,21
171,51,17
172,51,16
173,51,17
174,51,20
175,51,26
176,51,21
177,51,15
178,51,12
179,51,11
180,51,9
181,51,8
182,51,7
183,51,7
184,51,6
185,51,5
186,51,5
187,51,5
188,51,5
189,51,5
190,51,5
191,51,4
192,51,4
193,51,4
194,51,4
195,51,4
196,51,4
197,51,4
198,51,4
199,51,3
200,51,3
201,51,3
202,51,3
203,51,3
204,51,3
205,51,3
206,51,3
207,51,3
208,51,3
209,51,3
210,51,3
211,51,3
212,51,3
213,51,3
214,51,3
215,51,3
216,51,3
217,51,3
218,51,3
219,51,3
220,51,3
221,51,3
222,51,3
223,51,3
224,51,3
225,51,3
226,51,3
227,51,3
228,51,3
229,51,3
230,51,3
231,51,3
232,51,3
233,51,3
234,51,3
235,51,3
236,51,3
237,51,2
238,51,2
239,51,2
240,51,2
241,51,2
242,51,2
243,51,2
244,51,2
245,51,2
246,51,2
247,51,2
248,51,2
249,51,2
250,51,2
251,51,2
252,51,2
253,51,2
254,51,2
255,51,2
0,52,5
1,52,5
2,52,5
3,52,5
4,52,5
5,52,5
6,52,5
7,52,5
8,52,5
9,52,5
10,52,5
11,52,5
12,52,5
13,52,5
14,52,5
15,52,5
16,52,5
17,52,5
18,52,5
19,52,5
20,52,5
21,52,5
22,52,5
23,52,5
24,52,5
25,52,5
26,52,5
27,52,5
28,52,5
29,52,6
30,52,6
31,52,6
32,52,6
33,52,6
34,52,6
35,52,6
36,52,6
37,52,6
38,52,6
39,52,6
40,52,6
41,52,7
42,52,7
43,52,7
44,52,7
45,52,7
46,52,8
47,52,8
48,52,9
49,52,9
50,52,10
51,52,11
52,52,11
53,52,13
54,52,15
55,52,16
56,52,18
57,52,22
58,52,30
59,52,4
60,52,0
61,52,0
62,52,0
63,52,0
64,52,0
65,52,0
66,52,0
67,52,0
68,52,0
69,52,28
70,52,19
71,52,18
72,52,19
73,52,21
74,52,26
75,52,0
76,52,0
77,52,54
78,52,0
79,52,0
80,52,0
81,52,0
82,52,0
83,52,0
84,52,0
85,52,0
86,52,0
87,52,0
88,52,0
89,52,0
90,52,0
91,52,0
92,52,0
93,52,0
94,52,0
95,52,0
96,52,0
97,52,0
98,52,0
99,52,0
100,52,0
101,52,0
102,52,0
103,52,0
104,52,0
105,52,0
106,52,0
107,52,0
108,52,0
109,52,0
110,52,0
111,52,0
112,52,0
113,52,0
114,52,0
115,52,0
116,52,0
117,52,0
118,52,0
119,52,0
120,52,0
121,52,0
122,52,0
123,52,0
124,52,0
125,52,0
126,52,0
127,52,0
128,52,0
129,52,0
130,52,0
131,52,0
132,52,0
133,52,0
134,52,0
135,52,0
136,52,0
137,52,0
138,52,0
139,52,0
140,52,0
141,52,0
142,52,0
143,52,0
144,52,0
145,52,0
146,52,0
147,52,47
148,52,21
149,52,22
150,52,29
151,52,46
152,52,31
153,52,18
154,52,13
155,52,13
156,52,13
157,52,13
158,52,16
159,52,21
160,52,47
161,52,20
162,52,38
163,52,0
164,52,22
165,52,24
166,52,34
167,52,32
168,52,19
169,52,24
170,52,28
171,52,20
172,52,25
173,52,28
174,52,35
175,52,22
176,52,20
177,52,14
178,52,12
179,52,10
180,52,9
181,52,8
182,52,7
183,52,6
184,52,6
185,52,5
186,52,5
187,52,5
188,52,5
189,52,5
190,52,5
191,52,5
192,52,4
193,52,4
194,52,4
195,52,4
196,52,4
197,52,4
198,52,4
199,52,4
200,52,3
201,52,3
202,52,3
203,52,3
204,52,3
205,52,3
206,52,3
207,52,3
208,52,3
209,52,3
210,52,3
211,52,3
212,52,3
213,52,3
214,52,3
215,52,3
216,52,3
217,52,3
218,52,3
219,52,3
220,52,3
221,52,3
222,52,3
223,52,3
224,52,3
225,52,3
226,52,3
227,52,3
228,52,3
229,52,3
230,52,3
231,52,3
232,52,3
233,52,3
234,52,3
235,52,3
236,52,3
237,52,2
238,52,2
239,52,2
240,52,2
241,52,2
242,52,2
243,52,2
244,52,2
245,52,2
246,52,2
247,52,2
248,52,2
249,52,2
250,52,2
251,52,2
252,52,2
253,52,2
254,52,2
255,52,2
0,53,5
1,53,5
2,53,5
3,53,5
4,53,5
5,53,5
6,53,5
7,53,5
8,53,5
9,53,5
10,53,5
11,53,5
12,53,5
13,53,5
14,53,5
15,53,5
16,53,5
17,53,5
18,53,5
19,53,5
20,53,5
21,53,5
22,53,5
23,53,5
24,53,5
25,53,5
26,53,5
27,53,5
28,53,6
29,53,6
30,53,6
31,53,6
32,53,6
33,53,6
34,53,6
35,53,6
36,53,6
37,53,6
38,53,6
39,53,6
40,53,6
41,53,7
42,53,7
43,53,7
44,53,7
45,53,8
46,53,8
47,53,8
48,53,9
49,53,9
50,53,9
51,53,10
52,53,11
53,53,13
54,53,29
55,53,41
56,53,20
57,53,29
58,53,16
59,53,0
60,53,0
61,53,0
62,53,0
63,53,0
64,53,0
65,53,0
66,53,0
67,53,0
68,53,0
69,53,0
70,53,22
71,53,21
72,53,41
73,53,1
74,53,35
75,53,53
76,53,0
77,53,0
78,53,0
79,53,0
80,53,0
81,53,0
82,53,0
83,53,0
84,53,0
85,53,0
86,53,0
87,53,0
88,53,0
89,53,0
90,53,0
91,53,0
92,53,0
93,53,0
94,53,0
95,53,0
96,53,0
97,53,0
98,53,0
99,53,0
100,53,0
101,53,0
102,53,0
103,53,0
104,53,0
105,53,0
106,53,0
107,53,0
108,53,0
109,53,0
110,53,0
111,53,0
112,53,0
113,53,0
114,53,0
115,53,0
116,53,0
117,53,0
118,53,0
119,53,0
120,53,0
121,53,0
122,53,0
123,53,0
124,53,0
125,53,0
126,53,0
127,53,0
128,53,0
129,53,0
130,53,0
131,53,0
132,53,0
133,53,0
134,53,0
135,53,0
136,53,0
137,53,0
138,53,0
139,53,0
140,53,0
141,53,0
142,53,0
143,53,0
144,53,0
145,53,0
146,53,0
147,53,0
148,53,50
149,53,38
150,53,0
151,53,0
152,53,35
153,53,18
154,53,14
155,53,13
156,53,14
157,53,15
158,53,54
159,53,41
160,53,30
161,53,18
162,53,39
163,53,0
164,53,57
165,53,55
166,53,0
167,53,42
168,53,30
169,53,42
170,53,16
171,53,39
172,53,38
173,53,2
174,53,39
175,53,17
176,53,28
177,53,19
178,53,14
179,53,10
180,53,9
181,53,8
182,53,7
183,53,6
184,53,6
185,53,5
186,53,5
187,53,5
188,53,5
189,53,5
190,53,5
191,53,5
192,53,4
193,53,4
194,53,4
195,53,4
196,53,4
197,53,4
198,53,4
199,53,4
200,53,3
201,53,3
202,53,3
203,53,3
204,53,3
205,53,3
206,53,3
207,53,3
208,53,3
209,53,3
210,53,3
211,53,3
212,53,3
213,53,3
214,53,3
215,53,3
216,53,3
217,53,3
218,53,3
219,53,3
220,53,3
221,53,3
222,53,3
223,53,3
224,53,3
225,53,3
226,53,3
227,53,3
228,53,3
229,53,3
230,53,3
231,53,3
232,53,3
233,53,3
234,53,3
235,53,3
236,53,3
237,53,3
238,53,2
239,53,2
240,53,2
241,53,2
242,53,2
243,53,2
244,53,2
245,53,2
246,53,2
247,53,2
248,53,2
249,53,2
250,53,2
251,53,2
252,53,2
253,53,2
254,53,2
255,53,2
0,54,5
1,54,5
2,54,5
3,54,5
4,54,5
5,54,5
6,54,5
7,54,5
8,54,5
9,54,5
10,54,5
11,54,5
12,54,5
13,54,5
14,54,5
15,54,5
16,54,5
17,54,5
18,54,5
19,54,5
20,54,5
21,54,5
22,54,5
23,54,5
24,54,5
25,54,5
26,54,5
27,54,6
28,54,6
29,54,6
30,54,6
31,54,6
32,54,6
33,54,6
34,54,6
35,54,6
36,54,6
37,54,6
38,54,6
39,54,6
40,54,7
41,54,7
42,54,7
43,54,7
44,54,7
45,54,8
46,54,8
47,54,8
48,54,9
49,54,9
50,54,9
51,54,10
52,54,11
53,54,13
54,54,18
55,54,40
56,54,26
57,54,28
58,54,1
59,54,0
60,54,0
61,54,0
62,54,0
63,54,0
64,54,0
65,54,0
66,54,0
67,54,0
68,54,0
69,54,17
70,54,24
71,54,27
72,54,33
73,54,0
74,54,0
75,54,0
76,54,0
77,54,0
78,54,0
79,54,0
80,54,0
81,54,0
82,54,0
83,54,0
84,54,0
85,54,0
86,54,0
87,54,0
88,54,0
89,54,0
90,54,0
91,54,0
92,54,0
93,54,0
94,54,0
95,54,0
96,54,0
97,54,0
98,54,0
99,54,0
100,54,0
101,54,0
102,54,0
103,54,0
104,54,0
105,54,0
106,54,0
107,54,0
108,54,0
109,54,0
110,54,0
111,54,0
112,54,0
113,54,0
114,54,0
115,54,0
116,54,0
117,54,0
118,54,0
119,54,0
120,54,0
121,54,0
122,54,0
123,54,0
124,54,0
125,54,0
126,54,0
127,54,0
128,54,0
129,54,0
130,54,0
131,54,0
132,54,0
133,54,0
134,54,0
135,54,0
136,54,0
137,54,0
138,54,0
139,54,0
140,54,0
141,54,0
142,54,0
143,54,0
144,54,0
145,54,0
146,54,0
147,54,0
148,54,0
149,54,0
150,54,0
151,54,0
152,54,24
153,54,18
154,54,17
155,54,15
156,54,15
157,54,15
158,54,18
159,54,50
160,54,0
161,54,0
162,54,0
163,54,0
164,54,0
165,54,0
166,54,0
167,54,0
168,54,61
169,54,0
170,54,0
171,54,0
172,54,33
173,54,20
174,54,16
175,54,14
176,54,15
177,54,19
178,54,19
179,54,12
180,54,12
181,54,8
182,54,7
183,54,6
184,54,6
185,54,5
186,54,5
187,54,5
188,54,5
189,54,5
190,54,5
191,54,5
192,54,5
193,54,4
194,54,4
195,54,4
196,54,4
197,54,4
198,54,4
199,54,4
200,54,3
201,54,3
202,54,3
203,54,3
204,54,3
205,54,3
206,54,3
207,54,3
208,54,3
209,54,3
210,54,3
211,54,3
212,54,3
213,54,3
214,54,3
215,54,3
216,54,3
217,54,3
218,54,3
219,54,3
220,54,3
221,54,3
222,54,3
223,54,3
224,54,3
225,54,3
226,54,3
227,54,3
228,54,3
229,54,3
230,54,3
231,54,3
232,54,3
233,54,3
234,54,3
235,54,3
236,54,3
237,54,3
238,54,2
239,54,2
240,54,2
241,54,2
242,54,2
243,54,2
244,54,2
245,54,2
246,54,2
247,54,2
248,54,2
249,54,2
250,54,2
251,54,2
252,54,2
253,54,2
254,54,2
255,54,2
0,55,5
1,55,5
2,55,5
3,55,5
4,55,5
5,55,5
6,55,5
7,55,5
8,55,5
9,55,5
10,55,5
11,55,5
12,55,5
13,55,5
14,55,5
15,55,5
16,55,5
17,55,5
18,55,5
19,55,5
20,55,5
21,55,5
22,55,5
23,55,5
24,55,5
25,55,5
26,55,6
27,55,6
28,55,6
29,55,6
30,55,6
31,55,6
32,55,6
33,55,6
34,55,6
35,55,6
36,55,6
37,55,6
38,55,6
39,55,6
40,55,7
41,55,7
42,55,7
43,55,7
44,55,8
45,55,8
46,55,8
47,55,8
48,55,9
49,55,9
50,55,9
51,55,10
52,55,11
53,55,14
54,55,24
55,55,2
56,55,32
57,55,59
58,55,0
59,55,0
60,55,0
61,55,0
62,55,0
63,55,0
64,55,0
65,55,0
66,55,0
67,55,0
68,55,0
69,55,0
70,55,29
71,55,41
72,55,0
73,55,0
74,55,0
75,55,0
76,55,0
77,55,0
78,55,0
79,55,0
80,55,0
81,55,0
82,55,0
83,55,0
84,55,0
85,55,0
86,55,0
87,55,0
88,55,0
89,55,0
90,55,0
91,55,0
92,55,0
93,55,0
94,55,0
95,55,0
96,55,0
97,55,0
98,55,0
99,55,0
100,55,0
101,55,0
102,55,0
103,55,0
104,55,0
105,55,0
106,55,0
107,55,0
108,55,0
109,55,0
110,55,0
111,55,0
112,55,0
113,55,0
114,55,0
115,55,0
116,55,0
117,55,0
118,55,0
119,55,0
120,55,0
121,55,0
122,55,0
123,55,0
124,55,0
125,55,0
126,55,0
127,55,0
128,55,0
129,55,0
130,55,0
131,55,0
132,55,0
133,55,0
134,55,0
135,55,0
136,55,0
137,55,0
138,55,0
139,55,0
140,55,0
141,55,0
142,55,0
143,55,0
144,55,0
145,55,0
146,55,0
147,55,0
148,55,0
149,55,0
150,55,0
151,55,45
152,55,29
153,55,22
154,55,19
155,55,17
156,55,16
157,55,18
158,55,16
159,55,35
160,55,0
161,55,0
162,55,0
163,55,0
164,55,0
165,55,0
166,55,0
167,55,0
168,55,43
169,55,0
170,55,0
171,55,0
172,55,28
173,55,21
174,55,16
175,55,13
176,55,13
177,55,14
178,55,18
179,55,22
180,55,11
181,55,7
182,55,7
183,55,6
184,55,6
185,55,5
186,55,5
187,55,5
188,55,5
189,55,5
190,55,5
191,55,5
192,55,5
193,55,4
194,55,4
195,55,4
196,55,4
197,55,4
198,55,4
199,55,4
200,55,4
201,55,3
202,55,3
203,55,3
204,55,3
205,55,3
206,55,3
207,55,3
208,55,3
209,55,3
210,55,3
211,55,3
212,55,3
213,55,3
214,55,3
215,55,3
216,55,3
217,55,3
218,55,3
219,55,3
220,55,3
221,55,3
222,55,3
223,55,3
224,55,3
225,55,3
226,55,3
227,55,3
228,55,3
229,55,3
230,55,3
231,55,3
232,55,3
233,55,3
234,55,3
235,55,3
236,55,3
237,55,3
238,55,3
239,55,2
240,55,2
241,55,2
242,55,2
243,55,2
244,55,2
245,55,2
246,55,2
247,55,2
248,55,2
249,55,2
250,55,2
251,55,2
252,55,2
253,55,2
254,55,2
255,55,2
0,56,5
1,56,5
2,56,5
3,56,5
4,56,5
5,56,5
6,56,5
7,56,5
8,56,5
9,56,5
10,56,5
11,56,5
12,56,5
13,56,5
14,56,5
15,56,5
16,56,5
17,56,5
18,56,5
19,56,5
20,56,5
21,56,5
22,56,5
23,56,5
24,56,5
25,56,6
26,56,6
27,56,6
28,56,6
29,56,6
30,56,6
31,56,6
32,56,6
33,56,6
34,56,6
35,56,6
36,56,6
37,56,6
38,56,6
39,56,7
40,56,7
41,56,7
42,56,7
43,56,8
44,56,8
45,56,8
46,56,8
47,56,8
48,56,9
49,56,9
50,56,9
51,56,10
52,56,11
53,56,45
54,56,21
55,56,30
56,56,36
57,56,1
58,56,0
59,56,0
60,56,0
61,56,0
62,56,0
63,56,0
64,56,0
65,56,0
66,56,0
67,56,0
68,56,0
69,56,38
70,56,0
71,56,0
72,56,0
73,56,0
74,56,0
75,56,0
76,56,0
77,56,0
78,56,0
79,56,0
80,56,0
81,56,0
82,56,0
83,56,0
84,56,0
85,56,0
86,56,0
87,56,0
88,56,0
89,56,0
90,56,0
91,56,0
92,56,0
93,56,0
94,56,0
95,56,0
96,56,0
97,56,0
98,56,0
99,56,0
100,56,0
101,56,0
102,56,0
103,56,0
104,56,0
105,56,0
106,56,0
107,56,0
108,56,0
109,56,0
110,56,0
111,56,0
112,56,0
113,56,0
114,56,0
115,56,0
116,56,0
117,56,0
118,56,0
119,56,0
120,56,0
121,56,0
122,56,0
123,56,0
124,56,0
125,56,0
126,56,0
127,56,0
128,56,0
129,56,0
130,56,0
131,56,0
132,56,0
133,56,0
134,56,0
135,56,0
136,56,0
137,56,0
138,56,0
139,56,0
140,56,0
141,56,0
142,56,0
143,56,0
144,56,0
145,56,0
146,56,0
147,56,0
148,56,0
149,56,0
150,56,0
151,56,0
152,56,0
153,56,0
154,56,0
155,56,20
156,56,18
157,56,19
158,56,27
159,56,0
160,56,0
161,56,0
162,56,0
163,56,0
164,56,0
165,56,0
166,56,0
167,56,0
168,56,0
169,56,0
170,56,0
171,56,40
172,56,35
173,56,30
174,56,15
175,56,12
176,56,11
177,56,11
178,56,11
179,56,12
180,56,9
181,56,7
182,56,6
183,56,6
184,56,6
185,56,6
186,56,5
187,56,5
188,56,5
189,56,5
190,56,5
191,56,5
192,56,5
193,56,4
194,56,4
195,56,4
196,56,4
197,56,4
198,56,4
199,56,4
200,56,4
201,56,3
202,56,3
203,56,3
204,56,3
205,56,3
206,56,3
207,56,3
208,56,3
209,56,3
210,56,3
211,56,3
212,56,3
213,56,3
214,56,3
215,56,3
216,56,3
217,56,3
218,56,3
219,56,3
220,56,3
221,56,3
222,56,3
223,56,3
224,56,3
225,56,3
226,56,3
227,56,3
228,56,3
229,56,3
230,56,3
231,56,3
232,56,3
233,56,3
234,56,3
235,56,3
236,56,3
237,56,3
238,56,3
239,56,2
240,56,2
241,56,2
242,56,2
243,56,2
244,56,2
245,56,2
246,56,2
247,56,2
248,56,2
249,56,2
250,56,2
251,56,2
252,56,2
253,56,2
254,56,2
255,56,2
0,57,5
1,57,5
2,57,5
3,57,5
4,57,5
5,57,5
6,57,5
7,57,5
8,57,5
9,57,5
10,57,5
11,57,5
12,57,5
13,57,5
14,57,5
15,57,5
16,57,5
17,57,5
18,57,5
19,57,5
20,57,5
21,57,5
22,57,5
23,57,5
24,57,6
25,57,6
26,57,6
27,57,6
28,57,6
29,57,6
30,57,6
31,57,6
32,57,6
33,57,6
34,57,6
35,57,6
36,57,6
37,57,6
38,57,6
39,57,7
40,57,7
41,57,7
42,57,7
43,57,8
44,57,8
45,57,8
46,57,8
47,57,9
48,57,9
49,57,9
50,57,9
51,57,10
52,57,11
53,57,13
54,57,18
55,57,6
56,57,20
57,57,24
58,57,37
59,57,0
60,57,0
61,57,0
62,57,0
63,57,0
64,57,0
65,57,0
66,57,0
67,57,0
68,57,0
69,57,0
70,57,0
71,57,0
72,57,0
73,57,0
74,57,0
75,57,0
76,57,0
77,57,0
78,57,0
79,57,0
80,57,0
81,57,0
82,57,0
83,57,0
84,57,0
85,57,0
86,57,0
87,57,0
88,57,0
89,57,0
90,57,0
91,57,0
92,57,0
93,57,0
94,57,0
95,57,0
96,57,0
97,57,0
98,57,0
99,57,0
100,57,0
101,57,0
102,57,0
103,57,0
104,57,0
105,57,0
106,57,0
107,57,0
108,57,0
109,57,0
110,57,0
111,57,0
112,57,0
113,57,0
114,57,0
115,57,0
116,57,0
117,57,0
118,57,0
119,57,0
120,57,0
121,57,0
122,57,0
123,57,0
124,57,0
125,57,0
126,57,0
127,57,0
128,57,0
129,57,0
130,57,0
131,57,0
132,57,0
133,57,0
134,57,0
135,57,0
136,57,0
137,57,0
138,57,0
139,57,0
140,57,0
141,57,0
142,57,0
143,57,0
144,57,0
145,57,0
146,57,0
147,57,0
148,57,0
149,57,0
150,57,0
151,57,0
152,57,0
153,57,0
154,57,43
155,57,0
156,57,21
157,57,22
158,57,34
159,57,0
160,57,0
161,57,0
162,57,0
163,57,0
164,57,0
165,57,0
166,57,0
167,57,0
168,57,0
169,57,0
170,57,34
171,57,27
172,57,19
173,57,16
174,57,13
175,57,11
176,57,10
177,57,10
178,57,9
179,57,8
180,57,8
181,57,7
182,57,6
183,57,6
184,57,6
185,57,6
186,57,5
187,57,5
188,57,5
189,57,5
190,57,5
191,57,5
192,57,5
193,57,4
194,57,4
195,57,4
196,57,4
197,57,4
198,57,4
199,57,4
200,57,4
201,57,4
202,57,3
203,57,3
204,57,3
205,57,3
206,57,3
207,57,3
208,57,3
209,57,3
210,57,3
211,57,3
212,57,3
213,57,3
214,57,3
215,57,3
216,57,3
217,57,3
218,57,3
219,57,3
220,57,3
221,57,3
222,57,3
223,57,3
224,57,3
225,57,3
226,57,3
227,57,3
228,57,3
229,57,3
230,57,3
231,57,3
232,57,3
233,57,3
234,57,3
235,57,3
236,57,3
237,57,3
238,57,3
239,57,3
240,57,2
241,57,2
242,57,2
243,57,2
244,57,2
245,57,2
246,57,2
247,57,2
248,57,2
249,57,2
250,57,2
251,57,2
252,57,2
253,57,2
254,57,2
255,57,2
0,58,5
1,58,5
2,58,5
3,58,5
4,58,5
5,58,5
6,58,5
7,58,5
8,58,5
9,58,5
10,58,5
11,58,5
12,58,5
13,58,5
14,58,5
15,58,5
16,58,5
17,58,5
18,58,5
19,58,5
20,58,5
21,58,5
22,58,5
23,58,6
24,58,6
25,58,6
26,58,6
27,58,6
28,58,6
29,58,6
30,58,6
31,58,6
32,58,6
33,58,6
34,58,6
35,58,6
36,58,6
37,58,6
38,58,7
39,58,7
40,58,7
41,58,7
42,58,8
43,58,8
44,58,8
45,58,8
46,58,8
47,58,9
48,58,9
49,58,9
50,58,10
51,58,10
52,58,11
53,58,12
54,58,14
55,58,16
56,58,17
57,58,28
58,58,38
59,58,0
60,58,0
61,58,0
62,58,0
63,58,0
64,58,0
65,58,0
66,58,0
67,58,0
68,58,0
69,58,0
70,58,0
71,58,0
72,58,0
73,58,0
74,58,0
75,58,0
76,58,0
77,58,0
78,58,0
79,58,0
80,58,0
81,58,0
82,58,0
83,58,0
84,58,0
85,58,0
86,58,0
87,58,0
88,58,0
89,58,0
90,58,0
91,58,0
92,58,0
93,58,0
94,58,0
95,58,0
96,58,0
97,58,0
98,58,0
99,58,0
100,58,0
101,58,0
102,58,0
103,58,0
104,58,0
105,58,0
106,58,0
107,58,0
108,58,0
109,58,0
110,58,0
111,58,0
112,58,0
113,58,0
114,58,0
115,58,0
116,58,0
117,58,0
118,58,0
119,58,0
120,58,0
121,58,0
122,58,0
123,58,0
124,58,0
125,58,0
126,58,0
127,58,0
128,58,0
129,58,0
130,58,0
131,58,0
132,58,0
133,58,0
134,58,0
135,58,0
136,58,0
137,58,0
138,58,0
139,58,0
140,58,0
141,58,0
142,58,0
143,58,0
144,58,0
145,58,0
146,58,0
147,58,0
148,58,0
149,58,0
150,58,0
151,58,0
152,58,0
153,58,0
154,58,0
155,58,45
156,58,2
157,58,24
158,58,0
159,58,0
160,58,0
161,58,0
162,58,0
163,58,0
164,58,0
165,58,0
166,58,0
167,58,0
168,58,0
169,58,0
170,58,0
171,58,61
172,58,17
173,58,14
174,58,12
175,58,11
176,58,10
177,58,9
178,58,9
179,58,8
180,58,7
181,58,7
182,58,6
183,58,6
184,58,6
185,58,6
186,58,5
187,58,5
188,58,5
189,58,5
190,58,5
191,58,5
192,58,5
193,58,5
194,58,4
195,58,4
196,58,4
197,58,4
198,58,4
199,58,4
200,58,4
201,58,4
202,58,3
203,58,3
204,58,3
205,58,3
206,58,3
207,58,3
208,58,3
209,58,3
210,58,3
211,58,3
212,58,3
213,58,3
214,58,3
215,58,3
216,58,3
217,58,3
218,58,3
219,58,3
220,58,3
221,58,3
222,58,3
223,58,3
224,58,3
225,58,3
226,58,3
227,58,3
228,58,3
229,58,3
230,58,3
231,58,3
232,58,3
233,58,3
234,58,3
235,58,3
236,58,3
237,58,3
238,58,3
239,58,3
240,58,2
241,58,2
242,58,2
243,58,2
244,58,2
245,58,2
246,58,2
247,58,2
248,58,2
249,58,2
250,58,2
251,58,2
252,58,2
253,58,2
254,58,2
255,58,2
0,59,5
1,59,5
2,59,5
3,59,5
4,59,5
5,59,5
6,59,5
7,59,5
8,59,5
9,59,5
10,59,5
11,59,5
12,59,5
13,59,5
14,59,5
15,59,5
16,59,5
17,59,5
18,59,5
19,59,5
20,59,5
21,59,5
22,59,6
23,59,6
24,59,6
25,59,6
26,59,6
27,59,6
28,59,6
29,59,6
30,59,6
31,59,6
32,59,6
33,59,6
34,59,6
35,59,6
36,59,6
37,59,6
38,59,7
39,59,7
40,59,7
41,59,8
42,59,8
43,59,8
44,59,8
45,59,8
46,59,9
47,59,9
48,59,9
49,59,10
50,59,10
51,59,11
52,59,11
53,59,12
54,59,13
55,59,14
56,59,15
57,59,32
58,59,33
59,59,34
60,59,0
61,59,0
62,59,0
63,59,0
64,59,0
65,59,0
66,59,0
67,59,0
68,59,0
69,59,0
70,59,0
71,59,0
72,59,0
73,59,0
74,59,0
75,59,0
76,59,0
77,59,0
78,59,0
79,59,0
80,59,0
81,59,0
82,59,0
83,59,0
84,59,0
85,59,0
86,59,0
87,59,0
88,59,0
89,59,0
90,59,0
91,59,0
92,59,0
93,59,0
94,59,0
95,59,0
96,59,0
97,59,0
98,59,0
99,59,0
100,59,0
101,59,0
102,59,0
103,59,0
104,59,0
105,59,0
106,59,0
107,59,0
108,59,0
109,59,0
110,59,0
111,59,0
112,59,0
113,59,0
114,59,0
115,59,0
116,59,0
117,59,0
118,59,0
119,59,0
120,59,0
121,59,0
122,59,0
123,59,0
124,59,0
125,59,0
126,59,0
127,59,0
128,59,0
129,59,0
130,59,0
131,59,0
132,59,0
133,59,0
134,59,0
135,59,0
136,59,0
137,59,0
138,59,0
139,59,0
140,59,0
141,59,0
142,59,0
143,59,0
144,59,0
145,59,0
146,59,0
147,59,0
148,59,0
149,59,0
150,59,0
151,59,0
152,59,0
153,59,0
154,59,0
155,59,0
156,59,58
157,59,29
158,59,55
159,59,0
160,59,0
161,59,0
162,59,0
163,59,0
164,59,0
165,59,0
166,59,0
167,59,0
168,59,0
169,59,0
170,59,0
171,59,26
172,59,17
173,59,15
174,59,14
175,59,12
176,59,10
177,59,9
178,59,8
179,59,8
180,59,7
181,59,7
182,59,6
183,59,6
184,59,6
185,59,6
186,59,5
187,59,5
188,59,5
189,59,5
190,59,5
191,59,5
192,59,5
193,59,5
194,59,4
195,59,4
196,59,4
197,59,4
198,59,4
199,59,4
200,59,4
201,59,4
202,59,3
203,59,3
204,59,3
205,59,3
206,59,3
207,59,3
208,59,3
209,59,3
210,59,3
211,59,3
212,59,3
213,59,3
214,59,3
215,59,3
216,59,3
217,59,3
218,59,3
219,59,3
220,59,3
221,59,3
222,59,3
223,59,3
224,59,3
225,59,3
226,59,3
227,59,3
228,59,3
229,59,3
230,59,3
231,59,3
232,59,3
233,59,3
234,59,3
235,59,3
236,59,3
237,59,3
238,59,3
239,59,3
240,59,3
241,59,2
242,59,2
243,59,2
244,59,2
245,59,2
246,59,2
247,59,2
248,59,2
249,59,2
250,59,2
251,59,2
252,59,2
253,59,2
254,59,2
255,59,2
0,60,5
1,60,5
2,60,5
3,60,5
4,60,5
5,60,5
6,60,5
7,60,5
8,60,5
9,60,5
10,60,5
11,60,5
12,60,5
13,60,5
14,60,5
15,60,5
16,60,5
17,60,5
18,60,5
19,60,5
20,60,5
21,60,6
22,60,6
23,60,6
24,60,6
25,60,6
26,60,6
27,60,6
28,60,6
29,60,6
30,60,6
31,60,6
32,60,6
33,60,6
34,60,6
35,60,6
36,60,6
37,60,7
38,60,7
39,60,7
40,60,8
41,60,8
42,60,8
43,60,8
44,60,8
45,60,9
46,60,9
47,60,9
48,60,10
49,60,10
50,60,10
51,60,11
52,60,11
53,60,12
54,60,13
55,60,14
56,60,14
57,60,17
58,60,20
59,60,23
60,60,32
61,60,2
62,60,49
63,60,0
64,60,0
65,60,0
66,60,0
67,60,0
68,60,0
69,60,0
70,60,0
71,60,0
72,60,0
73,60,0
74,60,0
75,60,0
76,60,0
77,60,0
78,60,0
79,60,0
80,60,0
81,60,0
82,60,0
83,60,0
84,60,0
85,60,0
86,60,0
87,60,0
88,60,0
89,60,0
90,60,0
91,60,0
92,60,0
93,60,0
94,60,0
95,60,0
96,60,0
97,60,0
98,60,0
99,60,0
100,60,0
101,60,0
102,60,0
103,60,0
104,60,0
105,60,0
106,60,0
107,60,0
108,60,0
109,60,0
110,60,0
111,60,0
112,60,0
113,60,0
114,60,0
115,60,0
116,60,0
117,60,0
118,60,0
119,60,0
120,60,0
121,60,0
122,60,0
123,60,0
124,60,0
125,60,0
126,60,0
127,60,0
128,60,0
129,60,0
130,60,0
131,60,0
132,60,0
133,60,0
134,60,0
135,60,0
136,60,0
137,60,0
138,60,0
139,60,0
140,60,0
141,60,0
142,60,0
143,60,0
144,60,0
145,60,0
146,60,0
147,60,0
148,60,0
149,60,0
150,60,0
151,60,0
152,60,0
153,60,0
154,60,0
155,60,0
156,60,0
157,60,0
158,60,40
159,60,0
160,60,0
161,60,0
162,60,0
163,60,0
164,60,0
165,60,0
166,60,0
167,60,0
168,60,0
169,60,0
170,60,39
171,60,55
172,60,19
173,60,37
174,60,39
175,60,18
176,60,11
177,60,9
178,60,8
179,60,7
180,60,7
181,60,6
182,60,6
183,60,6
184,60,6
185,60,6
186,60,5
187,60,5
188,60,5
189,60,5
190,60,5
191,60,5
192,60,5
193,60,5
194,60,4
195,60,4
196,60,4
197,60,4
198,60,4
199,60,4
200,60,4
201,60,4
202,60,4
203,60,3
204,60,3
205,60,3
206,60,3
207,60,3
208,60,3
209,60,3
210,60,3
211,60,3
212,60,3
213,60,3
214,60,3
215,60,3
216,60,3
217,60,3
218,60,3
219,60,3
220,60,3
221,60,3
222,60,3
223,60,3
224,60,3
225,60,3
226,60,3
227,60,3
228,60,3
229,60,3
230,60,3
231,60,3
232,60,3
233,60,3
234,60,3
235,60,3
236,60,3
237,60,3
238,60,3
239,60,3
240,60,3
241,60,2
242,60,2
243,60,2
244,60,2
245,60,2
246,60,2
247,60,2
248,60,2
249,60,2
250,60,2
251,60,2
252,60,2
253,60,2
254,60,2
255,60,2
0,61,5
1,61,5
2,61,5
3,61,5
4,61,5
5,61,5
6,61,5
7,61,5
8,61,5
9,61,5
10,61,5
11,61,5
12,61,5
13,61,5
14,61,5
15,61,5
16,61,5
17,61,5
18,61,5
19,61,5
20,61,6
21,61,6
22,61,6
23,61,6
24,61,6
25,61,6
26,61,6
27,61,6
28,61,6
29,61,6
30,61,6
31,61,6
32,61,6
33,61,6
34,61,6
35,61,6
36,61,7
37,61,7
38,61,7
39,61,8
40,61,8
41,61,8
42,61,8
43,61,8
44,61,9
45,61,9
46,61,10
47,61,10
48,61,10
49,61,10
50,61,11
51,61,11
52,61,11
53,61,12
54,61,13
55,61,14
56,61,15
57,61,16
58,61,18
59,61,20
60,61,23
61,61,26
62,61,32
63,61,58
64,61,0
65,61,0
66,61,0
67,61,0
68,61,0
69,61,0
70,61,0
71,61,0
72,61,0
73,61,0
74,61,0
75,61,0
76,61,0
77,61,0
78,61,0
79,61,0
80,61,0
81,61,0
82,61,0
83,61,0
84,61,0
85,61,0
86,61,0
87,61,0
88,61,0
89,61,0
90,61,0
91,61,0
92,61,0
93,61,0
94,61,0
95,61,0
96,61,0
97,61,0
98,61,0
99,61,0
100,61,0
101,61,0
102,61,0
103,61,0
104,61,0
105,61,0
106,61,0
107,61,0
108,61,0
109,61,0
110,61,0
111,61,0
112,61,0
113,61,0
114,61,0
115,61,0
116,61,0
117,61,0
118,61,0
119,61,0
120,61,0
121,61,0
122,61,0
123,61,0
124,61,0
125,61,0
126,61,0
127,61,0
128,61,0
129,61,0
130,61,0
131,61,0
132,61,0
133,61,0
134,61,0
135,61,0
136,61,0
137,61,0
138,61,0
139,61,0
140,61,0
141,61,0
142,61,0
143,61,0
144,61,0
145,61,0
146,61,0
147,61,0
148,61,0
149,61,0
150,61,0
151,61,0
152,61,0
153,61,0
154,61,0
155,61,0
156,61,0
157,61,0
158,61,0
159,61,0
160,61,0
161,61,0
162,61,0
163,61,0
164,61,0
165,61,0
166,61,0
167,61,0
168,61,0
169,61,0
170,61,0
171,61,31
172,61,25
173,61,26
174,61,17
175,61,13
176,61,10
177,61,8
178,61,8
179,61,7
180,61,7
181,61,6
182,61,6
183,61,6
184,61,6
185,61,6
186,61,5
187,61,5
188,61,5
189,61,5
190,61,5
191,61,5
192,61,5
193,61,5
194,61,5
195,61,4
196,61,4
197,61,4
198,61,4
199,61,4
200,61,4
201,61,4
202,61,4
203,61,3
204,61,3
205,61,3
206,61,3
207,61,3
208,61,3
209,61,3
210,61,3
211,61,3
212,61,3
213,61,3
214,61,3
215,61,3
216,61,3
217,61,3
218,61,3
219,61,3
220,61,3
221,61,3
222,61,3
223,61,3
224,61,3
225,61,3
226,61,3
227,61,3
228,61,3
229,61,3
230,61,3
231,61,3
232,61,3
233,61,3
234,61,3
235,61,3
236,61,3
237,61,3
238,61,3
239,61,3
240,61,3
241,61,3
242,61,2
243,61,2
244,61,2
245,61,2
246,61,2
247,61,2
248,61,2
249,61,2
250,61,2
251,61,2
252,61,2
253,61,2
254,61,2
255,61,2
0,62,5
1,62,5
2,62,5
3,62,5
4,62,5
5,62,5
6,62,5
7,62,5
8,62,5
9,62,5
10,62,5
11,62,5
12,62,5
13,62,5
14,62,5
15,62,5
16,62,5
17,62,5
18,62,5
19,62,6
20,62,6
21,62,6
22,62,6
23,62,6
24,62,6
25,62,6
26,62,6
27,62,6
28,62,6
29,62,6
30,62,6
31,62,6
32,62,6
33,62,6
34,62,6
35,62,7
36,62,7
37,62,7
38,62,7
39,62,8
40,62,8
41,62,8
42,62,9
43,62,9
44,62,10
45,62,10
46,62,10
47,62,10
48,62,10
49,62,11
50,62,11
51,62,11
52,62,12
53,62,13
54,62,14
55,62,15
56,62,16
57,62,17
58,62,19
59,62,22
60,62,0
61,62,55
62,62,0
63,62,0
64,62,0
65,62,0
66,62,0
67,62,0
68,62,0
69,62,0
70,62,0
71,62,0
72,62,0
73,62,0
74,62,0
75,62,0
76,62,0
77,62,0
78,62,0
79,62,0
80,62,0
81,62,0
82,62,0
83,62,0
84,62,0
85,62,0
86,62,0
87,62,0
88,62,0
89,62,0
90,62,0
91,62,0
92,62,0
93,62,0
94,62,0
95,62,0
96,62,0
97,62,0
98,62,0
99,62,0
100,62,0
101,62,0
102,62,0
103,62,0
104,62,0
105,62,0
106,62,0
107,62,0
108,62,0
109,62,0
110,62,0
111,62,0
112,62,0
113,62,0
114,62,0
115,62,0
116,62,0
117,62,0
118,62,0
119,62,0
120,62,0
121,62,0
122,62,0
123,62,0
124,62,0
125,62,0
126,62,0
127,62,0
128,62,0
129,62,0
130,62,0
131,62,0
132,62,0
133,62,0
134,62,0
135,62,0
136,62,0
137,62,0
138,62,0
139,62,0
140,62,0
141,62,0
142,62,0
143,62,0
144,62,0
145,62,0
146,62,0
147,62,0
148,62,0
149,62,0
150,62,0
151,62,0
152,62,0
153,62,0
154,62,0
155,62,0
156,62,0
157,62,0
158,62,0
159,62,0
160,62,0
161,62,0
162,62,0
163,62,0
164,62,0
165,62,0
166,62,0
167,62,0
168,62,0
169,62,57
170,62,0
171,62,44
172,62,31
173,62,37
174,62,20
175,62,11
176,62,9
177,62,8
178,62,7
179,62,7
180,62,7
181,62,6
182,62,6
183,62,6
184,62,6
185,62,6
186,62,6
187,62,5
188,62,5
189,62,5
190,62,5
191,62,5
192,62,5
193,62,5
194,62,5
195,62,4
196,62,4
197,62,4
198,62,4
199,62,4
200,62,4
201,62,4
202,62,4
203,62,4
204,62,3
205,62,3
206,62,3
207,62,3
208,62,3
209,62,3
210,62,3
211,62,3
212,62,3
213,62,3
214,62,3
215,62,3
216,62,3
217,62,3
218,62,3
219,62,3
220,62,3
221,62,3
222,62,3
223,62,3
224,62,3
225,62,3
226,62,3
227,62,3
228,62,3
229,62,3
230,62,3
231,62,3
232,62,3
233,62,3
234,62,3
235,62,3
236,62,3
237,62,3
238,62,3
239,62,3
240,62,3
241,62,3
242,62,2
243,62,2
244,62,2
245,62,2
246,62,2
247,62,2
248,62,2
249,62,2
250,62,2
251,62,2
252,62,2
253,62,2
254,62,2
255,62,2
0,63,5
1,63,5
2,63,5
3,63,5
4,63,5
5,63,5
6,63,5
7,63,5
8,63,5
9,63,5
10,63,5
11,63,5
12,63,5
13,63,5
14,63,5
15,63,5
16,63,5
17,63,6
18,63,6
19,63,6
20,63,6
21,63,6
22,63,6
23,63,6
24,63,6
25,63,6
26,63,6
27,63,6
28,63,6
29,63,6
30,63,6
31,63,6
32,63,6
33,63,6
34,63,7
35,63,7
36,63,7
37,63,7
38,63,8
39,63,8
40,63,9
41,63,9
42,63,9
43,63,10
44,63,46
45,63,13
46,63,15
47,63,12
48,63,12
49,63,11
50,63,11
51,63,12
52,63,13
53,63,14
54,63,17
55,63,34
56,63,18
57,63,19
58,63,0
59,63,0
60,63,52
61,63,0
62,63,0
63,63,0
64,63,0
65,63,0
66,63,0
67,63,0
68,63,0
69,63,0
70,63,0
71,63,0
72,63,0
73,63,0
74,63,0
75,63,0
76,63,0
77,63,0
78,63,0
79,63,0
80,63,0
81,63,0
82,63,0
83,63,0
84,63,0
85,63,0
86,63,0
87,63,0
88,63,0
89,63,0
90,63,0
91,63,0
92,63,0
93,63,0
94,63,0
95,63,0
96,63,0
97,63,0
98,63,0
99,63,0
100,63,0
101,63,0
102,63,0
103,63,0
104,63,0
105,63,0
106,63,0
107,63,0
108,63,0
109,63,0
110,63,0
111,63,0
112,63,0
113,63,0
114,63,0
115,63,0
116,63,0
117,63,0
118,63,0
119,63,0
120,63,0
121,63,0
122,63,0
123,63,0
124,63,0
125,63,0
126,63,0
127,63,0
128,63,0
129,63,0
130,63,0
131,63,0
132,63,0
133,63,0
134,63,0
135,63,0
136,63,0
137,63,0
138,63,0
139,63,0
140,63,0
141,63,0
142,63,0
143,63,0
144,63,0
145,63,0
146,63,0
147,63,0
148,63,0
149,63,0
150,63,0
151,63,0
152,63,0
153,63,0
154,63,0
155,63,0
156,63,0
157,63,0
158,63,0
159,63,0
160,63,0
161,63,0
162,63,0
163,63,0
164,63,0
165,63,0
166,63,0
167,63,0
168,63,0
169,63,31
170,63,22
171,63,17
172,63,17
173,63,18
174,63,12
175,63,10
176,63,9
177,63,8
178,63,7
179,63,7
180,63,7
181,63,6
182,63,6
183,63,6
184,63,6
185,63,6
186,63,6
187,63,5
188,63,5
189,63,5
190,63,5
191,63,5
192,63,5
193,63,5
194,63,5
195,63,4
196,63,4
197,63,4
198,63,4
199,63,4
200,63,4
201,63,4
202,63,4
203,63,4
204,63,3
205,63,3
206,63,3
207,63,3
208,63,3
209,63,3
210,63,3
211,63,3
212,63,3
213,63,3
214,63,3
215,63,3
216,63,3
217,63,3
218,63,3
219,63,3
220,63,3
221,63,3
222,63,3
223,63,3
224,63,3
225,63,3
226,63,3
227,63,3
228,63,3
229,63,3
230,63,3
231,63,3
232,63,3
233,63,3
234,63,3
235,63,3
236,63,3
237,63,3
238,63,3
239,63,3
240,63,3
241,63,3
242,63,3
243,63,2
244,63,2
245,63,2
246,63,2
247,63,2
248,63,2
249,63,2
250,63,2
251,63,2
252,63,2
253,63,2
254,63,2
255,63,2
0,64,5
1,64,5
2,64,5
3,64,5
4,64,5
5,64,5
6,64,5
7,64,5
8,64,5
9,64,5
10,64,5
11,64,5
12,64,5
13,64,5
14,64,5
15,64,5
16,64,6
17,64,6
18,64,6
19,64,6
20,64,6
21,64,6
22,64,6
23,64,6
24,64,6
25,64,6
26,64,6
27,64,6
28,64,6
29,64,6
30,64,6
31,64,6
32,64,6
33,64,7
34,64,7
35,64,7
36,64,7
37,64,8
38,64,8
39,64,9
40,64,9
41,64,10
42,64,10
43,64,11
44,64,61
45,64,30
46,64,45
47,64,14
48,64,12
49,64,12
50,64,12
51,64,13
52,64,15
53,64,57
54,64,43
55,64,21
56,64,29
57,64,24
58,64,48
59,64,0
60,64,0
61,64,0
62,64,0
63,64,0
64,64,0
65,64,0
66,64,0
67,64,0
68,64,0
69,64,0
70,64,0
71,64,0
72,64,0
73,64,0
74,64,0
75,64,0
76,64,0
77,64,0
78,64,0
79,64,0
80,64,0
81,64,0
82,64,0
83,64,0
84,64,0
85,64,0
86,64,0
87,64,0
88,64,0
89,64,0
90,64,0
91,64,0
92,64,0
93,64,0
94,64,0
95,64,0
96,64,0
97,64,0
98,64,0
99,64,0
100,64,0
101,64,0
102,64,0
103,64,0
104,64,0
105,64,0
106,64,0
107,64,0
108,64,0
109,64,0
110,64,0
111,64,0
112,64,0
113,64,0
114,64,0
115,64,0
116,64,0
117,64,0
118,64,0
119,64,0
120,64,0
121,64,0
122,64,0
123,64,0
124,64,0
125,64,0
126,64,0
127,64,0
128,64,0
129,64,0
130,64,0
131,64,0
132,64,0
133,64,0
134,64,0
135,64,0
136,64,0
137,64,0
138,64,0
139,64,0
140,64,0
141,64,0
142,64,0
143,64,0
144,64,0
145,64,0
146,64,0
147,64,0
148,64,0
149,64,0
150,64,0
151,64,0
152,64,0
153,64,0
154,64,0
155,64,0
156,64,0
157,64,0
158,64,0
159,64,0
160,64,0
161,64,0
162,64,0
163,64,0
164,64,0
165,64,0
166,64,0
167,64,0
168,64,61
169,64,34
170,64,30
171,64,16
172,64,13
173,64,12
174,64,10
175,64,9
176,64,8
177,64,8
178,64,7
179,64,7
180,64,7
181,64,7
182,64,6
183,64,6
184,64,6
185,64,6
186,64,6
187,64,5
188,64,5
189,64,5
190,64,5
191,64,5
192,64,5
193,64,5
194,64,5
195,64,4
196,64,4
197,64,4
198,64,4
199,64,4
200,64,4
201,64,4
202,64,4
203,64,4
204,64,3
205,64,3
206,64,3
207,64,3
208,64,3
209,64,3
210,64,3
211,64,3
212,64,3
213,64,3
214,64,3
215,64,3
216,64,3
217,64,3
218,64,3
219,64,3
220,64,3
221,64,3
222,64,3
223,64,3
224,64,3
225,64,3
226,64,3
227,64,3
228,64,3
229,64,3
230,64,3
231,64,3
232,64,3
233,64,3
234,64,3
235,64,3
236,64,3
237,64,3
238,64,3
239,64,3
240,64,3
241,64,3
242,64,3
243,64,2
244,64,2
245,64,2
246,64,2
247,64,2
248,64,2
249,64,2
250,64,2
251,64,2
252,64,2
253,64,2
254,64,2
255,64,2
0,65,5
1,65,5
2,65,5
3,65,5
4,65,5
5,65,5
6,65,5
7,65,5
8,65,5
9,65,5
10,65,5
11,65,5
12,65,5
13,65,5
14,65,6
15,65,6
16,65,6
17,65,6
18,65,6
19,65,6
20,65,6
21,65,6
22,65,6
23,65,6
24,65,6
25,65,6
26,65,6
27,65,6
28,65,6
29,65,6
30,65,6
31,65,6
32,65,7
33,65,7
34,65,7
35,65,7
36,65,8
37,65,9
38,65,9
39,65,10
40,65,10
41,65,11
42,65,13
43,65,14
44,65,18
45,65,35
46,65,19
47,65,15
48,65,13
49,65,13
50,65,13
51,65,14
52,65,23
53,65,35
54,65,59
55,65,0
56,65,0
57,65,30
58,65,50
59,65,0
60,65,0
61,65,0
62,65,0
63,65,0
64,65,0
65,65,0
66,65,0
67,65,0
68,65,0
69,65,0
70,65,0
71,65,0
72,65,0
73,65,0
74,65,0
75,65,0
76,65,0
77,65,0
78,65,0
79,65,0
80,65,0
81,65,0
82,65,0
83,65,0
84,65,0
85,65,0
86,65,0
87,65,0
88,65,0
89,65,0
90,65,0
91,65,0
92,65,0
93,65,0
94,65,0
95,65,0
96,65,0
97,65,0
98,65,0
99,65,0
100,65,0
101,65,0
102,65,0
103,65,0
104,65,0
105,65,0
106,65,0
107,65,0
108,65,0
109,65,0
110,65,0
111,65,0
112,65,0
113,65,0
114,65,0
115,65,0
116,65,0
117,65,0
118,65,0
119,65,0
120,65,0
121,65,0
122,65,0
123,65,0
124,65,0
125,65,0
126,65,0
127,65,0
128,65,0
129,65,0
130,65,0
131,65,0
132,65,0
133,65,0
134,65,0
135,65,0
136,65,0
137,65,0
138,65,0
139,65,0
140,65,0
141,65,0
142,65,0
143,65,0
144,65,0
145,65,0
146,65,0
147,65,0
148,65,0
149,65,0
150,65,0
151,65,0
152,65,0
153,65,0
154,65,0
155,65,0
156,65,0
157,65,0
158,65,0
159,65,0
160,65,0
161,65,0
162,65,0
163,65,39
164,65,13
165,65,49
166,65,29
167,65,50
168,65,25
169,65,46
170,65,61
171,65,12
172,65,11
173,65,10
174,65,10
175,65,9
176,65,8
177,65,8
178,65,7
179,65,7
180,65,7
181,65,7
182,65,6
183,65,6
184,65,6
185,65,6
186,65,6
187,65,6
188,65,5
189,65,5
190,65,5
191,65,5
192,65,5
193,65,5
194,65,5
195,65,4
196,65,4
197,65,4
198,65,4
199,65,4
200,65,4
201,65,4
202,65,4
203,65,4
204,65,4
205,65,3
206,65,3
207,65,3
208,65,3
209,65,3
210,65,3
211,65,3
212,65,3
213,65,3
214,65,3
215,65,3
216,65,3
217,65,3
218,65,3
219,65,3
220,65,3
221,65,3
222,65,3
223,65,3
224,65,3
225,65,3
226,65,3
227,65,3
228,65,3
229,65,3
230,65,3
231,65,3
232,65,3
233,65,3
234,65,3
235,65,3
236,65,3
237,65,3
238,65,3
239,65,3
240,65,3
241,65,3
242,65,3
243,65,3
244,65,2
245,65,2
246,65,2
247,65,2
248,65,2
249,65,2
250,65,2
251,65,2
252,65,2
253,65,2
254,65,2
255,65,2
0,66,5
1,66,5
2,66,5
3,66,5
4,66,5
5,66,5
6,66,5
7,66,5
8,66,5
9,66,5
10,66,5
11,66,5
12,66,5
13,66,6
14,66,6
15,66,6
16,66,6
17,66,6
18,66,6
19,66,6
20,66,6
21,66,6
22,66,6
23,66,6
24,66,6
25,66,6
26,66,6
27,66,6
28,66,6
29,66,6
30,66,6
31,66,7
32,66,7
33,66,7
34,66,7
35,66,8
36,66,8
37,66,11
38,66,13
39,66,28
40,66,13
41,66,13
42,66,21
43,66,18
44,66,48
45,66,43
46,66,18
47,66,16
48,66,15
49,66,14
50,66,14
51,66,15
52,66,16
53,66,55
54,66,36
55,66,0
56,66,0
57,66,0
58,66,0
59,66,0
60,66,0
61,66,0
62,66,0
63,66,0
64,66,0
65,66,0
66,66,0
67,66,0
68,66,0
69,66,0
70,66,0
71,66,0
72,66,0
73,66,0
74,66,0
75,66,0
76,66,0
77,66,0
78,66,0
79,66,0
80,66,0
81,66,0
82,66,0
83,66,0
84,66,0
85,66,0
86,66,0
87,66,0
88,66,0
89,66,0
90,66,0
91,66,0
92,66,0
93,66,0
94,66,0
95,66,0
96,66,0
97,66,0
98,66,0
99,66,0
100,66,0
101,66,0
102,66,0
103,66,0
104,66,0
105,66,0
106,66,0
107,66,0
108,66,0
109,66,0
110,66,0
111,66,0
112,66,0
113,66,0
114,66,0
115,66,0
116,66,0
117,66,0
118,66,0
119,66,0
120,66,0
121,66,0
122,66,0
123,66,0
124,66,0
125,66,0
126,66,0
127,66,0
128,66,0
129,66,0
130,66,0
131,66,0
132,66,0
133,66,0
134,66,0
135,66,0
136,66,0
137,66,0
138,66,0
139,66,0
140,66,0
141,66,0
142,66,0
143,66,0
144,66,0
145,66,0
146,66,0
147,66,0
148,66,0
149,66,0
150,66,0
151,66,0
152,66,0
153,66,0
154,66,0
155,66,0
156,66,0
157,66,0
158,66,0
159,66,0
160,66,0
161,66,0
162,66,0
163,66,0
164,66,28
165,66,23
166,66,20
167,66,18
168,66,16
169,66,14
170,66,13
171,66,11
172,66,11
173,66,10
174,66,9
175,66,9
176,66,8
177,66,8
178,66,7
179,66,7
180,66,7
181,66,7
182,66,6
183,66,6
184,66,6
185,66,6
186,66,6
187,66,6
188,66,5
189,66,5
190,66,5
191,66,5
192,66,5
193,66,5
194,66,5
195,66,5
196,66,4
197,66,4
198,66,4
199,66,4
200,66,4
201,66,4
202,66,4
203,66,4
204,66,4
205,66,3
206,66,3
207,66,3
208,66,3
209,66,3
210,66,3
211,66,3
212,66,3
213,66,3
214,66,3
215,66,3
216,66,3
217,66,3
218,66,3
219,66,3
220,66,3
221,66,3
222,66,3
223,66,3
224,66,3
225,66,3
226,66,3
227,66,3
228,66,3
229,66,3
230,66,3
231,66,3
232,66,3
233,66,3
234,66,3
235,66,3
236,66,3
237,66,3
238,66,3
239,66,3
240,66,3
241,66,3
242,66,3
243,66,3
244,66,2
245,66,2
246,66,2
247,66,2
248,66,2
249,66,2
250,66,2
251,66,2
252,66,2
253,66,2
254,66,2
255,66,2
0,67,5
1,67,5
2,67,5
3,67,5
4,67,5
5,67,5
6,67,5
7,67,5
8,67,5
9,67,5
10,67,5
11,67,6
12,67,6
13,67,6
14,67,6
15,67,6
16,67,6
17,67,6
18,67,6
19,67,6
20,67,6
21,67,6
22,67,6
23,67,6
24,67,6
25,67,6
26,67,6
27,67,6
28,67,6
29,67,7
30,67,7
31,67,7
32,67,7
33,67,7
34,67,7
35,67,8
36,67,9
37,67,11
38,67,26
39,67,26
40,67,17
41,67,21
42,67,24
43,67,25
44,67,48
45,67,22
46,67,19
47,67,18
48,67,23
49,67,19
50,67,17
51,67,16
52,67,18
53,67,21
54,67,47
55,67,0
56,67,0
57,67,0
58,67,0
59,67,0
60,67,0
61,67,0
62,67,0
63,67,0
64,67,0
65,67,0
66,67,0
67,67,0
68,67,0
69,67,0
70,67,0
71,67,0
72,67,0
73,67,0
74,67,0
75,67,0
76,67,0
77,67,0
78,67,0
79,67,0
80,67,0
81,67,0
82,67,0
83,67,0
84,67,0
85,67,0
86,67,0
87,67,0
88,67,0
89,67,0
90,67,0
91,67,0
92,67,0
93,67,0
94,67,0
95,67,0
96,67,0
97,67,0
98,67,0
99,67,0
100,67,0
101,67,0
102,67,0
103,67,0
104,67,0
105,67,0
106,67,0
107,67,0
108,67,0
109,67,0
110,67,0
111,67,0
112,67,0
113,67,0
114,67,0
115,67,0
116,67,0
117,67,0
118,67,0
119,67,0
120,67,0
121,67,0
122,67,0
123,67,0
124,67,0
125,67,0
126,67,0
127,67,0
128,67,0
129,67,0
130,67,0
131,67,0
132,67,0
133,67,0
134,67,0
135,67,0
136,67,0
137,67,0
138,67,0
139,67,0
140,67,0
141,67,0
142,67,0
143,67,0
144,67,0
145,67,0
146,67,0
147,67,0
148,67,0
149,67,0
150,67,0
151,67,0
152,67,0
153,67,0
154,67,0
155,67,0
156,67,0
157,67,0
158,67,0
159,67,0
160,67,0
161,67,0
162,67,0
163,67,0
164,67,0
165,67,0
166,67,20
167,67,17
168,67,15
169,67,14
170,67,13
171,67,11
172,67,11
173,67,10
174,67,9
175,67,9
176,67,8
177,67,8
178,67,7
179,67,7
180,67,7
181,67,7
182,67,7
183,67,6
184,67,6
185,67,6
186,67,6
187,67,6
188,67,5
189,67,5
190,67,5
191,67,5
192,67,5
193,67,5
194,67,5
195,67,5
196,67,4
197,67,4
198,67,4
199,67,4
200,67,4
201,67,4
202,67,4
203,67,4
204,67,4
205,67,3
206,67,3
207,67,3
208,67,3
209,67,3
210,67,3
211,67,3
212,67,3
213,67,3
214,67,3
215,67,3
216,67,3
217,67,3
218,67,3
219,67,3
220,67,3
221,67,3
222,67,3
223,67,3
224,67,3
225,67,3
226,67,3
227,67,3
228,67,3
229,67,3
230,67,3
231,67,3
232,67,3
233,67,3
234,67,3
235,67,3
236,67,3
237,67,3
238,67,3
239,67,3
240,67,3
241,67,3
242,67,3
243,67,3
244,67,2
245,67,2
246,67,2
247,67,2
248,67,2
249,67,2
250,67,2
251,67,2
252,67,2
253,67,2
254,67,2
255,67,2
0,68,5
1,68,5
2,68,5
3,68,5
4,68,5
5,68,5
6,68,5
7,68,5
8,68,5
9,68,6
10,68,6
11,68,6
12,68,6
13,68,6
14,68,6
15,68,6
16,68,6
17,68,6
18,68,6
19,68,6
20,68,6
21,68,6
22,68,6
23,68,6
24,68,6
25,68,6
26,68,6
27,68,6
28,68,7
29,68,7
30,68,7
31,68,7
32,68,7
33,68,7
34,68,8
35,68,8
36,68,9
37,68,10
38,68,12
39,68,15
40,68,44
41,68,51
42,68,16
43,68,55
44,68,28
45,68,24
46,68,22
47,68,27
48,68,47
49,68,41
50,68,50
51,68,19
52,68,19
53,68,6
54,68,30
55,68,46
56,68,0
57,68,0
58,68,0
59,68,0
60,68,0
61,68,0
62,68,0
63,68,0
64,68,0
65,68,0
66,68,0
67,68,0
68,68,0
69,68,0
70,68,0
71,68,0
72,68,0
73,68,0
74,68,0
75,68,0
76,68,0
77,68,0
78,68,0
79,68,0
80,68,0
81,68,0
82,68,0
83,68,0
84,68,0
85,68,0
86,68,0
87,68,0
88,68,0
89,68,0
90,68,0
91,68,0
92,68,0
93,68,0
94,68,0
95,68,0
96,68,0
97,68,0
98,68,0
99,68,0
100,68,0
101,68,0
102,68,0
103,68,0
104,68,0
105,68,0
106,68,0
107,68,0
108,68,0
109,68,0
110,68,0
111,68,0
112,68,0
113,68,0
114,68,0
115,68,0
116,68,0
117,68,0
118,68,0
119,68,0
120,68,0
121,68,0
122,68,0
123,68,0
124,68,0
125,68,0
126,68,0
127,68,0
128,68,0
129,68,0
130,68,0
131,68,0
132,68,0
133,68,0
134,68,0
135,68,0
136,68,0
137,68,0
138,68,0
139,68,0
140,68,0
141,68,0
142,68,0
143,68,0
144,68,0
145,68,0
146,68,0
147,68,0
148,68,0
149,68,0
150,68,0
151,68,0
152,68,0
153,68,0
154,68,0
155,68,0
156,68,0
157,68,0
158,68,0
159,68,0
160,68,0
161,68,0
162,68,0
163,68,0
164,68,0
165,68,56
166,68,31
167,68,19
168,68,16
169,68,14
170,68,13
171,68,12
172,68,11
173,68,10
174,68,10
175,68,9
176,68,8
177,68,8
178,68,8
179,68,7
180,68,7
181,68,7
182,68,7
183,68,6
184,68,6
185,68,6
186,68,6
187,68,6
188,68,6
189,68,5
190,68,5
191,68,5
192,68,5
193,68,5
194,68,5
195,68,5
196,68,4
197,68,4
198,68,4
199,68,4
200,68,4
201,68,4
202,68,4
203,68,4
204,68,4
205,68,4
206,68,3
207,68,3
208,68,3
209,68,3
210,68,3
211,68,3
212,68,3
213,68,3
214,68,3
215,68,3
216,68,3
217,68,3
218,68,3
219,68,3
220,68,3
221,68,3
222,68,3
223,68,3
224,68,3
225,68,3
226,68,3
227,68,3
228,68,3
229,68,3
230,68,3
231,68,3
232,68,3
233,68,3
234,68,3
235,68,3
236,68,3
237,68,3
238,68,3
239,68,3
240,68,3
241,68,3
242,68,3
243,68,3
244,68,3
245,68,2
246,68,2
247,68,2
248,68,2
249,68,2
250,68,2
251,68,2
252,68,2
253,68,2
254,68,2
255,68,2
0,69,5
1,69,5
2,69,5
3,69,5
4,69,5
5,69,5
6,69,5
7,69,6
8,69,6
9,69,6
10,69,6
11,69,6
12,69,6
13,69,6
14,69,6
15,69,6
16,69,6
17,69,6
18,69,6
19,69,6
20,69,6
21,69,6
22,69,6
23,69,6
24,69,6
25,69,6
26,69,7
27,69,7
28,69,7
29,69,7
30,69,7
31,69,7
32,69,7
33,69,8
34,69,8
35,69,8
36,69,9
37,69,10
38,69,11
39,69,16
40,69,23
41,69,15
42,69,43
43,69,3
44,69,0
45,69,38
46,69,45
47,69,0
48,69,51
49,69,0
50,69,12
51,69,22
52,69,23
53,69,51
54,69,0
55,69,0
56,69,0
57,69,0
58,69,0
59,69,0
60,69,0
61,69,0
62,69,0
63,69,0
64,69,0
65,69,0
66,69,0
67,69,0
68,69,0
69,69,0
70,69,0
71,69,0
72,69,0
73,69,0
74,69,0
75,69,0
76,69,0
77,69,0
78,69,0
79,69,0
80,69,0
81,69,0
82,69,0
83,69,0
84,69,0
85,69,0
86,69,0
87,69,0
88,69,0
89,69,0
90,69,0
91,69,0
92,69,0
93,69,0
94,69,0
95,69,0
96,69,0
97,69,0
98,69,0
99,69,0
100,69,0
101,69,0
102,69,0
103,69,0
104,69,0
105,69,0
106,69,0
107,69,0
108,69,0
109,69,0
110,69,0
111,69,0
112,69,0
113,69,0
114,69,0
115,69,0
116,69,0
117,69,0
118,69,0
119,69,0
120,69,0
121,69,0
122,69,0
123,69,0
124,69,0
125,69,0
126,69,0
127,69,0
128,69,0
129,69,0
130,69,0
131,69,0
132,69,0
133,69,0
134,69,0
135,69,0
136,69,0
137,69,0
138,69,0
139,69,0
140,69,0
141,69,0
142,69,0
143,69,0
144,69,0
145,69,0
146,69,0
147,69,0
148,69,0
149,69,0
150,69,0
151,69,0
152,69,0
153,69,0
154,69,0
155,69,0
156,69,0
157,69,0
158,69,0
159,69,0
160,69,0
161,69,0
162,69,0
163,69,0
164,69,0
165,69,0
166,69,0
167,69,24
168,69,46
169,69,50
170,69,13
171,69,12
172,69,12
173,69,11
174,69,10
175,69,9
176,69,8
177,69,8
178,69,8
179,69,7
180,69,7
181,69,7
182,69,7
183,69,7
184,69,6
185,69,6
186,69,6
187,69,6
188,69,6
189,69,5
190,69,5
191,69,5
192,69,5
193,69,5
194,69,5
195,69,5
196,69,4
197,69,4
198,69,4
199,69,4
200,69,4
201,69,4
202,69,4
203,69,4
204,69,4
205,69,4
206,69,3
207,69,3
208,69,3
209,69,3
210,69,3
211,69,3
212,69,3
213,69,3
214,69,3
215,69,3
216,69,3
217,69,3
218,69,3
219,69,3
220,69,3
221,69,3
222,69,3
223,69,3
224,69,3
225,69,3
226,69,3
227,69,3
228,69,3
229,69,3
230,69,3
231,69,3
232,69,3
233,69,3
234,69,3
235,69,3
236,69,3
237,69,3
238,69,3
239,69,3
240,69,3
241,69,3
242,69,3
243,69,3
244,69,3
245,69,2
246,69,2
247,69,2
248,69,2
249,69,2
250,69,2
251,69,2
252,69,2
253,69,2
254,69,2
255,69,2
0,70,5
1,70,5
2,70,5
3,70,5
4,70,6
5,70,6
6,70,6
7,70,6
8,70,6
9,70,6
10,70,6
11,70,6
12,70,6
13,70,6
14,70,6
15,70,6
16,70,6
17,70,6
18,70,6
19,70,6
20,70,6
21,70,6
22,70,6
23,70,6
24,70,7
25,70,7
26,70,7
27,70,7
28,70,7
29,70,7
30,70,7
31,70,7
32,70,8
33,70,8
34,70,8
35,70,9
36,70,9
37,70,9
38,70,12
39,70,34
40,70,35
41,70,24
42,70,10
43,70,30
44,70,44
45,70,0
46,70,0
47,70,0
48,70,0
49,70,0
50,70,55
51,70,31
52,70,26
53,70,48
54,70,0
55,70,0
56,70,0
57,70,0
58,70,0
59,70,0
60,70,0
61,70,0
62,70,0
63,70,0
64,70,0
65,70,0
66,70,0
67,70,0
68,70,0
69,70,0
70,70,0
71,70,0
72,70,0
73,70,0
74,70,0
75,70,0
76,70,0
77,70,0
78,70,0
79,70,0
80,70,0
81,70,0
82,70,0
83,70,0
84,70,0
85,70,0
86,70,0
87,70,0
88,70,0
89,70,0
90,70,0
91,70,0
92,70,0
93,70,0
94,70,0
95,70,0
96,70,0
97,70,0
98,70,0
99,70,0
100,70,0
101,70,0
102,70,0
103,70,0
104,70,0
105,70,0
106,70,0
107,70,0
108,70,0
109,70,0
110,70,0
111,70,0
112,70,0
113,70,0
114,70,0
115,70,0
116,70,0
117,70,0
118,70,0
119,70,0
120,70,0
121,70,0
122,70,0
123,70,0
124,70,0
125,70,0
126,70,0
127,70,0
128,70,0
129,70,0
130,70,0
131,70,0
132,70,0
133,70,0
134,70,0
135,70,0
136,70,0
137,70,0
138,70,0
139,70,0
140,70,0
141,70,0
142,70,0
143,70,0
144,70,0
145,70,0
146,70,0
147,70,0
148,70,0
149,70,0
150,70,0
151,70,0
152,70,0
153,70,0
154,70,0
155,70,0
156,70,0
157,70,0
158,70,0
159,70,0
160,70,0
161,70,0
162,70,0
163,70,0
164,70,0
165,70,0
166,70,0
167,70,9
168,70,61
169,70,47
170,70,15
171,70,13
172,70,13
173,70,15
174,70,11
175,70,9
176,70,9
177,70,8
178,70,8
179,70,8
180,70,7
181,70,7
182,70,7
183,70,7
184,70,7
185,70,6
186,70,6
187,70,6
188,70,6
189,70,5
190,70,5
191,70,5
192,70,5
193,70,5
194,70,5
195,70,5
196,70,4
197,70,4
198,70,4
199,70,4
200,70,4
201,70,4
202,70,4
203,70,4
204,70,4
205,70,4
206,70,3
207,70,3
208,70,3
209,70,3
210,70,3
211,70,3
212,70,3
213,70,3
214,70,3
215,70,3
216,70,3
217,70,3
218,70,3
219,70,3
220,70,3
221,70,3
222,70,3
223,70,3
224,70,3
225,70,3
226,70,3
227,70,3
228,70,3
229,70,3
230,70,3
231,70,3
232,70,3
233,70,3
234,70,3
235,70,3
236,70,3
237,70,3
238,70,3
239,70,3
240,70,3
241,70,3
242,70,3
243,70,3
244,70,3
245,70,3
246,70,2
247,70,2
248,70,2
249,70,2
250,70,2
251,70,2
252,70,2
253,70,2
254,70,2
255,70,2
0,71,6
1,71,6
2,71,6
3,71,6
4,71,6
5,71,6
6,71,6
7,71,6
8,71,6
9,71,6
10,71,6
11,71,6
12,71,6
13,71,6
14,71,6
15,71,6
16,71,6
17,71,6
18,71,6
19,71,6
20,71,6
21,71,7
22,71,7
23,71,7
24,71,7
25,71,7
26,71,7
27,71,7
28,71,7
29,71,7
30,71,7
31,71,8
32,71,8
33,71,8
34,71,8
35,71,9
36,71,9
37,71,9
38,71,11
39,71,14
40,71,16
41,71,23
42,71,55
43,71,25
44,71,46
45,71,0
46,71,0
47,71,0
48,71,0
49,71,0
50,71,0
51,71,0
52,71,35
53,71,0
54,71,0
55,71,0
56,71,0
57,71,0
58,71,0
59,71,0
60,71,0
61,71,0
62,71,0
63,71,0
64,71,0
65,71,0
66,71,0
67,71,0
68,71,0
69,71,0
70,71,0
71,71,0
72,71,0
73,71,0
74,71,0
75,71,0
76,71,0
77,71,0
78,71,0
79,71,0
80,71,0
81,71,0
82,71,0
83,71,0
84,71,0
85,71,0
86,71,0
87,71,0
88,71,0
89,71,0
90,71,0
91,71,0
92,71,0
93,71,0
94,71,0
95,71,0
96,71,0
97,71,0
98,71,0
99,71,0
100,71,0
101,71,0
102,71,0
103,71,0
104,71,0
105,71,0
106,71,0
107,71,0
108,71,0
109,71,0
110,71,0
111,71,0
112,71,0
113,71,0
114,71,0
115,71,0
116,71,0
117,71,0
118,71,0
119,71,0
120,71,0
121,71,0
122,71,0
123,71,0
124,71,0
125,71,0
126,71,0
127,71,0
128,71,0
129,71,0
130,71,0
131,71,0
132,71,0
133,71,0
134,71,0
135,71,0
136,71,0
137,71,0
138,71,0
139,71,0
140,71,0
141,71,0
142,71,0
143,71,0
144,71,0
145,71,0
146,71,0
147,71,0
148,71,0
149,71,0
150,71,0
151,71,0
152,71,0
153,71,0
154,71,0
155,71,0
156,71,0
157,71,0
158,71,0
159,71,0
160,71,0
161,71,0
162,71,0
163,71,0
164,71,0
165,71,0
166,71,0
167,71,0
168,71,1
169,71,19
170,71,16
171,71,19
172,71,19
173,71,24
174,71,14
175,71,10
176,71,9
177,71,8
178,71,8
179,71,8
180,71,8
181,71,7
182,71,7
183,71,7
184,71,7
185,71,7
186,71,6
187,71,6
188,71,6
189,71,6
190,71,5
191,71,5
192,71,5
193,71,5
194,71,5
195,71,5
196,71,4
197,71,4
198,71,4
199,71,4
200,71,4
201,71,4
202,71,4
203,71,4
204,71,4
205,71,4
206,71,4
207,71,3
208,71,3
209,71,3
210,71,3
211,71,3
212,71,3
213,71,3
214,71,3
215,71,3
216,71,3
217,71,3
218,71,3
219,71,3
220,71,3
221,71,3
222,71,3
223,71,3
224,71,3
225,71,3
226,71,3
227,71,3
228,71,3
229,71,3
230,71,3
231,71,3
232,71,3
233,71,3
234,71,3
235,71,3
236,71,3
237,71,3
238,71,3
239,71,3
240,71,3
241,71,3
242,71,3
243,71,3
244,71,3
245,71,3
246,71,2
247,71,2
248,71,2
249,71,2
250,71,2
251,71,2
252,71,2
253,71,2
254,71,2
255,71,2
0,72,6
1,72,6
2,72,6
3,72,6
4,72,6
5,72,6
6,72,6
7,72,6
8,72,6
9,72,6
10,72,6
11,72,6
12,72,6
13,72,6
14,72,6
15,72,6
16,72,6
17,72,6
18,72,7
19,72,7
20,72,7
21,72,7
22,72,7
23,72,7
24,72,7
25,72,7
26,72,7
27,72,7
28,72,7
29,72,7
30,72,7
31,72,8
32,72,8
33,72,8
34,72,8
35,72,9
36,72,9
37,72,9
38,72,11
39,72,11
40,72,14
41,72,47
42,72,19
43,72,20
44,72,28
45,72,41
46,72,0
47,72,0
48,72,0
49,72,0
50,72,0
51,72,0
52,72,0
53,72,0
54,72,0
55,72,0
56,72,0
57,72,0
58,72,0
59,72,0
60,72,0
61,72,0
62,72,0
63,72,0
64,72,0
65,72,0
66,72,0
67,72,0
68,72,0
69,72,0
70,72,0
71,72,0
72,72,0
73,72,0
74,72,0
75,72,0
76,72,0
77,72,0
78,72,0
79,72,0
80,72,0
81,72,0
82,72,0
83,72,0
84,72,0
85,72,0
86,72,0
87,72,0
88,72,0
89,72,0
90,72,0
91,72,0
92,72,0
93,72,0
94,72,0
95,72,0
96,72,0
97,72,0
98,72,0
99,72,0
100,72,0
101,72,0
102,72,0
103,72,0
104,72,0
105,72,0
106,72,0
107,72,0
108,72,0
109,72,0
110,72,0
111,72,0
112,72,0
113,72,0
114,72,0
115,72,0
116,72,0
117,72,0
118,72,0
119,72,0
120,72,0
121,72,0
122,72,0
123,72,0
124,72,0
125,72,0
126,72,0
127,72,0
128,72,0
129,72,0
130,72,0
131,72,0
132,72,0
133,72,0
134,72,0
135,72,0
136,72,0
137,72,0
138,72,0
139,72,0
140,72,0
141,72,0
142,72,0
143,72,0
144,72,0
145,72,0
146,72,0
147,72,0
148,72,0
149,72,0
150,72,0
151,72,0
152,72,0
153,72,0
154,72,0
155,72,0
156,72,0
157,72,0
158,72,0
159,72,0
160,72,0
161,72,0
162,72,0
163,72,0
164,72,0
165,72,0
166,72,0
167,72,0
168,72,0
169,72,23
170,72,48
171,72,21
172,72,60
173,72,60
174,72,15
175,72,11
176,72,9
177,72,9
178,72,8
179,72,8
180,72,8
181,72,8
182,72,8
183,72,7
184,72,7
185,72,7
186,72,7
187,72,6
188,72,6
189,72,6
190,72,5
191,72,5
192,72,5
193,72,5
194,72,5
195,72,5
196,72,4
197,72,4
198,72,4
199,72,4
200,72,4
201,72,4
202,72,4
203,72,4
204,72,4
205,72,4
206,72,4
207,72,3
208,72,3
209,72,3
210,72,3
211,72,3
212,72,3
213,72,3
214,72,3
215,72,3
216,72,3
217,72,3
218,72,3
219,72,3
220,72,3
221,72,3
222,72,3
223,72,3
224,72,3
225,72,3
226,72,3
227,72,3
228,72,3
229,72,3
230,72,3
231,72,3
232,72,3
233,72,3
234,72,3
235,72,3
236,72,3
237,72,3
238,72,3
239,72,3
240,72,3
241,72,3
242,72,3
243,72,3
244,72,3
245,72,3
246,72,2
247,72,2
248,72,2
249,72,2
250,72,2
251,72,2
252,72,2
253,72,2
254,72,2
255,72,2
0,73,6
1,73,6
2,73,6
3,73,6
4,73,6
5,73,6
6,73,6
7,73,6
8,73,6
9,73,6
10,73,6
11,73,6
12,73,6
13,73,6
14,73,7
15,73,7
16,73,7
17,73,7
18,73,7
19,73,7
20,73,7
21,73,7
22,73,7
23,73,7
24,73,7
25,73,7
26,73,7
27,73,7
28,73,7
29,73,7
30,73,8
31,73,8
32,73,8
33,73,8
34,73,8
35,73,9
36,73,9
37,73,10
38,73,10
39,73,11
40,73,12
41,73,14
42,73,16
43,73,51
44,73,32
45,73,41
46,73,0
47,73,0
48,73,0
49,73,0
50,73,0
51,73,0
52,73,0
53,73,0
54,73,0
55,73,0
56,73,0
57,73,0
58,73,0
59,73,0
60,73,0
61,73,0
62,73,0
63,73,0
64,73,0
65,73,0
66,73,0
67,73,0
68,73,0
69,73,0
70,73,0
71,73,0
72,73,0
73,73,0
74,73,0
75,73,0
76,73,0
77,73,0
78,73,0
79,73,0
80,73,0
81,73,0
82,73,0
83,73,0
84,73,0
85,73,0
86,73,0
87,73,0
88,73,0
89,73,0
90,73,0
91,73,0
92,73,0
93,73,0
94,73,0
95,73,0
96,73,0
97,73,0
98,73,0
99,73,0
100,73,0
101,73,0
102,73,0
103,73,0
104,73,0
105,73,0
106,73,0
107,73,0
108,73,0
109,73,0
110,73,0
111,73,0
112,73,0
113,73,0
114,73,0
115,73,0
116,73,0
117,73,0
118,73,0
119,73,0
120,73,0
121,73,0
122,73,0
123,73,0
124,73,0
125,73,0
126,73,0
127,73,0
128,73,0
129,73,0
130,73,0
131,73,0
132,73,0
133,73,0
134,73,0
135,73,0
136,73,0
137,73,0
138,73,0
139,73,0
140,73,0
141,73,0
142,73,0
143,73,0
144,73,0
145,73,0
146,73,0
147,73,0
148,73,0
149,73,0
150,73,0
151,73,0
152,73,0
153,73,0
154,73,0
155,73,0
156,73,0
157,73,0
158,73,0
159,73,0
160,73,0
161,73,0
162,73,0
163,73,0
164,73,0
165,73,0
166,73,0
167,73,0
168,73,0
169,73,31
170,73,0
171,73,39
172,73,19
173,73,16
174,73,44
175,73,11
176,73,10
177,73,9
178,73,9
179,73,8
180,73,8
181,73,8
182,73,8
183,73,8
184,73,8
185,73,7
186,73,7
187,73,6
188,73,6
189,73,6
190,73,5
191,73,5
192,73,5
193,73,5
194,73,5
195,73,5
196,73,4
197,73,4
198,73,4
199,73,4
200,73,4
201,73,4
202,73,4
203,73,4
204,73,4
205,73,4
206,73,4
207,73,3
208,73,3
209,73,3
210,73,3
211,73,3
212,73,3
213,73,3
214,73,3
215,73,3
216,73,3
217,73,3
218,73,3
219,73,3
220,73,3
221,73,3
222,73,3
223,73,3
224,73,3
225,73,3
226,73,3
227,73,3
228,73,3
229,73,3
230,73,3
231,73,3
232,73,3
233,73,3
234,73,3
235,73,3
236,73,3
237,73,3
238,73,3
239,73,3
240,73,3
241,73,3
242,73,3
243,73,3
244,73,3
245,73,3
246,73,3
247,73,2
248,73,2
249,73,2
250,73,2
251,73,2
252,73,2
253,73,2
254,73,2
255,73,2
0,74,6
1,74,6
2,74,6
3,74,6
4,74,6
5,74,6
6,74,6
7,74,7
8,74,7
9,74,7
10,74,7
11,74,7
12,74,7
13,74,7
14,74,7
15,74,7
16,74,7
17,74,7
18,74,7
19,74,7
20,74,7
21,74,7
22,74,7
23,74,7
24,74,7
25,74,7
26,74,7
27,74,7
28,74,7
29,74,8
30,74,8
31,74,8
32,74,8
33,74,8
34,74,8
35,74,9
36,74,9
37,74,10
38,74,10
39,74,11
40,74,12
41,74,13
42,74,14
43,74,18
44,74,47
45,74,62
46,74,0
47,74,0
48,74,0
49,74,0
50,74,0
51,74,0
52,74,0
53,74,0
54,74,0
55,74,0
56,74,0
57,74,0
58,74,0
59,74,0
60,74,0
61,74,0
62,74,0
63,74,0
64,74,0
65,74,0
66,74,0
67,74,0
68,74,0
69,74,0
70,74,0
71,74,0
72,74,0
73,74,0
74,74,0
75,74,0
76,74,0
77,74,0
78,74,0
79,74,0
80,74,0
81,74,0
82,74,0
83,74,0
84,74,0
85,74,0
86,74,0
87,74,0
88,74,0
89,74,0
90,74,0
91,74,0
92,74,0
93,74,0
94,74,0
95,74,0
96,74,0
97,74,0
98,74,0
99,74,0
100,74,0
101,74,0
102,74,0
103,74,0
104,74,0
105,74,0
106,74,0
107,74,0
108,74,0
109,74,0
110,74,0
111,74,0
112,74,0
113,74,0
114,74,0
115,74,0
116,74,0
117,74,0
118,74,0
119,74,0
120,74,0
121,74,0
122,74,0
123,74,0
124,74,0
125,74,0
126,74,0
127,74,0
128,74,0
129,74,0
130,74,0
131,74,0
132,74,0
133,74,0
134,74,0
135,74,0
136,74,0
137,74,0
138,74,0
139,74,0
140,74,0
141,74,0
142,74,0
143,74,0
144,74,0
145,74,0
146,74,0
147,74,0
148,74,0
149,74,0
150,74,0
151,74,0
152,74,0
153,74,0
154,74,0
155,74,0
156,74,0
157,74,0
158,74,0
159,74,0
160,74,0
161,74,0
162,74,0
163,74,0
164,74,0
165,74,0
166,74,0
167,74,0
168,74,0
169,74,53
170,74,0
171,74,0
172,74,59
173,74,55
174,74,15
175,74,11
176,74,10
177,74,10
178,74,9
179,74,9
180,74,8
181,74,8
182,74,8
183,74,8
184,74,8
185,74,9
186,74,8
187,74,7
188,74,6
189,74,6
190,74,6
191,74,5
192,74,5
193,74,5
194,74,5
195,74,5
196,74,4
197,74,4
198,74,4
199,74,4
200,74,4
201,74,4
202,74,4
203,74,4
204,74,4
205,74,4
206,74,4
207,74,4
208,74,3
209,74,3
210,74,3
211,74,3
212,74,3
213,74,3
214,74,3
215,74,3
216,74,3
217,74,3
218,74,3
219,74,3
220,74,3
221,74,3
222,74,3
223,74,3
224,74,3
225,74,3
226,74,3
227,74,3
228,74,3
229,74,3
230,74,3
231,74,3
232,74,3
233,74,3
234,74,3
235,74,3
236,74,3
237,74,3
238,74,3
239,74,3
240,74,3
241,74,3
242,74,3
243,74,3
244,74,3
245,74,3
246,74,3
247,74,2
248,74,2
249,74,2
250,74,2
251,74,2
252,74,2
253,74,2
254,74,2
255,74,2
0,75,7
1,75,7
2,75,7
3,75,7
4,75,7
5,75,7
6,75,7
7,75,7
8,75,7
9,75,7
10,75,7
11,75,7
12,75,7
13,75,7
14,75,7
15,75,7
16,75,7
17,75,7
18,75,7
19,75,7
20,75,7
21,75,7
22,75,7
23,75,7
24,75,7
25,75,7
26,75,7
27,75,7
28,75,8
29,75,8
30,75,8
31,75,8
32,75,8
33,75,8
34,75,8
35,75,9
36,75,9
37,75,10
38,75,10
39,75,11
40,75,12
41,75,13
42,75,14
43,75,20
44,75,29
45,75,27
46,75,57
47,75,38
48,75,0
49,75,0
50,75,0
51,75,0
52,75,0
53,75,0
54,75,0
55,75,0
56,75,0
57,75,0
58,75,0
59,75,0
60,75,0
61,75,0
62,75,0
63,75,0
64,75,0
65,75,0
66,75,0
67,75,0
68,75,0
69,75,0
70,75,0
71,75,0
72,75,0
73,75,0
74,75,0
75,75,0
76,75,0
77,75,0
78,75,0
79,75,0
80,75,0
81,75,0
82,75,0
83,75,0
84,75,0
85,75,0
86,75,0
87,75,0
88,75,0
89,75,0
90,75,0
91,75,0
92,75,0
93,75,0
94,75,0
95,75,0
96,75,0
97,75,0
98,75,0
99,75,0
100,75,0
101,75,0
102,75,0
103,75,0
104,75,0
105,75,0
106,75,0
107,75,0
108,75,0
109,75,0
110,75,0
111,75,0
112,75,0
113,75,0
114,75,0
115,75,0
116,75,0
117,75,0
118,75,0
119,75,0
120,75,0
121,75,0
122,75,0
123,75,0
124,75,0
125,75,0
126,75,0
127,75,0
128,75,0
129,75,0
130,75,0
131,75,0
132,75,0
133,75,0
134,75,0
135,75,0
136,75,0
137,75,0
138,75,0
139,75,0
140,75,0
141,75,0
142,75,0
143,75,0
144,75,0
145,75,0
146,75,0
147,75,0
148,75,0
149,75,0
150,75,0
151,75,0
152,75,0
153,75,0
154,75,0
155,75,0
156,75,0
157,75,0
158,75,0
159,75,0
160,75,0
161,75,0
162,75,0
163,75,0
164,75,0
165,75,0
166,75,0
167,75,0
168,75,0
169,75,0
170,75,0
171,75,0
172,75,54
173,75,27
174,75,14
175,75,11
176,75,11
177,75,10
178,75,10
179,75,9
180,75,9
181,75,9
182,75,9
183,75,9
184,75,9
185,75,11
186,75,18
187,75,8
188,75,7
189,75,6
190,75,6
191,75,5
192,75,5
193,75,5
194,75,5
195,75,5
196,75,5
197,75,4
198,75,4
199,75,4
200,75,4
201,75,4
202,75,4
203,75,4
204,75,4
205,75,4
206,75,4
207,75,4
208,75,3
209,75,3
210,75,3
211,75,3
212,75,3
213,75,3
214,75,3
215,75,3
216,75,3
217,75,3
218,75,3
219,75,3
220,75,3
221,75,3
222,75,3
223,75,3
224,75,3
225,75,3
226,75,3
227,75,3
228,75,3
229,75,3
230,75,3
231,75,3
232,75,3
233,75,3
234,75,3
235,75,3
236,75,3
237,75,3
238,75,3
239,75,3
240,75,3
241,75,3
242,75,3
243,75,3
244,75,3
245,75,3
246,75,3
247,75,2
248,75,2
249,75,2
250,75,2
251,75,2
252,75,2
253,75,2
254,75,2
255,75,2
0,76,7
1,76,7
2,76,7
3,76,7
4,76,7
5,76,7
6,76,7
7,76,7
8,76,7
9,76,7
10,76,7
11,76,7
12,76,7
13,76,7
14,76,7
15,76,7
16,76,7
17,76,7
18,76,7
19,76,7
20,76,7
21,76,7
22,76,7
23,76,7
24,76,7
25,76,7
26,76,7
27,76,8
28,76,8
29,76,8
30,76,8
31,76,8
32,76,8
33,76,8
34,76,9
35,76,9
36,76,10
37,76,10
38,76,10
39,76,11
40,76,12
41,76,13
42,76,14
43,76,15
44,76,18
45,76,20
46,76,28
47,76,30
48,76,37
49,76,0
50,76,0
51,76,0
52,76,0
53,76,0
54,76,0
55,76,0
56,76,0
57,76,0
58,76,0
59,76,0
60,76,0
61,76,0
62,76,0
63,76,0
64,76,0
65,76,0
66,76,0
67,76,0
68,76,0
69,76,0
70,76,0
71,76,0
72,76,0
73,76,0
74,76,0
75,76,0
76,76,0
77,76,0
78,76,0
79,76,0
80,76,0
81,76,0
82,76,0
83,76,0
84,76,0
85,76,0
86,76,0
87,76,0
88,76,0
89,76,0
90,76,0
91,76,0
92,76,0
93,76,0
94,76,0
95,76,0
96,76,0
97,76,0
98,76,0
99,76,0
100,76,0
101,76,0
102,76,0
103,76,0
104,76,0
105,76,0
106,76,0
107,76,0
108,76,0
109,76,0
110,76,0
111,76,0
112,76,0
113,76,0
114,76,0
115,76,0
116,76,0
117,76,0
118,76,0
119,76,0
120,76,0
121,76,0
122,76,0
123,76,0
124,76,0
125,76,0
126,76,0
127,76,0
128,76,0
129,76,0
130,76,0
131,76,0
132,76,0
133,76,0
134,76,0
135,76,0
136,76,0
137,76,0
138,76,0
139,76,0
140,76,0
141,76,0
142,76,0
143,76,0
144,76,0
145,76,0
146,76,0
147,76,0
148,76,0
149,76,0
150,76,0
151,76,0
152,76,0
153,76,0
154,76,0
155,76,0
156,76,0
157,76,0
158,76,0
159,76,0
160,76,0
161,76,0
162,76,0
163,76,0
164,76,0
165,76,0
166,76,0
167,76,0
168,76,0
169,76,0
170,76,0
171,76,27
172,76,20
173,76,16
174,76,13
175,76,12
176,76,11
177,76,11
178,76,10
179,76,10
180,76,9
181,76,9
182,76,9
183,76,10
184,76,10
185,76,11
186,76,17
187,76,10
188,76,8
189,76,6
190,76,6
191,76,5
192,76,5
193,76,5
194,76,5
195,76,5
196,76,5
197,76,4
198,76,4
199,76,4
200,76,4
201,76,4
202,76,4
203,76,4
204,76,4
205,76,4
206,76,4
207,76,4
208,76,3
209,76,3
210,76,3
211,76,3
212,76,3
213,76,3
214,76,3
215,76,3
216,76,3
217,76,3
218,76,3
219,76,3
220,76,3
221,76,3
222,76,3
223,76,3
224,76,3
225,76,3
226,76,3
227,76,3
228,76,3
229,76,3
230,76,3
231,76,3
232,76,3
233,76,3
234,76,3
235,76,3
236,76,3
237,76,3
238,76,3
239,76,3
240,76,3
241,76,3
242,76,3
243,76,3
244,76,3
245,76,3
246,76,3
247,76,3
248,76,2
249,76,2
250,76,2
251,76,2
252,76,2
253,76,2
254,76,2
255,76,2
0,77,8
1,77,8
2,77,7
3,77,7
4,77,7
5,77,7
6,77,7
7,77,7
8,77,7
9,77,7
10,77,7
11,77,7
12,77,7
13,77,7
14,77,7
15,77,7
16,77,7
17,77,7
18,77,7
19,77,7
20,77,7
21,77,7
22,77,7
23,77,7
24,77,7
25,77,7
26,77,8
27,77,8
28,77,8
29,77,8
30,77,8
31,77,8
32,77,8
33,77,8
34,77,9
35,77,9
36,77,10
37,77,10
38,77,11
39,77,12
40,77,13
41,77,14
42,77,15
43,77,15
44,77,17
45,77,21
46,77,24
47,77,0
48,77,0
49,77,0
50,77,0
51,77,0
52,77,0
53,77,0
54,77,0
55,77,0
56,77,0
57,77,0
58,77,0
59,77,0
60,77,0
61,77,0
62,77,0
63,77,0
64,77,0
65,77,0
66,77,0
67,77,0
68,77,0
69,77,0
70,77,0
71,77,0
72,77,0
73,77,0
74,77,0
75,77,0
76,77,0
77,77,0
78,77,0
79,77,0
80,77,0
81,77,0
82,77,0
83,77,0
84,77,0
85,77,0
86,77,0
87,77,0
88,77,0
89,77,0
90,77,0
91,77,0
92,77,0
93,77,0
94,77,0
95,77,0
96,77,0
97,77,0
98,77,0
99,77,0
100,77,0
101,77,0
102,77,0
103,77,0
104,77,0
105,77,0
106,77,0
107,77,0
108,77,0
109,77,0
110,77,0
111,77,0
112,77,0
113,77,0
114,77,0
115,77,0
116,77,0
117,77,0
118,77,0
119,77,0
120,77,0
121,77,0
122,77,0
123,77,0
124,77,0
125,77,0
126,77,0
127,77,0
128,77,0
129,77,0
130,77,0
131,77,0
132,77,0
133,77,0
134,77,0
135,77,0
136,77,0
137,77,0
138,77,0
139,77,0
140,77,0
141,77,0
142,77,0
143,77,0
144,77,0
145,77,0
146,77,0
147,77,0
148,77,0
149,77,0
150,77,0
151,77,0
152,77,0
153,77,0
154,77,0
155,77,0
156,77,0
157,77,0
158,77,0
159,77,0
160,77,0
161,77,0
162,77,0
163,77,0
164,77,0
165,77,0
166,77,0
167,77,0
168,77,0
169,77,0
170,77,0
171,77,0
172,77,12
173,77,39
174,77,14
175,77,13
176,77,13
177,77,14
178,77,12
179,77,11
180,77,10
181,77,10
182,77,10
183,77,10
184,77,11
185,77,13
186,77,16
187,77,17
188,77,8
189,77,7
190,77,6
191,77,6
192,77,5
193,77,5
194,77,5
195,77,5
196,77,5
197,77,4
198,77,4
199,77,4
200,77,4
201,77,4
202,77,4
203,77,4
204,77,4
205,77,4
206,77,4
207,77,4
208,77,4
209,77,3
210,77,3
211,77,3
212,77,3
213,77,3
214,77,3
215,77,3
216,77,3
217,77,3
218,77,3
219,77,3
220,77,3
221,77,3
222,77,3
223,77,3
224,77,3
225,77,3
226,77,3
227,77,3
228,77,3
229,77,3
230,77,3
231,77,3
232,77,3
233,77,3
234,77,3
235,77,3
236,77,3
237,77,3
238,77,3
239,77,3
240,77,3
241,77,3
242,77,3
243,77,3
244,77,3
245,77,3
246,77,3
247,77,3
248,77,2
249,77,2
250,77,2
251,77,2
252,77,2
253,77,2
254,77,2
255,77,2
0,78,8
1,78,8
2,78,8
3,78,8
4,78,7
5,78,7
6,78,7
7,78,7
8,78,7
9,78,7
10,78,7
11,78,7
12,78,7
13,78,7
14,78,7
15,78,7
16,78,7
17,78,7
18,78,7
19,78,7
20,78,7
21,78,7
22,78,7
23,78,7
24,78,7
25,78,8
26,78,8
27,78,8
28,78,8
29,78,8
30,78,8
31,78,8
32,78,8
33,78,9
34,78,9
35,78,10
36,78,10
37,78,11
38,78,35
39,78,41
40,78,41
41,78,16
42,78,15
43,78,17
44,78,24
45,78,49
46,78,30
47,78,0
48,78,0
49,78,0
50,78,0
51,78,0
52,78,0
53,78,0
54,78,0
55,78,0
56,78,0
57,78,0
58,78,0
59,78,0
60,78,0
61,78,0
62,78,0
63,78,0
64,78,0
65,78,0
66,78,0
67,78,0
68,78,0
69,78,0
70,78,0
71,78,0
72,78,0
73,78,0
74,78,0
75,78,0
76,78,0
77,78,0
78,78,0
79,78,0
80,78,0
81,78,0
82,78,0
83,78,0
84,78,0
85,78,0
86,78,0
87,78,0
88,78,0
89,78,0
90,78,0
91,78,0
92,78,0
93,78,0
94,78,0
95,78,0
96,78,0
97,78,0
98,78,0
99,78,0
100,78,0
101,78,0
102,78,0
103,78,0
104,78,0
105,78,0
106,78,0
107,78,0
108,78,0
109,78,0
110,78,0
111,78,0
112,78,0
113,78,0
114,78,0
115,78,0
116,78,0
117,78,0
118,78,0
119,78,0
120,78,0
121,78,0
122,78,0
123,78,0
124,78,0
125,78,0
126,78,0
127,78,0
128,78,0
129,78,0
130,78,0
131,78,0
132,78,0
133,78,0
134,78,0
135,78,0
136,78,0
137,78,0
138,78,0
139,78,0
140,78,0
141,78,0
142,78,0
143,78,0
144,78,0
145,78,0
146,78,0
147,78,0
148,78,0
149,78,0
150,78,0
151,78,0
152,78,0
153,78,0
154,78,0
155,78,0
156,78,0
157,78,0
158,78,0
159,78,0
160,78,0
161,78,0
162,78,0
163,78,0
164,78,0
165,78,0
166,78,0
167,78,0
168,78,0
169,78,0
170,78,0
171,78,11
172,78,0
173,78,0
174,78,15
175,78,14
176,78,14
177,78,17
178,78,22
179,78,19
180,78,12
181,78,11
182,78,11
183,78,12
184,78,14
185,78,33
186,78,19
187,78,15
188,78,8
189,78,7
190,78,6
191,78,6
192,78,5
193,78,5
194,78,5
195,78,5
196,78,5
197,78,4
198,78,4
199,78,4
200,78,4
201,78,4
202,78,4
203,78,4
204,78,4
205,78,4
206,78,4
207,78,4
208,78,4
209,78,3
210,78,3
211,78,3
212,78,3
213,78,3
214,78,3
215,78,3
216,78,3
217,78,3
218,78,3
219,78,3
220,78,3
221,78,3
222,78,3
223,78,3
224,78,3
225,78,3
226,78,3
227,78,3
228,78,3
229,78,3
230,78,3
231,78,3
232,78,3
233,78,3
234,78,3
235,78,3
236,78,3
237,78,3
238,78,3
239,78,3
240,78,3
241,78,3
242,78,3
243,78,3
244,78,3
245,78,3
246,78,3
247,78,3
248,78,3
249,78,2
250,78,2
251,78,2
252,78,2
253,78,2
254,78,2
255,78,2
0,79,8
1,79,8
2,79,8
3,79,8
4,79,8
5,79,7
6,79,7
7,79,7
8,79,7
9,79,7
10,79,7
11,79,7
12,79,7
13,79,7
14,79,7
15,79,7
16,79,7
17,79,7
18,79,7
19,79,7
20,79,7
21,79,7
22,79,7
23,79,8
24,79,8
25,79,8
26,79,8
27,79,8
28,79,8
29,79,8
30,79,8
31,79,8
32,79,8
33,79,9
34,79,10
35,79,10
36,79,11
37,79,12
38,79,17
39,79,0
40,79,21
41,79,18
42,79,17
43,79,19
44,79,62
45,79,0
46,79,0
47,79,0
48,79,0
49,79,0
50,79,0
51,79,0
52,79,0
53,79,0
54,79,0
55,79,0
56,79,0
57,79,0
58,79,0
59,79,0
60,79,0
61,79,0
62,79,0
63,79,0
64,79,0
65,79,0
66,79,0
67,79,0
68,79,0
69,79,0
70,79,0
71,79,0
72,79,0
73,79,0
74,79,0
75,79,0
76,79,0
77,79,0
78,79,0
79,79,0
80,79,0
81,79,0
82,79,0
83,79,0
84,79,0
85,79,0
86,79,0
87,79,0
88,79,0
89,79,0
90,79,0
91,79,0
92,79,0
93,79,0
94,79,0
95,79,0
96,79,0
97,79,0
98,79,0
99,79,0
100,79,0
101,79,0
102,79,0
103,79,0
104,79,0
105,79,0
106,79,0
107,79,0
108,79,0
109,79,0
110,79,0
111,79,0
112,79,0
113,79,0
114,79,0
115,79,0
116,79,0
117,79,0
118,79,0
119,79,0
120,79,0
121,79,0
122,79,0
123,79,0
124,79,0
125,79,0
126,79,0
127,79,0
128,79,0
129,79,0
130,79,0
131,79,0
132,79,0
133,79,0
134,79,0
135,79,0
136,79,0
137,79,0
138,79,0
139,79,0
140,79,0
141,79,0
142,79,0
143,79,0
144,79,0
145,79,0
146,79,0
147,79,0
148,79,0
149,79,0
150,79,0
151,79,0
152,79,0
153,79,0
154,79,0
155,79,0
156,79,0
157,79,0
158,79,0
159,79,0
160,79,0
161,79,0
162,79,0
163,79,0
164,79,0
165,79,0
166,79,0
167,79,0
168,79,0
169,79,0
170,79,0
171,79,0
172,79,37
173,79,21
174,79,17
175,79,17
176,79,17
177,79,18
178,79,24
179,79,35
180,79,16
181,79,12
182,79,12
183,79,17
184,79,50
185,79,38
186,79,13
187,79,10
188,79,8
189,79,7
190,79,6
191,79,6
192,79,5
193,79,5
194,79,5
195,79,5
196,79,5
197,79,4
198,79,4
199,79,4
200,79,4
201,79,4
202,79,4
203,79,4
204,79,4
205,79,4
206,79,4
207,79,4
208,79,4
209,79,3
210,79,3
211,79,3
212,79,3
213,79,3
214,79,3
215,79,3
216,79,3
217,79,3
218,79,3
219,79,3
220,79,3
221,79,3
222,79,3
223,79,3
224,79,3
225,79,3
226,79,3
227,79,3
228,79,3
229,79,3
230,79,3
231,79,3
232,79,3
233,79,3
234,79,3
235,79,3
236,79,3
237,79,3
238,79,3
239,79,3
240,79,3
241,79,3
242,79,3
243,79,3
244,79,3
245,79,3
246,79,3
247,79,3
248,79,3
249,79,2
250,79,2
251,79,2
252,79,2
253,79,2
254,79,2
255,79,2
0,80,9
1,80,8
2,80,8
3,80,8
4,80,8
5,80,8
6,80,8
7,80,7
8,80,7
9,80,7
10,80,7
11,80,7
12,80,7
13,80,7
14,80,7
15,80,7
16,80,7
17,80,7
18,80,7
19,80,7
20,80,7
21,80,7
22,80,8
23,80,8
24,80,8
25,80,8
26,80,8
27,80,8
28,80,8
29,80,8
30,80,8
31,80,8
32,80,9
33,80,9
34,80,10
35,80,12
36,80,13
37,80,17
38,80,21
39,80,56
40,80,23
41,80,22
42,80,20
43,80,21
44,80,14
45,80,0
46,80,0
47,80,0
48,80,0
49,80,0
50,80,0
51,80,0
52,80,0
53,80,0
54,80,0
55,80,0
56,80,0
57,80,0
58,80,0
59,80,0
60,80,0
61,80,0
62,80,0
63,80,0
64,80,0
65,80,0
66,80,0
67,80,0
68,80,0
69,80,0
70,80,0
71,80,0
72,80,0
73,80,0
74,80,0
75,80,0
76,80,0
77,80,0
78,80,0
79,80,0
80,80,0
81,80,0
82,80,0
83,80,0
84,80,0
85,80,0
86,80,0
87,80,0
88,80,0
89,80,0
90,80,0
91,80,0
92,80,0
93,80,0
94,80,0
95,80,0
96,80,0
97,80,0
98,80,0
99,80,0
100,80,0
101,80,0
102,80,0
103,80,0
104,80,0
105,80,0
106,80,0
107,80,0
108,80,0
109,80,0
110,80,0
111,80,0
112,80,0
113,80,0
114,80,0
115,80,0
116,80,0
117,80,0
118,80,0
119,80,0
120,80,0
121,80,0
122,80,0
123,80,0
124,80,0
125,80,0
126,80,0
127,80,0
128,80,0
129,80,0
130,80,0
131,80,0
132,80,0
133,80,0
134,80,0
135,80,0
136,80,0
137,80,0
138,80,0
139,80,0
140,80,0
141,80,0
142,80,0
143,80,0
144,80,0
145,80,0
146,80,0
147,80,0
148,80,0
149,80,0
150,80,0
151,80,0
152,80,0
153,80,0
154,80,0
155,80,0
156,80,0
157,80,0
158,80,0
159,80,0
160,80,0
161,80,0
162,80,0
163,80,0
164,80,0
165,80,0
166,80,0
167,80,0
168,80,0
169,80,0
170,80,0
171,80,0
172,80,0
173,80,21
174,80,20
175,80,23
176,80,43
177,80,18
178,80,23
179,80,27
180,80,20
181,80,14
182,80,14
183,80,15
184,80,18
185,80,21
186,80,11
187,80,9
188,80,8
189,80,7
190,80,6
191,80,6
192,80,5
193,80,5
194,80,5
195,80,5
196,80,5
197,80,4
198,80,4
199,80,4
200,80,4
201,80,4
202,80,4
203,80,4
204,80,4
205,80,4
206,80,4
207,80,4
208,80,4
209,80,3
210,80,3
211,80,3
212,80,3
213,80,3
214,80,3
215,80,3
216,80,3
217,80,3
218,80,3
219,80,3
220,80,3
221,80,3
222,80,3
223,80,3
224,80,3
225,80,3
226,80,3
227,80,3
228,80,3
229,80,3
230,80,3
231,80,3
232,80,3
233,80,3
234,80,3
235,80,3
236,80,3
237,80,3
238,80,3
239,80,3
240,80,3
241,80,3
242,80,3
243,80,3
244,80,3
245,80,3
246,80,3
247,80,3
248,80,3
249,80,2
250,80,2
251,80,2
252,80,2
253,80,2
254,80,2
255,80,2
0,81,10
1,81,9
2,81,9
3,81,8
4,81,8
5,81,8
6,81,8
7,81,8
8,81,8
9,81,7
10,81,7
11,81,7
12,81,7
13,81,7
14,81,7
15,81,7
16,81,7
17,81,7
18,81,7
19,81,7
20,81,8
21,81,8
22,81,8
23,81,8
24,81,8
25,81,8
26,81,8
27,81,8
28,81,8
29,81,8
30,81,8
31,81,9
32,81,9
33,81,10
34,81,15
35,81,39
36,81,18
37,81,37
38,81,36
39,81,33
40,81,26
41,81,0
42,81,48
43,81,27
44,81,7
45,81,0
46,81,0
47,81,0
48,81,0
49,81,0
50,81,0
51,81,0
52,81,0
53,81,0
54,81,0
55,81,0
56,81,0
57,81,0
58,81,0
59,81,0
60,81,0
61,81,0
62,81,0
63,81,0
64,81,0
65,81,0
66,81,0
67,81,0
68,81,0
69,81,0
70,81,0
71,81,0
72,81,0
73,81,0
74,81,0
75,81,0
76,81,0
77,81,0
78,81,0
79,81,0
80,81,0
81,81,0
82,81,0
83,81,0
84,81,0
85,81,0
86,81,0
87,81,0
88,81,0
89,81,0
90,81,0
91,81,0
92,81,0
93,81,0
94,81,0
95,81,0
96,81,0
97,81,0
98,81,0
99,81,0
100,81,0
101,81,0
102,81,0
103,81,0
104,81,0
105,81,0
106,81,0
107,81,0
108,81,0
109,81,0
110,81,0
111,81,0
112,81,0
113,81,0
114,81,0
115,81,0
116,81,0
117,81,0
118,81,0
119,81,0
120,81,0
121,81,0
122,81,0
123,81,0
124,81,0
125,81,0
126,81,0
127,81,0
128,81,0
129,81,0
130,81,0
131,81,0
132,81,0
133,81,0
134,81,0
135,81,0
136,81,0
137,81,0
138,81,0
139,81,0
140,81,0
141,81,0
142,81,0
143,81,0
144,81,0
145,81,0
146,81,0
147,81,0
148,81,0
149,81,0
150,81,0
151,81,0
152,81,0
153,81,0
154,81,0
155,81,0
156,81,0
157,81,0
158,81,0
159,81,0
160,81,0
161,81,0
162,81,0
163,81,0
164,81,0
165,81,0
166,81,0
167,81,0
168,81,0
169,81,0
170,81,0
171,81,0
172,81,0
173,81,0
174,81,25
175,81,0
176,81,0
177,81,0
178,81,0
179,81,29
180,81,20
181,81,19
182,81,16
183,81,17
184,81,46
185,81,16
186,81,12
187,81,10
188,81,9
189,81,7
190,81,6
191,81,6
192,81,5
193,81,5
194,81,5
195,81,5
196,81,5
197,81,4
198,81,4
199,81,4
200,81,4
201,81,4
202,81,4
203,81,4
204,81,4
205,81,4
206,81,4
207,81,4
208,81,4
209,81,4
210,81,3
211,81,3
212,81,3
213,81,3
214,81,3
215,81,3
216,81,3
217,81,3
218,81,3
219,81,3
220,81,3
221,81,3
222,81,3
223,81,3
224,81,3
225,81,3
226,81,3
227,81,3
228,81,3
229,81,3
230,81,3
231,81,3
232,81,3
233,81,3
234,81,3
235,81,3
236,81,3
237,81,3
238,81,3
239,81,3
240,81,3
241,81,3
242,81,3
243,81,3
244,81,3
245,81,3
246,81,3
247,81,3
248,81,3
249,81,2
250,81,2
251,81,2
252,81,2
253,81,2
254,81,2
255,81,2
0,82,10
1,82,9
2,82,9
3,82,9
4,82,9
5,82,8
6,82,8
7,82,8
8,82,8
9,82,8
10,82,8
11,82,8
12,82,8
13,82,7
14,82,7
15,82,8
16,82,8
17,82,8
18,82,8
19,82,8
20,82,8
21,82,8
22,82,8
23,82,8
24,82,8
25,82,8
26,82,8
27,82,8
28,82,8
29,82,9
30,82,9
31,82,9
32,82,10
33,82,10
34,82,12
35,82,16
36,82,24
37,82,15
38,82,6
39,82,48
40,82,26
41,82,0
42,82,0
43,82,0
44,82,8
45,82,0
46,82,0
47,82,0
48,82,0
49,82,0
50,82,0
51,82,0
52,82,0
53,82,0
54,82,0
55,82,0
56,82,0
57,82,0
58,82,0
59,82,0
60,82,0
61,82,0
62,82,0
63,82,0
64,82,0
65,82,0
66,82,0
67,82,0
68,82,0
69,82,0
70,82,0
71,82,0
72,82,0
73,82,0
74,82,0
75,82,0
76,82,0
77,82,0
78,82,0
79,82,0
80,82,0
81,82,0
82,82,0
83,82,0
84,82,0
85,82,0
86,82,0
87,82,0
88,82,0
89,82,0
90,82,0
91,82,0
92,82,0
93,82,0
94,82,0
95,82,0
96,82,0
97,82,0
98,82,0
99,82,0
100,82,0
101,82,0
102,82,0
103,82,0
104,82,0
105,82,0
106,82,0
107,82,0
108,82,0
109,82,0
110,82,0
111,82,0
112,82,0
113,82,0
114,82,0
115,82,0
116,82,0
117,82,0
118,82,0
119,82,0
120,82,0
121,82,0
122,82,0
123,82,0
124,82,0
125,82,0
126,82,0
127,82,0
128,82,0
129,82,0
130,82,0
131,82,0
132,82,0
133,82,0
134,82,0
135,82,0
136,82,0
137,82,0
138,82,0
139,82,0
140,82,0
141,82,0
142,82,0
143,82,0
144,82,0
145,82,0
146,82,0
147,82,0
148,82,0
149,82,0
150,82,0
151,82,0
152,82,0
153,82,0
154,82,0
155,82,0
156,82,0
157,82,0
158,82,0
159,82,0
160,82,0
161,82,0
162,82,0
163,82,0
164,82,0
165,82,0
166,82,0
167,82,0
168,82,0
169,82,0
170,82,0
171,82,0
172,82,0
173,82,0
174,82,2
175,82,0
176,82,0
177,82,0
178,82,0
179,82,17
180,82,0
181,82,42
182,82,21
183,82,19
184,82,33
185,82,17
186,82,41
187,82,13
188,82,14
189,82,7
190,82,6
191,82,6
192,82,5
193,82,5
194,82,5
195,82,5
196,82,5
197,82,4
198,82,4
199,82,4
200,82,4
201,82,4
202,82,4
203,82,4
204,82,4
205,82,4
206,82,4
207,82,4
208,82,4
209,82,4
210,82,3
211,82,3
212,82,3
213,82,3
214,82,3
215,82,3
216,82,3
217,82,3
218,82,3
219,82,3
220,82,3
221,82,3
222,82,3
223,82,3
224,82,3
225,82,3
226,82,3
227,82,3
228,82,3
229,82,3
230,82,3
231,82,3
232,82,3
233,82,3
234,82,3
235,82,3
236,82,3
237,82,3
238,82,3
239,82,3
240,82,3
241,82,3
242,82,3
243,82,3
244,82,3
245,82,3
246,82,3
247,82,3
248,82,3
249,82,3
250,82,2
251,82,2
252,82,2
253,82,2
254,82,2
255,82,2
0,83,10
1,83,10
2,83,9
3,83,9
4,83,9
5,83,9
6,83,9
7,83,9
8,83,9
9,83,8
10,83,8
11,83,8
12,83,8
13,83,8
14,83,8
15,83,8
16,83,8
17,83,8
18,83,8
19,83,8
20,83,8
21,83,8
22,83,8
23,83,8
24,83,8
25,83,8
26,83,8
27,83,9
28,83,9
29,83,9
30,83,9
31,83,9
32,83,10
33,83,10
34,83,11
35,83,19
36,83,22
37,83,58
38,83,39
39,83,48
40,83,0
41,83,0
42,83,0
43,83,0
44,83,0
45,83,0
46,83,0
47,83,0
48,83,0
49,83,0
50,83,0
51,83,0
52,83,0
53,83,0
54,83,0
55,83,0
56,83,0
57,83,0
58,83,0
59,83,0
60,83,0
61,83,0
62,83,0
63,83,0
64,83,0
65,83,0
66,83,0
67,83,0
68,83,0
69,83,0
70,83,0
71,83,0
72,83,0
73,83,0
74,83,0
75,83,0
76,83,0
77,83,0
78,83,0
79,83,0
80,83,0
81,83,0
82,83,0
83,83,0
84,83,0
85,83,0
86,83,0
87,83,0
88,83,0
89,83,0
90,83,0
91,83,0
92,83,0
93,83,0
94,83,0
95,83,0
96,83,0
97,83,0
98,83,0
99,83,0
100,83,0
101,83,0
102,83,0
103,83,0
104,83,0
105,83,0
106,83,0
107,83,0
108,83,0
109,83,0
110,83,0
111,83,0
112,83,0
113,83,0
114,83,0
115,83,0
116,83,0
117,83,0
118,83,0
119,83,0
120,83,0
121,83,0
122,83,0
123,83,0
124,83,0
125,83,0
126,83,0
127,83,0
128,83,0
129,83,0
130,83,0
131,83,0
132,83,0
133,83,0
134,83,0
135,83,0
136,83,0
137,83,0
138,83,0
139,83,0
140,83,0
141,83,0
142,83,0
143,83,0
144,83,0
145,83,0
146,83,0
147,83,0
148,83,0
149,83,0
150,83,0
151,83,0
152,83,0
153,83,0
154,83,0
155,83,0
156,83,0
157,83,0
158,83,0
159,83,0
160,83,0
161,83,0
162,83,0
163,83,0
164,83,0
165,83,0
166,83,0
167,83,0
168,83,0
169,83,0
170,83,0
171,83,0
172,83,0
173,83,0
174,83,0
175,83,0
176,83,0
177,83,0
178,83,0
179,83,0
180,83,0
181,83,37
182,83,31
183,83,28
184,83,0
185,83,22
186,83,16
187,83,13
188,83,10
189,83,7
190,83,6
191,83,6
192,83,6
193,83,5
194,83,5
195,83,5
196,83,5
197,83,4
198,83,4
199,83,4
200,83,4
201,83,4
202,83,4
203,83,4
204,83,4
205,83,4
206,83,4
207,83,4
208,83,4
209,83,4
210,83,3
211,83,3
212,83,3
213,83,3
214,83,3
215,83,3
216,83,3
217,83,3
218,83,3
219,83,3
220,83,3
221,83,3
222,83,3
223,83,3
224,83,3
225,83,3
226,83,3
227,83,3
228,83,3
229,83,3
230,83,3
231,83,3
232,83,3
233,83,3
234,83,3
235,83,3
236,83,3
237,83,3
238,83,3
239,83,3
240,83,3
241,83,3
242,83,3
243,83,3
244,83,3
245,83,3
246,83,3
247,83,3
248,83,3
249,83,3
250,83,2
251,83,2
252,83,2
253,83,2
254,83,2
255,83,2
0,84,11
1,84,11
2,84,10
3,84,9
4,84,9
5,84,9
6,84,9
7,84,9
8,84,9
9,84,9
10,84,9
11,84,9
12,84,8
13,84,8
14,84,8
15,84,8
16,84,8
17,84,8
18,84,8
19,84,8
20,84,8
21,84,8
22,84,8
23,84,8
24,84,8
25,84,9
26,84,9
27,84,9
28,84,9
29,84,9
30,84,9
31,84,10
32,84,10
33,84,11
34,84,11
35,84,13
36,84,16
37,84,21
38,84,55
39,84,29
40,84,0
41,84,0
42,84,0
43,84,0
44,84,0
45,84,0
46,84,0
47,84,0
48,84,0
49,84,0
50,84,0
51,84,0
52,84,0
53,84,0
54,84,0
55,84,0
56,84,0
57,84,0
58,84,0
59,84,0
60,84,0
61,84,0
62,84,0
63,84,0
64,84,0
65,84,0
66,84,0
67,84,0
68,84,0
69,84,0
70,84,0
71,84,0
72,84,0
73,84,0
74,84,0
75,84,0
76,84,0
77,84,0
78,84,0
79,84,0
80,84,0
81,84,0
82,84,0
83,84,0
84,84,0
85,84,0
86,84,0
87,84,0
88,84,0
89,84,0
90,84,0
91,84,0
92,84,0
93,84,0
94,84,0
95,84,0
96,84,0
97,84,0
98,84,0
99,84,0
100,84,0
101,84,0
102,84,0
103,84,0
104,84,0
105,84,0
106,84,0
107,84,0
108,84,0
109,84,0
110,84,0
111,84,0
112,84,0
113,84,0
114,84,0
115,84,0
116,84,0
117,84,0
118,84,0
119,84,0
120,84,0
121,84,0
122,84,0
123,84,0
124,84,0
125,84,0
126,84,0
127,84,0
128,84,0
129,84,0
130,84,0
131,84,0
132,84,0
133,84,0
134,84,0
135,84,0
136,84,0
137,84,0
138,84,0
139,84,0
140,84,0
141,84,0
142,84,0
143,84,0
144,84,0
145,84,0
146,84,0
147,84,0
148,84,0
149,84,0
150,84,0
151,84,0
152,84,0
153,84,0
154,84,0
155,84,0
156,84,0
157,84,0
158,84,0
159,84,0
160,84,0
161,84,0
162,84,0
163,84,0
164,84,0
165,84,0
166,84,0
167,84,0
168,84,0
169,84,0
170,84,0
171,84,0
172,84,0
173,84,0
174,84,0
175,84,0
176,84,0
177,84,0
178,84,0
179,84,0
180,84,0
181,84,9
182,84,26
183,84,56
184,84,38
185,84,31
186,84,14
187,84,10
188,84,8
189,84,7
190,84,6
191,84,6
192,84,6
193,84,5
194,84,5
195,84,5
196,84,5
197,84,4
198,84,4
199,84,4
200,84,4
201,84,4
202,84,4
203,84,4
204,84,4
205,84,4
206,84,4
207,84,4
208,84,4
209,84,4
210,84,3
211,84,3
212,84,3
213,84,3
214,84,3
215,84,3
216,84,3
217,84,3
218,84,3
219,84,3
220,84,3
221,84,3
222,84,3
223,84,3
224,84,3
225,84,3
226,84,3
227,84,3
228,84,3
229,84,3
230,84,3
231,84,3
232,84,3
233,84,3
234,84,3
235,84,3
236,84,3
237,84,3
238,84,3
239,84,3
240,84,3
241,84,3
242,84,3
243,84,3
244,84,3
245,84,3
246,84,3
247,84,3
248,84,3
249,84,3
250,84,2
251,84,2
252,84,2
253,84,2
254,84,2
255,84,2
0,85,13
1,85,12
2,85,25
3,85,10
4,85,10
5,85,10
6,85,10
7,85,10
8,85,10
9,85,10
10,85,11
11,85,11
12,85,10
13,85,9
14,85,9
15,85,9
16,85,9
17,85,9
18,85,9
19,85,9
20,85,9
21,85,9
22,85,9
23,85,9
24,85,9
25,85,9
26,85,9
27,85,9
28,85,9
29,85,9
30,85,10
31,85,10
32,85,10
33,85,11
34,85,11
35,85,12
36,85,13
37,85,15
38,85,18
39,85,37
40,85,0
41,85,0
42,85,0
43,85,0
44,85,0
45,85,0
46,85,0
47,85,0
48,85,0
49,85,0
50,85,0
51,85,0
52,85,0
53,85,0
54,85,0
55,85,0
56,85,0
57,85,0
58,85,0
59,85,0
60,85,0
61,85,0
62,85,0
63,85,0
64,85,0
65,85,0
66,85,0
67,85,0
68,85,0
69,85,0
70,85,0
71,85,0
72,85,0
73,85,0
74,85,0
75,85,0
76,85,0
77,85,0
78,85,0
79,85,0
80,85,0
81,85,0
82,85,0
83,85,0
84,85,0
85,85,0
86,85,0
87,85,0
88,85,0
89,85,0
90,85,0
91,85,0
92,85,0
93,85,0
94,85,0
95,85,0
96,85,0
97,85,0
98,85,0
99,85,0
100,85,0
101,85,0
102,85,0
103,85,0
104,85,0
105,85,0
106,85,0
107,85,0
108,85,0
109,85,0
110,85,0
111,85,0
112,85,0
113,85,0
114,85,0
115,85,0
116,85,0
117,85,0
118,85,0
119,85,0
120,85,0
121,85,0
122,85,0
123,85,0
124,85,0
125,85,0
126,85,0
127,85,0
128,85,0
129,85,0
130,85,0
131,85,0
132,85,0
133,85,0
134,85,0
135,85,0
136,85,0
137,85,0
138,85,0
139,85,0
140,85,0
141,85,0
142,85,0
143,85,0
144,85,0
145,85,0
146,85,0
147,85,0
148,85,0
149,85,0
150,85,0
151,85,0
152,85,0
153,85,0
154,85,0
155,85,0
156,85,0
157,85,0
158,85,0
159,85,0
160,85,0
161,85,0
162,85,0
163,85,0
164,85,0
165,85,0
166,85,0
167,85,0
168,85,0
169,85,0
170,85,0
171,85,0
172,85,0
173,85,0
174,85,0
175,85,0
176,85,0
177,85,0
178,85,0
179,85,0
180,85,36
181,85,28
182,85,28
183,85,17
184,85,34
185,85,14
186,85,20
187,85,10
188,85,8
189,85,7
190,85,6
191,85,6
192,85,6
193,85,5
194,85,5
195,85,5
196,85,5
197,85,4
198,85,4
199,85,4
200,85,4
201,85,4
202,85,4
203,85,4
204,85,4
205,85,4
206,85,4
207,85,4
208,85,4
209,85,4
210,85,4
211,85,3
212,85,3
213,85,3
214,85,3
215,85,3
216,85,3
217,85,3
218,85,3
219,85,3
220,85,3
221,85,3
222,85,3
223,85,3
224,85,3
225,85,3
226,85,3
227,85,3
228,85,3
229,85,3
230,85,3
231,85,3
232,85,3
233,85,3
234,85,3
235,85,3
236,85,3
237,85,3
238,85,3
239,85,3
240,85,3
241,85,3
242,85,3
243,85,3
244,85,3
245,85,3
246,85,3
247,85,3
248,85,3
249,85,3
250,85,3
251,85,2
252,85,2
253,85,2
254,85,2
255,85,2
0,86,15
1,86,23
2,86,14
3,86,12
4,86,11
5,86,11
6,86,10
7,86,10
8,86,11
9,86,12
10,86,32
11,86,13
12,86,10
13,86,10
14,86,9
15,86,9
16,86,9
17,86,9
18,86,9
19,86,9
20,86,9
21,86,9
22,86,9
23,86,9
24,86,9
25,86,9
26,86,9
27,86,9
28,86,9
29,86,10
30,86,10
31,86,10
32,86,10
33,86,11
34,86,12
35,86,12
36,86,14
37,86,15
38,86,17
39,86,20
40,86,25
41,86,36
42,86,48
43,86,0
44,86,0
45,86,0
46,86,0
47,86,0
48,86,0
49,86,0
50,86,0
51,86,0
52,86,0
53,86,0
54,86,0
55,86,0
56,86,0
57,86,0
58,86,0
59,86,0
60,86,0
61,86,0
62,86,0
63,86,0
64,86,0
65,86,0
66,86,0
67,86,0
68,86,0
69,86,0
70,86,0
71,86,0
72,86,0
73,86,0
74,86,0
75,86,0
76,86,0
77,86,0
78,86,0
79,86,0
80,86,0
81,86,0
82,86,0
83,86,0
84,86,0
85,86,0
86,86,0
87,86,0
88,86,0
89,86,0
90,86,0
91,86,0
92,86,0
93,86,0
94,86,0
95,86,0
96,86,0
97,86,0
98,86,0
99,86,0
100,86,0
101,86,0
102,86,0
103,86,0
104,86,0
105,86,0
106,86,0
107,86,0
108,86,0
109,86,0
110,86,0
111,86,0
112,86,0
113,86,0
114,86,0
115,86,0
116,86,0
117,86,0
118,86,0
119,86,0
120,86,0
121,86,0
122,86,0
123,86,0
124,86,0
125,86,0
126,86,0
127,86,0
128,86,0
129,86,0
130,86,0
131,86,0
132,86,0
133,86,0
134,86,0
135,86,0
136,86,0
137,86,0
138,86,0
139,86,0
140,86,0
141,86,0
142,86,0
143,86,0
144,86,0
145,86,0
146,86,0
147,86,0
148,86,0
149,86,0
150,86,0
151,86,0
152,86,0
153,86,0
154,86,0
155,86,0
156,86,0
157,86,0
158,86,0
159,86,0
160,86,0
161,86,0
162,86,0
163,86,0
164,86,0
165,86,0
166,86,0
167,86,0
168,86,0
169,86,0
170,86,0
171,86,0
172,86,0
173,86,0
174,86,0
175,86,0
176,86,0
177,86,0
178,86,0
179,86,0
180,86,28
181,86,18
182,86,14
183,86,13
184,86,25
185,86,14
186,86,9
187,86,8
188,86,7
189,86,6
190,86,6
191,86,6
192,86,6
193,86,5
194,86,5
195,86,5
196,86,5
197,86,4
198,86,4
199,86,4
200,86,4
201,86,4
202,86,4
203,86,4
204,86,4
205,86,4
206,86,4
207,86,4
208,86,4
209,86,4
210,86,4
211,86,3
212,86,3
213,86,3
214,86,3
215,86,3
216,86,3
217,86,3
218,86,3
219,86,3
220,86,3
221,86,3
222,86,3
223,86,3
224,86,3
225,86,3
226,86,3
227,86,3
228,86,3
229,86,3
230,86,3
231,86,3
232,86,3
233,86,3
234,86,3
235,86,3
236,86,3
237,86,3
238,86,3
239,86,3
240,86,3
241,86,3
242,86,3
243,86,3
244,86,3
245,86,3
246,86,3
247,86,3
248,86,3
249,86,3
250,86,3
251,86,2
252,86,2
253,86,2
254,86,2
255,86,2
0,87,20
1,87,21
2,87,29
3,87,13
4,87,11
5,87,11
6,87,11
7,87,12
8,87,15
9,87,39
10,87,24
11,87,23
12,87,11
13,87,10
14,87,10
15,87,9
16,87,9
17,87,9
18,87,9
19,87,9
20,87,9
21,87,9
22,87,9
23,87,9
24,87,9
25,87,9
26,87,9
27,87,9
28,87,10
29,87,10
30,87,10
31,87,10
32,87,10
33,87,11
34,87,12
35,87,13
36,87,15
37,87,21
38,87,18
39,87,20
40,87,20
41,87,0
42,87,0
43,87,0
44,87,0
45,87,0
46,87,0
47,87,0
48,87,0
49,87,0
50,87,0
51,87,0
52,87,0
53,87,0
54,87,0
55,87,0
56,87,0
57,87,0
58,87,0
59,87,0
60,87,0
61,87,0
62,87,0
63,87,0
64,87,0
65,87,0
66,87,0
67,87,0
68,87,0
69,87,0
70,87,0
71,87,0
72,87,0
73,87,0
74,87,0
75,87,0
76,87,0
77,87,0
78,87,0
79,87,0
80,87,0
81,87,0
82,87,0
83,87,0
84,87,0
85,87,0
86,87,0
87,87,0
88,87,0
89,87,0
90,87,0
91,87,0
92,87,0
93,87,0
94,87,0
95,87,0
96,87,0
97,87,0
98,87,0
99,87,0
100,87,0
101,87,0
102,87,0
103,87,0
104,87,0
105,87,0
106,87,0
107,87,0
108,87,0
109,87,0
110,87,0
111,87,0
112,87,0
113,87,0
114,87,0
115,87,0
116,87,0
117,87,0
118,87,0
119,87,0
120,87,0
121,87,0
122,87,0
123,87,0
124,87,0
125,87,0
126,87,0
127,87,0
128,87,0
129,87,0
130,87,0
131,87,0
132,87,0
133,87,0
134,87,0
135,87,0
136,87,0
137,87,0
138,87,0
139,87,0
140,87,0
141,87,0
142,87,0
143,87,0
144,87,0
145,87,0
146,87,0
147,87,0
148,87,0
149,87,0
150,87,0
151,87,0
152,87,0
153,87,0
154,87,0
155,87,0
156,87,0
157,87,0
158,87,0
159,87,0
160,87,0
161,87,0
162,87,0
163,87,0
164,87,0
165,87,0
166,87,0
167,87,0
168,87,0
169,87,0
170,87,0
171,87,0
172,87,0
173,87,0
174,87,0
175,87,41
176,87,0
177,87,0
178,87,0
179,87,62
180,87,34
181,87,1
182,87,17
183,87,11
184,87,11
185,87,9
186,87,8
187,87,7
188,87,7
189,87,6
190,87,6
191,87,6
192,87,6
193,87,5
194,87,5
195,87,5
196,87,5
197,87,4
198,87,4
199,87,4
200,87,4
201,87,4
202,87,4
203,87,4
204,87,4
205,87,4
206,87,4
207,87,4
208,87,4
209,87,4
210,87,4
211,87,3
212,87,3
213,87,3
214,87,3
215,87,3
216,87,3
217,87,3
218,87,3
219,87,3
220,87,3
221,87,3
222,87,3
223,87,3
224,87,3
225,87,3
226,87,3
227,87,3
228,87,3
229,87,3
230,87,3
231,87,3
232,87,3
233,87,3
234,87,3
235,87,3
236,87,3
237,87,3
238,87,3
239,87,3
240,87,3
241,87,3
242,87,3
243,87,3
244,87,3
245,87,3
246,87,3
247,87,3
248,87,3
249,87,3
250,87,3
251,87,2
252,87,2
253,87,2
254,87,2
255,87,2
0,88,40
1,88,35
2,88,21
3,88,18
4,88,13
5,88,12
6,88,12
7,88,13
8,88,28
9,88,24
10,88,16
11,88,14
12,88,12
13,88,11
14,88,10
15,88,10
16,88,9
17,88,9
18,88,9
19,88,9
20,88,9
21,88,9
22,88,9
23,88,9
24,88,9
25,88,9
26,88,9
27,88,10
28,88,10
29,88,10
30,88,10
31,88,10
32,88,11
33,88,11
34,88,12
35,88,14
36,88,0
37,88,26
38,88,21
39,88,23
40,88,28
41,88,0
42,88,0
43,88,0
44,88,0
45,88,0
46,88,0
47,88,0
48,88,0
49,88,0
50,88,0
51,88,0
52,88,0
53,88,0
54,88,0
55,88,0
56,88,0
57,88,0
58,88,0
59,88,0
60,88,0
61,88,0
62,88,0
63,88,0
64,88,0
65,88,0
66,88,0
67,88,0
68,88,0
69,88,0
70,88,0
71,88,0
72,88,0
73,88,0
74,88,0
75,88,0
76,88,0
77,88,0
78,88,0
79,88,0
80,88,0
81,88,0
82,88,0
83,88,0
84,88,0
85,88,0
86,88,0
87,88,0
88,88,0
89,88,0
90,88,0
91,88,0
92,88,0
93,88,0
94,88,0
95,88,0
96,88,0
97,88,0
98,88,0
99,88,0
100,88,0
101,88,0
102,88,0
103,88,0
104,88,0
105,88,0
106,88,0
107,88,0
108,88,0
109,88,0
110,88,0
111,88,0
112,88,0
113,88,0
114,88,0
115,88,0
116,88,0
117,88,0
118,88,0
119,88,0
120,88,0
121,88,0
122,88,0
123,88,0
124,88,0
125,88,0
126,88,0
127,88,0
128,88,0
129,88,0
130,88,0
131,88,0
132,88,0
133,88,0
134,88,0
135,88,0
136,88,0
137,88,0
138,88,0
139,88,0
140,88,0
141,88,0
142,88,0
143,88,0
144,88,0
145,88,0
146,88,0
147,88,0
148,88,0
149,88,0
150,88,0
151,88,0
152,88,0
153,88,0
154,88,0
155,88,0
156,88,0
157,88,0
158,88,0
159,88,0
160,88,0
161,88,0
162,88,0
163,88,0
164,88,0
165,88,0
166,88,0
167,88,0
168,88,0
169,88,0
170,88,0
171,88,0
172,88,0
173,88,0
174,88,0
175,88,45
176,88,23
177,88,38
178,88,48
179,88,18
180,88,27
181,88,18
182,88,11
183,88,10
184,88,9
185,88,8
186,88,8
187,88,7
188,88,7
189,88,6
190,88,6
191,88,6
192,88,6
193,88,5
194,88,5
195,88,5
196,88,5
197,88,4
198,88,4
199,88,4
200,88,4
201,88,4
202,88,4
203,88,4
204,88,4
205,88,4
206,88,4
207,88,4
208,88,4
209,88,4
210,88,4
211,88,3
212,88,3
213,88,3
214,88,3
215,88,3
216,88,3
217,88,3
218,88,3
219,88,3
220,88,3
221,88,3
222,88,3
223,88,3
224,88,3
225,88,3
226,88,3
227,88,3
228,88,3
229,88,3
230,88,3
231,88,3
232,88,3
233,88,3
234,88,3
235,88,3
236,88,3
237,88,3
238,88,3
239,88,3
240,88,3
241,88,3
242,88,3
243,88,3
244,88,3
245,88,3
246,88,3
247,88,3
248,88,3
249,88,3
250,88,3
251,88,2
252,88,2
253,88,2
254,88,2
255,88,2
0,89,32
1,89,39
2,89,29
3,89,17
4,89,14
5,89,13
6,89,13
7,89,14
8,89,58
9,89,21
10,89,17
11,89,14
12,89,12
13,89,11
14,89,11
15,89,10
16,89,10
17,89,10
18,89,9
19,89,9
20,89,9
21,89,9
22,89,9
23,89,9
24,89,9
25,89,9
26,89,10
27,89,10
28,89,10
29,89,10
30,89,10
31,89,10
32,89,11
33,89,12
34,89,14
35,89,19
36,89,0
37,89,5
38,89,24
39,89,50
40,89,0
41,89,0
42,89,0
43,89,0
44,89,0
45,89,0
46,89,0
47,89,0
48,89,0
49,89,0
50,89,0
51,89,0
52,89,0
53,89,0
54,89,0
55,89,0
56,89,0
57,89,0
58,89,0
59,89,0
60,89,0
61,89,0
62,89,0
63,89,0
64,89,0
65,89,0
66,89,0
67,89,0
68,89,0
69,89,0
70,89,0
71,89,0
72,89,0
73,89,0
74,89,0
75,89,0
76,89,0
77,89,0
78,89,0
79,89,0
80,89,0
81,89,0
82,89,0
83,89,0
84,89,0
85,89,0
86,89,0
87,89,0
88,89,0
89,89,0
90,89,0
91,89,0
92,89,0
93,89,0
94,89,0
95,89,0
96,89,0
97,89,0
98,89,0
99,89,0
100,89,0
101,89,0
102,89,0
103,89,0
104,89,0
105,89,0
106,89,0
107,89,0
108,89,0
109,89,0
110,89,0
111,89,0
112,89,0
113,89,0
114,89,0
115,89,0
116,89,0
117,89,0
118,89,0
119,89,0
120,89,0
121,89,0
122,89,0
123,89,0
124,89,0
125,89,0
126,89,0
127,89,0
128,89,0
129,89,0
130,89,0
131,89,0
132,89,0
133,89,0
134,89,0
135,89,0
136,89,0
137,89,0
138,89,0
139,89,0
140,89,0
141,89,0
142,89,0
143,89,0
144,89,0
145,89,0
146,89,0
147,89,0
148,89,0
149,89,0
150,89,0
151,89,0
152,89,0
153,89,0
154,89,0
155,89,0
156,89,0
157,89,0
158,89,0
159,89,0
160,89,0
161,89,0
162,89,0
163,89,0
164,89,0
165,89,0
166,89,0
167,89,0
168,89,0
169,89,0
170,89,0
171,89,0
172,89,0
173,89,0
174,89,0
175,89,0
176,89,22
177,89,18
178,89,15
179,89,13
180,89,12
181,89,11
182,89,10
183,89,9
184,89,8
185,89,8
186,89,7
187,89,7
188,89,7
189,89,6
190,89,6
191,89,6
192,89,6
193,89,5
194,89,5
195,89,5
196,89,5
197,89,4
198,89,4
199,89,4
200,89,4
201,89,4
202,89,4
203,89,4
204,89,4
205,89,4
206,89,4
207,89,4
208,89,4
209,89,4
210,89,4
211,89,4
212,89,3
213,89,3
214,89,3
215,89,3
216,89,3
217,89,3
218,89,3
219,89,3
220,89,3
221,89,3
222,89,3
223,89,3
224,89,3
225,89,3
226,89,3
227,89,3
228,89,3
229,89,3
230,89,3
231,89,3
232,89,3
233,89,3
234,89,3
235,89,3
236,89,3
237,89,3
238,89,3
239,89,3
240,89,3
241,89,3
242,89,3
243,89,3
244,89,3
245,89,3
246,89,3
247,89,3
248,89,3
249,89,3
250,89,3
251,89,3
252,89,2
253,89,2
254,89,2
255,89,2
0,90,59
1,90,45
2,90,25
3,90,30
4,90,17
5,90,15
6,90,15
7,90,16
8,90,19
9,90,26
10,90,32
11,90,24
12,90,14
13,90,12
14,90,11
15,90,11
16,90,11
17,90,10
18,90,10
19,90,10
20,90,10
21,90,9
22,90,10
23,90,10
24,90,10
25,90,10
26,90,10
27,90,10
28,90,10
29,90,10
30,90,10
31,90,11
32,90,11
33,90,15
34,90,53
35,90,50
36,90,26
37,90,0
38,90,17
39,90,0
40,90,0
41,90,0
42,90,0
43,90,0
44,90,0
45,90,0
46,90,0
47,90,0
48,90,0
49,90,0
50,90,0
51,90,0
52,90,0
53,90,0
54,90,0
55,90,0
56,90,0
57,90,0
58,90,0
59,90,0
60,90,0
61,90,0
62,90,0
63,90,0
64,90,0
65,90,0
66,90,0
67,90,0
68,90,0
69,90,0
70,90,0
71,90,0
72,90,0
73,90,0
74,90,0
75,90,0
76,90,0
77,90,0
78,90,0
79,90,0
80,90,0
81,90,0
82,90,0
83,90,0
84,90,0
85,90,0
86,90,0
87,90,0
88,90,0
89,90,0
90,90,0
91,90,0
92,90,0
93,90,0
94,90,0
95,90,0
96,90,0
97,90,0
98,90,0
99,90,0
100,90,0
101,90,0
102,90,0
103,90,0
104,90,0
105,90,0
106,90,0
107,90,0
108,90,0
109,90,0
110,90,0
111,90,0
112,90,0
113,90,0
114,90,0
115,90,0
116,90,0
117,90,0
118,90,0
119,90,0
120,90,0
121,90,0
122,90,0
123,90,0
124,90,0
125,90,0
126,90,0
127,90,0
128,90,0
129,90,0
130,90,0
131,90,0
132,90,0
133,90,0
134,90,0
135,90,0
136,90,0
137,90,0
138,90,0
139,90,0
140,90,0
141,90,0
142,90,0
143,90,0
144,90,0
145,90,0
146,90,0
147,90,0
148,90,0
149,90,0
150,90,0
151,90,0
152,90,0
153,90,0
154,90,0
155,90,0
156,90,0
157,90,0
158,90,0
159,90,0
160,90,0
161,90,0
162,90,0
163,90,0
164,90,0
165,90,0
166,90,0
167,90,0
168,90,0
169,90,0
170,90,0
171,90,0
172,90,0
173,90,0
174,90,0
175,90,0
176,90,57
177,90,18
178,90,14
179,90,13
180,90,11
181,90,10
182,90,9
183,90,9
184,90,8
185,90,8
186,90,7
187,90,7
188,90,7
189,90,6
190,90,6
191,90,6
192,90,5
193,90,5
194,90,5
195,90,5
196,90,5
197,90,4
198,90,4
199,90,4
200,90,4
201,90,4
202,90,4
203,90,4
204,90,4
205,90,4
206,90,4
207,90,4
208,90,4
209,90,4
210,90,4
211,90,4
212,90,3
213,90,3
214,90,3
215,90,3
216,90,3
217,90,3
218,90,3
219,90,3
220,90,3
221,90,3
222,90,3
223,90,3
224,90,3
225,90,3
226,90,3
227,90,3
228,90,3
229,90,3
230,90,3
231,90,3
232,90,3
233,90,3
234,90,3
235,90,3
236,90,3
237,90,3
238,90,3
239,90,3
240,90,3
241,90,3
242,90,3
243,90,3
244,90,3
245,90,3
246,90,3
247,90,3
248,90,3
249,90,3
250,90,3
251,90,3
252,90,2
253,90,2
254,90,2
255,90,2
0,91,0
1,91,61
2,91,34
3,91,31
4,91,17
5,91,16
6,91,15
7,91,16
8,91,18
9,91,20
10,91,24
11,91,29
12,91,26
13,91,14
14,91,12
15,91,12
16,91,12
17,91,12
18,91,11
19,91,10
20,91,10
21,91,10
22,91,10
23,91,10
24,91,10
25,91,10
26,91,10
27,91,10
28,91,10
29,91,11
30,91,11
31,91,11
32,91,12
33,91,13
34,91,47
35,91,43
36,91,46
37,91,0
38,91,0
39,91,0
40,91,0
41,91,0
42,91,0
43,91,0
44,91,0
45,91,0
46,91,0
47,91,0
48,91,0
49,91,0
50,91,0
51,91,0
52,91,0
53,91,0
54,91,0
55,91,0
56,91,0
57,91,0
58,91,0
59,91,0
60,91,0
61,91,0
62,91,0
63,91,0
64,91,0
65,91,0
66,91,0
67,91,0
68,91,0
69,91,0
70,91,0
71,91,0
72,91,0
73,91,0
74,91,0
75,91,0
76,91,0
77,91,0
78,91,0
79,91,0
80,91,0
81,91,0
82,91,0
83,91,0
84,91,0
85,91,0
86,91,0
87,91,0
88,91,0
89,91,0
90,91,0
91,91,0
92,91,0
93,91,0
94,91,0
95,91,0
96,91,0
97,91,0
98,91,0
99,91,0
100,91,0
101,91,0
102,91,0
103,91,0
104,91,0
105,91,0
106,91,0
107,91,0
108,91,0
109,91,0
110,91,0
111,91,0
112,91,0
113,91,0
114,91,0
115,91,0
116,91,0
117,91,0
118,91,0
119,91,0
120,91,0
121,91,0
122,91,0
123,91,0
124,91,0
125,91,0
126,91,0
127,91,0
128,91,0
129,91,0
130,91,0
131,91,0
132,91,0
133,91,0
134,91,0
135,91,0
136,91,0
137,91,0
138,91,0
139,91,0
140,91,0
141,91,0
142,91,0
143,91,0
144,91,0
145,91,0
146,91,0
147,91,0
148,91,0
149,91,0
150,91,0
151,91,0
152,91,0
153,91,0
154,91,0
155,91,0
156,91,0
157,91,0
158,91,0
159,91,0
160,91,0
161,91,0
162,91,0
163,91,0
164,91,0
165,91,0
166,91,0
167,91,0
168,91,0
169,91,0
170,91,0
171,91,0
172,91,0
173,91,0
174,91,0
175,91,0
176,91,32
177,91,19
178,91,16
179,91,14
180,91,11
181,91,10
182,91,9
183,91,9
184,91,8
185,91,8
186,91,7
187,91,7
188,91,6
189,91,6
190,91,6
191,91,6
192,91,5
193,91,5
194,91,5
195,91,5
196,91,5
197,91,4
198,91,4
199,91,4
200,91,4
201,91,4
202,91,4
203,91,4
204,91,4
205,91,4
206,91,4
207,91,4
208,91,4
209,91,4
210,91,4
211,91,4
212,91,3
213,91,3
214,91,3
215,91,3
216,91,3
217,91,3
218,91,3
219,91,3
220,91,3
221,91,3
222,91,3
223,91,3
224,91,3
225,91,3
226,91,3
227,91,3
228,91,3
229,91,3
230,91,3
231,91,3
232,91,3
233,91,3
234,91,3
235,91,3
236,91,3
237,91,3
238,91,3
239,91,3
240,91,3
241,91,3
242,91,3
243,91,3
244,91,3
245,91,3
246,91,3
247,91,3
248,91,3
249,91,3
250,91,3
251,91,3
252,91,2
253,91,2
254,91,2
255,91,2
0,92,0
1,92,0
2,92,0
3,92,28
4,92,20
5,92,25
6,92,18
7,92,17
8,92,19
9,92,21
10,92,61
11,92,40
12,92,33
13,92,50
14,92,13
15,92,13
16,92,15
17,92,15
18,92,14
19,92,12
20,92,11
21,92,11
22,92,10
23,92,10
24,92,10
25,92,10
26,92,10
27,92,11
28,92,11
29,92,11
30,92,11
31,92,12
32,92,12
33,92,13
34,92,15
35,92,20
36,92,10
37,92,6
38,92,0
39,92,0
40,92,0
41,92,0
42,92,0
43,92,0
44,92,0
45,92,0
46,92,0
47,92,0
48,92,0
49,92,0
50,92,0
51,92,0
52,92,0
53,92,0
54,92,0
55,92,0
56,92,0
57,92,0
58,92,0
59,92,0
60,92,0
61,92,0
62,92,0
63,92,0
64,92,0
65,92,0
66,92,0
67,92,0
68,92,0
69,92,0
70,92,0
71,92,0
72,92,0
73,92,0
74,92,0
75,92,0
76,92,0
77,92,0
78,92,0
79,92,0
80,92,0
81,92,0
82,92,0
83,92,0
84,92,0
85,92,0
86,92,0
87,92,0
88,92,0
89,92,0
90,92,0
91,92,0
92,92,0
93,92,0
94,92,0
95,92,0
96,92,0
97,92,0
98,92,0
99,92,0
100,92,0
101,92,0
102,92,0
103,92,0
104,92,0
105,92,0
106,92,0
107,92,0
108,92,0
109,92,0
110,92,0
111,92,0
112,92,0
113,92,0
114,92,0
115,92,0
116,92,0
117,92,0
118,92,0
119,92,0
120,92,0
121,92,0
122,92,0
123,92,0
124,92,0
125,92,0
126,92,0
127,92,0
128,92,0
129,92,0
130,92,0
131,92,0
132,92,0
133,92,0
134,92,0
135,92,0
136,92,0
137,92,0
138,92,0
139,92,0
140,92,0
141,92,0
142,92,0
143,92,0
144,92,0
145,92,0
146,92,0
147,92,0
148,92,0
149,92,0
150,92,0
151,92,0
152,92,0
153,92,0
154,92,0
155,92,0
156,92,0
157,92,0
158,92,0
159,92,0
160,92,0
161,92,0
162,92,0
163,92,0
164,92,0
165,92,0
166,92,0
167,92,0
168,92,0
169,92,0
170,92,0
171,92,0
172,92,0
173,92,0
174,92,0
175,92,0
176,92,27
177,92,0
178,92,30
179,92,14
180,92,11
181,92,10
182,92,9
183,92,9
184,92,8
185,92,8
186,92,7
187,92,7
188,92,6
189,92,6
190,92,6
191,92,6
192,92,5
193,92,5
194,92,5
195,92,5
196,92,5
197,92,4
198,92,4
199,92,4
200,92,4
201,92,4
202,92,4
203,92,4
204,92,4
205,92,4
206,92,4
207,92,4
208,92,4
209,92,4
210,92,4
211,92,4
212,92,3
213,92,3
214,92,3
215,92,3
216,92,3
217,92,3
218,92,3
219,92,3
220,92,3
221,92,3
222,92,3
223,92,3
224,92,3
225,92,3
226,92,3
227,92,3
228,92,3
229,92,3
230,92,3
231,92,3
232,92,3
233,92,3
234,92,3
235,92,3
236,92,3
237,92,3
238,92,3
239,92,3
240,92,3
241,92,3
242,92,3
243,92,3
244,92,3
245,92,3
246,92,3
247,92,3
248,92,3
249,92,3
250,92,3
251,92,3
252,92,2
253,92,2
254,92,2
255,92,2
0,93,0
1,93,0
2,93,0
3,93,31
4,93,23
5,93,30
6,93,23
7,93,21
8,93,26
9,93,0
10,93,30
11,93,39
12,93,1
13,93,28
14,93,15
15,93,16
16,93,39
17,93,41
18,93,28
19,93,12
20,93,12
21,93,11
22,93,11
23,93,11
24,93,11
25,93,11
26,93,11
27,93,11
28,93,11
29,93,11
30,93,12
31,93,12
32,93,12
33,93,13
34,93,15
35,93,17
36,93,20
37,93,26
38,93,34
39,93,0
40,93,0
41,93,0
42,93,0
43,93,0
44,93,0
45,93,0
46,93,0
47,93,0
48,93,0
49,93,0
50,93,0
51,93,0
52,93,0
53,93,0
54,93,0
55,93,0
56,93,0
57,93,0
58,93,0
59,93,0
60,93,0
61,93,0
62,93,0
63,93,0
64,93,0
65,93,0
66,93,0
67,93,0
68,93,0
69,93,0
70,93,0
71,93,0
72,93,0
73,93,0
74,93,0
75,93,0
76,93,0
77,93,0
78,93,0
79,93,0
80,93,0
81,93,0
82,93,0
83,93,0
84,93,0
85,93,0
86,93,0
87,93,0
88,93,0
89,93,0
90,93,0
91,93,0
92,93,0
93,93,0
94,93,0
95,93,0
96,93,0
97,93,0
98,93,0
99,93,0
100,93,0
101,93,0
102,93,0
103,93,0
104,93,0
105,93,0
106,93,0
107,93,0
108,93,0
109,93,0
110,93,0
111,93,0
112,93,0
113,93,0
114,93,0
115,93,0
116,93,0
117,93,0
118,93,0
119,93,0
120,93,0
121,93,0
122,93,0
123,93,0
124,93,0
125,93,0
126,93,0
127,93,0
128,93,0
129,93,0
130,93,0
131,93,0
132,93,0
133,93,0
134,93,0
135,93,0
136,93,0
137,93,0
138,93,0
139,93,0
140,93,0
141,93,0
142,93,0
143,93,0
144,93,0
145,93,0
146,93,0
147,93,0
148,93,0
149,93,0
150,93,0
151,93,0
152,93,0
153,93,0
154,93,0
155,93,0
156,93,0
157,93,0
158,93,0
159,93,0
160,93,0
161,93,0
162,93,0
163,93,0
164,93,0
165,93,0
166,93,0
167,93,0
168,93,0
169,93,0
170,93,0
171,93,0
172,93,0
173,93,0
174,93,0
175,93,0
176,93,0
177,93,0
178,93,1
179,93,14
180,93,11
181,93,10
182,93,10
183,93,9
184,93,9
185,93,8
186,93,7
187,93,7
188,93,6
189,93,6
190,93,6
191,93,6
192,93,5
193,93,5
194,93,5
195,93,5
196,93,5
197,93,4
198,93,4
199,93,4
200,93,4
201,93,4
202,93,4
203,93,4
204,93,4
205,93,4
206,93,4
207,93,4
208,93,4
209,93,4
210,93,4
211,93,4
212,93,3
213,93,3
214,93,3
215,93,3
216,93,3
217,93,3
218,93,3
219,93,3
220,93,3
221,93,3
222,93,3
223,93,3
224,93,3
225,93,3
226,93,3
227,93,3
228,93,3
229,93,3
230,93,3
231,93,3
232,93,3
233,93,3
234,93,3
235,93,3
236,93,3
237,93,3
238,93,3
239,93,3
240,93,3
241,93,3
242,93,3
243,93,3
244,93,3
245,93,3
246,93,3
247,93,3
248,93,3
249,93,3
250,93,3
251,93,3
252,93,3
253,93,2
254,93,2
255,93,2
0,94,0
1,94,0
2,94,0
3,94,32
4,94,39
5,94,0
6,94,43
7,94,25
8,94,28
9,94,55
10,94,60
11,94,0
12,94,34
13,94,51
14,94,17
15,94,19
16,94,27
17,94,19
18,94,15
19,94,13
20,94,12
21,94,11
22,94,11
23,94,11
24,94,11
25,94,11
26,94,11
27,94,11
28,94,11
29,94,12
30,94,12
31,94,12
32,94,12
33,94,14
34,94,16
35,94,37
36,94,25
37,94,36
38,94,23
39,94,0
40,94,0
41,94,0
42,94,0
43,94,0
44,94,0
45,94,0
46,94,0
47,94,0
48,94,0
49,94,0
50,94,0
51,94,0
52,94,0
53,94,0
54,94,0
55,94,0
56,94,0
57,94,0
58,94,0
59,94,0
60,94,0
61,94,0
62,94,0
63,94,0
64,94,0
65,94,0
66,94,0
67,94,0
68,94,0
69,94,0
70,94,0
71,94,0
72,94,0
73,94,0
74,94,0
75,94,0
76,94,0
77,94,0
78,94,0
79,94,0
80,94,0
81,94,0
82,94,0
83,94,0
84,94,0
85,94,0
86,94,0
87,94,0
88,94,0
89,94,0
90,94,0
91,94,0
92,94,0
93,94,0
94,94,0
95,94,0
96,94,0
97,94,0
98,94,0
99,94,0
100,94,0
101,94,0
102,94,0
103,94,0
104,94,0
105,94,0
106,94,0
107,94,0
108,94,0
109,94,0
110,94,0
111,94,0
112,94,0
113,94,0
114,94,0
115,94,0
116,94,0
117,94,0
118,94,0
119,94,0
120,94,0
121,94,0
122,94,0
123,94,0
124,94,0
125,94,0
126,94,0
127,94,0
128,94,0
129,94,0
130,94,0
131,94,0
132,94,0
133,94,0
134,94,0
135,94,0
136,94,0
137,94,0
138,94,0
139,94,0
140,94,0
141,94,0
142,94,0
143,94,0
144,94,0
145,94,0
146,94,0
147,94,0
148,94,0
149,94,0
150,94,0
151,94,0
152,94,0
153,94,0
154,94,0
155,94,0
156,94,0
157,94,0
158,94,0
159,94,0
160,94,0
161,94,0
162,94,0
163,94,0
164,94,0
165,94,0
166,94,0
167,94,0
168,94,0
169,94,0
170,94,0
171,94,0
172,94,0
173,94,0
174,94,0
175,94,0
176,94,42
177,94,23
178,94,18
179,94,13
180,94,12
181,94,11
182,94,10
183,94,10
184,94,9
185,94,8
186,94,7
187,94,7
188,94,6
189,94,6
190,94,6
191,94,6
192,94,5
193,94,5
194,94,5
195,94,5
196,94,5
197,94,4
198,94,4
199,94,4
200,94,4
201,94,4
202,94,4
203,94,4
204,94,4
205,94,4
206,94,4
207,94,4
208,94,4
209,94,4
210,94,4
211,94,4
212,94,4
213,94,3
214,94,3
215,94,3
216,94,3
217,94,3
218,94,3
219,94,3
220,94,3
221,94,3
222,94,3
223,94,3
224,94,3
225,94,3
226,94,3
227,94,3
228,94,3
229,94,3
230,94,3
231,94,3
232,94,3
233,94,3
234,94,3
235,94,3
236,94,3
237,94,3
238,94,3
239,94,3
240,94,3
241,94,3
242,94,3
243,94,3
244,94,3
245,94,3
246,94,3
247,94,3
248,94,3
249,94,3
250,94,3
251,94,3
252,94,3
253,94,2
254,94,2
255,94,2
0,95,0
1,95,0
2,95,0
3,95,0
4,95,0
5,95,18
6,95,0
7,95,29
8,95,35
9,95,0
10,95,0
11,95,0
12,95,61
13,95,23
14,95,19
15,95,20
16,95,24
17,95,40
18,95,17
19,95,14
20,95,13
21,95,12
22,95,12
23,95,11
24,95,11
25,95,11
26,95,11
27,95,11
28,95,12
29,95,12
30,95,12
31,95,12
32,95,13
33,95,15
34,95,50
35,95,1
36,95,0
37,95,41
38,95,0
39,95,0
40,95,0
41,95,0
42,95,0
43,95,0
44,95,0
45,95,0
46,95,0
47,95,0
48,95,0
49,95,0
50,95,0
51,95,0
52,95,0
53,95,0
54,95,0
55,95,0
56,95,0
57,95,0
58,95,0
59,95,0
60,95,0
61,95,0
62,95,0
63,95,0
64,95,0
65,95,0
66,95,0
67,95,0
68,95,0
69,95,0
70,95,0
71,95,0
72,95,0
73,95,0
74,95,0
75,95,0
76,95,0
77,95,0
78,95,0
79,95,0
80,95,0
81,95,0
82,95,0
83,95,0
84,95,0
85,95,0
86,95,0
87,95,0
88,95,0
89,95,0
90,95,0
91,95,0
92,95,0
93,95,0
94,95,0
95,95,0
96,95,0
97,95,0
98,95,0
99,95,0
100,95,0
101,95,0
102,95,0
103,95,0
104,95,0
105,95,0
106,95,0
107,95,0
108,95,0
109,95,0
110,95,0
111,95,0
112,95,0
113,95,0
114,95,0
115,95,0
116,95,0
117,95,0
118,95,0
119,95,0
120,95,0
121,95,0
122,95,0
123,95,0
124,95,0
125,95,0
126,95,0
127,95,0
128,95,0
129,95,0
130,95,0
131,95,0
132,95,0
133,95,0
134,95,0
135,95,0
136,95,0
137,95,0
138,95,0
139,95,0
140,95,0
141,95,0
142,95,0
143,95,0
144,95,0
145,95,0
146,95,0
147,95,0
148,95,0
149,95,0
150,95,0
151,95,0
152,95,0
153,95,0
154,95,0
155,95,0
156,95,0
157,95,0
158,95,0
159,95,0
160,95,0
161,95,0
162,95,0
163,95,0
164,95,0
165,95,0
166,95,0
167,95,0
168,95,0
169,95,0
170,95,0
171,95,0
172,95,0
173,95,0
174,95,0
175,95,0
176,95,0
177,95,1
178,95,16
179,95,14
180,95,12
181,95,11
182,95,11
183,95,11
184,95,13
185,95,11
186,95,8
187,95,7
188,95,6
189,95,6
190,95,6
191,95,6
192,95,5
193,95,5
194,95,5
195,95,5
196,95,5
197,95,4
198,95,4
199,95,4
200,95,4
201,95,4
202,95,4
203,95,4
204,95,4
205,95,4
206,95,4
207,95,4
208,95,4
209,95,4
210,95,4
211,95,4
212,95,4
213,95,3
214,95,3
215,95,3
216,95,3
217,95,3
218,95,3
219,95,3
220,95,3
221,95,3
222,95,3
223,95,3
224,95,3
225,95,3
226,95,3
227,95,3
228,95,3
229,95,3
230,95,3
231,95,3
232,95,3
233,95,3
234,95,3
235,95,3
236,95,3
237,95,3
238,95,3
239,95,3
240,95,3
241,95,3
242,95,3
243,95,3
244,95,3
245,95,3
246,95,3
247,95,3
248,95,3
249,95,3
250,95,3
251,95,3
252,95,3
253,95,2
254,95,2
255,95,2
0,96,0
1,96,0
2,96,0
3,96,0
4,96,0
5,96,0
6,96,0
7,96,0
8,96,0
9,96,17
10,96,0
11,96,0
12,96,0
13,96,31
14,96,23
15,96,22
16,96,24
17,96,59
18,96,28
19,96,16
20,96,14
21,96,14
22,96,13
23,96,12
24,96,12
25,96,12
26,96,12
27,96,12
28,96,12
29,96,12
30,96,12
31,96,13
32,96,14
33,96,53
34,96,0
35,96,11
36,96,41
37,96,0
38,96,0
39,96,0
40,96,0
41,96,0
42,96,0
43,96,0
44,96,0
45,96,0
46,96,0
47,96,0
48,96,0
49,96,0
50,96,0
51,96,0
52,96,0
53,96,0
54,96,0
55,96,0
56,96,0
57,96,0
58,96,0
59,96,0
60,96,0
61,96,0
62,96,0
63,96,0
64,96,0
65,96,0
66,96,0
67,96,0
68,96,0
69,96,0
70,96,0
71,96,0
72,96,0
73,96,0
74,96,0
75,96,0
76,96,0
77,96,0
78,96,0
79,96,0
80,96,0
81,96,0
82,96,0
83,96,0
84,96,0
85,96,0
86,96,0
87,96,0
88,96,0
89,96,0
90,96,0
91,96,0
92,96,0
93,96,0
94,96,0
95,96,0
96,96,0
97,96,0
98,96,0
99,96,0
100,96,0
101,96,0
102,96,0
103,96,0
104,96,0
105,96,0
106,96,0
107,96,0
108,96,0
109,96,0
110,96,0
111,96,0
112,96,0
113,96,0
114,96,0
115,96,0
116,96,0
117,96,0
118,96,0
119,96,0
120,96,0
121,96,0
122,96,0
123,96,0
124,96,0
125,96,0
126,96,0
127,96,0
128,96,0
129,96,0
130,96,0
131,96,0
132,96,0
133,96,0
134,96,0
135,96,0
136,96,0
137,96,0
138,96,0
139,96,0
140,96,0
141,96,0
142,96,0
143,96,0
144,96,0
145,96,0
146,96,0
147,96,0
148,96,0
149,96,0
150,96,0
151,96,0
152,96,0
153,96,0
154,96,0
155,96,0
156,96,0
157,96,0
158,96,0
159,96,0
160,96,0
161,96,0
162,96,0
163,96,0
164,96,0
165,96,0
166,96,0
167,96,0
168,96,0
169,96,0
170,96,0
171,96,0
172,96,0
173,96,0
174,96,0
175,96,0
176,96,12
177,96,22
178,96,18
179,96,19
180,96,17
181,96,13
182,96,12
183,96,12
184,96,13
185,96,22
186,96,8
187,96,7
188,96,6
189,96,6
190,96,6
191,96,6
192,96,5
193,96,5
194,96,5
195,96,5
196,96,5
197,96,4
198,96,4
199,96,4
200,96,4
201,96,4
202,96,4
203,96,4
204,96,4
205,96,4
206,96,4
207,96,4
208,96,4
209,96,4
210,96,4
211,96,4
212,96,4
213,96,3
214,96,3
215,96,3
216,96,3
217,96,3
218,96,3
219,96,3
220,96,3
221,96,3
222,96,3
223,96,3
224,96,3
225,96,3
226,96,3
227,96,3
228,96,3
229,96,3
230,96,3
231,96,3
232,96,3
233,96,3
234,96,3
235,96,3
236,96,3
237,96,3
238,96,3
239,96,3
240,96,3
241,96,3
242,96,3
243,96,3
244,96,3
245,96,3
246,96,3
247,96,3
248,96,3
249,96,3
250,96,3
251,96,3
252,96,3
253,96,2
254,96,2
255,96,2
0,97,0
1,97,0
2,97,0
3,97,0
4,97,0
5,97,0
6,97,0
7,97,0
8,97,0
9,97,0
10,97,0
11,97,0
12,97,13
13,97,44
14,97,0
15,97,43
16,97,0
17,97,51
18,97,38
19,97,18
20,97,17
21,97,32
22,97,16
23,97,13
24,97,13
25,97,12
26,97,12
27,97,12
28,97,12
29,97,12
30,97,13
31,97,13
32,97,14
33,97,17
34,97,39
35,97,58
36,97,0
37,97,0
38,97,0
39,97,0
40,97,0
41,97,0
42,97,0
43,97,0
44,97,0
45,97,0
46,97,0
47,97,0
48,97,0
49,97,0
50,97,0
51,97,0
52,97,0
53,97,0
54,97,0
55,97,0
56,97,0
57,97,0
58,97,0
59,97,0
60,97,0
61,97,0
62,97,0
63,97,0
64,97,0
65,97,0
66,97,0
67,97,0
68,97,0
69,97,0
70,97,0
71,97,0
72,97,0
73,97,0
74,97,0
75,97,0
76,97,0
77,97,0
78,97,0
79,97,0
80,97,0
81,97,0
82,97,0
83,97,0
84,97,0
85,97,0
86,97,0
87,97,0
88,97,0
89,97,0
90,97,0
91,97,0
92,97,0
93,97,0
94,97,0
95,97,0
96,97,0
97,97,0
98,97,0
99,97,0
100,97,0
101,97,0
102,97,0
103,97,0
104,97,0
105,97,0
106,97,0
107,97,0
108,97,0
109,97,0
110,97,0
111,97,0
112,97,0
113,97,0
114,97,0
115,97,0
116,97,0
117,97,0
118,97,0
119,97,0
120,97,0
121,97,0
122,97,0
123,97,0
124,97,0
125,97,0
126,97,0
127,97,0
128,97,0
129,97,0
130,97,0
131,97,0
132,97,0
133,97,0
134,97,0
135,97,0
136,97,0
137,97,0
138,97,0
139,97,0
140,97,0
141,97,0
142,97,0
143,97,0
144,97,0
145,97,0
146,97,0
147,97,0
148,97,0
149,97,0
150,97,0
151,97,0
152,97,0
153,97,0
154,97,0
155,97,0
156,97,0
157,97,0
158,97,0
159,97,0
160,97,0
161,97,0
162,97,0
163,97,0
164,97,0
165,97,0
166,97,0
167,97,0
168,97,0
169,97,0
170,97,0
171,97,0
172,97,0
173,97,0
174,97,0
175,97,0
176,97,0
177,97,31
178,97,0
179,97,32
180,97,57
181,97,15
182,97,14
183,97,15
184,97,19
185,97,19
186,97,8
187,97,7
188,97,6
189,97,6
190,97,6
191,97,5
192,97,5
193,97,5
194,97,5
195,97,5
196,97,5
197,97,4
198,97,4
199,97,4
200,97,4
201,97,4
202,97,4
203,97,4
204,97,4
205,97,4
206,97,4
207,97,4
208,97,4
209,97,4
210,97,4
211,97,4
212,97,4
213,97,3
214,97,3
215,97,3
216,97,3
217,97,3
218,97,3
219,97,3
220,97,3
221,97,3
222,97,3
223,97,3
224,97,3
225,97,3
226,97,3
227,97,3
228,97,3
229,97,3
230,97,3
231,97,3
232,97,3
233,97,3
234,97,3
235,97,3
236,97,3
237,97,3
238,97,3
239,97,3
240,97,3
241,97,3
242,97,3
243,97,3
244,97,3
245,97,3
246,97,3
247,97,3
248,97,3
249,97,3
250,97,3
251,97,3
252,97,3
253,97,3
254,97,2
255,97,2
0,98,0
1,98,0
2,98,0
3,98,0
4,98,0
5,98,0
6,98,0
7,98,0
8,98,0
9,98,0
10,98,0
11,98,0
12,98,0
13,98,0
14,98,0
15,98,45
16,98,0
17,98,0
18,98,37
19,98,21
20,98,47
21,98,24
22,98,16
23,98,14
24,98,13
25,98,13
26,98,13
27,98,13
28,98,13
29,98,13
30,98,13
31,98,14
32,98,14
33,98,16
34,98,19
35,98,25
36,98,34
37,98,0
38,98,0
39,98,0
40,98,0
41,98,0
42,98,0
43,98,0
44,98,0
45,98,0
46,98,0
47,98,0
48,98,0
49,98,0
50,98,0
51,98,0
52,98,0
53,98,0
54,98,0
55,98,0
56,98,0
57,98,0
58,98,0
59,98,0
60,98,0
61,98,0
62,98,0
63,98,0
64,98,0
65,98,0
66,98,0
67,98,0
68,98,0
69,98,0
70,98,0
71,98,0
72,98,0
73,98,0
74,98,0
75,98,0
76,98,0
77,98,0
78,98,0
79,98,0
80,98,0
81,98,0
82,98,0
83,98,0
84,98,0
85,98,0
86,98,0
87,98,0
88,98,0
89,98,0
90,98,0
91,98,0
92,98,0
93,98,0
94,98,0
95,98,0
96,98,0
97,98,0
98,98,0
99,98,0
100,98,0
101,98,0
102,98,0
103,98,0
104,98,0
105,98,0
106,98,0
107,98,0
108,98,0
109,98,0
110,98,0
111,98,0
112,98,0
113,98,0
114,98,0
115,98,0
116,98,0
117,98,0
118,98,0
119,98,0
120,98,0
121,98,0
122,98,0
123,98,0
124,98,0
125,98,0
126,98,0
127,98,0
128,98,0
129,98,0
130,98,0
131,98,0
132,98,0
133,98,0
134,98,0
135,98,0
136,98,0
137,98,0
138,98,0
139,98,0
140,98,0
141,98,0
142,98,0
143,98,0
144,98,0
145,98,0
146,98,0
147,98,0
148,98,0
149,98,0
150,98,0
151,98,0
152,98,0
153,98,0
154,98,0
155,98,0
156,98,0
157,98,0
158,98,0
159,98,0
160,98,0
161,98,0
162,98,0
163,98,0
164,98,0
165,98,0
166,98,0
167,98,0
168,98,0
169,98,0
170,98,0
171,98,0
172,98,0
173,98,0
174,98,0
175,98,0
176,98,0
177,98,0
178,98,0
179,98,0
180,98,35
181,98,18
182,98,17
183,98,33
184,98,21
185,98,12
186,98,8
187,98,7
188,98,6
189,98,6
190,98,6
191,98,5
192,98,5
193,98,5
194,98,5
195,98,5
196,98,5
197,98,4
198,98,4
199,98,4
200,98,4
201,98,4
202,98,4
203,98,4
204,98,4
205,98,4
206,98,4
207,98,4
208,98,4
209,98,4
210,98,4
211,98,4
212,98,4
213,98,3
214,98,3
215,98,3
216,98,3
217,98,3
218,98,3
219,98,3
220,98,3
221,98,3
222,98,3
223,98,3
224,98,3
225,98,3
226,98,3
227,98,3
228,98,3
229,98,3
230,98,3
231,98,3
232,98,3
233,98,3
234,98,3
235,98,3
236,98,3
237,98,3
238,98,3
239,98,3
240,98,3
241,98,3
242,98,3
243,98,3
244,98,3
245,98,3
246,98,3
247,98,3
248,98,3
249,98,3
250,98,3
251,98,3
252,98,3
253,98,3
254,98,2
255,98,2
0,99,0
1,99,0
2,99,0
3,99,0
4,99,0
5,99,0
6,99,0
7,99,0
8,99,0
9,99,0
10,99,0
11,99,0
12,99,0
13,99,0
14,99,0
15,99,0
16,99,0
17,99,0
18,99,33
19,99,25
20,99,26
21,99,43
22,99,18
23,99,15
24,99,14
25,99,13
26,99,13
27,99,13
28,99,13
29,99,13
30,99,14
31,99,14
32,99,15
33,99,17
34,99,58
35,99,31
36,99,46
37,99,0
38,99,0
39,99,0
40,99,0
41,99,0
42,99,0
43,99,0
44,99,0
45,99,0
46,99,0
47,99,0
48,99,0
49,99,0
50,99,0
51,99,0
52,99,0
53,99,0
54,99,0
55,99,0
56,99,0
57,99,0
58,99,0
59,99,0
60,99,0
61,99,0
62,99,0
63,99,0
64,99,0
65,99,0
66,99,0
67,99,0
68,99,0
69,99,0
70,99,0
71,99,0
72,99,0
73,99,0
74,99,0
75,99,0
76,99,0
77,99,0
78,99,0
79,99,0
80,99,0
81,99,0
82,99,0
83,99,0
84,99,0
85,99,0
86,99,0
87,99,0
88,99,0
89,99,0
90,99,0
91,99,0
92,99,0
93,99,0
94,99,0
95,99,0
96,99,0
97,99,0
98,99,0
99,99,0
100,99,0
101,99,0
102,99,0
103,99,0
104,99,0
105,99,0
106,99,0
107,99,0
108,99,0
109,99,0
110,99,0
111,99,0
112,99,0
113,99,0
114,99,0
115,99,0
116,99,0
117,99,0
118,99,0
119,99,0
120,99,0
121,99,0
122,99,0
123,99,0
124,99,0
125,99,0
126,99,0
127,99,0
128,99,0
129,99,0
130,99,0
131,99,0
132,99,0
133,99,0
134,99,0
135,99,0
136,99,0
137,99,0
138,99,0
139,99,0
140,99,0
141,99,0
142,99,0
143,99,0
144,99,0
145,99,0
146,99,0
147,99,0
148,99,0
149,99,0
150,99,0
151,99,0
152,99,0
153,99,0
154,99,0
155,99,0
156,99,0
157,99,0
158,99,0
159,99,0
160,99,0
161,99,0
162,99,0
163,99,0
164,99,0
165,99,0
166,99,0
167,99,0
168,99,0
169,99,0
170,99,0
171,99,0
172,99,0
173,99,0
174,99,0
175,99,0
176,99,0
177,99,0
178,99,0
179,99,0
180,99,58
181,99,0
182,99,38
183,99,25
184,99,13
185,99,10
186,99,8
187,99,7
188,99,6
189,99,6
190,99,6
191,99,5
192,99,5
193,99,5
194,99,5
195,99,5
196,99,5
197,99,4
198,99,4
199,99,4
200,99,4
201,99,4
202,99,4
203,99,4
204,99,4
205,99,4
206,99,4
207,99,4
208,99,4
209,99,4
210,99,4
211,99,4
212,99,4
213,99,4
214,99,3
215,99,3
216,99,3
217,99,3
218,99,3
219,99,3
220,99,3
221,99,3
222,99,3
223,99,3
224,99,3
225,99,3
226,99,3
227,99,3
228,99,3
229,99,3
230,99,3
231,99,3
232,99,3
233,99,3
234,99,3
235,99,3
236,99,3
237,99,3
238,99,3
239,99,3
240,99,3
241,99,3
242,99,3
243,99,3
244,99,3
245,99,3
246,99,3
247,99,3
248,99,3
249,99,3
250,99,3
251,99,3
252,99,3
253,99,3
254,99,2
255,99,2
0,100,0
1,100,0
2,100,0
3,100,0
4,100,0
5,100,0
6,100,0
7,100,0
8,100,0
9,100,0
10,100,0
11,100,0
12,100,0
13,100,0
14,100,0
15,100,0
16,100,0
17,100,0
18,100,53
19,100,34
20,100,37
21,100,43
22,100,33
23,100,17
24,100,16
25,100,14
26,100,14
27,100,14
28,100,14
29,100,14
30,100,14
31,100,14
32,100,16
33,100,32
34,100,0
35,100,57
36,100,0
37,100,0
38,100,0
39,100,0
40,100,0
41,100,0
42,100,0
43,100,0
44,100,0
45,100,0
46,100,0
47,100,0
48,100,0
49,100,0
50,100,0
51,100,0
52,100,0
53,100,0
54,100,0
55,100,0
56,100,0
57,100,0
58,100,0
59,100,0
60,100,0
61,100,0
62,100,0
63,100,0
64,100,0
65,100,0
66,100,0
67,100,0
68,100,0
69,100,0
70,100,0
71,100,0
72,100,0
73,100,0
74,100,0
75,100,0
76,100,0
77,100,0
78,100,0
79,100,0
80,100,0
81,100,0
82,100,0
83,100,0
84,100,0
85,100,0
86,100,0
87,100,0
88,100,0
89,100,0
90,100,0
91,100,0
92,100,0
93,100,0
94,100,0
95,100,0
96,100,0
97,100,0
98,100,0
99,100,0
100,100,0
101,100,0
102,100,0
103,100,0
104,100,0
105,100,0
106,100,0
107,100,0
108,100,0
109,100,0
110,100,0
111,100,0
112,100,0
113,100,0
114,100,0
115,100,0
116,100,0
117,100,0
118,100,0
119,100,0
120,100,0
121,100,0
122,100,0
123,100,0
124,100,0
125,100,0
126,100,0
127,100,0
128,100,0
129,100,0
130,100,0
131,100,0
132,100,0
133,100,0
134,100,0
135,100,0
136,100,0
137,100,0
138,100,0
139,100,0
140,100,0
141,100,0
142,100,0
143,100,0
144,100,0
145,100,0
146,100,0
147,100,0
148,100,0
149,100,0
150,100,0
151,100,0
152,100,0
153,100,0
154,100,0
155,100,0
156,100,0
157,100,0
158,100,0
159,100,0
160,100,0
161,100,0
162,100,0
163,100,0
164,100,0
165,100,0
166,100,0
167,100,0
168,100,0
169,100,0
170,100,0
171,100,0
172,100,0
173,100,0
174,100,0
175,100,0
176,100,0
177,100,0
178,100,0
179,100,0
180,100,0
181,100,0
182,100,30
183,100,33
184,100,50
185,100,14
186,100,8
187,100,7
188,100,6
189,100,6
190,100,6
191,100,5
192,100,5
193,100,5
194,100,5
195,100,5
196,100,5
197,100,4
198,100,4
199,100,4
200,100,4
201,100,4
202,100,4
203,100,4
204,100,4
205,100,4
206,100,4
207,100,4
208,100,4
209,100,4
210,100,4
211,100,4
212,100,4
213,100,4
214,100,3
215,100,3
216,100,3
217,100,3
218,100,3
219,100,3
220,100,3
221,100,3
222,100,3
223,100,3
224,100,3
225,100,3
226,100,3
227,100,3
228,100,3
229,100,3
230,100,3
231,100,3
232,100,3
233,100,3
234,100,3
235,100,3
236,100,3
237,100,3
238,100,3
239,100,3
240,100,3
241,100,3
242,100,3
243,100,3
244,100,3
245,100,3
246,100,3
247,100,3
248,100,3
249,100,3
250,100,3
251,100,3
252,100,3
253,100,3
254,100,2
255,100,2
0,101,0
1,101,0
2,101,0
3,101,0
4,101,0
5,101,0
6,101,0
7,101,0
8,101,0
9,101,0
10,101,0
11,101,0
12,101,0
13,101,0
14,101,0
15,101,0
16,101,0
17,101,0
18,101,0
19,101,0
20,101,0
21,101,0
22,101,55
23,101,50
24,101,43
25,101,16
26,101,15
27,101,14
28,101,14
29,101,14
30,101,15
31,101,15
32,101,16
33,101,25
34,101,41
35,101,0
36,101,0
37,101,0
38,101,0
39,101,0
40,101,0
41,101,0
42,101,0
43,101,0
44,101,0
45,101,0
46,101,0
47,101,0
48,101,0
49,101,0
50,101,0
51,101,0
52,101,0
53,101,0
54,101,0
55,101,0
56,101,0
57,101,0
58,101,0
59,101,0
60,101,0
61,101,0
62,101,0
63,101,0
64,101,0
65,101,0
66,101,0
67,101,0
68,101,0
69,101,0
70,101,0
71,101,0
72,101,0
73,101,0
74,101,0
75,101,0
76,101,0
77,101,0
78,101,0
79,101,0
80,101,0
81,101,0
82,101,0
83,101,0
84,101,0
85,101,0
86,101,0
87,101,0
88,101,0
89,101,0
90,101,0
91,101,0
92,101,0
93,101,0
94,101,0
95,101,0
96,101,0
97,101,0
98,101,0
99,101,0
100,101,0
101,101,0
102,101,0
103,101,0
104,101,0
105,101,0
106,101,0
107,101,0
108,101,0
109,101,0
110,101,0
111,101,0
112,101,0
113,101,0
114,101,0
115,101,0
116,101,0
117,101,0
118,101,0
119,101,0
120,101,0
121,101,0
122,101,0
123,101,0
124,101,0
125,101,0
126,101,0
127,101,0
128,101,0
129,101,0
130,101,0
131,101,0
132,101,0
133,101,0
134,101,0
135,101,0
136,101,0
137,101,0
138,101,0
139,101,0
140,101,0
141,101,0
142,101,0
143,101,0
144,101,0
145,101,0
146,101,0
147,101,0
148,101,0
149,101,0
150,101,0
151,101,0
152,101,0
153,101,0
154,101,0
155,101,0
156,101,0
157,101,0
158,101,0
159,101,0
160,101,0
161,101,0
162,101,0
163,101,0
164,101,0
165,101,0
166,101,0
167,101,0
168,101,0
169,101,0
170,101,0
171,101,0
172,101,0
173,101,0
174,101,0
175,101,0
176,101,0
177,101,0
178,101,0
179,101,45
180,101,23
181,101,24
182,101,39
183,101,21
184,101,13
185,101,9
186,101,7
187,101,7
188,101,6
189,101,6
190,101,5
191,101,5
192,101,5
193,101,5
194,101,5
195,101,5
196,101,5
197,101,4
198,101,4
199,101,4
200,101,4
201,101,4
202,101,4
203,101,4
204,101,4
205,101,4
206,101,4
207,101,4
208,101,4
209,101,4
210,101,4
211,101,4
212,101,4
213,101,4
214,101,3
215,101,3
216,101,3
217,101,3
218,101,3
219,101,3
220,101,3
221,101,3
222,101,3
223,101,3
224,101,3
225,101,3
226,101,3
227,101,3
228,101,3
229,101,3
230,101,3
231,101,3
232,101,3
233,101,3
234,101,3
235,101,3
236,101,3
237,101,3
238,101,3
239,101,3
240,101,3
241,101,3
242,101,3
243,101,3
244,101,3
245,101,3
246,101,3
247,101,3
248,101,3
249,101,3
250,101,3
251,101,3
252,101,3
253,101,3
254,101,2
255,101,2
0,102,0
1,102,0
2,102,0
3,102,0
4,102,0
5,102,0
6,102,0
7,102,0
8,102,0
9,102,0
10,102,0
11,102,0
12,102,0
13,102,0
14,102,0
15,102,0
16,102,0
17,102,0
18,102,0
19,102,0
20,102,0
21,102,0
22,102,32
23,102,31
24,102,28
25,102,17
26,102,15
27,102,15
28,102,15
29,102,15
30,102,15
31,102,16
32,102,17
33,102,19
34,102,39
35,102,39
36,102,0
37,102,0
38,102,0
39,102,0
40,102,0
41,102,0
42,102,0
43,102,0
44,102,0
45,102,0
46,102,0
47,102,0
48,102,0
49,102,0
50,102,0
51,102,0
52,102,0
53,102,0
54,102,0
55,102,0
56,102,0
57,102,0
58,102,0
59,102,0
60,102,0
61,102,0
62,102,0
63,102,0
64,102,0
65,102,0
66,102,0
67,102,0
68,102,0
69,102,0
70,102,0
71,102,0
72,102,0
73,102,0
74,102,0
75,102,0
76,102,0
77,102,0
78,102,0
79,102,0
80,102,0
81,102,0
82,102,0
83,102,0
84,102,0
85,102,0
86,102,0
87,102,0
88,102,0
89,102,0
90,102,0
91,102,0
92,102,0
93,102,0
94,102,0
95,102,0
96,102,0
97,102,0
98,102,0
99,102,0
100,102,0
101,102,0
102,102,0
103,102,0
104,102,0
105,102,0
106,102,0
107,102,0
108,102,0
109,102,0
110,102,0
111,102,0
112,102,0
113,102,0
114,102,0
115,102,0
116,102,0
117,102,0
118,102,0
119,102,0
120,102,0
121,102,0
122,102,0
123,102,0
124,102,0
125,102,0
126,102,0
127,102,0
128,102,0
129,102,0
130,102,0
131,102,0
132,102,0
133,102,0
134,102,0
135,102,0
136,102,0
137,102,0
138,102,0
139,102,0
140,102,0
141,102,0
142,102,0
143,102,0
144,102,0
145,102,0
146,102,0
147,102,0
148,102,0
149,102,0
150,102,0
151,102,0
152,102,0
153,102,0
154,102,0
155,102,0
156,102,0
157,102,0
158,102,0
159,102,0
160,102,0
161,102,0
162,102,0
163,102,0
164,102,0
165,102,0
166,102,0
167,102,0
168,102,0
169,102,0
170,102,0
171,102,0
172,102,0
173,102,0
174,102,0
175,102,0
176,102,0
177,102,23
178,102,27
179,102,19
180,102,25
181,102,15
182,102,15
183,102,36
184,102,9
185,102,8
186,102,7
187,102,6
188,102,6
189,102,6
190,102,5
191,102,5
192,102,5
193,102,5
194,102,5
195,102,5
196,102,5
197,102,4
198,102,4
199,102,4
200,102,4
201,102,4
202,102,4
203,102,4
204,102,4
205,102,4
206,102,4
207,102,4
208,102,4
209,102,4
210,102,4
211,102,4
212,102,4
213,102,4
214,102,3
215,102,3
216,102,3
217,102,3
218,102,3
219,102,3
220,102,3
221,102,3
222,102,3
223,102,3
224,102,3
225,102,3
226,102,3
227,102,3
228,102,3
229,102,3
230,102,3
231,102,3
232,102,3
233,102,3
234,102,3
235,102,3
236,102,3
237,102,3
238,102,3
239,102,3
240,102,3
241,102,3
242,102,3
243,102,3
244,102,3
245,102,3
246,102,3
247,102,3
248,102,3
249,102,3
250,102,3
251,102,3
252,102,3
253,102,3
254,102,2
255,102,2
0,103,0
1,103,0
2,103,0
3,103,0
4,103,0
5,103,0
6,103,0
7,103,0
8,103,0
9,103,0
10,103,0
11,103,0
12,103,0
13,103,0
14,103,0
15,103,0
16,103,0
17,103,0
18,103,0
19,103,0
20,103,0
21,103,0
22,103,6
23,103,5
24,103,50
25,103,19
26,103,17
27,103,16
28,103,15
29,103,16
30,103,16
31,103,16
32,103,17
33,103,25
34,103,51
35,103,0
36,103,0
37,103,0
38,103,0
39,103,0
40,103,0
41,103,0
42,103,0
43,103,0
44,103,0
45,103,0
46,103,0
47,103,0
48,103,0
49,103,0
50,103,0
51,103,0
52,103,0
53,103,0
54,103,0
55,103,0
56,103,0
57,103,0
58,103,0
59,103,0
60,103,0
61,103,0
62,103,0
63,103,0
64,103,0
65,103,0
66,103,0
67,103,0
68,103,0
69,103,0
70,103,0
71,103,0
72,103,0
73,103,0
74,103,0
75,103,0
76,103,0
77,103,0
78,103,0
79,103,0
80,103,0
81,103,0
82,103,0
83,103,0
84,103,0
85,103,0
86,103,0
87,103,0
88,103,0
89,103,0
90,103,0
91,103,0
92,103,0
93,103,0
94,103,0
95,103,0
96,103,0
97,103,0
98,103,0
99,103,0
100,103,0
101,103,0
102,103,0
103,103,0
104,103,0
105,103,0
106,103,0
107,103,0
108,103,0
109,103,0
110,103,0
111,103,0
112,103,0
113,103,0
114,103,0
115,103,0
116,103,0
117,103,0
118,103,0
119,103,0
120,103,0
121,103,0
122,103,0
123,103,0
124,103,0
125,103,0
126,103,0
127,103,0
128,103,0
129,103,0
130,103,0
131,103,0
132,103,0
133,103,0
134,103,0
135,103,0
136,103,0
137,103,0
138,103,0
139,103,0
140,103,0
141,103,0
142,103,0
143,103,0
144,103,0
145,103,0
146,103,0
147,103,0
148,103,0
149,103,0
150,103,0
151,103,0
152,103,0
153,103,0
154,103,0
155,103,0
156,103,0
157,103,0
158,103,0
159,103,0
160,103,0
161,103,0
162,103,0
163,103,0
164,103,0
165,103,0
166,103,0
167,103,0
168,103,0
169,103,0
170,103,0
171,103,0
172,103,0
173,103,0
174,103,0
175,103,0
176,103,0
177,103,21
178,103,16
179,103,14
180,103,12
181,103,11
182,103,10
183,103,9
184,103,8
185,103,7
186,103,7
187,103,6
188,103,6
189,103,6
190,103,5
191,103,5
192,103,5
193,103,5
194,103,5
195,103,5
196,103,5
197,103,4
198,103,4
199,103,4
200,103,4
201,103,4
202,103,4
203,103,4
204,103,4
205,103,4
206,103,4
207,103,4
208,103,4
209,103,4
210,103,4
211,103,4
212,103,4
213,103,4
214,103,3
215,103,3
216,103,3
217,103,3
218,103,3
219,103,3
220,103,3
221,103,3
222,103,3
223,103,3
224,103,3
225,103,3
226,103,3
227,103,3
228,103,3
229,103,3
230,103,3
231,103,3
232,103,3
233,103,3
234,103,3
235,103,3
236,103,3
237,103,3
238,103,3
239,103,3
240,103,3
241,103,3
242,103,3
243,103,3
244,103,3
245,103,3
246,103,3
247,103,3
248,103,3
249,103,3
250,103,3
251,103,3
252,103,3
253,103,3
254,103,3
255,103,2
0,104,0
1,104,0
2,104,0
3,104,0
4,104,0
5,104,0
6,104,0
7,104,0
8,104,0
9,104,0
10,104,0
11,104,0
12,104,0
13,104,0
14,104,0
15,104,0
16,104,0
17,104,0
18,104,0
19,104,0
20,104,0
21,104,0
22,104,0
23,104,0
24,104,50
25,104,42
26,104,46
27,104,17
28,104,16
29,104,16
30,104,16
31,104,17
32,104,19
33,104,47
34,104,54
35,104,0
36,104,0
37,104,0
38,104,0
39,104,0
40,104,0
41,104,0
42,104,0
43,104,0
44,104,0
45,104,0
46,104,0
47,104,0
48,104,0
49,104,0
50,104,0
51,104,0
52,104,0
53,104,0
54,104,0
55,104,0
56,104,0
57,104,0
58,104,0
59,104,0
60,104,0
61,104,0
62,104,0
63,104,0
64,104,0
65,104,0
66,104,0
67,104,0
68,104,0
69,104,0
70,104,0
71,104,0
72,104,0
73,104,0
74,104,0
75,104,0
76,104,0
77,104,0
78,104,0
79,104,0
80,104,0
81,104,0
82,104,0
83,104,0
84,104,0
85,104,0
86,104,0
87,104,0
88,104,0
89,104,0
90,104,0
91,104,0
92,104,0
93,104,0
94,104,0
95,104,0
96,104,0
97,104,0
98,104,0
99,104,0
100,104,0
101,104,0
102,104,0
103,104,0
104,104,0
105,104,0
106,104,0
107,104,0
108,104,0
109,104,0
110,104,0
111,104,0
112,104,0
113,104,0
114,104,0
115,104,0
116,104,0
117,104,0
118,104,0
119,104,0
120,104,0
121,104,0
122,104,0
123,104,0
124,104,0
125,104,0
126,104,0
127,104,0
128,104,0
129,104,0
130,104,0
131,104,0
132,104,0
133,104,0
134,104,0
135,104,0
136,104,0
137,104,0
138,104,0
139,104,0
140,104,0
141,104,0
142,104,0
143,104,0
144,104,0
145,104,0
146,104,0
147,104,0
148,104,0
149,104,0
150,104,0
151,104,0
152,104,0
153,104,0
154,104,0
155,104,0
156,104,0
157,104,0
158,104,0
159,104,0
160,104,0
161,104,0
162,104,0
163,104,0
164,104,0
165,104,0
166,104,0
167,104,0
168,104,0
169,104,0
170,104,0
171,104,0
172,104,0
173,104,0
174,104,0
175,104,0
176,104,0
177,104,0
178,104,9
179,104,12
180,104,11
181,104,10
182,104,9
183,104,8
184,104,8
185,104,7
186,104,7
187,104,6
188,104,6
189,104,6
190,104,5
191,104,5
192,104,5
193,104,5
194,104,5
195,104,5
196,104,5
197,104,4
198,104,4
199,104,4
200,104,4
201,104,4
202,104,4
203,104,4
204,104,4
205,104,4
206,104,4
207,104,4
208,104,4
209,104,4
210,104,4
211,104,4
212,104,4
213,104,4
214,104,3
215,104,3
216,104,3
217,104,3
218,104,3
219,104,3
220,104,3
221,104,3
222,104,3
223,104,3
224,104,3
225,104,3
226,104,3
227,104,3
228,104,3
229,104,3
230,104,3
231,104,3
232,104,3
233,104,3
234,104,3
235,104,3
236,104,3
237,104,3
238,104,3
239,104,3
240,104,3
241,104,3
242,104,3
243,104,3
244,104,3
245,104,3
246,104,3
247,104,3
248,104,3
249,104,3
250,104,3
251,104,3
252,104,3
253,104,3
254,104,3
255,104,2
0,105,0
1,105,0
2,105,0
3,105,0
4,105,0
5,105,0
6,105,0
7,105,0
8,105,0
9,105,0
10,105,0
11,105,0
12,105,0
13,105,0
14,105,0
15,105,0
16,105,0
17,105,0
18,105,0
19,105,0
20,105,0
21,105,0
22,105,0
23,105,0
24,105,0
25,105,36
26,105,23
27,105,18
28,105,17
29,105,17
30,105,17
31,105,18
32,105,19
33,105,5
34,105,38
35,105,0
36,105,0
37,105,0
38,105,0
39,105,0
40,105,0
41,105,0
42,105,0
43,105,0
44,105,0
45,105,0
46,105,0
47,105,0
48,105,0
49,105,0
50,105,0
51,105,0
52,105,0
53,105,0
54,105,0
55,105,0
56,105,0
57,105,0
58,105,0
59,105,0
60,105,0
61,105,0
62,105,0
63,105,0
64,105,0
65,105,0
66,105,0
67,105,0
68,105,0
69,105,0
70,105,0
71,105,0
72,105,0
73,105,0
74,105,0
75,105,0
76,105,0
77,105,0
78,105,0
79,105,0
80,105,0
81,105,0
82,105,0
83,105,0
84,105,0
85,105,0
86,105,0
87,105,0
88,105,0
89,105,0
90,105,0
91,105,0
92,105,0
93,105,0
94,105,0
95,105,0
96,105,0
97,105,0
98,105,0
99,105,0
100,105,0
101,105,0
102,105,0
103,105,0
104,105,0
105,105,0
106,105,0
107,105,0
108,105,0
109,105,0
110,105,0
111,105,0
112,105,0
113,105,0
114,105,0
115,105,0
116,105,0
117,105,0
118,105,0
119,105,0
120,105,0
121,105,0
122,105,0
123,105,0
124,105,0
125,105,0
126,105,0
127,105,0
128,105,0
129,105,0
130,105,0
131,105,0
132,105,0
133,105,0
134,105,0
135,105,0
136,105,0
137,105,0
138,105,0
139,105,0
140,105,0
141,105,0
142,105,0
143,105,0
144,105,0
145,105,0
146,105,0
147,105,0
148,105,0
149,105,0
150,105,0
151,105,0
152,105,0
153,105,0
154,105,0
155,105,0
156,105,0
157,105,0
158,105,0
159,105,0
160,105,0
161,105,0
162,105,0
163,105,0
164,105,0
165,105,0
166,105,0
167,105,0
168,105,0
169,105,0
170,105,0
171,105,0
172,105,0
173,105,0
174,105,0
175,105,0
176,105,38
177,105,31
178,105,14
179,105,12
180,105,11
181,105,10
182,105,9
183,105,8
184,105,7
185,105,7
186,105,7
187,105,6
188,105,6
189,105,5
190,105,5
191,105,5
192,105,5
193,105,5
194,105,5
195,105,5
196,105,5
197,105,4
198,105,4
199,105,4
200,105,4
201,105,4
202,105,4
203,105,4
204,105,4
205,105,4
206,105,4
207,105,4
208,105,4
209,105,4
210,105,4
211,105,4
212,105,4
213,105,4
214,105,3
215,105,3
216,105,3
217,105,3
218,105,3
219,105,3
220,105,3
221,105,3
222,105,3
223,105,3
224,105,3
225,105,3
226,105,3
227,105,3
228,105,3
229,105,3
230,105,3
231,105,3
232,105,3
233,105,3
234,105,3
235,105,3
236,105,3
237,105,3
238,105,3
239,105,3
240,105,3
241,105,3
242,105,3
243,105,3
244,105,3
245,105,3
246,105,3
247,105,3
248,105,3
249,105,3
250,105,3
251,105,3
252,105,3
253,105,3
254,105,3
255,105,2
0,106,0
1,106,0
2,106,0
3,106,0
4,106,0
5,106,0
6,106,0
7,106,0
8,106,0
9,106,0
10,106,0
11,106,0
12,106,0
13,106,0
14,106,0
15,106,0
16,106,0
17,106,0
18,106,0
19,106,0
20,106,0
21,106,0
22,106,0
23,106,0
24,106,0
25,106,0
26,106,33
27,106,60
28,106,19
29,106,18
30,106,18
31,106,18
32,106,20
33,106,0
34,106,0
35,106,0
36,106,0
37,106,0
38,106,0
39,106,0
40,106,0
41,106,0
42,106,0
43,106,0
44,106,0
45,106,0
46,106,0
47,106,0
48,106,0
49,106,0
50,106,0
51,106,0
52,106,0
53,106,0
54,106,0
55,106,0
56,106,0
57,106,0
58,106,0
59,106,0
60,106,0
61,106,0
62,106,0
63,106,0
64,106,0
65,106,0
66,106,0
67,106,0
68,106,0
69,106,0
70,106,0
71,106,0
72,106,0
73,106,0
74,106,0
75,106,0
76,106,0
77,106,0
78,106,0
79,106,0
80,106,0
81,106,0
82,106,0
83,106,0
84,106,0
85,106,0
86,106,0
87,106,0
88,106,0
89,106,0
90,106,0
91,106,0
92,106,0
93,106,0
94,106,0
95,106,0
96,106,0
97,106,0
98,106,0
99,106,0
100,106,0
101,106,0
102,106,0
103,106,0
104,106,0
105,106,0
106,106,0
107,106,0
108,106,0
109,106,0
110,106,0
111,106,0
112,106,0
113,106,0
114,106,0
115,106,0
116,106,0
117,106,0
118,106,0
119,106,0
120,106,0
121,106,0
122,106,0
123,106,0
124,106,0
125,106,0
126,106,0
127,106,0
128,106,0
129,106,0
130,106,0
131,106,0
132,106,0
133,106,0
134,106,0
135,106,0
136,106,0
137,106,0
138,106,0
139,106,0
140,106,0
141,106,0
142,106,0
143,106,0
144,106,0
145,106,0
146,106,0
147,106,0
148,106,0
149,106,0
150,106,0
151,106,0
152,106,0
153,106,0
154,106,0
155,106,0
156,106,0
157,106,0
158,106,0
159,106,0
160,106,0
161,106,0
162,106,0
163,106,0
164,106,0
165,106,0
166,106,0
167,106,0
168,106,0
169,106,0
170,106,0
171,106,0
172,106,0
173,106,0
174,106,0
175,106,0
176,106,49
177,106,19
178,106,15
179,106,13
180,106,12
181,106,11
182,106,9
183,106,8
184,106,7
185,106,7
186,106,6
187,106,6
188,106,6
189,106,5
190,106,5
191,106,5
192,106,5
193,106,5
194,106,5
195,106,5
196,106,5
197,106,4
198,106,4
199,106,4
200,106,4
201,106,4
202,106,4
203,106,4
204,106,4
205,106,4
206,106,4
207,106,4
208,106,4
209,106,4
210,106,4
211,106,4
212,106,4
213,106,4
214,106,4
215,106,3
216,106,3
217,106,3
218,106,3
219,106,3
220,106,3
221,106,3
222,106,3
223,106,3
224,106,3
225,106,3
226,106,3
227,106,3
228,106,3
229,106,3
230,106,3
231,106,3
232,106,3
233,106,3
234,106,3
235,106,3
236,106,3
237,106,3
238,106,3
239,106,3
240,106,3
241,106,3
242,106,3
243,106,3
244,106,3
245,106,3
246,106,3
247,106,3
248,106,3
249,106,3
250,106,3
251,106,3
252,106,3
253,106,3
254,106,3
255,106,2
0,107,0
1,107,0
2,107,0
3,107,0
4,107,0
5,107,0
6,107,0
7,107,0
8,107,0
9,107,0
10,107,0
11,107,0
12,107,0
13,107,0
14,107,0
15,107,0
16,107,0
17,107,0
18,107,0
19,107,0
20,107,0
21,107,0
22,107,0
23,107,0
24,107,0
25,107,0
26,107,40
27,107,56
28,107,20
29,107,19
30,107,19
31,107,19
32,107,21
33,107,8
34,107,0
35,107,0
36,107,0
37,107,0
38,107,0
39,107,0
40,107,0
41,107,0
42,107,0
43,107,0
44,107,0
45,107,0
46,107,0
47,107,0
48,107,0
49,107,0
50,107,0
51,107,0
52,107,0
53,107,0
54,107,0
55,107,0
56,107,0
57,107,0
58,107,0
59,107,0
60,107,0
61,107,0
62,107,0
63,107,0
64,107,0
65,107,0
66,107,0
67,107,0
68,107,0
69,107,0
70,107,0
71,107,0
72,107,0
73,107,0
74,107,0
75,107,0
76,107,0
77,107,0
78,107,0
79,107,0
80,107,0
81,107,0
82,107,0
83,107,0
84,107,0
85,107,0
86,107,0
87,107,0
88,107,0
89,107,0
90,107,0
91,107,0
92,107,0
93,107,0
94,107,0
95,107,0
96,107,0
97,107,0
98,107,0
99,107,0
100,107,0
101,107,0
102,107,0
103,107,0
104,107,0
105,107,0
106,107,0
107,107,0
108,107,0
109,107,0
110,107,0
111,107,0
112,107,0
113,107,0
114,107,0
115,107,0
116,107,0
117,107,0
118,107,0
119,107,0
120,107,0
121,107,0
122,107,0
123,107,0
124,107,0
125,107,0
126,107,0
127,107,0
128,107,0
129,107,0
130,107,0
131,107,0
132,107,0
133,107,0
134,107,0
135,107,0
136,107,0
137,107,0
138,107,0
139,107,0
140,107,0
141,107,0
142,107,0
143,107,0
144,107,0
145,107,0
146,107,0
147,107,0
148,107,0
149,107,0
150,107,0
151,107,0
152,107,0
153,107,0
154,107,0
155,107,0
156,107,0
157,107,0
158,107,0
159,107,0
160,107,0
161,107,0
162,107,0
163,107,0
164,107,0
165,107,0
166,107,0
167,107,0
168,107,0
169,107,0
170,107,0
171,107,0
172,107,0
173,107,0
174,107,0
175,107,0
176,107,42
177,107,5
178,107,31
179,107,15
180,107,14
181,107,21
182,107,9
183,107,8
184,107,7
185,107,7
186,107,6
187,107,6
188,107,6
189,107,5
190,107,5
191,107,5
192,107,5
193,107,5
194,107,5
195,107,5
196,107,5
197,107,4
198,107,4
199,107,4
200,107,4
201,107,4
202,107,4
203,107,4
204,107,4
205,107,4
206,107,4
207,107,4
208,107,4
209,107,4
210,107,4
211,107,4
212,107,4
213,107,4
214,107,4
215,107,3
216,107,3
217,107,3
218,107,3
219,107,3
220,107,3
221,107,3
222,107,3
223,107,3
224,107,3
225,107,3
226,107,3
227,107,3
228,107,3
229,107,3
230,107,3
231,107,3
232,107,3
233,107,3
234,107,3
235,107,3
236,107,3
237,107,3
238,107,3
239,107,3
240,107,3
241,107,3
242,107,3
243,107,3
244,107,3
245,107,3
246,107,3
247,107,3
248,107,3
249,107,3
250,107,3
251,107,3
252,107,3
253,107,3
254,107,3
255,107,2
0,108,0
1,108,0
2,108,0
3,108,0
4,108,0
5,108,0
6,108,0
7,108,0
8,108,0
9,108,0
10,108,0
11,108,0
12,108,0
13,108,0
14,108,0
15,108,0
16,108,0
17,108,0
18,108,0
19,108,0
20,108,0
21,108,0
22,108,0
23,108,0
24,108,0
25,108,0
26,108,0
27,108,58
28,108,42
29,108,20
30,108,20
31,108,20
32,108,23
33,108,0
34,108,0
35,108,0
36,108,0
37,108,0
38,108,0
39,108,0
40,108,0
41,108,0
42,108,0
43,108,0
44,108,0
45,108,0
46,108,0
47,108,0
48,108,0
49,108,0
50,108,0
51,108,0
52,108,0
53,108,0
54,108,0
55,108,0
56,108,0
57,108,0
58,108,0
59,108,0
60,108,0
61,108,0
62,108,0
63,108,0
64,108,0
65,108,0
66,108,0
67,108,0
68,108,0
69,108,0
70,108,0
71,108,0
72,108,0
73,108,0
74,108,0
75,108,0
76,108,0
77,108,0
78,108,0
79,108,0
80,108,0
81,108,0
82,108,0
83,108,0
84,108,0
85,108,0
86,108,0
87,108,0
88,108,0
89,108,0
90,108,0
91,108,0
92,108,0
93,108,0
94,108,0
95,108,0
96,108,0
97,108,0
98,108,0
99,108,0
100,108,0
101,108,0
102,108,0
103,108,0
104,108,0
105,108,0
106,108,0
107,108,0
108,108,0
109,108,0
110,108,0
111,108,0
112,108,0
113,108,0
114,108,0
115,108,0
116,108,0
117,108,0
118,108,0
119,108,0
120,108,0
121,108,0
122,108,0
123,108,0
124,108,0
125,108,0
126,108,0
127,108,0
128,108,0
129,108,0
130,108,0
131,108,0
132,108,0
133,108,0
134,108,0
135,108,0
136,108,0
137,108,0
138,108,0
139,108,0
140,108,0
141,108,0
142,108,0
143,108,0
144,108,0
145,108,0
146,108,0
147,108,0
148,108,0
149,108,0
150,108,0
151,108,0
152,108,0
153,108,0
154,108,0
155,108,0
156,108,0
157,108,0
158,108,0
159,108,0
160,108,0
161,108,0
162,108,0
163,108,0
164,108,0
165,108,0
166,108,0
167,108,0
168,108,0
169,108,0
170,108,0
171,108,0
172,108,0
173,108,0
174,108,0
175,108,0
176,108,0
177,108,0
178,108,26
179,108,20
180,108,36
181,108,25
182,108,9
183,108,7
184,108,7
185,108,7
186,108,6
187,108,6
188,108,6
189,108,5
190,108,5
191,108,5
192,108,5
193,108,5
194,108,5
195,108,5
196,108,5
197,108,4
198,108,4
199,108,4
200,108,4
201,108,4
202,108,4
203,108,4
204,108,4
205,108,4
206,108,4
207,108,4
208,108,4
209,108,4
210,108,4
211,108,4
212,108,4
213,108,4
214,108,4
215,108,3
216,108,3
217,108,3
218,108,3
219,108,3
220,108,3
221,108,3
222,108,3
223,108,3
224,108,3
225,108,3
226,108,3
227,108,3
228,108,3
229,108,3
230,108,3
231,108,3
232,108,3
233,108,3
234,108,3
235,108,3
236,108,3
237,108,3
238,108,3
239,108,3
240,108,3
241,108,3
242,108,3
243,108,3
244,108,3
245,108,3
246,108,3
247,108,3
248,108,3
249,108,3
250,108,3
251,108,3
252,108,3
253,108,3
254,108,3
255,108,2
0,109,0
1,109,0
2,109,0
3,109,0
4,109,0
5,109,0
6,109,0
7,109,0
8,109,0
9,109,0
10,109,0
11,109,0
12,109,0
13,109,0
14,109,0
15,109,0
16,109,0
17,109,0
18,109,0
19,109,0
20,109,0
21,109,0
22,109,0
23,109,0
24,109,0
25,109,0
26,109,0
27,109,3
28,109,57
29,109,22
30,109,21
31,109,21
32,109,23
33,109,49
34,109,0
35,109,0
36,109,0
37,109,0
38,109,0
39,109,0
40,109,0
41,109,0
42,109,0
43,109,0
44,109,0
45,109,0
46,109,0
47,109,0
48,109,0
49,109,0
50,109,0
51,109,0
52,109,0
53,109,0
54,109,0
55,109,0
56,109,0
57,109,0
58,109,0
59,109,0
60,109,0
61,109,0
62,109,0
63,109,0
64,109,0
65,109,0
66,109,0
67,109,0
68,109,0
69,109,0
70,109,0
71,109,0
72,109,0
73,109,0
74,109,0
75,109,0
76,109,0
77,109,0
78,109,0
79,109,0
80,109,0
81,109,0
82,109,0
83,109,0
84,109,0
85,109,0
86,109,0
87,109,0
88,109,0
89,109,0
90,109,0
91,109,0
92,109,0
93,109,0
94,109,0
95,109,0
96,109,0
97,109,0
98,109,0
99,109,0
100,109,0
101,109,0
102,109,0
103,109,0
104,109,0
105,109,0
106,109,0
107,109,0
108,109,0
109,109,0
110,109,0
111,109,0
112,109,0
113,109,0
114,109,0
115,109,0
116,109,0
117,109,0
118,109,0
119,109,0
120,109,0
121,109,0
122,109,0
123,109,0
124,109,0
125,109,0
126,109,0
127,109,0
128,109,0
129,109,0
130,109,0
131,109,0
132,109,0
133,109,0
134,109,0
135,109,0
136,109,0
137,109,0
138,109,0
139,109,0
140,109,0
141,109,0
142,109,0
143,109,0
144,109,0
145,109,0
146,109,0
147,109,0
148,109,0
149,109,0
150,109,0
151,109,0
152,109,0
153,109,0
154,109,0
155,109,0
156,109,0
157,109,0
158,109,0
159,109,0
160,109,0
161,109,0
162,109,0
163,109,0
164,109,0
165,109,0
166,109,0
167,109,0
168,109,0
169,109,0
170,109,0
171,109,0
172,109,0
173,109,0
174,109,0
175,109,57
176,109,0
177,109,0
178,109,50
179,109,23
180,109,16
181,109,11
182,109,8
183,109,7
184,109,7
185,109,6
186,109,6
187,109,6
188,109,6
189,109,5
190,109,5
191,109,5
192,109,5
193,109,5
194,109,5
195,109,5
196,109,5
197,109,4
198,109,4
199,109,4
200,109,4
201,109,4
202,109,4
203,109,4
204,109,4
205,109,4
206,109,4
207,109,4
208,109,4
209,109,4
210,109,4
211,109,4
212,109,4
213,109,4
214,109,4
215,109,3
216,109,3
217,109,3
218,109,3
219,109,3
220,109,3
221,109,3
222,109,3
223,109,3
224,109,3
225,109,3
226,109,3
227,109,3
228,109,3
229,109,3
230,109,3
231,109,3
232,109,3
233,109,3
234,109,3
235,109,3
236,109,3
237,109,3
238,109,3
239,109,3
240,109,3
241,109,3
242,109,3
243,109,3
244,109,3
245,109,3
246,109,3
247,109,3
248,109,3
249,109,3
250,109,3
251,109,3
252,109,3
253,109,3
254,109,3
255,109,2
0,110,0
1,110,0
2,110,0
3,110,0
4,110,0
5,110,0
6,110,0
7,110,0
8,110,0
9,110,0
10,110,0
11,110,0
12,110,0
13,110,0
14,110,0
15,110,0
16,110,0
17,110,0
18,110,0
19,110,0
20,110,0
21,110,0
22,110,0
23,110,0
24,110,0
25,110,0
26,110,0
27,110,0
28,110,45
29,110,24
30,110,23
31,110,23
32,110,25
33,110,44
34,110,0
35,110,0
36,110,0
37,110,0
38,110,0
39,110,0
40,110,0
41,110,0
42,110,0
43,110,0
44,110,0
45,110,0
46,110,0
47,110,0
48,110,0
49,110,0
50,110,0
51,110,0
52,110,0
53,110,0
54,110,0
55,110,0
56,110,0
57,110,0
58,110,0
59,110,0
60,110,0
61,110,0
62,110,0
63,110,0
64,110,0
65,110,0
66,110,0
67,110,0
68,110,0
69,110,0
70,110,0
71,110,0
72,110,0
73,110,0
74,110,0
75,110,0
76,110,0
77,110,0
78,110,0
79,110,0
80,110,0
81,110,0
82,110,0
83,110,0
84,110,0
85,110,0
86,110,0
87,110,0
88,110,0
89,110,0
90,110,0
91,110,0
92,110,0
93,110,0
94,110,0
95,110,0
96,110,0
97,110,0
98,110,0
99,110,0
100,110,0
101,110,0
102,110,0
103,110,0
104,110,0
105,110,0
106,110,0
107,110,0
108,110,0
109,110,0
110,110,0
111,110,0
112,110,0
113,110,0
114,110,0
115,110,0
116,110,0
117,110,0
118,110,0
119,110,0
120,110,0
121,110,0
122,110,0
123,110,0
124,110,0
125,110,0
126,110,0
127,110,0
128,110,0
129,110,0
130,110,0
131,110,0
132,110,0
133,110,0
134,110,0
135,110,0
136,110,0
137,110,0
138,110,0
139,110,0
140,110,0
141,110,0
142,110,0
143,110,0
144,110,0
145,110,0
146,110,0
147,110,0
148,110,0
149,110,0
150,110,0
151,110,0
152,110,0
153,110,0
154,110,0
155,110,0
156,110,0
157,110,0
158,110,0
159,110,0
160,110,0
161,110,0
162,110,0
163,110,0
164,110,0
165,110,0
166,110,0
167,110,0
168,110,0
169,110,0
170,110,0
171,110,0
172,110,0
173,110,0
174,110,0
175,110,32
176,110,42
177,110,29
178,110,26
179,110,45
180,110,16
181,110,10
182,110,8
183,110,7
184,110,7
185,110,6
186,110,6
187,110,6
188,110,5
189,110,5
190,110,5
191,110,5
192,110,5
193,110,5
194,110,5
195,110,5
196,110,5
197,110,4
198,110,4
199,110,4
200,110,4
201,110,4
202,110,4
203,110,4
204,110,4
205,110,4
206,110,4
207,110,4
208,110,4
209,110,4
210,110,4
211,110,4
212,110,4
213,110,4
214,110,4
215,110,3
216,110,3
217,110,3
218,110,3
219,110,3
220,110,3
221,110,3
222,110,3
223,110,3
224,110,3
225,110,3
226,110,3
227,110,3
228,110,3
229,110,3
230,110,3
231,110,3
232,110,3
233,110,3
234,110,3
235,110,3
236,110,3
237,110,3
238,110,3
239,110,3
240,110,3
241,110,3
242,110,3
243,110,3
244,110,3
245,110,3
246,110,3
247,110,3
248,110,3
249,110,3
250,110,3
251,110,3
252,110,3
253,110,3
254,110,3
255,110,3
0,111,0
1,111,0
2,111,0
3,111,0
4,111,0
5,111,0
6,111,0
7,111,0
8,111,0
9,111,0
10,111,0
11,111,0
12,111,0
13,111,0
14,111,0
15,111,0
16,111,0
17,111,0
18,111,0
19,111,0
20,111,0
21,111,0
22,111,0
23,111,0
24,111,0
25,111,0
26,111,0
27,111,0
28,111,0
29,111,48
30,111,24
31,111,24
32,111,26
33,111,0
34,111,0
35,111,0
36,111,0
37,111,0
38,111,0
39,111,0
40,111,0
41,111,0
42,111,0
43,111,0
44,111,0
45,111,0
46,111,0
47,111,0
48,111,0
49,111,0
50,111,0
51,111,0
52,111,0
53,111,0
54,111,0
55,111,0
56,111,0
57,111,0
58,111,0
59,111,0
60,111,0
61,111,0
62,111,0
63,111,0
64,111,0
65,111,0
66,111,0
67,111,0
68,111,0
69,111,0
70,111,0
71,111,0
72,111,0
73,111,0
74,111,0
75,111,0
76,111,0
77,111,0
78,111,0
79,111,0
80,111,0
81,111,0
82,111,0
83,111,0
84,111,0
85,111,0
86,111,0
87,111,0
88,111,0
89,111,0
90,111,0
91,111,0
92,111,0
93,111,0
94,111,0
95,111,0
96,111,0
97,111,0
98,111,0
99,111,0
100,111,0
101,111,0
102,111,0
103,111,0
104,111,0
105,111,0
106,111,0
107,111,0
108,111,0
109,111,0
110,111,0
111,111,0
112,111,0
113,111,0
114,111,0
115,111,0
116,111,0
117,111,0
118,111,0
119,111,0
120,111,0
121,111,0
122,111,0
123,111,0
124,111,0
125,111,0
126,111,0
127,111,0
128,111,0
129,111,0
130,111,0
131,111,0
132,111,0
133,111,0
134,111,0
135,111,0
136,111,0
137,111,0
138,111,0
139,111,0
140,111,0
141,111,0
142,111,0
143,111,0
144,111,0
145,111,0
146,111,0
147,111,0
148,111,0
149,111,0
150,111,0
151,111,0
152,111,0
153,111,0
154,111,0
155,111,0
156,111,0
157,111,0
158,111,0
159,111,0
160,111,0
161,111,0
162,111,0
163,111,0
164,111,0
165,111,0
166,111,0
167,111,0
168,111,0
169,111,0
170,111,0
171,111,0
172,111,0
173,111,0
174,111,0
175,111,32
176,111,17
177,111,14
178,111,13
179,111,13
180,111,10
181,111,8
182,111,7
183,111,7
184,111,6
185,111,6
186,111,6
187,111,6
188,111,5
189,111,5
190,111,5
191,111,5
192,111,5
193,111,5
194,111,5
195,111,5
196,111,5
197,111,4
198,111,4
199,111,4
200,111,4
201,111,4
202,111,4
203,111,4
204,111,4
205,111,4
206,111,4
207,111,4
208,111,4
209,111,4
210,111,4
211,111,4
212,111,4
213,111,4
214,111,4
215,111,3
216,111,3
217,111,3
218,111,3
219,111,3
220,111,3
221,111,3
222,111,3
223,111,3
224,111,3
225,111,3
226,111,3
227,111,3
228,111,3
229,111,3
230,111,3
231,111,3
232,111,3
233,111,3
234,111,3
235,111,3
236,111,3
237,111,3
238,111,3
239,111,3
240,111,3
241,111,3
242,111,3
243,111,3
244,111,3
245,111,3
246,111,3
247,111,3
248,111,3
249,111,3
250,111,3
251,111,3
252,111,3
253,111,3
254,111,3
255,111,3
0,112,0
1,112,0
2,112,0
3,112,0
4,112,0
5,112,0
6,112,0
7,112,0
8,112,0
9,112,0
10,112,0
11,112,0
12,112,0
13,112,0
14,112,0
15,112,0
16,112,0
17,112,0
18,112,0
19,112,0
20,112,0
21,112,0
22,112,0
23,112,0
24,112,0
25,112,0
26,112,0
27,112,0
28,112,0
29,112,0
30,112,26
31,112,26
32,112,27
33,112,0
34,112,0
35,112,0
36,112,0
37,112,0
38,112,0
39,112,0
40,112,0
41,112,0
42,112,0
43,112,0
44,112,0
45,112,0
46,112,0
47,112,0
48,112,0
49,112,0
50,112,0
51,112,0
52,112,0
53,112,0
54,112,0
55,112,0
56,112,0
57,112,0
58,112,0
59,112,0
60,112,0
61,112,0
62,112,0
63,112,0
64,112,0
65,112,0
66,112,0
67,112,0
68,112,0
69,112,0
70,112,0
71,112,0
72,112,0
73,112,0
74,112,0
75,112,0
76,112,0
77,112,0
78,112,0
79,112,0
80,112,0
81,112,0
82,112,0
83,112,0
84,112,0
85,112,0
86,112,0
87,112,0
88,112,0
89,112,0
90,112,0
91,112,0
92,112,0
93,112,0
94,112,0
95,112,0
96,112,0
97,112,0
98,112,0
99,112,0
100,112,0
101,112,0
102,112,0
103,112,0
104,112,0
105,112,0
106,112,0
107,112,0
108,112,0
109,112,0
110,112,0
111,112,0
112,112,0
113,112,0
114,112,0
115,112,0
116,112,0
117,112,0
118,112,0
119,112,0
120,112,0
121,112,0
122,112,0
123,112,0
124,112,0
125,112,0
126,112,0
127,112,0
128,112,0
129,112,0
130,112,0
131,112,0
132,112,0
133,112,0
134,112,0
135,112,0
136,112,0
137,112,0
138,112,0
139,112,0
140,112,0
141,112,0
142,112,0
143,112,0
144,112,0
145,112,0
146,112,0
147,112,0
148,112,0
149,112,0
150,112,0
151,112,0
152,112,0
153,112,0
154,112,0
155,112,0
156,112,0
157,112,0
158,112,0
159,112,0
160,112,0
161,112,0
162,112,0
163,112,0
164,112,0
165,112,0
166,112,0
167,112,0
168,112,0
169,112,0
170,112,0
171,112,0
172,112,0
173,112,0
174,112,23
175,112,52
176,112,15
177,112,13
178,112,11
179,112,9
180,112,8
181,112,8
182,112,7
183,112,7
184,112,6
185,112,6
186,112,6
187,112,6
188,112,5
189,112,5
190,112,5
191,112,5
192,112,5
193,112,5
194,112,5
195,112,5
196,112,5
197,112,4
198,112,4
199,112,4
200,112,4
201,112,4
202,112,4
203,112,4
204,112,4
205,112,4
206,112,4
207,112,4
208,112,4
209,112,4
210,112,4
211,112,4
212,112,4
213,112,4
214,112,4
215,112,3
216,112,3
217,112,3
218,112,3
219,112,3
220,112,3
221,112,3
222,112,3
223,112,3
224,112,3
225,112,3
226,112,3
227,112,3
228,112,3
229,112,3
230,112,3
231,112,3
232,112,3
233,112,3
234,112,3
235,112,3
236,112,3
237,112,3
238,112,3
239,112,3
240,112,3
241,112,3
242,112,3
243,112,3
244,112,3
245,112,3
246,112,3
247,112,3
248,112,3
249,112,3
250,112,3
251,112,3
252,112,3
253,112,3
254,112,3
255,112,3
0,113,0
1,113,0
2,113,0
3,113,0
4,113,0
5,113,0
6,113,0
7,113,0
8,113,0
9,113,0
10,113,0
11,113,0
12,113,0
13,113,0
14,113,0
15,113,0
16,113,0
17,113,0
18,113,0
19,113,0
20,113,0
21,113,0
22,113,0
23,113,0
24,113,0
25,113,0
26,113,0
27,113,0
28,113,0
29,113,0
30,113,31
31,113,27
32,113,29
33,113,0
34,113,0
35,113,0
36,113,0
37,113,0
38,113,0
39,113,0
40,113,0
41,113,0
42,113,0
43,113,0
44,113,0
45,113,0
46,113,0
47,113,0
48,113,0
49,113,0
50,113,0
51,113,0
52,113,0
53,113,0
54,113,0
55,113,0
56,113,0
57,113,0
58,113,0
59,113,0
60,113,0
61,113,0
62,113,0
63,113,0
64,113,0
65,113,0
66,113,0
67,113,0
68,113,0
69,113,0
70,113,0
71,113,0
72,113,0
73,113,0
74,113,0
75,113,0
76,113,0
77,113,0
78,113,0
79,113,0
80,113,0
81,113,0
82,113,0
83,113,0
84,113,0
85,113,0
86,113,0
87,113,0
88,113,0
89,113,0
90,113,0
91,113,0
92,113,0
93,113,0
94,113,0
95,113,0
96,113,0
97,113,0
98,113,0
99,113,0
100,113,0
101,113,0
102,113,0
103,113,0
104,113,0
105,113,0
106,113,0
107,113,0
108,113,0
109,113,0
110,113,0
111,113,0
112,113,0
113,113,0
114,113,0
115,113,0
116,113,0
117,113,0
118,113,0
119,113,0
120,113,0
121,113,0
122,113,0
123,113,0
124,113,0
125,113,0
126,113,0
127,113,0
128,113,0
129,113,0
130,113,0
131,113,0
132,113,0
133,113,0
134,113,0
135,113,0
136,113,0
137,113,0
138,113,0
139,113,0
140,113,0
141,113,0
142,113,0
143,113,0
144,113,0
145,113,0
146,113,0
147,113,0
148,113,0
149,113,0
150,113,0
151,113,0
152,113,0
153,113,0
154,113,0
155,113,0
156,113,0
157,113,0
158,113,0
159,113,0
160,113,0
161,113,0
162,113,0
163,113,0
164,113,0
165,113,0
166,113,0
167,113,0
168,113,0
169,113,0
170,113,0
171,113,0
172,113,0
173,113,0
174,113,40
175,113,41
176,113,16
177,113,15
178,113,10
179,113,9
180,113,8
181,113,7
182,113,7
183,113,6
184,113,6
185,113,6
186,113,6
187,113,6
188,113,5
189,113,5
190,113,5
191,113,5
192,113,5
193,113,5
194,113,5
195,113,5
196,113,5
197,113,4
198,113,4
199,113,4
200,113,4
201,113,4
202,113,4
203,113,4
204,113,4
205,113,4
206,113,4
207,113,4
208,113,4
209,113,4
210,113,4
211,113,4
212,113,4
213,113,4
214,113,4
215,113,3
216,113,3
217,113,3
218,113,3
219,113,3
220,113,3
221,113,3
222,113,3
223,113,3
224,113,3
225,113,3
226,113,3
227,113,3
228,113,3
229,113,3
230,113,3
231,113,3
232,113,3
233,113,3
234,113,3
235,113,3
236,113,3
237,113,3
238,113,3
239,113,3
240,113,3
241,113,3
242,113,3
243,113,3
244,113,3
245,113,3
246,113,3
247,113,3
248,113,3
249,113,3
250,113,3
251,113,3
252,113,3
253,113,3
254,113,3
255,113,3
0,114,0
1,114,0
2,114,0
3,114,0
4,114,0
5,114,0
6,114,0
7,114,0
8,114,0
9,114,0
10,114,0
11,114,0
12,114,0
13,114,0
14,114,0
15,114,0
16,114,0
17,114,0
18,114,0
19,114,0
20,114,0
21,114,0
22,114,0
23,114,0
24,114,0
25,114,0
26,114,0
27,114,0
28,114,0
29,114,0
30,114,2
31,114,30
32,114,32
33,114,0
34,114,0
35,114,0
36,114,0
37,114,0
38,114,0
39,114,0
40,114,0
41,114,0
42,114,0
43,114,0
44,114,0
45,114,0
46,114,0
47,114,0
48,114,0
49,114,0
50,114,0
51,114,0
52,114,0
53,114,0
54,114,0
55,114,0
56,114,0
57,114,0
58,114,0
59,114,0
60,114,0
61,114,0
62,114,0
63,114,0
64,114,0
65,114,0
66,114,0
67,114,0
68,114,0
69,114,0
70,114,0
71,114,0
72,114,0
73,114,0
74,114,0
75,114,0
76,114,0
77,114,0
78,114,0
79,114,0
80,114,0
81,114,0
82,114,0
83,114,0
84,114,0
85,114,0
86,114,0
87,114,0
88,114,0
89,114,0
90,114,0
91,114,0
92,114,0
93,114,0
94,114,0
95,114,0
96,114,0
97,114,0
98,114,0
99,114,0
100,114,0
101,114,0
102,114,0
103,114,0
104,114,0
105,114,0
106,114,0
107,114,0
108,114,0
109,114,0
110,114,0
111,114,0
112,114,0
113,114,0
114,114,0
115,114,0
116,114,0
117,114,0
118,114,0
119,114,0
120,114,0
121,114,0
122,114,0
123,114,0
124,114,0
125,114,0
126,114,0
127,114,0
128,114,0
129,114,0
130,114,0
131,114,0
132,114,0
133,114,0
134,114,0
135,114,0
136,114,0
137,114,0
138,114,0
139,114,0
140,114,0
141,114,0
142,114,0
143,114,0
144,114,0
145,114,0
146,114,0
147,114,0
148,114,0
149,114,0
150,114,0
151,114,0
152,114,0
153,114,0
154,114,0
155,114,0
156,114,0
157,114,0
158,114,0
159,114,0
160,114,0
161,114,0
162,114,0
163,114,0
164,114,0
165,114,0
166,114,0
167,114,0
168,114,0
169,114,0
170,114,0
171,114,0
172,114,0
173,114,0
174,114,0
175,114,63
176,114,29
177,114,22
178,114,10
179,114,8
180,114,8
181,114,7
182,114,7
183,114,6
184,114,6
185,114,6
186,114,6
187,114,6
188,114,5
189,114,5
190,114,5
191,114,5
192,114,5
193,114,5
194,114,5
195,114,5
196,114,5
197,114,4
198,114,4
199,114,4
200,114,4
201,114,4
202,114,4
203,114,4
204,114,4
205,114,4
206,114,4
207,114,4
208,114,4
209,114,4
210,114,4
211,114,4
212,114,4
213,114,4
214,114,4
215,114,3
216,114,3
217,114,3
218,114,3
219,114,3
220,114,3
221,114,3
222,114,3
223,114,3
224,114,3
225,114,3
226,114,3
227,114,3
228,114,3
229,114,3
230,114,3
231,114,3
232,114,3
233,114,3
234,114,3
235,114,3
236,114,3
237,114,3
238,114,3
239,114,3
240,114,3
241,114,3
242,114,3
243,114,3
244,114,3
245,114,3
246,114,3
247,114,3
248,114,3
249,114,3
250,114,3
251,114,3
252,114,3
253,114,3
254,114,3
255,114,3
0,115,0
1,115,0
2,115,0
3,115,0
4,115,0
5,115,0
6,115,0
7,115,0
8,115,0
9,115,0
10,115,0
11,115,0
12,115,0
13,115,0
14,115,0
15,115,0
16,115,0
17,115,0
18,115,0
19,115,0
20,115,0
21,115,0
22,115,0
23,115,0
24,115,0
25,115,0
26,115,0
27,115,0
28,115,0
29,115,0
30,115,1
31,115,32
32,115,35
33,115,0
34,115,0
35,115,0
36,115,0
37,115,0
38,115,0
39,115,0
40,115,0
41,115,0
42,115,0
43,115,0
44,115,0
45,115,0
46,115,0
47,115,0
48,115,0
49,115,0
50,115,0
51,115,0
52,115,0
53,115,0
54,115,0
55,115,0
56,115,0
57,115,0
58,115,0
59,115,0
60,115,0
61,115,0
62,115,0
63,115,0
64,115,0
65,115,0
66,115,0
67,115,0
68,115,0
69,115,0
70,115,0
71,115,0
72,115,0
73,115,0
74,115,0
75,115,0
76,115,0
77,115,0
78,115,0
79,115,0
80,115,0
81,115,0
82,115,0
83,115,0
84,115,0
85,115,0
86,115,0
87,115,0
88,115,0
89,115,0
90,115,0
91,115,0
92,115,0
93,115,0
94,115,0
95,115,0
96,115,0
97,115,0
98,115,0
99,115,0
100,115,0
101,115,0
102,115,0
103,115,0
104,115,0
105,115,0
106,115,0
107,115,0
108,115,0
109,115,0
110,115,0
111,115,0
112,115,0
113,115,0
114,115,0
115,115,0
116,115,0
117,115,0
118,115,0
119,115,0
120,115,0
121,115,0
122,115,0
123,115,0
124,115,0
125,115,0
126,115,0
127,115,0
128,115,0
129,115,0
130,115,0
131,115,0
132,115,0
133,115,0
134,115,0
135,115,0
136,115,0
137,115,0
138,115,0
139,115,0
140,115,0
141,115,0
142,115,0
143,115,0
144,115,0
145,115,0
146,115,0
147,115,0
148,115,0
149,115,0
150,115,0
151,115,0
152,115,0
153,115,0
154,115,0
155,115,0
156,115,0
157,115,0
158,115,0
159,115,0
160,115,0
161,115,0
162,115,0
163,115,0
164,115,0
165,115,0
166,115,0
167,115,0
168,115,0
169,115,0
170,115,0
171,115,0
172,115,0
173,115,39
174,115,0
175,115,57
176,115,31
177,115,15
178,115,9
179,115,8
180,115,7
181,115,7
182,115,6
183,115,6
184,115,6
185,115,6
186,115,6
187,115,5
188,115,5
189,115,5
190,115,5
191,115,5
192,115,5
193,115,5
194,115,5
195,115,5
196,115,5
197,115,4
198,115,4
199,115,4
200,115,4
201,115,4
202,115,4
203,115,4
204,115,4
205,115,4
206,115,4
207,115,4
208,115,4
209,115,4
210,115,4
211,115,4
212,115,4
213,115,4
214,115,4
215,115,3
216,115,3
217,115,3
218,115,3
219,115,3
220,115,3
221,115,3
222,115,3
223,115,3
224,115,3
225,115,3
226,115,3
227,115,3
228,115,3
229,115,3
230,115,3
231,115,3
232,115,3
233,115,3
234,115,3
235,115,3
236,115,3
237,115,3
238,115,3
239,115,3
240,115,3
241,115,3
242,115,3
243,115,3
244,115,3
245,115,3
246,115,3
247,115,3
248,115,3
249,115,3
250,115,3
251,115,3
252,115,3
253,115,3
254,115,3
255,115,3
0,116,0
1,116,0
2,116,0
3,116,0
4,116,0
5,116,0
6,116,0
7,116,0
8,116,0
9,116,0
10,116,0
11,116,0
12,116,0
13,116,0
14,116,0
15,116,0
16,116,0
17,116,0
18,116,0
19,116,0
20,116,0
21,116,0
22,116,0
23,116,0
24,116,0
25,116,0
26,116,0
27,116,0
28,116,0
29,116,0
30,116,0
31,116,35
32,116,37
33,116,0
34,116,0
35,116,0
36,116,0
37,116,0
38,116,0
39,116,0
40,116,0
41,116,0
42,116,0
43,116,0
44,116,0
45,116,0
46,116,0
47,116,0
48,116,0
49,116,0
50,116,0
51,116,0
52,116,0
53,116,0
54,116,0
55,116,0
56,116,0
57,116,0
58,116,0
59,116,0
60,116,0
61,116,0
62,116,0
63,116,0
64,116,0
65,116,0
66,116,0
67,116,0
68,116,0
69,116,0
70,116,0
71,116,0
72,116,0
73,116,0
74,116,0
75,116,0
76,116,0
77,116,0
78,116,0
79,116,0
80,116,0
81,116,0
82,116,0
83,116,0
84,116,0
85,116,0
86,116,0
87,116,0
88,116,0
89,116,0
90,116,0
91,116,0
92,116,0
93,116,0
94,116,0
95,116,0
96,116,0
97,116,0
98,116,0
99,116,0
100,116,0
101,116,0
102,116,0
103,116,0
104,116,0
105,116,0
106,116,0
107,116,0
108,116,0
109,116,0
110,116,0
111,116,0
112,116,0
113,116,0
114,116,0
115,116,0
116,116,0
117,116,0
118,116,0
119,116,0
120,116,0
121,116,0
122,116,0
123,116,0
124,116,0
125,116,0
126,116,0
127,116,0
128,116,0
129,116,0
130,116,0
131,116,0
132,116,0
133,116,0
134,116,0
135,116,0
136,116,0
137,116,0
138,116,0
139,116,0
140,116,0
141,116,0
142,116,0
143,116,0
144,116,0
145,116,0
146,116,0
147,116,0
148,116,0
149,116,0
150,116,0
151,116,0
152,116,0
153,116,0
154,116,0
155,116,0
156,116,0
157,116,0
158,116,0
159,116,0
160,116,0
161,116,0
162,116,0
163,116,0
164,116,0
165,116,0
166,116,0
167,116,0
168,116,0
169,116,0
170,116,0
171,116,0
172,116,0
173,116,0
174,116,16
175,116,15
176,116,20
177,116,10
178,116,8
179,116,8
180,116,7
181,116,7
182,116,6
183,116,6
184,116,6
185,116,6
186,116,6
187,116,5
188,116,5
189,116,5
190,116,5
191,116,5
192,116,5
193,116,5
194,116,5
195,116,5
196,116,5
197,116,4
198,116,4
199,116,4
200,116,4
201,116,4
202,116,4
203,116,4
204,116,4
205,116,4
206,116,4
207,116,4
208,116,4
209,116,4
210,116,4
211,116,4
212,116,4
213,116,4
214,116,4
215,116,3
216,116,3
217,116,3
218,116,3
219,116,3
220,116,3
221,116,3
222,116,3
223,116,3
224,116,3
225,116,3
226,116,3
227,116,3
228,116,3
229,116,3
230,116,3
231,116,3
232,116,3
233,116,3
234,116,3
235,116,3
236,116,3
237,116,3
238,116,3
239,116,3
240,116,3
241,116,3
242,116,3
243,116,3
244,116,3
245,116,3
246,116,3
247,116,3
248,116,3
249,116,3
250,116,3
251,116,3
252,116,3
253,116,3
254,116,3
255,116,3
0,117,0
1,117,0
2,117,0
3,117,0
4,117,0
5,117,0
6,117,0
7,117,0
8,117,0
9,117,0
10,117,0
11,117,0
12,117,0
13,117,0
14,117,0
15,117,0
16,117,0
17,117,0
18,117,0
19,117,0
20,117,0
21,117,0
22,117,0
23,117,0
24,117,0
25,117,0
26,117,0
27,117,0
28,117,0
29,117,0
30,117,0
31,117,41
32,117,41
33,117,0
34,117,0
35,117,0
36,117,0
37,117,0
38,117,0
39,117,0
40,117,0
41,117,0
42,117,0
43,117,0
44,117,0
45,117,0
46,117,0
47,117,0
48,117,0
49,117,0
50,117,0
51,117,0
52,117,0
53,117,0
54,117,0
55,117,0
56,117,0
57,117,0
58,117,0
59,117,0
60,117,0
61,117,0
62,117,0
63,117,0
64,117,0
65,117,0
66,117,0
67,117,0
68,117,0
69,117,0
70,117,0
71,117,0
72,117,0
73,117,0
74,117,0
75,117,0
76,117,0
77,117,0
78,117,0
79,117,0
80,117,0
81,117,0
82,117,0
83,117,0
84,117,0
85,117,0
86,117,0
87,117,0
88,117,0
89,117,0
90,117,0
91,117,0
92,117,0
93,117,0
94,117,0
95,117,0
96,117,0
97,117,0
98,117,0
99,117,0
100,117,0
101,117,0
102,117,0
103,117,0
104,117,0
105,117,0
106,117,0
107,117,0
108,117,0
109,117,0
110,117,0
111,117,0
112,117,0
113,117,0
114,117,0
115,117,0
116,117,0
117,117,0
118,117,0
119,117,0
120,117,0
121,117,0
122,117,0
123,117,0
124,117,0
125,117,0
126,117,0
127,117,0
128,117,0
129,117,0
130,117,0
131,117,0
132,117,0
133,117,0
134,117,0
135,117,0
136,117,0
137,117,0
138,117,0
139,117,0
140,117,0
141,117,0
142,117,0
143,117,0
144,117,0
145,117,0
146,117,0
147,117,0
148,117,0
149,117,0
150,117,0
151,117,0
152,117,0
153,117,0
154,117,0
155,117,0
156,117,0
157,117,0
158,117,0
159,117,0
160,117,0
161,117,0
162,117,0
163,117,0
164,117,0
165,117,0
166,117,0
167,117,0
168,117,0
169,117,0
170,117,0
171,117,0
172,117,62
173,117,0
174,117,16
175,117,12
176,117,10
177,117,9
178,117,8
179,117,7
180,117,7
181,117,7
182,117,6
183,117,6
184,117,6
185,117,6
186,117,6
187,117,5
188,117,5
189,117,5
190,117,5
191,117,5
192,117,5
193,117,5
194,117,5
195,117,5
196,117,5
197,117,4
198,117,4
199,117,4
200,117,4
201,117,4
202,117,4
203,117,4
204,117,4
205,117,4
206,117,4
207,117,4
208,117,4
209,117,4
210,117,4
211,117,4
212,117,4
213,117,4
214,117,4
215,117,4
216,117,3
217,117,3
218,117,3
219,117,3
220,117,3
221,117,3
222,117,3
223,117,3
224,117,3
225,117,3
226,117,3
227,117,3
228,117,3
229,117,3
230,117,3
231,117,3
232,117,3
233,117,3
234,117,3
235,117,3
236,117,3
237,117,3
238,117,3
239,117,3
240,117,3
241,117,3
242,117,3
243,117,3
244,117,3
245,117,3
246,117,3
247,117,3
248,117,3
249,117,3
250,117,3
251,117,3
252,117,3
253,117,3
254,117,3
255,117,3
0,118,0
1,118,0
2,118,0
3,118,0
4,118,0
5,118,0
6,118,0
7,118,0
8,118,0
9,118,0
10,118,0
11,118,0
12,118,0
13,118,0
14,118,0
15,118,0
16,118,0
17,118,0
18,118,0
19,118,0
20,118,0
21,118,0
22,118,0
23,118,0
24,118,0
25,118,0
26,118,0
27,118,0
28,118,0
29,118,0
30,118,0
31,118,1
32,118,45
33,118,0
34,118,0
35,118,0
36,118,0
37,118,0
38,118,0
39,118,0
40,118,0
41,118,0
42,118,0
43,118,0
44,118,0
45,118,0
46,118,0
47,118,0
48,118,0
49,118,0
50,118,0
51,118,0
52,118,0
53,118,0
54,118,0
55,118,0
56,118,0
57,118,0
58,118,0
59,118,0
60,118,0
61,118,0
62,118,0
63,118,0
64,118,0
65,118,0
66,118,0
67,118,0
68,118,0
69,118,0
70,118,0
71,118,0
72,118,0
73,118,0
74,118,0
75,118,0
76,118,0
77,118,0
78,118,0
79,118,0
80,118,0
81,118,0
82,118,0
83,118,0
84,118,0
85,118,0
86,118,0
87,118,0
88,118,0
89,118,0
90,118,0
91,118,0
92,118,0
93,118,0
94,118,0
95,118,0
96,118,0
97,118,0
98,118,0
99,118,0
100,118,0
101,118,0
102,118,0
103,118,0
104,118,0
105,118,0
106,118,0
107,118,0
108,118,0
109,118,0
110,118,0
111,118,0
112,118,0
113,118,0
114,118,0
115,118,0
116,118,0
117,118,0
118,118,0
119,118,0
120,118,0
121,118,0
122,118,0
123,118,0
124,118,0
125,118,0
126,118,0
127,118,0
128,118,0
129,118,0
130,118,0
131,118,0
132,118,0
133,118,0
134,118,0
135,118,0
136,118,0
137,118,0
138,118,0
139,118,0
140,118,0
141,118,0
142,118,0
143,118,0
144,118,0
145,118,0
146,118,0
147,118,0
148,118,0
149,118,0
150,118,0
151,118,0
152,118,0
153,118,0
154,118,0
155,118,0
156,118,0
157,118,0
158,118,0
159,118,0
160,118,0
161,118,0
162,118,0
163,118,0
164,118,0
165,118,0
166,118,0
167,118,0
168,118,0
169,118,0
170,118,0
171,118,0
172,118,0
173,118,28
174,118,36
175,118,10
176,118,9
177,118,8
178,118,7
179,118,7
180,118,7
181,118,6
182,118,6
183,118,6
184,118,6
185,118,6
186,118,6
187,118,5
188,118,5
189,118,5
190,118,5
191,118,5
192,118,5
193,118,5
194,118,5
195,118,5
196,118,5
197,118,4
198,118,4
199,118,4
200,118,4
201,118,4
202,118,4
203,118,4
204,118,4
205,118,4
206,118,4
207,118,4
208,118,4
209,118,4
210,118,4
211,118,4
212,118,4
213,118,4
214,118,4
215,118,4
216,118,3
217,118,3
218,118,3
219,118,3
220,118,3
221,118,3
222,118,3
223,118,3
224,118,3
225,118,3
226,118,3
227,118,3
228,118,3
229,118,3
230,118,3
231,118,3
232,118,3
233,118,3
234,118,3
235,118,3
236,118,3
237,118,3
238,118,3
239,118,3
240,118,3
241,118,3
242,118,3
243,118,3
244,118,3
245,118,3
246,118,3
247,118,3
248,118,3
249,118,3
250,118,3
251,118,3
252,118,3
253,118,3
254,118,3
255,118,3
0,119,0
1,119,0
2,119,0
3,119,0
4,119,0
5,119,0
6,119,0
7,119,0
8,119,0
9,119,0
10,119,0
11,119,0
12,119,0
13,119,0
14,119,0
15,119,0
16,119,0
17,119,0
18,119,0
19,119,0
20,119,0
21,119,0
22,119,0
23,119,0
24,119,0
25,119,0
26,119,0
27,119,0
28,119,0
29,119,0
30,119,0
31,119,0
32,119,51
33,119,0
34,119,0
35,119,0
36,119,0
37,119,0
38,119,0
39,119,0
40,119,0
41,119,0
42,119,0
43,119,0
44,119,0
45,119,0
46,119,0
47,119,0
48,119,0
49,119,0
50,119,0
51,119,0
52,119,0
53,119,0
54,119,0
55,119,0
56,119,0
57,119,0
58,119,0
59,119,0
60,119,0
61,119,0
62,119,0
63,119,0
64,119,0
65,119,0
66,119,0
67,119,0
68,119,0
69,119,0
70,119,0
71,119,0
72,119,0
73,119,0
74,119,0
75,119,0
76,119,0
77,119,0
78,119,0
79,119,0
80,119,0
81,119,0
82,119,0
83,119,0
84,119,0
85,119,0
86,119,0
87,119,0
88,119,0
89,119,0
90,119,0
91,119,0
92,119,0
93,119,0
94,119,0
95,119,0
96,119,0
97,119,0
98,119,0
99,119,0
100,119,0
101,119,0
102,119,0
103,119,0
104,119,0
105,119,0
106,119,0
107,119,0
108,119,0
109,119,0
110,119,0
111,119,0
112,119,0
113,119,0
114,119,0
115,119,0
116,119,0
117,119,0
118,119,0
119,119,0
120,119,0
121,119,0
122,119,0
123,119,0
124,119,0
125,119,0
126,119,0
127,119,0
128,119,0
129,119,0
130,119,0
131,119,0
132,119,0
133,119,0
134,119,0
135,119,0
136,119,0
137,119,0
138,119,0
139,119,0
140,119,0
141,119,0
142,119,0
143,119,0
144,119,0
145,119,0
146,119,0
147,119,0
148,119,0
149,119,0
150,119,0
151,119,0
152,119,0
153,119,0
154,119,0
155,119,0
156,119,0
157,119,0
158,119,0
159,119,0
160,119,0
161,119,0
162,119,0
163,119,0
164,119,0
165,119,0
166,119,0
167,119,0
168,119,0
169,119,0
170,119,0
171,119,0
172,119,18
173,119,54
174,119,13
175,119,9
176,119,8
177,119,8
178,119,7
179,119,7
180,119,7
181,119,6
182,119,6
183,119,6
184,119,6
185,119,6
186,119,6
187,119,5
188,119,5
189,119,5
190,119,5
191,119,5
192,119,5
193,119,5
194,119,5
195,119,5
196,119,5
197,119,4
198,119,4
199,119,4
200,119,4
201,119,4
202,119,4
203,119,4
204,119,4
205,119,4
206,119,4
207,119,4
208,119,4
209,119,4
210,119,4
211,119,4
212,119,4
213,119,4
214,119,4
215,119,4
216,119,3
217,119,3
218,119,3
219,119,3
220,119,3
221,119,3
222,119,3
223,119,3
224,119,3
225,119,3
226,119,3
227,119,3
228,119,3
229,119,3
230,119,3
231,119,3
232,119,3
233,119,3
234,119,3
235,119,3
236,119,3
237,119,3
238,119,3
239,119,3
240,119,3
241,119,3
242,119,3
243,119,3
244,119,3
245,119,3
246,119,3
247,119,3
248,119,3
249,119,3
250,119,3
251,119,3
252,119,3
253,119,3
254,119,3
255,119,3
0,120,0
1,120,0
2,120,0
3,120,0
4,120,0
5,120,0
6,120,0
7,120,0
8,120,0
9,120,0
10,120,0
11,120,0
12,120,0
13,120,0
14,120,0
15,120,0
16,120,0
17,120,0
18,120,0
19,120,0
20,120,0
21,120,0
22,120,0
23,120,0
24,120,0
25,120,0
26,120,0
27,120,0
28,120,0
29,120,0
30,120,0
31,120,0
32,120,59
33,120,0
34,120,0
35,120,0
36,120,0
37,120,0
38,120,0
39,120,0
40,120,0
41,120,0
42,120,0
43,120,0
44,120,0
45,120,0
46,120,0
47,120,0
48,120,0
49,120,0
50,120,0
51,120,0
52,120,0
53,120,0
54,120,0
55,120,0
56,120,0
57,120,0
58,120,0
59,120,0
60,120,0
61,120,0
62,120,0
63,120,0
64,120,0
65,120,0
66,120,0
67,120,0
68,120,0
69,120,0
70,120,0
71,120,0
72,120,0
73,120,0
74,120,0
75,120,0
76,120,0
77,120,0
78,120,0
79,120,0
80,120,0
81,120,0
82,120,0
83,120,0
84,120,0
85,120,0
86,120,0
87,120,0
88,120,0
89,120,0
90,120,0
91,120,0
92,120,0
93,120,0
94,120,0
95,120,0
96,120,0
97,120,0
98,120,0
99,120,0
100,120,0
101,120,0
102,120,0
103,120,0
104,120,0
105,120,0
106,120,0
107,120,0
108,120,0
109,120,0
110,120,0
111,120,0
112,120,0
113,120,0
114,120,0
115,120,0
116,120,0
117,120,0
118,120,0
119,120,0
120,120,0
121,120,0
122,120,0
123,120,0
124,120,0
125,120,0
126,120,0
127,120,0
128,120,0
129,120,0
130,120,0
131,120,0
132,120,0
133,120,0
134,120,0
135,120,0
136,120,0
137,120,0
138,120,0
139,120,0
140,120,0
141,120,0
142,120,0
143,120,0
144,120,0
145,120,0
146,120,0
147,120,0
148,120,0
149,120,0
150,120,0
151,120,0
152,120,0
153,120,0
154,120,0
155,120,0
156,120,0
157,120,0
158,120,0
159,120,0
160,120,0
161,120,0
162,120,0
163,120,0
164,120,0
165,120,0
166,120,0
167,120,0
168,120,0
169,120,0
170,120,0
171,120,0
172,120,21
173,120,11
174,120,10
175,120,9
176,120,8
177,120,7
178,120,7
179,120,7
180,120,7
181,120,6
182,120,6
183,120,6
184,120,6
185,120,6
186,120,6
187,120,5
188,120,5
189,120,5
190,120,5
191,120,5
192,120,5
193,120,5
194,120,5
195,120,5
196,120,5
197,120,4
198,120,4
199,120,4
200,120,4
201,120,4
202,120,4
203,120,4
204,120,4
205,120,4
206,120,4
207,120,4
208,120,4
209,120,4
210,120,4
211,120,4
212,120,4
213,120,4
214,120,4
215,120,4
216,120,3
217,120,3
218,120,3
219,120,3
220,120,3
221,120,3
222,120,3
223,120,3
224,120,3
225,120,3
226,120,3
227,120,3
228,120,3
229,120,3
230,120,3
231,120,3
232,120,3
233,120,3
234,120,3
235,120,3
236,120,3
237,120,3
238,120,3
239,120,3
240,120,3
241,120,3
242,120,3
243,120,3
244,120,3
245,120,3
246,120,3
247,120,3
248,120,3
249,120,3
250,120,3
251,120,3
252,120,3
253,120,3
254,120,3
255,120,3
0,121,0
1,121,0
2,121,0
3,121,0
4,121,0
5,121,0
6,121,0
7,121,0
8,121,0
9,121,0
10,121,0
11,121,0
12,121,0
13,121,0
14,121,0
15,121,0
16,121,0
17,121,0
18,121,0
19,121,0
20,121,0
21,121,0
22,121,0
23,121,0
24,121,0
25,121,0
26,121,0
27,121,0
28,121,0
29,121,0
30,121,0
31,121,0
32,121,4
33,121,0
34,121,0
35,121,0
36,121,0
37,121,0
38,121,0
39,121,0
40,121,0
41,121,0
42,121,0
43,121,0
44,121,0
45,121,0
46,121,0
47,121,0
48,121,0
49,121,0
50,121,0
51,121,0
52,121,0
53,121,0
54,121,0
55,121,0
56,121,0
57,121,0
58,121,0
59,121,0
60,121,0
61,121,0
62,121,0
63,121,0
64,121,0
65,121,0
66,121,0
67,121,0
68,121,0
69,121,0
70,121,0
71,121,0
72,121,0
73,121,0
74,121,0
75,121,0
76,121,0
77,121,0
78,121,0
79,121,0
80,121,0
81,121,0
82,121,0
83,121,0
84,121,0
85,121,0
86,121,0
87,121,0
88,121,0
89,121,0
90,121,0
91,121,0
92,121,0
93,121,0
94,121,0
95,121,0
96,121,0
97,121,0
98,121,0
99,121,0
100,121,0
101,121,0
102,121,0
103,121,0
104,121,0
105,121,0
106,121,0
107,121,0
108,121,0
109,121,0
110,121,0
111,121,0
112,121,0
113,121,0
114,121,0
115,121,0
116,121,0
117,121,0
118,121,0
119,121,0
120,121,0
121,121,0
122,121,0
123,121,0
124,121,0
125,121,0
126,121,0
127,121,0
128,121,0
129,121,0
130,121,0
131,121,0
132,121,0
133,121,0
134,121,0
135,121,0
136,121,0
137,121,0
138,121,0
139,121,0
140,121,0
141,121,0
142,121,0
143,121,0
144,121,0
145,121,0
146,121,0
147,121,0
148,121,0
149,121,0
150,121,0
151,121,0
152,121,0
153,121,0
154,121,0
155,121,0
156,121,0
157,121,0
158,121,0
159,121,0
160,121,0
161,121,0
162,121,0
163,121,0
164,121,0
165,121,0
166,121,0
167,121,0
168,121,0
169,121,0
170,121,21
171,121,57
172,121,12
173,121,10
174,121,9
175,121,8
176,121,8
177,121,7
178,121,7
179,121,7
180,121,7
181,121,6
182,121,6
183,121,6
184,121,6
185,121,6
186,121,6
187,121,5
188,121,5
189,121,5
190,121,5
191,121,5
192,121,5
193,121,5
194,121,5
195,121,5
196,121,5
197,121,4
198,121,4
199,121,4
200,121,4
201,121,4
202,121,4
203,121,4
204,121,4
205,121,4
206,121,4
207,121,4
208,121,4
209,121,4
210,121,4
211,121,4
212,121,4
213,121,4
214,121,4
215,121,4
216,121,3
217,121,3
218,121,3
219,121,3
220,121,3
221,121,3
222,121,3
223,121,3
224,121,3
225,121,3
226,121,3
227,121,3
228,121,3
229,121,3
230,121,3
231,121,3
232,121,3
233,121,3
234,121,3
235,121,3
236,121,3
237,121,3
238,121,3
239,121,3
240,121,3
241,121,3
242,121,3
243,121,3
244,121,3
245,121,3
246,121,3
247,121,3
248,121,3
249,121,3
250,121,3
251,121,3
252,121,3
253,121,3
254,121,3
255,121,3
0,122,0
1,122,0
2,122,0
3,122,0
4,122,0
5,122,0
6,122,0
7,122,0
8,122,0
9,122,0
10,122,0
11,122,0
12,122,0
13,122,0
14,122,0
15,122,0
16,122,0
17,122,0
18,122,0
19,122,0
20,122,0
21,122,0
22,122,0
23,122,0
24,122,0
25,122,0
26,122,0
27,122,0
28,122,0
29,122,0
30,122,0
31,122,0
32,122,17
33,122,0
34,122,0
35,122,0
36,122,0
37,122,0
38,122,0
39,122,0
40,122,0
41,122,0
42,122,0
43,122,0
44,122,0
45,122,0
46,122,0
47,122,0
48,122,0
49,122,0
50,122,0
51,122,0
52,122,0
53,122,0
54,122,0
55,122,0
56,122,0
57,122,0
58,122,0
59,122,0
60,122,0
61,122,0
62,122,0
63,122,0
64,122,0
65,122,0
66,122,0
67,122,0
68,122,0
69,122,0
70,122,0
71,122,0
72,122,0
73,122,0
74,122,0
75,122,0
76,122,0
77,122,0
78,122,0
79,122,0
80,122,0
81,122,0
82,122,0
83,122,0
84,122,0
85,122,0
86,122,0
87,122,0
88,122,0
89,122,0
90,122,0
91,122,0
92,122,0
93,122,0
94,122,0
95,122,0
96,122,0
97,122,0
98,122,0
99,122,0
100,122,0
101,122,0
102,122,0
103,122,0
104,122,0
105,122,0
106,122,0
107,122,0
108,122,0
109,122,0
110,122,0
111,122,0
112,122,0
113,122,0
114,122,0
115,122,0
116,122,0
117,122,0
118,122,0
119,122,0
120,122,0
121,122,0
122,122,0
123,122,0
124,122,0
125,122,0
126,122,0
127,122,0
128,122,0
129,122,0
130,122,0
131,122,0
132,122,0
133,122,0
134,122,0
135,122,0
136,122,0
137,122,0
138,122,0
139,122,0
140,122,0
141,122,0
142,122,0
143,122,0
144,122,0
145,122,0
146,122,0
147,122,0
148,122,0
149,122,0
150,122,0
151,122,0
152,122,0
153,122,0
154,122,0
155,122,0
156,122,0
157,122,0
158,122,0
159,122,0
160,122,0
161,122,0
162,122,0
163,122,0
164,122,0
165,122,0
166,122,0
167,122,0
168,122,0
169,122,0
170,122,46
171,122,11
172,122,10
173,122,9
174,122,8
175,122,8
176,122,8
177,122,7
178,122,7
179,122,7
180,122,7
181,122,6
182,122,6
183,122,6
184,122,6
185,122,6
186,122,6
187,122,5
188,122,5
189,122,5
190,122,5
191,122,5
192,122,5
193,122,5
194,122,5
195,122,5
196,122,5
197,122,4
198,122,4
199,122,4
200,122,4
201,122,4
202,122,4
203,122,4
204,122,4
205,122,4
206,122,4
207,122,4
208,122,4
209,122,4
210,122,4
211,122,4
212,122,4
213,122,4
214,122,4
215,122,4
216,122,3
217,122,3
218,122,3
219,122,3
220,122,3
221,122,3
222,122,3
223,122,3
224,122,3
225,122,3
226,122,3
227,122,3
228,122,3
229,122,3
230,122,3
231,122,3
232,122,3
233,122,3
234,122,3
235,122,3
236,122,3
237,122,3
238,122,3
239,122,3
240,122,3
241,122,3
242,122,3
243,122,3
244,122,3
245,122,3
246,122,3
247,122,3
248,122,3
249,122,3
250,122,3
251,122,3
252,122,3
253,122,3
254,122,3
255,122,3
0,123,0
1,123,0
2,123,0
3,123,0
4,123,0
5,123,0
6,123,0
7,123,0
8,123,0
9,123,0
10,123,0
11,123,0
12,123,0
13,123,0
14,123,0
15,123,0
16,123,0
17,123,0
18,123,0
19,123,0
20,123,0
21,123,0
22,123,0
23,123,0
24,123,0
25,123,0
26,123,0
27,123,0
28,123,0
29,123,0
30,123,0
31,123,0
32,123,37
33,123,0
34,123,0
35,123,0
36,123,0
37,123,0
38,123,0
39,123,0
40,123,0
41,123,0
42,123,0
43,123,0
44,123,0
45,123,0
46,123,0
47,123,0
48,123,0
49,123,0
50,123,0
51,123,0
52,123,0
53,123,0
54,123,0
55,123,0
56,123,0
57,123,0
58,123,0
59,123,0
60,123,0
61,123,0
62,123,0
63,123,0
64,123,0
65,123,0
66,123,0
67,123,0
68,123,0
69,123,0
70,123,0
71,123,0
72,123,0
73,123,0
74,123,0
75,123,0
76,123,0
77,123,0
78,123,0
79,123,0
80,123,0
81,123,0
82,123,0
83,123,0
84,123,0
85,123,0
86,123,0
87,123,0
88,123,0
89,123,0
90,123,0
91,123,0
92,123,0
93,123,0
94,123,0
95,123,0
96,123,0
97,123,0
98,123,0
99,123,0
100,123,0
101,123,0
102,123,0
103,123,0
104,123,0
105,123,0
106,123,0
107,123,0
108,123,0
109,123,0
110,123,0
111,123,0
112,123,0
113,123,0
114,123,0
115,123,0
116,123,0
117,123,0
118,123,0
119,123,0
120,123,0
121,123,0
122,123,0
123,123,0
124,123,0
125,123,0
126,123,0
127,123,0
128,123,0
129,123,0
130,123,0
131,123,0
132,123,0
133,123,0
134,123,0
135,123,0
136,123,0
137,123,0
138,123,0
139,123,0
140,123,0
141,123,0
142,123,0
143,123,0
144,123,0
145,123,0
146,123,0
147,123,0
148,123,0
149,123,0
150,123,0
151,123,0
152,123,0
153,123,0
154,123,0
155,123,0
156,123,0
157,123,0
158,123,0
159,123,0
160,123,0
161,123,0
162,123,0
163,123,0
164,123,0
165,123,0
166,123,0
167,123,0
168,123,0
169,123,14
170,123,11
171,123,10
172,123,9
173,123,9
174,123,8
175,123,8
176,123,7
177,123,7
178,123,7
179,123,7
180,123,6
181,123,6
182,123,6
183,123,6
184,123,6
185,123,6
186,123,6
187,123,5
188,123,5
189,123,5
190,123,5
191,123,5
192,123,5
193,123,5
194,123,5
195,123,5
196,123,5
197,123,4
198,123,4
199,123,4
200,123,4
201,123,4
202,123,4
203,123,4
204,123,4
205,123,4
206,123,4
207,123,4
208,123,4
209,123,4
210,123,4
211,123,4
212,123,4
213,123,4
214,123,4
215,123,4
216,123,3
217,123,3
218,123,3
219,123,3
220,123,3
221,123,3
222,123,3
223,123,3
224,123,3
225,123,3
226,123,3
227,123,3
228,123,3
229,123,3
230,123,3
231,123,3
232,123,3
233,123,3
234,123,3
235,123,3
236,123,3
237,123,3
238,123,3
239,123,3
240,123,3
241,123,3
242,123,3
243,123,3
244,123,3
245,123,3
246,123,3
247,123,3
248,123,3
249,123,3
250,123,3
251,123,3
252,123,3
253,123,3
254,123,3
255,123,3
0,124,0
1,124,0
2,124,0
3,124,0
4,124,0
5,124,0
6,124,0
7,124,0
8,124,0
9,124,0
10,124,0
11,124,0
12,124,0
13,124,0
14,124,0
15,124,0
16,124,0
17,124,0
18,124,0
19,124,0
20,124,0
21,124,0
22,124,0
23,124,0
24,124,0
25,124,0
26,124,0
27,124,0
28,124,0
29,124,0
30,124,0
31,124,0
32,124,0
33,124,0
34,124,0
35,124,0
36,124,0
37,124,0
38,124,0
39,124,0
40,124,0
41,124,0
42,124,0
43,124,0
44,124,0
45,124,0
46,124,0
47,124,0
48,124,0
49,124,0
50,124,0
51,124,0
52,124,0
53,124,0
54,124,0
55,124,0
56,124,0
57,124,0
58,124,0
59,124,0
60,124,0
61,124,0
62,124,0
63,124,0
64,124,0
65,124,0
66,124,0
67,124,0
68,124,0
69,124,0
70,124,0
71,124,0
72,124,0
73,124,0
74,124,0
75,124,0
76,124,0
77,124,0
78,124,0
79,124,0
80,124,0
81,124,0
82,124,0
83,124,0
84,124,0
85,124,0
86,124,0
87,124,0
88,124,0
89,124,0
90,124,0
91,124,0
92,124,0
93,124,0
94,124,0
95,124,0
96,124,0
97,124,0
98,124,0
99,124,0
100,124,0
101,124,0
102,124,0
103,124,0
104,124,0
105,124,0
106,124,0
107,124,0
108,124,0
109,124,0
110,124,0
111,124,0
112,124,0
113,124,0
114,124,0
115,124,0
116,124,0
117,124,0
118,124,0
119,124,0
120,124,0
121,124,0
122,124,0
123,124,0
124,124,0
125,124,0
126,124,0
127,124,0
128,124,0
129,124,0
130,124,0
131,124,0
132,124,0
133,124,0
134,124,0
135,124,0
136,124,0
137,124,0
138,124,0
139,124,0
140,124,0
141,124,0
142,124,0
143,124,0
144,124,0
145,124,0
146,124,0
147,124,0
148,124,0
149,124,0
150,124,0
151,124,0
152,124,0
153,124,0
154,124,0
155,124,0
156,124,0
157,124,0
158,124,0
159,124,0
160,124,0
161,124,0
162,124,0
163,124,0
164,124,0
165,124,0
166,124,0
167,124,40
168,124,13
169,124,11
170,124,10
171,124,9
172,124,9
173,124,8
174,124,8
175,124,8
176,124,7
177,124,7
178,124,7
179,124,7
180,124,6
181,124,6
182,124,6
183,124,6
184,124,6
185,124,6
186,124,6
187,124,5
188,124,5
189,124,5
190,124,5
191,124,5
192,124,5
193,124,5
194,124,5
195,124,5
196,124,5
197,124,4
198,124,4
199,124,4
200,124,4
201,124,4
202,124,4
203,124,4
204,124,4
205,124,4
206,124,4
207,124,4
208,124,4
209,124,4
210,124,4
211,124,4
212,124,4
213,124,4
214,124,4
215,124,4
216,124,3
217,124,3
218,124,3
219,124,3
220,124,3
221,124,3
222,124,3
223,124,3
224,124,3
225,124,3
226,124,3
227,124,3
228,124,3
229,124,3
230,124,3
231,124,3
232,124,3
233,124,3
234,124,3
235,124,3
236,124,3
237,124,3
238,124,3
239,124,3
240,124,3
241,124,3
242,124,3
243,124,3
244,124,3
245,124,3
246,124,3
247,124,3
248,124,3
249,124,3
250,124,3
251,124,3
252,124,3
253,124,3
254,124,3
255,124,3
0,125,0
1,125,0
2,125,0
3,125,0
4,125,0
5,125,0
6,125,0
7,125,0
8,125,0
9,125,0
10,125,0
11,125,0
12,125,0
13,125,0
14,125,0
15,125,0
16,125,0
17,125,0
18,125,0
19,125,0
20,125,0
21,125,0
22,125,0
23,125,0
24,125,0
25,125,0
26,125,0
27,125,0
28,125,0
29,125,0
30,125,0
31,125,0
32,125,0
33,125,0
34,125,0
35,125,0
36,125,0
37,125,0
38,125,0
39,125,0
40,125,0
41,125,0
42,125,0
43,125,0
44,125,0
45,125,0
46,125,0
47,125,0
48,125,0
49,125,0
50,125,0
51,125,0
52,125,0
53,125,0
54,125,0
55,125,0
56,125,0
57,125,0
58,125,0
59,125,0
60,125,0
61,125,0
62,125,0
63,125,0
64,125,0
65,125,0
66,125,0
67,125,0
68,125,0
69,125,0
70,125,0
71,125,0
72,125,0
73,125,0
74,125,0
75,125,0
76,125,0
77,125,0
78,125,0
79,125,0
80,125,0
81,125,0
82,125,0
83,125,0
84,125,0
85,125,0
86,125,0
87,125,0
88,125,0
89,125,0
90,125,0
91,125,0
92,125,0
93,125,0
94,125,0
95,125,0
96,125,0
97,125,0
98,125,0
99,125,0
100,125,0
101,125,0
102,125,0
103,125,0
104,125,0
105,125,0
106,125,0
107,125,0
108,125,0
109,125,0
110,125,0
111,125,0
112,125,0
113,125,0
114,125,0
115,125,0
116,125,0
117,125,0
118,125,0
119,125,0
120,125,0
121,125,0
122,125,0
123,125,0
124,125,0
125,125,0
126,125,0
127,125,0
128,125,0
129,125,0
130,125,0
131,125,0
132,125,0
133,125,0
134,125,0
135,125,0
136,125,0
137,125,0
138,125,0
139,125,0
140,125,0
141,125,0
142,125,0
143,125,0
144,125,0
145,125,0
146,125,0
147,125,0
148,125,0
149,125,0
150,125,0
151,125,0
152,125,0
153,125,0
154,125,0
155,125,0
156,125,0
157,125,0
158,125,0
159,125,0
160,125,0
161,125,0
162,125,0
163,125,0
164,125,0
165,125,0
166,125,17
167,125,13
168,125,11
169,125,11
170,125,10
171,125,9
172,125,9
173,125,8
174,125,8
175,125,8
176,125,7
177,125,7
178,125,7
179,125,7
180,125,6
181,125,6
182,125,6
183,125,6
184,125,6
185,125,6
186,125,6
187,125,5
188,125,5
189,125,5
190,125,5
191,125,5
192,125,5
193,125,5
194,125,5
195,125,5
196,125,5
197,125,4
198,125,4
199,125,4
200,125,4
201,125,4
202,125,4
203,125,4
204,125,4
205,125,4
206,125,4
207,125,4
208,125,4
209,125,4
210,125,4
211,125,4
212,125,4
213,125,4
214,125,4
215,125,4
216,125,3
217,125,3
218,125,3
219,125,3
220,125,3
221,125,3
222,125,3
223,125,3
224,125,3
225,125,3
226,125,3
227,125,3
228,125,3
229,125,3
230,125,3
231,125,3
232,125,3
233,125,3
234,125,3
235,125,3
236,125,3
237,125,3
238,125,3
239,125,3
240,125,3
241,125,3
242,125,3
243,125,3
244,125,3
245,125,3
246,125,3
247,125,3
248,125,3
249,125,3
250,125,3
251,125,3
252,125,3
253,125,3
254,125,3
255,125,3
0,126,0
1,126,0
2,126,0
3,126,0
4,126,0
5,126,0
6,126,0
7,126,0
8,126,0
9,126,0
10,126,0
11,126,0
12,126,0
13,126,0
14,126,0
15,126,0
16,126,0
17,126,0
18,126,0
19,126,0
20,126,0
21,126,0
22,126,0
23,126,0
24,126,0
25,126,0
26,126,0
27,126,0
28,126,0
29,126,0
30,126,0
31,126,0
32,126,0
33,126,0
34,126,0
35,126,0
36,126,0
37,126,0
38,126,0
39,126,0
40,126,0
41,126,0
42,126,0
43,126,0
44,126,0
45,126,0
46,126,0
47,126,0
48,126,0
49,126,0
50,126,0
51,126,0
52,126,0
53,126,0
54,126,0
55,126,0
56,126,0
57,126,0
58,126,0
59,126,0
60,126,0
61,126,0
62,126,0
63,126,0
64,126,0
65,126,0
66,126,0
67,126,0
68,126,0
69,126,0
70,126,0
71,126,0
72,126,0
73,126,0
74,126,0
75,126,0
76,126,0
77,126,0
78,126,0
79,126,0
80,126,0
81,126,0
82,126,0
83,126,0
84,126,0
85,126,0
86,126,0
87,126,0
88,126,0
89,126,0
90,126,0
91,126,0
92,126,0
93,126,0
94,126,0
95,126,0
96,126,0
97,126,0
98,126,0
99,126,0
100,126,0
101,126,0
102,126,0
103,126,0
104,126,0
105,126,0
106,126,0
107,126,0
108,126,0
109,126,0
110,126,0
111,126,0
112,126,0
113,126,0
114,126,0
115,126,0
116,126,0
117,126,0
118,126,0
119,126,0
120,126,0
121,126,0
122,126,0
123,126,0
124,126,0
125,126,0
126,126,0
127,126,0
128,126,0
129,126,0
130,126,0
131,126,0
132,126,0
133,126,0
134,126,0
135,126,0
136,126,0
137,126,0
138,126,0
139,126,0
140,126,0
141,126,0
142,126,0
143,126,0
144,126,0
145,126,0
146,126,0
147,126,0
148,126,0
149,126,0
150,126,0
151,126,0
152,126,0
153,126,0
154,126,0
155,126,0
156,126,0
157,126,0
158,126,0
159,126,0
160,126,0
161,126,0
162,126,0
163,126,0
164,126,19
165,126,15
166,126,13
167,126,12
168,126,11
169,126,10
170,126,10
171,126,9
172,126,9
173,126,8
174,126,8
175,126,8
176,126,7
177,126,7
178,126,7
179,126,7
180,126,6
181,126,6
182,126,6
183,126,6
184,126,6
185,126,6
186,126,6
187,126,5
188,126,5
189,126,5
190,126,5
191,126,5
192,126,5
193,126,5
194,126,5
195,126,5
196,126,5
197,126,4
198,126,4
199,126,4
200,126,4
201,126,4
202,126,4
203,126,4
204,126,4
205,126,4
206,126,4
207,126,4
208,126,4
209,126,4
210,126,4
211,126,4
212,126,4
213,126,4
214,126,4
215,126,4
216,126,3
217,126,3
218,126,3
219,126,3
220,126,3
221,126,3
222,126,3
223,126,3
224,126,3
225,126,3
226,126,3
227,126,3
228,126,3
229,126,3
230,126,3
231,126,3
232,126,3
233,126,3
234,126,3
235,126,3
236,126,3
237,126,3
238,126,3
239,126,3
240,126,3
241,126,3
242,126,3
243,126,3
244,126,3
245,126,3
246,126,3
247,126,3
248,126,3
249,126,3
250,126,3
251,126,3
252,126,3
253,126,3
254,126,3
255,126,3
0,127,0
1,127,0
2,127,0
3,127,0
4,127,0
5,127,0
6,127,0
7,127,0
8,127,0
9,127,0
10,127,0
11,127,0
12,127,0
13,127,0
14,127,0
15,127,0
16,127,0
17,127,0
18,127,0
19,127,0
20,127,0
21,127,0
22,127,0
23,127,0
24,127,0
25,127,0
26,127,0
27,127,0
28,127,0
29,127,0
30,127,0
31,127,0
32,127,0
33,127,0
34,127,0
35,127,0
36,127,0
37,127,0
38,127,0
39,127,0
40,127,0
41,127,0
42,127,0
43,127,0
44,127,0
45,127,0
46,127,0
47,127,0
48,127,0
49,127,0
50,127,0
51,127,0
52,127,0
53,127,0
54,127,0
55,127,0
56,127,0
57,127,0
58,127,0
59,127,0
60,127,0
61,127,0
62,127,0
63,127,0
64,127,0
65,127,0
66,127,0
67,127,0
68,127,0
69,127,0
70,127,0
71,127,0
72,127,0
73,127,0
74,127,0
75,127,0
76,127,0
77,127,0
78,127,0
79,127,0
80,127,0
81,127,0
82,127,0
83,127,0
84,127,0
85,127,0
86,127,0
87,127,0
88,127,0
89,127,0
90,127,0
91,127,0
92,127,0
93,127,0
94,127,0
95,127,0
96,127,0
97,127,0
98,127,0
99,127,0
100,127,0
101,127,0
102,127,0
103,127,0
104,127,0
105,127,0
106,127,0
107,127,0
108,127,0
109,127,0
110,127,0
111,127,0
112,127,0
113,127,0
114,127,0
115,127,0
116,127,0
117,127,0
118,127,0
119,127,0
120,127,0
121,127,0
122,127,0
123,127,0
124,127,0
125,127,0
126,127,0
127,127,0
128,127,0
129,127,0
130,127,0
131,127,0
132,127,0
133,127,0
134,127,0
135,127,0
136,127,0
137,127,0
138,127,0
139,127,0
140,127,0
141,127,0
142,127,0
143,127,0
144,127,0
145,127,0
146,127,0
147,127,0
148,127,0
149,127,0
150,127,0
151,127,0
152,127,0
153,127,0
154,127,0
155,127,0
156,127,0
157,127,0
158,127,0
159,127,0
160,127,0
161,127,34
162,127,23
163,127,19
164,127,16
165,127,14
166,127,13
167,127,12
168,127,11
169,127,10
170,127,10
171,127,9
172,127,9
173,127,8
174,127,8
175,127,8
176,127,7
177,127,7
178,127,7
179,127,7
180,127,6
181,127,6
182,127,6
183,127,6
184,127,6
185,127,6
186,127,6
187,127,5
188,127,5
189,127,5
190,127,5
191,127,5
192,127,5
193,127,5
194,127,5
195,127,5
196,127,5
197,127,4
198,127,4
199,127,4
200,127,4
201,127,4
202,127,4
203,127,4
204,127,4
205,127,4
206,127,4
207,127,4
208,127,4
209,127,4
210,127,4
211,127,4
212,127,4
213,127,4
214,127,4
215,127,4
216,127,3
217,127,3
218,127,3
219,127,3
220,127,3
221,127,3
222,127,3
223,127,3
224,127,3
225,127,3
226,127,3
227,127,3
228,127,3
229,127,3
230,127,3
231,127,3
232,127,3
233,127,3
234,127,3
235,127,3
236,127,3
237,127,3
238,127,3
239,127,3
240,127,3
241,127,3
242,127,3
243,127,3
244,127,3
245,127,3
246,127,3
247,127,3
248,127,3
249,127,3
250,127,3
251,127,3
252,127,3
253,127,3
254,127,3
255,127,3
0,128,0
1,128,0
2,128,0
3,128,0
4,128,0
5,128,0
6,128,0
7,128,0
8,128,0
9,128,0
10,128,0
11,128,0
12,128,0
13,128,0
14,128,0
15,128,0
16,128,0
17,128,0
18,128,0
19,128,0
20,128,0
21,128,0
22,128,0
23,128,0
24,128,0
25,128,0
26,128,0
27,128,0
28,128,0
29,128,0
30,128,0
31,128,0
32,128,0
33,128,0
34,128,0
35,128,0
36,128,0
37,128,0
38,128,0
39,128,0
40,128,0
41,128,0
42,128,0
43,128,0
44,128,0
45,128,0
46,128,0
47,128,0
48,128,0
49,128,0
50,128,0
51,128,0
52,128,0
53,128,0
54,128,0
55,128,0
56,128,0
57,128,0
58,128,0
59,128,0
60,128,0
61,128,0
62,128,0
63,128,0
64,128,0
65,128,0
66,128,0
67,128,0
68,128,0
69,128,0
70,128,0
71,128,0
72,128,0
73,128,0
74,128,0
75,128,0
76,128,0
77,128,0
78,128,0
79,128,0
80,128,0
81,128,0
82,128,0
83,128,0
84,128,0
85,128,0
86,128,0
87,128,0
88,128,0
89,128,0
90,128,0
91,128,0
92,128,0
93,128,0
94,128,0
95,128,0
96,128,0
97,128,0
98,128,0
99,128,0
100,128,0
101,128,0
102,128,0
103,128,0
104,128,0
105,128,0
106,128,0
107,128,0
108,128,0
109,128,0
110,128,0
111,128,0
112,128,0
113,128,0
114,128,0
115,128,0
116,128,0
117,128,0
118,128,0
119,128,0
120,128,0
121,128,0
122,128,0
123,128,0
124,128,0
125,128,0
126,128,0
127,128,0
128,128,0
129,128,0
130,128,0
131,128,0
132,128,0
133,128,0
134,128,0
135,128,0
136,128,0
137,128,0
138,128,0
139,128,0
140,128,0
141,128,0
142,128,0
143,128,0
144,128,0
145,128,0
146,128,0
147,128,0
148,128,0
149,128,0
150,128,0
151,128,0
152,128,0
153,128,0
154,128,0
155,128,0
156,128,0
157,128,0
158,128,0
159,128,0
160,128,0
161,128,0
162,128,0
163,128,0
164,128,19
165,128,15
166,128,13
167,128,12
168,128,11
169,128,10
170,128,10
171,128,9
172,128,9
173,128,8
174,128,8
175,128,8
176,128,7
177,128,7
178,128,7
179,128,7
180,128,6
181,128,6
182,128,6
183,128,6
184,128,6
185,128,6
186,128,6
187,128,5
188,128,5
189,128,5
190,128,5
191,128,5
192,128,5
193,128,5
194,128,5
195,128,5
196,128,5
197,128,4
198,128,4
199,128,4
200,128,4
201,128,4
202,128,4
203,128,4
204,128,4
205,128,4
206,128,4
207,128,4
208,128,4
209,128,4
210,128,4
211,128,4
212,128,4
213,128,4
214,128,4
215,128,4
216,128,3
217,128,3
218,128,3
219,128,3
220,128,3
221,128,3
222,128,3
223,128,3
224,128,3
225,128,3
226,128,3
227,128,3
228,128,3
229,128,3
230,128,3
231,128,3
232,128,3
233,128,3
234,128,3
235,128,3
236,128,3
237,128,3
238,128,3
239,128,3
240,128,3
241,128,3
242,128,3
243,128,3
244,128,3
245,128,3
246,128,3
247,128,3
248,128,3
249,128,3
250,128,3
251,128,3
252,128,3
253,128,3
254,128,3
255,128,3
0,129,0
1,129,0
2,129,0
3,129,0
4,129,0
5,129,0
6,129,0
7,129,0
8,129,0
9,129,0
10,129,0
11,129,0
12,129,0
13,129,0
14,129,0
15,129,0
16,129,0
17,129,0
18,129,0
19,129,0
20,129,0
21,129,0
22,129,0
23,129,0
24,129,0
25,129,0
26,129,0
27,129,0
28,129,0
29,129,0
30,129,0
31,129,0
32,129,0
33,129,0
34,129,0
35,129,0
36,129,0
37,129,0
38,129,0
39,129,0
40,129,0
41,129,0
42,129,0
43,129,0
44,129,0
45,129,0
46,129,0
47,129,0
48,129,0
49,129,0
50,129,0
51,129,0
52,129,0
53,129,0
54,129,0
55,129,0
56,129,0
57,129,0
58,129,0
59,129,0
60,129,0
61,129,0
62,129,0
63,129,0
64,129,0
65,129,0
66,129,0
67,129,0
68,129,0
69,129,0
70,129,0
71,129,0
72,129,0
73,129,0
74,129,0
75,129,0
76,129,0
77,129,0
78,129,0
79,129,0
80,129,0
81,129,0
82,129,0
83,129,0
84,129,0
85,129,0
86,129,0
87,129,0
88,129,0
89,129,0
90,129,0
91,129,0
92,129,0
93,129,0
94,129,0
95,129,0
96,129,0
97,129,0
98,129,0
99,129,0
100,129,0
101,129,0
102,129,0
103,129,0
104,129,0
105,129,0
106,129,0
107,129,0
108,129,0
109,129,0
110,129,0
111,129,0
112,129,0
113,129,0
114,129,0
115,129,0
116,129,0
117,129,0
118,129,0
119,129,0
120,129,0
121,129,0
122,129,0
123,129,0
124,129,0
125,129,0
126,129,0
127,129,0
128,129,0
129,129,0
130,129,0
131,129,0
132,129,0
133,129,0
134,129,0
135,129,0
136,129,0
137,129,0
138,129,0
139,129,0
140,129,0
141,129,0
142,129,0
143,129,0
144,129,0
145,129,0
146,129,0
147,129,0
148,129,0
149,129,0
150,129,0
151,129,0
152,129,0
153,129,0
154,129,0
155,129,0
156,129,0
157,129,0
158,129,0
159,129,0
160,129,0
161,129,0
162,129,0
163,129,0
164,129,0
165,129,0
166,129,17
167,129,13
168,129,11
169,129,11
170,129,10
171,129,9
172,129,9
173,129,8
174,129,8
175,129,8
176,129,7
177,129,7
178,129,7
179,129,7
180,129,6
181,129,6
182,129,6
183,129,6
184,129,6
185,129,6
186,129,6
187,129,5
188,129,5
189,129,5
190,129,5
191,129,5
192,129,5
193,129,5
194,129,5
195,129,5
196,129,5
197,129,4
198,129,4
199,129,4
200,129,4
201,129,4
202,129,4
203,129,4
204,129,4
205,129,4
206,129,4
207,129,4
208,129,4
209,129,4
210,129,4
211,129,4
212,129,4
213,129,4
214,129,4
215,129,4
216,129,3
217,129,3
218,129,3
219,129,3
220,129,3
221,129,3
222,129,3
223,129,3
224,129,3
225,129,3
226,129,3
227,129,3
228,129,3
229,129,3
230,129,3
231,129,3
232,129,3
233,129,3
234,129,3
235,129,3
236,129,3
237,129,3
238,129,3
239,129,3
240,129,3
241,129,3
242,129,3
243,129,3
244,129,3
245,129,3
246,129,3
247,129,3
248,129,3
249,129,3
250,129,3
251,129,3
252,129,3
253,129,3
254,129,3
255,129,3
0,130,0
1,130,0
2,130,0
3,130,0
4,130,0
5,130,0
6,130,0
7,130,0
8,130,0
9,130,0
10,130,0
11,130,0
12,130,0
13,130,0
14,130,0
15,130,0
16,130,0
17,130,0
18,130,0
19,130,0
20,130,0
21,130,0
22,130,0
23,130,0
24,130,0
25,130,0
26,130,0
27,130,0
28,130,0
29,130,0
30,130,0
31,130,0
32,130,0
33,130,0
34,130,0
35,130,0
36,130,0
37,130,0
38,130,0
39,130,0
40,130,0
41,130,0
42,130,0
43,130,0
44,130,0
45,130,0
46,130,0
47,130,0
48,130,0
49,130,0
50,130,0
51,130,0
52,130,0
53,130,0
54,130,0
55,130,0
56,130,0
57,130,0
58,130,0
59,130,0
60,130,0
61,130,0
62,130,0
63,130,0
64,130,0
65,130,0
66,130,0
67,130,0
68,130,0
69,130,0
70,130,0
71,130,0
72,130,0
73,130,0
74,130,0
75,130,0
76,130,0
77,130,0
78,130,0
79,130,0
80,130,0
81,130,0
82,130,0
83,130,0
84,130,0
85,130,0
86,130,0
87,130,0
88,130,0
89,130,0
90,130,0
91,130,0
92,130,0
93,130,0
94,130,0
95,130,0
96,130,0
97,130,0
98,130,0
99,130,0
100,130,0
101,130,0
102,130,0
103,130,0
104,130,0
105,130,0
106,130,0
107,130,0
108,130,0
109,130,0
110,130,0
111,130,0
112,130,0
113,130,0
114,130,0
115,130,0
116,130,0
117,130,0
118,130,0
119,130,0
120,130,0
121,130,0
122,130,0
123,130,0
124,130,0
125,130,0
126,130,0
127,130,0
128,130,0
129,130,0
130,130,0
131,130,0
132,130,0
133,130,0
134,130,0
135,130,0
136,130,0
137,130,0
138,130,0
139,130,0
140,130,0
141,130,0
142,130,0
143,130,0
144,130,0
145,130,0
146,130,0
147,130,0
148,130,0
149,130,0
150,130,0
151,130,0
152,130,0
153,130,0
154,130,0
155,130,0
156,130,0
157,130,0
158,130,0
159,130,0
160,130,0
161,130,0
162,130,0
163,130,0
164,130,0
165,130,0
166,130,0
167,130,40
168,130,13
169,130,11
170,130,10
171,130,9
172,130,9
173,130,8
174,130,8
175,130,8
176,130,7
177,130,7
178,130,7
179,130,7
180,130,6
181,130,6
182,130,6
183,130,6
184,130,6
185,130,6
186,130,6
187,130,5
188,130,5
189,130,5
190,130,5
191,130,5
192,130,5
193,130,5
194,130,5
195,130,5
196,130,5
197,130,4
198,130,4
199,130,4
200,130,4
201,130,4
202,130,4
203,130,4
204,130,4
205,130,4
206,130,4
207,130,4
208,130,4
209,130,4
210,130,4
211,130,4
212,130,4
213,130,4
214,130,4
215,130,4
216,130,3
217,130,3
218,130,3
219,130,3
220,130,3
221,130,3
222,130,3
223,130,3
224,130,3
225,130,3
226,130,3
227,130,3
228,130,3
229,130,3
230,130,3
231,130,3
232,130,3
233,130,3
234,130,3
235,130,3
236,130,3
237,130,3
238,130,3
239,130,3
240,130,3
241,130,3
242,130,3
243,130,3
244,130,3
245,130,3
246,130,3
247,130,3
248,130,3
249,130,3
250,130,3
251,130,3
252,130,3
253,130,3
254,130,3
255,130,3
0,131,0
1,131,0
2,131,0
3,131,0
4,131,0
5,131,0
6,131,0
7,131,0
8,131,0
9,131,0
10,131,0
11,131,0
12,131,0
13,131,0
14,131,0
15,131,0
16,131,0
17,131,0
18,131,0
19,131,0
20,131,0
21,131,0
22,131,0
23,131,0
24,131,0
25,131,0
26,131,0
27,131,0
28,131,0
29,131,0
30,131,0
31,131,0
32,131,37
33,131,0
34,131,0
35,131,0
36,131,0
37,131,0
38,131,0
39,131,0
40,131,0
41,131,0
42,131,0
43,131,0
44,131,0
45,131,0
46,131,0
47,131,0
48,131,0
49,131,0
50,131,0
51,131,0
52,131,0
53,131,0
54,131,0
55,131,0
56,131,0
57,131,0
58,131,0
59,131,0
60,131,0
61,131,0
62,131,0
63,131,0
64,131,0
65,131,0
66,131,0
67,131,0
68,131,0
69,131,0
70,131,0
71,131,0
72,131,0
73,131,0
74,131,0
75,131,0
76,131,0
77,131,0
78,131,0
79,131,0
80,131,0
81,131,0
82,131,0
83,131,0
84,131,0
85,131,0
86,131,0
87,131,0
88,131,0
89,131,0
90,131,0
91,131,0
92,131,0
93,131,0
94,131,0
95,131,0
96,131,0
97,131,0
98,131,0
99,131,0
100,131,0
101,131,0
102,131,0
103,131,0
104,131,0
105,131,0
106,131,0
107,131,0
108,131,0
109,131,0
110,131,0
111,131,0
112,131,0
113,131,0
114,131,0
115,131,0
116,131,0
117,131,0
118,131,0
119,131,0
120,131,0
121,131,0
122,131,0
123,131,0
124,131,0
125,131,0
126,131,0
127,131,0
128,131,0
129,131,0
130,131,0
131,131,0
132,131,0
133,131,0
134,131,0
135,131,0
136,131,0
137,131,0
138,131,0
139,131,0
140,131,0
141,131,0
142,131,0
143,131,0
144,131,0
145,131,0
146,131,0
147,131,0
148,131,0
149,131,0
150,131,0
151,131,0
152,131,0
153,131,0
154,131,0
155,131,0
156,131,0
157,131,0
158,131,0
159,131,0
160,131,0
161,131,0
162,131,0
163,131,0
164,131,0
165,131,0
166,131,0
167,131,0
168,131,0
169,131,14
170,131,11
171,131,10
172,131,9
173,131,9
174,131,8
175,131,8
176,131,7
177,131,7
178,131,7
179,131,7
180,131,6
181,131,6
182,131,6
183,131,6
184,131,6
185,131,6
186,131,6
187,131,5
188,131,5
189,131,5
190,131,5
191,131,5
192,131,5
193,131,5
194,131,5
195,131,5
196,131,5
197,131,4
198,131,4
199,131,4
200,131,4
201,131,4
202,131,4
203,131,4
204,131,4
205,131,4
206,131,4
207,131,4
208,131,4
209,131,4
210,131,4
211,131,4
212,131,4
213,131,4
214,131,4
215,131,4
216,131,3
217,131,3
218,131,3
219,131,3
220,131,3
221,131,3
222,131,3
223,131,3
224,131,3
225,131,3
226,131,3
227,131,3
228,131,3
229,131,3
230,131,3
231,131,3
232,131,3
233,131,3
234,131,3
235,131,3
236,131,3
237,131,3
238,131,3
239,131,3
240,131,3
241,131,3
242,131,3
243,131,3
244,131,3
245,131,3
246,131,3
247,131,3
248,131,3
249,131,3
250,131,3
251,131,3
252,131,3
253,131,3
254,131,3
255,131,3
0,132,0
1,132,0
2,132,0
3,132,0
4,132,0
5,132,0
6,132,0
7,132,0
8,132,0
9,132,0
10,132,0
11,132,0
12,132,0
13,132,0
14,132,0
15,132,0
16,132,0
17,132,0
18,132,0
19,132,0
20,132,0
21,132,0
22,132,0
23,132,0
24,132,0
25,132,0
26,132,0
27,132,0
28,132,0
29,132,0
30,132,0
31,132,0
32,132,17
33,132,0
34,132,0
35,132,0
36,132,0
37,132,0
38,132,0
39,132,0
40,132,0
41,132,0
42,132,0
43,132,0
44,132,0
45,132,0
46,132,0
47,132,0
48,132,0
49,132,0
50,132,0
51,132,0
52,132,0
53,132,0
54,132,0
55,132,0
56,132,0
57,132,0
58,132,0
59,132,0
60,132,0
61,132,0
62,132,0
63,132,0
64,132,0
65,132,0
66,132,0
67,132,0
68,132,0
69,132,0
70,132,0
71,132,0
72,132,0
73,132,0
74,132,0
75,132,0
76,132,0
77,132,0
78,132,0
79,132,0
80,132,0
81,132,0
82,132,0
83,132,0
84,132,0
85,132,0
86,132,0
87,132,0
88,132,0
89,132,0
90,132,0
91,132,0
92,132,0
93,132,0
94,132,0
95,132,0
96,132,0
97,132,0
98,132,0
99,132,0
100,132,0
101,132,0
102,132,0
103,132,0
104,132,0
105,132,0
106,132,0
107,132,0
108,132,0
109,132,0
110,132,0
111,132,0
112,132,0
113,132,0
114,132,0
115,132,0
116,132,0
117,132,0
118,132,0
119,132,0
120,132,0
121,132,0
122,132,0
123,132,0
124,132,0
125,132,0
126,132,0
127,132,0
128,132,0
129,132,0
130,132,0
131,132,0
132,132,0
133,132,0
134,132,0
135,132,0
136,132,0
137,132,0
138,132,0
139,132,0
140,132,0
141,132,0
142,132,0
143,132,0
144,132,0
145,132,0
146,132,0
147,132,0
148,132,0
149,132,0
150,132,0
151,132,0
152,132,0
153,132,0
154,132,0
155,132,0
156,132,0
157,132,0
158,132,0
159,132,0
160,132,0
161,132,0
162,132,0
163,132,0
164,132,0
165,132,0
166,132,0
167,132,0
168,132,0
169,132,0
170,132,47
171,132,11
172,132,10
173,132,9
174,132,8
175,132,8
176,132,8
177,132,7
178,132,7
179,132,7
180,132,7
181,132,6
182,132,6
183,132,6
184,132,6
185,132,6
186,132,6
187,132,5
188,132,5
189,132,5
190,132,5
191,132,5
192,132,5
193,132,5
194,132,5
195,132,5
196,132,5
197,132,4
198,132,4
199,132,4
200,132,4
201,132,4
202,132,4
203,132,4
204,132,4
205,132,4
206,132,4
207,132,4
208,132,4
209,132,4
210,132,4
211,132,4
212,132,4
213,132,4
214,132,4
215,132,4
216,132,3
217,132,3
218,132,3
219,132,3
220,132,3
221,132,3
222,132,3
223,132,3
224,132,3
225,132,3
226,132,3
227,132,3
228,132,3
229,132,3
230,132,3
231,132,3
232,132,3
233,132,3
234,132,3
235,132,3
236,132,3
237,132,3
238,132,3
239,132,3
240,132,3
241,132,3
242,132,3
243,132,3
244,132,3
245,132,3
246,132,3
247,132,3
248,132,3
249,132,3
250,132,3
251,132,3
252,132,3
253,132,3
254,132,3
255,132,3
0,133,0
1,133,0
2,133,0
3,133,0
4,133,0
5,133,0
6,133,0
7,133,0
8,133,0
9,133,0
10,133,0
11,133,0
12,133,0
13,133,0
14,133,0
15,133,0
16,133,0
17,133,0
18,133,0
19,133,0
20,133,0
21,133,0
22,133,0
23,133,0
24,133,0
25,133,0
26,133,0
27,133,0
28,133,0
29,133,0
30,133,0
31,133,0
32,133,4
33,133,0
34,133,0
35,133,0
36,133,0
37,133,0
38,133,0
39,133,0
40,133,0
41,133,0
42,133,0
43,133,0
44,133,0
45,133,0
46,133,0
47,133,0
48,133,0
49,133,0
50,133,0
51,133,0
52,133,0
53,133,0
54,133,0
55,133,0
56,133,0
57,133,0
58,133,0
59,133,0
60,133,0
61,133,0
62,133,0
63,133,0
64,133,0
65,133,0
66,133,0
67,133,0
68,133,0
69,133,0
70,133,0
71,133,0
72,133,0
73,133,0
74,133,0
75,133,0
76,133,0
77,133,0
78,133,0
79,133,0
80,133,0
81,133,0
82,133,0
83,133,0
84,133,0
85,133,0
86,133,0
87,133,0
88,133,0
89,133,0
90,133,0
91,133,0
92,133,0
93,133,0
94,133,0
95,133,0
96,133,0
97,133,0
98,133,0
99,133,0
100,133,0
101,133,0
102,133,0
103,133,0
104,133,0
105,133,0
106,133,0
107,133,0
108,133,0
109,133,0
110,133,0
111,133,0
112,133,0
113,133,0
114,133,0
115,133,0
116,133,0
117,133,0
118,133,0
119,133,0
120,133,0
121,133,0
122,133,0
123,133,0
124,133,0
125,133,0
126,133,0
127,133,0
128,133,0
129,133,0
130,133,0
131,133,0
132,133,0
133,133,0
134,133,0
135,133,0
136,133,0
137,133,0
138,133,0
139,133,0
140,133,0
141,133,0
142,133,0
143,133,0
144,133,0
145,133,0
146,133,0
147,133,0
148,133,0
149,133,0
150,133,0
151,133,0
152,133,0
153,133,0
154,133,0
155,133,0
156,133,0
157,133,0
158,133,0
159,133,0
160,133,0
161,133,0
162,133,0
163,133,0
164,133,0
165,133,0
166,133,0
167,133,0
168,133,0
169,133,0
170,133,21
171,133,57
172,133,12
173,133,10
174,133,9
175,133,8
176,133,8
177,133,7
178,133,7
179,133,7
180,133,7
181,133,6
182,133,6
183,133,6
184,133,6
185,133,6
186,133,6
187,133,5
188,133,5
189,133,5
190,133,5
191,133,5
192,133,5
193,133,5
194,133,5
195,133,5
196,133,5
197,133,4
198,133,4
199,133,4
200,133,4
201,133,4
202,133,4
203,133,4
204,133,4
205,133,4
206,133,4
207,133,4
208,133,4
209,133,4
210,133,4
211,133,4
212,133,4
213,133,4
214,133,4
215,133,4
216,133,3
217,133,3
218,133,3
219,133,3
220,133,3
221,133,3
222,133,3
223,133,3
224,133,3
225,133,3
226,133,3
227,133,3
228,133,3
229,133,3
230,133,3
231,133,3
232,133,3
233,133,3
234,133,3
235,133,3
236,133,3
237,133,3
238,133,3
239,133,3
240,133,3
241,133,3
242,133,3
243,133,3
244,133,3
245,133,3
246,133,3
247,133,3
248,133,3
249,133,3
250,133,3
251,133,3
252,133,3
253,133,3
254,133,3
255,133,3
0,134,0
1,134,0
2,134,0
3,134,0
4,134,0
5,134,0
6,134,0
7,134,0
8,134,0
9,134,0
10,134,0
11,134,0
12,134,0
13,134,0
14,134,0
15,134,0
16,134,0
17,134,0
18,134,0
19,134,0
20,134,0
21,134,0
22,134,0
23,134,0
24,134,0
25,134,0
26,134,0
27,134,0
28,134,0
29,134,0
30,134,0
31,134,0
32,134,59
33,134,0
34,134,0
35,134,0
36,134,0
37,134,0
38,134,0
39,134,0
40,134,0
41,134,0
42,134,0
43,134,0
44,134,0
45,134,0
46,134,0
47,134,0
48,134,0
49,134,0
50,134,0
51,134,0
52,134,0
53,134,0
54,134,0
55,134,0
56,134,0
57,134,0
58,134,0
59,134,0
60,134,0
61,134,0
62,134,0
63,134,0
64,134,0
65,134,0
66,134,0
67,134,0
68,134,0
69,134,0
70,134,0
71,134,0
72,134,0
73,134,0
74,134,0
75,134,0
76,134,0
77,134,0
78,134,0
79,134,0
80,134,0
81,134,0
82,134,0
83,134,0
84,134,0
85,134,0
86,134,0
87,134,0
88,134,0
89,134,0
90,134,0
91,134,0
92,134,0
93,134,0
94,134,0
95,134,0
96,134,0
97,134,0
98,134,0
99,134,0
100,134,0
101,134,0
102,134,0
103,134,0
104,134,0
105,134,0
106,134,0
107,134,0
108,134,0
109,134,0
110,134,0
111,134,0
112,134,0
113,134,0
114,134,0
115,134,0
116,134,0
117,134,0
118,134,0
119,134,0
120,134,0
121,134,0
122,134,0
123,134,0
124,134,0
125,134,0
126,134,0
127,134,0
128,134,0
129,134,0
130,134,0
131,134,0
132,134,0
133,134,0
134,134,0
135,134,0
136,134,0
137,134,0
138,134,0
139,134,0
140,134,0
141,134,0
142,134,0
143,134,0
144,134,0
145,134,0
146,134,0
147,134,0
148,134,0
149,134,0
150,134,0
151,134,0
152,134,0
153,134,0
154,134,0
155,134,0
156,134,0
157,134,0
158,134,0
159,134,0
160,134,0
161,134,0
162,134,0
163,134,0
164,134,0
165,134,0
166,134,0
167,134,0
168,134,0
169,134,0
170,134,0
171,134,0
172,134,21
173,134,11
174,134,10
175,134,9
176,134,8
177,134,7
178,134,7
179,134,7
180,134,7
181,134,6
182,134,6
183,134,6
184,134,6
185,134,6
186,134,6
187,134,5
188,134,5
189,134,5
190,134,5
191,134,5
192,134,5
193,134,5
194,134,5
195,134,5
196,134,5
197,134,4
198,134,4
199,134,4
200,134,4
201,134,4
202,134,4
203,134,4
204,134,4
205,134,4
206,134,4
207,134,4
208,134,4
209,134,4
210,134,4
211,134,4
212,134,4
213,134,4
214,134,4
215,134,4
216,134,3
217,134,3
218,134,3
219,134,3
220,134,3
221,134,3
222,134,3
223,134,3
224,134,3
225,134,3
226,134,3
227,134,3
228,134,3
229,134,3
230,134,3
231,134,3
232,134,3
233,134,3
234,134,3
235,134,3
236,134,3
237,134,3
238,134,3
239,134,3
240,134,3
241,134,3
242,134,3
243,134,3
244,134,3
245,134,3
246,134,3
247,134,3
248,134,3
249,134,3
250,134,3
251,134,3
252,134,3
253,134,3
254,134,3
255,134,3
0,135,0
1,135,0
2,135,0
3,135,0
4,135,0
5,135,0
6,135,0
7,135,0
8,135,0
9,135,0
10,135,0
11,135,0
12,135,0
13,135,0
14,135,0
15,135,0
16,135,0
17,135,0
18,135,0
19,135,0
20,135,0
21,135,0
22,135,0
23,135,0
24,135,0
25,135,0
26,135,0
27,135,0
28,135,0
29,135,0
30,135,0
31,135,0
32,135,51
33,135,0
34,135,0
35,135,0
36,135,0
37,135,0
38,135,0
39,135,0
40,135,0
41,135,0
42,135,0
43,135,0
44,135,0
45,135,0
46,135,0
47,135,0
48,135,0
49,135,0
50,135,0
51,135,0
52,135,0
53,135,0
54,135,0
55,135,0
56,135,0
57,135,0
58,135,0
59,135,0
60,135,0
61,135,0
62,135,0
63,135,0
64,135,0
65,135,0
66,135,0
67,135,0
68,135,0
69,135,0
70,135,0
71,135,0
72,135,0
73,135,0
74,135,0
75,135,0
76,135,0
77,135,0
78,135,0
79,135,0
80,135,0
81,135,0
82,135,0
83,135,0
84,135,0
85,135,0
86,135,0
87,135,0
88,135,0
89,135,0
90,135,0
91,135,0
92,135,0
93,135,0
94,135,0
95,135,0
96,135,0
97,135,0
98,135,0
99,135,0
100,135,0
101,135,0
102,135,0
103,135,0
104,135,0
105,135,0
106,135,0
107,135,0
108,135,0
109,135,0
110,135,0
111,135,0
112,135,0
113,135,0
114,135,0
115,135,0
116,135,0
117,135,0
118,135,0
119,135,0
120,135,0
121,135,0
122,135,0
123,135,0
124,135,0
125,135,0
126,135,0
127,135,0
128,135,0
129,135,0
130,135,0
131,135,0
132,135,0
133,135,0
134,135,0
135,135,0
136,135,0
137,135,0
138,135,0
139,135,0
140,135,0
141,135,0
142,135,0
143,135,0
144,135,0
145,135,0
146,135,0
147,135,0
148,135,0
149,135,0
150,135,0
151,135,0
152,135,0
153,135,0
154,135,0
155,135,0
156,135,0
157,135,0
158,135,0
159,135,0
160,135,0
161,135,0
162,135,0
163,135,0
164,135,0
165,135,0
166,135,0
167,135,0
168,135,0
169,135,0
170,135,0
171,135,0
172,135,18
173,135,55
174,135,13
175,135,9
176,135,8
177,135,8
178,135,7
179,135,7
180,135,7
181,135,6
182,135,6
183,135,6
184,135,6
185,135,6
186,135,6
187,135,5
188,135,5
189,135,5
190,135,5
191,135,5
192,135,5
193,135,5
194,135,5
195,135,5
196,135,5
197,135,4
198,135,4
199,135,4
200,135,4
201,135,4
202,135,4
203,135,4
204,135,4
205,135,4
206,135,4
207,135,4
208,135,4
209,135,4
210,135,4
211,135,4
212,135,4
213,135,4
214,135,4
215,135,4
216,135,3
217,135,3
218,135,3
219,135,3
220,135,3
221,135,3
222,135,3
223,135,3
224,135,3
225,135,3
226,135,3
227,135,3
228,135,3
229,135,3
230,135,3
231,135,3
232,135,3
233,135,3
234,135,3
235,135,3
236,135,3
237,135,3
238,135,3
239,135,3
240,135,3
241,135,3
242,135,3
243,135,3
244,135,3
245,135,3
246,135,3
247,135,3
248,135,3
249,135,3
250,135,3
251,135,3
252,135,3
253,135,3
254,135,3
255,135,3
0,136,0
1,136,0
2,136,0
3,136,0
4,136,0
5,136,0
6,136,0
7,136,0
8,136,0
9,136,0
10,136,0
11,136,0
12,136,0
13,136,0
14,136,0
15,136,0
16,136,0
17,136,0
18,136,0
19,136,0
20,136,0
21,136,0
22,136,0
23,136,0
24,136,0
25,136,0
26,136,0
27,136,0
28,136,0
29,136,0
30,136,0
31,136,2
32,136,45
33,136,0
34,136,0
35,136,0
36,136,0
37,136,0
38,136,0
39,136,0
40,136,0
41,136,0
42,136,0
43,136,0
44,136,0
45,136,0
46,136,0
47,136,0
48,136,0
49,136,0
50,136,0
51,136,0
52,136,0
53,136,0
54,136,0
55,136,0
56,136,0
57,136,0
58,136,0
59,136,0
60,136,0
61,136,0
62,136,0
63,136,0
64,136,0
65,136,0
66,136,0
67,136,0
68,136,0
69,136,0
70,136,0
71,136,0
72,136,0
73,136,0
74,136,0
75,136,0
76,136,0
77,136,0
78,136,0
79,136,0
80,136,0
81,136,0
82,136,0
83,136,0
84,136,0
85,136,0
86,136,0
87,136,0
88,136,0
89,136,0
90,136,0
91,136,0
92,136,0
93,136,0
94,136,0
95,136,0
96,136,0
97,136,0
98,136,0
99,136,0
100,136,0
101,136,0
102,136,0
103,136,0
104,136,0
105,136,0
106,136,0
107,136,0
108,136,0
109,136,0
110,136,0
111,136,0
112,136,0
113,136,0
114,136,0
115,136,0
116,136,0
117,136,0
118,136,0
119,136,0
120,136,0
121,136,0
122,136,0
123,136,0
124,136,0
125,136,0
126,136,0
127,136,0
128,136,0
129,136,0
130,136,0
131,136,0
132,136,0
133,136,0
134,136,0
135,136,0
136,136,0
137,136,0
138,136,0
139,136,0
140,136,0
141,136,0
142,136,0
143,136,0
144,136,0
145,136,0
146,136,0
147,136,0
148,136,0
149,136,0
150,136,0
151,136,0
152,136,0
153,136,0
154,136,0
155,136,0
156,136,0
157,136,0
158,136,0
159,136,0
160,136,0
161,136,0
162,136,0
163,136,0
164,136,0
165,136,0
166,136,0
167,136,0
168,136,0
169,136,0
170,136,0
171,136,0
172,136,0
173,136,28
174,136,36
175,136,10
176,136,9
177,136,8
178,136,7
179,136,7
180,136,7
181,136,6
182,136,6
183,136,6
184,136,6
185,136,6
186,136,6
187,136,5
188,136,5
189,136,5
190,136,5
191,136,5
192,136,5
193,136,5
194,136,5
195,136,5
196,136,5
197,136,4
198,136,4
199,136,4
200,136,4
201,136,4
202,136,4
203,136,4
204,136,4
205,136,4
206,136,4
207,136,4
208,136,4
209,136,4
210,136,4
211,136,4
212,136,4
213,136,4
214,136,4
215,136,4
216,136,3
217,136,3
218,136,3
219,136,3
220,136,3
221,136,3
222,136,3
223,136,3
224,136,3
225,136,3
226,136,3
227,136,3
228,136,3
229,136,3
230,136,3
231,136,3
232,136,3
233,136,3
234,136,3
235,136,3
236,136,3
237,136,3
238,136,3
239,136,3
240,136,3
241,136,3
242,136,3
243,136,3
244,136,3
245,136,3
246,136,3
247,136,3
248,136,3
249,136,3
250,136,3
251,136,3
252,136,3
253,136,3
254,136,3
255,136,3
0,137,0
1,137,0
2,137,0
3,137,0
4,137,0
5,137,0
6,137,0
7,137,0
8,137,0
9,137,0
10,137,0
11,137,0
12,137,0
13,137,0
14,137,0
15,137,0
16,137,0
17,137,0
18,137,0
19,137,0
20,137,0
21,137,0
22,137,0
23,137,0
24,137,0
25,137,0
26,137,0
27,137,0
28,137,0
29,137,0
30,137,0
31,137,41
32,137,41
33,137,0
34,137,0
35,137,0
36,137,0
37,137,0
38,137,0
39,137,0
40,137,0
41,137,0
42,137,0
43,137,0
44,137,0
45,137,0
46,137,0
47,137,0
48,137,0
49,137,0
50,137,0
51,137,0
52,137,0
53,137,0
54,137,0
55,137,0
56,137,0
57,137,0
58,137,0
59,137,0
60,137,0
61,137,0
62,137,0
63,137,0
64,137,0
65,137,0
66,137,0
67,137,0
68,137,0
69,137,0
70,137,0
71,137,0
72,137,0
73,137,0
74,137,0
75,137,0
76,137,0
77,137,0
78,137,0
79,137,0
80,137,0
81,137,0
82,137,0
83,137,0
84,137,0
85,137,0
86,137,0
87,137,0
88,137,0
89,137,0
90,137,0
91,137,0
92,137,0
93,137,0
94,137,0
95,137,0
96,137,0
97,137,0
98,137,0
99,137,0
100,137,0
101,137,0
102,137,0
103,137,0
104,137,0
105,137,0
106,137,0
107,137,0
108,137,0
109,137,0
110,137,0
111,137,0
112,137,0
113,137,0
114,137,0
115,137,0
116,137,0
117,137,0
118,137,0
119,137,0
120,137,0
121,137,0
122,137,0
123,137,0
124,137,0
125,137,0
126,137,0
127,137,0
128,137,0
129,137,0
130,137,0
131,137,0
132,137,0
133,137,0
134,137,0
135,137,0
136,137,0
137,137,0
138,137,0
139,137,0
140,137,0
141,137,0
142,137,0
143,137,0
144,137,0
145,137,0
146,137,0
147,137,0
148,137,0
149,137,0
150,137,0
151,137,0
152,137,0
153,137,0
154,137,0
155,137,0
156,137,0
157,137,0
158,137,0
159,137,0
160,137,0
161,137,0
162,137,0
163,137,0
164,137,0
165,137,0
166,137,0
167,137,0
168,137,0
169,137,0
170,137,0
171,137,0
172,137,63
173,137,62
174,137,16
175,137,12
176,137,10
177,137,9
178,137,8
179,137,7
180,137,7
181,137,7
182,137,6
183,137,6
184,137,6
185,137,6
186,137,6
187,137,5
188,137,5
189,137,5
190,137,5
191,137,5
192,137,5
193,137,5
194,137,5
195,137,5
196,137,5
197,137,4
198,137,4
199,137,4
200,137,4
201,137,4
202,137,4
203,137,4
204,137,4
205,137,4
206,137,4
207,137,4
208,137,4
209,137,4
210,137,4
211,137,4
212,137,4
213,137,4
214,137,4
215,137,4
216,137,3
217,137,3
218,137,3
219,137,3
220,137,3
221,137,3
222,137,3
223,137,3
224,137,3
225,137,3
226,137,3
227,137,3
228,137,3
229,137,3
230,137,3
231,137,3
232,137,3
233,137,3
234,137,3
235,137,3
236,137,3
237,137,3
238,137,3
239,137,3
240,137,3
241,137,3
242,137,3
243,137,3
244,137,3
245,137,3
246,137,3
247,137,3
248,137,3
249,137,3
250,137,3
251,137,3
252,137,3
253,137,3
254,137,3
255,137,3
0,138,0
1,138,0
2,138,0
3,138,0
4,138,0
5,138,0
6,138,0
7,138,0
8,138,0
9,138,0
10,138,0
11,138,0
12,138,0
13,138,0
14,138,0
15,138,0
16,138,0
17,138,0
18,138,0
19,138,0
20,138,0
21,138,0
22,138,0
23,138,0
24,138,0
25,138,0
26,138,0
27,138,0
28,138,0
29,138,0
30,138,0
31,138,35
32,138,37
33,138,0
34,138,0
35,138,0
36,138,0
37,138,0
38,138,0
39,138,0
40,138,0
41,138,0
42,138,0
43,138,0
44,138,0
45,138,0
46,138,0
47,138,0
48,138,0
49,138,0
50,138,0
51,138,0
52,138,0
53,138,0
54,138,0
55,138,0
56,138,0
57,138,0
58,138,0
59,138,0
60,138,0
61,138,0
62,138,0
63,138,0
64,138,0
65,138,0
66,138,0
67,138,0
68,138,0
69,138,0
70,138,0
71,138,0
72,138,0
73,138,0
74,138,0
75,138,0
76,138,0
77,138,0
78,138,0
79,138,0
80,138,0
81,138,0
82,138,0
83,138,0
84,138,0
85,138,0
86,138,0
87,138,0
88,138,0
89,138,0
90,138,0
91,138,0
92,138,0
93,138,0
94,138,0
95,138,0
96,138,0
97,138,0
98,138,0
99,138,0
100,138,0
101,138,0
102,138,0
103,138,0
104,138,0
105,138,0
106,138,0
107,138,0
108,138,0
109,138,0
110,138,0
111,138,0
112,138,0
113,138,0
114,138,0
115,138,0
116,138,0
117,138,0
118,138,0
119,138,0
120,138,0
121,138,0
122,138,0
123,138,0
124,138,0
125,138,0
126,138,0
127,138,0
128,138,0
129,138,0
130,138,0
131,138,0
132,138,0
133,138,0
134,138,0
135,138,0
136,138,0
137,138,0
138,138,0
139,138,0
140,138,0
141,138,0
142,138,0
143,138,0
144,138,0
145,138,0
146,138,0
147,138,0
148,138,0
149,138,0
150,138,0
151,138,0
152,138,0
153,138,0
154,138,0
155,138,0
156,138,0
157,138,0
158,138,0
159,138,0
160,138,0
161,138,0
162,138,0
163,138,0
164,138,0
165,138,0
166,138,0
167,138,0
168,138,0
169,138,0
170,138,0
171,138,0
172,138,0
173,138,0
174,138,16
175,138,15
176,138,20
177,138,10
178,138,8
179,138,8
180,138,7
181,138,7
182,138,6
183,138,6
184,138,6
185,138,6
186,138,6
187,138,5
188,138,5
189,138,5
190,138,5
191,138,5
192,138,5
193,138,5
194,138,5
195,138,5
196,138,5
197,138,4
198,138,4
199,138,4
200,138,4
201,138,4
202,138,4
203,138,4
204,138,4
205,138,4
206,138,4
207,138,4
208,138,4
209,138,4
210,138,4
211,138,4
212,138,4
213,138,4
214,138,4
215,138,3
216,138,3
217,138,3
218,138,3
219,138,3
220,138,3
221,138,3
222,138,3
223,138,3
224,138,3
225,138,3
226,138,3
227,138,3
228,138,3
229,138,3
230,138,3
231,138,3
232,138,3
233,138,3
234,138,3
235,138,3
236,138,3
237,138,3
238,138,3
239,138,3
240,138,3
241,138,3
242,138,3
243,138,3
244,138,3
245,138,3
246,138,3
247,138,3
248,138,3
249,138,3
250,138,3
251,138,3
252,138,3
253,138,3
254,138,3
255,138,3
0,139,0
1,139,0
2,139,0
3,139,0
4,139,0
5,139,0
6,139,0
7,139,0
8,139,0
9,139,0
10,139,0
11,139,0
12,139,0
13,139,0
14,139,0
15,139,0
16,139,0
17,139,0
18,139,0
19,139,0
20,139,0
21,139,0
22,139,0
23,139,0
24,139,0
25,139,0
26,139,0
27,139,0
28,139,0
29,139,0
30,139,1
31,139,32
32,139,35
33,139,0
34,139,0
35,139,0
36,139,0
37,139,0
38,139,0
39,139,0
40,139,0
41,139,0
42,139,0
43,139,0
44,139,0
45,139,0
46,139,0
47,139,0
48,139,0
49,139,0
50,139,0
51,139,0
52,139,0
53,139,0
54,139,0
55,139,0
56,139,0
57,139,0
58,139,0
59,139,0
60,139,0
61,139,0
62,139,0
63,139,0
64,139,0
65,139,0
66,139,0
67,139,0
68,139,0
69,139,0
70,139,0
71,139,0
72,139,0
73,139,0
74,139,0
75,139,0
76,139,0
77,139,0
78,139,0
79,139,0
80,139,0
81,139,0
82,139,0
83,139,0
84,139,0
85,139,0
86,139,0
87,139,0
88,139,0
89,139,0
90,139,0
91,139,0
92,139,0
93,139,0
94,139,0
95,139,0
96,139,0
97,139,0
98,139,0
99,139,0
100,139,0
101,139,0
102,139,0
103,139,0
104,139,0
105,139,0
106,139,0
107,139,0
108,139,0
109,139,0
110,139,0
111,139,0
112,139,0
113,139,0
114,139,0
115,139,0
116,139,0
117,139,0
118,139,0
119,139,0
120,139,0
121,139,0
122,139,0
123,139,0
124,139,0
125,139,0
126,139,0
127,139,0
128,139,0
129,139,0
130,139,0
131,139,0
132,139,0
133,139,0
134,139,0
135,139,0
136,139,0
137,139,0
138,139,0
139,139,0
140,139,0
141,139,0
142,139,0
143,139,0
144,139,0
145,139,0
146,139,0
147,139,0
148,139,0
149,139,0
150,139,0
151,139,0
152,139,0
153,139,0
154,139,0
155,139,0
156,139,0
157,139,0
158,139,0
159,139,0
160,139,0
161,139,0
162,139,0
163,139,0
164,139,0
165,139,0
166,139,0
167,139,0
168,139,0
169,139,0
170,139,0
171,139,0
172,139,0
173,139,39
174,139,62
175,139,57
176,139,31
177,139,15
178,139,9
179,139,8
180,139,7
181,139,7
182,139,6
183,139,6
184,139,6
185,139,6
186,139,6
187,139,5
188,139,5
189,139,5
190,139,5
191,139,5
192,139,5
193,139,5
194,139,5
195,139,5
196,139,5
197,139,4
198,139,4
199,139,4
200,139,4
201,139,4
202,139,4
203,139,4
204,139,4
205,139,4
206,139,4
207,139,4
208,139,4
209,139,4
210,139,4
211,139,4
212,139,4
213,139,4
214,139,4
215,139,3
216,139,3
217,139,3
218,139,3
219,139,3
220,139,3
221,139,3
222,139,3
223,139,3
224,139,3
225,139,3
226,139,3
227,139,3
228,139,3
229,139,3
230,139,3
231,139,3
232,139,3
233,139,3
234,139,3
235,139,3
236,139,3
237,139,3
238,139,3
239,139,3
240,139,3
241,139,3
242,139,3
243,139,3
244,139,3
245,139,3
246,139,3
247,139,3
248,139,3
249,139,3
250,139,3
251,139,3
252,139,3
253,139,3
254,139,3
255,139,3
0,140,0
1,140,0
2,140,0
3,140,0
4,140,0
5,140,0
6,140,0
7,140,0
8,140,0
9,140,0
10,140,0
11,140,0
12,140,0
13,140,0
14,140,0
15,140,0
16,140,0
17,140,0
18,140,0
19,140,0
20,140,0
21,140,0
22,140,0
23,140,0
24,140,0
25,140,0
26,140,0
27,140,0
28,140,0
29,140,0
30,140,1
31,140,30
32,140,32
33,140,0
34,140,0
35,140,0
36,140,0
37,140,0
38,140,0
39,140,0
40,140,0
41,140,0
42,140,0
43,140,0
44,140,0
45,140,0
46,140,0
47,140,0
48,140,0
49,140,0
50,140,0
51,140,0
52,140,0
53,140,0
54,140,0
55,140,0
56,140,0
57,140,0
58,140,0
59,140,0
60,140,0
61,140,0
62,140,0
63,140,0
64,140,0
65,140,0
66,140,0
67,140,0
68,140,0
69,140,0
70,140,0
71,140,0
72,140,0
73,140,0
74,140,0
75,140,0
76,140,0
77,140,0
78,140,0
79,140,0
80,140,0
81,140,0
82,140,0
83,140,0
84,140,0
85,140,0
86,140,0
87,140,0
88,140,0
89,140,0
90,140,0
91,140,0
92,140,0
93,140,0
94,140,0
95,140,0
96,140,0
97,140,0
98,140,0
99,140,0
100,140,0
101,140,0
102,140,0
103,140,0
104,140,0
105,140,0
106,140,0
107,140,0
108,140,0
109,140,0
110,140,0
111,140,0
112,140,0
113,140,0
114,140,0
115,140,0
116,140,0
117,140,0
118,140,0
119,140,0
120,140,0
121,140,0
122,140,0
123,140,0
124,140,0
125,140,0
126,140,0
127,140,0
128,140,0
129,140,0
130,140,0
131,140,0
132,140,0
133,140,0
134,140,0
135,140,0
136,140,0
137,140,0
138,140,0
139,140,0
140,140,0
141,140,0
142,140,0
143,140,0
144,140,0
145,140,0
146,140,0
147,140,0
148,140,0
149,140,0
150,140,0
151,140,0
152,140,0
153,140,0
154,140,0
155,140,0
156,140,0
157,140,0
158,140,0
159,140,0
160,140,0
161,140,0
162,140,0
163,140,0
164,140,0
165,140,0
166,140,0
167,140,0
168,140,0
169,140,0
170,140,0
171,140,0
172,140,0
173,140,0
174,140,0
175,140,63
176,140,29
177,140,22
178,140,10
179,140,8
180,140,8
181,140,7
182,140,7
183,140,6
184,140,6
185,140,6
186,140,6
187,140,6
188,140,5
189,140,5
190,140,5
191,140,5
192,140,5
193,140,5
194,140,5
195,140,5
196,140,5
197,140,4
198,140,4
199,140,4
200,140,4
201,140,4
202,140,4
203,140,4
204,140,4
205,140,4
206,140,4
207,140,4
208,140,4
209,140,4
210,140,4
211,140,4
212,140,4
213,140,4
214,140,4
215,140,3
216,140,3
217,140,3
218,140,3
219,140,3
220,140,3
221,140,3
222,140,3
223,140,3
224,140,3
225,140,3
226,140,3
227,140,3
228,140,3
229,140,3
230,140,3
231,140,3
232,140,3
233,140,3
234,140,3
235,140,3
236,140,3
237,140,3
238,140,3
239,140,3
240,140,3
241,140,3
242,140,3
243,140,3
244,140,3
245,140,3
246,140,3
247,140,3
248,140,3
249,140,3
250,140,3
251,140,3
252,140,3
253,140,3
254,140,3
255,140,3
0,141,0
1,141,0
2,141,0
3,141,0
4,141,0
5,141,0
6,141,0
7,141,0
8,141,0
9,141,0
10,141,0
11,141,0
12,141,0
13,141,0
14,141,0
15,141,0
16,141,0
17,141,0
18,141,0
19,141,0
20,141,0
21,141,0
22,141,0
23,141,0
24,141,0
25,141,0
26,141,0
27,141,0
28,141,0
29,141,0
30,141,31
31,141,27
32,141,29
33,141,0
34,141,0
35,141,0
36,141,0
37,141,0
38,141,0
39,141,0
40,141,0
41,141,0
42,141,0
43,141,0
44,141,0
45,141,0
46,141,0
47,141,0
48,141,0
49,141,0
50,141,0
51,141,0
52,141,0
53,141,0
54,141,0
55,141,0
56,141,0
57,141,0
58,141,0
59,141,0
60,141,0
61,141,0
62,141,0
63,141,0
64,141,0
65,141,0
66,141,0
67,141,0
68,141,0
69,141,0
70,141,0
71,141,0
72,141,0
73,141,0
74,141,0
75,141,0
76,141,0
77,141,0
78,141,0
79,141,0
80,141,0
81,141,0
82,141,0
83,141,0
84,141,0
85,141,0
86,141,0
87,141,0
88,141,0
89,141,0
90,141,0
91,141,0
92,141,0
93,141,0
94,141,0
95,141,0
96,141,0
97,141,0
98,141,0
99,141,0
100,141,0
101,141,0
102,141,0
103,141,0
104,141,0
105,141,0
106,141,0
107,141,0
108,141,0
109,141,0
110,141,0
111,141,0
112,141,0
113,141,0
114,141,0
115,141,0
116,141,0
117,141,0
118,141,0
119,141,0
120,141,0
121,141,0
122,141,0
123,141,0
124,141,0
125,141,0
126,141,0
127,141,0
128,141,0
129,141,0
130,141,0
131,141,0
132,141,0
133,141,0
134,141,0
135,141,0
136,141,0
137,141,0
138,141,0
139,141,0
140,141,0
141,141,0
142,141,0
143,141,0
144,141,0
145,141,0
146,141,0
147,141,0
148,141,0
149,141,0
150,141,0
151,141,0
152,141,0
153,141,0
154,141,0
155,141,0
156,141,0
157,141,0
158,141,0
159,141,0
160,141,0
161,141,0
162,141,0
163,141,0
164,141,0
165,141,0
166,141,0
167,141,0
168,141,0
169,141,0
170,141,0
171,141,0
172,141,0
173,141,0
174,141,40
175,141,41
176,141,16
177,141,15
178,141,10
179,141,9
180,141,8
181,141,7
182,141,7
183,141,6
184,141,6
185,141,6
186,141,6
187,141,6
188,141,5
189,141,5
190,141,5
191,141,5
192,141,5
193,141,5
194,141,5
195,141,5
196,141,5
197,141,4
198,141,4
199,141,4
200,141,4
201,141,4
202,141,4
203,141,4
204,141,4
205,141,4
206,141,4
207,141,4
208,141,4
209,141,4
210,141,4
211,141,4
212,141,4
213,141,4
214,141,4
215,141,3
216,141,3
217,141,3
218,141,3
219,141,3
220,141,3
221,141,3
222,141,3
223,141,3
224,141,3
225,141,3
226,141,3
227,141,3
228,141,3
229,141,3
230,141,3
231,141,3
232,141,3
233,141,3
234,141,3
235,141,3
236,141,3
237,141,3
238,141,3
239,141,3
240,141,3
241,141,3
242,141,3
243,141,3
244,141,3
245,141,3
246,141,3
247,141,3
248,141,3
249,141,3
250,141,3
251,141,3
252,141,3
253,141,3
254,141,3
255,141,3
0,142,0
1,142,0
2,142,0
3,142,0
4,142,0
5,142,0
6,142,0
7,142,0
8,142,0
9,142,0
10,142,0
11,142,0
12,142,0
13,142,0
14,142,0
15,142,0
16,142,0
17,142,0
18,142,0
19,142,0
20,142,0
21,142,0
22,142,0
23,142,0
24,142,0
25,142,0
26,142,0
27,142,0
28,142,0
29,142,0
30,142,26
31,142,26
32,142,27
33,142,0
34,142,0
35,142,0
36,142,0
37,142,0
38,142,0
39,142,0
40,142,0
41,142,0
42,142,0
43,142,0
44,142,0
45,142,0
46,142,0
47,142,0
48,142,0
49,142,0
50,142,0
51,142,0
52,142,0
53,142,0
54,142,0
55,142,0
56,142,0
57,142,0
58,142,0
59,142,0
60,142,0
61,142,0
62,142,0
63,142,0
64,142,0
65,142,0
66,142,0
67,142,0
68,142,0
69,142,0
70,142,0
71,142,0
72,142,0
73,142,0
74,142,0
75,142,0
76,142,0
77,142,0
78,142,0
79,142,0
80,142,0
81,142,0
82,142,0
83,142,0
84,142,0
85,142,0
86,142,0
87,142,0
88,142,0
89,142,0
90,142,0
91,142,0
92,142,0
93,142,0
94,142,0
95,142,0
96,142,0
97,142,0
98,142,0
99,142,0
100,142,0
101,142,0
102,142,0
103,142,0
104,142,0
105,142,0
106,142,0
107,142,0
108,142,0
109,142,0
110,142,0
111,142,0
112,142,0
113,142,0
114,142,0
115,142,0
116,142,0
117,142,0
118,142,0
119,142,0
120,142,0
121,142,0
122,142,0
123,142,0
124,142,0
125,142,0
126,142,0
127,142,0
128,142,0
129,142,0
130,142,0
131,142,0
132,142,0
133,142,0
134,142,0
135,142,0
136,142,0
137,142,0
138,142,0
139,142,0
140,142,0
141,142,0
142,142,0
143,142,0
144,142,0
145,142,0
146,142,0
147,142,0
148,142,0
149,142,0
150,142,0
151,142,0
152,142,0
153,142,0
154,142,0
155,142,0
156,142,0
157,142,0
158,142,0
159,142,0
160,142,0
161,142,0
162,142,0
163,142,0
164,142,0
165,142,0
166,142,0
167,142,0
168,142,0
169,142,0
170,142,0
171,142,0
172,142,0
173,142,0
174,142,0
175,142,61
176,142,15
177,142,13
178,142,11
179,142,9
180,142,8
181,142,8
182,142,7
183,142,7
184,142,6
185,142,6
186,142,6
187,142,6
188,142,5
189,142,5
190,142,5
191,142,5
192,142,5
193,142,5
194,142,5
195,142,5
196,142,5
197,142,4
198,142,4
199,142,4
200,142,4
201,142,4
202,142,4
203,142,4
204,142,4
205,142,4
206,142,4
207,142,4
208,142,4
209,142,4
210,142,4
211,142,4
212,142,4
213,142,4
214,142,4
215,142,3
216,142,3
217,142,3
218,142,3
219,142,3
220,142,3
221,142,3
222,142,3
223,142,3
224,142,3
225,142,3
226,142,3
227,142,3
228,142,3
229,142,3
230,142,3
231,142,3
232,142,3
233,142,3
234,142,3
235,142,3
236,142,3
237,142,3
238,142,3
239,142,3
240,142,3
241,142,3
242,142,3
243,142,3
244,142,3
245,142,3
246,142,3
247,142,3
248,142,3
249,142,3
250,142,3
251,142,3
252,142,3
253,142,3
254,142,3
255,142,3
0,143,0
1,143,0
2,143,0
3,143,0
4,143,0
5,143,0
6,143,0
7,143,0
8,143,0
9,143,0
10,143,0
11,143,0
12,143,0
13,143,0
14,143,0
15,143,0
16,143,0
17,143,0
18,143,0
19,143,0
20,143,0
21,143,0
22,143,0
23,143,0
24,143,0
25,143,0
26,143,0
27,143,0
28,143,0
29,143,48
30,143,24
31,143,24
32,143,26
33,143,0
34,143,0
35,143,0
36,143,0
37,143,0
38,143,0
39,143,0
40,143,0
41,143,0
42,143,0
43,143,0
44,143,0
45,143,0
46,143,0
47,143,0
48,143,0
49,143,0
50,143,0
51,143,0
52,143,0
53,143,0
54,143,0
55,143,0
56,143,0
57,143,0
58,143,0
59,143,0
60,143,0
61,143,0
62,143,0
63,143,0
64,143,0
65,143,0
66,143,0
67,143,0
68,143,0
69,143,0
70,143,0
71,143,0
72,143,0
73,143,0
74,143,0
75,143,0
76,143,0
77,143,0
78,143,0
79,143,0
80,143,0
81,143,0
82,143,0
83,143,0
84,143,0
85,143,0
86,143,0
87,143,0
88,143,0
89,143,0
90,143,0
91,143,0
92,143,0
93,143,0
94,143,0
95,143,0
96,143,0
97,143,0
98,143,0
99,143,0
100,143,0
101,143,0
102,143,0
103,143,0
104,143,0
105,143,0
106,143,0
107,143,0
108,143,0
109,143,0
110,143,0
111,143,0
112,143,0
113,143,0
114,143,0
115,143,0
116,143,0
117,143,0
118,143,0
119,143,0
120,143,0
121,143,0
122,143,0
123,143,0
124,143,0
125,143,0
126,143,0
127,143,0
128,143,0
129,143,0
130,143,0
131,143,0
132,143,0
133,143,0
134,143,0
135,143,0
136,143,0
137,143,0
138,143,0
139,143,0
140,143,0
141,143,0
142,143,0
143,143,0
144,143,0
145,143,0
146,143,0
147,143,0
148,143,0
149,143,0
150,143,0
151,143,0
152,143,0
153,143,0
154,143,0
155,143,0
156,143,0
157,143,0
158,143,0
159,143,0
160,143,0
161,143,0
162,143,0
163,143,0
164,143,0
165,143,0
166,143,0
167,143,0
168,143,0
169,143,0
170,143,0
171,143,0
172,143,0
173,143,0
174,143,0
175,143,32
176,143,17
177,143,14
178,143,13
179,143,13
180,143,10
181,143,8
182,143,7
183,143,7
184,143,6
185,143,6
186,143,6
187,143,6
188,143,5
189,143,5
190,143,5
191,143,5
192,143,5
193,143,5
194,143,5
195,143,5
196,143,5
197,143,4
198,143,4
199,143,4
200,143,4
201,143,4
202,143,4
203,143,4
204,143,4
205,143,4
206,143,4
207,143,4
208,143,4
209,143,4
210,143,4
211,143,4
212,143,4
213,143,4
214,143,4
215,143,3
216,143,3
217,143,3
218,143,3
219,143,3
220,143,3
221,143,3
222,143,3
223,143,3
224,143,3
225,143,3
226,143,3
227,143,3
228,143,3
229,143,3
230,143,3
231,143,3
232,143,3
233,143,3
234,143,3
235,143,3
236,143,3
237,143,3
238,143,3
239,143,3
240,143,3
241,143,3
242,143,3
243,143,3
244,143,3
245,143,3
246,143,3
247,143,3
248,143,3
249,143,3
250,143,3
251,143,3
252,143,3
253,143,3
254,143,3
255,143,3
0,144,0
1,144,0
2,144,0
3,144,0
4,144,0
5,144,0
6,144,0
7,144,0
8,144,0
9,144,0
10,144,0
11,144,0
12,144,0
13,144,0
14,144,0
15,144,0
16,144,0
17,144,0
18,144,0
19,144,0
20,144,0
21,144,0
22,144,0
23,144,0
24,144,0
25,144,0
26,144,0
27,144,0
28,144,45
29,144,24
30,144,23
31,144,23
32,144,25
33,144,44
34,144,0
35,144,0
36,144,0
37,144,0
38,144,0
39,144,0
40,144,0
41,144,0
42,144,0
43,144,0
44,144,0
45,144,0
46,144,0
47,144,0
48,144,0
49,144,0
50,144,0
51,144,0
52,144,0
53,144,0
54,144,0
55,144,0
56,144,0
57,144,0
58,144,0
59,144,0
60,144,0
61,144,0
62,144,0
63,144,0
64,144,0
65,144,0
66,144,0
67,144,0
68,144,0
69,144,0
70,144,0
71,144,0
72,144,0
73,144,0
74,144,0
75,144,0
76,144,0
77,144,0
78,144,0
79,144,0
80,144,0
81,144,0
82,144,0
83,144,0
84,144,0
85,144,0
86,144,0
87,144,0
88,144,0
89,144,0
90,144,0
91,144,0
92,144,0
93,144,0
94,144,0
95,144,0
96,144,0
97,144,0
98,144,0
99,144,0
100,144,0
101,144,0
102,144,0
103,144,0
104,144,0
105,144,0
106,144,0
107,144,0
108,144,0
109,144,0
110,144,0
111,144,0
112,144,0
113,144,0
114,144,0
115,144,0
116,144,0
117,144,0
118,144,0
119,144,0
120,144,0
121,144,0
122,144,0
123,144,0
124,144,0
125,144,0
126,144,0
127,144,0
128,144,0
129,144,0
130,144,0
131,144,0
132,144,0
133,144,0
134,144,0
135,144,0
136,144,0
137,144,0
138,144,0
139,144,0
140,144,0
141,144,0
142,144,0
143,144,0
144,144,0
145,144,0
146,144,0
147,144,0
148,144,0
149,144,0
150,144,0
151,144,0
152,144,0
153,144,0
154,144,0
155,144,0
156,144,0
157,144,0
158,144,0
159,144,0
160,144,0
161,144,0
162,144,0
163,144,0
164,144,0
165,144,0
166,144,0
167,144,0
168,144,0
169,144,0
170,144,0
171,144,0
172,144,0
173,144,0
174,144,0
175,144,32
176,144,41
177,144,29
178,144,26
179,144,45
180,144,16
181,144,10
182,144,8
183,144,7
184,144,7
185,144,6
186,144,6
187,144,6
188,144,5
189,144,5
190,144,5
191,144,5
192,144,5
193,144,5
194,144,5
195,144,5
196,144,5
197,144,4
198,144,4
199,144,4
200,144,4
201,144,4
202,144,4
203,144,4
204,144,4
205,144,4
206,144,4
207,144,4
208,144,4
209,144,4
210,144,4
211,144,4
212,144,4
213,144,4
214,144,4
215,144,3
216,144,3
217,144,3
218,144,3
219,144,3
220,144,3
221,144,3
222,144,3
223,144,3
224,144,3
225,144,3
226,144,3
227,144,3
228,144,3
229,144,3
230,144,3
231,144,3
232,144,3
233,144,3
234,144,3
235,144,3
236,144,3
237,144,3
238,144,3
239,144,3
240,144,3
241,144,3
242,144,3
243,144,3
244,144,3
245,144,3
246,144,3
247,144,3
248,144,3
249,144,3
250,144,3
251,144,3
252,144,3
253,144,3
254,144,3
255,144,3
0,145,0
1,145,0
2,145,0
3,145,0
4,145,0
5,145,0
6,145,0
7,145,0
8,145,0
9,145,0
10,145,0
11,145,0
12,145,0
13,145,0
14,145,0
15,145,0
16,145,0
17,145,0
18,145,0
19,145,0
20,145,0
21,145,0
22,145,0
23,145,0
24,145,0
25,145,0
26,145,0
27,145,3
28,145,58
29,145,22
30,145,21
31,145,21
32,145,23
33,145,49
34,145,0
35,145,0
36,145,0
37,145,0
38,145,0
39,145,0
40,145,0
41,145,0
42,145,0
43,145,0
44,145,0
45,145,0
46,145,0
47,145,0
48,145,0
49,145,0
50,145,0
51,145,0
52,145,0
53,145,0
54,145,0
55,145,0
56,145,0
57,145,0
58,145,0
59,145,0
60,145,0
61,145,0
62,145,0
63,145,0
64,145,0
65,145,0
66,145,0
67,145,0
68,145,0
69,145,0
70,145,0
71,145,0
72,145,0
73,145,0
74,145,0
75,145,0
76,145,0
77,145,0
78,145,0
79,145,0
80,145,0
81,145,0
82,145,0
83,145,0
84,145,0
85,145,0
86,145,0
87,145,0
88,145,0
89,145,0
90,145,0
91,145,0
92,145,0
93,145,0
94,145,0
95,145,0
96,145,0
97,145,0
98,145,0
99,145,0
100,145,0
101,145,0
102,145,0
103,145,0
104,145,0
105,145,0
106,145,0
107,145,0
108,145,0
109,145,0
110,145,0
111,145,0
112,145,0
113,145,0
114,145,0
115,145,0
116,145,0
117,145,0
118,145,0
119,145,0
120,145,0
121,145,0
122,145,0
123,145,0
124,145,0
125,145,0
126,145,0
127,145,0
128,145,0
129,145,0
130,145,0
131,145,0
132,145,0
133,145,0
134,145,0
135,145,0
136,145,0
137,145,0
138,145,0
139,145,0
140,145,0
141,145,0
142,145,0
143,145,0
144,145,0
145,145,0
146,145,0
147,145,0
148,145,0
149,145,0
150,145,0
151,145,0
152,145,0
153,145,0
154,145,0
155,145,0
156,145,0
157,145,0
158,145,0
159,145,0
160,145,0
161,145,0
162,145,0
163,145,0
164,145,0
165,145,0
166,145,0
167,145,0
168,145,0
169,145,0
170,145,0
171,145,0
172,145,0
173,145,0
174,145,0
175,145,58
176,145,0
177,145,0
178,145,50
179,145,31
180,145,16
181,145,11
182,145,8
183,145,7
184,145,7
185,145,6
186,145,6
187,145,6
188,145,6
189,145,5
190,145,5
191,145,5
192,145,5
193,145,5
194,145,5
195,145,5
196,145,5
197,145,4
198,145,4
199,145,4
200,145,4
201,145,4
202,145,4
203,145,4
204,145,4
205,145,4
206,145,4
207,145,4
208,145,4
209,145,4
210,145,4
211,145,4
212,145,4
213,145,4
214,145,4
215,145,3
216,145,3
217,145,3
218,145,3
219,145,3
220,145,3
221,145,3
222,145,3
223,145,3
224,145,3
225,145,3
226,145,3
227,145,3
228,145,3
229,145,3
230,145,3
231,145,3
232,145,3
233,145,3
234,145,3
235,145,3
236,145,3
237,145,3
238,145,3
239,145,3
240,145,3
241,145,3
242,145,3
243,145,3
244,145,3
245,145,3
246,145,3
247,145,3
248,145,3
249,145,3
250,145,3
251,145,3
252,145,3
253,145,3
254,145,3
255,145,2
0,146,0
1,146,0
2,146,0
3,146,0
4,146,0
5,146,0
6,146,0
7,146,0
8,146,0
9,146,0
10,146,0
11,146,0
12,146,0
13,146,0
14,146,0
15,146,0
16,146,0
17,146,0
18,146,0
19,146,0
20,146,0
21,146,0
22,146,0
23,146,0
24,146,0
25,146,0
26,146,0
27,146,58
28,146,42
29,146,20
30,146,20
31,146,20
32,146,23
33,146,0
34,146,0
35,146,0
36,146,0
37,146,0
38,146,0
39,146,0
40,146,0
41,146,0
42,146,0
43,146,0
44,146,0
45,146,0
46,146,0
47,146,0
48,146,0
49,146,0
50,146,0
51,146,0
52,146,0
53,146,0
54,146,0
55,146,0
56,146,0
57,146,0
58,146,0
59,146,0
60,146,0
61,146,0
62,146,0
63,146,0
64,146,0
65,146,0
66,146,0
67,146,0
68,146,0
69,146,0
70,146,0
71,146,0
72,146,0
73,146,0
74,146,0
75,146,0
76,146,0
77,146,0
78,146,0
79,146,0
80,146,0
81,146,0
82,146,0
83,146,0
84,146,0
85,146,0
86,146,0
87,146,0
88,146,0
89,146,0
90,146,0
91,146,0
92,146,0
93,146,0
94,146,0
95,146,0
96,146,0
97,146,0
98,146,0
99,146,0
100,146,0
101,146,0
102,146,0
103,146,0
104,146,0
105,146,0
106,146,0
107,146,0
108,146,0
109,146,0
110,146,0
111,146,0
112,146,0
113,146,0
114,146,0
115,146,0
116,146,0
117,146,0
118,146,0
119,146,0
120,146,0
121,146,0
122,146,0
123,146,0
124,146,0
125,146,0
126,146,0
127,146,0
128,146,0
129,146,0
130,146,0
131,146,0
132,146,0
133,146,0
134,146,0
135,146,0
136,146,0
137,146,0
138,146,0
139,146,0
140,146,0
141,146,0
142,146,0
143,146,0
144,146,0
145,146,0
146,146,0
147,146,0
148,146,0
149,146,0
150,146,0
151,146,0
152,146,0
153,146,0
154,146,0
155,146,0
156,146,0
157,146,0
158,146,0
159,146,0
160,146,0
161,146,0
162,146,0
163,146,0
164,146,0
165,146,0
166,146,0
167,146,0
168,146,0
169,146,0
170,146,0
171,146,0
172,146,0
173,146,0
174,146,0
175,146,0
176,146,0
177,146,0
178,146,26
179,146,20
180,146,36
181,146,25
182,146,9
183,146,7
184,146,7
185,146,7
186,146,6
187,146,6
188,146,6
189,146,5
190,146,5
191,146,5
192,146,5
193,146,5
194,146,5
195,146,5
196,146,5
197,146,4
198,146,4
199,146,4
200,146,4
201,146,4
202,146,4
203,146,4
204,146,4
205,146,4
206,146,4
207,146,4
208,146,4
209,146,4
210,146,4
211,146,4
212,146,4
213,146,4
214,146,4
215,146,3
216,146,3
217,146,3
218,146,3
219,146,3
220,146,3
221,146,3
222,146,3
223,146,3
224,146,3
225,146,3
226,146,3
227,146,3
228,146,3
229,146,3
230,146,3
231,146,3
232,146,3
233,146,3
234,146,3
235,146,3
236,146,3
237,146,3
238,146,3
239,146,3
240,146,3
241,146,3
242,146,3
243,146,3
244,146,3
245,146,3
246,146,3
247,146,3
248,146,3
249,146,3
250,146,3
251,146,3
252,146,3
253,146,3
254,146,3
255,146,2
0,147,0
1,147,0
2,147,0
3,147,0
4,147,0
5,147,0
6,147,0
7,147,0
8,147,0
9,147,0
10,147,0
11,147,0
12,147,0
13,147,0
14,147,0
15,147,0
16,147,0
17,147,0
18,147,0
19,147,0
20,147,0
21,147,0
22,147,0
23,147,0
24,147,0
25,147,0
26,147,39
27,147,58
28,147,20
29,147,19
30,147,19
31,147,19
32,147,21
33,147,8
34,147,0
35,147,0
36,147,0
37,147,0
38,147,0
39,147,0
40,147,0
41,147,0
42,147,0
43,147,0
44,147,0
45,147,0
46,147,0
47,147,0
48,147,0
49,147,0
50,147,0
51,147,0
52,147,0
53,147,0
54,147,0
55,147,0
56,147,0
57,147,0
58,147,0
59,147,0
60,147,0
61,147,0
62,147,0
63,147,0
64,147,0
65,147,0
66,147,0
67,147,0
68,147,0
69,147,0
70,147,0
71,147,0
72,147,0
73,147,0
74,147,0
75,147,0
76,147,0
77,147,0
78,147,0
79,147,0
80,147,0
81,147,0
82,147,0
83,147,0
84,147,0
85,147,0
86,147,0
87,147,0
88,147,0
89,147,0
90,147,0
91,147,0
92,147,0
93,147,0
94,147,0
95,147,0
96,147,0
97,147,0
98,147,0
99,147,0
100,147,0
101,147,0
102,147,0
103,147,0
104,147,0
105,147,0
106,147,0
107,147,0
108,147,0
109,147,0
110,147,0
111,147,0
112,147,0
113,147,0
114,147,0
115,147,0
116,147,0
117,147,0
118,147,0
119,147,0
120,147,0
121,147,0
122,147,0
123,147,0
124,147,0
125,147,0
126,147,0
127,147,0
128,147,0
129,147,0
130,147,0
131,147,0
132,147,0
133,147,0
134,147,0
135,147,0
136,147,0
137,147,0
138,147,0
139,147,0
140,147,0
141,147,0
142,147,0
143,147,0
144,147,0
145,147,0
146,147,0
147,147,0
148,147,0
149,147,0
150,147,0
151,147,0
152,147,0
153,147,0
154,147,0
155,147,0
156,147,0
157,147,0
158,147,0
159,147,0
160,147,0
161,147,0
162,147,0
163,147,0
164,147,0
165,147,0
166,147,0
167,147,0
168,147,0
169,147,0
170,147,0
171,147,0
172,147,0
173,147,0
174,147,0
175,147,0
176,147,42
177,147,4
178,147,31
179,147,15
180,147,14
181,147,21
182,147,9
183,147,8
184,147,7
185,147,7
186,147,6
187,147,6
188,147,6
189,147,5
190,147,5
191,147,5
192,147,5
193,147,5
194,147,5
195,147,5
196,147,5
197,147,4
198,147,4
199,147,4
200,147,4
201,147,4
202,147,4
203,147,4
204,147,4
205,147,4
206,147,4
207,147,4
208,147,4
209,147,4
210,147,4
211,147,4
212,147,4
213,147,4
214,147,4
215,147,3
216,147,3
217,147,3
218,147,3
219,147,3
220,147,3
221,147,3
222,147,3
223,147,3
224,147,3
225,147,3
226,147,3
227,147,3
228,147,3
229,147,3
230,147,3
231,147,3
232,147,3
233,147,3
234,147,3
235,147,3
236,147,3
237,147,3
238,147,3
239,147,3
240,147,3
241,147,3
242,147,3
243,147,3
244,147,3
245,147,3
246,147,3
247,147,3
248,147,3
249,147,3
250,147,3
251,147,3
252,147,3
253,147,3
254,147,3
255,147,2
0,148,0
1,148,0
2,148,0
3,148,0
4,148,0
5,148,0
6,148,0
7,148,0
8,148,0
9,148,0
10,148,0
11,148,0
12,148,0
13,148,0
14,148,0
15,148,0
16,148,0
17,148,0
18,148,0
19,148,0
20,148,0
21,148,0
22,148,0
23,148,0
24,148,0
25,148,0
26,148,33
27,148,52
28,148,19
29,148,18
30,148,18
31,148,18
32,148,20
33,148,0
34,148,0
35,148,0
36,148,0
37,148,0
38,148,0
39,148,0
40,148,0
41,148,0
42,148,0
43,148,0
44,148,0
45,148,0
46,148,0
47,148,0
48,148,0
49,148,0
50,148,0
51,148,0
52,148,0
53,148,0
54,148,0
55,148,0
56,148,0
57,148,0
58,148,0
59,148,0
60,148,0
61,148,0
62,148,0
63,148,0
64,148,0
65,148,0
66,148,0
67,148,0
68,148,0
69,148,0
70,148,0
71,148,0
72,148,0
73,148,0
74,148,0
75,148,0
76,148,0
77,148,0
78,148,0
79,148,0
80,148,0
81,148,0
82,148,0
83,148,0
84,148,0
85,148,0
86,148,0
87,148,0
88,148,0
89,148,0
90,148,0
91,148,0
92,148,0
93,148,0
94,148,0
95,148,0
96,148,0
97,148,0
98,148,0
99,148,0
100,148,0
101,148,0
102,148,0
103,148,0
104,148,0
105,148,0
106,148,0
107,148,0
108,148,0
109,148,0
110,148,0
111,148,0
112,148,0
113,148,0
114,148,0
115,148,0
116,148,0
117,148,0
118,148,0
119,148,0
120,148,0
121,148,0
122,148,0
123,148,0
124,148,0
125,148,0
126,148,0
127,148,0
128,148,0
129,148,0
130,148,0
131,148,0
132,148,0
133,148,0
134,148,0
135,148,0
136,148,0
137,148,0
138,148,0
139,148,0
140,148,0
141,148,0
142,148,0
143,148,0
144,148,0
145,148,0
146,148,0
147,148,0
148,148,0
149,148,0
150,148,0
151,148,0
152,148,0
153,148,0
154,148,0
155,148,0
156,148,0
157,148,0
158,148,0
159,148,0
160,148,0
161,148,0
162,148,0
163,148,0
164,148,0
165,148,0
166,148,0
167,148,0
168,148,0
169,148,0
170,148,0
171,148,0
172,148,0
173,148,0
174,148,0
175,148,0
176,148,14
177,148,19
178,148,15
179,148,13
180,148,12
181,148,11
182,148,9
183,148,8
184,148,7
185,148,7
186,148,6
187,148,6
188,148,6
189,148,5
190,148,5
191,148,5
192,148,5
193,148,5
194,148,5
195,148,5
196,148,5
197,148,4
198,148,4
199,148,4
200,148,4
201,148,4
202,148,4
203,148,4
204,148,4
205,148,4
206,148,4
207,148,4
208,148,4
209,148,4
210,148,4
211,148,4
212,148,4
213,148,4
214,148,4
215,148,3
216,148,3
217,148,3
218,148,3
219,148,3
220,148,3
221,148,3
222,148,3
223,148,3
224,148,3
225,148,3
226,148,3
227,148,3
228,148,3
229,148,3
230,148,3
231,148,3
232,148,3
233,148,3
234,148,3
235,148,3
236,148,3
237,148,3
238,148,3
239,148,3
240,148,3
241,148,3
242,148,3
243,148,3
244,148,3
245,148,3
246,148,3
247,148,3
248,148,3
249,148,3
250,148,3
251,148,3
252,148,3
253,148,3
254,148,3
255,148,2
0,149,0
1,149,0
2,149,0
3,149,0
4,149,0
5,149,0
6,149,0
7,149,0
8,149,0
9,149,0
10,149,0
11,149,0
12,149,0
13,149,0
14,149,0
15,149,0
16,149,0
17,149,0
18,149,0
19,149,0
20,149,0
21,149,0
22,149,0
23,149,0
24,149,0
25,149,36
26,149,21
27,149,18
28,149,17
29,149,17
30,149,17
31,149,18
32,149,19
33,149,28
34,149,38
35,149,0
36,149,0
37,149,0
38,149,0
39,149,0
40,149,0
41,149,0
42,149,0
43,149,0
44,149,0
45,149,0
46,149,0
47,149,0
48,149,0
49,149,0
50,149,0
51,149,0
52,149,0
53,149,0
54,149,0
55,149,0
56,149,0
57,149,0
58,149,0
59,149,0
60,149,0
61,149,0
62,149,0
63,149,0
64,149,0
65,149,0
66,149,0
67,149,0
68,149,0
69,149,0
70,149,0
71,149,0
72,149,0
73,149,0
74,149,0
75,149,0
76,149,0
77,149,0
78,149,0
79,149,0
80,149,0
81,149,0
82,149,0
83,149,0
84,149,0
85,149,0
86,149,0
87,149,0
88,149,0
89,149,0
90,149,0
91,149,0
92,149,0
93,149,0
94,149,0
95,149,0
96,149,0
97,149,0
98,149,0
99,149,0
100,149,0
101,149,0
102,149,0
103,149,0
104,149,0
105,149,0
106,149,0
107,149,0
108,149,0
109,149,0
110,149,0
111,149,0
112,149,0
113,149,0
114,149,0
115,149,0
116,149,0
117,149,0
118,149,0
119,149,0
120,149,0
121,149,0
122,149,0
123,149,0
124,149,0
125,149,0
126,149,0
127,149,0
128,149,0
129,149,0
130,149,0
131,149,0
132,149,0
133,149,0
134,149,0
135,149,0
136,149,0
137,149,0
138,149,0
139,149,0
140,149,0
141,149,0
142,149,0
143,149,0
144,149,0
145,149,0
146,149,0
147,149,0
148,149,0
149,149,0
150,149,0
151,149,0
152,149,0
153,149,0
154,149,0
155,149,0
156,149,0
157,149,0
158,149,0
159,149,0
160,149,0
161,149,0
162,149,0
163,149,0
164,149,0
165,149,0
166,149,0
167,149,0
168,149,0
169,149,0
170,149,0
171,149,0
172,149,0
173,149,0
174,149,0
175,149,0
176,149,38
177,149,31
178,149,14
179,149,12
180,149,11
181,149,10
182,149,9
183,149,8
184,149,7
185,149,7
186,149,7
187,149,6
188,149,6
189,149,5
190,149,5
191,149,5
192,149,5
193,149,5
194,149,5
195,149,5
196,149,5
197,149,4
198,149,4
199,149,4
200,149,4
201,149,4
202,149,4
203,149,4
204,149,4
205,149,4
206,149,4
207,149,4
208,149,4
209,149,4
210,149,4
211,149,4
212,149,4
213,149,4
214,149,3
215,149,3
216,149,3
217,149,3
218,149,3
219,149,3
220,149,3
221,149,3
222,149,3
223,149,3
224,149,3
225,149,3
226,149,3
227,149,3
228,149,3
229,149,3
230,149,3
231,149,3
232,149,3
233,149,3
234,149,3
235,149,3
236,149,3
237,149,3
238,149,3
239,149,3
240,149,3
241,149,3
242,149,3
243,149,3
244,149,3
245,149,3
246,149,3
247,149,3
248,149,3
249,149,3
250,149,3
251,149,3
252,149,3
253,149,3
254,149,3
255,149,2
0,150,0
1,150,0
2,150,0
3,150,0
4,150,0
5,150,0
6,150,0
7,150,0
8,150,0
9,150,0
10,150,0
11,150,0
12,150,0
13,150,0
14,150,0
15,150,0
16,150,0
17,150,0
18,150,0
19,150,0
20,150,0
21,150,0
22,150,0
23,150,0
24,150,50
25,150,42
26,150,43
27,150,17
28,150,16
29,150,16
30,150,16
31,150,17
32,150,19
33,150,2
34,150,54
35,150,0
36,150,0
37,150,0
38,150,0
39,150,0
40,150,0
41,150,0
42,150,0
43,150,0
44,150,0
45,150,0
46,150,0
47,150,0
48,150,0
49,150,0
50,150,0
51,150,0
52,150,0
53,150,0
54,150,0
55,150,0
56,150,0
57,150,0
58,150,0
59,150,0
60,150,0
61,150,0
62,150,0
63,150,0
64,150,0
65,150,0
66,150,0
67,150,0
68,150,0
69,150,0
70,150,0
71,150,0
72,150,0
73,150,0
74,150,0
75,150,0
76,150,0
77,150,0
78,150,0
79,150,0
80,150,0
81,150,0
82,150,0
83,150,0
84,150,0
85,150,0
86,150,0
87,150,0
88,150,0
89,150,0
90,150,0
91,150,0
92,150,0
93,150,0
94,150,0
95,150,0
96,150,0
97,150,0
98,150,0
99,150,0
100,150,0
101,150,0
102,150,0
103,150,0
104,150,0
105,150,0
106,150,0
107,150,0
108,150,0
109,150,0
110,150,0
111,150,0
112,150,0
113,150,0
114,150,0
115,150,0
116,150,0
117,150,0
118,150,0
119,150,0
120,150,0
121,150,0
122,150,0
123,150,0
124,150,0
125,150,0
126,150,0
127,150,0
128,150,0
129,150,0
130,150,0
131,150,0
132,150,0
133,150,0
134,150,0
135,150,0
136,150,0
137,150,0
138,150,0
139,150,0
140,150,0
141,150,0
142,150,0
143,150,0
144,150,0
145,150,0
146,150,0
147,150,0
148,150,0
149,150,0
150,150,0
151,150,0
152,150,0
153,150,0
154,150,0
155,150,0
156,150,0
157,150,0
158,150,0
159,150,0
160,150,0
161,150,0
162,150,0
163,150,0
164,150,0
165,150,0
166,150,0
167,150,0
168,150,0
169,150,0
170,150,0
171,150,0
172,150,0
173,150,0
174,150,0
175,150,0
176,150,0
177,150,0
178,150,8
179,150,12
180,150,11
181,150,10
182,150,9
183,150,8
184,150,8
185,150,7
186,150,7
187,150,6
188,150,6
189,150,6
190,150,5
191,150,5
192,150,5
193,150,5
194,150,5
195,150,5
196,150,5
197,150,4
198,150,4
199,150,4
200,150,4
201,150,4
202,150,4
203,150,4
204,150,4
205,150,4
206,150,4
207,150,4
208,150,4
209,150,4
210,150,4
211,150,4
212,150,4
213,150,4
214,150,3
215,150,3
216,150,3
217,150,3
218,150,3
219,150,3
220,150,3
221,150,3
222,150,3
223,150,3
224,150,3
225,150,3
226,150,3
227,150,3
228,150,3
229,150,3
230,150,3
231,150,3
232,150,3
233,150,3
234,150,3
235,150,3
236,150,3
237,150,3
238,150,3
239,150,3
240,150,3
241,150,3
242,150,3
243,150,3
244,150,3
245,150,3
246,150,3
247,150,3
248,150,3
249,150,3
250,150,3
251,150,3
252,150,3
253,150,3
254,150,3
255,150,2
0,151,0
1,151,0
2,151,0
3,151,0
4,151,0
5,151,0
6,151,0
7,151,0
8,151,0
9,151,0
10,151,0
11,151,0
12,151,0
13,151,0
14,151,0
15,151,0
16,151,0
17,151,0
18,151,0
19,151,0
20,151,0
21,151,0
22,151,3
23,151,5
24,151,50
25,151,19
26,151,17
27,151,16
28,151,15
29,151,16
30,151,16
31,151,16
32,151,17
33,151,24
34,151,51
35,151,0
36,151,0
37,151,0
38,151,0
39,151,0
40,151,0
41,151,0
42,151,0
43,151,0
44,151,0
45,151,0
46,151,0
47,151,0
48,151,0
49,151,0
50,151,0
51,151,0
52,151,0
53,151,0
54,151,0
55,151,0
56,151,0
57,151,0
58,151,0
59,151,0
60,151,0
61,151,0
62,151,0
63,151,0
64,151,0
65,151,0
66,151,0
67,151,0
68,151,0
69,151,0
70,151,0
71,151,0
72,151,0
73,151,0
74,151,0
75,151,0
76,151,0
77,151,0
78,151,0
79,151,0
80,151,0
81,151,0
82,151,0
83,151,0
84,151,0
85,151,0
86,151,0
87,151,0
88,151,0
89,151,0
90,151,0
91,151,0
92,151,0
93,151,0
94,151,0
95,151,0
96,151,0
97,151,0
98,151,0
99,151,0
100,151,0
101,151,0
102,151,0
103,151,0
104,151,0
105,151,0
106,151,0
107,151,0
108,151,0
109,151,0
110,151,0
111,151,0
112,151,0
113,151,0
114,151,0
115,151,0
116,151,0
117,151,0
118,151,0
119,151,0
120,151,0
121,151,0
122,151,0
123,151,0
124,151,0
125,151,0
126,151,0
127,151,0
128,151,0
129,151,0
130,151,0
131,151,0
132,151,0
133,151,0
134,151,0
135,151,0
136,151,0
137,151,0
138,151,0
139,151,0
140,151,0
141,151,0
142,151,0
143,151,0
144,151,0
145,151,0
146,151,0
147,151,0
148,151,0
149,151,0
150,151,0
151,151,0
152,151,0
153,151,0
154,151,0
155,151,0
156,151,0
157,151,0
158,151,0
159,151,0
160,151,0
161,151,0
162,151,0
163,151,0
164,151,0
165,151,0
166,151,0
167,151,0
168,151,0
169,151,0
170,151,0
171,151,0
172,151,0
173,151,0
174,151,0
175,151,0
176,151,0
177,151,21
178,151,16
179,151,14
180,151,12
181,151,11
182,151,10
183,151,9
184,151,8
185,151,7
186,151,7
187,151,6
188,151,6
189,151,6
190,151,5
191,151,5
192,151,5
193,151,5
194,151,5
195,151,5
196,151,5
197,151,4
198,151,4
199,151,4
200,151,4
201,151,4
202,151,4
203,151,4
204,151,4
205,151,4
206,151,4
207,151,4
208,151,4
209,151,4
210,151,4
211,151,4
212,151,4
213,151,4
214,151,3
215,151,3
216,151,3
217,151,3
218,151,3
219,151,3
220,151,3
221,151,3
222,151,3
223,151,3
224,151,3
225,151,3
226,151,3
227,151,3
228,151,3
229,151,3
230,151,3
231,151,3
232,151,3
233,151,3
234,151,3
235,151,3
236,151,3
237,151,3
238,151,3
239,151,3
240,151,3
241,151,3
242,151,3
243,151,3
244,151,3
245,151,3
246,151,3
247,151,3
248,151,3
249,151,3
250,151,3
251,151,3
252,151,3
253,151,3
254,151,3
255,151,2
0,152,0
1,152,0
2,152,0
3,152,0
4,152,0
5,152,0
6,152,0
7,152,0
8,152,0
9,152,0
10,152,0
11,152,0
12,152,0
13,152,0
14,152,0
15,152,0
16,152,0
17,152,0
18,152,0
19,152,0
20,152,0
21,152,0
22,152,32
23,152,31
24,152,28
25,152,17
26,152,15
27,152,15
28,152,15
29,152,15
30,152,15
31,152,16
32,152,17
33,152,19
34,152,39
35,152,37
36,152,0
37,152,0
38,152,0
39,152,0
40,152,0
41,152,0
42,152,0
43,152,0
44,152,0
45,152,0
46,152,0
47,152,0
48,152,0
49,152,0
50,152,0
51,152,0
52,152,0
53,152,0
54,152,0
55,152,0
56,152,0
57,152,0
58,152,0
59,152,0
60,152,0
61,152,0
62,152,0
63,152,0
64,152,0
65,152,0
66,152,0
67,152,0
68,152,0
69,152,0
70,152,0
71,152,0
72,152,0
73,152,0
74,152,0
75,152,0
76,152,0
77,152,0
78,152,0
79,152,0
80,152,0
81,152,0
82,152,0
83,152,0
84,152,0
85,152,0
86,152,0
87,152,0
88,152,0
89,152,0
90,152,0
91,152,0
92,152,0
93,152,0
94,152,0
95,152,0
96,152,0
97,152,0
98,152,0
99,152,0
100,152,0
101,152,0
102,152,0
103,152,0
104,152,0
105,152,0
106,152,0
107,152,0
108,152,0
109,152,0
110,152,0
111,152,0
112,152,0
113,152,0
114,152,0
115,152,0
116,152,0
117,152,0
118,152,0
119,152,0
120,152,0
121,152,0
122,152,0
123,152,0
124,152,0
125,152,0
126,152,0
127,152,0
128,152,0
129,152,0
130,152,0
131,152,0
132,152,0
133,152,0
134,152,0
135,152,0
136,152,0
137,152,0
138,152,0
139,152,0
140,152,0
141,152,0
142,152,0
143,152,0
144,152,0
145,152,0
146,152,0
147,152,0
148,152,0
149,152,0
150,152,0
151,152,0
152,152,0
153,152,0
154,152,0
155,152,0
156,152,0
157,152,0
158,152,0
159,152,0
160,152,0
161,152,0
162,152,0
163,152,0
164,152,0
165,152,0
166,152,0
167,152,0
168,152,0
169,152,0
170,152,0
171,152,0
172,152,0
173,152,0
174,152,0
175,152,0
176,152,0
177,152,23
178,152,28
179,152,13
180,152,25
181,152,15
182,152,15
183,152,34
184,152,9
185,152,8
186,152,7
187,152,6
188,152,6
189,152,6
190,152,5
191,152,5
192,152,5
193,152,5
194,152,5
195,152,5
196,152,5
197,152,4
198,152,4
199,152,4
200,152,4
201,152,4
202,152,4
203,152,4
204,152,4
205,152,4
206,152,4
207,152,4
208,152,4
209,152,4
210,152,4
211,152,4
212,152,4
213,152,4
214,152,3
215,152,3
216,152,3
217,152,3
218,152,3
219,152,3
220,152,3
221,152,3
222,152,3
223,152,3
224,152,3
225,152,3
226,152,3
227,152,3
228,152,3
229,152,3
230,152,3
231,152,3
232,152,3
233,152,3
234,152,3
235,152,3
236,152,3
237,152,3
238,152,3
239,152,3
240,152,3
241,152,3
242,152,3
243,152,3
244,152,3
245,152,3
246,152,3
247,152,3
248,152,3
249,152,3
250,152,3
251,152,3
252,152,3
253,152,3
254,152,2
255,152,2
0,153,0
1,153,0
2,153,0
3,153,0
4,153,0
5,153,0
6,153,0
7,153,0
8,153,0
9,153,0
10,153,0
11,153,0
12,153,0
13,153,0
14,153,0
15,153,0
16,153,0
17,153,0
18,153,0
19,153,0
20,153,0
21,153,0
22,153,48
23,153,49
24,153,1
25,153,16
26,153,15
27,153,14
28,153,14
29,153,14
30,153,15
31,153,15
32,153,16
33,153,25
34,153,41
35,153,0
36,153,0
37,153,0
38,153,0
39,153,0
40,153,0
41,153,0
42,153,0
43,153,0
44,153,0
45,153,0
46,153,0
47,153,0
48,153,0
49,153,0
50,153,0
51,153,0
52,153,0
53,153,0
54,153,0
55,153,0
56,153,0
57,153,0
58,153,0
59,153,0
60,153,0
61,153,0
62,153,0
63,153,0
64,153,0
65,153,0
66,153,0
67,153,0
68,153,0
69,153,0
70,153,0
71,153,0
72,153,0
73,153,0
74,153,0
75,153,0
76,153,0
77,153,0
78,153,0
79,153,0
80,153,0
81,153,0
82,153,0
83,153,0
84,153,0
85,153,0
86,153,0
87,153,0
88,153,0
89,153,0
90,153,0
91,153,0
92,153,0
93,153,0
94,153,0
95,153,0
96,153,0
97,153,0
98,153,0
99,153,0
100,153,0
101,153,0
102,153,0
103,153,0
104,153,0
105,153,0
106,153,0
107,153,0
108,153,0
109,153,0
110,153,0
111,153,0
112,153,0
113,153,0
114,153,0
115,153,0
116,153,0
117,153,0
118,153,0
119,153,0
120,153,0
121,153,0
122,153,0
123,153,0
124,153,0
125,153,0
126,153,0
127,153,0
128,153,0
129,153,0
130,153,0
131,153,0
132,153,0
133,153,0
134,153,0
135,153,0
136,153,0
137,153,0
138,153,0
139,153,0
140,153,0
141,153,0
142,153,0
143,153,0
144,153,0
145,153,0
146,153,0
147,153,0
148,153,0
149,153,0
150,153,0
151,153,0
152,153,0
153,153,0
154,153,0
155,153,0
156,153,0
157,153,0
158,153,0
159,153,0
160,153,0
161,153,0
162,153,0
163,153,0
164,153,0
165,153,0
166,153,0
167,153,0
168,153,0
169,153,0
170,153,0
171,153,0
172,153,0
173,153,0
174,153,0
175,153,0
176,153,62
177,153,0
178,153,0
179,153,45
180,153,23
181,153,24
182,153,39
183,153,21
184,153,13
185,153,9
186,153,7
187,153,7
188,153,6
189,153,6
190,153,5
191,153,5
192,153,5
193,153,5
194,153,5
195,153,5
196,153,5
197,153,4
198,153,4
199,153,4
200,153,4
201,153,4
202,153,4
203,153,4
204,153,4
205,153,4
206,153,4
207,153,4
208,153,4
209,153,4
210,153,4
211,153,4
212,153,4
213,153,4
214,153,3
215,153,3
216,153,3
217,153,3
218,153,3
219,153,3
220,153,3
221,153,3
222,153,3
223,153,3
224,153,3
225,153,3
226,153,3
227,153,3
228,153,3
229,153,3
230,153,3
231,153,3
232,153,3
233,153,3
234,153,3
235,153,3
236,153,3
237,153,3
238,153,3
239,153,3
240,153,3
241,153,3
242,153,3
243,153,3
244,153,3
245,153,3
246,153,3
247,153,3
248,153,3
249,153,3
250,153,3
251,153,3
252,153,3
253,153,3
254,153,2
255,153,2
0,154,0
1,154,0
2,154,0
3,154,0
4,154,0
5,154,0
6,154,0
7,154,0
8,154,0
9,154,0
10,154,0
11,154,0
12,154,0
13,154,0
14,154,0
15,154,0
16,154,0
17,154,0
18,154,53
19,154,34
20,154,36
21,154,43
22,154,33
23,154,17
24,154,16
25,154,14
26,154,14
27,154,14
28,154,14
29,154,14
30,154,14
31,154,14
32,154,16
33,154,33
34,154,0
35,154,62
36,154,0
37,154,0
38,154,0
39,154,0
40,154,0
41,154,0
42,154,0
43,154,0
44,154,0
45,154,0
46,154,0
47,154,0
48,154,0
49,154,0
50,154,0
51,154,0
52,154,0
53,154,0
54,154,0
55,154,0
56,154,0
57,154,0
58,154,0
59,154,0
60,154,0
61,154,0
62,154,0
63,154,0
64,154,0
65,154,0
66,154,0
67,154,0
68,154,0
69,154,0
70,154,0
71,154,0
72,154,0
73,154,0
74,154,0
75,154,0
76,154,0
77,154,0
78,154,0
79,154,0
80,154,0
81,154,0
82,154,0
83,154,0
84,154,0
85,154,0
86,154,0
87,154,0
88,154,0
89,154,0
90,154,0
91,154,0
92,154,0
93,154,0
94,154,0
95,154,0
96,154,0
97,154,0
98,154,0
99,154,0
100,154,0
101,154,0
102,154,0
103,154,0
104,154,0
105,154,0
106,154,0
107,154,0
108,154,0
109,154,0
110,154,0
111,154,0
112,154,0
113,154,0
114,154,0
115,154,0
116,154,0
117,154,0
118,154,0
119,154,0
120,154,0
121,154,0
122,154,0
123,154,0
124,154,0
125,154,0
126,154,0
127,154,0
128,154,0
129,154,0
130,154,0
131,154,0
132,154,0
133,154,0
134,154,0
135,154,0
136,154,0
137,154,0
138,154,0
139,154,0
140,154,0
141,154,0
142,154,0
143,154,0
144,154,0
145,154,0
146,154,0
147,154,0
148,154,0
149,154,0
150,154,0
151,154,0
152,154,0
153,154,0
154,154,0
155,154,0
156,154,0
157,154,0
158,154,0
159,154,0
160,154,0
161,154,0
162,154,0
163,154,0
164,154,0
165,154,0
166,154,0
167,154,0
168,154,0
169,154,0
170,154,0
171,154,0
172,154,0
173,154,0
174,154,0
175,154,0
176,154,0
177,154,0
178,154,0
179,154,0
180,154,0
181,154,0
182,154,30
183,154,33
184,154,51
185,154,13
186,154,8
187,154,7
188,154,6
189,154,6
190,154,6
191,154,5
192,154,5
193,154,5
194,154,5
195,154,5
196,154,5
197,154,4
198,154,4
199,154,4
200,154,4
201,154,4
202,154,4
203,154,4
204,154,4
205,154,4
206,154,4
207,154,4
208,154,4
209,154,4
210,154,4
211,154,4
212,154,4
213,154,4
214,154,3
215,154,3
216,154,3
217,154,3
218,154,3
219,154,3
220,154,3
221,154,3
222,154,3
223,154,3
224,154,3
225,154,3
226,154,3
227,154,3
228,154,3
229,154,3
230,154,3
231,154,3
232,154,3
233,154,3
234,154,3
235,154,3
236,154,3
237,154,3
238,154,3
239,154,3
240,154,3
241,154,3
242,154,3
243,154,3
244,154,3
245,154,3
246,154,3
247,154,3
248,154,3
249,154,3
250,154,3
251,154,3
252,154,3
253,154,3
254,154,2
255,154,2
0,155,0
1,155,0
2,155,0
3,155,0
4,155,0
5,155,0
6,155,0
7,155,0
8,155,0
9,155,0
10,155,0
11,155,0
12,155,0
13,155,0
14,155,0
15,155,0
16,155,0
17,155,0
18,155,33
19,155,25
20,155,26
21,155,42
22,155,18
23,155,15
24,155,14
25,155,13
26,155,13
27,155,13
28,155,13
29,155,13
30,155,14
31,155,14
32,155,15
33,155,17
34,155,58
35,155,31
36,155,46
37,155,0
38,155,0
39,155,0
40,155,0
41,155,0
42,155,0
43,155,0
44,155,0
45,155,0
46,155,0
47,155,0
48,155,0
49,155,0
50,155,0
51,155,0
52,155,0
53,155,0
54,155,0
55,155,0
56,155,0
57,155,0
58,155,0
59,155,0
60,155,0
61,155,0
62,155,0
63,155,0
64,155,0
65,155,0
66,155,0
67,155,0
68,155,0
69,155,0
70,155,0
71,155,0
72,155,0
73,155,0
74,155,0
75,155,0
76,155,0
77,155,0
78,155,0
79,155,0
80,155,0
81,155,0
82,155,0
83,155,0
84,155,0
85,155,0
86,155,0
87,155,0
88,155,0
89,155,0
90,155,0
91,155,0
92,155,0
93,155,0
94,155,0
95,155,0
96,155,0
97,155,0
98,155,0
99,155,0
100,155,0
101,155,0
102,155,0
103,155,0
104,155,0
105,155,0
106,155,0
107,155,0
108,155,0
109,155,0
110,155,0
111,155,0
112,155,0
113,155,0
114,155,0
115,155,0
116,155,0
117,155,0
118,155,0
119,155,0
120,155,0
121,155,0
122,155,0
123,155,0
124,155,0
125,155,0
126,155,0
127,155,0
128,155,0
129,155,0
130,155,0
131,155,0
132,155,0
133,155,0
134,155,0
135,155,0
136,155,0
137,155,0
138,155,0
139,155,0
140,155,0
141,155,0
142,155,0
143,155,0
144,155,0
145,155,0
146,155,0
147,155,0
148,155,0
149,155,0
150,155,0
151,155,0
152,155,0
153,155,0
154,155,0
155,155,0
156,155,0
157,155,0
158,155,0
159,155,0
160,155,0
161,155,0
162,155,0
163,155,0
164,155,0
165,155,0
166,155,0
167,155,0
168,155,0
169,155,0
170,155,0
171,155,0
172,155,0
173,155,0
174,155,0
175,155,0
176,155,0
177,155,0
178,155,0
179,155,0
180,155,54
181,155,14
182,155,51
183,155,25
184,155,13
185,155,10
186,155,8
187,155,7
188,155,6
189,155,6
190,155,6
191,155,5
192,155,5
193,155,5
194,155,5
195,155,5
196,155,5
197,155,4
198,155,4
199,155,4
200,155,4
201,155,4
202,155,4
203,155,4
204,155,4
205,155,4
206,155,4
207,155,4
208,155,4
209,155,4
210,155,4
211,155,4
212,155,4
213,155,4
214,155,3
215,155,3
216,155,3
217,155,3
218,155,3
219,155,3
220,155,3
221,155,3
222,155,3
223,155,3
224,155,3
225,155,3
226,155,3
227,155,3
228,155,3
229,155,3
230,155,3
231,155,3
232,155,3
233,155,3
234,155,3
235,155,3
236,155,3
237,155,3
238,155,3
239,155,3
240,155,3
241,155,3
242,155,3
243,155,3
244,155,3
245,155,3
246,155,3
247,155,3
248,155,3
249,155,3
250,155,3
251,155,3
252,155,3
253,155,3
254,155,2
255,155,2
0,156,0
1,156,0
2,156,0
3,156,0
4,156,0
5,156,0
6,156,0
7,156,0
8,156,0
9,156,0
10,156,0
11,156,0
12,156,0
13,156,0
14,156,0
15,156,45
16,156,0
17,156,0
18,156,37
19,156,21
20,156,47
21,156,24
22,156,16
23,156,14
24,156,13
25,156,13
26,156,13
27,156,13
28,156,13
29,156,13
30,156,13
31,156,14
32,156,14
33,156,16
34,156,19
35,156,25
36,156,34
37,156,0
38,156,0
39,156,0
40,156,0
41,156,0
42,156,0
43,156,0
44,156,0
45,156,0
46,156,0
47,156,0
48,156,0
49,156,0
50,156,0
51,156,0
52,156,0
53,156,0
54,156,0
55,156,0
56,156,0
57,156,0
58,156,0
59,156,0
60,156,0
61,156,0
62,156,0
63,156,0
64,156,0
65,156,0
66,156,0
67,156,0
68,156,0
69,156,0
70,156,0
71,156,0
72,156,0
73,156,0
74,156,0
75,156,0
76,156,0
77,156,0
78,156,0
79,156,0
80,156,0
81,156,0
82,156,0
83,156,0
84,156,0
85,156,0
86,156,0
87,156,0
88,156,0
89,156,0
90,156,0
91,156,0
92,156,0
93,156,0
94,156,0
95,156,0
96,156,0
97,156,0
98,156,0
99,156,0
100,156,0
101,156,0
102,156,0
103,156,0
104,156,0
105,156,0
106,156,0
107,156,0
108,156,0
109,156,0
110,156,0
111,156,0
112,156,0
113,156,0
114,156,0
115,156,0
116,156,0
117,156,0
118,156,0
119,156,0
120,156,0
121,156,0
122,156,0
123,156,0
124,156,0
125,156,0
126,156,0
127,156,0
128,156,0
129,156,0
130,156,0
131,156,0
132,156,0
133,156,0
134,156,0
135,156,0
136,156,0
137,156,0
138,156,0
139,156,0
140,156,0
141,156,0
142,156,0
143,156,0
144,156,0
145,156,0
146,156,0
147,156,0
148,156,0
149,156,0
150,156,0
151,156,0
152,156,0
153,156,0
154,156,0
155,156,0
156,156,0
157,156,0
158,156,0
159,156,0
160,156,0
161,156,0
162,156,0
163,156,0
164,156,0
165,156,0
166,156,0
167,156,0
168,156,0
169,156,0
170,156,0
171,156,0
172,156,0
173,156,0
174,156,0
175,156,0
176,156,0
177,156,0
178,156,0
179,156,0
180,156,34
181,156,18
182,156,17
183,156,33
184,156,21
185,156,12
186,156,8
187,156,7
188,156,6
189,156,6
190,156,6
191,156,5
192,156,5
193,156,5
194,156,5
195,156,5
196,156,5
197,156,4
198,156,4
199,156,4
200,156,4
201,156,4
202,156,4
203,156,4
204,156,4
205,156,4
206,156,4
207,156,4
208,156,4
209,156,4
210,156,4
211,156,4
212,156,4
213,156,3
214,156,3
215,156,3
216,156,3
217,156,3
218,156,3
219,156,3
220,156,3
221,156,3
222,156,3
223,156,3
224,156,3
225,156,3
226,156,3
227,156,3
228,156,3
229,156,3
230,156,3
231,156,3
232,156,3
233,156,3
234,156,3
235,156,3
236,156,3
237,156,3
238,156,3
239,156,3
240,156,3
241,156,3
242,156,3
243,156,3
244,156,3
245,156,3
246,156,3
247,156,3
248,156,3
249,156,3
250,156,3
251,156,3
252,156,3
253,156,3
254,156,2
255,156,2
0,157,0
1,157,0
2,157,0
3,157,0
4,157,0
5,157,0
6,157,0
7,157,0
8,157,0
9,157,0
10,157,0
11,157,0
12,157,5
13,157,44
14,157,0
15,157,43
16,157,0
17,157,46
18,157,54
19,157,18
20,157,17
21,157,32
22,157,16
23,157,13
24,157,13
25,157,12
26,157,12
27,157,12
28,157,12
29,157,12
30,157,13
31,157,13
32,157,14
33,157,17
34,157,39
35,157,55
36,157,0
37,157,0
38,157,0
39,157,0
40,157,0
41,157,0
42,157,0
43,157,0
44,157,0
45,157,0
46,157,0
47,157,0
48,157,0
49,157,0
50,157,0
51,157,0
52,157,0
53,157,0
54,157,0
55,157,0
56,157,0
57,157,0
58,157,0
59,157,0
60,157,0
61,157,0
62,157,0
63,157,0
64,157,0
65,157,0
66,157,0
67,157,0
68,157,0
69,157,0
70,157,0
71,157,0
72,157,0
73,157,0
74,157,0
75,157,0
76,157,0
77,157,0
78,157,0
79,157,0
80,157,0
81,157,0
82,157,0
83,157,0
84,157,0
85,157,0
86,157,0
87,157,0
88,157,0
89,157,0
90,157,0
91,157,0
92,157,0
93,157,0
94,157,0
95,157,0
96,157,0
97,157,0
98,157,0
99,157,0
100,157,0
101,157,0
102,157,0
103,157,0
104,157,0
105,157,0
106,157,0
107,157,0
108,157,0
109,157,0
110,157,0
111,157,0
112,157,0
113,157,0
114,157,0
115,157,0
116,157,0
117,157,0
118,157,0
119,157,0
120,157,0
121,157,0
122,157,0
123,157,0
124,157,0
125,157,0
126,157,0
127,157,0
128,157,0
129,157,0
130,157,0
131,157,0
132,157,0
133,157,0
134,157,0
135,157,0
136,157,0
137,157,0
138,157,0
139,157,0
140,157,0
141,157,0
142,157,0
143,157,0
144,157,0
145,157,0
146,157,0
147,157,0
148,157,0
149,157,0
150,157,0
151,157,0
152,157,0
153,157,0
154,157,0
155,157,0
156,157,0
157,157,0
158,157,0
159,157,0
160,157,0
161,157,0
162,157,0
163,157,0
164,157,0
165,157,0
166,157,0
167,157,0
168,157,0
169,157,0
170,157,0
171,157,0
172,157,0
173,157,0
174,157,0
175,157,0
176,157,0
177,157,31
178,157,0
179,157,32
180,157,57
181,157,15
182,157,14
183,157,15
184,157,19
185,157,19
186,157,8
187,157,7
188,157,6
189,157,6
190,157,6
191,157,5
192,157,5
193,157,5
194,157,5
195,157,5
196,157,5
197,157,4
198,157,4
199,157,4
200,157,4
201,157,4
202,157,4
203,157,4
204,157,4
205,157,4
206,157,4
207,157,4
208,157,4
209,157,4
210,157,4
211,157,4
212,157,4
213,157,3
214,157,3
215,157,3
216,157,3
217,157,3
218,157,3
219,157,3
220,157,3
221,157,3
222,157,3
223,157,3
224,157,3
225,157,3
226,157,3
227,157,3
228,157,3
229,157,3
230,157,3
231,157,3
232,157,3
233,157,3
234,157,3
235,157,3
236,157,3
237,157,3
238,157,3
239,157,3
240,157,3
241,157,3
242,157,3
243,157,3
244,157,3
245,157,3
246,157,3
247,157,3
248,157,3
249,157,3
250,157,3
251,157,3
252,157,3
253,157,3
254,157,2
255,157,2
0,158,0
1,158,0
2,158,0
3,158,0
4,158,0
5,158,0
6,158,0
7,158,0
8,158,0
9,158,18
10,158,0
11,158,0
12,158,0
13,158,31
14,158,23
15,158,22
16,158,24
17,158,59
18,158,28
19,158,16
20,158,14
21,158,14
22,158,13
23,158,12
24,158,12
25,158,12
26,158,12
27,158,12
28,158,12
29,158,12
30,158,12
31,158,13
32,158,14
33,158,52
34,158,35
35,158,11
36,158,43
37,158,0
38,158,0
39,158,0
40,158,0
41,158,0
42,158,0
43,158,0
44,158,0
45,158,0
46,158,0
47,158,0
48,158,0
49,158,0
50,158,0
51,158,0
52,158,0
53,158,0
54,158,0
55,158,0
56,158,0
57,158,0
58,158,0
59,158,0
60,158,0
61,158,0
62,158,0
63,158,0
64,158,0
65,158,0
66,158,0
67,158,0
68,158,0
69,158,0
70,158,0
71,158,0
72,158,0
73,158,0
74,158,0
75,158,0
76,158,0
77,158,0
78,158,0
79,158,0
80,158,0
81,158,0
82,158,0
83,158,0
84,158,0
85,158,0
86,158,0
87,158,0
88,158,0
89,158,0
90,158,0
91,158,0
92,158,0
93,158,0
94,158,0
95,158,0
96,158,0
97,158,0
98,158,0
99,158,0
100,158,0
101,158,0
102,158,0
103,158,0
104,158,0
105,158,0
106,158,0
107,158,0
108,158,0
109,158,0
110,158,0
111,158,0
112,158,0
113,158,0
114,158,0
115,158,0
116,158,0
117,158,0
118,158,0
119,158,0
120,158,0
121,158,0
122,158,0
123,158,0
124,158,0
125,158,0
126,158,0
127,158,0
128,158,0
129,158,0
130,158,0
131,158,0
132,158,0
133,158,0
134,158,0
135,158,0
136,158,0
137,158,0
138,158,0
139,158,0
140,158,0
141,158,0
142,158,0
143,158,0
144,158,0
145,158,0
146,158,0
147,158,0
148,158,0
149,158,0
150,158,0
151,158,0
152,158,0
153,158,0
154,158,0
155,158,0
156,158,0
157,158,0
158,158,0
159,158,0
160,158,0
161,158,0
162,158,0
163,158,0
164,158,0
165,158,0
166,158,0
167,158,0
168,158,0
169,158,0
170,158,0
171,158,0
172,158,0
173,158,0
174,158,0
175,158,0
176,158,9
177,158,22
178,158,18
179,158,19
180,158,17
181,158,13
182,158,12
183,158,12
184,158,13
185,158,22
186,158,8
187,158,7
188,158,6
189,158,6
190,158,6
191,158,6
192,158,5
193,158,5
194,158,5
195,158,5
196,158,5
197,158,4
198,158,4
199,158,4
200,158,4
201,158,4
202,158,4
203,158,4
204,158,4
205,158,4
206,158,4
207,158,4
208,158,4
209,158,4
210,158,4
211,158,4
212,158,4
213,158,3
214,158,3
215,158,3
216,158,3
217,158,3
218,158,3
219,158,3
220,158,3
221,158,3
222,158,3
223,158,3
224,158,3
225,158,3
226,158,3
227,158,3
228,158,3
229,158,3
230,158,3
231,158,3
232,158,3
233,158,3
234,158,3
235,158,3
236,158,3
237,158,3
238,158,3
239,158,3
240,158,3
241,158,3
242,158,3
243,158,3
244,158,3
245,158,3
246,158,3
247,158,3
248,158,3
249,158,3
250,158,3
251,158,3
252,158,3
253,158,2
254,158,2
255,158,2
0,159,0
1,159,0
2,159,0
3,159,0
4,159,0
5,159,23
6,159,0
7,159,40
8,159,35
9,159,0
10,159,0
11,159,0
12,159,62
13,159,23
14,159,19
15,159,20
16,159,24
17,159,40
18,159,17
19,159,14
20,159,13
21,159,12
22,159,12
23,159,11
24,159,11
25,159,11
26,159,11
27,159,11
28,159,12
29,159,12
30,159,12
31,159,12
32,159,13
33,159,15
34,159,43
35,159,2
36,159,6
37,159,41
38,159,0
39,159,0
40,159,0
41,159,0
42,159,0
43,159,0
44,159,0
45,159,0
46,159,0
47,159,0
48,159,0
49,159,0
50,159,0
51,159,0
52,159,0
53,159,0
54,159,0
55,159,0
56,159,0
57,159,0
58,159,0
59,159,0
60,159,0
61,159,0
62,159,0
63,159,0
64,159,0
65,159,0
66,159,0
67,159,0
68,159,0
69,159,0
70,159,0
71,159,0
72,159,0
73,159,0
74,159,0
75,159,0
76,159,0
77,159,0
78,159,0
79,159,0
80,159,0
81,159,0
82,159,0
83,159,0
84,159,0
85,159,0
86,159,0
87,159,0
88,159,0
89,159,0
90,159,0
91,159,0
92,159,0
93,159,0
94,159,0
95,159,0
96,159,0
97,159,0
98,159,0
99,159,0
100,159,0
101,159,0
102,159,0
103,159,0
104,159,0
105,159,0
106,159,0
107,159,0
108,159,0
109,159,0
110,159,0
111,159,0
112,159,0
113,159,0
114,159,0
115,159,0
116,159,0
117,159,0
118,159,0
119,159,0
120,159,0
121,159,0
122,159,0
123,159,0
124,159,0
125,159,0
126,159,0
127,159,0
128,159,0
129,159,0
130,159,0
131,159,0
132,159,0
133,159,0
134,159,0
135,159,0
136,159,0
137,159,0
138,159,0
139,159,0
140,159,0
141,159,0
142,159,0
143,159,0
144,159,0
145,159,0
146,159,0
147,159,0
148,159,0
149,159,0
150,159,0
151,159,0
152,159,0
153,159,0
154,159,0
155,159,0
156,159,0
157,159,0
158,159,0
159,159,0
160,159,0
161,159,0
162,159,0
163,159,0
164,159,0
165,159,0
166,159,0
167,159,0
168,159,0
169,159,0
170,159,0
171,159,0
172,159,0
173,159,0
174,159,0
175,159,0
176,159,0
177,159,5
178,159,16
179,159,14
180,159,12
181,159,11
182,159,11
183,159,11
184,159,13
185,159,11
186,159,8
187,159,7
188,159,6
189,159,6
190,159,6
191,159,6
192,159,5
193,159,5
194,159,5
195,159,5
196,159,5
197,159,4
198,159,4
199,159,4
200,159,4
201,159,4
202,159,4
203,159,4
204,159,4
205,159,4
206,159,4
207,159,4
208,159,4
209,159,4
210,159,4
211,159,4
212,159,4
213,159,3
214,159,3
215,159,3
216,159,3
217,159,3
218,159,3
219,159,3
220,159,3
221,159,3
222,159,3
223,159,3
224,159,3
225,159,3
226,159,3
227,159,3
228,159,3
229,159,3
230,159,3
231,159,3
232,159,3
233,159,3
234,159,3
235,159,3
236,159,3
237,159,3
238,159,3
239,159,3
240,159,3
241,159,3
242,159,3
243,159,3
244,159,3
245,159,3
246,159,3
247,159,3
248,159,3
249,159,3
250,159,3
251,159,3
252,159,3
253,159,2
254,159,2
255,159,2
0,160,0
1,160,0
2,160,0
3,160,32
4,160,39
5,160,0
6,160,45
7,160,25
8,160,28
9,160,0
10,160,58
11,160,0
12,160,33
13,160,52
14,160,17
15,160,19
16,160,27
17,160,19
18,160,15
19,160,13
20,160,12
21,160,11
22,160,11
23,160,11
24,160,11
25,160,11
26,160,11
27,160,11
28,160,11
29,160,12
30,160,12
31,160,12
32,160,12
33,160,14
34,160,16
35,160,37
36,160,25
37,160,37
38,160,22
39,160,0
40,160,0
41,160,0
42,160,0
43,160,0
44,160,0
45,160,0
46,160,0
47,160,0
48,160,0
49,160,0
50,160,0
51,160,0
52,160,0
53,160,0
54,160,0
55,160,0
56,160,0
57,160,0
58,160,0
59,160,0
60,160,0
61,160,0
62,160,0
63,160,0
64,160,0
65,160,0
66,160,0
67,160,0
68,160,0
69,160,0
70,160,0
71,160,0
72,160,0
73,160,0
74,160,0
75,160,0
76,160,0
77,160,0
78,160,0
79,160,0
80,160,0
81,160,0
82,160,0
83,160,0
84,160,0
85,160,0
86,160,0
87,160,0
88,160,0
89,160,0
90,160,0
91,160,0
92,160,0
93,160,0
94,160,0
95,160,0
96,160,0
97,160,0
98,160,0
99,160,0
100,160,0
101,160,0
102,160,0
103,160,0
104,160,0
105,160,0
106,160,0
107,160,0
108,160,0
109,160,0
110,160,0
111,160,0
112,160,0
113,160,0
114,160,0
115,160,0
116,160,0
117,160,0
118,160,0
119,160,0
120,160,0
121,160,0
122,160,0
123,160,0
124,160,0
125,160,0
126,160,0
127,160,0
128,160,0
129,160,0
130,160,0
131,160,0
132,160,0
133,160,0
134,160,0
135,160,0
136,160,0
137,160,0
138,160,0
139,160,0
140,160,0
141,160,0
142,160,0
143,160,0
144,160,0
145,160,0
146,160,0
147,160,0
148,160,0
149,160,0
150,160,0
151,160,0
152,160,0
153,160,0
154,160,0
155,160,0
156,160,0
157,160,0
158,160,0
159,160,0
160,160,0
161,160,0
162,160,0
163,160,0
164,160,0
165,160,0
166,160,0
167,160,0
168,160,0
169,160,0
170,160,0
171,160,0
172,160,0
173,160,0
174,160,0
175,160,0
176,160,42
177,160,23
178,160,18
179,160,13
180,160,12
181,160,11
182,160,10
183,160,10
184,160,9
185,160,8
186,160,7
187,160,7
188,160,6
189,160,6
190,160,6
191,160,6
192,160,5
193,160,5
194,160,5
195,160,5
196,160,5
197,160,4
198,160,4
199,160,4
200,160,4
201,160,4
202,160,4
203,160,4
204,160,4
205,160,4
206,160,4
207,160,4
208,160,4
209,160,4
210,160,4
211,160,4
212,160,4
213,160,3
214,160,3
215,160,3
216,160,3
217,160,3
218,160,3
219,160,3
220,160,3
221,160,3
222,160,3
223,160,3
224,160,3
225,160,3
226,160,3
227,160,3
228,160,3
229,160,3
230,160,3
231,160,3
232,160,3
233,160,3
234,160,3
235,160,3
236,160,3
237,160,3
238,160,3
239,160,3
240,160,3
241,160,3
242,160,3
243,160,3
244,160,3
245,160,3
246,160,3
247,160,3
248,160,3
249,160,3
250,160,3
251,160,3
252,160,3
253,160,2
254,160,2
255,160,2
0,161,0
1,161,0
2,161,0
3,161,31
4,161,23
5,161,30
6,161,23
7,161,21
8,161,26
9,161,21
10,161,30
11,161,39
12,161,1
13,161,28
14,161,15
15,161,16
16,161,38
17,161,41
18,161,28
19,161,12
20,161,12
21,161,11
22,161,11
23,161,11
24,161,11
25,161,11
26,161,11
27,161,11
28,161,11
29,161,11
30,161,12
31,161,12
32,161,12
33,161,13
34,161,15
35,161,17
36,161,20
37,161,26
38,161,34
39,161,0
40,161,0
41,161,0
42,161,0
43,161,0
44,161,0
45,161,0
46,161,0
47,161,0
48,161,0
49,161,0
50,161,0
51,161,0
52,161,0
53,161,0
54,161,0
55,161,0
56,161,0
57,161,0
58,161,0
59,161,0
60,161,0
61,161,0
62,161,0
63,161,0
64,161,0
65,161,0
66,161,0
67,161,0
68,161,0
69,161,0
70,161,0
71,161,0
72,161,0
73,161,0
74,161,0
75,161,0
76,161,0
77,161,0
78,161,0
79,161,0
80,161,0
81,161,0
82,161,0
83,161,0
84,161,0
85,161,0
86,161,0
87,161,0
88,161,0
89,161,0
90,161,0
91,161,0
92,161,0
93,161,0
94,161,0
95,161,0
96,161,0
97,161,0
98,161,0
99,161,0
100,161,0
101,161,0
102,161,0
103,161,0
104,161,0
105,161,0
106,161,0
107,161,0
108,161,0
109,161,0
110,161,0
111,161,0
112,161,0
113,161,0
114,161,0
115,161,0
116,161,0
117,161,0
118,161,0
119,161,0
120,161,0
121,161,0
122,161,0
123,161,0
124,161,0
125,161,0
126,161,0
127,161,0
128,161,0
129,161,0
130,161,0
131,161,0
132,161,0
133,161,0
134,161,0
135,161,0
136,161,0
137,161,0
138,161,0
139,161,0
140,161,0
141,161,0
142,161,0
143,161,0
144,161,0
145,161,0
146,161,0
147,161,0
148,161,0
149,161,0
150,161,0
151,161,0
152,161,0
153,161,0
154,161,0
155,161,0
156,161,0
157,161,0
158,161,0
159,161,0
160,161,0
161,161,0
162,161,0
163,161,0
164,161,0
165,161,0
166,161,0
167,161,0
168,161,0
169,161,0
170,161,0
171,161,0
172,161,0
173,161,0
174,161,0
175,161,0
176,161,0
177,161,0
178,161,0
179,161,14
180,161,11
181,161,10
182,161,10
183,161,9
184,161,9
185,161,8
186,161,7
187,161,7
188,161,6
189,161,6
190,161,6
191,161,6
192,161,5
193,161,5
194,161,5
195,161,5
196,161,5
197,161,4
198,161,4
199,161,4
200,161,4
201,161,4
202,161,4
203,161,4
204,161,4
205,161,4
206,161,4
207,161,4
208,161,4
209,161,4
210,161,4
211,161,4
212,161,3
213,161,3
214,161,3
215,161,3
216,161,3
217,161,3
218,161,3
219,161,3
220,161,3
221,161,3
222,161,3
223,161,3
224,161,3
225,161,3
226,161,3
227,161,3
228,161,3
229,161,3
230,161,3
231,161,3
232,161,3
233,161,3
234,161,3
235,161,3
236,161,3
237,161,3
238,161,3
239,161,3
240,161,3
241,161,3
242,161,3
243,161,3
244,161,3
245,161,3
246,161,3
247,161,3
248,161,3
249,161,3
250,161,3
251,161,3
252,161,3
253,161,2
254,161,2
255,161,2
0,162,0
1,162,0
2,162,0
3,162,15
4,162,20
5,162,25
6,162,18
7,162,17
8,162,19
9,162,21
10,162,59
11,162,7
12,162,3
13,162,52
14,162,13
15,162,13
16,162,15
17,162,15
18,162,14
19,162,12
20,162,11
21,162,11
22,162,10
23,162,10
24,162,10
25,162,10
26,162,10
27,162,11
28,162,11
29,162,11
30,162,11
31,162,12
32,162,12
33,162,13
34,162,15
35,162,20
36,162,11
37,162,5
38,162,0
39,162,0
40,162,0
41,162,0
42,162,0
43,162,0
44,162,0
45,162,0
46,162,0
47,162,0
48,162,0
49,162,0
50,162,0
51,162,0
52,162,0
53,162,0
54,162,0
55,162,0
56,162,0
57,162,0
58,162,0
59,162,0
60,162,0
61,162,0
62,162,0
63,162,0
64,162,0
65,162,0
66,162,0
67,162,0
68,162,0
69,162,0
70,162,0
71,162,0
72,162,0
73,162,0
74,162,0
75,162,0
76,162,0
77,162,0
78,162,0
79,162,0
80,162,0
81,162,0
82,162,0
83,162,0
84,162,0
85,162,0
86,162,0
87,162,0
88,162,0
89,162,0
90,162,0
91,162,0
92,162,0
93,162,0
94,162,0
95,162,0
96,162,0
97,162,0
98,162,0
99,162,0
100,162,0
101,162,0
102,162,0
103,162,0
104,162,0
105,162,0
106,162,0
107,162,0
108,162,0
109,162,0
110,162,0
111,162,0
112,162,0
113,162,0
114,162,0
115,162,0
116,162,0
117,162,0
118,162,0
119,162,0
120,162,0
121,162,0
122,162,0
123,162,0
124,162,0
125,162,0
126,162,0
127,162,0
128,162,0
129,162,0
130,162,0
131,162,0
132,162,0
133,162,0
134,162,0
135,162,0
136,162,0
137,162,0
138,162,0
139,162,0
140,162,0
141,162,0
142,162,0
143,162,0
144,162,0
145,162,0
146,162,0
147,162,0
148,162,0
149,162,0
150,162,0
151,162,0
152,162,0
153,162,0
154,162,0
155,162,0
156,162,0
157,162,0
158,162,0
159,162,0
160,162,0
161,162,0
162,162,0
163,162,0
164,162,0
165,162,0
166,162,0
167,162,0
168,162,0
169,162,0
170,162,0
171,162,0
172,162,0
173,162,0
174,162,0
175,162,0
176,162,27
177,162,0
178,162,30
179,162,14
180,162,11
181,162,10
182,162,9
183,162,9
184,162,8
185,162,8
186,162,7
187,162,7
188,162,6
189,162,6
190,162,6
191,162,6
192,162,5
193,162,5
194,162,5
195,162,5
196,162,5
197,162,4
198,162,4
199,162,4
200,162,4
201,162,4
202,162,4
203,162,4
204,162,4
205,162,4
206,162,4
207,162,4
208,162,4
209,162,4
210,162,4
211,162,4
212,162,3
213,162,3
214,162,3
215,162,3
216,162,3
217,162,3
218,162,3
219,162,3
220,162,3
221,162,3
222,162,3
223,162,3
224,162,3
225,162,3
226,162,3
227,162,3
228,162,3
229,162,3
230,162,3
231,162,3
232,162,3
233,162,3
234,162,3
235,162,3
236,162,3
237,162,3
238,162,3
239,162,3
240,162,3
241,162,3
242,162,3
243,162,3
244,162,3
245,162,3
246,162,3
247,162,3
248,162,3
249,162,3
250,162,3
251,162,3
252,162,2
253,162,2
254,162,2
255,162,2
0,163,0
1,163,61
2,163,34
3,163,31
4,163,17
5,163,16
6,163,15
7,163,16
8,163,18
9,163,20
10,163,24
11,163,29
12,163,27
13,163,14
14,163,12
15,163,12
16,163,12
17,163,12
18,163,11
19,163,10
20,163,10
21,163,10
22,163,10
23,163,10
24,163,10
25,163,10
26,163,10
27,163,10
28,163,10
29,163,11
30,163,11
31,163,11
32,163,12
33,163,13
34,163,46
35,163,43
36,163,46
37,163,0
38,163,0
39,163,0
40,163,0
41,163,0
42,163,0
43,163,0
44,163,0
45,163,0
46,163,0
47,163,0
48,163,0
49,163,0
50,163,0
51,163,0
52,163,0
53,163,0
54,163,0
55,163,0
56,163,0
57,163,0
58,163,0
59,163,0
60,163,0
61,163,0
62,163,0
63,163,0
64,163,0
65,163,0
66,163,0
67,163,0
68,163,0
69,163,0
70,163,0
71,163,0
72,163,0
73,163,0
74,163,0
75,163,0
76,163,0
77,163,0
78,163,0
79,163,0
80,163,0
81,163,0
82,163,0
83,163,0
84,163,0
85,163,0
86,163,0
87,163,0
88,163,0
89,163,0
90,163,0
91,163,0
92,163,0
93,163,0
94,163,0
95,163,0
96,163,0
97,163,0
98,163,0
99,163,0
100,163,0
101,163,0
102,163,0
103,163,0
104,163,0
105,163,0
106,163,0
107,163,0
108,163,0
109,163,0
110,163,0
111,163,0
112,163,0
113,163,0
114,163,0
115,163,0
116,163,0
117,163,0
118,163,0
119,163,0
120,163,0
121,163,0
122,163,0
123,163,0
124,163,0
125,163,0
126,163,0
127,163,0
128,163,0
129,163,0
130,163,0
131,163,0
132,163,0
133,163,0
134,163,0
135,163,0
136,163,0
137,163,0
138,163,0
139,163,0
140,163,0
141,163,0
142,163,0
143,163,0
144,163,0
145,163,0
146,163,0
147,163,0
148,163,0
149,163,0
150,163,0
151,163,0
152,163,0
153,163,0
154,163,0
155,163,0
156,163,0
157,163,0
158,163,0
159,163,0
160,163,0
161,163,0
162,163,0
163,163,0
164,163,0
165,163,0
166,163,0
167,163,0
168,163,0
169,163,0
170,163,0
171,163,0
172,163,0
173,163,0
174,163,0
175,163,0
176,163,32
177,163,19
178,163,16
179,163,14
180,163,11
181,163,10
182,163,9
183,163,9
184,163,8
185,163,8
186,163,7
187,163,7
188,163,6
189,163,6
190,163,6
191,163,6
192,163,5
193,163,5
194,163,5
195,163,5
196,163,5
197,163,4
198,163,4
199,163,4
200,163,4
201,163,4
202,163,4
203,163,4
204,163,4
205,163,4
206,163,4
207,163,4
208,163,4
209,163,4
210,163,4
211,163,4
212,163,3
213,163,3
214,163,3
215,163,3
216,163,3
217,163,3
218,163,3
219,163,3
220,163,3
221,163,3
222,163,3
223,163,3
224,163,3
225,163,3
226,163,3
227,163,3
228,163,3
229,163,3
230,163,3
231,163,3
232,163,3
233,163,3
234,163,3
235,163,3
236,163,3
237,163,3
238,163,3
239,163,3
240,163,3
241,163,3
242,163,3
243,163,3
244,163,3
245,163,3
246,163,3
247,163,3
248,163,3
249,163,3
250,163,3
251,163,3
252,163,2
253,163,2
254,163,2
255,163,2
0,164,59
1,164,45
2,164,25
3,164,30
4,164,17
5,164,15
6,164,15
7,164,16
8,164,19
9,164,26
10,164,32
11,164,24
12,164,14
13,164,12
14,164,11
15,164,11
16,164,11
17,164,10
18,164,10
19,164,10
20,164,10
21,164,9
22,164,10
23,164,10
24,164,10
25,164,10
26,164,10
27,164,10
28,164,10
29,164,10
30,164,10
31,164,11
32,164,11
33,164,15
34,164,55
35,164,50
36,164,26
37,164,0
38,164,15
39,164,0
40,164,0
41,164,0
42,164,0
43,164,0
44,164,0
45,164,0
46,164,0
47,164,0
48,164,0
49,164,0
50,164,0
51,164,0
52,164,0
53,164,0
54,164,0
55,164,0
56,164,0
57,164,0
58,164,0
59,164,0
60,164,0
61,164,0
62,164,0
63,164,0
64,164,0
65,164,0
66,164,0
67,164,0
68,164,0
69,164,0
70,164,0
71,164,0
72,164,0
73,164,0
74,164,0
75,164,0
76,164,0
77,164,0
78,164,0
79,164,0
80,164,0
81,164,0
82,164,0
83,164,0
84,164,0
85,164,0
86,164,0
87,164,0
88,164,0
89,164,0
90,164,0
91,164,0
92,164,0
93,164,0
94,164,0
95,164,0
96,164,0
97,164,0
98,164,0
99,164,0
100,164,0
101,164,0
102,164,0
103,164,0
104,164,0
105,164,0
106,164,0
107,164,0
108,164,0
109,164,0
110,164,0
111,164,0
112,164,0
113,164,0
114,164,0
115,164,0
116,164,0
117,164,0
118,164,0
119,164,0
120,164,0
121,164,0
122,164,0
123,164,0
124,164,0
125,164,0
126,164,0
127,164,0
128,164,0
129,164,0
130,164,0
131,164,0
132,164,0
133,164,0
134,164,0
135,164,0
136,164,0
137,164,0
138,164,0
139,164,0
140,164,0
141,164,0
142,164,0
143,164,0
144,164,0
145,164,0
146,164,0
147,164,0
148,164,0
149,164,0
150,164,0
151,164,0
152,164,0
153,164,0
154,164,0
155,164,0
156,164,0
157,164,0
158,164,0
159,164,0
160,164,0
161,164,0
162,164,0
163,164,0
164,164,0
165,164,0
166,164,0
167,164,0
168,164,0
169,164,0
170,164,0
171,164,0
172,164,0
173,164,0
174,164,0
175,164,0
176,164,57
177,164,18
178,164,14
179,164,13
180,164,11
181,164,10
182,164,9
183,164,9
184,164,8
185,164,8
186,164,7
187,164,7
188,164,7
189,164,6
190,164,6
191,164,6
192,164,5
193,164,5
194,164,5
195,164,5
196,164,5
197,164,4
198,164,4
199,164,4
200,164,4
201,164,4
202,164,4
203,164,4
204,164,4
205,164,4
206,164,4
207,164,4
208,164,4
209,164,4
210,164,4
211,164,4
212,164,3
213,164,3
214,164,3
215,164,3
216,164,3
217,164,3
218,164,3
219,164,3
220,164,3
221,164,3
222,164,3
223,164,3
224,164,3
225,164,3
226,164,3
227,164,3
228,164,3
229,164,3
230,164,3
231,164,3
232,164,3
233,164,3
234,164,3
235,164,3
236,164,3
237,164,3
238,164,3
239,164,3
240,164,3
241,164,3
242,164,3
243,164,3
244,164,3
245,164,3
246,164,3
247,164,3
248,164,3
249,164,3
250,164,3
251,164,3
252,164,2
253,164,2
254,164,2
255,164,2
0,165,32
1,165,39
2,165,29
3,165,17
4,165,14
5,165,13
6,165,13
7,165,14
8,165,8
9,165,21
10,165,17
11,165,14
12,165,12
13,165,11
14,165,11
15,165,10
16,165,10
17,165,10
18,165,9
19,165,9
20,165,9
21,165,9
22,165,9
23,165,9
24,165,9
25,165,9
26,165,10
27,165,10
28,165,10
29,165,10
30,165,10
31,165,10
32,165,11
33,165,12
34,165,14
35,165,19
36,165,14
37,165,6
38,165,24
39,165,51
40,165,0
41,165,0
42,165,0
43,165,0
44,165,0
45,165,0
46,165,0
47,165,0
48,165,0
49,165,0
50,165,0
51,165,0
52,165,0
53,165,0
54,165,0
55,165,0
56,165,0
57,165,0
58,165,0
59,165,0
60,165,0
61,165,0
62,165,0
63,165,0
64,165,0
65,165,0
66,165,0
67,165,0
68,165,0
69,165,0
70,165,0
71,165,0
72,165,0
73,165,0
74,165,0
75,165,0
76,165,0
77,165,0
78,165,0
79,165,0
80,165,0
81,165,0
82,165,0
83,165,0
84,165,0
85,165,0
86,165,0
87,165,0
88,165,0
89,165,0
90,165,0
91,165,0
92,165,0
93,165,0
94,165,0
95,165,0
96,165,0
97,165,0
98,165,0
99,165,0
100,165,0
101,165,0
102,165,0
103,165,0
104,165,0
105,165,0
106,165,0
107,165,0
108,165,0
109,165,0
110,165,0
111,165,0
112,165,0
113,165,0
114,165,0
115,165,0
116,165,0
117,165,0
118,165,0
119,165,0
120,165,0
121,165,0
122,165,0
123,165,0
124,165,0
125,165,0
126,165,0
127,165,0
128,165,0
129,165,0
130,165,0
131,165,0
132,165,0
133,165,0
134,165,0
135,165,0
136,165,0
137,165,0
138,165,0
139,165,0
140,165,0
141,165,0
142,165,0
143,165,0
144,165,0
145,165,0
146,165,0
147,165,0
148,165,0
149,165,0
150,165,0
151,165,0
152,165,0
153,165,0
154,165,0
155,165,0
156,165,0
157,165,0
158,165,0
159,165,0
160,165,0
161,165,0
162,165,0
163,165,0
164,165,0
165,165,0
166,165,0
167,165,0
168,165,0
169,165,0
170,165,0
171,165,0
172,165,0
173,165,0
174,165,0
175,165,0
176,165,22
177,165,18
178,165,15
179,165,13
180,165,12
181,165,11
182,165,10
183,165,9
184,165,8
185,165,8
186,165,7
187,165,7
188,165,7
189,165,6
190,165,6
191,165,6
192,165,6
193,165,5
194,165,5
195,165,5
196,165,5
197,165,4
198,165,4
199,165,4
200,165,4
201,165,4
202,165,4
203,165,4
204,165,4
205,165,4
206,165,4
207,165,4
208,165,4
209,165,4
210,165,4
211,165,4
212,165,3
213,165,3
214,165,3
215,165,3
216,165,3
217,165,3
218,165,3
219,165,3
220,165,3
221,165,3
222,165,3
223,165,3
224,165,3
225,165,3
226,165,3
227,165,3
228,165,3
229,165,3
230,165,3
231,165,3
232,165,3
233,165,3
234,165,3
235,165,3
236,165,3
237,165,3
238,165,3
239,165,3
240,165,3
241,165,3
242,165,3
243,165,3
244,165,3
245,165,3
246,165,3
247,165,3
248,165,3
249,165,3
250,165,3
251,165,3
252,165,2
253,165,2
254,165,2
255,165,2
0,166,40
1,166,0
2,166,21
3,166,18
4,166,13
5,166,12
6,166,12
7,166,13
8,166,28
9,166,24
10,166,16
11,166,14
12,166,12
13,166,11
14,166,10
15,166,10
16,166,9
17,166,9
18,166,9
19,166,9
20,166,9
21,166,9
22,166,9
23,166,9
24,166,9
25,166,9
26,166,9
27,166,10
28,166,10
29,166,10
30,166,10
31,166,10
32,166,11
33,166,11
34,166,12
35,166,14
36,166,0
37,166,26
38,166,21
39,166,23
40,166,29
41,166,0
42,166,0
43,166,0
44,166,0
45,166,0
46,166,0
47,166,0
48,166,0
49,166,0
50,166,0
51,166,0
52,166,0
53,166,0
54,166,0
55,166,0
56,166,0
57,166,0
58,166,0
59,166,0
60,166,0
61,166,0
62,166,0
63,166,0
64,166,0
65,166,0
66,166,0
67,166,0
68,166,0
69,166,0
70,166,0
71,166,0
72,166,0
73,166,0
74,166,0
75,166,0
76,166,0
77,166,0
78,166,0
79,166,0
80,166,0
81,166,0
82,166,0
83,166,0
84,166,0
85,166,0
86,166,0
87,166,0
88,166,0
89,166,0
90,166,0
91,166,0
92,166,0
93,166,0
94,166,0
95,166,0
96,166,0
97,166,0
98,166,0
99,166,0
100,166,0
101,166,0
102,166,0
103,166,0
104,166,0
105,166,0
106,166,0
107,166,0
108,166,0
109,166,0
110,166,0
111,166,0
112,166,0
113,166,0
114,166,0
115,166,0
116,166,0
117,166,0
118,166,0
119,166,0
120,166,0
121,166,0
122,166,0
123,166,0
124,166,0
125,166,0
126,166,0
127,166,0
128,166,0
129,166,0
130,166,0
131,166,0
132,166,0
133,166,0
134,166,0
135,166,0
136,166,0
137,166,0
138,166,0
139,166,0
140,166,0
141,166,0
142,166,0
143,166,0
144,166,0
145,166,0
146,166,0
147,166,0
148,166,0
149,166,0
150,166,0
151,166,0
152,166,0
153,166,0
154,166,0
155,166,0
156,166,0
157,166,0
158,166,0
159,166,0
160,166,0
161,166,0
162,166,0
163,166,0
164,166,0
165,166,0
166,166,0
167,166,0
168,166,0
169,166,0
170,166,0
171,166,0
172,166,0
173,166,0
174,166,0
175,166,45
176,166,23
177,166,2
178,166,48
179,166,18
180,166,27
181,166,18
182,166,11
183,166,10
184,166,9
185,166,8
186,166,8
187,166,7
188,166,7
189,166,6
190,166,6
191,166,6
192,166,6
193,166,5
194,166,5
195,166,5
196,166,5
197,166,4
198,166,4
199,166,4
200,166,4
201,166,4
202,166,4
203,166,4
204,166,4
205,166,4
206,166,4
207,166,4
208,166,4
209,166,4
210,166,4
211,166,3
212,166,3
213,166,3
214,166,3
215,166,3
216,166,3
217,166,3
218,166,3
219,166,3
220,166,3
221,166,3
222,166,3
223,166,3
224,166,3
225,166,3
226,166,3
227,166,3
228,166,3
229,166,3
230,166,3
231,166,3
232,166,3
233,166,3
234,166,3
235,166,3
236,166,3
237,166,3
238,166,3
239,166,3
240,166,3
241,166,3
242,166,3
243,166,3
244,166,3
245,166,3
246,166,3
247,166,3
248,166,3
249,166,3
250,166,3
251,166,2
252,166,2
253,166,2
254,166,2
255,166,2
0,167,20
1,167,21
2,167,29
3,167,13
4,167,11
5,167,11
6,167,11
7,167,12
8,167,15
9,167,39
10,167,24
11,167,23
12,167,11
13,167,10
14,167,10
15,167,9
16,167,9
17,167,9
18,167,9
19,167,9
20,167,9
21,167,9
22,167,9
23,167,9
24,167,9
25,167,9
26,167,9
27,167,9
28,167,10
29,167,10
30,167,10
31,167,10
32,167,10
33,167,11
34,167,12
35,167,13
36,167,15
37,167,20
38,167,18
39,167,20
40,167,20
41,167,32
42,167,0
43,167,0
44,167,0
45,167,0
46,167,0
47,167,0
48,167,0
49,167,0
50,167,0
51,167,0
52,167,0
53,167,0
54,167,0
55,167,0
56,167,0
57,167,0
58,167,0
59,167,0
60,167,0
61,167,0
62,167,0
63,167,0
64,167,0
65,167,0
66,167,0
67,167,0
68,167,0
69,167,0
70,167,0
71,167,0
72,167,0
73,167,0
74,167,0
75,167,0
76,167,0
77,167,0
78,167,0
79,167,0
80,167,0
81,167,0
82,167,0
83,167,0
84,167,0
85,167,0
86,167,0
87,167,0
88,167,0
89,167,0
90,167,0
91,167,0
92,167,0
93,167,0
94,167,0
95,167,0
96,167,0
97,167,0
98,167,0
99,167,0
100,167,0
101,167,0
102,167,0
103,167,0
104,167,0
105,167,0
106,167,0
107,167,0
108,167,0
109,167,0
110,167,0
111,167,0
112,167,0
113,167,0
114,167,0
115,167,0
116,167,0
117,167,0
118,167,0
119,167,0
120,167,0
121,167,0
122,167,0
123,167,0
124,167,0
125,167,0
126,167,0
127,167,0
128,167,0
129,167,0
130,167,0
131,167,0
132,167,0
133,167,0
134,167,0
135,167,0
136,167,0
137,167,0
138,167,0
139,167,0
140,167,0
141,167,0
142,167,0
143,167,0
144,167,0
145,167,0
146,167,0
147,167,0
148,167,0
149,167,0
150,167,0
151,167,0
152,167,0
153,167,0
154,167,0
155,167,0
156,167,0
157,167,0
158,167,0
159,167,0
160,167,0
161,167,0
162,167,0
163,167,0
164,167,0
165,167,0
166,167,0
167,167,0
168,167,0
169,167,0
170,167,0
171,167,0
172,167,0
173,167,0
174,167,0
175,167,41
176,167,0
177,167,0
178,167,0
179,167,0
180,167,34
181,167,5
182,167,17
183,167,11
184,167,11
185,167,9
186,167,8
187,167,7
188,167,7
189,167,6
190,167,6
191,167,6
192,167,6
193,167,5
194,167,5
195,167,5
196,167,5
197,167,4
198,167,4
199,167,4
200,167,4
201,167,4
202,167,4
203,167,4
204,167,4
205,167,4
206,167,4
207,167,4
208,167,4
209,167,4
210,167,4
211,167,3
212,167,3
213,167,3
214,167,3
215,167,3
216,167,3
217,167,3
218,167,3
219,167,3
220,167,3
221,167,3
222,167,3
223,167,3
224,167,3
225,167,3
226,167,3
227,167,3
228,167,3
229,167,3
230,167,3
231,167,3
232,167,3
233,167,3
234,167,3
235,167,3
236,167,3
237,167,3
238,167,3
239,167,3
240,167,3
241,167,3
242,167,3
243,167,3
244,167,3
245,167,3
246,167,3
247,167,3
248,167,3
249,167,3
250,167,3
251,167,2
252,167,2
253,167,2
254,167,2
255,167,2
0,168,15
1,168,23
2,168,14
3,168,12
4,168,11
5,168,11
6,168,10
7,168,10
8,168,11
9,168,12
10,168,32
11,168,13
12,168,10
13,168,10
14,168,9
15,168,9
16,168,9
17,168,9
18,168,9
19,168,9
20,168,9
21,168,9
22,168,9
23,168,9
24,168,9
25,168,9
26,168,9
27,168,9
28,168,9
29,168,10
30,168,10
31,168,10
32,168,10
33,168,11
34,168,12
35,168,12
36,168,14
37,168,15
38,168,17
39,168,20
40,168,25
41,168,36
42,168,48
43,168,0
44,168,0
45,168,0
46,168,0
47,168,0
48,168,0
49,168,0
50,168,0
51,168,0
52,168,0
53,168,0
54,168,0
55,168,0
56,168,0
57,168,0
58,168,0
59,168,0
60,168,0
61,168,0
62,168,0
63,168,0
64,168,0
65,168,0
66,168,0
67,168,0
68,168,0
69,168,0
70,168,0
71,168,0
72,168,0
73,168,0
74,168,0
75,168,0
76,168,0
77,168,0
78,168,0
79,168,0
80,168,0
81,168,0
82,168,0
83,168,0
84,168,0
85,168,0
86,168,0
87,168,0
88,168,0
89,168,0
90,168,0
91,168,0
92,168,0
93,168,0
94,168,0
95,168,0
96,168,0
97,168,0
98,168,0
99,168,0
100,168,0
101,168,0
102,168,0
103,168,0
104,168,0
105,168,0
106,168,0
107,168,0
108,168,0
109,168,0
110,168,0
111,168,0
112,168,0
113,168,0
114,168,0
115,168,0
116,168,0
117,168,0
118,168,0
119,168,0
120,168,0
121,168,0
122,168,0
123,168,0
124,168,0
125,168,0
126,168,0
127,168,0
128,168,0
129,168,0
130,168,0
131,168,0
132,168,0
133,168,0
134,168,0
135,168,0
136,168,0
137,168,0
138,168,0
139,168,0
140,168,0
141,168,0
142,168,0
143,168,0
144,168,0
145,168,0
146,168,0
147,168,0
148,168,0
149,168,0
150,168,0
151,168,0
152,168,0
153,168,0
154,168,0
155,168,0
156,168,0
157,168,0
158,168,0
159,168,0
160,168,0
161,168,0
162,168,0
163,168,0
164,168,0
165,168,0
166,168,0
167,168,0
168,168,0
169,168,0
170,168,0
171,168,0
172,168,0
173,168,0
174,168,0
175,168,0
176,168,0
177,168,0
178,168,0
179,168,0
180,168,28
181,168,18
182,168,14
183,168,13
184,168,25
185,168,14
186,168,9
187,168,8
188,168,7
189,168,6
190,168,6
191,168,6
192,168,6
193,168,5
194,168,5
195,168,5
196,168,5
197,168,4
198,168,4
199,168,4
200,168,4
201,168,4
202,168,4
203,168,4
204,168,4
205,168,4
206,168,4
207,168,4
208,168,4
209,168,4
210,168,4
211,168,3
212,168,3
213,168,3
214,168,3
215,168,3
216,168,3
217,168,3
218,168,3
219,168,3
220,168,3
221,168,3
222,168,3
223,168,3
224,168,3
225,168,3
226,168,3
227,168,3
228,168,3
229,168,3
230,168,3
231,168,3
232,168,3
233,168,3
234,168,3
235,168,3
236,168,3
237,168,3
238,168,3
239,168,3
240,168,3
241,168,3
242,168,3
243,168,3
244,168,3
245,168,3
246,168,3
247,168,3
248,168,3
249,168,3
250,168,3
251,168,2
252,168,2
253,168,2
254,168,2
255,168,2
0,169,13
1,169,12
2,169,25
3,169,10
4,169,10
5,169,10
6,169,10
7,169,10
8,169,10
9,169,10
10,169,11
11,169,11
12,169,10
13,169,9
14,169,9
15,169,9
16,169,9
17,169,9
18,169,9
19,169,9
20,169,9
21,169,9
22,169,9
23,169,9
24,169,9
25,169,9
26,169,9
27,169,9
28,169,9
29,169,9
30,169,10
31,169,10
32,169,10
33,169,11
34,169,11
35,169,12
36,169,13
37,169,15
38,169,18
39,169,37
40,169,0
41,169,0
42,169,0
43,169,0
44,169,0
45,169,0
46,169,0
47,169,0
48,169,0
49,169,0
50,169,0
51,169,0
52,169,0
53,169,0
54,169,0
55,169,0
56,169,0
57,169,0
58,169,0
59,169,0
60,169,0
61,169,0
62,169,0
63,169,0
64,169,0
65,169,0
66,169,0
67,169,0
68,169,0
69,169,0
70,169,0
71,169,0
72,169,0
73,169,0
74,169,0
75,169,0
76,169,0
77,169,0
78,169,0
79,169,0
80,169,0
81,169,0
82,169,0
83,169,0
84,169,0
85,169,0
86,169,0
87,169,0
88,169,0
89,169,0
90,169,0
91,169,0
92,169,0
93,169,0
94,169,0
95,169,0
96,169,0
97,169,0
98,169,0
99,169,0
100,169,0
101,169,0
102,169,0
103,169,0
104,169,0
105,169,0
106,169,0
107,169,0
108,169,0
109,169,0
110,169,0
111,169,0
112,169,0
113,169,0
114,169,0
115,169,0
116,169,0
117,169,0
118,169,0
119,169,0
120,169,0
121,169,0
122,169,0
123,169,0
124,169,0
125,169,0
126,169,0
127,169,0
128,169,0
129,169,0
130,169,0
131,169,0
132,169,0
133,169,0
134,169,0
135,169,0
136,169,0
137,169,0
138,169,0
139,169,0
140,169,0
141,169,0
142,169,0
143,169,0
144,169,0
145,169,0
146,169,0
147,169,0
148,169,0
149,169,0
150,169,0
151,169,0
152,169,0
153,169,0
154,169,0
155,169,0
156,169,0
157,169,0
158,169,0
159,169,0
160,169,0
161,169,0
162,169,0
163,169,0
164,169,0
165,169,0
166,169,0
167,169,0
168,169,0
169,169,0
170,169,0
171,169,0
172,169,0
173,169,0
174,169,0
175,169,0
176,169,0
177,169,0
178,169,0
179,169,0
180,169,36
181,169,28
182,169,29
183,169,17
184,169,34
185,169,14
186,169,20
187,169,10
188,169,8
189,169,7
190,169,6
191,169,6
192,169,6
193,169,5
194,169,5
195,169,5
196,169,5
197,169,4
198,169,4
199,169,4
200,169,4
201,169,4
202,169,4
203,169,4
204,169,4
205,169,4
206,169,4
207,169,4
208,169,4
209,169,4
210,169,4
211,169,3
212,169,3
213,169,3
214,169,3
215,169,3
216,169,3
217,169,3
218,169,3
219,169,3
220,169,3
221,169,3
222,169,3
223,169,3
224,169,3
225,169,3
226,169,3
227,169,3
228,169,3
229,169,3
230,169,3
231,169,3
232,169,3
233,169,3
234,169,3
235,169,3
236,169,3
237,169,3
238,169,3
239,169,3
240,169,3
241,169,3
242,169,3
243,169,3
244,169,3
245,169,3
246,169,3
247,169,3
248,169,3
249,169,3
250,169,3
251,169,2
252,169,2
253,169,2
254,169,2
255,169,2
0,170,11
1,170,11
2,170,10
3,170,9
4,170,9
5,170,9
6,170,9
7,170,9
8,170,9
9,170,9
10,170,9
11,170,9
12,170,8
13,170,8
14,170,8
15,170,8
16,170,8
17,170,8
18,170,8
19,170,8
20,170,8
21,170,8
22,170,8
23,170,8
24,170,8
25,170,9
26,170,9
27,170,9
28,170,9
29,170,9
30,170,9
31,170,10
32,170,10
33,170,11
34,170,11
35,170,13
36,170,16
37,170,21
38,170,55
39,170,29
40,170,0
41,170,0
42,170,0
43,170,0
44,170,0
45,170,0
46,170,0
47,170,0
48,170,0
49,170,0
50,170,0
51,170,0
52,170,0
53,170,0
54,170,0
55,170,0
56,170,0
57,170,0
58,170,0
59,170,0
60,170,0
61,170,0
62,170,0
63,170,0
64,170,0
65,170,0
66,170,0
67,170,0
68,170,0
69,170,0
70,170,0
71,170,0
72,170,0
73,170,0
74,170,0
75,170,0
76,170,0
77,170,0
78,170,0
79,170,0
80,170,0
81,170,0
82,170,0
83,170,0
84,170,0
85,170,0
86,170,0
87,170,0
88,170,0
89,170,0
90,170,0
91,170,0
92,170,0
93,170,0
94,170,0
95,170,0
96,170,0
97,170,0
98,170,0
99,170,0
100,170,0
101,170,0
102,170,0
103,170,0
104,170,0
105,170,0
106,170,0
107,170,0
108,170,0
109,170,0
110,170,0
111,170,0
112,170,0
113,170,0
114,170,0
115,170,0
116,170,0
117,170,0
118,170,0
119,170,0
120,170,0
121,170,0
122,170,0
123,170,0
124,170,0
125,170,0
126,170,0
127,170,0
128,170,0
129,170,0
130,170,0
131,170,0
132,170,0
133,170,0
134,170,0
135,170,0
136,170,0
137,170,0
138,170,0
139,170,0
140,170,0
141,170,0
142,170,0
143,170,0
144,170,0
145,170,0
146,170,0
147,170,0
148,170,0
149,170,0
150,170,0
151,170,0
152,170,0
153,170,0
154,170,0
155,170,0
156,170,0
157,170,0
158,170,0
159,170,0
160,170,0
161,170,0
162,170,0
163,170,0
164,170,0
165,170,0
166,170,0
167,170,0
168,170,0
169,170,0
170,170,0
171,170,0
172,170,0
173,170,0
174,170,0
175,170,0
176,170,0
177,170,0
178,170,0
179,170,0
180,170,0
181,170,8
182,170,26
183,170,47
184,170,38
185,170,31
186,170,14
187,170,10
188,170,8
189,170,7
190,170,6
191,170,6
192,170,6
193,170,5
194,170,5
195,170,5
196,170,5
197,170,4
198,170,4
199,170,4
200,170,4
201,170,4
202,170,4
203,170,4
204,170,4
205,170,4
206,170,4
207,170,4
208,170,4
209,170,4
210,170,3
211,170,3
212,170,3
213,170,3
214,170,3
215,170,3
216,170,3
217,170,3
218,170,3
219,170,3
220,170,3
221,170,3
222,170,3
223,170,3
224,170,3
225,170,3
226,170,3
227,170,3
228,170,3
229,170,3
230,170,3
231,170,3
232,170,3
233,170,3
234,170,3
235,170,3
236,170,3
237,170,3
238,170,3
239,170,3
240,170,3
241,170,3
242,170,3
243,170,3
244,170,3
245,170,3
246,170,3
247,170,3
248,170,3
249,170,3
250,170,2
251,170,2
252,170,2
253,170,2
254,170,2
255,170,2
0,171,10
1,171,10
2,171,9
3,171,9
4,171,9
5,171,9
6,171,9
7,171,9
8,171,9
9,171,8
10,171,8
11,171,8
12,171,8
13,171,8
14,171,8
15,171,8
16,171,8
17,171,8
18,171,8
19,171,8
20,171,8
21,171,8
22,171,8
23,171,8
24,171,8
25,171,8
26,171,8
27,171,8
28,171,9
29,171,9
30,171,9
31,171,9
32,171,10
33,171,10
34,171,11
35,171,19
36,171,22
37,171,1
38,171,39
39,171,48
40,171,0
41,171,0
42,171,0
43,171,0
44,171,0
45,171,0
46,171,0
47,171,0
48,171,0
49,171,0
50,171,0
51,171,0
52,171,0
53,171,0
54,171,0
55,171,0
56,171,0
57,171,0
58,171,0
59,171,0
60,171,0
61,171,0
62,171,0
63,171,0
64,171,0
65,171,0
66,171,0
67,171,0
68,171,0
69,171,0
70,171,0
71,171,0
72,171,0
73,171,0
74,171,0
75,171,0
76,171,0
77,171,0
78,171,0
79,171,0
80,171,0
81,171,0
82,171,0
83,171,0
84,171,0
85,171,0
86,171,0
87,171,0
88,171,0
89,171,0
90,171,0
91,171,0
92,171,0
93,171,0
94,171,0
95,171,0
96,171,0
97,171,0
98,171,0
99,171,0
100,171,0
101,171,0
102,171,0
103,171,0
104,171,0
105,171,0
106,171,0
107,171,0
108,171,0
109,171,0
110,171,0
111,171,0
112,171,0
113,171,0
114,171,0
115,171,0
116,171,0
117,171,0
118,171,0
119,171,0
120,171,0
121,171,0
122,171,0
123,171,0
124,171,0
125,171,0
126,171,0
127,171,0
128,171,0
129,171,0
130,171,0
131,171,0
132,171,0
133,171,0
134,171,0
135,171,0
136,171,0
137,171,0
138,171,0
139,171,0
140,171,0
141,171,0
142,171,0
143,171,0
144,171,0
145,171,0
146,171,0
147,171,0
148,171,0
149,171,0
150,171,0
151,171,0
152,171,0
153,171,0
154,171,0
155,171,0
156,171,0
157,171,0
158,171,0
159,171,0
160,171,0
161,171,0
162,171,0
163,171,0
164,171,0
165,171,0
166,171,0
167,171,0
168,171,0
169,171,0
170,171,0
171,171,0
172,171,0
173,171,0
174,171,0
175,171,0
176,171,0
177,171,0
178,171,0
179,171,0
180,171,0
181,171,36
182,171,31
183,171,28
184,171,60
185,171,22
186,171,16
187,171,13
188,171,10
189,171,7
190,171,6
191,171,6
192,171,6
193,171,5
194,171,5
195,171,5
196,171,5
197,171,4
198,171,4
199,171,4
200,171,4
201,171,4
202,171,4
203,171,4
204,171,4
205,171,4
206,171,4
207,171,4
208,171,4
209,171,4
210,171,3
211,171,3
212,171,3
213,171,3
214,171,3
215,171,3
216,171,3
217,171,3
218,171,3
219,171,3
220,171,3
221,171,3
222,171,3
223,171,3
224,171,3
225,171,3
226,171,3
227,171,3
228,171,3
229,171,3
230,171,3
231,171,3
232,171,3
233,171,3
234,171,3
235,171,3
236,171,3
237,171,3
238,171,3
239,171,3
240,171,3
241,171,3
242,171,3
243,171,3
244,171,3
245,171,3
246,171,3
247,171,3
248,171,3
249,171,3
250,171,2
251,171,2
252,171,2
253,171,2
254,171,2
255,171,2
0,172,10
1,172,9
2,172,9
3,172,9
4,172,9
5,172,8
6,172,8
7,172,8
8,172,8
9,172,8
10,172,8
11,172,8
12,172,8
13,172,7
14,172,7
15,172,7
16,172,8
17,172,8
18,172,8
19,172,8
20,172,8
21,172,8
22,172,8
23,172,8
24,172,8
25,172,8
26,172,8
27,172,8
28,172,8
29,172,9
30,172,9
31,172,9
32,172,10
33,172,10
34,172,12
35,172,16
36,172,24
37,172,0
38,172,5
39,172,48
40,172,28
41,172,0
42,172,0
43,172,0
44,172,7
45,172,0
46,172,0
47,172,0
48,172,0
49,172,0
50,172,0
51,172,0
52,172,0
53,172,0
54,172,0
55,172,0
56,172,0
57,172,0
58,172,0
59,172,0
60,172,0
61,172,0
62,172,0
63,172,0
64,172,0
65,172,0
66,172,0
67,172,0
68,172,0
69,172,0
70,172,0
71,172,0
72,172,0
73,172,0
74,172,0
75,172,0
76,172,0
77,172,0
78,172,0
79,172,0
80,172,0
81,172,0
82,172,0
83,172,0
84,172,0
85,172,0
86,172,0
87,172,0
88,172,0
89,172,0
90,172,0
91,172,0
92,172,0
93,172,0
94,172,0
95,172,0
96,172,0
97,172,0
98,172,0
99,172,0
100,172,0
101,172,0
102,172,0
103,172,0
104,172,0
105,172,0
106,172,0
107,172,0
108,172,0
109,172,0
110,172,0
111,172,0
112,172,0
113,172,0
114,172,0
115,172,0
116,172,0
117,172,0
118,172,0
119,172,0
120,172,0
121,172,0
122,172,0
123,172,0
124,172,0
125,172,0
126,172,0
127,172,0
128,172,0
129,172,0
130,172,0
131,172,0
132,172,0
133,172,0
134,172,0
135,172,0
136,172,0
137,172,0
138,172,0
139,172,0
140,172,0
141,172,0
142,172,0
143,172,0
144,172,0
145,172,0
146,172,0
147,172,0
148,172,0
149,172,0
150,172,0
151,172,0
152,172,0
153,172,0
154,172,0
155,172,0
156,172,0
157,172,0
158,172,0
159,172,0
160,172,0
161,172,0
162,172,0
163,172,0
164,172,0
165,172,0
166,172,0
167,172,0
168,172,0
169,172,0
170,172,0
171,172,0
172,172,0
173,172,0
174,172,2
175,172,0
176,172,0
177,172,0
178,172,0
179,172,17
180,172,31
181,172,42
182,172,21
183,172,19
184,172,33
185,172,17
186,172,40
187,172,13
188,172,14
189,172,7
190,172,6
191,172,6
192,172,5
193,172,5
194,172,5
195,172,5
196,172,5
197,172,4
198,172,4
199,172,4
200,172,4
201,172,4
202,172,4
203,172,4
204,172,4
205,172,4
206,172,4
207,172,4
208,172,4
209,172,4
210,172,3
211,172,3
212,172,3
213,172,3
214,172,3
215,172,3
216,172,3
217,172,3
218,172,3
219,172,3
220,172,3
221,172,3
222,172,3
223,172,3
224,172,3
225,172,3
226,172,3
227,172,3
228,172,3
229,172,3
230,172,3
231,172,3
232,172,3
233,172,3
234,172,3
235,172,3
236,172,3
237,172,3
238,172,3
239,172,3
240,172,3
241,172,3
242,172,3
243,172,3
244,172,3
245,172,3
246,172,3
247,172,3
248,172,3
249,172,3
250,172,2
251,172,2
252,172,2
253,172,2
254,172,2
255,172,2
0,173,10
1,173,9
2,173,9
3,173,8
4,173,8
5,173,8
6,173,8
7,173,8
8,173,8
9,173,7
10,173,7
11,173,7
12,173,7
13,173,7
14,173,7
15,173,7
16,173,7
17,173,7
18,173,7
19,173,7
20,173,8
21,173,8
22,173,8
23,173,8
24,173,8
25,173,8
26,173,8
27,173,8
28,173,8
29,173,8
30,173,8
31,173,9
32,173,9
33,173,10
34,173,15
35,173,39
36,173,18
37,173,37
38,173,36
39,173,33
40,173,26
41,173,20
42,173,48
43,173,27
44,173,7
45,173,0
46,173,0
47,173,0
48,173,0
49,173,0
50,173,0
51,173,0
52,173,0
53,173,0
54,173,0
55,173,0
56,173,0
57,173,0
58,173,0
59,173,0
60,173,0
61,173,0
62,173,0
63,173,0
64,173,0
65,173,0
66,173,0
67,173,0
68,173,0
69,173,0
70,173,0
71,173,0
72,173,0
73,173,0
74,173,0
75,173,0
76,173,0
77,173,0
78,173,0
79,173,0
80,173,0
81,173,0
82,173,0
83,173,0
84,173,0
85,173,0
86,173,0
87,173,0
88,173,0
89,173,0
90,173,0
91,173,0
92,173,0
93,173,0
94,173,0
95,173,0
96,173,0
97,173,0
98,173,0
99,173,0
100,173,0
101,173,0
102,173,0
103,173,0
104,173,0
105,173,0
106,173,0
107,173,0
108,173,0
109,173,0
110,173,0
111,173,0
112,173,0
113,173,0
114,173,0
115,173,0
116,173,0
117,173,0
118,173,0
119,173,0
120,173,0
121,173,0
122,173,0
123,173,0
124,173,0
125,173,0
126,173,0
127,173,0
128,173,0
129,173,0
130,173,0
131,173,0
132,173,0
133,173,0
134,173,0
135,173,0
136,173,0
137,173,0
138,173,0
139,173,0
140,173,0
141,173,0
142,173,0
143,173,0
144,173,0
145,173,0
146,173,0
147,173,0
148,173,0
149,173,0
150,173,0
151,173,0
152,173,0
153,173,0
154,173,0
155,173,0
156,173,0
157,173,0
158,173,0
159,173,0
160,173,0
161,173,0
162,173,0
163,173,0
164,173,0
165,173,0
166,173,0
167,173,0
168,173,0
169,173,0
170,173,0
171,173,0
172,173,0
173,173,0
174,173,25
175,173,0
176,173,0
177,173,0
178,173,0
179,173,29
180,173,20
181,173,19
182,173,16
183,173,17
184,173,8
185,173,16
186,173,12
187,173,10
188,173,9
189,173,7
190,173,6
191,173,6
192,173,5
193,173,5
194,173,5
195,173,5
196,173,5
197,173,4
198,173,4
199,173,4
200,173,4
201,173,4
202,173,4
203,173,4
204,173,4
205,173,4
206,173,4
207,173,4
208,173,4
209,173,4
210,173,3
211,173,3
212,173,3
213,173,3
214,173,3
215,173,3
216,173,3
217,173,3
218,173,3
219,173,3
220,173,3
221,173,3
222,173,3
223,173,3
224,173,3
225,173,3
226,173,3
227,173,3
228,173,3
229,173,3
230,173,3
231,173,3
232,173,3
233,173,3
234,173,3
235,173,3
236,173,3
237,173,3
238,173,3
239,173,3
240,173,3
241,173,3
242,173,3
243,173,3
244,173,3
245,173,3
246,173,3
247,173,3
248,173,3
249,173,2
250,173,2
251,173,2
252,173,2
253,173,2
254,173,2
255,173,2
0,174,9
1,174,8
2,174,8
3,174,8
4,174,8
5,174,8
6,174,8
7,174,7
8,174,7
9,174,7
10,174,7
11,174,7
12,174,7
13,174,7
14,174,7
15,174,7
16,174,7
17,174,7
18,174,7
19,174,7
20,174,7
21,174,7
22,174,8
23,174,8
24,174,8
25,174,8
26,174,8
27,174,8
28,174,8
29,174,8
30,174,8
31,174,8
32,174,9
33,174,9
34,174,10
35,174,12
36,174,13
37,174,17
38,174,21
39,174,0
40,174,23
41,174,22
42,174,20
43,174,21
44,174,9
45,174,0
46,174,0
47,174,0
48,174,0
49,174,0
50,174,0
51,174,0
52,174,0
53,174,0
54,174,0
55,174,0
56,174,0
57,174,0
58,174,0
59,174,0
60,174,0
61,174,0
62,174,0
63,174,0
64,174,0
65,174,0
66,174,0
67,174,0
68,174,0
69,174,0
70,174,0
71,174,0
72,174,0
73,174,0
74,174,0
75,174,0
76,174,0
77,174,0
78,174,0
79,174,0
80,174,0
81,174,0
82,174,0
83,174,0
84,174,0
85,174,0
86,174,0
87,174,0
88,174,0
89,174,0
90,174,0
91,174,0
92,174,0
93,174,0
94,174,0
95,174,0
96,174,0
97,174,0
98,174,0
99,174,0
100,174,0
101,174,0
102,174,0
103,174,0
104,174,0
105,174,0
106,174,0
107,174,0
108,174,0
109,174,0
110,174,0
111,174,0
112,174,0
113,174,0
114,174,0
115,174,0
116,174,0
117,174,0
118,174,0
119,174,0
120,174,0
121,174,0
122,174,0
123,174,0
124,174,0
125,174,0
126,174,0
127,174,0
128,174,0
129,174,0
130,174,0
131,174,0
132,174,0
133,174,0
134,174,0
135,174,0
136,174,0
137,174,0
138,174,0
139,174,0
140,174,0
141,174,0
142,174,0
143,174,0
144,174,0
145,174,0
146,174,0
147,174,0
148,174,0
149,174,0
150,174,0
151,174,0
152,174,0
153,174,0
154,174,0
155,174,0
156,174,0
157,174,0
158,174,0
159,174,0
160,174,0
161,174,0
162,174,0
163,174,0
164,174,0
165,174,0
166,174,0
167,174,0
168,174,0
169,174,0
170,174,0
171,174,0
172,174,0
173,174,21
174,174,20
175,174,23
176,174,43
177,174,26
178,174,0
179,174,27
180,174,20
181,174,14
182,174,14
183,174,15
184,174,18
185,174,21
186,174,11
187,174,9
188,174,8
189,174,7
190,174,6
191,174,6
192,174,5
193,174,5
194,174,5
195,174,5
196,174,5
197,174,4
198,174,4
199,174,4
200,174,4
201,174,4
202,174,4
203,174,4
204,174,4
205,174,4
206,174,4
207,174,4
208,174,4
209,174,3
210,174,3
211,174,3
212,174,3
213,174,3
214,174,3
215,174,3
216,174,3
217,174,3
218,174,3
219,174,3
220,174,3
221,174,3
222,174,3
223,174,3
224,174,3
225,174,3
226,174,3
227,174,3
228,174,3
229,174,3
230,174,3
231,174,3
232,174,3
233,174,3
234,174,3
235,174,3
236,174,3
237,174,3
238,174,3
239,174,3
240,174,3
241,174,3
242,174,3
243,174,3
244,174,3
245,174,3
246,174,3
247,174,3
248,174,3
249,174,2
250,174,2
251,174,2
252,174,2
253,174,2
254,174,2
255,174,2
0,175,8
1,175,8
2,175,8
3,175,8
4,175,8
5,175,7
6,175,7
7,175,7
8,175,7
9,175,7
10,175,7
11,175,7
12,175,7
13,175,7
14,175,7
15,175,7
16,175,7
17,175,7
18,175,7
19,175,7
20,175,7
21,175,7
22,175,7
23,175,8
24,175,8
25,175,8
26,175,8
27,175,8
28,175,8
29,175,8
30,175,8
31,175,8
32,175,8
33,175,9
34,175,10
35,175,10
36,175,11
37,175,12
38,175,17
39,175,10
40,175,21
41,175,18
42,175,17
43,175,19
44,175,62
45,175,0
46,175,0
47,175,0
48,175,0
49,175,0
50,175,0
51,175,0
52,175,0
53,175,0
54,175,0
55,175,0
56,175,0
57,175,0
58,175,0
59,175,0
60,175,0
61,175,0
62,175,0
63,175,0
64,175,0
65,175,0
66,175,0
67,175,0
68,175,0
69,175,0
70,175,0
71,175,0
72,175,0
73,175,0
74,175,0
75,175,0
76,175,0
77,175,0
78,175,0
79,175,0
80,175,0
81,175,0
82,175,0
83,175,0
84,175,0
85,175,0
86,175,0
87,175,0
88,175,0
89,175,0
90,175,0
91,175,0
92,175,0
93,175,0
94,175,0
95,175,0
96,175,0
97,175,0
98,175,0
99,175,0
100,175,0
101,175,0
102,175,0
103,175,0
104,175,0
105,175,0
106,175,0
107,175,0
108,175,0
109,175,0
110,175,0
111,175,0
112,175,0
113,175,0
114,175,0
115,175,0
116,175,0
117,175,0
118,175,0
119,175,0
120,175,0
121,175,0
122,175,0
123,175,0
124,175,0
125,175,0
126,175,0
127,175,0
128,175,0
129,175,0
130,175,0
131,175,0
132,175,0
133,175,0
134,175,0
135,175,0
136,175,0
137,175,0
138,175,0
139,175,0
140,175,0
141,175,0
142,175,0
143,175,0
144,175,0
145,175,0
146,175,0
147,175,0
148,175,0
149,175,0
150,175,0
151,175,0
152,175,0
153,175,0
154,175,0
155,175,0
156,175,0
157,175,0
158,175,0
159,175,0
160,175,0
161,175,0
162,175,0
163,175,0
164,175,0
165,175,0
166,175,0
167,175,0
168,175,0
169,175,0
170,175,0
171,175,0
172,175,37
173,175,21
174,175,17
175,175,17
176,175,17
177,175,18
178,175,24
179,175,35
180,175,16
181,175,12
182,175,12
183,175,17
184,175,56
185,175,38
186,175,13
187,175,10
188,175,8
189,175,7
190,175,6
191,175,6
192,175,5
193,175,5
194,175,5
195,175,5
196,175,5
197,175,4
198,175,4
199,175,4
200,175,4
201,175,4
202,175,4
203,175,4
204,175,4
205,175,4
206,175,4
207,175,4
208,175,4
209,175,3
210,175,3
211,175,3
212,175,3
213,175,3
214,175,3
215,175,3
216,175,3
217,175,3
218,175,3
219,175,3
220,175,3
221,175,3
222,175,3
223,175,3
224,175,3
225,175,3
226,175,3
227,175,3
228,175,3
229,175,3
230,175,3
231,175,3
232,175,3
233,175,3
234,175,3
235,175,3
236,175,3
237,175,3
238,175,3
239,175,3
240,175,3
241,175,3
242,175,3
243,175,3
244,175,3
245,175,3
246,175,3
247,175,3
248,175,3
249,175,2
250,175,2
251,175,2
252,175,2
253,175,2
254,175,2
255,175,2
0,176,8
1,176,8
2,176,8
3,176,8
4,176,7
5,176,7
6,176,7
7,176,7
8,176,7
9,176,7
10,176,7
11,176,7
12,176,7
13,176,7
14,176,7
15,176,7
16,176,7
17,176,7
18,176,7
19,176,7
20,176,7
21,176,7
22,176,7
23,176,7
24,176,7
25,176,8
26,176,8
27,176,8
28,176,8
29,176,8
30,176,8
31,176,8
32,176,8
33,176,9
34,176,9
35,176,10
36,176,10
37,176,11
38,176,34
39,176,16
40,176,40
41,176,16
42,176,15
43,176,17
44,176,24
45,176,8
46,176,30
47,176,0
48,176,0
49,176,0
50,176,0
51,176,0
52,176,0
53,176,0
54,176,0
55,176,0
56,176,0
57,176,0
58,176,0
59,176,0
60,176,0
61,176,0
62,176,0
63,176,0
64,176,0
65,176,0
66,176,0
67,176,0
68,176,0
69,176,0
70,176,0
71,176,0
72,176,0
73,176,0
74,176,0
75,176,0
76,176,0
77,176,0
78,176,0
79,176,0
80,176,0
81,176,0
82,176,0
83,176,0
84,176,0
85,176,0
86,176,0
87,176,0
88,176,0
89,176,0
90,176,0
91,176,0
92,176,0
93,176,0
94,176,0
95,176,0
96,176,0
97,176,0
98,176,0
99,176,0
100,176,0
101,176,0
102,176,0
103,176,0
104,176,0
105,176,0
106,176,0
107,176,0
108,176,0
109,176,0
110,176,0
111,176,0
112,176,0
113,176,0
114,176,0
115,176,0
116,176,0
117,176,0
118,176,0
119,176,0
120,176,0
121,176,0
122,176,0
123,176,0
124,176,0
125,176,0
126,176,0
127,176,0
128,176,0
129,176,0
130,176,0
131,176,0
132,176,0
133,176,0
134,176,0
135,176,0
136,176,0
137,176,0
138,176,0
139,176,0
140,176,0
141,176,0
142,176,0
143,176,0
144,176,0
145,176,0
146,176,0
147,176,0
148,176,0
149,176,0
150,176,0
151,176,0
152,176,0
153,176,0
154,176,0
155,176,0
156,176,0
157,176,0
158,176,0
159,176,0
160,176,0
161,176,0
162,176,0
163,176,0
164,176,0
165,176,0
166,176,0
167,176,0
168,176,0
169,176,0
170,176,0
171,176,11
172,176,0
173,176,0
174,176,15
175,176,14
176,176,14
177,176,17
178,176,22
179,176,19
180,176,12
181,176,11
182,176,11
183,176,12
184,176,14
185,176,33
186,176,19
187,176,15
188,176,8
189,176,7
190,176,6
191,176,6
192,176,5
193,176,5
194,176,5
195,176,5
196,176,5
197,176,4
198,176,4
199,176,4
200,176,4
201,176,4
202,176,4
203,176,4
204,176,4
205,176,4
206,176,4
207,176,4
208,176,4
209,176,3
210,176,3
211,176,3
212,176,3
213,176,3
214,176,3
215,176,3
216,176,3
217,176,3
218,176,3
219,176,3
220,176,3
221,176,3
222,176,3
223,176,3
224,176,3
225,176,3
226,176,3
227,176,3
228,176,3
229,176,3
230,176,3
231,176,3
232,176,3
233,176,3
234,176,3
235,176,3
236,176,3
237,176,3
238,176,3
239,176,3
240,176,3
241,176,3
242,176,3
243,176,3
244,176,3
245,176,3
246,176,3
247,176,3
248,176,3
249,176,2
250,176,2
251,176,2
252,176,2
253,176,2
254,176,2
255,176,2
0,177,8
1,177,8
2,177,7
3,177,7
4,177,7
5,177,7
6,177,7
7,177,7
8,177,7
9,177,7
10,177,7
11,177,7
12,177,7
13,177,7
14,177,7
15,177,7
16,177,7
17,177,7
18,177,7
19,177,7
20,177,7
21,177,7
22,177,7
23,177,7
24,177,7
25,177,7
26,177,8
27,177,8
28,177,8
29,177,8
30,177,8
31,177,8
32,177,8
33,177,8
34,177,9
35,177,9
36,177,10
37,177,10
38,177,11
39,177,12
40,177,13
41,177,14
42,177,15
43,177,15
44,177,17
45,177,21
46,177,24
47,177,0
48,177,0
49,177,0
50,177,0
51,177,0
52,177,0
53,177,0
54,177,0
55,177,0
56,177,0
57,177,0
58,177,0
59,177,0
60,177,0
61,177,0
62,177,0
63,177,0
64,177,0
65,177,0
66,177,0
67,177,0
68,177,0
69,177,0
70,177,0
71,177,0
72,177,0
73,177,0
74,177,0
75,177,0
76,177,0
77,177,0
78,177,0
79,177,0
80,177,0
81,177,0
82,177,0
83,177,0
84,177,0
85,177,0
86,177,0
87,177,0
88,177,0
89,177,0
90,177,0
91,177,0
92,177,0
93,177,0
94,177,0
95,177,0
96,177,0
97,177,0
98,177,0
99,177,0
100,177,0
101,177,0
102,177,0
103,177,0
104,177,0
105,177,0
106,177,0
107,177,0
108,177,0
109,177,0
110,177,0
111,177,0
112,177,0
113,177,0
114,177,0
115,177,0
116,177,0
117,177,0
118,177,0
119,177,0
120,177,0
121,177,0
122,177,0
123,177,0
124,177,0
125,177,0
126,177,0
127,177,0
128,177,0
129,177,0
130,177,0
131,177,0
132,177,0
133,177,0
134,177,0
135,177,0
136,177,0
137,177,0
138,177,0
139,177,0
140,177,0
141,177,0
142,177,0
143,177,0
144,177,0
145,177,0
146,177,0
147,177,0
148,177,0
149,177,0
150,177,0
151,177,0
152,177,0
153,177,0
154,177,0
155,177,0
156,177,0
157,177,0
158,177,0
159,177,0
160,177,0
161,177,0
162,177,0
163,177,0
164,177,0
165,177,0
166,177,0
167,177,0
168,177,0
169,177,0
170,177,0
171,177,0
172,177,12
173,177,39
174,177,14
175,177,13
176,177,13
177,177,14
178,177,12
179,177,11
180,177,10
181,177,10
182,177,10
183,177,10
184,177,11
185,177,13
186,177,16
187,177,17
188,177,8
189,177,7
190,177,6
191,177,6
192,177,5
193,177,5
194,177,5
195,177,5
196,177,5
197,177,4
198,177,4
199,177,4
200,177,4
201,177,4
202,177,4
203,177,4
204,177,4
205,177,4
206,177,4
207,177,4
208,177,4
209,177,3
210,177,3
211,177,3
212,177,3
213,177,3
214,177,3
215,177,3
216,177,3
217,177,3
218,177,3
219,177,3
220,177,3
221,177,3
222,177,3
223,177,3
224,177,3
225,177,3
226,177,3
227,177,3
228,177,3
229,177,3
230,177,3
231,177,3
232,177,3
233,177,3
234,177,3
235,177,3
236,177,3
237,177,3
238,177,3
239,177,3
240,177,3
241,177,3
242,177,3
243,177,3
244,177,3
245,177,3
246,177,3
247,177,3
248,177,2
249,177,2
250,177,2
251,177,2
252,177,2
253,177,2
254,177,2
255,177,2
0,178,7
1,178,7
2,178,7
3,178,7
4,178,7
5,178,7
6,178,7
7,178,7
8,178,7
9,178,7
10,178,7
11,178,7
12,178,7
13,178,7
14,178,7
15,178,7
16,178,7
17,178,7
18,178,7
19,178,7
20,178,7
21,178,7
22,178,7
23,178,7
24,178,7
25,178,7
26,178,7
27,178,8
28,178,8
29,178,8
30,178,8
31,178,8
32,178,8
33,178,8
34,178,9
35,178,9
36,178,10
37,178,10
38,178,10
39,178,11
40,178,12
41,178,13
42,178,14
43,178,15
44,178,18
45,178,20
46,178,28
47,178,30
48,178,37
49,178,0
50,178,0
51,178,0
52,178,0
53,178,0
54,178,0
55,178,0
56,178,0
57,178,0
58,178,0
59,178,0
60,178,0
61,178,0
62,178,0
63,178,0
64,178,0
65,178,0
66,178,0
67,178,0
68,178,0
69,178,0
70,178,0
71,178,0
72,178,0
73,178,0
74,178,0
75,178,0
76,178,0
77,178,0
78,178,0
79,178,0
80,178,0
81,178,0
82,178,0
83,178,0
84,178,0
85,178,0
86,178,0
87,178,0
88,178,0
89,178,0
90,178,0
91,178,0
92,178,0
93,178,0
94,178,0
95,178,0
96,178,0
97,178,0
98,178,0
99,178,0
100,178,0
101,178,0
102,178,0
103,178,0
104,178,0
105,178,0
106,178,0
107,178,0
108,178,0
109,178,0
110,178,0
111,178,0
112,178,0
113,178,0
114,178,0
115,178,0
116,178,0
117,178,0
118,178,0
119,178,0
120,178,0
121,178,0
122,178,0
123,178,0
124,178,0
125,178,0
126,178,0
127,178,0
128,178,0
129,178,0
130,178,0
131,178,0
132,178,0
133,178,0
134,178,0
135,178,0
136,178,0
137,178,0
138,178,0
139,178,0
140,178,0
141,178,0
142,178,0
143,178,0
144,178,0
145,178,0
146,178,0
147,178,0
148,178,0
149,178,0
150,178,0
151,178,0
152,178,0
153,178,0
154,178,0
155,178,0
156,178,0
157,178,0
158,178,0
159,178,0
160,178,0
161,178,0
162,178,0
163,178,0
164,178,0
165,178,0
166,178,0
167,178,0
168,178,0
169,178,0
170,178,0
171,178,27
172,178,20
173,178,16
174,178,13
175,178,12
176,178,11
177,178,11
178,178,10
179,178,10
180,178,9
181,178,9
182,178,9
183,178,10
184,178,10
185,178,11
186,178,17
187,178,10
188,178,8
189,178,6
190,178,6
191,178,5
192,178,5
193,178,5
194,178,5
195,178,5
196,178,5
197,178,4
198,178,4
199,178,4
200,178,4
201,178,4
202,178,4
203,178,4
204,178,4
205,178,4
206,178,4
207,178,4
208,178,3
209,178,3
210,178,3
211,178,3
212,178,3
213,178,3
214,178,3
215,178,3
216,178,3
217,178,3
218,178,3
219,178,3
220,178,3
221,178,3
222,178,3
223,178,3
224,178,3
225,178,3
226,178,3
227,178,3
228,178,3
229,178,3
230,178,3
231,178,3
232,178,3
233,178,3
234,178,3
235,178,3
236,178,3
237,178,3
238,178,3
239,178,3
240,178,3
241,178,3
242,178,3
243,178,3
244,178,3
245,178,3
246,178,3
247,178,3
248,178,2
249,178,2
250,178,2
251,178,2
252,178,2
253,178,2
254,178,2
255,178,2
0,179,7
1,179,7
2,179,7
3,179,7
4,179,7
5,179,7
6,179,7
7,179,7
8,179,7
9,179,7
10,179,7
11,179,7
12,179,7
13,179,7
14,179,7
15,179,7
16,179,7
17,179,7
18,179,7
19,179,7
20,179,7
21,179,7
22,179,7
23,179,7
24,179,7
25,179,7
26,179,7
27,179,7
28,179,8
29,179,8
30,179,8
31,179,8
32,179,8
33,179,8
34,179,8
35,179,9
36,179,9
37,179,10
38,179,10
39,179,11
40,179,12
41,179,13
42,179,14
43,179,20
44,179,29
45,179,27
46,179,57
47,179,39
48,179,0
49,179,0
50,179,0
51,179,0
52,179,0
53,179,0
54,179,0
55,179,0
56,179,0
57,179,0
58,179,0
59,179,0
60,179,0
61,179,0
62,179,0
63,179,0
64,179,0
65,179,0
66,179,0
67,179,0
68,179,0
69,179,0
70,179,0
71,179,0
72,179,0
73,179,0
74,179,0
75,179,0
76,179,0
77,179,0
78,179,0
79,179,0
80,179,0
81,179,0
82,179,0
83,179,0
84,179,0
85,179,0
86,179,0
87,179,0
88,179,0
89,179,0
90,179,0
91,179,0
92,179,0
93,179,0
94,179,0
95,179,0
96,179,0
97,179,0
98,179,0
99,179,0
100,179,0
101,179,0
102,179,0
103,179,0
104,179,0
105,179,0
106,179,0
107,179,0
108,179,0
109,179,0
110,179,0
111,179,0
112,179,0
113,179,0
114,179,0
115,179,0
116,179,0
117,179,0
118,179,0
119,179,0
120,179,0
121,179,0
122,179,0
123,179,0
124,179,0
125,179,0
126,179,0
127,179,0
128,179,0
129,179,0
130,179,0
131,179,0
132,179,0
133,179,0
134,179,0
135,179,0
136,179,0
137,179,0
138,179,0
139,179,0
140,179,0
141,179,0
142,179,0
143,179,0
144,179,0
145,179,0
146,179,0
147,179,0
148,179,0
149,179,0
150,179,0
151,179,0
152,179,0
153,179,0
154,179,0
155,179,0
156,179,0
157,179,0
158,179,0
159,179,0
160,179,0
161,179,0
162,179,0
163,179,0
164,179,0
165,179,0
166,179,0
167,179,0
168,179,0
169,179,0
170,179,0
171,179,0
172,179,5
173,179,27
174,179,14
175,179,11
176,179,11
177,179,10
178,179,10
179,179,9
180,179,9
181,179,9
182,179,9
183,179,9
184,179,9
185,179,11
186,179,18
187,179,8
188,179,7
189,179,6
190,179,6
191,179,5
192,179,5
193,179,5
194,179,5
195,179,5
196,179,4
197,179,4
198,179,4
199,179,4
200,179,4
201,179,4
202,179,4
203,179,4
204,179,4
205,179,4
206,179,4
207,179,4
208,179,3
209,179,3
210,179,3
211,179,3
212,179,3
213,179,3
214,179,3
215,179,3
216,179,3
217,179,3
218,179,3
219,179,3
220,179,3
221,179,3
222,179,3
223,179,3
224,179,3
225,179,3
226,179,3
227,179,3
228,179,3
229,179,3
230,179,3
231,179,3
232,179,3
233,179,3
234,179,3
235,179,3
236,179,3
237,179,3
238,179,3
239,179,3
240,179,3
241,179,3
242,179,3
243,179,3
244,179,3
245,179,3
246,179,3
247,179,2
248,179,2
249,179,2
250,179,2
251,179,2
252,179,2
253,179,2
254,179,2
255,179,2
0,180,6
1,180,6
2,180,6
3,180,6
4,180,6
5,180,6
6,180,6
7,180,7
8,180,7
9,180,7
10,180,7
11,180,7
12,180,7
13,180,7
14,180,7
15,180,7
16,180,7
17,180,7
18,180,7
19,180,7
20,180,7
21,180,7
22,180,7
23,180,7
24,180,7
25,180,7
26,180,7
27,180,7
28,180,7
29,180,8
30,180,8
31,180,8
32,180,8
33,180,8
34,180,8
35,180,9
36,180,9
37,180,10
38,180,10
39,180,11
40,180,12
41,180,13
42,180,14
43,180,18
44,180,48
45,180,62
46,180,0
47,180,0
48,180,0
49,180,0
50,180,0
51,180,0
52,180,0
53,180,0
54,180,0
55,180,0
56,180,0
57,180,0
58,180,0
59,180,0
60,180,0
61,180,0
62,180,0
63,180,0
64,180,0
65,180,0
66,180,0
67,180,0
68,180,0
69,180,0
70,180,0
71,180,0
72,180,0
73,180,0
74,180,0
75,180,0
76,180,0
77,180,0
78,180,0
79,180,0
80,180,0
81,180,0
82,180,0
83,180,0
84,180,0
85,180,0
86,180,0
87,180,0
88,180,0
89,180,0
90,180,0
91,180,0
92,180,0
93,180,0
94,180,0
95,180,0
96,180,0
97,180,0
98,180,0
99,180,0
100,180,0
101,180,0
102,180,0
103,180,0
104,180,0
105,180,0
106,180,0
107,180,0
108,180,0
109,180,0
110,180,0
111,180,0
112,180,0
113,180,0
114,180,0
115,180,0
116,180,0
117,180,0
118,180,0
119,180,0
120,180,0
121,180,0
122,180,0
123,180,0
124,180,0
125,180,0
126,180,0
127,180,0
128,180,0
129,180,0
130,180,0
131,180,0
132,180,0
133,180,0
134,180,0
135,180,0
136,180,0
137,180,0
138,180,0
139,180,0
140,180,0
141,180,0
142,180,0
143,180,0
144,180,0
145,180,0
146,180,0
147,180,0
148,180,0
149,180,0
150,180,0
151,180,0
152,180,0
153,180,0
154,180,0
155,180,0
156,180,0
157,180,0
158,180,0
159,180,0
160,180,0
161,180,0
162,180,0
163,180,0
164,180,0
165,180,0
166,180,0
167,180,0
168,180,0
169,180,0
170,180,0
171,180,0
172,180,59
173,180,54
174,180,15
175,180,11
176,180,10
177,180,10
178,180,9
179,180,9
180,180,8
181,180,8
182,180,8
183,180,8
184,180,8
185,180,9
186,180,8
187,180,7
188,180,6
189,180,6
190,180,6
191,180,5
192,180,5
193,180,5
194,180,5
195,180,5
196,180,4
197,180,4
198,180,4
199,180,4
200,180,4
201,180,4
202,180,4
203,180,4
204,180,4
205,180,4
206,180,4
207,180,4
208,180,3
209,180,3
210,180,3
211,180,3
212,180,3
213,180,3
214,180,3
215,180,3
216,180,3
217,180,3
218,180,3
219,180,3
220,180,3
221,180,3
222,180,3
223,180,3
224,180,3
225,180,3
226,180,3
227,180,3
228,180,3
229,180,3
230,180,3
231,180,3
232,180,3
233,180,3
234,180,3
235,180,3
236,180,3
237,180,3
238,180,3
239,180,3
240,180,3
241,180,3
242,180,3
243,180,3
244,180,3
245,180,3
246,180,3
247,180,2
248,180,2
249,180,2
250,180,2
251,180,2
252,180,2
253,180,2
254,180,2
255,180,2
0,181,6
1,181,6
2,181,6
3,181,6
4,181,6
5,181,6
6,181,6
7,181,6
8,181,6
9,181,6
10,181,6
11,181,6
12,181,6
13,181,6
14,181,7
15,181,7
16,181,7
17,181,7
18,181,7
19,181,7
20,181,7
21,181,7
22,181,7
23,181,7
24,181,7
25,181,7
26,181,7
27,181,7
28,181,7
29,181,7
30,181,8
31,181,8
32,181,8
33,181,8
34,181,8
35,181,9
36,181,9
37,181,10
38,181,10
39,181,11
40,181,12
41,181,14
42,181,16
43,181,55
44,181,32
45,181,41
46,181,0
47,181,0
48,181,0
49,181,0
50,181,0
51,181,0
52,181,0
53,181,0
54,181,0
55,181,0
56,181,0
57,181,0
58,181,0
59,181,0
60,181,0
61,181,0
62,181,0
63,181,0
64,181,0
65,181,0
66,181,0
67,181,0
68,181,0
69,181,0
70,181,0
71,181,0
72,181,0
73,181,0
74,181,0
75,181,0
76,181,0
77,181,0
78,181,0
79,181,0
80,181,0
81,181,0
82,181,0
83,181,0
84,181,0
85,181,0
86,181,0
87,181,0
88,181,0
89,181,0
90,181,0
91,181,0
92,181,0
93,181,0
94,181,0
95,181,0
96,181,0
97,181,0
98,181,0
99,181,0
100,181,0
101,181,0
102,181,0
103,181,0
104,181,0
105,181,0
106,181,0
107,181,0
108,181,0
109,181,0
110,181,0
111,181,0
112,181,0
113,181,0
114,181,0
115,181,0
116,181,0
117,181,0
118,181,0
119,181,0
120,181,0
121,181,0
122,181,0
123,181,0
124,181,0
125,181,0
126,181,0
127,181,0
128,181,0
129,181,0
130,181,0
131,181,0
132,181,0
133,181,0
134,181,0
135,181,0
136,181,0
137,181,0
138,181,0
139,181,0
140,181,0
141,181,0
142,181,0
143,181,0
144,181,0
145,181,0
146,181,0
147,181,0
148,181,0
149,181,0
150,181,0
151,181,0
152,181,0
153,181,0
154,181,0
155,181,0
156,181,0
157,181,0
158,181,0
159,181,0
160,181,0
161,181,0
162,181,0
163,181,0
164,181,0
165,181,0
166,181,0
167,181,0
168,181,0
169,181,31
170,181,0
171,181,39
172,181,9
173,181,16
174,181,44
175,181,11
176,181,10
177,181,9
178,181,9
179,181,8
180,181,8
181,181,8
182,181,8
183,181,8
184,181,8
185,181,7
186,181,7
187,181,6
188,181,6
189,181,6
190,181,5
191,181,5
192,181,5
193,181,5
194,181,5
195,181,5
196,181,4
197,181,4
198,181,4
199,181,4
200,181,4
201,181,4
202,181,4
203,181,4
204,181,4
205,181,4
206,181,4
207,181,3
208,181,3
209,181,3
210,181,3
211,181,3
212,181,3
213,181,3
214,181,3
215,181,3
216,181,3
217,181,3
218,181,3
219,181,3
220,181,3
221,181,3
222,181,3
223,181,3
224,181,3
225,181,3
226,181,3
227,181,3
228,181,3
229,181,3
230,181,3
231,181,3
232,181,3
233,181,3
234,181,3
235,181,3
236,181,3
237,181,3
238,181,3
239,181,3
240,181,3
241,181,3
242,181,3
243,181,3
244,181,3
245,181,3
246,181,3
247,181,2
248,181,2
249,181,2
250,181,2
251,181,2
252,181,2
253,181,2
254,181,2
255,181,2
0,182,6
1,182,6
2,182,6
3,182,6
4,182,6
5,182,6
6,182,6
7,182,6
8,182,6
9,182,6
10,182,6
11,182,6
12,182,6
13,182,6
14,182,6
15,182,6
16,182,6
17,182,6
18,182,7
19,182,7
20,182,7
21,182,7
22,182,7
23,182,7
24,182,7
25,182,7
26,182,7
27,182,7
28,182,7
29,182,7
30,182,7
31,182,8
32,182,8
33,182,8
34,182,8
35,182,9
36,182,9
37,182,9
38,182,11
39,182,11
40,182,14
41,182,47
42,182,19
43,182,20
44,182,28
45,182,41
46,182,0
47,182,0
48,182,0
49,182,0
50,182,0
51,182,0
52,182,0
53,182,0
54,182,0
55,182,0
56,182,0
57,182,0
58,182,0
59,182,0
60,182,0
61,182,0
62,182,0
63,182,0
64,182,0
65,182,0
66,182,0
67,182,0
68,182,0
69,182,0
70,182,0
71,182,0
72,182,0
73,182,0
74,182,0
75,182,0
76,182,0
77,182,0
78,182,0
79,182,0
80,182,0
81,182,0
82,182,0
83,182,0
84,182,0
85,182,0
86,182,0
87,182,0
88,182,0
89,182,0
90,182,0
91,182,0
92,182,0
93,182,0
94,182,0
95,182,0
96,182,0
97,182,0
98,182,0
99,182,0
100,182,0
101,182,0
102,182,0
103,182,0
104,182,0
105,182,0
106,182,0
107,182,0
108,182,0
109,182,0
110,182,0
111,182,0
112,182,0
113,182,0
114,182,0
115,182,0
116,182,0
117,182,0
118,182,0
119,182,0
120,182,0
121,182,0
122,182,0
123,182,0
124,182,0
125,182,0
126,182,0
127,182,0
128,182,0
129,182,0
130,182,0
131,182,0
132,182,0
133,182,0
134,182,0
135,182,0
136,182,0
137,182,0
138,182,0
139,182,0
140,182,0
141,182,0
142,182,0
143,182,0
144,182,0
145,182,0
146,182,0
147,182,0
148,182,0
149,182,0
150,182,0
151,182,0
152,182,0
153,182,0
154,182,0
155,182,0
156,182,0
157,182,0
158,182,0
159,182,0
160,182,0
161,182,0
162,182,0
163,182,0
164,182,0
165,182,0
166,182,0
167,182,0
168,182,6
169,182,22
170,182,50
171,182,21
172,182,24
173,182,60
174,182,15
175,182,11
176,182,9
177,182,9
178,182,8
179,182,8
180,182,8
181,182,8
182,182,8
183,182,7
184,182,7
185,182,7
186,182,7
187,182,6
188,182,6
189,182,6
190,182,5
191,182,5
192,182,5
193,182,5
194,182,5
195,182,5
196,182,4
197,182,4
198,182,4
199,182,4
200,182,4
201,182,4
202,182,4
203,182,4
204,182,4
205,182,4
206,182,4
207,182,3
208,182,3
209,182,3
210,182,3
211,182,3
212,182,3
213,182,3
214,182,3
215,182,3
216,182,3
217,182,3
218,182,3
219,182,3
220,182,3
221,182,3
222,182,3
223,182,3
224,182,3
225,182,3
226,182,3
227,182,3
228,182,3
229,182,3
230,182,3
231,182,3
232,182,3
233,182,3
234,182,3
235,182,3
236,182,3
237,182,3
238,182,3
239,182,3
240,182,3
241,182,3
242,182,3
243,182,3
244,182,3
245,182,3
246,182,2
247,182,2
248,182,2
249,182,2
250,182,2
251,182,2
252,182,2
253,182,2
254,182,2
255,182,2
0,183,6
1,183,6
2,183,6
3,183,6
4,183,6
5,183,6
6,183,6
7,183,6
8,183,6
9,183,6
10,183,6
11,183,6
12,183,6
13,183,6
14,183,6
15,183,6
16,183,6
17,183,6
18,183,6
19,183,6
20,183,6
21,183,7
22,183,7
23,183,7
24,183,7
25,183,7
26,183,7
27,183,7
28,183,7
29,183,7
30,183,7
31,183,8
32,183,8
33,183,8
34,183,8
35,183,9
36,183,9
37,183,9
38,183,11
39,183,14
40,183,16
41,183,23
42,183,58
43,183,25
44,183,46
45,183,0
46,183,0
47,183,0
48,183,0
49,183,0
50,183,0
51,183,0
52,183,35
53,183,0
54,183,0
55,183,0
56,183,0
57,183,0
58,183,0
59,183,0
60,183,0
61,183,0
62,183,0
63,183,0
64,183,0
65,183,0
66,183,0
67,183,0
68,183,0
69,183,0
70,183,0
71,183,0
72,183,0
73,183,0
74,183,0
75,183,0
76,183,0
77,183,0
78,183,0
79,183,0
80,183,0
81,183,0
82,183,0
83,183,0
84,183,0
85,183,0
86,183,0
87,183,0
88,183,0
89,183,0
90,183,0
91,183,0
92,183,0
93,183,0
94,183,0
95,183,0
96,183,0
97,183,0
98,183,0
99,183,0
100,183,0
101,183,0
102,183,0
103,183,0
104,183,0
105,183,0
106,183,0
107,183,0
108,183,0
109,183,0
110,183,0
111,183,0
112,183,0
113,183,0
114,183,0
115,183,0
116,183,0
117,183,0
118,183,0
119,183,0
120,183,0
121,183,0
122,183,0
123,183,0
124,183,0
125,183,0
126,183,0
127,183,0
128,183,0
129,183,0
130,183,0
131,183,0
132,183,0
133,183,0
134,183,0
135,183,0
136,183,0
137,183,0
138,183,0
139,183,0
140,183,0
141,183,0
142,183,0
143,183,0
144,183,0
145,183,0
146,183,0
147,183,0
148,183,0
149,183,0
150,183,0
151,183,0
152,183,0
153,183,0
154,183,0
155,183,0
156,183,0
157,183,0
158,183,0
159,183,0
160,183,0
161,183,0
162,183,0
163,183,0
164,183,0
165,183,0
166,183,0
167,183,0
168,183,0
169,183,13
170,183,16
171,183,20
172,183,18
173,183,24
174,183,14
175,183,10
176,183,9
177,183,8
178,183,8
179,183,8
180,183,8
181,183,7
182,183,7
183,183,7
184,183,7
185,183,7
186,183,6
187,183,6
188,183,6
189,183,6
190,183,5
191,183,5
192,183,5
193,183,5
194,183,5
195,183,5
196,183,4
197,183,4
198,183,4
199,183,4
200,183,4
201,183,4
202,183,4
203,183,4
204,183,4
205,183,4
206,183,4
207,183,3
208,183,3
209,183,3
210,183,3
211,183,3
212,183,3
213,183,3
214,183,3
215,183,3
216,183,3
217,183,3
218,183,3
219,183,3
220,183,3
221,183,3
222,183,3
223,183,3
224,183,3
225,183,3
226,183,3
227,183,3
228,183,3
229,183,3
230,183,3
231,183,3
232,183,3
233,183,3
234,183,3
235,183,3
236,183,3
237,183,3
238,183,3
239,183,3
240,183,3
241,183,3
242,183,3
243,183,3
244,183,3
245,183,3
246,183,2
247,183,2
248,183,2
249,183,2
250,183,2
251,183,2
252,183,2
253,183,2
254,183,2
255,183,2
0,184,5
1,184,5
2,184,5
3,184,5
4,184,6
5,184,6
6,184,6
7,184,6
8,184,6
9,184,6
10,184,6
11,184,6
12,184,6
13,184,6
14,184,6
15,184,6
16,184,6
17,184,6
18,184,6
19,184,6
20,184,6
21,184,6
22,184,6
23,184,6
24,184,7
25,184,7
26,184,7
27,184,7
28,184,7
29,184,7
30,184,7
31,184,7
32,184,8
33,184,8
34,184,8
35,184,9
36,184,9
37,184,9
38,184,12
39,184,34
40,184,35
41,184,24
42,184,14
43,184,30
44,184,44
45,184,0
46,184,0
47,184,0
48,184,0
49,184,0
50,184,56
51,184,31
52,184,26
53,184,47
54,184,0
55,184,0
56,184,0
57,184,0
58,184,0
59,184,0
60,184,0
61,184,0
62,184,0
63,184,0
64,184,0
65,184,0
66,184,0
67,184,0
68,184,0
69,184,0
70,184,0
71,184,0
72,184,0
73,184,0
74,184,0
75,184,0
76,184,0
77,184,0
78,184,0
79,184,0
80,184,0
81,184,0
82,184,0
83,184,0
84,184,0
85,184,0
86,184,0
87,184,0
88,184,0
89,184,0
90,184,0
91,184,0
92,184,0
93,184,0
94,184,0
95,184,0
96,184,0
97,184,0
98,184,0
99,184,0
100,184,0
101,184,0
102,184,0
103,184,0
104,184,0
105,184,0
106,184,0
107,184,0
108,184,0
109,184,0
110,184,0
111,184,0
112,184,0
113,184,0
114,184,0
115,184,0
116,184,0
117,184,0
118,184,0
119,184,0
120,184,0
121,184,0
122,184,0
123,184,0
124,184,0
125,184,0
126,184,0
127,184,0
128,184,0
129,184,0
130,184,0
131,184,0
132,184,0
133,184,0
134,184,0
135,184,0
136,184,0
137,184,0
138,184,0
139,184,0
140,184,0
141,184,0
142,184,0
143,184,0
144,184,0
145,184,0
146,184,0
147,184,0
148,184,0
149,184,0
150,184,0
151,184,0
152,184,0
153,184,0
154,184,0
155,184,0
156,184,0
157,184,0
158,184,0
159,184,0
160,184,0
161,184,0
162,184,0
163,184,0
164,184,0
165,184,0
166,184,0
167,184,8
168,184,61
169,184,47
170,184,15
171,184,13
172,184,13
173,184,15
174,184,11
175,184,9
176,184,9
177,184,8
178,184,8
179,184,8
180,184,7
181,184,7
182,184,7
183,184,7
184,184,7
185,184,6
186,184,6
187,184,6
188,184,6
189,184,5
190,184,5
191,184,5
192,184,5
193,184,5
194,184,5
195,184,5
196,184,4
197,184,4
198,184,4
199,184,4
200,184,4
201,184,4
202,184,4
203,184,4
204,184,4
205,184,4
206,184,3
207,184,3
208,184,3
209,184,3
210,184,3
211,184,3
212,184,3
213,184,3
214,184,3
215,184,3
216,184,3
217,184,3
218,184,3
219,184,3
220,184,3
221,184,3
222,184,3
223,184,3
224,184,3
225,184,3
226,184,3
227,184,3
228,184,3
229,184,3
230,184,3
231,184,3
232,184,3
233,184,3
234,184,3
235,184,3
236,184,3
237,184,3
238,184,3
239,184,3
240,184,3
241,184,3
242,184,3
243,184,3
244,184,3
245,184,3
246,184,2
247,184,2
248,184,2
249,184,2
250,184,2
251,184,2
252,184,2
253,184,2
254,184,2
255,184,2
0,185,5
1,185,5
2,185,5
3,185,5
4,185,5
5,185,5
6,185,5
7,185,6
8,185,6
9,185,6
10,185,6
11,185,6
12,185,6
13,185,6
14,185,6
15,185,6
16,185,6
17,185,6
18,185,6
19,185,6
20,185,6
21,185,6
22,185,6
23,185,6
24,185,6
25,185,6
26,185,7
27,185,7
28,185,7
29,185,7
30,185,7
31,185,7
32,185,7
33,185,8
34,185,8
35,185,8
36,185,9
37,185,10
38,185,11
39,185,16
40,185,23
41,185,4
42,185,43
43,185,3
44,185,4
45,185,38
46,185,45
47,185,48
48,185,0
49,185,0
50,185,5
51,185,22
52,185,23
53,185,0
54,185,0
55,185,0
56,185,0
57,185,0
58,185,0
59,185,0
60,185,0
61,185,0
62,185,0
63,185,0
64,185,0
65,185,0
66,185,0
67,185,0
68,185,0
69,185,0
70,185,0
71,185,0
72,185,0
73,185,0
74,185,0
75,185,0
76,185,0
77,185,0
78,185,0
79,185,0
80,185,0
81,185,0
82,185,0
83,185,0
84,185,0
85,185,0
86,185,0
87,185,0
88,185,0
89,185,0
90,185,0
91,185,0
92,185,0
93,185,0
94,185,0
95,185,0
96,185,0
97,185,0
98,185,0
99,185,0
100,185,0
101,185,0
102,185,0
103,185,0
104,185,0
105,185,0
106,185,0
107,185,0
108,185,0
109,185,0
110,185,0
111,185,0
112,185,0
113,185,0
114,185,0
115,185,0
116,185,0
117,185,0
118,185,0
119,185,0
120,185,0
121,185,0
122,185,0
123,185,0
124,185,0
125,185,0
126,185,0
127,185,0
128,185,0
129,185,0
130,185,0
131,185,0
132,185,0
133,185,0
134,185,0
135,185,0
136,185,0
137,185,0
138,185,0
139,185,0
140,185,0
141,185,0
142,185,0
143,185,0
144,185,0
145,185,0
146,185,0
147,185,0
148,185,0
149,185,0
150,185,0
151,185,0
152,185,0
153,185,0
154,185,0
155,185,0
156,185,0
157,185,0
158,185,0
159,185,0
160,185,0
161,185,0
162,185,0
163,185,0
164,185,0
165,185,0
166,185,0
167,185,24
168,185,0
169,185,51
170,185,13
171,185,12
172,185,12
173,185,11
174,185,10
175,185,9
176,185,8
177,185,8
178,185,8
179,185,7
180,185,7
181,185,7
182,185,7
183,185,7
184,185,6
185,185,6
186,185,6
187,185,6
188,185,6
189,185,5
190,185,5
191,185,5
192,185,5
193,185,5
194,185,5
195,185,5
196,185,4
197,185,4
198,185,4
199,185,4
200,185,4
201,185,4
202,185,4
203,185,4
204,185,4
205,185,4
206,185,3
207,185,3
208,185,3
209,185,3
210,185,3
211,185,3
212,185,3
213,185,3
214,185,3
215,185,3
216,185,3
217,185,3
218,185,3
219,185,3
220,185,3
221,185,3
222,185,3
223,185,3
224,185,3
225,185,3
226,185,3
227,185,3
228,185,3
229,185,3
230,185,3
231,185,3
232,185,3
233,185,3
234,185,3
235,185,3
236,185,3
237,185,3
238,185,3
239,185,3
240,185,3
241,185,3
242,185,3
243,185,3
244,185,3
245,185,2
246,185,2
247,185,2
248,185,2
249,185,2
250,185,2
251,185,2
252,185,2
253,185,2
254,185,2
255,185,2
0,186,5
1,186,5
2,186,5
3,186,5
4,186,5
5,186,5
6,186,5
7,186,5
8,186,5
9,186,6
10,186,6
11,186,6
12,186,6
13,186,6
14,186,6
15,186,6
16,186,6
17,186,6
18,186,6
19,186,6
20,186,6
21,186,6
22,186,6
23,186,6
24,186,6
25,186,6
26,186,6
27,186,6
28,186,7
29,186,7
30,186,7
31,186,7
32,186,7
33,186,7
34,186,8
35,186,8
36,186,9
37,186,10
38,186,12
39,186,15
40,186,32
41,186,51
42,186,12
43,186,55
44,186,28
45,186,24
46,186,22
47,186,27
48,186,46
49,186,41
50,186,6
51,186,19
52,186,19
53,186,57
54,186,30
55,186,45
56,186,0
57,186,0
58,186,0
59,186,0
60,186,0
61,186,0
62,186,0
63,186,0
64,186,0
65,186,0
66,186,0
67,186,0
68,186,0
69,186,0
70,186,0
71,186,0
72,186,0
73,186,0
74,186,0
75,186,0
76,186,0
77,186,0
78,186,0
79,186,0
80,186,0
81,186,0
82,186,0
83,186,0
84,186,0
85,186,0
86,186,0
87,186,0
88,186,0
89,186,0
90,186,0
91,186,0
92,186,0
93,186,0
94,186,0
95,186,0
96,186,0
97,186,0
98,186,0
99,186,0
100,186,0
101,186,0
102,186,0
103,186,0
104,186,0
105,186,0
106,186,0
107,186,0
108,186,0
109,186,0
110,186,0
111,186,0
112,186,0
113,186,0
114,186,0
115,186,0
116,186,0
117,186,0
118,186,0
119,186,0
120,186,0
121,186,0
122,186,0
123,186,0
124,186,0
125,186,0
126,186,0
127,186,0
128,186,0
129,186,0
130,186,0
131,186,0
132,186,0
133,186,0
134,186,0
135,186,0
136,186,0
137,186,0
138,186,0
139,186,0
140,186,0
141,186,0
142,186,0
143,186,0
144,186,0
145,186,0
146,186,0
147,186,0
148,186,0
149,186,0
150,186,0
151,186,0
152,186,0
153,186,0
154,186,0
155,186,0
156,186,0
157,186,0
158,186,0
159,186,0
160,186,0
161,186,0
162,186,0
163,186,0
164,186,0
165,186,55
166,186,60
167,186,19
168,186,16
169,186,14
170,186,13
171,186,12
172,186,11
173,186,10
174,186,10
175,186,9
176,186,8
177,186,8
178,186,8
179,186,7
180,186,7
181,186,7
182,186,7
183,186,6
184,186,6
185,186,6
186,186,6
187,186,6
188,186,6
189,186,5
190,186,5
191,186,5
192,186,5
193,186,5
194,186,5
195,186,5
196,186,4
197,186,4
198,186,4
199,186,4
200,186,4
201,186,4
202,186,4
203,186,4
204,186,4
205,186,4
206,186,3
207,186,3
208,186,3
209,186,3
210,186,3
211,186,3
212,186,3
213,186,3
214,186,3
215,186,3
216,186,3
217,186,3
218,186,3
219,186,3
220,186,3
221,186,3
222,186,3
223,186,3
224,186,3
225,186,3
226,186,3
227,186,3
228,186,3
229,186,3
230,186,3
231,186,3
232,186,3
233,186,3
234,186,3
235,186,3
236,186,3
237,186,3
238,186,3
239,186,3
240,186,3
241,186,3
242,186,3
243,186,3
244,186,3
245,186,2
246,186,2
247,186,2
248,186,2
249,186,2
250,186,2
251,186,2
252,186,2
253,186,2
254,186,2
255,186,2
0,187,5
1,187,5
2,187,5
3,187,5
4,187,5
5,187,5
6,187,5
7,187,5
8,187,5
9,187,5
10,187,5
11,187,6
12,187,6
13,187,6
14,187,6
15,187,6
16,187,6
17,187,6
18,187,6
19,187,6
20,187,6
21,187,6
22,187,6
23,187,6
24,187,6
25,187,6
26,187,6
27,187,6
28,187,6
29,187,7
30,187,7
31,187,7
32,187,7
33,187,7
34,187,7
35,187,8
36,187,9
37,187,11
38,187,26
39,187,26
40,187,17
41,187,21
42,187,24
43,187,25
44,187,48
45,187,22
46,187,19
47,187,18
48,187,23
49,187,19
50,187,17
51,187,16
52,187,18
53,187,21
54,187,46
55,187,0
56,187,0
57,187,0
58,187,0
59,187,0
60,187,0
61,187,0
62,187,0
63,187,0
64,187,0
65,187,0
66,187,0
67,187,0
68,187,0
69,187,0
70,187,0
71,187,0
72,187,0
73,187,0
74,187,0
75,187,0
76,187,0
77,187,0
78,187,0
79,187,0
80,187,0
81,187,0
82,187,0
83,187,0
84,187,0
85,187,0
86,187,0
87,187,0
88,187,0
89,187,0
90,187,0
91,187,0
92,187,0
93,187,0
94,187,0
95,187,0
96,187,0
97,187,0
98,187,0
99,187,0
100,187,0
101,187,0
102,187,0
103,187,0
104,187,0
105,187,0
106,187,0
107,187,0
108,187,0
109,187,0
110,187,0
111,187,0
112,187,0
113,187,0
114,187,0
115,187,0
116,187,0
117,187,0
118,187,0
119,187,0
120,187,0
121,187,0
122,187,0
123,187,0
124,187,0
125,187,0
126,187,0
127,187,0
128,187,0
129,187,0
130,187,0
131,187,0
132,187,0
133,187,0
134,187,0
135,187,0
136,187,0
137,187,0
138,187,0
139,187,0
140,187,0
141,187,0
142,187,0
143,187,0
144,187,0
145,187,0
146,187,0
147,187,0
148,187,0
149,187,0
150,187,0
151,187,0
152,187,0
153,187,0
154,187,0
155,187,0
156,187,0
157,187,0
158,187,0
159,187,0
160,187,0
161,187,0
162,187,0
163,187,0
164,187,0
165,187,0
166,187,20
167,187,17
168,187,15
169,187,14
170,187,13
171,187,11
172,187,11
173,187,10
174,187,9
175,187,9
176,187,8
177,187,8
178,187,7
179,187,7
180,187,7
181,187,7
182,187,7
183,187,6
184,187,6
185,187,6
186,187,6
187,187,6
188,187,5
189,187,5
190,187,5
191,187,5
192,187,5
193,187,5
194,187,5
195,187,5
196,187,4
197,187,4
198,187,4
199,187,4
200,187,4
201,187,4
202,187,4
203,187,4
204,187,4
205,187,3
206,187,3
207,187,3
208,187,3
209,187,3
210,187,3
211,187,3
212,187,3
213,187,3
214,187,3
215,187,3
216,187,3
217,187,3
218,187,3
219,187,3
220,187,3
221,187,3
222,187,3
223,187,3
224,187,3
225,187,3
226,187,3
227,187,3
228,187,3
229,187,3
230,187,3
231,187,3
232,187,3
233,187,3
234,187,3
235,187,3
236,187,3
237,187,3
238,187,3
239,187,3
240,187,3
241,187,3
242,187,3
243,187,3
244,187,2
245,187,2
246,187,2
247,187,2
248,187,2
249,187,2
250,187,2
251,187,2
252,187,2
253,187,2
254,187,2
255,187,2
0,188,5
1,188,5
2,188,5
3,188,5
4,188,5
5,188,5
6,188,5
7,188,5
8,188,5
9,188,5
10,188,5
11,188,5
12,188,5
13,188,6
14,188,6
15,188,6
16,188,6
17,188,6
18,188,6
19,188,6
20,188,6
21,188,6
22,188,6
23,188,6
24,188,6
25,188,6
26,188,6
27,188,6
28,188,6
29,188,6
30,188,6
31,188,7
32,188,7
33,188,7
34,188,7
35,188,8
36,188,8
37,188,11
38,188,13
39,188,28
40,188,13
41,188,13
42,188,21
43,188,18
44,188,48
45,188,43
46,188,18
47,188,16
48,188,15
49,188,14
50,188,14
51,188,15
52,188,16
53,188,56
54,188,36
55,188,0
56,188,0
57,188,56
58,188,0
59,188,0
60,188,0
61,188,0
62,188,0
63,188,0
64,188,0
65,188,0
66,188,0
67,188,0
68,188,0
69,188,0
70,188,0
71,188,0
72,188,0
73,188,0
74,188,0
75,188,0
76,188,0
77,188,0
78,188,0
79,188,0
80,188,0
81,188,0
82,188,0
83,188,0
84,188,0
85,188,0
86,188,0
87,188,0
88,188,0
89,188,0
90,188,0
91,188,0
92,188,0
93,188,0
94,188,0
95,188,0
96,188,0
97,188,0
98,188,0
99,188,0
100,188,0
101,188,0
102,188,0
103,188,0
104,188,0
105,188,0
106,188,0
107,188,0
108,188,0
109,188,0
110,188,0
111,188,0
112,188,0
113,188,0
114,188,0
115,188,0
116,188,0
117,188,0
118,188,0
119,188,0
120,188,0
121,188,0
122,188,0
123,188,0
124,188,0
125,188,0
126,188,0
127,188,0
128,188,0
129,188,0
130,188,0
131,188,0
132,188,0
133,188,0
134,188,0
135,188,0
136,188,0
137,188,0
138,188,0
139,188,0
140,188,0
141,188,0
142,188,0
143,188,0
144,188,0
145,188,0
146,188,0
147,188,0
148,188,0
149,188,0
150,188,0
151,188,0
152,188,0
153,188,0
154,188,0
155,188,0
156,188,0
157,188,0
158,188,0
159,188,0
160,188,0
161,188,0
162,188,0
163,188,0
164,188,28
165,188,23
166,188,20
167,188,18
168,188,16
169,188,14
170,188,13
171,188,11
172,188,11
173,188,10
174,188,9
175,188,9
176,188,8
177,188,8
178,188,7
179,188,7
180,188,7
181,188,7
182,188,6
183,188,6
184,188,6
185,188,6
186,188,6
187,188,6
188,188,5
189,188,5
190,188,5
191,188,5
192,188,5
193,188,5
194,188,5
195,188,5
196,188,4
197,188,4
198,188,4
199,188,4
200,188,4
201,188,4
202,188,4
203,188,4
204,188,4
205,188,3
206,188,3
207,188,3
208,188,3
209,188,3
210,188,3
211,188,3
212,188,3
213,188,3
214,188,3
215,188,3
216,188,3
217,188,3
218,188,3
219,188,3
220,188,3
221,188,3
222,188,3
223,188,3
224,188,3
225,188,3
226,188,3
227,188,3
228,188,3
229,188,3
230,188,3
231,188,3
232,188,3
233,188,3
234,188,3
235,188,3
236,188,3
237,188,3
238,188,3
239,188,3
240,188,3
241,188,3
242,188,3
243,188,3
244,188,2
245,188,2
246,188,2
247,188,2
248,188,2
249,188,2
250,188,2
251,188,2
252,188,2
253,188,2
254,188,2
255,188,2
0,189,5
1,189,5
2,189,5
3,189,5
4,189,5
5,189,5
6,189,5
7,189,5
8,189,5
9,189,5
10,189,5
11,189,5
12,189,5
13,189,5
14,189,6
15,189,6
16,189,6
17,189,6
18,189,6
19,189,6
20,189,6
21,189,6
22,189,6
23,189,6
24,189,6
25,189,6
26,189,6
27,189,6
28,189,6
29,189,6
30,189,6
31,189,6
32,189,7
33,189,7
34,189,7
35,189,7
36,189,8
37,189,9
38,189,9
39,189,10
40,189,10
41,189,11
42,189,13
43,189,14
44,189,18
45,189,35
46,189,19
47,189,15
48,189,13
49,189,13
50,189,13
51,189,14
52,189,23
53,189,35
54,189,59
55,189,0
56,189,26
57,189,30
58,189,49
59,189,0
60,189,0
61,189,0
62,189,0
63,189,0
64,189,0
65,189,0
66,189,0
67,189,0
68,189,0
69,189,0
70,189,0
71,189,0
72,189,0
73,189,0
74,189,0
75,189,0
76,189,0
77,189,0
78,189,0
79,189,0
80,189,0
81,189,0
82,189,0
83,189,0
84,189,0
85,189,0
86,189,0
87,189,0
88,189,0
89,189,0
90,189,0
91,189,0
92,189,0
93,189,0
94,189,0
95,189,0
96,189,0
97,189,0
98,189,0
99,189,0
100,189,0
101,189,0
102,189,0
103,189,0
104,189,0
105,189,0
106,189,0
107,189,0
108,189,0
109,189,0
110,189,0
111,189,0
112,189,0
113,189,0
114,189,0
115,189,0
116,189,0
117,189,0
118,189,0
119,189,0
120,189,0
121,189,0
122,189,0
123,189,0
124,189,0
125,189,0
126,189,0
127,189,0
128,189,0
129,189,0
130,189,0
131,189,0
132,189,0
133,189,0
134,189,0
135,189,0
136,189,0
137,189,0
138,189,0
139,189,0
140,189,0
141,189,0
142,189,0
143,189,0
144,189,0
145,189,0
146,189,0
147,189,0
148,189,0
149,189,0
150,189,0
151,189,0
152,189,0
153,189,0
154,189,0
155,189,0
156,189,0
157,189,0
158,189,0
159,189,0
160,189,0
161,189,0
162,189,0
163,189,39
164,189,7
165,189,48
166,189,23
167,189,50
168,189,25
169,189,53
170,189,2
171,189,12
172,189,11
173,189,10
174,189,10
175,189,9
176,189,8
177,189,8
178,189,7
179,189,7
180,189,7
181,189,7
182,189,6
183,189,6
184,189,6
185,189,6
186,189,6
187,189,6
188,189,5
189,189,5
190,189,5
191,189,5
192,189,5
193,189,5
194,189,5
195,189,4
196,189,4
197,189,4
198,189,4
199,189,4
200,189,4
201,189,4
202,189,4
203,189,4
204,189,4
205,189,3
206,189,3
207,189,3
208,189,3
209,189,3
210,189,3
211,189,3
212,189,3
213,189,3
214,189,3
215,189,3
216,189,3
217,189,3
218,189,3
219,189,3
220,189,3
221,189,3
222,189,3
223,189,3
224,189,3
225,189,3
226,189,3
227,189,3
228,189,3
229,189,3
230,189,3
231,189,3
232,189,3
233,189,3
234,189,3
235,189,3
236,189,3
237,189,3
238,189,3
239,189,3
240,189,3
241,189,3
242,189,3
243,189,3
244,189,2
245,189,2
246,189,2
247,189,2
248,189,2
249,189,2
250,189,2
251,189,2
252,189,2
253,189,2
254,189,2
255,189,2
0,190,5
1,190,5
2,190,5
3,190,5
4,190,5
5,190,5
6,190,5
7,190,5
8,190,5
9,190,5
10,190,5
11,190,5
12,190,5
13,190,5
14,190,5
15,190,5
16,190,6
17,190,6
18,190,6
19,190,6
20,190,6
21,190,6
22,190,6
23,190,6
24,190,6
25,190,6
26,190,6
27,190,6
28,190,6
29,190,6
30,190,6
31,190,6
32,190,6
33,190,7
34,190,7
35,190,7
36,190,7
37,190,8
38,190,8
39,190,9
40,190,9
41,190,10
42,190,10
43,190,11
44,190,48
45,190,30
46,190,47
47,190,14
48,190,12
49,190,12
50,190,12
51,190,13
52,190,15
53,190,56
54,190,0
55,190,32
56,190,29
57,190,24
58,190,48
59,190,0
60,190,0
61,190,0
62,190,0
63,190,0
64,190,0
65,190,0
66,190,0
67,190,0
68,190,0
69,190,0
70,190,0
71,190,0
72,190,0
73,190,0
74,190,0
75,190,0
76,190,0
77,190,0
78,190,0
79,190,0
80,190,0
81,190,0
82,190,0
83,190,0
84,190,0
85,190,0
86,190,0
87,190,0
88,190,0
89,190,0
90,190,0
91,190,0
92,190,0
93,190,0
94,190,0
95,190,0
96,190,0
97,190,0
98,190,0
99,190,0
100,190,0
101,190,0
102,190,0
103,190,0
104,190,0
105,190,0
106,190,0
107,190,0
108,190,0
109,190,0
110,190,0
111,190,0
112,190,0
113,190,0
114,190,0
115,190,0
116,190,0
117,190,0
118,190,0
119,190,0
120,190,0
121,190,0
122,190,0
123,190,0
124,190,0
125,190,0
126,190,0
127,190,0
128,190,0
129,190,0
130,190,0
131,190,0
132,190,0
133,190,0
134,190,0
135,190,0
136,190,0
137,190,0
138,190,0
139,190,0
140,190,0
141,190,0
142,190,0
143,190,0
144,190,0
145,190,0
146,190,0
147,190,0
148,190,0
149,190,0
150,190,0
151,190,0
152,190,0
153,190,0
154,190,0
155,190,0
156,190,0
157,190,0
158,190,0
159,190,0
160,190,0
161,190,0
162,190,0
163,190,0
164,190,0
165,190,0
166,190,0
167,190,0
168,190,5
169,190,34
170,190,30
171,190,16
172,190,13
173,190,12
174,190,10
175,190,9
176,190,8
177,190,8
178,190,7
179,190,7
180,190,7
181,190,7
182,190,6
183,190,6
184,190,6
185,190,6
186,190,6
187,190,5
188,190,5
189,190,5
190,190,5
191,190,5
192,190,5
193,190,5
194,190,5
195,190,4
196,190,4
197,190,4
198,190,4
199,190,4
200,190,4
201,190,4
202,190,4
203,190,4
204,190,3
205,190,3
206,190,3
207,190,3
208,190,3
209,190,3
210,190,3
211,190,3
212,190,3
213,190,3
214,190,3
215,190,3
216,190,3
217,190,3
218,190,3
219,190,3
220,190,3
221,190,3
222,190,3
223,190,3
224,190,3
225,190,3
226,190,3
227,190,3
228,190,3
229,190,3
230,190,3
231,190,3
232,190,3
233,190,3
234,190,3
235,190,3
236,190,3
237,190,3
238,190,3
239,190,3
240,190,3
241,190,3
242,190,3
243,190,2
244,190,2
245,190,2
246,190,2
247,190,2
248,190,2
249,190,2
250,190,2
251,190,2
252,190,2
253,190,2
254,190,2
255,190,2
0,191,5
1,191,5
2,191,5
3,191,5
4,191,5
5,191,5
6,191,5
7,191,5
8,191,5
9,191,5
10,191,5
11,191,5
12,191,5
13,191,5
14,191,5
15,191,5
16,191,5
17,191,6
18,191,6
19,191,6
20,191,6
21,191,6
22,191,6
23,191,6
24,191,6
25,191,6
26,191,6
27,191,6
28,191,6
29,191,6
30,191,6
31,191,6
32,191,6
33,191,6
34,191,7
35,191,7
36,191,7
37,191,7
38,191,8
39,191,8
40,191,9
41,191,9
42,191,9
43,191,10
44,191,46
45,191,13
46,191,15
47,191,12
48,191,12
49,191,11
50,191,11
51,191,12
52,191,13
53,191,14
54,191,17
55,191,3
56,191,18
57,191,19
58,191,0
59,191,0
60,191,52
61,191,0
62,191,0
63,191,0
64,191,0
65,191,0
66,191,0
67,191,0
68,191,0
69,191,0
70,191,0
71,191,0
72,191,0
73,191,0
74,191,0
75,191,0
76,191,0
77,191,0
78,191,0
79,191,0
80,191,0
81,191,0
82,191,0
83,191,0
84,191,0
85,191,0
86,191,0
87,191,0
88,191,0
89,191,0
90,191,0
91,191,0
92,191,0
93,191,0
94,191,0
95,191,0
96,191,0
97,191,0
98,191,0
99,191,0
100,191,0
101,191,0
102,191,0
103,191,0
104,191,0
105,191,0
106,191,0
107,191,0
108,191,0
109,191,0
110,191,0
111,191,0
112,191,0
113,191,0
114,191,0
115,191,0
116,191,0
117,191,0
118,191,0
119,191,0
120,191,0
121,191,0
122,191,0
123,191,0
124,191,0
125,191,0
126,191,0
127,191,0
128,191,0
129,191,0
130,191,0
131,191,0
132,191,0
133,191,0
134,191,0
135,191,0
136,191,0
137,191,0
138,191,0
139,191,0
140,191,0
141,191,0
142,191,0
143,191,0
144,191,0
145,191,0
146,191,0
147,191,0
148,191,0
149,191,0
150,191,0
151,191,0
152,191,0
153,191,0
154,191,0
155,191,0
156,191,0
157,191,0
158,191,0
159,191,0
160,191,0
161,191,0
162,191,0
163,191,0
164,191,0
165,191,0
166,191,0
167,191,0
168,191,0
169,191,31
170,191,22
171,191,17
172,191,17
173,191,17
174,191,12
175,191,10
176,191,9
177,191,8
178,191,7
179,191,7
180,191,7
181,191,6
182,191,6
183,191,6
184,191,6
185,191,6
186,191,6
187,191,5
188,191,5
189,191,5
190,191,5
191,191,5
192,191,5
193,191,5
194,191,5
195,191,4
196,191,4
197,191,4
198,191,4
199,191,4
200,191,4
201,191,4
202,191,4
203,191,4
204,191,3
205,191,3
206,191,3
207,191,3
208,191,3
209,191,3
210,191,3
211,191,3
212,191,3
213,191,3
214,191,3
215,191,3
216,191,3
217,191,3
218,191,3
219,191,3
220,191,3
221,191,3
222,191,3
223,191,3
224,191,3
225,191,3
226,191,3
227,191,3
228,191,3
229,191,3
230,191,3
231,191,3
232,191,3
233,191,3
234,191,3
235,191,3
236,191,3
237,191,3
238,191,3
239,191,3
240,191,3
241,191,3
242,191,3
243,191,2
244,191,2
245,191,2
246,191,2
247,191,2
248,191,2
249,191,2
250,191,2
251,191,2
252,191,2
253,191,2
254,191,2
255,191,2
0,192,5
1,192,5
2,192,5
3,192,5
4,192,5
5,192,5
6,192,5
7,192,5
8,192,5
9,192,5
10,192,5
11,192,5
12,192,5
13,192,5
14,192,5
15,192,5
16,192,5
17,192,5
18,192,5
19,192,6
20,192,6
21,192,6
22,192,6
23,192,6
24,192,6
25,192,6
26,192,6
27,192,6
28,192,6
29,192,6
30,192,6
31,192,6
32,192,6
33,192,6
34,192,6
35,192,7
36,192,7
37,192,7
38,192,7
39,192,8
40,192,8
41,192,8
42,192,9
43,192,9
44,192,10
45,192,10
46,192,10
47,192,10
48,192,10
49,192,11
50,192,11
51,192,11
52,192,12
53,192,13
54,192,14
55,192,15
56,192,16
57,192,17
58,192,19
59,192,22
60,192,58
61,192,40
62,192,0
63,192,0
64,192,0
65,192,0
66,192,0
67,192,0
68,192,0
69,192,0
70,192,0
71,192,0
72,192,0
73,192,0
74,192,0
75,192,0
76,192,0
77,192,0
78,192,0
79,192,0
80,192,0
81,192,0
82,192,0
83,192,0
84,192,0
85,192,0
86,192,0
87,192,0
88,192,0
89,192,0
90,192,0
91,192,0
92,192,0
93,192,0
94,192,0
95,192,0
96,192,0
97,192,0
98,192,0
99,192,0
100,192,0
101,192,0
102,192,0
103,192,0
104,192,0
105,192,0
106,192,0
107,192,0
108,192,0
109,192,0
110,192,0
111,192,0
112,192,0
113,192,0
114,192,0
115,192,0
116,192,0
117,192,0
118,192,0
119,192,0
120,192,0
121,192,0
122,192,0
123,192,0
124,192,0
125,192,0
126,192,0
127,192,0
128,192,0
129,192,0
130,192,0
131,192,0
132,192,0
133,192,0
134,192,0
135,192,0
136,192,0
137,192,0
138,192,0
139,192,0
140,192,0
141,192,0
142,192,0
143,192,0
144,192,0
145,192,0
146,192,0
147,192,0
148,192,0
149,192,0
150,192,0
151,192,0
152,192,0
153,192,0
154,192,0
155,192,0
156,192,0
157,192,0
158,192,0
159,192,0
160,192,0
161,192,0
162,192,0
163,192,0
164,192,0
165,192,0
166,192,0
167,192,0
168,192,0
169,192,0
170,192,40
171,192,44
172,192,30
173,192,37
174,192,20
175,192,11
176,192,9
177,192,8
178,192,7
179,192,7
180,192,7
181,192,6
182,192,6
183,192,6
184,192,6
185,192,6
186,192,6
187,192,5
188,192,5
189,192,5
190,192,5
191,192,5
192,192,5
193,192,5
194,192,5
195,192,4
196,192,4
197,192,4
198,192,4
199,192,4
200,192,4
201,192,4
202,192,4
203,192,4
204,192,3
205,192,3
206,192,3
207,192,3
208,192,3
209,192,3
210,192,3
211,192,3
212,192,3
213,192,3
214,192,3
215,192,3
216,192,3
217,192,3
218,192,3
219,192,3
220,192,3
221,192,3
222,192,3
223,192,3
224,192,3
225,192,3
226,192,3
227,192,3
228,192,3
229,192,3
230,192,3
231,192,3
232,192,3
233,192,3
234,192,3
235,192,3
236,192,3
237,192,3
238,192,3
239,192,3
240,192,3
241,192,3
242,192,2
243,192,2
244,192,2
245,192,2
246,192,2
247,192,2
248,192,2
249,192,2
250,192,2
251,192,2
252,192,2
253,192,2
254,192,2
255,192,2
0,193,5
1,193,5
2,193,5
3,193,5
4,193,5
5,193,5
6,193,5
7,193,5
8,193,5
9,193,5
10,193,5
11,193,5
12,193,5
13,193,5
14,193,5
15,193,5
16,193,5
17,193,5
18,193,5
19,193,5
20,193,6
21,193,6
22,193,6
23,193,6
24,193,6
25,193,6
26,193,6
27,193,6
28,193,6
29,193,6
30,193,6
31,193,6
32,193,6
33,193,6
34,193,6
35,193,6
36,193,7
37,193,7
38,193,7
39,193,8
40,193,8
41,193,8
42,193,8
43,193,8
44,193,9
45,193,9
46,193,10
47,193,10
48,193,10
49,193,10
50,193,11
51,193,11
52,193,11
53,193,12
54,193,13
55,193,14
56,193,15
57,193,16
58,193,18
59,193,20
60,193,23
61,193,26
62,193,32
63,193,58
64,193,0
65,193,0
66,193,0
67,193,0
68,193,0
69,193,0
70,193,0
71,193,0
72,193,0
73,193,0
74,193,0
75,193,0
76,193,0
77,193,0
78,193,0
79,193,0
80,193,0
81,193,0
82,193,0
83,193,0
84,193,0
85,193,0
86,193,0
87,193,0
88,193,0
89,193,0
90,193,0
91,193,0
92,193,0
93,193,0
94,193,0
95,193,0
96,193,0
97,193,0
98,193,0
99,193,0
100,193,0
101,193,0
102,193,0
103,193,0
104,193,0
105,193,0
106,193,0
107,193,0
108,193,0
109,193,0
110,193,0
111,193,0
112,193,0
113,193,0
114,193,0
115,193,0
116,193,0
117,193,0
118,193,0
119,193,0
120,193,0
121,193,0
122,193,0
123,193,0
124,193,0
125,193,0
126,193,0
127,193,0
128,193,0
129,193,0
130,193,0
131,193,0
132,193,0
133,193,0
134,193,0
135,193,0
136,193,0
137,193,0
138,193,0
139,193,0
140,193,0
141,193,0
142,193,0
143,193,0
144,193,0
145,193,0
146,193,0
147,193,0
148,193,0
149,193,0
150,193,0
151,193,0
152,193,0
153,193,0
154,193,0
155,193,0
156,193,0
157,193,0
158,193,0
159,193,0
160,193,0
161,193,0
162,193,0
163,193,0
164,193,0
165,193,0
166,193,0
167,193,0
168,193,0
169,193,0
170,193,0
171,193,31
172,193,25
173,193,26
174,193,17
175,193,13
176,193,10
177,193,8
178,193,8
179,193,7
180,193,7
181,193,6
182,193,6
183,193,6
184,193,6
185,193,6
186,193,5
187,193,5
188,193,5
189,193,5
190,193,5
191,193,5
192,193,5
193,193,5
194,193,5
195,193,4
196,193,4
197,193,4
198,193,4
199,193,4
200,193,4
201,193,4
202,193,4
203,193,3
204,193,3
205,193,3
206,193,3
207,193,3
208,193,3
209,193,3
210,193,3
211,193,3
212,193,3
213,193,3
214,193,3
215,193,3
216,193,3
217,193,3
218,193,3
219,193,3
220,193,3
221,193,3
222,193,3
223,193,3
224,193,3
225,193,3
226,193,3
227,193,3
228,193,3
229,193,3
230,193,3
231,193,3
232,193,3
233,193,3
234,193,3
235,193,3
236,193,3
237,193,3
238,193,3
239,193,3
240,193,3
241,193,3
242,193,2
243,193,2
244,193,2
245,193,2
246,193,2
247,193,2
248,193,2
249,193,2
250,193,2
251,193,2
252,193,2
253,193,2
254,193,2
255,193,2
0,194,5
1,194,5
2,194,5
3,194,5
4,194,5
5,194,5
6,194,5
7,194,5
8,194,5
9,194,5
10,194,5
11,194,5
12,194,5
13,194,5
14,194,5
15,194,5
16,194,5
17,194,5
18,194,5
19,194,5
20,194,5
21,194,6
22,194,6
23,194,6
24,194,6
25,194,6
26,194,6
27,194,6
28,194,6
29,194,6
30,194,6
31,194,6
32,194,6
33,194,6
34,194,6
35,194,6
36,194,6
37,194,7
38,194,7
39,194,7
40,194,8
41,194,8
42,194,8
43,194,8
44,194,8
45,194,9
46,194,9
47,194,9
48,194,10
49,194,10
50,194,10
51,194,11
52,194,11
53,194,12
54,194,13
55,194,14
56,194,14
57,194,17
58,194,20
59,194,23
60,194,32
61,194,2
62,194,0
63,194,0
64,194,0
65,194,0
66,194,0
67,194,0
68,194,0
69,194,0
70,194,0
71,194,0
72,194,0
73,194,0
74,194,0
75,194,0
76,194,0
77,194,0
78,194,0
79,194,0
80,194,0
81,194,0
82,194,0
83,194,0
84,194,0
85,194,0
86,194,0
87,194,0
88,194,0
89,194,0
90,194,0
91,194,0
92,194,0
93,194,0
94,194,0
95,194,0
96,194,0
97,194,0
98,194,0
99,194,0
100,194,0
101,194,0
102,194,0
103,194,0
104,194,0
105,194,0
106,194,0
107,194,0
108,194,0
109,194,0
110,194,0
111,194,0
112,194,0
113,194,0
114,194,0
115,194,0
116,194,0
117,194,0
118,194,0
119,194,0
120,194,0
121,194,0
122,194,0
123,194,0
124,194,0
125,194,0
126,194,0
127,194,0
128,194,0
129,194,0
130,194,0
131,194,0
132,194,0
133,194,0
134,194,0
135,194,0
136,194,0
137,194,0
138,194,0
139,194,0
140,194,0
141,194,0
142,194,0
143,194,0
144,194,0
145,194,0
146,194,0
147,194,0
148,194,0
149,194,0
150,194,0
151,194,0
152,194,0
153,194,0
154,194,0
155,194,0
156,194,0
157,194,0
158,194,41
159,194,0
160,194,0
161,194,0
162,194,0
163,194,0
164,194,0
165,194,0
166,194,0
167,194,0
168,194,0
169,194,0
170,194,39
171,194,49
172,194,19
173,194,37
174,194,39
175,194,18
176,194,11
177,194,9
178,194,8
179,194,7
180,194,7
181,194,6
182,194,6
183,194,6
184,194,6
185,194,6
186,194,5
187,194,5
188,194,5
189,194,5
190,194,5
191,194,5
192,194,5
193,194,5
194,194,4
195,194,4
196,194,4
197,194,4
198,194,4
199,194,4
200,194,4
201,194,4
202,194,4
203,194,3
204,194,3
205,194,3
206,194,3
207,194,3
208,194,3
209,194,3
210,194,3
211,194,3
212,194,3
213,194,3
214,194,3
215,194,3
216,194,3
217,194,3
218,194,3
219,194,3
220,194,3
221,194,3
222,194,3
223,194,3
224,194,3
225,194,3
226,194,3
227,194,3
228,194,3
229,194,3
230,194,3
231,194,3
232,194,3
233,194,3
234,194,3
235,194,3
236,194,3
237,194,3
238,194,3
239,194,3
240,194,3
241,194,2
242,194,2
243,194,2
244,194,2
245,194,2
246,194,2
247,194,2
248,194,2
249,194,2
250,194,2
251,194,2
252,194,2
253,194,2
254,194,2
255,194,2
0,195,5
1,195,5
2,195,5
3,195,5
4,195,5
5,195,5
6,195,5
7,195,5
8,195,5
9,195,5
10,195,5
11,195,5
12,195,5
13,195,5
14,195,5
15,195,5
16,195,5
17,195,5
18,195,5
19,195,5
20,195,5
21,195,5
22,195,6
23,195,6
24,195,6
25,195,6
26,195,6
27,195,6
28,195,6
29,195,6
30,195,6
31,195,6
32,195,6
33,195,6
34,195,6
35,195,6
36,195,6
37,195,6
38,195,7
39,195,7
40,195,7
41,195,8
42,195,8
43,195,8
44,195,8
45,195,8
46,195,9
47,195,9
48,195,9
49,195,10
50,195,10
51,195,11
52,195,11
53,195,12
54,195,13
55,195,14
56,195,15
57,195,34
58,195,33
59,195,34
60,195,0
61,195,0
62,195,0
63,195,0
64,195,0
65,195,0
66,195,0
67,195,0
68,195,0
69,195,0
70,195,0
71,195,0
72,195,0
73,195,0
74,195,0
75,195,0
76,195,0
77,195,0
78,195,0
79,195,0
80,195,0
81,195,0
82,195,0
83,195,0
84,195,0
85,195,0
86,195,0
87,195,0
88,195,0
89,195,0
90,195,0
91,195,0
92,195,0
93,195,0
94,195,0
95,195,0
96,195,0
97,195,0
98,195,0
99,195,0
100,195,0
101,195,0
102,195,0
103,195,0
104,195,0
105,195,0
106,195,0
107,195,0
108,195,0
109,195,0
110,195,0
111,195,0
112,195,0
113,195,0
114,195,0
115,195,0
116,195,0
117,195,0
118,195,0
119,195,0
120,195,0
121,195,0
122,195,0
123,195,0
124,195,0
125,195,0
126,195,0
127,195,0
128,195,0
129,195,0
130,195,0
131,195,0
132,195,0
133,195,0
134,195,0
135,195,0
136,195,0
137,195,0
138,195,0
139,195,0
140,195,0
141,195,0
142,195,0
143,195,0
144,195,0
145,195,0
146,195,0
147,195,0
148,195,0
149,195,0
150,195,0
151,195,0
152,195,0
153,195,0
154,195,0
155,195,0
156,195,58
157,195,29
158,195,0
159,195,0
160,195,0
161,195,0
162,195,0
163,195,0
164,195,0
165,195,0
166,195,0
167,195,0
168,195,0
169,195,0
170,195,0
171,195,26
172,195,17
173,195,15
174,195,14
175,195,12
176,195,10
177,195,9
178,195,8
179,195,8
180,195,7
181,195,7
182,195,6
183,195,6
184,195,6
185,195,6
186,195,5
187,195,5
188,195,5
189,195,5
190,195,5
191,195,5
192,195,5
193,195,5
194,195,4
195,195,4
196,195,4
197,195,4
198,195,4
199,195,4
200,195,4
201,195,4
202,195,3
203,195,3
204,195,3
205,195,3
206,195,3
207,195,3
208,195,3
209,195,3
210,195,3
211,195,3
212,195,3
213,195,3
214,195,3
215,195,3
216,195,3
217,195,3
218,195,3
219,195,3
220,195,3
221,195,3
222,195,3
223,195,3
224,195,3
225,195,3
226,195,3
227,195,3
228,195,3
229,195,3
230,195,3
231,195,3
232,195,3
233,195,3
234,195,3
235,195,3
236,195,3
237,195,3
238,195,3
239,195,3
240,195,3
241,195,2
242,195,2
243,195,2
244,195,2
245,195,2
246,195,2
247,195,2
248,195,2
249,195,2
250,195,2
251,195,2
252,195,2
253,195,2
254,195,2
255,195,2
0,196,5
1,196,5
2,196,5
3,196,5
4,196,5
5,196,5
6,196,5
7,196,5
8,196,5
9,196,5
10,196,5
11,196,5
12,196,5
13,196,5
14,196,5
15,196,5
16,196,5
17,196,5
18,196,5
19,196,5
20,196,5
21,196,5
22,196,5
23,196,6
24,196,6
25,196,6
26,196,6
27,196,6
28,196,6
29,196,6
30,196,6
31,196,6
32,196,6
33,196,6
34,196,6
35,196,6
36,196,6
37,196,6
38,196,7
39,196,7
40,196,7
41,196,7
42,196,8
43,196,8
44,196,8
45,196,8
46,196,8
47,196,9
48,196,9
49,196,9
50,196,10
51,196,10
52,196,11
53,196,12
54,196,14
55,196,16
56,196,17
57,196,37
58,196,37
59,196,0
60,196,0
61,196,0
62,196,0
63,196,0
64,196,0
65,196,0
66,196,0
67,196,0
68,196,0
69,196,0
70,196,0
71,196,0
72,196,0
73,196,0
74,196,0
75,196,0
76,196,0
77,196,0
78,196,0
79,196,0
80,196,0
81,196,0
82,196,0
83,196,0
84,196,0
85,196,0
86,196,0
87,196,0
88,196,0
89,196,0
90,196,0
91,196,0
92,196,0
93,196,0
94,196,0
95,196,0
96,196,0
97,196,0
98,196,0
99,196,0
100,196,0
101,196,0
102,196,0
103,196,0
104,196,0
105,196,0
106,196,0
107,196,0
108,196,0
109,196,0
110,196,0
111,196,0
112,196,0
113,196,0
114,196,0
115,196,0
116,196,0
117,196,0
118,196,0
119,196,0
120,196,0
121,196,0
122,196,0
123,196,0
124,196,0
125,196,0
126,196,0
127,196,0
128,196,0
129,196,0
130,196,0
131,196,0
132,196,0
133,196,0
134,196,0
135,196,0
136,196,0
137,196,0
138,196,0
139,196,0
140,196,0
141,196,0
142,196,0
143,196,0
144,196,0
145,196,0
146,196,0
147,196,0
148,196,0
149,196,0
150,196,0
151,196,0
152,196,0
153,196,0
154,196,0
155,196,45
156,196,1
157,196,24
158,196,0
159,196,0
160,196,0
161,196,0
162,196,0
163,196,0
164,196,0
165,196,0
166,196,0
167,196,0
168,196,0
169,196,0
170,196,8
171,196,16
172,196,17
173,196,14
174,196,12
175,196,11
176,196,10
177,196,9
178,196,9
179,196,8
180,196,7
181,196,7
182,196,6
183,196,6
184,196,6
185,196,6
186,196,5
187,196,5
188,196,5
189,196,5
190,196,5
191,196,5
192,196,5
193,196,5
194,196,4
195,196,4
196,196,4
197,196,4
198,196,4
199,196,4
200,196,4
201,196,4
202,196,3
203,196,3
204,196,3
205,196,3
206,196,3
207,196,3
208,196,3
209,196,3
210,196,3
211,196,3
212,196,3
213,196,3
214,196,3
215,196,3
216,196,3
217,196,3
218,196,3
219,196,3
220,196,3
221,196,3
222,196,3
223,196,3
224,196,3
225,196,3
226,196,3
227,196,3
228,196,3
229,196,3
230,196,3
231,196,3
232,196,3
233,196,3
234,196,3
235,196,3
236,196,3
237,196,3
238,196,3
239,196,3
240,196,2
241,196,2
242,196,2
243,196,2
244,196,2
245,196,2
246,196,2
247,196,2
248,196,2
249,196,2
250,196,2
251,196,2
252,196,2
253,196,2
254,196,2
255,196,2
0,197,5
1,197,5
2,197,5
3,197,5
4,197,5
5,197,5
6,197,5
7,197,5
8,197,5
9,197,5
10,197,5
11,197,5
12,197,5
13,197,5
14,197,5
15,197,5
16,197,5
17,197,5
18,197,5
19,197,5
20,197,5
21,197,5
22,197,5
23,197,5
24,197,6
25,197,6
26,197,6
27,197,6
28,197,6
29,197,6
30,197,6
31,197,6
32,197,6
33,197,6
34,197,6
35,197,6
36,197,6
37,197,6
38,197,6
39,197,7
40,197,7
41,197,7
42,197,7
43,197,8
44,197,8
45,197,8
46,197,8
47,197,9
48,197,9
49,197,9
50,197,9
51,197,10
52,197,11
53,197,13
54,197,18
55,197,9
56,197,20
57,197,24
58,197,0
59,197,0
60,197,0
61,197,0
62,197,0
63,197,0
64,197,0
65,197,0
66,197,0
67,197,0
68,197,0
69,197,0
70,197,0
71,197,0
72,197,0
73,197,0
74,197,0
75,197,0
76,197,0
77,197,0
78,197,0
79,197,0
80,197,0
81,197,0
82,197,0
83,197,0
84,197,0
85,197,0
86,197,0
87,197,0
88,197,0
89,197,0
90,197,0
91,197,0
92,197,0
93,197,0
94,197,0
95,197,0
96,197,0
97,197,0
98,197,0
99,197,0
100,197,0
101,197,0
102,197,0
103,197,0
104,197,0
105,197,0
106,197,0
107,197,0
108,197,0
109,197,0
110,197,0
111,197,0
112,197,0
113,197,0
114,197,0
115,197,0
116,197,0
117,197,0
118,197,0
119,197,0
120,197,0
121,197,0
122,197,0
123,197,0
124,197,0
125,197,0
126,197,0
127,197,0
128,197,0
129,197,0
130,197,0
131,197,0
132,197,0
133,197,0
134,197,0
135,197,0
136,197,0
137,197,0
138,197,0
139,197,0
140,197,0
141,197,0
142,197,0
143,197,0
144,197,0
145,197,0
146,197,0
147,197,0
148,197,0
149,197,0
150,197,0
151,197,0
152,197,0
153,197,0
154,197,41
155,197,0
156,197,21
157,197,22
158,197,24
159,197,0
160,197,0
161,197,0
162,197,0
163,197,0
164,197,0
165,197,0
166,197,0
167,197,0
168,197,0
169,197,0
170,197,34
171,197,27
172,197,19
173,197,16
174,197,13
175,197,11
176,197,10
177,197,10
178,197,9
179,197,8
180,197,8
181,197,7
182,197,6
183,197,6
184,197,6
185,197,6
186,197,5
187,197,5
188,197,5
189,197,5
190,197,5
191,197,5
192,197,5
193,197,4
194,197,4
195,197,4
196,197,4
197,197,4
198,197,4
199,197,4
200,197,4
201,197,4
202,197,3
203,197,3
204,197,3
205,197,3
206,197,3
207,197,3
208,197,3
209,197,3
210,197,3
211,197,3
212,197,3
213,197,3
214,197,3
215,197,3
216,197,3
217,197,3
218,197,3
219,197,3
220,197,3
221,197,3
222,197,3
223,197,3
224,197,3
225,197,3
226,197,3
227,197,3
228,197,3
229,197,3
230,197,3
231,197,3
232,197,3
233,197,3
234,197,3
235,197,3
236,197,3
237,197,3
238,197,3
239,197,3
240,197,2
241,197,2
242,197,2
243,197,2
244,197,2
245,197,2
246,197,2
247,197,2
248,197,2
249,197,2
250,197,2
251,197,2
252,197,2
253,197,2
254,197,2
255,197,2
0,198,5
1,198,5
2,198,5
3,198,5
4,198,5
5,198,5
6,198,5
7,198,5
8,198,5
9,198,5
10,198,5
11,198,5
12,198,5
13,198,5
14,198,5
15,198,5
16,198,5
17,198,5
18,198,5
19,198,5
20,198,5
21,198,5
22,198,5
23,198,5
24,198,5
25,198,6
26,198,6
27,198,6
28,198,6
29,198,6
30,198,6
31,198,6
32,198,6
33,198,6
34,198,6
35,198,6
36,198,6
37,198,6
38,198,6
39,198,7
40,198,7
41,198,7
42,198,7
43,198,8
44,198,8
45,198,8
46,198,8
47,198,8
48,198,9
49,198,9
50,198,9
51,198,10
52,198,11
53,198,48
54,198,21
55,198,30
56,198,37
57,198,1
58,198,0
59,198,0
60,198,0
61,198,0
62,198,0
63,198,0
64,198,0
65,198,0
66,198,0
67,198,0
68,198,0
69,198,38
70,198,0
71,198,0
72,198,0
73,198,0
74,198,0
75,198,0
76,198,0
77,198,0
78,198,0
79,198,0
80,198,0
81,198,0
82,198,0
83,198,0
84,198,0
85,198,0
86,198,0
87,198,0
88,198,0
89,198,0
90,198,0
91,198,0
92,198,0
93,198,0
94,198,0
95,198,0
96,198,0
97,198,0
98,198,0
99,198,0
100,198,0
101,198,0
102,198,0
103,198,0
104,198,0
105,198,0
106,198,0
107,198,0
108,198,0
109,198,0
110,198,0
111,198,0
112,198,0
113,198,0
114,198,0
115,198,0
116,198,0
117,198,0
118,198,0
119,198,0
120,198,0
121,198,0
122,198,0
123,198,0
124,198,0
125,198,0
126,198,0
127,198,0
128,198,0
129,198,0
130,198,0
131,198,0
132,198,0
133,198,0
134,198,0
135,198,0
136,198,0
137,198,0
138,198,0
139,198,0
140,198,0
141,198,0
142,198,0
143,198,0
144,198,0
145,198,0
146,198,0
147,198,0
148,198,0
149,198,0
150,198,0
151,198,0
152,198,0
153,198,0
154,198,0
155,198,20
156,198,18
157,198,19
158,198,27
159,198,0
160,198,0
161,198,0
162,198,0
163,198,0
164,198,0
165,198,0
166,198,0
167,198,0
168,198,0
169,198,0
170,198,0
171,198,40
172,198,35
173,198,30
174,198,15
175,198,12
176,198,11
177,198,11
178,198,11
179,198,12
180,198,9
181,198,7
182,198,6
183,198,6
184,198,6
185,198,6
186,198,5
187,198,5
188,198,5
189,198,5
190,198,5
191,198,5
192,198,5
193,198,4
194,198,4
195,198,4
196,198,4
197,198,4
198,198,4
199,198,4
200,198,4
201,198,3
202,198,3
203,198,3
204,198,3
205,198,3
206,198,3
207,198,3
208,198,3
209,198,3
210,198,3
211,198,3
212,198,3
213,198,3
214,198,3
215,198,3
216,198,3
217,198,3
218,198,3
219,198,3
220,198,3
221,198,3
222,198,3
223,198,3
224,198,3
225,198,3
226,198,3
227,198,3
228,198,3
229,198,3
230,198,3
231,198,3
232,198,3
233,198,3
234,198,3
235,198,3
236,198,3
237,198,3
238,198,3
239,198,2
240,198,2
241,198,2
242,198,2
243,198,2
244,198,2
245,198,2
246,198,2
247,198,2
248,198,2
249,198,2
250,198,2
251,198,2
252,198,2
253,198,2
254,198,2
255,198,2
0,199,5
1,199,5
2,199,5
3,199,5
4,199,5
5,199,5
6,199,5
7,199,5
8,199,5
9,199,5
10,199,5
11,199,5
12,199,5
13,199,5
14,199,5
15,199,5
16,199,5
17,199,5
18,199,5
19,199,5
20,199,5
21,199,5
22,199,5
23,199,5
24,199,5
25,199,5
26,199,6
27,199,6
28,199,6
29,199,6
30,199,6
31,199,6
32,199,6
33,199,6
34,199,6
35,199,6
36,199,6
37,199,6
38,199,6
39,199,6
40,199,7
41,199,7
42,199,7
43,199,7
44,199,8
45,199,8
46,199,8
47,199,8
48,199,9
49,199,9
50,199,9
51,199,10
52,199,11
53,199,14
54,199,24
55,199,2
56,199,32
57,199,59
58,199,0
59,199,0
60,199,0
61,199,0
62,199,0
63,199,0
64,199,0
65,199,0
66,199,0
67,199,0
68,199,0
69,199,0
70,199,29
71,199,41
72,199,0
73,199,0
74,199,0
75,199,0
76,199,0
77,199,0
78,199,0
79,199,0
80,199,0
81,199,0
82,199,0
83,199,0
84,199,0
85,199,0
86,199,0
87,199,0
88,199,0
89,199,0
90,199,0
91,199,0
92,199,0
93,199,0
94,199,0
95,199,0
96,199,0
97,199,0
98,199,0
99,199,0
100,199,0
101,199,0
102,199,0
103,199,0
104,199,0
105,199,0
106,199,0
107,199,0
108,199,0
109,199,0
110,199,0
111,199,0
112,199,0
113,199,0
114,199,0
115,199,0
116,199,0
117,199,0
118,199,0
119,199,0
120,199,0
121,199,0
122,199,0
123,199,0
124,199,0
125,199,0
126,199,0
127,199,0
128,199,0
129,199,0
130,199,0
131,199,0
132,199,0
133,199,0
134,199,0
135,199,0
136,199,0
137,199,0
138,199,0
139,199,0
140,199,0
141,199,0
142,199,0
143,199,0
144,199,0
145,199,0
146,199,0
147,199,0
148,199,0
149,199,0
150,199,0
151,199,45
152,199,29
153,199,21
154,199,19
155,199,17
156,199,16
157,199,18
158,199,49
159,199,35
160,199,0
161,199,0
162,199,0
163,199,0
164,199,0
165,199,0
166,199,0
167,199,0
168,199,50
169,199,0
170,199,0
171,199,45
172,199,28
173,199,21
174,199,16
175,199,13
176,199,13
177,199,14
178,199,18
179,199,22
180,199,11
181,199,7
182,199,7
183,199,6
184,199,6
185,199,5
186,199,5
187,199,5
188,199,5
189,199,5
190,199,5
191,199,5
192,199,5
193,199,4
194,199,4
195,199,4
196,199,4
197,199,4
198,199,4
199,199,4
200,199,4
201,199,3
202,199,3
203,199,3
204,199,3
205,199,3
206,199,3
207,199,3
208,199,3
209,199,3
210,199,3
211,199,3
212,199,3
213,199,3
214,199,3
215,199,3
216,199,3
217,199,3
218,199,3
219,199,3
220,199,3
221,199,3
222,199,3
223,199,3
224,199,3
225,199,3
226,199,3
227,199,3
228,199,3
229,199,3
230,199,3
231,199,3
232,199,3
233,199,3
234,199,3
235,199,3
236,199,3
237,199,3
238,199,3
239,199,2
240,199,2
241,199,2
242,199,2
243,199,2
244,199,2
245,199,2
246,199,2
247,199,2
248,199,2
249,199,2
250,199,2
251,199,2
252,199,2
253,199,2
254,199,2
255,199,2
0,200,5
1,200,5
2,200,5
3,200,5
4,200,5
5,200,5
6,200,5
7,200,5
8,200,5
9,200,5
10,200,5
11,200,5
12,200,5
13,200,5
14,200,5
15,200,5
16,200,5
17,200,5
18,200,5
19,200,5
20,200,5
21,200,5
22,200,5
23,200,5
24,200,5
25,200,5
26,200,5
27,200,6
28,200,6
29,200,6
30,200,6
31,200,6
32,200,6
33,200,6
34,200,6
35,200,6
36,200,6
37,200,6
38,200,6
39,200,6
40,200,7
41,200,7
42,200,7
43,200,7
44,200,7
45,200,8
46,200,8
47,200,8
48,200,9
49,200,9
50,200,9
51,200,10
52,200,11
53,200,13
54,200,18
55,200,40
56,200,26
57,200,28
58,200,9
59,200,0
60,200,0
61,200,0
62,200,0
63,200,0
64,200,0
65,200,0
66,200,0
67,200,0
68,200,0
69,200,17
70,200,24
71,200,27
72,200,33
73,200,0
74,200,0
75,200,0
76,200,0
77,200,0
78,200,0
79,200,0
80,200,0
81,200,0
82,200,0
83,200,0
84,200,0
85,200,0
86,200,0
87,200,0
88,200,0
89,200,0
90,200,0
91,200,0
92,200,0
93,200,0
94,200,0
95,200,0
96,200,0
97,200,0
98,200,0
99,200,0
100,200,0
101,200,0
102,200,0
103,200,0
104,200,0
105,200,0
106,200,0
107,200,0
108,200,0
109,200,0
110,200,0
111,200,0
112,200,0
113,200,0
114,200,0
115,200,0
116,200,0
117,200,0
118,200,0
119,200,0
120,200,0
121,200,0
122,200,0
123,200,0
124,200,0
125,200,0
126,200,0
127,200,0
128,200,0
129,200,0
130,200,0
131,200,0
132,200,0
133,200,0
134,200,0
135,200,0
136,200,0
137,200,0
138,200,0
139,200,0
140,200,0
141,200,0
142,200,0
143,200,0
144,200,0
145,200,0
146,200,0
147,200,0
148,200,0
149,200,0
150,200,0
151,200,0
152,200,24
153,200,18
154,200,17
155,200,15
156,200,15
157,200,15
158,200,18
159,200,51
160,200,0
161,200,0
162,200,0
163,200,0
164,200,0
165,200,0
166,200,0
167,200,63
168,200,1
169,200,0
170,200,0
171,200,0
172,200,33
173,200,20
174,200,16
175,200,14
176,200,15
177,200,19
178,200,19
179,200,12
180,200,12
181,200,8
182,200,7
183,200,6
184,200,6
185,200,5
186,200,5
187,200,5
188,200,5
189,200,5
190,200,5
191,200,5
192,200,5
193,200,4
194,200,4
195,200,4
196,200,4
197,200,4
198,200,4
199,200,4
200,200,3
201,200,3
202,200,3
203,200,3
204,200,3
205,200,3
206,200,3
207,200,3
208,200,3
209,200,3
210,200,3
211,200,3
212,200,3
213,200,3
214,200,3
215,200,3
216,200,3
217,200,3
218,200,3
219,200,3
220,200,3
221,200,3
222,200,3
223,200,3
224,200,3
225,200,3
226,200,3
227,200,3
228,200,3
229,200,3
230,200,3
231,200,3
232,200,3
233,200,3
234,200,3
235,200,3
236,200,3
237,200,3
238,200,2
239,200,2
240,200,2
241,200,2
242,200,2
243,200,2
244,200,2
245,200,2
246,200,2
247,200,2
248,200,2
249,200,2
250,200,2
251,200,2
252,200,2
253,200,2
254,200,2
255,200,2
0,201,5
1,201,5
2,201,5
3,201,5
4,201,5
5,201,5
6,201,5
7,201,5
8,201,5
9,201,5
10,201,5
11,201,5
12,201,5
13,201,5
14,201,5
15,201,5
16,201,5
17,201,5
18,201,5
19,201,5
20,201,5
21,201,5
22,201,5
23,201,5
24,201,5
25,201,5
26,201,5
27,201,5
28,201,6
29,201,6
30,201,6
31,201,6
32,201,6
33,201,6
34,201,6
35,201,6
36,201,6
37,201,6
38,201,6
39,201,6
40,201,6
41,201,7
42,201,7
43,201,7
44,201,7
45,201,8
46,201,8
47,201,8
48,201,9
49,201,9
50,201,9
51,201,10
52,201,11
53,201,13
54,201,29
55,201,40
56,201,20
57,201,28
58,201,16
59,201,0
60,201,0
61,201,0
62,201,0
63,201,0
64,201,0
65,201,0
66,201,0
67,201,0
68,201,0
69,201,0
70,201,22
71,201,21
72,201,0
73,201,1
74,201,35
75,201,52
76,201,0
77,201,0
78,201,0
79,201,0
80,201,0
81,201,0
82,201,0
83,201,0
84,201,0
85,201,0
86,201,0
87,201,0
88,201,0
89,201,0
90,201,0
91,201,0
92,201,0
93,201,0
94,201,0
95,201,0
96,201,0
97,201,0
98,201,0
99,201,0
100,201,0
101,201,0
102,201,0
103,201,0
104,201,0
105,201,0
106,201,0
107,201,0
108,201,0
109,201,0
110,201,0
111,201,0
112,201,0
113,201,0
114,201,0
115,201,0
116,201,0
117,201,0
118,201,0
119,201,0
120,201,0
121,201,0
122,201,0
123,201,0
124,201,0
125,201,0
126,201,0
127,201,0
128,201,0
129,201,0
130,201,0
131,201,0
132,201,0
133,201,0
134,201,0
135,201,0
136,201,0
137,201,0
138,201,0
139,201,0
140,201,0
141,201,0
142,201,0
143,201,0
144,201,0
145,201,0
146,201,0
147,201,0
148,201,47
149,201,37
150,201,0
151,201,0
152,201,34
153,201,18
154,201,14
155,201,13
156,201,14
157,201,15
158,201,1
159,201,53
160,201,31
161,201,54
162,201,39
163,201,0
164,201,57
165,201,53
166,201,0
167,201,40
168,201,30
169,201,42
170,201,51
171,201,53
172,201,38
173,201,0
174,201,40
175,201,17
176,201,28
177,201,19
178,201,14
179,201,10
180,201,9
181,201,8
182,201,7
183,201,6
184,201,6
185,201,5
186,201,5
187,201,5
188,201,5
189,201,5
190,201,5
191,201,5
192,201,4
193,201,4
194,201,4
195,201,4
196,201,4
197,201,4
198,201,4
199,201,4
200,201,3
201,201,3
202,201,3
203,201,3
204,201,3
205,201,3
206,201,3
207,201,3
208,201,3
209,201,3
210,201,3
211,201,3
212,201,3
213,201,3
214,201,3
215,201,3
216,201,3
217,201,3
218,201,3
219,201,3
220,201,3
221,201,3
222,201,3
223,201,3
224,201,3
225,201,3
226,201,3
227,201,3
228,201,3
229,201,3
230,201,3
231,201,3
232,201,3
233,201,3
234,201,3
235,201,3
236,201,3
237,201,3
238,201,2
239,201,2
240,201,2
241,201,2
242,201,2
243,201,2
244,201,2
245,201,2
246,201,2
247,201,2
248,201,2
249,201,2
250,201,2
251,201,2
252,201,2
253,201,2
254,201,2
255,201,2
0,202,5
1,202,5
2,202,5
3,202,5
4,202,5
5,202,5
6,202,5
7,202,5
8,202,5
9,202,5
10,202,5
11,202,5
12,202,5
13,202,5
14,202,5
15,202,5
16,202,5
17,202,5
18,202,5
19,202,5
20,202,5
21,202,5
22,202,5
23,202,5
24,202,5
25,202,5
26,202,5
27,202,5
28,202,5
29,202,6
30,202,6
31,202,6
32,202,6
33,202,6
34,202,6
35,202,6
36,202,6
37,202,6
38,202,6
39,202,6
40,202,6
41,202,7
42,202,7
43,202,7
44,202,7
45,202,7
46,202,8
47,202,8
48,202,9
49,202,9
50,202,10
51,202,11
52,202,11
53,202,13
54,202,15
55,202,16
56,202,18
57,202,22
58,202,29
59,202,5
60,202,0
61,202,0
62,202,0
63,202,0
64,202,0
65,202,0
66,202,0
67,202,0
68,202,0
69,202,28
70,202,19
71,202,18
72,202,19
73,202,21
74,202,26
75,202,0
76,202,0
77,202,54
78,202,0
79,202,0
80,202,0
81,202,0
82,202,0
83,202,0
84,202,0
85,202,0
86,202,0
87,202,0
88,202,0
89,202,0
90,202,0
91,202,0
92,202,0
93,202,0
94,202,0
95,202,0
96,202,0
97,202,0
98,202,0
99,202,0
100,202,0
101,202,0
102,202,0
103,202,0
104,202,0
105,202,0
106,202,0
107,202,0
108,202,0
109,202,0
110,202,0
111,202,0
112,202,0
113,202,0
114,202,0
115,202,0
116,202,0
117,202,0
118,202,0
119,202,0
120,202,0
121,202,0
122,202,0
123,202,0
124,202,0
125,202,0
126,202,0
127,202,0
128,202,0
129,202,0
130,202,0
131,202,0
132,202,0
133,202,0
134,202,0
135,202,0
136,202,0
137,202,0
138,202,0
139,202,0
140,202,0
141,202,0
142,202,0
143,202,0
144,202,0
145,202,0
146,202,0
147,202,47
148,202,35
149,202,22
150,202,29
151,202,46
152,202,31
153,202,18
154,202,13
155,202,13
156,202,13
157,202,13
158,202,16
159,202,21
160,202,8
161,202,20
162,202,38
163,202,0
164,202,22
165,202,24
166,202,33
167,202,31
168,202,19
169,202,24
170,202,28
171,202,20
172,202,25
173,202,28
174,202,35
175,202,22
176,202,20
177,202,14
178,202,12
179,202,10
180,202,9
181,202,8
182,202,7
183,202,6
184,202,6
185,202,5
186,202,5
187,202,5
188,202,5
189,202,5
190,202,5
191,202,5
192,202,4
193,202,4
194,202,4
195,202,4
196,202,4
197,202,4
198,202,4
199,202,4
200,202,3
201,202,3
202,202,3
203,202,3
204,202,3
205,202,3
206,202,3
207,202,3
208,202,3
209,202,3
210,202,3
211,202,3
212,202,3
213,202,3
214,202,3
215,202,3
216,202,3
217,202,3
218,202,3
219,202,3
220,202,3
221,202,3
222,202,3
223,202,3
224,202,3
225,202,3
226,202,3
227,202,3
228,202,3
229,202,3
230,202,3
231,202,3
232,202,3
233,202,3
234,202,3
235,202,3
236,202,3
237,202,2
238,202,2
239,202,2
240,202,2
241,202,2
242,202,2
243,202,2
244,202,2
245,202,2
246,202,2
247,202,2
248,202,2
249,202,2
250,202,2
251,202,2
252,202,2
253,202,2
254,202,2
255,202,2
0,203,5
1,203,5
2,203,5
3,203,5
4,203,5
5,203,5
6,203,5
7,203,5
8,203,5
9,203,5
10,203,5
11,203,5
12,203,5
13,203,5
14,203,5
15,203,5
16,203,5
17,203,5
18,203,5
19,203,5
20,203,5
21,203,5
22,203,5
23,203,5
24,203,5
25,203,5
26,203,5
27,203,5
28,203,5
29,203,5
30,203,6
31,203,6
32,203,6
33,203,6
34,203,6
35,203,6
36,203,6
37,203,6
38,203,6
39,203,6
40,203,6
41,203,7
42,203,7
43,203,7
44,203,7
45,203,7
46,203,8
47,203,8
48,203,9
49,203,10
50,203,10
51,203,11
52,203,12
53,203,13
54,203,14
55,203,15
56,203,20
57,203,27
58,203,34
59,203,0
60,203,0
61,203,0
62,203,0
63,203,0
64,203,0
65,203,0
66,203,0
67,203,0
68,203,40
69,203,33
70,203,19
71,203,16
72,203,17
73,203,20
74,203,0
75,203,0
76,203,0
77,203,33
78,203,60
79,203,0
80,203,0
81,203,0
82,203,0
83,203,0
84,203,0
85,203,0
86,203,0
87,203,0
88,203,0
89,203,0
90,203,0
91,203,0
92,203,0
93,203,0
94,203,0
95,203,0
96,203,0
97,203,0
98,203,0
99,203,0
100,203,0
101,203,0
102,203,0
103,203,0
104,203,0
105,203,0
106,203,0
107,203,0
108,203,0
109,203,0
110,203,0
111,203,0
112,203,0
113,203,0
114,203,0
115,203,0
116,203,0
117,203,0
118,203,0
119,203,0
120,203,0
121,203,0
122,203,0
123,203,0
124,203,0
125,203,0
126,203,0
127,203,0
128,203,0
129,203,0
130,203,0
131,203,0
132,203,0
133,203,0
134,203,0
135,203,0
136,203,0
137,203,0
138,203,0
139,203,0
140,203,0
141,203,0
142,203,0
143,203,0
144,203,0
145,203,38
146,203,26
147,203,22
148,203,19
149,203,18
150,203,61
151,203,54
152,203,28
153,203,15
154,203,12
155,203,12
156,203,12
157,203,12
158,203,12
159,203,13
160,203,15
161,203,17
162,203,37
163,203,50
164,203,24
165,203,19
166,203,17
167,203,16
168,203,19
169,203,25
170,203,21
171,203,17
172,203,16
173,203,17
174,203,20
175,203,26
176,203,21
177,203,15
178,203,12
179,203,11
180,203,9
181,203,8
182,203,7
183,203,7
184,203,6
185,203,5
186,203,5
187,203,5
188,203,5
189,203,5
190,203,5
191,203,4
192,203,4
193,203,4
194,203,4
195,203,4
196,203,4
197,203,4
198,203,4
199,203,3
200,203,3
201,203,3
202,203,3
203,203,3
204,203,3
205,203,3
206,203,3
207,203,3
208,203,3
209,203,3
210,203,3
211,203,3
212,203,3
213,203,3
214,203,3
215,203,3
216,203,3
217,203,3
218,203,3
219,203,3
220,203,3
221,203,3
222,203,3
223,203,3
224,203,3
225,203,3
226,203,3
227,203,3
228,203,3
229,203,3
230,203,3
231,203,3
232,203,3
233,203,3
234,203,3
235,203,3
236,203,3
237,203,2
238,203,2
239,203,2
240,203,2
241,203,2
242,203,2
243,203,2
244,203,2
245,203,2
246,203,2
247,203,2
248,203,2
249,203,2
250,203,2
251,203,2
252,203,2
253,203,2
254,203,2
255,203,2
0,204,4
1,204,4
2,204,5
3,204,5
4,204,5
5,204,5
6,204,5
7,204,5
8,204,5
9,204,5
10,204,5
11,204,5
12,204,5
13,204,5
14,204,5
15,204,5
16,204,5
17,204,5
18,204,5
19,204,5
20,204,5
21,204,5
22,204,5
23,204,5
24,204,5
25,204,5
26,204,5
27,204,5
28,204,5
29,204,5
30,204,5
31,204,6
32,204,6
33,204,6
34,204,6
35,204,6
36,204,6
37,204,6
38,204,6
39,204,6
40,204,6
41,204,6
42,204,7
43,204,7
44,204,7
45,204,7
46,204,8
47,204,8
48,204,9
49,204,10
50,204,13
51,204,12
52,204,12
53,204,13
54,204,14
55,204,16
56,204,24
57,204,59
58,204,56
59,204,0
60,204,0
61,204,0
62,204,0
63,204,0
64,204,0
65,204,21
66,204,0
67,204,35
68,204,51
69,204,31
70,204,16
71,204,15
72,204,15
73,204,18
74,204,28
75,204,0
76,204,0
77,204,23
78,204,42
79,204,29
80,204,35
81,204,54
82,204,0
83,204,0
84,204,0
85,204,0
86,204,0
87,204,0
88,204,0
89,204,0
90,204,0
91,204,0
92,204,0
93,204,0
94,204,0
95,204,0
96,204,0
97,204,0
98,204,0
99,204,0
100,204,0
101,204,0
102,204,0
103,204,0
104,204,0
105,204,0
106,204,0
107,204,0
108,204,0
109,204,0
110,204,0
111,204,0
112,204,0
113,204,0
114,204,0
115,204,0
116,204,0
117,204,0
118,204,0
119,204,0
120,204,0
121,204,0
122,204,0
123,204,0
124,204,0
125,204,0
126,204,0
127,204,0
128,204,0
129,204,0
130,204,0
131,204,0
132,204,0
133,204,0
134,204,0
135,204,0
136,204,0
137,204,0
138,204,0
139,204,0
140,204,0
141,204,0
142,204,0
143,204,0
144,204,0
145,204,0
146,204,62
147,204,21
148,204,17
149,204,15
150,204,14
151,204,16
152,204,15
153,204,12
154,204,11
155,204,11
156,204,11
157,204,11
158,204,11
159,204,12
160,204,13
161,204,15
162,204,18
163,204,2
164,204,31
165,204,33
166,204,15
167,204,14
168,204,15
169,204,14
170,204,14
171,204,14
172,204,14
173,204,16
174,204,26
175,204,18
176,204,18
177,204,24
178,204,35
179,204,20
180,204,13
181,204,22
182,204,7
183,204,7
184,204,6
185,204,5
186,204,5
187,204,5
188,204,5
189,204,5
190,204,5
191,204,4
192,204,4
193,204,4
194,204,4
195,204,4
196,204,4
197,204,4
198,204,4
199,204,3
200,204,3
201,204,3
202,204,3
203,204,3
204,204,3
205,204,3
206,204,3
207,204,3
208,204,3
209,204,3
210,204,3
211,204,3
212,204,3
213,204,3
214,204,3
215,204,3
216,204,3
217,204,3
218,204,3
219,204,3
220,204,3
221,204,3
222,204,3
223,204,3
224,204,3
225,204,3
226,204,3
227,204,3
228,204,3
229,204,3
230,204,3
231,204,3
232,204,3
233,204,3
234,204,3
235,204,3
236,204,2
237,204,2
238,204,2
239,204,2
240,204,2
241,204,2
242,204,2
243,204,2
244,204,2
245,204,2
246,204,2
247,204,2
248,204,2
249,204,2
250,204,2
251,204,2
252,204,2
253,204,2
254,204,2
255,204,2
0,205,4
1,205,4
2,205,4
3,205,4
4,205,5
5,205,5
6,205,5
7,205,5
8,205,5
9,205,5
10,205,5
11,205,5
12,205,5
13,205,5
14,205,5
15,205,5
16,205,5
17,205,5
18,205,5
19,205,5
20,205,5
21,205,5
22,205,5
23,205,5
24,205,5
25,205,5
26,205,5
27,205,5
28,205,5
29,205,5
30,205,5
31,205,5
32,205,6
33,205,6
34,205,6
35,205,6
36,205,6
37,205,6
38,205,6
39,205,6
40,205,6
41,205,6
42,205,7
43,205,7
44,205,7
45,205,7
46,205,7
47,205,8
48,205,12
49,205,15
50,205,47
51,205,16
52,205,38
53,205,15
54,205,15
55,205,16
56,205,28
57,205,27
58,205,43
59,205,0
60,205,0
61,205,0
62,205,32
63,205,8
64,205,39
65,205,50
66,205,19
67,205,28
68,205,20
69,205,17
70,205,14
71,205,14
72,205,14
73,205,15
74,205,54
75,205,24
76,205,19
77,205,19
78,205,20
79,205,28
80,205,38
81,205,0
82,205,0
83,205,0
84,205,0
85,205,0
86,205,0
87,205,0
88,205,0
89,205,0
90,205,0
91,205,0
92,205,0
93,205,0
94,205,0
95,205,0
96,205,0
97,205,0
98,205,0
99,205,0
100,205,0
101,205,0
102,205,0
103,205,0
104,205,0
105,205,0
106,205,0
107,205,0
108,205,0
109,205,0
110,205,0
111,205,0
112,205,0
113,205,0
114,205,0
115,205,0
116,205,0
117,205,0
118,205,0
119,205,0
120,205,0
121,205,0
122,205,0
123,205,0
124,205,0
125,205,0
126,205,0
127,205,0
128,205,0
129,205,0
130,205,0
131,205,0
132,205,0
133,205,0
134,205,0
135,205,0
136,205,0
137,205,0
138,205,0
139,205,0
140,205,29
141,205,16
142,205,0
143,205,0
144,205,0
145,205,0
146,205,0
147,205,35
148,205,17
149,205,14
150,205,13
151,205,12
152,205,11
153,205,11
154,205,10
155,205,10
156,205,10
157,205,10
158,205,11
159,205,11
160,205,13
161,205,18
162,205,22
163,205,51
164,205,59
165,205,41
166,205,16
167,205,12
168,205,12
169,205,12
170,205,12
171,205,13
172,205,14
173,205,17
174,205,21
175,205,18
176,205,13
177,205,13
178,205,16
179,205,14
180,205,13
181,205,14
182,205,8
183,205,6
184,205,6
185,205,5
186,205,5
187,205,5
188,205,5
189,205,5
190,205,4
191,205,4
192,205,4
193,205,4
194,205,4
195,205,4
196,205,4
197,205,4
198,205,3
199,205,3
200,205,3
201,205,3
202,205,3
203,205,3
204,205,3
205,205,3
206,205,3
207,205,3
208,205,3
209,205,3
210,205,3
211,205,3
212,205,3
213,205,3
214,205,3
215,205,3
216,205,3
217,205,3
218,205,3
219,205,3
220,205,3
221,205,3
222,205,3
223,205,3
224,205,3
225,205,3
226,205,3
227,205,3
228,205,3
229,205,3
230,205,3
231,205,3
232,205,3
233,205,3
234,205,3
235,205,2
236,205,2
237,205,2
238,205,2
239,205,2
240,205,2
241,205,2
242,205,2
243,205,2
244,205,2
245,205,2
246,205,2
247,205,2
248,205,2
249,205,2
250,205,2
251,205,2
252,205,2
253,205,2
254,205,2
255,205,2
0,206,4
1,206,4
2,206,4
3,206,4
4,206,4
5,206,4
6,206,4
7,206,5
8,206,5
9,206,5
10,206,5
11,206,5
12,206,5
13,206,5
14,206,5
15,206,5
16,206,5
17,206,5
18,206,5
19,206,5
20,206,5
21,206,5
22,206,5
23,206,5
24,206,5
25,206,5
26,206,5
27,206,5
28,206,5
29,206,5
30,206,5
31,206,5
32,206,5
33,206,6
34,206,6
35,206,6
36,206,6
37,206,6
38,206,6
39,206,6
40,206,6
41,206,6
42,206,7
43,206,7
44,206,7
45,206,7
46,206,7
47,206,8
48,206,10
49,206,13
50,206,33
51,206,35
52,206,32
53,206,29
54,206,17
55,206,18
56,206,20
57,206,27
58,206,43
59,206,32
60,206,43
61,206,34
62,206,24
63,206,32
64,206,23
65,206,26
66,206,31
67,206,28
68,206,21
69,206,16
70,206,14
71,206,13
72,206,13
73,206,13
74,206,14
75,206,14
76,206,15
77,206,17
78,206,22
79,206,0
80,206,0
81,206,0
82,206,0
83,206,0
84,206,0
85,206,35
86,206,0
87,206,0
88,206,0
89,206,0
90,206,0
91,206,0
92,206,0
93,206,0
94,206,0
95,206,0
96,206,0
97,206,0
98,206,0
99,206,0
100,206,0
101,206,0
102,206,0
103,206,0
104,206,0
105,206,0
106,206,0
107,206,0
108,206,0
109,206,0
110,206,0
111,206,0
112,206,0
113,206,0
114,206,0
115,206,0
116,206,0
117,206,0
118,206,0
119,206,0
120,206,0
121,206,0
122,206,0
123,206,0
124,206,0
125,206,0
126,206,0
127,206,0
128,206,0
129,206,0
130,206,0
131,206,0
132,206,0
133,206,0
134,206,0
135,206,0
136,206,0
137,206,0
138,206,0
139,206,30
140,206,25
141,206,43
142,206,0
143,206,0
144,206,0
145,206,0
146,206,45
147,206,3
148,206,32
149,206,13
150,206,12
151,206,11
152,206,11
153,206,10
154,206,10
155,206,10
156,206,10
157,206,10
158,206,10
159,206,11
160,206,14
161,206,24
162,206,16
163,206,15
164,206,21
165,206,13
166,206,12
167,206,11
168,206,11
169,206,11
170,206,11
171,206,12
172,206,13
173,206,16
174,206,32
175,206,17
176,206,12
177,206,11
178,206,10
179,206,10
180,206,10
181,206,17
182,206,8
183,206,6
184,206,6
185,206,5
186,206,5
187,206,5
188,206,5
189,206,5
190,206,4
191,206,4
192,206,4
193,206,4
194,206,4
195,206,4
196,206,4
197,206,4
198,206,3
199,206,3
200,206,3
201,206,3
202,206,3
203,206,3
204,206,3
205,206,3
206,206,3
207,206,3
208,206,3
209,206,3
210,206,3
211,206,3
212,206,3
213,206,3
214,206,3
215,206,3
216,206,3
217,206,3
218,206,3
219,206,3
220,206,3
221,206,3
222,206,3
223,206,3
224,206,3
225,206,3
226,206,3
227,206,3
228,206,3
229,206,3
230,206,3
231,206,3
232,206,3
233,206,3
234,206,3
235,206,2
236,206,2
237,206,2
238,206,2
239,206,2
240,206,2
241,206,2
242,206,2
243,206,2
244,206,2
245,206,2
246,206,2
247,206,2
248,206,2
249,206,2
250,206,2
251,206,2
252,206,2
253,206,2
254,206,2
255,206,2
0,207,4
1,207,4
2,207,4
3,207,4
4,207,4
5,207,4
6,207,4
7,207,4
8,207,4
9,207,5
10,207,5
11,207,5
12,207,5
13,207,5
14,207,5
15,207,5
16,207,5
17,207,5
18,207,5
19,207,5
20,207,5
21,207,5
22,207,5
23,207,5
24,207,5
25,207,5
26,207,5
27,207,5
28,207,5
29,207,5
30,207,5
31,207,5
32,207,5
33,207,5
34,207,6
35,207,6
36,207,6
37,207,6
38,207,6
39,207,6
40,207,6
41,207,6
42,207,7
43,207,7
44,207,7
45,207,7
46,207,7
47,207,8
48,207,9
49,207,12
50,207,18
51,207,15
52,207,25
53,207,24
54,207,25
55,207,20
56,207,22
57,207,39
58,207,38
59,207,27
60,207,29
61,207,18
62,207,9
63,207,18
64,207,20
65,207,23
66,207,16
67,207,57
68,207,22
69,207,18
70,207,13
71,207,12
72,207,12
73,207,12
74,207,12
75,207,13
76,207,14
77,207,16
78,207,23
79,207,0
80,207,0
81,207,0
82,207,0
83,207,0
84,207,0
85,207,27
86,207,32
87,207,0
88,207,0
89,207,0
90,207,0
91,207,0
92,207,0
93,207,0
94,207,0
95,207,0
96,207,0
97,207,0
98,207,0
99,207,0
100,207,0
101,207,0
102,207,0
103,207,0
104,207,0
105,207,0
106,207,0
107,207,0
108,207,0
109,207,0
110,207,0
111,207,0
112,207,0
113,207,0
114,207,0
115,207,0
116,207,0
117,207,0
118,207,0
119,207,0
120,207,0
121,207,0
122,207,0
123,207,0
124,207,0
125,207,0
126,207,0
127,207,0
128,207,0
129,207,0
130,207,0
131,207,0
132,207,0
133,207,0
134,207,0
135,207,0
136,207,0
137,207,27
138,207,4
139,207,26
140,207,20
141,207,45
142,207,0
143,207,0
144,207,0
145,207,0
146,207,33
147,207,23
148,207,17
149,207,14
150,207,12
151,207,11
152,207,10
153,207,10
154,207,9
155,207,9
156,207,9
157,207,9
158,207,9
159,207,10
160,207,17
161,207,26
162,207,11
163,207,11
164,207,12
165,207,11
166,207,10
167,207,10
168,207,10
169,207,10
170,207,11
171,207,11
172,207,12
173,207,14
174,207,25
175,207,16
176,207,11
177,207,10
178,207,9
179,207,9
180,207,9
181,207,10
182,207,7
183,207,6
184,207,5
185,207,5
186,207,5
187,207,5
188,207,5
189,207,4
190,207,4
191,207,4
192,207,4
193,207,4
194,207,4
195,207,4
196,207,4
197,207,3
198,207,3
199,207,3
200,207,3
201,207,3
202,207,3
203,207,3
204,207,3
205,207,3
206,207,3
207,207,3
208,207,3
209,207,3
210,207,3
211,207,3
212,207,3
213,207,3
214,207,3
215,207,3
216,207,3
217,207,3
218,207,3
219,207,3
220,207,3
221,207,3
222,207,3
223,207,3
224,207,3
225,207,3
226,207,3
227,207,3
228,207,3
229,207,3
230,207,3
231,207,3
232,207,3
233,207,3
234,207,2
235,207,2
236,207,2
237,207,2
238,207,2
239,207,2
240,207,2
241,207,2
242,207,2
243,207,2
244,207,2
245,207,2
246,207,2
247,207,2
248,207,2
249,207,2
250,207,2
251,207,2
252,207,2
253,207,2
254,207,2
255,207,2
0,208,4
1,208,4
2,208,4
3,208,4
4,208,4
5,208,4
6,208,4
7,208,4
8,208,4
9,208,4
10,208,4
11,208,4
12,208,5
13,208,5
14,208,5
15,208,5
16,208,5
17,208,5
18,208,5
19,208,5
20,208,5
21,208,5
22,208,5
23,208,5
24,208,5
25,208,5
26,208,5
27,208,5
28,208,5
29,208,5
30,208,5
31,208,5
32,208,5
33,208,5
34,208,5
35,208,6
36,208,6
37,208,6
38,208,6
39,208,6
40,208,6
41,208,6
42,208,6
43,208,7
44,208,7
45,208,7
46,208,7
47,208,8
48,208,9
49,208,10
50,208,12
51,208,13
52,208,16
53,208,21
54,208,32
55,208,31
56,208,25
57,208,41
58,208,34
59,208,21
60,208,42
61,208,53
62,208,16
63,208,16
64,208,19
65,208,25
66,208,41
67,208,21
68,208,14
69,208,12
70,208,11
71,208,11
72,208,11
73,208,12
74,208,12
75,208,13
76,208,14
77,208,16
78,208,19
79,208,28
80,208,39
81,208,0
82,208,0
83,208,20
84,208,0
85,208,25
86,208,21
87,208,16
88,208,26
89,208,61
90,208,0
91,208,0
92,208,9
93,208,0
94,208,0
95,208,0
96,208,0
97,208,0
98,208,0
99,208,0
100,208,0
101,208,0
102,208,0
103,208,0
104,208,0
105,208,0
106,208,0
107,208,0
108,208,0
109,208,0
110,208,0
111,208,0
112,208,0
113,208,0
114,208,0
115,208,0
116,208,0
117,208,0
118,208,0
119,208,0
120,208,0
121,208,0
122,208,0
123,208,0
124,208,0
125,208,0
126,208,0
127,208,0
128,208,0
129,208,0
130,208,0
131,208,50
132,208,21
133,208,57
134,208,0
135,208,0
136,208,0
137,208,22
138,208,19
139,208,17
140,208,18
141,208,43
142,208,43
143,208,50
144,208,14
145,208,0
146,208,43
147,208,22
148,208,20
149,208,21
150,208,13
151,208,11
152,208,10
153,208,9
154,208,9
155,208,9
156,208,9
157,208,9
158,208,9
159,208,9
160,208,9
161,208,9
162,208,9
163,208,9
164,208,9
165,208,9
166,208,9
167,208,9
168,208,9
169,208,10
170,208,10
171,208,11
172,208,12
173,208,14
174,208,18
175,208,18
176,208,11
177,208,9
178,208,8
179,208,8
180,208,8
181,208,7
182,208,6
183,208,6
184,208,5
185,208,5
186,208,5
187,208,5
188,208,5
189,208,4
190,208,4
191,208,4
192,208,4
193,208,4
194,208,4
195,208,4
196,208,4
197,208,3
198,208,3
199,208,3
200,208,3
201,208,3
202,208,3
203,208,3
204,208,3
205,208,3
206,208,3
207,208,3
208,208,3
209,208,3
210,208,3
211,208,3
212,208,3
213,208,3
214,208,3
215,208,3
216,208,3
217,208,3
218,208,3
219,208,3
220,208,3
221,208,3
222,208,3
223,208,3
224,208,3
225,208,3
226,208,3
227,208,3
228,208,3
229,208,3
230,208,3
231,208,3
232,208,3
233,208,3
234,208,2
235,208,2
236,208,2
237,208,2
238,208,2
239,208,2
240,208,2
241,208,2
242,208,2
243,208,2
244,208,2
245,208,2
246,208,2
247,208,2
248,208,2
249,208,2
250,208,2
251,208,2
252,208,2
253,208,2
254,208,2
255,208,2
0,209,4
1,209,4
2,209,4
3,209,4
4,209,4
5,209,4
6,209,4
7,209,4
8,209,4
9,209,4
10,209,4
11,209,4
12,209,4
13,209,4
14,209,5
15,209,5
16,209,5
17,209,5
18,209,5
19,209,5
20,209,5
21,209,5
22,209,5
23,209,5
24,209,5
25,209,5
26,209,5
27,209,5
28,209,5
29,209,5
30,209,5
31,209,5
32,209,5
33,209,5
34,209,5
35,209,5
36,209,6
37,209,6
38,209,6
39,209,6
40,209,6
41,209,6
42,209,6
43,209,7
44,209,7
45,209,7
46,209,7
47,209,8
48,209,9
49,209,9
50,209,11
51,209,12
52,209,14
53,209,16
54,209,19
55,209,24
56,209,35
57,209,26
58,209,21
59,209,19
60,209,17
61,209,16
62,209,14
63,209,14
64,209,16
65,209,14
66,209,18
67,209,23
68,209,12
69,209,11
70,209,11
71,209,11
72,209,11
73,209,11
74,209,11
75,209,12
76,209,15
77,209,21
78,209,22
79,209,24
80,209,6
81,209,0
82,209,50
83,209,33
84,209,13
85,209,35
86,209,17
87,209,19
88,209,23
89,209,60
90,209,0
91,209,0
92,209,35
93,209,30
94,209,62
95,209,0
96,209,0
97,209,17
98,209,0
99,209,0
100,209,0
101,209,0
102,209,0
103,209,0
104,209,0
105,209,0
106,209,0
107,209,0
108,209,0
109,209,0
110,209,0
111,209,0
112,209,0
113,209,0
114,209,0
115,209,0
116,209,0
117,209,0
118,209,0
119,209,0
120,209,0
121,209,0
122,209,0
123,209,0
124,209,0
125,209,0
126,209,0
127,209,49
128,209,0
129,209,0
130,209,0
131,209,27
132,209,23
133,209,63
134,209,48
135,209,0
136,209,33
137,209,22
138,209,17
139,209,15
140,209,15
141,209,22
142,209,49
143,209,23
144,209,23
145,209,37
146,209,26
147,209,28
148,209,0
149,209,61
150,209,14
151,209,10
152,209,9
153,209,9
154,209,9
155,209,9
156,209,8
157,209,8
158,209,8
159,209,8
160,209,8
161,209,8
162,209,8
163,209,8
164,209,8
165,209,9
166,209,9
167,209,9
168,209,9
169,209,9
170,209,10
171,209,11
172,209,15
173,209,21
174,209,0
175,209,14
176,209,10
177,209,8
178,209,8
179,209,7
180,209,7
181,209,7
182,209,6
183,209,6
184,209,5
185,209,5
186,209,5
187,209,5
188,209,4
189,209,4
190,209,4
191,209,4
192,209,4
193,209,4
194,209,4
195,209,4
196,209,3
197,209,3
198,209,3
199,209,3
200,209,3
201,209,3
202,209,3
203,209,3
204,209,3
205,209,3
206,209,3
207,209,3
208,209,3
209,209,3
210,209,3
211,209,3
212,209,3
213,209,3
214,209,3
215,209,3
216,209,3
217,209,3
218,209,3
219,209,3
220,209,3
221,209,3
222,209,3
223,209,3
224,209,3
225,209,3
226,209,3
227,209,3
228,209,3
229,209,3
230,209,3
231,209,3
232,209,3
233,209,2
234,209,2
235,209,2
236,209,2
237,209,2
238,209,2
239,209,2
240,209,2
241,209,2
242,209,2
243,209,2
244,209,2
245,209,2
246,209,2
247,209,2
248,209,2
249,209,2
250,209,2
251,209,2
252,209,2
253,209,2
254,209,2
255,209,2
0,210,4
1,210,4
2,210,4
3,210,4
4,210,4
5,210,4
6,210,4
7,210,4
8,210,4
9,210,4
10,210,4
11,210,4
12,210,4
13,210,4
14,210,4
15,210,4
16,210,4
17,210,5
18,210,5
19,210,5
20,210,5
21,210,5
22,210,5
23,210,5
24,210,5
25,210,5
26,210,5
27,210,5
28,210,5
29,210,5
30,210,5
31,210,5
32,210,5
33,210,5
34,210,5
35,210,5
36,210,5
37,210,6
38,210,6
39,210,6
40,210,6
41,210,6
42,210,6
43,210,7
44,210,7
45,210,7
46,210,7
47,210,8
48,210,9
49,210,10
50,210,10
51,210,12
52,210,14
53,210,17
54,210,33
55,210,31
56,210,51
57,210,3
58,210,25
59,210,20
60,210,16
61,210,15
62,210,14
63,210,13
64,210,12
65,210,12
66,210,12
67,210,11
68,210,10
69,210,10
70,210,10
71,210,10
72,210,10
73,210,10
74,210,11
75,210,12
76,210,22
77,210,35
78,210,60
79,210,47
80,210,36
81,210,44
82,210,30
83,210,22
84,210,18
85,210,15
86,210,16
87,210,21
88,210,0
89,210,35
90,210,0
91,210,32
92,210,21
93,210,5
94,210,42
95,210,0
96,210,29
97,210,36
98,210,0
99,210,33
100,210,60
101,210,42
102,210,12
103,210,0
104,210,0
105,210,0
106,210,0
107,210,0
108,210,0
109,210,0
110,210,0
111,210,0
112,210,0
113,210,0
114,210,0
115,210,0
116,210,0
117,210,0
118,210,0
119,210,7
120,210,0
121,210,0
122,210,45
123,210,44
124,210,0
125,210,0
126,210,0
127,210,42
128,210,25
129,210,40
130,210,58
131,210,0
132,210,19
133,210,21
134,210,30
135,210,45
136,210,39
137,210,35
138,210,17
139,210,14
140,210,13
141,210,14
142,210,16
143,210,19
144,210,23
145,210,28
146,210,51
147,210,34
148,210,21
149,210,13
150,210,11
151,210,9
152,210,9
153,210,9
154,210,8
155,210,8
156,210,8
157,210,8
158,210,8
159,210,8
160,210,8
161,210,8
162,210,8
163,210,8
164,210,8
165,210,8
166,210,8
167,210,8
168,210,8
169,210,9
170,210,9
171,210,10
172,210,14
173,210,20
174,210,29
175,210,16
176,210,10
177,210,8
178,210,8
179,210,7
180,210,7
181,210,6
182,210,6
183,210,6
184,210,5
185,210,5
186,210,5
187,210,5
188,210,4
189,210,4
190,210,4
191,210,4
192,210,4
193,210,4
194,210,4
195,210,4
196,210,3
197,210,3
198,210,3
199,210,3
200,210,3
201,210,3
202,210,3
203,210,3
204,210,3
205,210,3
206,210,3
207,210,3
208,210,3
209,210,3
210,210,3
211,210,3
212,210,3
213,210,3
214,210,3
215,210,3
216,210,3
217,210,3
218,210,3
219,210,3
220,210,3
221,210,3
222,210,3
223,210,3
224,210,3
225,210,3
226,210,3
227,210,3
228,210,3
229,210,3
230,210,3
231,210,3
232,210,2
233,210,2
234,210,2
235,210,2
236,210,2
237,210,2
238,210,2
239,210,2
240,210,2
241,210,2
242,210,2
243,210,2
244,210,2
245,210,2
246,210,2
247,210,2
248,210,2
249,210,2
250,210,2
251,210,2
252,210,2
253,210,2
254,210,2
255,210,2
0,211,4
1,211,4
2,211,4
3,211,4
4,211,4
5,211,4
6,211,4
7,211,4
8,211,4
9,211,4
10,211,4
11,211,4
12,211,4
13,211,4
14,211,4
15,211,4
16,211,4
17,211,4
18,211,4
19,211,5
20,211,5
21,211,5
22,211,5
23,211,5
24,211,5
25,211,5
26,211,5
27,211,5
28,211,5
29,211,5
30,211,5
31,211,5
32,211,5
33,211,5
34,211,5
35,211,5
36,211,5
37,211,5
38,211,6
39,211,6
40,211,6
41,211,6
42,211,6
43,211,6
44,211,7
45,211,7
46,211,8
47,211,8
48,211,9
49,211,10
50,211,11
51,211,18
52,211,18
53,211,52
54,211,22
55,211,18
56,211,41
57,211,19
58,211,30
59,211,37
60,211,18
61,211,15
62,211,13
63,211,12
64,211,11
65,211,11
66,211,10
67,211,10
68,211,10
69,211,9
70,211,9
71,211,9
72,211,10
73,211,10
74,211,10
75,211,11
76,211,12
77,211,15
78,211,20
79,211,30
80,211,56
81,211,39
82,211,34
83,211,11
84,211,17
85,211,14
86,211,14
87,211,16
88,211,20
89,211,49
90,211,3
91,211,34
92,211,18
93,211,18
94,211,15
95,211,0
96,211,25
97,211,20
98,211,11
99,211,23
100,211,0
101,211,23
102,211,25
103,211,26
104,211,28
105,211,32
106,211,38
107,211,0
108,211,0
109,211,0
110,211,0
111,211,0
112,211,0
113,211,0
114,211,0
115,211,0
116,211,0
117,211,0
118,211,37
119,211,32
120,211,28
121,211,26
122,211,26
123,211,23
124,211,26
125,211,21
126,211,52
127,211,20
128,211,19
129,211,8
130,211,0
131,211,18
132,211,16
133,211,18
134,211,30
135,211,56
136,211,39
137,211,16
138,211,13
139,211,12
140,211,12
141,211,13
142,211,15
143,211,23
144,211,58
145,211,59
146,211,61
147,211,5
148,211,18
149,211,12
150,211,10
151,211,9
152,211,8
153,211,8
154,211,8
155,211,8
156,211,8
157,211,8
158,211,8
159,211,7
160,211,7
161,211,7
162,211,7
163,211,7
164,211,7
165,211,7
166,211,8
167,211,8
168,211,8
169,211,8
170,211,9
171,211,9
172,211,11
173,211,15
174,211,17
175,211,12
176,211,10
177,211,9
178,211,7
179,211,7
180,211,6
181,211,6
182,211,6
183,211,5
184,211,5
185,211,5
186,211,5
187,211,4
188,211,4
189,211,4
190,211,4
191,211,4
192,211,4
193,211,4
194,211,4
195,211,3
196,211,3
197,211,3
198,211,3
199,211,3
200,211,3
201,211,3
202,211,3
203,211,3
204,211,3
205,211,3
206,211,3
207,211,3
208,211,3
209,211,3
210,211,3
211,211,3
212,211,3
213,211,3
214,211,3
215,211,3
216,211,3
217,211,3
218,211,3
219,211,3
220,211,3
221,211,3
222,211,3
223,211,3
224,211,3
225,211,3
226,211,3
227,211,3
228,211,3
229,211,3
230,211,3
231,211,3
232,211,2
233,211,2
234,211,2
235,211,2
236,211,2
237,211,2
238,211,2
239,211,2
240,211,2
241,211,2
242,211,2
243,211,2
244,211,2
245,211,2
246,211,2
247,211,2
248,211,2
249,211,2
250,211,2
251,211,2
252,211,2
253,211,2
254,211,2
255,211,2
0,212,4
1,212,4
2,212,4
3,212,4
4,212,4
5,212,4
6,212,4
7,212,4
8,212,4
9,212,4
10,212,4
11,212,4
12,212,4
13,212,4
14,212,4
15,212,4
16,212,4
17,212,4
18,212,4
19,212,4
20,212,4
21,212,5
22,212,5
23,212,5
24,212,5
25,212,5
26,212,5
27,212,5
28,212,5
29,212,5
30,212,5
31,212,5
32,212,5
33,212,5
34,212,5
35,212,5
36,212,5
37,212,5
38,212,5
39,212,6
40,212,6
41,212,6
42,212,6
43,212,6
44,212,7
45,212,7
46,212,8
47,212,8
48,212,17
49,212,12
50,212,15
51,212,22
52,212,23
53,212,17
54,212,14
55,212,16
56,212,29
57,212,15
58,212,17
59,212,42
60,212,30
61,212,30
62,212,13
63,212,11
64,212,11
65,212,10
66,212,10
67,212,9
68,212,9
69,212,9
70,212,9
71,212,9
72,212,9
73,212,9
74,212,10
75,212,10
76,212,11
77,212,13
78,212,19
79,212,27
80,212,58
81,212,46
82,212,23
83,212,32
84,212,15
85,212,13
86,212,13
87,212,13
88,212,15
89,212,34
90,212,30
91,212,23
92,212,15
93,212,15
94,212,20
95,212,17
96,212,17
97,212,17
98,212,17
99,212,18
100,212,19
101,212,21
102,212,22
103,212,25
104,212,0
105,212,59
106,212,0
107,212,0
108,212,0
109,212,0
110,212,0
111,212,0
112,212,0
113,212,0
114,212,0
115,212,0
116,212,0
117,212,0
118,212,0
119,212,62
120,212,36
121,212,24
122,212,22
123,212,20
124,212,18
125,212,18
126,212,17
127,212,16
128,212,16
129,212,24
130,212,16
131,212,14
132,212,14
133,212,16
134,212,28
135,212,34
136,212,20
137,212,13
138,212,12
139,212,11
140,212,11
141,212,12
142,212,33
143,212,41
144,212,18
145,212,20
146,212,22
147,212,36
148,212,17
149,212,24
150,212,9
151,212,8
152,212,8
153,212,8
154,212,8
155,212,8
156,212,8
157,212,7
158,212,7
159,212,7
160,212,7
161,212,7
162,212,7
163,212,7
164,212,7
165,212,7
166,212,7
167,212,7
168,212,8
169,212,8
170,212,8
171,212,9
172,212,10
173,212,12
174,212,15
175,212,15
176,212,12
177,212,17
178,212,7
179,212,7
180,212,6
181,212,6
182,212,6
183,212,5
184,212,5
185,212,5
186,212,4
187,212,4
188,212,4
189,212,4
190,212,4
191,212,4
192,212,4
193,212,4
194,212,4
195,212,3
196,212,3
197,212,3
198,212,3
199,212,3
200,212,3
201,212,3
202,212,3
203,212,3
204,212,3
205,212,3
206,212,3
207,212,3
208,212,3
209,212,3
210,212,3
211,212,3
212,212,3
213,212,3
214,212,3
215,212,3
216,212,3
217,212,3
218,212,3
219,212,3
220,212,3
221,212,3
222,212,3
223,212,3
224,212,3
225,212,3
226,212,3
227,212,3
228,212,3
229,212,3
230,212,3
231,212,2
232,212,2
233,212,2
234,212,2
235,212,2
236,212,2
237,212,2
238,212,2
239,212,2
240,212,2
241,212,2
242,212,2
243,212,2
244,212,2
245,212,2
246,212,2
247,212,2
248,212,2
249,212,2
250,212,2
251,212,2
252,212,2
253,212,2
254,212,2
255,212,2
0,213,4
1,213,4
2,213,4
3,213,4
4,213,4
5,213,4
6,213,4
7,213,4
8,213,4
9,213,4
10,213,4
11,213,4
12,213,4
13,213,4
14,213,4
15,213,4
16,213,4
17,213,4
18,213,4
19,213,4
20,213,4
21,213,4
22,213,4
23,213,4
24,213,5
25,213,5
26,213,5
27,213,5
28,213,5
29,213,5
30,213,5
31,213,5
32,213,5
33,213,5
34,213,5
35,213,5
36,213,5
37,213,5
38,213,5
39,213,5
40,213,6
41,213,6
42,213,6
43,213,6
44,213,6
45,213,7
46,213,8
47,213,9
48,213,12
49,213,19
50,213,30
51,213,24
52,213,14
53,213,11
54,213,12
55,213,14
56,213,33
57,213,13
58,213,13
59,213,15
60,213,30
61,213,32
62,213,27
63,213,11
64,213,10
65,213,10
66,213,9
67,213,9
68,213,9
69,213,9
70,213,9
71,213,9
72,213,9
73,213,9
74,213,9
75,213,10
76,213,11
77,213,16
78,213,48
79,213,19
80,213,22
81,213,18
82,213,38
83,213,15
84,213,12
85,213,12
86,213,12
87,213,12
88,213,13
89,213,16
90,213,14
91,213,15
92,213,14
93,213,13
94,213,14
95,213,14
96,213,15
97,213,15
98,213,16
99,213,17
100,213,18
101,213,20
102,213,26
103,213,2
104,213,0
105,213,0
106,213,0
107,213,0
108,213,0
109,213,0
110,213,0
111,213,0
112,213,0
113,213,0
114,213,0
115,213,0
116,213,0
117,213,0
118,213,0
119,213,0
120,213,0
121,213,58
122,213,24
123,213,19
124,213,17
125,213,16
126,213,15
127,213,15
128,213,14
129,213,14
130,213,13
131,213,12
132,213,12
133,213,13
134,213,15
135,213,23
136,213,12
137,213,11
138,213,11
139,213,11
140,213,11
141,213,11
142,213,11
143,213,12
144,213,14
145,213,25
146,213,15
147,213,12
148,213,11
149,213,10
150,213,8
151,213,8
152,213,8
153,213,8
154,213,7
155,213,7
156,213,7
157,213,7
158,213,7
159,213,7
160,213,7
161,213,7
162,213,7
163,213,7
164,213,7
165,213,7
166,213,7
167,213,7
168,213,7
169,213,8
170,213,8
171,213,8
172,213,9
173,213,10
174,213,12
175,213,17
176,213,14
177,213,10
178,213,7
179,213,6
180,213,6
181,213,6
182,213,5
183,213,5
184,213,5
185,213,5
186,213,4
187,213,4
188,213,4
189,213,4
190,213,4
191,213,4
192,213,4
193,213,4
194,213,3
195,213,3
196,213,3
197,213,3
198,213,3
199,213,3
200,213,3
201,213,3
202,213,3
203,213,3
204,213,3
205,213,3
206,213,3
207,213,3
208,213,3
209,213,3
210,213,3
211,213,3
212,213,3
213,213,3
214,213,3
215,213,3
216,213,3
217,213,3
218,213,3
219,213,3
220,213,3
221,213,3
222,213,3
223,213,3
224,213,3
225,213,3
226,213,3
227,213,3
228,213,3
229,213,3
230,213,3
231,213,2
232,213,2
233,213,2
234,213,2
235,213,2
236,213,2
237,213,2
238,213,2
239,213,2
240,213,2
241,213,2
242,213,2
243,213,2
244,213,2
245,213,2
246,213,2
247,213,2
248,213,2
249,213,2
250,213,2
251,213,2
252,213,2
253,213,2
254,213,2
255,213,2
0,214,4
1,214,4
2,214,4
3,214,4
4,214,4
5,214,4
6,214,4
7,214,4
8,214,4
9,214,4
10,214,4
11,214,4
12,214,4
13,214,4
14,214,4
15,214,4
16,214,4
17,214,4
18,214,4
19,214,4
20,214,4
21,214,4
22,214,4
23,214,4
24,214,4
25,214,4
26,214,5
27,214,5
28,214,5
29,214,5
30,214,5
31,214,5
32,214,5
33,214,5
34,214,5
35,214,5
36,214,5
37,214,5
38,214,5
39,214,5
40,214,5
41,214,6
42,214,6
43,214,6
44,214,6
45,214,7
46,214,8
47,214,10
48,214,14
49,214,19
50,214,35
51,214,12
52,214,10
53,214,10
54,214,10
55,214,12
56,214,13
57,214,11
58,214,11
59,214,12
60,214,15
61,214,59
62,214,15
63,214,12
64,214,10
65,214,9
66,214,9
67,214,9
68,214,9
69,214,9
70,214,9
71,214,9
72,214,9
73,214,9
74,214,9
75,214,9
76,214,10
77,214,25
78,214,29
79,214,13
80,214,12
81,214,12
82,214,28
83,214,35
84,214,11
85,214,11
86,214,11
87,214,11
88,214,11
89,214,11
90,214,12
91,214,12
92,214,12
93,214,13
94,214,13
95,214,13
96,214,14
97,214,15
98,214,16
99,214,17
100,214,19
101,214,23
102,214,13
103,214,0
104,214,0
105,214,0
106,214,0
107,214,0
108,214,0
109,214,0
110,214,0
111,214,0
112,214,0
113,214,0
114,214,0
115,214,0
116,214,0
117,214,0
118,214,0
119,214,0
120,214,0
121,214,0
122,214,0
123,214,51
124,214,18
125,214,16
126,214,15
127,214,14
128,214,13
129,214,13
130,214,12
131,214,12
132,214,12
133,214,12
134,214,12
135,214,11
136,214,10
137,214,10
138,214,10
139,214,10
140,214,10
141,214,10
142,214,10
143,214,11
144,214,13
145,214,21
146,214,20
147,214,10
148,214,9
149,214,9
150,214,8
151,214,8
152,214,8
153,214,7
154,214,7
155,214,7
156,214,7
157,214,7
158,214,7
159,214,7
160,214,7
161,214,7
162,214,7
163,214,7
164,214,7
165,214,7
166,214,7
167,214,7
168,214,7
169,214,7
170,214,8
171,214,8
172,214,9
173,214,10
174,214,13
175,214,16
176,214,13
177,214,13
178,214,7
179,214,6
180,214,6
181,214,6
182,214,5
183,214,5
184,214,5
185,214,4
186,214,4
187,214,4
188,214,4
189,214,4
190,214,4
191,214,4
192,214,4
193,214,4
194,214,3
195,214,3
196,214,3
197,214,3
198,214,3
199,214,3
200,214,3
201,214,3
202,214,3
203,214,3
204,214,3
205,214,3
206,214,3
207,214,3
208,214,3
209,214,3
210,214,3
211,214,3
212,214,3
213,214,3
214,214,3
215,214,3
216,214,3
217,214,3
218,214,3
219,214,3
220,214,3
221,214,3
222,214,3
223,214,3
224,214,3
225,214,3
226,214,3
227,214,3
228,214,3
229,214,3
230,214,2
231,214,2
232,214,2
233,214,2
234,214,2
235,214,2
236,214,2
237,214,2
238,214,2
239,214,2
240,214,2
241,214,2
242,214,2
243,214,2
244,214,2
245,214,2
246,214,2
247,214,2
248,214,2
249,214,2
250,214,2
251,214,2
252,214,2
253,214,2
254,214,2
255,214,2
0,215,4
1,215,4
2,215,4
3,215,4
4,215,4
5,215,4
6,215,4
7,215,4
8,215,4
9,215,4
10,215,4
11,215,4
12,215,4
13,215,4
14,215,4
15,215,4
16,215,4
17,215,4
18,215,4
19,215,4
20,215,4
21,215,4
22,215,4
23,215,4
24,215,4
25,215,4
26,215,4
27,215,4
28,215,5
29,215,5
30,215,5
31,215,5
32,215,5
33,215,5
34,215,5
35,215,5
36,215,5
37,215,5
38,215,5
39,215,5
40,215,5
41,215,5
42,215,6
43,215,6
44,215,6
45,215,6
46,215,7
47,215,10
48,215,12
49,215,11
50,215,12
51,215,15
52,215,9
53,215,9
54,215,9
55,215,9
56,215,9
57,215,9
58,215,10
59,215,12
60,215,24
61,215,39
62,215,35
63,215,24
64,215,10
65,215,9
66,215,8
67,215,8
68,215,8
69,215,8
70,215,8
71,215,8
72,215,8
73,215,8
74,215,8
75,215,9
76,215,9
77,215,10
78,215,10
79,215,10
80,215,10
81,215,10
82,215,11
83,215,11
84,215,10
85,215,10
86,215,10
87,215,10
88,215,10
89,215,10
90,215,11
91,215,11
92,215,12
93,215,12
94,215,12
95,215,13
96,215,14
97,215,14
98,215,16
99,215,18
100,215,22
101,215,43
102,215,0
103,215,0
104,215,0
105,215,0
106,215,0
107,215,0
108,215,0
109,215,0
110,215,0
111,215,0
112,215,0
113,215,0
114,215,0
115,215,0
116,215,0
117,215,0
118,215,0
119,215,0
120,215,0
121,215,0
122,215,0
123,215,31
124,215,21
125,215,17
126,215,15
127,215,14
128,215,13
129,215,12
130,215,12
131,215,11
132,215,11
133,215,11
134,215,10
135,215,10
136,215,10
137,215,9
138,215,9
139,215,9
140,215,9
141,215,9
142,215,9
143,215,10
144,215,11
145,215,18
146,215,21
147,215,9
148,215,8
149,215,8
150,215,8
151,215,7
152,215,7
153,215,7
154,215,7
155,215,7
156,215,7
157,215,6
158,215,6
159,215,6
160,215,6
161,215,6
162,215,6
163,215,6
164,215,7
165,215,7
166,215,7
167,215,7
168,215,7
169,215,7
170,215,7
171,215,8
172,215,9
173,215,10
174,215,15
175,215,9
176,215,9
177,215,8
178,215,6
179,215,6
180,215,6
181,215,5
182,215,5
183,215,5
184,215,4
185,215,4
186,215,4
187,215,4
188,215,4
189,215,4
190,215,4
191,215,4
192,215,4
193,215,3
194,215,3
195,215,3
196,215,3
197,215,3
198,215,3
199,215,3
200,215,3
201,215,3
202,215,3
203,215,3
204,215,3
205,215,3
206,215,3
207,215,3
208,215,3
209,215,3
210,215,3
211,215,3
212,215,3
213,215,3
214,215,3
215,215,3
216,215,3
217,215,3
218,215,3
219,215,3
220,215,3
221,215,3
222,215,3
223,215,3
224,215,3
225,215,3
226,215,3
227,215,3
228,215,3
229,215,2
230,215,2
231,215,2
232,215,2
233,215,2
234,215,2
235,215,2
236,215,2
237,215,2
238,215,2
239,215,2
240,215,2
241,215,2
242,215,2
243,215,2
244,215,2
245,215,2
246,215,2
247,215,2
248,215,2
249,215,2
250,215,2
251,215,2
252,215,2
253,215,2
254,215,2
255,215,2
0,216,4
1,216,4
2,216,4
3,216,4
4,216,4
5,216,4
6,216,4
7,216,4
8,216,4
9,216,4
10,216,4
11,216,4
12,216,4
13,216,4
14,216,4
15,216,4
16,216,4
17,216,4
18,216,4
19,216,4
20,216,4
21,216,4
22,216,4
23,216,4
24,216,4
25,216,4
26,216,4
27,216,4
28,216,4
29,216,4
30,216,5
31,216,5
32,216,5
33,216,5
34,216,5
35,216,5
36,216,5
37,216,5
38,216,5
39,216,5
40,216,5
41,216,5
42,216,5
43,216,5
44,216,6
45,216,6
46,216,6
47,216,7
48,216,8
49,216,8
50,216,9
51,216,9
52,216,8
53,216,8
54,216,8
55,216,8
56,216,8
57,216,8
58,216,9
59,216,9
60,216,12
61,216,15
62,216,12
63,216,10
64,216,9
65,216,8
66,216,8
67,216,8
68,216,8
69,216,8
70,216,8
71,216,8
72,216,8
73,216,8
74,216,8
75,216,8
76,216,8
77,216,8
78,216,9
79,216,9
80,216,9
81,216,9
82,216,9
83,216,9
84,216,9
85,216,9
86,216,10
87,216,10
88,216,10
89,216,10
90,216,10
91,216,11
92,216,11
93,216,12
94,216,12
95,216,13
96,216,14
97,216,14
98,216,17
99,216,30
100,216,47
101,216,0
102,216,0
103,216,0
104,216,0
105,216,0
106,216,0
107,216,0
108,216,0
109,216,0
110,216,0
111,216,0
112,216,0
113,216,0
114,216,0
115,216,0
116,216,0
117,216,0
118,216,0
119,216,0
120,216,0
121,216,0
122,216,0
123,216,0
124,216,38
125,216,14
126,216,15
127,216,14
128,216,13
129,216,12
130,216,11
131,216,11
132,216,11
133,216,10
134,216,10
135,216,10
136,216,9
137,216,9
138,216,9
139,216,9
140,216,9
141,216,9
142,216,9
143,216,9
144,216,9
145,216,10
146,216,9
147,216,8
148,216,8
149,216,7
150,216,7
151,216,7
152,216,7
153,216,7
154,216,6
155,216,6
156,216,6
157,216,6
158,216,6
159,216,6
160,216,6
161,216,6
162,216,6
163,216,6
164,216,6
165,216,6
166,216,6
167,216,7
168,216,7
169,216,7
170,216,7
171,216,8
172,216,9
173,216,11
174,216,18
175,216,8
176,216,7
177,216,7
178,216,6
179,216,6
180,216,5
181,216,5
182,216,5
183,216,4
184,216,4
185,216,4
186,216,4
187,216,4
188,216,4
189,216,4
190,216,4
191,216,4
192,216,4
193,216,3
194,216,3
195,216,3
196,216,3
197,216,3
198,216,3
199,216,3
200,216,3
201,216,3
202,216,3
203,216,3
204,216,3
205,216,3
206,216,3
207,216,3
208,216,3
209,216,3
210,216,3
211,216,3
212,216,3
213,216,3
214,216,3
215,216,3
216,216,3
217,216,3
218,216,3
219,216,3
220,216,3
221,216,3
222,216,3
223,216,3
224,216,3
225,216,3
226,216,3
227,216,3
228,216,3
229,216,2
230,216,2
231,216,2
232,216,2
233,216,2
234,216,2
235,216,2
236,216,2
237,216,2
238,216,2
239,216,2
240,216,2
241,216,2
242,216,2
243,216,2
244,216,2
245,216,2
246,216,2
247,216,2
248,216,2
249,216,2
250,216,2
251,216,2
252,216,2
253,216,2
254,216,2
255,216,2
0,217,4
1,217,4
2,217,4
3,217,4
4,217,4
5,217,4
6,217,4
7,217,4
8,217,4
9,217,4
10,217,4
11,217,4
12,217,4
13,217,4
14,217,4
15,217,4
16,217,4
17,217,4
18,217,4
19,217,4
20,217,4
21,217,4
22,217,4
23,217,4
24,217,4
25,217,4
26,217,4
27,217,4
28,217,4
29,217,4
30,217,4
31,217,4
32,217,5
33,217,5
34,217,5
35,217,5
36,217,5
37,217,5
38,217,5
39,217,5
40,217,5
41,217,5
42,217,5
43,217,5
44,217,5
45,217,6
46,217,6
47,217,6
48,217,7
49,217,7
50,217,7
51,217,7
52,217,7
53,217,7
54,217,7
55,217,8
56,217,8
57,217,8
58,217,8
59,217,9
60,217,11
61,217,36
62,217,9
63,217,8
64,217,8
65,217,8
66,217,8
67,217,8
68,217,8
69,217,8
70,217,8
71,217,8
72,217,8
73,217,8
74,217,8
75,217,8
76,217,8
77,217,8
78,217,8
79,217,8
80,217,9
81,217,9
82,217,9
83,217,9
84,217,9
85,217,9
86,217,9
87,217,9
88,217,10
89,217,10
90,217,10
91,217,10
92,217,11
93,217,11
94,217,12
95,217,13
96,217,14
97,217,15
98,217,18
99,217,40
100,217,7
101,217,0
102,217,0
103,217,0
104,217,0
105,217,0
106,217,0
107,217,0
108,217,0
109,217,0
110,217,0
111,217,0
112,217,0
113,217,0
114,217,0
115,217,0
116,217,0
117,217,0
118,217,0
119,217,0
120,217,0
121,217,0
122,217,0
123,217,0
124,217,31
125,217,22
126,217,17
127,217,15
128,217,13
129,217,12
130,217,11
131,217,11
132,217,10
133,217,10
134,217,10
135,217,9
136,217,9
137,217,9
138,217,9
139,217,9
140,217,8
141,217,8
142,217,8
143,217,8
144,217,8
145,217,8
146,217,8
147,217,7
148,217,7
149,217,7
150,217,7
151,217,7
152,217,6
153,217,6
154,217,6
155,217,6
156,217,6
157,217,6
158,217,6
159,217,6
160,217,6
161,217,6
162,217,6
163,217,6
164,217,6
165,217,6
166,217,6
167,217,6
168,217,6
169,217,7
170,217,7
171,217,7
172,217,9
173,217,13
174,217,9
175,217,7
176,217,7
177,217,6
178,217,6
179,217,5
180,217,5
181,217,5
182,217,4
183,217,4
184,217,4
185,217,4
186,217,4
187,217,4
188,217,4
189,217,4
190,217,4
191,217,4
192,217,3
193,217,3
194,217,3
195,217,3
196,217,3
197,217,3
198,217,3
199,217,3
200,217,3
201,217,3
202,217,3
203,217,3
204,217,3
205,217,3
206,217,3
207,217,3
208,217,3
209,217,3
210,217,3
211,217,3
212,217,3
213,217,3
214,217,3
215,217,3
216,217,3
217,217,3
218,217,3
219,217,3
220,217,3
221,217,3
222,217,3
223,217,3
224,217,3
225,217,3
226,217,3
227,217,3
228,217,2
229,217,2
230,217,2
231,217,2
232,217,2
233,217,2
234,217,2
235,217,2
236,217,2
237,217,2
238,217,2
239,217,2
240,217,2
241,217,2
242,217,2
243,217,2
244,217,2
245,217,2
246,217,2
247,217,2
248,217,2
249,217,2
250,217,2
251,217,2
252,217,2
253,217,2
254,217,2
255,217,2
0,218,4
1,218,4
2,218,4
3,218,4
4,218,4
5,218,4
6,218,4
7,218,4
8,218,4
9,218,4
10,218,4
11,218,4
12,218,4
13,218,4
14,218,4
15,218,4
16,218,4
17,218,4
18,218,4
19,218,4
20,218,4
21,218,4
22,218,4
23,218,4
24,218,4
25,218,4
26,218,4
27,218,4
28,218,4
29,218,4
30,218,4
31,218,4
32,218,4
33,218,4
34,218,5
35,218,5
36,218,5
37,218,5
38,218,5
39,218,5
40,218,5
41,218,5
42,218,5
43,218,5
44,218,5
45,218,5
46,218,6
47,218,6
48,218,6
49,218,7
50,218,7
51,218,7
52,218,7
53,218,7
54,218,7
55,218,7
56,218,7
57,218,7
58,218,7
59,218,8
60,218,8
61,218,8
62,218,8
63,218,8
64,218,8
65,218,8
66,218,7
67,218,7
68,218,7
69,218,7
70,218,7
71,218,7
72,218,7
73,218,7
74,218,7
75,218,7
76,218,7
77,218,7
78,218,8
79,218,8
80,218,8
81,218,8
82,218,9
83,218,9
84,218,9
85,218,9
86,218,9
87,218,9
88,218,9
89,218,10
90,218,10
91,218,10
92,218,11
93,218,11
94,218,11
95,218,12
96,218,17
97,218,18
98,218,48
99,218,50
100,218,44
101,218,0
102,218,0
103,218,0
104,218,0
105,218,0
106,218,0
107,218,0
108,218,0
109,218,0
110,218,0
111,218,0
112,218,0
113,218,0
114,218,0
115,218,0
116,218,0
117,218,0
118,218,0
119,218,0
120,218,0
121,218,0
122,218,0
123,218,0
124,218,0
125,218,47
126,218,42
127,218,45
128,218,13
129,218,12
130,218,11
131,218,10
132,218,10
133,218,10
134,218,9
135,218,9
136,218,9
137,218,8
138,218,8
139,218,8
140,218,8
141,218,8
142,218,8
143,218,8
144,218,8
145,218,7
146,218,7
147,218,7
148,218,7
149,218,7
150,218,6
151,218,6
152,218,6
153,218,6
154,218,6
155,218,6
156,218,6
157,218,6
158,218,6
159,218,6
160,218,6
161,218,6
162,218,6
163,218,6
164,218,6
165,218,6
166,218,6
167,218,6
168,218,6
169,218,6
170,218,6
171,218,6
172,218,6
173,218,7
174,218,6
175,218,6
176,218,6
177,218,5
178,218,5
179,218,5
180,218,5
181,218,4
182,218,4
183,218,4
184,218,4
185,218,4
186,218,4
187,218,4
188,218,4
189,218,4
190,218,4
191,218,4
192,218,3
193,218,3
194,218,3
195,218,3
196,218,3
197,218,3
198,218,3
199,218,3
200,218,3
201,218,3
202,218,3
203,218,3
204,218,3
205,218,3
206,218,3
207,218,3
208,218,3
209,218,3
210,218,3
211,218,3
212,218,3
213,218,3
214,218,3
215,218,3
216,218,3
217,218,3
218,218,3
219,218,3
220,218,3
221,218,3
222,218,3
223,218,3
224,218,3
225,218,3
226,218,3
227,218,2
228,218,2
229,218,2
230,218,2
231,218,2
232,218,2
233,218,2
234,218,2
235,218,2
236,218,2
237,218,2
238,218,2
239,218,2
240,218,2
241,218,2
242,218,2
243,218,2
244,218,2
245,218,2
246,218,2
247,218,2
248,218,2
249,218,2
250,218,2
251,218,2
252,218,2
253,218,2
254,218,2
255,218,2
0,219,4
1,219,4
2,219,4
3,219,4
4,219,4
5,219,4
6,219,4
7,219,4
8,219,4
9,219,4
10,219,4
11,219,4
12,219,4
13,219,4
14,219,4
15,219,4
16,219,4
17,219,4
18,219,4
19,219,4
20,219,4
21,219,4
22,219,4
23,219,4
24,219,4
25,219,4
26,219,4
27,219,4
28,219,4
29,219,4
30,219,4
31,219,4
32,219,4
33,219,4
34,219,4
35,219,4
36,219,5
37,219,5
38,219,5
39,219,5
40,219,5
41,219,5
42,219,5
43,219,5
44,219,5
45,219,5
46,219,5
47,219,6
48,219,6
49,219,6
50,219,6
51,219,6
52,219,7
53,219,7
54,219,7
55,219,7
56,219,7
57,219,7
58,219,7
59,219,7
60,219,7
61,219,7
62,219,7
63,219,7
64,219,7
65,219,7
66,219,7
67,219,7
68,219,7
69,219,7
70,219,7
71,219,7
72,219,7
73,219,7
74,219,7
75,219,7
76,219,7
77,219,7
78,219,7
79,219,7
80,219,8
81,219,8
82,219,8
83,219,8
84,219,9
85,219,9
86,219,9
87,219,9
88,219,9
89,219,9
90,219,10
91,219,10
92,219,10
93,219,11
94,219,11
95,219,12
96,219,17
97,219,26
98,219,40
99,219,0
100,219,0
101,219,0
102,219,0
103,219,0
104,219,0
105,219,0
106,219,0
107,219,0
108,219,0
109,219,0
110,219,0
111,219,0
112,219,0
113,219,0
114,219,0
115,219,0
116,219,0
117,219,0
118,219,0
119,219,0
120,219,0
121,219,0
122,219,0
123,219,0
124,219,54
125,219,30
126,219,48
127,219,35
128,219,16
129,219,12
130,219,11
131,219,10
132,219,10
133,219,9
134,219,9
135,219,9
136,219,8
137,219,8
138,219,8
139,219,8
140,219,8
141,219,8
142,219,8
143,219,7
144,219,7
145,219,7
146,219,7
147,219,7
148,219,7
149,219,6
150,219,6
151,219,6
152,219,6
153,219,6
154,219,6
155,219,6
156,219,6
157,219,6
158,219,6
159,219,6
160,219,6
161,219,6
162,219,6
163,219,6
164,219,6
165,219,6
166,219,6
167,219,6
168,219,6
169,219,6
170,219,6
171,219,6
172,219,6
173,219,6
174,219,6
175,219,5
176,219,5
177,219,5
178,219,5
179,219,5
180,219,5
181,219,4
182,219,4
183,219,4
184,219,4
185,219,4
186,219,4
187,219,4
188,219,4
189,219,4
190,219,4
191,219,3
192,219,3
193,219,3
194,219,3
195,219,3
196,219,3
197,219,3
198,219,3
199,219,3
200,219,3
201,219,3
202,219,3
203,219,3
204,219,3
205,219,3
206,219,3
207,219,3
208,219,3
209,219,3
210,219,3
211,219,3
212,219,3
213,219,3
214,219,3
215,219,3
216,219,3
217,219,3
218,219,3
219,219,3
220,219,3
221,219,3
222,219,3
223,219,3
224,219,3
225,219,3
226,219,2
227,219,2
228,219,2
229,219,2
230,219,2
231,219,2
232,219,2
233,219,2
234,219,2
235,219,2
236,219,2
237,219,2
238,219,2
239,219,2
240,219,2
241,219,2
242,219,2
243,219,2
244,219,2
245,219,2
246,219,2
247,219,2
248,219,2
249,219,2
250,219,2
251,219,2
252,219,2
253,219,2
254,219,2
255,219,2
0,220,4
1,220,4
2,220,4
3,220,4
4,220,4
5,220,4
6,220,4
7,220,4
8,220,4
9,220,4
10,220,4
11,220,4
12,220,4
13,220,4
14,220,4
15,220,4
16,220,4
17,220,4
18,220,4
19,220,4
20,220,4
21,220,4
22,220,4
23,220,4
24,220,4
25,220,4
26,220,4
27,220,4
28,220,4
29,220,4
30,220,4
31,220,4
32,220,4
33,220,4
34,220,4
35,220,4
36,220,4
37,220,4
38,220,5
39,220,5
40,220,5
41,220,5
42,220,5
43,220,5
44,220,5
45,220,5
46,220,5
47,220,5
48,220,5
49,220,6
50,220,6
51,220,6
52,220,6
53,220,6
54,220,6
55,220,6
56,220,6
57,220,6
58,220,6
59,220,6
60,220,6
61,220,6
62,220,6
63,220,6
64,220,7
65,220,7
66,220,7
67,220,7
68,220,7
69,220,7
70,220,7
71,220,7
72,220,7
73,220,7
74,220,7
75,220,7
76,220,7
77,220,7
78,220,7
79,220,7
80,220,7
81,220,8
82,220,8
83,220,8
84,220,8
85,220,8
86,220,9
87,220,9
88,220,9
89,220,9
90,220,10
91,220,10
92,220,10
93,220,11
94,220,11
95,220,13
96,220,17
97,220,31
98,220,28
99,220,21
100,220,0
101,220,0
102,220,0
103,220,0
104,220,0
105,220,0
106,220,0
107,220,0
108,220,0
109,220,0
110,220,0
111,220,0
112,220,0
113,220,0
114,220,0
115,220,0
116,220,0
117,220,0
118,220,0
119,220,0
120,220,0
121,220,0
122,220,0
123,220,0
124,220,0
125,220,57
126,220,21
127,220,17
128,220,14
129,220,12
130,220,11
131,220,10
132,220,10
133,220,9
134,220,9
135,220,8
136,220,8
137,220,8
138,220,8
139,220,8
140,220,8
141,220,8
142,220,7
143,220,7
144,220,7
145,220,7
146,220,7
147,220,7
148,220,6
149,220,6
150,220,6
151,220,6
152,220,6
153,220,6
154,220,6
155,220,6
156,220,6
157,220,6
158,220,6
159,220,6
160,220,6
161,220,6
162,220,6
163,220,6
164,220,6
165,220,6
166,220,6
167,220,6
168,220,6
169,220,6
170,220,6
171,220,6
172,220,5
173,220,5
174,220,5
175,220,5
176,220,5
177,220,5
178,220,5
179,220,5
180,220,4
181,220,4
182,220,4
183,220,4
184,220,4
185,220,4
186,220,4
187,220,4
188,220,4
189,220,4
190,220,4
191,220,3
192,220,3
193,220,3
194,220,3
195,220,3
196,220,3
197,220,3
198,220,3
199,220,3
200,220,3
201,220,3
202,220,3
203,220,3
204,220,3
205,220,3
206,220,3
207,220,3
208,220,3
209,220,3
210,220,3
211,220,3
212,220,3
213,220,3
214,220,3
215,220,3
216,220,3
217,220,3
218,220,3
219,220,3
220,220,3
221,220,3
222,220,3
223,220,3
224,220,3
225,220,3
226,220,2
227,220,2
228,220,2
229,220,2
230,220,2
231,220,2
232,220,2
233,220,2
234,220,2
235,220,2
236,220,2
237,220,2
238,220,2
239,220,2
240,220,2
241,220,2
242,220,2
243,220,2
244,220,2
245,220,2
246,220,2
247,220,2
248,220,2
249,220,2
250,220,2
251,220,2
252,220,2
253,220,2
254,220,2
255,220,2
0,221,4
1,221,4
2,221,4
3,221,4
4,221,4
5,221,4
6,221,4
7,221,4
8,221,4
9,221,4
10,221,4
11,221,4
12,221,4
13,221,4
14,221,4
15,221,4
16,221,4
17,221,4
18,221,4
19,221,4
20,221,4
21,221,4
22,221,4
23,221,4
24,221,4
25,221,4
26,221,4
27,221,4
28,221,4
29,221,4
30,221,4
31,221,4
32,221,4
33,221,4
34,221,4
35,221,4
36,221,4
37,221,4
38,221,4
39,221,4
40,221,5
41,221,5
42,221,5
43,221,5
44,221,5
45,221,5
46,221,5
47,221,5
48,221,5
49,221,5
50,221,6
51,221,6
52,221,6
53,221,6
54,221,6
55,221,6
56,221,6
57,221,6
58,221,6
59,221,6
60,221,6
61,221,6
62,221,6
63,221,6
64,221,6
65,221,6
66,221,6
67,221,6
68,221,6
69,221,7
70,221,7
71,221,7
72,221,7
73,221,7
74,221,7
75,221,7
76,221,7
77,221,7
78,221,7
79,221,7
80,221,7
81,221,7
82,221,7
83,221,8
84,221,8
85,221,8
86,221,8
87,221,9
88,221,9
89,221,9
90,221,9
91,221,10
92,221,10
93,221,11
94,221,12
95,221,13
96,221,15
97,221,19
98,221,23
99,221,4
100,221,0
101,221,0
102,221,0
103,221,0
104,221,0
105,221,0
106,221,0
107,221,0
108,221,0
109,221,0
110,221,0
111,221,0
112,221,0
113,221,0
114,221,0
115,221,0
116,221,0
117,221,0
118,221,0
119,221,0
120,221,0
121,221,0
122,221,0
123,221,0
124,221,0
125,221,12
126,221,34
127,221,0
128,221,15
129,221,14
130,221,12
131,221,10
132,221,10
133,221,9
134,221,8
135,221,8
136,221,8
137,221,8
138,221,8
139,221,8
140,221,7
141,221,7
142,221,7
143,221,7
144,221,7
145,221,7
146,221,7
147,221,6
148,221,6
149,221,6
150,221,6
151,221,6
152,221,6
153,221,6
154,221,6
155,221,6
156,221,6
157,221,6
158,221,6
159,221,6
160,221,6
161,221,6
162,221,6
163,221,6
164,221,6
165,221,6
166,221,6
167,221,5
168,221,5
169,221,5
170,221,5
171,221,5
172,221,5
173,221,5
174,221,5
175,221,5
176,221,5
177,221,5
178,221,4
179,221,4
180,221,4
181,221,4
182,221,4
183,221,4
184,221,4
185,221,4
186,221,4
187,221,4
188,221,4
189,221,4
190,221,3
191,221,3
192,221,3
193,221,3
194,221,3
195,221,3
196,221,3
197,221,3
198,221,3
199,221,3
200,221,3
201,221,3
202,221,3
203,221,3
204,221,3
205,221,3
206,221,3
207,221,3
208,221,3
209,221,3
210,221,3
211,221,3
212,221,3
213,221,3
214,221,3
215,221,3
216,221,3
217,221,3
218,221,3
219,221,3
220,221,3
221,221,3
222,221,3
223,221,3
224,221,3
225,221,2
226,221,2
227,221,2
228,221,2
229,221,2
230,221,2
231,221,2
232,221,2
233,221,2
234,221,2
235,221,2
236,221,2
237,221,2
238,221,2
239,221,2
240,221,2
241,221,2
242,221,2
243,221,2
244,221,2
245,221,2
246,221,2
247,221,2
248,221,2
249,221,2
250,221,2
251,221,2
252,221,2
253,221,2
254,221,2
255,221,2
0,222,4
1,222,4
2,222,4
3,222,4
4,222,4
5,222,4
6,222,4
7,222,4
8,222,4
9,222,4
10,222,4
11,222,4
12,222,4
13,222,4
14,222,4
15,222,4
16,222,4
17,222,4
18,222,4
19,222,4
20,222,4
21,222,4
22,222,4
23,222,4
24,222,4
25,222,4
26,222,4
27,222,4
28,222,4
29,222,4
30,222,4
31,222,4
32,222,4
33,222,4
34,222,4
35,222,4
36,222,4
37,222,4
38,222,4
39,222,4
40,222,4
41,222,4
42,222,5
43,222,5
44,222,5
45,222,5
46,222,5
47,222,5
48,222,5
49,222,5
50,222,5
51,222,5
52,222,6
53,222,6
54,222,6
55,222,6
56,222,6
57,222,6
58,222,6
59,222,6
60,222,6
61,222,6
62,222,6
63,222,6
64,222,6
65,222,6
66,222,6
67,222,6
68,222,6
69,222,6
70,222,6
71,222,7
72,222,7
73,222,7
74,222,7
75,222,7
76,222,7
77,222,7
78,222,7
79,222,7
80,222,7
81,222,7
82,222,7
83,222,7
84,222,8
85,222,8
86,222,8
87,222,8
88,222,8
89,222,9
90,222,9
91,222,10
92,222,11
93,222,12
94,222,13
95,222,14
96,222,16
97,222,27
98,222,50
99,222,50
100,222,0
101,222,0
102,222,0
103,222,0
104,222,0
105,222,0
106,222,0
107,222,0
108,222,0
109,222,0
110,222,0
111,222,0
112,222,0
113,222,0
114,222,0
115,222,0
116,222,0
117,222,0
118,222,0
119,222,0
120,222,0
121,222,0
122,222,0
123,222,0
124,222,0
125,222,0
126,222,0
127,222,0
128,222,25
129,222,35
130,222,16
131,222,10
132,222,10
133,222,9
134,222,8
135,222,8
136,222,8
137,222,8
138,222,8
139,222,7
140,222,7
141,222,7
142,222,7
143,222,7
144,222,7
145,222,7
146,222,6
147,222,6
148,222,6
149,222,6
150,222,6
151,222,6
152,222,6
153,222,6
154,222,6
155,222,6
156,222,6
157,222,6
158,222,6
159,222,6
160,222,6
161,222,6
162,222,5
163,222,5
164,222,5
165,222,5
166,222,5
167,222,5
168,222,5
169,222,5
170,222,5
171,222,5
172,222,5
173,222,5
174,222,5
175,222,5
176,222,5
177,222,4
178,222,4
179,222,4
180,222,4
181,222,4
182,222,4
183,222,4
184,222,4
185,222,4
186,222,4
187,222,4
188,222,4
189,222,4
190,222,3
191,222,3
192,222,3
193,222,3
194,222,3
195,222,3
196,222,3
197,222,3
198,222,3
199,222,3
200,222,3
201,222,3
202,222,3
203,222,3
204,222,3
205,222,3
206,222,3
207,222,3
208,222,3
209,222,3
210,222,3
211,222,3
212,222,3
213,222,3
214,222,3
215,222,3
216,222,3
217,222,3
218,222,3
219,222,3
220,222,3
221,222,3
222,222,3
223,222,3
224,222,2
225,222,2
226,222,2
227,222,2
228,222,2
229,222,2
230,222,2
231,222,2
232,222,2
233,222,2
234,222,2
235,222,2
236,222,2
237,222,2
238,222,2
239,222,2
240,222,2
241,222,2
242,222,2
243,222,2
244,222,2
245,222,2
246,222,2
247,222,2
248,222,2
249,222,2
250,222,2
251,222,2
252,222,2
253,222,2
254,222,2
255,222,2
0,223,3
1,223,3
2,223,4
3,223,4
4,223,4
5,223,4
6,223,4
7,223,4
8,223,4
9,223,4
10,223,4
11,223,4
12,223,4
13,223,4
14,223,4
15,223,4
16,223,4
17,223,4
18,223,4
19,223,4
20,223,4
21,223,4
22,223,4
23,223,4
24,223,4
25,223,4
26,223,4
27,223,4
28,223,4
29,223,4
30,223,4
31,223,4
32,223,4
33,223,4
34,223,4
35,223,4
36,223,4
37,223,4
38,223,4
39,223,4
40,223,4
41,223,4
42,223,4
43,223,4
44,223,5
45,223,5
46,223,5
47,223,5
48,223,5
49,223,5
50,223,5
51,223,5
52,223,5
53,223,5
54,223,6
55,223,6
56,223,6
57,223,6
58,223,6
59,223,6
60,223,6
61,223,6
62,223,6
63,223,6
64,223,6
65,223,6
66,223,6
67,223,6
68,223,6
69,223,6
70,223,6
71,223,6
72,223,6
73,223,7
74,223,7
75,223,7
76,223,7
77,223,7
78,223,7
79,223,7
80,223,7
81,223,7
82,223,7
83,223,7
84,223,8
85,223,8
86,223,8
87,223,8
88,223,8
89,223,9
90,223,9
91,223,9
92,223,11
93,223,14
94,223,24
95,223,16
96,223,22
97,223,42
98,223,0
99,223,0
100,223,0
101,223,0
102,223,0
103,223,0
104,223,0
105,223,0
106,223,0
107,223,0
108,223,0
109,223,0
110,223,0
111,223,0
112,223,0
113,223,0
114,223,0
115,223,0
116,223,0
117,223,0
118,223,0
119,223,0
120,223,0
121,223,0
122,223,0
123,223,0
124,223,0
125,223,51
126,223,29
127,223,24
128,223,34
129,223,31
130,223,13
131,223,11
132,223,9
133,223,9
134,223,8
135,223,8
136,223,8
137,223,8
138,223,7
139,223,7
140,223,7
141,223,7
142,223,7
143,223,7
144,223,7
145,223,6
146,223,6
147,223,6
148,223,6
149,223,6
150,223,6
151,223,6
152,223,6
153,223,6
154,223,6
155,223,6
156,223,6
157,223,5
158,223,5
159,223,5
160,223,5
161,223,5
162,223,5
163,223,5
164,223,5
165,223,5
166,223,5
167,223,5
168,223,5
169,223,5
170,223,5
171,223,5
172,223,5
173,223,5
174,223,5
175,223,5
176,223,4
177,223,4
178,223,4
179,223,4
180,223,4
181,223,4
182,223,4
183,223,4
184,223,4
185,223,4
186,223,4
187,223,4
188,223,4
189,223,3
190,223,3
191,223,3
192,223,3
193,223,3
194,223,3
195,223,3
196,223,3
197,223,3
198,223,3
199,223,3
200,223,3
201,223,3
202,223,3
203,223,3
204,223,3
205,223,3
206,223,3
207,223,3
208,223,3
209,223,3
210,223,3
211,223,3
212,223,3
213,223,3
214,223,3
215,223,3
216,223,3
217,223,3
218,223,3
219,223,3
220,223,3
221,223,3
222,223,3
223,223,2
224,223,2
225,223,2
226,223,2
227,223,2
228,223,2
229,223,2
230,223,2
231,223,2
232,223,2
233,223,2
234,223,2
235,223,2
236,223,2
237,223,2
238,223,2
239,223,2
240,223,2
241,223,2
242,223,2
243,223,2
244,223,2
245,223,2
246,223,2
247,223,2
248,223,2
249,223,2
250,223,2
251,223,2
252,223,2
253,223,2
254,223,2
255,223,2
0,224,3
1,224,3
2,224,3
3,224,4
4,224,4
5,224,4
6,224,4
7,224,4
8,224,4
9,224,4
10,224,4
11,224,4
12,224,4
13,224,4
14,224,4
15,224,4
16,224,4
17,224,4
18,224,4
19,224,4
20,224,4
21,224,4
22,224,4
23,224,4
24,224,4
25,224,4
26,224,4
27,224,4
28,224,4
29,224,4
30,224,4
31,224,4
32,224,4
33,224,4
34,224,4
35,224,4
36,224,4
37,224,4
38,224,4
39,224,4
40,224,4
41,224,4
42,224,4
43,224,4
44,224,4
45,224,4
46,224,5
47,224,5
48,224,5
49,224,5
50,224,5
51,224,5
52,224,5
53,224,5
54,224,5
55,224,6
56,224,6
57,224,6
58,224,6
59,224,6
60,224,6
61,224,6
62,224,6
63,224,6
64,224,6
65,224,6
66,224,6
67,224,6
68,224,6
69,224,6
70,224,6
71,224,6
72,224,6
73,224,6
74,224,6
75,224,7
76,224,7
77,224,7
78,224,7
79,224,7
80,224,7
81,224,7
82,224,7
83,224,7
84,224,7
85,224,8
86,224,8
87,224,8
88,224,8
89,224,8
90,224,9
91,224,9
92,224,11
93,224,20
94,224,40
95,224,20
96,224,33
97,224,7
98,224,61
99,224,0
100,224,0
101,224,0
102,224,0
103,224,0
104,224,0
105,224,0
106,224,0
107,224,0
108,224,0
109,224,0
110,224,0
111,224,0
112,224,0
113,224,0
114,224,0
115,224,0
116,224,0
117,224,0
118,224,0
119,224,0
120,224,0
121,224,0
122,224,0
123,224,0
124,224,0
125,224,31
126,224,22
127,224,20
128,224,37
129,224,22
130,224,54
131,224,11
132,224,9
133,224,9
134,224,8
135,224,8
136,224,8
137,224,7
138,224,7
139,224,7
140,224,7
141,224,7
142,224,7
143,224,7
144,224,6
145,224,6
146,224,6
147,224,6
148,224,6
149,224,6
150,224,6
151,224,6
152,224,6
153,224,6
154,224,5
155,224,5
156,224,5
157,224,5
158,224,5
159,224,5
160,224,5
161,224,5
162,224,5
163,224,5
164,224,5
165,224,5
166,224,5
167,224,5
168,224,5
169,224,5
170,224,5
171,224,5
172,224,5
173,224,5
174,224,5
175,224,4
176,224,4
177,224,4
178,224,4
179,224,4
180,224,4
181,224,4
182,224,4
183,224,4
184,224,4
185,224,4
186,224,4
187,224,4
188,224,4
189,224,3
190,224,3
191,224,3
192,224,3
193,224,3
194,224,3
195,224,3
196,224,3
197,224,3
198,224,3
199,224,3
200,224,3
201,224,3
202,224,3
203,224,3
204,224,3
205,224,3
206,224,3
207,224,3
208,224,3
209,224,3
210,224,3
211,224,3
212,224,3
213,224,3
214,224,3
215,224,3
216,224,3
217,224,3
218,224,3
219,224,3
220,224,3
221,224,3
222,224,3
223,224,2
224,224,2
225,224,2
226,224,2
227,224,2
228,224,2
229,224,2
230,224,2
231,224,2
232,224,2
233,224,2
234,224,2
235,224,2
236,224,2
237,224,2
238,224,2
239,224,2
240,224,2
241,224,2
242,224,2
243,224,2
244,224,2
245,224,2
246,224,2
247,224,2
248,224,2
249,224,2
250,224,2
251,224,2
252,224,2
253,224,2
254,224,2
255,224,2
0,225,3
1,225,3
2,225,3
3,225,3
4,225,4
5,225,4
6,225,4
7,225,4
8,225,4
9,225,4
10,225,4
11,225,4
12,225,4
13,225,4
14,225,4
15,225,4
16,225,4
17,225,4
18,225,4
19,225,4
20,225,4
21,225,4
22,225,4
23,225,4
24,225,4
25,225,4
26,225,4
27,225,4
28,225,4
29,225,4
30,225,4
31,225,4
32,225,4
33,225,4
34,225,4
35,225,4
36,225,4
37,225,4
38,225,4
39,225,4
40,225,4
41,225,4
42,225,4
43,225,4
44,225,4
45,225,4
46,225,4
47,225,5
48,225,5
49,225,5
50,225,5
51,225,5
52,225,5
53,225,5
54,225,5
55,225,5
56,225,5
57,225,6
58,225,6
59,225,6
60,225,6
61,225,6
62,225,6
63,225,6
64,225,6
65,225,6
66,225,6
67,225,6
68,225,6
69,225,6
70,225,6
71,225,6
72,225,6
73,225,6
74,225,6
75,225,6
76,225,7
77,225,7
78,225,7
79,225,7
80,225,7
81,225,7
82,225,7
83,225,7
84,225,7
85,225,7
86,225,8
87,225,8
88,225,8
89,225,8
90,225,9
91,225,9
92,225,10
93,225,12
94,225,24
95,225,1
96,225,36
97,225,23
98,225,44
99,225,32
100,225,0
101,225,0
102,225,0
103,225,0
104,225,0
105,225,0
106,225,0
107,225,0
108,225,0
109,225,0
110,225,0
111,225,0
112,225,0
113,225,0
114,225,0
115,225,0
116,225,0
117,225,0
118,225,0
119,225,0
120,225,0
121,225,0
122,225,0
123,225,0
124,225,0
125,225,43
126,225,25
127,225,17
128,225,19
129,225,31
130,225,14
131,225,11
132,225,9
133,225,9
134,225,8
135,225,8
136,225,8
137,225,7
138,225,7
139,225,7
140,225,7
141,225,7
142,225,7
143,225,6
144,225,6
145,225,6
146,225,6
147,225,6
148,225,6
149,225,6
150,225,6
151,225,6
152,225,5
153,225,5
154,225,5
155,225,5
156,225,5
157,225,5
158,225,5
159,225,5
160,225,5
161,225,5
162,225,5
163,225,5
164,225,5
165,225,5
166,225,5
167,225,5
168,225,5
169,225,5
170,225,5
171,225,5
172,225,5
173,225,5
174,225,4
175,225,4
176,225,4
177,225,4
178,225,4
179,225,4
180,225,4
181,225,4
182,225,4
183,225,4
184,225,4
185,225,4
186,225,4
187,225,4
188,225,3
189,225,3
190,225,3
191,225,3
192,225,3
193,225,3
194,225,3
195,225,3
196,225,3
197,225,3
198,225,3
199,225,3
200,225,3
201,225,3
202,225,3
203,225,3
204,225,3
205,225,3
206,225,3
207,225,3
208,225,3
209,225,3
210,225,3
211,225,3
212,225,3
213,225,3
214,225,3
215,225,3
216,225,3
217,225,3
218,225,3
219,225,3
220,225,3
221,225,3
222,225,2
223,225,2
224,225,2
225,225,2
226,225,2
227,225,2
228,225,2
229,225,2
230,225,2
231,225,2
232,225,2
233,225,2
234,225,2
235,225,2
236,225,2
237,225,2
238,225,2
239,225,2
240,225,2
241,225,2
242,225,2
243,225,2
244,225,2
245,225,2
246,225,2
247,225,2
248,225,2
249,225,2
250,225,2
251,225,2
252,225,2
253,225,2
254,225,2
255,225,2
0,226,3
1,226,3
2,226,3
3,226,3
4,226,3
5,226,4
6,226,4
7,226,4
8,226,4
9,226,4
10,226,4
11,226,4
12,226,4
13,226,4
14,226,4
15,226,4
16,226,4
17,226,4
18,226,4
19,226,4
20,226,4
21,226,4
22,226,4
23,226,4
24,226,4
25,226,4
26,226,4
27,226,4
28,226,4
29,226,4
30,226,4
31,226,4
32,226,4
33,226,4
34,226,4
35,226,4
36,226,4
37,226,4
38,226,4
39,226,4
40,226,4
41,226,4
42,226,4
43,226,4
44,226,4
45,226,4
46,226,4
47,226,4
48,226,4
49,226,5
50,226,5
51,226,5
52,226,5
53,226,5
54,226,5
55,226,5
56,226,5
57,226,5
58,226,5
59,226,6
60,226,6
61,226,6
62,226,6
63,226,6
64,226,6
65,226,6
66,226,6
67,226,6
68,226,6
69,226,6
70,226,6
71,226,6
72,226,6
73,226,6
74,226,6
75,226,6
76,226,6
77,226,6
78,226,7
79,226,7
80,226,7
81,226,7
82,226,7
83,226,7
84,226,7
85,226,7
86,226,8
87,226,8
88,226,8
89,226,8
90,226,8
91,226,9
92,226,10
93,226,11
94,226,13
95,226,20
96,226,48
97,226,20
98,226,20
99,226,37
100,226,0
101,226,0
102,226,0
103,226,0
104,226,0
105,226,0
106,226,0
107,226,0
108,226,0
109,226,0
110,226,0
111,226,0
112,226,0
113,226,0
114,226,0
115,226,0
116,226,0
117,226,0
118,226,0
119,226,0
120,226,0
121,226,0
122,226,0
123,226,0
124,226,44
125,226,26
126,226,20
127,226,16
128,226,14
129,226,13
130,226,11
131,226,10
132,226,9
133,226,9
134,226,8
135,226,8
136,226,7
137,226,7
138,226,7
139,226,7
140,226,7
141,226,7
142,226,6
143,226,6
144,226,6
145,226,6
146,226,6
147,226,6
148,226,6
149,226,6
150,226,5
151,226,5
152,226,5
153,226,5
154,226,5
155,226,5
156,226,5
157,226,5
158,226,5
159,226,5
160,226,5
161,226,5
162,226,5
163,226,5
164,226,5
165,226,5
166,226,5
167,226,5
168,226,5
169,226,5
170,226,5
171,226,5
172,226,5
173,226,4
174,226,4
175,226,4
176,226,4
177,226,4
178,226,4
179,226,4
180,226,4
181,226,4
182,226,4
183,226,4
184,226,4
185,226,4
186,226,4
187,226,3
188,226,3
189,226,3
190,226,3
191,226,3
192,226,3
193,226,3
194,226,3
195,226,3
196,226,3
197,226,3
198,226,3
199,226,3
200,226,3
201,226,3
202,226,3
203,226,3
204,226,3
205,226,3
206,226,3
207,226,3
208,226,3
209,226,3
210,226,3
211,226,3
212,226,3
213,226,3
214,226,3
215,226,3
216,226,3
217,226,3
218,226,3
219,226,3
220,226,3
221,226,2
222,226,2
223,226,2
224,226,2
225,226,2
226,226,2
227,226,2
228,226,2
229,226,2
230,226,2
231,226,2
232,226,2
233,226,2
234,226,2
235,226,2
236,226,2
237,226,2
238,226,2
239,226,2
240,226,2
241,226,2
242,226,2
243,226,2
244,226,2
245,226,2
246,226,2
247,226,2
248,226,2
249,226,2
250,226,2
251,226,2
252,226,2
253,226,2
254,226,2
255,226,2
0,227,3
1,227,3
2,227,3
3,227,3
4,227,3
5,227,3
6,227,4
7,227,4
8,227,4
9,227,4
10,227,4
11,227,4
12,227,4
13,227,4
14,227,4
15,227,4
16,227,4
17,227,4
18,227,4
19,227,4
20,227,4
21,227,4
22,227,4
23,227,4
24,227,4
25,227,4
26,227,4
27,227,4
28,227,4
29,227,4
30,227,4
31,227,4
32,227,4
33,227,4
34,227,4
35,227,4
36,227,4
37,227,4
38,227,4
39,227,4
40,227,4
41,227,4
42,227,4
43,227,4
44,227,4
45,227,4
46,227,4
47,227,4
48,227,4
49,227,4
50,227,5
51,227,5
52,227,5
53,227,5
54,227,5
55,227,5
56,227,5
57,227,5
58,227,5
59,227,5
60,227,5
61,227,6
62,227,6
63,227,6
64,227,6
65,227,6
66,227,6
67,227,6
68,227,6
69,227,6
70,227,6
71,227,6
72,227,6
73,227,6
74,227,6
75,227,6
76,227,6
77,227,6
78,227,6
79,227,7
80,227,7
81,227,7
82,227,7
83,227,7
84,227,7
85,227,7
86,227,8
87,227,8
88,227,8
89,227,8
90,227,8
91,227,9
92,227,10
93,227,10
94,227,17
95,227,17
96,227,17
97,227,17
98,227,19
99,227,0
100,227,35
101,227,0
102,227,0
103,227,0
104,227,0
105,227,0
106,227,0
107,227,0
108,227,0
109,227,0
110,227,0
111,227,0
112,227,0
113,227,0
114,227,0
115,227,0
116,227,0
117,227,0
118,227,0
119,227,0
120,227,0
121,227,0
122,227,0
123,227,0
124,227,0
125,227,46
126,227,38
127,227,20
128,227,14
129,227,12
130,227,11
131,227,10
132,227,9
133,227,9
134,227,8
135,227,8
136,227,7
137,227,7
138,227,7
139,227,7
140,227,7
141,227,7
142,227,6
143,227,6
144,227,6
145,227,6
146,227,6
147,227,6
148,227,5
149,227,5
150,227,5
151,227,5
152,227,5
153,227,5
154,227,5
155,227,5
156,227,5
157,227,5
158,227,5
159,227,5
160,227,5
161,227,5
162,227,5
163,227,5
164,227,5
165,227,5
166,227,5
167,227,5
168,227,5
169,227,5
170,227,5
171,227,4
172,227,4
173,227,4
174,227,4
175,227,4
176,227,4
177,227,4
178,227,4
179,227,4
180,227,4
181,227,4
182,227,4
183,227,4
184,227,4
185,227,4
186,227,4
187,227,3
188,227,3
189,227,3
190,227,3
191,227,3
192,227,3
193,227,3
194,227,3
195,227,3
196,227,3
197,227,3
198,227,3
199,227,3
200,227,3
201,227,3
202,227,3
203,227,3
204,227,3
205,227,3
206,227,3
207,227,3
208,227,3
209,227,3
210,227,3
211,227,3
212,227,3
213,227,3
214,227,3
215,227,3
216,227,3
217,227,3
218,227,3
219,227,3
220,227,2
221,227,2
222,227,2
223,227,2
224,227,2
225,227,2
226,227,2
227,227,2
228,227,2
229,227,2
230,227,2
231,227,2
232,227,2
233,227,2
234,227,2
235,227,2
236,227,2
237,227,2
238,227,2
239,227,2
240,227,2
241,227,2
242,227,2
243,227,2
244,227,2
245,227,2
246,227,2
247,227,2
248,227,2
249,227,2
250,227,2
251,227,2
252,227,2
253,227,2
254,227,2
255,227,2
0,228,3
1,228,3
2,228,3
3,228,3
4,228,3
5,228,3
6,228,3
7,228,4
8,228,4
9,228,4
10,228,4
11,228,4
12,228,4
13,228,4
14,228,4
15,228,4
16,228,4
17,228,4
18,228,4
19,228,4
20,228,4
21,228,4
22,228,4
23,228,4
24,228,4
25,228,4
26,228,4
27,228,4
28,228,4
29,228,4
30,228,4
31,228,4
32,228,4
33,228,4
34,228,4
35,228,4
36,228,4
37,228,4
38,228,4
39,228,4
40,228,4
41,228,4
42,228,4
43,228,4
44,228,4
45,228,4
46,228,4
47,228,4
48,228,4
49,228,4
50,228,4
51,228,4
52,228,5
53,228,5
54,228,5
55,228,5
56,228,5
57,228,5
58,228,5
59,228,5
60,228,5
61,228,5
62,228,5
63,228,6
64,228,6
65,228,6
66,228,6
67,228,6
68,228,6
69,228,6
70,228,6
71,228,6
72,228,6
73,228,6
74,228,6
75,228,6
76,228,6
77,228,6
78,228,6
79,228,6
80,228,7
81,228,7
82,228,7
83,228,7
84,228,7
85,228,7
86,228,7
87,228,8
88,228,8
89,228,8
90,228,8
91,228,9
92,228,10
93,228,10
94,228,12
95,228,13
96,228,14
97,228,16
98,228,19
99,228,23
100,228,31
101,228,19
102,228,0
103,228,0
104,228,0
105,228,0
106,228,0
107,228,0
108,228,0
109,228,0
110,228,0
111,228,0
112,228,0
113,228,0
114,228,0
115,228,0
116,228,0
117,228,0
118,228,0
119,228,0
120,228,0
121,228,0
122,228,0
123,228,0
124,228,0
125,228,0
126,228,31
127,228,22
128,228,21
129,228,13
130,228,11
131,228,10
132,228,10
133,228,9
134,228,8
135,228,8
136,228,7
137,228,7
138,228,7
139,228,7
140,228,7
141,228,6
142,228,6
143,228,6
144,228,6
145,228,6
146,228,6
147,228,5
148,228,5
149,228,5
150,228,5
151,228,5
152,228,5
153,228,5
154,228,5
155,228,5
156,228,5
157,228,5
158,228,5
159,228,5
160,228,5
161,228,5
162,228,5
163,228,5
164,228,5
165,228,5
166,228,5
167,228,5
168,228,5
169,228,5
170,228,4
171,228,4
172,228,4
173,228,4
174,228,4
175,228,4
176,228,4
177,228,4
178,228,4
179,228,4
180,228,4
181,228,4
182,228,4
183,228,4
184,228,4
185,228,4
186,228,3
187,228,3
188,228,3
189,228,3
190,228,3
191,228,3
192,228,3
193,228,3
194,228,3
195,228,3
196,228,3
197,228,3
198,228,3
199,228,3
200,228,3
201,228,3
202,228,3
203,228,3
204,228,3
205,228,3
206,228,3
207,228,3
208,228,3
209,228,3
210,228,3
211,228,3
212,228,3
213,228,3
214,228,3
215,228,3
216,228,3
217,228,3
218,228,3
219,228,2
220,228,2
221,228,2
222,228,2
223,228,2
224,228,2
225,228,2
226,228,2
227,228,2
228,228,2
229,228,2
230,228,2
231,228,2
232,228,2
233,228,2
234,228,2
235,228,2
236,228,2
237,228,2
238,228,2
239,228,2
240,228,2
241,228,2
242,228,2
243,228,2
244,228,2
245,228,2
246,228,2
247,228,2
248,228,2
249,228,2
250,228,2
251,228,2
252,228,2
253,228,2
254,228,2
255,228,2
0,229,3
1,229,3
2,229,3
3,229,3
4,229,3
5,229,3
6,229,3
7,229,3
8,229,3
9,229,4
10,229,4
11,229,4
12,229,4
13,229,4
14,229,4
15,229,4
16,229,4
17,229,4
18,229,4
19,229,4
20,229,4
21,229,4
22,229,4
23,229,4
24,229,4
25,229,4
26,229,4
27,229,4
28,229,4
29,229,4
30,229,4
31,229,4
32,229,4
33,229,4
34,229,4
35,229,4
36,229,4
37,229,4
38,229,4
39,229,4
40,229,4
41,229,4
42,229,4
43,229,4
44,229,4
45,229,4
46,229,4
47,229,4
48,229,4
49,229,4
50,229,4
51,229,4
52,229,4
53,229,5
54,229,5
55,229,5
56,229,5
57,229,5
58,229,5
59,229,5
60,229,5
61,229,5
62,229,5
63,229,5
64,229,5
65,229,5
66,229,6
67,229,6
68,229,6
69,229,6
70,229,6
71,229,6
72,229,6
73,229,6
74,229,6
75,229,6
76,229,6
77,229,6
78,229,6
79,229,6
80,229,6
81,229,7
82,229,7
83,229,7
84,229,7
85,229,7
86,229,7
87,229,8
88,229,8
89,229,8
90,229,8
91,229,9
92,229,10
93,229,10
94,229,11
95,229,12
96,229,14
97,229,15
98,229,27
99,229,8
100,229,0
101,229,0
102,229,0
103,229,0
104,229,0
105,229,0
106,229,0
107,229,0
108,229,0
109,229,0
110,229,0
111,229,0
112,229,0
113,229,0
114,229,0
115,229,0
116,229,0
117,229,0
118,229,0
119,229,0
120,229,0
121,229,0
122,229,0
123,229,0
124,229,0
125,229,42
126,229,30
127,229,59
128,229,21
129,229,15
130,229,12
131,229,11
132,229,10
133,229,9
134,229,8
135,229,7
136,229,7
137,229,7
138,229,7
139,229,7
140,229,6
141,229,6
142,229,6
143,229,6
144,229,6
145,229,6
146,229,5
147,229,5
148,229,5
149,229,5
150,229,5
151,229,5
152,229,5
153,229,5
154,229,5
155,229,5
156,229,5
157,229,5
158,229,5
159,229,5
160,229,5
161,229,5
162,229,5
163,229,5
164,229,5
165,229,5
166,229,5
167,229,5
168,229,4
169,229,4
170,229,4
171,229,4
172,229,4
173,229,4
174,229,4
175,229,4
176,229,4
177,229,4
178,229,4
179,229,4
180,229,4
181,229,4
182,229,4
183,229,4
184,229,4
185,229,3
186,229,3
187,229,3
188,229,3
189,229,3
190,229,3
191,229,3
192,229,3
193,229,3
194,229,3
195,229,3
196,229,3
197,229,3
198,229,3
199,229,3
200,229,3
201,229,3
202,229,3
203,229,3
204,229,3
205,229,3
206,229,3
207,229,3
208,229,3
209,229,3
210,229,3
211,229,3
212,229,3
213,229,3
214,229,3
215,229,3
216,229,3
217,229,3
218,229,3
219,229,2
220,229,2
221,229,2
222,229,2
223,229,2
224,229,2
225,229,2
226,229,2
227,229,2
228,229,2
229,229,2
230,229,2
231,229,2
232,229,2
233,229,2
234,229,2
235,229,2
236,229,2
237,229,2
238,229,2
239,229,2
240,229,2
241,229,2
242,229,2
243,229,2
244,229,2
245,229,2
246,229,2
247,229,2
248,229,2
249,229,2
250,229,2
251,229,2
252,229,2
253,229,2
254,229,2
255,229,2
0,230,3
1,230,3
2,230,3
3,230,3
4,230,3
5,230,3
6,230,3
7,230,3
8,230,3
9,230,3
10,230,4
11,230,4
12,230,4
13,230,4
14,230,4
15,230,4
16,230,4
17,230,4
18,230,4
19,230,4
20,230,4
21,230,4
22,230,4
23,230,4
24,230,4
25,230,4
26,230,4
27,230,4
28,230,4
29,230,4
30,230,4
31,230,4
32,230,4
33,230,4
34,230,4
35,230,4
36,230,4
37,230,4
38,230,4
39,230,4
40,230,4
41,230,4
42,230,4
43,230,4
44,230,4
45,230,4
46,230,4
47,230,4
48,230,4
49,230,4
50,230,4
51,230,4
52,230,4
53,230,4
54,230,4
55,230,5
56,230,5
57,230,5
58,230,5
59,230,5
60,230,5
61,230,5
62,230,5
63,230,5
64,230,5
65,230,5
66,230,5
67,230,5
68,230,6
69,230,6
70,230,6
71,230,6
72,230,6
73,230,6
74,230,6
75,230,6
76,230,6
77,230,6
78,230,6
79,230,6
80,230,6
81,230,6
82,230,7
83,230,7
84,230,7
85,230,7
86,230,7
87,230,8
88,230,8
89,230,8
90,230,8
91,230,9
92,230,10
93,230,10
94,230,11
95,230,12
96,230,15
97,230,17
98,230,23
99,230,36
100,230,0
101,230,0
102,230,0
103,230,0
104,230,0
105,230,0
106,230,0
107,230,0
108,230,0
109,230,0
110,230,0
111,230,0
112,230,0
113,230,0
114,230,0
115,230,0
116,230,0
117,230,0
118,230,0
119,230,0
120,230,0
121,230,0
122,230,45
123,230,36
124,230,53
125,230,33
126,230,27
127,230,3
128,230,21
129,230,14
130,230,13
131,230,14
132,230,13
133,230,10
134,230,8
135,230,7
136,230,7
137,230,7
138,230,7
139,230,7
140,230,6
141,230,6
142,230,6
143,230,6
144,230,6
145,230,5
146,230,5
147,230,5
148,230,5
149,230,5
150,230,5
151,230,5
152,230,5
153,230,5
154,230,5
155,230,5
156,230,5
157,230,5
158,230,5
159,230,5
160,230,5
161,230,5
162,230,5
163,230,5
164,230,5
165,230,5
166,230,5
167,230,4
168,230,4
169,230,4
170,230,4
171,230,4
172,230,4
173,230,4
174,230,4
175,230,4
176,230,4
177,230,4
178,230,4
179,230,4
180,230,4
181,230,4
182,230,4
183,230,4
184,230,4
185,230,3
186,230,3
187,230,3
188,230,3
189,230,3
190,230,3
191,230,3
192,230,3
193,230,3
194,230,3
195,230,3
196,230,3
197,230,3
198,230,3
199,230,3
200,230,3
201,230,3
202,230,3
203,230,3
204,230,3
205,230,3
206,230,3
207,230,3
208,230,3
209,230,3
210,230,3
211,230,3
212,230,3
213,230,3
214,230,3
215,230,3
216,230,3
217,230,3
218,230,2
219,230,2
220,230,2
221,230,2
222,230,2
223,230,2
224,230,2
225,230,2
226,230,2
227,230,2
228,230,2
229,230,2
230,230,2
231,230,2
232,230,2
233,230,2
234,230,2
235,230,2
236,230,2
237,230,2
238,230,2
239,230,2
240,230,2
241,230,2
242,230,2
243,230,2
244,230,2
245,230,2
246,230,2
247,230,2
248,230,2
249,230,2
250,230,2
251,230,2
252,230,2
253,230,2
254,230,2
255,230,2
0,231,3
1,231,3
2,231,3
3,231,3
4,231,3
5,231,3
6,231,3
7,231,3
8,231,3
9,231,3
10,231,3
11,231,4
12,231,4
13,231,4
14,231,4
15,231,4
16,231,4
17,231,4
18,231,4
19,231,4
20,231,4
21,231,4
22,231,4
23,231,4
24,231,4
25,231,4
26,231,4
27,231,4
28,231,4
29,231,4
30,231,4
31,231,4
32,231,4
33,231,4
34,231,4
35,231,4
36,231,4
37,231,4
38,231,4
39,231,4
40,231,4
41,231,4
42,231,4
43,231,4
44,231,4
45,231,4
46,231,4
47,231,4
48,231,4
49,231,4
50,231,4
51,231,4
52,231,4
53,231,4
54,231,4
55,231,4
56,231,5
57,231,5
58,231,5
59,231,5
60,231,5
61,231,5
62,231,5
63,231,5
64,231,5
65,231,5
66,231,5
67,231,5
68,231,5
69,231,5
70,231,6
71,231,6
72,231,6
73,231,6
74,231,6
75,231,6
76,231,6
77,231,6
78,231,6
79,231,6
80,231,6
81,231,6
82,231,6
83,231,7
84,231,7
85,231,7
86,231,7
87,231,8
88,231,8
89,231,8
90,231,9
91,231,9
92,231,10
93,231,11
94,231,11
95,231,12
96,231,17
97,231,29
98,231,39
99,231,62
100,231,48
101,231,0
102,231,0
103,231,51
104,231,0
105,231,0
106,231,0
107,231,0
108,231,0
109,231,0
110,231,0
111,231,0
112,231,0
113,231,0
114,231,0
115,231,0
116,231,0
117,231,0
118,231,0
119,231,0
120,231,0
121,231,50
122,231,40
123,231,23
124,231,30
125,231,22
126,231,23
127,231,24
128,231,40
129,231,17
130,231,16
131,231,32
132,231,18
133,231,12
134,231,8
135,231,7
136,231,7
137,231,7
138,231,7
139,231,6
140,231,6
141,231,6
142,231,6
143,231,5
144,231,5
145,231,5
146,231,5
147,231,5
148,231,5
149,231,5
150,231,5
151,231,5
152,231,5
153,231,5
154,231,5
155,231,5
156,231,5
157,231,5
158,231,5
159,231,5
160,231,5
161,231,5
162,231,5
163,231,5
164,231,5
165,231,4
166,231,4
167,231,4
168,231,4
169,231,4
170,231,4
171,231,4
172,231,4
173,231,4
174,231,4
175,231,4
176,231,4
177,231,4
178,231,4
179,231,4
180,231,4
181,231,4
182,231,4
183,231,4
184,231,3
185,231,3
186,231,3
187,231,3
188,231,3
189,231,3
190,231,3
191,231,3
192,231,3
193,231,3
194,231,3
195,231,3
196,231,3
197,231,3
198,231,3
199,231,3
200,231,3
201,231,3
202,231,3
203,231,3
204,231,3
205,231,3
206,231,3
207,231,3
208,231,3
209,231,3
210,231,3
211,231,3
212,231,3
213,231,3
214,231,3
215,231,3
216,231,3
217,231,2
218,231,2
219,231,2
220,231,2
221,231,2
222,231,2
223,231,2
224,231,2
225,231,2
226,231,2
227,231,2
228,231,2
229,231,2
230,231,2
231,231,2
232,231,2
233,231,2
234,231,2
235,231,2
236,231,2
237,231,2
238,231,2
239,231,2
240,231,2
241,231,2
242,231,2
243,231,2
244,231,2
245,231,2
246,231,2
247,231,2
248,231,2
249,231,2
250,231,2
251,231,2
252,231,2
253,231,2
254,231,2
255,231,2
0,232,3
1,232,3
2,232,3
3,232,3
4,232,3
5,232,3
6,232,3
7,232,3
8,232,3
9,232,3
10,232,3
11,232,3
12,232,4
13,232,4
14,232,4
15,232,4
16,232,4
17,232,4
18,232,4
19,232,4
20,232,4
21,232,4
22,232,4
23,232,4
24,232,4
25,232,4
26,232,4
27,232,4
28,232,4
29,232,4
30,232,4
31,232,4
32,232,4
33,232,4
34,232,4
35,232,4
36,232,4
37,232,4
38,232,4
39,232,4
40,232,4
41,232,4
42,232,4
43,232,4
44,232,4
45,232,4
46,232,4
47,232,4
48,232,4
49,232,4
50,232,4
51,232,4
52,232,4
53,232,4
54,232,4
55,232,4
56,232,4
57,232,5
58,232,5
59,232,5
60,232,5
61,232,5
62,232,5
63,232,5
64,232,5
65,232,5
66,232,5
67,232,5
68,232,5
69,232,5
70,232,5
71,232,5
72,232,6
73,232,6
74,232,6
75,232,6
76,232,6
77,232,6
78,232,6
79,232,6
80,232,6
81,232,6
82,232,6
83,232,6
84,232,7
85,232,7
86,232,7
87,232,8
88,232,8
89,232,8
90,232,9
91,232,9
92,232,10
93,232,11
94,232,12
95,232,13
96,232,15
97,232,19
98,232,35
99,232,31
100,232,33
101,232,30
102,232,35
103,232,29
104,232,0
105,232,0
106,232,0
107,232,0
108,232,0
109,232,0
110,232,0
111,232,0
112,232,0
113,232,0
114,232,0
115,232,0
116,232,0
117,232,0
118,232,0
119,232,0
120,232,0
121,232,54
122,232,23
123,232,19
124,232,31
125,232,17
126,232,17
127,232,19
128,232,25
129,232,20
130,232,54
131,232,16
132,232,12
133,232,11
134,232,8
135,232,7
136,232,7
137,232,7
138,232,6
139,232,6
140,232,6
141,232,6
142,232,6
143,232,5
144,232,5
145,232,5
146,232,5
147,232,5
148,232,5
149,232,5
150,232,5
151,232,5
152,232,5
153,232,5
154,232,5
155,232,5
156,232,5
157,232,5
158,232,5
159,232,5
160,232,5
161,232,5
162,232,5
163,232,5
164,232,4
165,232,4
166,232,4
167,232,4
168,232,4
169,232,4
170,232,4
171,232,4
172,232,4
173,232,4
174,232,4
175,232,4
176,232,4
177,232,4
178,232,4
179,232,4
180,232,4
181,232,4
182,232,4
183,232,4
184,232,3
185,232,3
186,232,3
187,232,3
188,232,3
189,232,3
190,232,3
191,232,3
192,232,3
193,232,3
194,232,3
195,232,3
196,232,3
197,232,3
198,232,3
199,232,3
200,232,3
201,232,3
202,232,3
203,232,3
204,232,3
205,232,3
206,232,3
207,232,3
208,232,3
209,232,3
210,232,3
211,232,3
212,232,3
213,232,3
214,232,3
215,232,3
216,232,2
217,232,2
218,232,2
219,232,2
220,232,2
221,232,2
222,232,2
223,232,2
224,232,2
225,232,2
226,232,2
227,232,2
228,232,2
229,232,2
230,232,2
231,232,2
232,232,2
233,232,2
234,232,2
235,232,2
236,232,2
237,232,2
238,232,2
239,232,2
240,232,2
241,232,2
242,232,2
243,232,2
244,232,2
245,232,2
246,232,2
247,232,2
248,232,2
249,232,2
250,232,2
251,232,2
252,232,2
253,232,2
254,232,2
255,232,2
0,233,3
1,233,3
2,233,3
3,233,3
4,233,3
5,233,3
6,233,3
7,233,3
8,233,3
9,233,3
10,233,3
11,233,3
12,233,3
13,233,4
14,233,4
15,233,4
16,233,4
17,233,4
18,233,4
19,233,4
20,233,4
21,233,4
22,233,4
23,233,4
24,233,4
25,233,4
26,233,4
27,233,4
28,233,4
29,233,4
30,233,4
31,233,4
32,233,4
33,233,4
34,233,4
35,233,4
36,233,4
37,233,4
38,233,4
39,233,4
40,233,4
41,233,4
42,233,4
43,233,4
44,233,4
45,233,4
46,233,4
47,233,4
48,233,4
49,233,4
50,233,4
51,233,4
52,233,4
53,233,4
54,233,4
55,233,4
56,233,4
57,233,4
58,233,4
59,233,5
60,233,5
61,233,5
62,233,5
63,233,5
64,233,5
65,233,5
66,233,5
67,233,5
68,233,5
69,233,5
70,233,5
71,233,5
72,233,5
73,233,5
74,233,6
75,233,6
76,233,6
77,233,6
78,233,6
79,233,6
80,233,6
81,233,6
82,233,6
83,233,6
84,233,7
85,233,7
86,233,7
87,233,7
88,233,8
89,233,9
90,233,9
91,233,10
92,233,13
93,233,12
94,233,13
95,233,13
96,233,15
97,233,22
98,233,0
99,233,59
100,233,22
101,233,37
102,233,25
103,233,24
104,233,28
105,233,42
106,233,0
107,233,0
108,233,0
109,233,0
110,233,0
111,233,0
112,233,0
113,233,0
114,233,0
115,233,0
116,233,0
117,233,0
118,233,0
119,233,41
120,233,32
121,233,0
122,233,21
123,233,17
124,233,15
125,233,14
126,233,15
127,233,22
128,233,22
129,233,28
130,233,15
131,233,13
132,233,10
133,233,9
134,233,8
135,233,7
136,233,7
137,233,7
138,233,6
139,233,6
140,233,6
141,233,6
142,233,5
143,233,5
144,233,5
145,233,5
146,233,5
147,233,5
148,233,5
149,233,5
150,233,5
151,233,5
152,233,5
153,233,5
154,233,5
155,233,5
156,233,5
157,233,5
158,233,5
159,233,5
160,233,5
161,233,5
162,233,4
163,233,4
164,233,4
165,233,4
166,233,4
167,233,4
168,233,4
169,233,4
170,233,4
171,233,4
172,233,4
173,233,4
174,233,4
175,233,4
176,233,4
177,233,4
178,233,4
179,233,4
180,233,4
181,233,4
182,233,4
183,233,3
184,233,3
185,233,3
186,233,3
187,233,3
188,233,3
189,233,3
190,233,3
191,233,3
192,233,3
193,233,3
194,233,3
195,233,3
196,233,3
197,233,3
198,233,3
199,233,3
200,233,3
201,233,3
202,233,3
203,233,3
204,233,3
205,233,3
206,233,3
207,233,3
208,233,3
209,233,3
210,233,3
211,233,3
212,233,3
213,233,3
214,233,3
215,233,2
216,233,2
217,233,2
218,233,2
219,233,2
220,233,2
221,233,2
222,233,2
223,233,2
224,233,2
225,233,2
226,233,2
227,233,2
228,233,2
229,233,2
230,233,2
231,233,2
232,233,2
233,233,2
234,233,2
235,233,2
236,233,2
237,233,2
238,233,2
239,233,2
240,233,2
241,233,2
242,233,2
243,233,2
244,233,2
245,233,2
246,233,2
247,233,2
248,233,2
249,233,2
250,233,2
251,233,2
252,233,2
253,233,2
254,233,2
255,233,2
0,234,3
1,234,3
2,234,3
3,234,3
4,234,3
5,234,3
6,234,3
7,234,3
8,234,3
9,234,3
10,234,3
11,234,3
12,234,3
13,234,3
14,234,4
15,234,4
16,234,4
17,234,4
18,234,4
19,234,4
20,234,4
21,234,4
22,234,4
23,234,4
24,234,4
25,234,4
26,234,4
27,234,4
28,234,4
29,234,4
30,234,4
31,234,4
32,234,4
33,234,4
34,234,4
35,234,4
36,234,4
37,234,4
38,234,4
39,234,4
40,234,4
41,234,4
42,234,4
43,234,4
44,234,4
45,234,4
46,234,4
47,234,4
48,234,4
49,234,4
50,234,4
51,234,4
52,234,4
53,234,4
54,234,4
55,234,4
56,234,4
57,234,4
58,234,4
59,234,4
60,234,5
61,234,5
62,234,5
63,234,5
64,234,5
65,234,5
66,234,5
67,234,5
68,234,5
69,234,5
70,234,5
71,234,5
72,234,5
73,234,5
74,234,5
75,234,5
76,234,6
77,234,6
78,234,6
79,234,6
80,234,6
81,234,6
82,234,6
83,234,6
84,234,6
85,234,7
86,234,7
87,234,7
88,234,8
89,234,9
90,234,10
91,234,13
92,234,40
93,234,16
94,234,15
95,234,15
96,234,16
97,234,27
98,234,22
99,234,19
100,234,18
101,234,49
102,234,28
103,234,19
104,234,28
105,234,1
106,234,3
107,234,39
108,234,0
109,234,0
110,234,0
111,234,0
112,234,0
113,234,0
114,234,0
115,234,0
116,234,0
117,234,38
118,234,29
119,234,28
120,234,21
121,234,25
122,234,28
123,234,16
124,234,14
125,234,13
126,234,14
127,234,18
128,234,25
129,234,16
130,234,13
131,234,11
132,234,9
133,234,9
134,234,8
135,234,7
136,234,7
137,234,6
138,234,6
139,234,6
140,234,6
141,234,5
142,234,5
143,234,5
144,234,5
145,234,5
146,234,5
147,234,5
148,234,5
149,234,5
150,234,5
151,234,5
152,234,5
153,234,5
154,234,5
155,234,5
156,234,5
157,234,5
158,234,5
159,234,5
160,234,5
161,234,4
162,234,4
163,234,4
164,234,4
165,234,4
166,234,4
167,234,4
168,234,4
169,234,4
170,234,4
171,234,4
172,234,4
173,234,4
174,234,4
175,234,4
176,234,4
177,234,4
178,234,4
179,234,4
180,234,4
181,234,4
182,234,3
183,234,3
184,234,3
185,234,3
186,234,3
187,234,3
188,234,3
189,234,3
190,234,3
191,234,3
192,234,3
193,234,3
194,234,3
195,234,3
196,234,3
197,234,3
198,234,3
199,234,3
200,234,3
201,234,3
202,234,3
203,234,3
204,234,3
205,234,3
206,234,3
207,234,3
208,234,3
209,234,3
210,234,3
211,234,3
212,234,3
213,234,3
214,234,2
215,234,2
216,234,2
217,234,2
218,234,2
219,234,2
220,234,2
221,234,2
222,234,2
223,234,2
224,234,2
225,234,2
226,234,2
227,234,2
228,234,2
229,234,2
230,234,2
231,234,2
232,234,2
233,234,2
234,234,2
235,234,2
236,234,2
237,234,2
238,234,2
239,234,2
240,234,2
241,234,2
242,234,2
243,234,2
244,234,2
245,234,2
246,234,2
247,234,2
248,234,2
249,234,2
250,234,2
251,234,2
252,234,2
253,234,2
254,234,2
255,234,2
0,235,3
1,235,3
2,235,3
3,235,3
4,235,3
5,235,3
6,235,3
7,235,3
8,235,3
9,235,3
10,235,3
11,235,3
12,235,3
13,235,3
14,235,3
15,235,3
16,235,4
17,235,4
18,235,4
19,235,4
20,235,4
21,235,4
22,235,4
23,235,4
24,235,4
25,235,4
26,235,4
27,235,4
28,235,4
29,235,4
30,235,4
31,235,4
32,235,4
33,235,4
34,235,4
35,235,4
36,235,4
37,235,4
38,235,4
39,235,4
40,235,4
41,235,4
42,235,4
43,235,4
44,235,4
45,235,4
46,235,4
47,235,4
48,235,4
49,235,4
50,235,4
51,235,4
52,235,4
53,235,4
54,235,4
55,235,4
56,235,4
57,235,4
58,235,4
59,235,4
60,235,4
61,235,5
62,235,5
63,235,5
64,235,5
65,235,5
66,235,5
67,235,5
68,235,5
69,235,5
70,235,5
71,235,5
72,235,5
73,235,5
74,235,5
75,235,5
76,235,5
77,235,5
78,235,6
79,235,6
80,235,6
81,235,6
82,235,6
83,235,6
84,235,6
85,235,6
86,235,7
87,235,7
88,235,8
89,235,18
90,235,18
91,235,20
92,235,16
93,235,26
94,235,19
95,235,20
96,235,18
97,235,26
98,235,21
99,235,17
100,235,16
101,235,15
102,235,15
103,235,17
104,235,20
105,235,44
106,235,27
107,235,25
108,235,39
109,235,41
110,235,36
111,235,54
112,235,0
113,235,0
114,235,0
115,235,0
116,235,3
117,235,27
118,235,23
119,235,23
120,235,18
121,235,22
122,235,17
123,235,13
124,235,13
125,235,12
126,235,13
127,235,15
128,235,32
129,235,23
130,235,16
131,235,13
132,235,9
133,235,8
134,235,8
135,235,7
136,235,7
137,235,6
138,235,6
139,235,6
140,235,5
141,235,5
142,235,5
143,235,5
144,235,5
145,235,5
146,235,5
147,235,5
148,235,5
149,235,5
150,235,5
151,235,5
152,235,5
153,235,5
154,235,5
155,235,5
156,235,5
157,235,5
158,235,5
159,235,4
160,235,4
161,235,4
162,235,4
163,235,4
164,235,4
165,235,4
166,235,4
167,235,4
168,235,4
169,235,4
170,235,4
171,235,4
172,235,4
173,235,4
174,235,4
175,235,4
176,235,4
177,235,4
178,235,4
179,235,4
180,235,4
181,235,3
182,235,3
183,235,3
184,235,3
185,235,3
186,235,3
187,235,3
188,235,3
189,235,3
190,235,3
191,235,3
192,235,3
193,235,3
194,235,3
195,235,3
196,235,3
197,235,3
198,235,3
199,235,3
200,235,3
201,235,3
202,235,3
203,235,3
204,235,3
205,235,3
206,235,3
207,235,3
208,235,3
209,235,3
210,235,3
211,235,3
212,235,3
213,235,2
214,235,2
215,235,2
216,235,2
217,235,2
218,235,2
219,235,2
220,235,2
221,235,2
222,235,2
223,235,2
224,235,2
225,235,2
226,235,2
227,235,2
228,235,2
229,235,2
230,235,2
231,235,2
232,235,2
233,235,2
234,235,2
235,235,2
236,235,2
237,235,2
238,235,2
239,235,2
240,235,2
241,235,2
242,235,2
243,235,2
244,235,2
245,235,2
246,235,2
247,235,2
248,235,2
249,235,2
250,235,2
251,235,2
252,235,2
253,235,2
254,235,2
255,235,2
0,236,3
1,236,3
2,236,3
3,236,3
4,236,3
5,236,3
6,236,3
7,236,3
8,236,3
9,236,3
10,236,3
11,236,3
12,236,3
13,236,3
14,236,3
15,236,3
16,236,3
17,236,4
18,236,4
19,236,4
20,236,4
21,236,4
22,236,4
23,236,4
24,236,4
25,236,4
26,236,4
27,236,4
28,236,4
29,236,4
30,236,4
31,236,4
32,236,4
33,236,4
34,236,4
35,236,4
36,236,4
37,236,4
38,236,4
39,236,4
40,236,4
41,236,4
42,236,4
43,236,4
44,236,4
45,236,4
46,236,4
47,236,4
48,236,4
49,236,4
50,236,4
51,236,4
52,236,4
53,236,4
54,236,4
55,236,4
56,236,4
57,236,4
58,236,4
59,236,4
60,236,4
61,236,4
62,236,5
63,236,5
64,236,5
65,236,5
66,236,5
67,236,5
68,236,5
69,236,5
70,236,5
71,236,5
72,236,5
73,236,5
74,236,5
75,236,5
76,236,5
77,236,5
78,236,5
79,236,5
80,236,6
81,236,6
82,236,6
83,236,6
84,236,6
85,236,6
86,236,6
87,236,7
88,236,7
89,236,9
90,236,10
91,236,16
92,236,13
93,236,12
94,236,32
95,236,18
96,236,21
97,236,20
98,236,49
99,236,17
100,236,14
101,236,14
102,236,14
103,236,16
104,236,35
105,236,28
106,236,19
107,236,20
108,236,22
109,236,24
110,236,41
111,236,0
112,236,0
113,236,0
114,236,0
115,236,0
116,236,0
117,236,53
118,236,22
119,236,18
120,236,16
121,236,15
122,236,15
123,236,12
124,236,11
125,236,11
126,236,11
127,236,12
128,236,18
129,236,16
130,236,18
131,236,19
132,236,11
133,236,8
134,236,8
135,236,7
136,236,6
137,236,6
138,236,6
139,236,6
140,236,5
141,236,5
142,236,5
143,236,5
144,236,5
145,236,5
146,236,5
147,236,5
148,236,5
149,236,5
150,236,5
151,236,5
152,236,5
153,236,5
154,236,5
155,236,5
156,236,5
157,236,5
158,236,4
159,236,4
160,236,4
161,236,4
162,236,4
163,236,4
164,236,4
165,236,4
166,236,4
167,236,4
168,236,4
169,236,4
170,236,4
171,236,4
172,236,4
173,236,4
174,236,4
175,236,4
176,236,4
177,236,4
178,236,4
179,236,4
180,236,4
181,236,3
182,236,3
183,236,3
184,236,3
185,236,3
186,236,3
187,236,3
188,236,3
189,236,3
190,236,3
191,236,3
192,236,3
193,236,3
194,236,3
195,236,3
196,236,3
197,236,3
198,236,3
199,236,3
200,236,3
201,236,3
202,236,3
203,236,3
204,236,3
205,236,3
206,236,3
207,236,3
208,236,3
209,236,3
210,236,3
211,236,3
212,236,2
213,236,2
214,236,2
215,236,2
216,236,2
217,236,2
218,236,2
219,236,2
220,236,2
221,236,2
222,236,2
223,236,2
224,236,2
225,236,2
226,236,2
227,236,2
228,236,2
229,236,2
230,236,2
231,236,2
232,236,2
233,236,2
234,236,2
235,236,2
236,236,2
237,236,2
238,236,2
239,236,2
240,236,2
241,236,2
242,236,2
243,236,2
244,236,2
245,236,2
246,236,2
247,236,2
248,236,2
249,236,2
250,236,2
251,236,2
252,236,2
253,236,2
254,236,2
255,236,2
0,237,3
1,237,3
2,237,3
3,237,3
4,237,3
5,237,3
6,237,3
7,237,3
8,237,3
9,237,3
10,237,3
11,237,3
12,237,3
13,237,3
14,237,3
15,237,3
16,237,3
17,237,3
18,237,4
19,237,4
20,237,4
21,237,4
22,237,4
23,237,4
24,237,4
25,237,4
26,237,4
27,237,4
28,237,4
29,237,4
30,237,4
31,237,4
32,237,4
33,237,4
34,237,4
35,237,4
36,237,4
37,237,4
38,237,4
39,237,4
40,237,4
41,237,4
42,237,4
43,237,4
44,237,4
45,237,4
46,237,4
47,237,4
48,237,4
49,237,4
50,237,4
51,237,4
52,237,4
53,237,4
54,237,4
55,237,4
56,237,4
57,237,4
58,237,4
59,237,4
60,237,4
61,237,4
62,237,4
63,237,4
64,237,5
65,237,5
66,237,5
67,237,5
68,237,5
69,237,5
70,237,5
71,237,5
72,237,5
73,237,5
74,237,5
75,237,5
76,237,5
77,237,5
78,237,5
79,237,5
80,237,5
81,237,6
82,237,6
83,237,6
84,237,6
85,237,6
86,237,6
87,237,6
88,237,7
89,237,8
90,237,9
91,237,11
92,237,10
93,237,10
94,237,12
95,237,12
96,237,14
97,237,16
98,237,38
99,237,21
100,237,13
101,237,13
102,237,13
103,237,14
104,237,15
105,237,22
106,237,16
107,237,17
108,237,19
109,237,27
110,237,53
111,237,0
112,237,0
113,237,0
114,237,0
115,237,0
116,237,0
117,237,14
118,237,38
119,237,19
120,237,15
121,237,14
122,237,12
123,237,11
124,237,11
125,237,11
126,237,11
127,237,11
128,237,12
129,237,11
130,237,12
131,237,21
132,237,12
133,237,8
134,237,7
135,237,6
136,237,6
137,237,6
138,237,6
139,237,5
140,237,5
141,237,5
142,237,5
143,237,5
144,237,5
145,237,5
146,237,5
147,237,5
148,237,5
149,237,5
150,237,5
151,237,5
152,237,5
153,237,5
154,237,5
155,237,5
156,237,4
157,237,4
158,237,4
159,237,4
160,237,4
161,237,4
162,237,4
163,237,4
164,237,4
165,237,4
166,237,4
167,237,4
168,237,4
169,237,4
170,237,4
171,237,4
172,237,4
173,237,4
174,237,4
175,237,4
176,237,4
177,237,4
178,237,4
179,237,4
180,237,3
181,237,3
182,237,3
183,237,3
184,237,3
185,237,3
186,237,3
187,237,3
188,237,3
189,237,3
190,237,3
191,237,3
192,237,3
193,237,3
194,237,3
195,237,3
196,237,3
197,237,3
198,237,3
199,237,3
200,237,3
201,237,3
202,237,3
203,237,3
204,237,3
205,237,3
206,237,3
207,237,3
208,237,3
209,237,3
210,237,3
211,237,2
212,237,2
213,237,2
214,237,2
215,237,2
216,237,2
217,237,2
218,237,2
219,237,2
220,237,2
221,237,2
222,237,2
223,237,2
224,237,2
225,237,2
226,237,2
227,237,2
228,237,2
229,237,2
230,237,2
231,237,2
232,237,2
233,237,2
234,237,2
235,237,2
236,237,2
237,237,2
238,237,2
239,237,2
240,237,2
241,237,2
242,237,2
243,237,2
244,237,2
245,237,2
246,237,2
247,237,2
248,237,2
249,237,2
250,237,2
251,237,2
252,237,2
253,237,2
254,237,2
255,237,2
0,238,3
1,238,3
2,238,3
3,238,3
4,238,3
5,238,3
6,238,3
7,238,3
8,238,3
9,238,3
10,238,3
11,238,3
12,238,3
13,238,3
14,238,3
15,238,3
16,238,3
17,238,3
18,238,3
19,238,4
20,238,4
21,238,4
22,238,4
23,238,4
24,238,4
25,238,4
26,238,4
27,238,4
28,238,4
29,238,4
30,238,4
31,238,4
32,238,4
33,238,4
34,238,4
35,238,4
36,238,4
37,238,4
38,238,4
39,238,4
40,238,4
41,238,4
42,238,4
43,238,4
44,238,4
45,238,4
46,238,4
47,238,4
48,238,4
49,238,4
50,238,4
51,238,4
52,238,4
53,238,4
54,238,4
55,238,4
56,238,4
57,238,4
58,238,4
59,238,4
60,238,4
61,238,4
62,238,4
63,238,4
64,238,4
65,238,5
66,238,5
67,238,5
68,238,5
69,238,5
70,238,5
71,238,5
72,238,5
73,238,5
74,238,5
75,238,5
76,238,5
77,238,5
78,238,5
79,238,5
80,238,5
81,238,5
82,238,5
83,238,6
84,238,6
85,238,6
86,238,6
87,238,6
88,238,7
89,238,7
90,238,8
91,238,8
92,238,8
93,238,9
94,238,9
95,238,11
96,238,13
97,238,18
98,238,30
99,238,16
100,238,12
101,238,12
102,238,11
103,238,12
104,238,12
105,238,13
106,238,14
107,238,15
108,238,46
109,238,33
110,238,48
111,238,0
112,238,0
113,238,0
114,238,0
115,238,0
116,238,0
117,238,45
118,238,22
119,238,18
120,238,15
121,238,13
122,238,12
123,238,11
124,238,10
125,238,10
126,238,10
127,238,10
128,238,9
129,238,9
130,238,10
131,238,12
132,238,10
133,238,8
134,238,7
135,238,6
136,238,6
137,238,6
138,238,6
139,238,5
140,238,5
141,238,5
142,238,5
143,238,5
144,238,5
145,238,5
146,238,5
147,238,5
148,238,5
149,238,5
150,238,5
151,238,5
152,238,5
153,238,5
154,238,5
155,238,4
156,238,4
157,238,4
158,238,4
159,238,4
160,238,4
161,238,4
162,238,4
163,238,4
164,238,4
165,238,4
166,238,4
167,238,4
168,238,4
169,238,4
170,238,4
171,238,4
172,238,4
173,238,4
174,238,4
175,238,4
176,238,4
177,238,4
178,238,4
179,238,3
180,238,3
181,238,3
182,238,3
183,238,3
184,238,3
185,238,3
186,238,3
187,238,3
188,238,3
189,238,3
190,238,3
191,238,3
192,238,3
193,238,3
194,238,3
195,238,3
196,238,3
197,238,3
198,238,3
199,238,3
200,238,3
201,238,3
202,238,3
203,238,3
204,238,3
205,238,3
206,238,3
207,238,3
208,238,3
209,238,3
210,238,2
211,238,2
212,238,2
213,238,2
214,238,2
215,238,2
216,238,2
217,238,2
218,238,2
219,238,2
220,238,2
221,238,2
222,238,2
223,238,2
224,238,2
225,238,2
226,238,2
227,238,2
228,238,2
229,238,2
230,238,2
231,238,2
232,238,2
233,238,2
234,238,2
235,238,2
236,238,2
237,238,2
238,238,2
239,238,2
240,238,2
241,238,2
242,238,2
243,238,2
244,238,2
245,238,2
246,238,2
247,238,2
248,238,2
249,238,2
250,238,2
251,238,2
252,238,2
253,238,2
254,238,2
255,238,2
0,239,3
1,239,3
2,239,3
3,239,3
4,239,3
5,239,3
6,239,3
7,239,3
8,239,3
9,239,3
10,239,3
11,239,3
12,239,3
13,239,3
14,239,3
15,239,3
16,239,3
17,239,3
18,239,3
19,239,3
20,239,4
21,239,4
22,239,4
23,239,4
24,239,4
25,239,4
26,239,4
27,239,4
28,239,4
29,239,4
30,239,4
31,239,4
32,239,4
33,239,4
34,239,4
35,239,4
36,239,4
37,239,4
38,239,4
39,239,4
40,239,4
41,239,4
42,239,4
43,239,4
44,239,4
45,239,4
46,239,4
47,239,4
48,239,4
49,239,4
50,239,4
51,239,4
52,239,4
53,239,4
54,239,4
55,239,4
56,239,4
57,239,4
58,239,4
59,239,4
60,239,4
61,239,4
62,239,4
63,239,4
64,239,4
65,239,4
66,239,5
67,239,5
68,239,5
69,239,5
70,239,5
71,239,5
72,239,5
73,239,5
74,239,5
75,239,5
76,239,5
77,239,5
78,239,5
79,239,5
80,239,5
81,239,5
82,239,5
83,239,5
84,239,6
85,239,6
86,239,6
87,239,6
88,239,6
89,239,7
90,239,7
91,239,8
92,239,8
93,239,8
94,239,9
95,239,10
96,239,13
97,239,22
98,239,14
99,239,12
100,239,11
101,239,11
102,239,11
103,239,11
104,239,11
105,239,13
106,239,13
107,239,14
108,239,18
109,239,22
110,239,50
111,239,0
112,239,0
113,239,0
114,239,0
115,239,0
116,239,56
117,239,24
118,239,24
119,239,18
120,239,16
121,239,16
122,239,12
123,239,10
124,239,10
125,239,10
126,239,9
127,239,9
128,239,9
129,239,9
130,239,9
131,239,9
132,239,8
133,239,7
134,239,6
135,239,6
136,239,6
137,239,6
138,239,5
139,239,5
140,239,5
141,239,5
142,239,5
143,239,5
144,239,5
145,239,5
146,239,5
147,239,5
148,239,5
149,239,5
150,239,5
151,239,5
152,239,5
153,239,5
154,239,4
155,239,4
156,239,4
157,239,4
158,239,4
159,239,4
160,239,4
161,239,4
162,239,4
163,239,4
164,239,4
165,239,4
166,239,4
167,239,4
168,239,4
169,239,4
170,239,4
171,239,4
172,239,4
173,239,4
174,239,4
175,239,4
176,239,4
177,239,4
178,239,4
179,239,3
180,239,3
181,239,3
182,239,3
183,239,3
184,239,3
185,239,3
186,239,3
187,239,3
188,239,3
189,239,3
190,239,3
191,239,3
192,239,3
193,239,3
194,239,3
195,239,3
196,239,3
197,239,3
198,239,3
199,239,3
200,239,3
201,239,3
202,239,3
203,239,3
204,239,3
205,239,3
206,239,3
207,239,3
208,239,3
209,239,2
210,239,2
211,239,2
212,239,2
213,239,2
214,239,2
215,239,2
216,239,2
217,239,2
218,239,2
219,239,2
220,239,2
221,239,2
222,239,2
223,239,2
224,239,2
225,239,2
226,239,2
227,239,2
228,239,2
229,239,2
230,239,2
231,239,2
232,239,2
233,239,2
234,239,2
235,239,2
236,239,2
237,239,2
238,239,2
239,239,2
240,239,2
241,239,2
242,239,2
243,239,2
244,239,2
245,239,2
246,239,2
247,239,2
248,239,2
249,239,2
250,239,2
251,239,2
252,239,2
253,239,2
254,239,2
255,239,2
0,240,3
1,240,3
2,240,3
3,240,3
4,240,3
5,240,3
6,240,3
7,240,3
8,240,3
9,240,3
10,240,3
11,240,3
12,240,3
13,240,3
14,240,3
15,240,3
16,240,3
17,240,3
18,240,3
19,240,3
20,240,3
21,240,3
22,240,4
23,240,4
24,240,4
25,240,4
26,240,4
27,240,4
28,240,4
29,240,4
30,240,4
31,240,4
32,240,4
33,240,4
34,240,4
35,240,4
36,240,4
37,240,4
38,240,4
39,240,4
40,240,4
41,240,4
42,240,4
43,240,4
44,240,4
45,240,4
46,240,4
47,240,4
48,240,4
49,240,4
50,240,4
51,240,4
52,240,4
53,240,4
54,240,4
55,240,4
56,240,4
57,240,4
58,240,4
59,240,4
60,240,4
61,240,4
62,240,4
63,240,4
64,240,4
65,240,4
66,240,4
67,240,5
68,240,5
69,240,5
70,240,5
71,240,5
72,240,5
73,240,5
74,240,5
75,240,5
76,240,5
77,240,5
78,240,5
79,240,5
80,240,5
81,240,5
82,240,5
83,240,5
84,240,5
85,240,6
86,240,6
87,240,6
88,240,6
89,240,6
90,240,7
91,240,7
92,240,8
93,240,8
94,240,8
95,240,9
96,240,18
97,240,21
98,240,11
99,240,10
100,240,10
101,240,10
102,240,10
103,240,11
104,240,11
105,240,12
106,240,14
107,240,15
108,240,17
109,240,23
110,240,34
111,240,43
112,240,0
113,240,0
114,240,0
115,240,48
116,240,46
117,240,28
118,240,48
119,240,26
120,240,33
121,240,17
122,240,12
123,240,10
124,240,10
125,240,9
126,240,9
127,240,8
128,240,8
129,240,8
130,240,8
131,240,8
132,240,7
133,240,7
134,240,6
135,240,6
136,240,6
137,240,6
138,240,5
139,240,5
140,240,5
141,240,5
142,240,5
143,240,5
144,240,5
145,240,5
146,240,5
147,240,5
148,240,5
149,240,5
150,240,5
151,240,5
152,240,4
153,240,4
154,240,4
155,240,4
156,240,4
157,240,4
158,240,4
159,240,4
160,240,4
161,240,4
162,240,4
163,240,4
164,240,4
165,240,4
166,240,4
167,240,4
168,240,4
169,240,4
170,240,4
171,240,4
172,240,4
173,240,4
174,240,4
175,240,4
176,240,4
177,240,4
178,240,3
179,240,3
180,240,3
181,240,3
182,240,3
183,240,3
184,240,3
185,240,3
186,240,3
187,240,3
188,240,3
189,240,3
190,240,3
191,240,3
192,240,3
193,240,3
194,240,3
195,240,3
196,240,3
197,240,3
198,240,3
199,240,3
200,240,3
201,240,3
202,240,3
203,240,3
204,240,3
205,240,3
206,240,3
207,240,3
208,240,2
209,240,2
210,240,2
211,240,2
212,240,2
213,240,2
214,240,2
215,240,2
216,240,2
217,240,2
218,240,2
219,240,2
220,240,2
221,240,2
222,240,2
223,240,2
224,240,2
225,240,2
226,240,2
227,240,2
228,240,2
229,240,2
230,240,2
231,240,2
232,240,2
233,240,2
234,240,2
235,240,2
236,240,2
237,240,2
238,240,2
239,240,2
240,240,2
241,240,2
242,240,2
243,240,2
244,240,2
245,240,2
246,240,2
247,240,2
248,240,2
249,240,2
250,240,2
251,240,2
252,240,2
253,240,2
254,240,2
255,240,2
0,241,3
1,241,3
2,241,3
3,241,3
4,241,3
5,241,3
6,241,3
7,241,3
8,241,3
9,241,3
10,241,3
11,241,3
12,241,3
13,241,3
14,241,3
15,241,3
16,241,3
17,241,3
18,241,3
19,241,3
20,241,3
21,241,3
22,241,3
23,241,4
24,241,4
25,241,4
26,241,4
27,241,4
28,241,4
29,241,4
30,241,4
31,241,4
32,241,4
33,241,4
34,241,4
35,241,4
36,241,4
37,241,4
38,241,4
39,241,4
40,241,4
41,241,4
42,241,4
43,241,4
44,241,4
45,241,4
46,241,4
47,241,4
48,241,4
49,241,4
50,241,4
51,241,4
52,241,4
53,241,4
54,241,4
55,241,4
56,241,4
57,241,4
58,241,4
59,241,4
60,241,4
61,241,4
62,241,4
63,241,4
64,241,4
65,241,4
66,241,4
67,241,4
68,241,5
69,241,5
70,241,5
71,241,5
72,241,5
73,241,5
74,241,5
75,241,5
76,241,5
77,241,5
78,241,5
79,241,5
80,241,5
81,241,5
82,241,5
83,241,5
84,241,5
85,241,5
86,241,6
87,241,6
88,241,6
89,241,6
90,241,6
91,241,7
92,241,7
93,241,7
94,241,8
95,241,8
96,241,10
97,241,10
98,241,9
99,241,9
100,241,9
101,241,10
102,241,10
103,241,10
104,241,11
105,241,12
106,241,32
107,241,19
108,241,19
109,241,29
110,241,35
111,241,24
112,241,28
113,241,51
114,241,0
115,241,43
116,241,24
117,241,19
118,241,18
119,241,34
120,241,17
121,241,13
122,241,11
123,241,10
124,241,9
125,241,8
126,241,8
127,241,8
128,241,8
129,241,8
130,241,8
131,241,7
132,241,7
133,241,6
134,241,6
135,241,6
136,241,6
137,241,5
138,241,5
139,241,5
140,241,5
141,241,5
142,241,5
143,241,5
144,241,5
145,241,5
146,241,5
147,241,5
148,241,5
149,241,5
150,241,5
151,241,4
152,241,4
153,241,4
154,241,4
155,241,4
156,241,4
157,241,4
158,241,4
159,241,4
160,241,4
161,241,4
162,241,4
163,241,4
164,241,4
165,241,4
166,241,4
167,241,4
168,241,4
169,241,4
170,241,4
171,241,4
172,241,4
173,241,4
174,241,4
175,241,4
176,241,4
177,241,3
178,241,3
179,241,3
180,241,3
181,241,3
182,241,3
183,241,3
184,241,3
185,241,3
186,241,3
187,241,3
188,241,3
189,241,3
190,241,3
191,241,3
192,241,3
193,241,3
194,241,3
195,241,3
196,241,3
197,241,3
198,241,3
199,241,3
200,241,3
201,241,3
202,241,3
203,241,3
204,241,3
205,241,3
206,241,3
207,241,2
208,241,2
209,241,2
210,241,2
211,241,2
212,241,2
213,241,2
214,241,2
215,241,2
216,241,2
217,241,2
218,241,2
219,241,2
220,241,2
221,241,2
222,241,2
223,241,2
224,241,2
225,241,2
226,241,2
227,241,2
228,241,2
229,241,2
230,241,2
231,241,2
232,241,2
233,241,2
234,241,2
235,241,2
236,241,2
237,241,2
238,241,2
239,241,2
240,241,2
241,241,2
242,241,2
243,241,2
244,241,2
245,241,2
246,241,2
247,241,2
248,241,2
249,241,2
250,241,2
251,241,2
252,241,2
253,241,2
254,241,2
255,241,2
0,242,3
1,242,3
2,242,3
3,242,3
4,242,3
5,242,3
6,242,3
7,242,3
8,242,3
9,242,3
10,242,3
11,242,3
12,242,3
13,242,3
14,242,3
15,242,3
16,242,3
17,242,3
18,242,3
19,242,3
20,242,3
21,242,3
22,242,3
23,242,3
24,242,4
25,242,4
26,242,4
27,242,4
28,242,4
29,242,4
30,242,4
31,242,4
32,242,4
33,242,4
34,242,4
35,242,4
36,242,4
37,242,4
38,242,4
39,242,4
40,242,4
41,242,4
42,242,4
43,242,4
44,242,4
45,242,4
46,242,4
47,242,4
48,242,4
49,242,4
50,242,4
51,242,4
52,242,4
53,242,4
54,242,4
55,242,4
56,242,4
57,242,4
58,242,4
59,242,4
60,242,4
61,242,4
62,242,4
63,242,4
64,242,4
65,242,4
66,242,4
67,242,4
68,242,4
69,242,5
70,242,5
71,242,5
72,242,5
73,242,5
74,242,5
75,242,5
76,242,5
77,242,5
78,242,5
79,242,5
80,242,5
81,242,5
82,242,5
83,242,5
84,242,5
85,242,5
86,242,5
87,242,6
88,242,6
89,242,6
90,242,6
91,242,7
92,242,7
93,242,7
94,242,7
95,242,7
96,242,8
97,242,8
98,242,9
99,242,9
100,242,9
101,242,9
102,242,9
103,242,10
104,242,10
105,242,28
106,242,30
107,242,45
108,242,19
109,242,25
110,242,18
111,242,19
112,242,25
113,242,29
114,242,4
115,242,26
116,242,30
117,242,17
118,242,16
119,242,16
120,242,31
121,242,14
122,242,11
123,242,9
124,242,9
125,242,8
126,242,8
127,242,8
128,242,8
129,242,7
130,242,7
131,242,7
132,242,7
133,242,6
134,242,6
135,242,6
136,242,6
137,242,5
138,242,5
139,242,5
140,242,5
141,242,5
142,242,5
143,242,5
144,242,5
145,242,5
146,242,5
147,242,5
148,242,5
149,242,4
150,242,4
151,242,4
152,242,4
153,242,4
154,242,4
155,242,4
156,242,4
157,242,4
158,242,4
159,242,4
160,242,4
161,242,4
162,242,4
163,242,4
164,242,4
165,242,4
166,242,4
167,242,4
168,242,4
169,242,4
170,242,4
171,242,4
172,242,4
173,242,4
174,242,4
175,242,4
176,242,3
177,242,3
178,242,3
179,242,3
180,242,3
181,242,3
182,242,3
183,242,3
184,242,3
185,242,3
186,242,3
187,242,3
188,242,3
189,242,3
190,242,3
191,242,3
192,242,3
193,242,3
194,242,3
195,242,3
196,242,3
197,242,3
198,242,3
199,242,3
200,242,3
201,242,3
202,242,3
203,242,3
204,242,3
205,242,3
206,242,2
207,242,2
208,242,2
209,242,2
210,242,2
211,242,2
212,242,2
213,242,2
214,242,2
215,242,2
216,242,2
217,242,2
218,242,2
219,242,2
220,242,2
221,242,2
222,242,2
223,242,2
224,242,2
225,242,2
226,242,2
227,242,2
228,242,2
229,242,2
230,242,2
231,242,2
232,242,2
233,242,2
234,242,2
235,242,2
236,242,2
237,242,2
238,242,2
239,242,2
240,242,2
241,242,2
242,242,2
243,242,2
244,242,2
245,242,2
246,242,2
247,242,2
248,242,2
249,242,2
250,242,2
251,242,2
252,242,2
253,242,2
254,242,2
255,242,2
0,243,3
1,243,3
2,243,3
3,243,3
4,243,3
5,243,3
6,243,3
7,243,3
8,243,3
9,243,3
10,243,3
11,243,3
12,243,3
13,243,3
14,243,3
15,243,3
16,243,3
17,243,3
18,243,3
19,243,3
20,243,3
21,243,3
22,243,3
23,243,3
24,243,3
25,243,4
26,243,4
27,243,4
28,243,4
29,243,4
30,243,4
31,243,4
32,243,4
33,243,4
34,243,4
35,243,4
36,243,4
37,243,4
38,243,4
39,243,4
40,243,4
41,243,4
42,243,4
43,243,4
44,243,4
45,243,4
46,243,4
47,243,4
48,243,4
49,243,4
50,243,4
51,243,4
52,243,4
53,243,4
54,243,4
55,243,4
56,243,4
57,243,4
58,243,4
59,243,4
60,243,4
61,243,4
62,243,4
63,243,4
64,243,4
65,243,4
66,243,4
67,243,4
68,243,4
69,243,4
70,243,5
71,243,5
72,243,5
73,243,5
74,243,5
75,243,5
76,243,5
77,243,5
78,243,5
79,243,5
80,243,5
81,243,5
82,243,5
83,243,5
84,243,5
85,243,5
86,243,5
87,243,5
88,243,6
89,243,6
90,243,6
91,243,6
92,243,7
93,243,7
94,243,7
95,243,7
96,243,7
97,243,7
98,243,8
99,243,8
100,243,8
101,243,9
102,243,9
103,243,9
104,243,9
105,243,11
106,243,12
107,243,13
108,243,17
109,243,19
110,243,15
111,243,16
112,243,20
113,243,20
114,243,30
115,243,22
116,243,18
117,243,15
118,243,14
119,243,14
120,243,13
121,243,19
122,243,10
123,243,9
124,243,8
125,243,8
126,243,8
127,243,8
128,243,7
129,243,7
130,243,7
131,243,7
132,243,6
133,243,6
134,243,6
135,243,6
136,243,6
137,243,5
138,243,5
139,243,5
140,243,5
141,243,5
142,243,5
143,243,5
144,243,5
145,243,5
146,243,5
147,243,5
148,243,4
149,243,4
150,243,4
151,243,4
152,243,4
153,243,4
154,243,4
155,243,4
156,243,4
157,243,4
158,243,4
159,243,4
160,243,4
161,243,4
162,243,4
163,243,4
164,243,4
165,243,4
166,243,4
167,243,4
168,243,4
169,243,4
170,243,4
171,243,4
172,243,4
173,243,4
174,243,4
175,243,3
176,243,3
177,243,3
178,243,3
179,243,3
180,243,3
181,243,3
182,243,3
183,243,3
184,243,3
185,243,3
186,243,3
187,243,3
188,243,3
189,243,3
190,243,3
191,243,3
192,243,3
193,243,3
194,243,3
195,243,3
196,243,3
197,243,3
198,243,3
199,243,3
200,243,3
201,243,3
202,243,3
203,243,3
204,243,3
205,243,2
206,243,2
207,243,2
208,243,2
209,243,2
210,243,2
211,243,2
212,243,2
213,243,2
214,243,2
215,243,2
216,243,2
217,243,2
218,243,2
219,243,2
220,243,2
221,243,2
222,243,2
223,243,2
224,243,2
225,243,2
226,243,2
227,243,2
228,243,2
229,243,2
230,243,2
231,243,2
232,243,2
233,243,2
234,243,2
235,243,2
236,243,2
237,243,2
238,243,2
239,243,2
240,243,2
241,243,2
242,243,2
243,243,2
244,243,2
245,243,2
246,243,2
247,243,2
248,243,2
249,243,2
250,243,2
251,243,2
252,243,2
253,243,2
254,243,2
255,243,2
0,244,3
1,244,3
2,244,3
3,244,3
4,244,3
5,244,3
6,244,3
7,244,3
8,244,3
9,244,3
10,244,3
11,244,3
12,244,3
13,244,3
14,244,3
15,244,3
16,244,3
17,244,3
18,244,3
19,244,3
20,244,3
21,244,3
22,244,3
23,244,3
24,244,3
25,244,3
26,244,4
27,244,4
28,244,4
29,244,4
30,244,4
31,244,4
32,244,4
33,244,4
34,244,4
35,244,4
36,244,4
37,244,4
38,244,4
39,244,4
40,244,4
41,244,4
42,244,4
43,244,4
44,244,4
45,244,4
46,244,4
47,244,4
48,244,4
49,244,4
50,244,4
51,244,4
52,244,4
53,244,4
54,244,4
55,244,4
56,244,4
57,244,4
58,244,4
59,244,4
60,244,4
61,244,4
62,244,4
63,244,4
64,244,4
65,244,4
66,244,4
67,244,4
68,244,4
69,244,4
70,244,4
71,244,5
72,244,5
73,244,5
74,244,5
75,244,5
76,244,5
77,244,5
78,244,5
79,244,5
80,244,5
81,244,5
82,244,5
83,244,5
84,244,5
85,244,5
86,244,5
87,244,5
88,244,5
89,244,6
90,244,6
91,244,6
92,244,6
93,244,7
94,244,7
95,244,7
96,244,7
97,244,7
98,244,7
99,244,8
100,244,8
101,244,8
102,244,8
103,244,8
104,244,9
105,244,9
106,244,10
107,244,11
108,244,30
109,244,14
110,244,13
111,244,14
112,244,16
113,244,18
114,244,33
115,244,26
116,244,17
117,244,15
118,244,13
119,244,12
120,244,11
121,244,11
122,244,9
123,244,9
124,244,8
125,244,8
126,244,8
127,244,7
128,244,7
129,244,7
130,244,7
131,244,7
132,244,6
133,244,6
134,244,6
135,244,6
136,244,5
137,244,5
138,244,5
139,244,5
140,244,5
141,244,5
142,244,5
143,244,5
144,244,5
145,244,5
146,244,5
147,244,4
148,244,4
149,244,4
150,244,4
151,244,4
152,244,4
153,244,4
154,244,4
155,244,4
156,244,4
157,244,4
158,244,4
159,244,4
160,244,4
161,244,4
162,244,4
163,244,4
164,244,4
165,244,4
166,244,4
167,244,4
168,244,4
169,244,4
170,244,4
171,244,4
172,244,4
173,244,4
174,244,4
175,244,3
176,244,3
177,244,3
178,244,3
179,244,3
180,244,3
181,244,3
182,244,3
183,244,3
184,244,3
185,244,3
186,244,3
187,244,3
188,244,3
189,244,3
190,244,3
191,244,3
192,244,3
193,244,3
194,244,3
195,244,3
196,244,3
197,244,3
198,244,3
199,244,3
200,244,3
201,244,3
202,244,3
203,244,3
204,244,2
205,244,2
206,244,2
207,244,2
208,244,2
209,244,2
210,244,2
211,244,2
212,244,2
213,244,2
214,244,2
215,244,2
216,244,2
217,244,2
218,244,2
219,244,2
220,244,2
221,244,2
222,244,2
223,244,2
224,244,2
225,244,2
226,244,2
227,244,2
228,244,2
229,244,2
230,244,2
231,244,2
232,244,2
233,244,2
234,244,2
235,244,2
236,244,2
237,244,2
238,244,2
239,244,2
240,244,2
241,244,2
242,244,2
243,244,2
244,244,2
245,244,2
246,244,2
247,244,2
248,244,2
249,244,2
250,244,2
251,244,2
252,244,2
253,244,2
254,244,2
255,244,2
0,245,3
1,245,3
2,245,3
3,245,3
4,245,3
5,245,3
6,245,3
7,245,3
8,245,3
9,245,3
10,245,3
11,245,3
12,245,3
13,245,3
14,245,3
15,245,3
16,245,3
17,245,3
18,245,3
19,245,3
20,245,3
21,245,3
22,245,3
23,245,3
24,245,3
25,245,3
26,245,3
27,245,3
28,245,4
29,245,4
30,245,4
31,245,4
32,245,4
33,245,4
34,245,4
35,245,4
36,245,4
37,245,4
38,245,4
39,245,4
40,245,4
41,245,4
42,245,4
43,245,4
44,245,4
45,245,4
46,245,4
47,245,4
48,245,4
49,245,4
50,245,4
51,245,4
52,245,4
53,245,4
54,245,4
55,245,4
56,245,4
57,245,4
58,245,4
59,245,4
60,245,4
61,245,4
62,245,4
63,245,4
64,245,4
65,245,4
66,245,4
67,245,4
68,245,4
69,245,4
70,245,4
71,245,4
72,245,5
73,245,5
74,245,5
75,245,5
76,245,5
77,245,5
78,245,5
79,245,5
80,245,5
81,245,5
82,245,5
83,245,5
84,245,5
85,245,5
86,245,5
87,245,5
88,245,5
89,245,5
90,245,6
91,245,6
92,245,6
93,245,6
94,245,7
95,245,7
96,245,7
97,245,7
98,245,7
99,245,7
100,245,8
101,245,8
102,245,8
103,245,8
104,245,8
105,245,9
106,245,10
107,245,10
108,245,11
109,245,12
110,245,12
111,245,13
112,245,16
113,245,20
114,245,38
115,245,34
116,245,29
117,245,15
118,245,12
119,245,11
120,245,11
121,245,10
122,245,9
123,245,9
124,245,8
125,245,8
126,245,8
127,245,7
128,245,7
129,245,7
130,245,7
131,245,6
132,245,6
133,245,6
134,245,6
135,245,6
136,245,5
137,245,5
138,245,5
139,245,5
140,245,5
141,245,5
142,245,5
143,245,5
144,245,5
145,245,5
146,245,4
147,245,4
148,245,4
149,245,4
150,245,4
151,245,4
152,245,4
153,245,4
154,245,4
155,245,4
156,245,4
157,245,4
158,245,4
159,245,4
160,245,4
161,245,4
162,245,4
163,245,4
164,245,4
165,245,4
166,245,4
167,245,4
168,245,4
169,245,4
170,245,4
171,245,4
172,245,4
173,245,4
174,245,3
175,245,3
176,245,3
177,245,3
178,245,3
179,245,3
180,245,3
181,245,3
182,245,3
183,245,3
184,245,3
185,245,3
186,245,3
187,245,3
188,245,3
189,245,3
190,245,3
191,245,3
192,245,3
193,245,3
194,245,3
195,245,3
196,245,3
197,245,3
198,245,3
199,245,3
200,245,3
201,245,3
202,245,3
203,245,2
204,245,2
205,245,2
206,245,2
207,245,2
208,245,2
209,245,2
210,245,2
211,245,2
212,245,2
213,245,2
214,245,2
215,245,2
216,245,2
217,245,2
218,245,2
219,245,2
220,245,2
221,245,2
222,245,2
223,245,2
224,245,2
225,245,2
226,245,2
227,245,2
228,245,2
229,245,2
230,245,2
231,245,2
232,245,2
233,245,2
234,245,2
235,245,2
236,245,2
237,245,2
238,245,2
239,245,2
240,245,2
241,245,2
242,245,2
243,245,2
244,245,2
245,245,2
246,245,2
247,245,2
248,245,2
249,245,2
250,245,2
251,245,2
252,245,2
253,245,2
254,245,2
255,245,2
0,246,3
1,246,3
2,246,3
3,246,3
4,246,3
5,246,3
6,246,3
7,246,3
8,246,3
9,246,3
10,246,3
11,246,3
12,246,3
13,246,3
14,246,3
15,246,3
16,246,3
17,246,3
18,246,3
19,246,3
20,246,3
21,246,3
22,246,3
23,246,3
24,246,3
25,246,3
26,246,3
27,246,3
28,246,3
29,246,4
30,246,4
31,246,4
32,246,4
33,246,4
34,246,4
35,246,4
36,246,4
37,246,4
38,246,4
39,246,4
40,246,4
41,246,4
42,246,4
43,246,4
44,246,4
45,246,4
46,246,4
47,246,4
48,246,4
49,246,4
50,246,4
51,246,4
52,246,4
53,246,4
54,246,4
55,246,4
56,246,4
57,246,4
58,246,4
59,246,4
60,246,4
61,246,4
62,246,4
63,246,4
64,246,4
65,246,4
66,246,4
67,246,4
68,246,4
69,246,4
70,246,4
71,246,4
72,246,5
73,246,5
74,246,5
75,246,5
76,246,5
77,246,5
78,246,5
79,246,5
80,246,5
81,246,5
82,246,5
83,246,5
84,246,5
85,246,5
86,246,5
87,246,5
88,246,5
89,246,5
90,246,5
91,246,6
92,246,6
93,246,6
94,246,7
95,246,7
96,246,7
97,246,7
98,246,7
99,246,7
100,246,7
101,246,8
102,246,8
103,246,8
104,246,8
105,246,8
106,246,9
107,246,10
108,246,10
109,246,11
110,246,11
111,246,12
112,246,15
113,246,20
114,246,60
115,246,34
116,246,25
117,246,17
118,246,12
119,246,11
120,246,10
121,246,10
122,246,9
123,246,9
124,246,8
125,246,8
126,246,7
127,246,7
128,246,7
129,246,7
130,246,7
131,246,6
132,246,6
133,246,6
134,246,6
135,246,6
136,246,5
137,246,5
138,246,5
139,246,5
140,246,5
141,246,5
142,246,5
143,246,5
144,246,5
145,246,4
146,246,4
147,246,4
148,246,4
149,246,4
150,246,4
151,246,4
152,246,4
153,246,4
154,246,4
155,246,4
156,246,4
157,246,4
158,246,4
159,246,4
160,246,4
161,246,4
162,246,4
163,246,4
164,246,4
165,246,4
166,246,4
167,246,4
168,246,4
169,246,4
170,246,4
171,246,4
172,246,4
173,246,3
174,246,3
175,246,3
176,246,3
177,246,3
178,246,3
179,246,3
180,246,3
181,246,3
182,246,3
183,246,3
184,246,3
185,246,3
186,246,3
187,246,3
188,246,3
189,246,3
190,246,3
191,246,3
192,246,3
193,246,3
194,246,3
195,246,3
196,246,3
197,246,3
198,246,3
199,246,3
200,246,3
201,246,3
202,246,2
203,246,2
204,246,2
205,246,2
206,246,2
207,246,2
208,246,2
209,246,2
210,246,2
211,246,2
212,246,2
213,246,2
214,246,2
215,246,2
216,246,2
217,246,2
218,246,2
219,246,2
220,246,2
221,246,2
222,246,2
223,246,2
224,246,2
225,246,2
226,246,2
227,246,2
228,246,2
229,246,2
230,246,2
231,246,2
232,246,2
233,246,2
234,246,2
235,246,2
236,246,2
237,246,2
238,246,2
239,246,2
240,246,2
241,246,2
242,246,2
243,246,2
244,246,2
245,246,2
246,246,2
247,246,2
248,246,2
249,246,2
250,246,2
251,246,2
252,246,2
253,246,2
254,246,2
255,246,2
0,247,3
1,247,3
2,247,3
3,247,3
4,247,3
5,247,3
6,247,3
7,247,3
8,247,3
9,247,3
10,247,3
11,247,3
12,247,3
13,247,3
14,247,3
15,247,3
16,247,3
17,247,3
18,247,3
19,247,3
20,247,3
21,247,3
22,247,3
23,247,3
24,247,3
25,247,3
26,247,3
27,247,3
28,247,3
29,247,3
30,247,4
31,247,4
32,247,4
33,247,4
34,247,4
35,247,4
36,247,4
37,247,4
38,247,4
39,247,4
40,247,4
41,247,4
42,247,4
43,247,4
44,247,4
45,247,4
46,247,4
47,247,4
48,247,4
49,247,4
50,247,4
51,247,4
52,247,4
53,247,4
54,247,4
55,247,4
56,247,4
57,247,4
58,247,4
59,247,4
60,247,4
61,247,4
62,247,4
63,247,4
64,247,4
65,247,4
66,247,4
67,247,4
68,247,4
69,247,4
70,247,4
71,247,4
72,247,4
73,247,5
74,247,5
75,247,5
76,247,5
77,247,5
78,247,5
79,247,5
80,247,5
81,247,5
82,247,5
83,247,5
84,247,5
85,247,5
86,247,5
87,247,5
88,247,5
89,247,5
90,247,5
91,247,6
92,247,6
93,247,6
94,247,6
95,247,7
96,247,7
97,247,7
98,247,7
99,247,7
100,247,7
101,247,8
102,247,8
103,247,8
104,247,8
105,247,8
106,247,9
107,247,10
108,247,10
109,247,10
110,247,11
111,247,11
112,247,13
113,247,16
114,247,18
115,247,23
116,247,16
117,247,14
118,247,12
119,247,11
120,247,10
121,247,10
122,247,9
123,247,9
124,247,8
125,247,8
126,247,7
127,247,7
128,247,7
129,247,7
130,247,7
131,247,6
132,247,6
133,247,6
134,247,6
135,247,6
136,247,5
137,247,5
138,247,5
139,247,5
140,247,5
141,247,5
142,247,5
143,247,5
144,247,4
145,247,4
146,247,4
147,247,4
148,247,4
149,247,4
150,247,4
151,247,4
152,247,4
153,247,4
154,247,4
155,247,4
156,247,4
157,247,4
158,247,4
159,247,4
160,247,4
161,247,4
162,247,4
163,247,4
164,247,4
165,247,4
166,247,4
167,247,4
168,247,4
169,247,4
170,247,4
171,247,4
172,247,3
173,247,3
174,247,3
175,247,3
176,247,3
177,247,3
178,247,3
179,247,3
180,247,3
181,247,3
182,247,3
183,247,3
184,247,3
185,247,3
186,247,3
187,247,3
188,247,3
189,247,3
190,247,3
191,247,3
192,247,3
193,247,3
194,247,3
195,247,3
196,247,3
197,247,3
198,247,3
199,247,3
200,247,3
201,247,2
202,247,2
203,247,2
204,247,2
205,247,2
206,247,2
207,247,2
208,247,2
209,247,2
210,247,2
211,247,2
212,247,2
213,247,2
214,247,2
215,247,2
216,247,2
217,247,2
218,247,2
219,247,2
220,247,2
221,247,2
222,247,2
223,247,2
224,247,2
225,247,2
226,247,2
227,247,2
228,247,2
229,247,2
230,247,2
231,247,2
232,247,2
233,247,2
234,247,2
235,247,2
236,247,2
237,247,2
238,247,2
239,247,2
240,247,2
241,247,2
242,247,2
243,247,2
244,247,2
245,247,2
246,247,2
247,247,2
248,247,2
249,247,2
250,247,2
251,247,2
252,247,2
253,247,2
254,247,2
255,247,2
0,248,3
1,248,3
2,248,3
3,248,3
4,248,3
5,248,3
6,248,3
7,248,3
8,248,3
9,248,3
10,248,3
11,248,3
12,248,3
13,248,3
14,248,3
15,248,3
16,248,3
17,248,3
18,248,3
19,248,3
20,248,3
21,248,3
22,248,3
23,248,3
24,248,3
25,248,3
26,248,3
27,248,3
28,248,3
29,248,3
30,248,3
31,248,3
32,248,4
33,248,4
34,248,4
35,248,4
36,248,4
37,248,4
38,248,4
39,248,4
40,248,4
41,248,4
42,248,4
43,248,4
44,248,4
45,248,4
46,248,4
47,248,4
48,248,4
49,248,4
50,248,4
51,248,4
52,248,4
53,248,4
54,248,4
55,248,4
56,248,4
57,248,4
58,248,4
59,248,4
60,248,4
61,248,4
62,248,4
63,248,4
64,248,4
65,248,4
66,248,4
67,248,4
68,248,4
69,248,4
70,248,4
71,248,4
72,248,4
73,248,4
74,248,5
75,248,5
76,248,5
77,248,5
78,248,5
79,248,5
80,248,5
81,248,5
82,248,5
83,248,5
84,248,5
85,248,5
86,248,5
87,248,5
88,248,5
89,248,5
90,248,5
91,248,5
92,248,6
93,248,6
94,248,6
95,248,6
96,248,7
97,248,7
98,248,7
99,248,7
100,248,7
101,248,7
102,248,8
103,248,8
104,248,8
105,248,8
106,248,9
107,248,9
108,248,10
109,248,10
110,248,11
111,248,11
112,248,13
113,248,14
114,248,17
115,248,27
116,248,15
117,248,13
118,248,12
119,248,11
120,248,10
121,248,10
122,248,9
123,248,9
124,248,8
125,248,8
126,248,7
127,248,7
128,248,7
129,248,7
130,248,6
131,248,6
132,248,6
133,248,6
134,248,6
135,248,5
136,248,5
137,248,5
138,248,5
139,248,5
140,248,5
141,248,5
142,248,5
143,248,4
144,248,4
145,248,4
146,248,4
147,248,4
148,248,4
149,248,4
150,248,4
151,248,4
152,248,4
153,248,4
154,248,4
155,248,4
156,248,4
157,248,4
158,248,4
159,248,4
160,248,4
161,248,4
162,248,4
163,248,4
164,248,4
165,248,4
166,248,4
167,248,4
168,248,4
169,248,4
170,248,4
171,248,3
172,248,3
173,248,3
174,248,3
175,248,3
176,248,3
177,248,3
178,248,3
179,248,3
180,248,3
181,248,3
182,248,3
183,248,3
184,248,3
185,248,3
186,248,3
187,248,3
188,248,3
189,248,3
190,248,3
191,248,3
192,248,3
193,248,3
194,248,3
195,248,3
196,248,3
197,248,3
198,248,3
199,248,3
200,248,2
201,248,2
202,248,2
203,248,2
204,248,2
205,248,2
206,248,2
207,248,2
208,248,2
209,248,2
210,248,2
211,248,2
212,248,2
213,248,2
214,248,2
215,248,2
216,248,2
217,248,2
218,248,2
219,248,2
220,248,2
221,248,2
222,248,2
223,248,2
224,248,2
225,248,2
226,248,2
227,248,2
228,248,2
229,248,2
230,248,2
231,248,2
232,248,2
233,248,2
234,248,2
235,248,2
236,248,2
237,248,2
238,248,2
239,248,2
240,248,2
241,248,2
242,248,2
243,248,2
244,248,2
245,248,2
246,248,2
247,248,2
248,248,2
249,248,2
250,248,2
251,248,2
252,248,2
253,248,2
254,248,2
255,248,2
0,249,3
1,249,3
2,249,3
3,249,3
4,249,3
5,249,3
6,249,3
7,249,3
8,249,3
9,249,3
10,249,3
11,249,3
12,249,3
13,249,3
14,249,3
15,249,3
16,249,3
17,249,3
18,249,3
19,249,3
20,249,3
21,249,3
22,249,3
23,249,3
24,249,3
25,249,3
26,249,3
27,249,3
28,249,3
29,249,3
30,249,3
31,249,3
32,249,3
33,249,4
34,249,4
35,249,4
36,249,4
37,249,4
38,249,4
39,249,4
40,249,4
41,249,4
42,249,4
43,249,4
44,249,4
45,249,4
46,249,4
47,249,4
48,249,4
49,249,4
50,249,4
51,249,4
52,249,4
53,249,4
54,249,4
55,249,4
56,249,4
57,249,4
58,249,4
59,249,4
60,249,4
61,249,4
62,249,4
63,249,4
64,249,4
65,249,4
66,249,4
67,249,4
68,249,4
69,249,4
70,249,4
71,249,4
72,249,4
73,249,4
74,249,4
75,249,5
76,249,5
77,249,5
78,249,5
79,249,5
80,249,5
81,249,5
82,249,5
83,249,5
84,249,5
85,249,5
86,249,5
87,249,5
88,249,5
89,249,5
90,249,5
91,249,5
92,249,6
93,249,6
94,249,6
95,249,6
96,249,6
97,249,7
98,249,7
99,249,7
100,249,7
101,249,7
102,249,8
103,249,8
104,249,8
105,249,8
106,249,9
107,249,9
108,249,10
109,249,10
110,249,11
111,249,11
112,249,12
113,249,14
114,249,16
115,249,36
116,249,16
117,249,14
118,249,13
119,249,12
120,249,10
121,249,10
122,249,9
123,249,9
124,249,9
125,249,8
126,249,7
127,249,7
128,249,7
129,249,7
130,249,6
131,249,6
132,249,6
133,249,6
134,249,6
135,249,5
136,249,5
137,249,5
138,249,5
139,249,5
140,249,5
141,249,5
142,249,4
143,249,4
144,249,4
145,249,4
146,249,4
147,249,4
148,249,4
149,249,4
150,249,4
151,249,4
152,249,4
153,249,4
154,249,4
155,249,4
156,249,4
157,249,4
158,249,4
159,249,4
160,249,4
161,249,4
162,249,4
163,249,4
164,249,4
165,249,4
166,249,4
167,249,4
168,249,4
169,249,4
170,249,3
171,249,3
172,249,3
173,249,3
174,249,3
175,249,3
176,249,3
177,249,3
178,249,3
179,249,3
180,249,3
181,249,3
182,249,3
183,249,3
184,249,3
185,249,3
186,249,3
187,249,3
188,249,3
189,249,3
190,249,3
191,249,3
192,249,3
193,249,3
194,249,3
195,249,3
196,249,3
197,249,3
198,249,3
199,249,2
200,249,2
201,249,2
202,249,2
203,249,2
204,249,2
205,249,2
206,249,2
207,249,2
208,249,2
209,249,2
210,249,2
211,249,2
212,249,2
213,249,2
214,249,2
215,249,2
216,249,2
217,249,2
218,249,2
219,249,2
220,249,2
221,249,2
222,249,2
223,249,2
224,249,2
225,249,2
226,249,2
227,249,2
228,249,2
229,249,2
230,249,2
231,249,2
232,249,2
233,249,2
234,249,2
235,249,2
236,249,2
237,249,2
238,249,2
239,249,2
240,249,2
241,249,2
242,249,2
243,249,2
244,249,2
245,249,2
246,249,2
247,249,2
248,249,2
249,249,2
250,249,2
251,249,2
252,249,2
253,249,2
254,249,2
255,249,2
0,250,3
1,250,3
2,250,3
3,250,3
4,250,3
5,250,3
6,250,3
7,250,3
8,250,3
9,250,3
10,250,3
11,250,3
12,250,3
13,250,3
14,250,3
15,250,3
16,250,3
17,250,3
18,250,3
19,250,3
20,250,3
21,250,3
22,250,3
23,250,3
24,250,3
25,250,3
26,250,3
27,250,3
28,250,3
29,250,3
30,250,3
31,250,3
32,250,3
33,250,3
34,250,4
35,250,4
36,250,4
37,250,4
38,250,4
39,250,4
40,250,4
41,250,4
42,250,4
43,250,4
44,250,4
45,250,4
46,250,4
47,250,4
48,250,4
49,250,4
50,250,4
51,250,4
52,250,4
53,250,4
54,250,4
55,250,4
56,250,4
57,250,4
58,250,4
59,250,4
60,250,4
61,250,4
62,250,4
63,250,4
64,250,4
65,250,4
66,250,4
67,250,4
68,250,4
69,250,4
70,250,4
71,250,4
72,250,4
73,250,4
74,250,4
75,250,4
76,250,5
77,250,5
78,250,5
79,250,5
80,250,5
81,250,5
82,250,5
83,250,5
84,250,5
85,250,5
86,250,5
87,250,5
88,250,5
89,250,5
90,250,5
91,250,5
92,250,5
93,250,6
94,250,6
95,250,6
96,250,6
97,250,7
98,250,7
99,250,7
100,250,7
101,250,7
102,250,8
103,250,8
104,250,8
105,250,8
106,250,9
107,250,9
108,250,9
109,250,10
110,250,11
111,250,12
112,250,12
113,250,16
114,250,27
115,250,18
116,250,25
117,250,29
118,250,15
119,250,19
120,250,12
121,250,11
122,250,10
123,250,9
124,250,9
125,250,8
126,250,7
127,250,7
128,250,7
129,250,7
130,250,6
131,250,6
132,250,6
133,250,6
134,250,6
135,250,5
136,250,5
137,250,5
138,250,5
139,250,5
140,250,5
141,250,4
142,250,4
143,250,4
144,250,4
145,250,4
146,250,4
147,250,4
148,250,4
149,250,4
150,250,4
151,250,4
152,250,4
153,250,4
154,250,4
155,250,4
156,250,4
157,250,4
158,250,4
159,250,4
160,250,4
161,250,4
162,250,4
163,250,4
164,250,4
165,250,4
166,250,4
167,250,4
168,250,4
169,250,3
170,250,3
171,250,3
172,250,3
173,250,3
174,250,3
175,250,3
176,250,3
177,250,3
178,250,3
179,250,3
180,250,3
181,250,3
182,250,3
183,250,3
184,250,3
185,250,3
186,250,3
187,250,3
188,250,3
189,250,3
190,250,3
191,250,3
192,250,3
193,250,3
194,250,3
195,250,3
196,250,3
197,250,3
198,250,2
199,250,2
200,250,2
201,250,2
202,250,2
203,250,2
204,250,2
205,250,2
206,250,2
207,250,2
208,250,2
209,250,2
210,250,2
211,250,2
212,250,2
213,250,2
214,250,2
215,250,2
216,250,2
217,250,2
218,250,2
219,250,2
220,250,2
221,250,2
222,250,2
223,250,2
224,250,2
225,250,2
226,250,2
227,250,2
228,250,2
229,250,2
230,250,2
231,250,2
232,250,2
233,250,2
234,250,2
235,250,2
236,250,2
237,250,2
238,250,2
239,250,2
240,250,2
241,250,2
242,250,2
243,250,2
244,250,2
245,250,2
246,250,2
247,250,2
248,250,2
249,250,2
250,250,2
251,250,2
252,250,2
253,250,2
254,250,2
255,250,2
0,251,3
1,251,3
2,251,3
3,251,3
4,251,3
5,251,3
6,251,3
7,251,3
8,251,3
9,251,3
10,251,3
11,251,3
12,251,3
13,251,3
14,251,3
15,251,3
16,251,3
17,251,3
18,251,3
19,251,3
20,251,3
21,251,3
22,251,3
23,251,3
24,251,3
25,251,3
26,251,3
27,251,3
28,251,3
29,251,3
30,251,3
31,251,3
32,251,3
33,251,3
34,251,3
35,251,3
36,251,4
37,251,4
38,251,4
39,251,4
40,251,4
41,251,4
42,251,4
43,251,4
44,251,4
45,251,4
46,251,4
47,251,4
48,251,4
49,251,4
50,251,4
51,251,4
52,251,4
53,251,4
54,251,4
55,251,4
56,251,4
57,251,4
58,251,4
59,251,4
60,251,4
61,251,4
62,251,4
63,251,4
64,251,4
65,251,4
66,251,4
67,251,4
68,251,4
69,251,4
70,251,4
71,251,4
72,251,4
73,251,4
74,251,4
75,251,4
76,251,4
77,251,5
78,251,5
79,251,5
80,251,5
81,251,5
82,251,5
83,251,5
84,251,5
85,251,5
86,251,5
87,251,5
88,251,5
89,251,5
90,251,5
91,251,5
92,251,5
93,251,6
94,251,6
95,251,6
96,251,6
97,251,6
98,251,7
99,251,7
100,251,7
101,251,7
102,251,7
103,251,8
104,251,8
105,251,8
106,251,9
107,251,9
108,251,9
109,251,10
110,251,11
111,251,12
112,251,14
113,251,22
114,251,23
115,251,14
116,251,14
117,251,16
118,251,21
119,251,20
120,251,15
121,251,12
122,251,11
123,251,10
124,251,9
125,251,9
126,251,8
127,251,7
128,251,7
129,251,7
130,251,6
131,251,6
132,251,6
133,251,6
134,251,5
135,251,5
136,251,5
137,251,5
138,251,5
139,251,5
140,251,4
141,251,4
142,251,4
143,251,4
144,251,4
145,251,4
146,251,4
147,251,4
148,251,4
149,251,4
150,251,4
151,251,4
152,251,4
153,251,4
154,251,4
155,251,4
156,251,4
157,251,4
158,251,4
159,251,4
160,251,4
161,251,4
162,251,4
163,251,4
164,251,4
165,251,4
166,251,4
167,251,4
168,251,3
169,251,3
170,251,3
171,251,3
172,251,3
173,251,3
174,251,3
175,251,3
176,251,3
177,251,3
178,251,3
179,251,3
180,251,3
181,251,3
182,251,3
183,251,3
184,251,3
185,251,3
186,251,3
187,251,3
188,251,3
189,251,3
190,251,3
191,251,3
192,251,3
193,251,3
194,251,3
195,251,3
196,251,2
197,251,2
198,251,2
199,251,2
200,251,2
201,251,2
202,251,2
203,251,2
204,251,2
205,251,2
206,251,2
207,251,2
208,251,2
209,251,2
210,251,2
211,251,2
212,251,2
213,251,2
214,251,2
215,251,2
216,251,2
217,251,2
218,251,2
219,251,2
220,251,2
221,251,2
222,251,2
223,251,2
224,251,2
225,251,2
226,251,2
227,251,2
228,251,2
229,251,2
230,251,2
231,251,2
232,251,2
233,251,2
234,251,2
235,251,2
236,251,2
237,251,2
238,251,2
239,251,2
240,251,2
241,251,2
242,251,2
243,251,2
244,251,2
245,251,2
246,251,2
247,251,2
248,251,2
249,251,2
250,251,2
251,251,2
252,251,2
253,251,2
254,251,2
255,251,2
0,252,3
1,252,3
2,252,3
3,252,3
4,252,3
5,252,3
6,252,3
7,252,3
8,252,3
9,252,3
10,252,3
11,252,3
12,252,3
13,252,3
14,252,3
15,252,3
16,252,3
17,252,3
18,252,3
19,252,3
20,252,3
21,252,3
22,252,3
23,252,3
24,252,3
25,252,3
26,252,3
27,252,3
28,252,3
29,252,3
30,252,3
31,252,3
32,252,3
33,252,3
34,252,3
35,252,3
36,252,3
37,252,4
38,252,4
39,252,4
40,252,4
41,252,4
42,252,4
43,252,4
44,252,4
45,252,4
46,252,4
47,252,4
48,252,4
49,252,4
50,252,4
51,252,4
52,252,4
53,252,4
54,252,4
55,252,4
56,252,4
57,252,4
58,252,4
59,252,4
60,252,4
61,252,4
62,252,4
63,252,4
64,252,4
65,252,4
66,252,4
67,252,4
68,252,4
69,252,4
70,252,4
71,252,4
72,252,4
73,252,4
74,252,4
75,252,4
76,252,4
77,252,5
78,252,5
79,252,5
80,252,5
81,252,5
82,252,5
83,252,5
84,252,5
85,252,5
86,252,5
87,252,5
88,252,5
89,252,5
90,252,5
91,252,5
92,252,5
93,252,5
94,252,6
95,252,6
96,252,6
97,252,6
98,252,6
99,252,7
100,252,7
101,252,7
102,252,7
103,252,8
104,252,8
105,252,8
106,252,9
107,252,9
108,252,9
109,252,10
110,252,19
111,252,17
112,252,15
113,252,32
114,252,14
115,252,12
116,252,12
117,252,14
118,252,15
119,252,16
120,252,29
121,252,13
122,252,13
123,252,18
124,252,11
125,252,10
126,252,8
127,252,7
128,252,7
129,252,7
130,252,6
131,252,6
132,252,6
133,252,6
134,252,5
135,252,5
136,252,5
137,252,5
138,252,5
139,252,4
140,252,4
141,252,4
142,252,4
143,252,4
144,252,4
145,252,4
146,252,4
147,252,4
148,252,4
149,252,4
150,252,4
151,252,4
152,252,4
153,252,4
154,252,4
155,252,4
156,252,4
157,252,4
158,252,4
159,252,4
160,252,4
161,252,4
162,252,4
163,252,4
164,252,4
165,252,4
166,252,4
167,252,3
168,252,3
169,252,3
170,252,3
171,252,3
172,252,3
173,252,3
174,252,3
175,252,3
176,252,3
177,252,3
178,252,3
179,252,3
180,252,3
181,252,3
182,252,3
183,252,3
184,252,3
185,252,3
186,252,3
187,252,3
188,252,3
189,252,3
190,252,3
191,252,3
192,252,3
193,252,3
194,252,3
195,252,2
196,252,2
197,252,2
198,252,2
199,252,2
200,252,2
201,252,2
202,252,2
203,252,2
204,252,2
205,252,2
206,252,2
207,252,2
208,252,2
209,252,2
210,252,2
211,252,2
212,252,2
213,252,2
214,252,2
215,252,2
216,252,2
217,252,2
218,252,2
219,252,2
220,252,2
221,252,2
222,252,2
223,252,2
224,252,2
225,252,2
226,252,2
227,252,2
228,252,2
229,252,2
230,252,2
231,252,2
232,252,2
233,252,2
234,252,2
235,252,2
236,252,2
237,252,2
238,252,2
239,252,2
240,252,2
241,252,2
242,252,2
243,252,2
244,252,2
245,252,2
246,252,2
247,252,2
248,252,2
249,252,2
250,252,2
251,252,2
252,252,2
253,252,2
254,252,2
255,252,2
0,253,3
1,253,3
2,253,3
3,253,3
4,253,3
5,253,3
6,253,3
7,253,3
8,253,3
9,253,3
10,253,3
11,253,3
12,253,3
13,253,3
14,253,3
15,253,3
16,253,3
17,253,3
18,253,3
19,253,3
20,253,3
21,253,3
22,253,3
23,253,3
24,253,3
25,253,3
26,253,3
27,253,3
28,253,3
29,253,3
30,253,3
31,253,3
32,253,3
33,253,3
34,253,3
35,253,3
36,253,3
37,253,3
38,253,4
39,253,4
40,253,4
41,253,4
42,253,4
43,253,4
44,253,4
45,253,4
46,253,4
47,253,4
48,253,4
49,253,4
50,253,4
51,253,4
52,253,4
53,253,4
54,253,4
55,253,4
56,253,4
57,253,4
58,253,4
59,253,4
60,253,4
61,253,4
62,253,4
63,253,4
64,253,4
65,253,4
66,253,4
67,253,4
68,253,4
69,253,4
70,253,4
71,253,4
72,253,4
73,253,4
74,253,4
75,253,4
76,253,4
77,253,4
78,253,5
79,253,5
80,253,5
81,253,5
82,253,5
83,253,5
84,253,5
85,253,5
86,253,5
87,253,5
88,253,5
89,253,5
90,253,5
91,253,5
92,253,5
93,253,5
94,253,6
95,253,6
96,253,6
97,253,6
98,253,6
99,253,7
100,253,7
101,253,7
102,253,7
103,253,8
104,253,8
105,253,8
106,253,9
107,253,9
108,253,9
109,253,11
110,253,13
111,253,23
112,253,23
113,253,21
114,253,12
115,253,11
116,253,11
117,253,11
118,253,11
119,253,12
120,253,16
121,253,22
122,253,24
123,253,27
124,253,14
125,253,17
126,253,9
127,253,8
128,253,7
129,253,7
130,253,6
131,253,6
132,253,6
133,253,6
134,253,5
135,253,5
136,253,5
137,253,5
138,253,4
139,253,4
140,253,4
141,253,4
142,253,4
143,253,4
144,253,4
145,253,4
146,253,4
147,253,4
148,253,4
149,253,4
150,253,4
151,253,4
152,253,4
153,253,4
154,253,4
155,253,4
156,253,4
157,253,4
158,253,4
159,253,4
160,253,4
161,253,4
162,253,4
163,253,4
164,253,4
165,253,4
166,253,3
167,253,3
168,253,3
169,253,3
170,253,3
171,253,3
172,253,3
173,253,3
174,253,3
175,253,3
176,253,3
177,253,3
178,253,3
179,253,3
180,253,3
181,253,3
182,253,3
183,253,3
184,253,3
185,253,3
186,253,3
187,253,3
188,253,3
189,253,3
190,253,3
191,253,3
192,253,3
193,253,3
194,253,2
195,253,2
196,253,2
197,253,2
198,253,2
199,253,2
200,253,2
201,253,2
202,253,2
203,253,2
204,253,2
205,253,2
206,253,2
207,253,2
208,253,2
209,253,2
210,253,2
211,253,2
212,253,2
213,253,2
214,253,2
215,253,2
216,253,2
217,253,2
218,253,2
219,253,2
220,253,2
221,253,2
222,253,2
223,253,2
224,253,2
225,253,2
226,253,2
227,253,2
228,253,2
229,253,2
230,253,2
231,253,2
232,253,2
233,253,2
234,253,2
235,253,2
236,253,2
237,253,2
238,253,2
239,253,2
240,253,2
241,253,2
242,253,2
243,253,2
244,253,2
245,253,2
246,253,2
247,253,2
248,253,2
249,253,2
250,253,2
251,253,2
252,253,2
253,253,2
254,253,2
255,253,2
0,254,3
1,254,3
2,254,3
3,254,3
4,254,3
5,254,3
6,254,3
7,254,3
8,254,3
9,254,3
10,254,3
11,254,3
12,254,3
13,254,3
14,254,3
15,254,3
16,254,3
17,254,3
18,254,3
19,254,3
20,254,3
21,254,3
22,254,3
23,254,3
24,254,3
25,254,3
26,254,3
27,254,3
28,254,3
29,254,3
30,254,3
31,254,3
32,254,3
33,254,3
34,254,3
35,254,3
36,254,3
37,254,3
38,254,3
39,254,3
40,254,4
41,254,4
42,254,4
43,254,4
44,254,4
45,254,4
46,254,4
47,254,4
48,254,4
49,254,4
50,254,4
51,254,4
52,254,4
53,254,4
54,254,4
55,254,4
56,254,4
57,254,4
58,254,4
59,254,4
60,254,4
61,254,4
62,254,4
63,254,4
64,254,4
65,254,4
66,254,4
67,254,4
68,254,4
69,254,4
70,254,4
71,254,4
72,254,4
73,254,4
74,254,4
75,254,4
76,254,4
77,254,4
78,254,4
79,254,5
80,254,5
81,254,5
82,254,5
83,254,5
84,254,5
85,254,5
86,254,5
87,254,5
88,254,5
89,254,5
90,254,5
91,254,5
92,254,5
93,254,5
94,254,6
95,254,6
96,254,6
97,254,6
98,254,6
99,254,6
100,254,7
101,254,7
102,254,7
103,254,8
104,254,8
105,254,9
106,254,9
107,254,9
108,254,10
109,254,11
110,254,21
111,254,25
112,254,25
113,254,13
114,254,11
115,254,10
116,254,10
117,254,10
118,254,10
119,254,11
120,254,24
121,254,13
122,254,15
123,254,15
124,254,16
125,254,12
126,254,10
127,254,9
128,254,8
129,254,7
130,254,6
131,254,6
132,254,6
133,254,5
134,254,5
135,254,5
136,254,5
137,254,4
138,254,4
139,254,4
140,254,4
141,254,4
142,254,4
143,254,4
144,254,4
145,254,4
146,254,4
147,254,4
148,254,4
149,254,4
150,254,4
151,254,4
152,254,4
153,254,4
154,254,4
155,254,4
156,254,4
157,254,4
158,254,4
159,254,4
160,254,4
161,254,4
162,254,4
163,254,4
164,254,4
165,254,3
166,254,3
167,254,3
168,254,3
169,254,3
170,254,3
171,254,3
172,254,3
173,254,3
174,254,3
175,254,3
176,254,3
177,254,3
178,254,3
179,254,3
180,254,3
181,254,3
182,254,3
183,254,3
184,254,3
185,254,3
186,254,3
187,254,3
188,254,3
189,254,3
190,254,3
191,254,3
192,254,3
193,254,2
194,254,2
195,254,2
196,254,2
197,254,2
198,254,2
199,254,2
200,254,2
201,254,2
202,254,2
203,254,2
204,254,2
205,254,2
206,254,2
207,254,2
208,254,2
209,254,2
210,254,2
211,254,2
212,254,2
213,254,2
214,254,2
215,254,2
216,254,2
217,254,2
218,254,2
219,254,2
220,254,2
221,254,2
222,254,2
223,254,2
224,254,2
225,254,2
226,254,2
227,254,2
228,254,2
229,254,2
230,254,2
231,254,2
232,254,2
233,254,2
234,254,2
235,254,2
236,254,2
237,254,2
238,254,2
239,254,2
240,254,2
241,254,2
242,254,2
243,254,2
244,254,2
245,254,2
246,254,2
247,254,2
248,254,2
249,254,2
250,254,2
251,254,2
252,254,2
253,254,2
254,254,2
255,254,2
0,255,3
1,255,3
2,255,3
3,255,3
4,255,3
5,255,3
6,255,3
7,255,3
8,255,3
9,255,3
10,255,3
11,255,3
12,255,3
13,255,3
14,255,3
15,255,3
16,255,3
17,255,3
18,255,3
19,255,3
20,255,3
21,255,3
22,255,3
23,255,3
24,255,3
25,255,3
26,255,3
27,255,3
28,255,3
29,255,3
30,255,3
31,255,3
32,255,3
33,255,3
34,255,3
35,255,3
36,255,3
37,255,3
38,255,3
39,255,3
40,255,3
41,255,4
42,255,4
43,255,4
44,255,4
45,255,4
46,255,4
47,255,4
48,255,4
49,255,4
50,255,4
51,255,4
52,255,4
53,255,4
54,255,4
55,255,4
56,255,4
57,255,4
58,255,4
59,255,4
60,255,4
61,255,4
62,255,4
63,255,4
64,255,4
65,255,4
66,255,4
67,255,4
68,255,4
69,255,4
70,255,4
71,255,4
72,255,4
73,255,4
74,255,4
75,255,4
76,255,4
77,255,4
78,255,4
79,255,4
80,255,5
81,255,5
82,255,5
83,255,5
84,255,5
85,255,5
86,255,5
87,255,5
88,255,5
89,255,5
90,255,5
91,255,5
92,255,5
93,255,5
94,255,5
95,255,6
96,255,6
97,255,6
98,255,6
99,255,6
100,255,7
101,255,7
102,255,7
103,255,8
104,255,8
105,255,9
106,255,9
107,255,10
108,255,11
109,255,11
110,255,14
111,255,17
112,255,13
113,255,12
114,255,9
115,255,9
116,255,9
117,255,9
118,255,9
119,255,10
120,255,20
121,255,10
122,255,11
123,255,11
124,255,12
125,255,22
126,255,12
127,255,11
128,255,0
129,255,7
130,255,6
131,255,6
132,255,6
133,255,5
134,255,5
135,255,5
136,255,4
137,255,4
138,255,4
139,255,4
140,255,4
141,255,4
142,255,4
143,255,4
144,255,4
145,255,4
146,255,4
147,255,4
148,255,4
149,255,4
150,255,4
151,255,4
152,255,4
153,255,4
154,255,4
155,255,4
156,255,4
157,255,4
158,255,4
159,255,4
160,255,4
161,255,4
162,255,4
163,255,4
164,255,3
165,255,3
166,255,3
167,255,3
168,255,3
169,255,3
170,255,3
171,255,3
172,255,3
173,255,3
174,255,3
175,255,3
176,255,3
177,255,3
178,255,3
179,255,3
180,255,3
181,255,3
182,255,3
183,255,3
184,255,3
185,255,3
186,255,3
187,255,3
188,255,3
189,255,3
190,255,3
191,255,2
192,255,2
193,255,2
194,255,2
195,255,2
196,255,2
197,255,2
198,255,2
199,255,2
200,255,2
201,255,2
202,255,2
203,255,2
204,255,2
205,255,2
206,255,2
207,255,2
208,255,2
209,255,2
210,255,2
211,255,2
212,255,2
213,255,2
214,255,2
215,255,2
216,255,2
217,255,2
218,255,2
219,255,2
220,255,2
221,255,2
222,255,2
223,255,2
224,255,2
225,255,2
226,255,2
227,255,2
228,255,2
229,255,2
230,255,2
231,255,2
232,255,2
233,255,2
234,255,2
235,255,2
236,255,2
237,255,2
238,255,2
239,255,2
240,255,2
241,255,2
242,255,2
243,255,2
244,255,2
245,255,2
246,255,2
247,255,2
248,255,2
249,255,2
250,255,2
251,255,2
252,255,2
253,255,2
254,255,2
255,255,2
