col,row,iters
0,0,2
1,0,2
2,0,2
3,0,2
4,0,2
5,0,2
6,0,2
7,0,2
8,0,2
9,0,2
10,0,2
11,0,2
12,0,2
13,0,2
14,0,2
15,0,2
16,0,2
17,0,2
18,0,2
19,0,2
20,0,2
21,0,2
22,0,2
23,0,2
24,0,2
25,0,2
26,0,2
27,0,2
28,0,2
29,0,2
30,0,2
31,0,2
32,0,2
33,0,2
34,0,2
35,0,2
36,0,2
37,0,2
38,0,2
39,0,2
40,0,2
41,0,2
42,0,2
43,0,2
44,0,2
45,0,2
46,0,2
47,0,2
48,0,2
49,0,2
50,0,2
51,0,2
52,0,2
53,0,2
54,0,2
55,0,2
56,0,2
57,0,2
58,0,2
59,0,2
60,0,2
61,0,2
62,0,2
63,0,2
64,0,2
65,0,2
66,0,2
67,0,2
68,0,2
69,0,2
70,0,2
71,0,2
72,0,2
73,0,2
74,0,2
75,0,2
76,0,2
77,0,2
78,0,2
79,0,2
80,0,2
81,0,2
82,0,2
83,0,2
84,0,2
85,0,2
86,0,2
87,0,2
88,0,2
89,0,2
90,0,2
91,0,2
92,0,2
93,0,2
94,0,2
95,0,2
96,0,2
97,0,2
98,0,2
99,0,2
100,0,2
101,0,2
102,0,2
103,0,2
104,0,2
105,0,2
106,0,2
107,0,2
108,0,2
109,0,2
110,0,2
111,0,2
112,0,2
113,0,2
114,0,2
115,0,2
116,0,2
117,0,2
118,0,2
119,0,2
120,0,2
121,0,2
122,0,2
123,0,2
124,0,2
125,0,2
126,0,2
127,0,2
0,1,2
1,1,2
2,1,2
3,1,2
4,1,2
5,1,2
6,1,2
7,1,2
8,1,2
9,1,2
10,1,2
11,1,2
12,1,2
13,1,2
14,1,2
15,1,2
16,1,2
17,1,2
18,1,2
19,1,2
20,1,2
21,1,2
22,1,2
23,1,2
24,1,2
25,1,2
26,1,2
27,1,2
28,1,2
29,1,2
30,1,2
31,1,2
32,1,2
33,1,2
34,1,2
35,1,2
36,1,2
37,1,2
38,1,2
39,1,2
40,1,2
41,1,2
42,1,2
43,1,2
44,1,2
45,1,2
46,1,2
47,1,2
48,1,2
49,1,2
50,1,2
51,1,2
52,1,2
53,1,2
54,1,2
55,1,2
56,1,2
57,1,2
58,1,2
59,1,2
60,1,2
61,1,2
62,1,2
63,1,2
64,1,2
65,1,2
66,1,2
67,1,2
68,1,2
69,1,2
70,1,2
71,1,3
72,1,2
73,1,2
74,1,2
75,1,2
76,1,2
77,1,2
78,1,2
79,1,2
80,1,2
81,1,2
82,1,2
83,1,2
84,1,2
85,1,2
86,1,2
87,1,2
88,1,2
89,1,2
90,1,2
91,1,2
92,1,2
93,1,2
94,1,2
95,1,2
96,1,2
97,1,2
98,1,2
99,1,2
100,1,2
101,1,2
102,1,2
103,1,2
104,1,2
105,1,2
106,1,2
107,1,2
108,1,2
109,1,2
110,1,2
111,1,2
112,1,2
113,1,2
114,1,2
115,1,2
116,1,2
117,1,2
118,1,2
119,1,2
120,1,2
121,1,2
122,1,2
123,1,2
124,1,2
125,1,2
126,1,2
127,1,2
0,2,2
1,2,2
2,2,2
3,2,2
4,2,2
5,2,2
6,2,2
7,2,2
8,2,2
9,2,2
10,2,2
11,2,2
12,2,2
13,2,2
14,2,2
15,2,2
16,2,2
17,2,2
18,2,2
19,2,2
20,2,2
21,2,2
22,2,2
23,2,2
24,2,2
25,2,2
26,2,2
27,2,2
28,2,2
29,2,2
30,2,2
31,2,2
32,2,2
33,2,2
34,2,2
35,2,2
36,2,2
37,2,2
38,2,2
39,2,2
40,2,2
41,2,2
42,2,2
43,2,2
44,2,2
45,2,2
46,2,2
47,2,2
48,2,2
49,2,2
50,2,2
51,2,2
52,2,2
53,2,2
54,2,2
55,2,2
56,2,2
57,2,2
58,2,2
59,2,2
60,2,2
61,2,2
62,2,2
63,2,2
64,2,2
65,2,2
66,2,2
67,2,2
68,2,3
69,2,3
70,2,3
71,2,3
72,2,2
73,2,2
74,2,2
75,2,2
76,2,2
77,2,2
78,2,2
79,2,2
80,2,2
81,2,2
82,2,2
83,2,2
84,2,2
85,2,2
86,2,2
87,2,2
88,2,2
89,2,2
90,2,2
91,2,2
92,2,2
93,2,2
94,2,2
95,2,2
96,2,2
97,2,2
98,2,2
99,2,2
100,2,2
101,2,2
102,2,2
103,2,2
104,2,2
105,2,2
106,2,2
107,2,2
108,2,2
109,2,2
110,2,2
111,2,2
112,2,2
113,2,2
114,2,2
115,2,2
116,2,2
117,2,2
118,2,2
119,2,2
120,2,2
121,2,2
122,2,2
123,2,2
124,2,2
125,2,2
126,2,2
127,2,2
0,3,2
1,3,2
2,3,2
3,3,2
4,3,2
5,3,2
6,3,2
7,3,2
8,3,2
9,3,2
10,3,2
11,3,2
12,3,2
13,3,2
14,3,2
15,3,2
16,3,2
17,3,2
18,3,2
19,3,2
20,3,2
21,3,2
22,3,2
23,3,2
24,3,2
25,3,2
26,3,2
27,3,2
28,3,2
29,3,2
30,3,2
31,3,2
32,3,2
33,3,2
34,3,2
35,3,2
36,3,2
37,3,2
38,3,2
39,3,2
40,3,2
41,3,2
42,3,2
43,3,2
44,3,2
45,3,2
46,3,2
47,3,2
48,3,2
49,3,2
50,3,2
51,3,2
52,3,2
53,3,2
54,3,2
55,3,2
56,3,2
57,3,2
58,3,2
59,3,2
60,3,2
61,3,2
62,3,2
63,3,2
64,3,2
65,3,2
66,3,3
67,3,3
68,3,3
69,3,3
70,3,3
71,3,3
72,3,2
73,3,2
74,3,2
75,3,2
76,3,2
77,3,2
78,3,2
79,3,2
80,3,2
81,3,2
82,3,2
83,3,2
84,3,2
85,3,2
86,3,2
87,3,2
88,3,2
89,3,2
90,3,2
91,3,2
92,3,2
93,3,2
94,3,2
95,3,2
96,3,2
97,3,2
98,3,2
99,3,2
100,3,2
101,3,2
102,3,2
103,3,2
104,3,2
105,3,2
106,3,2
107,3,2
108,3,2
109,3,2
110,3,2
111,3,2
112,3,2
113,3,2
114,3,2
115,3,2
116,3,2
117,3,2
118,3,2
119,3,2
120,3,2
121,3,2
122,3,2
123,3,2
124,3,2
125,3,2
126,3,2
127,3,2
0,4,2
1,4,2
2,4,2
3,4,2
4,4,2
5,4,2
6,4,2
7,4,2
8,4,2
9,4,2
10,4,2
11,4,2
12,4,2
13,4,2
14,4,2
15,4,2
16,4,2
17,4,2
18,4,2
19,4,2
20,4,2
21,4,2
22,4,2
23,4,2
24,4,2
25,4,2
26,4,2
27,4,2
28,4,2
29,4,2
30,4,2
31,4,2
32,4,2
33,4,2
34,4,2
35,4,2
36,4,2
37,4,2
38,4,2
39,4,2
40,4,2
41,4,2
42,4,2
43,4,2
44,4,2
45,4,2
46,4,2
47,4,2
48,4,2
49,4,2
50,4,2
51,4,2
52,4,2
53,4,2
54,4,2
55,4,2
56,4,2
57,4,2
58,4,2
59,4,2
60,4,2
61,4,2
62,4,2
63,4,3
64,4,3
65,4,3
66,4,3
67,4,3
68,4,3
69,4,3
70,4,3
71,4,3
72,4,3
73,4,2
74,4,2
75,4,2
76,4,2
77,4,2
78,4,2
79,4,2
80,4,2
81,4,2
82,4,2
83,4,2
84,4,2
85,4,2
86,4,2
87,4,2
88,4,2
89,4,2
90,4,2
91,4,2
92,4,2
93,4,2
94,4,2
95,4,2
96,4,2
97,4,2
98,4,2
99,4,2
100,4,2
101,4,2
102,4,2
103,4,2
104,4,2
105,4,2
106,4,2
107,4,2
108,4,2
109,4,2
110,4,2
111,4,2
112,4,2
113,4,2
114,4,2
115,4,2
116,4,2
117,4,2
118,4,2
119,4,2
120,4,2
121,4,2
122,4,2
123,4,2
124,4,2
125,4,2
126,4,2
127,4,2
0,5,2
1,5,2
2,5,2
3,5,2
4,5,2
5,5,2
6,5,2
7,5,2
8,5,2
9,5,2
10,5,2
11,5,2
12,5,2
13,5,2
14,5,2
15,5,2
16,5,2
17,5,2
18,5,2
19,5,2
20,5,2
21,5,2
22,5,2
23,5,2
24,5,2
25,5,2
26,5,2
27,5,2
28,5,2
29,5,2
30,5,2
31,5,2
32,5,2
33,5,2
34,5,2
35,5,2
36,5,2
37,5,2
38,5,2
39,5,2
40,5,2
41,5,2
42,5,2
43,5,2
44,5,2
45,5,2
46,5,2
47,5,2
48,5,2
49,5,2
50,5,2
51,5,2
52,5,2
53,5,2
54,5,2
55,5,2
56,5,2
57,5,2
58,5,2
59,5,2
60,5,3
61,5,3
62,5,3
63,5,3
64,5,3
65,5,3
66,5,3
67,5,3
68,5,3
69,5,3
70,5,3
71,5,3
72,5,3
73,5,2
74,5,2
75,5,2
76,5,2
77,5,2
78,5,2
79,5,2
80,5,2
81,5,2
82,5,2
83,5,2
84,5,2
85,5,2
86,5,2
87,5,2
88,5,2
89,5,2
90,5,2
91,5,2
92,5,2
93,5,2
94,5,2
95,5,2
96,5,2
97,5,2
98,5,2
99,5,2
100,5,2
101,5,2
102,5,2
103,5,2
104,5,2
105,5,2
106,5,2
107,5,2
108,5,2
109,5,2
110,5,2
111,5,2
112,5,2
113,5,2
114,5,2
115,5,2
116,5,2
117,5,2
118,5,2
119,5,2
120,5,2
121,5,2
122,5,2
123,5,2
124,5,2
125,5,2
126,5,2
127,5,2
0,6,2
1,6,2
2,6,2
3,6,2
4,6,2
5,6,2
6,6,2
7,6,2
8,6,2
9,6,2
10,6,2
11,6,2
12,6,2
13,6,2
14,6,2
15,6,2
16,6,2
17,6,2
18,6,2
19,6,2
20,6,2
21,6,2
22,6,2
23,6,2
24,6,2
25,6,2
26,6,2
27,6,2
28,6,2
29,6,2
30,6,2
31,6,2
32,6,2
33,6,2
34,6,2
35,6,2
36,6,2
37,6,2
38,6,2
39,6,2
40,6,2
41,6,2
42,6,2
43,6,2
44,6,2
45,6,2
46,6,2
47,6,2
48,6,2
49,6,2
50,6,2
51,6,2
52,6,2
53,6,2
54,6,2
55,6,2
56,6,3
57,6,3
58,6,3
59,6,3
60,6,3
61,6,3
62,6,3
63,6,3
64,6,3
65,6,3
66,6,3
67,6,3
68,6,3
69,6,3
70,6,3
71,6,3
72,6,3
73,6,3
74,6,2
75,6,2
76,6,2
77,6,2
78,6,2
79,6,2
80,6,2
81,6,2
82,6,2
83,6,2
84,6,2
85,6,2
86,6,2
87,6,2
88,6,2
89,6,2
90,6,2
91,6,2
92,6,2
93,6,2
94,6,2
95,6,2
96,6,2
97,6,2
98,6,2
99,6,2
100,6,2
101,6,2
102,6,2
103,6,2
104,6,2
105,6,2
106,6,2
107,6,2
108,6,2
109,6,2
110,6,2
111,6,2
112,6,2
113,6,2
114,6,2
115,6,2
116,6,2
117,6,2
118,6,2
119,6,2
120,6,2
121,6,2
122,6,2
123,6,2
124,6,2
125,6,2
126,6,2
127,6,2
0,7,2
1,7,2
2,7,2
3,7,2
4,7,2
5,7,2
6,7,2
7,7,2
8,7,2
9,7,2
10,7,2
11,7,2
12,7,2
13,7,2
14,7,2
15,7,2
16,7,2
17,7,2
18,7,2
19,7,2
20,7,2
21,7,2
22,7,2
23,7,2
24,7,2
25,7,2
26,7,2
27,7,2
28,7,2
29,7,2
30,7,2
31,7,2
32,7,2
33,7,2
34,7,2
35,7,2
36,7,2
37,7,2
38,7,2
39,7,2
40,7,2
41,7,2
42,7,2
43,7,2
44,7,2
45,7,2
46,7,2
47,7,2
48,7,2
49,7,2
50,7,2
51,7,2
52,7,2
53,7,3
54,7,3
55,7,3
56,7,3
57,7,3
58,7,3
59,7,3
60,7,3
61,7,3
62,7,3
63,7,3
64,7,3
65,7,3
66,7,3
67,7,3
68,7,3
69,7,3
70,7,3
71,7,3
72,7,3
73,7,3
74,7,3
75,7,2
76,7,2
77,7,2
78,7,2
79,7,2
80,7,2
81,7,2
82,7,2
83,7,2
84,7,2
85,7,2
86,7,2
87,7,2
88,7,2
89,7,2
90,7,2
91,7,2
92,7,2
93,7,2
94,7,2
95,7,2
96,7,2
97,7,2
98,7,2
99,7,2
100,7,2
101,7,2
102,7,2
103,7,2
104,7,2
105,7,2
106,7,2
107,7,2
108,7,2
109,7,2
110,7,2
111,7,2
112,7,2
113,7,2
114,7,2
115,7,2
116,7,2
117,7,2
118,7,2
119,7,2
120,7,2
121,7,2
122,7,2
123,7,2
124,7,2
125,7,2
126,7,2
127,7,2
0,8,2
1,8,2
2,8,2
3,8,2
4,8,2
5,8,2
6,8,2
7,8,2
8,8,2
9,8,2
10,8,2
11,8,2
12,8,2
13,8,2
14,8,2
15,8,2
16,8,2
17,8,2
18,8,2
19,8,2
20,8,2
21,8,2
22,8,2
23,8,2
24,8,2
25,8,2
26,8,2
27,8,2
28,8,2
29,8,2
30,8,2
31,8,2
32,8,2
33,8,2
34,8,2
35,8,2
36,8,2
37,8,2
38,8,2
39,8,2
40,8,2
41,8,2
42,8,2
43,8,2
44,8,2
45,8,2
46,8,2
47,8,2
48,8,2
49,8,2
50,8,2
51,8,2
52,8,2
53,8,3
54,8,3
55,8,3
56,8,3
57,8,3
58,8,3
59,8,3
60,8,3
61,8,3
62,8,3
63,8,3
64,8,3
65,8,3
66,8,3
67,8,3
68,8,3
69,8,3
70,8,3
71,8,3
72,8,3
73,8,3
74,8,3
75,8,2
76,8,2
77,8,2
78,8,2
79,8,2
80,8,2
81,8,2
82,8,2
83,8,2
84,8,2
85,8,2
86,8,2
87,8,2
88,8,2
89,8,2
90,8,2
91,8,2
92,8,2
93,8,2
94,8,2
95,8,2
96,8,2
97,8,2
98,8,2
99,8,2
100,8,2
101,8,2
102,8,2
103,8,2
104,8,2
105,8,2
106,8,2
107,8,2
108,8,2
109,8,2
110,8,2
111,8,2
112,8,2
113,8,2
114,8,2
115,8,2
116,8,2
117,8,2
118,8,2
119,8,2
120,8,2
121,8,2
122,8,2
123,8,2
124,8,2
125,8,2
126,8,2
127,8,2
0,9,2
1,9,2
2,9,2
3,9,2
4,9,2
5,9,2
6,9,2
7,9,2
8,9,2
9,9,2
10,9,2
11,9,2
12,9,2
13,9,2
14,9,2
15,9,2
16,9,2
17,9,2
18,9,2
19,9,2
20,9,2
21,9,2
22,9,2
23,9,2
24,9,2
25,9,2
26,9,2
27,9,2
28,9,2
29,9,2
30,9,2
31,9,2
32,9,2
33,9,2
34,9,2
35,9,2
36,9,2
37,9,2
38,9,2
39,9,2
40,9,2
41,9,2
42,9,2
43,9,2
44,9,2
45,9,2
46,9,2
47,9,2
48,9,2
49,9,2
50,9,2
51,9,2
52,9,3
53,9,3
54,9,3
55,9,3
56,9,3
57,9,3
58,9,3
59,9,3
60,9,3
61,9,3
62,9,3
63,9,3
64,9,3
65,9,3
66,9,3
67,9,3
68,9,3
69,9,3
70,9,3
71,9,3
72,9,3
73,9,3
74,9,3
75,9,3
76,9,2
77,9,2
78,9,2
79,9,2
80,9,2
81,9,2
82,9,2
83,9,2
84,9,2
85,9,2
86,9,2
87,9,2
88,9,2
89,9,2
90,9,2
91,9,2
92,9,2
93,9,2
94,9,2
95,9,2
96,9,2
97,9,2
98,9,2
99,9,2
100,9,2
101,9,2
102,9,2
103,9,2
104,9,2
105,9,2
106,9,2
107,9,2
108,9,2
109,9,2
110,9,2
111,9,2
112,9,2
113,9,2
114,9,2
115,9,2
116,9,2
117,9,2
118,9,2
119,9,2
120,9,2
121,9,2
122,9,2
123,9,2
124,9,2
125,9,2
126,9,2
127,9,2
0,10,2
1,10,2
2,10,2
3,10,2
4,10,2
5,10,2
6,10,2
7,10,2
8,10,2
9,10,2
10,10,2
11,10,2
12,10,2
13,10,2
14,10,2
15,10,2
16,10,2
17,10,2
18,10,2
19,10,2
20,10,2
21,10,2
22,10,2
23,10,2
24,10,2
25,10,2
26,10,2
27,10,2
28,10,2
29,10,2
30,10,2
31,10,2
32,10,2
33,10,2
34,10,2
35,10,2
36,10,2
37,10,2
38,10,2
39,10,2
40,10,2
41,10,2
42,10,2
43,10,2
44,10,2
45,10,2
46,10,2
47,10,2
48,10,2
49,10,2
50,10,2
51,10,2
52,10,3
53,10,3
54,10,3
55,10,3
56,10,3
57,10,3
58,10,3
59,10,3
60,10,3
61,10,3
62,10,3
63,10,3
64,10,3
65,10,3
66,10,3
67,10,3
68,10,3
69,10,3
70,10,3
71,10,3
72,10,3
73,10,3
74,10,3
75,10,3
76,10,2
77,10,2
78,10,2
79,10,2
80,10,2
81,10,2
82,10,2
83,10,2
84,10,2
85,10,2
86,10,2
87,10,2
88,10,2
89,10,2
90,10,2
91,10,2
92,10,2
93,10,2
94,10,2
95,10,2
96,10,2
97,10,2
98,10,2
99,10,2
100,10,2
101,10,2
102,10,2
103,10,2
104,10,2
105,10,2
106,10,2
107,10,2
108,10,2
109,10,2
110,10,2
111,10,2
112,10,2
113,10,2
114,10,2
115,10,2
116,10,2
117,10,2
118,10,2
119,10,2
120,10,2
121,10,2
122,10,2
123,10,2
124,10,2
125,10,2
126,10,2
127,10,2
0,11,2
1,11,2
2,11,2
3,11,2
4,11,2
5,11,2
6,11,2
7,11,2
8,11,2
9,11,2
10,11,2
11,11,2
12,11,2
13,11,2
14,11,2
15,11,2
16,11,2
17,11,2
18,11,2
19,11,2
20,11,2
21,11,2
22,11,2
23,11,2
24,11,2
25,11,2
26,11,2
27,11,2
28,11,2
29,11,2
30,11,2
31,11,2
32,11,2
33,11,2
34,11,2
35,11,2
36,11,2
37,11,2
38,11,2
39,11,2
40,11,2
41,11,2
42,11,2
43,11,2
44,11,2
45,11,2
46,11,2
47,11,2
48,11,2
49,11,2
50,11,2
51,11,3
52,11,3
53,11,3
54,11,3
55,11,3
56,11,3
57,11,3
58,11,3
59,11,3
60,11,3
61,11,3
62,11,3
63,11,3
64,11,3
65,11,3
66,11,3
67,11,3
68,11,3
69,11,3
70,11,3
71,11,3
72,11,3
73,11,3
74,11,3
75,11,3
76,11,3
77,11,2
78,11,2
79,11,2
80,11,2
81,11,2
82,11,2
83,11,2
84,11,2
85,11,2
86,11,2
87,11,2
88,11,2
89,11,2
90,11,2
91,11,2
92,11,2
93,11,2
94,11,2
95,11,2
96,11,2
97,11,2
98,11,2
99,11,2
100,11,2
101,11,2
102,11,2
103,11,2
104,11,2
105,11,2
106,11,2
107,11,2
108,11,2
109,11,2
110,11,2
111,11,2
112,11,2
113,11,2
114,11,2
115,11,2
116,11,2
117,11,2
118,11,2
119,11,2
120,11,2
121,11,2
122,11,2
123,11,2
124,11,2
125,11,2
126,11,2
127,11,2
0,12,2
1,12,2
2,12,2
3,12,2
4,12,2
5,12,2
6,12,2
7,12,2
8,12,2
9,12,2
10,12,2
11,12,2
12,12,2
13,12,2
14,12,2
15,12,2
16,12,2
17,12,2
18,12,2
19,12,2
20,12,2
21,12,2
22,12,2
23,12,2
24,12,2
25,12,2
26,12,2
27,12,2
28,12,2
29,12,2
30,12,2
31,12,2
32,12,2
33,12,2
34,12,2
35,12,2
36,12,2
37,12,2
38,12,2
39,12,2
40,12,2
41,12,2
42,12,2
43,12,2
44,12,2
45,12,2
46,12,2
47,12,2
48,12,2
49,12,2
50,12,3
51,12,3
52,12,3
53,12,3
54,12,3
55,12,3
56,12,3
57,12,3
58,12,3
59,12,3
60,12,3
61,12,3
62,12,3
63,12,3
64,12,3
65,12,3
66,12,3
67,12,3
68,12,3
69,12,3
70,12,3
71,12,3
72,12,3
73,12,3
74,12,3
75,12,3
76,12,3
77,12,3
78,12,2
79,12,2
80,12,2
81,12,2
82,12,2
83,12,2
84,12,2
85,12,2
86,12,2
87,12,2
88,12,2
89,12,2
90,12,2
91,12,2
92,12,2
93,12,2
94,12,2
95,12,2
96,12,2
97,12,2
98,12,2
99,12,2
100,12,2
101,12,2
102,12,2
103,12,2
104,12,2
105,12,2
106,12,2
107,12,2
108,12,2
109,12,2
110,12,2
111,12,2
112,12,2
113,12,2
114,12,2
115,12,2
116,12,2
117,12,2
118,12,2
119,12,2
120,12,2
121,12,2
122,12,2
123,12,2
124,12,2
125,12,2
126,12,2
127,12,2
0,13,2
1,13,2
2,13,2
3,13,2
4,13,2
5,13,2
6,13,2
7,13,2
8,13,2
9,13,2
10,13,2
11,13,2
12,13,2
13,13,2
14,13,2
15,13,2
16,13,2
17,13,2
18,13,2
19,13,2
20,13,2
21,13,2
22,13,2
23,13,2
24,13,2
25,13,2
26,13,2
27,13,2
28,13,2
29,13,2
30,13,2
31,13,2
32,13,2
33,13,2
34,13,2
35,13,2
36,13,2
37,13,2
38,13,2
39,13,2
40,13,2
41,13,2
42,13,2
43,13,2
44,13,2
45,13,2
46,13,2
47,13,2
48,13,2
49,13,2
50,13,3
51,13,3
52,13,3
53,13,3
54,13,3
55,13,3
56,13,3
57,13,3
58,13,3
59,13,3
60,13,3
61,13,3
62,13,3
63,13,3
64,13,3
65,13,3
66,13,3
67,13,3
68,13,3
69,13,3
70,13,3
71,13,3
72,13,3
73,13,3
74,13,3
75,13,3
76,13,3
77,13,3
78,13,2
79,13,2
80,13,2
81,13,2
82,13,2
83,13,2
84,13,2
85,13,2
86,13,2
87,13,2
88,13,2
89,13,2
90,13,2
91,13,2
92,13,2
93,13,2
94,13,2
95,13,2
96,13,2
97,13,2
98,13,2
99,13,2
100,13,2
101,13,2
102,13,2
103,13,2
104,13,2
105,13,2
106,13,2
107,13,2
108,13,2
109,13,2
110,13,2
111,13,2
112,13,2
113,13,2
114,13,2
115,13,2
116,13,2
117,13,2
118,13,2
119,13,2
120,13,2
121,13,2
122,13,2
123,13,2
124,13,2
125,13,2
126,13,2
127,13,2
0,14,2
1,14,2
2,14,2
3,14,2
4,14,2
5,14,2
6,14,2
7,14,2
8,14,2
9,14,2
10,14,2
11,14,2
12,14,2
13,14,2
14,14,2
15,14,2
16,14,2
17,14,2
18,14,2
19,14,2
20,14,2
21,14,2
22,14,2
23,14,2
24,14,2
25,14,2
26,14,2
27,14,2
28,14,2
29,14,2
30,14,2
31,14,2
32,14,2
33,14,2
34,14,2
35,14,2
36,14,2
37,14,2
38,14,2
39,14,2
40,14,2
41,14,2
42,14,2
43,14,2
44,14,2
45,14,2
46,14,2
47,14,2
48,14,2
49,14,3
50,14,3
51,14,3
52,14,3
53,14,3
54,14,3
55,14,3
56,14,3
57,14,3
58,14,3
59,14,3
60,14,3
61,14,3
62,14,3
63,14,3
64,14,3
65,14,3
66,14,3
67,14,3
68,14,3
69,14,3
70,14,3
71,14,3
72,14,3
73,14,3
74,14,3
75,14,3
76,14,3
77,14,3
78,14,3
79,14,2
80,14,2
81,14,2
82,14,2
83,14,2
84,14,2
85,14,2
86,14,2
87,14,2
88,14,2
89,14,2
90,14,2
91,14,2
92,14,2
93,14,2
94,14,2
95,14,2
96,14,2
97,14,2
98,14,2
99,14,2
100,14,2
101,14,2
102,14,2
103,14,2
104,14,2
105,14,2
106,14,2
107,14,2
108,14,2
109,14,2
110,14,2
111,14,2
112,14,2
113,14,2
114,14,2
115,14,2
116,14,2
117,14,2
118,14,2
119,14,2
120,14,2
121,14,2
122,14,2
123,14,2
124,14,2
125,14,2
126,14,2
127,14,2
0,15,2
1,15,2
2,15,2
3,15,2
4,15,2
5,15,2
6,15,2
7,15,2
8,15,2
9,15,2
10,15,2
11,15,2
12,15,2
13,15,2
14,15,2
15,15,2
16,15,2
17,15,2
18,15,2
19,15,2
20,15,2
21,15,2
22,15,2
23,15,2
24,15,2
25,15,2
26,15,2
27,15,2
28,15,2
29,15,2
30,15,2
31,15,2
32,15,2
33,15,2
34,15,2
35,15,2
36,15,2
37,15,2
38,15,2
39,15,2
40,15,2
41,15,2
42,15,2
43,15,2
44,15,2
45,15,2
46,15,2
47,15,2
48,15,3
49,15,3
50,15,3
51,15,3
52,15,3
53,15,3
54,15,3
55,15,3
56,15,3
57,15,3
58,15,3
59,15,3
60,15,3
61,15,3
62,15,3
63,15,3
64,15,3
65,15,3
66,15,3
67,15,3
68,15,3
69,15,3
70,15,3
71,15,3
72,15,3
73,15,3
74,15,3
75,15,3
76,15,3
77,15,3
78,15,3
79,15,3
80,15,2
81,15,2
82,15,2
83,15,2
84,15,2
85,15,2
86,15,2
87,15,2
88,15,2
89,15,2
90,15,2
91,15,2
92,15,2
93,15,2
94,15,2
95,15,2
96,15,2
97,15,2
98,15,2
99,15,2
100,15,2
101,15,2
102,15,2
103,15,2
104,15,2
105,15,2
106,15,2
107,15,2
108,15,2
109,15,2
110,15,2
111,15,2
112,15,2
113,15,2
114,15,2
115,15,2
116,15,2
117,15,2
118,15,2
119,15,2
120,15,2
121,15,2
122,15,2
123,15,2
124,15,2
125,15,2
126,15,2
127,15,2
0,16,2
1,16,2
2,16,2
3,16,2
4,16,2
5,16,2
6,16,2
7,16,2
8,16,2
9,16,2
10,16,2
11,16,2
12,16,2
13,16,2
14,16,2
15,16,2
16,16,2
17,16,2
18,16,2
19,16,2
20,16,2
21,16,2
22,16,2
23,16,2
24,16,2
25,16,2
26,16,2
27,16,2
28,16,2
29,16,2
30,16,2
31,16,2
32,16,2
33,16,2
34,16,2
35,16,2
36,16,2
37,16,2
38,16,2
39,16,2
40,16,2
41,16,2
42,16,2
43,16,2
44,16,2
45,16,2
46,16,2
47,16,3
48,16,3
49,16,3
50,16,3
51,16,3
52,16,3
53,16,3
54,16,3
55,16,3
56,16,3
57,16,3
58,16,3
59,16,3
60,16,3
61,16,3
62,16,3
63,16,3
64,16,3
65,16,3
66,16,3
67,16,3
68,16,3
69,16,3
70,16,3
71,16,3
72,16,3
73,16,3
74,16,3
75,16,3
76,16,3
77,16,3
78,16,3
79,16,3
80,16,3
81,16,2
82,16,2
83,16,2
84,16,2
85,16,2
86,16,2
87,16,2
88,16,2
89,16,2
90,16,2
91,16,2
92,16,2
93,16,2
94,16,2
95,16,2
96,16,2
97,16,2
98,16,2
99,16,2
100,16,2
101,16,2
102,16,2
103,16,2
104,16,2
105,16,2
106,16,2
107,16,2
108,16,2
109,16,2
110,16,2
111,16,2
112,16,2
113,16,2
114,16,2
115,16,2
116,16,2
117,16,2
118,16,2
119,16,2
120,16,2
121,16,2
122,16,2
123,16,2
124,16,2
125,16,2
126,16,2
127,16,2
0,17,2
1,17,2
2,17,2
3,17,2
4,17,2
5,17,2
6,17,2
7,17,2
8,17,2
9,17,2
10,17,2
11,17,2
12,17,2
13,17,2
14,17,2
15,17,2
16,17,2
17,17,2
18,17,2
19,17,2
20,17,2
21,17,2
22,17,2
23,17,2
24,17,2
25,17,2
26,17,2
27,17,2
28,17,2
29,17,2
30,17,2
31,17,2
32,17,2
33,17,2
34,17,2
35,17,2
36,17,2
37,17,2
38,17,2
39,17,2
40,17,2
41,17,2
42,17,2
43,17,2
44,17,2
45,17,2
46,17,2
47,17,3
48,17,3
49,17,3
50,17,3
51,17,3
52,17,3
53,17,3
54,17,3
55,17,3
56,17,3
57,17,3
58,17,3
59,17,3
60,17,3
61,17,3
62,17,3
63,17,3
64,17,3
65,17,3
66,17,3
67,17,3
68,17,3
69,17,3
70,17,3
71,17,3
72,17,3
73,17,3
74,17,3
75,17,3
76,17,3
77,17,3
78,17,3
79,17,3
80,17,3
81,17,2
82,17,2
83,17,2
84,17,2
85,17,2
86,17,2
87,17,2
88,17,2
89,17,2
90,17,2
91,17,2
92,17,2
93,17,2
94,17,2
95,17,2
96,17,2
97,17,2
98,17,2
99,17,2
100,17,2
101,17,2
102,17,2
103,17,2
104,17,2
105,17,2
106,17,2
107,17,2
108,17,2
109,17,2
110,17,2
111,17,2
112,17,2
113,17,2
114,17,2
115,17,2
116,17,2
117,17,2
118,17,2
119,17,2
120,17,2
121,17,2
122,17,2
123,17,2
124,17,2
125,17,2
126,17,2
127,17,2
0,18,2
1,18,2
2,18,2
3,18,2
4,18,2
5,18,2
6,18,2
7,18,2
8,18,2
9,18,2
10,18,2
11,18,2
12,18,2
13,18,2
14,18,2
15,18,2
16,18,2
17,18,2
18,18,2
19,18,2
20,18,2
21,18,2
22,18,2
23,18,2
24,18,2
25,18,2
26,18,2
27,18,2
28,18,2
29,18,2
30,18,2
31,18,2
32,18,2
33,18,2
34,18,2
35,18,2
36,18,2
37,18,2
38,18,2
39,18,2
40,18,2
41,18,2
42,18,2
43,18,2
44,18,2
45,18,2
46,18,3
47,18,3
48,18,3
49,18,3
50,18,3
51,18,3
52,18,3
53,18,3
54,18,3
55,18,3
56,18,3
57,18,3
58,18,3
59,18,3
60,18,3
61,18,3
62,18,3
63,18,3
64,18,3
65,18,3
66,18,3
67,18,3
68,18,3
69,18,3
70,18,3
71,18,3
72,18,3
73,18,3
74,18,3
75,18,3
76,18,3
77,18,3
78,18,3
79,18,3
80,18,3
81,18,3
82,18,2
83,18,2
84,18,2
85,18,2
86,18,2
87,18,2
88,18,2
89,18,2
90,18,2
91,18,2
92,18,2
93,18,2
94,18,2
95,18,2
96,18,2
97,18,2
98,18,2
99,18,2
100,18,2
101,18,2
102,18,2
103,18,2
104,18,2
105,18,2
106,18,2
107,18,2
108,18,2
109,18,2
110,18,2
111,18,2
112,18,2
113,18,2
114,18,2
115,18,2
116,18,2
117,18,2
118,18,2
119,18,2
120,18,2
121,18,2
122,18,2
123,18,2
124,18,2
125,18,2
126,18,2
127,18,2
0,19,2
1,19,2
2,19,2
3,19,2
4,19,2
5,19,2
6,19,2
7,19,2
8,19,2
9,19,2
10,19,2
11,19,2
12,19,2
13,19,2
14,19,2
15,19,2
16,19,2
17,19,2
18,19,2
19,19,2
20,19,2
21,19,2
22,19,2
23,19,2
24,19,2
25,19,2
26,19,2
27,19,2
28,19,2
29,19,2
30,19,2
31,19,2
32,19,2
33,19,2
34,19,2
35,19,2
36,19,2
37,19,2
38,19,2
39,19,2
40,19,2
41,19,2
42,19,2
43,19,2
44,19,2
45,19,3
46,19,3
47,19,3
48,19,3
49,19,3
50,19,3
51,19,3
52,19,3
53,19,3
54,19,3
55,19,3
56,19,3
57,19,3
58,19,3
59,19,3
60,19,3
61,19,3
62,19,3
63,19,3
64,19,3
65,19,3
66,19,3
67,19,3
68,19,3
69,19,3
70,19,3
71,19,3
72,19,3
73,19,3
74,19,3
75,19,3
76,19,3
77,19,3
78,19,3
79,19,3
80,19,3
81,19,3
82,19,3
83,19,2
84,19,2
85,19,2
86,19,2
87,19,2
88,19,2
89,19,2
90,19,2
91,19,2
92,19,2
93,19,2
94,19,2
95,19,2
96,19,2
97,19,2
98,19,2
99,19,2
100,19,2
101,19,2
102,19,2
103,19,2
104,19,2
105,19,2
106,19,2
107,19,2
108,19,2
109,19,2
110,19,2
111,19,2
112,19,2
113,19,2
114,19,2
115,19,2
116,19,2
117,19,2
118,19,2
119,19,2
120,19,2
121,19,2
122,19,2
123,19,2
124,19,2
125,19,2
126,19,2
127,19,2
0,20,2
1,20,2
2,20,2
3,20,2
4,20,2
5,20,2
6,20,2
7,20,2
8,20,2
9,20,2
10,20,2
11,20,2
12,20,2
13,20,2
14,20,2
15,20,2
16,20,2
17,20,2
18,20,2
19,20,2
20,20,2
21,20,2
22,20,2
23,20,2
24,20,2
25,20,2
26,20,2
27,20,2
28,20,2
29,20,2
30,20,2
31,20,2
32,20,2
33,20,2
34,20,2
35,20,2
36,20,2
37,20,2
38,20,2
39,20,2
40,20,2
41,20,2
42,20,2
43,20,2
44,20,3
45,20,3
46,20,3
47,20,3
48,20,3
49,20,3
50,20,3
51,20,3
52,20,3
53,20,3
54,20,3
55,20,3
56,20,3
57,20,3
58,20,3
59,20,3
60,20,3
61,20,3
62,20,3
63,20,3
64,20,3
65,20,3
66,20,3
67,20,3
68,20,3
69,20,3
70,20,3
71,20,3
72,20,3
73,20,3
74,20,3
75,20,3
76,20,3
77,20,3
78,20,3
79,20,3
80,20,3
81,20,3
82,20,3
83,20,3
84,20,2
85,20,2
86,20,2
87,20,2
88,20,2
89,20,2
90,20,2
91,20,2
92,20,2
93,20,2
94,20,2
95,20,2
96,20,2
97,20,2
98,20,2
99,20,2
100,20,2
101,20,2
102,20,2
103,20,2
104,20,2
105,20,2
106,20,2
107,20,2
108,20,2
109,20,2
110,20,2
111,20,2
112,20,2
113,20,2
114,20,2
115,20,2
116,20,2
117,20,2
118,20,2
119,20,2
120,20,2
121,20,2
122,20,2
123,20,2
124,20,2
125,20,2
126,20,2
127,20,2
0,21,2
1,21,2
2,21,2
3,21,2
4,21,2
5,21,2
6,21,2
7,21,2
8,21,2
9,21,2
10,21,2
11,21,2
12,21,2
13,21,2
14,21,2
15,21,2
16,21,2
17,21,2
18,21,2
19,21,2
20,21,2
21,21,2
22,21,2
23,21,2
24,21,2
25,21,2
26,21,2
27,21,2
28,21,2
29,21,2
30,21,2
31,21,2
32,21,2
33,21,2
34,21,2
35,21,2
36,21,2
37,21,2
38,21,2
39,21,2
40,21,2
41,21,2
42,21,2
43,21,3
44,21,3
45,21,3
46,21,3
47,21,3
48,21,3
49,21,3
50,21,3
51,21,3
52,21,3
53,21,3
54,21,3
55,21,3
56,21,3
57,21,3
58,21,3
59,21,3
60,21,3
61,21,3
62,21,3
63,21,3
64,21,3
65,21,3
66,21,3
67,21,3
68,21,3
69,21,3
70,21,3
71,21,3
72,21,3
73,21,3
74,21,3
75,21,3
76,21,3
77,21,3
78,21,3
79,21,3
80,21,3
81,21,3
82,21,3
83,21,3
84,21,3
85,21,2
86,21,2
87,21,2
88,21,2
89,21,2
90,21,2
91,21,2
92,21,2
93,21,2
94,21,2
95,21,2
96,21,2
97,21,2
98,21,2
99,21,2
100,21,2
101,21,2
102,21,2
103,21,2
104,21,2
105,21,2
106,21,2
107,21,2
108,21,2
109,21,2
110,21,2
111,21,2
112,21,2
113,21,2
114,21,2
115,21,2
116,21,2
117,21,2
118,21,2
119,21,2
120,21,2
121,21,2
122,21,2
123,21,2
124,21,2
125,21,2
126,21,2
127,21,2
0,22,2
1,22,2
2,22,2
3,22,2
4,22,2
5,22,2
6,22,2
7,22,2
8,22,2
9,22,2
10,22,2
11,22,2
12,22,2
13,22,2
14,22,2
15,22,2
16,22,2
17,22,2
18,22,2
19,22,2
20,22,2
21,22,2
22,22,2
23,22,2
24,22,2
25,22,2
26,22,2
27,22,2
28,22,2
29,22,2
30,22,2
31,22,2
32,22,2
33,22,2
34,22,2
35,22,2
36,22,2
37,22,2
38,22,2
39,22,2
40,22,2
41,22,2
42,22,3
43,22,3
44,22,3
45,22,3
46,22,3
47,22,3
48,22,3
49,22,3
50,22,3
51,22,3
52,22,3
53,22,3
54,22,3
55,22,3
56,22,3
57,22,3
58,22,3
59,22,3
60,22,3
61,22,3
62,22,3
63,22,3
64,22,3
65,22,3
66,22,3
67,22,3
68,22,3
69,22,3
70,22,3
71,22,3
72,22,3
73,22,3
74,22,3
75,22,3
76,22,3
77,22,3
78,22,3
79,22,3
80,22,3
81,22,3
82,22,3
83,22,3
84,22,3
85,22,3
86,22,2
87,22,2
88,22,2
89,22,2
90,22,2
91,22,2
92,22,2
93,22,2
94,22,2
95,22,2
96,22,2
97,22,2
98,22,2
99,22,2
100,22,2
101,22,2
102,22,2
103,22,2
104,22,2
105,22,2
106,22,2
107,22,2
108,22,2
109,22,2
110,22,2
111,22,2
112,22,2
113,22,2
114,22,2
115,22,2
116,22,2
117,22,2
118,22,2
119,22,2
120,22,2
121,22,2
122,22,2
123,22,2
124,22,2
125,22,2
126,22,2
127,22,2
0,23,2
1,23,2
2,23,2
3,23,2
4,23,2
5,23,2
6,23,2
7,23,2
8,23,2
9,23,2
10,23,2
11,23,2
12,23,2
13,23,2
14,23,2
15,23,2
16,23,2
17,23,2
18,23,2
19,23,2
20,23,2
21,23,2
22,23,2
23,23,2
24,23,2
25,23,2
26,23,2
27,23,2
28,23,2
29,23,2
30,23,2
31,23,2
32,23,2
33,23,2
34,23,2
35,23,2
36,23,2
37,23,2
38,23,2
39,23,2
40,23,2
41,23,3
42,23,3
43,23,3
44,23,3
45,23,3
46,23,3
47,23,3
48,23,3
49,23,3
50,23,3
51,23,3
52,23,3
53,23,3
54,23,3
55,23,3
56,23,3
57,23,3
58,23,3
59,23,3
60,23,3
61,23,3
62,23,3
63,23,3
64,23,3
65,23,3
66,23,3
67,23,3
68,23,3
69,23,3
70,23,3
71,23,3
72,23,3
73,23,3
74,23,3
75,23,3
76,23,3
77,23,3
78,23,3
79,23,3
80,23,3
81,23,3
82,23,3
83,23,3
84,23,3
85,23,3
86,23,3
87,23,2
88,23,2
89,23,2
90,23,2
91,23,2
92,23,2
93,23,2
94,23,2
95,23,2
96,23,2
97,23,2
98,23,2
99,23,2
100,23,2
101,23,2
102,23,2
103,23,2
104,23,2
105,23,2
106,23,2
107,23,2
108,23,2
109,23,2
110,23,2
111,23,2
112,23,2
113,23,2
114,23,2
115,23,2
116,23,2
117,23,2
118,23,2
119,23,2
120,23,2
121,23,2
122,23,2
123,23,2
124,23,2
125,23,2
126,23,2
127,23,2
0,24,2
1,24,2
2,24,2
3,24,2
4,24,2
5,24,2
6,24,2
7,24,2
8,24,2
9,24,2
10,24,2
11,24,2
12,24,2
13,24,2
14,24,2
15,24,2
16,24,2
17,24,2
18,24,2
19,24,2
20,24,2
21,24,2
22,24,2
23,24,2
24,24,2
25,24,2
26,24,2
27,24,2
28,24,2
29,24,2
30,24,2
31,24,2
32,24,2
33,24,2
34,24,2
35,24,2
36,24,2
37,24,2
38,24,2
39,24,2
40,24,3
41,24,3
42,24,3
43,24,3
44,24,3
45,24,3
46,24,3
47,24,3
48,24,3
49,24,3
50,24,3
51,24,3
52,24,3
53,24,3
54,24,3
55,24,3
56,24,3
57,24,3
58,24,3
59,24,3
60,24,3
61,24,3
62,24,3
63,24,3
64,24,3
65,24,3
66,24,3
67,24,3
68,24,3
69,24,3
70,24,3
71,24,3
72,24,3
73,24,3
74,24,3
75,24,3
76,24,3
77,24,3
78,24,3
79,24,3
80,24,3
81,24,3
82,24,3
83,24,3
84,24,3
85,24,3
86,24,3
87,24,3
88,24,2
89,24,2
90,24,2
91,24,2
92,24,2
93,24,2
94,24,2
95,24,2
96,24,2
97,24,2
98,24,2
99,24,2
100,24,2
101,24,2
102,24,2
103,24,2
104,24,2
105,24,2
106,24,2
107,24,2
108,24,2
109,24,2
110,24,2
111,24,2
112,24,2
113,24,2
114,24,2
115,24,2
116,24,2
117,24,2
118,24,2
119,24,2
120,24,2
121,24,2
122,24,2
123,24,2
124,24,2
125,24,2
126,24,2
127,24,2
0,25,2
1,25,2
2,25,2
3,25,2
4,25,2
5,25,2
6,25,2
7,25,2
8,25,2
9,25,2
10,25,2
11,25,2
12,25,2
13,25,2
14,25,2
15,25,2
16,25,2
17,25,2
18,25,2
19,25,2
20,25,2
21,25,2
22,25,2
23,25,2
24,25,2
25,25,2
26,25,2
27,25,2
28,25,2
29,25,2
30,25,2
31,25,2
32,25,2
33,25,2
34,25,2
35,25,2
36,25,2
37,25,2
38,25,2
39,25,3
40,25,3
41,25,3
42,25,3
43,25,3
44,25,3
45,25,3
46,25,3
47,25,3
48,25,3
49,25,3
50,25,3
51,25,3
52,25,3
53,25,3
54,25,3
55,25,3
56,25,3
57,25,3
58,25,3
59,25,3
60,25,3
61,25,3
62,25,3
63,25,3
64,25,3
65,25,3
66,25,3
67,25,3
68,25,3
69,25,3
70,25,3
71,25,3
72,25,3
73,25,3
74,25,3
75,25,3
76,25,3
77,25,3
78,25,3
79,25,3
80,25,3
81,25,3
82,25,3
83,25,3
84,25,3
85,25,3
86,25,3
87,25,3
88,25,3
89,25,2
90,25,2
91,25,2
92,25,2
93,25,2
94,25,2
95,25,2
96,25,2
97,25,2
98,25,2
99,25,2
100,25,2
101,25,2
102,25,2
103,25,2
104,25,2
105,25,2
106,25,2
107,25,2
108,25,2
109,25,2
110,25,2
111,25,2
112,25,2
113,25,2
114,25,2
115,25,2
116,25,2
117,25,2
118,25,2
119,25,2
120,25,2
121,25,2
122,25,2
123,25,2
124,25,2
125,25,2
126,25,2
127,25,2
0,26,2
1,26,2
2,26,2
3,26,2
4,26,2
5,26,2
6,26,2
7,26,2
8,26,2
9,26,2
10,26,2
11,26,2
12,26,2
13,26,2
14,26,2
15,26,2
16,26,2
17,26,2
18,26,2
19,26,2
20,26,2
21,26,2
22,26,2
23,26,2
24,26,2
25,26,2
26,26,2
27,26,2
28,26,2
29,26,2
30,26,2
31,26,2
32,26,2
33,26,2
34,26,2
35,26,2
36,26,2
37,26,3
38,26,3
39,26,3
40,26,3
41,26,3
42,26,3
43,26,3
44,26,3
45,26,3
46,26,3
47,26,3
48,26,3
49,26,3
50,26,3
51,26,3
52,26,3
53,26,3
54,26,3
55,26,3
56,26,3
57,26,3
58,26,3
59,26,3
60,26,3
61,26,3
62,26,3
63,26,3
64,26,3
65,26,3
66,26,3
67,26,3
68,26,3
69,26,3
70,26,3
71,26,3
72,26,3
73,26,3
74,26,3
75,26,3
76,26,3
77,26,4
78,26,4
79,26,4
80,26,3
81,26,3
82,26,3
83,26,3
84,26,3
85,26,3
86,26,3
87,26,3
88,26,3
89,26,3
90,26,3
91,26,2
92,26,2
93,26,2
94,26,2
95,26,2
96,26,2
97,26,2
98,26,2
99,26,2
100,26,2
101,26,2
102,26,2
103,26,2
104,26,2
105,26,2
106,26,2
107,26,2
108,26,2
109,26,2
110,26,2
111,26,2
112,26,2
113,26,2
114,26,2
115,26,2
116,26,2
117,26,2
118,26,2
119,26,2
120,26,2
121,26,2
122,26,2
123,26,2
124,26,2
125,26,2
126,26,2
127,26,2
0,27,2
1,27,2
2,27,2
3,27,2
4,27,2
5,27,2
6,27,2
7,27,2
8,27,2
9,27,2
10,27,2
11,27,2
12,27,2
13,27,2
14,27,2
15,27,2
16,27,2
17,27,2
18,27,2
19,27,2
20,27,2
21,27,2
22,27,2
23,27,2
24,27,2
25,27,2
26,27,2
27,27,2
28,27,2
29,27,2
30,27,2
31,27,2
32,27,2
33,27,2
34,27,2
35,27,2
36,27,3
37,27,3
38,27,3
39,27,3
40,27,3
41,27,3
42,27,3
43,27,3
44,27,3
45,27,3
46,27,3
47,27,3
48,27,3
49,27,3
50,27,3
51,27,3
52,27,3
53,27,3
54,27,3
55,27,3
56,27,3
57,27,3
58,27,3
59,27,3
60,27,3
61,27,3
62,27,3
63,27,3
64,27,3
65,27,3
66,27,3
67,27,3
68,27,3
69,27,3
70,27,3
71,27,3
72,27,3
73,27,3
74,27,4
75,27,4
76,27,4
77,27,4
78,27,4
79,27,4
80,27,4
81,27,3
82,27,3
83,27,3
84,27,3
85,27,3
86,27,3
87,27,3
88,27,3
89,27,3
90,27,3
91,27,3
92,27,2
93,27,2
94,27,2
95,27,2
96,27,2
97,27,2
98,27,2
99,27,2
100,27,2
101,27,2
102,27,2
103,27,2
104,27,2
105,27,2
106,27,2
107,27,2
108,27,2
109,27,2
110,27,2
111,27,2
112,27,2
113,27,2
114,27,2
115,27,2
116,27,2
117,27,2
118,27,2
119,27,2
120,27,2
121,27,2
122,27,2
123,27,2
124,27,2
125,27,2
126,27,2
127,27,2
0,28,2
1,28,2
2,28,2
3,28,2
4,28,2
5,28,2
6,28,2
7,28,2
8,28,2
9,28,2
10,28,2
11,28,2
12,28,2
13,28,2
14,28,2
15,28,2
16,28,2
17,28,2
18,28,2
19,28,2
20,28,2
21,28,2
22,28,2
23,28,2
24,28,2
25,28,2
26,28,2
27,28,2
28,28,2
29,28,2
30,28,2
31,28,2
32,28,2
33,28,2
34,28,2
35,28,3
36,28,3
37,28,3
38,28,3
39,28,3
40,28,3
41,28,3
42,28,3
43,28,3
44,28,3
45,28,3
46,28,3
47,28,3
48,28,3
49,28,3
50,28,3
51,28,3
52,28,3
53,28,3
54,28,3
55,28,3
56,28,3
57,28,3
58,28,3
59,28,3
60,28,3
61,28,3
62,28,3
63,28,3
64,28,3
65,28,3
66,28,3
67,28,3
68,28,3
69,28,3
70,28,4
71,28,4
72,28,4
73,28,4
74,28,4
75,28,4
76,28,4
77,28,4
78,28,4
79,28,4
80,28,4
81,28,4
82,28,3
83,28,3
84,28,3
85,28,3
86,28,3
87,28,3
88,28,3
89,28,3
90,28,3
91,28,3
92,28,3
93,28,2
94,28,2
95,28,2
96,28,2
97,28,2
98,28,2
99,28,2
100,28,2
101,28,2
102,28,2
103,28,2
104,28,2
105,28,2
106,28,2
107,28,2
108,28,2
109,28,2
110,28,2
111,28,2
112,28,2
113,28,2
114,28,2
115,28,2
116,28,2
117,28,2
118,28,2
119,28,2
120,28,2
121,28,2
122,28,2
123,28,2
124,28,2
125,28,2
126,28,2
127,28,2
0,29,2
1,29,2
2,29,2
3,29,2
4,29,2
5,29,2
6,29,2
7,29,2
8,29,2
9,29,2
10,29,2
11,29,2
12,29,2
13,29,2
14,29,2
15,29,2
16,29,2
17,29,2
18,29,2
19,29,2
20,29,2
21,29,2
22,29,2
23,29,2
24,29,2
25,29,2
26,29,2
27,29,2
28,29,2
29,29,2
30,29,2
31,29,2
32,29,2
33,29,3
34,29,3
35,29,3
36,29,3
37,29,3
38,29,3
39,29,3
40,29,3
41,29,3
42,29,3
43,29,3
44,29,3
45,29,3
46,29,3
47,29,3
48,29,3
49,29,3
50,29,3
51,29,3
52,29,3
53,29,3
54,29,3
55,29,3
56,29,3
57,29,3
58,29,3
59,29,3
60,29,3
61,29,3
62,29,3
63,29,4
64,29,4
65,29,4
66,29,4
67,29,4
68,29,4
69,29,4
70,29,4
71,29,4
72,29,4
73,29,4
74,29,4
75,29,4
76,29,4
77,29,4
78,29,4
79,29,4
80,29,4
81,29,4
82,29,4
83,29,4
84,29,3
85,29,3
86,29,3
87,29,3
88,29,3
89,29,3
90,29,3
91,29,3
92,29,3
93,29,3
94,29,3
95,29,2
96,29,2
97,29,2
98,29,2
99,29,2
100,29,2
101,29,2
102,29,2
103,29,2
104,29,2
105,29,2
106,29,2
107,29,2
108,29,2
109,29,2
110,29,2
111,29,2
112,29,2
113,29,2
114,29,2
115,29,2
116,29,2
117,29,2
118,29,2
119,29,2
120,29,2
121,29,2
122,29,2
123,29,2
124,29,2
125,29,2
126,29,2
127,29,2
0,30,2
1,30,2
2,30,2
3,30,2
4,30,2
5,30,2
6,30,2
7,30,2
8,30,2
9,30,2
10,30,2
11,30,2
12,30,2
13,30,2
14,30,2
15,30,2
16,30,2
17,30,2
18,30,2
19,30,2
20,30,2
21,30,2
22,30,2
23,30,2
24,30,2
25,30,2
26,30,2
27,30,2
28,30,2
29,30,2
30,30,2
31,30,2
32,30,3
33,30,3
34,30,3
35,30,3
36,30,3
37,30,3
38,30,3
39,30,3
40,30,3
41,30,3
42,30,3
43,30,3
44,30,3
45,30,3
46,30,3
47,30,3
48,30,3
49,30,3
50,30,3
51,30,3
52,30,3
53,30,3
54,30,3
55,30,3
56,30,3
57,30,3
58,30,3
59,30,3
60,30,3
61,30,4
62,30,4
63,30,4
64,30,4
65,30,4
66,30,4
67,30,4
68,30,4
69,30,4
70,30,4
71,30,4
72,30,4
73,30,4
74,30,4
75,30,4
76,30,4
77,30,4
78,30,4
79,30,4
80,30,4
81,30,4
82,30,4
83,30,4
84,30,4
85,30,3
86,30,3
87,30,3
88,30,3
89,30,3
90,30,3
91,30,3
92,30,3
93,30,3
94,30,3
95,30,3
96,30,2
97,30,2
98,30,2
99,30,2
100,30,2
101,30,2
102,30,2
103,30,2
104,30,2
105,30,2
106,30,2
107,30,2
108,30,2
109,30,2
110,30,2
111,30,2
112,30,2
113,30,2
114,30,2
115,30,2
116,30,2
117,30,2
118,30,2
119,30,2
120,30,2
121,30,2
122,30,2
123,30,2
124,30,2
125,30,2
126,30,2
127,30,2
0,31,2
1,31,2
2,31,2
3,31,2
4,31,2
5,31,2
6,31,2
7,31,2
8,31,2
9,31,2
10,31,2
11,31,2
12,31,2
13,31,2
14,31,2
15,31,2
16,31,2
17,31,2
18,31,2
19,31,2
20,31,2
21,31,2
22,31,2
23,31,2
24,31,2
25,31,2
26,31,2
27,31,2
28,31,2
29,31,2
30,31,3
31,31,3
32,31,3
33,31,3
34,31,3
35,31,3
36,31,3
37,31,3
38,31,3
39,31,3
40,31,3
41,31,3
42,31,3
43,31,3
44,31,3
45,31,3
46,31,3
47,31,3
48,31,3
49,31,3
50,31,3
51,31,3
52,31,3
53,31,3
54,31,3
55,31,3
56,31,3
57,31,3
58,31,3
59,31,3
60,31,4
61,31,4
62,31,4
63,31,4
64,31,4
65,31,4
66,31,4
67,31,4
68,31,4
69,31,4
70,31,4
71,31,4
72,31,4
73,31,4
74,31,4
75,31,4
76,31,4
77,31,4
78,31,4
79,31,4
80,31,4
81,31,4
82,31,4
83,31,4
84,31,4
85,31,4
86,31,4
87,31,4
88,31,3
89,31,3
90,31,3
91,31,3
92,31,3
93,31,3
94,31,3
95,31,3
96,31,3
97,31,3
98,31,2
99,31,2
100,31,2
101,31,2
102,31,2
103,31,2
104,31,2
105,31,2
106,31,2
107,31,2
108,31,2
109,31,2
110,31,2
111,31,2
112,31,2
113,31,2
114,31,2
115,31,2
116,31,2
117,31,2
118,31,2
119,31,2
120,31,2
121,31,2
122,31,2
123,31,2
124,31,2
125,31,2
126,31,2
127,31,2
0,32,2
1,32,2
2,32,2
3,32,2
4,32,2
5,32,2
6,32,2
7,32,2
8,32,2
9,32,2
10,32,2
11,32,2
12,32,2
13,32,2
14,32,2
15,32,2
16,32,2
17,32,2
18,32,2
19,32,2
20,32,2
21,32,2
22,32,2
23,32,2
24,32,2
25,32,2
26,32,2
27,32,2
28,32,3
29,32,3
30,32,3
31,32,3
32,32,3
33,32,3
34,32,3
35,32,3
36,32,3
37,32,3
38,32,3
39,32,3
40,32,3
41,32,3
42,32,3
43,32,3
44,32,3
45,32,3
46,32,3
47,32,3
48,32,3
49,32,3
50,32,3
51,32,3
52,32,3
53,32,3
54,32,3
55,32,3
56,32,3
57,32,3
58,32,4
59,32,4
60,32,4
61,32,4
62,32,4
63,32,4
64,32,4
65,32,4
66,32,4
67,32,4
68,32,4
69,32,4
70,32,4
71,32,4
72,32,4
73,32,4
74,32,4
75,32,4
76,32,4
77,32,4
78,32,4
79,32,4
80,32,4
81,32,4
82,32,4
83,32,4
84,32,4
85,32,4
86,32,4
87,32,4
88,32,4
89,32,3
90,32,3
91,32,3
92,32,3
93,32,3
94,32,3
95,32,3
96,32,3
97,32,3
98,32,3
99,32,3
100,32,2
101,32,2
102,32,2
103,32,2
104,32,2
105,32,2
106,32,2
107,32,2
108,32,2
109,32,2
110,32,2
111,32,2
112,32,2
113,32,2
114,32,2
115,32,2
116,32,2
117,32,2
118,32,2
119,32,2
120,32,2
121,32,2
122,32,2
123,32,2
124,32,2
125,32,2
126,32,2
127,32,2
0,33,2
1,33,2
2,33,2
3,33,2
4,33,2
5,33,2
6,33,2
7,33,2
8,33,2
9,33,2
10,33,2
11,33,2
12,33,2
13,33,2
14,33,2
15,33,2
16,33,2
17,33,2
18,33,2
19,33,2
20,33,2
21,33,2
22,33,2
23,33,2
24,33,2
25,33,2
26,33,3
27,33,3
28,33,3
29,33,3
30,33,3
31,33,3
32,33,3
33,33,3
34,33,3
35,33,3
36,33,3
37,33,3
38,33,3
39,33,3
40,33,3
41,33,3
42,33,3
43,33,3
44,33,3
45,33,3
46,33,3
47,33,3
48,33,3
49,33,3
50,33,3
51,33,3
52,33,3
53,33,3
54,33,3
55,33,3
56,33,3
57,33,4
58,33,4
59,33,4
60,33,4
61,33,4
62,33,4
63,33,4
64,33,4
65,33,4
66,33,5
67,33,5
68,33,4
69,33,4
70,33,4
71,33,4
72,33,4
73,33,4
74,33,4
75,33,4
76,33,4
77,33,4
78,33,4
79,33,4
80,33,4
81,33,4
82,33,4
83,33,4
84,33,4
85,33,4
86,33,4
87,33,4
88,33,4
89,33,3
90,33,3
91,33,3
92,33,3
93,33,3
94,33,3
95,33,3
96,33,3
97,33,3
98,33,3
99,33,3
100,33,3
101,33,3
102,33,2
103,33,2
104,33,2
105,33,2
106,33,2
107,33,2
108,33,2
109,33,2
110,33,2
111,33,2
112,33,2
113,33,2
114,33,2
115,33,2
116,33,2
117,33,2
118,33,2
119,33,2
120,33,2
121,33,2
122,33,2
123,33,2
124,33,2
125,33,2
126,33,2
127,33,2
0,34,2
1,34,2
2,34,2
3,34,2
4,34,2
5,34,2
6,34,2
7,34,2
8,34,2
9,34,2
10,34,2
11,34,2
12,34,2
13,34,2
14,34,2
15,34,2
16,34,2
17,34,2
18,34,2
19,34,2
20,34,2
21,34,2
22,34,2
23,34,2
24,34,3
25,34,3
26,34,3
27,34,3
28,34,3
29,34,3
30,34,3
31,34,3
32,34,3
33,34,3
34,34,3
35,34,3
36,34,3
37,34,3
38,34,3
39,34,3
40,34,3
41,34,3
42,34,3
43,34,3
44,34,3
45,34,3
46,34,3
47,34,3
48,34,3
49,34,3
50,34,3
51,34,3
52,34,3
53,34,3
54,34,3
55,34,4
56,34,4
57,34,4
58,34,4
59,34,4
60,34,4
61,34,4
62,34,4
63,34,5
64,34,5
65,34,5
66,34,5
67,34,5
68,34,5
69,34,4
70,34,4
71,34,4
72,34,4
73,34,4
74,34,4
75,34,4
76,34,4
77,34,4
78,34,4
79,34,4
80,34,4
81,34,4
82,34,4
83,34,4
84,34,4
85,34,4
86,34,4
87,34,4
88,34,4
89,34,3
90,34,3
91,34,3
92,34,3
93,34,3
94,34,3
95,34,3
96,34,3
97,34,3
98,34,3
99,34,3
100,34,3
101,34,3
102,34,3
103,34,3
104,34,2
105,34,2
106,34,2
107,34,2
108,34,2
109,34,2
110,34,2
111,34,2
112,34,2
113,34,2
114,34,2
115,34,2
116,34,2
117,34,2
118,34,2
119,34,2
120,34,2
121,34,2
122,34,2
123,34,2
124,34,2
125,34,2
126,34,2
127,34,2
0,35,2
1,35,2
2,35,2
3,35,2
4,35,2
5,35,2
6,35,2
7,35,2
8,35,2
9,35,2
10,35,2
11,35,2
12,35,2
13,35,2
14,35,2
15,35,2
16,35,2
17,35,2
18,35,2
19,35,2
20,35,2
21,35,2
22,35,3
23,35,3
24,35,3
25,35,3
26,35,3
27,35,3
28,35,3
29,35,3
30,35,3
31,35,3
32,35,3
33,35,3
34,35,3
35,35,3
36,35,3
37,35,3
38,35,3
39,35,3
40,35,3
41,35,3
42,35,3
43,35,3
44,35,3
45,35,3
46,35,3
47,35,3
48,35,3
49,35,3
50,35,3
51,35,3
52,35,3
53,35,4
54,35,4
55,35,4
56,35,4
57,35,4
58,35,4
59,35,4
60,35,4
61,35,5
62,35,5
63,35,5
64,35,5
65,35,5
66,35,5
67,35,5
68,35,5
69,35,5
70,35,5
71,35,4
72,35,4
73,35,4
74,35,4
75,35,4
76,35,4
77,35,4
78,35,5
79,35,4
80,35,4
81,35,4
82,35,4
83,35,4
84,35,4
85,35,4
86,35,4
87,35,4
88,35,3
89,35,3
90,35,3
91,35,3
92,35,3
93,35,3
94,35,3
95,35,3
96,35,3
97,35,3
98,35,3
99,35,3
100,35,3
101,35,3
102,35,3
103,35,3
104,35,3
105,35,3
106,35,2
107,35,2
108,35,2
109,35,2
110,35,2
111,35,2
112,35,2
113,35,2
114,35,2
115,35,2
116,35,2
117,35,2
118,35,2
119,35,2
120,35,2
121,35,2
122,35,2
123,35,2
124,35,2
125,35,2
126,35,2
127,35,2
0,36,2
1,36,2
2,36,2
3,36,2
4,36,2
5,36,2
6,36,2
7,36,2
8,36,2
9,36,2
10,36,2
11,36,2
12,36,2
13,36,2
14,36,2
15,36,2
16,36,2
17,36,2
18,36,2
19,36,2
20,36,3
21,36,3
22,36,3
23,36,3
24,36,3
25,36,3
26,36,3
27,36,3
28,36,3
29,36,3
30,36,3
31,36,3
32,36,3
33,36,3
34,36,3
35,36,3
36,36,3
37,36,3
38,36,3
39,36,3
40,36,3
41,36,3
42,36,3
43,36,3
44,36,3
45,36,3
46,36,3
47,36,3
48,36,3
49,36,3
50,36,3
51,36,4
52,36,4
53,36,4
54,36,4
55,36,4
56,36,4
57,36,4
58,36,4
59,36,4
60,36,5
61,36,5
62,36,5
63,36,5
64,36,5
65,36,5
66,36,5
67,36,5
68,36,5
69,36,5
70,36,5
71,36,5
72,36,5
73,36,5
74,36,5
75,36,5
76,36,5
77,36,5
78,36,5
79,36,4
80,36,4
81,36,4
82,36,4
83,36,4
84,36,4
85,36,4
86,36,4
87,36,4
88,36,3
89,36,3
90,36,3
91,36,3
92,36,3
93,36,3
94,36,3
95,36,3
96,36,3
97,36,3
98,36,3
99,36,3
100,36,3
101,36,3
102,36,3
103,36,3
104,36,3
105,36,3
106,36,3
107,36,3
108,36,2
109,36,2
110,36,2
111,36,2
112,36,2
113,36,2
114,36,2
115,36,2
116,36,2
117,36,2
118,36,2
119,36,2
120,36,2
121,36,2
122,36,2
123,36,2
124,36,2
125,36,2
126,36,2
127,36,2
0,37,2
1,37,2
2,37,2
3,37,2
4,37,2
5,37,2
6,37,2
7,37,2
8,37,2
9,37,2
10,37,2
11,37,2
12,37,2
13,37,2
14,37,2
15,37,2
16,37,2
17,37,2
18,37,3
19,37,3
20,37,3
21,37,3
22,37,3
23,37,3
24,37,3
25,37,3
26,37,3
27,37,3
28,37,3
29,37,3
30,37,3
31,37,3
32,37,3
33,37,3
34,37,3
35,37,3
36,37,3
37,37,3
38,37,3
39,37,3
40,37,3
41,37,3
42,37,3
43,37,3
44,37,3
45,37,3
46,37,3
47,37,3
48,37,4
49,37,4
50,37,4
51,37,4
52,37,4
53,37,4
54,37,4
55,37,4
56,37,4
57,37,4
58,37,4
59,37,5
60,37,5
61,37,5
62,37,5
63,37,5
64,37,5
65,37,5
66,37,5
67,37,5
68,37,5
69,37,5
70,37,5
71,37,5
72,37,5
73,37,5
74,37,5
75,37,5
76,37,6
77,37,5
78,37,5
79,37,4
80,37,4
81,37,4
82,37,4
83,37,4
84,37,4
85,37,4
86,37,4
87,37,4
88,37,3
89,37,3
90,37,3
91,37,3
92,37,3
93,37,3
94,37,3
95,37,3
96,37,3
97,37,3
98,37,3
99,37,3
100,37,3
101,37,3
102,37,3
103,37,3
104,37,3
105,37,3
106,37,3
107,37,3
108,37,3
109,37,3
110,37,2
111,37,2
112,37,2
113,37,2
114,37,2
115,37,2
116,37,2
117,37,2
118,37,2
119,37,2
120,37,2
121,37,2
122,37,2
123,37,2
124,37,2
125,37,2
126,37,2
127,37,2
0,38,2
1,38,2
2,38,2
3,38,2
4,38,2
5,38,2
6,38,2
7,38,2
8,38,2
9,38,2
10,38,2
11,38,2
12,38,2
13,38,2
14,38,2
15,38,3
16,38,3
17,38,3
18,38,3
19,38,3
20,38,3
21,38,3
22,38,3
23,38,3
24,38,3
25,38,3
26,38,3
27,38,3
28,38,3
29,38,3
30,38,3
31,38,3
32,38,3
33,38,3
34,38,3
35,38,3
36,38,3
37,38,3
38,38,3
39,38,3
40,38,3
41,38,3
42,38,3
43,38,3
44,38,3
45,38,4
46,38,4
47,38,4
48,38,4
49,38,4
50,38,4
51,38,4
52,38,4
53,38,4
54,38,4
55,38,4
56,38,4
57,38,4
58,38,5
59,38,5
60,38,5
61,38,5
62,38,5
63,38,5
64,38,5
65,38,5
66,38,5
67,38,5
68,38,5
69,38,5
70,38,6
71,38,6
72,38,6
73,38,6
74,38,6
75,38,6
76,38,6
77,38,6
78,38,5
79,38,5
80,38,4
81,38,4
82,38,4
83,38,4
84,38,4
85,38,4
86,38,4
87,38,4
88,38,3
89,38,3
90,38,3
91,38,3
92,38,3
93,38,3
94,38,3
95,38,3
96,38,3
97,38,3
98,38,3
99,38,3
100,38,3
101,38,3
102,38,3
103,38,3
104,38,3
105,38,3
106,38,3
107,38,3
108,38,3
109,38,3
110,38,3
111,38,2
112,38,2
113,38,2
114,38,2
115,38,2
116,38,2
117,38,2
118,38,2
119,38,2
120,38,2
121,38,2
122,38,2
123,38,2
124,38,2
125,38,2
126,38,2
127,38,2
0,39,2
1,39,2
2,39,2
3,39,2
4,39,2
5,39,2
6,39,2
7,39,2
8,39,2
9,39,2
10,39,2
11,39,2
12,39,3
13,39,3
14,39,3
15,39,3
16,39,3
17,39,3
18,39,3
19,39,3
20,39,3
21,39,3
22,39,3
23,39,3
24,39,3
25,39,3
26,39,3
27,39,3
28,39,3
29,39,3
30,39,3
31,39,3
32,39,3
33,39,3
34,39,3
35,39,3
36,39,3
37,39,3
38,39,3
39,39,3
40,39,3
41,39,4
42,39,4
43,39,4
44,39,4
45,39,4
46,39,4
47,39,4
48,39,4
49,39,4
50,39,4
51,39,4
52,39,4
53,39,4
54,39,4
55,39,4
56,39,4
57,39,5
58,39,5
59,39,5
60,39,5
61,39,5
62,39,5
63,39,5
64,39,5
65,39,5
66,39,5
67,39,5
68,39,6
69,39,6
70,39,6
71,39,6
72,39,6
73,39,6
74,39,6
75,39,6
76,39,6
77,39,6
78,39,5
79,39,5
80,39,5
81,39,5
82,39,4
83,39,4
84,39,4
85,39,4
86,39,4
87,39,4
88,39,3
89,39,3
90,39,3
91,39,3
92,39,3
93,39,3
94,39,3
95,39,3
96,39,3
97,39,3
98,39,3
99,39,3
100,39,3
101,39,3
102,39,3
103,39,3
104,39,3
105,39,3
106,39,3
107,39,3
108,39,3
109,39,3
110,39,3
111,39,2
112,39,2
113,39,2
114,39,2
115,39,2
116,39,2
117,39,2
118,39,2
119,39,2
120,39,2
121,39,2
122,39,2
123,39,2
124,39,2
125,39,2
126,39,2
127,39,2
0,40,2
1,40,2
2,40,2
3,40,2
4,40,2
5,40,2
6,40,2
7,40,2
8,40,2
9,40,3
10,40,3
11,40,3
12,40,3
13,40,3
14,40,3
15,40,3
16,40,3
17,40,3
18,40,3
19,40,3
20,40,3
21,40,3
22,40,3
23,40,3
24,40,3
25,40,3
26,40,3
27,40,3
28,40,3
29,40,3
30,40,3
31,40,3
32,40,3
33,40,3
34,40,3
35,40,3
36,40,4
37,40,4
38,40,4
39,40,4
40,40,4
41,40,4
42,40,4
43,40,4
44,40,4
45,40,4
46,40,4
47,40,4
48,40,4
49,40,4
50,40,4
51,40,4
52,40,4
53,40,4
54,40,4
55,40,4
56,40,5
57,40,5
58,40,5
59,40,5
60,40,5
61,40,5
62,40,5
63,40,5
64,40,6
65,40,6
66,40,6
67,40,6
68,40,6
69,40,6
70,40,6
71,40,6
72,40,7
73,40,7
74,40,7
75,40,6
76,40,6
77,40,6
78,40,6
79,40,6
80,40,5
81,40,5
82,40,5
83,40,4
84,40,4
85,40,4
86,40,4
87,40,4
88,40,3
89,40,3
90,40,3
91,40,3
92,40,3
93,40,3
94,40,3
95,40,3
96,40,3
97,40,3
98,40,3
99,40,3
100,40,3
101,40,3
102,40,3
103,40,3
104,40,3
105,40,3
106,40,3
107,40,3
108,40,3
109,40,3
110,40,3
111,40,2
112,40,2
113,40,2
114,40,2
115,40,2
116,40,2
117,40,2
118,40,2
119,40,2
120,40,2
121,40,2
122,40,2
123,40,2
124,40,2
125,40,2
126,40,2
127,40,2
0,41,2
1,41,2
2,41,2
3,41,2
4,41,2
5,41,2
6,41,3
7,41,3
8,41,3
9,41,3
10,41,3
11,41,3
12,41,3
13,41,3
14,41,3
15,41,3
16,41,3
17,41,3
18,41,3
19,41,3
20,41,3
21,41,3
22,41,3
23,41,3
24,41,3
25,41,3
26,41,3
27,41,3
28,41,3
29,41,3
30,41,3
31,41,3
32,41,3
33,41,3
34,41,3
35,41,4
36,41,4
37,41,4
38,41,4
39,41,4
40,41,4
41,41,4
42,41,4
43,41,4
44,41,4
45,41,4
46,41,4
47,41,4
48,41,4
49,41,4
50,41,4
51,41,4
52,41,4
53,41,4
54,41,4
55,41,5
56,41,5
57,41,5
58,41,5
59,41,5
60,41,5
61,41,5
62,41,5
63,41,6
64,41,6
65,41,6
66,41,6
67,41,6
68,41,6
69,41,6
70,41,7
71,41,7
72,41,8
73,41,8
74,41,8
75,41,7
76,41,7
77,41,6
78,41,6
79,41,6
80,41,6
81,41,5
82,41,5
83,41,5
84,41,5
85,41,5
86,41,4
87,41,4
88,41,4
89,41,3
90,41,3
91,41,3
92,41,3
93,41,3
94,41,3
95,41,3
96,41,3
97,41,3
98,41,3
99,41,3
100,41,3
101,41,3
102,41,3
103,41,3
104,41,3
105,41,3
106,41,3
107,41,3
108,41,3
109,41,3
110,41,2
111,41,2
112,41,2
113,41,2
114,41,2
115,41,2
116,41,2
117,41,2
118,41,2
119,41,2
120,41,2
121,41,2
122,41,2
123,41,2
124,41,2
125,41,2
126,41,2
127,41,2
0,42,2
1,42,2
2,42,3
3,42,3
4,42,3
5,42,3
6,42,3
7,42,3
8,42,3
9,42,3
10,42,3
11,42,3
12,42,3
13,42,3
14,42,3
15,42,3
16,42,3
17,42,3
18,42,3
19,42,3
20,42,3
21,42,3
22,42,3
23,42,3
24,42,3
25,42,3
26,42,3
27,42,3
28,42,3
29,42,3
30,42,3
31,42,3
32,42,3
33,42,3
34,42,4
35,42,4
36,42,4
37,42,4
38,42,4
39,42,4
40,42,4
41,42,4
42,42,4
43,42,4
44,42,4
45,42,4
46,42,4
47,42,4
48,42,4
49,42,4
50,42,4
51,42,4
52,42,4
53,42,5
54,42,5
55,42,5
56,42,5
57,42,5
58,42,5
59,42,5
60,42,5
61,42,6
62,42,6
63,42,6
64,42,7
65,42,7
66,42,7
67,42,7
68,42,7
69,42,8
70,42,8
71,42,8
72,42,9
73,42,9
74,42,8
75,42,8
76,42,8
77,42,7
78,42,6
79,42,6
80,42,6
81,42,5
82,42,5
83,42,5
84,42,5
85,42,5
86,42,4
87,42,4
88,42,4
89,42,3
90,42,3
91,42,3
92,42,3
93,42,3
94,42,3
95,42,3
96,42,3
97,42,3
98,42,3
99,42,3
100,42,3
101,42,3
102,42,3
103,42,3
104,42,3
105,42,3
106,42,3
107,42,3
108,42,3
109,42,3
110,42,2
111,42,2
112,42,2
113,42,2
114,42,2
115,42,2
116,42,2
117,42,2
118,42,2
119,42,2
120,42,2
121,42,2
122,42,2
123,42,2
124,42,2
125,42,2
126,42,2
127,42,2
0,43,3
1,43,3
2,43,3
3,43,3
4,43,3
5,43,3
6,43,3
7,43,3
8,43,3
9,43,3
10,43,3
11,43,3
12,43,3
13,43,3
14,43,3
15,43,3
16,43,3
17,43,3
18,43,3
19,43,3
20,43,3
21,43,3
22,43,3
23,43,3
24,43,3
25,43,3
26,43,3
27,43,3
28,43,3
29,43,3
30,43,3
31,43,3
32,43,3
33,43,4
34,43,4
35,43,4
36,43,4
37,43,4
38,43,4
39,43,4
40,43,4
41,43,4
42,43,4
43,43,4
44,43,4
45,43,4
46,43,4
47,43,4
48,43,4
49,43,4
50,43,4
51,43,4
52,43,5
53,43,5
54,43,5
55,43,5
56,43,5
57,43,5
58,43,5
59,43,5
60,43,6
61,43,6
62,43,7
63,43,7
64,43,7
65,43,7
66,43,7
67,43,7
68,43,8
69,43,8
70,43,9
71,43,10
72,43,11
73,43,11
74,43,10
75,43,10
76,43,9
77,43,8
78,43,7
79,43,7
80,43,6
81,43,5
82,43,5
83,43,5
84,43,5
85,43,5
86,43,4
87,43,4
88,43,4
89,43,3
90,43,3
91,43,3
92,43,3
93,43,3
94,43,3
95,43,3
96,43,3
97,43,3
98,43,3
99,43,3
100,43,3
101,43,3
102,43,3
103,43,3
104,43,3
105,43,3
106,43,3
107,43,3
108,43,3
109,43,3
110,43,2
111,43,2
112,43,2
113,43,2
114,43,2
115,43,2
116,43,2
117,43,2
118,43,2
119,43,2
120,43,2
121,43,2
122,43,2
123,43,2
124,43,2
125,43,2
126,43,2
127,43,2
0,44,3
1,44,3
2,44,3
3,44,3
4,44,3
5,44,3
6,44,3
7,44,3
8,44,3
9,44,3
10,44,3
11,44,3
12,44,3
13,44,3
14,44,3
15,44,3
16,44,3
17,44,3
18,44,3
19,44,3
20,44,3
21,44,3
22,44,3
23,44,3
24,44,3
25,44,3
26,44,3
27,44,3
28,44,3
29,44,3
30,44,3
31,44,4
32,44,4
33,44,4
34,44,4
35,44,4
36,44,4
37,44,4
38,44,4
39,44,4
40,44,4
41,44,4
42,44,4
43,44,4
44,44,4
45,44,4
46,44,4
47,44,4
48,44,4
49,44,4
50,44,4
51,44,5
52,44,5
53,44,5
54,44,5
55,44,5
56,44,5
57,44,5
58,44,6
59,44,6
60,44,6
61,44,7
62,44,7
63,44,7
64,44,7
65,44,8
66,44,8
67,44,8
68,44,9
69,44,10
70,44,12
71,44,14
72,44,15
73,44,15
74,44,15
75,44,14
76,44,12
77,44,10
78,44,9
79,44,8
80,44,7
81,44,6
82,44,6
83,44,5
84,44,5
85,44,5
86,44,4
87,44,4
88,44,4
89,44,4
90,44,3
91,44,3
92,44,3
93,44,3
94,44,3
95,44,3
96,44,3
97,44,3
98,44,3
99,44,3
100,44,3
101,44,3
102,44,3
103,44,3
104,44,3
105,44,3
106,44,3
107,44,3
108,44,3
109,44,2
110,44,2
111,44,2
112,44,2
113,44,2
114,44,2
115,44,2
116,44,2
117,44,2
118,44,2
119,44,2
120,44,2
121,44,2
122,44,2
123,44,2
124,44,2
125,44,2
126,44,2
127,44,2
0,45,3
1,45,3
2,45,3
3,45,3
4,45,3
5,45,3
6,45,3
7,45,3
8,45,3
9,45,3
10,45,3
11,45,3
12,45,3
13,45,3
14,45,3
15,45,3
16,45,3
17,45,3
18,45,3
19,45,3
20,45,3
21,45,3
22,45,3
23,45,3
24,45,3
25,45,3
26,45,3
27,45,3
28,45,3
29,45,3
30,45,4
31,45,4
32,45,4
33,45,4
34,45,4
35,45,4
36,45,4
37,45,4
38,45,4
39,45,4
40,45,4
41,45,4
42,45,4
43,45,4
44,45,4
45,45,4
46,45,4
47,45,4
48,45,4
49,45,5
50,45,5
51,45,5
52,45,5
53,45,5
54,45,5
55,45,5
56,45,5
57,45,6
58,45,6
59,45,6
60,45,7
61,45,7
62,45,7
63,45,8
64,45,8
65,45,9
66,45,9
67,45,10
68,45,11
69,45,13
70,45,20
71,45,109
72,45,256
73,45,256
74,45,256
75,45,256
76,45,256
77,45,256
78,45,12
79,45,9
80,45,7
81,45,7
82,45,6
83,45,6
84,45,6
85,45,5
86,45,5
87,45,4
88,45,4
89,45,4
90,45,3
91,45,3
92,45,3
93,45,3
94,45,3
95,45,3
96,45,3
97,45,3
98,45,3
99,45,3
100,45,3
101,45,3
102,45,3
103,45,3
104,45,3
105,45,3
106,45,3
107,45,3
108,45,3
109,45,2
110,45,2
111,45,2
112,45,2
113,45,2
114,45,2
115,45,2
116,45,2
117,45,2
118,45,2
119,45,2
120,45,2
121,45,2
122,45,2
123,45,2
124,45,2
125,45,2
126,45,2
127,45,2
0,46,3
1,46,3
2,46,3
3,46,3
4,46,3
5,46,3
6,46,3
7,46,3
8,46,3
9,46,3
10,46,3
11,46,3
12,46,3
13,46,3
14,46,3
15,46,3
16,46,3
17,46,3
18,46,3
19,46,3
20,46,3
21,46,3
22,46,3
23,46,3
24,46,3
25,46,3
26,46,3
27,46,3
28,46,4
29,46,4
30,46,4
31,46,4
32,46,4
33,46,4
34,46,4
35,46,4
36,46,4
37,46,4
38,46,4
39,46,4
40,46,4
41,46,4
42,46,4
43,46,4
44,46,4
45,46,4
46,46,4
47,46,5
48,46,5
49,46,5
50,46,5
51,46,5
52,46,5
53,46,5
54,46,5
55,46,6
56,46,6
57,46,6
58,46,6
59,46,7
60,46,7
61,46,7
62,46,8
63,46,9
64,46,9
65,46,10
66,46,10
67,46,12
68,46,15
69,46,23
70,46,256
71,46,256
72,46,256
73,46,256
74,46,256
75,46,256
76,46,256
77,46,256
78,46,256
79,46,11
80,46,8
81,46,7
82,46,6
83,46,6
84,46,5
85,46,5
86,46,5
87,46,5
88,46,4
89,46,4
90,46,4
91,46,3
92,46,3
93,46,3
94,46,3
95,46,3
96,46,3
97,46,3
98,46,3
99,46,3
100,46,3
101,46,3
102,46,3
103,46,3
104,46,3
105,46,3
106,46,3
107,46,3
108,46,3
109,46,2
110,46,2
111,46,2
112,46,2
113,46,2
114,46,2
115,46,2
116,46,2
117,46,2
118,46,2
119,46,2
120,46,2
121,46,2
122,46,2
123,46,2
124,46,2
125,46,2
126,46,2
127,46,2
0,47,3
1,47,3
2,47,3
3,47,3
4,47,3
5,47,3
6,47,3
7,47,3
8,47,3
9,47,3
10,47,3
11,47,3
12,47,3
13,47,3
14,47,3
15,47,3
16,47,3
17,47,3
18,47,3
19,47,3
20,47,3
21,47,3
22,47,3
23,47,3
24,47,3
25,47,3
26,47,4
27,47,4
28,47,4
29,47,4
30,47,4
31,47,4
32,47,4
33,47,4
34,47,4
35,47,4
36,47,4
37,47,4
38,47,4
39,47,4
40,47,4
41,47,4
42,47,4
43,47,4
44,47,4
45,47,5
46,47,5
47,47,5
48,47,5
49,47,5
50,47,5
51,47,5
52,47,5
53,47,6
54,47,6
55,47,6
56,47,6
57,47,7
58,47,7
59,47,7
60,47,7
61,47,8
62,47,9
63,47,9
64,47,11
65,47,11
66,47,13
67,47,16
68,47,25
69,47,256
70,47,256
71,47,256
72,47,256
73,47,256
74,47,256
75,47,256
76,47,256
77,47,256
78,47,256
79,47,256
80,47,10
81,47,8
82,47,7
83,47,6
84,47,5
85,47,5
86,47,5
87,47,5
88,47,4
89,47,4
90,47,4
91,47,3
92,47,3
93,47,3
94,47,3
95,47,3
96,47,3
97,47,3
98,47,3
99,47,3
100,47,3
101,47,3
102,47,3
103,47,3
104,47,3
105,47,3
106,47,3
107,47,3
108,47,2
109,47,2
110,47,2
111,47,2
112,47,2
113,47,2
114,47,2
115,47,2
116,47,2
117,47,2
118,47,2
119,47,2
120,47,2
121,47,2
122,47,2
123,47,2
124,47,2
125,47,2
126,47,2
127,47,2
0,48,3
1,48,3
2,48,3
3,48,3
4,48,3
5,48,3
6,48,3
7,48,3
8,48,3
9,48,3
10,48,3
11,48,3
12,48,3
13,48,3
14,48,3
15,48,3
16,48,3
17,48,3
18,48,3
19,48,3
20,48,3
21,48,3
22,48,3
23,48,3
24,48,4
25,48,4
26,48,4
27,48,4
28,48,4
29,48,4
30,48,4
31,48,4
32,48,4
33,48,4
34,48,4
35,48,4
36,48,4
37,48,4
38,48,4
39,48,4
40,48,4
41,48,4
42,48,4
43,48,5
44,48,5
45,48,5
46,48,5
47,48,5
48,48,5
49,48,5
50,48,6
51,48,6
52,48,6
53,48,6
54,48,6
55,48,6
56,48,7
57,48,7
58,48,7
59,48,8
60,48,9
61,48,9
62,48,10
63,48,11
64,48,13
65,48,15
66,48,18
67,48,31
68,48,256
69,48,256
70,48,256
71,48,256
72,48,256
73,48,256
74,48,256
75,48,256
76,48,256
77,48,256
78,48,256
79,48,256
80,48,256
81,48,9
82,48,7
83,48,6
84,48,5
85,48,5
86,48,5
87,48,5
88,48,4
89,48,4
90,48,4
91,48,4
92,48,3
93,48,3
94,48,3
95,48,3
96,48,3
97,48,3
98,48,3
99,48,3
100,48,3
101,48,3
102,48,3
103,48,3
104,48,3
105,48,3
106,48,3
107,48,3
108,48,2
109,48,2
110,48,2
111,48,2
112,48,2
113,48,2
114,48,2
115,48,2
116,48,2
117,48,2
118,48,2
119,48,2
120,48,2
121,48,2
122,48,2
123,48,2
124,48,2
125,48,2
126,48,2
127,48,2
0,49,3
1,49,3
2,49,3
3,49,3
4,49,3
5,49,3
6,49,3
7,49,3
8,49,3
9,49,3
10,49,3
11,49,3
12,49,3
13,49,3
14,49,3
15,49,3
16,49,3
17,49,3
18,49,3
19,49,3
20,49,3
21,49,3
22,49,4
23,49,4
24,49,4
25,49,4
26,49,4
27,49,4
28,49,4
29,49,4
30,49,4
31,49,4
32,49,4
33,49,4
34,49,4
35,49,4
36,49,4
37,49,4
38,49,4
39,49,4
40,49,5
41,49,5
42,49,5
43,49,5
44,49,5
45,49,5
46,49,5
47,49,6
48,49,6
49,49,6
50,49,6
51,49,6
52,49,6
53,49,6
54,49,7
55,49,7
56,49,7
57,49,8
58,49,8
59,49,9
60,49,9
61,49,11
62,49,11
63,49,13
64,49,16
65,49,21
66,49,44
67,49,256
68,49,256
69,49,256
70,49,256
71,49,256
72,49,256
73,49,256
74,49,256
75,49,256
76,49,256
77,49,256
78,49,256
79,49,256
80,49,256
81,49,12
82,49,8
83,49,7
84,49,5
85,49,5
86,49,5
87,49,4
88,49,4
89,49,4
90,49,4
91,49,4
92,49,4
93,49,3
94,49,3
95,49,3
96,49,3
97,49,3
98,49,3
99,49,3
100,49,3
101,49,3
102,49,3
103,49,3
104,49,3
105,49,3
106,49,3
107,49,3
108,49,2
109,49,2
110,49,2
111,49,2
112,49,2
113,49,2
114,49,2
115,49,2
116,49,2
117,49,2
118,49,2
119,49,2
120,49,2
121,49,2
122,49,2
123,49,2
124,49,2
125,49,2
126,49,2
127,49,2
0,50,3
1,50,3
2,50,3
3,50,3
4,50,3
5,50,3
6,50,3
7,50,3
8,50,3
9,50,3
10,50,3
11,50,3
12,50,3
13,50,3
14,50,3
15,50,3
16,50,3
17,50,3
18,50,3
19,50,3
20,50,4
21,50,4
22,50,4
23,50,4
24,50,4
25,50,4
26,50,4
27,50,4
28,50,4
29,50,4
30,50,4
31,50,4
32,50,4
33,50,4
34,50,4
35,50,4
36,50,4
37,50,5
38,50,5
39,50,5
40,50,5
41,50,5
42,50,5
43,50,5
44,50,5
45,50,6
46,50,6
47,50,6
48,50,6
49,50,6
50,50,6
51,50,6
52,50,7
53,50,7
54,50,7
55,50,8
56,50,8
57,50,8
58,50,9
59,50,10
60,50,11
61,50,13
62,50,15
63,50,18
64,50,26
65,50,256
66,50,256
67,50,256
68,50,256
69,50,256
70,50,256
71,50,256
72,50,256
73,50,256
74,50,256
75,50,256
76,50,256
77,50,256
78,50,256
79,50,256
80,50,256
81,50,256
82,50,8
83,50,6
84,50,6
85,50,5
86,50,5
87,50,4
88,50,4
89,50,4
90,50,4
91,50,4
92,50,4
93,50,4
94,50,3
95,50,3
96,50,3
97,50,3
98,50,3
99,50,3
100,50,3
101,50,3
102,50,3
103,50,3
104,50,3
105,50,3
106,50,3
107,50,3
108,50,2
109,50,2
110,50,2
111,50,2
112,50,2
113,50,2
114,50,2
115,50,2
116,50,2
117,50,2
118,50,2
119,50,2
120,50,2
121,50,2
122,50,2
123,50,2
124,50,2
125,50,2
126,50,2
127,50,2
0,51,3
1,51,3
2,51,3
3,51,3
4,51,3
5,51,3
6,51,3
7,51,3
8,51,3
9,51,3
10,51,3
11,51,3
12,51,3
13,51,3
14,51,3
15,51,3
16,51,3
17,51,4
18,51,4
19,51,4
20,51,4
21,51,5
22,51,5
23,51,4
24,51,4
25,51,4
26,51,4
27,51,4
28,51,4
29,51,4
30,51,4
31,51,4
32,51,5
33,51,5
34,51,5
35,51,5
36,51,5
37,51,5
38,51,5
39,51,5
40,51,5
41,51,5
42,51,5
43,51,6
44,51,6
45,51,6
46,51,6
47,51,6
48,51,6
49,51,6
50,51,6
51,51,7
52,51,7
53,51,8
54,51,8
55,51,8
56,51,9
57,51,10
58,51,10
59,51,12
60,51,13
61,51,16
62,51,21
63,51,37
64,51,256
65,51,256
66,51,256
67,51,256
68,51,256
69,51,256
70,51,256
71,51,256
72,51,256
73,51,256
74,51,256
75,51,256
76,51,256
77,51,256
78,51,256
79,51,256
80,51,256
81,51,256
82,51,8
83,51,7
84,51,6
85,51,5
86,51,5
87,51,4
88,51,4
89,51,4
90,51,4
91,51,4
92,51,4
93,51,4
94,51,4
95,51,3
96,51,3
97,51,3
98,51,3
99,51,3
100,51,3
101,51,3
102,51,3
103,51,3
104,51,3
105,51,3
106,51,3
107,51,3
108,51,2
109,51,2
110,51,2
111,51,2
112,51,2
113,51,2
114,51,2
115,51,2
116,51,2
117,51,2
118,51,2
119,51,2
120,51,2
121,51,2
122,51,2
123,51,2
124,51,2
125,51,2
126,51,2
127,51,2
0,52,3
1,52,3
2,52,3
3,52,3
4,52,3
5,52,3
6,52,3
7,52,3
8,52,3
9,52,3
10,52,3
11,52,3
12,52,3
13,52,3
14,52,4
15,52,4
16,52,4
17,52,4
18,52,4
19,52,5
20,52,5
21,52,5
22,52,5
23,52,5
24,52,5
25,52,5
26,52,5
27,52,5
28,52,5
29,52,5
30,52,5
31,52,5
32,52,5
33,52,5
34,52,5
35,52,5
36,52,5
37,52,5
38,52,5
39,52,5
40,52,5
41,52,6
42,52,6
43,52,6
44,52,6
45,52,6
46,52,6
47,52,6
48,52,7
49,52,7
50,52,7
51,52,8
52,52,8
53,52,8
54,52,9
55,52,9
56,52,10
57,52,11
58,52,13
59,52,15
60,52,18
61,52,26
62,52,227
63,52,256
64,52,256
65,52,256
66,52,256
67,52,256
68,52,256
69,52,256
70,52,256
71,52,256
72,52,256
73,52,256
74,52,256
75,52,256
76,52,256
77,52,256
78,52,256
79,52,256
80,52,256
81,52,19
82,52,8
83,52,7
84,52,6
85,52,5
86,52,5
87,52,4
88,52,4
89,52,4
90,52,4
91,52,4
92,52,4
93,52,4
94,52,4
95,52,4
96,52,3
97,52,3
98,52,3
99,52,3
100,52,3
101,52,3
102,52,3
103,52,3
104,52,3
105,52,3
106,52,3
107,52,2
108,52,2
109,52,2
110,52,2
111,52,2
112,52,2
113,52,2
114,52,2
115,52,2
116,52,2
117,52,2
118,52,2
119,52,2
120,52,2
121,52,2
122,52,2
123,52,2
124,52,2
125,52,2
126,52,2
127,52,2
0,53,3
1,53,3
2,53,3
3,53,3
4,53,3
5,53,3
6,53,3
7,53,3
8,53,4
9,53,4
10,53,4
11,53,4
12,53,4
13,53,4
14,53,5
15,53,5
16,53,5
17,53,5
18,53,5
19,53,5
20,53,5
21,53,5
22,53,5
23,53,5
24,53,5
25,53,5
26,53,5
27,53,5
28,53,5
29,53,5
30,53,5
31,53,5
32,53,5
33,53,5
34,53,5
35,53,5
36,53,5
37,53,5
38,53,6
39,53,6
40,53,6
41,53,6
42,53,6
43,53,6
44,53,6
45,53,6
46,53,7
47,53,7
48,53,7
49,53,8
50,53,8
51,53,8
52,53,9
53,53,9
54,53,10
55,53,11
56,53,12
57,53,14
58,53,17
59,53,22
60,53,41
61,53,256
62,53,256
63,53,256
64,53,256
65,53,256
66,53,256
67,53,256
68,53,256
69,53,256
70,53,256
71,53,256
72,53,256
73,53,256
74,53,256
75,53,256
76,53,256
77,53,256
78,53,256
79,53,256
80,53,256
81,53,256
82,53,8
83,53,7
84,53,6
85,53,5
86,53,5
87,53,4
88,53,4
89,53,4
90,53,4
91,53,4
92,53,4
93,53,4
94,53,4
95,53,4
96,53,3
97,53,3
98,53,3
99,53,3
100,53,3
101,53,3
102,53,3
103,53,3
104,53,3
105,53,3
106,53,3
107,53,2
108,53,2
109,53,2
110,53,2
111,53,2
112,53,2
113,53,2
114,53,2
115,53,2
116,53,2
117,53,2
118,53,2
119,53,2
120,53,2
121,53,2
122,53,2
123,53,2
124,53,2
125,53,2
126,53,2
127,53,2
0,54,4
1,54,4
2,54,4
3,54,4
4,54,4
5,54,4
6,54,4
7,54,4
8,54,4
9,54,4
10,54,4
11,54,4
12,54,4
13,54,5
14,54,5
15,54,5
16,54,5
17,54,5
18,54,5
19,54,5
20,54,5
21,54,5
22,54,5
23,54,5
24,54,6
25,54,5
26,54,5
27,54,5
28,54,5
29,54,5
30,54,5
31,54,5
32,54,5
33,54,5
34,54,5
35,54,6
36,54,6
37,54,6
38,54,6
39,54,6
40,54,6
41,54,6
42,54,6
43,54,7
44,54,7
45,54,7
46,54,8
47,54,8
48,54,8
49,54,8
50,54,9
51,54,10
52,54,10
53,54,11
54,54,12
55,54,14
56,54,16
57,54,20
58,54,31
59,54,256
60,54,256
61,54,256
62,54,256
63,54,256
64,54,256
65,54,256
66,54,256
67,54,256
68,54,256
69,54,256
70,54,256
71,54,256
72,54,256
73,54,256
74,54,256
75,54,256
76,54,256
77,54,256
78,54,256
79,54,256
80,54,256
81,54,256
82,54,9
83,54,6
84,54,6
85,54,5
86,54,5
87,54,4
88,54,4
89,54,4
90,54,4
91,54,4
92,54,4
93,54,4
94,54,4
95,54,4
96,54,3
97,54,3
98,54,3
99,54,3
100,54,3
101,54,3
102,54,3
103,54,3
104,54,3
105,54,3
106,54,3
107,54,2
108,54,2
109,54,2
110,54,2
111,54,2
112,54,2
113,54,2
114,54,2
115,54,2
116,54,2
117,54,2
118,54,2
119,54,2
120,54,2
121,54,2
122,54,2
123,54,2
124,54,2
125,54,2
126,54,2
127,54,2
0,55,4
1,55,4
2,55,4
3,55,4
4,55,4
5,55,4
6,55,4
7,55,4
8,55,4
9,55,4
10,55,4
11,55,4
12,55,5
13,55,5
14,55,5
15,55,5
16,55,5
17,55,5
18,55,5
19,55,6
20,55,6
21,55,6
22,55,6
23,55,6
24,55,6
25,55,6
26,55,6
27,55,6
28,55,6
29,55,6
30,55,6
31,55,6
32,55,6
33,55,7
34,55,7
35,55,7
36,55,7
37,55,7
38,55,7
39,55,7
40,55,7
41,55,7
42,55,7
43,55,7
44,55,8
45,55,8
46,55,8
47,55,8
48,55,9
49,55,10
50,55,10
51,55,11
52,55,12
53,55,14
54,55,16
55,55,19
56,55,28
57,55,158
58,55,256
59,55,256
60,55,256
61,55,256
62,55,256
63,55,256
64,55,256
65,55,256
66,55,256
67,55,256
68,55,256
69,55,256
70,55,256
71,55,256
72,55,256
73,55,256
74,55,256
75,55,256
76,55,256
77,55,256
78,55,256
79,55,256
80,55,256
81,55,256
82,55,9
83,55,6
84,55,6
85,55,5
86,55,5
87,55,4
88,55,4
89,55,4
90,55,4
91,55,4
92,55,4
93,55,4
94,55,4
95,55,3
96,55,3
97,55,3
98,55,3
99,55,3
100,55,3
101,55,3
102,55,3
103,55,3
104,55,3
105,55,3
106,55,3
107,55,2
108,55,2
109,55,2
110,55,2
111,55,2
112,55,2
113,55,2
114,55,2
115,55,2
116,55,2
117,55,2
118,55,2
119,55,2
120,55,2
121,55,2
122,55,2
123,55,2
124,55,2
125,55,2
126,55,2
127,55,2
0,56,4
1,56,4
2,56,4
3,56,4
4,56,4
5,56,4
6,56,4
7,56,4
8,56,4
9,56,4
10,56,5
11,56,5
12,56,5
13,56,5
14,56,5
15,56,5
16,56,6
17,56,6
18,56,6
19,56,6
20,56,6
21,56,6
22,56,6
23,56,6
24,56,6
25,56,6
26,56,6
27,56,7
28,56,7
29,56,7
30,56,7
31,56,7
32,56,7
33,56,7
34,56,7
35,56,7
36,56,7
37,56,7
38,56,7
39,56,7
40,56,7
41,56,8
42,56,8
43,56,8
44,56,9
45,56,9
46,56,9
47,56,10
48,56,10
49,56,11
50,56,12
51,56,14
52,56,16
53,56,19
54,56,26
55,56,69
56,56,256
57,56,256
58,56,256
59,56,256
60,56,256
61,56,256
62,56,256
63,56,256
64,56,256
65,56,256
66,56,256
67,56,256
68,56,256
69,56,256
70,56,256
71,56,256
72,56,256
73,56,256
74,56,256
75,56,256
76,56,256
77,56,256
78,56,256
79,56,256
80,56,256
81,56,11
82,56,8
83,56,6
84,56,5
85,56,5
86,56,5
87,56,5
88,56,4
89,56,4
90,56,4
91,56,4
92,56,4
93,56,4
94,56,4
95,56,3
96,56,3
97,56,3
98,56,3
99,56,3
100,56,3
101,56,3
102,56,3
103,56,3
104,56,3
105,56,3
106,56,3
107,56,2
108,56,2
109,56,2
110,56,2
111,56,2
112,56,2
113,56,2
114,56,2
115,56,2
116,56,2
117,56,2
118,56,2
119,56,2
120,56,2
121,56,2
122,56,2
123,56,2
124,56,2
125,56,2
126,56,2
127,56,2
0,57,4
1,57,4
2,57,4
3,57,4
4,57,4
5,57,4
6,57,4
7,57,4
8,57,5
9,57,5
10,57,5
11,57,5
12,57,5
13,57,5
14,57,6
15,57,6
16,57,6
17,57,6
18,57,6
19,57,6
20,57,7
21,57,7
22,57,7
23,57,7
24,57,7
25,57,7
26,57,7
27,57,8
28,57,8
29,57,8
30,57,8
31,57,8
32,57,8
33,57,8
34,57,8
35,57,8
36,57,8
37,57,8
38,57,9
39,57,9
40,57,9
41,57,9
42,57,9
43,57,9
44,57,10
45,57,10
46,57,11
47,57,12
48,57,13
49,57,14
50,57,16
51,57,20
52,57,27
53,57,66
54,57,256
55,57,256
56,57,256
57,57,256
58,57,256
59,57,256
60,57,256
61,57,256
62,57,256
63,57,256
64,57,256
65,57,256
66,57,256
67,57,256
68,57,256
69,57,256
70,57,256
71,57,256
72,57,256
73,57,256
74,57,256
75,57,256
76,57,256
77,57,256
78,57,256
79,57,256
80,57,256
81,57,10
82,57,7
83,57,6
84,57,5
85,57,5
86,57,5
87,57,5
88,57,4
89,57,4
90,57,4
91,57,4
92,57,4
93,57,4
94,57,3
95,57,3
96,57,3
97,57,3
98,57,3
99,57,3
100,57,3
101,57,3
102,57,3
103,57,3
104,57,3
105,57,3
106,57,3
107,57,2
108,57,2
109,57,2
110,57,2
111,57,2
112,57,2
113,57,2
114,57,2
115,57,2
116,57,2
117,57,2
118,57,2
119,57,2
120,57,2
121,57,2
122,57,2
123,57,2
124,57,2
125,57,2
126,57,2
127,57,2
0,58,4
1,58,4
2,58,4
3,58,4
4,58,5
5,58,5
6,58,5
7,58,5
8,58,5
9,58,5
10,58,5
11,58,5
12,58,5
13,58,6
14,58,6
15,58,6
16,58,6
17,58,6
18,58,7
19,58,7
20,58,7
21,58,7
22,58,8
23,58,8
24,58,8
25,58,8
26,58,9
27,58,9
28,58,10
29,58,9
30,58,9
31,58,9
32,58,9
33,58,9
34,58,10
35,58,10
36,58,10
37,58,10
38,58,10
39,58,10
40,58,10
41,58,11
42,58,11
43,58,11
44,58,12
45,58,13
46,58,14
47,58,15
48,58,18
49,58,21
50,58,30
51,58,102
52,58,256
53,58,256
54,58,256
55,58,256
56,58,256
57,58,256
58,58,256
59,58,256
60,58,256
61,58,256
62,58,256
63,58,256
64,58,256
65,58,256
66,58,256
67,58,256
68,58,256
69,58,256
70,58,256
71,58,256
72,58,256
73,58,256
74,58,256
75,58,256
76,58,256
77,58,256
78,58,256
79,58,256
80,58,256
81,58,9
82,58,7
83,58,6
84,58,5
85,58,5
86,58,5
87,58,5
88,58,5
89,58,4
90,58,4
91,58,4
92,58,4
93,58,4
94,58,3
95,58,3
96,58,3
97,58,3
98,58,3
99,58,3
100,58,3
101,58,3
102,58,3
103,58,3
104,58,3
105,58,3
106,58,3
107,58,2
108,58,2
109,58,2
110,58,2
111,58,2
112,58,2
113,58,2
114,58,2
115,58,2
116,58,2
117,58,2
118,58,2
119,58,2
120,58,2
121,58,2
122,58,2
123,58,2
124,58,2
125,58,2
126,58,2
127,58,2
0,59,5
1,59,5
2,59,5
3,59,5
4,59,5
5,59,5
6,59,5
7,59,5
8,59,5
9,59,5
10,59,5
11,59,6
12,59,6
13,59,6
14,59,6
15,59,7
16,59,7
17,59,7
18,59,7
19,59,9
20,59,9
21,59,10
22,59,10
23,59,10
24,59,11
25,59,12
26,59,13
27,59,13
28,59,13
29,59,12
30,59,12
31,59,12
32,59,13
33,59,12
34,59,11
35,59,12
36,59,12
37,59,14
38,59,13
39,59,12
40,59,13
41,59,13
42,59,14
43,59,15
44,59,15
45,59,17
46,59,20
47,59,25
48,59,37
49,59,256
50,59,256
51,59,256
52,59,256
53,59,256
54,59,256
55,59,256
56,59,256
57,59,256
58,59,256
59,59,256
60,59,256
61,59,256
62,59,256
63,59,256
64,59,256
65,59,256
66,59,256
67,59,256
68,59,256
69,59,256
70,59,256
71,59,256
72,59,256
73,59,256
74,59,256
75,59,256
76,59,256
77,59,256
78,59,256
79,59,256
80,59,10
81,59,7
82,59,6
83,59,6
84,59,5
85,59,5
86,59,5
87,59,5
88,59,4
89,59,4
90,59,4
91,59,4
92,59,4
93,59,3
94,59,3
95,59,3
96,59,3
97,59,3
98,59,3
99,59,3
100,59,3
101,59,3
102,59,3
103,59,3
104,59,3
105,59,3
106,59,2
107,59,2
108,59,2
109,59,2
110,59,2
111,59,2
112,59,2
113,59,2
114,59,2
115,59,2
116,59,2
117,59,2
118,59,2
119,59,2
120,59,2
121,59,2
122,59,2
123,59,2
124,59,2
125,59,2
126,59,2
127,59,2
0,60,5
1,60,5
2,60,5
3,60,5
4,60,5
5,60,5
6,60,5
7,60,5
8,60,5
9,60,6
10,60,7
11,60,7
12,60,7
13,60,7
14,60,8
15,60,8
16,60,8
17,60,9
18,60,10
19,60,10
20,60,11
21,60,13
22,60,14
23,60,15
24,60,18
25,60,23
26,60,31
27,60,256
28,60,256
29,60,256
30,60,256
31,60,256
32,60,256
33,60,256
34,60,26
35,60,20
36,60,18
37,60,18
38,60,16
39,60,17
40,60,17
41,60,20
42,60,19
43,60,22
44,60,25
45,60,32
46,60,67
47,60,256
48,60,256
49,60,256
50,60,256
51,60,256
52,60,256
53,60,256
54,60,256
55,60,256
56,60,256
57,60,256
58,60,256
59,60,256
60,60,256
61,60,256
62,60,256
63,60,256
64,60,256
65,60,256
66,60,256
67,60,256
68,60,256
69,60,256
70,60,256
71,60,256
72,60,256
73,60,256
74,60,256
75,60,256
76,60,256
77,60,256
78,60,256
79,60,14
80,60,8
81,60,7
82,60,6
83,60,6
84,60,6
85,60,5
86,60,5
87,60,5
88,60,4
89,60,4
90,60,4
91,60,4
92,60,4
93,60,3
94,60,3
95,60,3
96,60,3
97,60,3
98,60,3
99,60,3
100,60,3
101,60,3
102,60,3
103,60,3
104,60,3
105,60,3
106,60,2
107,60,2
108,60,2
109,60,2
110,60,2
111,60,2
112,60,2
113,60,2
114,60,2
115,60,2
116,60,2
117,60,2
118,60,2
119,60,2
120,60,2
121,60,2
122,60,2
123,60,2
124,60,2
125,60,2
126,60,2
127,60,2
0,61,6
1,61,6
2,61,6
3,61,6
4,61,6
5,61,6
6,61,6
7,61,8
8,61,8
9,61,8
10,61,8
11,61,8
12,61,8
13,61,9
14,61,9
15,61,9
16,61,10
17,61,11
18,61,13
19,61,14
20,61,17
21,61,22
22,61,33
23,61,256
24,61,256
25,61,256
26,61,256
27,61,256
28,61,256
29,61,256
30,61,256
31,61,256
32,61,256
33,61,256
34,61,256
35,61,256
36,61,256
37,61,256
38,61,256
39,61,256
40,61,35
41,61,32
42,61,37
43,61,60
44,61,256
45,61,256
46,61,256
47,61,256
48,61,256
49,61,256
50,61,256
51,61,256
52,61,256
53,61,256
54,61,256
55,61,256
56,61,256
57,61,256
58,61,256
59,61,256
60,61,256
61,61,256
62,61,256
63,61,256
64,61,256
65,61,256
66,61,256
67,61,256
68,61,256
69,61,256
70,61,256
71,61,256
72,61,256
73,61,256
74,61,256
75,61,256
76,61,256
77,61,256
78,61,256
79,61,9
80,61,7
81,61,7
82,61,6
83,61,6
84,61,5
85,61,5
86,61,5
87,61,4
88,61,4
89,61,4
90,61,4
91,61,4
92,61,4
93,61,3
94,61,3
95,61,3
96,61,3
97,61,3
98,61,3
99,61,3
100,61,3
101,61,3
102,61,3
103,61,3
104,61,3
105,61,3
106,61,2
107,61,2
108,61,2
109,61,2
110,61,2
111,61,2
112,61,2
113,61,2
114,61,2
115,61,2
116,61,2
117,61,2
118,61,2
119,61,2
120,61,2
121,61,2
122,61,2
123,61,2
124,61,2
125,61,2
126,61,2
127,61,2
0,62,7
1,62,7
2,62,7
3,62,8
4,62,8
5,62,8
6,62,9
7,62,10
8,62,11
9,62,10
10,62,11
11,62,11
12,62,13
13,62,13
14,62,13
15,62,14
16,62,16
17,62,20
18,62,27
19,62,59
20,62,256
21,62,256
22,62,256
23,62,256
24,62,256
25,62,256
26,62,256
27,62,256
28,62,256
29,62,256
30,62,256
31,62,256
32,62,256
33,62,256
34,62,256
35,62,256
36,62,256
37,62,256
38,62,256
39,62,256
40,62,256
41,62,256
42,62,256
43,62,256
44,62,256
45,62,256
46,62,256
47,62,256
48,62,256
49,62,256
50,62,256
51,62,256
52,62,256
53,62,256
54,62,256
55,62,256
56,62,256
57,62,256
58,62,256
59,62,256
60,62,256
61,62,256
62,62,256
63,62,256
64,62,256
65,62,256
66,62,256
67,62,256
68,62,256
69,62,256
70,62,256
71,62,256
72,62,256
73,62,256
74,62,256
75,62,256
76,62,256
77,62,256
78,62,10
79,62,8
80,62,7
81,62,7
82,62,6
83,62,6
84,62,5
85,62,5
86,62,5
87,62,4
88,62,4
89,62,4
90,62,4
91,62,4
92,62,4
93,62,3
94,62,3
95,62,3
96,62,3
97,62,3
98,62,3
99,62,3
100,62,3
101,62,3
102,62,3
103,62,3
104,62,3
105,62,3
106,62,2
107,62,2
108,62,2
109,62,2
110,62,2
111,62,2
112,62,2
113,62,2
114,62,2
115,62,2
116,62,2
117,62,2
118,62,2
119,62,2
120,62,2
121,62,2
122,62,2
123,62,2
124,62,2
125,62,2
126,62,2
127,62,2
0,63,9
1,63,13
2,63,10
3,63,10
4,63,12
5,63,14
6,63,14
7,63,17
8,63,23
9,63,31
10,63,38
11,63,34
12,63,32
13,63,39
14,63,45
15,63,256
16,63,256
17,63,256
18,63,256
19,63,256
20,63,256
21,63,256
22,63,256
23,63,256
24,63,256
25,63,256
26,63,256
27,63,256
28,63,256
29,63,256
30,63,256
31,63,256
32,63,256
33,63,256
34,63,256
35,63,256
36,63,256
37,63,256
38,63,256
39,63,256
40,63,256
41,63,256
42,63,256
43,63,256
44,63,256
45,63,256
46,63,256
47,63,256
48,63,256
49,63,256
50,63,256
51,63,256
52,63,256
53,63,256
54,63,256
55,63,256
56,63,256
57,63,256
58,63,256
59,63,256
60,63,256
61,63,256
62,63,256
63,63,256
64,63,256
65,63,256
66,63,256
67,63,256
68,63,256
69,63,256
70,63,256
71,63,256
72,63,256
73,63,256
74,63,256
75,63,256
76,63,15
77,63,11
78,63,9
79,63,8
80,63,7
81,63,6
82,63,6
83,63,5
84,63,5
85,63,5
86,63,5
87,63,4
88,63,4
89,63,4
90,63,4
91,63,4
92,63,4
93,63,3
94,63,3
95,63,3
96,63,3
97,63,3
98,63,3
99,63,3
100,63,3
101,63,3
102,63,3
103,63,3
104,63,3
105,63,3
106,63,2
107,63,2
108,63,2
109,63,2
110,63,2
111,63,2
112,63,2
113,63,2
114,63,2
115,63,2
116,63,2
117,63,2
118,63,2
119,63,2
120,63,2
121,63,2
122,63,2
123,63,2
124,63,2
125,63,2
126,63,2
127,63,2
0,64,256
1,64,256
2,64,256
3,64,256
4,64,256
5,64,256
6,64,256
7,64,256
8,64,256
9,64,256
10,64,256
11,64,256
12,64,256
13,64,256
14,64,256
15,64,256
16,64,256
17,64,256
18,64,256
19,64,256
20,64,256
21,64,256
22,64,256
23,64,256
24,64,256
25,64,256
26,64,256
27,64,256
28,64,256
29,64,256
30,64,256
31,64,256
32,64,256
33,64,256
34,64,256
35,64,256
36,64,256
37,64,256
38,64,256
39,64,256
40,64,256
41,64,256
42,64,256
43,64,256
44,64,256
45,64,256
46,64,256
47,64,256
48,64,256
49,64,256
50,64,256
51,64,256
52,64,256
53,64,256
54,64,256
55,64,256
56,64,256
57,64,256
58,64,256
59,64,256
60,64,256
61,64,256
62,64,256
63,64,256
64,64,256
65,64,256
66,64,256
67,64,256
68,64,256
69,64,256
70,64,256
71,64,256
72,64,256
73,64,256
74,64,256
75,64,20
76,64,13
77,64,10
78,64,9
79,64,8
80,64,7
81,64,6
82,64,6
83,64,5
84,64,5
85,64,5
86,64,5
87,64,4
88,64,4
89,64,4
90,64,4
91,64,4
92,64,4
93,64,3
94,64,3
95,64,3
96,64,3
97,64,3
98,64,3
99,64,3
100,64,3
101,64,3
102,64,3
103,64,3
104,64,3
105,64,3
106,64,2
107,64,2
108,64,2
109,64,2
110,64,2
111,64,2
112,64,2
113,64,2
114,64,2
115,64,2
116,64,2
117,64,2
118,64,2
119,64,2
120,64,2
121,64,2
122,64,2
123,64,2
124,64,2
125,64,2
126,64,2
127,64,2
0,65,256
1,65,256
2,65,256
3,65,256
4,65,256
5,65,256
6,65,256
7,65,256
8,65,256
9,65,256
10,65,256
11,65,256
12,65,256
13,65,256
14,65,256
15,65,256
16,65,256
17,65,256
18,65,256
19,65,256
20,65,256
21,65,256
22,65,256
23,65,256
24,65,256
25,65,256
26,65,256
27,65,256
28,65,256
29,65,256
30,65,256
31,65,256
32,65,256
33,65,256
34,65,256
35,65,256
36,65,256
37,65,256
38,65,256
39,65,256
40,65,256
41,65,256
42,65,256
43,65,256
44,65,256
45,65,256
46,65,256
47,65,256
48,65,256
49,65,256
50,65,256
51,65,256
52,65,256
53,65,256
54,65,256
55,65,256
56,65,256
57,65,256
58,65,256
59,65,256
60,65,256
61,65,256
62,65,256
63,65,256
64,65,256
65,65,256
66,65,256
67,65,256
68,65,256
69,65,256
70,65,256
71,65,256
72,65,256
73,65,256
74,65,256
75,65,20
76,65,13
77,65,10
78,65,9
79,65,8
80,65,7
81,65,6
82,65,6
83,65,5
84,65,5
85,65,5
86,65,5
87,65,4
88,65,4
89,65,4
90,65,4
91,65,4
92,65,4
93,65,3
94,65,3
95,65,3
96,65,3
97,65,3
98,65,3
99,65,3
100,65,3
101,65,3
102,65,3
103,65,3
104,65,3
105,65,3
106,65,2
107,65,2
108,65,2
109,65,2
110,65,2
111,65,2
112,65,2
113,65,2
114,65,2
115,65,2
116,65,2
117,65,2
118,65,2
119,65,2
120,65,2
121,65,2
122,65,2
123,65,2
124,65,2
125,65,2
126,65,2
127,65,2
0,66,223
1,66,202
2,66,256
3,66,256
4,66,256
5,66,256
6,66,256
7,66,256
8,66,256
9,66,256
10,66,256
11,66,256
12,66,256
13,66,256
14,66,256
15,66,256
16,66,256
17,66,256
18,66,256
19,66,256
20,66,256
21,66,256
22,66,256
23,66,256
24,66,256
25,66,256
26,66,256
27,66,256
28,66,256
29,66,256
30,66,256
31,66,256
32,66,256
33,66,256
34,66,256
35,66,256
36,66,256
37,66,256
38,66,256
39,66,256
40,66,256
41,66,256
42,66,256
43,66,256
44,66,256
45,66,256
46,66,256
47,66,256
48,66,256
49,66,256
50,66,256
51,66,256
52,66,256
53,66,256
54,66,256
55,66,256
56,66,256
57,66,256
58,66,256
59,66,256
60,66,256
61,66,256
62,66,256
63,66,256
64,66,256
65,66,256
66,66,256
67,66,256
68,66,256
69,66,256
70,66,256
71,66,256
72,66,256
73,66,256
74,66,256
75,66,20
76,66,13
77,66,10
78,66,9
79,66,8
80,66,7
81,66,6
82,66,6
83,66,5
84,66,5
85,66,5
86,66,5
87,66,4
88,66,4
89,66,4
90,66,4
91,66,4
92,66,4
93,66,3
94,66,3
95,66,3
96,66,3
97,66,3
98,66,3
99,66,3
100,66,3
101,66,3
102,66,3
103,66,3
104,66,3
105,66,3
106,66,2
107,66,2
108,66,2
109,66,2
110,66,2
111,66,2
112,66,2
113,66,2
114,66,2
115,66,2
116,66,2
117,66,2
118,66,2
119,66,2
120,66,2
121,66,2
122,66,2
123,66,2
124,66,2
125,66,2
126,66,2
127,66,2
0,67,171
1,67,256
2,67,256
3,67,256
4,67,256
5,67,256
6,67,256
7,67,256
8,67,256
9,67,256
10,67,256
11,67,256
12,67,256
13,67,256
14,67,256
15,67,256
16,67,256
17,67,256
18,67,256
19,67,256
20,67,256
21,67,256
22,67,256
23,67,256
24,67,256
25,67,256
26,67,256
27,67,256
28,67,256
29,67,256
30,67,256
31,67,256
32,67,256
33,67,256
34,67,256
35,67,256
36,67,256
37,67,256
38,67,256
39,67,256
40,67,256
41,67,256
42,67,256
43,67,256
44,67,256
45,67,256
46,67,256
47,67,256
48,67,256
49,67,256
50,67,256
51,67,256
52,67,256
53,67,256
54,67,256
55,67,256
56,67,256
57,67,256
58,67,256
59,67,256
60,67,256
61,67,256
62,67,256
63,67,256
64,67,256
65,67,256
66,67,256
67,67,256
68,67,256
69,67,256
70,67,256
71,67,256
72,67,256
73,67,256
74,67,256
75,67,21
76,67,13
77,67,11
78,67,9
79,67,8
80,67,7
81,67,6
82,67,6
83,67,5
84,67,5
85,67,5
86,67,5
87,67,4
88,67,4
89,67,4
90,67,4
91,67,4
92,67,4
93,67,3
94,67,3
95,67,3
96,67,3
97,67,3
98,67,3
99,67,3
100,67,3
101,67,3
102,67,3
103,67,3
104,67,3
105,67,3
106,67,2
107,67,2
108,67,2
109,67,2
110,67,2
111,67,2
112,67,2
113,67,2
114,67,2
115,67,2
116,67,2
117,67,2
118,67,2
119,67,2
120,67,2
121,67,2
122,67,2
123,67,2
124,67,2
125,67,2
126,67,2
127,67,2
0,68,111
1,68,256
2,68,256
3,68,256
4,68,256
5,68,256
6,68,256
7,68,256
8,68,256
9,68,256
10,68,256
11,68,256
12,68,256
13,68,256
14,68,256
15,68,256
16,68,256
17,68,256
18,68,256
19,68,256
20,68,256
21,68,256
22,68,256
23,68,256
24,68,256
25,68,256
26,68,256
27,68,256
28,68,256
29,68,256
30,68,256
31,68,256
32,68,256
33,68,256
34,68,256
35,68,256
36,68,256
37,68,256
38,68,256
39,68,256
40,68,256
41,68,256
42,68,256
43,68,256
44,68,256
45,68,256
46,68,256
47,68,256
48,68,256
49,68,256
50,68,256
51,68,256
52,68,256
53,68,256
54,68,256
55,68,256
56,68,256
57,68,256
58,68,256
59,68,256
60,68,256
61,68,256
62,68,256
63,68,256
64,68,256
65,68,256
66,68,256
67,68,256
68,68,256
69,68,256
70,68,256
71,68,256
72,68,256
73,68,256
74,68,256
75,68,21
76,68,14
77,68,11
78,68,9
79,68,8
80,68,7
81,68,6
82,68,6
83,68,5
84,68,5
85,68,5
86,68,5
87,68,4
88,68,4
89,68,4
90,68,4
91,68,4
92,68,4
93,68,3
94,68,3
95,68,3
96,68,3
97,68,3
98,68,3
99,68,3
100,68,3
101,68,3
102,68,3
103,68,3
104,68,3
105,68,3
106,68,2
107,68,2
108,68,2
109,68,2
110,68,2
111,68,2
112,68,2
113,68,2
114,68,2
115,68,2
116,68,2
117,68,2
118,68,2
119,68,2
120,68,2
121,68,2
122,68,2
123,68,2
124,68,2
125,68,2
126,68,2
127,68,2
0,69,9
1,69,79
2,69,256
3,69,256
4,69,256
5,69,256
6,69,256
7,69,256
8,69,256
9,69,256
10,69,256
11,69,256
12,69,256
13,69,256
14,69,256
15,69,256
16,69,256
17,69,256
18,69,256
19,69,256
20,69,256
21,69,256
22,69,256
23,69,256
24,69,256
25,69,256
26,69,256
27,69,256
28,69,256
29,69,256
30,69,256
31,69,256
32,69,256
33,69,256
34,69,256
35,69,256
36,69,256
37,69,256
38,69,256
39,69,256
40,69,256
41,69,256
42,69,256
43,69,256
44,69,256
45,69,256
46,69,256
47,69,256
48,69,256
49,69,256
50,69,256
51,69,256
52,69,256
53,69,256
54,69,256
55,69,256
56,69,256
57,69,256
58,69,256
59,69,256
60,69,256
61,69,256
62,69,256
63,69,256
64,69,256
65,69,256
66,69,256
67,69,256
68,69,256
69,69,256
70,69,256
71,69,256
72,69,256
73,69,256
74,69,256
75,69,22
76,69,14
77,69,11
78,69,9
79,69,8
80,69,7
81,69,6
82,69,6
83,69,6
84,69,5
85,69,5
86,69,5
87,69,4
88,69,4
89,69,4
90,69,4
91,69,4
92,69,4
93,69,3
94,69,3
95,69,3
96,69,3
97,69,3
98,69,3
99,69,3
100,69,3
101,69,3
102,69,3
103,69,3
104,69,3
105,69,3
106,69,3
107,69,2
108,69,2
109,69,2
110,69,2
111,69,2
112,69,2
113,69,2
114,69,2
115,69,2
116,69,2
117,69,2
118,69,2
119,69,2
120,69,2
121,69,2
122,69,2
123,69,2
124,69,2
125,69,2
126,69,2
127,69,2
0,70,8
1,70,85
2,70,256
3,70,256
4,70,256
5,70,256
6,70,256
7,70,256
8,70,256
9,70,256
10,70,256
11,70,256
12,70,256
13,70,256
14,70,256
15,70,256
16,70,256
17,70,256
18,70,256
19,70,256
20,70,256
21,70,256
22,70,256
23,70,256
24,70,256
25,70,256
26,70,256
27,70,256
28,70,256
29,70,256
30,70,256
31,70,256
32,70,256
33,70,256
34,70,256
35,70,256
36,70,256
37,70,256
38,70,256
39,70,256
40,70,256
41,70,256
42,70,256
43,70,256
44,70,256
45,70,256
46,70,256
47,70,256
48,70,256
49,70,256
50,70,256
51,70,256
52,70,256
53,70,256
54,70,256
55,70,256
56,70,256
57,70,256
58,70,256
59,70,256
60,70,256
61,70,256
62,70,256
63,70,256
64,70,256
65,70,256
66,70,256
67,70,256
68,70,256
69,70,256
70,70,256
71,70,256
72,70,256
73,70,256
74,70,256
75,70,24
76,70,14
77,70,11
78,70,9
79,70,8
80,70,7
81,70,6
82,70,6
83,70,6
84,70,5
85,70,5
86,70,5
87,70,4
88,70,4
89,70,4
90,70,4
91,70,4
92,70,4
93,70,3
94,70,3
95,70,3
96,70,3
97,70,3
98,70,3
99,70,3
100,70,3
101,70,3
102,70,3
103,70,3
104,70,3
105,70,3
106,70,3
107,70,2
108,70,2
109,70,2
110,70,2
111,70,2
112,70,2
113,70,2
114,70,2
115,70,2
116,70,2
117,70,2
118,70,2
119,70,2
120,70,2
121,70,2
122,70,2
123,70,2
124,70,2
125,70,2
126,70,2
127,70,2
0,71,8
1,71,20
2,71,197
3,71,13
4,71,256
5,71,256
6,71,256
7,71,256
8,71,256
9,71,256
10,71,256
11,71,256
12,71,256
13,71,256
14,71,256
15,71,256
16,71,256
17,71,256
18,71,256
19,71,256
20,71,256
21,71,256
22,71,256
23,71,256
24,71,256
25,71,256
26,71,256
27,71,256
28,71,256
29,71,256
30,71,256
31,71,256
32,71,256
33,71,256
34,71,256
35,71,256
36,71,256
37,71,256
38,71,256
39,71,256
40,71,256
41,71,256
42,71,256
43,71,256
44,71,256
45,71,256
46,71,256
47,71,256
48,71,256
49,71,256
50,71,256
51,71,256
52,71,256
53,71,256
54,71,256
55,71,256
56,71,256
57,71,256
58,71,256
59,71,256
60,71,256
61,71,256
62,71,256
63,71,256
64,71,256
65,71,256
66,71,256
67,71,256
68,71,256
69,71,256
70,71,256
71,71,256
72,71,256
73,71,256
74,71,256
75,71,26
76,71,15
77,71,11
78,71,9
79,71,8
80,71,7
81,71,7
82,71,6
83,71,6
84,71,5
85,71,5
86,71,5
87,71,4
88,71,4
89,71,4
90,71,4
91,71,4
92,71,4
93,71,3
94,71,3
95,71,3
96,71,3
97,71,3
98,71,3
99,71,3
100,71,3
101,71,3
102,71,3
103,71,3
104,71,3
105,71,3
106,71,3
107,71,2
108,71,2
109,71,2
110,71,2
111,71,2
112,71,2
113,71,2
114,71,2
115,71,2
116,71,2
117,71,2
118,71,2
119,71,2
120,71,2
121,71,2
122,71,2
123,71,2
124,71,2
125,71,2
126,71,2
127,71,2
0,72,8
1,72,36
2,72,9
3,72,16
4,72,256
5,72,256
6,72,256
7,72,256
8,72,256
9,72,256
10,72,256
11,72,256
12,72,256
13,72,256
14,72,256
15,72,256
16,72,256
17,72,256
18,72,256
19,72,256
20,72,256
21,72,256
22,72,256
23,72,256
24,72,256
25,72,256
26,72,256
27,72,256
28,72,256
29,72,256
30,72,256
31,72,256
32,72,256
33,72,256
34,72,256
35,72,256
36,72,256
37,72,256
38,72,256
39,72,256
40,72,256
41,72,256
42,72,256
43,72,256
44,72,256
45,72,256
46,72,256
47,72,256
48,72,256
49,72,256
50,72,256
51,72,256
52,72,256
53,72,256
54,72,256
55,72,256
56,72,256
57,72,256
58,72,256
59,72,256
60,72,256
61,72,256
62,72,256
63,72,256
64,72,256
65,72,256
66,72,256
67,72,256
68,72,256
69,72,256
70,72,256
71,72,256
72,72,256
73,72,256
74,72,256
75,72,29
76,72,16
77,72,12
78,72,10
79,72,8
80,72,7
81,72,7
82,72,6
83,72,6
84,72,5
85,72,5
86,72,5
87,72,4
88,72,4
89,72,4
90,72,4
91,72,4
92,72,4
93,72,4
94,72,3
95,72,3
96,72,3
97,72,3
98,72,3
99,72,3
100,72,3
101,72,3
102,72,3
103,72,3
104,72,3
105,72,3
106,72,3
107,72,2
108,72,2
109,72,2
110,72,2
111,72,2
112,72,2
113,72,2
114,72,2
115,72,2
116,72,2
117,72,2
118,72,2
119,72,2
120,72,2
121,72,2
122,72,2
123,72,2
124,72,2
125,72,2
126,72,2
127,72,2
0,73,5
1,73,6
2,73,10
3,73,23
4,73,152
5,73,213
6,73,256
7,73,256
8,73,256
9,73,256
10,73,256
11,73,256
12,73,256
13,73,256
14,73,256
15,73,256
16,73,256
17,73,256
18,73,256
19,73,256
20,73,256
21,73,256
22,73,256
23,73,256
24,73,256
25,73,256
26,73,256
27,73,256
28,73,256
29,73,256
30,73,256
31,73,256
32,73,256
33,73,256
34,73,256
35,73,256
36,73,256
37,73,256
38,73,256
39,73,256
40,73,256
41,73,256
42,73,256
43,73,256
44,73,256
45,73,256
46,73,256
47,73,256
48,73,256
49,73,256
50,73,256
51,73,256
52,73,256
53,73,256
54,73,256
55,73,256
56,73,256
57,73,256
58,73,256
59,73,256
60,73,256
61,73,256
62,73,256
63,73,256
64,73,256
65,73,256
66,73,256
67,73,256
68,73,256
69,73,256
70,73,256
71,73,256
72,73,256
73,73,256
74,73,256
75,73,33
76,73,16
77,73,12
78,73,10
79,73,8
80,73,8
81,73,7
82,73,6
83,73,6
84,73,5
85,73,5
86,73,5
87,73,5
88,73,4
89,73,4
90,73,4
91,73,4
92,73,4
93,73,4
94,73,3
95,73,3
96,73,3
97,73,3
98,73,3
99,73,3
100,73,3
101,73,3
102,73,3
103,73,3
104,73,3
105,73,3
106,73,3
107,73,2
108,73,2
109,73,2
110,73,2
111,73,2
112,73,2
113,73,2
114,73,2
115,73,2
116,73,2
117,73,2
118,73,2
119,73,2
120,73,2
121,73,2
122,73,2
123,73,2
124,73,2
125,73,2
126,73,2
127,73,2
0,74,5
1,74,6
2,74,15
3,74,35
4,74,256
5,74,256
6,74,256
7,74,256
8,74,256
9,74,256
10,74,256
11,74,256
12,74,256
13,74,256
14,74,256
15,74,256
16,74,256
17,74,256
18,74,256
19,74,256
20,74,256
21,74,256
22,74,256
23,74,256
24,74,256
25,74,256
26,74,256
27,74,256
28,74,256
29,74,256
30,74,256
31,74,256
32,74,256
33,74,256
34,74,256
35,74,256
36,74,256
37,74,256
38,74,256
39,74,256
40,74,256
41,74,256
42,74,256
43,74,256
44,74,256
45,74,256
46,74,256
47,74,256
48,74,256
49,74,256
50,74,256
51,74,256
52,74,256
53,74,256
54,74,256
55,74,256
56,74,256
57,74,256
58,74,256
59,74,256
60,74,256
61,74,256
62,74,256
63,74,256
64,74,256
65,74,256
66,74,256
67,74,256
68,74,256
69,74,256
70,74,256
71,74,256
72,74,256
73,74,256
74,74,256
75,74,41
76,74,17
77,74,13
78,74,10
79,74,9
80,74,8
81,74,7
82,74,6
83,74,6
84,74,5
85,74,5
86,74,5
87,74,5
88,74,4
89,74,4
90,74,4
91,74,4
92,74,4
93,74,4
94,74,3
95,74,3
96,74,3
97,74,3
98,74,3
99,74,3
100,74,3
101,74,3
102,74,3
103,74,3
104,74,3
105,74,3
106,74,3
107,74,2
108,74,2
109,74,2
110,74,2
111,74,2
112,74,2
113,74,2
114,74,2
115,74,2
116,74,2
117,74,2
118,74,2
119,74,2
120,74,2
121,74,2
122,74,2
123,74,2
124,74,2
125,74,2
126,74,2
127,74,2
0,75,5
1,75,5
2,75,9
3,75,16
4,75,20
5,75,108
6,75,50
7,75,105
8,75,124
9,75,256
10,75,256
11,75,256
12,75,256
13,75,256
14,75,256
15,75,256
16,75,256
17,75,256
18,75,256
19,75,256
20,75,256
21,75,256
22,75,256
23,75,256
24,75,256
25,75,256
26,75,256
27,75,256
28,75,256
29,75,256
30,75,256
31,75,256
32,75,256
33,75,256
34,75,256
35,75,256
36,75,256
37,75,256
38,75,256
39,75,256
40,75,256
41,75,256
42,75,256
43,75,256
44,75,256
45,75,256
46,75,256
47,75,256
48,75,256
49,75,256
50,75,256
51,75,256
52,75,256
53,75,256
54,75,256
55,75,256
56,75,256
57,75,256
58,75,256
59,75,256
60,75,256
61,75,256
62,75,256
63,75,256
64,75,256
65,75,256
66,75,256
67,75,256
68,75,256
69,75,256
70,75,256
71,75,256
72,75,256
73,75,256
74,75,256
75,75,61
76,75,19
77,75,13
78,75,11
79,75,9
80,75,8
81,75,7
82,75,6
83,75,6
84,75,6
85,75,5
86,75,5
87,75,5
88,75,4
89,75,4
90,75,4
91,75,4
92,75,4
93,75,4
94,75,3
95,75,3
96,75,3
97,75,3
98,75,3
99,75,3
100,75,3
101,75,3
102,75,3
103,75,3
104,75,3
105,75,3
106,75,3
107,75,2
108,75,2
109,75,2
110,75,2
111,75,2
112,75,2
113,75,2
114,75,2
115,75,2
116,75,2
117,75,2
118,75,2
119,75,2
120,75,2
121,75,2
122,75,2
123,75,2
124,75,2
125,75,2
126,75,2
127,75,2
0,76,5
1,76,5
2,76,7
3,76,13
4,76,71
5,76,256
6,76,256
7,76,256
8,76,31
9,76,256
10,76,256
11,76,256
12,76,256
13,76,256
14,76,256
15,76,256
16,76,256
17,76,256
18,76,256
19,76,256
20,76,256
21,76,256
22,76,256
23,76,256
24,76,256
25,76,256
26,76,256
27,76,256
28,76,256
29,76,256
30,76,256
31,76,256
32,76,256
33,76,256
34,76,256
35,76,256
36,76,256
37,76,256
38,76,256
39,76,256
40,76,256
41,76,256
42,76,256
43,76,256
44,76,256
45,76,256
46,76,256
47,76,256
48,76,256
49,76,256
50,76,256
51,76,256
52,76,256
53,76,256
54,76,256
55,76,256
56,76,256
57,76,256
58,76,256
59,76,256
60,76,256
61,76,256
62,76,256
63,76,256
64,76,256
65,76,256
66,76,256
67,76,256
68,76,256
69,76,256
70,76,256
71,76,256
72,76,256
73,76,256
74,76,256
75,76,256
76,76,21
77,76,14
78,76,11
79,76,9
80,76,8
81,76,7
82,76,7
83,76,6
84,76,6
85,76,5
86,76,5
87,76,5
88,76,4
89,76,4
90,76,4
91,76,4
92,76,4
93,76,4
94,76,3
95,76,3
96,76,3
97,76,3
98,76,3
99,76,3
100,76,3
101,76,3
102,76,3
103,76,3
104,76,3
105,76,3
106,76,3
107,76,3
108,76,2
109,76,2
110,76,2
111,76,2
112,76,2
113,76,2
114,76,2
115,76,2
116,76,2
117,76,2
118,76,2
119,76,2
120,76,2
121,76,2
122,76,2
123,76,2
124,76,2
125,76,2
126,76,2
127,76,2
0,77,5
1,77,5
2,77,6
3,77,7
4,77,94
5,77,48
6,77,12
7,77,23
8,77,22
9,77,256
10,77,256
11,77,256
12,77,256
13,77,256
14,77,256
15,77,256
16,77,256
17,77,256
18,77,256
19,77,256
20,77,256
21,77,256
22,77,256
23,77,256
24,77,256
25,77,256
26,77,256
27,77,256
28,77,256
29,77,256
30,77,256
31,77,256
32,77,256
33,77,256
34,77,256
35,77,256
36,77,256
37,77,256
38,77,256
39,77,256
40,77,256
41,77,256
42,77,256
43,77,256
44,77,256
45,77,256
46,77,256
47,77,256
48,77,256
49,77,256
50,77,256
51,77,256
52,77,256
53,77,256
54,77,256
55,77,256
56,77,256
57,77,256
58,77,256
59,77,256
60,77,256
61,77,256
62,77,256
63,77,256
64,77,256
65,77,256
66,77,256
67,77,256
68,77,256
69,77,256
70,77,256
71,77,256
72,77,256
73,77,256
74,77,256
75,77,256
76,77,23
77,77,15
78,77,12
79,77,10
80,77,8
81,77,7
82,77,7
83,77,6
84,77,6
85,77,5
86,77,5
87,77,5
88,77,4
89,77,4
90,77,4
91,77,4
92,77,4
93,77,4
94,77,4
95,77,3
96,77,3
97,77,3
98,77,3
99,77,3
100,77,3
101,77,3
102,77,3
103,77,3
104,77,3
105,77,3
106,77,3
107,77,3
108,77,2
109,77,2
110,77,2
111,77,2
112,77,2
113,77,2
114,77,2
115,77,2
116,77,2
117,77,2
118,77,2
119,77,2
120,77,2
121,77,2
122,77,2
123,77,2
124,77,2
125,77,2
126,77,2
127,77,2
0,78,5
1,78,6
2,78,6
3,78,7
4,78,14
5,78,34
6,78,24
7,78,39
8,78,118
9,78,256
10,78,49
11,78,256
12,78,256
13,78,256
14,78,256
15,78,256
16,78,256
17,78,256
18,78,256
19,78,256
20,78,256
21,78,256
22,78,256
23,78,256
24,78,256
25,78,256
26,78,256
27,78,256
28,78,256
29,78,256
30,78,256
31,78,256
32,78,256
33,78,256
34,78,256
35,78,256
36,78,256
37,78,256
38,78,256
39,78,256
40,78,256
41,78,256
42,78,256
43,78,256
44,78,256
45,78,256
46,78,256
47,78,256
48,78,256
49,78,256
50,78,256
51,78,256
52,78,256
53,78,256
54,78,256
55,78,256
56,78,256
57,78,256
58,78,256
59,78,256
60,78,256
61,78,256
62,78,256
63,78,256
64,78,256
65,78,256
66,78,256
67,78,256
68,78,256
69,78,256
70,78,256
71,78,256
72,78,256
73,78,256
74,78,256
75,78,256
76,78,27
77,78,16
78,78,12
79,78,10
80,78,9
81,78,8
82,78,7
83,78,6
84,78,6
85,78,5
86,78,5
87,78,5
88,78,5
89,78,4
90,78,4
91,78,4
92,78,4
93,78,4
94,78,4
95,78,3
96,78,3
97,78,3
98,78,3
99,78,3
100,78,3
101,78,3
102,78,3
103,78,3
104,78,3
105,78,3
106,78,3
107,78,3
108,78,2
109,78,2
110,78,2
111,78,2
112,78,2
113,78,2
114,78,2
115,78,2
116,78,2
117,78,2
118,78,2
119,78,2
120,78,2
121,78,2
122,78,2
123,78,2
124,78,2
125,78,2
126,78,2
127,78,2
0,79,5
1,79,5
2,79,6
3,79,6
4,79,12
5,79,54
6,79,78
7,79,21
8,79,91
9,79,111
10,79,95
11,79,13
12,79,234
13,79,256
14,79,256
15,79,256
16,79,256
17,79,256
18,79,256
19,79,256
20,79,256
21,79,256
22,79,256
23,79,256
24,79,256
25,79,256
26,79,256
27,79,256
28,79,256
29,79,256
30,79,256
31,79,256
32,79,256
33,79,256
34,79,256
35,79,256
36,79,256
37,79,256
38,79,256
39,79,256
40,79,256
41,79,256
42,79,256
43,79,256
44,79,256
45,79,256
46,79,256
47,79,256
48,79,256
49,79,256
50,79,256
51,79,256
52,79,256
53,79,256
54,79,256
55,79,256
56,79,256
57,79,256
58,79,256
59,79,256
60,79,256
61,79,256
62,79,256
63,79,256
64,79,256
65,79,256
66,79,256
67,79,256
68,79,256
69,79,256
70,79,256
71,79,256
72,79,256
73,79,256
74,79,256
75,79,256
76,79,34
77,79,18
78,79,13
79,79,11
80,79,9
81,79,8
82,79,7
83,79,6
84,79,6
85,79,6
86,79,5
87,79,5
88,79,5
89,79,4
90,79,4
91,79,4
92,79,4
93,79,4
94,79,4
95,79,3
96,79,3
97,79,3
98,79,3
99,79,3
100,79,3
101,79,3
102,79,3
103,79,3
104,79,3
105,79,3
106,79,3
107,79,3
108,79,2
109,79,2
110,79,2
111,79,2
112,79,2
113,79,2
114,79,2
115,79,2
116,79,2
117,79,2
118,79,2
119,79,2
120,79,2
121,79,2
122,79,2
123,79,2
124,79,2
125,79,2
126,79,2
127,79,2
0,80,5
1,80,5
2,80,5
3,80,6
4,80,10
5,80,29
6,80,86
7,80,8
8,80,110
9,80,220
10,80,12
11,80,87
12,80,83
13,80,64
14,80,114
15,80,11
16,80,256
17,80,256
18,80,256
19,80,256
20,80,256
21,80,256
22,80,256
23,80,256
24,80,256
25,80,256
26,80,256
27,80,256
28,80,256
29,80,256
30,80,256
31,80,256
32,80,256
33,80,256
34,80,256
35,80,256
36,80,256
37,80,256
38,80,256
39,80,256
40,80,256
41,80,256
42,80,256
43,80,256
44,80,256
45,80,256
46,80,256
47,80,256
48,80,256
49,80,256
50,80,256
51,80,256
52,80,256
53,80,256
54,80,256
55,80,256
56,80,256
57,80,256
58,80,256
59,80,256
60,80,256
61,80,256
62,80,256
63,80,256
64,80,256
65,80,256
66,80,256
67,80,256
68,80,256
69,80,256
70,80,256
71,80,256
72,80,256
73,80,256
74,80,256
75,80,256
76,80,47
77,80,20
78,80,14
79,80,11
80,80,9
81,80,8
82,80,7
83,80,7
84,80,6
85,80,6
86,80,5
87,80,5
88,80,5
89,80,4
90,80,4
91,80,4
92,80,4
93,80,4
94,80,4
95,80,3
96,80,3
97,80,3
98,80,3
99,80,3
100,80,3
101,80,3
102,80,3
103,80,3
104,80,3
105,80,3
106,80,3
107,80,3
108,80,2
109,80,2
110,80,2
111,80,2
112,80,2
113,80,2
114,80,2
115,80,2
116,80,2
117,80,2
118,80,2
119,80,2
120,80,2
121,80,2
122,80,2
123,80,2
124,80,2
125,80,2
126,80,2
127,80,2
0,81,5
1,81,5
2,81,5
3,81,6
4,81,7
5,81,7
6,81,7
7,81,7
8,81,43
9,81,40
10,81,41
11,81,19
12,81,8
13,81,8
14,81,8
15,81,7
16,81,56
17,81,256
18,81,256
19,81,256
20,81,256
21,81,256
22,81,256
23,81,256
24,81,256
25,81,256
26,81,256
27,81,256
28,81,256
29,81,256
30,81,256
31,81,256
32,81,256
33,81,256
34,81,256
35,81,256
36,81,256
37,81,256
38,81,256
39,81,256
40,81,256
41,81,256
42,81,256
43,81,256
44,81,256
45,81,256
46,81,256
47,81,256
48,81,256
49,81,256
50,81,256
51,81,256
52,81,256
53,81,256
54,81,256
55,81,256
56,81,256
57,81,256
58,81,256
59,81,256
60,81,256
61,81,256
62,81,256
63,81,256
64,81,256
65,81,256
66,81,256
67,81,256
68,81,256
69,81,256
70,81,256
71,81,256
72,81,256
73,81,256
74,81,256
75,81,256
76,81,176
77,81,23
78,81,16
79,81,12
80,81,10
81,81,9
82,81,8
83,81,7
84,81,6
85,81,6
86,81,5
87,81,5
88,81,5
89,81,4
90,81,4
91,81,4
92,81,4
93,81,4
94,81,4
95,81,4
96,81,3
97,81,3
98,81,3
99,81,3
100,81,3
101,81,3
102,81,3
103,81,3
104,81,3
105,81,3
106,81,3
107,81,3
108,81,3
109,81,2
110,81,2
111,81,2
112,81,2
113,81,2
114,81,2
115,81,2
116,81,2
117,81,2
118,81,2
119,81,2
120,81,2
121,81,2
122,81,2
123,81,2
124,81,2
125,81,2
126,81,2
127,81,2
0,82,4
1,82,4
2,82,4
3,82,4
4,82,4
5,82,4
6,82,4
7,82,5
8,82,6
9,82,15
10,82,8
11,82,6
12,82,6
13,82,6
14,82,7
15,82,7
16,82,100
17,82,256
18,82,256
19,82,256
20,82,256
21,82,256
22,82,256
23,82,256
24,82,256
25,82,256
26,82,256
27,82,256
28,82,256
29,82,256
30,82,256
31,82,256
32,82,256
33,82,256
34,82,256
35,82,256
36,82,256
37,82,256
38,82,256
39,82,256
40,82,256
41,82,256
42,82,256
43,82,256
44,82,256
45,82,256
46,82,256
47,82,256
48,82,256
49,82,256
50,82,256
51,82,256
52,82,256
53,82,256
54,82,256
55,82,256
56,82,256
57,82,256
58,82,256
59,82,256
60,82,256
61,82,256
62,82,256
63,82,256
64,82,256
65,82,256
66,82,256
67,82,256
68,82,256
69,82,256
70,82,256
71,82,256
72,82,256
73,82,256
74,82,256
75,82,256
76,82,256
77,82,28
78,82,17
79,82,13
80,82,11
81,82,9
82,82,8
83,82,7
84,82,7
85,82,6
86,82,6
87,82,5
88,82,5
89,82,5
90,82,4
91,82,4
92,82,4
93,82,4
94,82,4
95,82,4
96,82,3
97,82,3
98,82,3
99,82,3
100,82,3
101,82,3
102,82,3
103,82,3
104,82,3
105,82,3
106,82,3
107,82,3
108,82,3
109,82,2
110,82,2
111,82,2
112,82,2
113,82,2
114,82,2
115,82,2
116,82,2
117,82,2
118,82,2
119,82,2
120,82,2
121,82,2
122,82,2
123,82,2
124,82,2
125,82,2
126,82,2
127,82,2
0,83,3
1,83,3
2,83,3
3,83,3
4,83,4
5,83,4
6,83,4
7,83,4
8,83,4
9,83,5
10,83,6
11,83,6
12,83,6
13,83,6
14,83,6
15,83,7
16,83,162
17,83,252
18,83,256
19,83,256
20,83,256
21,83,256
22,83,256
23,83,256
24,83,256
25,83,256
26,83,256
27,83,256
28,83,256
29,83,256
30,83,256
31,83,256
32,83,256
33,83,256
34,83,256
35,83,256
36,83,256
37,83,256
38,83,256
39,83,256
40,83,256
41,83,256
42,83,256
43,83,256
44,83,256
45,83,256
46,83,256
47,83,256
48,83,256
49,83,256
50,83,256
51,83,256
52,83,256
53,83,256
54,83,256
55,83,256
56,83,256
57,83,256
58,83,256
59,83,256
60,83,256
61,83,256
62,83,256
63,83,256
64,83,256
65,83,256
66,83,256
67,83,256
68,83,256
69,83,256
70,83,256
71,83,256
72,83,256
73,83,256
74,83,256
75,83,256
76,83,256
77,83,38
78,83,20
79,83,15
80,83,12
81,83,10
82,83,8
83,83,7
84,83,7
85,83,6
86,83,6
87,83,5
88,83,5
89,83,5
90,83,4
91,83,4
92,83,4
93,83,4
94,83,4
95,83,4
96,83,3
97,83,3
98,83,3
99,83,3
100,83,3
101,83,3
102,83,3
103,83,3
104,83,3
105,83,3
106,83,3
107,83,3
108,83,3
109,83,2
110,83,2
111,83,2
112,83,2
113,83,2
114,83,2
115,83,2
116,83,2
117,83,2
118,83,2
119,83,2
120,83,2
121,83,2
122,83,2
123,83,2
124,83,2
125,83,2
126,83,2
127,83,2
0,84,3
1,84,3
2,84,3
3,84,3
4,84,3
5,84,3
6,84,4
7,84,4
8,84,4
9,84,4
10,84,5
11,84,5
12,84,5
13,84,5
14,84,6
15,84,7
16,84,14
17,84,110
18,84,250
19,84,53
20,84,256
21,84,256
22,84,256
23,84,256
24,84,256
25,84,256
26,84,256
27,84,256
28,84,256
29,84,256
30,84,256
31,84,256
32,84,256
33,84,256
34,84,256
35,84,256
36,84,256
37,84,256
38,84,256
39,84,256
40,84,256
41,84,256
42,84,256
43,84,256
44,84,256
45,84,256
46,84,256
47,84,256
48,84,256
49,84,256
50,84,256
51,84,256
52,84,256
53,84,256
54,84,256
55,84,256
56,84,256
57,84,256
58,84,256
59,84,256
60,84,256
61,84,256
62,84,256
63,84,256
64,84,256
65,84,256
66,84,256
67,84,256
68,84,256
69,84,256
70,84,256
71,84,256
72,84,256
73,84,256
74,84,256
75,84,256
76,84,256
77,84,256
78,84,25
79,84,16
80,84,13
81,84,10
82,84,9
83,84,8
84,84,7
85,84,6
86,84,6
87,84,5
88,84,5
89,84,5
90,84,4
91,84,4
92,84,4
93,84,4
94,84,4
95,84,4
96,84,4
97,84,3
98,84,3
99,84,3
100,84,3
101,84,3
102,84,3
103,84,3
104,84,3
105,84,3
106,84,3
107,84,3
108,84,3
109,84,3
110,84,2
111,84,2
112,84,2
113,84,2
114,84,2
115,84,2
116,84,2
117,84,2
118,84,2
119,84,2
120,84,2
121,84,2
122,84,2
123,84,2
124,84,2
125,84,2
126,84,2
127,84,2
0,85,3
1,85,3
2,85,3
3,85,3
4,85,3
5,85,3
6,85,3
7,85,3
8,85,4
9,85,4
10,85,4
11,85,5
12,85,5
13,85,5
14,85,6
15,85,6
16,85,27
17,85,66
18,85,103
19,85,112
20,85,256
21,85,256
22,85,256
23,85,256
24,85,256
25,85,256
26,85,256
27,85,256
28,85,256
29,85,256
30,85,256
31,85,256
32,85,256
33,85,256
34,85,256
35,85,256
36,85,256
37,85,256
38,85,256
39,85,256
40,85,256
41,85,256
42,85,256
43,85,256
44,85,256
45,85,256
46,85,256
47,85,256
48,85,256
49,85,256
50,85,256
51,85,256
52,85,256
53,85,256
54,85,256
55,85,256
56,85,256
57,85,256
58,85,256
59,85,256
60,85,256
61,85,256
62,85,256
63,85,256
64,85,256
65,85,256
66,85,256
67,85,256
68,85,256
69,85,256
70,85,256
71,85,256
72,85,256
73,85,256
74,85,256
75,85,256
76,85,256
77,85,256
78,85,256
79,85,21
80,85,14
81,85,11
82,85,9
83,85,8
84,85,7
85,85,7
86,85,6
87,85,6
88,85,5
89,85,5
90,85,5
91,85,4
92,85,4
93,85,4
94,85,4
95,85,4
96,85,4
97,85,3
98,85,3
99,85,3
100,85,3
101,85,3
102,85,3
103,85,3
104,85,3
105,85,3
106,85,3
107,85,3
108,85,3
109,85,3
110,85,2
111,85,2
112,85,2
113,85,2
114,85,2
115,85,2
116,85,2
117,85,2
118,85,2
119,85,2
120,85,2
121,85,2
122,85,2
123,85,2
124,85,2
125,85,2
126,85,2
127,85,2
0,86,3
1,86,3
2,86,3
3,86,3
4,86,3
5,86,3
6,86,3
7,86,3
8,86,3
9,86,4
10,86,4
11,86,5
12,86,5
13,86,5
14,86,6
15,86,6
16,86,28
17,86,25
18,86,36
19,86,104
20,86,211
21,86,256
22,86,256
23,86,256
24,86,256
25,86,256
26,86,256
27,86,256
28,86,256
29,86,256
30,86,256
31,86,256
32,86,256
33,86,256
34,86,256
35,86,256
36,86,256
37,86,256
38,86,256
39,86,256
40,86,256
41,86,256
42,86,256
43,86,256
44,86,256
45,86,256
46,86,256
47,86,256
48,86,256
49,86,256
50,86,256
51,86,256
52,86,256
53,86,256
54,86,256
55,86,256
56,86,256
57,86,256
58,86,256
59,86,256
60,86,256
61,86,256
62,86,256
63,86,256
64,86,256
65,86,256
66,86,256
67,86,256
68,86,256
69,86,256
70,86,256
71,86,256
72,86,256
73,86,256
74,86,256
75,86,256
76,86,256
77,86,256
78,86,256
79,86,28
80,86,17
81,86,12
82,86,10
83,86,9
84,86,8
85,86,7
86,86,6
87,86,6
88,86,5
89,86,5
90,86,5
91,86,4
92,86,4
93,86,4
94,86,4
95,86,4
96,86,4
97,86,4
98,86,3
99,86,3
100,86,3
101,86,3
102,86,3
103,86,3
104,86,3
105,86,3
106,86,3
107,86,3
108,86,3
109,86,3
110,86,2
111,86,2
112,86,2
113,86,2
114,86,2
115,86,2
116,86,2
117,86,2
118,86,2
119,86,2
120,86,2
121,86,2
122,86,2
123,86,2
124,86,2
125,86,2
126,86,2
127,86,2
0,87,3
1,87,3
2,87,3
3,87,3
4,87,3
5,87,3
6,87,3
7,87,3
8,87,3
9,87,3
10,87,4
11,87,4
12,87,5
13,87,5
14,87,6
15,87,6
16,87,34
17,87,33
18,87,16
19,87,22
20,87,127
21,87,158
22,87,256
23,87,256
24,87,256
25,87,256
26,87,256
27,87,256
28,87,256
29,87,256
30,87,256
31,87,256
32,87,256
33,87,256
34,87,256
35,87,256
36,87,256
37,87,256
38,87,256
39,87,256
40,87,256
41,87,256
42,87,256
43,87,256
44,87,256
45,87,256
46,87,256
47,87,256
48,87,256
49,87,256
50,87,256
51,87,256
52,87,256
53,87,256
54,87,256
55,87,256
56,87,256
57,87,256
58,87,256
59,87,256
60,87,256
61,87,256
62,87,256
63,87,256
64,87,256
65,87,256
66,87,256
67,87,256
68,87,256
69,87,256
70,87,256
71,87,256
72,87,256
73,87,256
74,87,256
75,87,256
76,87,256
77,87,256
78,87,256
79,87,256
80,87,21
81,87,15
82,87,12
83,87,9
84,87,8
85,87,7
86,87,6
87,87,6
88,87,5
89,87,5
90,87,5
91,87,4
92,87,4
93,87,4
94,87,4
95,87,4
96,87,4
97,87,4
98,87,3
99,87,3
100,87,3
101,87,3
102,87,3
103,87,3
104,87,3
105,87,3
106,87,3
107,87,3
108,87,3
109,87,3
110,87,3
111,87,2
112,87,2
113,87,2
114,87,2
115,87,2
116,87,2
117,87,2
118,87,2
119,87,2
120,87,2
121,87,2
122,87,2
123,87,2
124,87,2
125,87,2
126,87,2
127,87,2
0,88,3
1,88,3
2,88,3
3,88,3
4,88,3
5,88,3
6,88,3
7,88,3
8,88,3
9,88,3
10,88,3
11,88,4
12,88,4
13,88,5
14,88,6
15,88,7
16,88,80
17,88,43
18,88,22
19,88,22
20,88,17
21,88,93
22,88,112
23,88,256
24,88,256
25,88,256
26,88,256
27,88,256
28,88,256
29,88,256
30,88,256
31,88,256
32,88,256
33,88,256
34,88,256
35,88,256
36,88,256
37,88,256
38,88,256
39,88,256
40,88,256
41,88,256
42,88,256
43,88,256
44,88,256
45,88,256
46,88,256
47,88,256
48,88,256
49,88,256
50,88,256
51,88,256
52,88,256
53,88,256
54,88,256
55,88,256
56,88,256
57,88,256
58,88,256
59,88,256
60,88,256
61,88,256
62,88,256
63,88,256
64,88,256
65,88,256
66,88,256
67,88,256
68,88,256
69,88,256
70,88,256
71,88,256
72,88,256
73,88,256
74,88,256
75,88,256
76,88,256
77,88,256
78,88,256
79,88,256
80,88,256
81,88,17
82,88,12
83,88,10
84,88,8
85,88,7
86,88,7
87,88,6
88,88,6
89,88,5
90,88,5
91,88,5
92,88,4
93,88,4
94,88,4
95,88,4
96,88,4
97,88,4
98,88,4
99,88,3
100,88,3
101,88,3
102,88,3
103,88,3
104,88,3
105,88,3
106,88,3
107,88,3
108,88,3
109,88,3
110,88,3
111,88,2
112,88,2
113,88,2
114,88,2
115,88,2
116,88,2
117,88,2
118,88,2
119,88,2
120,88,2
121,88,2
122,88,2
123,88,2
124,88,2
125,88,2
126,88,2
127,88,2
0,89,3
1,89,3
2,89,3
3,89,3
4,89,3
5,89,3
6,89,3
7,89,3
8,89,3
9,89,3
10,89,3
11,89,3
12,89,4
13,89,4
14,89,5
15,89,7
16,89,11
17,89,30
18,89,11
19,89,114
20,89,66
21,89,37
22,89,73
23,89,251
24,89,256
25,89,33
26,89,256
27,89,256
28,89,256
29,89,256
30,89,256
31,89,256
32,89,256
33,89,256
34,89,256
35,89,256
36,89,256
37,89,256
38,89,256
39,89,256
40,89,256
41,89,256
42,89,256
43,89,256
44,89,256
45,89,256
46,89,256
47,89,256
48,89,256
49,89,256
50,89,256
51,89,256
52,89,256
53,89,256
54,89,256
55,89,256
56,89,256
57,89,256
58,89,256
59,89,256
60,89,256
61,89,256
62,89,256
63,89,256
64,89,256
65,89,256
66,89,256
67,89,256
68,89,256
69,89,256
70,89,256
71,89,256
72,89,256
73,89,256
74,89,256
75,89,256
76,89,256
77,89,256
78,89,256
79,89,256
80,89,256
81,89,26
82,89,14
83,89,11
84,89,9
85,89,8
86,89,7
87,89,6
88,89,6
89,89,5
90,89,5
91,89,5
92,89,4
93,89,4
94,89,4
95,89,4
96,89,4
97,89,4
98,89,4
99,89,3
100,89,3
101,89,3
102,89,3
103,89,3
104,89,3
105,89,3
106,89,3
107,89,3
108,89,3
109,89,3
110,89,3
111,89,2
112,89,2
113,89,2
114,89,2
115,89,2
116,89,2
117,89,2
118,89,2
119,89,2
120,89,2
121,89,2
122,89,2
123,89,2
124,89,2
125,89,2
126,89,2
127,89,2
0,90,3
1,90,3
2,90,3
3,90,3
4,90,3
5,90,3
6,90,3
7,90,3
8,90,3
9,90,3
10,90,3
11,90,3
12,90,3
13,90,4
14,90,4
15,90,5
16,90,14
17,90,41
18,90,44
19,90,87
20,90,31
21,90,169
22,90,50
23,90,80
24,90,256
25,90,256
26,90,55
27,90,32
28,90,256
29,90,256
30,90,256
31,90,256
32,90,256
33,90,256
34,90,256
35,90,256
36,90,256
37,90,256
38,90,256
39,90,256
40,90,256
41,90,256
42,90,256
43,90,256
44,90,256
45,90,256
46,90,256
47,90,256
48,90,256
49,90,256
50,90,256
51,90,256
52,90,256
53,90,256
54,90,256
55,90,256
56,90,256
57,90,256
58,90,256
59,90,256
60,90,256
61,90,256
62,90,256
63,90,256
64,90,256
65,90,256
66,90,256
67,90,256
68,90,256
69,90,256
70,90,256
71,90,256
72,90,256
73,90,256
74,90,256
75,90,256
76,90,256
77,90,256
78,90,256
79,90,256
80,90,256
81,90,256
82,90,19
83,90,13
84,90,10
85,90,8
86,90,7
87,90,7
88,90,6
89,90,5
90,90,5
91,90,5
92,90,5
93,90,4
94,90,4
95,90,4
96,90,4
97,90,4
98,90,4
99,90,4
100,90,3
101,90,3
102,90,3
103,90,3
104,90,3
105,90,3
106,90,3
107,90,3
108,90,3
109,90,3
110,90,3
111,90,3
112,90,2
113,90,2
114,90,2
115,90,2
116,90,2
117,90,2
118,90,2
119,90,2
120,90,2
121,90,2
122,90,2
123,90,2
124,90,2
125,90,2
126,90,2
127,90,2
0,91,3
1,91,3
2,91,3
3,91,3
4,91,3
5,91,3
6,91,3
7,91,3
8,91,3
9,91,3
10,91,3
11,91,3
12,91,3
13,91,4
14,91,4
15,91,5
16,91,7
17,91,99
18,91,65
19,91,24
20,91,25
21,91,85
22,91,28
23,91,103
24,91,10
25,91,15
26,91,256
27,91,256
28,91,145
29,91,256
30,91,223
31,91,219
32,91,256
33,91,256
34,91,256
35,91,256
36,91,256
37,91,256
38,91,256
39,91,256
40,91,256
41,91,256
42,91,256
43,91,256
44,91,256
45,91,256
46,91,256
47,91,256
48,91,256
49,91,256
50,91,256
51,91,256
52,91,256
53,91,256
54,91,256
55,91,256
56,91,256
57,91,256
58,91,256
59,91,256
60,91,256
61,91,256
62,91,256
63,91,256
64,91,256
65,91,256
66,91,256
67,91,256
68,91,256
69,91,256
70,91,256
71,91,256
72,91,256
73,91,256
74,91,256
75,91,256
76,91,256
77,91,256
78,91,256
79,91,256
80,91,256
81,91,256
82,91,32
83,91,16
84,91,11
85,91,9
86,91,8
87,91,7
88,91,6
89,91,6
90,91,5
91,91,5
92,91,5
93,91,4
94,91,4
95,91,4
96,91,4
97,91,4
98,91,4
99,91,4
100,91,3
101,91,3
102,91,3
103,91,3
104,91,3
105,91,3
106,91,3
107,91,3
108,91,3
109,91,3
110,91,3
111,91,3
112,91,2
113,91,2
114,91,2
115,91,2
116,91,2
117,91,2
118,91,2
119,91,2
120,91,2
121,91,2
122,91,2
123,91,2
124,91,2
125,91,2
126,91,2
127,91,2
0,92,3
1,92,3
2,92,3
3,92,3
4,92,3
5,92,3
6,92,3
7,92,3
8,92,3
9,92,3
10,92,3
11,92,3
12,92,3
13,92,3
14,92,4
15,92,4
16,92,5
17,92,25
18,92,34
19,92,55
20,92,54
21,92,29
22,92,30
23,92,77
24,92,18
25,92,11
26,92,109
27,92,256
28,92,256
29,92,125
30,92,256
31,92,256
32,92,256
33,92,256
34,92,256
35,92,256
36,92,256
37,92,256
38,92,256
39,92,256
40,92,256
41,92,256
42,92,256
43,92,256
44,92,256
45,92,256
46,92,256
47,92,256
48,92,256
49,92,256
50,92,256
51,92,256
52,92,256
53,92,256
54,92,256
55,92,256
56,92,256
57,92,256
58,92,256
59,92,256
60,92,256
61,92,256
62,92,256
63,92,256
64,92,256
65,92,256
66,92,256
67,92,256
68,92,256
69,92,256
70,92,256
71,92,256
72,92,256
73,92,256
74,92,256
75,92,256
76,92,256
77,92,256
78,92,256
79,92,256
80,92,256
81,92,256
82,92,256
83,92,20
84,92,13
85,92,10
86,92,8
87,92,7
88,92,6
89,92,6
90,92,5
91,92,5
92,92,5
93,92,5
94,92,4
95,92,4
96,92,4
97,92,4
98,92,4
99,92,4
100,92,4
101,92,3
102,92,3
103,92,3
104,92,3
105,92,3
106,92,3
107,92,3
108,92,3
109,92,3
110,92,3
111,92,3
112,92,2
113,92,2
114,92,2
115,92,2
116,92,2
117,92,2
118,92,2
119,92,2
120,92,2
121,92,2
122,92,2
123,92,2
124,92,2
125,92,2
126,92,2
127,92,2
0,93,3
1,93,3
2,93,3
3,93,3
4,93,3
5,93,3
6,93,3
7,93,3
8,93,3
9,93,3
10,93,3
11,93,3
12,93,3
13,93,3
14,93,4
15,93,4
16,93,5
17,93,7
18,93,13
19,93,62
20,93,20
21,93,237
22,93,16
23,93,26
24,93,9
25,93,64
26,93,35
27,93,161
28,93,139
29,93,256
30,93,256
31,93,95
32,93,72
33,93,256
34,93,256
35,93,256
36,93,256
37,93,256
38,93,256
39,93,256
40,93,256
41,93,256
42,93,256
43,93,256
44,93,256
45,93,256
46,93,256
47,93,256
48,93,256
49,93,256
50,93,256
51,93,256
52,93,256
53,93,256
54,93,256
55,93,256
56,93,256
57,93,256
58,93,256
59,93,256
60,93,256
61,93,256
62,93,256
63,93,256
64,93,256
65,93,256
66,93,256
67,93,256
68,93,256
69,93,256
70,93,256
71,93,256
72,93,256
73,93,256
74,93,256
75,93,256
76,93,256
77,93,256
78,93,256
79,93,256
80,93,256
81,93,256
82,93,256
83,93,42
84,93,15
85,93,11
86,93,9
87,93,8
88,93,7
89,93,6
90,93,6
91,93,5
92,93,5
93,93,5
94,93,4
95,93,4
96,93,4
97,93,4
98,93,4
99,93,4
100,93,4
101,93,3
102,93,3
103,93,3
104,93,3
105,93,3
106,93,3
107,93,3
108,93,3
109,93,3
110,93,3
111,93,3
112,93,3
113,93,2
114,93,2
115,93,2
116,93,2
117,93,2
118,93,2
119,93,2
120,93,2
121,93,2
122,93,2
123,93,2
124,93,2
125,93,2
126,93,2
127,93,2
0,94,3
1,94,3
2,94,3
3,94,3
4,94,3
5,94,3
6,94,3
7,94,3
8,94,3
9,94,3
10,94,3
11,94,3
12,94,3
13,94,3
14,94,4
15,94,4
16,94,4
17,94,6
18,94,6
19,94,13
20,94,44
21,94,41
22,94,30
23,94,69
24,94,8
25,94,74
26,94,55
27,94,62
28,94,61
29,94,62
30,94,49
31,94,73
32,94,183
33,94,127
34,94,256
35,94,103
36,94,137
37,94,168
38,94,256
39,94,256
40,94,256
41,94,256
42,94,256
43,94,256
44,94,256
45,94,256
46,94,256
47,94,256
48,94,256
49,94,256
50,94,256
51,94,256
52,94,256
53,94,256
54,94,256
55,94,256
56,94,256
57,94,256
58,94,256
59,94,256
60,94,256
61,94,256
62,94,256
63,94,256
64,94,256
65,94,256
66,94,256
67,94,256
68,94,256
69,94,256
70,94,256
71,94,256
72,94,256
73,94,256
74,94,256
75,94,256
76,94,256
77,94,256
78,94,256
79,94,256
80,94,256
81,94,256
82,94,256
83,94,256
84,94,21
85,94,13
86,94,10
87,94,8
88,94,7
89,94,6
90,94,6
91,94,5
92,94,5
93,94,5
94,94,5
95,94,4
96,94,4
97,94,4
98,94,4
99,94,4
100,94,4
101,94,4
102,94,3
103,94,3
104,94,3
105,94,3
106,94,3
107,94,3
108,94,3
109,94,3
110,94,3
111,94,3
112,94,3
113,94,2
114,94,2
115,94,2
116,94,2
117,94,2
118,94,2
119,94,2
120,94,2
121,94,2
122,94,2
123,94,2
124,94,2
125,94,2
126,94,2
127,94,2
0,95,3
1,95,3
2,95,3
3,95,3
4,95,3
5,95,3
6,95,3
7,95,3
8,95,3
9,95,3
10,95,3
11,95,3
12,95,3
13,95,3
14,95,3
15,95,4
16,95,4
17,95,6
18,95,16
19,95,9
20,95,48
21,95,13
22,95,22
23,95,61
24,95,7
25,95,114
26,95,29
27,95,21
28,95,82
29,95,69
30,95,29
31,95,137
32,95,73
33,95,256
34,95,43
35,95,26
36,95,111
37,95,256
38,95,211
39,95,256
40,95,256
41,95,256
42,95,256
43,95,256
44,95,256
45,95,256
46,95,256
47,95,256
48,95,256
49,95,256
50,95,256
51,95,256
52,95,256
53,95,256
54,95,256
55,95,256
56,95,256
57,95,256
58,95,256
59,95,256
60,95,256
61,95,256
62,95,256
63,95,256
64,95,256
65,95,256
66,95,256
67,95,256
68,95,256
69,95,256
70,95,256
71,95,256
72,95,256
73,95,256
74,95,256
75,95,256
76,95,256
77,95,256
78,95,256
79,95,256
80,95,256
81,95,256
82,95,256
83,95,256
84,95,50
85,95,16
86,95,11
87,95,9
88,95,8
89,95,7
90,95,6
91,95,6
92,95,5
93,95,5
94,95,5
95,95,4
96,95,4
97,95,4
98,95,4
99,95,4
100,95,4
101,95,4
102,95,4
103,95,3
104,95,3
105,95,3
106,95,3
107,95,3
108,95,3
109,95,3
110,95,3
111,95,3
112,95,3
113,95,3
114,95,2
115,95,2
116,95,2
117,95,2
118,95,2
119,95,2
120,95,2
121,95,2
122,95,2
123,95,2
124,95,2
125,95,2
126,95,2
127,95,2
0,96,3
1,96,3
2,96,3
3,96,3
4,96,3
5,96,3
6,96,3
7,96,3
8,96,3
9,96,3
10,96,3
11,96,3
12,96,3
13,96,3
14,96,3
15,96,4
16,96,4
17,96,5
18,96,14
19,96,32
20,96,23
21,96,36
22,96,38
23,96,11
24,96,7
25,96,25
26,96,119
27,96,32
28,96,74
29,96,51
30,96,11
31,96,256
32,96,146
33,96,192
34,96,241
35,96,95
36,96,86
37,96,19
38,96,256
39,96,256
40,96,256
41,96,256
42,96,256
43,96,256
44,96,256
45,96,256
46,96,256
47,96,256
48,96,256
49,96,256
50,96,256
51,96,256
52,96,256
53,96,256
54,96,256
55,96,256
56,96,256
57,96,256
58,96,256
59,96,256
60,96,256
61,96,256
62,96,256
63,96,256
64,96,256
65,96,256
66,96,256
67,96,256
68,96,256
69,96,256
70,96,256
71,96,256
72,96,256
73,96,256
74,96,256
75,96,256
76,96,256
77,96,256
78,96,256
79,96,256
80,96,256
81,96,256
82,96,256
83,96,256
84,96,256
85,96,22
86,96,13
87,96,10
88,96,8
89,96,7
90,96,6
91,96,6
92,96,5
93,96,5
94,96,5
95,96,5
96,96,4
97,96,4
98,96,4
99,96,4
100,96,4
101,96,4
102,96,4
103,96,4
104,96,3
105,96,3
106,96,3
107,96,3
108,96,3
109,96,3
110,96,3
111,96,3
112,96,3
113,96,3
114,96,2
115,96,2
116,96,2
117,96,2
118,96,2
119,96,2
120,96,2
121,96,2
122,96,2
123,96,2
124,96,2
125,96,2
126,96,2
127,96,2
0,97,3
1,97,3
2,97,3
3,97,3
4,97,3
5,97,3
6,97,3
7,97,3
8,97,3
9,97,3
10,97,3
11,97,3
12,97,3
13,97,3
14,97,3
15,97,4
16,97,4
17,97,5
18,97,14
19,97,10
20,97,48
21,97,53
22,97,14
23,97,10
24,97,9
25,97,18
26,97,41
27,97,178
28,97,20
29,97,64
30,97,93
31,97,91
32,97,117
33,97,45
34,97,20
35,97,199
36,97,39
37,97,48
38,97,164
39,97,256
40,97,177
41,97,115
42,97,191
43,97,256
44,97,256
45,97,256
46,97,256
47,97,256
48,97,256
49,97,256
50,97,256
51,97,256
52,97,256
53,97,256
54,97,256
55,97,256
56,97,256
57,97,256
58,97,256
59,97,256
60,97,256
61,97,256
62,97,256
63,97,256
64,97,256
65,97,256
66,97,256
67,97,256
68,97,256
69,97,256
70,97,256
71,97,256
72,97,256
73,97,256
74,97,256
75,97,256
76,97,256
77,97,256
78,97,256
79,97,256
80,97,256
81,97,256
82,97,256
83,97,256
84,97,256
85,97,77
86,97,16
87,97,11
88,97,9
89,97,8
90,97,7
91,97,6
92,97,6
93,97,5
94,97,5
95,97,5
96,97,5
97,97,4
98,97,4
99,97,4
100,97,4
101,97,4
102,97,4
103,97,4
104,97,4
105,97,3
106,97,3
107,97,3
108,97,3
109,97,3
110,97,3
111,97,3
112,97,3
113,97,3
114,97,3
115,97,2
116,97,2
117,97,2
118,97,2
119,97,2
120,97,2
121,97,2
122,97,2
123,97,2
124,97,2
125,97,2
126,97,2
127,97,2
0,98,3
1,98,3
2,98,3
3,98,3
4,98,3
5,98,3
6,98,3
7,98,3
8,98,3
9,98,3
10,98,3
11,98,3
12,98,3
13,98,3
14,98,3
15,98,3
16,98,4
17,98,5
18,98,22
19,98,8
20,98,14
21,98,32
22,98,20
23,98,10
24,98,18
25,98,29
26,98,34
27,98,25
28,98,33
29,98,61
30,98,25
31,98,87
32,98,181
33,98,37
34,98,69
35,98,76
36,98,60
37,98,186
38,98,51
39,98,256
40,98,140
41,98,137
42,98,256
43,98,256
44,98,256
45,98,256
46,98,256
47,98,256
48,98,256
49,98,256
50,98,256
51,98,256
52,98,256
53,98,256
54,98,256
55,98,256
56,98,256
57,98,256
58,98,256
59,98,256
60,98,256
61,98,256
62,98,256
63,98,256
64,98,256
65,98,256
66,98,256
67,98,256
68,98,256
69,98,256
70,98,256
71,98,256
72,98,256
73,98,256
74,98,256
75,98,256
76,98,256
77,98,256
78,98,256
79,98,256
80,98,256
81,98,256
82,98,256
83,98,256
84,98,256
85,98,256
86,98,24
87,98,13
88,98,10
89,98,8
90,98,7
91,98,6
92,98,6
93,98,5
94,98,5
95,98,5
96,98,5
97,98,4
98,98,4
99,98,4
100,98,4
101,98,4
102,98,4
103,98,4
104,98,4
105,98,4
106,98,3
107,98,3
108,98,3
109,98,3
110,98,3
111,98,3
112,98,3
113,98,3
114,98,3
115,98,2
116,98,2
117,98,2
118,98,2
119,98,2
120,98,2
121,98,2
122,98,2
123,98,2
124,98,2
125,98,2
126,98,2
127,98,2
0,99,3
1,99,3
2,99,3
3,99,3
4,99,3
5,99,3
6,99,3
7,99,3
8,99,3
9,99,3
10,99,3
11,99,3
12,99,3
13,99,3
14,99,3
15,99,3
16,99,4
17,99,5
18,99,57
19,99,8
20,99,37
21,99,47
22,99,12
23,99,15
24,99,15
25,99,34
26,99,21
27,99,9
28,99,11
29,99,13
30,99,29
31,99,40
32,99,256
33,99,54
34,99,43
35,99,27
36,99,62
37,99,82
38,99,126
39,99,256
40,99,107
41,99,17
42,99,48
43,99,256
44,99,256
45,99,256
46,99,256
47,99,256
48,99,256
49,99,256
50,99,256
51,99,256
52,99,256
53,99,256
54,99,256
55,99,256
56,99,256
57,99,256
58,99,256
59,99,256
60,99,256
61,99,256
62,99,256
63,99,256
64,99,256
65,99,256
66,99,256
67,99,256
68,99,256
69,99,256
70,99,256
71,99,256
72,99,256
73,99,256
74,99,256
75,99,256
76,99,256
77,99,256
78,99,256
79,99,256
80,99,256
81,99,256
82,99,256
83,99,256
84,99,256
85,99,256
86,99,256
87,99,17
88,99,12
89,99,9
90,99,8
91,99,7
92,99,6
93,99,6
94,99,5
95,99,5
96,99,5
97,99,5
98,99,4
99,99,4
100,99,4
101,99,4
102,99,4
103,99,4
104,99,4
105,99,4
106,99,3
107,99,3
108,99,3
109,99,3
110,99,3
111,99,3
112,99,3
113,99,3
114,99,3
115,99,3
116,99,2
117,99,2
118,99,2
119,99,2
120,99,2
121,99,2
122,99,2
123,99,2
124,99,2
125,99,2
126,99,2
127,99,2
0,100,3
1,100,3
2,100,3
3,100,3
4,100,3
5,100,3
6,100,3
7,100,3
8,100,3
9,100,3
10,100,3
11,100,3
12,100,3
13,100,3
14,100,3
15,100,3
16,100,4
17,100,6
18,100,11
19,100,20
20,100,18
21,100,34
22,100,256
23,100,14
24,100,16
25,100,42
26,100,16
27,100,11
28,100,11
29,100,19
30,100,118
31,100,88
32,100,34
33,100,105
34,100,47
35,100,47
36,100,104
37,100,37
38,100,243
39,100,178
40,100,39
41,100,256
42,100,63
43,100,211
44,100,256
45,100,256
46,100,256
47,100,256
48,100,256
49,100,256
50,100,256
51,100,256
52,100,256
53,100,256
54,100,256
55,100,256
56,100,256
57,100,256
58,100,256
59,100,256
60,100,256
61,100,256
62,100,256
63,100,256
64,100,256
65,100,256
66,100,256
67,100,256
68,100,256
69,100,256
70,100,256
71,100,256
72,100,256
73,100,256
74,100,256
75,100,256
76,100,256
77,100,256
78,100,256
79,100,256
80,100,256
81,100,256
82,100,256
83,100,256
84,100,256
85,100,256
86,100,256
87,100,30
88,100,14
89,100,10
90,100,9
91,100,8
92,100,7
93,100,6
94,100,5
95,100,5
96,100,5
97,100,5
98,100,5
99,100,4
100,100,4
101,100,4
102,100,4
103,100,4
104,100,4
105,100,4
106,100,4
107,100,4
108,100,3
109,100,3
110,100,3
111,100,3
112,100,3
113,100,3
114,100,3
115,100,3
116,100,2
117,100,2
118,100,2
119,100,2
120,100,2
121,100,2
122,100,2
123,100,2
124,100,2
125,100,2
126,100,2
127,100,2
0,101,3
1,101,3
2,101,3
3,101,3
4,101,3
5,101,3
6,101,3
7,101,3
8,101,3
9,101,3
10,101,3
11,101,3
12,101,3
13,101,3
14,101,3
15,101,3
16,101,4
17,101,5
18,101,6
19,101,13
20,101,27
21,101,48
22,101,32
23,101,32
24,101,83
25,101,14
26,101,17
27,101,70
28,101,55
29,101,83
30,101,256
31,101,256
32,101,256
33,101,256
34,101,16
35,101,12
36,101,35
37,101,41
38,101,14
39,101,47
40,101,41
41,101,56
42,101,72
43,101,94
44,101,10
45,101,40
46,101,163
47,101,14
48,101,172
49,101,256
50,101,48
51,101,256
52,101,256
53,101,256
54,101,256
55,101,256
56,101,256
57,101,256
58,101,256
59,101,256
60,101,256
61,101,256
62,101,256
63,101,256
64,101,256
65,101,256
66,101,256
67,101,256
68,101,256
69,101,256
70,101,256
71,101,256
72,101,256
73,101,256
74,101,256
75,101,256
76,101,256
77,101,256
78,101,256
79,101,256
80,101,256
81,101,256
82,101,256
83,101,256
84,101,256
85,101,256
86,101,256
87,101,256
88,101,21
89,101,13
90,101,10
91,101,9
92,101,8
93,101,6
94,101,6
95,101,5
96,101,5
97,101,5
98,101,5
99,101,5
100,101,4
101,101,4
102,101,4
103,101,4
104,101,4
105,101,4
106,101,4
107,101,4
108,101,4
109,101,3
110,101,3
111,101,3
112,101,3
113,101,3
114,101,3
115,101,3
116,101,3
117,101,2
118,101,2
119,101,2
120,101,2
121,101,2
122,101,2
123,101,2
124,101,2
125,101,2
126,101,2
127,101,2
0,102,3
1,102,3
2,102,3
3,102,3
4,102,3
5,102,3
6,102,3
7,102,3
8,102,3
9,102,3
10,102,3
11,102,3
12,102,3
13,102,3
14,102,3
15,102,3
16,102,4
17,102,5
18,102,6
19,102,14
20,102,29
21,102,7
22,102,11
23,102,17
24,102,15
25,102,13
26,102,23
27,102,41
28,102,90
29,102,55
30,102,256
31,102,256
32,102,256
33,102,88
34,102,22
35,102,9
36,102,29
37,102,43
38,102,35
39,102,60
40,102,44
41,102,10
42,102,117
43,102,221
44,102,82
45,102,91
46,102,156
47,102,237
48,102,256
49,102,256
50,102,256
51,102,256
52,102,141
53,102,247
54,102,256
55,102,256
56,102,256
57,102,256
58,102,256
59,102,256
60,102,256
61,102,256
62,102,256
63,102,256
64,102,256
65,102,256
66,102,256
67,102,256
68,102,256
69,102,256
70,102,256
71,102,256
72,102,256
73,102,256
74,102,256
75,102,256
76,102,256
77,102,256
78,102,256
79,102,256
80,102,256
81,102,256
82,102,256
83,102,256
84,102,256
85,102,256
86,102,256
87,102,256
88,102,76
89,102,18
90,102,13
91,102,10
92,102,10
93,102,7
94,102,6
95,102,6
96,102,5
97,102,5
98,102,5
99,102,5
100,102,5
101,102,4
102,102,4
103,102,4
104,102,4
105,102,4
106,102,4
107,102,4
108,102,4
109,102,3
110,102,3
111,102,3
112,102,3
113,102,3
114,102,3
115,102,3
116,102,3
117,102,2
118,102,2
119,102,2
120,102,2
121,102,2
122,102,2
123,102,2
124,102,2
125,102,2
126,102,2
127,102,2
0,103,3
1,103,3
2,103,3
3,103,3
4,103,3
5,103,3
6,103,3
7,103,3
8,103,3
9,103,3
10,103,3
11,103,3
12,103,3
13,103,3
14,103,3
15,103,3
16,103,4
17,103,5
18,103,5
19,103,5
20,103,6
21,103,9
22,103,17
23,103,11
24,103,12
25,103,49
26,103,21
27,103,12
28,103,31
29,103,26
30,103,27
31,103,256
32,103,43
33,103,19
34,103,55
35,103,16
36,103,165
37,103,138
38,103,18
39,103,19
40,103,60
41,103,35
42,103,75
43,103,12
44,103,165
45,103,26
46,103,98
47,103,84
48,103,120
49,103,86
50,103,256
51,103,256
52,103,256
53,103,133
54,103,256
55,103,256
56,103,256
57,103,256
58,103,256
59,103,256
60,103,256
61,103,256
62,103,256
63,103,256
64,103,256
65,103,256
66,103,256
67,103,256
68,103,256
69,103,256
70,103,256
71,103,256
72,103,256
73,103,256
74,103,256
75,103,256
76,103,256
77,103,256
78,103,256
79,103,256
80,103,256
81,103,256
82,103,256
83,103,256
84,103,256
85,103,256
86,103,256
87,103,256
88,103,256
89,103,34
90,103,15
91,103,11
92,103,12
93,103,11
94,103,7
95,103,6
96,103,6
97,103,5
98,103,5
99,103,5
100,103,5
101,103,5
102,103,5
103,103,5
104,103,5
105,103,5
106,103,4
107,103,4
108,103,4
109,103,4
110,103,3
111,103,3
112,103,3
113,103,3
114,103,3
115,103,3
116,103,3
117,103,3
118,103,2
119,103,2
120,103,2
121,103,2
122,103,2
123,103,2
124,103,2
125,103,2
126,103,2
127,103,2
0,104,3
1,104,3
2,104,3
3,104,3
4,104,3
5,104,3
6,104,3
7,104,3
8,104,3
9,104,3
10,104,3
11,104,3
12,104,3
13,104,3
14,104,3
15,104,3
16,104,4
17,104,4
18,104,5
19,104,5
20,104,5
21,104,11
22,104,25
23,104,29
24,104,8
25,104,36
26,104,27
27,104,24
28,104,10
29,104,43
30,104,15
31,104,169
32,104,12
33,104,54
34,104,14
35,104,46
36,104,54
37,104,59
38,104,129
39,104,52
40,104,30
41,104,53
42,104,67
43,104,142
44,104,44
45,104,40
46,104,256
47,104,137
48,104,41
49,104,22
50,104,61
51,104,114
52,104,17
53,104,187
54,104,256
55,104,256
56,104,256
57,104,256
58,104,256
59,104,256
60,104,256
61,104,256
62,104,256
63,104,256
64,104,256
65,104,256
66,104,256
67,104,256
68,104,256
69,104,256
70,104,256
71,104,256
72,104,256
73,104,256
74,104,256
75,104,256
76,104,256
77,104,256
78,104,256
79,104,256
80,104,256
81,104,256
82,104,256
83,104,256
84,104,256
85,104,256
86,104,256
87,104,256
88,104,256
89,104,256
90,104,24
91,104,15
92,104,11
93,104,11
94,104,8
95,104,6
96,104,6
97,104,5
98,104,5
99,104,5
100,104,5
101,104,5
102,104,5
103,104,5
104,104,5
105,104,5
106,104,5
107,104,4
108,104,4
109,104,4
110,104,3
111,104,3
112,104,3
113,104,3
114,104,3
115,104,3
116,104,3
117,104,3
118,104,2
119,104,2
120,104,2
121,104,2
122,104,2
123,104,2
124,104,2
125,104,2
126,104,2
127,104,2
0,105,3
1,105,3
2,105,3
3,105,3
4,105,3
5,105,3
6,105,3
7,105,3
8,105,3
9,105,3
10,105,3
11,105,3
12,105,3
13,105,3
14,105,3
15,105,3
16,105,4
17,105,4
18,105,4
19,105,5
20,105,5
21,105,10
22,105,32
23,105,9
24,105,52
25,105,35
26,105,11
27,105,9
28,105,9
29,105,43
30,105,16
31,105,34
32,105,36
33,105,9
34,105,16
35,105,34
36,105,47
37,105,12
38,105,25
39,105,31
40,105,79
41,105,47
42,105,112
43,105,45
44,105,113
45,105,29
46,105,31
47,105,42
48,105,73
49,105,81
50,105,18
51,105,100
52,105,52
53,105,20
54,105,256
55,105,111
56,105,227
57,105,256
58,105,256
59,105,256
60,105,256
61,105,256
62,105,256
63,105,256
64,105,256
65,105,256
66,105,256
67,105,256
68,105,256
69,105,256
70,105,256
71,105,256
72,105,256
73,105,256
74,105,256
75,105,256
76,105,256
77,105,256
78,105,256
79,105,256
80,105,256
81,105,256
82,105,256
83,105,256
84,105,256
85,105,256
86,105,256
87,105,256
88,105,256
89,105,256
90,105,256
91,105,22
92,105,13
93,105,11
94,105,9
95,105,7
96,105,6
97,105,6
98,105,6
99,105,5
100,105,5
101,105,5
102,105,5
103,105,5
104,105,5
105,105,5
106,105,5
107,105,4
108,105,4
109,105,4
110,105,3
111,105,3
112,105,3
113,105,3
114,105,3
115,105,3
116,105,3
117,105,3
118,105,3
119,105,2
120,105,2
121,105,2
122,105,2
123,105,2
124,105,2
125,105,2
126,105,2
127,105,2
0,106,2
1,106,3
2,106,3
3,106,3
4,106,3
5,106,3
6,106,3
7,106,3
8,106,3
9,106,3
10,106,3
11,106,3
12,106,3
13,106,3
14,106,3
15,106,3
16,106,4
17,106,4
18,106,4
19,106,4
20,106,5
21,106,7
22,106,8
23,106,16
24,106,45
25,106,9
26,106,34
27,106,6
28,106,6
29,106,15
30,106,25
31,106,9
32,106,25
33,106,12
34,106,14
35,106,62
36,106,14
37,106,64
38,106,41
39,106,57
40,106,41
41,106,17
42,106,7
43,106,7
44,106,161
45,106,49
46,106,43
47,106,8
48,106,227
49,106,44
50,106,99
51,106,136
52,106,11
53,106,109
54,106,38
55,106,256
56,106,97
57,106,192
58,106,256
59,106,22
60,106,31
61,106,256
62,106,256
63,106,256
64,106,256
65,106,256
66,106,256
67,106,256
68,106,256
69,106,256
70,106,256
71,106,256
72,106,256
73,106,256
74,106,256
75,106,256
76,106,256
77,106,256
78,106,256
79,106,256
80,106,256
81,106,256
82,106,256
83,106,256
84,106,256
85,106,256
86,106,256
87,106,256
88,106,256
89,106,256
90,106,256
91,106,256
92,106,25
93,106,12
94,106,10
95,106,8
96,106,7
97,106,6
98,106,6
99,106,6
100,106,6
101,106,6
102,106,5
103,106,5
104,106,5
105,106,5
106,106,8
107,106,6
108,106,4
109,106,4
110,106,3
111,106,3
112,106,3
113,106,3
114,106,3
115,106,3
116,106,3
117,106,3
118,106,3
119,106,2
120,106,2
121,106,2
122,106,2
123,106,2
124,106,2
125,106,2
126,106,2
127,106,2
0,107,2
1,107,2
2,107,3
3,107,3
4,107,3
5,107,3
6,107,3
7,107,3
8,107,3
9,107,3
10,107,3
11,107,3
12,107,3
13,107,3
14,107,3
15,107,3
16,107,4
17,107,4
18,107,4
19,107,4
20,107,5
21,107,5
22,107,7
23,107,11
24,107,7
25,107,10
26,107,7
27,107,6
28,107,6
29,107,23
30,107,26
31,107,8
32,107,14
33,107,20
34,107,7
35,107,7
36,107,14
37,107,15
38,107,12
39,107,21
40,107,13
41,107,8
42,107,5
43,107,5
44,107,13
45,107,20
46,107,61
47,107,88
48,107,15
49,107,18
50,107,90
51,107,24
52,107,103
53,107,50
54,107,192
55,107,32
56,107,256
57,107,48
58,107,93
59,107,209
60,107,213
61,107,154
62,107,109
63,107,125
64,107,256
65,107,256
66,107,256
67,107,256
68,107,256
69,107,256
70,107,256
71,107,256
72,107,256
73,107,256
74,107,256
75,107,256
76,107,256
77,107,256
78,107,256
79,107,256
80,107,256
81,107,256
82,107,256
83,107,256
84,107,256
85,107,256
86,107,256
87,107,256
88,107,256
89,107,256
90,107,256
91,107,256
92,107,256
93,107,19
94,107,11
95,107,9
96,107,7
97,107,6
98,107,6
99,107,6
100,107,6
101,107,6
102,107,6
103,107,5
104,107,5
105,107,5
106,107,6
107,107,11
108,107,5
109,107,4
110,107,3
111,107,3
112,107,3
113,107,3
114,107,3
115,107,3
116,107,3
117,107,3
118,107,3
119,107,3
120,107,2
121,107,2
122,107,2
123,107,2
124,107,2
125,107,2
126,107,2
127,107,2
0,108,2
1,108,2
2,108,2
3,108,3
4,108,3
5,108,3
6,108,3
7,108,3
8,108,3
9,108,3
10,108,3
11,108,3
12,108,3
13,108,3
14,108,3
15,108,3
16,108,4
17,108,4
18,108,4
19,108,4
20,108,5
21,108,5
22,108,5
23,108,5
24,108,5
25,108,5
26,108,6
27,108,6
28,108,8
29,108,36
30,108,21
31,108,34
32,108,27
33,108,8
34,108,6
35,108,19
36,108,41
37,108,42
38,108,10
39,108,54
40,108,12
41,108,6
42,108,5
43,108,5
44,108,78
45,108,74
46,108,9
47,108,16
48,108,8
49,108,74
50,108,6
51,108,254
52,108,31
53,108,25
54,108,28
55,108,10
56,108,152
57,108,110
58,108,58
59,108,19
60,108,113
61,108,67
62,108,6
63,108,6
64,108,7
65,108,251
66,108,256
67,108,256
68,108,256
69,108,256
70,108,256
71,108,256
72,108,256
73,108,256
74,108,256
75,108,256
76,108,256
77,108,256
78,108,256
79,108,256
80,108,256
81,108,256
82,108,256
83,108,256
84,108,256
85,108,256
86,108,256
87,108,256
88,108,256
89,108,256
90,108,256
91,108,256
92,108,256
93,108,256
94,108,16
95,108,10
96,108,8
97,108,7
98,108,6
99,108,6
100,108,6
101,108,7
102,108,6
103,108,6
104,108,5
105,108,6
106,108,6
107,108,7
108,108,8
109,108,5
110,108,4
111,108,3
112,108,3
113,108,3
114,108,3
115,108,3
116,108,3
117,108,3
118,108,3
119,108,3
120,108,2
121,108,2
122,108,2
123,108,2
124,108,2
125,108,2
126,108,2
127,108,2
0,109,2
1,109,2
2,109,2
3,109,3
4,109,3
5,109,3
6,109,3
7,109,3
8,109,3
9,109,3
10,109,3
11,109,3
12,109,3
13,109,3
14,109,3
15,109,3
16,109,4
17,109,4
18,109,4
19,109,4
20,109,4
21,109,4
22,109,4
23,109,4
24,109,4
25,109,4
26,109,5
27,109,6
28,109,19
29,109,17
30,109,19
31,109,13
32,109,19
33,109,7
34,109,16
35,109,47
36,109,46
37,109,40
38,109,9
39,109,48
40,109,11
41,109,5
42,109,5
43,109,5
44,109,5
45,109,6
46,109,7
47,109,5
48,109,5
49,109,5
50,109,5
51,109,6
52,109,6
53,109,85
54,109,10
55,109,24
56,109,24
57,109,13
58,109,17
59,109,72
60,109,59
61,109,6
62,109,5
63,109,5
64,109,5
65,109,7
66,109,118
67,109,256
68,109,256
69,109,256
70,109,256
71,109,256
72,109,256
73,109,256
74,109,256
75,109,256
76,109,256
77,109,256
78,109,256
79,109,256
80,109,256
81,109,256
82,109,256
83,109,256
84,109,256
85,109,256
86,109,256
87,109,256
88,109,256
89,109,256
90,109,256
91,109,256
92,109,256
93,109,256
94,109,256
95,109,18
96,109,10
97,109,8
98,109,7
99,109,6
100,109,6
101,109,7
102,109,8
103,109,7
104,109,6
105,109,6
106,109,6
107,109,8
108,109,8
109,109,9
110,109,4
111,109,3
112,109,3
113,109,3
114,109,3
115,109,3
116,109,3
117,109,3
118,109,3
119,109,3
120,109,3
121,109,2
122,109,2
123,109,2
124,109,2
125,109,2
126,109,2
127,109,2
0,110,2
1,110,2
2,110,2
3,110,2
4,110,3
5,110,3
6,110,3
7,110,3
8,110,3
9,110,3
10,110,3
11,110,3
12,110,3
13,110,3
14,110,3
15,110,3
16,110,4
17,110,4
18,110,4
19,110,4
20,110,4
21,110,4
22,110,4
23,110,4
24,110,4
25,110,4
26,110,4
27,110,5
28,110,20
29,110,18
30,110,70
31,110,17
32,110,23
33,110,14
34,110,39
35,110,14
36,110,28
37,110,13
38,110,42
39,110,17
40,110,6
41,110,5
42,110,4
43,110,4
44,110,5
45,110,5
46,110,4
47,110,4
48,110,4
49,110,4
50,110,4
51,110,5
52,110,5
53,110,6
54,110,87
55,110,17
56,110,80
57,110,93
58,110,15
59,110,10
60,110,34
61,110,6
62,110,5
63,110,4
64,110,4
65,110,5
66,110,22
67,110,94
68,110,256
69,110,256
70,110,256
71,110,256
72,110,256
73,110,256
74,110,256
75,110,256
76,110,256
77,110,256
78,110,256
79,110,256
80,110,256
81,110,256
82,110,256
83,110,256
84,110,256
85,110,256
86,110,256
87,110,256
88,110,256
89,110,256
90,110,256
91,110,256
92,110,256
93,110,256
94,110,256
95,110,256
96,110,14
97,110,11
98,110,8
99,110,7
100,110,7
101,110,7
102,110,8
103,110,12
104,110,7
105,110,6
106,110,6
107,110,7
108,110,11
109,110,6
110,110,5
111,110,3
112,110,3
113,110,3
114,110,3
115,110,3
116,110,3
117,110,3
118,110,3
119,110,3
120,110,3
121,110,3
122,110,2
123,110,2
124,110,2
125,110,2
126,110,2
127,110,2
0,111,2
1,111,2
2,111,2
3,111,2
4,111,2
5,111,3
6,111,3
7,111,3
8,111,3
9,111,3
10,111,3
11,111,3
12,111,3
13,111,3
14,111,3
15,111,3
16,111,3
17,111,4
18,111,4
19,111,4
20,111,4
21,111,4
22,111,4
23,111,4
24,111,4
25,111,4
26,111,4
27,111,5
28,111,7
29,111,8
30,111,8
31,111,25
32,111,11
33,111,20
34,111,10
35,111,6
36,111,38
37,111,6
38,111,5
39,111,6
40,111,5
41,111,4
42,111,4
43,111,4
44,111,4
45,111,4
46,111,4
47,111,4
48,111,4
49,111,4
50,111,4
51,111,4
52,111,4
53,111,5
54,111,7
55,111,42
56,111,9
57,111,6
58,111,6
59,111,13
60,111,6
61,111,5
62,111,4
63,111,4
64,111,4
65,111,5
66,111,7
67,111,236
68,111,256
69,111,77
70,111,256
71,111,256
72,111,256
73,111,256
74,111,256
75,111,256
76,111,256
77,111,11
78,111,256
79,111,143
80,111,256
81,111,256
82,111,256
83,111,256
84,111,256
85,111,168
86,111,233
87,111,256
88,111,63
89,111,256
90,111,256
91,111,256
92,111,77
93,111,256
94,111,256
95,111,20
96,111,173
97,111,16
98,111,14
99,111,8
100,111,8
101,111,7
102,111,7
103,111,9
104,111,8
105,111,7
106,111,7
107,111,7
108,111,9
109,111,6
110,111,5
111,111,3
112,111,3
113,111,3
114,111,3
115,111,3
116,111,3
117,111,3
118,111,3
119,111,3
120,111,3
121,111,3
122,111,2
123,111,2
124,111,2
125,111,2
126,111,2
127,111,2
0,112,2
1,112,2
2,112,2
3,112,2
4,112,2
5,112,2
6,112,3
7,112,3
8,112,3
9,112,3
10,112,3
11,112,3
12,112,3
13,112,3
14,112,3
15,112,3
16,112,3
17,112,3
18,112,3
19,112,3
20,112,4
21,112,4
22,112,4
23,112,4
24,112,4
25,112,4
26,112,4
27,112,4
28,112,6
29,112,50
30,112,43
31,112,10
32,112,9
33,112,7
34,112,10
35,112,6
36,112,5
37,112,4
38,112,4
39,112,4
40,112,4
41,112,4
42,112,4
43,112,4
44,112,4
45,112,4
46,112,4
47,112,4
48,112,4
49,112,4
50,112,4
51,112,4
52,112,4
53,112,4
54,112,5
55,112,5
56,112,5
57,112,5
58,112,5
59,112,5
60,112,5
61,112,4
62,112,4
63,112,4
64,112,4
65,112,4
66,112,5
67,112,114
68,112,16
69,112,173
70,112,156
71,112,134
72,112,256
73,112,23
74,112,8
75,112,256
76,112,7
77,112,7
78,112,126
79,112,105
80,112,174
81,112,132
82,112,43
83,112,256
84,112,256
85,112,104
86,112,14
87,112,256
88,112,256
89,112,214
90,112,167
91,112,256
92,112,256
93,112,256
94,112,35
95,112,12
96,112,12
97,112,43
98,112,43
99,112,9
100,112,9
101,112,10
102,112,8
103,112,9
104,112,11
105,112,8
106,112,7
107,112,8
108,112,10
109,112,7
110,112,5
111,112,4
112,112,3
113,112,3
114,112,3
115,112,3
116,112,3
117,112,3
118,112,3
119,112,3
120,112,3
121,112,3
122,112,2
123,112,2
124,112,2
125,112,2
126,112,2
127,112,2
0,113,2
1,113,2
2,113,2
3,113,2
4,113,2
5,113,2
6,113,2
7,113,3
8,113,3
9,113,3
10,113,3
11,113,3
12,113,3
13,113,3
14,113,3
15,113,3
16,113,3
17,113,3
18,113,3
19,113,3
20,113,3
21,113,3
22,113,4
23,113,4
24,113,4
25,113,4
26,113,4
27,113,4
28,113,6
29,113,14
30,113,9
31,113,7
32,113,10
33,113,12
34,113,5
35,113,4
36,113,4
37,113,4
38,113,4
39,113,4
40,113,3
41,113,3
42,113,3
43,113,3
44,113,3
45,113,3
46,113,3
47,113,3
48,113,3
49,113,3
50,113,3
51,113,4
52,113,4
53,113,4
54,113,4
55,113,4
56,113,4
57,113,4
58,113,4
59,113,4
60,113,4
61,113,4
62,113,4
63,113,4
64,113,4
65,113,4
66,113,5
67,113,20
68,113,118
69,113,25
70,113,186
71,113,57
72,113,9
73,113,8
74,113,9
75,113,7
76,113,6
77,113,6
78,113,6
79,113,7
80,113,9
81,113,60
82,113,216
83,113,132
84,113,54
85,113,87
86,113,127
87,113,80
88,113,162
89,113,159
90,113,61
91,113,256
92,113,256
93,113,256
94,113,42
95,113,28
96,113,9
97,113,20
98,113,36
99,113,26
100,113,12
101,113,12
102,113,9
103,113,9
104,113,18
105,113,14
106,113,9
107,113,9
108,113,9
109,113,9
110,113,9
111,113,4
112,113,3
113,113,3
114,113,3
115,113,3
116,113,3
117,113,3
118,113,3
119,113,3
120,113,3
121,113,2
122,113,2
123,113,2
124,113,2
125,113,2
126,113,2
127,113,2
0,114,2
1,114,2
2,114,2
3,114,2
4,114,2
5,114,2
6,114,2
7,114,3
8,114,3
9,114,3
10,114,3
11,114,3
12,114,3
13,114,3
14,114,3
15,114,3
16,114,3
17,114,3
18,114,3
19,114,3
20,114,3
21,114,3
22,114,3
23,114,4
24,114,4
25,114,4
26,114,4
27,114,4
28,114,5
29,114,6
30,114,5
31,114,6
32,114,17
33,114,6
34,114,4
35,114,4
36,114,4
37,114,3
38,114,3
39,114,3
40,114,3
41,114,3
42,114,3
43,114,3
44,114,3
45,114,3
46,114,3
47,114,3
48,114,3
49,114,3
50,114,3
51,114,3
52,114,3
53,114,4
54,114,4
55,114,4
56,114,4
57,114,4
58,114,4
59,114,4
60,114,4
61,114,4
62,114,3
63,114,3
64,114,3
65,114,4
66,114,4
67,114,5
68,114,48
69,114,34
70,114,11
71,114,50
72,114,7
73,114,6
74,114,6
75,114,5
76,114,5
77,114,5
78,114,5
79,114,6
80,114,6
81,114,84
82,114,46
83,114,18
84,114,76
85,114,256
86,114,29
87,114,61
88,114,50
89,114,68
90,114,101
91,114,256
92,114,256
93,114,256
94,114,96
95,114,41
96,114,13
97,114,8
98,114,9
99,114,21
100,114,15
101,114,20
102,114,26
103,114,19
104,114,11
105,114,256
106,114,18
107,114,8
108,114,8
109,114,11
110,114,7
111,114,5
112,114,4
113,114,3
114,114,3
115,114,3
116,114,3
117,114,3
118,114,3
119,114,3
120,114,3
121,114,2
122,114,2
123,114,2
124,114,2
125,114,2
126,114,2
127,114,2
0,115,2
1,115,2
2,115,2
3,115,2
4,115,2
5,115,2
6,115,2
7,115,2
8,115,3
9,115,3
10,115,3
11,115,3
12,115,3
13,115,3
14,115,3
15,115,3
16,115,3
17,115,3
18,115,3
19,115,3
20,115,3
21,115,3
22,115,3
23,115,3
24,115,3
25,115,4
26,115,4
27,115,4
28,115,5
29,115,4
30,115,5
31,115,5
32,115,5
33,115,4
34,115,4
35,115,3
36,115,3
37,115,3
38,115,3
39,115,3
40,115,3
41,115,3
42,115,3
43,115,3
44,115,3
45,115,3
46,115,3
47,115,3
48,115,3
49,115,3
50,115,3
51,115,3
52,115,3
53,115,3
54,115,3
55,115,4
56,115,4
57,115,4
58,115,4
59,115,4
60,115,4
61,115,3
62,115,3
63,115,3
64,115,3
65,115,3
66,115,4
67,115,5
68,115,5
69,115,6
70,115,35
71,115,15
72,115,6
73,115,5
74,115,5
75,115,5
76,115,5
77,115,5
78,115,5
79,115,5
80,115,6
81,115,8
82,115,24
83,115,87
84,115,8
85,115,43
86,115,73
87,115,76
88,115,13
89,115,72
90,115,256
91,115,21
92,115,98
93,115,100
94,115,39
95,115,37
96,115,28
97,115,11
98,115,8
99,115,30
100,115,14
101,115,13
102,115,10
103,115,13
104,115,9
105,115,39
106,115,13
107,115,7
108,115,7
109,115,7
110,115,8
111,115,5
112,115,4
113,115,3
114,115,3
115,115,3
116,115,3
117,115,3
118,115,3
119,115,3
120,115,2
121,115,2
122,115,2
123,115,2
124,115,2
125,115,2
126,115,2
127,115,2
0,116,2
1,116,2
2,116,2
3,116,2
4,116,2
5,116,2
6,116,2
7,116,2
8,116,2
9,116,3
10,116,3
11,116,3
12,116,3
13,116,3
14,116,3
15,116,3
16,116,3
17,116,3
18,116,3
19,116,3
20,116,3
21,116,3
22,116,3
23,116,3
24,116,3
25,116,3
26,116,4
27,116,4
28,116,4
29,116,4
30,116,4
31,116,4
32,116,4
33,116,3
34,116,3
35,116,3
36,116,3
37,116,3
38,116,3
39,116,3
40,116,3
41,116,3
42,116,3
43,116,3
44,116,3
45,116,3
46,116,3
47,116,3
48,116,3
49,116,3
50,116,3
51,116,3
52,116,3
53,116,3
54,116,3
55,116,3
56,116,3
57,116,4
58,116,4
59,116,4
60,116,3
61,116,3
62,116,3
63,116,3
64,116,3
65,116,3
66,116,4
67,116,4
68,116,4
69,116,5
70,116,6
71,116,22
72,116,5
73,116,5
74,116,4
75,116,4
76,116,4
77,116,4
78,116,4
79,116,5
80,116,5
81,116,6
82,116,13
83,116,23
84,116,6
85,116,6
86,116,65
87,116,10
88,116,57
89,116,83
90,116,48
91,116,39
92,116,20
93,116,37
94,116,151
95,116,64
96,116,14
97,116,52
98,116,10
99,116,11
100,116,13
101,116,16
102,116,12
103,116,22
104,116,8
105,116,8
106,116,13
107,116,12
108,116,6
109,116,6
110,116,8
111,116,7
112,116,5
113,116,3
114,116,3
115,116,3
116,116,3
117,116,3
118,116,3
119,116,2
120,116,2
121,116,2
122,116,2
123,116,2
124,116,2
125,116,2
126,116,2
127,116,2
0,117,2
1,117,2
2,117,2
3,117,2
4,117,2
5,117,2
6,117,2
7,117,2
8,117,2
9,117,3
10,117,3
11,117,3
12,117,3
13,117,3
14,117,3
15,117,3
16,117,3
17,117,3
18,117,3
19,117,3
20,117,3
21,117,3
22,117,3
23,117,3
24,117,3
25,117,3
26,117,3
27,117,4
28,117,4
29,117,4
30,117,4
31,117,4
32,117,3
33,117,3
34,117,3
35,117,3
36,117,3
37,117,3
38,117,3
39,117,3
40,117,3
41,117,3
42,117,3
43,117,3
44,117,3
45,117,3
46,117,3
47,117,3
48,117,3
49,117,3
50,117,3
51,117,3
52,117,3
53,117,3
54,117,3
55,117,3
56,117,3
57,117,3
58,117,4
59,117,3
60,117,3
61,117,3
62,117,3
63,117,3
64,117,3
65,117,3
66,117,3
67,117,4
68,117,4
69,117,4
70,117,4
71,117,5
72,117,5
73,117,4
74,117,4
75,117,4
76,117,4
77,117,4
78,117,4
79,117,4
80,117,5
81,117,5
82,117,5
83,117,6
84,117,5
85,117,5
86,117,8
87,117,52
88,117,66
89,117,12
90,117,28
91,117,61
92,117,32
93,117,18
94,117,21
95,117,22
96,117,25
97,117,58
98,117,13
99,117,13
100,117,19
101,117,12
102,117,35
103,117,14
104,117,8
105,117,7
106,117,8
107,117,6
108,117,6
109,117,5
110,117,6
111,117,8
112,117,8
113,117,4
114,117,3
115,117,3
116,117,3
117,117,3
118,117,3
119,117,2
120,117,2
121,117,2
122,117,2
123,117,2
124,117,2
125,117,2
126,117,2
127,117,2
0,118,2
1,118,2
2,118,2
3,118,2
4,118,2
5,118,2
6,118,2
7,118,2
8,118,2
9,118,2
10,118,3
11,118,3
12,118,3
13,118,3
14,118,3
15,118,3
16,118,3
17,118,3
18,118,3
19,118,3
20,118,3
21,118,3
22,118,3
23,118,3
24,118,3
25,118,3
26,118,3
27,118,3
28,118,4
29,118,4
30,118,4
31,118,3
32,118,3
33,118,3
34,118,3
35,118,3
36,118,3
37,118,3
38,118,3
39,118,3
40,118,3
41,118,3
42,118,3
43,118,3
44,118,3
45,118,3
46,118,3
47,118,3
48,118,3
49,118,3
50,118,3
51,118,3
52,118,3
53,118,3
54,118,3
55,118,3
56,118,3
57,118,3
58,118,3
59,118,3
60,118,3
61,118,3
62,118,3
63,118,3
64,118,3
65,118,3
66,118,3
67,118,3
68,118,4
69,118,4
70,118,4
71,118,4
72,118,4
73,118,4
74,118,4
75,118,4
76,118,4
77,118,4
78,118,4
79,118,4
80,118,4
81,118,4
82,118,5
83,118,5
84,118,4
85,118,5
86,118,7
87,118,52
88,118,20
89,118,8
90,118,8
91,118,17
92,118,53
93,118,18
94,118,19
95,118,41
96,118,28
97,118,10
98,118,10
99,118,22
100,118,22
101,118,40
102,118,12
103,118,12
104,118,8
105,118,6
106,118,6
107,118,6
108,118,5
109,118,5
110,118,5
111,118,6
112,118,7
113,118,4
114,118,3
115,118,3
116,118,3
117,118,3
118,118,2
119,118,2
120,118,2
121,118,2
122,118,2
123,118,2
124,118,2
125,118,2
126,118,2
127,118,2
0,119,2
1,119,2
2,119,2
3,119,2
4,119,2
5,119,2
6,119,2
7,119,2
8,119,2
9,119,2
10,119,2
11,119,3
12,119,3
13,119,3
14,119,3
15,119,3
16,119,3
17,119,3
18,119,3
19,119,3
20,119,3
21,119,3
22,119,3
23,119,3
24,119,3
25,119,3
26,119,3
27,119,3
28,119,3
29,119,3
30,119,3
31,119,3
32,119,3
33,119,3
34,119,3
35,119,3
36,119,3
37,119,3
38,119,3
39,119,3
40,119,3
41,119,3
42,119,3
43,119,3
44,119,3
45,119,3
46,119,3
47,119,3
48,119,3
49,119,3
50,119,3
51,119,3
52,119,3
53,119,3
54,119,3
55,119,3
56,119,3
57,119,3
58,119,3
59,119,3
60,119,3
61,119,3
62,119,3
63,119,3
64,119,3
65,119,3
66,119,3
67,119,3
68,119,4
69,119,4
70,119,4
71,119,4
72,119,4
73,119,4
74,119,4
75,119,4
76,119,4
77,119,4
78,119,4
79,119,4
80,119,4
81,119,4
82,119,4
83,119,4
84,119,4
85,119,4
86,119,5
87,119,7
88,119,29
89,119,7
90,119,6
91,119,7
92,119,8
93,119,50
94,119,13
95,119,14
96,119,21
97,119,12
98,119,12
99,119,25
100,119,8
101,119,30
102,119,7
103,119,16
104,119,9
105,119,6
106,119,6
107,119,5
108,119,5
109,119,5
110,119,5
111,119,5
112,119,6
113,119,4
114,119,3
115,119,3
116,119,3
117,119,2
118,119,2
119,119,2
120,119,2
121,119,2
122,119,2
123,119,2
124,119,2
125,119,2
126,119,2
127,119,2
0,120,2
1,120,2
2,120,2
3,120,2
4,120,2
5,120,2
6,120,2
7,120,2
8,120,2
9,120,2
10,120,2
11,120,3
12,120,3
13,120,3
14,120,3
15,120,3
16,120,3
17,120,3
18,120,3
19,120,3
20,120,3
21,120,3
22,120,3
23,120,3
24,120,3
25,120,3
26,120,3
27,120,3
28,120,3
29,120,3
30,120,3
31,120,3
32,120,3
33,120,3
34,120,3
35,120,2
36,120,2
37,120,2
38,120,2
39,120,2
40,120,2
41,120,2
42,120,2
43,120,2
44,120,2
45,120,2
46,120,2
47,120,2
48,120,2
49,120,2
50,120,3
51,120,3
52,120,3
53,120,3
54,120,3
55,120,3
56,120,3
57,120,3
58,120,3
59,120,3
60,120,3
61,120,3
62,120,3
63,120,3
64,120,3
65,120,3
66,120,3
67,120,3
68,120,3
69,120,4
70,120,4
71,120,4
72,120,4
73,120,4
74,120,4
75,120,4
76,120,4
77,120,4
78,120,4
79,120,4
80,120,4
81,120,4
82,120,4
83,120,4
84,120,4
85,120,4
86,120,4
87,120,5
88,120,7
89,120,6
90,120,6
91,120,6
92,120,6
93,120,8
94,120,8
95,120,9
96,120,16
97,120,36
98,120,16
99,120,23
100,120,23
101,120,10
102,120,7
103,120,8
104,120,12
105,120,7
106,120,5
107,120,5
108,120,5
109,120,4
110,120,4
111,120,4
112,120,4
113,120,4
114,120,3
115,120,3
116,120,3
117,120,2
118,120,2
119,120,2
120,120,2
121,120,2
122,120,2
123,120,2
124,120,2
125,120,2
126,120,2
127,120,2
0,121,2
1,121,2
2,121,2
3,121,2
4,121,2
5,121,2
6,121,2
7,121,2
8,121,2
9,121,2
10,121,2
11,121,2
12,121,3
13,121,3
14,121,3
15,121,3
16,121,3
17,121,3
18,121,3
19,121,3
20,121,3
21,121,3
22,121,3
23,121,3
24,121,3
25,121,3
26,121,3
27,121,3
28,121,3
29,121,3
30,121,2
31,121,2
32,121,2
33,121,2
34,121,2
35,121,2
36,121,2
37,121,2
38,121,2
39,121,2
40,121,2
41,121,2
42,121,2
43,121,2
44,121,2
45,121,2
46,121,2
47,121,2
48,121,2
49,121,2
50,121,2
51,121,2
52,121,2
53,121,2
54,121,2
55,121,2
56,121,3
57,121,3
58,121,3
59,121,3
60,121,3
61,121,3
62,121,3
63,121,3
64,121,3
65,121,3
66,121,3
67,121,3
68,121,3
69,121,3
70,121,3
71,121,3
72,121,3
73,121,3
74,121,3
75,121,3
76,121,3
77,121,3
78,121,3
79,121,3
80,121,4
81,121,4
82,121,4
83,121,4
84,121,4
85,121,4
86,121,4
87,121,5
88,121,5
89,121,5
90,121,5
91,121,5
92,121,6
93,121,6
94,121,7
95,121,7
96,121,9
97,121,25
98,121,26
99,121,12
100,121,16
101,121,24
102,121,22
103,121,22
104,121,11
105,121,15
106,121,6
107,121,5
108,121,4
109,121,4
110,121,4
111,121,4
112,121,4
113,121,4
114,121,3
115,121,3
116,121,2
117,121,2
118,121,2
119,121,2
120,121,2
121,121,2
122,121,2
123,121,2
124,121,2
125,121,2
126,121,2
127,121,2
0,122,2
1,122,2
2,122,2
3,122,2
4,122,2
5,122,2
6,122,2
7,122,2
8,122,2
9,122,2
10,122,2
11,122,2
12,122,3
13,122,3
14,122,3
15,122,3
16,122,3
17,122,3
18,122,3
19,122,3
20,122,3
21,122,3
22,122,3
23,122,3
24,122,3
25,122,3
26,122,2
27,122,2
28,122,2
29,122,2
30,122,2
31,122,2
32,122,2
33,122,2
34,122,2
35,122,2
36,122,2
37,122,2
38,122,2
39,122,2
40,122,2
41,122,2
42,122,2
43,122,2
44,122,2
45,122,2
46,122,2
47,122,2
48,122,2
49,122,2
50,122,2
51,122,2
52,122,2
53,122,2
54,122,2
55,122,2
56,122,2
57,122,2
58,122,2
59,122,2
60,122,3
61,122,3
62,122,3
63,122,3
64,122,3
65,122,3
66,122,3
67,122,3
68,122,3
69,122,3
70,122,3
71,122,3
72,122,3
73,122,3
74,122,3
75,122,3
76,122,3
77,122,3
78,122,3
79,122,3
80,122,3
81,122,3
82,122,3
83,122,4
84,122,4
85,122,4
86,122,4
87,122,4
88,122,5
89,122,5
90,122,5
91,122,5
92,122,5
93,122,5
94,122,6
95,122,7
96,122,32
97,122,13
98,122,15
99,122,9
100,122,8
101,122,30
102,122,10
103,122,22
104,122,14
105,122,11
106,122,7
107,122,5
108,122,4
109,122,4
110,122,4
111,122,4
112,122,4
113,122,4
114,122,3
115,122,3
116,122,2
117,122,2
118,122,2
119,122,2
120,122,2
121,122,2
122,122,2
123,122,2
124,122,2
125,122,2
126,122,2
127,122,2
0,123,2
1,123,2
2,123,2
3,123,2
4,123,2
5,123,2
6,123,2
7,123,2
8,123,2
9,123,2
10,123,2
11,123,2
12,123,2
13,123,3
14,123,3
15,123,3
16,123,3
17,123,3
18,123,3
19,123,3
20,123,3
21,123,3
22,123,3
23,123,2
24,123,2
25,123,2
26,123,2
27,123,2
28,123,2
29,123,2
30,123,2
31,123,2
32,123,2
33,123,2
34,123,2
35,123,2
36,123,2
37,123,2
38,123,2
39,123,2
40,123,2
41,123,2
42,123,2
43,123,2
44,123,2
45,123,2
46,123,2
47,123,2
48,123,2
49,123,2
50,123,2
51,123,2
52,123,2
53,123,2
54,123,2
55,123,2
56,123,2
57,123,2
58,123,2
59,123,2
60,123,2
61,123,2
62,123,2
63,123,3
64,123,3
65,123,3
66,123,3
67,123,3
68,123,3
69,123,3
70,123,3
71,123,3
72,123,3
73,123,3
74,123,3
75,123,3
76,123,3
77,123,3
78,123,3
79,123,3
80,123,3
81,123,3
82,123,3
83,123,3
84,123,3
85,123,4
86,123,4
87,123,4
88,123,4
89,123,4
90,123,4
91,123,5
92,123,5
93,123,5
94,123,6
95,123,6
96,123,7
97,123,16
98,123,27
99,123,10
100,123,8
101,123,16
102,123,27
103,123,14
104,123,10
105,123,8
106,123,9
107,123,11
108,123,4
109,123,4
110,123,4
111,123,4
112,123,4
113,123,3
114,123,3
115,123,2
116,123,2
117,123,2
118,123,2
119,123,2
120,123,2
121,123,2
122,123,2
123,123,2
124,123,2
125,123,2
126,123,2
127,123,2
0,124,2
1,124,2
2,124,2
3,124,2
4,124,2
5,124,2
6,124,2
7,124,2
8,124,2
9,124,2
10,124,2
11,124,2
12,124,2
13,124,3
14,124,3
15,124,3
16,124,3
17,124,3
18,124,3
19,124,3
20,124,2
21,124,2
22,124,2
23,124,2
24,124,2
25,124,2
26,124,2
27,124,2
28,124,2
29,124,2
30,124,2
31,124,2
32,124,2
33,124,2
34,124,2
35,124,2
36,124,2
37,124,2
38,124,2
39,124,2
40,124,2
41,124,2
42,124,2
43,124,2
44,124,2
45,124,2
46,124,2
47,124,2
48,124,2
49,124,2
50,124,2
51,124,2
52,124,2
53,124,2
54,124,2
55,124,2
56,124,2
57,124,2
58,124,2
59,124,2
60,124,2
61,124,2
62,124,2
63,124,2
64,124,2
65,124,2
66,124,3
67,124,3
68,124,3
69,124,3
70,124,3
71,124,3
72,124,3
73,124,3
74,124,3
75,124,3
76,124,3
77,124,3
78,124,3
79,124,3
80,124,3
81,124,3
82,124,3
83,124,3
84,124,3
85,124,3
86,124,3
87,124,4
88,124,4
89,124,4
90,124,4
91,124,4
92,124,4
93,124,5
94,124,5
95,124,6
96,124,7
97,124,16
98,124,10
99,124,15
100,124,8
101,124,24
102,124,12
103,124,8
104,124,7
105,124,8
106,124,7
107,124,5
108,124,5
109,124,4
110,124,4
111,124,4
112,124,3
113,124,3
114,124,3
115,124,2
116,124,2
117,124,2
118,124,2
119,124,2
120,124,2
121,124,2
122,124,2
123,124,2
124,124,2
125,124,2
126,124,2
127,124,2
0,125,2
1,125,2
2,125,2
3,125,2
4,125,2
5,125,2
6,125,2
7,125,2
8,125,2
9,125,2
10,125,2
11,125,2
12,125,2
13,125,2
14,125,3
15,125,3
16,125,3
17,125,2
18,125,2
19,125,2
20,125,2
21,125,2
22,125,2
23,125,2
24,125,2
25,125,2
26,125,2
27,125,2
28,125,2
29,125,2
30,125,2
31,125,2
32,125,2
33,125,2
34,125,2
35,125,2
36,125,2
37,125,2
38,125,2
39,125,2
40,125,2
41,125,2
42,125,2
43,125,2
44,125,2
45,125,2
46,125,2
47,125,2
48,125,2
49,125,2
50,125,2
51,125,2
52,125,2
53,125,2
54,125,2
55,125,2
56,125,2
57,125,2
58,125,2
59,125,2
60,125,2
61,125,2
62,125,2
63,125,2
64,125,2
65,125,2
66,125,2
67,125,2
68,125,3
69,125,3
70,125,3
71,125,3
72,125,3
73,125,3
74,125,3
75,125,3
76,125,3
77,125,3
78,125,3
79,125,3
80,125,3
81,125,3
82,125,3
83,125,3
84,125,3
85,125,3
86,125,3
87,125,3
88,125,4
89,125,4
90,125,4
91,125,4
92,125,4
93,125,4
94,125,5
95,125,5
96,125,21
97,125,22
98,125,9
99,125,25
100,125,8
101,125,11
102,125,10
103,125,7
104,125,6
105,125,6
106,125,9
107,125,4
108,125,4
109,125,4
110,125,4
111,125,3
112,125,3
113,125,3
114,125,2
115,125,2
116,125,2
117,125,2
118,125,2
119,125,2
120,125,2
121,125,2
122,125,2
123,125,2
124,125,2
125,125,2
126,125,2
127,125,2
0,126,2
1,126,2
2,126,2
3,126,2
4,126,2
5,126,2
6,126,2
7,126,2
8,126,2
9,126,2
10,126,2
11,126,2
12,126,2
13,126,2
14,126,3
15,126,2
16,126,2
17,126,2
18,126,2
19,126,2
20,126,2
21,126,2
22,126,2
23,126,2
24,126,2
25,126,2
26,126,2
27,126,2
28,126,2
29,126,2
30,126,2
31,126,2
32,126,2
33,126,2
34,126,2
35,126,2
36,126,2
37,126,2
38,126,2
39,126,2
40,126,2
41,126,2
42,126,2
43,126,2
44,126,2
45,126,2
46,126,2
47,126,2
48,126,2
49,126,2
50,126,2
51,126,2
52,126,2
53,126,2
54,126,2
55,126,2
56,126,2
57,126,2
58,126,2
59,126,2
60,126,2
61,126,2
62,126,2
63,126,2
64,126,2
65,126,2
66,126,2
67,126,2
68,126,2
69,126,2
70,126,2
71,126,3
72,126,3
73,126,3
74,126,3
75,126,3
76,126,3
77,126,3
78,126,3
79,126,3
80,126,3
81,126,3
82,126,3
83,126,3
84,126,3
85,126,3
86,126,3
87,126,3
88,126,3
89,126,4
90,126,4
91,126,4
92,126,4
93,126,4
94,126,4
95,126,5
96,126,6
97,126,8
98,126,9
99,126,18
100,126,12
101,126,21
102,126,21
103,126,6
104,126,6
105,126,5
106,126,5
107,126,5
108,126,4
109,126,4
110,126,3
111,126,3
112,126,3
113,126,3
114,126,2
115,126,2
116,126,2
117,126,2
118,126,2
119,126,2
120,126,2
121,126,2
122,126,2
123,126,2
124,126,2
125,126,2
126,126,2
127,126,2
0,127,2
1,127,2
2,127,2
3,127,2
4,127,2
5,127,2
6,127,2
7,127,2
8,127,2
9,127,2
10,127,2
11,127,2
12,127,2
13,127,2
14,127,2
15,127,2
16,127,2
17,127,2
18,127,2
19,127,2
20,127,2
21,127,2
22,127,2
23,127,2
24,127,2
25,127,2
26,127,2
27,127,2
28,127,2
29,127,2
30,127,2
31,127,2
32,127,2
33,127,2
34,127,2
35,127,2
36,127,2
37,127,2
38,127,2
39,127,2
40,127,2
41,127,2
42,127,2
43,127,2
44,127,2
45,127,2
46,127,2
47,127,2
48,127,2
49,127,2
50,127,2
51,127,2
52,127,2
53,127,2
54,127,2
55,127,2
56,127,2
57,127,2
58,127,2
59,127,2
60,127,2
61,127,2
62,127,2
63,127,2
64,127,2
65,127,2
66,127,2
67,127,2
68,127,2
69,127,2
70,127,2
71,127,2
72,127,2
73,127,3
74,127,3
75,127,3
76,127,3
77,127,3
78,127,3
79,127,3
80,127,3
81,127,3
82,127,3
83,127,3
84,127,3
85,127,3
86,127,3
87,127,3
88,127,3
89,127,3
90,127,3
91,127,4
92,127,4
93,127,4
94,127,4
95,127,5
96,127,5
97,127,5
98,127,7
99,127,14
100,127,13
101,127,10
102,127,9
103,127,8
104,127,5
105,127,5
106,127,5
107,127,4
108,127,4
109,127,4
110,127,3
111,127,3
112,127,3
113,127,2
114,127,2
115,127,2
116,127,2
117,127,2
118,127,2
119,127,2
120,127,2
121,127,2
122,127,2
123,127,2
124,127,2
125,127,2
126,127,2
127,127,2
