col,row,iters
0,0,1
1,0,1
2,0,1
3,0,1
4,0,1
5,0,1
6,0,1
7,0,1
8,0,1
9,0,1
10,0,1
11,0,1
12,0,1
13,0,1
14,0,1
15,0,1
16,0,1
17,0,1
18,0,1
19,0,1
20,0,1
21,0,1
22,0,1
23,0,1
24,0,1
25,0,1
26,0,1
27,0,1
28,0,1
29,0,1
30,0,1
31,0,1
32,0,1
33,0,1
34,0,1
35,0,1
36,0,1
37,0,1
38,0,1
39,0,1
40,0,1
41,0,1
42,0,1
43,0,1
44,0,1
45,0,1
46,0,1
47,0,1
48,0,1
49,0,1
50,0,1
51,0,1
52,0,1
53,0,1
54,0,1
55,0,1
56,0,1
57,0,1
58,0,1
59,0,1
60,0,1
61,0,1
62,0,1
63,0,1
64,0,1
65,0,1
66,0,1
67,0,1
68,0,1
69,0,1
70,0,1
71,0,1
72,0,1
73,0,1
74,0,1
75,0,1
76,0,1
77,0,1
78,0,1
79,0,1
80,0,1
81,0,1
82,0,1
83,0,1
84,0,1
85,0,1
86,0,1
87,0,1
88,0,1
89,0,1
90,0,1
91,0,1
92,0,1
93,0,1
94,0,1
95,0,1
96,0,1
97,0,1
98,0,1
99,0,1
100,0,1
101,0,1
102,0,1
103,0,1
104,0,1
105,0,1
106,0,1
107,0,1
108,0,1
109,0,1
110,0,1
111,0,1
112,0,1
113,0,1
114,0,1
115,0,1
116,0,1
117,0,1
118,0,1
119,0,1
120,0,1
121,0,1
122,0,1
123,0,1
124,0,1
125,0,1
126,0,1
127,0,1
0,1,1
1,1,1
2,1,1
3,1,1
4,1,1
5,1,1
6,1,1
7,1,1
8,1,1
9,1,1
10,1,1
11,1,1
12,1,1
13,1,1
14,1,1
15,1,1
16,1,1
17,1,1
18,1,1
19,1,1
20,1,1
21,1,1
22,1,1
23,1,1
24,1,1
25,1,1
26,1,1
27,1,1
28,1,1
29,1,1
30,1,1
31,1,1
32,1,1
33,1,1
34,1,1
35,1,1
36,1,1
37,1,1
38,1,1
39,1,1
40,1,1
41,1,1
42,1,1
43,1,1
44,1,1
45,1,1
46,1,1
47,1,1
48,1,1
49,1,1
50,1,1
51,1,1
52,1,1
53,1,1
54,1,1
55,1,1
56,1,1
57,1,1
58,1,1
59,1,1
60,1,1
61,1,1
62,1,1
63,1,1
64,1,1
65,1,1
66,1,1
67,1,1
68,1,1
69,1,1
70,1,1
71,1,1
72,1,1
73,1,1
74,1,1
75,1,1
76,1,1
77,1,1
78,1,1
79,1,1
80,1,1
81,1,1
82,1,1
83,1,1
84,1,1
85,1,1
86,1,1
87,1,1
88,1,1
89,1,1
90,1,1
91,1,1
92,1,1
93,1,1
94,1,1
95,1,1
96,1,1
97,1,1
98,1,1
99,1,1
100,1,1
101,1,1
102,1,1
103,1,1
104,1,1
105,1,1
106,1,1
107,1,1
108,1,1
109,1,1
110,1,1
111,1,1
112,1,1
113,1,1
114,1,1
115,1,1
116,1,1
117,1,1
118,1,1
119,1,1
120,1,1
121,1,1
122,1,1
123,1,1
124,1,1
125,1,1
126,1,1
127,1,1
0,2,1
1,2,1
2,2,1
3,2,1
4,2,1
5,2,1
6,2,1
7,2,1
8,2,1
9,2,1
10,2,1
11,2,1
12,2,1
13,2,1
14,2,1
15,2,1
16,2,1
17,2,1
18,2,1
19,2,1
20,2,1
21,2,1
22,2,1
23,2,1
24,2,1
25,2,1
26,2,1
27,2,1
28,2,1
29,2,1
30,2,1
31,2,1
32,2,1
33,2,1
34,2,1
35,2,1
36,2,1
37,2,1
38,2,1
39,2,1
40,2,1
41,2,1
42,2,1
43,2,1
44,2,1
45,2,1
46,2,1
47,2,1
48,2,1
49,2,1
50,2,1
51,2,1
52,2,1
53,2,1
54,2,1
55,2,1
56,2,1
57,2,1
58,2,1
59,2,1
60,2,1
61,2,1
62,2,1
63,2,1
64,2,1
65,2,1
66,2,1
67,2,1
68,2,1
69,2,1
70,2,1
71,2,1
72,2,1
73,2,1
74,2,1
75,2,1
76,2,1
77,2,1
78,2,1
79,2,1
80,2,1
81,2,1
82,2,1
83,2,1
84,2,1
85,2,1
86,2,1
87,2,1
88,2,1
89,2,1
90,2,1
91,2,1
92,2,1
93,2,1
94,2,1
95,2,1
96,2,1
97,2,1
98,2,1
99,2,1
100,2,1
101,2,1
102,2,1
103,2,1
104,2,1
105,2,1
106,2,1
107,2,1
108,2,1
109,2,1
110,2,1
111,2,1
112,2,1
113,2,1
114,2,1
115,2,1
116,2,1
117,2,1
118,2,1
119,2,1
120,2,1
121,2,1
122,2,1
123,2,1
124,2,1
125,2,1
126,2,1
127,2,1
0,3,1
1,3,1
2,3,1
3,3,1
4,3,1
5,3,1
6,3,1
7,3,1
8,3,1
9,3,1
10,3,1
11,3,1
12,3,1
13,3,1
14,3,1
15,3,1
16,3,1
17,3,1
18,3,1
19,3,1
20,3,1
21,3,1
22,3,1
23,3,1
24,3,1
25,3,1
26,3,1
27,3,1
28,3,1
29,3,1
30,3,1
31,3,1
32,3,1
33,3,1
34,3,1
35,3,1
36,3,1
37,3,1
38,3,1
39,3,1
40,3,1
41,3,1
42,3,1
43,3,1
44,3,1
45,3,1
46,3,1
47,3,1
48,3,1
49,3,1
50,3,1
51,3,1
52,3,1
53,3,1
54,3,1
55,3,1
56,3,1
57,3,1
58,3,1
59,3,1
60,3,1
61,3,1
62,3,1
63,3,1
64,3,1
65,3,1
66,3,1
67,3,1
68,3,1
69,3,1
70,3,1
71,3,1
72,3,1
73,3,1
74,3,1
75,3,1
76,3,1
77,3,1
78,3,1
79,3,1
80,3,1
81,3,1
82,3,1
83,3,1
84,3,1
85,3,1
86,3,1
87,3,1
88,3,1
89,3,1
90,3,1
91,3,1
92,3,1
93,3,1
94,3,1
95,3,1
96,3,1
97,3,1
98,3,1
99,3,1
100,3,1
101,3,1
102,3,1
103,3,1
104,3,1
105,3,1
106,3,1
107,3,1
108,3,1
109,3,1
110,3,1
111,3,1
112,3,1
113,3,1
114,3,1
115,3,1
116,3,1
117,3,1
118,3,1
119,3,1
120,3,1
121,3,1
122,3,1
123,3,1
124,3,1
125,3,1
126,3,1
127,3,1
0,4,1
1,4,1
2,4,1
3,4,1
4,4,1
5,4,1
6,4,1
7,4,1
8,4,1
9,4,1
10,4,1
11,4,1
12,4,1
13,4,1
14,4,1
15,4,1
16,4,1
17,4,1
18,4,1
19,4,1
20,4,1
21,4,1
22,4,1
23,4,1
24,4,1
25,4,1
26,4,1
27,4,1
28,4,1
29,4,1
30,4,1
31,4,1
32,4,1
33,4,1
34,4,1
35,4,1
36,4,1
37,4,1
38,4,1
39,4,1
40,4,1
41,4,1
42,4,1
43,4,1
44,4,1
45,4,1
46,4,1
47,4,1
48,4,1
49,4,1
50,4,1
51,4,1
52,4,1
53,4,1
54,4,1
55,4,1
56,4,1
57,4,1
58,4,1
59,4,1
60,4,1
61,4,1
62,4,1
63,4,1
64,4,1
65,4,1
66,4,1
67,4,1
68,4,1
69,4,1
70,4,1
71,4,1
72,4,1
73,4,1
74,4,1
75,4,1
76,4,1
77,4,1
78,4,1
79,4,1
80,4,1
81,4,1
82,4,1
83,4,1
84,4,1
85,4,1
86,4,1
87,4,1
88,4,1
89,4,1
90,4,1
91,4,1
92,4,1
93,4,1
94,4,1
95,4,1
96,4,1
97,4,1
98,4,1
99,4,1
100,4,1
101,4,1
102,4,1
103,4,1
104,4,1
105,4,1
106,4,1
107,4,1
108,4,1
109,4,1
110,4,1
111,4,1
112,4,1
113,4,1
114,4,1
115,4,1
116,4,1
117,4,1
118,4,1
119,4,1
120,4,1
121,4,1
122,4,1
123,4,1
124,4,1
125,4,1
126,4,1
127,4,1
0,5,1
1,5,1
2,5,1
3,5,1
4,5,1
5,5,1
6,5,1
7,5,1
8,5,1
9,5,1
10,5,1
11,5,1
12,5,1
13,5,1
14,5,1
15,5,1
16,5,1
17,5,1
18,5,1
19,5,1
20,5,1
21,5,1
22,5,1
23,5,1
24,5,1
25,5,1
26,5,1
27,5,1
28,5,1
29,5,2
30,5,2
31,5,1
32,5,1
33,5,1
34,5,1
35,5,1
36,5,1
37,5,1
38,5,1
39,5,1
40,5,1
41,5,1
42,5,1
43,5,1
44,5,1
45,5,1
46,5,1
47,5,1
48,5,1
49,5,1
50,5,1
51,5,1
52,5,1
53,5,1
54,5,1
55,5,1
56,5,1
57,5,1
58,5,1
59,5,1
60,5,1
61,5,1
62,5,1
63,5,1
64,5,1
65,5,1
66,5,1
67,5,1
68,5,1
69,5,1
70,5,1
71,5,1
72,5,1
73,5,1
74,5,1
75,5,1
76,5,1
77,5,1
78,5,1
79,5,1
80,5,1
81,5,1
82,5,1
83,5,1
84,5,1
85,5,1
86,5,1
87,5,1
88,5,1
89,5,1
90,5,1
91,5,1
92,5,1
93,5,1
94,5,1
95,5,1
96,5,1
97,5,1
98,5,1
99,5,1
100,5,1
101,5,1
102,5,1
103,5,1
104,5,1
105,5,1
106,5,1
107,5,1
108,5,1
109,5,1
110,5,1
111,5,1
112,5,1
113,5,1
114,5,1
115,5,1
116,5,1
117,5,1
118,5,1
119,5,1
120,5,1
121,5,1
122,5,1
123,5,1
124,5,1
125,5,1
126,5,1
127,5,1
0,6,1
1,6,1
2,6,1
3,6,1
4,6,1
5,6,1
6,6,1
7,6,1
8,6,1
9,6,1
10,6,1
11,6,1
12,6,1
13,6,1
14,6,1
15,6,1
16,6,1
17,6,1
18,6,1
19,6,1
20,6,1
21,6,1
22,6,1
23,6,1
24,6,1
25,6,1
26,6,1
27,6,1
28,6,1
29,6,2
30,6,2
31,6,2
32,6,2
33,6,1
34,6,1
35,6,1
36,6,1
37,6,1
38,6,1
39,6,1
40,6,1
41,6,1
42,6,1
43,6,1
44,6,1
45,6,1
46,6,1
47,6,1
48,6,1
49,6,1
50,6,1
51,6,1
52,6,1
53,6,1
54,6,1
55,6,1
56,6,1
57,6,1
58,6,1
59,6,1
60,6,1
61,6,1
62,6,1
63,6,1
64,6,1
65,6,1
66,6,1
67,6,1
68,6,1
69,6,1
70,6,1
71,6,1
72,6,1
73,6,1
74,6,1
75,6,1
76,6,1
77,6,1
78,6,1
79,6,1
80,6,1
81,6,1
82,6,1
83,6,1
84,6,1
85,6,1
86,6,1
87,6,1
88,6,1
89,6,1
90,6,1
91,6,1
92,6,1
93,6,1
94,6,1
95,6,1
96,6,1
97,6,1
98,6,1
99,6,1
100,6,1
101,6,1
102,6,1
103,6,1
104,6,1
105,6,1
106,6,1
107,6,1
108,6,1
109,6,1
110,6,1
111,6,1
112,6,1
113,6,1
114,6,1
115,6,1
116,6,1
117,6,1
118,6,1
119,6,1
120,6,1
121,6,1
122,6,1
123,6,1
124,6,1
125,6,1
126,6,1
127,6,1
0,7,1
1,7,1
2,7,1
3,7,1
4,7,1
5,7,1
6,7,1
7,7,1
8,7,1
9,7,1
10,7,1
11,7,1
12,7,1
13,7,1
14,7,1
15,7,1
16,7,1
17,7,1
18,7,1
19,7,1
20,7,1
21,7,1
22,7,1
23,7,1
24,7,1
25,7,1
26,7,1
27,7,1
28,7,2
29,7,2
30,7,2
31,7,2
32,7,2
33,7,2
34,7,2
35,7,1
36,7,1
37,7,1
38,7,1
39,7,1
40,7,1
41,7,1
42,7,1
43,7,1
44,7,1
45,7,1
46,7,1
47,7,1
48,7,1
49,7,1
50,7,1
51,7,1
52,7,1
53,7,1
54,7,1
55,7,1
56,7,1
57,7,1
58,7,1
59,7,1
60,7,1
61,7,1
62,7,1
63,7,1
64,7,1
65,7,1
66,7,1
67,7,1
68,7,1
69,7,1
70,7,1
71,7,1
72,7,1
73,7,1
74,7,1
75,7,1
76,7,1
77,7,1
78,7,1
79,7,1
80,7,1
81,7,1
82,7,1
83,7,1
84,7,1
85,7,1
86,7,1
87,7,1
88,7,1
89,7,1
90,7,1
91,7,1
92,7,1
93,7,1
94,7,1
95,7,1
96,7,1
97,7,1
98,7,1
99,7,1
100,7,1
101,7,1
102,7,1
103,7,1
104,7,1
105,7,1
106,7,1
107,7,1
108,7,1
109,7,1
110,7,1
111,7,1
112,7,1
113,7,1
114,7,1
115,7,1
116,7,1
117,7,1
118,7,1
119,7,1
120,7,1
121,7,1
122,7,1
123,7,1
124,7,1
125,7,1
126,7,1
127,7,1
0,8,1
1,8,1
2,8,1
3,8,1
4,8,1
5,8,1
6,8,1
7,8,1
8,8,1
9,8,1
10,8,1
11,8,1
12,8,1
13,8,1
14,8,1
15,8,1
16,8,1
17,8,1
18,8,1
19,8,1
20,8,1
21,8,1
22,8,1
23,8,1
24,8,1
25,8,1
26,8,1
27,8,2
28,8,2
29,8,2
30,8,2
31,8,2
32,8,2
33,8,2
34,8,2
35,8,2
36,8,2
37,8,1
38,8,1
39,8,1
40,8,1
41,8,1
42,8,1
43,8,1
44,8,1
45,8,1
46,8,1
47,8,1
48,8,1
49,8,1
50,8,1
51,8,1
52,8,1
53,8,1
54,8,1
55,8,1
56,8,1
57,8,1
58,8,1
59,8,1
60,8,1
61,8,1
62,8,1
63,8,1
64,8,1
65,8,1
66,8,1
67,8,1
68,8,1
69,8,1
70,8,1
71,8,1
72,8,1
73,8,1
74,8,1
75,8,1
76,8,1
77,8,1
78,8,1
79,8,1
80,8,1
81,8,1
82,8,1
83,8,1
84,8,1
85,8,1
86,8,1
87,8,1
88,8,1
89,8,1
90,8,1
91,8,2
92,8,1
93,8,1
94,8,1
95,8,1
96,8,1
97,8,1
98,8,1
99,8,1
100,8,1
101,8,1
102,8,1
103,8,1
104,8,1
105,8,1
106,8,1
107,8,1
108,8,1
109,8,1
110,8,1
111,8,1
112,8,1
113,8,1
114,8,1
115,8,1
116,8,1
117,8,1
118,8,1
119,8,1
120,8,1
121,8,1
122,8,1
123,8,1
124,8,1
125,8,1
126,8,1
127,8,1
0,9,1
1,9,1
2,9,1
3,9,1
4,9,1
5,9,1
6,9,1
7,9,1
8,9,1
9,9,1
10,9,1
11,9,1
12,9,1
13,9,1
14,9,1
15,9,1
16,9,1
17,9,1
18,9,1
19,9,1
20,9,1
21,9,1
22,9,1
23,9,1
24,9,1
25,9,1
26,9,1
27,9,2
28,9,2
29,9,2
30,9,2
31,9,2
32,9,2
33,9,2
34,9,2
35,9,2
36,9,2
37,9,2
38,9,2
39,9,1
40,9,1
41,9,1
42,9,1
43,9,1
44,9,1
45,9,1
46,9,1
47,9,1
48,9,1
49,9,1
50,9,1
51,9,1
52,9,1
53,9,1
54,9,1
55,9,1
56,9,1
57,9,1
58,9,1
59,9,1
60,9,1
61,9,1
62,9,1
63,9,1
64,9,1
65,9,1
66,9,1
67,9,1
68,9,1
69,9,1
70,9,1
71,9,1
72,9,1
73,9,1
74,9,1
75,9,1
76,9,1
77,9,1
78,9,1
79,9,1
80,9,1
81,9,1
82,9,1
83,9,1
84,9,1
85,9,1
86,9,1
87,9,1
88,9,1
89,9,2
90,9,2
91,9,2
92,9,1
93,9,1
94,9,1
95,9,1
96,9,1
97,9,1
98,9,1
99,9,1
100,9,1
101,9,1
102,9,1
103,9,1
104,9,1
105,9,1
106,9,1
107,9,1
108,9,1
109,9,1
110,9,1
111,9,1
112,9,1
113,9,1
114,9,1
115,9,1
116,9,1
117,9,1
118,9,1
119,9,1
120,9,1
121,9,1
122,9,1
123,9,1
124,9,1
125,9,1
126,9,1
127,9,1
0,10,1
1,10,1
2,10,1
3,10,1
4,10,1
5,10,1
6,10,1
7,10,1
8,10,1
9,10,1
10,10,1
11,10,1
12,10,1
13,10,1
14,10,1
15,10,1
16,10,1
17,10,1
18,10,1
19,10,1
20,10,1
21,10,1
22,10,1
23,10,1
24,10,1
25,10,1
26,10,2
27,10,2
28,10,2
29,10,2
30,10,2
31,10,2
32,10,2
33,10,2
34,10,2
35,10,2
36,10,2
37,10,2
38,10,2
39,10,2
40,10,2
41,10,1
42,10,1
43,10,1
44,10,1
45,10,1
46,10,1
47,10,1
48,10,1
49,10,1
50,10,1
51,10,1
52,10,1
53,10,1
54,10,1
55,10,1
56,10,1
57,10,1
58,10,1
59,10,1
60,10,1
61,10,1
62,10,1
63,10,1
64,10,1
65,10,1
66,10,1
67,10,1
68,10,1
69,10,1
70,10,1
71,10,1
72,10,1
73,10,1
74,10,1
75,10,1
76,10,1
77,10,1
78,10,1
79,10,1
80,10,1
81,10,1
82,10,1
83,10,1
84,10,1
85,10,1
86,10,1
87,10,2
88,10,2
89,10,2
90,10,2
91,10,2
92,10,2
93,10,1
94,10,1
95,10,1
96,10,1
97,10,1
98,10,1
99,10,1
100,10,1
101,10,1
102,10,1
103,10,1
104,10,1
105,10,1
106,10,1
107,10,1
108,10,1
109,10,1
110,10,1
111,10,1
112,10,1
113,10,1
114,10,1
115,10,1
116,10,1
117,10,1
118,10,1
119,10,1
120,10,1
121,10,1
122,10,1
123,10,1
124,10,1
125,10,1
126,10,1
127,10,1
0,11,1
1,11,1
2,11,1
3,11,1
4,11,1
5,11,1
6,11,1
7,11,1
8,11,1
9,11,1
10,11,1
11,11,1
12,11,1
13,11,1
14,11,1
15,11,1
16,11,1
17,11,1
18,11,1
19,11,1
20,11,1
21,11,1
22,11,1
23,11,1
24,11,1
25,11,2
26,11,2
27,11,2
28,11,2
29,11,2
30,11,2
31,11,2
32,11,2
33,11,2
34,11,2
35,11,2
36,11,2
37,11,2
38,11,2
39,11,2
40,11,2
41,11,2
42,11,2
43,11,1
44,11,1
45,11,1
46,11,1
47,11,1
48,11,1
49,11,1
50,11,1
51,11,1
52,11,1
53,11,1
54,11,1
55,11,1
56,11,1
57,11,1
58,11,1
59,11,1
60,11,1
61,11,1
62,11,1
63,11,1
64,11,1
65,11,1
66,11,1
67,11,1
68,11,1
69,11,1
70,11,1
71,11,1
72,11,1
73,11,1
74,11,1
75,11,1
76,11,1
77,11,1
78,11,1
79,11,1
80,11,1
81,11,1
82,11,1
83,11,1
84,11,1
85,11,2
86,11,2
87,11,2
88,11,2
89,11,2
90,11,2
91,11,2
92,11,2
93,11,2
94,11,1
95,11,1
96,11,1
97,11,1
98,11,1
99,11,1
100,11,1
101,11,1
102,11,1
103,11,1
104,11,1
105,11,1
106,11,1
107,11,1
108,11,1
109,11,1
110,11,1
111,11,1
112,11,1
113,11,1
114,11,1
115,11,1
116,11,1
117,11,1
118,11,1
119,11,1
120,11,1
121,11,1
122,11,1
123,11,1
124,11,1
125,11,1
126,11,1
127,11,1
0,12,1
1,12,1
2,12,1
3,12,1
4,12,1
5,12,1
6,12,1
7,12,1
8,12,1
9,12,1
10,12,1
11,12,1
12,12,1
13,12,1
14,12,1
15,12,1
16,12,1
17,12,1
18,12,1
19,12,1
20,12,1
21,12,1
22,12,1
23,12,1
24,12,1
25,12,2
26,12,2
27,12,2
28,12,2
29,12,2
30,12,2
31,12,2
32,12,2
33,12,2
34,12,2
35,12,2
36,12,2
37,12,2
38,12,2
39,12,2
40,12,2
41,12,2
42,12,2
43,12,2
44,12,2
45,12,2
46,12,1
47,12,1
48,12,1
49,12,1
50,12,1
51,12,1
52,12,1
53,12,1
54,12,1
55,12,1
56,12,1
57,12,1
58,12,1
59,12,1
60,12,1
61,12,1
62,12,1
63,12,1
64,12,1
65,12,1
66,12,1
67,12,1
68,12,1
69,12,1
70,12,1
71,12,1
72,12,1
73,12,1
74,12,1
75,12,1
76,12,1
77,12,1
78,12,1
79,12,1
80,12,1
81,12,1
82,12,2
83,12,2
84,12,2
85,12,2
86,12,2
87,12,2
88,12,2
89,12,2
90,12,2
91,12,2
92,12,2
93,12,2
94,12,1
95,12,1
96,12,1
97,12,1
98,12,1
99,12,1
100,12,1
101,12,1
102,12,1
103,12,1
104,12,1
105,12,1
106,12,1
107,12,1
108,12,1
109,12,1
110,12,1
111,12,1
112,12,1
113,12,1
114,12,1
115,12,1
116,12,1
117,12,1
118,12,1
119,12,1
120,12,1
121,12,1
122,12,1
123,12,1
124,12,1
125,12,1
126,12,1
127,12,1
0,13,1
1,13,1
2,13,1
3,13,1
4,13,1
5,13,1
6,13,1
7,13,1
8,13,1
9,13,1
10,13,1
11,13,1
12,13,1
13,13,1
14,13,1
15,13,1
16,13,1
17,13,1
18,13,1
19,13,1
20,13,1
21,13,1
22,13,1
23,13,1
24,13,2
25,13,2
26,13,2
27,13,2
28,13,2
29,13,2
30,13,2
31,13,2
32,13,2
33,13,2
34,13,2
35,13,2
36,13,2
37,13,2
38,13,2
39,13,2
40,13,2
41,13,2
42,13,2
43,13,2
44,13,2
45,13,2
46,13,2
47,13,2
48,13,2
49,13,1
50,13,1
51,13,1
52,13,1
53,13,1
54,13,1
55,13,1
56,13,1
57,13,1
58,13,1
59,13,1
60,13,1
61,13,1
62,13,1
63,13,1
64,13,1
65,13,1
66,13,1
67,13,1
68,13,1
69,13,1
70,13,1
71,13,1
72,13,1
73,13,1
74,13,1
75,13,1
76,13,1
77,13,1
78,13,1
79,13,2
80,13,2
81,13,2
82,13,2
83,13,2
84,13,2
85,13,2
86,13,2
87,13,2
88,13,2
89,13,2
90,13,2
91,13,2
92,13,2
93,13,2
94,13,2
95,13,1
96,13,1
97,13,1
98,13,1
99,13,1
100,13,1
101,13,1
102,13,1
103,13,1
104,13,1
105,13,1
106,13,1
107,13,1
108,13,1
109,13,1
110,13,1
111,13,1
112,13,1
113,13,1
114,13,1
115,13,1
116,13,1
117,13,1
118,13,1
119,13,1
120,13,1
121,13,1
122,13,1
123,13,1
124,13,1
125,13,1
126,13,1
127,13,1
0,14,1
1,14,1
2,14,1
3,14,1
4,14,1
5,14,1
6,14,1
7,14,1
8,14,1
9,14,1
10,14,1
11,14,1
12,14,1
13,14,1
14,14,1
15,14,1
16,14,1
17,14,1
18,14,1
19,14,1
20,14,1
21,14,1
22,14,1
23,14,2
24,14,2
25,14,2
26,14,2
27,14,2
28,14,2
29,14,2
30,14,2
31,14,2
32,14,2
33,14,2
34,14,2
35,14,2
36,14,2
37,14,2
38,14,2
39,14,2
40,14,2
41,14,2
42,14,2
43,14,2
44,14,2
45,14,2
46,14,2
47,14,2
48,14,2
49,14,2
50,14,2
51,14,2
52,14,2
53,14,1
54,14,1
55,14,1
56,14,1
57,14,1
58,14,1
59,14,1
60,14,1
61,14,1
62,14,1
63,14,1
64,14,1
65,14,1
66,14,1
67,14,1
68,14,1
69,14,1
70,14,1
71,14,1
72,14,1
73,14,1
74,14,1
75,14,2
76,14,2
77,14,2
78,14,2
79,14,2
80,14,2
81,14,2
82,14,2
83,14,2
84,14,2
85,14,2
86,14,2
87,14,2
88,14,2
89,14,2
90,14,2
91,14,2
92,14,2
93,14,2
94,14,2
95,14,1
96,14,1
97,14,1
98,14,1
99,14,1
100,14,1
101,14,1
102,14,1
103,14,1
104,14,1
105,14,1
106,14,1
107,14,1
108,14,1
109,14,1
110,14,1
111,14,1
112,14,1
113,14,1
114,14,1
115,14,1
116,14,1
117,14,1
118,14,1
119,14,1
120,14,1
121,14,1
122,14,1
123,14,1
124,14,1
125,14,1
126,14,1
127,14,1
0,15,1
1,15,1
2,15,1
3,15,1
4,15,1
5,15,1
6,15,1
7,15,1
8,15,1
9,15,1
10,15,1
11,15,1
12,15,1
13,15,1
14,15,1
15,15,1
16,15,1
17,15,1
18,15,1
19,15,1
20,15,1
21,15,1
22,15,2
23,15,2
24,15,2
25,15,2
26,15,2
27,15,2
28,15,2
29,15,2
30,15,2
31,15,2
32,15,2
33,15,2
34,15,2
35,15,2
36,15,2
37,15,2
38,15,2
39,15,2
40,15,2
41,15,2
42,15,2
43,15,2
44,15,2
45,15,2
46,15,2
47,15,2
48,15,2
49,15,2
50,15,2
51,15,2
52,15,2
53,15,2
54,15,2
55,15,2
56,15,2
57,15,2
58,15,2
59,15,1
60,15,1
61,15,1
62,15,1
63,15,1
64,15,1
65,15,1
66,15,1
67,15,1
68,15,1
69,15,2
70,15,2
71,15,2
72,15,2
73,15,2
74,15,2
75,15,2
76,15,2
77,15,2
78,15,2
79,15,2
80,15,2
81,15,2
82,15,2
83,15,2
84,15,2
85,15,2
86,15,2
87,15,2
88,15,2
89,15,2
90,15,2
91,15,2
92,15,2
93,15,2
94,15,2
95,15,2
96,15,1
97,15,1
98,15,1
99,15,1
100,15,1
101,15,1
102,15,1
103,15,1
104,15,1
105,15,1
106,15,1
107,15,1
108,15,1
109,15,1
110,15,1
111,15,1
112,15,1
113,15,1
114,15,1
115,15,1
116,15,1
117,15,1
118,15,1
119,15,1
120,15,1
121,15,1
122,15,1
123,15,1
124,15,1
125,15,1
126,15,1
127,15,1
0,16,1
1,16,1
2,16,1
3,16,1
4,16,1
5,16,1
6,16,1
7,16,1
8,16,1
9,16,1
10,16,1
11,16,1
12,16,1
13,16,1
14,16,1
15,16,1
16,16,1
17,16,1
18,16,1
19,16,1
20,16,1
21,16,2
22,16,2
23,16,2
24,16,2
25,16,2
26,16,2
27,16,2
28,16,2
29,16,2
30,16,2
31,16,2
32,16,2
33,16,2
34,16,2
35,16,2
36,16,2
37,16,2
38,16,2
39,16,2
40,16,2
41,16,2
42,16,2
43,16,2
44,16,2
45,16,2
46,16,2
47,16,2
48,16,2
49,16,2
50,16,2
51,16,2
52,16,2
53,16,2
54,16,2
55,16,2
56,16,2
57,16,2
58,16,2
59,16,2
60,16,2
61,16,2
62,16,2
63,16,2
64,16,2
65,16,2
66,16,2
67,16,2
68,16,2
69,16,2
70,16,2
71,16,2
72,16,2
73,16,2
74,16,2
75,16,2
76,16,2
77,16,2
78,16,2
79,16,2
80,16,2
81,16,2
82,16,2
83,16,2
84,16,2
85,16,2
86,16,2
87,16,2
88,16,2
89,16,2
90,16,2
91,16,2
92,16,2
93,16,2
94,16,2
95,16,2
96,16,2
97,16,1
98,16,1
99,16,1
100,16,1
101,16,1
102,16,1
103,16,1
104,16,1
105,16,1
106,16,1
107,16,1
108,16,1
109,16,1
110,16,1
111,16,1
112,16,1
113,16,1
114,16,1
115,16,1
116,16,1
117,16,1
118,16,1
119,16,1
120,16,1
121,16,1
122,16,1
123,16,1
124,16,1
125,16,1
126,16,1
127,16,1
0,17,1
1,17,1
2,17,1
3,17,1
4,17,1
5,17,1
6,17,1
7,17,1
8,17,1
9,17,1
10,17,1
11,17,1
12,17,1
13,17,1
14,17,1
15,17,1
16,17,1
17,17,1
18,17,1
19,17,1
20,17,2
21,17,2
22,17,2
23,17,2
24,17,2
25,17,2
26,17,2
27,17,2
28,17,2
29,17,2
30,17,2
31,17,2
32,17,2
33,17,2
34,17,2
35,17,2
36,17,2
37,17,2
38,17,2
39,17,2
40,17,2
41,17,2
42,17,2
43,17,2
44,17,2
45,17,2
46,17,2
47,17,2
48,17,2
49,17,2
50,17,2
51,17,2
52,17,2
53,17,2
54,17,2
55,17,2
56,17,2
57,17,2
58,17,2
59,17,2
60,17,2
61,17,2
62,17,2
63,17,2
64,17,2
65,17,2
66,17,2
67,17,2
68,17,2
69,17,2
70,17,2
71,17,2
72,17,2
73,17,2
74,17,2
75,17,2
76,17,2
77,17,2
78,17,2
79,17,2
80,17,2
81,17,2
82,17,2
83,17,2
84,17,2
85,17,2
86,17,2
87,17,2
88,17,2
89,17,2
90,17,2
91,17,2
92,17,2
93,17,2
94,17,2
95,17,2
96,17,2
97,17,1
98,17,1
99,17,1
100,17,1
101,17,1
102,17,1
103,17,1
104,17,1
105,17,1
106,17,1
107,17,1
108,17,1
109,17,1
110,17,1
111,17,1
112,17,1
113,17,1
114,17,1
115,17,1
116,17,1
117,17,1
118,17,1
119,17,1
120,17,1
121,17,1
122,17,1
123,17,1
124,17,1
125,17,1
126,17,1
127,17,1
0,18,1
1,18,1
2,18,1
3,18,1
4,18,1
5,18,1
6,18,1
7,18,1
8,18,1
9,18,1
10,18,1
11,18,1
12,18,1
13,18,1
14,18,1
15,18,1
16,18,1
17,18,1
18,18,1
19,18,2
20,18,2
21,18,2
22,18,2
23,18,2
24,18,2
25,18,2
26,18,2
27,18,2
28,18,2
29,18,2
30,18,2
31,18,2
32,18,2
33,18,2
34,18,2
35,18,2
36,18,2
37,18,2
38,18,2
39,18,2
40,18,2
41,18,2
42,18,2
43,18,2
44,18,2
45,18,2
46,18,2
47,18,2
48,18,2
49,18,2
50,18,2
51,18,2
52,18,2
53,18,2
54,18,2
55,18,2
56,18,2
57,18,2
58,18,2
59,18,2
60,18,2
61,18,2
62,18,2
63,18,2
64,18,2
65,18,2
66,18,2
67,18,2
68,18,2
69,18,2
70,18,2
71,18,2
72,18,2
73,18,2
74,18,2
75,18,2
76,18,2
77,18,2
78,18,2
79,18,2
80,18,2
81,18,2
82,18,2
83,18,2
84,18,2
85,18,2
86,18,2
87,18,2
88,18,2
89,18,2
90,18,2
91,18,2
92,18,2
93,18,2
94,18,2
95,18,2
96,18,2
97,18,2
98,18,1
99,18,1
100,18,1
101,18,1
102,18,1
103,18,1
104,18,1
105,18,1
106,18,1
107,18,1
108,18,1
109,18,1
110,18,1
111,18,1
112,18,1
113,18,1
114,18,1
115,18,1
116,18,1
117,18,1
118,18,1
119,18,1
120,18,1
121,18,1
122,18,1
123,18,1
124,18,1
125,18,1
126,18,1
127,18,1
0,19,1
1,19,1
2,19,1
3,19,1
4,19,1
5,19,1
6,19,1
7,19,1
8,19,1
9,19,1
10,19,1
11,19,1
12,19,1
13,19,1
14,19,1
15,19,1
16,19,1
17,19,1
18,19,2
19,19,2
20,19,2
21,19,2
22,19,2
23,19,2
24,19,2
25,19,2
26,19,2
27,19,2
28,19,2
29,19,2
30,19,2
31,19,2
32,19,2
33,19,2
34,19,2
35,19,2
36,19,2
37,19,2
38,19,2
39,19,2
40,19,2
41,19,2
42,19,2
43,19,2
44,19,2
45,19,2
46,19,2
47,19,2
48,19,3
49,19,3
50,19,2
51,19,2
52,19,2
53,19,2
54,19,2
55,19,2
56,19,2
57,19,2
58,19,2
59,19,2
60,19,2
61,19,2
62,19,2
63,19,2
64,19,2
65,19,2
66,19,2
67,19,2
68,19,2
69,19,2
70,19,2
71,19,2
72,19,2
73,19,2
74,19,2
75,19,2
76,19,2
77,19,2
78,19,2
79,19,2
80,19,2
81,19,2
82,19,2
83,19,2
84,19,2
85,19,2
86,19,2
87,19,2
88,19,2
89,19,2
90,19,2
91,19,2
92,19,2
93,19,2
94,19,2
95,19,2
96,19,2
97,19,2
98,19,2
99,19,1
100,19,1
101,19,1
102,19,1
103,19,1
104,19,1
105,19,1
106,19,1
107,19,1
108,19,1
109,19,1
110,19,1
111,19,1
112,19,1
113,19,1
114,19,1
115,19,1
116,19,1
117,19,1
118,19,1
119,19,1
120,19,1
121,19,1
122,19,1
123,19,1
124,19,1
125,19,1
126,19,1
127,19,1
0,20,1
1,20,1
2,20,1
3,20,1
4,20,1
5,20,1
6,20,1
7,20,1
8,20,1
9,20,1
10,20,1
11,20,1
12,20,1
13,20,1
14,20,1
15,20,1
16,20,1
17,20,2
18,20,2
19,20,2
20,20,2
21,20,2
22,20,2
23,20,2
24,20,2
25,20,2
26,20,2
27,20,2
28,20,2
29,20,2
30,20,2
31,20,2
32,20,2
33,20,2
34,20,2
35,20,2
36,20,2
37,20,2
38,20,2
39,20,2
40,20,2
41,20,2
42,20,2
43,20,2
44,20,2
45,20,2
46,20,2
47,20,3
48,20,3
49,20,3
50,20,3
51,20,3
52,20,2
53,20,2
54,20,2
55,20,2
56,20,2
57,20,2
58,20,2
59,20,2
60,20,2
61,20,2
62,20,2
63,20,2
64,20,2
65,20,2
66,20,2
67,20,2
68,20,2
69,20,2
70,20,3
71,20,3
72,20,2
73,20,2
74,20,2
75,20,2
76,20,2
77,20,2
78,20,2
79,20,2
80,20,2
81,20,2
82,20,2
83,20,2
84,20,2
85,20,2
86,20,2
87,20,2
88,20,2
89,20,2
90,20,2
91,20,2
92,20,2
93,20,2
94,20,2
95,20,2
96,20,2
97,20,2
98,20,2
99,20,2
100,20,1
101,20,1
102,20,1
103,20,1
104,20,1
105,20,1
106,20,1
107,20,1
108,20,1
109,20,1
110,20,1
111,20,1
112,20,1
113,20,1
114,20,1
115,20,1
116,20,1
117,20,1
118,20,1
119,20,1
120,20,1
121,20,1
122,20,1
123,20,1
124,20,1
125,20,1
126,20,1
127,20,1
0,21,1
1,21,1
2,21,1
3,21,1
4,21,1
5,21,1
6,21,1
7,21,1
8,21,1
9,21,1
10,21,1
11,21,1
12,21,1
13,21,1
14,21,1
15,21,1
16,21,2
17,21,2
18,21,2
19,21,2
20,21,2
21,21,2
22,21,2
23,21,2
24,21,2
25,21,2
26,21,2
27,21,2
28,21,2
29,21,2
30,21,2
31,21,2
32,21,2
33,21,2
34,21,2
35,21,2
36,21,2
37,21,2
38,21,2
39,21,2
40,21,2
41,21,2
42,21,2
43,21,2
44,21,2
45,21,2
46,21,3
47,21,3
48,21,3
49,21,3
50,21,3
51,21,3
52,21,3
53,21,3
54,21,2
55,21,2
56,21,2
57,21,2
58,21,2
59,21,2
60,21,2
61,21,2
62,21,2
63,21,2
64,21,2
65,21,2
66,21,2
67,21,2
68,21,3
69,21,3
70,21,3
71,21,3
72,21,3
73,21,2
74,21,2
75,21,2
76,21,2
77,21,2
78,21,2
79,21,2
80,21,2
81,21,2
82,21,2
83,21,2
84,21,2
85,21,2
86,21,2
87,21,2
88,21,2
89,21,2
90,21,2
91,21,2
92,21,2
93,21,2
94,21,2
95,21,2
96,21,2
97,21,2
98,21,2
99,21,2
100,21,1
101,21,1
102,21,1
103,21,1
104,21,1
105,21,1
106,21,1
107,21,1
108,21,1
109,21,1
110,21,1
111,21,1
112,21,1
113,21,1
114,21,1
115,21,1
116,21,1
117,21,1
118,21,1
119,21,1
120,21,1
121,21,1
122,21,1
123,21,1
124,21,1
125,21,1
126,21,1
127,21,1
0,22,1
1,22,1
2,22,1
3,22,1
4,22,1
5,22,1
6,22,1
7,22,1
8,22,1
9,22,1
10,22,1
11,22,1
12,22,1
13,22,1
14,22,1
15,22,2
16,22,2
17,22,2
18,22,2
19,22,2
20,22,2
21,22,2
22,22,2
23,22,2
24,22,2
25,22,2
26,22,2
27,22,2
28,22,2
29,22,2
30,22,2
31,22,2
32,22,2
33,22,2
34,22,2
35,22,2
36,22,2
37,22,2
38,22,2
39,22,2
40,22,2
41,22,2
42,22,2
43,22,2
44,22,2
45,22,3
46,22,3
47,22,3
48,22,3
49,22,3
50,22,3
51,22,3
52,22,3
53,22,3
54,22,3
55,22,3
56,22,3
57,22,3
58,22,2
59,22,2
60,22,2
61,22,2
62,22,2
63,22,3
64,22,3
65,22,3
66,22,3
67,22,3
68,22,3
69,22,3
70,22,3
71,22,3
72,22,3
73,22,2
74,22,2
75,22,2
76,22,2
77,22,2
78,22,2
79,22,2
80,22,2
81,22,2
82,22,2
83,22,2
84,22,2
85,22,2
86,22,2
87,22,2
88,22,2
89,22,2
90,22,2
91,22,2
92,22,2
93,22,2
94,22,2
95,22,2
96,22,2
97,22,2
98,22,2
99,22,2
100,22,2
101,22,1
102,22,1
103,22,1
104,22,1
105,22,1
106,22,1
107,22,1
108,22,1
109,22,1
110,22,1
111,22,1
112,22,1
113,22,1
114,22,1
115,22,1
116,22,1
117,22,1
118,22,1
119,22,1
120,22,1
121,22,1
122,22,1
123,22,1
124,22,1
125,22,1
126,22,1
127,22,1
0,23,1
1,23,1
2,23,1
3,23,1
4,23,1
5,23,1
6,23,1
7,23,1
8,23,1
9,23,1
10,23,1
11,23,1
12,23,1
13,23,1
14,23,2
15,23,2
16,23,2
17,23,2
18,23,2
19,23,2
20,23,2
21,23,2
22,23,2
23,23,2
24,23,2
25,23,2
26,23,2
27,23,2
28,23,2
29,23,2
30,23,2
31,23,2
32,23,2
33,23,2
34,23,2
35,23,2
36,23,2
37,23,2
38,23,2
39,23,2
40,23,2
41,23,2
42,23,2
43,23,2
44,23,3
45,23,3
46,23,3
47,23,3
48,23,3
49,23,3
50,23,3
51,23,3
52,23,3
53,23,3
54,23,3
55,23,3
56,23,3
57,23,3
58,23,3
59,23,3
60,23,3
61,23,3
62,23,3
63,23,3
64,23,3
65,23,3
66,23,3
67,23,3
68,23,3
69,23,3
70,23,3
71,23,3
72,23,3
73,23,3
74,23,2
75,23,2
76,23,2
77,23,2
78,23,2
79,23,2
80,23,2
81,23,2
82,23,2
83,23,2
84,23,2
85,23,2
86,23,2
87,23,2
88,23,2
89,23,2
90,23,2
91,23,2
92,23,2
93,23,2
94,23,2
95,23,2
96,23,2
97,23,2
98,23,2
99,23,2
100,23,2
101,23,2
102,23,1
103,23,1
104,23,1
105,23,1
106,23,1
107,23,1
108,23,1
109,23,1
110,23,1
111,23,1
112,23,1
113,23,1
114,23,1
115,23,1
116,23,1
117,23,1
118,23,1
119,23,1
120,23,1
121,23,1
122,23,1
123,23,1
124,23,1
125,23,1
126,23,1
127,23,1
0,24,1
1,24,1
2,24,1
3,24,1
4,24,1
5,24,1
6,24,1
7,24,1
8,24,1
9,24,1
10,24,1
11,24,1
12,24,1
13,24,2
14,24,2
15,24,2
16,24,2
17,24,2
18,24,2
19,24,2
20,24,2
21,24,2
22,24,2
23,24,2
24,24,2
25,24,2
26,24,2
27,24,2
28,24,2
29,24,2
30,24,2
31,24,2
32,24,2
33,24,2
34,24,2
35,24,2
36,24,2
37,24,2
38,24,2
39,24,2
40,24,2
41,24,2
42,24,2
43,24,3
44,24,3
45,24,3
46,24,3
47,24,3
48,24,3
49,24,3
50,24,3
51,24,3
52,24,3
53,24,3
54,24,3
55,24,3
56,24,4
57,24,3
58,24,3
59,24,3
60,24,3
61,24,3
62,24,3
63,24,4
64,24,4
65,24,3
66,24,3
67,24,3
68,24,3
69,24,3
70,24,3
71,24,3
72,24,3
73,24,3
74,24,3
75,24,2
76,24,2
77,24,2
78,24,2
79,24,2
80,24,2
81,24,2
82,24,2
83,24,2
84,24,2
85,24,2
86,24,2
87,24,2
88,24,2
89,24,2
90,24,2
91,24,2
92,24,2
93,24,2
94,24,2
95,24,2
96,24,2
97,24,2
98,24,2
99,24,2
100,24,2
101,24,2
102,24,2
103,24,1
104,24,1
105,24,1
106,24,1
107,24,1
108,24,1
109,24,1
110,24,1
111,24,1
112,24,1
113,24,1
114,24,1
115,24,1
116,24,1
117,24,1
118,24,1
119,24,1
120,24,1
121,24,1
122,24,1
123,24,1
124,24,1
125,24,1
126,24,1
127,24,1
0,25,1
1,25,1
2,25,1
3,25,1
4,25,1
5,25,1
6,25,1
7,25,1
8,25,1
9,25,1
10,25,1
11,25,2
12,25,2
13,25,2
14,25,2
15,25,2
16,25,2
17,25,2
18,25,2
19,25,2
20,25,2
21,25,2
22,25,2
23,25,2
24,25,2
25,25,2
26,25,2
27,25,2
28,25,2
29,25,2
30,25,2
31,25,2
32,25,2
33,25,2
34,25,2
35,25,2
36,25,2
37,25,2
38,25,2
39,25,2
40,25,2
41,25,2
42,25,3
43,25,3
44,25,3
45,25,3
46,25,3
47,25,3
48,25,3
49,25,3
50,25,3
51,25,3
52,25,3
53,25,3
54,25,3
55,25,4
56,25,4
57,25,4
58,25,4
59,25,4
60,25,4
61,25,4
62,25,4
63,25,4
64,25,4
65,25,3
66,25,3
67,25,3
68,25,3
69,25,3
70,25,3
71,25,3
72,25,3
73,25,3
74,25,3
75,25,3
76,25,2
77,25,2
78,25,2
79,25,2
80,25,2
81,25,2
82,25,2
83,25,2
84,25,2
85,25,2
86,25,2
87,25,2
88,25,2
89,25,2
90,25,2
91,25,2
92,25,2
93,25,2
94,25,2
95,25,2
96,25,2
97,25,2
98,25,2
99,25,2
100,25,2
101,25,2
102,25,2
103,25,2
104,25,1
105,25,1
106,25,1
107,25,1
108,25,1
109,25,1
110,25,1
111,25,1
112,25,1
113,25,1
114,25,1
115,25,1
116,25,1
117,25,1
118,25,1
119,25,1
120,25,1
121,25,1
122,25,1
123,25,1
124,25,1
125,25,1
126,25,1
127,25,1
0,26,1
1,26,1
2,26,1
3,26,1
4,26,1
5,26,1
6,26,1
7,26,1
8,26,1
9,26,1
10,26,2
11,26,2
12,26,2
13,26,2
14,26,2
15,26,2
16,26,2
17,26,2
18,26,2
19,26,2
20,26,2
21,26,2
22,26,2
23,26,2
24,26,2
25,26,2
26,26,2
27,26,2
28,26,2
29,26,2
30,26,2
31,26,2
32,26,2
33,26,2
34,26,2
35,26,2
36,26,2
37,26,2
38,26,2
39,26,2
40,26,3
41,26,3
42,26,3
43,26,3
44,26,3
45,26,3
46,26,3
47,26,3
48,26,3
49,26,3
50,26,3
51,26,3
52,26,3
53,26,3
54,26,4
55,26,4
56,26,4
57,26,4
58,26,4
59,26,5
60,26,6
61,26,6
62,26,5
63,26,4
64,26,4
65,26,4
66,26,3
67,26,3
68,26,3
69,26,3
70,26,3
71,26,3
72,26,3
73,26,3
74,26,3
75,26,3
76,26,3
77,26,2
78,26,2
79,26,2
80,26,2
81,26,2
82,26,2
83,26,2
84,26,2
85,26,2
86,26,2
87,26,2
88,26,2
89,26,2
90,26,2
91,26,2
92,26,2
93,26,2
94,26,2
95,26,2
96,26,2
97,26,2
98,26,2
99,26,2
100,26,2
101,26,2
102,26,2
103,26,2
104,26,2
105,26,1
106,26,1
107,26,1
108,26,1
109,26,1
110,26,1
111,26,1
112,26,1
113,26,1
114,26,1
115,26,1
116,26,1
117,26,1
118,26,1
119,26,1
120,26,1
121,26,1
122,26,1
123,26,1
124,26,1
125,26,1
126,26,1
127,26,1
0,27,1
1,27,1
2,27,1
3,27,1
4,27,1
5,27,1
6,27,1
7,27,1
8,27,2
9,27,2
10,27,2
11,27,2
12,27,2
13,27,2
14,27,2
15,27,2
16,27,2
17,27,2
18,27,2
19,27,2
20,27,2
21,27,2
22,27,2
23,27,2
24,27,2
25,27,2
26,27,3
27,27,3
28,27,2
29,27,2
30,27,2
31,27,2
32,27,2
33,27,2
34,27,2
35,27,2
36,27,2
37,27,3
38,27,3
39,27,3
40,27,3
41,27,3
42,27,3
43,27,3
44,27,3
45,27,3
46,27,3
47,27,3
48,27,3
49,27,3
50,27,3
51,27,3
52,27,3
53,27,4
54,27,4
55,27,4
56,27,4
57,27,4
58,27,5
59,27,6
60,27,13
61,27,77
62,27,7
63,27,5
64,27,5
65,27,4
66,27,4
67,27,4
68,27,3
69,27,3
70,27,3
71,27,3
72,27,3
73,27,3
74,27,3
75,27,3
76,27,3
77,27,3
78,27,2
79,27,2
80,27,2
81,27,2
82,27,2
83,27,2
84,27,2
85,27,2
86,27,2
87,27,2
88,27,2
89,27,2
90,27,2
91,27,2
92,27,2
93,27,2
94,27,2
95,27,2
96,27,2
97,27,2
98,27,2
99,27,2
100,27,2
101,27,2
102,27,2
103,27,2
104,27,2
105,27,2
106,27,1
107,27,1
108,27,1
109,27,1
110,27,1
111,27,1
112,27,1
113,27,1
114,27,1
115,27,1
116,27,1
117,27,1
118,27,1
119,27,1
120,27,1
121,27,1
122,27,1
123,27,1
124,27,1
125,27,1
126,27,1
127,27,1
0,28,1
1,28,1
2,28,1
3,28,1
4,28,1
5,28,1
6,28,1
7,28,2
8,28,2
9,28,2
10,28,2
11,28,2
12,28,2
13,28,2
14,28,2
15,28,2
16,28,2
17,28,2
18,28,2
19,28,2
20,28,2
21,28,2
22,28,2
23,28,2
24,28,2
25,28,3
26,28,3
27,28,3
28,28,3
29,28,3
30,28,3
31,28,3
32,28,3
33,28,3
34,28,3
35,28,3
36,28,3
37,28,3
38,28,3
39,28,3
40,28,3
41,28,3
42,28,3
43,28,3
44,28,3
45,28,3
46,28,3
47,28,3
48,28,3
49,28,3
50,28,3
51,28,4
52,28,4
53,28,4
54,28,4
55,28,4
56,28,5
57,28,5
58,28,6
59,28,35
60,28,66
61,28,256
62,28,9
63,28,6
64,28,5
65,28,4
66,28,4
67,28,4
68,28,4
69,28,4
70,28,4
71,28,4
72,28,4
73,28,3
74,28,3
75,28,3
76,28,3
77,28,3
78,28,3
79,28,3
80,28,2
81,28,2
82,28,2
83,28,2
84,28,2
85,28,2
86,28,2
87,28,2
88,28,2
89,28,2
90,28,2
91,28,2
92,28,2
93,28,2
94,28,2
95,28,2
96,28,2
97,28,2
98,28,2
99,28,2
100,28,2
101,28,2
102,28,2
103,28,2
104,28,2
105,28,2
106,28,2
107,28,2
108,28,1
109,28,1
110,28,1
111,28,1
112,28,1
113,28,1
114,28,1
115,28,1
116,28,1
117,28,1
118,28,1
119,28,1
120,28,1
121,28,1
122,28,1
123,28,1
124,28,1
125,28,1
126,28,1
127,28,1
0,29,1
1,29,1
2,29,1
3,29,1
4,29,1
5,29,2
6,29,2
7,29,2
8,29,2
9,29,2
10,29,2
11,29,2
12,29,2
13,29,2
14,29,2
15,29,2
16,29,2
17,29,2
18,29,2
19,29,2
20,29,2
21,29,2
22,29,2
23,29,2
24,29,2
25,29,3
26,29,3
27,29,3
28,29,3
29,29,3
30,29,3
31,29,3
32,29,3
33,29,3
34,29,3
35,29,3
36,29,3
37,29,3
38,29,3
39,29,3
40,29,3
41,29,3
42,29,3
43,29,3
44,29,3
45,29,3
46,29,4
47,29,4
48,29,4
49,29,4
50,29,4
51,29,4
52,29,4
53,29,4
54,29,4
55,29,5
56,29,5
57,29,6
58,29,7
59,29,36
60,29,240
61,29,256
62,29,45
63,29,10
64,29,8
65,29,5
66,29,4
67,29,4
68,29,4
69,29,4
70,29,4
71,29,4
72,29,4
73,29,3
74,29,3
75,29,3
76,29,3
77,29,3
78,29,3
79,29,3
80,29,3
81,29,3
82,29,2
83,29,2
84,29,2
85,29,2
86,29,2
87,29,2
88,29,2
89,29,2
90,29,2
91,29,2
92,29,2
93,29,2
94,29,2
95,29,2
96,29,2
97,29,2
98,29,2
99,29,2
100,29,2
101,29,2
102,29,2
103,29,2
104,29,2
105,29,2
106,29,2
107,29,2
108,29,2
109,29,1
110,29,1
111,29,1
112,29,1
113,29,1
114,29,1
115,29,1
116,29,1
117,29,1
118,29,1
119,29,1
120,29,1
121,29,1
122,29,1
123,29,1
124,29,1
125,29,1
126,29,1
127,29,1
0,30,1
1,30,1
2,30,1
3,30,2
4,30,2
5,30,2
6,30,2
7,30,2
8,30,2
9,30,2
10,30,2
11,30,2
12,30,2
13,30,2
14,30,2
15,30,2
16,30,2
17,30,2
18,30,2
19,30,2
20,30,2
21,30,2
22,30,2
23,30,2
24,30,3
25,30,3
26,30,3
27,30,3
28,30,3
29,30,3
30,30,3
31,30,3
32,30,3
33,30,3
34,30,3
35,30,3
36,30,3
37,30,3
38,30,3
39,30,3
40,30,3
41,30,3
42,30,3
43,30,3
44,30,3
45,30,3
46,30,4
47,30,4
48,30,4
49,30,4
50,30,4
51,30,4
52,30,4
53,30,4
54,30,4
55,30,5
56,30,6
57,30,7
58,30,8
59,30,11
60,30,69
61,30,256
62,30,143
63,30,85
64,30,86
65,30,6
66,30,5
67,30,5
68,30,4
69,30,4
70,30,4
71,30,4
72,30,4
73,30,3
74,30,3
75,30,3
76,30,3
77,30,3
78,30,3
79,30,3
80,30,3
81,30,3
82,30,3
83,30,3
84,30,3
85,30,2
86,30,2
87,30,2
88,30,2
89,30,2
90,30,2
91,30,2
92,30,2
93,30,2
94,30,2
95,30,2
96,30,2
97,30,2
98,30,2
99,30,2
100,30,2
101,30,2
102,30,2
103,30,2
104,30,2
105,30,2
106,30,2
107,30,2
108,30,2
109,30,2
110,30,1
111,30,1
112,30,1
113,30,1
114,30,1
115,30,1
116,30,1
117,30,1
118,30,1
119,30,1
120,30,1
121,30,1
122,30,1
123,30,1
124,30,1
125,30,1
126,30,1
127,30,1
0,31,1
1,31,2
2,31,2
3,31,2
4,31,2
5,31,2
6,31,2
7,31,2
8,31,2
9,31,2
10,31,2
11,31,2
12,31,2
13,31,2
14,31,2
15,31,2
16,31,2
17,31,2
18,31,2
19,31,2
20,31,2
21,31,2
22,31,2
23,31,3
24,31,3
25,31,3
26,31,3
27,31,3
28,31,3
29,31,3
30,31,3
31,31,3
32,31,3
33,31,3
34,31,3
35,31,3
36,31,3
37,31,3
38,31,3
39,31,3
40,31,3
41,31,3
42,31,3
43,31,3
44,31,3
45,31,4
46,31,4
47,31,4
48,31,4
49,31,4
50,31,4
51,31,5
52,31,5
53,31,5
54,31,5
55,31,8
56,31,44
57,31,23
58,31,20
59,31,15
60,31,256
61,31,50
62,31,256
63,31,92
64,31,256
65,31,6
66,31,5
67,31,5
68,31,5
69,31,4
70,31,4
71,31,4
72,31,4
73,31,3
74,31,3
75,31,3
76,31,3
77,31,3
78,31,3
79,31,3
80,31,3
81,31,3
82,31,3
83,31,3
84,31,3
85,31,3
86,31,3
87,31,3
88,31,3
89,31,3
90,31,3
91,31,3
92,31,3
93,31,3
94,31,2
95,31,2
96,31,2
97,31,2
98,31,2
99,31,2
100,31,2
101,31,2
102,31,2
103,31,2
104,31,2
105,31,2
106,31,2
107,31,2
108,31,2
109,31,2
110,31,2
111,31,2
112,31,1
113,31,1
114,31,1
115,31,1
116,31,1
117,31,1
118,31,1
119,31,1
120,31,1
121,31,1
122,31,1
123,31,1
124,31,1
125,31,1
126,31,1
127,31,1
0,32,2
1,32,2
2,32,2
3,32,2
4,32,2
5,32,2
6,32,2
7,32,2
8,32,2
9,32,2
10,32,2
11,32,2
12,32,2
13,32,2
14,32,2
15,32,2
16,32,2
17,32,2
18,32,2
19,32,2
20,32,2
21,32,2
22,32,2
23,32,3
24,32,3
25,32,3
26,32,3
27,32,3
28,32,3
29,32,3
30,32,3
31,32,3
32,32,3
33,32,3
34,32,3
35,32,3
36,32,3
37,32,3
38,32,3
39,32,3
40,32,3
41,32,3
42,32,3
43,32,3
44,32,4
45,32,4
46,32,4
47,32,4
48,32,4
49,32,4
50,32,5
51,32,5
52,32,5
53,32,5
54,32,6
55,32,7
56,32,90
57,32,105
58,32,256
59,32,80
60,32,256
61,32,159
62,32,170
63,32,14
64,32,10
65,32,7
66,32,6
67,32,6
68,32,5
69,32,4
70,32,4
71,32,4
72,32,4
73,32,4
74,32,3
75,32,3
76,32,3
77,32,3
78,32,3
79,32,3
80,32,3
81,32,3
82,32,3
83,32,3
84,32,3
85,32,3
86,32,3
87,32,3
88,32,3
89,32,3
90,32,3
91,32,3
92,32,3
93,32,3
94,32,3
95,32,2
96,32,2
97,32,2
98,32,2
99,32,2
100,32,2
101,32,2
102,32,2
103,32,2
104,32,2
105,32,2
106,32,2
107,32,2
108,32,2
109,32,2
110,32,2
111,32,2
112,32,2
113,32,1
114,32,1
115,32,1
116,32,1
117,32,1
118,32,1
119,32,1
120,32,1
121,32,1
122,32,1
123,32,1
124,32,1
125,32,1
126,32,1
127,32,1
0,33,2
1,33,2
2,33,2
3,33,2
4,33,2
5,33,2
6,33,2
7,33,2
8,33,2
9,33,2
10,33,2
11,33,2
12,33,2
13,33,2
14,33,2
15,33,2
16,33,2
17,33,2
18,33,2
19,33,2
20,33,2
21,33,2
22,33,3
23,33,3
24,33,3
25,33,3
26,33,3
27,33,3
28,33,3
29,33,3
30,33,3
31,33,3
32,33,3
33,33,4
34,33,3
35,33,3
36,33,3
37,33,3
38,33,3
39,33,3
40,33,3
41,33,3
42,33,3
43,33,4
44,33,4
45,33,4
46,33,4
47,33,4
48,33,4
49,33,5
50,33,5
51,33,5
52,33,5
53,33,6
54,33,7
55,33,8
56,33,12
57,33,73
58,33,128
59,33,256
60,33,240
61,33,71
62,33,26
63,33,14
64,33,9
65,33,8
66,33,6
67,33,6
68,33,5
69,33,5
70,33,5
71,33,5
72,33,5
73,33,4
74,33,3
75,33,3
76,33,3
77,33,3
78,33,3
79,33,3
80,33,3
81,33,3
82,33,3
83,33,3
84,33,3
85,33,3
86,33,3
87,33,3
88,33,3
89,33,3
90,33,3
91,33,3
92,33,3
93,33,3
94,33,3
95,33,2
96,33,2
97,33,2
98,33,2
99,33,2
100,33,2
101,33,2
102,33,2
103,33,2
104,33,2
105,33,2
106,33,2
107,33,2
108,33,2
109,33,2
110,33,2
111,33,2
112,33,2
113,33,2
114,33,2
115,33,1
116,33,1
117,33,1
118,33,1
119,33,1
120,33,1
121,33,1
122,33,1
123,33,1
124,33,1
125,33,1
126,33,1
127,33,1
0,34,2
1,34,2
2,34,2
3,34,2
4,34,2
5,34,2
6,34,2
7,34,2
8,34,2
9,34,2
10,34,2
11,34,2
12,34,2
13,34,2
14,34,2
15,34,2
16,34,2
17,34,2
18,34,2
19,34,2
20,34,2
21,34,3
22,34,3
23,34,3
24,34,3
25,34,3
26,34,3
27,34,3
28,34,3
29,34,3
30,34,3
31,34,3
32,34,4
33,34,4
34,34,4
35,34,4
36,34,4
37,34,3
38,34,3
39,34,3
40,34,4
41,34,4
42,34,4
43,34,4
44,34,5
45,34,5
46,34,5
47,34,5
48,34,5
49,34,5
50,34,5
51,34,6
52,34,6
53,34,6
54,34,7
55,34,10
56,34,256
57,34,45
58,34,256
59,34,197
60,34,124
61,34,215
62,34,78
63,34,256
64,34,16
65,34,14
66,34,8
67,34,7
68,34,6
69,34,5
70,34,5
71,34,5
72,34,5
73,34,4
74,34,4
75,34,3
76,34,3
77,34,3
78,34,3
79,34,3
80,34,3
81,34,3
82,34,3
83,34,3
84,34,3
85,34,3
86,34,3
87,34,3
88,34,3
89,34,3
90,34,3
91,34,3
92,34,3
93,34,3
94,34,3
95,34,2
96,34,2
97,34,2
98,34,2
99,34,2
100,34,2
101,34,2
102,34,2
103,34,2
104,34,2
105,34,2
106,34,2
107,34,2
108,34,2
109,34,2
110,34,2
111,34,2
112,34,2
113,34,2
114,34,2
115,34,2
116,34,2
117,34,1
118,34,1
119,34,1
120,34,1
121,34,1
122,34,1
123,34,1
124,34,1
125,34,1
126,34,1
127,34,1
0,35,2
1,35,2
2,35,2
3,35,2
4,35,2
5,35,2
6,35,2
7,35,2
8,35,2
9,35,2
10,35,2
11,35,2
12,35,2
13,35,2
14,35,2
15,35,2
16,35,2
17,35,2
18,35,2
19,35,2
20,35,3
21,35,3
22,35,3
23,35,3
24,35,3
25,35,3
26,35,3
27,35,3
28,35,3
29,35,3
30,35,3
31,35,4
32,35,4
33,35,4
34,35,4
35,35,4
36,35,4
37,35,4
38,35,4
39,35,4
40,35,4
41,35,4
42,35,4
43,35,5
44,35,5
45,35,5
46,35,6
47,35,5
48,35,5
49,35,5
50,35,6
51,35,6
52,35,7
53,35,7
54,35,8
55,35,212
56,35,110
57,35,241
58,35,256
59,35,161
60,35,256
61,35,251
62,35,256
63,35,82
64,35,256
65,35,256
66,35,12
67,35,168
68,35,7
69,35,6
70,35,6
71,35,5
72,35,5
73,35,4
74,35,4
75,35,4
76,35,3
77,35,3
78,35,3
79,35,3
80,35,3
81,35,3
82,35,3
83,35,3
84,35,3
85,35,3
86,35,3
87,35,3
88,35,3
89,35,3
90,35,3
91,35,3
92,35,3
93,35,3
94,35,3
95,35,3
96,35,2
97,35,2
98,35,2
99,35,2
100,35,2
101,35,2
102,35,2
103,35,2
104,35,2
105,35,2
106,35,2
107,35,2
108,35,2
109,35,2
110,35,2
111,35,2
112,35,2
113,35,2
114,35,2
115,35,2
116,35,2
117,35,2
118,35,1
119,35,1
120,35,1
121,35,1
122,35,1
123,35,1
124,35,1
125,35,1
126,35,1
127,35,1
0,36,2
1,36,2
2,36,2
3,36,2
4,36,2
5,36,2
6,36,2
7,36,2
8,36,2
9,36,2
10,36,2
11,36,2
12,36,2
13,36,2
14,36,2
15,36,2
16,36,2
17,36,2
18,36,3
19,36,3
20,36,3
21,36,3
22,36,4
23,36,4
24,36,4
25,36,3
26,36,3
27,36,3
28,36,3
29,36,4
30,36,4
31,36,4
32,36,4
33,36,4
34,36,4
35,36,4
36,36,4
37,36,4
38,36,4
39,36,5
40,36,5
41,36,5
42,36,5
43,36,6
44,36,6
45,36,6
46,36,6
47,36,6
48,36,6
49,36,7
50,36,7
51,36,7
52,36,7
53,36,7
54,36,9
55,36,13
56,36,92
57,36,127
58,36,256
59,36,256
60,36,256
61,36,256
62,36,212
63,36,122
64,36,75
65,36,30
66,36,168
67,36,91
68,36,10
69,36,7
70,36,7
71,36,6
72,36,6
73,36,5
74,36,4
75,36,4
76,36,4
77,36,4
78,36,3
79,36,3
80,36,3
81,36,3
82,36,3
83,36,3
84,36,3
85,36,3
86,36,3
87,36,3
88,36,3
89,36,3
90,36,3
91,36,3
92,36,3
93,36,3
94,36,3
95,36,3
96,36,2
97,36,2
98,36,2
99,36,2
100,36,2
101,36,2
102,36,2
103,36,2
104,36,2
105,36,2
106,36,2
107,36,2
108,36,2
109,36,2
110,36,2
111,36,2
112,36,2
113,36,2
114,36,2
115,36,2
116,36,2
117,36,2
118,36,2
119,36,2
120,36,1
121,36,1
122,36,1
123,36,1
124,36,1
125,36,1
126,36,1
127,36,1
0,37,2
1,37,2
2,37,2
3,37,2
4,37,2
5,37,2
6,37,2
7,37,2
8,37,2
9,37,2
10,37,2
11,37,2
12,37,2
13,37,2
14,37,2
15,37,2
16,37,3
17,37,3
18,37,3
19,37,3
20,37,3
21,37,4
22,37,4
23,37,4
24,37,4
25,37,4
26,37,4
27,37,4
28,37,4
29,37,4
30,37,4
31,37,4
32,37,4
33,37,4
34,37,4
35,37,4
36,37,4
37,37,4
38,37,5
39,37,5
40,37,5
41,37,6
42,37,6
43,37,256
44,37,24
45,37,8
46,37,7
47,37,8
48,37,10
49,37,196
50,37,8
51,37,8
52,37,8
53,37,8
54,37,9
55,37,251
56,37,256
57,37,117
58,37,116
59,37,256
60,37,256
61,37,256
62,37,256
63,37,197
64,37,153
65,37,70
66,37,253
67,37,195
68,37,256
69,37,9
70,37,8
71,37,13
72,37,8
73,37,10
74,37,6
75,37,5
76,37,4
77,37,4
78,37,4
79,37,4
80,37,4
81,37,4
82,37,4
83,37,4
84,37,3
85,37,3
86,37,3
87,37,3
88,37,3
89,37,3
90,37,3
91,37,3
92,37,3
93,37,3
94,37,3
95,37,3
96,37,3
97,37,2
98,37,2
99,37,2
100,37,2
101,37,2
102,37,2
103,37,2
104,37,2
105,37,2
106,37,2
107,37,2
108,37,2
109,37,2
110,37,2
111,37,2
112,37,2
113,37,2
114,37,2
115,37,2
116,37,2
117,37,2
118,37,2
119,37,2
120,37,2
121,37,2
122,37,1
123,37,1
124,37,1
125,37,1
126,37,1
127,37,1
0,38,2
1,38,2
2,38,2
3,38,2
4,38,2
5,38,2
6,38,3
7,38,3
8,38,3
9,38,3
10,38,3
11,38,3
12,38,3
13,38,3
14,38,3
15,38,3
16,38,3
17,38,3
18,38,3
19,38,3
20,38,4
21,38,4
22,38,4
23,38,4
24,38,4
25,38,4
26,38,4
27,38,4
28,38,4
29,38,4
30,38,4
31,38,4
32,38,4
33,38,4
34,38,4
35,38,4
36,38,4
37,38,5
38,38,5
39,38,5
40,38,5
41,38,6
42,38,7
43,38,12
44,38,256
45,38,14
46,38,83
47,38,42
48,38,100
49,38,142
50,38,221
51,38,11
52,38,9
53,38,9
54,38,10
55,38,14
56,38,31
57,38,256
58,38,256
59,38,236
60,38,256
61,38,212
62,38,256
63,38,256
64,38,200
65,38,256
66,38,50
67,38,18
68,38,13
69,38,14
70,38,167
71,38,256
72,38,144
73,38,124
74,38,6
75,38,5
76,38,5
77,38,5
78,38,4
79,38,4
80,38,4
81,38,4
82,38,4
83,38,4
84,38,4
85,38,3
86,38,3
87,38,3
88,38,3
89,38,3
90,38,3
91,38,3
92,38,3
93,38,3
94,38,3
95,38,3
96,38,3
97,38,2
98,38,2
99,38,2
100,38,2
101,38,2
102,38,2
103,38,2
104,38,2
105,38,2
106,38,2
107,38,2
108,38,2
109,38,2
110,38,2
111,38,2
112,38,2
113,38,2
114,38,2
115,38,2
116,38,2
117,38,2
118,38,2
119,38,2
120,38,2
121,38,2
122,38,2
123,38,2
124,38,2
125,38,1
126,38,1
127,38,1
0,39,2
1,39,2
2,39,2
3,39,2
4,39,2
5,39,2
6,39,3
7,39,3
8,39,3
9,39,3
10,39,3
11,39,3
12,39,3
13,39,3
14,39,3
15,39,3
16,39,3
17,39,3
18,39,4
19,39,4
20,39,5
21,39,5
22,39,5
23,39,5
24,39,5
25,39,5
26,39,4
27,39,4
28,39,4
29,39,4
30,39,4
31,39,5
32,39,5
33,39,4
34,39,4
35,39,5
36,39,5
37,39,5
38,39,5
39,39,6
40,39,6
41,39,6
42,39,11
43,39,66
44,39,256
45,39,256
46,39,101
47,39,77
48,39,133
49,39,64
50,39,28
51,39,147
52,39,11
53,39,11
54,39,11
55,39,246
56,39,256
57,39,57
58,39,256
59,39,256
60,39,167
61,39,152
62,39,136
63,39,107
64,39,106
65,39,256
66,39,256
67,39,256
68,39,31
69,39,225
70,39,139
71,39,154
72,39,166
73,39,35
74,39,6
75,39,5
76,39,5
77,39,5
78,39,4
79,39,4
80,39,4
81,39,4
82,39,4
83,39,4
84,39,4
85,39,3
86,39,3
87,39,3
88,39,3
89,39,3
90,39,3
91,39,3
92,39,3
93,39,3
94,39,3
95,39,3
96,39,3
97,39,3
98,39,2
99,39,2
100,39,2
101,39,2
102,39,2
103,39,2
104,39,2
105,39,2
106,39,2
107,39,2
108,39,2
109,39,2
110,39,2
111,39,2
112,39,2
113,39,2
114,39,2
115,39,2
116,39,2
117,39,2
118,39,2
119,39,2
120,39,2
121,39,2
122,39,2
123,39,2
124,39,2
125,39,2
126,39,2
127,39,1
0,40,2
1,40,2
2,40,2
3,40,2
4,40,2
5,40,2
6,40,3
7,40,3
8,40,3
9,40,3
10,40,3
11,40,3
12,40,3
13,40,3
14,40,4
15,40,4
16,40,4
17,40,4
18,40,5
19,40,6
20,40,8
21,40,6
22,40,5
23,40,6
24,40,5
25,40,5
26,40,5
27,40,5
28,40,5
29,40,5
30,40,5
31,40,5
32,40,5
33,40,5
34,40,5
35,40,5
36,40,5
37,40,5
38,40,5
39,40,6
40,40,6
41,40,7
42,40,9
43,40,49
44,40,233
45,40,256
46,40,256
47,40,256
48,40,256
49,40,52
50,40,18
51,40,15
52,40,13
53,40,12
54,40,13
55,40,17
56,40,79
57,40,238
58,40,179
59,40,146
60,40,116
61,40,145
62,40,169
63,40,256
64,40,256
65,40,51
66,40,156
67,40,256
68,40,116
69,40,168
70,40,256
71,40,252
72,40,256
73,40,9
74,40,7
75,40,6
76,40,5
77,40,5
78,40,4
79,40,4
80,40,4
81,40,4
82,40,4
83,40,4
84,40,4
85,40,4
86,40,3
87,40,3
88,40,3
89,40,3
90,40,3
91,40,3
92,40,3
93,40,3
94,40,3
95,40,3
96,40,3
97,40,3
98,40,3
99,40,2
100,40,2
101,40,2
102,40,2
103,40,2
104,40,2
105,40,2
106,40,2
107,40,2
108,40,2
109,40,2
110,40,2
111,40,2
112,40,2
113,40,2
114,40,2
115,40,2
116,40,2
117,40,2
118,40,2
119,40,2
120,40,2
121,40,2
122,40,2
123,40,2
124,40,2
125,40,2
126,40,2
127,40,2
0,41,2
1,41,2
2,41,2
3,41,2
4,41,2
5,41,3
6,41,3
7,41,3
8,41,3
9,41,3
10,41,3
11,41,3
12,41,3
13,41,3
14,41,4
15,41,4
16,41,4
17,41,4
18,41,5
19,41,6
20,41,144
21,41,33
22,41,10
23,41,7
24,41,6
25,41,6
26,41,6
27,41,6
28,41,6
29,41,6
30,41,5
31,41,5
32,41,5
33,41,5
34,41,5
35,41,5
36,41,5
37,41,5
38,41,6
39,41,6
40,41,7
41,41,8
42,41,9
43,41,27
44,41,247
45,41,154
46,41,105
47,41,256
48,41,256
49,41,182
50,41,17
51,41,15
52,41,14
53,41,14
54,41,16
55,41,256
56,41,256
57,41,90
58,41,256
59,41,256
60,41,148
61,41,256
62,41,83
63,41,72
64,41,62
65,41,204
66,41,107
67,41,85
68,41,51
69,41,136
70,41,256
71,41,256
72,41,181
73,41,15
74,41,7
75,41,6
76,41,5
77,41,5
78,41,5
79,41,4
80,41,4
81,41,4
82,41,4
83,41,4
84,41,4
85,41,4
86,41,4
87,41,3
88,41,3
89,41,3
90,41,3
91,41,3
92,41,3
93,41,3
94,41,3
95,41,3
96,41,3
97,41,3
98,41,3
99,41,3
100,41,2
101,41,2
102,41,2
103,41,2
104,41,2
105,41,2
106,41,2
107,41,2
108,41,2
109,41,2
110,41,2
111,41,2
112,41,2
113,41,2
114,41,2
115,41,2
116,41,2
117,41,2
118,41,2
119,41,2
120,41,2
121,41,2
122,41,2
123,41,2
124,41,2
125,41,2
126,41,2
127,41,2
0,42,2
1,42,2
2,42,2
3,42,2
4,42,2
5,42,3
6,42,3
7,42,3
8,42,3
9,42,3
10,42,3
11,42,3
12,42,3
13,42,4
14,42,4
15,42,4
16,42,4
17,42,5
18,42,6
19,42,8
20,42,16
21,42,127
22,42,12
23,42,9
24,42,256
25,42,8
26,42,10
27,42,256
28,42,7
29,42,6
30,42,6
31,42,6
32,42,6
33,42,6
34,42,6
35,42,6
36,42,6
37,42,6
38,42,7
39,42,8
40,42,8
41,42,9
42,42,10
43,42,12
44,42,256
45,42,137
46,42,61
47,42,164
48,42,100
49,42,25
50,42,32
51,42,28
52,42,16
53,42,18
54,42,250
55,42,98
56,42,256
57,42,172
58,42,256
59,42,60
60,42,81
61,42,256
62,42,117
63,42,158
64,42,206
65,42,94
66,42,169
67,42,121
68,42,39
69,42,256
70,42,67
71,42,256
72,42,20
73,42,10
74,42,8
75,42,6
76,42,5
77,42,5
78,42,5
79,42,5
80,42,4
81,42,4
82,42,4
83,42,4
84,42,4
85,42,4
86,42,4
87,42,4
88,42,4
89,42,3
90,42,3
91,42,3
92,42,3
93,42,3
94,42,3
95,42,3
96,42,4
97,42,3
98,42,3
99,42,3
100,42,3
101,42,2
102,42,2
103,42,2
104,42,2
105,42,2
106,42,2
107,42,2
108,42,2
109,42,2
110,42,2
111,42,2
112,42,2
113,42,2
114,42,2
115,42,2
116,42,2
117,42,2
118,42,2
119,42,2
120,42,2
121,42,2
122,42,2
123,42,2
124,42,2
125,42,2
126,42,2
127,42,2
0,43,2
1,43,2
2,43,2
3,43,2
4,43,2
5,43,3
6,43,3
7,43,3
8,43,3
9,43,3
10,43,3
11,43,3
12,43,3
13,43,4
14,43,4
15,43,4
16,43,5
17,43,5
18,43,6
19,43,248
20,43,256
21,43,256
22,43,104
23,43,114
24,43,44
25,43,14
26,43,80
27,43,97
28,43,9
29,43,8
30,43,6
31,43,6
32,43,6
33,43,6
34,43,6
35,43,6
36,43,7
37,43,8
38,43,17
39,43,11
40,43,15
41,43,66
42,43,84
43,43,14
44,43,256
45,43,234
46,43,256
47,43,60
48,43,73
49,43,63
50,43,177
51,43,231
52,43,256
53,43,20
54,43,256
55,43,111
56,43,144
57,43,256
58,43,70
59,43,53
60,43,53
61,43,63
62,43,256
63,43,231
64,43,256
65,43,256
66,43,171
67,43,256
68,43,29
69,43,44
70,43,104
71,43,211
72,43,117
73,43,181
74,43,11
75,43,7
76,43,5
77,43,5
78,43,5
79,43,5
80,43,5
81,43,5
82,43,5
83,43,5
84,43,4
85,43,4
86,43,4
87,43,4
88,43,4
89,43,4
90,43,4
91,43,4
92,43,4
93,43,4
94,43,4
95,43,4
96,43,4
97,43,4
98,43,3
99,43,3
100,43,3
101,43,3
102,43,2
103,43,2
104,43,2
105,43,2
106,43,2
107,43,2
108,43,2
109,43,2
110,43,2
111,43,2
112,43,2
113,43,2
114,43,2
115,43,2
116,43,2
117,43,2
118,43,2
119,43,2
120,43,2
121,43,2
122,43,2
123,43,2
124,43,2
125,43,2
126,43,2
127,43,2
0,44,2
1,44,2
2,44,2
3,44,2
4,44,3
5,44,3
6,44,3
7,44,3
8,44,3
9,44,3
10,44,3
11,44,3
12,44,4
13,44,4
14,44,4
15,44,5
16,44,5
17,44,6
18,44,7
19,44,21
20,44,66
21,44,256
22,44,256
23,44,252
24,44,256
25,44,114
26,44,139
27,44,256
28,44,16
29,44,16
30,44,8
31,44,7
32,44,7
33,44,6
34,44,7
35,44,7
36,44,7
37,44,8
38,44,256
39,44,256
40,44,156
41,44,68
42,44,19
43,44,18
44,44,208
45,44,256
46,44,135
47,44,256
48,44,228
49,44,256
50,44,60
51,44,256
52,44,27
53,44,24
54,44,97
55,44,256
56,44,219
57,44,180
58,44,114
59,44,256
60,44,45
61,44,189
62,44,42
63,44,164
64,44,256
65,44,50
66,44,256
67,44,82
68,44,22
69,44,181
70,44,256
71,44,256
72,44,90
73,44,256
74,44,22
75,44,7
76,44,6
77,44,5
78,44,5
79,44,5
80,44,5
81,44,5
82,44,5
83,44,5
84,44,4
85,44,4
86,44,4
87,44,4
88,44,4
89,44,4
90,44,4
91,44,4
92,44,4
93,44,4
94,44,4
95,44,4
96,44,4
97,44,4
98,44,3
99,44,3
100,44,3
101,44,3
102,44,3
103,44,3
104,44,2
105,44,2
106,44,2
107,44,2
108,44,2
109,44,2
110,44,2
111,44,2
112,44,2
113,44,2
114,44,2
115,44,2
116,44,2
117,44,2
118,44,2
119,44,2
120,44,2
121,44,2
122,44,2
123,44,2
124,44,2
125,44,2
126,44,2
127,44,2
0,45,2
1,45,2
2,45,2
3,45,3
4,45,3
5,45,3
6,45,3
7,45,3
8,45,3
9,45,3
10,45,4
11,45,4
12,45,4
13,45,4
14,45,4
15,45,5
16,45,6
17,45,7
18,45,8
19,45,10
20,45,256
21,45,138
22,45,173
23,45,256
24,45,66
25,45,97
26,45,38
27,45,89
28,45,143
29,45,256
30,45,8
31,45,7
32,45,7
33,45,7
34,45,7
35,45,7
36,45,8
37,45,9
38,45,17
39,45,256
40,45,188
41,45,44
42,45,124
43,45,113
44,45,27
45,45,37
46,45,80
47,45,128
48,45,200
49,45,231
50,45,223
51,45,256
52,45,256
53,45,28
54,45,43
55,45,256
56,45,214
57,45,185
58,45,93
59,45,90
60,45,256
61,45,39
62,45,37
63,45,30
64,45,29
65,45,84
66,45,145
67,45,256
68,45,18
69,45,18
70,45,19
71,45,256
72,45,256
73,45,25
74,45,9
75,45,8
76,45,6
77,45,6
78,45,6
79,45,6
80,45,5
81,45,5
82,45,5
83,45,5
84,45,5
85,45,4
86,45,4
87,45,4
88,45,4
89,45,4
90,45,4
91,45,4
92,45,4
93,45,4
94,45,4
95,45,4
96,45,4
97,45,4
98,45,4
99,45,3
100,45,3
101,45,3
102,45,3
103,45,3
104,45,3
105,45,3
106,45,2
107,45,2
108,45,2
109,45,2
110,45,2
111,45,2
112,45,2
113,45,2
114,45,2
115,45,2
116,45,2
117,45,2
118,45,2
119,45,2
120,45,2
121,45,2
122,45,2
123,45,2
124,45,2
125,45,2
126,45,2
127,45,2
0,46,2
1,46,2
2,46,2
3,46,3
4,46,3
5,46,3
6,46,3
7,46,4
8,46,4
9,46,4
10,46,4
11,46,4
12,46,4
13,46,4
14,46,5
15,46,6
16,46,7
17,46,9
18,46,9
19,46,11
20,46,144
21,46,251
22,46,256
23,46,256
24,46,143
25,46,256
26,46,256
27,46,19
28,46,21
29,46,125
30,46,10
31,46,9
32,46,8
33,46,8
34,46,8
35,46,9
36,46,10
37,46,12
38,46,14
39,46,32
40,46,256
41,46,256
42,46,255
43,46,256
44,46,256
45,46,170
46,46,55
47,46,55
48,46,64
49,46,256
50,46,256
51,46,256
52,46,256
53,46,40
54,46,35
55,46,221
56,46,256
57,46,199
58,46,256
59,46,256
60,46,98
61,46,256
62,46,256
63,46,26
64,46,24
65,46,67
66,46,19
67,46,17
68,46,15
69,46,15
70,46,17
71,46,24
72,46,142
73,46,256
74,46,8
75,46,7
76,46,6
77,46,6
78,46,6
79,46,6
80,46,5
81,46,5
82,46,5
83,46,5
84,46,5
85,46,5
86,46,4
87,46,4
88,46,4
89,46,4
90,46,4
91,46,4
92,46,4
93,46,4
94,46,4
95,46,4
96,46,4
97,46,4
98,46,4
99,46,4
100,46,3
101,46,3
102,46,3
103,46,3
104,46,3
105,46,3
106,46,3
107,46,3
108,46,3
109,46,3
110,46,3
111,46,3
112,46,3
113,46,3
114,46,3
115,46,3
116,46,3
117,46,2
118,46,2
119,46,2
120,46,2
121,46,2
122,46,2
123,46,2
124,46,2
125,46,2
126,46,2
127,46,2
0,47,2
1,47,2
2,47,3
3,47,3
4,47,3
5,47,3
6,47,3
7,47,4
8,47,4
9,47,4
10,47,4
11,47,5
12,47,5
13,47,5
14,47,6
15,47,104
16,47,18
17,47,80
18,47,22
19,47,13
20,47,74
21,47,208
22,47,57
23,47,171
24,47,256
25,47,39
26,47,21
27,47,15
28,47,15
29,47,13
30,47,10
31,47,9
32,47,9
33,47,9
34,47,9
35,47,256
36,47,127
37,47,87
38,47,19
39,47,24
40,47,256
41,47,256
42,47,73
43,47,256
44,47,256
45,47,175
46,47,256
47,47,70
48,47,61
49,47,98
50,47,117
51,47,247
52,47,181
53,47,256
54,47,39
55,47,45
56,47,58
57,47,256
58,47,92
59,47,138
60,47,182
61,47,128
62,47,120
63,47,26
64,47,21
65,47,19
66,47,16
67,47,15
68,47,14
69,47,14
70,47,16
71,47,64
72,47,30
73,47,10
74,47,9
75,47,7
76,47,7
77,47,6
78,47,6
79,47,6
80,47,6
81,47,5
82,47,5
83,47,5
84,47,5
85,47,5
86,47,5
87,47,4
88,47,4
89,47,4
90,47,4
91,47,5
92,47,5
93,47,5
94,47,5
95,47,4
96,47,4
97,47,4
98,47,5
99,47,5
100,47,4
101,47,4
102,47,4
103,47,3
104,47,3
105,47,3
106,47,3
107,47,3
108,47,3
109,47,3
110,47,3
111,47,3
112,47,3
113,47,3
114,47,3
115,47,3
116,47,3
117,47,2
118,47,2
119,47,2
120,47,2
121,47,2
122,47,2
123,47,2
124,47,2
125,47,2
126,47,2
127,47,2
0,48,2
1,48,3
2,48,3
3,48,3
4,48,3
5,48,3
6,48,3
7,48,4
8,48,4
9,48,4
10,48,5
11,48,5
12,48,5
13,48,6
14,48,7
15,48,256
16,48,221
17,48,119
18,48,20
19,48,17
20,48,183
21,48,256
22,48,130
23,48,95
24,48,44
25,48,23
26,48,18
27,48,15
28,48,13
29,48,12
30,48,10
31,48,10
32,48,9
33,48,10
34,48,11
35,48,123
36,48,256
37,48,210
38,48,238
39,48,42
40,48,46
41,48,54
42,48,63
43,48,71
44,48,256
45,48,163
46,48,149
47,48,256
48,48,256
49,48,70
50,48,256
51,48,254
52,48,256
53,48,139
54,48,51
55,48,45
56,48,104
57,48,256
58,48,102
59,48,225
60,48,256
61,48,256
62,48,105
63,48,40
64,48,32
65,48,77
66,48,16
67,48,14
68,48,13
69,48,13
70,48,12
71,48,11
72,48,11
73,48,9
74,48,8
75,48,8
76,48,7
77,48,7
78,48,7
79,48,6
80,48,6
81,48,6
82,48,6
83,48,6
84,48,6
85,48,6
86,48,5
87,48,5
88,48,5
89,48,5
90,48,5
91,48,5
92,48,5
93,48,5
94,48,5
95,48,5
96,48,5
97,48,5
98,48,5
99,48,5
100,48,5
101,48,5
102,48,5
103,48,4
104,48,4
105,48,4
106,48,4
107,48,3
108,48,3
109,48,3
110,48,3
111,48,3
112,48,3
113,48,3
114,48,3
115,48,3
116,48,3
117,48,2
118,48,2
119,48,2
120,48,2
121,48,2
122,48,2
123,48,2
124,48,2
125,48,2
126,48,2
127,48,2
0,49,3
1,49,3
2,49,3
3,49,3
4,49,3
5,49,3
6,49,4
7,49,5
8,49,5
9,49,5
10,49,5
11,49,5
12,49,6
13,49,6
14,49,8
15,49,12
16,49,96
17,49,63
18,49,185
19,49,37
20,49,30
21,49,111
22,49,88
23,49,256
24,49,172
25,49,229
26,49,142
27,49,16
28,49,13
29,49,12
30,49,11
31,49,11
32,49,12
33,49,12
34,49,233
35,49,17
36,49,256
37,49,256
38,49,203
39,49,255
40,49,256
41,49,177
42,49,185
43,49,256
44,49,89
45,49,92
46,49,256
47,49,154
48,49,256
49,49,256
50,49,80
51,49,170
52,49,181
53,49,101
54,49,256
55,49,49
56,49,256
57,49,256
58,49,200
59,49,204
60,49,256
61,49,256
62,49,177
63,49,94
64,49,158
65,49,151
66,49,18
67,49,14
68,49,12
69,49,12
70,49,11
71,49,11
72,49,10
73,49,9
74,49,8
75,49,8
76,49,7
77,49,7
78,49,7
79,49,6
80,49,6
81,49,6
82,49,6
83,49,6
84,49,6
85,49,6
86,49,6
87,49,6
88,49,6
89,49,6
90,49,6
91,49,5
92,49,5
93,49,5
94,49,6
95,49,5
96,49,5
97,49,6
98,49,6
99,49,8
100,49,115
101,49,6
102,49,5
103,49,4
104,49,4
105,49,4
106,49,4
107,49,3
108,49,3
109,49,3
110,49,3
111,49,3
112,49,3
113,49,3
114,49,3
115,49,3
116,49,3
117,49,2
118,49,2
119,49,2
120,49,2
121,49,2
122,49,2
123,49,2
124,49,2
125,49,2
126,49,2
127,49,2
0,50,3
1,50,3
2,50,3
3,50,3
4,50,3
5,50,4
6,50,5
7,50,6
8,50,6
9,50,6
10,50,6
11,50,6
12,50,7
13,50,8
14,50,124
15,50,20
16,50,27
17,50,52
18,50,256
19,50,113
20,50,182
21,50,46
22,50,256
23,50,256
24,50,256
25,50,256
26,50,256
27,50,16
28,50,15
29,50,14
30,50,13
31,50,12
32,50,15
33,50,256
34,50,240
35,50,27
36,50,31
37,50,43
38,50,59
39,50,256
40,50,114
41,50,95
42,50,109
43,50,256
44,50,256
45,50,256
46,50,106
47,50,135
48,50,181
49,50,256
50,50,85
51,50,256
52,50,206
53,50,107
54,50,256
55,50,72
56,50,56
57,50,222
58,50,86
59,50,256
60,50,128
61,50,256
62,50,92
63,50,115
64,50,210
65,50,236
66,50,21
67,50,13
68,50,12
69,50,12
70,50,11
71,50,11
72,50,10
73,50,9
74,50,9
75,50,8
76,50,8
77,50,7
78,50,7
79,50,7
80,50,6
81,50,6
82,50,6
83,50,7
84,50,7
85,50,7
86,50,8
87,50,10
88,50,9
89,50,7
90,50,7
91,50,6
92,50,6
93,50,6
94,50,6
95,50,6
96,50,8
97,50,10
98,50,10
99,50,81
100,50,256
101,50,7
102,50,5
103,50,5
104,50,4
105,50,4
106,50,4
107,50,4
108,50,3
109,50,3
110,50,3
111,50,3
112,50,3
113,50,3
114,50,3
115,50,3
116,50,3
117,50,3
118,50,2
119,50,2
120,50,2
121,50,2
122,50,2
123,50,2
124,50,2
125,50,2
126,50,2
127,50,2
0,51,3
1,51,3
2,51,4
3,51,4
4,51,4
5,51,5
6,51,7
7,51,256
8,51,198
9,51,105
10,51,8
11,51,8
12,51,8
13,51,10
14,51,79
15,51,256
16,51,171
17,51,256
18,51,256
19,51,87
20,51,256
21,51,256
22,51,58
23,51,256
24,51,256
25,51,40
26,51,197
27,51,21
28,51,18
29,51,134
30,51,19
31,51,19
32,51,17
33,51,42
34,51,256
35,51,209
36,51,256
37,51,256
38,51,143
39,51,171
40,51,218
41,51,256
42,51,173
43,51,183
44,51,140
45,51,256
46,51,134
47,51,120
48,51,158
49,51,256
50,51,96
51,51,120
52,51,149
53,51,256
54,51,256
55,51,59
56,51,59
57,51,256
58,51,256
59,51,102
60,51,256
61,51,163
62,51,256
63,51,227
64,51,256
65,51,85
66,51,15
67,51,14
68,51,13
69,51,12
70,51,11
71,51,10
72,51,10
73,51,9
74,51,9
75,51,8
76,51,8
77,51,8
78,51,8
79,51,8
80,51,7
81,51,7
82,51,7
83,51,7
84,51,7
85,51,8
86,51,13
87,51,16
88,51,256
89,51,9
90,51,8
91,51,7
92,51,7
93,51,7
94,51,7
95,51,7
96,51,9
97,51,256
98,51,31
99,51,60
100,51,256
101,51,172
102,51,6
103,51,5
104,51,5
105,51,4
106,51,4
107,51,4
108,51,3
109,51,3
110,51,3
111,51,3
112,51,3
113,51,3
114,51,3
115,51,3
116,51,3
117,51,3
118,51,2
119,51,2
120,51,2
121,51,2
122,51,2
123,51,2
124,51,2
125,51,2
126,51,2
127,51,2
0,52,3
1,52,3
2,52,4
3,52,4
4,52,5
5,52,6
6,52,8
7,52,256
8,52,203
9,52,33
10,52,256
11,52,10
12,52,10
13,52,256
14,52,256
15,52,112
16,52,237
17,52,104
18,52,256
19,52,165
20,52,256
21,52,107
22,52,66
23,52,234
24,52,119
25,52,255
26,52,26
27,52,22
28,52,148
29,52,256
30,52,256
31,52,202
32,52,22
33,52,95
34,52,97
35,52,206
36,52,122
37,52,82
38,52,256
39,52,110
40,52,125
41,52,141
42,52,256
43,52,256
44,52,256
45,52,155
46,52,206
47,52,256
48,52,256
49,52,199
50,52,134
51,52,101
52,52,130
53,52,138
54,52,181
55,52,230
56,52,63
57,52,125
58,52,256
59,52,256
60,52,256
61,52,256
62,52,41
63,52,256
64,52,256
65,52,256
66,52,16
67,52,14
68,52,13
69,52,12
70,52,11
71,52,10
72,52,10
73,52,10
74,52,9
75,52,8
76,52,8
77,52,8
78,52,8
79,52,8
80,52,9
81,52,9
82,52,9
83,52,8
84,52,9
85,52,9
86,52,89
87,52,207
88,52,256
89,52,22
90,52,12
91,52,164
92,52,9
93,52,8
94,52,8
95,52,10
96,52,172
97,52,187
98,52,67
99,52,256
100,52,256
101,52,172
102,52,7
103,52,6
104,52,5
105,52,5
106,52,4
107,52,4
108,52,4
109,52,3
110,52,3
111,52,3
112,52,3
113,52,3
114,52,3
115,52,3
116,52,3
117,52,3
118,52,3
119,52,2
120,52,2
121,52,2
122,52,2
123,52,2
124,52,2
125,52,2
126,52,2
127,52,2
0,53,3
1,53,3
2,53,4
3,53,4
4,53,5
5,53,7
6,53,256
7,53,256
8,53,48
9,53,21
10,53,14
11,53,12
12,53,18
13,53,25
14,53,256
15,53,256
16,53,256
17,53,152
18,53,178
19,53,256
20,53,113
21,53,256
22,53,75
23,53,224
24,53,256
25,53,67
26,53,29
27,53,256
28,53,47
29,53,120
30,53,66
31,53,40
32,53,256
33,53,37
34,53,47
35,53,256
36,53,223
37,53,256
38,53,247
39,53,256
40,53,201
41,53,256
42,53,256
43,53,256
44,53,208
45,53,242
46,53,256
47,53,214
48,53,145
49,53,256
50,53,256
51,53,108
52,53,230
53,53,256
54,53,87
55,53,70
56,53,67
57,53,81
58,53,256
59,53,197
60,53,164
61,53,67
62,53,34
63,53,191
64,53,29
65,53,130
66,53,16
67,53,15
68,53,14
69,53,14
70,53,12
71,53,11
72,53,11
73,53,10
74,53,10
75,53,9
76,53,9
77,53,9
78,53,9
79,53,10
80,53,256
81,53,28
82,53,11
83,53,14
84,53,10
85,53,11
86,53,102
87,53,205
88,53,256
89,53,256
90,53,256
91,53,114
92,53,232
93,53,9
94,53,9
95,53,12
96,53,246
97,53,256
98,53,256
99,53,147
100,53,65
101,53,10
102,53,7
103,53,6
104,53,5
105,53,5
106,53,4
107,53,4
108,53,4
109,53,4
110,53,3
111,53,3
112,53,3
113,53,3
114,53,3
115,53,3
116,53,3
117,53,3
118,53,3
119,53,2
120,53,2
121,53,2
122,53,2
123,53,2
124,53,2
125,53,2
126,53,2
127,53,2
0,54,3
1,54,4
2,54,4
3,54,5
4,54,6
5,54,10
6,54,256
7,54,48
8,54,193
9,54,91
10,54,18
11,54,159
12,54,29
13,54,62
14,54,256
15,54,256
16,54,217
17,54,256
18,54,201
19,54,181
20,54,130
21,54,177
22,54,85
23,54,256
24,54,79
25,54,43
26,54,34
27,54,232
28,54,256
29,54,256
30,54,256
31,54,197
32,54,115
33,54,256
34,54,185
35,54,256
36,54,238
37,54,118
38,54,139
39,54,256
40,54,256
41,54,209
42,54,216
43,54,238
44,54,229
45,54,256
46,54,218
47,54,240
48,54,256
49,54,256
50,54,256
51,54,116
52,54,256
53,54,256
54,54,256
55,54,72
56,54,256
57,54,256
58,54,110
59,54,107
60,54,256
61,54,256
62,54,256
63,54,26
64,54,24
65,54,21
66,54,18
67,54,17
68,54,69
69,54,25
70,54,132
71,54,12
72,54,11
73,54,11
74,54,11
75,54,15
76,54,12
77,54,11
78,54,11
79,54,11
80,54,73
81,54,256
82,54,181
83,54,57
84,54,256
85,54,14
86,54,256
87,54,230
88,54,256
89,54,159
90,54,256
91,54,22
92,54,79
93,54,11
94,54,11
95,54,17
96,54,77
97,54,235
98,54,256
99,54,256
100,54,192
101,54,24
102,54,194
103,54,7
104,54,6
105,54,5
106,54,4
107,54,4
108,54,4
109,54,4
110,54,4
111,54,4
112,54,3
113,54,3
114,54,3
115,54,3
116,54,3
117,54,3
118,54,3
119,54,3
120,54,2
121,54,2
122,54,2
123,54,2
124,54,2
125,54,2
126,54,2
127,54,2
0,55,4
1,55,4
2,55,5
3,55,9
4,55,9
5,55,24
6,55,252
7,55,101
8,55,72
9,55,51
10,55,120
11,55,256
12,55,113
13,55,175
14,55,256
15,55,256
16,55,256
17,55,256
18,55,256
19,55,256
20,55,221
21,55,256
22,55,256
23,55,132
24,55,158
25,55,256
26,55,60
27,55,203
28,55,180
29,55,172
30,55,256
31,55,256
32,55,256
33,55,256
34,55,132
35,55,89
36,55,107
37,55,230
38,55,256
39,55,256
40,55,202
41,55,256
42,55,256
43,55,256
44,55,256
45,55,242
46,55,256
47,55,256
48,55,173
49,55,256
50,55,213
51,55,125
52,55,256
53,55,256
54,55,86
55,55,78
56,55,256
57,55,256
58,55,190
59,55,256
60,55,59
61,55,256
62,55,204
63,55,25
64,55,23
65,55,21
66,55,20
67,55,89
68,55,98
69,55,174
70,55,20
71,55,14
72,55,13
73,55,13
74,55,15
75,55,138
76,55,87
77,55,18
78,55,17
79,55,14
80,55,40
81,55,122
82,55,227
83,55,256
84,55,19
85,55,17
86,55,176
87,55,182
88,55,58
89,55,85
90,55,30
91,55,18
92,55,15
93,55,13
94,55,14
95,55,228
96,55,59
97,55,250
98,55,256
99,55,256
100,55,210
101,55,195
102,55,177
103,55,9
104,55,7
105,55,6
106,55,5
107,55,4
108,55,4
109,55,4
110,55,4
111,55,4
112,55,4
113,55,4
114,55,4
115,55,3
116,55,3
117,55,3
118,55,3
119,55,3
120,55,3
121,55,2
122,55,2
123,55,2
124,55,2
125,55,2
126,55,2
127,55,2
0,56,4
1,56,5
2,56,9
3,56,256
4,56,21
5,56,256
6,56,256
7,56,256
8,56,103
9,56,51
10,56,256
11,56,112
12,56,59
13,56,158
14,56,256
15,56,256
16,56,256
17,56,256
18,56,256
19,56,256
20,56,256
21,56,117
22,56,246
23,56,256
24,56,256
25,56,234
26,56,256
27,56,256
28,56,256
29,56,243
30,56,208
31,56,190
32,56,160
33,56,68
34,56,256
35,56,124
36,56,214
37,56,148
38,56,256
39,56,256
40,56,236
41,56,256
42,56,256
43,56,256
44,56,256
45,56,256
46,56,256
47,56,256
48,56,183
49,56,256
50,56,140
51,56,256
52,56,256
53,56,113
54,56,256
55,56,84
56,56,132
57,56,162
58,56,256
59,56,256
60,56,47
61,56,130
62,56,198
63,56,26
64,56,25
65,56,23
66,56,26
67,56,100
68,56,130
69,56,256
70,56,250
71,56,29
72,56,256
73,56,15
74,56,171
75,56,143
76,56,151
77,56,102
78,56,23
79,56,18
80,56,62
81,56,166
82,56,51
83,56,228
84,56,256
85,56,30
86,56,41
87,56,256
88,56,256
89,56,88
90,56,42
91,56,181
92,56,17
93,56,18
94,56,256
95,56,256
96,56,231
97,56,256
98,56,256
99,56,243
100,56,116
101,56,96
102,56,256
103,56,185
104,56,45
105,56,12
106,56,6
107,56,5
108,56,4
109,56,4
110,56,4
111,56,4
112,56,4
113,56,4
114,56,4
115,56,3
116,56,3
117,56,3
118,56,3
119,56,3
120,56,3
121,56,3
122,56,2
123,56,2
124,56,2
125,56,2
126,56,2
127,56,2
0,57,4
1,57,8
2,57,155
3,57,122
4,57,256
5,57,256
6,57,232
7,57,256
8,57,86
9,57,113
10,57,231
11,57,50
12,57,256
13,57,256
14,57,256
15,57,256
16,57,256
17,57,256
18,57,256
19,57,219
20,57,173
21,57,203
22,57,139
23,57,81
24,57,58
25,57,88
26,57,119
27,57,88
28,57,84
29,57,256
30,57,191
31,57,54
32,57,59
33,57,256
34,57,256
35,57,173
36,57,127
37,57,256
38,57,256
39,57,207
40,57,256
41,57,256
42,57,256
43,57,256
44,57,256
45,57,256
46,57,256
47,57,256
48,57,256
49,57,199
50,57,146
51,57,203
52,57,256
53,57,256
54,57,90
55,57,256
56,57,145
57,57,256
58,57,115
59,57,256
60,57,256
61,57,36
62,57,33
63,57,29
64,57,161
65,57,187
66,57,45
67,57,144
68,57,120
69,57,256
70,57,79
71,57,256
72,57,27
73,57,19
74,57,20
75,57,155
76,57,70
77,57,45
78,57,31
79,57,27
80,57,30
81,57,256
82,57,93
83,57,160
84,57,256
85,57,154
86,57,35
87,57,256
88,57,98
89,57,199
90,57,246
91,57,256
92,57,51
93,57,24
94,57,82
95,57,256
96,57,227
97,57,256
98,57,123
99,57,76
100,57,60
101,57,72
102,57,256
103,57,174
104,57,100
105,57,8
106,57,6
107,57,5
108,57,5
109,57,5
110,57,5
111,57,4
112,57,4
113,57,4
114,57,4
115,57,4
116,57,3
117,57,3
118,57,3
119,57,3
120,57,3
121,57,3
122,57,3
123,57,2
124,57,2
125,57,2
126,57,2
127,57,2
0,58,4
1,58,6
2,58,185
3,58,13
4,58,20
5,58,51
6,58,231
7,58,256
8,58,103
9,58,256
10,58,188
11,58,70
12,58,256
13,58,256
14,58,256
15,58,256
16,58,250
17,58,256
18,58,163
19,58,196
20,58,167
21,58,91
22,58,82
23,58,224
24,58,204
25,58,214
26,58,256
27,58,144
28,58,256
29,58,215
30,58,46
31,58,194
32,58,71
33,58,198
34,58,256
35,58,110
36,58,246
37,58,256
38,58,174
39,58,256
40,58,256
41,58,256
42,58,256
43,58,256
44,58,256
45,58,256
46,58,256
47,58,222
48,58,256
49,58,164
50,58,256
51,58,256
52,58,242
53,58,110
54,58,192
55,58,208
56,58,256
57,58,256
58,58,256
59,58,153
60,58,51
61,58,35
62,58,33
63,58,35
64,58,256
65,58,256
66,58,256
67,58,122
68,58,68
69,58,124
70,58,138
71,58,41
72,58,24
73,58,21
74,58,99
75,58,180
76,58,108
77,58,139
78,58,256
79,58,46
80,58,145
81,58,44
82,58,256
83,58,256
84,58,161
85,58,164
86,58,256
87,58,49
88,58,183
89,58,90
90,58,256
91,58,256
92,58,30
93,58,256
94,58,256
95,58,256
96,58,256
97,58,49
98,58,256
99,58,182
100,58,256
101,58,256
102,58,40
103,58,245
104,58,176
105,58,8
106,58,6
107,58,6
108,58,5
109,58,5
110,58,5
111,58,4
112,58,4
113,58,4
114,58,4
115,58,4
116,58,3
117,58,3
118,58,3
119,58,3
120,58,3
121,58,3
122,58,3
123,58,3
124,58,3
125,58,2
126,58,2
127,58,2
0,59,3
1,59,4
2,59,5
3,59,6
4,59,256
5,59,21
6,59,185
7,59,122
8,59,11
9,59,12
10,59,16
11,59,195
12,59,208
13,59,61
14,59,256
15,59,123
16,59,120
17,59,256
18,59,112
19,59,179
20,59,123
21,59,78
22,59,191
23,59,256
24,59,256
25,59,256
26,59,256
27,59,241
28,59,256
29,59,256
30,59,66
31,59,55
32,59,232
33,59,135
34,59,256
35,59,105
36,59,256
37,59,256
38,59,208
39,59,206
40,59,256
41,59,256
42,59,256
43,59,256
44,59,256
45,59,256
46,59,255
47,59,256
48,59,184
49,59,256
50,59,256
51,59,205
52,59,124
53,59,117
54,59,256
55,59,228
56,59,241
57,59,98
58,59,256
59,59,50
60,59,256
61,59,38
62,59,162
63,59,256
64,59,256
65,59,256
66,59,119
67,59,256
68,59,110
69,59,54
70,59,45
71,59,254
72,59,256
73,59,38
74,59,30
75,59,120
76,59,256
77,59,208
78,59,97
79,59,162
80,59,256
81,59,81
82,59,256
83,59,65
84,59,75
85,59,256
86,59,256
87,59,256
88,59,60
89,59,250
90,59,211
91,59,75
92,59,256
93,59,35
94,59,103
95,59,127
96,59,172
97,59,104
98,59,37
99,59,242
100,59,49
101,59,185
102,59,81
103,59,256
104,59,256
105,59,256
106,59,6
107,59,6
108,59,6
109,59,5
110,59,5
111,59,5
112,59,4
113,59,4
114,59,4
115,59,4
116,59,4
117,59,3
118,59,3
119,59,3
120,59,3
121,59,3
122,59,3
123,59,3
124,59,3
125,59,3
126,59,3
127,59,2
0,60,3
1,60,4
2,60,4
3,60,5
4,60,7
5,60,7
6,60,7
7,60,7
8,60,9
9,60,159
10,60,16
11,60,37
12,60,256
13,60,48
14,60,256
15,60,72
16,60,219
17,60,83
18,60,256
19,60,256
20,60,256
21,60,256
22,60,31
23,60,256
24,60,256
25,60,61
26,60,112
27,60,80
28,60,256
29,60,34
30,60,256
31,60,256
32,60,256
33,60,256
34,60,91
35,60,174
36,60,175
37,60,140
38,60,256
39,60,190
40,60,231
41,60,256
42,60,256
43,60,256
44,60,256
45,60,256
46,60,228
47,60,232
48,60,223
49,60,256
50,60,256
51,60,256
52,60,124
53,60,247
54,60,145
55,60,159
56,60,256
57,60,183
58,60,192
59,60,45
60,60,43
61,60,42
62,60,154
63,60,109
64,60,160
65,60,256
66,60,256
67,60,228
68,60,254
69,60,83
70,60,205
71,60,256
72,60,75
73,60,90
74,60,201
75,60,45
76,60,49
77,60,57
78,60,66
79,60,76
80,60,110
81,60,256
82,60,256
83,60,96
84,60,256
85,60,88
86,60,118
87,60,256
88,60,124
89,60,70
90,60,176
91,60,256
92,60,165
93,60,41
94,60,55
95,60,84
96,60,256
97,60,181
98,60,118
99,60,25
100,60,256
101,60,19
102,60,17
103,60,19
104,60,256
105,60,9
106,60,7
107,60,7
108,60,6
109,60,6
110,60,5
111,60,5
112,60,5
113,60,5
114,60,5
115,60,5
116,60,4
117,60,4
118,60,3
119,60,3
120,60,3
121,60,3
122,60,3
123,60,3
124,60,3
125,60,3
126,60,3
127,60,3
0,61,3
1,61,4
2,61,4
3,61,4
4,61,4
5,61,5
6,61,5
7,61,6
8,61,7
9,61,256
10,61,256
11,61,132
12,61,256
13,61,115
14,61,256
15,61,256
16,61,48
17,61,83
18,61,220
19,61,89
20,61,256
21,61,256
22,61,29
23,61,256
24,61,256
25,61,200
26,61,48
27,61,27
28,61,27
29,61,144
30,61,47
31,61,186
32,61,163
33,61,83
34,61,84
35,61,256
36,61,256
37,61,132
38,61,256
39,61,176
40,61,256
41,61,256
42,61,238
43,61,256
44,61,256
45,61,256
46,61,256
47,61,256
48,61,163
49,61,148
50,61,134
51,61,256
52,61,256
53,61,153
54,61,256
55,61,139
56,61,256
57,61,60
58,61,53
59,61,47
60,61,48
61,61,48
62,61,59
63,61,256
64,61,130
65,61,256
66,61,188
67,61,146
68,61,104
69,61,256
70,61,256
71,61,256
72,61,105
73,61,234
74,61,256
75,61,212
76,61,79
77,61,256
78,61,226
79,61,85
80,61,88
81,61,96
82,61,151
83,61,256
84,61,256
85,61,116
86,61,101
87,61,256
88,61,256
89,61,189
90,61,83
91,61,126
92,61,256
93,61,50
94,61,103
95,61,256
96,61,136
97,61,256
98,61,256
99,61,191
100,61,19
101,61,16
102,61,14
103,61,18
104,61,12
105,61,9
106,61,8
107,61,7
108,61,6
109,61,6
110,61,6
111,61,5
112,61,5
113,61,5
114,61,5
115,61,5
116,61,5
117,61,4
118,61,4
119,61,4
120,61,3
121,61,3
122,61,3
123,61,3
124,61,3
125,61,3
126,61,3
127,61,3
0,62,3
1,62,3
2,62,3
3,62,4
4,62,4
5,62,5
6,62,5
7,62,5
8,62,6
9,62,131
10,62,34
11,62,133
12,62,206
13,62,19
14,62,17
15,62,36
16,62,256
17,62,19
18,62,256
19,62,195
20,62,16
21,62,160
22,62,26
23,62,14
24,62,15
25,62,140
26,62,256
27,62,21
28,62,24
29,62,256
30,62,74
31,62,256
32,62,256
33,62,90
34,62,155
35,62,256
36,62,256
37,62,130
38,62,256
39,62,155
40,62,256
41,62,188
42,62,256
43,62,203
44,62,256
45,62,256
46,62,197
47,62,256
48,62,256
49,62,256
50,62,256
51,62,256
52,62,145
53,62,109
54,62,256
55,62,256
56,62,59
57,62,55
58,62,52
59,62,256
60,62,256
61,62,106
62,62,74
63,62,256
64,62,256
65,62,256
66,62,215
67,62,143
68,62,144
69,62,93
70,62,114
71,62,256
72,62,100
73,62,256
74,62,179
75,62,181
76,62,137
77,62,142
78,62,168
79,62,256
80,62,256
81,62,206
82,62,256
83,62,121
84,62,195
85,62,186
86,62,256
87,62,117
88,62,233
89,62,196
90,62,89
91,62,240
92,62,256
93,62,256
94,62,55
95,62,70
96,62,256
97,62,256
98,62,69
99,62,256
100,62,192
101,62,14
102,62,13
103,62,12
104,62,10
105,62,9
106,62,8
107,62,8
108,62,7
109,62,7
110,62,7
111,62,6
112,62,7
113,62,6
114,62,6
115,62,6
116,62,7
117,62,6
118,62,5
119,62,4
120,62,4
121,62,4
122,62,4
123,62,3
124,62,3
125,62,3
126,62,3
127,62,3
0,63,3
1,63,3
2,63,3
3,63,3
4,63,4
5,63,4
6,63,4
7,63,5
8,63,5
9,63,6
10,63,10
11,63,256
12,63,256
13,63,11
14,63,97
15,63,57
16,63,155
17,63,12
18,63,15
19,63,105
20,63,11
21,63,11
22,63,11
23,63,12
24,63,12
25,63,14
26,63,16
27,63,35
28,63,119
29,63,35
30,63,228
31,63,256
32,63,90
33,63,67
34,63,79
35,63,234
36,63,256
37,63,109
38,63,256
39,63,240
40,63,171
41,63,256
42,63,256
43,63,256
44,63,174
45,63,171
46,63,256
47,63,256
48,63,139
49,63,125
50,63,109
51,63,255
52,63,102
53,63,80
54,63,69
55,63,65
56,63,61
57,63,156
58,63,57
59,63,246
60,63,256
61,63,256
62,63,256
63,63,256
64,63,180
65,63,91
66,63,98
67,63,256
68,63,129
69,63,203
70,63,207
71,63,223
72,63,209
73,63,256
74,63,78
75,63,95
76,63,151
77,63,99
78,63,109
79,63,120
80,63,133
81,63,210
82,63,196
83,63,256
84,63,186
85,63,256
86,63,256
87,63,134
88,63,256
89,63,256
90,63,97
91,63,256
92,63,212
93,63,256
94,63,61
95,63,254
96,63,232
97,63,256
98,63,128
99,63,72
100,63,19
101,63,14
102,63,13
103,63,11
104,63,10
105,63,9
106,63,9
107,63,9
108,63,8
109,63,8
110,63,9
111,63,256
112,63,9
113,63,7
114,63,8
115,63,184
116,63,41
117,63,13
118,63,6
119,63,5
120,63,4
121,63,4
122,63,4
123,63,3
124,63,3
125,63,3
126,63,3
127,63,3
0,64,3
1,64,3
2,64,3
3,64,3
4,64,3
5,64,4
6,64,4
7,64,4
8,64,5
9,64,6
10,64,13
11,64,41
12,64,184
13,64,8
14,64,7
15,64,9
16,64,256
17,64,9
18,64,8
19,64,8
20,64,9
21,64,9
22,64,9
23,64,10
24,64,11
25,64,13
26,64,14
27,64,19
28,64,72
29,64,128
30,64,256
31,64,232
32,64,254
33,64,61
34,64,256
35,64,212
36,64,256
37,64,97
38,64,256
39,64,256
40,64,134
41,64,256
42,64,256
43,64,186
44,64,256
45,64,196
46,64,210
47,64,133
48,64,120
49,64,109
50,64,99
51,64,151
52,64,95
53,64,78
54,64,256
55,64,209
56,64,223
57,64,207
58,64,203
59,64,129
60,64,256
61,64,98
62,64,91
63,64,180
64,64,256
65,64,256
66,64,256
67,64,256
68,64,246
69,64,57
70,64,156
71,64,61
72,64,65
73,64,69
74,64,80
75,64,102
76,64,255
77,64,109
78,64,125
79,64,139
80,64,256
81,64,256
82,64,171
83,64,174
84,64,256
85,64,256
86,64,256
87,64,171
88,64,240
89,64,256
90,64,109
91,64,256
92,64,234
93,64,79
94,64,67
95,64,90
96,64,256
97,64,228
98,64,35
99,64,119
100,64,35
101,64,16
102,64,14
103,64,12
104,64,12
105,64,11
106,64,11
107,64,11
108,64,105
109,64,15
110,64,12
111,64,155
112,64,57
113,64,97
114,64,11
115,64,256
116,64,256
117,64,10
118,64,6
119,64,5
120,64,5
121,64,4
122,64,4
123,64,4
124,64,3
125,64,3
126,64,3
127,64,3
0,65,3
1,65,3
2,65,3
3,65,3
4,65,3
5,65,4
6,65,4
7,65,4
8,65,4
9,65,5
10,65,6
11,65,7
12,65,6
13,65,6
14,65,6
15,65,7
16,65,6
17,65,7
18,65,7
19,65,7
20,65,8
21,65,8
22,65,9
23,65,10
24,65,12
25,65,13
26,65,14
27,65,192
28,65,256
29,65,69
30,65,256
31,65,256
32,65,70
33,65,55
34,65,256
35,65,256
36,65,240
37,65,89
38,65,196
39,65,233
40,65,117
41,65,256
42,65,186
43,65,195
44,65,121
45,65,256
46,65,206
47,65,256
48,65,256
49,65,168
50,65,142
51,65,137
52,65,181
53,65,179
54,65,256
55,65,100
56,65,256
57,65,114
58,65,93
59,65,144
60,65,143
61,65,215
62,65,256
63,65,256
64,65,256
65,65,74
66,65,106
67,65,256
68,65,256
69,65,52
70,65,55
71,65,59
72,65,256
73,65,256
74,65,109
75,65,145
76,65,256
77,65,256
78,65,256
79,65,256
80,65,256
81,65,197
82,65,256
83,65,256
84,65,203
85,65,256
86,65,188
87,65,256
88,65,155
89,65,256
90,65,130
91,65,256
92,65,256
93,65,155
94,65,90
95,65,256
96,65,256
97,65,74
98,65,256
99,65,24
100,65,21
101,65,256
102,65,140
103,65,15
104,65,14
105,65,26
106,65,160
107,65,16
108,65,195
109,65,256
110,65,19
111,65,256
112,65,36
113,65,17
114,65,19
115,65,206
116,65,133
117,65,34
118,65,131
119,65,6
120,65,5
121,65,5
122,65,5
123,65,4
124,65,4
125,65,3
126,65,3
127,65,3
0,66,3
1,66,3
2,66,3
3,66,3
4,66,3
5,66,3
6,66,3
7,66,3
8,66,4
9,66,4
10,66,4
11,66,5
12,66,5
13,66,5
14,66,5
15,66,5
16,66,5
17,66,6
18,66,6
19,66,6
20,66,7
21,66,8
22,66,9
23,66,12
24,66,18
25,66,14
26,66,16
27,66,19
28,66,191
29,66,256
30,66,256
31,66,136
32,66,256
33,66,103
34,66,50
35,66,256
36,66,126
37,66,83
38,66,189
39,66,256
40,66,256
41,66,101
42,66,116
43,66,256
44,66,256
45,66,151
46,66,96
47,66,88
48,66,85
49,66,226
50,66,256
51,66,79
52,66,212
53,66,256
54,66,234
55,66,105
56,66,256
57,66,256
58,66,256
59,66,104
60,66,146
61,66,188
62,66,256
63,66,130
64,66,256
65,66,59
66,66,48
67,66,48
68,66,47
69,66,53
70,66,60
71,66,256
72,66,139
73,66,256
74,66,153
75,66,256
76,66,256
77,66,134
78,66,148
79,66,163
80,66,256
81,66,256
82,66,256
83,66,256
84,66,256
85,66,238
86,66,256
87,66,256
88,66,176
89,66,256
90,66,132
91,66,256
92,66,256
93,66,84
94,66,83
95,66,163
96,66,186
97,66,47
98,66,144
99,66,27
100,66,27
101,66,48
102,66,200
103,66,256
104,66,256
105,66,29
106,66,256
107,66,256
108,66,89
109,66,220
110,66,83
111,66,48
112,66,256
113,66,256
114,66,115
115,66,256
116,66,132
117,66,256
118,66,256
119,66,7
120,66,6
121,66,5
122,66,5
123,66,4
124,66,4
125,66,4
126,66,4
127,66,3
0,67,3
1,67,3
2,67,3
3,67,3
4,67,3
5,67,3
6,67,3
7,67,3
8,67,3
9,67,3
10,67,4
11,67,4
12,67,5
13,67,5
14,67,5
15,67,5
16,67,5
17,67,5
18,67,6
19,67,6
20,67,7
21,67,7
22,67,9
23,67,256
24,67,19
25,67,17
26,67,19
27,67,256
28,67,25
29,67,118
30,67,181
31,67,256
32,67,84
33,67,55
34,67,41
35,67,165
36,67,256
37,67,176
38,67,70
39,67,124
40,67,256
41,67,118
42,67,88
43,67,256
44,67,96
45,67,256
46,67,256
47,67,110
48,67,76
49,67,66
50,67,57
51,67,49
52,67,45
53,67,201
54,67,90
55,67,75
56,67,256
57,67,205
58,67,83
59,67,254
60,67,228
61,67,256
62,67,256
63,67,160
64,67,109
65,67,154
66,67,42
67,67,43
68,67,45
69,67,192
70,67,183
71,67,256
72,67,159
73,67,145
74,67,247
75,67,124
76,67,256
77,67,256
78,67,256
79,67,223
80,67,232
81,67,228
82,67,256
83,67,256
84,67,256
85,67,256
86,67,256
87,67,231
88,67,190
89,67,256
90,67,140
91,67,175
92,67,174
93,67,91
94,67,256
95,67,256
96,67,256
97,67,256
98,67,34
99,67,256
100,67,80
101,67,112
102,67,61
103,67,256
104,67,256
105,67,31
106,67,256
107,67,256
108,67,256
109,67,256
110,67,83
111,67,219
112,67,72
113,67,256
114,67,48
115,67,256
116,67,37
117,67,16
118,67,159
119,67,9
120,67,7
121,67,7
122,67,7
123,67,7
124,67,5
125,67,4
126,67,4
127,67,3
0,68,2
1,68,3
2,68,3
3,68,3
4,68,3
5,68,3
6,68,3
7,68,3
8,68,3
9,68,3
10,68,3
11,68,4
12,68,4
13,68,4
14,68,4
15,68,4
16,68,5
17,68,5
18,68,5
19,68,6
20,68,6
21,68,6
22,68,256
23,68,256
24,68,256
25,68,81
26,68,185
27,68,49
28,68,242
29,68,37
30,68,104
31,68,172
32,68,127
33,68,103
34,68,35
35,68,256
36,68,75
37,68,211
38,68,250
39,68,60
40,68,256
41,68,256
42,68,256
43,68,75
44,68,65
45,68,256
46,68,81
47,68,256
48,68,162
49,68,97
50,68,208
51,68,256
52,68,120
53,68,30
54,68,38
55,68,256
56,68,254
57,68,45
58,68,54
59,68,110
60,68,256
61,68,119
62,68,256
63,68,256
64,68,256
65,68,162
66,68,38
67,68,256
68,68,50
69,68,256
70,68,98
71,68,241
72,68,228
73,68,256
74,68,117
75,68,124
76,68,205
77,68,256
78,68,256
79,68,184
80,68,256
81,68,255
82,68,256
83,68,256
84,68,256
85,68,256
86,68,256
87,68,256
88,68,206
89,68,208
90,68,256
91,68,256
92,68,105
93,68,256
94,68,135
95,68,232
96,68,55
97,68,66
98,68,256
99,68,256
100,68,241
101,68,256
102,68,256
103,68,256
104,68,256
105,68,191
106,68,78
107,68,123
108,68,179
109,68,112
110,68,256
111,68,120
112,68,123
113,68,256
114,68,61
115,68,208
116,68,195
117,68,16
118,68,12
119,68,11
120,68,122
121,68,185
122,68,21
123,68,256
124,68,6
125,68,5
126,68,4
127,68,3
0,69,2
1,69,2
2,69,2
3,69,3
4,69,3
5,69,3
6,69,3
7,69,3
8,69,3
9,69,3
10,69,3
11,69,3
12,69,4
13,69,4
14,69,4
15,69,4
16,69,4
17,69,5
18,69,5
19,69,5
20,69,6
21,69,6
22,69,8
23,69,176
24,69,245
25,69,40
26,69,256
27,69,256
28,69,182
29,69,256
30,69,49
31,69,256
32,69,256
33,69,256
34,69,256
35,69,30
36,69,256
37,69,256
38,69,90
39,69,183
40,69,49
41,69,256
42,69,164
43,69,161
44,69,256
45,69,256
46,69,44
47,69,145
48,69,46
49,69,256
50,69,139
51,69,108
52,69,180
53,69,99
54,69,21
55,69,24
56,69,41
57,69,138
58,69,124
59,69,68
60,69,122
61,69,256
62,69,256
63,69,256
64,69,35
65,69,33
66,69,35
67,69,51
68,69,153
69,69,256
70,69,256
71,69,256
72,69,208
73,69,192
74,69,110
75,69,242
76,69,256
77,69,256
78,69,164
79,69,256
80,69,222
81,69,256
82,69,256
83,69,256
84,69,256
85,69,256
86,69,256
87,69,256
88,69,256
89,69,174
90,69,256
91,69,246
92,69,110
93,69,256
94,69,198
95,69,71
96,69,194
97,69,46
98,69,215
99,69,256
100,69,144
101,69,256
102,69,214
103,69,204
104,69,224
105,69,82
106,69,91
107,69,167
108,69,196
109,69,163
110,69,256
111,69,250
112,69,256
113,69,256
114,69,256
115,69,256
116,69,70
117,69,188
118,69,256
119,69,103
120,69,256
121,69,231
122,69,51
123,69,20
124,69,13
125,69,185
126,69,6
127,69,4
0,70,2
1,70,2
2,70,2
3,70,2
4,70,2
5,70,3
6,70,3
7,70,3
8,70,3
9,70,3
10,70,3
11,70,3
12,70,4
13,70,4
14,70,4
15,70,4
16,70,4
17,70,5
18,70,5
19,70,5
20,70,5
21,70,6
22,70,8
23,70,100
24,70,174
25,70,256
26,70,72
27,70,60
28,70,76
29,70,123
30,70,256
31,70,227
32,70,256
33,70,82
34,70,24
35,70,51
36,70,256
37,70,246
38,70,199
39,70,98
40,70,256
41,70,35
42,70,154
43,70,256
44,70,160
45,70,93
46,70,256
47,70,30
48,70,27
49,70,31
50,70,45
51,70,70
52,70,155
53,70,20
54,70,19
55,70,27
56,70,256
57,70,79
58,70,256
59,70,120
60,70,144
61,70,45
62,70,187
63,70,161
64,70,29
65,70,33
66,70,36
67,70,256
68,70,256
69,70,115
70,70,256
71,70,145
72,70,256
73,70,90
74,70,256
75,70,256
76,70,203
77,70,146
78,70,199
79,70,256
80,70,256
81,70,256
82,70,256
83,70,256
84,70,256
85,70,256
86,70,256
87,70,256
88,70,207
89,70,256
90,70,256
91,70,127
92,70,173
93,70,256
94,70,256
95,70,59
96,70,54
97,70,191
98,70,256
99,70,84
100,70,88
101,70,119
102,70,88
103,70,58
104,70,81
105,70,139
106,70,203
107,70,173
108,70,219
109,70,256
110,70,256
111,70,256
112,70,256
113,70,256
114,70,256
115,70,256
116,70,50
117,70,231
118,70,113
119,70,86
120,70,256
121,70,232
122,70,256
123,70,256
124,70,122
125,70,155
126,70,8
127,70,4
0,71,2
1,71,2
2,71,2
3,71,2
4,71,2
5,71,2
6,71,3
7,71,3
8,71,3
9,71,3
10,71,3
11,71,3
12,71,3
13,71,4
14,71,4
15,71,4
16,71,4
17,71,4
18,71,4
19,71,4
20,71,5
21,71,6
22,71,12
23,71,45
24,71,185
25,71,256
26,71,96
27,71,116
28,71,243
29,71,256
30,71,256
31,71,231
32,71,256
33,71,256
34,71,18
35,71,17
36,71,181
37,71,42
38,71,88
39,71,256
40,71,256
41,71,41
42,71,30
43,71,256
44,71,228
45,71,51
46,71,166
47,71,62
48,71,18
49,71,23
50,71,102
51,71,151
52,71,143
53,71,171
54,71,15
55,71,256
56,71,29
57,71,250
58,71,256
59,71,130
60,71,100
61,71,26
62,71,23
63,71,25
64,71,26
65,71,198
66,71,130
67,71,47
68,71,256
69,71,256
70,71,162
71,71,132
72,71,84
73,71,256
74,71,113
75,71,256
76,71,256
77,71,140
78,71,256
79,71,183
80,71,256
81,71,256
82,71,256
83,71,256
84,71,256
85,71,256
86,71,256
87,71,236
88,71,256
89,71,256
90,71,148
91,71,214
92,71,124
93,71,256
94,71,68
95,71,160
96,71,190
97,71,208
98,71,243
99,71,256
100,71,256
101,71,256
102,71,234
103,71,256
104,71,256
105,71,246
106,71,117
107,71,256
108,71,256
109,71,256
110,71,256
111,71,256
112,71,256
113,71,256
114,71,158
115,71,59
116,71,112
117,71,256
118,71,51
119,71,103
120,71,256
121,71,256
122,71,256
123,71,21
124,71,256
125,71,9
126,71,5
127,71,4
0,72,2
1,72,2
2,72,2
3,72,2
4,72,2
5,72,2
6,72,2
7,72,3
8,72,3
9,72,3
10,72,3
11,72,3
12,72,3
13,72,4
14,72,4
15,72,4
16,72,4
17,72,4
18,72,4
19,72,4
20,72,4
21,72,5
22,72,6
23,72,7
24,72,9
25,72,177
26,72,195
27,72,210
28,72,256
29,72,256
30,72,250
31,72,59
32,72,228
33,72,14
34,72,13
35,72,15
36,72,18
37,72,30
38,72,85
39,72,58
40,72,182
41,72,176
42,72,17
43,72,19
44,72,256
45,72,227
46,72,122
47,72,40
48,72,14
49,72,17
50,72,18
51,72,87
52,72,138
53,72,15
54,72,13
55,72,13
56,72,14
57,72,20
58,72,174
59,72,98
60,72,89
61,72,20
62,72,21
63,72,23
64,72,25
65,72,204
66,72,256
67,72,59
68,72,256
69,72,190
70,72,256
71,72,256
72,72,78
73,72,86
74,72,256
75,72,256
76,72,125
77,72,213
78,72,256
79,72,173
80,72,256
81,72,256
82,72,242
83,72,256
84,72,256
85,72,256
86,72,256
87,72,202
88,72,256
89,72,256
90,72,230
91,72,107
92,72,89
93,72,132
94,72,256
95,72,256
96,72,256
97,72,256
98,72,172
99,72,180
100,72,203
101,72,60
102,72,256
103,72,158
104,72,132
105,72,256
106,72,256
107,72,221
108,72,256
109,72,256
110,72,256
111,72,256
112,72,256
113,72,256
114,72,175
115,72,113
116,72,256
117,72,120
118,72,51
119,72,72
120,72,101
121,72,252
122,72,24
123,72,9
124,72,9
125,72,5
126,72,4
127,72,4
0,73,2
1,73,2
2,73,2
3,73,2
4,73,2
5,73,2
6,73,2
7,73,2
8,73,3
9,73,3
10,73,3
11,73,3
12,73,3
13,73,3
14,73,3
15,73,3
16,73,4
17,73,4
18,73,4
19,73,4
20,73,4
21,73,4
22,73,5
23,73,6
24,73,7
25,73,194
26,73,24
27,73,192
28,73,256
29,73,256
30,73,235
31,73,77
32,73,17
33,73,11
34,73,11
35,73,79
36,73,22
37,73,256
38,73,159
39,73,256
40,73,230
41,73,256
42,73,14
43,73,256
44,73,57
45,73,181
46,73,256
47,73,73
48,73,11
49,73,11
50,73,11
51,73,12
52,73,15
53,73,11
54,73,11
55,73,11
56,73,12
57,73,132
58,73,25
59,73,69
60,73,17
61,73,18
62,73,21
63,73,24
64,73,26
65,73,256
66,73,256
67,73,256
68,73,107
69,73,110
70,73,256
71,73,256
72,73,72
73,73,256
74,73,256
75,73,256
76,73,116
77,73,256
78,73,256
79,73,256
80,73,240
81,73,218
82,73,256
83,73,229
84,73,238
85,73,216
86,73,209
87,73,256
88,73,256
89,73,139
90,73,118
91,73,238
92,73,256
93,73,185
94,73,256
95,73,115
96,73,197
97,73,256
98,73,256
99,73,256
100,73,232
101,73,34
102,73,43
103,73,79
104,73,256
105,73,85
106,73,177
107,73,130
108,73,181
109,73,201
110,73,256
111,73,217
112,73,256
113,73,256
114,73,62
115,73,29
116,73,159
117,73,18
118,73,91
119,73,193
120,73,48
121,73,256
122,73,10
123,73,6
124,73,5
125,73,4
126,73,4
127,73,3
0,74,2
1,74,2
2,74,2
3,74,2
4,74,2
5,74,2
6,74,2
7,74,2
8,74,2
9,74,3
10,74,3
11,74,3
12,74,3
13,74,3
14,74,3
15,74,3
16,74,3
17,74,3
18,74,4
19,74,4
20,74,4
21,74,4
22,74,5
23,74,5
24,74,6
25,74,7
26,74,10
27,74,65
28,74,147
29,74,256
30,74,256
31,74,246
32,74,12
33,74,9
34,74,9
35,74,232
36,74,114
37,74,256
38,74,256
39,74,256
40,74,205
41,74,102
42,74,11
43,74,10
44,74,14
45,74,11
46,74,28
47,74,256
48,74,10
49,74,9
50,74,9
51,74,9
52,74,9
53,74,10
54,74,10
55,74,11
56,74,11
57,74,12
58,74,14
59,74,14
60,74,15
61,74,16
62,74,130
63,74,29
64,74,191
65,74,34
66,74,67
67,74,164
68,74,197
69,74,256
70,74,81
71,74,67
72,74,70
73,74,87
74,74,256
75,74,230
76,74,108
77,74,256
78,74,256
79,74,145
80,74,214
81,74,256
82,74,242
83,74,208
84,74,256
85,74,256
86,74,256
87,74,201
88,74,256
89,74,247
90,74,256
91,74,223
92,74,256
93,74,47
94,74,37
95,74,256
96,74,40
97,74,66
98,74,120
99,74,47
100,74,256
101,74,29
102,74,67
103,74,256
104,74,224
105,74,75
106,74,256
107,74,113
108,74,256
109,74,178
110,74,152
111,74,256
112,74,256
113,74,256
114,74,25
115,74,18
116,74,12
117,74,14
118,74,21
119,74,48
120,74,256
121,74,256
122,74,7
123,74,5
124,74,4
125,74,4
126,74,3
127,74,3
0,75,2
1,75,2
2,75,2
3,75,2
4,75,2
5,75,2
6,75,2
7,75,2
8,75,2
9,75,3
10,75,3
11,75,3
12,75,3
13,75,3
14,75,3
15,75,3
16,75,3
17,75,3
18,75,3
19,75,4
20,75,4
21,75,4
22,75,5
23,75,5
24,75,6
25,75,7
26,75,172
27,75,256
28,75,256
29,75,67
30,75,187
31,75,172
32,75,10
33,75,8
34,75,8
35,75,9
36,75,164
37,75,12
38,75,22
39,75,256
40,75,207
41,75,89
42,75,9
43,75,9
44,75,8
45,75,9
46,75,9
47,75,9
48,75,8
49,75,8
50,75,8
51,75,8
52,75,8
53,75,9
54,75,10
55,75,10
56,75,10
57,75,11
58,75,12
59,75,13
60,75,14
61,75,16
62,75,256
63,75,256
64,75,256
65,75,41
66,75,256
67,75,256
68,75,256
69,75,256
70,75,125
71,75,63
72,75,230
73,75,181
74,75,138
75,75,130
76,75,101
77,75,134
78,75,199
79,75,256
80,75,256
81,75,206
82,75,155
83,75,256
84,75,256
85,75,256
86,75,141
87,75,125
88,75,110
89,75,256
90,75,82
91,75,122
92,75,206
93,75,97
94,75,95
95,75,22
96,75,202
97,75,256
98,75,256
99,75,148
100,75,22
101,75,26
102,75,255
103,75,119
104,75,234
105,75,66
106,75,107
107,75,256
108,75,165
109,75,256
110,75,104
111,75,237
112,75,112
113,75,256
114,75,256
115,75,10
116,75,10
117,75,256
118,75,33
119,75,203
120,75,256
121,75,8
122,75,6
123,75,5
124,75,4
125,75,4
126,75,3
127,75,3
0,76,2
1,76,2
2,76,2
3,76,2
4,76,2
5,76,2
6,76,2
7,76,2
8,76,2
9,76,2
10,76,3
11,76,3
12,76,3
13,76,3
14,76,3
15,76,3
16,76,3
17,76,3
18,76,3
19,76,3
20,76,4
21,76,4
22,76,4
23,76,5
24,76,5
25,76,6
26,76,172
27,76,256
28,76,60
29,76,31
30,76,256
31,76,9
32,76,7
33,76,7
34,76,7
35,76,7
36,76,7
37,76,8
38,76,9
39,76,256
40,76,16
41,76,13
42,76,8
43,76,7
44,76,7
45,76,7
46,76,7
47,76,7
48,76,8
49,76,8
50,76,8
51,76,8
52,76,8
53,76,9
54,76,9
55,76,10
56,76,10
57,76,11
58,76,12
59,76,13
60,76,14
61,76,15
62,76,85
63,76,256
64,76,227
65,76,256
66,76,163
67,76,256
68,76,102
69,76,256
70,76,256
71,76,59
72,76,59
73,76,256
74,76,256
75,76,149
76,76,120
77,76,96
78,76,256
79,76,158
80,76,120
81,76,134
82,76,256
83,76,140
84,76,183
85,76,173
86,76,256
87,76,218
88,76,171
89,76,143
90,76,256
91,76,256
92,76,209
93,76,256
94,76,42
95,76,17
96,76,19
97,76,19
98,76,134
99,76,18
100,76,21
101,76,197
102,76,40
103,76,256
104,76,256
105,76,58
106,76,256
107,76,256
108,76,87
109,76,256
110,76,256
111,76,171
112,76,256
113,76,79
114,76,10
115,76,8
116,76,8
117,76,8
118,76,105
119,76,198
120,76,256
121,76,7
122,76,5
123,76,4
124,76,4
125,76,4
126,76,3
127,76,3
0,77,2
1,77,2
2,77,2
3,77,2
4,77,2
5,77,2
6,77,2
7,77,2
8,77,2
9,77,2
10,77,3
11,77,3
12,77,3
13,77,3
14,77,3
15,77,3
16,77,3
17,77,3
18,77,3
19,77,3
20,77,4
21,77,4
22,77,4
23,77,4
24,77,5
25,77,5
26,77,7
27,77,256
28,77,81
29,77,10
30,77,10
31,77,8
32,77,6
33,77,6
34,77,6
35,77,6
36,77,6
37,77,7
38,77,7
39,77,9
40,77,10
41,77,8
42,77,7
43,77,7
44,77,7
45,77,6
46,77,6
47,77,6
48,77,7
49,77,7
50,77,7
51,77,8
52,77,8
53,77,9
54,77,9
55,77,10
56,77,11
57,77,11
58,77,12
59,77,12
60,77,13
61,77,21
62,77,236
63,77,210
64,77,115
65,77,92
66,77,256
67,77,128
68,77,256
69,77,86
70,77,222
71,77,56
72,77,72
73,77,256
74,77,107
75,77,206
76,77,256
77,77,85
78,77,256
79,77,181
80,77,135
81,77,106
82,77,256
83,77,256
84,77,256
85,77,109
86,77,95
87,77,114
88,77,256
89,77,59
90,77,43
91,77,31
92,77,27
93,77,240
94,77,256
95,77,15
96,77,12
97,77,13
98,77,14
99,77,15
100,77,16
101,77,256
102,77,256
103,77,256
104,77,256
105,77,256
106,77,46
107,77,182
108,77,113
109,77,256
110,77,52
111,77,27
112,77,20
113,77,124
114,77,8
115,77,7
116,77,6
117,77,6
118,77,6
119,77,6
120,77,6
121,77,5
122,77,4
123,77,3
124,77,3
125,77,3
126,77,3
127,77,3
0,78,2
1,78,2
2,78,2
3,78,2
4,78,2
5,78,2
6,78,2
7,78,2
8,78,2
9,78,2
10,78,2
11,78,3
12,78,3
13,78,3
14,78,3
15,78,3
16,78,3
17,78,3
18,78,3
19,78,3
20,78,3
21,78,4
22,78,4
23,78,4
24,78,4
25,78,5
26,78,6
27,78,115
28,78,8
29,78,6
30,78,6
31,78,5
32,78,5
33,78,6
34,78,5
35,78,5
36,78,5
37,78,6
38,78,6
39,78,6
40,78,6
41,78,6
42,78,6
43,78,6
44,78,6
45,78,6
46,78,6
47,78,6
48,78,6
49,78,7
50,78,7
51,78,7
52,78,8
53,78,8
54,78,9
55,78,10
56,78,11
57,78,11
58,78,12
59,78,12
60,78,14
61,78,18
62,78,151
63,78,158
64,78,94
65,78,177
66,78,256
67,78,256
68,78,204
69,78,200
70,78,256
71,78,256
72,78,49
73,78,256
74,78,101
75,78,181
76,78,170
77,78,80
78,78,256
79,78,256
80,78,154
81,78,256
82,78,92
83,78,89
84,78,256
85,78,185
86,78,177
87,78,256
88,78,255
89,78,203
90,78,256
91,78,256
92,78,17
93,78,233
94,78,12
95,78,12
96,78,11
97,78,11
98,78,12
99,78,13
100,78,16
101,78,142
102,78,229
103,78,172
104,78,256
105,78,88
106,78,111
107,78,30
108,78,37
109,78,185
110,78,63
111,78,96
112,78,12
113,78,8
114,78,6
115,78,6
116,78,5
117,78,5
118,78,5
119,78,5
120,78,5
121,78,4
122,78,3
123,78,3
124,78,3
125,78,3
126,78,3
127,78,3
0,79,2
1,79,2
2,79,2
3,79,2
4,79,2
5,79,2
6,79,2
7,79,2
8,79,2
9,79,2
10,79,2
11,79,3
12,79,3
13,79,3
14,79,3
15,79,3
16,79,3
17,79,3
18,79,3
19,79,3
20,79,3
21,79,4
22,79,4
23,79,4
24,79,4
25,79,5
26,79,5
27,79,5
28,79,5
29,79,5
30,79,5
31,79,5
32,79,5
33,79,5
34,79,5
35,79,5
36,79,5
37,79,5
38,79,5
39,79,5
40,79,5
41,79,5
42,79,6
43,79,6
44,79,6
45,79,6
46,79,6
47,79,6
48,79,6
49,79,7
50,79,7
51,79,7
52,79,8
53,79,8
54,79,9
55,79,11
56,79,11
57,79,12
58,79,13
59,79,13
60,79,14
61,79,16
62,79,77
63,79,32
64,79,40
65,79,105
66,79,256
67,79,256
68,79,225
69,79,102
70,79,256
71,79,104
72,79,45
73,79,51
74,79,139
75,79,256
76,79,254
77,79,256
78,79,70
79,79,256
80,79,256
81,79,149
82,79,163
83,79,256
84,79,71
85,79,63
86,79,54
87,79,46
88,79,42
89,79,238
90,79,210
91,79,256
92,79,123
93,79,11
94,79,10
95,79,9
96,79,10
97,79,10
98,79,12
99,79,13
100,79,15
101,79,18
102,79,23
103,79,44
104,79,95
105,79,130
106,79,256
107,79,183
108,79,17
109,79,20
110,79,119
111,79,221
112,79,256
113,79,7
114,79,6
115,79,5
116,79,5
117,79,5
118,79,4
119,79,4
120,79,4
121,79,3
122,79,3
123,79,3
124,79,3
125,79,3
126,79,3
127,79,2
0,80,2
1,80,2
2,80,2
3,80,2
4,80,2
5,80,2
6,80,2
7,80,2
8,80,2
9,80,2
10,80,2
11,80,3
12,80,3
13,80,3
14,80,3
15,80,3
16,80,3
17,80,3
18,80,3
19,80,3
20,80,3
21,80,3
22,80,3
23,80,3
24,80,3
25,80,4
26,80,4
27,80,4
28,80,5
29,80,5
30,80,4
31,80,4
32,80,4
33,80,5
34,80,5
35,80,5
36,80,5
37,80,4
38,80,4
39,80,4
40,80,4
41,80,5
42,80,5
43,80,5
44,80,5
45,80,5
46,80,5
47,80,6
48,80,6
49,80,6
50,80,6
51,80,7
52,80,7
53,80,9
54,80,10
55,80,30
56,80,64
57,80,16
58,80,14
59,80,14
60,80,15
61,80,16
62,80,19
63,80,21
64,80,26
65,80,120
66,80,128
67,80,182
68,80,138
69,80,92
70,80,256
71,80,58
72,80,45
73,80,39
74,80,256
75,80,181
76,80,247
77,80,117
78,80,98
79,80,61
80,80,70
81,80,256
82,80,175
83,80,256
84,80,256
85,80,73
86,80,256
87,80,256
88,80,24
89,80,19
90,80,87
91,80,127
92,80,256
93,80,9
94,80,9
95,80,9
96,80,9
97,80,10
98,80,13
99,80,15
100,80,15
101,80,21
102,80,39
103,80,256
104,80,171
105,80,57
106,80,208
107,80,74
108,80,13
109,80,22
110,80,80
111,80,18
112,80,104
113,80,6
114,80,5
115,80,5
116,80,5
117,80,4
118,80,4
119,80,4
120,80,4
121,80,3
122,80,3
123,80,3
124,80,3
125,80,3
126,80,2
127,80,2
0,81,2
1,81,2
2,81,2
3,81,2
4,81,2
5,81,2
6,81,2
7,81,2
8,81,2
9,81,2
10,81,2
11,81,3
12,81,3
13,81,3
14,81,3
15,81,3
16,81,3
17,81,3
18,81,3
19,81,3
20,81,3
21,81,3
22,81,3
23,81,3
24,81,3
25,81,3
26,81,3
27,81,3
28,81,4
29,81,4
30,81,4
31,81,4
32,81,4
33,81,4
34,81,4
35,81,4
36,81,4
37,81,4
38,81,4
39,81,4
40,81,4
41,81,4
42,81,5
43,81,5
44,81,5
45,81,5
46,81,5
47,81,5
48,81,6
49,81,6
50,81,6
51,81,6
52,81,7
53,81,8
54,81,256
55,81,142
56,81,24
57,81,17
58,81,15
59,81,15
60,81,17
61,81,19
62,81,67
63,81,24
64,81,26
65,81,256
66,81,256
67,81,98
68,81,256
69,81,256
70,81,199
71,81,256
72,81,221
73,81,35
74,81,40
75,81,256
76,81,256
77,81,256
78,81,256
79,81,64
80,81,55
81,81,55
82,81,170
83,81,256
84,81,256
85,81,255
86,81,256
87,81,256
88,81,32
89,81,14
90,81,12
91,81,10
92,81,9
93,81,8
94,81,8
95,81,8
96,81,9
97,81,10
98,81,125
99,81,21
100,81,19
101,81,256
102,81,256
103,81,143
104,81,256
105,81,256
106,81,251
107,81,144
108,81,11
109,81,9
110,81,9
111,81,7
112,81,6
113,81,5
114,81,4
115,81,4
116,81,4
117,81,4
118,81,4
119,81,4
120,81,4
121,81,3
122,81,3
123,81,3
124,81,3
125,81,2
126,81,2
127,81,2
0,82,2
1,82,2
2,82,2
3,82,2
4,82,2
5,82,2
6,82,2
7,82,2
8,82,2
9,82,2
10,82,2
11,82,2
12,82,2
13,82,2
14,82,2
15,82,2
16,82,2
17,82,2
18,82,2
19,82,2
20,82,2
21,82,2
22,82,3
23,82,3
24,82,3
25,82,3
26,82,3
27,82,3
28,82,3
29,82,4
30,82,4
31,82,4
32,82,4
33,82,4
34,82,4
35,82,4
36,82,4
37,82,4
38,82,4
39,82,4
40,82,4
41,82,4
42,82,4
43,82,5
44,82,5
45,82,5
46,82,5
47,82,5
48,82,6
49,82,6
50,82,6
51,82,6
52,82,8
53,82,9
54,82,25
55,82,256
56,82,256
57,82,19
58,82,18
59,82,18
60,82,256
61,82,145
62,82,84
63,82,29
64,82,30
65,82,37
66,82,39
67,82,256
68,82,90
69,82,93
70,82,185
71,82,214
72,82,256
73,82,43
74,82,28
75,82,256
76,82,256
77,82,223
78,82,231
79,82,200
80,82,128
81,82,80
82,82,37
83,82,27
84,82,113
85,82,124
86,82,44
87,82,188
88,82,256
89,82,17
90,82,9
91,82,8
92,82,7
93,82,7
94,82,7
95,82,7
96,82,7
97,82,8
98,82,256
99,82,143
100,82,89
101,82,38
102,82,97
103,82,66
104,82,256
105,82,173
106,82,138
107,82,256
108,82,10
109,82,8
110,82,7
111,82,6
112,82,5
113,82,4
114,82,4
115,82,4
116,82,4
117,82,4
118,82,3
119,82,3
120,82,3
121,82,3
122,82,3
123,82,3
124,82,3
125,82,2
126,82,2
127,82,2
0,83,2
1,83,2
2,83,2
3,83,2
4,83,2
5,83,2
6,83,2
7,83,2
8,83,2
9,83,2
10,83,2
11,83,2
12,83,2
13,83,2
14,83,2
15,83,2
16,83,2
17,83,2
18,83,2
19,83,2
20,83,2
21,83,2
22,83,2
23,83,2
24,83,3
25,83,3
26,83,3
27,83,3
28,83,3
29,83,3
30,83,4
31,83,4
32,83,4
33,83,4
34,83,4
35,83,4
36,83,4
37,83,4
38,83,4
39,83,4
40,83,4
41,83,4
42,83,4
43,83,4
44,83,5
45,83,5
46,83,5
47,83,5
48,83,5
49,83,5
50,83,5
51,83,6
52,83,7
53,83,22
54,83,256
55,83,90
56,83,256
57,83,256
58,83,181
59,83,22
60,83,82
61,83,256
62,83,50
63,83,256
64,83,164
65,83,42
66,83,189
67,83,45
68,83,256
69,83,114
70,83,180
71,83,219
72,83,256
73,83,97
74,83,24
75,83,27
76,83,256
77,83,60
78,83,256
79,83,228
80,83,256
81,83,135
82,83,256
83,83,208
84,83,18
85,83,19
86,83,68
87,83,156
88,83,256
89,83,256
90,83,8
91,83,7
92,83,7
93,83,7
94,83,6
95,83,7
96,83,7
97,83,8
98,83,16
99,83,16
100,83,256
101,83,139
102,83,114
103,83,256
104,83,252
105,83,256
106,83,256
107,83,66
108,83,21
109,83,7
110,83,6
111,83,5
112,83,5
113,83,4
114,83,4
115,83,4
116,83,3
117,83,3
118,83,3
119,83,3
120,83,3
121,83,3
122,83,3
123,83,3
124,83,2
125,83,2
126,83,2
127,83,2
0,84,2
1,84,2
2,84,2
3,84,2
4,84,2
5,84,2
6,84,2
7,84,2
8,84,2
9,84,2
10,84,2
11,84,2
12,84,2
13,84,2
14,84,2
15,84,2
16,84,2
17,84,2
18,84,2
19,84,2
20,84,2
21,84,2
22,84,2
23,84,2
24,84,2
25,84,2
26,84,3
27,84,3
28,84,3
29,84,3
30,84,4
31,84,4
32,84,4
33,84,4
34,84,4
35,84,4
36,84,4
37,84,4
38,84,4
39,84,4
40,84,4
41,84,4
42,84,4
43,84,4
44,84,5
45,84,5
46,84,5
47,84,5
48,84,5
49,84,5
50,84,5
51,84,5
52,84,7
53,84,11
54,84,181
55,84,117
56,84,211
57,84,104
58,84,44
59,84,29
60,84,256
61,84,171
62,84,256
63,84,256
64,84,231
65,84,256
66,84,63
67,84,53
68,84,53
69,84,70
70,84,256
71,84,144
72,84,111
73,84,256
74,84,20
75,84,256
76,84,231
77,84,177
78,84,63
79,84,73
80,84,60
81,84,256
82,84,234
83,84,256
84,84,14
85,84,84
86,84,66
87,84,15
88,84,11
89,84,17
90,84,8
91,84,7
92,84,6
93,84,6
94,84,6
95,84,6
96,84,6
97,84,6
98,84,8
99,84,9
100,84,97
101,84,80
102,84,14
103,84,44
104,84,114
105,84,104
106,84,256
107,84,256
108,84,248
109,84,6
110,84,5
111,84,5
112,84,4
113,84,4
114,84,4
115,84,3
116,84,3
117,84,3
118,84,3
119,84,3
120,84,3
121,84,3
122,84,3
123,84,2
124,84,2
125,84,2
126,84,2
127,84,2
0,85,2
1,85,2
2,85,2
3,85,2
4,85,2
5,85,2
6,85,2
7,85,2
8,85,2
9,85,2
10,85,2
11,85,2
12,85,2
13,85,2
14,85,2
15,85,2
16,85,2
17,85,2
18,85,2
19,85,2
20,85,2
21,85,2
22,85,2
23,85,2
24,85,2
25,85,2
26,85,2
27,85,3
28,85,3
29,85,3
30,85,3
31,85,4
32,85,3
33,85,3
34,85,3
35,85,3
36,85,3
37,85,3
38,85,3
39,85,4
40,85,4
41,85,4
42,85,4
43,85,4
44,85,4
45,85,4
46,85,4
47,85,4
48,85,5
49,85,5
50,85,5
51,85,5
52,85,6
53,85,8
54,85,10
55,85,20
56,85,256
57,85,67
58,85,256
59,85,39
60,85,121
61,85,169
62,85,94
63,85,206
64,85,158
65,85,117
66,85,256
67,85,81
68,85,60
69,85,256
70,85,172
71,85,256
72,85,98
73,85,250
74,85,18
75,85,16
76,85,28
77,85,32
78,85,25
79,85,100
80,85,164
81,85,61
82,85,137
83,85,256
84,85,12
85,85,10
86,85,9
87,85,8
88,85,8
89,85,7
90,85,6
91,85,6
92,85,6
93,85,6
94,85,6
95,85,6
96,85,6
97,85,6
98,85,6
99,85,7
100,85,256
101,85,10
102,85,8
103,85,256
104,85,9
105,85,12
106,85,127
107,85,16
108,85,8
109,85,6
110,85,5
111,85,4
112,85,4
113,85,4
114,85,4
115,85,3
116,85,3
117,85,3
118,85,3
119,85,3
120,85,3
121,85,3
122,85,3
123,85,2
124,85,2
125,85,2
126,85,2
127,85,2
0,86,2
1,86,2
2,86,2
3,86,2
4,86,2
5,86,2
6,86,2
7,86,2
8,86,2
9,86,2
10,86,2
11,86,2
12,86,2
13,86,2
14,86,2
15,86,2
16,86,2
17,86,2
18,86,2
19,86,2
20,86,2
21,86,2
22,86,2
23,86,2
24,86,2
25,86,2
26,86,2
27,86,2
28,86,3
29,86,3
30,86,3
31,86,3
32,86,3
33,86,3
34,86,3
35,86,3
36,86,3
37,86,3
38,86,3
39,86,3
40,86,3
41,86,4
42,86,4
43,86,4
44,86,4
45,86,4
46,86,4
47,86,4
48,86,4
49,86,5
50,86,5
51,86,5
52,86,6
53,86,7
54,86,15
55,86,181
56,86,256
57,86,256
58,86,136
59,86,51
60,86,85
61,86,107
62,86,204
63,86,62
64,86,72
65,86,83
66,86,256
67,86,148
68,86,256
69,86,256
70,86,90
71,86,256
72,86,256
73,86,16
74,86,14
75,86,14
76,86,15
77,86,17
78,86,182
79,86,256
80,86,256
81,86,105
82,86,154
83,86,247
84,86,27
85,86,9
86,86,8
87,86,7
88,86,6
89,86,6
90,86,5
91,86,5
92,86,5
93,86,5
94,86,5
95,86,5
96,86,5
97,86,5
98,86,6
99,86,6
100,86,6
101,86,6
102,86,6
103,86,6
104,86,7
105,86,10
106,86,33
107,86,144
108,86,6
109,86,5
110,86,4
111,86,4
112,86,4
113,86,4
114,86,3
115,86,3
116,86,3
117,86,3
118,86,3
119,86,3
120,86,3
121,86,3
122,86,3
123,86,2
124,86,2
125,86,2
126,86,2
127,86,2
0,87,2
1,87,2
2,87,2
3,87,2
4,87,2
5,87,2
6,87,2
7,87,2
8,87,2
9,87,2
10,87,2
11,87,2
12,87,2
13,87,2
14,87,2
15,87,2
16,87,2
17,87,2
18,87,2
19,87,2
20,87,2
21,87,2
22,87,2
23,87,2
24,87,2
25,87,2
26,87,2
27,87,2
28,87,2
29,87,3
30,87,3
31,87,3
32,87,3
33,87,3
34,87,3
35,87,3
36,87,3
37,87,3
38,87,3
39,87,3
40,87,3
41,87,3
42,87,4
43,87,4
44,87,4
45,87,4
46,87,4
47,87,4
48,87,4
49,87,4
50,87,5
51,87,5
52,87,6
53,87,7
54,87,9
55,87,256
56,87,252
57,87,256
58,87,168
59,87,116
60,87,256
61,87,156
62,87,51
63,87,256
64,87,256
65,87,169
66,87,145
67,87,116
68,87,146
69,87,179
70,87,238
71,87,79
72,87,17
73,87,13
74,87,12
75,87,13
76,87,15
77,87,18
78,87,52
79,87,256
80,87,256
81,87,256
82,87,256
83,87,233
84,87,49
85,87,9
86,87,7
87,87,6
88,87,6
89,87,5
90,87,5
91,87,5
92,87,5
93,87,5
94,87,5
95,87,5
96,87,5
97,87,5
98,87,5
99,87,5
100,87,5
101,87,5
102,87,5
103,87,5
104,87,6
105,87,5
106,87,6
107,87,8
108,87,6
109,87,5
110,87,4
111,87,4
112,87,4
113,87,4
114,87,3
115,87,3
116,87,3
117,87,3
118,87,3
119,87,3
120,87,3
121,87,3
122,87,2
123,87,2
124,87,2
125,87,2
126,87,2
127,87,2
0,88,1
1,88,2
2,88,2
3,88,2
4,88,2
5,88,2
6,88,2
7,88,2
8,88,2
9,88,2
10,88,2
11,88,2
12,88,2
13,88,2
14,88,2
15,88,2
16,88,2
17,88,2
18,88,2
19,88,2
20,88,2
21,88,2
22,88,2
23,88,2
24,88,2
25,88,2
26,88,2
27,88,2
28,88,2
29,88,2
30,88,3
31,88,3
32,88,3
33,88,3
34,88,3
35,88,3
36,88,3
37,88,3
38,88,3
39,88,3
40,88,3
41,88,3
42,88,3
43,88,4
44,88,4
45,88,4
46,88,4
47,88,4
48,88,4
49,88,4
50,88,5
51,88,5
52,88,5
53,88,6
54,88,35
55,88,166
56,88,154
57,88,139
58,88,225
59,88,31
60,88,256
61,88,256
62,88,256
63,88,106
64,88,107
65,88,136
66,88,152
67,88,167
68,88,256
69,88,256
70,88,57
71,88,256
72,88,246
73,88,11
74,88,11
75,88,11
76,88,147
77,88,28
78,88,64
79,88,133
80,88,77
81,88,101
82,88,256
83,88,256
84,88,66
85,88,11
86,88,6
87,88,6
88,88,6
89,88,5
90,88,5
91,88,5
92,88,5
93,88,4
94,88,4
95,88,5
96,88,5
97,88,4
98,88,4
99,88,4
100,88,4
101,88,4
102,88,5
103,88,5
104,88,5
105,88,5
106,88,5
107,88,5
108,88,4
109,88,4
110,88,3
111,88,3
112,88,3
113,88,3
114,88,3
115,88,3
116,88,3
117,88,3
118,88,3
119,88,3
120,88,3
121,88,3
122,88,2
123,88,2
124,88,2
125,88,2
126,88,2
127,88,2
0,89,1
1,89,1
2,89,1
3,89,2
4,89,2
5,89,2
6,89,2
7,89,2
8,89,2
9,89,2
10,89,2
11,89,2
12,89,2
13,89,2
14,89,2
15,89,2
16,89,2
17,89,2
18,89,2
19,89,2
20,89,2
21,89,2
22,89,2
23,89,2
24,89,2
25,89,2
26,89,2
27,89,2
28,89,2
29,89,2
30,89,2
31,89,3
32,89,3
33,89,3
34,89,3
35,89,3
36,89,3
37,89,3
38,89,3
39,89,3
40,89,3
41,89,3
42,89,3
43,89,4
44,89,4
45,89,4
46,89,4
47,89,4
48,89,4
49,89,4
50,89,5
51,89,5
52,89,5
53,89,6
54,89,124
55,89,144
56,89,256
57,89,167
58,89,14
59,89,13
60,89,18
61,89,50
62,89,256
63,89,200
64,89,256
65,89,256
66,89,212
67,89,256
68,89,236
69,89,256
70,89,256
71,89,31
72,89,14
73,89,10
74,89,9
75,89,9
76,89,11
77,89,221
78,89,142
79,89,100
80,89,42
81,89,83
82,89,14
83,89,256
84,89,12
85,89,7
86,89,6
87,89,5
88,89,5
89,89,5
90,89,5
91,89,4
92,89,4
93,89,4
94,89,4
95,89,4
96,89,4
97,89,4
98,89,4
99,89,4
100,89,4
101,89,4
102,89,4
103,89,4
104,89,4
105,89,4
106,89,4
107,89,4
108,89,3
109,89,3
110,89,3
111,89,3
112,89,3
113,89,3
114,89,3
115,89,3
116,89,3
117,89,3
118,89,3
119,89,3
120,89,3
121,89,3
122,89,2
123,89,2
124,89,2
125,89,2
126,89,2
127,89,2
0,90,1
1,90,1
2,90,1
3,90,1
4,90,1
5,90,1
6,90,2
7,90,2
8,90,2
9,90,2
10,90,2
11,90,2
12,90,2
13,90,2
14,90,2
15,90,2
16,90,2
17,90,2
18,90,2
19,90,2
20,90,2
21,90,2
22,90,2
23,90,2
24,90,2
25,90,2
26,90,2
27,90,2
28,90,2
29,90,2
30,90,2
31,90,3
32,90,3
33,90,3
34,90,3
35,90,3
36,90,3
37,90,3
38,90,3
39,90,3
40,90,3
41,90,3
42,90,3
43,90,3
44,90,4
45,90,4
46,90,4
47,90,4
48,90,4
49,90,4
50,90,4
51,90,4
52,90,5
53,90,6
54,90,10
55,90,8
56,90,13
57,90,8
58,90,9
59,90,256
60,90,195
61,90,253
62,90,70
63,90,153
64,90,197
65,90,256
66,90,256
67,90,256
68,90,256
69,90,116
70,90,117
71,90,256
72,90,251
73,90,9
74,90,8
75,90,8
76,90,8
77,90,8
78,90,196
79,90,10
80,90,8
81,90,7
82,90,8
83,90,24
84,90,256
85,90,6
86,90,6
87,90,5
88,90,5
89,90,5
90,90,4
91,90,4
92,90,4
93,90,4
94,90,4
95,90,4
96,90,4
97,90,4
98,90,4
99,90,4
100,90,4
101,90,4
102,90,4
103,90,4
104,90,4
105,90,4
106,90,4
107,90,3
108,90,3
109,90,3
110,90,3
111,90,3
112,90,2
113,90,2
114,90,2
115,90,2
116,90,2
117,90,2
118,90,2
119,90,2
120,90,2
121,90,2
122,90,2
123,90,2
124,90,2
125,90,2
126,90,2
127,90,2
0,91,1
1,91,1
2,91,1
3,91,1
4,91,1
5,91,1
6,91,1
7,91,1
8,91,2
9,91,2
10,91,2
11,91,2
12,91,2
13,91,2
14,91,2
15,91,2
16,91,2
17,91,2
18,91,2
19,91,2
20,91,2
21,91,2
22,91,2
23,91,2
24,91,2
25,91,2
26,91,2
27,91,2
28,91,2
29,91,2
30,91,2
31,91,2
32,91,3
33,91,3
34,91,3
35,91,3
36,91,3
37,91,3
38,91,3
39,91,3
40,91,3
41,91,3
42,91,3
43,91,3
44,91,3
45,91,3
46,91,3
47,91,3
48,91,3
49,91,3
50,91,4
51,91,4
52,91,4
53,91,4
54,91,5
55,91,6
56,91,6
57,91,7
58,91,7
59,91,10
60,91,91
61,91,168
62,91,30
63,91,75
64,91,122
65,91,212
66,91,256
67,91,256
68,91,256
69,91,256
70,91,127
71,91,92
72,91,13
73,91,9
74,91,7
75,91,7
76,91,7
77,91,7
78,91,7
79,91,6
80,91,6
81,91,6
82,91,6
83,91,6
84,91,6
85,91,5
86,91,5
87,91,5
88,91,5
89,91,4
90,91,4
91,91,4
92,91,4
93,91,4
94,91,4
95,91,4
96,91,4
97,91,4
98,91,4
99,91,3
100,91,3
101,91,3
102,91,3
103,91,4
104,91,4
105,91,4
106,91,3
107,91,3
108,91,3
109,91,3
110,91,2
111,91,2
112,91,2
113,91,2
114,91,2
115,91,2
116,91,2
117,91,2
118,91,2
119,91,2
120,91,2
121,91,2
122,91,2
123,91,2
124,91,2
125,91,2
126,91,2
127,91,2
0,92,1
1,92,1
2,92,1
3,92,1
4,92,1
5,92,1
6,92,1
7,92,1
8,92,1
9,92,1
10,92,2
11,92,2
12,92,2
13,92,2
14,92,2
15,92,2
16,92,2
17,92,2
18,92,2
19,92,2
20,92,2
21,92,2
22,92,2
23,92,2
24,92,2
25,92,2
26,92,2
27,92,2
28,92,2
29,92,2
30,92,2
31,92,2
32,92,3
33,92,3
34,92,3
35,92,3
36,92,3
37,92,3
38,92,3
39,92,3
40,92,3
41,92,3
42,92,3
43,92,3
44,92,3
45,92,3
46,92,3
47,92,3
48,92,3
49,92,3
50,92,3
51,92,3
52,92,4
53,92,4
54,92,4
55,92,5
56,92,5
57,92,6
58,92,6
59,92,7
60,92,168
61,92,12
62,92,256
63,92,256
64,92,82
65,92,256
66,92,251
67,92,256
68,92,161
69,92,256
70,92,241
71,92,110
72,92,212
73,92,8
74,92,7
75,92,7
76,92,6
77,92,6
78,92,5
79,92,5
80,92,5
81,92,6
82,92,5
83,92,5
84,92,5
85,92,4
86,92,4
87,92,4
88,92,4
89,92,4
90,92,4
91,92,4
92,92,4
93,92,4
94,92,4
95,92,4
96,92,4
97,92,3
98,92,3
99,92,3
100,92,3
101,92,3
102,92,3
103,92,3
104,92,3
105,92,3
106,92,3
107,92,3
108,92,2
109,92,2
110,92,2
111,92,2
112,92,2
113,92,2
114,92,2
115,92,2
116,92,2
117,92,2
118,92,2
119,92,2
120,92,2
121,92,2
122,92,2
123,92,2
124,92,2
125,92,2
126,92,2
127,92,2
0,93,1
1,93,1
2,93,1
3,93,1
4,93,1
5,93,1
6,93,1
7,93,1
8,93,1
9,93,1
10,93,1
11,93,2
12,93,2
13,93,2
14,93,2
15,93,2
16,93,2
17,93,2
18,93,2
19,93,2
20,93,2
21,93,2
22,93,2
23,93,2
24,93,2
25,93,2
26,93,2
27,93,2
28,93,2
29,93,2
30,93,2
31,93,2
32,93,2
33,93,3
34,93,3
35,93,3
36,93,3
37,93,3
38,93,3
39,93,3
40,93,3
41,93,3
42,93,3
43,93,3
44,93,3
45,93,3
46,93,3
47,93,3
48,93,3
49,93,3
50,93,3
51,93,3
52,93,3
53,93,4
54,93,4
55,93,5
56,93,5
57,93,5
58,93,5
59,93,6
60,93,7
61,93,8
62,93,14
63,93,16
64,93,256
65,93,78
66,93,215
67,93,124
68,93,197
69,93,256
70,93,45
71,93,256
72,93,10
73,93,7
74,93,6
75,93,6
76,93,6
77,93,5
78,93,5
79,93,5
80,93,5
81,93,5
82,93,5
83,93,5
84,93,4
85,93,4
86,93,4
87,93,4
88,93,3
89,93,3
90,93,3
91,93,4
92,93,4
93,93,4
94,93,4
95,93,4
96,93,3
97,93,3
98,93,3
99,93,3
100,93,3
101,93,3
102,93,3
103,93,3
104,93,3
105,93,3
106,93,3
107,93,2
108,93,2
109,93,2
110,93,2
111,93,2
112,93,2
113,93,2
114,93,2
115,93,2
116,93,2
117,93,2
118,93,2
119,93,2
120,93,2
121,93,2
122,93,2
123,93,2
124,93,2
125,93,2
126,93,2
127,93,2
0,94,1
1,94,1
2,94,1
3,94,1
4,94,1
5,94,1
6,94,1
7,94,1
8,94,1
9,94,1
10,94,1
11,94,1
12,94,1
13,94,2
14,94,2
15,94,2
16,94,2
17,94,2
18,94,2
19,94,2
20,94,2
21,94,2
22,94,2
23,94,2
24,94,2
25,94,2
26,94,2
27,94,2
28,94,2
29,94,2
30,94,2
31,94,2
32,94,2
33,94,3
34,94,3
35,94,3
36,94,3
37,94,3
38,94,3
39,94,3
40,94,3
41,94,3
42,94,3
43,94,3
44,94,3
45,94,3
46,94,3
47,94,3
48,94,3
49,94,3
50,94,3
51,94,3
52,94,3
53,94,3
54,94,4
55,94,5
56,94,5
57,94,5
58,94,5
59,94,5
60,94,6
61,94,6
62,94,8
63,94,9
64,94,14
65,94,26
66,94,71
67,94,240
68,94,256
69,94,128
70,94,73
71,94,12
72,94,8
73,94,7
74,94,6
75,94,5
76,94,5
77,94,5
78,94,5
79,94,4
80,94,4
81,94,4
82,94,4
83,94,4
84,94,4
85,94,3
86,94,3
87,94,3
88,94,3
89,94,3
90,94,3
91,94,3
92,94,3
93,94,3
94,94,4
95,94,3
96,94,3
97,94,3
98,94,3
99,94,3
100,94,3
101,94,3
102,94,3
103,94,3
104,94,3
105,94,3
106,94,2
107,94,2
108,94,2
109,94,2
110,94,2
111,94,2
112,94,2
113,94,2
114,94,2
115,94,2
116,94,2
117,94,2
118,94,2
119,94,2
120,94,2
121,94,2
122,94,2
123,94,2
124,94,2
125,94,2
126,94,2
127,94,2
0,95,1
1,95,1
2,95,1
3,95,1
4,95,1
5,95,1
6,95,1
7,95,1
8,95,1
9,95,1
10,95,1
11,95,1
12,95,1
13,95,1
14,95,1
15,95,2
16,95,2
17,95,2
18,95,2
19,95,2
20,95,2
21,95,2
22,95,2
23,95,2
24,95,2
25,95,2
26,95,2
27,95,2
28,95,2
29,95,2
30,95,2
31,95,2
32,95,2
33,95,3
34,95,3
35,95,3
36,95,3
37,95,3
38,95,3
39,95,3
40,95,3
41,95,3
42,95,3
43,95,3
44,95,3
45,95,3
46,95,3
47,95,3
48,95,3
49,95,3
50,95,3
51,95,3
52,95,3
53,95,3
54,95,4
55,95,4
56,95,4
57,95,4
58,95,4
59,95,5
60,95,6
61,95,6
62,95,7
63,95,10
64,95,14
65,95,170
66,95,159
67,95,256
68,95,80
69,95,256
70,95,105
71,95,90
72,95,7
73,95,6
74,95,5
75,95,5
76,95,5
77,95,5
78,95,4
79,95,4
80,95,4
81,95,4
82,95,4
83,95,4
84,95,3
85,95,3
86,95,3
87,95,3
88,95,3
89,95,3
90,95,3
91,95,3
92,95,3
93,95,3
94,95,3
95,95,3
96,95,3
97,95,3
98,95,3
99,95,3
100,95,3
101,95,3
102,95,3
103,95,3
104,95,3
105,95,2
106,95,2
107,95,2
108,95,2
109,95,2
110,95,2
111,95,2
112,95,2
113,95,2
114,95,2
115,95,2
116,95,2
117,95,2
118,95,2
119,95,2
120,95,2
121,95,2
122,95,2
123,95,2
124,95,2
125,95,2
126,95,2
127,95,2
0,96,1
1,96,1
2,96,1
3,96,1
4,96,1
5,96,1
6,96,1
7,96,1
8,96,1
9,96,1
10,96,1
11,96,1
12,96,1
13,96,1
14,96,1
15,96,1
16,96,2
17,96,2
18,96,2
19,96,2
20,96,2
21,96,2
22,96,2
23,96,2
24,96,2
25,96,2
26,96,2
27,96,2
28,96,2
29,96,2
30,96,2
31,96,2
32,96,2
33,96,2
34,96,3
35,96,3
36,96,3
37,96,3
38,96,3
39,96,3
40,96,3
41,96,3
42,96,3
43,96,3
44,96,3
45,96,3
46,96,3
47,96,3
48,96,3
49,96,3
50,96,3
51,96,3
52,96,3
53,96,3
54,96,3
55,96,4
56,96,4
57,96,4
58,96,4
59,96,5
60,96,5
61,96,5
62,96,6
63,96,256
64,96,92
65,96,256
66,96,50
67,96,256
68,96,15
69,96,20
70,96,23
71,96,44
72,96,8
73,96,5
74,96,5
75,96,5
76,96,5
77,96,4
78,96,4
79,96,4
80,96,4
81,96,4
82,96,4
83,96,3
84,96,3
85,96,3
86,96,3
87,96,3
88,96,3
89,96,3
90,96,3
91,96,3
92,96,3
93,96,3
94,96,3
95,96,3
96,96,3
97,96,3
98,96,3
99,96,3
100,96,3
101,96,3
102,96,3
103,96,3
104,96,3
105,96,2
106,96,2
107,96,2
108,96,2
109,96,2
110,96,2
111,96,2
112,96,2
113,96,2
114,96,2
115,96,2
116,96,2
117,96,2
118,96,2
119,96,2
120,96,2
121,96,2
122,96,2
123,96,2
124,96,2
125,96,2
126,96,2
127,96,1
0,97,1
1,97,1
2,97,1
3,97,1
4,97,1
5,97,1
6,97,1
7,97,1
8,97,1
9,97,1
10,97,1
11,97,1
12,97,1
13,97,1
14,97,1
15,97,1
16,97,1
17,97,1
18,97,2
19,97,2
20,97,2
21,97,2
22,97,2
23,97,2
24,97,2
25,97,2
26,97,2
27,97,2
28,97,2
29,97,2
30,97,2
31,97,2
32,97,2
33,97,2
34,97,2
35,97,2
36,97,2
37,97,2
38,97,2
39,97,2
40,97,2
41,97,2
42,97,2
43,97,3
44,97,3
45,97,3
46,97,3
47,97,3
48,97,3
49,97,3
50,97,3
51,97,3
52,97,3
53,97,3
54,97,3
55,97,4
56,97,4
57,97,4
58,97,4
59,97,4
60,97,5
61,97,5
62,97,6
63,97,86
64,97,85
65,97,143
66,97,256
67,97,69
68,97,11
69,97,8
70,97,7
71,97,6
72,97,5
73,97,4
74,97,4
75,97,4
76,97,4
77,97,4
78,97,4
79,97,4
80,97,4
81,97,4
82,97,3
83,97,3
84,97,3
85,97,3
86,97,3
87,97,3
88,97,3
89,97,3
90,97,3
91,97,3
92,97,3
93,97,3
94,97,3
95,97,3
96,97,3
97,97,3
98,97,3
99,97,3
100,97,3
101,97,3
102,97,3
103,97,3
104,97,2
105,97,2
106,97,2
107,97,2
108,97,2
109,97,2
110,97,2
111,97,2
112,97,2
113,97,2
114,97,2
115,97,2
116,97,2
117,97,2
118,97,2
119,97,2
120,97,2
121,97,2
122,97,2
123,97,2
124,97,2
125,97,1
126,97,1
127,97,1
0,98,1
1,98,1
2,98,1
3,98,1
4,98,1
5,98,1
6,98,1
7,98,1
8,98,1
9,98,1
10,98,1
11,98,1
12,98,1
13,98,1
14,98,1
15,98,1
16,98,1
17,98,1
18,98,1
19,98,2
20,98,2
21,98,2
22,98,2
23,98,2
24,98,2
25,98,2
26,98,2
27,98,2
28,98,2
29,98,2
30,98,2
31,98,2
32,98,2
33,98,2
34,98,2
35,98,2
36,98,2
37,98,2
38,98,2
39,98,2
40,98,2
41,98,2
42,98,2
43,98,2
44,98,2
45,98,2
46,98,3
47,98,3
48,98,3
49,98,3
50,98,3
51,98,3
52,98,3
53,98,3
54,98,3
55,98,4
56,98,4
57,98,4
58,98,4
59,98,4
60,98,4
61,98,4
62,98,5
63,98,8
64,98,10
65,98,45
66,98,256
67,98,240
68,98,36
69,98,7
70,98,6
71,98,5
72,98,5
73,98,4
74,98,4
75,98,4
76,98,4
77,98,4
78,98,4
79,98,4
80,98,4
81,98,4
82,98,3
83,98,3
84,98,3
85,98,3
86,98,3
87,98,3
88,98,3
89,98,3
90,98,3
91,98,3
92,98,3
93,98,3
94,98,3
95,98,3
96,98,3
97,98,3
98,98,3
99,98,3
100,98,3
101,98,3
102,98,3
103,98,2
104,98,2
105,98,2
106,98,2
107,98,2
108,98,2
109,98,2
110,98,2
111,98,2
112,98,2
113,98,2
114,98,2
115,98,2
116,98,2
117,98,2
118,98,2
119,98,2
120,98,2
121,98,2
122,98,2
123,98,1
124,98,1
125,98,1
126,98,1
127,98,1
0,99,1
1,99,1
2,99,1
3,99,1
4,99,1
5,99,1
6,99,1
7,99,1
8,99,1
9,99,1
10,99,1
11,99,1
12,99,1
13,99,1
14,99,1
15,99,1
16,99,1
17,99,1
18,99,1
19,99,1
20,99,2
21,99,2
22,99,2
23,99,2
24,99,2
25,99,2
26,99,2
27,99,2
28,99,2
29,99,2
30,99,2
31,99,2
32,99,2
33,99,2
34,99,2
35,99,2
36,99,2
37,99,2
38,99,2
39,99,2
40,99,2
41,99,2
42,99,2
43,99,2
44,99,2
45,99,2
46,99,2
47,99,2
48,99,3
49,99,3
50,99,3
51,99,3
52,99,3
53,99,3
54,99,3
55,99,4
56,99,4
57,99,4
58,99,4
59,99,4
60,99,4
61,99,4
62,99,4
63,99,5
64,99,6
65,99,9
66,99,256
67,99,66
68,99,35
69,99,6
70,99,5
71,99,5
72,99,4
73,99,4
74,99,4
75,99,4
76,99,4
77,99,3
78,99,3
79,99,3
80,99,3
81,99,3
82,99,3
83,99,3
84,99,3
85,99,3
86,99,3
87,99,3
88,99,3
89,99,3
90,99,3
91,99,3
92,99,3
93,99,3
94,99,3
95,99,3
96,99,3
97,99,3
98,99,3
99,99,3
100,99,3
101,99,3
102,99,3
103,99,2
104,99,2
105,99,2
106,99,2
107,99,2
108,99,2
109,99,2
110,99,2
111,99,2
112,99,2
113,99,2
114,99,2
115,99,2
116,99,2
117,99,2
118,99,2
119,99,2
120,99,2
121,99,1
122,99,1
123,99,1
124,99,1
125,99,1
126,99,1
127,99,1
0,100,1
1,100,1
2,100,1
3,100,1
4,100,1
5,100,1
6,100,1
7,100,1
8,100,1
9,100,1
10,100,1
11,100,1
12,100,1
13,100,1
14,100,1
15,100,1
16,100,1
17,100,1
18,100,1
19,100,1
20,100,1
21,100,1
22,100,2
23,100,2
24,100,2
25,100,2
26,100,2
27,100,2
28,100,2
29,100,2
30,100,2
31,100,2
32,100,2
33,100,2
34,100,2
35,100,2
36,100,2
37,100,2
38,100,2
39,100,2
40,100,2
41,100,2
42,100,2
43,100,2
44,100,2
45,100,2
46,100,2
47,100,2
48,100,2
49,100,2
50,100,3
51,100,3
52,100,3
53,100,3
54,100,3
55,100,3
56,100,3
57,100,3
58,100,3
59,100,3
60,100,4
61,100,4
62,100,4
63,100,5
64,100,5
65,100,7
66,100,77
67,100,13
68,100,6
69,100,5
70,100,4
71,100,4
72,100,4
73,100,4
74,100,4
75,100,3
76,100,3
77,100,3
78,100,3
79,100,3
80,100,3
81,100,3
82,100,3
83,100,3
84,100,3
85,100,3
86,100,3
87,100,3
88,100,3
89,100,3
90,100,3
91,100,2
92,100,2
93,100,2
94,100,2
95,100,2
96,100,2
97,100,2
98,100,2
99,100,2
100,100,3
101,100,3
102,100,2
103,100,2
104,100,2
105,100,2
106,100,2
107,100,2
108,100,2
109,100,2
110,100,2
111,100,2
112,100,2
113,100,2
114,100,2
115,100,2
116,100,2
117,100,2
118,100,2
119,100,2
120,100,1
121,100,1
122,100,1
123,100,1
124,100,1
125,100,1
126,100,1
127,100,1
0,101,1
1,101,1
2,101,1
3,101,1
4,101,1
5,101,1
6,101,1
7,101,1
8,101,1
9,101,1
10,101,1
11,101,1
12,101,1
13,101,1
14,101,1
15,101,1
16,101,1
17,101,1
18,101,1
19,101,1
20,101,1
21,101,1
22,101,1
23,101,2
24,101,2
25,101,2
26,101,2
27,101,2
28,101,2
29,101,2
30,101,2
31,101,2
32,101,2
33,101,2
34,101,2
35,101,2
36,101,2
37,101,2
38,101,2
39,101,2
40,101,2
41,101,2
42,101,2
43,101,2
44,101,2
45,101,2
46,101,2
47,101,2
48,101,2
49,101,2
50,101,2
51,101,3
52,101,3
53,101,3
54,101,3
55,101,3
56,101,3
57,101,3
58,101,3
59,101,3
60,101,3
61,101,3
62,101,4
63,101,4
64,101,4
65,101,5
66,101,6
67,101,6
68,101,5
69,101,4
70,101,4
71,101,4
72,101,4
73,101,4
74,101,3
75,101,3
76,101,3
77,101,3
78,101,3
79,101,3
80,101,3
81,101,3
82,101,3
83,101,3
84,101,3
85,101,3
86,101,3
87,101,3
88,101,2
89,101,2
90,101,2
91,101,2
92,101,2
93,101,2
94,101,2
95,101,2
96,101,2
97,101,2
98,101,2
99,101,2
100,101,2
101,101,2
102,101,2
103,101,2
104,101,2
105,101,2
106,101,2
107,101,2
108,101,2
109,101,2
110,101,2
111,101,2
112,101,2
113,101,2
114,101,2
115,101,2
116,101,2
117,101,2
118,101,1
119,101,1
120,101,1
121,101,1
122,101,1
123,101,1
124,101,1
125,101,1
126,101,1
127,101,1
0,102,1
1,102,1
2,102,1
3,102,1
4,102,1
5,102,1
6,102,1
7,102,1
8,102,1
9,102,1
10,102,1
11,102,1
12,102,1
13,102,1
14,102,1
15,102,1
16,102,1
17,102,1
18,102,1
19,102,1
20,102,1
21,102,1
22,102,1
23,102,1
24,102,2
25,102,2
26,102,2
27,102,2
28,102,2
29,102,2
30,102,2
31,102,2
32,102,2
33,102,2
34,102,2
35,102,2
36,102,2
37,102,2
38,102,2
39,102,2
40,102,2
41,102,2
42,102,2
43,102,2
44,102,2
45,102,2
46,102,2
47,102,2
48,102,2
49,102,2
50,102,2
51,102,2
52,102,3
53,102,3
54,102,3
55,102,3
56,102,3
57,102,3
58,102,3
59,102,3
60,102,3
61,102,3
62,102,3
63,102,4
64,102,4
65,102,4
66,102,4
67,102,4
68,102,4
69,102,4
70,102,4
71,102,4
72,102,4
73,102,3
74,102,3
75,102,3
76,102,3
77,102,3
78,102,3
79,102,3
80,102,3
81,102,3
82,102,3
83,102,3
84,102,3
85,102,3
86,102,2
87,102,2
88,102,2
89,102,2
90,102,2
91,102,2
92,102,2
93,102,2
94,102,2
95,102,2
96,102,2
97,102,2
98,102,2
99,102,2
100,102,2
101,102,2
102,102,2
103,102,2
104,102,2
105,102,2
106,102,2
107,102,2
108,102,2
109,102,2
110,102,2
111,102,2
112,102,2
113,102,2
114,102,2
115,102,2
116,102,2
117,102,1
118,102,1
119,102,1
120,102,1
121,102,1
122,102,1
123,102,1
124,102,1
125,102,1
126,102,1
127,102,1
0,103,1
1,103,1
2,103,1
3,103,1
4,103,1
5,103,1
6,103,1
7,103,1
8,103,1
9,103,1
10,103,1
11,103,1
12,103,1
13,103,1
14,103,1
15,103,1
16,103,1
17,103,1
18,103,1
19,103,1
20,103,1
21,103,1
22,103,1
23,103,1
24,103,1
25,103,2
26,103,2
27,103,2
28,103,2
29,103,2
30,103,2
31,103,2
32,103,2
33,103,2
34,103,2
35,103,2
36,103,2
37,103,2
38,103,2
39,103,2
40,103,2
41,103,2
42,103,2
43,103,2
44,103,2
45,103,2
46,103,2
47,103,2
48,103,2
49,103,2
50,103,2
51,103,2
52,103,2
53,103,3
54,103,3
55,103,3
56,103,3
57,103,3
58,103,3
59,103,3
60,103,3
61,103,3
62,103,3
63,103,4
64,103,4
65,103,3
66,103,3
67,103,3
68,103,3
69,103,3
70,103,3
71,103,4
72,103,3
73,103,3
74,103,3
75,103,3
76,103,3
77,103,3
78,103,3
79,103,3
80,103,3
81,103,3
82,103,3
83,103,3
84,103,3
85,103,2
86,103,2
87,103,2
88,103,2
89,103,2
90,103,2
91,103,2
92,103,2
93,103,2
94,103,2
95,103,2
96,103,2
97,103,2
98,103,2
99,103,2
100,103,2
101,103,2
102,103,2
103,103,2
104,103,2
105,103,2
106,103,2
107,103,2
108,103,2
109,103,2
110,103,2
111,103,2
112,103,2
113,103,2
114,103,2
115,103,1
116,103,1
117,103,1
118,103,1
119,103,1
120,103,1
121,103,1
122,103,1
123,103,1
124,103,1
125,103,1
126,103,1
127,103,1
0,104,1
1,104,1
2,104,1
3,104,1
4,104,1
5,104,1
6,104,1
7,104,1
8,104,1
9,104,1
10,104,1
11,104,1
12,104,1
13,104,1
14,104,1
15,104,1
16,104,1
17,104,1
18,104,1
19,104,1
20,104,1
21,104,1
22,104,1
23,104,1
24,104,1
25,104,1
26,104,2
27,104,2
28,104,2
29,104,2
30,104,2
31,104,2
32,104,2
33,104,2
34,104,2
35,104,2
36,104,2
37,104,2
38,104,2
39,104,2
40,104,2
41,104,2
42,104,2
43,104,2
44,104,2
45,104,2
46,104,2
47,104,2
48,104,2
49,104,2
50,104,2
51,104,2
52,104,2
53,104,2
54,104,3
55,104,3
56,104,3
57,104,3
58,104,3
59,104,3
60,104,3
61,104,3
62,104,3
63,104,3
64,104,3
65,104,3
66,104,3
67,104,3
68,104,3
69,104,3
70,104,3
71,104,3
72,104,3
73,104,3
74,104,3
75,104,3
76,104,3
77,104,3
78,104,3
79,104,3
80,104,3
81,104,3
82,104,3
83,104,3
84,104,2
85,104,2
86,104,2
87,104,2
88,104,2
89,104,2
90,104,2
91,104,2
92,104,2
93,104,2
94,104,2
95,104,2
96,104,2
97,104,2
98,104,2
99,104,2
100,104,2
101,104,2
102,104,2
103,104,2
104,104,2
105,104,2
106,104,2
107,104,2
108,104,2
109,104,2
110,104,2
111,104,2
112,104,2
113,104,2
114,104,1
115,104,1
116,104,1
117,104,1
118,104,1
119,104,1
120,104,1
121,104,1
122,104,1
123,104,1
124,104,1
125,104,1
126,104,1
127,104,1
0,105,1
1,105,1
2,105,1
3,105,1
4,105,1
5,105,1
6,105,1
7,105,1
8,105,1
9,105,1
10,105,1
11,105,1
12,105,1
13,105,1
14,105,1
15,105,1
16,105,1
17,105,1
18,105,1
19,105,1
20,105,1
21,105,1
22,105,1
23,105,1
24,105,1
25,105,1
26,105,1
27,105,2
28,105,2
29,105,2
30,105,2
31,105,2
32,105,2
33,105,2
34,105,2
35,105,2
36,105,2
37,105,2
38,105,2
39,105,2
40,105,2
41,105,2
42,105,2
43,105,2
44,105,2
45,105,2
46,105,2
47,105,2
48,105,2
49,105,2
50,105,2
51,105,2
52,105,2
53,105,2
54,105,2
55,105,3
56,105,3
57,105,3
58,105,3
59,105,3
60,105,3
61,105,3
62,105,3
63,105,3
64,105,3
65,105,2
66,105,2
67,105,2
68,105,2
69,105,2
70,105,3
71,105,3
72,105,3
73,105,3
74,105,3
75,105,3
76,105,3
77,105,3
78,105,3
79,105,3
80,105,3
81,105,3
82,105,3
83,105,2
84,105,2
85,105,2
86,105,2
87,105,2
88,105,2
89,105,2
90,105,2
91,105,2
92,105,2
93,105,2
94,105,2
95,105,2
96,105,2
97,105,2
98,105,2
99,105,2
100,105,2
101,105,2
102,105,2
103,105,2
104,105,2
105,105,2
106,105,2
107,105,2
108,105,2
109,105,2
110,105,2
111,105,2
112,105,2
113,105,1
114,105,1
115,105,1
116,105,1
117,105,1
118,105,1
119,105,1
120,105,1
121,105,1
122,105,1
123,105,1
124,105,1
125,105,1
126,105,1
127,105,1
0,106,1
1,106,1
2,106,1
3,106,1
4,106,1
5,106,1
6,106,1
7,106,1
8,106,1
9,106,1
10,106,1
11,106,1
12,106,1
13,106,1
14,106,1
15,106,1
16,106,1
17,106,1
18,106,1
19,106,1
20,106,1
21,106,1
22,106,1
23,106,1
24,106,1
25,106,1
26,106,1
27,106,1
28,106,2
29,106,2
30,106,2
31,106,2
32,106,2
33,106,2
34,106,2
35,106,2
36,106,2
37,106,2
38,106,2
39,106,2
40,106,2
41,106,2
42,106,2
43,106,2
44,106,2
45,106,2
46,106,2
47,106,2
48,106,2
49,106,2
50,106,2
51,106,2
52,106,2
53,106,2
54,106,2
55,106,3
56,106,3
57,106,3
58,106,3
59,106,3
60,106,2
61,106,2
62,106,2
63,106,2
64,106,2
65,106,2
66,106,2
67,106,2
68,106,2
69,106,2
70,106,2
71,106,2
72,106,2
73,106,2
74,106,3
75,106,3
76,106,3
77,106,3
78,106,3
79,106,3
80,106,3
81,106,3
82,106,2
83,106,2
84,106,2
85,106,2
86,106,2
87,106,2
88,106,2
89,106,2
90,106,2
91,106,2
92,106,2
93,106,2
94,106,2
95,106,2
96,106,2
97,106,2
98,106,2
99,106,2
100,106,2
101,106,2
102,106,2
103,106,2
104,106,2
105,106,2
106,106,2
107,106,2
108,106,2
109,106,2
110,106,2
111,106,2
112,106,1
113,106,1
114,106,1
115,106,1
116,106,1
117,106,1
118,106,1
119,106,1
120,106,1
121,106,1
122,106,1
123,106,1
124,106,1
125,106,1
126,106,1
127,106,1
0,107,1
1,107,1
2,107,1
3,107,1
4,107,1
5,107,1
6,107,1
7,107,1
8,107,1
9,107,1
10,107,1
11,107,1
12,107,1
13,107,1
14,107,1
15,107,1
16,107,1
17,107,1
18,107,1
19,107,1
20,107,1
21,107,1
22,107,1
23,107,1
24,107,1
25,107,1
26,107,1
27,107,1
28,107,2
29,107,2
30,107,2
31,107,2
32,107,2
33,107,2
34,107,2
35,107,2
36,107,2
37,107,2
38,107,2
39,107,2
40,107,2
41,107,2
42,107,2
43,107,2
44,107,2
45,107,2
46,107,2
47,107,2
48,107,2
49,107,2
50,107,2
51,107,2
52,107,2
53,107,2
54,107,2
55,107,2
56,107,3
57,107,3
58,107,2
59,107,2
60,107,2
61,107,2
62,107,2
63,107,2
64,107,2
65,107,2
66,107,2
67,107,2
68,107,2
69,107,2
70,107,2
71,107,2
72,107,2
73,107,2
74,107,2
75,107,2
76,107,3
77,107,3
78,107,3
79,107,3
80,107,3
81,107,2
82,107,2
83,107,2
84,107,2
85,107,2
86,107,2
87,107,2
88,107,2
89,107,2
90,107,2
91,107,2
92,107,2
93,107,2
94,107,2
95,107,2
96,107,2
97,107,2
98,107,2
99,107,2
100,107,2
101,107,2
102,107,2
103,107,2
104,107,2
105,107,2
106,107,2
107,107,2
108,107,2
109,107,2
110,107,2
111,107,1
112,107,1
113,107,1
114,107,1
115,107,1
116,107,1
117,107,1
118,107,1
119,107,1
120,107,1
121,107,1
122,107,1
123,107,1
124,107,1
125,107,1
126,107,1
127,107,1
0,108,1
1,108,1
2,108,1
3,108,1
4,108,1
5,108,1
6,108,1
7,108,1
8,108,1
9,108,1
10,108,1
11,108,1
12,108,1
13,108,1
14,108,1
15,108,1
16,108,1
17,108,1
18,108,1
19,108,1
20,108,1
21,108,1
22,108,1
23,108,1
24,108,1
25,108,1
26,108,1
27,108,1
28,108,1
29,108,2
30,108,2
31,108,2
32,108,2
33,108,2
34,108,2
35,108,2
36,108,2
37,108,2
38,108,2
39,108,2
40,108,2
41,108,2
42,108,2
43,108,2
44,108,2
45,108,2
46,108,2
47,108,2
48,108,2
49,108,2
50,108,2
51,108,2
52,108,2
53,108,2
54,108,2
55,108,2
56,108,2
57,108,2
58,108,2
59,108,2
60,108,2
61,108,2
62,108,2
63,108,2
64,108,2
65,108,2
66,108,2
67,108,2
68,108,2
69,108,2
70,108,2
71,108,2
72,108,2
73,108,2
74,108,2
75,108,2
76,108,2
77,108,2
78,108,3
79,108,3
80,108,2
81,108,2
82,108,2
83,108,2
84,108,2
85,108,2
86,108,2
87,108,2
88,108,2
89,108,2
90,108,2
91,108,2
92,108,2
93,108,2
94,108,2
95,108,2
96,108,2
97,108,2
98,108,2
99,108,2
100,108,2
101,108,2
102,108,2
103,108,2
104,108,2
105,108,2
106,108,2
107,108,2
108,108,2
109,108,2
110,108,1
111,108,1
112,108,1
113,108,1
114,108,1
115,108,1
116,108,1
117,108,1
118,108,1
119,108,1
120,108,1
121,108,1
122,108,1
123,108,1
124,108,1
125,108,1
126,108,1
127,108,1
0,109,1
1,109,1
2,109,1
3,109,1
4,109,1
5,109,1
6,109,1
7,109,1
8,109,1
9,109,1
10,109,1
11,109,1
12,109,1
13,109,1
14,109,1
15,109,1
16,109,1
17,109,1
18,109,1
19,109,1
20,109,1
21,109,1
22,109,1
23,109,1
24,109,1
25,109,1
26,109,1
27,109,1
28,109,1
29,109,1
30,109,2
31,109,2
32,109,2
33,109,2
34,109,2
35,109,2
36,109,2
37,109,2
38,109,2
39,109,2
40,109,2
41,109,2
42,109,2
43,109,2
44,109,2
45,109,2
46,109,2
47,109,2
48,109,2
49,109,2
50,109,2
51,109,2
52,109,2
53,109,2
54,109,2
55,109,2
56,109,2
57,109,2
58,109,2
59,109,2
60,109,2
61,109,2
62,109,2
63,109,2
64,109,2
65,109,2
66,109,2
67,109,2
68,109,2
69,109,2
70,109,2
71,109,2
72,109,2
73,109,2
74,109,2
75,109,2
76,109,2
77,109,2
78,109,2
79,109,2
80,109,2
81,109,2
82,109,2
83,109,2
84,109,2
85,109,2
86,109,2
87,109,2
88,109,2
89,109,2
90,109,2
91,109,2
92,109,2
93,109,2
94,109,2
95,109,2
96,109,2
97,109,2
98,109,2
99,109,2
100,109,2
101,109,2
102,109,2
103,109,2
104,109,2
105,109,2
106,109,2
107,109,2
108,109,2
109,109,1
110,109,1
111,109,1
112,109,1
113,109,1
114,109,1
115,109,1
116,109,1
117,109,1
118,109,1
119,109,1
120,109,1
121,109,1
122,109,1
123,109,1
124,109,1
125,109,1
126,109,1
127,109,1
0,110,1
1,110,1
2,110,1
3,110,1
4,110,1
5,110,1
6,110,1
7,110,1
8,110,1
9,110,1
10,110,1
11,110,1
12,110,1
13,110,1
14,110,1
15,110,1
16,110,1
17,110,1
18,110,1
19,110,1
20,110,1
21,110,1
22,110,1
23,110,1
24,110,1
25,110,1
26,110,1
27,110,1
28,110,1
29,110,1
30,110,1
31,110,2
32,110,2
33,110,2
34,110,2
35,110,2
36,110,2
37,110,2
38,110,2
39,110,2
40,110,2
41,110,2
42,110,2
43,110,2
44,110,2
45,110,2
46,110,2
47,110,2
48,110,2
49,110,2
50,110,2
51,110,2
52,110,2
53,110,2
54,110,2
55,110,2
56,110,2
57,110,2
58,110,2
59,110,2
60,110,2
61,110,2
62,110,2
63,110,2
64,110,2
65,110,2
66,110,2
67,110,2
68,110,2
69,110,2
70,110,2
71,110,2
72,110,2
73,110,2
74,110,2
75,110,2
76,110,2
77,110,2
78,110,2
79,110,2
80,110,2
81,110,2
82,110,2
83,110,2
84,110,2
85,110,2
86,110,2
87,110,2
88,110,2
89,110,2
90,110,2
91,110,2
92,110,2
93,110,2
94,110,2
95,110,2
96,110,2
97,110,2
98,110,2
99,110,2
100,110,2
101,110,2
102,110,2
103,110,2
104,110,2
105,110,2
106,110,2
107,110,2
108,110,1
109,110,1
110,110,1
111,110,1
112,110,1
113,110,1
114,110,1
115,110,1
116,110,1
117,110,1
118,110,1
119,110,1
120,110,1
121,110,1
122,110,1
123,110,1
124,110,1
125,110,1
126,110,1
127,110,1
0,111,1
1,111,1
2,111,1
3,111,1
4,111,1
5,111,1
6,111,1
7,111,1
8,111,1
9,111,1
10,111,1
11,111,1
12,111,1
13,111,1
14,111,1
15,111,1
16,111,1
17,111,1
18,111,1
19,111,1
20,111,1
21,111,1
22,111,1
23,111,1
24,111,1
25,111,1
26,111,1
27,111,1
28,111,1
29,111,1
30,111,1
31,111,2
32,111,2
33,111,2
34,111,2
35,111,2
36,111,2
37,111,2
38,111,2
39,111,2
40,111,2
41,111,2
42,111,2
43,111,2
44,111,2
45,111,2
46,111,2
47,111,2
48,111,2
49,111,2
50,111,2
51,111,2
52,111,2
53,111,2
54,111,2
55,111,2
56,111,2
57,111,2
58,111,2
59,111,2
60,111,2
61,111,2
62,111,2
63,111,2
64,111,2
65,111,2
66,111,2
67,111,2
68,111,2
69,111,2
70,111,2
71,111,2
72,111,2
73,111,2
74,111,2
75,111,2
76,111,2
77,111,2
78,111,2
79,111,2
80,111,2
81,111,2
82,111,2
83,111,2
84,111,2
85,111,2
86,111,2
87,111,2
88,111,2
89,111,2
90,111,2
91,111,2
92,111,2
93,111,2
94,111,2
95,111,2
96,111,2
97,111,2
98,111,2
99,111,2
100,111,2
101,111,2
102,111,2
103,111,2
104,111,2
105,111,2
106,111,2
107,111,1
108,111,1
109,111,1
110,111,1
111,111,1
112,111,1
113,111,1
114,111,1
115,111,1
116,111,1
117,111,1
118,111,1
119,111,1
120,111,1
121,111,1
122,111,1
123,111,1
124,111,1
125,111,1
126,111,1
127,111,1
0,112,1
1,112,1
2,112,1
3,112,1
4,112,1
5,112,1
6,112,1
7,112,1
8,112,1
9,112,1
10,112,1
11,112,1
12,112,1
13,112,1
14,112,1
15,112,1
16,112,1
17,112,1
18,112,1
19,112,1
20,112,1
21,112,1
22,112,1
23,112,1
24,112,1
25,112,1
26,112,1
27,112,1
28,112,1
29,112,1
30,112,1
31,112,1
32,112,2
33,112,2
34,112,2
35,112,2
36,112,2
37,112,2
38,112,2
39,112,2
40,112,2
41,112,2
42,112,2
43,112,2
44,112,2
45,112,2
46,112,2
47,112,2
48,112,2
49,112,2
50,112,2
51,112,2
52,112,2
53,112,2
54,112,2
55,112,2
56,112,2
57,112,2
58,112,2
59,112,1
60,112,1
61,112,1
62,112,1
63,112,1
64,112,1
65,112,1
66,112,1
67,112,1
68,112,1
69,112,2
70,112,2
71,112,2
72,112,2
73,112,2
74,112,2
75,112,2
76,112,2
77,112,2
78,112,2
79,112,2
80,112,2
81,112,2
82,112,2
83,112,2
84,112,2
85,112,2
86,112,2
87,112,2
88,112,2
89,112,2
90,112,2
91,112,2
92,112,2
93,112,2
94,112,2
95,112,2
96,112,2
97,112,2
98,112,2
99,112,2
100,112,2
101,112,2
102,112,2
103,112,2
104,112,2
105,112,2
106,112,1
107,112,1
108,112,1
109,112,1
110,112,1
111,112,1
112,112,1
113,112,1
114,112,1
115,112,1
116,112,1
117,112,1
118,112,1
119,112,1
120,112,1
121,112,1
122,112,1
123,112,1
124,112,1
125,112,1
126,112,1
127,112,1
0,113,1
1,113,1
2,113,1
3,113,1
4,113,1
5,113,1
6,113,1
7,113,1
8,113,1
9,113,1
10,113,1
11,113,1
12,113,1
13,113,1
14,113,1
15,113,1
16,113,1
17,113,1
18,113,1
19,113,1
20,113,1
21,113,1
22,113,1
23,113,1
24,113,1
25,113,1
26,113,1
27,113,1
28,113,1
29,113,1
30,113,1
31,113,1
32,113,1
33,113,2
34,113,2
35,113,2
36,113,2
37,113,2
38,113,2
39,113,2
40,113,2
41,113,2
42,113,2
43,113,2
44,113,2
45,113,2
46,113,2
47,113,2
48,113,2
49,113,2
50,113,2
51,113,2
52,113,2
53,113,1
54,113,1
55,113,1
56,113,1
57,113,1
58,113,1
59,113,1
60,113,1
61,113,1
62,113,1
63,113,1
64,113,1
65,113,1
66,113,1
67,113,1
68,113,1
69,113,1
70,113,1
71,113,1
72,113,1
73,113,1
74,113,1
75,113,2
76,113,2
77,113,2
78,113,2
79,113,2
80,113,2
81,113,2
82,113,2
83,113,2
84,113,2
85,113,2
86,113,2
87,113,2
88,113,2
89,113,2
90,113,2
91,113,2
92,113,2
93,113,2
94,113,2
95,113,2
96,113,2
97,113,2
98,113,2
99,113,2
100,113,2
101,113,2
102,113,2
103,113,2
104,113,2
105,113,1
106,113,1
107,113,1
108,113,1
109,113,1
110,113,1
111,113,1
112,113,1
113,113,1
114,113,1
115,113,1
116,113,1
117,113,1
118,113,1
119,113,1
120,113,1
121,113,1
122,113,1
123,113,1
124,113,1
125,113,1
126,113,1
127,113,1
0,114,1
1,114,1
2,114,1
3,114,1
4,114,1
5,114,1
6,114,1
7,114,1
8,114,1
9,114,1
10,114,1
11,114,1
12,114,1
13,114,1
14,114,1
15,114,1
16,114,1
17,114,1
18,114,1
19,114,1
20,114,1
21,114,1
22,114,1
23,114,1
24,114,1
25,114,1
26,114,1
27,114,1
28,114,1
29,114,1
30,114,1
31,114,1
32,114,1
33,114,2
34,114,2
35,114,2
36,114,2
37,114,2
38,114,2
39,114,2
40,114,2
41,114,2
42,114,2
43,114,2
44,114,2
45,114,2
46,114,2
47,114,2
48,114,2
49,114,1
50,114,1
51,114,1
52,114,1
53,114,1
54,114,1
55,114,1
56,114,1
57,114,1
58,114,1
59,114,1
60,114,1
61,114,1
62,114,1
63,114,1
64,114,1
65,114,1
66,114,1
67,114,1
68,114,1
69,114,1
70,114,1
71,114,1
72,114,1
73,114,1
74,114,1
75,114,1
76,114,1
77,114,1
78,114,1
79,114,2
80,114,2
81,114,2
82,114,2
83,114,2
84,114,2
85,114,2
86,114,2
87,114,2
88,114,2
89,114,2
90,114,2
91,114,2
92,114,2
93,114,2
94,114,2
95,114,2
96,114,2
97,114,2
98,114,2
99,114,2
100,114,2
101,114,2
102,114,2
103,114,2
104,114,1
105,114,1
106,114,1
107,114,1
108,114,1
109,114,1
110,114,1
111,114,1
112,114,1
113,114,1
114,114,1
115,114,1
116,114,1
117,114,1
118,114,1
119,114,1
120,114,1
121,114,1
122,114,1
123,114,1
124,114,1
125,114,1
126,114,1
127,114,1
0,115,1
1,115,1
2,115,1
3,115,1
4,115,1
5,115,1
6,115,1
7,115,1
8,115,1
9,115,1
10,115,1
11,115,1
12,115,1
13,115,1
14,115,1
15,115,1
16,115,1
17,115,1
18,115,1
19,115,1
20,115,1
21,115,1
22,115,1
23,115,1
24,115,1
25,115,1
26,115,1
27,115,1
28,115,1
29,115,1
30,115,1
31,115,1
32,115,1
33,115,1
34,115,2
35,115,2
36,115,2
37,115,2
38,115,2
39,115,2
40,115,2
41,115,2
42,115,2
43,115,2
44,115,2
45,115,2
46,115,1
47,115,1
48,115,1
49,115,1
50,115,1
51,115,1
52,115,1
53,115,1
54,115,1
55,115,1
56,115,1
57,115,1
58,115,1
59,115,1
60,115,1
61,115,1
62,115,1
63,115,1
64,115,1
65,115,1
66,115,1
67,115,1
68,115,1
69,115,1
70,115,1
71,115,1
72,115,1
73,115,1
74,115,1
75,115,1
76,115,1
77,115,1
78,115,1
79,115,1
80,115,1
81,115,1
82,115,2
83,115,2
84,115,2
85,115,2
86,115,2
87,115,2
88,115,2
89,115,2
90,115,2
91,115,2
92,115,2
93,115,2
94,115,2
95,115,2
96,115,2
97,115,2
98,115,2
99,115,2
100,115,2
101,115,2
102,115,2
103,115,1
104,115,1
105,115,1
106,115,1
107,115,1
108,115,1
109,115,1
110,115,1
111,115,1
112,115,1
113,115,1
114,115,1
115,115,1
116,115,1
117,115,1
118,115,1
119,115,1
120,115,1
121,115,1
122,115,1
123,115,1
124,115,1
125,115,1
126,115,1
127,115,1
0,116,1
1,116,1
2,116,1
3,116,1
4,116,1
5,116,1
6,116,1
7,116,1
8,116,1
9,116,1
10,116,1
11,116,1
12,116,1
13,116,1
14,116,1
15,116,1
16,116,1
17,116,1
18,116,1
19,116,1
20,116,1
21,116,1
22,116,1
23,116,1
24,116,1
25,116,1
26,116,1
27,116,1
28,116,1
29,116,1
30,116,1
31,116,1
32,116,1
33,116,1
34,116,2
35,116,2
36,116,2
37,116,2
38,116,2
39,116,2
40,116,2
41,116,2
42,116,2
43,116,1
44,116,1
45,116,1
46,116,1
47,116,1
48,116,1
49,116,1
50,116,1
51,116,1
52,116,1
53,116,1
54,116,1
55,116,1
56,116,1
57,116,1
58,116,1
59,116,1
60,116,1
61,116,1
62,116,1
63,116,1
64,116,1
65,116,1
66,116,1
67,116,1
68,116,1
69,116,1
70,116,1
71,116,1
72,116,1
73,116,1
74,116,1
75,116,1
76,116,1
77,116,1
78,116,1
79,116,1
80,116,1
81,116,1
82,116,1
83,116,1
84,116,1
85,116,2
86,116,2
87,116,2
88,116,2
89,116,2
90,116,2
91,116,2
92,116,2
93,116,2
94,116,2
95,116,2
96,116,2
97,116,2
98,116,2
99,116,2
100,116,2
101,116,2
102,116,2
103,116,1
104,116,1
105,116,1
106,116,1
107,116,1
108,116,1
109,116,1
110,116,1
111,116,1
112,116,1
113,116,1
114,116,1
115,116,1
116,116,1
117,116,1
118,116,1
119,116,1
120,116,1
121,116,1
122,116,1
123,116,1
124,116,1
125,116,1
126,116,1
127,116,1
0,117,1
1,117,1
2,117,1
3,117,1
4,117,1
5,117,1
6,117,1
7,117,1
8,117,1
9,117,1
10,117,1
11,117,1
12,117,1
13,117,1
14,117,1
15,117,1
16,117,1
17,117,1
18,117,1
19,117,1
20,117,1
21,117,1
22,117,1
23,117,1
24,117,1
25,117,1
26,117,1
27,117,1
28,117,1
29,117,1
30,117,1
31,117,1
32,117,1
33,117,1
34,117,1
35,117,2
36,117,2
37,117,2
38,117,2
39,117,2
40,117,2
41,117,1
42,117,1
43,117,1
44,117,1
45,117,1
46,117,1
47,117,1
48,117,1
49,117,1
50,117,1
51,117,1
52,117,1
53,117,1
54,117,1
55,117,1
56,117,1
57,117,1
58,117,1
59,117,1
60,117,1
61,117,1
62,117,1
63,117,1
64,117,1
65,117,1
66,117,1
67,117,1
68,117,1
69,117,1
70,117,1
71,117,1
72,117,1
73,117,1
74,117,1
75,117,1
76,117,1
77,117,1
78,117,1
79,117,1
80,117,1
81,117,1
82,117,1
83,117,1
84,117,1
85,117,1
86,117,1
87,117,2
88,117,2
89,117,2
90,117,2
91,117,2
92,117,2
93,117,2
94,117,2
95,117,2
96,117,2
97,117,2
98,117,2
99,117,2
100,117,2
101,117,2
102,117,1
103,117,1
104,117,1
105,117,1
106,117,1
107,117,1
108,117,1
109,117,1
110,117,1
111,117,1
112,117,1
113,117,1
114,117,1
115,117,1
116,117,1
117,117,1
118,117,1
119,117,1
120,117,1
121,117,1
122,117,1
123,117,1
124,117,1
125,117,1
126,117,1
127,117,1
0,118,1
1,118,1
2,118,1
3,118,1
4,118,1
5,118,1
6,118,1
7,118,1
8,118,1
9,118,1
10,118,1
11,118,1
12,118,1
13,118,1
14,118,1
15,118,1
16,118,1
17,118,1
18,118,1
19,118,1
20,118,1
21,118,1
22,118,1
23,118,1
24,118,1
25,118,1
26,118,1
27,118,1
28,118,1
29,118,1
30,118,1
31,118,1
32,118,1
33,118,1
34,118,1
35,118,1
36,118,2
37,118,2
38,118,2
39,118,1
40,118,1
41,118,1
42,118,1
43,118,1
44,118,1
45,118,1
46,118,1
47,118,1
48,118,1
49,118,1
50,118,1
51,118,1
52,118,1
53,118,1
54,118,1
55,118,1
56,118,1
57,118,1
58,118,1
59,118,1
60,118,1
61,118,1
62,118,1
63,118,1
64,118,1
65,118,1
66,118,1
67,118,1
68,118,1
69,118,1
70,118,1
71,118,1
72,118,1
73,118,1
74,118,1
75,118,1
76,118,1
77,118,1
78,118,1
79,118,1
80,118,1
81,118,1
82,118,1
83,118,1
84,118,1
85,118,1
86,118,1
87,118,1
88,118,1
89,118,2
90,118,2
91,118,2
92,118,2
93,118,2
94,118,2
95,118,2
96,118,2
97,118,2
98,118,2
99,118,2
100,118,2
101,118,1
102,118,1
103,118,1
104,118,1
105,118,1
106,118,1
107,118,1
108,118,1
109,118,1
110,118,1
111,118,1
112,118,1
113,118,1
114,118,1
115,118,1
116,118,1
117,118,1
118,118,1
119,118,1
120,118,1
121,118,1
122,118,1
123,118,1
124,118,1
125,118,1
126,118,1
127,118,1
0,119,1
1,119,1
2,119,1
3,119,1
4,119,1
5,119,1
6,119,1
7,119,1
8,119,1
9,119,1
10,119,1
11,119,1
12,119,1
13,119,1
14,119,1
15,119,1
16,119,1
17,119,1
18,119,1
19,119,1
20,119,1
21,119,1
22,119,1
23,119,1
24,119,1
25,119,1
26,119,1
27,119,1
28,119,1
29,119,1
30,119,1
31,119,1
32,119,1
33,119,1
34,119,1
35,119,1
36,119,2
37,119,1
38,119,1
39,119,1
40,119,1
41,119,1
42,119,1
43,119,1
44,119,1
45,119,1
46,119,1
47,119,1
48,119,1
49,119,1
50,119,1
51,119,1
52,119,1
53,119,1
54,119,1
55,119,1
56,119,1
57,119,1
58,119,1
59,119,1
60,119,1
61,119,1
62,119,1
63,119,1
64,119,1
65,119,1
66,119,1
67,119,1
68,119,1
69,119,1
70,119,1
71,119,1
72,119,1
73,119,1
74,119,1
75,119,1
76,119,1
77,119,1
78,119,1
79,119,1
80,119,1
81,119,1
82,119,1
83,119,1
84,119,1
85,119,1
86,119,1
87,119,1
88,119,1
89,119,1
90,119,1
91,119,2
92,119,2
93,119,2
94,119,2
95,119,2
96,119,2
97,119,2
98,119,2
99,119,2
100,119,2
101,119,1
102,119,1
103,119,1
104,119,1
105,119,1
106,119,1
107,119,1
108,119,1
109,119,1
110,119,1
111,119,1
112,119,1
113,119,1
114,119,1
115,119,1
116,119,1
117,119,1
118,119,1
119,119,1
120,119,1
121,119,1
122,119,1
123,119,1
124,119,1
125,119,1
126,119,1
127,119,1
0,120,1
1,120,1
2,120,1
3,120,1
4,120,1
5,120,1
6,120,1
7,120,1
8,120,1
9,120,1
10,120,1
11,120,1
12,120,1
13,120,1
14,120,1
15,120,1
16,120,1
17,120,1
18,120,1
19,120,1
20,120,1
21,120,1
22,120,1
23,120,1
24,120,1
25,120,1
26,120,1
27,120,1
28,120,1
29,120,1
30,120,1
31,120,1
32,120,1
33,120,1
34,120,1
35,120,1
36,120,1
37,120,1
38,120,1
39,120,1
40,120,1
41,120,1
42,120,1
43,120,1
44,120,1
45,120,1
46,120,1
47,120,1
48,120,1
49,120,1
50,120,1
51,120,1
52,120,1
53,120,1
54,120,1
55,120,1
56,120,1
57,120,1
58,120,1
59,120,1
60,120,1
61,120,1
62,120,1
63,120,1
64,120,1
65,120,1
66,120,1
67,120,1
68,120,1
69,120,1
70,120,1
71,120,1
72,120,1
73,120,1
74,120,1
75,120,1
76,120,1
77,120,1
78,120,1
79,120,1
80,120,1
81,120,1
82,120,1
83,120,1
84,120,1
85,120,1
86,120,1
87,120,1
88,120,1
89,120,1
90,120,1
91,120,1
92,120,1
93,120,2
94,120,2
95,120,2
96,120,2
97,120,2
98,120,2
99,120,2
100,120,1
101,120,1
102,120,1
103,120,1
104,120,1
105,120,1
106,120,1
107,120,1
108,120,1
109,120,1
110,120,1
111,120,1
112,120,1
113,120,1
114,120,1
115,120,1
116,120,1
117,120,1
118,120,1
119,120,1
120,120,1
121,120,1
122,120,1
123,120,1
124,120,1
125,120,1
126,120,1
127,120,1
0,121,1
1,121,1
2,121,1
3,121,1
4,121,1
5,121,1
6,121,1
7,121,1
8,121,1
9,121,1
10,121,1
11,121,1
12,121,1
13,121,1
14,121,1
15,121,1
16,121,1
17,121,1
18,121,1
19,121,1
20,121,1
21,121,1
22,121,1
23,121,1
24,121,1
25,121,1
26,121,1
27,121,1
28,121,1
29,121,1
30,121,1
31,121,1
32,121,1
33,121,1
34,121,1
35,121,1
36,121,1
37,121,1
38,121,1
39,121,1
40,121,1
41,121,1
42,121,1
43,121,1
44,121,1
45,121,1
46,121,1
47,121,1
48,121,1
49,121,1
50,121,1
51,121,1
52,121,1
53,121,1
54,121,1
55,121,1
56,121,1
57,121,1
58,121,1
59,121,1
60,121,1
61,121,1
62,121,1
63,121,1
64,121,1
65,121,1
66,121,1
67,121,1
68,121,1
69,121,1
70,121,1
71,121,1
72,121,1
73,121,1
74,121,1
75,121,1
76,121,1
77,121,1
78,121,1
79,121,1
80,121,1
81,121,1
82,121,1
83,121,1
84,121,1
85,121,1
86,121,1
87,121,1
88,121,1
89,121,1
90,121,1
91,121,1
92,121,1
93,121,1
94,121,1
95,121,2
96,121,2
97,121,2
98,121,2
99,121,1
100,121,1
101,121,1
102,121,1
103,121,1
104,121,1
105,121,1
106,121,1
107,121,1
108,121,1
109,121,1
110,121,1
111,121,1
112,121,1
113,121,1
114,121,1
115,121,1
116,121,1
117,121,1
118,121,1
119,121,1
120,121,1
121,121,1
122,121,1
123,121,1
124,121,1
125,121,1
126,121,1
127,121,1
0,122,1
1,122,1
2,122,1
3,122,1
4,122,1
5,122,1
6,122,1
7,122,1
8,122,1
9,122,1
10,122,1
11,122,1
12,122,1
13,122,1
14,122,1
15,122,1
16,122,1
17,122,1
18,122,1
19,122,1
20,122,1
21,122,1
22,122,1
23,122,1
24,122,1
25,122,1
26,122,1
27,122,1
28,122,1
29,122,1
30,122,1
31,122,1
32,122,1
33,122,1
34,122,1
35,122,1
36,122,1
37,122,1
38,122,1
39,122,1
40,122,1
41,122,1
42,122,1
43,122,1
44,122,1
45,122,1
46,122,1
47,122,1
48,122,1
49,122,1
50,122,1
51,122,1
52,122,1
53,122,1
54,122,1
55,122,1
56,122,1
57,122,1
58,122,1
59,122,1
60,122,1
61,122,1
62,122,1
63,122,1
64,122,1
65,122,1
66,122,1
67,122,1
68,122,1
69,122,1
70,122,1
71,122,1
72,122,1
73,122,1
74,122,1
75,122,1
76,122,1
77,122,1
78,122,1
79,122,1
80,122,1
81,122,1
82,122,1
83,122,1
84,122,1
85,122,1
86,122,1
87,122,1
88,122,1
89,122,1
90,122,1
91,122,1
92,122,1
93,122,1
94,122,1
95,122,1
96,122,1
97,122,2
98,122,2
99,122,1
100,122,1
101,122,1
102,122,1
103,122,1
104,122,1
105,122,1
106,122,1
107,122,1
108,122,1
109,122,1
110,122,1
111,122,1
112,122,1
113,122,1
114,122,1
115,122,1
116,122,1
117,122,1
118,122,1
119,122,1
120,122,1
121,122,1
122,122,1
123,122,1
124,122,1
125,122,1
126,122,1
127,122,1
0,123,1
1,123,1
2,123,1
3,123,1
4,123,1
5,123,1
6,123,1
7,123,1
8,123,1
9,123,1
10,123,1
11,123,1
12,123,1
13,123,1
14,123,1
15,123,1
16,123,1
17,123,1
18,123,1
19,123,1
20,123,1
21,123,1
22,123,1
23,123,1
24,123,1
25,123,1
26,123,1
27,123,1
28,123,1
29,123,1
30,123,1
31,123,1
32,123,1
33,123,1
34,123,1
35,123,1
36,123,1
37,123,1
38,123,1
39,123,1
40,123,1
41,123,1
42,123,1
43,123,1
44,123,1
45,123,1
46,123,1
47,123,1
48,123,1
49,123,1
50,123,1
51,123,1
52,123,1
53,123,1
54,123,1
55,123,1
56,123,1
57,123,1
58,123,1
59,123,1
60,123,1
61,123,1
62,123,1
63,123,1
64,123,1
65,123,1
66,123,1
67,123,1
68,123,1
69,123,1
70,123,1
71,123,1
72,123,1
73,123,1
74,123,1
75,123,1
76,123,1
77,123,1
78,123,1
79,123,1
80,123,1
81,123,1
82,123,1
83,123,1
84,123,1
85,123,1
86,123,1
87,123,1
88,123,1
89,123,1
90,123,1
91,123,1
92,123,1
93,123,1
94,123,1
95,123,1
96,123,1
97,123,1
98,123,1
99,123,1
100,123,1
101,123,1
102,123,1
103,123,1
104,123,1
105,123,1
106,123,1
107,123,1
108,123,1
109,123,1
110,123,1
111,123,1
112,123,1
113,123,1
114,123,1
115,123,1
116,123,1
117,123,1
118,123,1
119,123,1
120,123,1
121,123,1
122,123,1
123,123,1
124,123,1
125,123,1
126,123,1
127,123,1
0,124,1
1,124,1
2,124,1
3,124,1
4,124,1
5,124,1
6,124,1
7,124,1
8,124,1
9,124,1
10,124,1
11,124,1
12,124,1
13,124,1
14,124,1
15,124,1
16,124,1
17,124,1
18,124,1
19,124,1
20,124,1
21,124,1
22,124,1
23,124,1
24,124,1
25,124,1
26,124,1
27,124,1
28,124,1
29,124,1
30,124,1
31,124,1
32,124,1
33,124,1
34,124,1
35,124,1
36,124,1
37,124,1
38,124,1
39,124,1
40,124,1
41,124,1
42,124,1
43,124,1
44,124,1
45,124,1
46,124,1
47,124,1
48,124,1
49,124,1
50,124,1
51,124,1
52,124,1
53,124,1
54,124,1
55,124,1
56,124,1
57,124,1
58,124,1
59,124,1
60,124,1
61,124,1
62,124,1
63,124,1
64,124,1
65,124,1
66,124,1
67,124,1
68,124,1
69,124,1
70,124,1
71,124,1
72,124,1
73,124,1
74,124,1
75,124,1
76,124,1
77,124,1
78,124,1
79,124,1
80,124,1
81,124,1
82,124,1
83,124,1
84,124,1
85,124,1
86,124,1
87,124,1
88,124,1
89,124,1
90,124,1
91,124,1
92,124,1
93,124,1
94,124,1
95,124,1
96,124,1
97,124,1
98,124,1
99,124,1
100,124,1
101,124,1
102,124,1
103,124,1
104,124,1
105,124,1
106,124,1
107,124,1
108,124,1
109,124,1
110,124,1
111,124,1
112,124,1
113,124,1
114,124,1
115,124,1
116,124,1
117,124,1
118,124,1
119,124,1
120,124,1
121,124,1
122,124,1
123,124,1
124,124,1
125,124,1
126,124,1
127,124,1
0,125,1
1,125,1
2,125,1
3,125,1
4,125,1
5,125,1
6,125,1
7,125,1
8,125,1
9,125,1
10,125,1
11,125,1
12,125,1
13,125,1
14,125,1
15,125,1
16,125,1
17,125,1
18,125,1
19,125,1
20,125,1
21,125,1
22,125,1
23,125,1
24,125,1
25,125,1
26,125,1
27,125,1
28,125,1
29,125,1
30,125,1
31,125,1
32,125,1
33,125,1
34,125,1
35,125,1
36,125,1
37,125,1
38,125,1
39,125,1
40,125,1
41,125,1
42,125,1
43,125,1
44,125,1
45,125,1
46,125,1
47,125,1
48,125,1
49,125,1
50,125,1
51,125,1
52,125,1
53,125,1
54,125,1
55,125,1
56,125,1
57,125,1
58,125,1
59,125,1
60,125,1
61,125,1
62,125,1
63,125,1
64,125,1
65,125,1
66,125,1
67,125,1
68,125,1
69,125,1
70,125,1
71,125,1
72,125,1
73,125,1
74,125,1
75,125,1
76,125,1
77,125,1
78,125,1
79,125,1
80,125,1
81,125,1
82,125,1
83,125,1
84,125,1
85,125,1
86,125,1
87,125,1
88,125,1
89,125,1
90,125,1
91,125,1
92,125,1
93,125,1
94,125,1
95,125,1
96,125,1
97,125,1
98,125,1
99,125,1
100,125,1
101,125,1
102,125,1
103,125,1
104,125,1
105,125,1
106,125,1
107,125,1
108,125,1
109,125,1
110,125,1
111,125,1
112,125,1
113,125,1
114,125,1
115,125,1
116,125,1
117,125,1
118,125,1
119,125,1
120,125,1
121,125,1
122,125,1
123,125,1
124,125,1
125,125,1
126,125,1
127,125,1
0,126,1
1,126,1
2,126,1
3,126,1
4,126,1
5,126,1
6,126,1
7,126,1
8,126,1
9,126,1
10,126,1
11,126,1
12,126,1
13,126,1
14,126,1
15,126,1
16,126,1
17,126,1
18,126,1
19,126,1
20,126,1
21,126,1
22,126,1
23,126,1
24,126,1
25,126,1
26,126,1
27,126,1
28,126,1
29,126,1
30,126,1
31,126,1
32,126,1
33,126,1
34,126,1
35,126,1
36,126,1
37,126,1
38,126,1
39,126,1
40,126,1
41,126,1
42,126,1
43,126,1
44,126,1
45,126,1
46,126,1
47,126,1
48,126,1
49,126,1
50,126,1
51,126,1
52,126,1
53,126,1
54,126,1
55,126,1
56,126,1
57,126,1
58,126,1
59,126,1
60,126,1
61,126,1
62,126,1
63,126,1
64,126,1
65,126,1
66,126,1
67,126,1
68,126,1
69,126,1
70,126,1
71,126,1
72,126,1
73,126,1
74,126,1
75,126,1
76,126,1
77,126,1
78,126,1
79,126,1
80,126,1
81,126,1
82,126,1
83,126,1
84,126,1
85,126,1
86,126,1
87,126,1
88,126,1
89,126,1
90,126,1
91,126,1
92,126,1
93,126,1
94,126,1
95,126,1
96,126,1
97,126,1
98,126,1
99,126,1
100,126,1
101,126,1
102,126,1
103,126,1
104,126,1
105,126,1
106,126,1
107,126,1
108,126,1
109,126,1
110,126,1
111,126,1
112,126,1
113,126,1
114,126,1
115,126,1
116,126,1
117,126,1
118,126,1
119,126,1
120,126,1
121,126,1
122,126,1
123,126,1
124,126,1
125,126,1
126,126,1
127,126,1
0,127,1
1,127,1
2,127,1
3,127,1
4,127,1
5,127,1
6,127,1
7,127,1
8,127,1
9,127,1
10,127,1
11,127,1
12,127,1
13,127,1
14,127,1
15,127,1
16,127,1
17,127,1
18,127,1
19,127,1
20,127,1
21,127,1
22,127,1
23,127,1
24,127,1
25,127,1
26,127,1
27,127,1
28,127,1
29,127,1
30,127,1
31,127,1
32,127,1
33,127,1
34,127,1
35,127,1
36,127,1
37,127,1
38,127,1
39,127,1
40,127,1
41,127,1
42,127,1
43,127,1
44,127,1
45,127,1
46,127,1
47,127,1
48,127,1
49,127,1
50,127,1
51,127,1
52,127,1
53,127,1
54,127,1
55,127,1
56,127,1
57,127,1
58,127,1
59,127,1
60,127,1
61,127,1
62,127,1
63,127,1
64,127,1
65,127,1
66,127,1
67,127,1
68,127,1
69,127,1
70,127,1
71,127,1
72,127,1
73,127,1
74,127,1
75,127,1
76,127,1
77,127,1
78,127,1
79,127,1
80,127,1
81,127,1
82,127,1
83,127,1
84,127,1
85,127,1
86,127,1
87,127,1
88,127,1
89,127,1
90,127,1
91,127,1
92,127,1
93,127,1
94,127,1
95,127,1
96,127,1
97,127,1
98,127,1
99,127,1
100,127,1
101,127,1
102,127,1
103,127,1
104,127,1
105,127,1
106,127,1
107,127,1
108,127,1
109,127,1
110,127,1
111,127,1
112,127,1
113,127,1
114,127,1
115,127,1
116,127,1
117,127,1
118,127,1
119,127,1
120,127,1
121,127,1
122,127,1
123,127,1
124,127,1
125,127,1
126,127,1
127,127,1
