x,y,iterations,real_x,real_y
0,0,2,-1.500000000,-1.500000000
1,0,2,-1.476377953,-1.500000000
2,0,2,-1.452755906,-1.500000000
3,0,2,-1.429133858,-1.500000000
4,0,2,-1.405511811,-1.500000000
5,0,2,-1.381889764,-1.500000000
6,0,2,-1.358267717,-1.500000000
7,0,2,-1.334645669,-1.500000000
8,0,2,-1.311023622,-1.500000000
9,0,2,-1.287401575,-1.500000000
10,0,2,-1.263779528,-1.500000000
11,0,2,-1.240157480,-1.500000000
12,0,2,-1.216535433,-1.500000000
13,0,2,-1.192913386,-1.500000000
14,0,2,-1.169291339,-1.500000000
15,0,2,-1.145669291,-1.500000000
16,0,2,-1.122047244,-1.500000000
17,0,2,-1.098425197,-1.500000000
18,0,2,-1.074803150,-1.500000000
19,0,2,-1.051181102,-1.500000000
20,0,2,-1.027559055,-1.500000000
21,0,2,-1.003937008,-1.500000000
22,0,2,-0.980314961,-1.500000000
23,0,2,-0.956692913,-1.500000000
24,0,2,-0.933070866,-1.500000000
25,0,2,-0.909448819,-1.500000000
26,0,2,-0.885826772,-1.500000000
27,0,2,-0.862204724,-1.500000000
28,0,2,-0.838582677,-1.500000000
29,0,2,-0.814960630,-1.500000000
30,0,2,-0.791338583,-1.500000000
31,0,2,-0.767716535,-1.500000000
32,0,2,-0.744094488,-1.500000000
33,0,2,-0.720472441,-1.500000000
34,0,2,-0.696850394,-1.500000000
35,0,2,-0.673228346,-1.500000000
36,0,2,-0.649606299,-1.500000000
37,0,2,-0.625984252,-1.500000000
38,0,2,-0.602362205,-1.500000000
39,0,2,-0.578740157,-1.500000000
40,0,2,-0.555118110,-1.500000000
41,0,2,-0.531496063,-1.500000000
42,0,2,-0.507874016,-1.500000000
43,0,2,-0.484251969,-1.500000000
44,0,2,-0.460629921,-1.500000000
45,0,2,-0.437007874,-1.500000000
46,0,2,-0.413385827,-1.500000000
47,0,2,-0.389763780,-1.500000000
48,0,2,-0.366141732,-1.500000000
49,0,2,-0.342519685,-1.500000000
50,0,2,-0.318897638,-1.500000000
51,0,2,-0.295275591,-1.500000000
52,0,2,-0.271653543,-1.500000000
53,0,2,-0.248031496,-1.500000000
54,0,2,-0.224409449,-1.500000000
55,0,2,-0.200787402,-1.500000000
56,0,2,-0.177165354,-1.500000000
57,0,2,-0.153543307,-1.500000000
58,0,2,-0.129921260,-1.500000000
59,0,2,-0.106299213,-1.500000000
60,0,2,-0.082677165,-1.500000000
61,0,2,-0.059055118,-1.500000000
62,0,2,-0.035433071,-1.500000000
63,0,2,-0.011811024,-1.500000000
64,0,2,0.011811024,-1.500000000
65,0,2,0.035433071,-1.500000000
66,0,2,0.059055118,-1.500000000
67,0,2,0.082677165,-1.500000000
68,0,2,0.106299213,-1.500000000
69,0,2,0.129921260,-1.500000000
70,0,2,0.153543307,-1.500000000
71,0,2,0.177165354,-1.500000000
72,0,2,0.200787402,-1.500000000
73,0,2,0.224409449,-1.500000000
74,0,2,0.248031496,-1.500000000
75,0,2,0.271653543,-1.500000000
76,0,2,0.295275591,-1.500000000
77,0,2,0.318897638,-1.500000000
78,0,2,0.342519685,-1.500000000
79,0,2,0.366141732,-1.500000000
80,0,2,0.389763780,-1.500000000
81,0,2,0.413385827,-1.500000000
82,0,2,0.437007874,-1.500000000
83,0,2,0.460629921,-1.500000000
84,0,2,0.484251969,-1.500000000
85,0,2,0.507874016,-1.500000000
86,0,2,0.531496063,-1.500000000
87,0,2,0.555118110,-1.500000000
88,0,2,0.578740157,-1.500000000
89,0,2,0.602362205,-1.500000000
90,0,2,0.625984252,-1.500000000
91,0,2,0.649606299,-1.500000000
92,0,2,0.673228346,-1.500000000
93,0,2,0.696850394,-1.500000000
94,0,2,0.720472441,-1.500000000
95,0,2,0.744094488,-1.500000000
96,0,2,0.767716535,-1.500000000
97,0,2,0.791338583,-1.500000000
98,0,2,0.814960630,-1.500000000
99,0,2,0.838582677,-1.500000000
100,0,2,0.862204724,-1.500000000
101,0,2,0.885826772,-1.500000000
102,0,2,0.909448819,-1.500000000
103,0,2,0.933070866,-1.500000000
104,0,2,0.956692913,-1.500000000
105,0,2,0.980314961,-1.500000000
106,0,2,1.003937008,-1.500000000
107,0,2,1.027559055,-1.500000000
108,0,2,1.051181102,-1.500000000
109,0,2,1.074803150,-1.500000000
110,0,2,1.098425197,-1.500000000
111,0,2,1.122047244,-1.500000000
112,0,2,1.145669291,-1.500000000
113,0,2,1.169291339,-1.500000000
114,0,2,1.192913386,-1.500000000
115,0,2,1.216535433,-1.500000000
116,0,2,1.240157480,-1.500000000
117,0,2,1.263779528,-1.500000000
118,0,2,1.287401575,-1.500000000
119,0,2,1.311023622,-1.500000000
120,0,2,1.334645669,-1.500000000
121,0,2,1.358267717,-1.500000000
122,0,2,1.381889764,-1.500000000
123,0,2,1.405511811,-1.500000000
124,0,2,1.429133858,-1.500000000
125,0,2,1.452755906,-1.500000000
126,0,2,1.476377953,-1.500000000
127,0,2,1.500000000,-1.500000000
0,1,2,-1.500000000,-1.476377953
1,1,2,-1.476377953,-1.476377953
2,1,2,-1.452755906,-1.476377953
3,1,2,-1.429133858,-1.476377953
4,1,2,-1.405511811,-1.476377953
5,1,2,-1.381889764,-1.476377953
6,1,2,-1.358267717,-1.476377953
7,1,2,-1.334645669,-1.476377953
8,1,2,-1.311023622,-1.476377953
9,1,2,-1.287401575,-1.476377953
10,1,2,-1.263779528,-1.476377953
11,1,2,-1.240157480,-1.476377953
12,1,2,-1.216535433,-1.476377953
13,1,2,-1.192913386,-1.476377953
14,1,3,-1.169291339,-1.476377953
15,1,2,-1.145669291,-1.476377953
16,1,2,-1.122047244,-1.476377953
17,1,2,-1.098425197,-1.476377953
18,1,2,-1.074803150,-1.476377953
19,1,2,-1.051181102,-1.476377953
20,1,2,-1.027559055,-1.476377953
21,1,2,-1.003937008,-1.476377953
22,1,2,-0.980314961,-1.476377953
23,1,2,-0.956692913,-1.476377953
24,1,2,-0.933070866,-1.476377953
25,1,2,-0.909448819,-1.476377953
26,1,2,-0.885826772,-1.476377953
27,1,2,-0.862204724,-1.476377953
28,1,2,-0.838582677,-1.476377953
29,1,2,-0.814960630,-1.476377953
30,1,2,-0.791338583,-1.476377953
31,1,2,-0.767716535,-1.476377953
32,1,2,-0.744094488,-1.476377953
33,1,2,-0.720472441,-1.476377953
34,1,2,-0.696850394,-1.476377953
35,1,2,-0.673228346,-1.476377953
36,1,2,-0.649606299,-1.476377953
37,1,2,-0.625984252,-1.476377953
38,1,2,-0.602362205,-1.476377953
39,1,2,-0.578740157,-1.476377953
40,1,2,-0.555118110,-1.476377953
41,1,2,-0.531496063,-1.476377953
42,1,2,-0.507874016,-1.476377953
43,1,2,-0.484251969,-1.476377953
44,1,2,-0.460629921,-1.476377953
45,1,2,-0.437007874,-1.476377953
46,1,2,-0.413385827,-1.476377953
47,1,2,-0.389763780,-1.476377953
48,1,2,-0.366141732,-1.476377953
49,1,2,-0.342519685,-1.476377953
50,1,2,-0.318897638,-1.476377953
51,1,2,-0.295275591,-1.476377953
52,1,2,-0.271653543,-1.476377953
53,1,2,-0.248031496,-1.476377953
54,1,2,-0.224409449,-1.476377953
55,1,2,-0.200787402,-1.476377953
56,1,2,-0.177165354,-1.476377953
57,1,2,-0.153543307,-1.476377953
58,1,2,-0.129921260,-1.476377953
59,1,2,-0.106299213,-1.476377953
60,1,2,-0.082677165,-1.476377953
61,1,2,-0.059055118,-1.476377953
62,1,2,-0.035433071,-1.476377953
63,1,2,-0.011811024,-1.476377953
64,1,2,0.011811024,-1.476377953
65,1,2,0.035433071,-1.476377953
66,1,2,0.059055118,-1.476377953
67,1,2,0.082677165,-1.476377953
68,1,2,0.106299213,-1.476377953
69,1,2,0.129921260,-1.476377953
70,1,2,0.153543307,-1.476377953
71,1,3,0.177165354,-1.476377953
72,1,2,0.200787402,-1.476377953
73,1,2,0.224409449,-1.476377953
74,1,2,0.248031496,-1.476377953
75,1,2,0.271653543,-1.476377953
76,1,2,0.295275591,-1.476377953
77,1,2,0.318897638,-1.476377953
78,1,2,0.342519685,-1.476377953
79,1,2,0.366141732,-1.476377953
80,1,2,0.389763780,-1.476377953
81,1,2,0.413385827,-1.476377953
82,1,2,0.437007874,-1.476377953
83,1,2,0.460629921,-1.476377953
84,1,2,0.484251969,-1.476377953
85,1,2,0.507874016,-1.476377953
86,1,2,0.531496063,-1.476377953
87,1,2,0.555118110,-1.476377953
88,1,2,0.578740157,-1.476377953
89,1,2,0.602362205,-1.476377953
90,1,2,0.625984252,-1.476377953
91,1,2,0.649606299,-1.476377953
92,1,2,0.673228346,-1.476377953
93,1,2,0.696850394,-1.476377953
94,1,2,0.720472441,-1.476377953
95,1,2,0.744094488,-1.476377953
96,1,2,0.767716535,-1.476377953
97,1,2,0.791338583,-1.476377953
98,1,2,0.814960630,-1.476377953
99,1,2,0.838582677,-1.476377953
100,1,2,0.862204724,-1.476377953
101,1,2,0.885826772,-1.476377953
102,1,2,0.909448819,-1.476377953
103,1,2,0.933070866,-1.476377953
104,1,2,0.956692913,-1.476377953
105,1,2,0.980314961,-1.476377953
106,1,2,1.003937008,-1.476377953
107,1,2,1.027559055,-1.476377953
108,1,2,1.051181102,-1.476377953
109,1,2,1.074803150,-1.476377953
110,1,2,1.098425197,-1.476377953
111,1,2,1.122047244,-1.476377953
112,1,2,1.145669291,-1.476377953
113,1,2,1.169291339,-1.476377953
114,1,2,1.192913386,-1.476377953
115,1,2,1.216535433,-1.476377953
116,1,2,1.240157480,-1.476377953
117,1,2,1.263779528,-1.476377953
118,1,2,1.287401575,-1.476377953
119,1,2,1.311023622,-1.476377953
120,1,2,1.334645669,-1.476377953
121,1,2,1.358267717,-1.476377953
122,1,2,1.381889764,-1.476377953
123,1,2,1.405511811,-1.476377953
124,1,2,1.429133858,-1.476377953
125,1,2,1.452755906,-1.476377953
126,1,2,1.476377953,-1.476377953
127,1,2,1.500000000,-1.476377953
0,2,2,-1.500000000,-1.452755906
1,2,2,-1.476377953,-1.452755906
2,2,2,-1.452755906,-1.452755906
3,2,2,-1.429133858,-1.452755906
4,2,2,-1.405511811,-1.452755906
5,2,2,-1.381889764,-1.452755906
6,2,2,-1.358267717,-1.452755906
7,2,2,-1.334645669,-1.452755906
8,2,2,-1.311023622,-1.452755906
9,2,2,-1.287401575,-1.452755906
10,2,2,-1.263779528,-1.452755906
11,2,2,-1.240157480,-1.452755906
12,2,2,-1.216535433,-1.452755906
13,2,2,-1.192913386,-1.452755906
14,2,3,-1.169291339,-1.452755906
15,2,3,-1.145669291,-1.452755906
16,2,3,-1.122047244,-1.452755906
17,2,2,-1.098425197,-1.452755906
18,2,2,-1.074803150,-1.452755906
19,2,2,-1.051181102,-1.452755906
20,2,2,-1.027559055,-1.452755906
21,2,2,-1.003937008,-1.452755906
22,2,2,-0.980314961,-1.452755906
23,2,2,-0.956692913,-1.452755906
24,2,2,-0.933070866,-1.452755906
25,2,2,-0.909448819,-1.452755906
26,2,2,-0.885826772,-1.452755906
27,2,2,-0.862204724,-1.452755906
28,2,2,-0.838582677,-1.452755906
29,2,2,-0.814960630,-1.452755906
30,2,2,-0.791338583,-1.452755906
31,2,2,-0.767716535,-1.452755906
32,2,2,-0.744094488,-1.452755906
33,2,2,-0.720472441,-1.452755906
34,2,2,-0.696850394,-1.452755906
35,2,2,-0.673228346,-1.452755906
36,2,2,-0.649606299,-1.452755906
37,2,2,-0.625984252,-1.452755906
38,2,2,-0.602362205,-1.452755906
39,2,2,-0.578740157,-1.452755906
40,2,2,-0.555118110,-1.452755906
41,2,2,-0.531496063,-1.452755906
42,2,2,-0.507874016,-1.452755906
43,2,2,-0.484251969,-1.452755906
44,2,2,-0.460629921,-1.452755906
45,2,2,-0.437007874,-1.452755906
46,2,2,-0.413385827,-1.452755906
47,2,2,-0.389763780,-1.452755906
48,2,2,-0.366141732,-1.452755906
49,2,2,-0.342519685,-1.452755906
50,2,2,-0.318897638,-1.452755906
51,2,2,-0.295275591,-1.452755906
52,2,2,-0.271653543,-1.452755906
53,2,2,-0.248031496,-1.452755906
54,2,2,-0.224409449,-1.452755906
55,2,2,-0.200787402,-1.452755906
56,2,2,-0.177165354,-1.452755906
57,2,2,-0.153543307,-1.452755906
58,2,2,-0.129921260,-1.452755906
59,2,2,-0.106299213,-1.452755906
60,2,2,-0.082677165,-1.452755906
61,2,2,-0.059055118,-1.452755906
62,2,2,-0.035433071,-1.452755906
63,2,2,-0.011811024,-1.452755906
64,2,2,0.011811024,-1.452755906
65,2,2,0.035433071,-1.452755906
66,2,2,0.059055118,-1.452755906
67,2,2,0.082677165,-1.452755906
68,2,3,0.106299213,-1.452755906
69,2,3,0.129921260,-1.452755906
70,2,3,0.153543307,-1.452755906
71,2,3,0.177165354,-1.452755906
72,2,2,0.200787402,-1.452755906
73,2,2,0.224409449,-1.452755906
74,2,2,0.248031496,-1.452755906
75,2,2,0.271653543,-1.452755906
76,2,2,0.295275591,-1.452755906
77,2,2,0.318897638,-1.452755906
78,2,2,0.342519685,-1.452755906
79,2,2,0.366141732,-1.452755906
80,2,2,0.389763780,-1.452755906
81,2,2,0.413385827,-1.452755906
82,2,2,0.437007874,-1.452755906
83,2,2,0.460629921,-1.452755906
84,2,2,0.484251969,-1.452755906
85,2,2,0.507874016,-1.452755906
86,2,2,0.531496063,-1.452755906
87,2,2,0.555118110,-1.452755906
88,2,2,0.578740157,-1.452755906
89,2,2,0.602362205,-1.452755906
90,2,2,0.625984252,-1.452755906
91,2,2,0.649606299,-1.452755906
92,2,2,0.673228346,-1.452755906
93,2,2,0.696850394,-1.452755906
94,2,2,0.720472441,-1.452755906
95,2,2,0.744094488,-1.452755906
96,2,2,0.767716535,-1.452755906
97,2,2,0.791338583,-1.452755906
98,2,2,0.814960630,-1.452755906
99,2,2,0.838582677,-1.452755906
100,2,2,0.862204724,-1.452755906
101,2,2,0.885826772,-1.452755906
102,2,2,0.909448819,-1.452755906
103,2,2,0.933070866,-1.452755906
104,2,2,0.956692913,-1.452755906
105,2,2,0.980314961,-1.452755906
106,2,2,1.003937008,-1.452755906
107,2,2,1.027559055,-1.452755906
108,2,2,1.051181102,-1.452755906
109,2,2,1.074803150,-1.452755906
110,2,2,1.098425197,-1.452755906
111,2,2,1.122047244,-1.452755906
112,2,2,1.145669291,-1.452755906
113,2,2,1.169291339,-1.452755906
114,2,2,1.192913386,-1.452755906
115,2,2,1.216535433,-1.452755906
116,2,2,1.240157480,-1.452755906
117,2,2,1.263779528,-1.452755906
118,2,2,1.287401575,-1.452755906
119,2,2,1.311023622,-1.452755906
120,2,2,1.334645669,-1.452755906
121,2,2,1.358267717,-1.452755906
122,2,2,1.381889764,-1.452755906
123,2,2,1.405511811,-1.452755906
124,2,2,1.429133858,-1.452755906
125,2,2,1.452755906,-1.452755906
126,2,2,1.476377953,-1.452755906
127,2,2,1.500000000,-1.452755906
0,3,2,-1.500000000,-1.429133858
1,3,2,-1.476377953,-1.429133858
2,3,2,-1.452755906,-1.429133858
3,3,2,-1.429133858,-1.429133858
4,3,2,-1.405511811,-1.429133858
5,3,2,-1.381889764,-1.429133858
6,3,2,-1.358267717,-1.429133858
7,3,2,-1.334645669,-1.429133858
8,3,2,-1.311023622,-1.429133858
9,3,2,-1.287401575,-1.429133858
10,3,2,-1.263779528,-1.429133858
11,3,2,-1.240157480,-1.429133858
12,3,2,-1.216535433,-1.429133858
13,3,3,-1.192913386,-1.429133858
14,3,3,-1.169291339,-1.429133858
15,3,3,-1.145669291,-1.429133858
16,3,3,-1.122047244,-1.429133858
17,3,3,-1.098425197,-1.429133858
18,3,3,-1.074803150,-1.429133858
19,3,3,-1.051181102,-1.429133858
20,3,2,-1.027559055,-1.429133858
21,3,2,-1.003937008,-1.429133858
22,3,2,-0.980314961,-1.429133858
23,3,2,-0.956692913,-1.429133858
24,3,2,-0.933070866,-1.429133858
25,3,2,-0.909448819,-1.429133858
26,3,2,-0.885826772,-1.429133858
27,3,2,-0.862204724,-1.429133858
28,3,2,-0.838582677,-1.429133858
29,3,2,-0.814960630,-1.429133858
30,3,2,-0.791338583,-1.429133858
31,3,2,-0.767716535,-1.429133858
32,3,2,-0.744094488,-1.429133858
33,3,2,-0.720472441,-1.429133858
34,3,2,-0.696850394,-1.429133858
35,3,2,-0.673228346,-1.429133858
36,3,2,-0.649606299,-1.429133858
37,3,2,-0.625984252,-1.429133858
38,3,2,-0.602362205,-1.429133858
39,3,2,-0.578740157,-1.429133858
40,3,2,-0.555118110,-1.429133858
41,3,2,-0.531496063,-1.429133858
42,3,2,-0.507874016,-1.429133858
43,3,2,-0.484251969,-1.429133858
44,3,2,-0.460629921,-1.429133858
45,3,2,-0.437007874,-1.429133858
46,3,2,-0.413385827,-1.429133858
47,3,2,-0.389763780,-1.429133858
48,3,2,-0.366141732,-1.429133858
49,3,2,-0.342519685,-1.429133858
50,3,2,-0.318897638,-1.429133858
51,3,2,-0.295275591,-1.429133858
52,3,2,-0.271653543,-1.429133858
53,3,2,-0.248031496,-1.429133858
54,3,2,-0.224409449,-1.429133858
55,3,2,-0.200787402,-1.429133858
56,3,2,-0.177165354,-1.429133858
57,3,2,-0.153543307,-1.429133858
58,3,2,-0.129921260,-1.429133858
59,3,2,-0.106299213,-1.429133858
60,3,2,-0.082677165,-1.429133858
61,3,2,-0.059055118,-1.429133858
62,3,2,-0.035433071,-1.429133858
63,3,2,-0.011811024,-1.429133858
64,3,2,0.011811024,-1.429133858
65,3,2,0.035433071,-1.429133858
66,3,3,0.059055118,-1.429133858
67,3,3,0.082677165,-1.429133858
68,3,3,0.106299213,-1.429133858
69,3,3,0.129921260,-1.429133858
70,3,3,0.153543307,-1.429133858
71,3,3,0.177165354,-1.429133858
72,3,2,0.200787402,-1.429133858
73,3,2,0.224409449,-1.429133858
74,3,2,0.248031496,-1.429133858
75,3,2,0.271653543,-1.429133858
76,3,2,0.295275591,-1.429133858
77,3,2,0.318897638,-1.429133858
78,3,2,0.342519685,-1.429133858
79,3,2,0.366141732,-1.429133858
80,3,2,0.389763780,-1.429133858
81,3,2,0.413385827,-1.429133858
82,3,2,0.437007874,-1.429133858
83,3,2,0.460629921,-1.429133858
84,3,2,0.484251969,-1.429133858
85,3,2,0.507874016,-1.429133858
86,3,2,0.531496063,-1.429133858
87,3,2,0.555118110,-1.429133858
88,3,2,0.578740157,-1.429133858
89,3,2,0.602362205,-1.429133858
90,3,2,0.625984252,-1.429133858
91,3,2,0.649606299,-1.429133858
92,3,2,0.673228346,-1.429133858
93,3,2,0.696850394,-1.429133858
94,3,2,0.720472441,-1.429133858
95,3,2,0.744094488,-1.429133858
96,3,2,0.767716535,-1.429133858
97,3,2,0.791338583,-1.429133858
98,3,2,0.814960630,-1.429133858
99,3,2,0.838582677,-1.429133858
100,3,2,0.862204724,-1.429133858
101,3,2,0.885826772,-1.429133858
102,3,2,0.909448819,-1.429133858
103,3,2,0.933070866,-1.429133858
104,3,2,0.956692913,-1.429133858
105,3,2,0.980314961,-1.429133858
106,3,2,1.003937008,-1.429133858
107,3,2,1.027559055,-1.429133858
108,3,2,1.051181102,-1.429133858
109,3,2,1.074803150,-1.429133858
110,3,2,1.098425197,-1.429133858
111,3,2,1.122047244,-1.429133858
112,3,2,1.145669291,-1.429133858
113,3,2,1.169291339,-1.429133858
114,3,2,1.192913386,-1.429133858
115,3,2,1.216535433,-1.429133858
116,3,2,1.240157480,-1.429133858
117,3,2,1.263779528,-1.429133858
118,3,2,1.287401575,-1.429133858
119,3,2,1.311023622,-1.429133858
120,3,2,1.334645669,-1.429133858
121,3,2,1.358267717,-1.429133858
122,3,2,1.381889764,-1.429133858
123,3,2,1.405511811,-1.429133858
124,3,2,1.429133858,-1.429133858
125,3,2,1.452755906,-1.429133858
126,3,2,1.476377953,-1.429133858
127,3,2,1.500000000,-1.429133858
0,4,2,-1.500000000,-1.405511811
1,4,2,-1.476377953,-1.405511811
2,4,2,-1.452755906,-1.405511811
3,4,2,-1.429133858,-1.405511811
4,4,2,-1.405511811,-1.405511811
5,4,2,-1.381889764,-1.405511811
6,4,2,-1.358267717,-1.405511811
7,4,2,-1.334645669,-1.405511811
8,4,2,-1.311023622,-1.405511811
9,4,2,-1.287401575,-1.405511811
10,4,2,-1.263779528,-1.405511811
11,4,2,-1.240157480,-1.405511811
12,4,2,-1.216535433,-1.405511811
13,4,3,-1.192913386,-1.405511811
14,4,3,-1.169291339,-1.405511811
15,4,3,-1.145669291,-1.405511811
16,4,3,-1.122047244,-1.405511811
17,4,3,-1.098425197,-1.405511811
18,4,3,-1.074803150,-1.405511811
19,4,3,-1.051181102,-1.405511811
20,4,3,-1.027559055,-1.405511811
21,4,3,-1.003937008,-1.405511811
22,4,3,-0.980314961,-1.405511811
23,4,2,-0.956692913,-1.405511811
24,4,2,-0.933070866,-1.405511811
25,4,2,-0.909448819,-1.405511811
26,4,2,-0.885826772,-1.405511811
27,4,2,-0.862204724,-1.405511811
28,4,2,-0.838582677,-1.405511811
29,4,2,-0.814960630,-1.405511811
30,4,2,-0.791338583,-1.405511811
31,4,2,-0.767716535,-1.405511811
32,4,2,-0.744094488,-1.405511811
33,4,2,-0.720472441,-1.405511811
34,4,2,-0.696850394,-1.405511811
35,4,2,-0.673228346,-1.405511811
36,4,2,-0.649606299,-1.405511811
37,4,2,-0.625984252,-1.405511811
38,4,2,-0.602362205,-1.405511811
39,4,2,-0.578740157,-1.405511811
40,4,2,-0.555118110,-1.405511811
41,4,2,-0.531496063,-1.405511811
42,4,2,-0.507874016,-1.405511811
43,4,2,-0.484251969,-1.405511811
44,4,2,-0.460629921,-1.405511811
45,4,2,-0.437007874,-1.405511811
46,4,2,-0.413385827,-1.405511811
47,4,2,-0.389763780,-1.405511811
48,4,2,-0.366141732,-1.405511811
49,4,2,-0.342519685,-1.405511811
50,4,2,-0.318897638,-1.405511811
51,4,2,-0.295275591,-1.405511811
52,4,2,-0.271653543,-1.405511811
53,4,2,-0.248031496,-1.405511811
54,4,2,-0.224409449,-1.405511811
55,4,2,-0.200787402,-1.405511811
56,4,2,-0.177165354,-1.405511811
57,4,2,-0.153543307,-1.405511811
58,4,2,-0.129921260,-1.405511811
59,4,2,-0.106299213,-1.405511811
60,4,2,-0.082677165,-1.405511811
61,4,2,-0.059055118,-1.405511811
62,4,2,-0.035433071,-1.405511811
63,4,3,-0.011811024,-1.405511811
64,4,3,0.011811024,-1.405511811
65,4,3,0.035433071,-1.405511811
66,4,3,0.059055118,-1.405511811
67,4,3,0.082677165,-1.405511811
68,4,3,0.106299213,-1.405511811
69,4,3,0.129921260,-1.405511811
70,4,3,0.153543307,-1.405511811
71,4,3,0.177165354,-1.405511811
72,4,3,0.200787402,-1.405511811
73,4,2,0.224409449,-1.405511811
74,4,2,0.248031496,-1.405511811
75,4,2,0.271653543,-1.405511811
76,4,2,0.295275591,-1.405511811
77,4,2,0.318897638,-1.405511811
78,4,2,0.342519685,-1.405511811
79,4,2,0.366141732,-1.405511811
80,4,2,0.389763780,-1.405511811
81,4,2,0.413385827,-1.405511811
82,4,2,0.437007874,-1.405511811
83,4,2,0.460629921,-1.405511811
84,4,2,0.484251969,-1.405511811
85,4,2,0.507874016,-1.405511811
86,4,2,0.531496063,-1.405511811
87,4,2,0.555118110,-1.405511811
88,4,2,0.578740157,-1.405511811
89,4,2,0.602362205,-1.405511811
90,4,2,0.625984252,-1.405511811
91,4,2,0.649606299,-1.405511811
92,4,2,0.673228346,-1.405511811
93,4,2,0.696850394,-1.405511811
94,4,2,0.720472441,-1.405511811
95,4,2,0.744094488,-1.405511811
96,4,2,0.767716535,-1.405511811
97,4,2,0.791338583,-1.405511811
98,4,2,0.814960630,-1.405511811
99,4,2,0.838582677,-1.405511811
100,4,2,0.862204724,-1.405511811
101,4,2,0.885826772,-1.405511811
102,4,2,0.909448819,-1.405511811
103,4,2,0.933070866,-1.405511811
104,4,2,0.956692913,-1.405511811
105,4,2,0.980314961,-1.405511811
106,4,2,1.003937008,-1.405511811
107,4,2,1.027559055,-1.405511811
108,4,2,1.051181102,-1.405511811
109,4,2,1.074803150,-1.405511811
110,4,2,1.098425197,-1.405511811
111,4,2,1.122047244,-1.405511811
112,4,2,1.145669291,-1.405511811
113,4,2,1.169291339,-1.405511811
114,4,2,1.192913386,-1.405511811
115,4,2,1.216535433,-1.405511811
116,4,2,1.240157480,-1.405511811
117,4,2,1.263779528,-1.405511811
118,4,2,1.287401575,-1.405511811
119,4,2,1.311023622,-1.405511811
120,4,2,1.334645669,-1.405511811
121,4,2,1.358267717,-1.405511811
122,4,2,1.381889764,-1.405511811
123,4,2,1.405511811,-1.405511811
124,4,2,1.429133858,-1.405511811
125,4,2,1.452755906,-1.405511811
126,4,2,1.476377953,-1.405511811
127,4,2,1.500000000,-1.405511811
0,5,2,-1.500000000,-1.381889764
1,5,2,-1.476377953,-1.381889764
2,5,2,-1.452755906,-1.381889764
3,5,2,-1.429133858,-1.381889764
4,5,2,-1.405511811,-1.381889764
5,5,2,-1.381889764,-1.381889764
6,5,2,-1.358267717,-1.381889764
7,5,2,-1.334645669,-1.381889764
8,5,2,-1.311023622,-1.381889764
9,5,2,-1.287401575,-1.381889764
10,5,2,-1.263779528,-1.381889764
11,5,2,-1.240157480,-1.381889764
12,5,3,-1.216535433,-1.381889764
13,5,3,-1.192913386,-1.381889764
14,5,3,-1.169291339,-1.381889764
15,5,3,-1.145669291,-1.381889764
16,5,3,-1.122047244,-1.381889764
17,5,3,-1.098425197,-1.381889764
18,5,3,-1.074803150,-1.381889764
19,5,3,-1.051181102,-1.381889764
20,5,3,-1.027559055,-1.381889764
21,5,3,-1.003937008,-1.381889764
22,5,3,-0.980314961,-1.381889764
23,5,3,-0.956692913,-1.381889764
24,5,3,-0.933070866,-1.381889764
25,5,3,-0.909448819,-1.381889764
26,5,2,-0.885826772,-1.381889764
27,5,2,-0.862204724,-1.381889764
28,5,2,-0.838582677,-1.381889764
29,5,2,-0.814960630,-1.381889764
30,5,2,-0.791338583,-1.381889764
31,5,2,-0.767716535,-1.381889764
32,5,2,-0.744094488,-1.381889764
33,5,2,-0.720472441,-1.381889764
34,5,2,-0.696850394,-1.381889764
35,5,2,-0.673228346,-1.381889764
36,5,2,-0.649606299,-1.381889764
37,5,2,-0.625984252,-1.381889764
38,5,2,-0.602362205,-1.381889764
39,5,2,-0.578740157,-1.381889764
40,5,2,-0.555118110,-1.381889764
41,5,2,-0.531496063,-1.381889764
42,5,2,-0.507874016,-1.381889764
43,5,2,-0.484251969,-1.381889764
44,5,2,-0.460629921,-1.381889764
45,5,2,-0.437007874,-1.381889764
46,5,2,-0.413385827,-1.381889764
47,5,2,-0.389763780,-1.381889764
48,5,2,-0.366141732,-1.381889764
49,5,2,-0.342519685,-1.381889764
50,5,2,-0.318897638,-1.381889764
51,5,2,-0.295275591,-1.381889764
52,5,2,-0.271653543,-1.381889764
53,5,2,-0.248031496,-1.381889764
54,5,2,-0.224409449,-1.381889764
55,5,2,-0.200787402,-1.381889764
56,5,2,-0.177165354,-1.381889764
57,5,2,-0.153543307,-1.381889764
58,5,2,-0.129921260,-1.381889764
59,5,2,-0.106299213,-1.381889764
60,5,3,-0.082677165,-1.381889764
61,5,3,-0.059055118,-1.381889764
62,5,3,-0.035433071,-1.381889764
63,5,3,-0.011811024,-1.381889764
64,5,3,0.011811024,-1.381889764
65,5,3,0.035433071,-1.381889764
66,5,3,0.059055118,-1.381889764
67,5,3,0.082677165,-1.381889764
68,5,3,0.106299213,-1.381889764
69,5,3,0.129921260,-1.381889764
70,5,3,0.153543307,-1.381889764
71,5,3,0.177165354,-1.381889764
72,5,3,0.200787402,-1.381889764
73,5,2,0.224409449,-1.381889764
74,5,2,0.248031496,-1.381889764
75,5,2,0.271653543,-1.381889764
76,5,2,0.295275591,-1.381889764
77,5,2,0.318897638,-1.381889764
78,5,2,0.342519685,-1.381889764
79,5,2,0.366141732,-1.381889764
80,5,2,0.389763780,-1.381889764
81,5,2,0.413385827,-1.381889764
82,5,2,0.437007874,-1.381889764
83,5,2,0.460629921,-1.381889764
84,5,2,0.484251969,-1.381889764
85,5,2,0.507874016,-1.381889764
86,5,2,0.531496063,-1.381889764
87,5,2,0.555118110,-1.381889764
88,5,2,0.578740157,-1.381889764
89,5,2,0.602362205,-1.381889764
90,5,2,0.625984252,-1.381889764
91,5,2,0.649606299,-1.381889764
92,5,2,0.673228346,-1.381889764
93,5,2,0.696850394,-1.381889764
94,5,2,0.720472441,-1.381889764
95,5,2,0.744094488,-1.381889764
96,5,2,0.767716535,-1.381889764
97,5,2,0.791338583,-1.381889764
98,5,2,0.814960630,-1.381889764
99,5,2,0.838582677,-1.381889764
100,5,2,0.862204724,-1.381889764
101,5,2,0.885826772,-1.381889764
102,5,2,0.909448819,-1.381889764
103,5,2,0.933070866,-1.381889764
104,5,2,0.956692913,-1.381889764
105,5,2,0.980314961,-1.381889764
106,5,2,1.003937008,-1.381889764
107,5,2,1.027559055,-1.381889764
108,5,2,1.051181102,-1.381889764
109,5,2,1.074803150,-1.381889764
110,5,2,1.098425197,-1.381889764
111,5,2,1.122047244,-1.381889764
112,5,2,1.145669291,-1.381889764
113,5,2,1.169291339,-1.381889764
114,5,2,1.192913386,-1.381889764
115,5,2,1.216535433,-1.381889764
116,5,2,1.240157480,-1.381889764
117,5,2,1.263779528,-1.381889764
118,5,2,1.287401575,-1.381889764
119,5,2,1.311023622,-1.381889764
120,5,2,1.334645669,-1.381889764
121,5,2,1.358267717,-1.381889764
122,5,2,1.381889764,-1.381889764
123,5,2,1.405511811,-1.381889764
124,5,2,1.429133858,-1.381889764
125,5,2,1.452755906,-1.381889764
126,5,2,1.476377953,-1.381889764
127,5,2,1.500000000,-1.381889764
0,6,2,-1.500000000,-1.358267717
1,6,2,-1.476377953,-1.358267717
2,6,2,-1.452755906,-1.358267717
3,6,2,-1.429133858,-1.358267717
4,6,2,-1.405511811,-1.358267717
5,6,2,-1.381889764,-1.358267717
6,6,2,-1.358267717,-1.358267717
7,6,2,-1.334645669,-1.358267717
8,6,2,-1.311023622,-1.358267717
9,6,2,-1.287401575,-1.358267717
10,6,2,-1.263779528,-1.358267717
11,6,2,-1.240157480,-1.358267717
12,6,3,-1.216535433,-1.358267717
13,6,3,-1.192913386,-1.358267717
14,6,3,-1.169291339,-1.358267717
15,6,3,-1.145669291,-1.358267717
16,6,3,-1.122047244,-1.358267717
17,6,3,-1.098425197,-1.358267717
18,6,3,-1.074803150,-1.358267717
19,6,3,-1.051181102,-1.358267717
20,6,3,-1.027559055,-1.358267717
21,6,3,-1.003937008,-1.358267717
22,6,3,-0.980314961,-1.358267717
23,6,3,-0.956692913,-1.358267717
24,6,3,-0.933070866,-1.358267717
25,6,3,-0.909448819,-1.358267717
26,6,3,-0.885826772,-1.358267717
27,6,3,-0.862204724,-1.358267717
28,6,3,-0.838582677,-1.358267717
29,6,3,-0.814960630,-1.358267717
30,6,2,-0.791338583,-1.358267717
31,6,2,-0.767716535,-1.358267717
32,6,2,-0.744094488,-1.358267717
33,6,2,-0.720472441,-1.358267717
34,6,2,-0.696850394,-1.358267717
35,6,2,-0.673228346,-1.358267717
36,6,2,-0.649606299,-1.358267717
37,6,2,-0.625984252,-1.358267717
38,6,2,-0.602362205,-1.358267717
39,6,2,-0.578740157,-1.358267717
40,6,2,-0.555118110,-1.358267717
41,6,2,-0.531496063,-1.358267717
42,6,2,-0.507874016,-1.358267717
43,6,2,-0.484251969,-1.358267717
44,6,2,-0.460629921,-1.358267717
45,6,2,-0.437007874,-1.358267717
46,6,2,-0.413385827,-1.358267717
47,6,2,-0.389763780,-1.358267717
48,6,2,-0.366141732,-1.358267717
49,6,2,-0.342519685,-1.358267717
50,6,2,-0.318897638,-1.358267717
51,6,2,-0.295275591,-1.358267717
52,6,2,-0.271653543,-1.358267717
53,6,2,-0.248031496,-1.358267717
54,6,2,-0.224409449,-1.358267717
55,6,2,-0.200787402,-1.358267717
56,6,3,-0.177165354,-1.358267717
57,6,3,-0.153543307,-1.358267717
58,6,3,-0.129921260,-1.358267717
59,6,3,-0.106299213,-1.358267717
60,6,3,-0.082677165,-1.358267717
61,6,3,-0.059055118,-1.358267717
62,6,3,-0.035433071,-1.358267717
63,6,3,-0.011811024,-1.358267717
64,6,3,0.011811024,-1.358267717
65,6,3,0.035433071,-1.358267717
66,6,3,0.059055118,-1.358267717
67,6,3,0.082677165,-1.358267717
68,6,3,0.106299213,-1.358267717
69,6,3,0.129921260,-1.358267717
70,6,3,0.153543307,-1.358267717
71,6,3,0.177165354,-1.358267717
72,6,3,0.200787402,-1.358267717
73,6,3,0.224409449,-1.358267717
74,6,2,0.248031496,-1.358267717
75,6,2,0.271653543,-1.358267717
76,6,2,0.295275591,-1.358267717
77,6,2,0.318897638,-1.358267717
78,6,2,0.342519685,-1.358267717
79,6,2,0.366141732,-1.358267717
80,6,2,0.389763780,-1.358267717
81,6,2,0.413385827,-1.358267717
82,6,2,0.437007874,-1.358267717
83,6,2,0.460629921,-1.358267717
84,6,2,0.484251969,-1.358267717
85,6,2,0.507874016,-1.358267717
86,6,2,0.531496063,-1.358267717
87,6,2,0.555118110,-1.358267717
88,6,2,0.578740157,-1.358267717
89,6,2,0.602362205,-1.358267717
90,6,2,0.625984252,-1.358267717
91,6,2,0.649606299,-1.358267717
92,6,2,0.673228346,-1.358267717
93,6,2,0.696850394,-1.358267717
94,6,2,0.720472441,-1.358267717
95,6,2,0.744094488,-1.358267717
96,6,2,0.767716535,-1.358267717
97,6,2,0.791338583,-1.358267717
98,6,2,0.814960630,-1.358267717
99,6,2,0.838582677,-1.358267717
100,6,2,0.862204724,-1.358267717
101,6,2,0.885826772,-1.358267717
102,6,2,0.909448819,-1.358267717
103,6,2,0.933070866,-1.358267717
104,6,2,0.956692913,-1.358267717
105,6,2,0.980314961,-1.358267717
106,6,2,1.003937008,-1.358267717
107,6,2,1.027559055,-1.358267717
108,6,2,1.051181102,-1.358267717
109,6,2,1.074803150,-1.358267717
110,6,2,1.098425197,-1.358267717
111,6,2,1.122047244,-1.358267717
112,6,2,1.145669291,-1.358267717
113,6,2,1.169291339,-1.358267717
114,6,2,1.192913386,-1.358267717
115,6,2,1.216535433,-1.358267717
116,6,2,1.240157480,-1.358267717
117,6,2,1.263779528,-1.358267717
118,6,2,1.287401575,-1.358267717
119,6,2,1.311023622,-1.358267717
120,6,2,1.334645669,-1.358267717
121,6,2,1.358267717,-1.358267717
122,6,2,1.381889764,-1.358267717
123,6,2,1.405511811,-1.358267717
124,6,2,1.429133858,-1.358267717
125,6,2,1.452755906,-1.358267717
126,6,2,1.476377953,-1.358267717
127,6,2,1.500000000,-1.358267717
0,7,2,-1.500000000,-1.334645669
1,7,2,-1.476377953,-1.334645669
2,7,2,-1.452755906,-1.334645669
3,7,2,-1.429133858,-1.334645669
4,7,2,-1.405511811,-1.334645669
5,7,2,-1.381889764,-1.334645669
6,7,2,-1.358267717,-1.334645669
7,7,2,-1.334645669,-1.334645669
8,7,2,-1.311023622,-1.334645669
9,7,2,-1.287401575,-1.334645669
10,7,2,-1.263779528,-1.334645669
11,7,3,-1.240157480,-1.334645669
12,7,3,-1.216535433,-1.334645669
13,7,3,-1.192913386,-1.334645669
14,7,3,-1.169291339,-1.334645669
15,7,3,-1.145669291,-1.334645669
16,7,3,-1.122047244,-1.334645669
17,7,3,-1.098425197,-1.334645669
18,7,3,-1.074803150,-1.334645669
19,7,3,-1.051181102,-1.334645669
20,7,3,-1.027559055,-1.334645669
21,7,3,-1.003937008,-1.334645669
22,7,3,-0.980314961,-1.334645669
23,7,3,-0.956692913,-1.334645669
24,7,3,-0.933070866,-1.334645669
25,7,3,-0.909448819,-1.334645669
26,7,3,-0.885826772,-1.334645669
27,7,3,-0.862204724,-1.334645669
28,7,3,-0.838582677,-1.334645669
29,7,3,-0.814960630,-1.334645669
30,7,3,-0.791338583,-1.334645669
31,7,3,-0.767716535,-1.334645669
32,7,3,-0.744094488,-1.334645669
33,7,3,-0.720472441,-1.334645669
34,7,3,-0.696850394,-1.334645669
35,7,2,-0.673228346,-1.334645669
36,7,2,-0.649606299,-1.334645669
37,7,2,-0.625984252,-1.334645669
38,7,2,-0.602362205,-1.334645669
39,7,2,-0.578740157,-1.334645669
40,7,2,-0.555118110,-1.334645669
41,7,2,-0.531496063,-1.334645669
42,7,2,-0.507874016,-1.334645669
43,7,2,-0.484251969,-1.334645669
44,7,2,-0.460629921,-1.334645669
45,7,2,-0.437007874,-1.334645669
46,7,2,-0.413385827,-1.334645669
47,7,2,-0.389763780,-1.334645669
48,7,2,-0.366141732,-1.334645669
49,7,2,-0.342519685,-1.334645669
50,7,3,-0.318897638,-1.334645669
51,7,3,-0.295275591,-1.334645669
52,7,3,-0.271653543,-1.334645669
53,7,3,-0.248031496,-1.334645669
54,7,3,-0.224409449,-1.334645669
55,7,3,-0.200787402,-1.334645669
56,7,3,-0.177165354,-1.334645669
57,7,3,-0.153543307,-1.334645669
58,7,3,-0.129921260,-1.334645669
59,7,3,-0.106299213,-1.334645669
60,7,3,-0.082677165,-1.334645669
61,7,3,-0.059055118,-1.334645669
62,7,3,-0.035433071,-1.334645669
63,7,3,-0.011811024,-1.334645669
64,7,3,0.011811024,-1.334645669
65,7,3,0.035433071,-1.334645669
66,7,3,0.059055118,-1.334645669
67,7,3,0.082677165,-1.334645669
68,7,3,0.106299213,-1.334645669
69,7,3,0.129921260,-1.334645669
70,7,3,0.153543307,-1.334645669
71,7,3,0.177165354,-1.334645669
72,7,3,0.200787402,-1.334645669
73,7,3,0.224409449,-1.334645669
74,7,3,0.248031496,-1.334645669
75,7,2,0.271653543,-1.334645669
76,7,2,0.295275591,-1.334645669
77,7,2,0.318897638,-1.334645669
78,7,2,0.342519685,-1.334645669
79,7,2,0.366141732,-1.334645669
80,7,2,0.389763780,-1.334645669
81,7,2,0.413385827,-1.334645669
82,7,2,0.437007874,-1.334645669
83,7,2,0.460629921,-1.334645669
84,7,2,0.484251969,-1.334645669
85,7,2,0.507874016,-1.334645669
86,7,2,0.531496063,-1.334645669
87,7,2,0.555118110,-1.334645669
88,7,2,0.578740157,-1.334645669
89,7,2,0.602362205,-1.334645669
90,7,2,0.625984252,-1.334645669
91,7,2,0.649606299,-1.334645669
92,7,2,0.673228346,-1.334645669
93,7,2,0.696850394,-1.334645669
94,7,2,0.720472441,-1.334645669
95,7,2,0.744094488,-1.334645669
96,7,2,0.767716535,-1.334645669
97,7,2,0.791338583,-1.334645669
98,7,2,0.814960630,-1.334645669
99,7,2,0.838582677,-1.334645669
100,7,2,0.862204724,-1.334645669
101,7,2,0.885826772,-1.334645669
102,7,2,0.909448819,-1.334645669
103,7,2,0.933070866,-1.334645669
104,7,2,0.956692913,-1.334645669
105,7,2,0.980314961,-1.334645669
106,7,2,1.003937008,-1.334645669
107,7,2,1.027559055,-1.334645669
108,7,2,1.051181102,-1.334645669
109,7,2,1.074803150,-1.334645669
110,7,2,1.098425197,-1.334645669
111,7,2,1.122047244,-1.334645669
112,7,2,1.145669291,-1.334645669
113,7,2,1.169291339,-1.334645669
114,7,2,1.192913386,-1.334645669
115,7,2,1.216535433,-1.334645669
116,7,2,1.240157480,-1.334645669
117,7,2,1.263779528,-1.334645669
118,7,2,1.287401575,-1.334645669
119,7,2,1.311023622,-1.334645669
120,7,2,1.334645669,-1.334645669
121,7,2,1.358267717,-1.334645669
122,7,2,1.381889764,-1.334645669
123,7,2,1.405511811,-1.334645669
124,7,2,1.429133858,-1.334645669
125,7,2,1.452755906,-1.334645669
126,7,2,1.476377953,-1.334645669
127,7,2,1.500000000,-1.334645669
0,8,2,-1.500000000,-1.311023622
1,8,2,-1.476377953,-1.311023622
2,8,2,-1.452755906,-1.311023622
3,8,2,-1.429133858,-1.311023622
4,8,2,-1.405511811,-1.311023622
5,8,2,-1.381889764,-1.311023622
6,8,2,-1.358267717,-1.311023622
7,8,2,-1.334645669,-1.311023622
8,8,2,-1.311023622,-1.311023622
9,8,2,-1.287401575,-1.311023622
10,8,2,-1.263779528,-1.311023622
11,8,3,-1.240157480,-1.311023622
12,8,3,-1.216535433,-1.311023622
13,8,3,-1.192913386,-1.311023622
14,8,3,-1.169291339,-1.311023622
15,8,3,-1.145669291,-1.311023622
16,8,3,-1.122047244,-1.311023622
17,8,3,-1.098425197,-1.311023622
18,8,3,-1.074803150,-1.311023622
19,8,3,-1.051181102,-1.311023622
20,8,3,-1.027559055,-1.311023622
21,8,3,-1.003937008,-1.311023622
22,8,3,-0.980314961,-1.311023622
23,8,3,-0.956692913,-1.311023622
24,8,3,-0.933070866,-1.311023622
25,8,3,-0.909448819,-1.311023622
26,8,3,-0.885826772,-1.311023622
27,8,3,-0.862204724,-1.311023622
28,8,3,-0.838582677,-1.311023622
29,8,3,-0.814960630,-1.311023622
30,8,3,-0.791338583,-1.311023622
31,8,3,-0.767716535,-1.311023622
32,8,3,-0.744094488,-1.311023622
33,8,3,-0.720472441,-1.311023622
34,8,3,-0.696850394,-1.311023622
35,8,3,-0.673228346,-1.311023622
36,8,3,-0.649606299,-1.311023622
37,8,3,-0.625984252,-1.311023622
38,8,3,-0.602362205,-1.311023622
39,8,3,-0.578740157,-1.311023622
40,8,3,-0.555118110,-1.311023622
41,8,3,-0.531496063,-1.311023622
42,8,3,-0.507874016,-1.311023622
43,8,3,-0.484251969,-1.311023622
44,8,3,-0.460629921,-1.311023622
45,8,3,-0.437007874,-1.311023622
46,8,3,-0.413385827,-1.311023622
47,8,3,-0.389763780,-1.311023622
48,8,3,-0.366141732,-1.311023622
49,8,3,-0.342519685,-1.311023622
50,8,3,-0.318897638,-1.311023622
51,8,3,-0.295275591,-1.311023622
52,8,3,-0.271653543,-1.311023622
53,8,3,-0.248031496,-1.311023622
54,8,3,-0.224409449,-1.311023622
55,8,3,-0.200787402,-1.311023622
56,8,3,-0.177165354,-1.311023622
57,8,3,-0.153543307,-1.311023622
58,8,3,-0.129921260,-1.311023622
59,8,3,-0.106299213,-1.311023622
60,8,3,-0.082677165,-1.311023622
61,8,3,-0.059055118,-1.311023622
62,8,3,-0.035433071,-1.311023622
63,8,3,-0.011811024,-1.311023622
64,8,3,0.011811024,-1.311023622
65,8,3,0.035433071,-1.311023622
66,8,3,0.059055118,-1.311023622
67,8,3,0.082677165,-1.311023622
68,8,3,0.106299213,-1.311023622
69,8,3,0.129921260,-1.311023622
70,8,3,0.153543307,-1.311023622
71,8,3,0.177165354,-1.311023622
72,8,3,0.200787402,-1.311023622
73,8,3,0.224409449,-1.311023622
74,8,3,0.248031496,-1.311023622
75,8,2,0.271653543,-1.311023622
76,8,2,0.295275591,-1.311023622
77,8,2,0.318897638,-1.311023622
78,8,2,0.342519685,-1.311023622
79,8,2,0.366141732,-1.311023622
80,8,2,0.389763780,-1.311023622
81,8,2,0.413385827,-1.311023622
82,8,2,0.437007874,-1.311023622
83,8,2,0.460629921,-1.311023622
84,8,2,0.484251969,-1.311023622
85,8,2,0.507874016,-1.311023622
86,8,2,0.531496063,-1.311023622
87,8,2,0.555118110,-1.311023622
88,8,2,0.578740157,-1.311023622
89,8,2,0.602362205,-1.311023622
90,8,2,0.625984252,-1.311023622
91,8,2,0.649606299,-1.311023622
92,8,2,0.673228346,-1.311023622
93,8,2,0.696850394,-1.311023622
94,8,2,0.720472441,-1.311023622
95,8,2,0.744094488,-1.311023622
96,8,2,0.767716535,-1.311023622
97,8,2,0.791338583,-1.311023622
98,8,2,0.814960630,-1.311023622
99,8,2,0.838582677,-1.311023622
100,8,2,0.862204724,-1.311023622
101,8,2,0.885826772,-1.311023622
102,8,2,0.909448819,-1.311023622
103,8,2,0.933070866,-1.311023622
104,8,2,0.956692913,-1.311023622
105,8,2,0.980314961,-1.311023622
106,8,2,1.003937008,-1.311023622
107,8,2,1.027559055,-1.311023622
108,8,2,1.051181102,-1.311023622
109,8,2,1.074803150,-1.311023622
110,8,2,1.098425197,-1.311023622
111,8,2,1.122047244,-1.311023622
112,8,2,1.145669291,-1.311023622
113,8,2,1.169291339,-1.311023622
114,8,2,1.192913386,-1.311023622
115,8,2,1.216535433,-1.311023622
116,8,2,1.240157480,-1.311023622
117,8,2,1.263779528,-1.311023622
118,8,2,1.287401575,-1.311023622
119,8,2,1.311023622,-1.311023622
120,8,2,1.334645669,-1.311023622
121,8,2,1.358267717,-1.311023622
122,8,2,1.381889764,-1.311023622
123,8,2,1.405511811,-1.311023622
124,8,2,1.429133858,-1.311023622
125,8,2,1.452755906,-1.311023622
126,8,2,1.476377953,-1.311023622
127,8,2,1.500000000,-1.311023622
0,9,2,-1.500000000,-1.287401575
1,9,2,-1.476377953,-1.287401575
2,9,2,-1.452755906,-1.287401575
3,9,2,-1.429133858,-1.287401575
4,9,2,-1.405511811,-1.287401575
5,9,2,-1.381889764,-1.287401575
6,9,2,-1.358267717,-1.287401575
7,9,2,-1.334645669,-1.287401575
8,9,2,-1.311023622,-1.287401575
9,9,2,-1.287401575,-1.287401575
10,9,3,-1.263779528,-1.287401575
11,9,3,-1.240157480,-1.287401575
12,9,3,-1.216535433,-1.287401575
13,9,3,-1.192913386,-1.287401575
14,9,3,-1.169291339,-1.287401575
15,9,3,-1.145669291,-1.287401575
16,9,3,-1.122047244,-1.287401575
17,9,3,-1.098425197,-1.287401575
18,9,3,-1.074803150,-1.287401575
19,9,3,-1.051181102,-1.287401575
20,9,3,-1.027559055,-1.287401575
21,9,3,-1.003937008,-1.287401575
22,9,3,-0.980314961,-1.287401575
23,9,3,-0.956692913,-1.287401575
24,9,3,-0.933070866,-1.287401575
25,9,3,-0.909448819,-1.287401575
26,9,3,-0.885826772,-1.287401575
27,9,3,-0.862204724,-1.287401575
28,9,3,-0.838582677,-1.287401575
29,9,3,-0.814960630,-1.287401575
30,9,3,-0.791338583,-1.287401575
31,9,3,-0.767716535,-1.287401575
32,9,3,-0.744094488,-1.287401575
33,9,3,-0.720472441,-1.287401575
34,9,3,-0.696850394,-1.287401575
35,9,3,-0.673228346,-1.287401575
36,9,3,-0.649606299,-1.287401575
37,9,3,-0.625984252,-1.287401575
38,9,3,-0.602362205,-1.287401575
39,9,3,-0.578740157,-1.287401575
40,9,3,-0.555118110,-1.287401575
41,9,3,-0.531496063,-1.287401575
42,9,3,-0.507874016,-1.287401575
43,9,3,-0.484251969,-1.287401575
44,9,3,-0.460629921,-1.287401575
45,9,3,-0.437007874,-1.287401575
46,9,3,-0.413385827,-1.287401575
47,9,3,-0.389763780,-1.287401575
48,9,3,-0.366141732,-1.287401575
49,9,3,-0.342519685,-1.287401575
50,9,3,-0.318897638,-1.287401575
51,9,3,-0.295275591,-1.287401575
52,9,3,-0.271653543,-1.287401575
53,9,3,-0.248031496,-1.287401575
54,9,3,-0.224409449,-1.287401575
55,9,3,-0.200787402,-1.287401575
56,9,3,-0.177165354,-1.287401575
57,9,3,-0.153543307,-1.287401575
58,9,3,-0.129921260,-1.287401575
59,9,3,-0.106299213,-1.287401575
60,9,3,-0.082677165,-1.287401575
61,9,3,-0.059055118,-1.287401575
62,9,3,-0.035433071,-1.287401575
63,9,3,-0.011811024,-1.287401575
64,9,3,0.011811024,-1.287401575
65,9,3,0.035433071,-1.287401575
66,9,3,0.059055118,-1.287401575
67,9,3,0.082677165,-1.287401575
68,9,3,0.106299213,-1.287401575
69,9,3,0.129921260,-1.287401575
70,9,3,0.153543307,-1.287401575
71,9,3,0.177165354,-1.287401575
72,9,3,0.200787402,-1.287401575
73,9,3,0.224409449,-1.287401575
74,9,3,0.248031496,-1.287401575
75,9,3,0.271653543,-1.287401575
76,9,2,0.295275591,-1.287401575
77,9,2,0.318897638,-1.287401575
78,9,2,0.342519685,-1.287401575
79,9,2,0.366141732,-1.287401575
80,9,2,0.389763780,-1.287401575
81,9,2,0.413385827,-1.287401575
82,9,2,0.437007874,-1.287401575
83,9,2,0.460629921,-1.287401575
84,9,2,0.484251969,-1.287401575
85,9,2,0.507874016,-1.287401575
86,9,2,0.531496063,-1.287401575
87,9,2,0.555118110,-1.287401575
88,9,2,0.578740157,-1.287401575
89,9,2,0.602362205,-1.287401575
90,9,2,0.625984252,-1.287401575
91,9,2,0.649606299,-1.287401575
92,9,2,0.673228346,-1.287401575
93,9,2,0.696850394,-1.287401575
94,9,2,0.720472441,-1.287401575
95,9,2,0.744094488,-1.287401575
96,9,2,0.767716535,-1.287401575
97,9,2,0.791338583,-1.287401575
98,9,2,0.814960630,-1.287401575
99,9,2,0.838582677,-1.287401575
100,9,2,0.862204724,-1.287401575
101,9,2,0.885826772,-1.287401575
102,9,2,0.909448819,-1.287401575
103,9,2,0.933070866,-1.287401575
104,9,2,0.956692913,-1.287401575
105,9,2,0.980314961,-1.287401575
106,9,2,1.003937008,-1.287401575
107,9,2,1.027559055,-1.287401575
108,9,2,1.051181102,-1.287401575
109,9,2,1.074803150,-1.287401575
110,9,2,1.098425197,-1.287401575
111,9,2,1.122047244,-1.287401575
112,9,2,1.145669291,-1.287401575
113,9,2,1.169291339,-1.287401575
114,9,2,1.192913386,-1.287401575
115,9,2,1.216535433,-1.287401575
116,9,2,1.240157480,-1.287401575
117,9,2,1.263779528,-1.287401575
118,9,2,1.287401575,-1.287401575
119,9,2,1.311023622,-1.287401575
120,9,2,1.334645669,-1.287401575
121,9,2,1.358267717,-1.287401575
122,9,2,1.381889764,-1.287401575
123,9,2,1.405511811,-1.287401575
124,9,2,1.429133858,-1.287401575
125,9,2,1.452755906,-1.287401575
126,9,2,1.476377953,-1.287401575
127,9,2,1.500000000,-1.287401575
0,10,2,-1.500000000,-1.263779528
1,10,2,-1.476377953,-1.263779528
2,10,2,-1.452755906,-1.263779528
3,10,2,-1.429133858,-1.263779528
4,10,2,-1.405511811,-1.263779528
5,10,2,-1.381889764,-1.263779528
6,10,2,-1.358267717,-1.263779528
7,10,2,-1.334645669,-1.263779528
8,10,2,-1.311023622,-1.263779528
9,10,3,-1.287401575,-1.263779528
10,10,3,-1.263779528,-1.263779528
11,10,3,-1.240157480,-1.263779528
12,10,3,-1.216535433,-1.263779528
13,10,3,-1.192913386,-1.263779528
14,10,3,-1.169291339,-1.263779528
15,10,3,-1.145669291,-1.263779528
16,10,3,-1.122047244,-1.263779528
17,10,3,-1.098425197,-1.263779528
18,10,3,-1.074803150,-1.263779528
19,10,3,-1.051181102,-1.263779528
20,10,3,-1.027559055,-1.263779528
21,10,3,-1.003937008,-1.263779528
22,10,3,-0.980314961,-1.263779528
23,10,3,-0.956692913,-1.263779528
24,10,3,-0.933070866,-1.263779528
25,10,3,-0.909448819,-1.263779528
26,10,3,-0.885826772,-1.263779528
27,10,3,-0.862204724,-1.263779528
28,10,3,-0.838582677,-1.263779528
29,10,3,-0.814960630,-1.263779528
30,10,3,-0.791338583,-1.263779528
31,10,3,-0.767716535,-1.263779528
32,10,3,-0.744094488,-1.263779528
33,10,3,-0.720472441,-1.263779528
34,10,3,-0.696850394,-1.263779528
35,10,3,-0.673228346,-1.263779528
36,10,3,-0.649606299,-1.263779528
37,10,3,-0.625984252,-1.263779528
38,10,3,-0.602362205,-1.263779528
39,10,3,-0.578740157,-1.263779528
40,10,3,-0.555118110,-1.263779528
41,10,3,-0.531496063,-1.263779528
42,10,3,-0.507874016,-1.263779528
43,10,3,-0.484251969,-1.263779528
44,10,3,-0.460629921,-1.263779528
45,10,3,-0.437007874,-1.263779528
46,10,3,-0.413385827,-1.263779528
47,10,3,-0.389763780,-1.263779528
48,10,3,-0.366141732,-1.263779528
49,10,3,-0.342519685,-1.263779528
50,10,3,-0.318897638,-1.263779528
51,10,3,-0.295275591,-1.263779528
52,10,3,-0.271653543,-1.263779528
53,10,3,-0.248031496,-1.263779528
54,10,3,-0.224409449,-1.263779528
55,10,3,-0.200787402,-1.263779528
56,10,3,-0.177165354,-1.263779528
57,10,3,-0.153543307,-1.263779528
58,10,4,-0.129921260,-1.263779528
59,10,3,-0.106299213,-1.263779528
60,10,3,-0.082677165,-1.263779528
61,10,3,-0.059055118,-1.263779528
62,10,3,-0.035433071,-1.263779528
63,10,3,-0.011811024,-1.263779528
64,10,3,0.011811024,-1.263779528
65,10,3,0.035433071,-1.263779528
66,10,3,0.059055118,-1.263779528
67,10,3,0.082677165,-1.263779528
68,10,3,0.106299213,-1.263779528
69,10,3,0.129921260,-1.263779528
70,10,3,0.153543307,-1.263779528
71,10,3,0.177165354,-1.263779528
72,10,3,0.200787402,-1.263779528
73,10,3,0.224409449,-1.263779528
74,10,3,0.248031496,-1.263779528
75,10,3,0.271653543,-1.263779528
76,10,2,0.295275591,-1.263779528
77,10,2,0.318897638,-1.263779528
78,10,2,0.342519685,-1.263779528
79,10,2,0.366141732,-1.263779528
80,10,2,0.389763780,-1.263779528
81,10,2,0.413385827,-1.263779528
82,10,2,0.437007874,-1.263779528
83,10,2,0.460629921,-1.263779528
84,10,2,0.484251969,-1.263779528
85,10,2,0.507874016,-1.263779528
86,10,2,0.531496063,-1.263779528
87,10,2,0.555118110,-1.263779528
88,10,2,0.578740157,-1.263779528
89,10,2,0.602362205,-1.263779528
90,10,2,0.625984252,-1.263779528
91,10,2,0.649606299,-1.263779528
92,10,2,0.673228346,-1.263779528
93,10,2,0.696850394,-1.263779528
94,10,2,0.720472441,-1.263779528
95,10,2,0.744094488,-1.263779528
96,10,2,0.767716535,-1.263779528
97,10,2,0.791338583,-1.263779528
98,10,2,0.814960630,-1.263779528
99,10,2,0.838582677,-1.263779528
100,10,2,0.862204724,-1.263779528
101,10,2,0.885826772,-1.263779528
102,10,2,0.909448819,-1.263779528
103,10,2,0.933070866,-1.263779528
104,10,2,0.956692913,-1.263779528
105,10,2,0.980314961,-1.263779528
106,10,2,1.003937008,-1.263779528
107,10,2,1.027559055,-1.263779528
108,10,2,1.051181102,-1.263779528
109,10,2,1.074803150,-1.263779528
110,10,2,1.098425197,-1.263779528
111,10,2,1.122047244,-1.263779528
112,10,2,1.145669291,-1.263779528
113,10,2,1.169291339,-1.263779528
114,10,2,1.192913386,-1.263779528
115,10,2,1.216535433,-1.263779528
116,10,2,1.240157480,-1.263779528
117,10,2,1.263779528,-1.263779528
118,10,2,1.287401575,-1.263779528
119,10,2,1.311023622,-1.263779528
120,10,2,1.334645669,-1.263779528
121,10,2,1.358267717,-1.263779528
122,10,2,1.381889764,-1.263779528
123,10,2,1.405511811,-1.263779528
124,10,2,1.429133858,-1.263779528
125,10,2,1.452755906,-1.263779528
126,10,2,1.476377953,-1.263779528
127,10,2,1.500000000,-1.263779528
0,11,2,-1.500000000,-1.240157480
1,11,2,-1.476377953,-1.240157480
2,11,2,-1.452755906,-1.240157480
3,11,2,-1.429133858,-1.240157480
4,11,2,-1.405511811,-1.240157480
5,11,2,-1.381889764,-1.240157480
6,11,2,-1.358267717,-1.240157480
7,11,2,-1.334645669,-1.240157480
8,11,2,-1.311023622,-1.240157480
9,11,3,-1.287401575,-1.240157480
10,11,3,-1.263779528,-1.240157480
11,11,3,-1.240157480,-1.240157480
12,11,3,-1.216535433,-1.240157480
13,11,3,-1.192913386,-1.240157480
14,11,3,-1.169291339,-1.240157480
15,11,3,-1.145669291,-1.240157480
16,11,3,-1.122047244,-1.240157480
17,11,3,-1.098425197,-1.240157480
18,11,3,-1.074803150,-1.240157480
19,11,3,-1.051181102,-1.240157480
20,11,3,-1.027559055,-1.240157480
21,11,3,-1.003937008,-1.240157480
22,11,3,-0.980314961,-1.240157480
23,11,3,-0.956692913,-1.240157480
24,11,3,-0.933070866,-1.240157480
25,11,3,-0.909448819,-1.240157480
26,11,3,-0.885826772,-1.240157480
27,11,3,-0.862204724,-1.240157480
28,11,3,-0.838582677,-1.240157480
29,11,3,-0.814960630,-1.240157480
30,11,3,-0.791338583,-1.240157480
31,11,3,-0.767716535,-1.240157480
32,11,3,-0.744094488,-1.240157480
33,11,3,-0.720472441,-1.240157480
34,11,3,-0.696850394,-1.240157480
35,11,3,-0.673228346,-1.240157480
36,11,3,-0.649606299,-1.240157480
37,11,3,-0.625984252,-1.240157480
38,11,3,-0.602362205,-1.240157480
39,11,3,-0.578740157,-1.240157480
40,11,3,-0.555118110,-1.240157480
41,11,3,-0.531496063,-1.240157480
42,11,3,-0.507874016,-1.240157480
43,11,3,-0.484251969,-1.240157480
44,11,3,-0.460629921,-1.240157480
45,11,3,-0.437007874,-1.240157480
46,11,3,-0.413385827,-1.240157480
47,11,3,-0.389763780,-1.240157480
48,11,3,-0.366141732,-1.240157480
49,11,3,-0.342519685,-1.240157480
50,11,3,-0.318897638,-1.240157480
51,11,3,-0.295275591,-1.240157480
52,11,3,-0.271653543,-1.240157480
53,11,3,-0.248031496,-1.240157480
54,11,3,-0.224409449,-1.240157480
55,11,3,-0.200787402,-1.240157480
56,11,3,-0.177165354,-1.240157480
57,11,4,-0.153543307,-1.240157480
58,11,4,-0.129921260,-1.240157480
59,11,4,-0.106299213,-1.240157480
60,11,3,-0.082677165,-1.240157480
61,11,3,-0.059055118,-1.240157480
62,11,3,-0.035433071,-1.240157480
63,11,3,-0.011811024,-1.240157480
64,11,3,0.011811024,-1.240157480
65,11,3,0.035433071,-1.240157480
66,11,3,0.059055118,-1.240157480
67,11,3,0.082677165,-1.240157480
68,11,3,0.106299213,-1.240157480
69,11,3,0.129921260,-1.240157480
70,11,3,0.153543307,-1.240157480
71,11,3,0.177165354,-1.240157480
72,11,3,0.200787402,-1.240157480
73,11,3,0.224409449,-1.240157480
74,11,3,0.248031496,-1.240157480
75,11,3,0.271653543,-1.240157480
76,11,3,0.295275591,-1.240157480
77,11,2,0.318897638,-1.240157480
78,11,2,0.342519685,-1.240157480
79,11,2,0.366141732,-1.240157480
80,11,2,0.389763780,-1.240157480
81,11,2,0.413385827,-1.240157480
82,11,2,0.437007874,-1.240157480
83,11,2,0.460629921,-1.240157480
84,11,2,0.484251969,-1.240157480
85,11,2,0.507874016,-1.240157480
86,11,2,0.531496063,-1.240157480
87,11,2,0.555118110,-1.240157480
88,11,2,0.578740157,-1.240157480
89,11,2,0.602362205,-1.240157480
90,11,2,0.625984252,-1.240157480
91,11,2,0.649606299,-1.240157480
92,11,2,0.673228346,-1.240157480
93,11,2,0.696850394,-1.240157480
94,11,2,0.720472441,-1.240157480
95,11,2,0.744094488,-1.240157480
96,11,2,0.767716535,-1.240157480
97,11,2,0.791338583,-1.240157480
98,11,2,0.814960630,-1.240157480
99,11,2,0.838582677,-1.240157480
100,11,2,0.862204724,-1.240157480
101,11,2,0.885826772,-1.240157480
102,11,2,0.909448819,-1.240157480
103,11,2,0.933070866,-1.240157480
104,11,2,0.956692913,-1.240157480
105,11,2,0.980314961,-1.240157480
106,11,2,1.003937008,-1.240157480
107,11,2,1.027559055,-1.240157480
108,11,2,1.051181102,-1.240157480
109,11,2,1.074803150,-1.240157480
110,11,2,1.098425197,-1.240157480
111,11,2,1.122047244,-1.240157480
112,11,2,1.145669291,-1.240157480
113,11,2,1.169291339,-1.240157480
114,11,2,1.192913386,-1.240157480
115,11,2,1.216535433,-1.240157480
116,11,2,1.240157480,-1.240157480
117,11,2,1.263779528,-1.240157480
118,11,2,1.287401575,-1.240157480
119,11,2,1.311023622,-1.240157480
120,11,2,1.334645669,-1.240157480
121,11,2,1.358267717,-1.240157480
122,11,2,1.381889764,-1.240157480
123,11,2,1.405511811,-1.240157480
124,11,2,1.429133858,-1.240157480
125,11,2,1.452755906,-1.240157480
126,11,2,1.476377953,-1.240157480
127,11,2,1.500000000,-1.240157480
0,12,2,-1.500000000,-1.216535433
1,12,2,-1.476377953,-1.216535433
2,12,2,-1.452755906,-1.216535433
3,12,2,-1.429133858,-1.216535433
4,12,2,-1.405511811,-1.216535433
5,12,2,-1.381889764,-1.216535433
6,12,2,-1.358267717,-1.216535433
7,12,2,-1.334645669,-1.216535433
8,12,3,-1.311023622,-1.216535433
9,12,3,-1.287401575,-1.216535433
10,12,3,-1.263779528,-1.216535433
11,12,3,-1.240157480,-1.216535433
12,12,3,-1.216535433,-1.216535433
13,12,3,-1.192913386,-1.216535433
14,12,3,-1.169291339,-1.216535433
15,12,3,-1.145669291,-1.216535433
16,12,3,-1.122047244,-1.216535433
17,12,3,-1.098425197,-1.216535433
18,12,3,-1.074803150,-1.216535433
19,12,3,-1.051181102,-1.216535433
20,12,3,-1.027559055,-1.216535433
21,12,3,-1.003937008,-1.216535433
22,12,3,-0.980314961,-1.216535433
23,12,3,-0.956692913,-1.216535433
24,12,3,-0.933070866,-1.216535433
25,12,3,-0.909448819,-1.216535433
26,12,3,-0.885826772,-1.216535433
27,12,3,-0.862204724,-1.216535433
28,12,3,-0.838582677,-1.216535433
29,12,3,-0.814960630,-1.216535433
30,12,3,-0.791338583,-1.216535433
31,12,3,-0.767716535,-1.216535433
32,12,3,-0.744094488,-1.216535433
33,12,3,-0.720472441,-1.216535433
34,12,3,-0.696850394,-1.216535433
35,12,3,-0.673228346,-1.216535433
36,12,3,-0.649606299,-1.216535433
37,12,3,-0.625984252,-1.216535433
38,12,3,-0.602362205,-1.216535433
39,12,3,-0.578740157,-1.216535433
40,12,3,-0.555118110,-1.216535433
41,12,3,-0.531496063,-1.216535433
42,12,3,-0.507874016,-1.216535433
43,12,3,-0.484251969,-1.216535433
44,12,3,-0.460629921,-1.216535433
45,12,3,-0.437007874,-1.216535433
46,12,3,-0.413385827,-1.216535433
47,12,3,-0.389763780,-1.216535433
48,12,3,-0.366141732,-1.216535433
49,12,3,-0.342519685,-1.216535433
50,12,3,-0.318897638,-1.216535433
51,12,3,-0.295275591,-1.216535433
52,12,3,-0.271653543,-1.216535433
53,12,3,-0.248031496,-1.216535433
54,12,3,-0.224409449,-1.216535433
55,12,4,-0.200787402,-1.216535433
56,12,4,-0.177165354,-1.216535433
57,12,4,-0.153543307,-1.216535433
58,12,4,-0.129921260,-1.216535433
59,12,4,-0.106299213,-1.216535433
60,12,4,-0.082677165,-1.216535433
61,12,3,-0.059055118,-1.216535433
62,12,3,-0.035433071,-1.216535433
63,12,3,-0.011811024,-1.216535433
64,12,3,0.011811024,-1.216535433
65,12,3,0.035433071,-1.216535433
66,12,3,0.059055118,-1.216535433
67,12,3,0.082677165,-1.216535433
68,12,3,0.106299213,-1.216535433
69,12,3,0.129921260,-1.216535433
70,12,3,0.153543307,-1.216535433
71,12,3,0.177165354,-1.216535433
72,12,3,0.200787402,-1.216535433
73,12,3,0.224409449,-1.216535433
74,12,3,0.248031496,-1.216535433
75,12,3,0.271653543,-1.216535433
76,12,3,0.295275591,-1.216535433
77,12,3,0.318897638,-1.216535433
78,12,2,0.342519685,-1.216535433
79,12,2,0.366141732,-1.216535433
80,12,2,0.389763780,-1.216535433
81,12,2,0.413385827,-1.216535433
82,12,2,0.437007874,-1.216535433
83,12,2,0.460629921,-1.216535433
84,12,2,0.484251969,-1.216535433
85,12,2,0.507874016,-1.216535433
86,12,2,0.531496063,-1.216535433
87,12,2,0.555118110,-1.216535433
88,12,2,0.578740157,-1.216535433
89,12,2,0.602362205,-1.216535433
90,12,2,0.625984252,-1.216535433
91,12,2,0.649606299,-1.216535433
92,12,2,0.673228346,-1.216535433
93,12,2,0.696850394,-1.216535433
94,12,2,0.720472441,-1.216535433
95,12,2,0.744094488,-1.216535433
96,12,2,0.767716535,-1.216535433
97,12,2,0.791338583,-1.216535433
98,12,2,0.814960630,-1.216535433
99,12,2,0.838582677,-1.216535433
100,12,2,0.862204724,-1.216535433
101,12,2,0.885826772,-1.216535433
102,12,2,0.909448819,-1.216535433
103,12,2,0.933070866,-1.216535433
104,12,2,0.956692913,-1.216535433
105,12,2,0.980314961,-1.216535433
106,12,2,1.003937008,-1.216535433
107,12,2,1.027559055,-1.216535433
108,12,2,1.051181102,-1.216535433
109,12,2,1.074803150,-1.216535433
110,12,2,1.098425197,-1.216535433
111,12,2,1.122047244,-1.216535433
112,12,2,1.145669291,-1.216535433
113,12,2,1.169291339,-1.216535433
114,12,2,1.192913386,-1.216535433
115,12,2,1.216535433,-1.216535433
116,12,2,1.240157480,-1.216535433
117,12,2,1.263779528,-1.216535433
118,12,2,1.287401575,-1.216535433
119,12,2,1.311023622,-1.216535433
120,12,2,1.334645669,-1.216535433
121,12,2,1.358267717,-1.216535433
122,12,2,1.381889764,-1.216535433
123,12,2,1.405511811,-1.216535433
124,12,2,1.429133858,-1.216535433
125,12,2,1.452755906,-1.216535433
126,12,2,1.476377953,-1.216535433
127,12,2,1.500000000,-1.216535433
0,13,2,-1.500000000,-1.192913386
1,13,2,-1.476377953,-1.192913386
2,13,2,-1.452755906,-1.192913386
3,13,2,-1.429133858,-1.192913386
4,13,2,-1.405511811,-1.192913386
5,13,2,-1.381889764,-1.192913386
6,13,2,-1.358267717,-1.192913386
7,13,3,-1.334645669,-1.192913386
8,13,3,-1.311023622,-1.192913386
9,13,3,-1.287401575,-1.192913386
10,13,3,-1.263779528,-1.192913386
11,13,3,-1.240157480,-1.192913386
12,13,3,-1.216535433,-1.192913386
13,13,3,-1.192913386,-1.192913386
14,13,3,-1.169291339,-1.192913386
15,13,3,-1.145669291,-1.192913386
16,13,3,-1.122047244,-1.192913386
17,13,3,-1.098425197,-1.192913386
18,13,3,-1.074803150,-1.192913386
19,13,3,-1.051181102,-1.192913386
20,13,3,-1.027559055,-1.192913386
21,13,3,-1.003937008,-1.192913386
22,13,3,-0.980314961,-1.192913386
23,13,3,-0.956692913,-1.192913386
24,13,3,-0.933070866,-1.192913386
25,13,3,-0.909448819,-1.192913386
26,13,3,-0.885826772,-1.192913386
27,13,3,-0.862204724,-1.192913386
28,13,3,-0.838582677,-1.192913386
29,13,3,-0.814960630,-1.192913386
30,13,3,-0.791338583,-1.192913386
31,13,3,-0.767716535,-1.192913386
32,13,3,-0.744094488,-1.192913386
33,13,3,-0.720472441,-1.192913386
34,13,3,-0.696850394,-1.192913386
35,13,3,-0.673228346,-1.192913386
36,13,3,-0.649606299,-1.192913386
37,13,3,-0.625984252,-1.192913386
38,13,3,-0.602362205,-1.192913386
39,13,3,-0.578740157,-1.192913386
40,13,3,-0.555118110,-1.192913386
41,13,3,-0.531496063,-1.192913386
42,13,3,-0.507874016,-1.192913386
43,13,3,-0.484251969,-1.192913386
44,13,3,-0.460629921,-1.192913386
45,13,3,-0.437007874,-1.192913386
46,13,3,-0.413385827,-1.192913386
47,13,3,-0.389763780,-1.192913386
48,13,3,-0.366141732,-1.192913386
49,13,3,-0.342519685,-1.192913386
50,13,3,-0.318897638,-1.192913386
51,13,3,-0.295275591,-1.192913386
52,13,3,-0.271653543,-1.192913386
53,13,4,-0.248031496,-1.192913386
54,13,4,-0.224409449,-1.192913386
55,13,4,-0.200787402,-1.192913386
56,13,4,-0.177165354,-1.192913386
57,13,4,-0.153543307,-1.192913386
58,13,4,-0.129921260,-1.192913386
59,13,4,-0.106299213,-1.192913386
60,13,4,-0.082677165,-1.192913386
61,13,4,-0.059055118,-1.192913386
62,13,3,-0.035433071,-1.192913386
63,13,3,-0.011811024,-1.192913386
64,13,3,0.011811024,-1.192913386
65,13,3,0.035433071,-1.192913386
66,13,3,0.059055118,-1.192913386
67,13,3,0.082677165,-1.192913386
68,13,3,0.106299213,-1.192913386
69,13,3,0.129921260,-1.192913386
70,13,3,0.153543307,-1.192913386
71,13,3,0.177165354,-1.192913386
72,13,3,0.200787402,-1.192913386
73,13,3,0.224409449,-1.192913386
74,13,3,0.248031496,-1.192913386
75,13,3,0.271653543,-1.192913386
76,13,3,0.295275591,-1.192913386
77,13,3,0.318897638,-1.192913386
78,13,2,0.342519685,-1.192913386
79,13,2,0.366141732,-1.192913386
80,13,2,0.389763780,-1.192913386
81,13,2,0.413385827,-1.192913386
82,13,2,0.437007874,-1.192913386
83,13,2,0.460629921,-1.192913386
84,13,2,0.484251969,-1.192913386
85,13,2,0.507874016,-1.192913386
86,13,2,0.531496063,-1.192913386
87,13,2,0.555118110,-1.192913386
88,13,2,0.578740157,-1.192913386
89,13,2,0.602362205,-1.192913386
90,13,2,0.625984252,-1.192913386
91,13,2,0.649606299,-1.192913386
92,13,2,0.673228346,-1.192913386
93,13,2,0.696850394,-1.192913386
94,13,2,0.720472441,-1.192913386
95,13,2,0.744094488,-1.192913386
96,13,2,0.767716535,-1.192913386
97,13,2,0.791338583,-1.192913386
98,13,2,0.814960630,-1.192913386
99,13,2,0.838582677,-1.192913386
100,13,2,0.862204724,-1.192913386
101,13,2,0.885826772,-1.192913386
102,13,2,0.909448819,-1.192913386
103,13,2,0.933070866,-1.192913386
104,13,2,0.956692913,-1.192913386
105,13,2,0.980314961,-1.192913386
106,13,2,1.003937008,-1.192913386
107,13,2,1.027559055,-1.192913386
108,13,2,1.051181102,-1.192913386
109,13,2,1.074803150,-1.192913386
110,13,2,1.098425197,-1.192913386
111,13,2,1.122047244,-1.192913386
112,13,2,1.145669291,-1.192913386
113,13,2,1.169291339,-1.192913386
114,13,2,1.192913386,-1.192913386
115,13,2,1.216535433,-1.192913386
116,13,2,1.240157480,-1.192913386
117,13,2,1.263779528,-1.192913386
118,13,2,1.287401575,-1.192913386
119,13,2,1.311023622,-1.192913386
120,13,2,1.334645669,-1.192913386
121,13,2,1.358267717,-1.192913386
122,13,2,1.381889764,-1.192913386
123,13,2,1.405511811,-1.192913386
124,13,2,1.429133858,-1.192913386
125,13,2,1.452755906,-1.192913386
126,13,2,1.476377953,-1.192913386
127,13,2,1.500000000,-1.192913386
0,14,2,-1.500000000,-1.169291339
1,14,2,-1.476377953,-1.169291339
2,14,2,-1.452755906,-1.169291339
3,14,2,-1.429133858,-1.169291339
4,14,2,-1.405511811,-1.169291339
5,14,2,-1.381889764,-1.169291339
6,14,2,-1.358267717,-1.169291339
7,14,3,-1.334645669,-1.169291339
8,14,3,-1.311023622,-1.169291339
9,14,3,-1.287401575,-1.169291339
10,14,3,-1.263779528,-1.169291339
11,14,3,-1.240157480,-1.169291339
12,14,3,-1.216535433,-1.169291339
13,14,3,-1.192913386,-1.169291339
14,14,3,-1.169291339,-1.169291339
15,14,3,-1.145669291,-1.169291339
16,14,3,-1.122047244,-1.169291339
17,14,3,-1.098425197,-1.169291339
18,14,3,-1.074803150,-1.169291339
19,14,3,-1.051181102,-1.169291339
20,14,3,-1.027559055,-1.169291339
21,14,3,-1.003937008,-1.169291339
22,14,3,-0.980314961,-1.169291339
23,14,3,-0.956692913,-1.169291339
24,14,3,-0.933070866,-1.169291339
25,14,3,-0.909448819,-1.169291339
26,14,3,-0.885826772,-1.169291339
27,14,3,-0.862204724,-1.169291339
28,14,3,-0.838582677,-1.169291339
29,14,3,-0.814960630,-1.169291339
30,14,3,-0.791338583,-1.169291339
31,14,3,-0.767716535,-1.169291339
32,14,3,-0.744094488,-1.169291339
33,14,3,-0.720472441,-1.169291339
34,14,3,-0.696850394,-1.169291339
35,14,3,-0.673228346,-1.169291339
36,14,3,-0.649606299,-1.169291339
37,14,3,-0.625984252,-1.169291339
38,14,4,-0.602362205,-1.169291339
39,14,4,-0.578740157,-1.169291339
40,14,3,-0.555118110,-1.169291339
41,14,3,-0.531496063,-1.169291339
42,14,3,-0.507874016,-1.169291339
43,14,3,-0.484251969,-1.169291339
44,14,3,-0.460629921,-1.169291339
45,14,3,-0.437007874,-1.169291339
46,14,3,-0.413385827,-1.169291339
47,14,3,-0.389763780,-1.169291339
48,14,3,-0.366141732,-1.169291339
49,14,3,-0.342519685,-1.169291339
50,14,3,-0.318897638,-1.169291339
51,14,4,-0.295275591,-1.169291339
52,14,4,-0.271653543,-1.169291339
53,14,4,-0.248031496,-1.169291339
54,14,4,-0.224409449,-1.169291339
55,14,4,-0.200787402,-1.169291339
56,14,4,-0.177165354,-1.169291339
57,14,4,-0.153543307,-1.169291339
58,14,4,-0.129921260,-1.169291339
59,14,4,-0.106299213,-1.169291339
60,14,4,-0.082677165,-1.169291339
61,14,4,-0.059055118,-1.169291339
62,14,4,-0.035433071,-1.169291339
63,14,4,-0.011811024,-1.169291339
64,14,3,0.011811024,-1.169291339
65,14,3,0.035433071,-1.169291339
66,14,3,0.059055118,-1.169291339
67,14,3,0.082677165,-1.169291339
68,14,3,0.106299213,-1.169291339
69,14,3,0.129921260,-1.169291339
70,14,3,0.153543307,-1.169291339
71,14,3,0.177165354,-1.169291339
72,14,3,0.200787402,-1.169291339
73,14,3,0.224409449,-1.169291339
74,14,3,0.248031496,-1.169291339
75,14,3,0.271653543,-1.169291339
76,14,3,0.295275591,-1.169291339
77,14,3,0.318897638,-1.169291339
78,14,3,0.342519685,-1.169291339
79,14,2,0.366141732,-1.169291339
80,14,2,0.389763780,-1.169291339
81,14,2,0.413385827,-1.169291339
82,14,2,0.437007874,-1.169291339
83,14,2,0.460629921,-1.169291339
84,14,2,0.484251969,-1.169291339
85,14,2,0.507874016,-1.169291339
86,14,2,0.531496063,-1.169291339
87,14,2,0.555118110,-1.169291339
88,14,2,0.578740157,-1.169291339
89,14,2,0.602362205,-1.169291339
90,14,2,0.625984252,-1.169291339
91,14,2,0.649606299,-1.169291339
92,14,2,0.673228346,-1.169291339
93,14,2,0.696850394,-1.169291339
94,14,2,0.720472441,-1.169291339
95,14,2,0.744094488,-1.169291339
96,14,2,0.767716535,-1.169291339
97,14,2,0.791338583,-1.169291339
98,14,2,0.814960630,-1.169291339
99,14,2,0.838582677,-1.169291339
100,14,2,0.862204724,-1.169291339
101,14,2,0.885826772,-1.169291339
102,14,2,0.909448819,-1.169291339
103,14,2,0.933070866,-1.169291339
104,14,2,0.956692913,-1.169291339
105,14,2,0.980314961,-1.169291339
106,14,2,1.003937008,-1.169291339
107,14,2,1.027559055,-1.169291339
108,14,2,1.051181102,-1.169291339
109,14,2,1.074803150,-1.169291339
110,14,2,1.098425197,-1.169291339
111,14,2,1.122047244,-1.169291339
112,14,2,1.145669291,-1.169291339
113,14,2,1.169291339,-1.169291339
114,14,2,1.192913386,-1.169291339
115,14,2,1.216535433,-1.169291339
116,14,2,1.240157480,-1.169291339
117,14,2,1.263779528,-1.169291339
118,14,2,1.287401575,-1.169291339
119,14,2,1.311023622,-1.169291339
120,14,2,1.334645669,-1.169291339
121,14,2,1.358267717,-1.169291339
122,14,2,1.381889764,-1.169291339
123,14,2,1.405511811,-1.169291339
124,14,2,1.429133858,-1.169291339
125,14,2,1.452755906,-1.169291339
126,14,2,1.476377953,-1.169291339
127,14,2,1.500000000,-1.169291339
0,15,2,-1.500000000,-1.145669291
1,15,2,-1.476377953,-1.145669291
2,15,2,-1.452755906,-1.145669291
3,15,2,-1.429133858,-1.145669291
4,15,2,-1.405511811,-1.145669291
5,15,2,-1.381889764,-1.145669291
6,15,3,-1.358267717,-1.145669291
7,15,3,-1.334645669,-1.145669291
8,15,3,-1.311023622,-1.145669291
9,15,3,-1.287401575,-1.145669291
10,15,3,-1.263779528,-1.145669291
11,15,3,-1.240157480,-1.145669291
12,15,3,-1.216535433,-1.145669291
13,15,3,-1.192913386,-1.145669291
14,15,3,-1.169291339,-1.145669291
15,15,3,-1.145669291,-1.145669291
16,15,3,-1.122047244,-1.145669291
17,15,3,-1.098425197,-1.145669291
18,15,3,-1.074803150,-1.145669291
19,15,3,-1.051181102,-1.145669291
20,15,3,-1.027559055,-1.145669291
21,15,3,-1.003937008,-1.145669291
22,15,3,-0.980314961,-1.145669291
23,15,3,-0.956692913,-1.145669291
24,15,3,-0.933070866,-1.145669291
25,15,3,-0.909448819,-1.145669291
26,15,3,-0.885826772,-1.145669291
27,15,3,-0.862204724,-1.145669291
28,15,3,-0.838582677,-1.145669291
29,15,3,-0.814960630,-1.145669291
30,15,3,-0.791338583,-1.145669291
31,15,3,-0.767716535,-1.145669291
32,15,3,-0.744094488,-1.145669291
33,15,3,-0.720472441,-1.145669291
34,15,3,-0.696850394,-1.145669291
35,15,3,-0.673228346,-1.145669291
36,15,3,-0.649606299,-1.145669291
37,15,3,-0.625984252,-1.145669291
38,15,4,-0.602362205,-1.145669291
39,15,4,-0.578740157,-1.145669291
40,15,4,-0.555118110,-1.145669291
41,15,4,-0.531496063,-1.145669291
42,15,4,-0.507874016,-1.145669291
43,15,4,-0.484251969,-1.145669291
44,15,4,-0.460629921,-1.145669291
45,15,4,-0.437007874,-1.145669291
46,15,4,-0.413385827,-1.145669291
47,15,4,-0.389763780,-1.145669291
48,15,4,-0.366141732,-1.145669291
49,15,4,-0.342519685,-1.145669291
50,15,4,-0.318897638,-1.145669291
51,15,4,-0.295275591,-1.145669291
52,15,4,-0.271653543,-1.145669291
53,15,4,-0.248031496,-1.145669291
54,15,5,-0.224409449,-1.145669291
55,15,5,-0.200787402,-1.145669291
56,15,5,-0.177165354,-1.145669291
57,15,5,-0.153543307,-1.145669291
58,15,5,-0.129921260,-1.145669291
59,15,5,-0.106299213,-1.145669291
60,15,5,-0.082677165,-1.145669291
61,15,4,-0.059055118,-1.145669291
62,15,4,-0.035433071,-1.145669291
63,15,4,-0.011811024,-1.145669291
64,15,4,0.011811024,-1.145669291
65,15,4,0.035433071,-1.145669291
66,15,3,0.059055118,-1.145669291
67,15,3,0.082677165,-1.145669291
68,15,3,0.106299213,-1.145669291
69,15,3,0.129921260,-1.145669291
70,15,3,0.153543307,-1.145669291
71,15,3,0.177165354,-1.145669291
72,15,3,0.200787402,-1.145669291
73,15,3,0.224409449,-1.145669291
74,15,3,0.248031496,-1.145669291
75,15,3,0.271653543,-1.145669291
76,15,3,0.295275591,-1.145669291
77,15,3,0.318897638,-1.145669291
78,15,3,0.342519685,-1.145669291
79,15,3,0.366141732,-1.145669291
80,15,2,0.389763780,-1.145669291
81,15,2,0.413385827,-1.145669291
82,15,2,0.437007874,-1.145669291
83,15,2,0.460629921,-1.145669291
84,15,2,0.484251969,-1.145669291
85,15,2,0.507874016,-1.145669291
86,15,2,0.531496063,-1.145669291
87,15,2,0.555118110,-1.145669291
88,15,2,0.578740157,-1.145669291
89,15,2,0.602362205,-1.145669291
90,15,2,0.625984252,-1.145669291
91,15,2,0.649606299,-1.145669291
92,15,2,0.673228346,-1.145669291
93,15,2,0.696850394,-1.145669291
94,15,2,0.720472441,-1.145669291
95,15,2,0.744094488,-1.145669291
96,15,2,0.767716535,-1.145669291
97,15,2,0.791338583,-1.145669291
98,15,2,0.814960630,-1.145669291
99,15,2,0.838582677,-1.145669291
100,15,2,0.862204724,-1.145669291
101,15,2,0.885826772,-1.145669291
102,15,2,0.909448819,-1.145669291
103,15,2,0.933070866,-1.145669291
104,15,2,0.956692913,-1.145669291
105,15,2,0.980314961,-1.145669291
106,15,2,1.003937008,-1.145669291
107,15,2,1.027559055,-1.145669291
108,15,2,1.051181102,-1.145669291
109,15,2,1.074803150,-1.145669291
110,15,2,1.098425197,-1.145669291
111,15,2,1.122047244,-1.145669291
112,15,2,1.145669291,-1.145669291
113,15,2,1.169291339,-1.145669291
114,15,2,1.192913386,-1.145669291
115,15,2,1.216535433,-1.145669291
116,15,2,1.240157480,-1.145669291
117,15,2,1.263779528,-1.145669291
118,15,2,1.287401575,-1.145669291
119,15,2,1.311023622,-1.145669291
120,15,2,1.334645669,-1.145669291
121,15,2,1.358267717,-1.145669291
122,15,2,1.381889764,-1.145669291
123,15,2,1.405511811,-1.145669291
124,15,2,1.429133858,-1.145669291
125,15,2,1.452755906,-1.145669291
126,15,2,1.476377953,-1.145669291
127,15,2,1.500000000,-1.145669291
0,16,2,-1.500000000,-1.122047244
1,16,2,-1.476377953,-1.122047244
2,16,2,-1.452755906,-1.122047244
3,16,2,-1.429133858,-1.122047244
4,16,2,-1.405511811,-1.122047244
5,16,3,-1.381889764,-1.122047244
6,16,3,-1.358267717,-1.122047244
7,16,3,-1.334645669,-1.122047244
8,16,3,-1.311023622,-1.122047244
9,16,3,-1.287401575,-1.122047244
10,16,3,-1.263779528,-1.122047244
11,16,3,-1.240157480,-1.122047244
12,16,3,-1.216535433,-1.122047244
13,16,3,-1.192913386,-1.122047244
14,16,3,-1.169291339,-1.122047244
15,16,3,-1.145669291,-1.122047244
16,16,3,-1.122047244,-1.122047244
17,16,3,-1.098425197,-1.122047244
18,16,3,-1.074803150,-1.122047244
19,16,3,-1.051181102,-1.122047244
20,16,3,-1.027559055,-1.122047244
21,16,3,-1.003937008,-1.122047244
22,16,3,-0.980314961,-1.122047244
23,16,3,-0.956692913,-1.122047244
24,16,3,-0.933070866,-1.122047244
25,16,3,-0.909448819,-1.122047244
26,16,3,-0.885826772,-1.122047244
27,16,3,-0.862204724,-1.122047244
28,16,3,-0.838582677,-1.122047244
29,16,3,-0.814960630,-1.122047244
30,16,3,-0.791338583,-1.122047244
31,16,3,-0.767716535,-1.122047244
32,16,3,-0.744094488,-1.122047244
33,16,3,-0.720472441,-1.122047244
34,16,3,-0.696850394,-1.122047244
35,16,3,-0.673228346,-1.122047244
36,16,3,-0.649606299,-1.122047244
37,16,4,-0.625984252,-1.122047244
38,16,4,-0.602362205,-1.122047244
39,16,4,-0.578740157,-1.122047244
40,16,4,-0.555118110,-1.122047244
41,16,4,-0.531496063,-1.122047244
42,16,4,-0.507874016,-1.122047244
43,16,4,-0.484251969,-1.122047244
44,16,4,-0.460629921,-1.122047244
45,16,4,-0.437007874,-1.122047244
46,16,4,-0.413385827,-1.122047244
47,16,4,-0.389763780,-1.122047244
48,16,4,-0.366141732,-1.122047244
49,16,4,-0.342519685,-1.122047244
50,16,4,-0.318897638,-1.122047244
51,16,4,-0.295275591,-1.122047244
52,16,4,-0.271653543,-1.122047244
53,16,5,-0.248031496,-1.122047244
54,16,7,-0.224409449,-1.122047244
55,16,7,-0.200787402,-1.122047244
56,16,7,-0.177165354,-1.122047244
57,16,6,-0.153543307,-1.122047244
58,16,5,-0.129921260,-1.122047244
59,16,5,-0.106299213,-1.122047244
60,16,5,-0.082677165,-1.122047244
61,16,5,-0.059055118,-1.122047244
62,16,4,-0.035433071,-1.122047244
63,16,4,-0.011811024,-1.122047244
64,16,4,0.011811024,-1.122047244
65,16,4,0.035433071,-1.122047244
66,16,4,0.059055118,-1.122047244
67,16,4,0.082677165,-1.122047244
68,16,4,0.106299213,-1.122047244
69,16,3,0.129921260,-1.122047244
70,16,3,0.153543307,-1.122047244
71,16,3,0.177165354,-1.122047244
72,16,3,0.200787402,-1.122047244
73,16,3,0.224409449,-1.122047244
74,16,3,0.248031496,-1.122047244
75,16,3,0.271653543,-1.122047244
76,16,3,0.295275591,-1.122047244
77,16,3,0.318897638,-1.122047244
78,16,3,0.342519685,-1.122047244
79,16,3,0.366141732,-1.122047244
80,16,3,0.389763780,-1.122047244
81,16,2,0.413385827,-1.122047244
82,16,2,0.437007874,-1.122047244
83,16,2,0.460629921,-1.122047244
84,16,2,0.484251969,-1.122047244
85,16,2,0.507874016,-1.122047244
86,16,2,0.531496063,-1.122047244
87,16,2,0.555118110,-1.122047244
88,16,2,0.578740157,-1.122047244
89,16,2,0.602362205,-1.122047244
90,16,2,0.625984252,-1.122047244
91,16,2,0.649606299,-1.122047244
92,16,2,0.673228346,-1.122047244
93,16,2,0.696850394,-1.122047244
94,16,2,0.720472441,-1.122047244
95,16,2,0.744094488,-1.122047244
96,16,2,0.767716535,-1.122047244
97,16,2,0.791338583,-1.122047244
98,16,2,0.814960630,-1.122047244
99,16,2,0.838582677,-1.122047244
100,16,2,0.862204724,-1.122047244
101,16,2,0.885826772,-1.122047244
102,16,2,0.909448819,-1.122047244
103,16,2,0.933070866,-1.122047244
104,16,2,0.956692913,-1.122047244
105,16,2,0.980314961,-1.122047244
106,16,2,1.003937008,-1.122047244
107,16,2,1.027559055,-1.122047244
108,16,2,1.051181102,-1.122047244
109,16,2,1.074803150,-1.122047244
110,16,2,1.098425197,-1.122047244
111,16,2,1.122047244,-1.122047244
112,16,2,1.145669291,-1.122047244
113,16,2,1.169291339,-1.122047244
114,16,2,1.192913386,-1.122047244
115,16,2,1.216535433,-1.122047244
116,16,2,1.240157480,-1.122047244
117,16,2,1.263779528,-1.122047244
118,16,2,1.287401575,-1.122047244
119,16,2,1.311023622,-1.122047244
120,16,2,1.334645669,-1.122047244
121,16,2,1.358267717,-1.122047244
122,16,2,1.381889764,-1.122047244
123,16,2,1.405511811,-1.122047244
124,16,2,1.429133858,-1.122047244
125,16,2,1.452755906,-1.122047244
126,16,2,1.476377953,-1.122047244
127,16,2,1.500000000,-1.122047244
0,17,2,-1.500000000,-1.098425197
1,17,2,-1.476377953,-1.098425197
2,17,2,-1.452755906,-1.098425197
3,17,2,-1.429133858,-1.098425197
4,17,3,-1.405511811,-1.098425197
5,17,3,-1.381889764,-1.098425197
6,17,3,-1.358267717,-1.098425197
7,17,3,-1.334645669,-1.098425197
8,17,3,-1.311023622,-1.098425197
9,17,3,-1.287401575,-1.098425197
10,17,3,-1.263779528,-1.098425197
11,17,3,-1.240157480,-1.098425197
12,17,3,-1.216535433,-1.098425197
13,17,3,-1.192913386,-1.098425197
14,17,3,-1.169291339,-1.098425197
15,17,3,-1.145669291,-1.098425197
16,17,3,-1.122047244,-1.098425197
17,17,3,-1.098425197,-1.098425197
18,17,3,-1.074803150,-1.098425197
19,17,3,-1.051181102,-1.098425197
20,17,3,-1.027559055,-1.098425197
21,17,3,-1.003937008,-1.098425197
22,17,3,-0.980314961,-1.098425197
23,17,3,-0.956692913,-1.098425197
24,17,3,-0.933070866,-1.098425197
25,17,3,-0.909448819,-1.098425197
26,17,3,-0.885826772,-1.098425197
27,17,3,-0.862204724,-1.098425197
28,17,3,-0.838582677,-1.098425197
29,17,3,-0.814960630,-1.098425197
30,17,3,-0.791338583,-1.098425197
31,17,3,-0.767716535,-1.098425197
32,17,3,-0.744094488,-1.098425197
33,17,3,-0.720472441,-1.098425197
34,17,3,-0.696850394,-1.098425197
35,17,3,-0.673228346,-1.098425197
36,17,3,-0.649606299,-1.098425197
37,17,4,-0.625984252,-1.098425197
38,17,4,-0.602362205,-1.098425197
39,17,4,-0.578740157,-1.098425197
40,17,4,-0.555118110,-1.098425197
41,17,4,-0.531496063,-1.098425197
42,17,4,-0.507874016,-1.098425197
43,17,4,-0.484251969,-1.098425197
44,17,4,-0.460629921,-1.098425197
45,17,4,-0.437007874,-1.098425197
46,17,4,-0.413385827,-1.098425197
47,17,4,-0.389763780,-1.098425197
48,17,4,-0.366141732,-1.098425197
49,17,4,-0.342519685,-1.098425197
50,17,4,-0.318897638,-1.098425197
51,17,5,-0.295275591,-1.098425197
52,17,5,-0.271653543,-1.098425197
53,17,6,-0.248031496,-1.098425197
54,17,7,-0.224409449,-1.098425197
55,17,13,-0.200787402,-1.098425197
56,17,10,-0.177165354,-1.098425197
57,17,9,-0.153543307,-1.098425197
58,17,6,-0.129921260,-1.098425197
59,17,5,-0.106299213,-1.098425197
60,17,5,-0.082677165,-1.098425197
61,17,5,-0.059055118,-1.098425197
62,17,5,-0.035433071,-1.098425197
63,17,4,-0.011811024,-1.098425197
64,17,4,0.011811024,-1.098425197
65,17,4,0.035433071,-1.098425197
66,17,4,0.059055118,-1.098425197
67,17,4,0.082677165,-1.098425197
68,17,4,0.106299213,-1.098425197
69,17,4,0.129921260,-1.098425197
70,17,4,0.153543307,-1.098425197
71,17,4,0.177165354,-1.098425197
72,17,4,0.200787402,-1.098425197
73,17,4,0.224409449,-1.098425197
74,17,4,0.248031496,-1.098425197
75,17,4,0.271653543,-1.098425197
76,17,3,0.295275591,-1.098425197
77,17,3,0.318897638,-1.098425197
78,17,3,0.342519685,-1.098425197
79,17,3,0.366141732,-1.098425197
80,17,3,0.389763780,-1.098425197
81,17,2,0.413385827,-1.098425197
82,17,2,0.437007874,-1.098425197
83,17,2,0.460629921,-1.098425197
84,17,2,0.484251969,-1.098425197
85,17,2,0.507874016,-1.098425197
86,17,2,0.531496063,-1.098425197
87,17,2,0.555118110,-1.098425197
88,17,2,0.578740157,-1.098425197
89,17,2,0.602362205,-1.098425197
90,17,2,0.625984252,-1.098425197
91,17,2,0.649606299,-1.098425197
92,17,2,0.673228346,-1.098425197
93,17,2,0.696850394,-1.098425197
94,17,2,0.720472441,-1.098425197
95,17,2,0.744094488,-1.098425197
96,17,2,0.767716535,-1.098425197
97,17,2,0.791338583,-1.098425197
98,17,2,0.814960630,-1.098425197
99,17,2,0.838582677,-1.098425197
100,17,2,0.862204724,-1.098425197
101,17,2,0.885826772,-1.098425197
102,17,2,0.909448819,-1.098425197
103,17,2,0.933070866,-1.098425197
104,17,2,0.956692913,-1.098425197
105,17,2,0.980314961,-1.098425197
106,17,2,1.003937008,-1.098425197
107,17,2,1.027559055,-1.098425197
108,17,2,1.051181102,-1.098425197
109,17,2,1.074803150,-1.098425197
110,17,2,1.098425197,-1.098425197
111,17,2,1.122047244,-1.098425197
112,17,2,1.145669291,-1.098425197
113,17,2,1.169291339,-1.098425197
114,17,2,1.192913386,-1.098425197
115,17,2,1.216535433,-1.098425197
116,17,2,1.240157480,-1.098425197
117,17,2,1.263779528,-1.098425197
118,17,2,1.287401575,-1.098425197
119,17,2,1.311023622,-1.098425197
120,17,2,1.334645669,-1.098425197
121,17,2,1.358267717,-1.098425197
122,17,2,1.381889764,-1.098425197
123,17,2,1.405511811,-1.098425197
124,17,2,1.429133858,-1.098425197
125,17,2,1.452755906,-1.098425197
126,17,2,1.476377953,-1.098425197
127,17,2,1.500000000,-1.098425197
0,18,2,-1.500000000,-1.074803150
1,18,2,-1.476377953,-1.074803150
2,18,2,-1.452755906,-1.074803150
3,18,3,-1.429133858,-1.074803150
4,18,3,-1.405511811,-1.074803150
5,18,3,-1.381889764,-1.074803150
6,18,3,-1.358267717,-1.074803150
7,18,3,-1.334645669,-1.074803150
8,18,3,-1.311023622,-1.074803150
9,18,3,-1.287401575,-1.074803150
10,18,3,-1.263779528,-1.074803150
11,18,3,-1.240157480,-1.074803150
12,18,3,-1.216535433,-1.074803150
13,18,3,-1.192913386,-1.074803150
14,18,3,-1.169291339,-1.074803150
15,18,3,-1.145669291,-1.074803150
16,18,3,-1.122047244,-1.074803150
17,18,3,-1.098425197,-1.074803150
18,18,3,-1.074803150,-1.074803150
19,18,3,-1.051181102,-1.074803150
20,18,3,-1.027559055,-1.074803150
21,18,3,-1.003937008,-1.074803150
22,18,3,-0.980314961,-1.074803150
23,18,3,-0.956692913,-1.074803150
24,18,3,-0.933070866,-1.074803150
25,18,3,-0.909448819,-1.074803150
26,18,3,-0.885826772,-1.074803150
27,18,3,-0.862204724,-1.074803150
28,18,3,-0.838582677,-1.074803150
29,18,3,-0.814960630,-1.074803150
30,18,3,-0.791338583,-1.074803150
31,18,3,-0.767716535,-1.074803150
32,18,3,-0.744094488,-1.074803150
33,18,3,-0.720472441,-1.074803150
34,18,3,-0.696850394,-1.074803150
35,18,3,-0.673228346,-1.074803150
36,18,4,-0.649606299,-1.074803150
37,18,4,-0.625984252,-1.074803150
38,18,4,-0.602362205,-1.074803150
39,18,4,-0.578740157,-1.074803150
40,18,4,-0.555118110,-1.074803150
41,18,4,-0.531496063,-1.074803150
42,18,4,-0.507874016,-1.074803150
43,18,4,-0.484251969,-1.074803150
44,18,4,-0.460629921,-1.074803150
45,18,4,-0.437007874,-1.074803150
46,18,4,-0.413385827,-1.074803150
47,18,4,-0.389763780,-1.074803150
48,18,5,-0.366141732,-1.074803150
49,18,5,-0.342519685,-1.074803150
50,18,5,-0.318897638,-1.074803150
51,18,5,-0.295275591,-1.074803150
52,18,5,-0.271653543,-1.074803150
53,18,6,-0.248031496,-1.074803150
54,18,6,-0.224409449,-1.074803150
55,18,8,-0.200787402,-1.074803150
56,18,15,-0.177165354,-1.074803150
57,18,8,-0.153543307,-1.074803150
58,18,7,-0.129921260,-1.074803150
59,18,6,-0.106299213,-1.074803150
60,18,6,-0.082677165,-1.074803150
61,18,6,-0.059055118,-1.074803150
62,18,5,-0.035433071,-1.074803150
63,18,5,-0.011811024,-1.074803150
64,18,4,0.011811024,-1.074803150
65,18,4,0.035433071,-1.074803150
66,18,4,0.059055118,-1.074803150
67,18,4,0.082677165,-1.074803150
68,18,4,0.106299213,-1.074803150
69,18,4,0.129921260,-1.074803150
70,18,4,0.153543307,-1.074803150
71,18,4,0.177165354,-1.074803150
72,18,4,0.200787402,-1.074803150
73,18,4,0.224409449,-1.074803150
74,18,4,0.248031496,-1.074803150
75,18,4,0.271653543,-1.074803150
76,18,3,0.295275591,-1.074803150
77,18,3,0.318897638,-1.074803150
78,18,3,0.342519685,-1.074803150
79,18,3,0.366141732,-1.074803150
80,18,3,0.389763780,-1.074803150
81,18,3,0.413385827,-1.074803150
82,18,2,0.437007874,-1.074803150
83,18,2,0.460629921,-1.074803150
84,18,2,0.484251969,-1.074803150
85,18,2,0.507874016,-1.074803150
86,18,2,0.531496063,-1.074803150
87,18,2,0.555118110,-1.074803150
88,18,2,0.578740157,-1.074803150
89,18,2,0.602362205,-1.074803150
90,18,2,0.625984252,-1.074803150
91,18,2,0.649606299,-1.074803150
92,18,2,0.673228346,-1.074803150
93,18,2,0.696850394,-1.074803150
94,18,2,0.720472441,-1.074803150
95,18,2,0.744094488,-1.074803150
96,18,2,0.767716535,-1.074803150
97,18,2,0.791338583,-1.074803150
98,18,2,0.814960630,-1.074803150
99,18,2,0.838582677,-1.074803150
100,18,2,0.862204724,-1.074803150
101,18,2,0.885826772,-1.074803150
102,18,2,0.909448819,-1.074803150
103,18,2,0.933070866,-1.074803150
104,18,2,0.956692913,-1.074803150
105,18,2,0.980314961,-1.074803150
106,18,2,1.003937008,-1.074803150
107,18,2,1.027559055,-1.074803150
108,18,2,1.051181102,-1.074803150
109,18,2,1.074803150,-1.074803150
110,18,2,1.098425197,-1.074803150
111,18,2,1.122047244,-1.074803150
112,18,2,1.145669291,-1.074803150
113,18,2,1.169291339,-1.074803150
114,18,2,1.192913386,-1.074803150
115,18,2,1.216535433,-1.074803150
116,18,2,1.240157480,-1.074803150
117,18,2,1.263779528,-1.074803150
118,18,2,1.287401575,-1.074803150
119,18,2,1.311023622,-1.074803150
120,18,2,1.334645669,-1.074803150
121,18,2,1.358267717,-1.074803150
122,18,2,1.381889764,-1.074803150
123,18,2,1.405511811,-1.074803150
124,18,2,1.429133858,-1.074803150
125,18,2,1.452755906,-1.074803150
126,18,2,1.476377953,-1.074803150
127,18,2,1.500000000,-1.074803150
0,19,2,-1.500000000,-1.051181102
1,19,2,-1.476377953,-1.051181102
2,19,2,-1.452755906,-1.051181102
3,19,3,-1.429133858,-1.051181102
4,19,3,-1.405511811,-1.051181102
5,19,3,-1.381889764,-1.051181102
6,19,3,-1.358267717,-1.051181102
7,19,3,-1.334645669,-1.051181102
8,19,3,-1.311023622,-1.051181102
9,19,3,-1.287401575,-1.051181102
10,19,3,-1.263779528,-1.051181102
11,19,3,-1.240157480,-1.051181102
12,19,3,-1.216535433,-1.051181102
13,19,3,-1.192913386,-1.051181102
14,19,3,-1.169291339,-1.051181102
15,19,3,-1.145669291,-1.051181102
16,19,3,-1.122047244,-1.051181102
17,19,3,-1.098425197,-1.051181102
18,19,3,-1.074803150,-1.051181102
19,19,3,-1.051181102,-1.051181102
20,19,3,-1.027559055,-1.051181102
21,19,3,-1.003937008,-1.051181102
22,19,3,-0.980314961,-1.051181102
23,19,3,-0.956692913,-1.051181102
24,19,3,-0.933070866,-1.051181102
25,19,3,-0.909448819,-1.051181102
26,19,3,-0.885826772,-1.051181102
27,19,3,-0.862204724,-1.051181102
28,19,3,-0.838582677,-1.051181102
29,19,3,-0.814960630,-1.051181102
30,19,3,-0.791338583,-1.051181102
31,19,3,-0.767716535,-1.051181102
32,19,3,-0.744094488,-1.051181102
33,19,3,-0.720472441,-1.051181102
34,19,3,-0.696850394,-1.051181102
35,19,3,-0.673228346,-1.051181102
36,19,4,-0.649606299,-1.051181102
37,19,4,-0.625984252,-1.051181102
38,19,4,-0.602362205,-1.051181102
39,19,4,-0.578740157,-1.051181102
40,19,4,-0.555118110,-1.051181102
41,19,4,-0.531496063,-1.051181102
42,19,4,-0.507874016,-1.051181102
43,19,4,-0.484251969,-1.051181102
44,19,4,-0.460629921,-1.051181102
45,19,4,-0.437007874,-1.051181102
46,19,4,-0.413385827,-1.051181102
47,19,4,-0.389763780,-1.051181102
48,19,5,-0.366141732,-1.051181102
49,19,5,-0.342519685,-1.051181102
50,19,5,-0.318897638,-1.051181102
51,19,5,-0.295275591,-1.051181102
52,19,5,-0.271653543,-1.051181102
53,19,6,-0.248031496,-1.051181102
54,19,7,-0.224409449,-1.051181102
55,19,8,-0.200787402,-1.051181102
56,19,14,-0.177165354,-1.051181102
57,19,11,-0.153543307,-1.051181102
58,19,8,-0.129921260,-1.051181102
59,19,7,-0.106299213,-1.051181102
60,19,6,-0.082677165,-1.051181102
61,19,6,-0.059055118,-1.051181102
62,19,6,-0.035433071,-1.051181102
63,19,6,-0.011811024,-1.051181102
64,19,5,0.011811024,-1.051181102
65,19,5,0.035433071,-1.051181102
66,19,5,0.059055118,-1.051181102
67,19,4,0.082677165,-1.051181102
68,19,4,0.106299213,-1.051181102
69,19,4,0.129921260,-1.051181102
70,19,4,0.153543307,-1.051181102
71,19,4,0.177165354,-1.051181102
72,19,4,0.200787402,-1.051181102
73,19,4,0.224409449,-1.051181102
74,19,4,0.248031496,-1.051181102
75,19,4,0.271653543,-1.051181102
76,19,4,0.295275591,-1.051181102
77,19,3,0.318897638,-1.051181102
78,19,3,0.342519685,-1.051181102
79,19,3,0.366141732,-1.051181102
80,19,3,0.389763780,-1.051181102
81,19,3,0.413385827,-1.051181102
82,19,3,0.437007874,-1.051181102
83,19,2,0.460629921,-1.051181102
84,19,2,0.484251969,-1.051181102
85,19,2,0.507874016,-1.051181102
86,19,2,0.531496063,-1.051181102
87,19,2,0.555118110,-1.051181102
88,19,2,0.578740157,-1.051181102
89,19,2,0.602362205,-1.051181102
90,19,2,0.625984252,-1.051181102
91,19,2,0.649606299,-1.051181102
92,19,2,0.673228346,-1.051181102
93,19,2,0.696850394,-1.051181102
94,19,2,0.720472441,-1.051181102
95,19,2,0.744094488,-1.051181102
96,19,2,0.767716535,-1.051181102
97,19,2,0.791338583,-1.051181102
98,19,2,0.814960630,-1.051181102
99,19,2,0.838582677,-1.051181102
100,19,2,0.862204724,-1.051181102
101,19,2,0.885826772,-1.051181102
102,19,2,0.909448819,-1.051181102
103,19,2,0.933070866,-1.051181102
104,19,2,0.956692913,-1.051181102
105,19,2,0.980314961,-1.051181102
106,19,2,1.003937008,-1.051181102
107,19,2,1.027559055,-1.051181102
108,19,2,1.051181102,-1.051181102
109,19,2,1.074803150,-1.051181102
110,19,2,1.098425197,-1.051181102
111,19,2,1.122047244,-1.051181102
112,19,2,1.145669291,-1.051181102
113,19,2,1.169291339,-1.051181102
114,19,2,1.192913386,-1.051181102
115,19,2,1.216535433,-1.051181102
116,19,2,1.240157480,-1.051181102
117,19,2,1.263779528,-1.051181102
118,19,2,1.287401575,-1.051181102
119,19,2,1.311023622,-1.051181102
120,19,2,1.334645669,-1.051181102
121,19,2,1.358267717,-1.051181102
122,19,2,1.381889764,-1.051181102
123,19,2,1.405511811,-1.051181102
124,19,2,1.429133858,-1.051181102
125,19,2,1.452755906,-1.051181102
126,19,2,1.476377953,-1.051181102
127,19,2,1.500000000,-1.051181102
0,20,2,-1.500000000,-1.027559055
1,20,2,-1.476377953,-1.027559055
2,20,3,-1.452755906,-1.027559055
3,20,3,-1.429133858,-1.027559055
4,20,3,-1.405511811,-1.027559055
5,20,3,-1.381889764,-1.027559055
6,20,3,-1.358267717,-1.027559055
7,20,3,-1.334645669,-1.027559055
8,20,3,-1.311023622,-1.027559055
9,20,3,-1.287401575,-1.027559055
10,20,3,-1.263779528,-1.027559055
11,20,3,-1.240157480,-1.027559055
12,20,3,-1.216535433,-1.027559055
13,20,3,-1.192913386,-1.027559055
14,20,3,-1.169291339,-1.027559055
15,20,3,-1.145669291,-1.027559055
16,20,3,-1.122047244,-1.027559055
17,20,3,-1.098425197,-1.027559055
18,20,3,-1.074803150,-1.027559055
19,20,3,-1.051181102,-1.027559055
20,20,3,-1.027559055,-1.027559055
21,20,3,-1.003937008,-1.027559055
22,20,3,-0.980314961,-1.027559055
23,20,3,-0.956692913,-1.027559055
24,20,3,-0.933070866,-1.027559055
25,20,3,-0.909448819,-1.027559055
26,20,3,-0.885826772,-1.027559055
27,20,3,-0.862204724,-1.027559055
28,20,3,-0.838582677,-1.027559055
29,20,3,-0.814960630,-1.027559055
30,20,3,-0.791338583,-1.027559055
31,20,3,-0.767716535,-1.027559055
32,20,3,-0.744094488,-1.027559055
33,20,3,-0.720472441,-1.027559055
34,20,3,-0.696850394,-1.027559055
35,20,4,-0.673228346,-1.027559055
36,20,4,-0.649606299,-1.027559055
37,20,4,-0.625984252,-1.027559055
38,20,4,-0.602362205,-1.027559055
39,20,4,-0.578740157,-1.027559055
40,20,4,-0.555118110,-1.027559055
41,20,4,-0.531496063,-1.027559055
42,20,4,-0.507874016,-1.027559055
43,20,4,-0.484251969,-1.027559055
44,20,4,-0.460629921,-1.027559055
45,20,4,-0.437007874,-1.027559055
46,20,4,-0.413385827,-1.027559055
47,20,4,-0.389763780,-1.027559055
48,20,5,-0.366141732,-1.027559055
49,20,5,-0.342519685,-1.027559055
50,20,5,-0.318897638,-1.027559055
51,20,5,-0.295275591,-1.027559055
52,20,5,-0.271653543,-1.027559055
53,20,6,-0.248031496,-1.027559055
54,20,6,-0.224409449,-1.027559055
55,20,8,-0.200787402,-1.027559055
56,20,13,-0.177165354,-1.027559055
57,20,24,-0.153543307,-1.027559055
58,20,11,-0.129921260,-1.027559055
59,20,8,-0.106299213,-1.027559055
60,20,7,-0.082677165,-1.027559055
61,20,7,-0.059055118,-1.027559055
62,20,7,-0.035433071,-1.027559055
63,20,15,-0.011811024,-1.027559055
64,20,6,0.011811024,-1.027559055
65,20,5,0.035433071,-1.027559055
66,20,5,0.059055118,-1.027559055
67,20,4,0.082677165,-1.027559055
68,20,4,0.106299213,-1.027559055
69,20,4,0.129921260,-1.027559055
70,20,4,0.153543307,-1.027559055
71,20,4,0.177165354,-1.027559055
72,20,4,0.200787402,-1.027559055
73,20,4,0.224409449,-1.027559055
74,20,4,0.248031496,-1.027559055
75,20,4,0.271653543,-1.027559055
76,20,4,0.295275591,-1.027559055
77,20,3,0.318897638,-1.027559055
78,20,3,0.342519685,-1.027559055
79,20,3,0.366141732,-1.027559055
80,20,3,0.389763780,-1.027559055
81,20,3,0.413385827,-1.027559055
82,20,3,0.437007874,-1.027559055
83,20,3,0.460629921,-1.027559055
84,20,2,0.484251969,-1.027559055
85,20,2,0.507874016,-1.027559055
86,20,2,0.531496063,-1.027559055
87,20,2,0.555118110,-1.027559055
88,20,2,0.578740157,-1.027559055
89,20,2,0.602362205,-1.027559055
90,20,2,0.625984252,-1.027559055
91,20,2,0.649606299,-1.027559055
92,20,2,0.673228346,-1.027559055
93,20,2,0.696850394,-1.027559055
94,20,2,0.720472441,-1.027559055
95,20,2,0.744094488,-1.027559055
96,20,2,0.767716535,-1.027559055
97,20,2,0.791338583,-1.027559055
98,20,2,0.814960630,-1.027559055
99,20,2,0.838582677,-1.027559055
100,20,2,0.862204724,-1.027559055
101,20,2,0.885826772,-1.027559055
102,20,2,0.909448819,-1.027559055
103,20,2,0.933070866,-1.027559055
104,20,2,0.956692913,-1.027559055
105,20,2,0.980314961,-1.027559055
106,20,2,1.003937008,-1.027559055
107,20,2,1.027559055,-1.027559055
108,20,2,1.051181102,-1.027559055
109,20,2,1.074803150,-1.027559055
110,20,2,1.098425197,-1.027559055
111,20,2,1.122047244,-1.027559055
112,20,2,1.145669291,-1.027559055
113,20,2,1.169291339,-1.027559055
114,20,2,1.192913386,-1.027559055
115,20,2,1.216535433,-1.027559055
116,20,2,1.240157480,-1.027559055
117,20,2,1.263779528,-1.027559055
118,20,2,1.287401575,-1.027559055
119,20,2,1.311023622,-1.027559055
120,20,2,1.334645669,-1.027559055
121,20,2,1.358267717,-1.027559055
122,20,2,1.381889764,-1.027559055
123,20,2,1.405511811,-1.027559055
124,20,2,1.429133858,-1.027559055
125,20,2,1.452755906,-1.027559055
126,20,2,1.476377953,-1.027559055
127,20,2,1.500000000,-1.027559055
0,21,2,-1.500000000,-1.003937008
1,21,3,-1.476377953,-1.003937008
2,21,3,-1.452755906,-1.003937008
3,21,3,-1.429133858,-1.003937008
4,21,3,-1.405511811,-1.003937008
5,21,3,-1.381889764,-1.003937008
6,21,3,-1.358267717,-1.003937008
7,21,3,-1.334645669,-1.003937008
8,21,3,-1.311023622,-1.003937008
9,21,3,-1.287401575,-1.003937008
10,21,3,-1.263779528,-1.003937008
11,21,3,-1.240157480,-1.003937008
12,21,3,-1.216535433,-1.003937008
13,21,3,-1.192913386,-1.003937008
14,21,3,-1.169291339,-1.003937008
15,21,3,-1.145669291,-1.003937008
16,21,3,-1.122047244,-1.003937008
17,21,3,-1.098425197,-1.003937008
18,21,3,-1.074803150,-1.003937008
19,21,3,-1.051181102,-1.003937008
20,21,3,-1.027559055,-1.003937008
21,21,3,-1.003937008,-1.003937008
22,21,3,-0.980314961,-1.003937008
23,21,3,-0.956692913,-1.003937008
24,21,3,-0.933070866,-1.003937008
25,21,3,-0.909448819,-1.003937008
26,21,3,-0.885826772,-1.003937008
27,21,3,-0.862204724,-1.003937008
28,21,3,-0.838582677,-1.003937008
29,21,3,-0.814960630,-1.003937008
30,21,3,-0.791338583,-1.003937008
31,21,3,-0.767716535,-1.003937008
32,21,3,-0.744094488,-1.003937008
33,21,3,-0.720472441,-1.003937008
34,21,4,-0.696850394,-1.003937008
35,21,4,-0.673228346,-1.003937008
36,21,4,-0.649606299,-1.003937008
37,21,4,-0.625984252,-1.003937008
38,21,4,-0.602362205,-1.003937008
39,21,4,-0.578740157,-1.003937008
40,21,4,-0.555118110,-1.003937008
41,21,4,-0.531496063,-1.003937008
42,21,4,-0.507874016,-1.003937008
43,21,4,-0.484251969,-1.003937008
44,21,4,-0.460629921,-1.003937008
45,21,4,-0.437007874,-1.003937008
46,21,4,-0.413385827,-1.003937008
47,21,4,-0.389763780,-1.003937008
48,21,5,-0.366141732,-1.003937008
49,21,5,-0.342519685,-1.003937008
50,21,5,-0.318897638,-1.003937008
51,21,5,-0.295275591,-1.003937008
52,21,5,-0.271653543,-1.003937008
53,21,6,-0.248031496,-1.003937008
54,21,6,-0.224409449,-1.003937008
55,21,7,-0.200787402,-1.003937008
56,21,9,-0.177165354,-1.003937008
57,21,11,-0.153543307,-1.003937008
58,21,13,-0.129921260,-1.003937008
59,21,9,-0.106299213,-1.003937008
60,21,9,-0.082677165,-1.003937008
61,21,10,-0.059055118,-1.003937008
62,21,10,-0.035433071,-1.003937008
63,21,15,-0.011811024,-1.003937008
64,21,7,0.011811024,-1.003937008
65,21,5,0.035433071,-1.003937008
66,21,5,0.059055118,-1.003937008
67,21,4,0.082677165,-1.003937008
68,21,4,0.106299213,-1.003937008
69,21,4,0.129921260,-1.003937008
70,21,4,0.153543307,-1.003937008
71,21,4,0.177165354,-1.003937008
72,21,4,0.200787402,-1.003937008
73,21,4,0.224409449,-1.003937008
74,21,4,0.248031496,-1.003937008
75,21,4,0.271653543,-1.003937008
76,21,4,0.295275591,-1.003937008
77,21,3,0.318897638,-1.003937008
78,21,3,0.342519685,-1.003937008
79,21,3,0.366141732,-1.003937008
80,21,3,0.389763780,-1.003937008
81,21,3,0.413385827,-1.003937008
82,21,3,0.437007874,-1.003937008
83,21,3,0.460629921,-1.003937008
84,21,3,0.484251969,-1.003937008
85,21,2,0.507874016,-1.003937008
86,21,2,0.531496063,-1.003937008
87,21,2,0.555118110,-1.003937008
88,21,2,0.578740157,-1.003937008
89,21,2,0.602362205,-1.003937008
90,21,2,0.625984252,-1.003937008
91,21,2,0.649606299,-1.003937008
92,21,2,0.673228346,-1.003937008
93,21,2,0.696850394,-1.003937008
94,21,2,0.720472441,-1.003937008
95,21,2,0.744094488,-1.003937008
96,21,2,0.767716535,-1.003937008
97,21,2,0.791338583,-1.003937008
98,21,2,0.814960630,-1.003937008
99,21,2,0.838582677,-1.003937008
100,21,2,0.862204724,-1.003937008
101,21,2,0.885826772,-1.003937008
102,21,2,0.909448819,-1.003937008
103,21,2,0.933070866,-1.003937008
104,21,2,0.956692913,-1.003937008
105,21,2,0.980314961,-1.003937008
106,21,2,1.003937008,-1.003937008
107,21,2,1.027559055,-1.003937008
108,21,2,1.051181102,-1.003937008
109,21,2,1.074803150,-1.003937008
110,21,2,1.098425197,-1.003937008
111,21,2,1.122047244,-1.003937008
112,21,2,1.145669291,-1.003937008
113,21,2,1.169291339,-1.003937008
114,21,2,1.192913386,-1.003937008
115,21,2,1.216535433,-1.003937008
116,21,2,1.240157480,-1.003937008
117,21,2,1.263779528,-1.003937008
118,21,2,1.287401575,-1.003937008
119,21,2,1.311023622,-1.003937008
120,21,2,1.334645669,-1.003937008
121,21,2,1.358267717,-1.003937008
122,21,2,1.381889764,-1.003937008
123,21,2,1.405511811,-1.003937008
124,21,2,1.429133858,-1.003937008
125,21,2,1.452755906,-1.003937008
126,21,2,1.476377953,-1.003937008
127,21,2,1.500000000,-1.003937008
0,22,3,-1.500000000,-0.980314961
1,22,3,-1.476377953,-0.980314961
2,22,3,-1.452755906,-0.980314961
3,22,3,-1.429133858,-0.980314961
4,22,3,-1.405511811,-0.980314961
5,22,3,-1.381889764,-0.980314961
6,22,3,-1.358267717,-0.980314961
7,22,3,-1.334645669,-0.980314961
8,22,3,-1.311023622,-0.980314961
9,22,3,-1.287401575,-0.980314961
10,22,3,-1.263779528,-0.980314961
11,22,3,-1.240157480,-0.980314961
12,22,3,-1.216535433,-0.980314961
13,22,3,-1.192913386,-0.980314961
14,22,3,-1.169291339,-0.980314961
15,22,3,-1.145669291,-0.980314961
16,22,3,-1.122047244,-0.980314961
17,22,3,-1.098425197,-0.980314961
18,22,3,-1.074803150,-0.980314961
19,22,3,-1.051181102,-0.980314961
20,22,3,-1.027559055,-0.980314961
21,22,3,-1.003937008,-0.980314961
22,22,3,-0.980314961,-0.980314961
23,22,3,-0.956692913,-0.980314961
24,22,3,-0.933070866,-0.980314961
25,22,3,-0.909448819,-0.980314961
26,22,3,-0.885826772,-0.980314961
27,22,3,-0.862204724,-0.980314961
28,22,3,-0.838582677,-0.980314961
29,22,3,-0.814960630,-0.980314961
30,22,3,-0.791338583,-0.980314961
31,22,3,-0.767716535,-0.980314961
32,22,3,-0.744094488,-0.980314961
33,22,4,-0.720472441,-0.980314961
34,22,4,-0.696850394,-0.980314961
35,22,4,-0.673228346,-0.980314961
36,22,4,-0.649606299,-0.980314961
37,22,4,-0.625984252,-0.980314961
38,22,4,-0.602362205,-0.980314961
39,22,4,-0.578740157,-0.980314961
40,22,4,-0.555118110,-0.980314961
41,22,4,-0.531496063,-0.980314961
42,22,4,-0.507874016,-0.980314961
43,22,4,-0.484251969,-0.980314961
44,22,4,-0.460629921,-0.980314961
45,22,4,-0.437007874,-0.980314961
46,22,4,-0.413385827,-0.980314961
47,22,5,-0.389763780,-0.980314961
48,22,5,-0.366141732,-0.980314961
49,22,5,-0.342519685,-0.980314961
50,22,5,-0.318897638,-0.980314961
51,22,5,-0.295275591,-0.980314961
52,22,6,-0.271653543,-0.980314961
53,22,6,-0.248031496,-0.980314961
54,22,7,-0.224409449,-0.980314961
55,22,8,-0.200787402,-0.980314961
56,22,9,-0.177165354,-0.980314961
57,22,10,-0.153543307,-0.980314961
58,22,17,-0.129921260,-0.980314961
59,22,12,-0.106299213,-0.980314961
60,22,13,-0.082677165,-0.980314961
61,22,18,-0.059055118,-0.980314961
62,22,14,-0.035433071,-0.980314961
63,22,8,-0.011811024,-0.980314961
64,22,6,0.011811024,-0.980314961
65,22,6,0.035433071,-0.980314961
66,22,6,0.059055118,-0.980314961
67,22,5,0.082677165,-0.980314961
68,22,4,0.106299213,-0.980314961
69,22,4,0.129921260,-0.980314961
70,22,4,0.153543307,-0.980314961
71,22,4,0.177165354,-0.980314961
72,22,4,0.200787402,-0.980314961
73,22,4,0.224409449,-0.980314961
74,22,4,0.248031496,-0.980314961
75,22,4,0.271653543,-0.980314961
76,22,4,0.295275591,-0.980314961
77,22,4,0.318897638,-0.980314961
78,22,3,0.342519685,-0.980314961
79,22,3,0.366141732,-0.980314961
80,22,3,0.389763780,-0.980314961
81,22,3,0.413385827,-0.980314961
82,22,3,0.437007874,-0.980314961
83,22,3,0.460629921,-0.980314961
84,22,3,0.484251969,-0.980314961
85,22,3,0.507874016,-0.980314961
86,22,2,0.531496063,-0.980314961
87,22,2,0.555118110,-0.980314961
88,22,2,0.578740157,-0.980314961
89,22,2,0.602362205,-0.980314961
90,22,2,0.625984252,-0.980314961
91,22,2,0.649606299,-0.980314961
92,22,2,0.673228346,-0.980314961
93,22,2,0.696850394,-0.980314961
94,22,2,0.720472441,-0.980314961
95,22,2,0.744094488,-0.980314961
96,22,2,0.767716535,-0.980314961
97,22,2,0.791338583,-0.980314961
98,22,2,0.814960630,-0.980314961
99,22,2,0.838582677,-0.980314961
100,22,2,0.862204724,-0.980314961
101,22,2,0.885826772,-0.980314961
102,22,2,0.909448819,-0.980314961
103,22,2,0.933070866,-0.980314961
104,22,2,0.956692913,-0.980314961
105,22,2,0.980314961,-0.980314961
106,22,2,1.003937008,-0.980314961
107,22,2,1.027559055,-0.980314961
108,22,2,1.051181102,-0.980314961
109,22,2,1.074803150,-0.980314961
110,22,2,1.098425197,-0.980314961
111,22,2,1.122047244,-0.980314961
112,22,2,1.145669291,-0.980314961
113,22,2,1.169291339,-0.980314961
114,22,2,1.192913386,-0.980314961
115,22,2,1.216535433,-0.980314961
116,22,2,1.240157480,-0.980314961
117,22,2,1.263779528,-0.980314961
118,22,2,1.287401575,-0.980314961
119,22,2,1.311023622,-0.980314961
120,22,2,1.334645669,-0.980314961
121,22,2,1.358267717,-0.980314961
122,22,2,1.381889764,-0.980314961
123,22,2,1.405511811,-0.980314961
124,22,2,1.429133858,-0.980314961
125,22,2,1.452755906,-0.980314961
126,22,2,1.476377953,-0.980314961
127,22,2,1.500000000,-0.980314961
0,23,3,-1.500000000,-0.956692913
1,23,3,-1.476377953,-0.956692913
2,23,3,-1.452755906,-0.956692913
3,23,3,-1.429133858,-0.956692913
4,23,3,-1.405511811,-0.956692913
5,23,3,-1.381889764,-0.956692913
6,23,3,-1.358267717,-0.956692913
7,23,3,-1.334645669,-0.956692913
8,23,3,-1.311023622,-0.956692913
9,23,3,-1.287401575,-0.956692913
10,23,3,-1.263779528,-0.956692913
11,23,3,-1.240157480,-0.956692913
12,23,3,-1.216535433,-0.956692913
13,23,3,-1.192913386,-0.956692913
14,23,3,-1.169291339,-0.956692913
15,23,3,-1.145669291,-0.956692913
16,23,3,-1.122047244,-0.956692913
17,23,3,-1.098425197,-0.956692913
18,23,3,-1.074803150,-0.956692913
19,23,3,-1.051181102,-0.956692913
20,23,3,-1.027559055,-0.956692913
21,23,3,-1.003937008,-0.956692913
22,23,3,-0.980314961,-0.956692913
23,23,3,-0.956692913,-0.956692913
24,23,3,-0.933070866,-0.956692913
25,23,3,-0.909448819,-0.956692913
26,23,3,-0.885826772,-0.956692913
27,23,3,-0.862204724,-0.956692913
28,23,3,-0.838582677,-0.956692913
29,23,3,-0.814960630,-0.956692913
30,23,3,-0.791338583,-0.956692913
31,23,3,-0.767716535,-0.956692913
32,23,4,-0.744094488,-0.956692913
33,23,4,-0.720472441,-0.956692913
34,23,4,-0.696850394,-0.956692913
35,23,4,-0.673228346,-0.956692913
36,23,4,-0.649606299,-0.956692913
37,23,4,-0.625984252,-0.956692913
38,23,4,-0.602362205,-0.956692913
39,23,4,-0.578740157,-0.956692913
40,23,4,-0.555118110,-0.956692913
41,23,4,-0.531496063,-0.956692913
42,23,4,-0.507874016,-0.956692913
43,23,4,-0.484251969,-0.956692913
44,23,4,-0.460629921,-0.956692913
45,23,4,-0.437007874,-0.956692913
46,23,5,-0.413385827,-0.956692913
47,23,5,-0.389763780,-0.956692913
48,23,5,-0.366141732,-0.956692913
49,23,5,-0.342519685,-0.956692913
50,23,6,-0.318897638,-0.956692913
51,23,6,-0.295275591,-0.956692913
52,23,6,-0.271653543,-0.956692913
53,23,7,-0.248031496,-0.956692913
54,23,7,-0.224409449,-0.956692913
55,23,8,-0.200787402,-0.956692913
56,23,8,-0.177165354,-0.956692913
57,23,10,-0.153543307,-0.956692913
58,23,12,-0.129921260,-0.956692913
59,23,19,-0.106299213,-0.956692913
60,23,15,-0.082677165,-0.956692913
61,23,11,-0.059055118,-0.956692913
62,23,9,-0.035433071,-0.956692913
63,23,8,-0.011811024,-0.956692913
64,23,7,0.011811024,-0.956692913
65,23,6,0.035433071,-0.956692913
66,23,5,0.059055118,-0.956692913
67,23,5,0.082677165,-0.956692913
68,23,4,0.106299213,-0.956692913
69,23,4,0.129921260,-0.956692913
70,23,4,0.153543307,-0.956692913
71,23,4,0.177165354,-0.956692913
72,23,4,0.200787402,-0.956692913
73,23,4,0.224409449,-0.956692913
74,23,4,0.248031496,-0.956692913
75,23,4,0.271653543,-0.956692913
76,23,4,0.295275591,-0.956692913
77,23,4,0.318897638,-0.956692913
78,23,3,0.342519685,-0.956692913
79,23,3,0.366141732,-0.956692913
80,23,3,0.389763780,-0.956692913
81,23,3,0.413385827,-0.956692913
82,23,3,0.437007874,-0.956692913
83,23,3,0.460629921,-0.956692913
84,23,3,0.484251969,-0.956692913
85,23,3,0.507874016,-0.956692913
86,23,3,0.531496063,-0.956692913
87,23,2,0.555118110,-0.956692913
88,23,2,0.578740157,-0.956692913
89,23,2,0.602362205,-0.956692913
90,23,2,0.625984252,-0.956692913
91,23,2,0.649606299,-0.956692913
92,23,2,0.673228346,-0.956692913
93,23,2,0.696850394,-0.956692913
94,23,2,0.720472441,-0.956692913
95,23,2,0.744094488,-0.956692913
96,23,2,0.767716535,-0.956692913
97,23,2,0.791338583,-0.956692913
98,23,2,0.814960630,-0.956692913
99,23,2,0.838582677,-0.956692913
100,23,2,0.862204724,-0.956692913
101,23,2,0.885826772,-0.956692913
102,23,2,0.909448819,-0.956692913
103,23,2,0.933070866,-0.956692913
104,23,2,0.956692913,-0.956692913
105,23,2,0.980314961,-0.956692913
106,23,2,1.003937008,-0.956692913
107,23,2,1.027559055,-0.956692913
108,23,2,1.051181102,-0.956692913
109,23,2,1.074803150,-0.956692913
110,23,2,1.098425197,-0.956692913
111,23,2,1.122047244,-0.956692913
112,23,2,1.145669291,-0.956692913
113,23,2,1.169291339,-0.956692913
114,23,2,1.192913386,-0.956692913
115,23,2,1.216535433,-0.956692913
116,23,2,1.240157480,-0.956692913
117,23,2,1.263779528,-0.956692913
118,23,2,1.287401575,-0.956692913
119,23,2,1.311023622,-0.956692913
120,23,2,1.334645669,-0.956692913
121,23,2,1.358267717,-0.956692913
122,23,2,1.381889764,-0.956692913
123,23,2,1.405511811,-0.956692913
124,23,2,1.429133858,-0.956692913
125,23,2,1.452755906,-0.956692913
126,23,2,1.476377953,-0.956692913
127,23,2,1.500000000,-0.956692913
0,24,3,-1.500000000,-0.933070866
1,24,3,-1.476377953,-0.933070866
2,24,3,-1.452755906,-0.933070866
3,24,3,-1.429133858,-0.933070866
4,24,3,-1.405511811,-0.933070866
5,24,3,-1.381889764,-0.933070866
6,24,3,-1.358267717,-0.933070866
7,24,3,-1.334645669,-0.933070866
8,24,3,-1.311023622,-0.933070866
9,24,3,-1.287401575,-0.933070866
10,24,3,-1.263779528,-0.933070866
11,24,3,-1.240157480,-0.933070866
12,24,3,-1.216535433,-0.933070866
13,24,3,-1.192913386,-0.933070866
14,24,3,-1.169291339,-0.933070866
15,24,3,-1.145669291,-0.933070866
16,24,3,-1.122047244,-0.933070866
17,24,3,-1.098425197,-0.933070866
18,24,3,-1.074803150,-0.933070866
19,24,3,-1.051181102,-0.933070866
20,24,3,-1.027559055,-0.933070866
21,24,3,-1.003937008,-0.933070866
22,24,3,-0.980314961,-0.933070866
23,24,3,-0.956692913,-0.933070866
24,24,3,-0.933070866,-0.933070866
25,24,3,-0.909448819,-0.933070866
26,24,3,-0.885826772,-0.933070866
27,24,3,-0.862204724,-0.933070866
28,24,3,-0.838582677,-0.933070866
29,24,3,-0.814960630,-0.933070866
30,24,3,-0.791338583,-0.933070866
31,24,4,-0.767716535,-0.933070866
32,24,4,-0.744094488,-0.933070866
33,24,4,-0.720472441,-0.933070866
34,24,4,-0.696850394,-0.933070866
35,24,4,-0.673228346,-0.933070866
36,24,4,-0.649606299,-0.933070866
37,24,4,-0.625984252,-0.933070866
38,24,4,-0.602362205,-0.933070866
39,24,4,-0.578740157,-0.933070866
40,24,4,-0.555118110,-0.933070866
41,24,4,-0.531496063,-0.933070866
42,24,4,-0.507874016,-0.933070866
43,24,4,-0.484251969,-0.933070866
44,24,4,-0.460629921,-0.933070866
45,24,4,-0.437007874,-0.933070866
46,24,5,-0.413385827,-0.933070866
47,24,5,-0.389763780,-0.933070866
48,24,5,-0.366141732,-0.933070866
49,24,5,-0.342519685,-0.933070866
50,24,6,-0.318897638,-0.933070866
51,24,6,-0.295275591,-0.933070866
52,24,6,-0.271653543,-0.933070866
53,24,7,-0.248031496,-0.933070866
54,24,7,-0.224409449,-0.933070866
55,24,8,-0.200787402,-0.933070866
56,24,9,-0.177165354,-0.933070866
57,24,10,-0.153543307,-0.933070866
58,24,13,-0.129921260,-0.933070866
59,24,24,-0.106299213,-0.933070866
60,24,14,-0.082677165,-0.933070866
61,24,10,-0.059055118,-0.933070866
62,24,9,-0.035433071,-0.933070866
63,24,7,-0.011811024,-0.933070866
64,24,7,0.011811024,-0.933070866
65,24,6,0.035433071,-0.933070866
66,24,5,0.059055118,-0.933070866
67,24,5,0.082677165,-0.933070866
68,24,5,0.106299213,-0.933070866
69,24,4,0.129921260,-0.933070866
70,24,4,0.153543307,-0.933070866
71,24,4,0.177165354,-0.933070866
72,24,4,0.200787402,-0.933070866
73,24,4,0.224409449,-0.933070866
74,24,4,0.248031496,-0.933070866
75,24,4,0.271653543,-0.933070866
76,24,4,0.295275591,-0.933070866
77,24,4,0.318897638,-0.933070866
78,24,4,0.342519685,-0.933070866
79,24,3,0.366141732,-0.933070866
80,24,3,0.389763780,-0.933070866
81,24,3,0.413385827,-0.933070866
82,24,3,0.437007874,-0.933070866
83,24,3,0.460629921,-0.933070866
84,24,3,0.484251969,-0.933070866
85,24,3,0.507874016,-0.933070866
86,24,3,0.531496063,-0.933070866
87,24,3,0.555118110,-0.933070866
88,24,2,0.578740157,-0.933070866
89,24,2,0.602362205,-0.933070866
90,24,2,0.625984252,-0.933070866
91,24,2,0.649606299,-0.933070866
92,24,2,0.673228346,-0.933070866
93,24,2,0.696850394,-0.933070866
94,24,2,0.720472441,-0.933070866
95,24,2,0.744094488,-0.933070866
96,24,2,0.767716535,-0.933070866
97,24,2,0.791338583,-0.933070866
98,24,2,0.814960630,-0.933070866
99,24,2,0.838582677,-0.933070866
100,24,2,0.862204724,-0.933070866
101,24,2,0.885826772,-0.933070866
102,24,2,0.909448819,-0.933070866
103,24,2,0.933070866,-0.933070866
104,24,2,0.956692913,-0.933070866
105,24,2,0.980314961,-0.933070866
106,24,2,1.003937008,-0.933070866
107,24,2,1.027559055,-0.933070866
108,24,2,1.051181102,-0.933070866
109,24,2,1.074803150,-0.933070866
110,24,2,1.098425197,-0.933070866
111,24,2,1.122047244,-0.933070866
112,24,2,1.145669291,-0.933070866
113,24,2,1.169291339,-0.933070866
114,24,2,1.192913386,-0.933070866
115,24,2,1.216535433,-0.933070866
116,24,2,1.240157480,-0.933070866
117,24,2,1.263779528,-0.933070866
118,24,2,1.287401575,-0.933070866
119,24,2,1.311023622,-0.933070866
120,24,2,1.334645669,-0.933070866
121,24,2,1.358267717,-0.933070866
122,24,2,1.381889764,-0.933070866
123,24,2,1.405511811,-0.933070866
124,24,2,1.429133858,-0.933070866
125,24,2,1.452755906,-0.933070866
126,24,2,1.476377953,-0.933070866
127,24,2,1.500000000,-0.933070866
0,25,3,-1.500000000,-0.909448819
1,25,3,-1.476377953,-0.909448819
2,25,3,-1.452755906,-0.909448819
3,25,3,-1.429133858,-0.909448819
4,25,3,-1.405511811,-0.909448819
5,25,3,-1.381889764,-0.909448819
6,25,3,-1.358267717,-0.909448819
7,25,3,-1.334645669,-0.909448819
8,25,3,-1.311023622,-0.909448819
9,25,3,-1.287401575,-0.909448819
10,25,3,-1.263779528,-0.909448819
11,25,3,-1.240157480,-0.909448819
12,25,3,-1.216535433,-0.909448819
13,25,3,-1.192913386,-0.909448819
14,25,3,-1.169291339,-0.909448819
15,25,3,-1.145669291,-0.909448819
16,25,3,-1.122047244,-0.909448819
17,25,3,-1.098425197,-0.909448819
18,25,3,-1.074803150,-0.909448819
19,25,3,-1.051181102,-0.909448819
20,25,3,-1.027559055,-0.909448819
21,25,3,-1.003937008,-0.909448819
22,25,3,-0.980314961,-0.909448819
23,25,3,-0.956692913,-0.909448819
24,25,3,-0.933070866,-0.909448819
25,25,3,-0.909448819,-0.909448819
26,25,3,-0.885826772,-0.909448819
27,25,3,-0.862204724,-0.909448819
28,25,3,-0.838582677,-0.909448819
29,25,3,-0.814960630,-0.909448819
30,25,4,-0.791338583,-0.909448819
31,25,4,-0.767716535,-0.909448819
32,25,4,-0.744094488,-0.909448819
33,25,4,-0.720472441,-0.909448819
34,25,4,-0.696850394,-0.909448819
35,25,4,-0.673228346,-0.909448819
36,25,4,-0.649606299,-0.909448819
37,25,4,-0.625984252,-0.909448819
38,25,4,-0.602362205,-0.909448819
39,25,4,-0.578740157,-0.909448819
40,25,4,-0.555118110,-0.909448819
41,25,4,-0.531496063,-0.909448819
42,25,4,-0.507874016,-0.909448819
43,25,4,-0.484251969,-0.909448819
44,25,5,-0.460629921,-0.909448819
45,25,5,-0.437007874,-0.909448819
46,25,5,-0.413385827,-0.909448819
47,25,5,-0.389763780,-0.909448819
48,25,5,-0.366141732,-0.909448819
49,25,5,-0.342519685,-0.909448819
50,25,6,-0.318897638,-0.909448819
51,25,6,-0.295275591,-0.909448819
52,25,7,-0.271653543,-0.909448819
53,25,8,-0.248031496,-0.909448819
54,25,8,-0.224409449,-0.909448819
55,25,9,-0.200787402,-0.909448819
56,25,11,-0.177165354,-0.909448819
57,25,29,-0.153543307,-0.909448819
58,25,16,-0.129921260,-0.909448819
59,25,36,-0.106299213,-0.909448819
60,25,14,-0.082677165,-0.909448819
61,25,12,-0.059055118,-0.909448819
62,25,9,-0.035433071,-0.909448819
63,25,8,-0.011811024,-0.909448819
64,25,7,0.011811024,-0.909448819
65,25,6,0.035433071,-0.909448819
66,25,6,0.059055118,-0.909448819
67,25,5,0.082677165,-0.909448819
68,25,5,0.106299213,-0.909448819
69,25,5,0.129921260,-0.909448819
70,25,5,0.153543307,-0.909448819
71,25,4,0.177165354,-0.909448819
72,25,4,0.200787402,-0.909448819
73,25,4,0.224409449,-0.909448819
74,25,4,0.248031496,-0.909448819
75,25,4,0.271653543,-0.909448819
76,25,4,0.295275591,-0.909448819
77,25,4,0.318897638,-0.909448819
78,25,4,0.342519685,-0.909448819
79,25,3,0.366141732,-0.909448819
80,25,3,0.389763780,-0.909448819
81,25,3,0.413385827,-0.909448819
82,25,3,0.437007874,-0.909448819
83,25,3,0.460629921,-0.909448819
84,25,3,0.484251969,-0.909448819
85,25,3,0.507874016,-0.909448819
86,25,3,0.531496063,-0.909448819
87,25,3,0.555118110,-0.909448819
88,25,3,0.578740157,-0.909448819
89,25,2,0.602362205,-0.909448819
90,25,2,0.625984252,-0.909448819
91,25,2,0.649606299,-0.909448819
92,25,2,0.673228346,-0.909448819
93,25,2,0.696850394,-0.909448819
94,25,2,0.720472441,-0.909448819
95,25,2,0.744094488,-0.909448819
96,25,2,0.767716535,-0.909448819
97,25,2,0.791338583,-0.909448819
98,25,2,0.814960630,-0.909448819
99,25,2,0.838582677,-0.909448819
100,25,2,0.862204724,-0.909448819
101,25,2,0.885826772,-0.909448819
102,25,2,0.909448819,-0.909448819
103,25,2,0.933070866,-0.909448819
104,25,2,0.956692913,-0.909448819
105,25,2,0.980314961,-0.909448819
106,25,2,1.003937008,-0.909448819
107,25,2,1.027559055,-0.909448819
108,25,2,1.051181102,-0.909448819
109,25,2,1.074803150,-0.909448819
110,25,2,1.098425197,-0.909448819
111,25,2,1.122047244,-0.909448819
112,25,2,1.145669291,-0.909448819
113,25,2,1.169291339,-0.909448819
114,25,2,1.192913386,-0.909448819
115,25,2,1.216535433,-0.909448819
116,25,2,1.240157480,-0.909448819
117,25,2,1.263779528,-0.909448819
118,25,2,1.287401575,-0.909448819
119,25,2,1.311023622,-0.909448819
120,25,2,1.334645669,-0.909448819
121,25,2,1.358267717,-0.909448819
122,25,2,1.381889764,-0.909448819
123,25,2,1.405511811,-0.909448819
124,25,2,1.429133858,-0.909448819
125,25,2,1.452755906,-0.909448819
126,25,2,1.476377953,-0.909448819
127,25,2,1.500000000,-0.909448819
0,26,3,-1.500000000,-0.885826772
1,26,3,-1.476377953,-0.885826772
2,26,3,-1.452755906,-0.885826772
3,26,3,-1.429133858,-0.885826772
4,26,3,-1.405511811,-0.885826772
5,26,3,-1.381889764,-0.885826772
6,26,3,-1.358267717,-0.885826772
7,26,3,-1.334645669,-0.885826772
8,26,3,-1.311023622,-0.885826772
9,26,3,-1.287401575,-0.885826772
10,26,3,-1.263779528,-0.885826772
11,26,3,-1.240157480,-0.885826772
12,26,3,-1.216535433,-0.885826772
13,26,3,-1.192913386,-0.885826772
14,26,3,-1.169291339,-0.885826772
15,26,3,-1.145669291,-0.885826772
16,26,3,-1.122047244,-0.885826772
17,26,3,-1.098425197,-0.885826772
18,26,3,-1.074803150,-0.885826772
19,26,3,-1.051181102,-0.885826772
20,26,3,-1.027559055,-0.885826772
21,26,3,-1.003937008,-0.885826772
22,26,3,-0.980314961,-0.885826772
23,26,3,-0.956692913,-0.885826772
24,26,3,-0.933070866,-0.885826772
25,26,3,-0.909448819,-0.885826772
26,26,3,-0.885826772,-0.885826772
27,26,3,-0.862204724,-0.885826772
28,26,4,-0.838582677,-0.885826772
29,26,4,-0.814960630,-0.885826772
30,26,4,-0.791338583,-0.885826772
31,26,4,-0.767716535,-0.885826772
32,26,4,-0.744094488,-0.885826772
33,26,4,-0.720472441,-0.885826772
34,26,4,-0.696850394,-0.885826772
35,26,4,-0.673228346,-0.885826772
36,26,4,-0.649606299,-0.885826772
37,26,4,-0.625984252,-0.885826772
38,26,4,-0.602362205,-0.885826772
39,26,5,-0.578740157,-0.885826772
40,26,5,-0.555118110,-0.885826772
41,26,5,-0.531496063,-0.885826772
42,26,5,-0.507874016,-0.885826772
43,26,5,-0.484251969,-0.885826772
44,26,5,-0.460629921,-0.885826772
45,26,5,-0.437007874,-0.885826772
46,26,5,-0.413385827,-0.885826772
47,26,5,-0.389763780,-0.885826772
48,26,5,-0.366141732,-0.885826772
49,26,6,-0.342519685,-0.885826772
50,26,7,-0.318897638,-0.885826772
51,26,7,-0.295275591,-0.885826772
52,26,8,-0.271653543,-0.885826772
53,26,14,-0.248031496,-0.885826772
54,26,10,-0.224409449,-0.885826772
55,26,10,-0.200787402,-0.885826772
56,26,12,-0.177165354,-0.885826772
57,26,18,-0.153543307,-0.885826772
58,26,31,-0.129921260,-0.885826772
59,26,256,-0.106299213,-0.885826772
60,26,38,-0.082677165,-0.885826772
61,26,17,-0.059055118,-0.885826772
62,26,10,-0.035433071,-0.885826772
63,26,8,-0.011811024,-0.885826772
64,26,8,0.011811024,-0.885826772
65,26,7,0.035433071,-0.885826772
66,26,6,0.059055118,-0.885826772
67,26,6,0.082677165,-0.885826772
68,26,5,0.106299213,-0.885826772
69,26,5,0.129921260,-0.885826772
70,26,5,0.153543307,-0.885826772
71,26,5,0.177165354,-0.885826772
72,26,5,0.200787402,-0.885826772
73,26,5,0.224409449,-0.885826772
74,26,5,0.248031496,-0.885826772
75,26,4,0.271653543,-0.885826772
76,26,4,0.295275591,-0.885826772
77,26,4,0.318897638,-0.885826772
78,26,4,0.342519685,-0.885826772
79,26,4,0.366141732,-0.885826772
80,26,3,0.389763780,-0.885826772
81,26,3,0.413385827,-0.885826772
82,26,3,0.437007874,-0.885826772
83,26,3,0.460629921,-0.885826772
84,26,3,0.484251969,-0.885826772
85,26,3,0.507874016,-0.885826772
86,26,3,0.531496063,-0.885826772
87,26,3,0.555118110,-0.885826772
88,26,3,0.578740157,-0.885826772
89,26,3,0.602362205,-0.885826772
90,26,3,0.625984252,-0.885826772
91,26,2,0.649606299,-0.885826772
92,26,2,0.673228346,-0.885826772
93,26,2,0.696850394,-0.885826772
94,26,2,0.720472441,-0.885826772
95,26,2,0.744094488,-0.885826772
96,26,2,0.767716535,-0.885826772
97,26,2,0.791338583,-0.885826772
98,26,2,0.814960630,-0.885826772
99,26,2,0.838582677,-0.885826772
100,26,2,0.862204724,-0.885826772
101,26,2,0.885826772,-0.885826772
102,26,2,0.909448819,-0.885826772
103,26,2,0.933070866,-0.885826772
104,26,2,0.956692913,-0.885826772
105,26,2,0.980314961,-0.885826772
106,26,2,1.003937008,-0.885826772
107,26,2,1.027559055,-0.885826772
108,26,2,1.051181102,-0.885826772
109,26,2,1.074803150,-0.885826772
110,26,2,1.098425197,-0.885826772
111,26,2,1.122047244,-0.885826772
112,26,2,1.145669291,-0.885826772
113,26,2,1.169291339,-0.885826772
114,26,2,1.192913386,-0.885826772
115,26,2,1.216535433,-0.885826772
116,26,2,1.240157480,-0.885826772
117,26,2,1.263779528,-0.885826772
118,26,2,1.287401575,-0.885826772
119,26,2,1.311023622,-0.885826772
120,26,2,1.334645669,-0.885826772
121,26,2,1.358267717,-0.885826772
122,26,2,1.381889764,-0.885826772
123,26,2,1.405511811,-0.885826772
124,26,2,1.429133858,-0.885826772
125,26,2,1.452755906,-0.885826772
126,26,2,1.476377953,-0.885826772
127,26,2,1.500000000,-0.885826772
0,27,3,-1.500000000,-0.862204724
1,27,3,-1.476377953,-0.862204724
2,27,3,-1.452755906,-0.862204724
3,27,3,-1.429133858,-0.862204724
4,27,3,-1.405511811,-0.862204724
5,27,3,-1.381889764,-0.862204724
6,27,3,-1.358267717,-0.862204724
7,27,3,-1.334645669,-0.862204724
8,27,3,-1.311023622,-0.862204724
9,27,3,-1.287401575,-0.862204724
10,27,3,-1.263779528,-0.862204724
11,27,3,-1.240157480,-0.862204724
12,27,3,-1.216535433,-0.862204724
13,27,3,-1.192913386,-0.862204724
14,27,3,-1.169291339,-0.862204724
15,27,3,-1.145669291,-0.862204724
16,27,3,-1.122047244,-0.862204724
17,27,3,-1.098425197,-0.862204724
18,27,3,-1.074803150,-0.862204724
19,27,3,-1.051181102,-0.862204724
20,27,3,-1.027559055,-0.862204724
21,27,3,-1.003937008,-0.862204724
22,27,3,-0.980314961,-0.862204724
23,27,3,-0.956692913,-0.862204724
24,27,3,-0.933070866,-0.862204724
25,27,3,-0.909448819,-0.862204724
26,27,4,-0.885826772,-0.862204724
27,27,4,-0.862204724,-0.862204724
28,27,4,-0.838582677,-0.862204724
29,27,4,-0.814960630,-0.862204724
30,27,4,-0.791338583,-0.862204724
31,27,4,-0.767716535,-0.862204724
32,27,4,-0.744094488,-0.862204724
33,27,4,-0.720472441,-0.862204724
34,27,4,-0.696850394,-0.862204724
35,27,4,-0.673228346,-0.862204724
36,27,4,-0.649606299,-0.862204724
37,27,4,-0.625984252,-0.862204724
38,27,5,-0.602362205,-0.862204724
39,27,5,-0.578740157,-0.862204724
40,27,5,-0.555118110,-0.862204724
41,27,5,-0.531496063,-0.862204724
42,27,5,-0.507874016,-0.862204724
43,27,5,-0.484251969,-0.862204724
44,27,5,-0.460629921,-0.862204724
45,27,5,-0.437007874,-0.862204724
46,27,5,-0.413385827,-0.862204724
47,27,5,-0.389763780,-0.862204724
48,27,6,-0.366141732,-0.862204724
49,27,6,-0.342519685,-0.862204724
50,27,7,-0.318897638,-0.862204724
51,27,8,-0.295275591,-0.862204724
52,27,10,-0.271653543,-0.862204724
53,27,13,-0.248031496,-0.862204724
54,27,14,-0.224409449,-0.862204724
55,27,12,-0.200787402,-0.862204724
56,27,16,-0.177165354,-0.862204724
57,27,21,-0.153543307,-0.862204724
58,27,256,-0.129921260,-0.862204724
59,27,256,-0.106299213,-0.862204724
60,27,57,-0.082677165,-0.862204724
61,27,14,-0.059055118,-0.862204724
62,27,11,-0.035433071,-0.862204724
63,27,10,-0.011811024,-0.862204724
64,27,11,0.011811024,-0.862204724
65,27,9,0.035433071,-0.862204724
66,27,7,0.059055118,-0.862204724
67,27,6,0.082677165,-0.862204724
68,27,6,0.106299213,-0.862204724
69,27,5,0.129921260,-0.862204724
70,27,5,0.153543307,-0.862204724
71,27,5,0.177165354,-0.862204724
72,27,5,0.200787402,-0.862204724
73,27,5,0.224409449,-0.862204724
74,27,5,0.248031496,-0.862204724
75,27,4,0.271653543,-0.862204724
76,27,4,0.295275591,-0.862204724
77,27,4,0.318897638,-0.862204724
78,27,4,0.342519685,-0.862204724
79,27,4,0.366141732,-0.862204724
80,27,4,0.389763780,-0.862204724
81,27,3,0.413385827,-0.862204724
82,27,3,0.437007874,-0.862204724
83,27,3,0.460629921,-0.862204724
84,27,3,0.484251969,-0.862204724
85,27,3,0.507874016,-0.862204724
86,27,3,0.531496063,-0.862204724
87,27,3,0.555118110,-0.862204724
88,27,3,0.578740157,-0.862204724
89,27,3,0.602362205,-0.862204724
90,27,3,0.625984252,-0.862204724
91,27,3,0.649606299,-0.862204724
92,27,2,0.673228346,-0.862204724
93,27,2,0.696850394,-0.862204724
94,27,2,0.720472441,-0.862204724
95,27,2,0.744094488,-0.862204724
96,27,2,0.767716535,-0.862204724
97,27,2,0.791338583,-0.862204724
98,27,2,0.814960630,-0.862204724
99,27,2,0.838582677,-0.862204724
100,27,2,0.862204724,-0.862204724
101,27,2,0.885826772,-0.862204724
102,27,2,0.909448819,-0.862204724
103,27,2,0.933070866,-0.862204724
104,27,2,0.956692913,-0.862204724
105,27,2,0.980314961,-0.862204724
106,27,2,1.003937008,-0.862204724
107,27,2,1.027559055,-0.862204724
108,27,2,1.051181102,-0.862204724
109,27,2,1.074803150,-0.862204724
110,27,2,1.098425197,-0.862204724
111,27,2,1.122047244,-0.862204724
112,27,2,1.145669291,-0.862204724
113,27,2,1.169291339,-0.862204724
114,27,2,1.192913386,-0.862204724
115,27,2,1.216535433,-0.862204724
116,27,2,1.240157480,-0.862204724
117,27,2,1.263779528,-0.862204724
118,27,2,1.287401575,-0.862204724
119,27,2,1.311023622,-0.862204724
120,27,2,1.334645669,-0.862204724
121,27,2,1.358267717,-0.862204724
122,27,2,1.381889764,-0.862204724
123,27,2,1.405511811,-0.862204724
124,27,2,1.429133858,-0.862204724
125,27,2,1.452755906,-0.862204724
126,27,2,1.476377953,-0.862204724
127,27,2,1.500000000,-0.862204724
0,28,3,-1.500000000,-0.838582677
1,28,3,-1.476377953,-0.838582677
2,28,3,-1.452755906,-0.838582677
3,28,3,-1.429133858,-0.838582677
4,28,3,-1.405511811,-0.838582677
5,28,3,-1.381889764,-0.838582677
6,28,3,-1.358267717,-0.838582677
7,28,3,-1.334645669,-0.838582677
8,28,3,-1.311023622,-0.838582677
9,28,3,-1.287401575,-0.838582677
10,28,3,-1.263779528,-0.838582677
11,28,3,-1.240157480,-0.838582677
12,28,3,-1.216535433,-0.838582677
13,28,3,-1.192913386,-0.838582677
14,28,3,-1.169291339,-0.838582677
15,28,3,-1.145669291,-0.838582677
16,28,3,-1.122047244,-0.838582677
17,28,3,-1.098425197,-0.838582677
18,28,3,-1.074803150,-0.838582677
19,28,3,-1.051181102,-0.838582677
20,28,3,-1.027559055,-0.838582677
21,28,3,-1.003937008,-0.838582677
22,28,3,-0.980314961,-0.838582677
23,28,4,-0.956692913,-0.838582677
24,28,4,-0.933070866,-0.838582677
25,28,4,-0.909448819,-0.838582677
26,28,4,-0.885826772,-0.838582677
27,28,4,-0.862204724,-0.838582677
28,28,4,-0.838582677,-0.838582677
29,28,4,-0.814960630,-0.838582677
30,28,4,-0.791338583,-0.838582677
31,28,4,-0.767716535,-0.838582677
32,28,4,-0.744094488,-0.838582677
33,28,4,-0.720472441,-0.838582677
34,28,4,-0.696850394,-0.838582677
35,28,4,-0.673228346,-0.838582677
36,28,4,-0.649606299,-0.838582677
37,28,4,-0.625984252,-0.838582677
38,28,5,-0.602362205,-0.838582677
39,28,5,-0.578740157,-0.838582677
40,28,5,-0.555118110,-0.838582677
41,28,5,-0.531496063,-0.838582677
42,28,5,-0.507874016,-0.838582677
43,28,6,-0.484251969,-0.838582677
44,28,5,-0.460629921,-0.838582677
45,28,5,-0.437007874,-0.838582677
46,28,6,-0.413385827,-0.838582677
47,28,6,-0.389763780,-0.838582677
48,28,6,-0.366141732,-0.838582677
49,28,6,-0.342519685,-0.838582677
50,28,7,-0.318897638,-0.838582677
51,28,12,-0.295275591,-0.838582677
52,28,21,-0.271653543,-0.838582677
53,28,18,-0.248031496,-0.838582677
54,28,17,-0.224409449,-0.838582677
55,28,18,-0.200787402,-0.838582677
56,28,119,-0.177165354,-0.838582677
57,28,43,-0.153543307,-0.838582677
58,28,256,-0.129921260,-0.838582677
59,28,191,-0.106299213,-0.838582677
60,28,39,-0.082677165,-0.838582677
61,28,20,-0.059055118,-0.838582677
62,28,14,-0.035433071,-0.838582677
63,28,16,-0.011811024,-0.838582677
64,28,15,0.011811024,-0.838582677
65,28,9,0.035433071,-0.838582677
66,28,7,0.059055118,-0.838582677
67,28,6,0.082677165,-0.838582677
68,28,6,0.106299213,-0.838582677
69,28,5,0.129921260,-0.838582677
70,28,5,0.153543307,-0.838582677
71,28,5,0.177165354,-0.838582677
72,28,5,0.200787402,-0.838582677
73,28,5,0.224409449,-0.838582677
74,28,5,0.248031496,-0.838582677
75,28,5,0.271653543,-0.838582677
76,28,4,0.295275591,-0.838582677
77,28,4,0.318897638,-0.838582677
78,28,4,0.342519685,-0.838582677
79,28,4,0.366141732,-0.838582677
80,28,4,0.389763780,-0.838582677
81,28,4,0.413385827,-0.838582677
82,28,3,0.437007874,-0.838582677
83,28,3,0.460629921,-0.838582677
84,28,3,0.484251969,-0.838582677
85,28,3,0.507874016,-0.838582677
86,28,3,0.531496063,-0.838582677
87,28,3,0.555118110,-0.838582677
88,28,3,0.578740157,-0.838582677
89,28,3,0.602362205,-0.838582677
90,28,3,0.625984252,-0.838582677
91,28,3,0.649606299,-0.838582677
92,28,3,0.673228346,-0.838582677
93,28,2,0.696850394,-0.838582677
94,28,2,0.720472441,-0.838582677
95,28,2,0.744094488,-0.838582677
96,28,2,0.767716535,-0.838582677
97,28,2,0.791338583,-0.838582677
98,28,2,0.814960630,-0.838582677
99,28,2,0.838582677,-0.838582677
100,28,2,0.862204724,-0.838582677
101,28,2,0.885826772,-0.838582677
102,28,2,0.909448819,-0.838582677
103,28,2,0.933070866,-0.838582677
104,28,2,0.956692913,-0.838582677
105,28,2,0.980314961,-0.838582677
106,28,2,1.003937008,-0.838582677
107,28,2,1.027559055,-0.838582677
108,28,2,1.051181102,-0.838582677
109,28,2,1.074803150,-0.838582677
110,28,2,1.098425197,-0.838582677
111,28,2,1.122047244,-0.838582677
112,28,2,1.145669291,-0.838582677
113,28,2,1.169291339,-0.838582677
114,28,2,1.192913386,-0.838582677
115,28,2,1.216535433,-0.838582677
116,28,2,1.240157480,-0.838582677
117,28,2,1.263779528,-0.838582677
118,28,2,1.287401575,-0.838582677
119,28,2,1.311023622,-0.838582677
120,28,2,1.334645669,-0.838582677
121,28,2,1.358267717,-0.838582677
122,28,2,1.381889764,-0.838582677
123,28,2,1.405511811,-0.838582677
124,28,2,1.429133858,-0.838582677
125,28,2,1.452755906,-0.838582677
126,28,2,1.476377953,-0.838582677
127,28,2,1.500000000,-0.838582677
0,29,3,-1.500000000,-0.814960630
1,29,3,-1.476377953,-0.814960630
2,29,3,-1.452755906,-0.814960630
3,29,3,-1.429133858,-0.814960630
4,29,3,-1.405511811,-0.814960630
5,29,3,-1.381889764,-0.814960630
6,29,3,-1.358267717,-0.814960630
7,29,3,-1.334645669,-0.814960630
8,29,3,-1.311023622,-0.814960630
9,29,3,-1.287401575,-0.814960630
10,29,3,-1.263779528,-0.814960630
11,29,3,-1.240157480,-0.814960630
12,29,3,-1.216535433,-0.814960630
13,29,3,-1.192913386,-0.814960630
14,29,3,-1.169291339,-0.814960630
15,29,3,-1.145669291,-0.814960630
16,29,4,-1.122047244,-0.814960630
17,29,4,-1.098425197,-0.814960630
18,29,4,-1.074803150,-0.814960630
19,29,4,-1.051181102,-0.814960630
20,29,4,-1.027559055,-0.814960630
21,29,4,-1.003937008,-0.814960630
22,29,4,-0.980314961,-0.814960630
23,29,4,-0.956692913,-0.814960630
24,29,4,-0.933070866,-0.814960630
25,29,4,-0.909448819,-0.814960630
26,29,4,-0.885826772,-0.814960630
27,29,4,-0.862204724,-0.814960630
28,29,4,-0.838582677,-0.814960630
29,29,4,-0.814960630,-0.814960630
30,29,4,-0.791338583,-0.814960630
31,29,4,-0.767716535,-0.814960630
32,29,4,-0.744094488,-0.814960630
33,29,4,-0.720472441,-0.814960630
34,29,4,-0.696850394,-0.814960630
35,29,4,-0.673228346,-0.814960630
36,29,4,-0.649606299,-0.814960630
37,29,4,-0.625984252,-0.814960630
38,29,5,-0.602362205,-0.814960630
39,29,5,-0.578740157,-0.814960630
40,29,5,-0.555118110,-0.814960630
41,29,5,-0.531496063,-0.814960630
42,29,5,-0.507874016,-0.814960630
43,29,6,-0.484251969,-0.814960630
44,29,6,-0.460629921,-0.814960630
45,29,6,-0.437007874,-0.814960630
46,29,6,-0.413385827,-0.814960630
47,29,6,-0.389763780,-0.814960630
48,29,7,-0.366141732,-0.814960630
49,29,7,-0.342519685,-0.814960630
50,29,8,-0.318897638,-0.814960630
51,29,9,-0.295275591,-0.814960630
52,29,11,-0.271653543,-0.814960630
53,29,23,-0.248031496,-0.814960630
54,29,173,-0.224409449,-0.814960630
55,29,50,-0.200787402,-0.814960630
56,29,256,-0.177165354,-0.814960630
57,29,256,-0.153543307,-0.814960630
58,29,256,-0.129921260,-0.814960630
59,29,256,-0.106299213,-0.814960630
60,29,256,-0.082677165,-0.814960630
61,29,107,-0.059055118,-0.814960630
62,29,25,-0.035433071,-0.814960630
63,29,20,-0.011811024,-0.814960630
64,29,17,0.011811024,-0.814960630
65,29,21,0.035433071,-0.814960630
66,29,7,0.059055118,-0.814960630
67,29,7,0.082677165,-0.814960630
68,29,6,0.106299213,-0.814960630
69,29,6,0.129921260,-0.814960630
70,29,5,0.153543307,-0.814960630
71,29,5,0.177165354,-0.814960630
72,29,5,0.200787402,-0.814960630
73,29,5,0.224409449,-0.814960630
74,29,5,0.248031496,-0.814960630
75,29,5,0.271653543,-0.814960630
76,29,5,0.295275591,-0.814960630
77,29,4,0.318897638,-0.814960630
78,29,4,0.342519685,-0.814960630
79,29,4,0.366141732,-0.814960630
80,29,4,0.389763780,-0.814960630
81,29,4,0.413385827,-0.814960630
82,29,4,0.437007874,-0.814960630
83,29,4,0.460629921,-0.814960630
84,29,3,0.484251969,-0.814960630
85,29,3,0.507874016,-0.814960630
86,29,3,0.531496063,-0.814960630
87,29,3,0.555118110,-0.814960630
88,29,3,0.578740157,-0.814960630
89,29,3,0.602362205,-0.814960630
90,29,3,0.625984252,-0.814960630
91,29,3,0.649606299,-0.814960630
92,29,3,0.673228346,-0.814960630
93,29,3,0.696850394,-0.814960630
94,29,3,0.720472441,-0.814960630
95,29,2,0.744094488,-0.814960630
96,29,2,0.767716535,-0.814960630
97,29,2,0.791338583,-0.814960630
98,29,2,0.814960630,-0.814960630
99,29,2,0.838582677,-0.814960630
100,29,2,0.862204724,-0.814960630
101,29,2,0.885826772,-0.814960630
102,29,2,0.909448819,-0.814960630
103,29,2,0.933070866,-0.814960630
104,29,2,0.956692913,-0.814960630
105,29,2,0.980314961,-0.814960630
106,29,2,1.003937008,-0.814960630
107,29,2,1.027559055,-0.814960630
108,29,2,1.051181102,-0.814960630
109,29,2,1.074803150,-0.814960630
110,29,2,1.098425197,-0.814960630
111,29,2,1.122047244,-0.814960630
112,29,2,1.145669291,-0.814960630
113,29,2,1.169291339,-0.814960630
114,29,2,1.192913386,-0.814960630
115,29,2,1.216535433,-0.814960630
116,29,2,1.240157480,-0.814960630
117,29,2,1.263779528,-0.814960630
118,29,2,1.287401575,-0.814960630
119,29,2,1.311023622,-0.814960630
120,29,2,1.334645669,-0.814960630
121,29,2,1.358267717,-0.814960630
122,29,2,1.381889764,-0.814960630
123,29,2,1.405511811,-0.814960630
124,29,2,1.429133858,-0.814960630
125,29,2,1.452755906,-0.814960630
126,29,2,1.476377953,-0.814960630
127,29,2,1.500000000,-0.814960630
0,30,3,-1.500000000,-0.791338583
1,30,3,-1.476377953,-0.791338583
2,30,3,-1.452755906,-0.791338583
3,30,3,-1.429133858,-0.791338583
4,30,3,-1.405511811,-0.791338583
5,30,3,-1.381889764,-0.791338583
6,30,3,-1.358267717,-0.791338583
7,30,3,-1.334645669,-0.791338583
8,30,3,-1.311023622,-0.791338583
9,30,3,-1.287401575,-0.791338583
10,30,3,-1.263779528,-0.791338583
11,30,3,-1.240157480,-0.791338583
12,30,3,-1.216535433,-0.791338583
13,30,3,-1.192913386,-0.791338583
14,30,3,-1.169291339,-0.791338583
15,30,4,-1.145669291,-0.791338583
16,30,4,-1.122047244,-0.791338583
17,30,4,-1.098425197,-0.791338583
18,30,4,-1.074803150,-0.791338583
19,30,4,-1.051181102,-0.791338583
20,30,4,-1.027559055,-0.791338583
21,30,4,-1.003937008,-0.791338583
22,30,4,-0.980314961,-0.791338583
23,30,4,-0.956692913,-0.791338583
24,30,4,-0.933070866,-0.791338583
25,30,4,-0.909448819,-0.791338583
26,30,4,-0.885826772,-0.791338583
27,30,4,-0.862204724,-0.791338583
28,30,4,-0.838582677,-0.791338583
29,30,4,-0.814960630,-0.791338583
30,30,4,-0.791338583,-0.791338583
31,30,4,-0.767716535,-0.791338583
32,30,4,-0.744094488,-0.791338583
33,30,4,-0.720472441,-0.791338583
34,30,4,-0.696850394,-0.791338583
35,30,4,-0.673228346,-0.791338583
36,30,4,-0.649606299,-0.791338583
37,30,5,-0.625984252,-0.791338583
38,30,5,-0.602362205,-0.791338583
39,30,5,-0.578740157,-0.791338583
40,30,5,-0.555118110,-0.791338583
41,30,5,-0.531496063,-0.791338583
42,30,6,-0.507874016,-0.791338583
43,30,6,-0.484251969,-0.791338583
44,30,6,-0.460629921,-0.791338583
45,30,6,-0.437007874,-0.791338583
46,30,6,-0.413385827,-0.791338583
47,30,7,-0.389763780,-0.791338583
48,30,7,-0.366141732,-0.791338583
49,30,7,-0.342519685,-0.791338583
50,30,8,-0.318897638,-0.791338583
51,30,9,-0.295275591,-0.791338583
52,30,11,-0.271653543,-0.791338583
53,30,14,-0.248031496,-0.791338583
54,30,26,-0.224409449,-0.791338583
55,30,256,-0.200787402,-0.791338583
56,30,256,-0.177165354,-0.791338583
57,30,256,-0.153543307,-0.791338583
58,30,256,-0.129921260,-0.791338583
59,30,256,-0.106299213,-0.791338583
60,30,256,-0.082677165,-0.791338583
61,30,256,-0.059055118,-0.791338583
62,30,256,-0.035433071,-0.791338583
63,30,74,-0.011811024,-0.791338583
64,30,12,0.011811024,-0.791338583
65,30,9,0.035433071,-0.791338583
66,30,7,0.059055118,-0.791338583
67,30,7,0.082677165,-0.791338583
68,30,7,0.106299213,-0.791338583
69,30,6,0.129921260,-0.791338583
70,30,5,0.153543307,-0.791338583
71,30,5,0.177165354,-0.791338583
72,30,5,0.200787402,-0.791338583
73,30,5,0.224409449,-0.791338583
74,30,5,0.248031496,-0.791338583
75,30,5,0.271653543,-0.791338583
76,30,5,0.295275591,-0.791338583
77,30,5,0.318897638,-0.791338583
78,30,4,0.342519685,-0.791338583
79,30,4,0.366141732,-0.791338583
80,30,4,0.389763780,-0.791338583
81,30,4,0.413385827,-0.791338583
82,30,4,0.437007874,-0.791338583
83,30,4,0.460629921,-0.791338583
84,30,4,0.484251969,-0.791338583
85,30,3,0.507874016,-0.791338583
86,30,3,0.531496063,-0.791338583
87,30,3,0.555118110,-0.791338583
88,30,3,0.578740157,-0.791338583
89,30,3,0.602362205,-0.791338583
90,30,3,0.625984252,-0.791338583
91,30,3,0.649606299,-0.791338583
92,30,3,0.673228346,-0.791338583
93,30,3,0.696850394,-0.791338583
94,30,3,0.720472441,-0.791338583
95,30,3,0.744094488,-0.791338583
96,30,2,0.767716535,-0.791338583
97,30,2,0.791338583,-0.791338583
98,30,2,0.814960630,-0.791338583
99,30,2,0.838582677,-0.791338583
100,30,2,0.862204724,-0.791338583
101,30,2,0.885826772,-0.791338583
102,30,2,0.909448819,-0.791338583
103,30,2,0.933070866,-0.791338583
104,30,2,0.956692913,-0.791338583
105,30,2,0.980314961,-0.791338583
106,30,2,1.003937008,-0.791338583
107,30,2,1.027559055,-0.791338583
108,30,2,1.051181102,-0.791338583
109,30,2,1.074803150,-0.791338583
110,30,2,1.098425197,-0.791338583
111,30,2,1.122047244,-0.791338583
112,30,2,1.145669291,-0.791338583
113,30,2,1.169291339,-0.791338583
114,30,2,1.192913386,-0.791338583
115,30,2,1.216535433,-0.791338583
116,30,2,1.240157480,-0.791338583
117,30,2,1.263779528,-0.791338583
118,30,2,1.287401575,-0.791338583
119,30,2,1.311023622,-0.791338583
120,30,2,1.334645669,-0.791338583
121,30,2,1.358267717,-0.791338583
122,30,2,1.381889764,-0.791338583
123,30,2,1.405511811,-0.791338583
124,30,2,1.429133858,-0.791338583
125,30,2,1.452755906,-0.791338583
126,30,2,1.476377953,-0.791338583
127,30,2,1.500000000,-0.791338583
0,31,3,-1.500000000,-0.767716535
1,31,3,-1.476377953,-0.767716535
2,31,3,-1.452755906,-0.767716535
3,31,3,-1.429133858,-0.767716535
4,31,3,-1.405511811,-0.767716535
5,31,3,-1.381889764,-0.767716535
6,31,3,-1.358267717,-0.767716535
7,31,3,-1.334645669,-0.767716535
8,31,3,-1.311023622,-0.767716535
9,31,3,-1.287401575,-0.767716535
10,31,3,-1.263779528,-0.767716535
11,31,3,-1.240157480,-0.767716535
12,31,3,-1.216535433,-0.767716535
13,31,3,-1.192913386,-0.767716535
14,31,3,-1.169291339,-0.767716535
15,31,4,-1.145669291,-0.767716535
16,31,4,-1.122047244,-0.767716535
17,31,4,-1.098425197,-0.767716535
18,31,4,-1.074803150,-0.767716535
19,31,4,-1.051181102,-0.767716535
20,31,4,-1.027559055,-0.767716535
21,31,4,-1.003937008,-0.767716535
22,31,4,-0.980314961,-0.767716535
23,31,4,-0.956692913,-0.767716535
24,31,4,-0.933070866,-0.767716535
25,31,4,-0.909448819,-0.767716535
26,31,4,-0.885826772,-0.767716535
27,31,4,-0.862204724,-0.767716535
28,31,4,-0.838582677,-0.767716535
29,31,4,-0.814960630,-0.767716535
30,31,4,-0.791338583,-0.767716535
31,31,4,-0.767716535,-0.767716535
32,31,4,-0.744094488,-0.767716535
33,31,4,-0.720472441,-0.767716535
34,31,4,-0.696850394,-0.767716535
35,31,4,-0.673228346,-0.767716535
36,31,5,-0.649606299,-0.767716535
37,31,5,-0.625984252,-0.767716535
38,31,5,-0.602362205,-0.767716535
39,31,5,-0.578740157,-0.767716535
40,31,5,-0.555118110,-0.767716535
41,31,6,-0.531496063,-0.767716535
42,31,6,-0.507874016,-0.767716535
43,31,6,-0.484251969,-0.767716535
44,31,6,-0.460629921,-0.767716535
45,31,6,-0.437007874,-0.767716535
46,31,6,-0.413385827,-0.767716535
47,31,7,-0.389763780,-0.767716535
48,31,7,-0.366141732,-0.767716535
49,31,7,-0.342519685,-0.767716535
50,31,8,-0.318897638,-0.767716535
51,31,9,-0.295275591,-0.767716535
52,31,12,-0.271653543,-0.767716535
53,31,49,-0.248031496,-0.767716535
54,31,32,-0.224409449,-0.767716535
55,31,256,-0.200787402,-0.767716535
56,31,256,-0.177165354,-0.767716535
57,31,256,-0.153543307,-0.767716535
58,31,256,-0.129921260,-0.767716535
59,31,256,-0.106299213,-0.767716535
60,31,256,-0.082677165,-0.767716535
61,31,256,-0.059055118,-0.767716535
62,31,256,-0.035433071,-0.767716535
63,31,18,-0.011811024,-0.767716535
64,31,14,0.011811024,-0.767716535
65,31,9,0.035433071,-0.767716535
66,31,8,0.059055118,-0.767716535
67,31,7,0.082677165,-0.767716535
68,31,7,0.106299213,-0.767716535
69,31,6,0.129921260,-0.767716535
70,31,6,0.153543307,-0.767716535
71,31,6,0.177165354,-0.767716535
72,31,5,0.200787402,-0.767716535
73,31,5,0.224409449,-0.767716535
74,31,5,0.248031496,-0.767716535
75,31,5,0.271653543,-0.767716535
76,31,5,0.295275591,-0.767716535
77,31,5,0.318897638,-0.767716535
78,31,5,0.342519685,-0.767716535
79,31,4,0.366141732,-0.767716535
80,31,4,0.389763780,-0.767716535
81,31,4,0.413385827,-0.767716535
82,31,4,0.437007874,-0.767716535
83,31,4,0.460629921,-0.767716535
84,31,4,0.484251969,-0.767716535
85,31,4,0.507874016,-0.767716535
86,31,4,0.531496063,-0.767716535
87,31,4,0.555118110,-0.767716535
88,31,3,0.578740157,-0.767716535
89,31,3,0.602362205,-0.767716535
90,31,3,0.625984252,-0.767716535
91,31,3,0.649606299,-0.767716535
92,31,3,0.673228346,-0.767716535
93,31,3,0.696850394,-0.767716535
94,31,3,0.720472441,-0.767716535
95,31,3,0.744094488,-0.767716535
96,31,3,0.767716535,-0.767716535
97,31,3,0.791338583,-0.767716535
98,31,2,0.814960630,-0.767716535
99,31,2,0.838582677,-0.767716535
100,31,2,0.862204724,-0.767716535
101,31,2,0.885826772,-0.767716535
102,31,2,0.909448819,-0.767716535
103,31,2,0.933070866,-0.767716535
104,31,2,0.956692913,-0.767716535
105,31,2,0.980314961,-0.767716535
106,31,2,1.003937008,-0.767716535
107,31,2,1.027559055,-0.767716535
108,31,2,1.051181102,-0.767716535
109,31,2,1.074803150,-0.767716535
110,31,2,1.098425197,-0.767716535
111,31,2,1.122047244,-0.767716535
112,31,2,1.145669291,-0.767716535
113,31,2,1.169291339,-0.767716535
114,31,2,1.192913386,-0.767716535
115,31,2,1.216535433,-0.767716535
116,31,2,1.240157480,-0.767716535
117,31,2,1.263779528,-0.767716535
118,31,2,1.287401575,-0.767716535
119,31,2,1.311023622,-0.767716535
120,31,2,1.334645669,-0.767716535
121,31,2,1.358267717,-0.767716535
122,31,2,1.381889764,-0.767716535
123,31,2,1.405511811,-0.767716535
124,31,2,1.429133858,-0.767716535
125,31,2,1.452755906,-0.767716535
126,31,2,1.476377953,-0.767716535
127,31,2,1.500000000,-0.767716535
0,32,3,-1.500000000,-0.744094488
1,32,3,-1.476377953,-0.744094488
2,32,3,-1.452755906,-0.744094488
3,32,3,-1.429133858,-0.744094488
4,32,3,-1.405511811,-0.744094488
5,32,3,-1.381889764,-0.744094488
6,32,3,-1.358267717,-0.744094488
7,32,3,-1.334645669,-0.744094488
8,32,3,-1.311023622,-0.744094488
9,32,3,-1.287401575,-0.744094488
10,32,3,-1.263779528,-0.744094488
11,32,3,-1.240157480,-0.744094488
12,32,3,-1.216535433,-0.744094488
13,32,3,-1.192913386,-0.744094488
14,32,3,-1.169291339,-0.744094488
15,32,4,-1.145669291,-0.744094488
16,32,4,-1.122047244,-0.744094488
17,32,4,-1.098425197,-0.744094488
18,32,4,-1.074803150,-0.744094488
19,32,4,-1.051181102,-0.744094488
20,32,4,-1.027559055,-0.744094488
21,32,4,-1.003937008,-0.744094488
22,32,4,-0.980314961,-0.744094488
23,32,4,-0.956692913,-0.744094488
24,32,4,-0.933070866,-0.744094488
25,32,4,-0.909448819,-0.744094488
26,32,4,-0.885826772,-0.744094488
27,32,4,-0.862204724,-0.744094488
28,32,4,-0.838582677,-0.744094488
29,32,4,-0.814960630,-0.744094488
30,32,4,-0.791338583,-0.744094488
31,32,4,-0.767716535,-0.744094488
32,32,4,-0.744094488,-0.744094488
33,32,4,-0.720472441,-0.744094488
34,32,4,-0.696850394,-0.744094488
35,32,5,-0.673228346,-0.744094488
36,32,5,-0.649606299,-0.744094488
37,32,6,-0.625984252,-0.744094488
38,32,6,-0.602362205,-0.744094488
39,32,6,-0.578740157,-0.744094488
40,32,6,-0.555118110,-0.744094488
41,32,6,-0.531496063,-0.744094488
42,32,6,-0.507874016,-0.744094488
43,32,7,-0.484251969,-0.744094488
44,32,6,-0.460629921,-0.744094488
45,32,7,-0.437007874,-0.744094488
46,32,7,-0.413385827,-0.744094488
47,32,7,-0.389763780,-0.744094488
48,32,8,-0.366141732,-0.744094488
49,32,8,-0.342519685,-0.744094488
50,32,8,-0.318897638,-0.744094488
51,32,9,-0.295275591,-0.744094488
52,32,12,-0.271653543,-0.744094488
53,32,28,-0.248031496,-0.744094488
54,32,95,-0.224409449,-0.744094488
55,32,256,-0.200787402,-0.744094488
56,32,256,-0.177165354,-0.744094488
57,32,256,-0.153543307,-0.744094488
58,32,256,-0.129921260,-0.744094488
59,32,256,-0.106299213,-0.744094488
60,32,256,-0.082677165,-0.744094488
61,32,256,-0.059055118,-0.744094488
62,32,256,-0.035433071,-0.744094488
63,32,37,-0.011811024,-0.744094488
64,32,17,0.011811024,-0.744094488
65,32,9,0.035433071,-0.744094488
66,32,8,0.059055118,-0.744094488
67,32,8,0.082677165,-0.744094488
68,32,7,0.106299213,-0.744094488
69,32,7,0.129921260,-0.744094488
70,32,6,0.153543307,-0.744094488
71,32,6,0.177165354,-0.744094488
72,32,6,0.200787402,-0.744094488
73,32,6,0.224409449,-0.744094488
74,32,6,0.248031496,-0.744094488
75,32,6,0.271653543,-0.744094488
76,32,5,0.295275591,-0.744094488
77,32,5,0.318897638,-0.744094488
78,32,5,0.342519685,-0.744094488
79,32,5,0.366141732,-0.744094488
80,32,5,0.389763780,-0.744094488
81,32,5,0.413385827,-0.744094488
82,32,4,0.437007874,-0.744094488
83,32,4,0.460629921,-0.744094488
84,32,4,0.484251969,-0.744094488
85,32,4,0.507874016,-0.744094488
86,32,4,0.531496063,-0.744094488
87,32,4,0.555118110,-0.744094488
88,32,4,0.578740157,-0.744094488
89,32,3,0.602362205,-0.744094488
90,32,3,0.625984252,-0.744094488
91,32,3,0.649606299,-0.744094488
92,32,3,0.673228346,-0.744094488
93,32,3,0.696850394,-0.744094488
94,32,3,0.720472441,-0.744094488
95,32,3,0.744094488,-0.744094488
96,32,3,0.767716535,-0.744094488
97,32,3,0.791338583,-0.744094488
98,32,3,0.814960630,-0.744094488
99,32,3,0.838582677,-0.744094488
100,32,2,0.862204724,-0.744094488
101,32,2,0.885826772,-0.744094488
102,32,2,0.909448819,-0.744094488
103,32,2,0.933070866,-0.744094488
104,32,2,0.956692913,-0.744094488
105,32,2,0.980314961,-0.744094488
106,32,2,1.003937008,-0.744094488
107,32,2,1.027559055,-0.744094488
108,32,2,1.051181102,-0.744094488
109,32,2,1.074803150,-0.744094488
110,32,2,1.098425197,-0.744094488
111,32,2,1.122047244,-0.744094488
112,32,2,1.145669291,-0.744094488
113,32,2,1.169291339,-0.744094488
114,32,2,1.192913386,-0.744094488
115,32,2,1.216535433,-0.744094488
116,32,2,1.240157480,-0.744094488
117,32,2,1.263779528,-0.744094488
118,32,2,1.287401575,-0.744094488
119,32,2,1.311023622,-0.744094488
120,32,2,1.334645669,-0.744094488
121,32,2,1.358267717,-0.744094488
122,32,2,1.381889764,-0.744094488
123,32,2,1.405511811,-0.744094488
124,32,2,1.429133858,-0.744094488
125,32,2,1.452755906,-0.744094488
126,32,2,1.476377953,-0.744094488
127,32,2,1.500000000,-0.744094488
0,33,3,-1.500000000,-0.720472441
1,33,3,-1.476377953,-0.720472441
2,33,3,-1.452755906,-0.720472441
3,33,3,-1.429133858,-0.720472441
4,33,3,-1.405511811,-0.720472441
5,33,3,-1.381889764,-0.720472441
6,33,3,-1.358267717,-0.720472441
7,33,3,-1.334645669,-0.720472441
8,33,3,-1.311023622,-0.720472441
9,33,3,-1.287401575,-0.720472441
10,33,3,-1.263779528,-0.720472441
11,33,3,-1.240157480,-0.720472441
12,33,3,-1.216535433,-0.720472441
13,33,3,-1.192913386,-0.720472441
14,33,4,-1.169291339,-0.720472441
15,33,4,-1.145669291,-0.720472441
16,33,4,-1.122047244,-0.720472441
17,33,4,-1.098425197,-0.720472441
18,33,4,-1.074803150,-0.720472441
19,33,4,-1.051181102,-0.720472441
20,33,4,-1.027559055,-0.720472441
21,33,4,-1.003937008,-0.720472441
22,33,4,-0.980314961,-0.720472441
23,33,4,-0.956692913,-0.720472441
24,33,4,-0.933070866,-0.720472441
25,33,4,-0.909448819,-0.720472441
26,33,4,-0.885826772,-0.720472441
27,33,4,-0.862204724,-0.720472441
28,33,4,-0.838582677,-0.720472441
29,33,4,-0.814960630,-0.720472441
30,33,4,-0.791338583,-0.720472441
31,33,4,-0.767716535,-0.720472441
32,33,4,-0.744094488,-0.720472441
33,33,4,-0.720472441,-0.720472441
34,33,5,-0.696850394,-0.720472441
35,33,5,-0.673228346,-0.720472441
36,33,5,-0.649606299,-0.720472441
37,33,6,-0.625984252,-0.720472441
38,33,6,-0.602362205,-0.720472441
39,33,7,-0.578740157,-0.720472441
40,33,7,-0.555118110,-0.720472441
41,33,7,-0.531496063,-0.720472441
42,33,7,-0.507874016,-0.720472441
43,33,7,-0.484251969,-0.720472441
44,33,7,-0.460629921,-0.720472441
45,33,7,-0.437007874,-0.720472441
46,33,7,-0.413385827,-0.720472441
47,33,8,-0.389763780,-0.720472441
48,33,8,-0.366141732,-0.720472441
49,33,9,-0.342519685,-0.720472441
50,33,9,-0.318897638,-0.720472441
51,33,10,-0.295275591,-0.720472441
52,33,11,-0.271653543,-0.720472441
53,33,29,-0.248031496,-0.720472441
54,33,128,-0.224409449,-0.720472441
55,33,256,-0.200787402,-0.720472441
56,33,256,-0.177165354,-0.720472441
57,33,256,-0.153543307,-0.720472441
58,33,256,-0.129921260,-0.720472441
59,33,256,-0.106299213,-0.720472441
60,33,256,-0.082677165,-0.720472441
61,33,256,-0.059055118,-0.720472441
62,33,256,-0.035433071,-0.720472441
63,33,44,-0.011811024,-0.720472441
64,33,11,0.011811024,-0.720472441
65,33,10,0.035433071,-0.720472441
66,33,8,0.059055118,-0.720472441
67,33,8,0.082677165,-0.720472441
68,33,8,0.106299213,-0.720472441
69,33,7,0.129921260,-0.720472441
70,33,7,0.153543307,-0.720472441
71,33,7,0.177165354,-0.720472441
72,33,6,0.200787402,-0.720472441
73,33,6,0.224409449,-0.720472441
74,33,6,0.248031496,-0.720472441
75,33,6,0.271653543,-0.720472441
76,33,6,0.295275591,-0.720472441
77,33,6,0.318897638,-0.720472441
78,33,6,0.342519685,-0.720472441
79,33,6,0.366141732,-0.720472441
80,33,5,0.389763780,-0.720472441
81,33,5,0.413385827,-0.720472441
82,33,4,0.437007874,-0.720472441
83,33,4,0.460629921,-0.720472441
84,33,4,0.484251969,-0.720472441
85,33,4,0.507874016,-0.720472441
86,33,4,0.531496063,-0.720472441
87,33,4,0.555118110,-0.720472441
88,33,4,0.578740157,-0.720472441
89,33,3,0.602362205,-0.720472441
90,33,3,0.625984252,-0.720472441
91,33,3,0.649606299,-0.720472441
92,33,3,0.673228346,-0.720472441
93,33,3,0.696850394,-0.720472441
94,33,3,0.720472441,-0.720472441
95,33,3,0.744094488,-0.720472441
96,33,3,0.767716535,-0.720472441
97,33,3,0.791338583,-0.720472441
98,33,3,0.814960630,-0.720472441
99,33,3,0.838582677,-0.720472441
100,33,3,0.862204724,-0.720472441
101,33,3,0.885826772,-0.720472441
102,33,2,0.909448819,-0.720472441
103,33,2,0.933070866,-0.720472441
104,33,2,0.956692913,-0.720472441
105,33,2,0.980314961,-0.720472441
106,33,2,1.003937008,-0.720472441
107,33,2,1.027559055,-0.720472441
108,33,2,1.051181102,-0.720472441
109,33,2,1.074803150,-0.720472441
110,33,2,1.098425197,-0.720472441
111,33,2,1.122047244,-0.720472441
112,33,2,1.145669291,-0.720472441
113,33,2,1.169291339,-0.720472441
114,33,2,1.192913386,-0.720472441
115,33,2,1.216535433,-0.720472441
116,33,2,1.240157480,-0.720472441
117,33,2,1.263779528,-0.720472441
118,33,2,1.287401575,-0.720472441
119,33,2,1.311023622,-0.720472441
120,33,2,1.334645669,-0.720472441
121,33,2,1.358267717,-0.720472441
122,33,2,1.381889764,-0.720472441
123,33,2,1.405511811,-0.720472441
124,33,2,1.429133858,-0.720472441
125,33,2,1.452755906,-0.720472441
126,33,2,1.476377953,-0.720472441
127,33,2,1.500000000,-0.720472441
0,34,3,-1.500000000,-0.696850394
1,34,3,-1.476377953,-0.696850394
2,34,3,-1.452755906,-0.696850394
3,34,3,-1.429133858,-0.696850394
4,34,3,-1.405511811,-0.696850394
5,34,3,-1.381889764,-0.696850394
6,34,3,-1.358267717,-0.696850394
7,34,3,-1.334645669,-0.696850394
8,34,3,-1.311023622,-0.696850394
9,34,3,-1.287401575,-0.696850394
10,34,3,-1.263779528,-0.696850394
11,34,3,-1.240157480,-0.696850394
12,34,3,-1.216535433,-0.696850394
13,34,3,-1.192913386,-0.696850394
14,34,4,-1.169291339,-0.696850394
15,34,4,-1.145669291,-0.696850394
16,34,4,-1.122047244,-0.696850394
17,34,4,-1.098425197,-0.696850394
18,34,4,-1.074803150,-0.696850394
19,34,4,-1.051181102,-0.696850394
20,34,4,-1.027559055,-0.696850394
21,34,4,-1.003937008,-0.696850394
22,34,4,-0.980314961,-0.696850394
23,34,4,-0.956692913,-0.696850394
24,34,4,-0.933070866,-0.696850394
25,34,5,-0.909448819,-0.696850394
26,34,5,-0.885826772,-0.696850394
27,34,4,-0.862204724,-0.696850394
28,34,4,-0.838582677,-0.696850394
29,34,4,-0.814960630,-0.696850394
30,34,4,-0.791338583,-0.696850394
31,34,5,-0.767716535,-0.696850394
32,34,5,-0.744094488,-0.696850394
33,34,5,-0.720472441,-0.696850394
34,34,5,-0.696850394,-0.696850394
35,34,5,-0.673228346,-0.696850394
36,34,6,-0.649606299,-0.696850394
37,34,8,-0.625984252,-0.696850394
38,34,9,-0.602362205,-0.696850394
39,34,8,-0.578740157,-0.696850394
40,34,8,-0.555118110,-0.696850394
41,34,12,-0.531496063,-0.696850394
42,34,10,-0.507874016,-0.696850394
43,34,8,-0.484251969,-0.696850394
44,34,8,-0.460629921,-0.696850394
45,34,8,-0.437007874,-0.696850394
46,34,8,-0.413385827,-0.696850394
47,34,9,-0.389763780,-0.696850394
48,34,9,-0.366141732,-0.696850394
49,34,10,-0.342519685,-0.696850394
50,34,10,-0.318897638,-0.696850394
51,34,11,-0.295275591,-0.696850394
52,34,12,-0.271653543,-0.696850394
53,34,14,-0.248031496,-0.696850394
54,34,42,-0.224409449,-0.696850394
55,34,256,-0.200787402,-0.696850394
56,34,256,-0.177165354,-0.696850394
57,34,256,-0.153543307,-0.696850394
58,34,256,-0.129921260,-0.696850394
59,34,256,-0.106299213,-0.696850394
60,34,256,-0.082677165,-0.696850394
61,34,256,-0.059055118,-0.696850394
62,34,39,-0.035433071,-0.696850394
63,34,15,-0.011811024,-0.696850394
64,34,12,0.011811024,-0.696850394
65,34,11,0.035433071,-0.696850394
66,34,9,0.059055118,-0.696850394
67,34,9,0.082677165,-0.696850394
68,34,9,0.106299213,-0.696850394
69,34,9,0.129921260,-0.696850394
70,34,8,0.153543307,-0.696850394
71,34,7,0.177165354,-0.696850394
72,34,7,0.200787402,-0.696850394
73,34,6,0.224409449,-0.696850394
74,34,6,0.248031496,-0.696850394
75,34,6,0.271653543,-0.696850394
76,34,7,0.295275591,-0.696850394
77,34,7,0.318897638,-0.696850394
78,34,9,0.342519685,-0.696850394
79,34,9,0.366141732,-0.696850394
80,34,6,0.389763780,-0.696850394
81,34,5,0.413385827,-0.696850394
82,34,5,0.437007874,-0.696850394
83,34,4,0.460629921,-0.696850394
84,34,4,0.484251969,-0.696850394
85,34,4,0.507874016,-0.696850394
86,34,4,0.531496063,-0.696850394
87,34,4,0.555118110,-0.696850394
88,34,4,0.578740157,-0.696850394
89,34,3,0.602362205,-0.696850394
90,34,3,0.625984252,-0.696850394
91,34,3,0.649606299,-0.696850394
92,34,3,0.673228346,-0.696850394
93,34,3,0.696850394,-0.696850394
94,34,3,0.720472441,-0.696850394
95,34,3,0.744094488,-0.696850394
96,34,3,0.767716535,-0.696850394
97,34,3,0.791338583,-0.696850394
98,34,3,0.814960630,-0.696850394
99,34,3,0.838582677,-0.696850394
100,34,3,0.862204724,-0.696850394
101,34,3,0.885826772,-0.696850394
102,34,3,0.909448819,-0.696850394
103,34,3,0.933070866,-0.696850394
104,34,2,0.956692913,-0.696850394
105,34,2,0.980314961,-0.696850394
106,34,2,1.003937008,-0.696850394
107,34,2,1.027559055,-0.696850394
108,34,2,1.051181102,-0.696850394
109,34,2,1.074803150,-0.696850394
110,34,2,1.098425197,-0.696850394
111,34,2,1.122047244,-0.696850394
112,34,2,1.145669291,-0.696850394
113,34,2,1.169291339,-0.696850394
114,34,2,1.192913386,-0.696850394
115,34,2,1.216535433,-0.696850394
116,34,2,1.240157480,-0.696850394
117,34,2,1.263779528,-0.696850394
118,34,2,1.287401575,-0.696850394
119,34,2,1.311023622,-0.696850394
120,34,2,1.334645669,-0.696850394
121,34,2,1.358267717,-0.696850394
122,34,2,1.381889764,-0.696850394
123,34,2,1.405511811,-0.696850394
124,34,2,1.429133858,-0.696850394
125,34,2,1.452755906,-0.696850394
126,34,2,1.476377953,-0.696850394
127,34,2,1.500000000,-0.696850394
0,35,3,-1.500000000,-0.673228346
1,35,3,-1.476377953,-0.673228346
2,35,3,-1.452755906,-0.673228346
3,35,3,-1.429133858,-0.673228346
4,35,3,-1.405511811,-0.673228346
5,35,3,-1.381889764,-0.673228346
6,35,3,-1.358267717,-0.673228346
7,35,3,-1.334645669,-0.673228346
8,35,3,-1.311023622,-0.673228346
9,35,3,-1.287401575,-0.673228346
10,35,3,-1.263779528,-0.673228346
11,35,3,-1.240157480,-0.673228346
12,35,3,-1.216535433,-0.673228346
13,35,3,-1.192913386,-0.673228346
14,35,4,-1.169291339,-0.673228346
15,35,4,-1.145669291,-0.673228346
16,35,4,-1.122047244,-0.673228346
17,35,4,-1.098425197,-0.673228346
18,35,4,-1.074803150,-0.673228346
19,35,4,-1.051181102,-0.673228346
20,35,4,-1.027559055,-0.673228346
21,35,4,-1.003937008,-0.673228346
22,35,4,-0.980314961,-0.673228346
23,35,4,-0.956692913,-0.673228346
24,35,5,-0.933070866,-0.673228346
25,35,5,-0.909448819,-0.673228346
26,35,5,-0.885826772,-0.673228346
27,35,5,-0.862204724,-0.673228346
28,35,5,-0.838582677,-0.673228346
29,35,5,-0.814960630,-0.673228346
30,35,5,-0.791338583,-0.673228346
31,35,5,-0.767716535,-0.673228346
32,35,5,-0.744094488,-0.673228346
33,35,5,-0.720472441,-0.673228346
34,35,5,-0.696850394,-0.673228346
35,35,6,-0.673228346,-0.673228346
36,35,7,-0.649606299,-0.673228346
37,35,11,-0.625984252,-0.673228346
38,35,16,-0.602362205,-0.673228346
39,35,12,-0.578740157,-0.673228346
40,35,13,-0.555118110,-0.673228346
41,35,27,-0.531496063,-0.673228346
42,35,11,-0.507874016,-0.673228346
43,35,9,-0.484251969,-0.673228346
44,35,9,-0.460629921,-0.673228346
45,35,9,-0.437007874,-0.673228346
46,35,10,-0.413385827,-0.673228346
47,35,40,-0.389763780,-0.673228346
48,35,17,-0.366141732,-0.673228346
49,35,12,-0.342519685,-0.673228346
50,35,12,-0.318897638,-0.673228346
51,35,14,-0.295275591,-0.673228346
52,35,13,-0.271653543,-0.673228346
53,35,15,-0.248031496,-0.673228346
54,35,17,-0.224409449,-0.673228346
55,35,28,-0.200787402,-0.673228346
56,35,256,-0.177165354,-0.673228346
57,35,256,-0.153543307,-0.673228346
58,35,256,-0.129921260,-0.673228346
59,35,256,-0.106299213,-0.673228346
60,35,256,-0.082677165,-0.673228346
61,35,226,-0.059055118,-0.673228346
62,35,19,-0.035433071,-0.673228346
63,35,15,-0.011811024,-0.673228346
64,35,13,0.011811024,-0.673228346
65,35,12,0.035433071,-0.673228346
66,35,12,0.059055118,-0.673228346
67,35,11,0.082677165,-0.673228346
68,35,11,0.106299213,-0.673228346
69,35,16,0.129921260,-0.673228346
70,35,11,0.153543307,-0.673228346
71,35,9,0.177165354,-0.673228346
72,35,8,0.200787402,-0.673228346
73,35,7,0.224409449,-0.673228346
74,35,7,0.248031496,-0.673228346
75,35,7,0.271653543,-0.673228346
76,35,7,0.295275591,-0.673228346
77,35,8,0.318897638,-0.673228346
78,35,9,0.342519685,-0.673228346
79,35,16,0.366141732,-0.673228346
80,35,7,0.389763780,-0.673228346
81,35,6,0.413385827,-0.673228346
82,35,5,0.437007874,-0.673228346
83,35,4,0.460629921,-0.673228346
84,35,4,0.484251969,-0.673228346
85,35,4,0.507874016,-0.673228346
86,35,4,0.531496063,-0.673228346
87,35,4,0.555118110,-0.673228346
88,35,3,0.578740157,-0.673228346
89,35,3,0.602362205,-0.673228346
90,35,3,0.625984252,-0.673228346
91,35,3,0.649606299,-0.673228346
92,35,3,0.673228346,-0.673228346
93,35,3,0.696850394,-0.673228346
94,35,3,0.720472441,-0.673228346
95,35,3,0.744094488,-0.673228346
96,35,3,0.767716535,-0.673228346
97,35,3,0.791338583,-0.673228346
98,35,3,0.814960630,-0.673228346
99,35,3,0.838582677,-0.673228346
100,35,3,0.862204724,-0.673228346
101,35,3,0.885826772,-0.673228346
102,35,3,0.909448819,-0.673228346
103,35,3,0.933070866,-0.673228346
104,35,3,0.956692913,-0.673228346
105,35,3,0.980314961,-0.673228346
106,35,2,1.003937008,-0.673228346
107,35,2,1.027559055,-0.673228346
108,35,2,1.051181102,-0.673228346
109,35,2,1.074803150,-0.673228346
110,35,2,1.098425197,-0.673228346
111,35,2,1.122047244,-0.673228346
112,35,2,1.145669291,-0.673228346
113,35,2,1.169291339,-0.673228346
114,35,2,1.192913386,-0.673228346
115,35,2,1.216535433,-0.673228346
116,35,2,1.240157480,-0.673228346
117,35,2,1.263779528,-0.673228346
118,35,2,1.287401575,-0.673228346
119,35,2,1.311023622,-0.673228346
120,35,2,1.334645669,-0.673228346
121,35,2,1.358267717,-0.673228346
122,35,2,1.381889764,-0.673228346
123,35,2,1.405511811,-0.673228346
124,35,2,1.429133858,-0.673228346
125,35,2,1.452755906,-0.673228346
126,35,2,1.476377953,-0.673228346
127,35,2,1.500000000,-0.673228346
0,36,3,-1.500000000,-0.649606299
1,36,3,-1.476377953,-0.649606299
2,36,3,-1.452755906,-0.649606299
3,36,3,-1.429133858,-0.649606299
4,36,3,-1.405511811,-0.649606299
5,36,3,-1.381889764,-0.649606299
6,36,3,-1.358267717,-0.649606299
7,36,3,-1.334645669,-0.649606299
8,36,3,-1.311023622,-0.649606299
9,36,3,-1.287401575,-0.649606299
10,36,3,-1.263779528,-0.649606299
11,36,3,-1.240157480,-0.649606299
12,36,3,-1.216535433,-0.649606299
13,36,4,-1.192913386,-0.649606299
14,36,4,-1.169291339,-0.649606299
15,36,4,-1.145669291,-0.649606299
16,36,4,-1.122047244,-0.649606299
17,36,4,-1.098425197,-0.649606299
18,36,4,-1.074803150,-0.649606299
19,36,4,-1.051181102,-0.649606299
20,36,4,-1.027559055,-0.649606299
21,36,4,-1.003937008,-0.649606299
22,36,4,-0.980314961,-0.649606299
23,36,5,-0.956692913,-0.649606299
24,36,5,-0.933070866,-0.649606299
25,36,5,-0.909448819,-0.649606299
26,36,5,-0.885826772,-0.649606299
27,36,5,-0.862204724,-0.649606299
28,36,5,-0.838582677,-0.649606299
29,36,5,-0.814960630,-0.649606299
30,36,5,-0.791338583,-0.649606299
31,36,5,-0.767716535,-0.649606299
32,36,6,-0.744094488,-0.649606299
33,36,6,-0.720472441,-0.649606299
34,36,6,-0.696850394,-0.649606299
35,36,7,-0.673228346,-0.649606299
36,36,7,-0.649606299,-0.649606299
37,36,9,-0.625984252,-0.649606299
38,36,12,-0.602362205,-0.649606299
39,36,31,-0.578740157,-0.649606299
40,36,29,-0.555118110,-0.649606299
41,36,16,-0.531496063,-0.649606299
42,36,13,-0.507874016,-0.649606299
43,36,12,-0.484251969,-0.649606299
44,36,10,-0.460629921,-0.649606299
45,36,10,-0.437007874,-0.649606299
46,36,12,-0.413385827,-0.649606299
47,36,48,-0.389763780,-0.649606299
48,36,58,-0.366141732,-0.649606299
49,36,17,-0.342519685,-0.649606299
50,36,55,-0.318897638,-0.649606299
51,36,126,-0.295275591,-0.649606299
52,36,69,-0.271653543,-0.649606299
53,36,26,-0.248031496,-0.649606299
54,36,50,-0.224409449,-0.649606299
55,36,46,-0.200787402,-0.649606299
56,36,256,-0.177165354,-0.649606299
57,36,133,-0.153543307,-0.649606299
58,36,256,-0.129921260,-0.649606299
59,36,256,-0.106299213,-0.649606299
60,36,137,-0.082677165,-0.649606299
61,36,181,-0.059055118,-0.649606299
62,36,36,-0.035433071,-0.649606299
63,36,63,-0.011811024,-0.649606299
64,36,93,0.011811024,-0.649606299
65,36,19,0.035433071,-0.649606299
66,36,43,0.059055118,-0.649606299
67,36,14,0.082677165,-0.649606299
68,36,15,0.106299213,-0.649606299
69,36,27,0.129921260,-0.649606299
70,36,66,0.153543307,-0.649606299
71,36,10,0.177165354,-0.649606299
72,36,9,0.200787402,-0.649606299
73,36,8,0.224409449,-0.649606299
74,36,8,0.248031496,-0.649606299
75,36,8,0.271653543,-0.649606299
76,36,9,0.295275591,-0.649606299
77,36,9,0.318897638,-0.649606299
78,36,12,0.342519685,-0.649606299
79,36,15,0.366141732,-0.649606299
80,36,8,0.389763780,-0.649606299
81,36,6,0.413385827,-0.649606299
82,36,5,0.437007874,-0.649606299
83,36,5,0.460629921,-0.649606299
84,36,4,0.484251969,-0.649606299
85,36,4,0.507874016,-0.649606299
86,36,4,0.531496063,-0.649606299
87,36,4,0.555118110,-0.649606299
88,36,3,0.578740157,-0.649606299
89,36,3,0.602362205,-0.649606299
90,36,3,0.625984252,-0.649606299
91,36,3,0.649606299,-0.649606299
92,36,3,0.673228346,-0.649606299
93,36,3,0.696850394,-0.649606299
94,36,3,0.720472441,-0.649606299
95,36,3,0.744094488,-0.649606299
96,36,3,0.767716535,-0.649606299
97,36,3,0.791338583,-0.649606299
98,36,3,0.814960630,-0.649606299
99,36,3,0.838582677,-0.649606299
100,36,3,0.862204724,-0.649606299
101,36,3,0.885826772,-0.649606299
102,36,3,0.909448819,-0.649606299
103,36,3,0.933070866,-0.649606299
104,36,3,0.956692913,-0.649606299
105,36,3,0.980314961,-0.649606299
106,36,3,1.003937008,-0.649606299
107,36,3,1.027559055,-0.649606299
108,36,2,1.051181102,-0.649606299
109,36,2,1.074803150,-0.649606299
110,36,2,1.098425197,-0.649606299
111,36,2,1.122047244,-0.649606299
112,36,2,1.145669291,-0.649606299
113,36,2,1.169291339,-0.649606299
114,36,2,1.192913386,-0.649606299
115,36,2,1.216535433,-0.649606299
116,36,2,1.240157480,-0.649606299
117,36,2,1.263779528,-0.649606299
118,36,2,1.287401575,-0.649606299
119,36,2,1.311023622,-0.649606299
120,36,2,1.334645669,-0.649606299
121,36,2,1.358267717,-0.649606299
122,36,2,1.381889764,-0.649606299
123,36,2,1.405511811,-0.649606299
124,36,2,1.429133858,-0.649606299
125,36,2,1.452755906,-0.649606299
126,36,2,1.476377953,-0.649606299
127,36,2,1.500000000,-0.649606299
0,37,3,-1.500000000,-0.625984252
1,37,3,-1.476377953,-0.625984252
2,37,3,-1.452755906,-0.625984252
3,37,3,-1.429133858,-0.625984252
4,37,3,-1.405511811,-0.625984252
5,37,3,-1.381889764,-0.625984252
6,37,3,-1.358267717,-0.625984252
7,37,3,-1.334645669,-0.625984252
8,37,3,-1.311023622,-0.625984252
9,37,3,-1.287401575,-0.625984252
10,37,3,-1.263779528,-0.625984252
11,37,3,-1.240157480,-0.625984252
12,37,3,-1.216535433,-0.625984252
13,37,4,-1.192913386,-0.625984252
14,37,4,-1.169291339,-0.625984252
15,37,4,-1.145669291,-0.625984252
16,37,4,-1.122047244,-0.625984252
17,37,4,-1.098425197,-0.625984252
18,37,4,-1.074803150,-0.625984252
19,37,4,-1.051181102,-0.625984252
20,37,4,-1.027559055,-0.625984252
21,37,4,-1.003937008,-0.625984252
22,37,4,-0.980314961,-0.625984252
23,37,5,-0.956692913,-0.625984252
24,37,5,-0.933070866,-0.625984252
25,37,5,-0.909448819,-0.625984252
26,37,5,-0.885826772,-0.625984252
27,37,5,-0.862204724,-0.625984252
28,37,5,-0.838582677,-0.625984252
29,37,5,-0.814960630,-0.625984252
30,37,5,-0.791338583,-0.625984252
31,37,5,-0.767716535,-0.625984252
32,37,6,-0.744094488,-0.625984252
33,37,6,-0.720472441,-0.625984252
34,37,6,-0.696850394,-0.625984252
35,37,6,-0.673228346,-0.625984252
36,37,7,-0.649606299,-0.625984252
37,37,9,-0.625984252,-0.625984252
38,37,15,-0.602362205,-0.625984252
39,37,32,-0.578740157,-0.625984252
40,37,39,-0.555118110,-0.625984252
41,37,29,-0.531496063,-0.625984252
42,37,18,-0.507874016,-0.625984252
43,37,51,-0.484251969,-0.625984252
44,37,16,-0.460629921,-0.625984252
45,37,12,-0.437007874,-0.625984252
46,37,14,-0.413385827,-0.625984252
47,37,33,-0.389763780,-0.625984252
48,37,256,-0.366141732,-0.625984252
49,37,58,-0.342519685,-0.625984252
50,37,183,-0.318897638,-0.625984252
51,37,256,-0.295275591,-0.625984252
52,37,256,-0.271653543,-0.625984252
53,37,256,-0.248031496,-0.625984252
54,37,256,-0.224409449,-0.625984252
55,37,256,-0.200787402,-0.625984252
56,37,256,-0.177165354,-0.625984252
57,37,256,-0.153543307,-0.625984252
58,37,256,-0.129921260,-0.625984252
59,37,256,-0.106299213,-0.625984252
60,37,256,-0.082677165,-0.625984252
61,37,256,-0.059055118,-0.625984252
62,37,256,-0.035433071,-0.625984252
63,37,256,-0.011811024,-0.625984252
64,37,256,0.011811024,-0.625984252
65,37,256,0.035433071,-0.625984252
66,37,81,0.059055118,-0.625984252
67,37,76,0.082677165,-0.625984252
68,37,68,0.106299213,-0.625984252
69,37,256,0.129921260,-0.625984252
70,37,18,0.153543307,-0.625984252
71,37,11,0.177165354,-0.625984252
72,37,9,0.200787402,-0.625984252
73,37,9,0.224409449,-0.625984252
74,37,11,0.248031496,-0.625984252
75,37,11,0.271653543,-0.625984252
76,37,10,0.295275591,-0.625984252
77,37,10,0.318897638,-0.625984252
78,37,12,0.342519685,-0.625984252
79,37,18,0.366141732,-0.625984252
80,37,9,0.389763780,-0.625984252
81,37,9,0.413385827,-0.625984252
82,37,6,0.437007874,-0.625984252
83,37,5,0.460629921,-0.625984252
84,37,4,0.484251969,-0.625984252
85,37,4,0.507874016,-0.625984252
86,37,4,0.531496063,-0.625984252
87,37,4,0.555118110,-0.625984252
88,37,3,0.578740157,-0.625984252
89,37,3,0.602362205,-0.625984252
90,37,3,0.625984252,-0.625984252
91,37,3,0.649606299,-0.625984252
92,37,3,0.673228346,-0.625984252
93,37,3,0.696850394,-0.625984252
94,37,3,0.720472441,-0.625984252
95,37,3,0.744094488,-0.625984252
96,37,3,0.767716535,-0.625984252
97,37,3,0.791338583,-0.625984252
98,37,3,0.814960630,-0.625984252
99,37,3,0.838582677,-0.625984252
100,37,3,0.862204724,-0.625984252
101,37,3,0.885826772,-0.625984252
102,37,3,0.909448819,-0.625984252
103,37,3,0.933070866,-0.625984252
104,37,3,0.956692913,-0.625984252
105,37,3,0.980314961,-0.625984252
106,37,3,1.003937008,-0.625984252
107,37,3,1.027559055,-0.625984252
108,37,3,1.051181102,-0.625984252
109,37,3,1.074803150,-0.625984252
110,37,2,1.098425197,-0.625984252
111,37,2,1.122047244,-0.625984252
112,37,2,1.145669291,-0.625984252
113,37,2,1.169291339,-0.625984252
114,37,2,1.192913386,-0.625984252
115,37,2,1.216535433,-0.625984252
116,37,2,1.240157480,-0.625984252
117,37,2,1.263779528,-0.625984252
118,37,2,1.287401575,-0.625984252
119,37,2,1.311023622,-0.625984252
120,37,2,1.334645669,-0.625984252
121,37,2,1.358267717,-0.625984252
122,37,2,1.381889764,-0.625984252
123,37,2,1.405511811,-0.625984252
124,37,2,1.429133858,-0.625984252
125,37,2,1.452755906,-0.625984252
126,37,2,1.476377953,-0.625984252
127,37,2,1.500000000,-0.625984252
0,38,3,-1.500000000,-0.602362205
1,38,3,-1.476377953,-0.602362205
2,38,3,-1.452755906,-0.602362205
3,38,3,-1.429133858,-0.602362205
4,38,3,-1.405511811,-0.602362205
5,38,3,-1.381889764,-0.602362205
6,38,3,-1.358267717,-0.602362205
7,38,3,-1.334645669,-0.602362205
8,38,3,-1.311023622,-0.602362205
9,38,3,-1.287401575,-0.602362205
10,38,3,-1.263779528,-0.602362205
11,38,3,-1.240157480,-0.602362205
12,38,4,-1.216535433,-0.602362205
13,38,4,-1.192913386,-0.602362205
14,38,4,-1.169291339,-0.602362205
15,38,4,-1.145669291,-0.602362205
16,38,4,-1.122047244,-0.602362205
17,38,4,-1.098425197,-0.602362205
18,38,4,-1.074803150,-0.602362205
19,38,4,-1.051181102,-0.602362205
20,38,4,-1.027559055,-0.602362205
21,38,5,-1.003937008,-0.602362205
22,38,5,-0.980314961,-0.602362205
23,38,5,-0.956692913,-0.602362205
24,38,5,-0.933070866,-0.602362205
25,38,5,-0.909448819,-0.602362205
26,38,5,-0.885826772,-0.602362205
27,38,5,-0.862204724,-0.602362205
28,38,5,-0.838582677,-0.602362205
29,38,5,-0.814960630,-0.602362205
30,38,5,-0.791338583,-0.602362205
31,38,6,-0.767716535,-0.602362205
32,38,6,-0.744094488,-0.602362205
33,38,6,-0.720472441,-0.602362205
34,38,6,-0.696850394,-0.602362205
35,38,7,-0.673228346,-0.602362205
36,38,7,-0.649606299,-0.602362205
37,38,9,-0.625984252,-0.602362205
38,38,13,-0.602362205,-0.602362205
39,38,15,-0.578740157,-0.602362205
40,38,42,-0.555118110,-0.602362205
41,38,256,-0.531496063,-0.602362205
42,38,256,-0.507874016,-0.602362205
43,38,256,-0.484251969,-0.602362205
44,38,124,-0.460629921,-0.602362205
45,38,15,-0.437007874,-0.602362205
46,38,72,-0.413385827,-0.602362205
47,38,28,-0.389763780,-0.602362205
48,38,256,-0.366141732,-0.602362205
49,38,256,-0.342519685,-0.602362205
50,38,256,-0.318897638,-0.602362205
51,38,256,-0.295275591,-0.602362205
52,38,256,-0.271653543,-0.602362205
53,38,256,-0.248031496,-0.602362205
54,38,256,-0.224409449,-0.602362205
55,38,256,-0.200787402,-0.602362205
56,38,256,-0.177165354,-0.602362205
57,38,256,-0.153543307,-0.602362205
58,38,256,-0.129921260,-0.602362205
59,38,256,-0.106299213,-0.602362205
60,38,256,-0.082677165,-0.602362205
61,38,256,-0.059055118,-0.602362205
62,38,256,-0.035433071,-0.602362205
63,38,256,-0.011811024,-0.602362205
64,38,256,0.011811024,-0.602362205
65,38,256,0.035433071,-0.602362205
66,38,256,0.059055118,-0.602362205
67,38,256,0.082677165,-0.602362205
68,38,256,0.106299213,-0.602362205
69,38,256,0.129921260,-0.602362205
70,38,18,0.153543307,-0.602362205
71,38,15,0.177165354,-0.602362205
72,38,11,0.200787402,-0.602362205
73,38,11,0.224409449,-0.602362205
74,38,13,0.248031496,-0.602362205
75,38,31,0.271653543,-0.602362205
76,38,16,0.295275591,-0.602362205
77,38,14,0.318897638,-0.602362205
78,38,14,0.342519685,-0.602362205
79,38,20,0.366141732,-0.602362205
80,38,28,0.389763780,-0.602362205
81,38,16,0.413385827,-0.602362205
82,38,6,0.437007874,-0.602362205
83,38,5,0.460629921,-0.602362205
84,38,5,0.484251969,-0.602362205
85,38,5,0.507874016,-0.602362205
86,38,4,0.531496063,-0.602362205
87,38,4,0.555118110,-0.602362205
88,38,3,0.578740157,-0.602362205
89,38,3,0.602362205,-0.602362205
90,38,3,0.625984252,-0.602362205
91,38,3,0.649606299,-0.602362205
92,38,3,0.673228346,-0.602362205
93,38,3,0.696850394,-0.602362205
94,38,3,0.720472441,-0.602362205
95,38,3,0.744094488,-0.602362205
96,38,3,0.767716535,-0.602362205
97,38,3,0.791338583,-0.602362205
98,38,3,0.814960630,-0.602362205
99,38,3,0.838582677,-0.602362205
100,38,3,0.862204724,-0.602362205
101,38,3,0.885826772,-0.602362205
102,38,3,0.909448819,-0.602362205
103,38,3,0.933070866,-0.602362205
104,38,3,0.956692913,-0.602362205
105,38,3,0.980314961,-0.602362205
106,38,3,1.003937008,-0.602362205
107,38,3,1.027559055,-0.602362205
108,38,3,1.051181102,-0.602362205
109,38,3,1.074803150,-0.602362205
110,38,3,1.098425197,-0.602362205
111,38,2,1.122047244,-0.602362205
112,38,2,1.145669291,-0.602362205
113,38,2,1.169291339,-0.602362205
114,38,2,1.192913386,-0.602362205
115,38,2,1.216535433,-0.602362205
116,38,2,1.240157480,-0.602362205
117,38,2,1.263779528,-0.602362205
118,38,2,1.287401575,-0.602362205
119,38,2,1.311023622,-0.602362205
120,38,2,1.334645669,-0.602362205
121,38,2,1.358267717,-0.602362205
122,38,2,1.381889764,-0.602362205
123,38,2,1.405511811,-0.602362205
124,38,2,1.429133858,-0.602362205
125,38,2,1.452755906,-0.602362205
126,38,2,1.476377953,-0.602362205
127,38,2,1.500000000,-0.602362205
0,39,3,-1.500000000,-0.578740157
1,39,3,-1.476377953,-0.578740157
2,39,3,-1.452755906,-0.578740157
3,39,3,-1.429133858,-0.578740157
4,39,3,-1.405511811,-0.578740157
5,39,3,-1.381889764,-0.578740157
6,39,3,-1.358267717,-0.578740157
7,39,3,-1.334645669,-0.578740157
8,39,3,-1.311023622,-0.578740157
9,39,3,-1.287401575,-0.578740157
10,39,3,-1.263779528,-0.578740157
11,39,4,-1.240157480,-0.578740157
12,39,4,-1.216535433,-0.578740157
13,39,4,-1.192913386,-0.578740157
14,39,4,-1.169291339,-0.578740157
15,39,4,-1.145669291,-0.578740157
16,39,4,-1.122047244,-0.578740157
17,39,4,-1.098425197,-0.578740157
18,39,4,-1.074803150,-0.578740157
19,39,4,-1.051181102,-0.578740157
20,39,5,-1.027559055,-0.578740157
21,39,5,-1.003937008,-0.578740157
22,39,5,-0.980314961,-0.578740157
23,39,5,-0.956692913,-0.578740157
24,39,5,-0.933070866,-0.578740157
25,39,5,-0.909448819,-0.578740157
26,39,5,-0.885826772,-0.578740157
27,39,5,-0.862204724,-0.578740157
28,39,5,-0.838582677,-0.578740157
29,39,5,-0.814960630,-0.578740157
30,39,5,-0.791338583,-0.578740157
31,39,6,-0.767716535,-0.578740157
32,39,6,-0.744094488,-0.578740157
33,39,6,-0.720472441,-0.578740157
34,39,7,-0.696850394,-0.578740157
35,39,7,-0.673228346,-0.578740157
36,39,8,-0.649606299,-0.578740157
37,39,9,-0.625984252,-0.578740157
38,39,10,-0.602362205,-0.578740157
39,39,36,-0.578740157,-0.578740157
40,39,30,-0.555118110,-0.578740157
41,39,256,-0.531496063,-0.578740157
42,39,256,-0.507874016,-0.578740157
43,39,256,-0.484251969,-0.578740157
44,39,58,-0.460629921,-0.578740157
45,39,75,-0.437007874,-0.578740157
46,39,51,-0.413385827,-0.578740157
47,39,256,-0.389763780,-0.578740157
48,39,256,-0.366141732,-0.578740157
49,39,256,-0.342519685,-0.578740157
50,39,256,-0.318897638,-0.578740157
51,39,256,-0.295275591,-0.578740157
52,39,256,-0.271653543,-0.578740157
53,39,256,-0.248031496,-0.578740157
54,39,256,-0.224409449,-0.578740157
55,39,256,-0.200787402,-0.578740157
56,39,256,-0.177165354,-0.578740157
57,39,256,-0.153543307,-0.578740157
58,39,256,-0.129921260,-0.578740157
59,39,256,-0.106299213,-0.578740157
60,39,256,-0.082677165,-0.578740157
61,39,256,-0.059055118,-0.578740157
62,39,256,-0.035433071,-0.578740157
63,39,256,-0.011811024,-0.578740157
64,39,256,0.011811024,-0.578740157
65,39,256,0.035433071,-0.578740157
66,39,256,0.059055118,-0.578740157
67,39,256,0.082677165,-0.578740157
68,39,256,0.106299213,-0.578740157
69,39,256,0.129921260,-0.578740157
70,39,256,0.153543307,-0.578740157
71,39,256,0.177165354,-0.578740157
72,39,15,0.200787402,-0.578740157
73,39,14,0.224409449,-0.578740157
74,39,34,0.248031496,-0.578740157
75,39,256,0.271653543,-0.578740157
76,39,227,0.295275591,-0.578740157
77,39,40,0.318897638,-0.578740157
78,39,31,0.342519685,-0.578740157
79,39,18,0.366141732,-0.578740157
80,39,15,0.389763780,-0.578740157
81,39,8,0.413385827,-0.578740157
82,39,6,0.437007874,-0.578740157
83,39,5,0.460629921,-0.578740157
84,39,5,0.484251969,-0.578740157
85,39,5,0.507874016,-0.578740157
86,39,5,0.531496063,-0.578740157
87,39,4,0.555118110,-0.578740157
88,39,3,0.578740157,-0.578740157
89,39,3,0.602362205,-0.578740157
90,39,3,0.625984252,-0.578740157
91,39,3,0.649606299,-0.578740157
92,39,3,0.673228346,-0.578740157
93,39,3,0.696850394,-0.578740157
94,39,3,0.720472441,-0.578740157
95,39,3,0.744094488,-0.578740157
96,39,3,0.767716535,-0.578740157
97,39,3,0.791338583,-0.578740157
98,39,3,0.814960630,-0.578740157
99,39,3,0.838582677,-0.578740157
100,39,3,0.862204724,-0.578740157
101,39,3,0.885826772,-0.578740157
102,39,3,0.909448819,-0.578740157
103,39,3,0.933070866,-0.578740157
104,39,3,0.956692913,-0.578740157
105,39,3,0.980314961,-0.578740157
106,39,3,1.003937008,-0.578740157
107,39,3,1.027559055,-0.578740157
108,39,3,1.051181102,-0.578740157
109,39,3,1.074803150,-0.578740157
110,39,3,1.098425197,-0.578740157
111,39,2,1.122047244,-0.578740157
112,39,2,1.145669291,-0.578740157
113,39,2,1.169291339,-0.578740157
114,39,2,1.192913386,-0.578740157
115,39,2,1.216535433,-0.578740157
116,39,2,1.240157480,-0.578740157
117,39,2,1.263779528,-0.578740157
118,39,2,1.287401575,-0.578740157
119,39,2,1.311023622,-0.578740157
120,39,2,1.334645669,-0.578740157
121,39,2,1.358267717,-0.578740157
122,39,2,1.381889764,-0.578740157
123,39,2,1.405511811,-0.578740157
124,39,2,1.429133858,-0.578740157
125,39,2,1.452755906,-0.578740157
126,39,2,1.476377953,-0.578740157
127,39,2,1.500000000,-0.578740157
0,40,3,-1.500000000,-0.555118110
1,40,3,-1.476377953,-0.555118110
2,40,3,-1.452755906,-0.555118110
3,40,3,-1.429133858,-0.555118110
4,40,3,-1.405511811,-0.555118110
5,40,3,-1.381889764,-0.555118110
6,40,3,-1.358267717,-0.555118110
7,40,3,-1.334645669,-0.555118110
8,40,3,-1.311023622,-0.555118110
9,40,3,-1.287401575,-0.555118110
10,40,4,-1.263779528,-0.555118110
11,40,4,-1.240157480,-0.555118110
12,40,5,-1.216535433,-0.555118110
13,40,5,-1.192913386,-0.555118110
14,40,5,-1.169291339,-0.555118110
15,40,5,-1.145669291,-0.555118110
16,40,5,-1.122047244,-0.555118110
17,40,5,-1.098425197,-0.555118110
18,40,5,-1.074803150,-0.555118110
19,40,5,-1.051181102,-0.555118110
20,40,5,-1.027559055,-0.555118110
21,40,5,-1.003937008,-0.555118110
22,40,5,-0.980314961,-0.555118110
23,40,5,-0.956692913,-0.555118110
24,40,5,-0.933070866,-0.555118110
25,40,5,-0.909448819,-0.555118110
26,40,5,-0.885826772,-0.555118110
27,40,5,-0.862204724,-0.555118110
28,40,5,-0.838582677,-0.555118110
29,40,5,-0.814960630,-0.555118110
30,40,6,-0.791338583,-0.555118110
31,40,6,-0.767716535,-0.555118110
32,40,6,-0.744094488,-0.555118110
33,40,7,-0.720472441,-0.555118110
34,40,7,-0.696850394,-0.555118110
35,40,7,-0.673228346,-0.555118110
36,40,8,-0.649606299,-0.555118110
37,40,9,-0.625984252,-0.555118110
38,40,10,-0.602362205,-0.555118110
39,40,21,-0.578740157,-0.555118110
40,40,186,-0.555118110,-0.555118110
41,40,256,-0.531496063,-0.555118110
42,40,256,-0.507874016,-0.555118110
43,40,256,-0.484251969,-0.555118110
44,40,38,-0.460629921,-0.555118110
45,40,256,-0.437007874,-0.555118110
46,40,256,-0.413385827,-0.555118110
47,40,256,-0.389763780,-0.555118110
48,40,256,-0.366141732,-0.555118110
49,40,256,-0.342519685,-0.555118110
50,40,256,-0.318897638,-0.555118110
51,40,256,-0.295275591,-0.555118110
52,40,256,-0.271653543,-0.555118110
53,40,256,-0.248031496,-0.555118110
54,40,256,-0.224409449,-0.555118110
55,40,256,-0.200787402,-0.555118110
56,40,256,-0.177165354,-0.555118110
57,40,256,-0.153543307,-0.555118110
58,40,256,-0.129921260,-0.555118110
59,40,256,-0.106299213,-0.555118110
60,40,256,-0.082677165,-0.555118110
61,40,256,-0.059055118,-0.555118110
62,40,256,-0.035433071,-0.555118110
63,40,256,-0.011811024,-0.555118110
64,40,256,0.011811024,-0.555118110
65,40,256,0.035433071,-0.555118110
66,40,256,0.059055118,-0.555118110
67,40,256,0.082677165,-0.555118110
68,40,256,0.106299213,-0.555118110
69,40,256,0.129921260,-0.555118110
70,40,256,0.153543307,-0.555118110
71,40,256,0.177165354,-0.555118110
72,40,101,0.200787402,-0.555118110
73,40,19,0.224409449,-0.555118110
74,40,256,0.248031496,-0.555118110
75,40,256,0.271653543,-0.555118110
76,40,256,0.295275591,-0.555118110
77,40,256,0.318897638,-0.555118110
78,40,38,0.342519685,-0.555118110
79,40,13,0.366141732,-0.555118110
80,40,11,0.389763780,-0.555118110
81,40,7,0.413385827,-0.555118110
82,40,6,0.437007874,-0.555118110
83,40,5,0.460629921,-0.555118110
84,40,5,0.484251969,-0.555118110
85,40,5,0.507874016,-0.555118110
86,40,4,0.531496063,-0.555118110
87,40,4,0.555118110,-0.555118110
88,40,3,0.578740157,-0.555118110
89,40,3,0.602362205,-0.555118110
90,40,3,0.625984252,-0.555118110
91,40,3,0.649606299,-0.555118110
92,40,3,0.673228346,-0.555118110
93,40,3,0.696850394,-0.555118110
94,40,3,0.720472441,-0.555118110
95,40,3,0.744094488,-0.555118110
96,40,3,0.767716535,-0.555118110
97,40,3,0.791338583,-0.555118110
98,40,3,0.814960630,-0.555118110
99,40,3,0.838582677,-0.555118110
100,40,3,0.862204724,-0.555118110
101,40,3,0.885826772,-0.555118110
102,40,3,0.909448819,-0.555118110
103,40,3,0.933070866,-0.555118110
104,40,3,0.956692913,-0.555118110
105,40,3,0.980314961,-0.555118110
106,40,3,1.003937008,-0.555118110
107,40,3,1.027559055,-0.555118110
108,40,3,1.051181102,-0.555118110
109,40,3,1.074803150,-0.555118110
110,40,3,1.098425197,-0.555118110
111,40,2,1.122047244,-0.555118110
112,40,2,1.145669291,-0.555118110
113,40,2,1.169291339,-0.555118110
114,40,2,1.192913386,-0.555118110
115,40,2,1.216535433,-0.555118110
116,40,2,1.240157480,-0.555118110
117,40,2,1.263779528,-0.555118110
118,40,2,1.287401575,-0.555118110
119,40,2,1.311023622,-0.555118110
120,40,2,1.334645669,-0.555118110
121,40,2,1.358267717,-0.555118110
122,40,2,1.381889764,-0.555118110
123,40,2,1.405511811,-0.555118110
124,40,2,1.429133858,-0.555118110
125,40,2,1.452755906,-0.555118110
126,40,2,1.476377953,-0.555118110
127,40,2,1.500000000,-0.555118110
0,41,3,-1.500000000,-0.531496063
1,41,3,-1.476377953,-0.531496063
2,41,3,-1.452755906,-0.531496063
3,41,3,-1.429133858,-0.531496063
4,41,3,-1.405511811,-0.531496063
5,41,3,-1.381889764,-0.531496063
6,41,3,-1.358267717,-0.531496063
7,41,3,-1.334645669,-0.531496063
8,41,3,-1.311023622,-0.531496063
9,41,4,-1.287401575,-0.531496063
10,41,4,-1.263779528,-0.531496063
11,41,5,-1.240157480,-0.531496063
12,41,5,-1.216535433,-0.531496063
13,41,5,-1.192913386,-0.531496063
14,41,5,-1.169291339,-0.531496063
15,41,5,-1.145669291,-0.531496063
16,41,5,-1.122047244,-0.531496063
17,41,5,-1.098425197,-0.531496063
18,41,5,-1.074803150,-0.531496063
19,41,5,-1.051181102,-0.531496063
20,41,5,-1.027559055,-0.531496063
21,41,5,-1.003937008,-0.531496063
22,41,5,-0.980314961,-0.531496063
23,41,5,-0.956692913,-0.531496063
24,41,5,-0.933070866,-0.531496063
25,41,5,-0.909448819,-0.531496063
26,41,5,-0.885826772,-0.531496063
27,41,5,-0.862204724,-0.531496063
28,41,6,-0.838582677,-0.531496063
29,41,6,-0.814960630,-0.531496063
30,41,6,-0.791338583,-0.531496063
31,41,6,-0.767716535,-0.531496063
32,41,6,-0.744094488,-0.531496063
33,41,7,-0.720472441,-0.531496063
34,41,7,-0.696850394,-0.531496063
35,41,8,-0.673228346,-0.531496063
36,41,9,-0.649606299,-0.531496063
37,41,10,-0.625984252,-0.531496063
38,41,11,-0.602362205,-0.531496063
39,41,13,-0.578740157,-0.531496063
40,41,25,-0.555118110,-0.531496063
41,41,212,-0.531496063,-0.531496063
42,41,256,-0.507874016,-0.531496063
43,41,256,-0.484251969,-0.531496063
44,41,256,-0.460629921,-0.531496063
45,41,256,-0.437007874,-0.531496063
46,41,256,-0.413385827,-0.531496063
47,41,256,-0.389763780,-0.531496063
48,41,256,-0.366141732,-0.531496063
49,41,256,-0.342519685,-0.531496063
50,41,256,-0.318897638,-0.531496063
51,41,256,-0.295275591,-0.531496063
52,41,256,-0.271653543,-0.531496063
53,41,256,-0.248031496,-0.531496063
54,41,256,-0.224409449,-0.531496063
55,41,256,-0.200787402,-0.531496063
56,41,256,-0.177165354,-0.531496063
57,41,256,-0.153543307,-0.531496063
58,41,256,-0.129921260,-0.531496063
59,41,256,-0.106299213,-0.531496063
60,41,256,-0.082677165,-0.531496063
61,41,256,-0.059055118,-0.531496063
62,41,256,-0.035433071,-0.531496063
63,41,256,-0.011811024,-0.531496063
64,41,256,0.011811024,-0.531496063
65,41,256,0.035433071,-0.531496063
66,41,256,0.059055118,-0.531496063
67,41,256,0.082677165,-0.531496063
68,41,256,0.106299213,-0.531496063
69,41,256,0.129921260,-0.531496063
70,41,256,0.153543307,-0.531496063
71,41,256,0.177165354,-0.531496063
72,41,256,0.200787402,-0.531496063
73,41,41,0.224409449,-0.531496063
74,41,256,0.248031496,-0.531496063
75,41,256,0.271653543,-0.531496063
76,41,256,0.295275591,-0.531496063
77,41,256,0.318897638,-0.531496063
78,41,17,0.342519685,-0.531496063
79,41,12,0.366141732,-0.531496063
80,41,8,0.389763780,-0.531496063
81,41,7,0.413385827,-0.531496063
82,41,6,0.437007874,-0.531496063
83,41,6,0.460629921,-0.531496063
84,41,5,0.484251969,-0.531496063
85,41,5,0.507874016,-0.531496063
86,41,4,0.531496063,-0.531496063
87,41,4,0.555118110,-0.531496063
88,41,4,0.578740157,-0.531496063
89,41,3,0.602362205,-0.531496063
90,41,3,0.625984252,-0.531496063
91,41,3,0.649606299,-0.531496063
92,41,3,0.673228346,-0.531496063
93,41,3,0.696850394,-0.531496063
94,41,3,0.720472441,-0.531496063
95,41,3,0.744094488,-0.531496063
96,41,3,0.767716535,-0.531496063
97,41,3,0.791338583,-0.531496063
98,41,3,0.814960630,-0.531496063
99,41,3,0.838582677,-0.531496063
100,41,3,0.862204724,-0.531496063
101,41,3,0.885826772,-0.531496063
102,41,3,0.909448819,-0.531496063
103,41,3,0.933070866,-0.531496063
104,41,3,0.956692913,-0.531496063
105,41,3,0.980314961,-0.531496063
106,41,3,1.003937008,-0.531496063
107,41,3,1.027559055,-0.531496063
108,41,3,1.051181102,-0.531496063
109,41,3,1.074803150,-0.531496063
110,41,2,1.098425197,-0.531496063
111,41,2,1.122047244,-0.531496063
112,41,2,1.145669291,-0.531496063
113,41,2,1.169291339,-0.531496063
114,41,2,1.192913386,-0.531496063
115,41,2,1.216535433,-0.531496063
116,41,2,1.240157480,-0.531496063
117,41,2,1.263779528,-0.531496063
118,41,2,1.287401575,-0.531496063
119,41,2,1.311023622,-0.531496063
120,41,2,1.334645669,-0.531496063
121,41,2,1.358267717,-0.531496063
122,41,2,1.381889764,-0.531496063
123,41,2,1.405511811,-0.531496063
124,41,2,1.429133858,-0.531496063
125,41,2,1.452755906,-0.531496063
126,41,2,1.476377953,-0.531496063
127,41,2,1.500000000,-0.531496063
0,42,3,-1.500000000,-0.507874016
1,42,3,-1.476377953,-0.507874016
2,42,3,-1.452755906,-0.507874016
3,42,3,-1.429133858,-0.507874016
4,42,3,-1.405511811,-0.507874016
5,42,3,-1.381889764,-0.507874016
6,42,3,-1.358267717,-0.507874016
7,42,3,-1.334645669,-0.507874016
8,42,4,-1.311023622,-0.507874016
9,42,4,-1.287401575,-0.507874016
10,42,4,-1.263779528,-0.507874016
11,42,5,-1.240157480,-0.507874016
12,42,5,-1.216535433,-0.507874016
13,42,5,-1.192913386,-0.507874016
14,42,5,-1.169291339,-0.507874016
15,42,5,-1.145669291,-0.507874016
16,42,5,-1.122047244,-0.507874016
17,42,5,-1.098425197,-0.507874016
18,42,5,-1.074803150,-0.507874016
19,42,5,-1.051181102,-0.507874016
20,42,5,-1.027559055,-0.507874016
21,42,5,-1.003937008,-0.507874016
22,42,5,-0.980314961,-0.507874016
23,42,5,-0.956692913,-0.507874016
24,42,6,-0.933070866,-0.507874016
25,42,6,-0.909448819,-0.507874016
26,42,6,-0.885826772,-0.507874016
27,42,6,-0.862204724,-0.507874016
28,42,6,-0.838582677,-0.507874016
29,42,6,-0.814960630,-0.507874016
30,42,6,-0.791338583,-0.507874016
31,42,6,-0.767716535,-0.507874016
32,42,6,-0.744094488,-0.507874016
33,42,7,-0.720472441,-0.507874016
34,42,8,-0.696850394,-0.507874016
35,42,9,-0.673228346,-0.507874016
36,42,11,-0.649606299,-0.507874016
37,42,11,-0.625984252,-0.507874016
38,42,11,-0.602362205,-0.507874016
39,42,13,-0.578740157,-0.507874016
40,42,17,-0.555118110,-0.507874016
41,42,119,-0.531496063,-0.507874016
42,42,256,-0.507874016,-0.507874016
43,42,256,-0.484251969,-0.507874016
44,42,256,-0.460629921,-0.507874016
45,42,256,-0.437007874,-0.507874016
46,42,256,-0.413385827,-0.507874016
47,42,256,-0.389763780,-0.507874016
48,42,256,-0.366141732,-0.507874016
49,42,256,-0.342519685,-0.507874016
50,42,256,-0.318897638,-0.507874016
51,42,256,-0.295275591,-0.507874016
52,42,256,-0.271653543,-0.507874016
53,42,256,-0.248031496,-0.507874016
54,42,256,-0.224409449,-0.507874016
55,42,256,-0.200787402,-0.507874016
56,42,256,-0.177165354,-0.507874016
57,42,256,-0.153543307,-0.507874016
58,42,256,-0.129921260,-0.507874016
59,42,256,-0.106299213,-0.507874016
60,42,256,-0.082677165,-0.507874016
61,42,256,-0.059055118,-0.507874016
62,42,256,-0.035433071,-0.507874016
63,42,256,-0.011811024,-0.507874016
64,42,256,0.011811024,-0.507874016
65,42,256,0.035433071,-0.507874016
66,42,256,0.059055118,-0.507874016
67,42,256,0.082677165,-0.507874016
68,42,256,0.106299213,-0.507874016
69,42,256,0.129921260,-0.507874016
70,42,256,0.153543307,-0.507874016
71,42,256,0.177165354,-0.507874016
72,42,256,0.200787402,-0.507874016
73,42,256,0.224409449,-0.507874016
74,42,256,0.248031496,-0.507874016
75,42,256,0.271653543,-0.507874016
76,42,256,0.295275591,-0.507874016
77,42,256,0.318897638,-0.507874016
78,42,61,0.342519685,-0.507874016
79,42,12,0.366141732,-0.507874016
80,42,8,0.389763780,-0.507874016
81,42,7,0.413385827,-0.507874016
82,42,6,0.437007874,-0.507874016
83,42,6,0.460629921,-0.507874016
84,42,5,0.484251969,-0.507874016
85,42,5,0.507874016,-0.507874016
86,42,4,0.531496063,-0.507874016
87,42,4,0.555118110,-0.507874016
88,42,4,0.578740157,-0.507874016
89,42,3,0.602362205,-0.507874016
90,42,3,0.625984252,-0.507874016
91,42,3,0.649606299,-0.507874016
92,42,3,0.673228346,-0.507874016
93,42,3,0.696850394,-0.507874016
94,42,3,0.720472441,-0.507874016
95,42,3,0.744094488,-0.507874016
96,42,3,0.767716535,-0.507874016
97,42,3,0.791338583,-0.507874016
98,42,3,0.814960630,-0.507874016
99,42,3,0.838582677,-0.507874016
100,42,3,0.862204724,-0.507874016
101,42,3,0.885826772,-0.507874016
102,42,3,0.909448819,-0.507874016
103,42,3,0.933070866,-0.507874016
104,42,3,0.956692913,-0.507874016
105,42,3,0.980314961,-0.507874016
106,42,3,1.003937008,-0.507874016
107,42,3,1.027559055,-0.507874016
108,42,3,1.051181102,-0.507874016
109,42,3,1.074803150,-0.507874016
110,42,2,1.098425197,-0.507874016
111,42,2,1.122047244,-0.507874016
112,42,2,1.145669291,-0.507874016
113,42,2,1.169291339,-0.507874016
114,42,2,1.192913386,-0.507874016
115,42,2,1.216535433,-0.507874016
116,42,2,1.240157480,-0.507874016
117,42,2,1.263779528,-0.507874016
118,42,2,1.287401575,-0.507874016
119,42,2,1.311023622,-0.507874016
120,42,2,1.334645669,-0.507874016
121,42,2,1.358267717,-0.507874016
122,42,2,1.381889764,-0.507874016
123,42,2,1.405511811,-0.507874016
124,42,2,1.429133858,-0.507874016
125,42,2,1.452755906,-0.507874016
126,42,2,1.476377953,-0.507874016
127,42,2,1.500000000,-0.507874016
0,43,3,-1.500000000,-0.484251969
1,43,3,-1.476377953,-0.484251969
2,43,3,-1.452755906,-0.484251969
3,43,3,-1.429133858,-0.484251969
4,43,3,-1.405511811,-0.484251969
5,43,3,-1.381889764,-0.484251969
6,43,4,-1.358267717,-0.484251969
7,43,4,-1.334645669,-0.484251969
8,43,4,-1.311023622,-0.484251969
9,43,4,-1.287401575,-0.484251969
10,43,5,-1.263779528,-0.484251969
11,43,5,-1.240157480,-0.484251969
12,43,5,-1.216535433,-0.484251969
13,43,5,-1.192913386,-0.484251969
14,43,5,-1.169291339,-0.484251969
15,43,6,-1.145669291,-0.484251969
16,43,5,-1.122047244,-0.484251969
17,43,5,-1.098425197,-0.484251969
18,43,5,-1.074803150,-0.484251969
19,43,5,-1.051181102,-0.484251969
20,43,5,-1.027559055,-0.484251969
21,43,5,-1.003937008,-0.484251969
22,43,5,-0.980314961,-0.484251969
23,43,5,-0.956692913,-0.484251969
24,43,6,-0.933070866,-0.484251969
25,43,6,-0.909448819,-0.484251969
26,43,6,-0.885826772,-0.484251969
27,43,6,-0.862204724,-0.484251969
28,43,6,-0.838582677,-0.484251969
29,43,6,-0.814960630,-0.484251969
30,43,6,-0.791338583,-0.484251969
31,43,6,-0.767716535,-0.484251969
32,43,7,-0.744094488,-0.484251969
33,43,8,-0.720472441,-0.484251969
34,43,10,-0.696850394,-0.484251969
35,43,13,-0.673228346,-0.484251969
36,43,35,-0.649606299,-0.484251969
37,43,14,-0.625984252,-0.484251969
38,43,14,-0.602362205,-0.484251969
39,43,73,-0.578740157,-0.484251969
40,43,31,-0.555118110,-0.484251969
41,43,256,-0.531496063,-0.484251969
42,43,256,-0.507874016,-0.484251969
43,43,256,-0.484251969,-0.484251969
44,43,256,-0.460629921,-0.484251969
45,43,256,-0.437007874,-0.484251969
46,43,256,-0.413385827,-0.484251969
47,43,256,-0.389763780,-0.484251969
48,43,256,-0.366141732,-0.484251969
49,43,256,-0.342519685,-0.484251969
50,43,256,-0.318897638,-0.484251969
51,43,256,-0.295275591,-0.484251969
52,43,256,-0.271653543,-0.484251969
53,43,256,-0.248031496,-0.484251969
54,43,256,-0.224409449,-0.484251969
55,43,256,-0.200787402,-0.484251969
56,43,256,-0.177165354,-0.484251969
57,43,256,-0.153543307,-0.484251969
58,43,256,-0.129921260,-0.484251969
59,43,256,-0.106299213,-0.484251969
60,43,256,-0.082677165,-0.484251969
61,43,256,-0.059055118,-0.484251969
62,43,256,-0.035433071,-0.484251969
63,43,256,-0.011811024,-0.484251969
64,43,256,0.011811024,-0.484251969
65,43,256,0.035433071,-0.484251969
66,43,256,0.059055118,-0.484251969
67,43,256,0.082677165,-0.484251969
68,43,256,0.106299213,-0.484251969
69,43,256,0.129921260,-0.484251969
70,43,256,0.153543307,-0.484251969
71,43,256,0.177165354,-0.484251969
72,43,256,0.200787402,-0.484251969
73,43,256,0.224409449,-0.484251969
74,43,256,0.248031496,-0.484251969
75,43,40,0.271653543,-0.484251969
76,43,51,0.295275591,-0.484251969
77,43,20,0.318897638,-0.484251969
78,43,11,0.342519685,-0.484251969
79,43,9,0.366141732,-0.484251969
80,43,7,0.389763780,-0.484251969
81,43,7,0.413385827,-0.484251969
82,43,6,0.437007874,-0.484251969
83,43,6,0.460629921,-0.484251969
84,43,5,0.484251969,-0.484251969
85,43,5,0.507874016,-0.484251969
86,43,4,0.531496063,-0.484251969
87,43,4,0.555118110,-0.484251969
88,43,4,0.578740157,-0.484251969
89,43,3,0.602362205,-0.484251969
90,43,3,0.625984252,-0.484251969
91,43,3,0.649606299,-0.484251969
92,43,3,0.673228346,-0.484251969
93,43,3,0.696850394,-0.484251969
94,43,3,0.720472441,-0.484251969
95,43,3,0.744094488,-0.484251969
96,43,3,0.767716535,-0.484251969
97,43,3,0.791338583,-0.484251969
98,43,3,0.814960630,-0.484251969
99,43,3,0.838582677,-0.484251969
100,43,3,0.862204724,-0.484251969
101,43,3,0.885826772,-0.484251969
102,43,3,0.909448819,-0.484251969
103,43,3,0.933070866,-0.484251969
104,43,3,0.956692913,-0.484251969
105,43,3,0.980314961,-0.484251969
106,43,3,1.003937008,-0.484251969
107,43,3,1.027559055,-0.484251969
108,43,3,1.051181102,-0.484251969
109,43,3,1.074803150,-0.484251969
110,43,2,1.098425197,-0.484251969
111,43,2,1.122047244,-0.484251969
112,43,2,1.145669291,-0.484251969
113,43,2,1.169291339,-0.484251969
114,43,2,1.192913386,-0.484251969
115,43,2,1.216535433,-0.484251969
116,43,2,1.240157480,-0.484251969
117,43,2,1.263779528,-0.484251969
118,43,2,1.287401575,-0.484251969
119,43,2,1.311023622,-0.484251969
120,43,2,1.334645669,-0.484251969
121,43,2,1.358267717,-0.484251969
122,43,2,1.381889764,-0.484251969
123,43,2,1.405511811,-0.484251969
124,43,2,1.429133858,-0.484251969
125,43,2,1.452755906,-0.484251969
126,43,2,1.476377953,-0.484251969
127,43,2,1.500000000,-0.484251969
0,44,3,-1.500000000,-0.460629921
1,44,3,-1.476377953,-0.460629921
2,44,3,-1.452755906,-0.460629921
3,44,3,-1.429133858,-0.460629921
4,44,4,-1.405511811,-0.460629921
5,44,4,-1.381889764,-0.460629921
6,44,4,-1.358267717,-0.460629921
7,44,4,-1.334645669,-0.460629921
8,44,4,-1.311023622,-0.460629921
9,44,5,-1.287401575,-0.460629921
10,44,6,-1.263779528,-0.460629921
11,44,6,-1.240157480,-0.460629921
12,44,6,-1.216535433,-0.460629921
13,44,6,-1.192913386,-0.460629921
14,44,6,-1.169291339,-0.460629921
15,44,6,-1.145669291,-0.460629921
16,44,6,-1.122047244,-0.460629921
17,44,5,-1.098425197,-0.460629921
18,44,5,-1.074803150,-0.460629921
19,44,5,-1.051181102,-0.460629921
20,44,5,-1.027559055,-0.460629921
21,44,5,-1.003937008,-0.460629921
22,44,5,-0.980314961,-0.460629921
23,44,6,-0.956692913,-0.460629921
24,44,6,-0.933070866,-0.460629921
25,44,6,-0.909448819,-0.460629921
26,44,6,-0.885826772,-0.460629921
27,44,6,-0.862204724,-0.460629921
28,44,7,-0.838582677,-0.460629921
29,44,7,-0.814960630,-0.460629921
30,44,7,-0.791338583,-0.460629921
31,44,7,-0.767716535,-0.460629921
32,44,8,-0.744094488,-0.460629921
33,44,9,-0.720472441,-0.460629921
34,44,14,-0.696850394,-0.460629921
35,44,39,-0.673228346,-0.460629921
36,44,24,-0.649606299,-0.460629921
37,44,68,-0.625984252,-0.460629921
38,44,20,-0.602362205,-0.460629921
39,44,195,-0.578740157,-0.460629921
40,44,256,-0.555118110,-0.460629921
41,44,256,-0.531496063,-0.460629921
42,44,256,-0.507874016,-0.460629921
43,44,256,-0.484251969,-0.460629921
44,44,256,-0.460629921,-0.460629921
45,44,256,-0.437007874,-0.460629921
46,44,256,-0.413385827,-0.460629921
47,44,256,-0.389763780,-0.460629921
48,44,256,-0.366141732,-0.460629921
49,44,256,-0.342519685,-0.460629921
50,44,256,-0.318897638,-0.460629921
51,44,256,-0.295275591,-0.460629921
52,44,256,-0.271653543,-0.460629921
53,44,256,-0.248031496,-0.460629921
54,44,256,-0.224409449,-0.460629921
55,44,256,-0.200787402,-0.460629921
56,44,256,-0.177165354,-0.460629921
57,44,256,-0.153543307,-0.460629921
58,44,256,-0.129921260,-0.460629921
59,44,256,-0.106299213,-0.460629921
60,44,256,-0.082677165,-0.460629921
61,44,256,-0.059055118,-0.460629921
62,44,256,-0.035433071,-0.460629921
63,44,256,-0.011811024,-0.460629921
64,44,256,0.011811024,-0.460629921
65,44,256,0.035433071,-0.460629921
66,44,256,0.059055118,-0.460629921
67,44,256,0.082677165,-0.460629921
68,44,256,0.106299213,-0.460629921
69,44,256,0.129921260,-0.460629921
70,44,256,0.153543307,-0.460629921
71,44,256,0.177165354,-0.460629921
72,44,256,0.200787402,-0.460629921
73,44,256,0.224409449,-0.460629921
74,44,256,0.248031496,-0.460629921
75,44,256,0.271653543,-0.460629921
76,44,67,0.295275591,-0.460629921
77,44,16,0.318897638,-0.460629921
78,44,11,0.342519685,-0.460629921
79,44,9,0.366141732,-0.460629921
80,44,8,0.389763780,-0.460629921
81,44,7,0.413385827,-0.460629921
82,44,6,0.437007874,-0.460629921
83,44,6,0.460629921,-0.460629921
84,44,5,0.484251969,-0.460629921
85,44,5,0.507874016,-0.460629921
86,44,4,0.531496063,-0.460629921
87,44,4,0.555118110,-0.460629921
88,44,4,0.578740157,-0.460629921
89,44,4,0.602362205,-0.460629921
90,44,3,0.625984252,-0.460629921
91,44,3,0.649606299,-0.460629921
92,44,3,0.673228346,-0.460629921
93,44,3,0.696850394,-0.460629921
94,44,3,0.720472441,-0.460629921
95,44,3,0.744094488,-0.460629921
96,44,3,0.767716535,-0.460629921
97,44,3,0.791338583,-0.460629921
98,44,3,0.814960630,-0.460629921
99,44,3,0.838582677,-0.460629921
100,44,3,0.862204724,-0.460629921
101,44,3,0.885826772,-0.460629921
102,44,3,0.909448819,-0.460629921
103,44,3,0.933070866,-0.460629921
104,44,3,0.956692913,-0.460629921
105,44,3,0.980314961,-0.460629921
106,44,3,1.003937008,-0.460629921
107,44,3,1.027559055,-0.460629921
108,44,3,1.051181102,-0.460629921
109,44,2,1.074803150,-0.460629921
110,44,2,1.098425197,-0.460629921
111,44,2,1.122047244,-0.460629921
112,44,2,1.145669291,-0.460629921
113,44,2,1.169291339,-0.460629921
114,44,2,1.192913386,-0.460629921
115,44,2,1.216535433,-0.460629921
116,44,2,1.240157480,-0.460629921
117,44,2,1.263779528,-0.460629921
118,44,2,1.287401575,-0.460629921
119,44,2,1.311023622,-0.460629921
120,44,2,1.334645669,-0.460629921
121,44,2,1.358267717,-0.460629921
122,44,2,1.381889764,-0.460629921
123,44,2,1.405511811,-0.460629921
124,44,2,1.429133858,-0.460629921
125,44,2,1.452755906,-0.460629921
126,44,2,1.476377953,-0.460629921
127,44,2,1.500000000,-0.460629921
0,45,4,-1.500000000,-0.437007874
1,45,4,-1.476377953,-0.437007874
2,45,4,-1.452755906,-0.437007874
3,45,4,-1.429133858,-0.437007874
4,45,4,-1.405511811,-0.437007874
5,45,4,-1.381889764,-0.437007874
6,45,4,-1.358267717,-0.437007874
7,45,5,-1.334645669,-0.437007874
8,45,6,-1.311023622,-0.437007874
9,45,11,-1.287401575,-0.437007874
10,45,7,-1.263779528,-0.437007874
11,45,6,-1.240157480,-0.437007874
12,45,6,-1.216535433,-0.437007874
13,45,6,-1.192913386,-0.437007874
14,45,6,-1.169291339,-0.437007874
15,45,6,-1.145669291,-0.437007874
16,45,6,-1.122047244,-0.437007874
17,45,6,-1.098425197,-0.437007874
18,45,6,-1.074803150,-0.437007874
19,45,5,-1.051181102,-0.437007874
20,45,6,-1.027559055,-0.437007874
21,45,6,-1.003937008,-0.437007874
22,45,7,-0.980314961,-0.437007874
23,45,6,-0.956692913,-0.437007874
24,45,6,-0.933070866,-0.437007874
25,45,6,-0.909448819,-0.437007874
26,45,6,-0.885826772,-0.437007874
27,45,7,-0.862204724,-0.437007874
28,45,7,-0.838582677,-0.437007874
29,45,7,-0.814960630,-0.437007874
30,45,7,-0.791338583,-0.437007874
31,45,8,-0.767716535,-0.437007874
32,45,8,-0.744094488,-0.437007874
33,45,9,-0.720472441,-0.437007874
34,45,13,-0.696850394,-0.437007874
35,45,45,-0.673228346,-0.437007874
36,45,256,-0.649606299,-0.437007874
37,45,256,-0.625984252,-0.437007874
38,45,256,-0.602362205,-0.437007874
39,45,256,-0.578740157,-0.437007874
40,45,256,-0.555118110,-0.437007874
41,45,256,-0.531496063,-0.437007874
42,45,256,-0.507874016,-0.437007874
43,45,256,-0.484251969,-0.437007874
44,45,256,-0.460629921,-0.437007874
45,45,256,-0.437007874,-0.437007874
46,45,256,-0.413385827,-0.437007874
47,45,256,-0.389763780,-0.437007874
48,45,256,-0.366141732,-0.437007874
49,45,256,-0.342519685,-0.437007874
50,45,256,-0.318897638,-0.437007874
51,45,256,-0.295275591,-0.437007874
52,45,256,-0.271653543,-0.437007874
53,45,256,-0.248031496,-0.437007874
54,45,256,-0.224409449,-0.437007874
55,45,256,-0.200787402,-0.437007874
56,45,256,-0.177165354,-0.437007874
57,45,256,-0.153543307,-0.437007874
58,45,256,-0.129921260,-0.437007874
59,45,256,-0.106299213,-0.437007874
60,45,256,-0.082677165,-0.437007874
61,45,256,-0.059055118,-0.437007874
62,45,256,-0.035433071,-0.437007874
63,45,256,-0.011811024,-0.437007874
64,45,256,0.011811024,-0.437007874
65,45,256,0.035433071,-0.437007874
66,45,256,0.059055118,-0.437007874
67,45,256,0.082677165,-0.437007874
68,45,256,0.106299213,-0.437007874
69,45,256,0.129921260,-0.437007874
70,45,256,0.153543307,-0.437007874
71,45,256,0.177165354,-0.437007874
72,45,256,0.200787402,-0.437007874
73,45,256,0.224409449,-0.437007874
74,45,256,0.248031496,-0.437007874
75,45,256,0.271653543,-0.437007874
76,45,256,0.295275591,-0.437007874
77,45,34,0.318897638,-0.437007874
78,45,29,0.342519685,-0.437007874
79,45,10,0.366141732,-0.437007874
80,45,8,0.389763780,-0.437007874
81,45,8,0.413385827,-0.437007874
82,45,7,0.437007874,-0.437007874
83,45,6,0.460629921,-0.437007874
84,45,6,0.484251969,-0.437007874
85,45,5,0.507874016,-0.437007874
86,45,5,0.531496063,-0.437007874
87,45,4,0.555118110,-0.437007874
88,45,4,0.578740157,-0.437007874
89,45,4,0.602362205,-0.437007874
90,45,3,0.625984252,-0.437007874
91,45,3,0.649606299,-0.437007874
92,45,3,0.673228346,-0.437007874
93,45,3,0.696850394,-0.437007874
94,45,3,0.720472441,-0.437007874
95,45,3,0.744094488,-0.437007874
96,45,3,0.767716535,-0.437007874
97,45,3,0.791338583,-0.437007874
98,45,3,0.814960630,-0.437007874
99,45,3,0.838582677,-0.437007874
100,45,3,0.862204724,-0.437007874
101,45,3,0.885826772,-0.437007874
102,45,3,0.909448819,-0.437007874
103,45,3,0.933070866,-0.437007874
104,45,3,0.956692913,-0.437007874
105,45,3,0.980314961,-0.437007874
106,45,3,1.003937008,-0.437007874
107,45,3,1.027559055,-0.437007874
108,45,3,1.051181102,-0.437007874
109,45,2,1.074803150,-0.437007874
110,45,2,1.098425197,-0.437007874
111,45,2,1.122047244,-0.437007874
112,45,2,1.145669291,-0.437007874
113,45,2,1.169291339,-0.437007874
114,45,2,1.192913386,-0.437007874
115,45,2,1.216535433,-0.437007874
116,45,2,1.240157480,-0.437007874
117,45,2,1.263779528,-0.437007874
118,45,2,1.287401575,-0.437007874
119,45,2,1.311023622,-0.437007874
120,45,2,1.334645669,-0.437007874
121,45,2,1.358267717,-0.437007874
122,45,2,1.381889764,-0.437007874
123,45,2,1.405511811,-0.437007874
124,45,2,1.429133858,-0.437007874
125,45,2,1.452755906,-0.437007874
126,45,2,1.476377953,-0.437007874
127,45,2,1.500000000,-0.437007874
0,46,4,-1.500000000,-0.413385827
1,46,4,-1.476377953,-0.413385827
2,46,5,-1.452755906,-0.413385827
3,46,5,-1.429133858,-0.413385827
4,46,5,-1.405511811,-0.413385827
5,46,5,-1.381889764,-0.413385827
6,46,5,-1.358267717,-0.413385827
7,46,6,-1.334645669,-0.413385827
8,46,6,-1.311023622,-0.413385827
9,46,10,-1.287401575,-0.413385827
10,46,14,-1.263779528,-0.413385827
11,46,18,-1.240157480,-0.413385827
12,46,7,-1.216535433,-0.413385827
13,46,7,-1.192913386,-0.413385827
14,46,7,-1.169291339,-0.413385827
15,46,6,-1.145669291,-0.413385827
16,46,6,-1.122047244,-0.413385827
17,46,7,-1.098425197,-0.413385827
18,46,7,-1.074803150,-0.413385827
19,46,6,-1.051181102,-0.413385827
20,46,6,-1.027559055,-0.413385827
21,46,7,-1.003937008,-0.413385827
22,46,7,-0.980314961,-0.413385827
23,46,7,-0.956692913,-0.413385827
24,46,7,-0.933070866,-0.413385827
25,46,7,-0.909448819,-0.413385827
26,46,7,-0.885826772,-0.413385827
27,46,7,-0.862204724,-0.413385827
28,46,7,-0.838582677,-0.413385827
29,46,7,-0.814960630,-0.413385827
30,46,7,-0.791338583,-0.413385827
31,46,8,-0.767716535,-0.413385827
32,46,9,-0.744094488,-0.413385827
33,46,9,-0.720472441,-0.413385827
34,46,11,-0.696850394,-0.413385827
35,46,14,-0.673228346,-0.413385827
36,46,77,-0.649606299,-0.413385827
37,46,256,-0.625984252,-0.413385827
38,46,256,-0.602362205,-0.413385827
39,46,256,-0.578740157,-0.413385827
40,46,256,-0.555118110,-0.413385827
41,46,256,-0.531496063,-0.413385827
42,46,256,-0.507874016,-0.413385827
43,46,256,-0.484251969,-0.413385827
44,46,256,-0.460629921,-0.413385827
45,46,256,-0.437007874,-0.413385827
46,46,256,-0.413385827,-0.413385827
47,46,256,-0.389763780,-0.413385827
48,46,256,-0.366141732,-0.413385827
49,46,256,-0.342519685,-0.413385827
50,46,256,-0.318897638,-0.413385827
51,46,256,-0.295275591,-0.413385827
52,46,256,-0.271653543,-0.413385827
53,46,256,-0.248031496,-0.413385827
54,46,256,-0.224409449,-0.413385827
55,46,256,-0.200787402,-0.413385827
56,46,256,-0.177165354,-0.413385827
57,46,256,-0.153543307,-0.413385827
58,46,256,-0.129921260,-0.413385827
59,46,256,-0.106299213,-0.413385827
60,46,256,-0.082677165,-0.413385827
61,46,256,-0.059055118,-0.413385827
62,46,256,-0.035433071,-0.413385827
63,46,256,-0.011811024,-0.413385827
64,46,256,0.011811024,-0.413385827
65,46,256,0.035433071,-0.413385827
66,46,256,0.059055118,-0.413385827
67,46,256,0.082677165,-0.413385827
68,46,256,0.106299213,-0.413385827
69,46,256,0.129921260,-0.413385827
70,46,256,0.153543307,-0.413385827
71,46,256,0.177165354,-0.413385827
72,46,256,0.200787402,-0.413385827
73,46,256,0.224409449,-0.413385827
74,46,256,0.248031496,-0.413385827
75,46,256,0.271653543,-0.413385827
76,46,256,0.295275591,-0.413385827
77,46,78,0.318897638,-0.413385827
78,46,256,0.342519685,-0.413385827
79,46,12,0.366141732,-0.413385827
80,46,9,0.389763780,-0.413385827
81,46,9,0.413385827,-0.413385827
82,46,9,0.437007874,-0.413385827
83,46,7,0.460629921,-0.413385827
84,46,6,0.484251969,-0.413385827
85,46,5,0.507874016,-0.413385827
86,46,5,0.531496063,-0.413385827
87,46,5,0.555118110,-0.413385827
88,46,4,0.578740157,-0.413385827
89,46,4,0.602362205,-0.413385827
90,46,4,0.625984252,-0.413385827
91,46,3,0.649606299,-0.413385827
92,46,3,0.673228346,-0.413385827
93,46,3,0.696850394,-0.413385827
94,46,3,0.720472441,-0.413385827
95,46,3,0.744094488,-0.413385827
96,46,3,0.767716535,-0.413385827
97,46,3,0.791338583,-0.413385827
98,46,3,0.814960630,-0.413385827
99,46,3,0.838582677,-0.413385827
100,46,3,0.862204724,-0.413385827
101,46,3,0.885826772,-0.413385827
102,46,3,0.909448819,-0.413385827
103,46,3,0.933070866,-0.413385827
104,46,3,0.956692913,-0.413385827
105,46,3,0.980314961,-0.413385827
106,46,3,1.003937008,-0.413385827
107,46,3,1.027559055,-0.413385827
108,46,3,1.051181102,-0.413385827
109,46,2,1.074803150,-0.413385827
110,46,2,1.098425197,-0.413385827
111,46,2,1.122047244,-0.413385827
112,46,2,1.145669291,-0.413385827
113,46,2,1.169291339,-0.413385827
114,46,2,1.192913386,-0.413385827
115,46,2,1.216535433,-0.413385827
116,46,2,1.240157480,-0.413385827
117,46,2,1.263779528,-0.413385827
118,46,2,1.287401575,-0.413385827
119,46,2,1.311023622,-0.413385827
120,46,2,1.334645669,-0.413385827
121,46,2,1.358267717,-0.413385827
122,46,2,1.381889764,-0.413385827
123,46,2,1.405511811,-0.413385827
124,46,2,1.429133858,-0.413385827
125,46,2,1.452755906,-0.413385827
126,46,2,1.476377953,-0.413385827
127,46,2,1.500000000,-0.413385827
0,47,4,-1.500000000,-0.389763780
1,47,5,-1.476377953,-0.389763780
2,47,5,-1.452755906,-0.389763780
3,47,5,-1.429133858,-0.389763780
4,47,5,-1.405511811,-0.389763780
5,47,5,-1.381889764,-0.389763780
6,47,5,-1.358267717,-0.389763780
7,47,6,-1.334645669,-0.389763780
8,47,7,-1.311023622,-0.389763780
9,47,8,-1.287401575,-0.389763780
10,47,12,-1.263779528,-0.389763780
11,47,10,-1.240157480,-0.389763780
12,47,8,-1.216535433,-0.389763780
13,47,8,-1.192913386,-0.389763780
14,47,7,-1.169291339,-0.389763780
15,47,7,-1.145669291,-0.389763780
16,47,7,-1.122047244,-0.389763780
17,47,7,-1.098425197,-0.389763780
18,47,7,-1.074803150,-0.389763780
19,47,8,-1.051181102,-0.389763780
20,47,17,-1.027559055,-0.389763780
21,47,8,-1.003937008,-0.389763780
22,47,8,-0.980314961,-0.389763780
23,47,7,-0.956692913,-0.389763780
24,47,7,-0.933070866,-0.389763780
25,47,7,-0.909448819,-0.389763780
26,47,7,-0.885826772,-0.389763780
27,47,7,-0.862204724,-0.389763780
28,47,7,-0.838582677,-0.389763780
29,47,7,-0.814960630,-0.389763780
30,47,8,-0.791338583,-0.389763780
31,47,8,-0.767716535,-0.389763780
32,47,9,-0.744094488,-0.389763780
33,47,10,-0.720472441,-0.389763780
34,47,12,-0.696850394,-0.389763780
35,47,14,-0.673228346,-0.389763780
36,47,25,-0.649606299,-0.389763780
37,47,256,-0.625984252,-0.389763780
38,47,256,-0.602362205,-0.389763780
39,47,256,-0.578740157,-0.389763780
40,47,256,-0.555118110,-0.389763780
41,47,256,-0.531496063,-0.389763780
42,47,256,-0.507874016,-0.389763780
43,47,256,-0.484251969,-0.389763780
44,47,256,-0.460629921,-0.389763780
45,47,256,-0.437007874,-0.389763780
46,47,256,-0.413385827,-0.389763780
47,47,256,-0.389763780,-0.389763780
48,47,256,-0.366141732,-0.389763780
49,47,256,-0.342519685,-0.389763780
50,47,256,-0.318897638,-0.389763780
51,47,256,-0.295275591,-0.389763780
52,47,256,-0.271653543,-0.389763780
53,47,256,-0.248031496,-0.389763780
54,47,256,-0.224409449,-0.389763780
55,47,256,-0.200787402,-0.389763780
56,47,256,-0.177165354,-0.389763780
57,47,256,-0.153543307,-0.389763780
58,47,256,-0.129921260,-0.389763780
59,47,256,-0.106299213,-0.389763780
60,47,256,-0.082677165,-0.389763780
61,47,256,-0.059055118,-0.389763780
62,47,256,-0.035433071,-0.389763780
63,47,256,-0.011811024,-0.389763780
64,47,256,0.011811024,-0.389763780
65,47,256,0.035433071,-0.389763780
66,47,256,0.059055118,-0.389763780
67,47,256,0.082677165,-0.389763780
68,47,256,0.106299213,-0.389763780
69,47,256,0.129921260,-0.389763780
70,47,256,0.153543307,-0.389763780
71,47,256,0.177165354,-0.389763780
72,47,256,0.200787402,-0.389763780
73,47,256,0.224409449,-0.389763780
74,47,256,0.248031496,-0.389763780
75,47,256,0.271653543,-0.389763780
76,47,256,0.295275591,-0.389763780
77,47,256,0.318897638,-0.389763780
78,47,78,0.342519685,-0.389763780
79,47,13,0.366141732,-0.389763780
80,47,13,0.389763780,-0.389763780
81,47,11,0.413385827,-0.389763780
82,47,11,0.437007874,-0.389763780
83,47,21,0.460629921,-0.389763780
84,47,7,0.484251969,-0.389763780
85,47,5,0.507874016,-0.389763780
86,47,5,0.531496063,-0.389763780
87,47,5,0.555118110,-0.389763780
88,47,4,0.578740157,-0.389763780
89,47,4,0.602362205,-0.389763780
90,47,4,0.625984252,-0.389763780
91,47,3,0.649606299,-0.389763780
92,47,3,0.673228346,-0.389763780
93,47,3,0.696850394,-0.389763780
94,47,3,0.720472441,-0.389763780
95,47,3,0.744094488,-0.389763780
96,47,3,0.767716535,-0.389763780
97,47,3,0.791338583,-0.389763780
98,47,3,0.814960630,-0.389763780
99,47,3,0.838582677,-0.389763780
100,47,3,0.862204724,-0.389763780
101,47,3,0.885826772,-0.389763780
102,47,3,0.909448819,-0.389763780
103,47,3,0.933070866,-0.389763780
104,47,3,0.956692913,-0.389763780
105,47,3,0.980314961,-0.389763780
106,47,3,1.003937008,-0.389763780
107,47,3,1.027559055,-0.389763780
108,47,2,1.051181102,-0.389763780
109,47,2,1.074803150,-0.389763780
110,47,2,1.098425197,-0.389763780
111,47,2,1.122047244,-0.389763780
112,47,2,1.145669291,-0.389763780
113,47,2,1.169291339,-0.389763780
114,47,2,1.192913386,-0.389763780
115,47,2,1.216535433,-0.389763780
116,47,2,1.240157480,-0.389763780
117,47,2,1.263779528,-0.389763780
118,47,2,1.287401575,-0.389763780
119,47,2,1.311023622,-0.389763780
120,47,2,1.334645669,-0.389763780
121,47,2,1.358267717,-0.389763780
122,47,2,1.381889764,-0.389763780
123,47,2,1.405511811,-0.389763780
124,47,2,1.429133858,-0.389763780
125,47,2,1.452755906,-0.389763780
126,47,2,1.476377953,-0.389763780
127,47,2,1.500000000,-0.389763780
0,48,4,-1.500000000,-0.366141732
1,48,5,-1.476377953,-0.366141732
2,48,5,-1.452755906,-0.366141732
3,48,5,-1.429133858,-0.366141732
4,48,5,-1.405511811,-0.366141732
5,48,5,-1.381889764,-0.366141732
6,48,6,-1.358267717,-0.366141732
7,48,6,-1.334645669,-0.366141732
8,48,6,-1.311023622,-0.366141732
9,48,9,-1.287401575,-0.366141732
10,48,13,-1.263779528,-0.366141732
11,48,11,-1.240157480,-0.366141732
12,48,9,-1.216535433,-0.366141732
13,48,8,-1.192913386,-0.366141732
14,48,8,-1.169291339,-0.366141732
15,48,7,-1.145669291,-0.366141732
16,48,8,-1.122047244,-0.366141732
17,48,8,-1.098425197,-0.366141732
18,48,8,-1.074803150,-0.366141732
19,48,10,-1.051181102,-0.366141732
20,48,16,-1.027559055,-0.366141732
21,48,10,-1.003937008,-0.366141732
22,48,8,-0.980314961,-0.366141732
23,48,8,-0.956692913,-0.366141732
24,48,7,-0.933070866,-0.366141732
25,48,7,-0.909448819,-0.366141732
26,48,7,-0.885826772,-0.366141732
27,48,8,-0.862204724,-0.366141732
28,48,8,-0.838582677,-0.366141732
29,48,8,-0.814960630,-0.366141732
30,48,8,-0.791338583,-0.366141732
31,48,8,-0.767716535,-0.366141732
32,48,9,-0.744094488,-0.366141732
33,48,13,-0.720472441,-0.366141732
34,48,44,-0.696850394,-0.366141732
35,48,22,-0.673228346,-0.366141732
36,48,217,-0.649606299,-0.366141732
37,48,256,-0.625984252,-0.366141732
38,48,256,-0.602362205,-0.366141732
39,48,256,-0.578740157,-0.366141732
40,48,256,-0.555118110,-0.366141732
41,48,256,-0.531496063,-0.366141732
42,48,256,-0.507874016,-0.366141732
43,48,256,-0.484251969,-0.366141732
44,48,256,-0.460629921,-0.366141732
45,48,256,-0.437007874,-0.366141732
46,48,256,-0.413385827,-0.366141732
47,48,256,-0.389763780,-0.366141732
48,48,256,-0.366141732,-0.366141732
49,48,256,-0.342519685,-0.366141732
50,48,256,-0.318897638,-0.366141732
51,48,256,-0.295275591,-0.366141732
52,48,256,-0.271653543,-0.366141732
53,48,256,-0.248031496,-0.366141732
54,48,256,-0.224409449,-0.366141732
55,48,256,-0.200787402,-0.366141732
56,48,256,-0.177165354,-0.366141732
57,48,256,-0.153543307,-0.366141732
58,48,256,-0.129921260,-0.366141732
59,48,256,-0.106299213,-0.366141732
60,48,256,-0.082677165,-0.366141732
61,48,256,-0.059055118,-0.366141732
62,48,256,-0.035433071,-0.366141732
63,48,256,-0.011811024,-0.366141732
64,48,256,0.011811024,-0.366141732
65,48,256,0.035433071,-0.366141732
66,48,256,0.059055118,-0.366141732
67,48,256,0.082677165,-0.366141732
68,48,256,0.106299213,-0.366141732
69,48,256,0.129921260,-0.366141732
70,48,256,0.153543307,-0.366141732
71,48,256,0.177165354,-0.366141732
72,48,256,0.200787402,-0.366141732
73,48,256,0.224409449,-0.366141732
74,48,256,0.248031496,-0.366141732
75,48,256,0.271653543,-0.366141732
76,48,256,0.295275591,-0.366141732
77,48,256,0.318897638,-0.366141732
78,48,256,0.342519685,-0.366141732
79,48,22,0.366141732,-0.366141732
80,48,256,0.389763780,-0.366141732
81,48,15,0.413385827,-0.366141732
82,48,18,0.437007874,-0.366141732
83,48,10,0.460629921,-0.366141732
84,48,6,0.484251969,-0.366141732
85,48,5,0.507874016,-0.366141732
86,48,5,0.531496063,-0.366141732
87,48,5,0.555118110,-0.366141732
88,48,4,0.578740157,-0.366141732
89,48,4,0.602362205,-0.366141732
90,48,4,0.625984252,-0.366141732
91,48,4,0.649606299,-0.366141732
92,48,3,0.673228346,-0.366141732
93,48,3,0.696850394,-0.366141732
94,48,3,0.720472441,-0.366141732
95,48,3,0.744094488,-0.366141732
96,48,3,0.767716535,-0.366141732
97,48,3,0.791338583,-0.366141732
98,48,3,0.814960630,-0.366141732
99,48,3,0.838582677,-0.366141732
100,48,3,0.862204724,-0.366141732
101,48,3,0.885826772,-0.366141732
102,48,3,0.909448819,-0.366141732
103,48,3,0.933070866,-0.366141732
104,48,3,0.956692913,-0.366141732
105,48,3,0.980314961,-0.366141732
106,48,3,1.003937008,-0.366141732
107,48,3,1.027559055,-0.366141732
108,48,2,1.051181102,-0.366141732
109,48,2,1.074803150,-0.366141732
110,48,2,1.098425197,-0.366141732
111,48,2,1.122047244,-0.366141732
112,48,2,1.145669291,-0.366141732
113,48,2,1.169291339,-0.366141732
114,48,2,1.192913386,-0.366141732
115,48,2,1.216535433,-0.366141732
116,48,2,1.240157480,-0.366141732
117,48,2,1.263779528,-0.366141732
118,48,2,1.287401575,-0.366141732
119,48,2,1.311023622,-0.366141732
120,48,2,1.334645669,-0.366141732
121,48,2,1.358267717,-0.366141732
122,48,2,1.381889764,-0.366141732
123,48,2,1.405511811,-0.366141732
124,48,2,1.429133858,-0.366141732
125,48,2,1.452755906,-0.366141732
126,48,2,1.476377953,-0.366141732
127,48,2,1.500000000,-0.366141732
0,49,5,-1.500000000,-0.342519685
1,49,5,-1.476377953,-0.342519685
2,49,5,-1.452755906,-0.342519685
3,49,5,-1.429133858,-0.342519685
4,49,5,-1.405511811,-0.342519685
5,49,5,-1.381889764,-0.342519685
6,49,6,-1.358267717,-0.342519685
7,49,6,-1.334645669,-0.342519685
8,49,6,-1.311023622,-0.342519685
9,49,9,-1.287401575,-0.342519685
10,49,13,-1.263779528,-0.342519685
11,49,13,-1.240157480,-0.342519685
12,49,10,-1.216535433,-0.342519685
13,49,9,-1.192913386,-0.342519685
14,49,10,-1.169291339,-0.342519685
15,49,11,-1.145669291,-0.342519685
16,49,9,-1.122047244,-0.342519685
17,49,9,-1.098425197,-0.342519685
18,49,9,-1.074803150,-0.342519685
19,49,14,-1.051181102,-0.342519685
20,49,14,-1.027559055,-0.342519685
21,49,11,-1.003937008,-0.342519685
22,49,9,-0.980314961,-0.342519685
23,49,9,-0.956692913,-0.342519685
24,49,9,-0.933070866,-0.342519685
25,49,8,-0.909448819,-0.342519685
26,49,9,-0.885826772,-0.342519685
27,49,8,-0.862204724,-0.342519685
28,49,8,-0.838582677,-0.342519685
29,49,9,-0.814960630,-0.342519685
30,49,9,-0.791338583,-0.342519685
31,49,9,-0.767716535,-0.342519685
32,49,10,-0.744094488,-0.342519685
33,49,20,-0.720472441,-0.342519685
34,49,116,-0.696850394,-0.342519685
35,49,256,-0.673228346,-0.342519685
36,49,256,-0.649606299,-0.342519685
37,49,256,-0.625984252,-0.342519685
38,49,256,-0.602362205,-0.342519685
39,49,256,-0.578740157,-0.342519685
40,49,256,-0.555118110,-0.342519685
41,49,256,-0.531496063,-0.342519685
42,49,256,-0.507874016,-0.342519685
43,49,256,-0.484251969,-0.342519685
44,49,256,-0.460629921,-0.342519685
45,49,256,-0.437007874,-0.342519685
46,49,256,-0.413385827,-0.342519685
47,49,256,-0.389763780,-0.342519685
48,49,256,-0.366141732,-0.342519685
49,49,256,-0.342519685,-0.342519685
50,49,256,-0.318897638,-0.342519685
51,49,256,-0.295275591,-0.342519685
52,49,256,-0.271653543,-0.342519685
53,49,256,-0.248031496,-0.342519685
54,49,256,-0.224409449,-0.342519685
55,49,256,-0.200787402,-0.342519685
56,49,256,-0.177165354,-0.342519685
57,49,256,-0.153543307,-0.342519685
58,49,256,-0.129921260,-0.342519685
59,49,256,-0.106299213,-0.342519685
60,49,256,-0.082677165,-0.342519685
61,49,256,-0.059055118,-0.342519685
62,49,256,-0.035433071,-0.342519685
63,49,256,-0.011811024,-0.342519685
64,49,256,0.011811024,-0.342519685
65,49,256,0.035433071,-0.342519685
66,49,256,0.059055118,-0.342519685
67,49,256,0.082677165,-0.342519685
68,49,256,0.106299213,-0.342519685
69,49,256,0.129921260,-0.342519685
70,49,256,0.153543307,-0.342519685
71,49,256,0.177165354,-0.342519685
72,49,256,0.200787402,-0.342519685
73,49,256,0.224409449,-0.342519685
74,49,256,0.248031496,-0.342519685
75,49,256,0.271653543,-0.342519685
76,49,256,0.295275591,-0.342519685
77,49,256,0.318897638,-0.342519685
78,49,256,0.342519685,-0.342519685
79,49,256,0.366141732,-0.342519685
80,49,256,0.389763780,-0.342519685
81,49,256,0.413385827,-0.342519685
82,49,40,0.437007874,-0.342519685
83,49,12,0.460629921,-0.342519685
84,49,7,0.484251969,-0.342519685
85,49,5,0.507874016,-0.342519685
86,49,5,0.531496063,-0.342519685
87,49,4,0.555118110,-0.342519685
88,49,4,0.578740157,-0.342519685
89,49,4,0.602362205,-0.342519685
90,49,4,0.625984252,-0.342519685
91,49,4,0.649606299,-0.342519685
92,49,4,0.673228346,-0.342519685
93,49,3,0.696850394,-0.342519685
94,49,3,0.720472441,-0.342519685
95,49,3,0.744094488,-0.342519685
96,49,3,0.767716535,-0.342519685
97,49,3,0.791338583,-0.342519685
98,49,3,0.814960630,-0.342519685
99,49,3,0.838582677,-0.342519685
100,49,3,0.862204724,-0.342519685
101,49,3,0.885826772,-0.342519685
102,49,3,0.909448819,-0.342519685
103,49,3,0.933070866,-0.342519685
104,49,3,0.956692913,-0.342519685
105,49,3,0.980314961,-0.342519685
106,49,3,1.003937008,-0.342519685
107,49,3,1.027559055,-0.342519685
108,49,2,1.051181102,-0.342519685
109,49,2,1.074803150,-0.342519685
110,49,2,1.098425197,-0.342519685
111,49,2,1.122047244,-0.342519685
112,49,2,1.145669291,-0.342519685
113,49,2,1.169291339,-0.342519685
114,49,2,1.192913386,-0.342519685
115,49,2,1.216535433,-0.342519685
116,49,2,1.240157480,-0.342519685
117,49,2,1.263779528,-0.342519685
118,49,2,1.287401575,-0.342519685
119,49,2,1.311023622,-0.342519685
120,49,2,1.334645669,-0.342519685
121,49,2,1.358267717,-0.342519685
122,49,2,1.381889764,-0.342519685
123,49,2,1.405511811,-0.342519685
124,49,2,1.429133858,-0.342519685
125,49,2,1.452755906,-0.342519685
126,49,2,1.476377953,-0.342519685
127,49,2,1.500000000,-0.342519685
0,50,5,-1.500000000,-0.318897638
1,50,5,-1.476377953,-0.318897638
2,50,5,-1.452755906,-0.318897638
3,50,5,-1.429133858,-0.318897638
4,50,5,-1.405511811,-0.318897638
5,50,6,-1.381889764,-0.318897638
6,50,6,-1.358267717,-0.318897638
7,50,6,-1.334645669,-0.318897638
8,50,7,-1.311023622,-0.318897638
9,50,8,-1.287401575,-0.318897638
10,50,16,-1.263779528,-0.318897638
11,50,18,-1.240157480,-0.318897638
12,50,35,-1.216535433,-0.318897638
13,50,20,-1.192913386,-0.318897638
14,50,13,-1.169291339,-0.318897638
15,50,17,-1.145669291,-0.318897638
16,50,11,-1.122047244,-0.318897638
17,50,11,-1.098425197,-0.318897638
18,50,11,-1.074803150,-0.318897638
19,50,13,-1.051181102,-0.318897638
20,50,17,-1.027559055,-0.318897638
21,50,20,-1.003937008,-0.318897638
22,50,13,-0.980314961,-0.318897638
23,50,11,-0.956692913,-0.318897638
24,50,13,-0.933070866,-0.318897638
25,50,12,-0.909448819,-0.318897638
26,50,10,-0.885826772,-0.318897638
27,50,9,-0.862204724,-0.318897638
28,50,9,-0.838582677,-0.318897638
29,50,9,-0.814960630,-0.318897638
30,50,9,-0.791338583,-0.318897638
31,50,10,-0.767716535,-0.318897638
32,50,11,-0.744094488,-0.318897638
33,50,13,-0.720472441,-0.318897638
34,50,19,-0.696850394,-0.318897638
35,50,69,-0.673228346,-0.318897638
36,50,256,-0.649606299,-0.318897638
37,50,256,-0.625984252,-0.318897638
38,50,256,-0.602362205,-0.318897638
39,50,256,-0.578740157,-0.318897638
40,50,256,-0.555118110,-0.318897638
41,50,256,-0.531496063,-0.318897638
42,50,256,-0.507874016,-0.318897638
43,50,256,-0.484251969,-0.318897638
44,50,256,-0.460629921,-0.318897638
45,50,256,-0.437007874,-0.318897638
46,50,256,-0.413385827,-0.318897638
47,50,256,-0.389763780,-0.318897638
48,50,256,-0.366141732,-0.318897638
49,50,256,-0.342519685,-0.318897638
50,50,256,-0.318897638,-0.318897638
51,50,256,-0.295275591,-0.318897638
52,50,256,-0.271653543,-0.318897638
53,50,256,-0.248031496,-0.318897638
54,50,256,-0.224409449,-0.318897638
55,50,256,-0.200787402,-0.318897638
56,50,256,-0.177165354,-0.318897638
57,50,256,-0.153543307,-0.318897638
58,50,256,-0.129921260,-0.318897638
59,50,256,-0.106299213,-0.318897638
60,50,256,-0.082677165,-0.318897638
61,50,256,-0.059055118,-0.318897638
62,50,256,-0.035433071,-0.318897638
63,50,256,-0.011811024,-0.318897638
64,50,256,0.011811024,-0.318897638
65,50,256,0.035433071,-0.318897638
66,50,256,0.059055118,-0.318897638
67,50,256,0.082677165,-0.318897638
68,50,256,0.106299213,-0.318897638
69,50,256,0.129921260,-0.318897638
70,50,256,0.153543307,-0.318897638
71,50,256,0.177165354,-0.318897638
72,50,256,0.200787402,-0.318897638
73,50,256,0.224409449,-0.318897638
74,50,256,0.248031496,-0.318897638
75,50,256,0.271653543,-0.318897638
76,50,256,0.295275591,-0.318897638
77,50,256,0.318897638,-0.318897638
78,50,256,0.342519685,-0.318897638
79,50,256,0.366141732,-0.318897638
80,50,256,0.389763780,-0.318897638
81,50,19,0.413385827,-0.318897638
82,50,25,0.437007874,-0.318897638
83,50,8,0.460629921,-0.318897638
84,50,6,0.484251969,-0.318897638
85,50,6,0.507874016,-0.318897638
86,50,5,0.531496063,-0.318897638
87,50,4,0.555118110,-0.318897638
88,50,4,0.578740157,-0.318897638
89,50,4,0.602362205,-0.318897638
90,50,4,0.625984252,-0.318897638
91,50,4,0.649606299,-0.318897638
92,50,4,0.673228346,-0.318897638
93,50,4,0.696850394,-0.318897638
94,50,3,0.720472441,-0.318897638
95,50,3,0.744094488,-0.318897638
96,50,3,0.767716535,-0.318897638
97,50,3,0.791338583,-0.318897638
98,50,3,0.814960630,-0.318897638
99,50,3,0.838582677,-0.318897638
100,50,3,0.862204724,-0.318897638
101,50,3,0.885826772,-0.318897638
102,50,3,0.909448819,-0.318897638
103,50,3,0.933070866,-0.318897638
104,50,3,0.956692913,-0.318897638
105,50,3,0.980314961,-0.318897638
106,50,3,1.003937008,-0.318897638
107,50,3,1.027559055,-0.318897638
108,50,2,1.051181102,-0.318897638
109,50,2,1.074803150,-0.318897638
110,50,2,1.098425197,-0.318897638
111,50,2,1.122047244,-0.318897638
112,50,2,1.145669291,-0.318897638
113,50,2,1.169291339,-0.318897638
114,50,2,1.192913386,-0.318897638
115,50,2,1.216535433,-0.318897638
116,50,2,1.240157480,-0.318897638
117,50,2,1.263779528,-0.318897638
118,50,2,1.287401575,-0.318897638
119,50,2,1.311023622,-0.318897638
120,50,2,1.334645669,-0.318897638
121,50,2,1.358267717,-0.318897638
122,50,2,1.381889764,-0.318897638
123,50,2,1.405511811,-0.318897638
124,50,2,1.429133858,-0.318897638
125,50,2,1.452755906,-0.318897638
126,50,2,1.476377953,-0.318897638
127,50,2,1.500000000,-0.318897638
0,51,5,-1.500000000,-0.295275591
1,51,5,-1.476377953,-0.295275591
2,51,5,-1.452755906,-0.295275591
3,51,5,-1.429133858,-0.295275591
4,51,6,-1.405511811,-0.295275591
5,51,6,-1.381889764,-0.295275591
6,51,6,-1.358267717,-0.295275591
7,51,7,-1.334645669,-0.295275591
8,51,7,-1.311023622,-0.295275591
9,51,8,-1.287401575,-0.295275591
10,51,9,-1.263779528,-0.295275591
11,51,10,-1.240157480,-0.295275591
12,51,12,-1.216535433,-0.295275591
13,51,23,-1.192913386,-0.295275591
14,51,37,-1.169291339,-0.295275591
15,51,20,-1.145669291,-0.295275591
16,51,37,-1.122047244,-0.295275591
17,51,13,-1.098425197,-0.295275591
18,51,12,-1.074803150,-0.295275591
19,51,13,-1.051181102,-0.295275591
20,51,17,-1.027559055,-0.295275591
21,51,28,-1.003937008,-0.295275591
22,51,20,-0.980314961,-0.295275591
23,51,14,-0.956692913,-0.295275591
24,51,23,-0.933070866,-0.295275591
25,51,13,-0.909448819,-0.295275591
26,51,11,-0.885826772,-0.295275591
27,51,10,-0.862204724,-0.295275591
28,51,9,-0.838582677,-0.295275591
29,51,10,-0.814960630,-0.295275591
30,51,10,-0.791338583,-0.295275591
31,51,10,-0.767716535,-0.295275591
32,51,13,-0.744094488,-0.295275591
33,51,31,-0.720472441,-0.295275591
34,51,120,-0.696850394,-0.295275591
35,51,256,-0.673228346,-0.295275591
36,51,256,-0.649606299,-0.295275591
37,51,256,-0.625984252,-0.295275591
38,51,256,-0.602362205,-0.295275591
39,51,256,-0.578740157,-0.295275591
40,51,256,-0.555118110,-0.295275591
41,51,256,-0.531496063,-0.295275591
42,51,256,-0.507874016,-0.295275591
43,51,256,-0.484251969,-0.295275591
44,51,256,-0.460629921,-0.295275591
45,51,256,-0.437007874,-0.295275591
46,51,256,-0.413385827,-0.295275591
47,51,256,-0.389763780,-0.295275591
48,51,256,-0.366141732,-0.295275591
49,51,256,-0.342519685,-0.295275591
50,51,256,-0.318897638,-0.295275591
51,51,256,-0.295275591,-0.295275591
52,51,256,-0.271653543,-0.295275591
53,51,256,-0.248031496,-0.295275591
54,51,256,-0.224409449,-0.295275591
55,51,256,-0.200787402,-0.295275591
56,51,256,-0.177165354,-0.295275591
57,51,256,-0.153543307,-0.295275591
58,51,256,-0.129921260,-0.295275591
59,51,256,-0.106299213,-0.295275591
60,51,256,-0.082677165,-0.295275591
61,51,256,-0.059055118,-0.295275591
62,51,256,-0.035433071,-0.295275591
63,51,256,-0.011811024,-0.295275591
64,51,256,0.011811024,-0.295275591
65,51,256,0.035433071,-0.295275591
66,51,256,0.059055118,-0.295275591
67,51,256,0.082677165,-0.295275591
68,51,256,0.106299213,-0.295275591
69,51,256,0.129921260,-0.295275591
70,51,256,0.153543307,-0.295275591
71,51,256,0.177165354,-0.295275591
72,51,256,0.200787402,-0.295275591
73,51,256,0.224409449,-0.295275591
74,51,256,0.248031496,-0.295275591
75,51,256,0.271653543,-0.295275591
76,51,256,0.295275591,-0.295275591
77,51,256,0.318897638,-0.295275591
78,51,256,0.342519685,-0.295275591
79,51,256,0.366141732,-0.295275591
80,51,15,0.389763780,-0.295275591
81,51,11,0.413385827,-0.295275591
82,51,8,0.437007874,-0.295275591
83,51,7,0.460629921,-0.295275591
84,51,6,0.484251969,-0.295275591
85,51,5,0.507874016,-0.295275591
86,51,5,0.531496063,-0.295275591
87,51,4,0.555118110,-0.295275591
88,51,4,0.578740157,-0.295275591
89,51,4,0.602362205,-0.295275591
90,51,4,0.625984252,-0.295275591
91,51,4,0.649606299,-0.295275591
92,51,4,0.673228346,-0.295275591
93,51,4,0.696850394,-0.295275591
94,51,4,0.720472441,-0.295275591
95,51,3,0.744094488,-0.295275591
96,51,3,0.767716535,-0.295275591
97,51,3,0.791338583,-0.295275591
98,51,3,0.814960630,-0.295275591
99,51,3,0.838582677,-0.295275591
100,51,3,0.862204724,-0.295275591
101,51,3,0.885826772,-0.295275591
102,51,3,0.909448819,-0.295275591
103,51,3,0.933070866,-0.295275591
104,51,3,0.956692913,-0.295275591
105,51,3,0.980314961,-0.295275591
106,51,3,1.003937008,-0.295275591
107,51,3,1.027559055,-0.295275591
108,51,2,1.051181102,-0.295275591
109,51,2,1.074803150,-0.295275591
110,51,2,1.098425197,-0.295275591
111,51,2,1.122047244,-0.295275591
112,51,2,1.145669291,-0.295275591
113,51,2,1.169291339,-0.295275591
114,51,2,1.192913386,-0.295275591
115,51,2,1.216535433,-0.295275591
116,51,2,1.240157480,-0.295275591
117,51,2,1.263779528,-0.295275591
118,51,2,1.287401575,-0.295275591
119,51,2,1.311023622,-0.295275591
120,51,2,1.334645669,-0.295275591
121,51,2,1.358267717,-0.295275591
122,51,2,1.381889764,-0.295275591
123,51,2,1.405511811,-0.295275591
124,51,2,1.429133858,-0.295275591
125,51,2,1.452755906,-0.295275591
126,51,2,1.476377953,-0.295275591
127,51,2,1.500000000,-0.295275591
0,52,5,-1.500000000,-0.271653543
1,52,5,-1.476377953,-0.271653543
2,52,5,-1.452755906,-0.271653543
3,52,5,-1.429133858,-0.271653543
4,52,6,-1.405511811,-0.271653543
5,52,6,-1.381889764,-0.271653543
6,52,6,-1.358267717,-0.271653543
7,52,7,-1.334645669,-0.271653543
8,52,7,-1.311023622,-0.271653543
9,52,8,-1.287401575,-0.271653543
10,52,9,-1.263779528,-0.271653543
11,52,10,-1.240157480,-0.271653543
12,52,11,-1.216535433,-0.271653543
13,52,15,-1.192913386,-0.271653543
14,52,47,-1.169291339,-0.271653543
15,52,218,-1.145669291,-0.271653543
16,52,95,-1.122047244,-0.271653543
17,52,18,-1.098425197,-0.271653543
18,52,28,-1.074803150,-0.271653543
19,52,19,-1.051181102,-0.271653543
20,52,25,-1.027559055,-0.271653543
21,52,256,-1.003937008,-0.271653543
22,52,47,-0.980314961,-0.271653543
23,52,40,-0.956692913,-0.271653543
24,52,20,-0.933070866,-0.271653543
25,52,82,-0.909448819,-0.271653543
26,52,14,-0.885826772,-0.271653543
27,52,45,-0.862204724,-0.271653543
28,52,11,-0.838582677,-0.271653543
29,52,11,-0.814960630,-0.271653543
30,52,11,-0.791338583,-0.271653543
31,52,11,-0.767716535,-0.271653543
32,52,13,-0.744094488,-0.271653543
33,52,23,-0.720472441,-0.271653543
34,52,256,-0.696850394,-0.271653543
35,52,256,-0.673228346,-0.271653543
36,52,256,-0.649606299,-0.271653543
37,52,256,-0.625984252,-0.271653543
38,52,256,-0.602362205,-0.271653543
39,52,256,-0.578740157,-0.271653543
40,52,256,-0.555118110,-0.271653543
41,52,256,-0.531496063,-0.271653543
42,52,256,-0.507874016,-0.271653543
43,52,256,-0.484251969,-0.271653543
44,52,256,-0.460629921,-0.271653543
45,52,256,-0.437007874,-0.271653543
46,52,256,-0.413385827,-0.271653543
47,52,256,-0.389763780,-0.271653543
48,52,256,-0.366141732,-0.271653543
49,52,256,-0.342519685,-0.271653543
50,52,256,-0.318897638,-0.271653543
51,52,256,-0.295275591,-0.271653543
52,52,256,-0.271653543,-0.271653543
53,52,256,-0.248031496,-0.271653543
54,52,256,-0.224409449,-0.271653543
55,52,256,-0.200787402,-0.271653543
56,52,256,-0.177165354,-0.271653543
57,52,256,-0.153543307,-0.271653543
58,52,256,-0.129921260,-0.271653543
59,52,256,-0.106299213,-0.271653543
60,52,256,-0.082677165,-0.271653543
61,52,256,-0.059055118,-0.271653543
62,52,256,-0.035433071,-0.271653543
63,52,256,-0.011811024,-0.271653543
64,52,256,0.011811024,-0.271653543
65,52,256,0.035433071,-0.271653543
66,52,256,0.059055118,-0.271653543
67,52,256,0.082677165,-0.271653543
68,52,256,0.106299213,-0.271653543
69,52,256,0.129921260,-0.271653543
70,52,256,0.153543307,-0.271653543
71,52,256,0.177165354,-0.271653543
72,52,256,0.200787402,-0.271653543
73,52,256,0.224409449,-0.271653543
74,52,256,0.248031496,-0.271653543
75,52,256,0.271653543,-0.271653543
76,52,256,0.295275591,-0.271653543
77,52,256,0.318897638,-0.271653543
78,52,256,0.342519685,-0.271653543
79,52,256,0.366141732,-0.271653543
80,52,44,0.389763780,-0.271653543
81,52,10,0.413385827,-0.271653543
82,52,8,0.437007874,-0.271653543
83,52,7,0.460629921,-0.271653543
84,52,6,0.484251969,-0.271653543
85,52,5,0.507874016,-0.271653543
86,52,5,0.531496063,-0.271653543
87,52,4,0.555118110,-0.271653543
88,52,4,0.578740157,-0.271653543
89,52,4,0.602362205,-0.271653543
90,52,4,0.625984252,-0.271653543
91,52,4,0.649606299,-0.271653543
92,52,4,0.673228346,-0.271653543
93,52,4,0.696850394,-0.271653543
94,52,4,0.720472441,-0.271653543
95,52,4,0.744094488,-0.271653543
96,52,3,0.767716535,-0.271653543
97,52,3,0.791338583,-0.271653543
98,52,3,0.814960630,-0.271653543
99,52,3,0.838582677,-0.271653543
100,52,3,0.862204724,-0.271653543
101,52,3,0.885826772,-0.271653543
102,52,3,0.909448819,-0.271653543
103,52,3,0.933070866,-0.271653543
104,52,3,0.956692913,-0.271653543
105,52,3,0.980314961,-0.271653543
106,52,3,1.003937008,-0.271653543
107,52,2,1.027559055,-0.271653543
108,52,2,1.051181102,-0.271653543
109,52,2,1.074803150,-0.271653543
110,52,2,1.098425197,-0.271653543
111,52,2,1.122047244,-0.271653543
112,52,2,1.145669291,-0.271653543
113,52,2,1.169291339,-0.271653543
114,52,2,1.192913386,-0.271653543
115,52,2,1.216535433,-0.271653543
116,52,2,1.240157480,-0.271653543
117,52,2,1.263779528,-0.271653543
118,52,2,1.287401575,-0.271653543
119,52,2,1.311023622,-0.271653543
120,52,2,1.334645669,-0.271653543
121,52,2,1.358267717,-0.271653543
122,52,2,1.381889764,-0.271653543
123,52,2,1.405511811,-0.271653543
124,52,2,1.429133858,-0.271653543
125,52,2,1.452755906,-0.271653543
126,52,2,1.476377953,-0.271653543
127,52,2,1.500000000,-0.271653543
0,53,5,-1.500000000,-0.248031496
1,53,5,-1.476377953,-0.248031496
2,53,5,-1.452755906,-0.248031496
3,53,5,-1.429133858,-0.248031496
4,53,6,-1.405511811,-0.248031496
5,53,6,-1.381889764,-0.248031496
6,53,7,-1.358267717,-0.248031496
7,53,7,-1.334645669,-0.248031496
8,53,7,-1.311023622,-0.248031496
9,53,8,-1.287401575,-0.248031496
10,53,9,-1.263779528,-0.248031496
11,53,9,-1.240157480,-0.248031496
12,53,22,-1.216535433,-0.248031496
13,53,19,-1.192913386,-0.248031496
14,53,87,-1.169291339,-0.248031496
15,53,256,-1.145669291,-0.248031496
16,53,256,-1.122047244,-0.248031496
17,53,25,-1.098425197,-0.248031496
18,53,111,-1.074803150,-0.248031496
19,53,256,-1.051181102,-0.248031496
20,53,256,-1.027559055,-0.248031496
21,53,256,-1.003937008,-0.248031496
22,53,256,-0.980314961,-0.248031496
23,53,256,-0.956692913,-0.248031496
24,53,114,-0.933070866,-0.248031496
25,53,256,-0.909448819,-0.248031496
26,53,20,-0.885826772,-0.248031496
27,53,33,-0.862204724,-0.248031496
28,53,13,-0.838582677,-0.248031496
29,53,11,-0.814960630,-0.248031496
30,53,12,-0.791338583,-0.248031496
31,53,12,-0.767716535,-0.248031496
32,53,15,-0.744094488,-0.248031496
33,53,37,-0.720472441,-0.248031496
34,53,256,-0.696850394,-0.248031496
35,53,256,-0.673228346,-0.248031496
36,53,256,-0.649606299,-0.248031496
37,53,256,-0.625984252,-0.248031496
38,53,256,-0.602362205,-0.248031496
39,53,256,-0.578740157,-0.248031496
40,53,256,-0.555118110,-0.248031496
41,53,256,-0.531496063,-0.248031496
42,53,256,-0.507874016,-0.248031496
43,53,256,-0.484251969,-0.248031496
44,53,256,-0.460629921,-0.248031496
45,53,256,-0.437007874,-0.248031496
46,53,256,-0.413385827,-0.248031496
47,53,256,-0.389763780,-0.248031496
48,53,256,-0.366141732,-0.248031496
49,53,256,-0.342519685,-0.248031496
50,53,256,-0.318897638,-0.248031496
51,53,256,-0.295275591,-0.248031496
52,53,256,-0.271653543,-0.248031496
53,53,256,-0.248031496,-0.248031496
54,53,256,-0.224409449,-0.248031496
55,53,256,-0.200787402,-0.248031496
56,53,256,-0.177165354,-0.248031496
57,53,256,-0.153543307,-0.248031496
58,53,256,-0.129921260,-0.248031496
59,53,256,-0.106299213,-0.248031496
60,53,256,-0.082677165,-0.248031496
61,53,256,-0.059055118,-0.248031496
62,53,256,-0.035433071,-0.248031496
63,53,256,-0.011811024,-0.248031496
64,53,256,0.011811024,-0.248031496
65,53,256,0.035433071,-0.248031496
66,53,256,0.059055118,-0.248031496
67,53,256,0.082677165,-0.248031496
68,53,256,0.106299213,-0.248031496
69,53,256,0.129921260,-0.248031496
70,53,256,0.153543307,-0.248031496
71,53,256,0.177165354,-0.248031496
72,53,256,0.200787402,-0.248031496
73,53,256,0.224409449,-0.248031496
74,53,256,0.248031496,-0.248031496
75,53,256,0.271653543,-0.248031496
76,53,256,0.295275591,-0.248031496
77,53,256,0.318897638,-0.248031496
78,53,256,0.342519685,-0.248031496
79,53,256,0.366141732,-0.248031496
80,53,17,0.389763780,-0.248031496
81,53,12,0.413385827,-0.248031496
82,53,13,0.437007874,-0.248031496
83,53,7,0.460629921,-0.248031496
84,53,6,0.484251969,-0.248031496
85,53,5,0.507874016,-0.248031496
86,53,5,0.531496063,-0.248031496
87,53,4,0.555118110,-0.248031496
88,53,4,0.578740157,-0.248031496
89,53,4,0.602362205,-0.248031496
90,53,4,0.625984252,-0.248031496
91,53,4,0.649606299,-0.248031496
92,53,4,0.673228346,-0.248031496
93,53,4,0.696850394,-0.248031496
94,53,4,0.720472441,-0.248031496
95,53,4,0.744094488,-0.248031496
96,53,3,0.767716535,-0.248031496
97,53,3,0.791338583,-0.248031496
98,53,3,0.814960630,-0.248031496
99,53,3,0.838582677,-0.248031496
100,53,3,0.862204724,-0.248031496
101,53,3,0.885826772,-0.248031496
102,53,3,0.909448819,-0.248031496
103,53,3,0.933070866,-0.248031496
104,53,3,0.956692913,-0.248031496
105,53,3,0.980314961,-0.248031496
106,53,3,1.003937008,-0.248031496
107,53,2,1.027559055,-0.248031496
108,53,2,1.051181102,-0.248031496
109,53,2,1.074803150,-0.248031496
110,53,2,1.098425197,-0.248031496
111,53,2,1.122047244,-0.248031496
112,53,2,1.145669291,-0.248031496
113,53,2,1.169291339,-0.248031496
114,53,2,1.192913386,-0.248031496
115,53,2,1.216535433,-0.248031496
116,53,2,1.240157480,-0.248031496
117,53,2,1.263779528,-0.248031496
118,53,2,1.287401575,-0.248031496
119,53,2,1.311023622,-0.248031496
120,53,2,1.334645669,-0.248031496
121,53,2,1.358267717,-0.248031496
122,53,2,1.381889764,-0.248031496
123,53,2,1.405511811,-0.248031496
124,53,2,1.429133858,-0.248031496
125,53,2,1.452755906,-0.248031496
126,53,2,1.476377953,-0.248031496
127,53,2,1.500000000,-0.248031496
0,54,5,-1.500000000,-0.224409449
1,54,5,-1.476377953,-0.224409449
2,54,5,-1.452755906,-0.224409449
3,54,5,-1.429133858,-0.224409449
4,54,6,-1.405511811,-0.224409449
5,54,7,-1.381889764,-0.224409449
6,54,7,-1.358267717,-0.224409449
7,54,7,-1.334645669,-0.224409449
8,54,7,-1.311023622,-0.224409449
9,54,9,-1.287401575,-0.224409449
10,54,10,-1.263779528,-0.224409449
11,54,11,-1.240157480,-0.224409449
12,54,13,-1.216535433,-0.224409449
13,54,17,-1.192913386,-0.224409449
14,54,165,-1.169291339,-0.224409449
15,54,256,-1.145669291,-0.224409449
16,54,256,-1.122047244,-0.224409449
17,54,256,-1.098425197,-0.224409449
18,54,256,-1.074803150,-0.224409449
19,54,256,-1.051181102,-0.224409449
20,54,256,-1.027559055,-0.224409449
21,54,256,-1.003937008,-0.224409449
22,54,256,-0.980314961,-0.224409449
23,54,256,-0.956692913,-0.224409449
24,54,256,-0.933070866,-0.224409449
25,54,256,-0.909448819,-0.224409449
26,54,256,-0.885826772,-0.224409449
27,54,56,-0.862204724,-0.224409449
28,54,37,-0.838582677,-0.224409449
29,54,14,-0.814960630,-0.224409449
30,54,13,-0.791338583,-0.224409449
31,54,13,-0.767716535,-0.224409449
32,54,16,-0.744094488,-0.224409449
33,54,31,-0.720472441,-0.224409449
34,54,256,-0.696850394,-0.224409449
35,54,256,-0.673228346,-0.224409449
36,54,256,-0.649606299,-0.224409449
37,54,256,-0.625984252,-0.224409449
38,54,256,-0.602362205,-0.224409449
39,54,256,-0.578740157,-0.224409449
40,54,256,-0.555118110,-0.224409449
41,54,256,-0.531496063,-0.224409449
42,54,256,-0.507874016,-0.224409449
43,54,256,-0.484251969,-0.224409449
44,54,256,-0.460629921,-0.224409449
45,54,256,-0.437007874,-0.224409449
46,54,256,-0.413385827,-0.224409449
47,54,256,-0.389763780,-0.224409449
48,54,256,-0.366141732,-0.224409449
49,54,256,-0.342519685,-0.224409449
50,54,256,-0.318897638,-0.224409449
51,54,256,-0.295275591,-0.224409449
52,54,256,-0.271653543,-0.224409449
53,54,256,-0.248031496,-0.224409449
54,54,256,-0.224409449,-0.224409449
55,54,256,-0.200787402,-0.224409449
56,54,256,-0.177165354,-0.224409449
57,54,256,-0.153543307,-0.224409449
58,54,256,-0.129921260,-0.224409449
59,54,256,-0.106299213,-0.224409449
60,54,256,-0.082677165,-0.224409449
61,54,256,-0.059055118,-0.224409449
62,54,256,-0.035433071,-0.224409449
63,54,256,-0.011811024,-0.224409449
64,54,256,0.011811024,-0.224409449
65,54,256,0.035433071,-0.224409449
66,54,256,0.059055118,-0.224409449
67,54,256,0.082677165,-0.224409449
68,54,256,0.106299213,-0.224409449
69,54,256,0.129921260,-0.224409449
70,54,256,0.153543307,-0.224409449
71,54,256,0.177165354,-0.224409449
72,54,256,0.200787402,-0.224409449
73,54,256,0.224409449,-0.224409449
74,54,256,0.248031496,-0.224409449
75,54,256,0.271653543,-0.224409449
76,54,256,0.295275591,-0.224409449
77,54,256,0.318897638,-0.224409449
78,54,256,0.342519685,-0.224409449
79,54,256,0.366141732,-0.224409449
80,54,256,0.389763780,-0.224409449
81,54,20,0.413385827,-0.224409449
82,54,15,0.437007874,-0.224409449
83,54,7,0.460629921,-0.224409449
84,54,6,0.484251969,-0.224409449
85,54,5,0.507874016,-0.224409449
86,54,5,0.531496063,-0.224409449
87,54,4,0.555118110,-0.224409449
88,54,4,0.578740157,-0.224409449
89,54,4,0.602362205,-0.224409449
90,54,4,0.625984252,-0.224409449
91,54,4,0.649606299,-0.224409449
92,54,4,0.673228346,-0.224409449
93,54,4,0.696850394,-0.224409449
94,54,4,0.720472441,-0.224409449
95,54,4,0.744094488,-0.224409449
96,54,3,0.767716535,-0.224409449
97,54,3,0.791338583,-0.224409449
98,54,3,0.814960630,-0.224409449
99,54,3,0.838582677,-0.224409449
100,54,3,0.862204724,-0.224409449
101,54,3,0.885826772,-0.224409449
102,54,3,0.909448819,-0.224409449
103,54,3,0.933070866,-0.224409449
104,54,3,0.956692913,-0.224409449
105,54,3,0.980314961,-0.224409449
106,54,3,1.003937008,-0.224409449
107,54,2,1.027559055,-0.224409449
108,54,2,1.051181102,-0.224409449
109,54,2,1.074803150,-0.224409449
110,54,2,1.098425197,-0.224409449
111,54,2,1.122047244,-0.224409449
112,54,2,1.145669291,-0.224409449
113,54,2,1.169291339,-0.224409449
114,54,2,1.192913386,-0.224409449
115,54,2,1.216535433,-0.224409449
116,54,2,1.240157480,-0.224409449
117,54,2,1.263779528,-0.224409449
118,54,2,1.287401575,-0.224409449
119,54,2,1.311023622,-0.224409449
120,54,2,1.334645669,-0.224409449
121,54,2,1.358267717,-0.224409449
122,54,2,1.381889764,-0.224409449
123,54,2,1.405511811,-0.224409449
124,54,2,1.429133858,-0.224409449
125,54,2,1.452755906,-0.224409449
126,54,2,1.476377953,-0.224409449
127,54,2,1.500000000,-0.224409449
0,55,5,-1.500000000,-0.200787402
1,55,5,-1.476377953,-0.200787402
2,55,5,-1.452755906,-0.200787402
3,55,5,-1.429133858,-0.200787402
4,55,7,-1.405511811,-0.200787402
5,55,7,-1.381889764,-0.200787402
6,55,7,-1.358267717,-0.200787402
7,55,7,-1.334645669,-0.200787402
8,55,8,-1.311023622,-0.200787402
9,55,11,-1.287401575,-0.200787402
10,55,11,-1.263779528,-0.200787402
11,55,11,-1.240157480,-0.200787402
12,55,14,-1.216535433,-0.200787402
13,55,18,-1.192913386,-0.200787402
14,55,32,-1.169291339,-0.200787402
15,55,256,-1.145669291,-0.200787402
16,55,256,-1.122047244,-0.200787402
17,55,256,-1.098425197,-0.200787402
18,55,256,-1.074803150,-0.200787402
19,55,256,-1.051181102,-0.200787402
20,55,256,-1.027559055,-0.200787402
21,55,256,-1.003937008,-0.200787402
22,55,256,-0.980314961,-0.200787402
23,55,256,-0.956692913,-0.200787402
24,55,256,-0.933070866,-0.200787402
25,55,256,-0.909448819,-0.200787402
26,55,256,-0.885826772,-0.200787402
27,55,256,-0.862204724,-0.200787402
28,55,256,-0.838582677,-0.200787402
29,55,28,-0.814960630,-0.200787402
30,55,15,-0.791338583,-0.200787402
31,55,15,-0.767716535,-0.200787402
32,55,19,-0.744094488,-0.200787402
33,55,78,-0.720472441,-0.200787402
34,55,256,-0.696850394,-0.200787402
35,55,256,-0.673228346,-0.200787402
36,55,256,-0.649606299,-0.200787402
37,55,256,-0.625984252,-0.200787402
38,55,256,-0.602362205,-0.200787402
39,55,256,-0.578740157,-0.200787402
40,55,256,-0.555118110,-0.200787402
41,55,256,-0.531496063,-0.200787402
42,55,256,-0.507874016,-0.200787402
43,55,256,-0.484251969,-0.200787402
44,55,256,-0.460629921,-0.200787402
45,55,256,-0.437007874,-0.200787402
46,55,256,-0.413385827,-0.200787402
47,55,256,-0.389763780,-0.200787402
48,55,256,-0.366141732,-0.200787402
49,55,256,-0.342519685,-0.200787402
50,55,256,-0.318897638,-0.200787402
51,55,256,-0.295275591,-0.200787402
52,55,256,-0.271653543,-0.200787402
53,55,256,-0.248031496,-0.200787402
54,55,256,-0.224409449,-0.200787402
55,55,256,-0.200787402,-0.200787402
56,55,256,-0.177165354,-0.200787402
57,55,256,-0.153543307,-0.200787402
58,55,256,-0.129921260,-0.200787402
59,55,256,-0.106299213,-0.200787402
60,55,256,-0.082677165,-0.200787402
61,55,256,-0.059055118,-0.200787402
62,55,256,-0.035433071,-0.200787402
63,55,256,-0.011811024,-0.200787402
64,55,256,0.011811024,-0.200787402
65,55,256,0.035433071,-0.200787402
66,55,256,0.059055118,-0.200787402
67,55,256,0.082677165,-0.200787402
68,55,256,0.106299213,-0.200787402
69,55,256,0.129921260,-0.200787402
70,55,256,0.153543307,-0.200787402
71,55,256,0.177165354,-0.200787402
72,55,256,0.200787402,-0.200787402
73,55,256,0.224409449,-0.200787402
74,55,256,0.248031496,-0.200787402
75,55,256,0.271653543,-0.200787402
76,55,256,0.295275591,-0.200787402
77,55,256,0.318897638,-0.200787402
78,55,256,0.342519685,-0.200787402
79,55,256,0.366141732,-0.200787402
80,55,215,0.389763780,-0.200787402
81,55,19,0.413385827,-0.200787402
82,55,17,0.437007874,-0.200787402
83,55,7,0.460629921,-0.200787402
84,55,6,0.484251969,-0.200787402
85,55,5,0.507874016,-0.200787402
86,55,5,0.531496063,-0.200787402
87,55,4,0.555118110,-0.200787402
88,55,4,0.578740157,-0.200787402
89,55,4,0.602362205,-0.200787402
90,55,4,0.625984252,-0.200787402
91,55,4,0.649606299,-0.200787402
92,55,4,0.673228346,-0.200787402
93,55,4,0.696850394,-0.200787402
94,55,4,0.720472441,-0.200787402
95,55,3,0.744094488,-0.200787402
96,55,3,0.767716535,-0.200787402
97,55,3,0.791338583,-0.200787402
98,55,3,0.814960630,-0.200787402
99,55,3,0.838582677,-0.200787402
100,55,3,0.862204724,-0.200787402
101,55,3,0.885826772,-0.200787402
102,55,3,0.909448819,-0.200787402
103,55,3,0.933070866,-0.200787402
104,55,3,0.956692913,-0.200787402
105,55,3,0.980314961,-0.200787402
106,55,3,1.003937008,-0.200787402
107,55,2,1.027559055,-0.200787402
108,55,2,1.051181102,-0.200787402
109,55,2,1.074803150,-0.200787402
110,55,2,1.098425197,-0.200787402
111,55,2,1.122047244,-0.200787402
112,55,2,1.145669291,-0.200787402
113,55,2,1.169291339,-0.200787402
114,55,2,1.192913386,-0.200787402
115,55,2,1.216535433,-0.200787402
116,55,2,1.240157480,-0.200787402
117,55,2,1.263779528,-0.200787402
118,55,2,1.287401575,-0.200787402
119,55,2,1.311023622,-0.200787402
120,55,2,1.334645669,-0.200787402
121,55,2,1.358267717,-0.200787402
122,55,2,1.381889764,-0.200787402
123,55,2,1.405511811,-0.200787402
124,55,2,1.429133858,-0.200787402
125,55,2,1.452755906,-0.200787402
126,55,2,1.476377953,-0.200787402
127,55,2,1.500000000,-0.200787402
0,56,5,-1.500000000,-0.177165354
1,56,5,-1.476377953,-0.177165354
2,56,5,-1.452755906,-0.177165354
3,56,6,-1.429133858,-0.177165354
4,56,8,-1.405511811,-0.177165354
5,56,8,-1.381889764,-0.177165354
6,56,8,-1.358267717,-0.177165354
7,56,8,-1.334645669,-0.177165354
8,56,9,-1.311023622,-0.177165354
9,56,10,-1.287401575,-0.177165354
10,56,24,-1.263779528,-0.177165354
11,56,19,-1.240157480,-0.177165354
12,56,23,-1.216535433,-0.177165354
13,56,29,-1.192913386,-0.177165354
14,56,256,-1.169291339,-0.177165354
15,56,256,-1.145669291,-0.177165354
16,56,256,-1.122047244,-0.177165354
17,56,256,-1.098425197,-0.177165354
18,56,256,-1.074803150,-0.177165354
19,56,256,-1.051181102,-0.177165354
20,56,256,-1.027559055,-0.177165354
21,56,256,-1.003937008,-0.177165354
22,56,256,-0.980314961,-0.177165354
23,56,256,-0.956692913,-0.177165354
24,56,256,-0.933070866,-0.177165354
25,56,256,-0.909448819,-0.177165354
26,56,256,-0.885826772,-0.177165354
27,56,256,-0.862204724,-0.177165354
28,56,256,-0.838582677,-0.177165354
29,56,146,-0.814960630,-0.177165354
30,56,18,-0.791338583,-0.177165354
31,56,17,-0.767716535,-0.177165354
32,56,22,-0.744094488,-0.177165354
33,56,256,-0.720472441,-0.177165354
34,56,256,-0.696850394,-0.177165354
35,56,256,-0.673228346,-0.177165354
36,56,256,-0.649606299,-0.177165354
37,56,256,-0.625984252,-0.177165354
38,56,256,-0.602362205,-0.177165354
39,56,256,-0.578740157,-0.177165354
40,56,256,-0.555118110,-0.177165354
41,56,256,-0.531496063,-0.177165354
42,56,256,-0.507874016,-0.177165354
43,56,256,-0.484251969,-0.177165354
44,56,256,-0.460629921,-0.177165354
45,56,256,-0.437007874,-0.177165354
46,56,256,-0.413385827,-0.177165354
47,56,256,-0.389763780,-0.177165354
48,56,256,-0.366141732,-0.177165354
49,56,256,-0.342519685,-0.177165354
50,56,256,-0.318897638,-0.177165354
51,56,256,-0.295275591,-0.177165354
52,56,256,-0.271653543,-0.177165354
53,56,256,-0.248031496,-0.177165354
54,56,256,-0.224409449,-0.177165354
55,56,256,-0.200787402,-0.177165354
56,56,256,-0.177165354,-0.177165354
57,56,256,-0.153543307,-0.177165354
58,56,256,-0.129921260,-0.177165354
59,56,256,-0.106299213,-0.177165354
60,56,256,-0.082677165,-0.177165354
61,56,256,-0.059055118,-0.177165354
62,56,256,-0.035433071,-0.177165354
63,56,256,-0.011811024,-0.177165354
64,56,256,0.011811024,-0.177165354
65,56,256,0.035433071,-0.177165354
66,56,256,0.059055118,-0.177165354
67,56,256,0.082677165,-0.177165354
68,56,256,0.106299213,-0.177165354
69,56,256,0.129921260,-0.177165354
70,56,256,0.153543307,-0.177165354
71,56,256,0.177165354,-0.177165354
72,56,256,0.200787402,-0.177165354
73,56,256,0.224409449,-0.177165354
74,56,256,0.248031496,-0.177165354
75,56,256,0.271653543,-0.177165354
76,56,256,0.295275591,-0.177165354
77,56,256,0.318897638,-0.177165354
78,56,256,0.342519685,-0.177165354
79,56,256,0.366141732,-0.177165354
80,56,21,0.389763780,-0.177165354
81,56,10,0.413385827,-0.177165354
82,56,8,0.437007874,-0.177165354
83,56,6,0.460629921,-0.177165354
84,56,5,0.484251969,-0.177165354
85,56,5,0.507874016,-0.177165354
86,56,5,0.531496063,-0.177165354
87,56,5,0.555118110,-0.177165354
88,56,4,0.578740157,-0.177165354
89,56,4,0.602362205,-0.177165354
90,56,4,0.625984252,-0.177165354
91,56,4,0.649606299,-0.177165354
92,56,4,0.673228346,-0.177165354
93,56,4,0.696850394,-0.177165354
94,56,4,0.720472441,-0.177165354
95,56,3,0.744094488,-0.177165354
96,56,3,0.767716535,-0.177165354
97,56,3,0.791338583,-0.177165354
98,56,3,0.814960630,-0.177165354
99,56,3,0.838582677,-0.177165354
100,56,3,0.862204724,-0.177165354
101,56,3,0.885826772,-0.177165354
102,56,3,0.909448819,-0.177165354
103,56,3,0.933070866,-0.177165354
104,56,3,0.956692913,-0.177165354
105,56,3,0.980314961,-0.177165354
106,56,3,1.003937008,-0.177165354
107,56,2,1.027559055,-0.177165354
108,56,2,1.051181102,-0.177165354
109,56,2,1.074803150,-0.177165354
110,56,2,1.098425197,-0.177165354
111,56,2,1.122047244,-0.177165354
112,56,2,1.145669291,-0.177165354
113,56,2,1.169291339,-0.177165354
114,56,2,1.192913386,-0.177165354
115,56,2,1.216535433,-0.177165354
116,56,2,1.240157480,-0.177165354
117,56,2,1.263779528,-0.177165354
118,56,2,1.287401575,-0.177165354
119,56,2,1.311023622,-0.177165354
120,56,2,1.334645669,-0.177165354
121,56,2,1.358267717,-0.177165354
122,56,2,1.381889764,-0.177165354
123,56,2,1.405511811,-0.177165354
124,56,2,1.429133858,-0.177165354
125,56,2,1.452755906,-0.177165354
126,56,2,1.476377953,-0.177165354
127,56,2,1.500000000,-0.177165354
0,57,6,-1.500000000,-0.153543307
1,57,7,-1.476377953,-0.153543307
2,57,7,-1.452755906,-0.153543307
3,57,9,-1.429133858,-0.153543307
4,57,10,-1.405511811,-0.153543307
5,57,9,-1.381889764,-0.153543307
6,57,9,-1.358267717,-0.153543307
7,57,9,-1.334645669,-0.153543307
8,57,10,-1.311023622,-0.153543307
9,57,11,-1.287401575,-0.153543307
10,57,13,-1.263779528,-0.153543307
11,57,26,-1.240157480,-0.153543307
12,57,256,-1.216535433,-0.153543307
13,57,256,-1.192913386,-0.153543307
14,57,256,-1.169291339,-0.153543307
15,57,256,-1.145669291,-0.153543307
16,57,256,-1.122047244,-0.153543307
17,57,256,-1.098425197,-0.153543307
18,57,256,-1.074803150,-0.153543307
19,57,256,-1.051181102,-0.153543307
20,57,256,-1.027559055,-0.153543307
21,57,256,-1.003937008,-0.153543307
22,57,256,-0.980314961,-0.153543307
23,57,256,-0.956692913,-0.153543307
24,57,256,-0.933070866,-0.153543307
25,57,256,-0.909448819,-0.153543307
26,57,256,-0.885826772,-0.153543307
27,57,256,-0.862204724,-0.153543307
28,57,256,-0.838582677,-0.153543307
29,57,256,-0.814960630,-0.153543307
30,57,78,-0.791338583,-0.153543307
31,57,20,-0.767716535,-0.153543307
32,57,81,-0.744094488,-0.153543307
33,57,256,-0.720472441,-0.153543307
34,57,256,-0.696850394,-0.153543307
35,57,256,-0.673228346,-0.153543307
36,57,256,-0.649606299,-0.153543307
37,57,256,-0.625984252,-0.153543307
38,57,256,-0.602362205,-0.153543307
39,57,256,-0.578740157,-0.153543307
40,57,256,-0.555118110,-0.153543307
41,57,256,-0.531496063,-0.153543307
42,57,256,-0.507874016,-0.153543307
43,57,256,-0.484251969,-0.153543307
44,57,256,-0.460629921,-0.153543307
45,57,256,-0.437007874,-0.153543307
46,57,256,-0.413385827,-0.153543307
47,57,256,-0.389763780,-0.153543307
48,57,256,-0.366141732,-0.153543307
49,57,256,-0.342519685,-0.153543307
50,57,256,-0.318897638,-0.153543307
51,57,256,-0.295275591,-0.153543307
52,57,256,-0.271653543,-0.153543307
53,57,256,-0.248031496,-0.153543307
54,57,256,-0.224409449,-0.153543307
55,57,256,-0.200787402,-0.153543307
56,57,256,-0.177165354,-0.153543307
57,57,256,-0.153543307,-0.153543307
58,57,256,-0.129921260,-0.153543307
59,57,256,-0.106299213,-0.153543307
60,57,256,-0.082677165,-0.153543307
61,57,256,-0.059055118,-0.153543307
62,57,256,-0.035433071,-0.153543307
63,57,256,-0.011811024,-0.153543307
64,57,256,0.011811024,-0.153543307
65,57,256,0.035433071,-0.153543307
66,57,256,0.059055118,-0.153543307
67,57,256,0.082677165,-0.153543307
68,57,256,0.106299213,-0.153543307
69,57,256,0.129921260,-0.153543307
70,57,256,0.153543307,-0.153543307
71,57,256,0.177165354,-0.153543307
72,57,256,0.200787402,-0.153543307
73,57,256,0.224409449,-0.153543307
74,57,256,0.248031496,-0.153543307
75,57,256,0.271653543,-0.153543307
76,57,256,0.295275591,-0.153543307
77,57,256,0.318897638,-0.153543307
78,57,256,0.342519685,-0.153543307
79,57,256,0.366141732,-0.153543307
80,57,58,0.389763780,-0.153543307
81,57,26,0.413385827,-0.153543307
82,57,7,0.437007874,-0.153543307
83,57,6,0.460629921,-0.153543307
84,57,5,0.484251969,-0.153543307
85,57,5,0.507874016,-0.153543307
86,57,5,0.531496063,-0.153543307
87,57,5,0.555118110,-0.153543307
88,57,4,0.578740157,-0.153543307
89,57,4,0.602362205,-0.153543307
90,57,4,0.625984252,-0.153543307
91,57,4,0.649606299,-0.153543307
92,57,4,0.673228346,-0.153543307
93,57,4,0.696850394,-0.153543307
94,57,3,0.720472441,-0.153543307
95,57,3,0.744094488,-0.153543307
96,57,3,0.767716535,-0.153543307
97,57,3,0.791338583,-0.153543307
98,57,3,0.814960630,-0.153543307
99,57,3,0.838582677,-0.153543307
100,57,3,0.862204724,-0.153543307
101,57,3,0.885826772,-0.153543307
102,57,3,0.909448819,-0.153543307
103,57,3,0.933070866,-0.153543307
104,57,3,0.956692913,-0.153543307
105,57,3,0.980314961,-0.153543307
106,57,3,1.003937008,-0.153543307
107,57,2,1.027559055,-0.153543307
108,57,2,1.051181102,-0.153543307
109,57,2,1.074803150,-0.153543307
110,57,2,1.098425197,-0.153543307
111,57,2,1.122047244,-0.153543307
112,57,2,1.145669291,-0.153543307
113,57,2,1.169291339,-0.153543307
114,57,2,1.192913386,-0.153543307
115,57,2,1.216535433,-0.153543307
116,57,2,1.240157480,-0.153543307
117,57,2,1.263779528,-0.153543307
118,57,2,1.287401575,-0.153543307
119,57,2,1.311023622,-0.153543307
120,57,2,1.334645669,-0.153543307
121,57,2,1.358267717,-0.153543307
122,57,2,1.381889764,-0.153543307
123,57,2,1.405511811,-0.153543307
124,57,2,1.429133858,-0.153543307
125,57,2,1.452755906,-0.153543307
126,57,2,1.476377953,-0.153543307
127,57,2,1.500000000,-0.153543307
0,58,7,-1.500000000,-0.129921260
1,58,7,-1.476377953,-0.129921260
2,58,8,-1.452755906,-0.129921260
3,58,8,-1.429133858,-0.129921260
4,58,16,-1.405511811,-0.129921260
5,58,10,-1.381889764,-0.129921260
6,58,10,-1.358267717,-0.129921260
7,58,10,-1.334645669,-0.129921260
8,58,11,-1.311023622,-0.129921260
9,58,11,-1.287401575,-0.129921260
10,58,16,-1.263779528,-0.129921260
11,58,23,-1.240157480,-0.129921260
12,58,60,-1.216535433,-0.129921260
13,58,256,-1.192913386,-0.129921260
14,58,256,-1.169291339,-0.129921260
15,58,256,-1.145669291,-0.129921260
16,58,256,-1.122047244,-0.129921260
17,58,256,-1.098425197,-0.129921260
18,58,256,-1.074803150,-0.129921260
19,58,256,-1.051181102,-0.129921260
20,58,256,-1.027559055,-0.129921260
21,58,256,-1.003937008,-0.129921260
22,58,256,-0.980314961,-0.129921260
23,58,256,-0.956692913,-0.129921260
24,58,256,-0.933070866,-0.129921260
25,58,256,-0.909448819,-0.129921260
26,58,256,-0.885826772,-0.129921260
27,58,256,-0.862204724,-0.129921260
28,58,256,-0.838582677,-0.129921260
29,58,256,-0.814960630,-0.129921260
30,58,256,-0.791338583,-0.129921260
31,58,23,-0.767716535,-0.129921260
32,58,54,-0.744094488,-0.129921260
33,58,256,-0.720472441,-0.129921260
34,58,256,-0.696850394,-0.129921260
35,58,256,-0.673228346,-0.129921260
36,58,256,-0.649606299,-0.129921260
37,58,256,-0.625984252,-0.129921260
38,58,256,-0.602362205,-0.129921260
39,58,256,-0.578740157,-0.129921260
40,58,256,-0.555118110,-0.129921260
41,58,256,-0.531496063,-0.129921260
42,58,256,-0.507874016,-0.129921260
43,58,256,-0.484251969,-0.129921260
44,58,256,-0.460629921,-0.129921260
45,58,256,-0.437007874,-0.129921260
46,58,256,-0.413385827,-0.129921260
47,58,256,-0.389763780,-0.129921260
48,58,256,-0.366141732,-0.129921260
49,58,256,-0.342519685,-0.129921260
50,58,256,-0.318897638,-0.129921260
51,58,256,-0.295275591,-0.129921260
52,58,256,-0.271653543,-0.129921260
53,58,256,-0.248031496,-0.129921260
54,58,256,-0.224409449,-0.129921260
55,58,256,-0.200787402,-0.129921260
56,58,256,-0.177165354,-0.129921260
57,58,256,-0.153543307,-0.129921260
58,58,256,-0.129921260,-0.129921260
59,58,256,-0.106299213,-0.129921260
60,58,256,-0.082677165,-0.129921260
61,58,256,-0.059055118,-0.129921260
62,58,256,-0.035433071,-0.129921260
63,58,256,-0.011811024,-0.129921260
64,58,256,0.011811024,-0.129921260
65,58,256,0.035433071,-0.129921260
66,58,256,0.059055118,-0.129921260
67,58,256,0.082677165,-0.129921260
68,58,256,0.106299213,-0.129921260
69,58,256,0.129921260,-0.129921260
70,58,256,0.153543307,-0.129921260
71,58,256,0.177165354,-0.129921260
72,58,256,0.200787402,-0.129921260
73,58,256,0.224409449,-0.129921260
74,58,256,0.248031496,-0.129921260
75,58,256,0.271653543,-0.129921260
76,58,256,0.295275591,-0.129921260
77,58,256,0.318897638,-0.129921260
78,58,256,0.342519685,-0.129921260
79,58,256,0.366141732,-0.129921260
80,58,34,0.389763780,-0.129921260
81,58,10,0.413385827,-0.129921260
82,58,7,0.437007874,-0.129921260
83,58,6,0.460629921,-0.129921260
84,58,5,0.484251969,-0.129921260
85,58,5,0.507874016,-0.129921260
86,58,5,0.531496063,-0.129921260
87,58,5,0.555118110,-0.129921260
88,58,5,0.578740157,-0.129921260
89,58,4,0.602362205,-0.129921260
90,58,4,0.625984252,-0.129921260
91,58,4,0.649606299,-0.129921260
92,58,4,0.673228346,-0.129921260
93,58,4,0.696850394,-0.129921260
94,58,3,0.720472441,-0.129921260
95,58,3,0.744094488,-0.129921260
96,58,3,0.767716535,-0.129921260
97,58,3,0.791338583,-0.129921260
98,58,3,0.814960630,-0.129921260
99,58,3,0.838582677,-0.129921260
100,58,3,0.862204724,-0.129921260
101,58,3,0.885826772,-0.129921260
102,58,3,0.909448819,-0.129921260
103,58,3,0.933070866,-0.129921260
104,58,3,0.956692913,-0.129921260
105,58,3,0.980314961,-0.129921260
106,58,3,1.003937008,-0.129921260
107,58,2,1.027559055,-0.129921260
108,58,2,1.051181102,-0.129921260
109,58,2,1.074803150,-0.129921260
110,58,2,1.098425197,-0.129921260
111,58,2,1.122047244,-0.129921260
112,58,2,1.145669291,-0.129921260
113,58,2,1.169291339,-0.129921260
114,58,2,1.192913386,-0.129921260
115,58,2,1.216535433,-0.129921260
116,58,2,1.240157480,-0.129921260
117,58,2,1.263779528,-0.129921260
118,58,2,1.287401575,-0.129921260
119,58,2,1.311023622,-0.129921260
120,58,2,1.334645669,-0.129921260
121,58,2,1.358267717,-0.129921260
122,58,2,1.381889764,-0.129921260
123,58,2,1.405511811,-0.129921260
124,58,2,1.429133858,-0.129921260
125,58,2,1.452755906,-0.129921260
126,58,2,1.476377953,-0.129921260
127,58,2,1.500000000,-0.129921260
0,59,7,-1.500000000,-0.106299213
1,59,8,-1.476377953,-0.106299213
2,59,8,-1.452755906,-0.106299213
3,59,9,-1.429133858,-0.106299213
4,59,12,-1.405511811,-0.106299213
5,59,14,-1.381889764,-0.106299213
6,59,12,-1.358267717,-0.106299213
7,59,14,-1.334645669,-0.106299213
8,59,14,-1.311023622,-0.106299213
9,59,13,-1.287401575,-0.106299213
10,59,16,-1.263779528,-0.106299213
11,59,38,-1.240157480,-0.106299213
12,59,256,-1.216535433,-0.106299213
13,59,256,-1.192913386,-0.106299213
14,59,256,-1.169291339,-0.106299213
15,59,256,-1.145669291,-0.106299213
16,59,256,-1.122047244,-0.106299213
17,59,256,-1.098425197,-0.106299213
18,59,256,-1.074803150,-0.106299213
19,59,256,-1.051181102,-0.106299213
20,59,256,-1.027559055,-0.106299213
21,59,256,-1.003937008,-0.106299213
22,59,256,-0.980314961,-0.106299213
23,59,256,-0.956692913,-0.106299213
24,59,256,-0.933070866,-0.106299213
25,59,256,-0.909448819,-0.106299213
26,59,256,-0.885826772,-0.106299213
27,59,256,-0.862204724,-0.106299213
28,59,256,-0.838582677,-0.106299213
29,59,256,-0.814960630,-0.106299213
30,59,256,-0.791338583,-0.106299213
31,59,66,-0.767716535,-0.106299213
32,59,156,-0.744094488,-0.106299213
33,59,256,-0.720472441,-0.106299213
34,59,256,-0.696850394,-0.106299213
35,59,256,-0.673228346,-0.106299213
36,59,256,-0.649606299,-0.106299213
37,59,256,-0.625984252,-0.106299213
38,59,256,-0.602362205,-0.106299213
39,59,256,-0.578740157,-0.106299213
40,59,256,-0.555118110,-0.106299213
41,59,256,-0.531496063,-0.106299213
42,59,256,-0.507874016,-0.106299213
43,59,256,-0.484251969,-0.106299213
44,59,256,-0.460629921,-0.106299213
45,59,256,-0.437007874,-0.106299213
46,59,256,-0.413385827,-0.106299213
47,59,256,-0.389763780,-0.106299213
48,59,256,-0.366141732,-0.106299213
49,59,256,-0.342519685,-0.106299213
50,59,256,-0.318897638,-0.106299213
51,59,256,-0.295275591,-0.106299213
52,59,256,-0.271653543,-0.106299213
53,59,256,-0.248031496,-0.106299213
54,59,256,-0.224409449,-0.106299213
55,59,256,-0.200787402,-0.106299213
56,59,256,-0.177165354,-0.106299213
57,59,256,-0.153543307,-0.106299213
58,59,256,-0.129921260,-0.106299213
59,59,256,-0.106299213,-0.106299213
60,59,256,-0.082677165,-0.106299213
61,59,256,-0.059055118,-0.106299213
62,59,256,-0.035433071,-0.106299213
63,59,256,-0.011811024,-0.106299213
64,59,256,0.011811024,-0.106299213
65,59,256,0.035433071,-0.106299213
66,59,256,0.059055118,-0.106299213
67,59,256,0.082677165,-0.106299213
68,59,256,0.106299213,-0.106299213
69,59,256,0.129921260,-0.106299213
70,59,256,0.153543307,-0.106299213
71,59,256,0.177165354,-0.106299213
72,59,256,0.200787402,-0.106299213
73,59,256,0.224409449,-0.106299213
74,59,256,0.248031496,-0.106299213
75,59,256,0.271653543,-0.106299213
76,59,256,0.295275591,-0.106299213
77,59,256,0.318897638,-0.106299213
78,59,256,0.342519685,-0.106299213
79,59,189,0.366141732,-0.106299213
80,59,12,0.389763780,-0.106299213
81,59,7,0.413385827,-0.106299213
82,59,6,0.437007874,-0.106299213
83,59,6,0.460629921,-0.106299213
84,59,5,0.484251969,-0.106299213
85,59,5,0.507874016,-0.106299213
86,59,5,0.531496063,-0.106299213
87,59,5,0.555118110,-0.106299213
88,59,4,0.578740157,-0.106299213
89,59,4,0.602362205,-0.106299213
90,59,4,0.625984252,-0.106299213
91,59,4,0.649606299,-0.106299213
92,59,4,0.673228346,-0.106299213
93,59,3,0.696850394,-0.106299213
94,59,3,0.720472441,-0.106299213
95,59,3,0.744094488,-0.106299213
96,59,3,0.767716535,-0.106299213
97,59,3,0.791338583,-0.106299213
98,59,3,0.814960630,-0.106299213
99,59,3,0.838582677,-0.106299213
100,59,3,0.862204724,-0.106299213
101,59,3,0.885826772,-0.106299213
102,59,3,0.909448819,-0.106299213
103,59,3,0.933070866,-0.106299213
104,59,3,0.956692913,-0.106299213
105,59,3,0.980314961,-0.106299213
106,59,2,1.003937008,-0.106299213
107,59,2,1.027559055,-0.106299213
108,59,2,1.051181102,-0.106299213
109,59,2,1.074803150,-0.106299213
110,59,2,1.098425197,-0.106299213
111,59,2,1.122047244,-0.106299213
112,59,2,1.145669291,-0.106299213
113,59,2,1.169291339,-0.106299213
114,59,2,1.192913386,-0.106299213
115,59,2,1.216535433,-0.106299213
116,59,2,1.240157480,-0.106299213
117,59,2,1.263779528,-0.106299213
118,59,2,1.287401575,-0.106299213
119,59,2,1.311023622,-0.106299213
120,59,2,1.334645669,-0.106299213
121,59,2,1.358267717,-0.106299213
122,59,2,1.381889764,-0.106299213
123,59,2,1.405511811,-0.106299213
124,59,2,1.429133858,-0.106299213
125,59,2,1.452755906,-0.106299213
126,59,2,1.476377953,-0.106299213
127,59,2,1.500000000,-0.106299213
0,60,7,-1.500000000,-0.082677165
1,60,8,-1.476377953,-0.082677165
2,60,9,-1.452755906,-0.082677165
3,60,9,-1.429133858,-0.082677165
4,60,11,-1.405511811,-0.082677165
5,60,17,-1.381889764,-0.082677165
6,60,17,-1.358267717,-0.082677165
7,60,18,-1.334645669,-0.082677165
8,60,20,-1.311023622,-0.082677165
9,60,19,-1.287401575,-0.082677165
10,60,19,-1.263779528,-0.082677165
11,60,231,-1.240157480,-0.082677165
12,60,256,-1.216535433,-0.082677165
13,60,256,-1.192913386,-0.082677165
14,60,256,-1.169291339,-0.082677165
15,60,256,-1.145669291,-0.082677165
16,60,256,-1.122047244,-0.082677165
17,60,256,-1.098425197,-0.082677165
18,60,256,-1.074803150,-0.082677165
19,60,256,-1.051181102,-0.082677165
20,60,256,-1.027559055,-0.082677165
21,60,256,-1.003937008,-0.082677165
22,60,256,-0.980314961,-0.082677165
23,60,256,-0.956692913,-0.082677165
24,60,256,-0.933070866,-0.082677165
25,60,256,-0.909448819,-0.082677165
26,60,256,-0.885826772,-0.082677165
27,60,256,-0.862204724,-0.082677165
28,60,256,-0.838582677,-0.082677165
29,60,256,-0.814960630,-0.082677165
30,60,256,-0.791338583,-0.082677165
31,60,256,-0.767716535,-0.082677165
32,60,256,-0.744094488,-0.082677165
33,60,256,-0.720472441,-0.082677165
34,60,256,-0.696850394,-0.082677165
35,60,256,-0.673228346,-0.082677165
36,60,256,-0.649606299,-0.082677165
37,60,256,-0.625984252,-0.082677165
38,60,256,-0.602362205,-0.082677165
39,60,256,-0.578740157,-0.082677165
40,60,256,-0.555118110,-0.082677165
41,60,256,-0.531496063,-0.082677165
42,60,256,-0.507874016,-0.082677165
43,60,256,-0.484251969,-0.082677165
44,60,256,-0.460629921,-0.082677165
45,60,256,-0.437007874,-0.082677165
46,60,256,-0.413385827,-0.082677165
47,60,256,-0.389763780,-0.082677165
48,60,256,-0.366141732,-0.082677165
49,60,256,-0.342519685,-0.082677165
50,60,256,-0.318897638,-0.082677165
51,60,256,-0.295275591,-0.082677165
52,60,256,-0.271653543,-0.082677165
53,60,256,-0.248031496,-0.082677165
54,60,256,-0.224409449,-0.082677165
55,60,256,-0.200787402,-0.082677165
56,60,256,-0.177165354,-0.082677165
57,60,256,-0.153543307,-0.082677165
58,60,256,-0.129921260,-0.082677165
59,60,256,-0.106299213,-0.082677165
60,60,256,-0.082677165,-0.082677165
61,60,256,-0.059055118,-0.082677165
62,60,256,-0.035433071,-0.082677165
63,60,256,-0.011811024,-0.082677165
64,60,256,0.011811024,-0.082677165
65,60,256,0.035433071,-0.082677165
66,60,256,0.059055118,-0.082677165
67,60,256,0.082677165,-0.082677165
68,60,256,0.106299213,-0.082677165
69,60,256,0.129921260,-0.082677165
70,60,256,0.153543307,-0.082677165
71,60,256,0.177165354,-0.082677165
72,60,256,0.200787402,-0.082677165
73,60,256,0.224409449,-0.082677165
74,60,256,0.248031496,-0.082677165
75,60,256,0.271653543,-0.082677165
76,60,256,0.295275591,-0.082677165
77,60,256,0.318897638,-0.082677165
78,60,256,0.342519685,-0.082677165
79,60,13,0.366141732,-0.082677165
80,60,9,0.389763780,-0.082677165
81,60,7,0.413385827,-0.082677165
82,60,6,0.437007874,-0.082677165
83,60,6,0.460629921,-0.082677165
84,60,6,0.484251969,-0.082677165
85,60,5,0.507874016,-0.082677165
86,60,5,0.531496063,-0.082677165
87,60,5,0.555118110,-0.082677165
88,60,4,0.578740157,-0.082677165
89,60,4,0.602362205,-0.082677165
90,60,4,0.625984252,-0.082677165
91,60,4,0.649606299,-0.082677165
92,60,4,0.673228346,-0.082677165
93,60,3,0.696850394,-0.082677165
94,60,3,0.720472441,-0.082677165
95,60,3,0.744094488,-0.082677165
96,60,3,0.767716535,-0.082677165
97,60,3,0.791338583,-0.082677165
98,60,3,0.814960630,-0.082677165
99,60,3,0.838582677,-0.082677165
100,60,3,0.862204724,-0.082677165
101,60,3,0.885826772,-0.082677165
102,60,3,0.909448819,-0.082677165
103,60,3,0.933070866,-0.082677165
104,60,3,0.956692913,-0.082677165
105,60,3,0.980314961,-0.082677165
106,60,2,1.003937008,-0.082677165
107,60,2,1.027559055,-0.082677165
108,60,2,1.051181102,-0.082677165
109,60,2,1.074803150,-0.082677165
110,60,2,1.098425197,-0.082677165
111,60,2,1.122047244,-0.082677165
112,60,2,1.145669291,-0.082677165
113,60,2,1.169291339,-0.082677165
114,60,2,1.192913386,-0.082677165
115,60,2,1.216535433,-0.082677165
116,60,2,1.240157480,-0.082677165
117,60,2,1.263779528,-0.082677165
118,60,2,1.287401575,-0.082677165
119,60,2,1.311023622,-0.082677165
120,60,2,1.334645669,-0.082677165
121,60,2,1.358267717,-0.082677165
122,60,2,1.381889764,-0.082677165
123,60,2,1.405511811,-0.082677165
124,60,2,1.429133858,-0.082677165
125,60,2,1.452755906,-0.082677165
126,60,2,1.476377953,-0.082677165
127,60,2,1.500000000,-0.082677165
0,61,7,-1.500000000,-0.059055118
1,61,9,-1.476377953,-0.059055118
2,61,9,-1.452755906,-0.059055118
3,61,10,-1.429133858,-0.059055118
4,61,13,-1.405511811,-0.059055118
5,61,16,-1.381889764,-0.059055118
6,61,127,-1.358267717,-0.059055118
7,61,43,-1.334645669,-0.059055118
8,61,256,-1.311023622,-0.059055118
9,61,91,-1.287401575,-0.059055118
10,61,25,-1.263779528,-0.059055118
11,61,256,-1.240157480,-0.059055118
12,61,256,-1.216535433,-0.059055118
13,61,256,-1.192913386,-0.059055118
14,61,256,-1.169291339,-0.059055118
15,61,256,-1.145669291,-0.059055118
16,61,256,-1.122047244,-0.059055118
17,61,256,-1.098425197,-0.059055118
18,61,256,-1.074803150,-0.059055118
19,61,256,-1.051181102,-0.059055118
20,61,256,-1.027559055,-0.059055118
21,61,256,-1.003937008,-0.059055118
22,61,256,-0.980314961,-0.059055118
23,61,256,-0.956692913,-0.059055118
24,61,256,-0.933070866,-0.059055118
25,61,256,-0.909448819,-0.059055118
26,61,256,-0.885826772,-0.059055118
27,61,256,-0.862204724,-0.059055118
28,61,256,-0.838582677,-0.059055118
29,61,256,-0.814960630,-0.059055118
30,61,256,-0.791338583,-0.059055118
31,61,256,-0.767716535,-0.059055118
32,61,256,-0.744094488,-0.059055118
33,61,256,-0.720472441,-0.059055118
34,61,256,-0.696850394,-0.059055118
35,61,256,-0.673228346,-0.059055118
36,61,256,-0.649606299,-0.059055118
37,61,256,-0.625984252,-0.059055118
38,61,256,-0.602362205,-0.059055118
39,61,256,-0.578740157,-0.059055118
40,61,256,-0.555118110,-0.059055118
41,61,256,-0.531496063,-0.059055118
42,61,256,-0.507874016,-0.059055118
43,61,256,-0.484251969,-0.059055118
44,61,256,-0.460629921,-0.059055118
45,61,256,-0.437007874,-0.059055118
46,61,256,-0.413385827,-0.059055118
47,61,256,-0.389763780,-0.059055118
48,61,256,-0.366141732,-0.059055118
49,61,256,-0.342519685,-0.059055118
50,61,256,-0.318897638,-0.059055118
51,61,256,-0.295275591,-0.059055118
52,61,256,-0.271653543,-0.059055118
53,61,256,-0.248031496,-0.059055118
54,61,256,-0.224409449,-0.059055118
55,61,256,-0.200787402,-0.059055118
56,61,256,-0.177165354,-0.059055118
57,61,256,-0.153543307,-0.059055118
58,61,256,-0.129921260,-0.059055118
59,61,256,-0.106299213,-0.059055118
60,61,256,-0.082677165,-0.059055118
61,61,256,-0.059055118,-0.059055118
62,61,256,-0.035433071,-0.059055118
63,61,256,-0.011811024,-0.059055118
64,61,256,0.011811024,-0.059055118
65,61,256,0.035433071,-0.059055118
66,61,256,0.059055118,-0.059055118
67,61,256,0.082677165,-0.059055118
68,61,256,0.106299213,-0.059055118
69,61,256,0.129921260,-0.059055118
70,61,256,0.153543307,-0.059055118
71,61,256,0.177165354,-0.059055118
72,61,256,0.200787402,-0.059055118
73,61,256,0.224409449,-0.059055118
74,61,256,0.248031496,-0.059055118
75,61,256,0.271653543,-0.059055118
76,61,256,0.295275591,-0.059055118
77,61,256,0.318897638,-0.059055118
78,61,17,0.342519685,-0.059055118
79,61,9,0.366141732,-0.059055118
80,61,7,0.389763780,-0.059055118
81,61,7,0.413385827,-0.059055118
82,61,6,0.437007874,-0.059055118
83,61,6,0.460629921,-0.059055118
84,61,5,0.484251969,-0.059055118
85,61,5,0.507874016,-0.059055118
86,61,5,0.531496063,-0.059055118
87,61,4,0.555118110,-0.059055118
88,61,4,0.578740157,-0.059055118
89,61,4,0.602362205,-0.059055118
90,61,4,0.625984252,-0.059055118
91,61,4,0.649606299,-0.059055118
92,61,4,0.673228346,-0.059055118
93,61,3,0.696850394,-0.059055118
94,61,3,0.720472441,-0.059055118
95,61,3,0.744094488,-0.059055118
96,61,3,0.767716535,-0.059055118
97,61,3,0.791338583,-0.059055118
98,61,3,0.814960630,-0.059055118
99,61,3,0.838582677,-0.059055118
100,61,3,0.862204724,-0.059055118
101,61,3,0.885826772,-0.059055118
102,61,3,0.909448819,-0.059055118
103,61,3,0.933070866,-0.059055118
104,61,3,0.956692913,-0.059055118
105,61,3,0.980314961,-0.059055118
106,61,2,1.003937008,-0.059055118
107,61,2,1.027559055,-0.059055118
108,61,2,1.051181102,-0.059055118
109,61,2,1.074803150,-0.059055118
110,61,2,1.098425197,-0.059055118
111,61,2,1.122047244,-0.059055118
112,61,2,1.145669291,-0.059055118
113,61,2,1.169291339,-0.059055118
114,61,2,1.192913386,-0.059055118
115,61,2,1.216535433,-0.059055118
116,61,2,1.240157480,-0.059055118
117,61,2,1.263779528,-0.059055118
118,61,2,1.287401575,-0.059055118
119,61,2,1.311023622,-0.059055118
120,61,2,1.334645669,-0.059055118
121,61,2,1.358267717,-0.059055118
122,61,2,1.381889764,-0.059055118
123,61,2,1.405511811,-0.059055118
124,61,2,1.429133858,-0.059055118
125,61,2,1.452755906,-0.059055118
126,61,2,1.476377953,-0.059055118
127,61,2,1.500000000,-0.059055118
0,62,10,-1.500000000,-0.035433071
1,62,12,-1.476377953,-0.035433071
2,62,11,-1.452755906,-0.035433071
3,62,13,-1.429133858,-0.035433071
4,62,20,-1.405511811,-0.035433071
5,62,20,-1.381889764,-0.035433071
6,62,256,-1.358267717,-0.035433071
7,62,256,-1.334645669,-0.035433071
8,62,256,-1.311023622,-0.035433071
9,62,256,-1.287401575,-0.035433071
10,62,256,-1.263779528,-0.035433071
11,62,256,-1.240157480,-0.035433071
12,62,256,-1.216535433,-0.035433071
13,62,256,-1.192913386,-0.035433071
14,62,256,-1.169291339,-0.035433071
15,62,256,-1.145669291,-0.035433071
16,62,256,-1.122047244,-0.035433071
17,62,256,-1.098425197,-0.035433071
18,62,256,-1.074803150,-0.035433071
19,62,256,-1.051181102,-0.035433071
20,62,256,-1.027559055,-0.035433071
21,62,256,-1.003937008,-0.035433071
22,62,256,-0.980314961,-0.035433071
23,62,256,-0.956692913,-0.035433071
24,62,256,-0.933070866,-0.035433071
25,62,256,-0.909448819,-0.035433071
26,62,256,-0.885826772,-0.035433071
27,62,256,-0.862204724,-0.035433071
28,62,256,-0.838582677,-0.035433071
29,62,256,-0.814960630,-0.035433071
30,62,256,-0.791338583,-0.035433071
31,62,256,-0.767716535,-0.035433071
32,62,256,-0.744094488,-0.035433071
33,62,256,-0.720472441,-0.035433071
34,62,256,-0.696850394,-0.035433071
35,62,256,-0.673228346,-0.035433071
36,62,256,-0.649606299,-0.035433071
37,62,256,-0.625984252,-0.035433071
38,62,256,-0.602362205,-0.035433071
39,62,256,-0.578740157,-0.035433071
40,62,256,-0.555118110,-0.035433071
41,62,256,-0.531496063,-0.035433071
42,62,256,-0.507874016,-0.035433071
43,62,256,-0.484251969,-0.035433071
44,62,256,-0.460629921,-0.035433071
45,62,256,-0.437007874,-0.035433071
46,62,256,-0.413385827,-0.035433071
47,62,256,-0.389763780,-0.035433071
48,62,256,-0.366141732,-0.035433071
49,62,256,-0.342519685,-0.035433071
50,62,256,-0.318897638,-0.035433071
51,62,256,-0.295275591,-0.035433071
52,62,256,-0.271653543,-0.035433071
53,62,256,-0.248031496,-0.035433071
54,62,256,-0.224409449,-0.035433071
55,62,256,-0.200787402,-0.035433071
56,62,256,-0.177165354,-0.035433071
57,62,256,-0.153543307,-0.035433071
58,62,256,-0.129921260,-0.035433071
59,62,256,-0.106299213,-0.035433071
60,62,256,-0.082677165,-0.035433071
61,62,256,-0.059055118,-0.035433071
62,62,256,-0.035433071,-0.035433071
63,62,256,-0.011811024,-0.035433071
64,62,256,0.011811024,-0.035433071
65,62,256,0.035433071,-0.035433071
66,62,256,0.059055118,-0.035433071
67,62,256,0.082677165,-0.035433071
68,62,256,0.106299213,-0.035433071
69,62,256,0.129921260,-0.035433071
70,62,256,0.153543307,-0.035433071
71,62,256,0.177165354,-0.035433071
72,62,256,0.200787402,-0.035433071
73,62,256,0.224409449,-0.035433071
74,62,256,0.248031496,-0.035433071
75,62,256,0.271653543,-0.035433071
76,62,256,0.295275591,-0.035433071
77,62,22,0.318897638,-0.035433071
78,62,10,0.342519685,-0.035433071
79,62,8,0.366141732,-0.035433071
80,62,7,0.389763780,-0.035433071
81,62,7,0.413385827,-0.035433071
82,62,6,0.437007874,-0.035433071
83,62,6,0.460629921,-0.035433071
84,62,5,0.484251969,-0.035433071
85,62,5,0.507874016,-0.035433071
86,62,5,0.531496063,-0.035433071
87,62,4,0.555118110,-0.035433071
88,62,4,0.578740157,-0.035433071
89,62,4,0.602362205,-0.035433071
90,62,4,0.625984252,-0.035433071
91,62,4,0.649606299,-0.035433071
92,62,4,0.673228346,-0.035433071
93,62,3,0.696850394,-0.035433071
94,62,3,0.720472441,-0.035433071
95,62,3,0.744094488,-0.035433071
96,62,3,0.767716535,-0.035433071
97,62,3,0.791338583,-0.035433071
98,62,3,0.814960630,-0.035433071
99,62,3,0.838582677,-0.035433071
100,62,3,0.862204724,-0.035433071
101,62,3,0.885826772,-0.035433071
102,62,3,0.909448819,-0.035433071
103,62,3,0.933070866,-0.035433071
104,62,3,0.956692913,-0.035433071
105,62,3,0.980314961,-0.035433071
106,62,2,1.003937008,-0.035433071
107,62,2,1.027559055,-0.035433071
108,62,2,1.051181102,-0.035433071
109,62,2,1.074803150,-0.035433071
110,62,2,1.098425197,-0.035433071
111,62,2,1.122047244,-0.035433071
112,62,2,1.145669291,-0.035433071
113,62,2,1.169291339,-0.035433071
114,62,2,1.192913386,-0.035433071
115,62,2,1.216535433,-0.035433071
116,62,2,1.240157480,-0.035433071
117,62,2,1.263779528,-0.035433071
118,62,2,1.287401575,-0.035433071
119,62,2,1.311023622,-0.035433071
120,62,2,1.334645669,-0.035433071
121,62,2,1.358267717,-0.035433071
122,62,2,1.381889764,-0.035433071
123,62,2,1.405511811,-0.035433071
124,62,2,1.429133858,-0.035433071
125,62,2,1.452755906,-0.035433071
126,62,2,1.476377953,-0.035433071
127,62,2,1.500000000,-0.035433071
0,63,13,-1.500000000,-0.011811024
1,63,20,-1.476377953,-0.011811024
2,63,17,-1.452755906,-0.011811024
3,63,17,-1.429133858,-0.011811024
4,63,27,-1.405511811,-0.011811024
5,63,256,-1.381889764,-0.011811024
6,63,256,-1.358267717,-0.011811024
7,63,256,-1.334645669,-0.011811024
8,63,256,-1.311023622,-0.011811024
9,63,256,-1.287401575,-0.011811024
10,63,256,-1.263779528,-0.011811024
11,63,256,-1.240157480,-0.011811024
12,63,256,-1.216535433,-0.011811024
13,63,256,-1.192913386,-0.011811024
14,63,256,-1.169291339,-0.011811024
15,63,256,-1.145669291,-0.011811024
16,63,256,-1.122047244,-0.011811024
17,63,256,-1.098425197,-0.011811024
18,63,256,-1.074803150,-0.011811024
19,63,256,-1.051181102,-0.011811024
20,63,256,-1.027559055,-0.011811024
21,63,256,-1.003937008,-0.011811024
22,63,256,-0.980314961,-0.011811024
23,63,256,-0.956692913,-0.011811024
24,63,256,-0.933070866,-0.011811024
25,63,256,-0.909448819,-0.011811024
26,63,256,-0.885826772,-0.011811024
27,63,256,-0.862204724,-0.011811024
28,63,256,-0.838582677,-0.011811024
29,63,256,-0.814960630,-0.011811024
30,63,256,-0.791338583,-0.011811024
31,63,256,-0.767716535,-0.011811024
32,63,256,-0.744094488,-0.011811024
33,63,256,-0.720472441,-0.011811024
34,63,256,-0.696850394,-0.011811024
35,63,256,-0.673228346,-0.011811024
36,63,256,-0.649606299,-0.011811024
37,63,256,-0.625984252,-0.011811024
38,63,256,-0.602362205,-0.011811024
39,63,256,-0.578740157,-0.011811024
40,63,256,-0.555118110,-0.011811024
41,63,256,-0.531496063,-0.011811024
42,63,256,-0.507874016,-0.011811024
43,63,256,-0.484251969,-0.011811024
44,63,256,-0.460629921,-0.011811024
45,63,256,-0.437007874,-0.011811024
46,63,256,-0.413385827,-0.011811024
47,63,256,-0.389763780,-0.011811024
48,63,256,-0.366141732,-0.011811024
49,63,256,-0.342519685,-0.011811024
50,63,256,-0.318897638,-0.011811024
51,63,256,-0.295275591,-0.011811024
52,63,256,-0.271653543,-0.011811024
53,63,256,-0.248031496,-0.011811024
54,63,256,-0.224409449,-0.011811024
55,63,256,-0.200787402,-0.011811024
56,63,256,-0.177165354,-0.011811024
57,63,256,-0.153543307,-0.011811024
58,63,256,-0.129921260,-0.011811024
59,63,256,-0.106299213,-0.011811024
60,63,256,-0.082677165,-0.011811024
61,63,256,-0.059055118,-0.011811024
62,63,256,-0.035433071,-0.011811024
63,63,256,-0.011811024,-0.011811024
64,63,256,0.011811024,-0.011811024
65,63,256,0.035433071,-0.011811024
66,63,256,0.059055118,-0.011811024
67,63,256,0.082677165,-0.011811024
68,63,256,0.106299213,-0.011811024
69,63,256,0.129921260,-0.011811024
70,63,256,0.153543307,-0.011811024
71,63,256,0.177165354,-0.011811024
72,63,256,0.200787402,-0.011811024
73,63,256,0.224409449,-0.011811024
74,63,256,0.248031496,-0.011811024
75,63,256,0.271653543,-0.011811024
76,63,15,0.295275591,-0.011811024
77,63,11,0.318897638,-0.011811024
78,63,9,0.342519685,-0.011811024
79,63,8,0.366141732,-0.011811024
80,63,7,0.389763780,-0.011811024
81,63,6,0.413385827,-0.011811024
82,63,6,0.437007874,-0.011811024
83,63,5,0.460629921,-0.011811024
84,63,5,0.484251969,-0.011811024
85,63,5,0.507874016,-0.011811024
86,63,5,0.531496063,-0.011811024
87,63,4,0.555118110,-0.011811024
88,63,4,0.578740157,-0.011811024
89,63,4,0.602362205,-0.011811024
90,63,4,0.625984252,-0.011811024
91,63,4,0.649606299,-0.011811024
92,63,4,0.673228346,-0.011811024
93,63,3,0.696850394,-0.011811024
94,63,3,0.720472441,-0.011811024
95,63,3,0.744094488,-0.011811024
96,63,3,0.767716535,-0.011811024
97,63,3,0.791338583,-0.011811024
98,63,3,0.814960630,-0.011811024
99,63,3,0.838582677,-0.011811024
100,63,3,0.862204724,-0.011811024
101,63,3,0.885826772,-0.011811024
102,63,3,0.909448819,-0.011811024
103,63,3,0.933070866,-0.011811024
104,63,3,0.956692913,-0.011811024
105,63,3,0.980314961,-0.011811024
106,63,2,1.003937008,-0.011811024
107,63,2,1.027559055,-0.011811024
108,63,2,1.051181102,-0.011811024
109,63,2,1.074803150,-0.011811024
110,63,2,1.098425197,-0.011811024
111,63,2,1.122047244,-0.011811024
112,63,2,1.145669291,-0.011811024
113,63,2,1.169291339,-0.011811024
114,63,2,1.192913386,-0.011811024
115,63,2,1.216535433,-0.011811024
116,63,2,1.240157480,-0.011811024
117,63,2,1.263779528,-0.011811024
118,63,2,1.287401575,-0.011811024
119,63,2,1.311023622,-0.011811024
120,63,2,1.334645669,-0.011811024
121,63,2,1.358267717,-0.011811024
122,63,2,1.381889764,-0.011811024
123,63,2,1.405511811,-0.011811024
124,63,2,1.429133858,-0.011811024
125,63,2,1.452755906,-0.011811024
126,63,2,1.476377953,-0.011811024
127,63,2,1.500000000,-0.011811024
0,64,13,-1.500000000,0.011811024
1,64,20,-1.476377953,0.011811024
2,64,17,-1.452755906,0.011811024
3,64,17,-1.429133858,0.011811024
4,64,27,-1.405511811,0.011811024
5,64,256,-1.381889764,0.011811024
6,64,256,-1.358267717,0.011811024
7,64,256,-1.334645669,0.011811024
8,64,256,-1.311023622,0.011811024
9,64,256,-1.287401575,0.011811024
10,64,256,-1.263779528,0.011811024
11,64,256,-1.240157480,0.011811024
12,64,256,-1.216535433,0.011811024
13,64,256,-1.192913386,0.011811024
14,64,256,-1.169291339,0.011811024
15,64,256,-1.145669291,0.011811024
16,64,256,-1.122047244,0.011811024
17,64,256,-1.098425197,0.011811024
18,64,256,-1.074803150,0.011811024
19,64,256,-1.051181102,0.011811024
20,64,256,-1.027559055,0.011811024
21,64,256,-1.003937008,0.011811024
22,64,256,-0.980314961,0.011811024
23,64,256,-0.956692913,0.011811024
24,64,256,-0.933070866,0.011811024
25,64,256,-0.909448819,0.011811024
26,64,256,-0.885826772,0.011811024
27,64,256,-0.862204724,0.011811024
28,64,256,-0.838582677,0.011811024
29,64,256,-0.814960630,0.011811024
30,64,256,-0.791338583,0.011811024
31,64,256,-0.767716535,0.011811024
32,64,256,-0.744094488,0.011811024
33,64,256,-0.720472441,0.011811024
34,64,256,-0.696850394,0.011811024
35,64,256,-0.673228346,0.011811024
36,64,256,-0.649606299,0.011811024
37,64,256,-0.625984252,0.011811024
38,64,256,-0.602362205,0.011811024
39,64,256,-0.578740157,0.011811024
40,64,256,-0.555118110,0.011811024
41,64,256,-0.531496063,0.011811024
42,64,256,-0.507874016,0.011811024
43,64,256,-0.484251969,0.011811024
44,64,256,-0.460629921,0.011811024
45,64,256,-0.437007874,0.011811024
46,64,256,-0.413385827,0.011811024
47,64,256,-0.389763780,0.011811024
48,64,256,-0.366141732,0.011811024
49,64,256,-0.342519685,0.011811024
50,64,256,-0.318897638,0.011811024
51,64,256,-0.295275591,0.011811024
52,64,256,-0.271653543,0.011811024
53,64,256,-0.248031496,0.011811024
54,64,256,-0.224409449,0.011811024
55,64,256,-0.200787402,0.011811024
56,64,256,-0.177165354,0.011811024
57,64,256,-0.153543307,0.011811024
58,64,256,-0.129921260,0.011811024
59,64,256,-0.106299213,0.011811024
60,64,256,-0.082677165,0.011811024
61,64,256,-0.059055118,0.011811024
62,64,256,-0.035433071,0.011811024
63,64,256,-0.011811024,0.011811024
64,64,256,0.011811024,0.011811024
65,64,256,0.035433071,0.011811024
66,64,256,0.059055118,0.011811024
67,64,256,0.082677165,0.011811024
68,64,256,0.106299213,0.011811024
69,64,256,0.129921260,0.011811024
70,64,256,0.153543307,0.011811024
71,64,256,0.177165354,0.011811024
72,64,256,0.200787402,0.011811024
73,64,256,0.224409449,0.011811024
74,64,256,0.248031496,0.011811024
75,64,256,0.271653543,0.011811024
76,64,15,0.295275591,0.011811024
77,64,11,0.318897638,0.011811024
78,64,9,0.342519685,0.011811024
79,64,8,0.366141732,0.011811024
80,64,7,0.389763780,0.011811024
81,64,6,0.413385827,0.011811024
82,64,6,0.437007874,0.011811024
83,64,5,0.460629921,0.011811024
84,64,5,0.484251969,0.011811024
85,64,5,0.507874016,0.011811024
86,64,5,0.531496063,0.011811024
87,64,4,0.555118110,0.011811024
88,64,4,0.578740157,0.011811024
89,64,4,0.602362205,0.011811024
90,64,4,0.625984252,0.011811024
91,64,4,0.649606299,0.011811024
92,64,4,0.673228346,0.011811024
93,64,3,0.696850394,0.011811024
94,64,3,0.720472441,0.011811024
95,64,3,0.744094488,0.011811024
96,64,3,0.767716535,0.011811024
97,64,3,0.791338583,0.011811024
98,64,3,0.814960630,0.011811024
99,64,3,0.838582677,0.011811024
100,64,3,0.862204724,0.011811024
101,64,3,0.885826772,0.011811024
102,64,3,0.909448819,0.011811024
103,64,3,0.933070866,0.011811024
104,64,3,0.956692913,0.011811024
105,64,3,0.980314961,0.011811024
106,64,2,1.003937008,0.011811024
107,64,2,1.027559055,0.011811024
108,64,2,1.051181102,0.011811024
109,64,2,1.074803150,0.011811024
110,64,2,1.098425197,0.011811024
111,64,2,1.122047244,0.011811024
112,64,2,1.145669291,0.011811024
113,64,2,1.169291339,0.011811024
114,64,2,1.192913386,0.011811024
115,64,2,1.216535433,0.011811024
116,64,2,1.240157480,0.011811024
117,64,2,1.263779528,0.011811024
118,64,2,1.287401575,0.011811024
119,64,2,1.311023622,0.011811024
120,64,2,1.334645669,0.011811024
121,64,2,1.358267717,0.011811024
122,64,2,1.381889764,0.011811024
123,64,2,1.405511811,0.011811024
124,64,2,1.429133858,0.011811024
125,64,2,1.452755906,0.011811024
126,64,2,1.476377953,0.011811024
127,64,2,1.500000000,0.011811024
0,65,10,-1.500000000,0.035433071
1,65,12,-1.476377953,0.035433071
2,65,11,-1.452755906,0.035433071
3,65,13,-1.429133858,0.035433071
4,65,20,-1.405511811,0.035433071
5,65,20,-1.381889764,0.035433071
6,65,256,-1.358267717,0.035433071
7,65,256,-1.334645669,0.035433071
8,65,256,-1.311023622,0.035433071
9,65,256,-1.287401575,0.035433071
10,65,256,-1.263779528,0.035433071
11,65,256,-1.240157480,0.035433071
12,65,256,-1.216535433,0.035433071
13,65,256,-1.192913386,0.035433071
14,65,256,-1.169291339,0.035433071
15,65,256,-1.145669291,0.035433071
16,65,256,-1.122047244,0.035433071
17,65,256,-1.098425197,0.035433071
18,65,256,-1.074803150,0.035433071
19,65,256,-1.051181102,0.035433071
20,65,256,-1.027559055,0.035433071
21,65,256,-1.003937008,0.035433071
22,65,256,-0.980314961,0.035433071
23,65,256,-0.956692913,0.035433071
24,65,256,-0.933070866,0.035433071
25,65,256,-0.909448819,0.035433071
26,65,256,-0.885826772,0.035433071
27,65,256,-0.862204724,0.035433071
28,65,256,-0.838582677,0.035433071
29,65,256,-0.814960630,0.035433071
30,65,256,-0.791338583,0.035433071
31,65,256,-0.767716535,0.035433071
32,65,256,-0.744094488,0.035433071
33,65,256,-0.720472441,0.035433071
34,65,256,-0.696850394,0.035433071
35,65,256,-0.673228346,0.035433071
36,65,256,-0.649606299,0.035433071
37,65,256,-0.625984252,0.035433071
38,65,256,-0.602362205,0.035433071
39,65,256,-0.578740157,0.035433071
40,65,256,-0.555118110,0.035433071
41,65,256,-0.531496063,0.035433071
42,65,256,-0.507874016,0.035433071
43,65,256,-0.484251969,0.035433071
44,65,256,-0.460629921,0.035433071
45,65,256,-0.437007874,0.035433071
46,65,256,-0.413385827,0.035433071
47,65,256,-0.389763780,0.035433071
48,65,256,-0.366141732,0.035433071
49,65,256,-0.342519685,0.035433071
50,65,256,-0.318897638,0.035433071
51,65,256,-0.295275591,0.035433071
52,65,256,-0.271653543,0.035433071
53,65,256,-0.248031496,0.035433071
54,65,256,-0.224409449,0.035433071
55,65,256,-0.200787402,0.035433071
56,65,256,-0.177165354,0.035433071
57,65,256,-0.153543307,0.035433071
58,65,256,-0.129921260,0.035433071
59,65,256,-0.106299213,0.035433071
60,65,256,-0.082677165,0.035433071
61,65,256,-0.059055118,0.035433071
62,65,256,-0.035433071,0.035433071
63,65,256,-0.011811024,0.035433071
64,65,256,0.011811024,0.035433071
65,65,256,0.035433071,0.035433071
66,65,256,0.059055118,0.035433071
67,65,256,0.082677165,0.035433071
68,65,256,0.106299213,0.035433071
69,65,256,0.129921260,0.035433071
70,65,256,0.153543307,0.035433071
71,65,256,0.177165354,0.035433071
72,65,256,0.200787402,0.035433071
73,65,256,0.224409449,0.035433071
74,65,256,0.248031496,0.035433071
75,65,256,0.271653543,0.035433071
76,65,256,0.295275591,0.035433071
77,65,22,0.318897638,0.035433071
78,65,10,0.342519685,0.035433071
79,65,8,0.366141732,0.035433071
80,65,7,0.389763780,0.035433071
81,65,7,0.413385827,0.035433071
82,65,6,0.437007874,0.035433071
83,65,6,0.460629921,0.035433071
84,65,5,0.484251969,0.035433071
85,65,5,0.507874016,0.035433071
86,65,5,0.531496063,0.035433071
87,65,4,0.555118110,0.035433071
88,65,4,0.578740157,0.035433071
89,65,4,0.602362205,0.035433071
90,65,4,0.625984252,0.035433071
91,65,4,0.649606299,0.035433071
92,65,4,0.673228346,0.035433071
93,65,3,0.696850394,0.035433071
94,65,3,0.720472441,0.035433071
95,65,3,0.744094488,0.035433071
96,65,3,0.767716535,0.035433071
97,65,3,0.791338583,0.035433071
98,65,3,0.814960630,0.035433071
99,65,3,0.838582677,0.035433071
100,65,3,0.862204724,0.035433071
101,65,3,0.885826772,0.035433071
102,65,3,0.909448819,0.035433071
103,65,3,0.933070866,0.035433071
104,65,3,0.956692913,0.035433071
105,65,3,0.980314961,0.035433071
106,65,2,1.003937008,0.035433071
107,65,2,1.027559055,0.035433071
108,65,2,1.051181102,0.035433071
109,65,2,1.074803150,0.035433071
110,65,2,1.098425197,0.035433071
111,65,2,1.122047244,0.035433071
112,65,2,1.145669291,0.035433071
113,65,2,1.169291339,0.035433071
114,65,2,1.192913386,0.035433071
115,65,2,1.216535433,0.035433071
116,65,2,1.240157480,0.035433071
117,65,2,1.263779528,0.035433071
118,65,2,1.287401575,0.035433071
119,65,2,1.311023622,0.035433071
120,65,2,1.334645669,0.035433071
121,65,2,1.358267717,0.035433071
122,65,2,1.381889764,0.035433071
123,65,2,1.405511811,0.035433071
124,65,2,1.429133858,0.035433071
125,65,2,1.452755906,0.035433071
126,65,2,1.476377953,0.035433071
127,65,2,1.500000000,0.035433071
0,66,7,-1.500000000,0.059055118
1,66,9,-1.476377953,0.059055118
2,66,9,-1.452755906,0.059055118
3,66,10,-1.429133858,0.059055118
4,66,13,-1.405511811,0.059055118
5,66,16,-1.381889764,0.059055118
6,66,77,-1.358267717,0.059055118
7,66,43,-1.334645669,0.059055118
8,66,256,-1.311023622,0.059055118
9,66,90,-1.287401575,0.059055118
10,66,25,-1.263779528,0.059055118
11,66,256,-1.240157480,0.059055118
12,66,256,-1.216535433,0.059055118
13,66,256,-1.192913386,0.059055118
14,66,256,-1.169291339,0.059055118
15,66,256,-1.145669291,0.059055118
16,66,256,-1.122047244,0.059055118
17,66,256,-1.098425197,0.059055118
18,66,256,-1.074803150,0.059055118
19,66,256,-1.051181102,0.059055118
20,66,256,-1.027559055,0.059055118
21,66,256,-1.003937008,0.059055118
22,66,256,-0.980314961,0.059055118
23,66,256,-0.956692913,0.059055118
24,66,256,-0.933070866,0.059055118
25,66,256,-0.909448819,0.059055118
26,66,256,-0.885826772,0.059055118
27,66,256,-0.862204724,0.059055118
28,66,256,-0.838582677,0.059055118
29,66,256,-0.814960630,0.059055118
30,66,256,-0.791338583,0.059055118
31,66,256,-0.767716535,0.059055118
32,66,256,-0.744094488,0.059055118
33,66,256,-0.720472441,0.059055118
34,66,256,-0.696850394,0.059055118
35,66,256,-0.673228346,0.059055118
36,66,256,-0.649606299,0.059055118
37,66,256,-0.625984252,0.059055118
38,66,256,-0.602362205,0.059055118
39,66,256,-0.578740157,0.059055118
40,66,256,-0.555118110,0.059055118
41,66,256,-0.531496063,0.059055118
42,66,256,-0.507874016,0.059055118
43,66,256,-0.484251969,0.059055118
44,66,256,-0.460629921,0.059055118
45,66,256,-0.437007874,0.059055118
46,66,256,-0.413385827,0.059055118
47,66,256,-0.389763780,0.059055118
48,66,256,-0.366141732,0.059055118
49,66,256,-0.342519685,0.059055118
50,66,256,-0.318897638,0.059055118
51,66,256,-0.295275591,0.059055118
52,66,256,-0.271653543,0.059055118
53,66,256,-0.248031496,0.059055118
54,66,256,-0.224409449,0.059055118
55,66,256,-0.200787402,0.059055118
56,66,256,-0.177165354,0.059055118
57,66,256,-0.153543307,0.059055118
58,66,256,-0.129921260,0.059055118
59,66,256,-0.106299213,0.059055118
60,66,256,-0.082677165,0.059055118
61,66,256,-0.059055118,0.059055118
62,66,256,-0.035433071,0.059055118
63,66,256,-0.011811024,0.059055118
64,66,256,0.011811024,0.059055118
65,66,256,0.035433071,0.059055118
66,66,256,0.059055118,0.059055118
67,66,256,0.082677165,0.059055118
68,66,256,0.106299213,0.059055118
69,66,256,0.129921260,0.059055118
70,66,256,0.153543307,0.059055118
71,66,256,0.177165354,0.059055118
72,66,256,0.200787402,0.059055118
73,66,256,0.224409449,0.059055118
74,66,256,0.248031496,0.059055118
75,66,256,0.271653543,0.059055118
76,66,256,0.295275591,0.059055118
77,66,256,0.318897638,0.059055118
78,66,17,0.342519685,0.059055118
79,66,9,0.366141732,0.059055118
80,66,7,0.389763780,0.059055118
81,66,7,0.413385827,0.059055118
82,66,6,0.437007874,0.059055118
83,66,6,0.460629921,0.059055118
84,66,5,0.484251969,0.059055118
85,66,5,0.507874016,0.059055118
86,66,5,0.531496063,0.059055118
87,66,4,0.555118110,0.059055118
88,66,4,0.578740157,0.059055118
89,66,4,0.602362205,0.059055118
90,66,4,0.625984252,0.059055118
91,66,4,0.649606299,0.059055118
92,66,4,0.673228346,0.059055118
93,66,3,0.696850394,0.059055118
94,66,3,0.720472441,0.059055118
95,66,3,0.744094488,0.059055118
96,66,3,0.767716535,0.059055118
97,66,3,0.791338583,0.059055118
98,66,3,0.814960630,0.059055118
99,66,3,0.838582677,0.059055118
100,66,3,0.862204724,0.059055118
101,66,3,0.885826772,0.059055118
102,66,3,0.909448819,0.059055118
103,66,3,0.933070866,0.059055118
104,66,3,0.956692913,0.059055118
105,66,3,0.980314961,0.059055118
106,66,2,1.003937008,0.059055118
107,66,2,1.027559055,0.059055118
108,66,2,1.051181102,0.059055118
109,66,2,1.074803150,0.059055118
110,66,2,1.098425197,0.059055118
111,66,2,1.122047244,0.059055118
112,66,2,1.145669291,0.059055118
113,66,2,1.169291339,0.059055118
114,66,2,1.192913386,0.059055118
115,66,2,1.216535433,0.059055118
116,66,2,1.240157480,0.059055118
117,66,2,1.263779528,0.059055118
118,66,2,1.287401575,0.059055118
119,66,2,1.311023622,0.059055118
120,66,2,1.334645669,0.059055118
121,66,2,1.358267717,0.059055118
122,66,2,1.381889764,0.059055118
123,66,2,1.405511811,0.059055118
124,66,2,1.429133858,0.059055118
125,66,2,1.452755906,0.059055118
126,66,2,1.476377953,0.059055118
127,66,2,1.500000000,0.059055118
0,67,7,-1.500000000,0.082677165
1,67,8,-1.476377953,0.082677165
2,67,9,-1.452755906,0.082677165
3,67,9,-1.429133858,0.082677165
4,67,11,-1.405511811,0.082677165
5,67,17,-1.381889764,0.082677165
6,67,17,-1.358267717,0.082677165
7,67,18,-1.334645669,0.082677165
8,67,20,-1.311023622,0.082677165
9,67,19,-1.287401575,0.082677165
10,67,19,-1.263779528,0.082677165
11,67,117,-1.240157480,0.082677165
12,67,256,-1.216535433,0.082677165
13,67,256,-1.192913386,0.082677165
14,67,256,-1.169291339,0.082677165
15,67,256,-1.145669291,0.082677165
16,67,256,-1.122047244,0.082677165
17,67,256,-1.098425197,0.082677165
18,67,256,-1.074803150,0.082677165
19,67,256,-1.051181102,0.082677165
20,67,256,-1.027559055,0.082677165
21,67,256,-1.003937008,0.082677165
22,67,256,-0.980314961,0.082677165
23,67,256,-0.956692913,0.082677165
24,67,256,-0.933070866,0.082677165
25,67,256,-0.909448819,0.082677165
26,67,256,-0.885826772,0.082677165
27,67,256,-0.862204724,0.082677165
28,67,256,-0.838582677,0.082677165
29,67,256,-0.814960630,0.082677165
30,67,256,-0.791338583,0.082677165
31,67,256,-0.767716535,0.082677165
32,67,256,-0.744094488,0.082677165
33,67,256,-0.720472441,0.082677165
34,67,256,-0.696850394,0.082677165
35,67,256,-0.673228346,0.082677165
36,67,256,-0.649606299,0.082677165
37,67,256,-0.625984252,0.082677165
38,67,256,-0.602362205,0.082677165
39,67,256,-0.578740157,0.082677165
40,67,256,-0.555118110,0.082677165
41,67,256,-0.531496063,0.082677165
42,67,256,-0.507874016,0.082677165
43,67,256,-0.484251969,0.082677165
44,67,256,-0.460629921,0.082677165
45,67,256,-0.437007874,0.082677165
46,67,256,-0.413385827,0.082677165
47,67,256,-0.389763780,0.082677165
48,67,256,-0.366141732,0.082677165
49,67,256,-0.342519685,0.082677165
50,67,256,-0.318897638,0.082677165
51,67,256,-0.295275591,0.082677165
52,67,256,-0.271653543,0.082677165
53,67,256,-0.248031496,0.082677165
54,67,256,-0.224409449,0.082677165
55,67,256,-0.200787402,0.082677165
56,67,256,-0.177165354,0.082677165
57,67,256,-0.153543307,0.082677165
58,67,256,-0.129921260,0.082677165
59,67,256,-0.106299213,0.082677165
60,67,256,-0.082677165,0.082677165
61,67,256,-0.059055118,0.082677165
62,67,256,-0.035433071,0.082677165
63,67,256,-0.011811024,0.082677165
64,67,256,0.011811024,0.082677165
65,67,256,0.035433071,0.082677165
66,67,256,0.059055118,0.082677165
67,67,256,0.082677165,0.082677165
68,67,256,0.106299213,0.082677165
69,67,256,0.129921260,0.082677165
70,67,256,0.153543307,0.082677165
71,67,256,0.177165354,0.082677165
72,67,256,0.200787402,0.082677165
73,67,256,0.224409449,0.082677165
74,67,256,0.248031496,0.082677165
75,67,256,0.271653543,0.082677165
76,67,256,0.295275591,0.082677165
77,67,256,0.318897638,0.082677165
78,67,256,0.342519685,0.082677165
79,67,13,0.366141732,0.082677165
80,67,9,0.389763780,0.082677165
81,67,7,0.413385827,0.082677165
82,67,6,0.437007874,0.082677165
83,67,6,0.460629921,0.082677165
84,67,6,0.484251969,0.082677165
85,67,5,0.507874016,0.082677165
86,67,5,0.531496063,0.082677165
87,67,5,0.555118110,0.082677165
88,67,4,0.578740157,0.082677165
89,67,4,0.602362205,0.082677165
90,67,4,0.625984252,0.082677165
91,67,4,0.649606299,0.082677165
92,67,4,0.673228346,0.082677165
93,67,3,0.696850394,0.082677165
94,67,3,0.720472441,0.082677165
95,67,3,0.744094488,0.082677165
96,67,3,0.767716535,0.082677165
97,67,3,0.791338583,0.082677165
98,67,3,0.814960630,0.082677165
99,67,3,0.838582677,0.082677165
100,67,3,0.862204724,0.082677165
101,67,3,0.885826772,0.082677165
102,67,3,0.909448819,0.082677165
103,67,3,0.933070866,0.082677165
104,67,3,0.956692913,0.082677165
105,67,3,0.980314961,0.082677165
106,67,2,1.003937008,0.082677165
107,67,2,1.027559055,0.082677165
108,67,2,1.051181102,0.082677165
109,67,2,1.074803150,0.082677165
110,67,2,1.098425197,0.082677165
111,67,2,1.122047244,0.082677165
112,67,2,1.145669291,0.082677165
113,67,2,1.169291339,0.082677165
114,67,2,1.192913386,0.082677165
115,67,2,1.216535433,0.082677165
116,67,2,1.240157480,0.082677165
117,67,2,1.263779528,0.082677165
118,67,2,1.287401575,0.082677165
119,67,2,1.311023622,0.082677165
120,67,2,1.334645669,0.082677165
121,67,2,1.358267717,0.082677165
122,67,2,1.381889764,0.082677165
123,67,2,1.405511811,0.082677165
124,67,2,1.429133858,0.082677165
125,67,2,1.452755906,0.082677165
126,67,2,1.476377953,0.082677165
127,67,2,1.500000000,0.082677165
0,68,7,-1.500000000,0.106299213
1,68,8,-1.476377953,0.106299213
2,68,8,-1.452755906,0.106299213
3,68,9,-1.429133858,0.106299213
4,68,12,-1.405511811,0.106299213
5,68,14,-1.381889764,0.106299213
6,68,12,-1.358267717,0.106299213
7,68,14,-1.334645669,0.106299213
8,68,14,-1.311023622,0.106299213
9,68,13,-1.287401575,0.106299213
10,68,16,-1.263779528,0.106299213
11,68,38,-1.240157480,0.106299213
12,68,256,-1.216535433,0.106299213
13,68,256,-1.192913386,0.106299213
14,68,256,-1.169291339,0.106299213
15,68,256,-1.145669291,0.106299213
16,68,256,-1.122047244,0.106299213
17,68,256,-1.098425197,0.106299213
18,68,256,-1.074803150,0.106299213
19,68,256,-1.051181102,0.106299213
20,68,256,-1.027559055,0.106299213
21,68,256,-1.003937008,0.106299213
22,68,256,-0.980314961,0.106299213
23,68,256,-0.956692913,0.106299213
24,68,256,-0.933070866,0.106299213
25,68,256,-0.909448819,0.106299213
26,68,256,-0.885826772,0.106299213
27,68,256,-0.862204724,0.106299213
28,68,256,-0.838582677,0.106299213
29,68,256,-0.814960630,0.106299213
30,68,256,-0.791338583,0.106299213
31,68,66,-0.767716535,0.106299213
32,68,156,-0.744094488,0.106299213
33,68,256,-0.720472441,0.106299213
34,68,256,-0.696850394,0.106299213
35,68,256,-0.673228346,0.106299213
36,68,256,-0.649606299,0.106299213
37,68,256,-0.625984252,0.106299213
38,68,256,-0.602362205,0.106299213
39,68,256,-0.578740157,0.106299213
40,68,256,-0.555118110,0.106299213
41,68,256,-0.531496063,0.106299213
42,68,256,-0.507874016,0.106299213
43,68,256,-0.484251969,0.106299213
44,68,256,-0.460629921,0.106299213
45,68,256,-0.437007874,0.106299213
46,68,256,-0.413385827,0.106299213
47,68,256,-0.389763780,0.106299213
48,68,256,-0.366141732,0.106299213
49,68,256,-0.342519685,0.106299213
50,68,256,-0.318897638,0.106299213
51,68,256,-0.295275591,0.106299213
52,68,256,-0.271653543,0.106299213
53,68,256,-0.248031496,0.106299213
54,68,256,-0.224409449,0.106299213
55,68,256,-0.200787402,0.106299213
56,68,256,-0.177165354,0.106299213
57,68,256,-0.153543307,0.106299213
58,68,256,-0.129921260,0.106299213
59,68,256,-0.106299213,0.106299213
60,68,256,-0.082677165,0.106299213
61,68,256,-0.059055118,0.106299213
62,68,256,-0.035433071,0.106299213
63,68,256,-0.011811024,0.106299213
64,68,256,0.011811024,0.106299213
65,68,256,0.035433071,0.106299213
66,68,256,0.059055118,0.106299213
67,68,256,0.082677165,0.106299213
68,68,256,0.106299213,0.106299213
69,68,256,0.129921260,0.106299213
70,68,256,0.153543307,0.106299213
71,68,256,0.177165354,0.106299213
72,68,256,0.200787402,0.106299213
73,68,256,0.224409449,0.106299213
74,68,256,0.248031496,0.106299213
75,68,256,0.271653543,0.106299213
76,68,256,0.295275591,0.106299213
77,68,256,0.318897638,0.106299213
78,68,256,0.342519685,0.106299213
79,68,254,0.366141732,0.106299213
80,68,12,0.389763780,0.106299213
81,68,7,0.413385827,0.106299213
82,68,6,0.437007874,0.106299213
83,68,6,0.460629921,0.106299213
84,68,5,0.484251969,0.106299213
85,68,5,0.507874016,0.106299213
86,68,5,0.531496063,0.106299213
87,68,5,0.555118110,0.106299213
88,68,4,0.578740157,0.106299213
89,68,4,0.602362205,0.106299213
90,68,4,0.625984252,0.106299213
91,68,4,0.649606299,0.106299213
92,68,4,0.673228346,0.106299213
93,68,3,0.696850394,0.106299213
94,68,3,0.720472441,0.106299213
95,68,3,0.744094488,0.106299213
96,68,3,0.767716535,0.106299213
97,68,3,0.791338583,0.106299213
98,68,3,0.814960630,0.106299213
99,68,3,0.838582677,0.106299213
100,68,3,0.862204724,0.106299213
101,68,3,0.885826772,0.106299213
102,68,3,0.909448819,0.106299213
103,68,3,0.933070866,0.106299213
104,68,3,0.956692913,0.106299213
105,68,3,0.980314961,0.106299213
106,68,2,1.003937008,0.106299213
107,68,2,1.027559055,0.106299213
108,68,2,1.051181102,0.106299213
109,68,2,1.074803150,0.106299213
110,68,2,1.098425197,0.106299213
111,68,2,1.122047244,0.106299213
112,68,2,1.145669291,0.106299213
113,68,2,1.169291339,0.106299213
114,68,2,1.192913386,0.106299213
115,68,2,1.216535433,0.106299213
116,68,2,1.240157480,0.106299213
117,68,2,1.263779528,0.106299213
118,68,2,1.287401575,0.106299213
119,68,2,1.311023622,0.106299213
120,68,2,1.334645669,0.106299213
121,68,2,1.358267717,0.106299213
122,68,2,1.381889764,0.106299213
123,68,2,1.405511811,0.106299213
124,68,2,1.429133858,0.106299213
125,68,2,1.452755906,0.106299213
126,68,2,1.476377953,0.106299213
127,68,2,1.500000000,0.106299213
0,69,7,-1.500000000,0.129921260
1,69,7,-1.476377953,0.129921260
2,69,8,-1.452755906,0.129921260
3,69,8,-1.429133858,0.129921260
4,69,16,-1.405511811,0.129921260
5,69,10,-1.381889764,0.129921260
6,69,10,-1.358267717,0.129921260
7,69,10,-1.334645669,0.129921260
8,69,11,-1.311023622,0.129921260
9,69,11,-1.287401575,0.129921260
10,69,16,-1.263779528,0.129921260
11,69,23,-1.240157480,0.129921260
12,69,60,-1.216535433,0.129921260
13,69,256,-1.192913386,0.129921260
14,69,256,-1.169291339,0.129921260
15,69,256,-1.145669291,0.129921260
16,69,256,-1.122047244,0.129921260
17,69,256,-1.098425197,0.129921260
18,69,256,-1.074803150,0.129921260
19,69,256,-1.051181102,0.129921260
20,69,256,-1.027559055,0.129921260
21,69,256,-1.003937008,0.129921260
22,69,256,-0.980314961,0.129921260
23,69,256,-0.956692913,0.129921260
24,69,256,-0.933070866,0.129921260
25,69,256,-0.909448819,0.129921260
26,69,256,-0.885826772,0.129921260
27,69,256,-0.862204724,0.129921260
28,69,256,-0.838582677,0.129921260
29,69,256,-0.814960630,0.129921260
30,69,256,-0.791338583,0.129921260
31,69,23,-0.767716535,0.129921260
32,69,54,-0.744094488,0.129921260
33,69,256,-0.720472441,0.129921260
34,69,256,-0.696850394,0.129921260
35,69,256,-0.673228346,0.129921260
36,69,256,-0.649606299,0.129921260
37,69,256,-0.625984252,0.129921260
38,69,256,-0.602362205,0.129921260
39,69,256,-0.578740157,0.129921260
40,69,256,-0.555118110,0.129921260
41,69,256,-0.531496063,0.129921260
42,69,256,-0.507874016,0.129921260
43,69,256,-0.484251969,0.129921260
44,69,256,-0.460629921,0.129921260
45,69,256,-0.437007874,0.129921260
46,69,256,-0.413385827,0.129921260
47,69,256,-0.389763780,0.129921260
48,69,256,-0.366141732,0.129921260
49,69,256,-0.342519685,0.129921260
50,69,256,-0.318897638,0.129921260
51,69,256,-0.295275591,0.129921260
52,69,256,-0.271653543,0.129921260
53,69,256,-0.248031496,0.129921260
54,69,256,-0.224409449,0.129921260
55,69,256,-0.200787402,0.129921260
56,69,256,-0.177165354,0.129921260
57,69,256,-0.153543307,0.129921260
58,69,256,-0.129921260,0.129921260
59,69,256,-0.106299213,0.129921260
60,69,256,-0.082677165,0.129921260
61,69,256,-0.059055118,0.129921260
62,69,256,-0.035433071,0.129921260
63,69,256,-0.011811024,0.129921260
64,69,256,0.011811024,0.129921260
65,69,256,0.035433071,0.129921260
66,69,256,0.059055118,0.129921260
67,69,256,0.082677165,0.129921260
68,69,256,0.106299213,0.129921260
69,69,256,0.129921260,0.129921260
70,69,256,0.153543307,0.129921260
71,69,256,0.177165354,0.129921260
72,69,256,0.200787402,0.129921260
73,69,256,0.224409449,0.129921260
74,69,256,0.248031496,0.129921260
75,69,256,0.271653543,0.129921260
76,69,256,0.295275591,0.129921260
77,69,256,0.318897638,0.129921260
78,69,256,0.342519685,0.129921260
79,69,135,0.366141732,0.129921260
80,69,34,0.389763780,0.129921260
81,69,10,0.413385827,0.129921260
82,69,7,0.437007874,0.129921260
83,69,6,0.460629921,0.129921260
84,69,5,0.484251969,0.129921260
85,69,5,0.507874016,0.129921260
86,69,5,0.531496063,0.129921260
87,69,5,0.555118110,0.129921260
88,69,5,0.578740157,0.129921260
89,69,4,0.602362205,0.129921260
90,69,4,0.625984252,0.129921260
91,69,4,0.649606299,0.129921260
92,69,4,0.673228346,0.129921260
93,69,4,0.696850394,0.129921260
94,69,3,0.720472441,0.129921260
95,69,3,0.744094488,0.129921260
96,69,3,0.767716535,0.129921260
97,69,3,0.791338583,0.129921260
98,69,3,0.814960630,0.129921260
99,69,3,0.838582677,0.129921260
100,69,3,0.862204724,0.129921260
101,69,3,0.885826772,0.129921260
102,69,3,0.909448819,0.129921260
103,69,3,0.933070866,0.129921260
104,69,3,0.956692913,0.129921260
105,69,3,0.980314961,0.129921260
106,69,3,1.003937008,0.129921260
107,69,2,1.027559055,0.129921260
108,69,2,1.051181102,0.129921260
109,69,2,1.074803150,0.129921260
110,69,2,1.098425197,0.129921260
111,69,2,1.122047244,0.129921260
112,69,2,1.145669291,0.129921260
113,69,2,1.169291339,0.129921260
114,69,2,1.192913386,0.129921260
115,69,2,1.216535433,0.129921260
116,69,2,1.240157480,0.129921260
117,69,2,1.263779528,0.129921260
118,69,2,1.287401575,0.129921260
119,69,2,1.311023622,0.129921260
120,69,2,1.334645669,0.129921260
121,69,2,1.358267717,0.129921260
122,69,2,1.381889764,0.129921260
123,69,2,1.405511811,0.129921260
124,69,2,1.429133858,0.129921260
125,69,2,1.452755906,0.129921260
126,69,2,1.476377953,0.129921260
127,69,2,1.500000000,0.129921260
0,70,6,-1.500000000,0.153543307
1,70,7,-1.476377953,0.153543307
2,70,7,-1.452755906,0.153543307
3,70,9,-1.429133858,0.153543307
4,70,10,-1.405511811,0.153543307
5,70,9,-1.381889764,0.153543307
6,70,9,-1.358267717,0.153543307
7,70,9,-1.334645669,0.153543307
8,70,10,-1.311023622,0.153543307
9,70,11,-1.287401575,0.153543307
10,70,13,-1.263779528,0.153543307
11,70,26,-1.240157480,0.153543307
12,70,256,-1.216535433,0.153543307
13,70,256,-1.192913386,0.153543307
14,70,256,-1.169291339,0.153543307
15,70,256,-1.145669291,0.153543307
16,70,256,-1.122047244,0.153543307
17,70,256,-1.098425197,0.153543307
18,70,256,-1.074803150,0.153543307
19,70,256,-1.051181102,0.153543307
20,70,256,-1.027559055,0.153543307
21,70,256,-1.003937008,0.153543307
22,70,256,-0.980314961,0.153543307
23,70,256,-0.956692913,0.153543307
24,70,256,-0.933070866,0.153543307
25,70,256,-0.909448819,0.153543307
26,70,256,-0.885826772,0.153543307
27,70,256,-0.862204724,0.153543307
28,70,256,-0.838582677,0.153543307
29,70,256,-0.814960630,0.153543307
30,70,79,-0.791338583,0.153543307
31,70,20,-0.767716535,0.153543307
32,70,36,-0.744094488,0.153543307
33,70,256,-0.720472441,0.153543307
34,70,256,-0.696850394,0.153543307
35,70,256,-0.673228346,0.153543307
36,70,256,-0.649606299,0.153543307
37,70,256,-0.625984252,0.153543307
38,70,256,-0.602362205,0.153543307
39,70,256,-0.578740157,0.153543307
40,70,256,-0.555118110,0.153543307
41,70,256,-0.531496063,0.153543307
42,70,256,-0.507874016,0.153543307
43,70,256,-0.484251969,0.153543307
44,70,256,-0.460629921,0.153543307
45,70,256,-0.437007874,0.153543307
46,70,256,-0.413385827,0.153543307
47,70,256,-0.389763780,0.153543307
48,70,256,-0.366141732,0.153543307
49,70,256,-0.342519685,0.153543307
50,70,256,-0.318897638,0.153543307
51,70,256,-0.295275591,0.153543307
52,70,256,-0.271653543,0.153543307
53,70,256,-0.248031496,0.153543307
54,70,256,-0.224409449,0.153543307
55,70,256,-0.200787402,0.153543307
56,70,256,-0.177165354,0.153543307
57,70,256,-0.153543307,0.153543307
58,70,256,-0.129921260,0.153543307
59,70,256,-0.106299213,0.153543307
60,70,256,-0.082677165,0.153543307
61,70,256,-0.059055118,0.153543307
62,70,256,-0.035433071,0.153543307
63,70,256,-0.011811024,0.153543307
64,70,256,0.011811024,0.153543307
65,70,256,0.035433071,0.153543307
66,70,256,0.059055118,0.153543307
67,70,256,0.082677165,0.153543307
68,70,256,0.106299213,0.153543307
69,70,256,0.129921260,0.153543307
70,70,256,0.153543307,0.153543307
71,70,256,0.177165354,0.153543307
72,70,256,0.200787402,0.153543307
73,70,256,0.224409449,0.153543307
74,70,256,0.248031496,0.153543307
75,70,256,0.271653543,0.153543307
76,70,256,0.295275591,0.153543307
77,70,256,0.318897638,0.153543307
78,70,256,0.342519685,0.153543307
79,70,256,0.366141732,0.153543307
80,70,58,0.389763780,0.153543307
81,70,26,0.413385827,0.153543307
82,70,7,0.437007874,0.153543307
83,70,6,0.460629921,0.153543307
84,70,5,0.484251969,0.153543307
85,70,5,0.507874016,0.153543307
86,70,5,0.531496063,0.153543307
87,70,5,0.555118110,0.153543307
88,70,4,0.578740157,0.153543307
89,70,4,0.602362205,0.153543307
90,70,4,0.625984252,0.153543307
91,70,4,0.649606299,0.153543307
92,70,4,0.673228346,0.153543307
93,70,4,0.696850394,0.153543307
94,70,3,0.720472441,0.153543307
95,70,3,0.744094488,0.153543307
96,70,3,0.767716535,0.153543307
97,70,3,0.791338583,0.153543307
98,70,3,0.814960630,0.153543307
99,70,3,0.838582677,0.153543307
100,70,3,0.862204724,0.153543307
101,70,3,0.885826772,0.153543307
102,70,3,0.909448819,0.153543307
103,70,3,0.933070866,0.153543307
104,70,3,0.956692913,0.153543307
105,70,3,0.980314961,0.153543307
106,70,3,1.003937008,0.153543307
107,70,2,1.027559055,0.153543307
108,70,2,1.051181102,0.153543307
109,70,2,1.074803150,0.153543307
110,70,2,1.098425197,0.153543307
111,70,2,1.122047244,0.153543307
112,70,2,1.145669291,0.153543307
113,70,2,1.169291339,0.153543307
114,70,2,1.192913386,0.153543307
115,70,2,1.216535433,0.153543307
116,70,2,1.240157480,0.153543307
117,70,2,1.263779528,0.153543307
118,70,2,1.287401575,0.153543307
119,70,2,1.311023622,0.153543307
120,70,2,1.334645669,0.153543307
121,70,2,1.358267717,0.153543307
122,70,2,1.381889764,0.153543307
123,70,2,1.405511811,0.153543307
124,70,2,1.429133858,0.153543307
125,70,2,1.452755906,0.153543307
126,70,2,1.476377953,0.153543307
127,70,2,1.500000000,0.153543307
0,71,5,-1.500000000,0.177165354
1,71,5,-1.476377953,0.177165354
2,71,5,-1.452755906,0.177165354
3,71,6,-1.429133858,0.177165354
4,71,8,-1.405511811,0.177165354
5,71,8,-1.381889764,0.177165354
6,71,8,-1.358267717,0.177165354
7,71,8,-1.334645669,0.177165354
8,71,9,-1.311023622,0.177165354
9,71,10,-1.287401575,0.177165354
10,71,24,-1.263779528,0.177165354
11,71,19,-1.240157480,0.177165354
12,71,23,-1.216535433,0.177165354
13,71,29,-1.192913386,0.177165354
14,71,256,-1.169291339,0.177165354
15,71,256,-1.145669291,0.177165354
16,71,256,-1.122047244,0.177165354
17,71,256,-1.098425197,0.177165354
18,71,256,-1.074803150,0.177165354
19,71,256,-1.051181102,0.177165354
20,71,256,-1.027559055,0.177165354
21,71,256,-1.003937008,0.177165354
22,71,256,-0.980314961,0.177165354
23,71,256,-0.956692913,0.177165354
24,71,256,-0.933070866,0.177165354
25,71,256,-0.909448819,0.177165354
26,71,256,-0.885826772,0.177165354
27,71,256,-0.862204724,0.177165354
28,71,256,-0.838582677,0.177165354
29,71,129,-0.814960630,0.177165354
30,71,18,-0.791338583,0.177165354
31,71,17,-0.767716535,0.177165354
32,71,22,-0.744094488,0.177165354
33,71,256,-0.720472441,0.177165354
34,71,256,-0.696850394,0.177165354
35,71,256,-0.673228346,0.177165354
36,71,256,-0.649606299,0.177165354
37,71,256,-0.625984252,0.177165354
38,71,256,-0.602362205,0.177165354
39,71,256,-0.578740157,0.177165354
40,71,256,-0.555118110,0.177165354
41,71,256,-0.531496063,0.177165354
42,71,256,-0.507874016,0.177165354
43,71,256,-0.484251969,0.177165354
44,71,256,-0.460629921,0.177165354
45,71,256,-0.437007874,0.177165354
46,71,256,-0.413385827,0.177165354
47,71,256,-0.389763780,0.177165354
48,71,256,-0.366141732,0.177165354
49,71,256,-0.342519685,0.177165354
50,71,256,-0.318897638,0.177165354
51,71,256,-0.295275591,0.177165354
52,71,256,-0.271653543,0.177165354
53,71,256,-0.248031496,0.177165354
54,71,256,-0.224409449,0.177165354
55,71,256,-0.200787402,0.177165354
56,71,256,-0.177165354,0.177165354
57,71,256,-0.153543307,0.177165354
58,71,256,-0.129921260,0.177165354
59,71,256,-0.106299213,0.177165354
60,71,256,-0.082677165,0.177165354
61,71,256,-0.059055118,0.177165354
62,71,256,-0.035433071,0.177165354
63,71,256,-0.011811024,0.177165354
64,71,256,0.011811024,0.177165354
65,71,256,0.035433071,0.177165354
66,71,256,0.059055118,0.177165354
67,71,256,0.082677165,0.177165354
68,71,256,0.106299213,0.177165354
69,71,256,0.129921260,0.177165354
70,71,256,0.153543307,0.177165354
71,71,256,0.177165354,0.177165354
72,71,256,0.200787402,0.177165354
73,71,256,0.224409449,0.177165354
74,71,256,0.248031496,0.177165354
75,71,256,0.271653543,0.177165354
76,71,256,0.295275591,0.177165354
77,71,256,0.318897638,0.177165354
78,71,256,0.342519685,0.177165354
79,71,256,0.366141732,0.177165354
80,71,21,0.389763780,0.177165354
81,71,10,0.413385827,0.177165354
82,71,8,0.437007874,0.177165354
83,71,6,0.460629921,0.177165354
84,71,5,0.484251969,0.177165354
85,71,5,0.507874016,0.177165354
86,71,5,0.531496063,0.177165354
87,71,5,0.555118110,0.177165354
88,71,4,0.578740157,0.177165354
89,71,4,0.602362205,0.177165354
90,71,4,0.625984252,0.177165354
91,71,4,0.649606299,0.177165354
92,71,4,0.673228346,0.177165354
93,71,4,0.696850394,0.177165354
94,71,4,0.720472441,0.177165354
95,71,3,0.744094488,0.177165354
96,71,3,0.767716535,0.177165354
97,71,3,0.791338583,0.177165354
98,71,3,0.814960630,0.177165354
99,71,3,0.838582677,0.177165354
100,71,3,0.862204724,0.177165354
101,71,3,0.885826772,0.177165354
102,71,3,0.909448819,0.177165354
103,71,3,0.933070866,0.177165354
104,71,3,0.956692913,0.177165354
105,71,3,0.980314961,0.177165354
106,71,3,1.003937008,0.177165354
107,71,2,1.027559055,0.177165354
108,71,2,1.051181102,0.177165354
109,71,2,1.074803150,0.177165354
110,71,2,1.098425197,0.177165354
111,71,2,1.122047244,0.177165354
112,71,2,1.145669291,0.177165354
113,71,2,1.169291339,0.177165354
114,71,2,1.192913386,0.177165354
115,71,2,1.216535433,0.177165354
116,71,2,1.240157480,0.177165354
117,71,2,1.263779528,0.177165354
118,71,2,1.287401575,0.177165354
119,71,2,1.311023622,0.177165354
120,71,2,1.334645669,0.177165354
121,71,2,1.358267717,0.177165354
122,71,2,1.381889764,0.177165354
123,71,2,1.405511811,0.177165354
124,71,2,1.429133858,0.177165354
125,71,2,1.452755906,0.177165354
126,71,2,1.476377953,0.177165354
127,71,2,1.500000000,0.177165354
0,72,5,-1.500000000,0.200787402
1,72,5,-1.476377953,0.200787402
2,72,5,-1.452755906,0.200787402
3,72,5,-1.429133858,0.200787402
4,72,7,-1.405511811,0.200787402
5,72,7,-1.381889764,0.200787402
6,72,7,-1.358267717,0.200787402
7,72,7,-1.334645669,0.200787402
8,72,8,-1.311023622,0.200787402
9,72,11,-1.287401575,0.200787402
10,72,11,-1.263779528,0.200787402
11,72,11,-1.240157480,0.200787402
12,72,14,-1.216535433,0.200787402
13,72,18,-1.192913386,0.200787402
14,72,32,-1.169291339,0.200787402
15,72,256,-1.145669291,0.200787402
16,72,256,-1.122047244,0.200787402
17,72,256,-1.098425197,0.200787402
18,72,256,-1.074803150,0.200787402
19,72,256,-1.051181102,0.200787402
20,72,256,-1.027559055,0.200787402
21,72,256,-1.003937008,0.200787402
22,72,256,-0.980314961,0.200787402
23,72,256,-0.956692913,0.200787402
24,72,256,-0.933070866,0.200787402
25,72,256,-0.909448819,0.200787402
26,72,256,-0.885826772,0.200787402
27,72,256,-0.862204724,0.200787402
28,72,256,-0.838582677,0.200787402
29,72,28,-0.814960630,0.200787402
30,72,15,-0.791338583,0.200787402
31,72,15,-0.767716535,0.200787402
32,72,19,-0.744094488,0.200787402
33,72,79,-0.720472441,0.200787402
34,72,256,-0.696850394,0.200787402
35,72,256,-0.673228346,0.200787402
36,72,256,-0.649606299,0.200787402
37,72,256,-0.625984252,0.200787402
38,72,256,-0.602362205,0.200787402
39,72,256,-0.578740157,0.200787402
40,72,256,-0.555118110,0.200787402
41,72,256,-0.531496063,0.200787402
42,72,256,-0.507874016,0.200787402
43,72,256,-0.484251969,0.200787402
44,72,256,-0.460629921,0.200787402
45,72,256,-0.437007874,0.200787402
46,72,256,-0.413385827,0.200787402
47,72,256,-0.389763780,0.200787402
48,72,256,-0.366141732,0.200787402
49,72,256,-0.342519685,0.200787402
50,72,256,-0.318897638,0.200787402
51,72,256,-0.295275591,0.200787402
52,72,256,-0.271653543,0.200787402
53,72,256,-0.248031496,0.200787402
54,72,256,-0.224409449,0.200787402
55,72,256,-0.200787402,0.200787402
56,72,256,-0.177165354,0.200787402
57,72,256,-0.153543307,0.200787402
58,72,256,-0.129921260,0.200787402
59,72,256,-0.106299213,0.200787402
60,72,256,-0.082677165,0.200787402
61,72,256,-0.059055118,0.200787402
62,72,256,-0.035433071,0.200787402
63,72,256,-0.011811024,0.200787402
64,72,256,0.011811024,0.200787402
65,72,256,0.035433071,0.200787402
66,72,256,0.059055118,0.200787402
67,72,256,0.082677165,0.200787402
68,72,256,0.106299213,0.200787402
69,72,256,0.129921260,0.200787402
70,72,256,0.153543307,0.200787402
71,72,256,0.177165354,0.200787402
72,72,256,0.200787402,0.200787402
73,72,256,0.224409449,0.200787402
74,72,256,0.248031496,0.200787402
75,72,256,0.271653543,0.200787402
76,72,256,0.295275591,0.200787402
77,72,256,0.318897638,0.200787402
78,72,256,0.342519685,0.200787402
79,72,256,0.366141732,0.200787402
80,72,142,0.389763780,0.200787402
81,72,19,0.413385827,0.200787402
82,72,17,0.437007874,0.200787402
83,72,7,0.460629921,0.200787402
84,72,6,0.484251969,0.200787402
85,72,5,0.507874016,0.200787402
86,72,5,0.531496063,0.200787402
87,72,4,0.555118110,0.200787402
88,72,4,0.578740157,0.200787402
89,72,4,0.602362205,0.200787402
90,72,4,0.625984252,0.200787402
91,72,4,0.649606299,0.200787402
92,72,4,0.673228346,0.200787402
93,72,4,0.696850394,0.200787402
94,72,4,0.720472441,0.200787402
95,72,3,0.744094488,0.200787402
96,72,3,0.767716535,0.200787402
97,72,3,0.791338583,0.200787402
98,72,3,0.814960630,0.200787402
99,72,3,0.838582677,0.200787402
100,72,3,0.862204724,0.200787402
101,72,3,0.885826772,0.200787402
102,72,3,0.909448819,0.200787402
103,72,3,0.933070866,0.200787402
104,72,3,0.956692913,0.200787402
105,72,3,0.980314961,0.200787402
106,72,3,1.003937008,0.200787402
107,72,2,1.027559055,0.200787402
108,72,2,1.051181102,0.200787402
109,72,2,1.074803150,0.200787402
110,72,2,1.098425197,0.200787402
111,72,2,1.122047244,0.200787402
112,72,2,1.145669291,0.200787402
113,72,2,1.169291339,0.200787402
114,72,2,1.192913386,0.200787402
115,72,2,1.216535433,0.200787402
116,72,2,1.240157480,0.200787402
117,72,2,1.263779528,0.200787402
118,72,2,1.287401575,0.200787402
119,72,2,1.311023622,0.200787402
120,72,2,1.334645669,0.200787402
121,72,2,1.358267717,0.200787402
122,72,2,1.381889764,0.200787402
123,72,2,1.405511811,0.200787402
124,72,2,1.429133858,0.200787402
125,72,2,1.452755906,0.200787402
126,72,2,1.476377953,0.200787402
127,72,2,1.500000000,0.200787402
0,73,5,-1.500000000,0.224409449
1,73,5,-1.476377953,0.224409449
2,73,5,-1.452755906,0.224409449
3,73,5,-1.429133858,0.224409449
4,73,6,-1.405511811,0.224409449
5,73,7,-1.381889764,0.224409449
6,73,7,-1.358267717,0.224409449
7,73,7,-1.334645669,0.224409449
8,73,7,-1.311023622,0.224409449
9,73,9,-1.287401575,0.224409449
10,73,10,-1.263779528,0.224409449
11,73,11,-1.240157480,0.224409449
12,73,13,-1.216535433,0.224409449
13,73,17,-1.192913386,0.224409449
14,73,112,-1.169291339,0.224409449
15,73,256,-1.145669291,0.224409449
16,73,256,-1.122047244,0.224409449
17,73,256,-1.098425197,0.224409449
18,73,256,-1.074803150,0.224409449
19,73,256,-1.051181102,0.224409449
20,73,256,-1.027559055,0.224409449
21,73,256,-1.003937008,0.224409449
22,73,256,-0.980314961,0.224409449
23,73,256,-0.956692913,0.224409449
24,73,256,-0.933070866,0.224409449
25,73,256,-0.909448819,0.224409449
26,73,256,-0.885826772,0.224409449
27,73,56,-0.862204724,0.224409449
28,73,37,-0.838582677,0.224409449
29,73,14,-0.814960630,0.224409449
30,73,13,-0.791338583,0.224409449
31,73,13,-0.767716535,0.224409449
32,73,16,-0.744094488,0.224409449
33,73,31,-0.720472441,0.224409449
34,73,256,-0.696850394,0.224409449
35,73,256,-0.673228346,0.224409449
36,73,256,-0.649606299,0.224409449
37,73,256,-0.625984252,0.224409449
38,73,256,-0.602362205,0.224409449
39,73,256,-0.578740157,0.224409449
40,73,256,-0.555118110,0.224409449
41,73,256,-0.531496063,0.224409449
42,73,256,-0.507874016,0.224409449
43,73,256,-0.484251969,0.224409449
44,73,256,-0.460629921,0.224409449
45,73,256,-0.437007874,0.224409449
46,73,256,-0.413385827,0.224409449
47,73,256,-0.389763780,0.224409449
48,73,256,-0.366141732,0.224409449
49,73,256,-0.342519685,0.224409449
50,73,256,-0.318897638,0.224409449
51,73,256,-0.295275591,0.224409449
52,73,256,-0.271653543,0.224409449
53,73,256,-0.248031496,0.224409449
54,73,256,-0.224409449,0.224409449
55,73,256,-0.200787402,0.224409449
56,73,256,-0.177165354,0.224409449
57,73,256,-0.153543307,0.224409449
58,73,256,-0.129921260,0.224409449
59,73,256,-0.106299213,0.224409449
60,73,256,-0.082677165,0.224409449
61,73,256,-0.059055118,0.224409449
62,73,256,-0.035433071,0.224409449
63,73,256,-0.011811024,0.224409449
64,73,256,0.011811024,0.224409449
65,73,256,0.035433071,0.224409449
66,73,256,0.059055118,0.224409449
67,73,256,0.082677165,0.224409449
68,73,256,0.106299213,0.224409449
69,73,256,0.129921260,0.224409449
70,73,256,0.153543307,0.224409449
71,73,256,0.177165354,0.224409449
72,73,256,0.200787402,0.224409449
73,73,256,0.224409449,0.224409449
74,73,256,0.248031496,0.224409449
75,73,256,0.271653543,0.224409449
76,73,256,0.295275591,0.224409449
77,73,256,0.318897638,0.224409449
78,73,256,0.342519685,0.224409449
79,73,256,0.366141732,0.224409449
80,73,256,0.389763780,0.224409449
81,73,20,0.413385827,0.224409449
82,73,15,0.437007874,0.224409449
83,73,7,0.460629921,0.224409449
84,73,6,0.484251969,0.224409449
85,73,5,0.507874016,0.224409449
86,73,5,0.531496063,0.224409449
87,73,4,0.555118110,0.224409449
88,73,4,0.578740157,0.224409449
89,73,4,0.602362205,0.224409449
90,73,4,0.625984252,0.224409449
91,73,4,0.649606299,0.224409449
92,73,4,0.673228346,0.224409449
93,73,4,0.696850394,0.224409449
94,73,4,0.720472441,0.224409449
95,73,4,0.744094488,0.224409449
96,73,3,0.767716535,0.224409449
97,73,3,0.791338583,0.224409449
98,73,3,0.814960630,0.224409449
99,73,3,0.838582677,0.224409449
100,73,3,0.862204724,0.224409449
101,73,3,0.885826772,0.224409449
102,73,3,0.909448819,0.224409449
103,73,3,0.933070866,0.224409449
104,73,3,0.956692913,0.224409449
105,73,3,0.980314961,0.224409449
106,73,3,1.003937008,0.224409449
107,73,2,1.027559055,0.224409449
108,73,2,1.051181102,0.224409449
109,73,2,1.074803150,0.224409449
110,73,2,1.098425197,0.224409449
111,73,2,1.122047244,0.224409449
112,73,2,1.145669291,0.224409449
113,73,2,1.169291339,0.224409449
114,73,2,1.192913386,0.224409449
115,73,2,1.216535433,0.224409449
116,73,2,1.240157480,0.224409449
117,73,2,1.263779528,0.224409449
118,73,2,1.287401575,0.224409449
119,73,2,1.311023622,0.224409449
120,73,2,1.334645669,0.224409449
121,73,2,1.358267717,0.224409449
122,73,2,1.381889764,0.224409449
123,73,2,1.405511811,0.224409449
124,73,2,1.429133858,0.224409449
125,73,2,1.452755906,0.224409449
126,73,2,1.476377953,0.224409449
127,73,2,1.500000000,0.224409449
0,74,5,-1.500000000,0.248031496
1,74,5,-1.476377953,0.248031496
2,74,5,-1.452755906,0.248031496
3,74,5,-1.429133858,0.248031496
4,74,6,-1.405511811,0.248031496
5,74,6,-1.381889764,0.248031496
6,74,7,-1.358267717,0.248031496
7,74,7,-1.334645669,0.248031496
8,74,7,-1.311023622,0.248031496
9,74,8,-1.287401575,0.248031496
10,74,9,-1.263779528,0.248031496
11,74,9,-1.240157480,0.248031496
12,74,22,-1.216535433,0.248031496
13,74,19,-1.192913386,0.248031496
14,74,88,-1.169291339,0.248031496
15,74,256,-1.145669291,0.248031496
16,74,256,-1.122047244,0.248031496
17,74,25,-1.098425197,0.248031496
18,74,112,-1.074803150,0.248031496
19,74,256,-1.051181102,0.248031496
20,74,256,-1.027559055,0.248031496
21,74,256,-1.003937008,0.248031496
22,74,256,-0.980314961,0.248031496
23,74,256,-0.956692913,0.248031496
24,74,112,-0.933070866,0.248031496
25,74,256,-0.909448819,0.248031496
26,74,20,-0.885826772,0.248031496
27,74,33,-0.862204724,0.248031496
28,74,13,-0.838582677,0.248031496
29,74,11,-0.814960630,0.248031496
30,74,12,-0.791338583,0.248031496
31,74,12,-0.767716535,0.248031496
32,74,15,-0.744094488,0.248031496
33,74,37,-0.720472441,0.248031496
34,74,256,-0.696850394,0.248031496
35,74,256,-0.673228346,0.248031496
36,74,256,-0.649606299,0.248031496
37,74,256,-0.625984252,0.248031496
38,74,256,-0.602362205,0.248031496
39,74,256,-0.578740157,0.248031496
40,74,256,-0.555118110,0.248031496
41,74,256,-0.531496063,0.248031496
42,74,256,-0.507874016,0.248031496
43,74,256,-0.484251969,0.248031496
44,74,256,-0.460629921,0.248031496
45,74,256,-0.437007874,0.248031496
46,74,256,-0.413385827,0.248031496
47,74,256,-0.389763780,0.248031496
48,74,256,-0.366141732,0.248031496
49,74,256,-0.342519685,0.248031496
50,74,256,-0.318897638,0.248031496
51,74,256,-0.295275591,0.248031496
52,74,256,-0.271653543,0.248031496
53,74,256,-0.248031496,0.248031496
54,74,256,-0.224409449,0.248031496
55,74,256,-0.200787402,0.248031496
56,74,256,-0.177165354,0.248031496
57,74,256,-0.153543307,0.248031496
58,74,256,-0.129921260,0.248031496
59,74,256,-0.106299213,0.248031496
60,74,256,-0.082677165,0.248031496
61,74,256,-0.059055118,0.248031496
62,74,256,-0.035433071,0.248031496
63,74,256,-0.011811024,0.248031496
64,74,256,0.011811024,0.248031496
65,74,256,0.035433071,0.248031496
66,74,256,0.059055118,0.248031496
67,74,256,0.082677165,0.248031496
68,74,256,0.106299213,0.248031496
69,74,256,0.129921260,0.248031496
70,74,256,0.153543307,0.248031496
71,74,256,0.177165354,0.248031496
72,74,256,0.200787402,0.248031496
73,74,256,0.224409449,0.248031496
74,74,256,0.248031496,0.248031496
75,74,256,0.271653543,0.248031496
76,74,256,0.295275591,0.248031496
77,74,256,0.318897638,0.248031496
78,74,256,0.342519685,0.248031496
79,74,256,0.366141732,0.248031496
80,74,17,0.389763780,0.248031496
81,74,12,0.413385827,0.248031496
82,74,13,0.437007874,0.248031496
83,74,7,0.460629921,0.248031496
84,74,6,0.484251969,0.248031496
85,74,5,0.507874016,0.248031496
86,74,5,0.531496063,0.248031496
87,74,4,0.555118110,0.248031496
88,74,4,0.578740157,0.248031496
89,74,4,0.602362205,0.248031496
90,74,4,0.625984252,0.248031496
91,74,4,0.649606299,0.248031496
92,74,4,0.673228346,0.248031496
93,74,4,0.696850394,0.248031496
94,74,4,0.720472441,0.248031496
95,74,4,0.744094488,0.248031496
96,74,3,0.767716535,0.248031496
97,74,3,0.791338583,0.248031496
98,74,3,0.814960630,0.248031496
99,74,3,0.838582677,0.248031496
100,74,3,0.862204724,0.248031496
101,74,3,0.885826772,0.248031496
102,74,3,0.909448819,0.248031496
103,74,3,0.933070866,0.248031496
104,74,3,0.956692913,0.248031496
105,74,3,0.980314961,0.248031496
106,74,3,1.003937008,0.248031496
107,74,2,1.027559055,0.248031496
108,74,2,1.051181102,0.248031496
109,74,2,1.074803150,0.248031496
110,74,2,1.098425197,0.248031496
111,74,2,1.122047244,0.248031496
112,74,2,1.145669291,0.248031496
113,74,2,1.169291339,0.248031496
114,74,2,1.192913386,0.248031496
115,74,2,1.216535433,0.248031496
116,74,2,1.240157480,0.248031496
117,74,2,1.263779528,0.248031496
118,74,2,1.287401575,0.248031496
119,74,2,1.311023622,0.248031496
120,74,2,1.334645669,0.248031496
121,74,2,1.358267717,0.248031496
122,74,2,1.381889764,0.248031496
123,74,2,1.405511811,0.248031496
124,74,2,1.429133858,0.248031496
125,74,2,1.452755906,0.248031496
126,74,2,1.476377953,0.248031496
127,74,2,1.500000000,0.248031496
0,75,5,-1.500000000,0.271653543
1,75,5,-1.476377953,0.271653543
2,75,5,-1.452755906,0.271653543
3,75,5,-1.429133858,0.271653543
4,75,6,-1.405511811,0.271653543
5,75,6,-1.381889764,0.271653543
6,75,6,-1.358267717,0.271653543
7,75,7,-1.334645669,0.271653543
8,75,7,-1.311023622,0.271653543
9,75,8,-1.287401575,0.271653543
10,75,9,-1.263779528,0.271653543
11,75,10,-1.240157480,0.271653543
12,75,11,-1.216535433,0.271653543
13,75,15,-1.192913386,0.271653543
14,75,47,-1.169291339,0.271653543
15,75,256,-1.145669291,0.271653543
16,75,74,-1.122047244,0.271653543
17,75,18,-1.098425197,0.271653543
18,75,28,-1.074803150,0.271653543
19,75,19,-1.051181102,0.271653543
20,75,25,-1.027559055,0.271653543
21,75,256,-1.003937008,0.271653543
22,75,47,-0.980314961,0.271653543
23,75,34,-0.956692913,0.271653543
24,75,20,-0.933070866,0.271653543
25,75,94,-0.909448819,0.271653543
26,75,14,-0.885826772,0.271653543
27,75,46,-0.862204724,0.271653543
28,75,11,-0.838582677,0.271653543
29,75,11,-0.814960630,0.271653543
30,75,11,-0.791338583,0.271653543
31,75,11,-0.767716535,0.271653543
32,75,13,-0.744094488,0.271653543
33,75,23,-0.720472441,0.271653543
34,75,256,-0.696850394,0.271653543
35,75,256,-0.673228346,0.271653543
36,75,256,-0.649606299,0.271653543
37,75,256,-0.625984252,0.271653543
38,75,256,-0.602362205,0.271653543
39,75,256,-0.578740157,0.271653543
40,75,256,-0.555118110,0.271653543
41,75,256,-0.531496063,0.271653543
42,75,256,-0.507874016,0.271653543
43,75,256,-0.484251969,0.271653543
44,75,256,-0.460629921,0.271653543
45,75,256,-0.437007874,0.271653543
46,75,256,-0.413385827,0.271653543
47,75,256,-0.389763780,0.271653543
48,75,256,-0.366141732,0.271653543
49,75,256,-0.342519685,0.271653543
50,75,256,-0.318897638,0.271653543
51,75,256,-0.295275591,0.271653543
52,75,256,-0.271653543,0.271653543
53,75,256,-0.248031496,0.271653543
54,75,256,-0.224409449,0.271653543
55,75,256,-0.200787402,0.271653543
56,75,256,-0.177165354,0.271653543
57,75,256,-0.153543307,0.271653543
58,75,256,-0.129921260,0.271653543
59,75,256,-0.106299213,0.271653543
60,75,256,-0.082677165,0.271653543
61,75,256,-0.059055118,0.271653543
62,75,256,-0.035433071,0.271653543
63,75,256,-0.011811024,0.271653543
64,75,256,0.011811024,0.271653543
65,75,256,0.035433071,0.271653543
66,75,256,0.059055118,0.271653543
67,75,256,0.082677165,0.271653543
68,75,256,0.106299213,0.271653543
69,75,256,0.129921260,0.271653543
70,75,256,0.153543307,0.271653543
71,75,256,0.177165354,0.271653543
72,75,256,0.200787402,0.271653543
73,75,256,0.224409449,0.271653543
74,75,256,0.248031496,0.271653543
75,75,256,0.271653543,0.271653543
76,75,256,0.295275591,0.271653543
77,75,256,0.318897638,0.271653543
78,75,256,0.342519685,0.271653543
79,75,256,0.366141732,0.271653543
80,75,44,0.389763780,0.271653543
81,75,10,0.413385827,0.271653543
82,75,8,0.437007874,0.271653543
83,75,7,0.460629921,0.271653543
84,75,6,0.484251969,0.271653543
85,75,5,0.507874016,0.271653543
86,75,5,0.531496063,0.271653543
87,75,4,0.555118110,0.271653543
88,75,4,0.578740157,0.271653543
89,75,4,0.602362205,0.271653543
90,75,4,0.625984252,0.271653543
91,75,4,0.649606299,0.271653543
92,75,4,0.673228346,0.271653543
93,75,4,0.696850394,0.271653543
94,75,4,0.720472441,0.271653543
95,75,4,0.744094488,0.271653543
96,75,3,0.767716535,0.271653543
97,75,3,0.791338583,0.271653543
98,75,3,0.814960630,0.271653543
99,75,3,0.838582677,0.271653543
100,75,3,0.862204724,0.271653543
101,75,3,0.885826772,0.271653543
102,75,3,0.909448819,0.271653543
103,75,3,0.933070866,0.271653543
104,75,3,0.956692913,0.271653543
105,75,3,0.980314961,0.271653543
106,75,3,1.003937008,0.271653543
107,75,2,1.027559055,0.271653543
108,75,2,1.051181102,0.271653543
109,75,2,1.074803150,0.271653543
110,75,2,1.098425197,0.271653543
111,75,2,1.122047244,0.271653543
112,75,2,1.145669291,0.271653543
113,75,2,1.169291339,0.271653543
114,75,2,1.192913386,0.271653543
115,75,2,1.216535433,0.271653543
116,75,2,1.240157480,0.271653543
117,75,2,1.263779528,0.271653543
118,75,2,1.287401575,0.271653543
119,75,2,1.311023622,0.271653543
120,75,2,1.334645669,0.271653543
121,75,2,1.358267717,0.271653543
122,75,2,1.381889764,0.271653543
123,75,2,1.405511811,0.271653543
124,75,2,1.429133858,0.271653543
125,75,2,1.452755906,0.271653543
126,75,2,1.476377953,0.271653543
127,75,2,1.500000000,0.271653543
0,76,5,-1.500000000,0.295275591
1,76,5,-1.476377953,0.295275591
2,76,5,-1.452755906,0.295275591
3,76,5,-1.429133858,0.295275591
4,76,6,-1.405511811,0.295275591
5,76,6,-1.381889764,0.295275591
6,76,6,-1.358267717,0.295275591
7,76,7,-1.334645669,0.295275591
8,76,7,-1.311023622,0.295275591
9,76,8,-1.287401575,0.295275591
10,76,9,-1.263779528,0.295275591
11,76,10,-1.240157480,0.295275591
12,76,12,-1.216535433,0.295275591
13,76,23,-1.192913386,0.295275591
14,76,37,-1.169291339,0.295275591
15,76,20,-1.145669291,0.295275591
16,76,37,-1.122047244,0.295275591
17,76,13,-1.098425197,0.295275591
18,76,12,-1.074803150,0.295275591
19,76,13,-1.051181102,0.295275591
20,76,17,-1.027559055,0.295275591
21,76,28,-1.003937008,0.295275591
22,76,21,-0.980314961,0.295275591
23,76,14,-0.956692913,0.295275591
24,76,23,-0.933070866,0.295275591
25,76,13,-0.909448819,0.295275591
26,76,11,-0.885826772,0.295275591
27,76,10,-0.862204724,0.295275591
28,76,9,-0.838582677,0.295275591
29,76,10,-0.814960630,0.295275591
30,76,10,-0.791338583,0.295275591
31,76,10,-0.767716535,0.295275591
32,76,13,-0.744094488,0.295275591
33,76,31,-0.720472441,0.295275591
34,76,118,-0.696850394,0.295275591
35,76,256,-0.673228346,0.295275591
36,76,256,-0.649606299,0.295275591
37,76,256,-0.625984252,0.295275591
38,76,256,-0.602362205,0.295275591
39,76,256,-0.578740157,0.295275591
40,76,256,-0.555118110,0.295275591
41,76,256,-0.531496063,0.295275591
42,76,256,-0.507874016,0.295275591
43,76,256,-0.484251969,0.295275591
44,76,256,-0.460629921,0.295275591
45,76,256,-0.437007874,0.295275591
46,76,256,-0.413385827,0.295275591
47,76,256,-0.389763780,0.295275591
48,76,256,-0.366141732,0.295275591
49,76,256,-0.342519685,0.295275591
50,76,256,-0.318897638,0.295275591
51,76,256,-0.295275591,0.295275591
52,76,256,-0.271653543,0.295275591
53,76,256,-0.248031496,0.295275591
54,76,256,-0.224409449,0.295275591
55,76,256,-0.200787402,0.295275591
56,76,256,-0.177165354,0.295275591
57,76,256,-0.153543307,0.295275591
58,76,256,-0.129921260,0.295275591
59,76,256,-0.106299213,0.295275591
60,76,256,-0.082677165,0.295275591
61,76,256,-0.059055118,0.295275591
62,76,256,-0.035433071,0.295275591
63,76,256,-0.011811024,0.295275591
64,76,256,0.011811024,0.295275591
65,76,256,0.035433071,0.295275591
66,76,256,0.059055118,0.295275591
67,76,256,0.082677165,0.295275591
68,76,256,0.106299213,0.295275591
69,76,256,0.129921260,0.295275591
70,76,256,0.153543307,0.295275591
71,76,256,0.177165354,0.295275591
72,76,256,0.200787402,0.295275591
73,76,256,0.224409449,0.295275591
74,76,256,0.248031496,0.295275591
75,76,256,0.271653543,0.295275591
76,76,256,0.295275591,0.295275591
77,76,256,0.318897638,0.295275591
78,76,256,0.342519685,0.295275591
79,76,256,0.366141732,0.295275591
80,76,15,0.389763780,0.295275591
81,76,11,0.413385827,0.295275591
82,76,8,0.437007874,0.295275591
83,76,7,0.460629921,0.295275591
84,76,6,0.484251969,0.295275591
85,76,5,0.507874016,0.295275591
86,76,5,0.531496063,0.295275591
87,76,4,0.555118110,0.295275591
88,76,4,0.578740157,0.295275591
89,76,4,0.602362205,0.295275591
90,76,4,0.625984252,0.295275591
91,76,4,0.649606299,0.295275591
92,76,4,0.673228346,0.295275591
93,76,4,0.696850394,0.295275591
94,76,4,0.720472441,0.295275591
95,76,3,0.744094488,0.295275591
96,76,3,0.767716535,0.295275591
97,76,3,0.791338583,0.295275591
98,76,3,0.814960630,0.295275591
99,76,3,0.838582677,0.295275591
100,76,3,0.862204724,0.295275591
101,76,3,0.885826772,0.295275591
102,76,3,0.909448819,0.295275591
103,76,3,0.933070866,0.295275591
104,76,3,0.956692913,0.295275591
105,76,3,0.980314961,0.295275591
106,76,3,1.003937008,0.295275591
107,76,3,1.027559055,0.295275591
108,76,2,1.051181102,0.295275591
109,76,2,1.074803150,0.295275591
110,76,2,1.098425197,0.295275591
111,76,2,1.122047244,0.295275591
112,76,2,1.145669291,0.295275591
113,76,2,1.169291339,0.295275591
114,76,2,1.192913386,0.295275591
115,76,2,1.216535433,0.295275591
116,76,2,1.240157480,0.295275591
117,76,2,1.263779528,0.295275591
118,76,2,1.287401575,0.295275591
119,76,2,1.311023622,0.295275591
120,76,2,1.334645669,0.295275591
121,76,2,1.358267717,0.295275591
122,76,2,1.381889764,0.295275591
123,76,2,1.405511811,0.295275591
124,76,2,1.429133858,0.295275591
125,76,2,1.452755906,0.295275591
126,76,2,1.476377953,0.295275591
127,76,2,1.500000000,0.295275591
0,77,5,-1.500000000,0.318897638
1,77,5,-1.476377953,0.318897638
2,77,5,-1.452755906,0.318897638
3,77,5,-1.429133858,0.318897638
4,77,5,-1.405511811,0.318897638
5,77,6,-1.381889764,0.318897638
6,77,6,-1.358267717,0.318897638
7,77,6,-1.334645669,0.318897638
8,77,7,-1.311023622,0.318897638
9,77,8,-1.287401575,0.318897638
10,77,16,-1.263779528,0.318897638
11,77,18,-1.240157480,0.318897638
12,77,34,-1.216535433,0.318897638
13,77,20,-1.192913386,0.318897638
14,77,13,-1.169291339,0.318897638
15,77,17,-1.145669291,0.318897638
16,77,11,-1.122047244,0.318897638
17,77,11,-1.098425197,0.318897638
18,77,11,-1.074803150,0.318897638
19,77,13,-1.051181102,0.318897638
20,77,17,-1.027559055,0.318897638
21,77,20,-1.003937008,0.318897638
22,77,13,-0.980314961,0.318897638
23,77,11,-0.956692913,0.318897638
24,77,13,-0.933070866,0.318897638
25,77,12,-0.909448819,0.318897638
26,77,10,-0.885826772,0.318897638
27,77,9,-0.862204724,0.318897638
28,77,9,-0.838582677,0.318897638
29,77,9,-0.814960630,0.318897638
30,77,9,-0.791338583,0.318897638
31,77,10,-0.767716535,0.318897638
32,77,11,-0.744094488,0.318897638
33,77,13,-0.720472441,0.318897638
34,77,19,-0.696850394,0.318897638
35,77,72,-0.673228346,0.318897638
36,77,256,-0.649606299,0.318897638
37,77,256,-0.625984252,0.318897638
38,77,256,-0.602362205,0.318897638
39,77,256,-0.578740157,0.318897638
40,77,256,-0.555118110,0.318897638
41,77,256,-0.531496063,0.318897638
42,77,256,-0.507874016,0.318897638
43,77,256,-0.484251969,0.318897638
44,77,256,-0.460629921,0.318897638
45,77,256,-0.437007874,0.318897638
46,77,256,-0.413385827,0.318897638
47,77,256,-0.389763780,0.318897638
48,77,256,-0.366141732,0.318897638
49,77,256,-0.342519685,0.318897638
50,77,256,-0.318897638,0.318897638
51,77,256,-0.295275591,0.318897638
52,77,256,-0.271653543,0.318897638
53,77,256,-0.248031496,0.318897638
54,77,256,-0.224409449,0.318897638
55,77,256,-0.200787402,0.318897638
56,77,256,-0.177165354,0.318897638
57,77,256,-0.153543307,0.318897638
58,77,256,-0.129921260,0.318897638
59,77,256,-0.106299213,0.318897638
60,77,256,-0.082677165,0.318897638
61,77,256,-0.059055118,0.318897638
62,77,256,-0.035433071,0.318897638
63,77,256,-0.011811024,0.318897638
64,77,256,0.011811024,0.318897638
65,77,256,0.035433071,0.318897638
66,77,256,0.059055118,0.318897638
67,77,256,0.082677165,0.318897638
68,77,256,0.106299213,0.318897638
69,77,256,0.129921260,0.318897638
70,77,256,0.153543307,0.318897638
71,77,256,0.177165354,0.318897638
72,77,256,0.200787402,0.318897638
73,77,256,0.224409449,0.318897638
74,77,256,0.248031496,0.318897638
75,77,256,0.271653543,0.318897638
76,77,256,0.295275591,0.318897638
77,77,256,0.318897638,0.318897638
78,77,256,0.342519685,0.318897638
79,77,256,0.366141732,0.318897638
80,77,256,0.389763780,0.318897638
81,77,19,0.413385827,0.318897638
82,77,25,0.437007874,0.318897638
83,77,8,0.460629921,0.318897638
84,77,6,0.484251969,0.318897638
85,77,6,0.507874016,0.318897638
86,77,5,0.531496063,0.318897638
87,77,4,0.555118110,0.318897638
88,77,4,0.578740157,0.318897638
89,77,4,0.602362205,0.318897638
90,77,4,0.625984252,0.318897638
91,77,4,0.649606299,0.318897638
92,77,4,0.673228346,0.318897638
93,77,4,0.696850394,0.318897638
94,77,3,0.720472441,0.318897638
95,77,3,0.744094488,0.318897638
96,77,3,0.767716535,0.318897638
97,77,3,0.791338583,0.318897638
98,77,3,0.814960630,0.318897638
99,77,3,0.838582677,0.318897638
100,77,3,0.862204724,0.318897638
101,77,3,0.885826772,0.318897638
102,77,3,0.909448819,0.318897638
103,77,3,0.933070866,0.318897638
104,77,3,0.956692913,0.318897638
105,77,3,0.980314961,0.318897638
106,77,3,1.003937008,0.318897638
107,77,3,1.027559055,0.318897638
108,77,2,1.051181102,0.318897638
109,77,2,1.074803150,0.318897638
110,77,2,1.098425197,0.318897638
111,77,2,1.122047244,0.318897638
112,77,2,1.145669291,0.318897638
113,77,2,1.169291339,0.318897638
114,77,2,1.192913386,0.318897638
115,77,2,1.216535433,0.318897638
116,77,2,1.240157480,0.318897638
117,77,2,1.263779528,0.318897638
118,77,2,1.287401575,0.318897638
119,77,2,1.311023622,0.318897638
120,77,2,1.334645669,0.318897638
121,77,2,1.358267717,0.318897638
122,77,2,1.381889764,0.318897638
123,77,2,1.405511811,0.318897638
124,77,2,1.429133858,0.318897638
125,77,2,1.452755906,0.318897638
126,77,2,1.476377953,0.318897638
127,77,2,1.500000000,0.318897638
0,78,5,-1.500000000,0.342519685
1,78,5,-1.476377953,0.342519685
2,78,5,-1.452755906,0.342519685
3,78,5,-1.429133858,0.342519685
4,78,5,-1.405511811,0.342519685
5,78,5,-1.381889764,0.342519685
6,78,6,-1.358267717,0.342519685
7,78,6,-1.334645669,0.342519685
8,78,6,-1.311023622,0.342519685
9,78,9,-1.287401575,0.342519685
10,78,13,-1.263779528,0.342519685
11,78,13,-1.240157480,0.342519685
12,78,10,-1.216535433,0.342519685
13,78,9,-1.192913386,0.342519685
14,78,10,-1.169291339,0.342519685
15,78,11,-1.145669291,0.342519685
16,78,9,-1.122047244,0.342519685
17,78,9,-1.098425197,0.342519685
18,78,9,-1.074803150,0.342519685
19,78,14,-1.051181102,0.342519685
20,78,14,-1.027559055,0.342519685
21,78,11,-1.003937008,0.342519685
22,78,9,-0.980314961,0.342519685
23,78,9,-0.956692913,0.342519685
24,78,9,-0.933070866,0.342519685
25,78,8,-0.909448819,0.342519685
26,78,9,-0.885826772,0.342519685
27,78,8,-0.862204724,0.342519685
28,78,8,-0.838582677,0.342519685
29,78,9,-0.814960630,0.342519685
30,78,9,-0.791338583,0.342519685
31,78,9,-0.767716535,0.342519685
32,78,10,-0.744094488,0.342519685
33,78,20,-0.720472441,0.342519685
34,78,98,-0.696850394,0.342519685
35,78,256,-0.673228346,0.342519685
36,78,256,-0.649606299,0.342519685
37,78,256,-0.625984252,0.342519685
38,78,256,-0.602362205,0.342519685
39,78,256,-0.578740157,0.342519685
40,78,256,-0.555118110,0.342519685
41,78,256,-0.531496063,0.342519685
42,78,256,-0.507874016,0.342519685
43,78,256,-0.484251969,0.342519685
44,78,256,-0.460629921,0.342519685
45,78,256,-0.437007874,0.342519685
46,78,256,-0.413385827,0.342519685
47,78,256,-0.389763780,0.342519685
48,78,256,-0.366141732,0.342519685
49,78,256,-0.342519685,0.342519685
50,78,256,-0.318897638,0.342519685
51,78,256,-0.295275591,0.342519685
52,78,256,-0.271653543,0.342519685
53,78,256,-0.248031496,0.342519685
54,78,256,-0.224409449,0.342519685
55,78,256,-0.200787402,0.342519685
56,78,256,-0.177165354,0.342519685
57,78,256,-0.153543307,0.342519685
58,78,256,-0.129921260,0.342519685
59,78,256,-0.106299213,0.342519685
60,78,256,-0.082677165,0.342519685
61,78,256,-0.059055118,0.342519685
62,78,256,-0.035433071,0.342519685
63,78,256,-0.011811024,0.342519685
64,78,256,0.011811024,0.342519685
65,78,256,0.035433071,0.342519685
66,78,256,0.059055118,0.342519685
67,78,256,0.082677165,0.342519685
68,78,256,0.106299213,0.342519685
69,78,256,0.129921260,0.342519685
70,78,256,0.153543307,0.342519685
71,78,256,0.177165354,0.342519685
72,78,256,0.200787402,0.342519685
73,78,256,0.224409449,0.342519685
74,78,256,0.248031496,0.342519685
75,78,256,0.271653543,0.342519685
76,78,256,0.295275591,0.342519685
77,78,256,0.318897638,0.342519685
78,78,256,0.342519685,0.342519685
79,78,256,0.366141732,0.342519685
80,78,256,0.389763780,0.342519685
81,78,256,0.413385827,0.342519685
82,78,39,0.437007874,0.342519685
83,78,12,0.460629921,0.342519685
84,78,7,0.484251969,0.342519685
85,78,5,0.507874016,0.342519685
86,78,5,0.531496063,0.342519685
87,78,4,0.555118110,0.342519685
88,78,4,0.578740157,0.342519685
89,78,4,0.602362205,0.342519685
90,78,4,0.625984252,0.342519685
91,78,4,0.649606299,0.342519685
92,78,4,0.673228346,0.342519685
93,78,3,0.696850394,0.342519685
94,78,3,0.720472441,0.342519685
95,78,3,0.744094488,0.342519685
96,78,3,0.767716535,0.342519685
97,78,3,0.791338583,0.342519685
98,78,3,0.814960630,0.342519685
99,78,3,0.838582677,0.342519685
100,78,3,0.862204724,0.342519685
101,78,3,0.885826772,0.342519685
102,78,3,0.909448819,0.342519685
103,78,3,0.933070866,0.342519685
104,78,3,0.956692913,0.342519685
105,78,3,0.980314961,0.342519685
106,78,3,1.003937008,0.342519685
107,78,3,1.027559055,0.342519685
108,78,2,1.051181102,0.342519685
109,78,2,1.074803150,0.342519685
110,78,2,1.098425197,0.342519685
111,78,2,1.122047244,0.342519685
112,78,2,1.145669291,0.342519685
113,78,2,1.169291339,0.342519685
114,78,2,1.192913386,0.342519685
115,78,2,1.216535433,0.342519685
116,78,2,1.240157480,0.342519685
117,78,2,1.263779528,0.342519685
118,78,2,1.287401575,0.342519685
119,78,2,1.311023622,0.342519685
120,78,2,1.334645669,0.342519685
121,78,2,1.358267717,0.342519685
122,78,2,1.381889764,0.342519685
123,78,2,1.405511811,0.342519685
124,78,2,1.429133858,0.342519685
125,78,2,1.452755906,0.342519685
126,78,2,1.476377953,0.342519685
127,78,2,1.500000000,0.342519685
0,79,4,-1.500000000,0.366141732
1,79,5,-1.476377953,0.366141732
2,79,5,-1.452755906,0.366141732
3,79,5,-1.429133858,0.366141732
4,79,5,-1.405511811,0.366141732
5,79,5,-1.381889764,0.366141732
6,79,6,-1.358267717,0.366141732
7,79,6,-1.334645669,0.366141732
8,79,6,-1.311023622,0.366141732
9,79,9,-1.287401575,0.366141732
10,79,13,-1.263779528,0.366141732
11,79,11,-1.240157480,0.366141732
12,79,9,-1.216535433,0.366141732
13,79,8,-1.192913386,0.366141732
14,79,8,-1.169291339,0.366141732
15,79,7,-1.145669291,0.366141732
16,79,8,-1.122047244,0.366141732
17,79,8,-1.098425197,0.366141732
18,79,8,-1.074803150,0.366141732
19,79,10,-1.051181102,0.366141732
20,79,16,-1.027559055,0.366141732
21,79,10,-1.003937008,0.366141732
22,79,8,-0.980314961,0.366141732
23,79,8,-0.956692913,0.366141732
24,79,7,-0.933070866,0.366141732
25,79,7,-0.909448819,0.366141732
26,79,7,-0.885826772,0.366141732
27,79,8,-0.862204724,0.366141732
28,79,8,-0.838582677,0.366141732
29,79,8,-0.814960630,0.366141732
30,79,8,-0.791338583,0.366141732
31,79,8,-0.767716535,0.366141732
32,79,9,-0.744094488,0.366141732
33,79,13,-0.720472441,0.366141732
34,79,44,-0.696850394,0.366141732
35,79,22,-0.673228346,0.366141732
36,79,174,-0.649606299,0.366141732
37,79,256,-0.625984252,0.366141732
38,79,256,-0.602362205,0.366141732
39,79,256,-0.578740157,0.366141732
40,79,256,-0.555118110,0.366141732
41,79,256,-0.531496063,0.366141732
42,79,256,-0.507874016,0.366141732
43,79,256,-0.484251969,0.366141732
44,79,256,-0.460629921,0.366141732
45,79,256,-0.437007874,0.366141732
46,79,256,-0.413385827,0.366141732
47,79,256,-0.389763780,0.366141732
48,79,256,-0.366141732,0.366141732
49,79,256,-0.342519685,0.366141732
50,79,256,-0.318897638,0.366141732
51,79,256,-0.295275591,0.366141732
52,79,256,-0.271653543,0.366141732
53,79,256,-0.248031496,0.366141732
54,79,256,-0.224409449,0.366141732
55,79,256,-0.200787402,0.366141732
56,79,256,-0.177165354,0.366141732
57,79,256,-0.153543307,0.366141732
58,79,256,-0.129921260,0.366141732
59,79,256,-0.106299213,0.366141732
60,79,256,-0.082677165,0.366141732
61,79,256,-0.059055118,0.366141732
62,79,256,-0.035433071,0.366141732
63,79,256,-0.011811024,0.366141732
64,79,256,0.011811024,0.366141732
65,79,256,0.035433071,0.366141732
66,79,256,0.059055118,0.366141732
67,79,256,0.082677165,0.366141732
68,79,256,0.106299213,0.366141732
69,79,256,0.129921260,0.366141732
70,79,256,0.153543307,0.366141732
71,79,256,0.177165354,0.366141732
72,79,256,0.200787402,0.366141732
73,79,256,0.224409449,0.366141732
74,79,256,0.248031496,0.366141732
75,79,256,0.271653543,0.366141732
76,79,256,0.295275591,0.366141732
77,79,256,0.318897638,0.366141732
78,79,256,0.342519685,0.366141732
79,79,22,0.366141732,0.366141732
80,79,249,0.389763780,0.366141732
81,79,15,0.413385827,0.366141732
82,79,18,0.437007874,0.366141732
83,79,10,0.460629921,0.366141732
84,79,6,0.484251969,0.366141732
85,79,5,0.507874016,0.366141732
86,79,5,0.531496063,0.366141732
87,79,5,0.555118110,0.366141732
88,79,4,0.578740157,0.366141732
89,79,4,0.602362205,0.366141732
90,79,4,0.625984252,0.366141732
91,79,4,0.649606299,0.366141732
92,79,3,0.673228346,0.366141732
93,79,3,0.696850394,0.366141732
94,79,3,0.720472441,0.366141732
95,79,3,0.744094488,0.366141732
96,79,3,0.767716535,0.366141732
97,79,3,0.791338583,0.366141732
98,79,3,0.814960630,0.366141732
99,79,3,0.838582677,0.366141732
100,79,3,0.862204724,0.366141732
101,79,3,0.885826772,0.366141732
102,79,3,0.909448819,0.366141732
103,79,3,0.933070866,0.366141732
104,79,3,0.956692913,0.366141732
105,79,3,0.980314961,0.366141732
106,79,3,1.003937008,0.366141732
107,79,3,1.027559055,0.366141732
108,79,2,1.051181102,0.366141732
109,79,2,1.074803150,0.366141732
110,79,2,1.098425197,0.366141732
111,79,2,1.122047244,0.366141732
112,79,2,1.145669291,0.366141732
113,79,2,1.169291339,0.366141732
114,79,2,1.192913386,0.366141732
115,79,2,1.216535433,0.366141732
116,79,2,1.240157480,0.366141732
117,79,2,1.263779528,0.366141732
118,79,2,1.287401575,0.366141732
119,79,2,1.311023622,0.366141732
120,79,2,1.334645669,0.366141732
121,79,2,1.358267717,0.366141732
122,79,2,1.381889764,0.366141732
123,79,2,1.405511811,0.366141732
124,79,2,1.429133858,0.366141732
125,79,2,1.452755906,0.366141732
126,79,2,1.476377953,0.366141732
127,79,2,1.500000000,0.366141732
0,80,4,-1.500000000,0.389763780
1,80,5,-1.476377953,0.389763780
2,80,5,-1.452755906,0.389763780
3,80,5,-1.429133858,0.389763780
4,80,5,-1.405511811,0.389763780
5,80,5,-1.381889764,0.389763780
6,80,5,-1.358267717,0.389763780
7,80,6,-1.334645669,0.389763780
8,80,7,-1.311023622,0.389763780
9,80,8,-1.287401575,0.389763780
10,80,12,-1.263779528,0.389763780
11,80,10,-1.240157480,0.389763780
12,80,8,-1.216535433,0.389763780
13,80,8,-1.192913386,0.389763780
14,80,7,-1.169291339,0.389763780
15,80,7,-1.145669291,0.389763780
16,80,7,-1.122047244,0.389763780
17,80,7,-1.098425197,0.389763780
18,80,7,-1.074803150,0.389763780
19,80,8,-1.051181102,0.389763780
20,80,17,-1.027559055,0.389763780
21,80,8,-1.003937008,0.389763780
22,80,8,-0.980314961,0.389763780
23,80,7,-0.956692913,0.389763780
24,80,7,-0.933070866,0.389763780
25,80,7,-0.909448819,0.389763780
26,80,7,-0.885826772,0.389763780
27,80,7,-0.862204724,0.389763780
28,80,7,-0.838582677,0.389763780
29,80,7,-0.814960630,0.389763780
30,80,8,-0.791338583,0.389763780
31,80,8,-0.767716535,0.389763780
32,80,9,-0.744094488,0.389763780
33,80,10,-0.720472441,0.389763780
34,80,12,-0.696850394,0.389763780
35,80,14,-0.673228346,0.389763780
36,80,25,-0.649606299,0.389763780
37,80,256,-0.625984252,0.389763780
38,80,256,-0.602362205,0.389763780
39,80,256,-0.578740157,0.389763780
40,80,256,-0.555118110,0.389763780
41,80,256,-0.531496063,0.389763780
42,80,256,-0.507874016,0.389763780
43,80,256,-0.484251969,0.389763780
44,80,256,-0.460629921,0.389763780
45,80,256,-0.437007874,0.389763780
46,80,256,-0.413385827,0.389763780
47,80,256,-0.389763780,0.389763780
48,80,256,-0.366141732,0.389763780
49,80,256,-0.342519685,0.389763780
50,80,256,-0.318897638,0.389763780
51,80,256,-0.295275591,0.389763780
52,80,256,-0.271653543,0.389763780
53,80,256,-0.248031496,0.389763780
54,80,256,-0.224409449,0.389763780
55,80,256,-0.200787402,0.389763780
56,80,256,-0.177165354,0.389763780
57,80,256,-0.153543307,0.389763780
58,80,256,-0.129921260,0.389763780
59,80,256,-0.106299213,0.389763780
60,80,256,-0.082677165,0.389763780
61,80,256,-0.059055118,0.389763780
62,80,256,-0.035433071,0.389763780
63,80,256,-0.011811024,0.389763780
64,80,256,0.011811024,0.389763780
65,80,256,0.035433071,0.389763780
66,80,256,0.059055118,0.389763780
67,80,256,0.082677165,0.389763780
68,80,256,0.106299213,0.389763780
69,80,256,0.129921260,0.389763780
70,80,256,0.153543307,0.389763780
71,80,256,0.177165354,0.389763780
72,80,256,0.200787402,0.389763780
73,80,256,0.224409449,0.389763780
74,80,256,0.248031496,0.389763780
75,80,256,0.271653543,0.389763780
76,80,256,0.295275591,0.389763780
77,80,256,0.318897638,0.389763780
78,80,54,0.342519685,0.389763780
79,80,13,0.366141732,0.389763780
80,80,13,0.389763780,0.389763780
81,80,11,0.413385827,0.389763780
82,80,11,0.437007874,0.389763780
83,80,21,0.460629921,0.389763780
84,80,7,0.484251969,0.389763780
85,80,5,0.507874016,0.389763780
86,80,5,0.531496063,0.389763780
87,80,5,0.555118110,0.389763780
88,80,4,0.578740157,0.389763780
89,80,4,0.602362205,0.389763780
90,80,4,0.625984252,0.389763780
91,80,3,0.649606299,0.389763780
92,80,3,0.673228346,0.389763780
93,80,3,0.696850394,0.389763780
94,80,3,0.720472441,0.389763780
95,80,3,0.744094488,0.389763780
96,80,3,0.767716535,0.389763780
97,80,3,0.791338583,0.389763780
98,80,3,0.814960630,0.389763780
99,80,3,0.838582677,0.389763780
100,80,3,0.862204724,0.389763780
101,80,3,0.885826772,0.389763780
102,80,3,0.909448819,0.389763780
103,80,3,0.933070866,0.389763780
104,80,3,0.956692913,0.389763780
105,80,3,0.980314961,0.389763780
106,80,3,1.003937008,0.389763780
107,80,3,1.027559055,0.389763780
108,80,2,1.051181102,0.389763780
109,80,2,1.074803150,0.389763780
110,80,2,1.098425197,0.389763780
111,80,2,1.122047244,0.389763780
112,80,2,1.145669291,0.389763780
113,80,2,1.169291339,0.389763780
114,80,2,1.192913386,0.389763780
115,80,2,1.216535433,0.389763780
116,80,2,1.240157480,0.389763780
117,80,2,1.263779528,0.389763780
118,80,2,1.287401575,0.389763780
119,80,2,1.311023622,0.389763780
120,80,2,1.334645669,0.389763780
121,80,2,1.358267717,0.389763780
122,80,2,1.381889764,0.389763780
123,80,2,1.405511811,0.389763780
124,80,2,1.429133858,0.389763780
125,80,2,1.452755906,0.389763780
126,80,2,1.476377953,0.389763780
127,80,2,1.500000000,0.389763780
0,81,4,-1.500000000,0.413385827
1,81,4,-1.476377953,0.413385827
2,81,5,-1.452755906,0.413385827
3,81,5,-1.429133858,0.413385827
4,81,5,-1.405511811,0.413385827
5,81,5,-1.381889764,0.413385827
6,81,5,-1.358267717,0.413385827
7,81,6,-1.334645669,0.413385827
8,81,6,-1.311023622,0.413385827
9,81,10,-1.287401575,0.413385827
10,81,14,-1.263779528,0.413385827
11,81,19,-1.240157480,0.413385827
12,81,7,-1.216535433,0.413385827
13,81,7,-1.192913386,0.413385827
14,81,7,-1.169291339,0.413385827
15,81,6,-1.145669291,0.413385827
16,81,6,-1.122047244,0.413385827
17,81,7,-1.098425197,0.413385827
18,81,7,-1.074803150,0.413385827
19,81,6,-1.051181102,0.413385827
20,81,6,-1.027559055,0.413385827
21,81,7,-1.003937008,0.413385827
22,81,7,-0.980314961,0.413385827
23,81,7,-0.956692913,0.413385827
24,81,7,-0.933070866,0.413385827
25,81,7,-0.909448819,0.413385827
26,81,7,-0.885826772,0.413385827
27,81,7,-0.862204724,0.413385827
28,81,7,-0.838582677,0.413385827
29,81,7,-0.814960630,0.413385827
30,81,7,-0.791338583,0.413385827
31,81,8,-0.767716535,0.413385827
32,81,9,-0.744094488,0.413385827
33,81,9,-0.720472441,0.413385827
34,81,11,-0.696850394,0.413385827
35,81,14,-0.673228346,0.413385827
36,81,77,-0.649606299,0.413385827
37,81,256,-0.625984252,0.413385827
38,81,256,-0.602362205,0.413385827
39,81,256,-0.578740157,0.413385827
40,81,256,-0.555118110,0.413385827
41,81,256,-0.531496063,0.413385827
42,81,256,-0.507874016,0.413385827
43,81,256,-0.484251969,0.413385827
44,81,256,-0.460629921,0.413385827
45,81,256,-0.437007874,0.413385827
46,81,256,-0.413385827,0.413385827
47,81,256,-0.389763780,0.413385827
48,81,256,-0.366141732,0.413385827
49,81,256,-0.342519685,0.413385827
50,81,256,-0.318897638,0.413385827
51,81,256,-0.295275591,0.413385827
52,81,256,-0.271653543,0.413385827
53,81,256,-0.248031496,0.413385827
54,81,256,-0.224409449,0.413385827
55,81,256,-0.200787402,0.413385827
56,81,256,-0.177165354,0.413385827
57,81,256,-0.153543307,0.413385827
58,81,256,-0.129921260,0.413385827
59,81,256,-0.106299213,0.413385827
60,81,256,-0.082677165,0.413385827
61,81,256,-0.059055118,0.413385827
62,81,256,-0.035433071,0.413385827
63,81,256,-0.011811024,0.413385827
64,81,256,0.011811024,0.413385827
65,81,256,0.035433071,0.413385827
66,81,256,0.059055118,0.413385827
67,81,256,0.082677165,0.413385827
68,81,256,0.106299213,0.413385827
69,81,256,0.129921260,0.413385827
70,81,256,0.153543307,0.413385827
71,81,256,0.177165354,0.413385827
72,81,256,0.200787402,0.413385827
73,81,256,0.224409449,0.413385827
74,81,256,0.248031496,0.413385827
75,81,256,0.271653543,0.413385827
76,81,256,0.295275591,0.413385827
77,81,77,0.318897638,0.413385827
78,81,189,0.342519685,0.413385827
79,81,12,0.366141732,0.413385827
80,81,9,0.389763780,0.413385827
81,81,9,0.413385827,0.413385827
82,81,9,0.437007874,0.413385827
83,81,7,0.460629921,0.413385827
84,81,6,0.484251969,0.413385827
85,81,5,0.507874016,0.413385827
86,81,5,0.531496063,0.413385827
87,81,5,0.555118110,0.413385827
88,81,4,0.578740157,0.413385827
89,81,4,0.602362205,0.413385827
90,81,4,0.625984252,0.413385827
91,81,3,0.649606299,0.413385827
92,81,3,0.673228346,0.413385827
93,81,3,0.696850394,0.413385827
94,81,3,0.720472441,0.413385827
95,81,3,0.744094488,0.413385827
96,81,3,0.767716535,0.413385827
97,81,3,0.791338583,0.413385827
98,81,3,0.814960630,0.413385827
99,81,3,0.838582677,0.413385827
100,81,3,0.862204724,0.413385827
101,81,3,0.885826772,0.413385827
102,81,3,0.909448819,0.413385827
103,81,3,0.933070866,0.413385827
104,81,3,0.956692913,0.413385827
105,81,3,0.980314961,0.413385827
106,81,3,1.003937008,0.413385827
107,81,3,1.027559055,0.413385827
108,81,3,1.051181102,0.413385827
109,81,2,1.074803150,0.413385827
110,81,2,1.098425197,0.413385827
111,81,2,1.122047244,0.413385827
112,81,2,1.145669291,0.413385827
113,81,2,1.169291339,0.413385827
114,81,2,1.192913386,0.413385827
115,81,2,1.216535433,0.413385827
116,81,2,1.240157480,0.413385827
117,81,2,1.263779528,0.413385827
118,81,2,1.287401575,0.413385827
119,81,2,1.311023622,0.413385827
120,81,2,1.334645669,0.413385827
121,81,2,1.358267717,0.413385827
122,81,2,1.381889764,0.413385827
123,81,2,1.405511811,0.413385827
124,81,2,1.429133858,0.413385827
125,81,2,1.452755906,0.413385827
126,81,2,1.476377953,0.413385827
127,81,2,1.500000000,0.413385827
0,82,4,-1.500000000,0.437007874
1,82,4,-1.476377953,0.437007874
2,82,4,-1.452755906,0.437007874
3,82,4,-1.429133858,0.437007874
4,82,4,-1.405511811,0.437007874
5,82,4,-1.381889764,0.437007874
6,82,4,-1.358267717,0.437007874
7,82,5,-1.334645669,0.437007874
8,82,6,-1.311023622,0.437007874
9,82,11,-1.287401575,0.437007874
10,82,7,-1.263779528,0.437007874
11,82,6,-1.240157480,0.437007874
12,82,6,-1.216535433,0.437007874
13,82,6,-1.192913386,0.437007874
14,82,6,-1.169291339,0.437007874
15,82,6,-1.145669291,0.437007874
16,82,6,-1.122047244,0.437007874
17,82,6,-1.098425197,0.437007874
18,82,6,-1.074803150,0.437007874
19,82,5,-1.051181102,0.437007874
20,82,6,-1.027559055,0.437007874
21,82,6,-1.003937008,0.437007874
22,82,7,-0.980314961,0.437007874
23,82,6,-0.956692913,0.437007874
24,82,6,-0.933070866,0.437007874
25,82,6,-0.909448819,0.437007874
26,82,6,-0.885826772,0.437007874
27,82,7,-0.862204724,0.437007874
28,82,7,-0.838582677,0.437007874
29,82,7,-0.814960630,0.437007874
30,82,7,-0.791338583,0.437007874
31,82,8,-0.767716535,0.437007874
32,82,8,-0.744094488,0.437007874
33,82,9,-0.720472441,0.437007874
34,82,13,-0.696850394,0.437007874
35,82,45,-0.673228346,0.437007874
36,82,256,-0.649606299,0.437007874
37,82,256,-0.625984252,0.437007874
38,82,181,-0.602362205,0.437007874
39,82,256,-0.578740157,0.437007874
40,82,256,-0.555118110,0.437007874
41,82,256,-0.531496063,0.437007874
42,82,256,-0.507874016,0.437007874
43,82,256,-0.484251969,0.437007874
44,82,256,-0.460629921,0.437007874
45,82,256,-0.437007874,0.437007874
46,82,256,-0.413385827,0.437007874
47,82,256,-0.389763780,0.437007874
48,82,256,-0.366141732,0.437007874
49,82,256,-0.342519685,0.437007874
50,82,256,-0.318897638,0.437007874
51,82,256,-0.295275591,0.437007874
52,82,256,-0.271653543,0.437007874
53,82,256,-0.248031496,0.437007874
54,82,256,-0.224409449,0.437007874
55,82,256,-0.200787402,0.437007874
56,82,256,-0.177165354,0.437007874
57,82,256,-0.153543307,0.437007874
58,82,256,-0.129921260,0.437007874
59,82,256,-0.106299213,0.437007874
60,82,256,-0.082677165,0.437007874
61,82,256,-0.059055118,0.437007874
62,82,256,-0.035433071,0.437007874
63,82,256,-0.011811024,0.437007874
64,82,256,0.011811024,0.437007874
65,82,256,0.035433071,0.437007874
66,82,256,0.059055118,0.437007874
67,82,256,0.082677165,0.437007874
68,82,256,0.106299213,0.437007874
69,82,256,0.129921260,0.437007874
70,82,256,0.153543307,0.437007874
71,82,256,0.177165354,0.437007874
72,82,256,0.200787402,0.437007874
73,82,256,0.224409449,0.437007874
74,82,256,0.248031496,0.437007874
75,82,256,0.271653543,0.437007874
76,82,256,0.295275591,0.437007874
77,82,34,0.318897638,0.437007874
78,82,29,0.342519685,0.437007874
79,82,10,0.366141732,0.437007874
80,82,8,0.389763780,0.437007874
81,82,8,0.413385827,0.437007874
82,82,7,0.437007874,0.437007874
83,82,6,0.460629921,0.437007874
84,82,6,0.484251969,0.437007874
85,82,5,0.507874016,0.437007874
86,82,5,0.531496063,0.437007874
87,82,4,0.555118110,0.437007874
88,82,4,0.578740157,0.437007874
89,82,4,0.602362205,0.437007874
90,82,3,0.625984252,0.437007874
91,82,3,0.649606299,0.437007874
92,82,3,0.673228346,0.437007874
93,82,3,0.696850394,0.437007874
94,82,3,0.720472441,0.437007874
95,82,3,0.744094488,0.437007874
96,82,3,0.767716535,0.437007874
97,82,3,0.791338583,0.437007874
98,82,3,0.814960630,0.437007874
99,82,3,0.838582677,0.437007874
100,82,3,0.862204724,0.437007874
101,82,3,0.885826772,0.437007874
102,82,3,0.909448819,0.437007874
103,82,3,0.933070866,0.437007874
104,82,3,0.956692913,0.437007874
105,82,3,0.980314961,0.437007874
106,82,3,1.003937008,0.437007874
107,82,3,1.027559055,0.437007874
108,82,3,1.051181102,0.437007874
109,82,2,1.074803150,0.437007874
110,82,2,1.098425197,0.437007874
111,82,2,1.122047244,0.437007874
112,82,2,1.145669291,0.437007874
113,82,2,1.169291339,0.437007874
114,82,2,1.192913386,0.437007874
115,82,2,1.216535433,0.437007874
116,82,2,1.240157480,0.437007874
117,82,2,1.263779528,0.437007874
118,82,2,1.287401575,0.437007874
119,82,2,1.311023622,0.437007874
120,82,2,1.334645669,0.437007874
121,82,2,1.358267717,0.437007874
122,82,2,1.381889764,0.437007874
123,82,2,1.405511811,0.437007874
124,82,2,1.429133858,0.437007874
125,82,2,1.452755906,0.437007874
126,82,2,1.476377953,0.437007874
127,82,2,1.500000000,0.437007874
0,83,3,-1.500000000,0.460629921
1,83,3,-1.476377953,0.460629921
2,83,3,-1.452755906,0.460629921
3,83,3,-1.429133858,0.460629921
4,83,4,-1.405511811,0.460629921
5,83,4,-1.381889764,0.460629921
6,83,4,-1.358267717,0.460629921
7,83,4,-1.334645669,0.460629921
8,83,4,-1.311023622,0.460629921
9,83,5,-1.287401575,0.460629921
10,83,6,-1.263779528,0.460629921
11,83,6,-1.240157480,0.460629921
12,83,6,-1.216535433,0.460629921
13,83,6,-1.192913386,0.460629921
14,83,6,-1.169291339,0.460629921
15,83,6,-1.145669291,0.460629921
16,83,6,-1.122047244,0.460629921
17,83,5,-1.098425197,0.460629921
18,83,5,-1.074803150,0.460629921
19,83,5,-1.051181102,0.460629921
20,83,5,-1.027559055,0.460629921
21,83,5,-1.003937008,0.460629921
22,83,5,-0.980314961,0.460629921
23,83,6,-0.956692913,0.460629921
24,83,6,-0.933070866,0.460629921
25,83,6,-0.909448819,0.460629921
26,83,6,-0.885826772,0.460629921
27,83,6,-0.862204724,0.460629921
28,83,7,-0.838582677,0.460629921
29,83,7,-0.814960630,0.460629921
30,83,7,-0.791338583,0.460629921
31,83,7,-0.767716535,0.460629921
32,83,8,-0.744094488,0.460629921
33,83,9,-0.720472441,0.460629921
34,83,14,-0.696850394,0.460629921
35,83,39,-0.673228346,0.460629921
36,83,24,-0.649606299,0.460629921
37,83,69,-0.625984252,0.460629921
38,83,20,-0.602362205,0.460629921
39,83,223,-0.578740157,0.460629921
40,83,256,-0.555118110,0.460629921
41,83,256,-0.531496063,0.460629921
42,83,256,-0.507874016,0.460629921
43,83,256,-0.484251969,0.460629921
44,83,256,-0.460629921,0.460629921
45,83,256,-0.437007874,0.460629921
46,83,256,-0.413385827,0.460629921
47,83,256,-0.389763780,0.460629921
48,83,256,-0.366141732,0.460629921
49,83,256,-0.342519685,0.460629921
50,83,256,-0.318897638,0.460629921
51,83,256,-0.295275591,0.460629921
52,83,256,-0.271653543,0.460629921
53,83,256,-0.248031496,0.460629921
54,83,256,-0.224409449,0.460629921
55,83,256,-0.200787402,0.460629921
56,83,256,-0.177165354,0.460629921
57,83,256,-0.153543307,0.460629921
58,83,256,-0.129921260,0.460629921
59,83,256,-0.106299213,0.460629921
60,83,256,-0.082677165,0.460629921
61,83,256,-0.059055118,0.460629921
62,83,256,-0.035433071,0.460629921
63,83,256,-0.011811024,0.460629921
64,83,256,0.011811024,0.460629921
65,83,256,0.035433071,0.460629921
66,83,256,0.059055118,0.460629921
67,83,256,0.082677165,0.460629921
68,83,256,0.106299213,0.460629921
69,83,256,0.129921260,0.460629921
70,83,256,0.153543307,0.460629921
71,83,256,0.177165354,0.460629921
72,83,256,0.200787402,0.460629921
73,83,256,0.224409449,0.460629921
74,83,256,0.248031496,0.460629921
75,83,256,0.271653543,0.460629921
76,83,170,0.295275591,0.460629921
77,83,16,0.318897638,0.460629921
78,83,11,0.342519685,0.460629921
79,83,9,0.366141732,0.460629921
80,83,8,0.389763780,0.460629921
81,83,7,0.413385827,0.460629921
82,83,6,0.437007874,0.460629921
83,83,6,0.460629921,0.460629921
84,83,5,0.484251969,0.460629921
85,83,5,0.507874016,0.460629921
86,83,4,0.531496063,0.460629921
87,83,4,0.555118110,0.460629921
88,83,4,0.578740157,0.460629921
89,83,4,0.602362205,0.460629921
90,83,3,0.625984252,0.460629921
91,83,3,0.649606299,0.460629921
92,83,3,0.673228346,0.460629921
93,83,3,0.696850394,0.460629921
94,83,3,0.720472441,0.460629921
95,83,3,0.744094488,0.460629921
96,83,3,0.767716535,0.460629921
97,83,3,0.791338583,0.460629921
98,83,3,0.814960630,0.460629921
99,83,3,0.838582677,0.460629921
100,83,3,0.862204724,0.460629921
101,83,3,0.885826772,0.460629921
102,83,3,0.909448819,0.460629921
103,83,3,0.933070866,0.460629921
104,83,3,0.956692913,0.460629921
105,83,3,0.980314961,0.460629921
106,83,3,1.003937008,0.460629921
107,83,3,1.027559055,0.460629921
108,83,3,1.051181102,0.460629921
109,83,2,1.074803150,0.460629921
110,83,2,1.098425197,0.460629921
111,83,2,1.122047244,0.460629921
112,83,2,1.145669291,0.460629921
113,83,2,1.169291339,0.460629921
114,83,2,1.192913386,0.460629921
115,83,2,1.216535433,0.460629921
116,83,2,1.240157480,0.460629921
117,83,2,1.263779528,0.460629921
118,83,2,1.287401575,0.460629921
119,83,2,1.311023622,0.460629921
120,83,2,1.334645669,0.460629921
121,83,2,1.358267717,0.460629921
122,83,2,1.381889764,0.460629921
123,83,2,1.405511811,0.460629921
124,83,2,1.429133858,0.460629921
125,83,2,1.452755906,0.460629921
126,83,2,1.476377953,0.460629921
127,83,2,1.500000000,0.460629921
0,84,3,-1.500000000,0.484251969
1,84,3,-1.476377953,0.484251969
2,84,3,-1.452755906,0.484251969
3,84,3,-1.429133858,0.484251969
4,84,3,-1.405511811,0.484251969
5,84,3,-1.381889764,0.484251969
6,84,4,-1.358267717,0.484251969
7,84,4,-1.334645669,0.484251969
8,84,4,-1.311023622,0.484251969
9,84,4,-1.287401575,0.484251969
10,84,5,-1.263779528,0.484251969
11,84,5,-1.240157480,0.484251969
12,84,5,-1.216535433,0.484251969
13,84,5,-1.192913386,0.484251969
14,84,5,-1.169291339,0.484251969
15,84,6,-1.145669291,0.484251969
16,84,5,-1.122047244,0.484251969
17,84,5,-1.098425197,0.484251969
18,84,5,-1.074803150,0.484251969
19,84,5,-1.051181102,0.484251969
20,84,5,-1.027559055,0.484251969
21,84,5,-1.003937008,0.484251969
22,84,5,-0.980314961,0.484251969
23,84,5,-0.956692913,0.484251969
24,84,6,-0.933070866,0.484251969
25,84,6,-0.909448819,0.484251969
26,84,6,-0.885826772,0.484251969
27,84,6,-0.862204724,0.484251969
28,84,6,-0.838582677,0.484251969
29,84,6,-0.814960630,0.484251969
30,84,6,-0.791338583,0.484251969
31,84,6,-0.767716535,0.484251969
32,84,7,-0.744094488,0.484251969
33,84,8,-0.720472441,0.484251969
34,84,10,-0.696850394,0.484251969
35,84,13,-0.673228346,0.484251969
36,84,35,-0.649606299,0.484251969
37,84,14,-0.625984252,0.484251969
38,84,14,-0.602362205,0.484251969
39,84,73,-0.578740157,0.484251969
40,84,31,-0.555118110,0.484251969
41,84,256,-0.531496063,0.484251969
42,84,256,-0.507874016,0.484251969
43,84,256,-0.484251969,0.484251969
44,84,256,-0.460629921,0.484251969
45,84,256,-0.437007874,0.484251969
46,84,256,-0.413385827,0.484251969
47,84,256,-0.389763780,0.484251969
48,84,256,-0.366141732,0.484251969
49,84,256,-0.342519685,0.484251969
50,84,256,-0.318897638,0.484251969
51,84,256,-0.295275591,0.484251969
52,84,256,-0.271653543,0.484251969
53,84,256,-0.248031496,0.484251969
54,84,256,-0.224409449,0.484251969
55,84,256,-0.200787402,0.484251969
56,84,256,-0.177165354,0.484251969
57,84,256,-0.153543307,0.484251969
58,84,256,-0.129921260,0.484251969
59,84,256,-0.106299213,0.484251969
60,84,256,-0.082677165,0.484251969
61,84,256,-0.059055118,0.484251969
62,84,256,-0.035433071,0.484251969
63,84,256,-0.011811024,0.484251969
64,84,256,0.011811024,0.484251969
65,84,256,0.035433071,0.484251969
66,84,256,0.059055118,0.484251969
67,84,256,0.082677165,0.484251969
68,84,256,0.106299213,0.484251969
69,84,256,0.129921260,0.484251969
70,84,256,0.153543307,0.484251969
71,84,256,0.177165354,0.484251969
72,84,256,0.200787402,0.484251969
73,84,256,0.224409449,0.484251969
74,84,256,0.248031496,0.484251969
75,84,40,0.271653543,0.484251969
76,84,52,0.295275591,0.484251969
77,84,20,0.318897638,0.484251969
78,84,11,0.342519685,0.484251969
79,84,9,0.366141732,0.484251969
80,84,7,0.389763780,0.484251969
81,84,7,0.413385827,0.484251969
82,84,6,0.437007874,0.484251969
83,84,6,0.460629921,0.484251969
84,84,5,0.484251969,0.484251969
85,84,5,0.507874016,0.484251969
86,84,4,0.531496063,0.484251969
87,84,4,0.555118110,0.484251969
88,84,4,0.578740157,0.484251969
89,84,3,0.602362205,0.484251969
90,84,3,0.625984252,0.484251969
91,84,3,0.649606299,0.484251969
92,84,3,0.673228346,0.484251969
93,84,3,0.696850394,0.484251969
94,84,3,0.720472441,0.484251969
95,84,3,0.744094488,0.484251969
96,84,3,0.767716535,0.484251969
97,84,3,0.791338583,0.484251969
98,84,3,0.814960630,0.484251969
99,84,3,0.838582677,0.484251969
100,84,3,0.862204724,0.484251969
101,84,3,0.885826772,0.484251969
102,84,3,0.909448819,0.484251969
103,84,3,0.933070866,0.484251969
104,84,3,0.956692913,0.484251969
105,84,3,0.980314961,0.484251969
106,84,3,1.003937008,0.484251969
107,84,3,1.027559055,0.484251969
108,84,3,1.051181102,0.484251969
109,84,3,1.074803150,0.484251969
110,84,2,1.098425197,0.484251969
111,84,2,1.122047244,0.484251969
112,84,2,1.145669291,0.484251969
113,84,2,1.169291339,0.484251969
114,84,2,1.192913386,0.484251969
115,84,2,1.216535433,0.484251969
116,84,2,1.240157480,0.484251969
117,84,2,1.263779528,0.484251969
118,84,2,1.287401575,0.484251969
119,84,2,1.311023622,0.484251969
120,84,2,1.334645669,0.484251969
121,84,2,1.358267717,0.484251969
122,84,2,1.381889764,0.484251969
123,84,2,1.405511811,0.484251969
124,84,2,1.429133858,0.484251969
125,84,2,1.452755906,0.484251969
126,84,2,1.476377953,0.484251969
127,84,2,1.500000000,0.484251969
0,85,3,-1.500000000,0.507874016
1,85,3,-1.476377953,0.507874016
2,85,3,-1.452755906,0.507874016
3,85,3,-1.429133858,0.507874016
4,85,3,-1.405511811,0.507874016
5,85,3,-1.381889764,0.507874016
6,85,3,-1.358267717,0.507874016
7,85,3,-1.334645669,0.507874016
8,85,4,-1.311023622,0.507874016
9,85,4,-1.287401575,0.507874016
10,85,4,-1.263779528,0.507874016
11,85,5,-1.240157480,0.507874016
12,85,5,-1.216535433,0.507874016
13,85,5,-1.192913386,0.507874016
14,85,5,-1.169291339,0.507874016
15,85,5,-1.145669291,0.507874016
16,85,5,-1.122047244,0.507874016
17,85,5,-1.098425197,0.507874016
18,85,5,-1.074803150,0.507874016
19,85,5,-1.051181102,0.507874016
20,85,5,-1.027559055,0.507874016
21,85,5,-1.003937008,0.507874016
22,85,5,-0.980314961,0.507874016
23,85,5,-0.956692913,0.507874016
24,85,6,-0.933070866,0.507874016
25,85,6,-0.909448819,0.507874016
26,85,6,-0.885826772,0.507874016
27,85,6,-0.862204724,0.507874016
28,85,6,-0.838582677,0.507874016
29,85,6,-0.814960630,0.507874016
30,85,6,-0.791338583,0.507874016
31,85,6,-0.767716535,0.507874016
32,85,6,-0.744094488,0.507874016
33,85,7,-0.720472441,0.507874016
34,85,8,-0.696850394,0.507874016
35,85,9,-0.673228346,0.507874016
36,85,11,-0.649606299,0.507874016
37,85,11,-0.625984252,0.507874016
38,85,11,-0.602362205,0.507874016
39,85,13,-0.578740157,0.507874016
40,85,17,-0.555118110,0.507874016
41,85,137,-0.531496063,0.507874016
42,85,256,-0.507874016,0.507874016
43,85,256,-0.484251969,0.507874016
44,85,256,-0.460629921,0.507874016
45,85,256,-0.437007874,0.507874016
46,85,256,-0.413385827,0.507874016
47,85,256,-0.389763780,0.507874016
48,85,256,-0.366141732,0.507874016
49,85,256,-0.342519685,0.507874016
50,85,256,-0.318897638,0.507874016
51,85,256,-0.295275591,0.507874016
52,85,256,-0.271653543,0.507874016
53,85,256,-0.248031496,0.507874016
54,85,256,-0.224409449,0.507874016
55,85,256,-0.200787402,0.507874016
56,85,256,-0.177165354,0.507874016
57,85,256,-0.153543307,0.507874016
58,85,256,-0.129921260,0.507874016
59,85,256,-0.106299213,0.507874016
60,85,256,-0.082677165,0.507874016
61,85,256,-0.059055118,0.507874016
62,85,256,-0.035433071,0.507874016
63,85,256,-0.011811024,0.507874016
64,85,256,0.011811024,0.507874016
65,85,256,0.035433071,0.507874016
66,85,256,0.059055118,0.507874016
67,85,256,0.082677165,0.507874016
68,85,256,0.106299213,0.507874016
69,85,256,0.129921260,0.507874016
70,85,256,0.153543307,0.507874016
71,85,256,0.177165354,0.507874016
72,85,256,0.200787402,0.507874016
73,85,256,0.224409449,0.507874016
74,85,256,0.248031496,0.507874016
75,85,256,0.271653543,0.507874016
76,85,256,0.295275591,0.507874016
77,85,256,0.318897638,0.507874016
78,85,66,0.342519685,0.507874016
79,85,12,0.366141732,0.507874016
80,85,8,0.389763780,0.507874016
81,85,7,0.413385827,0.507874016
82,85,6,0.437007874,0.507874016
83,85,6,0.460629921,0.507874016
84,85,5,0.484251969,0.507874016
85,85,5,0.507874016,0.507874016
86,85,4,0.531496063,0.507874016
87,85,4,0.555118110,0.507874016
88,85,4,0.578740157,0.507874016
89,85,3,0.602362205,0.507874016
90,85,3,0.625984252,0.507874016
91,85,3,0.649606299,0.507874016
92,85,3,0.673228346,0.507874016
93,85,3,0.696850394,0.507874016
94,85,3,0.720472441,0.507874016
95,85,3,0.744094488,0.507874016
96,85,3,0.767716535,0.507874016
97,85,3,0.791338583,0.507874016
98,85,3,0.814960630,0.507874016
99,85,3,0.838582677,0.507874016
100,85,3,0.862204724,0.507874016
101,85,3,0.885826772,0.507874016
102,85,3,0.909448819,0.507874016
103,85,3,0.933070866,0.507874016
104,85,3,0.956692913,0.507874016
105,85,3,0.980314961,0.507874016
106,85,3,1.003937008,0.507874016
107,85,3,1.027559055,0.507874016
108,85,3,1.051181102,0.507874016
109,85,3,1.074803150,0.507874016
110,85,2,1.098425197,0.507874016
111,85,2,1.122047244,0.507874016
112,85,2,1.145669291,0.507874016
113,85,2,1.169291339,0.507874016
114,85,2,1.192913386,0.507874016
115,85,2,1.216535433,0.507874016
116,85,2,1.240157480,0.507874016
117,85,2,1.263779528,0.507874016
118,85,2,1.287401575,0.507874016
119,85,2,1.311023622,0.507874016
120,85,2,1.334645669,0.507874016
121,85,2,1.358267717,0.507874016
122,85,2,1.381889764,0.507874016
123,85,2,1.405511811,0.507874016
124,85,2,1.429133858,0.507874016
125,85,2,1.452755906,0.507874016
126,85,2,1.476377953,0.507874016
127,85,2,1.500000000,0.507874016
0,86,3,-1.500000000,0.531496063
1,86,3,-1.476377953,0.531496063
2,86,3,-1.452755906,0.531496063
3,86,3,-1.429133858,0.531496063
4,86,3,-1.405511811,0.531496063
5,86,3,-1.381889764,0.531496063
6,86,3,-1.358267717,0.531496063
7,86,3,-1.334645669,0.531496063
8,86,3,-1.311023622,0.531496063
9,86,4,-1.287401575,0.531496063
10,86,4,-1.263779528,0.531496063
11,86,5,-1.240157480,0.531496063
12,86,5,-1.216535433,0.531496063
13,86,5,-1.192913386,0.531496063
14,86,5,-1.169291339,0.531496063
15,86,5,-1.145669291,0.531496063
16,86,5,-1.122047244,0.531496063
17,86,5,-1.098425197,0.531496063
18,86,5,-1.074803150,0.531496063
19,86,5,-1.051181102,0.531496063
20,86,5,-1.027559055,0.531496063
21,86,5,-1.003937008,0.531496063
22,86,5,-0.980314961,0.531496063
23,86,5,-0.956692913,0.531496063
24,86,5,-0.933070866,0.531496063
25,86,5,-0.909448819,0.531496063
26,86,5,-0.885826772,0.531496063
27,86,5,-0.862204724,0.531496063
28,86,6,-0.838582677,0.531496063
29,86,6,-0.814960630,0.531496063
30,86,6,-0.791338583,0.531496063
31,86,6,-0.767716535,0.531496063
32,86,6,-0.744094488,0.531496063
33,86,7,-0.720472441,0.531496063
34,86,7,-0.696850394,0.531496063
35,86,8,-0.673228346,0.531496063
36,86,9,-0.649606299,0.531496063
37,86,10,-0.625984252,0.531496063
38,86,11,-0.602362205,0.531496063
39,86,13,-0.578740157,0.531496063
40,86,25,-0.555118110,0.531496063
41,86,256,-0.531496063,0.531496063
42,86,256,-0.507874016,0.531496063
43,86,256,-0.484251969,0.531496063
44,86,256,-0.460629921,0.531496063
45,86,256,-0.437007874,0.531496063
46,86,256,-0.413385827,0.531496063
47,86,256,-0.389763780,0.531496063
48,86,256,-0.366141732,0.531496063
49,86,256,-0.342519685,0.531496063
50,86,256,-0.318897638,0.531496063
51,86,256,-0.295275591,0.531496063
52,86,256,-0.271653543,0.531496063
53,86,256,-0.248031496,0.531496063
54,86,256,-0.224409449,0.531496063
55,86,256,-0.200787402,0.531496063
56,86,256,-0.177165354,0.531496063
57,86,256,-0.153543307,0.531496063
58,86,256,-0.129921260,0.531496063
59,86,256,-0.106299213,0.531496063
60,86,256,-0.082677165,0.531496063
61,86,256,-0.059055118,0.531496063
62,86,256,-0.035433071,0.531496063
63,86,256,-0.011811024,0.531496063
64,86,256,0.011811024,0.531496063
65,86,256,0.035433071,0.531496063
66,86,256,0.059055118,0.531496063
67,86,256,0.082677165,0.531496063
68,86,256,0.106299213,0.531496063
69,86,256,0.129921260,0.531496063
70,86,256,0.153543307,0.531496063
71,86,256,0.177165354,0.531496063
72,86,256,0.200787402,0.531496063
73,86,41,0.224409449,0.531496063
74,86,256,0.248031496,0.531496063
75,86,256,0.271653543,0.531496063
76,86,256,0.295275591,0.531496063
77,86,256,0.318897638,0.531496063
78,86,17,0.342519685,0.531496063
79,86,12,0.366141732,0.531496063
80,86,8,0.389763780,0.531496063
81,86,7,0.413385827,0.531496063
82,86,6,0.437007874,0.531496063
83,86,6,0.460629921,0.531496063
84,86,5,0.484251969,0.531496063
85,86,5,0.507874016,0.531496063
86,86,4,0.531496063,0.531496063
87,86,4,0.555118110,0.531496063
88,86,4,0.578740157,0.531496063
89,86,3,0.602362205,0.531496063
90,86,3,0.625984252,0.531496063
91,86,3,0.649606299,0.531496063
92,86,3,0.673228346,0.531496063
93,86,3,0.696850394,0.531496063
94,86,3,0.720472441,0.531496063
95,86,3,0.744094488,0.531496063
96,86,3,0.767716535,0.531496063
97,86,3,0.791338583,0.531496063
98,86,3,0.814960630,0.531496063
99,86,3,0.838582677,0.531496063
100,86,3,0.862204724,0.531496063
101,86,3,0.885826772,0.531496063
102,86,3,0.909448819,0.531496063
103,86,3,0.933070866,0.531496063
104,86,3,0.956692913,0.531496063
105,86,3,0.980314961,0.531496063
106,86,3,1.003937008,0.531496063
107,86,3,1.027559055,0.531496063
108,86,3,1.051181102,0.531496063
109,86,3,1.074803150,0.531496063
110,86,2,1.098425197,0.531496063
111,86,2,1.122047244,0.531496063
112,86,2,1.145669291,0.531496063
113,86,2,1.169291339,0.531496063
114,86,2,1.192913386,0.531496063
115,86,2,1.216535433,0.531496063
116,86,2,1.240157480,0.531496063
117,86,2,1.263779528,0.531496063
118,86,2,1.287401575,0.531496063
119,86,2,1.311023622,0.531496063
120,86,2,1.334645669,0.531496063
121,86,2,1.358267717,0.531496063
122,86,2,1.381889764,0.531496063
123,86,2,1.405511811,0.531496063
124,86,2,1.429133858,0.531496063
125,86,2,1.452755906,0.531496063
126,86,2,1.476377953,0.531496063
127,86,2,1.500000000,0.531496063
0,87,3,-1.500000000,0.555118110
1,87,3,-1.476377953,0.555118110
2,87,3,-1.452755906,0.555118110
3,87,3,-1.429133858,0.555118110
4,87,3,-1.405511811,0.555118110
5,87,3,-1.381889764,0.555118110
6,87,3,-1.358267717,0.555118110
7,87,3,-1.334645669,0.555118110
8,87,3,-1.311023622,0.555118110
9,87,3,-1.287401575,0.555118110
10,87,4,-1.263779528,0.555118110
11,87,4,-1.240157480,0.555118110
12,87,5,-1.216535433,0.555118110
13,87,5,-1.192913386,0.555118110
14,87,5,-1.169291339,0.555118110
15,87,5,-1.145669291,0.555118110
16,87,5,-1.122047244,0.555118110
17,87,5,-1.098425197,0.555118110
18,87,5,-1.074803150,0.555118110
19,87,5,-1.051181102,0.555118110
20,87,5,-1.027559055,0.555118110
21,87,5,-1.003937008,0.555118110
22,87,5,-0.980314961,0.555118110
23,87,5,-0.956692913,0.555118110
24,87,5,-0.933070866,0.555118110
25,87,5,-0.909448819,0.555118110
26,87,5,-0.885826772,0.555118110
27,87,5,-0.862204724,0.555118110
28,87,5,-0.838582677,0.555118110
29,87,5,-0.814960630,0.555118110
30,87,6,-0.791338583,0.555118110
31,87,6,-0.767716535,0.555118110
32,87,6,-0.744094488,0.555118110
33,87,7,-0.720472441,0.555118110
34,87,7,-0.696850394,0.555118110
35,87,7,-0.673228346,0.555118110
36,87,8,-0.649606299,0.555118110
37,87,9,-0.625984252,0.555118110
38,87,10,-0.602362205,0.555118110
39,87,21,-0.578740157,0.555118110
40,87,144,-0.555118110,0.555118110
41,87,256,-0.531496063,0.555118110
42,87,256,-0.507874016,0.555118110
43,87,256,-0.484251969,0.555118110
44,87,38,-0.460629921,0.555118110
45,87,256,-0.437007874,0.555118110
46,87,256,-0.413385827,0.555118110
47,87,256,-0.389763780,0.555118110
48,87,256,-0.366141732,0.555118110
49,87,256,-0.342519685,0.555118110
50,87,256,-0.318897638,0.555118110
51,87,256,-0.295275591,0.555118110
52,87,256,-0.271653543,0.555118110
53,87,256,-0.248031496,0.555118110
54,87,256,-0.224409449,0.555118110
55,87,256,-0.200787402,0.555118110
56,87,256,-0.177165354,0.555118110
57,87,256,-0.153543307,0.555118110
58,87,256,-0.129921260,0.555118110
59,87,256,-0.106299213,0.555118110
60,87,256,-0.082677165,0.555118110
61,87,256,-0.059055118,0.555118110
62,87,256,-0.035433071,0.555118110
63,87,256,-0.011811024,0.555118110
64,87,256,0.011811024,0.555118110
65,87,256,0.035433071,0.555118110
66,87,256,0.059055118,0.555118110
67,87,256,0.082677165,0.555118110
68,87,256,0.106299213,0.555118110
69,87,256,0.129921260,0.555118110
70,87,256,0.153543307,0.555118110
71,87,256,0.177165354,0.555118110
72,87,78,0.200787402,0.555118110
73,87,19,0.224409449,0.555118110
74,87,256,0.248031496,0.555118110
75,87,256,0.271653543,0.555118110
76,87,256,0.295275591,0.555118110
77,87,256,0.318897638,0.555118110
78,87,38,0.342519685,0.555118110
79,87,13,0.366141732,0.555118110
80,87,11,0.389763780,0.555118110
81,87,7,0.413385827,0.555118110
82,87,6,0.437007874,0.555118110
83,87,5,0.460629921,0.555118110
84,87,5,0.484251969,0.555118110
85,87,5,0.507874016,0.555118110
86,87,4,0.531496063,0.555118110
87,87,4,0.555118110,0.555118110
88,87,3,0.578740157,0.555118110
89,87,3,0.602362205,0.555118110
90,87,3,0.625984252,0.555118110
91,87,3,0.649606299,0.555118110
92,87,3,0.673228346,0.555118110
93,87,3,0.696850394,0.555118110
94,87,3,0.720472441,0.555118110
95,87,3,0.744094488,0.555118110
96,87,3,0.767716535,0.555118110
97,87,3,0.791338583,0.555118110
98,87,3,0.814960630,0.555118110
99,87,3,0.838582677,0.555118110
100,87,3,0.862204724,0.555118110
101,87,3,0.885826772,0.555118110
102,87,3,0.909448819,0.555118110
103,87,3,0.933070866,0.555118110
104,87,3,0.956692913,0.555118110
105,87,3,0.980314961,0.555118110
106,87,3,1.003937008,0.555118110
107,87,3,1.027559055,0.555118110
108,87,3,1.051181102,0.555118110
109,87,3,1.074803150,0.555118110
110,87,3,1.098425197,0.555118110
111,87,2,1.122047244,0.555118110
112,87,2,1.145669291,0.555118110
113,87,2,1.169291339,0.555118110
114,87,2,1.192913386,0.555118110
115,87,2,1.216535433,0.555118110
116,87,2,1.240157480,0.555118110
117,87,2,1.263779528,0.555118110
118,87,2,1.287401575,0.555118110
119,87,2,1.311023622,0.555118110
120,87,2,1.334645669,0.555118110
121,87,2,1.358267717,0.555118110
122,87,2,1.381889764,0.555118110
123,87,2,1.405511811,0.555118110
124,87,2,1.429133858,0.555118110
125,87,2,1.452755906,0.555118110
126,87,2,1.476377953,0.555118110
127,87,2,1.500000000,0.555118110
0,88,3,-1.500000000,0.578740157
1,88,3,-1.476377953,0.578740157
2,88,3,-1.452755906,0.578740157
3,88,3,-1.429133858,0.578740157
4,88,3,-1.405511811,0.578740157
5,88,3,-1.381889764,0.578740157
6,88,3,-1.358267717,0.578740157
7,88,3,-1.334645669,0.578740157
8,88,3,-1.311023622,0.578740157
9,88,3,-1.287401575,0.578740157
10,88,3,-1.263779528,0.578740157
11,88,4,-1.240157480,0.578740157
12,88,4,-1.216535433,0.578740157
13,88,4,-1.192913386,0.578740157
14,88,4,-1.169291339,0.578740157
15,88,4,-1.145669291,0.578740157
16,88,4,-1.122047244,0.578740157
17,88,4,-1.098425197,0.578740157
18,88,4,-1.074803150,0.578740157
19,88,4,-1.051181102,0.578740157
20,88,5,-1.027559055,0.578740157
21,88,5,-1.003937008,0.578740157
22,88,5,-0.980314961,0.578740157
23,88,5,-0.956692913,0.578740157
24,88,5,-0.933070866,0.578740157
25,88,5,-0.909448819,0.578740157
26,88,5,-0.885826772,0.578740157
27,88,5,-0.862204724,0.578740157
28,88,5,-0.838582677,0.578740157
29,88,5,-0.814960630,0.578740157
30,88,5,-0.791338583,0.578740157
31,88,6,-0.767716535,0.578740157
32,88,6,-0.744094488,0.578740157
33,88,6,-0.720472441,0.578740157
34,88,7,-0.696850394,0.578740157
35,88,7,-0.673228346,0.578740157
36,88,8,-0.649606299,0.578740157
37,88,9,-0.625984252,0.578740157
38,88,10,-0.602362205,0.578740157
39,88,36,-0.578740157,0.578740157
40,88,29,-0.555118110,0.578740157
41,88,256,-0.531496063,0.578740157
42,88,256,-0.507874016,0.578740157
43,88,256,-0.484251969,0.578740157
44,88,58,-0.460629921,0.578740157
45,88,150,-0.437007874,0.578740157
46,88,51,-0.413385827,0.578740157
47,88,256,-0.389763780,0.578740157
48,88,256,-0.366141732,0.578740157
49,88,256,-0.342519685,0.578740157
50,88,256,-0.318897638,0.578740157
51,88,256,-0.295275591,0.578740157
52,88,256,-0.271653543,0.578740157
53,88,256,-0.248031496,0.578740157
54,88,256,-0.224409449,0.578740157
55,88,256,-0.200787402,0.578740157
56,88,256,-0.177165354,0.578740157
57,88,256,-0.153543307,0.578740157
58,88,256,-0.129921260,0.578740157
59,88,256,-0.106299213,0.578740157
60,88,256,-0.082677165,0.578740157
61,88,256,-0.059055118,0.578740157
62,88,256,-0.035433071,0.578740157
63,88,256,-0.011811024,0.578740157
64,88,256,0.011811024,0.578740157
65,88,256,0.035433071,0.578740157
66,88,256,0.059055118,0.578740157
67,88,256,0.082677165,0.578740157
68,88,256,0.106299213,0.578740157
69,88,256,0.129921260,0.578740157
70,88,256,0.153543307,0.578740157
71,88,256,0.177165354,0.578740157
72,88,15,0.200787402,0.578740157
73,88,14,0.224409449,0.578740157
74,88,34,0.248031496,0.578740157
75,88,256,0.271653543,0.578740157
76,88,256,0.295275591,0.578740157
77,88,39,0.318897638,0.578740157
78,88,31,0.342519685,0.578740157
79,88,18,0.366141732,0.578740157
80,88,15,0.389763780,0.578740157
81,88,8,0.413385827,0.578740157
82,88,6,0.437007874,0.578740157
83,88,5,0.460629921,0.578740157
84,88,5,0.484251969,0.578740157
85,88,5,0.507874016,0.578740157
86,88,5,0.531496063,0.578740157
87,88,4,0.555118110,0.578740157
88,88,3,0.578740157,0.578740157
89,88,3,0.602362205,0.578740157
90,88,3,0.625984252,0.578740157
91,88,3,0.649606299,0.578740157
92,88,3,0.673228346,0.578740157
93,88,3,0.696850394,0.578740157
94,88,3,0.720472441,0.578740157
95,88,3,0.744094488,0.578740157
96,88,3,0.767716535,0.578740157
97,88,3,0.791338583,0.578740157
98,88,3,0.814960630,0.578740157
99,88,3,0.838582677,0.578740157
100,88,3,0.862204724,0.578740157
101,88,3,0.885826772,0.578740157
102,88,3,0.909448819,0.578740157
103,88,3,0.933070866,0.578740157
104,88,3,0.956692913,0.578740157
105,88,3,0.980314961,0.578740157
106,88,3,1.003937008,0.578740157
107,88,3,1.027559055,0.578740157
108,88,3,1.051181102,0.578740157
109,88,3,1.074803150,0.578740157
110,88,3,1.098425197,0.578740157
111,88,2,1.122047244,0.578740157
112,88,2,1.145669291,0.578740157
113,88,2,1.169291339,0.578740157
114,88,2,1.192913386,0.578740157
115,88,2,1.216535433,0.578740157
116,88,2,1.240157480,0.578740157
117,88,2,1.263779528,0.578740157
118,88,2,1.287401575,0.578740157
119,88,2,1.311023622,0.578740157
120,88,2,1.334645669,0.578740157
121,88,2,1.358267717,0.578740157
122,88,2,1.381889764,0.578740157
123,88,2,1.405511811,0.578740157
124,88,2,1.429133858,0.578740157
125,88,2,1.452755906,0.578740157
126,88,2,1.476377953,0.578740157
127,88,2,1.500000000,0.578740157
0,89,3,-1.500000000,0.602362205
1,89,3,-1.476377953,0.602362205
2,89,3,-1.452755906,0.602362205
3,89,3,-1.429133858,0.602362205
4,89,3,-1.405511811,0.602362205
5,89,3,-1.381889764,0.602362205
6,89,3,-1.358267717,0.602362205
7,89,3,-1.334645669,0.602362205
8,89,3,-1.311023622,0.602362205
9,89,3,-1.287401575,0.602362205
10,89,3,-1.263779528,0.602362205
11,89,3,-1.240157480,0.602362205
12,89,4,-1.216535433,0.602362205
13,89,4,-1.192913386,0.602362205
14,89,4,-1.169291339,0.602362205
15,89,4,-1.145669291,0.602362205
16,89,4,-1.122047244,0.602362205
17,89,4,-1.098425197,0.602362205
18,89,4,-1.074803150,0.602362205
19,89,4,-1.051181102,0.602362205
20,89,4,-1.027559055,0.602362205
21,89,5,-1.003937008,0.602362205
22,89,5,-0.980314961,0.602362205
23,89,5,-0.956692913,0.602362205
24,89,5,-0.933070866,0.602362205
25,89,5,-0.909448819,0.602362205
26,89,5,-0.885826772,0.602362205
27,89,5,-0.862204724,0.602362205
28,89,5,-0.838582677,0.602362205
29,89,5,-0.814960630,0.602362205
30,89,5,-0.791338583,0.602362205
31,89,6,-0.767716535,0.602362205
32,89,6,-0.744094488,0.602362205
33,89,6,-0.720472441,0.602362205
34,89,6,-0.696850394,0.602362205
35,89,7,-0.673228346,0.602362205
36,89,7,-0.649606299,0.602362205
37,89,9,-0.625984252,0.602362205
38,89,13,-0.602362205,0.602362205
39,89,15,-0.578740157,0.602362205
40,89,41,-0.555118110,0.602362205
41,89,256,-0.531496063,0.602362205
42,89,256,-0.507874016,0.602362205
43,89,256,-0.484251969,0.602362205
44,89,166,-0.460629921,0.602362205
45,89,15,-0.437007874,0.602362205
46,89,72,-0.413385827,0.602362205
47,89,28,-0.389763780,0.602362205
48,89,256,-0.366141732,0.602362205
49,89,256,-0.342519685,0.602362205
50,89,256,-0.318897638,0.602362205
51,89,256,-0.295275591,0.602362205
52,89,256,-0.271653543,0.602362205
53,89,256,-0.248031496,0.602362205
54,89,256,-0.224409449,0.602362205
55,89,256,-0.200787402,0.602362205
56,89,256,-0.177165354,0.602362205
57,89,256,-0.153543307,0.602362205
58,89,256,-0.129921260,0.602362205
59,89,256,-0.106299213,0.602362205
60,89,256,-0.082677165,0.602362205
61,89,256,-0.059055118,0.602362205
62,89,256,-0.035433071,0.602362205
63,89,256,-0.011811024,0.602362205
64,89,256,0.011811024,0.602362205
65,89,256,0.035433071,0.602362205
66,89,256,0.059055118,0.602362205
67,89,256,0.082677165,0.602362205
68,89,256,0.106299213,0.602362205
69,89,256,0.129921260,0.602362205
70,89,18,0.153543307,0.602362205
71,89,15,0.177165354,0.602362205
72,89,11,0.200787402,0.602362205
73,89,11,0.224409449,0.602362205
74,89,13,0.248031496,0.602362205
75,89,31,0.271653543,0.602362205
76,89,16,0.295275591,0.602362205
77,89,14,0.318897638,0.602362205
78,89,14,0.342519685,0.602362205
79,89,20,0.366141732,0.602362205
80,89,28,0.389763780,0.602362205
81,89,16,0.413385827,0.602362205
82,89,6,0.437007874,0.602362205
83,89,5,0.460629921,0.602362205
84,89,5,0.484251969,0.602362205
85,89,5,0.507874016,0.602362205
86,89,4,0.531496063,0.602362205
87,89,4,0.555118110,0.602362205
88,89,3,0.578740157,0.602362205
89,89,3,0.602362205,0.602362205
90,89,3,0.625984252,0.602362205
91,89,3,0.649606299,0.602362205
92,89,3,0.673228346,0.602362205
93,89,3,0.696850394,0.602362205
94,89,3,0.720472441,0.602362205
95,89,3,0.744094488,0.602362205
96,89,3,0.767716535,0.602362205
97,89,3,0.791338583,0.602362205
98,89,3,0.814960630,0.602362205
99,89,3,0.838582677,0.602362205
100,89,3,0.862204724,0.602362205
101,89,3,0.885826772,0.602362205
102,89,3,0.909448819,0.602362205
103,89,3,0.933070866,0.602362205
104,89,3,0.956692913,0.602362205
105,89,3,0.980314961,0.602362205
106,89,3,1.003937008,0.602362205
107,89,3,1.027559055,0.602362205
108,89,3,1.051181102,0.602362205
109,89,3,1.074803150,0.602362205
110,89,3,1.098425197,0.602362205
111,89,2,1.122047244,0.602362205
112,89,2,1.145669291,0.602362205
113,89,2,1.169291339,0.602362205
114,89,2,1.192913386,0.602362205
115,89,2,1.216535433,0.602362205
116,89,2,1.240157480,0.602362205
117,89,2,1.263779528,0.602362205
118,89,2,1.287401575,0.602362205
119,89,2,1.311023622,0.602362205
120,89,2,1.334645669,0.602362205
121,89,2,1.358267717,0.602362205
122,89,2,1.381889764,0.602362205
123,89,2,1.405511811,0.602362205
124,89,2,1.429133858,0.602362205
125,89,2,1.452755906,0.602362205
126,89,2,1.476377953,0.602362205
127,89,2,1.500000000,0.602362205
0,90,3,-1.500000000,0.625984252
1,90,3,-1.476377953,0.625984252
2,90,3,-1.452755906,0.625984252
3,90,3,-1.429133858,0.625984252
4,90,3,-1.405511811,0.625984252
5,90,3,-1.381889764,0.625984252
6,90,3,-1.358267717,0.625984252
7,90,3,-1.334645669,0.625984252
8,90,3,-1.311023622,0.625984252
9,90,3,-1.287401575,0.625984252
10,90,3,-1.263779528,0.625984252
11,90,3,-1.240157480,0.625984252
12,90,3,-1.216535433,0.625984252
13,90,4,-1.192913386,0.625984252
14,90,4,-1.169291339,0.625984252
15,90,4,-1.145669291,0.625984252
16,90,4,-1.122047244,0.625984252
17,90,4,-1.098425197,0.625984252
18,90,4,-1.074803150,0.625984252
19,90,4,-1.051181102,0.625984252
20,90,4,-1.027559055,0.625984252
21,90,4,-1.003937008,0.625984252
22,90,4,-0.980314961,0.625984252
23,90,5,-0.956692913,0.625984252
24,90,5,-0.933070866,0.625984252
25,90,5,-0.909448819,0.625984252
26,90,5,-0.885826772,0.625984252
27,90,5,-0.862204724,0.625984252
28,90,5,-0.838582677,0.625984252
29,90,5,-0.814960630,0.625984252
30,90,5,-0.791338583,0.625984252
31,90,5,-0.767716535,0.625984252
32,90,6,-0.744094488,0.625984252
33,90,6,-0.720472441,0.625984252
34,90,6,-0.696850394,0.625984252
35,90,6,-0.673228346,0.625984252
36,90,7,-0.649606299,0.625984252
37,90,9,-0.625984252,0.625984252
38,90,15,-0.602362205,0.625984252
39,90,32,-0.578740157,0.625984252
40,90,39,-0.555118110,0.625984252
41,90,29,-0.531496063,0.625984252
42,90,18,-0.507874016,0.625984252
43,90,51,-0.484251969,0.625984252
44,90,17,-0.460629921,0.625984252
45,90,12,-0.437007874,0.625984252
46,90,14,-0.413385827,0.625984252
47,90,33,-0.389763780,0.625984252
48,90,256,-0.366141732,0.625984252
49,90,58,-0.342519685,0.625984252
50,90,79,-0.318897638,0.625984252
51,90,256,-0.295275591,0.625984252
52,90,256,-0.271653543,0.625984252
53,90,256,-0.248031496,0.625984252
54,90,256,-0.224409449,0.625984252
55,90,256,-0.200787402,0.625984252
56,90,256,-0.177165354,0.625984252
57,90,256,-0.153543307,0.625984252
58,90,256,-0.129921260,0.625984252
59,90,256,-0.106299213,0.625984252
60,90,256,-0.082677165,0.625984252
61,90,256,-0.059055118,0.625984252
62,90,256,-0.035433071,0.625984252
63,90,256,-0.011811024,0.625984252
64,90,256,0.011811024,0.625984252
65,90,256,0.035433071,0.625984252
66,90,81,0.059055118,0.625984252
67,90,76,0.082677165,0.625984252
68,90,67,0.106299213,0.625984252
69,90,256,0.129921260,0.625984252
70,90,19,0.153543307,0.625984252
71,90,11,0.177165354,0.625984252
72,90,9,0.200787402,0.625984252
73,90,9,0.224409449,0.625984252
74,90,11,0.248031496,0.625984252
75,90,11,0.271653543,0.625984252
76,90,10,0.295275591,0.625984252
77,90,10,0.318897638,0.625984252
78,90,12,0.342519685,0.625984252
79,90,18,0.366141732,0.625984252
80,90,9,0.389763780,0.625984252
81,90,9,0.413385827,0.625984252
82,90,6,0.437007874,0.625984252
83,90,5,0.460629921,0.625984252
84,90,4,0.484251969,0.625984252
85,90,4,0.507874016,0.625984252
86,90,4,0.531496063,0.625984252
87,90,4,0.555118110,0.625984252
88,90,3,0.578740157,0.625984252
89,90,3,0.602362205,0.625984252
90,90,3,0.625984252,0.625984252
91,90,3,0.649606299,0.625984252
92,90,3,0.673228346,0.625984252
93,90,3,0.696850394,0.625984252
94,90,3,0.720472441,0.625984252
95,90,3,0.744094488,0.625984252
96,90,3,0.767716535,0.625984252
97,90,3,0.791338583,0.625984252
98,90,3,0.814960630,0.625984252
99,90,3,0.838582677,0.625984252
100,90,3,0.862204724,0.625984252
101,90,3,0.885826772,0.625984252
102,90,3,0.909448819,0.625984252
103,90,3,0.933070866,0.625984252
104,90,3,0.956692913,0.625984252
105,90,3,0.980314961,0.625984252
106,90,3,1.003937008,0.625984252
107,90,3,1.027559055,0.625984252
108,90,3,1.051181102,0.625984252
109,90,3,1.074803150,0.625984252
110,90,2,1.098425197,0.625984252
111,90,2,1.122047244,0.625984252
112,90,2,1.145669291,0.625984252
113,90,2,1.169291339,0.625984252
114,90,2,1.192913386,0.625984252
115,90,2,1.216535433,0.625984252
116,90,2,1.240157480,0.625984252
117,90,2,1.263779528,0.625984252
118,90,2,1.287401575,0.625984252
119,90,2,1.311023622,0.625984252
120,90,2,1.334645669,0.625984252
121,90,2,1.358267717,0.625984252
122,90,2,1.381889764,0.625984252
123,90,2,1.405511811,0.625984252
124,90,2,1.429133858,0.625984252
125,90,2,1.452755906,0.625984252
126,90,2,1.476377953,0.625984252
127,90,2,1.500000000,0.625984252
0,91,3,-1.500000000,0.649606299
1,91,3,-1.476377953,0.649606299
2,91,3,-1.452755906,0.649606299
3,91,3,-1.429133858,0.649606299
4,91,3,-1.405511811,0.649606299
5,91,3,-1.381889764,0.649606299
6,91,3,-1.358267717,0.649606299
7,91,3,-1.334645669,0.649606299
8,91,3,-1.311023622,0.649606299
9,91,3,-1.287401575,0.649606299
10,91,3,-1.263779528,0.649606299
11,91,3,-1.240157480,0.649606299
12,91,3,-1.216535433,0.649606299
13,91,4,-1.192913386,0.649606299
14,91,4,-1.169291339,0.649606299
15,91,4,-1.145669291,0.649606299
16,91,4,-1.122047244,0.649606299
17,91,4,-1.098425197,0.649606299
18,91,4,-1.074803150,0.649606299
19,91,4,-1.051181102,0.649606299
20,91,4,-1.027559055,0.649606299
21,91,4,-1.003937008,0.649606299
22,91,4,-0.980314961,0.649606299
23,91,5,-0.956692913,0.649606299
24,91,5,-0.933070866,0.649606299
25,91,5,-0.909448819,0.649606299
26,91,5,-0.885826772,0.649606299
27,91,5,-0.862204724,0.649606299
28,91,5,-0.838582677,0.649606299
29,91,5,-0.814960630,0.649606299
30,91,5,-0.791338583,0.649606299
31,91,5,-0.767716535,0.649606299
32,91,6,-0.744094488,0.649606299
33,91,6,-0.720472441,0.649606299
34,91,6,-0.696850394,0.649606299
35,91,7,-0.673228346,0.649606299
36,91,7,-0.649606299,0.649606299
37,91,9,-0.625984252,0.649606299
38,91,12,-0.602362205,0.649606299
39,91,31,-0.578740157,0.649606299
40,91,29,-0.555118110,0.649606299
41,91,16,-0.531496063,0.649606299
42,91,13,-0.507874016,0.649606299
43,91,12,-0.484251969,0.649606299
44,91,10,-0.460629921,0.649606299
45,91,10,-0.437007874,0.649606299
46,91,12,-0.413385827,0.649606299
47,91,49,-0.389763780,0.649606299
48,91,83,-0.366141732,0.649606299
49,91,17,-0.342519685,0.649606299
50,91,73,-0.318897638,0.649606299
51,91,140,-0.295275591,0.649606299
52,91,69,-0.271653543,0.649606299
53,91,26,-0.248031496,0.649606299
54,91,50,-0.224409449,0.649606299
55,91,46,-0.200787402,0.649606299
56,91,256,-0.177165354,0.649606299
57,91,133,-0.153543307,0.649606299
58,91,256,-0.129921260,0.649606299
59,91,256,-0.106299213,0.649606299
60,91,134,-0.082677165,0.649606299
61,91,211,-0.059055118,0.649606299
62,91,36,-0.035433071,0.649606299
63,91,63,-0.011811024,0.649606299
64,91,93,0.011811024,0.649606299
65,91,19,0.035433071,0.649606299
66,91,43,0.059055118,0.649606299
67,91,14,0.082677165,0.649606299
68,91,15,0.106299213,0.649606299
69,91,27,0.129921260,0.649606299
70,91,71,0.153543307,0.649606299
71,91,10,0.177165354,0.649606299
72,91,9,0.200787402,0.649606299
73,91,8,0.224409449,0.649606299
74,91,8,0.248031496,0.649606299
75,91,8,0.271653543,0.649606299
76,91,9,0.295275591,0.649606299
77,91,9,0.318897638,0.649606299
78,91,12,0.342519685,0.649606299
79,91,15,0.366141732,0.649606299
80,91,8,0.389763780,0.649606299
81,91,6,0.413385827,0.649606299
82,91,5,0.437007874,0.649606299
83,91,5,0.460629921,0.649606299
84,91,4,0.484251969,0.649606299
85,91,4,0.507874016,0.649606299
86,91,4,0.531496063,0.649606299
87,91,4,0.555118110,0.649606299
88,91,3,0.578740157,0.649606299
89,91,3,0.602362205,0.649606299
90,91,3,0.625984252,0.649606299
91,91,3,0.649606299,0.649606299
92,91,3,0.673228346,0.649606299
93,91,3,0.696850394,0.649606299
94,91,3,0.720472441,0.649606299
95,91,3,0.744094488,0.649606299
96,91,3,0.767716535,0.649606299
97,91,3,0.791338583,0.649606299
98,91,3,0.814960630,0.649606299
99,91,3,0.838582677,0.649606299
100,91,3,0.862204724,0.649606299
101,91,3,0.885826772,0.649606299
102,91,3,0.909448819,0.649606299
103,91,3,0.933070866,0.649606299
104,91,3,0.956692913,0.649606299
105,91,3,0.980314961,0.649606299
106,91,3,1.003937008,0.649606299
107,91,3,1.027559055,0.649606299
108,91,2,1.051181102,0.649606299
109,91,2,1.074803150,0.649606299
110,91,2,1.098425197,0.649606299
111,91,2,1.122047244,0.649606299
112,91,2,1.145669291,0.649606299
113,91,2,1.169291339,0.649606299
114,91,2,1.192913386,0.649606299
115,91,2,1.216535433,0.649606299
116,91,2,1.240157480,0.649606299
117,91,2,1.263779528,0.649606299
118,91,2,1.287401575,0.649606299
119,91,2,1.311023622,0.649606299
120,91,2,1.334645669,0.649606299
121,91,2,1.358267717,0.649606299
122,91,2,1.381889764,0.649606299
123,91,2,1.405511811,0.649606299
124,91,2,1.429133858,0.649606299
125,91,2,1.452755906,0.649606299
126,91,2,1.476377953,0.649606299
127,91,2,1.500000000,0.649606299
0,92,3,-1.500000000,0.673228346
1,92,3,-1.476377953,0.673228346
2,92,3,-1.452755906,0.673228346
3,92,3,-1.429133858,0.673228346
4,92,3,-1.405511811,0.673228346
5,92,3,-1.381889764,0.673228346
6,92,3,-1.358267717,0.673228346
7,92,3,-1.334645669,0.673228346
8,92,3,-1.311023622,0.673228346
9,92,3,-1.287401575,0.673228346
10,92,3,-1.263779528,0.673228346
11,92,3,-1.240157480,0.673228346
12,92,3,-1.216535433,0.673228346
13,92,3,-1.192913386,0.673228346
14,92,4,-1.169291339,0.673228346
15,92,4,-1.145669291,0.673228346
16,92,4,-1.122047244,0.673228346
17,92,4,-1.098425197,0.673228346
18,92,4,-1.074803150,0.673228346
19,92,4,-1.051181102,0.673228346
20,92,4,-1.027559055,0.673228346
21,92,4,-1.003937008,0.673228346
22,92,4,-0.980314961,0.673228346
23,92,4,-0.956692913,0.673228346
24,92,5,-0.933070866,0.673228346
25,92,5,-0.909448819,0.673228346
26,92,5,-0.885826772,0.673228346
27,92,5,-0.862204724,0.673228346
28,92,5,-0.838582677,0.673228346
29,92,5,-0.814960630,0.673228346
30,92,5,-0.791338583,0.673228346
31,92,5,-0.767716535,0.673228346
32,92,5,-0.744094488,0.673228346
33,92,5,-0.720472441,0.673228346
34,92,5,-0.696850394,0.673228346
35,92,6,-0.673228346,0.673228346
36,92,7,-0.649606299,0.673228346
37,92,11,-0.625984252,0.673228346
38,92,16,-0.602362205,0.673228346
39,92,12,-0.578740157,0.673228346
40,92,13,-0.555118110,0.673228346
41,92,27,-0.531496063,0.673228346
42,92,11,-0.507874016,0.673228346
43,92,9,-0.484251969,0.673228346
44,92,9,-0.460629921,0.673228346
45,92,9,-0.437007874,0.673228346
46,92,10,-0.413385827,0.673228346
47,92,40,-0.389763780,0.673228346
48,92,17,-0.366141732,0.673228346
49,92,12,-0.342519685,0.673228346
50,92,12,-0.318897638,0.673228346
51,92,14,-0.295275591,0.673228346
52,92,13,-0.271653543,0.673228346
53,92,15,-0.248031496,0.673228346
54,92,17,-0.224409449,0.673228346
55,92,28,-0.200787402,0.673228346
56,92,256,-0.177165354,0.673228346
57,92,256,-0.153543307,0.673228346
58,92,256,-0.129921260,0.673228346
59,92,256,-0.106299213,0.673228346
60,92,256,-0.082677165,0.673228346
61,92,158,-0.059055118,0.673228346
62,92,19,-0.035433071,0.673228346
63,92,15,-0.011811024,0.673228346
64,92,13,0.011811024,0.673228346
65,92,12,0.035433071,0.673228346
66,92,12,0.059055118,0.673228346
67,92,11,0.082677165,0.673228346
68,92,11,0.106299213,0.673228346
69,92,16,0.129921260,0.673228346
70,92,11,0.153543307,0.673228346
71,92,9,0.177165354,0.673228346
72,92,8,0.200787402,0.673228346
73,92,7,0.224409449,0.673228346
74,92,7,0.248031496,0.673228346
75,92,7,0.271653543,0.673228346
76,92,7,0.295275591,0.673228346
77,92,8,0.318897638,0.673228346
78,92,9,0.342519685,0.673228346
79,92,16,0.366141732,0.673228346
80,92,7,0.389763780,0.673228346
81,92,6,0.413385827,0.673228346
82,92,5,0.437007874,0.673228346
83,92,4,0.460629921,0.673228346
84,92,4,0.484251969,0.673228346
85,92,4,0.507874016,0.673228346
86,92,4,0.531496063,0.673228346
87,92,4,0.555118110,0.673228346
88,92,3,0.578740157,0.673228346
89,92,3,0.602362205,0.673228346
90,92,3,0.625984252,0.673228346
91,92,3,0.649606299,0.673228346
92,92,3,0.673228346,0.673228346
93,92,3,0.696850394,0.673228346
94,92,3,0.720472441,0.673228346
95,92,3,0.744094488,0.673228346
96,92,3,0.767716535,0.673228346
97,92,3,0.791338583,0.673228346
98,92,3,0.814960630,0.673228346
99,92,3,0.838582677,0.673228346
100,92,3,0.862204724,0.673228346
101,92,3,0.885826772,0.673228346
102,92,3,0.909448819,0.673228346
103,92,3,0.933070866,0.673228346
104,92,3,0.956692913,0.673228346
105,92,3,0.980314961,0.673228346
106,92,2,1.003937008,0.673228346
107,92,2,1.027559055,0.673228346
108,92,2,1.051181102,0.673228346
109,92,2,1.074803150,0.673228346
110,92,2,1.098425197,0.673228346
111,92,2,1.122047244,0.673228346
112,92,2,1.145669291,0.673228346
113,92,2,1.169291339,0.673228346
114,92,2,1.192913386,0.673228346
115,92,2,1.216535433,0.673228346
116,92,2,1.240157480,0.673228346
117,92,2,1.263779528,0.673228346
118,92,2,1.287401575,0.673228346
119,92,2,1.311023622,0.673228346
120,92,2,1.334645669,0.673228346
121,92,2,1.358267717,0.673228346
122,92,2,1.381889764,0.673228346
123,92,2,1.405511811,0.673228346
124,92,2,1.429133858,0.673228346
125,92,2,1.452755906,0.673228346
126,92,2,1.476377953,0.673228346
127,92,2,1.500000000,0.673228346
0,93,3,-1.500000000,0.696850394
1,93,3,-1.476377953,0.696850394
2,93,3,-1.452755906,0.696850394
3,93,3,-1.429133858,0.696850394
4,93,3,-1.405511811,0.696850394
5,93,3,-1.381889764,0.696850394
6,93,3,-1.358267717,0.696850394
7,93,3,-1.334645669,0.696850394
8,93,3,-1.311023622,0.696850394
9,93,3,-1.287401575,0.696850394
10,93,3,-1.263779528,0.696850394
11,93,3,-1.240157480,0.696850394
12,93,3,-1.216535433,0.696850394
13,93,3,-1.192913386,0.696850394
14,93,4,-1.169291339,0.696850394
15,93,4,-1.145669291,0.696850394
16,93,4,-1.122047244,0.696850394
17,93,4,-1.098425197,0.696850394
18,93,4,-1.074803150,0.696850394
19,93,4,-1.051181102,0.696850394
20,93,4,-1.027559055,0.696850394
21,93,4,-1.003937008,0.696850394
22,93,4,-0.980314961,0.696850394
23,93,4,-0.956692913,0.696850394
24,93,4,-0.933070866,0.696850394
25,93,5,-0.909448819,0.696850394
26,93,5,-0.885826772,0.696850394
27,93,4,-0.862204724,0.696850394
28,93,4,-0.838582677,0.696850394
29,93,4,-0.814960630,0.696850394
30,93,4,-0.791338583,0.696850394
31,93,5,-0.767716535,0.696850394
32,93,5,-0.744094488,0.696850394
33,93,5,-0.720472441,0.696850394
34,93,5,-0.696850394,0.696850394
35,93,5,-0.673228346,0.696850394
36,93,6,-0.649606299,0.696850394
37,93,8,-0.625984252,0.696850394
38,93,9,-0.602362205,0.696850394
39,93,8,-0.578740157,0.696850394
40,93,8,-0.555118110,0.696850394
41,93,12,-0.531496063,0.696850394
42,93,10,-0.507874016,0.696850394
43,93,8,-0.484251969,0.696850394
44,93,8,-0.460629921,0.696850394
45,93,8,-0.437007874,0.696850394
46,93,8,-0.413385827,0.696850394
47,93,9,-0.389763780,0.696850394
48,93,9,-0.366141732,0.696850394
49,93,10,-0.342519685,0.696850394
50,93,10,-0.318897638,0.696850394
51,93,11,-0.295275591,0.696850394
52,93,12,-0.271653543,0.696850394
53,93,14,-0.248031496,0.696850394
54,93,42,-0.224409449,0.696850394
55,93,256,-0.200787402,0.696850394
56,93,256,-0.177165354,0.696850394
57,93,256,-0.153543307,0.696850394
58,93,256,-0.129921260,0.696850394
59,93,256,-0.106299213,0.696850394
60,93,256,-0.082677165,0.696850394
61,93,256,-0.059055118,0.696850394
62,93,39,-0.035433071,0.696850394
63,93,15,-0.011811024,0.696850394
64,93,12,0.011811024,0.696850394
65,93,11,0.035433071,0.696850394
66,93,9,0.059055118,0.696850394
67,93,9,0.082677165,0.696850394
68,93,9,0.106299213,0.696850394
69,93,9,0.129921260,0.696850394
70,93,8,0.153543307,0.696850394
71,93,7,0.177165354,0.696850394
72,93,7,0.200787402,0.696850394
73,93,6,0.224409449,0.696850394
74,93,6,0.248031496,0.696850394
75,93,6,0.271653543,0.696850394
76,93,7,0.295275591,0.696850394
77,93,7,0.318897638,0.696850394
78,93,9,0.342519685,0.696850394
79,93,9,0.366141732,0.696850394
80,93,6,0.389763780,0.696850394
81,93,5,0.413385827,0.696850394
82,93,5,0.437007874,0.696850394
83,93,4,0.460629921,0.696850394
84,93,4,0.484251969,0.696850394
85,93,4,0.507874016,0.696850394
86,93,4,0.531496063,0.696850394
87,93,4,0.555118110,0.696850394
88,93,4,0.578740157,0.696850394
89,93,3,0.602362205,0.696850394
90,93,3,0.625984252,0.696850394
91,93,3,0.649606299,0.696850394
92,93,3,0.673228346,0.696850394
93,93,3,0.696850394,0.696850394
94,93,3,0.720472441,0.696850394
95,93,3,0.744094488,0.696850394
96,93,3,0.767716535,0.696850394
97,93,3,0.791338583,0.696850394
98,93,3,0.814960630,0.696850394
99,93,3,0.838582677,0.696850394
100,93,3,0.862204724,0.696850394
101,93,3,0.885826772,0.696850394
102,93,3,0.909448819,0.696850394
103,93,3,0.933070866,0.696850394
104,93,2,0.956692913,0.696850394
105,93,2,0.980314961,0.696850394
106,93,2,1.003937008,0.696850394
107,93,2,1.027559055,0.696850394
108,93,2,1.051181102,0.696850394
109,93,2,1.074803150,0.696850394
110,93,2,1.098425197,0.696850394
111,93,2,1.122047244,0.696850394
112,93,2,1.145669291,0.696850394
113,93,2,1.169291339,0.696850394
114,93,2,1.192913386,0.696850394
115,93,2,1.216535433,0.696850394
116,93,2,1.240157480,0.696850394
117,93,2,1.263779528,0.696850394
118,93,2,1.287401575,0.696850394
119,93,2,1.311023622,0.696850394
120,93,2,1.334645669,0.696850394
121,93,2,1.358267717,0.696850394
122,93,2,1.381889764,0.696850394
123,93,2,1.405511811,0.696850394
124,93,2,1.429133858,0.696850394
125,93,2,1.452755906,0.696850394
126,93,2,1.476377953,0.696850394
127,93,2,1.500000000,0.696850394
0,94,3,-1.500000000,0.720472441
1,94,3,-1.476377953,0.720472441
2,94,3,-1.452755906,0.720472441
3,94,3,-1.429133858,0.720472441
4,94,3,-1.405511811,0.720472441
5,94,3,-1.381889764,0.720472441
6,94,3,-1.358267717,0.720472441
7,94,3,-1.334645669,0.720472441
8,94,3,-1.311023622,0.720472441
9,94,3,-1.287401575,0.720472441
10,94,3,-1.263779528,0.720472441
11,94,3,-1.240157480,0.720472441
12,94,3,-1.216535433,0.720472441
13,94,3,-1.192913386,0.720472441
14,94,4,-1.169291339,0.720472441
15,94,4,-1.145669291,0.720472441
16,94,4,-1.122047244,0.720472441
17,94,4,-1.098425197,0.720472441
18,94,4,-1.074803150,0.720472441
19,94,4,-1.051181102,0.720472441
20,94,4,-1.027559055,0.720472441
21,94,4,-1.003937008,0.720472441
22,94,4,-0.980314961,0.720472441
23,94,4,-0.956692913,0.720472441
24,94,4,-0.933070866,0.720472441
25,94,4,-0.909448819,0.720472441
26,94,4,-0.885826772,0.720472441
27,94,4,-0.862204724,0.720472441
28,94,4,-0.838582677,0.720472441
29,94,4,-0.814960630,0.720472441
30,94,4,-0.791338583,0.720472441
31,94,4,-0.767716535,0.720472441
32,94,4,-0.744094488,0.720472441
33,94,4,-0.720472441,0.720472441
34,94,5,-0.696850394,0.720472441
35,94,5,-0.673228346,0.720472441
36,94,5,-0.649606299,0.720472441
37,94,6,-0.625984252,0.720472441
38,94,6,-0.602362205,0.720472441
39,94,7,-0.578740157,0.720472441
40,94,7,-0.555118110,0.720472441
41,94,7,-0.531496063,0.720472441
42,94,7,-0.507874016,0.720472441
43,94,7,-0.484251969,0.720472441
44,94,7,-0.460629921,0.720472441
45,94,7,-0.437007874,0.720472441
46,94,7,-0.413385827,0.720472441
47,94,8,-0.389763780,0.720472441
48,94,8,-0.366141732,0.720472441
49,94,9,-0.342519685,0.720472441
50,94,9,-0.318897638,0.720472441
51,94,10,-0.295275591,0.720472441
52,94,11,-0.271653543,0.720472441
53,94,29,-0.248031496,0.720472441
54,94,124,-0.224409449,0.720472441
55,94,256,-0.200787402,0.720472441
56,94,256,-0.177165354,0.720472441
57,94,256,-0.153543307,0.720472441
58,94,256,-0.129921260,0.720472441
59,94,256,-0.106299213,0.720472441
60,94,256,-0.082677165,0.720472441
61,94,256,-0.059055118,0.720472441
62,94,256,-0.035433071,0.720472441
63,94,44,-0.011811024,0.720472441
64,94,11,0.011811024,0.720472441
65,94,10,0.035433071,0.720472441
66,94,8,0.059055118,0.720472441
67,94,8,0.082677165,0.720472441
68,94,8,0.106299213,0.720472441
69,94,7,0.129921260,0.720472441
70,94,7,0.153543307,0.720472441
71,94,7,0.177165354,0.720472441
72,94,6,0.200787402,0.720472441
73,94,6,0.224409449,0.720472441
74,94,6,0.248031496,0.720472441
75,94,6,0.271653543,0.720472441
76,94,6,0.295275591,0.720472441
77,94,6,0.318897638,0.720472441
78,94,6,0.342519685,0.720472441
79,94,6,0.366141732,0.720472441
80,94,5,0.389763780,0.720472441
81,94,5,0.413385827,0.720472441
82,94,4,0.437007874,0.720472441
83,94,4,0.460629921,0.720472441
84,94,4,0.484251969,0.720472441
85,94,4,0.507874016,0.720472441
86,94,4,0.531496063,0.720472441
87,94,4,0.555118110,0.720472441
88,94,4,0.578740157,0.720472441
89,94,3,0.602362205,0.720472441
90,94,3,0.625984252,0.720472441
91,94,3,0.649606299,0.720472441
92,94,3,0.673228346,0.720472441
93,94,3,0.696850394,0.720472441
94,94,3,0.720472441,0.720472441
95,94,3,0.744094488,0.720472441
96,94,3,0.767716535,0.720472441
97,94,3,0.791338583,0.720472441
98,94,3,0.814960630,0.720472441
99,94,3,0.838582677,0.720472441
100,94,3,0.862204724,0.720472441
101,94,3,0.885826772,0.720472441
102,94,2,0.909448819,0.720472441
103,94,2,0.933070866,0.720472441
104,94,2,0.956692913,0.720472441
105,94,2,0.980314961,0.720472441
106,94,2,1.003937008,0.720472441
107,94,2,1.027559055,0.720472441
108,94,2,1.051181102,0.720472441
109,94,2,1.074803150,0.720472441
110,94,2,1.098425197,0.720472441
111,94,2,1.122047244,0.720472441
112,94,2,1.145669291,0.720472441
113,94,2,1.169291339,0.720472441
114,94,2,1.192913386,0.720472441
115,94,2,1.216535433,0.720472441
116,94,2,1.240157480,0.720472441
117,94,2,1.263779528,0.720472441
118,94,2,1.287401575,0.720472441
119,94,2,1.311023622,0.720472441
120,94,2,1.334645669,0.720472441
121,94,2,1.358267717,0.720472441
122,94,2,1.381889764,0.720472441
123,94,2,1.405511811,0.720472441
124,94,2,1.429133858,0.720472441
125,94,2,1.452755906,0.720472441
126,94,2,1.476377953,0.720472441
127,94,2,1.500000000,0.720472441
0,95,3,-1.500000000,0.744094488
1,95,3,-1.476377953,0.744094488
2,95,3,-1.452755906,0.744094488
3,95,3,-1.429133858,0.744094488
4,95,3,-1.405511811,0.744094488
5,95,3,-1.381889764,0.744094488
6,95,3,-1.358267717,0.744094488
7,95,3,-1.334645669,0.744094488
8,95,3,-1.311023622,0.744094488
9,95,3,-1.287401575,0.744094488
10,95,3,-1.263779528,0.744094488
11,95,3,-1.240157480,0.744094488
12,95,3,-1.216535433,0.744094488
13,95,3,-1.192913386,0.744094488
14,95,3,-1.169291339,0.744094488
15,95,4,-1.145669291,0.744094488
16,95,4,-1.122047244,0.744094488
17,95,4,-1.098425197,0.744094488
18,95,4,-1.074803150,0.744094488
19,95,4,-1.051181102,0.744094488
20,95,4,-1.027559055,0.744094488
21,95,4,-1.003937008,0.744094488
22,95,4,-0.980314961,0.744094488
23,95,4,-0.956692913,0.744094488
24,95,4,-0.933070866,0.744094488
25,95,4,-0.909448819,0.744094488
26,95,4,-0.885826772,0.744094488
27,95,4,-0.862204724,0.744094488
28,95,4,-0.838582677,0.744094488
29,95,4,-0.814960630,0.744094488
30,95,4,-0.791338583,0.744094488
31,95,4,-0.767716535,0.744094488
32,95,4,-0.744094488,0.744094488
33,95,4,-0.720472441,0.744094488
34,95,4,-0.696850394,0.744094488
35,95,5,-0.673228346,0.744094488
36,95,5,-0.649606299,0.744094488
37,95,6,-0.625984252,0.744094488
38,95,6,-0.602362205,0.744094488
39,95,6,-0.578740157,0.744094488
40,95,6,-0.555118110,0.744094488
41,95,6,-0.531496063,0.744094488
42,95,6,-0.507874016,0.744094488
43,95,7,-0.484251969,0.744094488
44,95,6,-0.460629921,0.744094488
45,95,7,-0.437007874,0.744094488
46,95,7,-0.413385827,0.744094488
47,95,7,-0.389763780,0.744094488
48,95,8,-0.366141732,0.744094488
49,95,8,-0.342519685,0.744094488
50,95,8,-0.318897638,0.744094488
51,95,9,-0.295275591,0.744094488
52,95,12,-0.271653543,0.744094488
53,95,28,-0.248031496,0.744094488
54,95,98,-0.224409449,0.744094488
55,95,256,-0.200787402,0.744094488
56,95,256,-0.177165354,0.744094488
57,95,256,-0.153543307,0.744094488
58,95,256,-0.129921260,0.744094488
59,95,256,-0.106299213,0.744094488
60,95,256,-0.082677165,0.744094488
61,95,256,-0.059055118,0.744094488
62,95,256,-0.035433071,0.744094488
63,95,37,-0.011811024,0.744094488
64,95,17,0.011811024,0.744094488
65,95,9,0.035433071,0.744094488
66,95,8,0.059055118,0.744094488
67,95,8,0.082677165,0.744094488
68,95,7,0.106299213,0.744094488
69,95,7,0.129921260,0.744094488
70,95,6,0.153543307,0.744094488
71,95,6,0.177165354,0.744094488
72,95,6,0.200787402,0.744094488
73,95,6,0.224409449,0.744094488
74,95,6,0.248031496,0.744094488
75,95,6,0.271653543,0.744094488
76,95,5,0.295275591,0.744094488
77,95,5,0.318897638,0.744094488
78,95,5,0.342519685,0.744094488
79,95,5,0.366141732,0.744094488
80,95,5,0.389763780,0.744094488
81,95,5,0.413385827,0.744094488
82,95,4,0.437007874,0.744094488
83,95,4,0.460629921,0.744094488
84,95,4,0.484251969,0.744094488
85,95,4,0.507874016,0.744094488
86,95,4,0.531496063,0.744094488
87,95,4,0.555118110,0.744094488
88,95,4,0.578740157,0.744094488
89,95,3,0.602362205,0.744094488
90,95,3,0.625984252,0.744094488
91,95,3,0.649606299,0.744094488
92,95,3,0.673228346,0.744094488
93,95,3,0.696850394,0.744094488
94,95,3,0.720472441,0.744094488
95,95,3,0.744094488,0.744094488
96,95,3,0.767716535,0.744094488
97,95,3,0.791338583,0.744094488
98,95,3,0.814960630,0.744094488
99,95,3,0.838582677,0.744094488
100,95,2,0.862204724,0.744094488
101,95,2,0.885826772,0.744094488
102,95,2,0.909448819,0.744094488
103,95,2,0.933070866,0.744094488
104,95,2,0.956692913,0.744094488
105,95,2,0.980314961,0.744094488
106,95,2,1.003937008,0.744094488
107,95,2,1.027559055,0.744094488
108,95,2,1.051181102,0.744094488
109,95,2,1.074803150,0.744094488
110,95,2,1.098425197,0.744094488
111,95,2,1.122047244,0.744094488
112,95,2,1.145669291,0.744094488
113,95,2,1.169291339,0.744094488
114,95,2,1.192913386,0.744094488
115,95,2,1.216535433,0.744094488
116,95,2,1.240157480,0.744094488
117,95,2,1.263779528,0.744094488
118,95,2,1.287401575,0.744094488
119,95,2,1.311023622,0.744094488
120,95,2,1.334645669,0.744094488
121,95,2,1.358267717,0.744094488
122,95,2,1.381889764,0.744094488
123,95,2,1.405511811,0.744094488
124,95,2,1.429133858,0.744094488
125,95,2,1.452755906,0.744094488
126,95,2,1.476377953,0.744094488
127,95,2,1.500000000,0.744094488
0,96,3,-1.500000000,0.767716535
1,96,3,-1.476377953,0.767716535
2,96,3,-1.452755906,0.767716535
3,96,3,-1.429133858,0.767716535
4,96,3,-1.405511811,0.767716535
5,96,3,-1.381889764,0.767716535
6,96,3,-1.358267717,0.767716535
7,96,3,-1.334645669,0.767716535
8,96,3,-1.311023622,0.767716535
9,96,3,-1.287401575,0.767716535
10,96,3,-1.263779528,0.767716535
11,96,3,-1.240157480,0.767716535
12,96,3,-1.216535433,0.767716535
13,96,3,-1.192913386,0.767716535
14,96,3,-1.169291339,0.767716535
15,96,4,-1.145669291,0.767716535
16,96,4,-1.122047244,0.767716535
17,96,4,-1.098425197,0.767716535
18,96,4,-1.074803150,0.767716535
19,96,4,-1.051181102,0.767716535
20,96,4,-1.027559055,0.767716535
21,96,4,-1.003937008,0.767716535
22,96,4,-0.980314961,0.767716535
23,96,4,-0.956692913,0.767716535
24,96,4,-0.933070866,0.767716535
25,96,4,-0.909448819,0.767716535
26,96,4,-0.885826772,0.767716535
27,96,4,-0.862204724,0.767716535
28,96,4,-0.838582677,0.767716535
29,96,4,-0.814960630,0.767716535
30,96,4,-0.791338583,0.767716535
31,96,4,-0.767716535,0.767716535
32,96,4,-0.744094488,0.767716535
33,96,4,-0.720472441,0.767716535
34,96,4,-0.696850394,0.767716535
35,96,4,-0.673228346,0.767716535
36,96,5,-0.649606299,0.767716535
37,96,5,-0.625984252,0.767716535
38,96,5,-0.602362205,0.767716535
39,96,5,-0.578740157,0.767716535
40,96,5,-0.555118110,0.767716535
41,96,6,-0.531496063,0.767716535
42,96,6,-0.507874016,0.767716535
43,96,6,-0.484251969,0.767716535
44,96,6,-0.460629921,0.767716535
45,96,6,-0.437007874,0.767716535
46,96,6,-0.413385827,0.767716535
47,96,7,-0.389763780,0.767716535
48,96,7,-0.366141732,0.767716535
49,96,7,-0.342519685,0.767716535
50,96,8,-0.318897638,0.767716535
51,96,9,-0.295275591,0.767716535
52,96,12,-0.271653543,0.767716535
53,96,49,-0.248031496,0.767716535
54,96,32,-0.224409449,0.767716535
55,96,256,-0.200787402,0.767716535
56,96,256,-0.177165354,0.767716535
57,96,256,-0.153543307,0.767716535
58,96,256,-0.129921260,0.767716535
59,96,256,-0.106299213,0.767716535
60,96,256,-0.082677165,0.767716535
61,96,256,-0.059055118,0.767716535
62,96,256,-0.035433071,0.767716535
63,96,18,-0.011811024,0.767716535
64,96,14,0.011811024,0.767716535
65,96,9,0.035433071,0.767716535
66,96,8,0.059055118,0.767716535
67,96,7,0.082677165,0.767716535
68,96,7,0.106299213,0.767716535
69,96,6,0.129921260,0.767716535
70,96,6,0.153543307,0.767716535
71,96,6,0.177165354,0.767716535
72,96,5,0.200787402,0.767716535
73,96,5,0.224409449,0.767716535
74,96,5,0.248031496,0.767716535
75,96,5,0.271653543,0.767716535
76,96,5,0.295275591,0.767716535
77,96,5,0.318897638,0.767716535
78,96,5,0.342519685,0.767716535
79,96,4,0.366141732,0.767716535
80,96,4,0.389763780,0.767716535
81,96,4,0.413385827,0.767716535
82,96,4,0.437007874,0.767716535
83,96,4,0.460629921,0.767716535
84,96,4,0.484251969,0.767716535
85,96,4,0.507874016,0.767716535
86,96,4,0.531496063,0.767716535
87,96,4,0.555118110,0.767716535
88,96,3,0.578740157,0.767716535
89,96,3,0.602362205,0.767716535
90,96,3,0.625984252,0.767716535
91,96,3,0.649606299,0.767716535
92,96,3,0.673228346,0.767716535
93,96,3,0.696850394,0.767716535
94,96,3,0.720472441,0.767716535
95,96,3,0.744094488,0.767716535
96,96,3,0.767716535,0.767716535
97,96,3,0.791338583,0.767716535
98,96,2,0.814960630,0.767716535
99,96,2,0.838582677,0.767716535
100,96,2,0.862204724,0.767716535
101,96,2,0.885826772,0.767716535
102,96,2,0.909448819,0.767716535
103,96,2,0.933070866,0.767716535
104,96,2,0.956692913,0.767716535
105,96,2,0.980314961,0.767716535
106,96,2,1.003937008,0.767716535
107,96,2,1.027559055,0.767716535
108,96,2,1.051181102,0.767716535
109,96,2,1.074803150,0.767716535
110,96,2,1.098425197,0.767716535
111,96,2,1.122047244,0.767716535
112,96,2,1.145669291,0.767716535
113,96,2,1.169291339,0.767716535
114,96,2,1.192913386,0.767716535
115,96,2,1.216535433,0.767716535
116,96,2,1.240157480,0.767716535
117,96,2,1.263779528,0.767716535
118,96,2,1.287401575,0.767716535
119,96,2,1.311023622,0.767716535
120,96,2,1.334645669,0.767716535
121,96,2,1.358267717,0.767716535
122,96,2,1.381889764,0.767716535
123,96,2,1.405511811,0.767716535
124,96,2,1.429133858,0.767716535
125,96,2,1.452755906,0.767716535
126,96,2,1.476377953,0.767716535
127,96,2,1.500000000,0.767716535
0,97,3,-1.500000000,0.791338583
1,97,3,-1.476377953,0.791338583
2,97,3,-1.452755906,0.791338583
3,97,3,-1.429133858,0.791338583
4,97,3,-1.405511811,0.791338583
5,97,3,-1.381889764,0.791338583
6,97,3,-1.358267717,0.791338583
7,97,3,-1.334645669,0.791338583
8,97,3,-1.311023622,0.791338583
9,97,3,-1.287401575,0.791338583
10,97,3,-1.263779528,0.791338583
11,97,3,-1.240157480,0.791338583
12,97,3,-1.216535433,0.791338583
13,97,3,-1.192913386,0.791338583
14,97,3,-1.169291339,0.791338583
15,97,4,-1.145669291,0.791338583
16,97,4,-1.122047244,0.791338583
17,97,4,-1.098425197,0.791338583
18,97,4,-1.074803150,0.791338583
19,97,4,-1.051181102,0.791338583
20,97,4,-1.027559055,0.791338583
21,97,4,-1.003937008,0.791338583
22,97,4,-0.980314961,0.791338583
23,97,4,-0.956692913,0.791338583
24,97,4,-0.933070866,0.791338583
25,97,4,-0.909448819,0.791338583
26,97,4,-0.885826772,0.791338583
27,97,4,-0.862204724,0.791338583
28,97,4,-0.838582677,0.791338583
29,97,4,-0.814960630,0.791338583
30,97,4,-0.791338583,0.791338583
31,97,4,-0.767716535,0.791338583
32,97,4,-0.744094488,0.791338583
33,97,4,-0.720472441,0.791338583
34,97,4,-0.696850394,0.791338583
35,97,4,-0.673228346,0.791338583
36,97,4,-0.649606299,0.791338583
37,97,5,-0.625984252,0.791338583
38,97,5,-0.602362205,0.791338583
39,97,5,-0.578740157,0.791338583
40,97,5,-0.555118110,0.791338583
41,97,5,-0.531496063,0.791338583
42,97,6,-0.507874016,0.791338583
43,97,6,-0.484251969,0.791338583
44,97,6,-0.460629921,0.791338583
45,97,6,-0.437007874,0.791338583
46,97,6,-0.413385827,0.791338583
47,97,7,-0.389763780,0.791338583
48,97,7,-0.366141732,0.791338583
49,97,7,-0.342519685,0.791338583
50,97,8,-0.318897638,0.791338583
51,97,9,-0.295275591,0.791338583
52,97,11,-0.271653543,0.791338583
53,97,14,-0.248031496,0.791338583
54,97,26,-0.224409449,0.791338583
55,97,256,-0.200787402,0.791338583
56,97,256,-0.177165354,0.791338583
57,97,256,-0.153543307,0.791338583
58,97,256,-0.129921260,0.791338583
59,97,256,-0.106299213,0.791338583
60,97,256,-0.082677165,0.791338583
61,97,256,-0.059055118,0.791338583
62,97,256,-0.035433071,0.791338583
63,97,110,-0.011811024,0.791338583
64,97,12,0.011811024,0.791338583
65,97,9,0.035433071,0.791338583
66,97,7,0.059055118,0.791338583
67,97,7,0.082677165,0.791338583
68,97,7,0.106299213,0.791338583
69,97,6,0.129921260,0.791338583
70,97,5,0.153543307,0.791338583
71,97,5,0.177165354,0.791338583
72,97,5,0.200787402,0.791338583
73,97,5,0.224409449,0.791338583
74,97,5,0.248031496,0.791338583
75,97,5,0.271653543,0.791338583
76,97,5,0.295275591,0.791338583
77,97,5,0.318897638,0.791338583
78,97,4,0.342519685,0.791338583
79,97,4,0.366141732,0.791338583
80,97,4,0.389763780,0.791338583
81,97,4,0.413385827,0.791338583
82,97,4,0.437007874,0.791338583
83,97,4,0.460629921,0.791338583
84,97,4,0.484251969,0.791338583
85,97,3,0.507874016,0.791338583
86,97,3,0.531496063,0.791338583
87,97,3,0.555118110,0.791338583
88,97,3,0.578740157,0.791338583
89,97,3,0.602362205,0.791338583
90,97,3,0.625984252,0.791338583
91,97,3,0.649606299,0.791338583
92,97,3,0.673228346,0.791338583
93,97,3,0.696850394,0.791338583
94,97,3,0.720472441,0.791338583
95,97,3,0.744094488,0.791338583
96,97,2,0.767716535,0.791338583
97,97,2,0.791338583,0.791338583
98,97,2,0.814960630,0.791338583
99,97,2,0.838582677,0.791338583
100,97,2,0.862204724,0.791338583
101,97,2,0.885826772,0.791338583
102,97,2,0.909448819,0.791338583
103,97,2,0.933070866,0.791338583
104,97,2,0.956692913,0.791338583
105,97,2,0.980314961,0.791338583
106,97,2,1.003937008,0.791338583
107,97,2,1.027559055,0.791338583
108,97,2,1.051181102,0.791338583
109,97,2,1.074803150,0.791338583
110,97,2,1.098425197,0.791338583
111,97,2,1.122047244,0.791338583
112,97,2,1.145669291,0.791338583
113,97,2,1.169291339,0.791338583
114,97,2,1.192913386,0.791338583
115,97,2,1.216535433,0.791338583
116,97,2,1.240157480,0.791338583
117,97,2,1.263779528,0.791338583
118,97,2,1.287401575,0.791338583
119,97,2,1.311023622,0.791338583
120,97,2,1.334645669,0.791338583
121,97,2,1.358267717,0.791338583
122,97,2,1.381889764,0.791338583
123,97,2,1.405511811,0.791338583
124,97,2,1.429133858,0.791338583
125,97,2,1.452755906,0.791338583
126,97,2,1.476377953,0.791338583
127,97,2,1.500000000,0.791338583
0,98,3,-1.500000000,0.814960630
1,98,3,-1.476377953,0.814960630
2,98,3,-1.452755906,0.814960630
3,98,3,-1.429133858,0.814960630
4,98,3,-1.405511811,0.814960630
5,98,3,-1.381889764,0.814960630
6,98,3,-1.358267717,0.814960630
7,98,3,-1.334645669,0.814960630
8,98,3,-1.311023622,0.814960630
9,98,3,-1.287401575,0.814960630
10,98,3,-1.263779528,0.814960630
11,98,3,-1.240157480,0.814960630
12,98,3,-1.216535433,0.814960630
13,98,3,-1.192913386,0.814960630
14,98,3,-1.169291339,0.814960630
15,98,3,-1.145669291,0.814960630
16,98,4,-1.122047244,0.814960630
17,98,4,-1.098425197,0.814960630
18,98,4,-1.074803150,0.814960630
19,98,4,-1.051181102,0.814960630
20,98,4,-1.027559055,0.814960630
21,98,4,-1.003937008,0.814960630
22,98,4,-0.980314961,0.814960630
23,98,4,-0.956692913,0.814960630
24,98,4,-0.933070866,0.814960630
25,98,4,-0.909448819,0.814960630
26,98,4,-0.885826772,0.814960630
27,98,4,-0.862204724,0.814960630
28,98,4,-0.838582677,0.814960630
29,98,4,-0.814960630,0.814960630
30,98,4,-0.791338583,0.814960630
31,98,4,-0.767716535,0.814960630
32,98,4,-0.744094488,0.814960630
33,98,4,-0.720472441,0.814960630
34,98,4,-0.696850394,0.814960630
35,98,4,-0.673228346,0.814960630
36,98,4,-0.649606299,0.814960630
37,98,4,-0.625984252,0.814960630
38,98,5,-0.602362205,0.814960630
39,98,5,-0.578740157,0.814960630
40,98,5,-0.555118110,0.814960630
41,98,5,-0.531496063,0.814960630
42,98,5,-0.507874016,0.814960630
43,98,6,-0.484251969,0.814960630
44,98,6,-0.460629921,0.814960630
45,98,6,-0.437007874,0.814960630
46,98,6,-0.413385827,0.814960630
47,98,6,-0.389763780,0.814960630
48,98,7,-0.366141732,0.814960630
49,98,7,-0.342519685,0.814960630
50,98,8,-0.318897638,0.814960630
51,98,9,-0.295275591,0.814960630
52,98,11,-0.271653543,0.814960630
53,98,23,-0.248031496,0.814960630
54,98,171,-0.224409449,0.814960630
55,98,50,-0.200787402,0.814960630
56,98,256,-0.177165354,0.814960630
57,98,256,-0.153543307,0.814960630
58,98,256,-0.129921260,0.814960630
59,98,256,-0.106299213,0.814960630
60,98,256,-0.082677165,0.814960630
61,98,103,-0.059055118,0.814960630
62,98,25,-0.035433071,0.814960630
63,98,20,-0.011811024,0.814960630
64,98,17,0.011811024,0.814960630
65,98,21,0.035433071,0.814960630
66,98,7,0.059055118,0.814960630
67,98,7,0.082677165,0.814960630
68,98,6,0.106299213,0.814960630
69,98,6,0.129921260,0.814960630
70,98,5,0.153543307,0.814960630
71,98,5,0.177165354,0.814960630
72,98,5,0.200787402,0.814960630
73,98,5,0.224409449,0.814960630
74,98,5,0.248031496,0.814960630
75,98,5,0.271653543,0.814960630
76,98,5,0.295275591,0.814960630
77,98,4,0.318897638,0.814960630
78,98,4,0.342519685,0.814960630
79,98,4,0.366141732,0.814960630
80,98,4,0.389763780,0.814960630
81,98,4,0.413385827,0.814960630
82,98,4,0.437007874,0.814960630
83,98,4,0.460629921,0.814960630
84,98,3,0.484251969,0.814960630
85,98,3,0.507874016,0.814960630
86,98,3,0.531496063,0.814960630
87,98,3,0.555118110,0.814960630
88,98,3,0.578740157,0.814960630
89,98,3,0.602362205,0.814960630
90,98,3,0.625984252,0.814960630
91,98,3,0.649606299,0.814960630
92,98,3,0.673228346,0.814960630
93,98,3,0.696850394,0.814960630
94,98,3,0.720472441,0.814960630
95,98,2,0.744094488,0.814960630
96,98,2,0.767716535,0.814960630
97,98,2,0.791338583,0.814960630
98,98,2,0.814960630,0.814960630
99,98,2,0.838582677,0.814960630
100,98,2,0.862204724,0.814960630
101,98,2,0.885826772,0.814960630
102,98,2,0.909448819,0.814960630
103,98,2,0.933070866,0.814960630
104,98,2,0.956692913,0.814960630
105,98,2,0.980314961,0.814960630
106,98,2,1.003937008,0.814960630
107,98,2,1.027559055,0.814960630
108,98,2,1.051181102,0.814960630
109,98,2,1.074803150,0.814960630
110,98,2,1.098425197,0.814960630
111,98,2,1.122047244,0.814960630
112,98,2,1.145669291,0.814960630
113,98,2,1.169291339,0.814960630
114,98,2,1.192913386,0.814960630
115,98,2,1.216535433,0.814960630
116,98,2,1.240157480,0.814960630
117,98,2,1.263779528,0.814960630
118,98,2,1.287401575,0.814960630
119,98,2,1.311023622,0.814960630
120,98,2,1.334645669,0.814960630
121,98,2,1.358267717,0.814960630
122,98,2,1.381889764,0.814960630
123,98,2,1.405511811,0.814960630
124,98,2,1.429133858,0.814960630
125,98,2,1.452755906,0.814960630
126,98,2,1.476377953,0.814960630
127,98,2,1.500000000,0.814960630
0,99,3,-1.500000000,0.838582677
1,99,3,-1.476377953,0.838582677
2,99,3,-1.452755906,0.838582677
3,99,3,-1.429133858,0.838582677
4,99,3,-1.405511811,0.838582677
5,99,3,-1.381889764,0.838582677
6,99,3,-1.358267717,0.838582677
7,99,3,-1.334645669,0.838582677
8,99,3,-1.311023622,0.838582677
9,99,3,-1.287401575,0.838582677
10,99,3,-1.263779528,0.838582677
11,99,3,-1.240157480,0.838582677
12,99,3,-1.216535433,0.838582677
13,99,3,-1.192913386,0.838582677
14,99,3,-1.169291339,0.838582677
15,99,3,-1.145669291,0.838582677
16,99,3,-1.122047244,0.838582677
17,99,3,-1.098425197,0.838582677
18,99,3,-1.074803150,0.838582677
19,99,3,-1.051181102,0.838582677
20,99,3,-1.027559055,0.838582677
21,99,3,-1.003937008,0.838582677
22,99,3,-0.980314961,0.838582677
23,99,4,-0.956692913,0.838582677
24,99,4,-0.933070866,0.838582677
25,99,4,-0.909448819,0.838582677
26,99,4,-0.885826772,0.838582677
27,99,4,-0.862204724,0.838582677
28,99,4,-0.838582677,0.838582677
29,99,4,-0.814960630,0.838582677
30,99,4,-0.791338583,0.838582677
31,99,4,-0.767716535,0.838582677
32,99,4,-0.744094488,0.838582677
33,99,4,-0.720472441,0.838582677
34,99,4,-0.696850394,0.838582677
35,99,4,-0.673228346,0.838582677
36,99,4,-0.649606299,0.838582677
37,99,4,-0.625984252,0.838582677
38,99,5,-0.602362205,0.838582677
39,99,5,-0.578740157,0.838582677
40,99,5,-0.555118110,0.838582677
41,99,5,-0.531496063,0.838582677
42,99,5,-0.507874016,0.838582677
43,99,6,-0.484251969,0.838582677
44,99,5,-0.460629921,0.838582677
45,99,5,-0.437007874,0.838582677
46,99,6,-0.413385827,0.838582677
47,99,6,-0.389763780,0.838582677
48,99,6,-0.366141732,0.838582677
49,99,6,-0.342519685,0.838582677
50,99,7,-0.318897638,0.838582677
51,99,12,-0.295275591,0.838582677
52,99,21,-0.271653543,0.838582677
53,99,18,-0.248031496,0.838582677
54,99,17,-0.224409449,0.838582677
55,99,18,-0.200787402,0.838582677
56,99,105,-0.177165354,0.838582677
57,99,43,-0.153543307,0.838582677
58,99,256,-0.129921260,0.838582677
59,99,189,-0.106299213,0.838582677
60,99,40,-0.082677165,0.838582677
61,99,20,-0.059055118,0.838582677
62,99,14,-0.035433071,0.838582677
63,99,16,-0.011811024,0.838582677
64,99,15,0.011811024,0.838582677
65,99,9,0.035433071,0.838582677
66,99,7,0.059055118,0.838582677
67,99,6,0.082677165,0.838582677
68,99,6,0.106299213,0.838582677
69,99,5,0.129921260,0.838582677
70,99,5,0.153543307,0.838582677
71,99,5,0.177165354,0.838582677
72,99,5,0.200787402,0.838582677
73,99,5,0.224409449,0.838582677
74,99,5,0.248031496,0.838582677
75,99,5,0.271653543,0.838582677
76,99,4,0.295275591,0.838582677
77,99,4,0.318897638,0.838582677
78,99,4,0.342519685,0.838582677
79,99,4,0.366141732,0.838582677
80,99,4,0.389763780,0.838582677
81,99,4,0.413385827,0.838582677
82,99,3,0.437007874,0.838582677
83,99,3,0.460629921,0.838582677
84,99,3,0.484251969,0.838582677
85,99,3,0.507874016,0.838582677
86,99,3,0.531496063,0.838582677
87,99,3,0.555118110,0.838582677
88,99,3,0.578740157,0.838582677
89,99,3,0.602362205,0.838582677
90,99,3,0.625984252,0.838582677
91,99,3,0.649606299,0.838582677
92,99,3,0.673228346,0.838582677
93,99,2,0.696850394,0.838582677
94,99,2,0.720472441,0.838582677
95,99,2,0.744094488,0.838582677
96,99,2,0.767716535,0.838582677
97,99,2,0.791338583,0.838582677
98,99,2,0.814960630,0.838582677
99,99,2,0.838582677,0.838582677
100,99,2,0.862204724,0.838582677
101,99,2,0.885826772,0.838582677
102,99,2,0.909448819,0.838582677
103,99,2,0.933070866,0.838582677
104,99,2,0.956692913,0.838582677
105,99,2,0.980314961,0.838582677
106,99,2,1.003937008,0.838582677
107,99,2,1.027559055,0.838582677
108,99,2,1.051181102,0.838582677
109,99,2,1.074803150,0.838582677
110,99,2,1.098425197,0.838582677
111,99,2,1.122047244,0.838582677
112,99,2,1.145669291,0.838582677
113,99,2,1.169291339,0.838582677
114,99,2,1.192913386,0.838582677
115,99,2,1.216535433,0.838582677
116,99,2,1.240157480,0.838582677
117,99,2,1.263779528,0.838582677
118,99,2,1.287401575,0.838582677
119,99,2,1.311023622,0.838582677
120,99,2,1.334645669,0.838582677
121,99,2,1.358267717,0.838582677
122,99,2,1.381889764,0.838582677
123,99,2,1.405511811,0.838582677
124,99,2,1.429133858,0.838582677
125,99,2,1.452755906,0.838582677
126,99,2,1.476377953,0.838582677
127,99,2,1.500000000,0.838582677
0,100,3,-1.500000000,0.862204724
1,100,3,-1.476377953,0.862204724
2,100,3,-1.452755906,0.862204724
3,100,3,-1.429133858,0.862204724
4,100,3,-1.405511811,0.862204724
5,100,3,-1.381889764,0.862204724
6,100,3,-1.358267717,0.862204724
7,100,3,-1.334645669,0.862204724
8,100,3,-1.311023622,0.862204724
9,100,3,-1.287401575,0.862204724
10,100,3,-1.263779528,0.862204724
11,100,3,-1.240157480,0.862204724
12,100,3,-1.216535433,0.862204724
13,100,3,-1.192913386,0.862204724
14,100,3,-1.169291339,0.862204724
15,100,3,-1.145669291,0.862204724
16,100,3,-1.122047244,0.862204724
17,100,3,-1.098425197,0.862204724
18,100,3,-1.074803150,0.862204724
19,100,3,-1.051181102,0.862204724
20,100,3,-1.027559055,0.862204724
21,100,3,-1.003937008,0.862204724
22,100,3,-0.980314961,0.862204724
23,100,3,-0.956692913,0.862204724
24,100,3,-0.933070866,0.862204724
25,100,3,-0.909448819,0.862204724
26,100,4,-0.885826772,0.862204724
27,100,4,-0.862204724,0.862204724
28,100,4,-0.838582677,0.862204724
29,100,4,-0.814960630,0.862204724
30,100,4,-0.791338583,0.862204724
31,100,4,-0.767716535,0.862204724
32,100,4,-0.744094488,0.862204724
33,100,4,-0.720472441,0.862204724
34,100,4,-0.696850394,0.862204724
35,100,4,-0.673228346,0.862204724
36,100,4,-0.649606299,0.862204724
37,100,4,-0.625984252,0.862204724
38,100,5,-0.602362205,0.862204724
39,100,5,-0.578740157,0.862204724
40,100,5,-0.555118110,0.862204724
41,100,5,-0.531496063,0.862204724
42,100,5,-0.507874016,0.862204724
43,100,5,-0.484251969,0.862204724
44,100,5,-0.460629921,0.862204724
45,100,5,-0.437007874,0.862204724
46,100,5,-0.413385827,0.862204724
47,100,5,-0.389763780,0.862204724
48,100,6,-0.366141732,0.862204724
49,100,6,-0.342519685,0.862204724
50,100,7,-0.318897638,0.862204724
51,100,8,-0.295275591,0.862204724
52,100,10,-0.271653543,0.862204724
53,100,13,-0.248031496,0.862204724
54,100,14,-0.224409449,0.862204724
55,100,12,-0.200787402,0.862204724
56,100,16,-0.177165354,0.862204724
57,100,21,-0.153543307,0.862204724
58,100,256,-0.129921260,0.862204724
59,100,256,-0.106299213,0.862204724
60,100,79,-0.082677165,0.862204724
61,100,14,-0.059055118,0.862204724
62,100,11,-0.035433071,0.862204724
63,100,10,-0.011811024,0.862204724
64,100,11,0.011811024,0.862204724
65,100,9,0.035433071,0.862204724
66,100,7,0.059055118,0.862204724
67,100,6,0.082677165,0.862204724
68,100,6,0.106299213,0.862204724
69,100,5,0.129921260,0.862204724
70,100,5,0.153543307,0.862204724
71,100,5,0.177165354,0.862204724
72,100,5,0.200787402,0.862204724
73,100,5,0.224409449,0.862204724
74,100,5,0.248031496,0.862204724
75,100,4,0.271653543,0.862204724
76,100,4,0.295275591,0.862204724
77,100,4,0.318897638,0.862204724
78,100,4,0.342519685,0.862204724
79,100,4,0.366141732,0.862204724
80,100,4,0.389763780,0.862204724
81,100,3,0.413385827,0.862204724
82,100,3,0.437007874,0.862204724
83,100,3,0.460629921,0.862204724
84,100,3,0.484251969,0.862204724
85,100,3,0.507874016,0.862204724
86,100,3,0.531496063,0.862204724
87,100,3,0.555118110,0.862204724
88,100,3,0.578740157,0.862204724
89,100,3,0.602362205,0.862204724
90,100,3,0.625984252,0.862204724
91,100,3,0.649606299,0.862204724
92,100,2,0.673228346,0.862204724
93,100,2,0.696850394,0.862204724
94,100,2,0.720472441,0.862204724
95,100,2,0.744094488,0.862204724
96,100,2,0.767716535,0.862204724
97,100,2,0.791338583,0.862204724
98,100,2,0.814960630,0.862204724
99,100,2,0.838582677,0.862204724
100,100,2,0.862204724,0.862204724
101,100,2,0.885826772,0.862204724
102,100,2,0.909448819,0.862204724
103,100,2,0.933070866,0.862204724
104,100,2,0.956692913,0.862204724
105,100,2,0.980314961,0.862204724
106,100,2,1.003937008,0.862204724
107,100,2,1.027559055,0.862204724
108,100,2,1.051181102,0.862204724
109,100,2,1.074803150,0.862204724
110,100,2,1.098425197,0.862204724
111,100,2,1.122047244,0.862204724
112,100,2,1.145669291,0.862204724
113,100,2,1.169291339,0.862204724
114,100,2,1.192913386,0.862204724
115,100,2,1.216535433,0.862204724
116,100,2,1.240157480,0.862204724
117,100,2,1.263779528,0.862204724
118,100,2,1.287401575,0.862204724
119,100,2,1.311023622,0.862204724
120,100,2,1.334645669,0.862204724
121,100,2,1.358267717,0.862204724
122,100,2,1.381889764,0.862204724
123,100,2,1.405511811,0.862204724
124,100,2,1.429133858,0.862204724
125,100,2,1.452755906,0.862204724
126,100,2,1.476377953,0.862204724
127,100,2,1.500000000,0.862204724
0,101,3,-1.500000000,0.885826772
1,101,3,-1.476377953,0.885826772
2,101,3,-1.452755906,0.885826772
3,101,3,-1.429133858,0.885826772
4,101,3,-1.405511811,0.885826772
5,101,3,-1.381889764,0.885826772
6,101,3,-1.358267717,0.885826772
7,101,3,-1.334645669,0.885826772
8,101,3,-1.311023622,0.885826772
9,101,3,-1.287401575,0.885826772
10,101,3,-1.263779528,0.885826772
11,101,3,-1.240157480,0.885826772
12,101,3,-1.216535433,0.885826772
13,101,3,-1.192913386,0.885826772
14,101,3,-1.169291339,0.885826772
15,101,3,-1.145669291,0.885826772
16,101,3,-1.122047244,0.885826772
17,101,3,-1.098425197,0.885826772
18,101,3,-1.074803150,0.885826772
19,101,3,-1.051181102,0.885826772
20,101,3,-1.027559055,0.885826772
21,101,3,-1.003937008,0.885826772
22,101,3,-0.980314961,0.885826772
23,101,3,-0.956692913,0.885826772
24,101,3,-0.933070866,0.885826772
25,101,3,-0.909448819,0.885826772
26,101,3,-0.885826772,0.885826772
27,101,3,-0.862204724,0.885826772
28,101,4,-0.838582677,0.885826772
29,101,4,-0.814960630,0.885826772
30,101,4,-0.791338583,0.885826772
31,101,4,-0.767716535,0.885826772
32,101,4,-0.744094488,0.885826772
33,101,4,-0.720472441,0.885826772
34,101,4,-0.696850394,0.885826772
35,101,4,-0.673228346,0.885826772
36,101,4,-0.649606299,0.885826772
37,101,4,-0.625984252,0.885826772
38,101,4,-0.602362205,0.885826772
39,101,5,-0.578740157,0.885826772
40,101,5,-0.555118110,0.885826772
41,101,5,-0.531496063,0.885826772
42,101,5,-0.507874016,0.885826772
43,101,5,-0.484251969,0.885826772
44,101,5,-0.460629921,0.885826772
45,101,5,-0.437007874,0.885826772
46,101,5,-0.413385827,0.885826772
47,101,5,-0.389763780,0.885826772
48,101,5,-0.366141732,0.885826772
49,101,6,-0.342519685,0.885826772
50,101,7,-0.318897638,0.885826772
51,101,7,-0.295275591,0.885826772
52,101,8,-0.271653543,0.885826772
53,101,14,-0.248031496,0.885826772
54,101,10,-0.224409449,0.885826772
55,101,10,-0.200787402,0.885826772
56,101,12,-0.177165354,0.885826772
57,101,18,-0.153543307,0.885826772
58,101,31,-0.129921260,0.885826772
59,101,256,-0.106299213,0.885826772
60,101,45,-0.082677165,0.885826772
61,101,17,-0.059055118,0.885826772
62,101,10,-0.035433071,0.885826772
63,101,8,-0.011811024,0.885826772
64,101,8,0.011811024,0.885826772
65,101,7,0.035433071,0.885826772
66,101,6,0.059055118,0.885826772
67,101,6,0.082677165,0.885826772
68,101,5,0.106299213,0.885826772
69,101,5,0.129921260,0.885826772
70,101,5,0.153543307,0.885826772
71,101,5,0.177165354,0.885826772
72,101,5,0.200787402,0.885826772
73,101,5,0.224409449,0.885826772
74,101,5,0.248031496,0.885826772
75,101,4,0.271653543,0.885826772
76,101,4,0.295275591,0.885826772
77,101,4,0.318897638,0.885826772
78,101,4,0.342519685,0.885826772
79,101,4,0.366141732,0.885826772
80,101,3,0.389763780,0.885826772
81,101,3,0.413385827,0.885826772
82,101,3,0.437007874,0.885826772
83,101,3,0.460629921,0.885826772
84,101,3,0.484251969,0.885826772
85,101,3,0.507874016,0.885826772
86,101,3,0.531496063,0.885826772
87,101,3,0.555118110,0.885826772
88,101,3,0.578740157,0.885826772
89,101,3,0.602362205,0.885826772
90,101,3,0.625984252,0.885826772
91,101,2,0.649606299,0.885826772
92,101,2,0.673228346,0.885826772
93,101,2,0.696850394,0.885826772
94,101,2,0.720472441,0.885826772
95,101,2,0.744094488,0.885826772
96,101,2,0.767716535,0.885826772
97,101,2,0.791338583,0.885826772
98,101,2,0.814960630,0.885826772
99,101,2,0.838582677,0.885826772
100,101,2,0.862204724,0.885826772
101,101,2,0.885826772,0.885826772
102,101,2,0.909448819,0.885826772
103,101,2,0.933070866,0.885826772
104,101,2,0.956692913,0.885826772
105,101,2,0.980314961,0.885826772
106,101,2,1.003937008,0.885826772
107,101,2,1.027559055,0.885826772
108,101,2,1.051181102,0.885826772
109,101,2,1.074803150,0.885826772
110,101,2,1.098425197,0.885826772
111,101,2,1.122047244,0.885826772
112,101,2,1.145669291,0.885826772
113,101,2,1.169291339,0.885826772
114,101,2,1.192913386,0.885826772
115,101,2,1.216535433,0.885826772
116,101,2,1.240157480,0.885826772
117,101,2,1.263779528,0.885826772
118,101,2,1.287401575,0.885826772
119,101,2,1.311023622,0.885826772
120,101,2,1.334645669,0.885826772
121,101,2,1.358267717,0.885826772
122,101,2,1.381889764,0.885826772
123,101,2,1.405511811,0.885826772
124,101,2,1.429133858,0.885826772
125,101,2,1.452755906,0.885826772
126,101,2,1.476377953,0.885826772
127,101,2,1.500000000,0.885826772
0,102,3,-1.500000000,0.909448819
1,102,3,-1.476377953,0.909448819
2,102,3,-1.452755906,0.909448819
3,102,3,-1.429133858,0.909448819
4,102,3,-1.405511811,0.909448819
5,102,3,-1.381889764,0.909448819
6,102,3,-1.358267717,0.909448819
7,102,3,-1.334645669,0.909448819
8,102,3,-1.311023622,0.909448819
9,102,3,-1.287401575,0.909448819
10,102,3,-1.263779528,0.909448819
11,102,3,-1.240157480,0.909448819
12,102,3,-1.216535433,0.909448819
13,102,3,-1.192913386,0.909448819
14,102,3,-1.169291339,0.909448819
15,102,3,-1.145669291,0.909448819
16,102,3,-1.122047244,0.909448819
17,102,3,-1.098425197,0.909448819
18,102,3,-1.074803150,0.909448819
19,102,3,-1.051181102,0.909448819
20,102,3,-1.027559055,0.909448819
21,102,3,-1.003937008,0.909448819
22,102,3,-0.980314961,0.909448819
23,102,3,-0.956692913,0.909448819
24,102,3,-0.933070866,0.909448819
25,102,3,-0.909448819,0.909448819
26,102,3,-0.885826772,0.909448819
27,102,3,-0.862204724,0.909448819
28,102,3,-0.838582677,0.909448819
29,102,3,-0.814960630,0.909448819
30,102,4,-0.791338583,0.909448819
31,102,4,-0.767716535,0.909448819
32,102,4,-0.744094488,0.909448819
33,102,4,-0.720472441,0.909448819
34,102,4,-0.696850394,0.909448819
35,102,4,-0.673228346,0.909448819
36,102,4,-0.649606299,0.909448819
37,102,4,-0.625984252,0.909448819
38,102,4,-0.602362205,0.909448819
39,102,4,-0.578740157,0.909448819
40,102,4,-0.555118110,0.909448819
41,102,4,-0.531496063,0.909448819
42,102,4,-0.507874016,0.909448819
43,102,4,-0.484251969,0.909448819
44,102,5,-0.460629921,0.909448819
45,102,5,-0.437007874,0.909448819
46,102,5,-0.413385827,0.909448819
47,102,5,-0.389763780,0.909448819
48,102,5,-0.366141732,0.909448819
49,102,5,-0.342519685,0.909448819
50,102,6,-0.318897638,0.909448819
51,102,6,-0.295275591,0.909448819
52,102,7,-0.271653543,0.909448819
53,102,8,-0.248031496,0.909448819
54,102,8,-0.224409449,0.909448819
55,102,9,-0.200787402,0.909448819
56,102,11,-0.177165354,0.909448819
57,102,29,-0.153543307,0.909448819
58,102,16,-0.129921260,0.909448819
59,102,37,-0.106299213,0.909448819
60,102,14,-0.082677165,0.909448819
61,102,12,-0.059055118,0.909448819
62,102,9,-0.035433071,0.909448819
63,102,8,-0.011811024,0.909448819
64,102,7,0.011811024,0.909448819
65,102,6,0.035433071,0.909448819
66,102,6,0.059055118,0.909448819
67,102,5,0.082677165,0.909448819
68,102,5,0.106299213,0.909448819
69,102,5,0.129921260,0.909448819
70,102,5,0.153543307,0.909448819
71,102,4,0.177165354,0.909448819
72,102,4,0.200787402,0.909448819
73,102,4,0.224409449,0.909448819
74,102,4,0.248031496,0.909448819
75,102,4,0.271653543,0.909448819
76,102,4,0.295275591,0.909448819
77,102,4,0.318897638,0.909448819
78,102,4,0.342519685,0.909448819
79,102,3,0.366141732,0.909448819
80,102,3,0.389763780,0.909448819
81,102,3,0.413385827,0.909448819
82,102,3,0.437007874,0.909448819
83,102,3,0.460629921,0.909448819
84,102,3,0.484251969,0.909448819
85,102,3,0.507874016,0.909448819
86,102,3,0.531496063,0.909448819
87,102,3,0.555118110,0.909448819
88,102,3,0.578740157,0.909448819
89,102,2,0.602362205,0.909448819
90,102,2,0.625984252,0.909448819
91,102,2,0.649606299,0.909448819
92,102,2,0.673228346,0.909448819
93,102,2,0.696850394,0.909448819
94,102,2,0.720472441,0.909448819
95,102,2,0.744094488,0.909448819
96,102,2,0.767716535,0.909448819
97,102,2,0.791338583,0.909448819
98,102,2,0.814960630,0.909448819
99,102,2,0.838582677,0.909448819
100,102,2,0.862204724,0.909448819
101,102,2,0.885826772,0.909448819
102,102,2,0.909448819,0.909448819
103,102,2,0.933070866,0.909448819
104,102,2,0.956692913,0.909448819
105,102,2,0.980314961,0.909448819
106,102,2,1.003937008,0.909448819
107,102,2,1.027559055,0.909448819
108,102,2,1.051181102,0.909448819
109,102,2,1.074803150,0.909448819
110,102,2,1.098425197,0.909448819
111,102,2,1.122047244,0.909448819
112,102,2,1.145669291,0.909448819
113,102,2,1.169291339,0.909448819
114,102,2,1.192913386,0.909448819
115,102,2,1.216535433,0.909448819
116,102,2,1.240157480,0.909448819
117,102,2,1.263779528,0.909448819
118,102,2,1.287401575,0.909448819
119,102,2,1.311023622,0.909448819
120,102,2,1.334645669,0.909448819
121,102,2,1.358267717,0.909448819
122,102,2,1.381889764,0.909448819
123,102,2,1.405511811,0.909448819
124,102,2,1.429133858,0.909448819
125,102,2,1.452755906,0.909448819
126,102,2,1.476377953,0.909448819
127,102,2,1.500000000,0.909448819
0,103,3,-1.500000000,0.933070866
1,103,3,-1.476377953,0.933070866
2,103,3,-1.452755906,0.933070866
3,103,3,-1.429133858,0.933070866
4,103,3,-1.405511811,0.933070866
5,103,3,-1.381889764,0.933070866
6,103,3,-1.358267717,0.933070866
7,103,3,-1.334645669,0.933070866
8,103,3,-1.311023622,0.933070866
9,103,3,-1.287401575,0.933070866
10,103,3,-1.263779528,0.933070866
11,103,3,-1.240157480,0.933070866
12,103,3,-1.216535433,0.933070866
13,103,3,-1.192913386,0.933070866
14,103,3,-1.169291339,0.933070866
15,103,3,-1.145669291,0.933070866
16,103,3,-1.122047244,0.933070866
17,103,3,-1.098425197,0.933070866
18,103,3,-1.074803150,0.933070866
19,103,3,-1.051181102,0.933070866
20,103,3,-1.027559055,0.933070866
21,103,3,-1.003937008,0.933070866
22,103,3,-0.980314961,0.933070866
23,103,3,-0.956692913,0.933070866
24,103,3,-0.933070866,0.933070866
25,103,3,-0.909448819,0.933070866
26,103,3,-0.885826772,0.933070866
27,103,3,-0.862204724,0.933070866
28,103,3,-0.838582677,0.933070866
29,103,3,-0.814960630,0.933070866
30,103,3,-0.791338583,0.933070866
31,103,4,-0.767716535,0.933070866
32,103,4,-0.744094488,0.933070866
33,103,4,-0.720472441,0.933070866
34,103,4,-0.696850394,0.933070866
35,103,4,-0.673228346,0.933070866
36,103,4,-0.649606299,0.933070866
37,103,4,-0.625984252,0.933070866
38,103,4,-0.602362205,0.933070866
39,103,4,-0.578740157,0.933070866
40,103,4,-0.555118110,0.933070866
41,103,4,-0.531496063,0.933070866
42,103,4,-0.507874016,0.933070866
43,103,4,-0.484251969,0.933070866
44,103,4,-0.460629921,0.933070866
45,103,4,-0.437007874,0.933070866
46,103,5,-0.413385827,0.933070866
47,103,5,-0.389763780,0.933070866
48,103,5,-0.366141732,0.933070866
49,103,5,-0.342519685,0.933070866
50,103,6,-0.318897638,0.933070866
51,103,6,-0.295275591,0.933070866
52,103,6,-0.271653543,0.933070866
53,103,7,-0.248031496,0.933070866
54,103,7,-0.224409449,0.933070866
55,103,8,-0.200787402,0.933070866
56,103,9,-0.177165354,0.933070866
57,103,10,-0.153543307,0.933070866
58,103,13,-0.129921260,0.933070866
59,103,24,-0.106299213,0.933070866
60,103,14,-0.082677165,0.933070866
61,103,10,-0.059055118,0.933070866
62,103,9,-0.035433071,0.933070866
63,103,7,-0.011811024,0.933070866
64,103,7,0.011811024,0.933070866
65,103,6,0.035433071,0.933070866
66,103,5,0.059055118,0.933070866
67,103,5,0.082677165,0.933070866
68,103,5,0.106299213,0.933070866
69,103,4,0.129921260,0.933070866
70,103,4,0.153543307,0.933070866
71,103,4,0.177165354,0.933070866
72,103,4,0.200787402,0.933070866
73,103,4,0.224409449,0.933070866
74,103,4,0.248031496,0.933070866
75,103,4,0.271653543,0.933070866
76,103,4,0.295275591,0.933070866
77,103,4,0.318897638,0.933070866
78,103,4,0.342519685,0.933070866
79,103,3,0.366141732,0.933070866
80,103,3,0.389763780,0.933070866
81,103,3,0.413385827,0.933070866
82,103,3,0.437007874,0.933070866
83,103,3,0.460629921,0.933070866
84,103,3,0.484251969,0.933070866
85,103,3,0.507874016,0.933070866
86,103,3,0.531496063,0.933070866
87,103,3,0.555118110,0.933070866
88,103,2,0.578740157,0.933070866
89,103,2,0.602362205,0.933070866
90,103,2,0.625984252,0.933070866
91,103,2,0.649606299,0.933070866
92,103,2,0.673228346,0.933070866
93,103,2,0.696850394,0.933070866
94,103,2,0.720472441,0.933070866
95,103,2,0.744094488,0.933070866
96,103,2,0.767716535,0.933070866
97,103,2,0.791338583,0.933070866
98,103,2,0.814960630,0.933070866
99,103,2,0.838582677,0.933070866
100,103,2,0.862204724,0.933070866
101,103,2,0.885826772,0.933070866
102,103,2,0.909448819,0.933070866
103,103,2,0.933070866,0.933070866
104,103,2,0.956692913,0.933070866
105,103,2,0.980314961,0.933070866
106,103,2,1.003937008,0.933070866
107,103,2,1.027559055,0.933070866
108,103,2,1.051181102,0.933070866
109,103,2,1.074803150,0.933070866
110,103,2,1.098425197,0.933070866
111,103,2,1.122047244,0.933070866
112,103,2,1.145669291,0.933070866
113,103,2,1.169291339,0.933070866
114,103,2,1.192913386,0.933070866
115,103,2,1.216535433,0.933070866
116,103,2,1.240157480,0.933070866
117,103,2,1.263779528,0.933070866
118,103,2,1.287401575,0.933070866
119,103,2,1.311023622,0.933070866
120,103,2,1.334645669,0.933070866
121,103,2,1.358267717,0.933070866
122,103,2,1.381889764,0.933070866
123,103,2,1.405511811,0.933070866
124,103,2,1.429133858,0.933070866
125,103,2,1.452755906,0.933070866
126,103,2,1.476377953,0.933070866
127,103,2,1.500000000,0.933070866
0,104,3,-1.500000000,0.956692913
1,104,3,-1.476377953,0.956692913
2,104,3,-1.452755906,0.956692913
3,104,3,-1.429133858,0.956692913
4,104,3,-1.405511811,0.956692913
5,104,3,-1.381889764,0.956692913
6,104,3,-1.358267717,0.956692913
7,104,3,-1.334645669,0.956692913
8,104,3,-1.311023622,0.956692913
9,104,3,-1.287401575,0.956692913
10,104,3,-1.263779528,0.956692913
11,104,3,-1.240157480,0.956692913
12,104,3,-1.216535433,0.956692913
13,104,3,-1.192913386,0.956692913
14,104,3,-1.169291339,0.956692913
15,104,3,-1.145669291,0.956692913
16,104,3,-1.122047244,0.956692913
17,104,3,-1.098425197,0.956692913
18,104,3,-1.074803150,0.956692913
19,104,3,-1.051181102,0.956692913
20,104,3,-1.027559055,0.956692913
21,104,3,-1.003937008,0.956692913
22,104,3,-0.980314961,0.956692913
23,104,3,-0.956692913,0.956692913
24,104,3,-0.933070866,0.956692913
25,104,3,-0.909448819,0.956692913
26,104,3,-0.885826772,0.956692913
27,104,3,-0.862204724,0.956692913
28,104,3,-0.838582677,0.956692913
29,104,3,-0.814960630,0.956692913
30,104,3,-0.791338583,0.956692913
31,104,3,-0.767716535,0.956692913
32,104,4,-0.744094488,0.956692913
33,104,4,-0.720472441,0.956692913
34,104,4,-0.696850394,0.956692913
35,104,4,-0.673228346,0.956692913
36,104,4,-0.649606299,0.956692913
37,104,4,-0.625984252,0.956692913
38,104,4,-0.602362205,0.956692913
39,104,4,-0.578740157,0.956692913
40,104,4,-0.555118110,0.956692913
41,104,4,-0.531496063,0.956692913
42,104,4,-0.507874016,0.956692913
43,104,4,-0.484251969,0.956692913
44,104,4,-0.460629921,0.956692913
45,104,4,-0.437007874,0.956692913
46,104,5,-0.413385827,0.956692913
47,104,5,-0.389763780,0.956692913
48,104,5,-0.366141732,0.956692913
49,104,5,-0.342519685,0.956692913
50,104,6,-0.318897638,0.956692913
51,104,6,-0.295275591,0.956692913
52,104,6,-0.271653543,0.956692913
53,104,7,-0.248031496,0.956692913
54,104,7,-0.224409449,0.956692913
55,104,8,-0.200787402,0.956692913
56,104,8,-0.177165354,0.956692913
57,104,10,-0.153543307,0.956692913
58,104,12,-0.129921260,0.956692913
59,104,19,-0.106299213,0.956692913
60,104,15,-0.082677165,0.956692913
61,104,11,-0.059055118,0.956692913
62,104,9,-0.035433071,0.956692913
63,104,8,-0.011811024,0.956692913
64,104,7,0.011811024,0.956692913
65,104,6,0.035433071,0.956692913
66,104,5,0.059055118,0.956692913
67,104,5,0.082677165,0.956692913
68,104,4,0.106299213,0.956692913
69,104,4,0.129921260,0.956692913
70,104,4,0.153543307,0.956692913
71,104,4,0.177165354,0.956692913
72,104,4,0.200787402,0.956692913
73,104,4,0.224409449,0.956692913
74,104,4,0.248031496,0.956692913
75,104,4,0.271653543,0.956692913
76,104,4,0.295275591,0.956692913
77,104,4,0.318897638,0.956692913
78,104,3,0.342519685,0.956692913
79,104,3,0.366141732,0.956692913
80,104,3,0.389763780,0.956692913
81,104,3,0.413385827,0.956692913
82,104,3,0.437007874,0.956692913
83,104,3,0.460629921,0.956692913
84,104,3,0.484251969,0.956692913
85,104,3,0.507874016,0.956692913
86,104,3,0.531496063,0.956692913
87,104,2,0.555118110,0.956692913
88,104,2,0.578740157,0.956692913
89,104,2,0.602362205,0.956692913
90,104,2,0.625984252,0.956692913
91,104,2,0.649606299,0.956692913
92,104,2,0.673228346,0.956692913
93,104,2,0.696850394,0.956692913
94,104,2,0.720472441,0.956692913
95,104,2,0.744094488,0.956692913
96,104,2,0.767716535,0.956692913
97,104,2,0.791338583,0.956692913
98,104,2,0.814960630,0.956692913
99,104,2,0.838582677,0.956692913
100,104,2,0.862204724,0.956692913
101,104,2,0.885826772,0.956692913
102,104,2,0.909448819,0.956692913
103,104,2,0.933070866,0.956692913
104,104,2,0.956692913,0.956692913
105,104,2,0.980314961,0.956692913
106,104,2,1.003937008,0.956692913
107,104,2,1.027559055,0.956692913
108,104,2,1.051181102,0.956692913
109,104,2,1.074803150,0.956692913
110,104,2,1.098425197,0.956692913
111,104,2,1.122047244,0.956692913
112,104,2,1.145669291,0.956692913
113,104,2,1.169291339,0.956692913
114,104,2,1.192913386,0.956692913
115,104,2,1.216535433,0.956692913
116,104,2,1.240157480,0.956692913
117,104,2,1.263779528,0.956692913
118,104,2,1.287401575,0.956692913
119,104,2,1.311023622,0.956692913
120,104,2,1.334645669,0.956692913
121,104,2,1.358267717,0.956692913
122,104,2,1.381889764,0.956692913
123,104,2,1.405511811,0.956692913
124,104,2,1.429133858,0.956692913
125,104,2,1.452755906,0.956692913
126,104,2,1.476377953,0.956692913
127,104,2,1.500000000,0.956692913
0,105,3,-1.500000000,0.980314961
1,105,3,-1.476377953,0.980314961
2,105,3,-1.452755906,0.980314961
3,105,3,-1.429133858,0.980314961
4,105,3,-1.405511811,0.980314961
5,105,3,-1.381889764,0.980314961
6,105,3,-1.358267717,0.980314961
7,105,3,-1.334645669,0.980314961
8,105,3,-1.311023622,0.980314961
9,105,3,-1.287401575,0.980314961
10,105,3,-1.263779528,0.980314961
11,105,3,-1.240157480,0.980314961
12,105,3,-1.216535433,0.980314961
13,105,3,-1.192913386,0.980314961
14,105,3,-1.169291339,0.980314961
15,105,3,-1.145669291,0.980314961
16,105,3,-1.122047244,0.980314961
17,105,3,-1.098425197,0.980314961
18,105,3,-1.074803150,0.980314961
19,105,3,-1.051181102,0.980314961
20,105,3,-1.027559055,0.980314961
21,105,3,-1.003937008,0.980314961
22,105,3,-0.980314961,0.980314961
23,105,3,-0.956692913,0.980314961
24,105,3,-0.933070866,0.980314961
25,105,3,-0.909448819,0.980314961
26,105,3,-0.885826772,0.980314961
27,105,3,-0.862204724,0.980314961
28,105,3,-0.838582677,0.980314961
29,105,3,-0.814960630,0.980314961
30,105,3,-0.791338583,0.980314961
31,105,3,-0.767716535,0.980314961
32,105,3,-0.744094488,0.980314961
33,105,4,-0.720472441,0.980314961
34,105,4,-0.696850394,0.980314961
35,105,4,-0.673228346,0.980314961
36,105,4,-0.649606299,0.980314961
37,105,4,-0.625984252,0.980314961
38,105,4,-0.602362205,0.980314961
39,105,4,-0.578740157,0.980314961
40,105,4,-0.555118110,0.980314961
41,105,4,-0.531496063,0.980314961
42,105,4,-0.507874016,0.980314961
43,105,4,-0.484251969,0.980314961
44,105,4,-0.460629921,0.980314961
45,105,4,-0.437007874,0.980314961
46,105,4,-0.413385827,0.980314961
47,105,5,-0.389763780,0.980314961
48,105,5,-0.366141732,0.980314961
49,105,5,-0.342519685,0.980314961
50,105,5,-0.318897638,0.980314961
51,105,5,-0.295275591,0.980314961
52,105,6,-0.271653543,0.980314961
53,105,6,-0.248031496,0.980314961
54,105,7,-0.224409449,0.980314961
55,105,8,-0.200787402,0.980314961
56,105,9,-0.177165354,0.980314961
57,105,10,-0.153543307,0.980314961
58,105,17,-0.129921260,0.980314961
59,105,12,-0.106299213,0.980314961
60,105,13,-0.082677165,0.980314961
61,105,18,-0.059055118,0.980314961
62,105,14,-0.035433071,0.980314961
63,105,8,-0.011811024,0.980314961
64,105,6,0.011811024,0.980314961
65,105,6,0.035433071,0.980314961
66,105,6,0.059055118,0.980314961
67,105,5,0.082677165,0.980314961
68,105,4,0.106299213,0.980314961
69,105,4,0.129921260,0.980314961
70,105,4,0.153543307,0.980314961
71,105,4,0.177165354,0.980314961
72,105,4,0.200787402,0.980314961
73,105,4,0.224409449,0.980314961
74,105,4,0.248031496,0.980314961
75,105,4,0.271653543,0.980314961
76,105,4,0.295275591,0.980314961
77,105,4,0.318897638,0.980314961
78,105,3,0.342519685,0.980314961
79,105,3,0.366141732,0.980314961
80,105,3,0.389763780,0.980314961
81,105,3,0.413385827,0.980314961
82,105,3,0.437007874,0.980314961
83,105,3,0.460629921,0.980314961
84,105,3,0.484251969,0.980314961
85,105,3,0.507874016,0.980314961
86,105,2,0.531496063,0.980314961
87,105,2,0.555118110,0.980314961
88,105,2,0.578740157,0.980314961
89,105,2,0.602362205,0.980314961
90,105,2,0.625984252,0.980314961
91,105,2,0.649606299,0.980314961
92,105,2,0.673228346,0.980314961
93,105,2,0.696850394,0.980314961
94,105,2,0.720472441,0.980314961
95,105,2,0.744094488,0.980314961
96,105,2,0.767716535,0.980314961
97,105,2,0.791338583,0.980314961
98,105,2,0.814960630,0.980314961
99,105,2,0.838582677,0.980314961
100,105,2,0.862204724,0.980314961
101,105,2,0.885826772,0.980314961
102,105,2,0.909448819,0.980314961
103,105,2,0.933070866,0.980314961
104,105,2,0.956692913,0.980314961
105,105,2,0.980314961,0.980314961
106,105,2,1.003937008,0.980314961
107,105,2,1.027559055,0.980314961
108,105,2,1.051181102,0.980314961
109,105,2,1.074803150,0.980314961
110,105,2,1.098425197,0.980314961
111,105,2,1.122047244,0.980314961
112,105,2,1.145669291,0.980314961
113,105,2,1.169291339,0.980314961
114,105,2,1.192913386,0.980314961
115,105,2,1.216535433,0.980314961
116,105,2,1.240157480,0.980314961
117,105,2,1.263779528,0.980314961
118,105,2,1.287401575,0.980314961
119,105,2,1.311023622,0.980314961
120,105,2,1.334645669,0.980314961
121,105,2,1.358267717,0.980314961
122,105,2,1.381889764,0.980314961
123,105,2,1.405511811,0.980314961
124,105,2,1.429133858,0.980314961
125,105,2,1.452755906,0.980314961
126,105,2,1.476377953,0.980314961
127,105,2,1.500000000,0.980314961
0,106,2,-1.500000000,1.003937008
1,106,3,-1.476377953,1.003937008
2,106,3,-1.452755906,1.003937008
3,106,3,-1.429133858,1.003937008
4,106,3,-1.405511811,1.003937008
5,106,3,-1.381889764,1.003937008
6,106,3,-1.358267717,1.003937008
7,106,3,-1.334645669,1.003937008
8,106,3,-1.311023622,1.003937008
9,106,3,-1.287401575,1.003937008
10,106,3,-1.263779528,1.003937008
11,106,3,-1.240157480,1.003937008
12,106,3,-1.216535433,1.003937008
13,106,3,-1.192913386,1.003937008
14,106,3,-1.169291339,1.003937008
15,106,3,-1.145669291,1.003937008
16,106,3,-1.122047244,1.003937008
17,106,3,-1.098425197,1.003937008
18,106,3,-1.074803150,1.003937008
19,106,3,-1.051181102,1.003937008
20,106,3,-1.027559055,1.003937008
21,106,3,-1.003937008,1.003937008
22,106,3,-0.980314961,1.003937008
23,106,3,-0.956692913,1.003937008
24,106,3,-0.933070866,1.003937008
25,106,3,-0.909448819,1.003937008
26,106,3,-0.885826772,1.003937008
27,106,3,-0.862204724,1.003937008
28,106,3,-0.838582677,1.003937008
29,106,3,-0.814960630,1.003937008
30,106,3,-0.791338583,1.003937008
31,106,3,-0.767716535,1.003937008
32,106,3,-0.744094488,1.003937008
33,106,3,-0.720472441,1.003937008
34,106,4,-0.696850394,1.003937008
35,106,4,-0.673228346,1.003937008
36,106,4,-0.649606299,1.003937008
37,106,4,-0.625984252,1.003937008
38,106,4,-0.602362205,1.003937008
39,106,4,-0.578740157,1.003937008
40,106,4,-0.555118110,1.003937008
41,106,4,-0.531496063,1.003937008
42,106,4,-0.507874016,1.003937008
43,106,4,-0.484251969,1.003937008
44,106,4,-0.460629921,1.003937008
45,106,4,-0.437007874,1.003937008
46,106,4,-0.413385827,1.003937008
47,106,4,-0.389763780,1.003937008
48,106,5,-0.366141732,1.003937008
49,106,5,-0.342519685,1.003937008
50,106,5,-0.318897638,1.003937008
51,106,5,-0.295275591,1.003937008
52,106,5,-0.271653543,1.003937008
53,106,6,-0.248031496,1.003937008
54,106,6,-0.224409449,1.003937008
55,106,7,-0.200787402,1.003937008
56,106,9,-0.177165354,1.003937008
57,106,11,-0.153543307,1.003937008
58,106,13,-0.129921260,1.003937008
59,106,9,-0.106299213,1.003937008
60,106,9,-0.082677165,1.003937008
61,106,10,-0.059055118,1.003937008
62,106,10,-0.035433071,1.003937008
63,106,15,-0.011811024,1.003937008
64,106,7,0.011811024,1.003937008
65,106,5,0.035433071,1.003937008
66,106,5,0.059055118,1.003937008
67,106,4,0.082677165,1.003937008
68,106,4,0.106299213,1.003937008
69,106,4,0.129921260,1.003937008
70,106,4,0.153543307,1.003937008
71,106,4,0.177165354,1.003937008
72,106,4,0.200787402,1.003937008
73,106,4,0.224409449,1.003937008
74,106,4,0.248031496,1.003937008
75,106,4,0.271653543,1.003937008
76,106,4,0.295275591,1.003937008
77,106,3,0.318897638,1.003937008
78,106,3,0.342519685,1.003937008
79,106,3,0.366141732,1.003937008
80,106,3,0.389763780,1.003937008
81,106,3,0.413385827,1.003937008
82,106,3,0.437007874,1.003937008
83,106,3,0.460629921,1.003937008
84,106,3,0.484251969,1.003937008
85,106,2,0.507874016,1.003937008
86,106,2,0.531496063,1.003937008
87,106,2,0.555118110,1.003937008
88,106,2,0.578740157,1.003937008
89,106,2,0.602362205,1.003937008
90,106,2,0.625984252,1.003937008
91,106,2,0.649606299,1.003937008
92,106,2,0.673228346,1.003937008
93,106,2,0.696850394,1.003937008
94,106,2,0.720472441,1.003937008
95,106,2,0.744094488,1.003937008
96,106,2,0.767716535,1.003937008
97,106,2,0.791338583,1.003937008
98,106,2,0.814960630,1.003937008
99,106,2,0.838582677,1.003937008
100,106,2,0.862204724,1.003937008
101,106,2,0.885826772,1.003937008
102,106,2,0.909448819,1.003937008
103,106,2,0.933070866,1.003937008
104,106,2,0.956692913,1.003937008
105,106,2,0.980314961,1.003937008
106,106,2,1.003937008,1.003937008
107,106,2,1.027559055,1.003937008
108,106,2,1.051181102,1.003937008
109,106,2,1.074803150,1.003937008
110,106,2,1.098425197,1.003937008
111,106,2,1.122047244,1.003937008
112,106,2,1.145669291,1.003937008
113,106,2,1.169291339,1.003937008
114,106,2,1.192913386,1.003937008
115,106,2,1.216535433,1.003937008
116,106,2,1.240157480,1.003937008
117,106,2,1.263779528,1.003937008
118,106,2,1.287401575,1.003937008
119,106,2,1.311023622,1.003937008
120,106,2,1.334645669,1.003937008
121,106,2,1.358267717,1.003937008
122,106,2,1.381889764,1.003937008
123,106,2,1.405511811,1.003937008
124,106,2,1.429133858,1.003937008
125,106,2,1.452755906,1.003937008
126,106,2,1.476377953,1.003937008
127,106,2,1.500000000,1.003937008
0,107,2,-1.500000000,1.027559055
1,107,2,-1.476377953,1.027559055
2,107,3,-1.452755906,1.027559055
3,107,3,-1.429133858,1.027559055
4,107,3,-1.405511811,1.027559055
5,107,3,-1.381889764,1.027559055
6,107,3,-1.358267717,1.027559055
7,107,3,-1.334645669,1.027559055
8,107,3,-1.311023622,1.027559055
9,107,3,-1.287401575,1.027559055
10,107,3,-1.263779528,1.027559055
11,107,3,-1.240157480,1.027559055
12,107,3,-1.216535433,1.027559055
13,107,3,-1.192913386,1.027559055
14,107,3,-1.169291339,1.027559055
15,107,3,-1.145669291,1.027559055
16,107,3,-1.122047244,1.027559055
17,107,3,-1.098425197,1.027559055
18,107,3,-1.074803150,1.027559055
19,107,3,-1.051181102,1.027559055
20,107,3,-1.027559055,1.027559055
21,107,3,-1.003937008,1.027559055
22,107,3,-0.980314961,1.027559055
23,107,3,-0.956692913,1.027559055
24,107,3,-0.933070866,1.027559055
25,107,3,-0.909448819,1.027559055
26,107,3,-0.885826772,1.027559055
27,107,3,-0.862204724,1.027559055
28,107,3,-0.838582677,1.027559055
29,107,3,-0.814960630,1.027559055
30,107,3,-0.791338583,1.027559055
31,107,3,-0.767716535,1.027559055
32,107,3,-0.744094488,1.027559055
33,107,3,-0.720472441,1.027559055
34,107,3,-0.696850394,1.027559055
35,107,4,-0.673228346,1.027559055
36,107,4,-0.649606299,1.027559055
37,107,4,-0.625984252,1.027559055
38,107,4,-0.602362205,1.027559055
39,107,4,-0.578740157,1.027559055
40,107,4,-0.555118110,1.027559055
41,107,4,-0.531496063,1.027559055
42,107,4,-0.507874016,1.027559055
43,107,4,-0.484251969,1.027559055
44,107,4,-0.460629921,1.027559055
45,107,4,-0.437007874,1.027559055
46,107,4,-0.413385827,1.027559055
47,107,4,-0.389763780,1.027559055
48,107,5,-0.366141732,1.027559055
49,107,5,-0.342519685,1.027559055
50,107,5,-0.318897638,1.027559055
51,107,5,-0.295275591,1.027559055
52,107,5,-0.271653543,1.027559055
53,107,6,-0.248031496,1.027559055
54,107,6,-0.224409449,1.027559055
55,107,8,-0.200787402,1.027559055
56,107,13,-0.177165354,1.027559055
57,107,24,-0.153543307,1.027559055
58,107,11,-0.129921260,1.027559055
59,107,8,-0.106299213,1.027559055
60,107,7,-0.082677165,1.027559055
61,107,7,-0.059055118,1.027559055
62,107,7,-0.035433071,1.027559055
63,107,15,-0.011811024,1.027559055
64,107,6,0.011811024,1.027559055
65,107,5,0.035433071,1.027559055
66,107,5,0.059055118,1.027559055
67,107,4,0.082677165,1.027559055
68,107,4,0.106299213,1.027559055
69,107,4,0.129921260,1.027559055
70,107,4,0.153543307,1.027559055
71,107,4,0.177165354,1.027559055
72,107,4,0.200787402,1.027559055
73,107,4,0.224409449,1.027559055
74,107,4,0.248031496,1.027559055
75,107,4,0.271653543,1.027559055
76,107,4,0.295275591,1.027559055
77,107,3,0.318897638,1.027559055
78,107,3,0.342519685,1.027559055
79,107,3,0.366141732,1.027559055
80,107,3,0.389763780,1.027559055
81,107,3,0.413385827,1.027559055
82,107,3,0.437007874,1.027559055
83,107,3,0.460629921,1.027559055
84,107,2,0.484251969,1.027559055
85,107,2,0.507874016,1.027559055
86,107,2,0.531496063,1.027559055
87,107,2,0.555118110,1.027559055
88,107,2,0.578740157,1.027559055
89,107,2,0.602362205,1.027559055
90,107,2,0.625984252,1.027559055
91,107,2,0.649606299,1.027559055
92,107,2,0.673228346,1.027559055
93,107,2,0.696850394,1.027559055
94,107,2,0.720472441,1.027559055
95,107,2,0.744094488,1.027559055
96,107,2,0.767716535,1.027559055
97,107,2,0.791338583,1.027559055
98,107,2,0.814960630,1.027559055
99,107,2,0.838582677,1.027559055
100,107,2,0.862204724,1.027559055
101,107,2,0.885826772,1.027559055
102,107,2,0.909448819,1.027559055
103,107,2,0.933070866,1.027559055
104,107,2,0.956692913,1.027559055
105,107,2,0.980314961,1.027559055
106,107,2,1.003937008,1.027559055
107,107,2,1.027559055,1.027559055
108,107,2,1.051181102,1.027559055
109,107,2,1.074803150,1.027559055
110,107,2,1.098425197,1.027559055
111,107,2,1.122047244,1.027559055
112,107,2,1.145669291,1.027559055
113,107,2,1.169291339,1.027559055
114,107,2,1.192913386,1.027559055
115,107,2,1.216535433,1.027559055
116,107,2,1.240157480,1.027559055
117,107,2,1.263779528,1.027559055
118,107,2,1.287401575,1.027559055
119,107,2,1.311023622,1.027559055
120,107,2,1.334645669,1.027559055
121,107,2,1.358267717,1.027559055
122,107,2,1.381889764,1.027559055
123,107,2,1.405511811,1.027559055
124,107,2,1.429133858,1.027559055
125,107,2,1.452755906,1.027559055
126,107,2,1.476377953,1.027559055
127,107,2,1.500000000,1.027559055
0,108,2,-1.500000000,1.051181102
1,108,2,-1.476377953,1.051181102
2,108,2,-1.452755906,1.051181102
3,108,3,-1.429133858,1.051181102
4,108,3,-1.405511811,1.051181102
5,108,3,-1.381889764,1.051181102
6,108,3,-1.358267717,1.051181102
7,108,3,-1.334645669,1.051181102
8,108,3,-1.311023622,1.051181102
9,108,3,-1.287401575,1.051181102
10,108,3,-1.263779528,1.051181102
11,108,3,-1.240157480,1.051181102
12,108,3,-1.216535433,1.051181102
13,108,3,-1.192913386,1.051181102
14,108,3,-1.169291339,1.051181102
15,108,3,-1.145669291,1.051181102
16,108,3,-1.122047244,1.051181102
17,108,3,-1.098425197,1.051181102
18,108,3,-1.074803150,1.051181102
19,108,3,-1.051181102,1.051181102
20,108,3,-1.027559055,1.051181102
21,108,3,-1.003937008,1.051181102
22,108,3,-0.980314961,1.051181102
23,108,3,-0.956692913,1.051181102
24,108,3,-0.933070866,1.051181102
25,108,3,-0.909448819,1.051181102
26,108,3,-0.885826772,1.051181102
27,108,3,-0.862204724,1.051181102
28,108,3,-0.838582677,1.051181102
29,108,3,-0.814960630,1.051181102
30,108,3,-0.791338583,1.051181102
31,108,3,-0.767716535,1.051181102
32,108,3,-0.744094488,1.051181102
33,108,3,-0.720472441,1.051181102
34,108,3,-0.696850394,1.051181102
35,108,3,-0.673228346,1.051181102
36,108,4,-0.649606299,1.051181102
37,108,4,-0.625984252,1.051181102
38,108,4,-0.602362205,1.051181102
39,108,4,-0.578740157,1.051181102
40,108,4,-0.555118110,1.051181102
41,108,4,-0.531496063,1.051181102
42,108,4,-0.507874016,1.051181102
43,108,4,-0.484251969,1.051181102
44,108,4,-0.460629921,1.051181102
45,108,4,-0.437007874,1.051181102
46,108,4,-0.413385827,1.051181102
47,108,4,-0.389763780,1.051181102
48,108,5,-0.366141732,1.051181102
49,108,5,-0.342519685,1.051181102
50,108,5,-0.318897638,1.051181102
51,108,5,-0.295275591,1.051181102
52,108,5,-0.271653543,1.051181102
53,108,6,-0.248031496,1.051181102
54,108,7,-0.224409449,1.051181102
55,108,8,-0.200787402,1.051181102
56,108,14,-0.177165354,1.051181102
57,108,11,-0.153543307,1.051181102
58,108,8,-0.129921260,1.051181102
59,108,7,-0.106299213,1.051181102
60,108,6,-0.082677165,1.051181102
61,108,6,-0.059055118,1.051181102
62,108,6,-0.035433071,1.051181102
63,108,6,-0.011811024,1.051181102
64,108,5,0.011811024,1.051181102
65,108,5,0.035433071,1.051181102
66,108,5,0.059055118,1.051181102
67,108,4,0.082677165,1.051181102
68,108,4,0.106299213,1.051181102
69,108,4,0.129921260,1.051181102
70,108,4,0.153543307,1.051181102
71,108,4,0.177165354,1.051181102
72,108,4,0.200787402,1.051181102
73,108,4,0.224409449,1.051181102
74,108,4,0.248031496,1.051181102
75,108,4,0.271653543,1.051181102
76,108,4,0.295275591,1.051181102
77,108,3,0.318897638,1.051181102
78,108,3,0.342519685,1.051181102
79,108,3,0.366141732,1.051181102
80,108,3,0.389763780,1.051181102
81,108,3,0.413385827,1.051181102
82,108,3,0.437007874,1.051181102
83,108,2,0.460629921,1.051181102
84,108,2,0.484251969,1.051181102
85,108,2,0.507874016,1.051181102
86,108,2,0.531496063,1.051181102
87,108,2,0.555118110,1.051181102
88,108,2,0.578740157,1.051181102
89,108,2,0.602362205,1.051181102
90,108,2,0.625984252,1.051181102
91,108,2,0.649606299,1.051181102
92,108,2,0.673228346,1.051181102
93,108,2,0.696850394,1.051181102
94,108,2,0.720472441,1.051181102
95,108,2,0.744094488,1.051181102
96,108,2,0.767716535,1.051181102
97,108,2,0.791338583,1.051181102
98,108,2,0.814960630,1.051181102
99,108,2,0.838582677,1.051181102
100,108,2,0.862204724,1.051181102
101,108,2,0.885826772,1.051181102
102,108,2,0.909448819,1.051181102
103,108,2,0.933070866,1.051181102
104,108,2,0.956692913,1.051181102
105,108,2,0.980314961,1.051181102
106,108,2,1.003937008,1.051181102
107,108,2,1.027559055,1.051181102
108,108,2,1.051181102,1.051181102
109,108,2,1.074803150,1.051181102
110,108,2,1.098425197,1.051181102
111,108,2,1.122047244,1.051181102
112,108,2,1.145669291,1.051181102
113,108,2,1.169291339,1.051181102
114,108,2,1.192913386,1.051181102
115,108,2,1.216535433,1.051181102
116,108,2,1.240157480,1.051181102
117,108,2,1.263779528,1.051181102
118,108,2,1.287401575,1.051181102
119,108,2,1.311023622,1.051181102
120,108,2,1.334645669,1.051181102
121,108,2,1.358267717,1.051181102
122,108,2,1.381889764,1.051181102
123,108,2,1.405511811,1.051181102
124,108,2,1.429133858,1.051181102
125,108,2,1.452755906,1.051181102
126,108,2,1.476377953,1.051181102
127,108,2,1.500000000,1.051181102
0,109,2,-1.500000000,1.074803150
1,109,2,-1.476377953,1.074803150
2,109,2,-1.452755906,1.074803150
3,109,3,-1.429133858,1.074803150
4,109,3,-1.405511811,1.074803150
5,109,3,-1.381889764,1.074803150
6,109,3,-1.358267717,1.074803150
7,109,3,-1.334645669,1.074803150
8,109,3,-1.311023622,1.074803150
9,109,3,-1.287401575,1.074803150
10,109,3,-1.263779528,1.074803150
11,109,3,-1.240157480,1.074803150
12,109,3,-1.216535433,1.074803150
13,109,3,-1.192913386,1.074803150
14,109,3,-1.169291339,1.074803150
15,109,3,-1.145669291,1.074803150
16,109,3,-1.122047244,1.074803150
17,109,3,-1.098425197,1.074803150
18,109,3,-1.074803150,1.074803150
19,109,3,-1.051181102,1.074803150
20,109,3,-1.027559055,1.074803150
21,109,3,-1.003937008,1.074803150
22,109,3,-0.980314961,1.074803150
23,109,3,-0.956692913,1.074803150
24,109,3,-0.933070866,1.074803150
25,109,3,-0.909448819,1.074803150
26,109,3,-0.885826772,1.074803150
27,109,3,-0.862204724,1.074803150
28,109,3,-0.838582677,1.074803150
29,109,3,-0.814960630,1.074803150
30,109,3,-0.791338583,1.074803150
31,109,3,-0.767716535,1.074803150
32,109,3,-0.744094488,1.074803150
33,109,3,-0.720472441,1.074803150
34,109,3,-0.696850394,1.074803150
35,109,3,-0.673228346,1.074803150
36,109,4,-0.649606299,1.074803150
37,109,4,-0.625984252,1.074803150
38,109,4,-0.602362205,1.074803150
39,109,4,-0.578740157,1.074803150
40,109,4,-0.555118110,1.074803150
41,109,4,-0.531496063,1.074803150
42,109,4,-0.507874016,1.074803150
43,109,4,-0.484251969,1.074803150
44,109,4,-0.460629921,1.074803150
45,109,4,-0.437007874,1.074803150
46,109,4,-0.413385827,1.074803150
47,109,4,-0.389763780,1.074803150
48,109,5,-0.366141732,1.074803150
49,109,5,-0.342519685,1.074803150
50,109,5,-0.318897638,1.074803150
51,109,5,-0.295275591,1.074803150
52,109,5,-0.271653543,1.074803150
53,109,6,-0.248031496,1.074803150
54,109,6,-0.224409449,1.074803150
55,109,8,-0.200787402,1.074803150
56,109,15,-0.177165354,1.074803150
57,109,8,-0.153543307,1.074803150
58,109,7,-0.129921260,1.074803150
59,109,6,-0.106299213,1.074803150
60,109,6,-0.082677165,1.074803150
61,109,6,-0.059055118,1.074803150
62,109,5,-0.035433071,1.074803150
63,109,5,-0.011811024,1.074803150
64,109,4,0.011811024,1.074803150
65,109,4,0.035433071,1.074803150
66,109,4,0.059055118,1.074803150
67,109,4,0.082677165,1.074803150
68,109,4,0.106299213,1.074803150
69,109,4,0.129921260,1.074803150
70,109,4,0.153543307,1.074803150
71,109,4,0.177165354,1.074803150
72,109,4,0.200787402,1.074803150
73,109,4,0.224409449,1.074803150
74,109,4,0.248031496,1.074803150
75,109,4,0.271653543,1.074803150
76,109,3,0.295275591,1.074803150
77,109,3,0.318897638,1.074803150
78,109,3,0.342519685,1.074803150
79,109,3,0.366141732,1.074803150
80,109,3,0.389763780,1.074803150
81,109,3,0.413385827,1.074803150
82,109,2,0.437007874,1.074803150
83,109,2,0.460629921,1.074803150
84,109,2,0.484251969,1.074803150
85,109,2,0.507874016,1.074803150
86,109,2,0.531496063,1.074803150
87,109,2,0.555118110,1.074803150
88,109,2,0.578740157,1.074803150
89,109,2,0.602362205,1.074803150
90,109,2,0.625984252,1.074803150
91,109,2,0.649606299,1.074803150
92,109,2,0.673228346,1.074803150
93,109,2,0.696850394,1.074803150
94,109,2,0.720472441,1.074803150
95,109,2,0.744094488,1.074803150
96,109,2,0.767716535,1.074803150
97,109,2,0.791338583,1.074803150
98,109,2,0.814960630,1.074803150
99,109,2,0.838582677,1.074803150
100,109,2,0.862204724,1.074803150
101,109,2,0.885826772,1.074803150
102,109,2,0.909448819,1.074803150
103,109,2,0.933070866,1.074803150
104,109,2,0.956692913,1.074803150
105,109,2,0.980314961,1.074803150
106,109,2,1.003937008,1.074803150
107,109,2,1.027559055,1.074803150
108,109,2,1.051181102,1.074803150
109,109,2,1.074803150,1.074803150
110,109,2,1.098425197,1.074803150
111,109,2,1.122047244,1.074803150
112,109,2,1.145669291,1.074803150
113,109,2,1.169291339,1.074803150
114,109,2,1.192913386,1.074803150
115,109,2,1.216535433,1.074803150
116,109,2,1.240157480,1.074803150
117,109,2,1.263779528,1.074803150
118,109,2,1.287401575,1.074803150
119,109,2,1.311023622,1.074803150
120,109,2,1.334645669,1.074803150
121,109,2,1.358267717,1.074803150
122,109,2,1.381889764,1.074803150
123,109,2,1.405511811,1.074803150
124,109,2,1.429133858,1.074803150
125,109,2,1.452755906,1.074803150
126,109,2,1.476377953,1.074803150
127,109,2,1.500000000,1.074803150
0,110,2,-1.500000000,1.098425197
1,110,2,-1.476377953,1.098425197
2,110,2,-1.452755906,1.098425197
3,110,2,-1.429133858,1.098425197
4,110,3,-1.405511811,1.098425197
5,110,3,-1.381889764,1.098425197
6,110,3,-1.358267717,1.098425197
7,110,3,-1.334645669,1.098425197
8,110,3,-1.311023622,1.098425197
9,110,3,-1.287401575,1.098425197
10,110,3,-1.263779528,1.098425197
11,110,3,-1.240157480,1.098425197
12,110,3,-1.216535433,1.098425197
13,110,3,-1.192913386,1.098425197
14,110,3,-1.169291339,1.098425197
15,110,3,-1.145669291,1.098425197
16,110,3,-1.122047244,1.098425197
17,110,3,-1.098425197,1.098425197
18,110,3,-1.074803150,1.098425197
19,110,3,-1.051181102,1.098425197
20,110,3,-1.027559055,1.098425197
21,110,3,-1.003937008,1.098425197
22,110,3,-0.980314961,1.098425197
23,110,3,-0.956692913,1.098425197
24,110,3,-0.933070866,1.098425197
25,110,3,-0.909448819,1.098425197
26,110,3,-0.885826772,1.098425197
27,110,3,-0.862204724,1.098425197
28,110,3,-0.838582677,1.098425197
29,110,3,-0.814960630,1.098425197
30,110,3,-0.791338583,1.098425197
31,110,3,-0.767716535,1.098425197
32,110,3,-0.744094488,1.098425197
33,110,3,-0.720472441,1.098425197
34,110,3,-0.696850394,1.098425197
35,110,3,-0.673228346,1.098425197
36,110,3,-0.649606299,1.098425197
37,110,4,-0.625984252,1.098425197
38,110,4,-0.602362205,1.098425197
39,110,4,-0.578740157,1.098425197
40,110,4,-0.555118110,1.098425197
41,110,4,-0.531496063,1.098425197
42,110,4,-0.507874016,1.098425197
43,110,4,-0.484251969,1.098425197
44,110,4,-0.460629921,1.098425197
45,110,4,-0.437007874,1.098425197
46,110,4,-0.413385827,1.098425197
47,110,4,-0.389763780,1.098425197
48,110,4,-0.366141732,1.098425197
49,110,4,-0.342519685,1.098425197
50,110,4,-0.318897638,1.098425197
51,110,5,-0.295275591,1.098425197
52,110,5,-0.271653543,1.098425197
53,110,6,-0.248031496,1.098425197
54,110,7,-0.224409449,1.098425197
55,110,13,-0.200787402,1.098425197
56,110,10,-0.177165354,1.098425197
57,110,9,-0.153543307,1.098425197
58,110,6,-0.129921260,1.098425197
59,110,5,-0.106299213,1.098425197
60,110,5,-0.082677165,1.098425197
61,110,5,-0.059055118,1.098425197
62,110,5,-0.035433071,1.098425197
63,110,4,-0.011811024,1.098425197
64,110,4,0.011811024,1.098425197
65,110,4,0.035433071,1.098425197
66,110,4,0.059055118,1.098425197
67,110,4,0.082677165,1.098425197
68,110,4,0.106299213,1.098425197
69,110,4,0.129921260,1.098425197
70,110,4,0.153543307,1.098425197
71,110,4,0.177165354,1.098425197
72,110,4,0.200787402,1.098425197
73,110,4,0.224409449,1.098425197
74,110,4,0.248031496,1.098425197
75,110,4,0.271653543,1.098425197
76,110,3,0.295275591,1.098425197
77,110,3,0.318897638,1.098425197
78,110,3,0.342519685,1.098425197
79,110,3,0.366141732,1.098425197
80,110,3,0.389763780,1.098425197
81,110,2,0.413385827,1.098425197
82,110,2,0.437007874,1.098425197
83,110,2,0.460629921,1.098425197
84,110,2,0.484251969,1.098425197
85,110,2,0.507874016,1.098425197
86,110,2,0.531496063,1.098425197
87,110,2,0.555118110,1.098425197
88,110,2,0.578740157,1.098425197
89,110,2,0.602362205,1.098425197
90,110,2,0.625984252,1.098425197
91,110,2,0.649606299,1.098425197
92,110,2,0.673228346,1.098425197
93,110,2,0.696850394,1.098425197
94,110,2,0.720472441,1.098425197
95,110,2,0.744094488,1.098425197
96,110,2,0.767716535,1.098425197
97,110,2,0.791338583,1.098425197
98,110,2,0.814960630,1.098425197
99,110,2,0.838582677,1.098425197
100,110,2,0.862204724,1.098425197
101,110,2,0.885826772,1.098425197
102,110,2,0.909448819,1.098425197
103,110,2,0.933070866,1.098425197
104,110,2,0.956692913,1.098425197
105,110,2,0.980314961,1.098425197
106,110,2,1.003937008,1.098425197
107,110,2,1.027559055,1.098425197
108,110,2,1.051181102,1.098425197
109,110,2,1.074803150,1.098425197
110,110,2,1.098425197,1.098425197
111,110,2,1.122047244,1.098425197
112,110,2,1.145669291,1.098425197
113,110,2,1.169291339,1.098425197
114,110,2,1.192913386,1.098425197
115,110,2,1.216535433,1.098425197
116,110,2,1.240157480,1.098425197
117,110,2,1.263779528,1.098425197
118,110,2,1.287401575,1.098425197
119,110,2,1.311023622,1.098425197
120,110,2,1.334645669,1.098425197
121,110,2,1.358267717,1.098425197
122,110,2,1.381889764,1.098425197
123,110,2,1.405511811,1.098425197
124,110,2,1.429133858,1.098425197
125,110,2,1.452755906,1.098425197
126,110,2,1.476377953,1.098425197
127,110,2,1.500000000,1.098425197
0,111,2,-1.500000000,1.122047244
1,111,2,-1.476377953,1.122047244
2,111,2,-1.452755906,1.122047244
3,111,2,-1.429133858,1.122047244
4,111,2,-1.405511811,1.122047244
5,111,3,-1.381889764,1.122047244
6,111,3,-1.358267717,1.122047244
7,111,3,-1.334645669,1.122047244
8,111,3,-1.311023622,1.122047244
9,111,3,-1.287401575,1.122047244
10,111,3,-1.263779528,1.122047244
11,111,3,-1.240157480,1.122047244
12,111,3,-1.216535433,1.122047244
13,111,3,-1.192913386,1.122047244
14,111,3,-1.169291339,1.122047244
15,111,3,-1.145669291,1.122047244
16,111,3,-1.122047244,1.122047244
17,111,3,-1.098425197,1.122047244
18,111,3,-1.074803150,1.122047244
19,111,3,-1.051181102,1.122047244
20,111,3,-1.027559055,1.122047244
21,111,3,-1.003937008,1.122047244
22,111,3,-0.980314961,1.122047244
23,111,3,-0.956692913,1.122047244
24,111,3,-0.933070866,1.122047244
25,111,3,-0.909448819,1.122047244
26,111,3,-0.885826772,1.122047244
27,111,3,-0.862204724,1.122047244
28,111,3,-0.838582677,1.122047244
29,111,3,-0.814960630,1.122047244
30,111,3,-0.791338583,1.122047244
31,111,3,-0.767716535,1.122047244
32,111,3,-0.744094488,1.122047244
33,111,3,-0.720472441,1.122047244
34,111,3,-0.696850394,1.122047244
35,111,3,-0.673228346,1.122047244
36,111,3,-0.649606299,1.122047244
37,111,4,-0.625984252,1.122047244
38,111,4,-0.602362205,1.122047244
39,111,4,-0.578740157,1.122047244
40,111,4,-0.555118110,1.122047244
41,111,4,-0.531496063,1.122047244
42,111,4,-0.507874016,1.122047244
43,111,4,-0.484251969,1.122047244
44,111,4,-0.460629921,1.122047244
45,111,4,-0.437007874,1.122047244
46,111,4,-0.413385827,1.122047244
47,111,4,-0.389763780,1.122047244
48,111,4,-0.366141732,1.122047244
49,111,4,-0.342519685,1.122047244
50,111,4,-0.318897638,1.122047244
51,111,4,-0.295275591,1.122047244
52,111,4,-0.271653543,1.122047244
53,111,5,-0.248031496,1.122047244
54,111,7,-0.224409449,1.122047244
55,111,7,-0.200787402,1.122047244
56,111,7,-0.177165354,1.122047244
57,111,6,-0.153543307,1.122047244
58,111,5,-0.129921260,1.122047244
59,111,5,-0.106299213,1.122047244
60,111,5,-0.082677165,1.122047244
61,111,5,-0.059055118,1.122047244
62,111,4,-0.035433071,1.122047244
63,111,4,-0.011811024,1.122047244
64,111,4,0.011811024,1.122047244
65,111,4,0.035433071,1.122047244
66,111,4,0.059055118,1.122047244
67,111,4,0.082677165,1.122047244
68,111,4,0.106299213,1.122047244
69,111,3,0.129921260,1.122047244
70,111,3,0.153543307,1.122047244
71,111,3,0.177165354,1.122047244
72,111,3,0.200787402,1.122047244
73,111,3,0.224409449,1.122047244
74,111,3,0.248031496,1.122047244
75,111,3,0.271653543,1.122047244
76,111,3,0.295275591,1.122047244
77,111,3,0.318897638,1.122047244
78,111,3,0.342519685,1.122047244
79,111,3,0.366141732,1.122047244
80,111,3,0.389763780,1.122047244
81,111,2,0.413385827,1.122047244
82,111,2,0.437007874,1.122047244
83,111,2,0.460629921,1.122047244
84,111,2,0.484251969,1.122047244
85,111,2,0.507874016,1.122047244
86,111,2,0.531496063,1.122047244
87,111,2,0.555118110,1.122047244
88,111,2,0.578740157,1.122047244
89,111,2,0.602362205,1.122047244
90,111,2,0.625984252,1.122047244
91,111,2,0.649606299,1.122047244
92,111,2,0.673228346,1.122047244
93,111,2,0.696850394,1.122047244
94,111,2,0.720472441,1.122047244
95,111,2,0.744094488,1.122047244
96,111,2,0.767716535,1.122047244
97,111,2,0.791338583,1.122047244
98,111,2,0.814960630,1.122047244
99,111,2,0.838582677,1.122047244
100,111,2,0.862204724,1.122047244
101,111,2,0.885826772,1.122047244
102,111,2,0.909448819,1.122047244
103,111,2,0.933070866,1.122047244
104,111,2,0.956692913,1.122047244
105,111,2,0.980314961,1.122047244
106,111,2,1.003937008,1.122047244
107,111,2,1.027559055,1.122047244
108,111,2,1.051181102,1.122047244
109,111,2,1.074803150,1.122047244
110,111,2,1.098425197,1.122047244
111,111,2,1.122047244,1.122047244
112,111,2,1.145669291,1.122047244
113,111,2,1.169291339,1.122047244
114,111,2,1.192913386,1.122047244
115,111,2,1.216535433,1.122047244
116,111,2,1.240157480,1.122047244
117,111,2,1.263779528,1.122047244
118,111,2,1.287401575,1.122047244
119,111,2,1.311023622,1.122047244
120,111,2,1.334645669,1.122047244
121,111,2,1.358267717,1.122047244
122,111,2,1.381889764,1.122047244
123,111,2,1.405511811,1.122047244
124,111,2,1.429133858,1.122047244
125,111,2,1.452755906,1.122047244
126,111,2,1.476377953,1.122047244
127,111,2,1.500000000,1.122047244
0,112,2,-1.500000000,1.145669291
1,112,2,-1.476377953,1.145669291
2,112,2,-1.452755906,1.145669291
3,112,2,-1.429133858,1.145669291
4,112,2,-1.405511811,1.145669291
5,112,2,-1.381889764,1.145669291
6,112,3,-1.358267717,1.145669291
7,112,3,-1.334645669,1.145669291
8,112,3,-1.311023622,1.145669291
9,112,3,-1.287401575,1.145669291
10,112,3,-1.263779528,1.145669291
11,112,3,-1.240157480,1.145669291
12,112,3,-1.216535433,1.145669291
13,112,3,-1.192913386,1.145669291
14,112,3,-1.169291339,1.145669291
15,112,3,-1.145669291,1.145669291
16,112,3,-1.122047244,1.145669291
17,112,3,-1.098425197,1.145669291
18,112,3,-1.074803150,1.145669291
19,112,3,-1.051181102,1.145669291
20,112,3,-1.027559055,1.145669291
21,112,3,-1.003937008,1.145669291
22,112,3,-0.980314961,1.145669291
23,112,3,-0.956692913,1.145669291
24,112,3,-0.933070866,1.145669291
25,112,3,-0.909448819,1.145669291
26,112,3,-0.885826772,1.145669291
27,112,3,-0.862204724,1.145669291
28,112,3,-0.838582677,1.145669291
29,112,3,-0.814960630,1.145669291
30,112,3,-0.791338583,1.145669291
31,112,3,-0.767716535,1.145669291
32,112,3,-0.744094488,1.145669291
33,112,3,-0.720472441,1.145669291
34,112,3,-0.696850394,1.145669291
35,112,3,-0.673228346,1.145669291
36,112,3,-0.649606299,1.145669291
37,112,3,-0.625984252,1.145669291
38,112,4,-0.602362205,1.145669291
39,112,4,-0.578740157,1.145669291
40,112,4,-0.555118110,1.145669291
41,112,4,-0.531496063,1.145669291
42,112,4,-0.507874016,1.145669291
43,112,4,-0.484251969,1.145669291
44,112,4,-0.460629921,1.145669291
45,112,4,-0.437007874,1.145669291
46,112,4,-0.413385827,1.145669291
47,112,4,-0.389763780,1.145669291
48,112,4,-0.366141732,1.145669291
49,112,4,-0.342519685,1.145669291
50,112,4,-0.318897638,1.145669291
51,112,4,-0.295275591,1.145669291
52,112,4,-0.271653543,1.145669291
53,112,4,-0.248031496,1.145669291
54,112,5,-0.224409449,1.145669291
55,112,5,-0.200787402,1.145669291
56,112,5,-0.177165354,1.145669291
57,112,5,-0.153543307,1.145669291
58,112,5,-0.129921260,1.145669291
59,112,5,-0.106299213,1.145669291
60,112,5,-0.082677165,1.145669291
61,112,4,-0.059055118,1.145669291
62,112,4,-0.035433071,1.145669291
63,112,4,-0.011811024,1.145669291
64,112,4,0.011811024,1.145669291
65,112,4,0.035433071,1.145669291
66,112,3,0.059055118,1.145669291
67,112,3,0.082677165,1.145669291
68,112,3,0.106299213,1.145669291
69,112,3,0.129921260,1.145669291
70,112,3,0.153543307,1.145669291
71,112,3,0.177165354,1.145669291
72,112,3,0.200787402,1.145669291
73,112,3,0.224409449,1.145669291
74,112,3,0.248031496,1.145669291
75,112,3,0.271653543,1.145669291
76,112,3,0.295275591,1.145669291
77,112,3,0.318897638,1.145669291
78,112,3,0.342519685,1.145669291
79,112,3,0.366141732,1.145669291
80,112,2,0.389763780,1.145669291
81,112,2,0.413385827,1.145669291
82,112,2,0.437007874,1.145669291
83,112,2,0.460629921,1.145669291
84,112,2,0.484251969,1.145669291
85,112,2,0.507874016,1.145669291
86,112,2,0.531496063,1.145669291
87,112,2,0.555118110,1.145669291
88,112,2,0.578740157,1.145669291
89,112,2,0.602362205,1.145669291
90,112,2,0.625984252,1.145669291
91,112,2,0.649606299,1.145669291
92,112,2,0.673228346,1.145669291
93,112,2,0.696850394,1.145669291
94,112,2,0.720472441,1.145669291
95,112,2,0.744094488,1.145669291
96,112,2,0.767716535,1.145669291
97,112,2,0.791338583,1.145669291
98,112,2,0.814960630,1.145669291
99,112,2,0.838582677,1.145669291
100,112,2,0.862204724,1.145669291
101,112,2,0.885826772,1.145669291
102,112,2,0.909448819,1.145669291
103,112,2,0.933070866,1.145669291
104,112,2,0.956692913,1.145669291
105,112,2,0.980314961,1.145669291
106,112,2,1.003937008,1.145669291
107,112,2,1.027559055,1.145669291
108,112,2,1.051181102,1.145669291
109,112,2,1.074803150,1.145669291
110,112,2,1.098425197,1.145669291
111,112,2,1.122047244,1.145669291
112,112,2,1.145669291,1.145669291
113,112,2,1.169291339,1.145669291
114,112,2,1.192913386,1.145669291
115,112,2,1.216535433,1.145669291
116,112,2,1.240157480,1.145669291
117,112,2,1.263779528,1.145669291
118,112,2,1.287401575,1.145669291
119,112,2,1.311023622,1.145669291
120,112,2,1.334645669,1.145669291
121,112,2,1.358267717,1.145669291
122,112,2,1.381889764,1.145669291
123,112,2,1.405511811,1.145669291
124,112,2,1.429133858,1.145669291
125,112,2,1.452755906,1.145669291
126,112,2,1.476377953,1.145669291
127,112,2,1.500000000,1.145669291
0,113,2,-1.500000000,1.169291339
1,113,2,-1.476377953,1.169291339
2,113,2,-1.452755906,1.169291339
3,113,2,-1.429133858,1.169291339
4,113,2,-1.405511811,1.169291339
5,113,2,-1.381889764,1.169291339
6,113,2,-1.358267717,1.169291339
7,113,3,-1.334645669,1.169291339
8,113,3,-1.311023622,1.169291339
9,113,3,-1.287401575,1.169291339
10,113,3,-1.263779528,1.169291339
11,113,3,-1.240157480,1.169291339
12,113,3,-1.216535433,1.169291339
13,113,3,-1.192913386,1.169291339
14,113,3,-1.169291339,1.169291339
15,113,3,-1.145669291,1.169291339
16,113,3,-1.122047244,1.169291339
17,113,3,-1.098425197,1.169291339
18,113,3,-1.074803150,1.169291339
19,113,3,-1.051181102,1.169291339
20,113,3,-1.027559055,1.169291339
21,113,3,-1.003937008,1.169291339
22,113,3,-0.980314961,1.169291339
23,113,3,-0.956692913,1.169291339
24,113,3,-0.933070866,1.169291339
25,113,3,-0.909448819,1.169291339
26,113,3,-0.885826772,1.169291339
27,113,3,-0.862204724,1.169291339
28,113,3,-0.838582677,1.169291339
29,113,3,-0.814960630,1.169291339
30,113,3,-0.791338583,1.169291339
31,113,3,-0.767716535,1.169291339
32,113,3,-0.744094488,1.169291339
33,113,3,-0.720472441,1.169291339
34,113,3,-0.696850394,1.169291339
35,113,3,-0.673228346,1.169291339
36,113,3,-0.649606299,1.169291339
37,113,3,-0.625984252,1.169291339
38,113,4,-0.602362205,1.169291339
39,113,4,-0.578740157,1.169291339
40,113,3,-0.555118110,1.169291339
41,113,3,-0.531496063,1.169291339
42,113,3,-0.507874016,1.169291339
43,113,3,-0.484251969,1.169291339
44,113,3,-0.460629921,1.169291339
45,113,3,-0.437007874,1.169291339
46,113,3,-0.413385827,1.169291339
47,113,3,-0.389763780,1.169291339
48,113,3,-0.366141732,1.169291339
49,113,3,-0.342519685,1.169291339
50,113,3,-0.318897638,1.169291339
51,113,4,-0.295275591,1.169291339
52,113,4,-0.271653543,1.169291339
53,113,4,-0.248031496,1.169291339
54,113,4,-0.224409449,1.169291339
55,113,4,-0.200787402,1.169291339
56,113,4,-0.177165354,1.169291339
57,113,4,-0.153543307,1.169291339
58,113,4,-0.129921260,1.169291339
59,113,4,-0.106299213,1.169291339
60,113,4,-0.082677165,1.169291339
61,113,4,-0.059055118,1.169291339
62,113,4,-0.035433071,1.169291339
63,113,4,-0.011811024,1.169291339
64,113,3,0.011811024,1.169291339
65,113,3,0.035433071,1.169291339
66,113,3,0.059055118,1.169291339
67,113,3,0.082677165,1.169291339
68,113,3,0.106299213,1.169291339
69,113,3,0.129921260,1.169291339
70,113,3,0.153543307,1.169291339
71,113,3,0.177165354,1.169291339
72,113,3,0.200787402,1.169291339
73,113,3,0.224409449,1.169291339
74,113,3,0.248031496,1.169291339
75,113,3,0.271653543,1.169291339
76,113,3,0.295275591,1.169291339
77,113,3,0.318897638,1.169291339
78,113,3,0.342519685,1.169291339
79,113,2,0.366141732,1.169291339
80,113,2,0.389763780,1.169291339
81,113,2,0.413385827,1.169291339
82,113,2,0.437007874,1.169291339
83,113,2,0.460629921,1.169291339
84,113,2,0.484251969,1.169291339
85,113,2,0.507874016,1.169291339
86,113,2,0.531496063,1.169291339
87,113,2,0.555118110,1.169291339
88,113,2,0.578740157,1.169291339
89,113,2,0.602362205,1.169291339
90,113,2,0.625984252,1.169291339
91,113,2,0.649606299,1.169291339
92,113,2,0.673228346,1.169291339
93,113,2,0.696850394,1.169291339
94,113,2,0.720472441,1.169291339
95,113,2,0.744094488,1.169291339
96,113,2,0.767716535,1.169291339
97,113,2,0.791338583,1.169291339
98,113,2,0.814960630,1.169291339
99,113,2,0.838582677,1.169291339
100,113,2,0.862204724,1.169291339
101,113,2,0.885826772,1.169291339
102,113,2,0.909448819,1.169291339
103,113,2,0.933070866,1.169291339
104,113,2,0.956692913,1.169291339
105,113,2,0.980314961,1.169291339
106,113,2,1.003937008,1.169291339
107,113,2,1.027559055,1.169291339
108,113,2,1.051181102,1.169291339
109,113,2,1.074803150,1.169291339
110,113,2,1.098425197,1.169291339
111,113,2,1.122047244,1.169291339
112,113,2,1.145669291,1.169291339
113,113,2,1.169291339,1.169291339
114,113,2,1.192913386,1.169291339
115,113,2,1.216535433,1.169291339
116,113,2,1.240157480,1.169291339
117,113,2,1.263779528,1.169291339
118,113,2,1.287401575,1.169291339
119,113,2,1.311023622,1.169291339
120,113,2,1.334645669,1.169291339
121,113,2,1.358267717,1.169291339
122,113,2,1.381889764,1.169291339
123,113,2,1.405511811,1.169291339
124,113,2,1.429133858,1.169291339
125,113,2,1.452755906,1.169291339
126,113,2,1.476377953,1.169291339
127,113,2,1.500000000,1.169291339
0,114,2,-1.500000000,1.192913386
1,114,2,-1.476377953,1.192913386
2,114,2,-1.452755906,1.192913386
3,114,2,-1.429133858,1.192913386
4,114,2,-1.405511811,1.192913386
5,114,2,-1.381889764,1.192913386
6,114,2,-1.358267717,1.192913386
7,114,3,-1.334645669,1.192913386
8,114,3,-1.311023622,1.192913386
9,114,3,-1.287401575,1.192913386
10,114,3,-1.263779528,1.192913386
11,114,3,-1.240157480,1.192913386
12,114,3,-1.216535433,1.192913386
13,114,3,-1.192913386,1.192913386
14,114,3,-1.169291339,1.192913386
15,114,3,-1.145669291,1.192913386
16,114,3,-1.122047244,1.192913386
17,114,3,-1.098425197,1.192913386
18,114,3,-1.074803150,1.192913386
19,114,3,-1.051181102,1.192913386
20,114,3,-1.027559055,1.192913386
21,114,3,-1.003937008,1.192913386
22,114,3,-0.980314961,1.192913386
23,114,3,-0.956692913,1.192913386
24,114,3,-0.933070866,1.192913386
25,114,3,-0.909448819,1.192913386
26,114,3,-0.885826772,1.192913386
27,114,3,-0.862204724,1.192913386
28,114,3,-0.838582677,1.192913386
29,114,3,-0.814960630,1.192913386
30,114,3,-0.791338583,1.192913386
31,114,3,-0.767716535,1.192913386
32,114,3,-0.744094488,1.192913386
33,114,3,-0.720472441,1.192913386
34,114,3,-0.696850394,1.192913386
35,114,3,-0.673228346,1.192913386
36,114,3,-0.649606299,1.192913386
37,114,3,-0.625984252,1.192913386
38,114,3,-0.602362205,1.192913386
39,114,3,-0.578740157,1.192913386
40,114,3,-0.555118110,1.192913386
41,114,3,-0.531496063,1.192913386
42,114,3,-0.507874016,1.192913386
43,114,3,-0.484251969,1.192913386
44,114,3,-0.460629921,1.192913386
45,114,3,-0.437007874,1.192913386
46,114,3,-0.413385827,1.192913386
47,114,3,-0.389763780,1.192913386
48,114,3,-0.366141732,1.192913386
49,114,3,-0.342519685,1.192913386
50,114,3,-0.318897638,1.192913386
51,114,3,-0.295275591,1.192913386
52,114,3,-0.271653543,1.192913386
53,114,4,-0.248031496,1.192913386
54,114,4,-0.224409449,1.192913386
55,114,4,-0.200787402,1.192913386
56,114,4,-0.177165354,1.192913386
57,114,4,-0.153543307,1.192913386
58,114,4,-0.129921260,1.192913386
59,114,4,-0.106299213,1.192913386
60,114,4,-0.082677165,1.192913386
61,114,4,-0.059055118,1.192913386
62,114,3,-0.035433071,1.192913386
63,114,3,-0.011811024,1.192913386
64,114,3,0.011811024,1.192913386
65,114,3,0.035433071,1.192913386
66,114,3,0.059055118,1.192913386
67,114,3,0.082677165,1.192913386
68,114,3,0.106299213,1.192913386
69,114,3,0.129921260,1.192913386
70,114,3,0.153543307,1.192913386
71,114,3,0.177165354,1.192913386
72,114,3,0.200787402,1.192913386
73,114,3,0.224409449,1.192913386
74,114,3,0.248031496,1.192913386
75,114,3,0.271653543,1.192913386
76,114,3,0.295275591,1.192913386
77,114,3,0.318897638,1.192913386
78,114,2,0.342519685,1.192913386
79,114,2,0.366141732,1.192913386
80,114,2,0.389763780,1.192913386
81,114,2,0.413385827,1.192913386
82,114,2,0.437007874,1.192913386
83,114,2,0.460629921,1.192913386
84,114,2,0.484251969,1.192913386
85,114,2,0.507874016,1.192913386
86,114,2,0.531496063,1.192913386
87,114,2,0.555118110,1.192913386
88,114,2,0.578740157,1.192913386
89,114,2,0.602362205,1.192913386
90,114,2,0.625984252,1.192913386
91,114,2,0.649606299,1.192913386
92,114,2,0.673228346,1.192913386
93,114,2,0.696850394,1.192913386
94,114,2,0.720472441,1.192913386
95,114,2,0.744094488,1.192913386
96,114,2,0.767716535,1.192913386
97,114,2,0.791338583,1.192913386
98,114,2,0.814960630,1.192913386
99,114,2,0.838582677,1.192913386
100,114,2,0.862204724,1.192913386
101,114,2,0.885826772,1.192913386
102,114,2,0.909448819,1.192913386
103,114,2,0.933070866,1.192913386
104,114,2,0.956692913,1.192913386
105,114,2,0.980314961,1.192913386
106,114,2,1.003937008,1.192913386
107,114,2,1.027559055,1.192913386
108,114,2,1.051181102,1.192913386
109,114,2,1.074803150,1.192913386
110,114,2,1.098425197,1.192913386
111,114,2,1.122047244,1.192913386
112,114,2,1.145669291,1.192913386
113,114,2,1.169291339,1.192913386
114,114,2,1.192913386,1.192913386
115,114,2,1.216535433,1.192913386
116,114,2,1.240157480,1.192913386
117,114,2,1.263779528,1.192913386
118,114,2,1.287401575,1.192913386
119,114,2,1.311023622,1.192913386
120,114,2,1.334645669,1.192913386
121,114,2,1.358267717,1.192913386
122,114,2,1.381889764,1.192913386
123,114,2,1.405511811,1.192913386
124,114,2,1.429133858,1.192913386
125,114,2,1.452755906,1.192913386
126,114,2,1.476377953,1.192913386
127,114,2,1.500000000,1.192913386
0,115,2,-1.500000000,1.216535433
1,115,2,-1.476377953,1.216535433
2,115,2,-1.452755906,1.216535433
3,115,2,-1.429133858,1.216535433
4,115,2,-1.405511811,1.216535433
5,115,2,-1.381889764,1.216535433
6,115,2,-1.358267717,1.216535433
7,115,2,-1.334645669,1.216535433
8,115,3,-1.311023622,1.216535433
9,115,3,-1.287401575,1.216535433
10,115,3,-1.263779528,1.216535433
11,115,3,-1.240157480,1.216535433
12,115,3,-1.216535433,1.216535433
13,115,3,-1.192913386,1.216535433
14,115,3,-1.169291339,1.216535433
15,115,3,-1.145669291,1.216535433
16,115,3,-1.122047244,1.216535433
17,115,3,-1.098425197,1.216535433
18,115,3,-1.074803150,1.216535433
19,115,3,-1.051181102,1.216535433
20,115,3,-1.027559055,1.216535433
21,115,3,-1.003937008,1.216535433
22,115,3,-0.980314961,1.216535433
23,115,3,-0.956692913,1.216535433
24,115,3,-0.933070866,1.216535433
25,115,3,-0.909448819,1.216535433
26,115,3,-0.885826772,1.216535433
27,115,3,-0.862204724,1.216535433
28,115,3,-0.838582677,1.216535433
29,115,3,-0.814960630,1.216535433
30,115,3,-0.791338583,1.216535433
31,115,3,-0.767716535,1.216535433
32,115,3,-0.744094488,1.216535433
33,115,3,-0.720472441,1.216535433
34,115,3,-0.696850394,1.216535433
35,115,3,-0.673228346,1.216535433
36,115,3,-0.649606299,1.216535433
37,115,3,-0.625984252,1.216535433
38,115,3,-0.602362205,1.216535433
39,115,3,-0.578740157,1.216535433
40,115,3,-0.555118110,1.216535433
41,115,3,-0.531496063,1.216535433
42,115,3,-0.507874016,1.216535433
43,115,3,-0.484251969,1.216535433
44,115,3,-0.460629921,1.216535433
45,115,3,-0.437007874,1.216535433
46,115,3,-0.413385827,1.216535433
47,115,3,-0.389763780,1.216535433
48,115,3,-0.366141732,1.216535433
49,115,3,-0.342519685,1.216535433
50,115,3,-0.318897638,1.216535433
51,115,3,-0.295275591,1.216535433
52,115,3,-0.271653543,1.216535433
53,115,3,-0.248031496,1.216535433
54,115,3,-0.224409449,1.216535433
55,115,4,-0.200787402,1.216535433
56,115,4,-0.177165354,1.216535433
57,115,4,-0.153543307,1.216535433
58,115,4,-0.129921260,1.216535433
59,115,4,-0.106299213,1.216535433
60,115,4,-0.082677165,1.216535433
61,115,3,-0.059055118,1.216535433
62,115,3,-0.035433071,1.216535433
63,115,3,-0.011811024,1.216535433
64,115,3,0.011811024,1.216535433
65,115,3,0.035433071,1.216535433
66,115,3,0.059055118,1.216535433
67,115,3,0.082677165,1.216535433
68,115,3,0.106299213,1.216535433
69,115,3,0.129921260,1.216535433
70,115,3,0.153543307,1.216535433
71,115,3,0.177165354,1.216535433
72,115,3,0.200787402,1.216535433
73,115,3,0.224409449,1.216535433
74,115,3,0.248031496,1.216535433
75,115,3,0.271653543,1.216535433
76,115,3,0.295275591,1.216535433
77,115,3,0.318897638,1.216535433
78,115,2,0.342519685,1.216535433
79,115,2,0.366141732,1.216535433
80,115,2,0.389763780,1.216535433
81,115,2,0.413385827,1.216535433
82,115,2,0.437007874,1.216535433
83,115,2,0.460629921,1.216535433
84,115,2,0.484251969,1.216535433
85,115,2,0.507874016,1.216535433
86,115,2,0.531496063,1.216535433
87,115,2,0.555118110,1.216535433
88,115,2,0.578740157,1.216535433
89,115,2,0.602362205,1.216535433
90,115,2,0.625984252,1.216535433
91,115,2,0.649606299,1.216535433
92,115,2,0.673228346,1.216535433
93,115,2,0.696850394,1.216535433
94,115,2,0.720472441,1.216535433
95,115,2,0.744094488,1.216535433
96,115,2,0.767716535,1.216535433
97,115,2,0.791338583,1.216535433
98,115,2,0.814960630,1.216535433
99,115,2,0.838582677,1.216535433
100,115,2,0.862204724,1.216535433
101,115,2,0.885826772,1.216535433
102,115,2,0.909448819,1.216535433
103,115,2,0.933070866,1.216535433
104,115,2,0.956692913,1.216535433
105,115,2,0.980314961,1.216535433
106,115,2,1.003937008,1.216535433
107,115,2,1.027559055,1.216535433
108,115,2,1.051181102,1.216535433
109,115,2,1.074803150,1.216535433
110,115,2,1.098425197,1.216535433
111,115,2,1.122047244,1.216535433
112,115,2,1.145669291,1.216535433
113,115,2,1.169291339,1.216535433
114,115,2,1.192913386,1.216535433
115,115,2,1.216535433,1.216535433
116,115,2,1.240157480,1.216535433
117,115,2,1.263779528,1.216535433
118,115,2,1.287401575,1.216535433
119,115,2,1.311023622,1.216535433
120,115,2,1.334645669,1.216535433
121,115,2,1.358267717,1.216535433
122,115,2,1.381889764,1.216535433
123,115,2,1.405511811,1.216535433
124,115,2,1.429133858,1.216535433
125,115,2,1.452755906,1.216535433
126,115,2,1.476377953,1.216535433
127,115,2,1.500000000,1.216535433
0,116,2,-1.500000000,1.240157480
1,116,2,-1.476377953,1.240157480
2,116,2,-1.452755906,1.240157480
3,116,2,-1.429133858,1.240157480
4,116,2,-1.405511811,1.240157480
5,116,2,-1.381889764,1.240157480
6,116,2,-1.358267717,1.240157480
7,116,2,-1.334645669,1.240157480
8,116,2,-1.311023622,1.240157480
9,116,3,-1.287401575,1.240157480
10,116,3,-1.263779528,1.240157480
11,116,3,-1.240157480,1.240157480
12,116,3,-1.216535433,1.240157480
13,116,3,-1.192913386,1.240157480
14,116,3,-1.169291339,1.240157480
15,116,3,-1.145669291,1.240157480
16,116,3,-1.122047244,1.240157480
17,116,3,-1.098425197,1.240157480
18,116,3,-1.074803150,1.240157480
19,116,3,-1.051181102,1.240157480
20,116,3,-1.027559055,1.240157480
21,116,3,-1.003937008,1.240157480
22,116,3,-0.980314961,1.240157480
23,116,3,-0.956692913,1.240157480
24,116,3,-0.933070866,1.240157480
25,116,3,-0.909448819,1.240157480
26,116,3,-0.885826772,1.240157480
27,116,3,-0.862204724,1.240157480
28,116,3,-0.838582677,1.240157480
29,116,3,-0.814960630,1.240157480
30,116,3,-0.791338583,1.240157480
31,116,3,-0.767716535,1.240157480
32,116,3,-0.744094488,1.240157480
33,116,3,-0.720472441,1.240157480
34,116,3,-0.696850394,1.240157480
35,116,3,-0.673228346,1.240157480
36,116,3,-0.649606299,1.240157480
37,116,3,-0.625984252,1.240157480
38,116,3,-0.602362205,1.240157480
39,116,3,-0.578740157,1.240157480
40,116,3,-0.555118110,1.240157480
41,116,3,-0.531496063,1.240157480
42,116,3,-0.507874016,1.240157480
43,116,3,-0.484251969,1.240157480
44,116,3,-0.460629921,1.240157480
45,116,3,-0.437007874,1.240157480
46,116,3,-0.413385827,1.240157480
47,116,3,-0.389763780,1.240157480
48,116,3,-0.366141732,1.240157480
49,116,3,-0.342519685,1.240157480
50,116,3,-0.318897638,1.240157480
51,116,3,-0.295275591,1.240157480
52,116,3,-0.271653543,1.240157480
53,116,3,-0.248031496,1.240157480
54,116,3,-0.224409449,1.240157480
55,116,3,-0.200787402,1.240157480
56,116,3,-0.177165354,1.240157480
57,116,4,-0.153543307,1.240157480
58,116,4,-0.129921260,1.240157480
59,116,4,-0.106299213,1.240157480
60,116,3,-0.082677165,1.240157480
61,116,3,-0.059055118,1.240157480
62,116,3,-0.035433071,1.240157480
63,116,3,-0.011811024,1.240157480
64,116,3,0.011811024,1.240157480
65,116,3,0.035433071,1.240157480
66,116,3,0.059055118,1.240157480
67,116,3,0.082677165,1.240157480
68,116,3,0.106299213,1.240157480
69,116,3,0.129921260,1.240157480
70,116,3,0.153543307,1.240157480
71,116,3,0.177165354,1.240157480
72,116,3,0.200787402,1.240157480
73,116,3,0.224409449,1.240157480
74,116,3,0.248031496,1.240157480
75,116,3,0.271653543,1.240157480
76,116,3,0.295275591,1.240157480
77,116,2,0.318897638,1.240157480
78,116,2,0.342519685,1.240157480
79,116,2,0.366141732,1.240157480
80,116,2,0.389763780,1.240157480
81,116,2,0.413385827,1.240157480
82,116,2,0.437007874,1.240157480
83,116,2,0.460629921,1.240157480
84,116,2,0.484251969,1.240157480
85,116,2,0.507874016,1.240157480
86,116,2,0.531496063,1.240157480
87,116,2,0.555118110,1.240157480
88,116,2,0.578740157,1.240157480
89,116,2,0.602362205,1.240157480
90,116,2,0.625984252,1.240157480
91,116,2,0.649606299,1.240157480
92,116,2,0.673228346,1.240157480
93,116,2,0.696850394,1.240157480
94,116,2,0.720472441,1.240157480
95,116,2,0.744094488,1.240157480
96,116,2,0.767716535,1.240157480
97,116,2,0.791338583,1.240157480
98,116,2,0.814960630,1.240157480
99,116,2,0.838582677,1.240157480
100,116,2,0.862204724,1.240157480
101,116,2,0.885826772,1.240157480
102,116,2,0.909448819,1.240157480
103,116,2,0.933070866,1.240157480
104,116,2,0.956692913,1.240157480
105,116,2,0.980314961,1.240157480
106,116,2,1.003937008,1.240157480
107,116,2,1.027559055,1.240157480
108,116,2,1.051181102,1.240157480
109,116,2,1.074803150,1.240157480
110,116,2,1.098425197,1.240157480
111,116,2,1.122047244,1.240157480
112,116,2,1.145669291,1.240157480
113,116,2,1.169291339,1.240157480
114,116,2,1.192913386,1.240157480
115,116,2,1.216535433,1.240157480
116,116,2,1.240157480,1.240157480
117,116,2,1.263779528,1.240157480
118,116,2,1.287401575,1.240157480
119,116,2,1.311023622,1.240157480
120,116,2,1.334645669,1.240157480
121,116,2,1.358267717,1.240157480
122,116,2,1.381889764,1.240157480
123,116,2,1.405511811,1.240157480
124,116,2,1.429133858,1.240157480
125,116,2,1.452755906,1.240157480
126,116,2,1.476377953,1.240157480
127,116,2,1.500000000,1.240157480
0,117,2,-1.500000000,1.263779528
1,117,2,-1.476377953,1.263779528
2,117,2,-1.452755906,1.263779528
3,117,2,-1.429133858,1.263779528
4,117,2,-1.405511811,1.263779528
5,117,2,-1.381889764,1.263779528
6,117,2,-1.358267717,1.263779528
7,117,2,-1.334645669,1.263779528
8,117,2,-1.311023622,1.263779528
9,117,3,-1.287401575,1.263779528
10,117,3,-1.263779528,1.263779528
11,117,3,-1.240157480,1.263779528
12,117,3,-1.216535433,1.263779528
13,117,3,-1.192913386,1.263779528
14,117,3,-1.169291339,1.263779528
15,117,3,-1.145669291,1.263779528
16,117,3,-1.122047244,1.263779528
17,117,3,-1.098425197,1.263779528
18,117,3,-1.074803150,1.263779528
19,117,3,-1.051181102,1.263779528
20,117,3,-1.027559055,1.263779528
21,117,3,-1.003937008,1.263779528
22,117,3,-0.980314961,1.263779528
23,117,3,-0.956692913,1.263779528
24,117,3,-0.933070866,1.263779528
25,117,3,-0.909448819,1.263779528
26,117,3,-0.885826772,1.263779528
27,117,3,-0.862204724,1.263779528
28,117,3,-0.838582677,1.263779528
29,117,3,-0.814960630,1.263779528
30,117,3,-0.791338583,1.263779528
31,117,3,-0.767716535,1.263779528
32,117,3,-0.744094488,1.263779528
33,117,3,-0.720472441,1.263779528
34,117,3,-0.696850394,1.263779528
35,117,3,-0.673228346,1.263779528
36,117,3,-0.649606299,1.263779528
37,117,3,-0.625984252,1.263779528
38,117,3,-0.602362205,1.263779528
39,117,3,-0.578740157,1.263779528
40,117,3,-0.555118110,1.263779528
41,117,3,-0.531496063,1.263779528
42,117,3,-0.507874016,1.263779528
43,117,3,-0.484251969,1.263779528
44,117,3,-0.460629921,1.263779528
45,117,3,-0.437007874,1.263779528
46,117,3,-0.413385827,1.263779528
47,117,3,-0.389763780,1.263779528
48,117,3,-0.366141732,1.263779528
49,117,3,-0.342519685,1.263779528
50,117,3,-0.318897638,1.263779528
51,117,3,-0.295275591,1.263779528
52,117,3,-0.271653543,1.263779528
53,117,3,-0.248031496,1.263779528
54,117,3,-0.224409449,1.263779528
55,117,3,-0.200787402,1.263779528
56,117,3,-0.177165354,1.263779528
57,117,3,-0.153543307,1.263779528
58,117,4,-0.129921260,1.263779528
59,117,3,-0.106299213,1.263779528
60,117,3,-0.082677165,1.263779528
61,117,3,-0.059055118,1.263779528
62,117,3,-0.035433071,1.263779528
63,117,3,-0.011811024,1.263779528
64,117,3,0.011811024,1.263779528
65,117,3,0.035433071,1.263779528
66,117,3,0.059055118,1.263779528
67,117,3,0.082677165,1.263779528
68,117,3,0.106299213,1.263779528
69,117,3,0.129921260,1.263779528
70,117,3,0.153543307,1.263779528
71,117,3,0.177165354,1.263779528
72,117,3,0.200787402,1.263779528
73,117,3,0.224409449,1.263779528
74,117,3,0.248031496,1.263779528
75,117,3,0.271653543,1.263779528
76,117,2,0.295275591,1.263779528
77,117,2,0.318897638,1.263779528
78,117,2,0.342519685,1.263779528
79,117,2,0.366141732,1.263779528
80,117,2,0.389763780,1.263779528
81,117,2,0.413385827,1.263779528
82,117,2,0.437007874,1.263779528
83,117,2,0.460629921,1.263779528
84,117,2,0.484251969,1.263779528
85,117,2,0.507874016,1.263779528
86,117,2,0.531496063,1.263779528
87,117,2,0.555118110,1.263779528
88,117,2,0.578740157,1.263779528
89,117,2,0.602362205,1.263779528
90,117,2,0.625984252,1.263779528
91,117,2,0.649606299,1.263779528
92,117,2,0.673228346,1.263779528
93,117,2,0.696850394,1.263779528
94,117,2,0.720472441,1.263779528
95,117,2,0.744094488,1.263779528
96,117,2,0.767716535,1.263779528
97,117,2,0.791338583,1.263779528
98,117,2,0.814960630,1.263779528
99,117,2,0.838582677,1.263779528
100,117,2,0.862204724,1.263779528
101,117,2,0.885826772,1.263779528
102,117,2,0.909448819,1.263779528
103,117,2,0.933070866,1.263779528
104,117,2,0.956692913,1.263779528
105,117,2,0.980314961,1.263779528
106,117,2,1.003937008,1.263779528
107,117,2,1.027559055,1.263779528
108,117,2,1.051181102,1.263779528
109,117,2,1.074803150,1.263779528
110,117,2,1.098425197,1.263779528
111,117,2,1.122047244,1.263779528
112,117,2,1.145669291,1.263779528
113,117,2,1.169291339,1.263779528
114,117,2,1.192913386,1.263779528
115,117,2,1.216535433,1.263779528
116,117,2,1.240157480,1.263779528
117,117,2,1.263779528,1.263779528
118,117,2,1.287401575,1.263779528
119,117,2,1.311023622,1.263779528
120,117,2,1.334645669,1.263779528
121,117,2,1.358267717,1.263779528
122,117,2,1.381889764,1.263779528
123,117,2,1.405511811,1.263779528
124,117,2,1.429133858,1.263779528
125,117,2,1.452755906,1.263779528
126,117,2,1.476377953,1.263779528
127,117,2,1.500000000,1.263779528
0,118,2,-1.500000000,1.287401575
1,118,2,-1.476377953,1.287401575
2,118,2,-1.452755906,1.287401575
3,118,2,-1.429133858,1.287401575
4,118,2,-1.405511811,1.287401575
5,118,2,-1.381889764,1.287401575
6,118,2,-1.358267717,1.287401575
7,118,2,-1.334645669,1.287401575
8,118,2,-1.311023622,1.287401575
9,118,2,-1.287401575,1.287401575
10,118,3,-1.263779528,1.287401575
11,118,3,-1.240157480,1.287401575
12,118,3,-1.216535433,1.287401575
13,118,3,-1.192913386,1.287401575
14,118,3,-1.169291339,1.287401575
15,118,3,-1.145669291,1.287401575
16,118,3,-1.122047244,1.287401575
17,118,3,-1.098425197,1.287401575
18,118,3,-1.074803150,1.287401575
19,118,3,-1.051181102,1.287401575
20,118,3,-1.027559055,1.287401575
21,118,3,-1.003937008,1.287401575
22,118,3,-0.980314961,1.287401575
23,118,3,-0.956692913,1.287401575
24,118,3,-0.933070866,1.287401575
25,118,3,-0.909448819,1.287401575
26,118,3,-0.885826772,1.287401575
27,118,3,-0.862204724,1.287401575
28,118,3,-0.838582677,1.287401575
29,118,3,-0.814960630,1.287401575
30,118,3,-0.791338583,1.287401575
31,118,3,-0.767716535,1.287401575
32,118,3,-0.744094488,1.287401575
33,118,3,-0.720472441,1.287401575
34,118,3,-0.696850394,1.287401575
35,118,3,-0.673228346,1.287401575
36,118,3,-0.649606299,1.287401575
37,118,3,-0.625984252,1.287401575
38,118,3,-0.602362205,1.287401575
39,118,3,-0.578740157,1.287401575
40,118,3,-0.555118110,1.287401575
41,118,3,-0.531496063,1.287401575
42,118,3,-0.507874016,1.287401575
43,118,3,-0.484251969,1.287401575
44,118,3,-0.460629921,1.287401575
45,118,3,-0.437007874,1.287401575
46,118,3,-0.413385827,1.287401575
47,118,3,-0.389763780,1.287401575
48,118,3,-0.366141732,1.287401575
49,118,3,-0.342519685,1.287401575
50,118,3,-0.318897638,1.287401575
51,118,3,-0.295275591,1.287401575
52,118,3,-0.271653543,1.287401575
53,118,3,-0.248031496,1.287401575
54,118,3,-0.224409449,1.287401575
55,118,3,-0.200787402,1.287401575
56,118,3,-0.177165354,1.287401575
57,118,3,-0.153543307,1.287401575
58,118,3,-0.129921260,1.287401575
59,118,3,-0.106299213,1.287401575
60,118,3,-0.082677165,1.287401575
61,118,3,-0.059055118,1.287401575
62,118,3,-0.035433071,1.287401575
63,118,3,-0.011811024,1.287401575
64,118,3,0.011811024,1.287401575
65,118,3,0.035433071,1.287401575
66,118,3,0.059055118,1.287401575
67,118,3,0.082677165,1.287401575
68,118,3,0.106299213,1.287401575
69,118,3,0.129921260,1.287401575
70,118,3,0.153543307,1.287401575
71,118,3,0.177165354,1.287401575
72,118,3,0.200787402,1.287401575
73,118,3,0.224409449,1.287401575
74,118,3,0.248031496,1.287401575
75,118,3,0.271653543,1.287401575
76,118,2,0.295275591,1.287401575
77,118,2,0.318897638,1.287401575
78,118,2,0.342519685,1.287401575
79,118,2,0.366141732,1.287401575
80,118,2,0.389763780,1.287401575
81,118,2,0.413385827,1.287401575
82,118,2,0.437007874,1.287401575
83,118,2,0.460629921,1.287401575
84,118,2,0.484251969,1.287401575
85,118,2,0.507874016,1.287401575
86,118,2,0.531496063,1.287401575
87,118,2,0.555118110,1.287401575
88,118,2,0.578740157,1.287401575
89,118,2,0.602362205,1.287401575
90,118,2,0.625984252,1.287401575
91,118,2,0.649606299,1.287401575
92,118,2,0.673228346,1.287401575
93,118,2,0.696850394,1.287401575
94,118,2,0.720472441,1.287401575
95,118,2,0.744094488,1.287401575
96,118,2,0.767716535,1.287401575
97,118,2,0.791338583,1.287401575
98,118,2,0.814960630,1.287401575
99,118,2,0.838582677,1.287401575
100,118,2,0.862204724,1.287401575
101,118,2,0.885826772,1.287401575
102,118,2,0.909448819,1.287401575
103,118,2,0.933070866,1.287401575
104,118,2,0.956692913,1.287401575
105,118,2,0.980314961,1.287401575
106,118,2,1.003937008,1.287401575
107,118,2,1.027559055,1.287401575
108,118,2,1.051181102,1.287401575
109,118,2,1.074803150,1.287401575
110,118,2,1.098425197,1.287401575
111,118,2,1.122047244,1.287401575
112,118,2,1.145669291,1.287401575
113,118,2,1.169291339,1.287401575
114,118,2,1.192913386,1.287401575
115,118,2,1.216535433,1.287401575
116,118,2,1.240157480,1.287401575
117,118,2,1.263779528,1.287401575
118,118,2,1.287401575,1.287401575
119,118,2,1.311023622,1.287401575
120,118,2,1.334645669,1.287401575
121,118,2,1.358267717,1.287401575
122,118,2,1.381889764,1.287401575
123,118,2,1.405511811,1.287401575
124,118,2,1.429133858,1.287401575
125,118,2,1.452755906,1.287401575
126,118,2,1.476377953,1.287401575
127,118,2,1.500000000,1.287401575
0,119,2,-1.500000000,1.311023622
1,119,2,-1.476377953,1.311023622
2,119,2,-1.452755906,1.311023622
3,119,2,-1.429133858,1.311023622
4,119,2,-1.405511811,1.311023622
5,119,2,-1.381889764,1.311023622
6,119,2,-1.358267717,1.311023622
7,119,2,-1.334645669,1.311023622
8,119,2,-1.311023622,1.311023622
9,119,2,-1.287401575,1.311023622
10,119,2,-1.263779528,1.311023622
11,119,3,-1.240157480,1.311023622
12,119,3,-1.216535433,1.311023622
13,119,3,-1.192913386,1.311023622
14,119,3,-1.169291339,1.311023622
15,119,3,-1.145669291,1.311023622
16,119,3,-1.122047244,1.311023622
17,119,3,-1.098425197,1.311023622
18,119,3,-1.074803150,1.311023622
19,119,3,-1.051181102,1.311023622
20,119,3,-1.027559055,1.311023622
21,119,3,-1.003937008,1.311023622
22,119,3,-0.980314961,1.311023622
23,119,3,-0.956692913,1.311023622
24,119,3,-0.933070866,1.311023622
25,119,3,-0.909448819,1.311023622
26,119,3,-0.885826772,1.311023622
27,119,3,-0.862204724,1.311023622
28,119,3,-0.838582677,1.311023622
29,119,3,-0.814960630,1.311023622
30,119,3,-0.791338583,1.311023622
31,119,3,-0.767716535,1.311023622
32,119,3,-0.744094488,1.311023622
33,119,3,-0.720472441,1.311023622
34,119,3,-0.696850394,1.311023622
35,119,3,-0.673228346,1.311023622
36,119,3,-0.649606299,1.311023622
37,119,3,-0.625984252,1.311023622
38,119,3,-0.602362205,1.311023622
39,119,3,-0.578740157,1.311023622
40,119,3,-0.555118110,1.311023622
41,119,3,-0.531496063,1.311023622
42,119,3,-0.507874016,1.311023622
43,119,3,-0.484251969,1.311023622
44,119,3,-0.460629921,1.311023622
45,119,3,-0.437007874,1.311023622
46,119,3,-0.413385827,1.311023622
47,119,3,-0.389763780,1.311023622
48,119,3,-0.366141732,1.311023622
49,119,3,-0.342519685,1.311023622
50,119,3,-0.318897638,1.311023622
51,119,3,-0.295275591,1.311023622
52,119,3,-0.271653543,1.311023622
53,119,3,-0.248031496,1.311023622
54,119,3,-0.224409449,1.311023622
55,119,3,-0.200787402,1.311023622
56,119,3,-0.177165354,1.311023622
57,119,3,-0.153543307,1.311023622
58,119,3,-0.129921260,1.311023622
59,119,3,-0.106299213,1.311023622
60,119,3,-0.082677165,1.311023622
61,119,3,-0.059055118,1.311023622
62,119,3,-0.035433071,1.311023622
63,119,3,-0.011811024,1.311023622
64,119,3,0.011811024,1.311023622
65,119,3,0.035433071,1.311023622
66,119,3,0.059055118,1.311023622
67,119,3,0.082677165,1.311023622
68,119,3,0.106299213,1.311023622
69,119,3,0.129921260,1.311023622
70,119,3,0.153543307,1.311023622
71,119,3,0.177165354,1.311023622
72,119,3,0.200787402,1.311023622
73,119,3,0.224409449,1.311023622
74,119,3,0.248031496,1.311023622
75,119,2,0.271653543,1.311023622
76,119,2,0.295275591,1.311023622
77,119,2,0.318897638,1.311023622
78,119,2,0.342519685,1.311023622
79,119,2,0.366141732,1.311023622
80,119,2,0.389763780,1.311023622
81,119,2,0.413385827,1.311023622
82,119,2,0.437007874,1.311023622
83,119,2,0.460629921,1.311023622
84,119,2,0.484251969,1.311023622
85,119,2,0.507874016,1.311023622
86,119,2,0.531496063,1.311023622
87,119,2,0.555118110,1.311023622
88,119,2,0.578740157,1.311023622
89,119,2,0.602362205,1.311023622
90,119,2,0.625984252,1.311023622
91,119,2,0.649606299,1.311023622
92,119,2,0.673228346,1.311023622
93,119,2,0.696850394,1.311023622
94,119,2,0.720472441,1.311023622
95,119,2,0.744094488,1.311023622
96,119,2,0.767716535,1.311023622
97,119,2,0.791338583,1.311023622
98,119,2,0.814960630,1.311023622
99,119,2,0.838582677,1.311023622
100,119,2,0.862204724,1.311023622
101,119,2,0.885826772,1.311023622
102,119,2,0.909448819,1.311023622
103,119,2,0.933070866,1.311023622
104,119,2,0.956692913,1.311023622
105,119,2,0.980314961,1.311023622
106,119,2,1.003937008,1.311023622
107,119,2,1.027559055,1.311023622
108,119,2,1.051181102,1.311023622
109,119,2,1.074803150,1.311023622
110,119,2,1.098425197,1.311023622
111,119,2,1.122047244,1.311023622
112,119,2,1.145669291,1.311023622
113,119,2,1.169291339,1.311023622
114,119,2,1.192913386,1.311023622
115,119,2,1.216535433,1.311023622
116,119,2,1.240157480,1.311023622
117,119,2,1.263779528,1.311023622
118,119,2,1.287401575,1.311023622
119,119,2,1.311023622,1.311023622
120,119,2,1.334645669,1.311023622
121,119,2,1.358267717,1.311023622
122,119,2,1.381889764,1.311023622
123,119,2,1.405511811,1.311023622
124,119,2,1.429133858,1.311023622
125,119,2,1.452755906,1.311023622
126,119,2,1.476377953,1.311023622
127,119,2,1.500000000,1.311023622
0,120,2,-1.500000000,1.334645669
1,120,2,-1.476377953,1.334645669
2,120,2,-1.452755906,1.334645669
3,120,2,-1.429133858,1.334645669
4,120,2,-1.405511811,1.334645669
5,120,2,-1.381889764,1.334645669
6,120,2,-1.358267717,1.334645669
7,120,2,-1.334645669,1.334645669
8,120,2,-1.311023622,1.334645669
9,120,2,-1.287401575,1.334645669
10,120,2,-1.263779528,1.334645669
11,120,3,-1.240157480,1.334645669
12,120,3,-1.216535433,1.334645669
13,120,3,-1.192913386,1.334645669
14,120,3,-1.169291339,1.334645669
15,120,3,-1.145669291,1.334645669
16,120,3,-1.122047244,1.334645669
17,120,3,-1.098425197,1.334645669
18,120,3,-1.074803150,1.334645669
19,120,3,-1.051181102,1.334645669
20,120,3,-1.027559055,1.334645669
21,120,3,-1.003937008,1.334645669
22,120,3,-0.980314961,1.334645669
23,120,3,-0.956692913,1.334645669
24,120,3,-0.933070866,1.334645669
25,120,3,-0.909448819,1.334645669
26,120,3,-0.885826772,1.334645669
27,120,3,-0.862204724,1.334645669
28,120,3,-0.838582677,1.334645669
29,120,3,-0.814960630,1.334645669
30,120,3,-0.791338583,1.334645669
31,120,3,-0.767716535,1.334645669
32,120,3,-0.744094488,1.334645669
33,120,3,-0.720472441,1.334645669
34,120,3,-0.696850394,1.334645669
35,120,2,-0.673228346,1.334645669
36,120,2,-0.649606299,1.334645669
37,120,2,-0.625984252,1.334645669
38,120,2,-0.602362205,1.334645669
39,120,2,-0.578740157,1.334645669
40,120,2,-0.555118110,1.334645669
41,120,2,-0.531496063,1.334645669
42,120,2,-0.507874016,1.334645669
43,120,2,-0.484251969,1.334645669
44,120,2,-0.460629921,1.334645669
45,120,2,-0.437007874,1.334645669
46,120,2,-0.413385827,1.334645669
47,120,2,-0.389763780,1.334645669
48,120,2,-0.366141732,1.334645669
49,120,2,-0.342519685,1.334645669
50,120,3,-0.318897638,1.334645669
51,120,3,-0.295275591,1.334645669
52,120,3,-0.271653543,1.334645669
53,120,3,-0.248031496,1.334645669
54,120,3,-0.224409449,1.334645669
55,120,3,-0.200787402,1.334645669
56,120,3,-0.177165354,1.334645669
57,120,3,-0.153543307,1.334645669
58,120,3,-0.129921260,1.334645669
59,120,3,-0.106299213,1.334645669
60,120,3,-0.082677165,1.334645669
61,120,3,-0.059055118,1.334645669
62,120,3,-0.035433071,1.334645669
63,120,3,-0.011811024,1.334645669
64,120,3,0.011811024,1.334645669
65,120,3,0.035433071,1.334645669
66,120,3,0.059055118,1.334645669
67,120,3,0.082677165,1.334645669
68,120,3,0.106299213,1.334645669
69,120,3,0.129921260,1.334645669
70,120,3,0.153543307,1.334645669
71,120,3,0.177165354,1.334645669
72,120,3,0.200787402,1.334645669
73,120,3,0.224409449,1.334645669
74,120,3,0.248031496,1.334645669
75,120,2,0.271653543,1.334645669
76,120,2,0.295275591,1.334645669
77,120,2,0.318897638,1.334645669
78,120,2,0.342519685,1.334645669
79,120,2,0.366141732,1.334645669
80,120,2,0.389763780,1.334645669
81,120,2,0.413385827,1.334645669
82,120,2,0.437007874,1.334645669
83,120,2,0.460629921,1.334645669
84,120,2,0.484251969,1.334645669
85,120,2,0.507874016,1.334645669
86,120,2,0.531496063,1.334645669
87,120,2,0.555118110,1.334645669
88,120,2,0.578740157,1.334645669
89,120,2,0.602362205,1.334645669
90,120,2,0.625984252,1.334645669
91,120,2,0.649606299,1.334645669
92,120,2,0.673228346,1.334645669
93,120,2,0.696850394,1.334645669
94,120,2,0.720472441,1.334645669
95,120,2,0.744094488,1.334645669
96,120,2,0.767716535,1.334645669
97,120,2,0.791338583,1.334645669
98,120,2,0.814960630,1.334645669
99,120,2,0.838582677,1.334645669
100,120,2,0.862204724,1.334645669
101,120,2,0.885826772,1.334645669
102,120,2,0.909448819,1.334645669
103,120,2,0.933070866,1.334645669
104,120,2,0.956692913,1.334645669
105,120,2,0.980314961,1.334645669
106,120,2,1.003937008,1.334645669
107,120,2,1.027559055,1.334645669
108,120,2,1.051181102,1.334645669
109,120,2,1.074803150,1.334645669
110,120,2,1.098425197,1.334645669
111,120,2,1.122047244,1.334645669
112,120,2,1.145669291,1.334645669
113,120,2,1.169291339,1.334645669
114,120,2,1.192913386,1.334645669
115,120,2,1.216535433,1.334645669
116,120,2,1.240157480,1.334645669
117,120,2,1.263779528,1.334645669
118,120,2,1.287401575,1.334645669
119,120,2,1.311023622,1.334645669
120,120,2,1.334645669,1.334645669
121,120,2,1.358267717,1.334645669
122,120,2,1.381889764,1.334645669
123,120,2,1.405511811,1.334645669
124,120,2,1.429133858,1.334645669
125,120,2,1.452755906,1.334645669
126,120,2,1.476377953,1.334645669
127,120,2,1.500000000,1.334645669
0,121,2,-1.500000000,1.358267717
1,121,2,-1.476377953,1.358267717
2,121,2,-1.452755906,1.358267717
3,121,2,-1.429133858,1.358267717
4,121,2,-1.405511811,1.358267717
5,121,2,-1.381889764,1.358267717
6,121,2,-1.358267717,1.358267717
7,121,2,-1.334645669,1.358267717
8,121,2,-1.311023622,1.358267717
9,121,2,-1.287401575,1.358267717
10,121,2,-1.263779528,1.358267717
11,121,2,-1.240157480,1.358267717
12,121,3,-1.216535433,1.358267717
13,121,3,-1.192913386,1.358267717
14,121,3,-1.169291339,1.358267717
15,121,3,-1.145669291,1.358267717
16,121,3,-1.122047244,1.358267717
17,121,3,-1.098425197,1.358267717
18,121,3,-1.074803150,1.358267717
19,121,3,-1.051181102,1.358267717
20,121,3,-1.027559055,1.358267717
21,121,3,-1.003937008,1.358267717
22,121,3,-0.980314961,1.358267717
23,121,3,-0.956692913,1.358267717
24,121,3,-0.933070866,1.358267717
25,121,3,-0.909448819,1.358267717
26,121,3,-0.885826772,1.358267717
27,121,3,-0.862204724,1.358267717
28,121,3,-0.838582677,1.358267717
29,121,3,-0.814960630,1.358267717
30,121,2,-0.791338583,1.358267717
31,121,2,-0.767716535,1.358267717
32,121,2,-0.744094488,1.358267717
33,121,2,-0.720472441,1.358267717
34,121,2,-0.696850394,1.358267717
35,121,2,-0.673228346,1.358267717
36,121,2,-0.649606299,1.358267717
37,121,2,-0.625984252,1.358267717
38,121,2,-0.602362205,1.358267717
39,121,2,-0.578740157,1.358267717
40,121,2,-0.555118110,1.358267717
41,121,2,-0.531496063,1.358267717
42,121,2,-0.507874016,1.358267717
43,121,2,-0.484251969,1.358267717
44,121,2,-0.460629921,1.358267717
45,121,2,-0.437007874,1.358267717
46,121,2,-0.413385827,1.358267717
47,121,2,-0.389763780,1.358267717
48,121,2,-0.366141732,1.358267717
49,121,2,-0.342519685,1.358267717
50,121,2,-0.318897638,1.358267717
51,121,2,-0.295275591,1.358267717
52,121,2,-0.271653543,1.358267717
53,121,2,-0.248031496,1.358267717
54,121,2,-0.224409449,1.358267717
55,121,2,-0.200787402,1.358267717
56,121,3,-0.177165354,1.358267717
57,121,3,-0.153543307,1.358267717
58,121,3,-0.129921260,1.358267717
59,121,3,-0.106299213,1.358267717
60,121,3,-0.082677165,1.358267717
61,121,3,-0.059055118,1.358267717
62,121,3,-0.035433071,1.358267717
63,121,3,-0.011811024,1.358267717
64,121,3,0.011811024,1.358267717
65,121,3,0.035433071,1.358267717
66,121,3,0.059055118,1.358267717
67,121,3,0.082677165,1.358267717
68,121,3,0.106299213,1.358267717
69,121,3,0.129921260,1.358267717
70,121,3,0.153543307,1.358267717
71,121,3,0.177165354,1.358267717
72,121,3,0.200787402,1.358267717
73,121,3,0.224409449,1.358267717
74,121,2,0.248031496,1.358267717
75,121,2,0.271653543,1.358267717
76,121,2,0.295275591,1.358267717
77,121,2,0.318897638,1.358267717
78,121,2,0.342519685,1.358267717
79,121,2,0.366141732,1.358267717
80,121,2,0.389763780,1.358267717
81,121,2,0.413385827,1.358267717
82,121,2,0.437007874,1.358267717
83,121,2,0.460629921,1.358267717
84,121,2,0.484251969,1.358267717
85,121,2,0.507874016,1.358267717
86,121,2,0.531496063,1.358267717
87,121,2,0.555118110,1.358267717
88,121,2,0.578740157,1.358267717
89,121,2,0.602362205,1.358267717
90,121,2,0.625984252,1.358267717
91,121,2,0.649606299,1.358267717
92,121,2,0.673228346,1.358267717
93,121,2,0.696850394,1.358267717
94,121,2,0.720472441,1.358267717
95,121,2,0.744094488,1.358267717
96,121,2,0.767716535,1.358267717
97,121,2,0.791338583,1.358267717
98,121,2,0.814960630,1.358267717
99,121,2,0.838582677,1.358267717
100,121,2,0.862204724,1.358267717
101,121,2,0.885826772,1.358267717
102,121,2,0.909448819,1.358267717
103,121,2,0.933070866,1.358267717
104,121,2,0.956692913,1.358267717
105,121,2,0.980314961,1.358267717
106,121,2,1.003937008,1.358267717
107,121,2,1.027559055,1.358267717
108,121,2,1.051181102,1.358267717
109,121,2,1.074803150,1.358267717
110,121,2,1.098425197,1.358267717
111,121,2,1.122047244,1.358267717
112,121,2,1.145669291,1.358267717
113,121,2,1.169291339,1.358267717
114,121,2,1.192913386,1.358267717
115,121,2,1.216535433,1.358267717
116,121,2,1.240157480,1.358267717
117,121,2,1.263779528,1.358267717
118,121,2,1.287401575,1.358267717
119,121,2,1.311023622,1.358267717
120,121,2,1.334645669,1.358267717
121,121,2,1.358267717,1.358267717
122,121,2,1.381889764,1.358267717
123,121,2,1.405511811,1.358267717
124,121,2,1.429133858,1.358267717
125,121,2,1.452755906,1.358267717
126,121,2,1.476377953,1.358267717
127,121,2,1.500000000,1.358267717
0,122,2,-1.500000000,1.381889764
1,122,2,-1.476377953,1.381889764
2,122,2,-1.452755906,1.381889764
3,122,2,-1.429133858,1.381889764
4,122,2,-1.405511811,1.381889764
5,122,2,-1.381889764,1.381889764
6,122,2,-1.358267717,1.381889764
7,122,2,-1.334645669,1.381889764
8,122,2,-1.311023622,1.381889764
9,122,2,-1.287401575,1.381889764
10,122,2,-1.263779528,1.381889764
11,122,2,-1.240157480,1.381889764
12,122,3,-1.216535433,1.381889764
13,122,3,-1.192913386,1.381889764
14,122,3,-1.169291339,1.381889764
15,122,3,-1.145669291,1.381889764
16,122,3,-1.122047244,1.381889764
17,122,3,-1.098425197,1.381889764
18,122,3,-1.074803150,1.381889764
19,122,3,-1.051181102,1.381889764
20,122,3,-1.027559055,1.381889764
21,122,3,-1.003937008,1.381889764
22,122,3,-0.980314961,1.381889764
23,122,3,-0.956692913,1.381889764
24,122,3,-0.933070866,1.381889764
25,122,3,-0.909448819,1.381889764
26,122,2,-0.885826772,1.381889764
27,122,2,-0.862204724,1.381889764
28,122,2,-0.838582677,1.381889764
29,122,2,-0.814960630,1.381889764
30,122,2,-0.791338583,1.381889764
31,122,2,-0.767716535,1.381889764
32,122,2,-0.744094488,1.381889764
33,122,2,-0.720472441,1.381889764
34,122,2,-0.696850394,1.381889764
35,122,2,-0.673228346,1.381889764
36,122,2,-0.649606299,1.381889764
37,122,2,-0.625984252,1.381889764
38,122,2,-0.602362205,1.381889764
39,122,2,-0.578740157,1.381889764
40,122,2,-0.555118110,1.381889764
41,122,2,-0.531496063,1.381889764
42,122,2,-0.507874016,1.381889764
43,122,2,-0.484251969,1.381889764
44,122,2,-0.460629921,1.381889764
45,122,2,-0.437007874,1.381889764
46,122,2,-0.413385827,1.381889764
47,122,2,-0.389763780,1.381889764
48,122,2,-0.366141732,1.381889764
49,122,2,-0.342519685,1.381889764
50,122,2,-0.318897638,1.381889764
51,122,2,-0.295275591,1.381889764
52,122,2,-0.271653543,1.381889764
53,122,2,-0.248031496,1.381889764
54,122,2,-0.224409449,1.381889764
55,122,2,-0.200787402,1.381889764
56,122,2,-0.177165354,1.381889764
57,122,2,-0.153543307,1.381889764
58,122,2,-0.129921260,1.381889764
59,122,2,-0.106299213,1.381889764
60,122,3,-0.082677165,1.381889764
61,122,3,-0.059055118,1.381889764
62,122,3,-0.035433071,1.381889764
63,122,3,-0.011811024,1.381889764
64,122,3,0.011811024,1.381889764
65,122,3,0.035433071,1.381889764
66,122,3,0.059055118,1.381889764
67,122,3,0.082677165,1.381889764
68,122,3,0.106299213,1.381889764
69,122,3,0.129921260,1.381889764
70,122,3,0.153543307,1.381889764
71,122,3,0.177165354,1.381889764
72,122,3,0.200787402,1.381889764
73,122,2,0.224409449,1.381889764
74,122,2,0.248031496,1.381889764
75,122,2,0.271653543,1.381889764
76,122,2,0.295275591,1.381889764
77,122,2,0.318897638,1.381889764
78,122,2,0.342519685,1.381889764
79,122,2,0.366141732,1.381889764
80,122,2,0.389763780,1.381889764
81,122,2,0.413385827,1.381889764
82,122,2,0.437007874,1.381889764
83,122,2,0.460629921,1.381889764
84,122,2,0.484251969,1.381889764
85,122,2,0.507874016,1.381889764
86,122,2,0.531496063,1.381889764
87,122,2,0.555118110,1.381889764
88,122,2,0.578740157,1.381889764
89,122,2,0.602362205,1.381889764
90,122,2,0.625984252,1.381889764
91,122,2,0.649606299,1.381889764
92,122,2,0.673228346,1.381889764
93,122,2,0.696850394,1.381889764
94,122,2,0.720472441,1.381889764
95,122,2,0.744094488,1.381889764
96,122,2,0.767716535,1.381889764
97,122,2,0.791338583,1.381889764
98,122,2,0.814960630,1.381889764
99,122,2,0.838582677,1.381889764
100,122,2,0.862204724,1.381889764
101,122,2,0.885826772,1.381889764
102,122,2,0.909448819,1.381889764
103,122,2,0.933070866,1.381889764
104,122,2,0.956692913,1.381889764
105,122,2,0.980314961,1.381889764
106,122,2,1.003937008,1.381889764
107,122,2,1.027559055,1.381889764
108,122,2,1.051181102,1.381889764
109,122,2,1.074803150,1.381889764
110,122,2,1.098425197,1.381889764
111,122,2,1.122047244,1.381889764
112,122,2,1.145669291,1.381889764
113,122,2,1.169291339,1.381889764
114,122,2,1.192913386,1.381889764
115,122,2,1.216535433,1.381889764
116,122,2,1.240157480,1.381889764
117,122,2,1.263779528,1.381889764
118,122,2,1.287401575,1.381889764
119,122,2,1.311023622,1.381889764
120,122,2,1.334645669,1.381889764
121,122,2,1.358267717,1.381889764
122,122,2,1.381889764,1.381889764
123,122,2,1.405511811,1.381889764
124,122,2,1.429133858,1.381889764
125,122,2,1.452755906,1.381889764
126,122,2,1.476377953,1.381889764
127,122,2,1.500000000,1.381889764
0,123,2,-1.500000000,1.405511811
1,123,2,-1.476377953,1.405511811
2,123,2,-1.452755906,1.405511811
3,123,2,-1.429133858,1.405511811
4,123,2,-1.405511811,1.405511811
5,123,2,-1.381889764,1.405511811
6,123,2,-1.358267717,1.405511811
7,123,2,-1.334645669,1.405511811
8,123,2,-1.311023622,1.405511811
9,123,2,-1.287401575,1.405511811
10,123,2,-1.263779528,1.405511811
11,123,2,-1.240157480,1.405511811
12,123,2,-1.216535433,1.405511811
13,123,3,-1.192913386,1.405511811
14,123,3,-1.169291339,1.405511811
15,123,3,-1.145669291,1.405511811
16,123,3,-1.122047244,1.405511811
17,123,3,-1.098425197,1.405511811
18,123,3,-1.074803150,1.405511811
19,123,3,-1.051181102,1.405511811
20,123,3,-1.027559055,1.405511811
21,123,3,-1.003937008,1.405511811
22,123,3,-0.980314961,1.405511811
23,123,2,-0.956692913,1.405511811
24,123,2,-0.933070866,1.405511811
25,123,2,-0.909448819,1.405511811
26,123,2,-0.885826772,1.405511811
27,123,2,-0.862204724,1.405511811
28,123,2,-0.838582677,1.405511811
29,123,2,-0.814960630,1.405511811
30,123,2,-0.791338583,1.405511811
31,123,2,-0.767716535,1.405511811
32,123,2,-0.744094488,1.405511811
33,123,2,-0.720472441,1.405511811
34,123,2,-0.696850394,1.405511811
35,123,2,-0.673228346,1.405511811
36,123,2,-0.649606299,1.405511811
37,123,2,-0.625984252,1.405511811
38,123,2,-0.602362205,1.405511811
39,123,2,-0.578740157,1.405511811
40,123,2,-0.555118110,1.405511811
41,123,2,-0.531496063,1.405511811
42,123,2,-0.507874016,1.405511811
43,123,2,-0.484251969,1.405511811
44,123,2,-0.460629921,1.405511811
45,123,2,-0.437007874,1.405511811
46,123,2,-0.413385827,1.405511811
47,123,2,-0.389763780,1.405511811
48,123,2,-0.366141732,1.405511811
49,123,2,-0.342519685,1.405511811
50,123,2,-0.318897638,1.405511811
51,123,2,-0.295275591,1.405511811
52,123,2,-0.271653543,1.405511811
53,123,2,-0.248031496,1.405511811
54,123,2,-0.224409449,1.405511811
55,123,2,-0.200787402,1.405511811
56,123,2,-0.177165354,1.405511811
57,123,2,-0.153543307,1.405511811
58,123,2,-0.129921260,1.405511811
59,123,2,-0.106299213,1.405511811
60,123,2,-0.082677165,1.405511811
61,123,2,-0.059055118,1.405511811
62,123,2,-0.035433071,1.405511811
63,123,3,-0.011811024,1.405511811
64,123,3,0.011811024,1.405511811
65,123,3,0.035433071,1.405511811
66,123,3,0.059055118,1.405511811
67,123,3,0.082677165,1.405511811
68,123,3,0.106299213,1.405511811
69,123,3,0.129921260,1.405511811
70,123,3,0.153543307,1.405511811
71,123,3,0.177165354,1.405511811
72,123,3,0.200787402,1.405511811
73,123,2,0.224409449,1.405511811
74,123,2,0.248031496,1.405511811
75,123,2,0.271653543,1.405511811
76,123,2,0.295275591,1.405511811
77,123,2,0.318897638,1.405511811
78,123,2,0.342519685,1.405511811
79,123,2,0.366141732,1.405511811
80,123,2,0.389763780,1.405511811
81,123,2,0.413385827,1.405511811
82,123,2,0.437007874,1.405511811
83,123,2,0.460629921,1.405511811
84,123,2,0.484251969,1.405511811
85,123,2,0.507874016,1.405511811
86,123,2,0.531496063,1.405511811
87,123,2,0.555118110,1.405511811
88,123,2,0.578740157,1.405511811
89,123,2,0.602362205,1.405511811
90,123,2,0.625984252,1.405511811
91,123,2,0.649606299,1.405511811
92,123,2,0.673228346,1.405511811
93,123,2,0.696850394,1.405511811
94,123,2,0.720472441,1.405511811
95,123,2,0.744094488,1.405511811
96,123,2,0.767716535,1.405511811
97,123,2,0.791338583,1.405511811
98,123,2,0.814960630,1.405511811
99,123,2,0.838582677,1.405511811
100,123,2,0.862204724,1.405511811
101,123,2,0.885826772,1.405511811
102,123,2,0.909448819,1.405511811
103,123,2,0.933070866,1.405511811
104,123,2,0.956692913,1.405511811
105,123,2,0.980314961,1.405511811
106,123,2,1.003937008,1.405511811
107,123,2,1.027559055,1.405511811
108,123,2,1.051181102,1.405511811
109,123,2,1.074803150,1.405511811
110,123,2,1.098425197,1.405511811
111,123,2,1.122047244,1.405511811
112,123,2,1.145669291,1.405511811
113,123,2,1.169291339,1.405511811
114,123,2,1.192913386,1.405511811
115,123,2,1.216535433,1.405511811
116,123,2,1.240157480,1.405511811
117,123,2,1.263779528,1.405511811
118,123,2,1.287401575,1.405511811
119,123,2,1.311023622,1.405511811
120,123,2,1.334645669,1.405511811
121,123,2,1.358267717,1.405511811
122,123,2,1.381889764,1.405511811
123,123,2,1.405511811,1.405511811
124,123,2,1.429133858,1.405511811
125,123,2,1.452755906,1.405511811
126,123,2,1.476377953,1.405511811
127,123,2,1.500000000,1.405511811
0,124,2,-1.500000000,1.429133858
1,124,2,-1.476377953,1.429133858
2,124,2,-1.452755906,1.429133858
3,124,2,-1.429133858,1.429133858
4,124,2,-1.405511811,1.429133858
5,124,2,-1.381889764,1.429133858
6,124,2,-1.358267717,1.429133858
7,124,2,-1.334645669,1.429133858
8,124,2,-1.311023622,1.429133858
9,124,2,-1.287401575,1.429133858
10,124,2,-1.263779528,1.429133858
11,124,2,-1.240157480,1.429133858
12,124,2,-1.216535433,1.429133858
13,124,3,-1.192913386,1.429133858
14,124,3,-1.169291339,1.429133858
15,124,3,-1.145669291,1.429133858
16,124,3,-1.122047244,1.429133858
17,124,3,-1.098425197,1.429133858
18,124,3,-1.074803150,1.429133858
19,124,3,-1.051181102,1.429133858
20,124,2,-1.027559055,1.429133858
21,124,2,-1.003937008,1.429133858
22,124,2,-0.980314961,1.429133858
23,124,2,-0.956692913,1.429133858
24,124,2,-0.933070866,1.429133858
25,124,2,-0.909448819,1.429133858
26,124,2,-0.885826772,1.429133858
27,124,2,-0.862204724,1.429133858
28,124,2,-0.838582677,1.429133858
29,124,2,-0.814960630,1.429133858
30,124,2,-0.791338583,1.429133858
31,124,2,-0.767716535,1.429133858
32,124,2,-0.744094488,1.429133858
33,124,2,-0.720472441,1.429133858
34,124,2,-0.696850394,1.429133858
35,124,2,-0.673228346,1.429133858
36,124,2,-0.649606299,1.429133858
37,124,2,-0.625984252,1.429133858
38,124,2,-0.602362205,1.429133858
39,124,2,-0.578740157,1.429133858
40,124,2,-0.555118110,1.429133858
41,124,2,-0.531496063,1.429133858
42,124,2,-0.507874016,1.429133858
43,124,2,-0.484251969,1.429133858
44,124,2,-0.460629921,1.429133858
45,124,2,-0.437007874,1.429133858
46,124,2,-0.413385827,1.429133858
47,124,2,-0.389763780,1.429133858
48,124,2,-0.366141732,1.429133858
49,124,2,-0.342519685,1.429133858
50,124,2,-0.318897638,1.429133858
51,124,2,-0.295275591,1.429133858
52,124,2,-0.271653543,1.429133858
53,124,2,-0.248031496,1.429133858
54,124,2,-0.224409449,1.429133858
55,124,2,-0.200787402,1.429133858
56,124,2,-0.177165354,1.429133858
57,124,2,-0.153543307,1.429133858
58,124,2,-0.129921260,1.429133858
59,124,2,-0.106299213,1.429133858
60,124,2,-0.082677165,1.429133858
61,124,2,-0.059055118,1.429133858
62,124,2,-0.035433071,1.429133858
63,124,2,-0.011811024,1.429133858
64,124,2,0.011811024,1.429133858
65,124,2,0.035433071,1.429133858
66,124,3,0.059055118,1.429133858
67,124,3,0.082677165,1.429133858
68,124,3,0.106299213,1.429133858
69,124,3,0.129921260,1.429133858
70,124,3,0.153543307,1.429133858
71,124,3,0.177165354,1.429133858
72,124,2,0.200787402,1.429133858
73,124,2,0.224409449,1.429133858
74,124,2,0.248031496,1.429133858
75,124,2,0.271653543,1.429133858
76,124,2,0.295275591,1.429133858
77,124,2,0.318897638,1.429133858
78,124,2,0.342519685,1.429133858
79,124,2,0.366141732,1.429133858
80,124,2,0.389763780,1.429133858
81,124,2,0.413385827,1.429133858
82,124,2,0.437007874,1.429133858
83,124,2,0.460629921,1.429133858
84,124,2,0.484251969,1.429133858
85,124,2,0.507874016,1.429133858
86,124,2,0.531496063,1.429133858
87,124,2,0.555118110,1.429133858
88,124,2,0.578740157,1.429133858
89,124,2,0.602362205,1.429133858
90,124,2,0.625984252,1.429133858
91,124,2,0.649606299,1.429133858
92,124,2,0.673228346,1.429133858
93,124,2,0.696850394,1.429133858
94,124,2,0.720472441,1.429133858
95,124,2,0.744094488,1.429133858
96,124,2,0.767716535,1.429133858
97,124,2,0.791338583,1.429133858
98,124,2,0.814960630,1.429133858
99,124,2,0.838582677,1.429133858
100,124,2,0.862204724,1.429133858
101,124,2,0.885826772,1.429133858
102,124,2,0.909448819,1.429133858
103,124,2,0.933070866,1.429133858
104,124,2,0.956692913,1.429133858
105,124,2,0.980314961,1.429133858
106,124,2,1.003937008,1.429133858
107,124,2,1.027559055,1.429133858
108,124,2,1.051181102,1.429133858
109,124,2,1.074803150,1.429133858
110,124,2,1.098425197,1.429133858
111,124,2,1.122047244,1.429133858
112,124,2,1.145669291,1.429133858
113,124,2,1.169291339,1.429133858
114,124,2,1.192913386,1.429133858
115,124,2,1.216535433,1.429133858
116,124,2,1.240157480,1.429133858
117,124,2,1.263779528,1.429133858
118,124,2,1.287401575,1.429133858
119,124,2,1.311023622,1.429133858
120,124,2,1.334645669,1.429133858
121,124,2,1.358267717,1.429133858
122,124,2,1.381889764,1.429133858
123,124,2,1.405511811,1.429133858
124,124,2,1.429133858,1.429133858
125,124,2,1.452755906,1.429133858
126,124,2,1.476377953,1.429133858
127,124,2,1.500000000,1.429133858
0,125,2,-1.500000000,1.452755906
1,125,2,-1.476377953,1.452755906
2,125,2,-1.452755906,1.452755906
3,125,2,-1.429133858,1.452755906
4,125,2,-1.405511811,1.452755906
5,125,2,-1.381889764,1.452755906
6,125,2,-1.358267717,1.452755906
7,125,2,-1.334645669,1.452755906
8,125,2,-1.311023622,1.452755906
9,125,2,-1.287401575,1.452755906
10,125,2,-1.263779528,1.452755906
11,125,2,-1.240157480,1.452755906
12,125,2,-1.216535433,1.452755906
13,125,2,-1.192913386,1.452755906
14,125,3,-1.169291339,1.452755906
15,125,3,-1.145669291,1.452755906
16,125,3,-1.122047244,1.452755906
17,125,2,-1.098425197,1.452755906
18,125,2,-1.074803150,1.452755906
19,125,2,-1.051181102,1.452755906
20,125,2,-1.027559055,1.452755906
21,125,2,-1.003937008,1.452755906
22,125,2,-0.980314961,1.452755906
23,125,2,-0.956692913,1.452755906
24,125,2,-0.933070866,1.452755906
25,125,2,-0.909448819,1.452755906
26,125,2,-0.885826772,1.452755906
27,125,2,-0.862204724,1.452755906
28,125,2,-0.838582677,1.452755906
29,125,2,-0.814960630,1.452755906
30,125,2,-0.791338583,1.452755906
31,125,2,-0.767716535,1.452755906
32,125,2,-0.744094488,1.452755906
33,125,2,-0.720472441,1.452755906
34,125,2,-0.696850394,1.452755906
35,125,2,-0.673228346,1.452755906
36,125,2,-0.649606299,1.452755906
37,125,2,-0.625984252,1.452755906
38,125,2,-0.602362205,1.452755906
39,125,2,-0.578740157,1.452755906
40,125,2,-0.555118110,1.452755906
41,125,2,-0.531496063,1.452755906
42,125,2,-0.507874016,1.452755906
43,125,2,-0.484251969,1.452755906
44,125,2,-0.460629921,1.452755906
45,125,2,-0.437007874,1.452755906
46,125,2,-0.413385827,1.452755906
47,125,2,-0.389763780,1.452755906
48,125,2,-0.366141732,1.452755906
49,125,2,-0.342519685,1.452755906
50,125,2,-0.318897638,1.452755906
51,125,2,-0.295275591,1.452755906
52,125,2,-0.271653543,1.452755906
53,125,2,-0.248031496,1.452755906
54,125,2,-0.224409449,1.452755906
55,125,2,-0.200787402,1.452755906
56,125,2,-0.177165354,1.452755906
57,125,2,-0.153543307,1.452755906
58,125,2,-0.129921260,1.452755906
59,125,2,-0.106299213,1.452755906
60,125,2,-0.082677165,1.452755906
61,125,2,-0.059055118,1.452755906
62,125,2,-0.035433071,1.452755906
63,125,2,-0.011811024,1.452755906
64,125,2,0.011811024,1.452755906
65,125,2,0.035433071,1.452755906
66,125,2,0.059055118,1.452755906
67,125,2,0.082677165,1.452755906
68,125,3,0.106299213,1.452755906
69,125,3,0.129921260,1.452755906
70,125,3,0.153543307,1.452755906
71,125,3,0.177165354,1.452755906
72,125,2,0.200787402,1.452755906
73,125,2,0.224409449,1.452755906
74,125,2,0.248031496,1.452755906
75,125,2,0.271653543,1.452755906
76,125,2,0.295275591,1.452755906
77,125,2,0.318897638,1.452755906
78,125,2,0.342519685,1.452755906
79,125,2,0.366141732,1.452755906
80,125,2,0.389763780,1.452755906
81,125,2,0.413385827,1.452755906
82,125,2,0.437007874,1.452755906
83,125,2,0.460629921,1.452755906
84,125,2,0.484251969,1.452755906
85,125,2,0.507874016,1.452755906
86,125,2,0.531496063,1.452755906
87,125,2,0.555118110,1.452755906
88,125,2,0.578740157,1.452755906
89,125,2,0.602362205,1.452755906
90,125,2,0.625984252,1.452755906
91,125,2,0.649606299,1.452755906
92,125,2,0.673228346,1.452755906
93,125,2,0.696850394,1.452755906
94,125,2,0.720472441,1.452755906
95,125,2,0.744094488,1.452755906
96,125,2,0.767716535,1.452755906
97,125,2,0.791338583,1.452755906
98,125,2,0.814960630,1.452755906
99,125,2,0.838582677,1.452755906
100,125,2,0.862204724,1.452755906
101,125,2,0.885826772,1.452755906
102,125,2,0.909448819,1.452755906
103,125,2,0.933070866,1.452755906
104,125,2,0.956692913,1.452755906
105,125,2,0.980314961,1.452755906
106,125,2,1.003937008,1.452755906
107,125,2,1.027559055,1.452755906
108,125,2,1.051181102,1.452755906
109,125,2,1.074803150,1.452755906
110,125,2,1.098425197,1.452755906
111,125,2,1.122047244,1.452755906
112,125,2,1.145669291,1.452755906
113,125,2,1.169291339,1.452755906
114,125,2,1.192913386,1.452755906
115,125,2,1.216535433,1.452755906
116,125,2,1.240157480,1.452755906
117,125,2,1.263779528,1.452755906
118,125,2,1.287401575,1.452755906
119,125,2,1.311023622,1.452755906
120,125,2,1.334645669,1.452755906
121,125,2,1.358267717,1.452755906
122,125,2,1.381889764,1.452755906
123,125,2,1.405511811,1.452755906
124,125,2,1.429133858,1.452755906
125,125,2,1.452755906,1.452755906
126,125,2,1.476377953,1.452755906
127,125,2,1.500000000,1.452755906
0,126,2,-1.500000000,1.476377953
1,126,2,-1.476377953,1.476377953
2,126,2,-1.452755906,1.476377953
3,126,2,-1.429133858,1.476377953
4,126,2,-1.405511811,1.476377953
5,126,2,-1.381889764,1.476377953
6,126,2,-1.358267717,1.476377953
7,126,2,-1.334645669,1.476377953
8,126,2,-1.311023622,1.476377953
9,126,2,-1.287401575,1.476377953
10,126,2,-1.263779528,1.476377953
11,126,2,-1.240157480,1.476377953
12,126,2,-1.216535433,1.476377953
13,126,2,-1.192913386,1.476377953
14,126,3,-1.169291339,1.476377953
15,126,2,-1.145669291,1.476377953
16,126,2,-1.122047244,1.476377953
17,126,2,-1.098425197,1.476377953
18,126,2,-1.074803150,1.476377953
19,126,2,-1.051181102,1.476377953
20,126,2,-1.027559055,1.476377953
21,126,2,-1.003937008,1.476377953
22,126,2,-0.980314961,1.476377953
23,126,2,-0.956692913,1.476377953
24,126,2,-0.933070866,1.476377953
25,126,2,-0.909448819,1.476377953
26,126,2,-0.885826772,1.476377953
27,126,2,-0.862204724,1.476377953
28,126,2,-0.838582677,1.476377953
29,126,2,-0.814960630,1.476377953
30,126,2,-0.791338583,1.476377953
31,126,2,-0.767716535,1.476377953
32,126,2,-0.744094488,1.476377953
33,126,2,-0.720472441,1.476377953
34,126,2,-0.696850394,1.476377953
35,126,2,-0.673228346,1.476377953
36,126,2,-0.649606299,1.476377953
37,126,2,-0.625984252,1.476377953
38,126,2,-0.602362205,1.476377953
39,126,2,-0.578740157,1.476377953
40,126,2,-0.555118110,1.476377953
41,126,2,-0.531496063,1.476377953
42,126,2,-0.507874016,1.476377953
43,126,2,-0.484251969,1.476377953
44,126,2,-0.460629921,1.476377953
45,126,2,-0.437007874,1.476377953
46,126,2,-0.413385827,1.476377953
47,126,2,-0.389763780,1.476377953
48,126,2,-0.366141732,1.476377953
49,126,2,-0.342519685,1.476377953
50,126,2,-0.318897638,1.476377953
51,126,2,-0.295275591,1.476377953
52,126,2,-0.271653543,1.476377953
53,126,2,-0.248031496,1.476377953
54,126,2,-0.224409449,1.476377953
55,126,2,-0.200787402,1.476377953
56,126,2,-0.177165354,1.476377953
57,126,2,-0.153543307,1.476377953
58,126,2,-0.129921260,1.476377953
59,126,2,-0.106299213,1.476377953
60,126,2,-0.082677165,1.476377953
61,126,2,-0.059055118,1.476377953
62,126,2,-0.035433071,1.476377953
63,126,2,-0.011811024,1.476377953
64,126,2,0.011811024,1.476377953
65,126,2,0.035433071,1.476377953
66,126,2,0.059055118,1.476377953
67,126,2,0.082677165,1.476377953
68,126,2,0.106299213,1.476377953
69,126,2,0.129921260,1.476377953
70,126,2,0.153543307,1.476377953
71,126,3,0.177165354,1.476377953
72,126,2,0.200787402,1.476377953
73,126,2,0.224409449,1.476377953
74,126,2,0.248031496,1.476377953
75,126,2,0.271653543,1.476377953
76,126,2,0.295275591,1.476377953
77,126,2,0.318897638,1.476377953
78,126,2,0.342519685,1.476377953
79,126,2,0.366141732,1.476377953
80,126,2,0.389763780,1.476377953
81,126,2,0.413385827,1.476377953
82,126,2,0.437007874,1.476377953
83,126,2,0.460629921,1.476377953
84,126,2,0.484251969,1.476377953
85,126,2,0.507874016,1.476377953
86,126,2,0.531496063,1.476377953
87,126,2,0.555118110,1.476377953
88,126,2,0.578740157,1.476377953
89,126,2,0.602362205,1.476377953
90,126,2,0.625984252,1.476377953
91,126,2,0.649606299,1.476377953
92,126,2,0.673228346,1.476377953
93,126,2,0.696850394,1.476377953
94,126,2,0.720472441,1.476377953
95,126,2,0.744094488,1.476377953
96,126,2,0.767716535,1.476377953
97,126,2,0.791338583,1.476377953
98,126,2,0.814960630,1.476377953
99,126,2,0.838582677,1.476377953
100,126,2,0.862204724,1.476377953
101,126,2,0.885826772,1.476377953
102,126,2,0.909448819,1.476377953
103,126,2,0.933070866,1.476377953
104,126,2,0.956692913,1.476377953
105,126,2,0.980314961,1.476377953
106,126,2,1.003937008,1.476377953
107,126,2,1.027559055,1.476377953
108,126,2,1.051181102,1.476377953
109,126,2,1.074803150,1.476377953
110,126,2,1.098425197,1.476377953
111,126,2,1.122047244,1.476377953
112,126,2,1.145669291,1.476377953
113,126,2,1.169291339,1.476377953
114,126,2,1.192913386,1.476377953
115,126,2,1.216535433,1.476377953
116,126,2,1.240157480,1.476377953
117,126,2,1.263779528,1.476377953
118,126,2,1.287401575,1.476377953
119,126,2,1.311023622,1.476377953
120,126,2,1.334645669,1.476377953
121,126,2,1.358267717,1.476377953
122,126,2,1.381889764,1.476377953
123,126,2,1.405511811,1.476377953
124,126,2,1.429133858,1.476377953
125,126,2,1.452755906,1.476377953
126,126,2,1.476377953,1.476377953
127,126,2,1.500000000,1.476377953
0,127,2,-1.500000000,1.500000000
1,127,2,-1.476377953,1.500000000
2,127,2,-1.452755906,1.500000000
3,127,2,-1.429133858,1.500000000
4,127,2,-1.405511811,1.500000000
5,127,2,-1.381889764,1.500000000
6,127,2,-1.358267717,1.500000000
7,127,2,-1.334645669,1.500000000
8,127,2,-1.311023622,1.500000000
9,127,2,-1.287401575,1.500000000
10,127,2,-1.263779528,1.500000000
11,127,2,-1.240157480,1.500000000
12,127,2,-1.216535433,1.500000000
13,127,2,-1.192913386,1.500000000
14,127,2,-1.169291339,1.500000000
15,127,2,-1.145669291,1.500000000
16,127,2,-1.122047244,1.500000000
17,127,2,-1.098425197,1.500000000
18,127,2,-1.074803150,1.500000000
19,127,2,-1.051181102,1.500000000
20,127,2,-1.027559055,1.500000000
21,127,2,-1.003937008,1.500000000
22,127,2,-0.980314961,1.500000000
23,127,2,-0.956692913,1.500000000
24,127,2,-0.933070866,1.500000000
25,127,2,-0.909448819,1.500000000
26,127,2,-0.885826772,1.500000000
27,127,2,-0.862204724,1.500000000
28,127,2,-0.838582677,1.500000000
29,127,2,-0.814960630,1.500000000
30,127,2,-0.791338583,1.500000000
31,127,2,-0.767716535,1.500000000
32,127,2,-0.744094488,1.500000000
33,127,2,-0.720472441,1.500000000
34,127,2,-0.696850394,1.500000000
35,127,2,-0.673228346,1.500000000
36,127,2,-0.649606299,1.500000000
37,127,2,-0.625984252,1.500000000
38,127,2,-0.602362205,1.500000000
39,127,2,-0.578740157,1.500000000
40,127,2,-0.555118110,1.500000000
41,127,2,-0.531496063,1.500000000
42,127,2,-0.507874016,1.500000000
43,127,2,-0.484251969,1.500000000
44,127,2,-0.460629921,1.500000000
45,127,2,-0.437007874,1.500000000
46,127,2,-0.413385827,1.500000000
47,127,2,-0.389763780,1.500000000
48,127,2,-0.366141732,1.500000000
49,127,2,-0.342519685,1.500000000
50,127,2,-0.318897638,1.500000000
51,127,2,-0.295275591,1.500000000
52,127,2,-0.271653543,1.500000000
53,127,2,-0.248031496,1.500000000
54,127,2,-0.224409449,1.500000000
55,127,2,-0.200787402,1.500000000
56,127,2,-0.177165354,1.500000000
57,127,2,-0.153543307,1.500000000
58,127,2,-0.129921260,1.500000000
59,127,2,-0.106299213,1.500000000
60,127,2,-0.082677165,1.500000000
61,127,2,-0.059055118,1.500000000
62,127,2,-0.035433071,1.500000000
63,127,2,-0.011811024,1.500000000
64,127,2,0.011811024,1.500000000
65,127,2,0.035433071,1.500000000
66,127,2,0.059055118,1.500000000
67,127,2,0.082677165,1.500000000
68,127,2,0.106299213,1.500000000
69,127,2,0.129921260,1.500000000
70,127,2,0.153543307,1.500000000
71,127,2,0.177165354,1.500000000
72,127,2,0.200787402,1.500000000
73,127,2,0.224409449,1.500000000
74,127,2,0.248031496,1.500000000
75,127,2,0.271653543,1.500000000
76,127,2,0.295275591,1.500000000
77,127,2,0.318897638,1.500000000
78,127,2,0.342519685,1.500000000
79,127,2,0.366141732,1.500000000
80,127,2,0.389763780,1.500000000
81,127,2,0.413385827,1.500000000
82,127,2,0.437007874,1.500000000
83,127,2,0.460629921,1.500000000
84,127,2,0.484251969,1.500000000
85,127,2,0.507874016,1.500000000
86,127,2,0.531496063,1.500000000
87,127,2,0.555118110,1.500000000
88,127,2,0.578740157,1.500000000
89,127,2,0.602362205,1.500000000
90,127,2,0.625984252,1.500000000
91,127,2,0.649606299,1.500000000
92,127,2,0.673228346,1.500000000
93,127,2,0.696850394,1.500000000
94,127,2,0.720472441,1.500000000
95,127,2,0.744094488,1.500000000
96,127,2,0.767716535,1.500000000
97,127,2,0.791338583,1.500000000
98,127,2,0.814960630,1.500000000
99,127,2,0.838582677,1.500000000
100,127,2,0.862204724,1.500000000
101,127,2,0.885826772,1.500000000
102,127,2,0.909448819,1.500000000
103,127,2,0.933070866,1.500000000
104,127,2,0.956692913,1.500000000
105,127,2,0.980314961,1.500000000
106,127,2,1.003937008,1.500000000
107,127,2,1.027559055,1.500000000
108,127,2,1.051181102,1.500000000
109,127,2,1.074803150,1.500000000
110,127,2,1.098425197,1.500000000
111,127,2,1.122047244,1.500000000
112,127,2,1.145669291,1.500000000
113,127,2,1.169291339,1.500000000
114,127,2,1.192913386,1.500000000
115,127,2,1.216535433,1.500000000
116,127,2,1.240157480,1.500000000
117,127,2,1.263779528,1.500000000
118,127,2,1.287401575,1.500000000
119,127,2,1.311023622,1.500000000
120,127,2,1.334645669,1.500000000
121,127,2,1.358267717,1.500000000
122,127,2,1.381889764,1.500000000
123,127,2,1.405511811,1.500000000
124,127,2,1.429133858,1.500000000
125,127,2,1.452755906,1.500000000
126,127,2,1.476377953,1.500000000
127,127,2,1.500000000,1.500000000
