x,y,iterations,real_x,real_y
0,0,1,-0.743743135,0.131725963
1,0,1,-0.743741560,0.131725963
2,0,1,-0.743739985,0.131725963
3,0,1,-0.743738411,0.131725963
4,0,1,-0.743736836,0.131725963
5,0,1,-0.743735261,0.131725963
6,0,1,-0.743733686,0.131725963
7,0,1,-0.743732111,0.131725963
8,0,1,-0.743730537,0.131725963
9,0,1,-0.743728962,0.131725963
10,0,1,-0.743727387,0.131725963
11,0,1,-0.743725812,0.131725963
12,0,1,-0.743724237,0.131725963
13,0,1,-0.743722663,0.131725963
14,0,1,-0.743721088,0.131725963
15,0,1,-0.743719513,0.131725963
16,0,1,-0.743717938,0.131725963
17,0,1,-0.743716363,0.131725963
18,0,1,-0.743714789,0.131725963
19,0,1,-0.743713214,0.131725963
20,0,1,-0.743711639,0.131725963
21,0,1,-0.743710064,0.131725963
22,0,1,-0.743708489,0.131725963
23,0,1,-0.743706915,0.131725963
24,0,1,-0.743705340,0.131725963
25,0,1,-0.743703765,0.131725963
26,0,1,-0.743702190,0.131725963
27,0,1,-0.743700615,0.131725963
28,0,1,-0.743699041,0.131725963
29,0,1,-0.743697466,0.131725963
30,0,1,-0.743695891,0.131725963
31,0,1,-0.743694316,0.131725963
32,0,1,-0.743692741,0.131725963
33,0,1,-0.743691166,0.131725963
34,0,1,-0.743689592,0.131725963
35,0,1,-0.743688017,0.131725963
36,0,1,-0.743686442,0.131725963
37,0,1,-0.743684867,0.131725963
38,0,1,-0.743683292,0.131725963
39,0,1,-0.743681718,0.131725963
40,0,1,-0.743680143,0.131725963
41,0,1,-0.743678568,0.131725963
42,0,1,-0.743676993,0.131725963
43,0,1,-0.743675418,0.131725963
44,0,1,-0.743673844,0.131725963
45,0,1,-0.743672269,0.131725963
46,0,1,-0.743670694,0.131725963
47,0,1,-0.743669119,0.131725963
48,0,1,-0.743667544,0.131725963
49,0,1,-0.743665970,0.131725963
50,0,1,-0.743664395,0.131725963
51,0,1,-0.743662820,0.131725963
52,0,1,-0.743661245,0.131725963
53,0,1,-0.743659670,0.131725963
54,0,1,-0.743658096,0.131725963
55,0,1,-0.743656521,0.131725963
56,0,1,-0.743654946,0.131725963
57,0,1,-0.743653371,0.131725963
58,0,1,-0.743651796,0.131725963
59,0,1,-0.743650222,0.131725963
60,0,1,-0.743648647,0.131725963
61,0,1,-0.743647072,0.131725963
62,0,1,-0.743645497,0.131725963
63,0,1,-0.743643922,0.131725963
64,0,1,-0.743642348,0.131725963
65,0,1,-0.743640773,0.131725963
66,0,1,-0.743639198,0.131725963
67,0,1,-0.743637623,0.131725963
68,0,1,-0.743636048,0.131725963
69,0,1,-0.743634474,0.131725963
70,0,1,-0.743632899,0.131725963
71,0,1,-0.743631324,0.131725963
72,0,1,-0.743629749,0.131725963
73,0,1,-0.743628174,0.131725963
74,0,1,-0.743626600,0.131725963
75,0,1,-0.743625025,0.131725963
76,0,1,-0.743623450,0.131725963
77,0,1,-0.743621875,0.131725963
78,0,1,-0.743620300,0.131725963
79,0,1,-0.743618726,0.131725963
80,0,1,-0.743617151,0.131725963
81,0,1,-0.743615576,0.131725963
82,0,1,-0.743614001,0.131725963
83,0,1,-0.743612426,0.131725963
84,0,1,-0.743610852,0.131725963
85,0,1,-0.743609277,0.131725963
86,0,1,-0.743607702,0.131725963
87,0,1,-0.743606127,0.131725963
88,0,1,-0.743604552,0.131725963
89,0,1,-0.743602978,0.131725963
90,0,1,-0.743601403,0.131725963
91,0,1,-0.743599828,0.131725963
92,0,1,-0.743598253,0.131725963
93,0,1,-0.743596678,0.131725963
94,0,1,-0.743595104,0.131725963
95,0,1,-0.743593529,0.131725963
96,0,1,-0.743591954,0.131725963
97,0,1,-0.743590379,0.131725963
98,0,1,-0.743588804,0.131725963
99,0,1,-0.743587229,0.131725963
100,0,1,-0.743585655,0.131725963
101,0,1,-0.743584080,0.131725963
102,0,1,-0.743582505,0.131725963
103,0,1,-0.743580930,0.131725963
104,0,1,-0.743579355,0.131725963
105,0,1,-0.743577781,0.131725963
106,0,1,-0.743576206,0.131725963
107,0,1,-0.743574631,0.131725963
108,0,1,-0.743573056,0.131725963
109,0,1,-0.743571481,0.131725963
110,0,1,-0.743569907,0.131725963
111,0,1,-0.743568332,0.131725963
112,0,1,-0.743566757,0.131725963
113,0,1,-0.743565182,0.131725963
114,0,1,-0.743563607,0.131725963
115,0,1,-0.743562033,0.131725963
116,0,1,-0.743560458,0.131725963
117,0,1,-0.743558883,0.131725963
118,0,1,-0.743557308,0.131725963
119,0,1,-0.743555733,0.131725963
120,0,1,-0.743554159,0.131725963
121,0,1,-0.743552584,0.131725963
122,0,1,-0.743551009,0.131725963
123,0,1,-0.743549434,0.131725963
124,0,1,-0.743547859,0.131725963
125,0,1,-0.743546285,0.131725963
126,0,1,-0.743544710,0.131725963
127,0,1,-0.743543135,0.131725963
0,1,1,-0.743743135,0.131727538
1,1,1,-0.743741560,0.131727538
2,1,1,-0.743739985,0.131727538
3,1,1,-0.743738411,0.131727538
4,1,1,-0.743736836,0.131727538
5,1,1,-0.743735261,0.131727538
6,1,1,-0.743733686,0.131727538
7,1,1,-0.743732111,0.131727538
8,1,1,-0.743730537,0.131727538
9,1,1,-0.743728962,0.131727538
10,1,1,-0.743727387,0.131727538
11,1,1,-0.743725812,0.131727538
12,1,1,-0.743724237,0.131727538
13,1,1,-0.743722663,0.131727538
14,1,1,-0.743721088,0.131727538
15,1,1,-0.743719513,0.131727538
16,1,1,-0.743717938,0.131727538
17,1,1,-0.743716363,0.131727538
18,1,1,-0.743714789,0.131727538
19,1,1,-0.743713214,0.131727538
20,1,1,-0.743711639,0.131727538
21,1,1,-0.743710064,0.131727538
22,1,1,-0.743708489,0.131727538
23,1,1,-0.743706915,0.131727538
24,1,1,-0.743705340,0.131727538
25,1,1,-0.743703765,0.131727538
26,1,1,-0.743702190,0.131727538
27,1,1,-0.743700615,0.131727538
28,1,1,-0.743699041,0.131727538
29,1,1,-0.743697466,0.131727538
30,1,1,-0.743695891,0.131727538
31,1,1,-0.743694316,0.131727538
32,1,1,-0.743692741,0.131727538
33,1,1,-0.743691166,0.131727538
34,1,1,-0.743689592,0.131727538
35,1,1,-0.743688017,0.131727538
36,1,1,-0.743686442,0.131727538
37,1,1,-0.743684867,0.131727538
38,1,1,-0.743683292,0.131727538
39,1,1,-0.743681718,0.131727538
40,1,1,-0.743680143,0.131727538
41,1,1,-0.743678568,0.131727538
42,1,1,-0.743676993,0.131727538
43,1,1,-0.743675418,0.131727538
44,1,1,-0.743673844,0.131727538
45,1,1,-0.743672269,0.131727538
46,1,1,-0.743670694,0.131727538
47,1,1,-0.743669119,0.131727538
48,1,1,-0.743667544,0.131727538
49,1,1,-0.743665970,0.131727538
50,1,1,-0.743664395,0.131727538
51,1,1,-0.743662820,0.131727538
52,1,1,-0.743661245,0.131727538
53,1,1,-0.743659670,0.131727538
54,1,1,-0.743658096,0.131727538
55,1,1,-0.743656521,0.131727538
56,1,1,-0.743654946,0.131727538
57,1,1,-0.743653371,0.131727538
58,1,1,-0.743651796,0.131727538
59,1,1,-0.743650222,0.131727538
60,1,1,-0.743648647,0.131727538
61,1,1,-0.743647072,0.131727538
62,1,1,-0.743645497,0.131727538
63,1,1,-0.743643922,0.131727538
64,1,1,-0.743642348,0.131727538
65,1,1,-0.743640773,0.131727538
66,1,1,-0.743639198,0.131727538
67,1,1,-0.743637623,0.131727538
68,1,1,-0.743636048,0.131727538
69,1,1,-0.743634474,0.131727538
70,1,1,-0.743632899,0.131727538
71,1,1,-0.743631324,0.131727538
72,1,1,-0.743629749,0.131727538
73,1,1,-0.743628174,0.131727538
74,1,1,-0.743626600,0.131727538
75,1,1,-0.743625025,0.131727538
76,1,1,-0.743623450,0.131727538
77,1,1,-0.743621875,0.131727538
78,1,1,-0.743620300,0.131727538
79,1,1,-0.743618726,0.131727538
80,1,1,-0.743617151,0.131727538
81,1,1,-0.743615576,0.131727538
82,1,1,-0.743614001,0.131727538
83,1,1,-0.743612426,0.131727538
84,1,1,-0.743610852,0.131727538
85,1,1,-0.743609277,0.131727538
86,1,1,-0.743607702,0.131727538
87,1,1,-0.743606127,0.131727538
88,1,1,-0.743604552,0.131727538
89,1,1,-0.743602978,0.131727538
90,1,1,-0.743601403,0.131727538
91,1,1,-0.743599828,0.131727538
92,1,1,-0.743598253,0.131727538
93,1,1,-0.743596678,0.131727538
94,1,1,-0.743595104,0.131727538
95,1,1,-0.743593529,0.131727538
96,1,1,-0.743591954,0.131727538
97,1,1,-0.743590379,0.131727538
98,1,1,-0.743588804,0.131727538
99,1,1,-0.743587229,0.131727538
100,1,1,-0.743585655,0.131727538
101,1,1,-0.743584080,0.131727538
102,1,1,-0.743582505,0.131727538
103,1,1,-0.743580930,0.131727538
104,1,1,-0.743579355,0.131727538
105,1,1,-0.743577781,0.131727538
106,1,1,-0.743576206,0.131727538
107,1,1,-0.743574631,0.131727538
108,1,1,-0.743573056,0.131727538
109,1,1,-0.743571481,0.131727538
110,1,1,-0.743569907,0.131727538
111,1,1,-0.743568332,0.131727538
112,1,1,-0.743566757,0.131727538
113,1,1,-0.743565182,0.131727538
114,1,1,-0.743563607,0.131727538
115,1,1,-0.743562033,0.131727538
116,1,1,-0.743560458,0.131727538
117,1,1,-0.743558883,0.131727538
118,1,1,-0.743557308,0.131727538
119,1,1,-0.743555733,0.131727538
120,1,1,-0.743554159,0.131727538
121,1,1,-0.743552584,0.131727538
122,1,1,-0.743551009,0.131727538
123,1,1,-0.743549434,0.131727538
124,1,1,-0.743547859,0.131727538
125,1,1,-0.743546285,0.131727538
126,1,1,-0.743544710,0.131727538
127,1,1,-0.743543135,0.131727538
0,2,1,-0.743743135,0.131729113
1,2,1,-0.743741560,0.131729113
2,2,1,-0.743739985,0.131729113
3,2,1,-0.743738411,0.131729113
4,2,1,-0.743736836,0.131729113
5,2,1,-0.743735261,0.131729113
6,2,1,-0.743733686,0.131729113
7,2,1,-0.743732111,0.131729113
8,2,1,-0.743730537,0.131729113
9,2,1,-0.743728962,0.131729113
10,2,1,-0.743727387,0.131729113
11,2,1,-0.743725812,0.131729113
12,2,1,-0.743724237,0.131729113
13,2,1,-0.743722663,0.131729113
14,2,1,-0.743721088,0.131729113
15,2,1,-0.743719513,0.131729113
16,2,1,-0.743717938,0.131729113
17,2,1,-0.743716363,0.131729113
18,2,1,-0.743714789,0.131729113
19,2,1,-0.743713214,0.131729113
20,2,1,-0.743711639,0.131729113
21,2,1,-0.743710064,0.131729113
22,2,1,-0.743708489,0.131729113
23,2,1,-0.743706915,0.131729113
24,2,1,-0.743705340,0.131729113
25,2,1,-0.743703765,0.131729113
26,2,1,-0.743702190,0.131729113
27,2,1,-0.743700615,0.131729113
28,2,1,-0.743699041,0.131729113
29,2,1,-0.743697466,0.131729113
30,2,1,-0.743695891,0.131729113
31,2,1,-0.743694316,0.131729113
32,2,1,-0.743692741,0.131729113
33,2,1,-0.743691166,0.131729113
34,2,1,-0.743689592,0.131729113
35,2,1,-0.743688017,0.131729113
36,2,1,-0.743686442,0.131729113
37,2,1,-0.743684867,0.131729113
38,2,1,-0.743683292,0.131729113
39,2,1,-0.743681718,0.131729113
40,2,1,-0.743680143,0.131729113
41,2,1,-0.743678568,0.131729113
42,2,1,-0.743676993,0.131729113
43,2,1,-0.743675418,0.131729113
44,2,1,-0.743673844,0.131729113
45,2,1,-0.743672269,0.131729113
46,2,1,-0.743670694,0.131729113
47,2,1,-0.743669119,0.131729113
48,2,1,-0.743667544,0.131729113
49,2,1,-0.743665970,0.131729113
50,2,1,-0.743664395,0.131729113
51,2,1,-0.743662820,0.131729113
52,2,1,-0.743661245,0.131729113
53,2,1,-0.743659670,0.131729113
54,2,1,-0.743658096,0.131729113
55,2,1,-0.743656521,0.131729113
56,2,1,-0.743654946,0.131729113
57,2,1,-0.743653371,0.131729113
58,2,1,-0.743651796,0.131729113
59,2,1,-0.743650222,0.131729113
60,2,1,-0.743648647,0.131729113
61,2,1,-0.743647072,0.131729113
62,2,1,-0.743645497,0.131729113
63,2,1,-0.743643922,0.131729113
64,2,1,-0.743642348,0.131729113
65,2,1,-0.743640773,0.131729113
66,2,1,-0.743639198,0.131729113
67,2,1,-0.743637623,0.131729113
68,2,1,-0.743636048,0.131729113
69,2,1,-0.743634474,0.131729113
70,2,1,-0.743632899,0.131729113
71,2,1,-0.743631324,0.131729113
72,2,1,-0.743629749,0.131729113
73,2,1,-0.743628174,0.131729113
74,2,1,-0.743626600,0.131729113
75,2,1,-0.743625025,0.131729113
76,2,1,-0.743623450,0.131729113
77,2,1,-0.743621875,0.131729113
78,2,1,-0.743620300,0.131729113
79,2,1,-0.743618726,0.131729113
80,2,1,-0.743617151,0.131729113
81,2,1,-0.743615576,0.131729113
82,2,1,-0.743614001,0.131729113
83,2,1,-0.743612426,0.131729113
84,2,1,-0.743610852,0.131729113
85,2,1,-0.743609277,0.131729113
86,2,1,-0.743607702,0.131729113
87,2,1,-0.743606127,0.131729113
88,2,1,-0.743604552,0.131729113
89,2,1,-0.743602978,0.131729113
90,2,1,-0.743601403,0.131729113
91,2,1,-0.743599828,0.131729113
92,2,1,-0.743598253,0.131729113
93,2,1,-0.743596678,0.131729113
94,2,1,-0.743595104,0.131729113
95,2,1,-0.743593529,0.131729113
96,2,1,-0.743591954,0.131729113
97,2,1,-0.743590379,0.131729113
98,2,1,-0.743588804,0.131729113
99,2,1,-0.743587229,0.131729113
100,2,1,-0.743585655,0.131729113
101,2,1,-0.743584080,0.131729113
102,2,1,-0.743582505,0.131729113
103,2,1,-0.743580930,0.131729113
104,2,1,-0.743579355,0.131729113
105,2,1,-0.743577781,0.131729113
106,2,1,-0.743576206,0.131729113
107,2,1,-0.743574631,0.131729113
108,2,1,-0.743573056,0.131729113
109,2,1,-0.743571481,0.131729113
110,2,1,-0.743569907,0.131729113
111,2,1,-0.743568332,0.131729113
112,2,1,-0.743566757,0.131729113
113,2,1,-0.743565182,0.131729113
114,2,1,-0.743563607,0.131729113
115,2,1,-0.743562033,0.131729113
116,2,1,-0.743560458,0.131729113
117,2,1,-0.743558883,0.131729113
118,2,1,-0.743557308,0.131729113
119,2,1,-0.743555733,0.131729113
120,2,1,-0.743554159,0.131729113
121,2,1,-0.743552584,0.131729113
122,2,1,-0.743551009,0.131729113
123,2,1,-0.743549434,0.131729113
124,2,1,-0.743547859,0.131729113
125,2,1,-0.743546285,0.131729113
126,2,1,-0.743544710,0.131729113
127,2,1,-0.743543135,0.131729113
0,3,1,-0.743743135,0.131730687
1,3,1,-0.743741560,0.131730687
2,3,1,-0.743739985,0.131730687
3,3,1,-0.743738411,0.131730687
4,3,1,-0.743736836,0.131730687
5,3,1,-0.743735261,0.131730687
6,3,1,-0.743733686,0.131730687
7,3,1,-0.743732111,0.131730687
8,3,1,-0.743730537,0.131730687
9,3,1,-0.743728962,0.131730687
10,3,1,-0.743727387,0.131730687
11,3,1,-0.743725812,0.131730687
12,3,1,-0.743724237,0.131730687
13,3,1,-0.743722663,0.131730687
14,3,1,-0.743721088,0.131730687
15,3,1,-0.743719513,0.131730687
16,3,1,-0.743717938,0.131730687
17,3,1,-0.743716363,0.131730687
18,3,1,-0.743714789,0.131730687
19,3,1,-0.743713214,0.131730687
20,3,1,-0.743711639,0.131730687
21,3,1,-0.743710064,0.131730687
22,3,1,-0.743708489,0.131730687
23,3,1,-0.743706915,0.131730687
24,3,1,-0.743705340,0.131730687
25,3,1,-0.743703765,0.131730687
26,3,1,-0.743702190,0.131730687
27,3,1,-0.743700615,0.131730687
28,3,1,-0.743699041,0.131730687
29,3,1,-0.743697466,0.131730687
30,3,1,-0.743695891,0.131730687
31,3,1,-0.743694316,0.131730687
32,3,1,-0.743692741,0.131730687
33,3,1,-0.743691166,0.131730687
34,3,1,-0.743689592,0.131730687
35,3,1,-0.743688017,0.131730687
36,3,1,-0.743686442,0.131730687
37,3,1,-0.743684867,0.131730687
38,3,1,-0.743683292,0.131730687
39,3,1,-0.743681718,0.131730687
40,3,1,-0.743680143,0.131730687
41,3,1,-0.743678568,0.131730687
42,3,1,-0.743676993,0.131730687
43,3,1,-0.743675418,0.131730687
44,3,1,-0.743673844,0.131730687
45,3,1,-0.743672269,0.131730687
46,3,1,-0.743670694,0.131730687
47,3,1,-0.743669119,0.131730687
48,3,1,-0.743667544,0.131730687
49,3,1,-0.743665970,0.131730687
50,3,1,-0.743664395,0.131730687
51,3,1,-0.743662820,0.131730687
52,3,1,-0.743661245,0.131730687
53,3,1,-0.743659670,0.131730687
54,3,1,-0.743658096,0.131730687
55,3,1,-0.743656521,0.131730687
56,3,1,-0.743654946,0.131730687
57,3,1,-0.743653371,0.131730687
58,3,1,-0.743651796,0.131730687
59,3,1,-0.743650222,0.131730687
60,3,1,-0.743648647,0.131730687
61,3,1,-0.743647072,0.131730687
62,3,1,-0.743645497,0.131730687
63,3,1,-0.743643922,0.131730687
64,3,1,-0.743642348,0.131730687
65,3,1,-0.743640773,0.131730687
66,3,1,-0.743639198,0.131730687
67,3,1,-0.743637623,0.131730687
68,3,1,-0.743636048,0.131730687
69,3,1,-0.743634474,0.131730687
70,3,1,-0.743632899,0.131730687
71,3,1,-0.743631324,0.131730687
72,3,1,-0.743629749,0.131730687
73,3,1,-0.743628174,0.131730687
74,3,1,-0.743626600,0.131730687
75,3,1,-0.743625025,0.131730687
76,3,1,-0.743623450,0.131730687
77,3,1,-0.743621875,0.131730687
78,3,1,-0.743620300,0.131730687
79,3,1,-0.743618726,0.131730687
80,3,1,-0.743617151,0.131730687
81,3,1,-0.743615576,0.131730687
82,3,1,-0.743614001,0.131730687
83,3,1,-0.743612426,0.131730687
84,3,1,-0.743610852,0.131730687
85,3,1,-0.743609277,0.131730687
86,3,1,-0.743607702,0.131730687
87,3,1,-0.743606127,0.131730687
88,3,1,-0.743604552,0.131730687
89,3,1,-0.743602978,0.131730687
90,3,1,-0.743601403,0.131730687
91,3,1,-0.743599828,0.131730687
92,3,1,-0.743598253,0.131730687
93,3,1,-0.743596678,0.131730687
94,3,1,-0.743595104,0.131730687
95,3,1,-0.743593529,0.131730687
96,3,1,-0.743591954,0.131730687
97,3,1,-0.743590379,0.131730687
98,3,1,-0.743588804,0.131730687
99,3,1,-0.743587229,0.131730687
100,3,1,-0.743585655,0.131730687
101,3,1,-0.743584080,0.131730687
102,3,1,-0.743582505,0.131730687
103,3,1,-0.743580930,0.131730687
104,3,1,-0.743579355,0.131730687
105,3,1,-0.743577781,0.131730687
106,3,1,-0.743576206,0.131730687
107,3,1,-0.743574631,0.131730687
108,3,1,-0.743573056,0.131730687
109,3,1,-0.743571481,0.131730687
110,3,1,-0.743569907,0.131730687
111,3,1,-0.743568332,0.131730687
112,3,1,-0.743566757,0.131730687
113,3,1,-0.743565182,0.131730687
114,3,1,-0.743563607,0.131730687
115,3,1,-0.743562033,0.131730687
116,3,1,-0.743560458,0.131730687
117,3,1,-0.743558883,0.131730687
118,3,1,-0.743557308,0.131730687
119,3,1,-0.743555733,0.131730687
120,3,1,-0.743554159,0.131730687
121,3,1,-0.743552584,0.131730687
122,3,1,-0.743551009,0.131730687
123,3,1,-0.743549434,0.131730687
124,3,1,-0.743547859,0.131730687
125,3,1,-0.743546285,0.131730687
126,3,1,-0.743544710,0.131730687
127,3,1,-0.743543135,0.131730687
0,4,1,-0.743743135,0.131732262
1,4,1,-0.743741560,0.131732262
2,4,1,-0.743739985,0.131732262
3,4,1,-0.743738411,0.131732262
4,4,1,-0.743736836,0.131732262
5,4,1,-0.743735261,0.131732262
6,4,1,-0.743733686,0.131732262
7,4,1,-0.743732111,0.131732262
8,4,1,-0.743730537,0.131732262
9,4,1,-0.743728962,0.131732262
10,4,1,-0.743727387,0.131732262
11,4,1,-0.743725812,0.131732262
12,4,1,-0.743724237,0.131732262
13,4,1,-0.743722663,0.131732262
14,4,1,-0.743721088,0.131732262
15,4,1,-0.743719513,0.131732262
16,4,1,-0.743717938,0.131732262
17,4,1,-0.743716363,0.131732262
18,4,1,-0.743714789,0.131732262
19,4,1,-0.743713214,0.131732262
20,4,1,-0.743711639,0.131732262
21,4,1,-0.743710064,0.131732262
22,4,1,-0.743708489,0.131732262
23,4,1,-0.743706915,0.131732262
24,4,1,-0.743705340,0.131732262
25,4,1,-0.743703765,0.131732262
26,4,1,-0.743702190,0.131732262
27,4,1,-0.743700615,0.131732262
28,4,1,-0.743699041,0.131732262
29,4,1,-0.743697466,0.131732262
30,4,1,-0.743695891,0.131732262
31,4,1,-0.743694316,0.131732262
32,4,1,-0.743692741,0.131732262
33,4,1,-0.743691166,0.131732262
34,4,1,-0.743689592,0.131732262
35,4,1,-0.743688017,0.131732262
36,4,1,-0.743686442,0.131732262
37,4,1,-0.743684867,0.131732262
38,4,1,-0.743683292,0.131732262
39,4,1,-0.743681718,0.131732262
40,4,1,-0.743680143,0.131732262
41,4,1,-0.743678568,0.131732262
42,4,1,-0.743676993,0.131732262
43,4,1,-0.743675418,0.131732262
44,4,1,-0.743673844,0.131732262
45,4,1,-0.743672269,0.131732262
46,4,1,-0.743670694,0.131732262
47,4,1,-0.743669119,0.131732262
48,4,1,-0.743667544,0.131732262
49,4,1,-0.743665970,0.131732262
50,4,1,-0.743664395,0.131732262
51,4,1,-0.743662820,0.131732262
52,4,1,-0.743661245,0.131732262
53,4,1,-0.743659670,0.131732262
54,4,1,-0.743658096,0.131732262
55,4,1,-0.743656521,0.131732262
56,4,1,-0.743654946,0.131732262
57,4,1,-0.743653371,0.131732262
58,4,1,-0.743651796,0.131732262
59,4,1,-0.743650222,0.131732262
60,4,1,-0.743648647,0.131732262
61,4,1,-0.743647072,0.131732262
62,4,1,-0.743645497,0.131732262
63,4,1,-0.743643922,0.131732262
64,4,1,-0.743642348,0.131732262
65,4,1,-0.743640773,0.131732262
66,4,1,-0.743639198,0.131732262
67,4,1,-0.743637623,0.131732262
68,4,1,-0.743636048,0.131732262
69,4,1,-0.743634474,0.131732262
70,4,1,-0.743632899,0.131732262
71,4,1,-0.743631324,0.131732262
72,4,1,-0.743629749,0.131732262
73,4,1,-0.743628174,0.131732262
74,4,1,-0.743626600,0.131732262
75,4,1,-0.743625025,0.131732262
76,4,1,-0.743623450,0.131732262
77,4,1,-0.743621875,0.131732262
78,4,1,-0.743620300,0.131732262
79,4,1,-0.743618726,0.131732262
80,4,1,-0.743617151,0.131732262
81,4,1,-0.743615576,0.131732262
82,4,1,-0.743614001,0.131732262
83,4,1,-0.743612426,0.131732262
84,4,1,-0.743610852,0.131732262
85,4,1,-0.743609277,0.131732262
86,4,1,-0.743607702,0.131732262
87,4,1,-0.743606127,0.131732262
88,4,1,-0.743604552,0.131732262
89,4,1,-0.743602978,0.131732262
90,4,1,-0.743601403,0.131732262
91,4,1,-0.743599828,0.131732262
92,4,1,-0.743598253,0.131732262
93,4,1,-0.743596678,0.131732262
94,4,1,-0.743595104,0.131732262
95,4,1,-0.743593529,0.131732262
96,4,1,-0.743591954,0.131732262
97,4,1,-0.743590379,0.131732262
98,4,1,-0.743588804,0.131732262
99,4,1,-0.743587229,0.131732262
100,4,1,-0.743585655,0.131732262
101,4,1,-0.743584080,0.131732262
102,4,1,-0.743582505,0.131732262
103,4,1,-0.743580930,0.131732262
104,4,1,-0.743579355,0.131732262
105,4,1,-0.743577781,0.131732262
106,4,1,-0.743576206,0.131732262
107,4,1,-0.743574631,0.131732262
108,4,1,-0.743573056,0.131732262
109,4,1,-0.743571481,0.131732262
110,4,1,-0.743569907,0.131732262
111,4,1,-0.743568332,0.131732262
112,4,1,-0.743566757,0.131732262
113,4,1,-0.743565182,0.131732262
114,4,1,-0.743563607,0.131732262
115,4,1,-0.743562033,0.131732262
116,4,1,-0.743560458,0.131732262
117,4,1,-0.743558883,0.131732262
118,4,1,-0.743557308,0.131732262
119,4,1,-0.743555733,0.131732262
120,4,1,-0.743554159,0.131732262
121,4,1,-0.743552584,0.131732262
122,4,1,-0.743551009,0.131732262
123,4,1,-0.743549434,0.131732262
124,4,1,-0.743547859,0.131732262
125,4,1,-0.743546285,0.131732262
126,4,1,-0.743544710,0.131732262
127,4,1,-0.743543135,0.131732262
0,5,1,-0.743743135,0.131733837
1,5,1,-0.743741560,0.131733837
2,5,1,-0.743739985,0.131733837
3,5,1,-0.743738411,0.131733837
4,5,1,-0.743736836,0.131733837
5,5,1,-0.743735261,0.131733837
6,5,1,-0.743733686,0.131733837
7,5,1,-0.743732111,0.131733837
8,5,1,-0.743730537,0.131733837
9,5,1,-0.743728962,0.131733837
10,5,1,-0.743727387,0.131733837
11,5,1,-0.743725812,0.131733837
12,5,1,-0.743724237,0.131733837
13,5,1,-0.743722663,0.131733837
14,5,1,-0.743721088,0.131733837
15,5,1,-0.743719513,0.131733837
16,5,1,-0.743717938,0.131733837
17,5,1,-0.743716363,0.131733837
18,5,1,-0.743714789,0.131733837
19,5,1,-0.743713214,0.131733837
20,5,1,-0.743711639,0.131733837
21,5,1,-0.743710064,0.131733837
22,5,1,-0.743708489,0.131733837
23,5,1,-0.743706915,0.131733837
24,5,1,-0.743705340,0.131733837
25,5,1,-0.743703765,0.131733837
26,5,1,-0.743702190,0.131733837
27,5,1,-0.743700615,0.131733837
28,5,1,-0.743699041,0.131733837
29,5,1,-0.743697466,0.131733837
30,5,1,-0.743695891,0.131733837
31,5,1,-0.743694316,0.131733837
32,5,1,-0.743692741,0.131733837
33,5,1,-0.743691166,0.131733837
34,5,1,-0.743689592,0.131733837
35,5,1,-0.743688017,0.131733837
36,5,1,-0.743686442,0.131733837
37,5,1,-0.743684867,0.131733837
38,5,1,-0.743683292,0.131733837
39,5,1,-0.743681718,0.131733837
40,5,1,-0.743680143,0.131733837
41,5,1,-0.743678568,0.131733837
42,5,1,-0.743676993,0.131733837
43,5,1,-0.743675418,0.131733837
44,5,1,-0.743673844,0.131733837
45,5,1,-0.743672269,0.131733837
46,5,1,-0.743670694,0.131733837
47,5,1,-0.743669119,0.131733837
48,5,1,-0.743667544,0.131733837
49,5,1,-0.743665970,0.131733837
50,5,1,-0.743664395,0.131733837
51,5,1,-0.743662820,0.131733837
52,5,1,-0.743661245,0.131733837
53,5,1,-0.743659670,0.131733837
54,5,1,-0.743658096,0.131733837
55,5,1,-0.743656521,0.131733837
56,5,1,-0.743654946,0.131733837
57,5,1,-0.743653371,0.131733837
58,5,1,-0.743651796,0.131733837
59,5,1,-0.743650222,0.131733837
60,5,1,-0.743648647,0.131733837
61,5,1,-0.743647072,0.131733837
62,5,1,-0.743645497,0.131733837
63,5,1,-0.743643922,0.131733837
64,5,1,-0.743642348,0.131733837
65,5,1,-0.743640773,0.131733837
66,5,1,-0.743639198,0.131733837
67,5,1,-0.743637623,0.131733837
68,5,1,-0.743636048,0.131733837
69,5,1,-0.743634474,0.131733837
70,5,1,-0.743632899,0.131733837
71,5,1,-0.743631324,0.131733837
72,5,1,-0.743629749,0.131733837
73,5,1,-0.743628174,0.131733837
74,5,1,-0.743626600,0.131733837
75,5,1,-0.743625025,0.131733837
76,5,1,-0.743623450,0.131733837
77,5,1,-0.743621875,0.131733837
78,5,1,-0.743620300,0.131733837
79,5,1,-0.743618726,0.131733837
80,5,1,-0.743617151,0.131733837
81,5,1,-0.743615576,0.131733837
82,5,1,-0.743614001,0.131733837
83,5,1,-0.743612426,0.131733837
84,5,1,-0.743610852,0.131733837
85,5,1,-0.743609277,0.131733837
86,5,1,-0.743607702,0.131733837
87,5,1,-0.743606127,0.131733837
88,5,1,-0.743604552,0.131733837
89,5,1,-0.743602978,0.131733837
90,5,1,-0.743601403,0.131733837
91,5,1,-0.743599828,0.131733837
92,5,1,-0.743598253,0.131733837
93,5,1,-0.743596678,0.131733837
94,5,1,-0.743595104,0.131733837
95,5,1,-0.743593529,0.131733837
96,5,1,-0.743591954,0.131733837
97,5,1,-0.743590379,0.131733837
98,5,1,-0.743588804,0.131733837
99,5,1,-0.743587229,0.131733837
100,5,1,-0.743585655,0.131733837
101,5,1,-0.743584080,0.131733837
102,5,1,-0.743582505,0.131733837
103,5,1,-0.743580930,0.131733837
104,5,1,-0.743579355,0.131733837
105,5,1,-0.743577781,0.131733837
106,5,1,-0.743576206,0.131733837
107,5,1,-0.743574631,0.131733837
108,5,1,-0.743573056,0.131733837
109,5,1,-0.743571481,0.131733837
110,5,1,-0.743569907,0.131733837
111,5,1,-0.743568332,0.131733837
112,5,1,-0.743566757,0.131733837
113,5,1,-0.743565182,0.131733837
114,5,1,-0.743563607,0.131733837
115,5,1,-0.743562033,0.131733837
116,5,1,-0.743560458,0.131733837
117,5,1,-0.743558883,0.131733837
118,5,1,-0.743557308,0.131733837
119,5,1,-0.743555733,0.131733837
120,5,1,-0.743554159,0.131733837
121,5,1,-0.743552584,0.131733837
122,5,1,-0.743551009,0.131733837
123,5,1,-0.743549434,0.131733837
124,5,1,-0.743547859,0.131733837
125,5,1,-0.743546285,0.131733837
126,5,1,-0.743544710,0.131733837
127,5,1,-0.743543135,0.131733837
0,6,1,-0.743743135,0.131735412
1,6,1,-0.743741560,0.131735412
2,6,1,-0.743739985,0.131735412
3,6,1,-0.743738411,0.131735412
4,6,1,-0.743736836,0.131735412
5,6,1,-0.743735261,0.131735412
6,6,1,-0.743733686,0.131735412
7,6,1,-0.743732111,0.131735412
8,6,1,-0.743730537,0.131735412
9,6,1,-0.743728962,0.131735412
10,6,1,-0.743727387,0.131735412
11,6,1,-0.743725812,0.131735412
12,6,1,-0.743724237,0.131735412
13,6,1,-0.743722663,0.131735412
14,6,1,-0.743721088,0.131735412
15,6,1,-0.743719513,0.131735412
16,6,1,-0.743717938,0.131735412
17,6,1,-0.743716363,0.131735412
18,6,1,-0.743714789,0.131735412
19,6,1,-0.743713214,0.131735412
20,6,1,-0.743711639,0.131735412
21,6,1,-0.743710064,0.131735412
22,6,1,-0.743708489,0.131735412
23,6,1,-0.743706915,0.131735412
24,6,1,-0.743705340,0.131735412
25,6,1,-0.743703765,0.131735412
26,6,1,-0.743702190,0.131735412
27,6,1,-0.743700615,0.131735412
28,6,1,-0.743699041,0.131735412
29,6,1,-0.743697466,0.131735412
30,6,1,-0.743695891,0.131735412
31,6,1,-0.743694316,0.131735412
32,6,1,-0.743692741,0.131735412
33,6,1,-0.743691166,0.131735412
34,6,1,-0.743689592,0.131735412
35,6,1,-0.743688017,0.131735412
36,6,1,-0.743686442,0.131735412
37,6,1,-0.743684867,0.131735412
38,6,1,-0.743683292,0.131735412
39,6,1,-0.743681718,0.131735412
40,6,1,-0.743680143,0.131735412
41,6,1,-0.743678568,0.131735412
42,6,1,-0.743676993,0.131735412
43,6,1,-0.743675418,0.131735412
44,6,1,-0.743673844,0.131735412
45,6,1,-0.743672269,0.131735412
46,6,1,-0.743670694,0.131735412
47,6,1,-0.743669119,0.131735412
48,6,1,-0.743667544,0.131735412
49,6,1,-0.743665970,0.131735412
50,6,1,-0.743664395,0.131735412
51,6,1,-0.743662820,0.131735412
52,6,1,-0.743661245,0.131735412
53,6,1,-0.743659670,0.131735412
54,6,1,-0.743658096,0.131735412
55,6,1,-0.743656521,0.131735412
56,6,1,-0.743654946,0.131735412
57,6,1,-0.743653371,0.131735412
58,6,1,-0.743651796,0.131735412
59,6,1,-0.743650222,0.131735412
60,6,1,-0.743648647,0.131735412
61,6,1,-0.743647072,0.131735412
62,6,1,-0.743645497,0.131735412
63,6,1,-0.743643922,0.131735412
64,6,1,-0.743642348,0.131735412
65,6,1,-0.743640773,0.131735412
66,6,1,-0.743639198,0.131735412
67,6,1,-0.743637623,0.131735412
68,6,1,-0.743636048,0.131735412
69,6,1,-0.743634474,0.131735412
70,6,1,-0.743632899,0.131735412
71,6,1,-0.743631324,0.131735412
72,6,1,-0.743629749,0.131735412
73,6,1,-0.743628174,0.131735412
74,6,1,-0.743626600,0.131735412
75,6,1,-0.743625025,0.131735412
76,6,1,-0.743623450,0.131735412
77,6,1,-0.743621875,0.131735412
78,6,1,-0.743620300,0.131735412
79,6,1,-0.743618726,0.131735412
80,6,1,-0.743617151,0.131735412
81,6,1,-0.743615576,0.131735412
82,6,1,-0.743614001,0.131735412
83,6,1,-0.743612426,0.131735412
84,6,1,-0.743610852,0.131735412
85,6,1,-0.743609277,0.131735412
86,6,1,-0.743607702,0.131735412
87,6,1,-0.743606127,0.131735412
88,6,1,-0.743604552,0.131735412
89,6,1,-0.743602978,0.131735412
90,6,1,-0.743601403,0.131735412
91,6,1,-0.743599828,0.131735412
92,6,1,-0.743598253,0.131735412
93,6,1,-0.743596678,0.131735412
94,6,1,-0.743595104,0.131735412
95,6,1,-0.743593529,0.131735412
96,6,1,-0.743591954,0.131735412
97,6,1,-0.743590379,0.131735412
98,6,1,-0.743588804,0.131735412
99,6,1,-0.743587229,0.131735412
100,6,1,-0.743585655,0.131735412
101,6,1,-0.743584080,0.131735412
102,6,1,-0.743582505,0.131735412
103,6,1,-0.743580930,0.131735412
104,6,1,-0.743579355,0.131735412
105,6,1,-0.743577781,0.131735412
106,6,1,-0.743576206,0.131735412
107,6,1,-0.743574631,0.131735412
108,6,1,-0.743573056,0.131735412
109,6,1,-0.743571481,0.131735412
110,6,1,-0.743569907,0.131735412
111,6,1,-0.743568332,0.131735412
112,6,1,-0.743566757,0.131735412
113,6,1,-0.743565182,0.131735412
114,6,1,-0.743563607,0.131735412
115,6,1,-0.743562033,0.131735412
116,6,1,-0.743560458,0.131735412
117,6,1,-0.743558883,0.131735412
118,6,1,-0.743557308,0.131735412
119,6,1,-0.743555733,0.131735412
120,6,1,-0.743554159,0.131735412
121,6,1,-0.743552584,0.131735412
122,6,1,-0.743551009,0.131735412
123,6,1,-0.743549434,0.131735412
124,6,1,-0.743547859,0.131735412
125,6,1,-0.743546285,0.131735412
126,6,1,-0.743544710,0.131735412
127,6,1,-0.743543135,0.131735412
0,7,1,-0.743743135,0.131736987
1,7,1,-0.743741560,0.131736987
2,7,1,-0.743739985,0.131736987
3,7,1,-0.743738411,0.131736987
4,7,1,-0.743736836,0.131736987
5,7,1,-0.743735261,0.131736987
6,7,1,-0.743733686,0.131736987
7,7,1,-0.743732111,0.131736987
8,7,1,-0.743730537,0.131736987
9,7,1,-0.743728962,0.131736987
10,7,1,-0.743727387,0.131736987
11,7,1,-0.743725812,0.131736987
12,7,1,-0.743724237,0.131736987
13,7,1,-0.743722663,0.131736987
14,7,1,-0.743721088,0.131736987
15,7,1,-0.743719513,0.131736987
16,7,1,-0.743717938,0.131736987
17,7,1,-0.743716363,0.131736987
18,7,1,-0.743714789,0.131736987
19,7,1,-0.743713214,0.131736987
20,7,1,-0.743711639,0.131736987
21,7,1,-0.743710064,0.131736987
22,7,1,-0.743708489,0.131736987
23,7,1,-0.743706915,0.131736987
24,7,1,-0.743705340,0.131736987
25,7,1,-0.743703765,0.131736987
26,7,1,-0.743702190,0.131736987
27,7,1,-0.743700615,0.131736987
28,7,1,-0.743699041,0.131736987
29,7,1,-0.743697466,0.131736987
30,7,1,-0.743695891,0.131736987
31,7,1,-0.743694316,0.131736987
32,7,1,-0.743692741,0.131736987
33,7,1,-0.743691166,0.131736987
34,7,1,-0.743689592,0.131736987
35,7,1,-0.743688017,0.131736987
36,7,1,-0.743686442,0.131736987
37,7,1,-0.743684867,0.131736987
38,7,1,-0.743683292,0.131736987
39,7,1,-0.743681718,0.131736987
40,7,1,-0.743680143,0.131736987
41,7,1,-0.743678568,0.131736987
42,7,1,-0.743676993,0.131736987
43,7,1,-0.743675418,0.131736987
44,7,1,-0.743673844,0.131736987
45,7,1,-0.743672269,0.131736987
46,7,1,-0.743670694,0.131736987
47,7,1,-0.743669119,0.131736987
48,7,1,-0.743667544,0.131736987
49,7,1,-0.743665970,0.131736987
50,7,1,-0.743664395,0.131736987
51,7,1,-0.743662820,0.131736987
52,7,1,-0.743661245,0.131736987
53,7,1,-0.743659670,0.131736987
54,7,1,-0.743658096,0.131736987
55,7,1,-0.743656521,0.131736987
56,7,1,-0.743654946,0.131736987
57,7,1,-0.743653371,0.131736987
58,7,1,-0.743651796,0.131736987
59,7,1,-0.743650222,0.131736987
60,7,1,-0.743648647,0.131736987
61,7,1,-0.743647072,0.131736987
62,7,1,-0.743645497,0.131736987
63,7,1,-0.743643922,0.131736987
64,7,1,-0.743642348,0.131736987
65,7,1,-0.743640773,0.131736987
66,7,1,-0.743639198,0.131736987
67,7,1,-0.743637623,0.131736987
68,7,1,-0.743636048,0.131736987
69,7,1,-0.743634474,0.131736987
70,7,1,-0.743632899,0.131736987
71,7,1,-0.743631324,0.131736987
72,7,1,-0.743629749,0.131736987
73,7,1,-0.743628174,0.131736987
74,7,1,-0.743626600,0.131736987
75,7,1,-0.743625025,0.131736987
76,7,1,-0.743623450,0.131736987
77,7,1,-0.743621875,0.131736987
78,7,1,-0.743620300,0.131736987
79,7,1,-0.743618726,0.131736987
80,7,1,-0.743617151,0.131736987
81,7,1,-0.743615576,0.131736987
82,7,1,-0.743614001,0.131736987
83,7,1,-0.743612426,0.131736987
84,7,1,-0.743610852,0.131736987
85,7,1,-0.743609277,0.131736987
86,7,1,-0.743607702,0.131736987
87,7,1,-0.743606127,0.131736987
88,7,1,-0.743604552,0.131736987
89,7,1,-0.743602978,0.131736987
90,7,1,-0.743601403,0.131736987
91,7,1,-0.743599828,0.131736987
92,7,1,-0.743598253,0.131736987
93,7,1,-0.743596678,0.131736987
94,7,1,-0.743595104,0.131736987
95,7,1,-0.743593529,0.131736987
96,7,1,-0.743591954,0.131736987
97,7,1,-0.743590379,0.131736987
98,7,1,-0.743588804,0.131736987
99,7,1,-0.743587229,0.131736987
100,7,1,-0.743585655,0.131736987
101,7,1,-0.743584080,0.131736987
102,7,1,-0.743582505,0.131736987
103,7,1,-0.743580930,0.131736987
104,7,1,-0.743579355,0.131736987
105,7,1,-0.743577781,0.131736987
106,7,1,-0.743576206,0.131736987
107,7,1,-0.743574631,0.131736987
108,7,1,-0.743573056,0.131736987
109,7,1,-0.743571481,0.131736987
110,7,1,-0.743569907,0.131736987
111,7,1,-0.743568332,0.131736987
112,7,1,-0.743566757,0.131736987
113,7,1,-0.743565182,0.131736987
114,7,1,-0.743563607,0.131736987
115,7,1,-0.743562033,0.131736987
116,7,1,-0.743560458,0.131736987
117,7,1,-0.743558883,0.131736987
118,7,1,-0.743557308,0.131736987
119,7,1,-0.743555733,0.131736987
120,7,1,-0.743554159,0.131736987
121,7,1,-0.743552584,0.131736987
122,7,1,-0.743551009,0.131736987
123,7,1,-0.743549434,0.131736987
124,7,1,-0.743547859,0.131736987
125,7,1,-0.743546285,0.131736987
126,7,1,-0.743544710,0.131736987
127,7,1,-0.743543135,0.131736987
0,8,1,-0.743743135,0.131738561
1,8,1,-0.743741560,0.131738561
2,8,1,-0.743739985,0.131738561
3,8,1,-0.743738411,0.131738561
4,8,1,-0.743736836,0.131738561
5,8,1,-0.743735261,0.131738561
6,8,1,-0.743733686,0.131738561
7,8,1,-0.743732111,0.131738561
8,8,1,-0.743730537,0.131738561
9,8,1,-0.743728962,0.131738561
10,8,1,-0.743727387,0.131738561
11,8,1,-0.743725812,0.131738561
12,8,1,-0.743724237,0.131738561
13,8,1,-0.743722663,0.131738561
14,8,1,-0.743721088,0.131738561
15,8,1,-0.743719513,0.131738561
16,8,1,-0.743717938,0.131738561
17,8,1,-0.743716363,0.131738561
18,8,1,-0.743714789,0.131738561
19,8,1,-0.743713214,0.131738561
20,8,1,-0.743711639,0.131738561
21,8,1,-0.743710064,0.131738561
22,8,1,-0.743708489,0.131738561
23,8,1,-0.743706915,0.131738561
24,8,1,-0.743705340,0.131738561
25,8,1,-0.743703765,0.131738561
26,8,1,-0.743702190,0.131738561
27,8,1,-0.743700615,0.131738561
28,8,1,-0.743699041,0.131738561
29,8,1,-0.743697466,0.131738561
30,8,1,-0.743695891,0.131738561
31,8,1,-0.743694316,0.131738561
32,8,1,-0.743692741,0.131738561
33,8,1,-0.743691166,0.131738561
34,8,1,-0.743689592,0.131738561
35,8,1,-0.743688017,0.131738561
36,8,1,-0.743686442,0.131738561
37,8,1,-0.743684867,0.131738561
38,8,1,-0.743683292,0.131738561
39,8,1,-0.743681718,0.131738561
40,8,1,-0.743680143,0.131738561
41,8,1,-0.743678568,0.131738561
42,8,1,-0.743676993,0.131738561
43,8,1,-0.743675418,0.131738561
44,8,1,-0.743673844,0.131738561
45,8,1,-0.743672269,0.131738561
46,8,1,-0.743670694,0.131738561
47,8,1,-0.743669119,0.131738561
48,8,1,-0.743667544,0.131738561
49,8,1,-0.743665970,0.131738561
50,8,1,-0.743664395,0.131738561
51,8,1,-0.743662820,0.131738561
52,8,1,-0.743661245,0.131738561
53,8,1,-0.743659670,0.131738561
54,8,1,-0.743658096,0.131738561
55,8,1,-0.743656521,0.131738561
56,8,1,-0.743654946,0.131738561
57,8,1,-0.743653371,0.131738561
58,8,1,-0.743651796,0.131738561
59,8,1,-0.743650222,0.131738561
60,8,1,-0.743648647,0.131738561
61,8,1,-0.743647072,0.131738561
62,8,1,-0.743645497,0.131738561
63,8,1,-0.743643922,0.131738561
64,8,1,-0.743642348,0.131738561
65,8,1,-0.743640773,0.131738561
66,8,1,-0.743639198,0.131738561
67,8,1,-0.743637623,0.131738561
68,8,1,-0.743636048,0.131738561
69,8,1,-0.743634474,0.131738561
70,8,1,-0.743632899,0.131738561
71,8,1,-0.743631324,0.131738561
72,8,1,-0.743629749,0.131738561
73,8,1,-0.743628174,0.131738561
74,8,1,-0.743626600,0.131738561
75,8,1,-0.743625025,0.131738561
76,8,1,-0.743623450,0.131738561
77,8,1,-0.743621875,0.131738561
78,8,1,-0.743620300,0.131738561
79,8,1,-0.743618726,0.131738561
80,8,1,-0.743617151,0.131738561
81,8,1,-0.743615576,0.131738561
82,8,1,-0.743614001,0.131738561
83,8,1,-0.743612426,0.131738561
84,8,1,-0.743610852,0.131738561
85,8,1,-0.743609277,0.131738561
86,8,1,-0.743607702,0.131738561
87,8,1,-0.743606127,0.131738561
88,8,1,-0.743604552,0.131738561
89,8,1,-0.743602978,0.131738561
90,8,1,-0.743601403,0.131738561
91,8,1,-0.743599828,0.131738561
92,8,1,-0.743598253,0.131738561
93,8,1,-0.743596678,0.131738561
94,8,1,-0.743595104,0.131738561
95,8,1,-0.743593529,0.131738561
96,8,1,-0.743591954,0.131738561
97,8,1,-0.743590379,0.131738561
98,8,1,-0.743588804,0.131738561
99,8,1,-0.743587229,0.131738561
100,8,1,-0.743585655,0.131738561
101,8,1,-0.743584080,0.131738561
102,8,1,-0.743582505,0.131738561
103,8,1,-0.743580930,0.131738561
104,8,1,-0.743579355,0.131738561
105,8,1,-0.743577781,0.131738561
106,8,1,-0.743576206,0.131738561
107,8,1,-0.743574631,0.131738561
108,8,1,-0.743573056,0.131738561
109,8,1,-0.743571481,0.131738561
110,8,1,-0.743569907,0.131738561
111,8,1,-0.743568332,0.131738561
112,8,1,-0.743566757,0.131738561
113,8,1,-0.743565182,0.131738561
114,8,1,-0.743563607,0.131738561
115,8,1,-0.743562033,0.131738561
116,8,1,-0.743560458,0.131738561
117,8,1,-0.743558883,0.131738561
118,8,1,-0.743557308,0.131738561
119,8,1,-0.743555733,0.131738561
120,8,1,-0.743554159,0.131738561
121,8,1,-0.743552584,0.131738561
122,8,1,-0.743551009,0.131738561
123,8,1,-0.743549434,0.131738561
124,8,1,-0.743547859,0.131738561
125,8,1,-0.743546285,0.131738561
126,8,1,-0.743544710,0.131738561
127,8,1,-0.743543135,0.131738561
0,9,1,-0.743743135,0.131740136
1,9,1,-0.743741560,0.131740136
2,9,1,-0.743739985,0.131740136
3,9,1,-0.743738411,0.131740136
4,9,1,-0.743736836,0.131740136
5,9,1,-0.743735261,0.131740136
6,9,1,-0.743733686,0.131740136
7,9,1,-0.743732111,0.131740136
8,9,1,-0.743730537,0.131740136
9,9,1,-0.743728962,0.131740136
10,9,1,-0.743727387,0.131740136
11,9,1,-0.743725812,0.131740136
12,9,1,-0.743724237,0.131740136
13,9,1,-0.743722663,0.131740136
14,9,1,-0.743721088,0.131740136
15,9,1,-0.743719513,0.131740136
16,9,1,-0.743717938,0.131740136
17,9,1,-0.743716363,0.131740136
18,9,1,-0.743714789,0.131740136
19,9,1,-0.743713214,0.131740136
20,9,1,-0.743711639,0.131740136
21,9,1,-0.743710064,0.131740136
22,9,1,-0.743708489,0.131740136
23,9,1,-0.743706915,0.131740136
24,9,1,-0.743705340,0.131740136
25,9,1,-0.743703765,0.131740136
26,9,1,-0.743702190,0.131740136
27,9,1,-0.743700615,0.131740136
28,9,1,-0.743699041,0.131740136
29,9,1,-0.743697466,0.131740136
30,9,1,-0.743695891,0.131740136
31,9,1,-0.743694316,0.131740136
32,9,1,-0.743692741,0.131740136
33,9,1,-0.743691166,0.131740136
34,9,1,-0.743689592,0.131740136
35,9,1,-0.743688017,0.131740136
36,9,1,-0.743686442,0.131740136
37,9,1,-0.743684867,0.131740136
38,9,1,-0.743683292,0.131740136
39,9,1,-0.743681718,0.131740136
40,9,1,-0.743680143,0.131740136
41,9,1,-0.743678568,0.131740136
42,9,1,-0.743676993,0.131740136
43,9,1,-0.743675418,0.131740136
44,9,1,-0.743673844,0.131740136
45,9,1,-0.743672269,0.131740136
46,9,1,-0.743670694,0.131740136
47,9,1,-0.743669119,0.131740136
48,9,1,-0.743667544,0.131740136
49,9,1,-0.743665970,0.131740136
50,9,1,-0.743664395,0.131740136
51,9,1,-0.743662820,0.131740136
52,9,1,-0.743661245,0.131740136
53,9,1,-0.743659670,0.131740136
54,9,1,-0.743658096,0.131740136
55,9,1,-0.743656521,0.131740136
56,9,1,-0.743654946,0.131740136
57,9,1,-0.743653371,0.131740136
58,9,1,-0.743651796,0.131740136
59,9,1,-0.743650222,0.131740136
60,9,1,-0.743648647,0.131740136
61,9,1,-0.743647072,0.131740136
62,9,1,-0.743645497,0.131740136
63,9,1,-0.743643922,0.131740136
64,9,1,-0.743642348,0.131740136
65,9,1,-0.743640773,0.131740136
66,9,1,-0.743639198,0.131740136
67,9,1,-0.743637623,0.131740136
68,9,1,-0.743636048,0.131740136
69,9,1,-0.743634474,0.131740136
70,9,1,-0.743632899,0.131740136
71,9,1,-0.743631324,0.131740136
72,9,1,-0.743629749,0.131740136
73,9,1,-0.743628174,0.131740136
74,9,1,-0.743626600,0.131740136
75,9,1,-0.743625025,0.131740136
76,9,1,-0.743623450,0.131740136
77,9,1,-0.743621875,0.131740136
78,9,1,-0.743620300,0.131740136
79,9,1,-0.743618726,0.131740136
80,9,1,-0.743617151,0.131740136
81,9,1,-0.743615576,0.131740136
82,9,1,-0.743614001,0.131740136
83,9,1,-0.743612426,0.131740136
84,9,1,-0.743610852,0.131740136
85,9,1,-0.743609277,0.131740136
86,9,1,-0.743607702,0.131740136
87,9,1,-0.743606127,0.131740136
88,9,1,-0.743604552,0.131740136
89,9,1,-0.743602978,0.131740136
90,9,1,-0.743601403,0.131740136
91,9,1,-0.743599828,0.131740136
92,9,1,-0.743598253,0.131740136
93,9,1,-0.743596678,0.131740136
94,9,1,-0.743595104,0.131740136
95,9,1,-0.743593529,0.131740136
96,9,1,-0.743591954,0.131740136
97,9,1,-0.743590379,0.131740136
98,9,1,-0.743588804,0.131740136
99,9,1,-0.743587229,0.131740136
100,9,1,-0.743585655,0.131740136
101,9,1,-0.743584080,0.131740136
102,9,1,-0.743582505,0.131740136
103,9,1,-0.743580930,0.131740136
104,9,1,-0.743579355,0.131740136
105,9,1,-0.743577781,0.131740136
106,9,1,-0.743576206,0.131740136
107,9,1,-0.743574631,0.131740136
108,9,1,-0.743573056,0.131740136
109,9,1,-0.743571481,0.131740136
110,9,1,-0.743569907,0.131740136
111,9,1,-0.743568332,0.131740136
112,9,1,-0.743566757,0.131740136
113,9,1,-0.743565182,0.131740136
114,9,1,-0.743563607,0.131740136
115,9,1,-0.743562033,0.131740136
116,9,1,-0.743560458,0.131740136
117,9,1,-0.743558883,0.131740136
118,9,1,-0.743557308,0.131740136
119,9,1,-0.743555733,0.131740136
120,9,1,-0.743554159,0.131740136
121,9,1,-0.743552584,0.131740136
122,9,1,-0.743551009,0.131740136
123,9,1,-0.743549434,0.131740136
124,9,1,-0.743547859,0.131740136
125,9,1,-0.743546285,0.131740136
126,9,1,-0.743544710,0.131740136
127,9,1,-0.743543135,0.131740136
0,10,1,-0.743743135,0.131741711
1,10,1,-0.743741560,0.131741711
2,10,1,-0.743739985,0.131741711
3,10,1,-0.743738411,0.131741711
4,10,1,-0.743736836,0.131741711
5,10,1,-0.743735261,0.131741711
6,10,1,-0.743733686,0.131741711
7,10,1,-0.743732111,0.131741711
8,10,1,-0.743730537,0.131741711
9,10,1,-0.743728962,0.131741711
10,10,1,-0.743727387,0.131741711
11,10,1,-0.743725812,0.131741711
12,10,1,-0.743724237,0.131741711
13,10,1,-0.743722663,0.131741711
14,10,1,-0.743721088,0.131741711
15,10,1,-0.743719513,0.131741711
16,10,1,-0.743717938,0.131741711
17,10,1,-0.743716363,0.131741711
18,10,1,-0.743714789,0.131741711
19,10,1,-0.743713214,0.131741711
20,10,1,-0.743711639,0.131741711
21,10,1,-0.743710064,0.131741711
22,10,1,-0.743708489,0.131741711
23,10,1,-0.743706915,0.131741711
24,10,1,-0.743705340,0.131741711
25,10,1,-0.743703765,0.131741711
26,10,1,-0.743702190,0.131741711
27,10,1,-0.743700615,0.131741711
28,10,1,-0.743699041,0.131741711
29,10,1,-0.743697466,0.131741711
30,10,1,-0.743695891,0.131741711
31,10,1,-0.743694316,0.131741711
32,10,1,-0.743692741,0.131741711
33,10,1,-0.743691166,0.131741711
34,10,1,-0.743689592,0.131741711
35,10,1,-0.743688017,0.131741711
36,10,1,-0.743686442,0.131741711
37,10,1,-0.743684867,0.131741711
38,10,1,-0.743683292,0.131741711
39,10,1,-0.743681718,0.131741711
40,10,1,-0.743680143,0.131741711
41,10,1,-0.743678568,0.131741711
42,10,1,-0.743676993,0.131741711
43,10,1,-0.743675418,0.131741711
44,10,1,-0.743673844,0.131741711
45,10,1,-0.743672269,0.131741711
46,10,1,-0.743670694,0.131741711
47,10,1,-0.743669119,0.131741711
48,10,1,-0.743667544,0.131741711
49,10,1,-0.743665970,0.131741711
50,10,1,-0.743664395,0.131741711
51,10,1,-0.743662820,0.131741711
52,10,1,-0.743661245,0.131741711
53,10,1,-0.743659670,0.131741711
54,10,1,-0.743658096,0.131741711
55,10,1,-0.743656521,0.131741711
56,10,1,-0.743654946,0.131741711
57,10,1,-0.743653371,0.131741711
58,10,1,-0.743651796,0.131741711
59,10,1,-0.743650222,0.131741711
60,10,1,-0.743648647,0.131741711
61,10,1,-0.743647072,0.131741711
62,10,1,-0.743645497,0.131741711
63,10,1,-0.743643922,0.131741711
64,10,1,-0.743642348,0.131741711
65,10,1,-0.743640773,0.131741711
66,10,1,-0.743639198,0.131741711
67,10,1,-0.743637623,0.131741711
68,10,1,-0.743636048,0.131741711
69,10,1,-0.743634474,0.131741711
70,10,1,-0.743632899,0.131741711
71,10,1,-0.743631324,0.131741711
72,10,1,-0.743629749,0.131741711
73,10,1,-0.743628174,0.131741711
74,10,1,-0.743626600,0.131741711
75,10,1,-0.743625025,0.131741711
76,10,1,-0.743623450,0.131741711
77,10,1,-0.743621875,0.131741711
78,10,1,-0.743620300,0.131741711
79,10,1,-0.743618726,0.131741711
80,10,1,-0.743617151,0.131741711
81,10,1,-0.743615576,0.131741711
82,10,1,-0.743614001,0.131741711
83,10,1,-0.743612426,0.131741711
84,10,1,-0.743610852,0.131741711
85,10,1,-0.743609277,0.131741711
86,10,1,-0.743607702,0.131741711
87,10,1,-0.743606127,0.131741711
88,10,1,-0.743604552,0.131741711
89,10,1,-0.743602978,0.131741711
90,10,1,-0.743601403,0.131741711
91,10,1,-0.743599828,0.131741711
92,10,1,-0.743598253,0.131741711
93,10,1,-0.743596678,0.131741711
94,10,1,-0.743595104,0.131741711
95,10,1,-0.743593529,0.131741711
96,10,1,-0.743591954,0.131741711
97,10,1,-0.743590379,0.131741711
98,10,1,-0.743588804,0.131741711
99,10,1,-0.743587229,0.131741711
100,10,1,-0.743585655,0.131741711
101,10,1,-0.743584080,0.131741711
102,10,1,-0.743582505,0.131741711
103,10,1,-0.743580930,0.131741711
104,10,1,-0.743579355,0.131741711
105,10,1,-0.743577781,0.131741711
106,10,1,-0.743576206,0.131741711
107,10,1,-0.743574631,0.131741711
108,10,1,-0.743573056,0.131741711
109,10,1,-0.743571481,0.131741711
110,10,1,-0.743569907,0.131741711
111,10,1,-0.743568332,0.131741711
112,10,1,-0.743566757,0.131741711
113,10,1,-0.743565182,0.131741711
114,10,1,-0.743563607,0.131741711
115,10,1,-0.743562033,0.131741711
116,10,1,-0.743560458,0.131741711
117,10,1,-0.743558883,0.131741711
118,10,1,-0.743557308,0.131741711
119,10,1,-0.743555733,0.131741711
120,10,1,-0.743554159,0.131741711
121,10,1,-0.743552584,0.131741711
122,10,1,-0.743551009,0.131741711
123,10,1,-0.743549434,0.131741711
124,10,1,-0.743547859,0.131741711
125,10,1,-0.743546285,0.131741711
126,10,1,-0.743544710,0.131741711
127,10,1,-0.743543135,0.131741711
0,11,1,-0.743743135,0.131743286
1,11,1,-0.743741560,0.131743286
2,11,1,-0.743739985,0.131743286
3,11,1,-0.743738411,0.131743286
4,11,1,-0.743736836,0.131743286
5,11,1,-0.743735261,0.131743286
6,11,1,-0.743733686,0.131743286
7,11,1,-0.743732111,0.131743286
8,11,1,-0.743730537,0.131743286
9,11,1,-0.743728962,0.131743286
10,11,1,-0.743727387,0.131743286
11,11,1,-0.743725812,0.131743286
12,11,1,-0.743724237,0.131743286
13,11,1,-0.743722663,0.131743286
14,11,1,-0.743721088,0.131743286
15,11,1,-0.743719513,0.131743286
16,11,1,-0.743717938,0.131743286
17,11,1,-0.743716363,0.131743286
18,11,1,-0.743714789,0.131743286
19,11,1,-0.743713214,0.131743286
20,11,1,-0.743711639,0.131743286
21,11,1,-0.743710064,0.131743286
22,11,1,-0.743708489,0.131743286
23,11,1,-0.743706915,0.131743286
24,11,1,-0.743705340,0.131743286
25,11,1,-0.743703765,0.131743286
26,11,1,-0.743702190,0.131743286
27,11,1,-0.743700615,0.131743286
28,11,1,-0.743699041,0.131743286
29,11,1,-0.743697466,0.131743286
30,11,1,-0.743695891,0.131743286
31,11,1,-0.743694316,0.131743286
32,11,1,-0.743692741,0.131743286
33,11,1,-0.743691166,0.131743286
34,11,1,-0.743689592,0.131743286
35,11,1,-0.743688017,0.131743286
36,11,1,-0.743686442,0.131743286
37,11,1,-0.743684867,0.131743286
38,11,1,-0.743683292,0.131743286
39,11,1,-0.743681718,0.131743286
40,11,1,-0.743680143,0.131743286
41,11,1,-0.743678568,0.131743286
42,11,1,-0.743676993,0.131743286
43,11,1,-0.743675418,0.131743286
44,11,1,-0.743673844,0.131743286
45,11,1,-0.743672269,0.131743286
46,11,1,-0.743670694,0.131743286
47,11,1,-0.743669119,0.131743286
48,11,1,-0.743667544,0.131743286
49,11,1,-0.743665970,0.131743286
50,11,1,-0.743664395,0.131743286
51,11,1,-0.743662820,0.131743286
52,11,1,-0.743661245,0.131743286
53,11,1,-0.743659670,0.131743286
54,11,1,-0.743658096,0.131743286
55,11,1,-0.743656521,0.131743286
56,11,1,-0.743654946,0.131743286
57,11,1,-0.743653371,0.131743286
58,11,1,-0.743651796,0.131743286
59,11,1,-0.743650222,0.131743286
60,11,1,-0.743648647,0.131743286
61,11,1,-0.743647072,0.131743286
62,11,1,-0.743645497,0.131743286
63,11,1,-0.743643922,0.131743286
64,11,1,-0.743642348,0.131743286
65,11,1,-0.743640773,0.131743286
66,11,1,-0.743639198,0.131743286
67,11,1,-0.743637623,0.131743286
68,11,1,-0.743636048,0.131743286
69,11,1,-0.743634474,0.131743286
70,11,1,-0.743632899,0.131743286
71,11,1,-0.743631324,0.131743286
72,11,1,-0.743629749,0.131743286
73,11,1,-0.743628174,0.131743286
74,11,1,-0.743626600,0.131743286
75,11,1,-0.743625025,0.131743286
76,11,1,-0.743623450,0.131743286
77,11,1,-0.743621875,0.131743286
78,11,1,-0.743620300,0.131743286
79,11,1,-0.743618726,0.131743286
80,11,1,-0.743617151,0.131743286
81,11,1,-0.743615576,0.131743286
82,11,1,-0.743614001,0.131743286
83,11,1,-0.743612426,0.131743286
84,11,1,-0.743610852,0.131743286
85,11,1,-0.743609277,0.131743286
86,11,1,-0.743607702,0.131743286
87,11,1,-0.743606127,0.131743286
88,11,1,-0.743604552,0.131743286
89,11,1,-0.743602978,0.131743286
90,11,1,-0.743601403,0.131743286
91,11,1,-0.743599828,0.131743286
92,11,1,-0.743598253,0.131743286
93,11,1,-0.743596678,0.131743286
94,11,1,-0.743595104,0.131743286
95,11,1,-0.743593529,0.131743286
96,11,1,-0.743591954,0.131743286
97,11,1,-0.743590379,0.131743286
98,11,1,-0.743588804,0.131743286
99,11,1,-0.743587229,0.131743286
100,11,1,-0.743585655,0.131743286
101,11,1,-0.743584080,0.131743286
102,11,1,-0.743582505,0.131743286
103,11,1,-0.743580930,0.131743286
104,11,1,-0.743579355,0.131743286
105,11,1,-0.743577781,0.131743286
106,11,1,-0.743576206,0.131743286
107,11,1,-0.743574631,0.131743286
108,11,1,-0.743573056,0.131743286
109,11,1,-0.743571481,0.131743286
110,11,1,-0.743569907,0.131743286
111,11,1,-0.743568332,0.131743286
112,11,1,-0.743566757,0.131743286
113,11,1,-0.743565182,0.131743286
114,11,1,-0.743563607,0.131743286
115,11,1,-0.743562033,0.131743286
116,11,1,-0.743560458,0.131743286
117,11,1,-0.743558883,0.131743286
118,11,1,-0.743557308,0.131743286
119,11,1,-0.743555733,0.131743286
120,11,1,-0.743554159,0.131743286
121,11,1,-0.743552584,0.131743286
122,11,1,-0.743551009,0.131743286
123,11,1,-0.743549434,0.131743286
124,11,1,-0.743547859,0.131743286
125,11,1,-0.743546285,0.131743286
126,11,1,-0.743544710,0.131743286
127,11,1,-0.743543135,0.131743286
0,12,1,-0.743743135,0.131744861
1,12,1,-0.743741560,0.131744861
2,12,1,-0.743739985,0.131744861
3,12,1,-0.743738411,0.131744861
4,12,1,-0.743736836,0.131744861
5,12,1,-0.743735261,0.131744861
6,12,1,-0.743733686,0.131744861
7,12,1,-0.743732111,0.131744861
8,12,1,-0.743730537,0.131744861
9,12,1,-0.743728962,0.131744861
10,12,1,-0.743727387,0.131744861
11,12,1,-0.743725812,0.131744861
12,12,1,-0.743724237,0.131744861
13,12,1,-0.743722663,0.131744861
14,12,1,-0.743721088,0.131744861
15,12,1,-0.743719513,0.131744861
16,12,1,-0.743717938,0.131744861
17,12,1,-0.743716363,0.131744861
18,12,1,-0.743714789,0.131744861
19,12,1,-0.743713214,0.131744861
20,12,1,-0.743711639,0.131744861
21,12,1,-0.743710064,0.131744861
22,12,1,-0.743708489,0.131744861
23,12,1,-0.743706915,0.131744861
24,12,1,-0.743705340,0.131744861
25,12,1,-0.743703765,0.131744861
26,12,1,-0.743702190,0.131744861
27,12,1,-0.743700615,0.131744861
28,12,1,-0.743699041,0.131744861
29,12,1,-0.743697466,0.131744861
30,12,1,-0.743695891,0.131744861
31,12,1,-0.743694316,0.131744861
32,12,1,-0.743692741,0.131744861
33,12,1,-0.743691166,0.131744861
34,12,1,-0.743689592,0.131744861
35,12,1,-0.743688017,0.131744861
36,12,1,-0.743686442,0.131744861
37,12,1,-0.743684867,0.131744861
38,12,1,-0.743683292,0.131744861
39,12,1,-0.743681718,0.131744861
40,12,1,-0.743680143,0.131744861
41,12,1,-0.743678568,0.131744861
42,12,1,-0.743676993,0.131744861
43,12,1,-0.743675418,0.131744861
44,12,1,-0.743673844,0.131744861
45,12,1,-0.743672269,0.131744861
46,12,1,-0.743670694,0.131744861
47,12,1,-0.743669119,0.131744861
48,12,1,-0.743667544,0.131744861
49,12,1,-0.743665970,0.131744861
50,12,1,-0.743664395,0.131744861
51,12,1,-0.743662820,0.131744861
52,12,1,-0.743661245,0.131744861
53,12,1,-0.743659670,0.131744861
54,12,1,-0.743658096,0.131744861
55,12,1,-0.743656521,0.131744861
56,12,1,-0.743654946,0.131744861
57,12,1,-0.743653371,0.131744861
58,12,1,-0.743651796,0.131744861
59,12,1,-0.743650222,0.131744861
60,12,1,-0.743648647,0.131744861
61,12,1,-0.743647072,0.131744861
62,12,1,-0.743645497,0.131744861
63,12,1,-0.743643922,0.131744861
64,12,1,-0.743642348,0.131744861
65,12,1,-0.743640773,0.131744861
66,12,1,-0.743639198,0.131744861
67,12,1,-0.743637623,0.131744861
68,12,1,-0.743636048,0.131744861
69,12,1,-0.743634474,0.131744861
70,12,1,-0.743632899,0.131744861
71,12,1,-0.743631324,0.131744861
72,12,1,-0.743629749,0.131744861
73,12,1,-0.743628174,0.131744861
74,12,1,-0.743626600,0.131744861
75,12,1,-0.743625025,0.131744861
76,12,1,-0.743623450,0.131744861
77,12,1,-0.743621875,0.131744861
78,12,1,-0.743620300,0.131744861
79,12,1,-0.743618726,0.131744861
80,12,1,-0.743617151,0.131744861
81,12,1,-0.743615576,0.131744861
82,12,1,-0.743614001,0.131744861
83,12,1,-0.743612426,0.131744861
84,12,1,-0.743610852,0.131744861
85,12,1,-0.743609277,0.131744861
86,12,1,-0.743607702,0.131744861
87,12,1,-0.743606127,0.131744861
88,12,1,-0.743604552,0.131744861
89,12,1,-0.743602978,0.131744861
90,12,1,-0.743601403,0.131744861
91,12,1,-0.743599828,0.131744861
92,12,1,-0.743598253,0.131744861
93,12,1,-0.743596678,0.131744861
94,12,1,-0.743595104,0.131744861
95,12,1,-0.743593529,0.131744861
96,12,1,-0.743591954,0.131744861
97,12,1,-0.743590379,0.131744861
98,12,1,-0.743588804,0.131744861
99,12,1,-0.743587229,0.131744861
100,12,1,-0.743585655,0.131744861
101,12,1,-0.743584080,0.131744861
102,12,1,-0.743582505,0.131744861
103,12,1,-0.743580930,0.131744861
104,12,1,-0.743579355,0.131744861
105,12,1,-0.743577781,0.131744861
106,12,1,-0.743576206,0.131744861
107,12,1,-0.743574631,0.131744861
108,12,1,-0.743573056,0.131744861
109,12,1,-0.743571481,0.131744861
110,12,1,-0.743569907,0.131744861
111,12,1,-0.743568332,0.131744861
112,12,1,-0.743566757,0.131744861
113,12,1,-0.743565182,0.131744861
114,12,1,-0.743563607,0.131744861
115,12,1,-0.743562033,0.131744861
116,12,1,-0.743560458,0.131744861
117,12,1,-0.743558883,0.131744861
118,12,1,-0.743557308,0.131744861
119,12,1,-0.743555733,0.131744861
120,12,1,-0.743554159,0.131744861
121,12,1,-0.743552584,0.131744861
122,12,1,-0.743551009,0.131744861
123,12,1,-0.743549434,0.131744861
124,12,1,-0.743547859,0.131744861
125,12,1,-0.743546285,0.131744861
126,12,1,-0.743544710,0.131744861
127,12,1,-0.743543135,0.131744861
0,13,1,-0.743743135,0.131746435
1,13,1,-0.743741560,0.131746435
2,13,1,-0.743739985,0.131746435
3,13,1,-0.743738411,0.131746435
4,13,1,-0.743736836,0.131746435
5,13,1,-0.743735261,0.131746435
6,13,1,-0.743733686,0.131746435
7,13,1,-0.743732111,0.131746435
8,13,1,-0.743730537,0.131746435
9,13,1,-0.743728962,0.131746435
10,13,1,-0.743727387,0.131746435
11,13,1,-0.743725812,0.131746435
12,13,1,-0.743724237,0.131746435
13,13,1,-0.743722663,0.131746435
14,13,1,-0.743721088,0.131746435
15,13,1,-0.743719513,0.131746435
16,13,1,-0.743717938,0.131746435
17,13,1,-0.743716363,0.131746435
18,13,1,-0.743714789,0.131746435
19,13,1,-0.743713214,0.131746435
20,13,1,-0.743711639,0.131746435
21,13,1,-0.743710064,0.131746435
22,13,1,-0.743708489,0.131746435
23,13,1,-0.743706915,0.131746435
24,13,1,-0.743705340,0.131746435
25,13,1,-0.743703765,0.131746435
26,13,1,-0.743702190,0.131746435
27,13,1,-0.743700615,0.131746435
28,13,1,-0.743699041,0.131746435
29,13,1,-0.743697466,0.131746435
30,13,1,-0.743695891,0.131746435
31,13,1,-0.743694316,0.131746435
32,13,1,-0.743692741,0.131746435
33,13,1,-0.743691166,0.131746435
34,13,1,-0.743689592,0.131746435
35,13,1,-0.743688017,0.131746435
36,13,1,-0.743686442,0.131746435
37,13,1,-0.743684867,0.131746435
38,13,1,-0.743683292,0.131746435
39,13,1,-0.743681718,0.131746435
40,13,1,-0.743680143,0.131746435
41,13,1,-0.743678568,0.131746435
42,13,1,-0.743676993,0.131746435
43,13,1,-0.743675418,0.131746435
44,13,1,-0.743673844,0.131746435
45,13,1,-0.743672269,0.131746435
46,13,1,-0.743670694,0.131746435
47,13,1,-0.743669119,0.131746435
48,13,1,-0.743667544,0.131746435
49,13,1,-0.743665970,0.131746435
50,13,1,-0.743664395,0.131746435
51,13,1,-0.743662820,0.131746435
52,13,1,-0.743661245,0.131746435
53,13,1,-0.743659670,0.131746435
54,13,1,-0.743658096,0.131746435
55,13,1,-0.743656521,0.131746435
56,13,1,-0.743654946,0.131746435
57,13,1,-0.743653371,0.131746435
58,13,1,-0.743651796,0.131746435
59,13,1,-0.743650222,0.131746435
60,13,1,-0.743648647,0.131746435
61,13,1,-0.743647072,0.131746435
62,13,1,-0.743645497,0.131746435
63,13,1,-0.743643922,0.131746435
64,13,1,-0.743642348,0.131746435
65,13,1,-0.743640773,0.131746435
66,13,1,-0.743639198,0.131746435
67,13,1,-0.743637623,0.131746435
68,13,1,-0.743636048,0.131746435
69,13,1,-0.743634474,0.131746435
70,13,1,-0.743632899,0.131746435
71,13,1,-0.743631324,0.131746435
72,13,1,-0.743629749,0.131746435
73,13,1,-0.743628174,0.131746435
74,13,1,-0.743626600,0.131746435
75,13,1,-0.743625025,0.131746435
76,13,1,-0.743623450,0.131746435
77,13,1,-0.743621875,0.131746435
78,13,1,-0.743620300,0.131746435
79,13,1,-0.743618726,0.131746435
80,13,1,-0.743617151,0.131746435
81,13,1,-0.743615576,0.131746435
82,13,1,-0.743614001,0.131746435
83,13,1,-0.743612426,0.131746435
84,13,1,-0.743610852,0.131746435
85,13,1,-0.743609277,0.131746435
86,13,1,-0.743607702,0.131746435
87,13,1,-0.743606127,0.131746435
88,13,1,-0.743604552,0.131746435
89,13,1,-0.743602978,0.131746435
90,13,1,-0.743601403,0.131746435
91,13,1,-0.743599828,0.131746435
92,13,1,-0.743598253,0.131746435
93,13,1,-0.743596678,0.131746435
94,13,1,-0.743595104,0.131746435
95,13,1,-0.743593529,0.131746435
96,13,1,-0.743591954,0.131746435
97,13,1,-0.743590379,0.131746435
98,13,1,-0.743588804,0.131746435
99,13,1,-0.743587229,0.131746435
100,13,1,-0.743585655,0.131746435
101,13,1,-0.743584080,0.131746435
102,13,1,-0.743582505,0.131746435
103,13,1,-0.743580930,0.131746435
104,13,1,-0.743579355,0.131746435
105,13,1,-0.743577781,0.131746435
106,13,1,-0.743576206,0.131746435
107,13,1,-0.743574631,0.131746435
108,13,1,-0.743573056,0.131746435
109,13,1,-0.743571481,0.131746435
110,13,1,-0.743569907,0.131746435
111,13,1,-0.743568332,0.131746435
112,13,1,-0.743566757,0.131746435
113,13,1,-0.743565182,0.131746435
114,13,1,-0.743563607,0.131746435
115,13,1,-0.743562033,0.131746435
116,13,1,-0.743560458,0.131746435
117,13,1,-0.743558883,0.131746435
118,13,1,-0.743557308,0.131746435
119,13,1,-0.743555733,0.131746435
120,13,1,-0.743554159,0.131746435
121,13,1,-0.743552584,0.131746435
122,13,1,-0.743551009,0.131746435
123,13,1,-0.743549434,0.131746435
124,13,1,-0.743547859,0.131746435
125,13,1,-0.743546285,0.131746435
126,13,1,-0.743544710,0.131746435
127,13,1,-0.743543135,0.131746435
0,14,1,-0.743743135,0.131748010
1,14,1,-0.743741560,0.131748010
2,14,1,-0.743739985,0.131748010
3,14,1,-0.743738411,0.131748010
4,14,1,-0.743736836,0.131748010
5,14,1,-0.743735261,0.131748010
6,14,1,-0.743733686,0.131748010
7,14,1,-0.743732111,0.131748010
8,14,1,-0.743730537,0.131748010
9,14,1,-0.743728962,0.131748010
10,14,1,-0.743727387,0.131748010
11,14,1,-0.743725812,0.131748010
12,14,1,-0.743724237,0.131748010
13,14,1,-0.743722663,0.131748010
14,14,1,-0.743721088,0.131748010
15,14,1,-0.743719513,0.131748010
16,14,1,-0.743717938,0.131748010
17,14,1,-0.743716363,0.131748010
18,14,1,-0.743714789,0.131748010
19,14,1,-0.743713214,0.131748010
20,14,1,-0.743711639,0.131748010
21,14,1,-0.743710064,0.131748010
22,14,1,-0.743708489,0.131748010
23,14,1,-0.743706915,0.131748010
24,14,1,-0.743705340,0.131748010
25,14,1,-0.743703765,0.131748010
26,14,1,-0.743702190,0.131748010
27,14,1,-0.743700615,0.131748010
28,14,1,-0.743699041,0.131748010
29,14,1,-0.743697466,0.131748010
30,14,1,-0.743695891,0.131748010
31,14,1,-0.743694316,0.131748010
32,14,1,-0.743692741,0.131748010
33,14,1,-0.743691166,0.131748010
34,14,1,-0.743689592,0.131748010
35,14,1,-0.743688017,0.131748010
36,14,1,-0.743686442,0.131748010
37,14,1,-0.743684867,0.131748010
38,14,1,-0.743683292,0.131748010
39,14,1,-0.743681718,0.131748010
40,14,1,-0.743680143,0.131748010
41,14,1,-0.743678568,0.131748010
42,14,1,-0.743676993,0.131748010
43,14,1,-0.743675418,0.131748010
44,14,1,-0.743673844,0.131748010
45,14,1,-0.743672269,0.131748010
46,14,1,-0.743670694,0.131748010
47,14,1,-0.743669119,0.131748010
48,14,1,-0.743667544,0.131748010
49,14,1,-0.743665970,0.131748010
50,14,1,-0.743664395,0.131748010
51,14,1,-0.743662820,0.131748010
52,14,1,-0.743661245,0.131748010
53,14,1,-0.743659670,0.131748010
54,14,1,-0.743658096,0.131748010
55,14,1,-0.743656521,0.131748010
56,14,1,-0.743654946,0.131748010
57,14,1,-0.743653371,0.131748010
58,14,1,-0.743651796,0.131748010
59,14,1,-0.743650222,0.131748010
60,14,1,-0.743648647,0.131748010
61,14,1,-0.743647072,0.131748010
62,14,1,-0.743645497,0.131748010
63,14,1,-0.743643922,0.131748010
64,14,1,-0.743642348,0.131748010
65,14,1,-0.743640773,0.131748010
66,14,1,-0.743639198,0.131748010
67,14,1,-0.743637623,0.131748010
68,14,1,-0.743636048,0.131748010
69,14,1,-0.743634474,0.131748010
70,14,1,-0.743632899,0.131748010
71,14,1,-0.743631324,0.131748010
72,14,1,-0.743629749,0.131748010
73,14,1,-0.743628174,0.131748010
74,14,1,-0.743626600,0.131748010
75,14,1,-0.743625025,0.131748010
76,14,1,-0.743623450,0.131748010
77,14,1,-0.743621875,0.131748010
78,14,1,-0.743620300,0.131748010
79,14,1,-0.743618726,0.131748010
80,14,1,-0.743617151,0.131748010
81,14,1,-0.743615576,0.131748010
82,14,1,-0.743614001,0.131748010
83,14,1,-0.743612426,0.131748010
84,14,1,-0.743610852,0.131748010
85,14,1,-0.743609277,0.131748010
86,14,1,-0.743607702,0.131748010
87,14,1,-0.743606127,0.131748010
88,14,1,-0.743604552,0.131748010
89,14,1,-0.743602978,0.131748010
90,14,1,-0.743601403,0.131748010
91,14,1,-0.743599828,0.131748010
92,14,1,-0.743598253,0.131748010
93,14,1,-0.743596678,0.131748010
94,14,1,-0.743595104,0.131748010
95,14,1,-0.743593529,0.131748010
96,14,1,-0.743591954,0.131748010
97,14,1,-0.743590379,0.131748010
98,14,1,-0.743588804,0.131748010
99,14,1,-0.743587229,0.131748010
100,14,1,-0.743585655,0.131748010
101,14,1,-0.743584080,0.131748010
102,14,1,-0.743582505,0.131748010
103,14,1,-0.743580930,0.131748010
104,14,1,-0.743579355,0.131748010
105,14,1,-0.743577781,0.131748010
106,14,1,-0.743576206,0.131748010
107,14,1,-0.743574631,0.131748010
108,14,1,-0.743573056,0.131748010
109,14,1,-0.743571481,0.131748010
110,14,1,-0.743569907,0.131748010
111,14,1,-0.743568332,0.131748010
112,14,1,-0.743566757,0.131748010
113,14,1,-0.743565182,0.131748010
114,14,1,-0.743563607,0.131748010
115,14,1,-0.743562033,0.131748010
116,14,1,-0.743560458,0.131748010
117,14,1,-0.743558883,0.131748010
118,14,1,-0.743557308,0.131748010
119,14,1,-0.743555733,0.131748010
120,14,1,-0.743554159,0.131748010
121,14,1,-0.743552584,0.131748010
122,14,1,-0.743551009,0.131748010
123,14,1,-0.743549434,0.131748010
124,14,1,-0.743547859,0.131748010
125,14,1,-0.743546285,0.131748010
126,14,1,-0.743544710,0.131748010
127,14,1,-0.743543135,0.131748010
0,15,1,-0.743743135,0.131749585
1,15,1,-0.743741560,0.131749585
2,15,1,-0.743739985,0.131749585
3,15,1,-0.743738411,0.131749585
4,15,1,-0.743736836,0.131749585
5,15,1,-0.743735261,0.131749585
6,15,1,-0.743733686,0.131749585
7,15,1,-0.743732111,0.131749585
8,15,1,-0.743730537,0.131749585
9,15,1,-0.743728962,0.131749585
10,15,1,-0.743727387,0.131749585
11,15,1,-0.743725812,0.131749585
12,15,1,-0.743724237,0.131749585
13,15,1,-0.743722663,0.131749585
14,15,1,-0.743721088,0.131749585
15,15,1,-0.743719513,0.131749585
16,15,1,-0.743717938,0.131749585
17,15,1,-0.743716363,0.131749585
18,15,1,-0.743714789,0.131749585
19,15,1,-0.743713214,0.131749585
20,15,1,-0.743711639,0.131749585
21,15,1,-0.743710064,0.131749585
22,15,1,-0.743708489,0.131749585
23,15,1,-0.743706915,0.131749585
24,15,1,-0.743705340,0.131749585
25,15,1,-0.743703765,0.131749585
26,15,1,-0.743702190,0.131749585
27,15,1,-0.743700615,0.131749585
28,15,1,-0.743699041,0.131749585
29,15,1,-0.743697466,0.131749585
30,15,1,-0.743695891,0.131749585
31,15,1,-0.743694316,0.131749585
32,15,1,-0.743692741,0.131749585
33,15,1,-0.743691166,0.131749585
34,15,1,-0.743689592,0.131749585
35,15,1,-0.743688017,0.131749585
36,15,1,-0.743686442,0.131749585
37,15,1,-0.743684867,0.131749585
38,15,1,-0.743683292,0.131749585
39,15,1,-0.743681718,0.131749585
40,15,1,-0.743680143,0.131749585
41,15,1,-0.743678568,0.131749585
42,15,1,-0.743676993,0.131749585
43,15,1,-0.743675418,0.131749585
44,15,1,-0.743673844,0.131749585
45,15,1,-0.743672269,0.131749585
46,15,1,-0.743670694,0.131749585
47,15,1,-0.743669119,0.131749585
48,15,1,-0.743667544,0.131749585
49,15,1,-0.743665970,0.131749585
50,15,1,-0.743664395,0.131749585
51,15,1,-0.743662820,0.131749585
52,15,1,-0.743661245,0.131749585
53,15,1,-0.743659670,0.131749585
54,15,1,-0.743658096,0.131749585
55,15,1,-0.743656521,0.131749585
56,15,1,-0.743654946,0.131749585
57,15,1,-0.743653371,0.131749585
58,15,1,-0.743651796,0.131749585
59,15,1,-0.743650222,0.131749585
60,15,1,-0.743648647,0.131749585
61,15,1,-0.743647072,0.131749585
62,15,1,-0.743645497,0.131749585
63,15,1,-0.743643922,0.131749585
64,15,1,-0.743642348,0.131749585
65,15,1,-0.743640773,0.131749585
66,15,1,-0.743639198,0.131749585
67,15,1,-0.743637623,0.131749585
68,15,1,-0.743636048,0.131749585
69,15,1,-0.743634474,0.131749585
70,15,1,-0.743632899,0.131749585
71,15,1,-0.743631324,0.131749585
72,15,1,-0.743629749,0.131749585
73,15,1,-0.743628174,0.131749585
74,15,1,-0.743626600,0.131749585
75,15,1,-0.743625025,0.131749585
76,15,1,-0.743623450,0.131749585
77,15,1,-0.743621875,0.131749585
78,15,1,-0.743620300,0.131749585
79,15,1,-0.743618726,0.131749585
80,15,1,-0.743617151,0.131749585
81,15,1,-0.743615576,0.131749585
82,15,1,-0.743614001,0.131749585
83,15,1,-0.743612426,0.131749585
84,15,1,-0.743610852,0.131749585
85,15,1,-0.743609277,0.131749585
86,15,1,-0.743607702,0.131749585
87,15,1,-0.743606127,0.131749585
88,15,1,-0.743604552,0.131749585
89,15,1,-0.743602978,0.131749585
90,15,1,-0.743601403,0.131749585
91,15,1,-0.743599828,0.131749585
92,15,1,-0.743598253,0.131749585
93,15,1,-0.743596678,0.131749585
94,15,1,-0.743595104,0.131749585
95,15,1,-0.743593529,0.131749585
96,15,1,-0.743591954,0.131749585
97,15,1,-0.743590379,0.131749585
98,15,1,-0.743588804,0.131749585
99,15,1,-0.743587229,0.131749585
100,15,1,-0.743585655,0.131749585
101,15,1,-0.743584080,0.131749585
102,15,1,-0.743582505,0.131749585
103,15,1,-0.743580930,0.131749585
104,15,1,-0.743579355,0.131749585
105,15,1,-0.743577781,0.131749585
106,15,1,-0.743576206,0.131749585
107,15,1,-0.743574631,0.131749585
108,15,1,-0.743573056,0.131749585
109,15,1,-0.743571481,0.131749585
110,15,1,-0.743569907,0.131749585
111,15,1,-0.743568332,0.131749585
112,15,1,-0.743566757,0.131749585
113,15,1,-0.743565182,0.131749585
114,15,1,-0.743563607,0.131749585
115,15,1,-0.743562033,0.131749585
116,15,1,-0.743560458,0.131749585
117,15,1,-0.743558883,0.131749585
118,15,1,-0.743557308,0.131749585
119,15,1,-0.743555733,0.131749585
120,15,1,-0.743554159,0.131749585
121,15,1,-0.743552584,0.131749585
122,15,1,-0.743551009,0.131749585
123,15,1,-0.743549434,0.131749585
124,15,1,-0.743547859,0.131749585
125,15,1,-0.743546285,0.131749585
126,15,1,-0.743544710,0.131749585
127,15,1,-0.743543135,0.131749585
0,16,1,-0.743743135,0.131751160
1,16,1,-0.743741560,0.131751160
2,16,1,-0.743739985,0.131751160
3,16,1,-0.743738411,0.131751160
4,16,1,-0.743736836,0.131751160
5,16,1,-0.743735261,0.131751160
6,16,1,-0.743733686,0.131751160
7,16,1,-0.743732111,0.131751160
8,16,1,-0.743730537,0.131751160
9,16,1,-0.743728962,0.131751160
10,16,1,-0.743727387,0.131751160
11,16,1,-0.743725812,0.131751160
12,16,1,-0.743724237,0.131751160
13,16,1,-0.743722663,0.131751160
14,16,1,-0.743721088,0.131751160
15,16,1,-0.743719513,0.131751160
16,16,1,-0.743717938,0.131751160
17,16,1,-0.743716363,0.131751160
18,16,1,-0.743714789,0.131751160
19,16,1,-0.743713214,0.131751160
20,16,1,-0.743711639,0.131751160
21,16,1,-0.743710064,0.131751160
22,16,1,-0.743708489,0.131751160
23,16,1,-0.743706915,0.131751160
24,16,1,-0.743705340,0.131751160
25,16,1,-0.743703765,0.131751160
26,16,1,-0.743702190,0.131751160
27,16,1,-0.743700615,0.131751160
28,16,1,-0.743699041,0.131751160
29,16,1,-0.743697466,0.131751160
30,16,1,-0.743695891,0.131751160
31,16,1,-0.743694316,0.131751160
32,16,1,-0.743692741,0.131751160
33,16,1,-0.743691166,0.131751160
34,16,1,-0.743689592,0.131751160
35,16,1,-0.743688017,0.131751160
36,16,1,-0.743686442,0.131751160
37,16,1,-0.743684867,0.131751160
38,16,1,-0.743683292,0.131751160
39,16,1,-0.743681718,0.131751160
40,16,1,-0.743680143,0.131751160
41,16,1,-0.743678568,0.131751160
42,16,1,-0.743676993,0.131751160
43,16,1,-0.743675418,0.131751160
44,16,1,-0.743673844,0.131751160
45,16,1,-0.743672269,0.131751160
46,16,1,-0.743670694,0.131751160
47,16,1,-0.743669119,0.131751160
48,16,1,-0.743667544,0.131751160
49,16,1,-0.743665970,0.131751160
50,16,1,-0.743664395,0.131751160
51,16,1,-0.743662820,0.131751160
52,16,1,-0.743661245,0.131751160
53,16,1,-0.743659670,0.131751160
54,16,1,-0.743658096,0.131751160
55,16,1,-0.743656521,0.131751160
56,16,1,-0.743654946,0.131751160
57,16,1,-0.743653371,0.131751160
58,16,1,-0.743651796,0.131751160
59,16,1,-0.743650222,0.131751160
60,16,1,-0.743648647,0.131751160
61,16,1,-0.743647072,0.131751160
62,16,1,-0.743645497,0.131751160
63,16,1,-0.743643922,0.131751160
64,16,1,-0.743642348,0.131751160
65,16,1,-0.743640773,0.131751160
66,16,1,-0.743639198,0.131751160
67,16,1,-0.743637623,0.131751160
68,16,1,-0.743636048,0.131751160
69,16,1,-0.743634474,0.131751160
70,16,1,-0.743632899,0.131751160
71,16,1,-0.743631324,0.131751160
72,16,1,-0.743629749,0.131751160
73,16,1,-0.743628174,0.131751160
74,16,1,-0.743626600,0.131751160
75,16,1,-0.743625025,0.131751160
76,16,1,-0.743623450,0.131751160
77,16,1,-0.743621875,0.131751160
78,16,1,-0.743620300,0.131751160
79,16,1,-0.743618726,0.131751160
80,16,1,-0.743617151,0.131751160
81,16,1,-0.743615576,0.131751160
82,16,1,-0.743614001,0.131751160
83,16,1,-0.743612426,0.131751160
84,16,1,-0.743610852,0.131751160
85,16,1,-0.743609277,0.131751160
86,16,1,-0.743607702,0.131751160
87,16,1,-0.743606127,0.131751160
88,16,1,-0.743604552,0.131751160
89,16,1,-0.743602978,0.131751160
90,16,1,-0.743601403,0.131751160
91,16,1,-0.743599828,0.131751160
92,16,1,-0.743598253,0.131751160
93,16,1,-0.743596678,0.131751160
94,16,1,-0.743595104,0.131751160
95,16,1,-0.743593529,0.131751160
96,16,1,-0.743591954,0.131751160
97,16,1,-0.743590379,0.131751160
98,16,1,-0.743588804,0.131751160
99,16,1,-0.743587229,0.131751160
100,16,1,-0.743585655,0.131751160
101,16,1,-0.743584080,0.131751160
102,16,1,-0.743582505,0.131751160
103,16,1,-0.743580930,0.131751160
104,16,1,-0.743579355,0.131751160
105,16,1,-0.743577781,0.131751160
106,16,1,-0.743576206,0.131751160
107,16,1,-0.743574631,0.131751160
108,16,1,-0.743573056,0.131751160
109,16,1,-0.743571481,0.131751160
110,16,1,-0.743569907,0.131751160
111,16,1,-0.743568332,0.131751160
112,16,1,-0.743566757,0.131751160
113,16,1,-0.743565182,0.131751160
114,16,1,-0.743563607,0.131751160
115,16,1,-0.743562033,0.131751160
116,16,1,-0.743560458,0.131751160
117,16,1,-0.743558883,0.131751160
118,16,1,-0.743557308,0.131751160
119,16,1,-0.743555733,0.131751160
120,16,1,-0.743554159,0.131751160
121,16,1,-0.743552584,0.131751160
122,16,1,-0.743551009,0.131751160
123,16,1,-0.743549434,0.131751160
124,16,1,-0.743547859,0.131751160
125,16,1,-0.743546285,0.131751160
126,16,1,-0.743544710,0.131751160
127,16,1,-0.743543135,0.131751160
0,17,1,-0.743743135,0.131752735
1,17,1,-0.743741560,0.131752735
2,17,1,-0.743739985,0.131752735
3,17,1,-0.743738411,0.131752735
4,17,1,-0.743736836,0.131752735
5,17,1,-0.743735261,0.131752735
6,17,1,-0.743733686,0.131752735
7,17,1,-0.743732111,0.131752735
8,17,1,-0.743730537,0.131752735
9,17,1,-0.743728962,0.131752735
10,17,1,-0.743727387,0.131752735
11,17,1,-0.743725812,0.131752735
12,17,1,-0.743724237,0.131752735
13,17,1,-0.743722663,0.131752735
14,17,1,-0.743721088,0.131752735
15,17,1,-0.743719513,0.131752735
16,17,1,-0.743717938,0.131752735
17,17,1,-0.743716363,0.131752735
18,17,1,-0.743714789,0.131752735
19,17,1,-0.743713214,0.131752735
20,17,1,-0.743711639,0.131752735
21,17,1,-0.743710064,0.131752735
22,17,1,-0.743708489,0.131752735
23,17,1,-0.743706915,0.131752735
24,17,1,-0.743705340,0.131752735
25,17,1,-0.743703765,0.131752735
26,17,1,-0.743702190,0.131752735
27,17,1,-0.743700615,0.131752735
28,17,1,-0.743699041,0.131752735
29,17,1,-0.743697466,0.131752735
30,17,1,-0.743695891,0.131752735
31,17,1,-0.743694316,0.131752735
32,17,1,-0.743692741,0.131752735
33,17,1,-0.743691166,0.131752735
34,17,1,-0.743689592,0.131752735
35,17,1,-0.743688017,0.131752735
36,17,1,-0.743686442,0.131752735
37,17,1,-0.743684867,0.131752735
38,17,1,-0.743683292,0.131752735
39,17,1,-0.743681718,0.131752735
40,17,1,-0.743680143,0.131752735
41,17,1,-0.743678568,0.131752735
42,17,1,-0.743676993,0.131752735
43,17,1,-0.743675418,0.131752735
44,17,1,-0.743673844,0.131752735
45,17,1,-0.743672269,0.131752735
46,17,1,-0.743670694,0.131752735
47,17,1,-0.743669119,0.131752735
48,17,1,-0.743667544,0.131752735
49,17,1,-0.743665970,0.131752735
50,17,1,-0.743664395,0.131752735
51,17,1,-0.743662820,0.131752735
52,17,1,-0.743661245,0.131752735
53,17,1,-0.743659670,0.131752735
54,17,1,-0.743658096,0.131752735
55,17,1,-0.743656521,0.131752735
56,17,1,-0.743654946,0.131752735
57,17,1,-0.743653371,0.131752735
58,17,1,-0.743651796,0.131752735
59,17,1,-0.743650222,0.131752735
60,17,1,-0.743648647,0.131752735
61,17,1,-0.743647072,0.131752735
62,17,1,-0.743645497,0.131752735
63,17,1,-0.743643922,0.131752735
64,17,1,-0.743642348,0.131752735
65,17,1,-0.743640773,0.131752735
66,17,1,-0.743639198,0.131752735
67,17,1,-0.743637623,0.131752735
68,17,1,-0.743636048,0.131752735
69,17,1,-0.743634474,0.131752735
70,17,1,-0.743632899,0.131752735
71,17,1,-0.743631324,0.131752735
72,17,1,-0.743629749,0.131752735
73,17,1,-0.743628174,0.131752735
74,17,1,-0.743626600,0.131752735
75,17,1,-0.743625025,0.131752735
76,17,1,-0.743623450,0.131752735
77,17,1,-0.743621875,0.131752735
78,17,1,-0.743620300,0.131752735
79,17,1,-0.743618726,0.131752735
80,17,1,-0.743617151,0.131752735
81,17,1,-0.743615576,0.131752735
82,17,1,-0.743614001,0.131752735
83,17,1,-0.743612426,0.131752735
84,17,1,-0.743610852,0.131752735
85,17,1,-0.743609277,0.131752735
86,17,1,-0.743607702,0.131752735
87,17,1,-0.743606127,0.131752735
88,17,1,-0.743604552,0.131752735
89,17,1,-0.743602978,0.131752735
90,17,1,-0.743601403,0.131752735
91,17,1,-0.743599828,0.131752735
92,17,1,-0.743598253,0.131752735
93,17,1,-0.743596678,0.131752735
94,17,1,-0.743595104,0.131752735
95,17,1,-0.743593529,0.131752735
96,17,1,-0.743591954,0.131752735
97,17,1,-0.743590379,0.131752735
98,17,1,-0.743588804,0.131752735
99,17,1,-0.743587229,0.131752735
100,17,1,-0.743585655,0.131752735
101,17,1,-0.743584080,0.131752735
102,17,1,-0.743582505,0.131752735
103,17,1,-0.743580930,0.131752735
104,17,1,-0.743579355,0.131752735
105,17,1,-0.743577781,0.131752735
106,17,1,-0.743576206,0.131752735
107,17,1,-0.743574631,0.131752735
108,17,1,-0.743573056,0.131752735
109,17,1,-0.743571481,0.131752735
110,17,1,-0.743569907,0.131752735
111,17,1,-0.743568332,0.131752735
112,17,1,-0.743566757,0.131752735
113,17,1,-0.743565182,0.131752735
114,17,1,-0.743563607,0.131752735
115,17,1,-0.743562033,0.131752735
116,17,1,-0.743560458,0.131752735
117,17,1,-0.743558883,0.131752735
118,17,1,-0.743557308,0.131752735
119,17,1,-0.743555733,0.131752735
120,17,1,-0.743554159,0.131752735
121,17,1,-0.743552584,0.131752735
122,17,1,-0.743551009,0.131752735
123,17,1,-0.743549434,0.131752735
124,17,1,-0.743547859,0.131752735
125,17,1,-0.743546285,0.131752735
126,17,1,-0.743544710,0.131752735
127,17,1,-0.743543135,0.131752735
0,18,1,-0.743743135,0.131754309
1,18,1,-0.743741560,0.131754309
2,18,1,-0.743739985,0.131754309
3,18,1,-0.743738411,0.131754309
4,18,1,-0.743736836,0.131754309
5,18,1,-0.743735261,0.131754309
6,18,1,-0.743733686,0.131754309
7,18,1,-0.743732111,0.131754309
8,18,1,-0.743730537,0.131754309
9,18,1,-0.743728962,0.131754309
10,18,1,-0.743727387,0.131754309
11,18,1,-0.743725812,0.131754309
12,18,1,-0.743724237,0.131754309
13,18,1,-0.743722663,0.131754309
14,18,1,-0.743721088,0.131754309
15,18,1,-0.743719513,0.131754309
16,18,1,-0.743717938,0.131754309
17,18,1,-0.743716363,0.131754309
18,18,1,-0.743714789,0.131754309
19,18,1,-0.743713214,0.131754309
20,18,1,-0.743711639,0.131754309
21,18,1,-0.743710064,0.131754309
22,18,1,-0.743708489,0.131754309
23,18,1,-0.743706915,0.131754309
24,18,1,-0.743705340,0.131754309
25,18,1,-0.743703765,0.131754309
26,18,1,-0.743702190,0.131754309
27,18,1,-0.743700615,0.131754309
28,18,1,-0.743699041,0.131754309
29,18,1,-0.743697466,0.131754309
30,18,1,-0.743695891,0.131754309
31,18,1,-0.743694316,0.131754309
32,18,1,-0.743692741,0.131754309
33,18,1,-0.743691166,0.131754309
34,18,1,-0.743689592,0.131754309
35,18,1,-0.743688017,0.131754309
36,18,1,-0.743686442,0.131754309
37,18,1,-0.743684867,0.131754309
38,18,1,-0.743683292,0.131754309
39,18,1,-0.743681718,0.131754309
40,18,1,-0.743680143,0.131754309
41,18,1,-0.743678568,0.131754309
42,18,1,-0.743676993,0.131754309
43,18,1,-0.743675418,0.131754309
44,18,1,-0.743673844,0.131754309
45,18,1,-0.743672269,0.131754309
46,18,1,-0.743670694,0.131754309
47,18,1,-0.743669119,0.131754309
48,18,1,-0.743667544,0.131754309
49,18,1,-0.743665970,0.131754309
50,18,1,-0.743664395,0.131754309
51,18,1,-0.743662820,0.131754309
52,18,1,-0.743661245,0.131754309
53,18,1,-0.743659670,0.131754309
54,18,1,-0.743658096,0.131754309
55,18,1,-0.743656521,0.131754309
56,18,1,-0.743654946,0.131754309
57,18,1,-0.743653371,0.131754309
58,18,1,-0.743651796,0.131754309
59,18,1,-0.743650222,0.131754309
60,18,1,-0.743648647,0.131754309
61,18,1,-0.743647072,0.131754309
62,18,1,-0.743645497,0.131754309
63,18,1,-0.743643922,0.131754309
64,18,1,-0.743642348,0.131754309
65,18,1,-0.743640773,0.131754309
66,18,1,-0.743639198,0.131754309
67,18,1,-0.743637623,0.131754309
68,18,1,-0.743636048,0.131754309
69,18,1,-0.743634474,0.131754309
70,18,1,-0.743632899,0.131754309
71,18,1,-0.743631324,0.131754309
72,18,1,-0.743629749,0.131754309
73,18,1,-0.743628174,0.131754309
74,18,1,-0.743626600,0.131754309
75,18,1,-0.743625025,0.131754309
76,18,1,-0.743623450,0.131754309
77,18,1,-0.743621875,0.131754309
78,18,1,-0.743620300,0.131754309
79,18,1,-0.743618726,0.131754309
80,18,1,-0.743617151,0.131754309
81,18,1,-0.743615576,0.131754309
82,18,1,-0.743614001,0.131754309
83,18,1,-0.743612426,0.131754309
84,18,1,-0.743610852,0.131754309
85,18,1,-0.743609277,0.131754309
86,18,1,-0.743607702,0.131754309
87,18,1,-0.743606127,0.131754309
88,18,1,-0.743604552,0.131754309
89,18,1,-0.743602978,0.131754309
90,18,1,-0.743601403,0.131754309
91,18,1,-0.743599828,0.131754309
92,18,1,-0.743598253,0.131754309
93,18,1,-0.743596678,0.131754309
94,18,1,-0.743595104,0.131754309
95,18,1,-0.743593529,0.131754309
96,18,1,-0.743591954,0.131754309
97,18,1,-0.743590379,0.131754309
98,18,1,-0.743588804,0.131754309
99,18,1,-0.743587229,0.131754309
100,18,1,-0.743585655,0.131754309
101,18,1,-0.743584080,0.131754309
102,18,1,-0.743582505,0.131754309
103,18,1,-0.743580930,0.131754309
104,18,1,-0.743579355,0.131754309
105,18,1,-0.743577781,0.131754309
106,18,1,-0.743576206,0.131754309
107,18,1,-0.743574631,0.131754309
108,18,1,-0.743573056,0.131754309
109,18,1,-0.743571481,0.131754309
110,18,1,-0.743569907,0.131754309
111,18,1,-0.743568332,0.131754309
112,18,1,-0.743566757,0.131754309
113,18,1,-0.743565182,0.131754309
114,18,1,-0.743563607,0.131754309
115,18,1,-0.743562033,0.131754309
116,18,1,-0.743560458,0.131754309
117,18,1,-0.743558883,0.131754309
118,18,1,-0.743557308,0.131754309
119,18,1,-0.743555733,0.131754309
120,18,1,-0.743554159,0.131754309
121,18,1,-0.743552584,0.131754309
122,18,1,-0.743551009,0.131754309
123,18,1,-0.743549434,0.131754309
124,18,1,-0.743547859,0.131754309
125,18,1,-0.743546285,0.131754309
126,18,1,-0.743544710,0.131754309
127,18,1,-0.743543135,0.131754309
0,19,1,-0.743743135,0.131755884
1,19,1,-0.743741560,0.131755884
2,19,1,-0.743739985,0.131755884
3,19,1,-0.743738411,0.131755884
4,19,1,-0.743736836,0.131755884
5,19,1,-0.743735261,0.131755884
6,19,1,-0.743733686,0.131755884
7,19,1,-0.743732111,0.131755884
8,19,1,-0.743730537,0.131755884
9,19,1,-0.743728962,0.131755884
10,19,1,-0.743727387,0.131755884
11,19,1,-0.743725812,0.131755884
12,19,1,-0.743724237,0.131755884
13,19,1,-0.743722663,0.131755884
14,19,1,-0.743721088,0.131755884
15,19,1,-0.743719513,0.131755884
16,19,1,-0.743717938,0.131755884
17,19,1,-0.743716363,0.131755884
18,19,1,-0.743714789,0.131755884
19,19,1,-0.743713214,0.131755884
20,19,1,-0.743711639,0.131755884
21,19,1,-0.743710064,0.131755884
22,19,1,-0.743708489,0.131755884
23,19,1,-0.743706915,0.131755884
24,19,1,-0.743705340,0.131755884
25,19,1,-0.743703765,0.131755884
26,19,1,-0.743702190,0.131755884
27,19,1,-0.743700615,0.131755884
28,19,1,-0.743699041,0.131755884
29,19,1,-0.743697466,0.131755884
30,19,1,-0.743695891,0.131755884
31,19,1,-0.743694316,0.131755884
32,19,1,-0.743692741,0.131755884
33,19,1,-0.743691166,0.131755884
34,19,1,-0.743689592,0.131755884
35,19,1,-0.743688017,0.131755884
36,19,1,-0.743686442,0.131755884
37,19,1,-0.743684867,0.131755884
38,19,1,-0.743683292,0.131755884
39,19,1,-0.743681718,0.131755884
40,19,1,-0.743680143,0.131755884
41,19,1,-0.743678568,0.131755884
42,19,1,-0.743676993,0.131755884
43,19,1,-0.743675418,0.131755884
44,19,1,-0.743673844,0.131755884
45,19,1,-0.743672269,0.131755884
46,19,1,-0.743670694,0.131755884
47,19,1,-0.743669119,0.131755884
48,19,1,-0.743667544,0.131755884
49,19,1,-0.743665970,0.131755884
50,19,1,-0.743664395,0.131755884
51,19,1,-0.743662820,0.131755884
52,19,1,-0.743661245,0.131755884
53,19,1,-0.743659670,0.131755884
54,19,1,-0.743658096,0.131755884
55,19,1,-0.743656521,0.131755884
56,19,1,-0.743654946,0.131755884
57,19,1,-0.743653371,0.131755884
58,19,1,-0.743651796,0.131755884
59,19,1,-0.743650222,0.131755884
60,19,1,-0.743648647,0.131755884
61,19,1,-0.743647072,0.131755884
62,19,1,-0.743645497,0.131755884
63,19,1,-0.743643922,0.131755884
64,19,1,-0.743642348,0.131755884
65,19,1,-0.743640773,0.131755884
66,19,1,-0.743639198,0.131755884
67,19,1,-0.743637623,0.131755884
68,19,1,-0.743636048,0.131755884
69,19,1,-0.743634474,0.131755884
70,19,1,-0.743632899,0.131755884
71,19,1,-0.743631324,0.131755884
72,19,1,-0.743629749,0.131755884
73,19,1,-0.743628174,0.131755884
74,19,1,-0.743626600,0.131755884
75,19,1,-0.743625025,0.131755884
76,19,1,-0.743623450,0.131755884
77,19,1,-0.743621875,0.131755884
78,19,1,-0.743620300,0.131755884
79,19,1,-0.743618726,0.131755884
80,19,1,-0.743617151,0.131755884
81,19,1,-0.743615576,0.131755884
82,19,1,-0.743614001,0.131755884
83,19,1,-0.743612426,0.131755884
84,19,1,-0.743610852,0.131755884
85,19,1,-0.743609277,0.131755884
86,19,1,-0.743607702,0.131755884
87,19,1,-0.743606127,0.131755884
88,19,1,-0.743604552,0.131755884
89,19,1,-0.743602978,0.131755884
90,19,1,-0.743601403,0.131755884
91,19,1,-0.743599828,0.131755884
92,19,1,-0.743598253,0.131755884
93,19,1,-0.743596678,0.131755884
94,19,1,-0.743595104,0.131755884
95,19,1,-0.743593529,0.131755884
96,19,1,-0.743591954,0.131755884
97,19,1,-0.743590379,0.131755884
98,19,1,-0.743588804,0.131755884
99,19,1,-0.743587229,0.131755884
100,19,1,-0.743585655,0.131755884
101,19,1,-0.743584080,0.131755884
102,19,1,-0.743582505,0.131755884
103,19,1,-0.743580930,0.131755884
104,19,1,-0.743579355,0.131755884
105,19,1,-0.743577781,0.131755884
106,19,1,-0.743576206,0.131755884
107,19,1,-0.743574631,0.131755884
108,19,1,-0.743573056,0.131755884
109,19,1,-0.743571481,0.131755884
110,19,1,-0.743569907,0.131755884
111,19,1,-0.743568332,0.131755884
112,19,1,-0.743566757,0.131755884
113,19,1,-0.743565182,0.131755884
114,19,1,-0.743563607,0.131755884
115,19,1,-0.743562033,0.131755884
116,19,1,-0.743560458,0.131755884
117,19,1,-0.743558883,0.131755884
118,19,1,-0.743557308,0.131755884
119,19,1,-0.743555733,0.131755884
120,19,1,-0.743554159,0.131755884
121,19,1,-0.743552584,0.131755884
122,19,1,-0.743551009,0.131755884
123,19,1,-0.743549434,0.131755884
124,19,1,-0.743547859,0.131755884
125,19,1,-0.743546285,0.131755884
126,19,1,-0.743544710,0.131755884
127,19,1,-0.743543135,0.131755884
0,20,1,-0.743743135,0.131757459
1,20,1,-0.743741560,0.131757459
2,20,1,-0.743739985,0.131757459
3,20,1,-0.743738411,0.131757459
4,20,1,-0.743736836,0.131757459
5,20,1,-0.743735261,0.131757459
6,20,1,-0.743733686,0.131757459
7,20,1,-0.743732111,0.131757459
8,20,1,-0.743730537,0.131757459
9,20,1,-0.743728962,0.131757459
10,20,1,-0.743727387,0.131757459
11,20,1,-0.743725812,0.131757459
12,20,1,-0.743724237,0.131757459
13,20,1,-0.743722663,0.131757459
14,20,1,-0.743721088,0.131757459
15,20,1,-0.743719513,0.131757459
16,20,1,-0.743717938,0.131757459
17,20,1,-0.743716363,0.131757459
18,20,1,-0.743714789,0.131757459
19,20,1,-0.743713214,0.131757459
20,20,1,-0.743711639,0.131757459
21,20,1,-0.743710064,0.131757459
22,20,1,-0.743708489,0.131757459
23,20,1,-0.743706915,0.131757459
24,20,1,-0.743705340,0.131757459
25,20,1,-0.743703765,0.131757459
26,20,1,-0.743702190,0.131757459
27,20,1,-0.743700615,0.131757459
28,20,1,-0.743699041,0.131757459
29,20,1,-0.743697466,0.131757459
30,20,1,-0.743695891,0.131757459
31,20,1,-0.743694316,0.131757459
32,20,1,-0.743692741,0.131757459
33,20,1,-0.743691166,0.131757459
34,20,1,-0.743689592,0.131757459
35,20,1,-0.743688017,0.131757459
36,20,1,-0.743686442,0.131757459
37,20,1,-0.743684867,0.131757459
38,20,1,-0.743683292,0.131757459
39,20,1,-0.743681718,0.131757459
40,20,1,-0.743680143,0.131757459
41,20,1,-0.743678568,0.131757459
42,20,1,-0.743676993,0.131757459
43,20,1,-0.743675418,0.131757459
44,20,1,-0.743673844,0.131757459
45,20,1,-0.743672269,0.131757459
46,20,1,-0.743670694,0.131757459
47,20,1,-0.743669119,0.131757459
48,20,1,-0.743667544,0.131757459
49,20,1,-0.743665970,0.131757459
50,20,1,-0.743664395,0.131757459
51,20,1,-0.743662820,0.131757459
52,20,1,-0.743661245,0.131757459
53,20,1,-0.743659670,0.131757459
54,20,1,-0.743658096,0.131757459
55,20,1,-0.743656521,0.131757459
56,20,1,-0.743654946,0.131757459
57,20,1,-0.743653371,0.131757459
58,20,1,-0.743651796,0.131757459
59,20,1,-0.743650222,0.131757459
60,20,1,-0.743648647,0.131757459
61,20,1,-0.743647072,0.131757459
62,20,1,-0.743645497,0.131757459
63,20,1,-0.743643922,0.131757459
64,20,1,-0.743642348,0.131757459
65,20,1,-0.743640773,0.131757459
66,20,1,-0.743639198,0.131757459
67,20,1,-0.743637623,0.131757459
68,20,1,-0.743636048,0.131757459
69,20,1,-0.743634474,0.131757459
70,20,1,-0.743632899,0.131757459
71,20,1,-0.743631324,0.131757459
72,20,1,-0.743629749,0.131757459
73,20,1,-0.743628174,0.131757459
74,20,1,-0.743626600,0.131757459
75,20,1,-0.743625025,0.131757459
76,20,1,-0.743623450,0.131757459
77,20,1,-0.743621875,0.131757459
78,20,1,-0.743620300,0.131757459
79,20,1,-0.743618726,0.131757459
80,20,1,-0.743617151,0.131757459
81,20,1,-0.743615576,0.131757459
82,20,1,-0.743614001,0.131757459
83,20,1,-0.743612426,0.131757459
84,20,1,-0.743610852,0.131757459
85,20,1,-0.743609277,0.131757459
86,20,1,-0.743607702,0.131757459
87,20,1,-0.743606127,0.131757459
88,20,1,-0.743604552,0.131757459
89,20,1,-0.743602978,0.131757459
90,20,1,-0.743601403,0.131757459
91,20,1,-0.743599828,0.131757459
92,20,1,-0.743598253,0.131757459
93,20,1,-0.743596678,0.131757459
94,20,1,-0.743595104,0.131757459
95,20,1,-0.743593529,0.131757459
96,20,1,-0.743591954,0.131757459
97,20,1,-0.743590379,0.131757459
98,20,1,-0.743588804,0.131757459
99,20,1,-0.743587229,0.131757459
100,20,1,-0.743585655,0.131757459
101,20,1,-0.743584080,0.131757459
102,20,1,-0.743582505,0.131757459
103,20,1,-0.743580930,0.131757459
104,20,1,-0.743579355,0.131757459
105,20,1,-0.743577781,0.131757459
106,20,1,-0.743576206,0.131757459
107,20,1,-0.743574631,0.131757459
108,20,1,-0.743573056,0.131757459
109,20,1,-0.743571481,0.131757459
110,20,1,-0.743569907,0.131757459
111,20,1,-0.743568332,0.131757459
112,20,1,-0.743566757,0.131757459
113,20,1,-0.743565182,0.131757459
114,20,1,-0.743563607,0.131757459
115,20,1,-0.743562033,0.131757459
116,20,1,-0.743560458,0.131757459
117,20,1,-0.743558883,0.131757459
118,20,1,-0.743557308,0.131757459
119,20,1,-0.743555733,0.131757459
120,20,1,-0.743554159,0.131757459
121,20,1,-0.743552584,0.131757459
122,20,1,-0.743551009,0.131757459
123,20,1,-0.743549434,0.131757459
124,20,1,-0.743547859,0.131757459
125,20,1,-0.743546285,0.131757459
126,20,1,-0.743544710,0.131757459
127,20,1,-0.743543135,0.131757459
0,21,1,-0.743743135,0.131759034
1,21,1,-0.743741560,0.131759034
2,21,1,-0.743739985,0.131759034
3,21,1,-0.743738411,0.131759034
4,21,1,-0.743736836,0.131759034
5,21,1,-0.743735261,0.131759034
6,21,1,-0.743733686,0.131759034
7,21,1,-0.743732111,0.131759034
8,21,1,-0.743730537,0.131759034
9,21,1,-0.743728962,0.131759034
10,21,1,-0.743727387,0.131759034
11,21,1,-0.743725812,0.131759034
12,21,1,-0.743724237,0.131759034
13,21,1,-0.743722663,0.131759034
14,21,1,-0.743721088,0.131759034
15,21,1,-0.743719513,0.131759034
16,21,1,-0.743717938,0.131759034
17,21,1,-0.743716363,0.131759034
18,21,1,-0.743714789,0.131759034
19,21,1,-0.743713214,0.131759034
20,21,1,-0.743711639,0.131759034
21,21,1,-0.743710064,0.131759034
22,21,1,-0.743708489,0.131759034
23,21,1,-0.743706915,0.131759034
24,21,1,-0.743705340,0.131759034
25,21,1,-0.743703765,0.131759034
26,21,1,-0.743702190,0.131759034
27,21,1,-0.743700615,0.131759034
28,21,1,-0.743699041,0.131759034
29,21,1,-0.743697466,0.131759034
30,21,1,-0.743695891,0.131759034
31,21,1,-0.743694316,0.131759034
32,21,1,-0.743692741,0.131759034
33,21,1,-0.743691166,0.131759034
34,21,1,-0.743689592,0.131759034
35,21,1,-0.743688017,0.131759034
36,21,1,-0.743686442,0.131759034
37,21,1,-0.743684867,0.131759034
38,21,1,-0.743683292,0.131759034
39,21,1,-0.743681718,0.131759034
40,21,1,-0.743680143,0.131759034
41,21,1,-0.743678568,0.131759034
42,21,1,-0.743676993,0.131759034
43,21,1,-0.743675418,0.131759034
44,21,1,-0.743673844,0.131759034
45,21,1,-0.743672269,0.131759034
46,21,1,-0.743670694,0.131759034
47,21,1,-0.743669119,0.131759034
48,21,1,-0.743667544,0.131759034
49,21,1,-0.743665970,0.131759034
50,21,1,-0.743664395,0.131759034
51,21,1,-0.743662820,0.131759034
52,21,1,-0.743661245,0.131759034
53,21,1,-0.743659670,0.131759034
54,21,1,-0.743658096,0.131759034
55,21,1,-0.743656521,0.131759034
56,21,1,-0.743654946,0.131759034
57,21,1,-0.743653371,0.131759034
58,21,1,-0.743651796,0.131759034
59,21,1,-0.743650222,0.131759034
60,21,1,-0.743648647,0.131759034
61,21,1,-0.743647072,0.131759034
62,21,1,-0.743645497,0.131759034
63,21,1,-0.743643922,0.131759034
64,21,1,-0.743642348,0.131759034
65,21,1,-0.743640773,0.131759034
66,21,1,-0.743639198,0.131759034
67,21,1,-0.743637623,0.131759034
68,21,1,-0.743636048,0.131759034
69,21,1,-0.743634474,0.131759034
70,21,1,-0.743632899,0.131759034
71,21,1,-0.743631324,0.131759034
72,21,1,-0.743629749,0.131759034
73,21,1,-0.743628174,0.131759034
74,21,1,-0.743626600,0.131759034
75,21,1,-0.743625025,0.131759034
76,21,1,-0.743623450,0.131759034
77,21,1,-0.743621875,0.131759034
78,21,1,-0.743620300,0.131759034
79,21,1,-0.743618726,0.131759034
80,21,1,-0.743617151,0.131759034
81,21,1,-0.743615576,0.131759034
82,21,1,-0.743614001,0.131759034
83,21,1,-0.743612426,0.131759034
84,21,1,-0.743610852,0.131759034
85,21,1,-0.743609277,0.131759034
86,21,1,-0.743607702,0.131759034
87,21,1,-0.743606127,0.131759034
88,21,1,-0.743604552,0.131759034
89,21,1,-0.743602978,0.131759034
90,21,1,-0.743601403,0.131759034
91,21,1,-0.743599828,0.131759034
92,21,1,-0.743598253,0.131759034
93,21,1,-0.743596678,0.131759034
94,21,1,-0.743595104,0.131759034
95,21,1,-0.743593529,0.131759034
96,21,1,-0.743591954,0.131759034
97,21,1,-0.743590379,0.131759034
98,21,1,-0.743588804,0.131759034
99,21,1,-0.743587229,0.131759034
100,21,1,-0.743585655,0.131759034
101,21,1,-0.743584080,0.131759034
102,21,1,-0.743582505,0.131759034
103,21,1,-0.743580930,0.131759034
104,21,1,-0.743579355,0.131759034
105,21,1,-0.743577781,0.131759034
106,21,1,-0.743576206,0.131759034
107,21,1,-0.743574631,0.131759034
108,21,1,-0.743573056,0.131759034
109,21,1,-0.743571481,0.131759034
110,21,1,-0.743569907,0.131759034
111,21,1,-0.743568332,0.131759034
112,21,1,-0.743566757,0.131759034
113,21,1,-0.743565182,0.131759034
114,21,1,-0.743563607,0.131759034
115,21,1,-0.743562033,0.131759034
116,21,1,-0.743560458,0.131759034
117,21,1,-0.743558883,0.131759034
118,21,1,-0.743557308,0.131759034
119,21,1,-0.743555733,0.131759034
120,21,1,-0.743554159,0.131759034
121,21,1,-0.743552584,0.131759034
122,21,1,-0.743551009,0.131759034
123,21,1,-0.743549434,0.131759034
124,21,1,-0.743547859,0.131759034
125,21,1,-0.743546285,0.131759034
126,21,1,-0.743544710,0.131759034
127,21,1,-0.743543135,0.131759034
0,22,1,-0.743743135,0.131760609
1,22,1,-0.743741560,0.131760609
2,22,1,-0.743739985,0.131760609
3,22,1,-0.743738411,0.131760609
4,22,1,-0.743736836,0.131760609
5,22,1,-0.743735261,0.131760609
6,22,1,-0.743733686,0.131760609
7,22,1,-0.743732111,0.131760609
8,22,1,-0.743730537,0.131760609
9,22,1,-0.743728962,0.131760609
10,22,1,-0.743727387,0.131760609
11,22,1,-0.743725812,0.131760609
12,22,1,-0.743724237,0.131760609
13,22,1,-0.743722663,0.131760609
14,22,1,-0.743721088,0.131760609
15,22,1,-0.743719513,0.131760609
16,22,1,-0.743717938,0.131760609
17,22,1,-0.743716363,0.131760609
18,22,1,-0.743714789,0.131760609
19,22,1,-0.743713214,0.131760609
20,22,1,-0.743711639,0.131760609
21,22,1,-0.743710064,0.131760609
22,22,1,-0.743708489,0.131760609
23,22,1,-0.743706915,0.131760609
24,22,1,-0.743705340,0.131760609
25,22,1,-0.743703765,0.131760609
26,22,1,-0.743702190,0.131760609
27,22,1,-0.743700615,0.131760609
28,22,1,-0.743699041,0.131760609
29,22,1,-0.743697466,0.131760609
30,22,1,-0.743695891,0.131760609
31,22,1,-0.743694316,0.131760609
32,22,1,-0.743692741,0.131760609
33,22,1,-0.743691166,0.131760609
34,22,1,-0.743689592,0.131760609
35,22,1,-0.743688017,0.131760609
36,22,1,-0.743686442,0.131760609
37,22,1,-0.743684867,0.131760609
38,22,1,-0.743683292,0.131760609
39,22,1,-0.743681718,0.131760609
40,22,1,-0.743680143,0.131760609
41,22,1,-0.743678568,0.131760609
42,22,1,-0.743676993,0.131760609
43,22,1,-0.743675418,0.131760609
44,22,1,-0.743673844,0.131760609
45,22,1,-0.743672269,0.131760609
46,22,1,-0.743670694,0.131760609
47,22,1,-0.743669119,0.131760609
48,22,1,-0.743667544,0.131760609
49,22,1,-0.743665970,0.131760609
50,22,1,-0.743664395,0.131760609
51,22,1,-0.743662820,0.131760609
52,22,1,-0.743661245,0.131760609
53,22,1,-0.743659670,0.131760609
54,22,1,-0.743658096,0.131760609
55,22,1,-0.743656521,0.131760609
56,22,1,-0.743654946,0.131760609
57,22,1,-0.743653371,0.131760609
58,22,1,-0.743651796,0.131760609
59,22,1,-0.743650222,0.131760609
60,22,1,-0.743648647,0.131760609
61,22,1,-0.743647072,0.131760609
62,22,1,-0.743645497,0.131760609
63,22,1,-0.743643922,0.131760609
64,22,1,-0.743642348,0.131760609
65,22,1,-0.743640773,0.131760609
66,22,1,-0.743639198,0.131760609
67,22,1,-0.743637623,0.131760609
68,22,1,-0.743636048,0.131760609
69,22,1,-0.743634474,0.131760609
70,22,1,-0.743632899,0.131760609
71,22,1,-0.743631324,0.131760609
72,22,1,-0.743629749,0.131760609
73,22,1,-0.743628174,0.131760609
74,22,1,-0.743626600,0.131760609
75,22,1,-0.743625025,0.131760609
76,22,1,-0.743623450,0.131760609
77,22,1,-0.743621875,0.131760609
78,22,1,-0.743620300,0.131760609
79,22,1,-0.743618726,0.131760609
80,22,1,-0.743617151,0.131760609
81,22,1,-0.743615576,0.131760609
82,22,1,-0.743614001,0.131760609
83,22,1,-0.743612426,0.131760609
84,22,1,-0.743610852,0.131760609
85,22,1,-0.743609277,0.131760609
86,22,1,-0.743607702,0.131760609
87,22,1,-0.743606127,0.131760609
88,22,1,-0.743604552,0.131760609
89,22,1,-0.743602978,0.131760609
90,22,1,-0.743601403,0.131760609
91,22,1,-0.743599828,0.131760609
92,22,1,-0.743598253,0.131760609
93,22,1,-0.743596678,0.131760609
94,22,1,-0.743595104,0.131760609
95,22,1,-0.743593529,0.131760609
96,22,1,-0.743591954,0.131760609
97,22,1,-0.743590379,0.131760609
98,22,1,-0.743588804,0.131760609
99,22,1,-0.743587229,0.131760609
100,22,1,-0.743585655,0.131760609
101,22,1,-0.743584080,0.131760609
102,22,1,-0.743582505,0.131760609
103,22,1,-0.743580930,0.131760609
104,22,1,-0.743579355,0.131760609
105,22,1,-0.743577781,0.131760609
106,22,1,-0.743576206,0.131760609
107,22,1,-0.743574631,0.131760609
108,22,1,-0.743573056,0.131760609
109,22,1,-0.743571481,0.131760609
110,22,1,-0.743569907,0.131760609
111,22,1,-0.743568332,0.131760609
112,22,1,-0.743566757,0.131760609
113,22,1,-0.743565182,0.131760609
114,22,1,-0.743563607,0.131760609
115,22,1,-0.743562033,0.131760609
116,22,1,-0.743560458,0.131760609
117,22,1,-0.743558883,0.131760609
118,22,1,-0.743557308,0.131760609
119,22,1,-0.743555733,0.131760609
120,22,1,-0.743554159,0.131760609
121,22,1,-0.743552584,0.131760609
122,22,1,-0.743551009,0.131760609
123,22,1,-0.743549434,0.131760609
124,22,1,-0.743547859,0.131760609
125,22,1,-0.743546285,0.131760609
126,22,1,-0.743544710,0.131760609
127,22,1,-0.743543135,0.131760609
0,23,1,-0.743743135,0.131762183
1,23,1,-0.743741560,0.131762183
2,23,1,-0.743739985,0.131762183
3,23,1,-0.743738411,0.131762183
4,23,1,-0.743736836,0.131762183
5,23,1,-0.743735261,0.131762183
6,23,1,-0.743733686,0.131762183
7,23,1,-0.743732111,0.131762183
8,23,1,-0.743730537,0.131762183
9,23,1,-0.743728962,0.131762183
10,23,1,-0.743727387,0.131762183
11,23,1,-0.743725812,0.131762183
12,23,1,-0.743724237,0.131762183
13,23,1,-0.743722663,0.131762183
14,23,1,-0.743721088,0.131762183
15,23,1,-0.743719513,0.131762183
16,23,1,-0.743717938,0.131762183
17,23,1,-0.743716363,0.131762183
18,23,1,-0.743714789,0.131762183
19,23,1,-0.743713214,0.131762183
20,23,1,-0.743711639,0.131762183
21,23,1,-0.743710064,0.131762183
22,23,1,-0.743708489,0.131762183
23,23,1,-0.743706915,0.131762183
24,23,1,-0.743705340,0.131762183
25,23,1,-0.743703765,0.131762183
26,23,1,-0.743702190,0.131762183
27,23,1,-0.743700615,0.131762183
28,23,1,-0.743699041,0.131762183
29,23,1,-0.743697466,0.131762183
30,23,1,-0.743695891,0.131762183
31,23,1,-0.743694316,0.131762183
32,23,1,-0.743692741,0.131762183
33,23,1,-0.743691166,0.131762183
34,23,1,-0.743689592,0.131762183
35,23,1,-0.743688017,0.131762183
36,23,1,-0.743686442,0.131762183
37,23,1,-0.743684867,0.131762183
38,23,1,-0.743683292,0.131762183
39,23,1,-0.743681718,0.131762183
40,23,1,-0.743680143,0.131762183
41,23,1,-0.743678568,0.131762183
42,23,1,-0.743676993,0.131762183
43,23,1,-0.743675418,0.131762183
44,23,1,-0.743673844,0.131762183
45,23,1,-0.743672269,0.131762183
46,23,1,-0.743670694,0.131762183
47,23,1,-0.743669119,0.131762183
48,23,1,-0.743667544,0.131762183
49,23,1,-0.743665970,0.131762183
50,23,1,-0.743664395,0.131762183
51,23,1,-0.743662820,0.131762183
52,23,1,-0.743661245,0.131762183
53,23,1,-0.743659670,0.131762183
54,23,1,-0.743658096,0.131762183
55,23,1,-0.743656521,0.131762183
56,23,1,-0.743654946,0.131762183
57,23,1,-0.743653371,0.131762183
58,23,1,-0.743651796,0.131762183
59,23,1,-0.743650222,0.131762183
60,23,1,-0.743648647,0.131762183
61,23,1,-0.743647072,0.131762183
62,23,1,-0.743645497,0.131762183
63,23,1,-0.743643922,0.131762183
64,23,1,-0.743642348,0.131762183
65,23,1,-0.743640773,0.131762183
66,23,1,-0.743639198,0.131762183
67,23,1,-0.743637623,0.131762183
68,23,1,-0.743636048,0.131762183
69,23,1,-0.743634474,0.131762183
70,23,1,-0.743632899,0.131762183
71,23,1,-0.743631324,0.131762183
72,23,1,-0.743629749,0.131762183
73,23,1,-0.743628174,0.131762183
74,23,1,-0.743626600,0.131762183
75,23,1,-0.743625025,0.131762183
76,23,1,-0.743623450,0.131762183
77,23,1,-0.743621875,0.131762183
78,23,1,-0.743620300,0.131762183
79,23,1,-0.743618726,0.131762183
80,23,1,-0.743617151,0.131762183
81,23,1,-0.743615576,0.131762183
82,23,1,-0.743614001,0.131762183
83,23,1,-0.743612426,0.131762183
84,23,1,-0.743610852,0.131762183
85,23,1,-0.743609277,0.131762183
86,23,1,-0.743607702,0.131762183
87,23,1,-0.743606127,0.131762183
88,23,1,-0.743604552,0.131762183
89,23,1,-0.743602978,0.131762183
90,23,1,-0.743601403,0.131762183
91,23,1,-0.743599828,0.131762183
92,23,1,-0.743598253,0.131762183
93,23,1,-0.743596678,0.131762183
94,23,1,-0.743595104,0.131762183
95,23,1,-0.743593529,0.131762183
96,23,1,-0.743591954,0.131762183
97,23,1,-0.743590379,0.131762183
98,23,1,-0.743588804,0.131762183
99,23,1,-0.743587229,0.131762183
100,23,1,-0.743585655,0.131762183
101,23,1,-0.743584080,0.131762183
102,23,1,-0.743582505,0.131762183
103,23,1,-0.743580930,0.131762183
104,23,1,-0.743579355,0.131762183
105,23,1,-0.743577781,0.131762183
106,23,1,-0.743576206,0.131762183
107,23,1,-0.743574631,0.131762183
108,23,1,-0.743573056,0.131762183
109,23,1,-0.743571481,0.131762183
110,23,1,-0.743569907,0.131762183
111,23,1,-0.743568332,0.131762183
112,23,1,-0.743566757,0.131762183
113,23,1,-0.743565182,0.131762183
114,23,1,-0.743563607,0.131762183
115,23,1,-0.743562033,0.131762183
116,23,1,-0.743560458,0.131762183
117,23,1,-0.743558883,0.131762183
118,23,1,-0.743557308,0.131762183
119,23,1,-0.743555733,0.131762183
120,23,1,-0.743554159,0.131762183
121,23,1,-0.743552584,0.131762183
122,23,1,-0.743551009,0.131762183
123,23,1,-0.743549434,0.131762183
124,23,1,-0.743547859,0.131762183
125,23,1,-0.743546285,0.131762183
126,23,1,-0.743544710,0.131762183
127,23,1,-0.743543135,0.131762183
0,24,1,-0.743743135,0.131763758
1,24,1,-0.743741560,0.131763758
2,24,1,-0.743739985,0.131763758
3,24,1,-0.743738411,0.131763758
4,24,1,-0.743736836,0.131763758
5,24,1,-0.743735261,0.131763758
6,24,1,-0.743733686,0.131763758
7,24,1,-0.743732111,0.131763758
8,24,1,-0.743730537,0.131763758
9,24,1,-0.743728962,0.131763758
10,24,1,-0.743727387,0.131763758
11,24,1,-0.743725812,0.131763758
12,24,1,-0.743724237,0.131763758
13,24,1,-0.743722663,0.131763758
14,24,1,-0.743721088,0.131763758
15,24,1,-0.743719513,0.131763758
16,24,1,-0.743717938,0.131763758
17,24,1,-0.743716363,0.131763758
18,24,1,-0.743714789,0.131763758
19,24,1,-0.743713214,0.131763758
20,24,1,-0.743711639,0.131763758
21,24,1,-0.743710064,0.131763758
22,24,1,-0.743708489,0.131763758
23,24,1,-0.743706915,0.131763758
24,24,1,-0.743705340,0.131763758
25,24,1,-0.743703765,0.131763758
26,24,1,-0.743702190,0.131763758
27,24,1,-0.743700615,0.131763758
28,24,1,-0.743699041,0.131763758
29,24,1,-0.743697466,0.131763758
30,24,1,-0.743695891,0.131763758
31,24,1,-0.743694316,0.131763758
32,24,1,-0.743692741,0.131763758
33,24,1,-0.743691166,0.131763758
34,24,1,-0.743689592,0.131763758
35,24,1,-0.743688017,0.131763758
36,24,1,-0.743686442,0.131763758
37,24,1,-0.743684867,0.131763758
38,24,1,-0.743683292,0.131763758
39,24,1,-0.743681718,0.131763758
40,24,1,-0.743680143,0.131763758
41,24,1,-0.743678568,0.131763758
42,24,1,-0.743676993,0.131763758
43,24,1,-0.743675418,0.131763758
44,24,1,-0.743673844,0.131763758
45,24,1,-0.743672269,0.131763758
46,24,1,-0.743670694,0.131763758
47,24,1,-0.743669119,0.131763758
48,24,1,-0.743667544,0.131763758
49,24,1,-0.743665970,0.131763758
50,24,1,-0.743664395,0.131763758
51,24,1,-0.743662820,0.131763758
52,24,1,-0.743661245,0.131763758
53,24,1,-0.743659670,0.131763758
54,24,1,-0.743658096,0.131763758
55,24,1,-0.743656521,0.131763758
56,24,1,-0.743654946,0.131763758
57,24,1,-0.743653371,0.131763758
58,24,1,-0.743651796,0.131763758
59,24,1,-0.743650222,0.131763758
60,24,1,-0.743648647,0.131763758
61,24,1,-0.743647072,0.131763758
62,24,1,-0.743645497,0.131763758
63,24,1,-0.743643922,0.131763758
64,24,1,-0.743642348,0.131763758
65,24,1,-0.743640773,0.131763758
66,24,1,-0.743639198,0.131763758
67,24,1,-0.743637623,0.131763758
68,24,1,-0.743636048,0.131763758
69,24,1,-0.743634474,0.131763758
70,24,1,-0.743632899,0.131763758
71,24,1,-0.743631324,0.131763758
72,24,1,-0.743629749,0.131763758
73,24,1,-0.743628174,0.131763758
74,24,1,-0.743626600,0.131763758
75,24,1,-0.743625025,0.131763758
76,24,1,-0.743623450,0.131763758
77,24,1,-0.743621875,0.131763758
78,24,1,-0.743620300,0.131763758
79,24,1,-0.743618726,0.131763758
80,24,1,-0.743617151,0.131763758
81,24,1,-0.743615576,0.131763758
82,24,1,-0.743614001,0.131763758
83,24,1,-0.743612426,0.131763758
84,24,1,-0.743610852,0.131763758
85,24,1,-0.743609277,0.131763758
86,24,1,-0.743607702,0.131763758
87,24,1,-0.743606127,0.131763758
88,24,1,-0.743604552,0.131763758
89,24,1,-0.743602978,0.131763758
90,24,1,-0.743601403,0.131763758
91,24,1,-0.743599828,0.131763758
92,24,1,-0.743598253,0.131763758
93,24,1,-0.743596678,0.131763758
94,24,1,-0.743595104,0.131763758
95,24,1,-0.743593529,0.131763758
96,24,1,-0.743591954,0.131763758
97,24,1,-0.743590379,0.131763758
98,24,1,-0.743588804,0.131763758
99,24,1,-0.743587229,0.131763758
100,24,1,-0.743585655,0.131763758
101,24,1,-0.743584080,0.131763758
102,24,1,-0.743582505,0.131763758
103,24,1,-0.743580930,0.131763758
104,24,1,-0.743579355,0.131763758
105,24,1,-0.743577781,0.131763758
106,24,1,-0.743576206,0.131763758
107,24,1,-0.743574631,0.131763758
108,24,1,-0.743573056,0.131763758
109,24,1,-0.743571481,0.131763758
110,24,1,-0.743569907,0.131763758
111,24,1,-0.743568332,0.131763758
112,24,1,-0.743566757,0.131763758
113,24,1,-0.743565182,0.131763758
114,24,1,-0.743563607,0.131763758
115,24,1,-0.743562033,0.131763758
116,24,1,-0.743560458,0.131763758
117,24,1,-0.743558883,0.131763758
118,24,1,-0.743557308,0.131763758
119,24,1,-0.743555733,0.131763758
120,24,1,-0.743554159,0.131763758
121,24,1,-0.743552584,0.131763758
122,24,1,-0.743551009,0.131763758
123,24,1,-0.743549434,0.131763758
124,24,1,-0.743547859,0.131763758
125,24,1,-0.743546285,0.131763758
126,24,1,-0.743544710,0.131763758
127,24,1,-0.743543135,0.131763758
0,25,1,-0.743743135,0.131765333
1,25,1,-0.743741560,0.131765333
2,25,1,-0.743739985,0.131765333
3,25,1,-0.743738411,0.131765333
4,25,1,-0.743736836,0.131765333
5,25,1,-0.743735261,0.131765333
6,25,1,-0.743733686,0.131765333
7,25,1,-0.743732111,0.131765333
8,25,1,-0.743730537,0.131765333
9,25,1,-0.743728962,0.131765333
10,25,1,-0.743727387,0.131765333
11,25,1,-0.743725812,0.131765333
12,25,1,-0.743724237,0.131765333
13,25,1,-0.743722663,0.131765333
14,25,1,-0.743721088,0.131765333
15,25,1,-0.743719513,0.131765333
16,25,1,-0.743717938,0.131765333
17,25,1,-0.743716363,0.131765333
18,25,1,-0.743714789,0.131765333
19,25,1,-0.743713214,0.131765333
20,25,1,-0.743711639,0.131765333
21,25,1,-0.743710064,0.131765333
22,25,1,-0.743708489,0.131765333
23,25,1,-0.743706915,0.131765333
24,25,1,-0.743705340,0.131765333
25,25,1,-0.743703765,0.131765333
26,25,1,-0.743702190,0.131765333
27,25,1,-0.743700615,0.131765333
28,25,1,-0.743699041,0.131765333
29,25,1,-0.743697466,0.131765333
30,25,1,-0.743695891,0.131765333
31,25,1,-0.743694316,0.131765333
32,25,1,-0.743692741,0.131765333
33,25,1,-0.743691166,0.131765333
34,25,1,-0.743689592,0.131765333
35,25,1,-0.743688017,0.131765333
36,25,1,-0.743686442,0.131765333
37,25,1,-0.743684867,0.131765333
38,25,1,-0.743683292,0.131765333
39,25,1,-0.743681718,0.131765333
40,25,1,-0.743680143,0.131765333
41,25,1,-0.743678568,0.131765333
42,25,1,-0.743676993,0.131765333
43,25,1,-0.743675418,0.131765333
44,25,1,-0.743673844,0.131765333
45,25,1,-0.743672269,0.131765333
46,25,1,-0.743670694,0.131765333
47,25,1,-0.743669119,0.131765333
48,25,1,-0.743667544,0.131765333
49,25,1,-0.743665970,0.131765333
50,25,1,-0.743664395,0.131765333
51,25,1,-0.743662820,0.131765333
52,25,1,-0.743661245,0.131765333
53,25,1,-0.743659670,0.131765333
54,25,1,-0.743658096,0.131765333
55,25,1,-0.743656521,0.131765333
56,25,1,-0.743654946,0.131765333
57,25,1,-0.743653371,0.131765333
58,25,1,-0.743651796,0.131765333
59,25,1,-0.743650222,0.131765333
60,25,1,-0.743648647,0.131765333
61,25,1,-0.743647072,0.131765333
62,25,1,-0.743645497,0.131765333
63,25,1,-0.743643922,0.131765333
64,25,1,-0.743642348,0.131765333
65,25,1,-0.743640773,0.131765333
66,25,1,-0.743639198,0.131765333
67,25,1,-0.743637623,0.131765333
68,25,1,-0.743636048,0.131765333
69,25,1,-0.743634474,0.131765333
70,25,1,-0.743632899,0.131765333
71,25,1,-0.743631324,0.131765333
72,25,1,-0.743629749,0.131765333
73,25,1,-0.743628174,0.131765333
74,25,1,-0.743626600,0.131765333
75,25,1,-0.743625025,0.131765333
76,25,1,-0.743623450,0.131765333
77,25,1,-0.743621875,0.131765333
78,25,1,-0.743620300,0.131765333
79,25,1,-0.743618726,0.131765333
80,25,1,-0.743617151,0.131765333
81,25,1,-0.743615576,0.131765333
82,25,1,-0.743614001,0.131765333
83,25,1,-0.743612426,0.131765333
84,25,1,-0.743610852,0.131765333
85,25,1,-0.743609277,0.131765333
86,25,1,-0.743607702,0.131765333
87,25,1,-0.743606127,0.131765333
88,25,1,-0.743604552,0.131765333
89,25,1,-0.743602978,0.131765333
90,25,1,-0.743601403,0.131765333
91,25,1,-0.743599828,0.131765333
92,25,1,-0.743598253,0.131765333
93,25,1,-0.743596678,0.131765333
94,25,1,-0.743595104,0.131765333
95,25,1,-0.743593529,0.131765333
96,25,1,-0.743591954,0.131765333
97,25,1,-0.743590379,0.131765333
98,25,1,-0.743588804,0.131765333
99,25,1,-0.743587229,0.131765333
100,25,1,-0.743585655,0.131765333
101,25,1,-0.743584080,0.131765333
102,25,1,-0.743582505,0.131765333
103,25,1,-0.743580930,0.131765333
104,25,1,-0.743579355,0.131765333
105,25,1,-0.743577781,0.131765333
106,25,1,-0.743576206,0.131765333
107,25,1,-0.743574631,0.131765333
108,25,1,-0.743573056,0.131765333
109,25,1,-0.743571481,0.131765333
110,25,1,-0.743569907,0.131765333
111,25,1,-0.743568332,0.131765333
112,25,1,-0.743566757,0.131765333
113,25,1,-0.743565182,0.131765333
114,25,1,-0.743563607,0.131765333
115,25,1,-0.743562033,0.131765333
116,25,1,-0.743560458,0.131765333
117,25,1,-0.743558883,0.131765333
118,25,1,-0.743557308,0.131765333
119,25,1,-0.743555733,0.131765333
120,25,1,-0.743554159,0.131765333
121,25,1,-0.743552584,0.131765333
122,25,1,-0.743551009,0.131765333
123,25,1,-0.743549434,0.131765333
124,25,1,-0.743547859,0.131765333
125,25,1,-0.743546285,0.131765333
126,25,1,-0.743544710,0.131765333
127,25,1,-0.743543135,0.131765333
0,26,1,-0.743743135,0.131766908
1,26,1,-0.743741560,0.131766908
2,26,1,-0.743739985,0.131766908
3,26,1,-0.743738411,0.131766908
4,26,1,-0.743736836,0.131766908
5,26,1,-0.743735261,0.131766908
6,26,1,-0.743733686,0.131766908
7,26,1,-0.743732111,0.131766908
8,26,1,-0.743730537,0.131766908
9,26,1,-0.743728962,0.131766908
10,26,1,-0.743727387,0.131766908
11,26,1,-0.743725812,0.131766908
12,26,1,-0.743724237,0.131766908
13,26,1,-0.743722663,0.131766908
14,26,1,-0.743721088,0.131766908
15,26,1,-0.743719513,0.131766908
16,26,1,-0.743717938,0.131766908
17,26,1,-0.743716363,0.131766908
18,26,1,-0.743714789,0.131766908
19,26,1,-0.743713214,0.131766908
20,26,1,-0.743711639,0.131766908
21,26,1,-0.743710064,0.131766908
22,26,1,-0.743708489,0.131766908
23,26,1,-0.743706915,0.131766908
24,26,1,-0.743705340,0.131766908
25,26,1,-0.743703765,0.131766908
26,26,1,-0.743702190,0.131766908
27,26,1,-0.743700615,0.131766908
28,26,1,-0.743699041,0.131766908
29,26,1,-0.743697466,0.131766908
30,26,1,-0.743695891,0.131766908
31,26,1,-0.743694316,0.131766908
32,26,1,-0.743692741,0.131766908
33,26,1,-0.743691166,0.131766908
34,26,1,-0.743689592,0.131766908
35,26,1,-0.743688017,0.131766908
36,26,1,-0.743686442,0.131766908
37,26,1,-0.743684867,0.131766908
38,26,1,-0.743683292,0.131766908
39,26,1,-0.743681718,0.131766908
40,26,1,-0.743680143,0.131766908
41,26,1,-0.743678568,0.131766908
42,26,1,-0.743676993,0.131766908
43,26,1,-0.743675418,0.131766908
44,26,1,-0.743673844,0.131766908
45,26,1,-0.743672269,0.131766908
46,26,1,-0.743670694,0.131766908
47,26,1,-0.743669119,0.131766908
48,26,1,-0.743667544,0.131766908
49,26,1,-0.743665970,0.131766908
50,26,1,-0.743664395,0.131766908
51,26,1,-0.743662820,0.131766908
52,26,1,-0.743661245,0.131766908
53,26,1,-0.743659670,0.131766908
54,26,1,-0.743658096,0.131766908
55,26,1,-0.743656521,0.131766908
56,26,1,-0.743654946,0.131766908
57,26,1,-0.743653371,0.131766908
58,26,1,-0.743651796,0.131766908
59,26,1,-0.743650222,0.131766908
60,26,1,-0.743648647,0.131766908
61,26,1,-0.743647072,0.131766908
62,26,1,-0.743645497,0.131766908
63,26,1,-0.743643922,0.131766908
64,26,1,-0.743642348,0.131766908
65,26,1,-0.743640773,0.131766908
66,26,1,-0.743639198,0.131766908
67,26,1,-0.743637623,0.131766908
68,26,1,-0.743636048,0.131766908
69,26,1,-0.743634474,0.131766908
70,26,1,-0.743632899,0.131766908
71,26,1,-0.743631324,0.131766908
72,26,1,-0.743629749,0.131766908
73,26,1,-0.743628174,0.131766908
74,26,1,-0.743626600,0.131766908
75,26,1,-0.743625025,0.131766908
76,26,1,-0.743623450,0.131766908
77,26,1,-0.743621875,0.131766908
78,26,1,-0.743620300,0.131766908
79,26,1,-0.743618726,0.131766908
80,26,1,-0.743617151,0.131766908
81,26,1,-0.743615576,0.131766908
82,26,1,-0.743614001,0.131766908
83,26,1,-0.743612426,0.131766908
84,26,1,-0.743610852,0.131766908
85,26,1,-0.743609277,0.131766908
86,26,1,-0.743607702,0.131766908
87,26,1,-0.743606127,0.131766908
88,26,1,-0.743604552,0.131766908
89,26,1,-0.743602978,0.131766908
90,26,1,-0.743601403,0.131766908
91,26,1,-0.743599828,0.131766908
92,26,1,-0.743598253,0.131766908
93,26,1,-0.743596678,0.131766908
94,26,1,-0.743595104,0.131766908
95,26,1,-0.743593529,0.131766908
96,26,1,-0.743591954,0.131766908
97,26,1,-0.743590379,0.131766908
98,26,1,-0.743588804,0.131766908
99,26,1,-0.743587229,0.131766908
100,26,1,-0.743585655,0.131766908
101,26,1,-0.743584080,0.131766908
102,26,1,-0.743582505,0.131766908
103,26,1,-0.743580930,0.131766908
104,26,1,-0.743579355,0.131766908
105,26,1,-0.743577781,0.131766908
106,26,1,-0.743576206,0.131766908
107,26,1,-0.743574631,0.131766908
108,26,1,-0.743573056,0.131766908
109,26,1,-0.743571481,0.131766908
110,26,1,-0.743569907,0.131766908
111,26,1,-0.743568332,0.131766908
112,26,1,-0.743566757,0.131766908
113,26,1,-0.743565182,0.131766908
114,26,1,-0.743563607,0.131766908
115,26,1,-0.743562033,0.131766908
116,26,1,-0.743560458,0.131766908
117,26,1,-0.743558883,0.131766908
118,26,1,-0.743557308,0.131766908
119,26,1,-0.743555733,0.131766908
120,26,1,-0.743554159,0.131766908
121,26,1,-0.743552584,0.131766908
122,26,1,-0.743551009,0.131766908
123,26,1,-0.743549434,0.131766908
124,26,1,-0.743547859,0.131766908
125,26,1,-0.743546285,0.131766908
126,26,1,-0.743544710,0.131766908
127,26,1,-0.743543135,0.131766908
0,27,1,-0.743743135,0.131768483
1,27,1,-0.743741560,0.131768483
2,27,1,-0.743739985,0.131768483
3,27,1,-0.743738411,0.131768483
4,27,1,-0.743736836,0.131768483
5,27,1,-0.743735261,0.131768483
6,27,1,-0.743733686,0.131768483
7,27,1,-0.743732111,0.131768483
8,27,1,-0.743730537,0.131768483
9,27,1,-0.743728962,0.131768483
10,27,1,-0.743727387,0.131768483
11,27,1,-0.743725812,0.131768483
12,27,1,-0.743724237,0.131768483
13,27,1,-0.743722663,0.131768483
14,27,1,-0.743721088,0.131768483
15,27,1,-0.743719513,0.131768483
16,27,1,-0.743717938,0.131768483
17,27,1,-0.743716363,0.131768483
18,27,1,-0.743714789,0.131768483
19,27,1,-0.743713214,0.131768483
20,27,1,-0.743711639,0.131768483
21,27,1,-0.743710064,0.131768483
22,27,1,-0.743708489,0.131768483
23,27,1,-0.743706915,0.131768483
24,27,1,-0.743705340,0.131768483
25,27,1,-0.743703765,0.131768483
26,27,1,-0.743702190,0.131768483
27,27,1,-0.743700615,0.131768483
28,27,1,-0.743699041,0.131768483
29,27,1,-0.743697466,0.131768483
30,27,1,-0.743695891,0.131768483
31,27,1,-0.743694316,0.131768483
32,27,1,-0.743692741,0.131768483
33,27,1,-0.743691166,0.131768483
34,27,1,-0.743689592,0.131768483
35,27,1,-0.743688017,0.131768483
36,27,1,-0.743686442,0.131768483
37,27,1,-0.743684867,0.131768483
38,27,1,-0.743683292,0.131768483
39,27,1,-0.743681718,0.131768483
40,27,1,-0.743680143,0.131768483
41,27,1,-0.743678568,0.131768483
42,27,1,-0.743676993,0.131768483
43,27,1,-0.743675418,0.131768483
44,27,1,-0.743673844,0.131768483
45,27,1,-0.743672269,0.131768483
46,27,1,-0.743670694,0.131768483
47,27,1,-0.743669119,0.131768483
48,27,1,-0.743667544,0.131768483
49,27,1,-0.743665970,0.131768483
50,27,1,-0.743664395,0.131768483
51,27,1,-0.743662820,0.131768483
52,27,1,-0.743661245,0.131768483
53,27,1,-0.743659670,0.131768483
54,27,1,-0.743658096,0.131768483
55,27,1,-0.743656521,0.131768483
56,27,1,-0.743654946,0.131768483
57,27,1,-0.743653371,0.131768483
58,27,1,-0.743651796,0.131768483
59,27,1,-0.743650222,0.131768483
60,27,1,-0.743648647,0.131768483
61,27,1,-0.743647072,0.131768483
62,27,1,-0.743645497,0.131768483
63,27,1,-0.743643922,0.131768483
64,27,1,-0.743642348,0.131768483
65,27,1,-0.743640773,0.131768483
66,27,1,-0.743639198,0.131768483
67,27,1,-0.743637623,0.131768483
68,27,1,-0.743636048,0.131768483
69,27,1,-0.743634474,0.131768483
70,27,1,-0.743632899,0.131768483
71,27,1,-0.743631324,0.131768483
72,27,1,-0.743629749,0.131768483
73,27,1,-0.743628174,0.131768483
74,27,1,-0.743626600,0.131768483
75,27,1,-0.743625025,0.131768483
76,27,1,-0.743623450,0.131768483
77,27,1,-0.743621875,0.131768483
78,27,1,-0.743620300,0.131768483
79,27,1,-0.743618726,0.131768483
80,27,1,-0.743617151,0.131768483
81,27,1,-0.743615576,0.131768483
82,27,1,-0.743614001,0.131768483
83,27,1,-0.743612426,0.131768483
84,27,1,-0.743610852,0.131768483
85,27,1,-0.743609277,0.131768483
86,27,1,-0.743607702,0.131768483
87,27,1,-0.743606127,0.131768483
88,27,1,-0.743604552,0.131768483
89,27,1,-0.743602978,0.131768483
90,27,1,-0.743601403,0.131768483
91,27,1,-0.743599828,0.131768483
92,27,1,-0.743598253,0.131768483
93,27,1,-0.743596678,0.131768483
94,27,1,-0.743595104,0.131768483
95,27,1,-0.743593529,0.131768483
96,27,1,-0.743591954,0.131768483
97,27,1,-0.743590379,0.131768483
98,27,1,-0.743588804,0.131768483
99,27,1,-0.743587229,0.131768483
100,27,1,-0.743585655,0.131768483
101,27,1,-0.743584080,0.131768483
102,27,1,-0.743582505,0.131768483
103,27,1,-0.743580930,0.131768483
104,27,1,-0.743579355,0.131768483
105,27,1,-0.743577781,0.131768483
106,27,1,-0.743576206,0.131768483
107,27,1,-0.743574631,0.131768483
108,27,1,-0.743573056,0.131768483
109,27,1,-0.743571481,0.131768483
110,27,1,-0.743569907,0.131768483
111,27,1,-0.743568332,0.131768483
112,27,1,-0.743566757,0.131768483
113,27,1,-0.743565182,0.131768483
114,27,1,-0.743563607,0.131768483
115,27,1,-0.743562033,0.131768483
116,27,1,-0.743560458,0.131768483
117,27,1,-0.743558883,0.131768483
118,27,1,-0.743557308,0.131768483
119,27,1,-0.743555733,0.131768483
120,27,1,-0.743554159,0.131768483
121,27,1,-0.743552584,0.131768483
122,27,1,-0.743551009,0.131768483
123,27,1,-0.743549434,0.131768483
124,27,1,-0.743547859,0.131768483
125,27,1,-0.743546285,0.131768483
126,27,1,-0.743544710,0.131768483
127,27,1,-0.743543135,0.131768483
0,28,1,-0.743743135,0.131770057
1,28,1,-0.743741560,0.131770057
2,28,1,-0.743739985,0.131770057
3,28,1,-0.743738411,0.131770057
4,28,1,-0.743736836,0.131770057
5,28,1,-0.743735261,0.131770057
6,28,1,-0.743733686,0.131770057
7,28,1,-0.743732111,0.131770057
8,28,1,-0.743730537,0.131770057
9,28,1,-0.743728962,0.131770057
10,28,1,-0.743727387,0.131770057
11,28,1,-0.743725812,0.131770057
12,28,1,-0.743724237,0.131770057
13,28,1,-0.743722663,0.131770057
14,28,1,-0.743721088,0.131770057
15,28,1,-0.743719513,0.131770057
16,28,1,-0.743717938,0.131770057
17,28,1,-0.743716363,0.131770057
18,28,1,-0.743714789,0.131770057
19,28,1,-0.743713214,0.131770057
20,28,1,-0.743711639,0.131770057
21,28,1,-0.743710064,0.131770057
22,28,1,-0.743708489,0.131770057
23,28,1,-0.743706915,0.131770057
24,28,1,-0.743705340,0.131770057
25,28,1,-0.743703765,0.131770057
26,28,1,-0.743702190,0.131770057
27,28,1,-0.743700615,0.131770057
28,28,1,-0.743699041,0.131770057
29,28,1,-0.743697466,0.131770057
30,28,1,-0.743695891,0.131770057
31,28,1,-0.743694316,0.131770057
32,28,1,-0.743692741,0.131770057
33,28,1,-0.743691166,0.131770057
34,28,1,-0.743689592,0.131770057
35,28,1,-0.743688017,0.131770057
36,28,1,-0.743686442,0.131770057
37,28,1,-0.743684867,0.131770057
38,28,1,-0.743683292,0.131770057
39,28,1,-0.743681718,0.131770057
40,28,1,-0.743680143,0.131770057
41,28,1,-0.743678568,0.131770057
42,28,1,-0.743676993,0.131770057
43,28,1,-0.743675418,0.131770057
44,28,1,-0.743673844,0.131770057
45,28,1,-0.743672269,0.131770057
46,28,1,-0.743670694,0.131770057
47,28,1,-0.743669119,0.131770057
48,28,1,-0.743667544,0.131770057
49,28,1,-0.743665970,0.131770057
50,28,1,-0.743664395,0.131770057
51,28,1,-0.743662820,0.131770057
52,28,1,-0.743661245,0.131770057
53,28,1,-0.743659670,0.131770057
54,28,1,-0.743658096,0.131770057
55,28,1,-0.743656521,0.131770057
56,28,1,-0.743654946,0.131770057
57,28,1,-0.743653371,0.131770057
58,28,1,-0.743651796,0.131770057
59,28,1,-0.743650222,0.131770057
60,28,1,-0.743648647,0.131770057
61,28,1,-0.743647072,0.131770057
62,28,1,-0.743645497,0.131770057
63,28,1,-0.743643922,0.131770057
64,28,1,-0.743642348,0.131770057
65,28,1,-0.743640773,0.131770057
66,28,1,-0.743639198,0.131770057
67,28,1,-0.743637623,0.131770057
68,28,1,-0.743636048,0.131770057
69,28,1,-0.743634474,0.131770057
70,28,1,-0.743632899,0.131770057
71,28,1,-0.743631324,0.131770057
72,28,1,-0.743629749,0.131770057
73,28,1,-0.743628174,0.131770057
74,28,1,-0.743626600,0.131770057
75,28,1,-0.743625025,0.131770057
76,28,1,-0.743623450,0.131770057
77,28,1,-0.743621875,0.131770057
78,28,1,-0.743620300,0.131770057
79,28,1,-0.743618726,0.131770057
80,28,1,-0.743617151,0.131770057
81,28,1,-0.743615576,0.131770057
82,28,1,-0.743614001,0.131770057
83,28,1,-0.743612426,0.131770057
84,28,1,-0.743610852,0.131770057
85,28,1,-0.743609277,0.131770057
86,28,1,-0.743607702,0.131770057
87,28,1,-0.743606127,0.131770057
88,28,1,-0.743604552,0.131770057
89,28,1,-0.743602978,0.131770057
90,28,1,-0.743601403,0.131770057
91,28,1,-0.743599828,0.131770057
92,28,1,-0.743598253,0.131770057
93,28,1,-0.743596678,0.131770057
94,28,1,-0.743595104,0.131770057
95,28,1,-0.743593529,0.131770057
96,28,1,-0.743591954,0.131770057
97,28,1,-0.743590379,0.131770057
98,28,1,-0.743588804,0.131770057
99,28,1,-0.743587229,0.131770057
100,28,1,-0.743585655,0.131770057
101,28,1,-0.743584080,0.131770057
102,28,1,-0.743582505,0.131770057
103,28,1,-0.743580930,0.131770057
104,28,1,-0.743579355,0.131770057
105,28,1,-0.743577781,0.131770057
106,28,1,-0.743576206,0.131770057
107,28,1,-0.743574631,0.131770057
108,28,1,-0.743573056,0.131770057
109,28,1,-0.743571481,0.131770057
110,28,1,-0.743569907,0.131770057
111,28,1,-0.743568332,0.131770057
112,28,1,-0.743566757,0.131770057
113,28,1,-0.743565182,0.131770057
114,28,1,-0.743563607,0.131770057
115,28,1,-0.743562033,0.131770057
116,28,1,-0.743560458,0.131770057
117,28,1,-0.743558883,0.131770057
118,28,1,-0.743557308,0.131770057
119,28,1,-0.743555733,0.131770057
120,28,1,-0.743554159,0.131770057
121,28,1,-0.743552584,0.131770057
122,28,1,-0.743551009,0.131770057
123,28,1,-0.743549434,0.131770057
124,28,1,-0.743547859,0.131770057
125,28,1,-0.743546285,0.131770057
126,28,1,-0.743544710,0.131770057
127,28,1,-0.743543135,0.131770057
0,29,1,-0.743743135,0.131771632
1,29,1,-0.743741560,0.131771632
2,29,1,-0.743739985,0.131771632
3,29,1,-0.743738411,0.131771632
4,29,1,-0.743736836,0.131771632
5,29,1,-0.743735261,0.131771632
6,29,1,-0.743733686,0.131771632
7,29,1,-0.743732111,0.131771632
8,29,1,-0.743730537,0.131771632
9,29,1,-0.743728962,0.131771632
10,29,1,-0.743727387,0.131771632
11,29,1,-0.743725812,0.131771632
12,29,1,-0.743724237,0.131771632
13,29,1,-0.743722663,0.131771632
14,29,1,-0.743721088,0.131771632
15,29,1,-0.743719513,0.131771632
16,29,1,-0.743717938,0.131771632
17,29,1,-0.743716363,0.131771632
18,29,1,-0.743714789,0.131771632
19,29,1,-0.743713214,0.131771632
20,29,1,-0.743711639,0.131771632
21,29,1,-0.743710064,0.131771632
22,29,1,-0.743708489,0.131771632
23,29,1,-0.743706915,0.131771632
24,29,1,-0.743705340,0.131771632
25,29,1,-0.743703765,0.131771632
26,29,1,-0.743702190,0.131771632
27,29,1,-0.743700615,0.131771632
28,29,1,-0.743699041,0.131771632
29,29,1,-0.743697466,0.131771632
30,29,1,-0.743695891,0.131771632
31,29,1,-0.743694316,0.131771632
32,29,1,-0.743692741,0.131771632
33,29,1,-0.743691166,0.131771632
34,29,1,-0.743689592,0.131771632
35,29,1,-0.743688017,0.131771632
36,29,1,-0.743686442,0.131771632
37,29,1,-0.743684867,0.131771632
38,29,1,-0.743683292,0.131771632
39,29,1,-0.743681718,0.131771632
40,29,1,-0.743680143,0.131771632
41,29,1,-0.743678568,0.131771632
42,29,1,-0.743676993,0.131771632
43,29,1,-0.743675418,0.131771632
44,29,1,-0.743673844,0.131771632
45,29,1,-0.743672269,0.131771632
46,29,1,-0.743670694,0.131771632
47,29,1,-0.743669119,0.131771632
48,29,1,-0.743667544,0.131771632
49,29,1,-0.743665970,0.131771632
50,29,1,-0.743664395,0.131771632
51,29,1,-0.743662820,0.131771632
52,29,1,-0.743661245,0.131771632
53,29,1,-0.743659670,0.131771632
54,29,1,-0.743658096,0.131771632
55,29,1,-0.743656521,0.131771632
56,29,1,-0.743654946,0.131771632
57,29,1,-0.743653371,0.131771632
58,29,1,-0.743651796,0.131771632
59,29,1,-0.743650222,0.131771632
60,29,1,-0.743648647,0.131771632
61,29,1,-0.743647072,0.131771632
62,29,1,-0.743645497,0.131771632
63,29,1,-0.743643922,0.131771632
64,29,1,-0.743642348,0.131771632
65,29,1,-0.743640773,0.131771632
66,29,1,-0.743639198,0.131771632
67,29,1,-0.743637623,0.131771632
68,29,1,-0.743636048,0.131771632
69,29,1,-0.743634474,0.131771632
70,29,1,-0.743632899,0.131771632
71,29,1,-0.743631324,0.131771632
72,29,1,-0.743629749,0.131771632
73,29,1,-0.743628174,0.131771632
74,29,1,-0.743626600,0.131771632
75,29,1,-0.743625025,0.131771632
76,29,1,-0.743623450,0.131771632
77,29,1,-0.743621875,0.131771632
78,29,1,-0.743620300,0.131771632
79,29,1,-0.743618726,0.131771632
80,29,1,-0.743617151,0.131771632
81,29,1,-0.743615576,0.131771632
82,29,1,-0.743614001,0.131771632
83,29,1,-0.743612426,0.131771632
84,29,1,-0.743610852,0.131771632
85,29,1,-0.743609277,0.131771632
86,29,1,-0.743607702,0.131771632
87,29,1,-0.743606127,0.131771632
88,29,1,-0.743604552,0.131771632
89,29,1,-0.743602978,0.131771632
90,29,1,-0.743601403,0.131771632
91,29,1,-0.743599828,0.131771632
92,29,1,-0.743598253,0.131771632
93,29,1,-0.743596678,0.131771632
94,29,1,-0.743595104,0.131771632
95,29,1,-0.743593529,0.131771632
96,29,1,-0.743591954,0.131771632
97,29,1,-0.743590379,0.131771632
98,29,1,-0.743588804,0.131771632
99,29,1,-0.743587229,0.131771632
100,29,1,-0.743585655,0.131771632
101,29,1,-0.743584080,0.131771632
102,29,1,-0.743582505,0.131771632
103,29,1,-0.743580930,0.131771632
104,29,1,-0.743579355,0.131771632
105,29,1,-0.743577781,0.131771632
106,29,1,-0.743576206,0.131771632
107,29,1,-0.743574631,0.131771632
108,29,1,-0.743573056,0.131771632
109,29,1,-0.743571481,0.131771632
110,29,1,-0.743569907,0.131771632
111,29,1,-0.743568332,0.131771632
112,29,1,-0.743566757,0.131771632
113,29,1,-0.743565182,0.131771632
114,29,1,-0.743563607,0.131771632
115,29,1,-0.743562033,0.131771632
116,29,1,-0.743560458,0.131771632
117,29,1,-0.743558883,0.131771632
118,29,1,-0.743557308,0.131771632
119,29,1,-0.743555733,0.131771632
120,29,1,-0.743554159,0.131771632
121,29,1,-0.743552584,0.131771632
122,29,1,-0.743551009,0.131771632
123,29,1,-0.743549434,0.131771632
124,29,1,-0.743547859,0.131771632
125,29,1,-0.743546285,0.131771632
126,29,1,-0.743544710,0.131771632
127,29,1,-0.743543135,0.131771632
0,30,1,-0.743743135,0.131773207
1,30,1,-0.743741560,0.131773207
2,30,1,-0.743739985,0.131773207
3,30,1,-0.743738411,0.131773207
4,30,1,-0.743736836,0.131773207
5,30,1,-0.743735261,0.131773207
6,30,1,-0.743733686,0.131773207
7,30,1,-0.743732111,0.131773207
8,30,1,-0.743730537,0.131773207
9,30,1,-0.743728962,0.131773207
10,30,1,-0.743727387,0.131773207
11,30,1,-0.743725812,0.131773207
12,30,1,-0.743724237,0.131773207
13,30,1,-0.743722663,0.131773207
14,30,1,-0.743721088,0.131773207
15,30,1,-0.743719513,0.131773207
16,30,1,-0.743717938,0.131773207
17,30,1,-0.743716363,0.131773207
18,30,1,-0.743714789,0.131773207
19,30,1,-0.743713214,0.131773207
20,30,1,-0.743711639,0.131773207
21,30,1,-0.743710064,0.131773207
22,30,1,-0.743708489,0.131773207
23,30,1,-0.743706915,0.131773207
24,30,1,-0.743705340,0.131773207
25,30,1,-0.743703765,0.131773207
26,30,1,-0.743702190,0.131773207
27,30,1,-0.743700615,0.131773207
28,30,1,-0.743699041,0.131773207
29,30,1,-0.743697466,0.131773207
30,30,1,-0.743695891,0.131773207
31,30,1,-0.743694316,0.131773207
32,30,1,-0.743692741,0.131773207
33,30,1,-0.743691166,0.131773207
34,30,1,-0.743689592,0.131773207
35,30,1,-0.743688017,0.131773207
36,30,1,-0.743686442,0.131773207
37,30,1,-0.743684867,0.131773207
38,30,1,-0.743683292,0.131773207
39,30,1,-0.743681718,0.131773207
40,30,1,-0.743680143,0.131773207
41,30,1,-0.743678568,0.131773207
42,30,1,-0.743676993,0.131773207
43,30,1,-0.743675418,0.131773207
44,30,1,-0.743673844,0.131773207
45,30,1,-0.743672269,0.131773207
46,30,1,-0.743670694,0.131773207
47,30,1,-0.743669119,0.131773207
48,30,1,-0.743667544,0.131773207
49,30,1,-0.743665970,0.131773207
50,30,1,-0.743664395,0.131773207
51,30,1,-0.743662820,0.131773207
52,30,1,-0.743661245,0.131773207
53,30,1,-0.743659670,0.131773207
54,30,1,-0.743658096,0.131773207
55,30,1,-0.743656521,0.131773207
56,30,1,-0.743654946,0.131773207
57,30,1,-0.743653371,0.131773207
58,30,1,-0.743651796,0.131773207
59,30,1,-0.743650222,0.131773207
60,30,1,-0.743648647,0.131773207
61,30,1,-0.743647072,0.131773207
62,30,1,-0.743645497,0.131773207
63,30,1,-0.743643922,0.131773207
64,30,1,-0.743642348,0.131773207
65,30,1,-0.743640773,0.131773207
66,30,1,-0.743639198,0.131773207
67,30,1,-0.743637623,0.131773207
68,30,1,-0.743636048,0.131773207
69,30,1,-0.743634474,0.131773207
70,30,1,-0.743632899,0.131773207
71,30,1,-0.743631324,0.131773207
72,30,1,-0.743629749,0.131773207
73,30,1,-0.743628174,0.131773207
74,30,1,-0.743626600,0.131773207
75,30,1,-0.743625025,0.131773207
76,30,1,-0.743623450,0.131773207
77,30,1,-0.743621875,0.131773207
78,30,1,-0.743620300,0.131773207
79,30,1,-0.743618726,0.131773207
80,30,1,-0.743617151,0.131773207
81,30,1,-0.743615576,0.131773207
82,30,1,-0.743614001,0.131773207
83,30,1,-0.743612426,0.131773207
84,30,1,-0.743610852,0.131773207
85,30,1,-0.743609277,0.131773207
86,30,1,-0.743607702,0.131773207
87,30,1,-0.743606127,0.131773207
88,30,1,-0.743604552,0.131773207
89,30,1,-0.743602978,0.131773207
90,30,1,-0.743601403,0.131773207
91,30,1,-0.743599828,0.131773207
92,30,1,-0.743598253,0.131773207
93,30,1,-0.743596678,0.131773207
94,30,1,-0.743595104,0.131773207
95,30,1,-0.743593529,0.131773207
96,30,1,-0.743591954,0.131773207
97,30,1,-0.743590379,0.131773207
98,30,1,-0.743588804,0.131773207
99,30,1,-0.743587229,0.131773207
100,30,1,-0.743585655,0.131773207
101,30,1,-0.743584080,0.131773207
102,30,1,-0.743582505,0.131773207
103,30,1,-0.743580930,0.131773207
104,30,1,-0.743579355,0.131773207
105,30,1,-0.743577781,0.131773207
106,30,1,-0.743576206,0.131773207
107,30,1,-0.743574631,0.131773207
108,30,1,-0.743573056,0.131773207
109,30,1,-0.743571481,0.131773207
110,30,1,-0.743569907,0.131773207
111,30,1,-0.743568332,0.131773207
112,30,1,-0.743566757,0.131773207
113,30,1,-0.743565182,0.131773207
114,30,1,-0.743563607,0.131773207
115,30,1,-0.743562033,0.131773207
116,30,1,-0.743560458,0.131773207
117,30,1,-0.743558883,0.131773207
118,30,1,-0.743557308,0.131773207
119,30,1,-0.743555733,0.131773207
120,30,1,-0.743554159,0.131773207
121,30,1,-0.743552584,0.131773207
122,30,1,-0.743551009,0.131773207
123,30,1,-0.743549434,0.131773207
124,30,1,-0.743547859,0.131773207
125,30,1,-0.743546285,0.131773207
126,30,1,-0.743544710,0.131773207
127,30,1,-0.743543135,0.131773207
0,31,1,-0.743743135,0.131774782
1,31,1,-0.743741560,0.131774782
2,31,1,-0.743739985,0.131774782
3,31,1,-0.743738411,0.131774782
4,31,1,-0.743736836,0.131774782
5,31,1,-0.743735261,0.131774782
6,31,1,-0.743733686,0.131774782
7,31,1,-0.743732111,0.131774782
8,31,1,-0.743730537,0.131774782
9,31,1,-0.743728962,0.131774782
10,31,1,-0.743727387,0.131774782
11,31,1,-0.743725812,0.131774782
12,31,1,-0.743724237,0.131774782
13,31,1,-0.743722663,0.131774782
14,31,1,-0.743721088,0.131774782
15,31,1,-0.743719513,0.131774782
16,31,1,-0.743717938,0.131774782
17,31,1,-0.743716363,0.131774782
18,31,1,-0.743714789,0.131774782
19,31,1,-0.743713214,0.131774782
20,31,1,-0.743711639,0.131774782
21,31,1,-0.743710064,0.131774782
22,31,1,-0.743708489,0.131774782
23,31,1,-0.743706915,0.131774782
24,31,1,-0.743705340,0.131774782
25,31,1,-0.743703765,0.131774782
26,31,1,-0.743702190,0.131774782
27,31,1,-0.743700615,0.131774782
28,31,1,-0.743699041,0.131774782
29,31,1,-0.743697466,0.131774782
30,31,1,-0.743695891,0.131774782
31,31,1,-0.743694316,0.131774782
32,31,1,-0.743692741,0.131774782
33,31,1,-0.743691166,0.131774782
34,31,1,-0.743689592,0.131774782
35,31,1,-0.743688017,0.131774782
36,31,1,-0.743686442,0.131774782
37,31,1,-0.743684867,0.131774782
38,31,1,-0.743683292,0.131774782
39,31,1,-0.743681718,0.131774782
40,31,1,-0.743680143,0.131774782
41,31,1,-0.743678568,0.131774782
42,31,1,-0.743676993,0.131774782
43,31,1,-0.743675418,0.131774782
44,31,1,-0.743673844,0.131774782
45,31,1,-0.743672269,0.131774782
46,31,1,-0.743670694,0.131774782
47,31,1,-0.743669119,0.131774782
48,31,1,-0.743667544,0.131774782
49,31,1,-0.743665970,0.131774782
50,31,1,-0.743664395,0.131774782
51,31,1,-0.743662820,0.131774782
52,31,1,-0.743661245,0.131774782
53,31,1,-0.743659670,0.131774782
54,31,1,-0.743658096,0.131774782
55,31,1,-0.743656521,0.131774782
56,31,1,-0.743654946,0.131774782
57,31,1,-0.743653371,0.131774782
58,31,1,-0.743651796,0.131774782
59,31,1,-0.743650222,0.131774782
60,31,1,-0.743648647,0.131774782
61,31,1,-0.743647072,0.131774782
62,31,1,-0.743645497,0.131774782
63,31,1,-0.743643922,0.131774782
64,31,1,-0.743642348,0.131774782
65,31,1,-0.743640773,0.131774782
66,31,1,-0.743639198,0.131774782
67,31,1,-0.743637623,0.131774782
68,31,1,-0.743636048,0.131774782
69,31,1,-0.743634474,0.131774782
70,31,1,-0.743632899,0.131774782
71,31,1,-0.743631324,0.131774782
72,31,1,-0.743629749,0.131774782
73,31,1,-0.743628174,0.131774782
74,31,1,-0.743626600,0.131774782
75,31,1,-0.743625025,0.131774782
76,31,1,-0.743623450,0.131774782
77,31,1,-0.743621875,0.131774782
78,31,1,-0.743620300,0.131774782
79,31,1,-0.743618726,0.131774782
80,31,1,-0.743617151,0.131774782
81,31,1,-0.743615576,0.131774782
82,31,1,-0.743614001,0.131774782
83,31,1,-0.743612426,0.131774782
84,31,1,-0.743610852,0.131774782
85,31,1,-0.743609277,0.131774782
86,31,1,-0.743607702,0.131774782
87,31,1,-0.743606127,0.131774782
88,31,1,-0.743604552,0.131774782
89,31,1,-0.743602978,0.131774782
90,31,1,-0.743601403,0.131774782
91,31,1,-0.743599828,0.131774782
92,31,1,-0.743598253,0.131774782
93,31,1,-0.743596678,0.131774782
94,31,1,-0.743595104,0.131774782
95,31,1,-0.743593529,0.131774782
96,31,1,-0.743591954,0.131774782
97,31,1,-0.743590379,0.131774782
98,31,1,-0.743588804,0.131774782
99,31,1,-0.743587229,0.131774782
100,31,1,-0.743585655,0.131774782
101,31,1,-0.743584080,0.131774782
102,31,1,-0.743582505,0.131774782
103,31,1,-0.743580930,0.131774782
104,31,1,-0.743579355,0.131774782
105,31,1,-0.743577781,0.131774782
106,31,1,-0.743576206,0.131774782
107,31,1,-0.743574631,0.131774782
108,31,1,-0.743573056,0.131774782
109,31,1,-0.743571481,0.131774782
110,31,1,-0.743569907,0.131774782
111,31,1,-0.743568332,0.131774782
112,31,1,-0.743566757,0.131774782
113,31,1,-0.743565182,0.131774782
114,31,1,-0.743563607,0.131774782
115,31,1,-0.743562033,0.131774782
116,31,1,-0.743560458,0.131774782
117,31,1,-0.743558883,0.131774782
118,31,1,-0.743557308,0.131774782
119,31,1,-0.743555733,0.131774782
120,31,1,-0.743554159,0.131774782
121,31,1,-0.743552584,0.131774782
122,31,1,-0.743551009,0.131774782
123,31,1,-0.743549434,0.131774782
124,31,1,-0.743547859,0.131774782
125,31,1,-0.743546285,0.131774782
126,31,1,-0.743544710,0.131774782
127,31,1,-0.743543135,0.131774782
0,32,1,-0.743743135,0.131776357
1,32,1,-0.743741560,0.131776357
2,32,1,-0.743739985,0.131776357
3,32,1,-0.743738411,0.131776357
4,32,1,-0.743736836,0.131776357
5,32,1,-0.743735261,0.131776357
6,32,1,-0.743733686,0.131776357
7,32,1,-0.743732111,0.131776357
8,32,1,-0.743730537,0.131776357
9,32,1,-0.743728962,0.131776357
10,32,1,-0.743727387,0.131776357
11,32,1,-0.743725812,0.131776357
12,32,1,-0.743724237,0.131776357
13,32,1,-0.743722663,0.131776357
14,32,1,-0.743721088,0.131776357
15,32,1,-0.743719513,0.131776357
16,32,1,-0.743717938,0.131776357
17,32,1,-0.743716363,0.131776357
18,32,1,-0.743714789,0.131776357
19,32,1,-0.743713214,0.131776357
20,32,1,-0.743711639,0.131776357
21,32,1,-0.743710064,0.131776357
22,32,1,-0.743708489,0.131776357
23,32,1,-0.743706915,0.131776357
24,32,1,-0.743705340,0.131776357
25,32,1,-0.743703765,0.131776357
26,32,1,-0.743702190,0.131776357
27,32,1,-0.743700615,0.131776357
28,32,1,-0.743699041,0.131776357
29,32,1,-0.743697466,0.131776357
30,32,1,-0.743695891,0.131776357
31,32,1,-0.743694316,0.131776357
32,32,1,-0.743692741,0.131776357
33,32,1,-0.743691166,0.131776357
34,32,1,-0.743689592,0.131776357
35,32,1,-0.743688017,0.131776357
36,32,1,-0.743686442,0.131776357
37,32,1,-0.743684867,0.131776357
38,32,1,-0.743683292,0.131776357
39,32,1,-0.743681718,0.131776357
40,32,1,-0.743680143,0.131776357
41,32,1,-0.743678568,0.131776357
42,32,1,-0.743676993,0.131776357
43,32,1,-0.743675418,0.131776357
44,32,1,-0.743673844,0.131776357
45,32,1,-0.743672269,0.131776357
46,32,1,-0.743670694,0.131776357
47,32,1,-0.743669119,0.131776357
48,32,1,-0.743667544,0.131776357
49,32,1,-0.743665970,0.131776357
50,32,1,-0.743664395,0.131776357
51,32,1,-0.743662820,0.131776357
52,32,1,-0.743661245,0.131776357
53,32,1,-0.743659670,0.131776357
54,32,1,-0.743658096,0.131776357
55,32,1,-0.743656521,0.131776357
56,32,1,-0.743654946,0.131776357
57,32,1,-0.743653371,0.131776357
58,32,1,-0.743651796,0.131776357
59,32,1,-0.743650222,0.131776357
60,32,1,-0.743648647,0.131776357
61,32,1,-0.743647072,0.131776357
62,32,1,-0.743645497,0.131776357
63,32,1,-0.743643922,0.131776357
64,32,1,-0.743642348,0.131776357
65,32,1,-0.743640773,0.131776357
66,32,1,-0.743639198,0.131776357
67,32,1,-0.743637623,0.131776357
68,32,1,-0.743636048,0.131776357
69,32,1,-0.743634474,0.131776357
70,32,1,-0.743632899,0.131776357
71,32,1,-0.743631324,0.131776357
72,32,1,-0.743629749,0.131776357
73,32,1,-0.743628174,0.131776357
74,32,1,-0.743626600,0.131776357
75,32,1,-0.743625025,0.131776357
76,32,1,-0.743623450,0.131776357
77,32,1,-0.743621875,0.131776357
78,32,1,-0.743620300,0.131776357
79,32,1,-0.743618726,0.131776357
80,32,1,-0.743617151,0.131776357
81,32,1,-0.743615576,0.131776357
82,32,1,-0.743614001,0.131776357
83,32,1,-0.743612426,0.131776357
84,32,1,-0.743610852,0.131776357
85,32,1,-0.743609277,0.131776357
86,32,1,-0.743607702,0.131776357
87,32,1,-0.743606127,0.131776357
88,32,1,-0.743604552,0.131776357
89,32,1,-0.743602978,0.131776357
90,32,1,-0.743601403,0.131776357
91,32,1,-0.743599828,0.131776357
92,32,1,-0.743598253,0.131776357
93,32,1,-0.743596678,0.131776357
94,32,1,-0.743595104,0.131776357
95,32,1,-0.743593529,0.131776357
96,32,1,-0.743591954,0.131776357
97,32,1,-0.743590379,0.131776357
98,32,1,-0.743588804,0.131776357
99,32,1,-0.743587229,0.131776357
100,32,1,-0.743585655,0.131776357
101,32,1,-0.743584080,0.131776357
102,32,1,-0.743582505,0.131776357
103,32,1,-0.743580930,0.131776357
104,32,1,-0.743579355,0.131776357
105,32,1,-0.743577781,0.131776357
106,32,1,-0.743576206,0.131776357
107,32,1,-0.743574631,0.131776357
108,32,1,-0.743573056,0.131776357
109,32,1,-0.743571481,0.131776357
110,32,1,-0.743569907,0.131776357
111,32,1,-0.743568332,0.131776357
112,32,1,-0.743566757,0.131776357
113,32,1,-0.743565182,0.131776357
114,32,1,-0.743563607,0.131776357
115,32,1,-0.743562033,0.131776357
116,32,1,-0.743560458,0.131776357
117,32,1,-0.743558883,0.131776357
118,32,1,-0.743557308,0.131776357
119,32,1,-0.743555733,0.131776357
120,32,1,-0.743554159,0.131776357
121,32,1,-0.743552584,0.131776357
122,32,1,-0.743551009,0.131776357
123,32,1,-0.743549434,0.131776357
124,32,1,-0.743547859,0.131776357
125,32,1,-0.743546285,0.131776357
126,32,1,-0.743544710,0.131776357
127,32,1,-0.743543135,0.131776357
0,33,1,-0.743743135,0.131777932
1,33,1,-0.743741560,0.131777932
2,33,1,-0.743739985,0.131777932
3,33,1,-0.743738411,0.131777932
4,33,1,-0.743736836,0.131777932
5,33,1,-0.743735261,0.131777932
6,33,1,-0.743733686,0.131777932
7,33,1,-0.743732111,0.131777932
8,33,1,-0.743730537,0.131777932
9,33,1,-0.743728962,0.131777932
10,33,1,-0.743727387,0.131777932
11,33,1,-0.743725812,0.131777932
12,33,1,-0.743724237,0.131777932
13,33,1,-0.743722663,0.131777932
14,33,1,-0.743721088,0.131777932
15,33,1,-0.743719513,0.131777932
16,33,1,-0.743717938,0.131777932
17,33,1,-0.743716363,0.131777932
18,33,1,-0.743714789,0.131777932
19,33,1,-0.743713214,0.131777932
20,33,1,-0.743711639,0.131777932
21,33,1,-0.743710064,0.131777932
22,33,1,-0.743708489,0.131777932
23,33,1,-0.743706915,0.131777932
24,33,1,-0.743705340,0.131777932
25,33,1,-0.743703765,0.131777932
26,33,1,-0.743702190,0.131777932
27,33,1,-0.743700615,0.131777932
28,33,1,-0.743699041,0.131777932
29,33,1,-0.743697466,0.131777932
30,33,1,-0.743695891,0.131777932
31,33,1,-0.743694316,0.131777932
32,33,1,-0.743692741,0.131777932
33,33,1,-0.743691166,0.131777932
34,33,1,-0.743689592,0.131777932
35,33,1,-0.743688017,0.131777932
36,33,1,-0.743686442,0.131777932
37,33,1,-0.743684867,0.131777932
38,33,1,-0.743683292,0.131777932
39,33,1,-0.743681718,0.131777932
40,33,1,-0.743680143,0.131777932
41,33,1,-0.743678568,0.131777932
42,33,1,-0.743676993,0.131777932
43,33,1,-0.743675418,0.131777932
44,33,1,-0.743673844,0.131777932
45,33,1,-0.743672269,0.131777932
46,33,1,-0.743670694,0.131777932
47,33,1,-0.743669119,0.131777932
48,33,1,-0.743667544,0.131777932
49,33,1,-0.743665970,0.131777932
50,33,1,-0.743664395,0.131777932
51,33,1,-0.743662820,0.131777932
52,33,1,-0.743661245,0.131777932
53,33,1,-0.743659670,0.131777932
54,33,1,-0.743658096,0.131777932
55,33,1,-0.743656521,0.131777932
56,33,1,-0.743654946,0.131777932
57,33,1,-0.743653371,0.131777932
58,33,1,-0.743651796,0.131777932
59,33,1,-0.743650222,0.131777932
60,33,1,-0.743648647,0.131777932
61,33,1,-0.743647072,0.131777932
62,33,1,-0.743645497,0.131777932
63,33,1,-0.743643922,0.131777932
64,33,1,-0.743642348,0.131777932
65,33,1,-0.743640773,0.131777932
66,33,1,-0.743639198,0.131777932
67,33,1,-0.743637623,0.131777932
68,33,1,-0.743636048,0.131777932
69,33,1,-0.743634474,0.131777932
70,33,1,-0.743632899,0.131777932
71,33,1,-0.743631324,0.131777932
72,33,1,-0.743629749,0.131777932
73,33,1,-0.743628174,0.131777932
74,33,1,-0.743626600,0.131777932
75,33,1,-0.743625025,0.131777932
76,33,1,-0.743623450,0.131777932
77,33,1,-0.743621875,0.131777932
78,33,1,-0.743620300,0.131777932
79,33,1,-0.743618726,0.131777932
80,33,1,-0.743617151,0.131777932
81,33,1,-0.743615576,0.131777932
82,33,1,-0.743614001,0.131777932
83,33,1,-0.743612426,0.131777932
84,33,1,-0.743610852,0.131777932
85,33,1,-0.743609277,0.131777932
86,33,1,-0.743607702,0.131777932
87,33,1,-0.743606127,0.131777932
88,33,1,-0.743604552,0.131777932
89,33,1,-0.743602978,0.131777932
90,33,1,-0.743601403,0.131777932
91,33,1,-0.743599828,0.131777932
92,33,1,-0.743598253,0.131777932
93,33,1,-0.743596678,0.131777932
94,33,1,-0.743595104,0.131777932
95,33,1,-0.743593529,0.131777932
96,33,1,-0.743591954,0.131777932
97,33,1,-0.743590379,0.131777932
98,33,1,-0.743588804,0.131777932
99,33,1,-0.743587229,0.131777932
100,33,1,-0.743585655,0.131777932
101,33,1,-0.743584080,0.131777932
102,33,1,-0.743582505,0.131777932
103,33,1,-0.743580930,0.131777932
104,33,1,-0.743579355,0.131777932
105,33,1,-0.743577781,0.131777932
106,33,1,-0.743576206,0.131777932
107,33,1,-0.743574631,0.131777932
108,33,1,-0.743573056,0.131777932
109,33,1,-0.743571481,0.131777932
110,33,1,-0.743569907,0.131777932
111,33,1,-0.743568332,0.131777932
112,33,1,-0.743566757,0.131777932
113,33,1,-0.743565182,0.131777932
114,33,1,-0.743563607,0.131777932
115,33,1,-0.743562033,0.131777932
116,33,1,-0.743560458,0.131777932
117,33,1,-0.743558883,0.131777932
118,33,1,-0.743557308,0.131777932
119,33,1,-0.743555733,0.131777932
120,33,1,-0.743554159,0.131777932
121,33,1,-0.743552584,0.131777932
122,33,1,-0.743551009,0.131777932
123,33,1,-0.743549434,0.131777932
124,33,1,-0.743547859,0.131777932
125,33,1,-0.743546285,0.131777932
126,33,1,-0.743544710,0.131777932
127,33,1,-0.743543135,0.131777932
0,34,1,-0.743743135,0.131779506
1,34,1,-0.743741560,0.131779506
2,34,1,-0.743739985,0.131779506
3,34,1,-0.743738411,0.131779506
4,34,1,-0.743736836,0.131779506
5,34,1,-0.743735261,0.131779506
6,34,1,-0.743733686,0.131779506
7,34,1,-0.743732111,0.131779506
8,34,1,-0.743730537,0.131779506
9,34,1,-0.743728962,0.131779506
10,34,1,-0.743727387,0.131779506
11,34,1,-0.743725812,0.131779506
12,34,1,-0.743724237,0.131779506
13,34,1,-0.743722663,0.131779506
14,34,1,-0.743721088,0.131779506
15,34,1,-0.743719513,0.131779506
16,34,1,-0.743717938,0.131779506
17,34,1,-0.743716363,0.131779506
18,34,1,-0.743714789,0.131779506
19,34,1,-0.743713214,0.131779506
20,34,1,-0.743711639,0.131779506
21,34,1,-0.743710064,0.131779506
22,34,1,-0.743708489,0.131779506
23,34,1,-0.743706915,0.131779506
24,34,1,-0.743705340,0.131779506
25,34,1,-0.743703765,0.131779506
26,34,1,-0.743702190,0.131779506
27,34,1,-0.743700615,0.131779506
28,34,1,-0.743699041,0.131779506
29,34,1,-0.743697466,0.131779506
30,34,1,-0.743695891,0.131779506
31,34,1,-0.743694316,0.131779506
32,34,1,-0.743692741,0.131779506
33,34,1,-0.743691166,0.131779506
34,34,1,-0.743689592,0.131779506
35,34,1,-0.743688017,0.131779506
36,34,1,-0.743686442,0.131779506
37,34,1,-0.743684867,0.131779506
38,34,1,-0.743683292,0.131779506
39,34,1,-0.743681718,0.131779506
40,34,1,-0.743680143,0.131779506
41,34,1,-0.743678568,0.131779506
42,34,1,-0.743676993,0.131779506
43,34,1,-0.743675418,0.131779506
44,34,1,-0.743673844,0.131779506
45,34,1,-0.743672269,0.131779506
46,34,1,-0.743670694,0.131779506
47,34,1,-0.743669119,0.131779506
48,34,1,-0.743667544,0.131779506
49,34,1,-0.743665970,0.131779506
50,34,1,-0.743664395,0.131779506
51,34,1,-0.743662820,0.131779506
52,34,1,-0.743661245,0.131779506
53,34,1,-0.743659670,0.131779506
54,34,1,-0.743658096,0.131779506
55,34,1,-0.743656521,0.131779506
56,34,1,-0.743654946,0.131779506
57,34,1,-0.743653371,0.131779506
58,34,1,-0.743651796,0.131779506
59,34,1,-0.743650222,0.131779506
60,34,1,-0.743648647,0.131779506
61,34,1,-0.743647072,0.131779506
62,34,1,-0.743645497,0.131779506
63,34,1,-0.743643922,0.131779506
64,34,1,-0.743642348,0.131779506
65,34,1,-0.743640773,0.131779506
66,34,1,-0.743639198,0.131779506
67,34,1,-0.743637623,0.131779506
68,34,1,-0.743636048,0.131779506
69,34,1,-0.743634474,0.131779506
70,34,1,-0.743632899,0.131779506
71,34,1,-0.743631324,0.131779506
72,34,1,-0.743629749,0.131779506
73,34,1,-0.743628174,0.131779506
74,34,1,-0.743626600,0.131779506
75,34,1,-0.743625025,0.131779506
76,34,1,-0.743623450,0.131779506
77,34,1,-0.743621875,0.131779506
78,34,1,-0.743620300,0.131779506
79,34,1,-0.743618726,0.131779506
80,34,1,-0.743617151,0.131779506
81,34,1,-0.743615576,0.131779506
82,34,1,-0.743614001,0.131779506
83,34,1,-0.743612426,0.131779506
84,34,1,-0.743610852,0.131779506
85,34,1,-0.743609277,0.131779506
86,34,1,-0.743607702,0.131779506
87,34,1,-0.743606127,0.131779506
88,34,1,-0.743604552,0.131779506
89,34,1,-0.743602978,0.131779506
90,34,1,-0.743601403,0.131779506
91,34,1,-0.743599828,0.131779506
92,34,1,-0.743598253,0.131779506
93,34,1,-0.743596678,0.131779506
94,34,1,-0.743595104,0.131779506
95,34,1,-0.743593529,0.131779506
96,34,1,-0.743591954,0.131779506
97,34,1,-0.743590379,0.131779506
98,34,1,-0.743588804,0.131779506
99,34,1,-0.743587229,0.131779506
100,34,1,-0.743585655,0.131779506
101,34,1,-0.743584080,0.131779506
102,34,1,-0.743582505,0.131779506
103,34,1,-0.743580930,0.131779506
104,34,1,-0.743579355,0.131779506
105,34,1,-0.743577781,0.131779506
106,34,1,-0.743576206,0.131779506
107,34,1,-0.743574631,0.131779506
108,34,1,-0.743573056,0.131779506
109,34,1,-0.743571481,0.131779506
110,34,1,-0.743569907,0.131779506
111,34,1,-0.743568332,0.131779506
112,34,1,-0.743566757,0.131779506
113,34,1,-0.743565182,0.131779506
114,34,1,-0.743563607,0.131779506
115,34,1,-0.743562033,0.131779506
116,34,1,-0.743560458,0.131779506
117,34,1,-0.743558883,0.131779506
118,34,1,-0.743557308,0.131779506
119,34,1,-0.743555733,0.131779506
120,34,1,-0.743554159,0.131779506
121,34,1,-0.743552584,0.131779506
122,34,1,-0.743551009,0.131779506
123,34,1,-0.743549434,0.131779506
124,34,1,-0.743547859,0.131779506
125,34,1,-0.743546285,0.131779506
126,34,1,-0.743544710,0.131779506
127,34,1,-0.743543135,0.131779506
0,35,1,-0.743743135,0.131781081
1,35,1,-0.743741560,0.131781081
2,35,1,-0.743739985,0.131781081
3,35,1,-0.743738411,0.131781081
4,35,1,-0.743736836,0.131781081
5,35,1,-0.743735261,0.131781081
6,35,1,-0.743733686,0.131781081
7,35,1,-0.743732111,0.131781081
8,35,1,-0.743730537,0.131781081
9,35,1,-0.743728962,0.131781081
10,35,1,-0.743727387,0.131781081
11,35,1,-0.743725812,0.131781081
12,35,1,-0.743724237,0.131781081
13,35,1,-0.743722663,0.131781081
14,35,1,-0.743721088,0.131781081
15,35,1,-0.743719513,0.131781081
16,35,1,-0.743717938,0.131781081
17,35,1,-0.743716363,0.131781081
18,35,1,-0.743714789,0.131781081
19,35,1,-0.743713214,0.131781081
20,35,1,-0.743711639,0.131781081
21,35,1,-0.743710064,0.131781081
22,35,1,-0.743708489,0.131781081
23,35,1,-0.743706915,0.131781081
24,35,1,-0.743705340,0.131781081
25,35,1,-0.743703765,0.131781081
26,35,1,-0.743702190,0.131781081
27,35,1,-0.743700615,0.131781081
28,35,1,-0.743699041,0.131781081
29,35,1,-0.743697466,0.131781081
30,35,1,-0.743695891,0.131781081
31,35,1,-0.743694316,0.131781081
32,35,1,-0.743692741,0.131781081
33,35,1,-0.743691166,0.131781081
34,35,1,-0.743689592,0.131781081
35,35,1,-0.743688017,0.131781081
36,35,1,-0.743686442,0.131781081
37,35,1,-0.743684867,0.131781081
38,35,1,-0.743683292,0.131781081
39,35,1,-0.743681718,0.131781081
40,35,1,-0.743680143,0.131781081
41,35,1,-0.743678568,0.131781081
42,35,1,-0.743676993,0.131781081
43,35,1,-0.743675418,0.131781081
44,35,1,-0.743673844,0.131781081
45,35,1,-0.743672269,0.131781081
46,35,1,-0.743670694,0.131781081
47,35,1,-0.743669119,0.131781081
48,35,1,-0.743667544,0.131781081
49,35,1,-0.743665970,0.131781081
50,35,1,-0.743664395,0.131781081
51,35,1,-0.743662820,0.131781081
52,35,1,-0.743661245,0.131781081
53,35,1,-0.743659670,0.131781081
54,35,1,-0.743658096,0.131781081
55,35,1,-0.743656521,0.131781081
56,35,1,-0.743654946,0.131781081
57,35,1,-0.743653371,0.131781081
58,35,1,-0.743651796,0.131781081
59,35,1,-0.743650222,0.131781081
60,35,1,-0.743648647,0.131781081
61,35,1,-0.743647072,0.131781081
62,35,1,-0.743645497,0.131781081
63,35,1,-0.743643922,0.131781081
64,35,1,-0.743642348,0.131781081
65,35,1,-0.743640773,0.131781081
66,35,1,-0.743639198,0.131781081
67,35,1,-0.743637623,0.131781081
68,35,1,-0.743636048,0.131781081
69,35,1,-0.743634474,0.131781081
70,35,1,-0.743632899,0.131781081
71,35,1,-0.743631324,0.131781081
72,35,1,-0.743629749,0.131781081
73,35,1,-0.743628174,0.131781081
74,35,1,-0.743626600,0.131781081
75,35,1,-0.743625025,0.131781081
76,35,1,-0.743623450,0.131781081
77,35,1,-0.743621875,0.131781081
78,35,1,-0.743620300,0.131781081
79,35,1,-0.743618726,0.131781081
80,35,1,-0.743617151,0.131781081
81,35,1,-0.743615576,0.131781081
82,35,1,-0.743614001,0.131781081
83,35,1,-0.743612426,0.131781081
84,35,1,-0.743610852,0.131781081
85,35,1,-0.743609277,0.131781081
86,35,1,-0.743607702,0.131781081
87,35,1,-0.743606127,0.131781081
88,35,1,-0.743604552,0.131781081
89,35,1,-0.743602978,0.131781081
90,35,1,-0.743601403,0.131781081
91,35,1,-0.743599828,0.131781081
92,35,1,-0.743598253,0.131781081
93,35,1,-0.743596678,0.131781081
94,35,1,-0.743595104,0.131781081
95,35,1,-0.743593529,0.131781081
96,35,1,-0.743591954,0.131781081
97,35,1,-0.743590379,0.131781081
98,35,1,-0.743588804,0.131781081
99,35,1,-0.743587229,0.131781081
100,35,1,-0.743585655,0.131781081
101,35,1,-0.743584080,0.131781081
102,35,1,-0.743582505,0.131781081
103,35,1,-0.743580930,0.131781081
104,35,1,-0.743579355,0.131781081
105,35,1,-0.743577781,0.131781081
106,35,1,-0.743576206,0.131781081
107,35,1,-0.743574631,0.131781081
108,35,1,-0.743573056,0.131781081
109,35,1,-0.743571481,0.131781081
110,35,1,-0.743569907,0.131781081
111,35,1,-0.743568332,0.131781081
112,35,1,-0.743566757,0.131781081
113,35,1,-0.743565182,0.131781081
114,35,1,-0.743563607,0.131781081
115,35,1,-0.743562033,0.131781081
116,35,1,-0.743560458,0.131781081
117,35,1,-0.743558883,0.131781081
118,35,1,-0.743557308,0.131781081
119,35,1,-0.743555733,0.131781081
120,35,1,-0.743554159,0.131781081
121,35,1,-0.743552584,0.131781081
122,35,1,-0.743551009,0.131781081
123,35,1,-0.743549434,0.131781081
124,35,1,-0.743547859,0.131781081
125,35,1,-0.743546285,0.131781081
126,35,1,-0.743544710,0.131781081
127,35,1,-0.743543135,0.131781081
0,36,1,-0.743743135,0.131782656
1,36,1,-0.743741560,0.131782656
2,36,1,-0.743739985,0.131782656
3,36,1,-0.743738411,0.131782656
4,36,1,-0.743736836,0.131782656
5,36,1,-0.743735261,0.131782656
6,36,1,-0.743733686,0.131782656
7,36,1,-0.743732111,0.131782656
8,36,1,-0.743730537,0.131782656
9,36,1,-0.743728962,0.131782656
10,36,1,-0.743727387,0.131782656
11,36,1,-0.743725812,0.131782656
12,36,1,-0.743724237,0.131782656
13,36,1,-0.743722663,0.131782656
14,36,1,-0.743721088,0.131782656
15,36,1,-0.743719513,0.131782656
16,36,1,-0.743717938,0.131782656
17,36,1,-0.743716363,0.131782656
18,36,1,-0.743714789,0.131782656
19,36,1,-0.743713214,0.131782656
20,36,1,-0.743711639,0.131782656
21,36,1,-0.743710064,0.131782656
22,36,1,-0.743708489,0.131782656
23,36,1,-0.743706915,0.131782656
24,36,1,-0.743705340,0.131782656
25,36,1,-0.743703765,0.131782656
26,36,1,-0.743702190,0.131782656
27,36,1,-0.743700615,0.131782656
28,36,1,-0.743699041,0.131782656
29,36,1,-0.743697466,0.131782656
30,36,1,-0.743695891,0.131782656
31,36,1,-0.743694316,0.131782656
32,36,1,-0.743692741,0.131782656
33,36,1,-0.743691166,0.131782656
34,36,1,-0.743689592,0.131782656
35,36,1,-0.743688017,0.131782656
36,36,1,-0.743686442,0.131782656
37,36,1,-0.743684867,0.131782656
38,36,1,-0.743683292,0.131782656
39,36,1,-0.743681718,0.131782656
40,36,1,-0.743680143,0.131782656
41,36,1,-0.743678568,0.131782656
42,36,1,-0.743676993,0.131782656
43,36,1,-0.743675418,0.131782656
44,36,1,-0.743673844,0.131782656
45,36,1,-0.743672269,0.131782656
46,36,1,-0.743670694,0.131782656
47,36,1,-0.743669119,0.131782656
48,36,1,-0.743667544,0.131782656
49,36,1,-0.743665970,0.131782656
50,36,1,-0.743664395,0.131782656
51,36,1,-0.743662820,0.131782656
52,36,1,-0.743661245,0.131782656
53,36,1,-0.743659670,0.131782656
54,36,1,-0.743658096,0.131782656
55,36,1,-0.743656521,0.131782656
56,36,1,-0.743654946,0.131782656
57,36,1,-0.743653371,0.131782656
58,36,1,-0.743651796,0.131782656
59,36,1,-0.743650222,0.131782656
60,36,1,-0.743648647,0.131782656
61,36,1,-0.743647072,0.131782656
62,36,1,-0.743645497,0.131782656
63,36,1,-0.743643922,0.131782656
64,36,1,-0.743642348,0.131782656
65,36,1,-0.743640773,0.131782656
66,36,1,-0.743639198,0.131782656
67,36,1,-0.743637623,0.131782656
68,36,1,-0.743636048,0.131782656
69,36,1,-0.743634474,0.131782656
70,36,1,-0.743632899,0.131782656
71,36,1,-0.743631324,0.131782656
72,36,1,-0.743629749,0.131782656
73,36,1,-0.743628174,0.131782656
74,36,1,-0.743626600,0.131782656
75,36,1,-0.743625025,0.131782656
76,36,1,-0.743623450,0.131782656
77,36,1,-0.743621875,0.131782656
78,36,1,-0.743620300,0.131782656
79,36,1,-0.743618726,0.131782656
80,36,1,-0.743617151,0.131782656
81,36,1,-0.743615576,0.131782656
82,36,1,-0.743614001,0.131782656
83,36,1,-0.743612426,0.131782656
84,36,1,-0.743610852,0.131782656
85,36,1,-0.743609277,0.131782656
86,36,1,-0.743607702,0.131782656
87,36,1,-0.743606127,0.131782656
88,36,1,-0.743604552,0.131782656
89,36,1,-0.743602978,0.131782656
90,36,1,-0.743601403,0.131782656
91,36,1,-0.743599828,0.131782656
92,36,1,-0.743598253,0.131782656
93,36,1,-0.743596678,0.131782656
94,36,1,-0.743595104,0.131782656
95,36,1,-0.743593529,0.131782656
96,36,1,-0.743591954,0.131782656
97,36,1,-0.743590379,0.131782656
98,36,1,-0.743588804,0.131782656
99,36,1,-0.743587229,0.131782656
100,36,1,-0.743585655,0.131782656
101,36,1,-0.743584080,0.131782656
102,36,1,-0.743582505,0.131782656
103,36,1,-0.743580930,0.131782656
104,36,1,-0.743579355,0.131782656
105,36,1,-0.743577781,0.131782656
106,36,1,-0.743576206,0.131782656
107,36,1,-0.743574631,0.131782656
108,36,1,-0.743573056,0.131782656
109,36,1,-0.743571481,0.131782656
110,36,1,-0.743569907,0.131782656
111,36,1,-0.743568332,0.131782656
112,36,1,-0.743566757,0.131782656
113,36,1,-0.743565182,0.131782656
114,36,1,-0.743563607,0.131782656
115,36,1,-0.743562033,0.131782656
116,36,1,-0.743560458,0.131782656
117,36,1,-0.743558883,0.131782656
118,36,1,-0.743557308,0.131782656
119,36,1,-0.743555733,0.131782656
120,36,1,-0.743554159,0.131782656
121,36,1,-0.743552584,0.131782656
122,36,1,-0.743551009,0.131782656
123,36,1,-0.743549434,0.131782656
124,36,1,-0.743547859,0.131782656
125,36,1,-0.743546285,0.131782656
126,36,1,-0.743544710,0.131782656
127,36,1,-0.743543135,0.131782656
0,37,1,-0.743743135,0.131784231
1,37,1,-0.743741560,0.131784231
2,37,1,-0.743739985,0.131784231
3,37,1,-0.743738411,0.131784231
4,37,1,-0.743736836,0.131784231
5,37,1,-0.743735261,0.131784231
6,37,1,-0.743733686,0.131784231
7,37,1,-0.743732111,0.131784231
8,37,1,-0.743730537,0.131784231
9,37,1,-0.743728962,0.131784231
10,37,1,-0.743727387,0.131784231
11,37,1,-0.743725812,0.131784231
12,37,1,-0.743724237,0.131784231
13,37,1,-0.743722663,0.131784231
14,37,1,-0.743721088,0.131784231
15,37,1,-0.743719513,0.131784231
16,37,1,-0.743717938,0.131784231
17,37,1,-0.743716363,0.131784231
18,37,1,-0.743714789,0.131784231
19,37,1,-0.743713214,0.131784231
20,37,1,-0.743711639,0.131784231
21,37,1,-0.743710064,0.131784231
22,37,1,-0.743708489,0.131784231
23,37,1,-0.743706915,0.131784231
24,37,1,-0.743705340,0.131784231
25,37,1,-0.743703765,0.131784231
26,37,1,-0.743702190,0.131784231
27,37,1,-0.743700615,0.131784231
28,37,1,-0.743699041,0.131784231
29,37,1,-0.743697466,0.131784231
30,37,1,-0.743695891,0.131784231
31,37,1,-0.743694316,0.131784231
32,37,1,-0.743692741,0.131784231
33,37,1,-0.743691166,0.131784231
34,37,1,-0.743689592,0.131784231
35,37,1,-0.743688017,0.131784231
36,37,1,-0.743686442,0.131784231
37,37,1,-0.743684867,0.131784231
38,37,1,-0.743683292,0.131784231
39,37,1,-0.743681718,0.131784231
40,37,1,-0.743680143,0.131784231
41,37,1,-0.743678568,0.131784231
42,37,1,-0.743676993,0.131784231
43,37,1,-0.743675418,0.131784231
44,37,1,-0.743673844,0.131784231
45,37,1,-0.743672269,0.131784231
46,37,1,-0.743670694,0.131784231
47,37,1,-0.743669119,0.131784231
48,37,1,-0.743667544,0.131784231
49,37,1,-0.743665970,0.131784231
50,37,1,-0.743664395,0.131784231
51,37,1,-0.743662820,0.131784231
52,37,1,-0.743661245,0.131784231
53,37,1,-0.743659670,0.131784231
54,37,1,-0.743658096,0.131784231
55,37,1,-0.743656521,0.131784231
56,37,1,-0.743654946,0.131784231
57,37,1,-0.743653371,0.131784231
58,37,1,-0.743651796,0.131784231
59,37,1,-0.743650222,0.131784231
60,37,1,-0.743648647,0.131784231
61,37,1,-0.743647072,0.131784231
62,37,1,-0.743645497,0.131784231
63,37,1,-0.743643922,0.131784231
64,37,1,-0.743642348,0.131784231
65,37,1,-0.743640773,0.131784231
66,37,1,-0.743639198,0.131784231
67,37,1,-0.743637623,0.131784231
68,37,1,-0.743636048,0.131784231
69,37,1,-0.743634474,0.131784231
70,37,1,-0.743632899,0.131784231
71,37,1,-0.743631324,0.131784231
72,37,1,-0.743629749,0.131784231
73,37,1,-0.743628174,0.131784231
74,37,1,-0.743626600,0.131784231
75,37,1,-0.743625025,0.131784231
76,37,1,-0.743623450,0.131784231
77,37,1,-0.743621875,0.131784231
78,37,1,-0.743620300,0.131784231
79,37,1,-0.743618726,0.131784231
80,37,1,-0.743617151,0.131784231
81,37,1,-0.743615576,0.131784231
82,37,1,-0.743614001,0.131784231
83,37,1,-0.743612426,0.131784231
84,37,1,-0.743610852,0.131784231
85,37,1,-0.743609277,0.131784231
86,37,1,-0.743607702,0.131784231
87,37,1,-0.743606127,0.131784231
88,37,1,-0.743604552,0.131784231
89,37,1,-0.743602978,0.131784231
90,37,1,-0.743601403,0.131784231
91,37,1,-0.743599828,0.131784231
92,37,1,-0.743598253,0.131784231
93,37,1,-0.743596678,0.131784231
94,37,1,-0.743595104,0.131784231
95,37,1,-0.743593529,0.131784231
96,37,1,-0.743591954,0.131784231
97,37,1,-0.743590379,0.131784231
98,37,1,-0.743588804,0.131784231
99,37,1,-0.743587229,0.131784231
100,37,1,-0.743585655,0.131784231
101,37,1,-0.743584080,0.131784231
102,37,1,-0.743582505,0.131784231
103,37,1,-0.743580930,0.131784231
104,37,1,-0.743579355,0.131784231
105,37,1,-0.743577781,0.131784231
106,37,1,-0.743576206,0.131784231
107,37,1,-0.743574631,0.131784231
108,37,1,-0.743573056,0.131784231
109,37,1,-0.743571481,0.131784231
110,37,1,-0.743569907,0.131784231
111,37,1,-0.743568332,0.131784231
112,37,1,-0.743566757,0.131784231
113,37,1,-0.743565182,0.131784231
114,37,1,-0.743563607,0.131784231
115,37,1,-0.743562033,0.131784231
116,37,1,-0.743560458,0.131784231
117,37,1,-0.743558883,0.131784231
118,37,1,-0.743557308,0.131784231
119,37,1,-0.743555733,0.131784231
120,37,1,-0.743554159,0.131784231
121,37,1,-0.743552584,0.131784231
122,37,1,-0.743551009,0.131784231
123,37,1,-0.743549434,0.131784231
124,37,1,-0.743547859,0.131784231
125,37,1,-0.743546285,0.131784231
126,37,1,-0.743544710,0.131784231
127,37,1,-0.743543135,0.131784231
0,38,1,-0.743743135,0.131785806
1,38,1,-0.743741560,0.131785806
2,38,1,-0.743739985,0.131785806
3,38,1,-0.743738411,0.131785806
4,38,1,-0.743736836,0.131785806
5,38,1,-0.743735261,0.131785806
6,38,1,-0.743733686,0.131785806
7,38,1,-0.743732111,0.131785806
8,38,1,-0.743730537,0.131785806
9,38,1,-0.743728962,0.131785806
10,38,1,-0.743727387,0.131785806
11,38,1,-0.743725812,0.131785806
12,38,1,-0.743724237,0.131785806
13,38,1,-0.743722663,0.131785806
14,38,1,-0.743721088,0.131785806
15,38,1,-0.743719513,0.131785806
16,38,1,-0.743717938,0.131785806
17,38,1,-0.743716363,0.131785806
18,38,1,-0.743714789,0.131785806
19,38,1,-0.743713214,0.131785806
20,38,1,-0.743711639,0.131785806
21,38,1,-0.743710064,0.131785806
22,38,1,-0.743708489,0.131785806
23,38,1,-0.743706915,0.131785806
24,38,1,-0.743705340,0.131785806
25,38,1,-0.743703765,0.131785806
26,38,1,-0.743702190,0.131785806
27,38,1,-0.743700615,0.131785806
28,38,1,-0.743699041,0.131785806
29,38,1,-0.743697466,0.131785806
30,38,1,-0.743695891,0.131785806
31,38,1,-0.743694316,0.131785806
32,38,1,-0.743692741,0.131785806
33,38,1,-0.743691166,0.131785806
34,38,1,-0.743689592,0.131785806
35,38,1,-0.743688017,0.131785806
36,38,1,-0.743686442,0.131785806
37,38,1,-0.743684867,0.131785806
38,38,1,-0.743683292,0.131785806
39,38,1,-0.743681718,0.131785806
40,38,1,-0.743680143,0.131785806
41,38,1,-0.743678568,0.131785806
42,38,1,-0.743676993,0.131785806
43,38,1,-0.743675418,0.131785806
44,38,1,-0.743673844,0.131785806
45,38,1,-0.743672269,0.131785806
46,38,1,-0.743670694,0.131785806
47,38,1,-0.743669119,0.131785806
48,38,1,-0.743667544,0.131785806
49,38,1,-0.743665970,0.131785806
50,38,1,-0.743664395,0.131785806
51,38,1,-0.743662820,0.131785806
52,38,1,-0.743661245,0.131785806
53,38,1,-0.743659670,0.131785806
54,38,1,-0.743658096,0.131785806
55,38,1,-0.743656521,0.131785806
56,38,1,-0.743654946,0.131785806
57,38,1,-0.743653371,0.131785806
58,38,1,-0.743651796,0.131785806
59,38,1,-0.743650222,0.131785806
60,38,1,-0.743648647,0.131785806
61,38,1,-0.743647072,0.131785806
62,38,1,-0.743645497,0.131785806
63,38,1,-0.743643922,0.131785806
64,38,1,-0.743642348,0.131785806
65,38,1,-0.743640773,0.131785806
66,38,1,-0.743639198,0.131785806
67,38,1,-0.743637623,0.131785806
68,38,1,-0.743636048,0.131785806
69,38,1,-0.743634474,0.131785806
70,38,1,-0.743632899,0.131785806
71,38,1,-0.743631324,0.131785806
72,38,1,-0.743629749,0.131785806
73,38,1,-0.743628174,0.131785806
74,38,1,-0.743626600,0.131785806
75,38,1,-0.743625025,0.131785806
76,38,1,-0.743623450,0.131785806
77,38,1,-0.743621875,0.131785806
78,38,1,-0.743620300,0.131785806
79,38,1,-0.743618726,0.131785806
80,38,1,-0.743617151,0.131785806
81,38,1,-0.743615576,0.131785806
82,38,1,-0.743614001,0.131785806
83,38,1,-0.743612426,0.131785806
84,38,1,-0.743610852,0.131785806
85,38,1,-0.743609277,0.131785806
86,38,1,-0.743607702,0.131785806
87,38,1,-0.743606127,0.131785806
88,38,1,-0.743604552,0.131785806
89,38,1,-0.743602978,0.131785806
90,38,1,-0.743601403,0.131785806
91,38,1,-0.743599828,0.131785806
92,38,1,-0.743598253,0.131785806
93,38,1,-0.743596678,0.131785806
94,38,1,-0.743595104,0.131785806
95,38,1,-0.743593529,0.131785806
96,38,1,-0.743591954,0.131785806
97,38,1,-0.743590379,0.131785806
98,38,1,-0.743588804,0.131785806
99,38,1,-0.743587229,0.131785806
100,38,1,-0.743585655,0.131785806
101,38,1,-0.743584080,0.131785806
102,38,1,-0.743582505,0.131785806
103,38,1,-0.743580930,0.131785806
104,38,1,-0.743579355,0.131785806
105,38,1,-0.743577781,0.131785806
106,38,1,-0.743576206,0.131785806
107,38,1,-0.743574631,0.131785806
108,38,1,-0.743573056,0.131785806
109,38,1,-0.743571481,0.131785806
110,38,1,-0.743569907,0.131785806
111,38,1,-0.743568332,0.131785806
112,38,1,-0.743566757,0.131785806
113,38,1,-0.743565182,0.131785806
114,38,1,-0.743563607,0.131785806
115,38,1,-0.743562033,0.131785806
116,38,1,-0.743560458,0.131785806
117,38,1,-0.743558883,0.131785806
118,38,1,-0.743557308,0.131785806
119,38,1,-0.743555733,0.131785806
120,38,1,-0.743554159,0.131785806
121,38,1,-0.743552584,0.131785806
122,38,1,-0.743551009,0.131785806
123,38,1,-0.743549434,0.131785806
124,38,1,-0.743547859,0.131785806
125,38,1,-0.743546285,0.131785806
126,38,1,-0.743544710,0.131785806
127,38,1,-0.743543135,0.131785806
0,39,1,-0.743743135,0.131787380
1,39,1,-0.743741560,0.131787380
2,39,1,-0.743739985,0.131787380
3,39,1,-0.743738411,0.131787380
4,39,1,-0.743736836,0.131787380
5,39,1,-0.743735261,0.131787380
6,39,1,-0.743733686,0.131787380
7,39,1,-0.743732111,0.131787380
8,39,1,-0.743730537,0.131787380
9,39,1,-0.743728962,0.131787380
10,39,1,-0.743727387,0.131787380
11,39,1,-0.743725812,0.131787380
12,39,1,-0.743724237,0.131787380
13,39,1,-0.743722663,0.131787380
14,39,1,-0.743721088,0.131787380
15,39,1,-0.743719513,0.131787380
16,39,1,-0.743717938,0.131787380
17,39,1,-0.743716363,0.131787380
18,39,1,-0.743714789,0.131787380
19,39,1,-0.743713214,0.131787380
20,39,1,-0.743711639,0.131787380
21,39,1,-0.743710064,0.131787380
22,39,1,-0.743708489,0.131787380
23,39,1,-0.743706915,0.131787380
24,39,1,-0.743705340,0.131787380
25,39,1,-0.743703765,0.131787380
26,39,1,-0.743702190,0.131787380
27,39,1,-0.743700615,0.131787380
28,39,1,-0.743699041,0.131787380
29,39,1,-0.743697466,0.131787380
30,39,1,-0.743695891,0.131787380
31,39,1,-0.743694316,0.131787380
32,39,1,-0.743692741,0.131787380
33,39,1,-0.743691166,0.131787380
34,39,1,-0.743689592,0.131787380
35,39,1,-0.743688017,0.131787380
36,39,1,-0.743686442,0.131787380
37,39,1,-0.743684867,0.131787380
38,39,1,-0.743683292,0.131787380
39,39,1,-0.743681718,0.131787380
40,39,1,-0.743680143,0.131787380
41,39,1,-0.743678568,0.131787380
42,39,1,-0.743676993,0.131787380
43,39,1,-0.743675418,0.131787380
44,39,1,-0.743673844,0.131787380
45,39,1,-0.743672269,0.131787380
46,39,1,-0.743670694,0.131787380
47,39,1,-0.743669119,0.131787380
48,39,1,-0.743667544,0.131787380
49,39,1,-0.743665970,0.131787380
50,39,1,-0.743664395,0.131787380
51,39,1,-0.743662820,0.131787380
52,39,1,-0.743661245,0.131787380
53,39,1,-0.743659670,0.131787380
54,39,1,-0.743658096,0.131787380
55,39,1,-0.743656521,0.131787380
56,39,1,-0.743654946,0.131787380
57,39,1,-0.743653371,0.131787380
58,39,1,-0.743651796,0.131787380
59,39,1,-0.743650222,0.131787380
60,39,1,-0.743648647,0.131787380
61,39,1,-0.743647072,0.131787380
62,39,1,-0.743645497,0.131787380
63,39,1,-0.743643922,0.131787380
64,39,1,-0.743642348,0.131787380
65,39,1,-0.743640773,0.131787380
66,39,1,-0.743639198,0.131787380
67,39,1,-0.743637623,0.131787380
68,39,1,-0.743636048,0.131787380
69,39,1,-0.743634474,0.131787380
70,39,1,-0.743632899,0.131787380
71,39,1,-0.743631324,0.131787380
72,39,1,-0.743629749,0.131787380
73,39,1,-0.743628174,0.131787380
74,39,1,-0.743626600,0.131787380
75,39,1,-0.743625025,0.131787380
76,39,1,-0.743623450,0.131787380
77,39,1,-0.743621875,0.131787380
78,39,1,-0.743620300,0.131787380
79,39,1,-0.743618726,0.131787380
80,39,1,-0.743617151,0.131787380
81,39,1,-0.743615576,0.131787380
82,39,1,-0.743614001,0.131787380
83,39,1,-0.743612426,0.131787380
84,39,1,-0.743610852,0.131787380
85,39,1,-0.743609277,0.131787380
86,39,1,-0.743607702,0.131787380
87,39,1,-0.743606127,0.131787380
88,39,1,-0.743604552,0.131787380
89,39,1,-0.743602978,0.131787380
90,39,1,-0.743601403,0.131787380
91,39,1,-0.743599828,0.131787380
92,39,1,-0.743598253,0.131787380
93,39,1,-0.743596678,0.131787380
94,39,1,-0.743595104,0.131787380
95,39,1,-0.743593529,0.131787380
96,39,1,-0.743591954,0.131787380
97,39,1,-0.743590379,0.131787380
98,39,1,-0.743588804,0.131787380
99,39,1,-0.743587229,0.131787380
100,39,1,-0.743585655,0.131787380
101,39,1,-0.743584080,0.131787380
102,39,1,-0.743582505,0.131787380
103,39,1,-0.743580930,0.131787380
104,39,1,-0.743579355,0.131787380
105,39,1,-0.743577781,0.131787380
106,39,1,-0.743576206,0.131787380
107,39,1,-0.743574631,0.131787380
108,39,1,-0.743573056,0.131787380
109,39,1,-0.743571481,0.131787380
110,39,1,-0.743569907,0.131787380
111,39,1,-0.743568332,0.131787380
112,39,1,-0.743566757,0.131787380
113,39,1,-0.743565182,0.131787380
114,39,1,-0.743563607,0.131787380
115,39,1,-0.743562033,0.131787380
116,39,1,-0.743560458,0.131787380
117,39,1,-0.743558883,0.131787380
118,39,1,-0.743557308,0.131787380
119,39,1,-0.743555733,0.131787380
120,39,1,-0.743554159,0.131787380
121,39,1,-0.743552584,0.131787380
122,39,1,-0.743551009,0.131787380
123,39,1,-0.743549434,0.131787380
124,39,1,-0.743547859,0.131787380
125,39,1,-0.743546285,0.131787380
126,39,1,-0.743544710,0.131787380
127,39,1,-0.743543135,0.131787380
0,40,1,-0.743743135,0.131788955
1,40,1,-0.743741560,0.131788955
2,40,1,-0.743739985,0.131788955
3,40,1,-0.743738411,0.131788955
4,40,1,-0.743736836,0.131788955
5,40,1,-0.743735261,0.131788955
6,40,1,-0.743733686,0.131788955
7,40,1,-0.743732111,0.131788955
8,40,1,-0.743730537,0.131788955
9,40,1,-0.743728962,0.131788955
10,40,1,-0.743727387,0.131788955
11,40,1,-0.743725812,0.131788955
12,40,1,-0.743724237,0.131788955
13,40,1,-0.743722663,0.131788955
14,40,1,-0.743721088,0.131788955
15,40,1,-0.743719513,0.131788955
16,40,1,-0.743717938,0.131788955
17,40,1,-0.743716363,0.131788955
18,40,1,-0.743714789,0.131788955
19,40,1,-0.743713214,0.131788955
20,40,1,-0.743711639,0.131788955
21,40,1,-0.743710064,0.131788955
22,40,1,-0.743708489,0.131788955
23,40,1,-0.743706915,0.131788955
24,40,1,-0.743705340,0.131788955
25,40,1,-0.743703765,0.131788955
26,40,1,-0.743702190,0.131788955
27,40,1,-0.743700615,0.131788955
28,40,1,-0.743699041,0.131788955
29,40,1,-0.743697466,0.131788955
30,40,1,-0.743695891,0.131788955
31,40,1,-0.743694316,0.131788955
32,40,1,-0.743692741,0.131788955
33,40,1,-0.743691166,0.131788955
34,40,1,-0.743689592,0.131788955
35,40,1,-0.743688017,0.131788955
36,40,1,-0.743686442,0.131788955
37,40,1,-0.743684867,0.131788955
38,40,1,-0.743683292,0.131788955
39,40,1,-0.743681718,0.131788955
40,40,1,-0.743680143,0.131788955
41,40,1,-0.743678568,0.131788955
42,40,1,-0.743676993,0.131788955
43,40,1,-0.743675418,0.131788955
44,40,1,-0.743673844,0.131788955
45,40,1,-0.743672269,0.131788955
46,40,1,-0.743670694,0.131788955
47,40,1,-0.743669119,0.131788955
48,40,1,-0.743667544,0.131788955
49,40,1,-0.743665970,0.131788955
50,40,1,-0.743664395,0.131788955
51,40,1,-0.743662820,0.131788955
52,40,1,-0.743661245,0.131788955
53,40,1,-0.743659670,0.131788955
54,40,1,-0.743658096,0.131788955
55,40,1,-0.743656521,0.131788955
56,40,1,-0.743654946,0.131788955
57,40,1,-0.743653371,0.131788955
58,40,1,-0.743651796,0.131788955
59,40,1,-0.743650222,0.131788955
60,40,1,-0.743648647,0.131788955
61,40,1,-0.743647072,0.131788955
62,40,1,-0.743645497,0.131788955
63,40,1,-0.743643922,0.131788955
64,40,1,-0.743642348,0.131788955
65,40,1,-0.743640773,0.131788955
66,40,1,-0.743639198,0.131788955
67,40,1,-0.743637623,0.131788955
68,40,1,-0.743636048,0.131788955
69,40,1,-0.743634474,0.131788955
70,40,1,-0.743632899,0.131788955
71,40,1,-0.743631324,0.131788955
72,40,1,-0.743629749,0.131788955
73,40,1,-0.743628174,0.131788955
74,40,1,-0.743626600,0.131788955
75,40,1,-0.743625025,0.131788955
76,40,1,-0.743623450,0.131788955
77,40,1,-0.743621875,0.131788955
78,40,1,-0.743620300,0.131788955
79,40,1,-0.743618726,0.131788955
80,40,1,-0.743617151,0.131788955
81,40,1,-0.743615576,0.131788955
82,40,1,-0.743614001,0.131788955
83,40,1,-0.743612426,0.131788955
84,40,1,-0.743610852,0.131788955
85,40,1,-0.743609277,0.131788955
86,40,1,-0.743607702,0.131788955
87,40,1,-0.743606127,0.131788955
88,40,1,-0.743604552,0.131788955
89,40,1,-0.743602978,0.131788955
90,40,1,-0.743601403,0.131788955
91,40,1,-0.743599828,0.131788955
92,40,1,-0.743598253,0.131788955
93,40,1,-0.743596678,0.131788955
94,40,1,-0.743595104,0.131788955
95,40,1,-0.743593529,0.131788955
96,40,1,-0.743591954,0.131788955
97,40,1,-0.743590379,0.131788955
98,40,1,-0.743588804,0.131788955
99,40,1,-0.743587229,0.131788955
100,40,1,-0.743585655,0.131788955
101,40,1,-0.743584080,0.131788955
102,40,1,-0.743582505,0.131788955
103,40,1,-0.743580930,0.131788955
104,40,1,-0.743579355,0.131788955
105,40,1,-0.743577781,0.131788955
106,40,1,-0.743576206,0.131788955
107,40,1,-0.743574631,0.131788955
108,40,1,-0.743573056,0.131788955
109,40,1,-0.743571481,0.131788955
110,40,1,-0.743569907,0.131788955
111,40,1,-0.743568332,0.131788955
112,40,1,-0.743566757,0.131788955
113,40,1,-0.743565182,0.131788955
114,40,1,-0.743563607,0.131788955
115,40,1,-0.743562033,0.131788955
116,40,1,-0.743560458,0.131788955
117,40,1,-0.743558883,0.131788955
118,40,1,-0.743557308,0.131788955
119,40,1,-0.743555733,0.131788955
120,40,1,-0.743554159,0.131788955
121,40,1,-0.743552584,0.131788955
122,40,1,-0.743551009,0.131788955
123,40,1,-0.743549434,0.131788955
124,40,1,-0.743547859,0.131788955
125,40,1,-0.743546285,0.131788955
126,40,1,-0.743544710,0.131788955
127,40,1,-0.743543135,0.131788955
0,41,1,-0.743743135,0.131790530
1,41,1,-0.743741560,0.131790530
2,41,1,-0.743739985,0.131790530
3,41,1,-0.743738411,0.131790530
4,41,1,-0.743736836,0.131790530
5,41,1,-0.743735261,0.131790530
6,41,1,-0.743733686,0.131790530
7,41,1,-0.743732111,0.131790530
8,41,1,-0.743730537,0.131790530
9,41,1,-0.743728962,0.131790530
10,41,1,-0.743727387,0.131790530
11,41,1,-0.743725812,0.131790530
12,41,1,-0.743724237,0.131790530
13,41,1,-0.743722663,0.131790530
14,41,1,-0.743721088,0.131790530
15,41,1,-0.743719513,0.131790530
16,41,1,-0.743717938,0.131790530
17,41,1,-0.743716363,0.131790530
18,41,1,-0.743714789,0.131790530
19,41,1,-0.743713214,0.131790530
20,41,1,-0.743711639,0.131790530
21,41,1,-0.743710064,0.131790530
22,41,1,-0.743708489,0.131790530
23,41,1,-0.743706915,0.131790530
24,41,1,-0.743705340,0.131790530
25,41,1,-0.743703765,0.131790530
26,41,1,-0.743702190,0.131790530
27,41,1,-0.743700615,0.131790530
28,41,1,-0.743699041,0.131790530
29,41,1,-0.743697466,0.131790530
30,41,1,-0.743695891,0.131790530
31,41,1,-0.743694316,0.131790530
32,41,1,-0.743692741,0.131790530
33,41,1,-0.743691166,0.131790530
34,41,1,-0.743689592,0.131790530
35,41,1,-0.743688017,0.131790530
36,41,1,-0.743686442,0.131790530
37,41,1,-0.743684867,0.131790530
38,41,1,-0.743683292,0.131790530
39,41,1,-0.743681718,0.131790530
40,41,1,-0.743680143,0.131790530
41,41,1,-0.743678568,0.131790530
42,41,1,-0.743676993,0.131790530
43,41,1,-0.743675418,0.131790530
44,41,1,-0.743673844,0.131790530
45,41,1,-0.743672269,0.131790530
46,41,1,-0.743670694,0.131790530
47,41,1,-0.743669119,0.131790530
48,41,1,-0.743667544,0.131790530
49,41,1,-0.743665970,0.131790530
50,41,1,-0.743664395,0.131790530
51,41,1,-0.743662820,0.131790530
52,41,1,-0.743661245,0.131790530
53,41,1,-0.743659670,0.131790530
54,41,1,-0.743658096,0.131790530
55,41,1,-0.743656521,0.131790530
56,41,1,-0.743654946,0.131790530
57,41,1,-0.743653371,0.131790530
58,41,1,-0.743651796,0.131790530
59,41,1,-0.743650222,0.131790530
60,41,1,-0.743648647,0.131790530
61,41,1,-0.743647072,0.131790530
62,41,1,-0.743645497,0.131790530
63,41,1,-0.743643922,0.131790530
64,41,1,-0.743642348,0.131790530
65,41,1,-0.743640773,0.131790530
66,41,1,-0.743639198,0.131790530
67,41,1,-0.743637623,0.131790530
68,41,1,-0.743636048,0.131790530
69,41,1,-0.743634474,0.131790530
70,41,1,-0.743632899,0.131790530
71,41,1,-0.743631324,0.131790530
72,41,1,-0.743629749,0.131790530
73,41,1,-0.743628174,0.131790530
74,41,1,-0.743626600,0.131790530
75,41,1,-0.743625025,0.131790530
76,41,1,-0.743623450,0.131790530
77,41,1,-0.743621875,0.131790530
78,41,1,-0.743620300,0.131790530
79,41,1,-0.743618726,0.131790530
80,41,1,-0.743617151,0.131790530
81,41,1,-0.743615576,0.131790530
82,41,1,-0.743614001,0.131790530
83,41,1,-0.743612426,0.131790530
84,41,1,-0.743610852,0.131790530
85,41,1,-0.743609277,0.131790530
86,41,1,-0.743607702,0.131790530
87,41,1,-0.743606127,0.131790530
88,41,1,-0.743604552,0.131790530
89,41,1,-0.743602978,0.131790530
90,41,1,-0.743601403,0.131790530
91,41,1,-0.743599828,0.131790530
92,41,1,-0.743598253,0.131790530
93,41,1,-0.743596678,0.131790530
94,41,1,-0.743595104,0.131790530
95,41,1,-0.743593529,0.131790530
96,41,1,-0.743591954,0.131790530
97,41,1,-0.743590379,0.131790530
98,41,1,-0.743588804,0.131790530
99,41,1,-0.743587229,0.131790530
100,41,1,-0.743585655,0.131790530
101,41,1,-0.743584080,0.131790530
102,41,1,-0.743582505,0.131790530
103,41,1,-0.743580930,0.131790530
104,41,1,-0.743579355,0.131790530
105,41,1,-0.743577781,0.131790530
106,41,1,-0.743576206,0.131790530
107,41,1,-0.743574631,0.131790530
108,41,1,-0.743573056,0.131790530
109,41,1,-0.743571481,0.131790530
110,41,1,-0.743569907,0.131790530
111,41,1,-0.743568332,0.131790530
112,41,1,-0.743566757,0.131790530
113,41,1,-0.743565182,0.131790530
114,41,1,-0.743563607,0.131790530
115,41,1,-0.743562033,0.131790530
116,41,1,-0.743560458,0.131790530
117,41,1,-0.743558883,0.131790530
118,41,1,-0.743557308,0.131790530
119,41,1,-0.743555733,0.131790530
120,41,1,-0.743554159,0.131790530
121,41,1,-0.743552584,0.131790530
122,41,1,-0.743551009,0.131790530
123,41,1,-0.743549434,0.131790530
124,41,1,-0.743547859,0.131790530
125,41,1,-0.743546285,0.131790530
126,41,1,-0.743544710,0.131790530
127,41,1,-0.743543135,0.131790530
0,42,1,-0.743743135,0.131792105
1,42,1,-0.743741560,0.131792105
2,42,1,-0.743739985,0.131792105
3,42,1,-0.743738411,0.131792105
4,42,1,-0.743736836,0.131792105
5,42,1,-0.743735261,0.131792105
6,42,1,-0.743733686,0.131792105
7,42,1,-0.743732111,0.131792105
8,42,1,-0.743730537,0.131792105
9,42,1,-0.743728962,0.131792105
10,42,1,-0.743727387,0.131792105
11,42,1,-0.743725812,0.131792105
12,42,1,-0.743724237,0.131792105
13,42,1,-0.743722663,0.131792105
14,42,1,-0.743721088,0.131792105
15,42,1,-0.743719513,0.131792105
16,42,1,-0.743717938,0.131792105
17,42,1,-0.743716363,0.131792105
18,42,1,-0.743714789,0.131792105
19,42,1,-0.743713214,0.131792105
20,42,1,-0.743711639,0.131792105
21,42,1,-0.743710064,0.131792105
22,42,1,-0.743708489,0.131792105
23,42,1,-0.743706915,0.131792105
24,42,1,-0.743705340,0.131792105
25,42,1,-0.743703765,0.131792105
26,42,1,-0.743702190,0.131792105
27,42,1,-0.743700615,0.131792105
28,42,1,-0.743699041,0.131792105
29,42,1,-0.743697466,0.131792105
30,42,1,-0.743695891,0.131792105
31,42,1,-0.743694316,0.131792105
32,42,1,-0.743692741,0.131792105
33,42,1,-0.743691166,0.131792105
34,42,1,-0.743689592,0.131792105
35,42,1,-0.743688017,0.131792105
36,42,1,-0.743686442,0.131792105
37,42,1,-0.743684867,0.131792105
38,42,1,-0.743683292,0.131792105
39,42,1,-0.743681718,0.131792105
40,42,1,-0.743680143,0.131792105
41,42,1,-0.743678568,0.131792105
42,42,1,-0.743676993,0.131792105
43,42,1,-0.743675418,0.131792105
44,42,1,-0.743673844,0.131792105
45,42,1,-0.743672269,0.131792105
46,42,1,-0.743670694,0.131792105
47,42,1,-0.743669119,0.131792105
48,42,1,-0.743667544,0.131792105
49,42,1,-0.743665970,0.131792105
50,42,1,-0.743664395,0.131792105
51,42,1,-0.743662820,0.131792105
52,42,1,-0.743661245,0.131792105
53,42,1,-0.743659670,0.131792105
54,42,1,-0.743658096,0.131792105
55,42,1,-0.743656521,0.131792105
56,42,1,-0.743654946,0.131792105
57,42,1,-0.743653371,0.131792105
58,42,1,-0.743651796,0.131792105
59,42,1,-0.743650222,0.131792105
60,42,1,-0.743648647,0.131792105
61,42,1,-0.743647072,0.131792105
62,42,1,-0.743645497,0.131792105
63,42,1,-0.743643922,0.131792105
64,42,1,-0.743642348,0.131792105
65,42,1,-0.743640773,0.131792105
66,42,1,-0.743639198,0.131792105
67,42,1,-0.743637623,0.131792105
68,42,1,-0.743636048,0.131792105
69,42,1,-0.743634474,0.131792105
70,42,1,-0.743632899,0.131792105
71,42,1,-0.743631324,0.131792105
72,42,1,-0.743629749,0.131792105
73,42,1,-0.743628174,0.131792105
74,42,1,-0.743626600,0.131792105
75,42,1,-0.743625025,0.131792105
76,42,1,-0.743623450,0.131792105
77,42,1,-0.743621875,0.131792105
78,42,1,-0.743620300,0.131792105
79,42,1,-0.743618726,0.131792105
80,42,1,-0.743617151,0.131792105
81,42,1,-0.743615576,0.131792105
82,42,1,-0.743614001,0.131792105
83,42,1,-0.743612426,0.131792105
84,42,1,-0.743610852,0.131792105
85,42,1,-0.743609277,0.131792105
86,42,1,-0.743607702,0.131792105
87,42,1,-0.743606127,0.131792105
88,42,1,-0.743604552,0.131792105
89,42,1,-0.743602978,0.131792105
90,42,1,-0.743601403,0.131792105
91,42,1,-0.743599828,0.131792105
92,42,1,-0.743598253,0.131792105
93,42,1,-0.743596678,0.131792105
94,42,1,-0.743595104,0.131792105
95,42,1,-0.743593529,0.131792105
96,42,1,-0.743591954,0.131792105
97,42,1,-0.743590379,0.131792105
98,42,1,-0.743588804,0.131792105
99,42,1,-0.743587229,0.131792105
100,42,1,-0.743585655,0.131792105
101,42,1,-0.743584080,0.131792105
102,42,1,-0.743582505,0.131792105
103,42,1,-0.743580930,0.131792105
104,42,1,-0.743579355,0.131792105
105,42,1,-0.743577781,0.131792105
106,42,1,-0.743576206,0.131792105
107,42,1,-0.743574631,0.131792105
108,42,1,-0.743573056,0.131792105
109,42,1,-0.743571481,0.131792105
110,42,1,-0.743569907,0.131792105
111,42,1,-0.743568332,0.131792105
112,42,1,-0.743566757,0.131792105
113,42,1,-0.743565182,0.131792105
114,42,1,-0.743563607,0.131792105
115,42,1,-0.743562033,0.131792105
116,42,1,-0.743560458,0.131792105
117,42,1,-0.743558883,0.131792105
118,42,1,-0.743557308,0.131792105
119,42,1,-0.743555733,0.131792105
120,42,1,-0.743554159,0.131792105
121,42,1,-0.743552584,0.131792105
122,42,1,-0.743551009,0.131792105
123,42,1,-0.743549434,0.131792105
124,42,1,-0.743547859,0.131792105
125,42,1,-0.743546285,0.131792105
126,42,1,-0.743544710,0.131792105
127,42,1,-0.743543135,0.131792105
0,43,1,-0.743743135,0.131793680
1,43,1,-0.743741560,0.131793680
2,43,1,-0.743739985,0.131793680
3,43,1,-0.743738411,0.131793680
4,43,1,-0.743736836,0.131793680
5,43,1,-0.743735261,0.131793680
6,43,1,-0.743733686,0.131793680
7,43,1,-0.743732111,0.131793680
8,43,1,-0.743730537,0.131793680
9,43,1,-0.743728962,0.131793680
10,43,1,-0.743727387,0.131793680
11,43,1,-0.743725812,0.131793680
12,43,1,-0.743724237,0.131793680
13,43,1,-0.743722663,0.131793680
14,43,1,-0.743721088,0.131793680
15,43,1,-0.743719513,0.131793680
16,43,1,-0.743717938,0.131793680
17,43,1,-0.743716363,0.131793680
18,43,1,-0.743714789,0.131793680
19,43,1,-0.743713214,0.131793680
20,43,1,-0.743711639,0.131793680
21,43,1,-0.743710064,0.131793680
22,43,1,-0.743708489,0.131793680
23,43,1,-0.743706915,0.131793680
24,43,1,-0.743705340,0.131793680
25,43,1,-0.743703765,0.131793680
26,43,1,-0.743702190,0.131793680
27,43,1,-0.743700615,0.131793680
28,43,1,-0.743699041,0.131793680
29,43,1,-0.743697466,0.131793680
30,43,1,-0.743695891,0.131793680
31,43,1,-0.743694316,0.131793680
32,43,1,-0.743692741,0.131793680
33,43,1,-0.743691166,0.131793680
34,43,1,-0.743689592,0.131793680
35,43,1,-0.743688017,0.131793680
36,43,1,-0.743686442,0.131793680
37,43,1,-0.743684867,0.131793680
38,43,1,-0.743683292,0.131793680
39,43,1,-0.743681718,0.131793680
40,43,1,-0.743680143,0.131793680
41,43,1,-0.743678568,0.131793680
42,43,1,-0.743676993,0.131793680
43,43,1,-0.743675418,0.131793680
44,43,1,-0.743673844,0.131793680
45,43,1,-0.743672269,0.131793680
46,43,1,-0.743670694,0.131793680
47,43,1,-0.743669119,0.131793680
48,43,1,-0.743667544,0.131793680
49,43,1,-0.743665970,0.131793680
50,43,1,-0.743664395,0.131793680
51,43,1,-0.743662820,0.131793680
52,43,1,-0.743661245,0.131793680
53,43,1,-0.743659670,0.131793680
54,43,1,-0.743658096,0.131793680
55,43,1,-0.743656521,0.131793680
56,43,1,-0.743654946,0.131793680
57,43,1,-0.743653371,0.131793680
58,43,1,-0.743651796,0.131793680
59,43,1,-0.743650222,0.131793680
60,43,1,-0.743648647,0.131793680
61,43,1,-0.743647072,0.131793680
62,43,1,-0.743645497,0.131793680
63,43,1,-0.743643922,0.131793680
64,43,1,-0.743642348,0.131793680
65,43,1,-0.743640773,0.131793680
66,43,1,-0.743639198,0.131793680
67,43,1,-0.743637623,0.131793680
68,43,1,-0.743636048,0.131793680
69,43,1,-0.743634474,0.131793680
70,43,1,-0.743632899,0.131793680
71,43,1,-0.743631324,0.131793680
72,43,1,-0.743629749,0.131793680
73,43,1,-0.743628174,0.131793680
74,43,1,-0.743626600,0.131793680
75,43,1,-0.743625025,0.131793680
76,43,1,-0.743623450,0.131793680
77,43,1,-0.743621875,0.131793680
78,43,1,-0.743620300,0.131793680
79,43,1,-0.743618726,0.131793680
80,43,1,-0.743617151,0.131793680
81,43,1,-0.743615576,0.131793680
82,43,1,-0.743614001,0.131793680
83,43,1,-0.743612426,0.131793680
84,43,1,-0.743610852,0.131793680
85,43,1,-0.743609277,0.131793680
86,43,1,-0.743607702,0.131793680
87,43,1,-0.743606127,0.131793680
88,43,1,-0.743604552,0.131793680
89,43,1,-0.743602978,0.131793680
90,43,1,-0.743601403,0.131793680
91,43,1,-0.743599828,0.131793680
92,43,1,-0.743598253,0.131793680
93,43,1,-0.743596678,0.131793680
94,43,1,-0.743595104,0.131793680
95,43,1,-0.743593529,0.131793680
96,43,1,-0.743591954,0.131793680
97,43,1,-0.743590379,0.131793680
98,43,1,-0.743588804,0.131793680
99,43,1,-0.743587229,0.131793680
100,43,1,-0.743585655,0.131793680
101,43,1,-0.743584080,0.131793680
102,43,1,-0.743582505,0.131793680
103,43,1,-0.743580930,0.131793680
104,43,1,-0.743579355,0.131793680
105,43,1,-0.743577781,0.131793680
106,43,1,-0.743576206,0.131793680
107,43,1,-0.743574631,0.131793680
108,43,1,-0.743573056,0.131793680
109,43,1,-0.743571481,0.131793680
110,43,1,-0.743569907,0.131793680
111,43,1,-0.743568332,0.131793680
112,43,1,-0.743566757,0.131793680
113,43,1,-0.743565182,0.131793680
114,43,1,-0.743563607,0.131793680
115,43,1,-0.743562033,0.131793680
116,43,1,-0.743560458,0.131793680
117,43,1,-0.743558883,0.131793680
118,43,1,-0.743557308,0.131793680
119,43,1,-0.743555733,0.131793680
120,43,1,-0.743554159,0.131793680
121,43,1,-0.743552584,0.131793680
122,43,1,-0.743551009,0.131793680
123,43,1,-0.743549434,0.131793680
124,43,1,-0.743547859,0.131793680
125,43,1,-0.743546285,0.131793680
126,43,1,-0.743544710,0.131793680
127,43,1,-0.743543135,0.131793680
0,44,1,-0.743743135,0.131795254
1,44,1,-0.743741560,0.131795254
2,44,1,-0.743739985,0.131795254
3,44,1,-0.743738411,0.131795254
4,44,1,-0.743736836,0.131795254
5,44,1,-0.743735261,0.131795254
6,44,1,-0.743733686,0.131795254
7,44,1,-0.743732111,0.131795254
8,44,1,-0.743730537,0.131795254
9,44,1,-0.743728962,0.131795254
10,44,1,-0.743727387,0.131795254
11,44,1,-0.743725812,0.131795254
12,44,1,-0.743724237,0.131795254
13,44,1,-0.743722663,0.131795254
14,44,1,-0.743721088,0.131795254
15,44,1,-0.743719513,0.131795254
16,44,1,-0.743717938,0.131795254
17,44,1,-0.743716363,0.131795254
18,44,1,-0.743714789,0.131795254
19,44,1,-0.743713214,0.131795254
20,44,1,-0.743711639,0.131795254
21,44,1,-0.743710064,0.131795254
22,44,1,-0.743708489,0.131795254
23,44,1,-0.743706915,0.131795254
24,44,1,-0.743705340,0.131795254
25,44,1,-0.743703765,0.131795254
26,44,1,-0.743702190,0.131795254
27,44,1,-0.743700615,0.131795254
28,44,1,-0.743699041,0.131795254
29,44,1,-0.743697466,0.131795254
30,44,1,-0.743695891,0.131795254
31,44,1,-0.743694316,0.131795254
32,44,1,-0.743692741,0.131795254
33,44,1,-0.743691166,0.131795254
34,44,1,-0.743689592,0.131795254
35,44,1,-0.743688017,0.131795254
36,44,1,-0.743686442,0.131795254
37,44,1,-0.743684867,0.131795254
38,44,1,-0.743683292,0.131795254
39,44,1,-0.743681718,0.131795254
40,44,1,-0.743680143,0.131795254
41,44,1,-0.743678568,0.131795254
42,44,1,-0.743676993,0.131795254
43,44,1,-0.743675418,0.131795254
44,44,1,-0.743673844,0.131795254
45,44,1,-0.743672269,0.131795254
46,44,1,-0.743670694,0.131795254
47,44,1,-0.743669119,0.131795254
48,44,1,-0.743667544,0.131795254
49,44,1,-0.743665970,0.131795254
50,44,1,-0.743664395,0.131795254
51,44,1,-0.743662820,0.131795254
52,44,1,-0.743661245,0.131795254
53,44,1,-0.743659670,0.131795254
54,44,1,-0.743658096,0.131795254
55,44,1,-0.743656521,0.131795254
56,44,1,-0.743654946,0.131795254
57,44,1,-0.743653371,0.131795254
58,44,1,-0.743651796,0.131795254
59,44,1,-0.743650222,0.131795254
60,44,1,-0.743648647,0.131795254
61,44,1,-0.743647072,0.131795254
62,44,1,-0.743645497,0.131795254
63,44,1,-0.743643922,0.131795254
64,44,1,-0.743642348,0.131795254
65,44,1,-0.743640773,0.131795254
66,44,1,-0.743639198,0.131795254
67,44,1,-0.743637623,0.131795254
68,44,1,-0.743636048,0.131795254
69,44,1,-0.743634474,0.131795254
70,44,1,-0.743632899,0.131795254
71,44,1,-0.743631324,0.131795254
72,44,1,-0.743629749,0.131795254
73,44,1,-0.743628174,0.131795254
74,44,1,-0.743626600,0.131795254
75,44,1,-0.743625025,0.131795254
76,44,1,-0.743623450,0.131795254
77,44,1,-0.743621875,0.131795254
78,44,1,-0.743620300,0.131795254
79,44,1,-0.743618726,0.131795254
80,44,1,-0.743617151,0.131795254
81,44,1,-0.743615576,0.131795254
82,44,1,-0.743614001,0.131795254
83,44,1,-0.743612426,0.131795254
84,44,1,-0.743610852,0.131795254
85,44,1,-0.743609277,0.131795254
86,44,1,-0.743607702,0.131795254
87,44,1,-0.743606127,0.131795254
88,44,1,-0.743604552,0.131795254
89,44,1,-0.743602978,0.131795254
90,44,1,-0.743601403,0.131795254
91,44,1,-0.743599828,0.131795254
92,44,1,-0.743598253,0.131795254
93,44,1,-0.743596678,0.131795254
94,44,1,-0.743595104,0.131795254
95,44,1,-0.743593529,0.131795254
96,44,1,-0.743591954,0.131795254
97,44,1,-0.743590379,0.131795254
98,44,1,-0.743588804,0.131795254
99,44,1,-0.743587229,0.131795254
100,44,1,-0.743585655,0.131795254
101,44,1,-0.743584080,0.131795254
102,44,1,-0.743582505,0.131795254
103,44,1,-0.743580930,0.131795254
104,44,1,-0.743579355,0.131795254
105,44,1,-0.743577781,0.131795254
106,44,1,-0.743576206,0.131795254
107,44,1,-0.743574631,0.131795254
108,44,1,-0.743573056,0.131795254
109,44,1,-0.743571481,0.131795254
110,44,1,-0.743569907,0.131795254
111,44,1,-0.743568332,0.131795254
112,44,1,-0.743566757,0.131795254
113,44,1,-0.743565182,0.131795254
114,44,1,-0.743563607,0.131795254
115,44,1,-0.743562033,0.131795254
116,44,1,-0.743560458,0.131795254
117,44,1,-0.743558883,0.131795254
118,44,1,-0.743557308,0.131795254
119,44,1,-0.743555733,0.131795254
120,44,1,-0.743554159,0.131795254
121,44,1,-0.743552584,0.131795254
122,44,1,-0.743551009,0.131795254
123,44,1,-0.743549434,0.131795254
124,44,1,-0.743547859,0.131795254
125,44,1,-0.743546285,0.131795254
126,44,1,-0.743544710,0.131795254
127,44,1,-0.743543135,0.131795254
0,45,1,-0.743743135,0.131796829
1,45,1,-0.743741560,0.131796829
2,45,1,-0.743739985,0.131796829
3,45,1,-0.743738411,0.131796829
4,45,1,-0.743736836,0.131796829
5,45,1,-0.743735261,0.131796829
6,45,1,-0.743733686,0.131796829
7,45,1,-0.743732111,0.131796829
8,45,1,-0.743730537,0.131796829
9,45,1,-0.743728962,0.131796829
10,45,1,-0.743727387,0.131796829
11,45,1,-0.743725812,0.131796829
12,45,1,-0.743724237,0.131796829
13,45,1,-0.743722663,0.131796829
14,45,1,-0.743721088,0.131796829
15,45,1,-0.743719513,0.131796829
16,45,1,-0.743717938,0.131796829
17,45,1,-0.743716363,0.131796829
18,45,1,-0.743714789,0.131796829
19,45,1,-0.743713214,0.131796829
20,45,1,-0.743711639,0.131796829
21,45,1,-0.743710064,0.131796829
22,45,1,-0.743708489,0.131796829
23,45,1,-0.743706915,0.131796829
24,45,1,-0.743705340,0.131796829
25,45,1,-0.743703765,0.131796829
26,45,1,-0.743702190,0.131796829
27,45,1,-0.743700615,0.131796829
28,45,1,-0.743699041,0.131796829
29,45,1,-0.743697466,0.131796829
30,45,1,-0.743695891,0.131796829
31,45,1,-0.743694316,0.131796829
32,45,1,-0.743692741,0.131796829
33,45,1,-0.743691166,0.131796829
34,45,1,-0.743689592,0.131796829
35,45,1,-0.743688017,0.131796829
36,45,1,-0.743686442,0.131796829
37,45,1,-0.743684867,0.131796829
38,45,1,-0.743683292,0.131796829
39,45,1,-0.743681718,0.131796829
40,45,1,-0.743680143,0.131796829
41,45,1,-0.743678568,0.131796829
42,45,1,-0.743676993,0.131796829
43,45,1,-0.743675418,0.131796829
44,45,1,-0.743673844,0.131796829
45,45,1,-0.743672269,0.131796829
46,45,1,-0.743670694,0.131796829
47,45,1,-0.743669119,0.131796829
48,45,1,-0.743667544,0.131796829
49,45,1,-0.743665970,0.131796829
50,45,1,-0.743664395,0.131796829
51,45,1,-0.743662820,0.131796829
52,45,1,-0.743661245,0.131796829
53,45,1,-0.743659670,0.131796829
54,45,1,-0.743658096,0.131796829
55,45,1,-0.743656521,0.131796829
56,45,1,-0.743654946,0.131796829
57,45,1,-0.743653371,0.131796829
58,45,1,-0.743651796,0.131796829
59,45,1,-0.743650222,0.131796829
60,45,1,-0.743648647,0.131796829
61,45,1,-0.743647072,0.131796829
62,45,1,-0.743645497,0.131796829
63,45,1,-0.743643922,0.131796829
64,45,1,-0.743642348,0.131796829
65,45,1,-0.743640773,0.131796829
66,45,1,-0.743639198,0.131796829
67,45,1,-0.743637623,0.131796829
68,45,1,-0.743636048,0.131796829
69,45,1,-0.743634474,0.131796829
70,45,1,-0.743632899,0.131796829
71,45,1,-0.743631324,0.131796829
72,45,1,-0.743629749,0.131796829
73,45,1,-0.743628174,0.131796829
74,45,1,-0.743626600,0.131796829
75,45,1,-0.743625025,0.131796829
76,45,1,-0.743623450,0.131796829
77,45,1,-0.743621875,0.131796829
78,45,1,-0.743620300,0.131796829
79,45,1,-0.743618726,0.131796829
80,45,1,-0.743617151,0.131796829
81,45,1,-0.743615576,0.131796829
82,45,1,-0.743614001,0.131796829
83,45,1,-0.743612426,0.131796829
84,45,1,-0.743610852,0.131796829
85,45,1,-0.743609277,0.131796829
86,45,1,-0.743607702,0.131796829
87,45,1,-0.743606127,0.131796829
88,45,1,-0.743604552,0.131796829
89,45,1,-0.743602978,0.131796829
90,45,1,-0.743601403,0.131796829
91,45,1,-0.743599828,0.131796829
92,45,1,-0.743598253,0.131796829
93,45,1,-0.743596678,0.131796829
94,45,1,-0.743595104,0.131796829
95,45,1,-0.743593529,0.131796829
96,45,1,-0.743591954,0.131796829
97,45,1,-0.743590379,0.131796829
98,45,1,-0.743588804,0.131796829
99,45,1,-0.743587229,0.131796829
100,45,1,-0.743585655,0.131796829
101,45,1,-0.743584080,0.131796829
102,45,1,-0.743582505,0.131796829
103,45,1,-0.743580930,0.131796829
104,45,1,-0.743579355,0.131796829
105,45,1,-0.743577781,0.131796829
106,45,1,-0.743576206,0.131796829
107,45,1,-0.743574631,0.131796829
108,45,1,-0.743573056,0.131796829
109,45,1,-0.743571481,0.131796829
110,45,1,-0.743569907,0.131796829
111,45,1,-0.743568332,0.131796829
112,45,1,-0.743566757,0.131796829
113,45,1,-0.743565182,0.131796829
114,45,1,-0.743563607,0.131796829
115,45,1,-0.743562033,0.131796829
116,45,1,-0.743560458,0.131796829
117,45,1,-0.743558883,0.131796829
118,45,1,-0.743557308,0.131796829
119,45,1,-0.743555733,0.131796829
120,45,1,-0.743554159,0.131796829
121,45,1,-0.743552584,0.131796829
122,45,1,-0.743551009,0.131796829
123,45,1,-0.743549434,0.131796829
124,45,1,-0.743547859,0.131796829
125,45,1,-0.743546285,0.131796829
126,45,1,-0.743544710,0.131796829
127,45,1,-0.743543135,0.131796829
0,46,1,-0.743743135,0.131798404
1,46,1,-0.743741560,0.131798404
2,46,1,-0.743739985,0.131798404
3,46,1,-0.743738411,0.131798404
4,46,1,-0.743736836,0.131798404
5,46,1,-0.743735261,0.131798404
6,46,1,-0.743733686,0.131798404
7,46,1,-0.743732111,0.131798404
8,46,1,-0.743730537,0.131798404
9,46,1,-0.743728962,0.131798404
10,46,1,-0.743727387,0.131798404
11,46,1,-0.743725812,0.131798404
12,46,1,-0.743724237,0.131798404
13,46,1,-0.743722663,0.131798404
14,46,1,-0.743721088,0.131798404
15,46,1,-0.743719513,0.131798404
16,46,1,-0.743717938,0.131798404
17,46,1,-0.743716363,0.131798404
18,46,1,-0.743714789,0.131798404
19,46,1,-0.743713214,0.131798404
20,46,1,-0.743711639,0.131798404
21,46,1,-0.743710064,0.131798404
22,46,1,-0.743708489,0.131798404
23,46,1,-0.743706915,0.131798404
24,46,1,-0.743705340,0.131798404
25,46,1,-0.743703765,0.131798404
26,46,1,-0.743702190,0.131798404
27,46,1,-0.743700615,0.131798404
28,46,1,-0.743699041,0.131798404
29,46,1,-0.743697466,0.131798404
30,46,1,-0.743695891,0.131798404
31,46,1,-0.743694316,0.131798404
32,46,1,-0.743692741,0.131798404
33,46,1,-0.743691166,0.131798404
34,46,1,-0.743689592,0.131798404
35,46,1,-0.743688017,0.131798404
36,46,1,-0.743686442,0.131798404
37,46,1,-0.743684867,0.131798404
38,46,1,-0.743683292,0.131798404
39,46,1,-0.743681718,0.131798404
40,46,1,-0.743680143,0.131798404
41,46,1,-0.743678568,0.131798404
42,46,1,-0.743676993,0.131798404
43,46,1,-0.743675418,0.131798404
44,46,1,-0.743673844,0.131798404
45,46,1,-0.743672269,0.131798404
46,46,1,-0.743670694,0.131798404
47,46,1,-0.743669119,0.131798404
48,46,1,-0.743667544,0.131798404
49,46,1,-0.743665970,0.131798404
50,46,1,-0.743664395,0.131798404
51,46,1,-0.743662820,0.131798404
52,46,1,-0.743661245,0.131798404
53,46,1,-0.743659670,0.131798404
54,46,1,-0.743658096,0.131798404
55,46,1,-0.743656521,0.131798404
56,46,1,-0.743654946,0.131798404
57,46,1,-0.743653371,0.131798404
58,46,1,-0.743651796,0.131798404
59,46,1,-0.743650222,0.131798404
60,46,1,-0.743648647,0.131798404
61,46,1,-0.743647072,0.131798404
62,46,1,-0.743645497,0.131798404
63,46,1,-0.743643922,0.131798404
64,46,1,-0.743642348,0.131798404
65,46,1,-0.743640773,0.131798404
66,46,1,-0.743639198,0.131798404
67,46,1,-0.743637623,0.131798404
68,46,1,-0.743636048,0.131798404
69,46,1,-0.743634474,0.131798404
70,46,1,-0.743632899,0.131798404
71,46,1,-0.743631324,0.131798404
72,46,1,-0.743629749,0.131798404
73,46,1,-0.743628174,0.131798404
74,46,1,-0.743626600,0.131798404
75,46,1,-0.743625025,0.131798404
76,46,1,-0.743623450,0.131798404
77,46,1,-0.743621875,0.131798404
78,46,1,-0.743620300,0.131798404
79,46,1,-0.743618726,0.131798404
80,46,1,-0.743617151,0.131798404
81,46,1,-0.743615576,0.131798404
82,46,1,-0.743614001,0.131798404
83,46,1,-0.743612426,0.131798404
84,46,1,-0.743610852,0.131798404
85,46,1,-0.743609277,0.131798404
86,46,1,-0.743607702,0.131798404
87,46,1,-0.743606127,0.131798404
88,46,1,-0.743604552,0.131798404
89,46,1,-0.743602978,0.131798404
90,46,1,-0.743601403,0.131798404
91,46,1,-0.743599828,0.131798404
92,46,1,-0.743598253,0.131798404
93,46,1,-0.743596678,0.131798404
94,46,1,-0.743595104,0.131798404
95,46,1,-0.743593529,0.131798404
96,46,1,-0.743591954,0.131798404
97,46,1,-0.743590379,0.131798404
98,46,1,-0.743588804,0.131798404
99,46,1,-0.743587229,0.131798404
100,46,1,-0.743585655,0.131798404
101,46,1,-0.743584080,0.131798404
102,46,1,-0.743582505,0.131798404
103,46,1,-0.743580930,0.131798404
104,46,1,-0.743579355,0.131798404
105,46,1,-0.743577781,0.131798404
106,46,1,-0.743576206,0.131798404
107,46,1,-0.743574631,0.131798404
108,46,1,-0.743573056,0.131798404
109,46,1,-0.743571481,0.131798404
110,46,1,-0.743569907,0.131798404
111,46,1,-0.743568332,0.131798404
112,46,1,-0.743566757,0.131798404
113,46,1,-0.743565182,0.131798404
114,46,1,-0.743563607,0.131798404
115,46,1,-0.743562033,0.131798404
116,46,1,-0.743560458,0.131798404
117,46,1,-0.743558883,0.131798404
118,46,1,-0.743557308,0.131798404
119,46,1,-0.743555733,0.131798404
120,46,1,-0.743554159,0.131798404
121,46,1,-0.743552584,0.131798404
122,46,1,-0.743551009,0.131798404
123,46,1,-0.743549434,0.131798404
124,46,1,-0.743547859,0.131798404
125,46,1,-0.743546285,0.131798404
126,46,1,-0.743544710,0.131798404
127,46,1,-0.743543135,0.131798404
0,47,1,-0.743743135,0.131799979
1,47,1,-0.743741560,0.131799979
2,47,1,-0.743739985,0.131799979
3,47,1,-0.743738411,0.131799979
4,47,1,-0.743736836,0.131799979
5,47,1,-0.743735261,0.131799979
6,47,1,-0.743733686,0.131799979
7,47,1,-0.743732111,0.131799979
8,47,1,-0.743730537,0.131799979
9,47,1,-0.743728962,0.131799979
10,47,1,-0.743727387,0.131799979
11,47,1,-0.743725812,0.131799979
12,47,1,-0.743724237,0.131799979
13,47,1,-0.743722663,0.131799979
14,47,1,-0.743721088,0.131799979
15,47,1,-0.743719513,0.131799979
16,47,1,-0.743717938,0.131799979
17,47,1,-0.743716363,0.131799979
18,47,1,-0.743714789,0.131799979
19,47,1,-0.743713214,0.131799979
20,47,1,-0.743711639,0.131799979
21,47,1,-0.743710064,0.131799979
22,47,1,-0.743708489,0.131799979
23,47,1,-0.743706915,0.131799979
24,47,1,-0.743705340,0.131799979
25,47,1,-0.743703765,0.131799979
26,47,1,-0.743702190,0.131799979
27,47,1,-0.743700615,0.131799979
28,47,1,-0.743699041,0.131799979
29,47,1,-0.743697466,0.131799979
30,47,1,-0.743695891,0.131799979
31,47,1,-0.743694316,0.131799979
32,47,1,-0.743692741,0.131799979
33,47,1,-0.743691166,0.131799979
34,47,1,-0.743689592,0.131799979
35,47,1,-0.743688017,0.131799979
36,47,1,-0.743686442,0.131799979
37,47,1,-0.743684867,0.131799979
38,47,1,-0.743683292,0.131799979
39,47,1,-0.743681718,0.131799979
40,47,1,-0.743680143,0.131799979
41,47,1,-0.743678568,0.131799979
42,47,1,-0.743676993,0.131799979
43,47,1,-0.743675418,0.131799979
44,47,1,-0.743673844,0.131799979
45,47,1,-0.743672269,0.131799979
46,47,1,-0.743670694,0.131799979
47,47,1,-0.743669119,0.131799979
48,47,1,-0.743667544,0.131799979
49,47,1,-0.743665970,0.131799979
50,47,1,-0.743664395,0.131799979
51,47,1,-0.743662820,0.131799979
52,47,1,-0.743661245,0.131799979
53,47,1,-0.743659670,0.131799979
54,47,1,-0.743658096,0.131799979
55,47,1,-0.743656521,0.131799979
56,47,1,-0.743654946,0.131799979
57,47,1,-0.743653371,0.131799979
58,47,1,-0.743651796,0.131799979
59,47,1,-0.743650222,0.131799979
60,47,1,-0.743648647,0.131799979
61,47,1,-0.743647072,0.131799979
62,47,1,-0.743645497,0.131799979
63,47,1,-0.743643922,0.131799979
64,47,1,-0.743642348,0.131799979
65,47,1,-0.743640773,0.131799979
66,47,1,-0.743639198,0.131799979
67,47,1,-0.743637623,0.131799979
68,47,1,-0.743636048,0.131799979
69,47,1,-0.743634474,0.131799979
70,47,1,-0.743632899,0.131799979
71,47,1,-0.743631324,0.131799979
72,47,1,-0.743629749,0.131799979
73,47,1,-0.743628174,0.131799979
74,47,1,-0.743626600,0.131799979
75,47,1,-0.743625025,0.131799979
76,47,1,-0.743623450,0.131799979
77,47,1,-0.743621875,0.131799979
78,47,1,-0.743620300,0.131799979
79,47,1,-0.743618726,0.131799979
80,47,1,-0.743617151,0.131799979
81,47,1,-0.743615576,0.131799979
82,47,1,-0.743614001,0.131799979
83,47,1,-0.743612426,0.131799979
84,47,1,-0.743610852,0.131799979
85,47,1,-0.743609277,0.131799979
86,47,1,-0.743607702,0.131799979
87,47,1,-0.743606127,0.131799979
88,47,1,-0.743604552,0.131799979
89,47,1,-0.743602978,0.131799979
90,47,1,-0.743601403,0.131799979
91,47,1,-0.743599828,0.131799979
92,47,1,-0.743598253,0.131799979
93,47,1,-0.743596678,0.131799979
94,47,1,-0.743595104,0.131799979
95,47,1,-0.743593529,0.131799979
96,47,1,-0.743591954,0.131799979
97,47,1,-0.743590379,0.131799979
98,47,1,-0.743588804,0.131799979
99,47,1,-0.743587229,0.131799979
100,47,1,-0.743585655,0.131799979
101,47,1,-0.743584080,0.131799979
102,47,1,-0.743582505,0.131799979
103,47,1,-0.743580930,0.131799979
104,47,1,-0.743579355,0.131799979
105,47,1,-0.743577781,0.131799979
106,47,1,-0.743576206,0.131799979
107,47,1,-0.743574631,0.131799979
108,47,1,-0.743573056,0.131799979
109,47,1,-0.743571481,0.131799979
110,47,1,-0.743569907,0.131799979
111,47,1,-0.743568332,0.131799979
112,47,1,-0.743566757,0.131799979
113,47,1,-0.743565182,0.131799979
114,47,1,-0.743563607,0.131799979
115,47,1,-0.743562033,0.131799979
116,47,1,-0.743560458,0.131799979
117,47,1,-0.743558883,0.131799979
118,47,1,-0.743557308,0.131799979
119,47,1,-0.743555733,0.131799979
120,47,1,-0.743554159,0.131799979
121,47,1,-0.743552584,0.131799979
122,47,1,-0.743551009,0.131799979
123,47,1,-0.743549434,0.131799979
124,47,1,-0.743547859,0.131799979
125,47,1,-0.743546285,0.131799979
126,47,1,-0.743544710,0.131799979
127,47,1,-0.743543135,0.131799979
0,48,1,-0.743743135,0.131801554
1,48,1,-0.743741560,0.131801554
2,48,1,-0.743739985,0.131801554
3,48,1,-0.743738411,0.131801554
4,48,1,-0.743736836,0.131801554
5,48,1,-0.743735261,0.131801554
6,48,1,-0.743733686,0.131801554
7,48,1,-0.743732111,0.131801554
8,48,1,-0.743730537,0.131801554
9,48,1,-0.743728962,0.131801554
10,48,1,-0.743727387,0.131801554
11,48,1,-0.743725812,0.131801554
12,48,1,-0.743724237,0.131801554
13,48,1,-0.743722663,0.131801554
14,48,1,-0.743721088,0.131801554
15,48,1,-0.743719513,0.131801554
16,48,1,-0.743717938,0.131801554
17,48,1,-0.743716363,0.131801554
18,48,1,-0.743714789,0.131801554
19,48,1,-0.743713214,0.131801554
20,48,1,-0.743711639,0.131801554
21,48,1,-0.743710064,0.131801554
22,48,1,-0.743708489,0.131801554
23,48,1,-0.743706915,0.131801554
24,48,1,-0.743705340,0.131801554
25,48,1,-0.743703765,0.131801554
26,48,1,-0.743702190,0.131801554
27,48,1,-0.743700615,0.131801554
28,48,1,-0.743699041,0.131801554
29,48,1,-0.743697466,0.131801554
30,48,1,-0.743695891,0.131801554
31,48,1,-0.743694316,0.131801554
32,48,1,-0.743692741,0.131801554
33,48,1,-0.743691166,0.131801554
34,48,1,-0.743689592,0.131801554
35,48,1,-0.743688017,0.131801554
36,48,1,-0.743686442,0.131801554
37,48,1,-0.743684867,0.131801554
38,48,1,-0.743683292,0.131801554
39,48,1,-0.743681718,0.131801554
40,48,1,-0.743680143,0.131801554
41,48,1,-0.743678568,0.131801554
42,48,1,-0.743676993,0.131801554
43,48,1,-0.743675418,0.131801554
44,48,1,-0.743673844,0.131801554
45,48,1,-0.743672269,0.131801554
46,48,1,-0.743670694,0.131801554
47,48,1,-0.743669119,0.131801554
48,48,1,-0.743667544,0.131801554
49,48,1,-0.743665970,0.131801554
50,48,1,-0.743664395,0.131801554
51,48,1,-0.743662820,0.131801554
52,48,1,-0.743661245,0.131801554
53,48,1,-0.743659670,0.131801554
54,48,1,-0.743658096,0.131801554
55,48,1,-0.743656521,0.131801554
56,48,1,-0.743654946,0.131801554
57,48,1,-0.743653371,0.131801554
58,48,1,-0.743651796,0.131801554
59,48,1,-0.743650222,0.131801554
60,48,1,-0.743648647,0.131801554
61,48,1,-0.743647072,0.131801554
62,48,1,-0.743645497,0.131801554
63,48,1,-0.743643922,0.131801554
64,48,1,-0.743642348,0.131801554
65,48,1,-0.743640773,0.131801554
66,48,1,-0.743639198,0.131801554
67,48,1,-0.743637623,0.131801554
68,48,1,-0.743636048,0.131801554
69,48,1,-0.743634474,0.131801554
70,48,1,-0.743632899,0.131801554
71,48,1,-0.743631324,0.131801554
72,48,1,-0.743629749,0.131801554
73,48,1,-0.743628174,0.131801554
74,48,1,-0.743626600,0.131801554
75,48,1,-0.743625025,0.131801554
76,48,1,-0.743623450,0.131801554
77,48,1,-0.743621875,0.131801554
78,48,1,-0.743620300,0.131801554
79,48,1,-0.743618726,0.131801554
80,48,1,-0.743617151,0.131801554
81,48,1,-0.743615576,0.131801554
82,48,1,-0.743614001,0.131801554
83,48,1,-0.743612426,0.131801554
84,48,1,-0.743610852,0.131801554
85,48,1,-0.743609277,0.131801554
86,48,1,-0.743607702,0.131801554
87,48,1,-0.743606127,0.131801554
88,48,1,-0.743604552,0.131801554
89,48,1,-0.743602978,0.131801554
90,48,1,-0.743601403,0.131801554
91,48,1,-0.743599828,0.131801554
92,48,1,-0.743598253,0.131801554
93,48,1,-0.743596678,0.131801554
94,48,1,-0.743595104,0.131801554
95,48,1,-0.743593529,0.131801554
96,48,1,-0.743591954,0.131801554
97,48,1,-0.743590379,0.131801554
98,48,1,-0.743588804,0.131801554
99,48,1,-0.743587229,0.131801554
100,48,1,-0.743585655,0.131801554
101,48,1,-0.743584080,0.131801554
102,48,1,-0.743582505,0.131801554
103,48,1,-0.743580930,0.131801554
104,48,1,-0.743579355,0.131801554
105,48,1,-0.743577781,0.131801554
106,48,1,-0.743576206,0.131801554
107,48,1,-0.743574631,0.131801554
108,48,1,-0.743573056,0.131801554
109,48,1,-0.743571481,0.131801554
110,48,1,-0.743569907,0.131801554
111,48,1,-0.743568332,0.131801554
112,48,1,-0.743566757,0.131801554
113,48,1,-0.743565182,0.131801554
114,48,1,-0.743563607,0.131801554
115,48,1,-0.743562033,0.131801554
116,48,1,-0.743560458,0.131801554
117,48,1,-0.743558883,0.131801554
118,48,1,-0.743557308,0.131801554
119,48,1,-0.743555733,0.131801554
120,48,1,-0.743554159,0.131801554
121,48,1,-0.743552584,0.131801554
122,48,1,-0.743551009,0.131801554
123,48,1,-0.743549434,0.131801554
124,48,1,-0.743547859,0.131801554
125,48,1,-0.743546285,0.131801554
126,48,1,-0.743544710,0.131801554
127,48,1,-0.743543135,0.131801554
0,49,1,-0.743743135,0.131803128
1,49,1,-0.743741560,0.131803128
2,49,1,-0.743739985,0.131803128
3,49,1,-0.743738411,0.131803128
4,49,1,-0.743736836,0.131803128
5,49,1,-0.743735261,0.131803128
6,49,1,-0.743733686,0.131803128
7,49,1,-0.743732111,0.131803128
8,49,1,-0.743730537,0.131803128
9,49,1,-0.743728962,0.131803128
10,49,1,-0.743727387,0.131803128
11,49,1,-0.743725812,0.131803128
12,49,1,-0.743724237,0.131803128
13,49,1,-0.743722663,0.131803128
14,49,1,-0.743721088,0.131803128
15,49,1,-0.743719513,0.131803128
16,49,1,-0.743717938,0.131803128
17,49,1,-0.743716363,0.131803128
18,49,1,-0.743714789,0.131803128
19,49,1,-0.743713214,0.131803128
20,49,1,-0.743711639,0.131803128
21,49,1,-0.743710064,0.131803128
22,49,1,-0.743708489,0.131803128
23,49,1,-0.743706915,0.131803128
24,49,1,-0.743705340,0.131803128
25,49,1,-0.743703765,0.131803128
26,49,1,-0.743702190,0.131803128
27,49,1,-0.743700615,0.131803128
28,49,1,-0.743699041,0.131803128
29,49,1,-0.743697466,0.131803128
30,49,1,-0.743695891,0.131803128
31,49,1,-0.743694316,0.131803128
32,49,1,-0.743692741,0.131803128
33,49,1,-0.743691166,0.131803128
34,49,1,-0.743689592,0.131803128
35,49,1,-0.743688017,0.131803128
36,49,1,-0.743686442,0.131803128
37,49,1,-0.743684867,0.131803128
38,49,1,-0.743683292,0.131803128
39,49,1,-0.743681718,0.131803128
40,49,1,-0.743680143,0.131803128
41,49,1,-0.743678568,0.131803128
42,49,1,-0.743676993,0.131803128
43,49,1,-0.743675418,0.131803128
44,49,1,-0.743673844,0.131803128
45,49,1,-0.743672269,0.131803128
46,49,1,-0.743670694,0.131803128
47,49,1,-0.743669119,0.131803128
48,49,1,-0.743667544,0.131803128
49,49,1,-0.743665970,0.131803128
50,49,1,-0.743664395,0.131803128
51,49,1,-0.743662820,0.131803128
52,49,1,-0.743661245,0.131803128
53,49,1,-0.743659670,0.131803128
54,49,1,-0.743658096,0.131803128
55,49,1,-0.743656521,0.131803128
56,49,1,-0.743654946,0.131803128
57,49,1,-0.743653371,0.131803128
58,49,1,-0.743651796,0.131803128
59,49,1,-0.743650222,0.131803128
60,49,1,-0.743648647,0.131803128
61,49,1,-0.743647072,0.131803128
62,49,1,-0.743645497,0.131803128
63,49,1,-0.743643922,0.131803128
64,49,1,-0.743642348,0.131803128
65,49,1,-0.743640773,0.131803128
66,49,1,-0.743639198,0.131803128
67,49,1,-0.743637623,0.131803128
68,49,1,-0.743636048,0.131803128
69,49,1,-0.743634474,0.131803128
70,49,1,-0.743632899,0.131803128
71,49,1,-0.743631324,0.131803128
72,49,1,-0.743629749,0.131803128
73,49,1,-0.743628174,0.131803128
74,49,1,-0.743626600,0.131803128
75,49,1,-0.743625025,0.131803128
76,49,1,-0.743623450,0.131803128
77,49,1,-0.743621875,0.131803128
78,49,1,-0.743620300,0.131803128
79,49,1,-0.743618726,0.131803128
80,49,1,-0.743617151,0.131803128
81,49,1,-0.743615576,0.131803128
82,49,1,-0.743614001,0.131803128
83,49,1,-0.743612426,0.131803128
84,49,1,-0.743610852,0.131803128
85,49,1,-0.743609277,0.131803128
86,49,1,-0.743607702,0.131803128
87,49,1,-0.743606127,0.131803128
88,49,1,-0.743604552,0.131803128
89,49,1,-0.743602978,0.131803128
90,49,1,-0.743601403,0.131803128
91,49,1,-0.743599828,0.131803128
92,49,1,-0.743598253,0.131803128
93,49,1,-0.743596678,0.131803128
94,49,1,-0.743595104,0.131803128
95,49,1,-0.743593529,0.131803128
96,49,1,-0.743591954,0.131803128
97,49,1,-0.743590379,0.131803128
98,49,1,-0.743588804,0.131803128
99,49,1,-0.743587229,0.131803128
100,49,1,-0.743585655,0.131803128
101,49,1,-0.743584080,0.131803128
102,49,1,-0.743582505,0.131803128
103,49,1,-0.743580930,0.131803128
104,49,1,-0.743579355,0.131803128
105,49,1,-0.743577781,0.131803128
106,49,1,-0.743576206,0.131803128
107,49,1,-0.743574631,0.131803128
108,49,1,-0.743573056,0.131803128
109,49,1,-0.743571481,0.131803128
110,49,1,-0.743569907,0.131803128
111,49,1,-0.743568332,0.131803128
112,49,1,-0.743566757,0.131803128
113,49,1,-0.743565182,0.131803128
114,49,1,-0.743563607,0.131803128
115,49,1,-0.743562033,0.131803128
116,49,1,-0.743560458,0.131803128
117,49,1,-0.743558883,0.131803128
118,49,1,-0.743557308,0.131803128
119,49,1,-0.743555733,0.131803128
120,49,1,-0.743554159,0.131803128
121,49,1,-0.743552584,0.131803128
122,49,1,-0.743551009,0.131803128
123,49,1,-0.743549434,0.131803128
124,49,1,-0.743547859,0.131803128
125,49,1,-0.743546285,0.131803128
126,49,1,-0.743544710,0.131803128
127,49,1,-0.743543135,0.131803128
0,50,1,-0.743743135,0.131804703
1,50,1,-0.743741560,0.131804703
2,50,1,-0.743739985,0.131804703
3,50,1,-0.743738411,0.131804703
4,50,1,-0.743736836,0.131804703
5,50,1,-0.743735261,0.131804703
6,50,1,-0.743733686,0.131804703
7,50,1,-0.743732111,0.131804703
8,50,1,-0.743730537,0.131804703
9,50,1,-0.743728962,0.131804703
10,50,1,-0.743727387,0.131804703
11,50,1,-0.743725812,0.131804703
12,50,1,-0.743724237,0.131804703
13,50,1,-0.743722663,0.131804703
14,50,1,-0.743721088,0.131804703
15,50,1,-0.743719513,0.131804703
16,50,1,-0.743717938,0.131804703
17,50,1,-0.743716363,0.131804703
18,50,1,-0.743714789,0.131804703
19,50,1,-0.743713214,0.131804703
20,50,1,-0.743711639,0.131804703
21,50,1,-0.743710064,0.131804703
22,50,1,-0.743708489,0.131804703
23,50,1,-0.743706915,0.131804703
24,50,1,-0.743705340,0.131804703
25,50,1,-0.743703765,0.131804703
26,50,1,-0.743702190,0.131804703
27,50,1,-0.743700615,0.131804703
28,50,1,-0.743699041,0.131804703
29,50,1,-0.743697466,0.131804703
30,50,1,-0.743695891,0.131804703
31,50,1,-0.743694316,0.131804703
32,50,1,-0.743692741,0.131804703
33,50,1,-0.743691166,0.131804703
34,50,1,-0.743689592,0.131804703
35,50,1,-0.743688017,0.131804703
36,50,1,-0.743686442,0.131804703
37,50,1,-0.743684867,0.131804703
38,50,1,-0.743683292,0.131804703
39,50,1,-0.743681718,0.131804703
40,50,1,-0.743680143,0.131804703
41,50,1,-0.743678568,0.131804703
42,50,1,-0.743676993,0.131804703
43,50,1,-0.743675418,0.131804703
44,50,1,-0.743673844,0.131804703
45,50,1,-0.743672269,0.131804703
46,50,1,-0.743670694,0.131804703
47,50,1,-0.743669119,0.131804703
48,50,1,-0.743667544,0.131804703
49,50,1,-0.743665970,0.131804703
50,50,1,-0.743664395,0.131804703
51,50,1,-0.743662820,0.131804703
52,50,1,-0.743661245,0.131804703
53,50,1,-0.743659670,0.131804703
54,50,1,-0.743658096,0.131804703
55,50,1,-0.743656521,0.131804703
56,50,1,-0.743654946,0.131804703
57,50,1,-0.743653371,0.131804703
58,50,1,-0.743651796,0.131804703
59,50,1,-0.743650222,0.131804703
60,50,1,-0.743648647,0.131804703
61,50,1,-0.743647072,0.131804703
62,50,1,-0.743645497,0.131804703
63,50,1,-0.743643922,0.131804703
64,50,1,-0.743642348,0.131804703
65,50,1,-0.743640773,0.131804703
66,50,1,-0.743639198,0.131804703
67,50,1,-0.743637623,0.131804703
68,50,1,-0.743636048,0.131804703
69,50,1,-0.743634474,0.131804703
70,50,1,-0.743632899,0.131804703
71,50,1,-0.743631324,0.131804703
72,50,1,-0.743629749,0.131804703
73,50,1,-0.743628174,0.131804703
74,50,1,-0.743626600,0.131804703
75,50,1,-0.743625025,0.131804703
76,50,1,-0.743623450,0.131804703
77,50,1,-0.743621875,0.131804703
78,50,1,-0.743620300,0.131804703
79,50,1,-0.743618726,0.131804703
80,50,1,-0.743617151,0.131804703
81,50,1,-0.743615576,0.131804703
82,50,1,-0.743614001,0.131804703
83,50,1,-0.743612426,0.131804703
84,50,1,-0.743610852,0.131804703
85,50,1,-0.743609277,0.131804703
86,50,1,-0.743607702,0.131804703
87,50,1,-0.743606127,0.131804703
88,50,1,-0.743604552,0.131804703
89,50,1,-0.743602978,0.131804703
90,50,1,-0.743601403,0.131804703
91,50,1,-0.743599828,0.131804703
92,50,1,-0.743598253,0.131804703
93,50,1,-0.743596678,0.131804703
94,50,1,-0.743595104,0.131804703
95,50,1,-0.743593529,0.131804703
96,50,1,-0.743591954,0.131804703
97,50,1,-0.743590379,0.131804703
98,50,1,-0.743588804,0.131804703
99,50,1,-0.743587229,0.131804703
100,50,1,-0.743585655,0.131804703
101,50,1,-0.743584080,0.131804703
102,50,1,-0.743582505,0.131804703
103,50,1,-0.743580930,0.131804703
104,50,1,-0.743579355,0.131804703
105,50,1,-0.743577781,0.131804703
106,50,1,-0.743576206,0.131804703
107,50,1,-0.743574631,0.131804703
108,50,1,-0.743573056,0.131804703
109,50,1,-0.743571481,0.131804703
110,50,1,-0.743569907,0.131804703
111,50,1,-0.743568332,0.131804703
112,50,1,-0.743566757,0.131804703
113,50,1,-0.743565182,0.131804703
114,50,1,-0.743563607,0.131804703
115,50,1,-0.743562033,0.131804703
116,50,1,-0.743560458,0.131804703
117,50,1,-0.743558883,0.131804703
118,50,1,-0.743557308,0.131804703
119,50,1,-0.743555733,0.131804703
120,50,1,-0.743554159,0.131804703
121,50,1,-0.743552584,0.131804703
122,50,1,-0.743551009,0.131804703
123,50,1,-0.743549434,0.131804703
124,50,1,-0.743547859,0.131804703
125,50,1,-0.743546285,0.131804703
126,50,1,-0.743544710,0.131804703
127,50,1,-0.743543135,0.131804703
0,51,1,-0.743743135,0.131806278
1,51,1,-0.743741560,0.131806278
2,51,1,-0.743739985,0.131806278
3,51,1,-0.743738411,0.131806278
4,51,1,-0.743736836,0.131806278
5,51,1,-0.743735261,0.131806278
6,51,1,-0.743733686,0.131806278
7,51,1,-0.743732111,0.131806278
8,51,1,-0.743730537,0.131806278
9,51,1,-0.743728962,0.131806278
10,51,1,-0.743727387,0.131806278
11,51,1,-0.743725812,0.131806278
12,51,1,-0.743724237,0.131806278
13,51,1,-0.743722663,0.131806278
14,51,1,-0.743721088,0.131806278
15,51,1,-0.743719513,0.131806278
16,51,1,-0.743717938,0.131806278
17,51,1,-0.743716363,0.131806278
18,51,1,-0.743714789,0.131806278
19,51,1,-0.743713214,0.131806278
20,51,1,-0.743711639,0.131806278
21,51,1,-0.743710064,0.131806278
22,51,1,-0.743708489,0.131806278
23,51,1,-0.743706915,0.131806278
24,51,1,-0.743705340,0.131806278
25,51,1,-0.743703765,0.131806278
26,51,1,-0.743702190,0.131806278
27,51,1,-0.743700615,0.131806278
28,51,1,-0.743699041,0.131806278
29,51,1,-0.743697466,0.131806278
30,51,1,-0.743695891,0.131806278
31,51,1,-0.743694316,0.131806278
32,51,1,-0.743692741,0.131806278
33,51,1,-0.743691166,0.131806278
34,51,1,-0.743689592,0.131806278
35,51,1,-0.743688017,0.131806278
36,51,1,-0.743686442,0.131806278
37,51,1,-0.743684867,0.131806278
38,51,1,-0.743683292,0.131806278
39,51,1,-0.743681718,0.131806278
40,51,1,-0.743680143,0.131806278
41,51,1,-0.743678568,0.131806278
42,51,1,-0.743676993,0.131806278
43,51,1,-0.743675418,0.131806278
44,51,1,-0.743673844,0.131806278
45,51,1,-0.743672269,0.131806278
46,51,1,-0.743670694,0.131806278
47,51,1,-0.743669119,0.131806278
48,51,1,-0.743667544,0.131806278
49,51,1,-0.743665970,0.131806278
50,51,1,-0.743664395,0.131806278
51,51,1,-0.743662820,0.131806278
52,51,1,-0.743661245,0.131806278
53,51,1,-0.743659670,0.131806278
54,51,1,-0.743658096,0.131806278
55,51,1,-0.743656521,0.131806278
56,51,1,-0.743654946,0.131806278
57,51,1,-0.743653371,0.131806278
58,51,1,-0.743651796,0.131806278
59,51,1,-0.743650222,0.131806278
60,51,1,-0.743648647,0.131806278
61,51,1,-0.743647072,0.131806278
62,51,1,-0.743645497,0.131806278
63,51,1,-0.743643922,0.131806278
64,51,1,-0.743642348,0.131806278
65,51,1,-0.743640773,0.131806278
66,51,1,-0.743639198,0.131806278
67,51,1,-0.743637623,0.131806278
68,51,1,-0.743636048,0.131806278
69,51,1,-0.743634474,0.131806278
70,51,1,-0.743632899,0.131806278
71,51,1,-0.743631324,0.131806278
72,51,1,-0.743629749,0.131806278
73,51,1,-0.743628174,0.131806278
74,51,1,-0.743626600,0.131806278
75,51,1,-0.743625025,0.131806278
76,51,1,-0.743623450,0.131806278
77,51,1,-0.743621875,0.131806278
78,51,1,-0.743620300,0.131806278
79,51,1,-0.743618726,0.131806278
80,51,1,-0.743617151,0.131806278
81,51,1,-0.743615576,0.131806278
82,51,1,-0.743614001,0.131806278
83,51,1,-0.743612426,0.131806278
84,51,1,-0.743610852,0.131806278
85,51,1,-0.743609277,0.131806278
86,51,1,-0.743607702,0.131806278
87,51,1,-0.743606127,0.131806278
88,51,1,-0.743604552,0.131806278
89,51,1,-0.743602978,0.131806278
90,51,1,-0.743601403,0.131806278
91,51,1,-0.743599828,0.131806278
92,51,1,-0.743598253,0.131806278
93,51,1,-0.743596678,0.131806278
94,51,1,-0.743595104,0.131806278
95,51,1,-0.743593529,0.131806278
96,51,1,-0.743591954,0.131806278
97,51,1,-0.743590379,0.131806278
98,51,1,-0.743588804,0.131806278
99,51,1,-0.743587229,0.131806278
100,51,1,-0.743585655,0.131806278
101,51,1,-0.743584080,0.131806278
102,51,1,-0.743582505,0.131806278
103,51,1,-0.743580930,0.131806278
104,51,1,-0.743579355,0.131806278
105,51,1,-0.743577781,0.131806278
106,51,1,-0.743576206,0.131806278
107,51,1,-0.743574631,0.131806278
108,51,1,-0.743573056,0.131806278
109,51,1,-0.743571481,0.131806278
110,51,1,-0.743569907,0.131806278
111,51,1,-0.743568332,0.131806278
112,51,1,-0.743566757,0.131806278
113,51,1,-0.743565182,0.131806278
114,51,1,-0.743563607,0.131806278
115,51,1,-0.743562033,0.131806278
116,51,1,-0.743560458,0.131806278
117,51,1,-0.743558883,0.131806278
118,51,1,-0.743557308,0.131806278
119,51,1,-0.743555733,0.131806278
120,51,1,-0.743554159,0.131806278
121,51,1,-0.743552584,0.131806278
122,51,1,-0.743551009,0.131806278
123,51,1,-0.743549434,0.131806278
124,51,1,-0.743547859,0.131806278
125,51,1,-0.743546285,0.131806278
126,51,1,-0.743544710,0.131806278
127,51,1,-0.743543135,0.131806278
0,52,1,-0.743743135,0.131807853
1,52,1,-0.743741560,0.131807853
2,52,1,-0.743739985,0.131807853
3,52,1,-0.743738411,0.131807853
4,52,1,-0.743736836,0.131807853
5,52,1,-0.743735261,0.131807853
6,52,1,-0.743733686,0.131807853
7,52,1,-0.743732111,0.131807853
8,52,1,-0.743730537,0.131807853
9,52,1,-0.743728962,0.131807853
10,52,1,-0.743727387,0.131807853
11,52,1,-0.743725812,0.131807853
12,52,1,-0.743724237,0.131807853
13,52,1,-0.743722663,0.131807853
14,52,1,-0.743721088,0.131807853
15,52,1,-0.743719513,0.131807853
16,52,1,-0.743717938,0.131807853
17,52,1,-0.743716363,0.131807853
18,52,1,-0.743714789,0.131807853
19,52,1,-0.743713214,0.131807853
20,52,1,-0.743711639,0.131807853
21,52,1,-0.743710064,0.131807853
22,52,1,-0.743708489,0.131807853
23,52,1,-0.743706915,0.131807853
24,52,1,-0.743705340,0.131807853
25,52,1,-0.743703765,0.131807853
26,52,1,-0.743702190,0.131807853
27,52,1,-0.743700615,0.131807853
28,52,1,-0.743699041,0.131807853
29,52,1,-0.743697466,0.131807853
30,52,1,-0.743695891,0.131807853
31,52,1,-0.743694316,0.131807853
32,52,1,-0.743692741,0.131807853
33,52,1,-0.743691166,0.131807853
34,52,1,-0.743689592,0.131807853
35,52,1,-0.743688017,0.131807853
36,52,1,-0.743686442,0.131807853
37,52,1,-0.743684867,0.131807853
38,52,1,-0.743683292,0.131807853
39,52,1,-0.743681718,0.131807853
40,52,1,-0.743680143,0.131807853
41,52,1,-0.743678568,0.131807853
42,52,1,-0.743676993,0.131807853
43,52,1,-0.743675418,0.131807853
44,52,1,-0.743673844,0.131807853
45,52,1,-0.743672269,0.131807853
46,52,1,-0.743670694,0.131807853
47,52,1,-0.743669119,0.131807853
48,52,1,-0.743667544,0.131807853
49,52,1,-0.743665970,0.131807853
50,52,1,-0.743664395,0.131807853
51,52,1,-0.743662820,0.131807853
52,52,1,-0.743661245,0.131807853
53,52,1,-0.743659670,0.131807853
54,52,1,-0.743658096,0.131807853
55,52,1,-0.743656521,0.131807853
56,52,1,-0.743654946,0.131807853
57,52,1,-0.743653371,0.131807853
58,52,1,-0.743651796,0.131807853
59,52,1,-0.743650222,0.131807853
60,52,1,-0.743648647,0.131807853
61,52,1,-0.743647072,0.131807853
62,52,1,-0.743645497,0.131807853
63,52,1,-0.743643922,0.131807853
64,52,1,-0.743642348,0.131807853
65,52,1,-0.743640773,0.131807853
66,52,1,-0.743639198,0.131807853
67,52,1,-0.743637623,0.131807853
68,52,1,-0.743636048,0.131807853
69,52,1,-0.743634474,0.131807853
70,52,1,-0.743632899,0.131807853
71,52,1,-0.743631324,0.131807853
72,52,1,-0.743629749,0.131807853
73,52,1,-0.743628174,0.131807853
74,52,1,-0.743626600,0.131807853
75,52,1,-0.743625025,0.131807853
76,52,1,-0.743623450,0.131807853
77,52,1,-0.743621875,0.131807853
78,52,1,-0.743620300,0.131807853
79,52,1,-0.743618726,0.131807853
80,52,1,-0.743617151,0.131807853
81,52,1,-0.743615576,0.131807853
82,52,1,-0.743614001,0.131807853
83,52,1,-0.743612426,0.131807853
84,52,1,-0.743610852,0.131807853
85,52,1,-0.743609277,0.131807853
86,52,1,-0.743607702,0.131807853
87,52,1,-0.743606127,0.131807853
88,52,1,-0.743604552,0.131807853
89,52,1,-0.743602978,0.131807853
90,52,1,-0.743601403,0.131807853
91,52,1,-0.743599828,0.131807853
92,52,1,-0.743598253,0.131807853
93,52,1,-0.743596678,0.131807853
94,52,1,-0.743595104,0.131807853
95,52,1,-0.743593529,0.131807853
96,52,1,-0.743591954,0.131807853
97,52,1,-0.743590379,0.131807853
98,52,1,-0.743588804,0.131807853
99,52,1,-0.743587229,0.131807853
100,52,1,-0.743585655,0.131807853
101,52,1,-0.743584080,0.131807853
102,52,1,-0.743582505,0.131807853
103,52,1,-0.743580930,0.131807853
104,52,1,-0.743579355,0.131807853
105,52,1,-0.743577781,0.131807853
106,52,1,-0.743576206,0.131807853
107,52,1,-0.743574631,0.131807853
108,52,1,-0.743573056,0.131807853
109,52,1,-0.743571481,0.131807853
110,52,1,-0.743569907,0.131807853
111,52,1,-0.743568332,0.131807853
112,52,1,-0.743566757,0.131807853
113,52,1,-0.743565182,0.131807853
114,52,1,-0.743563607,0.131807853
115,52,1,-0.743562033,0.131807853
116,52,1,-0.743560458,0.131807853
117,52,1,-0.743558883,0.131807853
118,52,1,-0.743557308,0.131807853
119,52,1,-0.743555733,0.131807853
120,52,1,-0.743554159,0.131807853
121,52,1,-0.743552584,0.131807853
122,52,1,-0.743551009,0.131807853
123,52,1,-0.743549434,0.131807853
124,52,1,-0.743547859,0.131807853
125,52,1,-0.743546285,0.131807853
126,52,1,-0.743544710,0.131807853
127,52,1,-0.743543135,0.131807853
0,53,1,-0.743743135,0.131809428
1,53,1,-0.743741560,0.131809428
2,53,1,-0.743739985,0.131809428
3,53,1,-0.743738411,0.131809428
4,53,1,-0.743736836,0.131809428
5,53,1,-0.743735261,0.131809428
6,53,1,-0.743733686,0.131809428
7,53,1,-0.743732111,0.131809428
8,53,1,-0.743730537,0.131809428
9,53,1,-0.743728962,0.131809428
10,53,1,-0.743727387,0.131809428
11,53,1,-0.743725812,0.131809428
12,53,1,-0.743724237,0.131809428
13,53,1,-0.743722663,0.131809428
14,53,1,-0.743721088,0.131809428
15,53,1,-0.743719513,0.131809428
16,53,1,-0.743717938,0.131809428
17,53,1,-0.743716363,0.131809428
18,53,1,-0.743714789,0.131809428
19,53,1,-0.743713214,0.131809428
20,53,1,-0.743711639,0.131809428
21,53,1,-0.743710064,0.131809428
22,53,1,-0.743708489,0.131809428
23,53,1,-0.743706915,0.131809428
24,53,1,-0.743705340,0.131809428
25,53,1,-0.743703765,0.131809428
26,53,1,-0.743702190,0.131809428
27,53,1,-0.743700615,0.131809428
28,53,1,-0.743699041,0.131809428
29,53,1,-0.743697466,0.131809428
30,53,1,-0.743695891,0.131809428
31,53,1,-0.743694316,0.131809428
32,53,1,-0.743692741,0.131809428
33,53,1,-0.743691166,0.131809428
34,53,1,-0.743689592,0.131809428
35,53,1,-0.743688017,0.131809428
36,53,1,-0.743686442,0.131809428
37,53,1,-0.743684867,0.131809428
38,53,1,-0.743683292,0.131809428
39,53,1,-0.743681718,0.131809428
40,53,1,-0.743680143,0.131809428
41,53,1,-0.743678568,0.131809428
42,53,1,-0.743676993,0.131809428
43,53,1,-0.743675418,0.131809428
44,53,1,-0.743673844,0.131809428
45,53,1,-0.743672269,0.131809428
46,53,1,-0.743670694,0.131809428
47,53,1,-0.743669119,0.131809428
48,53,1,-0.743667544,0.131809428
49,53,1,-0.743665970,0.131809428
50,53,1,-0.743664395,0.131809428
51,53,1,-0.743662820,0.131809428
52,53,1,-0.743661245,0.131809428
53,53,1,-0.743659670,0.131809428
54,53,1,-0.743658096,0.131809428
55,53,1,-0.743656521,0.131809428
56,53,1,-0.743654946,0.131809428
57,53,1,-0.743653371,0.131809428
58,53,1,-0.743651796,0.131809428
59,53,1,-0.743650222,0.131809428
60,53,1,-0.743648647,0.131809428
61,53,1,-0.743647072,0.131809428
62,53,1,-0.743645497,0.131809428
63,53,1,-0.743643922,0.131809428
64,53,1,-0.743642348,0.131809428
65,53,1,-0.743640773,0.131809428
66,53,1,-0.743639198,0.131809428
67,53,1,-0.743637623,0.131809428
68,53,1,-0.743636048,0.131809428
69,53,1,-0.743634474,0.131809428
70,53,1,-0.743632899,0.131809428
71,53,1,-0.743631324,0.131809428
72,53,1,-0.743629749,0.131809428
73,53,1,-0.743628174,0.131809428
74,53,1,-0.743626600,0.131809428
75,53,1,-0.743625025,0.131809428
76,53,1,-0.743623450,0.131809428
77,53,1,-0.743621875,0.131809428
78,53,1,-0.743620300,0.131809428
79,53,1,-0.743618726,0.131809428
80,53,1,-0.743617151,0.131809428
81,53,1,-0.743615576,0.131809428
82,53,1,-0.743614001,0.131809428
83,53,1,-0.743612426,0.131809428
84,53,1,-0.743610852,0.131809428
85,53,1,-0.743609277,0.131809428
86,53,1,-0.743607702,0.131809428
87,53,1,-0.743606127,0.131809428
88,53,1,-0.743604552,0.131809428
89,53,1,-0.743602978,0.131809428
90,53,1,-0.743601403,0.131809428
91,53,1,-0.743599828,0.131809428
92,53,1,-0.743598253,0.131809428
93,53,1,-0.743596678,0.131809428
94,53,1,-0.743595104,0.131809428
95,53,1,-0.743593529,0.131809428
96,53,1,-0.743591954,0.131809428
97,53,1,-0.743590379,0.131809428
98,53,1,-0.743588804,0.131809428
99,53,1,-0.743587229,0.131809428
100,53,1,-0.743585655,0.131809428
101,53,1,-0.743584080,0.131809428
102,53,1,-0.743582505,0.131809428
103,53,1,-0.743580930,0.131809428
104,53,1,-0.743579355,0.131809428
105,53,1,-0.743577781,0.131809428
106,53,1,-0.743576206,0.131809428
107,53,1,-0.743574631,0.131809428
108,53,1,-0.743573056,0.131809428
109,53,1,-0.743571481,0.131809428
110,53,1,-0.743569907,0.131809428
111,53,1,-0.743568332,0.131809428
112,53,1,-0.743566757,0.131809428
113,53,1,-0.743565182,0.131809428
114,53,1,-0.743563607,0.131809428
115,53,1,-0.743562033,0.131809428
116,53,1,-0.743560458,0.131809428
117,53,1,-0.743558883,0.131809428
118,53,1,-0.743557308,0.131809428
119,53,1,-0.743555733,0.131809428
120,53,1,-0.743554159,0.131809428
121,53,1,-0.743552584,0.131809428
122,53,1,-0.743551009,0.131809428
123,53,1,-0.743549434,0.131809428
124,53,1,-0.743547859,0.131809428
125,53,1,-0.743546285,0.131809428
126,53,1,-0.743544710,0.131809428
127,53,1,-0.743543135,0.131809428
0,54,1,-0.743743135,0.131811002
1,54,1,-0.743741560,0.131811002
2,54,1,-0.743739985,0.131811002
3,54,1,-0.743738411,0.131811002
4,54,1,-0.743736836,0.131811002
5,54,1,-0.743735261,0.131811002
6,54,1,-0.743733686,0.131811002
7,54,1,-0.743732111,0.131811002
8,54,1,-0.743730537,0.131811002
9,54,1,-0.743728962,0.131811002
10,54,1,-0.743727387,0.131811002
11,54,1,-0.743725812,0.131811002
12,54,1,-0.743724237,0.131811002
13,54,1,-0.743722663,0.131811002
14,54,1,-0.743721088,0.131811002
15,54,1,-0.743719513,0.131811002
16,54,1,-0.743717938,0.131811002
17,54,1,-0.743716363,0.131811002
18,54,1,-0.743714789,0.131811002
19,54,1,-0.743713214,0.131811002
20,54,1,-0.743711639,0.131811002
21,54,1,-0.743710064,0.131811002
22,54,1,-0.743708489,0.131811002
23,54,1,-0.743706915,0.131811002
24,54,1,-0.743705340,0.131811002
25,54,1,-0.743703765,0.131811002
26,54,1,-0.743702190,0.131811002
27,54,1,-0.743700615,0.131811002
28,54,1,-0.743699041,0.131811002
29,54,1,-0.743697466,0.131811002
30,54,1,-0.743695891,0.131811002
31,54,1,-0.743694316,0.131811002
32,54,1,-0.743692741,0.131811002
33,54,1,-0.743691166,0.131811002
34,54,1,-0.743689592,0.131811002
35,54,1,-0.743688017,0.131811002
36,54,1,-0.743686442,0.131811002
37,54,1,-0.743684867,0.131811002
38,54,1,-0.743683292,0.131811002
39,54,1,-0.743681718,0.131811002
40,54,1,-0.743680143,0.131811002
41,54,1,-0.743678568,0.131811002
42,54,1,-0.743676993,0.131811002
43,54,1,-0.743675418,0.131811002
44,54,1,-0.743673844,0.131811002
45,54,1,-0.743672269,0.131811002
46,54,1,-0.743670694,0.131811002
47,54,1,-0.743669119,0.131811002
48,54,1,-0.743667544,0.131811002
49,54,1,-0.743665970,0.131811002
50,54,1,-0.743664395,0.131811002
51,54,1,-0.743662820,0.131811002
52,54,1,-0.743661245,0.131811002
53,54,1,-0.743659670,0.131811002
54,54,1,-0.743658096,0.131811002
55,54,1,-0.743656521,0.131811002
56,54,1,-0.743654946,0.131811002
57,54,1,-0.743653371,0.131811002
58,54,1,-0.743651796,0.131811002
59,54,1,-0.743650222,0.131811002
60,54,1,-0.743648647,0.131811002
61,54,1,-0.743647072,0.131811002
62,54,1,-0.743645497,0.131811002
63,54,1,-0.743643922,0.131811002
64,54,1,-0.743642348,0.131811002
65,54,1,-0.743640773,0.131811002
66,54,1,-0.743639198,0.131811002
67,54,1,-0.743637623,0.131811002
68,54,1,-0.743636048,0.131811002
69,54,1,-0.743634474,0.131811002
70,54,1,-0.743632899,0.131811002
71,54,1,-0.743631324,0.131811002
72,54,1,-0.743629749,0.131811002
73,54,1,-0.743628174,0.131811002
74,54,1,-0.743626600,0.131811002
75,54,1,-0.743625025,0.131811002
76,54,1,-0.743623450,0.131811002
77,54,1,-0.743621875,0.131811002
78,54,1,-0.743620300,0.131811002
79,54,1,-0.743618726,0.131811002
80,54,1,-0.743617151,0.131811002
81,54,1,-0.743615576,0.131811002
82,54,1,-0.743614001,0.131811002
83,54,1,-0.743612426,0.131811002
84,54,1,-0.743610852,0.131811002
85,54,1,-0.743609277,0.131811002
86,54,1,-0.743607702,0.131811002
87,54,1,-0.743606127,0.131811002
88,54,1,-0.743604552,0.131811002
89,54,1,-0.743602978,0.131811002
90,54,1,-0.743601403,0.131811002
91,54,1,-0.743599828,0.131811002
92,54,1,-0.743598253,0.131811002
93,54,1,-0.743596678,0.131811002
94,54,1,-0.743595104,0.131811002
95,54,1,-0.743593529,0.131811002
96,54,1,-0.743591954,0.131811002
97,54,1,-0.743590379,0.131811002
98,54,1,-0.743588804,0.131811002
99,54,1,-0.743587229,0.131811002
100,54,1,-0.743585655,0.131811002
101,54,1,-0.743584080,0.131811002
102,54,1,-0.743582505,0.131811002
103,54,1,-0.743580930,0.131811002
104,54,1,-0.743579355,0.131811002
105,54,1,-0.743577781,0.131811002
106,54,1,-0.743576206,0.131811002
107,54,1,-0.743574631,0.131811002
108,54,1,-0.743573056,0.131811002
109,54,1,-0.743571481,0.131811002
110,54,1,-0.743569907,0.131811002
111,54,1,-0.743568332,0.131811002
112,54,1,-0.743566757,0.131811002
113,54,1,-0.743565182,0.131811002
114,54,1,-0.743563607,0.131811002
115,54,1,-0.743562033,0.131811002
116,54,1,-0.743560458,0.131811002
117,54,1,-0.743558883,0.131811002
118,54,1,-0.743557308,0.131811002
119,54,1,-0.743555733,0.131811002
120,54,1,-0.743554159,0.131811002
121,54,1,-0.743552584,0.131811002
122,54,1,-0.743551009,0.131811002
123,54,1,-0.743549434,0.131811002
124,54,1,-0.743547859,0.131811002
125,54,1,-0.743546285,0.131811002
126,54,1,-0.743544710,0.131811002
127,54,1,-0.743543135,0.131811002
0,55,1,-0.743743135,0.131812577
1,55,1,-0.743741560,0.131812577
2,55,1,-0.743739985,0.131812577
3,55,1,-0.743738411,0.131812577
4,55,1,-0.743736836,0.131812577
5,55,1,-0.743735261,0.131812577
6,55,1,-0.743733686,0.131812577
7,55,1,-0.743732111,0.131812577
8,55,1,-0.743730537,0.131812577
9,55,1,-0.743728962,0.131812577
10,55,1,-0.743727387,0.131812577
11,55,1,-0.743725812,0.131812577
12,55,1,-0.743724237,0.131812577
13,55,1,-0.743722663,0.131812577
14,55,1,-0.743721088,0.131812577
15,55,1,-0.743719513,0.131812577
16,55,1,-0.743717938,0.131812577
17,55,1,-0.743716363,0.131812577
18,55,1,-0.743714789,0.131812577
19,55,1,-0.743713214,0.131812577
20,55,1,-0.743711639,0.131812577
21,55,1,-0.743710064,0.131812577
22,55,1,-0.743708489,0.131812577
23,55,1,-0.743706915,0.131812577
24,55,1,-0.743705340,0.131812577
25,55,1,-0.743703765,0.131812577
26,55,1,-0.743702190,0.131812577
27,55,1,-0.743700615,0.131812577
28,55,1,-0.743699041,0.131812577
29,55,1,-0.743697466,0.131812577
30,55,1,-0.743695891,0.131812577
31,55,1,-0.743694316,0.131812577
32,55,1,-0.743692741,0.131812577
33,55,1,-0.743691166,0.131812577
34,55,1,-0.743689592,0.131812577
35,55,1,-0.743688017,0.131812577
36,55,1,-0.743686442,0.131812577
37,55,1,-0.743684867,0.131812577
38,55,1,-0.743683292,0.131812577
39,55,1,-0.743681718,0.131812577
40,55,1,-0.743680143,0.131812577
41,55,1,-0.743678568,0.131812577
42,55,1,-0.743676993,0.131812577
43,55,1,-0.743675418,0.131812577
44,55,1,-0.743673844,0.131812577
45,55,1,-0.743672269,0.131812577
46,55,1,-0.743670694,0.131812577
47,55,1,-0.743669119,0.131812577
48,55,1,-0.743667544,0.131812577
49,55,1,-0.743665970,0.131812577
50,55,1,-0.743664395,0.131812577
51,55,1,-0.743662820,0.131812577
52,55,1,-0.743661245,0.131812577
53,55,1,-0.743659670,0.131812577
54,55,1,-0.743658096,0.131812577
55,55,1,-0.743656521,0.131812577
56,55,1,-0.743654946,0.131812577
57,55,1,-0.743653371,0.131812577
58,55,1,-0.743651796,0.131812577
59,55,1,-0.743650222,0.131812577
60,55,1,-0.743648647,0.131812577
61,55,1,-0.743647072,0.131812577
62,55,1,-0.743645497,0.131812577
63,55,1,-0.743643922,0.131812577
64,55,1,-0.743642348,0.131812577
65,55,1,-0.743640773,0.131812577
66,55,1,-0.743639198,0.131812577
67,55,1,-0.743637623,0.131812577
68,55,1,-0.743636048,0.131812577
69,55,1,-0.743634474,0.131812577
70,55,1,-0.743632899,0.131812577
71,55,1,-0.743631324,0.131812577
72,55,1,-0.743629749,0.131812577
73,55,1,-0.743628174,0.131812577
74,55,1,-0.743626600,0.131812577
75,55,1,-0.743625025,0.131812577
76,55,1,-0.743623450,0.131812577
77,55,1,-0.743621875,0.131812577
78,55,1,-0.743620300,0.131812577
79,55,1,-0.743618726,0.131812577
80,55,1,-0.743617151,0.131812577
81,55,1,-0.743615576,0.131812577
82,55,1,-0.743614001,0.131812577
83,55,1,-0.743612426,0.131812577
84,55,1,-0.743610852,0.131812577
85,55,1,-0.743609277,0.131812577
86,55,1,-0.743607702,0.131812577
87,55,1,-0.743606127,0.131812577
88,55,1,-0.743604552,0.131812577
89,55,1,-0.743602978,0.131812577
90,55,1,-0.743601403,0.131812577
91,55,1,-0.743599828,0.131812577
92,55,1,-0.743598253,0.131812577
93,55,1,-0.743596678,0.131812577
94,55,1,-0.743595104,0.131812577
95,55,1,-0.743593529,0.131812577
96,55,1,-0.743591954,0.131812577
97,55,1,-0.743590379,0.131812577
98,55,1,-0.743588804,0.131812577
99,55,1,-0.743587229,0.131812577
100,55,1,-0.743585655,0.131812577
101,55,1,-0.743584080,0.131812577
102,55,1,-0.743582505,0.131812577
103,55,1,-0.743580930,0.131812577
104,55,1,-0.743579355,0.131812577
105,55,1,-0.743577781,0.131812577
106,55,1,-0.743576206,0.131812577
107,55,1,-0.743574631,0.131812577
108,55,1,-0.743573056,0.131812577
109,55,1,-0.743571481,0.131812577
110,55,1,-0.743569907,0.131812577
111,55,1,-0.743568332,0.131812577
112,55,1,-0.743566757,0.131812577
113,55,1,-0.743565182,0.131812577
114,55,1,-0.743563607,0.131812577
115,55,1,-0.743562033,0.131812577
116,55,1,-0.743560458,0.131812577
117,55,1,-0.743558883,0.131812577
118,55,1,-0.743557308,0.131812577
119,55,1,-0.743555733,0.131812577
120,55,1,-0.743554159,0.131812577
121,55,1,-0.743552584,0.131812577
122,55,1,-0.743551009,0.131812577
123,55,1,-0.743549434,0.131812577
124,55,1,-0.743547859,0.131812577
125,55,1,-0.743546285,0.131812577
126,55,1,-0.743544710,0.131812577
127,55,1,-0.743543135,0.131812577
0,56,1,-0.743743135,0.131814152
1,56,1,-0.743741560,0.131814152
2,56,1,-0.743739985,0.131814152
3,56,1,-0.743738411,0.131814152
4,56,1,-0.743736836,0.131814152
5,56,1,-0.743735261,0.131814152
6,56,1,-0.743733686,0.131814152
7,56,1,-0.743732111,0.131814152
8,56,1,-0.743730537,0.131814152
9,56,1,-0.743728962,0.131814152
10,56,1,-0.743727387,0.131814152
11,56,1,-0.743725812,0.131814152
12,56,1,-0.743724237,0.131814152
13,56,1,-0.743722663,0.131814152
14,56,1,-0.743721088,0.131814152
15,56,1,-0.743719513,0.131814152
16,56,1,-0.743717938,0.131814152
17,56,1,-0.743716363,0.131814152
18,56,1,-0.743714789,0.131814152
19,56,1,-0.743713214,0.131814152
20,56,1,-0.743711639,0.131814152
21,56,1,-0.743710064,0.131814152
22,56,1,-0.743708489,0.131814152
23,56,1,-0.743706915,0.131814152
24,56,1,-0.743705340,0.131814152
25,56,1,-0.743703765,0.131814152
26,56,1,-0.743702190,0.131814152
27,56,1,-0.743700615,0.131814152
28,56,1,-0.743699041,0.131814152
29,56,1,-0.743697466,0.131814152
30,56,1,-0.743695891,0.131814152
31,56,1,-0.743694316,0.131814152
32,56,1,-0.743692741,0.131814152
33,56,1,-0.743691166,0.131814152
34,56,1,-0.743689592,0.131814152
35,56,1,-0.743688017,0.131814152
36,56,1,-0.743686442,0.131814152
37,56,1,-0.743684867,0.131814152
38,56,1,-0.743683292,0.131814152
39,56,1,-0.743681718,0.131814152
40,56,1,-0.743680143,0.131814152
41,56,1,-0.743678568,0.131814152
42,56,1,-0.743676993,0.131814152
43,56,1,-0.743675418,0.131814152
44,56,1,-0.743673844,0.131814152
45,56,1,-0.743672269,0.131814152
46,56,1,-0.743670694,0.131814152
47,56,1,-0.743669119,0.131814152
48,56,1,-0.743667544,0.131814152
49,56,1,-0.743665970,0.131814152
50,56,1,-0.743664395,0.131814152
51,56,1,-0.743662820,0.131814152
52,56,1,-0.743661245,0.131814152
53,56,1,-0.743659670,0.131814152
54,56,1,-0.743658096,0.131814152
55,56,1,-0.743656521,0.131814152
56,56,1,-0.743654946,0.131814152
57,56,1,-0.743653371,0.131814152
58,56,1,-0.743651796,0.131814152
59,56,1,-0.743650222,0.131814152
60,56,1,-0.743648647,0.131814152
61,56,1,-0.743647072,0.131814152
62,56,1,-0.743645497,0.131814152
63,56,1,-0.743643922,0.131814152
64,56,1,-0.743642348,0.131814152
65,56,1,-0.743640773,0.131814152
66,56,1,-0.743639198,0.131814152
67,56,1,-0.743637623,0.131814152
68,56,1,-0.743636048,0.131814152
69,56,1,-0.743634474,0.131814152
70,56,1,-0.743632899,0.131814152
71,56,1,-0.743631324,0.131814152
72,56,1,-0.743629749,0.131814152
73,56,1,-0.743628174,0.131814152
74,56,1,-0.743626600,0.131814152
75,56,1,-0.743625025,0.131814152
76,56,1,-0.743623450,0.131814152
77,56,1,-0.743621875,0.131814152
78,56,1,-0.743620300,0.131814152
79,56,1,-0.743618726,0.131814152
80,56,1,-0.743617151,0.131814152
81,56,1,-0.743615576,0.131814152
82,56,1,-0.743614001,0.131814152
83,56,1,-0.743612426,0.131814152
84,56,1,-0.743610852,0.131814152
85,56,1,-0.743609277,0.131814152
86,56,1,-0.743607702,0.131814152
87,56,1,-0.743606127,0.131814152
88,56,1,-0.743604552,0.131814152
89,56,1,-0.743602978,0.131814152
90,56,1,-0.743601403,0.131814152
91,56,1,-0.743599828,0.131814152
92,56,1,-0.743598253,0.131814152
93,56,1,-0.743596678,0.131814152
94,56,1,-0.743595104,0.131814152
95,56,1,-0.743593529,0.131814152
96,56,1,-0.743591954,0.131814152
97,56,1,-0.743590379,0.131814152
98,56,1,-0.743588804,0.131814152
99,56,1,-0.743587229,0.131814152
100,56,1,-0.743585655,0.131814152
101,56,1,-0.743584080,0.131814152
102,56,1,-0.743582505,0.131814152
103,56,1,-0.743580930,0.131814152
104,56,1,-0.743579355,0.131814152
105,56,1,-0.743577781,0.131814152
106,56,1,-0.743576206,0.131814152
107,56,1,-0.743574631,0.131814152
108,56,1,-0.743573056,0.131814152
109,56,1,-0.743571481,0.131814152
110,56,1,-0.743569907,0.131814152
111,56,1,-0.743568332,0.131814152
112,56,1,-0.743566757,0.131814152
113,56,1,-0.743565182,0.131814152
114,56,1,-0.743563607,0.131814152
115,56,1,-0.743562033,0.131814152
116,56,1,-0.743560458,0.131814152
117,56,1,-0.743558883,0.131814152
118,56,1,-0.743557308,0.131814152
119,56,1,-0.743555733,0.131814152
120,56,1,-0.743554159,0.131814152
121,56,1,-0.743552584,0.131814152
122,56,1,-0.743551009,0.131814152
123,56,1,-0.743549434,0.131814152
124,56,1,-0.743547859,0.131814152
125,56,1,-0.743546285,0.131814152
126,56,1,-0.743544710,0.131814152
127,56,1,-0.743543135,0.131814152
0,57,1,-0.743743135,0.131815727
1,57,1,-0.743741560,0.131815727
2,57,1,-0.743739985,0.131815727
3,57,1,-0.743738411,0.131815727
4,57,1,-0.743736836,0.131815727
5,57,1,-0.743735261,0.131815727
6,57,1,-0.743733686,0.131815727
7,57,1,-0.743732111,0.131815727
8,57,1,-0.743730537,0.131815727
9,57,1,-0.743728962,0.131815727
10,57,1,-0.743727387,0.131815727
11,57,1,-0.743725812,0.131815727
12,57,1,-0.743724237,0.131815727
13,57,1,-0.743722663,0.131815727
14,57,1,-0.743721088,0.131815727
15,57,1,-0.743719513,0.131815727
16,57,1,-0.743717938,0.131815727
17,57,1,-0.743716363,0.131815727
18,57,1,-0.743714789,0.131815727
19,57,1,-0.743713214,0.131815727
20,57,1,-0.743711639,0.131815727
21,57,1,-0.743710064,0.131815727
22,57,1,-0.743708489,0.131815727
23,57,1,-0.743706915,0.131815727
24,57,1,-0.743705340,0.131815727
25,57,1,-0.743703765,0.131815727
26,57,1,-0.743702190,0.131815727
27,57,1,-0.743700615,0.131815727
28,57,1,-0.743699041,0.131815727
29,57,1,-0.743697466,0.131815727
30,57,1,-0.743695891,0.131815727
31,57,1,-0.743694316,0.131815727
32,57,1,-0.743692741,0.131815727
33,57,1,-0.743691166,0.131815727
34,57,1,-0.743689592,0.131815727
35,57,1,-0.743688017,0.131815727
36,57,1,-0.743686442,0.131815727
37,57,1,-0.743684867,0.131815727
38,57,1,-0.743683292,0.131815727
39,57,1,-0.743681718,0.131815727
40,57,1,-0.743680143,0.131815727
41,57,1,-0.743678568,0.131815727
42,57,1,-0.743676993,0.131815727
43,57,1,-0.743675418,0.131815727
44,57,1,-0.743673844,0.131815727
45,57,1,-0.743672269,0.131815727
46,57,1,-0.743670694,0.131815727
47,57,1,-0.743669119,0.131815727
48,57,1,-0.743667544,0.131815727
49,57,1,-0.743665970,0.131815727
50,57,1,-0.743664395,0.131815727
51,57,1,-0.743662820,0.131815727
52,57,1,-0.743661245,0.131815727
53,57,1,-0.743659670,0.131815727
54,57,1,-0.743658096,0.131815727
55,57,1,-0.743656521,0.131815727
56,57,1,-0.743654946,0.131815727
57,57,1,-0.743653371,0.131815727
58,57,1,-0.743651796,0.131815727
59,57,1,-0.743650222,0.131815727
60,57,1,-0.743648647,0.131815727
61,57,1,-0.743647072,0.131815727
62,57,1,-0.743645497,0.131815727
63,57,1,-0.743643922,0.131815727
64,57,1,-0.743642348,0.131815727
65,57,1,-0.743640773,0.131815727
66,57,1,-0.743639198,0.131815727
67,57,1,-0.743637623,0.131815727
68,57,1,-0.743636048,0.131815727
69,57,1,-0.743634474,0.131815727
70,57,1,-0.743632899,0.131815727
71,57,1,-0.743631324,0.131815727
72,57,1,-0.743629749,0.131815727
73,57,1,-0.743628174,0.131815727
74,57,1,-0.743626600,0.131815727
75,57,1,-0.743625025,0.131815727
76,57,1,-0.743623450,0.131815727
77,57,1,-0.743621875,0.131815727
78,57,1,-0.743620300,0.131815727
79,57,1,-0.743618726,0.131815727
80,57,1,-0.743617151,0.131815727
81,57,1,-0.743615576,0.131815727
82,57,1,-0.743614001,0.131815727
83,57,1,-0.743612426,0.131815727
84,57,1,-0.743610852,0.131815727
85,57,1,-0.743609277,0.131815727
86,57,1,-0.743607702,0.131815727
87,57,1,-0.743606127,0.131815727
88,57,1,-0.743604552,0.131815727
89,57,1,-0.743602978,0.131815727
90,57,1,-0.743601403,0.131815727
91,57,1,-0.743599828,0.131815727
92,57,1,-0.743598253,0.131815727
93,57,1,-0.743596678,0.131815727
94,57,1,-0.743595104,0.131815727
95,57,1,-0.743593529,0.131815727
96,57,1,-0.743591954,0.131815727
97,57,1,-0.743590379,0.131815727
98,57,1,-0.743588804,0.131815727
99,57,1,-0.743587229,0.131815727
100,57,1,-0.743585655,0.131815727
101,57,1,-0.743584080,0.131815727
102,57,1,-0.743582505,0.131815727
103,57,1,-0.743580930,0.131815727
104,57,1,-0.743579355,0.131815727
105,57,1,-0.743577781,0.131815727
106,57,1,-0.743576206,0.131815727
107,57,1,-0.743574631,0.131815727
108,57,1,-0.743573056,0.131815727
109,57,1,-0.743571481,0.131815727
110,57,1,-0.743569907,0.131815727
111,57,1,-0.743568332,0.131815727
112,57,1,-0.743566757,0.131815727
113,57,1,-0.743565182,0.131815727
114,57,1,-0.743563607,0.131815727
115,57,1,-0.743562033,0.131815727
116,57,1,-0.743560458,0.131815727
117,57,1,-0.743558883,0.131815727
118,57,1,-0.743557308,0.131815727
119,57,1,-0.743555733,0.131815727
120,57,1,-0.743554159,0.131815727
121,57,1,-0.743552584,0.131815727
122,57,1,-0.743551009,0.131815727
123,57,1,-0.743549434,0.131815727
124,57,1,-0.743547859,0.131815727
125,57,1,-0.743546285,0.131815727
126,57,1,-0.743544710,0.131815727
127,57,1,-0.743543135,0.131815727
0,58,1,-0.743743135,0.131817302
1,58,1,-0.743741560,0.131817302
2,58,1,-0.743739985,0.131817302
3,58,1,-0.743738411,0.131817302
4,58,1,-0.743736836,0.131817302
5,58,1,-0.743735261,0.131817302
6,58,1,-0.743733686,0.131817302
7,58,1,-0.743732111,0.131817302
8,58,1,-0.743730537,0.131817302
9,58,1,-0.743728962,0.131817302
10,58,1,-0.743727387,0.131817302
11,58,1,-0.743725812,0.131817302
12,58,1,-0.743724237,0.131817302
13,58,1,-0.743722663,0.131817302
14,58,1,-0.743721088,0.131817302
15,58,1,-0.743719513,0.131817302
16,58,1,-0.743717938,0.131817302
17,58,1,-0.743716363,0.131817302
18,58,1,-0.743714789,0.131817302
19,58,1,-0.743713214,0.131817302
20,58,1,-0.743711639,0.131817302
21,58,1,-0.743710064,0.131817302
22,58,1,-0.743708489,0.131817302
23,58,1,-0.743706915,0.131817302
24,58,1,-0.743705340,0.131817302
25,58,1,-0.743703765,0.131817302
26,58,1,-0.743702190,0.131817302
27,58,1,-0.743700615,0.131817302
28,58,1,-0.743699041,0.131817302
29,58,1,-0.743697466,0.131817302
30,58,1,-0.743695891,0.131817302
31,58,1,-0.743694316,0.131817302
32,58,1,-0.743692741,0.131817302
33,58,1,-0.743691166,0.131817302
34,58,1,-0.743689592,0.131817302
35,58,1,-0.743688017,0.131817302
36,58,1,-0.743686442,0.131817302
37,58,1,-0.743684867,0.131817302
38,58,1,-0.743683292,0.131817302
39,58,1,-0.743681718,0.131817302
40,58,1,-0.743680143,0.131817302
41,58,1,-0.743678568,0.131817302
42,58,1,-0.743676993,0.131817302
43,58,1,-0.743675418,0.131817302
44,58,1,-0.743673844,0.131817302
45,58,1,-0.743672269,0.131817302
46,58,1,-0.743670694,0.131817302
47,58,1,-0.743669119,0.131817302
48,58,1,-0.743667544,0.131817302
49,58,1,-0.743665970,0.131817302
50,58,1,-0.743664395,0.131817302
51,58,1,-0.743662820,0.131817302
52,58,1,-0.743661245,0.131817302
53,58,1,-0.743659670,0.131817302
54,58,1,-0.743658096,0.131817302
55,58,1,-0.743656521,0.131817302
56,58,1,-0.743654946,0.131817302
57,58,1,-0.743653371,0.131817302
58,58,1,-0.743651796,0.131817302
59,58,1,-0.743650222,0.131817302
60,58,1,-0.743648647,0.131817302
61,58,1,-0.743647072,0.131817302
62,58,1,-0.743645497,0.131817302
63,58,1,-0.743643922,0.131817302
64,58,1,-0.743642348,0.131817302
65,58,1,-0.743640773,0.131817302
66,58,1,-0.743639198,0.131817302
67,58,1,-0.743637623,0.131817302
68,58,1,-0.743636048,0.131817302
69,58,1,-0.743634474,0.131817302
70,58,1,-0.743632899,0.131817302
71,58,1,-0.743631324,0.131817302
72,58,1,-0.743629749,0.131817302
73,58,1,-0.743628174,0.131817302
74,58,1,-0.743626600,0.131817302
75,58,1,-0.743625025,0.131817302
76,58,1,-0.743623450,0.131817302
77,58,1,-0.743621875,0.131817302
78,58,1,-0.743620300,0.131817302
79,58,1,-0.743618726,0.131817302
80,58,1,-0.743617151,0.131817302
81,58,1,-0.743615576,0.131817302
82,58,1,-0.743614001,0.131817302
83,58,1,-0.743612426,0.131817302
84,58,1,-0.743610852,0.131817302
85,58,1,-0.743609277,0.131817302
86,58,1,-0.743607702,0.131817302
87,58,1,-0.743606127,0.131817302
88,58,1,-0.743604552,0.131817302
89,58,1,-0.743602978,0.131817302
90,58,1,-0.743601403,0.131817302
91,58,1,-0.743599828,0.131817302
92,58,1,-0.743598253,0.131817302
93,58,1,-0.743596678,0.131817302
94,58,1,-0.743595104,0.131817302
95,58,1,-0.743593529,0.131817302
96,58,1,-0.743591954,0.131817302
97,58,1,-0.743590379,0.131817302
98,58,1,-0.743588804,0.131817302
99,58,1,-0.743587229,0.131817302
100,58,1,-0.743585655,0.131817302
101,58,1,-0.743584080,0.131817302
102,58,1,-0.743582505,0.131817302
103,58,1,-0.743580930,0.131817302
104,58,1,-0.743579355,0.131817302
105,58,1,-0.743577781,0.131817302
106,58,1,-0.743576206,0.131817302
107,58,1,-0.743574631,0.131817302
108,58,1,-0.743573056,0.131817302
109,58,1,-0.743571481,0.131817302
110,58,1,-0.743569907,0.131817302
111,58,1,-0.743568332,0.131817302
112,58,1,-0.743566757,0.131817302
113,58,1,-0.743565182,0.131817302
114,58,1,-0.743563607,0.131817302
115,58,1,-0.743562033,0.131817302
116,58,1,-0.743560458,0.131817302
117,58,1,-0.743558883,0.131817302
118,58,1,-0.743557308,0.131817302
119,58,1,-0.743555733,0.131817302
120,58,1,-0.743554159,0.131817302
121,58,1,-0.743552584,0.131817302
122,58,1,-0.743551009,0.131817302
123,58,1,-0.743549434,0.131817302
124,58,1,-0.743547859,0.131817302
125,58,1,-0.743546285,0.131817302
126,58,1,-0.743544710,0.131817302
127,58,1,-0.743543135,0.131817302
0,59,1,-0.743743135,0.131818876
1,59,1,-0.743741560,0.131818876
2,59,1,-0.743739985,0.131818876
3,59,1,-0.743738411,0.131818876
4,59,1,-0.743736836,0.131818876
5,59,1,-0.743735261,0.131818876
6,59,1,-0.743733686,0.131818876
7,59,1,-0.743732111,0.131818876
8,59,1,-0.743730537,0.131818876
9,59,1,-0.743728962,0.131818876
10,59,1,-0.743727387,0.131818876
11,59,1,-0.743725812,0.131818876
12,59,1,-0.743724237,0.131818876
13,59,1,-0.743722663,0.131818876
14,59,1,-0.743721088,0.131818876
15,59,1,-0.743719513,0.131818876
16,59,1,-0.743717938,0.131818876
17,59,1,-0.743716363,0.131818876
18,59,1,-0.743714789,0.131818876
19,59,1,-0.743713214,0.131818876
20,59,1,-0.743711639,0.131818876
21,59,1,-0.743710064,0.131818876
22,59,1,-0.743708489,0.131818876
23,59,1,-0.743706915,0.131818876
24,59,1,-0.743705340,0.131818876
25,59,1,-0.743703765,0.131818876
26,59,1,-0.743702190,0.131818876
27,59,1,-0.743700615,0.131818876
28,59,1,-0.743699041,0.131818876
29,59,1,-0.743697466,0.131818876
30,59,1,-0.743695891,0.131818876
31,59,1,-0.743694316,0.131818876
32,59,1,-0.743692741,0.131818876
33,59,1,-0.743691166,0.131818876
34,59,1,-0.743689592,0.131818876
35,59,1,-0.743688017,0.131818876
36,59,1,-0.743686442,0.131818876
37,59,1,-0.743684867,0.131818876
38,59,1,-0.743683292,0.131818876
39,59,1,-0.743681718,0.131818876
40,59,1,-0.743680143,0.131818876
41,59,1,-0.743678568,0.131818876
42,59,1,-0.743676993,0.131818876
43,59,1,-0.743675418,0.131818876
44,59,1,-0.743673844,0.131818876
45,59,1,-0.743672269,0.131818876
46,59,1,-0.743670694,0.131818876
47,59,1,-0.743669119,0.131818876
48,59,1,-0.743667544,0.131818876
49,59,1,-0.743665970,0.131818876
50,59,1,-0.743664395,0.131818876
51,59,1,-0.743662820,0.131818876
52,59,1,-0.743661245,0.131818876
53,59,1,-0.743659670,0.131818876
54,59,1,-0.743658096,0.131818876
55,59,1,-0.743656521,0.131818876
56,59,1,-0.743654946,0.131818876
57,59,1,-0.743653371,0.131818876
58,59,1,-0.743651796,0.131818876
59,59,1,-0.743650222,0.131818876
60,59,1,-0.743648647,0.131818876
61,59,1,-0.743647072,0.131818876
62,59,1,-0.743645497,0.131818876
63,59,1,-0.743643922,0.131818876
64,59,1,-0.743642348,0.131818876
65,59,1,-0.743640773,0.131818876
66,59,1,-0.743639198,0.131818876
67,59,1,-0.743637623,0.131818876
68,59,1,-0.743636048,0.131818876
69,59,1,-0.743634474,0.131818876
70,59,1,-0.743632899,0.131818876
71,59,1,-0.743631324,0.131818876
72,59,1,-0.743629749,0.131818876
73,59,1,-0.743628174,0.131818876
74,59,1,-0.743626600,0.131818876
75,59,1,-0.743625025,0.131818876
76,59,1,-0.743623450,0.131818876
77,59,1,-0.743621875,0.131818876
78,59,1,-0.743620300,0.131818876
79,59,1,-0.743618726,0.131818876
80,59,1,-0.743617151,0.131818876
81,59,1,-0.743615576,0.131818876
82,59,1,-0.743614001,0.131818876
83,59,1,-0.743612426,0.131818876
84,59,1,-0.743610852,0.131818876
85,59,1,-0.743609277,0.131818876
86,59,1,-0.743607702,0.131818876
87,59,1,-0.743606127,0.131818876
88,59,1,-0.743604552,0.131818876
89,59,1,-0.743602978,0.131818876
90,59,1,-0.743601403,0.131818876
91,59,1,-0.743599828,0.131818876
92,59,1,-0.743598253,0.131818876
93,59,1,-0.743596678,0.131818876
94,59,1,-0.743595104,0.131818876
95,59,1,-0.743593529,0.131818876
96,59,1,-0.743591954,0.131818876
97,59,1,-0.743590379,0.131818876
98,59,1,-0.743588804,0.131818876
99,59,1,-0.743587229,0.131818876
100,59,1,-0.743585655,0.131818876
101,59,1,-0.743584080,0.131818876
102,59,1,-0.743582505,0.131818876
103,59,1,-0.743580930,0.131818876
104,59,1,-0.743579355,0.131818876
105,59,1,-0.743577781,0.131818876
106,59,1,-0.743576206,0.131818876
107,59,1,-0.743574631,0.131818876
108,59,1,-0.743573056,0.131818876
109,59,1,-0.743571481,0.131818876
110,59,1,-0.743569907,0.131818876
111,59,1,-0.743568332,0.131818876
112,59,1,-0.743566757,0.131818876
113,59,1,-0.743565182,0.131818876
114,59,1,-0.743563607,0.131818876
115,59,1,-0.743562033,0.131818876
116,59,1,-0.743560458,0.131818876
117,59,1,-0.743558883,0.131818876
118,59,1,-0.743557308,0.131818876
119,59,1,-0.743555733,0.131818876
120,59,1,-0.743554159,0.131818876
121,59,1,-0.743552584,0.131818876
122,59,1,-0.743551009,0.131818876
123,59,1,-0.743549434,0.131818876
124,59,1,-0.743547859,0.131818876
125,59,1,-0.743546285,0.131818876
126,59,1,-0.743544710,0.131818876
127,59,1,-0.743543135,0.131818876
0,60,1,-0.743743135,0.131820451
1,60,1,-0.743741560,0.131820451
2,60,1,-0.743739985,0.131820451
3,60,1,-0.743738411,0.131820451
4,60,1,-0.743736836,0.131820451
5,60,1,-0.743735261,0.131820451
6,60,1,-0.743733686,0.131820451
7,60,1,-0.743732111,0.131820451
8,60,1,-0.743730537,0.131820451
9,60,1,-0.743728962,0.131820451
10,60,1,-0.743727387,0.131820451
11,60,1,-0.743725812,0.131820451
12,60,1,-0.743724237,0.131820451
13,60,1,-0.743722663,0.131820451
14,60,1,-0.743721088,0.131820451
15,60,1,-0.743719513,0.131820451
16,60,1,-0.743717938,0.131820451
17,60,1,-0.743716363,0.131820451
18,60,1,-0.743714789,0.131820451
19,60,1,-0.743713214,0.131820451
20,60,1,-0.743711639,0.131820451
21,60,1,-0.743710064,0.131820451
22,60,1,-0.743708489,0.131820451
23,60,1,-0.743706915,0.131820451
24,60,1,-0.743705340,0.131820451
25,60,1,-0.743703765,0.131820451
26,60,1,-0.743702190,0.131820451
27,60,1,-0.743700615,0.131820451
28,60,1,-0.743699041,0.131820451
29,60,1,-0.743697466,0.131820451
30,60,1,-0.743695891,0.131820451
31,60,1,-0.743694316,0.131820451
32,60,1,-0.743692741,0.131820451
33,60,1,-0.743691166,0.131820451
34,60,1,-0.743689592,0.131820451
35,60,1,-0.743688017,0.131820451
36,60,1,-0.743686442,0.131820451
37,60,1,-0.743684867,0.131820451
38,60,1,-0.743683292,0.131820451
39,60,1,-0.743681718,0.131820451
40,60,1,-0.743680143,0.131820451
41,60,1,-0.743678568,0.131820451
42,60,1,-0.743676993,0.131820451
43,60,1,-0.743675418,0.131820451
44,60,1,-0.743673844,0.131820451
45,60,1,-0.743672269,0.131820451
46,60,1,-0.743670694,0.131820451
47,60,1,-0.743669119,0.131820451
48,60,1,-0.743667544,0.131820451
49,60,1,-0.743665970,0.131820451
50,60,1,-0.743664395,0.131820451
51,60,1,-0.743662820,0.131820451
52,60,1,-0.743661245,0.131820451
53,60,1,-0.743659670,0.131820451
54,60,1,-0.743658096,0.131820451
55,60,1,-0.743656521,0.131820451
56,60,1,-0.743654946,0.131820451
57,60,1,-0.743653371,0.131820451
58,60,1,-0.743651796,0.131820451
59,60,1,-0.743650222,0.131820451
60,60,1,-0.743648647,0.131820451
61,60,1,-0.743647072,0.131820451
62,60,1,-0.743645497,0.131820451
63,60,1,-0.743643922,0.131820451
64,60,1,-0.743642348,0.131820451
65,60,1,-0.743640773,0.131820451
66,60,1,-0.743639198,0.131820451
67,60,1,-0.743637623,0.131820451
68,60,1,-0.743636048,0.131820451
69,60,1,-0.743634474,0.131820451
70,60,1,-0.743632899,0.131820451
71,60,1,-0.743631324,0.131820451
72,60,1,-0.743629749,0.131820451
73,60,1,-0.743628174,0.131820451
74,60,1,-0.743626600,0.131820451
75,60,1,-0.743625025,0.131820451
76,60,1,-0.743623450,0.131820451
77,60,1,-0.743621875,0.131820451
78,60,1,-0.743620300,0.131820451
79,60,1,-0.743618726,0.131820451
80,60,1,-0.743617151,0.131820451
81,60,1,-0.743615576,0.131820451
82,60,1,-0.743614001,0.131820451
83,60,1,-0.743612426,0.131820451
84,60,1,-0.743610852,0.131820451
85,60,1,-0.743609277,0.131820451
86,60,1,-0.743607702,0.131820451
87,60,1,-0.743606127,0.131820451
88,60,1,-0.743604552,0.131820451
89,60,1,-0.743602978,0.131820451
90,60,1,-0.743601403,0.131820451
91,60,1,-0.743599828,0.131820451
92,60,1,-0.743598253,0.131820451
93,60,1,-0.743596678,0.131820451
94,60,1,-0.743595104,0.131820451
95,60,1,-0.743593529,0.131820451
96,60,1,-0.743591954,0.131820451
97,60,1,-0.743590379,0.131820451
98,60,1,-0.743588804,0.131820451
99,60,1,-0.743587229,0.131820451
100,60,1,-0.743585655,0.131820451
101,60,1,-0.743584080,0.131820451
102,60,1,-0.743582505,0.131820451
103,60,1,-0.743580930,0.131820451
104,60,1,-0.743579355,0.131820451
105,60,1,-0.743577781,0.131820451
106,60,1,-0.743576206,0.131820451
107,60,1,-0.743574631,0.131820451
108,60,1,-0.743573056,0.131820451
109,60,1,-0.743571481,0.131820451
110,60,1,-0.743569907,0.131820451
111,60,1,-0.743568332,0.131820451
112,60,1,-0.743566757,0.131820451
113,60,1,-0.743565182,0.131820451
114,60,1,-0.743563607,0.131820451
115,60,1,-0.743562033,0.131820451
116,60,1,-0.743560458,0.131820451
117,60,1,-0.743558883,0.131820451
118,60,1,-0.743557308,0.131820451
119,60,1,-0.743555733,0.131820451
120,60,1,-0.743554159,0.131820451
121,60,1,-0.743552584,0.131820451
122,60,1,-0.743551009,0.131820451
123,60,1,-0.743549434,0.131820451
124,60,1,-0.743547859,0.131820451
125,60,1,-0.743546285,0.131820451
126,60,1,-0.743544710,0.131820451
127,60,1,-0.743543135,0.131820451
0,61,1,-0.743743135,0.131822026
1,61,1,-0.743741560,0.131822026
2,61,1,-0.743739985,0.131822026
3,61,1,-0.743738411,0.131822026
4,61,1,-0.743736836,0.131822026
5,61,1,-0.743735261,0.131822026
6,61,1,-0.743733686,0.131822026
7,61,1,-0.743732111,0.131822026
8,61,1,-0.743730537,0.131822026
9,61,1,-0.743728962,0.131822026
10,61,1,-0.743727387,0.131822026
11,61,1,-0.743725812,0.131822026
12,61,1,-0.743724237,0.131822026
13,61,1,-0.743722663,0.131822026
14,61,1,-0.743721088,0.131822026
15,61,1,-0.743719513,0.131822026
16,61,1,-0.743717938,0.131822026
17,61,1,-0.743716363,0.131822026
18,61,1,-0.743714789,0.131822026
19,61,1,-0.743713214,0.131822026
20,61,1,-0.743711639,0.131822026
21,61,1,-0.743710064,0.131822026
22,61,1,-0.743708489,0.131822026
23,61,1,-0.743706915,0.131822026
24,61,1,-0.743705340,0.131822026
25,61,1,-0.743703765,0.131822026
26,61,1,-0.743702190,0.131822026
27,61,1,-0.743700615,0.131822026
28,61,1,-0.743699041,0.131822026
29,61,1,-0.743697466,0.131822026
30,61,1,-0.743695891,0.131822026
31,61,1,-0.743694316,0.131822026
32,61,1,-0.743692741,0.131822026
33,61,1,-0.743691166,0.131822026
34,61,1,-0.743689592,0.131822026
35,61,1,-0.743688017,0.131822026
36,61,1,-0.743686442,0.131822026
37,61,1,-0.743684867,0.131822026
38,61,1,-0.743683292,0.131822026
39,61,1,-0.743681718,0.131822026
40,61,1,-0.743680143,0.131822026
41,61,1,-0.743678568,0.131822026
42,61,1,-0.743676993,0.131822026
43,61,1,-0.743675418,0.131822026
44,61,1,-0.743673844,0.131822026
45,61,1,-0.743672269,0.131822026
46,61,1,-0.743670694,0.131822026
47,61,1,-0.743669119,0.131822026
48,61,1,-0.743667544,0.131822026
49,61,1,-0.743665970,0.131822026
50,61,1,-0.743664395,0.131822026
51,61,1,-0.743662820,0.131822026
52,61,1,-0.743661245,0.131822026
53,61,1,-0.743659670,0.131822026
54,61,1,-0.743658096,0.131822026
55,61,1,-0.743656521,0.131822026
56,61,1,-0.743654946,0.131822026
57,61,1,-0.743653371,0.131822026
58,61,1,-0.743651796,0.131822026
59,61,1,-0.743650222,0.131822026
60,61,1,-0.743648647,0.131822026
61,61,1,-0.743647072,0.131822026
62,61,1,-0.743645497,0.131822026
63,61,1,-0.743643922,0.131822026
64,61,1,-0.743642348,0.131822026
65,61,1,-0.743640773,0.131822026
66,61,1,-0.743639198,0.131822026
67,61,1,-0.743637623,0.131822026
68,61,1,-0.743636048,0.131822026
69,61,1,-0.743634474,0.131822026
70,61,1,-0.743632899,0.131822026
71,61,1,-0.743631324,0.131822026
72,61,1,-0.743629749,0.131822026
73,61,1,-0.743628174,0.131822026
74,61,1,-0.743626600,0.131822026
75,61,1,-0.743625025,0.131822026
76,61,1,-0.743623450,0.131822026
77,61,1,-0.743621875,0.131822026
78,61,1,-0.743620300,0.131822026
79,61,1,-0.743618726,0.131822026
80,61,1,-0.743617151,0.131822026
81,61,1,-0.743615576,0.131822026
82,61,1,-0.743614001,0.131822026
83,61,1,-0.743612426,0.131822026
84,61,1,-0.743610852,0.131822026
85,61,1,-0.743609277,0.131822026
86,61,1,-0.743607702,0.131822026
87,61,1,-0.743606127,0.131822026
88,61,1,-0.743604552,0.131822026
89,61,1,-0.743602978,0.131822026
90,61,1,-0.743601403,0.131822026
91,61,1,-0.743599828,0.131822026
92,61,1,-0.743598253,0.131822026
93,61,1,-0.743596678,0.131822026
94,61,1,-0.743595104,0.131822026
95,61,1,-0.743593529,0.131822026
96,61,1,-0.743591954,0.131822026
97,61,1,-0.743590379,0.131822026
98,61,1,-0.743588804,0.131822026
99,61,1,-0.743587229,0.131822026
100,61,1,-0.743585655,0.131822026
101,61,1,-0.743584080,0.131822026
102,61,1,-0.743582505,0.131822026
103,61,1,-0.743580930,0.131822026
104,61,1,-0.743579355,0.131822026
105,61,1,-0.743577781,0.131822026
106,61,1,-0.743576206,0.131822026
107,61,1,-0.743574631,0.131822026
108,61,1,-0.743573056,0.131822026
109,61,1,-0.743571481,0.131822026
110,61,1,-0.743569907,0.131822026
111,61,1,-0.743568332,0.131822026
112,61,1,-0.743566757,0.131822026
113,61,1,-0.743565182,0.131822026
114,61,1,-0.743563607,0.131822026
115,61,1,-0.743562033,0.131822026
116,61,1,-0.743560458,0.131822026
117,61,1,-0.743558883,0.131822026
118,61,1,-0.743557308,0.131822026
119,61,1,-0.743555733,0.131822026
120,61,1,-0.743554159,0.131822026
121,61,1,-0.743552584,0.131822026
122,61,1,-0.743551009,0.131822026
123,61,1,-0.743549434,0.131822026
124,61,1,-0.743547859,0.131822026
125,61,1,-0.743546285,0.131822026
126,61,1,-0.743544710,0.131822026
127,61,1,-0.743543135,0.131822026
0,62,1,-0.743743135,0.131823601
1,62,1,-0.743741560,0.131823601
2,62,1,-0.743739985,0.131823601
3,62,1,-0.743738411,0.131823601
4,62,1,-0.743736836,0.131823601
5,62,1,-0.743735261,0.131823601
6,62,1,-0.743733686,0.131823601
7,62,1,-0.743732111,0.131823601
8,62,1,-0.743730537,0.131823601
9,62,1,-0.743728962,0.131823601
10,62,1,-0.743727387,0.131823601
11,62,1,-0.743725812,0.131823601
12,62,1,-0.743724237,0.131823601
13,62,1,-0.743722663,0.131823601
14,62,1,-0.743721088,0.131823601
15,62,1,-0.743719513,0.131823601
16,62,1,-0.743717938,0.131823601
17,62,1,-0.743716363,0.131823601
18,62,1,-0.743714789,0.131823601
19,62,1,-0.743713214,0.131823601
20,62,1,-0.743711639,0.131823601
21,62,1,-0.743710064,0.131823601
22,62,1,-0.743708489,0.131823601
23,62,1,-0.743706915,0.131823601
24,62,1,-0.743705340,0.131823601
25,62,1,-0.743703765,0.131823601
26,62,1,-0.743702190,0.131823601
27,62,1,-0.743700615,0.131823601
28,62,1,-0.743699041,0.131823601
29,62,1,-0.743697466,0.131823601
30,62,1,-0.743695891,0.131823601
31,62,1,-0.743694316,0.131823601
32,62,1,-0.743692741,0.131823601
33,62,1,-0.743691166,0.131823601
34,62,1,-0.743689592,0.131823601
35,62,1,-0.743688017,0.131823601
36,62,1,-0.743686442,0.131823601
37,62,1,-0.743684867,0.131823601
38,62,1,-0.743683292,0.131823601
39,62,1,-0.743681718,0.131823601
40,62,1,-0.743680143,0.131823601
41,62,1,-0.743678568,0.131823601
42,62,1,-0.743676993,0.131823601
43,62,1,-0.743675418,0.131823601
44,62,1,-0.743673844,0.131823601
45,62,1,-0.743672269,0.131823601
46,62,1,-0.743670694,0.131823601
47,62,1,-0.743669119,0.131823601
48,62,1,-0.743667544,0.131823601
49,62,1,-0.743665970,0.131823601
50,62,1,-0.743664395,0.131823601
51,62,1,-0.743662820,0.131823601
52,62,1,-0.743661245,0.131823601
53,62,1,-0.743659670,0.131823601
54,62,1,-0.743658096,0.131823601
55,62,1,-0.743656521,0.131823601
56,62,1,-0.743654946,0.131823601
57,62,1,-0.743653371,0.131823601
58,62,1,-0.743651796,0.131823601
59,62,1,-0.743650222,0.131823601
60,62,1,-0.743648647,0.131823601
61,62,1,-0.743647072,0.131823601
62,62,1,-0.743645497,0.131823601
63,62,1,-0.743643922,0.131823601
64,62,1,-0.743642348,0.131823601
65,62,1,-0.743640773,0.131823601
66,62,1,-0.743639198,0.131823601
67,62,1,-0.743637623,0.131823601
68,62,1,-0.743636048,0.131823601
69,62,1,-0.743634474,0.131823601
70,62,1,-0.743632899,0.131823601
71,62,1,-0.743631324,0.131823601
72,62,1,-0.743629749,0.131823601
73,62,1,-0.743628174,0.131823601
74,62,1,-0.743626600,0.131823601
75,62,1,-0.743625025,0.131823601
76,62,1,-0.743623450,0.131823601
77,62,1,-0.743621875,0.131823601
78,62,1,-0.743620300,0.131823601
79,62,1,-0.743618726,0.131823601
80,62,1,-0.743617151,0.131823601
81,62,1,-0.743615576,0.131823601
82,62,1,-0.743614001,0.131823601
83,62,1,-0.743612426,0.131823601
84,62,1,-0.743610852,0.131823601
85,62,1,-0.743609277,0.131823601
86,62,1,-0.743607702,0.131823601
87,62,1,-0.743606127,0.131823601
88,62,1,-0.743604552,0.131823601
89,62,1,-0.743602978,0.131823601
90,62,1,-0.743601403,0.131823601
91,62,1,-0.743599828,0.131823601
92,62,1,-0.743598253,0.131823601
93,62,1,-0.743596678,0.131823601
94,62,1,-0.743595104,0.131823601
95,62,1,-0.743593529,0.131823601
96,62,1,-0.743591954,0.131823601
97,62,1,-0.743590379,0.131823601
98,62,1,-0.743588804,0.131823601
99,62,1,-0.743587229,0.131823601
100,62,1,-0.743585655,0.131823601
101,62,1,-0.743584080,0.131823601
102,62,1,-0.743582505,0.131823601
103,62,1,-0.743580930,0.131823601
104,62,1,-0.743579355,0.131823601
105,62,1,-0.743577781,0.131823601
106,62,1,-0.743576206,0.131823601
107,62,1,-0.743574631,0.131823601
108,62,1,-0.743573056,0.131823601
109,62,1,-0.743571481,0.131823601
110,62,1,-0.743569907,0.131823601
111,62,1,-0.743568332,0.131823601
112,62,1,-0.743566757,0.131823601
113,62,1,-0.743565182,0.131823601
114,62,1,-0.743563607,0.131823601
115,62,1,-0.743562033,0.131823601
116,62,1,-0.743560458,0.131823601
117,62,1,-0.743558883,0.131823601
118,62,1,-0.743557308,0.131823601
119,62,1,-0.743555733,0.131823601
120,62,1,-0.743554159,0.131823601
121,62,1,-0.743552584,0.131823601
122,62,1,-0.743551009,0.131823601
123,62,1,-0.743549434,0.131823601
124,62,1,-0.743547859,0.131823601
125,62,1,-0.743546285,0.131823601
126,62,1,-0.743544710,0.131823601
127,62,1,-0.743543135,0.131823601
0,63,1,-0.743743135,0.131825176
1,63,1,-0.743741560,0.131825176
2,63,1,-0.743739985,0.131825176
3,63,1,-0.743738411,0.131825176
4,63,1,-0.743736836,0.131825176
5,63,1,-0.743735261,0.131825176
6,63,1,-0.743733686,0.131825176
7,63,1,-0.743732111,0.131825176
8,63,1,-0.743730537,0.131825176
9,63,1,-0.743728962,0.131825176
10,63,1,-0.743727387,0.131825176
11,63,1,-0.743725812,0.131825176
12,63,1,-0.743724237,0.131825176
13,63,1,-0.743722663,0.131825176
14,63,1,-0.743721088,0.131825176
15,63,1,-0.743719513,0.131825176
16,63,1,-0.743717938,0.131825176
17,63,1,-0.743716363,0.131825176
18,63,1,-0.743714789,0.131825176
19,63,1,-0.743713214,0.131825176
20,63,1,-0.743711639,0.131825176
21,63,1,-0.743710064,0.131825176
22,63,1,-0.743708489,0.131825176
23,63,1,-0.743706915,0.131825176
24,63,1,-0.743705340,0.131825176
25,63,1,-0.743703765,0.131825176
26,63,1,-0.743702190,0.131825176
27,63,1,-0.743700615,0.131825176
28,63,1,-0.743699041,0.131825176
29,63,1,-0.743697466,0.131825176
30,63,1,-0.743695891,0.131825176
31,63,1,-0.743694316,0.131825176
32,63,1,-0.743692741,0.131825176
33,63,1,-0.743691166,0.131825176
34,63,1,-0.743689592,0.131825176
35,63,1,-0.743688017,0.131825176
36,63,1,-0.743686442,0.131825176
37,63,1,-0.743684867,0.131825176
38,63,1,-0.743683292,0.131825176
39,63,1,-0.743681718,0.131825176
40,63,1,-0.743680143,0.131825176
41,63,1,-0.743678568,0.131825176
42,63,1,-0.743676993,0.131825176
43,63,1,-0.743675418,0.131825176
44,63,1,-0.743673844,0.131825176
45,63,1,-0.743672269,0.131825176
46,63,1,-0.743670694,0.131825176
47,63,1,-0.743669119,0.131825176
48,63,1,-0.743667544,0.131825176
49,63,1,-0.743665970,0.131825176
50,63,1,-0.743664395,0.131825176
51,63,1,-0.743662820,0.131825176
52,63,1,-0.743661245,0.131825176
53,63,1,-0.743659670,0.131825176
54,63,1,-0.743658096,0.131825176
55,63,1,-0.743656521,0.131825176
56,63,1,-0.743654946,0.131825176
57,63,1,-0.743653371,0.131825176
58,63,1,-0.743651796,0.131825176
59,63,1,-0.743650222,0.131825176
60,63,1,-0.743648647,0.131825176
61,63,1,-0.743647072,0.131825176
62,63,1,-0.743645497,0.131825176
63,63,1,-0.743643922,0.131825176
64,63,1,-0.743642348,0.131825176
65,63,1,-0.743640773,0.131825176
66,63,1,-0.743639198,0.131825176
67,63,1,-0.743637623,0.131825176
68,63,1,-0.743636048,0.131825176
69,63,1,-0.743634474,0.131825176
70,63,1,-0.743632899,0.131825176
71,63,1,-0.743631324,0.131825176
72,63,1,-0.743629749,0.131825176
73,63,1,-0.743628174,0.131825176
74,63,1,-0.743626600,0.131825176
75,63,1,-0.743625025,0.131825176
76,63,1,-0.743623450,0.131825176
77,63,1,-0.743621875,0.131825176
78,63,1,-0.743620300,0.131825176
79,63,1,-0.743618726,0.131825176
80,63,1,-0.743617151,0.131825176
81,63,1,-0.743615576,0.131825176
82,63,1,-0.743614001,0.131825176
83,63,1,-0.743612426,0.131825176
84,63,1,-0.743610852,0.131825176
85,63,1,-0.743609277,0.131825176
86,63,1,-0.743607702,0.131825176
87,63,1,-0.743606127,0.131825176
88,63,1,-0.743604552,0.131825176
89,63,1,-0.743602978,0.131825176
90,63,1,-0.743601403,0.131825176
91,63,1,-0.743599828,0.131825176
92,63,1,-0.743598253,0.131825176
93,63,1,-0.743596678,0.131825176
94,63,1,-0.743595104,0.131825176
95,63,1,-0.743593529,0.131825176
96,63,1,-0.743591954,0.131825176
97,63,1,-0.743590379,0.131825176
98,63,1,-0.743588804,0.131825176
99,63,1,-0.743587229,0.131825176
100,63,1,-0.743585655,0.131825176
101,63,1,-0.743584080,0.131825176
102,63,1,-0.743582505,0.131825176
103,63,1,-0.743580930,0.131825176
104,63,1,-0.743579355,0.131825176
105,63,1,-0.743577781,0.131825176
106,63,1,-0.743576206,0.131825176
107,63,1,-0.743574631,0.131825176
108,63,1,-0.743573056,0.131825176
109,63,1,-0.743571481,0.131825176
110,63,1,-0.743569907,0.131825176
111,63,1,-0.743568332,0.131825176
112,63,1,-0.743566757,0.131825176
113,63,1,-0.743565182,0.131825176
114,63,1,-0.743563607,0.131825176
115,63,1,-0.743562033,0.131825176
116,63,1,-0.743560458,0.131825176
117,63,1,-0.743558883,0.131825176
118,63,1,-0.743557308,0.131825176
119,63,1,-0.743555733,0.131825176
120,63,1,-0.743554159,0.131825176
121,63,1,-0.743552584,0.131825176
122,63,1,-0.743551009,0.131825176
123,63,1,-0.743549434,0.131825176
124,63,1,-0.743547859,0.131825176
125,63,1,-0.743546285,0.131825176
126,63,1,-0.743544710,0.131825176
127,63,1,-0.743543135,0.131825176
0,64,1,-0.743743135,0.131826750
1,64,1,-0.743741560,0.131826750
2,64,1,-0.743739985,0.131826750
3,64,1,-0.743738411,0.131826750
4,64,1,-0.743736836,0.131826750
5,64,1,-0.743735261,0.131826750
6,64,1,-0.743733686,0.131826750
7,64,1,-0.743732111,0.131826750
8,64,1,-0.743730537,0.131826750
9,64,1,-0.743728962,0.131826750
10,64,1,-0.743727387,0.131826750
11,64,1,-0.743725812,0.131826750
12,64,1,-0.743724237,0.131826750
13,64,1,-0.743722663,0.131826750
14,64,1,-0.743721088,0.131826750
15,64,1,-0.743719513,0.131826750
16,64,1,-0.743717938,0.131826750
17,64,1,-0.743716363,0.131826750
18,64,1,-0.743714789,0.131826750
19,64,1,-0.743713214,0.131826750
20,64,1,-0.743711639,0.131826750
21,64,1,-0.743710064,0.131826750
22,64,1,-0.743708489,0.131826750
23,64,1,-0.743706915,0.131826750
24,64,1,-0.743705340,0.131826750
25,64,1,-0.743703765,0.131826750
26,64,1,-0.743702190,0.131826750
27,64,1,-0.743700615,0.131826750
28,64,1,-0.743699041,0.131826750
29,64,1,-0.743697466,0.131826750
30,64,1,-0.743695891,0.131826750
31,64,1,-0.743694316,0.131826750
32,64,1,-0.743692741,0.131826750
33,64,1,-0.743691166,0.131826750
34,64,1,-0.743689592,0.131826750
35,64,1,-0.743688017,0.131826750
36,64,1,-0.743686442,0.131826750
37,64,1,-0.743684867,0.131826750
38,64,1,-0.743683292,0.131826750
39,64,1,-0.743681718,0.131826750
40,64,1,-0.743680143,0.131826750
41,64,1,-0.743678568,0.131826750
42,64,1,-0.743676993,0.131826750
43,64,1,-0.743675418,0.131826750
44,64,1,-0.743673844,0.131826750
45,64,1,-0.743672269,0.131826750
46,64,1,-0.743670694,0.131826750
47,64,1,-0.743669119,0.131826750
48,64,1,-0.743667544,0.131826750
49,64,1,-0.743665970,0.131826750
50,64,1,-0.743664395,0.131826750
51,64,1,-0.743662820,0.131826750
52,64,1,-0.743661245,0.131826750
53,64,1,-0.743659670,0.131826750
54,64,1,-0.743658096,0.131826750
55,64,1,-0.743656521,0.131826750
56,64,1,-0.743654946,0.131826750
57,64,1,-0.743653371,0.131826750
58,64,1,-0.743651796,0.131826750
59,64,1,-0.743650222,0.131826750
60,64,1,-0.743648647,0.131826750
61,64,1,-0.743647072,0.131826750
62,64,1,-0.743645497,0.131826750
63,64,1,-0.743643922,0.131826750
64,64,1,-0.743642348,0.131826750
65,64,1,-0.743640773,0.131826750
66,64,1,-0.743639198,0.131826750
67,64,1,-0.743637623,0.131826750
68,64,1,-0.743636048,0.131826750
69,64,1,-0.743634474,0.131826750
70,64,1,-0.743632899,0.131826750
71,64,1,-0.743631324,0.131826750
72,64,1,-0.743629749,0.131826750
73,64,1,-0.743628174,0.131826750
74,64,1,-0.743626600,0.131826750
75,64,1,-0.743625025,0.131826750
76,64,1,-0.743623450,0.131826750
77,64,1,-0.743621875,0.131826750
78,64,1,-0.743620300,0.131826750
79,64,1,-0.743618726,0.131826750
80,64,1,-0.743617151,0.131826750
81,64,1,-0.743615576,0.131826750
82,64,1,-0.743614001,0.131826750
83,64,1,-0.743612426,0.131826750
84,64,1,-0.743610852,0.131826750
85,64,1,-0.743609277,0.131826750
86,64,1,-0.743607702,0.131826750
87,64,1,-0.743606127,0.131826750
88,64,1,-0.743604552,0.131826750
89,64,1,-0.743602978,0.131826750
90,64,1,-0.743601403,0.131826750
91,64,1,-0.743599828,0.131826750
92,64,1,-0.743598253,0.131826750
93,64,1,-0.743596678,0.131826750
94,64,1,-0.743595104,0.131826750
95,64,1,-0.743593529,0.131826750
96,64,1,-0.743591954,0.131826750
97,64,1,-0.743590379,0.131826750
98,64,1,-0.743588804,0.131826750
99,64,1,-0.743587229,0.131826750
100,64,1,-0.743585655,0.131826750
101,64,1,-0.743584080,0.131826750
102,64,1,-0.743582505,0.131826750
103,64,1,-0.743580930,0.131826750
104,64,1,-0.743579355,0.131826750
105,64,1,-0.743577781,0.131826750
106,64,1,-0.743576206,0.131826750
107,64,1,-0.743574631,0.131826750
108,64,1,-0.743573056,0.131826750
109,64,1,-0.743571481,0.131826750
110,64,1,-0.743569907,0.131826750
111,64,1,-0.743568332,0.131826750
112,64,1,-0.743566757,0.131826750
113,64,1,-0.743565182,0.131826750
114,64,1,-0.743563607,0.131826750
115,64,1,-0.743562033,0.131826750
116,64,1,-0.743560458,0.131826750
117,64,1,-0.743558883,0.131826750
118,64,1,-0.743557308,0.131826750
119,64,1,-0.743555733,0.131826750
120,64,1,-0.743554159,0.131826750
121,64,1,-0.743552584,0.131826750
122,64,1,-0.743551009,0.131826750
123,64,1,-0.743549434,0.131826750
124,64,1,-0.743547859,0.131826750
125,64,1,-0.743546285,0.131826750
126,64,1,-0.743544710,0.131826750
127,64,1,-0.743543135,0.131826750
0,65,1,-0.743743135,0.131828325
1,65,1,-0.743741560,0.131828325
2,65,1,-0.743739985,0.131828325
3,65,1,-0.743738411,0.131828325
4,65,1,-0.743736836,0.131828325
5,65,1,-0.743735261,0.131828325
6,65,1,-0.743733686,0.131828325
7,65,1,-0.743732111,0.131828325
8,65,1,-0.743730537,0.131828325
9,65,1,-0.743728962,0.131828325
10,65,1,-0.743727387,0.131828325
11,65,1,-0.743725812,0.131828325
12,65,1,-0.743724237,0.131828325
13,65,1,-0.743722663,0.131828325
14,65,1,-0.743721088,0.131828325
15,65,1,-0.743719513,0.131828325
16,65,1,-0.743717938,0.131828325
17,65,1,-0.743716363,0.131828325
18,65,1,-0.743714789,0.131828325
19,65,1,-0.743713214,0.131828325
20,65,1,-0.743711639,0.131828325
21,65,1,-0.743710064,0.131828325
22,65,1,-0.743708489,0.131828325
23,65,1,-0.743706915,0.131828325
24,65,1,-0.743705340,0.131828325
25,65,1,-0.743703765,0.131828325
26,65,1,-0.743702190,0.131828325
27,65,1,-0.743700615,0.131828325
28,65,1,-0.743699041,0.131828325
29,65,1,-0.743697466,0.131828325
30,65,1,-0.743695891,0.131828325
31,65,1,-0.743694316,0.131828325
32,65,1,-0.743692741,0.131828325
33,65,1,-0.743691166,0.131828325
34,65,1,-0.743689592,0.131828325
35,65,1,-0.743688017,0.131828325
36,65,1,-0.743686442,0.131828325
37,65,1,-0.743684867,0.131828325
38,65,1,-0.743683292,0.131828325
39,65,1,-0.743681718,0.131828325
40,65,1,-0.743680143,0.131828325
41,65,1,-0.743678568,0.131828325
42,65,1,-0.743676993,0.131828325
43,65,1,-0.743675418,0.131828325
44,65,1,-0.743673844,0.131828325
45,65,1,-0.743672269,0.131828325
46,65,1,-0.743670694,0.131828325
47,65,1,-0.743669119,0.131828325
48,65,1,-0.743667544,0.131828325
49,65,1,-0.743665970,0.131828325
50,65,1,-0.743664395,0.131828325
51,65,1,-0.743662820,0.131828325
52,65,1,-0.743661245,0.131828325
53,65,1,-0.743659670,0.131828325
54,65,1,-0.743658096,0.131828325
55,65,1,-0.743656521,0.131828325
56,65,1,-0.743654946,0.131828325
57,65,1,-0.743653371,0.131828325
58,65,1,-0.743651796,0.131828325
59,65,1,-0.743650222,0.131828325
60,65,1,-0.743648647,0.131828325
61,65,1,-0.743647072,0.131828325
62,65,1,-0.743645497,0.131828325
63,65,1,-0.743643922,0.131828325
64,65,1,-0.743642348,0.131828325
65,65,1,-0.743640773,0.131828325
66,65,1,-0.743639198,0.131828325
67,65,1,-0.743637623,0.131828325
68,65,1,-0.743636048,0.131828325
69,65,1,-0.743634474,0.131828325
70,65,1,-0.743632899,0.131828325
71,65,1,-0.743631324,0.131828325
72,65,1,-0.743629749,0.131828325
73,65,1,-0.743628174,0.131828325
74,65,1,-0.743626600,0.131828325
75,65,1,-0.743625025,0.131828325
76,65,1,-0.743623450,0.131828325
77,65,1,-0.743621875,0.131828325
78,65,1,-0.743620300,0.131828325
79,65,1,-0.743618726,0.131828325
80,65,1,-0.743617151,0.131828325
81,65,1,-0.743615576,0.131828325
82,65,1,-0.743614001,0.131828325
83,65,1,-0.743612426,0.131828325
84,65,1,-0.743610852,0.131828325
85,65,1,-0.743609277,0.131828325
86,65,1,-0.743607702,0.131828325
87,65,1,-0.743606127,0.131828325
88,65,1,-0.743604552,0.131828325
89,65,1,-0.743602978,0.131828325
90,65,1,-0.743601403,0.131828325
91,65,1,-0.743599828,0.131828325
92,65,1,-0.743598253,0.131828325
93,65,1,-0.743596678,0.131828325
94,65,1,-0.743595104,0.131828325
95,65,1,-0.743593529,0.131828325
96,65,1,-0.743591954,0.131828325
97,65,1,-0.743590379,0.131828325
98,65,1,-0.743588804,0.131828325
99,65,1,-0.743587229,0.131828325
100,65,1,-0.743585655,0.131828325
101,65,1,-0.743584080,0.131828325
102,65,1,-0.743582505,0.131828325
103,65,1,-0.743580930,0.131828325
104,65,1,-0.743579355,0.131828325
105,65,1,-0.743577781,0.131828325
106,65,1,-0.743576206,0.131828325
107,65,1,-0.743574631,0.131828325
108,65,1,-0.743573056,0.131828325
109,65,1,-0.743571481,0.131828325
110,65,1,-0.743569907,0.131828325
111,65,1,-0.743568332,0.131828325
112,65,1,-0.743566757,0.131828325
113,65,1,-0.743565182,0.131828325
114,65,1,-0.743563607,0.131828325
115,65,1,-0.743562033,0.131828325
116,65,1,-0.743560458,0.131828325
117,65,1,-0.743558883,0.131828325
118,65,1,-0.743557308,0.131828325
119,65,1,-0.743555733,0.131828325
120,65,1,-0.743554159,0.131828325
121,65,1,-0.743552584,0.131828325
122,65,1,-0.743551009,0.131828325
123,65,1,-0.743549434,0.131828325
124,65,1,-0.743547859,0.131828325
125,65,1,-0.743546285,0.131828325
126,65,1,-0.743544710,0.131828325
127,65,1,-0.743543135,0.131828325
0,66,1,-0.743743135,0.131829900
1,66,1,-0.743741560,0.131829900
2,66,1,-0.743739985,0.131829900
3,66,1,-0.743738411,0.131829900
4,66,1,-0.743736836,0.131829900
5,66,1,-0.743735261,0.131829900
6,66,1,-0.743733686,0.131829900
7,66,1,-0.743732111,0.131829900
8,66,1,-0.743730537,0.131829900
9,66,1,-0.743728962,0.131829900
10,66,1,-0.743727387,0.131829900
11,66,1,-0.743725812,0.131829900
12,66,1,-0.743724237,0.131829900
13,66,1,-0.743722663,0.131829900
14,66,1,-0.743721088,0.131829900
15,66,1,-0.743719513,0.131829900
16,66,1,-0.743717938,0.131829900
17,66,1,-0.743716363,0.131829900
18,66,1,-0.743714789,0.131829900
19,66,1,-0.743713214,0.131829900
20,66,1,-0.743711639,0.131829900
21,66,1,-0.743710064,0.131829900
22,66,1,-0.743708489,0.131829900
23,66,1,-0.743706915,0.131829900
24,66,1,-0.743705340,0.131829900
25,66,1,-0.743703765,0.131829900
26,66,1,-0.743702190,0.131829900
27,66,1,-0.743700615,0.131829900
28,66,1,-0.743699041,0.131829900
29,66,1,-0.743697466,0.131829900
30,66,1,-0.743695891,0.131829900
31,66,1,-0.743694316,0.131829900
32,66,1,-0.743692741,0.131829900
33,66,1,-0.743691166,0.131829900
34,66,1,-0.743689592,0.131829900
35,66,1,-0.743688017,0.131829900
36,66,1,-0.743686442,0.131829900
37,66,1,-0.743684867,0.131829900
38,66,1,-0.743683292,0.131829900
39,66,1,-0.743681718,0.131829900
40,66,1,-0.743680143,0.131829900
41,66,1,-0.743678568,0.131829900
42,66,1,-0.743676993,0.131829900
43,66,1,-0.743675418,0.131829900
44,66,1,-0.743673844,0.131829900
45,66,1,-0.743672269,0.131829900
46,66,1,-0.743670694,0.131829900
47,66,1,-0.743669119,0.131829900
48,66,1,-0.743667544,0.131829900
49,66,1,-0.743665970,0.131829900
50,66,1,-0.743664395,0.131829900
51,66,1,-0.743662820,0.131829900
52,66,1,-0.743661245,0.131829900
53,66,1,-0.743659670,0.131829900
54,66,1,-0.743658096,0.131829900
55,66,1,-0.743656521,0.131829900
56,66,1,-0.743654946,0.131829900
57,66,1,-0.743653371,0.131829900
58,66,1,-0.743651796,0.131829900
59,66,1,-0.743650222,0.131829900
60,66,1,-0.743648647,0.131829900
61,66,1,-0.743647072,0.131829900
62,66,1,-0.743645497,0.131829900
63,66,1,-0.743643922,0.131829900
64,66,1,-0.743642348,0.131829900
65,66,1,-0.743640773,0.131829900
66,66,1,-0.743639198,0.131829900
67,66,1,-0.743637623,0.131829900
68,66,1,-0.743636048,0.131829900
69,66,1,-0.743634474,0.131829900
70,66,1,-0.743632899,0.131829900
71,66,1,-0.743631324,0.131829900
72,66,1,-0.743629749,0.131829900
73,66,1,-0.743628174,0.131829900
74,66,1,-0.743626600,0.131829900
75,66,1,-0.743625025,0.131829900
76,66,1,-0.743623450,0.131829900
77,66,1,-0.743621875,0.131829900
78,66,1,-0.743620300,0.131829900
79,66,1,-0.743618726,0.131829900
80,66,1,-0.743617151,0.131829900
81,66,1,-0.743615576,0.131829900
82,66,1,-0.743614001,0.131829900
83,66,1,-0.743612426,0.131829900
84,66,1,-0.743610852,0.131829900
85,66,1,-0.743609277,0.131829900
86,66,1,-0.743607702,0.131829900
87,66,1,-0.743606127,0.131829900
88,66,1,-0.743604552,0.131829900
89,66,1,-0.743602978,0.131829900
90,66,1,-0.743601403,0.131829900
91,66,1,-0.743599828,0.131829900
92,66,1,-0.743598253,0.131829900
93,66,1,-0.743596678,0.131829900
94,66,1,-0.743595104,0.131829900
95,66,1,-0.743593529,0.131829900
96,66,1,-0.743591954,0.131829900
97,66,1,-0.743590379,0.131829900
98,66,1,-0.743588804,0.131829900
99,66,1,-0.743587229,0.131829900
100,66,1,-0.743585655,0.131829900
101,66,1,-0.743584080,0.131829900
102,66,1,-0.743582505,0.131829900
103,66,1,-0.743580930,0.131829900
104,66,1,-0.743579355,0.131829900
105,66,1,-0.743577781,0.131829900
106,66,1,-0.743576206,0.131829900
107,66,1,-0.743574631,0.131829900
108,66,1,-0.743573056,0.131829900
109,66,1,-0.743571481,0.131829900
110,66,1,-0.743569907,0.131829900
111,66,1,-0.743568332,0.131829900
112,66,1,-0.743566757,0.131829900
113,66,1,-0.743565182,0.131829900
114,66,1,-0.743563607,0.131829900
115,66,1,-0.743562033,0.131829900
116,66,1,-0.743560458,0.131829900
117,66,1,-0.743558883,0.131829900
118,66,1,-0.743557308,0.131829900
119,66,1,-0.743555733,0.131829900
120,66,1,-0.743554159,0.131829900
121,66,1,-0.743552584,0.131829900
122,66,1,-0.743551009,0.131829900
123,66,1,-0.743549434,0.131829900
124,66,1,-0.743547859,0.131829900
125,66,1,-0.743546285,0.131829900
126,66,1,-0.743544710,0.131829900
127,66,1,-0.743543135,0.131829900
0,67,1,-0.743743135,0.131831475
1,67,1,-0.743741560,0.131831475
2,67,1,-0.743739985,0.131831475
3,67,1,-0.743738411,0.131831475
4,67,1,-0.743736836,0.131831475
5,67,1,-0.743735261,0.131831475
6,67,1,-0.743733686,0.131831475
7,67,1,-0.743732111,0.131831475
8,67,1,-0.743730537,0.131831475
9,67,1,-0.743728962,0.131831475
10,67,1,-0.743727387,0.131831475
11,67,1,-0.743725812,0.131831475
12,67,1,-0.743724237,0.131831475
13,67,1,-0.743722663,0.131831475
14,67,1,-0.743721088,0.131831475
15,67,1,-0.743719513,0.131831475
16,67,1,-0.743717938,0.131831475
17,67,1,-0.743716363,0.131831475
18,67,1,-0.743714789,0.131831475
19,67,1,-0.743713214,0.131831475
20,67,1,-0.743711639,0.131831475
21,67,1,-0.743710064,0.131831475
22,67,1,-0.743708489,0.131831475
23,67,1,-0.743706915,0.131831475
24,67,1,-0.743705340,0.131831475
25,67,1,-0.743703765,0.131831475
26,67,1,-0.743702190,0.131831475
27,67,1,-0.743700615,0.131831475
28,67,1,-0.743699041,0.131831475
29,67,1,-0.743697466,0.131831475
30,67,1,-0.743695891,0.131831475
31,67,1,-0.743694316,0.131831475
32,67,1,-0.743692741,0.131831475
33,67,1,-0.743691166,0.131831475
34,67,1,-0.743689592,0.131831475
35,67,1,-0.743688017,0.131831475
36,67,1,-0.743686442,0.131831475
37,67,1,-0.743684867,0.131831475
38,67,1,-0.743683292,0.131831475
39,67,1,-0.743681718,0.131831475
40,67,1,-0.743680143,0.131831475
41,67,1,-0.743678568,0.131831475
42,67,1,-0.743676993,0.131831475
43,67,1,-0.743675418,0.131831475
44,67,1,-0.743673844,0.131831475
45,67,1,-0.743672269,0.131831475
46,67,1,-0.743670694,0.131831475
47,67,1,-0.743669119,0.131831475
48,67,1,-0.743667544,0.131831475
49,67,1,-0.743665970,0.131831475
50,67,1,-0.743664395,0.131831475
51,67,1,-0.743662820,0.131831475
52,67,1,-0.743661245,0.131831475
53,67,1,-0.743659670,0.131831475
54,67,1,-0.743658096,0.131831475
55,67,1,-0.743656521,0.131831475
56,67,1,-0.743654946,0.131831475
57,67,1,-0.743653371,0.131831475
58,67,1,-0.743651796,0.131831475
59,67,1,-0.743650222,0.131831475
60,67,1,-0.743648647,0.131831475
61,67,1,-0.743647072,0.131831475
62,67,1,-0.743645497,0.131831475
63,67,1,-0.743643922,0.131831475
64,67,1,-0.743642348,0.131831475
65,67,1,-0.743640773,0.131831475
66,67,1,-0.743639198,0.131831475
67,67,1,-0.743637623,0.131831475
68,67,1,-0.743636048,0.131831475
69,67,1,-0.743634474,0.131831475
70,67,1,-0.743632899,0.131831475
71,67,1,-0.743631324,0.131831475
72,67,1,-0.743629749,0.131831475
73,67,1,-0.743628174,0.131831475
74,67,1,-0.743626600,0.131831475
75,67,1,-0.743625025,0.131831475
76,67,1,-0.743623450,0.131831475
77,67,1,-0.743621875,0.131831475
78,67,1,-0.743620300,0.131831475
79,67,1,-0.743618726,0.131831475
80,67,1,-0.743617151,0.131831475
81,67,1,-0.743615576,0.131831475
82,67,1,-0.743614001,0.131831475
83,67,1,-0.743612426,0.131831475
84,67,1,-0.743610852,0.131831475
85,67,1,-0.743609277,0.131831475
86,67,1,-0.743607702,0.131831475
87,67,1,-0.743606127,0.131831475
88,67,1,-0.743604552,0.131831475
89,67,1,-0.743602978,0.131831475
90,67,1,-0.743601403,0.131831475
91,67,1,-0.743599828,0.131831475
92,67,1,-0.743598253,0.131831475
93,67,1,-0.743596678,0.131831475
94,67,1,-0.743595104,0.131831475
95,67,1,-0.743593529,0.131831475
96,67,1,-0.743591954,0.131831475
97,67,1,-0.743590379,0.131831475
98,67,1,-0.743588804,0.131831475
99,67,1,-0.743587229,0.131831475
100,67,1,-0.743585655,0.131831475
101,67,1,-0.743584080,0.131831475
102,67,1,-0.743582505,0.131831475
103,67,1,-0.743580930,0.131831475
104,67,1,-0.743579355,0.131831475
105,67,1,-0.743577781,0.131831475
106,67,1,-0.743576206,0.131831475
107,67,1,-0.743574631,0.131831475
108,67,1,-0.743573056,0.131831475
109,67,1,-0.743571481,0.131831475
110,67,1,-0.743569907,0.131831475
111,67,1,-0.743568332,0.131831475
112,67,1,-0.743566757,0.131831475
113,67,1,-0.743565182,0.131831475
114,67,1,-0.743563607,0.131831475
115,67,1,-0.743562033,0.131831475
116,67,1,-0.743560458,0.131831475
117,67,1,-0.743558883,0.131831475
118,67,1,-0.743557308,0.131831475
119,67,1,-0.743555733,0.131831475
120,67,1,-0.743554159,0.131831475
121,67,1,-0.743552584,0.131831475
122,67,1,-0.743551009,0.131831475
123,67,1,-0.743549434,0.131831475
124,67,1,-0.743547859,0.131831475
125,67,1,-0.743546285,0.131831475
126,67,1,-0.743544710,0.131831475
127,67,1,-0.743543135,0.131831475
0,68,1,-0.743743135,0.131833050
1,68,1,-0.743741560,0.131833050
2,68,1,-0.743739985,0.131833050
3,68,1,-0.743738411,0.131833050
4,68,1,-0.743736836,0.131833050
5,68,1,-0.743735261,0.131833050
6,68,1,-0.743733686,0.131833050
7,68,1,-0.743732111,0.131833050
8,68,1,-0.743730537,0.131833050
9,68,1,-0.743728962,0.131833050
10,68,1,-0.743727387,0.131833050
11,68,1,-0.743725812,0.131833050
12,68,1,-0.743724237,0.131833050
13,68,1,-0.743722663,0.131833050
14,68,1,-0.743721088,0.131833050
15,68,1,-0.743719513,0.131833050
16,68,1,-0.743717938,0.131833050
17,68,1,-0.743716363,0.131833050
18,68,1,-0.743714789,0.131833050
19,68,1,-0.743713214,0.131833050
20,68,1,-0.743711639,0.131833050
21,68,1,-0.743710064,0.131833050
22,68,1,-0.743708489,0.131833050
23,68,1,-0.743706915,0.131833050
24,68,1,-0.743705340,0.131833050
25,68,1,-0.743703765,0.131833050
26,68,1,-0.743702190,0.131833050
27,68,1,-0.743700615,0.131833050
28,68,1,-0.743699041,0.131833050
29,68,1,-0.743697466,0.131833050
30,68,1,-0.743695891,0.131833050
31,68,1,-0.743694316,0.131833050
32,68,1,-0.743692741,0.131833050
33,68,1,-0.743691166,0.131833050
34,68,1,-0.743689592,0.131833050
35,68,1,-0.743688017,0.131833050
36,68,1,-0.743686442,0.131833050
37,68,1,-0.743684867,0.131833050
38,68,1,-0.743683292,0.131833050
39,68,1,-0.743681718,0.131833050
40,68,1,-0.743680143,0.131833050
41,68,1,-0.743678568,0.131833050
42,68,1,-0.743676993,0.131833050
43,68,1,-0.743675418,0.131833050
44,68,1,-0.743673844,0.131833050
45,68,1,-0.743672269,0.131833050
46,68,1,-0.743670694,0.131833050
47,68,1,-0.743669119,0.131833050
48,68,1,-0.743667544,0.131833050
49,68,1,-0.743665970,0.131833050
50,68,1,-0.743664395,0.131833050
51,68,1,-0.743662820,0.131833050
52,68,1,-0.743661245,0.131833050
53,68,1,-0.743659670,0.131833050
54,68,1,-0.743658096,0.131833050
55,68,1,-0.743656521,0.131833050
56,68,1,-0.743654946,0.131833050
57,68,1,-0.743653371,0.131833050
58,68,1,-0.743651796,0.131833050
59,68,1,-0.743650222,0.131833050
60,68,1,-0.743648647,0.131833050
61,68,1,-0.743647072,0.131833050
62,68,1,-0.743645497,0.131833050
63,68,1,-0.743643922,0.131833050
64,68,1,-0.743642348,0.131833050
65,68,1,-0.743640773,0.131833050
66,68,1,-0.743639198,0.131833050
67,68,1,-0.743637623,0.131833050
68,68,1,-0.743636048,0.131833050
69,68,1,-0.743634474,0.131833050
70,68,1,-0.743632899,0.131833050
71,68,1,-0.743631324,0.131833050
72,68,1,-0.743629749,0.131833050
73,68,1,-0.743628174,0.131833050
74,68,1,-0.743626600,0.131833050
75,68,1,-0.743625025,0.131833050
76,68,1,-0.743623450,0.131833050
77,68,1,-0.743621875,0.131833050
78,68,1,-0.743620300,0.131833050
79,68,1,-0.743618726,0.131833050
80,68,1,-0.743617151,0.131833050
81,68,1,-0.743615576,0.131833050
82,68,1,-0.743614001,0.131833050
83,68,1,-0.743612426,0.131833050
84,68,1,-0.743610852,0.131833050
85,68,1,-0.743609277,0.131833050
86,68,1,-0.743607702,0.131833050
87,68,1,-0.743606127,0.131833050
88,68,1,-0.743604552,0.131833050
89,68,1,-0.743602978,0.131833050
90,68,1,-0.743601403,0.131833050
91,68,1,-0.743599828,0.131833050
92,68,1,-0.743598253,0.131833050
93,68,1,-0.743596678,0.131833050
94,68,1,-0.743595104,0.131833050
95,68,1,-0.743593529,0.131833050
96,68,1,-0.743591954,0.131833050
97,68,1,-0.743590379,0.131833050
98,68,1,-0.743588804,0.131833050
99,68,1,-0.743587229,0.131833050
100,68,1,-0.743585655,0.131833050
101,68,1,-0.743584080,0.131833050
102,68,1,-0.743582505,0.131833050
103,68,1,-0.743580930,0.131833050
104,68,1,-0.743579355,0.131833050
105,68,1,-0.743577781,0.131833050
106,68,1,-0.743576206,0.131833050
107,68,1,-0.743574631,0.131833050
108,68,1,-0.743573056,0.131833050
109,68,1,-0.743571481,0.131833050
110,68,1,-0.743569907,0.131833050
111,68,1,-0.743568332,0.131833050
112,68,1,-0.743566757,0.131833050
113,68,1,-0.743565182,0.131833050
114,68,1,-0.743563607,0.131833050
115,68,1,-0.743562033,0.131833050
116,68,1,-0.743560458,0.131833050
117,68,1,-0.743558883,0.131833050
118,68,1,-0.743557308,0.131833050
119,68,1,-0.743555733,0.131833050
120,68,1,-0.743554159,0.131833050
121,68,1,-0.743552584,0.131833050
122,68,1,-0.743551009,0.131833050
123,68,1,-0.743549434,0.131833050
124,68,1,-0.743547859,0.131833050
125,68,1,-0.743546285,0.131833050
126,68,1,-0.743544710,0.131833050
127,68,1,-0.743543135,0.131833050
0,69,1,-0.743743135,0.131834624
1,69,1,-0.743741560,0.131834624
2,69,1,-0.743739985,0.131834624
3,69,1,-0.743738411,0.131834624
4,69,1,-0.743736836,0.131834624
5,69,1,-0.743735261,0.131834624
6,69,1,-0.743733686,0.131834624
7,69,1,-0.743732111,0.131834624
8,69,1,-0.743730537,0.131834624
9,69,1,-0.743728962,0.131834624
10,69,1,-0.743727387,0.131834624
11,69,1,-0.743725812,0.131834624
12,69,1,-0.743724237,0.131834624
13,69,1,-0.743722663,0.131834624
14,69,1,-0.743721088,0.131834624
15,69,1,-0.743719513,0.131834624
16,69,1,-0.743717938,0.131834624
17,69,1,-0.743716363,0.131834624
18,69,1,-0.743714789,0.131834624
19,69,1,-0.743713214,0.131834624
20,69,1,-0.743711639,0.131834624
21,69,1,-0.743710064,0.131834624
22,69,1,-0.743708489,0.131834624
23,69,1,-0.743706915,0.131834624
24,69,1,-0.743705340,0.131834624
25,69,1,-0.743703765,0.131834624
26,69,1,-0.743702190,0.131834624
27,69,1,-0.743700615,0.131834624
28,69,1,-0.743699041,0.131834624
29,69,1,-0.743697466,0.131834624
30,69,1,-0.743695891,0.131834624
31,69,1,-0.743694316,0.131834624
32,69,1,-0.743692741,0.131834624
33,69,1,-0.743691166,0.131834624
34,69,1,-0.743689592,0.131834624
35,69,1,-0.743688017,0.131834624
36,69,1,-0.743686442,0.131834624
37,69,1,-0.743684867,0.131834624
38,69,1,-0.743683292,0.131834624
39,69,1,-0.743681718,0.131834624
40,69,1,-0.743680143,0.131834624
41,69,1,-0.743678568,0.131834624
42,69,1,-0.743676993,0.131834624
43,69,1,-0.743675418,0.131834624
44,69,1,-0.743673844,0.131834624
45,69,1,-0.743672269,0.131834624
46,69,1,-0.743670694,0.131834624
47,69,1,-0.743669119,0.131834624
48,69,1,-0.743667544,0.131834624
49,69,1,-0.743665970,0.131834624
50,69,1,-0.743664395,0.131834624
51,69,1,-0.743662820,0.131834624
52,69,1,-0.743661245,0.131834624
53,69,1,-0.743659670,0.131834624
54,69,1,-0.743658096,0.131834624
55,69,1,-0.743656521,0.131834624
56,69,1,-0.743654946,0.131834624
57,69,1,-0.743653371,0.131834624
58,69,1,-0.743651796,0.131834624
59,69,1,-0.743650222,0.131834624
60,69,1,-0.743648647,0.131834624
61,69,1,-0.743647072,0.131834624
62,69,1,-0.743645497,0.131834624
63,69,1,-0.743643922,0.131834624
64,69,1,-0.743642348,0.131834624
65,69,1,-0.743640773,0.131834624
66,69,1,-0.743639198,0.131834624
67,69,1,-0.743637623,0.131834624
68,69,1,-0.743636048,0.131834624
69,69,1,-0.743634474,0.131834624
70,69,1,-0.743632899,0.131834624
71,69,1,-0.743631324,0.131834624
72,69,1,-0.743629749,0.131834624
73,69,1,-0.743628174,0.131834624
74,69,1,-0.743626600,0.131834624
75,69,1,-0.743625025,0.131834624
76,69,1,-0.743623450,0.131834624
77,69,1,-0.743621875,0.131834624
78,69,1,-0.743620300,0.131834624
79,69,1,-0.743618726,0.131834624
80,69,1,-0.743617151,0.131834624
81,69,1,-0.743615576,0.131834624
82,69,1,-0.743614001,0.131834624
83,69,1,-0.743612426,0.131834624
84,69,1,-0.743610852,0.131834624
85,69,1,-0.743609277,0.131834624
86,69,1,-0.743607702,0.131834624
87,69,1,-0.743606127,0.131834624
88,69,1,-0.743604552,0.131834624
89,69,1,-0.743602978,0.131834624
90,69,1,-0.743601403,0.131834624
91,69,1,-0.743599828,0.131834624
92,69,1,-0.743598253,0.131834624
93,69,1,-0.743596678,0.131834624
94,69,1,-0.743595104,0.131834624
95,69,1,-0.743593529,0.131834624
96,69,1,-0.743591954,0.131834624
97,69,1,-0.743590379,0.131834624
98,69,1,-0.743588804,0.131834624
99,69,1,-0.743587229,0.131834624
100,69,1,-0.743585655,0.131834624
101,69,1,-0.743584080,0.131834624
102,69,1,-0.743582505,0.131834624
103,69,1,-0.743580930,0.131834624
104,69,1,-0.743579355,0.131834624
105,69,1,-0.743577781,0.131834624
106,69,1,-0.743576206,0.131834624
107,69,1,-0.743574631,0.131834624
108,69,1,-0.743573056,0.131834624
109,69,1,-0.743571481,0.131834624
110,69,1,-0.743569907,0.131834624
111,69,1,-0.743568332,0.131834624
112,69,1,-0.743566757,0.131834624
113,69,1,-0.743565182,0.131834624
114,69,1,-0.743563607,0.131834624
115,69,1,-0.743562033,0.131834624
116,69,1,-0.743560458,0.131834624
117,69,1,-0.743558883,0.131834624
118,69,1,-0.743557308,0.131834624
119,69,1,-0.743555733,0.131834624
120,69,1,-0.743554159,0.131834624
121,69,1,-0.743552584,0.131834624
122,69,1,-0.743551009,0.131834624
123,69,1,-0.743549434,0.131834624
124,69,1,-0.743547859,0.131834624
125,69,1,-0.743546285,0.131834624
126,69,1,-0.743544710,0.131834624
127,69,1,-0.743543135,0.131834624
0,70,1,-0.743743135,0.131836199
1,70,1,-0.743741560,0.131836199
2,70,1,-0.743739985,0.131836199
3,70,1,-0.743738411,0.131836199
4,70,1,-0.743736836,0.131836199
5,70,1,-0.743735261,0.131836199
6,70,1,-0.743733686,0.131836199
7,70,1,-0.743732111,0.131836199
8,70,1,-0.743730537,0.131836199
9,70,1,-0.743728962,0.131836199
10,70,1,-0.743727387,0.131836199
11,70,1,-0.743725812,0.131836199
12,70,1,-0.743724237,0.131836199
13,70,1,-0.743722663,0.131836199
14,70,1,-0.743721088,0.131836199
15,70,1,-0.743719513,0.131836199
16,70,1,-0.743717938,0.131836199
17,70,1,-0.743716363,0.131836199
18,70,1,-0.743714789,0.131836199
19,70,1,-0.743713214,0.131836199
20,70,1,-0.743711639,0.131836199
21,70,1,-0.743710064,0.131836199
22,70,1,-0.743708489,0.131836199
23,70,1,-0.743706915,0.131836199
24,70,1,-0.743705340,0.131836199
25,70,1,-0.743703765,0.131836199
26,70,1,-0.743702190,0.131836199
27,70,1,-0.743700615,0.131836199
28,70,1,-0.743699041,0.131836199
29,70,1,-0.743697466,0.131836199
30,70,1,-0.743695891,0.131836199
31,70,1,-0.743694316,0.131836199
32,70,1,-0.743692741,0.131836199
33,70,1,-0.743691166,0.131836199
34,70,1,-0.743689592,0.131836199
35,70,1,-0.743688017,0.131836199
36,70,1,-0.743686442,0.131836199
37,70,1,-0.743684867,0.131836199
38,70,1,-0.743683292,0.131836199
39,70,1,-0.743681718,0.131836199
40,70,1,-0.743680143,0.131836199
41,70,1,-0.743678568,0.131836199
42,70,1,-0.743676993,0.131836199
43,70,1,-0.743675418,0.131836199
44,70,1,-0.743673844,0.131836199
45,70,1,-0.743672269,0.131836199
46,70,1,-0.743670694,0.131836199
47,70,1,-0.743669119,0.131836199
48,70,1,-0.743667544,0.131836199
49,70,1,-0.743665970,0.131836199
50,70,1,-0.743664395,0.131836199
51,70,1,-0.743662820,0.131836199
52,70,1,-0.743661245,0.131836199
53,70,1,-0.743659670,0.131836199
54,70,1,-0.743658096,0.131836199
55,70,1,-0.743656521,0.131836199
56,70,1,-0.743654946,0.131836199
57,70,1,-0.743653371,0.131836199
58,70,1,-0.743651796,0.131836199
59,70,1,-0.743650222,0.131836199
60,70,1,-0.743648647,0.131836199
61,70,1,-0.743647072,0.131836199
62,70,1,-0.743645497,0.131836199
63,70,1,-0.743643922,0.131836199
64,70,1,-0.743642348,0.131836199
65,70,1,-0.743640773,0.131836199
66,70,1,-0.743639198,0.131836199
67,70,1,-0.743637623,0.131836199
68,70,1,-0.743636048,0.131836199
69,70,1,-0.743634474,0.131836199
70,70,1,-0.743632899,0.131836199
71,70,1,-0.743631324,0.131836199
72,70,1,-0.743629749,0.131836199
73,70,1,-0.743628174,0.131836199
74,70,1,-0.743626600,0.131836199
75,70,1,-0.743625025,0.131836199
76,70,1,-0.743623450,0.131836199
77,70,1,-0.743621875,0.131836199
78,70,1,-0.743620300,0.131836199
79,70,1,-0.743618726,0.131836199
80,70,1,-0.743617151,0.131836199
81,70,1,-0.743615576,0.131836199
82,70,1,-0.743614001,0.131836199
83,70,1,-0.743612426,0.131836199
84,70,1,-0.743610852,0.131836199
85,70,1,-0.743609277,0.131836199
86,70,1,-0.743607702,0.131836199
87,70,1,-0.743606127,0.131836199
88,70,1,-0.743604552,0.131836199
89,70,1,-0.743602978,0.131836199
90,70,1,-0.743601403,0.131836199
91,70,1,-0.743599828,0.131836199
92,70,1,-0.743598253,0.131836199
93,70,1,-0.743596678,0.131836199
94,70,1,-0.743595104,0.131836199
95,70,1,-0.743593529,0.131836199
96,70,1,-0.743591954,0.131836199
97,70,1,-0.743590379,0.131836199
98,70,1,-0.743588804,0.131836199
99,70,1,-0.743587229,0.131836199
100,70,1,-0.743585655,0.131836199
101,70,1,-0.743584080,0.131836199
102,70,1,-0.743582505,0.131836199
103,70,1,-0.743580930,0.131836199
104,70,1,-0.743579355,0.131836199
105,70,1,-0.743577781,0.131836199
106,70,1,-0.743576206,0.131836199
107,70,1,-0.743574631,0.131836199
108,70,1,-0.743573056,0.131836199
109,70,1,-0.743571481,0.131836199
110,70,1,-0.743569907,0.131836199
111,70,1,-0.743568332,0.131836199
112,70,1,-0.743566757,0.131836199
113,70,1,-0.743565182,0.131836199
114,70,1,-0.743563607,0.131836199
115,70,1,-0.743562033,0.131836199
116,70,1,-0.743560458,0.131836199
117,70,1,-0.743558883,0.131836199
118,70,1,-0.743557308,0.131836199
119,70,1,-0.743555733,0.131836199
120,70,1,-0.743554159,0.131836199
121,70,1,-0.743552584,0.131836199
122,70,1,-0.743551009,0.131836199
123,70,1,-0.743549434,0.131836199
124,70,1,-0.743547859,0.131836199
125,70,1,-0.743546285,0.131836199
126,70,1,-0.743544710,0.131836199
127,70,1,-0.743543135,0.131836199
0,71,1,-0.743743135,0.131837774
1,71,1,-0.743741560,0.131837774
2,71,1,-0.743739985,0.131837774
3,71,1,-0.743738411,0.131837774
4,71,1,-0.743736836,0.131837774
5,71,1,-0.743735261,0.131837774
6,71,1,-0.743733686,0.131837774
7,71,1,-0.743732111,0.131837774
8,71,1,-0.743730537,0.131837774
9,71,1,-0.743728962,0.131837774
10,71,1,-0.743727387,0.131837774
11,71,1,-0.743725812,0.131837774
12,71,1,-0.743724237,0.131837774
13,71,1,-0.743722663,0.131837774
14,71,1,-0.743721088,0.131837774
15,71,1,-0.743719513,0.131837774
16,71,1,-0.743717938,0.131837774
17,71,1,-0.743716363,0.131837774
18,71,1,-0.743714789,0.131837774
19,71,1,-0.743713214,0.131837774
20,71,1,-0.743711639,0.131837774
21,71,1,-0.743710064,0.131837774
22,71,1,-0.743708489,0.131837774
23,71,1,-0.743706915,0.131837774
24,71,1,-0.743705340,0.131837774
25,71,1,-0.743703765,0.131837774
26,71,1,-0.743702190,0.131837774
27,71,1,-0.743700615,0.131837774
28,71,1,-0.743699041,0.131837774
29,71,1,-0.743697466,0.131837774
30,71,1,-0.743695891,0.131837774
31,71,1,-0.743694316,0.131837774
32,71,1,-0.743692741,0.131837774
33,71,1,-0.743691166,0.131837774
34,71,1,-0.743689592,0.131837774
35,71,1,-0.743688017,0.131837774
36,71,1,-0.743686442,0.131837774
37,71,1,-0.743684867,0.131837774
38,71,1,-0.743683292,0.131837774
39,71,1,-0.743681718,0.131837774
40,71,1,-0.743680143,0.131837774
41,71,1,-0.743678568,0.131837774
42,71,1,-0.743676993,0.131837774
43,71,1,-0.743675418,0.131837774
44,71,1,-0.743673844,0.131837774
45,71,1,-0.743672269,0.131837774
46,71,1,-0.743670694,0.131837774
47,71,1,-0.743669119,0.131837774
48,71,1,-0.743667544,0.131837774
49,71,1,-0.743665970,0.131837774
50,71,1,-0.743664395,0.131837774
51,71,1,-0.743662820,0.131837774
52,71,1,-0.743661245,0.131837774
53,71,1,-0.743659670,0.131837774
54,71,1,-0.743658096,0.131837774
55,71,1,-0.743656521,0.131837774
56,71,1,-0.743654946,0.131837774
57,71,1,-0.743653371,0.131837774
58,71,1,-0.743651796,0.131837774
59,71,1,-0.743650222,0.131837774
60,71,1,-0.743648647,0.131837774
61,71,1,-0.743647072,0.131837774
62,71,1,-0.743645497,0.131837774
63,71,1,-0.743643922,0.131837774
64,71,1,-0.743642348,0.131837774
65,71,1,-0.743640773,0.131837774
66,71,1,-0.743639198,0.131837774
67,71,1,-0.743637623,0.131837774
68,71,1,-0.743636048,0.131837774
69,71,1,-0.743634474,0.131837774
70,71,1,-0.743632899,0.131837774
71,71,1,-0.743631324,0.131837774
72,71,1,-0.743629749,0.131837774
73,71,1,-0.743628174,0.131837774
74,71,1,-0.743626600,0.131837774
75,71,1,-0.743625025,0.131837774
76,71,1,-0.743623450,0.131837774
77,71,1,-0.743621875,0.131837774
78,71,1,-0.743620300,0.131837774
79,71,1,-0.743618726,0.131837774
80,71,1,-0.743617151,0.131837774
81,71,1,-0.743615576,0.131837774
82,71,1,-0.743614001,0.131837774
83,71,1,-0.743612426,0.131837774
84,71,1,-0.743610852,0.131837774
85,71,1,-0.743609277,0.131837774
86,71,1,-0.743607702,0.131837774
87,71,1,-0.743606127,0.131837774
88,71,1,-0.743604552,0.131837774
89,71,1,-0.743602978,0.131837774
90,71,1,-0.743601403,0.131837774
91,71,1,-0.743599828,0.131837774
92,71,1,-0.743598253,0.131837774
93,71,1,-0.743596678,0.131837774
94,71,1,-0.743595104,0.131837774
95,71,1,-0.743593529,0.131837774
96,71,1,-0.743591954,0.131837774
97,71,1,-0.743590379,0.131837774
98,71,1,-0.743588804,0.131837774
99,71,1,-0.743587229,0.131837774
100,71,1,-0.743585655,0.131837774
101,71,1,-0.743584080,0.131837774
102,71,1,-0.743582505,0.131837774
103,71,1,-0.743580930,0.131837774
104,71,1,-0.743579355,0.131837774
105,71,1,-0.743577781,0.131837774
106,71,1,-0.743576206,0.131837774
107,71,1,-0.743574631,0.131837774
108,71,1,-0.743573056,0.131837774
109,71,1,-0.743571481,0.131837774
110,71,1,-0.743569907,0.131837774
111,71,1,-0.743568332,0.131837774
112,71,1,-0.743566757,0.131837774
113,71,1,-0.743565182,0.131837774
114,71,1,-0.743563607,0.131837774
115,71,1,-0.743562033,0.131837774
116,71,1,-0.743560458,0.131837774
117,71,1,-0.743558883,0.131837774
118,71,1,-0.743557308,0.131837774
119,71,1,-0.743555733,0.131837774
120,71,1,-0.743554159,0.131837774
121,71,1,-0.743552584,0.131837774
122,71,1,-0.743551009,0.131837774
123,71,1,-0.743549434,0.131837774
124,71,1,-0.743547859,0.131837774
125,71,1,-0.743546285,0.131837774
126,71,1,-0.743544710,0.131837774
127,71,1,-0.743543135,0.131837774
0,72,1,-0.743743135,0.131839349
1,72,1,-0.743741560,0.131839349
2,72,1,-0.743739985,0.131839349
3,72,1,-0.743738411,0.131839349
4,72,1,-0.743736836,0.131839349
5,72,1,-0.743735261,0.131839349
6,72,1,-0.743733686,0.131839349
7,72,1,-0.743732111,0.131839349
8,72,1,-0.743730537,0.131839349
9,72,1,-0.743728962,0.131839349
10,72,1,-0.743727387,0.131839349
11,72,1,-0.743725812,0.131839349
12,72,1,-0.743724237,0.131839349
13,72,1,-0.743722663,0.131839349
14,72,1,-0.743721088,0.131839349
15,72,1,-0.743719513,0.131839349
16,72,1,-0.743717938,0.131839349
17,72,1,-0.743716363,0.131839349
18,72,1,-0.743714789,0.131839349
19,72,1,-0.743713214,0.131839349
20,72,1,-0.743711639,0.131839349
21,72,1,-0.743710064,0.131839349
22,72,1,-0.743708489,0.131839349
23,72,1,-0.743706915,0.131839349
24,72,1,-0.743705340,0.131839349
25,72,1,-0.743703765,0.131839349
26,72,1,-0.743702190,0.131839349
27,72,1,-0.743700615,0.131839349
28,72,1,-0.743699041,0.131839349
29,72,1,-0.743697466,0.131839349
30,72,1,-0.743695891,0.131839349
31,72,1,-0.743694316,0.131839349
32,72,1,-0.743692741,0.131839349
33,72,1,-0.743691166,0.131839349
34,72,1,-0.743689592,0.131839349
35,72,1,-0.743688017,0.131839349
36,72,1,-0.743686442,0.131839349
37,72,1,-0.743684867,0.131839349
38,72,1,-0.743683292,0.131839349
39,72,1,-0.743681718,0.131839349
40,72,1,-0.743680143,0.131839349
41,72,1,-0.743678568,0.131839349
42,72,1,-0.743676993,0.131839349
43,72,1,-0.743675418,0.131839349
44,72,1,-0.743673844,0.131839349
45,72,1,-0.743672269,0.131839349
46,72,1,-0.743670694,0.131839349
47,72,1,-0.743669119,0.131839349
48,72,1,-0.743667544,0.131839349
49,72,1,-0.743665970,0.131839349
50,72,1,-0.743664395,0.131839349
51,72,1,-0.743662820,0.131839349
52,72,1,-0.743661245,0.131839349
53,72,1,-0.743659670,0.131839349
54,72,1,-0.743658096,0.131839349
55,72,1,-0.743656521,0.131839349
56,72,1,-0.743654946,0.131839349
57,72,1,-0.743653371,0.131839349
58,72,1,-0.743651796,0.131839349
59,72,1,-0.743650222,0.131839349
60,72,1,-0.743648647,0.131839349
61,72,1,-0.743647072,0.131839349
62,72,1,-0.743645497,0.131839349
63,72,1,-0.743643922,0.131839349
64,72,1,-0.743642348,0.131839349
65,72,1,-0.743640773,0.131839349
66,72,1,-0.743639198,0.131839349
67,72,1,-0.743637623,0.131839349
68,72,1,-0.743636048,0.131839349
69,72,1,-0.743634474,0.131839349
70,72,1,-0.743632899,0.131839349
71,72,1,-0.743631324,0.131839349
72,72,1,-0.743629749,0.131839349
73,72,1,-0.743628174,0.131839349
74,72,1,-0.743626600,0.131839349
75,72,1,-0.743625025,0.131839349
76,72,1,-0.743623450,0.131839349
77,72,1,-0.743621875,0.131839349
78,72,1,-0.743620300,0.131839349
79,72,1,-0.743618726,0.131839349
80,72,1,-0.743617151,0.131839349
81,72,1,-0.743615576,0.131839349
82,72,1,-0.743614001,0.131839349
83,72,1,-0.743612426,0.131839349
84,72,1,-0.743610852,0.131839349
85,72,1,-0.743609277,0.131839349
86,72,1,-0.743607702,0.131839349
87,72,1,-0.743606127,0.131839349
88,72,1,-0.743604552,0.131839349
89,72,1,-0.743602978,0.131839349
90,72,1,-0.743601403,0.131839349
91,72,1,-0.743599828,0.131839349
92,72,1,-0.743598253,0.131839349
93,72,1,-0.743596678,0.131839349
94,72,1,-0.743595104,0.131839349
95,72,1,-0.743593529,0.131839349
96,72,1,-0.743591954,0.131839349
97,72,1,-0.743590379,0.131839349
98,72,1,-0.743588804,0.131839349
99,72,1,-0.743587229,0.131839349
100,72,1,-0.743585655,0.131839349
101,72,1,-0.743584080,0.131839349
102,72,1,-0.743582505,0.131839349
103,72,1,-0.743580930,0.131839349
104,72,1,-0.743579355,0.131839349
105,72,1,-0.743577781,0.131839349
106,72,1,-0.743576206,0.131839349
107,72,1,-0.743574631,0.131839349
108,72,1,-0.743573056,0.131839349
109,72,1,-0.743571481,0.131839349
110,72,1,-0.743569907,0.131839349
111,72,1,-0.743568332,0.131839349
112,72,1,-0.743566757,0.131839349
113,72,1,-0.743565182,0.131839349
114,72,1,-0.743563607,0.131839349
115,72,1,-0.743562033,0.131839349
116,72,1,-0.743560458,0.131839349
117,72,1,-0.743558883,0.131839349
118,72,1,-0.743557308,0.131839349
119,72,1,-0.743555733,0.131839349
120,72,1,-0.743554159,0.131839349
121,72,1,-0.743552584,0.131839349
122,72,1,-0.743551009,0.131839349
123,72,1,-0.743549434,0.131839349
124,72,1,-0.743547859,0.131839349
125,72,1,-0.743546285,0.131839349
126,72,1,-0.743544710,0.131839349
127,72,1,-0.743543135,0.131839349
0,73,1,-0.743743135,0.131840924
1,73,1,-0.743741560,0.131840924
2,73,1,-0.743739985,0.131840924
3,73,1,-0.743738411,0.131840924
4,73,1,-0.743736836,0.131840924
5,73,1,-0.743735261,0.131840924
6,73,1,-0.743733686,0.131840924
7,73,1,-0.743732111,0.131840924
8,73,1,-0.743730537,0.131840924
9,73,1,-0.743728962,0.131840924
10,73,1,-0.743727387,0.131840924
11,73,1,-0.743725812,0.131840924
12,73,1,-0.743724237,0.131840924
13,73,1,-0.743722663,0.131840924
14,73,1,-0.743721088,0.131840924
15,73,1,-0.743719513,0.131840924
16,73,1,-0.743717938,0.131840924
17,73,1,-0.743716363,0.131840924
18,73,1,-0.743714789,0.131840924
19,73,1,-0.743713214,0.131840924
20,73,1,-0.743711639,0.131840924
21,73,1,-0.743710064,0.131840924
22,73,1,-0.743708489,0.131840924
23,73,1,-0.743706915,0.131840924
24,73,1,-0.743705340,0.131840924
25,73,1,-0.743703765,0.131840924
26,73,1,-0.743702190,0.131840924
27,73,1,-0.743700615,0.131840924
28,73,1,-0.743699041,0.131840924
29,73,1,-0.743697466,0.131840924
30,73,1,-0.743695891,0.131840924
31,73,1,-0.743694316,0.131840924
32,73,1,-0.743692741,0.131840924
33,73,1,-0.743691166,0.131840924
34,73,1,-0.743689592,0.131840924
35,73,1,-0.743688017,0.131840924
36,73,1,-0.743686442,0.131840924
37,73,1,-0.743684867,0.131840924
38,73,1,-0.743683292,0.131840924
39,73,1,-0.743681718,0.131840924
40,73,1,-0.743680143,0.131840924
41,73,1,-0.743678568,0.131840924
42,73,1,-0.743676993,0.131840924
43,73,1,-0.743675418,0.131840924
44,73,1,-0.743673844,0.131840924
45,73,1,-0.743672269,0.131840924
46,73,1,-0.743670694,0.131840924
47,73,1,-0.743669119,0.131840924
48,73,1,-0.743667544,0.131840924
49,73,1,-0.743665970,0.131840924
50,73,1,-0.743664395,0.131840924
51,73,1,-0.743662820,0.131840924
52,73,1,-0.743661245,0.131840924
53,73,1,-0.743659670,0.131840924
54,73,1,-0.743658096,0.131840924
55,73,1,-0.743656521,0.131840924
56,73,1,-0.743654946,0.131840924
57,73,1,-0.743653371,0.131840924
58,73,1,-0.743651796,0.131840924
59,73,1,-0.743650222,0.131840924
60,73,1,-0.743648647,0.131840924
61,73,1,-0.743647072,0.131840924
62,73,1,-0.743645497,0.131840924
63,73,1,-0.743643922,0.131840924
64,73,1,-0.743642348,0.131840924
65,73,1,-0.743640773,0.131840924
66,73,1,-0.743639198,0.131840924
67,73,1,-0.743637623,0.131840924
68,73,1,-0.743636048,0.131840924
69,73,1,-0.743634474,0.131840924
70,73,1,-0.743632899,0.131840924
71,73,1,-0.743631324,0.131840924
72,73,1,-0.743629749,0.131840924
73,73,1,-0.743628174,0.131840924
74,73,1,-0.743626600,0.131840924
75,73,1,-0.743625025,0.131840924
76,73,1,-0.743623450,0.131840924
77,73,1,-0.743621875,0.131840924
78,73,1,-0.743620300,0.131840924
79,73,1,-0.743618726,0.131840924
80,73,1,-0.743617151,0.131840924
81,73,1,-0.743615576,0.131840924
82,73,1,-0.743614001,0.131840924
83,73,1,-0.743612426,0.131840924
84,73,1,-0.743610852,0.131840924
85,73,1,-0.743609277,0.131840924
86,73,1,-0.743607702,0.131840924
87,73,1,-0.743606127,0.131840924
88,73,1,-0.743604552,0.131840924
89,73,1,-0.743602978,0.131840924
90,73,1,-0.743601403,0.131840924
91,73,1,-0.743599828,0.131840924
92,73,1,-0.743598253,0.131840924
93,73,1,-0.743596678,0.131840924
94,73,1,-0.743595104,0.131840924
95,73,1,-0.743593529,0.131840924
96,73,1,-0.743591954,0.131840924
97,73,1,-0.743590379,0.131840924
98,73,1,-0.743588804,0.131840924
99,73,1,-0.743587229,0.131840924
100,73,1,-0.743585655,0.131840924
101,73,1,-0.743584080,0.131840924
102,73,1,-0.743582505,0.131840924
103,73,1,-0.743580930,0.131840924
104,73,1,-0.743579355,0.131840924
105,73,1,-0.743577781,0.131840924
106,73,1,-0.743576206,0.131840924
107,73,1,-0.743574631,0.131840924
108,73,1,-0.743573056,0.131840924
109,73,1,-0.743571481,0.131840924
110,73,1,-0.743569907,0.131840924
111,73,1,-0.743568332,0.131840924
112,73,1,-0.743566757,0.131840924
113,73,1,-0.743565182,0.131840924
114,73,1,-0.743563607,0.131840924
115,73,1,-0.743562033,0.131840924
116,73,1,-0.743560458,0.131840924
117,73,1,-0.743558883,0.131840924
118,73,1,-0.743557308,0.131840924
119,73,1,-0.743555733,0.131840924
120,73,1,-0.743554159,0.131840924
121,73,1,-0.743552584,0.131840924
122,73,1,-0.743551009,0.131840924
123,73,1,-0.743549434,0.131840924
124,73,1,-0.743547859,0.131840924
125,73,1,-0.743546285,0.131840924
126,73,1,-0.743544710,0.131840924
127,73,1,-0.743543135,0.131840924
0,74,1,-0.743743135,0.131842498
1,74,1,-0.743741560,0.131842498
2,74,1,-0.743739985,0.131842498
3,74,1,-0.743738411,0.131842498
4,74,1,-0.743736836,0.131842498
5,74,1,-0.743735261,0.131842498
6,74,1,-0.743733686,0.131842498
7,74,1,-0.743732111,0.131842498
8,74,1,-0.743730537,0.131842498
9,74,1,-0.743728962,0.131842498
10,74,1,-0.743727387,0.131842498
11,74,1,-0.743725812,0.131842498
12,74,1,-0.743724237,0.131842498
13,74,1,-0.743722663,0.131842498
14,74,1,-0.743721088,0.131842498
15,74,1,-0.743719513,0.131842498
16,74,1,-0.743717938,0.131842498
17,74,1,-0.743716363,0.131842498
18,74,1,-0.743714789,0.131842498
19,74,1,-0.743713214,0.131842498
20,74,1,-0.743711639,0.131842498
21,74,1,-0.743710064,0.131842498
22,74,1,-0.743708489,0.131842498
23,74,1,-0.743706915,0.131842498
24,74,1,-0.743705340,0.131842498
25,74,1,-0.743703765,0.131842498
26,74,1,-0.743702190,0.131842498
27,74,1,-0.743700615,0.131842498
28,74,1,-0.743699041,0.131842498
29,74,1,-0.743697466,0.131842498
30,74,1,-0.743695891,0.131842498
31,74,1,-0.743694316,0.131842498
32,74,1,-0.743692741,0.131842498
33,74,1,-0.743691166,0.131842498
34,74,1,-0.743689592,0.131842498
35,74,1,-0.743688017,0.131842498
36,74,1,-0.743686442,0.131842498
37,74,1,-0.743684867,0.131842498
38,74,1,-0.743683292,0.131842498
39,74,1,-0.743681718,0.131842498
40,74,1,-0.743680143,0.131842498
41,74,1,-0.743678568,0.131842498
42,74,1,-0.743676993,0.131842498
43,74,1,-0.743675418,0.131842498
44,74,1,-0.743673844,0.131842498
45,74,1,-0.743672269,0.131842498
46,74,1,-0.743670694,0.131842498
47,74,1,-0.743669119,0.131842498
48,74,1,-0.743667544,0.131842498
49,74,1,-0.743665970,0.131842498
50,74,1,-0.743664395,0.131842498
51,74,1,-0.743662820,0.131842498
52,74,1,-0.743661245,0.131842498
53,74,1,-0.743659670,0.131842498
54,74,1,-0.743658096,0.131842498
55,74,1,-0.743656521,0.131842498
56,74,1,-0.743654946,0.131842498
57,74,1,-0.743653371,0.131842498
58,74,1,-0.743651796,0.131842498
59,74,1,-0.743650222,0.131842498
60,74,1,-0.743648647,0.131842498
61,74,1,-0.743647072,0.131842498
62,74,1,-0.743645497,0.131842498
63,74,1,-0.743643922,0.131842498
64,74,1,-0.743642348,0.131842498
65,74,1,-0.743640773,0.131842498
66,74,1,-0.743639198,0.131842498
67,74,1,-0.743637623,0.131842498
68,74,1,-0.743636048,0.131842498
69,74,1,-0.743634474,0.131842498
70,74,1,-0.743632899,0.131842498
71,74,1,-0.743631324,0.131842498
72,74,1,-0.743629749,0.131842498
73,74,1,-0.743628174,0.131842498
74,74,1,-0.743626600,0.131842498
75,74,1,-0.743625025,0.131842498
76,74,1,-0.743623450,0.131842498
77,74,1,-0.743621875,0.131842498
78,74,1,-0.743620300,0.131842498
79,74,1,-0.743618726,0.131842498
80,74,1,-0.743617151,0.131842498
81,74,1,-0.743615576,0.131842498
82,74,1,-0.743614001,0.131842498
83,74,1,-0.743612426,0.131842498
84,74,1,-0.743610852,0.131842498
85,74,1,-0.743609277,0.131842498
86,74,1,-0.743607702,0.131842498
87,74,1,-0.743606127,0.131842498
88,74,1,-0.743604552,0.131842498
89,74,1,-0.743602978,0.131842498
90,74,1,-0.743601403,0.131842498
91,74,1,-0.743599828,0.131842498
92,74,1,-0.743598253,0.131842498
93,74,1,-0.743596678,0.131842498
94,74,1,-0.743595104,0.131842498
95,74,1,-0.743593529,0.131842498
96,74,1,-0.743591954,0.131842498
97,74,1,-0.743590379,0.131842498
98,74,1,-0.743588804,0.131842498
99,74,1,-0.743587229,0.131842498
100,74,1,-0.743585655,0.131842498
101,74,1,-0.743584080,0.131842498
102,74,1,-0.743582505,0.131842498
103,74,1,-0.743580930,0.131842498
104,74,1,-0.743579355,0.131842498
105,74,1,-0.743577781,0.131842498
106,74,1,-0.743576206,0.131842498
107,74,1,-0.743574631,0.131842498
108,74,1,-0.743573056,0.131842498
109,74,1,-0.743571481,0.131842498
110,74,1,-0.743569907,0.131842498
111,74,1,-0.743568332,0.131842498
112,74,1,-0.743566757,0.131842498
113,74,1,-0.743565182,0.131842498
114,74,1,-0.743563607,0.131842498
115,74,1,-0.743562033,0.131842498
116,74,1,-0.743560458,0.131842498
117,74,1,-0.743558883,0.131842498
118,74,1,-0.743557308,0.131842498
119,74,1,-0.743555733,0.131842498
120,74,1,-0.743554159,0.131842498
121,74,1,-0.743552584,0.131842498
122,74,1,-0.743551009,0.131842498
123,74,1,-0.743549434,0.131842498
124,74,1,-0.743547859,0.131842498
125,74,1,-0.743546285,0.131842498
126,74,1,-0.743544710,0.131842498
127,74,1,-0.743543135,0.131842498
0,75,1,-0.743743135,0.131844073
1,75,1,-0.743741560,0.131844073
2,75,1,-0.743739985,0.131844073
3,75,1,-0.743738411,0.131844073
4,75,1,-0.743736836,0.131844073
5,75,1,-0.743735261,0.131844073
6,75,1,-0.743733686,0.131844073
7,75,1,-0.743732111,0.131844073
8,75,1,-0.743730537,0.131844073
9,75,1,-0.743728962,0.131844073
10,75,1,-0.743727387,0.131844073
11,75,1,-0.743725812,0.131844073
12,75,1,-0.743724237,0.131844073
13,75,1,-0.743722663,0.131844073
14,75,1,-0.743721088,0.131844073
15,75,1,-0.743719513,0.131844073
16,75,1,-0.743717938,0.131844073
17,75,1,-0.743716363,0.131844073
18,75,1,-0.743714789,0.131844073
19,75,1,-0.743713214,0.131844073
20,75,1,-0.743711639,0.131844073
21,75,1,-0.743710064,0.131844073
22,75,1,-0.743708489,0.131844073
23,75,1,-0.743706915,0.131844073
24,75,1,-0.743705340,0.131844073
25,75,1,-0.743703765,0.131844073
26,75,1,-0.743702190,0.131844073
27,75,1,-0.743700615,0.131844073
28,75,1,-0.743699041,0.131844073
29,75,1,-0.743697466,0.131844073
30,75,1,-0.743695891,0.131844073
31,75,1,-0.743694316,0.131844073
32,75,1,-0.743692741,0.131844073
33,75,1,-0.743691166,0.131844073
34,75,1,-0.743689592,0.131844073
35,75,1,-0.743688017,0.131844073
36,75,1,-0.743686442,0.131844073
37,75,1,-0.743684867,0.131844073
38,75,1,-0.743683292,0.131844073
39,75,1,-0.743681718,0.131844073
40,75,1,-0.743680143,0.131844073
41,75,1,-0.743678568,0.131844073
42,75,1,-0.743676993,0.131844073
43,75,1,-0.743675418,0.131844073
44,75,1,-0.743673844,0.131844073
45,75,1,-0.743672269,0.131844073
46,75,1,-0.743670694,0.131844073
47,75,1,-0.743669119,0.131844073
48,75,1,-0.743667544,0.131844073
49,75,1,-0.743665970,0.131844073
50,75,1,-0.743664395,0.131844073
51,75,1,-0.743662820,0.131844073
52,75,1,-0.743661245,0.131844073
53,75,1,-0.743659670,0.131844073
54,75,1,-0.743658096,0.131844073
55,75,1,-0.743656521,0.131844073
56,75,1,-0.743654946,0.131844073
57,75,1,-0.743653371,0.131844073
58,75,1,-0.743651796,0.131844073
59,75,1,-0.743650222,0.131844073
60,75,1,-0.743648647,0.131844073
61,75,1,-0.743647072,0.131844073
62,75,1,-0.743645497,0.131844073
63,75,1,-0.743643922,0.131844073
64,75,1,-0.743642348,0.131844073
65,75,1,-0.743640773,0.131844073
66,75,1,-0.743639198,0.131844073
67,75,1,-0.743637623,0.131844073
68,75,1,-0.743636048,0.131844073
69,75,1,-0.743634474,0.131844073
70,75,1,-0.743632899,0.131844073
71,75,1,-0.743631324,0.131844073
72,75,1,-0.743629749,0.131844073
73,75,1,-0.743628174,0.131844073
74,75,1,-0.743626600,0.131844073
75,75,1,-0.743625025,0.131844073
76,75,1,-0.743623450,0.131844073
77,75,1,-0.743621875,0.131844073
78,75,1,-0.743620300,0.131844073
79,75,1,-0.743618726,0.131844073
80,75,1,-0.743617151,0.131844073
81,75,1,-0.743615576,0.131844073
82,75,1,-0.743614001,0.131844073
83,75,1,-0.743612426,0.131844073
84,75,1,-0.743610852,0.131844073
85,75,1,-0.743609277,0.131844073
86,75,1,-0.743607702,0.131844073
87,75,1,-0.743606127,0.131844073
88,75,1,-0.743604552,0.131844073
89,75,1,-0.743602978,0.131844073
90,75,1,-0.743601403,0.131844073
91,75,1,-0.743599828,0.131844073
92,75,1,-0.743598253,0.131844073
93,75,1,-0.743596678,0.131844073
94,75,1,-0.743595104,0.131844073
95,75,1,-0.743593529,0.131844073
96,75,1,-0.743591954,0.131844073
97,75,1,-0.743590379,0.131844073
98,75,1,-0.743588804,0.131844073
99,75,1,-0.743587229,0.131844073
100,75,1,-0.743585655,0.131844073
101,75,1,-0.743584080,0.131844073
102,75,1,-0.743582505,0.131844073
103,75,1,-0.743580930,0.131844073
104,75,1,-0.743579355,0.131844073
105,75,1,-0.743577781,0.131844073
106,75,1,-0.743576206,0.131844073
107,75,1,-0.743574631,0.131844073
108,75,1,-0.743573056,0.131844073
109,75,1,-0.743571481,0.131844073
110,75,1,-0.743569907,0.131844073
111,75,1,-0.743568332,0.131844073
112,75,1,-0.743566757,0.131844073
113,75,1,-0.743565182,0.131844073
114,75,1,-0.743563607,0.131844073
115,75,1,-0.743562033,0.131844073
116,75,1,-0.743560458,0.131844073
117,75,1,-0.743558883,0.131844073
118,75,1,-0.743557308,0.131844073
119,75,1,-0.743555733,0.131844073
120,75,1,-0.743554159,0.131844073
121,75,1,-0.743552584,0.131844073
122,75,1,-0.743551009,0.131844073
123,75,1,-0.743549434,0.131844073
124,75,1,-0.743547859,0.131844073
125,75,1,-0.743546285,0.131844073
126,75,1,-0.743544710,0.131844073
127,75,1,-0.743543135,0.131844073
0,76,1,-0.743743135,0.131845648
1,76,1,-0.743741560,0.131845648
2,76,1,-0.743739985,0.131845648
3,76,1,-0.743738411,0.131845648
4,76,1,-0.743736836,0.131845648
5,76,1,-0.743735261,0.131845648
6,76,1,-0.743733686,0.131845648
7,76,1,-0.743732111,0.131845648
8,76,1,-0.743730537,0.131845648
9,76,1,-0.743728962,0.131845648
10,76,1,-0.743727387,0.131845648
11,76,1,-0.743725812,0.131845648
12,76,1,-0.743724237,0.131845648
13,76,1,-0.743722663,0.131845648
14,76,1,-0.743721088,0.131845648
15,76,1,-0.743719513,0.131845648
16,76,1,-0.743717938,0.131845648
17,76,1,-0.743716363,0.131845648
18,76,1,-0.743714789,0.131845648
19,76,1,-0.743713214,0.131845648
20,76,1,-0.743711639,0.131845648
21,76,1,-0.743710064,0.131845648
22,76,1,-0.743708489,0.131845648
23,76,1,-0.743706915,0.131845648
24,76,1,-0.743705340,0.131845648
25,76,1,-0.743703765,0.131845648
26,76,1,-0.743702190,0.131845648
27,76,1,-0.743700615,0.131845648
28,76,1,-0.743699041,0.131845648
29,76,1,-0.743697466,0.131845648
30,76,1,-0.743695891,0.131845648
31,76,1,-0.743694316,0.131845648
32,76,1,-0.743692741,0.131845648
33,76,1,-0.743691166,0.131845648
34,76,1,-0.743689592,0.131845648
35,76,1,-0.743688017,0.131845648
36,76,1,-0.743686442,0.131845648
37,76,1,-0.743684867,0.131845648
38,76,1,-0.743683292,0.131845648
39,76,1,-0.743681718,0.131845648
40,76,1,-0.743680143,0.131845648
41,76,1,-0.743678568,0.131845648
42,76,1,-0.743676993,0.131845648
43,76,1,-0.743675418,0.131845648
44,76,1,-0.743673844,0.131845648
45,76,1,-0.743672269,0.131845648
46,76,1,-0.743670694,0.131845648
47,76,1,-0.743669119,0.131845648
48,76,1,-0.743667544,0.131845648
49,76,1,-0.743665970,0.131845648
50,76,1,-0.743664395,0.131845648
51,76,1,-0.743662820,0.131845648
52,76,1,-0.743661245,0.131845648
53,76,1,-0.743659670,0.131845648
54,76,1,-0.743658096,0.131845648
55,76,1,-0.743656521,0.131845648
56,76,1,-0.743654946,0.131845648
57,76,1,-0.743653371,0.131845648
58,76,1,-0.743651796,0.131845648
59,76,1,-0.743650222,0.131845648
60,76,1,-0.743648647,0.131845648
61,76,1,-0.743647072,0.131845648
62,76,1,-0.743645497,0.131845648
63,76,1,-0.743643922,0.131845648
64,76,1,-0.743642348,0.131845648
65,76,1,-0.743640773,0.131845648
66,76,1,-0.743639198,0.131845648
67,76,1,-0.743637623,0.131845648
68,76,1,-0.743636048,0.131845648
69,76,1,-0.743634474,0.131845648
70,76,1,-0.743632899,0.131845648
71,76,1,-0.743631324,0.131845648
72,76,1,-0.743629749,0.131845648
73,76,1,-0.743628174,0.131845648
74,76,1,-0.743626600,0.131845648
75,76,1,-0.743625025,0.131845648
76,76,1,-0.743623450,0.131845648
77,76,1,-0.743621875,0.131845648
78,76,1,-0.743620300,0.131845648
79,76,1,-0.743618726,0.131845648
80,76,1,-0.743617151,0.131845648
81,76,1,-0.743615576,0.131845648
82,76,1,-0.743614001,0.131845648
83,76,1,-0.743612426,0.131845648
84,76,1,-0.743610852,0.131845648
85,76,1,-0.743609277,0.131845648
86,76,1,-0.743607702,0.131845648
87,76,1,-0.743606127,0.131845648
88,76,1,-0.743604552,0.131845648
89,76,1,-0.743602978,0.131845648
90,76,1,-0.743601403,0.131845648
91,76,1,-0.743599828,0.131845648
92,76,1,-0.743598253,0.131845648
93,76,1,-0.743596678,0.131845648
94,76,1,-0.743595104,0.131845648
95,76,1,-0.743593529,0.131845648
96,76,1,-0.743591954,0.131845648
97,76,1,-0.743590379,0.131845648
98,76,1,-0.743588804,0.131845648
99,76,1,-0.743587229,0.131845648
100,76,1,-0.743585655,0.131845648
101,76,1,-0.743584080,0.131845648
102,76,1,-0.743582505,0.131845648
103,76,1,-0.743580930,0.131845648
104,76,1,-0.743579355,0.131845648
105,76,1,-0.743577781,0.131845648
106,76,1,-0.743576206,0.131845648
107,76,1,-0.743574631,0.131845648
108,76,1,-0.743573056,0.131845648
109,76,1,-0.743571481,0.131845648
110,76,1,-0.743569907,0.131845648
111,76,1,-0.743568332,0.131845648
112,76,1,-0.743566757,0.131845648
113,76,1,-0.743565182,0.131845648
114,76,1,-0.743563607,0.131845648
115,76,1,-0.743562033,0.131845648
116,76,1,-0.743560458,0.131845648
117,76,1,-0.743558883,0.131845648
118,76,1,-0.743557308,0.131845648
119,76,1,-0.743555733,0.131845648
120,76,1,-0.743554159,0.131845648
121,76,1,-0.743552584,0.131845648
122,76,1,-0.743551009,0.131845648
123,76,1,-0.743549434,0.131845648
124,76,1,-0.743547859,0.131845648
125,76,1,-0.743546285,0.131845648
126,76,1,-0.743544710,0.131845648
127,76,1,-0.743543135,0.131845648
0,77,1,-0.743743135,0.131847223
1,77,1,-0.743741560,0.131847223
2,77,1,-0.743739985,0.131847223
3,77,1,-0.743738411,0.131847223
4,77,1,-0.743736836,0.131847223
5,77,1,-0.743735261,0.131847223
6,77,1,-0.743733686,0.131847223
7,77,1,-0.743732111,0.131847223
8,77,1,-0.743730537,0.131847223
9,77,1,-0.743728962,0.131847223
10,77,1,-0.743727387,0.131847223
11,77,1,-0.743725812,0.131847223
12,77,1,-0.743724237,0.131847223
13,77,1,-0.743722663,0.131847223
14,77,1,-0.743721088,0.131847223
15,77,1,-0.743719513,0.131847223
16,77,1,-0.743717938,0.131847223
17,77,1,-0.743716363,0.131847223
18,77,1,-0.743714789,0.131847223
19,77,1,-0.743713214,0.131847223
20,77,1,-0.743711639,0.131847223
21,77,1,-0.743710064,0.131847223
22,77,1,-0.743708489,0.131847223
23,77,1,-0.743706915,0.131847223
24,77,1,-0.743705340,0.131847223
25,77,1,-0.743703765,0.131847223
26,77,1,-0.743702190,0.131847223
27,77,1,-0.743700615,0.131847223
28,77,1,-0.743699041,0.131847223
29,77,1,-0.743697466,0.131847223
30,77,1,-0.743695891,0.131847223
31,77,1,-0.743694316,0.131847223
32,77,1,-0.743692741,0.131847223
33,77,1,-0.743691166,0.131847223
34,77,1,-0.743689592,0.131847223
35,77,1,-0.743688017,0.131847223
36,77,1,-0.743686442,0.131847223
37,77,1,-0.743684867,0.131847223
38,77,1,-0.743683292,0.131847223
39,77,1,-0.743681718,0.131847223
40,77,1,-0.743680143,0.131847223
41,77,1,-0.743678568,0.131847223
42,77,1,-0.743676993,0.131847223
43,77,1,-0.743675418,0.131847223
44,77,1,-0.743673844,0.131847223
45,77,1,-0.743672269,0.131847223
46,77,1,-0.743670694,0.131847223
47,77,1,-0.743669119,0.131847223
48,77,1,-0.743667544,0.131847223
49,77,1,-0.743665970,0.131847223
50,77,1,-0.743664395,0.131847223
51,77,1,-0.743662820,0.131847223
52,77,1,-0.743661245,0.131847223
53,77,1,-0.743659670,0.131847223
54,77,1,-0.743658096,0.131847223
55,77,1,-0.743656521,0.131847223
56,77,1,-0.743654946,0.131847223
57,77,1,-0.743653371,0.131847223
58,77,1,-0.743651796,0.131847223
59,77,1,-0.743650222,0.131847223
60,77,1,-0.743648647,0.131847223
61,77,1,-0.743647072,0.131847223
62,77,1,-0.743645497,0.131847223
63,77,1,-0.743643922,0.131847223
64,77,1,-0.743642348,0.131847223
65,77,1,-0.743640773,0.131847223
66,77,1,-0.743639198,0.131847223
67,77,1,-0.743637623,0.131847223
68,77,1,-0.743636048,0.131847223
69,77,1,-0.743634474,0.131847223
70,77,1,-0.743632899,0.131847223
71,77,1,-0.743631324,0.131847223
72,77,1,-0.743629749,0.131847223
73,77,1,-0.743628174,0.131847223
74,77,1,-0.743626600,0.131847223
75,77,1,-0.743625025,0.131847223
76,77,1,-0.743623450,0.131847223
77,77,1,-0.743621875,0.131847223
78,77,1,-0.743620300,0.131847223
79,77,1,-0.743618726,0.131847223
80,77,1,-0.743617151,0.131847223
81,77,1,-0.743615576,0.131847223
82,77,1,-0.743614001,0.131847223
83,77,1,-0.743612426,0.131847223
84,77,1,-0.743610852,0.131847223
85,77,1,-0.743609277,0.131847223
86,77,1,-0.743607702,0.131847223
87,77,1,-0.743606127,0.131847223
88,77,1,-0.743604552,0.131847223
89,77,1,-0.743602978,0.131847223
90,77,1,-0.743601403,0.131847223
91,77,1,-0.743599828,0.131847223
92,77,1,-0.743598253,0.131847223
93,77,1,-0.743596678,0.131847223
94,77,1,-0.743595104,0.131847223
95,77,1,-0.743593529,0.131847223
96,77,1,-0.743591954,0.131847223
97,77,1,-0.743590379,0.131847223
98,77,1,-0.743588804,0.131847223
99,77,1,-0.743587229,0.131847223
100,77,1,-0.743585655,0.131847223
101,77,1,-0.743584080,0.131847223
102,77,1,-0.743582505,0.131847223
103,77,1,-0.743580930,0.131847223
104,77,1,-0.743579355,0.131847223
105,77,1,-0.743577781,0.131847223
106,77,1,-0.743576206,0.131847223
107,77,1,-0.743574631,0.131847223
108,77,1,-0.743573056,0.131847223
109,77,1,-0.743571481,0.131847223
110,77,1,-0.743569907,0.131847223
111,77,1,-0.743568332,0.131847223
112,77,1,-0.743566757,0.131847223
113,77,1,-0.743565182,0.131847223
114,77,1,-0.743563607,0.131847223
115,77,1,-0.743562033,0.131847223
116,77,1,-0.743560458,0.131847223
117,77,1,-0.743558883,0.131847223
118,77,1,-0.743557308,0.131847223
119,77,1,-0.743555733,0.131847223
120,77,1,-0.743554159,0.131847223
121,77,1,-0.743552584,0.131847223
122,77,1,-0.743551009,0.131847223
123,77,1,-0.743549434,0.131847223
124,77,1,-0.743547859,0.131847223
125,77,1,-0.743546285,0.131847223
126,77,1,-0.743544710,0.131847223
127,77,1,-0.743543135,0.131847223
0,78,1,-0.743743135,0.131848798
1,78,1,-0.743741560,0.131848798
2,78,1,-0.743739985,0.131848798
3,78,1,-0.743738411,0.131848798
4,78,1,-0.743736836,0.131848798
5,78,1,-0.743735261,0.131848798
6,78,1,-0.743733686,0.131848798
7,78,1,-0.743732111,0.131848798
8,78,1,-0.743730537,0.131848798
9,78,1,-0.743728962,0.131848798
10,78,1,-0.743727387,0.131848798
11,78,1,-0.743725812,0.131848798
12,78,1,-0.743724237,0.131848798
13,78,1,-0.743722663,0.131848798
14,78,1,-0.743721088,0.131848798
15,78,1,-0.743719513,0.131848798
16,78,1,-0.743717938,0.131848798
17,78,1,-0.743716363,0.131848798
18,78,1,-0.743714789,0.131848798
19,78,1,-0.743713214,0.131848798
20,78,1,-0.743711639,0.131848798
21,78,1,-0.743710064,0.131848798
22,78,1,-0.743708489,0.131848798
23,78,1,-0.743706915,0.131848798
24,78,1,-0.743705340,0.131848798
25,78,1,-0.743703765,0.131848798
26,78,1,-0.743702190,0.131848798
27,78,1,-0.743700615,0.131848798
28,78,1,-0.743699041,0.131848798
29,78,1,-0.743697466,0.131848798
30,78,1,-0.743695891,0.131848798
31,78,1,-0.743694316,0.131848798
32,78,1,-0.743692741,0.131848798
33,78,1,-0.743691166,0.131848798
34,78,1,-0.743689592,0.131848798
35,78,1,-0.743688017,0.131848798
36,78,1,-0.743686442,0.131848798
37,78,1,-0.743684867,0.131848798
38,78,1,-0.743683292,0.131848798
39,78,1,-0.743681718,0.131848798
40,78,1,-0.743680143,0.131848798
41,78,1,-0.743678568,0.131848798
42,78,1,-0.743676993,0.131848798
43,78,1,-0.743675418,0.131848798
44,78,1,-0.743673844,0.131848798
45,78,1,-0.743672269,0.131848798
46,78,1,-0.743670694,0.131848798
47,78,1,-0.743669119,0.131848798
48,78,1,-0.743667544,0.131848798
49,78,1,-0.743665970,0.131848798
50,78,1,-0.743664395,0.131848798
51,78,1,-0.743662820,0.131848798
52,78,1,-0.743661245,0.131848798
53,78,1,-0.743659670,0.131848798
54,78,1,-0.743658096,0.131848798
55,78,1,-0.743656521,0.131848798
56,78,1,-0.743654946,0.131848798
57,78,1,-0.743653371,0.131848798
58,78,1,-0.743651796,0.131848798
59,78,1,-0.743650222,0.131848798
60,78,1,-0.743648647,0.131848798
61,78,1,-0.743647072,0.131848798
62,78,1,-0.743645497,0.131848798
63,78,1,-0.743643922,0.131848798
64,78,1,-0.743642348,0.131848798
65,78,1,-0.743640773,0.131848798
66,78,1,-0.743639198,0.131848798
67,78,1,-0.743637623,0.131848798
68,78,1,-0.743636048,0.131848798
69,78,1,-0.743634474,0.131848798
70,78,1,-0.743632899,0.131848798
71,78,1,-0.743631324,0.131848798
72,78,1,-0.743629749,0.131848798
73,78,1,-0.743628174,0.131848798
74,78,1,-0.743626600,0.131848798
75,78,1,-0.743625025,0.131848798
76,78,1,-0.743623450,0.131848798
77,78,1,-0.743621875,0.131848798
78,78,1,-0.743620300,0.131848798
79,78,1,-0.743618726,0.131848798
80,78,1,-0.743617151,0.131848798
81,78,1,-0.743615576,0.131848798
82,78,1,-0.743614001,0.131848798
83,78,1,-0.743612426,0.131848798
84,78,1,-0.743610852,0.131848798
85,78,1,-0.743609277,0.131848798
86,78,1,-0.743607702,0.131848798
87,78,1,-0.743606127,0.131848798
88,78,1,-0.743604552,0.131848798
89,78,1,-0.743602978,0.131848798
90,78,1,-0.743601403,0.131848798
91,78,1,-0.743599828,0.131848798
92,78,1,-0.743598253,0.131848798
93,78,1,-0.743596678,0.131848798
94,78,1,-0.743595104,0.131848798
95,78,1,-0.743593529,0.131848798
96,78,1,-0.743591954,0.131848798
97,78,1,-0.743590379,0.131848798
98,78,1,-0.743588804,0.131848798
99,78,1,-0.743587229,0.131848798
100,78,1,-0.743585655,0.131848798
101,78,1,-0.743584080,0.131848798
102,78,1,-0.743582505,0.131848798
103,78,1,-0.743580930,0.131848798
104,78,1,-0.743579355,0.131848798
105,78,1,-0.743577781,0.131848798
106,78,1,-0.743576206,0.131848798
107,78,1,-0.743574631,0.131848798
108,78,1,-0.743573056,0.131848798
109,78,1,-0.743571481,0.131848798
110,78,1,-0.743569907,0.131848798
111,78,1,-0.743568332,0.131848798
112,78,1,-0.743566757,0.131848798
113,78,1,-0.743565182,0.131848798
114,78,1,-0.743563607,0.131848798
115,78,1,-0.743562033,0.131848798
116,78,1,-0.743560458,0.131848798
117,78,1,-0.743558883,0.131848798
118,78,1,-0.743557308,0.131848798
119,78,1,-0.743555733,0.131848798
120,78,1,-0.743554159,0.131848798
121,78,1,-0.743552584,0.131848798
122,78,1,-0.743551009,0.131848798
123,78,1,-0.743549434,0.131848798
124,78,1,-0.743547859,0.131848798
125,78,1,-0.743546285,0.131848798
126,78,1,-0.743544710,0.131848798
127,78,1,-0.743543135,0.131848798
0,79,1,-0.743743135,0.131850372
1,79,1,-0.743741560,0.131850372
2,79,1,-0.743739985,0.131850372
3,79,1,-0.743738411,0.131850372
4,79,1,-0.743736836,0.131850372
5,79,1,-0.743735261,0.131850372
6,79,1,-0.743733686,0.131850372
7,79,1,-0.743732111,0.131850372
8,79,1,-0.743730537,0.131850372
9,79,1,-0.743728962,0.131850372
10,79,1,-0.743727387,0.131850372
11,79,1,-0.743725812,0.131850372
12,79,1,-0.743724237,0.131850372
13,79,1,-0.743722663,0.131850372
14,79,1,-0.743721088,0.131850372
15,79,1,-0.743719513,0.131850372
16,79,1,-0.743717938,0.131850372
17,79,1,-0.743716363,0.131850372
18,79,1,-0.743714789,0.131850372
19,79,1,-0.743713214,0.131850372
20,79,1,-0.743711639,0.131850372
21,79,1,-0.743710064,0.131850372
22,79,1,-0.743708489,0.131850372
23,79,1,-0.743706915,0.131850372
24,79,1,-0.743705340,0.131850372
25,79,1,-0.743703765,0.131850372
26,79,1,-0.743702190,0.131850372
27,79,1,-0.743700615,0.131850372
28,79,1,-0.743699041,0.131850372
29,79,1,-0.743697466,0.131850372
30,79,1,-0.743695891,0.131850372
31,79,1,-0.743694316,0.131850372
32,79,1,-0.743692741,0.131850372
33,79,1,-0.743691166,0.131850372
34,79,1,-0.743689592,0.131850372
35,79,1,-0.743688017,0.131850372
36,79,1,-0.743686442,0.131850372
37,79,1,-0.743684867,0.131850372
38,79,1,-0.743683292,0.131850372
39,79,1,-0.743681718,0.131850372
40,79,1,-0.743680143,0.131850372
41,79,1,-0.743678568,0.131850372
42,79,1,-0.743676993,0.131850372
43,79,1,-0.743675418,0.131850372
44,79,1,-0.743673844,0.131850372
45,79,1,-0.743672269,0.131850372
46,79,1,-0.743670694,0.131850372
47,79,1,-0.743669119,0.131850372
48,79,1,-0.743667544,0.131850372
49,79,1,-0.743665970,0.131850372
50,79,1,-0.743664395,0.131850372
51,79,1,-0.743662820,0.131850372
52,79,1,-0.743661245,0.131850372
53,79,1,-0.743659670,0.131850372
54,79,1,-0.743658096,0.131850372
55,79,1,-0.743656521,0.131850372
56,79,1,-0.743654946,0.131850372
57,79,1,-0.743653371,0.131850372
58,79,1,-0.743651796,0.131850372
59,79,1,-0.743650222,0.131850372
60,79,1,-0.743648647,0.131850372
61,79,1,-0.743647072,0.131850372
62,79,1,-0.743645497,0.131850372
63,79,1,-0.743643922,0.131850372
64,79,1,-0.743642348,0.131850372
65,79,1,-0.743640773,0.131850372
66,79,1,-0.743639198,0.131850372
67,79,1,-0.743637623,0.131850372
68,79,1,-0.743636048,0.131850372
69,79,1,-0.743634474,0.131850372
70,79,1,-0.743632899,0.131850372
71,79,1,-0.743631324,0.131850372
72,79,1,-0.743629749,0.131850372
73,79,1,-0.743628174,0.131850372
74,79,1,-0.743626600,0.131850372
75,79,1,-0.743625025,0.131850372
76,79,1,-0.743623450,0.131850372
77,79,1,-0.743621875,0.131850372
78,79,1,-0.743620300,0.131850372
79,79,1,-0.743618726,0.131850372
80,79,1,-0.743617151,0.131850372
81,79,1,-0.743615576,0.131850372
82,79,1,-0.743614001,0.131850372
83,79,1,-0.743612426,0.131850372
84,79,1,-0.743610852,0.131850372
85,79,1,-0.743609277,0.131850372
86,79,1,-0.743607702,0.131850372
87,79,1,-0.743606127,0.131850372
88,79,1,-0.743604552,0.131850372
89,79,1,-0.743602978,0.131850372
90,79,1,-0.743601403,0.131850372
91,79,1,-0.743599828,0.131850372
92,79,1,-0.743598253,0.131850372
93,79,1,-0.743596678,0.131850372
94,79,1,-0.743595104,0.131850372
95,79,1,-0.743593529,0.131850372
96,79,1,-0.743591954,0.131850372
97,79,1,-0.743590379,0.131850372
98,79,1,-0.743588804,0.131850372
99,79,1,-0.743587229,0.131850372
100,79,1,-0.743585655,0.131850372
101,79,1,-0.743584080,0.131850372
102,79,1,-0.743582505,0.131850372
103,79,1,-0.743580930,0.131850372
104,79,1,-0.743579355,0.131850372
105,79,1,-0.743577781,0.131850372
106,79,1,-0.743576206,0.131850372
107,79,1,-0.743574631,0.131850372
108,79,1,-0.743573056,0.131850372
109,79,1,-0.743571481,0.131850372
110,79,1,-0.743569907,0.131850372
111,79,1,-0.743568332,0.131850372
112,79,1,-0.743566757,0.131850372
113,79,1,-0.743565182,0.131850372
114,79,1,-0.743563607,0.131850372
115,79,1,-0.743562033,0.131850372
116,79,1,-0.743560458,0.131850372
117,79,1,-0.743558883,0.131850372
118,79,1,-0.743557308,0.131850372
119,79,1,-0.743555733,0.131850372
120,79,1,-0.743554159,0.131850372
121,79,1,-0.743552584,0.131850372
122,79,1,-0.743551009,0.131850372
123,79,1,-0.743549434,0.131850372
124,79,1,-0.743547859,0.131850372
125,79,1,-0.743546285,0.131850372
126,79,1,-0.743544710,0.131850372
127,79,1,-0.743543135,0.131850372
0,80,1,-0.743743135,0.131851947
1,80,1,-0.743741560,0.131851947
2,80,1,-0.743739985,0.131851947
3,80,1,-0.743738411,0.131851947
4,80,1,-0.743736836,0.131851947
5,80,1,-0.743735261,0.131851947
6,80,1,-0.743733686,0.131851947
7,80,1,-0.743732111,0.131851947
8,80,1,-0.743730537,0.131851947
9,80,1,-0.743728962,0.131851947
10,80,1,-0.743727387,0.131851947
11,80,1,-0.743725812,0.131851947
12,80,1,-0.743724237,0.131851947
13,80,1,-0.743722663,0.131851947
14,80,1,-0.743721088,0.131851947
15,80,1,-0.743719513,0.131851947
16,80,1,-0.743717938,0.131851947
17,80,1,-0.743716363,0.131851947
18,80,1,-0.743714789,0.131851947
19,80,1,-0.743713214,0.131851947
20,80,1,-0.743711639,0.131851947
21,80,1,-0.743710064,0.131851947
22,80,1,-0.743708489,0.131851947
23,80,1,-0.743706915,0.131851947
24,80,1,-0.743705340,0.131851947
25,80,1,-0.743703765,0.131851947
26,80,1,-0.743702190,0.131851947
27,80,1,-0.743700615,0.131851947
28,80,1,-0.743699041,0.131851947
29,80,1,-0.743697466,0.131851947
30,80,1,-0.743695891,0.131851947
31,80,1,-0.743694316,0.131851947
32,80,1,-0.743692741,0.131851947
33,80,1,-0.743691166,0.131851947
34,80,1,-0.743689592,0.131851947
35,80,1,-0.743688017,0.131851947
36,80,1,-0.743686442,0.131851947
37,80,1,-0.743684867,0.131851947
38,80,1,-0.743683292,0.131851947
39,80,1,-0.743681718,0.131851947
40,80,1,-0.743680143,0.131851947
41,80,1,-0.743678568,0.131851947
42,80,1,-0.743676993,0.131851947
43,80,1,-0.743675418,0.131851947
44,80,1,-0.743673844,0.131851947
45,80,1,-0.743672269,0.131851947
46,80,1,-0.743670694,0.131851947
47,80,1,-0.743669119,0.131851947
48,80,1,-0.743667544,0.131851947
49,80,1,-0.743665970,0.131851947
50,80,1,-0.743664395,0.131851947
51,80,1,-0.743662820,0.131851947
52,80,1,-0.743661245,0.131851947
53,80,1,-0.743659670,0.131851947
54,80,1,-0.743658096,0.131851947
55,80,1,-0.743656521,0.131851947
56,80,1,-0.743654946,0.131851947
57,80,1,-0.743653371,0.131851947
58,80,1,-0.743651796,0.131851947
59,80,1,-0.743650222,0.131851947
60,80,1,-0.743648647,0.131851947
61,80,1,-0.743647072,0.131851947
62,80,1,-0.743645497,0.131851947
63,80,1,-0.743643922,0.131851947
64,80,1,-0.743642348,0.131851947
65,80,1,-0.743640773,0.131851947
66,80,1,-0.743639198,0.131851947
67,80,1,-0.743637623,0.131851947
68,80,1,-0.743636048,0.131851947
69,80,1,-0.743634474,0.131851947
70,80,1,-0.743632899,0.131851947
71,80,1,-0.743631324,0.131851947
72,80,1,-0.743629749,0.131851947
73,80,1,-0.743628174,0.131851947
74,80,1,-0.743626600,0.131851947
75,80,1,-0.743625025,0.131851947
76,80,1,-0.743623450,0.131851947
77,80,1,-0.743621875,0.131851947
78,80,1,-0.743620300,0.131851947
79,80,1,-0.743618726,0.131851947
80,80,1,-0.743617151,0.131851947
81,80,1,-0.743615576,0.131851947
82,80,1,-0.743614001,0.131851947
83,80,1,-0.743612426,0.131851947
84,80,1,-0.743610852,0.131851947
85,80,1,-0.743609277,0.131851947
86,80,1,-0.743607702,0.131851947
87,80,1,-0.743606127,0.131851947
88,80,1,-0.743604552,0.131851947
89,80,1,-0.743602978,0.131851947
90,80,1,-0.743601403,0.131851947
91,80,1,-0.743599828,0.131851947
92,80,1,-0.743598253,0.131851947
93,80,1,-0.743596678,0.131851947
94,80,1,-0.743595104,0.131851947
95,80,1,-0.743593529,0.131851947
96,80,1,-0.743591954,0.131851947
97,80,1,-0.743590379,0.131851947
98,80,1,-0.743588804,0.131851947
99,80,1,-0.743587229,0.131851947
100,80,1,-0.743585655,0.131851947
101,80,1,-0.743584080,0.131851947
102,80,1,-0.743582505,0.131851947
103,80,1,-0.743580930,0.131851947
104,80,1,-0.743579355,0.131851947
105,80,1,-0.743577781,0.131851947
106,80,1,-0.743576206,0.131851947
107,80,1,-0.743574631,0.131851947
108,80,1,-0.743573056,0.131851947
109,80,1,-0.743571481,0.131851947
110,80,1,-0.743569907,0.131851947
111,80,1,-0.743568332,0.131851947
112,80,1,-0.743566757,0.131851947
113,80,1,-0.743565182,0.131851947
114,80,1,-0.743563607,0.131851947
115,80,1,-0.743562033,0.131851947
116,80,1,-0.743560458,0.131851947
117,80,1,-0.743558883,0.131851947
118,80,1,-0.743557308,0.131851947
119,80,1,-0.743555733,0.131851947
120,80,1,-0.743554159,0.131851947
121,80,1,-0.743552584,0.131851947
122,80,1,-0.743551009,0.131851947
123,80,1,-0.743549434,0.131851947
124,80,1,-0.743547859,0.131851947
125,80,1,-0.743546285,0.131851947
126,80,1,-0.743544710,0.131851947
127,80,1,-0.743543135,0.131851947
0,81,1,-0.743743135,0.131853522
1,81,1,-0.743741560,0.131853522
2,81,1,-0.743739985,0.131853522
3,81,1,-0.743738411,0.131853522
4,81,1,-0.743736836,0.131853522
5,81,1,-0.743735261,0.131853522
6,81,1,-0.743733686,0.131853522
7,81,1,-0.743732111,0.131853522
8,81,1,-0.743730537,0.131853522
9,81,1,-0.743728962,0.131853522
10,81,1,-0.743727387,0.131853522
11,81,1,-0.743725812,0.131853522
12,81,1,-0.743724237,0.131853522
13,81,1,-0.743722663,0.131853522
14,81,1,-0.743721088,0.131853522
15,81,1,-0.743719513,0.131853522
16,81,1,-0.743717938,0.131853522
17,81,1,-0.743716363,0.131853522
18,81,1,-0.743714789,0.131853522
19,81,1,-0.743713214,0.131853522
20,81,1,-0.743711639,0.131853522
21,81,1,-0.743710064,0.131853522
22,81,1,-0.743708489,0.131853522
23,81,1,-0.743706915,0.131853522
24,81,1,-0.743705340,0.131853522
25,81,1,-0.743703765,0.131853522
26,81,1,-0.743702190,0.131853522
27,81,1,-0.743700615,0.131853522
28,81,1,-0.743699041,0.131853522
29,81,1,-0.743697466,0.131853522
30,81,1,-0.743695891,0.131853522
31,81,1,-0.743694316,0.131853522
32,81,1,-0.743692741,0.131853522
33,81,1,-0.743691166,0.131853522
34,81,1,-0.743689592,0.131853522
35,81,1,-0.743688017,0.131853522
36,81,1,-0.743686442,0.131853522
37,81,1,-0.743684867,0.131853522
38,81,1,-0.743683292,0.131853522
39,81,1,-0.743681718,0.131853522
40,81,1,-0.743680143,0.131853522
41,81,1,-0.743678568,0.131853522
42,81,1,-0.743676993,0.131853522
43,81,1,-0.743675418,0.131853522
44,81,1,-0.743673844,0.131853522
45,81,1,-0.743672269,0.131853522
46,81,1,-0.743670694,0.131853522
47,81,1,-0.743669119,0.131853522
48,81,1,-0.743667544,0.131853522
49,81,1,-0.743665970,0.131853522
50,81,1,-0.743664395,0.131853522
51,81,1,-0.743662820,0.131853522
52,81,1,-0.743661245,0.131853522
53,81,1,-0.743659670,0.131853522
54,81,1,-0.743658096,0.131853522
55,81,1,-0.743656521,0.131853522
56,81,1,-0.743654946,0.131853522
57,81,1,-0.743653371,0.131853522
58,81,1,-0.743651796,0.131853522
59,81,1,-0.743650222,0.131853522
60,81,1,-0.743648647,0.131853522
61,81,1,-0.743647072,0.131853522
62,81,1,-0.743645497,0.131853522
63,81,1,-0.743643922,0.131853522
64,81,1,-0.743642348,0.131853522
65,81,1,-0.743640773,0.131853522
66,81,1,-0.743639198,0.131853522
67,81,1,-0.743637623,0.131853522
68,81,1,-0.743636048,0.131853522
69,81,1,-0.743634474,0.131853522
70,81,1,-0.743632899,0.131853522
71,81,1,-0.743631324,0.131853522
72,81,1,-0.743629749,0.131853522
73,81,1,-0.743628174,0.131853522
74,81,1,-0.743626600,0.131853522
75,81,1,-0.743625025,0.131853522
76,81,1,-0.743623450,0.131853522
77,81,1,-0.743621875,0.131853522
78,81,1,-0.743620300,0.131853522
79,81,1,-0.743618726,0.131853522
80,81,1,-0.743617151,0.131853522
81,81,1,-0.743615576,0.131853522
82,81,1,-0.743614001,0.131853522
83,81,1,-0.743612426,0.131853522
84,81,1,-0.743610852,0.131853522
85,81,1,-0.743609277,0.131853522
86,81,1,-0.743607702,0.131853522
87,81,1,-0.743606127,0.131853522
88,81,1,-0.743604552,0.131853522
89,81,1,-0.743602978,0.131853522
90,81,1,-0.743601403,0.131853522
91,81,1,-0.743599828,0.131853522
92,81,1,-0.743598253,0.131853522
93,81,1,-0.743596678,0.131853522
94,81,1,-0.743595104,0.131853522
95,81,1,-0.743593529,0.131853522
96,81,1,-0.743591954,0.131853522
97,81,1,-0.743590379,0.131853522
98,81,1,-0.743588804,0.131853522
99,81,1,-0.743587229,0.131853522
100,81,1,-0.743585655,0.131853522
101,81,1,-0.743584080,0.131853522
102,81,1,-0.743582505,0.131853522
103,81,1,-0.743580930,0.131853522
104,81,1,-0.743579355,0.131853522
105,81,1,-0.743577781,0.131853522
106,81,1,-0.743576206,0.131853522
107,81,1,-0.743574631,0.131853522
108,81,1,-0.743573056,0.131853522
109,81,1,-0.743571481,0.131853522
110,81,1,-0.743569907,0.131853522
111,81,1,-0.743568332,0.131853522
112,81,1,-0.743566757,0.131853522
113,81,1,-0.743565182,0.131853522
114,81,1,-0.743563607,0.131853522
115,81,1,-0.743562033,0.131853522
116,81,1,-0.743560458,0.131853522
117,81,1,-0.743558883,0.131853522
118,81,1,-0.743557308,0.131853522
119,81,1,-0.743555733,0.131853522
120,81,1,-0.743554159,0.131853522
121,81,1,-0.743552584,0.131853522
122,81,1,-0.743551009,0.131853522
123,81,1,-0.743549434,0.131853522
124,81,1,-0.743547859,0.131853522
125,81,1,-0.743546285,0.131853522
126,81,1,-0.743544710,0.131853522
127,81,1,-0.743543135,0.131853522
0,82,1,-0.743743135,0.131855097
1,82,1,-0.743741560,0.131855097
2,82,1,-0.743739985,0.131855097
3,82,1,-0.743738411,0.131855097
4,82,1,-0.743736836,0.131855097
5,82,1,-0.743735261,0.131855097
6,82,1,-0.743733686,0.131855097
7,82,1,-0.743732111,0.131855097
8,82,1,-0.743730537,0.131855097
9,82,1,-0.743728962,0.131855097
10,82,1,-0.743727387,0.131855097
11,82,1,-0.743725812,0.131855097
12,82,1,-0.743724237,0.131855097
13,82,1,-0.743722663,0.131855097
14,82,1,-0.743721088,0.131855097
15,82,1,-0.743719513,0.131855097
16,82,1,-0.743717938,0.131855097
17,82,1,-0.743716363,0.131855097
18,82,1,-0.743714789,0.131855097
19,82,1,-0.743713214,0.131855097
20,82,1,-0.743711639,0.131855097
21,82,1,-0.743710064,0.131855097
22,82,1,-0.743708489,0.131855097
23,82,1,-0.743706915,0.131855097
24,82,1,-0.743705340,0.131855097
25,82,1,-0.743703765,0.131855097
26,82,1,-0.743702190,0.131855097
27,82,1,-0.743700615,0.131855097
28,82,1,-0.743699041,0.131855097
29,82,1,-0.743697466,0.131855097
30,82,1,-0.743695891,0.131855097
31,82,1,-0.743694316,0.131855097
32,82,1,-0.743692741,0.131855097
33,82,1,-0.743691166,0.131855097
34,82,1,-0.743689592,0.131855097
35,82,1,-0.743688017,0.131855097
36,82,1,-0.743686442,0.131855097
37,82,1,-0.743684867,0.131855097
38,82,1,-0.743683292,0.131855097
39,82,1,-0.743681718,0.131855097
40,82,1,-0.743680143,0.131855097
41,82,1,-0.743678568,0.131855097
42,82,1,-0.743676993,0.131855097
43,82,1,-0.743675418,0.131855097
44,82,1,-0.743673844,0.131855097
45,82,1,-0.743672269,0.131855097
46,82,1,-0.743670694,0.131855097
47,82,1,-0.743669119,0.131855097
48,82,1,-0.743667544,0.131855097
49,82,1,-0.743665970,0.131855097
50,82,1,-0.743664395,0.131855097
51,82,1,-0.743662820,0.131855097
52,82,1,-0.743661245,0.131855097
53,82,1,-0.743659670,0.131855097
54,82,1,-0.743658096,0.131855097
55,82,1,-0.743656521,0.131855097
56,82,1,-0.743654946,0.131855097
57,82,1,-0.743653371,0.131855097
58,82,1,-0.743651796,0.131855097
59,82,1,-0.743650222,0.131855097
60,82,1,-0.743648647,0.131855097
61,82,1,-0.743647072,0.131855097
62,82,1,-0.743645497,0.131855097
63,82,1,-0.743643922,0.131855097
64,82,1,-0.743642348,0.131855097
65,82,1,-0.743640773,0.131855097
66,82,1,-0.743639198,0.131855097
67,82,1,-0.743637623,0.131855097
68,82,1,-0.743636048,0.131855097
69,82,1,-0.743634474,0.131855097
70,82,1,-0.743632899,0.131855097
71,82,1,-0.743631324,0.131855097
72,82,1,-0.743629749,0.131855097
73,82,1,-0.743628174,0.131855097
74,82,1,-0.743626600,0.131855097
75,82,1,-0.743625025,0.131855097
76,82,1,-0.743623450,0.131855097
77,82,1,-0.743621875,0.131855097
78,82,1,-0.743620300,0.131855097
79,82,1,-0.743618726,0.131855097
80,82,1,-0.743617151,0.131855097
81,82,1,-0.743615576,0.131855097
82,82,1,-0.743614001,0.131855097
83,82,1,-0.743612426,0.131855097
84,82,1,-0.743610852,0.131855097
85,82,1,-0.743609277,0.131855097
86,82,1,-0.743607702,0.131855097
87,82,1,-0.743606127,0.131855097
88,82,1,-0.743604552,0.131855097
89,82,1,-0.743602978,0.131855097
90,82,1,-0.743601403,0.131855097
91,82,1,-0.743599828,0.131855097
92,82,1,-0.743598253,0.131855097
93,82,1,-0.743596678,0.131855097
94,82,1,-0.743595104,0.131855097
95,82,1,-0.743593529,0.131855097
96,82,1,-0.743591954,0.131855097
97,82,1,-0.743590379,0.131855097
98,82,1,-0.743588804,0.131855097
99,82,1,-0.743587229,0.131855097
100,82,1,-0.743585655,0.131855097
101,82,1,-0.743584080,0.131855097
102,82,1,-0.743582505,0.131855097
103,82,1,-0.743580930,0.131855097
104,82,1,-0.743579355,0.131855097
105,82,1,-0.743577781,0.131855097
106,82,1,-0.743576206,0.131855097
107,82,1,-0.743574631,0.131855097
108,82,1,-0.743573056,0.131855097
109,82,1,-0.743571481,0.131855097
110,82,1,-0.743569907,0.131855097
111,82,1,-0.743568332,0.131855097
112,82,1,-0.743566757,0.131855097
113,82,1,-0.743565182,0.131855097
114,82,1,-0.743563607,0.131855097
115,82,1,-0.743562033,0.131855097
116,82,1,-0.743560458,0.131855097
117,82,1,-0.743558883,0.131855097
118,82,1,-0.743557308,0.131855097
119,82,1,-0.743555733,0.131855097
120,82,1,-0.743554159,0.131855097
121,82,1,-0.743552584,0.131855097
122,82,1,-0.743551009,0.131855097
123,82,1,-0.743549434,0.131855097
124,82,1,-0.743547859,0.131855097
125,82,1,-0.743546285,0.131855097
126,82,1,-0.743544710,0.131855097
127,82,1,-0.743543135,0.131855097
0,83,1,-0.743743135,0.131856672
1,83,1,-0.743741560,0.131856672
2,83,1,-0.743739985,0.131856672
3,83,1,-0.743738411,0.131856672
4,83,1,-0.743736836,0.131856672
5,83,1,-0.743735261,0.131856672
6,83,1,-0.743733686,0.131856672
7,83,1,-0.743732111,0.131856672
8,83,1,-0.743730537,0.131856672
9,83,1,-0.743728962,0.131856672
10,83,1,-0.743727387,0.131856672
11,83,1,-0.743725812,0.131856672
12,83,1,-0.743724237,0.131856672
13,83,1,-0.743722663,0.131856672
14,83,1,-0.743721088,0.131856672
15,83,1,-0.743719513,0.131856672
16,83,1,-0.743717938,0.131856672
17,83,1,-0.743716363,0.131856672
18,83,1,-0.743714789,0.131856672
19,83,1,-0.743713214,0.131856672
20,83,1,-0.743711639,0.131856672
21,83,1,-0.743710064,0.131856672
22,83,1,-0.743708489,0.131856672
23,83,1,-0.743706915,0.131856672
24,83,1,-0.743705340,0.131856672
25,83,1,-0.743703765,0.131856672
26,83,1,-0.743702190,0.131856672
27,83,1,-0.743700615,0.131856672
28,83,1,-0.743699041,0.131856672
29,83,1,-0.743697466,0.131856672
30,83,1,-0.743695891,0.131856672
31,83,1,-0.743694316,0.131856672
32,83,1,-0.743692741,0.131856672
33,83,1,-0.743691166,0.131856672
34,83,1,-0.743689592,0.131856672
35,83,1,-0.743688017,0.131856672
36,83,1,-0.743686442,0.131856672
37,83,1,-0.743684867,0.131856672
38,83,1,-0.743683292,0.131856672
39,83,1,-0.743681718,0.131856672
40,83,1,-0.743680143,0.131856672
41,83,1,-0.743678568,0.131856672
42,83,1,-0.743676993,0.131856672
43,83,1,-0.743675418,0.131856672
44,83,1,-0.743673844,0.131856672
45,83,1,-0.743672269,0.131856672
46,83,1,-0.743670694,0.131856672
47,83,1,-0.743669119,0.131856672
48,83,1,-0.743667544,0.131856672
49,83,1,-0.743665970,0.131856672
50,83,1,-0.743664395,0.131856672
51,83,1,-0.743662820,0.131856672
52,83,1,-0.743661245,0.131856672
53,83,1,-0.743659670,0.131856672
54,83,1,-0.743658096,0.131856672
55,83,1,-0.743656521,0.131856672
56,83,1,-0.743654946,0.131856672
57,83,1,-0.743653371,0.131856672
58,83,1,-0.743651796,0.131856672
59,83,1,-0.743650222,0.131856672
60,83,1,-0.743648647,0.131856672
61,83,1,-0.743647072,0.131856672
62,83,1,-0.743645497,0.131856672
63,83,1,-0.743643922,0.131856672
64,83,1,-0.743642348,0.131856672
65,83,1,-0.743640773,0.131856672
66,83,1,-0.743639198,0.131856672
67,83,1,-0.743637623,0.131856672
68,83,1,-0.743636048,0.131856672
69,83,1,-0.743634474,0.131856672
70,83,1,-0.743632899,0.131856672
71,83,1,-0.743631324,0.131856672
72,83,1,-0.743629749,0.131856672
73,83,1,-0.743628174,0.131856672
74,83,1,-0.743626600,0.131856672
75,83,1,-0.743625025,0.131856672
76,83,1,-0.743623450,0.131856672
77,83,1,-0.743621875,0.131856672
78,83,1,-0.743620300,0.131856672
79,83,1,-0.743618726,0.131856672
80,83,1,-0.743617151,0.131856672
81,83,1,-0.743615576,0.131856672
82,83,1,-0.743614001,0.131856672
83,83,1,-0.743612426,0.131856672
84,83,1,-0.743610852,0.131856672
85,83,1,-0.743609277,0.131856672
86,83,1,-0.743607702,0.131856672
87,83,1,-0.743606127,0.131856672
88,83,1,-0.743604552,0.131856672
89,83,1,-0.743602978,0.131856672
90,83,1,-0.743601403,0.131856672
91,83,1,-0.743599828,0.131856672
92,83,1,-0.743598253,0.131856672
93,83,1,-0.743596678,0.131856672
94,83,1,-0.743595104,0.131856672
95,83,1,-0.743593529,0.131856672
96,83,1,-0.743591954,0.131856672
97,83,1,-0.743590379,0.131856672
98,83,1,-0.743588804,0.131856672
99,83,1,-0.743587229,0.131856672
100,83,1,-0.743585655,0.131856672
101,83,1,-0.743584080,0.131856672
102,83,1,-0.743582505,0.131856672
103,83,1,-0.743580930,0.131856672
104,83,1,-0.743579355,0.131856672
105,83,1,-0.743577781,0.131856672
106,83,1,-0.743576206,0.131856672
107,83,1,-0.743574631,0.131856672
108,83,1,-0.743573056,0.131856672
109,83,1,-0.743571481,0.131856672
110,83,1,-0.743569907,0.131856672
111,83,1,-0.743568332,0.131856672
112,83,1,-0.743566757,0.131856672
113,83,1,-0.743565182,0.131856672
114,83,1,-0.743563607,0.131856672
115,83,1,-0.743562033,0.131856672
116,83,1,-0.743560458,0.131856672
117,83,1,-0.743558883,0.131856672
118,83,1,-0.743557308,0.131856672
119,83,1,-0.743555733,0.131856672
120,83,1,-0.743554159,0.131856672
121,83,1,-0.743552584,0.131856672
122,83,1,-0.743551009,0.131856672
123,83,1,-0.743549434,0.131856672
124,83,1,-0.743547859,0.131856672
125,83,1,-0.743546285,0.131856672
126,83,1,-0.743544710,0.131856672
127,83,1,-0.743543135,0.131856672
0,84,1,-0.743743135,0.131858246
1,84,1,-0.743741560,0.131858246
2,84,1,-0.743739985,0.131858246
3,84,1,-0.743738411,0.131858246
4,84,1,-0.743736836,0.131858246
5,84,1,-0.743735261,0.131858246
6,84,1,-0.743733686,0.131858246
7,84,1,-0.743732111,0.131858246
8,84,1,-0.743730537,0.131858246
9,84,1,-0.743728962,0.131858246
10,84,1,-0.743727387,0.131858246
11,84,1,-0.743725812,0.131858246
12,84,1,-0.743724237,0.131858246
13,84,1,-0.743722663,0.131858246
14,84,1,-0.743721088,0.131858246
15,84,1,-0.743719513,0.131858246
16,84,1,-0.743717938,0.131858246
17,84,1,-0.743716363,0.131858246
18,84,1,-0.743714789,0.131858246
19,84,1,-0.743713214,0.131858246
20,84,1,-0.743711639,0.131858246
21,84,1,-0.743710064,0.131858246
22,84,1,-0.743708489,0.131858246
23,84,1,-0.743706915,0.131858246
24,84,1,-0.743705340,0.131858246
25,84,1,-0.743703765,0.131858246
26,84,1,-0.743702190,0.131858246
27,84,1,-0.743700615,0.131858246
28,84,1,-0.743699041,0.131858246
29,84,1,-0.743697466,0.131858246
30,84,1,-0.743695891,0.131858246
31,84,1,-0.743694316,0.131858246
32,84,1,-0.743692741,0.131858246
33,84,1,-0.743691166,0.131858246
34,84,1,-0.743689592,0.131858246
35,84,1,-0.743688017,0.131858246
36,84,1,-0.743686442,0.131858246
37,84,1,-0.743684867,0.131858246
38,84,1,-0.743683292,0.131858246
39,84,1,-0.743681718,0.131858246
40,84,1,-0.743680143,0.131858246
41,84,1,-0.743678568,0.131858246
42,84,1,-0.743676993,0.131858246
43,84,1,-0.743675418,0.131858246
44,84,1,-0.743673844,0.131858246
45,84,1,-0.743672269,0.131858246
46,84,1,-0.743670694,0.131858246
47,84,1,-0.743669119,0.131858246
48,84,1,-0.743667544,0.131858246
49,84,1,-0.743665970,0.131858246
50,84,1,-0.743664395,0.131858246
51,84,1,-0.743662820,0.131858246
52,84,1,-0.743661245,0.131858246
53,84,1,-0.743659670,0.131858246
54,84,1,-0.743658096,0.131858246
55,84,1,-0.743656521,0.131858246
56,84,1,-0.743654946,0.131858246
57,84,1,-0.743653371,0.131858246
58,84,1,-0.743651796,0.131858246
59,84,1,-0.743650222,0.131858246
60,84,1,-0.743648647,0.131858246
61,84,1,-0.743647072,0.131858246
62,84,1,-0.743645497,0.131858246
63,84,1,-0.743643922,0.131858246
64,84,1,-0.743642348,0.131858246
65,84,1,-0.743640773,0.131858246
66,84,1,-0.743639198,0.131858246
67,84,1,-0.743637623,0.131858246
68,84,1,-0.743636048,0.131858246
69,84,1,-0.743634474,0.131858246
70,84,1,-0.743632899,0.131858246
71,84,1,-0.743631324,0.131858246
72,84,1,-0.743629749,0.131858246
73,84,1,-0.743628174,0.131858246
74,84,1,-0.743626600,0.131858246
75,84,1,-0.743625025,0.131858246
76,84,1,-0.743623450,0.131858246
77,84,1,-0.743621875,0.131858246
78,84,1,-0.743620300,0.131858246
79,84,1,-0.743618726,0.131858246
80,84,1,-0.743617151,0.131858246
81,84,1,-0.743615576,0.131858246
82,84,1,-0.743614001,0.131858246
83,84,1,-0.743612426,0.131858246
84,84,1,-0.743610852,0.131858246
85,84,1,-0.743609277,0.131858246
86,84,1,-0.743607702,0.131858246
87,84,1,-0.743606127,0.131858246
88,84,1,-0.743604552,0.131858246
89,84,1,-0.743602978,0.131858246
90,84,1,-0.743601403,0.131858246
91,84,1,-0.743599828,0.131858246
92,84,1,-0.743598253,0.131858246
93,84,1,-0.743596678,0.131858246
94,84,1,-0.743595104,0.131858246
95,84,1,-0.743593529,0.131858246
96,84,1,-0.743591954,0.131858246
97,84,1,-0.743590379,0.131858246
98,84,1,-0.743588804,0.131858246
99,84,1,-0.743587229,0.131858246
100,84,1,-0.743585655,0.131858246
101,84,1,-0.743584080,0.131858246
102,84,1,-0.743582505,0.131858246
103,84,1,-0.743580930,0.131858246
104,84,1,-0.743579355,0.131858246
105,84,1,-0.743577781,0.131858246
106,84,1,-0.743576206,0.131858246
107,84,1,-0.743574631,0.131858246
108,84,1,-0.743573056,0.131858246
109,84,1,-0.743571481,0.131858246
110,84,1,-0.743569907,0.131858246
111,84,1,-0.743568332,0.131858246
112,84,1,-0.743566757,0.131858246
113,84,1,-0.743565182,0.131858246
114,84,1,-0.743563607,0.131858246
115,84,1,-0.743562033,0.131858246
116,84,1,-0.743560458,0.131858246
117,84,1,-0.743558883,0.131858246
118,84,1,-0.743557308,0.131858246
119,84,1,-0.743555733,0.131858246
120,84,1,-0.743554159,0.131858246
121,84,1,-0.743552584,0.131858246
122,84,1,-0.743551009,0.131858246
123,84,1,-0.743549434,0.131858246
124,84,1,-0.743547859,0.131858246
125,84,1,-0.743546285,0.131858246
126,84,1,-0.743544710,0.131858246
127,84,1,-0.743543135,0.131858246
0,85,1,-0.743743135,0.131859821
1,85,1,-0.743741560,0.131859821
2,85,1,-0.743739985,0.131859821
3,85,1,-0.743738411,0.131859821
4,85,1,-0.743736836,0.131859821
5,85,1,-0.743735261,0.131859821
6,85,1,-0.743733686,0.131859821
7,85,1,-0.743732111,0.131859821
8,85,1,-0.743730537,0.131859821
9,85,1,-0.743728962,0.131859821
10,85,1,-0.743727387,0.131859821
11,85,1,-0.743725812,0.131859821
12,85,1,-0.743724237,0.131859821
13,85,1,-0.743722663,0.131859821
14,85,1,-0.743721088,0.131859821
15,85,1,-0.743719513,0.131859821
16,85,1,-0.743717938,0.131859821
17,85,1,-0.743716363,0.131859821
18,85,1,-0.743714789,0.131859821
19,85,1,-0.743713214,0.131859821
20,85,1,-0.743711639,0.131859821
21,85,1,-0.743710064,0.131859821
22,85,1,-0.743708489,0.131859821
23,85,1,-0.743706915,0.131859821
24,85,1,-0.743705340,0.131859821
25,85,1,-0.743703765,0.131859821
26,85,1,-0.743702190,0.131859821
27,85,1,-0.743700615,0.131859821
28,85,1,-0.743699041,0.131859821
29,85,1,-0.743697466,0.131859821
30,85,1,-0.743695891,0.131859821
31,85,1,-0.743694316,0.131859821
32,85,1,-0.743692741,0.131859821
33,85,1,-0.743691166,0.131859821
34,85,1,-0.743689592,0.131859821
35,85,1,-0.743688017,0.131859821
36,85,1,-0.743686442,0.131859821
37,85,1,-0.743684867,0.131859821
38,85,1,-0.743683292,0.131859821
39,85,1,-0.743681718,0.131859821
40,85,1,-0.743680143,0.131859821
41,85,1,-0.743678568,0.131859821
42,85,1,-0.743676993,0.131859821
43,85,1,-0.743675418,0.131859821
44,85,1,-0.743673844,0.131859821
45,85,1,-0.743672269,0.131859821
46,85,1,-0.743670694,0.131859821
47,85,1,-0.743669119,0.131859821
48,85,1,-0.743667544,0.131859821
49,85,1,-0.743665970,0.131859821
50,85,1,-0.743664395,0.131859821
51,85,1,-0.743662820,0.131859821
52,85,1,-0.743661245,0.131859821
53,85,1,-0.743659670,0.131859821
54,85,1,-0.743658096,0.131859821
55,85,1,-0.743656521,0.131859821
56,85,1,-0.743654946,0.131859821
57,85,1,-0.743653371,0.131859821
58,85,1,-0.743651796,0.131859821
59,85,1,-0.743650222,0.131859821
60,85,1,-0.743648647,0.131859821
61,85,1,-0.743647072,0.131859821
62,85,1,-0.743645497,0.131859821
63,85,1,-0.743643922,0.131859821
64,85,1,-0.743642348,0.131859821
65,85,1,-0.743640773,0.131859821
66,85,1,-0.743639198,0.131859821
67,85,1,-0.743637623,0.131859821
68,85,1,-0.743636048,0.131859821
69,85,1,-0.743634474,0.131859821
70,85,1,-0.743632899,0.131859821
71,85,1,-0.743631324,0.131859821
72,85,1,-0.743629749,0.131859821
73,85,1,-0.743628174,0.131859821
74,85,1,-0.743626600,0.131859821
75,85,1,-0.743625025,0.131859821
76,85,1,-0.743623450,0.131859821
77,85,1,-0.743621875,0.131859821
78,85,1,-0.743620300,0.131859821
79,85,1,-0.743618726,0.131859821
80,85,1,-0.743617151,0.131859821
81,85,1,-0.743615576,0.131859821
82,85,1,-0.743614001,0.131859821
83,85,1,-0.743612426,0.131859821
84,85,1,-0.743610852,0.131859821
85,85,1,-0.743609277,0.131859821
86,85,1,-0.743607702,0.131859821
87,85,1,-0.743606127,0.131859821
88,85,1,-0.743604552,0.131859821
89,85,1,-0.743602978,0.131859821
90,85,1,-0.743601403,0.131859821
91,85,1,-0.743599828,0.131859821
92,85,1,-0.743598253,0.131859821
93,85,1,-0.743596678,0.131859821
94,85,1,-0.743595104,0.131859821
95,85,1,-0.743593529,0.131859821
96,85,1,-0.743591954,0.131859821
97,85,1,-0.743590379,0.131859821
98,85,1,-0.743588804,0.131859821
99,85,1,-0.743587229,0.131859821
100,85,1,-0.743585655,0.131859821
101,85,1,-0.743584080,0.131859821
102,85,1,-0.743582505,0.131859821
103,85,1,-0.743580930,0.131859821
104,85,1,-0.743579355,0.131859821
105,85,1,-0.743577781,0.131859821
106,85,1,-0.743576206,0.131859821
107,85,1,-0.743574631,0.131859821
108,85,1,-0.743573056,0.131859821
109,85,1,-0.743571481,0.131859821
110,85,1,-0.743569907,0.131859821
111,85,1,-0.743568332,0.131859821
112,85,1,-0.743566757,0.131859821
113,85,1,-0.743565182,0.131859821
114,85,1,-0.743563607,0.131859821
115,85,1,-0.743562033,0.131859821
116,85,1,-0.743560458,0.131859821
117,85,1,-0.743558883,0.131859821
118,85,1,-0.743557308,0.131859821
119,85,1,-0.743555733,0.131859821
120,85,1,-0.743554159,0.131859821
121,85,1,-0.743552584,0.131859821
122,85,1,-0.743551009,0.131859821
123,85,1,-0.743549434,0.131859821
124,85,1,-0.743547859,0.131859821
125,85,1,-0.743546285,0.131859821
126,85,1,-0.743544710,0.131859821
127,85,1,-0.743543135,0.131859821
0,86,1,-0.743743135,0.131861396
1,86,1,-0.743741560,0.131861396
2,86,1,-0.743739985,0.131861396
3,86,1,-0.743738411,0.131861396
4,86,1,-0.743736836,0.131861396
5,86,1,-0.743735261,0.131861396
6,86,1,-0.743733686,0.131861396
7,86,1,-0.743732111,0.131861396
8,86,1,-0.743730537,0.131861396
9,86,1,-0.743728962,0.131861396
10,86,1,-0.743727387,0.131861396
11,86,1,-0.743725812,0.131861396
12,86,1,-0.743724237,0.131861396
13,86,1,-0.743722663,0.131861396
14,86,1,-0.743721088,0.131861396
15,86,1,-0.743719513,0.131861396
16,86,1,-0.743717938,0.131861396
17,86,1,-0.743716363,0.131861396
18,86,1,-0.743714789,0.131861396
19,86,1,-0.743713214,0.131861396
20,86,1,-0.743711639,0.131861396
21,86,1,-0.743710064,0.131861396
22,86,1,-0.743708489,0.131861396
23,86,1,-0.743706915,0.131861396
24,86,1,-0.743705340,0.131861396
25,86,1,-0.743703765,0.131861396
26,86,1,-0.743702190,0.131861396
27,86,1,-0.743700615,0.131861396
28,86,1,-0.743699041,0.131861396
29,86,1,-0.743697466,0.131861396
30,86,1,-0.743695891,0.131861396
31,86,1,-0.743694316,0.131861396
32,86,1,-0.743692741,0.131861396
33,86,1,-0.743691166,0.131861396
34,86,1,-0.743689592,0.131861396
35,86,1,-0.743688017,0.131861396
36,86,1,-0.743686442,0.131861396
37,86,1,-0.743684867,0.131861396
38,86,1,-0.743683292,0.131861396
39,86,1,-0.743681718,0.131861396
40,86,1,-0.743680143,0.131861396
41,86,1,-0.743678568,0.131861396
42,86,1,-0.743676993,0.131861396
43,86,1,-0.743675418,0.131861396
44,86,1,-0.743673844,0.131861396
45,86,1,-0.743672269,0.131861396
46,86,1,-0.743670694,0.131861396
47,86,1,-0.743669119,0.131861396
48,86,1,-0.743667544,0.131861396
49,86,1,-0.743665970,0.131861396
50,86,1,-0.743664395,0.131861396
51,86,1,-0.743662820,0.131861396
52,86,1,-0.743661245,0.131861396
53,86,1,-0.743659670,0.131861396
54,86,1,-0.743658096,0.131861396
55,86,1,-0.743656521,0.131861396
56,86,1,-0.743654946,0.131861396
57,86,1,-0.743653371,0.131861396
58,86,1,-0.743651796,0.131861396
59,86,1,-0.743650222,0.131861396
60,86,1,-0.743648647,0.131861396
61,86,1,-0.743647072,0.131861396
62,86,1,-0.743645497,0.131861396
63,86,1,-0.743643922,0.131861396
64,86,1,-0.743642348,0.131861396
65,86,1,-0.743640773,0.131861396
66,86,1,-0.743639198,0.131861396
67,86,1,-0.743637623,0.131861396
68,86,1,-0.743636048,0.131861396
69,86,1,-0.743634474,0.131861396
70,86,1,-0.743632899,0.131861396
71,86,1,-0.743631324,0.131861396
72,86,1,-0.743629749,0.131861396
73,86,1,-0.743628174,0.131861396
74,86,1,-0.743626600,0.131861396
75,86,1,-0.743625025,0.131861396
76,86,1,-0.743623450,0.131861396
77,86,1,-0.743621875,0.131861396
78,86,1,-0.743620300,0.131861396
79,86,1,-0.743618726,0.131861396
80,86,1,-0.743617151,0.131861396
81,86,1,-0.743615576,0.131861396
82,86,1,-0.743614001,0.131861396
83,86,1,-0.743612426,0.131861396
84,86,1,-0.743610852,0.131861396
85,86,1,-0.743609277,0.131861396
86,86,1,-0.743607702,0.131861396
87,86,1,-0.743606127,0.131861396
88,86,1,-0.743604552,0.131861396
89,86,1,-0.743602978,0.131861396
90,86,1,-0.743601403,0.131861396
91,86,1,-0.743599828,0.131861396
92,86,1,-0.743598253,0.131861396
93,86,1,-0.743596678,0.131861396
94,86,1,-0.743595104,0.131861396
95,86,1,-0.743593529,0.131861396
96,86,1,-0.743591954,0.131861396
97,86,1,-0.743590379,0.131861396
98,86,1,-0.743588804,0.131861396
99,86,1,-0.743587229,0.131861396
100,86,1,-0.743585655,0.131861396
101,86,1,-0.743584080,0.131861396
102,86,1,-0.743582505,0.131861396
103,86,1,-0.743580930,0.131861396
104,86,1,-0.743579355,0.131861396
105,86,1,-0.743577781,0.131861396
106,86,1,-0.743576206,0.131861396
107,86,1,-0.743574631,0.131861396
108,86,1,-0.743573056,0.131861396
109,86,1,-0.743571481,0.131861396
110,86,1,-0.743569907,0.131861396
111,86,1,-0.743568332,0.131861396
112,86,1,-0.743566757,0.131861396
113,86,1,-0.743565182,0.131861396
114,86,1,-0.743563607,0.131861396
115,86,1,-0.743562033,0.131861396
116,86,1,-0.743560458,0.131861396
117,86,1,-0.743558883,0.131861396
118,86,1,-0.743557308,0.131861396
119,86,1,-0.743555733,0.131861396
120,86,1,-0.743554159,0.131861396
121,86,1,-0.743552584,0.131861396
122,86,1,-0.743551009,0.131861396
123,86,1,-0.743549434,0.131861396
124,86,1,-0.743547859,0.131861396
125,86,1,-0.743546285,0.131861396
126,86,1,-0.743544710,0.131861396
127,86,1,-0.743543135,0.131861396
0,87,1,-0.743743135,0.131862971
1,87,1,-0.743741560,0.131862971
2,87,1,-0.743739985,0.131862971
3,87,1,-0.743738411,0.131862971
4,87,1,-0.743736836,0.131862971
5,87,1,-0.743735261,0.131862971
6,87,1,-0.743733686,0.131862971
7,87,1,-0.743732111,0.131862971
8,87,1,-0.743730537,0.131862971
9,87,1,-0.743728962,0.131862971
10,87,1,-0.743727387,0.131862971
11,87,1,-0.743725812,0.131862971
12,87,1,-0.743724237,0.131862971
13,87,1,-0.743722663,0.131862971
14,87,1,-0.743721088,0.131862971
15,87,1,-0.743719513,0.131862971
16,87,1,-0.743717938,0.131862971
17,87,1,-0.743716363,0.131862971
18,87,1,-0.743714789,0.131862971
19,87,1,-0.743713214,0.131862971
20,87,1,-0.743711639,0.131862971
21,87,1,-0.743710064,0.131862971
22,87,1,-0.743708489,0.131862971
23,87,1,-0.743706915,0.131862971
24,87,1,-0.743705340,0.131862971
25,87,1,-0.743703765,0.131862971
26,87,1,-0.743702190,0.131862971
27,87,1,-0.743700615,0.131862971
28,87,1,-0.743699041,0.131862971
29,87,1,-0.743697466,0.131862971
30,87,1,-0.743695891,0.131862971
31,87,1,-0.743694316,0.131862971
32,87,1,-0.743692741,0.131862971
33,87,1,-0.743691166,0.131862971
34,87,1,-0.743689592,0.131862971
35,87,1,-0.743688017,0.131862971
36,87,1,-0.743686442,0.131862971
37,87,1,-0.743684867,0.131862971
38,87,1,-0.743683292,0.131862971
39,87,1,-0.743681718,0.131862971
40,87,1,-0.743680143,0.131862971
41,87,1,-0.743678568,0.131862971
42,87,1,-0.743676993,0.131862971
43,87,1,-0.743675418,0.131862971
44,87,1,-0.743673844,0.131862971
45,87,1,-0.743672269,0.131862971
46,87,1,-0.743670694,0.131862971
47,87,1,-0.743669119,0.131862971
48,87,1,-0.743667544,0.131862971
49,87,1,-0.743665970,0.131862971
50,87,1,-0.743664395,0.131862971
51,87,1,-0.743662820,0.131862971
52,87,1,-0.743661245,0.131862971
53,87,1,-0.743659670,0.131862971
54,87,1,-0.743658096,0.131862971
55,87,1,-0.743656521,0.131862971
56,87,1,-0.743654946,0.131862971
57,87,1,-0.743653371,0.131862971
58,87,1,-0.743651796,0.131862971
59,87,1,-0.743650222,0.131862971
60,87,1,-0.743648647,0.131862971
61,87,1,-0.743647072,0.131862971
62,87,1,-0.743645497,0.131862971
63,87,1,-0.743643922,0.131862971
64,87,1,-0.743642348,0.131862971
65,87,1,-0.743640773,0.131862971
66,87,1,-0.743639198,0.131862971
67,87,1,-0.743637623,0.131862971
68,87,1,-0.743636048,0.131862971
69,87,1,-0.743634474,0.131862971
70,87,1,-0.743632899,0.131862971
71,87,1,-0.743631324,0.131862971
72,87,1,-0.743629749,0.131862971
73,87,1,-0.743628174,0.131862971
74,87,1,-0.743626600,0.131862971
75,87,1,-0.743625025,0.131862971
76,87,1,-0.743623450,0.131862971
77,87,1,-0.743621875,0.131862971
78,87,1,-0.743620300,0.131862971
79,87,1,-0.743618726,0.131862971
80,87,1,-0.743617151,0.131862971
81,87,1,-0.743615576,0.131862971
82,87,1,-0.743614001,0.131862971
83,87,1,-0.743612426,0.131862971
84,87,1,-0.743610852,0.131862971
85,87,1,-0.743609277,0.131862971
86,87,1,-0.743607702,0.131862971
87,87,1,-0.743606127,0.131862971
88,87,1,-0.743604552,0.131862971
89,87,1,-0.743602978,0.131862971
90,87,1,-0.743601403,0.131862971
91,87,1,-0.743599828,0.131862971
92,87,1,-0.743598253,0.131862971
93,87,1,-0.743596678,0.131862971
94,87,1,-0.743595104,0.131862971
95,87,1,-0.743593529,0.131862971
96,87,1,-0.743591954,0.131862971
97,87,1,-0.743590379,0.131862971
98,87,1,-0.743588804,0.131862971
99,87,1,-0.743587229,0.131862971
100,87,1,-0.743585655,0.131862971
101,87,1,-0.743584080,0.131862971
102,87,1,-0.743582505,0.131862971
103,87,1,-0.743580930,0.131862971
104,87,1,-0.743579355,0.131862971
105,87,1,-0.743577781,0.131862971
106,87,1,-0.743576206,0.131862971
107,87,1,-0.743574631,0.131862971
108,87,1,-0.743573056,0.131862971
109,87,1,-0.743571481,0.131862971
110,87,1,-0.743569907,0.131862971
111,87,1,-0.743568332,0.131862971
112,87,1,-0.743566757,0.131862971
113,87,1,-0.743565182,0.131862971
114,87,1,-0.743563607,0.131862971
115,87,1,-0.743562033,0.131862971
116,87,1,-0.743560458,0.131862971
117,87,1,-0.743558883,0.131862971
118,87,1,-0.743557308,0.131862971
119,87,1,-0.743555733,0.131862971
120,87,1,-0.743554159,0.131862971
121,87,1,-0.743552584,0.131862971
122,87,1,-0.743551009,0.131862971
123,87,1,-0.743549434,0.131862971
124,87,1,-0.743547859,0.131862971
125,87,1,-0.743546285,0.131862971
126,87,1,-0.743544710,0.131862971
127,87,1,-0.743543135,0.131862971
0,88,1,-0.743743135,0.131864546
1,88,1,-0.743741560,0.131864546
2,88,1,-0.743739985,0.131864546
3,88,1,-0.743738411,0.131864546
4,88,1,-0.743736836,0.131864546
5,88,1,-0.743735261,0.131864546
6,88,1,-0.743733686,0.131864546
7,88,1,-0.743732111,0.131864546
8,88,1,-0.743730537,0.131864546
9,88,1,-0.743728962,0.131864546
10,88,1,-0.743727387,0.131864546
11,88,1,-0.743725812,0.131864546
12,88,1,-0.743724237,0.131864546
13,88,1,-0.743722663,0.131864546
14,88,1,-0.743721088,0.131864546
15,88,1,-0.743719513,0.131864546
16,88,1,-0.743717938,0.131864546
17,88,1,-0.743716363,0.131864546
18,88,1,-0.743714789,0.131864546
19,88,1,-0.743713214,0.131864546
20,88,1,-0.743711639,0.131864546
21,88,1,-0.743710064,0.131864546
22,88,1,-0.743708489,0.131864546
23,88,1,-0.743706915,0.131864546
24,88,1,-0.743705340,0.131864546
25,88,1,-0.743703765,0.131864546
26,88,1,-0.743702190,0.131864546
27,88,1,-0.743700615,0.131864546
28,88,1,-0.743699041,0.131864546
29,88,1,-0.743697466,0.131864546
30,88,1,-0.743695891,0.131864546
31,88,1,-0.743694316,0.131864546
32,88,1,-0.743692741,0.131864546
33,88,1,-0.743691166,0.131864546
34,88,1,-0.743689592,0.131864546
35,88,1,-0.743688017,0.131864546
36,88,1,-0.743686442,0.131864546
37,88,1,-0.743684867,0.131864546
38,88,1,-0.743683292,0.131864546
39,88,1,-0.743681718,0.131864546
40,88,1,-0.743680143,0.131864546
41,88,1,-0.743678568,0.131864546
42,88,1,-0.743676993,0.131864546
43,88,1,-0.743675418,0.131864546
44,88,1,-0.743673844,0.131864546
45,88,1,-0.743672269,0.131864546
46,88,1,-0.743670694,0.131864546
47,88,1,-0.743669119,0.131864546
48,88,1,-0.743667544,0.131864546
49,88,1,-0.743665970,0.131864546
50,88,1,-0.743664395,0.131864546
51,88,1,-0.743662820,0.131864546
52,88,1,-0.743661245,0.131864546
53,88,1,-0.743659670,0.131864546
54,88,1,-0.743658096,0.131864546
55,88,1,-0.743656521,0.131864546
56,88,1,-0.743654946,0.131864546
57,88,1,-0.743653371,0.131864546
58,88,1,-0.743651796,0.131864546
59,88,1,-0.743650222,0.131864546
60,88,1,-0.743648647,0.131864546
61,88,1,-0.743647072,0.131864546
62,88,1,-0.743645497,0.131864546
63,88,1,-0.743643922,0.131864546
64,88,1,-0.743642348,0.131864546
65,88,1,-0.743640773,0.131864546
66,88,1,-0.743639198,0.131864546
67,88,1,-0.743637623,0.131864546
68,88,1,-0.743636048,0.131864546
69,88,1,-0.743634474,0.131864546
70,88,1,-0.743632899,0.131864546
71,88,1,-0.743631324,0.131864546
72,88,1,-0.743629749,0.131864546
73,88,1,-0.743628174,0.131864546
74,88,1,-0.743626600,0.131864546
75,88,1,-0.743625025,0.131864546
76,88,1,-0.743623450,0.131864546
77,88,1,-0.743621875,0.131864546
78,88,1,-0.743620300,0.131864546
79,88,1,-0.743618726,0.131864546
80,88,1,-0.743617151,0.131864546
81,88,1,-0.743615576,0.131864546
82,88,1,-0.743614001,0.131864546
83,88,1,-0.743612426,0.131864546
84,88,1,-0.743610852,0.131864546
85,88,1,-0.743609277,0.131864546
86,88,1,-0.743607702,0.131864546
87,88,1,-0.743606127,0.131864546
88,88,1,-0.743604552,0.131864546
89,88,1,-0.743602978,0.131864546
90,88,1,-0.743601403,0.131864546
91,88,1,-0.743599828,0.131864546
92,88,1,-0.743598253,0.131864546
93,88,1,-0.743596678,0.131864546
94,88,1,-0.743595104,0.131864546
95,88,1,-0.743593529,0.131864546
96,88,1,-0.743591954,0.131864546
97,88,1,-0.743590379,0.131864546
98,88,1,-0.743588804,0.131864546
99,88,1,-0.743587229,0.131864546
100,88,1,-0.743585655,0.131864546
101,88,1,-0.743584080,0.131864546
102,88,1,-0.743582505,0.131864546
103,88,1,-0.743580930,0.131864546
104,88,1,-0.743579355,0.131864546
105,88,1,-0.743577781,0.131864546
106,88,1,-0.743576206,0.131864546
107,88,1,-0.743574631,0.131864546
108,88,1,-0.743573056,0.131864546
109,88,1,-0.743571481,0.131864546
110,88,1,-0.743569907,0.131864546
111,88,1,-0.743568332,0.131864546
112,88,1,-0.743566757,0.131864546
113,88,1,-0.743565182,0.131864546
114,88,1,-0.743563607,0.131864546
115,88,1,-0.743562033,0.131864546
116,88,1,-0.743560458,0.131864546
117,88,1,-0.743558883,0.131864546
118,88,1,-0.743557308,0.131864546
119,88,1,-0.743555733,0.131864546
120,88,1,-0.743554159,0.131864546
121,88,1,-0.743552584,0.131864546
122,88,1,-0.743551009,0.131864546
123,88,1,-0.743549434,0.131864546
124,88,1,-0.743547859,0.131864546
125,88,1,-0.743546285,0.131864546
126,88,1,-0.743544710,0.131864546
127,88,1,-0.743543135,0.131864546
0,89,1,-0.743743135,0.131866120
1,89,1,-0.743741560,0.131866120
2,89,1,-0.743739985,0.131866120
3,89,1,-0.743738411,0.131866120
4,89,1,-0.743736836,0.131866120
5,89,1,-0.743735261,0.131866120
6,89,1,-0.743733686,0.131866120
7,89,1,-0.743732111,0.131866120
8,89,1,-0.743730537,0.131866120
9,89,1,-0.743728962,0.131866120
10,89,1,-0.743727387,0.131866120
11,89,1,-0.743725812,0.131866120
12,89,1,-0.743724237,0.131866120
13,89,1,-0.743722663,0.131866120
14,89,1,-0.743721088,0.131866120
15,89,1,-0.743719513,0.131866120
16,89,1,-0.743717938,0.131866120
17,89,1,-0.743716363,0.131866120
18,89,1,-0.743714789,0.131866120
19,89,1,-0.743713214,0.131866120
20,89,1,-0.743711639,0.131866120
21,89,1,-0.743710064,0.131866120
22,89,1,-0.743708489,0.131866120
23,89,1,-0.743706915,0.131866120
24,89,1,-0.743705340,0.131866120
25,89,1,-0.743703765,0.131866120
26,89,1,-0.743702190,0.131866120
27,89,1,-0.743700615,0.131866120
28,89,1,-0.743699041,0.131866120
29,89,1,-0.743697466,0.131866120
30,89,1,-0.743695891,0.131866120
31,89,1,-0.743694316,0.131866120
32,89,1,-0.743692741,0.131866120
33,89,1,-0.743691166,0.131866120
34,89,1,-0.743689592,0.131866120
35,89,1,-0.743688017,0.131866120
36,89,1,-0.743686442,0.131866120
37,89,1,-0.743684867,0.131866120
38,89,1,-0.743683292,0.131866120
39,89,1,-0.743681718,0.131866120
40,89,1,-0.743680143,0.131866120
41,89,1,-0.743678568,0.131866120
42,89,1,-0.743676993,0.131866120
43,89,1,-0.743675418,0.131866120
44,89,1,-0.743673844,0.131866120
45,89,1,-0.743672269,0.131866120
46,89,1,-0.743670694,0.131866120
47,89,1,-0.743669119,0.131866120
48,89,1,-0.743667544,0.131866120
49,89,1,-0.743665970,0.131866120
50,89,1,-0.743664395,0.131866120
51,89,1,-0.743662820,0.131866120
52,89,1,-0.743661245,0.131866120
53,89,1,-0.743659670,0.131866120
54,89,1,-0.743658096,0.131866120
55,89,1,-0.743656521,0.131866120
56,89,1,-0.743654946,0.131866120
57,89,1,-0.743653371,0.131866120
58,89,1,-0.743651796,0.131866120
59,89,1,-0.743650222,0.131866120
60,89,1,-0.743648647,0.131866120
61,89,1,-0.743647072,0.131866120
62,89,1,-0.743645497,0.131866120
63,89,1,-0.743643922,0.131866120
64,89,1,-0.743642348,0.131866120
65,89,1,-0.743640773,0.131866120
66,89,1,-0.743639198,0.131866120
67,89,1,-0.743637623,0.131866120
68,89,1,-0.743636048,0.131866120
69,89,1,-0.743634474,0.131866120
70,89,1,-0.743632899,0.131866120
71,89,1,-0.743631324,0.131866120
72,89,1,-0.743629749,0.131866120
73,89,1,-0.743628174,0.131866120
74,89,1,-0.743626600,0.131866120
75,89,1,-0.743625025,0.131866120
76,89,1,-0.743623450,0.131866120
77,89,1,-0.743621875,0.131866120
78,89,1,-0.743620300,0.131866120
79,89,1,-0.743618726,0.131866120
80,89,1,-0.743617151,0.131866120
81,89,1,-0.743615576,0.131866120
82,89,1,-0.743614001,0.131866120
83,89,1,-0.743612426,0.131866120
84,89,1,-0.743610852,0.131866120
85,89,1,-0.743609277,0.131866120
86,89,1,-0.743607702,0.131866120
87,89,1,-0.743606127,0.131866120
88,89,1,-0.743604552,0.131866120
89,89,1,-0.743602978,0.131866120
90,89,1,-0.743601403,0.131866120
91,89,1,-0.743599828,0.131866120
92,89,1,-0.743598253,0.131866120
93,89,1,-0.743596678,0.131866120
94,89,1,-0.743595104,0.131866120
95,89,1,-0.743593529,0.131866120
96,89,1,-0.743591954,0.131866120
97,89,1,-0.743590379,0.131866120
98,89,1,-0.743588804,0.131866120
99,89,1,-0.743587229,0.131866120
100,89,1,-0.743585655,0.131866120
101,89,1,-0.743584080,0.131866120
102,89,1,-0.743582505,0.131866120
103,89,1,-0.743580930,0.131866120
104,89,1,-0.743579355,0.131866120
105,89,1,-0.743577781,0.131866120
106,89,1,-0.743576206,0.131866120
107,89,1,-0.743574631,0.131866120
108,89,1,-0.743573056,0.131866120
109,89,1,-0.743571481,0.131866120
110,89,1,-0.743569907,0.131866120
111,89,1,-0.743568332,0.131866120
112,89,1,-0.743566757,0.131866120
113,89,1,-0.743565182,0.131866120
114,89,1,-0.743563607,0.131866120
115,89,1,-0.743562033,0.131866120
116,89,1,-0.743560458,0.131866120
117,89,1,-0.743558883,0.131866120
118,89,1,-0.743557308,0.131866120
119,89,1,-0.743555733,0.131866120
120,89,1,-0.743554159,0.131866120
121,89,1,-0.743552584,0.131866120
122,89,1,-0.743551009,0.131866120
123,89,1,-0.743549434,0.131866120
124,89,1,-0.743547859,0.131866120
125,89,1,-0.743546285,0.131866120
126,89,1,-0.743544710,0.131866120
127,89,1,-0.743543135,0.131866120
0,90,1,-0.743743135,0.131867695
1,90,1,-0.743741560,0.131867695
2,90,1,-0.743739985,0.131867695
3,90,1,-0.743738411,0.131867695
4,90,1,-0.743736836,0.131867695
5,90,1,-0.743735261,0.131867695
6,90,1,-0.743733686,0.131867695
7,90,1,-0.743732111,0.131867695
8,90,1,-0.743730537,0.131867695
9,90,1,-0.743728962,0.131867695
10,90,1,-0.743727387,0.131867695
11,90,1,-0.743725812,0.131867695
12,90,1,-0.743724237,0.131867695
13,90,1,-0.743722663,0.131867695
14,90,1,-0.743721088,0.131867695
15,90,1,-0.743719513,0.131867695
16,90,1,-0.743717938,0.131867695
17,90,1,-0.743716363,0.131867695
18,90,1,-0.743714789,0.131867695
19,90,1,-0.743713214,0.131867695
20,90,1,-0.743711639,0.131867695
21,90,1,-0.743710064,0.131867695
22,90,1,-0.743708489,0.131867695
23,90,1,-0.743706915,0.131867695
24,90,1,-0.743705340,0.131867695
25,90,1,-0.743703765,0.131867695
26,90,1,-0.743702190,0.131867695
27,90,1,-0.743700615,0.131867695
28,90,1,-0.743699041,0.131867695
29,90,1,-0.743697466,0.131867695
30,90,1,-0.743695891,0.131867695
31,90,1,-0.743694316,0.131867695
32,90,1,-0.743692741,0.131867695
33,90,1,-0.743691166,0.131867695
34,90,1,-0.743689592,0.131867695
35,90,1,-0.743688017,0.131867695
36,90,1,-0.743686442,0.131867695
37,90,1,-0.743684867,0.131867695
38,90,1,-0.743683292,0.131867695
39,90,1,-0.743681718,0.131867695
40,90,1,-0.743680143,0.131867695
41,90,1,-0.743678568,0.131867695
42,90,1,-0.743676993,0.131867695
43,90,1,-0.743675418,0.131867695
44,90,1,-0.743673844,0.131867695
45,90,1,-0.743672269,0.131867695
46,90,1,-0.743670694,0.131867695
47,90,1,-0.743669119,0.131867695
48,90,1,-0.743667544,0.131867695
49,90,1,-0.743665970,0.131867695
50,90,1,-0.743664395,0.131867695
51,90,1,-0.743662820,0.131867695
52,90,1,-0.743661245,0.131867695
53,90,1,-0.743659670,0.131867695
54,90,1,-0.743658096,0.131867695
55,90,1,-0.743656521,0.131867695
56,90,1,-0.743654946,0.131867695
57,90,1,-0.743653371,0.131867695
58,90,1,-0.743651796,0.131867695
59,90,1,-0.743650222,0.131867695
60,90,1,-0.743648647,0.131867695
61,90,1,-0.743647072,0.131867695
62,90,1,-0.743645497,0.131867695
63,90,1,-0.743643922,0.131867695
64,90,1,-0.743642348,0.131867695
65,90,1,-0.743640773,0.131867695
66,90,1,-0.743639198,0.131867695
67,90,1,-0.743637623,0.131867695
68,90,1,-0.743636048,0.131867695
69,90,1,-0.743634474,0.131867695
70,90,1,-0.743632899,0.131867695
71,90,1,-0.743631324,0.131867695
72,90,1,-0.743629749,0.131867695
73,90,1,-0.743628174,0.131867695
74,90,1,-0.743626600,0.131867695
75,90,1,-0.743625025,0.131867695
76,90,1,-0.743623450,0.131867695
77,90,1,-0.743621875,0.131867695
78,90,1,-0.743620300,0.131867695
79,90,1,-0.743618726,0.131867695
80,90,1,-0.743617151,0.131867695
81,90,1,-0.743615576,0.131867695
82,90,1,-0.743614001,0.131867695
83,90,1,-0.743612426,0.131867695
84,90,1,-0.743610852,0.131867695
85,90,1,-0.743609277,0.131867695
86,90,1,-0.743607702,0.131867695
87,90,1,-0.743606127,0.131867695
88,90,1,-0.743604552,0.131867695
89,90,1,-0.743602978,0.131867695
90,90,1,-0.743601403,0.131867695
91,90,1,-0.743599828,0.131867695
92,90,1,-0.743598253,0.131867695
93,90,1,-0.743596678,0.131867695
94,90,1,-0.743595104,0.131867695
95,90,1,-0.743593529,0.131867695
96,90,1,-0.743591954,0.131867695
97,90,1,-0.743590379,0.131867695
98,90,1,-0.743588804,0.131867695
99,90,1,-0.743587229,0.131867695
100,90,1,-0.743585655,0.131867695
101,90,1,-0.743584080,0.131867695
102,90,1,-0.743582505,0.131867695
103,90,1,-0.743580930,0.131867695
104,90,1,-0.743579355,0.131867695
105,90,1,-0.743577781,0.131867695
106,90,1,-0.743576206,0.131867695
107,90,1,-0.743574631,0.131867695
108,90,1,-0.743573056,0.131867695
109,90,1,-0.743571481,0.131867695
110,90,1,-0.743569907,0.131867695
111,90,1,-0.743568332,0.131867695
112,90,1,-0.743566757,0.131867695
113,90,1,-0.743565182,0.131867695
114,90,1,-0.743563607,0.131867695
115,90,1,-0.743562033,0.131867695
116,90,1,-0.743560458,0.131867695
117,90,1,-0.743558883,0.131867695
118,90,1,-0.743557308,0.131867695
119,90,1,-0.743555733,0.131867695
120,90,1,-0.743554159,0.131867695
121,90,1,-0.743552584,0.131867695
122,90,1,-0.743551009,0.131867695
123,90,1,-0.743549434,0.131867695
124,90,1,-0.743547859,0.131867695
125,90,1,-0.743546285,0.131867695
126,90,1,-0.743544710,0.131867695
127,90,1,-0.743543135,0.131867695
0,91,1,-0.743743135,0.131869270
1,91,1,-0.743741560,0.131869270
2,91,1,-0.743739985,0.131869270
3,91,1,-0.743738411,0.131869270
4,91,1,-0.743736836,0.131869270
5,91,1,-0.743735261,0.131869270
6,91,1,-0.743733686,0.131869270
7,91,1,-0.743732111,0.131869270
8,91,1,-0.743730537,0.131869270
9,91,1,-0.743728962,0.131869270
10,91,1,-0.743727387,0.131869270
11,91,1,-0.743725812,0.131869270
12,91,1,-0.743724237,0.131869270
13,91,1,-0.743722663,0.131869270
14,91,1,-0.743721088,0.131869270
15,91,1,-0.743719513,0.131869270
16,91,1,-0.743717938,0.131869270
17,91,1,-0.743716363,0.131869270
18,91,1,-0.743714789,0.131869270
19,91,1,-0.743713214,0.131869270
20,91,1,-0.743711639,0.131869270
21,91,1,-0.743710064,0.131869270
22,91,1,-0.743708489,0.131869270
23,91,1,-0.743706915,0.131869270
24,91,1,-0.743705340,0.131869270
25,91,1,-0.743703765,0.131869270
26,91,1,-0.743702190,0.131869270
27,91,1,-0.743700615,0.131869270
28,91,1,-0.743699041,0.131869270
29,91,1,-0.743697466,0.131869270
30,91,1,-0.743695891,0.131869270
31,91,1,-0.743694316,0.131869270
32,91,1,-0.743692741,0.131869270
33,91,1,-0.743691166,0.131869270
34,91,1,-0.743689592,0.131869270
35,91,1,-0.743688017,0.131869270
36,91,1,-0.743686442,0.131869270
37,91,1,-0.743684867,0.131869270
38,91,1,-0.743683292,0.131869270
39,91,1,-0.743681718,0.131869270
40,91,1,-0.743680143,0.131869270
41,91,1,-0.743678568,0.131869270
42,91,1,-0.743676993,0.131869270
43,91,1,-0.743675418,0.131869270
44,91,1,-0.743673844,0.131869270
45,91,1,-0.743672269,0.131869270
46,91,1,-0.743670694,0.131869270
47,91,1,-0.743669119,0.131869270
48,91,1,-0.743667544,0.131869270
49,91,1,-0.743665970,0.131869270
50,91,1,-0.743664395,0.131869270
51,91,1,-0.743662820,0.131869270
52,91,1,-0.743661245,0.131869270
53,91,1,-0.743659670,0.131869270
54,91,1,-0.743658096,0.131869270
55,91,1,-0.743656521,0.131869270
56,91,1,-0.743654946,0.131869270
57,91,1,-0.743653371,0.131869270
58,91,1,-0.743651796,0.131869270
59,91,1,-0.743650222,0.131869270
60,91,1,-0.743648647,0.131869270
61,91,1,-0.743647072,0.131869270
62,91,1,-0.743645497,0.131869270
63,91,1,-0.743643922,0.131869270
64,91,1,-0.743642348,0.131869270
65,91,1,-0.743640773,0.131869270
66,91,1,-0.743639198,0.131869270
67,91,1,-0.743637623,0.131869270
68,91,1,-0.743636048,0.131869270
69,91,1,-0.743634474,0.131869270
70,91,1,-0.743632899,0.131869270
71,91,1,-0.743631324,0.131869270
72,91,1,-0.743629749,0.131869270
73,91,1,-0.743628174,0.131869270
74,91,1,-0.743626600,0.131869270
75,91,1,-0.743625025,0.131869270
76,91,1,-0.743623450,0.131869270
77,91,1,-0.743621875,0.131869270
78,91,1,-0.743620300,0.131869270
79,91,1,-0.743618726,0.131869270
80,91,1,-0.743617151,0.131869270
81,91,1,-0.743615576,0.131869270
82,91,1,-0.743614001,0.131869270
83,91,1,-0.743612426,0.131869270
84,91,1,-0.743610852,0.131869270
85,91,1,-0.743609277,0.131869270
86,91,1,-0.743607702,0.131869270
87,91,1,-0.743606127,0.131869270
88,91,1,-0.743604552,0.131869270
89,91,1,-0.743602978,0.131869270
90,91,1,-0.743601403,0.131869270
91,91,1,-0.743599828,0.131869270
92,91,1,-0.743598253,0.131869270
93,91,1,-0.743596678,0.131869270
94,91,1,-0.743595104,0.131869270
95,91,1,-0.743593529,0.131869270
96,91,1,-0.743591954,0.131869270
97,91,1,-0.743590379,0.131869270
98,91,1,-0.743588804,0.131869270
99,91,1,-0.743587229,0.131869270
100,91,1,-0.743585655,0.131869270
101,91,1,-0.743584080,0.131869270
102,91,1,-0.743582505,0.131869270
103,91,1,-0.743580930,0.131869270
104,91,1,-0.743579355,0.131869270
105,91,1,-0.743577781,0.131869270
106,91,1,-0.743576206,0.131869270
107,91,1,-0.743574631,0.131869270
108,91,1,-0.743573056,0.131869270
109,91,1,-0.743571481,0.131869270
110,91,1,-0.743569907,0.131869270
111,91,1,-0.743568332,0.131869270
112,91,1,-0.743566757,0.131869270
113,91,1,-0.743565182,0.131869270
114,91,1,-0.743563607,0.131869270
115,91,1,-0.743562033,0.131869270
116,91,1,-0.743560458,0.131869270
117,91,1,-0.743558883,0.131869270
118,91,1,-0.743557308,0.131869270
119,91,1,-0.743555733,0.131869270
120,91,1,-0.743554159,0.131869270
121,91,1,-0.743552584,0.131869270
122,91,1,-0.743551009,0.131869270
123,91,1,-0.743549434,0.131869270
124,91,1,-0.743547859,0.131869270
125,91,1,-0.743546285,0.131869270
126,91,1,-0.743544710,0.131869270
127,91,1,-0.743543135,0.131869270
0,92,1,-0.743743135,0.131870845
1,92,1,-0.743741560,0.131870845
2,92,1,-0.743739985,0.131870845
3,92,1,-0.743738411,0.131870845
4,92,1,-0.743736836,0.131870845
5,92,1,-0.743735261,0.131870845
6,92,1,-0.743733686,0.131870845
7,92,1,-0.743732111,0.131870845
8,92,1,-0.743730537,0.131870845
9,92,1,-0.743728962,0.131870845
10,92,1,-0.743727387,0.131870845
11,92,1,-0.743725812,0.131870845
12,92,1,-0.743724237,0.131870845
13,92,1,-0.743722663,0.131870845
14,92,1,-0.743721088,0.131870845
15,92,1,-0.743719513,0.131870845
16,92,1,-0.743717938,0.131870845
17,92,1,-0.743716363,0.131870845
18,92,1,-0.743714789,0.131870845
19,92,1,-0.743713214,0.131870845
20,92,1,-0.743711639,0.131870845
21,92,1,-0.743710064,0.131870845
22,92,1,-0.743708489,0.131870845
23,92,1,-0.743706915,0.131870845
24,92,1,-0.743705340,0.131870845
25,92,1,-0.743703765,0.131870845
26,92,1,-0.743702190,0.131870845
27,92,1,-0.743700615,0.131870845
28,92,1,-0.743699041,0.131870845
29,92,1,-0.743697466,0.131870845
30,92,1,-0.743695891,0.131870845
31,92,1,-0.743694316,0.131870845
32,92,1,-0.743692741,0.131870845
33,92,1,-0.743691166,0.131870845
34,92,1,-0.743689592,0.131870845
35,92,1,-0.743688017,0.131870845
36,92,1,-0.743686442,0.131870845
37,92,1,-0.743684867,0.131870845
38,92,1,-0.743683292,0.131870845
39,92,1,-0.743681718,0.131870845
40,92,1,-0.743680143,0.131870845
41,92,1,-0.743678568,0.131870845
42,92,1,-0.743676993,0.131870845
43,92,1,-0.743675418,0.131870845
44,92,1,-0.743673844,0.131870845
45,92,1,-0.743672269,0.131870845
46,92,1,-0.743670694,0.131870845
47,92,1,-0.743669119,0.131870845
48,92,1,-0.743667544,0.131870845
49,92,1,-0.743665970,0.131870845
50,92,1,-0.743664395,0.131870845
51,92,1,-0.743662820,0.131870845
52,92,1,-0.743661245,0.131870845
53,92,1,-0.743659670,0.131870845
54,92,1,-0.743658096,0.131870845
55,92,1,-0.743656521,0.131870845
56,92,1,-0.743654946,0.131870845
57,92,1,-0.743653371,0.131870845
58,92,1,-0.743651796,0.131870845
59,92,1,-0.743650222,0.131870845
60,92,1,-0.743648647,0.131870845
61,92,1,-0.743647072,0.131870845
62,92,1,-0.743645497,0.131870845
63,92,1,-0.743643922,0.131870845
64,92,1,-0.743642348,0.131870845
65,92,1,-0.743640773,0.131870845
66,92,1,-0.743639198,0.131870845
67,92,1,-0.743637623,0.131870845
68,92,1,-0.743636048,0.131870845
69,92,1,-0.743634474,0.131870845
70,92,1,-0.743632899,0.131870845
71,92,1,-0.743631324,0.131870845
72,92,1,-0.743629749,0.131870845
73,92,1,-0.743628174,0.131870845
74,92,1,-0.743626600,0.131870845
75,92,1,-0.743625025,0.131870845
76,92,1,-0.743623450,0.131870845
77,92,1,-0.743621875,0.131870845
78,92,1,-0.743620300,0.131870845
79,92,1,-0.743618726,0.131870845
80,92,1,-0.743617151,0.131870845
81,92,1,-0.743615576,0.131870845
82,92,1,-0.743614001,0.131870845
83,92,1,-0.743612426,0.131870845
84,92,1,-0.743610852,0.131870845
85,92,1,-0.743609277,0.131870845
86,92,1,-0.743607702,0.131870845
87,92,1,-0.743606127,0.131870845
88,92,1,-0.743604552,0.131870845
89,92,1,-0.743602978,0.131870845
90,92,1,-0.743601403,0.131870845
91,92,1,-0.743599828,0.131870845
92,92,1,-0.743598253,0.131870845
93,92,1,-0.743596678,0.131870845
94,92,1,-0.743595104,0.131870845
95,92,1,-0.743593529,0.131870845
96,92,1,-0.743591954,0.131870845
97,92,1,-0.743590379,0.131870845
98,92,1,-0.743588804,0.131870845
99,92,1,-0.743587229,0.131870845
100,92,1,-0.743585655,0.131870845
101,92,1,-0.743584080,0.131870845
102,92,1,-0.743582505,0.131870845
103,92,1,-0.743580930,0.131870845
104,92,1,-0.743579355,0.131870845
105,92,1,-0.743577781,0.131870845
106,92,1,-0.743576206,0.131870845
107,92,1,-0.743574631,0.131870845
108,92,1,-0.743573056,0.131870845
109,92,1,-0.743571481,0.131870845
110,92,1,-0.743569907,0.131870845
111,92,1,-0.743568332,0.131870845
112,92,1,-0.743566757,0.131870845
113,92,1,-0.743565182,0.131870845
114,92,1,-0.743563607,0.131870845
115,92,1,-0.743562033,0.131870845
116,92,1,-0.743560458,0.131870845
117,92,1,-0.743558883,0.131870845
118,92,1,-0.743557308,0.131870845
119,92,1,-0.743555733,0.131870845
120,92,1,-0.743554159,0.131870845
121,92,1,-0.743552584,0.131870845
122,92,1,-0.743551009,0.131870845
123,92,1,-0.743549434,0.131870845
124,92,1,-0.743547859,0.131870845
125,92,1,-0.743546285,0.131870845
126,92,1,-0.743544710,0.131870845
127,92,1,-0.743543135,0.131870845
0,93,1,-0.743743135,0.131872420
1,93,1,-0.743741560,0.131872420
2,93,1,-0.743739985,0.131872420
3,93,1,-0.743738411,0.131872420
4,93,1,-0.743736836,0.131872420
5,93,1,-0.743735261,0.131872420
6,93,1,-0.743733686,0.131872420
7,93,1,-0.743732111,0.131872420
8,93,1,-0.743730537,0.131872420
9,93,1,-0.743728962,0.131872420
10,93,1,-0.743727387,0.131872420
11,93,1,-0.743725812,0.131872420
12,93,1,-0.743724237,0.131872420
13,93,1,-0.743722663,0.131872420
14,93,1,-0.743721088,0.131872420
15,93,1,-0.743719513,0.131872420
16,93,1,-0.743717938,0.131872420
17,93,1,-0.743716363,0.131872420
18,93,1,-0.743714789,0.131872420
19,93,1,-0.743713214,0.131872420
20,93,1,-0.743711639,0.131872420
21,93,1,-0.743710064,0.131872420
22,93,1,-0.743708489,0.131872420
23,93,1,-0.743706915,0.131872420
24,93,1,-0.743705340,0.131872420
25,93,1,-0.743703765,0.131872420
26,93,1,-0.743702190,0.131872420
27,93,1,-0.743700615,0.131872420
28,93,1,-0.743699041,0.131872420
29,93,1,-0.743697466,0.131872420
30,93,1,-0.743695891,0.131872420
31,93,1,-0.743694316,0.131872420
32,93,1,-0.743692741,0.131872420
33,93,1,-0.743691166,0.131872420
34,93,1,-0.743689592,0.131872420
35,93,1,-0.743688017,0.131872420
36,93,1,-0.743686442,0.131872420
37,93,1,-0.743684867,0.131872420
38,93,1,-0.743683292,0.131872420
39,93,1,-0.743681718,0.131872420
40,93,1,-0.743680143,0.131872420
41,93,1,-0.743678568,0.131872420
42,93,1,-0.743676993,0.131872420
43,93,1,-0.743675418,0.131872420
44,93,1,-0.743673844,0.131872420
45,93,1,-0.743672269,0.131872420
46,93,1,-0.743670694,0.131872420
47,93,1,-0.743669119,0.131872420
48,93,1,-0.743667544,0.131872420
49,93,1,-0.743665970,0.131872420
50,93,1,-0.743664395,0.131872420
51,93,1,-0.743662820,0.131872420
52,93,1,-0.743661245,0.131872420
53,93,1,-0.743659670,0.131872420
54,93,1,-0.743658096,0.131872420
55,93,1,-0.743656521,0.131872420
56,93,1,-0.743654946,0.131872420
57,93,1,-0.743653371,0.131872420
58,93,1,-0.743651796,0.131872420
59,93,1,-0.743650222,0.131872420
60,93,1,-0.743648647,0.131872420
61,93,1,-0.743647072,0.131872420
62,93,1,-0.743645497,0.131872420
63,93,1,-0.743643922,0.131872420
64,93,1,-0.743642348,0.131872420
65,93,1,-0.743640773,0.131872420
66,93,1,-0.743639198,0.131872420
67,93,1,-0.743637623,0.131872420
68,93,1,-0.743636048,0.131872420
69,93,1,-0.743634474,0.131872420
70,93,1,-0.743632899,0.131872420
71,93,1,-0.743631324,0.131872420
72,93,1,-0.743629749,0.131872420
73,93,1,-0.743628174,0.131872420
74,93,1,-0.743626600,0.131872420
75,93,1,-0.743625025,0.131872420
76,93,1,-0.743623450,0.131872420
77,93,1,-0.743621875,0.131872420
78,93,1,-0.743620300,0.131872420
79,93,1,-0.743618726,0.131872420
80,93,1,-0.743617151,0.131872420
81,93,1,-0.743615576,0.131872420
82,93,1,-0.743614001,0.131872420
83,93,1,-0.743612426,0.131872420
84,93,1,-0.743610852,0.131872420
85,93,1,-0.743609277,0.131872420
86,93,1,-0.743607702,0.131872420
87,93,1,-0.743606127,0.131872420
88,93,1,-0.743604552,0.131872420
89,93,1,-0.743602978,0.131872420
90,93,1,-0.743601403,0.131872420
91,93,1,-0.743599828,0.131872420
92,93,1,-0.743598253,0.131872420
93,93,1,-0.743596678,0.131872420
94,93,1,-0.743595104,0.131872420
95,93,1,-0.743593529,0.131872420
96,93,1,-0.743591954,0.131872420
97,93,1,-0.743590379,0.131872420
98,93,1,-0.743588804,0.131872420
99,93,1,-0.743587229,0.131872420
100,93,1,-0.743585655,0.131872420
101,93,1,-0.743584080,0.131872420
102,93,1,-0.743582505,0.131872420
103,93,1,-0.743580930,0.131872420
104,93,1,-0.743579355,0.131872420
105,93,1,-0.743577781,0.131872420
106,93,1,-0.743576206,0.131872420
107,93,1,-0.743574631,0.131872420
108,93,1,-0.743573056,0.131872420
109,93,1,-0.743571481,0.131872420
110,93,1,-0.743569907,0.131872420
111,93,1,-0.743568332,0.131872420
112,93,1,-0.743566757,0.131872420
113,93,1,-0.743565182,0.131872420
114,93,1,-0.743563607,0.131872420
115,93,1,-0.743562033,0.131872420
116,93,1,-0.743560458,0.131872420
117,93,1,-0.743558883,0.131872420
118,93,1,-0.743557308,0.131872420
119,93,1,-0.743555733,0.131872420
120,93,1,-0.743554159,0.131872420
121,93,1,-0.743552584,0.131872420
122,93,1,-0.743551009,0.131872420
123,93,1,-0.743549434,0.131872420
124,93,1,-0.743547859,0.131872420
125,93,1,-0.743546285,0.131872420
126,93,1,-0.743544710,0.131872420
127,93,1,-0.743543135,0.131872420
0,94,1,-0.743743135,0.131873994
1,94,1,-0.743741560,0.131873994
2,94,1,-0.743739985,0.131873994
3,94,1,-0.743738411,0.131873994
4,94,1,-0.743736836,0.131873994
5,94,1,-0.743735261,0.131873994
6,94,1,-0.743733686,0.131873994
7,94,1,-0.743732111,0.131873994
8,94,1,-0.743730537,0.131873994
9,94,1,-0.743728962,0.131873994
10,94,1,-0.743727387,0.131873994
11,94,1,-0.743725812,0.131873994
12,94,1,-0.743724237,0.131873994
13,94,1,-0.743722663,0.131873994
14,94,1,-0.743721088,0.131873994
15,94,1,-0.743719513,0.131873994
16,94,1,-0.743717938,0.131873994
17,94,1,-0.743716363,0.131873994
18,94,1,-0.743714789,0.131873994
19,94,1,-0.743713214,0.131873994
20,94,1,-0.743711639,0.131873994
21,94,1,-0.743710064,0.131873994
22,94,1,-0.743708489,0.131873994
23,94,1,-0.743706915,0.131873994
24,94,1,-0.743705340,0.131873994
25,94,1,-0.743703765,0.131873994
26,94,1,-0.743702190,0.131873994
27,94,1,-0.743700615,0.131873994
28,94,1,-0.743699041,0.131873994
29,94,1,-0.743697466,0.131873994
30,94,1,-0.743695891,0.131873994
31,94,1,-0.743694316,0.131873994
32,94,1,-0.743692741,0.131873994
33,94,1,-0.743691166,0.131873994
34,94,1,-0.743689592,0.131873994
35,94,1,-0.743688017,0.131873994
36,94,1,-0.743686442,0.131873994
37,94,1,-0.743684867,0.131873994
38,94,1,-0.743683292,0.131873994
39,94,1,-0.743681718,0.131873994
40,94,1,-0.743680143,0.131873994
41,94,1,-0.743678568,0.131873994
42,94,1,-0.743676993,0.131873994
43,94,1,-0.743675418,0.131873994
44,94,1,-0.743673844,0.131873994
45,94,1,-0.743672269,0.131873994
46,94,1,-0.743670694,0.131873994
47,94,1,-0.743669119,0.131873994
48,94,1,-0.743667544,0.131873994
49,94,1,-0.743665970,0.131873994
50,94,1,-0.743664395,0.131873994
51,94,1,-0.743662820,0.131873994
52,94,1,-0.743661245,0.131873994
53,94,1,-0.743659670,0.131873994
54,94,1,-0.743658096,0.131873994
55,94,1,-0.743656521,0.131873994
56,94,1,-0.743654946,0.131873994
57,94,1,-0.743653371,0.131873994
58,94,1,-0.743651796,0.131873994
59,94,1,-0.743650222,0.131873994
60,94,1,-0.743648647,0.131873994
61,94,1,-0.743647072,0.131873994
62,94,1,-0.743645497,0.131873994
63,94,1,-0.743643922,0.131873994
64,94,1,-0.743642348,0.131873994
65,94,1,-0.743640773,0.131873994
66,94,1,-0.743639198,0.131873994
67,94,1,-0.743637623,0.131873994
68,94,1,-0.743636048,0.131873994
69,94,1,-0.743634474,0.131873994
70,94,1,-0.743632899,0.131873994
71,94,1,-0.743631324,0.131873994
72,94,1,-0.743629749,0.131873994
73,94,1,-0.743628174,0.131873994
74,94,1,-0.743626600,0.131873994
75,94,1,-0.743625025,0.131873994
76,94,1,-0.743623450,0.131873994
77,94,1,-0.743621875,0.131873994
78,94,1,-0.743620300,0.131873994
79,94,1,-0.743618726,0.131873994
80,94,1,-0.743617151,0.131873994
81,94,1,-0.743615576,0.131873994
82,94,1,-0.743614001,0.131873994
83,94,1,-0.743612426,0.131873994
84,94,1,-0.743610852,0.131873994
85,94,1,-0.743609277,0.131873994
86,94,1,-0.743607702,0.131873994
87,94,1,-0.743606127,0.131873994
88,94,1,-0.743604552,0.131873994
89,94,1,-0.743602978,0.131873994
90,94,1,-0.743601403,0.131873994
91,94,1,-0.743599828,0.131873994
92,94,1,-0.743598253,0.131873994
93,94,1,-0.743596678,0.131873994
94,94,1,-0.743595104,0.131873994
95,94,1,-0.743593529,0.131873994
96,94,1,-0.743591954,0.131873994
97,94,1,-0.743590379,0.131873994
98,94,1,-0.743588804,0.131873994
99,94,1,-0.743587229,0.131873994
100,94,1,-0.743585655,0.131873994
101,94,1,-0.743584080,0.131873994
102,94,1,-0.743582505,0.131873994
103,94,1,-0.743580930,0.131873994
104,94,1,-0.743579355,0.131873994
105,94,1,-0.743577781,0.131873994
106,94,1,-0.743576206,0.131873994
107,94,1,-0.743574631,0.131873994
108,94,1,-0.743573056,0.131873994
109,94,1,-0.743571481,0.131873994
110,94,1,-0.743569907,0.131873994
111,94,1,-0.743568332,0.131873994
112,94,1,-0.743566757,0.131873994
113,94,1,-0.743565182,0.131873994
114,94,1,-0.743563607,0.131873994
115,94,1,-0.743562033,0.131873994
116,94,1,-0.743560458,0.131873994
117,94,1,-0.743558883,0.131873994
118,94,1,-0.743557308,0.131873994
119,94,1,-0.743555733,0.131873994
120,94,1,-0.743554159,0.131873994
121,94,1,-0.743552584,0.131873994
122,94,1,-0.743551009,0.131873994
123,94,1,-0.743549434,0.131873994
124,94,1,-0.743547859,0.131873994
125,94,1,-0.743546285,0.131873994
126,94,1,-0.743544710,0.131873994
127,94,1,-0.743543135,0.131873994
0,95,1,-0.743743135,0.131875569
1,95,1,-0.743741560,0.131875569
2,95,1,-0.743739985,0.131875569
3,95,1,-0.743738411,0.131875569
4,95,1,-0.743736836,0.131875569
5,95,1,-0.743735261,0.131875569
6,95,1,-0.743733686,0.131875569
7,95,1,-0.743732111,0.131875569
8,95,1,-0.743730537,0.131875569
9,95,1,-0.743728962,0.131875569
10,95,1,-0.743727387,0.131875569
11,95,1,-0.743725812,0.131875569
12,95,1,-0.743724237,0.131875569
13,95,1,-0.743722663,0.131875569
14,95,1,-0.743721088,0.131875569
15,95,1,-0.743719513,0.131875569
16,95,1,-0.743717938,0.131875569
17,95,1,-0.743716363,0.131875569
18,95,1,-0.743714789,0.131875569
19,95,1,-0.743713214,0.131875569
20,95,1,-0.743711639,0.131875569
21,95,1,-0.743710064,0.131875569
22,95,1,-0.743708489,0.131875569
23,95,1,-0.743706915,0.131875569
24,95,1,-0.743705340,0.131875569
25,95,1,-0.743703765,0.131875569
26,95,1,-0.743702190,0.131875569
27,95,1,-0.743700615,0.131875569
28,95,1,-0.743699041,0.131875569
29,95,1,-0.743697466,0.131875569
30,95,1,-0.743695891,0.131875569
31,95,1,-0.743694316,0.131875569
32,95,1,-0.743692741,0.131875569
33,95,1,-0.743691166,0.131875569
34,95,1,-0.743689592,0.131875569
35,95,1,-0.743688017,0.131875569
36,95,1,-0.743686442,0.131875569
37,95,1,-0.743684867,0.131875569
38,95,1,-0.743683292,0.131875569
39,95,1,-0.743681718,0.131875569
40,95,1,-0.743680143,0.131875569
41,95,1,-0.743678568,0.131875569
42,95,1,-0.743676993,0.131875569
43,95,1,-0.743675418,0.131875569
44,95,1,-0.743673844,0.131875569
45,95,1,-0.743672269,0.131875569
46,95,1,-0.743670694,0.131875569
47,95,1,-0.743669119,0.131875569
48,95,1,-0.743667544,0.131875569
49,95,1,-0.743665970,0.131875569
50,95,1,-0.743664395,0.131875569
51,95,1,-0.743662820,0.131875569
52,95,1,-0.743661245,0.131875569
53,95,1,-0.743659670,0.131875569
54,95,1,-0.743658096,0.131875569
55,95,1,-0.743656521,0.131875569
56,95,1,-0.743654946,0.131875569
57,95,1,-0.743653371,0.131875569
58,95,1,-0.743651796,0.131875569
59,95,1,-0.743650222,0.131875569
60,95,1,-0.743648647,0.131875569
61,95,1,-0.743647072,0.131875569
62,95,1,-0.743645497,0.131875569
63,95,1,-0.743643922,0.131875569
64,95,1,-0.743642348,0.131875569
65,95,1,-0.743640773,0.131875569
66,95,1,-0.743639198,0.131875569
67,95,1,-0.743637623,0.131875569
68,95,1,-0.743636048,0.131875569
69,95,1,-0.743634474,0.131875569
70,95,1,-0.743632899,0.131875569
71,95,1,-0.743631324,0.131875569
72,95,1,-0.743629749,0.131875569
73,95,1,-0.743628174,0.131875569
74,95,1,-0.743626600,0.131875569
75,95,1,-0.743625025,0.131875569
76,95,1,-0.743623450,0.131875569
77,95,1,-0.743621875,0.131875569
78,95,1,-0.743620300,0.131875569
79,95,1,-0.743618726,0.131875569
80,95,1,-0.743617151,0.131875569
81,95,1,-0.743615576,0.131875569
82,95,1,-0.743614001,0.131875569
83,95,1,-0.743612426,0.131875569
84,95,1,-0.743610852,0.131875569
85,95,1,-0.743609277,0.131875569
86,95,1,-0.743607702,0.131875569
87,95,1,-0.743606127,0.131875569
88,95,1,-0.743604552,0.131875569
89,95,1,-0.743602978,0.131875569
90,95,1,-0.743601403,0.131875569
91,95,1,-0.743599828,0.131875569
92,95,1,-0.743598253,0.131875569
93,95,1,-0.743596678,0.131875569
94,95,1,-0.743595104,0.131875569
95,95,1,-0.743593529,0.131875569
96,95,1,-0.743591954,0.131875569
97,95,1,-0.743590379,0.131875569
98,95,1,-0.743588804,0.131875569
99,95,1,-0.743587229,0.131875569
100,95,1,-0.743585655,0.131875569
101,95,1,-0.743584080,0.131875569
102,95,1,-0.743582505,0.131875569
103,95,1,-0.743580930,0.131875569
104,95,1,-0.743579355,0.131875569
105,95,1,-0.743577781,0.131875569
106,95,1,-0.743576206,0.131875569
107,95,1,-0.743574631,0.131875569
108,95,1,-0.743573056,0.131875569
109,95,1,-0.743571481,0.131875569
110,95,1,-0.743569907,0.131875569
111,95,1,-0.743568332,0.131875569
112,95,1,-0.743566757,0.131875569
113,95,1,-0.743565182,0.131875569
114,95,1,-0.743563607,0.131875569
115,95,1,-0.743562033,0.131875569
116,95,1,-0.743560458,0.131875569
117,95,1,-0.743558883,0.131875569
118,95,1,-0.743557308,0.131875569
119,95,1,-0.743555733,0.131875569
120,95,1,-0.743554159,0.131875569
121,95,1,-0.743552584,0.131875569
122,95,1,-0.743551009,0.131875569
123,95,1,-0.743549434,0.131875569
124,95,1,-0.743547859,0.131875569
125,95,1,-0.743546285,0.131875569
126,95,1,-0.743544710,0.131875569
127,95,1,-0.743543135,0.131875569
0,96,1,-0.743743135,0.131877144
1,96,1,-0.743741560,0.131877144
2,96,1,-0.743739985,0.131877144
3,96,1,-0.743738411,0.131877144
4,96,1,-0.743736836,0.131877144
5,96,1,-0.743735261,0.131877144
6,96,1,-0.743733686,0.131877144
7,96,1,-0.743732111,0.131877144
8,96,1,-0.743730537,0.131877144
9,96,1,-0.743728962,0.131877144
10,96,1,-0.743727387,0.131877144
11,96,1,-0.743725812,0.131877144
12,96,1,-0.743724237,0.131877144
13,96,1,-0.743722663,0.131877144
14,96,1,-0.743721088,0.131877144
15,96,1,-0.743719513,0.131877144
16,96,1,-0.743717938,0.131877144
17,96,1,-0.743716363,0.131877144
18,96,1,-0.743714789,0.131877144
19,96,1,-0.743713214,0.131877144
20,96,1,-0.743711639,0.131877144
21,96,1,-0.743710064,0.131877144
22,96,1,-0.743708489,0.131877144
23,96,1,-0.743706915,0.131877144
24,96,1,-0.743705340,0.131877144
25,96,1,-0.743703765,0.131877144
26,96,1,-0.743702190,0.131877144
27,96,1,-0.743700615,0.131877144
28,96,1,-0.743699041,0.131877144
29,96,1,-0.743697466,0.131877144
30,96,1,-0.743695891,0.131877144
31,96,1,-0.743694316,0.131877144
32,96,1,-0.743692741,0.131877144
33,96,1,-0.743691166,0.131877144
34,96,1,-0.743689592,0.131877144
35,96,1,-0.743688017,0.131877144
36,96,1,-0.743686442,0.131877144
37,96,1,-0.743684867,0.131877144
38,96,1,-0.743683292,0.131877144
39,96,1,-0.743681718,0.131877144
40,96,1,-0.743680143,0.131877144
41,96,1,-0.743678568,0.131877144
42,96,1,-0.743676993,0.131877144
43,96,1,-0.743675418,0.131877144
44,96,1,-0.743673844,0.131877144
45,96,1,-0.743672269,0.131877144
46,96,1,-0.743670694,0.131877144
47,96,1,-0.743669119,0.131877144
48,96,1,-0.743667544,0.131877144
49,96,1,-0.743665970,0.131877144
50,96,1,-0.743664395,0.131877144
51,96,1,-0.743662820,0.131877144
52,96,1,-0.743661245,0.131877144
53,96,1,-0.743659670,0.131877144
54,96,1,-0.743658096,0.131877144
55,96,1,-0.743656521,0.131877144
56,96,1,-0.743654946,0.131877144
57,96,1,-0.743653371,0.131877144
58,96,1,-0.743651796,0.131877144
59,96,1,-0.743650222,0.131877144
60,96,1,-0.743648647,0.131877144
61,96,1,-0.743647072,0.131877144
62,96,1,-0.743645497,0.131877144
63,96,1,-0.743643922,0.131877144
64,96,1,-0.743642348,0.131877144
65,96,1,-0.743640773,0.131877144
66,96,1,-0.743639198,0.131877144
67,96,1,-0.743637623,0.131877144
68,96,1,-0.743636048,0.131877144
69,96,1,-0.743634474,0.131877144
70,96,1,-0.743632899,0.131877144
71,96,1,-0.743631324,0.131877144
72,96,1,-0.743629749,0.131877144
73,96,1,-0.743628174,0.131877144
74,96,1,-0.743626600,0.131877144
75,96,1,-0.743625025,0.131877144
76,96,1,-0.743623450,0.131877144
77,96,1,-0.743621875,0.131877144
78,96,1,-0.743620300,0.131877144
79,96,1,-0.743618726,0.131877144
80,96,1,-0.743617151,0.131877144
81,96,1,-0.743615576,0.131877144
82,96,1,-0.743614001,0.131877144
83,96,1,-0.743612426,0.131877144
84,96,1,-0.743610852,0.131877144
85,96,1,-0.743609277,0.131877144
86,96,1,-0.743607702,0.131877144
87,96,1,-0.743606127,0.131877144
88,96,1,-0.743604552,0.131877144
89,96,1,-0.743602978,0.131877144
90,96,1,-0.743601403,0.131877144
91,96,1,-0.743599828,0.131877144
92,96,1,-0.743598253,0.131877144
93,96,1,-0.743596678,0.131877144
94,96,1,-0.743595104,0.131877144
95,96,1,-0.743593529,0.131877144
96,96,1,-0.743591954,0.131877144
97,96,1,-0.743590379,0.131877144
98,96,1,-0.743588804,0.131877144
99,96,1,-0.743587229,0.131877144
100,96,1,-0.743585655,0.131877144
101,96,1,-0.743584080,0.131877144
102,96,1,-0.743582505,0.131877144
103,96,1,-0.743580930,0.131877144
104,96,1,-0.743579355,0.131877144
105,96,1,-0.743577781,0.131877144
106,96,1,-0.743576206,0.131877144
107,96,1,-0.743574631,0.131877144
108,96,1,-0.743573056,0.131877144
109,96,1,-0.743571481,0.131877144
110,96,1,-0.743569907,0.131877144
111,96,1,-0.743568332,0.131877144
112,96,1,-0.743566757,0.131877144
113,96,1,-0.743565182,0.131877144
114,96,1,-0.743563607,0.131877144
115,96,1,-0.743562033,0.131877144
116,96,1,-0.743560458,0.131877144
117,96,1,-0.743558883,0.131877144
118,96,1,-0.743557308,0.131877144
119,96,1,-0.743555733,0.131877144
120,96,1,-0.743554159,0.131877144
121,96,1,-0.743552584,0.131877144
122,96,1,-0.743551009,0.131877144
123,96,1,-0.743549434,0.131877144
124,96,1,-0.743547859,0.131877144
125,96,1,-0.743546285,0.131877144
126,96,1,-0.743544710,0.131877144
127,96,1,-0.743543135,0.131877144
0,97,1,-0.743743135,0.131878719
1,97,1,-0.743741560,0.131878719
2,97,1,-0.743739985,0.131878719
3,97,1,-0.743738411,0.131878719
4,97,1,-0.743736836,0.131878719
5,97,1,-0.743735261,0.131878719
6,97,1,-0.743733686,0.131878719
7,97,1,-0.743732111,0.131878719
8,97,1,-0.743730537,0.131878719
9,97,1,-0.743728962,0.131878719
10,97,1,-0.743727387,0.131878719
11,97,1,-0.743725812,0.131878719
12,97,1,-0.743724237,0.131878719
13,97,1,-0.743722663,0.131878719
14,97,1,-0.743721088,0.131878719
15,97,1,-0.743719513,0.131878719
16,97,1,-0.743717938,0.131878719
17,97,1,-0.743716363,0.131878719
18,97,1,-0.743714789,0.131878719
19,97,1,-0.743713214,0.131878719
20,97,1,-0.743711639,0.131878719
21,97,1,-0.743710064,0.131878719
22,97,1,-0.743708489,0.131878719
23,97,1,-0.743706915,0.131878719
24,97,1,-0.743705340,0.131878719
25,97,1,-0.743703765,0.131878719
26,97,1,-0.743702190,0.131878719
27,97,1,-0.743700615,0.131878719
28,97,1,-0.743699041,0.131878719
29,97,1,-0.743697466,0.131878719
30,97,1,-0.743695891,0.131878719
31,97,1,-0.743694316,0.131878719
32,97,1,-0.743692741,0.131878719
33,97,1,-0.743691166,0.131878719
34,97,1,-0.743689592,0.131878719
35,97,1,-0.743688017,0.131878719
36,97,1,-0.743686442,0.131878719
37,97,1,-0.743684867,0.131878719
38,97,1,-0.743683292,0.131878719
39,97,1,-0.743681718,0.131878719
40,97,1,-0.743680143,0.131878719
41,97,1,-0.743678568,0.131878719
42,97,1,-0.743676993,0.131878719
43,97,1,-0.743675418,0.131878719
44,97,1,-0.743673844,0.131878719
45,97,1,-0.743672269,0.131878719
46,97,1,-0.743670694,0.131878719
47,97,1,-0.743669119,0.131878719
48,97,1,-0.743667544,0.131878719
49,97,1,-0.743665970,0.131878719
50,97,1,-0.743664395,0.131878719
51,97,1,-0.743662820,0.131878719
52,97,1,-0.743661245,0.131878719
53,97,1,-0.743659670,0.131878719
54,97,1,-0.743658096,0.131878719
55,97,1,-0.743656521,0.131878719
56,97,1,-0.743654946,0.131878719
57,97,1,-0.743653371,0.131878719
58,97,1,-0.743651796,0.131878719
59,97,1,-0.743650222,0.131878719
60,97,1,-0.743648647,0.131878719
61,97,1,-0.743647072,0.131878719
62,97,1,-0.743645497,0.131878719
63,97,1,-0.743643922,0.131878719
64,97,1,-0.743642348,0.131878719
65,97,1,-0.743640773,0.131878719
66,97,1,-0.743639198,0.131878719
67,97,1,-0.743637623,0.131878719
68,97,1,-0.743636048,0.131878719
69,97,1,-0.743634474,0.131878719
70,97,1,-0.743632899,0.131878719
71,97,1,-0.743631324,0.131878719
72,97,1,-0.743629749,0.131878719
73,97,1,-0.743628174,0.131878719
74,97,1,-0.743626600,0.131878719
75,97,1,-0.743625025,0.131878719
76,97,1,-0.743623450,0.131878719
77,97,1,-0.743621875,0.131878719
78,97,1,-0.743620300,0.131878719
79,97,1,-0.743618726,0.131878719
80,97,1,-0.743617151,0.131878719
81,97,1,-0.743615576,0.131878719
82,97,1,-0.743614001,0.131878719
83,97,1,-0.743612426,0.131878719
84,97,1,-0.743610852,0.131878719
85,97,1,-0.743609277,0.131878719
86,97,1,-0.743607702,0.131878719
87,97,1,-0.743606127,0.131878719
88,97,1,-0.743604552,0.131878719
89,97,1,-0.743602978,0.131878719
90,97,1,-0.743601403,0.131878719
91,97,1,-0.743599828,0.131878719
92,97,1,-0.743598253,0.131878719
93,97,1,-0.743596678,0.131878719
94,97,1,-0.743595104,0.131878719
95,97,1,-0.743593529,0.131878719
96,97,1,-0.743591954,0.131878719
97,97,1,-0.743590379,0.131878719
98,97,1,-0.743588804,0.131878719
99,97,1,-0.743587229,0.131878719
100,97,1,-0.743585655,0.131878719
101,97,1,-0.743584080,0.131878719
102,97,1,-0.743582505,0.131878719
103,97,1,-0.743580930,0.131878719
104,97,1,-0.743579355,0.131878719
105,97,1,-0.743577781,0.131878719
106,97,1,-0.743576206,0.131878719
107,97,1,-0.743574631,0.131878719
108,97,1,-0.743573056,0.131878719
109,97,1,-0.743571481,0.131878719
110,97,1,-0.743569907,0.131878719
111,97,1,-0.743568332,0.131878719
112,97,1,-0.743566757,0.131878719
113,97,1,-0.743565182,0.131878719
114,97,1,-0.743563607,0.131878719
115,97,1,-0.743562033,0.131878719
116,97,1,-0.743560458,0.131878719
117,97,1,-0.743558883,0.131878719
118,97,1,-0.743557308,0.131878719
119,97,1,-0.743555733,0.131878719
120,97,1,-0.743554159,0.131878719
121,97,1,-0.743552584,0.131878719
122,97,1,-0.743551009,0.131878719
123,97,1,-0.743549434,0.131878719
124,97,1,-0.743547859,0.131878719
125,97,1,-0.743546285,0.131878719
126,97,1,-0.743544710,0.131878719
127,97,1,-0.743543135,0.131878719
0,98,1,-0.743743135,0.131880294
1,98,1,-0.743741560,0.131880294
2,98,1,-0.743739985,0.131880294
3,98,1,-0.743738411,0.131880294
4,98,1,-0.743736836,0.131880294
5,98,1,-0.743735261,0.131880294
6,98,1,-0.743733686,0.131880294
7,98,1,-0.743732111,0.131880294
8,98,1,-0.743730537,0.131880294
9,98,1,-0.743728962,0.131880294
10,98,1,-0.743727387,0.131880294
11,98,1,-0.743725812,0.131880294
12,98,1,-0.743724237,0.131880294
13,98,1,-0.743722663,0.131880294
14,98,1,-0.743721088,0.131880294
15,98,1,-0.743719513,0.131880294
16,98,1,-0.743717938,0.131880294
17,98,1,-0.743716363,0.131880294
18,98,1,-0.743714789,0.131880294
19,98,1,-0.743713214,0.131880294
20,98,1,-0.743711639,0.131880294
21,98,1,-0.743710064,0.131880294
22,98,1,-0.743708489,0.131880294
23,98,1,-0.743706915,0.131880294
24,98,1,-0.743705340,0.131880294
25,98,1,-0.743703765,0.131880294
26,98,1,-0.743702190,0.131880294
27,98,1,-0.743700615,0.131880294
28,98,1,-0.743699041,0.131880294
29,98,1,-0.743697466,0.131880294
30,98,1,-0.743695891,0.131880294
31,98,1,-0.743694316,0.131880294
32,98,1,-0.743692741,0.131880294
33,98,1,-0.743691166,0.131880294
34,98,1,-0.743689592,0.131880294
35,98,1,-0.743688017,0.131880294
36,98,1,-0.743686442,0.131880294
37,98,1,-0.743684867,0.131880294
38,98,1,-0.743683292,0.131880294
39,98,1,-0.743681718,0.131880294
40,98,1,-0.743680143,0.131880294
41,98,1,-0.743678568,0.131880294
42,98,1,-0.743676993,0.131880294
43,98,1,-0.743675418,0.131880294
44,98,1,-0.743673844,0.131880294
45,98,1,-0.743672269,0.131880294
46,98,1,-0.743670694,0.131880294
47,98,1,-0.743669119,0.131880294
48,98,1,-0.743667544,0.131880294
49,98,1,-0.743665970,0.131880294
50,98,1,-0.743664395,0.131880294
51,98,1,-0.743662820,0.131880294
52,98,1,-0.743661245,0.131880294
53,98,1,-0.743659670,0.131880294
54,98,1,-0.743658096,0.131880294
55,98,1,-0.743656521,0.131880294
56,98,1,-0.743654946,0.131880294
57,98,1,-0.743653371,0.131880294
58,98,1,-0.743651796,0.131880294
59,98,1,-0.743650222,0.131880294
60,98,1,-0.743648647,0.131880294
61,98,1,-0.743647072,0.131880294
62,98,1,-0.743645497,0.131880294
63,98,1,-0.743643922,0.131880294
64,98,1,-0.743642348,0.131880294
65,98,1,-0.743640773,0.131880294
66,98,1,-0.743639198,0.131880294
67,98,1,-0.743637623,0.131880294
68,98,1,-0.743636048,0.131880294
69,98,1,-0.743634474,0.131880294
70,98,1,-0.743632899,0.131880294
71,98,1,-0.743631324,0.131880294
72,98,1,-0.743629749,0.131880294
73,98,1,-0.743628174,0.131880294
74,98,1,-0.743626600,0.131880294
75,98,1,-0.743625025,0.131880294
76,98,1,-0.743623450,0.131880294
77,98,1,-0.743621875,0.131880294
78,98,1,-0.743620300,0.131880294
79,98,1,-0.743618726,0.131880294
80,98,1,-0.743617151,0.131880294
81,98,1,-0.743615576,0.131880294
82,98,1,-0.743614001,0.131880294
83,98,1,-0.743612426,0.131880294
84,98,1,-0.743610852,0.131880294
85,98,1,-0.743609277,0.131880294
86,98,1,-0.743607702,0.131880294
87,98,1,-0.743606127,0.131880294
88,98,1,-0.743604552,0.131880294
89,98,1,-0.743602978,0.131880294
90,98,1,-0.743601403,0.131880294
91,98,1,-0.743599828,0.131880294
92,98,1,-0.743598253,0.131880294
93,98,1,-0.743596678,0.131880294
94,98,1,-0.743595104,0.131880294
95,98,1,-0.743593529,0.131880294
96,98,1,-0.743591954,0.131880294
97,98,1,-0.743590379,0.131880294
98,98,1,-0.743588804,0.131880294
99,98,1,-0.743587229,0.131880294
100,98,1,-0.743585655,0.131880294
101,98,1,-0.743584080,0.131880294
102,98,1,-0.743582505,0.131880294
103,98,1,-0.743580930,0.131880294
104,98,1,-0.743579355,0.131880294
105,98,1,-0.743577781,0.131880294
106,98,1,-0.743576206,0.131880294
107,98,1,-0.743574631,0.131880294
108,98,1,-0.743573056,0.131880294
109,98,1,-0.743571481,0.131880294
110,98,1,-0.743569907,0.131880294
111,98,1,-0.743568332,0.131880294
112,98,1,-0.743566757,0.131880294
113,98,1,-0.743565182,0.131880294
114,98,1,-0.743563607,0.131880294
115,98,1,-0.743562033,0.131880294
116,98,1,-0.743560458,0.131880294
117,98,1,-0.743558883,0.131880294
118,98,1,-0.743557308,0.131880294
119,98,1,-0.743555733,0.131880294
120,98,1,-0.743554159,0.131880294
121,98,1,-0.743552584,0.131880294
122,98,1,-0.743551009,0.131880294
123,98,1,-0.743549434,0.131880294
124,98,1,-0.743547859,0.131880294
125,98,1,-0.743546285,0.131880294
126,98,1,-0.743544710,0.131880294
127,98,1,-0.743543135,0.131880294
0,99,1,-0.743743135,0.131881869
1,99,1,-0.743741560,0.131881869
2,99,1,-0.743739985,0.131881869
3,99,1,-0.743738411,0.131881869
4,99,1,-0.743736836,0.131881869
5,99,1,-0.743735261,0.131881869
6,99,1,-0.743733686,0.131881869
7,99,1,-0.743732111,0.131881869
8,99,1,-0.743730537,0.131881869
9,99,1,-0.743728962,0.131881869
10,99,1,-0.743727387,0.131881869
11,99,1,-0.743725812,0.131881869
12,99,1,-0.743724237,0.131881869
13,99,1,-0.743722663,0.131881869
14,99,1,-0.743721088,0.131881869
15,99,1,-0.743719513,0.131881869
16,99,1,-0.743717938,0.131881869
17,99,1,-0.743716363,0.131881869
18,99,1,-0.743714789,0.131881869
19,99,1,-0.743713214,0.131881869
20,99,1,-0.743711639,0.131881869
21,99,1,-0.743710064,0.131881869
22,99,1,-0.743708489,0.131881869
23,99,1,-0.743706915,0.131881869
24,99,1,-0.743705340,0.131881869
25,99,1,-0.743703765,0.131881869
26,99,1,-0.743702190,0.131881869
27,99,1,-0.743700615,0.131881869
28,99,1,-0.743699041,0.131881869
29,99,1,-0.743697466,0.131881869
30,99,1,-0.743695891,0.131881869
31,99,1,-0.743694316,0.131881869
32,99,1,-0.743692741,0.131881869
33,99,1,-0.743691166,0.131881869
34,99,1,-0.743689592,0.131881869
35,99,1,-0.743688017,0.131881869
36,99,1,-0.743686442,0.131881869
37,99,1,-0.743684867,0.131881869
38,99,1,-0.743683292,0.131881869
39,99,1,-0.743681718,0.131881869
40,99,1,-0.743680143,0.131881869
41,99,1,-0.743678568,0.131881869
42,99,1,-0.743676993,0.131881869
43,99,1,-0.743675418,0.131881869
44,99,1,-0.743673844,0.131881869
45,99,1,-0.743672269,0.131881869
46,99,1,-0.743670694,0.131881869
47,99,1,-0.743669119,0.131881869
48,99,1,-0.743667544,0.131881869
49,99,1,-0.743665970,0.131881869
50,99,1,-0.743664395,0.131881869
51,99,1,-0.743662820,0.131881869
52,99,1,-0.743661245,0.131881869
53,99,1,-0.743659670,0.131881869
54,99,1,-0.743658096,0.131881869
55,99,1,-0.743656521,0.131881869
56,99,1,-0.743654946,0.131881869
57,99,1,-0.743653371,0.131881869
58,99,1,-0.743651796,0.131881869
59,99,1,-0.743650222,0.131881869
60,99,1,-0.743648647,0.131881869
61,99,1,-0.743647072,0.131881869
62,99,1,-0.743645497,0.131881869
63,99,1,-0.743643922,0.131881869
64,99,1,-0.743642348,0.131881869
65,99,1,-0.743640773,0.131881869
66,99,1,-0.743639198,0.131881869
67,99,1,-0.743637623,0.131881869
68,99,1,-0.743636048,0.131881869
69,99,1,-0.743634474,0.131881869
70,99,1,-0.743632899,0.131881869
71,99,1,-0.743631324,0.131881869
72,99,1,-0.743629749,0.131881869
73,99,1,-0.743628174,0.131881869
74,99,1,-0.743626600,0.131881869
75,99,1,-0.743625025,0.131881869
76,99,1,-0.743623450,0.131881869
77,99,1,-0.743621875,0.131881869
78,99,1,-0.743620300,0.131881869
79,99,1,-0.743618726,0.131881869
80,99,1,-0.743617151,0.131881869
81,99,1,-0.743615576,0.131881869
82,99,1,-0.743614001,0.131881869
83,99,1,-0.743612426,0.131881869
84,99,1,-0.743610852,0.131881869
85,99,1,-0.743609277,0.131881869
86,99,1,-0.743607702,0.131881869
87,99,1,-0.743606127,0.131881869
88,99,1,-0.743604552,0.131881869
89,99,1,-0.743602978,0.131881869
90,99,1,-0.743601403,0.131881869
91,99,1,-0.743599828,0.131881869
92,99,1,-0.743598253,0.131881869
93,99,1,-0.743596678,0.131881869
94,99,1,-0.743595104,0.131881869
95,99,1,-0.743593529,0.131881869
96,99,1,-0.743591954,0.131881869
97,99,1,-0.743590379,0.131881869
98,99,1,-0.743588804,0.131881869
99,99,1,-0.743587229,0.131881869
100,99,1,-0.743585655,0.131881869
101,99,1,-0.743584080,0.131881869
102,99,1,-0.743582505,0.131881869
103,99,1,-0.743580930,0.131881869
104,99,1,-0.743579355,0.131881869
105,99,1,-0.743577781,0.131881869
106,99,1,-0.743576206,0.131881869
107,99,1,-0.743574631,0.131881869
108,99,1,-0.743573056,0.131881869
109,99,1,-0.743571481,0.131881869
110,99,1,-0.743569907,0.131881869
111,99,1,-0.743568332,0.131881869
112,99,1,-0.743566757,0.131881869
113,99,1,-0.743565182,0.131881869
114,99,1,-0.743563607,0.131881869
115,99,1,-0.743562033,0.131881869
116,99,1,-0.743560458,0.131881869
117,99,1,-0.743558883,0.131881869
118,99,1,-0.743557308,0.131881869
119,99,1,-0.743555733,0.131881869
120,99,1,-0.743554159,0.131881869
121,99,1,-0.743552584,0.131881869
122,99,1,-0.743551009,0.131881869
123,99,1,-0.743549434,0.131881869
124,99,1,-0.743547859,0.131881869
125,99,1,-0.743546285,0.131881869
126,99,1,-0.743544710,0.131881869
127,99,1,-0.743543135,0.131881869
0,100,1,-0.743743135,0.131883443
1,100,1,-0.743741560,0.131883443
2,100,1,-0.743739985,0.131883443
3,100,1,-0.743738411,0.131883443
4,100,1,-0.743736836,0.131883443
5,100,1,-0.743735261,0.131883443
6,100,1,-0.743733686,0.131883443
7,100,1,-0.743732111,0.131883443
8,100,1,-0.743730537,0.131883443
9,100,1,-0.743728962,0.131883443
10,100,1,-0.743727387,0.131883443
11,100,1,-0.743725812,0.131883443
12,100,1,-0.743724237,0.131883443
13,100,1,-0.743722663,0.131883443
14,100,1,-0.743721088,0.131883443
15,100,1,-0.743719513,0.131883443
16,100,1,-0.743717938,0.131883443
17,100,1,-0.743716363,0.131883443
18,100,1,-0.743714789,0.131883443
19,100,1,-0.743713214,0.131883443
20,100,1,-0.743711639,0.131883443
21,100,1,-0.743710064,0.131883443
22,100,1,-0.743708489,0.131883443
23,100,1,-0.743706915,0.131883443
24,100,1,-0.743705340,0.131883443
25,100,1,-0.743703765,0.131883443
26,100,1,-0.743702190,0.131883443
27,100,1,-0.743700615,0.131883443
28,100,1,-0.743699041,0.131883443
29,100,1,-0.743697466,0.131883443
30,100,1,-0.743695891,0.131883443
31,100,1,-0.743694316,0.131883443
32,100,1,-0.743692741,0.131883443
33,100,1,-0.743691166,0.131883443
34,100,1,-0.743689592,0.131883443
35,100,1,-0.743688017,0.131883443
36,100,1,-0.743686442,0.131883443
37,100,1,-0.743684867,0.131883443
38,100,1,-0.743683292,0.131883443
39,100,1,-0.743681718,0.131883443
40,100,1,-0.743680143,0.131883443
41,100,1,-0.743678568,0.131883443
42,100,1,-0.743676993,0.131883443
43,100,1,-0.743675418,0.131883443
44,100,1,-0.743673844,0.131883443
45,100,1,-0.743672269,0.131883443
46,100,1,-0.743670694,0.131883443
47,100,1,-0.743669119,0.131883443
48,100,1,-0.743667544,0.131883443
49,100,1,-0.743665970,0.131883443
50,100,1,-0.743664395,0.131883443
51,100,1,-0.743662820,0.131883443
52,100,1,-0.743661245,0.131883443
53,100,1,-0.743659670,0.131883443
54,100,1,-0.743658096,0.131883443
55,100,1,-0.743656521,0.131883443
56,100,1,-0.743654946,0.131883443
57,100,1,-0.743653371,0.131883443
58,100,1,-0.743651796,0.131883443
59,100,1,-0.743650222,0.131883443
60,100,1,-0.743648647,0.131883443
61,100,1,-0.743647072,0.131883443
62,100,1,-0.743645497,0.131883443
63,100,1,-0.743643922,0.131883443
64,100,1,-0.743642348,0.131883443
65,100,1,-0.743640773,0.131883443
66,100,1,-0.743639198,0.131883443
67,100,1,-0.743637623,0.131883443
68,100,1,-0.743636048,0.131883443
69,100,1,-0.743634474,0.131883443
70,100,1,-0.743632899,0.131883443
71,100,1,-0.743631324,0.131883443
72,100,1,-0.743629749,0.131883443
73,100,1,-0.743628174,0.131883443
74,100,1,-0.743626600,0.131883443
75,100,1,-0.743625025,0.131883443
76,100,1,-0.743623450,0.131883443
77,100,1,-0.743621875,0.131883443
78,100,1,-0.743620300,0.131883443
79,100,1,-0.743618726,0.131883443
80,100,1,-0.743617151,0.131883443
81,100,1,-0.743615576,0.131883443
82,100,1,-0.743614001,0.131883443
83,100,1,-0.743612426,0.131883443
84,100,1,-0.743610852,0.131883443
85,100,1,-0.743609277,0.131883443
86,100,1,-0.743607702,0.131883443
87,100,1,-0.743606127,0.131883443
88,100,1,-0.743604552,0.131883443
89,100,1,-0.743602978,0.131883443
90,100,1,-0.743601403,0.131883443
91,100,1,-0.743599828,0.131883443
92,100,1,-0.743598253,0.131883443
93,100,1,-0.743596678,0.131883443
94,100,1,-0.743595104,0.131883443
95,100,1,-0.743593529,0.131883443
96,100,1,-0.743591954,0.131883443
97,100,1,-0.743590379,0.131883443
98,100,1,-0.743588804,0.131883443
99,100,1,-0.743587229,0.131883443
100,100,1,-0.743585655,0.131883443
101,100,1,-0.743584080,0.131883443
102,100,1,-0.743582505,0.131883443
103,100,1,-0.743580930,0.131883443
104,100,1,-0.743579355,0.131883443
105,100,1,-0.743577781,0.131883443
106,100,1,-0.743576206,0.131883443
107,100,1,-0.743574631,0.131883443
108,100,1,-0.743573056,0.131883443
109,100,1,-0.743571481,0.131883443
110,100,1,-0.743569907,0.131883443
111,100,1,-0.743568332,0.131883443
112,100,1,-0.743566757,0.131883443
113,100,1,-0.743565182,0.131883443
114,100,1,-0.743563607,0.131883443
115,100,1,-0.743562033,0.131883443
116,100,1,-0.743560458,0.131883443
117,100,1,-0.743558883,0.131883443
118,100,1,-0.743557308,0.131883443
119,100,1,-0.743555733,0.131883443
120,100,1,-0.743554159,0.131883443
121,100,1,-0.743552584,0.131883443
122,100,1,-0.743551009,0.131883443
123,100,1,-0.743549434,0.131883443
124,100,1,-0.743547859,0.131883443
125,100,1,-0.743546285,0.131883443
126,100,1,-0.743544710,0.131883443
127,100,1,-0.743543135,0.131883443
0,101,1,-0.743743135,0.131885018
1,101,1,-0.743741560,0.131885018
2,101,1,-0.743739985,0.131885018
3,101,1,-0.743738411,0.131885018
4,101,1,-0.743736836,0.131885018
5,101,1,-0.743735261,0.131885018
6,101,1,-0.743733686,0.131885018
7,101,1,-0.743732111,0.131885018
8,101,1,-0.743730537,0.131885018
9,101,1,-0.743728962,0.131885018
10,101,1,-0.743727387,0.131885018
11,101,1,-0.743725812,0.131885018
12,101,1,-0.743724237,0.131885018
13,101,1,-0.743722663,0.131885018
14,101,1,-0.743721088,0.131885018
15,101,1,-0.743719513,0.131885018
16,101,1,-0.743717938,0.131885018
17,101,1,-0.743716363,0.131885018
18,101,1,-0.743714789,0.131885018
19,101,1,-0.743713214,0.131885018
20,101,1,-0.743711639,0.131885018
21,101,1,-0.743710064,0.131885018
22,101,1,-0.743708489,0.131885018
23,101,1,-0.743706915,0.131885018
24,101,1,-0.743705340,0.131885018
25,101,1,-0.743703765,0.131885018
26,101,1,-0.743702190,0.131885018
27,101,1,-0.743700615,0.131885018
28,101,1,-0.743699041,0.131885018
29,101,1,-0.743697466,0.131885018
30,101,1,-0.743695891,0.131885018
31,101,1,-0.743694316,0.131885018
32,101,1,-0.743692741,0.131885018
33,101,1,-0.743691166,0.131885018
34,101,1,-0.743689592,0.131885018
35,101,1,-0.743688017,0.131885018
36,101,1,-0.743686442,0.131885018
37,101,1,-0.743684867,0.131885018
38,101,1,-0.743683292,0.131885018
39,101,1,-0.743681718,0.131885018
40,101,1,-0.743680143,0.131885018
41,101,1,-0.743678568,0.131885018
42,101,1,-0.743676993,0.131885018
43,101,1,-0.743675418,0.131885018
44,101,1,-0.743673844,0.131885018
45,101,1,-0.743672269,0.131885018
46,101,1,-0.743670694,0.131885018
47,101,1,-0.743669119,0.131885018
48,101,1,-0.743667544,0.131885018
49,101,1,-0.743665970,0.131885018
50,101,1,-0.743664395,0.131885018
51,101,1,-0.743662820,0.131885018
52,101,1,-0.743661245,0.131885018
53,101,1,-0.743659670,0.131885018
54,101,1,-0.743658096,0.131885018
55,101,1,-0.743656521,0.131885018
56,101,1,-0.743654946,0.131885018
57,101,1,-0.743653371,0.131885018
58,101,1,-0.743651796,0.131885018
59,101,1,-0.743650222,0.131885018
60,101,1,-0.743648647,0.131885018
61,101,1,-0.743647072,0.131885018
62,101,1,-0.743645497,0.131885018
63,101,1,-0.743643922,0.131885018
64,101,1,-0.743642348,0.131885018
65,101,1,-0.743640773,0.131885018
66,101,1,-0.743639198,0.131885018
67,101,1,-0.743637623,0.131885018
68,101,1,-0.743636048,0.131885018
69,101,1,-0.743634474,0.131885018
70,101,1,-0.743632899,0.131885018
71,101,1,-0.743631324,0.131885018
72,101,1,-0.743629749,0.131885018
73,101,1,-0.743628174,0.131885018
74,101,1,-0.743626600,0.131885018
75,101,1,-0.743625025,0.131885018
76,101,1,-0.743623450,0.131885018
77,101,1,-0.743621875,0.131885018
78,101,1,-0.743620300,0.131885018
79,101,1,-0.743618726,0.131885018
80,101,1,-0.743617151,0.131885018
81,101,1,-0.743615576,0.131885018
82,101,1,-0.743614001,0.131885018
83,101,1,-0.743612426,0.131885018
84,101,1,-0.743610852,0.131885018
85,101,1,-0.743609277,0.131885018
86,101,1,-0.743607702,0.131885018
87,101,1,-0.743606127,0.131885018
88,101,1,-0.743604552,0.131885018
89,101,1,-0.743602978,0.131885018
90,101,1,-0.743601403,0.131885018
91,101,1,-0.743599828,0.131885018
92,101,1,-0.743598253,0.131885018
93,101,1,-0.743596678,0.131885018
94,101,1,-0.743595104,0.131885018
95,101,1,-0.743593529,0.131885018
96,101,1,-0.743591954,0.131885018
97,101,1,-0.743590379,0.131885018
98,101,1,-0.743588804,0.131885018
99,101,1,-0.743587229,0.131885018
100,101,1,-0.743585655,0.131885018
101,101,1,-0.743584080,0.131885018
102,101,1,-0.743582505,0.131885018
103,101,1,-0.743580930,0.131885018
104,101,1,-0.743579355,0.131885018
105,101,1,-0.743577781,0.131885018
106,101,1,-0.743576206,0.131885018
107,101,1,-0.743574631,0.131885018
108,101,1,-0.743573056,0.131885018
109,101,1,-0.743571481,0.131885018
110,101,1,-0.743569907,0.131885018
111,101,1,-0.743568332,0.131885018
112,101,1,-0.743566757,0.131885018
113,101,1,-0.743565182,0.131885018
114,101,1,-0.743563607,0.131885018
115,101,1,-0.743562033,0.131885018
116,101,1,-0.743560458,0.131885018
117,101,1,-0.743558883,0.131885018
118,101,1,-0.743557308,0.131885018
119,101,1,-0.743555733,0.131885018
120,101,1,-0.743554159,0.131885018
121,101,1,-0.743552584,0.131885018
122,101,1,-0.743551009,0.131885018
123,101,1,-0.743549434,0.131885018
124,101,1,-0.743547859,0.131885018
125,101,1,-0.743546285,0.131885018
126,101,1,-0.743544710,0.131885018
127,101,1,-0.743543135,0.131885018
0,102,1,-0.743743135,0.131886593
1,102,1,-0.743741560,0.131886593
2,102,1,-0.743739985,0.131886593
3,102,1,-0.743738411,0.131886593
4,102,1,-0.743736836,0.131886593
5,102,1,-0.743735261,0.131886593
6,102,1,-0.743733686,0.131886593
7,102,1,-0.743732111,0.131886593
8,102,1,-0.743730537,0.131886593
9,102,1,-0.743728962,0.131886593
10,102,1,-0.743727387,0.131886593
11,102,1,-0.743725812,0.131886593
12,102,1,-0.743724237,0.131886593
13,102,1,-0.743722663,0.131886593
14,102,1,-0.743721088,0.131886593
15,102,1,-0.743719513,0.131886593
16,102,1,-0.743717938,0.131886593
17,102,1,-0.743716363,0.131886593
18,102,1,-0.743714789,0.131886593
19,102,1,-0.743713214,0.131886593
20,102,1,-0.743711639,0.131886593
21,102,1,-0.743710064,0.131886593
22,102,1,-0.743708489,0.131886593
23,102,1,-0.743706915,0.131886593
24,102,1,-0.743705340,0.131886593
25,102,1,-0.743703765,0.131886593
26,102,1,-0.743702190,0.131886593
27,102,1,-0.743700615,0.131886593
28,102,1,-0.743699041,0.131886593
29,102,1,-0.743697466,0.131886593
30,102,1,-0.743695891,0.131886593
31,102,1,-0.743694316,0.131886593
32,102,1,-0.743692741,0.131886593
33,102,1,-0.743691166,0.131886593
34,102,1,-0.743689592,0.131886593
35,102,1,-0.743688017,0.131886593
36,102,1,-0.743686442,0.131886593
37,102,1,-0.743684867,0.131886593
38,102,1,-0.743683292,0.131886593
39,102,1,-0.743681718,0.131886593
40,102,1,-0.743680143,0.131886593
41,102,1,-0.743678568,0.131886593
42,102,1,-0.743676993,0.131886593
43,102,1,-0.743675418,0.131886593
44,102,1,-0.743673844,0.131886593
45,102,1,-0.743672269,0.131886593
46,102,1,-0.743670694,0.131886593
47,102,1,-0.743669119,0.131886593
48,102,1,-0.743667544,0.131886593
49,102,1,-0.743665970,0.131886593
50,102,1,-0.743664395,0.131886593
51,102,1,-0.743662820,0.131886593
52,102,1,-0.743661245,0.131886593
53,102,1,-0.743659670,0.131886593
54,102,1,-0.743658096,0.131886593
55,102,1,-0.743656521,0.131886593
56,102,1,-0.743654946,0.131886593
57,102,1,-0.743653371,0.131886593
58,102,1,-0.743651796,0.131886593
59,102,1,-0.743650222,0.131886593
60,102,1,-0.743648647,0.131886593
61,102,1,-0.743647072,0.131886593
62,102,1,-0.743645497,0.131886593
63,102,1,-0.743643922,0.131886593
64,102,1,-0.743642348,0.131886593
65,102,1,-0.743640773,0.131886593
66,102,1,-0.743639198,0.131886593
67,102,1,-0.743637623,0.131886593
68,102,1,-0.743636048,0.131886593
69,102,1,-0.743634474,0.131886593
70,102,1,-0.743632899,0.131886593
71,102,1,-0.743631324,0.131886593
72,102,1,-0.743629749,0.131886593
73,102,1,-0.743628174,0.131886593
74,102,1,-0.743626600,0.131886593
75,102,1,-0.743625025,0.131886593
76,102,1,-0.743623450,0.131886593
77,102,1,-0.743621875,0.131886593
78,102,1,-0.743620300,0.131886593
79,102,1,-0.743618726,0.131886593
80,102,1,-0.743617151,0.131886593
81,102,1,-0.743615576,0.131886593
82,102,1,-0.743614001,0.131886593
83,102,1,-0.743612426,0.131886593
84,102,1,-0.743610852,0.131886593
85,102,1,-0.743609277,0.131886593
86,102,1,-0.743607702,0.131886593
87,102,1,-0.743606127,0.131886593
88,102,1,-0.743604552,0.131886593
89,102,1,-0.743602978,0.131886593
90,102,1,-0.743601403,0.131886593
91,102,1,-0.743599828,0.131886593
92,102,1,-0.743598253,0.131886593
93,102,1,-0.743596678,0.131886593
94,102,1,-0.743595104,0.131886593
95,102,1,-0.743593529,0.131886593
96,102,1,-0.743591954,0.131886593
97,102,1,-0.743590379,0.131886593
98,102,1,-0.743588804,0.131886593
99,102,1,-0.743587229,0.131886593
100,102,1,-0.743585655,0.131886593
101,102,1,-0.743584080,0.131886593
102,102,1,-0.743582505,0.131886593
103,102,1,-0.743580930,0.131886593
104,102,1,-0.743579355,0.131886593
105,102,1,-0.743577781,0.131886593
106,102,1,-0.743576206,0.131886593
107,102,1,-0.743574631,0.131886593
108,102,1,-0.743573056,0.131886593
109,102,1,-0.743571481,0.131886593
110,102,1,-0.743569907,0.131886593
111,102,1,-0.743568332,0.131886593
112,102,1,-0.743566757,0.131886593
113,102,1,-0.743565182,0.131886593
114,102,1,-0.743563607,0.131886593
115,102,1,-0.743562033,0.131886593
116,102,1,-0.743560458,0.131886593
117,102,1,-0.743558883,0.131886593
118,102,1,-0.743557308,0.131886593
119,102,1,-0.743555733,0.131886593
120,102,1,-0.743554159,0.131886593
121,102,1,-0.743552584,0.131886593
122,102,1,-0.743551009,0.131886593
123,102,1,-0.743549434,0.131886593
124,102,1,-0.743547859,0.131886593
125,102,1,-0.743546285,0.131886593
126,102,1,-0.743544710,0.131886593
127,102,1,-0.743543135,0.131886593
0,103,1,-0.743743135,0.131888168
1,103,1,-0.743741560,0.131888168
2,103,1,-0.743739985,0.131888168
3,103,1,-0.743738411,0.131888168
4,103,1,-0.743736836,0.131888168
5,103,1,-0.743735261,0.131888168
6,103,1,-0.743733686,0.131888168
7,103,1,-0.743732111,0.131888168
8,103,1,-0.743730537,0.131888168
9,103,1,-0.743728962,0.131888168
10,103,1,-0.743727387,0.131888168
11,103,1,-0.743725812,0.131888168
12,103,1,-0.743724237,0.131888168
13,103,1,-0.743722663,0.131888168
14,103,1,-0.743721088,0.131888168
15,103,1,-0.743719513,0.131888168
16,103,1,-0.743717938,0.131888168
17,103,1,-0.743716363,0.131888168
18,103,1,-0.743714789,0.131888168
19,103,1,-0.743713214,0.131888168
20,103,1,-0.743711639,0.131888168
21,103,1,-0.743710064,0.131888168
22,103,1,-0.743708489,0.131888168
23,103,1,-0.743706915,0.131888168
24,103,1,-0.743705340,0.131888168
25,103,1,-0.743703765,0.131888168
26,103,1,-0.743702190,0.131888168
27,103,1,-0.743700615,0.131888168
28,103,1,-0.743699041,0.131888168
29,103,1,-0.743697466,0.131888168
30,103,1,-0.743695891,0.131888168
31,103,1,-0.743694316,0.131888168
32,103,1,-0.743692741,0.131888168
33,103,1,-0.743691166,0.131888168
34,103,1,-0.743689592,0.131888168
35,103,1,-0.743688017,0.131888168
36,103,1,-0.743686442,0.131888168
37,103,1,-0.743684867,0.131888168
38,103,1,-0.743683292,0.131888168
39,103,1,-0.743681718,0.131888168
40,103,1,-0.743680143,0.131888168
41,103,1,-0.743678568,0.131888168
42,103,1,-0.743676993,0.131888168
43,103,1,-0.743675418,0.131888168
44,103,1,-0.743673844,0.131888168
45,103,1,-0.743672269,0.131888168
46,103,1,-0.743670694,0.131888168
47,103,1,-0.743669119,0.131888168
48,103,1,-0.743667544,0.131888168
49,103,1,-0.743665970,0.131888168
50,103,1,-0.743664395,0.131888168
51,103,1,-0.743662820,0.131888168
52,103,1,-0.743661245,0.131888168
53,103,1,-0.743659670,0.131888168
54,103,1,-0.743658096,0.131888168
55,103,1,-0.743656521,0.131888168
56,103,1,-0.743654946,0.131888168
57,103,1,-0.743653371,0.131888168
58,103,1,-0.743651796,0.131888168
59,103,1,-0.743650222,0.131888168
60,103,1,-0.743648647,0.131888168
61,103,1,-0.743647072,0.131888168
62,103,1,-0.743645497,0.131888168
63,103,1,-0.743643922,0.131888168
64,103,1,-0.743642348,0.131888168
65,103,1,-0.743640773,0.131888168
66,103,1,-0.743639198,0.131888168
67,103,1,-0.743637623,0.131888168
68,103,1,-0.743636048,0.131888168
69,103,1,-0.743634474,0.131888168
70,103,1,-0.743632899,0.131888168
71,103,1,-0.743631324,0.131888168
72,103,1,-0.743629749,0.131888168
73,103,1,-0.743628174,0.131888168
74,103,1,-0.743626600,0.131888168
75,103,1,-0.743625025,0.131888168
76,103,1,-0.743623450,0.131888168
77,103,1,-0.743621875,0.131888168
78,103,1,-0.743620300,0.131888168
79,103,1,-0.743618726,0.131888168
80,103,1,-0.743617151,0.131888168
81,103,1,-0.743615576,0.131888168
82,103,1,-0.743614001,0.131888168
83,103,1,-0.743612426,0.131888168
84,103,1,-0.743610852,0.131888168
85,103,1,-0.743609277,0.131888168
86,103,1,-0.743607702,0.131888168
87,103,1,-0.743606127,0.131888168
88,103,1,-0.743604552,0.131888168
89,103,1,-0.743602978,0.131888168
90,103,1,-0.743601403,0.131888168
91,103,1,-0.743599828,0.131888168
92,103,1,-0.743598253,0.131888168
93,103,1,-0.743596678,0.131888168
94,103,1,-0.743595104,0.131888168
95,103,1,-0.743593529,0.131888168
96,103,1,-0.743591954,0.131888168
97,103,1,-0.743590379,0.131888168
98,103,1,-0.743588804,0.131888168
99,103,1,-0.743587229,0.131888168
100,103,1,-0.743585655,0.131888168
101,103,1,-0.743584080,0.131888168
102,103,1,-0.743582505,0.131888168
103,103,1,-0.743580930,0.131888168
104,103,1,-0.743579355,0.131888168
105,103,1,-0.743577781,0.131888168
106,103,1,-0.743576206,0.131888168
107,103,1,-0.743574631,0.131888168
108,103,1,-0.743573056,0.131888168
109,103,1,-0.743571481,0.131888168
110,103,1,-0.743569907,0.131888168
111,103,1,-0.743568332,0.131888168
112,103,1,-0.743566757,0.131888168
113,103,1,-0.743565182,0.131888168
114,103,1,-0.743563607,0.131888168
115,103,1,-0.743562033,0.131888168
116,103,1,-0.743560458,0.131888168
117,103,1,-0.743558883,0.131888168
118,103,1,-0.743557308,0.131888168
119,103,1,-0.743555733,0.131888168
120,103,1,-0.743554159,0.131888168
121,103,1,-0.743552584,0.131888168
122,103,1,-0.743551009,0.131888168
123,103,1,-0.743549434,0.131888168
124,103,1,-0.743547859,0.131888168
125,103,1,-0.743546285,0.131888168
126,103,1,-0.743544710,0.131888168
127,103,1,-0.743543135,0.131888168
0,104,1,-0.743743135,0.131889743
1,104,1,-0.743741560,0.131889743
2,104,1,-0.743739985,0.131889743
3,104,1,-0.743738411,0.131889743
4,104,1,-0.743736836,0.131889743
5,104,1,-0.743735261,0.131889743
6,104,1,-0.743733686,0.131889743
7,104,1,-0.743732111,0.131889743
8,104,1,-0.743730537,0.131889743
9,104,1,-0.743728962,0.131889743
10,104,1,-0.743727387,0.131889743
11,104,1,-0.743725812,0.131889743
12,104,1,-0.743724237,0.131889743
13,104,1,-0.743722663,0.131889743
14,104,1,-0.743721088,0.131889743
15,104,1,-0.743719513,0.131889743
16,104,1,-0.743717938,0.131889743
17,104,1,-0.743716363,0.131889743
18,104,1,-0.743714789,0.131889743
19,104,1,-0.743713214,0.131889743
20,104,1,-0.743711639,0.131889743
21,104,1,-0.743710064,0.131889743
22,104,1,-0.743708489,0.131889743
23,104,1,-0.743706915,0.131889743
24,104,1,-0.743705340,0.131889743
25,104,1,-0.743703765,0.131889743
26,104,1,-0.743702190,0.131889743
27,104,1,-0.743700615,0.131889743
28,104,1,-0.743699041,0.131889743
29,104,1,-0.743697466,0.131889743
30,104,1,-0.743695891,0.131889743
31,104,1,-0.743694316,0.131889743
32,104,1,-0.743692741,0.131889743
33,104,1,-0.743691166,0.131889743
34,104,1,-0.743689592,0.131889743
35,104,1,-0.743688017,0.131889743
36,104,1,-0.743686442,0.131889743
37,104,1,-0.743684867,0.131889743
38,104,1,-0.743683292,0.131889743
39,104,1,-0.743681718,0.131889743
40,104,1,-0.743680143,0.131889743
41,104,1,-0.743678568,0.131889743
42,104,1,-0.743676993,0.131889743
43,104,1,-0.743675418,0.131889743
44,104,1,-0.743673844,0.131889743
45,104,1,-0.743672269,0.131889743
46,104,1,-0.743670694,0.131889743
47,104,1,-0.743669119,0.131889743
48,104,1,-0.743667544,0.131889743
49,104,1,-0.743665970,0.131889743
50,104,1,-0.743664395,0.131889743
51,104,1,-0.743662820,0.131889743
52,104,1,-0.743661245,0.131889743
53,104,1,-0.743659670,0.131889743
54,104,1,-0.743658096,0.131889743
55,104,1,-0.743656521,0.131889743
56,104,1,-0.743654946,0.131889743
57,104,1,-0.743653371,0.131889743
58,104,1,-0.743651796,0.131889743
59,104,1,-0.743650222,0.131889743
60,104,1,-0.743648647,0.131889743
61,104,1,-0.743647072,0.131889743
62,104,1,-0.743645497,0.131889743
63,104,1,-0.743643922,0.131889743
64,104,1,-0.743642348,0.131889743
65,104,1,-0.743640773,0.131889743
66,104,1,-0.743639198,0.131889743
67,104,1,-0.743637623,0.131889743
68,104,1,-0.743636048,0.131889743
69,104,1,-0.743634474,0.131889743
70,104,1,-0.743632899,0.131889743
71,104,1,-0.743631324,0.131889743
72,104,1,-0.743629749,0.131889743
73,104,1,-0.743628174,0.131889743
74,104,1,-0.743626600,0.131889743
75,104,1,-0.743625025,0.131889743
76,104,1,-0.743623450,0.131889743
77,104,1,-0.743621875,0.131889743
78,104,1,-0.743620300,0.131889743
79,104,1,-0.743618726,0.131889743
80,104,1,-0.743617151,0.131889743
81,104,1,-0.743615576,0.131889743
82,104,1,-0.743614001,0.131889743
83,104,1,-0.743612426,0.131889743
84,104,1,-0.743610852,0.131889743
85,104,1,-0.743609277,0.131889743
86,104,1,-0.743607702,0.131889743
87,104,1,-0.743606127,0.131889743
88,104,1,-0.743604552,0.131889743
89,104,1,-0.743602978,0.131889743
90,104,1,-0.743601403,0.131889743
91,104,1,-0.743599828,0.131889743
92,104,1,-0.743598253,0.131889743
93,104,1,-0.743596678,0.131889743
94,104,1,-0.743595104,0.131889743
95,104,1,-0.743593529,0.131889743
96,104,1,-0.743591954,0.131889743
97,104,1,-0.743590379,0.131889743
98,104,1,-0.743588804,0.131889743
99,104,1,-0.743587229,0.131889743
100,104,1,-0.743585655,0.131889743
101,104,1,-0.743584080,0.131889743
102,104,1,-0.743582505,0.131889743
103,104,1,-0.743580930,0.131889743
104,104,1,-0.743579355,0.131889743
105,104,1,-0.743577781,0.131889743
106,104,1,-0.743576206,0.131889743
107,104,1,-0.743574631,0.131889743
108,104,1,-0.743573056,0.131889743
109,104,1,-0.743571481,0.131889743
110,104,1,-0.743569907,0.131889743
111,104,1,-0.743568332,0.131889743
112,104,1,-0.743566757,0.131889743
113,104,1,-0.743565182,0.131889743
114,104,1,-0.743563607,0.131889743
115,104,1,-0.743562033,0.131889743
116,104,1,-0.743560458,0.131889743
117,104,1,-0.743558883,0.131889743
118,104,1,-0.743557308,0.131889743
119,104,1,-0.743555733,0.131889743
120,104,1,-0.743554159,0.131889743
121,104,1,-0.743552584,0.131889743
122,104,1,-0.743551009,0.131889743
123,104,1,-0.743549434,0.131889743
124,104,1,-0.743547859,0.131889743
125,104,1,-0.743546285,0.131889743
126,104,1,-0.743544710,0.131889743
127,104,1,-0.743543135,0.131889743
0,105,1,-0.743743135,0.131891317
1,105,1,-0.743741560,0.131891317
2,105,1,-0.743739985,0.131891317
3,105,1,-0.743738411,0.131891317
4,105,1,-0.743736836,0.131891317
5,105,1,-0.743735261,0.131891317
6,105,1,-0.743733686,0.131891317
7,105,1,-0.743732111,0.131891317
8,105,1,-0.743730537,0.131891317
9,105,1,-0.743728962,0.131891317
10,105,1,-0.743727387,0.131891317
11,105,1,-0.743725812,0.131891317
12,105,1,-0.743724237,0.131891317
13,105,1,-0.743722663,0.131891317
14,105,1,-0.743721088,0.131891317
15,105,1,-0.743719513,0.131891317
16,105,1,-0.743717938,0.131891317
17,105,1,-0.743716363,0.131891317
18,105,1,-0.743714789,0.131891317
19,105,1,-0.743713214,0.131891317
20,105,1,-0.743711639,0.131891317
21,105,1,-0.743710064,0.131891317
22,105,1,-0.743708489,0.131891317
23,105,1,-0.743706915,0.131891317
24,105,1,-0.743705340,0.131891317
25,105,1,-0.743703765,0.131891317
26,105,1,-0.743702190,0.131891317
27,105,1,-0.743700615,0.131891317
28,105,1,-0.743699041,0.131891317
29,105,1,-0.743697466,0.131891317
30,105,1,-0.743695891,0.131891317
31,105,1,-0.743694316,0.131891317
32,105,1,-0.743692741,0.131891317
33,105,1,-0.743691166,0.131891317
34,105,1,-0.743689592,0.131891317
35,105,1,-0.743688017,0.131891317
36,105,1,-0.743686442,0.131891317
37,105,1,-0.743684867,0.131891317
38,105,1,-0.743683292,0.131891317
39,105,1,-0.743681718,0.131891317
40,105,1,-0.743680143,0.131891317
41,105,1,-0.743678568,0.131891317
42,105,1,-0.743676993,0.131891317
43,105,1,-0.743675418,0.131891317
44,105,1,-0.743673844,0.131891317
45,105,1,-0.743672269,0.131891317
46,105,1,-0.743670694,0.131891317
47,105,1,-0.743669119,0.131891317
48,105,1,-0.743667544,0.131891317
49,105,1,-0.743665970,0.131891317
50,105,1,-0.743664395,0.131891317
51,105,1,-0.743662820,0.131891317
52,105,1,-0.743661245,0.131891317
53,105,1,-0.743659670,0.131891317
54,105,1,-0.743658096,0.131891317
55,105,1,-0.743656521,0.131891317
56,105,1,-0.743654946,0.131891317
57,105,1,-0.743653371,0.131891317
58,105,1,-0.743651796,0.131891317
59,105,1,-0.743650222,0.131891317
60,105,1,-0.743648647,0.131891317
61,105,1,-0.743647072,0.131891317
62,105,1,-0.743645497,0.131891317
63,105,1,-0.743643922,0.131891317
64,105,1,-0.743642348,0.131891317
65,105,1,-0.743640773,0.131891317
66,105,1,-0.743639198,0.131891317
67,105,1,-0.743637623,0.131891317
68,105,1,-0.743636048,0.131891317
69,105,1,-0.743634474,0.131891317
70,105,1,-0.743632899,0.131891317
71,105,1,-0.743631324,0.131891317
72,105,1,-0.743629749,0.131891317
73,105,1,-0.743628174,0.131891317
74,105,1,-0.743626600,0.131891317
75,105,1,-0.743625025,0.131891317
76,105,1,-0.743623450,0.131891317
77,105,1,-0.743621875,0.131891317
78,105,1,-0.743620300,0.131891317
79,105,1,-0.743618726,0.131891317
80,105,1,-0.743617151,0.131891317
81,105,1,-0.743615576,0.131891317
82,105,1,-0.743614001,0.131891317
83,105,1,-0.743612426,0.131891317
84,105,1,-0.743610852,0.131891317
85,105,1,-0.743609277,0.131891317
86,105,1,-0.743607702,0.131891317
87,105,1,-0.743606127,0.131891317
88,105,1,-0.743604552,0.131891317
89,105,1,-0.743602978,0.131891317
90,105,1,-0.743601403,0.131891317
91,105,1,-0.743599828,0.131891317
92,105,1,-0.743598253,0.131891317
93,105,1,-0.743596678,0.131891317
94,105,1,-0.743595104,0.131891317
95,105,1,-0.743593529,0.131891317
96,105,1,-0.743591954,0.131891317
97,105,1,-0.743590379,0.131891317
98,105,1,-0.743588804,0.131891317
99,105,1,-0.743587229,0.131891317
100,105,1,-0.743585655,0.131891317
101,105,1,-0.743584080,0.131891317
102,105,1,-0.743582505,0.131891317
103,105,1,-0.743580930,0.131891317
104,105,1,-0.743579355,0.131891317
105,105,1,-0.743577781,0.131891317
106,105,1,-0.743576206,0.131891317
107,105,1,-0.743574631,0.131891317
108,105,1,-0.743573056,0.131891317
109,105,1,-0.743571481,0.131891317
110,105,1,-0.743569907,0.131891317
111,105,1,-0.743568332,0.131891317
112,105,1,-0.743566757,0.131891317
113,105,1,-0.743565182,0.131891317
114,105,1,-0.743563607,0.131891317
115,105,1,-0.743562033,0.131891317
116,105,1,-0.743560458,0.131891317
117,105,1,-0.743558883,0.131891317
118,105,1,-0.743557308,0.131891317
119,105,1,-0.743555733,0.131891317
120,105,1,-0.743554159,0.131891317
121,105,1,-0.743552584,0.131891317
122,105,1,-0.743551009,0.131891317
123,105,1,-0.743549434,0.131891317
124,105,1,-0.743547859,0.131891317
125,105,1,-0.743546285,0.131891317
126,105,1,-0.743544710,0.131891317
127,105,1,-0.743543135,0.131891317
0,106,1,-0.743743135,0.131892892
1,106,1,-0.743741560,0.131892892
2,106,1,-0.743739985,0.131892892
3,106,1,-0.743738411,0.131892892
4,106,1,-0.743736836,0.131892892
5,106,1,-0.743735261,0.131892892
6,106,1,-0.743733686,0.131892892
7,106,1,-0.743732111,0.131892892
8,106,1,-0.743730537,0.131892892
9,106,1,-0.743728962,0.131892892
10,106,1,-0.743727387,0.131892892
11,106,1,-0.743725812,0.131892892
12,106,1,-0.743724237,0.131892892
13,106,1,-0.743722663,0.131892892
14,106,1,-0.743721088,0.131892892
15,106,1,-0.743719513,0.131892892
16,106,1,-0.743717938,0.131892892
17,106,1,-0.743716363,0.131892892
18,106,1,-0.743714789,0.131892892
19,106,1,-0.743713214,0.131892892
20,106,1,-0.743711639,0.131892892
21,106,1,-0.743710064,0.131892892
22,106,1,-0.743708489,0.131892892
23,106,1,-0.743706915,0.131892892
24,106,1,-0.743705340,0.131892892
25,106,1,-0.743703765,0.131892892
26,106,1,-0.743702190,0.131892892
27,106,1,-0.743700615,0.131892892
28,106,1,-0.743699041,0.131892892
29,106,1,-0.743697466,0.131892892
30,106,1,-0.743695891,0.131892892
31,106,1,-0.743694316,0.131892892
32,106,1,-0.743692741,0.131892892
33,106,1,-0.743691166,0.131892892
34,106,1,-0.743689592,0.131892892
35,106,1,-0.743688017,0.131892892
36,106,1,-0.743686442,0.131892892
37,106,1,-0.743684867,0.131892892
38,106,1,-0.743683292,0.131892892
39,106,1,-0.743681718,0.131892892
40,106,1,-0.743680143,0.131892892
41,106,1,-0.743678568,0.131892892
42,106,1,-0.743676993,0.131892892
43,106,1,-0.743675418,0.131892892
44,106,1,-0.743673844,0.131892892
45,106,1,-0.743672269,0.131892892
46,106,1,-0.743670694,0.131892892
47,106,1,-0.743669119,0.131892892
48,106,1,-0.743667544,0.131892892
49,106,1,-0.743665970,0.131892892
50,106,1,-0.743664395,0.131892892
51,106,1,-0.743662820,0.131892892
52,106,1,-0.743661245,0.131892892
53,106,1,-0.743659670,0.131892892
54,106,1,-0.743658096,0.131892892
55,106,1,-0.743656521,0.131892892
56,106,1,-0.743654946,0.131892892
57,106,1,-0.743653371,0.131892892
58,106,1,-0.743651796,0.131892892
59,106,1,-0.743650222,0.131892892
60,106,1,-0.743648647,0.131892892
61,106,1,-0.743647072,0.131892892
62,106,1,-0.743645497,0.131892892
63,106,1,-0.743643922,0.131892892
64,106,1,-0.743642348,0.131892892
65,106,1,-0.743640773,0.131892892
66,106,1,-0.743639198,0.131892892
67,106,1,-0.743637623,0.131892892
68,106,1,-0.743636048,0.131892892
69,106,1,-0.743634474,0.131892892
70,106,1,-0.743632899,0.131892892
71,106,1,-0.743631324,0.131892892
72,106,1,-0.743629749,0.131892892
73,106,1,-0.743628174,0.131892892
74,106,1,-0.743626600,0.131892892
75,106,1,-0.743625025,0.131892892
76,106,1,-0.743623450,0.131892892
77,106,1,-0.743621875,0.131892892
78,106,1,-0.743620300,0.131892892
79,106,1,-0.743618726,0.131892892
80,106,1,-0.743617151,0.131892892
81,106,1,-0.743615576,0.131892892
82,106,1,-0.743614001,0.131892892
83,106,1,-0.743612426,0.131892892
84,106,1,-0.743610852,0.131892892
85,106,1,-0.743609277,0.131892892
86,106,1,-0.743607702,0.131892892
87,106,1,-0.743606127,0.131892892
88,106,1,-0.743604552,0.131892892
89,106,1,-0.743602978,0.131892892
90,106,1,-0.743601403,0.131892892
91,106,1,-0.743599828,0.131892892
92,106,1,-0.743598253,0.131892892
93,106,1,-0.743596678,0.131892892
94,106,1,-0.743595104,0.131892892
95,106,1,-0.743593529,0.131892892
96,106,1,-0.743591954,0.131892892
97,106,1,-0.743590379,0.131892892
98,106,1,-0.743588804,0.131892892
99,106,1,-0.743587229,0.131892892
100,106,1,-0.743585655,0.131892892
101,106,1,-0.743584080,0.131892892
102,106,1,-0.743582505,0.131892892
103,106,1,-0.743580930,0.131892892
104,106,1,-0.743579355,0.131892892
105,106,1,-0.743577781,0.131892892
106,106,1,-0.743576206,0.131892892
107,106,1,-0.743574631,0.131892892
108,106,1,-0.743573056,0.131892892
109,106,1,-0.743571481,0.131892892
110,106,1,-0.743569907,0.131892892
111,106,1,-0.743568332,0.131892892
112,106,1,-0.743566757,0.131892892
113,106,1,-0.743565182,0.131892892
114,106,1,-0.743563607,0.131892892
115,106,1,-0.743562033,0.131892892
116,106,1,-0.743560458,0.131892892
117,106,1,-0.743558883,0.131892892
118,106,1,-0.743557308,0.131892892
119,106,1,-0.743555733,0.131892892
120,106,1,-0.743554159,0.131892892
121,106,1,-0.743552584,0.131892892
122,106,1,-0.743551009,0.131892892
123,106,1,-0.743549434,0.131892892
124,106,1,-0.743547859,0.131892892
125,106,1,-0.743546285,0.131892892
126,106,1,-0.743544710,0.131892892
127,106,1,-0.743543135,0.131892892
0,107,1,-0.743743135,0.131894467
1,107,1,-0.743741560,0.131894467
2,107,1,-0.743739985,0.131894467
3,107,1,-0.743738411,0.131894467
4,107,1,-0.743736836,0.131894467
5,107,1,-0.743735261,0.131894467
6,107,1,-0.743733686,0.131894467
7,107,1,-0.743732111,0.131894467
8,107,1,-0.743730537,0.131894467
9,107,1,-0.743728962,0.131894467
10,107,1,-0.743727387,0.131894467
11,107,1,-0.743725812,0.131894467
12,107,1,-0.743724237,0.131894467
13,107,1,-0.743722663,0.131894467
14,107,1,-0.743721088,0.131894467
15,107,1,-0.743719513,0.131894467
16,107,1,-0.743717938,0.131894467
17,107,1,-0.743716363,0.131894467
18,107,1,-0.743714789,0.131894467
19,107,1,-0.743713214,0.131894467
20,107,1,-0.743711639,0.131894467
21,107,1,-0.743710064,0.131894467
22,107,1,-0.743708489,0.131894467
23,107,1,-0.743706915,0.131894467
24,107,1,-0.743705340,0.131894467
25,107,1,-0.743703765,0.131894467
26,107,1,-0.743702190,0.131894467
27,107,1,-0.743700615,0.131894467
28,107,1,-0.743699041,0.131894467
29,107,1,-0.743697466,0.131894467
30,107,1,-0.743695891,0.131894467
31,107,1,-0.743694316,0.131894467
32,107,1,-0.743692741,0.131894467
33,107,1,-0.743691166,0.131894467
34,107,1,-0.743689592,0.131894467
35,107,1,-0.743688017,0.131894467
36,107,1,-0.743686442,0.131894467
37,107,1,-0.743684867,0.131894467
38,107,1,-0.743683292,0.131894467
39,107,1,-0.743681718,0.131894467
40,107,1,-0.743680143,0.131894467
41,107,1,-0.743678568,0.131894467
42,107,1,-0.743676993,0.131894467
43,107,1,-0.743675418,0.131894467
44,107,1,-0.743673844,0.131894467
45,107,1,-0.743672269,0.131894467
46,107,1,-0.743670694,0.131894467
47,107,1,-0.743669119,0.131894467
48,107,1,-0.743667544,0.131894467
49,107,1,-0.743665970,0.131894467
50,107,1,-0.743664395,0.131894467
51,107,1,-0.743662820,0.131894467
52,107,1,-0.743661245,0.131894467
53,107,1,-0.743659670,0.131894467
54,107,1,-0.743658096,0.131894467
55,107,1,-0.743656521,0.131894467
56,107,1,-0.743654946,0.131894467
57,107,1,-0.743653371,0.131894467
58,107,1,-0.743651796,0.131894467
59,107,1,-0.743650222,0.131894467
60,107,1,-0.743648647,0.131894467
61,107,1,-0.743647072,0.131894467
62,107,1,-0.743645497,0.131894467
63,107,1,-0.743643922,0.131894467
64,107,1,-0.743642348,0.131894467
65,107,1,-0.743640773,0.131894467
66,107,1,-0.743639198,0.131894467
67,107,1,-0.743637623,0.131894467
68,107,1,-0.743636048,0.131894467
69,107,1,-0.743634474,0.131894467
70,107,1,-0.743632899,0.131894467
71,107,1,-0.743631324,0.131894467
72,107,1,-0.743629749,0.131894467
73,107,1,-0.743628174,0.131894467
74,107,1,-0.743626600,0.131894467
75,107,1,-0.743625025,0.131894467
76,107,1,-0.743623450,0.131894467
77,107,1,-0.743621875,0.131894467
78,107,1,-0.743620300,0.131894467
79,107,1,-0.743618726,0.131894467
80,107,1,-0.743617151,0.131894467
81,107,1,-0.743615576,0.131894467
82,107,1,-0.743614001,0.131894467
83,107,1,-0.743612426,0.131894467
84,107,1,-0.743610852,0.131894467
85,107,1,-0.743609277,0.131894467
86,107,1,-0.743607702,0.131894467
87,107,1,-0.743606127,0.131894467
88,107,1,-0.743604552,0.131894467
89,107,1,-0.743602978,0.131894467
90,107,1,-0.743601403,0.131894467
91,107,1,-0.743599828,0.131894467
92,107,1,-0.743598253,0.131894467
93,107,1,-0.743596678,0.131894467
94,107,1,-0.743595104,0.131894467
95,107,1,-0.743593529,0.131894467
96,107,1,-0.743591954,0.131894467
97,107,1,-0.743590379,0.131894467
98,107,1,-0.743588804,0.131894467
99,107,1,-0.743587229,0.131894467
100,107,1,-0.743585655,0.131894467
101,107,1,-0.743584080,0.131894467
102,107,1,-0.743582505,0.131894467
103,107,1,-0.743580930,0.131894467
104,107,1,-0.743579355,0.131894467
105,107,1,-0.743577781,0.131894467
106,107,1,-0.743576206,0.131894467
107,107,1,-0.743574631,0.131894467
108,107,1,-0.743573056,0.131894467
109,107,1,-0.743571481,0.131894467
110,107,1,-0.743569907,0.131894467
111,107,1,-0.743568332,0.131894467
112,107,1,-0.743566757,0.131894467
113,107,1,-0.743565182,0.131894467
114,107,1,-0.743563607,0.131894467
115,107,1,-0.743562033,0.131894467
116,107,1,-0.743560458,0.131894467
117,107,1,-0.743558883,0.131894467
118,107,1,-0.743557308,0.131894467
119,107,1,-0.743555733,0.131894467
120,107,1,-0.743554159,0.131894467
121,107,1,-0.743552584,0.131894467
122,107,1,-0.743551009,0.131894467
123,107,1,-0.743549434,0.131894467
124,107,1,-0.743547859,0.131894467
125,107,1,-0.743546285,0.131894467
126,107,1,-0.743544710,0.131894467
127,107,1,-0.743543135,0.131894467
0,108,1,-0.743743135,0.131896042
1,108,1,-0.743741560,0.131896042
2,108,1,-0.743739985,0.131896042
3,108,1,-0.743738411,0.131896042
4,108,1,-0.743736836,0.131896042
5,108,1,-0.743735261,0.131896042
6,108,1,-0.743733686,0.131896042
7,108,1,-0.743732111,0.131896042
8,108,1,-0.743730537,0.131896042
9,108,1,-0.743728962,0.131896042
10,108,1,-0.743727387,0.131896042
11,108,1,-0.743725812,0.131896042
12,108,1,-0.743724237,0.131896042
13,108,1,-0.743722663,0.131896042
14,108,1,-0.743721088,0.131896042
15,108,1,-0.743719513,0.131896042
16,108,1,-0.743717938,0.131896042
17,108,1,-0.743716363,0.131896042
18,108,1,-0.743714789,0.131896042
19,108,1,-0.743713214,0.131896042
20,108,1,-0.743711639,0.131896042
21,108,1,-0.743710064,0.131896042
22,108,1,-0.743708489,0.131896042
23,108,1,-0.743706915,0.131896042
24,108,1,-0.743705340,0.131896042
25,108,1,-0.743703765,0.131896042
26,108,1,-0.743702190,0.131896042
27,108,1,-0.743700615,0.131896042
28,108,1,-0.743699041,0.131896042
29,108,1,-0.743697466,0.131896042
30,108,1,-0.743695891,0.131896042
31,108,1,-0.743694316,0.131896042
32,108,1,-0.743692741,0.131896042
33,108,1,-0.743691166,0.131896042
34,108,1,-0.743689592,0.131896042
35,108,1,-0.743688017,0.131896042
36,108,1,-0.743686442,0.131896042
37,108,1,-0.743684867,0.131896042
38,108,1,-0.743683292,0.131896042
39,108,1,-0.743681718,0.131896042
40,108,1,-0.743680143,0.131896042
41,108,1,-0.743678568,0.131896042
42,108,1,-0.743676993,0.131896042
43,108,1,-0.743675418,0.131896042
44,108,1,-0.743673844,0.131896042
45,108,1,-0.743672269,0.131896042
46,108,1,-0.743670694,0.131896042
47,108,1,-0.743669119,0.131896042
48,108,1,-0.743667544,0.131896042
49,108,1,-0.743665970,0.131896042
50,108,1,-0.743664395,0.131896042
51,108,1,-0.743662820,0.131896042
52,108,1,-0.743661245,0.131896042
53,108,1,-0.743659670,0.131896042
54,108,1,-0.743658096,0.131896042
55,108,1,-0.743656521,0.131896042
56,108,1,-0.743654946,0.131896042
57,108,1,-0.743653371,0.131896042
58,108,1,-0.743651796,0.131896042
59,108,1,-0.743650222,0.131896042
60,108,1,-0.743648647,0.131896042
61,108,1,-0.743647072,0.131896042
62,108,1,-0.743645497,0.131896042
63,108,1,-0.743643922,0.131896042
64,108,1,-0.743642348,0.131896042
65,108,1,-0.743640773,0.131896042
66,108,1,-0.743639198,0.131896042
67,108,1,-0.743637623,0.131896042
68,108,1,-0.743636048,0.131896042
69,108,1,-0.743634474,0.131896042
70,108,1,-0.743632899,0.131896042
71,108,1,-0.743631324,0.131896042
72,108,1,-0.743629749,0.131896042
73,108,1,-0.743628174,0.131896042
74,108,1,-0.743626600,0.131896042
75,108,1,-0.743625025,0.131896042
76,108,1,-0.743623450,0.131896042
77,108,1,-0.743621875,0.131896042
78,108,1,-0.743620300,0.131896042
79,108,1,-0.743618726,0.131896042
80,108,1,-0.743617151,0.131896042
81,108,1,-0.743615576,0.131896042
82,108,1,-0.743614001,0.131896042
83,108,1,-0.743612426,0.131896042
84,108,1,-0.743610852,0.131896042
85,108,1,-0.743609277,0.131896042
86,108,1,-0.743607702,0.131896042
87,108,1,-0.743606127,0.131896042
88,108,1,-0.743604552,0.131896042
89,108,1,-0.743602978,0.131896042
90,108,1,-0.743601403,0.131896042
91,108,1,-0.743599828,0.131896042
92,108,1,-0.743598253,0.131896042
93,108,1,-0.743596678,0.131896042
94,108,1,-0.743595104,0.131896042
95,108,1,-0.743593529,0.131896042
96,108,1,-0.743591954,0.131896042
97,108,1,-0.743590379,0.131896042
98,108,1,-0.743588804,0.131896042
99,108,1,-0.743587229,0.131896042
100,108,1,-0.743585655,0.131896042
101,108,1,-0.743584080,0.131896042
102,108,1,-0.743582505,0.131896042
103,108,1,-0.743580930,0.131896042
104,108,1,-0.743579355,0.131896042
105,108,1,-0.743577781,0.131896042
106,108,1,-0.743576206,0.131896042
107,108,1,-0.743574631,0.131896042
108,108,1,-0.743573056,0.131896042
109,108,1,-0.743571481,0.131896042
110,108,1,-0.743569907,0.131896042
111,108,1,-0.743568332,0.131896042
112,108,1,-0.743566757,0.131896042
113,108,1,-0.743565182,0.131896042
114,108,1,-0.743563607,0.131896042
115,108,1,-0.743562033,0.131896042
116,108,1,-0.743560458,0.131896042
117,108,1,-0.743558883,0.131896042
118,108,1,-0.743557308,0.131896042
119,108,1,-0.743555733,0.131896042
120,108,1,-0.743554159,0.131896042
121,108,1,-0.743552584,0.131896042
122,108,1,-0.743551009,0.131896042
123,108,1,-0.743549434,0.131896042
124,108,1,-0.743547859,0.131896042
125,108,1,-0.743546285,0.131896042
126,108,1,-0.743544710,0.131896042
127,108,1,-0.743543135,0.131896042
0,109,1,-0.743743135,0.131897617
1,109,1,-0.743741560,0.131897617
2,109,1,-0.743739985,0.131897617
3,109,1,-0.743738411,0.131897617
4,109,1,-0.743736836,0.131897617
5,109,1,-0.743735261,0.131897617
6,109,1,-0.743733686,0.131897617
7,109,1,-0.743732111,0.131897617
8,109,1,-0.743730537,0.131897617
9,109,1,-0.743728962,0.131897617
10,109,1,-0.743727387,0.131897617
11,109,1,-0.743725812,0.131897617
12,109,1,-0.743724237,0.131897617
13,109,1,-0.743722663,0.131897617
14,109,1,-0.743721088,0.131897617
15,109,1,-0.743719513,0.131897617
16,109,1,-0.743717938,0.131897617
17,109,1,-0.743716363,0.131897617
18,109,1,-0.743714789,0.131897617
19,109,1,-0.743713214,0.131897617
20,109,1,-0.743711639,0.131897617
21,109,1,-0.743710064,0.131897617
22,109,1,-0.743708489,0.131897617
23,109,1,-0.743706915,0.131897617
24,109,1,-0.743705340,0.131897617
25,109,1,-0.743703765,0.131897617
26,109,1,-0.743702190,0.131897617
27,109,1,-0.743700615,0.131897617
28,109,1,-0.743699041,0.131897617
29,109,1,-0.743697466,0.131897617
30,109,1,-0.743695891,0.131897617
31,109,1,-0.743694316,0.131897617
32,109,1,-0.743692741,0.131897617
33,109,1,-0.743691166,0.131897617
34,109,1,-0.743689592,0.131897617
35,109,1,-0.743688017,0.131897617
36,109,1,-0.743686442,0.131897617
37,109,1,-0.743684867,0.131897617
38,109,1,-0.743683292,0.131897617
39,109,1,-0.743681718,0.131897617
40,109,1,-0.743680143,0.131897617
41,109,1,-0.743678568,0.131897617
42,109,1,-0.743676993,0.131897617
43,109,1,-0.743675418,0.131897617
44,109,1,-0.743673844,0.131897617
45,109,1,-0.743672269,0.131897617
46,109,1,-0.743670694,0.131897617
47,109,1,-0.743669119,0.131897617
48,109,1,-0.743667544,0.131897617
49,109,1,-0.743665970,0.131897617
50,109,1,-0.743664395,0.131897617
51,109,1,-0.743662820,0.131897617
52,109,1,-0.743661245,0.131897617
53,109,1,-0.743659670,0.131897617
54,109,1,-0.743658096,0.131897617
55,109,1,-0.743656521,0.131897617
56,109,1,-0.743654946,0.131897617
57,109,1,-0.743653371,0.131897617
58,109,1,-0.743651796,0.131897617
59,109,1,-0.743650222,0.131897617
60,109,1,-0.743648647,0.131897617
61,109,1,-0.743647072,0.131897617
62,109,1,-0.743645497,0.131897617
63,109,1,-0.743643922,0.131897617
64,109,1,-0.743642348,0.131897617
65,109,1,-0.743640773,0.131897617
66,109,1,-0.743639198,0.131897617
67,109,1,-0.743637623,0.131897617
68,109,1,-0.743636048,0.131897617
69,109,1,-0.743634474,0.131897617
70,109,1,-0.743632899,0.131897617
71,109,1,-0.743631324,0.131897617
72,109,1,-0.743629749,0.131897617
73,109,1,-0.743628174,0.131897617
74,109,1,-0.743626600,0.131897617
75,109,1,-0.743625025,0.131897617
76,109,1,-0.743623450,0.131897617
77,109,1,-0.743621875,0.131897617
78,109,1,-0.743620300,0.131897617
79,109,1,-0.743618726,0.131897617
80,109,1,-0.743617151,0.131897617
81,109,1,-0.743615576,0.131897617
82,109,1,-0.743614001,0.131897617
83,109,1,-0.743612426,0.131897617
84,109,1,-0.743610852,0.131897617
85,109,1,-0.743609277,0.131897617
86,109,1,-0.743607702,0.131897617
87,109,1,-0.743606127,0.131897617
88,109,1,-0.743604552,0.131897617
89,109,1,-0.743602978,0.131897617
90,109,1,-0.743601403,0.131897617
91,109,1,-0.743599828,0.131897617
92,109,1,-0.743598253,0.131897617
93,109,1,-0.743596678,0.131897617
94,109,1,-0.743595104,0.131897617
95,109,1,-0.743593529,0.131897617
96,109,1,-0.743591954,0.131897617
97,109,1,-0.743590379,0.131897617
98,109,1,-0.743588804,0.131897617
99,109,1,-0.743587229,0.131897617
100,109,1,-0.743585655,0.131897617
101,109,1,-0.743584080,0.131897617
102,109,1,-0.743582505,0.131897617
103,109,1,-0.743580930,0.131897617
104,109,1,-0.743579355,0.131897617
105,109,1,-0.743577781,0.131897617
106,109,1,-0.743576206,0.131897617
107,109,1,-0.743574631,0.131897617
108,109,1,-0.743573056,0.131897617
109,109,1,-0.743571481,0.131897617
110,109,1,-0.743569907,0.131897617
111,109,1,-0.743568332,0.131897617
112,109,1,-0.743566757,0.131897617
113,109,1,-0.743565182,0.131897617
114,109,1,-0.743563607,0.131897617
115,109,1,-0.743562033,0.131897617
116,109,1,-0.743560458,0.131897617
117,109,1,-0.743558883,0.131897617
118,109,1,-0.743557308,0.131897617
119,109,1,-0.743555733,0.131897617
120,109,1,-0.743554159,0.131897617
121,109,1,-0.743552584,0.131897617
122,109,1,-0.743551009,0.131897617
123,109,1,-0.743549434,0.131897617
124,109,1,-0.743547859,0.131897617
125,109,1,-0.743546285,0.131897617
126,109,1,-0.743544710,0.131897617
127,109,1,-0.743543135,0.131897617
0,110,1,-0.743743135,0.131899191
1,110,1,-0.743741560,0.131899191
2,110,1,-0.743739985,0.131899191
3,110,1,-0.743738411,0.131899191
4,110,1,-0.743736836,0.131899191
5,110,1,-0.743735261,0.131899191
6,110,1,-0.743733686,0.131899191
7,110,1,-0.743732111,0.131899191
8,110,1,-0.743730537,0.131899191
9,110,1,-0.743728962,0.131899191
10,110,1,-0.743727387,0.131899191
11,110,1,-0.743725812,0.131899191
12,110,1,-0.743724237,0.131899191
13,110,1,-0.743722663,0.131899191
14,110,1,-0.743721088,0.131899191
15,110,1,-0.743719513,0.131899191
16,110,1,-0.743717938,0.131899191
17,110,1,-0.743716363,0.131899191
18,110,1,-0.743714789,0.131899191
19,110,1,-0.743713214,0.131899191
20,110,1,-0.743711639,0.131899191
21,110,1,-0.743710064,0.131899191
22,110,1,-0.743708489,0.131899191
23,110,1,-0.743706915,0.131899191
24,110,1,-0.743705340,0.131899191
25,110,1,-0.743703765,0.131899191
26,110,1,-0.743702190,0.131899191
27,110,1,-0.743700615,0.131899191
28,110,1,-0.743699041,0.131899191
29,110,1,-0.743697466,0.131899191
30,110,1,-0.743695891,0.131899191
31,110,1,-0.743694316,0.131899191
32,110,1,-0.743692741,0.131899191
33,110,1,-0.743691166,0.131899191
34,110,1,-0.743689592,0.131899191
35,110,1,-0.743688017,0.131899191
36,110,1,-0.743686442,0.131899191
37,110,1,-0.743684867,0.131899191
38,110,1,-0.743683292,0.131899191
39,110,1,-0.743681718,0.131899191
40,110,1,-0.743680143,0.131899191
41,110,1,-0.743678568,0.131899191
42,110,1,-0.743676993,0.131899191
43,110,1,-0.743675418,0.131899191
44,110,1,-0.743673844,0.131899191
45,110,1,-0.743672269,0.131899191
46,110,1,-0.743670694,0.131899191
47,110,1,-0.743669119,0.131899191
48,110,1,-0.743667544,0.131899191
49,110,1,-0.743665970,0.131899191
50,110,1,-0.743664395,0.131899191
51,110,1,-0.743662820,0.131899191
52,110,1,-0.743661245,0.131899191
53,110,1,-0.743659670,0.131899191
54,110,1,-0.743658096,0.131899191
55,110,1,-0.743656521,0.131899191
56,110,1,-0.743654946,0.131899191
57,110,1,-0.743653371,0.131899191
58,110,1,-0.743651796,0.131899191
59,110,1,-0.743650222,0.131899191
60,110,1,-0.743648647,0.131899191
61,110,1,-0.743647072,0.131899191
62,110,1,-0.743645497,0.131899191
63,110,1,-0.743643922,0.131899191
64,110,1,-0.743642348,0.131899191
65,110,1,-0.743640773,0.131899191
66,110,1,-0.743639198,0.131899191
67,110,1,-0.743637623,0.131899191
68,110,1,-0.743636048,0.131899191
69,110,1,-0.743634474,0.131899191
70,110,1,-0.743632899,0.131899191
71,110,1,-0.743631324,0.131899191
72,110,1,-0.743629749,0.131899191
73,110,1,-0.743628174,0.131899191
74,110,1,-0.743626600,0.131899191
75,110,1,-0.743625025,0.131899191
76,110,1,-0.743623450,0.131899191
77,110,1,-0.743621875,0.131899191
78,110,1,-0.743620300,0.131899191
79,110,1,-0.743618726,0.131899191
80,110,1,-0.743617151,0.131899191
81,110,1,-0.743615576,0.131899191
82,110,1,-0.743614001,0.131899191
83,110,1,-0.743612426,0.131899191
84,110,1,-0.743610852,0.131899191
85,110,1,-0.743609277,0.131899191
86,110,1,-0.743607702,0.131899191
87,110,1,-0.743606127,0.131899191
88,110,1,-0.743604552,0.131899191
89,110,1,-0.743602978,0.131899191
90,110,1,-0.743601403,0.131899191
91,110,1,-0.743599828,0.131899191
92,110,1,-0.743598253,0.131899191
93,110,1,-0.743596678,0.131899191
94,110,1,-0.743595104,0.131899191
95,110,1,-0.743593529,0.131899191
96,110,1,-0.743591954,0.131899191
97,110,1,-0.743590379,0.131899191
98,110,1,-0.743588804,0.131899191
99,110,1,-0.743587229,0.131899191
100,110,1,-0.743585655,0.131899191
101,110,1,-0.743584080,0.131899191
102,110,1,-0.743582505,0.131899191
103,110,1,-0.743580930,0.131899191
104,110,1,-0.743579355,0.131899191
105,110,1,-0.743577781,0.131899191
106,110,1,-0.743576206,0.131899191
107,110,1,-0.743574631,0.131899191
108,110,1,-0.743573056,0.131899191
109,110,1,-0.743571481,0.131899191
110,110,1,-0.743569907,0.131899191
111,110,1,-0.743568332,0.131899191
112,110,1,-0.743566757,0.131899191
113,110,1,-0.743565182,0.131899191
114,110,1,-0.743563607,0.131899191
115,110,1,-0.743562033,0.131899191
116,110,1,-0.743560458,0.131899191
117,110,1,-0.743558883,0.131899191
118,110,1,-0.743557308,0.131899191
119,110,1,-0.743555733,0.131899191
120,110,1,-0.743554159,0.131899191
121,110,1,-0.743552584,0.131899191
122,110,1,-0.743551009,0.131899191
123,110,1,-0.743549434,0.131899191
124,110,1,-0.743547859,0.131899191
125,110,1,-0.743546285,0.131899191
126,110,1,-0.743544710,0.131899191
127,110,1,-0.743543135,0.131899191
0,111,1,-0.743743135,0.131900766
1,111,1,-0.743741560,0.131900766
2,111,1,-0.743739985,0.131900766
3,111,1,-0.743738411,0.131900766
4,111,1,-0.743736836,0.131900766
5,111,1,-0.743735261,0.131900766
6,111,1,-0.743733686,0.131900766
7,111,1,-0.743732111,0.131900766
8,111,1,-0.743730537,0.131900766
9,111,1,-0.743728962,0.131900766
10,111,1,-0.743727387,0.131900766
11,111,1,-0.743725812,0.131900766
12,111,1,-0.743724237,0.131900766
13,111,1,-0.743722663,0.131900766
14,111,1,-0.743721088,0.131900766
15,111,1,-0.743719513,0.131900766
16,111,1,-0.743717938,0.131900766
17,111,1,-0.743716363,0.131900766
18,111,1,-0.743714789,0.131900766
19,111,1,-0.743713214,0.131900766
20,111,1,-0.743711639,0.131900766
21,111,1,-0.743710064,0.131900766
22,111,1,-0.743708489,0.131900766
23,111,1,-0.743706915,0.131900766
24,111,1,-0.743705340,0.131900766
25,111,1,-0.743703765,0.131900766
26,111,1,-0.743702190,0.131900766
27,111,1,-0.743700615,0.131900766
28,111,1,-0.743699041,0.131900766
29,111,1,-0.743697466,0.131900766
30,111,1,-0.743695891,0.131900766
31,111,1,-0.743694316,0.131900766
32,111,1,-0.743692741,0.131900766
33,111,1,-0.743691166,0.131900766
34,111,1,-0.743689592,0.131900766
35,111,1,-0.743688017,0.131900766
36,111,1,-0.743686442,0.131900766
37,111,1,-0.743684867,0.131900766
38,111,1,-0.743683292,0.131900766
39,111,1,-0.743681718,0.131900766
40,111,1,-0.743680143,0.131900766
41,111,1,-0.743678568,0.131900766
42,111,1,-0.743676993,0.131900766
43,111,1,-0.743675418,0.131900766
44,111,1,-0.743673844,0.131900766
45,111,1,-0.743672269,0.131900766
46,111,1,-0.743670694,0.131900766
47,111,1,-0.743669119,0.131900766
48,111,1,-0.743667544,0.131900766
49,111,1,-0.743665970,0.131900766
50,111,1,-0.743664395,0.131900766
51,111,1,-0.743662820,0.131900766
52,111,1,-0.743661245,0.131900766
53,111,1,-0.743659670,0.131900766
54,111,1,-0.743658096,0.131900766
55,111,1,-0.743656521,0.131900766
56,111,1,-0.743654946,0.131900766
57,111,1,-0.743653371,0.131900766
58,111,1,-0.743651796,0.131900766
59,111,1,-0.743650222,0.131900766
60,111,1,-0.743648647,0.131900766
61,111,1,-0.743647072,0.131900766
62,111,1,-0.743645497,0.131900766
63,111,1,-0.743643922,0.131900766
64,111,1,-0.743642348,0.131900766
65,111,1,-0.743640773,0.131900766
66,111,1,-0.743639198,0.131900766
67,111,1,-0.743637623,0.131900766
68,111,1,-0.743636048,0.131900766
69,111,1,-0.743634474,0.131900766
70,111,1,-0.743632899,0.131900766
71,111,1,-0.743631324,0.131900766
72,111,1,-0.743629749,0.131900766
73,111,1,-0.743628174,0.131900766
74,111,1,-0.743626600,0.131900766
75,111,1,-0.743625025,0.131900766
76,111,1,-0.743623450,0.131900766
77,111,1,-0.743621875,0.131900766
78,111,1,-0.743620300,0.131900766
79,111,1,-0.743618726,0.131900766
80,111,1,-0.743617151,0.131900766
81,111,1,-0.743615576,0.131900766
82,111,1,-0.743614001,0.131900766
83,111,1,-0.743612426,0.131900766
84,111,1,-0.743610852,0.131900766
85,111,1,-0.743609277,0.131900766
86,111,1,-0.743607702,0.131900766
87,111,1,-0.743606127,0.131900766
88,111,1,-0.743604552,0.131900766
89,111,1,-0.743602978,0.131900766
90,111,1,-0.743601403,0.131900766
91,111,1,-0.743599828,0.131900766
92,111,1,-0.743598253,0.131900766
93,111,1,-0.743596678,0.131900766
94,111,1,-0.743595104,0.131900766
95,111,1,-0.743593529,0.131900766
96,111,1,-0.743591954,0.131900766
97,111,1,-0.743590379,0.131900766
98,111,1,-0.743588804,0.131900766
99,111,1,-0.743587229,0.131900766
100,111,1,-0.743585655,0.131900766
101,111,1,-0.743584080,0.131900766
102,111,1,-0.743582505,0.131900766
103,111,1,-0.743580930,0.131900766
104,111,1,-0.743579355,0.131900766
105,111,1,-0.743577781,0.131900766
106,111,1,-0.743576206,0.131900766
107,111,1,-0.743574631,0.131900766
108,111,1,-0.743573056,0.131900766
109,111,1,-0.743571481,0.131900766
110,111,1,-0.743569907,0.131900766
111,111,1,-0.743568332,0.131900766
112,111,1,-0.743566757,0.131900766
113,111,1,-0.743565182,0.131900766
114,111,1,-0.743563607,0.131900766
115,111,1,-0.743562033,0.131900766
116,111,1,-0.743560458,0.131900766
117,111,1,-0.743558883,0.131900766
118,111,1,-0.743557308,0.131900766
119,111,1,-0.743555733,0.131900766
120,111,1,-0.743554159,0.131900766
121,111,1,-0.743552584,0.131900766
122,111,1,-0.743551009,0.131900766
123,111,1,-0.743549434,0.131900766
124,111,1,-0.743547859,0.131900766
125,111,1,-0.743546285,0.131900766
126,111,1,-0.743544710,0.131900766
127,111,1,-0.743543135,0.131900766
0,112,1,-0.743743135,0.131902341
1,112,1,-0.743741560,0.131902341
2,112,1,-0.743739985,0.131902341
3,112,1,-0.743738411,0.131902341
4,112,1,-0.743736836,0.131902341
5,112,1,-0.743735261,0.131902341
6,112,1,-0.743733686,0.131902341
7,112,1,-0.743732111,0.131902341
8,112,1,-0.743730537,0.131902341
9,112,1,-0.743728962,0.131902341
10,112,1,-0.743727387,0.131902341
11,112,1,-0.743725812,0.131902341
12,112,1,-0.743724237,0.131902341
13,112,1,-0.743722663,0.131902341
14,112,1,-0.743721088,0.131902341
15,112,1,-0.743719513,0.131902341
16,112,1,-0.743717938,0.131902341
17,112,1,-0.743716363,0.131902341
18,112,1,-0.743714789,0.131902341
19,112,1,-0.743713214,0.131902341
20,112,1,-0.743711639,0.131902341
21,112,1,-0.743710064,0.131902341
22,112,1,-0.743708489,0.131902341
23,112,1,-0.743706915,0.131902341
24,112,1,-0.743705340,0.131902341
25,112,1,-0.743703765,0.131902341
26,112,1,-0.743702190,0.131902341
27,112,1,-0.743700615,0.131902341
28,112,1,-0.743699041,0.131902341
29,112,1,-0.743697466,0.131902341
30,112,1,-0.743695891,0.131902341
31,112,1,-0.743694316,0.131902341
32,112,1,-0.743692741,0.131902341
33,112,1,-0.743691166,0.131902341
34,112,1,-0.743689592,0.131902341
35,112,1,-0.743688017,0.131902341
36,112,1,-0.743686442,0.131902341
37,112,1,-0.743684867,0.131902341
38,112,1,-0.743683292,0.131902341
39,112,1,-0.743681718,0.131902341
40,112,1,-0.743680143,0.131902341
41,112,1,-0.743678568,0.131902341
42,112,1,-0.743676993,0.131902341
43,112,1,-0.743675418,0.131902341
44,112,1,-0.743673844,0.131902341
45,112,1,-0.743672269,0.131902341
46,112,1,-0.743670694,0.131902341
47,112,1,-0.743669119,0.131902341
48,112,1,-0.743667544,0.131902341
49,112,1,-0.743665970,0.131902341
50,112,1,-0.743664395,0.131902341
51,112,1,-0.743662820,0.131902341
52,112,1,-0.743661245,0.131902341
53,112,1,-0.743659670,0.131902341
54,112,1,-0.743658096,0.131902341
55,112,1,-0.743656521,0.131902341
56,112,1,-0.743654946,0.131902341
57,112,1,-0.743653371,0.131902341
58,112,1,-0.743651796,0.131902341
59,112,1,-0.743650222,0.131902341
60,112,1,-0.743648647,0.131902341
61,112,1,-0.743647072,0.131902341
62,112,1,-0.743645497,0.131902341
63,112,1,-0.743643922,0.131902341
64,112,1,-0.743642348,0.131902341
65,112,1,-0.743640773,0.131902341
66,112,1,-0.743639198,0.131902341
67,112,1,-0.743637623,0.131902341
68,112,1,-0.743636048,0.131902341
69,112,1,-0.743634474,0.131902341
70,112,1,-0.743632899,0.131902341
71,112,1,-0.743631324,0.131902341
72,112,1,-0.743629749,0.131902341
73,112,1,-0.743628174,0.131902341
74,112,1,-0.743626600,0.131902341
75,112,1,-0.743625025,0.131902341
76,112,1,-0.743623450,0.131902341
77,112,1,-0.743621875,0.131902341
78,112,1,-0.743620300,0.131902341
79,112,1,-0.743618726,0.131902341
80,112,1,-0.743617151,0.131902341
81,112,1,-0.743615576,0.131902341
82,112,1,-0.743614001,0.131902341
83,112,1,-0.743612426,0.131902341
84,112,1,-0.743610852,0.131902341
85,112,1,-0.743609277,0.131902341
86,112,1,-0.743607702,0.131902341
87,112,1,-0.743606127,0.131902341
88,112,1,-0.743604552,0.131902341
89,112,1,-0.743602978,0.131902341
90,112,1,-0.743601403,0.131902341
91,112,1,-0.743599828,0.131902341
92,112,1,-0.743598253,0.131902341
93,112,1,-0.743596678,0.131902341
94,112,1,-0.743595104,0.131902341
95,112,1,-0.743593529,0.131902341
96,112,1,-0.743591954,0.131902341
97,112,1,-0.743590379,0.131902341
98,112,1,-0.743588804,0.131902341
99,112,1,-0.743587229,0.131902341
100,112,1,-0.743585655,0.131902341
101,112,1,-0.743584080,0.131902341
102,112,1,-0.743582505,0.131902341
103,112,1,-0.743580930,0.131902341
104,112,1,-0.743579355,0.131902341
105,112,1,-0.743577781,0.131902341
106,112,1,-0.743576206,0.131902341
107,112,1,-0.743574631,0.131902341
108,112,1,-0.743573056,0.131902341
109,112,1,-0.743571481,0.131902341
110,112,1,-0.743569907,0.131902341
111,112,1,-0.743568332,0.131902341
112,112,1,-0.743566757,0.131902341
113,112,1,-0.743565182,0.131902341
114,112,1,-0.743563607,0.131902341
115,112,1,-0.743562033,0.131902341
116,112,1,-0.743560458,0.131902341
117,112,1,-0.743558883,0.131902341
118,112,1,-0.743557308,0.131902341
119,112,1,-0.743555733,0.131902341
120,112,1,-0.743554159,0.131902341
121,112,1,-0.743552584,0.131902341
122,112,1,-0.743551009,0.131902341
123,112,1,-0.743549434,0.131902341
124,112,1,-0.743547859,0.131902341
125,112,1,-0.743546285,0.131902341
126,112,1,-0.743544710,0.131902341
127,112,1,-0.743543135,0.131902341
0,113,1,-0.743743135,0.131903916
1,113,1,-0.743741560,0.131903916
2,113,1,-0.743739985,0.131903916
3,113,1,-0.743738411,0.131903916
4,113,1,-0.743736836,0.131903916
5,113,1,-0.743735261,0.131903916
6,113,1,-0.743733686,0.131903916
7,113,1,-0.743732111,0.131903916
8,113,1,-0.743730537,0.131903916
9,113,1,-0.743728962,0.131903916
10,113,1,-0.743727387,0.131903916
11,113,1,-0.743725812,0.131903916
12,113,1,-0.743724237,0.131903916
13,113,1,-0.743722663,0.131903916
14,113,1,-0.743721088,0.131903916
15,113,1,-0.743719513,0.131903916
16,113,1,-0.743717938,0.131903916
17,113,1,-0.743716363,0.131903916
18,113,1,-0.743714789,0.131903916
19,113,1,-0.743713214,0.131903916
20,113,1,-0.743711639,0.131903916
21,113,1,-0.743710064,0.131903916
22,113,1,-0.743708489,0.131903916
23,113,1,-0.743706915,0.131903916
24,113,1,-0.743705340,0.131903916
25,113,1,-0.743703765,0.131903916
26,113,1,-0.743702190,0.131903916
27,113,1,-0.743700615,0.131903916
28,113,1,-0.743699041,0.131903916
29,113,1,-0.743697466,0.131903916
30,113,1,-0.743695891,0.131903916
31,113,1,-0.743694316,0.131903916
32,113,1,-0.743692741,0.131903916
33,113,1,-0.743691166,0.131903916
34,113,1,-0.743689592,0.131903916
35,113,1,-0.743688017,0.131903916
36,113,1,-0.743686442,0.131903916
37,113,1,-0.743684867,0.131903916
38,113,1,-0.743683292,0.131903916
39,113,1,-0.743681718,0.131903916
40,113,1,-0.743680143,0.131903916
41,113,1,-0.743678568,0.131903916
42,113,1,-0.743676993,0.131903916
43,113,1,-0.743675418,0.131903916
44,113,1,-0.743673844,0.131903916
45,113,1,-0.743672269,0.131903916
46,113,1,-0.743670694,0.131903916
47,113,1,-0.743669119,0.131903916
48,113,1,-0.743667544,0.131903916
49,113,1,-0.743665970,0.131903916
50,113,1,-0.743664395,0.131903916
51,113,1,-0.743662820,0.131903916
52,113,1,-0.743661245,0.131903916
53,113,1,-0.743659670,0.131903916
54,113,1,-0.743658096,0.131903916
55,113,1,-0.743656521,0.131903916
56,113,1,-0.743654946,0.131903916
57,113,1,-0.743653371,0.131903916
58,113,1,-0.743651796,0.131903916
59,113,1,-0.743650222,0.131903916
60,113,1,-0.743648647,0.131903916
61,113,1,-0.743647072,0.131903916
62,113,1,-0.743645497,0.131903916
63,113,1,-0.743643922,0.131903916
64,113,1,-0.743642348,0.131903916
65,113,1,-0.743640773,0.131903916
66,113,1,-0.743639198,0.131903916
67,113,1,-0.743637623,0.131903916
68,113,1,-0.743636048,0.131903916
69,113,1,-0.743634474,0.131903916
70,113,1,-0.743632899,0.131903916
71,113,1,-0.743631324,0.131903916
72,113,1,-0.743629749,0.131903916
73,113,1,-0.743628174,0.131903916
74,113,1,-0.743626600,0.131903916
75,113,1,-0.743625025,0.131903916
76,113,1,-0.743623450,0.131903916
77,113,1,-0.743621875,0.131903916
78,113,1,-0.743620300,0.131903916
79,113,1,-0.743618726,0.131903916
80,113,1,-0.743617151,0.131903916
81,113,1,-0.743615576,0.131903916
82,113,1,-0.743614001,0.131903916
83,113,1,-0.743612426,0.131903916
84,113,1,-0.743610852,0.131903916
85,113,1,-0.743609277,0.131903916
86,113,1,-0.743607702,0.131903916
87,113,1,-0.743606127,0.131903916
88,113,1,-0.743604552,0.131903916
89,113,1,-0.743602978,0.131903916
90,113,1,-0.743601403,0.131903916
91,113,1,-0.743599828,0.131903916
92,113,1,-0.743598253,0.131903916
93,113,1,-0.743596678,0.131903916
94,113,1,-0.743595104,0.131903916
95,113,1,-0.743593529,0.131903916
96,113,1,-0.743591954,0.131903916
97,113,1,-0.743590379,0.131903916
98,113,1,-0.743588804,0.131903916
99,113,1,-0.743587229,0.131903916
100,113,1,-0.743585655,0.131903916
101,113,1,-0.743584080,0.131903916
102,113,1,-0.743582505,0.131903916
103,113,1,-0.743580930,0.131903916
104,113,1,-0.743579355,0.131903916
105,113,1,-0.743577781,0.131903916
106,113,1,-0.743576206,0.131903916
107,113,1,-0.743574631,0.131903916
108,113,1,-0.743573056,0.131903916
109,113,1,-0.743571481,0.131903916
110,113,1,-0.743569907,0.131903916
111,113,1,-0.743568332,0.131903916
112,113,1,-0.743566757,0.131903916
113,113,1,-0.743565182,0.131903916
114,113,1,-0.743563607,0.131903916
115,113,1,-0.743562033,0.131903916
116,113,1,-0.743560458,0.131903916
117,113,1,-0.743558883,0.131903916
118,113,1,-0.743557308,0.131903916
119,113,1,-0.743555733,0.131903916
120,113,1,-0.743554159,0.131903916
121,113,1,-0.743552584,0.131903916
122,113,1,-0.743551009,0.131903916
123,113,1,-0.743549434,0.131903916
124,113,1,-0.743547859,0.131903916
125,113,1,-0.743546285,0.131903916
126,113,1,-0.743544710,0.131903916
127,113,1,-0.743543135,0.131903916
0,114,1,-0.743743135,0.131905491
1,114,1,-0.743741560,0.131905491
2,114,1,-0.743739985,0.131905491
3,114,1,-0.743738411,0.131905491
4,114,1,-0.743736836,0.131905491
5,114,1,-0.743735261,0.131905491
6,114,1,-0.743733686,0.131905491
7,114,1,-0.743732111,0.131905491
8,114,1,-0.743730537,0.131905491
9,114,1,-0.743728962,0.131905491
10,114,1,-0.743727387,0.131905491
11,114,1,-0.743725812,0.131905491
12,114,1,-0.743724237,0.131905491
13,114,1,-0.743722663,0.131905491
14,114,1,-0.743721088,0.131905491
15,114,1,-0.743719513,0.131905491
16,114,1,-0.743717938,0.131905491
17,114,1,-0.743716363,0.131905491
18,114,1,-0.743714789,0.131905491
19,114,1,-0.743713214,0.131905491
20,114,1,-0.743711639,0.131905491
21,114,1,-0.743710064,0.131905491
22,114,1,-0.743708489,0.131905491
23,114,1,-0.743706915,0.131905491
24,114,1,-0.743705340,0.131905491
25,114,1,-0.743703765,0.131905491
26,114,1,-0.743702190,0.131905491
27,114,1,-0.743700615,0.131905491
28,114,1,-0.743699041,0.131905491
29,114,1,-0.743697466,0.131905491
30,114,1,-0.743695891,0.131905491
31,114,1,-0.743694316,0.131905491
32,114,1,-0.743692741,0.131905491
33,114,1,-0.743691166,0.131905491
34,114,1,-0.743689592,0.131905491
35,114,1,-0.743688017,0.131905491
36,114,1,-0.743686442,0.131905491
37,114,1,-0.743684867,0.131905491
38,114,1,-0.743683292,0.131905491
39,114,1,-0.743681718,0.131905491
40,114,1,-0.743680143,0.131905491
41,114,1,-0.743678568,0.131905491
42,114,1,-0.743676993,0.131905491
43,114,1,-0.743675418,0.131905491
44,114,1,-0.743673844,0.131905491
45,114,1,-0.743672269,0.131905491
46,114,1,-0.743670694,0.131905491
47,114,1,-0.743669119,0.131905491
48,114,1,-0.743667544,0.131905491
49,114,1,-0.743665970,0.131905491
50,114,1,-0.743664395,0.131905491
51,114,1,-0.743662820,0.131905491
52,114,1,-0.743661245,0.131905491
53,114,1,-0.743659670,0.131905491
54,114,1,-0.743658096,0.131905491
55,114,1,-0.743656521,0.131905491
56,114,1,-0.743654946,0.131905491
57,114,1,-0.743653371,0.131905491
58,114,1,-0.743651796,0.131905491
59,114,1,-0.743650222,0.131905491
60,114,1,-0.743648647,0.131905491
61,114,1,-0.743647072,0.131905491
62,114,1,-0.743645497,0.131905491
63,114,1,-0.743643922,0.131905491
64,114,1,-0.743642348,0.131905491
65,114,1,-0.743640773,0.131905491
66,114,1,-0.743639198,0.131905491
67,114,1,-0.743637623,0.131905491
68,114,1,-0.743636048,0.131905491
69,114,1,-0.743634474,0.131905491
70,114,1,-0.743632899,0.131905491
71,114,1,-0.743631324,0.131905491
72,114,1,-0.743629749,0.131905491
73,114,1,-0.743628174,0.131905491
74,114,1,-0.743626600,0.131905491
75,114,1,-0.743625025,0.131905491
76,114,1,-0.743623450,0.131905491
77,114,1,-0.743621875,0.131905491
78,114,1,-0.743620300,0.131905491
79,114,1,-0.743618726,0.131905491
80,114,1,-0.743617151,0.131905491
81,114,1,-0.743615576,0.131905491
82,114,1,-0.743614001,0.131905491
83,114,1,-0.743612426,0.131905491
84,114,1,-0.743610852,0.131905491
85,114,1,-0.743609277,0.131905491
86,114,1,-0.743607702,0.131905491
87,114,1,-0.743606127,0.131905491
88,114,1,-0.743604552,0.131905491
89,114,1,-0.743602978,0.131905491
90,114,1,-0.743601403,0.131905491
91,114,1,-0.743599828,0.131905491
92,114,1,-0.743598253,0.131905491
93,114,1,-0.743596678,0.131905491
94,114,1,-0.743595104,0.131905491
95,114,1,-0.743593529,0.131905491
96,114,1,-0.743591954,0.131905491
97,114,1,-0.743590379,0.131905491
98,114,1,-0.743588804,0.131905491
99,114,1,-0.743587229,0.131905491
100,114,1,-0.743585655,0.131905491
101,114,1,-0.743584080,0.131905491
102,114,1,-0.743582505,0.131905491
103,114,1,-0.743580930,0.131905491
104,114,1,-0.743579355,0.131905491
105,114,1,-0.743577781,0.131905491
106,114,1,-0.743576206,0.131905491
107,114,1,-0.743574631,0.131905491
108,114,1,-0.743573056,0.131905491
109,114,1,-0.743571481,0.131905491
110,114,1,-0.743569907,0.131905491
111,114,1,-0.743568332,0.131905491
112,114,1,-0.743566757,0.131905491
113,114,1,-0.743565182,0.131905491
114,114,1,-0.743563607,0.131905491
115,114,1,-0.743562033,0.131905491
116,114,1,-0.743560458,0.131905491
117,114,1,-0.743558883,0.131905491
118,114,1,-0.743557308,0.131905491
119,114,1,-0.743555733,0.131905491
120,114,1,-0.743554159,0.131905491
121,114,1,-0.743552584,0.131905491
122,114,1,-0.743551009,0.131905491
123,114,1,-0.743549434,0.131905491
124,114,1,-0.743547859,0.131905491
125,114,1,-0.743546285,0.131905491
126,114,1,-0.743544710,0.131905491
127,114,1,-0.743543135,0.131905491
0,115,1,-0.743743135,0.131907065
1,115,1,-0.743741560,0.131907065
2,115,1,-0.743739985,0.131907065
3,115,1,-0.743738411,0.131907065
4,115,1,-0.743736836,0.131907065
5,115,1,-0.743735261,0.131907065
6,115,1,-0.743733686,0.131907065
7,115,1,-0.743732111,0.131907065
8,115,1,-0.743730537,0.131907065
9,115,1,-0.743728962,0.131907065
10,115,1,-0.743727387,0.131907065
11,115,1,-0.743725812,0.131907065
12,115,1,-0.743724237,0.131907065
13,115,1,-0.743722663,0.131907065
14,115,1,-0.743721088,0.131907065
15,115,1,-0.743719513,0.131907065
16,115,1,-0.743717938,0.131907065
17,115,1,-0.743716363,0.131907065
18,115,1,-0.743714789,0.131907065
19,115,1,-0.743713214,0.131907065
20,115,1,-0.743711639,0.131907065
21,115,1,-0.743710064,0.131907065
22,115,1,-0.743708489,0.131907065
23,115,1,-0.743706915,0.131907065
24,115,1,-0.743705340,0.131907065
25,115,1,-0.743703765,0.131907065
26,115,1,-0.743702190,0.131907065
27,115,1,-0.743700615,0.131907065
28,115,1,-0.743699041,0.131907065
29,115,1,-0.743697466,0.131907065
30,115,1,-0.743695891,0.131907065
31,115,1,-0.743694316,0.131907065
32,115,1,-0.743692741,0.131907065
33,115,1,-0.743691166,0.131907065
34,115,1,-0.743689592,0.131907065
35,115,1,-0.743688017,0.131907065
36,115,1,-0.743686442,0.131907065
37,115,1,-0.743684867,0.131907065
38,115,1,-0.743683292,0.131907065
39,115,1,-0.743681718,0.131907065
40,115,1,-0.743680143,0.131907065
41,115,1,-0.743678568,0.131907065
42,115,1,-0.743676993,0.131907065
43,115,1,-0.743675418,0.131907065
44,115,1,-0.743673844,0.131907065
45,115,1,-0.743672269,0.131907065
46,115,1,-0.743670694,0.131907065
47,115,1,-0.743669119,0.131907065
48,115,1,-0.743667544,0.131907065
49,115,1,-0.743665970,0.131907065
50,115,1,-0.743664395,0.131907065
51,115,1,-0.743662820,0.131907065
52,115,1,-0.743661245,0.131907065
53,115,1,-0.743659670,0.131907065
54,115,1,-0.743658096,0.131907065
55,115,1,-0.743656521,0.131907065
56,115,1,-0.743654946,0.131907065
57,115,1,-0.743653371,0.131907065
58,115,1,-0.743651796,0.131907065
59,115,1,-0.743650222,0.131907065
60,115,1,-0.743648647,0.131907065
61,115,1,-0.743647072,0.131907065
62,115,1,-0.743645497,0.131907065
63,115,1,-0.743643922,0.131907065
64,115,1,-0.743642348,0.131907065
65,115,1,-0.743640773,0.131907065
66,115,1,-0.743639198,0.131907065
67,115,1,-0.743637623,0.131907065
68,115,1,-0.743636048,0.131907065
69,115,1,-0.743634474,0.131907065
70,115,1,-0.743632899,0.131907065
71,115,1,-0.743631324,0.131907065
72,115,1,-0.743629749,0.131907065
73,115,1,-0.743628174,0.131907065
74,115,1,-0.743626600,0.131907065
75,115,1,-0.743625025,0.131907065
76,115,1,-0.743623450,0.131907065
77,115,1,-0.743621875,0.131907065
78,115,1,-0.743620300,0.131907065
79,115,1,-0.743618726,0.131907065
80,115,1,-0.743617151,0.131907065
81,115,1,-0.743615576,0.131907065
82,115,1,-0.743614001,0.131907065
83,115,1,-0.743612426,0.131907065
84,115,1,-0.743610852,0.131907065
85,115,1,-0.743609277,0.131907065
86,115,1,-0.743607702,0.131907065
87,115,1,-0.743606127,0.131907065
88,115,1,-0.743604552,0.131907065
89,115,1,-0.743602978,0.131907065
90,115,1,-0.743601403,0.131907065
91,115,1,-0.743599828,0.131907065
92,115,1,-0.743598253,0.131907065
93,115,1,-0.743596678,0.131907065
94,115,1,-0.743595104,0.131907065
95,115,1,-0.743593529,0.131907065
96,115,1,-0.743591954,0.131907065
97,115,1,-0.743590379,0.131907065
98,115,1,-0.743588804,0.131907065
99,115,1,-0.743587229,0.131907065
100,115,1,-0.743585655,0.131907065
101,115,1,-0.743584080,0.131907065
102,115,1,-0.743582505,0.131907065
103,115,1,-0.743580930,0.131907065
104,115,1,-0.743579355,0.131907065
105,115,1,-0.743577781,0.131907065
106,115,1,-0.743576206,0.131907065
107,115,1,-0.743574631,0.131907065
108,115,1,-0.743573056,0.131907065
109,115,1,-0.743571481,0.131907065
110,115,1,-0.743569907,0.131907065
111,115,1,-0.743568332,0.131907065
112,115,1,-0.743566757,0.131907065
113,115,1,-0.743565182,0.131907065
114,115,1,-0.743563607,0.131907065
115,115,1,-0.743562033,0.131907065
116,115,1,-0.743560458,0.131907065
117,115,1,-0.743558883,0.131907065
118,115,1,-0.743557308,0.131907065
119,115,1,-0.743555733,0.131907065
120,115,1,-0.743554159,0.131907065
121,115,1,-0.743552584,0.131907065
122,115,1,-0.743551009,0.131907065
123,115,1,-0.743549434,0.131907065
124,115,1,-0.743547859,0.131907065
125,115,1,-0.743546285,0.131907065
126,115,1,-0.743544710,0.131907065
127,115,1,-0.743543135,0.131907065
0,116,1,-0.743743135,0.131908640
1,116,1,-0.743741560,0.131908640
2,116,1,-0.743739985,0.131908640
3,116,1,-0.743738411,0.131908640
4,116,1,-0.743736836,0.131908640
5,116,1,-0.743735261,0.131908640
6,116,1,-0.743733686,0.131908640
7,116,1,-0.743732111,0.131908640
8,116,1,-0.743730537,0.131908640
9,116,1,-0.743728962,0.131908640
10,116,1,-0.743727387,0.131908640
11,116,1,-0.743725812,0.131908640
12,116,1,-0.743724237,0.131908640
13,116,1,-0.743722663,0.131908640
14,116,1,-0.743721088,0.131908640
15,116,1,-0.743719513,0.131908640
16,116,1,-0.743717938,0.131908640
17,116,1,-0.743716363,0.131908640
18,116,1,-0.743714789,0.131908640
19,116,1,-0.743713214,0.131908640
20,116,1,-0.743711639,0.131908640
21,116,1,-0.743710064,0.131908640
22,116,1,-0.743708489,0.131908640
23,116,1,-0.743706915,0.131908640
24,116,1,-0.743705340,0.131908640
25,116,1,-0.743703765,0.131908640
26,116,1,-0.743702190,0.131908640
27,116,1,-0.743700615,0.131908640
28,116,1,-0.743699041,0.131908640
29,116,1,-0.743697466,0.131908640
30,116,1,-0.743695891,0.131908640
31,116,1,-0.743694316,0.131908640
32,116,1,-0.743692741,0.131908640
33,116,1,-0.743691166,0.131908640
34,116,1,-0.743689592,0.131908640
35,116,1,-0.743688017,0.131908640
36,116,1,-0.743686442,0.131908640
37,116,1,-0.743684867,0.131908640
38,116,1,-0.743683292,0.131908640
39,116,1,-0.743681718,0.131908640
40,116,1,-0.743680143,0.131908640
41,116,1,-0.743678568,0.131908640
42,116,1,-0.743676993,0.131908640
43,116,1,-0.743675418,0.131908640
44,116,1,-0.743673844,0.131908640
45,116,1,-0.743672269,0.131908640
46,116,1,-0.743670694,0.131908640
47,116,1,-0.743669119,0.131908640
48,116,1,-0.743667544,0.131908640
49,116,1,-0.743665970,0.131908640
50,116,1,-0.743664395,0.131908640
51,116,1,-0.743662820,0.131908640
52,116,1,-0.743661245,0.131908640
53,116,1,-0.743659670,0.131908640
54,116,1,-0.743658096,0.131908640
55,116,1,-0.743656521,0.131908640
56,116,1,-0.743654946,0.131908640
57,116,1,-0.743653371,0.131908640
58,116,1,-0.743651796,0.131908640
59,116,1,-0.743650222,0.131908640
60,116,1,-0.743648647,0.131908640
61,116,1,-0.743647072,0.131908640
62,116,1,-0.743645497,0.131908640
63,116,1,-0.743643922,0.131908640
64,116,1,-0.743642348,0.131908640
65,116,1,-0.743640773,0.131908640
66,116,1,-0.743639198,0.131908640
67,116,1,-0.743637623,0.131908640
68,116,1,-0.743636048,0.131908640
69,116,1,-0.743634474,0.131908640
70,116,1,-0.743632899,0.131908640
71,116,1,-0.743631324,0.131908640
72,116,1,-0.743629749,0.131908640
73,116,1,-0.743628174,0.131908640
74,116,1,-0.743626600,0.131908640
75,116,1,-0.743625025,0.131908640
76,116,1,-0.743623450,0.131908640
77,116,1,-0.743621875,0.131908640
78,116,1,-0.743620300,0.131908640
79,116,1,-0.743618726,0.131908640
80,116,1,-0.743617151,0.131908640
81,116,1,-0.743615576,0.131908640
82,116,1,-0.743614001,0.131908640
83,116,1,-0.743612426,0.131908640
84,116,1,-0.743610852,0.131908640
85,116,1,-0.743609277,0.131908640
86,116,1,-0.743607702,0.131908640
87,116,1,-0.743606127,0.131908640
88,116,1,-0.743604552,0.131908640
89,116,1,-0.743602978,0.131908640
90,116,1,-0.743601403,0.131908640
91,116,1,-0.743599828,0.131908640
92,116,1,-0.743598253,0.131908640
93,116,1,-0.743596678,0.131908640
94,116,1,-0.743595104,0.131908640
95,116,1,-0.743593529,0.131908640
96,116,1,-0.743591954,0.131908640
97,116,1,-0.743590379,0.131908640
98,116,1,-0.743588804,0.131908640
99,116,1,-0.743587229,0.131908640
100,116,1,-0.743585655,0.131908640
101,116,1,-0.743584080,0.131908640
102,116,1,-0.743582505,0.131908640
103,116,1,-0.743580930,0.131908640
104,116,1,-0.743579355,0.131908640
105,116,1,-0.743577781,0.131908640
106,116,1,-0.743576206,0.131908640
107,116,1,-0.743574631,0.131908640
108,116,1,-0.743573056,0.131908640
109,116,1,-0.743571481,0.131908640
110,116,1,-0.743569907,0.131908640
111,116,1,-0.743568332,0.131908640
112,116,1,-0.743566757,0.131908640
113,116,1,-0.743565182,0.131908640
114,116,1,-0.743563607,0.131908640
115,116,1,-0.743562033,0.131908640
116,116,1,-0.743560458,0.131908640
117,116,1,-0.743558883,0.131908640
118,116,1,-0.743557308,0.131908640
119,116,1,-0.743555733,0.131908640
120,116,1,-0.743554159,0.131908640
121,116,1,-0.743552584,0.131908640
122,116,1,-0.743551009,0.131908640
123,116,1,-0.743549434,0.131908640
124,116,1,-0.743547859,0.131908640
125,116,1,-0.743546285,0.131908640
126,116,1,-0.743544710,0.131908640
127,116,1,-0.743543135,0.131908640
0,117,1,-0.743743135,0.131910215
1,117,1,-0.743741560,0.131910215
2,117,1,-0.743739985,0.131910215
3,117,1,-0.743738411,0.131910215
4,117,1,-0.743736836,0.131910215
5,117,1,-0.743735261,0.131910215
6,117,1,-0.743733686,0.131910215
7,117,1,-0.743732111,0.131910215
8,117,1,-0.743730537,0.131910215
9,117,1,-0.743728962,0.131910215
10,117,1,-0.743727387,0.131910215
11,117,1,-0.743725812,0.131910215
12,117,1,-0.743724237,0.131910215
13,117,1,-0.743722663,0.131910215
14,117,1,-0.743721088,0.131910215
15,117,1,-0.743719513,0.131910215
16,117,1,-0.743717938,0.131910215
17,117,1,-0.743716363,0.131910215
18,117,1,-0.743714789,0.131910215
19,117,1,-0.743713214,0.131910215
20,117,1,-0.743711639,0.131910215
21,117,1,-0.743710064,0.131910215
22,117,1,-0.743708489,0.131910215
23,117,1,-0.743706915,0.131910215
24,117,1,-0.743705340,0.131910215
25,117,1,-0.743703765,0.131910215
26,117,1,-0.743702190,0.131910215
27,117,1,-0.743700615,0.131910215
28,117,1,-0.743699041,0.131910215
29,117,1,-0.743697466,0.131910215
30,117,1,-0.743695891,0.131910215
31,117,1,-0.743694316,0.131910215
32,117,1,-0.743692741,0.131910215
33,117,1,-0.743691166,0.131910215
34,117,1,-0.743689592,0.131910215
35,117,1,-0.743688017,0.131910215
36,117,1,-0.743686442,0.131910215
37,117,1,-0.743684867,0.131910215
38,117,1,-0.743683292,0.131910215
39,117,1,-0.743681718,0.131910215
40,117,1,-0.743680143,0.131910215
41,117,1,-0.743678568,0.131910215
42,117,1,-0.743676993,0.131910215
43,117,1,-0.743675418,0.131910215
44,117,1,-0.743673844,0.131910215
45,117,1,-0.743672269,0.131910215
46,117,1,-0.743670694,0.131910215
47,117,1,-0.743669119,0.131910215
48,117,1,-0.743667544,0.131910215
49,117,1,-0.743665970,0.131910215
50,117,1,-0.743664395,0.131910215
51,117,1,-0.743662820,0.131910215
52,117,1,-0.743661245,0.131910215
53,117,1,-0.743659670,0.131910215
54,117,1,-0.743658096,0.131910215
55,117,1,-0.743656521,0.131910215
56,117,1,-0.743654946,0.131910215
57,117,1,-0.743653371,0.131910215
58,117,1,-0.743651796,0.131910215
59,117,1,-0.743650222,0.131910215
60,117,1,-0.743648647,0.131910215
61,117,1,-0.743647072,0.131910215
62,117,1,-0.743645497,0.131910215
63,117,1,-0.743643922,0.131910215
64,117,1,-0.743642348,0.131910215
65,117,1,-0.743640773,0.131910215
66,117,1,-0.743639198,0.131910215
67,117,1,-0.743637623,0.131910215
68,117,1,-0.743636048,0.131910215
69,117,1,-0.743634474,0.131910215
70,117,1,-0.743632899,0.131910215
71,117,1,-0.743631324,0.131910215
72,117,1,-0.743629749,0.131910215
73,117,1,-0.743628174,0.131910215
74,117,1,-0.743626600,0.131910215
75,117,1,-0.743625025,0.131910215
76,117,1,-0.743623450,0.131910215
77,117,1,-0.743621875,0.131910215
78,117,1,-0.743620300,0.131910215
79,117,1,-0.743618726,0.131910215
80,117,1,-0.743617151,0.131910215
81,117,1,-0.743615576,0.131910215
82,117,1,-0.743614001,0.131910215
83,117,1,-0.743612426,0.131910215
84,117,1,-0.743610852,0.131910215
85,117,1,-0.743609277,0.131910215
86,117,1,-0.743607702,0.131910215
87,117,1,-0.743606127,0.131910215
88,117,1,-0.743604552,0.131910215
89,117,1,-0.743602978,0.131910215
90,117,1,-0.743601403,0.131910215
91,117,1,-0.743599828,0.131910215
92,117,1,-0.743598253,0.131910215
93,117,1,-0.743596678,0.131910215
94,117,1,-0.743595104,0.131910215
95,117,1,-0.743593529,0.131910215
96,117,1,-0.743591954,0.131910215
97,117,1,-0.743590379,0.131910215
98,117,1,-0.743588804,0.131910215
99,117,1,-0.743587229,0.131910215
100,117,1,-0.743585655,0.131910215
101,117,1,-0.743584080,0.131910215
102,117,1,-0.743582505,0.131910215
103,117,1,-0.743580930,0.131910215
104,117,1,-0.743579355,0.131910215
105,117,1,-0.743577781,0.131910215
106,117,1,-0.743576206,0.131910215
107,117,1,-0.743574631,0.131910215
108,117,1,-0.743573056,0.131910215
109,117,1,-0.743571481,0.131910215
110,117,1,-0.743569907,0.131910215
111,117,1,-0.743568332,0.131910215
112,117,1,-0.743566757,0.131910215
113,117,1,-0.743565182,0.131910215
114,117,1,-0.743563607,0.131910215
115,117,1,-0.743562033,0.131910215
116,117,1,-0.743560458,0.131910215
117,117,1,-0.743558883,0.131910215
118,117,1,-0.743557308,0.131910215
119,117,1,-0.743555733,0.131910215
120,117,1,-0.743554159,0.131910215
121,117,1,-0.743552584,0.131910215
122,117,1,-0.743551009,0.131910215
123,117,1,-0.743549434,0.131910215
124,117,1,-0.743547859,0.131910215
125,117,1,-0.743546285,0.131910215
126,117,1,-0.743544710,0.131910215
127,117,1,-0.743543135,0.131910215
0,118,1,-0.743743135,0.131911790
1,118,1,-0.743741560,0.131911790
2,118,1,-0.743739985,0.131911790
3,118,1,-0.743738411,0.131911790
4,118,1,-0.743736836,0.131911790
5,118,1,-0.743735261,0.131911790
6,118,1,-0.743733686,0.131911790
7,118,1,-0.743732111,0.131911790
8,118,1,-0.743730537,0.131911790
9,118,1,-0.743728962,0.131911790
10,118,1,-0.743727387,0.131911790
11,118,1,-0.743725812,0.131911790
12,118,1,-0.743724237,0.131911790
13,118,1,-0.743722663,0.131911790
14,118,1,-0.743721088,0.131911790
15,118,1,-0.743719513,0.131911790
16,118,1,-0.743717938,0.131911790
17,118,1,-0.743716363,0.131911790
18,118,1,-0.743714789,0.131911790
19,118,1,-0.743713214,0.131911790
20,118,1,-0.743711639,0.131911790
21,118,1,-0.743710064,0.131911790
22,118,1,-0.743708489,0.131911790
23,118,1,-0.743706915,0.131911790
24,118,1,-0.743705340,0.131911790
25,118,1,-0.743703765,0.131911790
26,118,1,-0.743702190,0.131911790
27,118,1,-0.743700615,0.131911790
28,118,1,-0.743699041,0.131911790
29,118,1,-0.743697466,0.131911790
30,118,1,-0.743695891,0.131911790
31,118,1,-0.743694316,0.131911790
32,118,1,-0.743692741,0.131911790
33,118,1,-0.743691166,0.131911790
34,118,1,-0.743689592,0.131911790
35,118,1,-0.743688017,0.131911790
36,118,1,-0.743686442,0.131911790
37,118,1,-0.743684867,0.131911790
38,118,1,-0.743683292,0.131911790
39,118,1,-0.743681718,0.131911790
40,118,1,-0.743680143,0.131911790
41,118,1,-0.743678568,0.131911790
42,118,1,-0.743676993,0.131911790
43,118,1,-0.743675418,0.131911790
44,118,1,-0.743673844,0.131911790
45,118,1,-0.743672269,0.131911790
46,118,1,-0.743670694,0.131911790
47,118,1,-0.743669119,0.131911790
48,118,1,-0.743667544,0.131911790
49,118,1,-0.743665970,0.131911790
50,118,1,-0.743664395,0.131911790
51,118,1,-0.743662820,0.131911790
52,118,1,-0.743661245,0.131911790
53,118,1,-0.743659670,0.131911790
54,118,1,-0.743658096,0.131911790
55,118,1,-0.743656521,0.131911790
56,118,1,-0.743654946,0.131911790
57,118,1,-0.743653371,0.131911790
58,118,1,-0.743651796,0.131911790
59,118,1,-0.743650222,0.131911790
60,118,1,-0.743648647,0.131911790
61,118,1,-0.743647072,0.131911790
62,118,1,-0.743645497,0.131911790
63,118,1,-0.743643922,0.131911790
64,118,1,-0.743642348,0.131911790
65,118,1,-0.743640773,0.131911790
66,118,1,-0.743639198,0.131911790
67,118,1,-0.743637623,0.131911790
68,118,1,-0.743636048,0.131911790
69,118,1,-0.743634474,0.131911790
70,118,1,-0.743632899,0.131911790
71,118,1,-0.743631324,0.131911790
72,118,1,-0.743629749,0.131911790
73,118,1,-0.743628174,0.131911790
74,118,1,-0.743626600,0.131911790
75,118,1,-0.743625025,0.131911790
76,118,1,-0.743623450,0.131911790
77,118,1,-0.743621875,0.131911790
78,118,1,-0.743620300,0.131911790
79,118,1,-0.743618726,0.131911790
80,118,1,-0.743617151,0.131911790
81,118,1,-0.743615576,0.131911790
82,118,1,-0.743614001,0.131911790
83,118,1,-0.743612426,0.131911790
84,118,1,-0.743610852,0.131911790
85,118,1,-0.743609277,0.131911790
86,118,1,-0.743607702,0.131911790
87,118,1,-0.743606127,0.131911790
88,118,1,-0.743604552,0.131911790
89,118,1,-0.743602978,0.131911790
90,118,1,-0.743601403,0.131911790
91,118,1,-0.743599828,0.131911790
92,118,1,-0.743598253,0.131911790
93,118,1,-0.743596678,0.131911790
94,118,1,-0.743595104,0.131911790
95,118,1,-0.743593529,0.131911790
96,118,1,-0.743591954,0.131911790
97,118,1,-0.743590379,0.131911790
98,118,1,-0.743588804,0.131911790
99,118,1,-0.743587229,0.131911790
100,118,1,-0.743585655,0.131911790
101,118,1,-0.743584080,0.131911790
102,118,1,-0.743582505,0.131911790
103,118,1,-0.743580930,0.131911790
104,118,1,-0.743579355,0.131911790
105,118,1,-0.743577781,0.131911790
106,118,1,-0.743576206,0.131911790
107,118,1,-0.743574631,0.131911790
108,118,1,-0.743573056,0.131911790
109,118,1,-0.743571481,0.131911790
110,118,1,-0.743569907,0.131911790
111,118,1,-0.743568332,0.131911790
112,118,1,-0.743566757,0.131911790
113,118,1,-0.743565182,0.131911790
114,118,1,-0.743563607,0.131911790
115,118,1,-0.743562033,0.131911790
116,118,1,-0.743560458,0.131911790
117,118,1,-0.743558883,0.131911790
118,118,1,-0.743557308,0.131911790
119,118,1,-0.743555733,0.131911790
120,118,1,-0.743554159,0.131911790
121,118,1,-0.743552584,0.131911790
122,118,1,-0.743551009,0.131911790
123,118,1,-0.743549434,0.131911790
124,118,1,-0.743547859,0.131911790
125,118,1,-0.743546285,0.131911790
126,118,1,-0.743544710,0.131911790
127,118,1,-0.743543135,0.131911790
0,119,1,-0.743743135,0.131913365
1,119,1,-0.743741560,0.131913365
2,119,1,-0.743739985,0.131913365
3,119,1,-0.743738411,0.131913365
4,119,1,-0.743736836,0.131913365
5,119,1,-0.743735261,0.131913365
6,119,1,-0.743733686,0.131913365
7,119,1,-0.743732111,0.131913365
8,119,1,-0.743730537,0.131913365
9,119,1,-0.743728962,0.131913365
10,119,1,-0.743727387,0.131913365
11,119,1,-0.743725812,0.131913365
12,119,1,-0.743724237,0.131913365
13,119,1,-0.743722663,0.131913365
14,119,1,-0.743721088,0.131913365
15,119,1,-0.743719513,0.131913365
16,119,1,-0.743717938,0.131913365
17,119,1,-0.743716363,0.131913365
18,119,1,-0.743714789,0.131913365
19,119,1,-0.743713214,0.131913365
20,119,1,-0.743711639,0.131913365
21,119,1,-0.743710064,0.131913365
22,119,1,-0.743708489,0.131913365
23,119,1,-0.743706915,0.131913365
24,119,1,-0.743705340,0.131913365
25,119,1,-0.743703765,0.131913365
26,119,1,-0.743702190,0.131913365
27,119,1,-0.743700615,0.131913365
28,119,1,-0.743699041,0.131913365
29,119,1,-0.743697466,0.131913365
30,119,1,-0.743695891,0.131913365
31,119,1,-0.743694316,0.131913365
32,119,1,-0.743692741,0.131913365
33,119,1,-0.743691166,0.131913365
34,119,1,-0.743689592,0.131913365
35,119,1,-0.743688017,0.131913365
36,119,1,-0.743686442,0.131913365
37,119,1,-0.743684867,0.131913365
38,119,1,-0.743683292,0.131913365
39,119,1,-0.743681718,0.131913365
40,119,1,-0.743680143,0.131913365
41,119,1,-0.743678568,0.131913365
42,119,1,-0.743676993,0.131913365
43,119,1,-0.743675418,0.131913365
44,119,1,-0.743673844,0.131913365
45,119,1,-0.743672269,0.131913365
46,119,1,-0.743670694,0.131913365
47,119,1,-0.743669119,0.131913365
48,119,1,-0.743667544,0.131913365
49,119,1,-0.743665970,0.131913365
50,119,1,-0.743664395,0.131913365
51,119,1,-0.743662820,0.131913365
52,119,1,-0.743661245,0.131913365
53,119,1,-0.743659670,0.131913365
54,119,1,-0.743658096,0.131913365
55,119,1,-0.743656521,0.131913365
56,119,1,-0.743654946,0.131913365
57,119,1,-0.743653371,0.131913365
58,119,1,-0.743651796,0.131913365
59,119,1,-0.743650222,0.131913365
60,119,1,-0.743648647,0.131913365
61,119,1,-0.743647072,0.131913365
62,119,1,-0.743645497,0.131913365
63,119,1,-0.743643922,0.131913365
64,119,1,-0.743642348,0.131913365
65,119,1,-0.743640773,0.131913365
66,119,1,-0.743639198,0.131913365
67,119,1,-0.743637623,0.131913365
68,119,1,-0.743636048,0.131913365
69,119,1,-0.743634474,0.131913365
70,119,1,-0.743632899,0.131913365
71,119,1,-0.743631324,0.131913365
72,119,1,-0.743629749,0.131913365
73,119,1,-0.743628174,0.131913365
74,119,1,-0.743626600,0.131913365
75,119,1,-0.743625025,0.131913365
76,119,1,-0.743623450,0.131913365
77,119,1,-0.743621875,0.131913365
78,119,1,-0.743620300,0.131913365
79,119,1,-0.743618726,0.131913365
80,119,1,-0.743617151,0.131913365
81,119,1,-0.743615576,0.131913365
82,119,1,-0.743614001,0.131913365
83,119,1,-0.743612426,0.131913365
84,119,1,-0.743610852,0.131913365
85,119,1,-0.743609277,0.131913365
86,119,1,-0.743607702,0.131913365
87,119,1,-0.743606127,0.131913365
88,119,1,-0.743604552,0.131913365
89,119,1,-0.743602978,0.131913365
90,119,1,-0.743601403,0.131913365
91,119,1,-0.743599828,0.131913365
92,119,1,-0.743598253,0.131913365
93,119,1,-0.743596678,0.131913365
94,119,1,-0.743595104,0.131913365
95,119,1,-0.743593529,0.131913365
96,119,1,-0.743591954,0.131913365
97,119,1,-0.743590379,0.131913365
98,119,1,-0.743588804,0.131913365
99,119,1,-0.743587229,0.131913365
100,119,1,-0.743585655,0.131913365
101,119,1,-0.743584080,0.131913365
102,119,1,-0.743582505,0.131913365
103,119,1,-0.743580930,0.131913365
104,119,1,-0.743579355,0.131913365
105,119,1,-0.743577781,0.131913365
106,119,1,-0.743576206,0.131913365
107,119,1,-0.743574631,0.131913365
108,119,1,-0.743573056,0.131913365
109,119,1,-0.743571481,0.131913365
110,119,1,-0.743569907,0.131913365
111,119,1,-0.743568332,0.131913365
112,119,1,-0.743566757,0.131913365
113,119,1,-0.743565182,0.131913365
114,119,1,-0.743563607,0.131913365
115,119,1,-0.743562033,0.131913365
116,119,1,-0.743560458,0.131913365
117,119,1,-0.743558883,0.131913365
118,119,1,-0.743557308,0.131913365
119,119,1,-0.743555733,0.131913365
120,119,1,-0.743554159,0.131913365
121,119,1,-0.743552584,0.131913365
122,119,1,-0.743551009,0.131913365
123,119,1,-0.743549434,0.131913365
124,119,1,-0.743547859,0.131913365
125,119,1,-0.743546285,0.131913365
126,119,1,-0.743544710,0.131913365
127,119,1,-0.743543135,0.131913365
0,120,1,-0.743743135,0.131914939
1,120,1,-0.743741560,0.131914939
2,120,1,-0.743739985,0.131914939
3,120,1,-0.743738411,0.131914939
4,120,1,-0.743736836,0.131914939
5,120,1,-0.743735261,0.131914939
6,120,1,-0.743733686,0.131914939
7,120,1,-0.743732111,0.131914939
8,120,1,-0.743730537,0.131914939
9,120,1,-0.743728962,0.131914939
10,120,1,-0.743727387,0.131914939
11,120,1,-0.743725812,0.131914939
12,120,1,-0.743724237,0.131914939
13,120,1,-0.743722663,0.131914939
14,120,1,-0.743721088,0.131914939
15,120,1,-0.743719513,0.131914939
16,120,1,-0.743717938,0.131914939
17,120,1,-0.743716363,0.131914939
18,120,1,-0.743714789,0.131914939
19,120,1,-0.743713214,0.131914939
20,120,1,-0.743711639,0.131914939
21,120,1,-0.743710064,0.131914939
22,120,1,-0.743708489,0.131914939
23,120,1,-0.743706915,0.131914939
24,120,1,-0.743705340,0.131914939
25,120,1,-0.743703765,0.131914939
26,120,1,-0.743702190,0.131914939
27,120,1,-0.743700615,0.131914939
28,120,1,-0.743699041,0.131914939
29,120,1,-0.743697466,0.131914939
30,120,1,-0.743695891,0.131914939
31,120,1,-0.743694316,0.131914939
32,120,1,-0.743692741,0.131914939
33,120,1,-0.743691166,0.131914939
34,120,1,-0.743689592,0.131914939
35,120,1,-0.743688017,0.131914939
36,120,1,-0.743686442,0.131914939
37,120,1,-0.743684867,0.131914939
38,120,1,-0.743683292,0.131914939
39,120,1,-0.743681718,0.131914939
40,120,1,-0.743680143,0.131914939
41,120,1,-0.743678568,0.131914939
42,120,1,-0.743676993,0.131914939
43,120,1,-0.743675418,0.131914939
44,120,1,-0.743673844,0.131914939
45,120,1,-0.743672269,0.131914939
46,120,1,-0.743670694,0.131914939
47,120,1,-0.743669119,0.131914939
48,120,1,-0.743667544,0.131914939
49,120,1,-0.743665970,0.131914939
50,120,1,-0.743664395,0.131914939
51,120,1,-0.743662820,0.131914939
52,120,1,-0.743661245,0.131914939
53,120,1,-0.743659670,0.131914939
54,120,1,-0.743658096,0.131914939
55,120,1,-0.743656521,0.131914939
56,120,1,-0.743654946,0.131914939
57,120,1,-0.743653371,0.131914939
58,120,1,-0.743651796,0.131914939
59,120,1,-0.743650222,0.131914939
60,120,1,-0.743648647,0.131914939
61,120,1,-0.743647072,0.131914939
62,120,1,-0.743645497,0.131914939
63,120,1,-0.743643922,0.131914939
64,120,1,-0.743642348,0.131914939
65,120,1,-0.743640773,0.131914939
66,120,1,-0.743639198,0.131914939
67,120,1,-0.743637623,0.131914939
68,120,1,-0.743636048,0.131914939
69,120,1,-0.743634474,0.131914939
70,120,1,-0.743632899,0.131914939
71,120,1,-0.743631324,0.131914939
72,120,1,-0.743629749,0.131914939
73,120,1,-0.743628174,0.131914939
74,120,1,-0.743626600,0.131914939
75,120,1,-0.743625025,0.131914939
76,120,1,-0.743623450,0.131914939
77,120,1,-0.743621875,0.131914939
78,120,1,-0.743620300,0.131914939
79,120,1,-0.743618726,0.131914939
80,120,1,-0.743617151,0.131914939
81,120,1,-0.743615576,0.131914939
82,120,1,-0.743614001,0.131914939
83,120,1,-0.743612426,0.131914939
84,120,1,-0.743610852,0.131914939
85,120,1,-0.743609277,0.131914939
86,120,1,-0.743607702,0.131914939
87,120,1,-0.743606127,0.131914939
88,120,1,-0.743604552,0.131914939
89,120,1,-0.743602978,0.131914939
90,120,1,-0.743601403,0.131914939
91,120,1,-0.743599828,0.131914939
92,120,1,-0.743598253,0.131914939
93,120,1,-0.743596678,0.131914939
94,120,1,-0.743595104,0.131914939
95,120,1,-0.743593529,0.131914939
96,120,1,-0.743591954,0.131914939
97,120,1,-0.743590379,0.131914939
98,120,1,-0.743588804,0.131914939
99,120,1,-0.743587229,0.131914939
100,120,1,-0.743585655,0.131914939
101,120,1,-0.743584080,0.131914939
102,120,1,-0.743582505,0.131914939
103,120,1,-0.743580930,0.131914939
104,120,1,-0.743579355,0.131914939
105,120,1,-0.743577781,0.131914939
106,120,1,-0.743576206,0.131914939
107,120,1,-0.743574631,0.131914939
108,120,1,-0.743573056,0.131914939
109,120,1,-0.743571481,0.131914939
110,120,1,-0.743569907,0.131914939
111,120,1,-0.743568332,0.131914939
112,120,1,-0.743566757,0.131914939
113,120,1,-0.743565182,0.131914939
114,120,1,-0.743563607,0.131914939
115,120,1,-0.743562033,0.131914939
116,120,1,-0.743560458,0.131914939
117,120,1,-0.743558883,0.131914939
118,120,1,-0.743557308,0.131914939
119,120,1,-0.743555733,0.131914939
120,120,1,-0.743554159,0.131914939
121,120,1,-0.743552584,0.131914939
122,120,1,-0.743551009,0.131914939
123,120,1,-0.743549434,0.131914939
124,120,1,-0.743547859,0.131914939
125,120,1,-0.743546285,0.131914939
126,120,1,-0.743544710,0.131914939
127,120,1,-0.743543135,0.131914939
0,121,1,-0.743743135,0.131916514
1,121,1,-0.743741560,0.131916514
2,121,1,-0.743739985,0.131916514
3,121,1,-0.743738411,0.131916514
4,121,1,-0.743736836,0.131916514
5,121,1,-0.743735261,0.131916514
6,121,1,-0.743733686,0.131916514
7,121,1,-0.743732111,0.131916514
8,121,1,-0.743730537,0.131916514
9,121,1,-0.743728962,0.131916514
10,121,1,-0.743727387,0.131916514
11,121,1,-0.743725812,0.131916514
12,121,1,-0.743724237,0.131916514
13,121,1,-0.743722663,0.131916514
14,121,1,-0.743721088,0.131916514
15,121,1,-0.743719513,0.131916514
16,121,1,-0.743717938,0.131916514
17,121,1,-0.743716363,0.131916514
18,121,1,-0.743714789,0.131916514
19,121,1,-0.743713214,0.131916514
20,121,1,-0.743711639,0.131916514
21,121,1,-0.743710064,0.131916514
22,121,1,-0.743708489,0.131916514
23,121,1,-0.743706915,0.131916514
24,121,1,-0.743705340,0.131916514
25,121,1,-0.743703765,0.131916514
26,121,1,-0.743702190,0.131916514
27,121,1,-0.743700615,0.131916514
28,121,1,-0.743699041,0.131916514
29,121,1,-0.743697466,0.131916514
30,121,1,-0.743695891,0.131916514
31,121,1,-0.743694316,0.131916514
32,121,1,-0.743692741,0.131916514
33,121,1,-0.743691166,0.131916514
34,121,1,-0.743689592,0.131916514
35,121,1,-0.743688017,0.131916514
36,121,1,-0.743686442,0.131916514
37,121,1,-0.743684867,0.131916514
38,121,1,-0.743683292,0.131916514
39,121,1,-0.743681718,0.131916514
40,121,1,-0.743680143,0.131916514
41,121,1,-0.743678568,0.131916514
42,121,1,-0.743676993,0.131916514
43,121,1,-0.743675418,0.131916514
44,121,1,-0.743673844,0.131916514
45,121,1,-0.743672269,0.131916514
46,121,1,-0.743670694,0.131916514
47,121,1,-0.743669119,0.131916514
48,121,1,-0.743667544,0.131916514
49,121,1,-0.743665970,0.131916514
50,121,1,-0.743664395,0.131916514
51,121,1,-0.743662820,0.131916514
52,121,1,-0.743661245,0.131916514
53,121,1,-0.743659670,0.131916514
54,121,1,-0.743658096,0.131916514
55,121,1,-0.743656521,0.131916514
56,121,1,-0.743654946,0.131916514
57,121,1,-0.743653371,0.131916514
58,121,1,-0.743651796,0.131916514
59,121,1,-0.743650222,0.131916514
60,121,1,-0.743648647,0.131916514
61,121,1,-0.743647072,0.131916514
62,121,1,-0.743645497,0.131916514
63,121,1,-0.743643922,0.131916514
64,121,1,-0.743642348,0.131916514
65,121,1,-0.743640773,0.131916514
66,121,1,-0.743639198,0.131916514
67,121,1,-0.743637623,0.131916514
68,121,1,-0.743636048,0.131916514
69,121,1,-0.743634474,0.131916514
70,121,1,-0.743632899,0.131916514
71,121,1,-0.743631324,0.131916514
72,121,1,-0.743629749,0.131916514
73,121,1,-0.743628174,0.131916514
74,121,1,-0.743626600,0.131916514
75,121,1,-0.743625025,0.131916514
76,121,1,-0.743623450,0.131916514
77,121,1,-0.743621875,0.131916514
78,121,1,-0.743620300,0.131916514
79,121,1,-0.743618726,0.131916514
80,121,1,-0.743617151,0.131916514
81,121,1,-0.743615576,0.131916514
82,121,1,-0.743614001,0.131916514
83,121,1,-0.743612426,0.131916514
84,121,1,-0.743610852,0.131916514
85,121,1,-0.743609277,0.131916514
86,121,1,-0.743607702,0.131916514
87,121,1,-0.743606127,0.131916514
88,121,1,-0.743604552,0.131916514
89,121,1,-0.743602978,0.131916514
90,121,1,-0.743601403,0.131916514
91,121,1,-0.743599828,0.131916514
92,121,1,-0.743598253,0.131916514
93,121,1,-0.743596678,0.131916514
94,121,1,-0.743595104,0.131916514
95,121,1,-0.743593529,0.131916514
96,121,1,-0.743591954,0.131916514
97,121,1,-0.743590379,0.131916514
98,121,1,-0.743588804,0.131916514
99,121,1,-0.743587229,0.131916514
100,121,1,-0.743585655,0.131916514
101,121,1,-0.743584080,0.131916514
102,121,1,-0.743582505,0.131916514
103,121,1,-0.743580930,0.131916514
104,121,1,-0.743579355,0.131916514
105,121,1,-0.743577781,0.131916514
106,121,1,-0.743576206,0.131916514
107,121,1,-0.743574631,0.131916514
108,121,1,-0.743573056,0.131916514
109,121,1,-0.743571481,0.131916514
110,121,1,-0.743569907,0.131916514
111,121,1,-0.743568332,0.131916514
112,121,1,-0.743566757,0.131916514
113,121,1,-0.743565182,0.131916514
114,121,1,-0.743563607,0.131916514
115,121,1,-0.743562033,0.131916514
116,121,1,-0.743560458,0.131916514
117,121,1,-0.743558883,0.131916514
118,121,1,-0.743557308,0.131916514
119,121,1,-0.743555733,0.131916514
120,121,1,-0.743554159,0.131916514
121,121,1,-0.743552584,0.131916514
122,121,1,-0.743551009,0.131916514
123,121,1,-0.743549434,0.131916514
124,121,1,-0.743547859,0.131916514
125,121,1,-0.743546285,0.131916514
126,121,1,-0.743544710,0.131916514
127,121,1,-0.743543135,0.131916514
0,122,1,-0.743743135,0.131918089
1,122,1,-0.743741560,0.131918089
2,122,1,-0.743739985,0.131918089
3,122,1,-0.743738411,0.131918089
4,122,1,-0.743736836,0.131918089
5,122,1,-0.743735261,0.131918089
6,122,1,-0.743733686,0.131918089
7,122,1,-0.743732111,0.131918089
8,122,1,-0.743730537,0.131918089
9,122,1,-0.743728962,0.131918089
10,122,1,-0.743727387,0.131918089
11,122,1,-0.743725812,0.131918089
12,122,1,-0.743724237,0.131918089
13,122,1,-0.743722663,0.131918089
14,122,1,-0.743721088,0.131918089
15,122,1,-0.743719513,0.131918089
16,122,1,-0.743717938,0.131918089
17,122,1,-0.743716363,0.131918089
18,122,1,-0.743714789,0.131918089
19,122,1,-0.743713214,0.131918089
20,122,1,-0.743711639,0.131918089
21,122,1,-0.743710064,0.131918089
22,122,1,-0.743708489,0.131918089
23,122,1,-0.743706915,0.131918089
24,122,1,-0.743705340,0.131918089
25,122,1,-0.743703765,0.131918089
26,122,1,-0.743702190,0.131918089
27,122,1,-0.743700615,0.131918089
28,122,1,-0.743699041,0.131918089
29,122,1,-0.743697466,0.131918089
30,122,1,-0.743695891,0.131918089
31,122,1,-0.743694316,0.131918089
32,122,1,-0.743692741,0.131918089
33,122,1,-0.743691166,0.131918089
34,122,1,-0.743689592,0.131918089
35,122,1,-0.743688017,0.131918089
36,122,1,-0.743686442,0.131918089
37,122,1,-0.743684867,0.131918089
38,122,1,-0.743683292,0.131918089
39,122,1,-0.743681718,0.131918089
40,122,1,-0.743680143,0.131918089
41,122,1,-0.743678568,0.131918089
42,122,1,-0.743676993,0.131918089
43,122,1,-0.743675418,0.131918089
44,122,1,-0.743673844,0.131918089
45,122,1,-0.743672269,0.131918089
46,122,1,-0.743670694,0.131918089
47,122,1,-0.743669119,0.131918089
48,122,1,-0.743667544,0.131918089
49,122,1,-0.743665970,0.131918089
50,122,1,-0.743664395,0.131918089
51,122,1,-0.743662820,0.131918089
52,122,1,-0.743661245,0.131918089
53,122,1,-0.743659670,0.131918089
54,122,1,-0.743658096,0.131918089
55,122,1,-0.743656521,0.131918089
56,122,1,-0.743654946,0.131918089
57,122,1,-0.743653371,0.131918089
58,122,1,-0.743651796,0.131918089
59,122,1,-0.743650222,0.131918089
60,122,1,-0.743648647,0.131918089
61,122,1,-0.743647072,0.131918089
62,122,1,-0.743645497,0.131918089
63,122,1,-0.743643922,0.131918089
64,122,1,-0.743642348,0.131918089
65,122,1,-0.743640773,0.131918089
66,122,1,-0.743639198,0.131918089
67,122,1,-0.743637623,0.131918089
68,122,1,-0.743636048,0.131918089
69,122,1,-0.743634474,0.131918089
70,122,1,-0.743632899,0.131918089
71,122,1,-0.743631324,0.131918089
72,122,1,-0.743629749,0.131918089
73,122,1,-0.743628174,0.131918089
74,122,1,-0.743626600,0.131918089
75,122,1,-0.743625025,0.131918089
76,122,1,-0.743623450,0.131918089
77,122,1,-0.743621875,0.131918089
78,122,1,-0.743620300,0.131918089
79,122,1,-0.743618726,0.131918089
80,122,1,-0.743617151,0.131918089
81,122,1,-0.743615576,0.131918089
82,122,1,-0.743614001,0.131918089
83,122,1,-0.743612426,0.131918089
84,122,1,-0.743610852,0.131918089
85,122,1,-0.743609277,0.131918089
86,122,1,-0.743607702,0.131918089
87,122,1,-0.743606127,0.131918089
88,122,1,-0.743604552,0.131918089
89,122,1,-0.743602978,0.131918089
90,122,1,-0.743601403,0.131918089
91,122,1,-0.743599828,0.131918089
92,122,1,-0.743598253,0.131918089
93,122,1,-0.743596678,0.131918089
94,122,1,-0.743595104,0.131918089
95,122,1,-0.743593529,0.131918089
96,122,1,-0.743591954,0.131918089
97,122,1,-0.743590379,0.131918089
98,122,1,-0.743588804,0.131918089
99,122,1,-0.743587229,0.131918089
100,122,1,-0.743585655,0.131918089
101,122,1,-0.743584080,0.131918089
102,122,1,-0.743582505,0.131918089
103,122,1,-0.743580930,0.131918089
104,122,1,-0.743579355,0.131918089
105,122,1,-0.743577781,0.131918089
106,122,1,-0.743576206,0.131918089
107,122,1,-0.743574631,0.131918089
108,122,1,-0.743573056,0.131918089
109,122,1,-0.743571481,0.131918089
110,122,1,-0.743569907,0.131918089
111,122,1,-0.743568332,0.131918089
112,122,1,-0.743566757,0.131918089
113,122,1,-0.743565182,0.131918089
114,122,1,-0.743563607,0.131918089
115,122,1,-0.743562033,0.131918089
116,122,1,-0.743560458,0.131918089
117,122,1,-0.743558883,0.131918089
118,122,1,-0.743557308,0.131918089
119,122,1,-0.743555733,0.131918089
120,122,1,-0.743554159,0.131918089
121,122,1,-0.743552584,0.131918089
122,122,1,-0.743551009,0.131918089
123,122,1,-0.743549434,0.131918089
124,122,1,-0.743547859,0.131918089
125,122,1,-0.743546285,0.131918089
126,122,1,-0.743544710,0.131918089
127,122,1,-0.743543135,0.131918089
0,123,1,-0.743743135,0.131919664
1,123,1,-0.743741560,0.131919664
2,123,1,-0.743739985,0.131919664
3,123,1,-0.743738411,0.131919664
4,123,1,-0.743736836,0.131919664
5,123,1,-0.743735261,0.131919664
6,123,1,-0.743733686,0.131919664
7,123,1,-0.743732111,0.131919664
8,123,1,-0.743730537,0.131919664
9,123,1,-0.743728962,0.131919664
10,123,1,-0.743727387,0.131919664
11,123,1,-0.743725812,0.131919664
12,123,1,-0.743724237,0.131919664
13,123,1,-0.743722663,0.131919664
14,123,1,-0.743721088,0.131919664
15,123,1,-0.743719513,0.131919664
16,123,1,-0.743717938,0.131919664
17,123,1,-0.743716363,0.131919664
18,123,1,-0.743714789,0.131919664
19,123,1,-0.743713214,0.131919664
20,123,1,-0.743711639,0.131919664
21,123,1,-0.743710064,0.131919664
22,123,1,-0.743708489,0.131919664
23,123,1,-0.743706915,0.131919664
24,123,1,-0.743705340,0.131919664
25,123,1,-0.743703765,0.131919664
26,123,1,-0.743702190,0.131919664
27,123,1,-0.743700615,0.131919664
28,123,1,-0.743699041,0.131919664
29,123,1,-0.743697466,0.131919664
30,123,1,-0.743695891,0.131919664
31,123,1,-0.743694316,0.131919664
32,123,1,-0.743692741,0.131919664
33,123,1,-0.743691166,0.131919664
34,123,1,-0.743689592,0.131919664
35,123,1,-0.743688017,0.131919664
36,123,1,-0.743686442,0.131919664
37,123,1,-0.743684867,0.131919664
38,123,1,-0.743683292,0.131919664
39,123,1,-0.743681718,0.131919664
40,123,1,-0.743680143,0.131919664
41,123,1,-0.743678568,0.131919664
42,123,1,-0.743676993,0.131919664
43,123,1,-0.743675418,0.131919664
44,123,1,-0.743673844,0.131919664
45,123,1,-0.743672269,0.131919664
46,123,1,-0.743670694,0.131919664
47,123,1,-0.743669119,0.131919664
48,123,1,-0.743667544,0.131919664
49,123,1,-0.743665970,0.131919664
50,123,1,-0.743664395,0.131919664
51,123,1,-0.743662820,0.131919664
52,123,1,-0.743661245,0.131919664
53,123,1,-0.743659670,0.131919664
54,123,1,-0.743658096,0.131919664
55,123,1,-0.743656521,0.131919664
56,123,1,-0.743654946,0.131919664
57,123,1,-0.743653371,0.131919664
58,123,1,-0.743651796,0.131919664
59,123,1,-0.743650222,0.131919664
60,123,1,-0.743648647,0.131919664
61,123,1,-0.743647072,0.131919664
62,123,1,-0.743645497,0.131919664
63,123,1,-0.743643922,0.131919664
64,123,1,-0.743642348,0.131919664
65,123,1,-0.743640773,0.131919664
66,123,1,-0.743639198,0.131919664
67,123,1,-0.743637623,0.131919664
68,123,1,-0.743636048,0.131919664
69,123,1,-0.743634474,0.131919664
70,123,1,-0.743632899,0.131919664
71,123,1,-0.743631324,0.131919664
72,123,1,-0.743629749,0.131919664
73,123,1,-0.743628174,0.131919664
74,123,1,-0.743626600,0.131919664
75,123,1,-0.743625025,0.131919664
76,123,1,-0.743623450,0.131919664
77,123,1,-0.743621875,0.131919664
78,123,1,-0.743620300,0.131919664
79,123,1,-0.743618726,0.131919664
80,123,1,-0.743617151,0.131919664
81,123,1,-0.743615576,0.131919664
82,123,1,-0.743614001,0.131919664
83,123,1,-0.743612426,0.131919664
84,123,1,-0.743610852,0.131919664
85,123,1,-0.743609277,0.131919664
86,123,1,-0.743607702,0.131919664
87,123,1,-0.743606127,0.131919664
88,123,1,-0.743604552,0.131919664
89,123,1,-0.743602978,0.131919664
90,123,1,-0.743601403,0.131919664
91,123,1,-0.743599828,0.131919664
92,123,1,-0.743598253,0.131919664
93,123,1,-0.743596678,0.131919664
94,123,1,-0.743595104,0.131919664
95,123,1,-0.743593529,0.131919664
96,123,1,-0.743591954,0.131919664
97,123,1,-0.743590379,0.131919664
98,123,1,-0.743588804,0.131919664
99,123,1,-0.743587229,0.131919664
100,123,1,-0.743585655,0.131919664
101,123,1,-0.743584080,0.131919664
102,123,1,-0.743582505,0.131919664
103,123,1,-0.743580930,0.131919664
104,123,1,-0.743579355,0.131919664
105,123,1,-0.743577781,0.131919664
106,123,1,-0.743576206,0.131919664
107,123,1,-0.743574631,0.131919664
108,123,1,-0.743573056,0.131919664
109,123,1,-0.743571481,0.131919664
110,123,1,-0.743569907,0.131919664
111,123,1,-0.743568332,0.131919664
112,123,1,-0.743566757,0.131919664
113,123,1,-0.743565182,0.131919664
114,123,1,-0.743563607,0.131919664
115,123,1,-0.743562033,0.131919664
116,123,1,-0.743560458,0.131919664
117,123,1,-0.743558883,0.131919664
118,123,1,-0.743557308,0.131919664
119,123,1,-0.743555733,0.131919664
120,123,1,-0.743554159,0.131919664
121,123,1,-0.743552584,0.131919664
122,123,1,-0.743551009,0.131919664
123,123,1,-0.743549434,0.131919664
124,123,1,-0.743547859,0.131919664
125,123,1,-0.743546285,0.131919664
126,123,1,-0.743544710,0.131919664
127,123,1,-0.743543135,0.131919664
0,124,1,-0.743743135,0.131921239
1,124,1,-0.743741560,0.131921239
2,124,1,-0.743739985,0.131921239
3,124,1,-0.743738411,0.131921239
4,124,1,-0.743736836,0.131921239
5,124,1,-0.743735261,0.131921239
6,124,1,-0.743733686,0.131921239
7,124,1,-0.743732111,0.131921239
8,124,1,-0.743730537,0.131921239
9,124,1,-0.743728962,0.131921239
10,124,1,-0.743727387,0.131921239
11,124,1,-0.743725812,0.131921239
12,124,1,-0.743724237,0.131921239
13,124,1,-0.743722663,0.131921239
14,124,1,-0.743721088,0.131921239
15,124,1,-0.743719513,0.131921239
16,124,1,-0.743717938,0.131921239
17,124,1,-0.743716363,0.131921239
18,124,1,-0.743714789,0.131921239
19,124,1,-0.743713214,0.131921239
20,124,1,-0.743711639,0.131921239
21,124,1,-0.743710064,0.131921239
22,124,1,-0.743708489,0.131921239
23,124,1,-0.743706915,0.131921239
24,124,1,-0.743705340,0.131921239
25,124,1,-0.743703765,0.131921239
26,124,1,-0.743702190,0.131921239
27,124,1,-0.743700615,0.131921239
28,124,1,-0.743699041,0.131921239
29,124,1,-0.743697466,0.131921239
30,124,1,-0.743695891,0.131921239
31,124,1,-0.743694316,0.131921239
32,124,1,-0.743692741,0.131921239
33,124,1,-0.743691166,0.131921239
34,124,1,-0.743689592,0.131921239
35,124,1,-0.743688017,0.131921239
36,124,1,-0.743686442,0.131921239
37,124,1,-0.743684867,0.131921239
38,124,1,-0.743683292,0.131921239
39,124,1,-0.743681718,0.131921239
40,124,1,-0.743680143,0.131921239
41,124,1,-0.743678568,0.131921239
42,124,1,-0.743676993,0.131921239
43,124,1,-0.743675418,0.131921239
44,124,1,-0.743673844,0.131921239
45,124,1,-0.743672269,0.131921239
46,124,1,-0.743670694,0.131921239
47,124,1,-0.743669119,0.131921239
48,124,1,-0.743667544,0.131921239
49,124,1,-0.743665970,0.131921239
50,124,1,-0.743664395,0.131921239
51,124,1,-0.743662820,0.131921239
52,124,1,-0.743661245,0.131921239
53,124,1,-0.743659670,0.131921239
54,124,1,-0.743658096,0.131921239
55,124,1,-0.743656521,0.131921239
56,124,1,-0.743654946,0.131921239
57,124,1,-0.743653371,0.131921239
58,124,1,-0.743651796,0.131921239
59,124,1,-0.743650222,0.131921239
60,124,1,-0.743648647,0.131921239
61,124,1,-0.743647072,0.131921239
62,124,1,-0.743645497,0.131921239
63,124,1,-0.743643922,0.131921239
64,124,1,-0.743642348,0.131921239
65,124,1,-0.743640773,0.131921239
66,124,1,-0.743639198,0.131921239
67,124,1,-0.743637623,0.131921239
68,124,1,-0.743636048,0.131921239
69,124,1,-0.743634474,0.131921239
70,124,1,-0.743632899,0.131921239
71,124,1,-0.743631324,0.131921239
72,124,1,-0.743629749,0.131921239
73,124,1,-0.743628174,0.131921239
74,124,1,-0.743626600,0.131921239
75,124,1,-0.743625025,0.131921239
76,124,1,-0.743623450,0.131921239
77,124,1,-0.743621875,0.131921239
78,124,1,-0.743620300,0.131921239
79,124,1,-0.743618726,0.131921239
80,124,1,-0.743617151,0.131921239
81,124,1,-0.743615576,0.131921239
82,124,1,-0.743614001,0.131921239
83,124,1,-0.743612426,0.131921239
84,124,1,-0.743610852,0.131921239
85,124,1,-0.743609277,0.131921239
86,124,1,-0.743607702,0.131921239
87,124,1,-0.743606127,0.131921239
88,124,1,-0.743604552,0.131921239
89,124,1,-0.743602978,0.131921239
90,124,1,-0.743601403,0.131921239
91,124,1,-0.743599828,0.131921239
92,124,1,-0.743598253,0.131921239
93,124,1,-0.743596678,0.131921239
94,124,1,-0.743595104,0.131921239
95,124,1,-0.743593529,0.131921239
96,124,1,-0.743591954,0.131921239
97,124,1,-0.743590379,0.131921239
98,124,1,-0.743588804,0.131921239
99,124,1,-0.743587229,0.131921239
100,124,1,-0.743585655,0.131921239
101,124,1,-0.743584080,0.131921239
102,124,1,-0.743582505,0.131921239
103,124,1,-0.743580930,0.131921239
104,124,1,-0.743579355,0.131921239
105,124,1,-0.743577781,0.131921239
106,124,1,-0.743576206,0.131921239
107,124,1,-0.743574631,0.131921239
108,124,1,-0.743573056,0.131921239
109,124,1,-0.743571481,0.131921239
110,124,1,-0.743569907,0.131921239
111,124,1,-0.743568332,0.131921239
112,124,1,-0.743566757,0.131921239
113,124,1,-0.743565182,0.131921239
114,124,1,-0.743563607,0.131921239
115,124,1,-0.743562033,0.131921239
116,124,1,-0.743560458,0.131921239
117,124,1,-0.743558883,0.131921239
118,124,1,-0.743557308,0.131921239
119,124,1,-0.743555733,0.131921239
120,124,1,-0.743554159,0.131921239
121,124,1,-0.743552584,0.131921239
122,124,1,-0.743551009,0.131921239
123,124,1,-0.743549434,0.131921239
124,124,1,-0.743547859,0.131921239
125,124,1,-0.743546285,0.131921239
126,124,1,-0.743544710,0.131921239
127,124,1,-0.743543135,0.131921239
0,125,1,-0.743743135,0.131922813
1,125,1,-0.743741560,0.131922813
2,125,1,-0.743739985,0.131922813
3,125,1,-0.743738411,0.131922813
4,125,1,-0.743736836,0.131922813
5,125,1,-0.743735261,0.131922813
6,125,1,-0.743733686,0.131922813
7,125,1,-0.743732111,0.131922813
8,125,1,-0.743730537,0.131922813
9,125,1,-0.743728962,0.131922813
10,125,1,-0.743727387,0.131922813
11,125,1,-0.743725812,0.131922813
12,125,1,-0.743724237,0.131922813
13,125,1,-0.743722663,0.131922813
14,125,1,-0.743721088,0.131922813
15,125,1,-0.743719513,0.131922813
16,125,1,-0.743717938,0.131922813
17,125,1,-0.743716363,0.131922813
18,125,1,-0.743714789,0.131922813
19,125,1,-0.743713214,0.131922813
20,125,1,-0.743711639,0.131922813
21,125,1,-0.743710064,0.131922813
22,125,1,-0.743708489,0.131922813
23,125,1,-0.743706915,0.131922813
24,125,1,-0.743705340,0.131922813
25,125,1,-0.743703765,0.131922813
26,125,1,-0.743702190,0.131922813
27,125,1,-0.743700615,0.131922813
28,125,1,-0.743699041,0.131922813
29,125,1,-0.743697466,0.131922813
30,125,1,-0.743695891,0.131922813
31,125,1,-0.743694316,0.131922813
32,125,1,-0.743692741,0.131922813
33,125,1,-0.743691166,0.131922813
34,125,1,-0.743689592,0.131922813
35,125,1,-0.743688017,0.131922813
36,125,1,-0.743686442,0.131922813
37,125,1,-0.743684867,0.131922813
38,125,1,-0.743683292,0.131922813
39,125,1,-0.743681718,0.131922813
40,125,1,-0.743680143,0.131922813
41,125,1,-0.743678568,0.131922813
42,125,1,-0.743676993,0.131922813
43,125,1,-0.743675418,0.131922813
44,125,1,-0.743673844,0.131922813
45,125,1,-0.743672269,0.131922813
46,125,1,-0.743670694,0.131922813
47,125,1,-0.743669119,0.131922813
48,125,1,-0.743667544,0.131922813
49,125,1,-0.743665970,0.131922813
50,125,1,-0.743664395,0.131922813
51,125,1,-0.743662820,0.131922813
52,125,1,-0.743661245,0.131922813
53,125,1,-0.743659670,0.131922813
54,125,1,-0.743658096,0.131922813
55,125,1,-0.743656521,0.131922813
56,125,1,-0.743654946,0.131922813
57,125,1,-0.743653371,0.131922813
58,125,1,-0.743651796,0.131922813
59,125,1,-0.743650222,0.131922813
60,125,1,-0.743648647,0.131922813
61,125,1,-0.743647072,0.131922813
62,125,1,-0.743645497,0.131922813
63,125,1,-0.743643922,0.131922813
64,125,1,-0.743642348,0.131922813
65,125,1,-0.743640773,0.131922813
66,125,1,-0.743639198,0.131922813
67,125,1,-0.743637623,0.131922813
68,125,1,-0.743636048,0.131922813
69,125,1,-0.743634474,0.131922813
70,125,1,-0.743632899,0.131922813
71,125,1,-0.743631324,0.131922813
72,125,1,-0.743629749,0.131922813
73,125,1,-0.743628174,0.131922813
74,125,1,-0.743626600,0.131922813
75,125,1,-0.743625025,0.131922813
76,125,1,-0.743623450,0.131922813
77,125,1,-0.743621875,0.131922813
78,125,1,-0.743620300,0.131922813
79,125,1,-0.743618726,0.131922813
80,125,1,-0.743617151,0.131922813
81,125,1,-0.743615576,0.131922813
82,125,1,-0.743614001,0.131922813
83,125,1,-0.743612426,0.131922813
84,125,1,-0.743610852,0.131922813
85,125,1,-0.743609277,0.131922813
86,125,1,-0.743607702,0.131922813
87,125,1,-0.743606127,0.131922813
88,125,1,-0.743604552,0.131922813
89,125,1,-0.743602978,0.131922813
90,125,1,-0.743601403,0.131922813
91,125,1,-0.743599828,0.131922813
92,125,1,-0.743598253,0.131922813
93,125,1,-0.743596678,0.131922813
94,125,1,-0.743595104,0.131922813
95,125,1,-0.743593529,0.131922813
96,125,1,-0.743591954,0.131922813
97,125,1,-0.743590379,0.131922813
98,125,1,-0.743588804,0.131922813
99,125,1,-0.743587229,0.131922813
100,125,1,-0.743585655,0.131922813
101,125,1,-0.743584080,0.131922813
102,125,1,-0.743582505,0.131922813
103,125,1,-0.743580930,0.131922813
104,125,1,-0.743579355,0.131922813
105,125,1,-0.743577781,0.131922813
106,125,1,-0.743576206,0.131922813
107,125,1,-0.743574631,0.131922813
108,125,1,-0.743573056,0.131922813
109,125,1,-0.743571481,0.131922813
110,125,1,-0.743569907,0.131922813
111,125,1,-0.743568332,0.131922813
112,125,1,-0.743566757,0.131922813
113,125,1,-0.743565182,0.131922813
114,125,1,-0.743563607,0.131922813
115,125,1,-0.743562033,0.131922813
116,125,1,-0.743560458,0.131922813
117,125,1,-0.743558883,0.131922813
118,125,1,-0.743557308,0.131922813
119,125,1,-0.743555733,0.131922813
120,125,1,-0.743554159,0.131922813
121,125,1,-0.743552584,0.131922813
122,125,1,-0.743551009,0.131922813
123,125,1,-0.743549434,0.131922813
124,125,1,-0.743547859,0.131922813
125,125,1,-0.743546285,0.131922813
126,125,1,-0.743544710,0.131922813
127,125,1,-0.743543135,0.131922813
0,126,1,-0.743743135,0.131924388
1,126,1,-0.743741560,0.131924388
2,126,1,-0.743739985,0.131924388
3,126,1,-0.743738411,0.131924388
4,126,1,-0.743736836,0.131924388
5,126,1,-0.743735261,0.131924388
6,126,1,-0.743733686,0.131924388
7,126,1,-0.743732111,0.131924388
8,126,1,-0.743730537,0.131924388
9,126,1,-0.743728962,0.131924388
10,126,1,-0.743727387,0.131924388
11,126,1,-0.743725812,0.131924388
12,126,1,-0.743724237,0.131924388
13,126,1,-0.743722663,0.131924388
14,126,1,-0.743721088,0.131924388
15,126,1,-0.743719513,0.131924388
16,126,1,-0.743717938,0.131924388
17,126,1,-0.743716363,0.131924388
18,126,1,-0.743714789,0.131924388
19,126,1,-0.743713214,0.131924388
20,126,1,-0.743711639,0.131924388
21,126,1,-0.743710064,0.131924388
22,126,1,-0.743708489,0.131924388
23,126,1,-0.743706915,0.131924388
24,126,1,-0.743705340,0.131924388
25,126,1,-0.743703765,0.131924388
26,126,1,-0.743702190,0.131924388
27,126,1,-0.743700615,0.131924388
28,126,1,-0.743699041,0.131924388
29,126,1,-0.743697466,0.131924388
30,126,1,-0.743695891,0.131924388
31,126,1,-0.743694316,0.131924388
32,126,1,-0.743692741,0.131924388
33,126,1,-0.743691166,0.131924388
34,126,1,-0.743689592,0.131924388
35,126,1,-0.743688017,0.131924388
36,126,1,-0.743686442,0.131924388
37,126,1,-0.743684867,0.131924388
38,126,1,-0.743683292,0.131924388
39,126,1,-0.743681718,0.131924388
40,126,1,-0.743680143,0.131924388
41,126,1,-0.743678568,0.131924388
42,126,1,-0.743676993,0.131924388
43,126,1,-0.743675418,0.131924388
44,126,1,-0.743673844,0.131924388
45,126,1,-0.743672269,0.131924388
46,126,1,-0.743670694,0.131924388
47,126,1,-0.743669119,0.131924388
48,126,1,-0.743667544,0.131924388
49,126,1,-0.743665970,0.131924388
50,126,1,-0.743664395,0.131924388
51,126,1,-0.743662820,0.131924388
52,126,1,-0.743661245,0.131924388
53,126,1,-0.743659670,0.131924388
54,126,1,-0.743658096,0.131924388
55,126,1,-0.743656521,0.131924388
56,126,1,-0.743654946,0.131924388
57,126,1,-0.743653371,0.131924388
58,126,1,-0.743651796,0.131924388
59,126,1,-0.743650222,0.131924388
60,126,1,-0.743648647,0.131924388
61,126,1,-0.743647072,0.131924388
62,126,1,-0.743645497,0.131924388
63,126,1,-0.743643922,0.131924388
64,126,1,-0.743642348,0.131924388
65,126,1,-0.743640773,0.131924388
66,126,1,-0.743639198,0.131924388
67,126,1,-0.743637623,0.131924388
68,126,1,-0.743636048,0.131924388
69,126,1,-0.743634474,0.131924388
70,126,1,-0.743632899,0.131924388
71,126,1,-0.743631324,0.131924388
72,126,1,-0.743629749,0.131924388
73,126,1,-0.743628174,0.131924388
74,126,1,-0.743626600,0.131924388
75,126,1,-0.743625025,0.131924388
76,126,1,-0.743623450,0.131924388
77,126,1,-0.743621875,0.131924388
78,126,1,-0.743620300,0.131924388
79,126,1,-0.743618726,0.131924388
80,126,1,-0.743617151,0.131924388
81,126,1,-0.743615576,0.131924388
82,126,1,-0.743614001,0.131924388
83,126,1,-0.743612426,0.131924388
84,126,1,-0.743610852,0.131924388
85,126,1,-0.743609277,0.131924388
86,126,1,-0.743607702,0.131924388
87,126,1,-0.743606127,0.131924388
88,126,1,-0.743604552,0.131924388
89,126,1,-0.743602978,0.131924388
90,126,1,-0.743601403,0.131924388
91,126,1,-0.743599828,0.131924388
92,126,1,-0.743598253,0.131924388
93,126,1,-0.743596678,0.131924388
94,126,1,-0.743595104,0.131924388
95,126,1,-0.743593529,0.131924388
96,126,1,-0.743591954,0.131924388
97,126,1,-0.743590379,0.131924388
98,126,1,-0.743588804,0.131924388
99,126,1,-0.743587229,0.131924388
100,126,1,-0.743585655,0.131924388
101,126,1,-0.743584080,0.131924388
102,126,1,-0.743582505,0.131924388
103,126,1,-0.743580930,0.131924388
104,126,1,-0.743579355,0.131924388
105,126,1,-0.743577781,0.131924388
106,126,1,-0.743576206,0.131924388
107,126,1,-0.743574631,0.131924388
108,126,1,-0.743573056,0.131924388
109,126,1,-0.743571481,0.131924388
110,126,1,-0.743569907,0.131924388
111,126,1,-0.743568332,0.131924388
112,126,1,-0.743566757,0.131924388
113,126,1,-0.743565182,0.131924388
114,126,1,-0.743563607,0.131924388
115,126,1,-0.743562033,0.131924388
116,126,1,-0.743560458,0.131924388
117,126,1,-0.743558883,0.131924388
118,126,1,-0.743557308,0.131924388
119,126,1,-0.743555733,0.131924388
120,126,1,-0.743554159,0.131924388
121,126,1,-0.743552584,0.131924388
122,126,1,-0.743551009,0.131924388
123,126,1,-0.743549434,0.131924388
124,126,1,-0.743547859,0.131924388
125,126,1,-0.743546285,0.131924388
126,126,1,-0.743544710,0.131924388
127,126,1,-0.743543135,0.131924388
0,127,1,-0.743743135,0.131925963
1,127,1,-0.743741560,0.131925963
2,127,1,-0.743739985,0.131925963
3,127,1,-0.743738411,0.131925963
4,127,1,-0.743736836,0.131925963
5,127,1,-0.743735261,0.131925963
6,127,1,-0.743733686,0.131925963
7,127,1,-0.743732111,0.131925963
8,127,1,-0.743730537,0.131925963
9,127,1,-0.743728962,0.131925963
10,127,1,-0.743727387,0.131925963
11,127,1,-0.743725812,0.131925963
12,127,1,-0.743724237,0.131925963
13,127,1,-0.743722663,0.131925963
14,127,1,-0.743721088,0.131925963
15,127,1,-0.743719513,0.131925963
16,127,1,-0.743717938,0.131925963
17,127,1,-0.743716363,0.131925963
18,127,1,-0.743714789,0.131925963
19,127,1,-0.743713214,0.131925963
20,127,1,-0.743711639,0.131925963
21,127,1,-0.743710064,0.131925963
22,127,1,-0.743708489,0.131925963
23,127,1,-0.743706915,0.131925963
24,127,1,-0.743705340,0.131925963
25,127,1,-0.743703765,0.131925963
26,127,1,-0.743702190,0.131925963
27,127,1,-0.743700615,0.131925963
28,127,1,-0.743699041,0.131925963
29,127,1,-0.743697466,0.131925963
30,127,1,-0.743695891,0.131925963
31,127,1,-0.743694316,0.131925963
32,127,1,-0.743692741,0.131925963
33,127,1,-0.743691166,0.131925963
34,127,1,-0.743689592,0.131925963
35,127,1,-0.743688017,0.131925963
36,127,1,-0.743686442,0.131925963
37,127,1,-0.743684867,0.131925963
38,127,1,-0.743683292,0.131925963
39,127,1,-0.743681718,0.131925963
40,127,1,-0.743680143,0.131925963
41,127,1,-0.743678568,0.131925963
42,127,1,-0.743676993,0.131925963
43,127,1,-0.743675418,0.131925963
44,127,1,-0.743673844,0.131925963
45,127,1,-0.743672269,0.131925963
46,127,1,-0.743670694,0.131925963
47,127,1,-0.743669119,0.131925963
48,127,1,-0.743667544,0.131925963
49,127,1,-0.743665970,0.131925963
50,127,1,-0.743664395,0.131925963
51,127,1,-0.743662820,0.131925963
52,127,1,-0.743661245,0.131925963
53,127,1,-0.743659670,0.131925963
54,127,1,-0.743658096,0.131925963
55,127,1,-0.743656521,0.131925963
56,127,1,-0.743654946,0.131925963
57,127,1,-0.743653371,0.131925963
58,127,1,-0.743651796,0.131925963
59,127,1,-0.743650222,0.131925963
60,127,1,-0.743648647,0.131925963
61,127,1,-0.743647072,0.131925963
62,127,1,-0.743645497,0.131925963
63,127,1,-0.743643922,0.131925963
64,127,1,-0.743642348,0.131925963
65,127,1,-0.743640773,0.131925963
66,127,1,-0.743639198,0.131925963
67,127,1,-0.743637623,0.131925963
68,127,1,-0.743636048,0.131925963
69,127,1,-0.743634474,0.131925963
70,127,1,-0.743632899,0.131925963
71,127,1,-0.743631324,0.131925963
72,127,1,-0.743629749,0.131925963
73,127,1,-0.743628174,0.131925963
74,127,1,-0.743626600,0.131925963
75,127,1,-0.743625025,0.131925963
76,127,1,-0.743623450,0.131925963
77,127,1,-0.743621875,0.131925963
78,127,1,-0.743620300,0.131925963
79,127,1,-0.743618726,0.131925963
80,127,1,-0.743617151,0.131925963
81,127,1,-0.743615576,0.131925963
82,127,1,-0.743614001,0.131925963
83,127,1,-0.743612426,0.131925963
84,127,1,-0.743610852,0.131925963
85,127,1,-0.743609277,0.131925963
86,127,1,-0.743607702,0.131925963
87,127,1,-0.743606127,0.131925963
88,127,1,-0.743604552,0.131925963
89,127,1,-0.743602978,0.131925963
90,127,1,-0.743601403,0.131925963
91,127,1,-0.743599828,0.131925963
92,127,1,-0.743598253,0.131925963
93,127,1,-0.743596678,0.131925963
94,127,1,-0.743595104,0.131925963
95,127,1,-0.743593529,0.131925963
96,127,1,-0.743591954,0.131925963
97,127,1,-0.743590379,0.131925963
98,127,1,-0.743588804,0.131925963
99,127,1,-0.743587229,0.131925963
100,127,1,-0.743585655,0.131925963
101,127,1,-0.743584080,0.131925963
102,127,1,-0.743582505,0.131925963
103,127,1,-0.743580930,0.131925963
104,127,1,-0.743579355,0.131925963
105,127,1,-0.743577781,0.131925963
106,127,1,-0.743576206,0.131925963
107,127,1,-0.743574631,0.131925963
108,127,1,-0.743573056,0.131925963
109,127,1,-0.743571481,0.131925963
110,127,1,-0.743569907,0.131925963
111,127,1,-0.743568332,0.131925963
112,127,1,-0.743566757,0.131925963
113,127,1,-0.743565182,0.131925963
114,127,1,-0.743563607,0.131925963
115,127,1,-0.743562033,0.131925963
116,127,1,-0.743560458,0.131925963
117,127,1,-0.743558883,0.131925963
118,127,1,-0.743557308,0.131925963
119,127,1,-0.743555733,0.131925963
120,127,1,-0.743554159,0.131925963
121,127,1,-0.743552584,0.131925963
122,127,1,-0.743551009,0.131925963
123,127,1,-0.743549434,0.131925963
124,127,1,-0.743547859,0.131925963
125,127,1,-0.743546285,0.131925963
126,127,1,-0.743544710,0.131925963
127,127,1,-0.743543135,0.131925963
