$date
	Thu May 28 14:46:57 2026
$end
$version
	Icarus Verilog
$end
$timescale
	1ps
$end
$scope module tb_multiply_manager $end
$var wire 16 ! iteration_out [15:0] $end
$var wire 1 " done_side $end
$var wire 1 # done $end
$var reg 1 $ clk $end
$var reg 18 % julia_c_x [17:0] $end
$var reg 18 & julia_c_y [17:0] $end
$var reg 1 ' julia_type $end
$var reg 1 ( kill $end
$var reg 4 ) magnitude_negation_encoding [3:0] $end
$var reg 5 * max_iteration [4:0] $end
$var reg 1 + received $end
$var reg 1 , rst $end
$var reg 1 - start_left $end
$var reg 1 . start_right $end
$var reg 1 / start_wide $end
$var reg 18 0 starting_x_reg_1 [17:0] $end
$var reg 18 1 starting_x_reg_2 [17:0] $end
$var reg 18 2 starting_y_reg_1 [17:0] $end
$var reg 18 3 starting_y_reg_2 [17:0] $end
$var reg 32 4 checks [31:0] $end
$var reg 32 5 errors [31:0] $end
$scope function alter $end
$upscope $end
$scope function check $end
$upscope $end
$scope function escaped $end
$upscope $end
$scope function golden_iterations $end
$upscope $end
$scope function mul $end
$upscope $end
$scope function narrow_slice $end
$upscope $end
$scope function promote_q216_to_q432 $end
$upscope $end
$scope function to_q216 $end
$upscope $end
$scope module dut $end
$var wire 1 $ clk $end
$var wire 18 6 julia_c_x [17:0] $end
$var wire 18 7 julia_c_y [17:0] $end
$var wire 1 ' julia_type $end
$var wire 1 ( kill $end
$var wire 4 8 magnitude_negation_encoding [3:0] $end
$var wire 5 9 max_iteration [4:0] $end
$var wire 1 + received $end
$var wire 1 , rst $end
$var wire 1 - start_left $end
$var wire 1 . start_right $end
$var wire 1 / start_wide $end
$var wire 18 : starting_x_reg_1 [17:0] $end
$var wire 18 ; starting_x_reg_2 [17:0] $end
$var wire 18 < starting_y_reg_1 [17:0] $end
$var wire 18 = starting_y_reg_2 [17:0] $end
$var wire 36 > left_multiply_result [35:0] $end
$var wire 1 ? left_max_iteration_flag $end
$var wire 1 @ left_magnitude_flag $end
$var wire 36 A encoded_y_reg_2 [35:0] $end
$var wire 36 B encoded_y_reg_1 [35:0] $end
$var wire 36 C encoded_x_reg_2 [35:0] $end
$var wire 36 D encoded_x_reg_1 [35:0] $end
$var reg 1 # done $end
$var reg 1 " done_side $end
$var reg 16 E iteration_out [15:0] $end
$var reg 16 F iteration_reg_1 [15:0] $end
$var reg 16 G iteration_reg_2 [15:0] $end
$var reg 2 H left_multiply_mode [1:0] $end
$var reg 36 I magnitude_reg_1 [35:0] $end
$var reg 36 J magnitude_reg_2 [35:0] $end
$var reg 18 K spare_x_reg_1 [17:0] $end
$var reg 36 L sum_x_reg_1 [35:0] $end
$var reg 36 M sum_x_reg_2 [35:0] $end
$var reg 36 N sum_y_reg_1 [35:0] $end
$var reg 36 O sum_y_reg_2 [35:0] $end
$var integer 32 P grouping_status [31:0] $end
$var integer 32 Q left_cycle [31:0] $end
$var integer 32 R left_thread [31:0] $end
$var integer 32 S right_cycle [31:0] $end
$var integer 32 T right_thread [31:0] $end
$scope module left_iteration_flagger $end
$var wire 16 U iteration_count [15:0] $end
$var wire 5 V max_iteration [4:0] $end
$var wire 1 ? flag $end
$upscope $end
$scope module left_magnitude $end
$var wire 36 W magnitude [35:0] $end
$var reg 1 @ mag_flag $end
$upscope $end
$scope module left_multiply $end
$var wire 2 X mode [1:0] $end
$var wire 18 Y x [17:0] $end
$var wire 18 Z y [17:0] $end
$var reg 36 [ result [35:0] $end
$upscope $end
$scope module mag_neg_encoder $end
$var wire 4 \ magnitude_negation_encoding [3:0] $end
$var wire 36 ] sum_x_reg_1 [35:0] $end
$var wire 36 ^ sum_x_reg_2 [35:0] $end
$var wire 36 _ sum_y_reg_1 [35:0] $end
$var wire 36 ` sum_y_reg_2 [35:0] $end
$var wire 1 a neg_y $end
$var wire 1 b neg_x $end
$var wire 1 c abs_y $end
$var wire 1 d abs_x $end
$var reg 36 e changed_sum_x_reg_1 [35:0] $end
$var reg 36 f changed_sum_x_reg_2 [35:0] $end
$var reg 36 g changed_sum_y_reg_1 [35:0] $end
$var reg 36 h changed_sum_y_reg_2 [35:0] $end
$upscope $end
$upscope $end
$scope begin $unm_blk_59 $end
$upscope $end
$scope task do_reset $end
$upscope $end
$scope task run_left $end
$upscope $end
$upscope $end
$enddefinitions $end
#0
$dumpvars
bx h
bx g
bx f
bx e
0d
0c
0b
0a
bx `
bx _
bx ^
bx ]
b0 \
bx [
bx Z
bx Y
b0 X
bx W
b0 V
bx U
b0 T
b0 S
b0 R
b0 Q
b0 P
bx O
bx N
bx M
bx L
bx K
bx J
bx I
b0 H
bx G
bx F
bx E
bx D
bx C
bx B
bx A
x@
x?
bx >
b0 =
b0 <
b0 ;
b0 :
b0 9
b0 8
b0 7
b0 6
b0 5
b0 4
b0 3
b0 2
b0 1
b0 0
0/
0.
0-
1,
0+
b0 *
b0 )
0(
0'
b0 &
b0 %
0$
0#
0"
bx !
$end
#5000
0@
b0 J
b0 I
b0 W
1$
#10000
0$
#15000
1$
#20000
0$
#25000
0,
1$
#30000
0$
#35000
b11 *
b11 9
b11 V
b1 4
1$
#40000
1-
0$
#45000
b0 Z
b0 B
b0 g
b0 D
b0 e
b0 !
b0 E
b1 Q
b0 N
b0 _
b0 L
b0 ]
0?
b0 F
b0 U
b1 R
b1 P
1$
#50000
0-
0$
#55000
b0 >
b0 [
b10 Q
b0 K
b0 Y
1$
#60000
0$
#65000
b1 H
b1 X
b11 Q
1$
#70000
0$
#75000
b10 H
b10 X
b100 Q
1$
#80000
0$
#85000
b0 H
b0 X
b101 Q
1$
#90000
0$
#95000
b1 !
b1 E
b1 F
b1 U
b1 Q
1$
#100000
0$
#105000
b10 Q
1$
#110000
0$
#115000
b1 H
b1 X
b11 Q
1$
#120000
0$
#125000
b10 H
b10 X
b100 Q
1$
#130000
0$
#135000
b0 H
b0 X
b101 Q
1$
#140000
0$
#145000
b10 !
b10 E
b10 F
b10 U
b1 Q
1$
#150000
0$
#155000
b10 Q
1$
#160000
0$
#165000
b1 H
b1 X
b11 Q
1$
#170000
0$
#175000
b10 H
b10 X
b100 Q
1$
#180000
0$
#185000
b0 H
b0 X
b101 Q
1$
#190000
0$
#195000
b11 !
b11 E
b11 F
b11 U
b1 Q
1$
#200000
0$
#205000
b10 Q
1$
#210000
0$
#215000
b1 H
b1 X
b11 Q
1$
#220000
0$
#225000
b10 H
b10 X
b100 Q
1$
#230000
0$
#235000
b0 H
b0 X
b101 Q
1$
#240000
0$
#245000
b100 !
b100 E
b100 F
b100 U
b1 Q
1$
#250000
0$
#255000
b10 Q
1$
#260000
0$
#265000
b1 H
b1 X
b11 Q
1$
#270000
0$
#275000
b10 H
b10 X
b100 Q
1$
#280000
0$
#285000
b0 H
b0 X
b101 Q
1$
#290000
0$
#295000
b101 !
b101 E
b101 F
b101 U
b1 Q
1$
#300000
0$
#305000
b10 Q
1$
#310000
0$
#315000
b1 H
b1 X
b11 Q
1$
#320000
0$
#325000
b10 H
b10 X
b100 Q
1$
#330000
0$
#335000
b0 H
b0 X
b101 Q
1$
#340000
0$
#345000
b110 !
b110 E
b110 F
b110 U
b1 Q
1$
#350000
0$
#355000
b10 Q
1$
#360000
0$
#365000
b1 H
b1 X
b11 Q
1$
#370000
0$
#375000
b10 H
b10 X
b100 Q
1$
#380000
0$
#385000
b0 H
b0 X
b101 Q
1$
#390000
0$
#395000
b111 !
b111 E
b111 F
b111 U
b1 Q
1$
#400000
0$
#405000
b10 Q
1$
#410000
0$
#415000
b1 H
b1 X
b11 Q
1$
#420000
0$
#425000
b10 H
b10 X
b100 Q
1$
#430000
0$
#435000
b0 H
b0 X
b101 Q
1$
#440000
0$
#445000
b1000 !
b1000 E
1?
b1000 F
b1000 U
b1 Q
1$
#450000
0$
#455000
1#
b111 Q
1$
#460000
0$
#465000
b11 4
1$
#470000
0$
#475000
b101 4
1$
#480000
0$
#485000
b111 4
1$
#490000
0$
#495000
b1001 4
1$
#500000
1+
0$
#505000
0#
b0 Q
b0 R
1$
#510000
0+
0$
#515000
b11000000000000000 0
b11000000000000000 :
0?
b101 *
b101 9
b101 V
b1010 4
1$
#520000
1-
0$
#525000
b0 !
b0 E
b1 Q
b0 F
b0 U
b1 R
1$
#530000
0-
0$
#535000
b10 Q
1$
#540000
0$
#545000
b1 H
b1 X
b11 Q
1$
#550000
0$
#555000
b10 H
b10 X
b100 Q
1$
#560000
0$
#565000
b0 H
b0 X
b101 Q
1$
#570000
0$
#575000
b1 !
b1 E
b110000000000000000000000000000000 D
b110000000000000000000000000000000 e
b1 F
b1 U
b1 Q
b110000000000000000000000000000000 L
b110000000000000000000000000000000 ]
1$
#580000
0$
#585000
b1001000000000000000000000000000000 >
b1001000000000000000000000000000000 [
b10 Q
b11000000000000000 K
b11000000000000000 Y
1$
#590000
0$
#595000
b0 >
b0 [
b1 H
b1 X
b1001000000000000000000000000000000 D
b1001000000000000000000000000000000 e
b11 Q
b1001000000000000000000000000000000 I
b1001000000000000000000000000000000 W
b1001000000000000000000000000000000 L
b1001000000000000000000000000000000 ]
1$
#600000
0$
#605000
b10 H
b10 X
b100 Q
1$
#610000
0$
#615000
b1001000000000000000000000000000000 >
b1001000000000000000000000000000000 [
b0 H
b0 X
b101 Q
1$
#620000
0$
#625000
b10 !
b10 E
b1111000000000000000000000000000000 D
b1111000000000000000000000000000000 e
b10 F
b10 U
b1 Q
b1111000000000000000000000000000000 L
b1111000000000000000000000000000000 ]
1$
#630000
0$
#635000
b10000000000000000000000000000 >
b10000000000000000000000000000 [
b10 Q
b111100000000000000 K
b111100000000000000 Y
1$
#640000
0$
#645000
b0 >
b0 [
b1 H
b1 X
b10000000000000000000000000000 D
b10000000000000000000000000000 e
b11 Q
b10000000000000000000000000000 I
b10000000000000000000000000000 W
b10000000000000000000000000000 L
b10000000000000000000000000000 ]
1$
#650000
0$
#655000
b10 H
b10 X
b100 Q
1$
#660000
0$
#665000
b10000000000000000000000000000 >
b10000000000000000000000000000 [
b0 H
b0 X
b101 Q
1$
#670000
0$
#675000
b11 !
b11 E
b110010000000000000000000000000000 D
b110010000000000000000000000000000 e
b11 F
b11 U
b1 Q
b110010000000000000000000000000000 L
b110010000000000000000000000000000 ]
1$
#680000
0$
#685000
b1001110001000000000000000000000000 >
b1001110001000000000000000000000000 [
b10 Q
b11001000000000000 K
b11001000000000000 Y
1$
#690000
0$
#695000
b0 >
b0 [
b1 H
b1 X
b1001110001000000000000000000000000 D
b1001110001000000000000000000000000 e
b11 Q
b1001110001000000000000000000000000 I
b1001110001000000000000000000000000 W
b1001110001000000000000000000000000 L
b1001110001000000000000000000000000 ]
1$
#700000
0$
#705000
b10 H
b10 X
b100 Q
1$
#710000
0$
#715000
b1001110001000000000000000000000000 >
b1001110001000000000000000000000000 [
b0 H
b0 X
b101 Q
1$
#720000
0$
#725000
b100 !
b100 E
b1111110001000000000000000000000000 D
b1111110001000000000000000000000000 e
b100 F
b100 U
b1 Q
b1111110001000000000000000000000000 L
b1111110001000000000000000000000000 ]
1$
#730000
0$
#735000
b111000010000000000000000 >
b111000010000000000000000 [
b10 Q
b111111000100000000 K
b111111000100000000 Y
1$
#740000
0$
#745000
b0 >
b0 [
b1 H
b1 X
b111000010000000000000000 D
b111000010000000000000000 e
b11 Q
b111000010000000000000000 I
b111000010000000000000000 W
b111000010000000000000000 L
b111000010000000000000000 ]
1$
#750000
0$
#755000
b10 H
b10 X
b100 Q
1$
#760000
0$
#765000
b111000010000000000000000 >
b111000010000000000000000 [
b0 H
b0 X
b101 Q
1$
#770000
0$
#775000
b101 !
b101 E
b110000000111000010000000000000000 D
b110000000111000010000000000000000 e
b101 F
b101 U
b1 Q
b110000000111000010000000000000000 L
b110000000111000010000000000000000 ]
1$
#780000
0$
#785000
b1001000010101000111100010111000001 >
b1001000010101000111100010111000001 [
b10 Q
b11000000011100001 K
b11000000011100001 Y
1$
#790000
0$
#795000
b0 >
b0 [
b1 H
b1 X
b1001000010101000111100010111000001 D
b1001000010101000111100010111000001 e
b11 Q
b1001000010101000111100010111000001 I
b1001000010101000111100010111000001 W
b1001000010101000111100010111000001 L
b1001000010101000111100010111000001 ]
1$
#800000
0$
#805000
b10 H
b10 X
b100 Q
1$
#810000
0$
#815000
b1001000010101000111100010111000001 >
b1001000010101000111100010111000001 [
b0 H
b0 X
b101 Q
1$
#820000
0$
#825000
b110 !
b110 E
b1111000010101000111100010111000001 D
b1111000010101000111100010111000001 e
b110 F
b110 U
b1 Q
b1111000010101000111100010111000001 L
b1111000010101000111100010111000001 ]
1$
#830000
0$
#835000
b1110101101010111001111001001 >
b1110101101010111001111001001 [
b10 Q
b111100001010100011 K
b111100001010100011 Y
1$
#840000
0$
#845000
b0 >
b0 [
b1 H
b1 X
b1110101101010111001111001001 D
b1110101101010111001111001001 e
b11 Q
b1110101101010111001111001001 I
b1110101101010111001111001001 W
b1110101101010111001111001001 L
b1110101101010111001111001001 ]
1$
#850000
0$
#855000
b10 H
b10 X
b100 Q
1$
#860000
0$
#865000
b1110101101010111001111001001 >
b1110101101010111001111001001 [
b0 H
b0 X
b101 Q
1$
#870000
0$
#875000
b111 !
b111 E
b110001110101101010111001111001001 D
b110001110101101010111001111001001 e
b111 F
b111 U
b1 Q
b110001110101101010111001111001001 L
b110001110101101010111001111001001 ]
1$
#880000
0$
#885000
b1001101100111101110100101111111001 >
b1001101100111101110100101111111001 [
b10 Q
b11000111010110101 K
b11000111010110101 Y
1$
#890000
0$
#895000
b0 >
b0 [
b1 H
b1 X
b1001101100111101110100101111111001 D
b1001101100111101110100101111111001 e
b11 Q
b1001101100111101110100101111111001 I
b1001101100111101110100101111111001 W
b1001101100111101110100101111111001 L
b1001101100111101110100101111111001 ]
1$
#900000
0$
#905000
b10 H
b10 X
b100 Q
1$
#910000
0$
#915000
b1001101100111101110100101111111001 >
b1001101100111101110100101111111001 [
b0 H
b0 X
b101 Q
1$
#920000
0$
#925000
b1000 !
b1000 E
b1111101100111101110100101111111001 D
b1111101100111101110100101111111001 e
b1000 F
b1000 U
b1 Q
b1111101100111101110100101111111001 L
b1111101100111101110100101111111001 ]
1$
#930000
0$
#935000
b1011010100101011001010001 >
b1011010100101011001010001 [
b10 Q
b111110110011110111 K
b111110110011110111 Y
1$
#940000
0$
#945000
b0 >
b0 [
b1 H
b1 X
b1011010100101011001010001 D
b1011010100101011001010001 e
b11 Q
b1011010100101011001010001 I
b1011010100101011001010001 W
b1011010100101011001010001 L
b1011010100101011001010001 ]
1$
#950000
0$
#955000
b10 H
b10 X
b100 Q
1$
#960000
0$
#965000
b1011010100101011001010001 >
b1011010100101011001010001 [
b0 H
b0 X
b101 Q
1$
#970000
0$
#975000
b1001 !
b1001 E
b110000001011010100101011001010001 D
b110000001011010100101011001010001 e
b1001 F
b1001 U
b1 Q
b110000001011010100101011001010001 L
b110000001011010100101011001010001 ]
1$
#980000
0$
#985000
b1001000100001111111111111111100100 >
b1001000100001111111111111111100100 [
b10 Q
b11000000101101010 K
b11000000101101010 Y
1$
#990000
0$
#995000
b0 >
b0 [
b1 H
b1 X
b1001000100001111111111111111100100 D
b1001000100001111111111111111100100 e
b11 Q
b1001000100001111111111111111100100 I
b1001000100001111111111111111100100 W
b1001000100001111111111111111100100 L
b1001000100001111111111111111100100 ]
1$
#1000000
0$
#1005000
b10 H
b10 X
b100 Q
1$
#1010000
0$
#1015000
b1001000100001111111111111111100100 >
b1001000100001111111111111111100100 [
b0 H
b0 X
b101 Q
1$
#1020000
0$
#1025000
b1010 !
b1010 E
b1111000100001111111111111111100100 D
b1111000100001111111111111111100100 e
b1010 F
b1010 U
b1 Q
b1111000100001111111111111111100100 L
b1111000100001111111111111111100100 ]
1$
#1030000
0$
#1035000
b1101111100101000011110000001 >
b1101111100101000011110000001 [
b10 Q
b111100010000111111 K
b111100010000111111 Y
1$
#1040000
0$
#1045000
b0 >
b0 [
b1 H
b1 X
b1101111100101000011110000001 D
b1101111100101000011110000001 e
b11 Q
b1101111100101000011110000001 I
b1101111100101000011110000001 W
b1101111100101000011110000001 L
b1101111100101000011110000001 ]
1$
#1050000
0$
#1055000
b10 H
b10 X
b100 Q
1$
#1060000
0$
#1065000
b1101111100101000011110000001 >
b1101111100101000011110000001 [
b0 H
b0 X
b101 Q
1$
#1070000
0$
#1075000
b1011 !
b1011 E
b110001101111100101000011110000001 D
b110001101111100101000011110000001 e
b1011 F
b1011 U
b1 Q
b110001101111100101000011110000001 L
b110001101111100101000011110000001 ]
1$
#1080000
0$
#1085000
b1001101010100110000111100011000100 >
b1001101010100110000111100011000100 [
b10 Q
b11000110111110010 K
b11000110111110010 Y
1$
#1090000
0$
#1095000
b0 >
b0 [
b1 H
b1 X
b1001101010100110000111100011000100 D
b1001101010100110000111100011000100 e
b11 Q
b1001101010100110000111100011000100 I
b1001101010100110000111100011000100 W
b1001101010100110000111100011000100 L
b1001101010100110000111100011000100 ]
1$
#1100000
0$
#1105000
b10 H
b10 X
b100 Q
1$
#1110000
0$
#1115000
b1001101010100110000111100011000100 >
b1001101010100110000111100011000100 [
b0 H
b0 X
b101 Q
1$
#1120000
0$
#1125000
b1100 !
b1100 E
b1111101010100110000111100011000100 D
b1111101010100110000111100011000100 e
b1100 F
b1100 U
b1 Q
b1111101010100110000111100011000100 L
b1111101010100110000111100011000100 ]
1$
#1130000
0$
#1135000
b1110010100011101001000000 >
b1110010100011101001000000 [
b10 Q
b111110101010011000 K
b111110101010011000 Y
1$
#1140000
0$
#1145000
b0 >
b0 [
b1 H
b1 X
b1110010100011101001000000 D
b1110010100011101001000000 e
b11 Q
b1110010100011101001000000 I
b1110010100011101001000000 W
b1110010100011101001000000 L
b1110010100011101001000000 ]
1$
#1150000
0$
#1155000
b10 H
b10 X
b100 Q
1$
#1160000
0$
#1165000
b1110010100011101001000000 >
b1110010100011101001000000 [
b0 H
b0 X
b101 Q
1$
#1170000
0$
#1175000
b1101 !
b1101 E
b110000001110010100011101001000000 D
b110000001110010100011101001000000 e
b1101 F
b1101 U
b1 Q
b110000001110010100011101001000000 L
b110000001110010100011101001000000 ]
1$
#1180000
0$
#1185000
b1001000101011000010011001101100100 >
b1001000101011000010011001101100100 [
b10 Q
b11000000111001010 K
b11000000111001010 Y
1$
#1190000
0$
#1195000
b0 >
b0 [
b1 H
b1 X
b1001000101011000010011001101100100 D
b1001000101011000010011001101100100 e
b11 Q
b1001000101011000010011001101100100 I
b1001000101011000010011001101100100 W
b1001000101011000010011001101100100 L
b1001000101011000010011001101100100 ]
1$
#1200000
0$
#1205000
b10 H
b10 X
b100 Q
1$
#1210000
0$
#1215000
b1001000101011000010011001101100100 >
b1001000101011000010011001101100100 [
b0 H
b0 X
b101 Q
1$
#1220000
0$
#1225000
b1110 !
b1110 E
b1111000101011000010011001101100100 D
b1111000101011000010011001101100100 e
b1110 F
b1110 U
b1 Q
b1111000101011000010011001101100100 L
b1111000101011000010011001101100100 ]
1$
#1230000
0$
#1235000
b1101011011000110111011000001 >
b1101011011000110111011000001 [
b10 Q
b111100010101100001 K
b111100010101100001 Y
1$
#1240000
0$
#1245000
b0 >
b0 [
b1 H
b1 X
b1101011011000110111011000001 D
b1101011011000110111011000001 e
b11 Q
b1101011011000110111011000001 I
b1101011011000110111011000001 W
b1101011011000110111011000001 L
b1101011011000110111011000001 ]
1$
#1250000
0$
#1255000
b10 H
b10 X
b100 Q
1$
#1260000
0$
#1265000
b1101011011000110111011000001 >
b1101011011000110111011000001 [
b0 H
b0 X
b101 Q
1$
#1270000
0$
#1275000
b1111 !
b1111 E
b110001101011011000110111011000001 D
b110001101011011000110111011000001 e
b1111 F
b1111 U
b1 Q
b110001101011011000110111011000001 L
b110001101011011000110111011000001 ]
1$
#1280000
0$
#1285000
b1001101000111110000010010110010000 >
b1001101000111110000010010110010000 [
b10 Q
b11000110101101100 K
b11000110101101100 Y
1$
#1290000
0$
#1295000
b0 >
b0 [
b1 H
b1 X
b1001101000111110000010010110010000 D
b1001101000111110000010010110010000 e
b11 Q
b1001101000111110000010010110010000 I
b1001101000111110000010010110010000 W
b1001101000111110000010010110010000 L
b1001101000111110000010010110010000 ]
1$
#1300000
0$
#1305000
b10 H
b10 X
b100 Q
1$
#1310000
0$
#1315000
b1001101000111110000010010110010000 >
b1001101000111110000010010110010000 [
b0 H
b0 X
b101 Q
1$
#1320000
0$
#1325000
b10000 !
b10000 E
b1111101000111110000010010110010000 D
b1111101000111110000010010110010000 e
b10000 F
b10000 U
b1 Q
b1111101000111110000010010110010000 L
b1111101000111110000010010110010000 ]
1$
#1330000
0$
#1335000
b10000100100111000001000000 >
b10000100100111000001000000 [
b10 Q
b111110100011111000 K
b111110100011111000 Y
1$
#1340000
0$
#1345000
b0 >
b0 [
b1 H
b1 X
b10000100100111000001000000 D
b10000100100111000001000000 e
b11 Q
b10000100100111000001000000 I
b10000100100111000001000000 W
b10000100100111000001000000 L
b10000100100111000001000000 ]
1$
#1350000
0$
#1355000
b10 H
b10 X
b100 Q
1$
#1360000
0$
#1365000
b10000100100111000001000000 >
b10000100100111000001000000 [
b0 H
b0 X
b101 Q
1$
#1370000
0$
#1375000
b10001 !
b10001 E
b110000010000100100111000001000000 D
b110000010000100100111000001000000 e
b10001 F
b10001 U
b1 Q
b110000010000100100111000001000000 L
b110000010000100100111000001000000 ]
1$
#1380000
0$
#1385000
b1001000110001110100100100101000100 >
b1001000110001110100100100101000100 [
b10 Q
b11000001000010010 K
b11000001000010010 Y
1$
#1390000
0$
#1395000
b0 >
b0 [
b1 H
b1 X
b1001000110001110100100100101000100 D
b1001000110001110100100100101000100 e
b11 Q
b1001000110001110100100100101000100 I
b1001000110001110100100100101000100 W
b1001000110001110100100100101000100 L
b1001000110001110100100100101000100 ]
1$
#1400000
0$
#1405000
b10 H
b10 X
b100 Q
1$
#1410000
0$
#1415000
b1001000110001110100100100101000100 >
b1001000110001110100100100101000100 [
b0 H
b0 X
b101 Q
1$
#1420000
0$
#1425000
b10010 !
b10010 E
b1111000110001110100100100101000100 D
b1111000110001110100100100101000100 e
b10010 F
b10010 U
b1 Q
b1111000110001110100100100101000100 L
b1111000110001110100100100101000100 ]
1$
#1430000
0$
#1435000
b1101000010011100010100100100 >
b1101000010011100010100100100 [
b10 Q
b111100011000111010 K
b111100011000111010 Y
1$
#1440000
0$
#1445000
b0 >
b0 [
b1 H
b1 X
b1101000010011100010100100100 D
b1101000010011100010100100100 e
b11 Q
b1101000010011100010100100100 I
b1101000010011100010100100100 W
b1101000010011100010100100100 L
b1101000010011100010100100100 ]
1$
#1450000
0$
#1455000
b10 H
b10 X
b100 Q
1$
#1460000
0$
#1465000
b1101000010011100010100100100 >
b1101000010011100010100100100 [
b0 H
b0 X
b101 Q
1$
#1470000
0$
#1475000
b10011 !
b10011 E
b110001101000010011100010100100100 D
b110001101000010011100010100100100 e
b10011 F
b10011 U
b1 Q
b110001101000010011100010100100100 L
b110001101000010011100010100100100 ]
1$
#1480000
0$
#1485000
b1001100111110001001110101001010001 >
b1001100111110001001110101001010001 [
b10 Q
b11000110100001001 K
b11000110100001001 Y
1$
#1490000
0$
#1495000
b0 >
b0 [
b1 H
b1 X
b1001100111110001001110101001010001 D
b1001100111110001001110101001010001 e
b11 Q
b1001100111110001001110101001010001 I
b1001100111110001001110101001010001 W
b1001100111110001001110101001010001 L
b1001100111110001001110101001010001 ]
1$
#1500000
0$
#1505000
b10 H
b10 X
b100 Q
1$
#1510000
0$
#1515000
b1001100111110001001110101001010001 >
b1001100111110001001110101001010001 [
b0 H
b0 X
b101 Q
1$
#1520000
0$
#1525000
b10100 !
b10100 E
b1111100111110001001110101001010001 D
b1111100111110001001110101001010001 e
b10100 F
b10100 U
b1 Q
b1111100111110001001110101001010001 L
b1111100111110001001110101001010001 ]
1$
#1530000
0$
#1535000
b10010010110100111000010000 >
b10010010110100111000010000 [
b10 Q
b111110011111000100 K
b111110011111000100 Y
1$
#1540000
0$
#1545000
b0 >
b0 [
b1 H
b1 X
b10010010110100111000010000 D
b10010010110100111000010000 e
b11 Q
b10010010110100111000010000 I
b10010010110100111000010000 W
b10010010110100111000010000 L
b10010010110100111000010000 ]
1$
#1550000
0$
#1555000
b10 H
b10 X
b100 Q
1$
#1560000
0$
#1565000
b10010010110100111000010000 >
b10010010110100111000010000 [
b0 H
b0 X
b101 Q
1$
#1570000
0$
#1575000
b10101 !
b10101 E
b110000010010010110100111000010000 D
b110000010010010110100111000010000 e
b10101 F
b10101 U
b1 Q
b110000010010010110100111000010000 L
b110000010010010110100111000010000 ]
1$
#1580000
0$
#1585000
b1001000110111001100100000111111001 >
b1001000110111001100100000111111001 [
b10 Q
b11000001001001011 K
b11000001001001011 Y
1$
#1590000
0$
#1595000
b0 >
b0 [
b1 H
b1 X
b1001000110111001100100000111111001 D
b1001000110111001100100000111111001 e
b11 Q
b1001000110111001100100000111111001 I
b1001000110111001100100000111111001 W
b1001000110111001100100000111111001 L
b1001000110111001100100000111111001 ]
1$
#1600000
0$
#1605000
b10 H
b10 X
b100 Q
1$
#1610000
0$
#1615000
b1001000110111001100100000111111001 >
b1001000110111001100100000111111001 [
b0 H
b0 X
b101 Q
1$
#1620000
0$
#1625000
b10110 !
b10110 E
b1111000110111001100100000111111001 D
b1111000110111001100100000111111001 e
b10110 F
b10110 U
b1 Q
b1111000110111001100100000111111001 L
b1111000110111001100100000111111001 ]
1$
#1630000
0$
#1635000
b1100101111001001011010100100 >
b1100101111001001011010100100 [
b10 Q
b111100011011100110 K
b111100011011100110 Y
1$
#1640000
0$
#1645000
b0 >
b0 [
b1 H
b1 X
b1100101111001001011010100100 D
b1100101111001001011010100100 e
b11 Q
b1100101111001001011010100100 I
b1100101111001001011010100100 W
b1100101111001001011010100100 L
b1100101111001001011010100100 ]
1$
#1650000
0$
#1655000
b10 H
b10 X
b100 Q
1$
#1660000
0$
#1665000
b1100101111001001011010100100 >
b1100101111001001011010100100 [
b0 H
b0 X
b101 Q
1$
#1670000
0$
#1675000
b10111 !
b10111 E
b110001100101111001001011010100100 D
b110001100101111001001011010100100 e
b10111 F
b10111 U
b1 Q
b110001100101111001001011010100100 L
b110001100101111001001011010100100 ]
1$
#1680000
0$
#1685000
b1001100110110101100010101000010000 >
b1001100110110101100010101000010000 [
b10 Q
b11000110010111100 K
b11000110010111100 Y
1$
#1690000
0$
#1695000
b0 >
b0 [
b1 H
b1 X
b1001100110110101100010101000010000 D
b1001100110110101100010101000010000 e
b11 Q
b1001100110110101100010101000010000 I
b1001100110110101100010101000010000 W
b1001100110110101100010101000010000 L
b1001100110110101100010101000010000 ]
1$
#1700000
0$
#1705000
b10 H
b10 X
b100 Q
1$
#1710000
0$
#1715000
b1001100110110101100010101000010000 >
b1001100110110101100010101000010000 [
b0 H
b0 X
b101 Q
1$
#1720000
0$
#1725000
b11000 !
b11000 E
b1111100110110101100010101000010000 D
b1111100110110101100010101000010000 e
b11000 F
b11000 U
b1 Q
b1111100110110101100010101000010000 L
b1111100110110101100010101000010000 ]
1$
#1730000
0$
#1735000
b10011110010011101011100100 >
b10011110010011101011100100 [
b10 Q
b111110011011010110 K
b111110011011010110 Y
1$
#1740000
0$
#1745000
b0 >
b0 [
b1 H
b1 X
b10011110010011101011100100 D
b10011110010011101011100100 e
b11 Q
b10011110010011101011100100 I
b10011110010011101011100100 W
b10011110010011101011100100 L
b10011110010011101011100100 ]
1$
#1750000
0$
#1755000
b10 H
b10 X
b100 Q
1$
#1760000
0$
#1765000
b10011110010011101011100100 >
b10011110010011101011100100 [
b0 H
b0 X
b101 Q
1$
#1770000
0$
#1775000
b11001 !
b11001 E
b110000010011110010011101011100100 D
b110000010011110010011101011100100 e
b11001 F
b11001 U
b1 Q
b110000010011110010011101011100100 L
b110000010011110010011101011100100 ]
1$
#1780000
0$
#1785000
b1001000111011100010001110100110001 >
b1001000111011100010001110100110001 [
b10 Q
b11000001001111001 K
b11000001001111001 Y
1$
#1790000
0$
#1795000
b0 >
b0 [
b1 H
b1 X
b1001000111011100010001110100110001 D
b1001000111011100010001110100110001 e
b11 Q
b1001000111011100010001110100110001 I
b1001000111011100010001110100110001 W
b1001000111011100010001110100110001 L
b1001000111011100010001110100110001 ]
1$
#1800000
0$
#1805000
b10 H
b10 X
b100 Q
1$
#1810000
0$
#1815000
b1001000111011100010001110100110001 >
b1001000111011100010001110100110001 [
b0 H
b0 X
b101 Q
1$
#1820000
0$
#1825000
b11010 !
b11010 E
b1111000111011100010001110100110001 D
b1111000111011100010001110100110001 e
b11010 F
b11010 U
b1 Q
b1111000111011100010001110100110001 L
b1111000111011100010001110100110001 ]
1$
#1830000
0$
#1835000
b1100011111101101111111100001 >
b1100011111101101111111100001 [
b10 Q
b111100011101110001 K
b111100011101110001 Y
1$
#1840000
0$
#1845000
b0 >
b0 [
b1 H
b1 X
b1100011111101101111111100001 D
b1100011111101101111111100001 e
b11 Q
b1100011111101101111111100001 I
b1100011111101101111111100001 W
b1100011111101101111111100001 L
b1100011111101101111111100001 ]
1$
#1850000
0$
#1855000
b10 H
b10 X
b100 Q
1$
#1860000
0$
#1865000
b1100011111101101111111100001 >
b1100011111101101111111100001 [
b0 H
b0 X
b101 Q
1$
#1870000
0$
#1875000
b11011 !
b11011 E
b110001100011111101101111111100001 D
b110001100011111101101111111100001 e
b11011 F
b11011 U
b1 Q
b110001100011111101101111111100001 L
b110001100011111101101111111100001 ]
1$
#1880000
0$
#1885000
b1001100110000101100000111000000100 >
b1001100110000101100000111000000100 [
b10 Q
b11000110001111110 K
b11000110001111110 Y
1$
#1890000
0$
#1895000
b0 >
b0 [
b1 H
b1 X
b1001100110000101100000111000000100 D
b1001100110000101100000111000000100 e
b11 Q
b1001100110000101100000111000000100 I
b1001100110000101100000111000000100 W
b1001100110000101100000111000000100 L
b1001100110000101100000111000000100 ]
1$
#1900000
0$
#1905000
b10 H
b10 X
b100 Q
1$
#1910000
0$
#1915000
b1001100110000101100000111000000100 >
b1001100110000101100000111000000100 [
b0 H
b0 X
b101 Q
1$
#1920000
0$
#1925000
b11100 !
b11100 E
b1111100110000101100000111000000100 D
b1111100110000101100000111000000100 e
b11100 F
b11100 U
b1 Q
b1111100110000101100000111000000100 L
b1111100110000101100000111000000100 ]
1$
#1930000
0$
#1935000
b10100111111000100111100100 >
b10100111111000100111100100 [
b10 Q
b111110011000010110 K
b111110011000010110 Y
1$
#1940000
0$
#1945000
b0 >
b0 [
b1 H
b1 X
b10100111111000100111100100 D
b10100111111000100111100100 e
b11 Q
b10100111111000100111100100 I
b10100111111000100111100100 W
b10100111111000100111100100 L
b10100111111000100111100100 ]
1$
#1950000
0$
#1955000
b10 H
b10 X
b100 Q
1$
#1960000
0$
#1965000
b10100111111000100111100100 >
b10100111111000100111100100 [
b0 H
b0 X
b101 Q
1$
#1970000
0$
#1975000
b11101 !
b11101 E
b110000010100111111000100111100100 D
b110000010100111111000100111100100 e
b11101 F
b11101 U
b1 Q
b110000010100111111000100111100100 L
b110000010100111111000100111100100 ]
1$
#1980000
0$
#1985000
b1001000111111000111101111011000001 >
b1001000111111000111101111011000001 [
b10 Q
b11000001010011111 K
b11000001010011111 Y
1$
#1990000
0$
#1995000
b0 >
b0 [
b1 H
b1 X
b1001000111111000111101111011000001 D
b1001000111111000111101111011000001 e
b11 Q
b1001000111111000111101111011000001 I
b1001000111111000111101111011000001 W
b1001000111111000111101111011000001 L
b1001000111111000111101111011000001 ]
1$
#2000000
0$
#2005000
b10 H
b10 X
b100 Q
1$
#2010000
0$
#2015000
b1001000111111000111101111011000001 >
b1001000111111000111101111011000001 [
b0 H
b0 X
b101 Q
1$
#2020000
0$
#2025000
b11110 !
b11110 E
b1111000111111000111101111011000001 D
b1111000111111000111101111011000001 e
b11110 F
b11110 U
b1 Q
b1111000111111000111101111011000001 L
b1111000111111000111101111011000001 ]
1$
#2030000
0$
#2035000
b1100010011001011001101001001 >
b1100010011001011001101001001 [
b10 Q
b111100011111100011 K
b111100011111100011 Y
1$
#2040000
0$
#2045000
b0 >
b0 [
b1 H
b1 X
b1100010011001011001101001001 D
b1100010011001011001101001001 e
b11 Q
b1100010011001011001101001001 I
b1100010011001011001101001001 W
b1100010011001011001101001001 L
b1100010011001011001101001001 ]
1$
#2050000
0$
#2055000
b10 H
b10 X
b100 Q
1$
#2060000
0$
#2065000
b1100010011001011001101001001 >
b1100010011001011001101001001 [
b0 H
b0 X
b101 Q
1$
#2070000
0$
#2075000
b11111 !
b11111 E
b110001100010011001011001101001001 D
b110001100010011001011001101001001 e
b11111 F
b11111 U
b1 Q
b110001100010011001011001101001001 L
b110001100010011001011001101001001 ]
1$
#2080000
0$
#2085000
b1001100101011110110011011010010000 >
b1001100101011110110011011010010000 [
b10 Q
b11000110001001100 K
b11000110001001100 Y
1$
#2090000
0$
#2095000
b0 >
b0 [
b1 H
b1 X
b1001100101011110110011011010010000 D
b1001100101011110110011011010010000 e
b11 Q
b1001100101011110110011011010010000 I
b1001100101011110110011011010010000 W
b1001100101011110110011011010010000 L
b1001100101011110110011011010010000 ]
1$
#2100000
0$
#2105000
b10 H
b10 X
b100 Q
1$
#2110000
0$
#2115000
b1001100101011110110011011010010000 >
b1001100101011110110011011010010000 [
b0 H
b0 X
b101 Q
1$
#2120000
0$
#2125000
b100000 !
b100000 E
b1111100101011110110011011010010000 D
b1111100101011110110011011010010000 e
1?
b100000 F
b100000 U
b1 Q
b1111100101011110110011011010010000 L
b1111100101011110110011011010010000 ]
1$
#2130000
0$
#2135000
1#
b10101111110100100100011001 >
b10101111110100100100011001 [
b111 Q
b111110010101111011 K
b111110010101111011 Y
1$
#2140000
0$
#2145000
b1100 4
1$
#2150000
0$
#2155000
b1110 4
1$
#2160000
0$
#2165000
b10000 4
1$
#2170000
0$
#2175000
b10010 4
1$
#2180000
1+
0$
#2185000
0#
b0 Q
b0 R
1$
#2190000
0+
0$
#2195000
b100011001100110100 0
b100011001100110100 :
b10011 4
1$
#2200000
1-
0$
#2205000
b0 !
b0 E
b0 D
b0 e
b1 Q
b0 L
b0 ]
0?
b0 F
b0 U
b1 R
b0 I
b0 W
1$
#2210000
0-
0$
#2215000
b0 >
b0 [
b10 Q
b0 K
b0 Y
1$
#2220000
0$
#2225000
b1 H
b1 X
b11 Q
1$
#2230000
0$
#2235000
b10 H
b10 X
b100 Q
1$
#2240000
0$
#2245000
b0 H
b0 X
b101 Q
1$
#2250000
0$
#2255000
b1 !
b1 E
b111000110011001101000000000000000000 D
b111000110011001101000000000000000000 e
b1 F
b1 U
b1 Q
b111000110011001101000000000000000000 L
b111000110011001101000000000000000000 ]
1$
#2260000
0$
#2265000
b1100111101011011011100001010010000 >
b1100111101011011011100001010010000 [
b10 Q
b100011001100110100 K
b100011001100110100 Y
1$
#2270000
0$
#2275000
b0 >
b0 [
b1 H
b1 X
b1100111101011011011100001010010000 D
b1100111101011011011100001010010000 e
b11 Q
b1100111101011011011100001010010000 I
b1100111101011011011100001010010000 W
b1100111101011011011100001010010000 L
b1100111101011011011100001010010000 ]
1$
#2280000
0$
#2285000
b10 H
b10 X
b100 Q
1$
#2290000
0$
#2295000
b1100111101011011011100001010010000 >
b1100111101011011011100001010010000 [
b0 H
b0 X
b101 Q
1$
#2300000
0$
#2305000
b10 !
b10 E
b101110000101000011100001010010000 D
b101110000101000011100001010010000 e
b10 F
b10 U
b1 Q
b101110000101000011100001010010000 L
b101110000101000011100001010010000 ]
1$
#2310000
0$
#2315000
b1000010010110011110100010101000001 >
b1000010010110011110100010101000001 [
b10 Q
b10111000010100001 K
b10111000010100001 Y
1$
#2320000
0$
#2325000
b0 >
b0 [
b1 H
b1 X
b1000010010110011110100010101000001 D
b1000010010110011110100010101000001 e
b11 Q
b1000010010110011110100010101000001 I
b1000010010110011110100010101000001 W
b1000010010110011110100010101000001 L
b1000010010110011110100010101000001 ]
1$
#2330000
0$
#2335000
b10 H
b10 X
b100 Q
1$
#2340000
0$
#2345000
b1000010010110011110100010101000001 >
b1000010010110011110100010101000001 [
b0 H
b0 X
b101 Q
1$
#2350000
0$
#2355000
b11 !
b11 E
b1000110000000110100010101000001 D
b1000110000000110100010101000001 e
b11 F
b11 U
b1 Q
b1000110000000110100010101000001 L
b1000110000000110100010101000001 ]
1$
#2360000
0$
#2365000
b10011001001011010010000001001 >
b10011001001011010010000001001 [
b10 Q
b100011000000011 K
b100011000000011 Y
1$
#2370000
0$
#2375000
b0 >
b0 [
b1 H
b1 X
b10011001001011010010000001001 D
b10011001001011010010000001001 e
b11 Q
b10011001001011010010000001001 I
b10011001001011010010000001001 W
b10011001001011010010000001001 L
b10011001001011010010000001001 ]
1$
#2380000
0$
#2385000
b10 H
b10 X
b100 Q
1$
#2390000
0$
#2395000
b10011001001011010010000001001 >
b10011001001011010010000001001 [
b0 H
b0 X
b101 Q
1$
#2400000
0$
#2405000
b100 !
b100 E
b111001000110010110011010010000001001 D
b111001000110010110011010010000001001 e
b100 F
b100 U
b1 Q
b111001000110010110011010010000001001 L
b111001000110010110011010010000001001 ]
1$
#2410000
0$
#2415000
b1011111001111100001100101011110001 >
b1011111001111100001100101011110001 [
b10 Q
b100100011001011001 K
b100100011001011001 Y
1$
#2420000
0$
#2425000
b0 >
b0 [
b1 H
b1 X
b1011111001111100001100101011110001 D
b1011111001111100001100101011110001 e
b11 Q
b1011111001111100001100101011110001 I
b1011111001111100001100101011110001 W
b1011111001111100001100101011110001 L
b1011111001111100001100101011110001 ]
1$
#2430000
0$
#2435000
b10 H
b10 X
b100 Q
1$
#2440000
0$
#2445000
b1011111001111100001100101011110001 >
b1011111001111100001100101011110001 [
b0 H
b0 X
b101 Q
1$
#2450000
0$
#2455000
b101 !
b101 E
b100101101001001001100101011110001 D
b100101101001001001100101011110001 e
b101 F
b101 U
b1 Q
b100101101001001001100101011110001 L
b100101101001001001100101011110001 ]
1$
#2460000
0$
#2465000
b101100010001111011010110100010000 >
b101100010001111011010110100010000 [
b10 Q
b10010110100100100 K
b10010110100100100 Y
1$
#2470000
0$
#2475000
b0 >
b0 [
b1 H
b1 X
b101100010001111011010110100010000 D
b101100010001111011010110100010000 e
b11 Q
b101100010001111011010110100010000 I
b101100010001111011010110100010000 W
b101100010001111011010110100010000 L
b101100010001111011010110100010000 ]
1$
#2480000
0$
#2485000
b10 H
b10 X
b100 Q
1$
#2490000
0$
#2495000
b101100010001111011010110100010000 >
b101100010001111011010110100010000 [
b0 H
b0 X
b101 Q
1$
#2500000
0$
#2505000
b110 !
b110 E
b111110010101011100011010110100010000 D
b111110010101011100011010110100010000 e
b110 F
b110 U
b1 Q
b111110010101011100011010110100010000 L
b111110010101011100011010110100010000 ]
1$
#2510000
0$
#2515000
b101100010110101011101111100001 >
b101100010110101011101111100001 [
b10 Q
b111001010101110001 K
b111001010101110001 Y
1$
#2520000
0$
#2525000
b0 >
b0 [
b1 H
b1 X
b101100010110101011101111100001 D
b101100010110101011101111100001 e
b11 Q
b101100010110101011101111100001 I
b101100010110101011101111100001 W
b101100010110101011101111100001 L
b101100010110101011101111100001 ]
1$
#2530000
0$
#2535000
b10 H
b10 X
b100 Q
1$
#2540000
0$
#2545000
b101100010110101011101111100001 >
b101100010110101011101111100001 [
b0 H
b0 X
b101 Q
1$
#2550000
0$
#2555000
b111 !
b111 E
b111001011111100011101011101111100001 D
b111001011111100011101011101111100001 e
b111 F
b111 U
b1 Q
b111001011111100011101011101111100001 L
b111001011111100011101011101111100001 ]
1$
#2560000
0$
#2565000
b1010100101011100101011001011000100 >
b1010100101011100101011001011000100 [
b10 Q
b100101111110001110 K
b100101111110001110 Y
1$
#2570000
0$
#2575000
b0 >
b0 [
b1 H
b1 X
b1010100101011100101011001011000100 D
b1010100101011100101011001011000100 e
b11 Q
b1010100101011100101011001011000100 I
b1010100101011100101011001011000100 W
b1010100101011100101011001011000100 L
b1010100101011100101011001011000100 ]
1$
#2580000
0$
#2585000
b10 H
b10 X
b100 Q
1$
#2590000
0$
#2595000
b1010100101011100101011001011000100 >
b1010100101011100101011001011000100 [
b0 H
b0 X
b101 Q
1$
#2600000
0$
#2605000
b1000 !
b1000 E
b11011000101001101011001011000100 D
b11011000101001101011001011000100 e
b1000 F
b1000 U
b1 Q
b11011000101001101011001011000100 L
b11011000101001101011001011000100 ]
1$
#2610000
0$
#2615000
b10110111010110001000101110100100 >
b10110111010110001000101110100100 [
b10 Q
b1101100010100110 K
b1101100010100110 Y
1$
#2620000
0$
#2625000
b0 >
b0 [
b1 H
b1 X
b10110111010110001000101110100100 D
b10110111010110001000101110100100 e
b11 Q
b10110111010110001000101110100100 I
b10110111010110001000101110100100 W
b10110111010110001000101110100100 L
b10110111010110001000101110100100 ]
1$
#2630000
0$
#2635000
b10 H
b10 X
b100 Q
1$
#2640000
0$
#2645000
b10110111010110001000101110100100 >
b10110111010110001000101110100100 [
b0 H
b0 X
b101 Q
1$
#2650000
0$
#2655000
b1001 !
b1001 E
b111011101010100011001000101110100100 D
b111011101010100011001000101110100100 e
b1001 F
b1001 U
b1 Q
b111011101010100011001000101110100100 L
b111011101010100011001000101110100100 ]
1$
#2660000
0$
#2665000
b100101100101101000011110010010000 >
b100101100101101000011110010010000 [
b10 Q
b101110101010001100 K
b101110101010001100 Y
1$
#2670000
0$
#2675000
b0 >
b0 [
b1 H
b1 X
b100101100101101000011110010010000 D
b100101100101101000011110010010000 e
b11 Q
b100101100101101000011110010010000 I
b100101100101101000011110010010000 W
b100101100101101000011110010010000 L
b100101100101101000011110010010000 ]
1$
#2680000
0$
#2685000
b10 H
b10 X
b100 Q
1$
#2690000
0$
#2695000
b100101100101101000011110010010000 >
b100101100101101000011110010010000 [
b0 H
b0 X
b101 Q
1$
#2700000
0$
#2705000
b1010 !
b1010 E
b111101011111111010000011110010010000 D
b111101011111111010000011110010010000 e
b1010 F
b1010 U
b1 Q
b111101011111111010000011110010010000 L
b111101011111111010000011110010010000 ]
1$
#2710000
0$
#2715000
b1100100000111100000001001000000 >
b1100100000111100000001001000000 [
b10 Q
b110101111111101000 K
b110101111111101000 Y
1$
#2720000
0$
#2725000
b0 >
b0 [
b1 H
b1 X
b1100100000111100000001001000000 D
b1100100000111100000001001000000 e
b11 Q
b1100100000111100000001001000000 I
b1100100000111100000001001000000 W
b1100100000111100000001001000000 L
b1100100000111100000001001000000 ]
1$
#2730000
0$
#2735000
b10 H
b10 X
b100 Q
1$
#2740000
0$
#2745000
b1100100000111100000001001000000 >
b1100100000111100000001001000000 [
b0 H
b0 X
b101 Q
1$
#2750000
0$
#2755000
b1011 !
b1011 E
b111010010111010100100000001001000000 D
b111010010111010100100000001001000000 e
b1011 F
b1011 U
b1 Q
b111010010111010100100000001001000000 L
b111010010111010100100000001001000000 ]
1$
#2760000
0$
#2765000
b111111100001010011101011001000100 >
b111111100001010011101011001000100 [
b10 Q
b101001011101010010 K
b101001011101010010 Y
1$
#2770000
0$
#2775000
b0 >
b0 [
b1 H
b1 X
b111111100001010011101011001000100 D
b111111100001010011101011001000100 e
b11 Q
b111111100001010011101011001000100 I
b111111100001010011101011001000100 W
b111111100001010011101011001000100 L
b111111100001010011101011001000100 ]
1$
#2780000
0$
#2785000
b10 H
b10 X
b100 Q
1$
#2790000
0$
#2795000
b111111100001010011101011001000100 >
b111111100001010011101011001000100 [
b0 H
b0 X
b101 Q
1$
#2800000
0$
#2805000
b1100 !
b1100 E
b101111010111011101011001000100 D
b101111010111011101011001000100 e
b1100 F
b1100 U
b1 Q
b101111010111011101011001000100 L
b101111010111011101011001000100 ]
1$
#2810000
0$
#2815000
b1000110000110100011111001001 >
b1000110000110100011111001001 [
b10 Q
b10111101011101 K
b10111101011101 Y
1$
#2820000
0$
#2825000
b0 >
b0 [
b1 H
b1 X
b1000110000110100011111001001 D
b1000110000110100011111001001 e
b11 Q
b1000110000110100011111001001 I
b1000110000110100011111001001 W
b1000110000110100011111001001 L
b1000110000110100011111001001 ]
1$
#2830000
0$
#2835000
b10 H
b10 X
b100 Q
1$
#2840000
0$
#2845000
b1000110000110100011111001001 >
b1000110000110100011111001001 [
b0 H
b0 X
b101 Q
1$
#2850000
0$
#2855000
b1101 !
b1101 E
b111000111011111101110100011111001001 D
b111000111011111101110100011111001001 e
b1101 F
b1101 U
b1 Q
b111000111011111101110100011111001001 L
b111000111011111101110100011111001001 ]
1$
#2860000
0$
#2865000
b1100011110001011111100100001010001 >
b1100011110001011111100100001010001 [
b10 Q
b100011101111110111 K
b100011101111110111 Y
1$
#2870000
0$
#2875000
b0 >
b0 [
b1 H
b1 X
b1100011110001011111100100001010001 D
b1100011110001011111100100001010001 e
b11 Q
b1100011110001011111100100001010001 I
b1100011110001011111100100001010001 W
b1100011110001011111100100001010001 L
b1100011110001011111100100001010001 ]
1$
#2880000
0$
#2885000
b10 H
b10 X
b100 Q
1$
#2890000
0$
#2895000
b1100011110001011111100100001010001 >
b1100011110001011111100100001010001 [
b0 H
b0 X
b101 Q
1$
#2900000
0$
#2905000
b1110 !
b1110 E
b101010001011000111100100001010001 D
b101010001011000111100100001010001 e
b1110 F
b1110 U
b1 Q
b101010001011000111100100001010001 L
b101010001011000111100100001010001 ]
1$
#2910000
0$
#2915000
b110111100101001011100110001001001 >
b110111100101001011100110001001001 [
b10 Q
b10101000101100011 K
b10101000101100011 Y
1$
#2920000
0$
#2925000
b0 >
b0 [
b1 H
b1 X
b110111100101001011100110001001001 D
b110111100101001011100110001001001 e
b11 Q
b110111100101001011100110001001001 I
b110111100101001011100110001001001 W
b110111100101001011100110001001001 L
b110111100101001011100110001001001 ]
1$
#2930000
0$
#2935000
b10 H
b10 X
b100 Q
1$
#2940000
0$
#2945000
b110111100101001011100110001001001 >
b110111100101001011100110001001001 [
b0 H
b0 X
b101 Q
1$
#2950000
0$
#2955000
b1111 !
b1111 E
b111111101111110110011100110001001001 D
b111111101111110110011100110001001001 e
b1111 F
b1111 U
b1 Q
b111111101111110110011100110001001001 L
b111111101111110110011100110001001001 ]
1$
#2960000
0$
#2965000
b1000001001110010111110001 >
b1000001001110010111110001 [
b10 Q
b111110111111011001 K
b111110111111011001 Y
1$
#2970000
0$
#2975000
b0 >
b0 [
b1 H
b1 X
b1000001001110010111110001 D
b1000001001110010111110001 e
b11 Q
b1000001001110010111110001 I
b1000001001110010111110001 W
b1000001001110010111110001 L
b1000001001110010111110001 ]
1$
#2980000
0$
#2985000
b10 H
b10 X
b100 Q
1$
#2990000
0$
#2995000
b1000001001110010111110001 >
b1000001001110010111110001 [
b0 H
b0 X
b101 Q
1$
#3000000
0$
#3005000
b10000 !
b10000 E
b111000110100001110001110010111110001 D
b111000110100001110001110010111110001 e
b10000 F
b10000 U
b1 Q
b111000110100001110001110010111110001 L
b111000110100001110001110010111110001 ]
1$
#3010000
0$
#3015000
b1100111001110001101100110001000000 >
b1100111001110001101100110001000000 [
b10 Q
b100011010000111000 K
b100011010000111000 Y
1$
#3020000
0$
#3025000
b0 >
b0 [
b1 H
b1 X
b1100111001110001101100110001000000 D
b1100111001110001101100110001000000 e
b11 Q
b1100111001110001101100110001000000 I
b1100111001110001101100110001000000 W
b1100111001110001101100110001000000 L
b1100111001110001101100110001000000 ]
1$
#3030000
0$
#3035000
b10 H
b10 X
b100 Q
1$
#3040000
0$
#3045000
b1100111001110001101100110001000000 >
b1100111001110001101100110001000000 [
b0 H
b0 X
b101 Q
1$
#3050000
0$
#3055000
b10001 !
b10001 E
b101101100111110101100110001000000 D
b101101100111110101100110001000000 e
b10001 F
b10001 U
b1 Q
b101101100111110101100110001000000 L
b101101100111110101100110001000000 ]
1$
#3060000
0$
#3065000
b1000001000010101111110010000100100 >
b1000001000010101111110010000100100 [
b10 Q
b10110110011111010 K
b10110110011111010 Y
1$
#3070000
0$
#3075000
b0 >
b0 [
b1 H
b1 X
b1000001000010101111110010000100100 D
b1000001000010101111110010000100100 e
b11 Q
b1000001000010101111110010000100100 I
b1000001000010101111110010000100100 W
b1000001000010101111110010000100100 L
b1000001000010101111110010000100100 ]
1$
#3080000
0$
#3085000
b10 H
b10 X
b100 Q
1$
#3090000
0$
#3095000
b1000001000010101111110010000100100 >
b1000001000010101111110010000100100 [
b0 H
b0 X
b101 Q
1$
#3100000
0$
#3105000
b10010 !
b10010 E
b111011100010111110010000100100 D
b111011100010111110010000100100 e
b10010 F
b10010 U
b1 Q
b111011100010111110010000100100 L
b111011100010111110010000100100 ]
1$
#3110000
0$
#3115000
b1101110110010101110101111001 >
b1101110110010101110101111001 [
b10 Q
b11101110001011 K
b11101110001011 Y
1$
#3120000
0$
#3125000
b0 >
b0 [
b1 H
b1 X
b1101110110010101110101111001 D
b1101110110010101110101111001 e
b11 Q
b1101110110010101110101111001 I
b1101110110010101110101111001 W
b1101110110010101110101111001 L
b1101110110010101110101111001 ]
1$
#3130000
0$
#3135000
b10 H
b10 X
b100 Q
1$
#3140000
0$
#3145000
b1101110110010101110101111001 >
b1101110110010101110101111001 [
b0 H
b0 X
b101 Q
1$
#3150000
0$
#3155000
b10011 !
b10011 E
b111001000001000011010101110101111001 D
b111001000001000011010101110101111001 e
b10011 F
b10011 U
b1 Q
b111001000001000011010101110101111001 L
b111001000001000011010101110101111001 ]
1$
#3160000
0$
#3165000
b1100001100010100111001101010101001 >
b1100001100010100111001101010101001 [
b10 Q
b100100000100001101 K
b100100000100001101 Y
1$
#3170000
0$
#3175000
b0 >
b0 [
b1 H
b1 X
b1100001100010100111001101010101001 D
b1100001100010100111001101010101001 e
b11 Q
b1100001100010100111001101010101001 I
b1100001100010100111001101010101001 W
b1100001100010100111001101010101001 L
b1100001100010100111001101010101001 ]
1$
#3180000
0$
#3185000
b10 H
b10 X
b100 Q
1$
#3190000
0$
#3195000
b1100001100010100111001101010101001 >
b1100001100010100111001101010101001 [
b0 H
b0 X
b101 Q
1$
#3200000
0$
#3205000
b10100 !
b10100 E
b100111111100001111001101010101001 D
b100111111100001111001101010101001 e
b10100 F
b10100 U
b1 Q
b100111111100001111001101010101001 L
b100111111100001111001101010101001 ]
1$
#3210000
0$
#3215000
b110001110110100011011100100110001 >
b110001110110100011011100100110001 [
b10 Q
b10011111110000111 K
b10011111110000111 Y
1$
#3220000
0$
#3225000
b0 >
b0 [
b1 H
b1 X
b110001110110100011011100100110001 D
b110001110110100011011100100110001 e
b11 Q
b110001110110100011011100100110001 I
b110001110110100011011100100110001 W
b110001110110100011011100100110001 L
b110001110110100011011100100110001 ]
1$
#3230000
0$
#3235000
b10 H
b10 X
b100 Q
1$
#3240000
0$
#3245000
b110001110110100011011100100110001 >
b110001110110100011011100100110001 [
b0 H
b0 X
b101 Q
1$
#3250000
0$
#3255000
b10101 !
b10101 E
b111111000010000001011011100100110001 D
b111111000010000001011011100100110001 e
b10101 F
b10101 U
b1 Q
b111111000010000001011011100100110001 L
b111111000010000001011011100100110001 ]
1$
#3260000
0$
#3265000
b1111000000011001010000011001 >
b1111000000011001010000011001 [
b10 Q
b111100001000000101 K
b111100001000000101 Y
1$
#3270000
0$
#3275000
b0 >
b0 [
b1 H
b1 X
b1111000000011001010000011001 D
b1111000000011001010000011001 e
b11 Q
b1111000000011001010000011001 I
b1111000000011001010000011001 W
b1111000000011001010000011001 L
b1111000000011001010000011001 ]
1$
#3280000
0$
#3285000
b10 H
b10 X
b100 Q
1$
#3290000
0$
#3295000
b1111000000011001010000011001 >
b1111000000011001010000011001 [
b0 H
b0 X
b101 Q
1$
#3300000
0$
#3305000
b10110 !
b10110 E
b111001000010001101011001010000011001 D
b111001000010001101011001010000011001 e
b10110 F
b10110 U
b1 Q
b111001000010001101011001010000011001 L
b111001000010001101011001010000011001 ]
1$
#3310000
0$
#3315000
b1100001000010010110101111011111001 >
b1100001000010010110101111011111001 [
b10 Q
b100100001000110101 K
b100100001000110101 Y
1$
#3320000
0$
#3325000
b0 >
b0 [
b1 H
b1 X
b1100001000010010110101111011111001 D
b1100001000010010110101111011111001 e
b11 Q
b1100001000010010110101111011111001 I
b1100001000010010110101111011111001 W
b1100001000010010110101111011111001 L
b1100001000010010110101111011111001 ]
1$
#3330000
0$
#3335000
b10 H
b10 X
b100 Q
1$
#3340000
0$
#3345000
b1100001000010010110101111011111001 >
b1100001000010010110101111011111001 [
b0 H
b0 X
b101 Q
1$
#3350000
0$
#3355000
b10111 !
b10111 E
b100111011011111110101111011111001 D
b100111011011111110101111011111001 e
b10111 F
b10111 U
b1 Q
b100111011011111110101111011111001 L
b100111011011111110101111011111001 ]
1$
#3360000
0$
#3365000
b110000100110100011100100100000001 >
b110000100110100011100100100000001 [
b10 Q
b10011101101111111 K
b10011101101111111 Y
1$
#3370000
0$
#3375000
b0 >
b0 [
b1 H
b1 X
b110000100110100011100100100000001 D
b110000100110100011100100100000001 e
b11 Q
b110000100110100011100100100000001 I
b110000100110100011100100100000001 W
b110000100110100011100100100000001 L
b110000100110100011100100100000001 ]
1$
#3380000
0$
#3385000
b10 H
b10 X
b100 Q
1$
#3390000
0$
#3395000
b110000100110100011100100100000001 >
b110000100110100011100100100000001 [
b0 H
b0 X
b101 Q
1$
#3400000
0$
#3405000
b11000 !
b11000 E
b111110111000000001011100100100000001 D
b111110111000000001011100100100000001 e
b11000 F
b11000 U
b1 Q
b111110111000000001011100100100000001 L
b111110111000000001011100100100000001 ]
1$
#3410000
0$
#3415000
b10100001111010011000000011001 >
b10100001111010011000000011001 [
b10 Q
b111011100000000101 K
b111011100000000101 Y
1$
#3420000
0$
#3425000
b0 >
b0 [
b1 H
b1 X
b10100001111010011000000011001 D
b10100001111010011000000011001 e
b11 Q
b10100001111010011000000011001 I
b10100001111010011000000011001 W
b10100001111010011000000011001 L
b10100001111010011000000011001 ]
1$
#3430000
0$
#3435000
b10 H
b10 X
b100 Q
1$
#3440000
0$
#3445000
b10100001111010011000000011001 >
b10100001111010011000000011001 [
b0 H
b0 X
b101 Q
1$
#3450000
0$
#3455000
b11001 !
b11001 E
b111001000111011100010011000000011001 D
b111001000111011100010011000000011001 e
b11001 F
b11001 U
b1 Q
b111001000111011100010011000000011001 L
b111001000111011100010011000000011001 ]
1$
#3460000
0$
#3465000
b1011110110001010111101111111100001 >
b1011110110001010111101111111100001 [
b10 Q
b100100011101110001 K
b100100011101110001 Y
1$
#3470000
0$
#3475000
b0 >
b0 [
b1 H
b1 X
b1011110110001010111101111111100001 D
b1011110110001010111101111111100001 e
b11 Q
b1011110110001010111101111111100001 I
b1011110110001010111101111111100001 W
b1011110110001010111101111111100001 L
b1011110110001010111101111111100001 ]
1$
#3480000
0$
#3485000
b10 H
b10 X
b100 Q
1$
#3490000
0$
#3495000
b1011110110001010111101111111100001 >
b1011110110001010111101111111100001 [
b0 H
b0 X
b101 Q
1$
#3500000
0$
#3505000
b11010 !
b11010 E
b100101001010111111101111111100001 D
b100101001010111111101111111100001 e
b11010 F
b11010 U
b1 Q
b100101001010111111101111111100001 L
b100101001010111111101111111100001 ]
1$
#3510000
0$
#3515000
b101011001011011011001000101000001 >
b101011001011011011001000101000001 [
b10 Q
b10010100101011111 K
b10010100101011111 Y
1$
#3520000
0$
#3525000
b0 >
b0 [
b1 H
b1 X
b101011001011011011001000101000001 D
b101011001011011011001000101000001 e
b11 Q
b101011001011011011001000101000001 I
b101011001011011011001000101000001 W
b101011001011011011001000101000001 L
b101011001011011011001000101000001 ]
1$
#3530000
0$
#3535000
b10 H
b10 X
b100 Q
1$
#3540000
0$
#3545000
b101011001011011011001000101000001 >
b101011001011011011001000101000001 [
b0 H
b0 X
b101 Q
1$
#3550000
0$
#3555000
b11011 !
b11011 E
b111110001100101000011001000101000001 D
b111110001100101000011001000101000001 e
b11011 F
b11011 U
b1 Q
b111110001100101000011001000101000001 L
b111110001100101000011001000101000001 ]
1$
#3560000
0$
#3565000
b110011111111100111110101000001 >
b110011111111100111110101000001 [
b10 Q
b111000110010100001 K
b111000110010100001 Y
1$
#3570000
0$
#3575000
b0 >
b0 [
b1 H
b1 X
b110011111111100111110101000001 D
b110011111111100111110101000001 e
b11 Q
b110011111111100111110101000001 I
b110011111111100111110101000001 W
b110011111111100111110101000001 L
b110011111111100111110101000001 ]
1$
#3580000
0$
#3585000
b10 H
b10 X
b100 Q
1$
#3590000
0$
#3595000
b110011111111100111110101000001 >
b110011111111100111110101000001 [
b0 H
b0 X
b101 Q
1$
#3600000
0$
#3605000
b11100 !
b11100 E
b111001100111001100100111110101000001 D
b111001100111001100100111110101000001 e
b11100 F
b11100 U
b1 Q
b111001100111001100100111110101000001 L
b111001100111001100100111110101000001 ]
1$
#3610000
0$
#3615000
b1010001100110100010100010111000100 >
b1010001100110100010100010111000100 [
b10 Q
b100110011100110010 K
b100110011100110010 Y
1$
#3620000
0$
#3625000
b0 >
b0 [
b1 H
b1 X
b1010001100110100010100010111000100 D
b1010001100110100010100010111000100 e
b11 Q
b1010001100110100010100010111000100 I
b1010001100110100010100010111000100 W
b1010001100110100010100010111000100 L
b1010001100110100010100010111000100 ]
1$
#3630000
0$
#3635000
b10 H
b10 X
b100 Q
1$
#3640000
0$
#3645000
b1010001100110100010100010111000100 >
b1010001100110100010100010111000100 [
b0 H
b0 X
b101 Q
1$
#3650000
0$
#3655000
b11101 !
b11101 E
b11000000000001010100010111000100 D
b11000000000001010100010111000100 e
b11101 F
b11101 U
b1 Q
b11000000000001010100010111000100 L
b11000000000001010100010111000100 ]
1$
#3660000
0$
#3665000
b10010000000001111000000000011001 >
b10010000000001111000000000011001 [
b10 Q
b1100000000000101 K
b1100000000000101 Y
1$
#3670000
0$
#3675000
b0 >
b0 [
b1 H
b1 X
b10010000000001111000000000011001 D
b10010000000001111000000000011001 e
b11 Q
b10010000000001111000000000011001 I
b10010000000001111000000000011001 W
b10010000000001111000000000011001 L
b10010000000001111000000000011001 ]
1$
#3680000
0$
#3685000
b10 H
b10 X
b100 Q
1$
#3690000
0$
#3695000
b10010000000001111000000000011001 >
b10010000000001111000000000011001 [
b0 H
b0 X
b101 Q
1$
#3700000
0$
#3705000
b11110 !
b11110 E
b111011000011001110111000000000011001 D
b111011000011001110111000000000011001 e
b11110 F
b11110 U
b1 Q
b111011000011001110111000000000011001 L
b111011000011001110111000000000011001 ]
1$
#3710000
0$
#3715000
b110000111111101101110111110011001 >
b110000111111101101110111110011001 [
b10 Q
b101100001100111011 K
b101100001100111011 Y
1$
#3720000
0$
#3725000
b0 >
b0 [
b1 H
b1 X
b110000111111101101110111110011001 D
b110000111111101101110111110011001 e
b11 Q
b110000111111101101110111110011001 I
b110000111111101101110111110011001 W
b110000111111101101110111110011001 L
b110000111111101101110111110011001 ]
1$
#3730000
0$
#3735000
b10 H
b10 X
b100 Q
1$
#3740000
0$
#3745000
b110000111111101101110111110011001 >
b110000111111101101110111110011001 [
b0 H
b0 X
b101 Q
1$
#3750000
0$
#3755000
b11111 !
b11111 E
b111110111011001010101110111110011001 D
b111110111011001010101110111110011001 e
b11111 F
b11111 U
b1 Q
b111110111011001010101110111110011001 L
b111110111011001010101110111110011001 ]
1$
#3760000
0$
#3765000
b10010100000100110001011100100 >
b10010100000100110001011100100 [
b10 Q
b111011101100101010 K
b111011101100101010 Y
1$
#3770000
0$
#3775000
b0 >
b0 [
b1 H
b1 X
b10010100000100110001011100100 D
b10010100000100110001011100100 e
b11 Q
b10010100000100110001011100100 I
b10010100000100110001011100100 W
b10010100000100110001011100100 L
b10010100000100110001011100100 ]
1$
#3780000
0$
#3785000
b10 H
b10 X
b100 Q
1$
#3790000
0$
#3795000
b10010100000100110001011100100 >
b10010100000100110001011100100 [
b0 H
b0 X
b101 Q
1$
#3800000
0$
#3805000
b100000 !
b100000 E
b111001000101101101100110001011100100 D
b111001000101101101100110001011100100 e
1?
b100000 F
b100000 U
b1 Q
b111001000101101101100110001011100100 L
b111001000101101101100110001011100100 ]
1$
#3810000
0$
#3815000
1#
b1011111100001000111001110101100100 >
b1011111100001000111001110101100100 [
b111 Q
b100100010110110110 K
b100100010110110110 Y
1$
#3820000
0$
#3825000
b10101 4
1$
#3830000
0$
#3835000
b10111 4
1$
#3840000
0$
#3845000
b11001 4
1$
#3850000
0$
#3855000
b11011 4
1$
#3860000
1+
0$
#3865000
0#
b0 Q
b0 R
1$
#3870000
0+
0$
#3875000
b11000000000000000 2
b11000000000000000 <
b0 0
b0 :
b11100 4
1$
#3880000
1-
0$
#3885000
b0 !
b0 E
b0 D
b0 e
b1 Q
b0 L
b0 ]
0?
b0 F
b0 U
b1 R
b0 I
b0 W
1$
#3890000
0-
0$
#3895000
b0 >
b0 [
b10 Q
b0 K
b0 Y
1$
#3900000
0$
#3905000
b1 H
b1 X
b11 Q
1$
#3910000
0$
#3915000
b10 H
b10 X
b100 Q
1$
#3920000
0$
#3925000
b0 H
b0 X
b101 Q
1$
#3930000
0$
#3935000
b1 !
b1 E
b11000000000000000 Z
b110000000000000000000000000000000 B
b110000000000000000000000000000000 g
b1 F
b1 U
b1 Q
b110000000000000000000000000000000 N
b110000000000000000000000000000000 _
1$
#3940000
0$
#3945000
b10 Q
1$
#3950000
0$
#3955000
b1001000000000000000000000000000000 >
b1001000000000000000000000000000000 [
b1 H
b1 X
b11 Q
1$
#3960000
0$
#3965000
b0 >
b0 [
b10 H
b10 X
b110111000000000000000000000000000000 D
b110111000000000000000000000000000000 e
b100 Q
b1001000000000000000000000000000000 I
b1001000000000000000000000000000000 W
b110111000000000000000000000000000000 L
b110111000000000000000000000000000000 ]
1$
#3970000
0$
#3975000
b0 H
b0 X
b0 Z
b0 B
b0 g
b101 Q
b0 N
b0 _
1$
#3980000
0$
#3985000
b10 !
b10 E
b11000000000000000 Z
b110000000000000000000000000000000 B
b110000000000000000000000000000000 g
b10 F
b10 U
b1 Q
b110000000000000000000000000000000 N
b110000000000000000000000000000000 _
1$
#3990000
0$
#3995000
b1100010000000000000000000000000000 >
b1100010000000000000000000000000000 [
b10 Q
b11100000000000000 K
b11100000000000000 Y
1$
#4000000
0$
#4005000
b1001000000000000000000000000000000 >
b1001000000000000000000000000000000 [
b1 H
b1 X
b1100010000000000000000000000000000 D
b1100010000000000000000000000000000 e
b11 Q
b1100010000000000000000000000000000 I
b1100010000000000000000000000000000 W
b1100010000000000000000000000000000 L
b1100010000000000000000000000000000 ]
1$
#4010000
0$
#4015000
b10101000000000000000000000000000000 >
b10101000000000000000000000000000000 [
b10 H
b10 X
1@
b11010000000000000000000000000000 D
b11010000000000000000000000000000 e
b100 Q
b10101010000000000000000000000000000 I
b10101010000000000000000000000000000 W
b11010000000000000000000000000000 L
b11010000000000000000000000000000 ]
1$
#4020000
0$
#4025000
1#
b1100010000000000000000000000000000 >
b1100010000000000000000000000000000 [
b0 H
b0 X
b111 Q
1$
#4030000
0$
#4035000
b11110 4
1$
#4040000
0$
#4045000
b100000 4
1$
#4050000
0$
#4055000
b100010 4
1$
#4060000
0$
#4065000
b100100 4
1$
#4070000
1+
0$
#4075000
0#
b0 Q
b0 R
1$
#4080000
0+
0$
#4085000
b0 2
b0 <
b110000000000000000 0
b110000000000000000 :
b100 *
b100 9
b100 V
b100101 4
1$
#4090000
1-
0$
#4095000
b0 Z
b0 !
b0 E
b0 B
b0 g
b0 D
b0 e
0@
b1 Q
b0 N
b0 _
b0 L
b0 ]
b0 F
b0 U
b1 R
b0 I
b0 W
1$
#4100000
0-
0$
#4105000
b0 >
b0 [
b10 Q
b0 K
b0 Y
1$
#4110000
0$
#4115000
b1 H
b1 X
b11 Q
1$
#4120000
0$
#4125000
b10 H
b10 X
b100 Q
1$
#4130000
0$
#4135000
b0 H
b0 X
b101 Q
1$
#4140000
0$
#4145000
b1 !
b1 E
b111100000000000000000000000000000000 D
b111100000000000000000000000000000000 e
b1 F
b1 U
b1 Q
b111100000000000000000000000000000000 L
b111100000000000000000000000000000000 ]
1$
#4150000
0$
#4155000
b100000000000000000000000000000000 >
b100000000000000000000000000000000 [
b10 Q
b110000000000000000 K
b110000000000000000 Y
1$
#4160000
0$
#4165000
b0 >
b0 [
b1 H
b1 X
b100000000000000000000000000000000 D
b100000000000000000000000000000000 e
b11 Q
b100000000000000000000000000000000 I
b100000000000000000000000000000000 W
b100000000000000000000000000000000 L
b100000000000000000000000000000000 ]
1$
#4170000
0$
#4175000
b10 H
b10 X
b100 Q
1$
#4180000
0$
#4185000
b100000000000000000000000000000000 >
b100000000000000000000000000000000 [
b0 H
b0 X
b101 Q
1$
#4190000
0$
#4195000
b10 !
b10 E
b0 D
b0 e
b10 F
b10 U
b1 Q
b0 L
b0 ]
1$
#4200000
0$
#4205000
b0 >
b0 [
b10 Q
b0 K
b0 Y
1$
#4210000
0$
#4215000
b1 H
b1 X
b11 Q
b0 I
b0 W
1$
#4220000
0$
#4225000
b10 H
b10 X
b100 Q
1$
#4230000
0$
#4235000
b0 H
b0 X
b101 Q
1$
#4240000
0$
#4245000
b11 !
b11 E
b111100000000000000000000000000000000 D
b111100000000000000000000000000000000 e
b11 F
b11 U
b1 Q
b111100000000000000000000000000000000 L
b111100000000000000000000000000000000 ]
1$
#4250000
0$
#4255000
b100000000000000000000000000000000 >
b100000000000000000000000000000000 [
b10 Q
b110000000000000000 K
b110000000000000000 Y
1$
#4260000
0$
#4265000
b0 >
b0 [
b1 H
b1 X
b100000000000000000000000000000000 D
b100000000000000000000000000000000 e
b11 Q
b100000000000000000000000000000000 I
b100000000000000000000000000000000 W
b100000000000000000000000000000000 L
b100000000000000000000000000000000 ]
1$
#4270000
0$
#4275000
b10 H
b10 X
b100 Q
1$
#4280000
0$
#4285000
b100000000000000000000000000000000 >
b100000000000000000000000000000000 [
b0 H
b0 X
b101 Q
1$
#4290000
0$
#4295000
b100 !
b100 E
b0 D
b0 e
b100 F
b100 U
b1 Q
b0 L
b0 ]
1$
#4300000
0$
#4305000
b0 >
b0 [
b10 Q
b0 K
b0 Y
1$
#4310000
0$
#4315000
b1 H
b1 X
b11 Q
b0 I
b0 W
1$
#4320000
0$
#4325000
b10 H
b10 X
b100 Q
1$
#4330000
0$
#4335000
b0 H
b0 X
b101 Q
1$
#4340000
0$
#4345000
b101 !
b101 E
b111100000000000000000000000000000000 D
b111100000000000000000000000000000000 e
b101 F
b101 U
b1 Q
b111100000000000000000000000000000000 L
b111100000000000000000000000000000000 ]
1$
#4350000
0$
#4355000
b100000000000000000000000000000000 >
b100000000000000000000000000000000 [
b10 Q
b110000000000000000 K
b110000000000000000 Y
1$
#4360000
0$
#4365000
b0 >
b0 [
b1 H
b1 X
b100000000000000000000000000000000 D
b100000000000000000000000000000000 e
b11 Q
b100000000000000000000000000000000 I
b100000000000000000000000000000000 W
b100000000000000000000000000000000 L
b100000000000000000000000000000000 ]
1$
#4370000
0$
#4375000
b10 H
b10 X
b100 Q
1$
#4380000
0$
#4385000
b100000000000000000000000000000000 >
b100000000000000000000000000000000 [
b0 H
b0 X
b101 Q
1$
#4390000
0$
#4395000
b110 !
b110 E
b0 D
b0 e
b110 F
b110 U
b1 Q
b0 L
b0 ]
1$
#4400000
0$
#4405000
b0 >
b0 [
b10 Q
b0 K
b0 Y
1$
#4410000
0$
#4415000
b1 H
b1 X
b11 Q
b0 I
b0 W
1$
#4420000
0$
#4425000
b10 H
b10 X
b100 Q
1$
#4430000
0$
#4435000
b0 H
b0 X
b101 Q
1$
#4440000
0$
#4445000
b111 !
b111 E
b111100000000000000000000000000000000 D
b111100000000000000000000000000000000 e
b111 F
b111 U
b1 Q
b111100000000000000000000000000000000 L
b111100000000000000000000000000000000 ]
1$
#4450000
0$
#4455000
b100000000000000000000000000000000 >
b100000000000000000000000000000000 [
b10 Q
b110000000000000000 K
b110000000000000000 Y
1$
#4460000
0$
#4465000
b0 >
b0 [
b1 H
b1 X
b100000000000000000000000000000000 D
b100000000000000000000000000000000 e
b11 Q
b100000000000000000000000000000000 I
b100000000000000000000000000000000 W
b100000000000000000000000000000000 L
b100000000000000000000000000000000 ]
1$
#4470000
0$
#4475000
b10 H
b10 X
b100 Q
1$
#4480000
0$
#4485000
b100000000000000000000000000000000 >
b100000000000000000000000000000000 [
b0 H
b0 X
b101 Q
1$
#4490000
0$
#4495000
b1000 !
b1000 E
b0 D
b0 e
b1000 F
b1000 U
b1 Q
b0 L
b0 ]
1$
#4500000
0$
#4505000
b0 >
b0 [
b10 Q
b0 K
b0 Y
1$
#4510000
0$
#4515000
b1 H
b1 X
b11 Q
b0 I
b0 W
1$
#4520000
0$
#4525000
b10 H
b10 X
b100 Q
1$
#4530000
0$
#4535000
b0 H
b0 X
b101 Q
1$
#4540000
0$
#4545000
b1001 !
b1001 E
b111100000000000000000000000000000000 D
b111100000000000000000000000000000000 e
b1001 F
b1001 U
b1 Q
b111100000000000000000000000000000000 L
b111100000000000000000000000000000000 ]
1$
#4550000
0$
#4555000
b100000000000000000000000000000000 >
b100000000000000000000000000000000 [
b10 Q
b110000000000000000 K
b110000000000000000 Y
1$
#4560000
0$
#4565000
b0 >
b0 [
b1 H
b1 X
b100000000000000000000000000000000 D
b100000000000000000000000000000000 e
b11 Q
b100000000000000000000000000000000 I
b100000000000000000000000000000000 W
b100000000000000000000000000000000 L
b100000000000000000000000000000000 ]
1$
#4570000
0$
#4575000
b10 H
b10 X
b100 Q
1$
#4580000
0$
#4585000
b100000000000000000000000000000000 >
b100000000000000000000000000000000 [
b0 H
b0 X
b101 Q
1$
#4590000
0$
#4595000
b1010 !
b1010 E
b0 D
b0 e
b1010 F
b1010 U
b1 Q
b0 L
b0 ]
1$
#4600000
0$
#4605000
b0 >
b0 [
b10 Q
b0 K
b0 Y
1$
#4610000
0$
#4615000
b1 H
b1 X
b11 Q
b0 I
b0 W
1$
#4620000
0$
#4625000
b10 H
b10 X
b100 Q
1$
#4630000
0$
#4635000
b0 H
b0 X
b101 Q
1$
#4640000
0$
#4645000
b1011 !
b1011 E
b111100000000000000000000000000000000 D
b111100000000000000000000000000000000 e
b1011 F
b1011 U
b1 Q
b111100000000000000000000000000000000 L
b111100000000000000000000000000000000 ]
1$
#4650000
0$
#4655000
b100000000000000000000000000000000 >
b100000000000000000000000000000000 [
b10 Q
b110000000000000000 K
b110000000000000000 Y
1$
#4660000
0$
#4665000
b0 >
b0 [
b1 H
b1 X
b100000000000000000000000000000000 D
b100000000000000000000000000000000 e
b11 Q
b100000000000000000000000000000000 I
b100000000000000000000000000000000 W
b100000000000000000000000000000000 L
b100000000000000000000000000000000 ]
1$
#4670000
0$
#4675000
b10 H
b10 X
b100 Q
1$
#4680000
0$
#4685000
b100000000000000000000000000000000 >
b100000000000000000000000000000000 [
b0 H
b0 X
b101 Q
1$
#4690000
0$
#4695000
b1100 !
b1100 E
b0 D
b0 e
b1100 F
b1100 U
b1 Q
b0 L
b0 ]
1$
#4700000
0$
#4705000
b0 >
b0 [
b10 Q
b0 K
b0 Y
1$
#4710000
0$
#4715000
b1 H
b1 X
b11 Q
b0 I
b0 W
1$
#4720000
0$
#4725000
b10 H
b10 X
b100 Q
1$
#4730000
0$
#4735000
b0 H
b0 X
b101 Q
1$
#4740000
0$
#4745000
b1101 !
b1101 E
b111100000000000000000000000000000000 D
b111100000000000000000000000000000000 e
b1101 F
b1101 U
b1 Q
b111100000000000000000000000000000000 L
b111100000000000000000000000000000000 ]
1$
#4750000
0$
#4755000
b100000000000000000000000000000000 >
b100000000000000000000000000000000 [
b10 Q
b110000000000000000 K
b110000000000000000 Y
1$
#4760000
0$
#4765000
b0 >
b0 [
b1 H
b1 X
b100000000000000000000000000000000 D
b100000000000000000000000000000000 e
b11 Q
b100000000000000000000000000000000 I
b100000000000000000000000000000000 W
b100000000000000000000000000000000 L
b100000000000000000000000000000000 ]
1$
#4770000
0$
#4775000
b10 H
b10 X
b100 Q
1$
#4780000
0$
#4785000
b100000000000000000000000000000000 >
b100000000000000000000000000000000 [
b0 H
b0 X
b101 Q
1$
#4790000
0$
#4795000
b1110 !
b1110 E
b0 D
b0 e
b1110 F
b1110 U
b1 Q
b0 L
b0 ]
1$
#4800000
0$
#4805000
b0 >
b0 [
b10 Q
b0 K
b0 Y
1$
#4810000
0$
#4815000
b1 H
b1 X
b11 Q
b0 I
b0 W
1$
#4820000
0$
#4825000
b10 H
b10 X
b100 Q
1$
#4830000
0$
#4835000
b0 H
b0 X
b101 Q
1$
#4840000
0$
#4845000
b1111 !
b1111 E
b111100000000000000000000000000000000 D
b111100000000000000000000000000000000 e
b1111 F
b1111 U
b1 Q
b111100000000000000000000000000000000 L
b111100000000000000000000000000000000 ]
1$
#4850000
0$
#4855000
b100000000000000000000000000000000 >
b100000000000000000000000000000000 [
b10 Q
b110000000000000000 K
b110000000000000000 Y
1$
#4860000
0$
#4865000
b0 >
b0 [
b1 H
b1 X
b100000000000000000000000000000000 D
b100000000000000000000000000000000 e
b11 Q
b100000000000000000000000000000000 I
b100000000000000000000000000000000 W
b100000000000000000000000000000000 L
b100000000000000000000000000000000 ]
1$
#4870000
0$
#4875000
b10 H
b10 X
b100 Q
1$
#4880000
0$
#4885000
b100000000000000000000000000000000 >
b100000000000000000000000000000000 [
b0 H
b0 X
b101 Q
1$
#4890000
0$
#4895000
b10000 !
b10000 E
b0 D
b0 e
1?
b10000 F
b10000 U
b1 Q
b0 L
b0 ]
1$
#4900000
0$
#4905000
1#
b0 >
b0 [
b111 Q
b0 K
b0 Y
1$
#4910000
0$
#4915000
b100111 4
1$
#4920000
0$
#4925000
b101001 4
1$
#4930000
0$
#4935000
b101011 4
1$
#4940000
0$
#4945000
b101101 4
1$
#4950000
1+
0$
#4955000
0#
b0 Q
b0 R
1$
#4960000
0+
0$
#4965000
b111000000000000000 0
b111000000000000000 :
b101110 4
1$
#4970000
1-
0$
#4975000
b0 !
b0 E
b1 Q
0?
b0 F
b0 U
b1 R
b0 I
b0 W
1$
#4980000
0-
0$
#4985000
b10 Q
1$
#4990000
0$
#4995000
b1 H
b1 X
b11 Q
1$
#5000000
0$
#5005000
b10 H
b10 X
b100 Q
1$
#5010000
0$
#5015000
b0 H
b0 X
b101 Q
1$
#5020000
0$
#5025000
b1 !
b1 E
b111110000000000000000000000000000000 D
b111110000000000000000000000000000000 e
b1 F
b1 U
b1 Q
b111110000000000000000000000000000000 L
b111110000000000000000000000000000000 ]
1$
#5030000
0$
#5035000
b1000000000000000000000000000000 >
b1000000000000000000000000000000 [
b10 Q
b111000000000000000 K
b111000000000000000 Y
1$
#5040000
0$
#5045000
b0 >
b0 [
b1 H
b1 X
b1000000000000000000000000000000 D
b1000000000000000000000000000000 e
b11 Q
b1000000000000000000000000000000 I
b1000000000000000000000000000000 W
b1000000000000000000000000000000 L
b1000000000000000000000000000000 ]
1$
#5050000
0$
#5055000
b10 H
b10 X
b100 Q
1$
#5060000
0$
#5065000
b1000000000000000000000000000000 >
b1000000000000000000000000000000 [
b0 H
b0 X
b101 Q
1$
#5070000
0$
#5075000
b10 !
b10 E
b111111000000000000000000000000000000 D
b111111000000000000000000000000000000 e
b10 F
b10 U
b1 Q
b111111000000000000000000000000000000 L
b111111000000000000000000000000000000 ]
1$
#5080000
0$
#5085000
b10000000000000000000000000000 >
b10000000000000000000000000000 [
b10 Q
b111100000000000000 K
b111100000000000000 Y
1$
#5090000
0$
#5095000
b0 >
b0 [
b1 H
b1 X
b10000000000000000000000000000 D
b10000000000000000000000000000 e
b11 Q
b10000000000000000000000000000 I
b10000000000000000000000000000 W
b10000000000000000000000000000 L
b10000000000000000000000000000 ]
1$
#5100000
0$
#5105000
b10 H
b10 X
b100 Q
1$
#5110000
0$
#5115000
b10000000000000000000000000000 >
b10000000000000000000000000000 [
b0 H
b0 X
b101 Q
1$
#5120000
0$
#5125000
b11 !
b11 E
b111110010000000000000000000000000000 D
b111110010000000000000000000000000000 e
b11 F
b11 U
b1 Q
b111110010000000000000000000000000000 L
b111110010000000000000000000000000000 ]
1$
#5130000
0$
#5135000
b110001000000000000000000000000 >
b110001000000000000000000000000 [
b10 Q
b111001000000000000 K
b111001000000000000 Y
1$
#5140000
0$
#5145000
b0 >
b0 [
b1 H
b1 X
b110001000000000000000000000000 D
b110001000000000000000000000000 e
b11 Q
b110001000000000000000000000000 I
b110001000000000000000000000000 W
b110001000000000000000000000000 L
b110001000000000000000000000000 ]
1$
#5150000
0$
#5155000
b10 H
b10 X
b100 Q
1$
#5160000
0$
#5165000
b110001000000000000000000000000 >
b110001000000000000000000000000 [
b0 H
b0 X
b101 Q
1$
#5170000
0$
#5175000
b100 !
b100 E
b111110110001000000000000000000000000 D
b111110110001000000000000000000000000 e
b100 F
b100 U
b1 Q
b111110110001000000000000000000000000 L
b111110110001000000000000000000000000 ]
1$
#5180000
0$
#5185000
b11000011000010000000000000000 >
b11000011000010000000000000000 [
b10 Q
b111011000100000000 K
b111011000100000000 Y
1$
#5190000
0$
#5195000
b0 >
b0 [
b1 H
b1 X
b11000011000010000000000000000 D
b11000011000010000000000000000 e
b11 Q
b11000011000010000000000000000 I
b11000011000010000000000000000 W
b11000011000010000000000000000 L
b11000011000010000000000000000 ]
1$
#5200000
0$
#5205000
b10 H
b10 X
b100 Q
1$
#5210000
0$
#5215000
b11000011000010000000000000000 >
b11000011000010000000000000000 [
b0 H
b0 X
b101 Q
1$
#5220000
0$
#5225000
b101 !
b101 E
b111110011000011000010000000000000000 D
b111110011000011000010000000000000000 e
b101 F
b101 U
b1 Q
b111110011000011000010000000000000000 L
b111110011000011000010000000000000000 ]
1$
#5230000
0$
#5235000
b101001111100010101010011000001 >
b101001111100010101010011000001 [
b10 Q
b111001100001100001 K
b111001100001100001 Y
1$
#5240000
0$
#5245000
b0 >
b0 [
b1 H
b1 X
b101001111100010101010011000001 D
b101001111100010101010011000001 e
b11 Q
b101001111100010101010011000001 I
b101001111100010101010011000001 W
b101001111100010101010011000001 L
b101001111100010101010011000001 ]
1$
#5250000
0$
#5255000
b10 H
b10 X
b100 Q
1$
#5260000
0$
#5265000
b101001111100010101010011000001 >
b101001111100010101010011000001 [
b0 H
b0 X
b101 Q
1$
#5270000
0$
#5275000
b110 !
b110 E
b111110101001111100010101010011000001 D
b111110101001111100010101010011000001 e
b110 F
b110 U
b1 Q
b111110101001111100010101010011000001 L
b111110101001111100010101010011000001 ]
1$
#5280000
0$
#5285000
b11100111011100001010011100001 >
b11100111011100001010011100001 [
b10 Q
b111010100111110001 K
b111010100111110001 Y
1$
#5290000
0$
#5295000
b0 >
b0 [
b1 H
b1 X
b11100111011100001010011100001 D
b11100111011100001010011100001 e
b11 Q
b11100111011100001010011100001 I
b11100111011100001010011100001 W
b11100111011100001010011100001 L
b11100111011100001010011100001 ]
1$
#5300000
0$
#5305000
b10 H
b10 X
b100 Q
1$
#5310000
0$
#5315000
b11100111011100001010011100001 >
b11100111011100001010011100001 [
b0 H
b0 X
b101 Q
1$
#5320000
0$
#5325000
b111 !
b111 E
b111110011100111011100001010011100001 D
b111110011100111011100001010011100001 e
b111 F
b111 U
b1 Q
b111110011100111011100001010011100001 L
b111110011100111011100001010011100001 ]
1$
#5330000
0$
#5335000
b100110010101101110110101000100 >
b100110010101101110110101000100 [
b10 Q
b111001110011101110 K
b111001110011101110 Y
1$
#5340000
0$
#5345000
b0 >
b0 [
b1 H
b1 X
b100110010101101110110101000100 D
b100110010101101110110101000100 e
b11 Q
b100110010101101110110101000100 I
b100110010101101110110101000100 W
b100110010101101110110101000100 L
b100110010101101110110101000100 ]
1$
#5350000
0$
#5355000
b10 H
b10 X
b100 Q
1$
#5360000
0$
#5365000
b100110010101101110110101000100 >
b100110010101101110110101000100 [
b0 H
b0 X
b101 Q
1$
#5370000
0$
#5375000
b1000 !
b1000 E
b111110100110010101101110110101000100 D
b111110100110010101101110110101000100 e
b1000 F
b1000 U
b1 Q
b111110100110010101101110110101000100 L
b111110100110010101101110110101000100 ]
1$
#5380000
0$
#5385000
b11111011001111010010011100100 >
b11111011001111010010011100100 [
b10 Q
b111010011001010110 K
b111010011001010110 Y
1$
#5390000
0$
#5395000
b0 >
b0 [
b1 H
b1 X
b11111011001111010010011100100 D
b11111011001111010010011100100 e
b11 Q
b11111011001111010010011100100 I
b11111011001111010010011100100 W
b11111011001111010010011100100 L
b11111011001111010010011100100 ]
1$
#5400000
0$
#5405000
b10 H
b10 X
b100 Q
1$
#5410000
0$
#5415000
b11111011001111010010011100100 >
b11111011001111010010011100100 [
b0 H
b0 X
b101 Q
1$
#5420000
0$
#5425000
b1001 !
b1001 E
b111110011111011001111010010011100100 D
b111110011111011001111010010011100100 e
b1001 F
b1001 U
b1 Q
b111110011111011001111010010011100100 L
b111110011111011001111010010011100100 ]
1$
#5430000
0$
#5435000
b100100011100110001101101110001 >
b100100011100110001101101110001 [
b10 Q
b111001111101100111 K
b111001111101100111 Y
1$
#5440000
0$
#5445000
b0 >
b0 [
b1 H
b1 X
b100100011100110001101101110001 D
b100100011100110001101101110001 e
b11 Q
b100100011100110001101101110001 I
b100100011100110001101101110001 W
b100100011100110001101101110001 L
b100100011100110001101101110001 ]
1$
#5450000
0$
#5455000
b10 H
b10 X
b100 Q
1$
#5460000
0$
#5465000
b100100011100110001101101110001 >
b100100011100110001101101110001 [
b0 H
b0 X
b101 Q
1$
#5470000
0$
#5475000
b1010 !
b1010 E
b111110100100011100110001101101110001 D
b111110100100011100110001101101110001 e
b1010 F
b1010 U
b1 Q
b111110100100011100110001101101110001 L
b111110100100011100110001101101110001 ]
1$
#5480000
0$
#5485000
b100000101111011000101110101001 >
b100000101111011000101110101001 [
b10 Q
b111010010001110011 K
b111010010001110011 Y
1$
#5490000
0$
#5495000
b0 >
b0 [
b1 H
b1 X
b100000101111011000101110101001 D
b100000101111011000101110101001 e
b11 Q
b100000101111011000101110101001 I
b100000101111011000101110101001 W
b100000101111011000101110101001 L
b100000101111011000101110101001 ]
1$
#5500000
0$
#5505000
b10 H
b10 X
b100 Q
1$
#5510000
0$
#5515000
b100000101111011000101110101001 >
b100000101111011000101110101001 [
b0 H
b0 X
b101 Q
1$
#5520000
0$
#5525000
b1011 !
b1011 E
b111110100000101111011000101110101001 D
b111110100000101111011000101110101001 e
b1011 F
b1011 U
b1 Q
b111110100000101111011000101110101001 L
b111110100000101111011000101110101001 ]
1$
#5530000
0$
#5535000
b100011011100101100101110001001 >
b100011011100101100101110001001 [
b10 Q
b111010000010111101 K
b111010000010111101 Y
1$
#5540000
0$
#5545000
b0 >
b0 [
b1 H
b1 X
b100011011100101100101110001001 D
b100011011100101100101110001001 e
b11 Q
b100011011100101100101110001001 I
b100011011100101100101110001001 W
b100011011100101100101110001001 L
b100011011100101100101110001001 ]
1$
#5550000
0$
#5555000
b10 H
b10 X
b100 Q
1$
#5560000
0$
#5565000
b100011011100101100101110001001 >
b100011011100101100101110001001 [
b0 H
b0 X
b101 Q
1$
#5570000
0$
#5575000
b1100 !
b1100 E
b111110100011011100101100101110001001 D
b111110100011011100101100101110001001 e
b1100 F
b1100 U
b1 Q
b111110100011011100101100101110001001 L
b111110100011011100101100101110001001 ]
1$
#5580000
0$
#5585000
b100001011101100101111011000100 >
b100001011101100101111011000100 [
b10 Q
b111010001101110010 K
b111010001101110010 Y
1$
#5590000
0$
#5595000
b0 >
b0 [
b1 H
b1 X
b100001011101100101111011000100 D
b100001011101100101111011000100 e
b11 Q
b100001011101100101111011000100 I
b100001011101100101111011000100 W
b100001011101100101111011000100 L
b100001011101100101111011000100 ]
1$
#5600000
0$
#5605000
b10 H
b10 X
b100 Q
1$
#5610000
0$
#5615000
b100001011101100101111011000100 >
b100001011101100101111011000100 [
b0 H
b0 X
b101 Q
1$
#5620000
0$
#5625000
b1101 !
b1101 E
b111110100001011101100101111011000100 D
b111110100001011101100101111011000100 e
b1101 F
b1101 U
b1 Q
b111110100001011101100101111011000100 L
b111110100001011101100101111011000100 ]
1$
#5630000
0$
#5635000
b100010111010011010001001100100 >
b100010111010011010001001100100 [
b10 Q
b111010000101110110 K
b111010000101110110 Y
1$
#5640000
0$
#5645000
b0 >
b0 [
b1 H
b1 X
b100010111010011010001001100100 D
b100010111010011010001001100100 e
b11 Q
b100010111010011010001001100100 I
b100010111010011010001001100100 W
b100010111010011010001001100100 L
b100010111010011010001001100100 ]
1$
#5650000
0$
#5655000
b10 H
b10 X
b100 Q
1$
#5660000
0$
#5665000
b100010111010011010001001100100 >
b100010111010011010001001100100 [
b0 H
b0 X
b101 Q
1$
#5670000
0$
#5675000
b1110 !
b1110 E
b111110100010111010011010001001100100 D
b111110100010111010011010001001100100 e
b1110 F
b1110 U
b1 Q
b111110100010111010011010001001100100 L
b111110100010111010011010001001100100 ]
1$
#5680000
0$
#5685000
b100001110110011011100000010001 >
b100001110110011011100000010001 [
b10 Q
b111010001011101001 K
b111010001011101001 Y
1$
#5690000
0$
#5695000
b0 >
b0 [
b1 H
b1 X
b100001110110011011100000010001 D
b100001110110011011100000010001 e
b11 Q
b100001110110011011100000010001 I
b100001110110011011100000010001 W
b100001110110011011100000010001 L
b100001110110011011100000010001 ]
1$
#5700000
0$
#5705000
b10 H
b10 X
b100 Q
1$
#5710000
0$
#5715000
b100001110110011011100000010001 >
b100001110110011011100000010001 [
b0 H
b0 X
b101 Q
1$
#5720000
0$
#5725000
b1111 !
b1111 E
b111110100001110110011011100000010001 D
b111110100001110110011011100000010001 e
b1111 F
b1111 U
b1 Q
b111110100001110110011011100000010001 L
b111110100001110110011011100000010001 ]
1$
#5730000
0$
#5735000
b100010101000001010100111110001 >
b100010101000001010100111110001 [
b10 Q
b111010000111011001 K
b111010000111011001 Y
1$
#5740000
0$
#5745000
b0 >
b0 [
b1 H
b1 X
b100010101000001010100111110001 D
b100010101000001010100111110001 e
b11 Q
b100010101000001010100111110001 I
b100010101000001010100111110001 W
b100010101000001010100111110001 L
b100010101000001010100111110001 ]
1$
#5750000
0$
#5755000
b10 H
b10 X
b100 Q
1$
#5760000
0$
#5765000
b100010101000001010100111110001 >
b100010101000001010100111110001 [
b0 H
b0 X
b101 Q
1$
#5770000
0$
#5775000
b10000 !
b10000 E
b111110100010101000001010100111110001 D
b111110100010101000001010100111110001 e
1?
b10000 F
b10000 U
b1 Q
b111110100010101000001010100111110001 L
b111110100010101000001010100111110001 ]
1$
#5780000
0$
#5785000
1#
b100010000011101110010000000000 >
b100010000011101110010000000000 [
b111 Q
b111010001010100000 K
b111010001010100000 Y
1$
#5790000
0$
#5795000
b110000 4
1$
#5800000
0$
#5805000
b110010 4
1$
#5810000
0$
#5815000
b110100 4
1$
#5820000
0$
#5825000
b110110 4
1$
#5830000
1+
0$
#5835000
0#
b0 Q
b0 R
1$
#5840000
0+
0$
#5845000
b1000000000000000 2
b1000000000000000 <
b100110011001100 0
b100110011001100 :
0?
b110 *
b110 9
b110 V
b110111 4
1$
#5850000
1-
0$
#5855000
b0 !
b0 E
b0 D
b0 e
b1 Q
b0 L
b0 ]
b0 F
b0 U
b1 R
b0 I
b0 W
1$
#5860000
0-
0$
#5865000
b0 >
b0 [
b10 Q
b0 K
b0 Y
1$
#5870000
0$
#5875000
b1 H
b1 X
b11 Q
1$
#5880000
0$
#5885000
b10 H
b10 X
b100 Q
1$
#5890000
0$
#5895000
b0 H
b0 X
b101 Q
1$
#5900000
0$
#5905000
b1 !
b1 E
b1000000000000000 Z
b10000000000000000000000000000000 B
b10000000000000000000000000000000 g
b1001100110011000000000000000000 D
b1001100110011000000000000000000 e
b1 F
b1 U
b1 Q
b10000000000000000000000000000000 N
b10000000000000000000000000000000 _
b1001100110011000000000000000000 L
b1001100110011000000000000000000 ]
1$
#5910000
0$
#5915000
b10111000010011100001010010000 >
b10111000010011100001010010000 [
b10 Q
b100110011001100 K
b100110011001100 Y
1$
#5920000
0$
#5925000
b1000000000000000000000000000000 >
b1000000000000000000000000000000 [
b1 H
b1 X
b10111000010011100001010010000 D
b10111000010011100001010010000 e
b11 Q
b10111000010011100001010010000 I
b10111000010011100001010010000 W
b10111000010011100001010010000 L
b10111000010011100001010010000 ]
1$
#5930000
0$
#5935000
b1001100110011000000000000000000 >
b1001100110011000000000000000000 [
b10 H
b10 X
b111111010111000010011100001010010000 D
b111111010111000010011100001010010000 e
b100 Q
b1010111000010011100001010010000 I
b1010111000010011100001010010000 W
b111111010111000010011100001010010000 L
b111111010111000010011100001010010000 ]
1$
#5940000
0$
#5945000
b10111000010011100001010010000 >
b10111000010011100001010010000 [
b0 H
b0 X
b100110011001100 Z
b1001100110011000000000000000000 B
b1001100110011000000000000000000 g
b101 Q
b1001100110011000000000000000000 N
b1001100110011000000000000000000 _
1$
#5950000
0$
#5955000
b10 !
b10 E
b1100110011001100 Z
b11001100110011000000000000000000 B
b11001100110011000000000000000000 g
b100011110101011100001010010000 D
b100011110101011100001010010000 e
b10 F
b10 U
b1 Q
b11001100110011000000000000000000 N
b11001100110011000000000000000000 _
b100011110101011100001010010000 L
b100011110101011100001010010000 ]
1$
#5960000
0$
#5965000
b101000000111110111100111001 >
b101000000111110111100111001 [
b10 Q
b10001111010101 K
b10001111010101 Y
1$
#5970000
0$
#5975000
b10100011110101011100001010010000 >
b10100011110101011100001010010000 [
b1 H
b1 X
b101000000111110111100111001 D
b101000000111110111100111001 e
b11 Q
b101000000111110111100111001 I
b101000000111110111100111001 W
b101000000111110111100111001 L
b101000000111110111100111001 ]
1$
#5980000
0$
#5985000
b111001010101001001001101111000 >
b111001010101001001001101111000 [
b10 H
b10 X
b111101100001001011100010110010101001 D
b111101100001001011100010110010101001 e
b100 Q
b10101000110110011011000111001001 I
b10101000110110011011000111001001 W
b111101100001001011100010110010101001 L
b111101100001001011100010110010101001 ]
1$
#5990000
0$
#5995000
b101000000111110111100111001 >
b101000000111110111100111001 [
b0 H
b0 X
b11100101010100 Z
b111001010101001001001101111000 B
b111001010101001001001101111000 g
b101 Q
b111001010101001001001101111000 N
b111001010101001001001101111000 _
1$
#6000000
0$
#6005000
b11 !
b11 E
b1011100101010100 Z
b10111001010101001001001101111000 B
b10111001010101001001001101111000 g
b111110101101111110100010110010101001 D
b111110101101111110100010110010101001 e
b11 F
b11 U
b1 Q
b10111001010101001001001101111000 N
b10111001010101001001001101111000 _
b111110101101111110100010110010101001 L
b111110101101111110100010110010101001 ]
1$
#6010000
0$
#6015000
b11010010001111101100000100100 >
b11010010001111101100000100100 [
b10 Q
b111010110111111010 K
b111010110111111010 Y
1$
#6020000
0$
#6025000
b10000110001010101000001110010000 >
b10000110001010101000001110010000 [
b1 H
b1 X
b11010010001111101100000100100 D
b11010010001111101100000100100 e
b11 Q
b11010010001111101100000100100 I
b11010010001111101100000100100 W
b11010010001111101100000100100 L
b11010010001111101100000100100 ]
1$
#6030000
0$
#6035000
b111110001001001111011000000000010000 >
b111110001001001111011000000000010000 [
b10 H
b10 X
b111110010100000111010101010010010100 D
b111110010100000111010101010010010100 e
b100 Q
b10100000011100100101101110110100 I
b10100000011100100101101110110100 W
b111110010100000111010101010010010100 L
b111110010100000111010101010010010100 ]
1$
#6040000
0$
#6045000
b11010010001111101100000100100 >
b11010010001111101100000100100 [
b0 H
b0 X
b111000100100111101 Z
b111110001001001111011000000000010000 B
b111110001001001111011000000000010000 g
b101 Q
b111110001001001111011000000000010000 N
b111110001001001111011000000000010000 _
1$
#6050000
0$
#6055000
b100 !
b100 E
b100100111101 Z
b1001001111011000000000010000 B
b1001001111011000000000010000 g
b111111100000111010010101010010010100 D
b111111100000111010010101010010010100 e
b100 F
b100 U
b1 Q
b1001001111011000000000010000 N
b1001001111011000000000010000 _
b111111100000111010010101010010010100 L
b111111100000111010010101010010010100 ]
1$
#6060000
0$
#6065000
b11110001101001010000010001 >
b11110001101001010000010001 [
b10 Q
b111110000011101001 K
b111110000011101001 Y
1$
#6070000
0$
#6075000
b10101010101100010001001 >
b10101010101100010001001 [
b1 H
b1 X
b11110001101001010000010001 D
b11110001101001010000010001 e
b11 Q
b11110001101001010000010001 I
b11110001101001010000010001 W
b11110001101001010000010001 L
b11110001101001010000010001 ]
1$
#6080000
0$
#6085000
b111111111101110000011001000100001010 >
b111111111101110000011001000100001010 [
b10 H
b10 X
b11011100010011101110001000 D
b11011100010011101110001000 e
b100 Q
b100000110111110110010011010 I
b100000110111110110010011010 W
b11011100010011101110001000 L
b11011100010011101110001000 ]
1$
#6090000
0$
#6095000
b11110001101001010000010001 >
b11110001101001010000010001 [
b0 H
b0 X
b111111110111000001 Z
b111111111101110000011001000100001010 B
b111111111101110000011001000100001010 g
b101 Q
b111111111101110000011001000100001010 N
b111111111101110000011001000100001010 _
1$
#6100000
0$
#6105000
b101 !
b101 E
b111110111000001 Z
b1111101110000011001000100001010 B
b1111101110000011001000100001010 g
b1010000001111010011101110001000 D
b1010000001111010011101110001000 e
b101 F
b101 U
b1 Q
b1111101110000011001000100001010 N
b1111101110000011001000100001010 _
b1010000001111010011101110001000 L
b1010000001111010011101110001000 ]
1$
#6110000
0$
#6115000
b11001001001100010111010001001 >
b11001001001100010111010001001 [
b10 Q
b101000000111101 K
b101000000111101 Y
1$
#6120000
0$
#6125000
b111101110001100000101110000001 >
b111101110001100000101110000001 [
b1 H
b1 X
b11001001001100010111010001001 D
b11001001001100010111010001001 e
b11 Q
b11001001001100010111010001001 I
b11001001001100010111010001001 W
b11001001001100010111010001001 L
b11001001001100010111010001001 ]
1$
#6130000
0$
#6135000
b1001110110101001000110111111010 >
b1001110110101001000110111111010 [
b10 H
b10 X
b111111011011011000000010001100001000 D
b111111011011011000000010001100001000 e
b100 Q
b1010110111011000011101000001010 I
b1010110111011000011101000001010 W
b111111011011011000000010001100001000 L
b111111011011011000000010001100001000 ]
1$
#6140000
0$
#6145000
b11001001001100010111010001001 >
b11001001001100010111010001001 [
b0 H
b0 X
b100111011010100 Z
b1001110110101001000110111111010 B
b1001110110101001000110111111010 g
b101 Q
b1001110110101001000110111111010 N
b1001110110101001000110111111010 _
1$
#6150000
0$
#6155000
b110 !
b110 E
b1100111011010100 Z
b11001110110101001000110111111010 B
b11001110110101001000110111111010 g
b101000001011000010001100001000 D
b101000001011000010001100001000 e
b110 F
b110 U
b1 Q
b11001110110101001000110111111010 N
b11001110110101001000110111111010 _
b101000001011000010001100001000 L
b101000001011000010001100001000 ]
1$
#6160000
0$
#6165000
b110010011011100011110010000 >
b110010011011100011110010000 [
b10 Q
b10100000101100 K
b10100000101100 Y
1$
#6170000
0$
#6175000
b10100111000110011101111110010000 >
b10100111000110011101111110010000 [
b1 H
b1 X
b110010011011100011110010000 D
b110010011011100011110010000 e
b11 Q
b110010011011100011110010000 I
b110010011011100011110010000 W
b110010011011100011110010000 L
b110010011011100011110010000 ]
1$
#6180000
0$
#6185000
b1000000111010010101100011100000 >
b1000000111010010101100011100000 [
b10 H
b10 X
b111101011111001100111110100000000000 D
b111101011111001100111110100000000000 e
b100 Q
b10101101011001111010011100100000 I
b10101101011001111010011100100000 W
b111101011111001100111110100000000000 L
b111101011111001100111110100000000000 ]
1$
#6190000
0$
#6195000
b110010011011100011110010000 >
b110010011011100011110010000 [
b0 H
b0 X
b100000011101001 Z
b1000000111010010101100011100000 B
b1000000111010010101100011100000 g
b101 Q
b1000000111010010101100011100000 N
b1000000111010010101100011100000 _
1$
#6200000
0$
#6205000
b111 !
b111 E
b1100000011101001 Z
b11000000111010010101100011100000 B
b11000000111010010101100011100000 g
b111110101011111111111110100000000000 D
b111110101011111111111110100000000000 e
b111 F
b111 U
b1 Q
b11000000111010010101100011100000 N
b11000000111010010101100011100000 _
b111110101011111111111110100000000000 L
b111110101011111111111110100000000000 ]
1$
#6210000
0$
#6215000
b11011100100001010100000000001 >
b11011100100001010100000000001 [
b10 Q
b111010101111111111 K
b111010101111111111 Y
1$
#6220000
0$
#6225000
b10010001010111100101010000010001 >
b10010001010111100101010000010001 [
b1 H
b1 X
b11011100100001010100000000001 D
b11011100100001010100000000001 e
b11 Q
b11011100100001010100000000001 I
b11011100100001010100000000001 W
b11011100100001010100000000001 L
b11011100100001010100000000001 ]
1$
#6230000
0$
#6235000
b111110000001011001011001011000101110 >
b111110000001011001011001011000101110 [
b10 H
b10 X
b111110001010001100100101001111110000 D
b111110001010001100100101001111110000 e
b100 Q
b10101100111011101111110000010010 I
b10101100111011101111110000010010 W
b111110001010001100100101001111110000 L
b111110001010001100100101001111110000 ]
1$
#6240000
0$
#6245000
b11011100100001010100000000001 >
b11011100100001010100000000001 [
b0 H
b0 X
b111000000101100101 Z
b111110000001011001011001011000101110 B
b111110000001011001011001011000101110 g
b101 Q
b111110000001011001011001011000101110 N
b111110000001011001011001011000101110 _
1$
#6250000
0$
#6255000
b1000 !
b1000 E
b101100101 Z
b1011001011001011000101110 B
b1011001011001011000101110 g
b111111010110111111100101001111110000 D
b111111010110111111100101001111110000 e
b1000 F
b1000 U
b1 Q
b1011001011001011000101110 N
b1011001011001011000101110 _
b111111010110111111100101001111110000 L
b111111010110111111100101001111110000 ]
1$
#6260000
0$
#6265000
b110100100011010010000000100 >
b110100100011010010000000100 [
b10 Q
b111101011011111110 K
b111101011011111110 Y
1$
#6270000
0$
#6275000
b11111000111011001 >
b11111000111011001 [
b1 H
b1 X
b110100100011010010000000100 D
b110100100011010010000000100 e
b11 Q
b110100100011010010000000100 I
b110100100011010010000000100 W
b110100100011010010000000100 L
b110100100011010010000000100 ]
1$
#6280000
0$
#6285000
b111111111111100011011010000001101100 >
b111111111111100011011010000001101100 [
b10 H
b10 X
b110100011111011001000101011 D
b110100011111011001000101011 e
b100 Q
b110100100111001010111011101 I
b110100100111001010111011101 W
b110100011111011001000101011 L
b110100011111011001000101011 ]
1$
#6290000
0$
#6295000
b110100100011010010000000100 >
b110100100011010010000000100 [
b0 H
b0 X
b111111111110001101 Z
b111111111111100011011010000001101100 B
b111111111111100011011010000001101100 g
b101 Q
b111111111111100011011010000001101100 N
b111111111111100011011010000001101100 _
1$
#6300000
0$
#6305000
b1001 !
b1001 E
b111111110001101 Z
b1111111100011011010000001101100 B
b1111111100011011010000001101100 g
b1010011010110111011001000101011 D
b1010011010110111011001000101011 e
b1001 F
b1001 U
b1 Q
b1111111100011011010000001101100 N
b1111111100011011010000001101100 _
b1010011010110111011001000101011 L
b1010011010110111011001000101011 ]
1$
#6310000
0$
#6315000
b11011001001000010001001011001 >
b11011001001000010001001011001 [
b10 Q
b101001101011011 K
b101001101011011 Y
1$
#6320000
0$
#6325000
b111111100011010011001110101001 >
b111111100011010011001110101001 [
b1 H
b1 X
b11011001001000010001001011001 D
b11011001001000010001001011001 e
b11 Q
b11011001001000010001001011001 I
b11011001001000010001001011001 W
b11011001001000010001001011001 L
b11011001001000010001001011001 ]
1$
#6330000
0$
#6335000
b1010011000100000001110000111110 >
b1010011000100000001110000111110 [
b10 H
b10 X
b111111011011100101101110111010110000 D
b111111011011100101101110111010110000 e
b100 Q
b1011010101100010101011000000010 I
b1011010101100010101011000000010 W
b111111011011100101101110111010110000 L
b111111011011100101101110111010110000 ]
1$
#6340000
0$
#6345000
b11011001001000010001001011001 >
b11011001001000010001001011001 [
b0 H
b0 X
b101001100010000 Z
b1010011000100000001110000111110 B
b1010011000100000001110000111110 g
b101 Q
b1010011000100000001110000111110 N
b1010011000100000001110000111110 _
1$
#6350000
0$
#6355000
b1010 !
b1010 E
b1101001100010000 Z
b11010011000100000001110000111110 B
b11010011000100000001110000111110 g
b101000011000101110111010110000 D
b101000011000101110111010110000 e
b1010 F
b1010 U
b1 Q
b11010011000100000001110000111110 N
b11010011000100000001110000111110 _
b101000011000101110111010110000 L
b101000011000101110111010110000 ]
1$
#6360000
0$
#6365000
b110010111101100010110000100 >
b110010111101100010110000100 [
b10 Q
b10100001100010 K
b10100001100010 Y
1$
#6370000
0$
#6375000
b10101110000000110110000100000000 >
b10101110000000110110000100000000 [
b1 H
b1 X
b110010111101100010110000100 D
b110010111101100010110000100 e
b11 Q
b110010111101100010110000100 I
b110010111101100010110000100 W
b110010111101100010110000100 L
b110010111101100010110000100 ]
1$
#6380000
0$
#6385000
b1000010100101101001100001000000 >
b1000010100101101001100001000000 [
b10 H
b10 X
b111101011000010110110110010010000100 D
b111101011000010110110110010010000100 e
b100 Q
b10110100011000100010011010000100 I
b10110100011000100010011010000100 W
b111101011000010110110110010010000100 L
b111101011000010110110110010010000100 ]
1$
#6390000
0$
#6395000
b110010111101100010110000100 >
b110010111101100010110000100 [
b0 H
b0 X
b100001010010110 Z
b1000010100101101001100001000000 B
b1000010100101101001100001000000 g
b101 Q
b1000010100101101001100001000000 N
b1000010100101101001100001000000 _
1$
#6400000
0$
#6405000
b1011 !
b1011 E
b1100001010010110 Z
b11000010100101101001100001000000 B
b11000010100101101001100001000000 g
b111110100101001001110110010010000100 D
b111110100101001001110110010010000100 e
b1011 F
b1011 U
b1 Q
b11000010100101101001100001000000 N
b11000010100101101001100001000000 _
b111110100101001001110110010010000100 L
b111110100101001001110110010010000100 ]
1$
#6410000
0$
#6415000
b100000001111010100101111110001 >
b100000001111010100101111110001 [
b10 Q
b111010010100100111 K
b111010010100100111 Y
1$
#6420000
0$
#6425000
b10010011111001111010111111100100 >
b10010011111001111010111111100100 [
b1 H
b1 X
b100000001111010100101111110001 D
b100000001111010100101111110001 e
b11 Q
b100000001111010100101111110001 I
b100000001111010100101111110001 W
b100000001111010100101111110001 L
b100000001111010100101111110001 ]
1$
#6430000
0$
#6435000
b111101110101111001001010010110110100 >
b111101110101111001001010010110110100 [
b10 H
b10 X
b111110001100010101011001110000001101 D
b111110001100010101011001110000001101 e
b100 Q
b10110100001001001111101111010101 I
b10110100001001001111101111010101 W
b111110001100010101011001110000001101 L
b111110001100010101011001110000001101 ]
1$
#6440000
0$
#6445000
b100000001111010100101111110001 >
b100000001111010100101111110001 [
b0 H
b0 X
b110111010111100100 Z
b111101110101111001001010010110110100 B
b111101110101111001001010010110110100 g
b101 Q
b111101110101111001001010010110110100 N
b111101110101111001001010010110110100 _
1$
#6450000
0$
#6455000
b1100 !
b1100 E
b111111010111100100 Z
b111111110101111001001010010110110100 B
b111111110101111001001010010110110100 g
b111111011001001000011001110000001101 D
b111111011001001000011001110000001101 e
b1100 F
b1100 U
b1 Q
b111111110101111001001010010110110100 N
b111111110101111001001010010110110100 _
b111111011001001000011001110000001101 L
b111111011001001000011001110000001101 ]
1$
#6460000
0$
#6465000
b101111001101111011001000001 >
b101111001101111011001000001 [
b10 Q
b111101100100100001 K
b111101100100100001 Y
1$
#6470000
0$
#6475000
b11001100011001100010000 >
b11001100011001100010000 [
b1 H
b1 X
b101111001101111011001000001 D
b101111001101111011001000001 e
b11 Q
b101111001101111011001000001 I
b101111001101111011001000001 W
b101111001101111011001000001 L
b101111001101111011001000001 ]
1$
#6480000
0$
#6485000
b11000100011110110011001000 >
b11000100011110110011001000 [
b10 H
b10 X
b101100000001100001100110001 D
b101100000001100001100110001 e
b100 Q
b110010011010010100101010001 I
b110010011010010100101010001 W
b101100000001100001100110001 L
b101100000001100001100110001 ]
1$
#6490000
0$
#6495000
b101111001101111011001000001 >
b101111001101111011001000001 [
b0 H
b0 X
b1100010001 Z
b11000100011110110011001000 B
b11000100011110110011001000 g
b101 Q
b11000100011110110011001000 N
b11000100011110110011001000 _
1$
#6500000
0$
#6505000
b1101 !
b1101 E
b1000001100010001 Z
b10000011000100011110110011001000 B
b10000011000100011110110011001000 g
b1010010010011001100001100110001 D
b1010010010011001100001100110001 e
b1101 F
b1101 U
b1 Q
b10000011000100011110110011001000 N
b10000011000100011110110011001000 _
b1010010010011001100001100110001 L
b1010010010011001100001100110001 ]
1$
#6510000
0$
#6515000
b11010011101001100011010010000 >
b11010011101001100011010010000 [
b10 Q
b101001001001100 K
b101001001001100 Y
1$
#6520000
0$
#6525000
b1000011000110100110011100100001 >
b1000011000110100110011100100001 [
b1 H
b1 X
b11010011101001100011010010000 D
b11010011101001100011010010000 e
b11 Q
b11010011101001100011010010000 I
b11010011101001100011010010000 W
b11010011101001100011010010000 L
b11010011101001100011010010000 ]
1$
#6530000
0$
#6535000
b1010100010001001011011000011000 >
b1010100010001001011011000011000 [
b10 H
b10 X
b111111010111010110100101111101101111 D
b111111010111010110100101111101101111 e
b100 Q
b1011101100011110010110110110001 I
b1011101100011110010110110110001 W
b111111010111010110100101111101101111 L
b111111010111010110100101111101101111 ]
1$
#6540000
0$
#6545000
b11010011101001100011010010000 >
b11010011101001100011010010000 [
b0 H
b0 X
b101010001000100 Z
b1010100010001001011011000011000 B
b1010100010001001011011000011000 g
b101 Q
b1010100010001001011011000011000 N
b1010100010001001011011000011000 _
1$
#6550000
0$
#6555000
b1110 !
b1110 E
b1101010001000100 Z
b11010100010001001011011000011000 B
b11010100010001001011011000011000 g
b100100001001100101111101101111 D
b100100001001100101111101101111 e
b1110 F
b1110 U
b1 Q
b11010100010001001011011000011000 N
b11010100010001001011011000011000 _
b100100001001100101111101101111 L
b100100001001100101111101101111 ]
1$
#6560000
0$
#6565000
b101000110101011010110100100 >
b101000110101011010110100100 [
b10 Q
b10010000100110 K
b10010000100110 Y
1$
#6570000
0$
#6575000
b10110000000000001011001000010000 >
b10110000000000001011001000010000 [
b1 H
b1 X
b101000110101011010110100100 D
b101000110101011010110100100 e
b11 Q
b101000110101011010110100100 I
b101000110101011010110100100 W
b101000110101011010110100100 L
b101000110101011010110100100 ]
1$
#6580000
0$
#6585000
b111011111100100010010000110000 >
b111011111100100010010000110000 [
b10 H
b10 X
b111101010101000110100000001110010100 D
b111101010101000110100000001110010100 e
b100 Q
b10110101000110110110011110110100 I
b10110101000110110110011110110100 W
b111101010101000110100000001110010100 L
b111101010101000110100000001110010100 ]
1$
#6590000
0$
#6595000
b101000110101011010110100100 >
b101000110101011010110100100 [
b0 H
b0 X
b11101111110010 Z
b111011111100100010010000110000 B
b111011111100100010010000110000 g
b101 Q
b111011111100100010010000110000 N
b111011111100100010010000110000 _
1$
#6600000
0$
#6605000
b1111 !
b1111 E
b1011101111110010 Z
b10111011111100100010010000110000 B
b10111011111100100010010000110000 g
b111110100001111001100000001110010100 D
b111110100001111001100000001110010100 e
b1111 F
b1111 U
b1 Q
b10111011111100100010010000110000 N
b10111011111100100010010000110000 _
b111110100001111001100000001110010100 L
b111110100001111001100000001110010100 ]
1$
#6610000
0$
#6615000
b100010100101110001101010100100 >
b100010100101110001101010100100 [
b10 Q
b111010000111100110 K
b111010000111100110 Y
1$
#6620000
0$
#6625000
b10001001111110110111000011000100 >
b10001001111110110111000011000100 [
b1 H
b1 X
b100010100101110001101010100100 D
b100010100101110001101010100100 e
b11 Q
b100010100101110001101010100100 I
b100010100101110001101010100100 W
b100010100101110001101010100100 L
b100010100101110001101010100100 ]
1$
#6630000
0$
#6635000
b111101110101110101000001101011011000 >
b111101110101110101000001101011011000 [
b10 H
b10 X
b111110011000100110111010100111100000 D
b111110011000100110111010100111100000 e
b100 Q
b10101100100100101000101101101000 I
b10101100100100101000101101101000 W
b111110011000100110111010100111100000 L
b111110011000100110111010100111100000 ]
1$
#6640000
0$
#6645000
b100010100101110001101010100100 >
b100010100101110001101010100100 [
b0 H
b0 X
b110111010111010100 Z
b111101110101110101000001101011011000 B
b111101110101110101000001101011011000 g
b101 Q
b111101110101110101000001101011011000 N
b111101110101110101000001101011011000 _
1$
#6650000
0$
#6655000
b10000 !
b10000 E
b111111010111010100 Z
b111111110101110101000001101011011000 B
b111111110101110101000001101011011000 g
b111111100101011001111010100111100000 D
b111111100101011001111010100111100000 e
b10000 F
b10000 U
b1 Q
b111111110101110101000001101011011000 N
b111111110101110101000001101011011000 _
b111111100101011001111010100111100000 L
b111111100101011001111010100111100000 ]
1$
#6660000
0$
#6665000
b10110000110110111101110001 >
b10110000110110111101110001 [
b10 Q
b111110010101100111 K
b111110010101100111 Y
1$
#6670000
0$
#6675000
b11001110111011110010000 >
b11001110111011110010000 [
b1 H
b1 X
b10110000110110111101110001 D
b10110000110110111101110001 e
b11 Q
b10110000110110111101110001 I
b10110000110110111101110001 W
b10110000110110111101110001 L
b10110000110110111101110001 ]
1$
#6680000
0$
#6685000
b10000111010001100010011000 >
b10000111010001100010011000 [
b10 H
b10 X
b10010110111111011111100001 D
b10010110111111011111100001 e
b100 Q
b11001010101110011100000001 I
b11001010101110011100000001 W
b10010110111111011111100001 L
b10010110111111011111100001 ]
1$
#6690000
0$
#6695000
b10110000110110111101110001 >
b10110000110110111101110001 [
b0 H
b0 X
b1000011101 Z
b10000111010001100010011000 B
b10000111010001100010011000 g
b101 Q
b10000111010001100010011000 N
b10000111010001100010011000 _
1$
#6700000
0$
#6705000
b10001 !
b10001 E
b1000001000011101 Z
b10000010000111010001100010011000 B
b10000010000111010001100010011000 g
b1001111001001111111011111100001 D
b1001111001001111111011111100001 e
b10001 F
b10001 U
b1 Q
b10000010000111010001100010011000 N
b10000010000111010001100010011000 _
b1001111001001111111011111100001 L
b1001111001001111111011111100001 ]
1$
#6710000
0$
#6715000
b11000011110010001011111110001 >
b11000011110010001011111110001 [
b10 Q
b100111100100111 K
b100111100100111 Y
1$
#6720000
0$
#6725000
b1000010001000010111011101001001 >
b1000010001000010111011101001001 [
b1 H
b1 X
b11000011110010001011111110001 D
b11000011110010001011111110001 e
b11 Q
b11000011110010001011111110001 I
b11000011110010001011111110001 W
b11000011110010001011111110001 L
b11000011110010001011111110001 ]
1$
#6730000
0$
#6735000
b1010000011101011000101011010110 >
b1010000011101011000101011010110 [
b10 H
b10 X
b111111010110010101111010000010101000 D
b111111010110010101111010000010101000 e
b100 Q
b1011010100110101000111100111010 I
b1011010100110101000111100111010 W
b111111010110010101111010000010101000 L
b111111010110010101111010000010101000 ]
1$
#6740000
0$
#6745000
b11000011110010001011111110001 >
b11000011110010001011111110001 [
b0 H
b0 X
b101000001110101 Z
b1010000011101011000101011010110 B
b1010000011101011000101011010110 g
b101 Q
b1010000011101011000101011010110 N
b1010000011101011000101011010110 _
1$
#6750000
0$
#6755000
b10010 !
b10010 E
b1101000001110101 Z
b11010000011101011000101011010110 B
b11010000011101011000101011010110 g
b100011001000111010000010101000 D
b100011001000111010000010101000 e
b10010 F
b10010 U
b1 Q
b11010000011101011000101011010110 N
b11010000011101011000101011010110 _
b100011001000111010000010101000 L
b100011001000111010000010101000 ]
1$
#6760000
0$
#6765000
b100110100101001011011001001 >
b100110100101001011011001001 [
b10 Q
b10001100100011 K
b10001100100011 Y
1$
#6770000
0$
#6775000
b10101001101111100101010101111001 >
b10101001101111100101010101111001 [
b1 H
b1 X
b100110100101001011011001001 D
b100110100101001011011001001 e
b11 Q
b100110100101001011011001001 I
b100110100101001011011001001 W
b100110100101001011011001001 L
b100110100101001011011001001 ]
1$
#6780000
0$
#6785000
b111001001110001111110111111110 >
b111001001110001111110111111110 [
b10 H
b10 X
b111101011011000101000100000101010000 D
b111101011011000101000100000101010000 e
b100 Q
b10101110100100001110110001000010 I
b10101110100100001110110001000010 W
b111101011011000101000100000101010000 L
b111101011011000101000100000101010000 ]
1$
#6790000
0$
#6795000
b100110100101001011011001001 >
b100110100101001011011001001 [
b0 H
b0 X
b11100100111000 Z
b111001001110001111110111111110 B
b111001001110001111110111111110 g
b101 Q
b111001001110001111110111111110 N
b111001001110001111110111111110 _
1$
#6800000
0$
#6805000
b10011 !
b10011 E
b1011100100111000 Z
b10111001001110001111110111111110 B
b10111001001110001111110111111110 g
b111110100111111000000100000101010000 D
b111110100111111000000100000101010000 e
b10011 F
b10011 U
b1 Q
b10111001001110001111110111111110 N
b10111001001110001111110111111110 _
b111110100111111000000100000101010000 L
b111110100111111000000100000101010000 ]
1$
#6810000
0$
#6815000
b11110010101100000010000000000 >
b11110010101100000010000000000 [
b10 Q
b111010011111100000 K
b111010011111100000 Y
1$
#6820000
0$
#6825000
b10000110000000011111110001000000 >
b10000110000000011111110001000000 [
b1 H
b1 X
b11110010101100000010000000000 D
b11110010101100000010000000000 e
b11 Q
b11110010101100000010000000000 I
b11110010101100000010000000000 W
b11110010101100000010000000000 L
b11110010101100000010000000000 ]
1$
#6830000
0$
#6835000
b111110000000011110110011001000000000 >
b111110000000011110110011001000000000 [
b10 H
b10 X
b111110011000010101000000011111000000 D
b111110011000010101000000011111000000 e
b100 Q
b10100100010110000000000001000000 I
b10100100010110000000000001000000 W
b111110011000010101000000011111000000 L
b111110011000010101000000011111000000 ]
1$
#6840000
0$
#6845000
b11110010101100000010000000000 >
b11110010101100000010000000000 [
b0 H
b0 X
b111000000001111011 Z
b111110000000011110110011001000000000 B
b111110000000011110110011001000000000 g
b101 Q
b111110000000011110110011001000000000 N
b111110000000011110110011001000000000 _
1$
#6850000
0$
#6855000
b10100 !
b10100 E
b1111011 Z
b11110110011001000000000 B
b11110110011001000000000 g
b111111100101001000000000011111000000 D
b111111100101001000000000011111000000 e
b10100 F
b10100 U
b1 Q
b11110110011001000000000 N
b11110110011001000000000 _
b111111100101001000000000011111000000 L
b111111100101001000000000011111000000 ]
1$
#6860000
0$
#6865000
b10110100100100010000000000 >
b10110100100100010000000000 [
b10 Q
b111110010100100000 K
b111110010100100000 Y
1$
#6870000
0$
#6875000
b11101100011001 >
b11101100011001 [
b1 H
b1 X
b10110100100100010000000000 D
b10110100100100010000000000 e
b11 Q
b10110100100100010000000000 I
b10110100100100010000000000 W
b10110100100100010000000000 L
b10110100100100010000000000 ]
1$
#6880000
0$
#6885000
b111111111111111001100010110011000000 >
b111111111111111001100010110011000000 [
b10 H
b10 X
b10110100100000100011100111 D
b10110100100000100011100111 e
b100 Q
b10110100100111111100011001 I
b10110100100111111100011001 W
b10110100100000100011100111 L
b10110100100000100011100111 ]
1$
#6890000
0$
#6895000
b10110100100100010000000000 >
b10110100100100010000000000 [
b0 H
b0 X
b111111111111100110 Z
b111111111111111001100010110011000000 B
b111111111111111001100010110011000000 g
b101 Q
b111111111111111001100010110011000000 N
b111111111111111001100010110011000000 _
1$
#6900000
0$
#6905000
b10101 !
b10101 E
b111111111100110 Z
b1111111111001100010110011000000 B
b1111111111001100010110011000000 g
b1001111100111100000100011100111 D
b1001111100111100000100011100111 e
b10101 F
b10101 U
b1 Q
b1111111111001100010110011000000 N
b1111111111001100010110011000000 _
b1001111100111100000100011100111 L
b1001111100111100000100011100111 ]
1$
#6910000
0$
#6915000
b11000110000101110010110000100 >
b11000110000101110010110000100 [
b10 Q
b100111110011110 K
b100111110011110 Y
1$
#6920000
0$
#6925000
b111111111001100000001010100100 >
b111111111001100000001010100100 [
b1 H
b1 X
b11000110000101110010110000100 D
b11000110000101110010110000100 e
b11 Q
b11000110000101110010110000100 I
b11000110000101110010110000100 W
b11000110000101110010110000100 L
b11000110000101110010110000100 ]
1$
#6930000
0$
#6935000
b1001111100011011101001111101000 >
b1001111100011011101001111101000 [
b10 H
b10 X
b111111011000110111001110001011100000 D
b111111011000110111001110001011100000 e
b100 Q
b1011000101010001110100000101000 I
b1011000101010001110100000101000 W
b111111011000110111001110001011100000 L
b111111011000110111001110001011100000 ]
1$
#6940000
0$
#6945000
b11000110000101110010110000100 >
b11000110000101110010110000100 [
b0 H
b0 X
b100111110001101 Z
b1001111100011011101001111101000 B
b1001111100011011101001111101000 g
b101 Q
b1001111100011011101001111101000 N
b1001111100011011101001111101000 _
1$
#6950000
0$
#6955000
b10110 !
b10110 E
b1100111110001101 Z
b11001111100011011101001111101000 B
b11001111100011011101001111101000 g
b100101101010001110001011100000 D
b100101101010001110001011100000 e
b10110 F
b10110 U
b1 Q
b11001111100011011101001111101000 N
b11001111100011011101001111101000 _
b100101101010001110001011100000 L
b100101101010001110001011100000 ]
1$
#6960000
0$
#6965000
b101100010011111111001000000 >
b101100010011111111001000000 [
b10 Q
b10010110101000 K
b10010110101000 Y
1$
#6970000
0$
#6975000
b10101000010001010101001110101001 >
b10101000010001010101001110101001 [
b1 H
b1 X
b101100010011111111001000000 D
b101100010011111111001000000 e
b11 Q
b101100010011111111001000000 I
b101100010011111111001000000 W
b101100010011111111001000000 L
b101100010011111111001000000 ]
1$
#6980000
0$
#6985000
b111101000011110010101100010000 >
b111101000011110010101100010000 [
b10 H
b10 X
b111101011101010001001010101010010111 D
b111101011101010001001010101010010111 e
b100 Q
b10101101110011110101000111101001 I
b10101101110011110101000111101001 W
b111101011101010001001010101010010111 L
b111101011101010001001010101010010111 ]
1$
#6990000
0$
#6995000
b101100010011111111001000000 >
b101100010011111111001000000 [
b0 H
b0 X
b11110100001111 Z
b111101000011110010101100010000 B
b111101000011110010101100010000 g
b101 Q
b111101000011110010101100010000 N
b111101000011110010101100010000 _
1$
#7000000
0$
#7005000
b10111 !
b10111 E
b1011110100001111 Z
b10111101000011110010101100010000 B
b10111101000011110010101100010000 g
b111110101010000100001010101010010111 D
b111110101010000100001010101010010111 e
b10111 F
b10111 U
b1 Q
b10111101000011110010101100010000 N
b10111101000011110010101100010000 _
b111110101010000100001010101010010111 L
b111110101010000100001010101010010111 ]
1$
#7010000
0$
#7015000
b11100110110010100000100000000 >
b11100110110010100000100000000 [
b10 Q
b111010101000010000 K
b111010101000010000 Y
1$
#7020000
0$
#7025000
b10001011100111110010011011100001 >
b10001011100111110010011011100001 [
b1 H
b1 X
b11100110110010100000100000000 D
b11100110110010100000100000000 e
b11 Q
b11100110110010100000100000000 I
b11100110110010100000100000000 W
b11100110110010100000100000000 L
b11100110110010100000100000000 ]
1$
#7030000
0$
#7035000
b111110000001000100011000110111100000 >
b111110000001000100011000110111100000 [
b10 H
b10 X
b111110010001001110100001101000011111 D
b111110010001001110100001101000011111 e
b100 Q
b10101000011110000110011111100001 I
b10101000011110000110011111100001 W
b111110010001001110100001101000011111 L
b111110010001001110100001101000011111 ]
1$
#7040000
0$
#7045000
b11100110110010100000100000000 >
b11100110110010100000100000000 [
b0 H
b0 X
b111000000100010001 Z
b111110000001000100011000110111100000 B
b111110000001000100011000110111100000 g
b101 Q
b111110000001000100011000110111100000 N
b111110000001000100011000110111100000 _
1$
#7050000
0$
#7055000
b11000 !
b11000 E
b100010001 Z
b1000100011000110111100000 B
b1000100011000110111100000 g
b111111011110000001100001101000011111 D
b111111011110000001100001101000011111 e
b11000 F
b11000 U
b1 Q
b1000100011000110111100000 N
b1000100011000110111100000 _
b111111011110000001100001101000011111 L
b111111011110000001100001101000011111 ]
1$
#7060000
0$
#7065000
b100100000100110100000100100 >
b100100000100110100000100100 [
b10 Q
b111101111000000110 K
b111101111000000110 Y
1$
#7070000
0$
#7075000
b10010001100100001 >
b10010001100100001 [
b1 H
b1 X
b100100000100110100000100100 D
b100100000100110100000100100 e
b11 Q
b100100000100110100000100100 I
b100100000100110100000100100 W
b100100000100110100000100100 L
b100100000100110100000100100 ]
1$
#7080000
0$
#7085000
b111111111111101101111000100011001100 >
b111111111111101101111000100011001100 [
b10 H
b10 X
b100100000010100010100000011 D
b100100000010100010100000011 e
b100 Q
b100100000111000101101000101 I
b100100000111000101101000101 W
b100100000010100010100000011 L
b100100000010100010100000011 ]
1$
#7090000
0$
#7095000
b100100000100110100000100100 >
b100100000100110100000100100 [
b0 H
b0 X
b111111111110110111 Z
b111111111111101101111000100011001100 B
b111111111111101101111000100011001100 g
b101 Q
b111111111111101101111000100011001100 N
b111111111111101101111000100011001100 _
1$
#7100000
0$
#7105000
b11001 !
b11001 E
b111111110110111 Z
b1111111101101111000100011001100 B
b1111111101101111000100011001100 g
b1010001010011010100010100000011 D
b1010001010011010100010100000011 e
b11001 F
b11001 U
b1 Q
b1111111101101111000100011001100 N
b1111111101101111000100011001100 _
b1010001010011010100010100000011 L
b1010001010011010100010100000011 ]
1$
#7110000
0$
#7115000
b11001110100011101000100101001 >
b11001110100011101000100101001 [
b10 Q
b101000101001101 K
b101000101001101 Y
1$
#7120000
0$
#7125000
b111111101101110001010011010001 >
b111111101101110001010011010001 [
b1 H
b1 X
b11001110100011101000100101001 D
b11001110100011101000100101001 e
b11 Q
b11001110100011101000100101001 I
b11001110100011101000100101001 W
b11001110100011101000100101001 L
b11001110100011101000100101001 ]
1$
#7130000
0$
#7135000
b1010001000111101010001000010110 >
b1010001000111101010001000010110 [
b10 H
b10 X
b111111011010000110101011110001011000 D
b111111011010000110101011110001011000 e
b100 Q
b1011001100010001110010111111010 I
b1011001100010001110010111111010 W
b111111011010000110101011110001011000 L
b111111011010000110101011110001011000 ]
1$
#7140000
0$
#7145000
b11001110100011101000100101001 >
b11001110100011101000100101001 [
b0 H
b0 X
b101000100011110 Z
b1010001000111101010001000010110 B
b1010001000111101010001000010110 g
b101 Q
b1010001000111101010001000010110 N
b1010001000111101010001000010110 _
1$
#7150000
0$
#7155000
b11010 !
b11010 E
b1101000100011110 Z
b11010001000111101010001000010110 B
b11010001000111101010001000010110 g
b100110111001101011110001011000 D
b100110111001101011110001011000 e
b11010 F
b11010 U
b1 Q
b11010001000111101010001000010110 N
b11010001000111101010001000010110 _
b100110111001101011110001011000 L
b100110111001101011110001011000 ]
1$
#7160000
0$
#7165000
b101111010010001011010100100 >
b101111010010001011010100100 [
b10 Q
b10011011100110 K
b10011011100110 Y
1$
#7170000
0$
#7175000
b10101010110100011111111110000100 >
b10101010110100011111111110000100 [
b1 H
b1 X
b101111010010001011010100100 D
b101111010010001011010100100 e
b11 Q
b101111010010001011010100100 I
b101111010010001011010100100 W
b101111010010001011010100100 L
b101111010010001011010100100 ]
1$
#7180000
0$
#7185000
b111111100011001010100111101000 >
b111111100011001010100111101000 [
b10 H
b10 X
b111101011011000101110001011100100000 D
b111101011011000101110001011100100000 e
b100 Q
b10110000101110110001011000101000 I
b10110000101110110001011000101000 W
b111101011011000101110001011100100000 L
b111101011011000101110001011100100000 ]
1$
#7190000
0$
#7195000
b101111010010001011010100100 >
b101111010010001011010100100 [
b0 H
b0 X
b11111110001100 Z
b111111100011001010100111101000 B
b111111100011001010100111101000 g
b101 Q
b111111100011001010100111101000 N
b111111100011001010100111101000 _
1$
#7200000
0$
#7205000
b11011 !
b11011 E
b1011111110001100 Z
b10111111100011001010100111101000 B
b10111111100011001010100111101000 g
b111110100111111000110001011100100000 D
b111110100111111000110001011100100000 e
b11011 F
b11011 U
b1 Q
b10111111100011001010100111101000 N
b10111111100011001010100111101000 _
b111110100111111000110001011100100000 L
b111110100111111000110001011100100000 ]
1$
#7210000
0$
#7215000
b11110010100111111001101001001 >
b11110010100111111001101001001 [
b10 Q
b111010011111100011 K
b111010011111100011 Y
1$
#7220000
0$
#7225000
b10001111010100100011010010010000 >
b10001111010100100011010010010000 [
b1 H
b1 X
b11110010100111111001101001001 D
b11110010100111111001101001001 e
b11 Q
b11110010100111111001101001001 I
b11110010100111111001101001001 W
b11110010100111111001101001001 L
b11110010100111111001101001001 ]
1$
#7230000
0$
#7235000
b111101111100001001000101101001001000 >
b111101111100001001000101101001001000 [
b10 H
b10 X
b111110001111000000011011111010111001 D
b111110001111000000011011111010111001 e
b100 Q
b10101101101001100010011111011001 I
b10101101101001100010011111011001 W
b111110001111000000011011111010111001 L
b111110001111000000011011111010111001 ]
1$
#7240000
0$
#7245000
b11110010100111111001101001001 >
b11110010100111111001101001001 [
b0 H
b0 X
b110111110000100100 Z
b111101111100001001000101101001001000 B
b111101111100001001000101101001001000 g
b101 Q
b111101111100001001000101101001001000 N
b111101111100001001000101101001001000 _
1$
#7250000
0$
#7255000
b11100 !
b11100 E
b111111110000100100 Z
b111111111100001001000101101001001000 B
b111111111100001001000101101001001000 g
b111111011011110011011011111010111001 D
b111111011011110011011011111010111001 e
b11100 F
b11100 U
b1 Q
b111111111100001001000101101001001000 N
b111111111100001001000101101001001000 _
b111111011011110011011011111010111001 L
b111111011011110011011011111010111001 ]
1$
#7260000
0$
#7265000
b101000111100110001000101001 >
b101000111100110001000101001 [
b10 Q
b111101101111001101 K
b111101101111001101 Y
1$
#7270000
0$
#7275000
b11101110010100010000 >
b11101110010100010000 [
b1 H
b1 X
b101000111100110001000101001 D
b101000111100110001000101001 e
b11 Q
b101000111100110001000101001 I
b101000111100110001000101001 W
b101000111100110001000101001 L
b101000111100110001000101001 ]
1$
#7280000
0$
#7285000
b1000101110110100110101000 >
b1000101110110100110101000 [
b10 H
b10 X
b101000011110111110100011001 D
b101000011110111110100011001 e
b100 Q
b101001011010100011100111001 I
b101001011010100011100111001 W
b101000011110111110100011001 L
b101000011110111110100011001 ]
1$
#7290000
0$
#7295000
b101000111100110001000101001 >
b101000111100110001000101001 [
b0 H
b0 X
b100010111 Z
b1000101110110100110101000 B
b1000101110110100110101000 g
b101 Q
b1000101110110100110101000 N
b1000101110110100110101000 _
1$
#7300000
0$
#7305000
b11101 !
b11101 E
b1000000100010111 Z
b10000001000101110110100110101000 B
b10000001000101110110100110101000 g
b1010001110110110111110100011001 D
b1010001110110110111110100011001 e
b11101 F
b11101 U
b1 Q
b10000001000101110110100110101000 N
b10000001000101110110100110101000 _
b1010001110110110111110100011001 L
b1010001110110110111110100011001 ]
1$
#7310000
0$
#7315000
b11010001011000101000101011001 >
b11010001011000101000101011001 [
b10 Q
b101000111011011 K
b101000111011011 Y
1$
#7320000
0$
#7325000
b1000001000110000011000000010001 >
b1000001000110000011000000010001 [
b1 H
b1 X
b11010001011000101000101011001 D
b11010001011000101000101011001 e
b11 Q
b11010001011000101000101011001 I
b11010001011000101000101011001 W
b11010001011000101000101011001 L
b11010001011000101000101011001 ]
1$
#7330000
0$
#7335000
b1010010100011010110101101011010 >
b1010010100011010110101101011010 [
b10 H
b10 X
b111111011001000101000010000101001000 D
b111111011001000101000010000101001000 e
b100 Q
b1011011010001001000000101101010 I
b1011011010001001000000101101010 W
b111111011001000101000010000101001000 L
b111111011001000101000010000101001000 ]
1$
#7340000
0$
#7345000
b11010001011000101000101011001 >
b11010001011000101000101011001 [
b0 H
b0 X
b101001010001101 Z
b1010010100011010110101101011010 B
b1010010100011010110101101011010 g
b101 Q
b1010010100011010110101101011010 N
b1010010100011010110101101011010 _
1$
#7350000
0$
#7355000
b11110 !
b11110 E
b1101001010001101 Z
b11010010100011010110101101011010 B
b11010010100011010110101101011010 g
b100101111000000010000101001000 D
b100101111000000010000101001000 e
b11110 F
b11110 U
b1 Q
b11010010100011010110101101011010 N
b11010010100011010110101101011010 _
b100101111000000010000101001000 L
b100101111000000010000101001000 ]
1$
#7360000
0$
#7365000
b101100110101000010000000000 >
b101100110101000010000000000 [
b10 Q
b10010111100000 K
b10010111100000 Y
1$
#7370000
0$
#7375000
b10101101001010111010000110101001 >
b10101101001010111010000110101001 [
b1 H
b1 X
b101100110101000010000000000 D
b101100110101000010000000000 e
b11 Q
b101100110101000010000000000 I
b101100110101000010000000000 W
b101100110101000010000000000 L
b101100110101000010000000000 ]
1$
#7380000
0$
#7385000
b111110010011010011100011000000 >
b111110010011010011100011000000 [
b10 H
b10 X
b111101011000011011101110001001010111 D
b111101011000011011101110001001010111 e
b100 Q
b10110010110001100010010110101001 I
b10110010110001100010010110101001 W
b111101011000011011101110001001010111 L
b111101011000011011101110001001010111 ]
1$
#7390000
0$
#7395000
b101100110101000010000000000 >
b101100110101000010000000000 [
b0 H
b0 X
b11111001001101 Z
b111110010011010011100011000000 B
b111110010011010011100011000000 g
b101 Q
b111110010011010011100011000000 N
b111110010011010011100011000000 _
1$
#7400000
0$
#7405000
b11111 !
b11111 E
b1011111001001101 Z
b10111110010011010011100011000000 B
b10111110010011010011100011000000 g
b111110100101001110101110001001010111 D
b111110100101001110101110001001010111 e
b11111 F
b11111 U
b1 Q
b10111110010011010011100011000000 N
b10111110010011010011100011000000 _
b111110100101001110101110001001010111 L
b111110100101001110101110001001010111 ]
1$
#7410000
0$
#7415000
b100000001011111101000100100100 >
b100000001011111101000100100100 [
b10 Q
b111010010100111010 K
b111010010100111010 Y
1$
#7420000
0$
#7425000
b10001101011101100110001100101001 >
b10001101011101100110001100101001 [
b1 H
b1 X
b100000001011111101000100100100 D
b100000001011111101000100100100 e
b11 Q
b100000001011111101000100100100 I
b100000001011111101000100100100 W
b100000001011111101000100100100 L
b100000001011111101000100100100 ]
1$
#7430000
0$
#7435000
b111101111001000010110111110011100100 >
b111101111001000010110111110011100100 [
b10 H
b10 X
b111110010010101110010110110111111011 D
b111110010010101110010110110111111011 e
b100 Q
b10101101101001100011010001001101 I
b10101101101001100011010001001101 W
b111110010010101110010110110111111011 L
b111110010010101110010110110111111011 ]
1$
#7440000
0$
#7445000
b100000001011111101000100100100 >
b100000001011111101000100100100 [
b0 H
b0 X
b110111100100001011 Z
b111101111001000010110111110011100100 B
b111101111001000010110111110011100100 g
b101 Q
b111101111001000010110111110011100100 N
b111101111001000010110111110011100100 _
1$
#7450000
0$
#7455000
b100000 !
b100000 E
b111111100100001011 Z
b111111111001000010110111110011100100 B
b111111111001000010110111110011100100 g
b111111011111100001010110110111111011 D
b111111011111100001010110110111111011 e
b100000 F
b100000 U
b1 Q
b111111111001000010110111110011100100 N
b111111111001000010110111110011100100 _
b111111011111100001010110110111111011 L
b111111011111100001010110110111111011 ]
1$
#7460000
0$
#7465000
b100000111101111101100011001 >
b100000111101111101100011001 [
b10 Q
b111101111110000101 K
b111101111110000101 Y
1$
#7470000
0$
#7475000
b1100000110011001111001 >
b1100000110011001111001 [
b1 H
b1 X
b100000111101111101100011001 D
b100000111101111101100011001 e
b11 Q
b100000111101111101100011001 I
b100000111101111101100011001 W
b100000111101111101100011001 L
b100000111101111101100011001 ]
1$
#7480000
0$
#7485000
b1110000111110111101101110 >
b1110000111110111101101110 [
b10 H
b10 X
b11111011101001010010100000 D
b11111011101001010010100000 e
b100 Q
b100010011110110000110010010 I
b100010011110110000110010010 W
b11111011101001010010100000 L
b11111011101001010010100000 ]
1$
#7490000
0$
#7495000
b100000111101111101100011001 >
b100000111101111101100011001 [
b0 H
b0 X
b111000011 Z
b1110000111110111101101110 B
b1110000111110111101101110 g
b101 Q
b1110000111110111101101110 N
b1110000111110111101101110 _
1$
#7500000
0$
#7505000
b100001 !
b100001 E
b1000000111000011 Z
b10000001110000111110111101101110 B
b10000001110000111110111101101110 g
b1010000101110101001010010100000 D
b1010000101110101001010010100000 e
b100001 F
b100001 U
b1 Q
b10000001110000111110111101101110 N
b10000001110000111110111101101110 _
b1010000101110101001010010100000 L
b1010000101110101001010010100000 ]
1$
#7510000
0$
#7515000
b11001011101001100011100100100 >
b11001011101001100011100100100 [
b10 Q
b101000010111010 K
b101000010111010 Y
1$
#7520000
0$
#7525000
b1000001110001100001101010001001 >
b1000001110001100001101010001001 [
b1 H
b1 X
b11001011101001100011100100100 D
b11001011101001100011100100100 e
b11 Q
b11001011101001100011100100100 I
b11001011101001100011100100100 W
b11001011101001100011100100100 L
b11001011101001100011100100100 ]
1$
#7530000
0$
#7535000
b1010001110101100110111101011100 >
b1010001110101100110111101011100 [
b10 H
b10 X
b111111010111101011101010110010011011 D
b111111010111101011101010110010011011 e
b100 Q
b1011011001110101110000110101101 I
b1011011001110101110000110101101 W
b111111010111101011101010110010011011 L
b111111010111101011101010110010011011 ]
1$
#7540000
0$
#7545000
b11001011101001100011100100100 >
b11001011101001100011100100100 [
b0 H
b0 X
b101000111010110 Z
b1010001110101100110111101011100 B
b1010001110101100110111101011100 g
b101 Q
b1010001110101100110111101011100 N
b1010001110101100110111101011100 _
1$
#7550000
0$
#7555000
b100010 !
b100010 E
b1101000111010110 Z
b11010001110101100110111101011100 B
b11010001110101100110111101011100 g
b100100011110101010110010011011 D
b100100011110101010110010011011 e
b100010 F
b100010 U
b1 Q
b11010001110101100110111101011100 N
b11010001110101100110111101011100 _
b100100011110101010110010011011 L
b100100011110101010110010011011 ]
1$
#7560000
0$
#7565000
b101001100101000101000100100 >
b101001100101000101000100100 [
b10 Q
b10010001111010 K
b10010001111010 Y
1$
#7570000
0$
#7575000
b10101011111111110001111011100100 >
b10101011111111110001111011100100 [
b1 H
b1 X
b101001100101000101000100100 D
b101001100101000101000100100 e
b11 Q
b101001100101000101000100100 I
b101001100101000101000100100 W
b101001100101000101000100100 L
b101001100101000101000100100 ]
1$
#7580000
0$
#7585000
b111011110011000010111111111000 >
b111011110011000010111111111000 [
b10 H
b10 X
b111101011001001100110110101101000000 D
b111101011001001100110110101101000000 e
b100 Q
b10110001001100011010100100001000 I
b10110001001100011010100100001000 W
b111101011001001100110110101101000000 L
b111101011001001100110110101101000000 ]
1$
#7590000
0$
#7595000
b101001100101000101000100100 >
b101001100101000101000100100 [
b0 H
b0 X
b11101111001100 Z
b111011110011000010111111111000 B
b111011110011000010111111111000 g
b101 Q
b111011110011000010111111111000 N
b111011110011000010111111111000 _
1$
#7600000
0$
#7605000
b100011 !
b100011 E
b1011101111001100 Z
b10111011110011000010111111111000 B
b10111011110011000010111111111000 g
b111110100101111111110110101101000000 D
b111110100101111111110110101101000000 e
b100011 F
b100011 U
b1 Q
b10111011110011000010111111111000 N
b10111011110011000010111111111000 _
b111110100101111111110110101101000000 L
b111110100101111111110110101101000000 ]
1$
#7610000
0$
#7615000
b11111101001001011010000000001 >
b11111101001001011010000000001 [
b10 Q
b111010010111111111 K
b111010010111111111 Y
1$
#7620000
0$
#7625000
b10001001110000111010101010010000 >
b10001001110000111010101010010000 [
b1 H
b1 X
b11111101001001011010000000001 D
b11111101001001011010000000001 e
b11 Q
b11111101001001011010000000001 I
b11111101001001011010000000001 W
b11111101001001011010000000001 L
b11111101001001011010000000001 ]
1$
#7630000
0$
#7635000
b111101111011111100110001100001101000 >
b111101111011111100110001100001101000 [
b10 H
b10 X
b111110010101111000010000100101110001 D
b111110010101111000010000100101110001 e
b100 Q
b10101001011010000101111010010001 I
b10101001011010000101111010010001 W
b111110010101111000010000100101110001 L
b111110010101111000010000100101110001 ]
1$
#7640000
0$
#7645000
b11111101001001011010000000001 >
b11111101001001011010000000001 [
b0 H
b0 X
b110111101111110011 Z
b111101111011111100110001100001101000 B
b111101111011111100110001100001101000 g
b101 Q
b111101111011111100110001100001101000 N
b111101111011111100110001100001101000 _
1$
#7650000
0$
#7655000
b100100 !
b100100 E
b111111101111110011 Z
b111111111011111100110001100001101000 B
b111111111011111100110001100001101000 g
b111111100010101011010000100101110001 D
b111111100010101011010000100101110001 e
b100100 F
b100100 U
b1 Q
b111111111011111100110001100001101000 N
b111111111011111100110001100001101000 _
b111111100010101011010000100101110001 L
b111111100010101011010000100101110001 ]
1$
#7660000
0$
#7665000
b11010110111110100011101001 >
b11010110111110100011101001 [
b10 Q
b111110001010101101 K
b111110001010101101 Y
1$
#7670000
0$
#7675000
b100000110100010101001 >
b100000110100010101001 [
b1 H
b1 X
b11010110111110100011101001 D
b11010110111110100011101001 e
b11 Q
b11010110111110100011101001 I
b11010110111110100011101001 W
b11010110111110100011101001 L
b11010110111110100011101001 ]
1$
#7680000
0$
#7685000
b111011011001001001101110 >
b111011011001001001101110 [
b10 H
b10 X
b11010010111000000001000000 D
b11010010111000000001000000 e
b100 Q
b11011011000101000110010010 I
b11011011000101000110010010 W
b11010010111000000001000000 L
b11010010111000000001000000 ]
1$
#7690000
0$
#7695000
b11010110111110100011101001 >
b11010110111110100011101001 [
b0 H
b0 X
b11101101 Z
b111011011001001001101110 B
b111011011001001001101110 g
b101 Q
b111011011001001001101110 N
b111011011001001001101110 _
1$
#7700000
0$
#7705000
b100101 !
b100101 E
b1000000011101101 Z
b10000000111011011001001001101110 B
b10000000111011011001001001101110 g
b1010000000101111000000001000000 D
b1010000000101111000000001000000 e
b100101 F
b100101 U
b1 Q
b10000000111011011001001001101110 N
b10000000111011011001001001101110 _
b1010000000101111000000001000000 L
b1010000000101111000000001000000 ]
1$
#7710000
0$
#7715000
b11001000011100110001000010001 >
b11001000011100110001000010001 [
b10 Q
b101000000010111 K
b101000000010111 Y
1$
#7720000
0$
#7725000
b1000000111011011101101101101001 >
b1000000111011011101101101101001 [
b1 H
b1 X
b11001000011100110001000010001 D
b11001000011100110001000010001 e
b11 Q
b11001000011100110001000010001 I
b11001000011100110001000010001 W
b11001000011100110001000010001 L
b11001000011100110001000010001 ]
1$
#7730000
0$
#7735000
b1010000101010110100101010010110 >
b1010000101010110100101010010110 [
b10 H
b10 X
b111111011000001000001000011010101000 D
b111111011000001000001000011010101000 e
b100 Q
b1011001111111000011110101111010 I
b1011001111111000011110101111010 W
b111111011000001000001000011010101000 L
b111111011000001000001000011010101000 ]
1$
#7740000
0$
#7745000
b11001000011100110001000010001 >
b11001000011100110001000010001 [
b0 H
b0 X
b101000010101011 Z
b1010000101010110100101010010110 B
b1010000101010110100101010010110 g
b101 Q
b1010000101010110100101010010110 N
b1010000101010110100101010010110 _
1$
#7750000
0$
#7755000
b100110 !
b100110 E
b1101000010101011 Z
b11010000101010110100101010010110 B
b11010000101010110100101010010110 g
b100100111011001000011010101000 D
b100100111011001000011010101000 e
b100110 F
b100110 U
b1 Q
b11010000101010110100101010010110 N
b11010000101010110100101010010110 _
b100100111011001000011010101000 L
b100100111011001000011010101000 ]
1$
#7760000
0$
#7765000
b101010100110011100110010000 >
b101010100110011100110010000 [
b10 Q
b10010011101100 K
b10010011101100 Y
1$
#7770000
0$
#7775000
b10101010000101100101001000111001 >
b10101010000101100101001000111001 [
b1 H
b1 X
b101010100110011100110010000 D
b101010100110011100110010000 e
b11 Q
b101010100110011100110010000 I
b101010100110011100110010000 W
b101010100110011100110010000 L
b101010100110011100110010000 ]
1$
#7780000
0$
#7785000
b111100001100001101001101001000 >
b111100001100001101001101001000 [
b10 H
b10 X
b111101011011001111001110011101010111 D
b111101011011001111001110011101010111 e
b100 Q
b10101111011010011000101111001001 I
b10101111011010011000101111001001 W
b111101011011001111001110011101010111 L
b111101011011001111001110011101010111 ]
1$
#7790000
0$
#7795000
b101010100110011100110010000 >
b101010100110011100110010000 [
b0 H
b0 X
b11110000110000 Z
b111100001100001101001101001000 B
b111100001100001101001101001000 g
b101 Q
b111100001100001101001101001000 N
b111100001100001101001101001000 _
1$
#7800000
0$
#7805000
b100111 !
b100111 E
b1011110000110000 Z
b10111100001100001101001101001000 B
b10111100001100001101001101001000 g
b111110101000000010001110011101010111 D
b111110101000000010001110011101010111 e
b100111 F
b100111 U
b1 Q
b10111100001100001101001101001000 N
b10111100001100001101001101001000 _
b111110101000000010001110011101010111 L
b111110101000000010001110011101010111 ]
1$
#7810000
0$
#7815000
b11110001110101000000001000000 >
b11110001110101000000001000000 [
b10 Q
b111010100000001000 K
b111010100000001000 Y
1$
#7820000
0$
#7825000
b10001010010101101000100100000000 >
b10001010010101101000100100000000 [
b1 H
b1 X
b11110001110101000000001000000 D
b11110001110101000000001000000 e
b11 Q
b11110001110101000000001000000 I
b11110001110101000000001000000 W
b11110001110101000000001000000 L
b11110001110101000000001000000 ]
1$
#7830000
0$
#7835000
b111101111110101010101100001100000000 >
b111101111110101010101100001100000000 [
b10 H
b10 X
b111110010011111000111111011101000000 D
b111110010011111000111111011101000000 e
b100 Q
b10101000100100010000100101000000 I
b10101000100100010000100101000000 W
b111110010011111000111111011101000000 L
b111110010011111000111111011101000000 ]
1$
#7840000
0$
#7845000
b11110001110101000000001000000 >
b11110001110101000000001000000 [
b0 H
b0 X
b110111111010101010 Z
b111101111110101010101100001100000000 B
b111101111110101010101100001100000000 g
b101 Q
b111101111110101010101100001100000000 N
b111101111110101010101100001100000000 _
1$
#7850000
0$
#7855000
b101000 !
b101000 E
b111111111010101010 Z
b111111111110101010101100001100000000 B
b111111111110101010101100001100000000 g
b111111100000101011111111011101000000 D
b111111100000101011111111011101000000 e
b101000 F
b101000 U
b1 Q
b111111111110101010101100001100000000 N
b111111111110101010101100001100000000 _
b111111100000101011111111011101000000 L
b111111100000101011111111011101000000 ]
1$
#7860000
0$
#7865000
b11110101001011011110100001 >
b11110101001011011110100001 [
b10 Q
b111110000010101111 K
b111110000010101111 Y
1$
#7870000
0$
#7875000
b11100100011100100 >
b11100100011100100 [
b1 H
b1 X
b11110101001011011110100001 D
b11110101001011011110100001 e
b11 Q
b11110101001011011110100001 I
b11110101001011011110100001 W
b11110101001011011110100001 L
b11110101001011011110100001 ]
1$
#7880000
0$
#7885000
b10100111010110001101100 >
b10100111010110001101100 [
b10 H
b10 X
b11110100101110111010111101 D
b11110100101110111010111101 e
b100 Q
b11110101101000000010000101 I
b11110101101000000010000101 W
b11110100101110111010111101 L
b11110100101110111010111101 ]
1$
#7890000
0$
#7895000
b11110101001011011110100001 >
b11110101001011011110100001 [
b0 H
b0 X
b1010011 Z
b10100111010110001101100 B
b10100111010110001101100 g
b101 Q
b10100111010110001101100 N
b10100111010110001101100 _
1$
#7900000
0$
#7905000
b101001 !
b101001 E
b1000000001010011 Z
b10000000010100111010110001101100 B
b10000000010100111010110001101100 g
b1010000100111101110111010111101 D
b1010000100111101110111010111101 e
b101001 F
b101001 U
b1 Q
b10000000010100111010110001101100 N
b10000000010100111010110001101100 _
b1010000100111101110111010111101 L
b1010000100111101110111010111101 ]
1$
#7910000
0$
#7915000
b11001011000110010000110000100 >
b11001011000110010000110000100 [
b10 Q
b101000010011110 K
b101000010011110 Y
1$
#7920000
0$
#7925000
b1000000010100110001101011101001 >
b1000000010100110001101011101001 [
b1 H
b1 X
b11001011000110010000110000100 D
b11001011000110010000110000100 e
b11 Q
b11001011000110010000110000100 I
b11001011000110010000110000100 W
b11001011000110010000110000100 L
b11001011000110010000110000100 ]
1$
#7930000
0$
#7935000
b1010000110100100100011001110100 >
b1010000110100100100011001110100 [
b10 H
b10 X
b111111011001000100000000011010011011 D
b111111011001000100000000011010011011 e
b100 Q
b1011001101101100011110001101101 I
b1011001101101100011110001101101 W
b111111011001000100000000011010011011 L
b111111011001000100000000011010011011 ]
1$
#7940000
0$
#7945000
b11001011000110010000110000100 >
b11001011000110010000110000100 [
b0 H
b0 X
b101000011010010 Z
b1010000110100100100011001110100 B
b1010000110100100100011001110100 g
b101 Q
b1010000110100100100011001110100 N
b1010000110100100100011001110100 _
1$
#7950000
0$
#7955000
b101010 !
b101010 E
b1101000011010010 Z
b11010000110100100100011001110100 B
b11010000110100100100011001110100 g
b100101110111000000011010011011 D
b100101110111000000011010011011 e
b101010 F
b101010 U
b1 Q
b11010000110100100100011001110100 N
b11010000110100100100011001110100 _
b100101110111000000011010011011 L
b100101110111000000011010011011 ]
1$
#7960000
0$
#7965000
b101100110010101010100010000 >
b101100110010101010100010000 [
b10 Q
b10010111011100 K
b10010111011100 Y
1$
#7970000
0$
#7975000
b10101010010101011110110001000100 >
b10101010010101011110110001000100 [
b1 H
b1 X
b101100110010101010100010000 D
b101100110010101010100010000 e
b11 Q
b101100110010101010100010000 I
b101100110010101010100010000 W
b101100110010101010100010000 L
b101100110010101010100010000 ]
1$
#7980000
0$
#7985000
b111101110000111001110011110000 >
b111101110000111001110011110000 [
b10 H
b10 X
b111101011011010000110110100011001100 D
b111101011011010000110110100011001100 e
b100 Q
b10101111111011110100000101010100 I
b10101111111011110100000101010100 W
b111101011011010000110110100011001100 L
b111101011011010000110110100011001100 ]
1$
#7990000
0$
#7995000
b101100110010101010100010000 >
b101100110010101010100010000 [
b0 H
b0 X
b11110111000011 Z
b111101110000111001110011110000 B
b111101110000111001110011110000 g
b101 Q
b111101110000111001110011110000 N
b111101110000111001110011110000 _
1$
#8000000
0$
#8005000
b101011 !
b101011 E
b1011110111000011 Z
b10111101110000111001110011110000 B
b10111101110000111001110011110000 g
b111110101000000011110110100011001100 D
b111110101000000011110110100011001100 e
b101011 F
b101011 U
b1 Q
b10111101110000111001110011110000 N
b10111101110000111001110011110000 _
b111110101000000011110110100011001100 L
b111110101000000011110110100011001100 ]
1$
#8010000
0$
#8015000
b11110001101011011000011100001 >
b11110001101011011000011100001 [
b10 Q
b111010100000001111 K
b111010100000001111 Y
1$
#8020000
0$
#8025000
b10001100101010011000001010001001 >
b10001100101010011000001010001001 [
b1 H
b1 X
b11110001101011011000011100001 D
b11110001101011011000011100001 e
b11 Q
b11110001101011011000011100001 I
b11110001101011011000011100001 W
b11110001101011011000011100001 L
b11110001101011011000011100001 ]
1$
#8030000
0$
#8035000
b111101111101101000000010110011011010 >
b111101111101101000000010110011011010 [
b10 H
b10 X
b111110010001100011000010111001011000 D
b111110010001100011000010111001011000 e
b100 Q
b10101010110111110011001101101010 I
b10101010110111110011001101101010 W
b111110010001100011000010111001011000 L
b111110010001100011000010111001011000 ]
1$
#8040000
0$
#8045000
b11110001101011011000011100001 >
b11110001101011011000011100001 [
b0 H
b0 X
b110111110110100000 Z
b111101111101101000000010110011011010 B
b111101111101101000000010110011011010 g
b101 Q
b111101111101101000000010110011011010 N
b111101111101101000000010110011011010 _
1$
#8050000
0$
#8055000
b101100 !
b101100 E
b111111110110100000 Z
b111111111101101000000010110011011010 B
b111111111101101000000010110011011010 g
b111111011110010110000010111001011000 D
b111111011110010110000010111001011000 e
b101100 F
b101100 U
b1 Q
b111111111101101000000010110011011010 N
b111111111101101000000010110011011010 _
b111111011110010110000010111001011000 L
b111111011110010110000010111001011000 ]
1$
#8060000
0$
#8065000
b100011011001011111001000000 >
b100011011001011111001000000 [
b10 Q
b111101111001011000 K
b111101111001011000 Y
1$
#8070000
0$
#8075000
b1011010010000000000 >
b1011010010000000000 [
b1 H
b1 X
b100011011001011111001000000 D
b100011011001011111001000000 e
b11 Q
b100011011001011111001000000 I
b100011011001011111001000000 W
b100011011001011111001000000 L
b100011011001011111001000000 ]
1$
#8080000
0$
#8085000
b100111111101111000000000 >
b100111111101111000000000 [
b10 H
b10 X
b100011001110001101001000000 D
b100011001110001101001000000 e
b100 Q
b100011100100110001001000000 I
b100011100100110001001000000 W
b100011001110001101001000000 L
b100011001110001101001000000 ]
1$
#8090000
0$
#8095000
b100011011001011111001000000 >
b100011011001011111001000000 [
b0 H
b0 X
b10011111 Z
b100111111101111000000000 B
b100111111101111000000000 g
b101 Q
b100111111101111000000000 N
b100111111101111000000000 _
1$
#8100000
0$
#8105000
b101101 !
b101101 E
b1000000010011111 Z
b10000000100111111101111000000000 B
b10000000100111111101111000000000 g
b1010001001100110001101001000000 D
b1010001001100110001101001000000 e
b101101 F
b101101 U
b1 Q
b10000000100111111101111000000000 N
b10000000100111111101111000000000 _
b1010001001100110001101001000000 L
b1010001001100110001101001000000 ]
1$
#8110000
0$
#8115000
b11001110000010101000000101001 >
b11001110000010101000000101001 [
b10 Q
b101000100110011 K
b101000100110011 Y
1$
#8120000
0$
#8125000
b1000000100111110110001011000001 >
b1000000100111110110001011000001 [
b1 H
b1 X
b11001110000010101000000101001 D
b11001110000010101000000101001 e
b11 Q
b11001110000010101000000101001 I
b11001110000010101000000101001 W
b11001110000010101000000101001 L
b11001110000010101000000101001 ]
1$
#8130000
0$
#8135000
b1010001100101111101110101011010 >
b1010001100101111101110101011010 [
b10 H
b10 X
b111111011001001000011110110101101000 D
b111111011001001000011110110101101000 e
b100 Q
b1011010011000001011001011101010 I
b1011010011000001011001011101010 W
b111111011001001000011110110101101000 L
b111111011001001000011110110101101000 ]
1$
#8140000
0$
#8145000
b11001110000010101000000101001 >
b11001110000010101000000101001 [
b0 H
b0 X
b101000110010111 Z
b1010001100101111101110101011010 B
b1010001100101111101110101011010 g
b101 Q
b1010001100101111101110101011010 N
b1010001100101111101110101011010 _
1$
#8150000
0$
#8155000
b101110 !
b101110 E
b1101000110010111 Z
b11010001100101111101110101011010 B
b11010001100101111101110101011010 g
b100101111011011110110101101000 D
b100101111011011110110101101000 e
b101110 F
b101110 U
b1 Q
b11010001100101111101110101011010 N
b11010001100101111101110101011010 _
b100101111011011110110101101000 L
b100101111011011110110101101000 ]
1$
#8160000
0$
#8165000
b101100111100101110101101001 >
b101100111100101110101101001 [
b10 Q
b10010111101101 K
b10010111101101 Y
1$
#8170000
0$
#8175000
b10101011100101111110011100010001 >
b10101011100101111110011100010001 [
b1 H
b1 X
b101100111100101110101101001 D
b101100111100101110101101001 e
b11 Q
b101100111100101110101101001 I
b101100111100101110101101001 W
b101100111100101110101101001 L
b101100111100101110101101001 ]
1$
#8180000
0$
#8185000
b111110000110011011011110010110 >
b111110000110011011011110010110 [
b10 H
b10 X
b111101011010000001100111011001011000 D
b111101011010000001100111011001011000 e
b100 Q
b10110001001101100100010001111010 I
b10110001001101100100010001111010 W
b111101011010000001100111011001011000 L
b111101011010000001100111011001011000 ]
1$
#8190000
0$
#8195000
b101100111100101110101101001 >
b101100111100101110101101001 [
b0 H
b0 X
b11111000011001 Z
b111110000110011011011110010110 B
b111110000110011011011110010110 g
b101 Q
b111110000110011011011110010110 N
b111110000110011011011110010110 _
1$
#8200000
0$
#8205000
b101111 !
b101111 E
b1011111000011001 Z
b10111110000110011011011110010110 B
b10111110000110011011011110010110 g
b111110100110110100100111011001011000 D
b111110100110110100100111011001011000 e
b101111 F
b101111 U
b1 Q
b10111110000110011011011110010110 N
b10111110000110011011011110010110 _
b111110100110110100100111011001011000 L
b111110100110110100100111011001011000 ]
1$
#8210000
0$
#8215000
b11111000100010000010001000100 >
b11111000100010000010001000100 [
b10 Q
b111010011011010010 K
b111010011011010010 Y
1$
#8220000
0$
#8225000
b10001101001010010001111001110001 >
b10001101001010010001111001110001 [
b1 H
b1 X
b11111000100010000010001000100 D
b11111000100010000010001000100 e
b11 Q
b11111000100010000010001000100 I
b11111000100010000010001000100 W
b11111000100010000010001000100 L
b11111000100010000010001000100 ]
1$
#8230000
0$
#8235000
b111101111011100011100100110100000100 >
b111101111011100011100100110100000100 [
b10 H
b10 X
b111110010001111001111110010111010011 D
b111110010001111001111110010111010011 e
b100 Q
b10101100001110100010001010110101 I
b10101100001110100010001010110101 W
b111110010001111001111110010111010011 L
b111110010001111001111110010111010011 ]
1$
#8240000
0$
#8245000
b11111000100010000010001000100 >
b11111000100010000010001000100 [
b0 H
b0 X
b110111101110001110 Z
b111101111011100011100100110100000100 B
b111101111011100011100100110100000100 g
b101 Q
b111101111011100011100100110100000100 N
b111101111011100011100100110100000100 _
1$
#8250000
0$
#8255000
b110000 !
b110000 E
b111111101110001110 Z
b111111111011100011100100110100000100 B
b111111111011100011100100110100000100 g
b111111011110101100111110010111010011 D
b111111011110101100111110010111010011 e
b110000 F
b110000 U
b1 Q
b111111111011100011100100110100000100 N
b111111111011100011100100110100000100 _
b111111011110101100111110010111010011 L
b111111011110101100111110010111010011 ]
1$
#8260000
0$
#8265000
b100010101001111000100101001 >
b100010101001111000100101001 [
b10 Q
b111101111010110011 K
b111101111010110011 Y
1$
#8270000
0$
#8275000
b100111100001011000100 >
b100111100001011000100 [
b1 H
b1 X
b100010101001111000100101001 D
b100010101001111000100101001 e
b11 Q
b100010101001111000100101001 I
b100010101001111000100101001 W
b100010101001111000100101001 L
b100010101001111000100101001 ]
1$
#8280000
0$
#8285000
b1001010000001000010010100 >
b1001010000001000010010100 [
b10 H
b10 X
b100010000010010111001100101 D
b100010000010010111001100101 e
b100 Q
b100011010001011001111101101 I
b100011010001011001111101101 W
b100010000010010111001100101 L
b100010000010010111001100101 ]
1$
#8290000
0$
#8295000
b100010101001111000100101001 >
b100010101001111000100101001 [
b0 H
b0 X
b100101000 Z
b1001010000001000010010100 B
b1001010000001000010010100 g
b101 Q
b1001010000001000010010100 N
b1001010000001000010010100 _
1$
#8300000
0$
#8305000
b110001 !
b110001 E
b1000000100101000 Z
b10000001001010000001000010010100 B
b10000001001010000001000010010100 g
b1010001000011010010111001100101 D
b1010001000011010010111001100101 e
b110001 F
b110001 U
b1 Q
b10000001001010000001000010010100 N
b10000001001010000001000010010100 _
b1010001000011010010111001100101 L
b1010001000011010010111001100101 ]
1$
#8310000
0$
#8315000
b11001101010010011101010101001 >
b11001101010010011101010101001 [
b10 Q
b101000100001101 K
b101000100001101 Y
1$
#8320000
0$
#8325000
b1000001001010010101011001000000 >
b1000001001010010101011001000000 [
b1 H
b1 X
b11001101010010011101010101001 D
b11001101010010011101010101001 e
b11 Q
b11001101010010011101010101001 I
b11001101010010011101010101001 W
b11001101010010011101010101001 L
b11001101010010011101010101001 ]
1$
#8330000
0$
#8335000
b1010001110010000110111000010000 >
b1010001110010000110111000010000 [
b10 H
b10 X
b111111011000011111111110010001101001 D
b111111011000011111111110010001101001 e
b100 Q
b1011010110100101001000011101001 I
b1011010110100101001000011101001 W
b111111011000011111111110010001101001 L
b111111011000011111111110010001101001 ]
1$
#8340000
0$
#8345000
b11001101010010011101010101001 >
b11001101010010011101010101001 [
b0 H
b0 X
b101000111001000 Z
b1010001110010000110111000010000 B
b1010001110010000110111000010000 g
b101 Q
b1010001110010000110111000010000 N
b1010001110010000110111000010000 _
1$
#8350000
0$
#8355000
b110010 !
b110010 E
b1101000111001000 Z
b11010001110010000110111000010000 B
b11010001110010000110111000010000 g
b100101010010111110010001101001 D
b100101010010111110010001101001 e
b110010 F
b110010 U
b1 Q
b11010001110010000110111000010000 N
b11010001110010000110111000010000 _
b100101010010111110010001101001 L
b100101010010111110010001101001 ]
1$
#8360000
0$
#8365000
b101011011101100001111111001 >
b101011011101100001111111001 [
b10 Q
b10010101001011 K
b10010101001011 Y
1$
#8370000
0$
#8375000
b10101011111010000010110001000000 >
b10101011111010000010110001000000 [
b1 H
b1 X
b101011011101100001111111001 D
b101011011101100001111111001 e
b11 Q
b101011011101100001111111001 I
b101011011101100001111111001 W
b101011011101100001111111001 L
b101011011101100001111111001 ]
1$
#8380000
0$
#8385000
b111101000111101011101100110000 >
b111101000111101011101100110000 [
b10 H
b10 X
b111101011001100001101001011110111001 D
b111101011001100001101001011110111001 e
b100 Q
b10110001010101101111000000111001 I
b10110001010101101111000000111001 W
b111101011001100001101001011110111001 L
b111101011001100001101001011110111001 ]
1$
#8390000
0$
#8395000
b101011011101100001111111001 >
b101011011101100001111111001 [
b0 H
b0 X
b11110100011110 Z
b111101000111101011101100110000 B
b111101000111101011101100110000 g
b101 Q
b111101000111101011101100110000 N
b111101000111101011101100110000 _
1$
#8400000
0$
#8405000
b110011 !
b110011 E
b1011110100011110 Z
b10111101000111101011101100110000 B
b10111101000111101011101100110000 g
b111110100110010100101001011110111001 D
b111110100110010100101001011110111001 e
b110011 F
b110011 U
b1 Q
b10111101000111101011101100110000 N
b10111101000111101011101100110000 _
b111110100110010100101001011110111001 L
b111110100110010100101001011110111001 ]
1$
#8410000
0$
#8415000
b11111011010100111001001000100 >
b11111011010100111001001000100 [
b10 Q
b111010011001010010 K
b111010011001010010 Y
1$
#8420000
0$
#8425000
b10001011101101010100111110000100 >
b10001011101101010100111110000100 [
b1 H
b1 X
b11111011010100111001001000100 D
b11111011010100111001001000100 e
b11 Q
b11111011010100111001001000100 I
b11111011010100111001001000100 W
b11111011010100111001001000100 L
b11111011010100111001001000100 ]
1$
#8430000
0$
#8435000
b111101111011100000000000111100111000 >
b111101111011100000000000111100111000 [
b10 H
b10 X
b111110010011101101010010001011000000 D
b111110010011101101010010001011000000 e
b100 Q
b10101011000111111100000111001000 I
b10101011000111111100000111001000 W
b111110010011101101010010001011000000 L
b111110010011101101010010001011000000 ]
1$
#8440000
0$
#8445000
b11111011010100111001001000100 >
b11111011010100111001001000100 [
b0 H
b0 X
b110111101110000000 Z
b111101111011100000000000111100111000 B
b111101111011100000000000111100111000 g
b101 Q
b111101111011100000000000111100111000 N
b111101111011100000000000111100111000 _
1$
#8450000
0$
#8455000
b110100 !
b110100 E
b111111101110000000 Z
b111111111011100000000000111100111000 B
b111111111011100000000000111100111000 g
b111111100000100000010010001011000000 D
b111111100000100000010010001011000000 e
b110100 F
b110100 U
b1 Q
b111111111011100000000000111100111000 N
b111111111011100000000000111100111000 _
b111111100000100000010010001011000000 L
b111111100000100000010010001011000000 ]
1$
#8460000
0$
#8465000
b11111000000000000100000001 >
b11111000000000000100000001 [
b10 Q
b111110000010000001 K
b111110000010000001 Y
1$
#8470000
0$
#8475000
b101000100000000000000 >
b101000100000000000000 [
b1 H
b1 X
b11111000000000000100000001 D
b11111000000000000100000001 e
b11 Q
b11111000000000000100000001 I
b11111000000000000100000001 W
b11111000000000000100000001 L
b11111000000000000100000001 ]
1$
#8480000
0$
#8485000
b1000110110111011100000000 >
b1000110110111011100000000 [
b10 H
b10 X
b11110010111100000100000001 D
b11110010111100000100000001 e
b100 Q
b11111101000100000100000001 I
b11111101000100000100000001 W
b11110010111100000100000001 L
b11110010111100000100000001 ]
1$
#8490000
0$
#8495000
b11111000000000000100000001 >
b11111000000000000100000001 [
b0 H
b0 X
b100011011 Z
b1000110110111011100000000 B
b1000110110111011100000000 g
b101 Q
b1000110110111011100000000 N
b1000110110111011100000000 _
1$
#8500000
0$
#8505000
b110101 !
b110101 E
b1000000100011011 Z
b10000001000110110111011100000000 B
b10000001000110110111011100000000 g
b1010000100101111100000100000001 D
b1010000100101111100000100000001 e
b110101 F
b110101 U
b1 Q
b10000001000110110111011100000000 N
b10000001000110110111011100000000 _
b1010000100101111100000100000001 L
b1010000100101111100000100000001 ]
1$
#8510000
0$
#8515000
b11001010111101011100100010001 >
b11001010111101011100100010001 [
b10 Q
b101000010010111 K
b101000010010111 Y
1$
#8520000
0$
#8525000
b1000001000111000011100011011001 >
b1000001000111000011100011011001 [
b1 H
b1 X
b11001010111101011100100010001 D
b11001010111101011100100010001 e
b11 Q
b11001010111101011100100010001 I
b11001010111101011100100010001 W
b11001010111101011100100010001 L
b11001010111101011100100010001 ]
1$
#8530000
0$
#8535000
b1010001010010010010110111011010 >
b1010001010010010010110111011010 [
b10 H
b10 X
b111111011000010000101000000000111000 D
b111111011000010000101000000000111000 e
b100 Q
b1011010011110101111000111101010 I
b1011010011110101111000111101010 W
b111111011000010000101000000000111000 L
b111111011000010000101000000000111000 ]
1$
#8540000
0$
#8545000
b11001010111101011100100010001 >
b11001010111101011100100010001 [
b0 H
b0 X
b101000101001001 Z
b1010001010010010010110111011010 B
b1010001010010010010110111011010 g
b101 Q
b1010001010010010010110111011010 N
b1010001010010010010110111011010 _
1$
#8550000
0$
#8555000
b110110 !
b110110 E
b1101000101001001 Z
b11010001010010010010110111011010 B
b11010001010010010010110111011010 g
b100101000011101000000000111000 D
b100101000011101000000000111000 e
b110110 F
b110110 U
b1 Q
b11010001010010010010110111011010 N
b11010001010010010010110111011010 _
b100101000011101000000000111000 L
b100101000011101000000000111000 ]
1$
#8560000
0$
#8565000
b101010111010000110011000100 >
b101010111010000110011000100 [
b10 Q
b10010100001110 K
b10010100001110 Y
1$
#8570000
0$
#8575000
b10101011000110000100011011010001 >
b10101011000110000100011011010001 [
b1 H
b1 X
b101010111010000110011000100 D
b101010111010000110011000100 e
b11 Q
b101010111010000110011000100 I
b101010111010000110011000100 W
b101010111010000110011000100 L
b101010111010000110011000100 ]
1$
#8580000
0$
#8585000
b111100100101011111110111111100 >
b111100100101011111110111111100 [
b10 H
b10 X
b111101011010010001001100010111110011 D
b111101011010010001001100010111110011 e
b100 Q
b10110000011101010101001110010101 I
b10110000011101010101001110010101 W
b111101011010010001001100010111110011 L
b111101011010010001001100010111110011 ]
1$
#8590000
0$
#8595000
b101010111010000110011000100 >
b101010111010000110011000100 [
b0 H
b0 X
b11110010010101 Z
b111100100101011111110111111100 B
b111100100101011111110111111100 g
b101 Q
b111100100101011111110111111100 N
b111100100101011111110111111100 _
1$
#8600000
0$
#8605000
b110111 !
b110111 E
b1011110010010101 Z
b10111100100101011111110111111100 B
b10111100100101011111110111111100 g
b111110100111000100001100010111110011 D
b111110100111000100001100010111110011 e
b110111 F
b110111 U
b1 Q
b10111100100101011111110111111100 N
b10111100100101011111110111111100 _
b111110100111000100001100010111110011 L
b111110100111000100001100010111110011 ]
1$
#8610000
0$
#8615000
b11110111001011110000100000000 >
b11110111001011110000100000000 [
b10 Q
b111010011100010000 K
b111010011100010000 Y
1$
#8620000
0$
#8625000
b10001010111010110010111010111001 >
b10001010111010110010111010111001 [
b1 H
b1 X
b11110111001011110000100000000 D
b11110111001011110000100000000 e
b11 Q
b11110111001011110000100000000 I
b11110111001011110000100000000 W
b11110111001011110000100000000 L
b11110111001011110000100000000 ]
1$
#8630000
0$
#8635000
b111101111100111101111111100010100000 >
b111101111100111101111111100010100000 [
b10 H
b10 X
b111110010011111110101011001001000111 D
b111110010011111110101011001001000111 e
b100 Q
b10101001110100010000111110111001 I
b10101001110100010000111110111001 W
b111110010011111110101011001001000111 L
b111110010011111110101011001001000111 ]
1$
#8640000
0$
#8645000
b11110111001011110000100000000 >
b11110111001011110000100000000 [
b0 H
b0 X
b110111110011110111 Z
b111101111100111101111111100010100000 B
b111101111100111101111111100010100000 g
b101 Q
b111101111100111101111111100010100000 N
b111101111100111101111111100010100000 _
1$
#8650000
0$
#8655000
b111000 !
b111000 E
b111111110011110111 Z
b111111111100111101111111100010100000 B
b111111111100111101111111100010100000 g
b111111100000110001101011001001000111 D
b111111100000110001101011001001000111 e
b111000 F
b111000 U
b1 Q
b111111111100111101111111100010100000 N
b111111111100111101111111100010100000 _
b111111100000110001101011001001000111 L
b111111100000110001101011001001000111 ]
1$
#8660000
0$
#8665000
b11110011110001100100100100 >
b11110011110001100100100100 [
b10 Q
b111110000011000110 K
b111110000011000110 Y
1$
#8670000
0$
#8675000
b10010011011001010001 >
b10010011011001010001 [
b1 H
b1 X
b11110011110001100100100100 D
b11110011110001100100100100 e
b11 Q
b11110011110001100100100100 I
b11110011110001100100100100 W
b11110011110001100100100100 L
b11110011110001100100100100 ]
1$
#8680000
0$
#8685000
b101111011000111000010100 >
b101111011000111000010100 [
b10 H
b10 X
b11110001011110001011010011 D
b11110001011110001011010011 e
b100 Q
b11110110000100111101110101 I
b11110110000100111101110101 W
b11110001011110001011010011 L
b11110001011110001011010011 ]
1$
#8690000
0$
#8695000
b11110011110001100100100100 >
b11110011110001100100100100 [
b0 H
b0 X
b10111101 Z
b101111011000111000010100 B
b101111011000111000010100 g
b101 Q
b101111011000111000010100 N
b101111011000111000010100 _
1$
#8700000
0$
#8705000
b111001 !
b111001 E
b1000000010111101 Z
b10000000101111011000111000010100 B
b10000000101111011000111000010100 g
b1010000100100011110001011010011 D
b1010000100100011110001011010011 e
b111001 F
b111001 U
b1 Q
b10000000101111011000111000010100 N
b10000000101111011000111000010100 _
b1010000100100011110001011010011 L
b1010000100100011110001011010011 ]
1$
#8710000
0$
#8715000
b11001010110101111001000100001 >
b11001010110101111001000100001 [
b10 Q
b101000010010001 K
b101000010010001 Y
1$
#8720000
0$
#8725000
b1000000101111011000101110001001 >
b1000000101111011000101110001001 [
b1 H
b1 X
b11001010110101111001000100001 D
b11001010110101111001000100001 e
b11 Q
b11001010110101111001000100001 I
b11001010110101111001000100001 W
b11001010110101111001000100001 L
b11001010110101111001000100001 ]
1$
#8730000
0$
#8735000
b1010001000001111111011000011010 >
b1010001000001111111011000011010 [
b10 H
b10 X
b111111011000100111010110011010011000 D
b111111011000100111010110011010011000 e
b100 Q
b1011010000110000111110110101010 I
b1011010000110000111110110101010 W
b111111011000100111010110011010011000 L
b111111011000100111010110011010011000 ]
1$
#8740000
0$
#8745000
b11001010110101111001000100001 >
b11001010110101111001000100001 [
b0 H
b0 X
b101000100000111 Z
b1010001000001111111011000011010 B
b1010001000001111111011000011010 g
b101 Q
b1010001000001111111011000011010 N
b1010001000001111111011000011010 _
1$
#8750000
0$
#8755000
b111010 !
b111010 E
b1101000100000111 Z
b11010001000001111111011000011010 B
b11010001000001111111011000011010 g
b100101011010010110011010011000 D
b100101011010010110011010011000 e
b111010 F
b111010 U
b1 Q
b11010001000001111111011000011010 N
b11010001000001111111011000011010 _
b100101011010010110011010011000 L
b100101011010010110011010011000 ]
1$
#8760000
0$
#8765000
b101011101111000010100010001 >
b101011101111000010100010001 [
b10 Q
b10010101101001 K
b10010101101001 Y
1$
#8770000
0$
#8775000
b10101010101011000110111000110001 >
b10101010101011000110111000110001 [
b1 H
b1 X
b101011101111000010100010001 D
b101011101111000010100010001 e
b11 Q
b101011101111000010100010001 I
b101011101111000010100010001 W
b101011101111000010100010001 L
b101011101111000010100010001 ]
1$
#8780000
0$
#8785000
b111101000101110111110110111110 >
b111101000101110111110110111110 [
b10 H
b10 X
b111101011010110010110001011011100000 D
b111101011010110010110001011011100000 e
b100 Q
b10110000001000111111001101000010 I
b10110000001000111111001101000010 W
b111101011010110010110001011011100000 L
b111101011010110010110001011011100000 ]
1$
#8790000
0$
#8795000
b101011101111000010100010001 >
b101011101111000010100010001 [
b0 H
b0 X
b11110100010111 Z
b111101000101110111110110111110 B
b111101000101110111110110111110 g
b101 Q
b111101000101110111110110111110 N
b111101000101110111110110111110 _
1$
#8800000
0$
#8805000
b111011 !
b111011 E
b1011110100010111 Z
b10111101000101110111110110111110 B
b10111101000101110111110110111110 g
b111110100111100101110001011011100000 D
b111110100111100101110001011011100000 e
b111011 F
b111011 U
b1 Q
b10111101000101110111110110111110 N
b10111101000101110111110110111110 _
b111110100111100101110001011011100000 L
b111110100111100101110001011011100000 ]
1$
#8810000
0$
#8815000
b11110100010000101101100010001 >
b11110100010000101101100010001 [
b10 Q
b111010011110010111 K
b111010011110010111 Y
1$
#8820000
0$
#8825000
b10001011101010101111100000010001 >
b10001011101010101111100000010001 [
b1 H
b1 X
b11110100010000101101100010001 D
b11110100010000101101100010001 e
b11 Q
b11110100010000101101100010001 I
b11110100010000101101100010001 W
b11110100010000101101100010001 L
b11110100010000101101100010001 ]
1$
#8830000
0$
#8835000
b111101111101011001010001001100100010 >
b111101111101011001010001001100100010 [
b10 H
b10 X
b111110010010110111010110001100000000 D
b111110010010110111010110001100000000 e
b100 Q
b10101010001100110101001100100010 I
b10101010001100110101001100100010 W
b111110010010110111010110001100000000 L
b111110010010110111010110001100000000 ]
1$
#8840000
0$
#8845000
b11110100010000101101100010001 >
b11110100010000101101100010001 [
b0 H
b0 X
b110111110101100101 Z
b111101111101011001010001001100100010 B
b111101111101011001010001001100100010 g
b101 Q
b111101111101011001010001001100100010 N
b111101111101011001010001001100100010 _
1$
#8850000
0$
#8855000
b111100 !
b111100 E
b111111110101100101 Z
b111111111101011001010001001100100010 B
b111111111101011001010001001100100010 g
b111111011111101010010110001100000000 D
b111111011111101010010110001100000000 e
b111100 F
b111100 U
b1 Q
b111111111101011001010001001100100010 N
b111111111101011001010001001100100010 _
b111111011111101010010110001100000000 L
b111111011111101010010110001100000000 ]
1$
#8860000
0$
#8865000
b100000101011101110110010001 >
b100000101011101110110010001 [
b10 Q
b111101111110101001 K
b111101111110101001 Y
1$
#8870000
0$
#8875000
b1101100100111011001 >
b1101100100111011001 [
b1 H
b1 X
b100000101011101110110010001 D
b100000101011101110110010001 e
b11 Q
b100000101011101110110010001 I
b100000101011101110110010001 W
b100000101011101110110010001 L
b100000101011101110110010001 ]
1$
#8880000
0$
#8885000
b101010001000010101011010 >
b101010001000010101011010 [
b10 H
b10 X
b100000011110001001110111000 D
b100000011110001001110111000 e
b100 Q
b100000111001010011101101010 I
b100000111001010011101101010 W
b100000011110001001110111000 L
b100000011110001001110111000 ]
1$
#8890000
0$
#8895000
b100000101011101110110010001 >
b100000101011101110110010001 [
b0 H
b0 X
b10101000 Z
b101010001000010101011010 B
b101010001000010101011010 g
b101 Q
b101010001000010101011010 N
b101010001000010101011010 _
1$
#8900000
0$
#8905000
b111101 !
b111101 E
b1000000010101000 Z
b10000000101010001000010101011010 B
b10000000101010001000010101011010 g
b1010000110110110001001110111000 D
b1010000110110110001001110111000 e
b111101 F
b111101 U
b1 Q
b10000000101010001000010101011010 N
b10000000101010001000010101011010 _
b1010000110110110001001110111000 L
b1010000110110110001001110111000 ]
1$
#8910000
0$
#8915000
b11001100010011001101101011001 >
b11001100010011001101101011001 [
b10 Q
b101000011011011 K
b101000011011011 Y
1$
#8920000
0$
#8925000
b1000000101010000110111001000000 >
b1000000101010000110111001000000 [
b1 H
b1 X
b11001100010011001101101011001 D
b11001100010011001101101011001 e
b11 Q
b11001100010011001101101011001 I
b11001100010011001101101011001 W
b11001100010011001101101011001 L
b11001100010011001101101011001 ]
1$
#8930000
0$
#8935000
b1010001010001010001111101110000 >
b1010001010001010001111101110000 [
b10 H
b10 X
b111111011000111000010010110100011001 D
b111111011000111000010010110100011001 e
b100 Q
b1011010001100100000100110011001 I
b1011010001100100000100110011001 W
b111111011000111000010010110100011001 L
b111111011000111000010010110100011001 ]
1$
#8940000
0$
#8945000
b11001100010011001101101011001 >
b11001100010011001101101011001 [
b0 H
b0 X
b101000101000101 Z
b1010001010001010001111101110000 B
b1010001010001010001111101110000 g
b101 Q
b1010001010001010001111101110000 N
b1010001010001010001111101110000 _
1$
#8950000
0$
#8955000
b111110 !
b111110 E
b1101000101000101 Z
b11010001010001010001111101110000 B
b11010001010001010001111101110000 g
b100101101011010010110100011001 D
b100101101011010010110100011001 e
b111110 F
b111110 U
b1 Q
b11010001010001010001111101110000 N
b11010001010001010001111101110000 _
b100101101011010010110100011001 L
b100101101011010010110100011001 ]
1$
#8960000
0$
#8965000
b101100010110111011011101001 >
b101100010110111011011101001 [
b10 Q
b10010110101101 K
b10010110101101 Y
1$
#8970000
0$
#8975000
b10101011000100011011110010011001 >
b10101011000100011011110010011001 [
b1 H
b1 X
b101100010110111011011101001 D
b101100010110111011011101001 e
b11 Q
b101100010110111011011101001 I
b101100010110111011011101001 W
b101100010110111011011101001 L
b101100010110111011011101001 ]
1$
#8980000
0$
#8985000
b111101100110001100100101000010 >
b111101100110001100100101000010 [
b10 H
b10 X
b111101011010011110011011101001010000 D
b111101011010011110011011101001010000 e
b100 Q
b10110000100111010011001110000010 I
b10110000100111010011001110000010 W
b111101011010011110011011101001010000 L
b111101011010011110011011101001010000 ]
1$
#8990000
0$
#8995000
b101100010110111011011101001 >
b101100010110111011011101001 [
b0 H
b0 X
b11110110011000 Z
b111101100110001100100101000010 B
b111101100110001100100101000010 g
b101 Q
b111101100110001100100101000010 N
b111101100110001100100101000010 _
1$
#9000000
0$
#9005000
b111111 !
b111111 E
b1011110110011000 Z
b10111101100110001100100101000010 B
b10111101100110001100100101000010 g
b111110100111010001011011101001010000 D
b111110100111010001011011101001010000 e
b111111 F
b111111 U
b1 Q
b10111101100110001100100101000010 N
b10111101100110001100100101000010 _
b111110100111010001011011101001010000 L
b111110100111010001011011101001010000 ]
1$
#9010000
0$
#9015000
b11110110000010001100010011001 >
b11110110000010001100010011001 [
b10 Q
b111010011101000101 K
b111010011101000101 Y
1$
#9020000
0$
#9025000
b10001100011010011100101001000000 >
b10001100011010011100101001000000 [
b1 H
b1 X
b11110110000010001100010011001 D
b11110110000010001100010011001 e
b11 Q
b11110110000010001100010011001 I
b11110110000010001100010011001 W
b11110110000010001100010011001 L
b11110110000010001100010011001 ]
1$
#9030000
0$
#9035000
b111101111100100100101000001111110000 >
b111101111100100100101000001111110000 [
b10 H
b10 X
b111110010010010101110100111001011001 D
b111110010010010101110100111001011001 e
b100 Q
b10101011001010101110001011011001 I
b10101011001010101110001011011001 W
b111110010010010101110100111001011001 L
b111110010010010101110100111001011001 ]
1$
#9040000
0$
#9045000
b11110110000010001100010011001 >
b11110110000010001100010011001 [
b0 H
b0 X
b110111110010010010 Z
b111101111100100100101000001111110000 B
b111101111100100100101000001111110000 g
b101 Q
b111101111100100100101000001111110000 N
b111101111100100100101000001111110000 _
1$
#9050000
0$
#9055000
b1000000 !
b1000000 E
b111111110010010010 Z
b111111111100100100101000001111110000 B
b111111111100100100101000001111110000 g
b111111011111001000110100111001011001 D
b111111011111001000110100111001011001 e
1?
b1000000 F
b1000000 U
b1 Q
b111111111100100100101000001111110000 N
b111111111100100100101000001111110000 _
b111111011111001000110100111001011001 L
b111111011111001000110100111001011001 ]
1$
#9060000
0$
#9065000
1#
b100001101111111111011001001 >
b100001101111111111011001001 [
b111 Q
b111101111100100011 K
b111101111100100011 Y
1$
#9070000
0$
#9075000
b111001 4
1$
#9080000
0$
#9085000
b111011 4
1$
#9090000
0$
#9095000
b111101 4
1$
#9100000
0$
#9105000
b111111 4
1$
#9110000
1+
0$
#9115000
0#
b0 Q
b0 R
1$
#9120000
0+
0$
#9125000
b100110011001100 2
b100110011001100 <
b110100110011001101 0
b110100110011001101 :
b1000000 4
1$
#9130000
1-
0$
#9135000
b0 Z
b0 !
b0 E
b0 B
b0 g
b0 D
b0 e
b1 Q
b0 N
b0 _
b0 L
b0 ]
0?
b0 F
b0 U
b1 R
b0 I
b0 W
1$
#9140000
0-
0$
#9145000
b0 >
b0 [
b10 Q
b0 K
b0 Y
1$
#9150000
0$
#9155000
b1 H
b1 X
b11 Q
1$
#9160000
0$
#9165000
b10 H
b10 X
b100 Q
1$
#9170000
0$
#9175000
b0 H
b0 X
b101 Q
1$
#9180000
0$
#9185000
b1 !
b1 E
b100110011001100 Z
b1001100110011000000000000000000 B
b1001100110011000000000000000000 g
b111101001100110011010000000000000000 D
b111101001100110011010000000000000000 e
b1 F
b1 U
b1 Q
b1001100110011000000000000000000 N
b1001100110011000000000000000000 _
b111101001100110011010000000000000000 L
b111101001100110011010000000000000000 ]
1$
#9190000
0$
#9195000
b1111101011100000101110000101001 >
b1111101011100000101110000101001 [
b10 Q
b110100110011001101 K
b110100110011001101 Y
1$
#9200000
0$
#9205000
b10111000010011100001010010000 >
b10111000010011100001010010000 [
b1 H
b1 X
b1111101011100000101110000101001 D
b1111101011100000101110000101001 e
b11 Q
b1111101011100000101110000101001 I
b1111101011100000101110000101001 W
b1111101011100000101110000101001 L
b1111101011100000101110000101001 ]
1$
#9210000
0$
#9215000
b111110010100011111000001111010111000 >
b111110010100011111000001111010111000 [
b10 H
b10 X
b1100110011001101001100110011001 D
b1100110011001101001100110011001 e
b100 Q
b10010100011110100001111010111001 I
b10010100011110100001111010111001 W
b1100110011001101001100110011001 L
b1100110011001101001100110011001 ]
1$
#9220000
0$
#9225000
b1111101011100000101110000101001 >
b1111101011100000101110000101001 [
b0 H
b0 X
b111001010001111100 Z
b111110010100011111000001111010111000 B
b111110010100011111000001111010111000 g
b101 Q
b111110010100011111000001111010111000 N
b111110010100011111000001111010111000 _
1$
#9230000
0$
#9235000
b10 !
b10 E
b111110000101001000 Z
b111111100001010010000001111010111000 B
b111111100001010010000001111010111000 g
b111110110011001100111001100110011001 D
b111110110011001100111001100110011001 e
b10 F
b10 U
b1 Q
b111111100001010010000001111010111000 N
b111111100001010010000001111010111000 _
b111110110011001100111001100110011001 L
b111110110011001100111001100110011001 ]
1$
#9240000
0$
#9245000
b10111000010100101110000101001 >
b10111000010100101110000101001 [
b10 Q
b111011001100110011 K
b111011001100110011 Y
1$
#9250000
0$
#9255000
b11101011111010010001000000 >
b11101011111010010001000000 [
b1 H
b1 X
b10111000010100101110000101001 D
b10111000010100101110000101001 e
b11 Q
b10111000010100101110000101001 I
b10111000010100101110000101001 W
b10111000010100101110000101001 L
b10111000010100101110000101001 ]
1$
#9260000
0$
#9265000
b10010011011100111001010110000 >
b10010011011100111001010110000 [
b10 H
b10 X
b10011010110101011011111101001 D
b10011010110101011011111101001 e
b100 Q
b11010101110100000000001101001 I
b11010101110100000000001101001 W
b10011010110101011011111101001 L
b10011010110101011011111101001 ]
1$
#9270000
0$
#9275000
b10111000010100101110000101001 >
b10111000010100101110000101001 [
b0 H
b0 X
b1001001101110 Z
b10010011011100111001010110000 B
b10010011011100111001010110000 g
b101 Q
b10010011011100111001010110000 N
b10010011011100111001010110000 _
1$
#9280000
0$
#9285000
b11 !
b11 E
b101111100111010 Z
b1011111001110100111001010110000 B
b1011111001110100111001010110000 g
b111101100000001001111011011111101001 D
b111101100000001001111011011111101001 e
b11 F
b11 U
b1 Q
b1011111001110100111001010110000 N
b1011111001110100111001010110000 _
b111101100000001001111011011111101001 L
b111101100000001001111011011111101001 ]
1$
#9290000
0$
#9295000
b1100011110011110100010111110001 >
b1100011110011110100010111110001 [
b10 Q
b110110000000100111 K
b110110000000100111 Y
1$
#9300000
0$
#9305000
b100011011011000001100100100100 >
b100011011011000001100100100100 [
b1 H
b1 X
b1100011110011110100010111110001 D
b1100011110011110100010111110001 e
b11 Q
b1100011110011110100010111110001 I
b1100011110011110100010111110001 W
b1100011110011110100010111110001 L
b1100011110011110100010111110001 ]
1$
#9310000
0$
#9315000
b111110001001000101001000001110101100 >
b111110001001000101001000001110101100 [
b10 H
b10 X
b1000000011000110010110011001101 D
b1000000011000110010110011001101 e
b100 Q
b10000111001110110101111100010101 I
b10000111001110110101111100010101 W
b1000000011000110010110011001101 L
b1000000011000110010110011001101 ]
1$
#9320000
0$
#9325000
b1100011110011110100010111110001 >
b1100011110011110100010111110001 [
b0 H
b0 X
b111000100100010100 Z
b111110001001000101001000001110101100 B
b111110001001000101001000001110101100 g
b101 Q
b111110001001000101001000001110101100 N
b111110001001000101001000001110101100 _
1$
#9330000
0$
#9335000
b100 !
b100 E
b111101010111100000 Z
b111111010101111000001000001110101100 B
b111111010101111000001000001110101100 g
b111110001101001100000010110011001101 D
b111110001101001100000010110011001101 e
b100 F
b100 U
b1 Q
b111111010101111000001000001110101100 N
b111111010101111000001000001110101100 _
b111110001101001100000010110011001101 L
b111110001101001100000010110011001101 ]
1$
#9340000
0$
#9345000
b110011011111011110100100000000 >
b110011011111011110100100000000 [
b10 Q
b111000110100110000 K
b111000110100110000 Y
1$
#9350000
0$
#9355000
b110111011101000010000000000 >
b110111011101000010000000000 [
b1 H
b1 X
b110011011111011110100100000000 D
b110011011111011110100100000000 e
b11 Q
b110011011111011110100100000000 I
b110011011111011110100100000000 W
b110011011111011110100100000000 L
b110011011111011110100100000000 ]
1$
#9360000
0$
#9365000
b100101110010001111010000000000 >
b100101110010001111010000000000 [
b10 H
b10 X
b101100100011110110010100000000 D
b101100100011110110010100000000 e
b100 Q
b111010011011000110110100000000 I
b111010011011000110110100000000 W
b101100100011110110010100000000 L
b101100100011110110010100000000 ]
1$
#9370000
0$
#9375000
b110011011111011110100100000000 >
b110011011111011110100100000000 [
b0 H
b0 X
b10010111001000 Z
b100101110010001111010000000000 B
b100101110010001111010000000000 g
b101 Q
b100101110010001111010000000000 N
b100101110010001111010000000000 _
1$
#9380000
0$
#9385000
b101 !
b101 E
b111001010010100 Z
b1110010100101001111010000000000 B
b1110010100101001111010000000000 g
b111101111001010111000110010100000000 D
b111101111001010111000110010100000000 e
b101 F
b101 U
b1 Q
b1110010100101001111010000000000 N
b1110010100101001111010000000000 _
b111101111001010111000110010100000000 L
b111101111001010111000110010100000000 ]
1$
#9390000
0$
#9395000
b1000110110100000001100100010000 >
b1000110110100000001100100010000 [
b10 Q
b110111100101011100 K
b110111100101011100 Y
1$
#9400000
0$
#9405000
b110011010010000010010110010000 >
b110011010010000010010110010000 [
b1 H
b1 X
b1000110110100000001100100010000 D
b1000110110100000001100100010000 e
b11 Q
b1000110110100000001100100010000 I
b1000110110100000001100100010000 W
b1000110110100000001100100010000 L
b1000110110100000001100100010000 ]
1$
#9410000
0$
#9415000
b111110000111011110100100001001100000 >
b111110000111011110100100001001100000 [
b10 H
b10 X
b10011100001111111001110000000 D
b10011100001111111001110000000 e
b100 Q
b1111010000110000011111010100000 I
b1111010000110000011111010100000 W
b10011100001111111001110000000 L
b10011100001111111001110000000 ]
1$
#9420000
0$
#9425000
b1000110110100000001100100010000 >
b1000110110100000001100100010000 [
b0 H
b0 X
b111000011101111010 Z
b111110000111011110100100001001100000 B
b111110000111011110100100001001100000 g
b101 Q
b111110000111011110100100001001100000 N
b111110000111011110100100001001100000 _
1$
#9430000
0$
#9435000
b110 !
b110 E
b111101010001000110 Z
b111111010100010001100100001001100000 B
b111111010100010001100100001001100000 g
b111101100000010101001111001110000000 D
b111101100000010101001111001110000000 e
b110 F
b110 U
b1 Q
b111111010100010001100100001001100000 N
b111111010100010001100100001001100000 _
b111101100000010101001111001110000000 L
b111101100000010101001111001110000000 ]
1$
#9440000
0$
#9445000
b1100011100101110001101110010000 >
b1100011100101110001101110010000 [
b10 Q
b110110000001010100 K
b110110000001010100 Y
1$
#9450000
0$
#9455000
b111011110000000001100100100 >
b111011110000000001100100100 [
b1 H
b1 X
b1100011100101110001101110010000 D
b1100011100101110001101110010000 e
b11 Q
b1100011100101110001101110010000 I
b1100011100101110001101110010000 W
b1100011100101110001101110010000 L
b1100011100101110001101110010000 ]
1$
#9460000
0$
#9465000
b110110100010111100110111110000 >
b110110100010111100110111110000 [
b10 H
b10 X
b1011100000111110001100001101100 D
b1011100000111110001100001101100 e
b100 Q
b1101011000011110001111010110100 I
b1101011000011110001111010110100 W
b1011100000111110001100001101100 L
b1011100000111110001100001101100 ]
1$
#9470000
0$
#9475000
b1100011100101110001101110010000 >
b1100011100101110001101110010000 [
b0 H
b0 X
b11011010001011 Z
b110110100010111100110111110000 B
b110110100010111100110111110000 g
b101 Q
b110110100010111100110111110000 N
b110110100010111100110111110000 _
1$
#9480000
0$
#9485000
b111 !
b111 E
b1000001101010111 Z
b10000011010101111100110111110000 B
b10000011010101111100110111110000 g
b111110101000111011000001100001101100 D
b111110101000111011000001100001101100 e
b111 F
b111 U
b1 Q
b10000011010101111100110111110000 N
b10000011010101111100110111110000 _
b111110101000111011000001100001101100 L
b111110101000111011000001100001101100 ]
1$
#9490000
0$
#9495000
b11101100111101001100110010000 >
b11101100111101001100110010000 [
b10 Q
b111010100011101100 K
b111010100011101100 Y
1$
#9500000
0$
#9505000
b1000011011000100010011110010001 >
b1000011011000100010011110010001 [
b1 H
b1 X
b11101100111101001100110010000 D
b11101100111101001100110010000 e
b11 Q
b11101100111101001100110010000 I
b11101100111101001100110010000 W
b11101100111101001100110010000 L
b11101100111101001100110010000 ]
1$
#9510000
0$
#9515000
b111110100110101001100101100001101000 >
b111110100110101001100101100001101000 [
b10 H
b10 X
b111111011010001111000111000111111111 D
b111111011010001111000111000111111111 e
b100 Q
b1100001000000001100000100100001 I
b1100001000000001100000100100001 W
b111111011010001111000111000111111111 L
b111111011010001111000111000111111111 ]
1$
#9520000
0$
#9525000
b11101100111101001100110010000 >
b11101100111101001100110010000 [
b0 H
b0 X
b111010011010100110 Z
b111110100110101001100101100001101000 B
b111110100110101001100101100001101000 g
b101 Q
b111110100110101001100101100001101000 N
b111110100110101001100101100001101000 _
1$
#9530000
0$
#9535000
b1000 !
b1000 E
b111111001101110010 Z
b111111110011011100100101100001101000 B
b111111110011011100100101100001101000 g
b111100100111000010010111000111111111 D
b111100100111000010010111000111111111 e
b1000 F
b1000 U
b1 Q
b111111110011011100100101100001101000 N
b111111110011011100100101100001101000 _
b111100100111000010010111000111111111 L
b111100100111000010010111000111111111 ]
1$
#9540000
0$
#9545000
b10110111111000011011111001010001 >
b10110111111000011011111001010001 [
b10 Q
b110010011100001001 K
b110010011100001001 Y
1$
#9550000
0$
#9555000
b100111011001111011000100 >
b100111011001111011000100 [
b1 H
b1 X
b10110111111000011011111001010001 D
b10110111111000011011111001010001 e
b11 Q
b10110111111000011011111001010001 I
b10110111111000011011111001010001 W
b10110111111000011011111001010001 L
b10110111111000011011111001010001 ]
1$
#9560000
0$
#9565000
b10101010001111101101000000100 >
b10101010001111101101000000100 [
b10 H
b10 X
b10110111010001000001111110001101 D
b10110111010001000001111110001101 e
b100 Q
b10111000011111110101110100010101 I
b10111000011111110101110100010101 W
b10110111010001000001111110001101 L
b10110111010001000001111110001101 ]
1$
#9570000
0$
#9575000
b10110111111000011011111001010001 >
b10110111111000011011111001010001 [
b0 H
b0 X
b1010101000111 Z
b10101010001111101101000000100 B
b10101010001111101101000000100 g
b101 Q
b10101010001111101101000000100 N
b10101010001111101101000000100 _
1$
#9580000
0$
#9585000
b1001 !
b1001 E
b110001000010011 Z
b1100010000100111101101000000100 B
b1100010000100111101101000000100 g
b100000100010001111110001101 D
b100000100010001111110001101 e
b1001 F
b1001 U
b1 Q
b1100010000100111101101000000100 N
b1100010000100111101101000000100 _
b100000100010001111110001101 L
b100000100010001111110001101 ]
1$
#9590000
0$
#9595000
b100001000100100100001 >
b100001000100100100001 [
b10 Q
b10000010001 K
b10000010001 Y
1$
#9600000
0$
#9605000
b100101100100101000110101101001 >
b100101100100101000110101101001 [
b1 H
b1 X
b100001000100100100001 D
b100001000100100100001 e
b11 Q
b100001000100100100001 I
b100001000100100100001 W
b100001000100100100001 L
b100001000100100100001 ]
1$
#9610000
0$
#9615000
b11000111011001111010000110 >
b11000111011001111010000110 [
b10 H
b10 X
b111111011010011111011111101110111000 D
b111111011010011111011111101110111000 e
b100 Q
b100101101000110001011010001010 I
b100101101000110001011010001010 W
b111111011010011111011111101110111000 L
b111111011010011111011111101110111000 ]
1$
#9620000
0$
#9625000
b100001000100100100001 >
b100001000100100100001 [
b0 H
b0 X
b1100011101 Z
b11000111011001111010000110 B
b11000111011001111010000110 g
b101 Q
b11000111011001111010000110 N
b11000111011001111010000110 _
1$
#9630000
0$
#9635000
b1010 !
b1010 E
b100111111101001 Z
b1001111111010011001111010000110 B
b1001111111010011001111010000110 g
b111100100111010010101111101110111000 D
b111100100111010010101111101110111000 e
b1010 F
b1010 U
b1 Q
b1001111111010011001111010000110 N
b1001111111010011001111010000110 _
b111100100111010010101111101110111000 L
b111100100111010010101111101110111000 ]
1$
#9640000
0$
#9645000
b10110111011100111010000101100100 >
b10110111011100111010000101100100 [
b10 Q
b110010011101001010 K
b110010011101001010 Y
1$
#9650000
0$
#9655000
b11000111100011010001000010001 >
b11000111100011010001000010001 [
b1 H
b1 X
b10110111011100111010000101100100 D
b10110111011100111010000101100100 e
b11 Q
b10110111011100111010000101100100 I
b10110111011100111010000101100100 W
b10110111011100111010000101100100 L
b10110111011100111010000101100100 ]
1$
#9660000
0$
#9665000
b111101111000101101010011000010110100 >
b111101111000101101010011000010110100 [
b10 H
b10 X
b10011110100000011111111101010011 D
b10011110100000011111111101010011 e
b100 Q
b11010000011001010100001101110101 I
b11010000011001010100001101110101 W
b10011110100000011111111101010011 L
b10011110100000011111111101010011 ]
1$
#9670000
0$
#9675000
b10110111011100111010000101100100 >
b10110111011100111010000101100100 [
b0 H
b0 X
b110111100010110101 Z
b111101111000101101010011000010110100 B
b111101111000101101010011000010110100 g
b101 Q
b111101111000101101010011000010110100 N
b111101111000101101010011000010110100 _
1$
#9680000
0$
#9685000
b1011 !
b1011 E
b111100010110000001 Z
b111111000101100000010011000010110100 B
b111111000101100000010011000010110100 g
b111111101011010011101111111101010011 D
b111111101011010011101111111101010011 e
b1011 F
b1011 U
b1 Q
b111111000101100000010011000010110100 N
b111111000101100000010011000010110100 _
b111111101011010011101111111101010011 L
b111111101011010011101111111101010011 ]
1$
#9690000
0$
#9695000
b1101011000100101111000100 >
b1101011000100101111000100 [
b10 Q
b111110101101001110 K
b111110101101001110 Y
1$
#9700000
0$
#9705000
b1101010111011100101100000001 >
b1101010111011100101100000001 [
b1 H
b1 X
b1101011000100101111000100 D
b1101011000100101111000100 e
b11 Q
b1101011000100101111000100 I
b1101011000100101111000100 W
b1101011000100101111000100 L
b1101011000100101111000100 ]
1$
#9710000
0$
#9715000
b1001011101010011000010011100 >
b1001011101010011000010011100 [
b10 H
b10 X
b111111110100010011101000000011000011 D
b111111110100010011101000000011000011 e
b100 Q
b1111000010100001011011000101 I
b1111000010100001011011000101 W
b111111110100010011101000000011000011 L
b111111110100010011101000000011000011 ]
1$
#9720000
0$
#9725000
b1101011000100101111000100 >
b1101011000100101111000100 [
b0 H
b0 X
b100101110101 Z
b1001011101010011000010011100 B
b1001011101010011000010011100 g
b101 Q
b1001011101010011000010011100 N
b1001011101010011000010011100 _
1$
#9730000
0$
#9735000
b1100 !
b1100 E
b101011001000001 Z
b1010110010000010011000010011100 B
b1010110010000010011000010011100 g
b111101000001000110111000000011000011 D
b111101000001000110111000000011000011 e
b1100 F
b1100 U
b1 Q
b1010110010000010011000010011100 N
b1010110010000010011000010011100 _
b111101000001000110111000000011000011 L
b111101000001000110111000000011000011 ]
1$
#9740000
0$
#9745000
b10001110010110001011100011011001 >
b10001110010110001011100011011001 [
b10 Q
b110100000100011011 K
b110100000100011011 Y
1$
#9750000
0$
#9755000
b11101000011111011110010000001 >
b11101000011111011110010000001 [
b1 H
b1 X
b10001110010110001011100011011001 D
b10001110010110001011100011011001 e
b11 Q
b10001110010110001011100011011001 I
b10001110010110001011100011011001 W
b10001110010110001011100011011001 L
b10001110010110001011100011011001 ]
1$
#9760000
0$
#9765000
b111101111111010111010011001110110110 >
b111101111111010111010011001110110110 [
b10 H
b10 X
b1110001010010001111110001011000 D
b1110001010010001111110001011000 e
b100 Q
b10101011011010000111010101011010 I
b10101011011010000111010101011010 W
b1110001010010001111110001011000 L
b1110001010010001111110001011000 ]
1$
#9770000
0$
#9775000
b10001110010110001011100011011001 >
b10001110010110001011100011011001 [
b0 H
b0 X
b110111111101011101 Z
b111101111111010111010011001110110110 B
b111101111111010111010011001110110110 g
b101 Q
b111101111111010111010011001110110110 N
b111101111111010111010011001110110110 _
1$
#9780000
0$
#9785000
b1101 !
b1101 E
b111100110000101001 Z
b111111001100001010010011001110110110 B
b111111001100001010010011001110110110 g
b111110111110000101011111110001011000 D
b111110111110000101011111110001011000 e
b1101 F
b1101 U
b1 Q
b111111001100001010010011001110110110 N
b111111001100001010010011001110110110 _
b111110111110000101011111110001011000 L
b111110111110000101011111110001011000 ]
1$
#9790000
0$
#9795000
b10000111110010010110110111001 >
b10000111110010010110110111001 [
b10 Q
b111011111000010101 K
b111011111000010101 Y
1$
#9800000
0$
#9805000
b1010011111110101111010010001 >
b1010011111110101111010010001 [
b1 H
b1 X
b10000111110010010110110111001 D
b10000111110010010110110111001 e
b11 Q
b10000111110010010110110111001 I
b10000111110010010110110111001 W
b10000111110010010110110111001 L
b10000111110010010110110111001 ]
1$
#9810000
0$
#9815000
b11010101100100101101010111010 >
b11010101100100101101010111010 [
b10 H
b10 X
b110011110011100111100101000 D
b110011110011100111100101000 e
b100 Q
b11011011110001000110001001010 I
b11011011110001000110001001010 W
b110011110011100111100101000 L
b110011110011100111100101000 ]
1$
#9820000
0$
#9825000
b10000111110010010110110111001 >
b10000111110010010110110111001 [
b0 H
b0 X
b1101010110010 Z
b11010101100100101101010111010 B
b11010101100100101101010111010 g
b101 Q
b11010101100100101101010111010 N
b11010101100100101101010111010 _
1$
#9830000
0$
#9835000
b1110 !
b1110 E
b110011101111110 Z
b1100111011111100101101010111010 B
b1100111011111100101101010111010 g
b111101010011010001101100111100101000 D
b111101010011010001101100111100101000 e
b1110 F
b1110 U
b1 Q
b1100111011111100101101010111010 N
b1100111011111100101101010111010 _
b111101010011010001101100111100101000 L
b111101010011010001101100111100101000 ]
1$
#9840000
0$
#9845000
b1110100100010100111011100100100 >
b1110100100010100111011100100100 [
b10 Q
b110101001101000110 K
b110101001101000110 Y
1$
#9850000
0$
#9855000
b101001110101101010001000000100 >
b101001110101101010001000000100 [
b1 H
b1 X
b1110100100010100111011100100100 D
b1110100100010100111011100100100 e
b11 Q
b1110100100010100111011100100100 I
b1110100100010100111011100100100 W
b1110100100010100111011100100100 L
b1110100100010100111011100100100 ]
1$
#9860000
0$
#9865000
b111101110100010110000100110011101000 >
b111101110100010110000100110011101000 [
b10 H
b10 X
b1001010101100111101010100100000 D
b1001010101100111101010100100000 e
b100 Q
b10011110011000010001100100101000 I
b10011110011000010001100100101000 W
b1001010101100111101010100100000 L
b1001010101100111101010100100000 ]
1$
#9870000
0$
#9875000
b1110100100010100111011100100100 >
b1110100100010100111011100100100 [
b0 H
b0 X
b110111010001011000 Z
b111101110100010110000100110011101000 B
b111101110100010110000100110011101000 g
b101 Q
b111101110100010110000100110011101000 N
b111101110100010110000100110011101000 _
1$
#9880000
0$
#9885000
b1111 !
b1111 E
b111100000100100100 Z
b111111000001001001000100110011101000 B
b111111000001001001000100110011101000 g
b111110010111100000001101010100100000 D
b111110010111100000001101010100100000 e
b1111 F
b1111 U
b1 Q
b111111000001001001000100110011101000 N
b111111000001001001000100110011101000 _
b111110010111100000001101010100100000 L
b111110010111100000001101010100100000 ]
1$
#9890000
0$
#9895000
b101010101010000100000000000000 >
b101010101010000100000000000000 [
b10 Q
b111001011110000000 K
b111001011110000000 Y
1$
#9900000
0$
#9905000
b1111011011110100110100010000 >
b1111011011110100110100010000 [
b1 H
b1 X
b101010101010000100000000000000 D
b101010101010000100000000000000 e
b11 Q
b101010101010000100000000000000 I
b101010101010000100000000000000 W
b101010101010000100000000000000 L
b101010101010000100000000000000 ]
1$
#9910000
0$
#9915000
b110011010100011001110000000000 >
b110011010100011001110000000000 [
b10 H
b10 X
b11011001110001111001011110000 D
b11011001110001111001011110000 e
b100 Q
b111010000101111000110100010000 I
b111010000101111000110100010000 W
b11011001110001111001011110000 L
b11011001110001111001011110000 ]
1$
#9920000
0$
#9925000
b101010101010000100000000000000 >
b101010101010000100000000000000 [
b0 H
b0 X
b11001101010001 Z
b110011010100011001110000000000 B
b110011010100011001110000000000 g
b101 Q
b110011010100011001110000000000 N
b110011010100011001110000000000 _
1$
#9930000
0$
#9935000
b10000 !
b10000 E
b1000000000011101 Z
b10000000000111011001110000000000 B
b10000000000111011001110000000000 g
b111101101000000001011111001011110000 D
b111101101000000001011111001011110000 e
b10000 F
b10000 U
b1 Q
b10000000000111011001110000000000 N
b10000000000111011001110000000000 _
b111101101000000001011111001011110000 L
b111101101000000001011111001011110000 ]
1$
#9940000
0$
#9945000
b1011010001110100001000000011001 >
b1011010001110100001000000011001 [
b10 Q
b110110100000000101 K
b110110100000000101 Y
1$
#9950000
0$
#9955000
b1000000000111010000001101001001 >
b1000000000111010000001101001001 [
b1 H
b1 X
b1011010001110100001000000011001 D
b1011010001110100001000000011001 e
b11 Q
b1011010001110100001000000011001 I
b1011010001110100001000000011001 W
b1011010001110100001000000011001 L
b1011010001110100001000000011001 ]
1$
#9960000
0$
#9965000
b111101100111111000101001000100100010 >
b111101100111111000101001000100100010 [
b10 H
b10 X
b11010000111010000110011010000 D
b11010000111010000110011010000 e
b100 Q
b10011010010101110001001101100010 I
b10011010010101110001001101100010 W
b11010000111010000110011010000 L
b11010000111010000110011010000 ]
1$
#9970000
0$
#9975000
b1011010001110100001000000011001 >
b1011010001110100001000000011001 [
b0 H
b0 X
b110110011111100010 Z
b111101100111111000101001000100100010 B
b111101100111111000101001000100100010 g
b101 Q
b111101100111111000101001000100100010 N
b111101100111111000101001000100100010 _
1$
#9980000
0$
#9985000
b10001 !
b10001 E
b111011010010101110 Z
b111110110100101011101001000100100010 B
b111110110100101011101001000100100010 g
b111101100110111010100000110011010000 D
b111101100110111010100000110011010000 e
b10001 F
b10001 U
b1 Q
b111110110100101011101001000100100010 N
b111110110100101011101001000100100010 _
b111101100110111010100000110011010000 L
b111101100110111010100000110011010000 ]
1$
#9990000
0$
#9995000
b1011011100010110100110111100100 >
b1011011100010110100110111100100 [
b10 Q
b110110011011101010 K
b110110011011101010 Y
1$
#10000000
0$
#10005000
b10110001010010010011001000100 >
b10110001010010010011001000100 [
b1 H
b1 X
b1011011100010110100110111100100 D
b1011011100010110100110111100100 e
b11 Q
b1011011100010110100110111100100 I
b1011011100010110100110111100100 W
b1011011100010110100110111100100 L
b1011011100010110100110111100100 ]
1$
#10010000
0$
#10015000
b1011010000101001111011000011000 >
b1011010000101001111011000011000 [
b10 H
b10 X
b1000101011000100010011110100000 D
b1000101011000100010011110100000 e
b100 Q
b1110001101101000111010000101000 I
b1110001101101000111010000101000 W
b1000101011000100010011110100000 L
b1000101011000100010011110100000 ]
1$
#10020000
0$
#10025000
b1011011100010110100110111100100 >
b1011011100010110100110111100100 [
b0 H
b0 X
b101101000010100 Z
b1011010000101001111011000011000 B
b1011010000101001111011000011000 g
b101 Q
b1011010000101001111011000011000 N
b1011010000101001111011000011000 _
1$
#10030000
0$
#10035000
b10010 !
b10010 E
b1010011011100000 Z
b10100110111000001111011000011000 B
b10100110111000001111011000011000 g
b111110010010001011110010011110100000 D
b111110010010001011110010011110100000 e
b10010 F
b10010 U
b1 Q
b10100110111000001111011000011000 N
b10100110111000001111011000011000 _
b111110010010001011110010011110100000 L
b111110010010001011110010011110100000 ]
1$
#10040000
0$
#10045000
b101111000110111010010010100001 >
b101111000110111010010010100001 [
b10 Q
b111001001000101111 K
b111001001000101111 Y
1$
#10050000
0$
#10055000
b1101100110001110100010000000000 >
b1101100110001110100010000000000 [
b1 H
b1 X
b101111000110111010010010100001 D
b101111000110111010010010100001 e
b11 Q
b101111000110111010010010100001 I
b101111000110111010010010100001 W
b101111000110111010010010100001 L
b101111000110111010010010100001 ]
1$
#10060000
0$
#10065000
b111101110000110101001100011001000000 >
b111101110000110101001100011001000000 [
b10 H
b10 X
b111111000010010101000110000010100001 D
b111111000010010101000110000010100001 e
b100 Q
b10011011111000101110100010100001 I
b10011011111000101110100010100001 W
b111111000010010101000110000010100001 L
b111111000010010101000110000010100001 ]
1$
#10070000
0$
#10075000
b101111000110111010010010100001 >
b101111000110111010010010100001 [
b0 H
b0 X
b110111000011010100 Z
b111101110000110101001100011001000000 B
b111101110000110101001100011001000000 g
b101 Q
b111101110000110101001100011001000000 N
b111101110000110101001100011001000000 _
1$
#10080000
0$
#10085000
b10011 !
b10011 E
b111011110110100000 Z
b111110111101101000001100011001000000 B
b111110111101101000001100011001000000 g
b111100001111001000010110000010100001 D
b111100001111001000010110000010100001 e
b10011 F
b10011 U
b1 Q
b111110111101101000001100011001000000 N
b111110111101101000001100011001000000 _
b111100001111001000010110000010100001 L
b111100001111001000010110000010100001 ]
1$
#10090000
0$
#10095000
b11100010101000101110001001000001 >
b11100010101000101110001001000001 [
b10 Q
b110000111100100001 K
b110000111100100001 Y
1$
#10100000
0$
#10105000
b10001001101011010010000000000 >
b10001001101011010010000000000 [
b1 H
b1 X
b11100010101000101110001001000001 D
b11100010101000101110001001000001 e
b11 Q
b11100010101000101110001001000001 I
b11100010101000101110001001000001 W
b11100010101000101110001001000001 L
b11100010101000101110001001000001 ]
1$
#10110000
0$
#10115000
b1111100111001111010001101000000 >
b1111100111001111010001101000000 [
b10 H
b10 X
b11010001011011010011111001000001 D
b11010001011011010011111001000001 e
b100 Q
b11110011110110001000011001000001 I
b11110011110110001000011001000001 W
b11010001011011010011111001000001 L
b11010001011011010011111001000001 ]
1$
#10120000
0$
#10125000
b11100010101000101110001001000001 >
b11100010101000101110001001000001 [
b0 H
b0 X
b111110011100111 Z
b1111100111001111010001101000000 B
b1111100111001111010001101000000 g
b101 Q
b1111100111001111010001101000000 N
b1111100111001111010001101000000 _
1$
#10130000
0$
#10135000
b10100 !
b10100 E
b1100100110110011 Z
b11001001101100111010001101000000 B
b11001001101100111010001101000000 g
b11110001110100011111001000001 D
b11110001110100011111001000001 e
b10100 F
b10100 U
b1 Q
b11001001101100111010001101000000 N
b11001001101100111010001101000000 _
b11110001110100011111001000001 L
b11110001110100011111001000001 ]
1$
#10140000
0$
#10145000
b11100100011010010100100100 >
b11100100011010010100100100 [
b10 Q
b1111000111010 K
b1111000111010 Y
1$
#10150000
0$
#10155000
b10011110111010101001001100101001 >
b10011110111010101001001100101001 [
b1 H
b1 X
b11100100011010010100100100 D
b11100100011010010100100100 e
b11 Q
b11100100011010010100100100 I
b11100100011010010100100100 W
b11100100011010010100100100 L
b11100100011010010100100100 ]
1$
#10160000
0$
#10165000
b101111101000010101100100011100 >
b101111101000010101100100011100 [
b10 H
b10 X
b111101100100101001110001000111111011 D
b111101100100101001110001000111111011 e
b100 Q
b10100010011111000011100001001101 I
b10100010011111000011100001001101 W
b111101100100101001110001000111111011 L
b111101100100101001110001000111111011 ]
1$
#10170000
0$
#10175000
b11100100011010010100100100 >
b11100100011010010100100100 [
b0 H
b0 X
b10111110100001 Z
b101111101000010101100100011100 B
b101111101000010101100100011100 g
b101 Q
b101111101000010101100100011100 N
b101111101000010101100100011100 _
1$
#10180000
0$
#10185000
b10101 !
b10101 E
b111110001101101 Z
b1111100011011010101100100011100 B
b1111100011011010101100100011100 g
b111010110001011101000001000111111011 D
b111010110001011101000001000111111011 e
b10101 F
b10101 U
b1 Q
b1111100011011010101100100011100 N
b1111100011011010101100100011100 _
b111010110001011101000001000111111011 L
b111010110001011101000001000111111011 ]
1$
#10190000
0$
#10195000
b110110101001100011001110010010000 >
b110110101001100011001110010010000 [
b10 Q
b101011000101110100 K
b101011000101110100 Y
1$
#10200000
0$
#10205000
b111100011110011100011001101001 >
b111100011110011100011001101001 [
b1 H
b1 X
b110110101001100011001110010010000 D
b110110101001100011001110010010000 e
b11 Q
b110110101001100011001110010010000 I
b110110101001100011001110010010000 W
b110110101001100011001110010010000 L
b110110101001100011001110010010000 ]
1$
#10210000
0$
#10215000
b111010111010110010110111110011001000 >
b111010111010110010110111110011001000 [
b10 H
b10 X
b101111000101101111101011000100111 D
b101111000101101111101011000100111 e
b100 Q
b111110001101010110110001011111001 I
b111110001101010110110001011111001 W
b101111000101101111101011000100111 L
b101111000101101111101011000100111 ]
1$
#10220000
0$
#10225000
b110110101001100011001110010010000 >
b110110101001100011001110010010000 [
b0 H
b0 X
b101011101011001011 Z
b111010111010110010110111110011001000 B
b111010111010110010110111110011001000 g
b101 Q
b111010111010110010110111110011001000 N
b111010111010110010110111110011001000 _
1$
#10230000
0$
#10235000
b10110 !
b10110 E
b110000011110010111 Z
b111100000111100101110111110011001000 B
b111100000111100101110111110011001000 g
b11000101100001001101011000100111 D
b11000101100001001101011000100111 e
b10110 F
b10110 U
b1 Q
b111100000111100101110111110011001000 N
b111100000111100101110111110011001000 _
b11000101100001001101011000100111 L
b11000101100001001101011000100111 ]
1$
#10240000
0$
#10245000
b10011000011001000110110000010000 >
b10011000011001000110110000010000 [
b10 Q
b1100010110000100 K
b1100010110000100 Y
1$
#10250000
0$
#10255000
b11110001000010111001101100010001 >
b11110001000010111001101100010001 [
b1 H
b1 X
b10011000011001000110110000010000 D
b10011000011001000110110000010000 e
b11 Q
b10011000011001000110110000010000 I
b10011000011001000110110000010000 W
b10011000011001000110110000010000 L
b10011000011001000110110000010000 ]
1$
#10260000
0$
#10265000
b111010000000101011100011100110111000 >
b111010000000101011100011100110111000 [
b10 H
b10 X
b111110100111010110001101000011111111 D
b111110100111010110001101000011111111 e
b100 Q
b110001001011100000000011100100001 I
b110001001011100000000011100100001 W
b111110100111010110001101000011111111 L
b111110100111010110001101000011111111 ]
1$
#10270000
0$
#10275000
b10011000011001000110110000010000 >
b10011000011001000110110000010000 [
b0 H
b0 X
b101000000010101110 Z
b111010000000101011100011100110111000 B
b111010000000101011100011100110111000 g
b101 Q
b111010000000101011100011100110111000 N
b111010000000101011100011100110111000 _
1$
#10280000
0$
#10285000
b10111 !
b10111 E
b101100110101111010 Z
b111011001101011110100011100110111000 B
b111011001101011110100011100110111000 g
b111011110100001001011101000011111111 D
b111011110100001001011101000011111111 e
b10111 F
b10111 U
b1 Q
b111011001101011110100011100110111000 N
b111011001101011110100011100110111000 _
b111011110100001001011101000011111111 L
b111011110100001001011101000011111111 ]
1$
#10290000
0$
#10295000
b100011000010000101000110101011001 >
b100011000010000101000110101011001 [
b10 Q
b101111010000100101 K
b101111010000100101 Y
1$
#10300000
0$
#10305000
b101101111000001001001111000100100 >
b101101111000001001001111000100100 [
b1 H
b1 X
b100011000010000101000110101011001 D
b100011000010000101000110101011001 e
b11 Q
b100011000010000101000110101011001 I
b100011000010000101000110101011001 W
b100011000010000101000110101011001 L
b100011000010000101000110101011001 ]
1$
#10310000
0$
#10315000
b1010000001011011111111010101000100 >
b1010000001011011111111010101000100 [
b10 H
b10 X
b111110101001001111011110111100110101 D
b111110101001001111011110111100110101 e
b100 Q
b1010000111010001110010101101111101 I
b1010000111010001110010101101111101 W
b111110101001001111011110111100110101 L
b111110101001001111011110111100110101 ]
1$
#10320000
0$
#10325000
b100011000010000101000110101011001 >
b100011000010000101000110101011001 [
b0 H
b0 X
b101000000101101111 Z
b1010000001011011111111010101000100 B
b1010000001011011111111010101000100 g
b101 Q
b1010000001011011111111010101000100 N
b1010000001011011111111010101000100 _
1$
#10330000
0$
#10335000
b11000 !
b11000 E
b101100111000111011 Z
b1011001110001110111111010101000100 B
b1011001110001110111111010101000100 g
b111011110110000010101110111100110101 D
b111011110110000010101110111100110101 e
b11000 F
b11000 U
b1 Q
b1011001110001110111111010101000100 N
b1011001110001110111111010101000100 _
b111011110110000010101110111100110101 L
b111011110110000010101110111100110101 ]
1$
#10340000
0$
#10345000
b100010100010011110011100001100100 >
b100010100010011110011100001100100 [
b10 Q
b101111011000001010 K
b101111011000001010 Y
1$
#10350000
0$
#10355000
b101101101001101110000000110011001 >
b101101101001101110000000110011001 [
b1 H
b1 X
b100010100010011110011100001100100 D
b100010100010011110011100001100100 e
b11 Q
b100010100010011110011100001100100 I
b100010100010011110011100001100100 W
b100010100010011110011100001100100 L
b100010100010011110011100001100100 ]
1$
#10360000
0$
#10365000
b1001111011010101011000000010011100 >
b1001111011010101011000000010011100 [
b10 H
b10 X
b111110100111000110000011011011001011 D
b111110100111000110000011011011001011 e
b100 Q
b1010000001100001100011100111111101 I
b1010000001100001100011100111111101 W
b111110100111000110000011011011001011 L
b111110100111000110000011011011001011 ]
1$
#10370000
0$
#10375000
b100010100010011110011100001100100 >
b100010100010011110011100001100100 [
b0 H
b0 X
b100111101101010101 Z
b1001111011010101011000000010011100 B
b1001111011010101011000000010011100 g
b101 Q
b1001111011010101011000000010011100 N
b1001111011010101011000000010011100 _
1$
#10380000
0$
#10385000
b11001 !
b11001 E
b101100100000100001 Z
b1011001000001000011000000010011100 B
b1011001000001000011000000010011100 g
b111011110011111001010011011011001011 D
b111011110011111001010011011011001011 e
b11001 F
b11001 U
b1 Q
b1011001000001000011000000010011100 N
b1011001000001000011000000010011100 _
b111011110011111001010011011011001011 L
b111011110011111001010011011011001011 ]
1$
#10390000
0$
#10395000
b100011000110010001000101011011001 >
b100011000110010001000101011011001 [
b10 Q
b101111001111100101 K
b101111001111100101 Y
1$
#10400000
0$
#10405000
b101111011111011111001010001000001 >
b101111011111011111001010001000001 [
b1 H
b1 X
b100011000110010001000101011011001 D
b100011000110010001000101011011001 e
b11 Q
b100011000110010001000101011011001 I
b100011000110010001000101011011001 W
b100011000110010001000101011011001 L
b100011000110010001000101011011001 ]
1$
#10410000
0$
#10415000
b1010001101001111001011000100001010 >
b1010001101001111001011000100001010 [
b10 H
b10 X
b111110011100110110001111011010011000 D
b111110011100110110001111011010011000 e
b100 Q
b1010010100101110000001111100011010 I
b1010010100101110000001111100011010 W
b111110011100110110001111011010011000 L
b111110011100110110001111011010011000 ]
1$
#10420000
0$
#10425000
b100011000110010001000101011011001 >
b100011000110010001000101011011001 [
b0 H
b0 X
b101000110100111100 Z
b1010001101001111001011000100001010 B
b1010001101001111001011000100001010 g
b101 Q
b1010001101001111001011000100001010 N
b1010001101001111001011000100001010 _
1$
#10430000
0$
#10435000
b11010 !
b11010 E
b101101101000001000 Z
b1011011010000010001011000100001010 B
b1011011010000010001011000100001010 g
b111011101001101001011111011010011000 D
b111011101001101001011111011010011000 e
b11010 F
b11010 U
b1 Q
b1011011010000010001011000100001010 N
b1011011010000010001011000100001010 _
b111011101001101001011111011010011000 L
b111011101001101001011111011010011000 ]
1$
#10440000
0$
#10445000
b100101110101010011100010001011001 >
b100101110101010011100010001011001 [
b10 Q
b101110100110100101 K
b101110100110100101 Y
1$
#10450000
0$
#10455000
b101010001100100011010000001000000 >
b101010001100100011010000001000000 [
b1 H
b1 X
b100101110101010011100010001011001 D
b100101110101010011100010001011001 e
b11 Q
b100101110101010011100010001011001 I
b100101110101010011100010001011001 W
b100101110101010011100010001011001 L
b100101110101010011100010001011001 ]
1$
#10460000
0$
#10465000
b1001111111010001111001111001010000 >
b1001111111010001111001111001010000 [
b10 H
b10 X
b111111011101000110000010010000011001 D
b111111011101000110000010010000011001 e
b100 Q
b1010000000001110110110010010011001 I
b1010000000001110110110010010011001 W
b111111011101000110000010010000011001 L
b111111011101000110000010010000011001 ]
1$
#10470000
0$
#10475000
b100101110101010011100010001011001 >
b100101110101010011100010001011001 [
b0 H
b0 X
b100111111101000111 Z
b1001111111010001111001111001010000 B
b1001111111010001111001111001010000 g
b101 Q
b1001111111010001111001111001010000 N
b1001111111010001111001111001010000 _
1$
#10480000
0$
#10485000
b11011 !
b11011 E
b101100110000010011 Z
b1011001100000100111001111001010000 B
b1011001100000100111001111001010000 g
b111100101001111001010010010000011001 D
b111100101001111001010010010000011001 e
b11011 F
b11011 U
b1 Q
b1011001100000100111001111001010000 N
b1011001100000100111001111001010000 _
b111100101001111001010010010000011001 L
b111100101001111001010010010000011001 ]
1$
#10490000
0$
#10495000
b10110011000100010010011011011001 >
b10110011000100010010011011011001 [
b10 Q
b110010100111100101 K
b110010100111100101 Y
1$
#10500000
0$
#10505000
b101110010011000100100100101101001 >
b101110010011000100100100101101001 [
b1 H
b1 X
b10110011000100010010011011011001 D
b10110011000100010010011011011001 e
b11 Q
b10110011000100010010011011011001 I
b10110011000100010010011011011001 W
b10110011000100010010011011011001 L
b10110011000100010010011011011001 ]
1$
#10510000
0$
#10515000
b1000000011000100010010111111111110 >
b1000000011000100010010111111111110 [
b10 H
b10 X
b111101000000101011101101110101110000 D
b111101000000101011101101110101110000 e
b100 Q
b1000100101011100110111000001000010 I
b1000100101011100110111000001000010 W
b111101000000101011101101110101110000 L
b111101000000101011101101110101110000 ]
1$
#10520000
0$
#10525000
b10110011000100010010011011011001 >
b10110011000100010010011011011001 [
b0 H
b0 X
b100000001100010001 Z
b1000000011000100010010111111111110 B
b1000000011000100010010111111111110 g
b101 Q
b1000000011000100010010111111111110 N
b1000000011000100010010111111111110 _
1$
#10530000
0$
#10535000
b11100 !
b11100 E
b100100111111011101 Z
b1001001111110111010010111111111110 B
b1001001111110111010010111111111110 g
b111010001101011110111101110101110000 D
b111010001101011110111101110101110000 e
b11100 F
b11100 U
b1 Q
b1001001111110111010010111111111110 N
b1001001111110111010010111111111110 _
b111010001101011110111101110101110000 L
b111010001101011110111101110101110000 ]
1$
#10540000
0$
#10545000
b1000011000010001001011100100011001 >
b1000011000010001001011100100011001 [
b10 Q
b101000110101111011 K
b101000110101111011 Y
1$
#10550000
0$
#10555000
b1011011001011101100010010011001001 >
b1011011001011101100010010011001001 [
b1 H
b1 X
b1000011000010001001011100100011001 D
b1000011000010001001011100100011001 e
b11 Q
b1000011000010001001011100100011001 I
b1000011000010001001011100100011001 W
b1000011000010001001011100100011001 L
b1000011000010001001011100100011001 ]
1$
#10560000
0$
#10565000
b10011100010111001100011000001011110 >
b10011100010111001100011000001011110 [
b10 H
b10 X
1@
b111100111110110011101001010001010000 D
b111100111110110011101001010001010000 e
b100 Q
b10011110001101110101101110111100010 I
b10011110001101110101101110111100010 W
b111100111110110011101001010001010000 L
b111100111110110011101001010001010000 ]
1$
#10570000
0$
#10575000
1#
b1000011000010001001011100100011001 >
b1000011000010001001011100100011001 [
b0 H
b0 X
b111 Q
1$
#10580000
0$
#10585000
b1000010 4
1$
#10590000
0$
#10595000
b1000100 4
1$
#10600000
0$
#10605000
b1000110 4
1$
#10610000
0$
#10615000
b1001000 4
1$
#10620000
1+
0$
#10625000
0#
b0 Q
b0 R
1$
#10630000
0+
0$
#10635000
b0 2
b0 <
b0 0
b0 :
b10011111101111 &
b10011111101111 7
b110011001100110100 %
b110011001100110100 6
1'
b1001001 4
1$
#10640000
1-
0$
#10645000
b0 Z
b0 !
b0 E
b0 B
b0 g
b0 D
b0 e
0@
b1 Q
b0 N
b0 _
b0 L
b0 ]
b0 F
b0 U
b1 R
b0 I
b0 W
1$
#10650000
0-
0$
#10655000
b0 >
b0 [
b10 Q
b0 K
b0 Y
1$
#10660000
0$
#10665000
b1 H
b1 X
b11 Q
1$
#10670000
0$
#10675000
b10 H
b10 X
b100 Q
1$
#10680000
0$
#10685000
b0 H
b0 X
b110 Q
1$
#10690000
0$
#10695000
b1 !
b1 E
b10011111101111 Z
b100111111011110000000000000000 B
b100111111011110000000000000000 g
b111100110011001101000000000000000000 D
b111100110011001101000000000000000000 e
b1 F
b1 U
b1 Q
b100111111011110000000000000000 N
b100111111011110000000000000000 _
b111100110011001101000000000000000000 L
b111100110011001101000000000000000000 ]
1$
#10700000
0$
#10705000
b10100011110101011100001010010000 >
b10100011110101011100001010010000 [
b10 Q
b110011001100110100 K
b110011001100110100 Y
1$
#10710000
0$
#10715000
b110001110101011000100100001 >
b110001110101011000100100001 [
b1 H
b1 X
b10100011110101011100001010010000 D
b10100011110101011100001010010000 e
b11 Q
b10100011110101011100001010010000 I
b10100011110101011100001010010000 W
b10100011110101011100001010010000 L
b10100011110101011100001010010000 ]
1$
#10720000
0$
#10725000
b111111000000000110110111001100011000 >
b111111000000000110110111001100011000 [
b10 H
b10 X
b10011101100110110001000101101111 D
b10011101100110110001000101101111 e
b100 Q
b10101010000100000111001110110001 I
b10101010000100000111001110110001 W
b10011101100110110001000101101111 L
b10011101100110110001000101101111 ]
1$
#10730000
0$
#10735000
b10100011110101011100001010010000 >
b10100011110101011100001010010000 [
b0 H
b0 X
b111100000000011011 Z
b111111000000000110110111001100011000 B
b111111000000000110110111001100011000 g
b110 Q
b111111000000000110110111001100011000 N
b111111000000000110110111001100011000 _
1$
#10740000
0$
#10745000
b10 !
b10 E
b111110100000001010 Z
b111111101000000010100111001100011000 B
b111111101000000010100111001100011000 g
b111111010000110011110001000101101111 D
b111111010000110011110001000101101111 e
b10 F
b10 U
b1 Q
b111111101000000010100111001100011000 N
b111111101000000010100111001100011000 _
b111111010000110011110001000101101111 L
b111111010000110011110001000101101111 ]
1$
#10750000
0$
#10755000
b1000101100110000011101100001 >
b1000101100110000011101100001 [
b10 Q
b111101000011001111 K
b111101000011001111 Y
1$
#10760000
0$
#10765000
b10001111100010000001100100 >
b10001111100010000001100100 [
b1 H
b1 X
b1000101100110000011101100001 D
b1000101100110000011101100001 e
b11 Q
b1000101100110000011101100001 I
b1000101100110000011101100001 W
b1000101100110000011101100001 L
b1000101100110000011101100001 ]
1$
#10770000
0$
#10775000
b1000110101011000000000101100 >
b1000110101011000000000101100 [
b10 H
b10 X
b110011101001110011011111101 D
b110011101001110011011111101 e
b100 Q
b1010111100010010011111000101 I
b1010111100010010011111000101 W
b110011101001110011011111101 L
b110011101001110011011111101 ]
1$
#10780000
0$
#10785000
b1000101100110000011101100001 >
b1000101100110000011101100001 [
b0 H
b0 X
b100011010101 Z
b1000110101011000000000101100 B
b1000110101011000000000101100 g
b110 Q
b1000110101011000000000101100 N
b1000110101011000000000101100 _
1$
#10790000
0$
#10795000
b11 !
b11 E
b11000011000100 Z
b110000110001001000000000101100 B
b110000110001001000000000101100 g
b111100111001101010001110011011111101 D
b111100111001101010001110011011111101 e
b11 F
b11 U
b1 Q
b110000110001001000000000101100 N
b110000110001001000000000101100 _
b111100111001101010001110011011111101 L
b111100111001101010001110011011111101 ]
1$
#10800000
0$
#10805000
b10011001101011000011111001000000 >
b10011001101011000011111001000000 [
b10 Q
b110011100110101000 K
b110011100110101000 Y
1$
#10810000
0$
#10815000
b1001010010100001011000010000 >
b1001010010100001011000010000 [
b1 H
b1 X
b10011001101011000011111001000000 D
b10011001101011000011111001000000 e
b11 Q
b10011001101011000011111001000000 I
b10011001101011000011111001000000 W
b10011001101011000011111001000000 L
b10011001101011000011111001000000 ]
1$
#10820000
0$
#10825000
b111110110100011011110100100101000000 >
b111110110100011011110100100101000000 [
b10 H
b10 X
b10010000011000100010100000110000 D
b10010000011000100010100000110000 e
b100 Q
b10100010111101100101010001010000 I
b10100010111101100101010001010000 W
b10010000011000100010100000110000 L
b10010000011000100010100000110000 ]
1$
#10830000
0$
#10835000
b10011001101011000011111001000000 >
b10011001101011000011111001000000 [
b0 H
b0 X
b111011010001101111 Z
b111110110100011011110100100101000000 B
b111110110100011011110100100101000000 g
b110 Q
b111110110100011011110100100101000000 N
b111110110100011011110100100101000000 _
1$
#10840000
0$
#10845000
b100 !
b100 E
b111101110001011110 Z
b111111011100010111100100100101000000 B
b111111011100010111100100100101000000 g
b111111000011100101100010100000110000 D
b111111000011100101100010100000110000 e
b100 F
b100 U
b1 Q
b111111011100010111100100100101000000 N
b111111011100010111100100100101000000 _
b111111000011100101100010100000110000 L
b111111000011100101100010100000110000 ]
1$
#10850000
0$
#10855000
b1110010000011101101111100100 >
b1110010000011101101111100100 [
b10 Q
b111100001110010110 K
b111100001110010110 Y
1$
#10860000
0$
#10865000
b100111101011011001010000100 >
b100111101011011001010000100 [
b1 H
b1 X
b1110010000011101101111100100 D
b1110010000011101101111100100 e
b11 Q
b1110010000011101101111100100 I
b1110010000011101101111100100 W
b1110010000011101101111100100 L
b1110010000011101101111100100 ]
1$
#10870000
0$
#10875000
b10000110100010111001000101000 >
b10000110100010111001000101000 [
b10 H
b10 X
b1001010011000010100101100000 D
b1001010011000010100101100000 e
b100 Q
b10011001101111000111001101000 I
b10011001101111000111001101000 W
b1001010011000010100101100000 L
b1001010011000010100101100000 ]
1$
#10880000
0$
#10885000
b1110010000011101101111100100 >
b1110010000011101101111100100 [
b0 H
b0 X
b1000011010001 Z
b10000110100010111001000101000 B
b10000110100010111001000101000 g
b110 Q
b10000110100010111001000101000 N
b10000110100010111001000101000 _
1$
#10890000
0$
#10895000
b101 !
b101 E
b11100011000000 Z
b111000110000000111001000101000 B
b111000110000000111001000101000 g
b111100111100100000000010100101100000 D
b111100111100100000000010100101100000 e
b101 F
b101 U
b1 Q
b111000110000000111001000101000 N
b111000110000000111001000101000 _
b111100111100100000000010100101100000 L
b111100111100100000000010100101100000 ]
1$
#10900000
0$
#10905000
b10010101010011000100000000000000 >
b10010101010011000100000000000000 [
b10 Q
b110011110010000000 K
b110011110010000000 Y
1$
#10910000
0$
#10915000
b1100100101001001000000000000 >
b1100100101001001000000000000 [
b1 H
b1 X
b10010101010011000100000000000000 D
b10010101010011000100000000000000 e
b11 Q
b10010101010011000100000000000000 I
b10010101010011000100000000000000 W
b10010101010011000100000000000000 L
b10010101010011000100000000000000 ]
1$
#10920000
0$
#10925000
b111110101001010100101100000000000000 >
b111110101001010100101100000000000000 [
b10 H
b10 X
b10001000101101111011000000000000 D
b10001000101101111011000000000000 e
b100 Q
b10100001111000001101000000000000 I
b10100001111000001101000000000000 W
b10001000101101111011000000000000 L
b10001000101101111011000000000000 ]
1$
#10930000
0$
#10935000
b10010101010011000100000000000000 >
b10010101010011000100000000000000 [
b0 H
b0 X
b111010100101010010 Z
b111110101001010100101100000000000000 B
b111110101001010100101100000000000000 g
b110 Q
b111110101001010100101100000000000000 N
b111110101001010100101100000000000000 _
1$
#10940000
0$
#10945000
b110 !
b110 E
b111101000101000001 Z
b111111010001010000011100000000000000 B
b111111010001010000011100000000000000 g
b111110111011111010111011000000000000 D
b111110111011111010111011000000000000 e
b110 F
b110 U
b1 Q
b111111010001010000011100000000000000 N
b111111010001010000011100000000000000 _
b111110111011111010111011000000000000 L
b111110111011111010111011000000000000 ]
1$
#10950000
0$
#10955000
b10010000110110010100110111001 >
b10010000110110010100110111001 [
b10 Q
b111011101111101011 K
b111011101111101011 Y
1$
#10960000
0$
#10965000
b1000100010010011001010000001 >
b1000100010010011001010000001 [
b1 H
b1 X
b10010000110110010100110111001 D
b10010000110110010100110111001 e
b11 Q
b10010000110110010100110111001 I
b10010000110110010100110111001 W
b10010000110110010100110111001 L
b10010000110110010100110111001 ]
1$
#10970000
0$
#10975000
b11000110111010010001101010110 >
b11000110111010010001101010110 [
b10 H
b10 X
b1001100100011111011100111000 D
b1001100100011111011100111000 e
b100 Q
b11010101001000101110000111010 I
b11010101001000101110000111010 W
b1001100100011111011100111000 L
b1001100100011111011100111000 ]
1$
#10980000
0$
#10985000
b10010000110110010100110111001 >
b10010000110110010100110111001 [
b0 H
b0 X
b1100011011101 Z
b11000110111010010001101010110 B
b11000110111010010001101010110 g
b110 Q
b11000110111010010001101010110 N
b11000110111010010001101010110 _
1$
#10990000
0$
#10995000
b111 !
b111 E
b100000011001100 Z
b1000000110011000010001101010110 B
b1000000110011000010001101010110 g
b111100111100110001011111011100111000 D
b111100111100110001011111011100111000 e
b111 F
b111 U
b1 Q
b1000000110011000010001101010110 N
b1000000110011000010001101010110 _
b111100111100110001011111011100111000 L
b111100111100110001011111011100111000 ]
1$
#11000000
0$
#11005000
b10010100111000101110111110011001 >
b10010100111000101110111110011001 [
b10 Q
b110011110011000101 K
b110011110011000101 Y
1$
#11010000
0$
#11015000
b10000011001101010001010010000 >
b10000011001101010001010010000 [
b1 H
b1 X
b10010100111000101110111110011001 D
b10010100111000101110111110011001 e
b11 Q
b10010100111000101110111110011001 I
b10010100111000101110111110011001 W
b10010100111000101110111110011001 L
b10010100111000101110111110011001 ]
1$
#11020000
0$
#11025000
b111110011101001010110101100111111000 >
b111110011101001010110101100111111000 [
b10 H
b10 X
b10000100011111000100110100001001 D
b10000100011111000100110100001001 e
b100 Q
b10100101010010011001001000101001 I
b10100101010010011001001000101001 W
b10000100011111000100110100001001 L
b10000100011111000100110100001001 ]
1$
#11030000
0$
#11035000
b10010100111000101110111110011001 >
b10010100111000101110111110011001 [
b0 H
b0 X
b111001110100101011 Z
b111110011101001010110101100111111000 B
b111110011101001010110101100111111000 g
b110 Q
b111110011101001010110101100111111000 N
b111110011101001010110101100111111000 _
1$
#11040000
0$
#11045000
b1000 !
b1000 E
b111100010100011010 Z
b111111000101000110100101100111111000 B
b111111000101000110100101100111111000 g
b111110110111101100000100110100001001 D
b111110110111101100000100110100001001 e
b1000 F
b1000 U
b1 Q
b111111000101000110100101100111111000 N
b111111000101000110100101100111111000 _
b111110110111101100000100110100001001 L
b111110110111101100000100110100001001 ]
1$
#11050000
0$
#11055000
b10100011011010001100100000000 >
b10100011011010001100100000000 [
b10 Q
b111011011110110000 K
b111011011110110000 Y
1$
#11060000
0$
#11065000
b1101100011010000011010100100 >
b1101100011010000011010100100 [
b1 H
b1 X
b10100011011010001100100000000 D
b10100011011010001100100000000 e
b11 Q
b10100011011010001100100000000 I
b10100011011010001100100000000 W
b10100011011010001100100000000 L
b10100011011010001100100000000 ]
1$
#11070000
0$
#11075000
b100001010001100010111111000000 >
b100001010001100010111111000000 [
b10 H
b10 X
b110111000000001001001011100 D
b110111000000001001001011100 e
b100 Q
b100001111110100001111110100100 I
b100001111110100001111110100100 W
b110111000000001001001011100 L
b110111000000001001001011100 ]
1$
#11080000
0$
#11085000
b10100011011010001100100000000 >
b10100011011010001100100000000 [
b0 H
b0 X
b10000101000110 Z
b100001010001100010111111000000 B
b100001010001100010111111000000 g
b110 Q
b100001010001100010111111000000 N
b100001010001100010111111000000 _
1$
#11090000
0$
#11095000
b1001 !
b1001 E
b100100100110101 Z
b1001001001101010010111111000000 B
b1001001001101010010111111000000 g
b111100111010000101000001001001011100 D
b111100111010000101000001001001011100 e
b1001 F
b1001 U
b1 Q
b1001001001101010010111111000000 N
b1001001001101010010111111000000 _
b111100111010000101000001001001011100 L
b111100111010000101000001001001011100 ]
1$
#11100000
0$
#11105000
b10011001000001010001000110010000 >
b10011001000001010001000110010000 [
b10 Q
b110011101000010100 K
b110011101000010100 Y
1$
#11110000
0$
#11115000
b10100111011110100010011111001 >
b10100111011110100010011111001 [
b1 H
b1 X
b10011001000001010001000110010000 D
b10011001000001010001000110010000 e
b11 Q
b10011001000001010001000110010000 I
b10011001000001010001000110010000 W
b10011001000001010001000110010000 L
b10011001000001010001000110010000 ]
1$
#11120000
0$
#11125000
b111110001110110011010111010001001000 >
b111110001110110011010111010001001000 [
b10 H
b10 X
b10000100000101011100110010010111 D
b10000100000101011100110010010111 e
b100 Q
b10101101111101000101011010001001 I
b10101101111101000101011010001001 W
b10000100000101011100110010010111 L
b10000100000101011100110010010111 ]
1$
#11130000
0$
#11135000
b10011001000001010001000110010000 >
b10011001000001010001000110010000 [
b0 H
b0 X
b111000111011001101 Z
b111110001110110011010111010001001000 B
b111110001110110011010111010001001000 g
b110 Q
b111110001110110011010111010001001000 N
b111110001110110011010111010001001000 _
1$
#11140000
0$
#11145000
b1010 !
b1010 E
b111011011010111100 Z
b111110110110101111000111010001001000 B
b111110110110101111000111010001001000 g
b111110110111010010011100110010010111 D
b111110110111010010011100110010010111 e
b1010 F
b1010 U
b1 Q
b111110110110101111000111010001001000 N
b111110110110101111000111010001001000 _
b111110110111010010011100110010010111 L
b111110110111010010011100110010010111 ]
1$
#11150000
0$
#11155000
b10100101001110111001011010001 >
b10100101001110111001011010001 [
b10 Q
b111011011101001001 K
b111011011101001001 Y
1$
#11160000
0$
#11165000
b10100111101111101101000010000 >
b10100111101111101101000010000 [
b1 H
b1 X
b10100101001110111001011010001 D
b10100101001110111001011010001 e
b11 Q
b10100101001110111001011010001 I
b10100101001110111001011010001 W
b10100101001110111001011010001 L
b10100101001110111001011010001 ]
1$
#11170000
0$
#11175000
b101001100111101111111100111000 >
b101001100111101111111100111000 [
b10 H
b10 X
b111111111111101011111001100011000001 D
b111111111111101011111001100011000001 e
b100 Q
b101001100111110100110011100001 I
b101001100111110100110011100001 W
b111111111111101011111001100011000001 L
b111111111111101011111001100011000001 ]
1$
#11180000
0$
#11185000
b10100101001110111001011010001 >
b10100101001110111001011010001 [
b0 H
b0 X
b10100110011110 Z
b101001100111101111111100111000 B
b101001100111101111111100111000 g
b110 Q
b101001100111101111111100111000 N
b101001100111101111111100111000 _
1$
#11190000
0$
#11195000
b1011 !
b1011 E
b101000110001101 Z
b1010001100011011111111100111000 B
b1010001100011011111111100111000 g
b111100110010111000111001100011000001 D
b111100110010111000111001100011000001 e
b1011 F
b1011 U
b1 Q
b1010001100011011111111100111000 N
b1010001100011011111111100111000 _
b111100110010111000111001100011000001 L
b111100110010111000111001100011000001 ]
1$
#11200000
0$
#11205000
b10100100010101110111010101001001 >
b10100100010101110111010101001001 [
b10 Q
b110011001011100011 K
b110011001011100011 Y
1$
#11210000
0$
#11215000
b11001111110101000011110101001 >
b11001111110101000011110101001 [
b1 H
b1 X
b10100100010101110111010101001001 D
b10100100010101110111010101001001 e
b11 Q
b10100100010101110111010101001001 I
b10100100010101110111010101001001 W
b10100100010101110111010101001001 L
b10100100010101110111010101001001 ]
1$
#11220000
0$
#11225000
b111101111101010100011011010000001110 >
b111101111101010100011011010000001110 [
b10 H
b10 X
b10001010010111001110110110100000 D
b10001010010111001110110110100000 e
b100 Q
b10111110010100011111110011110010 I
b10111110010100011111110011110010 W
b10001010010111001110110110100000 L
b10001010010111001110110110100000 ]
1$
#11230000
0$
#11235000
b10100100010101110111010101001001 >
b10100100010101110111010101001001 [
b0 H
b0 X
b110111110101010001 Z
b111101111101010100011011010000001110 B
b111101111101010100011011010000001110 g
b110 Q
b111101111101010100011011010000001110 N
b111101111101010100011011010000001110 _
1$
#11240000
0$
#11245000
b1100 !
b1100 E
b111010010101000000 Z
b111110100101010000001011010000001110 B
b111110100101010000001011010000001110 g
b111110111101100100001110110110100000 D
b111110111101100100001110110110100000 e
b1100 F
b1100 U
b1 Q
b111110100101010000001011010000001110 N
b111110100101010000001011010000001110 _
b111110111101100100001110110110100000 L
b111110111101100100001110110110100000 ]
1$
#11250000
0$
#11255000
b10001001111011111000100000000 >
b10001001111011111000100000000 [
b10 Q
b111011110110010000 K
b111011110110010000 Y
1$
#11260000
0$
#11265000
b100000001010111001000000000000 >
b100000001010111001000000000000 [
b1 H
b1 X
b10001001111011111000100000000 D
b10001001111011111000100000000 e
b11 Q
b10001001111011111000100000000 I
b10001001111011111000100000000 W
b10001001111011111000100000000 L
b10001001111011111000100000000 ]
1$
#11270000
0$
#11275000
b101111000110100110100000000000 >
b101111000110100110100000000000 [
b10 H
b10 X
b111111110001000100100110000100000000 D
b111111110001000100100110000100000000 e
b100 Q
b110001011010011000000100000000 I
b110001011010011000000100000000 W
b111111110001000100100110000100000000 L
b111111110001000100100110000100000000 ]
1$
#11280000
0$
#11285000
b10001001111011111000100000000 >
b10001001111011111000100000000 [
b0 H
b0 X
b10111100011010 Z
b101111000110100110100000000000 B
b101111000110100110100000000000 g
b110 Q
b101111000110100110100000000000 N
b101111000110100110100000000000 _
1$
#11290000
0$
#11295000
b1101 !
b1101 E
b101011100001001 Z
b1010111000010010110100000000000 B
b1010111000010010110100000000000 g
b111100100100010001100110000100000000 D
b111100100100010001100110000100000000 e
b1101 F
b1101 U
b1 Q
b1010111000010010110100000000000 N
b1010111000010010110100000000000 _
b111100100100010001100110000100000000 L
b111100100100010001100110000100000000 ]
1$
#11300000
0$
#11305000
b10111100100101111100001100100100 >
b10111100100101111100001100100100 [
b10 Q
b110010010001000110 K
b110010010001000110 Y
1$
#11310000
0$
#11315000
b11101100101110001111001010001 >
b11101100101110001111001010001 [
b1 H
b1 X
b10111100100101111100001100100100 D
b10111100100101111100001100100100 e
b11 Q
b10111100100101111100001100100100 I
b10111100100101111100001100100100 W
b10111100100101111100001100100100 L
b10111100100101111100001100100100 ]
1$
#11320000
0$
#11325000
b111101101010100110000010000011101100 >
b111101101010100110000010000011101100 [
b10 H
b10 X
b10011111000000001010010011010011 D
b10011111000000001010010011010011 e
b100 Q
b11011010001011101110000101110101 I
b11011010001011101110000101110101 W
b10011111000000001010010011010011 L
b10011111000000001010010011010011 ]
1$
#11330000
0$
#11335000
b10111100100101111100001100100100 >
b10111100100101111100001100100100 [
b0 H
b0 X
b110110101010011000 Z
b111101101010100110000010000011101100 B
b111101101010100110000010000011101100 g
b110 Q
b111101101010100110000010000011101100 N
b111101101010100110000010000011101100 _
1$
#11340000
0$
#11345000
b1110 !
b1110 E
b111001001010000111 Z
b111110010010100001110010000011101100 B
b111110010010100001110010000011101100 g
b111111010010001101001010010011010011 D
b111111010010001101001010010011010011 e
b1110 F
b1110 U
b1 Q
b111110010010100001110010000011101100 N
b111110010010100001110010000011101100 _
b111111010010001101001010010011010011 L
b111111010010001101001010010011010011 ]
1$
#11350000
0$
#11355000
b1000001100010101101010010000 >
b1000001100010101101010010000 [
b10 Q
b111101001000110100 K
b111101001000110100 Y
1$
#11360000
0$
#11365000
b101110110100000100001100110001 >
b101110110100000100001100110001 [
b1 H
b1 X
b1000001100010101101010010000 D
b1000001100010101101010010000 e
b11 Q
b1000001100010101101010010000 I
b1000001100010101101010010000 W
b1000001100010101101010010000 L
b1000001100010101101010010000 ]
1$
#11370000
0$
#11375000
b100111001010110000001011011000 >
b100111001010110000001011011000 [
b10 H
b10 X
b111111011001011000010001011101011111 D
b111111011001011000010001011101011111 e
b100 Q
b110111000000011001110111000001 I
b110111000000011001110111000001 W
b111111011001011000010001011101011111 L
b111111011001011000010001011101011111 ]
1$
#11380000
0$
#11385000
b1000001100010101101010010000 >
b1000001100010101101010010000 [
b0 H
b0 X
b10011100101011 Z
b100111001010110000001011011000 B
b100111001010110000001011011000 g
b110 Q
b100111001010110000001011011000 N
b100111001010110000001011011000 _
1$
#11390000
0$
#11395000
b1111 !
b1111 E
b100111100011010 Z
b1001111000110100000001011011000 B
b1001111000110100000001011011000 g
b111100001100100101010001011101011111 D
b111100001100100101010001011101011111 e
b1111 F
b1111 U
b1 Q
b1001111000110100000001011011000 N
b1001111000110100000001011011000 _
b111100001100100101010001011101011111 L
b111100001100100101010001011101011111 ]
1$
#11400000
0$
#11405000
b11100111011101000100111010111001 >
b11100111011101000100111010111001 [
b10 Q
b110000110010010101 K
b110000110010010101 Y
1$
#11410000
0$
#11415000
b11000011100010000111010100100 >
b11000011100010000111010100100 [
b1 H
b1 X
b11100111011101000100111010111001 D
b11100111011101000100111010111001 e
b11 Q
b11100111011101000100111010111001 I
b11100111011101000100111010111001 W
b11100111011101000100111010111001 L
b11100111011101000100111010111001 ]
1$
#11420000
0$
#11425000
b111101101001100100101000010001000100 >
b111101101001100100101000010001000100 [
b10 H
b10 X
b11001111000000110100000000010101 D
b11001111000000110100000000010101 e
b100 Q
b11111111111001010101110101011101 I
b11111111111001010101110101011101 W
b11001111000000110100000000010101 L
b11001111000000110100000000010101 ]
1$
#11430000
0$
#11435000
b11100111011101000100111010111001 >
b11100111011101000100111010111001 [
b0 H
b0 X
b110110100110010010 Z
b111101101001100100101000010001000100 B
b111101101001100100101000010001000100 g
b110 Q
b111101101001100100101000010001000100 N
b111101101001100100101000010001000100 _
1$
#11440000
0$
#11445000
b10000 !
b10000 E
b111001000110000001 Z
b111110010001100000011000010001000100 B
b111110010001100000011000010001000100 g
b10001101110100000000010101 D
b10001101110100000000010101 e
b10000 F
b10000 U
b1 Q
b111110010001100000011000010001000100 N
b111110010001100000011000010001000100 _
b10001101110100000000010101 L
b10001101110100000000010101 ]
1$
#11450000
0$
#11455000
b1001110011111010001 >
b1001110011111010001 [
b10 Q
b1000110111 K
b1000110111 Y
1$
#11460000
0$
#11465000
b101111101100010110001100000001 >
b101111101100010110001100000001 [
b1 H
b1 X
b1001110011111010001 D
b1001110011111010001 e
b11 Q
b1001110011111010001 I
b1001110011111010001 W
b1001110011111010001 L
b1001110011111010001 ]
1$
#11470000
0$
#11475000
b111111111110000101101000100101101110 >
b111111111110000101101000100101101110 [
b10 H
b10 X
b111111010000010100111000010011010000 D
b111111010000010100111000010011010000 e
b100 Q
b101111101101100100101011010010 I
b101111101101100100101011010010 W
b111111010000010100111000010011010000 L
b111111010000010100111000010011010000 ]
1$
#11480000
0$
#11485000
b1001110011111010001 >
b1001110011111010001 [
b0 H
b0 X
b111111111000010110 Z
b111111111110000101101000100101101110 B
b111111111110000101101000100101101110 g
b110 Q
b111111111110000101101000100101101110 N
b111111111110000101101000100101101110 _
1$
#11490000
0$
#11495000
b10001 !
b10001 E
b10011000000101 Z
b100110000001011000100101101110 B
b100110000001011000100101101110 g
b111100000011100001111000010011010000 D
b111100000011100001111000010011010000 e
b10001 F
b10001 U
b1 Q
b100110000001011000100101101110 N
b100110000001011000100101101110 _
b111100000011100001111000010011010000 L
b111100000011100001111000010011010000 ]
1$
#11500000
0$
#11505000
b11111000111111100111000100110001 >
b11111000111111100111000100110001 [
b10 Q
b110000001110000111 K
b110000001110000111 Y
1$
#11510000
0$
#11515000
b101101001010111110000011001 >
b101101001010111110000011001 [
b1 H
b1 X
b11111000111111100111000100110001 D
b11111000111111100111000100110001 e
b11 Q
b11111000111111100111000100110001 I
b11111000111111100111000100110001 W
b11111000111111100111000100110001 L
b11111000111111100111000100110001 ]
1$
#11520000
0$
#11525000
b111110110101000000100011011101000110 >
b111110110101000000100011011101000110 [
b10 H
b10 X
b11110011010110001111010100011000 D
b11110011010110001111010100011000 e
b100 Q
b11111110101000111110110101001010 I
b11111110101000111110110101001010 W
b11110011010110001111010100011000 L
b11110011010110001111010100011000 ]
1$
#11530000
0$
#11535000
b11111000111111100111000100110001 >
b11111000111111100111000100110001 [
b0 H
b0 X
b111011010100000010 Z
b111110110101000000100011011101000110 B
b111110110101000000100011011101000110 g
b110 Q
b111110110101000000100011011101000110 N
b111110110101000000100011011101000110 _
1$
#11540000
0$
#11545000
b10010 !
b10010 E
b111101110011110001 Z
b111111011100111100010011011101000110 B
b111111011100111100010011011101000110 g
b100110100011001111010100011000 D
b100110100011001111010100011000 e
b10010 F
b10010 U
b1 Q
b111111011100111100010011011101000110 N
b111111011100111100010011011101000110 _
b100110100011001111010100011000 L
b100110100011001111010100011000 ]
1$
#11550000
0$
#11555000
b101110011011101110010010000 >
b101110011011101110010010000 [
b10 Q
b10011010001100 K
b10011010001100 Y
1$
#11560000
0$
#11565000
b100110011010001101011100001 >
b100110011010001101011100001 [
b1 H
b1 X
b101110011011101110010010000 D
b101110011011101110010010000 e
b11 Q
b101110011011101110010010000 I
b101110011011101110010010000 W
b101110011011101110010010000 L
b101110011011101110010010000 ]
1$
#11570000
0$
#11575000
b111111110101011100010011001110011000 >
b111111110101011100010011001110011000 [
b10 H
b10 X
b1000000001100000110101111 D
b1000000001100000110101111 e
b100 Q
b1010100110101111011101110001 I
b1010100110101111011101110001 W
b1000000001100000110101111 L
b1000000001100000110101111 ]
1$
#11580000
0$
#11585000
b101110011011101110010010000 >
b101110011011101110010010000 [
b0 H
b0 X
b111111010101110001 Z
b111111110101011100010011001110011000 B
b111111110101011100010011001110011000 g
b110 Q
b111111110101011100010011001110011000 N
b111111110101011100010011001110011000 _
1$
#11590000
0$
#11595000
b10011 !
b10011 E
b1110101100000 Z
b11101011000000011001110011000 B
b11101011000000011001110011000 g
b111100110100001101001100000110101111 D
b111100110100001101001100000110101111 e
b10011 F
b10011 U
b1 Q
b11101011000000011001110011000 N
b11101011000000011001110011000 _
b111100110100001101001100000110101111 L
b111100110100001101001100000110101111 ]
1$
#11600000
0$
#11605000
b10100010001111010010101010010000 >
b10100010001111010010101010010000 [
b10 Q
b110011010000110100 K
b110011010000110100 Y
1$
#11610000
0$
#11615000
b11010111101110010000000000 >
b11010111101110010000000000 [
b1 H
b1 X
b10100010001111010010101010010000 D
b10100010001111010010101010010000 e
b11 Q
b10100010001111010010101010010000 I
b10100010001111010010101010010000 W
b10100010001111010010101010010000 L
b10100010001111010010101010010000 ]
1$
#11620000
0$
#11625000
b111111010001001110101110111100000000 >
b111111010001001110101110111100000000 [
b10 H
b10 X
b10011110110111100100011010010000 D
b10011110110111100100011010010000 e
b100 Q
b10100101100111000000111010010000 I
b10100101100111000000111010010000 W
b10011110110111100100011010010000 L
b10011110110111100100011010010000 ]
1$
#11630000
0$
#11635000
b10100010001111010010101010010000 >
b10100010001111010010101010010000 [
b0 H
b0 X
b111101000100111010 Z
b111111010001001110101110111100000000 B
b111111010001001110101110111100000000 g
b110 Q
b111111010001001110101110111100000000 N
b111111010001001110101110111100000000 _
1$
#11640000
0$
#11645000
b10100 !
b10100 E
b111111100100101001 Z
b111111111001001010011110111100000000 B
b111111111001001010011110111100000000 g
b111111010010000100100100011010010000 D
b111111010010000100100100011010010000 e
b10100 F
b10100 U
b1 Q
b111111111001001010011110111100000000 N
b111111111001001010011110111100000000 _
b111111010010000100100100011010010000 L
b111111010010000100100100011010010000 ]
1$
#11650000
0$
#11655000
b1000001111011000100101000100 >
b1000001111011000100101000100 [
b10 Q
b111101001000010010 K
b111101001000010010 Y
1$
#11660000
0$
#11665000
b1011101100100010010001 >
b1011101100100010010001 [
b1 H
b1 X
b1000001111011000100101000100 D
b1000001111011000100101000100 e
b11 Q
b1000001111011000100101000100 I
b1000001111011000100101000100 W
b1000001111011000100101000100 L
b1000001111011000100101000100 ]
1$
#11670000
0$
#11675000
b10011101000100110111000100 >
b10011101000100110111000100 [
b10 H
b10 X
b1000000011101100000010110011 D
b1000000011101100000010110011 e
b100 Q
b1000011011000101000111010101 I
b1000011011000101000111010101 W
b1000000011101100000010110011 L
b1000000011101100000010110011 ]
1$
#11680000
0$
#11685000
b1000001111011000100101000100 >
b1000001111011000100101000100 [
b0 H
b0 X
b1001110100 Z
b10011101000100110111000100 B
b10011101000100110111000100 g
b110 Q
b10011101000100110111000100 N
b10011101000100110111000100 _
1$
#11690000
0$
#11695000
b10101 !
b10101 E
b10101001100011 Z
b101010011000110100110111000100 B
b101010011000110100110111000100 g
b111100111011010000101100000010110011 D
b111100111011010000101100000010110011 e
b10101 F
b10101 U
b1 Q
b101010011000110100110111000100 N
b101010011000110100110111000100 _
b111100111011010000101100000010110011 L
b111100111011010000101100000010110011 ]
1$
#11700000
0$
#11705000
b10010111001100110111110100000100 >
b10010111001100110111110100000100 [
b10 Q
b110011101101000010 K
b110011101101000010 Y
1$
#11710000
0$
#11715000
b111000001001010001001001001 >
b111000001001010001001001001 [
b1 H
b1 X
b10010111001100110111110100000100 D
b10010111001100110111110100000100 e
b11 Q
b10010111001100110111110100000100 I
b10010111001100110111110100000100 W
b10010111001100110111110100000100 L
b10010111001100110111110100000100 ]
1$
#11720000
0$
#11725000
b111110111110110110010111110100001100 >
b111110111110110110010111110100001100 [
b10 H
b10 X
b10010000001011101101101010111011 D
b10010000001011101101101010111011 e
b100 Q
b10011110001110000001111101001101 I
b10011110001110000001111101001101 W
b10010000001011101101101010111011 L
b10010000001011101101101010111011 ]
1$
#11730000
0$
#11735000
b10010111001100110111110100000100 >
b10010111001100110111110100000100 [
b0 H
b0 X
b111011111011011001 Z
b111110111110110110010111110100001100 B
b111110111110110110010111110100001100 g
b110 Q
b111110111110110110010111110100001100 N
b111110111110110110010111110100001100 _
1$
#11740000
0$
#11745000
b10110 !
b10110 E
b111110011011001000 Z
b111111100110110010000111110100001100 B
b111111100110110010000111110100001100 g
b111111000011011000101101101010111011 D
b111111000011011000101101101010111011 e
b10110 F
b10110 U
b1 Q
b111111100110110010000111110100001100 N
b111111100110110010000111110100001100 _
b111111000011011000101101101010111011 L
b111111000011011000101101101010111011 ]
1$
#11750000
0$
#11755000
b1110010110100111000110000100 >
b1110010110100111000110000100 [
b10 Q
b111100001101100010 K
b111100001101100010 Y
1$
#11760000
0$
#11765000
b10011110111111110001000000 >
b10011110111111110001000000 [
b1 H
b1 X
b1110010110100111000110000100 D
b1110010110100111000110000100 e
b11 Q
b1110010110100111000110000100 I
b1110010110100111000110000100 W
b1110010110100111000110000100 L
b1110010110100111000110000100 ]
1$
#11770000
0$
#11775000
b1011111100010110000100100000 >
b1011111100010110000100100000 [
b10 H
b10 X
b1011110111100111010101000100 D
b1011110111100111010101000100 e
b100 Q
b10000110101100110110111000100 I
b10000110101100110110111000100 W
b1011110111100111010101000100 L
b1011110111100111010101000100 ]
1$
#11780000
0$
#11785000
b1110010110100111000110000100 >
b1110010110100111000110000100 [
b0 H
b0 X
b101111110001 Z
b1011111100010110000100100000 B
b1011111100010110000100100000 g
b110 Q
b1011111100010110000100100000 N
b1011111100010110000100100000 _
1$
#11790000
0$
#11795000
b10111 !
b10111 E
b11001111100000 Z
b110011111000000110000100100000 B
b110011111000000110000100100000 g
b111100111111000100100111010101000100 D
b111100111111000100100111010101000100 e
b10111 F
b10111 U
b1 Q
b110011111000000110000100100000 N
b110011111000000110000100100000 _
b111100111111000100100111010101000100 L
b111100111111000100100111010101000100 ]
1$
#11800000
0$
#11805000
b10010001011001011101110101000100 >
b10010001011001011101110101000100 [
b10 Q
b110011111100010010 K
b110011111100010010 Y
1$
#11810000
0$
#11815000
b1010100000110000010000000000 >
b1010100000110000010000000000 [
b1 H
b1 X
b10010001011001011101110101000100 D
b10010001011001011101110101000100 e
b11 Q
b10010001011001011101110101000100 I
b10010001011001011101110101000100 W
b10010001011001011101110101000100 L
b10010001011001011101110101000100 ]
1$
#11820000
0$
#11825000
b111110110001110011111000101110000000 >
b111110110001110011111000101110000000 [
b10 H
b10 X
b10000110111000101101100101000100 D
b10000110111000101101100101000100 e
b100 Q
b10011011111010001110000101000100 I
b10011011111010001110000101000100 W
b10000110111000101101100101000100 L
b10000110111000101101100101000100 ]
1$
#11830000
0$
#11835000
b10010001011001011101110101000100 >
b10010001011001011101110101000100 [
b0 H
b0 X
b111011000111001111 Z
b111110110001110011111000101110000000 B
b111110110001110011111000101110000000 g
b110 Q
b111110110001110011111000101110000000 N
b111110110001110011111000101110000000 _
1$
#11840000
0$
#11845000
b11000 !
b11000 E
b111101100110111110 Z
b111111011001101111101000101110000000 B
b111111011001101111101000101110000000 g
b111110111010000101101101100101000100 D
b111110111010000101101101100101000100 e
b11000 F
b11000 U
b1 Q
b111111011001101111101000101110000000 N
b111111011001101111101000101110000000 _
b111110111010000101101101100101000100 L
b111110111010000101101101100101000100 ]
1$
#11850000
0$
#11855000
b10011000101111111100111100100 >
b10011000101111111100111100100 [
b10 Q
b111011101000010110 K
b111011101000010110 Y
1$
#11860000
0$
#11865000
b101101101111010100100000100 >
b101101101111010100100000100 [
b1 H
b1 X
b10011000101111111100111100100 D
b10011000101111111100111100100 e
b11 Q
b10011000101111111100111100100 I
b10011000101111111100111100100 W
b10011000101111111100111100100 L
b10011000101111111100111100100 ]
1$
#11870000
0$
#11875000
b10100111001011000010010101000 >
b10100111001011000010010101000 [
b10 H
b10 X
b1101011000000101000011100000 D
b1101011000000101000011100000 e
b100 Q
b11000110011111010001011101000 I
b11000110011111010001011101000 W
b1101011000000101000011100000 L
b1101011000000101000011100000 ]
1$
#11880000
0$
#11885000
b10011000101111111100111100100 >
b10011000101111111100111100100 [
b0 H
b0 X
b1010011100101 Z
b10100111001011000010010101000 B
b10100111001011000010010101000 g
b110 Q
b10100111001011000010010101000 N
b10100111001011000010010101000 _
1$
#11890000
0$
#11895000
b11001 !
b11001 E
b11110011010100 Z
b111100110101001000010010101000 B
b111100110101001000010010101000 g
b111101000000100101000101000011100000 D
b111101000000100101000101000011100000 e
b11001 F
b11001 U
b1 Q
b111100110101001000010010101000 N
b111100110101001000010010101000 _
b111101000000100101000101000011100000 L
b111101000000100101000101000011100000 ]
1$
#11900000
0$
#11905000
b10001111001000100101010110010000 >
b10001111001000100101010110010000 [
b10 Q
b110100000010010100 K
b110100000010010100 Y
1$
#11910000
0$
#11915000
b1110011101000000111110010000 >
b1110011101000000111110010000 [
b1 H
b1 X
b10001111001000100101010110010000 D
b10001111001000100101010110010000 e
b11 Q
b10001111001000100101010110010000 I
b10001111001000100101010110010000 W
b10001111001000100101010110010000 L
b10001111001000100101010110010000 ]
1$
#11920000
0$
#11925000
b111110100101000010000101010100100000 >
b111110100101000010000101010100100000 [
b10 H
b10 X
b10000000101011100100011000000000 D
b10000000101011100100011000000000 e
b100 Q
b10011101100101100110010100100000 I
b10011101100101100110010100100000 W
b10000000101011100100011000000000 L
b10000000101011100100011000000000 ]
1$
#11930000
0$
#11935000
b10001111001000100101010110010000 >
b10001111001000100101010110010000 [
b0 H
b0 X
b111010010100001000 Z
b111110100101000010000101010100100000 B
b111110100101000010000101010100100000 g
b110 Q
b111110100101000010000101010100100000 N
b111110100101000010000101010100100000 _
1$
#11940000
0$
#11945000
b11010 !
b11010 E
b111100110011110111 Z
b111111001100111101110101010100100000 B
b111111001100111101110101010100100000 g
b111110110011111000100100011000000000 D
b111110110011111000100100011000000000 e
b11010 F
b11010 U
b1 Q
b111111001100111101110101010100100000 N
b111111001100111101110101010100100000 _
b111110110011111000100100011000000000 L
b111110110011111000100100011000000000 ]
1$
#11950000
0$
#11955000
b10110101000011101001110000100 >
b10110101000011101001110000100 [
b10 Q
b111011001111100010 K
b111011001111100010 Y
1$
#11960000
0$
#11965000
b1010001011001001011001010001 >
b1010001011001001011001010001 [
b1 H
b1 X
b10110101000011101001110000100 D
b10110101000011101001110000100 e
b11 Q
b10110101000011101001110000100 I
b10110101000011101001110000100 W
b10110101000011101001110000100 L
b10110101000011101001110000100 ]
1$
#11970000
0$
#11975000
b11110010110010100111000011100 >
b11110010110010100111000011100 [
b10 H
b10 X
b1100011101010011110100110011 D
b1100011101010011110100110011 e
b100 Q
b100000110011100110100111010101 I
b100000110011100110100111010101 W
b1100011101010011110100110011 L
b1100011101010011110100110011 ]
1$
#11980000
0$
#11985000
b10110101000011101001110000100 >
b10110101000011101001110000100 [
b0 H
b0 X
b1111001011001 Z
b11110010110010100111000011100 B
b11110010110010100111000011100 g
b110 Q
b11110010110010100111000011100 N
b11110010110010100111000011100 _
1$
#11990000
0$
#11995000
b11011 !
b11011 E
b100011001001000 Z
b1000110010010000100111000011100 B
b1000110010010000100111000011100 g
b111100111111101010010011110100110011 D
b111100111111101010010011110100110011 e
b11011 F
b11011 U
b1 Q
b1000110010010000100111000011100 N
b1000110010010000100111000011100 _
b111100111111101010010011110100110011 L
b111100111111101010010011110100110011 ]
1$
#12000000
0$
#12005000
b10010000100000101001110110010001 >
b10010000100000101001110110010001 [
b10 Q
b110011111110101001 K
b110011111110101001 Y
1$
#12010000
0$
#12015000
b10011010010110111010001000000 >
b10011010010110111010001000000 [
b1 H
b1 X
b10010000100000101001110110010001 D
b10010000100000101001110110010001 e
b11 Q
b10010000100000101001110110010001 I
b10010000100000101001110110010001 W
b10010000100000101001110110010001 L
b10010000100000101001110110010001 ]
1$
#12020000
0$
#12025000
b111110010110011001000011101100010000 >
b111110010110011001000011101100010000 [
b10 H
b10 X
b1111101001101110010100101010001 D
b1111101001101110010100101010001 e
b100 Q
b10100011110011100001000111010001 I
b10100011110011100001000111010001 W
b1111101001101110010100101010001 L
b1111101001101110010100101010001 ]
1$
#12030000
0$
#12035000
b10010000100000101001110110010001 >
b10010000100000101001110110010001 [
b0 H
b0 X
b111001011001100100 Z
b111110010110011001000011101100010000 B
b111110010110011001000011101100010000 g
b110 Q
b111110010110011001000011101100010000 N
b111110010110011001000011101100010000 _
1$
#12040000
0$
#12045000
b11100 !
b11100 E
b111011111001010011 Z
b111110111110010100110011101100010000 B
b111110111110010100110011101100010000 g
b111110110000011010110010100101010001 D
b111110110000011010110010100101010001 e
b11100 F
b11100 U
b1 Q
b111110111110010100110011101100010000 N
b111110111110010100110011101100010000 _
b111110110000011010110010100101010001 L
b111110110000011010110010100101010001 ]
1$
#12050000
0$
#12055000
b11000101111010100110010111001 >
b11000101111010100110010111001 [
b10 Q
b111011000001101011 K
b111011000001101011 Y
1$
#12060000
0$
#12065000
b10000110110010100111011101001 >
b10000110110010100111011101001 [
b1 H
b1 X
b11000101111010100110010111001 D
b11000101111010100110010111001 e
b11 Q
b11000101111010100110010111001 I
b11000101111010100110010111001 W
b11000101111010100110010111001 L
b11000101111010100110010111001 ]
1$
#12070000
0$
#12075000
b101000110101010011100101100010 >
b101000110101010011100101100010 [
b10 H
b10 X
b111111000111111110111010000 D
b111111000111111110111010000 e
b100 Q
b101001100101101001101110100010 I
b101001100101101001101110100010 W
b111111000111111110111010000 L
b111111000111111110111010000 ]
1$
#12080000
0$
#12085000
b11000101111010100110010111001 >
b11000101111010100110010111001 [
b0 H
b0 X
b10100011010101 Z
b101000110101010011100101100010 B
b101000110101010011100101100010 g
b110 Q
b101000110101010011100101100010 N
b101000110101010011100101100010 _
1$
#12090000
0$
#12095000
b11101 !
b11101 E
b101000011000100 Z
b1010000110001000011100101100010 B
b1010000110001000011100101100010 g
b111100111011000101111111110111010000 D
b111100111011000101111111110111010000 e
b11101 F
b11101 U
b1 Q
b1010000110001000011100101100010 N
b1010000110001000011100101100010 _
b111100111011000101111111110111010000 L
b111100111011000101111111110111010000 ]
1$
#12100000
0$
#12105000
b10010111011101011001110000010001 >
b10010111011101011001110000010001 [
b10 Q
b110011101100010111 K
b110011101100010111 Y
1$
#12110000
0$
#12115000
b11001011110110001011000010000 >
b11001011110110001011000010000 [
b1 H
b1 X
b10010111011101011001110000010001 D
b10010111011101011001110000010001 e
b11 Q
b10010111011101011001110000010001 I
b10010111011101011001110000010001 W
b10010111011101011001110000010001 L
b10010111011101011001110000010001 ]
1$
#12120000
0$
#12125000
b111110000011110000001101101100111000 >
b111110000011110000001101101100111000 [
b10 H
b10 X
b1111101111110101000011000000001 D
b1111101111110101000011000000001 e
b100 Q
b10110000111100001011001000100001 I
b10110000111100001011001000100001 W
b1111101111110101000011000000001 L
b1111101111110101000011000000001 ]
1$
#12130000
0$
#12135000
b10010111011101011001110000010001 >
b10010111011101011001110000010001 [
b0 H
b0 X
b111000001111000000 Z
b111110000011110000001101101100111000 B
b111110000011110000001101101100111000 g
b110 Q
b111110000011110000001101101100111000 N
b111110000011110000001101101100111000 _
1$
#12140000
0$
#12145000
b11110 !
b11110 E
b111010101110101111 Z
b111110101011101011111101101100111000 B
b111110101011101011111101101100111000 g
b111110110001001011101000011000000001 D
b111110110001001011101000011000000001 e
b11110 F
b11110 U
b1 Q
b111110101011101011111101101100111000 N
b111110101011101011111101101100111000 _
b111110110001001011101000011000000001 L
b111110110001001011101000011000000001 ]
1$
#12150000
0$
#12155000
b11000010001001010010001000100 >
b11000010001001010010001000100 [
b10 Q
b111011000100101110 K
b111011000100101110 Y
1$
#12160000
0$
#12165000
b11011110001010100000110100001 >
b11011110001010100000110100001 [
b1 H
b1 X
b11000010001001010010001000100 D
b11000010001001010010001000100 e
b11 Q
b11000010001001010010001000100 I
b11000010001001010010001000100 W
b11000010001001010010001000100 L
b11000010001001010010001000100 ]
1$
#12170000
0$
#12175000
b110011111010111011000011100100 >
b110011111010111011000011100100 [
b10 H
b10 X
b111111111100011111110110001010100011 D
b111111111100011111110110001010100011 e
b100 Q
b110100000010011110010111100101 I
b110100000010011110010111100101 W
b111111111100011111110110001010100011 L
b111111111100011111110110001010100011 ]
1$
#12180000
0$
#12185000
b11000010001001010010001000100 >
b11000010001001010010001000100 [
b0 H
b0 X
b11001111101011 Z
b110011111010111011000011100100 B
b110011111010111011000011100100 g
b110 Q
b110011111010111011000011100100 N
b110011111010111011000011100100 _
1$
#12190000
0$
#12195000
b11111 !
b11111 E
b101101111011010 Z
b1011011110110101011000011100100 B
b1011011110110101011000011100100 g
b111100101111101100110110001010100011 D
b111100101111101100110110001010100011 e
b11111 F
b11111 U
b1 Q
b1011011110110101011000011100100 N
b1011011110110101011000011100100 _
b111100101111101100110110001010100011 L
b111100101111101100110110001010100011 ]
1$
#12200000
0$
#12205000
b10101001011111010011011100101001 >
b10101001011111010011011100101001 [
b10 Q
b110010111110110011 K
b110010111110110011 Y
1$
#12210000
0$
#12215000
b100000111101001011010110100100 >
b100000111101001011010110100100 [
b1 H
b1 X
b10101001011111010011011100101001 D
b10101001011111010011011100101001 e
b11 Q
b10101001011111010011011100101001 I
b10101001011111010011011100101001 W
b10101001011111010011011100101001 L
b10101001011111010011011100101001 ]
1$
#12220000
0$
#12225000
b111101101010100001100111111011011100 >
b111101101010100001100111111011011100 [
b10 H
b10 X
b10001000100010001000000110000101 D
b10001000100010001000000110000101 e
b100 Q
b11001010011100011110110011001101 I
b11001010011100011110110011001101 W
b10001000100010001000000110000101 L
b10001000100010001000000110000101 ]
1$
#12230000
0$
#12235000
b10101001011111010011011100101001 >
b10101001011111010011011100101001 [
b0 H
b0 X
b110110101010000110 Z
b111101101010100001100111111011011100 B
b111101101010100001100111111011011100 g
b110 Q
b111101101010100001100111111011011100 N
b111101101010100001100111111011011100 _
1$
#12240000
0$
#12245000
b100000 !
b100000 E
b111001001001110101 Z
b111110010010011101010111111011011100 B
b111110010010011101010111111011011100 g
b111110111011101111001000000110000101 D
b111110111011101111001000000110000101 e
b100000 F
b100000 U
b1 Q
b111110010010011101010111111011011100 N
b111110010010011101010111111011011100 _
b111110111011101111001000000110000101 L
b111110111011101111001000000110000101 ]
1$
#12250000
0$
#12255000
b10010001101000011001000010000 >
b10010001101000011001000010000 [
b10 Q
b111011101110111100 K
b111011101110111100 Y
1$
#12260000
0$
#12265000
b101110110111111010100101111001 >
b101110110111111010100101111001 [
b1 H
b1 X
b10010001101000011001000010000 D
b10010001101000011001000010000 e
b11 Q
b10010001101000011001000010000 I
b10010001101000011001000010000 W
b10010001101000011001000010000 L
b10010001101000011001000010000 ]
1$
#12270000
0$
#12275000
b111010011011000000100111011000 >
b111010011011000000100111011000 [
b10 H
b10 X
b111111100011010101001000100010010111 D
b111111100011010101001000100010010111 e
b100 Q
b1000001000100111101101110001001 I
b1000001000100111101101110001001 W
b111111100011010101001000100010010111 L
b111111100011010101001000100010010111 ]
1$
#12280000
0$
#12285000
b10010001101000011001000010000 >
b10010001101000011001000010000 [
b0 H
b0 X
b11101001101100 Z
b111010011011000000100111011000 B
b111010011011000000100111011000 g
b110 Q
b111010011011000000100111011000 N
b111010011011000000100111011000 _
1$
#12290000
0$
#12295000
b100001 !
b100001 E
b110001001011011 Z
b1100010010110110000100111011000 B
b1100010010110110000100111011000 g
b111100010110100010001000100010010111 D
b111100010110100010001000100010010111 e
b100001 F
b100001 U
b1 Q
b1100010010110110000100111011000 N
b1100010010110110000100111011000 _
b111100010110100010001000100010010111 L
b111100010110100010001000100010010111 ]
1$
#12300000
0$
#12305000
b11010100111010111010100001000000 >
b11010100111010111010100001000000 [
b10 Q
b110001011010001000 K
b110001011010001000 Y
1$
#12310000
0$
#12315000
b100101110010011100110001011001 >
b100101110010011100110001011001 [
b1 H
b1 X
b11010100111010111010100001000000 D
b11010100111010111010100001000000 e
b11 Q
b11010100111010111010100001000000 I
b11010100111010111010100001000000 W
b11010100111010111010100001000000 L
b11010100111010111010100001000000 ]
1$
#12320000
0$
#12325000
b111101001100100110100010010010110000 >
b111101001100100110100010010010110000 [
b10 H
b10 X
b10101111001000011101101111100111 D
b10101111001000011101101111100111 e
b100 Q
b11111010101101010111010010011001 I
b11111010101101010111010010011001 W
b10101111001000011101101111100111 L
b10101111001000011101101111100111 ]
1$
#12330000
0$
#12335000
b11010100111010111010100001000000 >
b11010100111010111010100001000000 [
b0 H
b0 X
b110100110010011010 Z
b111101001100100110100010010010110000 B
b111101001100100110100010010010110000 g
b110 Q
b111101001100100110100010010010110000 N
b111101001100100110100010010010110000 _
1$
#12340000
0$
#12345000
b100010 !
b100010 E
b110111010010001001 Z
b111101110100100010010010010010110000 B
b111101110100100010010010010010110000 g
b111111100010010101011101101111100111 D
b111111100010010101011101101111100111 e
b100010 F
b100010 U
b1 Q
b111101110100100010010010010010110000 N
b111101110100100010010010010010110000 _
b111111100010010101011101101111100111 L
b111111100010010101011101101111100111 ]
1$
#12350000
0$
#12355000
b11011100000011000000111001 >
b11011100000011000000111001 [
b10 Q
b111110001001010101 K
b111110001001010101 Y
1$
#12360000
0$
#12365000
b1001011111110100111000101010001 >
b1001011111110100111000101010001 [
b1 H
b1 X
b11011100000011000000111001 D
b11011100000011000000111001 e
b11 Q
b11011100000011000000111001 I
b11011100000011000000111001 W
b11011100000011000000111001 L
b11011100000011000000111001 ]
1$
#12370000
0$
#12375000
b100000010100110100011011111010 >
b100000010100110100011011111010 [
b10 H
b10 X
b111110110111011101011011111011101000 D
b111110110111011101011011111011101000 e
b100 Q
b1001111011010101010000110001010 I
b1001111011010101010000110001010 W
b111110110111011101011011111011101000 L
b111110110111011101011011111011101000 ]
1$
#12380000
0$
#12385000
b11011100000011000000111001 >
b11011100000011000000111001 [
b0 H
b0 X
b10000001010011 Z
b100000010100110100011011111010 B
b100000010100110100011011111010 g
b110 Q
b100000010100110100011011111010 N
b100000010100110100011011111010 _
1$
#12390000
0$
#12395000
b100011 !
b100011 E
b100100001000010 Z
b1001000010000100100011011111010 B
b1001000010000100100011011111010 g
b111011101010101010011011111011101000 D
b111011101010101010011011111011101000 e
b100011 F
b100011 U
b1 Q
b1001000010000100100011011111010 N
b1001000010000100100011011111010 _
b111011101010101010011011111011101000 L
b111011101010101010011011111011101000 ]
1$
#12400000
0$
#12405000
b100101100011101010110001110010001 >
b100101100011101010110001110010001 [
b10 Q
b101110101010101001 K
b101110101010101001 Y
1$
#12410000
0$
#12415000
b10100011001010011000100000100 >
b10100011001010011000100000100 [
b1 H
b1 X
b100101100011101010110001110010001 D
b100101100011101010110001110010001 e
b11 Q
b100101100011101010110001110010001 I
b100101100011101010110001110010001 W
b100101100011101010110001110010001 L
b100101100011101010110001110010001 ]
1$
#12420000
0$
#12425000
b111101100011011100000000111100100100 >
b111101100011011100000000111100100100 [
b10 H
b10 X
b100011000000100000011001010001101 D
b100011000000100000011001010001101 e
b100 Q
b101000000110110101001010010010101 I
b101000000110110101001010010010101 W
b100011000000100000011001010001101 L
b100011000000100000011001010001101 ]
1$
#12430000
0$
#12435000
b100101100011101010110001110010001 >
b100101100011101010110001110010001 [
b0 H
b0 X
b110110001101110000 Z
b111101100011011100000000111100100100 B
b111101100011011100000000111100100100 g
b110 Q
b111101100011011100000000111100100100 N
b111101100011011100000000111100100100 _
1$
#12440000
0$
#12445000
b100100 !
b100100 E
b111000101101011111 Z
b111110001011010111110000111100100100 B
b111110001011010111110000111100100100 g
b1001011010001000011001010001101 D
b1001011010001000011001010001101 e
b100100 F
b100100 U
b1 Q
b111110001011010111110000111100100100 N
b111110001011010111110000111100100100 _
b1001011010001000011001010001101 L
b1001011010001000011001010001101 ]
1$
#12450000
0$
#12455000
b10110001000001110101000010000 >
b10110001000001110101000010000 [
b10 Q
b100101101000100 K
b100101101000100 Y
1$
#12460000
0$
#12465000
b110101001000100100110101000001 >
b110101001000100100110101000001 [
b1 H
b1 X
b10110001000001110101000010000 D
b10110001000001110101000010000 e
b11 Q
b10110001000001110101000010000 I
b10110001000001110101000010000 W
b10110001000001110101000010000 L
b10110001000001110101000010000 ]
1$
#12470000
0$
#12475000
b111110111011011010111011010001111000 >
b111110111011011010111011010001111000 [
b10 H
b10 X
b111111100000111111101001110011001111 D
b111111100000111111101001110011001111 e
b100 Q
b1001011010000110011011101010001 I
b1001011010000110011011101010001 W
b111111100000111111101001110011001111 L
b111111100000111111101001110011001111 ]
1$
#12480000
0$
#12485000
b10110001000001110101000010000 >
b10110001000001110101000010000 [
b0 H
b0 X
b111011101101101011 Z
b111110111011011010111011010001111000 B
b111110111011011010111011010001111000 g
b110 Q
b111110111011011010111011010001111000 N
b111110111011011010111011010001111000 _
1$
#12490000
0$
#12495000
b100101 !
b100101 E
b111110001101011010 Z
b111111100011010110101011010001111000 B
b111111100011010110101011010001111000 g
b111100010100001100101001110011001111 D
b111100010100001100101001110011001111 e
b100101 F
b100101 U
b1 Q
b111111100011010110101011010001111000 N
b111111100011010110101011010001111000 _
b111100010100001100101001110011001111 L
b111100010100001100101001110011001111 ]
1$
#12500000
0$
#12505000
b11011001001100111101100111000100 >
b11011001001100111101100111000100 [
b10 Q
b110001010000110010 K
b110001010000110010 Y
1$
#12510000
0$
#12515000
b11001101001011101110100100 >
b11001101001011101110100100 [
b1 H
b1 X
b11011001001100111101100111000100 D
b11011001001100111101100111000100 e
b11 Q
b11011001001100111101100111000100 I
b11011001001100111101100111000100 W
b11011001001100111101100111000100 L
b11011001001100111101100111000100 ]
1$
#12520000
0$
#12525000
b110100110001101101111100101000 >
b110100110001101101111100101000 [
b10 H
b10 X
b11010101111111110001111000100000 D
b11010101111111110001111000100000 e
b100 Q
b11011100011010001001010101101000 I
b11011100011010001001010101101000 W
b11010101111111110001111000100000 L
b11010101111111110001111000100000 ]
1$
#12530000
0$
#12535000
b11011001001100111101100111000100 >
b11011001001100111101100111000100 [
b0 H
b0 X
b11010011000110 Z
b110100110001101101111100101000 B
b110100110001101101111100101000 g
b110 Q
b110100110001101101111100101000 N
b110100110001101101111100101000 _
1$
#12540000
0$
#12545000
b100110 !
b100110 E
b101110010110101 Z
b1011100101101011101111100101000 B
b1011100101101011101111100101000 g
b1001001100110001111000100000 D
b1001001100110001111000100000 e
b100110 F
b100110 U
b1 Q
b1011100101101011101111100101000 N
b1011100101101011101111100101000 _
b1001001100110001111000100000 L
b1001001100110001111000100000 ]
1$
#12550000
0$
#12555000
b10101001010000000101001 >
b10101001010000000101001 [
b10 Q
b100100110011 K
b100100110011 Y
1$
#12560000
0$
#12565000
b100001100100101001011111111001 >
b100001100100101001011111111001 [
b1 H
b1 X
b10101001010000000101001 D
b10101001010000000101001 e
b11 Q
b10101001010000000101001 I
b10101001010000000101001 W
b10101001010000000101001 L
b10101001010000000101001 ]
1$
#12570000
0$
#12575000
b110101010011010101000011110 >
b110101010011010101000011110 [
b10 H
b10 X
b111111011110110000100000100000110000 D
b111111011110110000100000100000110000 e
b100 Q
b100001111001110011100000100010 I
b100001111001110011100000100010 W
b111111011110110000100000100000110000 L
b111111011110110000100000100000110000 ]
1$
#12580000
0$
#12585000
b10101001010000000101001 >
b10101001010000000101001 [
b0 H
b0 X
b11010101001 Z
b110101010011010101000011110 B
b110101010011010101000011110 g
b110 Q
b110101010011010101000011110 N
b110101010011010101000011110 _
1$
#12590000
0$
#12595000
b100111 !
b100111 E
b10111010011000 Z
b101110100110001010101000011110 B
b101110100110001010101000011110 g
b111100010001111101100000100000110000 D
b111100010001111101100000100000110000 e
b100111 F
b100111 U
b1 Q
b101110100110001010101000011110 N
b101110100110001010101000011110 _
b111100010001111101100000100000110000 L
b111100010001111101100000100000110000 ]
1$
#12600000
0$
#12605000
b11011101010101101001100001100100 >
b11011101010101101001100001100100 [
b10 Q
b110001000111110110 K
b110001000111110110 Y
1$
#12610000
0$
#12615000
b1000011110101111101001000000 >
b1000011110101111101001000000 [
b1 H
b1 X
b11011101010101101001100001100100 D
b11011101010101101001100001100100 e
b11 Q
b11011101010101101001100001100100 I
b11011101010101101001100001100100 W
b11011101010101101001100001100100 L
b11011101010101101001100001100100 ]
1$
#12620000
0$
#12625000
b111110101001010110011011110000100000 >
b111110101001010110011011110000100000 [
b10 H
b10 X
b11010100110110111001111000100100 D
b11010100110110111001111000100100 e
b100 Q
b11100101110100011001001010100100 I
b11100101110100011001001010100100 W
b11010100110110111001111000100100 L
b11010100110110111001111000100100 ]
1$
#12630000
0$
#12635000
b11011101010101101001100001100100 >
b11011101010101101001100001100100 [
b0 H
b0 X
b111010100101011001 Z
b111110101001010110011011110000100000 B
b111110101001010110011011110000100000 g
b110 Q
b111110101001010110011011110000100000 N
b111110101001010110011011110000100000 _
1$
#12640000
0$
#12645000
b101000 !
b101000 E
b111101000101001000 Z
b111111010001010010001011110000100000 B
b111111010001010010001011110000100000 g
b1000000011111001111000100100 D
b1000000011111001111000100100 e
b101000 F
b101000 U
b1 Q
b111111010001010010001011110000100000 N
b111111010001010010001011110000100000 _
b1000000011111001111000100100 L
b1000000011111001111000100100 ]
1$
#12650000
0$
#12655000
b10000001111000011100001 >
b10000001111000011100001 [
b10 Q
b100000001111 K
b100000001111 Y
1$
#12660000
0$
#12665000
b1000100001101010010001000000 >
b1000100001101010010001000000 [
b1 H
b1 X
b10000001111000011100001 D
b10000001111000011100001 e
b11 Q
b10000001111000011100001 I
b10000001111000011100001 W
b10000001111000011100001 L
b10000001111000011100001 ]
1$
#12670000
0$
#12675000
b111111111101000011110000011001110000 >
b111111111101000011110000011001110000 [
b10 H
b10 X
b111111110111101110100100110010100001 D
b111111110111101110100100110010100001 e
b100 Q
b1000110001111001010100100001 I
b1000110001111001010100100001 W
b111111110111101110100100110010100001 L
b111111110111101110100100110010100001 ]
1$
#12680000
0$
#12685000
b10000001111000011100001 >
b10000001111000011100001 [
b0 H
b0 X
b111111110100001111 Z
b111111111101000011110000011001110000 B
b111111111101000011110000011001110000 g
b110 Q
b111111111101000011110000011001110000 N
b111111111101000011110000011001110000 _
1$
#12690000
0$
#12695000
b101001 !
b101001 E
b10010011111110 Z
b100100111111100000011001110000 B
b100100111111100000011001110000 g
b111100101010111011100100110010100001 D
b111100101010111011100100110010100001 e
b101001 F
b101001 U
b1 Q
b100100111111100000011001110000 N
b100100111111100000011001110000 _
b111100101010111011100100110010100001 L
b111100101010111011100100110010100001 ]
1$
#12700000
0$
#12705000
b10110001010101101111010101000100 >
b10110001010101101111010101000100 [
b10 Q
b110010101011101110 K
b110010101011101110 Y
1$
#12710000
0$
#12715000
b101010110000110110000000100 >
b101010110000110110000000100 [
b1 H
b1 X
b10110001010101101111010101000100 D
b10110001010101101111010101000100 e
b11 Q
b10110001010101101111010101000100 I
b10110001010101101111010101000100 W
b10110001010101101111010101000100 L
b10110001010101101111010101000100 ]
1$
#12720000
0$
#12725000
b111111000010011011000010000001001000 >
b111111000010011011000010000001001000 [
b10 H
b10 X
b10101011111111101000100101000000 D
b10101011111111101000100101000000 e
b100 Q
b10110110101011110110000101001000 I
b10110110101011110110000101001000 W
b10101011111111101000100101000000 L
b10101011111111101000100101000000 ]
1$
#12730000
0$
#12735000
b10110001010101101111010101000100 >
b10110001010101101111010101000100 [
b0 H
b0 X
b111100001001101100 Z
b111111000010011011000010000001001000 B
b111111000010011011000010000001001000 g
b110 Q
b111111000010011011000010000001001000 N
b111111000010011011000010000001001000 _
1$
#12740000
0$
#12745000
b101010 !
b101010 E
b111110101001011011 Z
b111111101010010110110010000001001000 B
b111111101010010110110010000001001000 g
b111111011111001100101000100101000000 D
b111111011111001100101000100101000000 e
b101010 F
b101010 U
b1 Q
b111111101010010110110010000001001000 N
b111111101010010110110010000001001000 _
b111111011111001100101000100101000000 L
b111111011111001100101000100101000000 ]
1$
#12750000
0$
#12755000
b100001101000010010111000100 >
b100001101000010010111000100 [
b10 Q
b111101111100110010 K
b111101111100110010 Y
1$
#12760000
0$
#12765000
b1110101000111110001011001 >
b1110101000111110001011001 [
b1 H
b1 X
b100001101000010010111000100 D
b100001101000010010111000100 e
b11 Q
b100001101000010010111000100 I
b100001101000010010111000100 W
b100001101000010010111000100 L
b100001101000010010111000100 ]
1$
#12770000
0$
#12775000
b101100011000001010110001100 >
b101100011000001010110001100 [
b10 H
b10 X
b10010111111010100101101011 D
b10010111111010100101101011 e
b100 Q
b110000010001010001000011101 I
b110000010001010001000011101 W
b10010111111010100101101011 L
b10010111111010100101101011 ]
1$
#12780000
0$
#12785000
b100001101000010010111000100 >
b100001101000010010111000100 [
b0 H
b0 X
b10110001100 Z
b101100011000001010110001100 B
b101100011000001010110001100 g
b110 Q
b101100011000001010110001100 N
b101100011000001010110001100 _
1$
#12790000
0$
#12795000
b101011 !
b101011 E
b10110101111011 Z
b101101011110110001010110001100 B
b101101011110110001010110001100 g
b111100110101100100111010100101101011 D
b111100110101100100111010100101101011 e
b101011 F
b101011 U
b1 Q
b101101011110110001010110001100 N
b101101011110110001010110001100 _
b111100110101100100111010100101101011 L
b111100110101100100111010100101101011 ]
1$
#12800000
0$
#12805000
b10100000000100000011001001101001 >
b10100000000100000011001001101001 [
b10 Q
b110011010110010011 K
b110011010110010011 Y
1$
#12810000
0$
#12815000
b1000000101000111100100011001 >
b1000000101000111100100011001 [
b1 H
b1 X
b10100000000100000011001001101001 D
b10100000000100000011001001101001 e
b11 Q
b10100000000100000011001001101001 I
b10100000000100000011001001101001 W
b10100000000100000011001001101001 L
b10100000000100000011001001101001 ]
1$
#12820000
0$
#12825000
b111110111000000100110010100101000010 >
b111110111000000100110010100101000010 [
b10 H
b10 X
b10010111111110111011100101010000 D
b10010111111110111011100101010000 e
b100 Q
b10101000001001001010101110000010 I
b10101000001001001010101110000010 W
b10010111111110111011100101010000 L
b10010111111110111011100101010000 ]
1$
#12830000
0$
#12835000
b10100000000100000011001001101001 >
b10100000000100000011001001101001 [
b0 H
b0 X
b111011100000010011 Z
b111110111000000100110010100101000010 B
b111110111000000100110010100101000010 g
b110 Q
b111110111000000100110010100101000010 N
b111110111000000100110010100101000010 _
1$
#12840000
0$
#12845000
b101100 !
b101100 E
b111110000000000010 Z
b111111100000000000100010100101000010 B
b111111100000000000100010100101000010 g
b111111001011001011111011100101010000 D
b111111001011001011111011100101010000 e
b101100 F
b101100 U
b1 Q
b111111100000000000100010100101000010 N
b111111100000000000100010100101000010 _
b111111001011001011111011100101010000 L
b111111001011001011111011100101010000 ]
1$
#12850000
0$
#12855000
b1010111001011001001010100001 >
b1010111001011001001010100001 [
b10 Q
b111100101100101111 K
b111100101100101111 Y
1$
#12860000
0$
#12865000
b11111111111000000000000100 >
b11111111111000000000000100 [
b1 H
b1 X
b1010111001011001001010100001 D
b1010111001011001001010100001 e
b11 Q
b1010111001011001001010100001 I
b1010111001011001001010100001 W
b1010111001011001001010100001 L
b1010111001011001001010100001 ]
1$
#12870000
0$
#12875000
b1101001100110110110010111100 >
b1101001100110110110010111100 [
b10 H
b10 X
b110111001100001001010011101 D
b110111001100001001010011101 e
b100 Q
b1110111001010001001010100101 I
b1110111001010001001010100101 W
b110111001100001001010011101 L
b110111001100001001010011101 ]
1$
#12880000
0$
#12885000
b1010111001011001001010100001 >
b1010111001011001001010100001 [
b0 H
b0 X
b110100110011 Z
b1101001100110110110010111100 B
b1101001100110110110010111100 g
b110 Q
b1101001100110110110010111100 N
b1101001100110110110010111100 _
1$
#12890000
0$
#12895000
b101101 !
b101101 E
b11010100100010 Z
b110101001000100110110010111100 B
b110101001000100110110010111100 g
b111100111010000110100001001010011101 D
b111100111010000110100001001010011101 e
b101101 F
b101101 U
b1 Q
b110101001000100110110010111100 N
b110101001000100110110010111100 _
b111100111010000110100001001010011101 L
b111100111010000110100001001010011101 ]
1$
#12900000
0$
#12905000
b10011000111110111100101010100100 >
b10011000111110111100101010100100 [
b10 Q
b110011101000011010 K
b110011101000011010 Y
1$
#12910000
0$
#12915000
b1011000001110001100010000100 >
b1011000001110001100010000100 [
b1 H
b1 X
b10011000111110111100101010100100 D
b10011000111110111100101010100100 e
b11 Q
b10011000111110111100101010100100 I
b10011000111110111100101010100100 W
b10011000111110111100101010100100 L
b10011000111110111100101010100100 ]
1$
#12920000
0$
#12925000
b111110101101110110100011001011101000 >
b111110101101110110100011001011101000 [
b10 H
b10 X
b10001101111101001011001000100000 D
b10001101111101001011001000100000 e
b100 Q
b10100100000000101110001100101000 I
b10100100000000101110001100101000 W
b10001101111101001011001000100000 L
b10001101111101001011001000100000 ]
1$
#12930000
0$
#12935000
b10011000111110111100101010100100 >
b10011000111110111100101010100100 [
b0 H
b0 X
b111010110111011010 Z
b111110101101110110100011001011101000 B
b111110101101110110100011001011101000 g
b110 Q
b111110101101110110100011001011101000 N
b111110101101110110100011001011101000 _
1$
#12940000
0$
#12945000
b101110 !
b101110 E
b111101010111001001 Z
b111111010101110010010011001011101000 B
b111111010101110010010011001011101000 g
b111111000001001010001011001000100000 D
b111111000001001010001011001000100000 e
b101110 F
b101110 U
b1 Q
b111111010101110010010011001011101000 N
b111111010101110010010011001011101000 _
b111111000001001010001011001000100000 L
b111111000001001010001011001000100000 ]
1$
#12950000
0$
#12955000
b1111011011010101011001000000 >
b1111011011010101011001000000 [
b10 Q
b111100000100101000 K
b111100000100101000 Y
1$
#12960000
0$
#12965000
b110111101100001011111010001 >
b110111101100001011111010001 [
b1 H
b1 X
b1111011011010101011001000000 D
b1111011011010101011001000000 e
b11 Q
b1111011011010101011001000000 I
b1111011011010101011001000000 W
b1111011011010101011001000000 L
b1111011011010101011001000000 ]
1$
#12970000
0$
#12975000
b10100101110011110000011010000 >
b10100101110011110000011010000 [
b10 H
b10 X
b1000011101110011111001101111 D
b1000011101110011111001101111 e
b100 Q
b10110011000110110111000010001 I
b10110011000110110111000010001 W
b1000011101110011111001101111 L
b1000011101110011111001101111 ]
1$
#12980000
0$
#12985000
b1111011011010101011001000000 >
b1111011011010101011001000000 [
b0 H
b0 X
b1010010111001 Z
b10100101110011110000011010000 B
b10100101110011110000011010000 g
b110 Q
b10100101110011110000011010000 N
b10100101110011110000011010000 _
1$
#12990000
0$
#12995000
b101111 !
b101111 E
b11110010101000 Z
b111100101010001110000011010000 B
b111100101010001110000011010000 g
b111100111011101010110011111001101111 D
b111100111011101010110011111001101111 e
b101111 F
b101111 U
b1 Q
b111100101010001110000011010000 N
b111100101010001110000011010000 _
b111100111011101010110011111001101111 L
b111100111011101010110011111001101111 ]
1$
#13000000
0$
#13005000
b10010110100100100100010000111001 >
b10010110100100100100010000111001 [
b10 Q
b110011101110101011 K
b110011101110101011 Y
1$
#13010000
0$
#13015000
b1110010111110010111001000000 >
b1110010111110010111001000000 [
b1 H
b1 X
b10010110100100100100010000111001 D
b10010110100100100100010000111001 e
b11 Q
b10010110100100100100010000111001 I
b10010110100100100100010000111001 W
b10010110100100100100010000111001 L
b10010110100100100100010000111001 ]
1$
#13020000
0$
#13025000
b111110100010111101100111100001110000 >
b111110100010111101100111100001110000 [
b10 H
b10 X
b10001000001100110001010111111001 D
b10001000001100110001010111111001 e
b100 Q
b10100100111100010111001001111001 I
b10100100111100010111001001111001 W
b10001000001100110001010111111001 L
b10001000001100110001010111111001 ]
1$
#13030000
0$
#13035000
b10010110100100100100010000111001 >
b10010110100100100100010000111001 [
b0 H
b0 X
b111010001011110110 Z
b111110100010111101100111100001110000 B
b111110100010111101100111100001110000 g
b110 Q
b111110100010111101100111100001110000 N
b111110100010111101100111100001110000 _
1$
#13040000
0$
#13045000
b110000 !
b110000 E
b111100101011100101 Z
b111111001010111001010111100001110000 B
b111111001010111001010111100001110000 g
b111110111011011001110001010111111001 D
b111110111011011001110001010111111001 e
b110000 F
b110000 U
b1 Q
b111111001010111001010111100001110000 N
b111111001010111001010111100001110000 _
b111110111011011001110001010111111001 L
b111110111011011001110001010111111001 ]
1$
#13050000
0$
#13055000
b10010011000011010001101110001 >
b10010011000011010001101110001 [
b10 Q
b111011101101100111 K
b111011101101100111 Y
1$
#13060000
0$
#13065000
b1011000001000011000011011001 >
b1011000001000011000011011001 [
b1 H
b1 X
b10010011000011010001101110001 D
b10010011000011010001101110001 e
b11 Q
b10010011000011010001101110001 I
b10010011000011010001101110001 W
b10010011000011010001101110001 L
b10010011000011010001101110001 ]
1$
#13070000
0$
#13075000
b11100011101011101001001000110 >
b11100011101011101001001000110 [
b10 H
b10 X
b111010111010111001010011000 D
b111010111010111001010011000 e
b100 Q
b11101011001011101010001001010 I
b11101011001011101010001001010 W
b111010111010111001010011000 L
b111010111010111001010011000 ]
1$
#13080000
0$
#13085000
b10010011000011010001101110001 >
b10010011000011010001101110001 [
b0 H
b0 X
b1110001110101 Z
b11100011101011101001001000110 B
b11100011101011101001001000110 g
b110 Q
b11100011101011101001001000110 N
b11100011101011101001001000110 _
1$
#13090000
0$
#13095000
b110001 !
b110001 E
b100010001100100 Z
b1000100011001001101001001000110 B
b1000100011001001101001001000110 g
b111100111010100100010111001010011000 D
b111100111010100100010111001010011000 e
b110001 F
b110001 U
b1 Q
b1000100011001001101001001000110 N
b1000100011001001101001001000110 _
b111100111010100100010111001010011000 L
b111100111010100100010111001010011000 ]
1$
#13100000
0$
#13105000
b10011000010001000000011000100001 >
b10011000010001000000011000100001 [
b10 Q
b110011101010010001 K
b110011101010010001 Y
1$
#13110000
0$
#13115000
b10010010001010100011100010000 >
b10010010001010100011100010000 [
b1 H
b1 X
b10011000010001000000011000100001 D
b10011000010001000000011000100001 e
b11 Q
b10011000010001000000011000100001 I
b10011000010001000000011000100001 W
b10011000010001000000011000100001 L
b10011000010001000000011000100001 ]
1$
#13120000
0$
#13125000
b111110010110100000101100100101001000 >
b111110010110100000101100100101001000 [
b10 H
b10 X
b10000101111111101011111100010001 D
b10000101111111101011111100010001 e
b100 Q
b10101010100010010100110100110001 I
b10101010100010010100110100110001 W
b10000101111111101011111100010001 L
b10000101111111101011111100010001 ]
1$
#13130000
0$
#13135000
b10011000010001000000011000100001 >
b10011000010001000000011000100001 [
b0 H
b0 X
b111001011010000010 Z
b111110010110100000101100100101001000 B
b111110010110100000101100100101001000 g
b110 Q
b111110010110100000101100100101001000 N
b111110010110100000101100100101001000 _
1$
#13140000
0$
#13145000
b110010 !
b110010 E
b111011111001110001 Z
b111110111110011100011100100101001000 B
b111110111110011100011100100101001000 g
b111110111001001100101011111100010001 D
b111110111001001100101011111100010001 e
b110010 F
b110010 U
b1 Q
b111110111110011100011100100101001000 N
b111110111110011100011100100101001000 _
b111110111001001100101011111100010001 L
b111110111001001100101011111100010001 ]
1$
#13150000
0$
#13155000
b10011100101010100110111000100 >
b10011100101010100110111000100 [
b10 Q
b111011100100110010 K
b111011100100110010 Y
1$
#13160000
0$
#13165000
b10000110010011110110111100001 >
b10000110010011110110111100001 [
b1 H
b1 X
b10011100101010100110111000100 D
b10011100101010100110111000100 e
b11 Q
b10011100101010100110111000100 I
b10011100101010100110111000100 W
b10011100101010100110111000100 L
b10011100101010100110111000100 ]
1$
#13170000
0$
#13175000
b100100010000111011011000100100 >
b100100010000111011011000100100 [
b10 H
b10 X
b10110010110101111111100011 D
b10110010110101111111100011 e
b100 Q
b100100010111110011101110100101 I
b100100010111110011101110100101 W
b10110010110101111111100011 L
b10110010110101111111100011 ]
1$
#13180000
0$
#13185000
b10011100101010100110111000100 >
b10011100101010100110111000100 [
b0 H
b0 X
b10010001000011 Z
b100100010000111011011000100100 B
b100100010000111011011000100100 g
b110 Q
b100100010000111011011000100100 N
b100100010000111011011000100100 _
1$
#13190000
0$
#13195000
b110011 !
b110011 E
b100110000110010 Z
b1001100001100101011011000100100 B
b1001100001100101011011000100100 g
b111100110101111111110101111111100011 D
b111100110101111111110101111111100011 e
b110011 F
b110011 U
b1 Q
b1001100001100101011011000100100 N
b1001100001100101011011000100100 _
b111100110101111111110101111111100011 L
b111100110101111111110101111111100011 ]
1$
#13200000
0$
#13205000
b10011111011001011001010000000001 >
b10011111011001011001010000000001 [
b10 Q
b110011010111111111 K
b110011010111111111 Y
1$
#13210000
0$
#13215000
b10110101011011011100111000100 >
b10110101011011011100111000100 [
b1 H
b1 X
b10011111011001011001010000000001 D
b10011111011001011001010000000001 e
b11 Q
b10011111011001011001010000000001 I
b10011111011001011001010000000001 W
b10011111011001011001010000000001 L
b10011111011001011001010000000001 ]
1$
#13220000
0$
#13225000
b111110000111110000000111111110011100 >
b111110000111110000000111111110011100 [
b10 H
b10 X
b10001000101101111101101000111101 D
b10001000101101111101101000111101 e
b100 Q
b10110110000100110100110111000101 I
b10110110000100110100110111000101 W
b10001000101101111101101000111101 L
b10001000101101111101101000111101 ]
1$
#13230000
0$
#13235000
b10011111011001011001010000000001 >
b10011111011001011001010000000001 [
b0 H
b0 X
b111000011111000000 Z
b111110000111110000000111111110011100 B
b111110000111110000000111111110011100 g
b110 Q
b111110000111110000000111111110011100 N
b111110000111110000000111111110011100 _
1$
#13240000
0$
#13245000
b110100 !
b110100 E
b111010111110101111 Z
b111110101111101011110111111110011100 B
b111110101111101011110111111110011100 g
b111110111011111010111101101000111101 D
b111110111011111010111101101000111101 e
b110100 F
b110100 U
b1 Q
b111110101111101011110111111110011100 N
b111110101111101011110111111110011100 _
b111110111011111010111101101000111101 L
b111110111011111010111101101000111101 ]
1$
#13250000
0$
#13255000
b10010000110110010100110111001 >
b10010000110110010100110111001 [
b10 Q
b111011101111101011 K
b111011101111101011 Y
1$
#13260000
0$
#13265000
b11001001100101011100110100001 >
b11001001100101011100110100001 [
b1 H
b1 X
b10010000110110010100110111001 D
b10010000110110010100110111001 e
b11 Q
b10010000110110010100110111001 I
b10010000110110010100110111001 W
b10010000110110010100110111001 L
b10010000110110010100110111001 ]
1$
#13270000
0$
#13275000
b101010101110000011010101001010 >
b101010101110000011010101001010 [
b10 H
b10 X
b111111111000111010000111000000011000 D
b111111111000111010000111000000011000 e
b100 Q
b101011010011011110001101011010 I
b101011010011011110001101011010 W
b111111111000111010000111000000011000 L
b111111111000111010000111000000011000 ]
1$
#13280000
0$
#13285000
b10010000110110010100110111001 >
b10010000110110010100110111001 [
b0 H
b0 X
b10101010111000 Z
b101010101110000011010101001010 B
b101010101110000011010101001010 g
b110 Q
b101010101110000011010101001010 N
b101010101110000011010101001010 _
1$
#13290000
0$
#13295000
b110101 !
b110101 E
b101001010100111 Z
b1010010101001110011010101001010 B
b1010010101001110011010101001010 g
b111100101100000111000111000000011000 D
b111100101100000111000111000000011000 e
b110101 F
b110101 U
b1 Q
b1010010101001110011010101001010 N
b1010010101001110011010101001010 _
b111100101100000111000111000000011000 L
b111100101100000111000111000000011000 ]
1$
#13300000
0$
#13305000
b10101111011000011010001100010000 >
b10101111011000011010001100010000 [
b10 Q
b110010110000011100 K
b110010110000011100 Y
1$
#13310000
0$
#13315000
b11010101011110110100011110001 >
b11010101011110110100011110001 [
b1 H
b1 X
b10101111011000011010001100010000 D
b10101111011000011010001100010000 e
b11 Q
b10101111011000011010001100010000 I
b10101111011000011010001100010000 W
b10101111011000011010001100010000 L
b10101111011000011010001100010000 ]
1$
#13320000
0$
#13325000
b111101110111001011010111110010001000 >
b111101110111001011010111110010001000 [
b10 H
b10 X
b10010100101100100011101000011111 D
b10010100101100100011101000011111 e
b100 Q
b11001010000100010000110000000001 I
b11001010000100010000110000000001 W
b10010100101100100011101000011111 L
b10010100101100100011101000011111 ]
1$
#13330000
0$
#13335000
b10101111011000011010001100010000 >
b10101111011000011010001100010000 [
b0 H
b0 X
b110111011100101101 Z
b111101110111001011010111110010001000 B
b111101110111001011010111110010001000 g
b110 Q
b111101110111001011010111110010001000 N
b111101110111001011010111110010001000 _
1$
#13340000
0$
#13345000
b110110 !
b110110 E
b111001111100011100 Z
b111110011111000111000111110010001000 B
b111110011111000111000111110010001000 g
b111111000111111001100011101000011111 D
b111111000111111001100011101000011111 e
b110110 F
b110110 U
b1 Q
b111110011111000111000111110010001000 N
b111110011111000111000111110010001000 _
b111111000111111001100011101000011111 L
b111111000111111001100011101000011111 ]
1$
#13350000
0$
#13355000
b1100010010110110001010100100 >
b1100010010110110001010100100 [
b10 Q
b111100011111100110 K
b111100011111100110 Y
1$
#13360000
0$
#13365000
b100100101010111100101100010000 >
b100100101010111100101100010000 [
b1 H
b1 X
b1100010010110110001010100100 D
b1100010010110110001010100100 e
b11 Q
b1100010010110110001010100100 I
b1100010010110110001010100100 W
b1100010010110110001010100100 L
b1100010010110110001010100100 ]
1$
#13370000
0$
#13375000
b101010011101110110111001010000 >
b101010011101110110111001010000 [
b10 H
b10 X
b111111100111100111111001011110010100 D
b111111100111100111111001011110010100 e
b100 Q
b110000111101110010110110110100 I
b110000111101110010110110110100 W
b111111100111100111111001011110010100 L
b111111100111100111111001011110010100 ]
1$
#13380000
0$
#13385000
b1100010010110110001010100100 >
b1100010010110110001010100100 [
b0 H
b0 X
b10101001110111 Z
b101010011101110110111001010000 B
b101010011101110110111001010000 g
b110 Q
b101010011101110110111001010000 N
b101010011101110110111001010000 _
1$
#13390000
0$
#13395000
b110111 !
b110111 E
b101001001100110 Z
b1010010011001100110111001010000 B
b1010010011001100110111001010000 g
b111100011010110100111001011110010100 D
b111100011010110100111001011110010100 e
b110111 F
b110111 U
b1 Q
b1010010011001100110111001010000 N
b1010010011001100110111001010000 _
b111100011010110100111001011110010100 L
b111100011010110100111001011110010100 ]
1$
#13400000
0$
#13405000
b11001101001010011000100111101001 >
b11001101001010011000100111101001 [
b10 Q
b110001101011010011 K
b110001101011010011 Y
1$
#13410000
0$
#13415000
b11010100001011000000010100100 >
b11010100001011000000010100100 [
b1 H
b1 X
b11001101001010011000100111101001 D
b11001101001010011000100111101001 e
b11 Q
b11001101001010011000100111101001 I
b11001101001010011000100111101001 W
b11001101001010011000100111101001 L
b11001101001010011000100111101001 ]
1$
#13420000
0$
#13425000
b111101101100011110001000110000100100 >
b111101101100011110001000110000100100 [
b10 H
b10 X
b10110010101001000000100101000101 D
b10110010101001000000100101000101 e
b100 Q
b11100111101011110000101010001101 I
b11100111101011110000101010001101 W
b10110010101001000000100101000101 L
b10110010101001000000100101000101 ]
1$
#13430000
0$
#13435000
b11001101001010011000100111101001 >
b11001101001010011000100111101001 [
b0 H
b0 X
b110110110001111000 Z
b111101101100011110001000110000100100 B
b111101101100011110001000110000100100 g
b110 Q
b111101101100011110001000110000100100 N
b111101101100011110001000110000100100 _
1$
#13440000
0$
#13445000
b111000 !
b111000 E
b111001010001100111 Z
b111110010100011001111000110000100100 B
b111110010100011001111000110000100100 g
b111111100101110110000000100101000101 D
b111111100101110110000000100101000101 e
b111000 F
b111000 U
b1 Q
b111110010100011001111000110000100100 N
b111110010100011001111000110000100100 _
b111111100101110110000000100101000101 L
b111111100101110110000000100101000101 ]
1$
#13450000
0$
#13455000
b10101011000010011001000000 >
b10101011000010011001000000 [
b10 Q
b111110010111011000 K
b111110010111011000 Y
1$
#13460000
0$
#13465000
b101101001110010100000101110001 >
b101101001110010100000101110001 [
b1 H
b1 X
b10101011000010011001000000 D
b10101011000010011001000000 e
b11 Q
b10101011000010011001000000 I
b10101011000010011001000000 W
b10101011000010011001000000 L
b10101011000010011001000000 ]
1$
#13470000
0$
#13475000
b10101111111001011001111010000 >
b10101111111001011001111010000 [
b10 H
b10 X
b111111010101011100101110010011001111 D
b111111010101011100101110010011001111 e
b100 Q
b101111111001010110011110110001 I
b101111111001010110011110110001 W
b111111010101011100101110010011001111 L
b111111010101011100101110010011001111 ]
1$
#13480000
0$
#13485000
b10101011000010011001000000 >
b10101011000010011001000000 [
b0 H
b0 X
b1010111111100 Z
b10101111111001011001111010000 B
b10101111111001011001111010000 g
b110 Q
b10101111111001011001111010000 N
b10101111111001011001111010000 _
1$
#13490000
0$
#13495000
b111001 !
b111001 E
b11110111101011 Z
b111101111010111011001111010000 B
b111101111010111011001111010000 g
b111100001000101001101110010011001111 D
b111100001000101001101110010011001111 e
b111001 F
b111001 U
b1 Q
b111101111010111011001111010000 N
b111101111010111011001111010000 _
b111100001000101001101110010011001111 L
b111100001000101001101110010011001111 ]
1$
#13500000
0$
#13505000
b11101110111111101100101110100100 >
b11101110111111101100101110100100 [
b10 Q
b110000100010100110 K
b110000100010100110 Y
1$
#13510000
0$
#13515000
b1110111110011101010110111001 >
b1110111110011101010110111001 [
b1 H
b1 X
b11101110111111101100101110100100 D
b11101110111111101100101110100100 e
b11 Q
b11101110111111101100101110100100 I
b11101110111111101100101110100100 W
b11101110111111101100101110100100 L
b11101110111111101100101110100100 ]
1$
#13520000
0$
#13525000
b111110001000010110001111110011000100 >
b111110001000010110001111110011000100 [
b10 H
b10 X
b11100000000001001111010111101011 D
b11100000000001001111010111101011 e
b100 Q
b11111101111110001010000101011101 I
b11111101111110001010000101011101 W
b11100000000001001111010111101011 L
b11100000000001001111010111101011 ]
1$
#13530000
0$
#13535000
b11101110111111101100101110100100 >
b11101110111111101100101110100100 [
b0 H
b0 X
b111000100001011000 Z
b111110001000010110001111110011000100 B
b111110001000010110001111110011000100 g
b110 Q
b111110001000010110001111110011000100 N
b111110001000010110001111110011000100 _
1$
#13540000
0$
#13545000
b111010 !
b111010 E
b111011000001000111 Z
b111110110000010001111111110011000100 B
b111110110000010001111111110011000100 g
b10011001110001111010111101011 D
b10011001110001111010111101011 e
b111010 F
b111010 U
b1 Q
b111110110000010001111111110011000100 N
b111110110000010001111111110011000100 _
b10011001110001111010111101011 L
b10011001110001111010111101011 ]
1$
#13550000
0$
#13555000
b1011100010101110001000000 >
b1011100010101110001000000 [
b10 Q
b1001100111000 K
b1001100111000 Y
1$
#13560000
0$
#13565000
b11000110100111011001110110001 >
b11000110100111011001110110001 [
b1 H
b1 X
b1011100010101110001000000 D
b1011100010101110001000000 e
b11 Q
b1011100010101110001000000 I
b1011100010101110001000000 W
b1011100010101110001000000 L
b1011100010101110001000000 ]
1$
#13570000
0$
#13575000
b111111110100000001111010100100010000 >
b111111110100000001111010100100010000 [
b10 H
b10 X
b111111101000100111011010100010001111 D
b111111101000100111011010100010001111 e
b100 Q
b11010010001010000111111110001 I
b11010010001010000111111110001 W
b111111101000100111011010100010001111 L
b111111101000100111011010100010001111 ]
1$
#13580000
0$
#13585000
b1011100010101110001000000 >
b1011100010101110001000000 [
b0 H
b0 X
b111111010000000111 Z
b111111110100000001111010100100010000 B
b111111110100000001111010100100010000 g
b110 Q
b111111110100000001111010100100010000 N
b111111110100000001111010100100010000 _
1$
#13590000
0$
#13595000
b111011 !
b111011 E
b1101111110110 Z
b11011111101101010100100010000 B
b11011111101101010100100010000 g
b111100011011110100011010100010001111 D
b111100011011110100011010100010001111 e
b111011 F
b111011 U
b1 Q
b11011111101101010100100010000 N
b11011111101101010100100010000 _
b111100011011110100011010100010001111 L
b111100011011110100011010100010001111 ]
1$
#13600000
0$
#13605000
b11001011011000111100000010100001 >
b11001011011000111100000010100001 [
b10 Q
b110001101111010001 K
b110001101111010001 Y
1$
#13610000
0$
#13615000
b11000011011101000001100100 >
b11000011011101000001100100 [
b1 H
b1 X
b11001011011000111100000010100001 D
b11001011011000111100000010100001 e
b11 Q
b11001011011000111100000010100001 I
b11001011011000111100000010100001 W
b11001011011000111100000010100001 L
b11001011011000111100000010100001 ]
1$
#13620000
0$
#13625000
b111111001110001001111000101110101100 >
b111111001110001001111000101110101100 [
b10 H
b10 X
b11001000010101011111000000111101 D
b11001000010101011111000000111101 e
b100 Q
b11001110011100011001000100000101 I
b11001110011100011001000100000101 W
b11001000010101011111000000111101 L
b11001000010101011111000000111101 ]
1$
#13630000
0$
#13635000
b11001011011000111100000010100001 >
b11001011011000111100000010100001 [
b0 H
b0 X
b111100111000100111 Z
b111111001110001001111000101110101100 B
b111111001110001001111000101110101100 g
b110 Q
b111111001110001001111000101110101100 N
b111111001110001001111000101110101100 _
1$
#13640000
0$
#13645000
b111100 !
b111100 E
b111111011000010110 Z
b111111110110000101101000101110101100 B
b111111110110000101101000101110101100 g
b111111111011100010011111000000111101 D
b111111111011100010011111000000111101 e
b111100 F
b111100 U
b1 Q
b111111110110000101101000101110101100 N
b111111110110000101101000101110101100 _
b111111111011100010011111000000111101 L
b111111111011100010011111000000111101 ]
1$
#13650000
0$
#13655000
b100111110111101010001 >
b100111110111101010001 [
b10 Q
b111111101110001001 K
b111111101110001001 Y
1$
#13660000
0$
#13665000
b11000100100100111100100 >
b11000100100100111100100 [
b1 H
b1 X
b100111110111101010001 D
b100111110111101010001 e
b11 Q
b100111110111101010001 I
b100111110111101010001 W
b100111110111101010001 L
b100111110111101010001 ]
1$
#13670000
0$
#13675000
b10110001000011110001100 >
b10110001000011110001100 [
b10 H
b10 X
b111111111111101100011010010101101101 D
b111111111111101100011010010101101101 e
b100 Q
b11101100011100100110101 I
b11101100011100100110101 W
b111111111111101100011010010101101101 L
b111111111111101100011010010101101101 ]
1$
#13680000
0$
#13685000
b100111110111101010001 >
b100111110111101010001 [
b0 H
b0 X
b1011000 Z
b10110001000011110001100 B
b10110001000011110001100 g
b110 Q
b10110001000011110001100 N
b10110001000011110001100 _
1$
#13690000
0$
#13695000
b111101 !
b111101 E
b10100001000111 Z
b101000010001111000011110001100 B
b101000010001111000011110001100 g
b111100110010111001011010010101101101 D
b111100110010111001011010010101101101 e
b111101 F
b111101 U
b1 Q
b101000010001111000011110001100 N
b101000010001111000011110001100 _
b111100110010111001011010010101101101 L
b111100110010111001011010010101101101 ]
1$
#13700000
0$
#13705000
b10100100010101000100000011011001 >
b10100100010101000100000011011001 [
b10 Q
b110011001011100101 K
b110011001011100101 Y
1$
#13710000
0$
#13715000
b110010101100100001110110001 >
b110010101100100001110110001 [
b1 H
b1 X
b10100100010101000100000011011001 D
b10100100010101000100000011011001 e
b11 Q
b10100100010101000100000011011001 I
b10100100010101000100000011011001 W
b10100100010101000100000011011001 L
b10100100010101000100000011011001 ]
1$
#13720000
0$
#13725000
b111110111111011101011100101100000110 >
b111110111111011101011100101100000110 [
b10 H
b10 X
b10011101111111011111110100101000 D
b10011101111111011111110100101000 e
b100 Q
b10101010101010101000010010001010 I
b10101010101010101000010010001010 W
b10011101111111011111110100101000 L
b10011101111111011111110100101000 ]
1$
#13730000
0$
#13735000
b10100100010101000100000011011001 >
b10100100010101000100000011011001 [
b0 H
b0 X
b111011111101110101 Z
b111110111111011101011100101100000110 B
b111110111111011101011100101100000110 g
b110 Q
b111110111111011101011100101100000110 N
b111110111111011101011100101100000110 _
1$
#13740000
0$
#13745000
b111110 !
b111110 E
b111110011101100100 Z
b111111100111011001001100101100000110 B
b111111100111011001001100101100000110 g
b111111010001001100011111110100101000 D
b111111010001001100011111110100101000 e
b111110 F
b111110 U
b1 Q
b111111100111011001001100101100000110 N
b111111100111011001001100101100000110 _
b111111010001001100011111110100101000 L
b111111010001001100011111110100101000 ]
1$
#13750000
0$
#13755000
b1000100011110000101101100001 >
b1000100011110000101101100001 [
b10 Q
b111101000100110001 K
b111101000100110001 Y
1$
#13760000
0$
#13765000
b10010111011001111100010000 >
b10010111011001111100010000 [
b1 H
b1 X
b1000100011110000101101100001 D
b1000100011110000101101100001 e
b11 Q
b1000100011110000101101100001 I
b1000100011110000101101100001 W
b1000100011110000101101100001 L
b1000100011110000101101100001 ]
1$
#13770000
0$
#13775000
b1000111111111101110001001000 >
b1000111111111101110001001000 [
b10 H
b10 X
b110001100010110110001010001 D
b110001100010110110001010001 e
b100 Q
b1010111011001010101001110001 I
b1010111011001010101001110001 W
b110001100010110110001010001 L
b110001100010110110001010001 ]
1$
#13780000
0$
#13785000
b1000100011110000101101100001 >
b1000100011110000101101100001 [
b0 H
b0 X
b100011111111 Z
b1000111111111101110001001000 B
b1000111111111101110001001000 g
b110 Q
b1000111111111101110001001000 N
b1000111111111101110001001000 _
1$
#13790000
0$
#13795000
b111111 !
b111111 E
b11000011101110 Z
b110000111011101101110001001000 B
b110000111011101101110001001000 g
b111100111001011001010110110001010001 D
b111100111001011001010110110001010001 e
b111111 F
b111111 U
b1 Q
b110000111011101101110001001000 N
b110000111011101101110001001000 _
b111100111001011001010110110001010001 L
b111100111001011001010110110001010001 ]
1$
#13800000
0$
#13805000
b10011010000101000010000111011001 >
b10011010000101000010000111011001 [
b10 Q
b110011100101100101 K
b110011100101100101 Y
1$
#13810000
0$
#13815000
b1001010110100001110101000100 >
b1001010110100001110101000100 [
b1 H
b1 X
b10011010000101000010000111011001 D
b10011010000101000010000111011001 e
b11 Q
b10011010000101000010000111011001 I
b10011010000101000010000111011001 W
b10011010000101000010000111011001 L
b10011010000101000010000111011001 ]
1$
#13820000
0$
#13825000
b111110110100000101001001011111001100 >
b111110110100000101001001011111001100 [
b10 H
b10 X
b10010000101110100000010010010101 D
b10010000101110100000010010010101 e
b100 Q
b10100011011011100011111100011101 I
b10100011011011100011111100011101 W
b10010000101110100000010010010101 L
b10010000101110100000010010010101 ]
1$
#13830000
0$
#13835000
b10011010000101000010000111011001 >
b10011010000101000010000111011001 [
b0 H
b0 X
b111011010000010100 Z
b111110110100000101001001011111001100 B
b111110110100000101001001011111001100 g
b110 Q
b111110110100000101001001011111001100 N
b111110110100000101001001011111001100 _
1$
#13840000
0$
#13845000
b1000000 !
b1000000 E
b111101110000000011 Z
b111111011100000000111001011111001100 B
b111111011100000000111001011111001100 g
b111111000011111011100000010010010101 D
b111111000011111011100000010010010101 e
1?
b1000000 F
b1000000 U
b1 Q
b111111011100000000111001011111001100 N
b111111011100000000111001011111001100 _
b111111000011111011100000010010010101 L
b111111000011111011100000010010010101 ]
1$
#13850000
0$
#13855000
1#
b1110000110000111000101000100 >
b1110000110000111000101000100 [
b111 Q
b111100001111101110 K
b111100001111101110 Y
1$
#13860000
0$
#13865000
b1001011 4
1$
#13870000
0$
#13875000
b1001101 4
1$
#13880000
0$
#13885000
b1001111 4
1$
#13890000
0$
#13895000
b1010001 4
1$
#13900000
1+
0$
#13905000
0#
b0 Q
b0 R
1$
#13910000
0+
0$
#13915000
b1100110011001 2
b1100110011001 <
b1100110011001 0
b1100110011001 :
b1010001111 &
b1010001111 7
b100100011110101 %
b100100011110101 6
b1010010 4
1$
#13920000
1-
0$
#13925000
b1100110011001 Z
b0 !
b0 E
b11001100110010000000000000000 B
b11001100110010000000000000000 g
b11001100110010000000000000000 D
b11001100110010000000000000000 e
b1 Q
b11001100110010000000000000000 N
b11001100110010000000000000000 _
b11001100110010000000000000000 L
b11001100110010000000000000000 ]
0?
b0 F
b0 U
b1 R
b0 I
b0 W
1$
#13930000
0-
0$
#13935000
b10100011110011110101110001 >
b10100011110011110101110001 [
b10 Q
b1100110011001 K
b1100110011001 Y
1$
#13940000
0$
#13945000
b1 H
b1 X
b10100011110011110101110001 D
b10100011110011110101110001 e
b11 Q
b10100011110011110101110001 I
b10100011110011110101110001 W
b10100011110011110101110001 L
b10100011110011110101110001 ]
1$
#13950000
0$
#13955000
b101000111100111101011100010 >
b101000111100111101011100010 [
b10 H
b10 X
b0 D
b0 e
b100 Q
b101000111100111101011100010 I
b101000111100111101011100010 W
b0 L
b0 ]
1$
#13960000
0$
#13965000
b10100011110011110101110001 >
b10100011110011110101110001 [
b0 H
b0 X
b10100011110 Z
b101000111100111101011100010 B
b101000111100111101011100010 g
b110 Q
b101000111100111101011100010 N
b101000111100111101011100010 _
1$
#13970000
0$
#13975000
b1 !
b1 E
b11110101101 Z
b111101011010111101011100010 B
b111101011010111101011100010 g
b1001000111101010000000000000000 D
b1001000111101010000000000000000 e
b1 F
b1 U
b1 Q
b111101011010111101011100010 N
b111101011010111101011100010 _
b1001000111101010000000000000000 L
b1001000111101010000000000000000 ]
1$
#13980000
0$
#13985000
b10100110010101011101001111001 >
b10100110010101011101001111001 [
b10 Q
b100100011110101 K
b100100011110101 Y
1$
#13990000
0$
#13995000
b1110101110101011101001 >
b1110101110101011101001 [
b1 H
b1 X
b10100110010101011101001111001 D
b10100110010101011101001111001 e
b11 Q
b10100110010101011101001111001 I
b10100110010101011101001111001 W
b10100110010101011101001111001 L
b10100110010101011101001111001 ]
1$
#14000000
0$
#14005000
b100011000000000000100100010 >
b100011000000000000100100010 [
b10 H
b10 X
b10100100011111100111110010000 D
b10100100011111100111110010000 e
b100 Q
b10101000001011010010101100010 I
b10101000001011010010101100010 W
b10100100011111100111110010000 L
b10100100011111100111110010000 ]
1$
#14010000
0$
#14015000
b10100110010101011101001111001 >
b10100110010101011101001111001 [
b0 H
b0 X
b10001100000 Z
b100011000000000000100100010 B
b100011000000000000100100010 g
b110 Q
b100011000000000000100100010 N
b100011000000000000100100010 _
1$
#14020000
0$
#14025000
b10 !
b10 E
b11011101111 Z
b110111011110000000100100010 B
b110111011110000000100100010 g
b1011101100001001100111110010000 D
b1011101100001001100111110010000 e
b10 F
b10 U
b1 Q
b110111011110000000100100010 N
b110111011110000000100100010 _
b1011101100001001100111110010000 L
b1011101100001001100111110010000 ]
1$
#14030000
0$
#14035000
b100010001010010010110000010000 >
b100010001010010010110000010000 [
b10 Q
b101110110000100 K
b101110110000100 Y
1$
#14040000
0$
#14045000
b1100000001001100100001 >
b1100000001001100100001 [
b1 H
b1 X
b100010001010010010110000010000 D
b100010001010010010110000010000 e
b11 Q
b100010001010010010110000010000 I
b100010001010010010110000010000 W
b100010001010010010110000010000 L
b100010001010010010110000010000 ]
1$
#14050000
0$
#14055000
b101000100001100110001111000 >
b101000100001100110001111000 [
b10 H
b10 X
b100001111110010001100011101111 D
b100001111110010001100011101111 e
b100 Q
b100010010110010011111100110001 I
b100010010110010011111100110001 W
b100001111110010001100011101111 L
b100001111110010001100011101111 ]
1$
#14060000
0$
#14065000
b100010001010010010110000010000 >
b100010001010010010110000010000 [
b0 H
b0 X
b10100010000 Z
b101000100001100110001111000 B
b101000100001100110001111000 g
b110 Q
b101000100001100110001111000 N
b101000100001100110001111000 _
1$
#14070000
0$
#14075000
b11 !
b11 E
b11110011111 Z
b111100111111100110001111000 B
b111100111111100110001111000 g
b1101010111011100001100011101111 D
b1101010111011100001100011101111 e
b11 F
b11 U
b1 Q
b111100111111100110001111000 N
b111100111111100110001111000 _
b1101010111011100001100011101111 L
b1101010111011100001100011101111 ]
1$
#14080000
0$
#14085000
b101100101010011111010101000100 >
b101100101010011111010101000100 [
b10 Q
b110101011101110 K
b110101011101110 Y
1$
#14090000
0$
#14095000
b1110100001010011000001 >
b1110100001010011000001 [
b1 H
b1 X
b101100101010011111010101000100 D
b101100101010011111010101000100 e
b11 Q
b101100101010011111010101000100 I
b101100101010011111010101000100 W
b101100101010011111010101000100 L
b101100101010011111010101000100 ]
1$
#14100000
0$
#14105000
b110010111011101011110100100 >
b110010111011101011110100100 [
b10 H
b10 X
b101100011011111110000010000011 D
b101100011011111110000010000011 e
b100 Q
b101100111001000000101000000101 I
b101100111001000000101000000101 W
b101100011011111110000010000011 L
b101100011011111110000010000011 ]
1$
#14110000
0$
#14115000
b101100101010011111010101000100 >
b101100101010011111010101000100 [
b0 H
b0 X
b11001011101 Z
b110010111011101011110100100 B
b110010111011101011110100100 g
b110 Q
b110010111011101011110100100 N
b110010111011101011110100100 _
1$
#14120000
0$
#14125000
b100 !
b100 E
b100011101100 Z
b1000111011001101011110100100 B
b1000111011001101011110100100 g
b1110101011001001110000010000011 D
b1110101011001001110000010000011 e
b100 F
b100 U
b1 Q
b1000111011001101011110100100 N
b1000111011001101011110100100 _
b1110101011001001110000010000011 L
b1110101011001001110000010000011 ]
1$
#14130000
0$
#14135000
b110101110101001000111100010000 >
b110101110101001000111100010000 [
b10 Q
b111010101100100 K
b111010101100100 Y
1$
#14140000
0$
#14145000
b10011111001100110010000 >
b10011111001100110010000 [
b1 H
b1 X
b110101110101001000111100010000 D
b110101110101001000111100010000 e
b11 Q
b110101110101001000111100010000 I
b110101110101001000111100010000 W
b110101110101001000111100010000 L
b110101110101001000111100010000 ]
1$
#14150000
0$
#14155000
b1000001011101011000001100000 >
b1000001011101011000001100000 [
b10 H
b10 X
b110101100001001111010110000000 D
b110101100001001111010110000000 e
b100 Q
b110110001001000010100010100000 I
b110110001001000010100010100000 W
b110101100001001111010110000000 L
b110101100001001111010110000000 ]
1$
#14160000
0$
#14165000
b110101110101001000111100010000 >
b110101110101001000111100010000 [
b0 H
b0 X
b100000101110 Z
b1000001011101011000001100000 B
b1000001011101011000001100000 g
b110 Q
b1000001011101011000001100000 N
b1000001011101011000001100000 _
1$
#14170000
0$
#14175000
b101 !
b101 E
b101010111101 Z
b1010101111011011000001100000 B
b1010101111011011000001100000 g
b1111110011110011111010110000000 D
b1111110011110011111010110000000 e
b101 F
b101 U
b1 Q
b1010101111011011000001100000 N
b1010101111011011000001100000 _
b1111110011110011111010110000000 L
b1111110011110011111010110000000 ]
1$
#14180000
0$
#14185000
b111110011110110101010100110001 >
b111110011110110101010100110001 [
b10 Q
b111111001111001 K
b111111001111001 Y
1$
#14190000
0$
#14195000
b11100110100111110001001 >
b11100110100111110001001 [
b1 H
b1 X
b111110011110110101010100110001 D
b111110011110110101010100110001 e
b11 Q
b111110011110110101010100110001 I
b111110011110110101010100110001 W
b111110011110110101010100110001 L
b111110011110110101010100110001 ]
1$
#14200000
0$
#14205000
b1010100111000011001010101010 >
b1010100111000011001010101010 [
b10 H
b10 X
b111110000010000000010110101000 D
b111110000010000000010110101000 e
b100 Q
b111110111011101010010010111010 I
b111110111011101010010010111010 W
b111110000010000000010110101000 L
b111110000010000000010110101000 ]
1$
#14210000
0$
#14215000
b111110011110110101010100110001 >
b111110011110110101010100110001 [
b0 H
b0 X
b101010011100 Z
b1010100111000011001010101010 B
b1010100111000011001010101010 g
b110 Q
b1010100111000011001010101010 N
b1010100111000011001010101010 _
1$
#14220000
0$
#14225000
b110 !
b110 E
b110100101011 Z
b1101001010110011001010101010 B
b1101001010110011001010101010 g
b10000110111111010000010110101000 D
b10000110111111010000010110101000 e
b110 F
b110 U
b1 Q
b1101001010110011001010101010 N
b1101001010110011001010101010 _
b10000110111111010000010110101000 L
b10000110111111010000010110101000 ]
1$
#14230000
0$
#14235000
b1000111001011011101011000001001 >
b1000111001011011101011000001001 [
b10 Q
b1000011011111101 K
b1000011011111101 Y
1$
#14240000
0$
#14245000
b101011010110010100111001 >
b101011010110010100111001 [
b1 H
b1 X
b1000111001011011101011000001001 D
b1000111001011011101011000001001 e
b11 Q
b1000111001011011101011000001001 I
b1000111001011011101011000001001 W
b1000111001011011101011000001001 L
b1000111001011011101011000001001 ]
1$
#14250000
0$
#14255000
b1101111000110000101011111110 >
b1101111000110000101011111110 [
b10 H
b10 X
b1000110100000000111000011010000 D
b1000110100000000111000011010000 e
b100 Q
b1000111110110110011101101000010 I
b1000111110110110011101101000010 W
b1000110100000000111000011010000 L
b1000110100000000111000011010000 ]
1$
#14260000
0$
#14265000
b1000111001011011101011000001001 >
b1000111001011011101011000001001 [
b0 H
b0 X
b110111100011 Z
b1101111000110000101011111110 B
b1101111000110000101011111110 g
b110 Q
b1101111000110000101011111110 N
b1101111000110000101011111110 _
1$
#14270000
0$
#14275000
b111 !
b111 E
b1000001110010 Z
b10000011100100000101011111110 B
b10000011100100000101011111110 g
b10001111011101010111000011010000 D
b10001111011101010111000011010000 e
b111 F
b111 U
b1 Q
b10000011100100000101011111110 N
b10000011100100000101011111110 _
b10001111011101010111000011010000 L
b10001111011101010111000011010000 ]
1$
#14280000
0$
#14285000
b1010000011000111110101101111001 >
b1010000011000111110101101111001 [
b10 Q
b1000111101110101 K
b1000111101110101 Y
1$
#14290000
0$
#14295000
b1000011100111001011000100 >
b1000011100111001011000100 [
b1 H
b1 X
b1010000011000111110101101111001 D
b1010000011000111110101101111001 e
b11 Q
b1010000011000111110101101111001 I
b1010000011000111110101101111001 W
b1010000011000111110101101111001 L
b1010000011000111110101101111001 ]
1$
#14300000
0$
#14305000
b10010011011100110010000110100 >
b10010011011100110010000110100 [
b10 H
b10 X
b1001111010101010111100010110101 D
b1001111010101010111100010110101 e
b100 Q
b1010001011100100101111000111101 I
b1010001011100100101111000111101 W
b1001111010101010111100010110101 L
b1001111010101010111100010110101 ]
1$
#14310000
0$
#14315000
b1010000011000111110101101111001 >
b1010000011000111110101101111001 [
b0 H
b0 X
b1001001101110 Z
b10010011011100110010000110100 B
b10010011011100110010000110100 g
b110 Q
b10010011011100110010000110100 N
b10010011011100110010000110100 _
1$
#14320000
0$
#14325000
b1000 !
b1000 E
b1010011111101 Z
b10100111111010110010000110100 B
b10100111111010110010000110100 g
b10011000010010100111100010110101 D
b10011000010010100111100010110101 e
b1000 F
b1000 U
b1 Q
b10100111111010110010000110100 N
b10100111111010110010000110100 _
b10011000010010100111100010110101 L
b10011000010010100111100010110101 ]
1$
#14330000
0$
#14335000
b1011010100101111111010101100100 >
b1011010100101111111010101100100 [
b10 Q
b1001100001001010 K
b1001100001001010 Y
1$
#14340000
0$
#14345000
b1101110001000001000001001 >
b1101110001000001000001001 [
b1 H
b1 X
b1011010100101111111010101100100 D
b1011010100101111111010101100100 e
b11 Q
b1011010100101111111010101100100 I
b1011010100101111111010101100100 W
b1011010100101111111010101100100 L
b1011010100101111111010101100100 ]
1$
#14350000
0$
#14355000
b11000111110001001001001000100 >
b11000111110001001001001000100 [
b10 H
b10 X
b1011000110111110111001101011011 D
b1011000110111110111001101011011 e
b100 Q
b1011100010100000111011101101101 I
b1011100010100000111011101101101 W
b1011000110111110111001101011011 L
b1011000110111110111001101011011 ]
1$
#14360000
0$
#14365000
b1011010100101111111010101100100 >
b1011010100101111111010101100100 [
b0 H
b0 X
b1100011111000 Z
b11000111110001001001001000100 B
b11000111110001001001001000100 g
b110 Q
b11000111110001001001001000100 N
b11000111110001001001001000100 _
1$
#14370000
0$
#14375000
b1001 !
b1001 E
b1101110000111 Z
b11011100001111001001001000100 B
b11011100001111001001001000100 g
b10100001110101000111001101011011 D
b10100001110101000111001101011011 e
b1001 F
b1001 U
b1 Q
b11011100001111001001001000100 N
b11011100001111001001001000100 _
b10100001110101000111001101011011 L
b10100001110101000111001101011011 ]
1$
#14380000
0$
#14385000
b1100110010011000101011110010000 >
b1100110010011000101011110010000 [
b10 Q
b1010000111010100 K
b1010000111010100 Y
1$
#14390000
0$
#14395000
b10111101011100000100110001 >
b10111101011100000100110001 [
b1 H
b1 X
b1100110010011000101011110010000 D
b1100110010011000101011110010000 e
b11 Q
b1100110010011000101011110010000 I
b1100110010011000101011110010000 W
b1100110010011000101011110010000 L
b1100110010011000101011110010000 ]
1$
#14400000
0$
#14405000
b100010110011010110010110011000 >
b100010110011010110010110011000 [
b10 H
b10 X
b1100011010101101001011001011111 D
b1100011010101101001011001011111 e
b100 Q
b1101001010000100001100011000001 I
b1101001010000100001100011000001 W
b1100011010101101001011001011111 L
b1100011010101101001011001011111 ]
1$
#14410000
0$
#14415000
b1100110010011000101011110010000 >
b1100110010011000101011110010000 [
b0 H
b0 X
b10001011001101 Z
b100010110011010110010110011000 B
b100010110011010110010110011000 g
b110 Q
b100010110011010110010110011000 N
b100010110011010110010110011000 _
1$
#14420000
0$
#14425000
b1010 !
b1010 E
b10010101011100 Z
b100101010111000110010110011000 B
b100101010111000110010110011000 g
b10101100010010111001011001011111 D
b10101100010010111001011001011111 e
b1010 F
b1010 U
b1 Q
b100101010111000110010110011000 N
b100101010111000110010110011000 _
b10101100010010111001011001011111 L
b10101100010010111001011001011111 ]
1$
#14430000
0$
#14435000
b1110011111101001101110111111001 >
b1110011111101001101110111111001 [
b10 Q
b1010110001001011 K
b1010110001001011 Y
1$
#14440000
0$
#14445000
b101011100111011100100010000 >
b101011100111011100100010000 [
b1 H
b1 X
b1110011111101001101110111111001 D
b1110011111101001101110111111001 e
b11 Q
b1110011111101001101110111111001 I
b1110011111101001101110111111001 W
b1110011111101001101110111111001 L
b1110011111101001101110111111001 ]
1$
#14450000
0$
#14455000
b110010010010011000001111101000 >
b110010010010011000001111101000 [
b10 H
b10 X
b1101110100000010010010011101001 D
b1101110100000010010010011101001 e
b100 Q
b1111001011010001001011100001001 I
b1111001011010001001011100001001 W
b1101110100000010010010011101001 L
b1101110100000010010010011101001 ]
1$
#14460000
0$
#14465000
b1110011111101001101110111111001 >
b1110011111101001101110111111001 [
b0 H
b0 X
b11001001001001 Z
b110010010010011000001111101000 B
b110010010010011000001111101000 g
b110 Q
b110010010010011000001111101000 N
b110010010010011000001111101000 _
1$
#14470000
0$
#14475000
b1011 !
b1011 E
b11010011011000 Z
b110100110110001000001111101000 B
b110100110110001000001111101000 g
b10110111011101100010010011101001 D
b10110111011101100010010011101001 e
b1011 F
b1011 U
b1 Q
b110100110110001000001111101000 N
b110100110110001000001111101000 _
b10110111011101100010010011101001 L
b10110111011101100010010011101001 ]
1$
#14480000
0$
#14485000
b10000011011110011110101001100100 >
b10000011011110011110101001100100 [
b10 Q
b1011011101110110 K
b1011011101110110 Y
1$
#14490000
0$
#14495000
b1010111010000111011001000000 >
b1010111010000111011001000000 [
b1 H
b1 X
b10000011011110011110101001100100 D
b10000011011110011110101001100100 e
b11 Q
b10000011011110011110101001100100 I
b10000011011110011110101001100100 W
b10000011011110011110101001100100 L
b10000011011110011110101001100100 ]
1$
#14500000
0$
#14505000
b1001011101111011000011100100000 >
b1001011101111011000011100100000 [
b10 H
b10 X
b1111000100100010111010000100100 D
b1111000100100010111010000100100 e
b100 Q
b10001110011000100110000010100100 I
b10001110011000100110000010100100 W
b1111000100100010111010000100100 L
b1111000100100010111010000100100 ]
1$
#14510000
0$
#14515000
b10000011011110011110101001100100 >
b10000011011110011110101001100100 [
b0 H
b0 X
b100101110111101 Z
b1001011101111011000011100100000 B
b1001011101111011000011100100000 g
b110 Q
b1001011101111011000011100100000 N
b1001011101111011000011100100000 _
1$
#14520000
0$
#14525000
b1100 !
b1100 E
b100111001001100 Z
b1001110010011001000011100100000 B
b1001110010011001000011100100000 g
b11000001100001100111010000100100 D
b11000001100001100111010000100100 e
b1100 F
b1100 U
b1 Q
b1001110010011001000011100100000 N
b1001110010011001000011100100000 _
b11000001100001100111010000100100 L
b11000001100001100111010000100100 ]
1$
#14530000
0$
#14535000
b10010010010010110101001000100100 >
b10010010010010110101001000100100 [
b10 Q
b1100000110000110 K
b1100000110000110 Y
1$
#14540000
0$
#14545000
b10111111100100110011010010000 >
b10111111100100110011010010000 [
b1 H
b1 X
b10010010010010110101001000100100 D
b10010010010010110101001000100100 e
b11 Q
b10010010010010110101001000100100 I
b10010010010010110101001000100100 W
b10010010010010110101001000100100 L
b10010010010010110101001000100100 ]
1$
#14550000
0$
#14555000
b1110110011000001000111110010000 >
b1110110011000001000111110010000 [
b10 H
b10 X
b1111010010110001110101110010100 D
b1111010010110001110101110010100 e
b100 Q
b10101010001111011011100010110100 I
b10101010001111011011100010110100 W
b1111010010110001110101110010100 L
b1111010010110001110101110010100 ]
1$
#14560000
0$
#14565000
b10010010010010110101001000100100 >
b10010010010010110101001000100100 [
b0 H
b0 X
b111011001100000 Z
b1110110011000001000111110010000 B
b1110110011000001000111110010000 g
b110 Q
b1110110011000001000111110010000 N
b1110110011000001000111110010000 _
1$
#14570000
0$
#14575000
b1101 !
b1101 E
b111100011101111 Z
b1111000111011111000111110010000 B
b1111000111011111000111110010000 g
b11000011010011011110101110010100 D
b11000011010011011110101110010100 e
b1101 F
b1101 U
b1 Q
b1111000111011111000111110010000 N
b1111000111011111000111110010000 _
b11000011010011011110101110010100 L
b11000011010011011110101110010100 ]
1$
#14580000
0$
#14585000
b10010100111111100110010100101001 >
b10010100111111100110010100101001 [
b10 Q
b1100001101001101 K
b1100001101001101 Y
1$
#14590000
0$
#14595000
b111001001000001110111100100001 >
b111001001000001110111100100001 [
b1 H
b1 X
b10010100111111100110010100101001 D
b10010100111111100110010100101001 e
b11 Q
b10010100111111100110010100101001 I
b10010100111111100110010100101001 W
b10010100111111100110010100101001 L
b10010100111111100110010100101001 ]
1$
#14600000
0$
#14605000
b10111000100001001101100111000110 >
b10111000100001001101100111000110 [
b10 H
b10 X
b1011011110111010111011000001000 D
b1011011110111010111011000001000 e
b100 Q
b11001110000111110101010001001010 I
b11001110000111110101010001001010 W
b1011011110111010111011000001000 L
b1011011110111010111011000001000 ]
1$
#14610000
0$
#14615000
b10010100111111100110010100101001 >
b10010100111111100110010100101001 [
b0 H
b0 X
b1011100010000100 Z
b10111000100001001101100111000110 B
b10111000100001001101100111000110 g
b110 Q
b10111000100001001101100111000110 N
b10111000100001001101100111000110 _
1$
#14620000
0$
#14625000
b1110 !
b1110 E
b1011101100010011 Z
b10111011000100111101100111000110 B
b10111011000100111101100111000110 g
b10100100110100100111011000001000 D
b10100100110100100111011000001000 e
b1110 F
b1110 U
b1 Q
b10111011000100111101100111000110 N
b10111011000100111101100111000110 _
b10100100110100100111011000001000 L
b10100100110100100111011000001000 ]
1$
#14630000
0$
#14635000
b1101010000111011011110001000100 >
b1101010000111011011110001000100 [
b10 Q
b1010010011010010 K
b1010010011010010 Y
1$
#14640000
0$
#14645000
b10001000101101001100001101101001 >
b10001000101101001100001101101001 [
b1 H
b1 X
b1101010000111011011110001000100 D
b1101010000111011011110001000100 e
b11 Q
b1101010000111011011110001000100 I
b1101010000111011011110001000100 W
b1101010000111011011110001000100 L
b1101010000111011011110001000100 ]
1$
#14650000
0$
#14655000
b11110000111000110100001100101100 >
b11110000111000110100001100101100 [
b10 H
b10 X
b111111100001011010001111100011011011 D
b111111100001011010001111100011011011 e
b100 Q
b11110010110100100111111110101101 I
b11110010110100100111111110101101 W
b111111100001011010001111100011011011 L
b111111100001011010001111100011011011 ]
1$
#14660000
0$
#14665000
b1101010000111011011110001000100 >
b1101010000111011011110001000100 [
b0 H
b0 X
b1111000011100011 Z
b11110000111000110100001100101100 B
b11110000111000110100001100101100 g
b110 Q
b11110000111000110100001100101100 N
b11110000111000110100001100101100 _
1$
#14670000
0$
#14675000
b1111 !
b1111 E
b1111001101110010 Z
b11110011011100100100001100101100 B
b11110011011100100100001100101100 g
b101010010111011111100011011011 D
b101010010111011111100011011011 e
b1111 F
b1111 U
b1 Q
b11110011011100100100001100101100 N
b11110011011100100100001100101100 _
b101010010111011111100011011011 L
b101010010111011111100011011011 ]
1$
#14680000
0$
#14685000
b111000000101010010111001001 >
b111000000101010010111001001 [
b10 Q
b10101001011101 K
b10101001011101 Y
1$
#14690000
0$
#14695000
b11100111100000011001111011000100 >
b11100111100000011001111011000100 [
b1 H
b1 X
b111000000101010010111001001 D
b111000000101010010111001001 e
b11 Q
b111000000101010010111001001 I
b111000000101010010111001001 W
b111000000101010010111001001 L
b111000000101010010111001001 ]
1$
#14700000
0$
#14705000
b1010000100100100100100011010100 >
b1010000100100100100100011010100 [
b10 H
b10 X
b111100011111100000010000011100000101 D
b111100011111100000010000011100000101 e
b100 Q
b11101110100001000100010010001101 I
b11101110100001000100010010001101 W
b111100011111100000010000011100000101 L
b111100011111100000010000011100000101 ]
1$
#14710000
0$
#14715000
b111000000101010010111001001 >
b111000000101010010111001001 [
b0 H
b0 X
b101000010010010 Z
b1010000100100100100100011010100 B
b1010000100100100100100011010100 g
b110 Q
b1010000100100100100100011010100 N
b1010000100100100100100011010100 _
1$
#14720000
0$
#14725000
b10000 !
b10000 E
b101001100100001 Z
b1010011001000010100100011010100 B
b1010011001000010100100011010100 g
b111101101000011101100000011100000101 D
b111101101000011101100000011100000101 e
b10000 F
b10000 U
b1 Q
b1010011001000010100100011010100 N
b1010011001000010100100011010100 _
b111101101000011101100000011100000101 L
b111101101000011101100000011100000101 ]
1$
#14730000
0$
#14735000
b1011001101101000001011001100100 >
b1011001101101000001011001100100 [
b10 Q
b110110100001110110 K
b110110100001110110 Y
1$
#14740000
0$
#14745000
b11010111111100110101001000001 >
b11010111111100110101001000001 [
b1 H
b1 X
b1011001101101000001011001100100 D
b1011001101101000001011001100100 e
b11 Q
b1011001101101000001011001100100 I
b1011001101101000001011001100100 W
b1011001101101000001011001100100 L
b1011001101101000001011001100100 ]
1$
#14750000
0$
#14755000
b111110011101100101010111001001101100 >
b111110011101100101010111001001101100 [
b10 H
b10 X
b111110101101011010110000100011 D
b111110101101011010110000100011 e
b100 Q
b1110100101100101000000010100101 I
b1110100101100101000000010100101 W
b111110101101011010110000100011 L
b111110101101011010110000100011 ]
1$
#14760000
0$
#14765000
b1011001101101000001011001100100 >
b1011001101101000001011001100100 [
b0 H
b0 X
b111001110110010101 Z
b111110011101100101010111001001101100 B
b111110011101100101010111001001101100 g
b110 Q
b111110011101100101010111001001101100 N
b111110011101100101010111001001101100 _
1$
#14770000
0$
#14775000
b10001 !
b10001 E
b111010000000100100 Z
b111110100000001001000111001001101100 B
b111110100000001001000111001001101100 g
b10000111101010101010110000100011 D
b10000111101010101010110000100011 e
b10001 F
b10001 U
b1 Q
b111110100000001001000111001001101100 N
b111110100000001001000111001001101100 _
b10000111101010101010110000100011 L
b10000111101010101010110000100011 ]
1$
#14780000
0$
#14785000
b1000111111001001011110011100100 >
b1000111111001001011110011100100 [
b10 Q
b1000011110101010 K
b1000011110101010 Y
1$
#14790000
0$
#14795000
b100011111001010000010100010000 >
b100011111001010000010100010000 [
b1 H
b1 X
b1000111111001001011110011100100 D
b1000111111001001011110011100100 e
b11 Q
b1000111111001001011110011100100 I
b1000111111001001011110011100100 W
b1000111111001001011110011100100 L
b1000111111001001011110011100100 ]
1$
#14800000
0$
#14805000
b111110011010011001101010011111010000 >
b111110011010011001101010011111010000 [
b10 H
b10 X
b100011111111111011011111010100 D
b100011111111111011011111010100 e
b100 Q
b1101011110010011100000111110100 I
b1101011110010011100000111110100 W
b100011111111111011011111010100 L
b100011111111111011011111010100 ]
1$
#14810000
0$
#14815000
b1000111111001001011110011100100 >
b1000111111001001011110011100100 [
b0 H
b0 X
b111001101001100110 Z
b111110011010011001101010011111010000 B
b111110011010011001101010011111010000 g
b110 Q
b111110011010011001101010011111010000 N
b111110011010011001101010011111010000 _
1$
#14820000
0$
#14825000
b10010 !
b10010 E
b111001110011110101 Z
b111110011100111101011010011111010000 B
b111110011100111101011010011111010000 g
b1101100111101001011011111010100 D
b1101100111101001011011111010100 e
b10010 F
b10010 U
b1 Q
b111110011100111101011010011111010000 N
b111110011100111101011010011111010000 _
b1101100111101001011011111010100 L
b1101100111101001011011111010100 ]
1$
#14830000
0$
#14835000
b101110010111101100100010010000 >
b101110010111101100100010010000 [
b10 Q
b110110011110100 K
b110110011110100 Y
1$
#14840000
0$
#14845000
b100110010100011000001001111001 >
b100110010100011000001001111001 [
b1 H
b1 X
b101110010111101100100010010000 D
b101110010111101100100010010000 e
b11 Q
b101110010111101100100010010000 I
b101110010111101100100010010000 W
b101110010111101100100010010000 L
b101110010111101100100010010000 ]
1$
#14850000
0$
#14855000
b111110101011101100011110101100001000 >
b111110101011101100011110101100001000 [
b10 H
b10 X
b1000000011010100011000010111 D
b1000000011010100011000010111 e
b100 Q
b1010100101100000100101100001001 I
b1010100101100000100101100001001 W
b1000000011010100011000010111 L
b1000000011010100011000010111 ]
1$
#14860000
0$
#14865000
b101110010111101100100010010000 >
b101110010111101100100010010000 [
b0 H
b0 X
b111010101110110001 Z
b111110101011101100011110101100001000 B
b111110101011101100011110101100001000 g
b110 Q
b111110101011101100011110101100001000 N
b111110101011101100011110101100001000 _
1$
#14870000
0$
#14875000
b10011 !
b10011 E
b111010111001000000 Z
b111110101110010000001110101100001000 B
b111110101110010000001110101100001000 g
b1010001000000100100011000010111 D
b1010001000000100100011000010111 e
b10011 F
b10011 U
b1 Q
b111110101110010000001110101100001000 N
b111110101110010000001110101100001000 _
b1010001000000100100011000010111 L
b1010001000000100100011000010111 ]
1$
#14880000
0$
#14885000
b11001101000100100010000000100 >
b11001101000100100010000000100 [
b10 Q
b101000100000010 K
b101000100000010 Y
1$
#14890000
0$
#14895000
b11010000110110001000000000000 >
b11010000110110001000000000000 [
b1 H
b1 X
b11001101000100100010000000100 D
b11001101000100100010000000100 e
b11 Q
b11001101000100100010000000100 I
b11001101000100100010000000100 W
b11001101000100100010000000100 L
b11001101000100100010000000100 ]
1$
#14900000
0$
#14905000
b111111001100010000110011100100000000 >
b111111001100010000110011100100000000 [
b10 H
b10 X
b111111111111100001110011010000000100 D
b111111111111100001110011010000000100 e
b100 Q
b110011101111010101010000000100 I
b110011101111010101010000000100 W
b111111111111100001110011010000000100 L
b111111111111100001110011010000000100 ]
1$
#14910000
0$
#14915000
b11001101000100100010000000100 >
b11001101000100100010000000100 [
b0 H
b0 X
b111100110001000011 Z
b111111001100010000110011100100000000 B
b111111001100010000110011100100000000 g
b110 Q
b111111001100010000110011100100000000 N
b111111001100010000110011100100000000 _
1$
#14920000
0$
#14925000
b10100 !
b10100 E
b111100111011010010 Z
b111111001110110100100011100100000000 B
b111111001110110100100011100100000000 g
b1001000011111000011010000000100 D
b1001000011111000011010000000100 e
b10100 F
b10100 U
b1 Q
b111111001110110100100011100100000000 N
b111111001110110100100011100100000000 _
b1001000011111000011010000000100 L
b1001000011111000011010000000100 ]
1$
#14930000
0$
#14935000
b10100100001011111110000010000 >
b10100100001011111110000010000 [
b10 Q
b100100001111100 K
b100100001111100 Y
1$
#14940000
0$
#14945000
b1001011100101010010001000100 >
b1001011100101010010001000100 [
b1 H
b1 X
b10100100001011111110000010000 D
b10100100001011111110000010000 e
b11 Q
b10100100001011111110000010000 I
b10100100001011111110000010000 W
b10100100001011111110000010000 L
b10100100001011111110000010000 ]
1$
#14950000
0$
#14955000
b111111100100001001100111101101110000 >
b111111100100001001100111101101110000 [
b10 H
b10 X
b1011000100110101011111001100 D
b1011000100110101011111001100 e
b100 Q
b11101111110001010000001010100 I
b11101111110001010000001010100 W
b1011000100110101011111001100 L
b1011000100110101011111001100 ]
1$
#14960000
0$
#14965000
b10100100001011111110000010000 >
b10100100001011111110000010000 [
b0 H
b0 X
b111110010000100110 Z
b111111100100001001100111101101110000 B
b111111100100001001100111101101110000 g
b110 Q
b111111100100001001100111101101110000 N
b111111100100001001100111101101110000 _
1$
#14970000
0$
#14975000
b10101 !
b10101 E
b111110011010110101 Z
b111111100110101101010111101101110000 B
b111111100110101101010111101101110000 g
b1010100000010000101011111001100 D
b1010100000010000101011111001100 e
b10101 F
b10101 U
b1 Q
b111111100110101101010111101101110000 N
b111111100110101101010111101101110000 _
b1010100000010000101011111001100 L
b1010100000010000101011111001100 ]
1$
#14980000
0$
#14985000
b11011100101010100000001000000 >
b11011100101010100000001000000 [
b10 Q
b101010000001000 K
b101010000001000 Y
1$
#14990000
0$
#14995000
b10011111111011101111111001 >
b10011111111011101111111001 [
b1 H
b1 X
b11011100101010100000001000000 D
b11011100101010100000001000000 e
b11 Q
b11011100101010100000001000000 I
b11011100101010100000001000000 W
b11011100101010100000001000000 L
b11011100101010100000001000000 ]
1$
#15000000
0$
#15005000
b111111101111011001010011001101010000 >
b111111101111011001010011001101010000 [
b10 H
b10 X
b11001000101011000010001000111 D
b11001000101011000010001000111 e
b100 Q
b11110000101001111110000111001 I
b11110000101001111110000111001 W
b11001000101011000010001000111 L
b11001000101011000010001000111 ]
1$
#15010000
0$
#15015000
b11011100101010100000001000000 >
b11011100101010100000001000000 [
b0 H
b0 X
b111110111101100101 Z
b111111101111011001010011001101010000 B
b111111101111011001010011001101010000 g
b110 Q
b111111101111011001010011001101010000 N
b111111101111011001010011001101010000 _
1$
#15020000
0$
#15025000
b10110 !
b10110 E
b111111000111110100 Z
b111111110001111101000011001101010000 B
b111111110001111101000011001101010000 g
b1100010000010101000010001000111 D
b1100010000010101000010001000111 e
b10110 F
b10110 U
b1 Q
b111111110001111101000011001101010000 N
b111111110001111101000011001101010000 _
b1100010000010101000010001000111 L
b1100010000010101000010001000111 ]
1$
#15030000
0$
#15035000
b100101100010111010100001100100 >
b100101100010111010100001100100 [
b10 Q
b110001000001010 K
b110001000001010 Y
1$
#15040000
0$
#15045000
b110001010101000010010000 >
b110001010101000010010000 [
b1 H
b1 X
b100101100010111010100001100100 D
b100101100010111010100001100100 e
b11 Q
b100101100010111010100001100100 I
b100101100010111010100001100100 W
b100101100010111010100001100100 L
b100101100010111010100001100100 ]
1$
#15050000
0$
#15055000
b111111110101001111011011011100010000 >
b111111110101001111011011011100010000 [
b10 H
b10 X
b100100110001100101011111010100 D
b100100110001100101011111010100 e
b100 Q
b100110010100001111100011110100 I
b100110010100001111100011110100 W
b100100110001100101011111010100 L
b100100110001100101011111010100 ]
1$
#15060000
0$
#15065000
b100101100010111010100001100100 >
b100101100010111010100001100100 [
b0 H
b0 X
b111111010100111101 Z
b111111110101001111011011011100010000 B
b111111110101001111011011011100010000 g
b110 Q
b111111110101001111011011011100010000 N
b111111110101001111011011011100010000 _
1$
#15070000
0$
#15075000
b10111 !
b10111 E
b111111011111001100 Z
b111111110111110011001011011100010000 B
b111111110111110011001011011100010000 g
b1101101101110110101011111010100 D
b1101101101110110101011111010100 e
b10111 F
b10111 U
b1 Q
b111111110111110011001011011100010000 N
b111111110111110011001011011100010000 _
b1101101101110110101011111010100 L
b1101101101110110101011111010100 ]
1$
#15080000
0$
#15085000
b101111000010001100011010011001 >
b101111000010001100011010011001 [
b10 Q
b110110110111011 K
b110110110111011 Y
1$
#15090000
0$
#15095000
b10000110100101010010000 >
b10000110100101010010000 [
b1 H
b1 X
b101111000010001100011010011001 D
b101111000010001100011010011001 e
b11 Q
b101111000010001100011010011001 I
b101111000010001100011010011001 W
b101111000010001100011010011001 L
b101111000010001100011010011001 ]
1$
#15100000
0$
#15105000
b111111111000111101111011110000001000 >
b111111111000111101111011110000001000 [
b10 H
b10 X
b101110110001010111110000001001 D
b101110110001010111110000001001 e
b100 Q
b101111010011000001000100101001 I
b101111010011000001000100101001 W
b101110110001010111110000001001 L
b101110110001010111110000001001 ]
1$
#15110000
0$
#15115000
b101111000010001100011010011001 >
b101111000010001100011010011001 [
b0 H
b0 X
b111111100011110111 Z
b111111111000111101111011110000001000 B
b111111111000111101111011110000001000 g
b110 Q
b111111111000111101111011110000001000 N
b111111111000111101111011110000001000 _
1$
#15120000
0$
#15125000
b11000 !
b11000 E
b111111101110000110 Z
b111111111011100001101011110000001000 B
b111111111011100001101011110000001000 g
b1110111101110100111110000001001 D
b1110111101110100111110000001001 e
b11000 F
b11000 U
b1 Q
b111111111011100001101011110000001000 N
b111111111011100001101011110000001000 _
b1110111101110100111110000001001 L
b1110111101110100111110000001001 ]
1$
#15130000
0$
#15135000
b110111111111100111001100100100 >
b110111111111100111001100100100 [
b10 Q
b111011110111010 K
b111011110111010 Y
1$
#15140000
0$
#15145000
b101000000101000100100 >
b101000000101000100100 [
b1 H
b1 X
b110111111111100111001100100100 D
b110111111111100111001100100100 e
b11 Q
b110111111111100111001100100100 I
b110111111111100111001100100100 W
b110111111111100111001100100100 L
b110111111111100111001100100100 ]
1$
#15150000
0$
#15155000
b111111111011110100000001001010111000 >
b111111111011110100000001001010111000 [
b10 H
b10 X
b110111111010100110100100000000 D
b110111111010100110100100000000 e
b100 Q
b111000000100100111110101001000 I
b111000000100100111110101001000 W
b110111111010100110100100000000 L
b110111111010100110100100000000 ]
1$
#15160000
0$
#15165000
b110111111111100111001100100100 >
b110111111111100111001100100100 [
b0 H
b0 X
b111111101111010000 Z
b111111111011110100000001001010111000 B
b111111111011110100000001001010111000 g
b110 Q
b111111111011110100000001001010111000 N
b111111111011110100000001001010111000 _
1$
#15170000
0$
#15175000
b11001 !
b11001 E
b111111111001011111 Z
b111111111110010111110001001010111000 B
b111111111110010111110001001010111000 g
b10000000110111110110100100000000 D
b10000000110111110110100100000000 e
b11001 F
b11001 U
b1 Q
b111111111110010111110001001010111000 N
b111111111110010111110001001010111000 _
b10000000110111110110100100000000 L
b10000000110111110110100100000000 ]
1$
#15180000
0$
#15185000
b1000000110111111100001001000001 >
b1000000110111111100001001000001 [
b10 Q
b1000000011011111 K
b1000000011011111 Y
1$
#15190000
0$
#15195000
b101010011101000001 >
b101010011101000001 [
b1 H
b1 X
b1000000110111111100001001000001 D
b1000000110111111100001001000001 e
b11 Q
b1000000110111111100001001000001 I
b1000000110111111100001001000001 W
b1000000110111111100001001000001 L
b1000000110111111100001001000001 ]
1$
#15200000
0$
#15205000
b111111111110010111000010100110000010 >
b111111111110010111000010100110000010 [
b10 H
b10 X
b1000000110111010001101100000000 D
b1000000110111010001101100000000 e
b100 Q
b1000000111000100110100110000010 I
b1000000111000100110100110000010 W
b1000000110111010001101100000000 L
b1000000110111010001101100000000 ]
1$
#15210000
0$
#15215000
b1000000110111111100001001000001 >
b1000000110111111100001001000001 [
b0 H
b0 X
b111111111001011100 Z
b111111111110010111000010100110000010 B
b111111111110010111000010100110000010 g
b110 Q
b111111111110010111000010100110000010 N
b111111111110010111000010100110000010 _
1$
#15220000
0$
#15225000
b11010 !
b11010 E
b11101011 Z
b111010110010100110000010 B
b111010110010100110000010 g
b10001001110100100001101100000000 D
b10001001110100100001101100000000 e
b11010 F
b11010 U
b1 Q
b111010110010100110000010 N
b111010110010100110000010 _
b10001001110100100001101100000000 L
b10001001110100100001101100000000 ]
1$
#15230000
0$
#15235000
b1001010001100100111000001000100 >
b1001010001100100111000001000100 [
b10 Q
b1000100111010010 K
b1000100111010010 Y
1$
#15240000
0$
#15245000
b1101011110111001 >
b1101011110111001 [
b1 H
b1 X
b1001010001100100111000001000100 D
b1001010001100100111000001000100 e
b11 Q
b1001010001100100111000001000100 I
b1001010001100100111000001000100 W
b1001010001100100111000001000100 L
b1001010001100100111000001000100 ]
1$
#15250000
0$
#15255000
b111111010000011110001100 >
b111111010000011110001100 [
b10 H
b10 X
b1001010001100011001100010001011 D
b1001010001100011001100010001011 e
b100 Q
b1001010001100110100011111111101 I
b1001010001100110100011111111101 W
b1001010001100011001100010001011 L
b1001010001100011001100010001011 ]
1$
#15260000
0$
#15265000
b1001010001100100111000001000100 >
b1001010001100100111000001000100 [
b0 H
b0 X
b11111101 Z
b111111010000011110001100 B
b111111010000011110001100 g
b110 Q
b111111010000011110001100 N
b111111010000011110001100 _
1$
#15270000
0$
#15275000
b11011 !
b11011 E
b1110001100 Z
b11100011000000011110001100 B
b11100011000000011110001100 g
b10010011001001101001100010001011 D
b10010011001001101001100010001011 e
b11011 F
b11011 U
b1 Q
b11100011000000011110001100 N
b11100011000000011110001100 _
b10010011001001101001100010001011 L
b10010011001001101001100010001011 ]
1$
#15280000
0$
#15285000
b1010100100101001010100110100100 >
b1010100100101001010100110100100 [
b10 Q
b1001001100100110 K
b1001001100100110 Y
1$
#15290000
0$
#15295000
b11001001010010010000 >
b11001001010010010000 [
b1 H
b1 X
b1010100100101001010100110100100 D
b1010100100101001010100110100100 e
b11 Q
b1010100100101001010100110100100 I
b1010100100101001010100110100100 W
b1010100100101001010100110100100 L
b1010100100101001010100110100100 ]
1$
#15300000
0$
#15305000
b100000100111101010110010000 >
b100000100111101010110010000 [
b10 H
b10 X
b1010100100010000001010100010100 D
b1010100100010000001010100010100 e
b100 Q
b1010100101000010011111000110100 I
b1010100101000010011111000110100 W
b1010100100010000001010100010100 L
b1010100100010000001010100010100 ]
1$
#15310000
0$
#15315000
b1010100100101001010100110100100 >
b1010100100101001010100110100100 [
b0 H
b0 X
b10000010011 Z
b100000100111101010110010000 B
b100000100111101010110010000 g
b110 Q
b100000100111101010110010000 N
b100000100111101010110010000 _
1$
#15320000
0$
#15325000
b11100 !
b11100 E
b11010100010 Z
b110101000101101010110010000 B
b110101000101101010110010000 g
b10011101011111010001010100010100 D
b10011101011111010001010100010100 e
b11100 F
b11100 U
b1 Q
b110101000101101010110010000 N
b110101000101101010110010000 _
b10011101011111010001010100010100 L
b10011101011111010001010100010100 ]
1$
#15330000
0$
#15335000
b1100000111000101000111100001001 >
b1100000111000101000111100001001 [
b10 Q
b1001110101111101 K
b1001110101111101 Y
1$
#15340000
0$
#15345000
b1010111111111010000100 >
b1010111111111010000100 [
b1 H
b1 X
b1100000111000101000111100001001 D
b1100000111000101000111100001001 e
b11 Q
b1100000111000101000111100001001 I
b1100000111000101000111100001001 W
b1100000111000101000111100001001 L
b1100000111000101000111100001001 ]
1$
#15350000
0$
#15355000
b1000001010010010111000110100 >
b1000001010010010111000110100 [
b10 H
b10 X
b1100000101101101001000010000101 D
b1100000101101101001000010000101 e
b100 Q
b1100001000011101000110110001101 I
b1100001000011101000110110001101 W
b1100000101101101001000010000101 L
b1100000101101101001000010000101 ]
1$
#15360000
0$
#15365000
b1100000111000101000111100001001 >
b1100000111000101000111100001001 [
b0 H
b0 X
b100000101001 Z
b1000001010010010111000110100 B
b1000001010010010111000110100 g
b110 Q
b1000001010010010111000110100 N
b1000001010010010111000110100 _
1$
#15370000
0$
#15375000
b11101 !
b11101 E
b101010111000 Z
b1010101110000010111000110100 B
b1010101110000010111000110100 g
b10101001101010111001000010000101 D
b10101001101010111001000010000101 e
b11101 F
b11101 U
b1 Q
b1010101110000010111000110100 N
b1010101110000010111000110100 _
b10101001101010111001000010000101 L
b10101001101010111001000010000101 ]
1$
#15380000
0$
#15385000
b1110000011100110011100000111001 >
b1110000011100110011100000111001 [
b10 Q
b1010100110101011 K
b1010100110101011 Y
1$
#15390000
0$
#15395000
b11100101110010001000000 >
b11100101110010001000000 [
b1 H
b1 X
b1110000011100110011100000111001 D
b1110000011100110011100000111001 e
b11 Q
b1110000011100110011100000111001 I
b1110000011100110011100000111001 W
b1110000011100110011100000111001 L
b1110000011100110011100000111001 ]
1$
#15400000
0$
#15405000
b1110001101010100000111010000 >
b1110001101010100000111010000 [
b10 H
b10 X
b1110000000000000101001111111001 D
b1110000000000000101001111111001 e
b100 Q
b1110000111001100001110001111001 I
b1110000111001100001110001111001 W
b1110000000000000101001111111001 L
b1110000000000000101001111111001 ]
1$
#15410000
0$
#15415000
b1110000011100110011100000111001 >
b1110000011100110011100000111001 [
b0 H
b0 X
b111000110101 Z
b1110001101010100000111010000 B
b1110001101010100000111010000 g
b110 Q
b1110001101010100000111010000 N
b1110001101010100000111010000 _
1$
#15420000
0$
#15425000
b11110 !
b11110 E
b1000011000100 Z
b10000110001000100000111010000 B
b10000110001000100000111010000 g
b10111000111101010101001111111001 D
b10111000111101010101001111111001 e
b11110 F
b11110 U
b1 Q
b10000110001000100000111010000 N
b10000110001000100000111010000 _
b10111000111101010101001111111001 L
b10111000111101010101001111111001 ]
1$
#15430000
0$
#15435000
b10000101101000010001101001111001 >
b10000101101000010001101001111001 [
b10 Q
b1011100011110101 K
b1011100011110101 Y
1$
#15440000
0$
#15445000
b1000110010001011000010000 >
b1000110010001011000010000 [
b1 H
b1 X
b10000101101000010001101001111001 D
b10000101101000010001101001111001 e
b11 Q
b10000101101000010001101001111001 I
b10000101101000010001101001111001 W
b10000101101000010001101001111001 L
b10000101101000010001101001111001 ]
1$
#15450000
0$
#15455000
b11000001110011101011100101000 >
b11000001110011101011100101000 [
b10 H
b10 X
b10000100100010000000010001101001 D
b10000100100010000000010001101001 e
b100 Q
b10000110101110100011000010001001 I
b10000110101110100011000010001001 W
b10000100100010000000010001101001 L
b10000100100010000000010001101001 ]
1$
#15460000
0$
#15465000
b10000101101000010001101001111001 >
b10000101101000010001101001111001 [
b0 H
b0 X
b1100000111001 Z
b11000001110011101011100101000 B
b11000001110011101011100101000 g
b110 Q
b11000001110011101011100101000 N
b11000001110011101011100101000 _
1$
#15470000
0$
#15475000
b11111 !
b11111 E
b1101011001000 Z
b11010110010001101011100101000 B
b11010110010001101011100101000 g
b11001101011111010000010001101001 D
b11001101011111010000010001101001 e
b11111 F
b11111 U
b1 Q
b11010110010001101011100101000 N
b11010110010001101011100101000 _
b11001101011111010000010001101001 L
b11001101011111010000010001101001 ]
1$
#15480000
0$
#15485000
b10100100111100010110111100001001 >
b10100100111100010110111100001001 [
b10 Q
b1100110101111101 K
b1100110101111101 Y
1$
#15490000
0$
#15495000
b10110011010011110001000000 >
b10110011010011110001000000 [
b1 H
b1 X
b10100100111100010110111100001001 D
b10100100111100010110111100001001 e
b11 Q
b10100100111100010110111100001001 I
b10100100111100010110111100001001 W
b10100100111100010110111100001001 L
b10100100111100010110111100001001 ]
1$
#15500000
0$
#15505000
b101010111111100111011101010000 >
b101010111111100111011101010000 [
b10 H
b10 X
b10100010001001000011001011001001 D
b10100010001001000011001011001001 e
b100 Q
b10100111101111101010101101001001 I
b10100111101111101010101101001001 W
b10100010001001000011001011001001 L
b10100010001001000011001011001001 ]
1$
#15510000
0$
#15515000
b10100100111100010110111100001001 >
b10100100111100010110111100001001 [
b0 H
b0 X
b10101011111110 Z
b101010111111100111011101010000 B
b101010111111100111011101010000 g
b110 Q
b101010111111100111011101010000 N
b101010111111100111011101010000 _
1$
#15520000
0$
#15525000
b100000 !
b100000 E
b10110110001101 Z
b101101100011010111011101010000 B
b101101100011010111011101010000 g
b11101011000110010011001011001001 D
b11101011000110010011001011001001 e
b100000 F
b100000 U
b1 Q
b101101100011010111011101010000 N
b101101100011010111011101010000 _
b11101011000110010011001011001001 L
b11101011000110010011001011001001 ]
1$
#15530000
0$
#15535000
b11010111111001101110100001110001 >
b11010111111001101110100001110001 [
b10 Q
b1110101100011001 K
b1110101100011001 Y
1$
#15540000
0$
#15545000
b1000000110101101111110101001 >
b1000000110101101111110101001 [
b1 H
b1 X
b11010111111001101110100001110001 D
b11010111111001101110100001110001 e
b11 Q
b11010111111001101110100001110001 I
b11010111111001101110100001110001 W
b11010111111001101110100001110001 L
b11010111111001101110100001110001 ]
1$
#15550000
0$
#15555000
b1010011101010011100001110001010 >
b1010011101010011100001110001010 [
b10 H
b10 X
b11001111110011000000100011001000 D
b11001111110011000000100011001000 e
b100 Q
b11100000000000011100100000011010 I
b11100000000000011100100000011010 W
b11001111110011000000100011001000 L
b11001111110011000000100011001000 ]
1$
#15560000
0$
#15565000
b11010111111001101110100001110001 >
b11010111111001101110100001110001 [
b0 H
b0 X
b101001110101001 Z
b1010011101010011100001110001010 B
b1010011101010011100001110001010 g
b110 Q
b1010011101010011100001110001010 N
b1010011101010011100001110001010 _
1$
#15570000
0$
#15575000
b100001 !
b100001 E
b101011000111000 Z
b1010110001110001100001110001010 B
b1010110001110001100001110001010 g
b100011000110000010000100011001000 D
b100011000110000010000100011001000 e
b100001 F
b100001 U
b1 Q
b1010110001110001100001110001010 N
b1010110001110001100001110001010 _
b100011000110000010000100011001000 L
b100011000110000010000100011001000 ]
1$
#15580000
0$
#15585000
b100110011111001101100000110000001 >
b100110011111001101100000110000001 [
b10 Q
b10001100011000001 K
b10001100011000001 Y
1$
#15590000
0$
#15595000
b11101000010011010110001000000 >
b11101000010011010110001000000 [
b1 H
b1 X
b100110011111001101100000110000001 D
b100110011111001101100000110000001 e
b11 Q
b100110011111001101100000110000001 I
b100110011111001101100000110000001 W
b100110011111001101100000110000001 L
b100110011111001101100000110000001 ]
1$
#15600000
0$
#15605000
b10111101000111001000000001110000 >
b10111101000111001000000001110000 [
b10 H
b10 X
b100010110110111010001010101000001 D
b100010110110111010001010101000001 e
b100 Q
b101010000111100000110110111000001 I
b101010000111100000110110111000001 W
b100010110110111010001010101000001 L
b100010110110111010001010101000001 ]
1$
#15610000
0$
#15615000
b100110011111001101100000110000001 >
b100110011111001101100000110000001 [
b0 H
b0 X
b1011110100011100 Z
b10111101000111001000000001110000 B
b10111101000111001000000001110000 g
b110 Q
b10111101000111001000000001110000 N
b10111101000111001000000001110000 _
1$
#15620000
0$
#15625000
b100010 !
b100010 E
b1011111110101011 Z
b10111111101010111000000001110000 B
b10111111101010111000000001110000 g
b101011111110100100001010101000001 D
b101011111110100100001010101000001 e
b100010 F
b100010 U
b1 Q
b10111111101010111000000001110000 N
b10111111101010111000000001110000 _
b101011111110100100001010101000001 L
b101011111110100100001010101000001 ]
1$
#15630000
0$
#15635000
b111100011100000011000100001000100 >
b111100011100000011000100001000100 [
b10 Q
b10101111111010010 K
b10101111111010010 Y
1$
#15640000
0$
#15645000
b10001111100000001001110000111001 >
b10001111100000001001110000111001 [
b1 H
b1 X
b111100011100000011000100001000100 D
b111100011100000011000100001000100 e
b11 Q
b111100011100000011000100001000100 I
b111100011100000011000100001000100 W
b111100011100000011000100001000100 L
b111100011100000011000100001000100 ]
1$
#15650000
0$
#15655000
b1000001110110100010101111010001100 >
b1000001110110100010101111010001100 [
b10 H
b10 X
b101010100000000001110110000001011 D
b101010100000000001110110000001011 e
b100 Q
b1001110011000000100010010001111101 I
b1001110011000000100010010001111101 W
b101010100000000001110110000001011 L
b101010100000000001110110000001011 ]
1$
#15660000
0$
#15665000
b111100011100000011000100001000100 >
b111100011100000011000100001000100 [
b0 H
b0 X
b100000111011010001 Z
b1000001110110100010101111010001100 B
b1000001110110100010101111010001100 g
b110 Q
b1000001110110100010101111010001100 N
b1000001110110100010101111010001100 _
1$
#15670000
0$
#15675000
b100011 !
b100011 E
b100001000101100000 Z
b1000010001011000000101111010001100 B
b1000010001011000000101111010001100 g
b110011100111101011110110000001011 D
b110011100111101011110110000001011 e
b100011 F
b100011 U
b1 Q
b1000010001011000000101111010001100 N
b1000010001011000000101111010001100 _
b110011100111101011110110000001011 L
b110011100111101011110110000001011 ]
1$
#15680000
0$
#15685000
b1010011010001001011000001001111001 >
b1010011010001001011000001001111001 [
b10 Q
b11001110011110101 K
b11001110011110101 Y
1$
#15690000
0$
#15695000
b1110111011101011011110010000000000 >
b1110111011101011011110010000000000 [
b1 H
b1 X
b1010011010001001011000001001111001 D
b1010011010001001011000001001111001 e
b11 Q
b1010011010001001011000001001111001 I
b1010011010001001011000001001111001 W
b1010011010001001011000001001111001 L
b1010011010001001011000001001111001 ]
1$
#15700000
0$
#15705000
b100111000100001110100100000111000000 >
b100111000100001110100100000111000000 [
b10 H
b10 X
1@
b111011011110011101111001111001111001 D
b111011011110011101111001111001111001 e
b100 Q
b11001010101110100110110011001111001 I
b11001010101110100110110011001111001 W
b111011011110011101111001111001111001 L
b111011011110011101111001111001111001 ]
1$
#15710000
0$
#15715000
1#
b1010011010001001011000001001111001 >
b1010011010001001011000001001111001 [
b0 H
b0 X
b111 Q
1$
#15720000
0$
#15725000
b1010100 4
1$
#15730000
0$
#15735000
b1010110 4
1$
#15740000
0$
#15745000
b1011000 4
1$
#15750000
0$
#15755000
b1011010 4
1$
#15760000
1+
0$
#15765000
0#
b0 Q
b0 R
1$
#15770000
0+
0$
#15775000
b100100001100010000110000110000111 D
b100100001100010000110000110000111 e
1d
1c
b111111110101110001 2
b111111110101110001 <
b100100110011001101 0
b100100110011001101 :
b0 &
b0 7
b0 %
b0 6
b1100 )
b1100 8
b1100 \
0'
b1011011 4
1$
#15780000
1-
0$
#15785000
b0 Z
b0 !
b0 E
b0 B
b0 g
b0 D
b0 e
0@
b1 Q
b0 N
b0 _
b0 L
b0 ]
b0 F
b0 U
b1 R
b0 I
b0 W
1$
#15790000
0-
0$
#15795000
b0 >
b0 [
b10 Q
b0 K
b0 Y
1$
#15800000
0$
#15805000
b1 H
b1 X
b11 Q
1$
#15810000
0$
#15815000
b10 H
b10 X
b100 Q
1$
#15820000
0$
#15825000
b0 H
b0 X
b101 Q
1$
#15830000
0$
#15835000
b1 !
b1 E
b111111110101110001 Z
b10100011110000000000000000 B
b10100011110000000000000000 g
b110110011001100110000000000000000 D
b110110011001100110000000000000000 e
b1 F
b1 U
b1 Q
b111111111101011100010000000000000000 N
b111111111101011100010000000000000000 _
b111001001100110011010000000000000000 L
b111001001100110011010000000000000000 ]
1$
#15840000
0$
#15845000
b1010001111 Z
b1011100011110101100101110000101001 >
b1011100011110101100101110000101001 [
b10 Q
b10100011110000000000000000 N
b10100011110000000000000000 _
b11011001100110011 K
b11011001100110011 Y
b110110011001100110000000000000000 L
b110110011001100110000000000000000 ]
1$
#15850000
0$
#15855000
b1101000101111100001 >
b1101000101111100001 [
b1 H
b1 X
b1011100011110101100101110000101001 D
b1011100011110101100101110000101001 e
b11 Q
b1011100011110101100101110000101001 I
b1011100011110101100101110000101001 W
b1011100011110101100101110000101001 L
b1011100011110101100101110000101001 ]
1$
#15860000
0$
#15865000
b1000101100101111111011111010 >
b1000101100101111111011111010 [
b10 H
b10 X
b1011100011110011111101000001001000 D
b1011100011110011111101000001001000 e
b100 Q
b1011100011110111001110100000001010 I
b1011100011110111001110100000001010 W
b1011100011110011111101000001001000 L
b1011100011110011111101000001001000 ]
1$
#15870000
0$
#15875000
b1011100011110101100101110000101001 >
b1011100011110101100101110000101001 [
b0 H
b0 X
b100010110010 Z
b1000101100101111111011111010 B
b1000101100101111111011111010 g
b101 Q
b1000101100101111111011111010 N
b1000101100101111111011111010 _
1$
#15880000
0$
#15885000
b10 !
b10 E
b11000100011 Z
b110001000111111111011111010 B
b110001000111111111011111010 g
b100110000100111001101000001001000 D
b100110000100111001101000001001000 e
b10 F
b10 U
b1 Q
b110001000111111111011111010 N
b110001000111111111011111010 _
b100110000100111001101000001001000 L
b100110000100111001101000001001000 ]
1$
#15890000
0$
#15895000
b101101010011100101101111100010000 >
b101101010011100101101111100010000 [
b10 Q
b10011000010011100 K
b10011000010011100 Y
1$
#15900000
0$
#15905000
b1001011010100011001001 >
b1001011010100011001001 [
b1 H
b1 X
b101101010011100101101111100010000 D
b101101010011100101101111100010000 e
b11 Q
b101101010011100101101111100010000 I
b101101010011100101101111100010000 W
b101101010011100101101111100010000 L
b101101010011100101101111100010000 ]
1$
#15910000
0$
#15915000
b1110100110101001101010101000 >
b1110100110101001101010101000 [
b10 H
b10 X
b101101010010011010011011001000111 D
b101101010010011010011011001000111 e
b100 Q
b101101010100110001000011111011001 I
b101101010100110001000011111011001 W
b101101010010011010011011001000111 L
b101101010010011010011011001000111 ]
1$
#15920000
0$
#15925000
b101101010011100101101111100010000 >
b101101010011100101101111100010000 [
b0 H
b0 X
b111010011010 Z
b1110100110101001101010101000 B
b1110100110101001101010101000 g
b101 Q
b1110100110101001101010101000 N
b1110100110101001101010101000 _
1$
#15930000
0$
#15935000
b11 !
b11 E
b110000001011 Z
b1100000010111001101010101000 B
b1100000010111001101010101000 g
b1001000111001011100100110111001 D
b1001000111001011100100110111001 e
b11 F
b11 U
b1 Q
b1100000010111001101010101000 N
b1100000010111001101010101000 _
b111110110111000110100011011001000111 L
b111110110111000110100011011001000111 ]
1$
#15940000
0$
#15945000
b10100110000011001110011011001 >
b10100110000011001110011011001 [
b10 Q
b100100011100101 K
b100100011100101 Y
b1001000111001011100100110111001 L
b1001000111001011100100110111001 ]
1$
#15950000
0$
#15955000
b100100010000100001111001 >
b100100010000100001111001 [
b1 H
b1 X
b10100110000011001110011011001 D
b10100110000011001110011011001 e
b11 Q
b10100110000011001110011011001 I
b10100110000011001110011011001 W
b10100110000011001110011011001 L
b10100110000011001110011011001 ]
1$
#15960000
0$
#15965000
b110110110111011101110101110 >
b110110110111011101110101110 [
b10 H
b10 X
b10100001100001001010001100000 D
b10100001100001001010001100000 e
b100 Q
b10101010100101010010101010010 I
b10101010100101010010101010010 W
b10100001100001001010001100000 L
b10100001100001001010001100000 ]
1$
#15970000
0$
#15975000
b10100110000011001110011011001 >
b10100110000011001110011011001 [
b0 H
b0 X
b11011011011 Z
b110110110111011101110101110 B
b110110110111011101110101110 g
b101 Q
b110110110111011101110101110 N
b110110110111011101110101110 _
1$
#15980000
0$
#15985000
b100 !
b100 E
b10001001100 Z
b100010011001011101110101110 B
b100010011001011101110101110 g
b110011111000000100110101110100000 D
b110011111000000100110101110100000 e
b100 F
b100 U
b1 Q
b100010011001011101110101110 N
b100010011001011101110101110 _
b111001100000111111011001010001100000 L
b111001100000111111011001010001100000 ]
1$
#15990000
0$
#15995000
b1010100000110001110111110000000100 >
b1010100000110001110111110000000100 [
b10 Q
b11001111100000010 K
b11001111100000010 Y
b110011111000000100110101110100000 L
b110011111000000100110101110100000 ]
1$
#16000000
0$
#16005000
b100100111011010010000 >
b100100111011010010000 [
b1 H
b1 X
b1010100000110001110111110000000100 D
b1010100000110001110111110000000100 e
b11 Q
b1010100000110001110111110000000100 I
b1010100000110001110111110000000100 W
b1010100000110001110111110000000100 L
b1010100000110001110111110000000100 ]
1$
#16010000
0$
#16015000
b1101111011100111100100110000 >
b1101111011100111100100110000 [
b10 H
b10 X
b1010100000101101010000010101110100 D
b1010100000101101010000010101110100 e
b100 Q
b1010100000110110011111001010010100 I
b1010100000110110011111001010010100 W
b1010100000101101010000010101110100 L
b1010100000101101010000010101110100 ]
1$
#16020000
0$
#16025000
b1010100000110001110111110000000100 >
b1010100000110001110111110000000100 [
b0 H
b0 X
b110111101110 Z
b1101111011100111100100110000 B
b1101111011100111100100110000 g
b101 Q
b1101111011100111100100110000 N
b1101111011100111100100110000 _
1$
#16030000
0$
#16035000
b101 !
b101 E
b101101011111 Z
b1011010111110111100100110000 B
b1011010111110111100100110000 g
b11101101100000100000010101110100 D
b11101101100000100000010101110100 e
b101 F
b101 U
b1 Q
b1011010111110111100100110000 N
b1011010111110111100100110000 _
b11101101100000100000010101110100 L
b11101101100000100000010101110100 ]
1$
#16040000
0$
#16045000
b11011100010110011111011000000100 >
b11011100010110011111011000000100 [
b10 Q
b1110110110000010 K
b1110110110000010 Y
1$
#16050000
0$
#16055000
b100000010100110101000001 >
b100000010100110101000001 [
b1 H
b1 X
b11011100010110011111011000000100 D
b11011100010110011111011000000100 e
b11 Q
b11011100010110011111011000000100 I
b11011100010110011111011000000100 W
b11011100010110011111011000000100 L
b11011100010110011111011000000100 ]
1$
#16060000
0$
#16065000
b10101000110010111001001111100 >
b10101000110010111001001111100 [
b10 H
b10 X
b11011011110110001010100011000011 D
b11011011110110001010100011000011 e
b100 Q
b11011100110110110100001101000101 I
b11011100110110110100001101000101 W
b11011011110110001010100011000011 L
b11011011110110001010100011000011 ]
1$
#16070000
0$
#16075000
b11011100010110011111011000000100 >
b11011100010110011111011000000100 [
b0 H
b0 X
b1010100011001 Z
b10101000110010111001001111100 B
b10101000110010111001001111100 g
b101 Q
b10101000110010111001001111100 N
b10101000110010111001001111100 _
1$
#16080000
0$
#16085000
b110 !
b110 E
b1001010001010 Z
b10010100010100111001001111100 B
b10010100010100111001001111100 g
b11010111010110100101011100111101 D
b11010111010110100101011100111101 e
b110 F
b110 U
b1 Q
b10010100010100111001001111100 N
b10010100010100111001001111100 _
b111100101000101001011010100011000011 L
b111100101000101001011010100011000011 ]
1$
#16090000
0$
#16095000
b10110101001010000100101110100100 >
b10110101001010000100101110100100 [
b10 Q
b1101011101011010 K
b1101011101011010 Y
b11010111010110100101011100111101 L
b11010111010110100101011100111101 ]
1$
#16100000
0$
#16105000
b1010101111011001001100100 >
b1010101111011001001100100 [
b1 H
b1 X
b10110101001010000100101110100100 D
b10110101001010000100101110100100 e
b11 Q
b10110101001010000100101110100100 I
b10110101001010000100101110100100 W
b10110101001010000100101110100100 L
b10110101001010000100101110100100 ]
1$
#16110000
0$
#16115000
b11111001100001101010100001000 >
b11111001100001101010100001000 [
b10 H
b10 X
b10110011110100001001100101000000 D
b10110011110100001001100101000000 e
b100 Q
b10110110011111111111111000001000 I
b10110110011111111111111000001000 W
b10110011110100001001100101000000 L
b10110011110100001001100101000000 ]
1$
#16120000
0$
#16125000
b10110101001010000100101110100100 >
b10110101001010000100101110100100 [
b0 H
b0 X
b1111100110000 Z
b11111001100001101010100001000 B
b11111001100001101010100001000 g
b101 Q
b11111001100001101010100001000 N
b11111001100001101010100001000 _
1$
#16130000
0$
#16135000
b111 !
b111 E
b1110010100001 Z
b11100101000011101010100001000 B
b11100101000011101010100001000 g
b11111111011000100110011011000000 D
b11111111011000100110011011000000 e
b111 F
b111 U
b1 Q
b11100101000011101010100001000 N
b11100101000011101010100001000 _
b111100000000100111011001100101000000 L
b111100000000100111011001100101000000 ]
1$
#16140000
0$
#16145000
b11111110110001000110000110000100 >
b11111110110001000110000110000100 [
b10 Q
b1111111101100010 K
b1111111101100010 Y
b11111111011000100110011011000000 L
b11111111011000100110011011000000 ]
1$
#16150000
0$
#16155000
b11001100111001110101000001 >
b11001100111001110101000001 [
b1 H
b1 X
b11111110110001000110000110000100 D
b11111110110001000110000110000100 e
b11 Q
b11111110110001000110000110000100 I
b11111110110001000110000110000100 W
b11111110110001000110000110000100 L
b11111110110001000110000110000100 ]
1$
#16160000
0$
#16165000
b111001000111101010100101000100 >
b111001000111101010100101000100 [
b10 H
b10 X
b11111011100100001100010001000011 D
b11111011100100001100010001000011 e
b100 Q
b100000001111101111111111011000101 I
b100000001111101111111111011000101 W
b11111011100100001100010001000011 L
b11111011100100001100010001000011 ]
1$
#16170000
0$
#16175000
b11111110110001000110000110000100 >
b11111110110001000110000110000100 [
b0 H
b0 X
b11100100011110 Z
b111001000111101010100101000100 B
b111001000111101010100101000100 g
b101 Q
b111001000111101010100101000100 N
b111001000111101010100101000100 _
1$
#16180000
0$
#16185000
b1000 !
b1000 E
b11011010001111 Z
b110110100011111010100101000100 B
b110110100011111010100101000100 g
b10110111101000100011101110111101 D
b10110111101000100011101110111101 e
b1000 F
b1000 U
b1 Q
b110110100011111010100101000100 N
b110110100011111010100101000100 _
b111101001000010111011100010001000011 L
b111101001000010111011100010001000011 ]
1$
#16190000
0$
#16195000
b10000011101110010000001010000100 >
b10000011101110010000001010000100 [
b10 Q
b1011011110100010 K
b1011011110100010 Y
b10110111101000100011101110111101 L
b10110111101000100011101110111101 ]
1$
#16200000
0$
#16205000
b1011101000001010001111100001 >
b1011101000001010001111100001 [
b1 H
b1 X
b10000011101110010000001010000100 D
b10000011101110010000001010000100 e
b11 Q
b10000011101110010000001010000100 I
b10000011101110010000001010000100 W
b10000011101110010000001010000100 L
b10000011101110010000001010000100 ]
1$
#16210000
0$
#16215000
b1001110010001010111111011111100 >
b1001110010001010111111011111100 [
b10 H
b10 X
b1111000000110000101111010100011 D
b1111000000110000101111010100011 e
b100 Q
b10001111010110011010011001100101 I
b10001111010110011010011001100101 W
b1111000000110000101111010100011 L
b1111000000110000101111010100011 ]
1$
#16220000
0$
#16225000
b10000011101110010000001010000100 >
b10000011101110010000001010000100 [
b0 H
b0 X
b100111001000101 Z
b1001110010001010111111011111100 B
b1001110010001010111111011111100 g
b101 Q
b1001110010001010111111011111100 N
b1001110010001010111111011111100 _
1$
#16230000
0$
#16235000
b1001 !
b1001 E
b100101110110110 Z
b1001011101101100111111011111100 B
b1001011101101100111111011111100 g
b100111011000110101010000101011101 D
b100111011000110101010000101011101 e
b1001 F
b1001 U
b1 Q
b1001011101101100111111011111100 N
b1001011101101100111111011111100 _
b111011000100111001010101111010100011 L
b111011000100111001010101111010100011 ]
1$
#16240000
0$
#16245000
b110000011110110001111111010100100 >
b110000011110110001111111010100100 [
b10 Q
b10011101100011010 K
b10011101100011010 Y
b100111011000110101010000101011101 L
b100111011000110101010000101011101 ]
1$
#16250000
0$
#16255000
b10110011001000010010101100100 >
b10110011001000010010101100100 [
b1 H
b1 X
b110000011110110001111111010100100 D
b110000011110110001111111010100100 e
b11 Q
b110000011110110001111111010100100 I
b110000011110110001111111010100100 W
b110000011110110001111111010100100 L
b110000011110110001111111010100100 ]
1$
#16260000
0$
#16265000
b10111010011000010100010011111000 >
b10111010011000010100010011111000 [
b10 H
b10 X
b101101101011101001101100101000000 D
b101101101011101001101100101000000 e
b100 Q
b110011010001111010010010000001000 I
b110011010001111010010010000001000 W
b101101101011101001101100101000000 L
b101101101011101001101100101000000 ]
1$
#16270000
0$
#16275000
b110000011110110001111111010100100 >
b110000011110110001111111010100100 [
b0 H
b0 X
b1011101001100001 Z
b10111010011000010100010011111000 B
b10111010011000010100010011111000 g
b101 Q
b10111010011000010100010011111000 N
b10111010011000010100010011111000 _
1$
#16280000
0$
#16285000
b1010 !
b1010 E
b1011011111010010 Z
b10110111110100100100010011111000 B
b10110111110100100100010011111000 g
b1000101101111100010011011000000 D
b1000101101111100010011011000000 e
b1010 F
b1010 U
b1 Q
b10110111110100100100010011111000 N
b10110111110100100100010011111000 _
b111110111010010000011101100101000000 L
b111110111010010000011101100101000000 ]
1$
#16290000
0$
#16295000
b10010111111111111100100000100 >
b10010111111111111100100000100 [
b10 Q
b100010110111110 K
b100010110111110 Y
b1000101101111100010011011000000 L
b1000101101111100010011011000000 ]
1$
#16300000
0$
#16305000
b10000011111111011110100001000100 >
b10000011111111011110100001000100 [
b1 H
b1 X
b10010111111111111100100000100 D
b10010111111111111100100000100 e
b11 Q
b10010111111111111100100000100 I
b10010111111111111100100000100 W
b10010111111111111100100000100 L
b10010111111111111100100000100 ]
1$
#16310000
0$
#16315000
b1100100001010000000111110111000 >
b1100100001010000000111110111000 [
b10 H
b10 X
b1110000111111011110111101000000 D
b1110000111111011110111101000000 e
b100 Q
b10010110111111011110000101001000 I
b10010110111111011110000101001000 W
b111110001111000000100001000011000000 L
b111110001111000000100001000011000000 ]
1$
#16320000
0$
#16325000
b10010111111111111100100000100 >
b10010111111111111100100000100 [
b0 H
b0 X
b110010000101000 Z
b1100100001010000000111110111000 B
b1100100001010000000111110111000 g
b1110000111111011110111101000000 D
b1110000111111011110111101000000 e
b101 Q
b1100100001010000000111110111000 N
b1100100001010000000111110111000 _
1$
#16330000
0$
#16335000
b1011 !
b1011 E
b110000110011001 Z
b1100001100110010000111110111000 B
b1100001100110010000111110111000 g
b1000100100001100001110111101000000 D
b1000100100001100001110111101000000 e
b1011 F
b1011 U
b1 Q
b1100001100110010000111110111000 N
b1100001100110010000111110111000 _
b110111011011110011110001000011000000 L
b110111011011110011110001000011000000 ]
1$
#16340000
0$
#16345000
b1101110100010111011000100100000000 >
b1101110100010111011000100100000000 [
b10 Q
b100010010000110000 K
b100010010000110000 Y
b1000100100001100001110111101000000 L
b1000100100001100001110111101000000 ]
1$
#16350000
0$
#16355000
b100101001101010100110101110001 >
b100101001101010100110101110001 [
b1 H
b1 X
b1101110100010111011000100100000000 D
b1101110100010111011000100100000000 e
b11 Q
b1101110100010111011000100100000000 I
b1101110100010111011000100100000000 W
b1101110100010111011000100100000000 L
b1101110100010111011000100100000000 ]
1$
#16360000
0$
#16365000
b111010010101001100111010000101100000 >
b111010010101001100111010000101100000 [
b10 H
b10 X
b1101001111001010000011101110001111 D
b1101001111001010000011101110001111 e
b100 Q
b1110011001100100101101011001110001 I
b1110011001100100101101011001110001 W
b1101001111001010000011101110001111 L
b1101001111001010000011101110001111 ]
1$
#16370000
0$
#16375000
b1101110100010111011000100100000000 >
b1101110100010111011000100100000000 [
b0 H
b0 X
b101001010100110011 Z
b101101010110011000101111010100000 B
b101101010110011000101111010100000 g
b101 Q
b111010010101001100111010000101100000 N
b111010010101001100111010000101100000 _
1$
#16380000
0$
#16385000
b1100 !
b1100 E
b101001001010100100 Z
b101101101010110110101111010100000 B
b101101101010110110101111010100000 g
b110011011111101010011101110001111 D
b110011011111101010011101110001111 e
b1100 F
b1100 U
b1 Q
b111010010010101001001010000101100000 N
b111010010010101001001010000101100000 _
b110011011111101010011101110001111 L
b110011011111101010011101110001111 ]
1$
#16390000
0$
#16395000
b10110110101011011 Z
b1010010110111011001001100001111001 >
b1010010110111011001001100001111001 [
b10 Q
b101101101010110110101111010100000 N
b101101101010110110101111010100000 _
b11001101111110101 K
b11001101111110101 Y
1$
#16400000
0$
#16405000
b1000001001011011001001111001011001 >
b1000001001011011001001111001011001 [
b1 H
b1 X
b1010010110111011001001100001111001 D
b1010010110111011001001100001111001 e
b11 Q
b1010010110111011001001100001111001 I
b1010010110111011001001100001111001 W
b1010010110111011001001100001111001 L
b1010010110111011001001100001111001 ]
1$
#16410000
0$
#16415000
b10010010111110111011000001000101110 >
b10010010111110111011000001000101110 [
b10 H
b10 X
1@
b10001101011111111111101000100000 D
b10001101011111111111101000100000 e
b100 Q
b10010100000010110010011011011010010 I
b10010100000010110010011011011010010 W
b10001101011111111111101000100000 L
b10001101011111111111101000100000 ]
1$
#16420000
0$
#16425000
1#
b1010010110111011001001100001111001 >
b1010010110111011001001100001111001 [
b0 H
b0 X
b111 Q
1$
#16430000
0$
#16435000
b1011101 4
1$
#16440000
0$
#16445000
b1011111 4
1$
#16450000
0$
#16455000
b1100001 4
1$
#16460000
0$
#16465000
b1100011 4
1$
#16470000
1+
0$
#16475000
0#
b0 Q
b0 R
1$
#16480000
0+
0$
#16485000
b111010010010101001001010000101100000 B
b111010010010101001001010000101100000 g
0d
0c
1a
b1000000000000000 2
b1000000000000000 <
b111000000000000000 0
b111000000000000000 :
b1 )
b1 8
b1 \
b1100100 4
1$
#16490000
1-
0$
#16495000
b0 Z
b0 !
b0 E
b0 B
b0 g
b0 D
b0 e
0@
b1 Q
b0 N
b0 _
b0 L
b0 ]
b0 F
b0 U
b1 R
b0 I
b0 W
1$
#16500000
0-
0$
#16505000
b0 >
b0 [
b10 Q
b0 K
b0 Y
1$
#16510000
0$
#16515000
b1 H
b1 X
b11 Q
1$
#16520000
0$
#16525000
b10 H
b10 X
b100 Q
1$
#16530000
0$
#16535000
b0 H
b0 X
b101 Q
1$
#16540000
0$
#16545000
b1 !
b1 E
b1000000000000000 Z
b111110000000000000000000000000000000 B
b111110000000000000000000000000000000 g
b111110000000000000000000000000000000 D
b111110000000000000000000000000000000 e
b1 F
b1 U
b1 Q
b10000000000000000000000000000000 N
b10000000000000000000000000000000 _
b111110000000000000000000000000000000 L
b111110000000000000000000000000000000 ]
1$
#16550000
0$
#16555000
b111000000000000000 Z
b10000000000000000000000000000000 B
b10000000000000000000000000000000 g
b1000000000000000000000000000000 >
b1000000000000000000000000000000 [
b10 Q
b111110000000000000000000000000000000 N
b111110000000000000000000000000000000 _
b111000000000000000 K
b111000000000000000 Y
1$
#16560000
0$
#16565000
b1 H
b1 X
b10000000000000000000000000000000 B
b10000000000000000000000000000000 g
b1000000000000000000000000000000 D
b1000000000000000000000000000000 e
b11 Q
b1000000000000000000000000000000 I
b1000000000000000000000000000000 W
b1000000000000000000000000000000 L
b1000000000000000000000000000000 ]
1$
#16570000
0$
#16575000
b10000000000000000000000000000000 >
b10000000000000000000000000000000 [
b10 H
b10 X
b10000000000000000000000000000000 B
b10000000000000000000000000000000 g
b0 D
b0 e
b100 Q
b10000000000000000000000000000000 I
b10000000000000000000000000000000 W
b0 L
b0 ]
1$
#16580000
0$
#16585000
b1000000000000000000000000000000 >
b1000000000000000000000000000000 [
b0 H
b0 X
b1000000000000000 Z
b111110000000000000000000000000000000 B
b111110000000000000000000000000000000 g
b101 Q
b10000000000000000000000000000000 N
b10000000000000000000000000000000 _
1$
#16590000
0$
#16595000
b10 !
b10 E
b10000000000000000 Z
b111100000000000000000000000000000000 B
b111100000000000000000000000000000000 g
b111110000000000000000000000000000000 D
b111110000000000000000000000000000000 e
b10 F
b10 U
b1 Q
b100000000000000000000000000000000 N
b100000000000000000000000000000000 _
b111110000000000000000000000000000000 L
b111110000000000000000000000000000000 ]
1$
#16600000
0$
#16605000
b110000000000000000 Z
b100000000000000000000000000000000 B
b100000000000000000000000000000000 g
b10 Q
b111100000000000000000000000000000000 N
b111100000000000000000000000000000000 _
1$
#16610000
0$
#16615000
b100000000000000000000000000000000 >
b100000000000000000000000000000000 [
b1 H
b1 X
b100000000000000000000000000000000 B
b100000000000000000000000000000000 g
b1000000000000000000000000000000 D
b1000000000000000000000000000000 e
b11 Q
b1000000000000000000000000000000 I
b1000000000000000000000000000000 W
b1000000000000000000000000000000 L
b1000000000000000000000000000000 ]
1$
#16620000
0$
#16625000
b10 H
b10 X
b100000000000000000000000000000000 B
b100000000000000000000000000000000 g
b111101000000000000000000000000000000 D
b111101000000000000000000000000000000 e
b100 Q
b101000000000000000000000000000000 I
b101000000000000000000000000000000 W
b111101000000000000000000000000000000 L
b111101000000000000000000000000000000 ]
1$
#16630000
0$
#16635000
b1000000000000000000000000000000 >
b1000000000000000000000000000000 [
b0 H
b0 X
b10000000000000000 Z
b111100000000000000000000000000000000 B
b111100000000000000000000000000000000 g
b101 Q
b100000000000000000000000000000000 N
b100000000000000000000000000000000 _
1$
#16640000
0$
#16645000
b11 !
b11 E
b11000000000000000 Z
b111010000000000000000000000000000000 B
b111010000000000000000000000000000000 g
b111011000000000000000000000000000000 D
b111011000000000000000000000000000000 e
b11 F
b11 U
b1 Q
b110000000000000000000000000000000 N
b110000000000000000000000000000000 _
b111011000000000000000000000000000000 L
b111011000000000000000000000000000000 ]
1$
#16650000
0$
#16655000
b101000000000000000 Z
b110000000000000000000000000000000 B
b110000000000000000000000000000000 g
b110010000000000000000000000000000 >
b110010000000000000000000000000000 [
b10 Q
b111010000000000000000000000000000000 N
b111010000000000000000000000000000000 _
b101100000000000000 K
b101100000000000000 Y
1$
#16660000
0$
#16665000
b1001000000000000000000000000000000 >
b1001000000000000000000000000000000 [
b1 H
b1 X
b110000000000000000000000000000000 B
b110000000000000000000000000000000 g
b110010000000000000000000000000000 D
b110010000000000000000000000000000 e
b11 Q
b110010000000000000000000000000000 I
b110010000000000000000000000000000 W
b110010000000000000000000000000000 L
b110010000000000000000000000000000 ]
1$
#16670000
0$
#16675000
b1111000000000000000000000000000000 >
b1111000000000000000000000000000000 [
b10 H
b10 X
b110000000000000000000000000000000 B
b110000000000000000000000000000000 g
b111101010000000000000000000000000000 D
b111101010000000000000000000000000000 e
b100 Q
b1111010000000000000000000000000000 I
b1111010000000000000000000000000000 W
b111101010000000000000000000000000000 L
b111101010000000000000000000000000000 ]
1$
#16680000
0$
#16685000
b110010000000000000000000000000000 >
b110010000000000000000000000000000 [
b0 H
b0 X
b111100000000000000 Z
b110001000000000000000000000000000000 B
b110001000000000000000000000000000000 g
b101 Q
b1111000000000000000000000000000000 N
b1111000000000000000000000000000000 _
1$
#16690000
0$
#16695000
b100 !
b100 E
b100000000000000 Z
b101111000000000000000000000000000000 B
b101111000000000000000000000000000000 g
b111011010000000000000000000000000000 D
b111011010000000000000000000000000000 e
b100 F
b100 U
b1 Q
b10001000000000000000000000000000000 N
b10001000000000000000000000000000000 _
b111011010000000000000000000000000000 L
b111011010000000000000000000000000000 ]
1$
#16700000
0$
#16705000
b111100000000000000 Z
b10001000000000000000000000000000000 B
b10001000000000000000000000000000000 g
b101101001000000000000000000000000 >
b101101001000000000000000000000000 [
b10 Q
b101111000000000000000000000000000000 N
b101111000000000000000000000000000000 _
b101101000000000000 K
b101101000000000000 Y
1$
#16710000
0$
#16715000
b10000000000000000000000000000 >
b10000000000000000000000000000 [
b1 H
b1 X
b10001000000000000000000000000000000 B
b10001000000000000000000000000000000 g
b101101001000000000000000000000000 D
b101101001000000000000000000000000 e
b11 Q
b101101001000000000000000000000000 I
b101101001000000000000000000000000 W
b101101001000000000000000000000000 L
b101101001000000000000000000000000 ]
1$
#16720000
0$
#16725000
b10011000000000000000000000000000 >
b10011000000000000000000000000000 [
b10 H
b10 X
b10001000000000000000000000000000000 B
b10001000000000000000000000000000000 g
b101011001000000000000000000000000 D
b101011001000000000000000000000000 e
b100 Q
b101111001000000000000000000000000 I
b101111001000000000000000000000000 W
b101011001000000000000000000000000 L
b101011001000000000000000000000000 ]
1$
#16730000
0$
#16735000
b101101001000000000000000000000000 >
b101101001000000000000000000000000 [
b0 H
b0 X
b1001100000000000 Z
b111101101000000000000000000000000000 B
b111101101000000000000000000000000000 g
b101 Q
b10011000000000000000000000000000 N
b10011000000000000000000000000000 _
1$
#16740000
0$
#16745000
b101 !
b101 E
b10001100000000000 Z
b111011101000000000000000000000000000 B
b111011101000000000000000000000000000 g
b11011001000000000000000000000000 D
b11011001000000000000000000000000 e
b101 F
b101 U
b1 Q
b100011000000000000000000000000000 N
b100011000000000000000000000000000 _
b11011001000000000000000000000000 L
b11011001000000000000000000000000 ]
1$
#16750000
0$
#16755000
b101110100000000000 Z
b100011000000000000000000000000000 B
b100011000000000000000000000000000 g
b10110111111100010000000000000000 >
b10110111111100010000000000000000 [
b10 Q
b111011101000000000000000000000000000 N
b111011101000000000000000000000000000 _
b1101100100000000 K
b1101100100000000 Y
1$
#16760000
0$
#16765000
b100110010010000000000000000000000 >
b100110010010000000000000000000000 [
b1 H
b1 X
b100011000000000000000000000000000 B
b100011000000000000000000000000000 g
b10110111111100010000000000000000 D
b10110111111100010000000000000000 e
b11 Q
b10110111111100010000000000000000 I
b10110111111100010000000000000000 W
b10110111111100010000000000000000 L
b10110111111100010000000000000000 ]
1$
#16770000
0$
#16775000
b111000100101010100000000000000000000 >
b111000100101010100000000000000000000 [
b10 H
b10 X
b100011000000000000000000000000000 B
b100011000000000000000000000000000 g
b111110000101101100010000000000000000 D
b111110000101101100010000000000000000 e
b100 Q
b111101010001100010000000000000000 I
b111101010001100010000000000000000 W
b111110000101101100010000000000000000 L
b111110000101101100010000000000000000 ]
1$
#16780000
0$
#16785000
b10110111111100010000000000000000 >
b10110111111100010000000000000000 [
b0 H
b0 X
b100010010101010000 Z
b111011010101100000000000000000000 B
b111011010101100000000000000000000 g
b101 Q
b111000100101010100000000000000000000 N
b111000100101010100000000000000000000 _
1$
#16790000
0$
#16795000
b110 !
b110 E
b101010010101010000 Z
b101011010101100000000000000000000 B
b101011010101100000000000000000000 g
b111100000101101100010000000000000000 D
b111100000101101100010000000000000000 e
b110 F
b110 U
b1 Q
b111010100101010100000000000000000000 N
b111010100101010100000000000000000000 _
b111100000101101100010000000000000000 L
b111100000101101100010000000000000000 ]
1$
#16800000
0$
#16805000
b10101101010110000 Z
b111010100101010100000000000000000000 B
b111010100101010100000000000000000000 g
b11110100101111100110010001100001 >
b11110100101111100110010001100001 [
b10 Q
b101011010101100000000000000000000 N
b101011010101100000000000000000000 _
b110000010110110001 K
b110000010110110001 Y
1$
#16810000
0$
#16815000
b111010101100000000011100100000000 >
b111010101100000000011100100000000 [
b1 H
b1 X
b111010100101010100000000000000000000 B
b111010100101010100000000000000000000 g
b11110100101111100110010001100001 D
b11110100101111100110010001100001 e
b11 Q
b11110100101111100110010001100001 I
b11110100101111100110010001100001 W
b11110100101111100110010001100001 L
b11110100101111100110010001100001 ]
1$
#16820000
0$
#16825000
b110101011010000010100100011101100000 >
b110101011010000010100100011101100000 [
b10 H
b10 X
b111010100101010100000000000000000000 B
b111010100101010100000000000000000000 g
b111100011111001111100010101101100001 D
b111100011111001111100010101101100001 e
b100 Q
b1011001010001111101001110101100001 I
b1011001010001111101001110101100001 W
b111100011111001111100010101101100001 L
b111100011111001111100010101101100001 ]
1$
#16830000
0$
#16835000
b11110100101111100110010001100001 >
b11110100101111100110010001100001 [
b0 H
b0 X
b10101101000001010 Z
b1010100101111101011011100010100000 B
b1010100101111101011011100010100000 g
b101 Q
b110101011010000010100100011101100000 N
b110101011010000010100100011101100000 _
1$
#16840000
0$
#16845000
b111 !
b111 E
b11101101000001010 Z
b1000100101111101011011100010100000 B
b1000100101111101011011100010100000 g
b111010011111001111100010101101100001 D
b111010011111001111100010101101100001 e
b111 F
b111 U
b1 Q
b110111011010000010100100011101100000 N
b110111011010000010100100011101100000 _
b111010011111001111100010101101100001 L
b111010011111001111100010101101100001 ]
1$
#16850000
0$
#16855000
b100010010111110101 Z
b110111011010000010100100011101100000 B
b110111011010000010100100011101100000 g
b111100110000101100001001100000100 >
b111100110000101100001001100000100 [
b10 Q
b1000100101111101011011100010100000 N
b1000100101111101011011100010100000 _
b101001111100111110 K
b101001111100111110 Y
1$
#16860000
0$
#16865000
b1101101101110011001011110001111001 >
b1101101101110011001011110001111001 [
b1 H
b1 X
b110111011010000010100100011101100000 B
b110111011010000010100100011101100000 g
b111100110000101100001001100000100 D
b111100110000101100001001100000100 e
b11 Q
b111100110000101100001001100000100 I
b111100110000101100001001100000100 W
b111100110000101100001001100000100 L
b111100110000101100001001100000100 ]
1$
#16870000
0$
#16875000
b10100011010011011001011100010101100 >
b10100011010011011001011100010101100 [
b10 H
b10 X
1@
b110111011010000010100100011101100000 B
b110111011010000010100100011101100000 g
b111001111000010010010101011010001011 D
b111001111000010010010101011010001011 e
b100 Q
b10101010011111000101100111101111101 I
b10101010011111000101100111101111101 W
b111001111000010010010101011010001011 L
b111001111000010010010101011010001011 ]
1$
#16880000
0$
#16885000
1#
b110111011010000010100100011101100000 B
b110111011010000010100100011101100000 g
b111100110000101100001001100000100 >
b111100110000101100001001100000100 [
b0 H
b0 X
b111 Q
1$
#16890000
0$
#16895000
b1100110 4
1$
#16900000
0$
#16905000
b1101000 4
1$
#16910000
0$
#16915000
b1101010 4
1$
#16920000
0$
#16925000
b1101100 4
1$
#16930000
1+
0$
#16935000
0#
b110111011010000010100100011101100000 B
b110111011010000010100100011101100000 g
b0 Q
b0 R
1$
#16940000
0+
0$
#16945000
b1000100101111101011011100010100000 B
b1000100101111101011011100010100000 g
0a
b0 2
b0 <
b0 0
b0 :
b100 *
b100 9
b100 V
b0 )
b0 8
b0 \
b1101101 4
1$
#16950000
1-
0$
#16955000
b0 Z
b0 !
b0 E
b0 B
b0 g
b0 D
b0 e
0@
b1 Q
b0 N
b0 _
b0 L
b0 ]
b0 F
b0 U
b1 R
b0 I
b0 W
1$
#16960000
0-
0$
#16965000
b0 >
b0 [
b10 Q
b0 K
b0 Y
1$
#16970000
0$
#16975000
b1 H
b1 X
b11 Q
1$
#16980000
0$
#16985000
b10 H
b10 X
b100 Q
1$
#16990000
0$
#16995000
b0 H
b0 X
b101 Q
1$
#17000000
0$
#17005000
b1 !
b1 E
b1 F
b1 U
b1 Q
1$
#17010000
0$
#17015000
b10 Q
1$
#17020000
0$
#17025000
b1 H
b1 X
b11 Q
1$
#17030000
0$
#17035000
b10 H
b10 X
b100 Q
1$
#17040000
0$
#17045000
b0 H
b0 X
b101 Q
1$
#17050000
0$
#17055000
b10 !
b10 E
b10 F
b10 U
b1 Q
1$
#17060000
0$
#17065000
b10 Q
1$
#17070000
0$
#17075000
b1 H
b1 X
b11 Q
1$
#17080000
0$
#17085000
b10 H
b10 X
b100 Q
1$
#17090000
0$
#17095000
b0 H
b0 X
b101 Q
1$
#17100000
0$
#17105000
b11 !
b11 E
b11 F
b11 U
b1 Q
1$
#17110000
0$
#17115000
b10 Q
1$
#17120000
0$
#17125000
b1 H
b1 X
b11 Q
1$
#17130000
0$
#17135000
b10 H
b10 X
b100 Q
1$
#17140000
0$
#17145000
b0 H
b0 X
b101 Q
1$
#17150000
0$
#17155000
b100 !
b100 E
b100 F
b100 U
b1 Q
1$
#17160000
0$
#17165000
b10 Q
1$
#17170000
0$
#17175000
b1 H
b1 X
b11 Q
1$
#17180000
0$
#17185000
b10 H
b10 X
b100 Q
1$
#17190000
0$
#17195000
b0 H
b0 X
b101 Q
1$
#17200000
0$
#17205000
b101 !
b101 E
b101 F
b101 U
b1 Q
1$
#17210000
0$
#17215000
b10 Q
1$
#17220000
0$
#17225000
b1 H
b1 X
b11 Q
1$
#17230000
0$
#17235000
b10 H
b10 X
b100 Q
1$
#17240000
0$
#17245000
b0 H
b0 X
b101 Q
1$
#17250000
0$
#17255000
b110 !
b110 E
b110 F
b110 U
b1 Q
1$
#17260000
0$
#17265000
b10 Q
1$
#17270000
0$
#17275000
b1 H
b1 X
b11 Q
1$
#17280000
0$
#17285000
b10 H
b10 X
b100 Q
1$
#17290000
0$
#17295000
b0 H
b0 X
b101 Q
1$
#17300000
0$
#17305000
b111 !
b111 E
b111 F
b111 U
b1 Q
1$
#17310000
0$
#17315000
b10 Q
1$
#17320000
0$
#17325000
b1 H
b1 X
b11 Q
1$
#17330000
0$
#17335000
b10 H
b10 X
b100 Q
1$
#17340000
0$
#17345000
b0 H
b0 X
b101 Q
1$
#17350000
0$
#17355000
b1000 !
b1000 E
b1000 F
b1000 U
b1 Q
1$
#17360000
0$
#17365000
b10 Q
1$
#17370000
0$
#17375000
b1 H
b1 X
b11 Q
1$
#17380000
0$
#17385000
b10 H
b10 X
b100 Q
1$
#17390000
0$
#17395000
b0 H
b0 X
b101 Q
1$
#17400000
0$
#17405000
b1001 !
b1001 E
b1001 F
b1001 U
b1 Q
1$
#17410000
0$
#17415000
b10 Q
1$
#17420000
0$
#17425000
b1 H
b1 X
b11 Q
1$
#17430000
0$
#17435000
b10 H
b10 X
b100 Q
1$
#17440000
0$
#17445000
b0 H
b0 X
b101 Q
1$
#17450000
0$
#17455000
b1010 !
b1010 E
b1010 F
b1010 U
b1 Q
1$
#17460000
0$
#17465000
b10 Q
1$
#17470000
0$
#17475000
b1 H
b1 X
b11 Q
1$
#17480000
0$
#17485000
b10 H
b10 X
b100 Q
1$
#17490000
0$
#17495000
b0 H
b0 X
b101 Q
1$
#17500000
0$
#17505000
b1011 !
b1011 E
b1011 F
b1011 U
b1 Q
1$
#17510000
0$
#17515000
b10 Q
1$
#17520000
0$
#17525000
b1 H
b1 X
b11 Q
1$
#17530000
0$
#17535000
b10 H
b10 X
b100 Q
1$
#17540000
0$
#17545000
b0 H
b0 X
b101 Q
1$
#17550000
0$
#17555000
b1100 !
b1100 E
b1100 F
b1100 U
b1 Q
1$
#17560000
0$
#17565000
b10 Q
1$
#17570000
0$
#17575000
b1 H
b1 X
b11 Q
1$
#17580000
0$
#17585000
b10 H
b10 X
b100 Q
1$
#17590000
0$
#17595000
b0 H
b0 X
b101 Q
1$
#17600000
0$
#17605000
b1101 !
b1101 E
b1101 F
b1101 U
b1 Q
1$
#17610000
0$
#17615000
b10 Q
1$
#17620000
0$
#17625000
b1 H
b1 X
b11 Q
1$
#17630000
0$
#17635000
b10 H
b10 X
b100 Q
1$
#17640000
0$
#17645000
b0 H
b0 X
b101 Q
1$
#17650000
0$
#17655000
b1110 !
b1110 E
b1110 F
b1110 U
b1 Q
1$
#17660000
0$
#17665000
b10 Q
1$
#17670000
0$
#17675000
b1 H
b1 X
b11 Q
1$
#17680000
0$
#17685000
b10 H
b10 X
b100 Q
1$
#17690000
0$
#17695000
b0 H
b0 X
b101 Q
1$
#17700000
0$
#17705000
b1111 !
b1111 E
b1111 F
b1111 U
b1 Q
1$
#17710000
0$
#17715000
b10 Q
1$
#17720000
0$
#17725000
b1 H
b1 X
b11 Q
1$
#17730000
0$
#17735000
b10 H
b10 X
b100 Q
1$
#17740000
0$
#17745000
b0 H
b0 X
b101 Q
1$
#17750000
0$
#17755000
b10000 !
b10000 E
1?
b10000 F
b10000 U
b1 Q
1$
#17760000
0$
#17765000
1#
b111 Q
1$
#17770000
0$
#17775000
b1101111 4
1$
#17780000
0$
#17785000
b1110001 4
1$
#17790000
0$
#17795000
b1110011 4
1$
#17800000
0$
#17805000
b1110101 4
1$
#17810000
1+
0$
#17815000
0#
b0 Q
b0 R
1$
#17820000
0+
0$
#17825000
b11000000000000000 0
b11000000000000000 :
0?
b101 *
b101 9
b101 V
b1110110 4
1$
#17830000
1-
0$
#17835000
b0 !
b0 E
b1 Q
b0 F
b0 U
b1 R
1$
#17840000
0-
0$
#17845000
b10 Q
1$
#17850000
0$
#17855000
b1 H
b1 X
b11 Q
1$
#17860000
0$
#17865000
b10 H
b10 X
b100 Q
1$
#17870000
0$
#17875000
b0 H
b0 X
b101 Q
1$
#17880000
0$
#17885000
b1 !
b1 E
b110000000000000000000000000000000 D
b110000000000000000000000000000000 e
b1 F
b1 U
b1 Q
b110000000000000000000000000000000 L
b110000000000000000000000000000000 ]
1$
#17890000
0$
#17895000
b1001000000000000000000000000000000 >
b1001000000000000000000000000000000 [
b10 Q
b11000000000000000 K
b11000000000000000 Y
1$
#17900000
0$
#17905000
b0 >
b0 [
b1 H
b1 X
b1001000000000000000000000000000000 D
b1001000000000000000000000000000000 e
b11 Q
b1001000000000000000000000000000000 I
b1001000000000000000000000000000000 W
b1001000000000000000000000000000000 L
b1001000000000000000000000000000000 ]
1$
#17910000
0$
#17915000
b10 H
b10 X
b100 Q
1$
#17920000
0$
#17925000
b1001000000000000000000000000000000 >
b1001000000000000000000000000000000 [
b0 H
b0 X
b101 Q
1$
#17930000
0$
#17935000
b10 !
b10 E
b1111000000000000000000000000000000 D
b1111000000000000000000000000000000 e
b10 F
b10 U
b1 Q
b1111000000000000000000000000000000 L
b1111000000000000000000000000000000 ]
1$
#17940000
0$
#17945000
b10000000000000000000000000000 >
b10000000000000000000000000000 [
b10 Q
b111100000000000000 K
b111100000000000000 Y
1$
#17950000
0$
#17955000
b0 >
b0 [
b1 H
b1 X
b10000000000000000000000000000 D
b10000000000000000000000000000 e
b11 Q
b10000000000000000000000000000 I
b10000000000000000000000000000 W
b10000000000000000000000000000 L
b10000000000000000000000000000 ]
1$
#17960000
0$
#17965000
b10 H
b10 X
b100 Q
1$
#17970000
0$
#17975000
b10000000000000000000000000000 >
b10000000000000000000000000000 [
b0 H
b0 X
b101 Q
1$
#17980000
0$
#17985000
b11 !
b11 E
b110010000000000000000000000000000 D
b110010000000000000000000000000000 e
b11 F
b11 U
b1 Q
b110010000000000000000000000000000 L
b110010000000000000000000000000000 ]
1$
#17990000
0$
#17995000
b1001110001000000000000000000000000 >
b1001110001000000000000000000000000 [
b10 Q
b11001000000000000 K
b11001000000000000 Y
1$
#18000000
0$
#18005000
b0 >
b0 [
b1 H
b1 X
b1001110001000000000000000000000000 D
b1001110001000000000000000000000000 e
b11 Q
b1001110001000000000000000000000000 I
b1001110001000000000000000000000000 W
b1001110001000000000000000000000000 L
b1001110001000000000000000000000000 ]
1$
#18010000
0$
#18015000
b10 H
b10 X
b100 Q
1$
#18020000
0$
#18025000
b1001110001000000000000000000000000 >
b1001110001000000000000000000000000 [
b0 H
b0 X
b101 Q
1$
#18030000
0$
#18035000
b100 !
b100 E
b1111110001000000000000000000000000 D
b1111110001000000000000000000000000 e
b100 F
b100 U
b1 Q
b1111110001000000000000000000000000 L
b1111110001000000000000000000000000 ]
1$
#18040000
0$
#18045000
b111000010000000000000000 >
b111000010000000000000000 [
b10 Q
b111111000100000000 K
b111111000100000000 Y
1$
#18050000
0$
#18055000
b0 >
b0 [
b1 H
b1 X
b111000010000000000000000 D
b111000010000000000000000 e
b11 Q
b111000010000000000000000 I
b111000010000000000000000 W
b111000010000000000000000 L
b111000010000000000000000 ]
1$
#18060000
0$
#18065000
b10 H
b10 X
b100 Q
1$
#18070000
0$
#18075000
b111000010000000000000000 >
b111000010000000000000000 [
b0 H
b0 X
b101 Q
1$
#18080000
0$
#18085000
b101 !
b101 E
b110000000111000010000000000000000 D
b110000000111000010000000000000000 e
b101 F
b101 U
b1 Q
b110000000111000010000000000000000 L
b110000000111000010000000000000000 ]
1$
#18090000
0$
#18095000
b1001000010101000111100010111000001 >
b1001000010101000111100010111000001 [
b10 Q
b11000000011100001 K
b11000000011100001 Y
1$
#18100000
0$
#18105000
b0 >
b0 [
b1 H
b1 X
b1001000010101000111100010111000001 D
b1001000010101000111100010111000001 e
b11 Q
b1001000010101000111100010111000001 I
b1001000010101000111100010111000001 W
b1001000010101000111100010111000001 L
b1001000010101000111100010111000001 ]
1$
#18110000
0$
#18115000
b10 H
b10 X
b100 Q
1$
#18120000
0$
#18125000
b1001000010101000111100010111000001 >
b1001000010101000111100010111000001 [
b0 H
b0 X
b101 Q
1$
#18130000
0$
#18135000
b110 !
b110 E
b1111000010101000111100010111000001 D
b1111000010101000111100010111000001 e
b110 F
b110 U
b1 Q
b1111000010101000111100010111000001 L
b1111000010101000111100010111000001 ]
1$
#18140000
0$
#18145000
b1110101101010111001111001001 >
b1110101101010111001111001001 [
b10 Q
b111100001010100011 K
b111100001010100011 Y
1$
#18150000
0$
#18155000
b0 >
b0 [
b1 H
b1 X
b1110101101010111001111001001 D
b1110101101010111001111001001 e
b11 Q
b1110101101010111001111001001 I
b1110101101010111001111001001 W
b1110101101010111001111001001 L
b1110101101010111001111001001 ]
1$
#18160000
0$
#18165000
b10 H
b10 X
b100 Q
1$
#18170000
0$
#18175000
b1110101101010111001111001001 >
b1110101101010111001111001001 [
b0 H
b0 X
b101 Q
1$
#18180000
0$
#18185000
b111 !
b111 E
b110001110101101010111001111001001 D
b110001110101101010111001111001001 e
b111 F
b111 U
b1 Q
b110001110101101010111001111001001 L
b110001110101101010111001111001001 ]
1$
#18190000
0$
#18195000
b1001101100111101110100101111111001 >
b1001101100111101110100101111111001 [
b10 Q
b11000111010110101 K
b11000111010110101 Y
1$
#18200000
0$
#18205000
b0 >
b0 [
b1 H
b1 X
b1001101100111101110100101111111001 D
b1001101100111101110100101111111001 e
b11 Q
b1001101100111101110100101111111001 I
b1001101100111101110100101111111001 W
b1001101100111101110100101111111001 L
b1001101100111101110100101111111001 ]
1$
#18210000
0$
#18215000
b10 H
b10 X
b100 Q
1$
#18220000
0$
#18225000
b1001101100111101110100101111111001 >
b1001101100111101110100101111111001 [
b0 H
b0 X
b101 Q
1$
#18230000
0$
#18235000
b1000 !
b1000 E
b1111101100111101110100101111111001 D
b1111101100111101110100101111111001 e
b1000 F
b1000 U
b1 Q
b1111101100111101110100101111111001 L
b1111101100111101110100101111111001 ]
1$
#18240000
0$
#18245000
b1011010100101011001010001 >
b1011010100101011001010001 [
b10 Q
b111110110011110111 K
b111110110011110111 Y
1$
#18250000
0$
#18255000
b0 >
b0 [
b1 H
b1 X
b1011010100101011001010001 D
b1011010100101011001010001 e
b11 Q
b1011010100101011001010001 I
b1011010100101011001010001 W
b1011010100101011001010001 L
b1011010100101011001010001 ]
1$
#18260000
0$
#18265000
b10 H
b10 X
b100 Q
1$
#18270000
0$
#18275000
b1011010100101011001010001 >
b1011010100101011001010001 [
b0 H
b0 X
b101 Q
1$
#18280000
0$
#18285000
b1001 !
b1001 E
b110000001011010100101011001010001 D
b110000001011010100101011001010001 e
b1001 F
b1001 U
b1 Q
b110000001011010100101011001010001 L
b110000001011010100101011001010001 ]
1$
#18290000
0$
#18295000
b1001000100001111111111111111100100 >
b1001000100001111111111111111100100 [
b10 Q
b11000000101101010 K
b11000000101101010 Y
1$
#18300000
0$
#18305000
b0 >
b0 [
b1 H
b1 X
b1001000100001111111111111111100100 D
b1001000100001111111111111111100100 e
b11 Q
b1001000100001111111111111111100100 I
b1001000100001111111111111111100100 W
b1001000100001111111111111111100100 L
b1001000100001111111111111111100100 ]
1$
#18310000
0$
#18315000
b10 H
b10 X
b100 Q
1$
#18320000
0$
#18325000
b1001000100001111111111111111100100 >
b1001000100001111111111111111100100 [
b0 H
b0 X
b101 Q
1$
#18330000
0$
#18335000
b1010 !
b1010 E
b1111000100001111111111111111100100 D
b1111000100001111111111111111100100 e
b1010 F
b1010 U
b1 Q
b1111000100001111111111111111100100 L
b1111000100001111111111111111100100 ]
1$
#18340000
0$
#18345000
b1101111100101000011110000001 >
b1101111100101000011110000001 [
b10 Q
b111100010000111111 K
b111100010000111111 Y
1$
#18350000
0$
#18355000
b0 >
b0 [
b1 H
b1 X
b1101111100101000011110000001 D
b1101111100101000011110000001 e
b11 Q
b1101111100101000011110000001 I
b1101111100101000011110000001 W
b1101111100101000011110000001 L
b1101111100101000011110000001 ]
1$
#18360000
0$
#18365000
b10 H
b10 X
b100 Q
1$
#18370000
0$
#18375000
b1101111100101000011110000001 >
b1101111100101000011110000001 [
b0 H
b0 X
b101 Q
1$
#18380000
0$
#18385000
b1011 !
b1011 E
b110001101111100101000011110000001 D
b110001101111100101000011110000001 e
b1011 F
b1011 U
b1 Q
b110001101111100101000011110000001 L
b110001101111100101000011110000001 ]
1$
#18390000
0$
#18395000
b1001101010100110000111100011000100 >
b1001101010100110000111100011000100 [
b10 Q
b11000110111110010 K
b11000110111110010 Y
1$
#18400000
0$
#18405000
b0 >
b0 [
b1 H
b1 X
b1001101010100110000111100011000100 D
b1001101010100110000111100011000100 e
b11 Q
b1001101010100110000111100011000100 I
b1001101010100110000111100011000100 W
b1001101010100110000111100011000100 L
b1001101010100110000111100011000100 ]
1$
#18410000
0$
#18415000
b10 H
b10 X
b100 Q
1$
#18420000
0$
#18425000
b1001101010100110000111100011000100 >
b1001101010100110000111100011000100 [
b0 H
b0 X
b101 Q
1$
#18430000
0$
#18435000
b1100 !
b1100 E
b1111101010100110000111100011000100 D
b1111101010100110000111100011000100 e
b1100 F
b1100 U
b1 Q
b1111101010100110000111100011000100 L
b1111101010100110000111100011000100 ]
1$
#18440000
0$
#18445000
b1110010100011101001000000 >
b1110010100011101001000000 [
b10 Q
b111110101010011000 K
b111110101010011000 Y
1$
#18450000
0$
#18455000
b0 >
b0 [
b1 H
b1 X
b1110010100011101001000000 D
b1110010100011101001000000 e
b11 Q
b1110010100011101001000000 I
b1110010100011101001000000 W
b1110010100011101001000000 L
b1110010100011101001000000 ]
1$
#18460000
0$
#18465000
b10 H
b10 X
b100 Q
1$
#18470000
0$
#18475000
b1110010100011101001000000 >
b1110010100011101001000000 [
b0 H
b0 X
b101 Q
1$
#18480000
0$
#18485000
b1101 !
b1101 E
b110000001110010100011101001000000 D
b110000001110010100011101001000000 e
b1101 F
b1101 U
b1 Q
b110000001110010100011101001000000 L
b110000001110010100011101001000000 ]
1$
#18490000
0$
#18495000
b1001000101011000010011001101100100 >
b1001000101011000010011001101100100 [
b10 Q
b11000000111001010 K
b11000000111001010 Y
1$
#18500000
0$
#18505000
b0 >
b0 [
b1 H
b1 X
b1001000101011000010011001101100100 D
b1001000101011000010011001101100100 e
b11 Q
b1001000101011000010011001101100100 I
b1001000101011000010011001101100100 W
b1001000101011000010011001101100100 L
b1001000101011000010011001101100100 ]
1$
#18510000
0$
#18515000
b10 H
b10 X
b100 Q
1$
#18520000
0$
#18525000
b1001000101011000010011001101100100 >
b1001000101011000010011001101100100 [
b0 H
b0 X
b101 Q
1$
#18530000
0$
#18535000
b1110 !
b1110 E
b1111000101011000010011001101100100 D
b1111000101011000010011001101100100 e
b1110 F
b1110 U
b1 Q
b1111000101011000010011001101100100 L
b1111000101011000010011001101100100 ]
1$
#18540000
0$
#18545000
b1101011011000110111011000001 >
b1101011011000110111011000001 [
b10 Q
b111100010101100001 K
b111100010101100001 Y
1$
#18550000
0$
#18555000
b0 >
b0 [
b1 H
b1 X
b1101011011000110111011000001 D
b1101011011000110111011000001 e
b11 Q
b1101011011000110111011000001 I
b1101011011000110111011000001 W
b1101011011000110111011000001 L
b1101011011000110111011000001 ]
1$
#18560000
0$
#18565000
b10 H
b10 X
b100 Q
1$
#18570000
0$
#18575000
b1101011011000110111011000001 >
b1101011011000110111011000001 [
b0 H
b0 X
b101 Q
1$
#18580000
0$
#18585000
b1111 !
b1111 E
b110001101011011000110111011000001 D
b110001101011011000110111011000001 e
b1111 F
b1111 U
b1 Q
b110001101011011000110111011000001 L
b110001101011011000110111011000001 ]
1$
#18590000
0$
#18595000
b1001101000111110000010010110010000 >
b1001101000111110000010010110010000 [
b10 Q
b11000110101101100 K
b11000110101101100 Y
1$
#18600000
0$
#18605000
b0 >
b0 [
b1 H
b1 X
b1001101000111110000010010110010000 D
b1001101000111110000010010110010000 e
b11 Q
b1001101000111110000010010110010000 I
b1001101000111110000010010110010000 W
b1001101000111110000010010110010000 L
b1001101000111110000010010110010000 ]
1$
#18610000
0$
#18615000
b10 H
b10 X
b100 Q
1$
#18620000
0$
#18625000
b1001101000111110000010010110010000 >
b1001101000111110000010010110010000 [
b0 H
b0 X
b101 Q
1$
#18630000
0$
#18635000
b10000 !
b10000 E
b1111101000111110000010010110010000 D
b1111101000111110000010010110010000 e
b10000 F
b10000 U
b1 Q
b1111101000111110000010010110010000 L
b1111101000111110000010010110010000 ]
1$
#18640000
0$
#18645000
b10000100100111000001000000 >
b10000100100111000001000000 [
b10 Q
b111110100011111000 K
b111110100011111000 Y
1$
#18650000
0$
#18655000
b0 >
b0 [
b1 H
b1 X
b10000100100111000001000000 D
b10000100100111000001000000 e
b11 Q
b10000100100111000001000000 I
b10000100100111000001000000 W
b10000100100111000001000000 L
b10000100100111000001000000 ]
1$
#18660000
0$
#18665000
b10 H
b10 X
b100 Q
1$
#18670000
0$
#18675000
b10000100100111000001000000 >
b10000100100111000001000000 [
b0 H
b0 X
b101 Q
1$
#18680000
0$
#18685000
b10001 !
b10001 E
b110000010000100100111000001000000 D
b110000010000100100111000001000000 e
b10001 F
b10001 U
b1 Q
b110000010000100100111000001000000 L
b110000010000100100111000001000000 ]
1$
#18690000
0$
#18695000
b1001000110001110100100100101000100 >
b1001000110001110100100100101000100 [
b10 Q
b11000001000010010 K
b11000001000010010 Y
1$
#18700000
0$
#18705000
b0 >
b0 [
b1 H
b1 X
b1001000110001110100100100101000100 D
b1001000110001110100100100101000100 e
b11 Q
b1001000110001110100100100101000100 I
b1001000110001110100100100101000100 W
b1001000110001110100100100101000100 L
b1001000110001110100100100101000100 ]
1$
#18710000
0$
#18715000
b10 H
b10 X
b100 Q
1$
#18720000
0$
#18725000
b1001000110001110100100100101000100 >
b1001000110001110100100100101000100 [
b0 H
b0 X
b101 Q
1$
#18730000
0$
#18735000
b10010 !
b10010 E
b1111000110001110100100100101000100 D
b1111000110001110100100100101000100 e
b10010 F
b10010 U
b1 Q
b1111000110001110100100100101000100 L
b1111000110001110100100100101000100 ]
1$
#18740000
0$
#18745000
b1101000010011100010100100100 >
b1101000010011100010100100100 [
b10 Q
b111100011000111010 K
b111100011000111010 Y
1$
#18750000
0$
#18755000
b0 >
b0 [
b1 H
b1 X
b1101000010011100010100100100 D
b1101000010011100010100100100 e
b11 Q
b1101000010011100010100100100 I
b1101000010011100010100100100 W
b1101000010011100010100100100 L
b1101000010011100010100100100 ]
1$
#18760000
0$
#18765000
b10 H
b10 X
b100 Q
1$
#18770000
0$
#18775000
b1101000010011100010100100100 >
b1101000010011100010100100100 [
b0 H
b0 X
b101 Q
1$
#18780000
0$
#18785000
b10011 !
b10011 E
b110001101000010011100010100100100 D
b110001101000010011100010100100100 e
b10011 F
b10011 U
b1 Q
b110001101000010011100010100100100 L
b110001101000010011100010100100100 ]
1$
#18790000
0$
#18795000
b1001100111110001001110101001010001 >
b1001100111110001001110101001010001 [
b10 Q
b11000110100001001 K
b11000110100001001 Y
1$
#18800000
0$
#18805000
b0 >
b0 [
b1 H
b1 X
b1001100111110001001110101001010001 D
b1001100111110001001110101001010001 e
b11 Q
b1001100111110001001110101001010001 I
b1001100111110001001110101001010001 W
b1001100111110001001110101001010001 L
b1001100111110001001110101001010001 ]
1$
#18810000
0$
#18815000
b10 H
b10 X
b100 Q
1$
#18820000
0$
#18825000
b1001100111110001001110101001010001 >
b1001100111110001001110101001010001 [
b0 H
b0 X
b101 Q
1$
#18830000
0$
#18835000
b10100 !
b10100 E
b1111100111110001001110101001010001 D
b1111100111110001001110101001010001 e
b10100 F
b10100 U
b1 Q
b1111100111110001001110101001010001 L
b1111100111110001001110101001010001 ]
1$
#18840000
0$
#18845000
b10010010110100111000010000 >
b10010010110100111000010000 [
b10 Q
b111110011111000100 K
b111110011111000100 Y
1$
#18850000
0$
#18855000
b0 >
b0 [
b1 H
b1 X
b10010010110100111000010000 D
b10010010110100111000010000 e
b11 Q
b10010010110100111000010000 I
b10010010110100111000010000 W
b10010010110100111000010000 L
b10010010110100111000010000 ]
1$
#18860000
0$
#18865000
b10 H
b10 X
b100 Q
1$
#18870000
0$
#18875000
b10010010110100111000010000 >
b10010010110100111000010000 [
b0 H
b0 X
b101 Q
1$
#18880000
0$
#18885000
b10101 !
b10101 E
b110000010010010110100111000010000 D
b110000010010010110100111000010000 e
b10101 F
b10101 U
b1 Q
b110000010010010110100111000010000 L
b110000010010010110100111000010000 ]
1$
#18890000
0$
#18895000
b1001000110111001100100000111111001 >
b1001000110111001100100000111111001 [
b10 Q
b11000001001001011 K
b11000001001001011 Y
1$
#18900000
0$
#18905000
b0 >
b0 [
b1 H
b1 X
b1001000110111001100100000111111001 D
b1001000110111001100100000111111001 e
b11 Q
b1001000110111001100100000111111001 I
b1001000110111001100100000111111001 W
b1001000110111001100100000111111001 L
b1001000110111001100100000111111001 ]
1$
#18910000
0$
#18915000
b10 H
b10 X
b100 Q
1$
#18920000
0$
#18925000
b1001000110111001100100000111111001 >
b1001000110111001100100000111111001 [
b0 H
b0 X
b101 Q
1$
#18930000
0$
#18935000
b10110 !
b10110 E
b1111000110111001100100000111111001 D
b1111000110111001100100000111111001 e
b10110 F
b10110 U
b1 Q
b1111000110111001100100000111111001 L
b1111000110111001100100000111111001 ]
1$
#18940000
0$
#18945000
b1100101111001001011010100100 >
b1100101111001001011010100100 [
b10 Q
b111100011011100110 K
b111100011011100110 Y
1$
#18950000
0$
#18955000
b0 >
b0 [
b1 H
b1 X
b1100101111001001011010100100 D
b1100101111001001011010100100 e
b11 Q
b1100101111001001011010100100 I
b1100101111001001011010100100 W
b1100101111001001011010100100 L
b1100101111001001011010100100 ]
1$
#18960000
0$
#18965000
b10 H
b10 X
b100 Q
1$
#18970000
0$
#18975000
b1100101111001001011010100100 >
b1100101111001001011010100100 [
b0 H
b0 X
b101 Q
1$
#18980000
0$
#18985000
b10111 !
b10111 E
b110001100101111001001011010100100 D
b110001100101111001001011010100100 e
b10111 F
b10111 U
b1 Q
b110001100101111001001011010100100 L
b110001100101111001001011010100100 ]
1$
#18990000
0$
#18995000
b1001100110110101100010101000010000 >
b1001100110110101100010101000010000 [
b10 Q
b11000110010111100 K
b11000110010111100 Y
1$
#19000000
0$
#19005000
b0 >
b0 [
b1 H
b1 X
b1001100110110101100010101000010000 D
b1001100110110101100010101000010000 e
b11 Q
b1001100110110101100010101000010000 I
b1001100110110101100010101000010000 W
b1001100110110101100010101000010000 L
b1001100110110101100010101000010000 ]
1$
#19010000
0$
#19015000
b10 H
b10 X
b100 Q
1$
#19020000
0$
#19025000
b1001100110110101100010101000010000 >
b1001100110110101100010101000010000 [
b0 H
b0 X
b101 Q
1$
#19030000
0$
#19035000
b11000 !
b11000 E
b1111100110110101100010101000010000 D
b1111100110110101100010101000010000 e
b11000 F
b11000 U
b1 Q
b1111100110110101100010101000010000 L
b1111100110110101100010101000010000 ]
1$
#19040000
0$
#19045000
b10011110010011101011100100 >
b10011110010011101011100100 [
b10 Q
b111110011011010110 K
b111110011011010110 Y
1$
#19050000
0$
#19055000
b0 >
b0 [
b1 H
b1 X
b10011110010011101011100100 D
b10011110010011101011100100 e
b11 Q
b10011110010011101011100100 I
b10011110010011101011100100 W
b10011110010011101011100100 L
b10011110010011101011100100 ]
1$
#19060000
0$
#19065000
b10 H
b10 X
b100 Q
1$
#19070000
0$
#19075000
b10011110010011101011100100 >
b10011110010011101011100100 [
b0 H
b0 X
b101 Q
1$
#19080000
0$
#19085000
b11001 !
b11001 E
b110000010011110010011101011100100 D
b110000010011110010011101011100100 e
b11001 F
b11001 U
b1 Q
b110000010011110010011101011100100 L
b110000010011110010011101011100100 ]
1$
#19090000
0$
#19095000
b1001000111011100010001110100110001 >
b1001000111011100010001110100110001 [
b10 Q
b11000001001111001 K
b11000001001111001 Y
1$
#19100000
0$
#19105000
b0 >
b0 [
b1 H
b1 X
b1001000111011100010001110100110001 D
b1001000111011100010001110100110001 e
b11 Q
b1001000111011100010001110100110001 I
b1001000111011100010001110100110001 W
b1001000111011100010001110100110001 L
b1001000111011100010001110100110001 ]
1$
#19110000
0$
#19115000
b10 H
b10 X
b100 Q
1$
#19120000
0$
#19125000
b1001000111011100010001110100110001 >
b1001000111011100010001110100110001 [
b0 H
b0 X
b101 Q
1$
#19130000
0$
#19135000
b11010 !
b11010 E
b1111000111011100010001110100110001 D
b1111000111011100010001110100110001 e
b11010 F
b11010 U
b1 Q
b1111000111011100010001110100110001 L
b1111000111011100010001110100110001 ]
1$
#19140000
0$
#19145000
b1100011111101101111111100001 >
b1100011111101101111111100001 [
b10 Q
b111100011101110001 K
b111100011101110001 Y
1$
#19150000
0$
#19155000
b0 >
b0 [
b1 H
b1 X
b1100011111101101111111100001 D
b1100011111101101111111100001 e
b11 Q
b1100011111101101111111100001 I
b1100011111101101111111100001 W
b1100011111101101111111100001 L
b1100011111101101111111100001 ]
1$
#19160000
0$
#19165000
b10 H
b10 X
b100 Q
1$
#19170000
0$
#19175000
b1100011111101101111111100001 >
b1100011111101101111111100001 [
b0 H
b0 X
b101 Q
1$
#19180000
0$
#19185000
b11011 !
b11011 E
b110001100011111101101111111100001 D
b110001100011111101101111111100001 e
b11011 F
b11011 U
b1 Q
b110001100011111101101111111100001 L
b110001100011111101101111111100001 ]
1$
#19190000
0$
#19195000
b1001100110000101100000111000000100 >
b1001100110000101100000111000000100 [
b10 Q
b11000110001111110 K
b11000110001111110 Y
1$
#19200000
0$
#19205000
b0 >
b0 [
b1 H
b1 X
b1001100110000101100000111000000100 D
b1001100110000101100000111000000100 e
b11 Q
b1001100110000101100000111000000100 I
b1001100110000101100000111000000100 W
b1001100110000101100000111000000100 L
b1001100110000101100000111000000100 ]
1$
#19210000
0$
#19215000
b10 H
b10 X
b100 Q
1$
#19220000
0$
#19225000
b1001100110000101100000111000000100 >
b1001100110000101100000111000000100 [
b0 H
b0 X
b101 Q
1$
#19230000
0$
#19235000
b11100 !
b11100 E
b1111100110000101100000111000000100 D
b1111100110000101100000111000000100 e
b11100 F
b11100 U
b1 Q
b1111100110000101100000111000000100 L
b1111100110000101100000111000000100 ]
1$
#19240000
0$
#19245000
b10100111111000100111100100 >
b10100111111000100111100100 [
b10 Q
b111110011000010110 K
b111110011000010110 Y
1$
#19250000
0$
#19255000
b0 >
b0 [
b1 H
b1 X
b10100111111000100111100100 D
b10100111111000100111100100 e
b11 Q
b10100111111000100111100100 I
b10100111111000100111100100 W
b10100111111000100111100100 L
b10100111111000100111100100 ]
1$
#19260000
0$
#19265000
b10 H
b10 X
b100 Q
1$
#19270000
0$
#19275000
b10100111111000100111100100 >
b10100111111000100111100100 [
b0 H
b0 X
b101 Q
1$
#19280000
0$
#19285000
b11101 !
b11101 E
b110000010100111111000100111100100 D
b110000010100111111000100111100100 e
b11101 F
b11101 U
b1 Q
b110000010100111111000100111100100 L
b110000010100111111000100111100100 ]
1$
#19290000
0$
#19295000
b1001000111111000111101111011000001 >
b1001000111111000111101111011000001 [
b10 Q
b11000001010011111 K
b11000001010011111 Y
1$
#19300000
0$
#19305000
b0 >
b0 [
b1 H
b1 X
b1001000111111000111101111011000001 D
b1001000111111000111101111011000001 e
b11 Q
b1001000111111000111101111011000001 I
b1001000111111000111101111011000001 W
b1001000111111000111101111011000001 L
b1001000111111000111101111011000001 ]
1$
#19310000
0$
#19315000
b10 H
b10 X
b100 Q
1$
#19320000
0$
#19325000
b1001000111111000111101111011000001 >
b1001000111111000111101111011000001 [
b0 H
b0 X
b101 Q
1$
#19330000
0$
#19335000
b11110 !
b11110 E
b1111000111111000111101111011000001 D
b1111000111111000111101111011000001 e
b11110 F
b11110 U
b1 Q
b1111000111111000111101111011000001 L
b1111000111111000111101111011000001 ]
1$
#19340000
0$
#19345000
b1100010011001011001101001001 >
b1100010011001011001101001001 [
b10 Q
b111100011111100011 K
b111100011111100011 Y
1$
#19350000
0$
#19355000
b0 >
b0 [
b1 H
b1 X
b1100010011001011001101001001 D
b1100010011001011001101001001 e
b11 Q
b1100010011001011001101001001 I
b1100010011001011001101001001 W
b1100010011001011001101001001 L
b1100010011001011001101001001 ]
1$
#19360000
0$
#19365000
b10 H
b10 X
b100 Q
1$
#19370000
0$
#19375000
b1100010011001011001101001001 >
b1100010011001011001101001001 [
b0 H
b0 X
b101 Q
1$
#19380000
0$
#19385000
b11111 !
b11111 E
b110001100010011001011001101001001 D
b110001100010011001011001101001001 e
b11111 F
b11111 U
b1 Q
b110001100010011001011001101001001 L
b110001100010011001011001101001001 ]
1$
#19390000
0$
#19395000
b1001100101011110110011011010010000 >
b1001100101011110110011011010010000 [
b10 Q
b11000110001001100 K
b11000110001001100 Y
1$
#19400000
0$
#19405000
b0 >
b0 [
b1 H
b1 X
b1001100101011110110011011010010000 D
b1001100101011110110011011010010000 e
b11 Q
b1001100101011110110011011010010000 I
b1001100101011110110011011010010000 W
b1001100101011110110011011010010000 L
b1001100101011110110011011010010000 ]
1$
#19410000
0$
#19415000
b10 H
b10 X
b100 Q
1$
#19420000
0$
#19425000
b1001100101011110110011011010010000 >
b1001100101011110110011011010010000 [
b0 H
b0 X
b101 Q
1$
#19430000
0$
#19435000
b100000 !
b100000 E
b1111100101011110110011011010010000 D
b1111100101011110110011011010010000 e
1?
b100000 F
b100000 U
b1 Q
b1111100101011110110011011010010000 L
b1111100101011110110011011010010000 ]
1$
#19440000
0$
#19445000
1#
b10101111110100100100011001 >
b10101111110100100100011001 [
b111 Q
b111110010101111011 K
b111110010101111011 Y
1$
#19450000
0$
#19455000
b1111000 4
1$
#19460000
0$
#19465000
b1111010 4
1$
#19470000
0$
#19475000
b1111100 4
1$
#19480000
0$
#19485000
b1111110 4
1$
#19490000
1+
0$
#19495000
0#
b0 Q
b0 R
1$
#19500000
0+
0$
#19505000
b0 0
b0 :
0?
b1001 *
b1001 9
b1001 V
b1111111 4
1$
#19510000
1-
0$
#19515000
b0 !
b0 E
b0 D
b0 e
b1 Q
b0 L
b0 ]
b0 F
b0 U
b1 R
b0 I
b0 W
1$
#19520000
0-
0$
#19525000
b0 >
b0 [
b10 Q
b0 K
b0 Y
1$
#19530000
0$
#19535000
b1 H
b1 X
b11 Q
1$
#19540000
0$
#19545000
b10 H
b10 X
b100 Q
1$
#19550000
0$
#19555000
b0 H
b0 X
b101 Q
1$
#19560000
0$
#19565000
b1 !
b1 E
b1 F
b1 U
b1 Q
1$
#19570000
0$
#19575000
b10 Q
1$
#19580000
0$
#19585000
b1 H
b1 X
b11 Q
1$
#19590000
0$
#19595000
b10 H
b10 X
b100 Q
1$
#19600000
0$
#19605000
b0 H
b0 X
b101 Q
1$
#19610000
0$
#19615000
b10 !
b10 E
b10 F
b10 U
b1 Q
b10000000 4
1$
#19620000
1(
0$
#19625000
b0 Q
b0 R
b0 P
1$
#19630000
0(
0$
#19635000
b10000001 4
1$
#19640000
0$
#19645000
b10000010 4
1$
#19650000
0$
#19655000
b10000011 4
1$
#19660000
0$
#19665000
b10000100 4
1$
#19670000
0$
#19675000
b10000101 4
1$
#19680000
0$
#19685000
b10000110 4
1$
#19690000
0$
#19695000
b10000111 4
1$
#19700000
0$
#19705000
b10001000 4
1$
#19710000
0$
#19715000
b10001001 4
1$
#19720000
0$
#19725000
b10001010 4
1$
#19730000
1-
0$
#19735000
b0 !
b0 E
b1 Q
b0 F
b0 U
b1 R
b1 P
1$
#19740000
0-
0$
#19745000
b10 Q
1$
#19750000
0$
#19755000
b1 H
b1 X
b11 Q
1$
#19760000
0$
#19765000
b10 H
b10 X
b100 Q
1$
#19770000
0$
#19775000
b0 H
b0 X
b101 Q
1$
#19780000
0$
#19785000
b1 !
b1 E
b1 F
b1 U
b1 Q
1$
#19790000
0$
#19795000
b10 Q
1$
#19800000
0$
#19805000
b1 H
b1 X
b11 Q
1$
#19810000
0$
#19815000
b10 H
b10 X
b100 Q
1$
#19820000
1,
0$
#19825000
b0 H
b0 X
b0 Q
b0 R
b0 P
1$
#19830000
0,
0$
#19835000
b10001011 4
1$
#19840000
0$
#19845000
b10001100 4
1$
#19850000
0$
#19855000
b10001101 4
1$
#19860000
0$
#19865000
b10001110 4
1$
#19870000
0$
#19875000
b10001111 4
1$
