px,py,iterations
0,0,1
1,0,1
2,0,1
3,0,1
4,0,1
5,0,1
6,0,1
7,0,1
8,0,1
9,0,1
10,0,1
11,0,1
12,0,1
13,0,1
14,0,1
15,0,1
16,0,1
17,0,1
18,0,1
19,0,1
20,0,1
21,0,1
22,0,1
23,0,1
24,0,1
25,0,1
26,0,1
27,0,1
28,0,1
29,0,1
30,0,1
31,0,1
32,0,1
33,0,1
34,0,1
35,0,2
36,0,2
37,0,2
38,0,2
39,0,2
40,0,2
41,0,2
42,0,2
43,0,2
44,0,2
45,0,2
46,0,2
47,0,2
48,0,2
49,0,2
50,0,2
51,0,2
52,0,2
53,0,2
54,0,2
55,0,2
56,0,2
57,0,2
58,0,2
59,0,2
60,0,2
61,0,2
62,0,2
63,0,2
64,0,2
65,0,2
66,0,3
67,0,3
68,0,3
69,0,3
70,0,3
71,0,3
72,0,3
73,0,3
74,0,3
75,0,3
76,0,3
77,0,3
78,0,3
79,0,3
80,0,3
81,0,3
82,0,3
83,0,3
84,0,3
85,0,3
86,0,3
87,0,3
88,0,3
89,0,3
90,0,3
91,0,3
92,0,3
93,0,3
94,0,3
95,0,3
96,0,3
97,0,3
98,0,3
99,0,3
100,0,3
101,0,3
102,0,3
103,0,3
104,0,3
105,0,3
106,0,3
107,0,3
108,0,3
109,0,3
110,0,3
111,0,3
112,0,3
113,0,3
114,0,3
115,0,3
116,0,3
117,0,3
118,0,3
119,0,3
120,0,3
121,0,3
122,0,3
123,0,3
124,0,3
125,0,3
126,0,3
127,0,3
128,0,3
129,0,3
130,0,3
131,0,3
132,0,3
133,0,3
134,0,3
135,0,3
136,0,3
137,0,3
138,0,3
139,0,3
140,0,3
141,0,3
142,0,3
143,0,3
144,0,3
145,0,3
146,0,3
147,0,3
148,0,3
149,0,3
150,0,3
151,0,3
152,0,3
153,0,3
154,0,3
155,0,3
156,0,3
157,0,3
158,0,3
159,0,3
160,0,3
161,0,3
162,0,3
163,0,3
164,0,3
165,0,3
166,0,3
167,0,3
168,0,3
169,0,4
170,0,4
171,0,4
172,0,4
173,0,4
174,0,4
175,0,4
176,0,4
177,0,4
178,0,4
179,0,4
180,0,4
181,0,4
182,0,4
183,0,4
184,0,4
185,0,4
186,0,4
187,0,4
188,0,4
189,0,4
190,0,4
191,0,4
192,0,4
193,0,4
194,0,4
195,0,4
196,0,4
197,0,4
198,0,4
199,0,4
200,0,4
201,0,4
202,0,4
203,0,4
204,0,4
205,0,4
206,0,4
207,0,4
208,0,5
209,0,5
210,0,5
211,0,5
212,0,5
213,0,5
214,0,5
215,0,5
216,0,5
217,0,5
218,0,5
219,0,5
220,0,5
221,0,5
222,0,5
223,0,6
224,0,6
225,0,6
226,0,6
227,0,6
228,0,7
229,0,7
230,0,7
231,0,8
232,0,8
233,0,9
234,0,9
235,0,10
236,0,11
237,0,11
238,0,14
239,0,17
240,0,13
241,0,12
242,0,9
243,0,9
244,0,9
245,0,9
246,0,9
247,0,10
248,0,20
249,0,10
250,0,11
251,0,11
252,0,12
253,0,22
254,0,12
255,0,11
0,1,1
1,1,1
2,1,1
3,1,1
4,1,1
5,1,1
6,1,1
7,1,1
8,1,1
9,1,1
10,1,1
11,1,1
12,1,1
13,1,1
14,1,1
15,1,1
16,1,1
17,1,1
18,1,1
19,1,1
20,1,1
21,1,1
22,1,1
23,1,1
24,1,1
25,1,1
26,1,1
27,1,1
28,1,1
29,1,1
30,1,1
31,1,1
32,1,1
33,1,1
34,1,2
35,1,2
36,1,2
37,1,2
38,1,2
39,1,2
40,1,2
41,1,2
42,1,2
43,1,2
44,1,2
45,1,2
46,1,2
47,1,2
48,1,2
49,1,2
50,1,2
51,1,2
52,1,2
53,1,2
54,1,2
55,1,2
56,1,2
57,1,2
58,1,2
59,1,2
60,1,2
61,1,2
62,1,2
63,1,2
64,1,3
65,1,3
66,1,3
67,1,3
68,1,3
69,1,3
70,1,3
71,1,3
72,1,3
73,1,3
74,1,3
75,1,3
76,1,3
77,1,3
78,1,3
79,1,3
80,1,3
81,1,3
82,1,3
83,1,3
84,1,3
85,1,3
86,1,3
87,1,3
88,1,3
89,1,3
90,1,3
91,1,3
92,1,3
93,1,3
94,1,3
95,1,3
96,1,3
97,1,3
98,1,3
99,1,3
100,1,3
101,1,3
102,1,3
103,1,3
104,1,3
105,1,3
106,1,3
107,1,3
108,1,3
109,1,3
110,1,3
111,1,3
112,1,3
113,1,3
114,1,3
115,1,3
116,1,3
117,1,3
118,1,3
119,1,3
120,1,3
121,1,3
122,1,3
123,1,3
124,1,3
125,1,3
126,1,3
127,1,3
128,1,3
129,1,3
130,1,3
131,1,3
132,1,3
133,1,3
134,1,3
135,1,3
136,1,3
137,1,3
138,1,3
139,1,3
140,1,3
141,1,3
142,1,3
143,1,3
144,1,3
145,1,3
146,1,3
147,1,3
148,1,3
149,1,3
150,1,3
151,1,3
152,1,3
153,1,3
154,1,3
155,1,3
156,1,3
157,1,3
158,1,3
159,1,3
160,1,3
161,1,3
162,1,3
163,1,3
164,1,3
165,1,3
166,1,3
167,1,3
168,1,4
169,1,4
170,1,4
171,1,4
172,1,4
173,1,4
174,1,4
175,1,4
176,1,4
177,1,4
178,1,4
179,1,4
180,1,4
181,1,4
182,1,4
183,1,4
184,1,4
185,1,4
186,1,4
187,1,4
188,1,4
189,1,4
190,1,4
191,1,4
192,1,4
193,1,4
194,1,4
195,1,4
196,1,4
197,1,4
198,1,4
199,1,4
200,1,4
201,1,4
202,1,4
203,1,4
204,1,4
205,1,4
206,1,4
207,1,5
208,1,5
209,1,5
210,1,5
211,1,5
212,1,5
213,1,5
214,1,5
215,1,5
216,1,5
217,1,5
218,1,5
219,1,5
220,1,5
221,1,5
222,1,6
223,1,6
224,1,6
225,1,6
226,1,6
227,1,6
228,1,7
229,1,7
230,1,7
231,1,8
232,1,8
233,1,9
234,1,9
235,1,9
236,1,10
237,1,11
238,1,21
239,1,25
240,1,25
241,1,13
242,1,11
243,1,10
244,1,10
245,1,10
246,1,10
247,1,11
248,1,24
249,1,13
250,1,15
251,1,15
252,1,16
253,1,12
254,1,10
255,1,9
0,2,1
1,2,1
2,2,1
3,2,1
4,2,1
5,2,1
6,2,1
7,2,1
8,2,1
9,2,1
10,2,1
11,2,1
12,2,1
13,2,1
14,2,1
15,2,1
16,2,1
17,2,1
18,2,1
19,2,1
20,2,1
21,2,1
22,2,1
23,2,1
24,2,1
25,2,1
26,2,1
27,2,1
28,2,1
29,2,1
30,2,1
31,2,1
32,2,1
33,2,1
34,2,2
35,2,2
36,2,2
37,2,2
38,2,2
39,2,2
40,2,2
41,2,2
42,2,2
43,2,2
44,2,2
45,2,2
46,2,2
47,2,2
48,2,2
49,2,2
50,2,2
51,2,2
52,2,2
53,2,2
54,2,2
55,2,2
56,2,2
57,2,2
58,2,2
59,2,2
60,2,2
61,2,2
62,2,2
63,2,3
64,2,3
65,2,3
66,2,3
67,2,3
68,2,3
69,2,3
70,2,3
71,2,3
72,2,3
73,2,3
74,2,3
75,2,3
76,2,3
77,2,3
78,2,3
79,2,3
80,2,3
81,2,3
82,2,3
83,2,3
84,2,3
85,2,3
86,2,3
87,2,3
88,2,3
89,2,3
90,2,3
91,2,3
92,2,3
93,2,3
94,2,3
95,2,3
96,2,3
97,2,3
98,2,3
99,2,3
100,2,3
101,2,3
102,2,3
103,2,3
104,2,3
105,2,3
106,2,3
107,2,3
108,2,3
109,2,3
110,2,3
111,2,3
112,2,3
113,2,3
114,2,3
115,2,3
116,2,3
117,2,3
118,2,3
119,2,3
120,2,3
121,2,3
122,2,3
123,2,3
124,2,3
125,2,3
126,2,3
127,2,3
128,2,3
129,2,3
130,2,3
131,2,3
132,2,3
133,2,3
134,2,3
135,2,3
136,2,3
137,2,3
138,2,3
139,2,3
140,2,3
141,2,3
142,2,3
143,2,3
144,2,3
145,2,3
146,2,3
147,2,3
148,2,3
149,2,3
150,2,3
151,2,3
152,2,3
153,2,3
154,2,3
155,2,3
156,2,3
157,2,3
158,2,3
159,2,3
160,2,3
161,2,3
162,2,3
163,2,3
164,2,3
165,2,3
166,2,4
167,2,4
168,2,4
169,2,4
170,2,4
171,2,4
172,2,4
173,2,4
174,2,4
175,2,4
176,2,4
177,2,4
178,2,4
179,2,4
180,2,4
181,2,4
182,2,4
183,2,4
184,2,4
185,2,4
186,2,4
187,2,4
188,2,4
189,2,4
190,2,4
191,2,4
192,2,4
193,2,4
194,2,4
195,2,4
196,2,4
197,2,4
198,2,4
199,2,4
200,2,4
201,2,4
202,2,4
203,2,4
204,2,4
205,2,4
206,2,5
207,2,5
208,2,5
209,2,5
210,2,5
211,2,5
212,2,5
213,2,5
214,2,5
215,2,5
216,2,5
217,2,5
218,2,5
219,2,5
220,2,5
221,2,5
222,2,6
223,2,6
224,2,6
225,2,6
226,2,6
227,2,7
228,2,7
229,2,7
230,2,7
231,2,8
232,2,8
233,2,8
234,2,9
235,2,9
236,2,9
237,2,11
238,2,13
239,2,23
240,2,23
241,2,21
242,2,12
243,2,11
244,2,11
245,2,11
246,2,11
247,2,12
248,2,16
249,2,22
250,2,24
251,2,27
252,2,14
253,2,17
254,2,9
255,2,8
0,3,1
1,3,1
2,3,1
3,3,1
4,3,1
5,3,1
6,3,1
7,3,1
8,3,1
9,3,1
10,3,1
11,3,1
12,3,1
13,3,1
14,3,1
15,3,1
16,3,1
17,3,1
18,3,1
19,3,1
20,3,1
21,3,1
22,3,1
23,3,1
24,3,1
25,3,1
26,3,1
27,3,1
28,3,1
29,3,1
30,3,1
31,3,1
32,3,1
33,3,2
34,3,2
35,3,2
36,3,2
37,3,2
38,3,2
39,3,2
40,3,2
41,3,2
42,3,2
43,3,2
44,3,2
45,3,2
46,3,2
47,3,2
48,3,2
49,3,2
50,3,2
51,3,2
52,3,2
53,3,2
54,3,2
55,3,2
56,3,2
57,3,2
58,3,2
59,3,2
60,3,2
61,3,2
62,3,3
63,3,3
64,3,3
65,3,3
66,3,3
67,3,3
68,3,3
69,3,3
70,3,3
71,3,3
72,3,3
73,3,3
74,3,3
75,3,3
76,3,3
77,3,3
78,3,3
79,3,3
80,3,3
81,3,3
82,3,3
83,3,3
84,3,3
85,3,3
86,3,3
87,3,3
88,3,3
89,3,3
90,3,3
91,3,3
92,3,3
93,3,3
94,3,3
95,3,3
96,3,3
97,3,3
98,3,3
99,3,3
100,3,3
101,3,3
102,3,3
103,3,3
104,3,3
105,3,3
106,3,3
107,3,3
108,3,3
109,3,3
110,3,3
111,3,3
112,3,3
113,3,3
114,3,3
115,3,3
116,3,3
117,3,3
118,3,3
119,3,3
120,3,3
121,3,3
122,3,3
123,3,3
124,3,3
125,3,3
126,3,3
127,3,3
128,3,3
129,3,3
130,3,3
131,3,3
132,3,3
133,3,3
134,3,3
135,3,3
136,3,3
137,3,3
138,3,3
139,3,3
140,3,3
141,3,3
142,3,3
143,3,3
144,3,3
145,3,3
146,3,3
147,3,3
148,3,3
149,3,3
150,3,3
151,3,3
152,3,3
153,3,3
154,3,3
155,3,3
156,3,3
157,3,3
158,3,3
159,3,3
160,3,3
161,3,3
162,3,3
163,3,3
164,3,3
165,3,4
166,3,4
167,3,4
168,3,4
169,3,4
170,3,4
171,3,4
172,3,4
173,3,4
174,3,4
175,3,4
176,3,4
177,3,4
178,3,4
179,3,4
180,3,4
181,3,4
182,3,4
183,3,4
184,3,4
185,3,4
186,3,4
187,3,4
188,3,4
189,3,4
190,3,4
191,3,4
192,3,4
193,3,4
194,3,4
195,3,4
196,3,4
197,3,4
198,3,4
199,3,4
200,3,4
201,3,4
202,3,4
203,3,4
204,3,4
205,3,5
206,3,5
207,3,5
208,3,5
209,3,5
210,3,5
211,3,5
212,3,5
213,3,5
214,3,5
215,3,5
216,3,5
217,3,5
218,3,5
219,3,5
220,3,5
221,3,5
222,3,6
223,3,6
224,3,6
225,3,6
226,3,6
227,3,7
228,3,7
229,3,7
230,3,7
231,3,8
232,3,8
233,3,8
234,3,9
235,3,9
236,3,9
237,3,10
238,3,19
239,3,17
240,3,15
241,3,54
242,3,14
243,3,12
244,3,12
245,3,14
246,3,15
247,3,16
248,3,29
249,3,13
250,3,13
251,3,18
252,3,11
253,3,10
254,3,8
255,3,7
0,4,1
1,4,1
2,4,1
3,4,1
4,4,1
5,4,1
6,4,1
7,4,1
8,4,1
9,4,1
10,4,1
11,4,1
12,4,1
13,4,1
14,4,1
15,4,1
16,4,1
17,4,1
18,4,1
19,4,1
20,4,1
21,4,1
22,4,1
23,4,1
24,4,1
25,4,1
26,4,1
27,4,1
28,4,1
29,4,1
30,4,1
31,4,1
32,4,1
33,4,2
34,4,2
35,4,2
36,4,2
37,4,2
38,4,2
39,4,2
40,4,2
41,4,2
42,4,2
43,4,2
44,4,2
45,4,2
46,4,2
47,4,2
48,4,2
49,4,2
50,4,2
51,4,2
52,4,2
53,4,2
54,4,2
55,4,2
56,4,2
57,4,2
58,4,2
59,4,2
60,4,2
61,4,3
62,4,3
63,4,3
64,4,3
65,4,3
66,4,3
67,4,3
68,4,3
69,4,3
70,4,3
71,4,3
72,4,3
73,4,3
74,4,3
75,4,3
76,4,3
77,4,3
78,4,3
79,4,3
80,4,3
81,4,3
82,4,3
83,4,3
84,4,3
85,4,3
86,4,3
87,4,3
88,4,3
89,4,3
90,4,3
91,4,3
92,4,3
93,4,3
94,4,3
95,4,3
96,4,3
97,4,3
98,4,3
99,4,3
100,4,3
101,4,3
102,4,3
103,4,3
104,4,3
105,4,3
106,4,3
107,4,3
108,4,3
109,4,3
110,4,3
111,4,3
112,4,3
113,4,3
114,4,3
115,4,3
116,4,3
117,4,3
118,4,3
119,4,3
120,4,3
121,4,3
122,4,3
123,4,3
124,4,3
125,4,3
126,4,3
127,4,3
128,4,3
129,4,3
130,4,3
131,4,3
132,4,3
133,4,3
134,4,3
135,4,3
136,4,3
137,4,3
138,4,3
139,4,3
140,4,3
141,4,3
142,4,3
143,4,3
144,4,3
145,4,3
146,4,3
147,4,3
148,4,3
149,4,3
150,4,3
151,4,3
152,4,3
153,4,3
154,4,3
155,4,3
156,4,3
157,4,3
158,4,3
159,4,3
160,4,3
161,4,3
162,4,3
163,4,3
164,4,4
165,4,4
166,4,4
167,4,4
168,4,4
169,4,4
170,4,4
171,4,4
172,4,4
173,4,4
174,4,4
175,4,4
176,4,4
177,4,4
178,4,4
179,4,4
180,4,4
181,4,4
182,4,4
183,4,4
184,4,4
185,4,4
186,4,4
187,4,4
188,4,4
189,4,4
190,4,4
191,4,4
192,4,4
193,4,4
194,4,4
195,4,4
196,4,4
197,4,4
198,4,4
199,4,4
200,4,4
201,4,4
202,4,4
203,4,4
204,4,4
205,4,5
206,4,5
207,4,5
208,4,5
209,4,5
210,4,5
211,4,5
212,4,5
213,4,5
214,4,5
215,4,5
216,4,5
217,4,5
218,4,5
219,4,5
220,4,5
221,4,6
222,4,6
223,4,6
224,4,6
225,4,6
226,4,7
227,4,7
228,4,7
229,4,7
230,4,7
231,4,8
232,4,8
233,4,8
234,4,9
235,4,9
236,4,9
237,4,10
238,4,11
239,4,12
240,4,14
241,4,22
242,4,23
243,4,14
244,4,14
245,4,16
246,4,21
247,4,20
248,4,15
249,4,12
250,4,11
251,4,10
252,4,9
253,4,9
254,4,8
255,4,7
0,5,1
1,5,1
2,5,1
3,5,1
4,5,1
5,5,1
6,5,1
7,5,1
8,5,1
9,5,1
10,5,1
11,5,1
12,5,1
13,5,1
14,5,1
15,5,1
16,5,1
17,5,1
18,5,1
19,5,1
20,5,1
21,5,1
22,5,1
23,5,1
24,5,1
25,5,1
26,5,1
27,5,1
28,5,1
29,5,1
30,5,1
31,5,1
32,5,2
33,5,2
34,5,2
35,5,2
36,5,2
37,5,2
38,5,2
39,5,2
40,5,2
41,5,2
42,5,2
43,5,2
44,5,2
45,5,2
46,5,2
47,5,2
48,5,2
49,5,2
50,5,2
51,5,2
52,5,2
53,5,2
54,5,2
55,5,2
56,5,2
57,5,2
58,5,2
59,5,3
60,5,3
61,5,3
62,5,3
63,5,3
64,5,3
65,5,3
66,5,3
67,5,3
68,5,3
69,5,3
70,5,3
71,5,3
72,5,3
73,5,3
74,5,3
75,5,3
76,5,3
77,5,3
78,5,3
79,5,3
80,5,3
81,5,3
82,5,3
83,5,3
84,5,3
85,5,3
86,5,3
87,5,3
88,5,3
89,5,3
90,5,3
91,5,3
92,5,3
93,5,3
94,5,3
95,5,3
96,5,3
97,5,3
98,5,3
99,5,3
100,5,3
101,5,3
102,5,3
103,5,3
104,5,3
105,5,3
106,5,3
107,5,3
108,5,3
109,5,3
110,5,3
111,5,3
112,5,3
113,5,3
114,5,3
115,5,3
116,5,3
117,5,3
118,5,3
119,5,3
120,5,3
121,5,3
122,5,3
123,5,3
124,5,3
125,5,3
126,5,3
127,5,3
128,5,3
129,5,3
130,5,3
131,5,3
132,5,3
133,5,3
134,5,3
135,5,3
136,5,3
137,5,3
138,5,3
139,5,3
140,5,3
141,5,3
142,5,3
143,5,3
144,5,3
145,5,3
146,5,3
147,5,3
148,5,3
149,5,3
150,5,3
151,5,3
152,5,3
153,5,3
154,5,3
155,5,3
156,5,3
157,5,3
158,5,3
159,5,3
160,5,3
161,5,3
162,5,4
163,5,4
164,5,4
165,5,4
166,5,4
167,5,4
168,5,4
169,5,4
170,5,4
171,5,4
172,5,4
173,5,4
174,5,4
175,5,4
176,5,4
177,5,4
178,5,4
179,5,4
180,5,4
181,5,4
182,5,4
183,5,4
184,5,4
185,5,4
186,5,4
187,5,4
188,5,4
189,5,4
190,5,4
191,5,4
192,5,4
193,5,4
194,5,4
195,5,4
196,5,4
197,5,4
198,5,4
199,5,4
200,5,4
201,5,4
202,5,4
203,5,4
204,5,5
205,5,5
206,5,5
207,5,5
208,5,5
209,5,5
210,5,5
211,5,5
212,5,5
213,5,5
214,5,5
215,5,5
216,5,5
217,5,5
218,5,5
219,5,5
220,5,5
221,5,6
222,5,6
223,5,6
224,5,6
225,5,7
226,5,7
227,5,7
228,5,7
229,5,7
230,5,8
231,5,8
232,5,8
233,5,8
234,5,9
235,5,9
236,5,9
237,5,10
238,5,11
239,5,12
240,5,12
241,5,16
242,5,27
243,5,18
244,5,25
245,5,30
246,5,15
247,5,19
248,5,12
249,5,11
250,5,10
251,5,9
252,5,9
253,5,8
254,5,7
255,5,7
0,6,1
1,6,1
2,6,1
3,6,1
4,6,1
5,6,1
6,6,1
7,6,1
8,6,1
9,6,1
10,6,1
11,6,1
12,6,1
13,6,1
14,6,1
15,6,1
16,6,1
17,6,1
18,6,1
19,6,1
20,6,1
21,6,1
22,6,1
23,6,1
24,6,1
25,6,1
26,6,1
27,6,1
28,6,1
29,6,1
30,6,1
31,6,2
32,6,2
33,6,2
34,6,2
35,6,2
36,6,2
37,6,2
38,6,2
39,6,2
40,6,2
41,6,2
42,6,2
43,6,2
44,6,2
45,6,2
46,6,2
47,6,2
48,6,2
49,6,2
50,6,2
51,6,2
52,6,2
53,6,2
54,6,2
55,6,2
56,6,2
57,6,2
58,6,3
59,6,3
60,6,3
61,6,3
62,6,3
63,6,3
64,6,3
65,6,3
66,6,3
67,6,3
68,6,3
69,6,3
70,6,3
71,6,3
72,6,3
73,6,3
74,6,3
75,6,3
76,6,3
77,6,3
78,6,3
79,6,3
80,6,3
81,6,3
82,6,3
83,6,3
84,6,3
85,6,3
86,6,3
87,6,3
88,6,3
89,6,3
90,6,3
91,6,3
92,6,3
93,6,3
94,6,3
95,6,3
96,6,3
97,6,3
98,6,3
99,6,3
100,6,3
101,6,3
102,6,3
103,6,3
104,6,3
105,6,3
106,6,3
107,6,3
108,6,3
109,6,3
110,6,3
111,6,3
112,6,3
113,6,3
114,6,3
115,6,3
116,6,3
117,6,3
118,6,3
119,6,3
120,6,3
121,6,3
122,6,3
123,6,3
124,6,3
125,6,3
126,6,3
127,6,3
128,6,3
129,6,3
130,6,3
131,6,3
132,6,3
133,6,3
134,6,3
135,6,3
136,6,3
137,6,3
138,6,3
139,6,3
140,6,3
141,6,3
142,6,3
143,6,3
144,6,3
145,6,3
146,6,3
147,6,3
148,6,3
149,6,3
150,6,3
151,6,3
152,6,3
153,6,3
154,6,3
155,6,3
156,6,3
157,6,3
158,6,3
159,6,3
160,6,3
161,6,4
162,6,4
163,6,4
164,6,4
165,6,4
166,6,4
167,6,4
168,6,4
169,6,4
170,6,4
171,6,4
172,6,4
173,6,4
174,6,4
175,6,4
176,6,4
177,6,4
178,6,4
179,6,4
180,6,4
181,6,4
182,6,4
183,6,4
184,6,4
185,6,4
186,6,4
187,6,4
188,6,4
189,6,4
190,6,4
191,6,4
192,6,4
193,6,4
194,6,4
195,6,4
196,6,4
197,6,4
198,6,4
199,6,4
200,6,4
201,6,4
202,6,4
203,6,5
204,6,5
205,6,5
206,6,5
207,6,5
208,6,5
209,6,5
210,6,5
211,6,5
212,6,5
213,6,5
214,6,5
215,6,5
216,6,5
217,6,5
218,6,5
219,6,5
220,6,6
221,6,6
222,6,6
223,6,6
224,6,6
225,6,7
226,6,7
227,6,7
228,6,7
229,6,7
230,6,8
231,6,8
232,6,8
233,6,8
234,6,9
235,6,9
236,6,10
237,6,10
238,6,11
239,6,11
240,6,12
241,6,14
242,6,16
243,6,34
244,6,16
245,6,14
246,6,13
247,6,12
248,6,10
249,6,10
250,6,9
251,6,9
252,6,9
253,6,8
254,6,7
255,6,7
0,7,1
1,7,1
2,7,1
3,7,1
4,7,1
5,7,1
6,7,1
7,7,1
8,7,1
9,7,1
10,7,1
11,7,1
12,7,1
13,7,1
14,7,1
15,7,1
16,7,1
17,7,1
18,7,1
19,7,1
20,7,1
21,7,1
22,7,1
23,7,1
24,7,1
25,7,1
26,7,1
27,7,1
28,7,1
29,7,1
30,7,1
31,7,2
32,7,2
33,7,2
34,7,2
35,7,2
36,7,2
37,7,2
38,7,2
39,7,2
40,7,2
41,7,2
42,7,2
43,7,2
44,7,2
45,7,2
46,7,2
47,7,2
48,7,2
49,7,2
50,7,2
51,7,2
52,7,2
53,7,2
54,7,2
55,7,2
56,7,2
57,7,3
58,7,3
59,7,3
60,7,3
61,7,3
62,7,3
63,7,3
64,7,3
65,7,3
66,7,3
67,7,3
68,7,3
69,7,3
70,7,3
71,7,3
72,7,3
73,7,3
74,7,3
75,7,3
76,7,3
77,7,3
78,7,3
79,7,3
80,7,3
81,7,3
82,7,3
83,7,3
84,7,3
85,7,3
86,7,3
87,7,3
88,7,3
89,7,3
90,7,3
91,7,3
92,7,3
93,7,3
94,7,3
95,7,3
96,7,3
97,7,3
98,7,3
99,7,3
100,7,3
101,7,3
102,7,3
103,7,3
104,7,3
105,7,3
106,7,3
107,7,3
108,7,3
109,7,3
110,7,3
111,7,3
112,7,3
113,7,3
114,7,3
115,7,3
116,7,3
117,7,3
118,7,3
119,7,3
120,7,3
121,7,3
122,7,3
123,7,3
124,7,3
125,7,3
126,7,3
127,7,3
128,7,3
129,7,3
130,7,3
131,7,3
132,7,3
133,7,3
134,7,3
135,7,3
136,7,3
137,7,3
138,7,3
139,7,3
140,7,3
141,7,3
142,7,3
143,7,3
144,7,3
145,7,3
146,7,3
147,7,3
148,7,3
149,7,3
150,7,3
151,7,3
152,7,3
153,7,3
154,7,3
155,7,3
156,7,3
157,7,3
158,7,3
159,7,3
160,7,4
161,7,4
162,7,4
163,7,4
164,7,4
165,7,4
166,7,4
167,7,4
168,7,4
169,7,4
170,7,4
171,7,4
172,7,4
173,7,4
174,7,4
175,7,4
176,7,4
177,7,4
178,7,4
179,7,4
180,7,4
181,7,4
182,7,4
183,7,4
184,7,4
185,7,4
186,7,4
187,7,4
188,7,4
189,7,4
190,7,4
191,7,4
192,7,4
193,7,4
194,7,4
195,7,4
196,7,4
197,7,4
198,7,4
199,7,4
200,7,4
201,7,4
202,7,5
203,7,5
204,7,5
205,7,5
206,7,5
207,7,5
208,7,5
209,7,5
210,7,5
211,7,5
212,7,5
213,7,5
214,7,5
215,7,5
216,7,5
217,7,5
218,7,5
219,7,5
220,7,6
221,7,6
222,7,6
223,7,6
224,7,7
225,7,7
226,7,7
227,7,7
228,7,7
229,7,7
230,7,8
231,7,8
232,7,8
233,7,8
234,7,9
235,7,9
236,7,10
237,7,10
238,7,11
239,7,11
240,7,13
241,7,14
242,7,17
243,7,27
244,7,15
245,7,13
246,7,12
247,7,11
248,7,10
249,7,10
250,7,9
251,7,9
252,7,8
253,7,8
254,7,7
255,7,7
0,8,1
1,8,1
2,8,1
3,8,1
4,8,1
5,8,1
6,8,1
7,8,1
8,8,1
9,8,1
10,8,1
11,8,1
12,8,1
13,8,1
14,8,1
15,8,1
16,8,1
17,8,1
18,8,1
19,8,1
20,8,1
21,8,1
22,8,1
23,8,1
24,8,1
25,8,1
26,8,1
27,8,1
28,8,1
29,8,1
30,8,2
31,8,2
32,8,2
33,8,2
34,8,2
35,8,2
36,8,2
37,8,2
38,8,2
39,8,2
40,8,2
41,8,2
42,8,2
43,8,2
44,8,2
45,8,2
46,8,2
47,8,2
48,8,2
49,8,2
50,8,2
51,8,2
52,8,2
53,8,2
54,8,2
55,8,2
56,8,3
57,8,3
58,8,3
59,8,3
60,8,3
61,8,3
62,8,3
63,8,3
64,8,3
65,8,3
66,8,3
67,8,3
68,8,3
69,8,3
70,8,3
71,8,3
72,8,3
73,8,3
74,8,3
75,8,3
76,8,3
77,8,3
78,8,3
79,8,3
80,8,3
81,8,3
82,8,3
83,8,3
84,8,3
85,8,3
86,8,3
87,8,3
88,8,3
89,8,3
90,8,3
91,8,3
92,8,3
93,8,3
94,8,3
95,8,3
96,8,3
97,8,3
98,8,3
99,8,3
100,8,3
101,8,3
102,8,3
103,8,3
104,8,3
105,8,3
106,8,3
107,8,3
108,8,3
109,8,3
110,8,3
111,8,3
112,8,3
113,8,3
114,8,3
115,8,3
116,8,3
117,8,3
118,8,3
119,8,3
120,8,3
121,8,3
122,8,3
123,8,3
124,8,3
125,8,3
126,8,3
127,8,3
128,8,3
129,8,3
130,8,3
131,8,3
132,8,3
133,8,3
134,8,3
135,8,3
136,8,3
137,8,3
138,8,3
139,8,3
140,8,3
141,8,3
142,8,3
143,8,3
144,8,3
145,8,3
146,8,3
147,8,3
148,8,3
149,8,3
150,8,3
151,8,3
152,8,3
153,8,3
154,8,3
155,8,3
156,8,3
157,8,3
158,8,4
159,8,4
160,8,4
161,8,4
162,8,4
163,8,4
164,8,4
165,8,4
166,8,4
167,8,4
168,8,4
169,8,4
170,8,4
171,8,4
172,8,4
173,8,4
174,8,4
175,8,4
176,8,4
177,8,4
178,8,4
179,8,4
180,8,4
181,8,4
182,8,4
183,8,4
184,8,4
185,8,4
186,8,4
187,8,4
188,8,4
189,8,4
190,8,4
191,8,4
192,8,4
193,8,4
194,8,4
195,8,4
196,8,4
197,8,4
198,8,4
199,8,4
200,8,4
201,8,5
202,8,5
203,8,5
204,8,5
205,8,5
206,8,5
207,8,5
208,8,5
209,8,5
210,8,5
211,8,5
212,8,5
213,8,5
214,8,5
215,8,5
216,8,5
217,8,5
218,8,5
219,8,6
220,8,6
221,8,6
222,8,6
223,8,7
224,8,7
225,8,7
226,8,7
227,8,7
228,8,7
229,8,8
230,8,8
231,8,8
232,8,8
233,8,8
234,8,9
235,8,10
236,8,10
237,8,10
238,8,11
239,8,11
240,8,13
241,8,16
242,8,18
243,8,23
244,8,16
245,8,14
246,8,12
247,8,11
248,8,10
249,8,10
250,8,9
251,8,9
252,8,8
253,8,8
254,8,7
255,8,7
0,9,1
1,9,1
2,9,1
3,9,1
4,9,1
5,9,1
6,9,1
7,9,1
8,9,1
9,9,1
10,9,1
11,9,1
12,9,1
13,9,1
14,9,1
15,9,1
16,9,1
17,9,1
18,9,1
19,9,1
20,9,1
21,9,1
22,9,1
23,9,1
24,9,1
25,9,1
26,9,1
27,9,1
28,9,1
29,9,1
30,9,2
31,9,2
32,9,2
33,9,2
34,9,2
35,9,2
36,9,2
37,9,2
38,9,2
39,9,2
40,9,2
41,9,2
42,9,2
43,9,2
44,9,2
45,9,2
46,9,2
47,9,2
48,9,2
49,9,2
50,9,2
51,9,2
52,9,2
53,9,2
54,9,2
55,9,3
56,9,3
57,9,3
58,9,3
59,9,3
60,9,3
61,9,3
62,9,3
63,9,3
64,9,3
65,9,3
66,9,3
67,9,3
68,9,3
69,9,3
70,9,3
71,9,3
72,9,3
73,9,3
74,9,3
75,9,3
76,9,3
77,9,3
78,9,3
79,9,3
80,9,3
81,9,3
82,9,3
83,9,3
84,9,3
85,9,3
86,9,3
87,9,3
88,9,3
89,9,3
90,9,3
91,9,3
92,9,3
93,9,3
94,9,3
95,9,3
96,9,3
97,9,3
98,9,3
99,9,3
100,9,3
101,9,3
102,9,3
103,9,3
104,9,3
105,9,3
106,9,3
107,9,3
108,9,3
109,9,3
110,9,3
111,9,3
112,9,3
113,9,3
114,9,3
115,9,3
116,9,3
117,9,3
118,9,3
119,9,3
120,9,3
121,9,3
122,9,3
123,9,3
124,9,3
125,9,3
126,9,3
127,9,3
128,9,3
129,9,3
130,9,3
131,9,3
132,9,3
133,9,3
134,9,3
135,9,3
136,9,3
137,9,3
138,9,3
139,9,3
140,9,3
141,9,3
142,9,3
143,9,3
144,9,3
145,9,3
146,9,3
147,9,3
148,9,3
149,9,3
150,9,3
151,9,3
152,9,3
153,9,3
154,9,3
155,9,3
156,9,3
157,9,4
158,9,4
159,9,4
160,9,4
161,9,4
162,9,4
163,9,4
164,9,4
165,9,4
166,9,4
167,9,4
168,9,4
169,9,4
170,9,4
171,9,4
172,9,4
173,9,4
174,9,4
175,9,4
176,9,4
177,9,4
178,9,4
179,9,4
180,9,4
181,9,4
182,9,4
183,9,4
184,9,4
185,9,4
186,9,4
187,9,4
188,9,4
189,9,4
190,9,4
191,9,4
192,9,4
193,9,4
194,9,4
195,9,4
196,9,4
197,9,4
198,9,4
199,9,4
200,9,5
201,9,5
202,9,5
203,9,5
204,9,5
205,9,5
206,9,5
207,9,5
208,9,5
209,9,5
210,9,5
211,9,5
212,9,5
213,9,5
214,9,5
215,9,5
216,9,5
217,9,5
218,9,5
219,9,6
220,9,6
221,9,6
222,9,7
223,9,7
224,9,7
225,9,7
226,9,7
227,9,7
228,9,7
229,9,8
230,9,8
231,9,8
232,9,8
233,9,8
234,9,9
235,9,10
236,9,10
237,9,11
238,9,11
239,9,12
240,9,15
241,9,20
242,9,48
243,9,34
244,9,25
245,9,17
246,9,12
247,9,11
248,9,10
249,9,10
250,9,9
251,9,9
252,9,8
253,9,8
254,9,7
255,9,7
0,10,1
1,10,1
2,10,1
3,10,1
4,10,1
5,10,1
6,10,1
7,10,1
8,10,1
9,10,1
10,10,1
11,10,1
12,10,1
13,10,1
14,10,1
15,10,1
16,10,1
17,10,1
18,10,1
19,10,1
20,10,1
21,10,1
22,10,1
23,10,1
24,10,1
25,10,1
26,10,1
27,10,1
28,10,1
29,10,2
30,10,2
31,10,2
32,10,2
33,10,2
34,10,2
35,10,2
36,10,2
37,10,2
38,10,2
39,10,2
40,10,2
41,10,2
42,10,2
43,10,2
44,10,2
45,10,2
46,10,2
47,10,2
48,10,2
49,10,2
50,10,2
51,10,2
52,10,2
53,10,2
54,10,3
55,10,3
56,10,3
57,10,3
58,10,3
59,10,3
60,10,3
61,10,3
62,10,3
63,10,3
64,10,3
65,10,3
66,10,3
67,10,3
68,10,3
69,10,3
70,10,3
71,10,3
72,10,3
73,10,3
74,10,3
75,10,3
76,10,3
77,10,3
78,10,3
79,10,3
80,10,3
81,10,3
82,10,3
83,10,3
84,10,3
85,10,3
86,10,3
87,10,3
88,10,3
89,10,3
90,10,3
91,10,3
92,10,3
93,10,3
94,10,3
95,10,3
96,10,3
97,10,3
98,10,3
99,10,3
100,10,3
101,10,3
102,10,3
103,10,3
104,10,3
105,10,3
106,10,3
107,10,3
108,10,3
109,10,3
110,10,3
111,10,3
112,10,3
113,10,3
114,10,3
115,10,3
116,10,3
117,10,3
118,10,3
119,10,3
120,10,3
121,10,3
122,10,3
123,10,3
124,10,3
125,10,3
126,10,3
127,10,3
128,10,3
129,10,3
130,10,3
131,10,3
132,10,3
133,10,3
134,10,3
135,10,3
136,10,3
137,10,3
138,10,3
139,10,3
140,10,3
141,10,3
142,10,3
143,10,3
144,10,3
145,10,3
146,10,3
147,10,3
148,10,3
149,10,3
150,10,3
151,10,3
152,10,3
153,10,3
154,10,3
155,10,3
156,10,4
157,10,4
158,10,4
159,10,4
160,10,4
161,10,4
162,10,4
163,10,4
164,10,4
165,10,4
166,10,4
167,10,4
168,10,4
169,10,4
170,10,4
171,10,4
172,10,4
173,10,4
174,10,4
175,10,4
176,10,4
177,10,4
178,10,4
179,10,4
180,10,4
181,10,4
182,10,4
183,10,4
184,10,4
185,10,4
186,10,4
187,10,4
188,10,4
189,10,4
190,10,4
191,10,4
192,10,4
193,10,4
194,10,4
195,10,4
196,10,4
197,10,4
198,10,4
199,10,4
200,10,5
201,10,5
202,10,5
203,10,5
204,10,5
205,10,5
206,10,5
207,10,5
208,10,5
209,10,5
210,10,5
211,10,5
212,10,5
213,10,5
214,10,5
215,10,5
216,10,5
217,10,5
218,10,6
219,10,6
220,10,6
221,10,6
222,10,7
223,10,7
224,10,7
225,10,7
226,10,7
227,10,7
228,10,8
229,10,8
230,10,8
231,10,8
232,10,8
233,10,9
234,10,10
235,10,10
236,10,11
237,10,12
238,10,12
239,10,13
240,10,16
241,10,20
242,10,37
243,10,33
244,10,29
245,10,15
246,10,12
247,10,11
248,10,11
249,10,10
250,10,9
251,10,9
252,10,8
253,10,8
254,10,8
255,10,7
0,11,1
1,11,1
2,11,1
3,11,1
4,11,1
5,11,1
6,11,1
7,11,1
8,11,1
9,11,1
10,11,1
11,11,1
12,11,1
13,11,1
14,11,1
15,11,1
16,11,1
17,11,1
18,11,1
19,11,1
20,11,1
21,11,1
22,11,1
23,11,1
24,11,1
25,11,1
26,11,1
27,11,1
28,11,1
29,11,2
30,11,2
31,11,2
32,11,2
33,11,2
34,11,2
35,11,2
36,11,2
37,11,2
38,11,2
39,11,2
40,11,2
41,11,2
42,11,2
43,11,2
44,11,2
45,11,2
46,11,2
47,11,2
48,11,2
49,11,2
50,11,2
51,11,2
52,11,2
53,11,3
54,11,3
55,11,3
56,11,3
57,11,3
58,11,3
59,11,3
60,11,3
61,11,3
62,11,3
63,11,3
64,11,3
65,11,3
66,11,3
67,11,3
68,11,3
69,11,3
70,11,3
71,11,3
72,11,3
73,11,3
74,11,3
75,11,3
76,11,3
77,11,3
78,11,3
79,11,3
80,11,3
81,11,3
82,11,3
83,11,3
84,11,3
85,11,3
86,11,3
87,11,3
88,11,3
89,11,3
90,11,3
91,11,3
92,11,3
93,11,3
94,11,3
95,11,3
96,11,3
97,11,3
98,11,3
99,11,3
100,11,3
101,11,3
102,11,3
103,11,3
104,11,3
105,11,3
106,11,3
107,11,3
108,11,3
109,11,3
110,11,3
111,11,3
112,11,3
113,11,3
114,11,3
115,11,3
116,11,3
117,11,3
118,11,3
119,11,3
120,11,3
121,11,3
122,11,3
123,11,3
124,11,3
125,11,3
126,11,3
127,11,3
128,11,3
129,11,3
130,11,3
131,11,3
132,11,3
133,11,3
134,11,3
135,11,3
136,11,3
137,11,3
138,11,3
139,11,3
140,11,3
141,11,3
142,11,3
143,11,3
144,11,3
145,11,3
146,11,3
147,11,3
148,11,3
149,11,3
150,11,3
151,11,3
152,11,3
153,11,3
154,11,4
155,11,4
156,11,4
157,11,4
158,11,4
159,11,4
160,11,4
161,11,4
162,11,4
163,11,4
164,11,4
165,11,4
166,11,4
167,11,4
168,11,4
169,11,4
170,11,4
171,11,4
172,11,4
173,11,4
174,11,4
175,11,4
176,11,4
177,11,4
178,11,4
179,11,4
180,11,4
181,11,4
182,11,4
183,11,4
184,11,4
185,11,4
186,11,4
187,11,4
188,11,4
189,11,4
190,11,4
191,11,4
192,11,4
193,11,4
194,11,4
195,11,4
196,11,4
197,11,4
198,11,4
199,11,5
200,11,5
201,11,5
202,11,5
203,11,5
204,11,5
205,11,5
206,11,5
207,11,5
208,11,5
209,11,5
210,11,5
211,11,5
212,11,5
213,11,5
214,11,5
215,11,5
216,11,5
217,11,6
218,11,6
219,11,6
220,11,6
221,11,7
222,11,7
223,11,7
224,11,7
225,11,7
226,11,7
227,11,8
228,11,8
229,11,8
230,11,8
231,11,8
232,11,9
233,11,9
234,11,10
235,11,11
236,11,38
237,11,14
238,11,13
239,11,14
240,11,16
241,11,18
242,11,33
243,11,26
244,11,17
245,11,15
246,11,13
247,11,12
248,11,11
249,11,11
250,11,9
251,11,9
252,11,8
253,11,8
254,11,8
255,11,7
0,12,1
1,12,1
2,12,1
3,12,1
4,12,1
5,12,1
6,12,1
7,12,1
8,12,1
9,12,1
10,12,1
11,12,1
12,12,1
13,12,1
14,12,1
15,12,1
16,12,1
17,12,1
18,12,1
19,12,1
20,12,1
21,12,1
22,12,1
23,12,1
24,12,1
25,12,1
26,12,1
27,12,1
28,12,2
29,12,2
30,12,2
31,12,2
32,12,2
33,12,2
34,12,2
35,12,2
36,12,2
37,12,2
38,12,2
39,12,2
40,12,2
41,12,2
42,12,2
43,12,2
44,12,2
45,12,2
46,12,2
47,12,2
48,12,2
49,12,2
50,12,2
51,12,2
52,12,3
53,12,3
54,12,3
55,12,3
56,12,3
57,12,3
58,12,3
59,12,3
60,12,3
61,12,3
62,12,3
63,12,3
64,12,3
65,12,3
66,12,3
67,12,3
68,12,3
69,12,3
70,12,3
71,12,3
72,12,3
73,12,3
74,12,3
75,12,3
76,12,3
77,12,3
78,12,3
79,12,3
80,12,3
81,12,3
82,12,3
83,12,3
84,12,3
85,12,3
86,12,3
87,12,3
88,12,3
89,12,3
90,12,3
91,12,3
92,12,3
93,12,3
94,12,3
95,12,3
96,12,3
97,12,3
98,12,3
99,12,3
100,12,3
101,12,3
102,12,3
103,12,3
104,12,3
105,12,3
106,12,3
107,12,3
108,12,3
109,12,3
110,12,3
111,12,3
112,12,3
113,12,3
114,12,3
115,12,3
116,12,3
117,12,3
118,12,3
119,12,3
120,12,3
121,12,3
122,12,3
123,12,3
124,12,3
125,12,3
126,12,3
127,12,3
128,12,3
129,12,3
130,12,3
131,12,3
132,12,3
133,12,3
134,12,3
135,12,3
136,12,3
137,12,3
138,12,3
139,12,3
140,12,3
141,12,3
142,12,3
143,12,3
144,12,3
145,12,3
146,12,3
147,12,3
148,12,3
149,12,3
150,12,3
151,12,3
152,12,3
153,12,4
154,12,4
155,12,4
156,12,4
157,12,4
158,12,4
159,12,4
160,12,4
161,12,4
162,12,4
163,12,4
164,12,4
165,12,4
166,12,4
167,12,4
168,12,4
169,12,4
170,12,4
171,12,4
172,12,4
173,12,4
174,12,4
175,12,4
176,12,4
177,12,4
178,12,4
179,12,4
180,12,4
181,12,4
182,12,4
183,12,4
184,12,4
185,12,4
186,12,4
187,12,4
188,12,4
189,12,4
190,12,4
191,12,4
192,12,4
193,12,4
194,12,4
195,12,4
196,12,4
197,12,4
198,12,5
199,12,5
200,12,5
201,12,5
202,12,5
203,12,5
204,12,5
205,12,5
206,12,5
207,12,5
208,12,5
209,12,5
210,12,5
211,12,5
212,12,5
213,12,5
214,12,5
215,12,5
216,12,6
217,12,6
218,12,6
219,12,6
220,12,7
221,12,7
222,12,7
223,12,7
224,12,7
225,12,7
226,12,8
227,12,8
228,12,8
229,12,9
230,12,9
231,12,9
232,12,9
233,12,11
234,12,12
235,12,13
236,12,17
237,12,19
238,12,15
239,12,16
240,12,20
241,12,20
242,12,30
243,12,22
244,12,18
245,12,15
246,12,14
247,12,13
248,12,13
249,12,19
250,12,10
251,12,9
252,12,8
253,12,8
254,12,8
255,12,8
0,13,1
1,13,1
2,13,1
3,13,1
4,13,1
5,13,1
6,13,1
7,13,1
8,13,1
9,13,1
10,13,1
11,13,1
12,13,1
13,13,1
14,13,1
15,13,1
16,13,1
17,13,1
18,13,1
19,13,1
20,13,1
21,13,1
22,13,1
23,13,1
24,13,1
25,13,1
26,13,1
27,13,1
28,13,2
29,13,2
30,13,2
31,13,2
32,13,2
33,13,2
34,13,2
35,13,2
36,13,2
37,13,2
38,13,2
39,13,2
40,13,2
41,13,2
42,13,2
43,13,2
44,13,2
45,13,2
46,13,2
47,13,2
48,13,2
49,13,2
50,13,2
51,13,3
52,13,3
53,13,3
54,13,3
55,13,3
56,13,3
57,13,3
58,13,3
59,13,3
60,13,3
61,13,3
62,13,3
63,13,3
64,13,3
65,13,3
66,13,3
67,13,3
68,13,3
69,13,3
70,13,3
71,13,3
72,13,3
73,13,3
74,13,3
75,13,3
76,13,3
77,13,3
78,13,3
79,13,3
80,13,3
81,13,3
82,13,3
83,13,3
84,13,3
85,13,3
86,13,3
87,13,3
88,13,3
89,13,3
90,13,3
91,13,3
92,13,3
93,13,3
94,13,3
95,13,3
96,13,3
97,13,3
98,13,3
99,13,3
100,13,3
101,13,3
102,13,3
103,13,3
104,13,3
105,13,3
106,13,3
107,13,3
108,13,3
109,13,3
110,13,3
111,13,3
112,13,3
113,13,3
114,13,3
115,13,3
116,13,3
117,13,3
118,13,3
119,13,3
120,13,3
121,13,3
122,13,3
123,13,3
124,13,3
125,13,3
126,13,3
127,13,3
128,13,3
129,13,3
130,13,3
131,13,3
132,13,3
133,13,3
134,13,3
135,13,3
136,13,3
137,13,3
138,13,3
139,13,3
140,13,3
141,13,3
142,13,3
143,13,3
144,13,3
145,13,3
146,13,3
147,13,3
148,13,3
149,13,3
150,13,3
151,13,3
152,13,4
153,13,4
154,13,4
155,13,4
156,13,4
157,13,4
158,13,4
159,13,4
160,13,4
161,13,4
162,13,4
163,13,4
164,13,4
165,13,4
166,13,4
167,13,4
168,13,4
169,13,4
170,13,4
171,13,4
172,13,4
173,13,4
174,13,4
175,13,4
176,13,4
177,13,4
178,13,4
179,13,4
180,13,4
181,13,4
182,13,4
183,13,4
184,13,4
185,13,4
186,13,4
187,13,4
188,13,4
189,13,4
190,13,4
191,13,4
192,13,4
193,13,4
194,13,4
195,13,4
196,13,4
197,13,5
198,13,5
199,13,5
200,13,5
201,13,5
202,13,5
203,13,5
204,13,5
205,13,5
206,13,5
207,13,5
208,13,5
209,13,5
210,13,5
211,13,5
212,13,5
213,13,5
214,13,5
215,13,6
216,13,6
217,13,6
218,13,6
219,13,7
220,13,7
221,13,7
222,13,7
223,13,7
224,13,8
225,13,8
226,13,9
227,13,9
228,13,9
229,13,9
230,13,9
231,13,10
232,13,10
233,13,29
234,13,30
235,13,27
236,13,19
237,13,25
238,13,18
239,13,19
240,13,25
241,13,29
242,13,65
243,13,26
244,13,30
245,13,17
246,13,16
247,13,16
248,13,31
249,13,14
250,13,11
251,13,9
252,13,9
253,13,8
254,13,8
255,13,8
0,14,1
1,14,1
2,14,1
3,14,1
4,14,1
5,14,1
6,14,1
7,14,1
8,14,1
9,14,1
10,14,1
11,14,1
12,14,1
13,14,1
14,14,1
15,14,1
16,14,1
17,14,1
18,14,1
19,14,1
20,14,1
21,14,1
22,14,1
23,14,1
24,14,1
25,14,1
26,14,1
27,14,2
28,14,2
29,14,2
30,14,2
31,14,2
32,14,2
33,14,2
34,14,2
35,14,2
36,14,2
37,14,2
38,14,2
39,14,2
40,14,2
41,14,2
42,14,2
43,14,2
44,14,2
45,14,2
46,14,2
47,14,2
48,14,2
49,14,2
50,14,3
51,14,3
52,14,3
53,14,3
54,14,3
55,14,3
56,14,3
57,14,3
58,14,3
59,14,3
60,14,3
61,14,3
62,14,3
63,14,3
64,14,3
65,14,3
66,14,3
67,14,3
68,14,3
69,14,3
70,14,3
71,14,3
72,14,3
73,14,3
74,14,3
75,14,3
76,14,3
77,14,3
78,14,3
79,14,3
80,14,3
81,14,3
82,14,3
83,14,3
84,14,3
85,14,3
86,14,3
87,14,3
88,14,3
89,14,3
90,14,3
91,14,3
92,14,3
93,14,3
94,14,3
95,14,3
96,14,3
97,14,3
98,14,3
99,14,3
100,14,3
101,14,3
102,14,3
103,14,3
104,14,3
105,14,3
106,14,3
107,14,3
108,14,3
109,14,3
110,14,3
111,14,3
112,14,3
113,14,3
114,14,3
115,14,3
116,14,3
117,14,3
118,14,3
119,14,3
120,14,3
121,14,3
122,14,3
123,14,3
124,14,3
125,14,3
126,14,3
127,14,3
128,14,3
129,14,3
130,14,3
131,14,3
132,14,3
133,14,3
134,14,3
135,14,3
136,14,3
137,14,3
138,14,3
139,14,3
140,14,3
141,14,3
142,14,3
143,14,3
144,14,3
145,14,3
146,14,3
147,14,3
148,14,3
149,14,3
150,14,3
151,14,4
152,14,4
153,14,4
154,14,4
155,14,4
156,14,4
157,14,4
158,14,4
159,14,4
160,14,4
161,14,4
162,14,4
163,14,4
164,14,4
165,14,4
166,14,4
167,14,4
168,14,4
169,14,4
170,14,4
171,14,4
172,14,4
173,14,4
174,14,4
175,14,4
176,14,4
177,14,4
178,14,4
179,14,4
180,14,4
181,14,4
182,14,4
183,14,4
184,14,4
185,14,4
186,14,4
187,14,4
188,14,4
189,14,4
190,14,4
191,14,4
192,14,4
193,14,4
194,14,4
195,14,4
196,14,5
197,14,5
198,14,5
199,14,5
200,14,5
201,14,5
202,14,5
203,14,5
204,14,5
205,14,5
206,14,5
207,14,5
208,14,5
209,14,5
210,14,5
211,14,5
212,14,5
213,14,5
214,14,6
215,14,6
216,14,6
217,14,6
218,14,6
219,14,7
220,14,7
221,14,7
222,14,8
223,14,8
224,14,10
225,14,10
226,14,9
227,14,9
228,14,9
229,14,10
230,14,10
231,14,10
232,14,11
233,14,12
234,14,32
235,14,19
236,14,19
237,14,29
238,14,35
239,14,24
240,14,28
241,14,51
242,14,128
243,14,43
244,14,24
245,14,19
246,14,18
247,14,33
248,14,17
249,14,13
250,14,11
251,14,10
252,14,9
253,14,8
254,14,8
255,14,8
0,15,1
1,15,1
2,15,1
3,15,1
4,15,1
5,15,1
6,15,1
7,15,1
8,15,1
9,15,1
10,15,1
11,15,1
12,15,1
13,15,1
14,15,1
15,15,1
16,15,1
17,15,1
18,15,1
19,15,1
20,15,1
21,15,1
22,15,1
23,15,1
24,15,1
25,15,1
26,15,1
27,15,2
28,15,2
29,15,2
30,15,2
31,15,2
32,15,2
33,15,2
34,15,2
35,15,2
36,15,2
37,15,2
38,15,2
39,15,2
40,15,2
41,15,2
42,15,2
43,15,2
44,15,2
45,15,2
46,15,2
47,15,2
48,15,2
49,15,3
50,15,3
51,15,3
52,15,3
53,15,3
54,15,3
55,15,3
56,15,3
57,15,3
58,15,3
59,15,3
60,15,3
61,15,3
62,15,3
63,15,3
64,15,3
65,15,3
66,15,3
67,15,3
68,15,3
69,15,3
70,15,3
71,15,3
72,15,3
73,15,3
74,15,3
75,15,3
76,15,3
77,15,3
78,15,3
79,15,3
80,15,3
81,15,3
82,15,3
83,15,3
84,15,3
85,15,3
86,15,3
87,15,3
88,15,3
89,15,3
90,15,3
91,15,3
92,15,3
93,15,3
94,15,3
95,15,3
96,15,3
97,15,3
98,15,3
99,15,3
100,15,3
101,15,3
102,15,3
103,15,3
104,15,3
105,15,3
106,15,3
107,15,3
108,15,3
109,15,3
110,15,3
111,15,3
112,15,3
113,15,3
114,15,3
115,15,3
116,15,3
117,15,3
118,15,3
119,15,3
120,15,3
121,15,3
122,15,3
123,15,3
124,15,3
125,15,3
126,15,3
127,15,3
128,15,3
129,15,3
130,15,3
131,15,3
132,15,3
133,15,3
134,15,3
135,15,3
136,15,3
137,15,3
138,15,3
139,15,3
140,15,3
141,15,3
142,15,3
143,15,3
144,15,3
145,15,3
146,15,3
147,15,3
148,15,3
149,15,3
150,15,4
151,15,4
152,15,4
153,15,4
154,15,4
155,15,4
156,15,4
157,15,4
158,15,4
159,15,4
160,15,4
161,15,4
162,15,4
163,15,4
164,15,4
165,15,4
166,15,4
167,15,4
168,15,4
169,15,4
170,15,4
171,15,4
172,15,4
173,15,4
174,15,4
175,15,4
176,15,4
177,15,4
178,15,4
179,15,4
180,15,4
181,15,4
182,15,4
183,15,4
184,15,4
185,15,4
186,15,4
187,15,4
188,15,4
189,15,4
190,15,4
191,15,4
192,15,4
193,15,4
194,15,4
195,15,5
196,15,5
197,15,5
198,15,5
199,15,5
200,15,5
201,15,5
202,15,5
203,15,5
204,15,5
205,15,5
206,15,5
207,15,5
208,15,5
209,15,5
210,15,5
211,15,5
212,15,5
213,15,6
214,15,6
215,15,6
216,15,6
217,15,6
218,15,7
219,15,7
220,15,8
221,15,8
222,15,8
223,15,9
224,15,17
225,15,21
226,15,11
227,15,10
228,15,10
229,15,10
230,15,10
231,15,11
232,15,11
233,15,12
234,15,14
235,15,15
236,15,17
237,15,23
238,15,33
239,15,43
240,15,128
241,15,128
242,15,128
243,15,48
244,15,46
245,15,28
246,15,59
247,15,26
248,15,33
249,15,17
250,15,12
251,15,10
252,15,10
253,15,9
254,15,9
255,15,8
0,16,1
1,16,1
2,16,1
3,16,1
4,16,1
5,16,1
6,16,1
7,16,1
8,16,1
9,16,1
10,16,1
11,16,1
12,16,1
13,16,1
14,16,1
15,16,1
16,16,1
17,16,1
18,16,1
19,16,1
20,16,1
21,16,1
22,16,1
23,16,1
24,16,1
25,16,1
26,16,2
27,16,2
28,16,2
29,16,2
30,16,2
31,16,2
32,16,2
33,16,2
34,16,2
35,16,2
36,16,2
37,16,2
38,16,2
39,16,2
40,16,2
41,16,2
42,16,2
43,16,2
44,16,2
45,16,2
46,16,2
47,16,2
48,16,3
49,16,3
50,16,3
51,16,3
52,16,3
53,16,3
54,16,3
55,16,3
56,16,3
57,16,3
58,16,3
59,16,3
60,16,3
61,16,3
62,16,3
63,16,3
64,16,3
65,16,3
66,16,3
67,16,3
68,16,3
69,16,3
70,16,3
71,16,3
72,16,3
73,16,3
74,16,3
75,16,3
76,16,3
77,16,3
78,16,3
79,16,3
80,16,3
81,16,3
82,16,3
83,16,3
84,16,3
85,16,3
86,16,3
87,16,3
88,16,3
89,16,3
90,16,3
91,16,3
92,16,3
93,16,3
94,16,3
95,16,3
96,16,3
97,16,3
98,16,3
99,16,3
100,16,3
101,16,3
102,16,3
103,16,3
104,16,3
105,16,3
106,16,3
107,16,3
108,16,3
109,16,3
110,16,3
111,16,3
112,16,3
113,16,3
114,16,3
115,16,3
116,16,3
117,16,3
118,16,3
119,16,3
120,16,3
121,16,3
122,16,3
123,16,3
124,16,3
125,16,3
126,16,3
127,16,3
128,16,3
129,16,3
130,16,3
131,16,3
132,16,3
133,16,3
134,16,3
135,16,3
136,16,3
137,16,3
138,16,3
139,16,3
140,16,3
141,16,3
142,16,3
143,16,3
144,16,3
145,16,3
146,16,3
147,16,3
148,16,4
149,16,4
150,16,4
151,16,4
152,16,4
153,16,4
154,16,4
155,16,4
156,16,4
157,16,4
158,16,4
159,16,4
160,16,4
161,16,4
162,16,4
163,16,4
164,16,4
165,16,4
166,16,4
167,16,4
168,16,4
169,16,4
170,16,4
171,16,4
172,16,4
173,16,4
174,16,4
175,16,4
176,16,4
177,16,4
178,16,4
179,16,4
180,16,4
181,16,4
182,16,4
183,16,4
184,16,4
185,16,4
186,16,4
187,16,4
188,16,4
189,16,4
190,16,4
191,16,4
192,16,4
193,16,4
194,16,5
195,16,5
196,16,5
197,16,5
198,16,5
199,16,5
200,16,5
201,16,5
202,16,5
203,16,5
204,16,5
205,16,5
206,16,5
207,16,5
208,16,5
209,16,5
210,16,5
211,16,5
212,16,6
213,16,6
214,16,6
215,16,6
216,16,6
217,16,7
218,16,7
219,16,8
220,16,8
221,16,8
222,16,9
223,16,10
224,16,13
225,16,22
226,16,14
227,16,12
228,16,11
229,16,11
230,16,11
231,16,11
232,16,11
233,16,13
234,16,13
235,16,14
236,16,18
237,16,22
238,16,47
239,16,128
240,16,128
241,16,128
242,16,128
243,16,128
244,16,56
245,16,113
246,16,24
247,16,18
248,16,16
249,16,16
250,16,12
251,16,10
252,16,10
253,16,10
254,16,9
255,16,9
0,17,1
1,17,1
2,17,1
3,17,1
4,17,1
5,17,1
6,17,1
7,17,1
8,17,1
9,17,1
10,17,1
11,17,1
12,17,1
13,17,1
14,17,1
15,17,1
16,17,1
17,17,1
18,17,1
19,17,1
20,17,1
21,17,1
22,17,1
23,17,1
24,17,1
25,17,1
26,17,2
27,17,2
28,17,2
29,17,2
30,17,2
31,17,2
32,17,2
33,17,2
34,17,2
35,17,2
36,17,2
37,17,2
38,17,2
39,17,2
40,17,2
41,17,2
42,17,2
43,17,2
44,17,2
45,17,2
46,17,2
47,17,3
48,17,3
49,17,3
50,17,3
51,17,3
52,17,3
53,17,3
54,17,3
55,17,3
56,17,3
57,17,3
58,17,3
59,17,3
60,17,3
61,17,3
62,17,3
63,17,3
64,17,3
65,17,3
66,17,3
67,17,3
68,17,3
69,17,3
70,17,3
71,17,3
72,17,3
73,17,3
74,17,3
75,17,3
76,17,3
77,17,3
78,17,3
79,17,3
80,17,3
81,17,3
82,17,3
83,17,3
84,17,3
85,17,3
86,17,3
87,17,3
88,17,3
89,17,3
90,17,3
91,17,3
92,17,3
93,17,3
94,17,3
95,17,3
96,17,3
97,17,3
98,17,3
99,17,3
100,17,3
101,17,3
102,17,3
103,17,3
104,17,3
105,17,3
106,17,3
107,17,3
108,17,3
109,17,3
110,17,3
111,17,3
112,17,3
113,17,3
114,17,3
115,17,3
116,17,3
117,17,3
118,17,3
119,17,3
120,17,3
121,17,3
122,17,3
123,17,3
124,17,3
125,17,3
126,17,3
127,17,3
128,17,3
129,17,3
130,17,3
131,17,3
132,17,3
133,17,3
134,17,3
135,17,3
136,17,3
137,17,3
138,17,3
139,17,3
140,17,3
141,17,3
142,17,3
143,17,3
144,17,3
145,17,3
146,17,3
147,17,4
148,17,4
149,17,4
150,17,4
151,17,4
152,17,4
153,17,4
154,17,4
155,17,4
156,17,4
157,17,4
158,17,4
159,17,4
160,17,4
161,17,4
162,17,4
163,17,4
164,17,4
165,17,4
166,17,4
167,17,4
168,17,4
169,17,4
170,17,4
171,17,4
172,17,4
173,17,4
174,17,4
175,17,4
176,17,4
177,17,4
178,17,4
179,17,4
180,17,4
181,17,4
182,17,4
183,17,4
184,17,4
185,17,4
186,17,4
187,17,4
188,17,4
189,17,4
190,17,4
191,17,4
192,17,4
193,17,5
194,17,5
195,17,5
196,17,5
197,17,5
198,17,5
199,17,5
200,17,5
201,17,5
202,17,5
203,17,5
204,17,5
205,17,5
206,17,5
207,17,5
208,17,5
209,17,5
210,17,5
211,17,6
212,17,6
213,17,6
214,17,6
215,17,6
216,17,7
217,17,7
218,17,8
219,17,8
220,17,8
221,17,9
222,17,9
223,17,11
224,17,13
225,17,18
226,17,30
227,17,16
228,17,12
229,17,12
230,17,11
231,17,12
232,17,12
233,17,13
234,17,14
235,17,15
236,17,47
237,17,33
238,17,48
239,17,128
240,17,128
241,17,128
242,17,128
243,17,128
244,17,128
245,17,46
246,17,22
247,17,18
248,17,15
249,17,13
250,17,12
251,17,11
252,17,10
253,17,10
254,17,10
255,17,10
0,18,1
1,18,1
2,18,1
3,18,1
4,18,1
5,18,1
6,18,1
7,18,1
8,18,1
9,18,1
10,18,1
11,18,1
12,18,1
13,18,1
14,18,1
15,18,1
16,18,1
17,18,1
18,18,1
19,18,1
20,18,1
21,18,1
22,18,1
23,18,1
24,18,1
25,18,2
26,18,2
27,18,2
28,18,2
29,18,2
30,18,2
31,18,2
32,18,2
33,18,2
34,18,2
35,18,2
36,18,2
37,18,2
38,18,2
39,18,2
40,18,2
41,18,2
42,18,2
43,18,2
44,18,2
45,18,2
46,18,3
47,18,3
48,18,3
49,18,3
50,18,3
51,18,3
52,18,3
53,18,3
54,18,3
55,18,3
56,18,3
57,18,3
58,18,3
59,18,3
60,18,3
61,18,3
62,18,3
63,18,3
64,18,3
65,18,3
66,18,3
67,18,3
68,18,3
69,18,3
70,18,3
71,18,3
72,18,3
73,18,3
74,18,3
75,18,3
76,18,3
77,18,3
78,18,3
79,18,3
80,18,3
81,18,3
82,18,3
83,18,3
84,18,3
85,18,3
86,18,3
87,18,3
88,18,3
89,18,3
90,18,3
91,18,3
92,18,3
93,18,3
94,18,3
95,18,3
96,18,3
97,18,3
98,18,3
99,18,3
100,18,3
101,18,3
102,18,3
103,18,3
104,18,3
105,18,3
106,18,3
107,18,3
108,18,3
109,18,3
110,18,3
111,18,3
112,18,3
113,18,3
114,18,3
115,18,3
116,18,3
117,18,3
118,18,3
119,18,3
120,18,3
121,18,3
122,18,3
123,18,3
124,18,3
125,18,3
126,18,3
127,18,3
128,18,3
129,18,3
130,18,3
131,18,3
132,18,3
133,18,3
134,18,3
135,18,3
136,18,3
137,18,3
138,18,3
139,18,3
140,18,3
141,18,3
142,18,3
143,18,3
144,18,3
145,18,3
146,18,4
147,18,4
148,18,4
149,18,4
150,18,4
151,18,4
152,18,4
153,18,4
154,18,4
155,18,4
156,18,4
157,18,4
158,18,4
159,18,4
160,18,4
161,18,4
162,18,4
163,18,4
164,18,4
165,18,4
166,18,4
167,18,4
168,18,4
169,18,4
170,18,4
171,18,4
172,18,4
173,18,4
174,18,4
175,18,4
176,18,4
177,18,4
178,18,4
179,18,4
180,18,4
181,18,4
182,18,4
183,18,4
184,18,4
185,18,4
186,18,4
187,18,4
188,18,4
189,18,4
190,18,4
191,18,4
192,18,5
193,18,5
194,18,5
195,18,5
196,18,5
197,18,5
198,18,5
199,18,5
200,18,5
201,18,5
202,18,5
203,18,5
204,18,5
205,18,5
206,18,5
207,18,5
208,18,5
209,18,6
210,18,6
211,18,6
212,18,6
213,18,6
214,18,6
215,18,6
216,18,7
217,18,8
218,18,9
219,18,11
220,18,10
221,18,10
222,18,12
223,18,12
224,18,14
225,18,16
226,18,38
227,18,21
228,18,13
229,18,13
230,18,13
231,18,14
232,18,15
233,18,22
234,18,16
235,18,17
236,18,19
237,18,27
238,18,98
239,18,128
240,18,128
241,18,128
242,18,128
243,18,128
244,18,128
245,18,80
246,18,38
247,18,19
248,18,15
249,18,14
250,18,12
251,18,11
252,18,11
253,18,11
254,18,11
255,18,11
0,19,1
1,19,1
2,19,1
3,19,1
4,19,1
5,19,1
6,19,1
7,19,1
8,19,1
9,19,1
10,19,1
11,19,1
12,19,1
13,19,1
14,19,1
15,19,1
16,19,1
17,19,1
18,19,1
19,19,1
20,19,1
21,19,1
22,19,1
23,19,1
24,19,1
25,19,2
26,19,2
27,19,2
28,19,2
29,19,2
30,19,2
31,19,2
32,19,2
33,19,2
34,19,2
35,19,2
36,19,2
37,19,2
38,19,2
39,19,2
40,19,2
41,19,2
42,19,2
43,19,2
44,19,2
45,19,3
46,19,3
47,19,3
48,19,3
49,19,3
50,19,3
51,19,3
52,19,3
53,19,3
54,19,3
55,19,3
56,19,3
57,19,3
58,19,3
59,19,3
60,19,3
61,19,3
62,19,3
63,19,3
64,19,3
65,19,3
66,19,3
67,19,3
68,19,3
69,19,3
70,19,3
71,19,3
72,19,3
73,19,3
74,19,3
75,19,3
76,19,3
77,19,3
78,19,3
79,19,3
80,19,3
81,19,3
82,19,3
83,19,3
84,19,3
85,19,3
86,19,3
87,19,3
88,19,3
89,19,3
90,19,3
91,19,3
92,19,3
93,19,3
94,19,3
95,19,3
96,19,3
97,19,3
98,19,3
99,19,3
100,19,3
101,19,3
102,19,3
103,19,3
104,19,3
105,19,3
106,19,3
107,19,3
108,19,3
109,19,3
110,19,3
111,19,3
112,19,3
113,19,3
114,19,3
115,19,3
116,19,3
117,19,3
118,19,3
119,19,3
120,19,3
121,19,3
122,19,3
123,19,3
124,19,3
125,19,3
126,19,3
127,19,3
128,19,3
129,19,3
130,19,3
131,19,3
132,19,3
133,19,3
134,19,3
135,19,3
136,19,3
137,19,3
138,19,3
139,19,3
140,19,3
141,19,3
142,19,3
143,19,3
144,19,3
145,19,4
146,19,4
147,19,4
148,19,4
149,19,4
150,19,4
151,19,4
152,19,4
153,19,4
154,19,4
155,19,4
156,19,4
157,19,4
158,19,4
159,19,4
160,19,4
161,19,4
162,19,4
163,19,4
164,19,4
165,19,4
166,19,4
167,19,4
168,19,4
169,19,4
170,19,4
171,19,4
172,19,4
173,19,4
174,19,4
175,19,4
176,19,4
177,19,4
178,19,4
179,19,4
180,19,4
181,19,4
182,19,4
183,19,4
184,19,4
185,19,4
186,19,4
187,19,4
188,19,4
189,19,4
190,19,5
191,19,5
192,19,5
193,19,5
194,19,5
195,19,5
196,19,5
197,19,5
198,19,5
199,19,5
200,19,5
201,19,5
202,19,5
203,19,5
204,19,5
205,19,5
206,19,5
207,19,5
208,19,6
209,19,6
210,19,6
211,19,6
212,19,6
213,19,6
214,19,6
215,19,7
216,19,7
217,19,9
218,19,10
219,19,16
220,19,13
221,19,12
222,19,32
223,19,18
224,19,21
225,19,20
226,19,45
227,19,17
228,19,14
229,19,14
230,19,14
231,19,16
232,19,35
233,19,28
234,19,19
235,19,20
236,19,22
237,19,24
238,19,41
239,19,128
240,19,128
241,19,128
242,19,128
243,19,128
244,19,128
245,19,53
246,19,22
247,19,18
248,19,16
249,19,15
250,19,15
251,19,12
252,19,11
253,19,11
254,19,11
255,19,12
0,20,1
1,20,1
2,20,1
3,20,1
4,20,1
5,20,1
6,20,1
7,20,1
8,20,1
9,20,1
10,20,1
11,20,1
12,20,1
13,20,1
14,20,1
15,20,1
16,20,1
17,20,1
18,20,1
19,20,1
20,20,1
21,20,1
22,20,1
23,20,1
24,20,2
25,20,2
26,20,2
27,20,2
28,20,2
29,20,2
30,20,2
31,20,2
32,20,2
33,20,2
34,20,2
35,20,2
36,20,2
37,20,2
38,20,2
39,20,2
40,20,2
41,20,2
42,20,2
43,20,2
44,20,3
45,20,3
46,20,3
47,20,3
48,20,3
49,20,3
50,20,3
51,20,3
52,20,3
53,20,3
54,20,3
55,20,3
56,20,3
57,20,3
58,20,3
59,20,3
60,20,3
61,20,3
62,20,3
63,20,3
64,20,3
65,20,3
66,20,3
67,20,3
68,20,3
69,20,3
70,20,3
71,20,3
72,20,3
73,20,3
74,20,3
75,20,3
76,20,3
77,20,3
78,20,3
79,20,3
80,20,3
81,20,3
82,20,3
83,20,3
84,20,3
85,20,3
86,20,3
87,20,3
88,20,3
89,20,3
90,20,3
91,20,3
92,20,3
93,20,3
94,20,3
95,20,3
96,20,3
97,20,3
98,20,3
99,20,3
100,20,3
101,20,3
102,20,3
103,20,3
104,20,3
105,20,3
106,20,3
107,20,3
108,20,3
109,20,3
110,20,3
111,20,3
112,20,3
113,20,3
114,20,3
115,20,3
116,20,3
117,20,3
118,20,3
119,20,3
120,20,3
121,20,3
122,20,3
123,20,3
124,20,3
125,20,3
126,20,3
127,20,3
128,20,3
129,20,3
130,20,3
131,20,3
132,20,3
133,20,3
134,20,3
135,20,3
136,20,3
137,20,3
138,20,3
139,20,3
140,20,3
141,20,3
142,20,3
143,20,3
144,20,4
145,20,4
146,20,4
147,20,4
148,20,4
149,20,4
150,20,4
151,20,4
152,20,4
153,20,4
154,20,4
155,20,4
156,20,4
157,20,4
158,20,4
159,20,4
160,20,4
161,20,4
162,20,4
163,20,4
164,20,4
165,20,4
166,20,4
167,20,4
168,20,4
169,20,4
170,20,4
171,20,4
172,20,4
173,20,4
174,20,4
175,20,4
176,20,4
177,20,4
178,20,4
179,20,4
180,20,4
181,20,4
182,20,4
183,20,4
184,20,4
185,20,4
186,20,4
187,20,4
188,20,4
189,20,5
190,20,5
191,20,5
192,20,5
193,20,5
194,20,5
195,20,5
196,20,5
197,20,5
198,20,5
199,20,5
200,20,5
201,20,5
202,20,5
203,20,5
204,20,5
205,20,5
206,20,6
207,20,6
208,20,6
209,20,6
210,20,6
211,20,6
212,20,6
213,20,6
214,20,7
215,20,7
216,20,8
217,20,18
218,20,18
219,20,20
220,20,16
221,20,26
222,20,19
223,20,20
224,20,18
225,20,26
226,20,21
227,20,17
228,20,16
229,20,15
230,20,15
231,20,17
232,20,20
233,20,44
234,20,27
235,20,25
236,20,51
237,20,41
238,20,36
239,20,54
240,20,128
241,20,128
242,20,128
243,20,128
244,20,70
245,20,27
246,20,23
247,20,23
248,20,18
249,20,22
250,20,17
251,20,13
252,20,13
253,20,12
254,20,13
255,20,15
0,21,1
1,21,1
2,21,1
3,21,1
4,21,1
5,21,1
6,21,1
7,21,1
8,21,1
9,21,1
10,21,1
11,21,1
12,21,1
13,21,1
14,21,1
15,21,1
16,21,1
17,21,1
18,21,1
19,21,1
20,21,1
21,21,1
22,21,1
23,21,1
24,21,2
25,21,2
26,21,2
27,21,2
28,21,2
29,21,2
30,21,2
31,21,2
32,21,2
33,21,2
34,21,2
35,21,2
36,21,2
37,21,2
38,21,2
39,21,2
40,21,2
41,21,2
42,21,2
43,21,3
44,21,3
45,21,3
46,21,3
47,21,3
48,21,3
49,21,3
50,21,3
51,21,3
52,21,3
53,21,3
54,21,3
55,21,3
56,21,3
57,21,3
58,21,3
59,21,3
60,21,3
61,21,3
62,21,3
63,21,3
64,21,3
65,21,3
66,21,3
67,21,3
68,21,3
69,21,3
70,21,3
71,21,3
72,21,3
73,21,3
74,21,3
75,21,3
76,21,3
77,21,3
78,21,3
79,21,3
80,21,3
81,21,3
82,21,3
83,21,3
84,21,3
85,21,3
86,21,3
87,21,3
88,21,3
89,21,3
90,21,3
91,21,3
92,21,3
93,21,3
94,21,3
95,21,3
96,21,3
97,21,3
98,21,3
99,21,3
100,21,3
101,21,3
102,21,3
103,21,3
104,21,3
105,21,3
106,21,3
107,21,3
108,21,3
109,21,3
110,21,3
111,21,3
112,21,3
113,21,3
114,21,3
115,21,3
116,21,3
117,21,3
118,21,3
119,21,3
120,21,3
121,21,3
122,21,3
123,21,3
124,21,3
125,21,3
126,21,3
127,21,3
128,21,3
129,21,3
130,21,3
131,21,3
132,21,3
133,21,3
134,21,3
135,21,3
136,21,3
137,21,3
138,21,3
139,21,3
140,21,3
141,21,3
142,21,4
143,21,4
144,21,4
145,21,4
146,21,4
147,21,4
148,21,4
149,21,4
150,21,4
151,21,4
152,21,4
153,21,4
154,21,4
155,21,4
156,21,4
157,21,4
158,21,4
159,21,4
160,21,4
161,21,4
162,21,4
163,21,4
164,21,4
165,21,4
166,21,4
167,21,4
168,21,4
169,21,4
170,21,4
171,21,4
172,21,4
173,21,4
174,21,4
175,21,4
176,21,4
177,21,4
178,21,4
179,21,4
180,21,4
181,21,4
182,21,4
183,21,4
184,21,4
185,21,4
186,21,4
187,21,4
188,21,5
189,21,5
190,21,5
191,21,5
192,21,5
193,21,5
194,21,5
195,21,5
196,21,5
197,21,5
198,21,5
199,21,5
200,21,5
201,21,5
202,21,5
203,21,5
204,21,6
205,21,6
206,21,6
207,21,6
208,21,6
209,21,6
210,21,6
211,21,6
212,21,6
213,21,7
214,21,7
215,21,7
216,21,8
217,21,9
218,21,10
219,21,13
220,21,36
221,21,16
222,21,15
223,21,15
224,21,16
225,21,27
226,21,22
227,21,19
228,21,18
229,21,42
230,21,28
231,21,19
232,21,28
233,21,65
234,21,70
235,21,39
236,21,128
237,21,128
238,21,128
239,21,128
240,21,128
241,21,128
242,21,128
243,21,128
244,21,128
245,21,38
246,21,29
247,21,28
248,21,21
249,21,25
250,21,28
251,21,16
252,21,14
253,21,13
254,21,14
255,21,18
0,22,1
1,22,1
2,22,1
3,22,1
4,22,1
5,22,1
6,22,1
7,22,1
8,22,1
9,22,1
10,22,1
11,22,1
12,22,1
13,22,1
14,22,1
15,22,1
16,22,1
17,22,1
18,22,1
19,22,1
20,22,1
21,22,1
22,22,1
23,22,2
24,22,2
25,22,2
26,22,2
27,22,2
28,22,2
29,22,2
30,22,2
31,22,2
32,22,2
33,22,2
34,22,2
35,22,2
36,22,2
37,22,2
38,22,2
39,22,2
40,22,2
41,22,2
42,22,3
43,22,3
44,22,3
45,22,3
46,22,3
47,22,3
48,22,3
49,22,3
50,22,3
51,22,3
52,22,3
53,22,3
54,22,3
55,22,3
56,22,3
57,22,3
58,22,3
59,22,3
60,22,3
61,22,3
62,22,3
63,22,3
64,22,3
65,22,3
66,22,3
67,22,3
68,22,3
69,22,3
70,22,3
71,22,3
72,22,3
73,22,3
74,22,3
75,22,3
76,22,3
77,22,3
78,22,3
79,22,3
80,22,3
81,22,3
82,22,3
83,22,3
84,22,3
85,22,3
86,22,3
87,22,3
88,22,3
89,22,3
90,22,3
91,22,3
92,22,3
93,22,3
94,22,3
95,22,3
96,22,3
97,22,3
98,22,3
99,22,3
100,22,3
101,22,3
102,22,3
103,22,3
104,22,3
105,22,3
106,22,3
107,22,3
108,22,3
109,22,3
110,22,3
111,22,3
112,22,3
113,22,3
114,22,3
115,22,3
116,22,3
117,22,3
118,22,3
119,22,3
120,22,3
121,22,3
122,22,3
123,22,3
124,22,3
125,22,3
126,22,3
127,22,3
128,22,3
129,22,3
130,22,3
131,22,3
132,22,3
133,22,3
134,22,3
135,22,3
136,22,3
137,22,3
138,22,3
139,22,3
140,22,3
141,22,4
142,22,4
143,22,4
144,22,4
145,22,4
146,22,4
147,22,4
148,22,4
149,22,4
150,22,4
151,22,4
152,22,4
153,22,4
154,22,4
155,22,4
156,22,4
157,22,4
158,22,4
159,22,4
160,22,4
161,22,4
162,22,4
163,22,4
164,22,4
165,22,4
166,22,4
167,22,4
168,22,4
169,22,4
170,22,4
171,22,4
172,22,4
173,22,4
174,22,4
175,22,4
176,22,4
177,22,4
178,22,4
179,22,4
180,22,4
181,22,4
182,22,4
183,22,4
184,22,4
185,22,4
186,22,4
187,22,5
188,22,5
189,22,5
190,22,5
191,22,5
192,22,5
193,22,5
194,22,5
195,22,5
196,22,5
197,22,5
198,22,5
199,22,5
200,22,5
201,22,5
202,22,6
203,22,6
204,22,6
205,22,6
206,22,6
207,22,6
208,22,6
209,22,6
210,22,6
211,22,6
212,22,7
213,22,7
214,22,7
215,22,7
216,22,8
217,22,9
218,22,9
219,22,10
220,22,13
221,22,12
222,22,13
223,22,14
224,22,15
225,22,22
226,22,63
227,22,62
228,22,22
229,22,37
230,22,25
231,22,24
232,22,28
233,22,104
234,22,128
235,22,128
236,22,128
237,22,128
238,22,128
239,22,128
240,22,128
241,22,128
242,22,128
243,22,128
244,22,128
245,22,128
246,22,128
247,22,42
248,22,32
249,22,128
250,22,21
251,22,17
252,22,15
253,22,14
254,22,15
255,22,22
0,23,1
1,23,1
2,23,1
3,23,1
4,23,1
5,23,1
6,23,1
7,23,1
8,23,1
9,23,1
10,23,1
11,23,1
12,23,1
13,23,1
14,23,1
15,23,1
16,23,1
17,23,1
18,23,1
19,23,1
20,23,1
21,23,1
22,23,1
23,23,2
24,23,2
25,23,2
26,23,2
27,23,2
28,23,2
29,23,2
30,23,2
31,23,2
32,23,2
33,23,2
34,23,2
35,23,2
36,23,2
37,23,2
38,23,2
39,23,2
40,23,2
41,23,3
42,23,3
43,23,3
44,23,3
45,23,3
46,23,3
47,23,3
48,23,3
49,23,3
50,23,3
51,23,3
52,23,3
53,23,3
54,23,3
55,23,3
56,23,3
57,23,3
58,23,3
59,23,3
60,23,3
61,23,3
62,23,3
63,23,3
64,23,3
65,23,3
66,23,3
67,23,3
68,23,3
69,23,3
70,23,3
71,23,3
72,23,3
73,23,3
74,23,3
75,23,3
76,23,3
77,23,3
78,23,3
79,23,3
80,23,3
81,23,3
82,23,3
83,23,3
84,23,3
85,23,3
86,23,3
87,23,3
88,23,3
89,23,3
90,23,3
91,23,3
92,23,3
93,23,3
94,23,3
95,23,3
96,23,3
97,23,3
98,23,3
99,23,3
100,23,3
101,23,3
102,23,3
103,23,3
104,23,3
105,23,3
106,23,3
107,23,3
108,23,3
109,23,3
110,23,3
111,23,3
112,23,3
113,23,3
114,23,3
115,23,3
116,23,3
117,23,3
118,23,3
119,23,3
120,23,3
121,23,3
122,23,3
123,23,3
124,23,3
125,23,3
126,23,3
127,23,3
128,23,3
129,23,3
130,23,3
131,23,3
132,23,3
133,23,3
134,23,3
135,23,3
136,23,3
137,23,3
138,23,3
139,23,3
140,23,4
141,23,4
142,23,4
143,23,4
144,23,4
145,23,4
146,23,4
147,23,4
148,23,4
149,23,4
150,23,4
151,23,4
152,23,4
153,23,4
154,23,4
155,23,4
156,23,4
157,23,4
158,23,4
159,23,4
160,23,4
161,23,4
162,23,4
163,23,4
164,23,4
165,23,4
166,23,4
167,23,4
168,23,4
169,23,4
170,23,4
171,23,4
172,23,4
173,23,4
174,23,4
175,23,4
176,23,4
177,23,4
178,23,4
179,23,4
180,23,4
181,23,4
182,23,4
183,23,4
184,23,4
185,23,5
186,23,5
187,23,5
188,23,5
189,23,5
190,23,5
191,23,5
192,23,5
193,23,5
194,23,5
195,23,5
196,23,5
197,23,5
198,23,5
199,23,5
200,23,6
201,23,6
202,23,6
203,23,6
204,23,6
205,23,6
206,23,6
207,23,6
208,23,6
209,23,6
210,23,6
211,23,6
212,23,7
213,23,7
214,23,7
215,23,8
216,23,8
217,23,8
218,23,9
219,23,9
220,23,10
221,23,11
222,23,12
223,23,13
224,23,15
225,23,19
226,23,35
227,23,31
228,23,33
229,23,96
230,23,35
231,23,29
232,23,128
233,23,128
234,23,128
235,23,128
236,23,128
237,23,128
238,23,128
239,23,128
240,23,128
241,23,128
242,23,128
243,23,128
244,23,128
245,23,128
246,23,128
247,23,128
248,23,128
249,23,54
250,23,23
251,23,19
252,23,30
253,23,17
254,23,17
255,23,19
0,24,1
1,24,1
2,24,1
3,24,1
4,24,1
5,24,1
6,24,1
7,24,1
8,24,1
9,24,1
10,24,1
11,24,1
12,24,1
13,24,1
14,24,1
15,24,1
16,24,1
17,24,1
18,24,1
19,24,1
20,24,1
21,24,1
22,24,1
23,24,2
24,24,2
25,24,2
26,24,2
27,24,2
28,24,2
29,24,2
30,24,2
31,24,2
32,24,2
33,24,2
34,24,2
35,24,2
36,24,2
37,24,2
38,24,2
39,24,2
40,24,3
41,24,3
42,24,3
43,24,3
44,24,3
45,24,3
46,24,3
47,24,3
48,24,3
49,24,3
50,24,3
51,24,3
52,24,3
53,24,3
54,24,3
55,24,3
56,24,3
57,24,3
58,24,3
59,24,3
60,24,3
61,24,3
62,24,3
63,24,3
64,24,3
65,24,3
66,24,3
67,24,3
68,24,3
69,24,3
70,24,3
71,24,3
72,24,3
73,24,3
74,24,3
75,24,3
76,24,3
77,24,3
78,24,3
79,24,3
80,24,3
81,24,3
82,24,3
83,24,3
84,24,3
85,24,3
86,24,3
87,24,3
88,24,3
89,24,3
90,24,3
91,24,3
92,24,3
93,24,3
94,24,3
95,24,3
96,24,3
97,24,3
98,24,3
99,24,3
100,24,3
101,24,3
102,24,3
103,24,3
104,24,3
105,24,3
106,24,3
107,24,3
108,24,3
109,24,3
110,24,3
111,24,3
112,24,3
113,24,3
114,24,3
115,24,3
116,24,3
117,24,3
118,24,3
119,24,3
120,24,3
121,24,3
122,24,3
123,24,3
124,24,3
125,24,3
126,24,3
127,24,3
128,24,3
129,24,3
130,24,3
131,24,3
132,24,3
133,24,3
134,24,3
135,24,3
136,24,3
137,24,3
138,24,3
139,24,4
140,24,4
141,24,4
142,24,4
143,24,4
144,24,4
145,24,4
146,24,4
147,24,4
148,24,4
149,24,4
150,24,4
151,24,4
152,24,4
153,24,4
154,24,4
155,24,4
156,24,4
157,24,4
158,24,4
159,24,4
160,24,4
161,24,4
162,24,4
163,24,4
164,24,4
165,24,4
166,24,4
167,24,4
168,24,4
169,24,4
170,24,4
171,24,4
172,24,4
173,24,4
174,24,4
175,24,4
176,24,4
177,24,4
178,24,4
179,24,4
180,24,4
181,24,4
182,24,4
183,24,4
184,24,5
185,24,5
186,24,5
187,24,5
188,24,5
189,24,5
190,24,5
191,24,5
192,24,5
193,24,5
194,24,5
195,24,5
196,24,5
197,24,5
198,24,6
199,24,6
200,24,6
201,24,6
202,24,6
203,24,6
204,24,6
205,24,6
206,24,6
207,24,6
208,24,6
209,24,6
210,24,6
211,24,7
212,24,7
213,24,7
214,24,7
215,24,8
216,24,8
217,24,8
218,24,9
219,24,9
220,24,10
221,24,11
222,24,11
223,24,12
224,24,17
225,24,29
226,24,40
227,24,62
228,24,110
229,24,128
230,24,128
231,24,51
232,24,128
233,24,128
234,24,128
235,24,128
236,24,128
237,24,128
238,24,128
239,24,128
240,24,128
241,24,128
242,24,128
243,24,128
244,24,128
245,24,128
246,24,128
247,24,128
248,24,128
249,24,50
250,24,40
251,24,23
252,24,30
253,24,22
254,24,23
255,24,24
0,25,1
1,25,1
2,25,1
3,25,1
4,25,1
5,25,1
6,25,1
7,25,1
8,25,1
9,25,1
10,25,1
11,25,1
12,25,1
13,25,1
14,25,1
15,25,1
16,25,1
17,25,1
18,25,1
19,25,1
20,25,1
21,25,1
22,25,2
23,25,2
24,25,2
25,25,2
26,25,2
27,25,2
28,25,2
29,25,2
30,25,2
31,25,2
32,25,2
33,25,2
34,25,2
35,25,2
36,25,2
37,25,2
38,25,2
39,25,3
40,25,3
41,25,3
42,25,3
43,25,3
44,25,3
45,25,3
46,25,3
47,25,3
48,25,3
49,25,3
50,25,3
51,25,3
52,25,3
53,25,3
54,25,3
55,25,3
56,25,3
57,25,3
58,25,3
59,25,3
60,25,3
61,25,3
62,25,3
63,25,3
64,25,3
65,25,3
66,25,3
67,25,3
68,25,3
69,25,3
70,25,3
71,25,3
72,25,3
73,25,3
74,25,3
75,25,3
76,25,3
77,25,3
78,25,3
79,25,3
80,25,3
81,25,3
82,25,3
83,25,3
84,25,3
85,25,3
86,25,3
87,25,3
88,25,3
89,25,3
90,25,3
91,25,3
92,25,3
93,25,3
94,25,3
95,25,3
96,25,3
97,25,3
98,25,3
99,25,3
100,25,3
101,25,3
102,25,3
103,25,3
104,25,3
105,25,3
106,25,3
107,25,3
108,25,3
109,25,3
110,25,3
111,25,3
112,25,3
113,25,3
114,25,3
115,25,3
116,25,3
117,25,3
118,25,3
119,25,3
120,25,3
121,25,3
122,25,3
123,25,3
124,25,3
125,25,3
126,25,3
127,25,3
128,25,3
129,25,3
130,25,3
131,25,3
132,25,3
133,25,3
134,25,3
135,25,3
136,25,3
137,25,3
138,25,4
139,25,4
140,25,4
141,25,4
142,25,4
143,25,4
144,25,4
145,25,4
146,25,4
147,25,4
148,25,4
149,25,4
150,25,4
151,25,4
152,25,4
153,25,4
154,25,4
155,25,4
156,25,4
157,25,4
158,25,4
159,25,4
160,25,4
161,25,4
162,25,4
163,25,4
164,25,4
165,25,4
166,25,4
167,25,4
168,25,4
169,25,4
170,25,4
171,25,4
172,25,4
173,25,4
174,25,4
175,25,4
176,25,4
177,25,4
178,25,4
179,25,4
180,25,4
181,25,4
182,25,4
183,25,5
184,25,5
185,25,5
186,25,5
187,25,5
188,25,5
189,25,5
190,25,5
191,25,5
192,25,5
193,25,5
194,25,5
195,25,5
196,25,6
197,25,6
198,25,6
199,25,6
200,25,6
201,25,6
202,25,6
203,25,6
204,25,6
205,25,6
206,25,6
207,25,6
208,25,6
209,25,6
210,25,7
211,25,7
212,25,7
213,25,7
214,25,7
215,25,8
216,25,8
217,25,8
218,25,8
219,25,9
220,25,10
221,25,10
222,25,11
223,25,12
224,25,15
225,25,17
226,25,23
227,25,36
228,25,128
229,25,128
230,25,128
231,25,128
232,25,128
233,25,128
234,25,128
235,25,128
236,25,128
237,25,128
238,25,128
239,25,128
240,25,128
241,25,128
242,25,128
243,25,128
244,25,128
245,25,128
246,25,128
247,25,128
248,25,128
249,25,128
250,25,45
251,25,36
252,25,53
253,25,33
254,25,27
255,25,68
0,26,1
1,26,1
2,26,1
3,26,1
4,26,1
5,26,1
6,26,1
7,26,1
8,26,1
9,26,1
10,26,1
11,26,1
12,26,1
13,26,1
14,26,1
15,26,1
16,26,1
17,26,1
18,26,1
19,26,1
20,26,1
21,26,1
22,26,2
23,26,2
24,26,2
25,26,2
26,26,2
27,26,2
28,26,2
29,26,2
30,26,2
31,26,2
32,26,2
33,26,2
34,26,2
35,26,2
36,26,2
37,26,2
38,26,3
39,26,3
40,26,3
41,26,3
42,26,3
43,26,3
44,26,3
45,26,3
46,26,3
47,26,3
48,26,3
49,26,3
50,26,3
51,26,3
52,26,3
53,26,3
54,26,3
55,26,3
56,26,3
57,26,3
58,26,3
59,26,3
60,26,3
61,26,3
62,26,3
63,26,3
64,26,3
65,26,3
66,26,3
67,26,3
68,26,3
69,26,3
70,26,3
71,26,3
72,26,3
73,26,3
74,26,3
75,26,3
76,26,3
77,26,3
78,26,3
79,26,3
80,26,3
81,26,3
82,26,3
83,26,3
84,26,3
85,26,3
86,26,3
87,26,3
88,26,3
89,26,3
90,26,3
91,26,3
92,26,3
93,26,3
94,26,3
95,26,3
96,26,3
97,26,3
98,26,3
99,26,3
100,26,3
101,26,3
102,26,3
103,26,3
104,26,3
105,26,3
106,26,3
107,26,3
108,26,3
109,26,3
110,26,3
111,26,3
112,26,3
113,26,3
114,26,3
115,26,3
116,26,3
117,26,3
118,26,3
119,26,3
120,26,3
121,26,3
122,26,3
123,26,3
124,26,3
125,26,3
126,26,3
127,26,3
128,26,3
129,26,3
130,26,3
131,26,3
132,26,3
133,26,3
134,26,3
135,26,3
136,26,3
137,26,4
138,26,4
139,26,4
140,26,4
141,26,4
142,26,4
143,26,4
144,26,4
145,26,4
146,26,4
147,26,4
148,26,4
149,26,4
150,26,4
151,26,4
152,26,4
153,26,4
154,26,4
155,26,4
156,26,4
157,26,4
158,26,4
159,26,4
160,26,4
161,26,4
162,26,4
163,26,4
164,26,4
165,26,4
166,26,4
167,26,4
168,26,4
169,26,4
170,26,4
171,26,4
172,26,4
173,26,4
174,26,4
175,26,4
176,26,4
177,26,4
178,26,4
179,26,4
180,26,4
181,26,5
182,26,5
183,26,5
184,26,5
185,26,5
186,26,5
187,26,5
188,26,5
189,26,5
190,26,5
191,26,5
192,26,5
193,26,5
194,26,6
195,26,6
196,26,6
197,26,6
198,26,6
199,26,6
200,26,6
201,26,6
202,26,6
203,26,6
204,26,6
205,26,6
206,26,6
207,26,6
208,26,6
209,26,7
210,26,7
211,26,7
212,26,7
213,26,7
214,26,7
215,26,8
216,26,8
217,26,8
218,26,8
219,26,9
220,26,10
221,26,10
222,26,11
223,26,12
224,26,14
225,26,15
226,26,27
227,26,72
228,26,128
229,26,128
230,26,128
231,26,128
232,26,128
233,26,128
234,26,128
235,26,128
236,26,128
237,26,128
238,26,128
239,26,128
240,26,128
241,26,128
242,26,128
243,26,128
244,26,128
245,26,128
246,26,128
247,26,128
248,26,128
249,26,128
250,26,128
251,26,128
252,26,128
253,26,107
254,26,90
255,26,48
0,27,1
1,27,1
2,27,1
3,27,1
4,27,1
5,27,1
6,27,1
7,27,1
8,27,1
9,27,1
10,27,1
11,27,1
12,27,1
13,27,1
14,27,1
15,27,1
16,27,1
17,27,1
18,27,1
19,27,1
20,27,1
21,27,2
22,27,2
23,27,2
24,27,2
25,27,2
26,27,2
27,27,2
28,27,2
29,27,2
30,27,2
31,27,2
32,27,2
33,27,2
34,27,2
35,27,2
36,27,2
37,27,2
38,27,3
39,27,3
40,27,3
41,27,3
42,27,3
43,27,3
44,27,3
45,27,3
46,27,3
47,27,3
48,27,3
49,27,3
50,27,3
51,27,3
52,27,3
53,27,3
54,27,3
55,27,3
56,27,3
57,27,3
58,27,3
59,27,3
60,27,3
61,27,3
62,27,3
63,27,3
64,27,3
65,27,3
66,27,3
67,27,3
68,27,3
69,27,3
70,27,3
71,27,3
72,27,3
73,27,3
74,27,3
75,27,3
76,27,3
77,27,3
78,27,3
79,27,3
80,27,3
81,27,3
82,27,3
83,27,3
84,27,3
85,27,3
86,27,3
87,27,3
88,27,3
89,27,3
90,27,3
91,27,3
92,27,3
93,27,3
94,27,3
95,27,3
96,27,3
97,27,3
98,27,3
99,27,3
100,27,3
101,27,3
102,27,3
103,27,3
104,27,3
105,27,3
106,27,3
107,27,3
108,27,3
109,27,3
110,27,3
111,27,3
112,27,3
113,27,3
114,27,3
115,27,3
116,27,3
117,27,3
118,27,3
119,27,3
120,27,3
121,27,3
122,27,3
123,27,3
124,27,3
125,27,3
126,27,3
127,27,3
128,27,3
129,27,3
130,27,3
131,27,3
132,27,3
133,27,3
134,27,3
135,27,4
136,27,4
137,27,4
138,27,4
139,27,4
140,27,4
141,27,4
142,27,4
143,27,4
144,27,4
145,27,4
146,27,4
147,27,4
148,27,4
149,27,4
150,27,4
151,27,4
152,27,4
153,27,4
154,27,4
155,27,4
156,27,4
157,27,4
158,27,4
159,27,4
160,27,4
161,27,4
162,27,4
163,27,4
164,27,4
165,27,4
166,27,4
167,27,4
168,27,4
169,27,4
170,27,4
171,27,4
172,27,4
173,27,4
174,27,4
175,27,4
176,27,4
177,27,4
178,27,4
179,27,4
180,27,5
181,27,5
182,27,5
183,27,5
184,27,5
185,27,5
186,27,5
187,27,5
188,27,5
189,27,5
190,27,5
191,27,6
192,27,6
193,27,6
194,27,6
195,27,6
196,27,6
197,27,6
198,27,6
199,27,6
200,27,6
201,27,6
202,27,6
203,27,6
204,27,6
205,27,6
206,27,6
207,27,6
208,27,7
209,27,7
210,27,7
211,27,7
212,27,7
213,27,7
214,27,7
215,27,8
216,27,8
217,27,8
218,27,8
219,27,9
220,27,10
221,27,10
222,27,12
223,27,13
224,27,14
225,27,16
226,27,19
227,27,23
228,27,31
229,27,67
230,27,128
231,27,128
232,27,128
233,27,128
234,27,128
235,27,128
236,27,128
237,27,128
238,27,128
239,27,128
240,27,128
241,27,128
242,27,128
243,27,128
244,27,128
245,27,128
246,27,128
247,27,128
248,27,128
249,27,128
250,27,128
251,27,128
252,27,128
253,27,128
254,27,31
255,27,22
0,28,1
1,28,1
2,28,1
3,28,1
4,28,1
5,28,1
6,28,1
7,28,1
8,28,1
9,28,1
10,28,1
11,28,1
12,28,1
13,28,1
14,28,1
15,28,1
16,28,1
17,28,1
18,28,1
19,28,1
20,28,1
21,28,2
22,28,2
23,28,2
24,28,2
25,28,2
26,28,2
27,28,2
28,28,2
29,28,2
30,28,2
31,28,2
32,28,2
33,28,2
34,28,2
35,28,2
36,28,2
37,28,3
38,28,3
39,28,3
40,28,3
41,28,3
42,28,3
43,28,3
44,28,3
45,28,3
46,28,3
47,28,3
48,28,3
49,28,3
50,28,3
51,28,3
52,28,3
53,28,3
54,28,3
55,28,3
56,28,3
57,28,3
58,28,3
59,28,3
60,28,3
61,28,3
62,28,3
63,28,3
64,28,3
65,28,3
66,28,3
67,28,3
68,28,3
69,28,3
70,28,3
71,28,3
72,28,3
73,28,3
74,28,3
75,28,3
76,28,3
77,28,3
78,28,3
79,28,3
80,28,3
81,28,3
82,28,3
83,28,3
84,28,3
85,28,3
86,28,3
87,28,3
88,28,3
89,28,3
90,28,3
91,28,3
92,28,3
93,28,3
94,28,3
95,28,3
96,28,3
97,28,3
98,28,3
99,28,3
100,28,3
101,28,3
102,28,3
103,28,3
104,28,3
105,28,3
106,28,3
107,28,3
108,28,3
109,28,3
110,28,3
111,28,3
112,28,3
113,28,3
114,28,3
115,28,3
116,28,3
117,28,3
118,28,3
119,28,3
120,28,3
121,28,3
122,28,3
123,28,3
124,28,3
125,28,3
126,28,3
127,28,3
128,28,3
129,28,3
130,28,3
131,28,3
132,28,3
133,28,3
134,28,4
135,28,4
136,28,4
137,28,4
138,28,4
139,28,4
140,28,4
141,28,4
142,28,4
143,28,4
144,28,4
145,28,4
146,28,4
147,28,4
148,28,4
149,28,4
150,28,4
151,28,4
152,28,4
153,28,4
154,28,4
155,28,4
156,28,4
157,28,4
158,28,4
159,28,4
160,28,4
161,28,4
162,28,4
163,28,4
164,28,4
165,28,4
166,28,4
167,28,4
168,28,4
169,28,4
170,28,4
171,28,4
172,28,4
173,28,4
174,28,4
175,28,4
176,28,4
177,28,4
178,28,5
179,28,5
180,28,5
181,28,5
182,28,5
183,28,5
184,28,5
185,28,5
186,28,5
187,28,5
188,28,5
189,28,6
190,28,6
191,28,6
192,28,6
193,28,6
194,28,6
195,28,6
196,28,6
197,28,6
198,28,6
199,28,6
200,28,6
201,28,6
202,28,6
203,28,6
204,28,6
205,28,6
206,28,6
207,28,7
208,28,7
209,28,7
210,28,7
211,28,7
212,28,7
213,28,7
214,28,8
215,28,8
216,28,8
217,28,8
218,28,8
219,28,9
220,28,10
221,28,10
222,28,17
223,28,17
224,28,17
225,28,17
226,28,19
227,28,81
228,28,35
229,28,128
230,28,128
231,28,128
232,28,128
233,28,128
234,28,128
235,28,128
236,28,128
237,28,128
238,28,128
239,28,128
240,28,128
241,28,128
242,28,128
243,28,128
244,28,128
245,28,128
246,28,128
247,28,128
248,28,128
249,28,128
250,28,128
251,28,128
252,28,128
253,28,46
254,28,57
255,28,20
0,29,1
1,29,1
2,29,1
3,29,1
4,29,1
5,29,1
6,29,1
7,29,1
8,29,1
9,29,1
10,29,1
11,29,1
12,29,1
13,29,1
14,29,1
15,29,1
16,29,1
17,29,1
18,29,1
19,29,1
20,29,2
21,29,2
22,29,2
23,29,2
24,29,2
25,29,2
26,29,2
27,29,2
28,29,2
29,29,2
30,29,2
31,29,2
32,29,2
33,29,2
34,29,2
35,29,2
36,29,3
37,29,3
38,29,3
39,29,3
40,29,3
41,29,3
42,29,3
43,29,3
44,29,3
45,29,3
46,29,3
47,29,3
48,29,3
49,29,3
50,29,3
51,29,3
52,29,3
53,29,3
54,29,3
55,29,3
56,29,3
57,29,3
58,29,3
59,29,3
60,29,3
61,29,3
62,29,3
63,29,3
64,29,3
65,29,3
66,29,3
67,29,3
68,29,3
69,29,3
70,29,3
71,29,3
72,29,3
73,29,3
74,29,3
75,29,3
76,29,3
77,29,3
78,29,3
79,29,3
80,29,3
81,29,3
82,29,3
83,29,3
84,29,3
85,29,3
86,29,3
87,29,3
88,29,3
89,29,3
90,29,3
91,29,3
92,29,3
93,29,3
94,29,3
95,29,3
96,29,3
97,29,3
98,29,3
99,29,3
100,29,3
101,29,3
102,29,3
103,29,3
104,29,3
105,29,3
106,29,3
107,29,3
108,29,3
109,29,3
110,29,3
111,29,3
112,29,3
113,29,3
114,29,3
115,29,3
116,29,3
117,29,3
118,29,3
119,29,3
120,29,3
121,29,3
122,29,3
123,29,3
124,29,3
125,29,3
126,29,3
127,29,3
128,29,3
129,29,3
130,29,3
131,29,3
132,29,3
133,29,4
134,29,4
135,29,4
136,29,4
137,29,4
138,29,4
139,29,4
140,29,4
141,29,4
142,29,4
143,29,4
144,29,4
145,29,4
146,29,4
147,29,4
148,29,4
149,29,4
150,29,4
151,29,4
152,29,4
153,29,4
154,29,4
155,29,4
156,29,4
157,29,4
158,29,4
159,29,4
160,29,4
161,29,4
162,29,4
163,29,4
164,29,4
165,29,4
166,29,4
167,29,4
168,29,4
169,29,4
170,29,4
171,29,4
172,29,4
173,29,4
174,29,4
175,29,4
176,29,4
177,29,5
178,29,5
179,29,5
180,29,5
181,29,5
182,29,5
183,29,5
184,29,5
185,29,5
186,29,5
187,29,6
188,29,6
189,29,6
190,29,6
191,29,6
192,29,6
193,29,6
194,29,6
195,29,6
196,29,6
197,29,6
198,29,6
199,29,6
200,29,6
201,29,6
202,29,6
203,29,6
204,29,6
205,29,6
206,29,7
207,29,7
208,29,7
209,29,7
210,29,7
211,29,7
212,29,7
213,29,7
214,29,8
215,29,8
216,29,8
217,29,8
218,29,8
219,29,9
220,29,10
221,29,11
222,29,13
223,29,20
224,29,48
225,29,20
226,29,20
227,29,35
228,29,128
229,29,128
230,29,128
231,29,128
232,29,128
233,29,128
234,29,128
235,29,128
236,29,128
237,29,128
238,29,128
239,29,128
240,29,128
241,29,128
242,29,128
243,29,128
244,29,128
245,29,128
246,29,128
247,29,128
248,29,128
249,29,128
250,29,128
251,29,128
252,29,44
253,29,26
254,29,20
255,29,16
0,30,1
1,30,1
2,30,1
3,30,1
4,30,1
5,30,1
6,30,1
7,30,1
8,30,1
9,30,1
10,30,1
11,30,1
12,30,1
13,30,1
14,30,1
15,30,1
16,30,1
17,30,1
18,30,1
19,30,1
20,30,2
21,30,2
22,30,2
23,30,2
24,30,2
25,30,2
26,30,2
27,30,2
28,30,2
29,30,2
30,30,2
31,30,2
32,30,2
33,30,2
34,30,2
35,30,3
36,30,3
37,30,3
38,30,3
39,30,3
40,30,3
41,30,3
42,30,3
43,30,3
44,30,3
45,30,3
46,30,3
47,30,3
48,30,3
49,30,3
50,30,3
51,30,3
52,30,3
53,30,3
54,30,3
55,30,3
56,30,3
57,30,3
58,30,3
59,30,3
60,30,3
61,30,3
62,30,3
63,30,3
64,30,3
65,30,3
66,30,3
67,30,3
68,30,3
69,30,3
70,30,3
71,30,3
72,30,3
73,30,3
74,30,3
75,30,3
76,30,3
77,30,3
78,30,3
79,30,3
80,30,3
81,30,3
82,30,3
83,30,3
84,30,3
85,30,3
86,30,3
87,30,3
88,30,3
89,30,3
90,30,3
91,30,3
92,30,3
93,30,3
94,30,3
95,30,3
96,30,3
97,30,3
98,30,3
99,30,3
100,30,3
101,30,3
102,30,3
103,30,3
104,30,3
105,30,3
106,30,3
107,30,3
108,30,3
109,30,3
110,30,3
111,30,3
112,30,3
113,30,3
114,30,3
115,30,3
116,30,3
117,30,3
118,30,3
119,30,3
120,30,3
121,30,3
122,30,3
123,30,3
124,30,3
125,30,3
126,30,3
127,30,3
128,30,3
129,30,3
130,30,3
131,30,3
132,30,4
133,30,4
134,30,4
135,30,4
136,30,4
137,30,4
138,30,4
139,30,4
140,30,4
141,30,4
142,30,4
143,30,4
144,30,4
145,30,4
146,30,4
147,30,4
148,30,4
149,30,4
150,30,4
151,30,4
152,30,4
153,30,4
154,30,4
155,30,4
156,30,4
157,30,4
158,30,4
159,30,4
160,30,4
161,30,4
162,30,4
163,30,4
164,30,4
165,30,4
166,30,4
167,30,4
168,30,4
169,30,4
170,30,4
171,30,4
172,30,4
173,30,4
174,30,4
175,30,5
176,30,5
177,30,5
178,30,5
179,30,5
180,30,5
181,30,5
182,30,5
183,30,5
184,30,5
185,30,6
186,30,6
187,30,6
188,30,6
189,30,6
190,30,6
191,30,6
192,30,6
193,30,6
194,30,6
195,30,6
196,30,6
197,30,6
198,30,6
199,30,6
200,30,6
201,30,6
202,30,6
203,30,6
204,30,7
205,30,7
206,30,7
207,30,7
208,30,7
209,30,7
210,30,7
211,30,7
212,30,7
213,30,7
214,30,8
215,30,8
216,30,8
217,30,8
218,30,9
219,30,9
220,30,10
221,30,12
222,30,24
223,30,58
224,30,36
225,30,23
226,30,44
227,30,32
228,30,128
229,30,128
230,30,128
231,30,128
232,30,128
233,30,128
234,30,128
235,30,128
236,30,128
237,30,128
238,30,128
239,30,128
240,30,128
241,30,128
242,30,128
243,30,128
244,30,128
245,30,128
246,30,128
247,30,128
248,30,128
249,30,128
250,30,128
251,30,128
252,30,128
253,30,43
254,30,25
255,30,17
0,31,1
1,31,1
2,31,1
3,31,1
4,31,1
5,31,1
6,31,1
7,31,1
8,31,1
9,31,1
10,31,1
11,31,1
12,31,1
13,31,1
14,31,1
15,31,1
16,31,1
17,31,1
18,31,1
19,31,1
20,31,2
21,31,2
22,31,2
23,31,2
24,31,2
25,31,2
26,31,2
27,31,2
28,31,2
29,31,2
30,31,2
31,31,2
32,31,2
33,31,2
34,31,3
35,31,3
36,31,3
37,31,3
38,31,3
39,31,3
40,31,3
41,31,3
42,31,3
43,31,3
44,31,3
45,31,3
46,31,3
47,31,3
48,31,3
49,31,3
50,31,3
51,31,3
52,31,3
53,31,3
54,31,3
55,31,3
56,31,3
57,31,3
58,31,3
59,31,3
60,31,3
61,31,3
62,31,3
63,31,3
64,31,3
65,31,3
66,31,3
67,31,3
68,31,3
69,31,3
70,31,3
71,31,3
72,31,3
73,31,3
74,31,3
75,31,3
76,31,3
77,31,3
78,31,3
79,31,3
80,31,3
81,31,3
82,31,3
83,31,3
84,31,3
85,31,3
86,31,3
87,31,3
88,31,3
89,31,3
90,31,3
91,31,3
92,31,3
93,31,3
94,31,3
95,31,3
96,31,3
97,31,3
98,31,3
99,31,3
100,31,3
101,31,3
102,31,3
103,31,3
104,31,3
105,31,3
106,31,3
107,31,3
108,31,3
109,31,3
110,31,3
111,31,3
112,31,3
113,31,3
114,31,3
115,31,3
116,31,3
117,31,3
118,31,3
119,31,3
120,31,3
121,31,3
122,31,3
123,31,3
124,31,3
125,31,3
126,31,3
127,31,3
128,31,3
129,31,3
130,31,3
131,31,4
132,31,4
133,31,4
134,31,4
135,31,4
136,31,4
137,31,4
138,31,4
139,31,4
140,31,4
141,31,4
142,31,4
143,31,4
144,31,4
145,31,4
146,31,4
147,31,4
148,31,4
149,31,4
150,31,4
151,31,4
152,31,4
153,31,4
154,31,4
155,31,4
156,31,4
157,31,4
158,31,4
159,31,4
160,31,4
161,31,4
162,31,4
163,31,4
164,31,4
165,31,4
166,31,4
167,31,4
168,31,4
169,31,4
170,31,4
171,31,4
172,31,4
173,31,4
174,31,5
175,31,5
176,31,5
177,31,5
178,31,5
179,31,5
180,31,5
181,31,5
182,31,5
183,31,6
184,31,6
185,31,6
186,31,6
187,31,6
188,31,6
189,31,6
190,31,6
191,31,6
192,31,6
193,31,6
194,31,6
195,31,6
196,31,6
197,31,6
198,31,6
199,31,6
200,31,6
201,31,6
202,31,6
203,31,7
204,31,7
205,31,7
206,31,7
207,31,7
208,31,7
209,31,7
210,31,7
211,31,7
212,31,7
213,31,8
214,31,8
215,31,8
216,31,8
217,31,8
218,31,9
219,31,9
220,31,11
221,31,20
222,31,42
223,31,20
224,31,33
225,31,69
226,31,57
227,31,128
228,31,128
229,31,128
230,31,128
231,31,128
232,31,128
233,31,128
234,31,128
235,31,128
236,31,128
237,31,128
238,31,128
239,31,128
240,31,128
241,31,128
242,31,128
243,31,128
244,31,128
245,31,128
246,31,128
247,31,128
248,31,128
249,31,128
250,31,128
251,31,128
252,31,128
253,31,31
254,31,22
255,31,20
0,32,1
1,32,1
2,32,1
3,32,1
4,32,1
5,32,1
6,32,1
7,32,1
8,32,1
9,32,1
10,32,1
11,32,1
12,32,1
13,32,1
14,32,1
15,32,1
16,32,1
17,32,1
18,32,1
19,32,2
20,32,2
21,32,2
22,32,2
23,32,2
24,32,2
25,32,2
26,32,2
27,32,2
28,32,2
29,32,2
30,32,2
31,32,2
32,32,2
33,32,2
34,32,3
35,32,3
36,32,3
37,32,3
38,32,3
39,32,3
40,32,3
41,32,3
42,32,3
43,32,3
44,32,3
45,32,3
46,32,3
47,32,3
48,32,3
49,32,3
50,32,3
51,32,3
52,32,3
53,32,3
54,32,3
55,32,3
56,32,3
57,32,3
58,32,3
59,32,3
60,32,3
61,32,3
62,32,3
63,32,3
64,32,3
65,32,3
66,32,3
67,32,3
68,32,3
69,32,3
70,32,3
71,32,3
72,32,3
73,32,3
74,32,3
75,32,3
76,32,3
77,32,3
78,32,3
79,32,3
80,32,3
81,32,3
82,32,3
83,32,3
84,32,3
85,32,3
86,32,3
87,32,3
88,32,3
89,32,3
90,32,3
91,32,3
92,32,3
93,32,3
94,32,3
95,32,3
96,32,3
97,32,3
98,32,3
99,32,3
100,32,3
101,32,3
102,32,3
103,32,3
104,32,3
105,32,3
106,32,3
107,32,3
108,32,3
109,32,3
110,32,3
111,32,3
112,32,3
113,32,3
114,32,3
115,32,3
116,32,3
117,32,3
118,32,3
119,32,3
120,32,3
121,32,3
122,32,3
123,32,3
124,32,3
125,32,3
126,32,3
127,32,3
128,32,3
129,32,3
130,32,4
131,32,4
132,32,4
133,32,4
134,32,4
135,32,4
136,32,4
137,32,4
138,32,4
139,32,4
140,32,4
141,32,4
142,32,4
143,32,4
144,32,4
145,32,4
146,32,4
147,32,4
148,32,4
149,32,4
150,32,4
151,32,4
152,32,4
153,32,4
154,32,4
155,32,4
156,32,4
157,32,4
158,32,4
159,32,4
160,32,4
161,32,4
162,32,4
163,32,4
164,32,4
165,32,4
166,32,4
167,32,4
168,32,4
169,32,4
170,32,4
171,32,4
172,32,5
173,32,5
174,32,5
175,32,5
176,32,5
177,32,5
178,32,5
179,32,5
180,32,5
181,32,5
182,32,6
183,32,6
184,32,6
185,32,6
186,32,6
187,32,6
188,32,6
189,32,6
190,32,6
191,32,6
192,32,6
193,32,6
194,32,6
195,32,6
196,32,6
197,32,6
198,32,6
199,32,6
200,32,6
201,32,7
202,32,7
203,32,7
204,32,7
205,32,7
206,32,7
207,32,7
208,32,7
209,32,7
210,32,7
211,32,7
212,32,8
213,32,8
214,32,8
215,32,8
216,32,8
217,32,9
218,32,9
219,32,9
220,32,11
221,32,14
222,32,24
223,32,16
224,32,22
225,32,42
226,32,128
227,32,128
228,32,128
229,32,128
230,32,128
231,32,128
232,32,128
233,32,128
234,32,128
235,32,128
236,32,128
237,32,128
238,32,128
239,32,128
240,32,128
241,32,128
242,32,128
243,32,128
244,32,128
245,32,128
246,32,128
247,32,128
248,32,128
249,32,128
250,32,128
251,32,128
252,32,128
253,32,52
254,32,29
255,32,24
0,33,1
1,33,1
2,33,1
3,33,1
4,33,1
5,33,1
6,33,1
7,33,1
8,33,1
9,33,1
10,33,1
11,33,1
12,33,1
13,33,1
14,33,1
15,33,1
16,33,1
17,33,1
18,33,1
19,33,2
20,33,2
21,33,2
22,33,2
23,33,2
24,33,2
25,33,2
26,33,2
27,33,2
28,33,2
29,33,2
30,33,2
31,33,2
32,33,2
33,33,3
34,33,3
35,33,3
36,33,3
37,33,3
38,33,3
39,33,3
40,33,3
41,33,3
42,33,3
43,33,3
44,33,3
45,33,3
46,33,3
47,33,3
48,33,3
49,33,3
50,33,3
51,33,3
52,33,3
53,33,3
54,33,3
55,33,3
56,33,3
57,33,3
58,33,3
59,33,3
60,33,3
61,33,3
62,33,3
63,33,3
64,33,3
65,33,3
66,33,3
67,33,3
68,33,3
69,33,3
70,33,3
71,33,3
72,33,3
73,33,3
74,33,3
75,33,3
76,33,3
77,33,3
78,33,3
79,33,3
80,33,3
81,33,3
82,33,3
83,33,3
84,33,3
85,33,3
86,33,3
87,33,3
88,33,3
89,33,3
90,33,3
91,33,3
92,33,3
93,33,3
94,33,3
95,33,3
96,33,3
97,33,3
98,33,3
99,33,3
100,33,3
101,33,3
102,33,3
103,33,3
104,33,3
105,33,3
106,33,3
107,33,3
108,33,3
109,33,3
110,33,3
111,33,3
112,33,3
113,33,3
114,33,3
115,33,3
116,33,3
117,33,3
118,33,3
119,33,3
120,33,3
121,33,3
122,33,3
123,33,3
124,33,3
125,33,3
126,33,3
127,33,3
128,33,4
129,33,4
130,33,4
131,33,4
132,33,4
133,33,4
134,33,4
135,33,4
136,33,4
137,33,4
138,33,4
139,33,4
140,33,4
141,33,4
142,33,4
143,33,4
144,33,4
145,33,4
146,33,4
147,33,4
148,33,4
149,33,4
150,33,4
151,33,4
152,33,4
153,33,4
154,33,4
155,33,4
156,33,4
157,33,4
158,33,4
159,33,4
160,33,4
161,33,4
162,33,4
163,33,4
164,33,4
165,33,4
166,33,4
167,33,4
168,33,4
169,33,4
170,33,5
171,33,5
172,33,5
173,33,5
174,33,5
175,33,5
176,33,5
177,33,5
178,33,5
179,33,5
180,33,6
181,33,6
182,33,6
183,33,6
184,33,6
185,33,6
186,33,6
187,33,6
188,33,6
189,33,6
190,33,6
191,33,6
192,33,6
193,33,6
194,33,6
195,33,6
196,33,6
197,33,6
198,33,6
199,33,7
200,33,7
201,33,7
202,33,7
203,33,7
204,33,7
205,33,7
206,33,7
207,33,7
208,33,7
209,33,7
210,33,7
211,33,7
212,33,8
213,33,8
214,33,8
215,33,8
216,33,8
217,33,9
218,33,9
219,33,10
220,33,11
221,33,12
222,33,13
223,33,14
224,33,16
225,33,26
226,33,51
227,33,49
228,33,128
229,33,128
230,33,128
231,33,128
232,33,128
233,33,128
234,33,128
235,33,128
236,33,128
237,33,128
238,33,128
239,33,128
240,33,128
241,33,128
242,33,128
243,33,128
244,33,128
245,33,128
246,33,128
247,33,128
248,33,128
249,33,128
250,33,128
251,33,128
252,33,128
253,33,128
254,33,63
255,33,128
0,34,1
1,34,1
2,34,1
3,34,1
4,34,1
5,34,1
6,34,1
7,34,1
8,34,1
9,34,1
10,34,1
11,34,1
12,34,1
13,34,1
14,34,1
15,34,1
16,34,1
17,34,1
18,34,2
19,34,2
20,34,2
21,34,2
22,34,2
23,34,2
24,34,2
25,34,2
26,34,2
27,34,2
28,34,2
29,34,2
30,34,2
31,34,2
32,34,3
33,34,3
34,34,3
35,34,3
36,34,3
37,34,3
38,34,3
39,34,3
40,34,3
41,34,3
42,34,3
43,34,3
44,34,3
45,34,3
46,34,3
47,34,3
48,34,3
49,34,3
50,34,3
51,34,3
52,34,3
53,34,3
54,34,3
55,34,3
56,34,3
57,34,3
58,34,3
59,34,3
60,34,3
61,34,3
62,34,3
63,34,3
64,34,3
65,34,3
66,34,3
67,34,3
68,34,3
69,34,3
70,34,3
71,34,3
72,34,3
73,34,3
74,34,3
75,34,3
76,34,3
77,34,3
78,34,3
79,34,3
80,34,3
81,34,3
82,34,3
83,34,3
84,34,3
85,34,3
86,34,3
87,34,3
88,34,3
89,34,3
90,34,3
91,34,3
92,34,3
93,34,3
94,34,3
95,34,3
96,34,3
97,34,3
98,34,3
99,34,3
100,34,3
101,34,3
102,34,3
103,34,3
104,34,3
105,34,3
106,34,3
107,34,3
108,34,3
109,34,3
110,34,3
111,34,3
112,34,3
113,34,3
114,34,3
115,34,3
116,34,3
117,34,3
118,34,3
119,34,3
120,34,3
121,34,3
122,34,3
123,34,3
124,34,3
125,34,3
126,34,3
127,34,4
128,34,4
129,34,4
130,34,4
131,34,4
132,34,4
133,34,4
134,34,4
135,34,4
136,34,4
137,34,4
138,34,4
139,34,4
140,34,4
141,34,4
142,34,4
143,34,4
144,34,4
145,34,4
146,34,4
147,34,4
148,34,4
149,34,4
150,34,4
151,34,4
152,34,4
153,34,4
154,34,4
155,34,4
156,34,4
157,34,4
158,34,4
159,34,4
160,34,4
161,34,4
162,34,4
163,34,4
164,34,4
165,34,4
166,34,4
167,34,4
168,34,5
169,34,5
170,34,5
171,34,5
172,34,5
173,34,5
174,34,5
175,34,5
176,34,5
177,34,5
178,34,6
179,34,6
180,34,6
181,34,6
182,34,6
183,34,6
184,34,6
185,34,6
186,34,6
187,34,6
188,34,6
189,34,6
190,34,6
191,34,6
192,34,6
193,34,6
194,34,6
195,34,6
196,34,6
197,34,7
198,34,7
199,34,7
200,34,7
201,34,7
202,34,7
203,34,7
204,34,7
205,34,7
206,34,7
207,34,7
208,34,7
209,34,7
210,34,7
211,34,8
212,34,8
213,34,8
214,34,8
215,34,9
216,34,9
217,34,9
218,34,9
219,34,10
220,34,10
221,34,11
222,34,12
223,34,13
224,34,15
225,34,19
226,34,23
227,34,66
228,34,128
229,34,128
230,34,128
231,34,128
232,34,128
233,34,128
234,34,128
235,34,128
236,34,128
237,34,128
238,34,128
239,34,128
240,34,128
241,34,128
242,34,128
243,34,128
244,34,128
245,34,128
246,34,128
247,34,128
248,34,128
249,34,128
250,34,128
251,34,128
252,34,128
253,34,75
254,34,34
255,34,85
0,35,1
1,35,1
2,35,1
3,35,1
4,35,1
5,35,1
6,35,1
7,35,1
8,35,1
9,35,1
10,35,1
11,35,1
12,35,1
13,35,1
14,35,1
15,35,1
16,35,1
17,35,1
18,35,2
19,35,2
20,35,2
21,35,2
22,35,2
23,35,2
24,35,2
25,35,2
26,35,2
27,35,2
28,35,2
29,35,2
30,35,2
31,35,3
32,35,3
33,35,3
34,35,3
35,35,3
36,35,3
37,35,3
38,35,3
39,35,3
40,35,3
41,35,3
42,35,3
43,35,3
44,35,3
45,35,3
46,35,3
47,35,3
48,35,3
49,35,3
50,35,3
51,35,3
52,35,3
53,35,3
54,35,3
55,35,3
56,35,3
57,35,3
58,35,3
59,35,3
60,35,3
61,35,3
62,35,3
63,35,3
64,35,3
65,35,3
66,35,3
67,35,3
68,35,3
69,35,3
70,35,3
71,35,3
72,35,3
73,35,3
74,35,3
75,35,3
76,35,3
77,35,3
78,35,3
79,35,3
80,35,3
81,35,3
82,35,3
83,35,3
84,35,3
85,35,3
86,35,3
87,35,3
88,35,3
89,35,3
90,35,3
91,35,3
92,35,3
93,35,3
94,35,3
95,35,3
96,35,3
97,35,3
98,35,3
99,35,3
100,35,3
101,35,3
102,35,3
103,35,3
104,35,3
105,35,3
106,35,3
107,35,3
108,35,3
109,35,3
110,35,3
111,35,3
112,35,3
113,35,3
114,35,3
115,35,3
116,35,3
117,35,3
118,35,3
119,35,3
120,35,3
121,35,3
122,35,3
123,35,3
124,35,3
125,35,3
126,35,4
127,35,4
128,35,4
129,35,4
130,35,4
131,35,4
132,35,4
133,35,4
134,35,4
135,35,4
136,35,4
137,35,4
138,35,4
139,35,4
140,35,4
141,35,4
142,35,4
143,35,4
144,35,4
145,35,4
146,35,4
147,35,4
148,35,4
149,35,4
150,35,4
151,35,4
152,35,4
153,35,4
154,35,4
155,35,4
156,35,4
157,35,4
158,35,4
159,35,4
160,35,4
161,35,4
162,35,4
163,35,4
164,35,4
165,35,4
166,35,5
167,35,5
168,35,5
169,35,5
170,35,5
171,35,5
172,35,5
173,35,5
174,35,5
175,35,5
176,35,5
177,35,6
178,35,6
179,35,6
180,35,6
181,35,6
182,35,6
183,35,6
184,35,6
185,35,6
186,35,6
187,35,6
188,35,6
189,35,6
190,35,6
191,35,6
192,35,7
193,35,7
194,35,7
195,35,7
196,35,7
197,35,7
198,35,7
199,35,7
200,35,7
201,35,7
202,35,7
203,35,7
204,35,7
205,35,7
206,35,7
207,35,7
208,35,7
209,35,8
210,35,8
211,35,8
212,35,8
213,35,8
214,35,9
215,35,9
216,35,9
217,35,9
218,35,10
219,35,10
220,35,10
221,35,11
222,35,11
223,35,13
224,35,17
225,35,31
226,35,28
227,35,97
228,35,128
229,35,128
230,35,128
231,35,128
232,35,128
233,35,128
234,35,128
235,35,128
236,35,128
237,35,128
238,35,128
239,35,128
240,35,128
241,35,128
242,35,128
243,35,128
244,35,128
245,35,128
246,35,128
247,35,128
248,35,128
249,35,128
250,35,128
251,35,128
252,35,128
253,35,60
254,35,21
255,35,17
0,36,1
1,36,1
2,36,1
3,36,1
4,36,1
5,36,1
6,36,1
7,36,1
8,36,1
9,36,1
10,36,1
11,36,1
12,36,1
13,36,1
14,36,1
15,36,1
16,36,1
17,36,1
18,36,2
19,36,2
20,36,2
21,36,2
22,36,2
23,36,2
24,36,2
25,36,2
26,36,2
27,36,2
28,36,2
29,36,2
30,36,2
31,36,3
32,36,3
33,36,3
34,36,3
35,36,3
36,36,3
37,36,3
38,36,3
39,36,3
40,36,3
41,36,3
42,36,3
43,36,3
44,36,3
45,36,3
46,36,3
47,36,3
48,36,3
49,36,3
50,36,3
51,36,3
52,36,3
53,36,3
54,36,3
55,36,3
56,36,3
57,36,3
58,36,3
59,36,3
60,36,3
61,36,3
62,36,3
63,36,3
64,36,3
65,36,3
66,36,3
67,36,3
68,36,3
69,36,3
70,36,3
71,36,3
72,36,3
73,36,3
74,36,3
75,36,3
76,36,3
77,36,3
78,36,3
79,36,3
80,36,3
81,36,3
82,36,3
83,36,3
84,36,3
85,36,3
86,36,3
87,36,3
88,36,3
89,36,3
90,36,3
91,36,3
92,36,3
93,36,3
94,36,3
95,36,3
96,36,3
97,36,3
98,36,3
99,36,3
100,36,3
101,36,3
102,36,3
103,36,3
104,36,3
105,36,3
106,36,3
107,36,3
108,36,3
109,36,3
110,36,3
111,36,3
112,36,3
113,36,3
114,36,3
115,36,3
116,36,3
117,36,3
118,36,3
119,36,3
120,36,3
121,36,3
122,36,3
123,36,3
124,36,3
125,36,4
126,36,4
127,36,4
128,36,4
129,36,4
130,36,4
131,36,4
132,36,4
133,36,4
134,36,4
135,36,4
136,36,4
137,36,4
138,36,4
139,36,4
140,36,4
141,36,4
142,36,4
143,36,4
144,36,4
145,36,4
146,36,4
147,36,4
148,36,4
149,36,4
150,36,4
151,36,4
152,36,4
153,36,4
154,36,4
155,36,4
156,36,4
157,36,4
158,36,4
159,36,4
160,36,4
161,36,4
162,36,4
163,36,4
164,36,5
165,36,5
166,36,5
167,36,5
168,36,5
169,36,5
170,36,5
171,36,5
172,36,5
173,36,5
174,36,5
175,36,6
176,36,6
177,36,6
178,36,6
179,36,6
180,36,7
181,36,7
182,36,7
183,36,7
184,36,7
185,36,7
186,36,7
187,36,7
188,36,7
189,36,7
190,36,7
191,36,7
192,36,7
193,36,7
194,36,7
195,36,7
196,36,7
197,36,7
198,36,7
199,36,7
200,36,7
201,36,7
202,36,7
203,36,7
204,36,7
205,36,7
206,36,7
207,36,7
208,36,8
209,36,8
210,36,8
211,36,8
212,36,9
213,36,9
214,36,9
215,36,9
216,36,9
217,36,9
218,36,10
219,36,10
220,36,10
221,36,11
222,36,11
223,36,12
224,36,17
225,36,26
226,36,115
227,36,128
228,36,128
229,36,128
230,36,128
231,36,128
232,36,128
233,36,128
234,36,128
235,36,128
236,36,128
237,36,128
238,36,128
239,36,128
240,36,128
241,36,128
242,36,128
243,36,128
244,36,128
245,36,128
246,36,128
247,36,128
248,36,128
249,36,128
250,36,128
251,36,128
252,36,54
253,36,30
254,36,48
255,36,35
0,37,1
1,37,1
2,37,1
3,37,1
4,37,1
5,37,1
6,37,1
7,37,1
8,37,1
9,37,1
10,37,1
11,37,1
12,37,1
13,37,1
14,37,1
15,37,1
16,37,1
17,37,2
18,37,2
19,37,2
20,37,2
21,37,2
22,37,2
23,37,2
24,37,2
25,37,2
26,37,2
27,37,2
28,37,2
29,37,2
30,37,3
31,37,3
32,37,3
33,37,3
34,37,3
35,37,3
36,37,3
37,37,3
38,37,3
39,37,3
40,37,3
41,37,3
42,37,3
43,37,3
44,37,3
45,37,3
46,37,3
47,37,3
48,37,3
49,37,3
50,37,3
51,37,3
52,37,3
53,37,3
54,37,3
55,37,3
56,37,3
57,37,3
58,37,3
59,37,3
60,37,3
61,37,3
62,37,3
63,37,3
64,37,3
65,37,3
66,37,3
67,37,3
68,37,3
69,37,3
70,37,3
71,37,3
72,37,3
73,37,3
74,37,3
75,37,3
76,37,3
77,37,3
78,37,3
79,37,3
80,37,3
81,37,3
82,37,3
83,37,3
84,37,3
85,37,3
86,37,3
87,37,3
88,37,3
89,37,3
90,37,3
91,37,3
92,37,3
93,37,3
94,37,3
95,37,3
96,37,3
97,37,3
98,37,3
99,37,3
100,37,3
101,37,3
102,37,3
103,37,3
104,37,3
105,37,3
106,37,3
107,37,3
108,37,3
109,37,3
110,37,3
111,37,3
112,37,3
113,37,3
114,37,3
115,37,3
116,37,3
117,37,3
118,37,3
119,37,3
120,37,3
121,37,3
122,37,3
123,37,3
124,37,4
125,37,4
126,37,4
127,37,4
128,37,4
129,37,4
130,37,4
131,37,4
132,37,4
133,37,4
134,37,4
135,37,4
136,37,4
137,37,4
138,37,4
139,37,4
140,37,4
141,37,4
142,37,4
143,37,4
144,37,4
145,37,4
146,37,4
147,37,4
148,37,4
149,37,4
150,37,4
151,37,4
152,37,4
153,37,4
154,37,4
155,37,4
156,37,4
157,37,4
158,37,4
159,37,4
160,37,4
161,37,4
162,37,5
163,37,5
164,37,5
165,37,5
166,37,5
167,37,5
168,37,5
169,37,5
170,37,5
171,37,5
172,37,5
173,37,5
174,37,6
175,37,6
176,37,6
177,37,7
178,37,7
179,37,7
180,37,7
181,37,7
182,37,7
183,37,7
184,37,7
185,37,7
186,37,7
187,37,8
188,37,8
189,37,8
190,37,8
191,37,8
192,37,8
193,37,8
194,37,7
195,37,7
196,37,7
197,37,7
198,37,7
199,37,7
200,37,7
201,37,7
202,37,7
203,37,7
204,37,7
205,37,7
206,37,8
207,37,8
208,37,8
209,37,8
210,37,9
211,37,9
212,37,9
213,37,9
214,37,9
215,37,9
216,37,9
217,37,10
218,37,10
219,37,10
220,37,11
221,37,11
222,37,11
223,37,12
224,37,17
225,37,18
226,37,50
227,37,50
228,37,44
229,37,128
230,37,128
231,37,128
232,37,128
233,37,128
234,37,128
235,37,128
236,37,128
237,37,128
238,37,128
239,37,128
240,37,128
241,37,128
242,37,128
243,37,128
244,37,128
245,37,128
246,37,128
247,37,128
248,37,128
249,37,128
250,37,128
251,37,128
252,37,128
253,37,47
254,37,42
255,37,25
0,38,1
1,38,1
2,38,1
3,38,1
4,38,1
5,38,1
6,38,1
7,38,1
8,38,1
9,38,1
10,38,1
11,38,1
12,38,1
13,38,1
14,38,1
15,38,1
16,38,1
17,38,2
18,38,2
19,38,2
20,38,2
21,38,2
22,38,2
23,38,2
24,38,2
25,38,2
26,38,2
27,38,2
28,38,2
29,38,3
30,38,3
31,38,3
32,38,3
33,38,3
34,38,3
35,38,3
36,38,3
37,38,3
38,38,3
39,38,3
40,38,3
41,38,3
42,38,3
43,38,3
44,38,3
45,38,3
46,38,3
47,38,3
48,38,3
49,38,3
50,38,3
51,38,3
52,38,3
53,38,3
54,38,3
55,38,3
56,38,3
57,38,3
58,38,3
59,38,3
60,38,3
61,38,3
62,38,3
63,38,3
64,38,3
65,38,3
66,38,3
67,38,3
68,38,3
69,38,3
70,38,3
71,38,3
72,38,3
73,38,3
74,38,3
75,38,3
76,38,3
77,38,3
78,38,3
79,38,3
80,38,3
81,38,3
82,38,3
83,38,3
84,38,3
85,38,3
86,38,3
87,38,3
88,38,3
89,38,3
90,38,3
91,38,3
92,38,3
93,38,3
94,38,3
95,38,3
96,38,3
97,38,3
98,38,3
99,38,3
100,38,3
101,38,3
102,38,3
103,38,3
104,38,3
105,38,3
106,38,3
107,38,3
108,38,3
109,38,3
110,38,3
111,38,3
112,38,3
113,38,3
114,38,3
115,38,3
116,38,3
117,38,3
118,38,3
119,38,3
120,38,3
121,38,3
122,38,3
123,38,4
124,38,4
125,38,4
126,38,4
127,38,4
128,38,4
129,38,4
130,38,4
131,38,4
132,38,4
133,38,4
134,38,4
135,38,4
136,38,4
137,38,4
138,38,4
139,38,4
140,38,4
141,38,4
142,38,4
143,38,4
144,38,4
145,38,4
146,38,4
147,38,4
148,38,4
149,38,4
150,38,4
151,38,4
152,38,4
153,38,4
154,38,4
155,38,4
156,38,4
157,38,4
158,38,4
159,38,4
160,38,5
161,38,5
162,38,5
163,38,5
164,38,5
165,38,5
166,38,5
167,38,5
168,38,5
169,38,5
170,38,5
171,38,5
172,38,5
173,38,6
174,38,6
175,38,6
176,38,7
177,38,7
178,38,7
179,38,7
180,38,7
181,38,7
182,38,7
183,38,8
184,38,8
185,38,8
186,38,8
187,38,9
188,38,11
189,38,38
190,38,9
191,38,8
192,38,8
193,38,8
194,38,8
195,38,8
196,38,8
197,38,8
198,38,8
199,38,8
200,38,8
201,38,8
202,38,8
203,38,8
204,38,8
205,38,8
206,38,8
207,38,8
208,38,9
209,38,9
210,38,9
211,38,9
212,38,9
213,38,9
214,38,9
215,38,9
216,38,10
217,38,10
218,38,10
219,38,10
220,38,11
221,38,11
222,38,12
223,38,13
224,38,14
225,38,15
226,38,18
227,38,40
228,38,128
229,38,128
230,38,128
231,38,128
232,38,128
233,38,128
234,38,128
235,38,128
236,38,128
237,38,128
238,38,128
239,38,128
240,38,128
241,38,128
242,38,128
243,38,128
244,38,128
245,38,128
246,38,128
247,38,128
248,38,128
249,38,128
250,38,128
251,38,128
252,38,31
253,38,22
254,38,17
255,38,15
0,39,1
1,39,1
2,39,1
3,39,1
4,39,1
5,39,1
6,39,1
7,39,1
8,39,1
9,39,1
10,39,1
11,39,1
12,39,1
13,39,1
14,39,1
15,39,1
16,39,2
17,39,2
18,39,2
19,39,2
20,39,2
21,39,2
22,39,2
23,39,2
24,39,2
25,39,2
26,39,2
27,39,2
28,39,3
29,39,3
30,39,3
31,39,3
32,39,3
33,39,3
34,39,3
35,39,3
36,39,3
37,39,3
38,39,3
39,39,3
40,39,3
41,39,3
42,39,3
43,39,3
44,39,3
45,39,3
46,39,3
47,39,3
48,39,3
49,39,3
50,39,3
51,39,3
52,39,3
53,39,3
54,39,3
55,39,3
56,39,3
57,39,3
58,39,3
59,39,3
60,39,3
61,39,3
62,39,3
63,39,3
64,39,3
65,39,3
66,39,3
67,39,3
68,39,3
69,39,3
70,39,3
71,39,3
72,39,3
73,39,3
74,39,3
75,39,3
76,39,3
77,39,3
78,39,3
79,39,3
80,39,3
81,39,3
82,39,3
83,39,3
84,39,3
85,39,3
86,39,3
87,39,3
88,39,3
89,39,3
90,39,3
91,39,3
92,39,3
93,39,3
94,39,3
95,39,3
96,39,3
97,39,3
98,39,3
99,39,3
100,39,3
101,39,3
102,39,3
103,39,3
104,39,3
105,39,3
106,39,3
107,39,3
108,39,3
109,39,3
110,39,3
111,39,3
112,39,3
113,39,3
114,39,3
115,39,3
116,39,3
117,39,3
118,39,3
119,39,3
120,39,3
121,39,4
122,39,4
123,39,4
124,39,4
125,39,4
126,39,4
127,39,4
128,39,4
129,39,4
130,39,4
131,39,4
132,39,4
133,39,4
134,39,4
135,39,4
136,39,4
137,39,4
138,39,4
139,39,4
140,39,4
141,39,4
142,39,4
143,39,4
144,39,4
145,39,4
146,39,4
147,39,4
148,39,4
149,39,4
150,39,4
151,39,4
152,39,4
153,39,4
154,39,4
155,39,4
156,39,4
157,39,4
158,39,5
159,39,5
160,39,5
161,39,5
162,39,5
163,39,5
164,39,5
165,39,5
166,39,5
167,39,5
168,39,5
169,39,5
170,39,5
171,39,5
172,39,6
173,39,6
174,39,6
175,39,7
176,39,8
177,39,8
178,39,9
179,39,9
180,39,8
181,39,8
182,39,8
183,39,8
184,39,8
185,39,8
186,39,9
187,39,9
188,39,12
189,39,15
190,39,12
191,39,10
192,39,9
193,39,8
194,39,8
195,39,8
196,39,8
197,39,8
198,39,8
199,39,8
200,39,8
201,39,8
202,39,8
203,39,8
204,39,8
205,39,8
206,39,9
207,39,9
208,39,9
209,39,9
210,39,9
211,39,9
212,39,9
213,39,9
214,39,10
215,39,10
216,39,10
217,39,10
218,39,10
219,39,11
220,39,11
221,39,12
222,39,12
223,39,13
224,39,14
225,39,14
226,39,17
227,39,30
228,39,47
229,39,128
230,39,128
231,39,128
232,39,128
233,39,128
234,39,128
235,39,128
236,39,128
237,39,128
238,39,128
239,39,128
240,39,128
241,39,128
242,39,128
243,39,128
244,39,128
245,39,128
246,39,128
247,39,128
248,39,128
249,39,128
250,39,128
251,39,128
252,39,38
253,39,103
254,39,15
255,39,14
0,40,1
1,40,1
2,40,1
3,40,1
4,40,1
5,40,1
6,40,1
7,40,1
8,40,1
9,40,1
10,40,1
11,40,1
12,40,1
13,40,1
14,40,1
15,40,1
16,40,2
17,40,2
18,40,2
19,40,2
20,40,2
21,40,2
22,40,2
23,40,2
24,40,2
25,40,2
26,40,2
27,40,2
28,40,3
29,40,3
30,40,3
31,40,3
32,40,3
33,40,3
34,40,3
35,40,3
36,40,3
37,40,3
38,40,3
39,40,3
40,40,3
41,40,3
42,40,3
43,40,3
44,40,3
45,40,3
46,40,3
47,40,3
48,40,3
49,40,3
50,40,3
51,40,3
52,40,3
53,40,3
54,40,3
55,40,3
56,40,3
57,40,3
58,40,3
59,40,3
60,40,3
61,40,3
62,40,3
63,40,3
64,40,3
65,40,3
66,40,3
67,40,3
68,40,3
69,40,3
70,40,3
71,40,3
72,40,3
73,40,3
74,40,3
75,40,3
76,40,3
77,40,3
78,40,3
79,40,3
80,40,3
81,40,3
82,40,3
83,40,3
84,40,3
85,40,3
86,40,3
87,40,3
88,40,3
89,40,3
90,40,3
91,40,3
92,40,3
93,40,3
94,40,3
95,40,3
96,40,3
97,40,3
98,40,3
99,40,3
100,40,3
101,40,3
102,40,3
103,40,3
104,40,3
105,40,3
106,40,3
107,40,3
108,40,3
109,40,3
110,40,3
111,40,3
112,40,3
113,40,3
114,40,3
115,40,3
116,40,3
117,40,3
118,40,3
119,40,3
120,40,4
121,40,4
122,40,4
123,40,4
124,40,4
125,40,4
126,40,4
127,40,4
128,40,4
129,40,4
130,40,4
131,40,4
132,40,4
133,40,4
134,40,4
135,40,4
136,40,4
137,40,4
138,40,4
139,40,4
140,40,4
141,40,4
142,40,4
143,40,4
144,40,4
145,40,4
146,40,4
147,40,4
148,40,4
149,40,4
150,40,4
151,40,4
152,40,4
153,40,4
154,40,4
155,40,4
156,40,5
157,40,5
158,40,5
159,40,5
160,40,5
161,40,5
162,40,5
163,40,5
164,40,5
165,40,5
166,40,5
167,40,5
168,40,5
169,40,5
170,40,6
171,40,6
172,40,6
173,40,6
174,40,7
175,40,10
176,40,12
177,40,11
178,40,12
179,40,15
180,40,9
181,40,9
182,40,9
183,40,9
184,40,9
185,40,9
186,40,10
187,40,12
188,40,23
189,40,39
190,40,35
191,40,24
192,40,10
193,40,9
194,40,8
195,40,8
196,40,8
197,40,8
198,40,8
199,40,8
200,40,8
201,40,8
202,40,8
203,40,9
204,40,9
205,40,10
206,40,10
207,40,10
208,40,10
209,40,10
210,40,11
211,40,11
212,40,10
213,40,10
214,40,10
215,40,10
216,40,10
217,40,10
218,40,11
219,40,11
220,40,12
221,40,12
222,40,12
223,40,13
224,40,14
225,40,14
226,40,16
227,40,18
228,40,22
229,40,43
230,40,128
231,40,128
232,40,128
233,40,128
234,40,128
235,40,128
236,40,128
237,40,128
238,40,128
239,40,128
240,40,128
241,40,128
242,40,128
243,40,128
244,40,128
245,40,128
246,40,128
247,40,128
248,40,128
249,40,128
250,40,128
251,40,31
252,40,21
253,40,17
254,40,15
255,40,14
0,41,1
1,41,1
2,41,1
3,41,1
4,41,1
5,41,1
6,41,1
7,41,1
8,41,1
9,41,1
10,41,1
11,41,1
12,41,1
13,41,1
14,41,1
15,41,1
16,41,2
17,41,2
18,41,2
19,41,2
20,41,2
21,41,2
22,41,2
23,41,2
24,41,2
25,41,2
26,41,2
27,41,3
28,41,3
29,41,3
30,41,3
31,41,3
32,41,3
33,41,3
34,41,3
35,41,3
36,41,3
37,41,3
38,41,3
39,41,3
40,41,3
41,41,3
42,41,3
43,41,3
44,41,3
45,41,3
46,41,3
47,41,3
48,41,3
49,41,3
50,41,3
51,41,3
52,41,3
53,41,3
54,41,3
55,41,3
56,41,3
57,41,3
58,41,3
59,41,3
60,41,3
61,41,3
62,41,3
63,41,3
64,41,3
65,41,3
66,41,3
67,41,3
68,41,3
69,41,3
70,41,3
71,41,3
72,41,3
73,41,3
74,41,3
75,41,3
76,41,3
77,41,3
78,41,3
79,41,3
80,41,3
81,41,3
82,41,3
83,41,3
84,41,3
85,41,3
86,41,3
87,41,3
88,41,3
89,41,3
90,41,3
91,41,3
92,41,3
93,41,3
94,41,3
95,41,3
96,41,3
97,41,3
98,41,3
99,41,3
100,41,3
101,41,3
102,41,3
103,41,3
104,41,3
105,41,3
106,41,3
107,41,3
108,41,3
109,41,3
110,41,3
111,41,3
112,41,3
113,41,3
114,41,3
115,41,3
116,41,3
117,41,3
118,41,3
119,41,4
120,41,4
121,41,4
122,41,4
123,41,4
124,41,4
125,41,4
126,41,4
127,41,4
128,41,4
129,41,4
130,41,4
131,41,4
132,41,4
133,41,4
134,41,4
135,41,4
136,41,4
137,41,4
138,41,4
139,41,4
140,41,4
141,41,4
142,41,4
143,41,4
144,41,4
145,41,4
146,41,4
147,41,4
148,41,4
149,41,4
150,41,4
151,41,4
152,41,4
153,41,4
154,41,5
155,41,5
156,41,5
157,41,5
158,41,5
159,41,5
160,41,5
161,41,5
162,41,5
163,41,5
164,41,5
165,41,5
166,41,5
167,41,5
168,41,5
169,41,6
170,41,6
171,41,6
172,41,6
173,41,7
174,41,8
175,41,10
176,41,14
177,41,19
178,41,35
179,41,12
180,41,10
181,41,10
182,41,10
183,41,12
184,41,13
185,41,11
186,41,11
187,41,12
188,41,15
189,41,65
190,41,15
191,41,12
192,41,10
193,41,9
194,41,9
195,41,9
196,41,9
197,41,9
198,41,9
199,41,9
200,41,9
201,41,9
202,41,9
203,41,9
204,41,10
205,41,26
206,41,30
207,41,13
208,41,12
209,41,12
210,41,28
211,41,33
212,41,11
213,41,11
214,41,11
215,41,11
216,41,11
217,41,11
218,41,12
219,41,12
220,41,12
221,41,13
222,41,13
223,41,13
224,41,14
225,41,15
226,41,16
227,41,17
228,41,19
229,41,23
230,41,128
231,41,128
232,41,128
233,41,128
234,41,128
235,41,128
236,41,128
237,41,128
238,41,128
239,41,128
240,41,128
241,41,128
242,41,128
243,41,128
244,41,128
245,41,128
246,41,128
247,41,128
248,41,128
249,41,128
250,41,128
251,41,52
252,41,18
253,41,16
254,41,15
255,41,14
0,42,1
1,42,1
2,42,1
3,42,1
4,42,1
5,42,1
6,42,1
7,42,1
8,42,1
9,42,1
10,42,1
11,42,1
12,42,1
13,42,1
14,42,1
15,42,2
16,42,2
17,42,2
18,42,2
19,42,2
20,42,2
21,42,2
22,42,2
23,42,2
24,42,2
25,42,2
26,42,3
27,42,3
28,42,3
29,42,3
30,42,3
31,42,3
32,42,3
33,42,3
34,42,3
35,42,3
36,42,3
37,42,3
38,42,3
39,42,3
40,42,3
41,42,3
42,42,3
43,42,3
44,42,3
45,42,3
46,42,3
47,42,3
48,42,3
49,42,3
50,42,3
51,42,3
52,42,3
53,42,3
54,42,3
55,42,3
56,42,3
57,42,3
58,42,3
59,42,3
60,42,3
61,42,3
62,42,3
63,42,3
64,42,3
65,42,3
66,42,3
67,42,3
68,42,3
69,42,3
70,42,3
71,42,3
72,42,3
73,42,3
74,42,3
75,42,3
76,42,3
77,42,3
78,42,3
79,42,3
80,42,3
81,42,3
82,42,3
83,42,3
84,42,3
85,42,3
86,42,3
87,42,3
88,42,3
89,42,3
90,42,3
91,42,3
92,42,3
93,42,3
94,42,3
95,42,3
96,42,3
97,42,3
98,42,3
99,42,3
100,42,3
101,42,3
102,42,3
103,42,3
104,42,3
105,42,3
106,42,3
107,42,3
108,42,3
109,42,3
110,42,3
111,42,3
112,42,3
113,42,3
114,42,3
115,42,3
116,42,3
117,42,3
118,42,4
119,42,4
120,42,4
121,42,4
122,42,4
123,42,4
124,42,4
125,42,4
126,42,4
127,42,4
128,42,4
129,42,4
130,42,4
131,42,4
132,42,4
133,42,4
134,42,4
135,42,4
136,42,4
137,42,4
138,42,4
139,42,4
140,42,4
141,42,4
142,42,4
143,42,4
144,42,4
145,42,4
146,42,4
147,42,4
148,42,4
149,42,4
150,42,4
151,42,4
152,42,5
153,42,5
154,42,5
155,42,5
156,42,5
157,42,5
158,42,5
159,42,5
160,42,5
161,42,5
162,42,5
163,42,5
164,42,5
165,42,5
166,42,5
167,42,5
168,42,6
169,42,6
170,42,6
171,42,6
172,42,6
173,42,7
174,42,8
175,42,9
176,42,12
177,42,19
178,42,30
179,42,31
180,42,14
181,42,11
182,42,12
183,42,14
184,42,33
185,42,13
186,42,13
187,42,15
188,42,30
189,42,32
190,42,27
191,42,11
192,42,10
193,42,10
194,42,9
195,42,9
196,42,9
197,42,9
198,42,9
199,42,9
200,42,9
201,42,9
202,42,9
203,42,10
204,42,11
205,42,16
206,42,48
207,42,19
208,42,22
209,42,18
210,42,38
211,42,15
212,42,12
213,42,12
214,42,12
215,42,12
216,42,13
217,42,16
218,42,14
219,42,15
220,42,14
221,42,13
222,42,14
223,42,14
224,42,15
225,42,15
226,42,16
227,42,17
228,42,19
229,42,20
230,42,26
231,42,67
232,42,128
233,42,128
234,42,128
235,42,128
236,42,128
237,42,128
238,42,128
239,42,128
240,42,128
241,42,128
242,42,128
243,42,128
244,42,128
245,42,128
246,42,128
247,42,128
248,42,128
249,42,58
250,42,24
251,42,19
252,42,17
253,42,16
254,42,15
255,42,15
0,43,1
1,43,1
2,43,1
3,43,1
4,43,1
5,43,1
6,43,1
7,43,1
8,43,1
9,43,1
10,43,1
11,43,1
12,43,1
13,43,1
14,43,1
15,43,2
16,43,2
17,43,2
18,43,2
19,43,2
20,43,2
21,43,2
22,43,2
23,43,2
24,43,2
25,43,2
26,43,3
27,43,3
28,43,3
29,43,3
30,43,3
31,43,3
32,43,3
33,43,3
34,43,3
35,43,3
36,43,3
37,43,3
38,43,3
39,43,3
40,43,3
41,43,3
42,43,3
43,43,3
44,43,3
45,43,3
46,43,3
47,43,3
48,43,3
49,43,3
50,43,3
51,43,3
52,43,3
53,43,3
54,43,3
55,43,3
56,43,3
57,43,3
58,43,3
59,43,3
60,43,3
61,43,3
62,43,3
63,43,3
64,43,3
65,43,3
66,43,3
67,43,3
68,43,3
69,43,3
70,43,3
71,43,3
72,43,3
73,43,3
74,43,3
75,43,3
76,43,3
77,43,3
78,43,3
79,43,3
80,43,3
81,43,3
82,43,3
83,43,3
84,43,3
85,43,3
86,43,3
87,43,3
88,43,3
89,43,3
90,43,3
91,43,3
92,43,3
93,43,3
94,43,3
95,43,3
96,43,3
97,43,3
98,43,3
99,43,3
100,43,3
101,43,3
102,43,3
103,43,3
104,43,3
105,43,3
106,43,3
107,43,3
108,43,3
109,43,3
110,43,3
111,43,3
112,43,3
113,43,3
114,43,3
115,43,3
116,43,4
117,43,4
118,43,4
119,43,4
120,43,4
121,43,4
122,43,4
123,43,4
124,43,4
125,43,4
126,43,4
127,43,4
128,43,4
129,43,4
130,43,4
131,43,4
132,43,4
133,43,4
134,43,4
135,43,4
136,43,4
137,43,4
138,43,4
139,43,4
140,43,4
141,43,4
142,43,4
143,43,4
144,43,4
145,43,4
146,43,4
147,43,4
148,43,4
149,43,5
150,43,5
151,43,5
152,43,5
153,43,5
154,43,5
155,43,5
156,43,5
157,43,5
158,43,5
159,43,5
160,43,5
161,43,5
162,43,5
163,43,5
164,43,5
165,43,5
166,43,5
167,43,6
168,43,6
169,43,6
170,43,6
171,43,6
172,43,7
173,43,7
174,43,8
175,43,8
176,43,17
177,43,12
178,43,15
179,43,22
180,43,23
181,43,17
182,43,14
183,43,16
184,43,29
185,43,15
186,43,17
187,43,42
188,43,30
189,43,30
190,43,13
191,43,11
192,43,11
193,43,10
194,43,10
195,43,9
196,43,9
197,43,9
198,43,9
199,43,9
200,43,9
201,43,9
202,43,10
203,43,10
204,43,11
205,43,13
206,43,19
207,43,27
208,43,58
209,43,46
210,43,23
211,43,32
212,43,15
213,43,13
214,43,13
215,43,13
216,43,15
217,43,33
218,43,30
219,43,23
220,43,15
221,43,15
222,43,20
223,43,17
224,43,17
225,43,17
226,43,17
227,43,18
228,43,19
229,43,21
230,43,22
231,43,25
232,43,128
233,43,128
234,43,128
235,43,128
236,43,128
237,43,128
238,43,128
239,43,128
240,43,128
241,43,128
242,43,128
243,43,128
244,43,128
245,43,128
246,43,128
247,43,62
248,43,36
249,43,24
250,43,22
251,43,20
252,43,18
253,43,18
254,43,17
255,43,16
0,44,1
1,44,1
2,44,1
3,44,1
4,44,1
5,44,1
6,44,1
7,44,1
8,44,1
9,44,1
10,44,1
11,44,1
12,44,1
13,44,1
14,44,1
15,44,2
16,44,2
17,44,2
18,44,2
19,44,2
20,44,2
21,44,2
22,44,2
23,44,2
24,44,2
25,44,3
26,44,3
27,44,3
28,44,3
29,44,3
30,44,3
31,44,3
32,44,3
33,44,3
34,44,3
35,44,3
36,44,3
37,44,3
38,44,3
39,44,3
40,44,3
41,44,3
42,44,3
43,44,3
44,44,3
45,44,3
46,44,3
47,44,3
48,44,3
49,44,3
50,44,3
51,44,3
52,44,3
53,44,3
54,44,3
55,44,3
56,44,3
57,44,3
58,44,3
59,44,3
60,44,3
61,44,3
62,44,3
63,44,3
64,44,3
65,44,3
66,44,3
67,44,3
68,44,3
69,44,3
70,44,3
71,44,3
72,44,3
73,44,3
74,44,3
75,44,3
76,44,3
77,44,3
78,44,3
79,44,3
80,44,3
81,44,3
82,44,3
83,44,3
84,44,3
85,44,3
86,44,3
87,44,3
88,44,3
89,44,3
90,44,3
91,44,3
92,44,3
93,44,3
94,44,3
95,44,3
96,44,3
97,44,3
98,44,3
99,44,3
100,44,3
101,44,3
102,44,3
103,44,3
104,44,3
105,44,3
106,44,3
107,44,3
108,44,3
109,44,3
110,44,3
111,44,3
112,44,3
113,44,3
114,44,3
115,44,4
116,44,4
117,44,4
118,44,4
119,44,4
120,44,4
121,44,4
122,44,4
123,44,4
124,44,4
125,44,4
126,44,4
127,44,4
128,44,4
129,44,4
130,44,4
131,44,4
132,44,4
133,44,4
134,44,4
135,44,4
136,44,4
137,44,4
138,44,4
139,44,4
140,44,4
141,44,4
142,44,4
143,44,4
144,44,4
145,44,4
146,44,4
147,44,5
148,44,5
149,44,5
150,44,5
151,44,5
152,44,5
153,44,5
154,44,5
155,44,5
156,44,5
157,44,5
158,44,5
159,44,5
160,44,5
161,44,5
162,44,5
163,44,5
164,44,5
165,44,5
166,44,6
167,44,6
168,44,6
169,44,6
170,44,6
171,44,6
172,44,7
173,44,7
174,44,8
175,44,8
176,44,9
177,44,10
178,44,11
179,44,18
180,44,18
181,44,51
182,44,22
183,44,18
184,44,41
185,44,19
186,44,30
187,44,37
188,44,18
189,44,15
190,44,13
191,44,12
192,44,11
193,44,11
194,44,10
195,44,10
196,44,10
197,44,9
198,44,9
199,44,9
200,44,10
201,44,10
202,44,10
203,44,11
204,44,12
205,44,15
206,44,20
207,44,30
208,44,58
209,44,39
210,44,34
211,44,85
212,44,17
213,44,14
214,44,14
215,44,16
216,44,20
217,44,67
218,44,67
219,44,34
220,44,18
221,44,18
222,44,94
223,44,128
224,44,25
225,44,20
226,44,76
227,44,23
228,44,128
229,44,23
230,44,25
231,44,26
232,44,28
233,44,32
234,44,38
235,44,128
236,44,128
237,44,128
238,44,128
239,44,128
240,44,128
241,44,128
242,44,128
243,44,128
244,44,128
245,44,128
246,44,37
247,44,32
248,44,28
249,44,26
250,44,26
251,44,23
252,44,26
253,44,21
254,44,52
255,44,20
0,45,1
1,45,1
2,45,1
3,45,1
4,45,1
5,45,1
6,45,1
7,45,1
8,45,1
9,45,1
10,45,1
11,45,1
12,45,1
13,45,1
14,45,2
15,45,2
16,45,2
17,45,2
18,45,2
19,45,2
20,45,2
21,45,2
22,45,2
23,45,2
24,45,2
25,45,3
26,45,3
27,45,3
28,45,3
29,45,3
30,45,3
31,45,3
32,45,3
33,45,3
34,45,3
35,45,3
36,45,3
37,45,3
38,45,3
39,45,3
40,45,3
41,45,3
42,45,3
43,45,3
44,45,3
45,45,3
46,45,3
47,45,3
48,45,3
49,45,3
50,45,3
51,45,3
52,45,3
53,45,3
54,45,3
55,45,3
56,45,3
57,45,3
58,45,3
59,45,3
60,45,3
61,45,3
62,45,3
63,45,3
64,45,3
65,45,3
66,45,3
67,45,3
68,45,3
69,45,3
70,45,3
71,45,3
72,45,3
73,45,3
74,45,3
75,45,3
76,45,3
77,45,3
78,45,3
79,45,3
80,45,3
81,45,3
82,45,3
83,45,3
84,45,3
85,45,3
86,45,3
87,45,3
88,45,3
89,45,3
90,45,3
91,45,3
92,45,3
93,45,3
94,45,3
95,45,3
96,45,3
97,45,3
98,45,3
99,45,3
100,45,3
101,45,3
102,45,3
103,45,3
104,45,3
105,45,3
106,45,3
107,45,3
108,45,3
109,45,3
110,45,3
111,45,3
112,45,3
113,45,3
114,45,4
115,45,4
116,45,4
117,45,4
118,45,4
119,45,4
120,45,4
121,45,4
122,45,4
123,45,4
124,45,4
125,45,4
126,45,4
127,45,4
128,45,4
129,45,4
130,45,4
131,45,4
132,45,4
133,45,4
134,45,4
135,45,4
136,45,4
137,45,4
138,45,4
139,45,4
140,45,4
141,45,4
142,45,4
143,45,4
144,45,4
145,45,5
146,45,5
147,45,5
148,45,5
149,45,5
150,45,5
151,45,5
152,45,5
153,45,5
154,45,5
155,45,5
156,45,5
157,45,5
158,45,5
159,45,5
160,45,5
161,45,5
162,45,5
163,45,5
164,45,5
165,45,6
166,45,6
167,45,6
168,45,6
169,45,6
170,45,6
171,45,7
172,45,7
173,45,7
174,45,7
175,45,8
176,45,9
177,45,10
178,45,10
179,45,12
180,45,14
181,45,17
182,45,32
183,45,31
184,45,51
185,45,77
186,45,25
187,45,20
188,45,16
189,45,15
190,45,14
191,45,13
192,45,12
193,45,12
194,45,12
195,45,11
196,45,10
197,45,10
198,45,10
199,45,10
200,45,10
201,45,10
202,45,11
203,45,12
204,45,22
205,45,35
206,45,57
207,45,46
208,45,36
209,45,128
210,45,30
211,45,22
212,45,18
213,45,15
214,45,16
215,45,21
216,45,109
217,45,35
218,45,128
219,45,32
220,45,21
221,45,70
222,45,41
223,45,128
224,45,29
225,45,36
226,45,128
227,45,33
228,45,121
229,45,42
230,45,76
231,45,128
232,45,128
233,45,128
234,45,128
235,45,128
236,45,128
237,45,128
238,45,128
239,45,128
240,45,128
241,45,128
242,45,128
243,45,128
244,45,128
245,45,128
246,45,128
247,45,72
248,45,128
249,45,128
250,45,45
251,45,44
252,45,128
253,45,53
254,45,128
255,45,42
0,46,1
1,46,1
2,46,1
3,46,1
4,46,1
5,46,1
6,46,1
7,46,1
8,46,1
9,46,1
10,46,1
11,46,1
12,46,1
13,46,1
14,46,2
15,46,2
16,46,2
17,46,2
18,46,2
19,46,2
20,46,2
21,46,2
22,46,2
23,46,2
24,46,3
25,46,3
26,46,3
27,46,3
28,46,3
29,46,3
30,46,3
31,46,3
32,46,3
33,46,3
34,46,3
35,46,3
36,46,3
37,46,3
38,46,3
39,46,3
40,46,3
41,46,3
42,46,3
43,46,3
44,46,3
45,46,3
46,46,3
47,46,3
48,46,3
49,46,3
50,46,3
51,46,3
52,46,3
53,46,3
54,46,3
55,46,3
56,46,3
57,46,3
58,46,3
59,46,3
60,46,3
61,46,3
62,46,3
63,46,3
64,46,3
65,46,3
66,46,3
67,46,3
68,46,3
69,46,3
70,46,3
71,46,3
72,46,3
73,46,3
74,46,3
75,46,3
76,46,3
77,46,3
78,46,3
79,46,3
80,46,3
81,46,3
82,46,3
83,46,3
84,46,3
85,46,3
86,46,3
87,46,3
88,46,3
89,46,3
90,46,3
91,46,3
92,46,3
93,46,3
94,46,3
95,46,3
96,46,3
97,46,3
98,46,3
99,46,3
100,46,3
101,46,3
102,46,3
103,46,3
104,46,3
105,46,3
106,46,3
107,46,3
108,46,3
109,46,3
110,46,3
111,46,3
112,46,3
113,46,4
114,46,4
115,46,4
116,46,4
117,46,4
118,46,4
119,46,4
120,46,4
121,46,4
122,46,4
123,46,4
124,46,4
125,46,4
126,46,4
127,46,4
128,46,4
129,46,4
130,46,4
131,46,4
132,46,4
133,46,4
134,46,4
135,46,4
136,46,4
137,46,4
138,46,4
139,46,4
140,46,4
141,46,4
142,46,5
143,46,5
144,46,5
145,46,5
146,46,5
147,46,5
148,46,5
149,46,5
150,46,5
151,46,5
152,46,5
153,46,5
154,46,5
155,46,5
156,46,5
157,46,5
158,46,5
159,46,5
160,46,5
161,46,5
162,46,5
163,46,5
164,46,6
165,46,6
166,46,6
167,46,6
168,46,6
169,46,6
170,46,6
171,46,7
172,46,7
173,46,7
174,46,7
175,46,8
176,46,9
177,46,9
178,46,11
179,46,12
180,46,14
181,46,16
182,46,19
183,46,24
184,46,35
185,46,26
186,46,21
187,46,19
188,46,17
189,46,16
190,46,14
191,46,14
192,46,16
193,46,14
194,46,18
195,46,23
196,46,12
197,46,11
198,46,11
199,46,11
200,46,11
201,46,11
202,46,11
203,46,12
204,46,15
205,46,21
206,46,22
207,46,24
208,46,67
209,46,128
210,46,50
211,46,33
212,46,78
213,46,33
214,46,17
215,46,19
216,46,23
217,46,60
218,46,128
219,46,128
220,46,35
221,46,30
222,46,62
223,46,128
224,46,128
225,46,80
226,46,128
227,46,128
228,46,128
229,46,128
230,46,128
231,46,128
232,46,128
233,46,128
234,46,128
235,46,128
236,46,128
237,46,128
238,46,128
239,46,128
240,46,128
241,46,128
242,46,128
243,46,128
244,46,128
245,46,128
246,46,128
247,46,128
248,46,128
249,46,128
250,46,128
251,46,128
252,46,128
253,46,128
254,46,128
255,46,49
0,47,1
1,47,1
2,47,1
3,47,1
4,47,1
5,47,1
6,47,1
7,47,1
8,47,1
9,47,1
10,47,1
11,47,1
12,47,1
13,47,1
14,47,2
15,47,2
16,47,2
17,47,2
18,47,2
19,47,2
20,47,2
21,47,2
22,47,2
23,47,3
24,47,3
25,47,3
26,47,3
27,47,3
28,47,3
29,47,3
30,47,3
31,47,3
32,47,3
33,47,3
34,47,3
35,47,3
36,47,3
37,47,3
38,47,3
39,47,3
40,47,3
41,47,3
42,47,3
43,47,3
44,47,3
45,47,3
46,47,3
47,47,3
48,47,3
49,47,3
50,47,3
51,47,3
52,47,3
53,47,3
54,47,3
55,47,3
56,47,3
57,47,3
58,47,3
59,47,3
60,47,3
61,47,3
62,47,3
63,47,3
64,47,3
65,47,3
66,47,3
67,47,3
68,47,3
69,47,3
70,47,3
71,47,3
72,47,3
73,47,3
74,47,3
75,47,3
76,47,3
77,47,3
78,47,3
79,47,3
80,47,3
81,47,3
82,47,3
83,47,3
84,47,3
85,47,3
86,47,3
87,47,3
88,47,3
89,47,3
90,47,3
91,47,3
92,47,3
93,47,3
94,47,3
95,47,3
96,47,3
97,47,3
98,47,3
99,47,3
100,47,3
101,47,3
102,47,3
103,47,3
104,47,3
105,47,3
106,47,3
107,47,3
108,47,3
109,47,3
110,47,3
111,47,4
112,47,4
113,47,4
114,47,4
115,47,4
116,47,4
117,47,4
118,47,4
119,47,4
120,47,4
121,47,4
122,47,4
123,47,4
124,47,4
125,47,4
126,47,4
127,47,4
128,47,4
129,47,4
130,47,4
131,47,4
132,47,4
133,47,4
134,47,4
135,47,4
136,47,4
137,47,4
138,47,4
139,47,4
140,47,5
141,47,5
142,47,5
143,47,5
144,47,5
145,47,5
146,47,5
147,47,5
148,47,5
149,47,5
150,47,5
151,47,5
152,47,5
153,47,5
154,47,5
155,47,5
156,47,5
157,47,5
158,47,5
159,47,5
160,47,5
161,47,5
162,47,5
163,47,6
164,47,6
165,47,6
166,47,6
167,47,6
168,47,6
169,47,6
170,47,6
171,47,7
172,47,7
173,47,7
174,47,7
175,47,8
176,47,9
177,47,10
178,47,12
179,47,13
180,47,16
181,47,21
182,47,32
183,47,30
184,47,25
185,47,41
186,47,34
187,47,21
188,47,42
189,47,52
190,47,16
191,47,16
192,47,19
193,47,25
194,47,40
195,47,21
196,47,14
197,47,12
198,47,11
199,47,11
200,47,11
201,47,12
202,47,12
203,47,13
204,47,14
205,47,16
206,47,19
207,47,28
208,47,39
209,47,128
210,47,128
211,47,86
212,47,128
213,47,25
214,47,21
215,47,109
216,47,26
217,47,61
218,47,128
219,47,128
220,47,128
221,47,128
222,47,128
223,47,128
224,47,128
225,47,128
226,47,128
227,47,128
228,47,128
229,47,128
230,47,128
231,47,128
232,47,128
233,47,128
234,47,128
235,47,128
236,47,128
237,47,128
238,47,128
239,47,128
240,47,128
241,47,128
242,47,128
243,47,128
244,47,128
245,47,128
246,47,128
247,47,128
248,47,128
249,47,128
250,47,128
251,47,128
252,47,128
253,47,128
254,47,128
255,47,128
0,48,1
1,48,1
2,48,1
3,48,1
4,48,1
5,48,1
6,48,1
7,48,1
8,48,1
9,48,1
10,48,1
11,48,1
12,48,1
13,48,2
14,48,2
15,48,2
16,48,2
17,48,2
18,48,2
19,48,2
20,48,2
21,48,2
22,48,2
23,48,3
24,48,3
25,48,3
26,48,3
27,48,3
28,48,3
29,48,3
30,48,3
31,48,3
32,48,3
33,48,3
34,48,3
35,48,3
36,48,3
37,48,3
38,48,3
39,48,3
40,48,3
41,48,3
42,48,3
43,48,3
44,48,3
45,48,3
46,48,3
47,48,3
48,48,3
49,48,3
50,48,3
51,48,3
52,48,3
53,48,3
54,48,3
55,48,3
56,48,3
57,48,3
58,48,3
59,48,3
60,48,3
61,48,3
62,48,3
63,48,3
64,48,3
65,48,3
66,48,3
67,48,3
68,48,3
69,48,3
70,48,3
71,48,3
72,48,3
73,48,3
74,48,3
75,48,3
76,48,3
77,48,3
78,48,3
79,48,3
80,48,3
81,48,3
82,48,3
83,48,3
84,48,3
85,48,3
86,48,3
87,48,3
88,48,3
89,48,3
90,48,3
91,48,3
92,48,3
93,48,3
94,48,3
95,48,3
96,48,3
97,48,3
98,48,3
99,48,3
100,48,3
101,48,3
102,48,3
103,48,3
104,48,3
105,48,3
106,48,3
107,48,3
108,48,3
109,48,3
110,48,4
111,48,4
112,48,4
113,48,4
114,48,4
115,48,4
116,48,4
117,48,4
118,48,4
119,48,4
120,48,4
121,48,4
122,48,4
123,48,4
124,48,4
125,48,4
126,48,4
127,48,4
128,48,4
129,48,4
130,48,4
131,48,4
132,48,4
133,48,4
134,48,4
135,48,4
136,48,4
137,48,5
138,48,5
139,48,5
140,48,5
141,48,5
142,48,5
143,48,5
144,48,5
145,48,5
146,48,5
147,48,5
148,48,5
149,48,5
150,48,5
151,48,5
152,48,5
153,48,5
154,48,5
155,48,5
156,48,5
157,48,5
158,48,5
159,48,5
160,48,5
161,48,5
162,48,6
163,48,6
164,48,6
165,48,6
166,48,6
167,48,6
168,48,6
169,48,6
170,48,7
171,48,7
172,48,7
173,48,7
174,48,7
175,48,8
176,48,9
177,48,12
178,48,18
179,48,15
180,48,25
181,48,24
182,48,25
183,48,20
184,48,22
185,48,57
186,48,38
187,48,27
188,48,29
189,48,115
190,48,77
191,48,18
192,48,20
193,48,81
194,48,120
195,48,56
196,48,22
197,48,18
198,48,13
199,48,12
200,48,12
201,48,12
202,48,12
203,48,13
204,48,14
205,48,16
206,48,110
207,48,128
208,48,128
209,48,128
210,48,128
211,48,128
212,48,128
213,48,27
214,48,32
215,48,128
216,48,128
217,48,128
218,48,128
219,48,128
220,48,128
221,48,128
222,48,128
223,48,128
224,48,128
225,48,128
226,48,128
227,48,128
228,48,128
229,48,128
230,48,128
231,48,128
232,48,128
233,48,128
234,48,128
235,48,128
236,48,128
237,48,128
238,48,128
239,48,128
240,48,128
241,48,128
242,48,128
243,48,128
244,48,128
245,48,128
246,48,128
247,48,128
248,48,128
249,48,128
250,48,128
251,48,128
252,48,128
253,48,128
254,48,128
255,48,128
0,49,1
1,49,1
2,49,1
3,49,1
4,49,1
5,49,1
6,49,1
7,49,1
8,49,1
9,49,1
10,49,1
11,49,1
12,49,1
13,49,2
14,49,2
15,49,2
16,49,2
17,49,2
18,49,2
19,49,2
20,49,2
21,49,2
22,49,3
23,49,3
24,49,3
25,49,3
26,49,3
27,49,3
28,49,3
29,49,3
30,49,3
31,49,3
32,49,3
33,49,3
34,49,3
35,49,3
36,49,3
37,49,3
38,49,3
39,49,3
40,49,3
41,49,3
42,49,3
43,49,3
44,49,3
45,49,3
46,49,3
47,49,3
48,49,3
49,49,3
50,49,3
51,49,3
52,49,3
53,49,3
54,49,3
55,49,3
56,49,3
57,49,3
58,49,3
59,49,3
60,49,3
61,49,3
62,49,3
63,49,3
64,49,3
65,49,3
66,49,3
67,49,3
68,49,3
69,49,3
70,49,3
71,49,3
72,49,3
73,49,3
74,49,3
75,49,3
76,49,3
77,49,3
78,49,3
79,49,3
80,49,3
81,49,3
82,49,3
83,49,3
84,49,3
85,49,3
86,49,3
87,49,3
88,49,3
89,49,3
90,49,3
91,49,3
92,49,3
93,49,3
94,49,3
95,49,3
96,49,3
97,49,3
98,49,3
99,49,3
100,49,3
101,49,3
102,49,3
103,49,3
104,49,3
105,49,3
106,49,3
107,49,3
108,49,3
109,49,4
110,49,4
111,49,4
112,49,4
113,49,4
114,49,4
115,49,4
116,49,4
117,49,4
118,49,4
119,49,4
120,49,4
121,49,4
122,49,4
123,49,4
124,49,4
125,49,4
126,49,4
127,49,4
128,49,4
129,49,4
130,49,4
131,49,4
132,49,4
133,49,4
134,49,4
135,49,5
136,49,5
137,49,5
138,49,5
139,49,5
140,49,5
141,49,5
142,49,5
143,49,5
144,49,5
145,49,5
146,49,5
147,49,5
148,49,5
149,49,5
150,49,5
151,49,5
152,49,5
153,49,5
154,49,5
155,49,5
156,49,5
157,49,5
158,49,5
159,49,5
160,49,5
161,49,6
162,49,6
163,49,6
164,49,6
165,49,6
166,49,6
167,49,6
168,49,6
169,49,6
170,49,7
171,49,7
172,49,7
173,49,7
174,49,7
175,49,8
176,49,10
177,49,13
178,49,33
179,49,35
180,49,32
181,49,30
182,49,17
183,49,18
184,49,20
185,49,27
186,49,43
187,49,100
188,49,43
189,49,34
190,49,24
191,49,32
192,49,23
193,49,26
194,49,128
195,49,28
196,49,21
197,49,16
198,49,14
199,49,13
200,49,13
201,49,13
202,49,14
203,49,14
204,49,15
205,49,17
206,49,22
207,49,128
208,49,128
209,49,128
210,49,128
211,49,128
212,49,128
213,49,35
214,49,128
215,49,128
216,49,128
217,49,128
218,49,128
219,49,128
220,49,128
221,49,128
222,49,128
223,49,128
224,49,128
225,49,128
226,49,128
227,49,128
228,49,128
229,49,128
230,49,128
231,49,128
232,49,128
233,49,128
234,49,128
235,49,128
236,49,128
237,49,128
238,49,128
239,49,128
240,49,128
241,49,128
242,49,128
243,49,128
244,49,128
245,49,128
246,49,128
247,49,128
248,49,128
249,49,128
250,49,128
251,49,128
252,49,128
253,49,128
254,49,128
255,49,128
0,50,1
1,50,1
2,50,1
3,50,1
4,50,1
5,50,1
6,50,1
7,50,1
8,50,1
9,50,1
10,50,1
11,50,1
12,50,1
13,50,2
14,50,2
15,50,2
16,50,2
17,50,2
18,50,2
19,50,2
20,50,2
21,50,2
22,50,3
23,50,3
24,50,3
25,50,3
26,50,3
27,50,3
28,50,3
29,50,3
30,50,3
31,50,3
32,50,3
33,50,3
34,50,3
35,50,3
36,50,3
37,50,3
38,50,3
39,50,3
40,50,3
41,50,3
42,50,3
43,50,3
44,50,3
45,50,3
46,50,3
47,50,3
48,50,3
49,50,3
50,50,3
51,50,3
52,50,3
53,50,3
54,50,3
55,50,3
56,50,3
57,50,3
58,50,3
59,50,3
60,50,3
61,50,3
62,50,3
63,50,3
64,50,3
65,50,3
66,50,3
67,50,3
68,50,3
69,50,3
70,50,3
71,50,3
72,50,3
73,50,3
74,50,3
75,50,3
76,50,3
77,50,3
78,50,3
79,50,3
80,50,3
81,50,3
82,50,3
83,50,3
84,50,3
85,50,3
86,50,3
87,50,3
88,50,3
89,50,3
90,50,3
91,50,3
92,50,3
93,50,3
94,50,3
95,50,3
96,50,3
97,50,3
98,50,3
99,50,3
100,50,3
101,50,3
102,50,3
103,50,3
104,50,3
105,50,3
106,50,3
107,50,3
108,50,4
109,50,4
110,50,4
111,50,4
112,50,4
113,50,4
114,50,4
115,50,4
116,50,4
117,50,4
118,50,4
119,50,4
120,50,4
121,50,4
122,50,4
123,50,4
124,50,4
125,50,4
126,50,4
127,50,4
128,50,4
129,50,4
130,50,4
131,50,4
132,50,5
133,50,5
134,50,5
135,50,5
136,50,5
137,50,5
138,50,5
139,50,5
140,50,5
141,50,5
142,50,5
143,50,5
144,50,5
145,50,5
146,50,5
147,50,5
148,50,5
149,50,5
150,50,5
151,50,5
152,50,5
153,50,5
154,50,5
155,50,5
156,50,5
157,50,5
158,50,5
159,50,5
160,50,6
161,50,6
162,50,6
163,50,6
164,50,6
165,50,6
166,50,6
167,50,6
168,50,6
169,50,6
170,50,7
171,50,7
172,50,7
173,50,7
174,50,7
175,50,8
176,50,12
177,50,15
178,50,48
179,50,16
180,50,36
181,50,15
182,50,15
183,50,16
184,50,28
185,50,27
186,50,43
187,50,128
188,50,128
189,50,128
190,50,32
191,50,83
192,50,39
193,50,50
194,50,107
195,50,66
196,50,20
197,50,17
198,50,14
199,50,14
200,50,14
201,50,15
202,50,55
203,50,24
204,50,19
205,50,19
206,50,20
207,50,28
208,50,102
209,50,128
210,50,128
211,50,128
212,50,128
213,50,128
214,50,128
215,50,128
216,50,128
217,50,128
218,50,128
219,50,128
220,50,128
221,50,128
222,50,128
223,50,128
224,50,128
225,50,128
226,50,128
227,50,128
228,50,128
229,50,128
230,50,128
231,50,128
232,50,128
233,50,128
234,50,128
235,50,128
236,50,128
237,50,128
238,50,128
239,50,128
240,50,128
241,50,128
242,50,128
243,50,128
244,50,128
245,50,128
246,50,128
247,50,128
248,50,128
249,50,128
250,50,128
251,50,128
252,50,128
253,50,128
254,50,128
255,50,128
0,51,1
1,51,1
2,51,1
3,51,1
4,51,1
5,51,1
6,51,1
7,51,1
8,51,1
9,51,1
10,51,1
11,51,1
12,51,2
13,51,2
14,51,2
15,51,2
16,51,2
17,51,2
18,51,2
19,51,2
20,51,2
21,51,3
22,51,3
23,51,3
24,51,3
25,51,3
26,51,3
27,51,3
28,51,3
29,51,3
30,51,3
31,51,3
32,51,3
33,51,3
34,51,3
35,51,3
36,51,3
37,51,3
38,51,3
39,51,3
40,51,3
41,51,3
42,51,3
43,51,3
44,51,3
45,51,3
46,51,3
47,51,3
48,51,3
49,51,3
50,51,3
51,51,3
52,51,3
53,51,3
54,51,3
55,51,3
56,51,3
57,51,3
58,51,3
59,51,3
60,51,3
61,51,3
62,51,3
63,51,3
64,51,3
65,51,3
66,51,3
67,51,3
68,51,3
69,51,3
70,51,3
71,51,3
72,51,3
73,51,3
74,51,3
75,51,3
76,51,3
77,51,3
78,51,3
79,51,3
80,51,3
81,51,3
82,51,3
83,51,3
84,51,3
85,51,3
86,51,3
87,51,3
88,51,3
89,51,3
90,51,3
91,51,3
92,51,3
93,51,3
94,51,3
95,51,3
96,51,3
97,51,3
98,51,3
99,51,3
100,51,3
101,51,3
102,51,3
103,51,3
104,51,3
105,51,3
106,51,4
107,51,4
108,51,4
109,51,4
110,51,4
111,51,4
112,51,4
113,51,4
114,51,4
115,51,4
116,51,4
117,51,4
118,51,4
119,51,4
120,51,4
121,51,4
122,51,4
123,51,4
124,51,4
125,51,4
126,51,4
127,51,4
128,51,4
129,51,4
130,51,5
131,51,5
132,51,5
133,51,5
134,51,5
135,51,5
136,51,5
137,51,5
138,51,5
139,51,5
140,51,5
141,51,5
142,51,5
143,51,5
144,51,5
145,51,5
146,51,5
147,51,5
148,51,5
149,51,5
150,51,5
151,51,5
152,51,5
153,51,5
154,51,5
155,51,5
156,51,5
157,51,5
158,51,5
159,51,6
160,51,6
161,51,6
162,51,6
163,51,6
164,51,6
165,51,6
166,51,6
167,51,6
168,51,6
169,51,6
170,51,7
171,51,7
172,51,7
173,51,7
174,51,8
175,51,8
176,51,9
177,51,10
178,51,13
179,51,12
180,51,12
181,51,13
182,51,14
183,51,16
184,51,24
185,51,95
186,51,121
187,51,128
188,51,128
189,51,128
190,51,128
191,51,128
192,51,128
193,51,84
194,51,128
195,51,34
196,51,52
197,51,31
198,51,16
199,51,15
200,51,15
201,51,18
202,51,101
203,51,128
204,51,128
205,51,23
206,51,128
207,51,29
208,51,35
209,51,54
210,51,128
211,51,128
212,51,128
213,51,128
214,51,128
215,51,128
216,51,128
217,51,128
218,51,128
219,51,128
220,51,128
221,51,128
222,51,128
223,51,128
224,51,128
225,51,128
226,51,128
227,51,128
228,51,128
229,51,128
230,51,128
231,51,128
232,51,128
233,51,128
234,51,128
235,51,128
236,51,128
237,51,128
238,51,128
239,51,128
240,51,128
241,51,128
242,51,128
243,51,128
244,51,128
245,51,128
246,51,128
247,51,128
248,51,128
249,51,128
250,51,128
251,51,128
252,51,128
253,51,128
254,51,128
255,51,128
0,52,1
1,52,1
2,52,1
3,52,1
4,52,1
5,52,1
6,52,1
7,52,1
8,52,1
9,52,1
10,52,1
11,52,1
12,52,2
13,52,2
14,52,2
15,52,2
16,52,2
17,52,2
18,52,2
19,52,2
20,52,3
21,52,3
22,52,3
23,52,3
24,52,3
25,52,3
26,52,3
27,52,3
28,52,3
29,52,3
30,52,3
31,52,3
32,52,3
33,52,3
34,52,3
35,52,3
36,52,3
37,52,3
38,52,3
39,52,3
40,52,3
41,52,3
42,52,3
43,52,3
44,52,3
45,52,3
46,52,3
47,52,3
48,52,3
49,52,3
50,52,3
51,52,3
52,52,3
53,52,3
54,52,3
55,52,3
56,52,3
57,52,3
58,52,3
59,52,3
60,52,3
61,52,3
62,52,3
63,52,3
64,52,3
65,52,3
66,52,3
67,52,3
68,52,3
69,52,3
70,52,3
71,52,3
72,52,3
73,52,3
74,52,3
75,52,3
76,52,3
77,52,3
78,52,3
79,52,3
80,52,3
81,52,3
82,52,3
83,52,3
84,52,3
85,52,3
86,52,3
87,52,3
88,52,3
89,52,3
90,52,3
91,52,3
92,52,3
93,52,3
94,52,3
95,52,3
96,52,3
97,52,3
98,52,3
99,52,3
100,52,3
101,52,3
102,52,3
103,52,3
104,52,3
105,52,4
106,52,4
107,52,4
108,52,4
109,52,4
110,52,4
111,52,4
112,52,4
113,52,4
114,52,4
115,52,4
116,52,4
117,52,4
118,52,4
119,52,4
120,52,4
121,52,4
122,52,4
123,52,4
124,52,4
125,52,4
126,52,4
127,52,5
128,52,5
129,52,5
130,52,5
131,52,5
132,52,5
133,52,5
134,52,5
135,52,5
136,52,5
137,52,5
138,52,5
139,52,5
140,52,5
141,52,5
142,52,5
143,52,5
144,52,5
145,52,5
146,52,5
147,52,5
148,52,5
149,52,5
150,52,5
151,52,5
152,52,5
153,52,5
154,52,5
155,52,5
156,52,5
157,52,5
158,52,6
159,52,6
160,52,6
161,52,6
162,52,6
163,52,6
164,52,6
165,52,6
166,52,6
167,52,6
168,52,6
169,52,7
170,52,7
171,52,7
172,52,7
173,52,7
174,52,8
175,52,8
176,52,9
177,52,10
178,52,10
179,52,11
180,52,12
181,52,13
182,52,14
183,52,15
184,52,20
185,52,27
186,52,104
187,52,128
188,52,128
189,52,128
190,52,128
191,52,128
192,52,128
193,52,128
194,52,128
195,52,128
196,52,40
197,52,33
198,52,19
199,52,16
200,52,17
201,52,20
202,52,128
203,52,128
204,52,72
205,52,34
206,52,128
207,52,128
208,52,128
209,52,128
210,52,128
211,52,128
212,52,128
213,52,128
214,52,128
215,52,128
216,52,128
217,52,128
218,52,128
219,52,128
220,52,128
221,52,128
222,52,128
223,52,128
224,52,128
225,52,128
226,52,128
227,52,128
228,52,128
229,52,128
230,52,128
231,52,128
232,52,128
233,52,128
234,52,128
235,52,128
236,52,128
237,52,128
238,52,128
239,52,128
240,52,128
241,52,128
242,52,128
243,52,128
244,52,128
245,52,128
246,52,128
247,52,128
248,52,128
249,52,128
250,52,128
251,52,128
252,52,128
253,52,128
254,52,128
255,52,128
0,53,1
1,53,1
2,53,1
3,53,1
4,53,1
5,53,1
6,53,1
7,53,1
8,53,1
9,53,1
10,53,1
11,53,1
12,53,2
13,53,2
14,53,2
15,53,2
16,53,2
17,53,2
18,53,2
19,53,2
20,53,3
21,53,3
22,53,3
23,53,3
24,53,3
25,53,3
26,53,3
27,53,3
28,53,3
29,53,3
30,53,3
31,53,3
32,53,3
33,53,3
34,53,3
35,53,3
36,53,3
37,53,3
38,53,3
39,53,3
40,53,3
41,53,3
42,53,3
43,53,3
44,53,3
45,53,3
46,53,3
47,53,3
48,53,3
49,53,3
50,53,3
51,53,3
52,53,3
53,53,3
54,53,3
55,53,3
56,53,3
57,53,3
58,53,3
59,53,3
60,53,3
61,53,3
62,53,3
63,53,3
64,53,3
65,53,3
66,53,3
67,53,3
68,53,3
69,53,3
70,53,3
71,53,3
72,53,3
73,53,3
74,53,3
75,53,3
76,53,3
77,53,3
78,53,3
79,53,3
80,53,3
81,53,3
82,53,3
83,53,3
84,53,3
85,53,3
86,53,3
87,53,3
88,53,3
89,53,3
90,53,3
91,53,3
92,53,3
93,53,3
94,53,3
95,53,3
96,53,3
97,53,3
98,53,3
99,53,3
100,53,3
101,53,3
102,53,3
103,53,4
104,53,4
105,53,4
106,53,4
107,53,4
108,53,4
109,53,4
110,53,4
111,53,4
112,53,4
113,53,4
114,53,4
115,53,4
116,53,4
117,53,4
118,53,4
119,53,4
120,53,4
121,53,4
122,53,4
123,53,4
124,53,4
125,53,5
126,53,5
127,53,5
128,53,5
129,53,5
130,53,5
131,53,5
132,53,5
133,53,5
134,53,5
135,53,5
136,53,5
137,53,5
138,53,5
139,53,5
140,53,5
141,53,5
142,53,5
143,53,5
144,53,5
145,53,5
146,53,5
147,53,5
148,53,5
149,53,5
150,53,5
151,53,5
152,53,5
153,53,5
154,53,5
155,53,5
156,53,5
157,53,6
158,53,6
159,53,6
160,53,6
161,53,6
162,53,6
163,53,6
164,53,6
165,53,6
166,53,6
167,53,6
168,53,6
169,53,7
170,53,7
171,53,7
172,53,7
173,53,7
174,53,8
175,53,8
176,53,9
177,53,9
178,53,10
179,53,11
180,53,11
181,53,13
182,53,15
183,53,16
184,53,18
185,53,22
186,53,30
187,53,68
188,53,128
189,53,128
190,53,128
191,53,128
192,53,128
193,53,128
194,53,128
195,53,128
196,53,128
197,53,28
198,53,19
199,53,18
200,53,19
201,53,21
202,53,26
203,53,128
204,53,128
205,53,54
206,53,128
207,53,128
208,53,128
209,53,128
210,53,128
211,53,128
212,53,128
213,53,128
214,53,128
215,53,128
216,53,128
217,53,128
218,53,128
219,53,128
220,53,128
221,53,128
222,53,128
223,53,128
224,53,128
225,53,128
226,53,128
227,53,128
228,53,128
229,53,128
230,53,128
231,53,128
232,53,128
233,53,128
234,53,128
235,53,128
236,53,128
237,53,128
238,53,128
239,53,128
240,53,128
241,53,128
242,53,128
243,53,128
244,53,128
245,53,128
246,53,128
247,53,128
248,53,128
249,53,128
250,53,128
251,53,128
252,53,128
253,53,128
254,53,128
255,53,128
0,54,1
1,54,1
2,54,1
3,54,1
4,54,1
5,54,1
6,54,1
7,54,1
8,54,1
9,54,1
10,54,1
11,54,2
12,54,2
13,54,2
14,54,2
15,54,2
16,54,2
17,54,2
18,54,2
19,54,3
20,54,3
21,54,3
22,54,3
23,54,3
24,54,3
25,54,3
26,54,3
27,54,3
28,54,3
29,54,3
30,54,3
31,54,3
32,54,3
33,54,3
34,54,3
35,54,3
36,54,3
37,54,3
38,54,3
39,54,3
40,54,3
41,54,3
42,54,3
43,54,3
44,54,3
45,54,3
46,54,3
47,54,3
48,54,3
49,54,3
50,54,3
51,54,3
52,54,3
53,54,3
54,54,3
55,54,3
56,54,3
57,54,3
58,54,3
59,54,3
60,54,3
61,54,3
62,54,3
63,54,3
64,54,3
65,54,3
66,54,3
67,54,3
68,54,3
69,54,3
70,54,3
71,54,3
72,54,3
73,54,3
74,54,3
75,54,3
76,54,3
77,54,3
78,54,3
79,54,3
80,54,3
81,54,3
82,54,3
83,54,3
84,54,3
85,54,3
86,54,3
87,54,3
88,54,3
89,54,3
90,54,3
91,54,3
92,54,3
93,54,3
94,54,3
95,54,3
96,54,3
97,54,3
98,54,3
99,54,3
100,54,3
101,54,3
102,54,4
103,54,4
104,54,4
105,54,4
106,54,4
107,54,4
108,54,4
109,54,4
110,54,4
111,54,4
112,54,4
113,54,4
114,54,4
115,54,4
116,54,4
117,54,4
118,54,4
119,54,4
120,54,4
121,54,4
122,54,5
123,54,5
124,54,5
125,54,5
126,54,5
127,54,5
128,54,5
129,54,5
130,54,5
131,54,5
132,54,5
133,54,5
134,54,5
135,54,5
136,54,5
137,54,5
138,54,5
139,54,5
140,54,5
141,54,5
142,54,5
143,54,5
144,54,5
145,54,5
146,54,5
147,54,5
148,54,5
149,54,5
150,54,5
151,54,5
152,54,5
153,54,5
154,54,5
155,54,5
156,54,6
157,54,6
158,54,6
159,54,6
160,54,6
161,54,6
162,54,6
163,54,6
164,54,6
165,54,6
166,54,6
167,54,6
168,54,6
169,54,7
170,54,7
171,54,7
172,54,7
173,54,8
174,54,8
175,54,8
176,54,9
177,54,9
178,54,9
179,54,10
180,54,11
181,54,13
182,54,29
183,54,41
184,54,20
185,54,29
186,54,80
187,54,128
188,54,128
189,54,128
190,54,128
191,54,128
192,54,128
193,54,128
194,54,128
195,54,128
196,54,128
197,54,128
198,54,22
199,54,21
200,54,105
201,54,65
202,54,35
203,54,53
204,54,128
205,54,128
206,54,128
207,54,128
208,54,128
209,54,128
210,54,128
211,54,128
212,54,128
213,54,128
214,54,128
215,54,128
216,54,128
217,54,128
218,54,128
219,54,128
220,54,128
221,54,128
222,54,128
223,54,128
224,54,128
225,54,128
226,54,128
227,54,128
228,54,128
229,54,128
230,54,128
231,54,128
232,54,128
233,54,128
234,54,128
235,54,128
236,54,128
237,54,128
238,54,128
239,54,128
240,54,128
241,54,128
242,54,128
243,54,128
244,54,128
245,54,128
246,54,128
247,54,128
248,54,128
249,54,128
250,54,128
251,54,128
252,54,128
253,54,128
254,54,128
255,54,128
0,55,1
1,55,1
2,55,1
3,55,1
4,55,1
5,55,1
6,55,1
7,55,1
8,55,1
9,55,1
10,55,1
11,55,2
12,55,2
13,55,2
14,55,2
15,55,2
16,55,2
17,55,2
18,55,2
19,55,3
20,55,3
21,55,3
22,55,3
23,55,3
24,55,3
25,55,3
26,55,3
27,55,3
28,55,3
29,55,3
30,55,3
31,55,3
32,55,3
33,55,3
34,55,3
35,55,3
36,55,3
37,55,3
38,55,3
39,55,3
40,55,3
41,55,3
42,55,3
43,55,3
44,55,3
45,55,3
46,55,3
47,55,3
48,55,3
49,55,3
50,55,3
51,55,3
52,55,3
53,55,3
54,55,3
55,55,3
56,55,3
57,55,3
58,55,3
59,55,3
60,55,3
61,55,3
62,55,3
63,55,3
64,55,3
65,55,3
66,55,3
67,55,3
68,55,3
69,55,3
70,55,3
71,55,3
72,55,3
73,55,3
74,55,3
75,55,3
76,55,3
77,55,3
78,55,3
79,55,3
80,55,3
81,55,3
82,55,3
83,55,3
84,55,3
85,55,3
86,55,3
87,55,3
88,55,3
89,55,3
90,55,3
91,55,3
92,55,3
93,55,3
94,55,3
95,55,3
96,55,3
97,55,3
98,55,3
99,55,3
100,55,3
101,55,4
102,55,4
103,55,4
104,55,4
105,55,4
106,55,4
107,55,4
108,55,4
109,55,4
110,55,4
111,55,4
112,55,4
113,55,4
114,55,4
115,55,4
116,55,4
117,55,4
118,55,4
119,55,4
120,55,5
121,55,5
122,55,5
123,55,5
124,55,5
125,55,5
126,55,5
127,55,5
128,55,5
129,55,5
130,55,5
131,55,5
132,55,5
133,55,5
134,55,5
135,55,5
136,55,5
137,55,5
138,55,5
139,55,5
140,55,5
141,55,5
142,55,5
143,55,5
144,55,5
145,55,5
146,55,5
147,55,5
148,55,5
149,55,5
150,55,5
151,55,5
152,55,5
153,55,5
154,55,5
155,55,6
156,55,6
157,55,6
158,55,6
159,55,6
160,55,6
161,55,6
162,55,6
163,55,6
164,55,6
165,55,6
166,55,6
167,55,6
168,55,7
169,55,7
170,55,7
171,55,7
172,55,7
173,55,8
174,55,8
175,55,8
176,55,9
177,55,9
178,55,9
179,55,10
180,55,11
181,55,13
182,55,18
183,55,40
184,55,26
185,55,28
186,55,65
187,55,128
188,55,128
189,55,128
190,55,128
191,55,128
192,55,128
193,55,128
194,55,128
195,55,128
196,55,128
197,55,81
198,55,24
199,55,27
200,55,33
201,55,128
202,55,128
203,55,128
204,55,128
205,55,128
206,55,128
207,55,128
208,55,128
209,55,128
210,55,128
211,55,128
212,55,128
213,55,128
214,55,128
215,55,128
216,55,128
217,55,128
218,55,128
219,55,128
220,55,128
221,55,128
222,55,128
223,55,128
224,55,128
225,55,128
226,55,128
227,55,128
228,55,128
229,55,128
230,55,128
231,55,128
232,55,128
233,55,128
234,55,128
235,55,128
236,55,128
237,55,128
238,55,128
239,55,128
240,55,128
241,55,128
242,55,128
243,55,128
244,55,128
245,55,128
246,55,128
247,55,128
248,55,128
249,55,128
250,55,128
251,55,128
252,55,128
253,55,128
254,55,128
255,55,128
0,56,1
1,56,1
2,56,1
3,56,1
4,56,1
5,56,1
6,56,1
7,56,1
8,56,1
9,56,1
10,56,1
11,56,2
12,56,2
13,56,2
14,56,2
15,56,2
16,56,2
17,56,2
18,56,3
19,56,3
20,56,3
21,56,3
22,56,3
23,56,3
24,56,3
25,56,3
26,56,3
27,56,3
28,56,3
29,56,3
30,56,3
31,56,3
32,56,3
33,56,3
34,56,3
35,56,3
36,56,3
37,56,3
38,56,3
39,56,3
40,56,3
41,56,3
42,56,3
43,56,3
44,56,3
45,56,3
46,56,3
47,56,3
48,56,3
49,56,3
50,56,3
51,56,3
52,56,3
53,56,3
54,56,3
55,56,3
56,56,3
57,56,3
58,56,3
59,56,3
60,56,3
61,56,3
62,56,3
63,56,3
64,56,3
65,56,3
66,56,3
67,56,3
68,56,3
69,56,3
70,56,3
71,56,3
72,56,3
73,56,3
74,56,3
75,56,3
76,56,3
77,56,3
78,56,3
79,56,3
80,56,3
81,56,3
82,56,3
83,56,3
84,56,3
85,56,3
86,56,3
87,56,3
88,56,3
89,56,3
90,56,3
91,56,3
92,56,3
93,56,3
94,56,3
95,56,3
96,56,3
97,56,3
98,56,3
99,56,4
100,56,4
101,56,4
102,56,4
103,56,4
104,56,4
105,56,4
106,56,4
107,56,4
108,56,4
109,56,4
110,56,4
111,56,4
112,56,4
113,56,4
114,56,4
115,56,4
116,56,4
117,56,5
118,56,5
119,56,5
120,56,5
121,56,5
122,56,5
123,56,5
124,56,5
125,56,5
126,56,5
127,56,5
128,56,5
129,56,5
130,56,5
131,56,5
132,56,5
133,56,5
134,56,5
135,56,5
136,56,5
137,56,5
138,56,5
139,56,5
140,56,5
141,56,5
142,56,5
143,56,5
144,56,5
145,56,5
146,56,5
147,56,5
148,56,5
149,56,5
150,56,5
151,56,5
152,56,5
153,56,5
154,56,6
155,56,6
156,56,6
157,56,6
158,56,6
159,56,6
160,56,6
161,56,6
162,56,6
163,56,6
164,56,6
165,56,6
166,56,6
167,56,6
168,56,7
169,56,7
170,56,7
171,56,7
172,56,8
173,56,8
174,56,8
175,56,8
176,56,9
177,56,9
178,56,9
179,56,10
180,56,11
181,56,14
182,56,24
183,56,66
184,56,32
185,56,59
186,56,128
187,56,128
188,56,128
189,56,128
190,56,128
191,56,128
192,56,128
193,56,128
194,56,128
195,56,128
196,56,128
197,56,128
198,56,29
199,56,41
200,56,128
201,56,128
202,56,128
203,56,128
204,56,128
205,56,128
206,56,128
207,56,128
208,56,128
209,56,128
210,56,128
211,56,128
212,56,128
213,56,128
214,56,128
215,56,128
216,56,128
217,56,128
218,56,128
219,56,128
220,56,128
221,56,128
222,56,128
223,56,128
224,56,128
225,56,128
226,56,128
227,56,128
228,56,128
229,56,128
230,56,128
231,56,128
232,56,128
233,56,128
234,56,128
235,56,128
236,56,128
237,56,128
238,56,128
239,56,128
240,56,128
241,56,128
242,56,128
243,56,128
244,56,128
245,56,128
246,56,128
247,56,128
248,56,128
249,56,128
250,56,128
251,56,128
252,56,128
253,56,128
254,56,128
255,56,128
0,57,1
1,57,1
2,57,1
3,57,1
4,57,1
5,57,1
6,57,1
7,57,1
8,57,1
9,57,1
10,57,1
11,57,2
12,57,2
13,57,2
14,57,2
15,57,2
16,57,2
17,57,2
18,57,3
19,57,3
20,57,3
21,57,3
22,57,3
23,57,3
24,57,3
25,57,3
26,57,3
27,57,3
28,57,3
29,57,3
30,57,3
31,57,3
32,57,3
33,57,3
34,57,3
35,57,3
36,57,3
37,57,3
38,57,3
39,57,3
40,57,3
41,57,3
42,57,3
43,57,3
44,57,3
45,57,3
46,57,3
47,57,3
48,57,3
49,57,3
50,57,3
51,57,3
52,57,3
53,57,3
54,57,3
55,57,3
56,57,3
57,57,3
58,57,3
59,57,3
60,57,3
61,57,3
62,57,3
63,57,3
64,57,3
65,57,3
66,57,3
67,57,3
68,57,3
69,57,3
70,57,3
71,57,3
72,57,3
73,57,3
74,57,3
75,57,3
76,57,3
77,57,3
78,57,3
79,57,3
80,57,3
81,57,3
82,57,3
83,57,3
84,57,3
85,57,3
86,57,3
87,57,3
88,57,3
89,57,3
90,57,3
91,57,3
92,57,3
93,57,3
94,57,3
95,57,3
96,57,3
97,57,3
98,57,4
99,57,4
100,57,4
101,57,4
102,57,4
103,57,4
104,57,4
105,57,4
106,57,4
107,57,4
108,57,4
109,57,4
110,57,4
111,57,4
112,57,4
113,57,4
114,57,4
115,57,5
116,57,5
117,57,5
118,57,5
119,57,5
120,57,5
121,57,5
122,57,5
123,57,5
124,57,5
125,57,5
126,57,5
127,57,5
128,57,5
129,57,5
130,57,5
131,57,5
132,57,5
133,57,5
134,57,5
135,57,5
136,57,5
137,57,5
138,57,5
139,57,5
140,57,5
141,57,5
142,57,5
143,57,5
144,57,5
145,57,5
146,57,5
147,57,5
148,57,5
149,57,5
150,57,5
151,57,5
152,57,5
153,57,6
154,57,6
155,57,6
156,57,6
157,57,6
158,57,6
159,57,6
160,57,6
161,57,6
162,57,6
163,57,6
164,57,6
165,57,6
166,57,6
167,57,7
168,57,7
169,57,7
170,57,7
171,57,8
172,57,8
173,57,8
174,57,8
175,57,8
176,57,9
177,57,9
178,57,9
179,57,10
180,57,11
181,57,45
182,57,21
183,57,30
184,57,36
185,57,65
186,57,128
187,57,128
188,57,128
189,57,128
190,57,128
191,57,128
192,57,128
193,57,128
194,57,128
195,57,128
196,57,128
197,57,38
198,57,128
199,57,128
200,57,128
201,57,128
202,57,128
203,57,128
204,57,128
205,57,128
206,57,128
207,57,128
208,57,128
209,57,128
210,57,128
211,57,128
212,57,128
213,57,128
214,57,128
215,57,128
216,57,128
217,57,128
218,57,128
219,57,128
220,57,128
221,57,128
222,57,128
223,57,128
224,57,128
225,57,128
226,57,128
227,57,128
228,57,128
229,57,128
230,57,128
231,57,128
232,57,128
233,57,128
234,57,128
235,57,128
236,57,128
237,57,128
238,57,128
239,57,128
240,57,128
241,57,128
242,57,128
243,57,128
244,57,128
245,57,128
246,57,128
247,57,128
248,57,128
249,57,128
250,57,128
251,57,128
252,57,128
253,57,128
254,57,128
255,57,128
0,58,1
1,58,1
2,58,1
3,58,1
4,58,1
5,58,1
6,58,1
7,58,1
8,58,1
9,58,1
10,58,2
11,58,2
12,58,2
13,58,2
14,58,2
15,58,2
16,58,2
17,58,3
18,58,3
19,58,3
20,58,3
21,58,3
22,58,3
23,58,3
24,58,3
25,58,3
26,58,3
27,58,3
28,58,3
29,58,3
30,58,3
31,58,3
32,58,3
33,58,3
34,58,3
35,58,3
36,58,3
37,58,3
38,58,3
39,58,3
40,58,3
41,58,3
42,58,3
43,58,3
44,58,3
45,58,3
46,58,3
47,58,3
48,58,3
49,58,3
50,58,3
51,58,3
52,58,3
53,58,3
54,58,3
55,58,3
56,58,3
57,58,3
58,58,3
59,58,3
60,58,3
61,58,3
62,58,3
63,58,3
64,58,3
65,58,3
66,58,3
67,58,3
68,58,3
69,58,3
70,58,3
71,58,3
72,58,3
73,58,3
74,58,3
75,58,3
76,58,3
77,58,3
78,58,3
79,58,3
80,58,3
81,58,3
82,58,3
83,58,3
84,58,3
85,58,3
86,58,3
87,58,3
88,58,3
89,58,3
90,58,3
91,58,3
92,58,3
93,58,3
94,58,3
95,58,3
96,58,4
97,58,4
98,58,4
99,58,4
100,58,4
101,58,4
102,58,4
103,58,4
104,58,4
105,58,4
106,58,4
107,58,4
108,58,4
109,58,4
110,58,4
111,58,4
112,58,5
113,58,5
114,58,5
115,58,5
116,58,5
117,58,5
118,58,5
119,58,5
120,58,5
121,58,5
122,58,5
123,58,5
124,58,5
125,58,5
126,58,5
127,58,5
128,58,5
129,58,5
130,58,5
131,58,5
132,58,5
133,58,5
134,58,5
135,58,5
136,58,5
137,58,5
138,58,5
139,58,5
140,58,5
141,58,5
142,58,5
143,58,5
144,58,5
145,58,5
146,58,5
147,58,5
148,58,5
149,58,5
150,58,5
151,58,5
152,58,6
153,58,6
154,58,6
155,58,6
156,58,6
157,58,6
158,58,6
159,58,6
160,58,6
161,58,6
162,58,6
163,58,6
164,58,6
165,58,6
166,58,6
167,58,7
168,58,7
169,58,7
170,58,7
171,58,8
172,58,8
173,58,8
174,58,8
175,58,9
176,58,9
177,58,9
178,58,9
179,58,10
180,58,11
181,58,13
182,58,18
183,58,70
184,58,20
185,58,24
186,58,101
187,58,128
188,58,128
189,58,128
190,58,128
191,58,128
192,58,128
193,58,128
194,58,128
195,58,128
196,58,128
197,58,128
198,58,128
199,58,128
200,58,128
201,58,128
202,58,128
203,58,128
204,58,128
205,58,128
206,58,128
207,58,128
208,58,128
209,58,128
210,58,128
211,58,128
212,58,128
213,58,128
214,58,128
215,58,128
216,58,128
217,58,128
218,58,128
219,58,128
220,58,128
221,58,128
222,58,128
223,58,128
224,58,128
225,58,128
226,58,128
227,58,128
228,58,128
229,58,128
230,58,128
231,58,128
232,58,128
233,58,128
234,58,128
235,58,128
236,58,128
237,58,128
238,58,128
239,58,128
240,58,128
241,58,128
242,58,128
243,58,128
244,58,128
245,58,128
246,58,128
247,58,128
248,58,128
249,58,128
250,58,128
251,58,128
252,58,128
253,58,128
254,58,128
255,58,128
0,59,1
1,59,1
2,59,1
3,59,1
4,59,1
5,59,1
6,59,1
7,59,1
8,59,1
9,59,1
10,59,2
11,59,2
12,59,2
13,59,2
14,59,2
15,59,2
16,59,2
17,59,3
18,59,3
19,59,3
20,59,3
21,59,3
22,59,3
23,59,3
24,59,3
25,59,3
26,59,3
27,59,3
28,59,3
29,59,3
30,59,3
31,59,3
32,59,3
33,59,3
34,59,3
35,59,3
36,59,3
37,59,3
38,59,3
39,59,3
40,59,3
41,59,3
42,59,3
43,59,3
44,59,3
45,59,3
46,59,3
47,59,3
48,59,3
49,59,3
50,59,3
51,59,3
52,59,3
53,59,3
54,59,3
55,59,3
56,59,3
57,59,3
58,59,3
59,59,3
60,59,3
61,59,3
62,59,3
63,59,3
64,59,3
65,59,3
66,59,3
67,59,3
68,59,3
69,59,3
70,59,3
71,59,3
72,59,3
73,59,3
74,59,3
75,59,3
76,59,3
77,59,3
78,59,3
79,59,3
80,59,3
81,59,3
82,59,3
83,59,3
84,59,3
85,59,3
86,59,3
87,59,3
88,59,3
89,59,3
90,59,3
91,59,3
92,59,3
93,59,3
94,59,4
95,59,4
96,59,4
97,59,4
98,59,4
99,59,4
100,59,4
101,59,4
102,59,4
103,59,4
104,59,4
105,59,4
106,59,4
107,59,4
108,59,4
109,59,4
110,59,5
111,59,5
112,59,5
113,59,5
114,59,5
115,59,5
116,59,5
117,59,5
118,59,5
119,59,5
120,59,5
121,59,5
122,59,5
123,59,5
124,59,5
125,59,5
126,59,5
127,59,5
128,59,5
129,59,5
130,59,5
131,59,5
132,59,5
133,59,5
134,59,5
135,59,5
136,59,5
137,59,5
138,59,5
139,59,5
140,59,5
141,59,5
142,59,5
143,59,5
144,59,5
145,59,5
146,59,5
147,59,5
148,59,5
149,59,5
150,59,5
151,59,6
152,59,6
153,59,6
154,59,6
155,59,6
156,59,6
157,59,6
158,59,6
159,59,6
160,59,6
161,59,6
162,59,6
163,59,6
164,59,6
165,59,6
166,59,7
167,59,7
168,59,7
169,59,7
170,59,8
171,59,8
172,59,8
173,59,8
174,59,8
175,59,9
176,59,9
177,59,9
178,59,10
179,59,10
180,59,11
181,59,12
182,59,14
183,59,16
184,59,17
185,59,92
186,59,38
187,59,128
188,59,128
189,59,128
190,59,128
191,59,128
192,59,128
193,59,128
194,59,128
195,59,128
196,59,128
197,59,128
198,59,128
199,59,128
200,59,128
201,59,128
202,59,128
203,59,128
204,59,128
205,59,128
206,59,128
207,59,128
208,59,128
209,59,128
210,59,128
211,59,128
212,59,128
213,59,128
214,59,128
215,59,128
216,59,128
217,59,128
218,59,128
219,59,128
220,59,128
221,59,128
222,59,128
223,59,128
224,59,128
225,59,128
226,59,128
227,59,128
228,59,128
229,59,128
230,59,128
231,59,128
232,59,128
233,59,128
234,59,128
235,59,128
236,59,128
237,59,128
238,59,128
239,59,128
240,59,128
241,59,128
242,59,128
243,59,128
244,59,128
245,59,128
246,59,128
247,59,128
248,59,128
249,59,128
250,59,128
251,59,128
252,59,128
253,59,128
254,59,128
255,59,128
0,60,1
1,60,1
2,60,1
3,60,1
4,60,1
5,60,1
6,60,1
7,60,1
8,60,1
9,60,1
10,60,2
11,60,2
12,60,2
13,60,2
14,60,2
15,60,2
16,60,3
17,60,3
18,60,3
19,60,3
20,60,3
21,60,3
22,60,3
23,60,3
24,60,3
25,60,3
26,60,3
27,60,3
28,60,3
29,60,3
30,60,3
31,60,3
32,60,3
33,60,3
34,60,3
35,60,3
36,60,3
37,60,3
38,60,3
39,60,3
40,60,3
41,60,3
42,60,3
43,60,3
44,60,3
45,60,3
46,60,3
47,60,3
48,60,3
49,60,3
50,60,3
51,60,3
52,60,3
53,60,3
54,60,3
55,60,3
56,60,3
57,60,3
58,60,3
59,60,3
60,60,3
61,60,3
62,60,3
63,60,3
64,60,3
65,60,3
66,60,3
67,60,3
68,60,3
69,60,3
70,60,3
71,60,3
72,60,3
73,60,3
74,60,3
75,60,3
76,60,3
77,60,3
78,60,3
79,60,3
80,60,3
81,60,3
82,60,3
83,60,3
84,60,3
85,60,3
86,60,3
87,60,3
88,60,3
89,60,3
90,60,3
91,60,3
92,60,3
93,60,4
94,60,4
95,60,4
96,60,4
97,60,4
98,60,4
99,60,4
100,60,4
101,60,4
102,60,4
103,60,4
104,60,4
105,60,4
106,60,4
107,60,4
108,60,5
109,60,5
110,60,5
111,60,5
112,60,5
113,60,5
114,60,5
115,60,5
116,60,5
117,60,5
118,60,5
119,60,5
120,60,5
121,60,5
122,60,5
123,60,5
124,60,5
125,60,5
126,60,5
127,60,5
128,60,5
129,60,5
130,60,5
131,60,5
132,60,5
133,60,5
134,60,5
135,60,5
136,60,5
137,60,5
138,60,5
139,60,5
140,60,5
141,60,5
142,60,5
143,60,5
144,60,5
145,60,5
146,60,5
147,60,5
148,60,5
149,60,5
150,60,6
151,60,6
152,60,6
153,60,6
154,60,6
155,60,6
156,60,6
157,60,6
158,60,6
159,60,6
160,60,6
161,60,6
162,60,6
163,60,6
164,60,6
165,60,6
166,60,7
167,60,7
168,60,7
169,60,8
170,60,8
171,60,8
172,60,8
173,60,8
174,60,9
175,60,9
176,60,9
177,60,10
178,60,10
179,60,11
180,60,11
181,60,12
182,60,13
183,60,14
184,60,15
185,60,32
186,60,33
187,60,34
188,60,128
189,60,128
190,60,128
191,60,128
192,60,128
193,60,128
194,60,128
195,60,128
196,60,128
197,60,128
198,60,128
199,60,128
200,60,128
201,60,128
202,60,128
203,60,128
204,60,128
205,60,128
206,60,128
207,60,128
208,60,128
209,60,128
210,60,128
211,60,128
212,60,128
213,60,128
214,60,128
215,60,128
216,60,128
217,60,128
218,60,128
219,60,128
220,60,128
221,60,128
222,60,128
223,60,128
224,60,128
225,60,128
226,60,128
227,60,128
228,60,128
229,60,128
230,60,128
231,60,128
232,60,128
233,60,128
234,60,128
235,60,128
236,60,128
237,60,128
238,60,128
239,60,128
240,60,128
241,60,128
242,60,128
243,60,128
244,60,128
245,60,128
246,60,128
247,60,128
248,60,128
249,60,128
250,60,128
251,60,128
252,60,128
253,60,128
254,60,128
255,60,128
0,61,1
1,61,1
2,61,1
3,61,1
4,61,1
5,61,1
6,61,1
7,61,1
8,61,1
9,61,2
10,61,2
11,61,2
12,61,2
13,61,2
14,61,2
15,61,2
16,61,3
17,61,3
18,61,3
19,61,3
20,61,3
21,61,3
22,61,3
23,61,3
24,61,3
25,61,3
26,61,3
27,61,3
28,61,3
29,61,3
30,61,3
31,61,3
32,61,3
33,61,3
34,61,3
35,61,3
36,61,3
37,61,3
38,61,3
39,61,3
40,61,3
41,61,3
42,61,3
43,61,3
44,61,3
45,61,3
46,61,3
47,61,3
48,61,3
49,61,3
50,61,3
51,61,3
52,61,3
53,61,3
54,61,3
55,61,3
56,61,3
57,61,3
58,61,3
59,61,3
60,61,3
61,61,3
62,61,3
63,61,3
64,61,3
65,61,3
66,61,3
67,61,3
68,61,3
69,61,3
70,61,3
71,61,3
72,61,3
73,61,3
74,61,3
75,61,3
76,61,3
77,61,3
78,61,3
79,61,3
80,61,3
81,61,3
82,61,3
83,61,3
84,61,3
85,61,3
86,61,3
87,61,3
88,61,3
89,61,3
90,61,3
91,61,4
92,61,4
93,61,4
94,61,4
95,61,4
96,61,4
97,61,4
98,61,4
99,61,4
100,61,4
101,61,4
102,61,4
103,61,4
104,61,4
105,61,5
106,61,5
107,61,5
108,61,5
109,61,5
110,61,5
111,61,5
112,61,5
113,61,5
114,61,5
115,61,5
116,61,5
117,61,5
118,61,5
119,61,5
120,61,5
121,61,5
122,61,5
123,61,5
124,61,5
125,61,5
126,61,5
127,61,5
128,61,5
129,61,5
130,61,5
131,61,5
132,61,5
133,61,5
134,61,5
135,61,5
136,61,5
137,61,5
138,61,5
139,61,5
140,61,5
141,61,5
142,61,5
143,61,5
144,61,5
145,61,5
146,61,5
147,61,5
148,61,5
149,61,6
150,61,6
151,61,6
152,61,6
153,61,6
154,61,6
155,61,6
156,61,6
157,61,6
158,61,6
159,61,6
160,61,6
161,61,6
162,61,6
163,61,6
164,61,6
165,61,7
166,61,7
167,61,7
168,61,8
169,61,8
170,61,8
171,61,8
172,61,8
173,61,9
174,61,9
175,61,9
176,61,10
177,61,10
178,61,10
179,61,11
180,61,11
181,61,12
182,61,13
183,61,14
184,61,14
185,61,17
186,61,20
187,61,23
188,61,32
189,61,66
190,61,113
191,61,128
192,61,128
193,61,128
194,61,128
195,61,128
196,61,128
197,61,128
198,61,128
199,61,128
200,61,128
201,61,128
202,61,128
203,61,128
204,61,128
205,61,128
206,61,128
207,61,128
208,61,128
209,61,128
210,61,128
211,61,128
212,61,128
213,61,128
214,61,128
215,61,128
216,61,128
217,61,128
218,61,128
219,61,128
220,61,128
221,61,128
222,61,128
223,61,128
224,61,128
225,61,128
226,61,128
227,61,128
228,61,128
229,61,128
230,61,128
231,61,128
232,61,128
233,61,128
234,61,128
235,61,128
236,61,128
237,61,128
238,61,128
239,61,128
240,61,128
241,61,128
242,61,128
243,61,128
244,61,128
245,61,128
246,61,128
247,61,128
248,61,128
249,61,128
250,61,128
251,61,128
252,61,128
253,61,128
254,61,128
255,61,128
0,62,1
1,62,1
2,62,1
3,62,1
4,62,1
5,62,1
6,62,1
7,62,1
8,62,1
9,62,2
10,62,2
11,62,2
12,62,2
13,62,2
14,62,2
15,62,3
16,62,3
17,62,3
18,62,3
19,62,3
20,62,3
21,62,3
22,62,3
23,62,3
24,62,3
25,62,3
26,62,3
27,62,3
28,62,3
29,62,3
30,62,3
31,62,3
32,62,3
33,62,3
34,62,3
35,62,3
36,62,3
37,62,3
38,62,3
39,62,3
40,62,3
41,62,3
42,62,3
43,62,3
44,62,3
45,62,3
46,62,3
47,62,3
48,62,3
49,62,3
50,62,3
51,62,3
52,62,3
53,62,3
54,62,3
55,62,3
56,62,3
57,62,3
58,62,3
59,62,3
60,62,3
61,62,3
62,62,3
63,62,3
64,62,3
65,62,3
66,62,3
67,62,3
68,62,3
69,62,3
70,62,3
71,62,3
72,62,3
73,62,3
74,62,3
75,62,3
76,62,3
77,62,3
78,62,3
79,62,3
80,62,3
81,62,3
82,62,3
83,62,3
84,62,3
85,62,3
86,62,3
87,62,3
88,62,3
89,62,4
90,62,4
91,62,4
92,62,4
93,62,4
94,62,4
95,62,4
96,62,4
97,62,4
98,62,4
99,62,4
100,62,4
101,62,4
102,62,4
103,62,5
104,62,5
105,62,5
106,62,5
107,62,5
108,62,5
109,62,5
110,62,5
111,62,5
112,62,5
113,62,5
114,62,5
115,62,5
116,62,5
117,62,5
118,62,5
119,62,5
120,62,5
121,62,5
122,62,5
123,62,5
124,62,5
125,62,5
126,62,5
127,62,5
128,62,5
129,62,5
130,62,5
131,62,5
132,62,5
133,62,5
134,62,5
135,62,5
136,62,5
137,62,5
138,62,5
139,62,5
140,62,5
141,62,5
142,62,5
143,62,5
144,62,5
145,62,5
146,62,5
147,62,5
148,62,6
149,62,6
150,62,6
151,62,6
152,62,6
153,62,6
154,62,6
155,62,6
156,62,6
157,62,6
158,62,6
159,62,6
160,62,6
161,62,6
162,62,6
163,62,6
164,62,7
165,62,7
166,62,7
167,62,8
168,62,8
169,62,8
170,62,8
171,62,8
172,62,9
173,62,9
174,62,10
175,62,10
176,62,10
177,62,10
178,62,11
179,62,11
180,62,11
181,62,12
182,62,13
183,62,14
184,62,15
185,62,16
186,62,18
187,62,20
188,62,23
189,62,26
190,62,32
191,62,58
192,62,128
193,62,128
194,62,128
195,62,128
196,62,128
197,62,128
198,62,128
199,62,128
200,62,128
201,62,128
202,62,128
203,62,128
204,62,128
205,62,128
206,62,128
207,62,128
208,62,128
209,62,128
210,62,128
211,62,128
212,62,128
213,62,128
214,62,128
215,62,128
216,62,128
217,62,128
218,62,128
219,62,128
220,62,128
221,62,128
222,62,128
223,62,128
224,62,128
225,62,128
226,62,128
227,62,128
228,62,128
229,62,128
230,62,128
231,62,128
232,62,128
233,62,128
234,62,128
235,62,128
236,62,128
237,62,128
238,62,128
239,62,128
240,62,128
241,62,128
242,62,128
243,62,128
244,62,128
245,62,128
246,62,128
247,62,128
248,62,128
249,62,128
250,62,128
251,62,128
252,62,128
253,62,128
254,62,128
255,62,128
0,63,1
1,63,1
2,63,1
3,63,1
4,63,1
5,63,1
6,63,1
7,63,1
8,63,1
9,63,2
10,63,2
11,63,2
12,63,2
13,63,2
14,63,2
15,63,3
16,63,3
17,63,3
18,63,3
19,63,3
20,63,3
21,63,3
22,63,3
23,63,3
24,63,3
25,63,3
26,63,3
27,63,3
28,63,3
29,63,3
30,63,3
31,63,3
32,63,3
33,63,3
34,63,3
35,63,3
36,63,3
37,63,3
38,63,3
39,63,3
40,63,3
41,63,3
42,63,3
43,63,3
44,63,3
45,63,3
46,63,3
47,63,3
48,63,3
49,63,3
50,63,3
51,63,3
52,63,3
53,63,3
54,63,3
55,63,3
56,63,3
57,63,3
58,63,3
59,63,3
60,63,3
61,63,3
62,63,3
63,63,3
64,63,3
65,63,3
66,63,3
67,63,3
68,63,3
69,63,3
70,63,3
71,63,3
72,63,3
73,63,3
74,63,3
75,63,3
76,63,3
77,63,3
78,63,3
79,63,3
80,63,3
81,63,3
82,63,3
83,63,3
84,63,3
85,63,3
86,63,3
87,63,3
88,63,4
89,63,4
90,63,4
91,63,4
92,63,4
93,63,4
94,63,4
95,63,4
96,63,4
97,63,4
98,63,4
99,63,4
100,63,4
101,63,5
102,63,5
103,63,5
104,63,5
105,63,5
106,63,5
107,63,5
108,63,5
109,63,5
110,63,5
111,63,5
112,63,5
113,63,5
114,63,5
115,63,5
116,63,5
117,63,5
118,63,5
119,63,5
120,63,5
121,63,5
122,63,5
123,63,5
124,63,5
125,63,5
126,63,5
127,63,5
128,63,5
129,63,5
130,63,5
131,63,5
132,63,5
133,63,5
134,63,5
135,63,5
136,63,5
137,63,5
138,63,5
139,63,5
140,63,5
141,63,5
142,63,5
143,63,5
144,63,5
145,63,5
146,63,5
147,63,6
148,63,6
149,63,6
150,63,6
151,63,6
152,63,6
153,63,6
154,63,6
155,63,6
156,63,6
157,63,6
158,63,6
159,63,6
160,63,6
161,63,6
162,63,6
163,63,7
164,63,7
165,63,7
166,63,7
167,63,8
168,63,8
169,63,8
170,63,9
171,63,9
172,63,10
173,63,10
174,63,10
175,63,10
176,63,10
177,63,11
178,63,11
179,63,11
180,63,12
181,63,13
182,63,14
183,63,15
184,63,16
185,63,17
186,63,19
187,63,22
188,63,64
189,63,55
190,63,64
191,63,128
192,63,128
193,63,128
194,63,128
195,63,128
196,63,128
197,63,128
198,63,128
199,63,128
200,63,128
201,63,128
202,63,128
203,63,128
204,63,128
205,63,128
206,63,128
207,63,128
208,63,128
209,63,128
210,63,128
211,63,128
212,63,128
213,63,128
214,63,128
215,63,128
216,63,128
217,63,128
218,63,128
219,63,128
220,63,128
221,63,128
222,63,128
223,63,128
224,63,128
225,63,128
226,63,128
227,63,128
228,63,128
229,63,128
230,63,128
231,63,128
232,63,128
233,63,128
234,63,128
235,63,128
236,63,128
237,63,128
238,63,128
239,63,128
240,63,128
241,63,128
242,63,128
243,63,128
244,63,128
245,63,128
246,63,128
247,63,128
248,63,128
249,63,128
250,63,128
251,63,128
252,63,128
253,63,128
254,63,128
255,63,128
0,64,1
1,64,1
2,64,1
3,64,1
4,64,1
5,64,1
6,64,1
7,64,1
8,64,1
9,64,2
10,64,2
11,64,2
12,64,2
13,64,2
14,64,3
15,64,3
16,64,3
17,64,3
18,64,3
19,64,3
20,64,3
21,64,3
22,64,3
23,64,3
24,64,3
25,64,3
26,64,3
27,64,3
28,64,3
29,64,3
30,64,3
31,64,3
32,64,3
33,64,3
34,64,3
35,64,3
36,64,3
37,64,3
38,64,3
39,64,3
40,64,3
41,64,3
42,64,3
43,64,3
44,64,3
45,64,3
46,64,3
47,64,3
48,64,3
49,64,3
50,64,3
51,64,3
52,64,3
53,64,3
54,64,3
55,64,3
56,64,3
57,64,3
58,64,3
59,64,3
60,64,3
61,64,3
62,64,3
63,64,3
64,64,3
65,64,3
66,64,3
67,64,3
68,64,3
69,64,3
70,64,3
71,64,3
72,64,3
73,64,3
74,64,3
75,64,3
76,64,3
77,64,3
78,64,3
79,64,3
80,64,3
81,64,3
82,64,3
83,64,3
84,64,3
85,64,3
86,64,4
87,64,4
88,64,4
89,64,4
90,64,4
91,64,4
92,64,4
93,64,4
94,64,4
95,64,4
96,64,4
97,64,4
98,64,4
99,64,5
100,64,5
101,64,5
102,64,5
103,64,5
104,64,5
105,64,5
106,64,5
107,64,5
108,64,5
109,64,5
110,64,5
111,64,5
112,64,5
113,64,5
114,64,5
115,64,5
116,64,5
117,64,5
118,64,5
119,64,5
120,64,5
121,64,5
122,64,5
123,64,5
124,64,5
125,64,5
126,64,5
127,64,5
128,64,5
129,64,5
130,64,5
131,64,5
132,64,5
133,64,5
134,64,5
135,64,5
136,64,5
137,64,5
138,64,5
139,64,5
140,64,5
141,64,5
142,64,5
143,64,5
144,64,5
145,64,6
146,64,6
147,64,6
148,64,6
149,64,6
150,64,6
151,64,6
152,64,6
153,64,6
154,64,6
155,64,6
156,64,6
157,64,6
158,64,6
159,64,6
160,64,6
161,64,6
162,64,7
163,64,7
164,64,7
165,64,7
166,64,8
167,64,8
168,64,9
169,64,9
170,64,9
171,64,10
172,64,46
173,64,13
174,64,15
175,64,12
176,64,12
177,64,11
178,64,11
179,64,12
180,64,13
181,64,14
182,64,17
183,64,98
184,64,18
185,64,19
186,64,128
187,64,128
188,64,52
189,64,128
190,64,128
191,64,128
192,64,128
193,64,128
194,64,128
195,64,128
196,64,128
197,64,128
198,64,128
199,64,128
200,64,128
201,64,128
202,64,128
203,64,128
204,64,128
205,64,128
206,64,128
207,64,128
208,64,128
209,64,128
210,64,128
211,64,128
212,64,128
213,64,128
214,64,128
215,64,128
216,64,128
217,64,128
218,64,128
219,64,128
220,64,128
221,64,128
222,64,128
223,64,128
224,64,128
225,64,128
226,64,128
227,64,128
228,64,128
229,64,128
230,64,128
231,64,128
232,64,128
233,64,128
234,64,128
235,64,128
236,64,128
237,64,128
238,64,128
239,64,128
240,64,128
241,64,128
242,64,128
243,64,128
244,64,128
245,64,128
246,64,128
247,64,128
248,64,128
249,64,128
250,64,128
251,64,128
252,64,128
253,64,128
254,64,128
255,64,128
0,65,1
1,65,1
2,65,1
3,65,1
4,65,1
5,65,1
6,65,1
7,65,1
8,65,2
9,65,2
10,65,2
11,65,2
12,65,2
13,65,2
14,65,3
15,65,3
16,65,3
17,65,3
18,65,3
19,65,3
20,65,3
21,65,3
22,65,3
23,65,3
24,65,3
25,65,3
26,65,3
27,65,3
28,65,3
29,65,3
30,65,3
31,65,3
32,65,3
33,65,3
34,65,3
35,65,3
36,65,3
37,65,3
38,65,3
39,65,3
40,65,3
41,65,3
42,65,3
43,65,3
44,65,3
45,65,3
46,65,3
47,65,3
48,65,3
49,65,3
50,65,3
51,65,3
52,65,3
53,65,3
54,65,3
55,65,3
56,65,3
57,65,3
58,65,3
59,65,3
60,65,3
61,65,3
62,65,3
63,65,3
64,65,3
65,65,3
66,65,3
67,65,3
68,65,3
69,65,3
70,65,3
71,65,3
72,65,3
73,65,3
74,65,3
75,65,3
76,65,3
77,65,3
78,65,3
79,65,3
80,65,3
81,65,3
82,65,3
83,65,3
84,65,4
85,65,4
86,65,4
87,65,4
88,65,4
89,65,4
90,65,4
91,65,4
92,65,4
93,65,4
94,65,4
95,65,4
96,65,4
97,65,5
98,65,5
99,65,5
100,65,5
101,65,5
102,65,5
103,65,5
104,65,5
105,65,5
106,65,5
107,65,5
108,65,5
109,65,5
110,65,5
111,65,5
112,65,5
113,65,5
114,65,5
115,65,5
116,65,5
117,65,5
118,65,5
119,65,5
120,65,5
121,65,5
122,65,5
123,65,5
124,65,5
125,65,5
126,65,5
127,65,5
128,65,5
129,65,5
130,65,5
131,65,5
132,65,5
133,65,5
134,65,5
135,65,5
136,65,5
137,65,5
138,65,5
139,65,5
140,65,5
141,65,5
142,65,5
143,65,5
144,65,6
145,65,6
146,65,6
147,65,6
148,65,6
149,65,6
150,65,6
151,65,6
152,65,6
153,65,6
154,65,6
155,65,6
156,65,6
157,65,6
158,65,6
159,65,6
160,65,6
161,65,7
162,65,7
163,65,7
164,65,7
165,65,8
166,65,8
167,65,9
168,65,9
169,65,10
170,65,10
171,65,11
172,65,61
173,65,30
174,65,45
175,65,14
176,65,12
177,65,12
178,65,12
179,65,13
180,65,15
181,65,57
182,65,107
183,65,85
184,65,29
185,65,24
186,65,48
187,65,128
188,65,128
189,65,128
190,65,128
191,65,128
192,65,128
193,65,128
194,65,128
195,65,128
196,65,128
197,65,128
198,65,128
199,65,128
200,65,128
201,65,128
202,65,128
203,65,128
204,65,128
205,65,128
206,65,128
207,65,128
208,65,128
209,65,128
210,65,128
211,65,128
212,65,128
213,65,128
214,65,128
215,65,128
216,65,128
217,65,128
218,65,128
219,65,128
220,65,128
221,65,128
222,65,128
223,65,128
224,65,128
225,65,128
226,65,128
227,65,128
228,65,128
229,65,128
230,65,128
231,65,128
232,65,128
233,65,128
234,65,128
235,65,128
236,65,128
237,65,128
238,65,128
239,65,128
240,65,128
241,65,128
242,65,128
243,65,128
244,65,128
245,65,128
246,65,128
247,65,128
248,65,128
249,65,128
250,65,128
251,65,128
252,65,128
253,65,128
254,65,128
255,65,128
0,66,1
1,66,1
2,66,1
3,66,1
4,66,1
5,66,1
6,66,1
7,66,1
8,66,2
9,66,2
10,66,2
11,66,2
12,66,2
13,66,3
14,66,3
15,66,3
16,66,3
17,66,3
18,66,3
19,66,3
20,66,3
21,66,3
22,66,3
23,66,3
24,66,3
25,66,3
26,66,3
27,66,3
28,66,3
29,66,3
30,66,3
31,66,3
32,66,3
33,66,3
34,66,3
35,66,3
36,66,3
37,66,3
38,66,3
39,66,3
40,66,3
41,66,3
42,66,3
43,66,3
44,66,3
45,66,3
46,66,3
47,66,3
48,66,3
49,66,3
50,66,3
51,66,3
52,66,3
53,66,3
54,66,3
55,66,3
56,66,3
57,66,3
58,66,3
59,66,3
60,66,3
61,66,3
62,66,3
63,66,3
64,66,3
65,66,3
66,66,3
67,66,3
68,66,3
69,66,3
70,66,3
71,66,3
72,66,3
73,66,3
74,66,3
75,66,3
76,66,3
77,66,3
78,66,3
79,66,3
80,66,3
81,66,3
82,66,4
83,66,4
84,66,4
85,66,4
86,66,4
87,66,4
88,66,4
89,66,4
90,66,4
91,66,4
92,66,4
93,66,4
94,66,4
95,66,5
96,66,5
97,66,5
98,66,5
99,66,5
100,66,5
101,66,5
102,66,5
103,66,5
104,66,5
105,66,5
106,66,5
107,66,5
108,66,5
109,66,5
110,66,5
111,66,5
112,66,5
113,66,5
114,66,5
115,66,5
116,66,5
117,66,5
118,66,5
119,66,5
120,66,5
121,66,5
122,66,5
123,66,5
124,66,5
125,66,5
126,66,5
127,66,5
128,66,5
129,66,5
130,66,5
131,66,5
132,66,5
133,66,5
134,66,5
135,66,5
136,66,5
137,66,5
138,66,5
139,66,5
140,66,5
141,66,5
142,66,6
143,66,6
144,66,6
145,66,6
146,66,6
147,66,6
148,66,6
149,66,6
150,66,6
151,66,6
152,66,6
153,66,6
154,66,6
155,66,6
156,66,6
157,66,6
158,66,6
159,66,6
160,66,7
161,66,7
162,66,7
163,66,7
164,66,8
165,66,9
166,66,9
167,66,10
168,66,10
169,66,11
170,66,13
171,66,14
172,66,18
173,66,35
174,66,19
175,66,15
176,66,13
177,66,13
178,66,13
179,66,14
180,66,23
181,66,35
182,66,59
183,66,128
184,66,128
185,66,30
186,66,50
187,66,128
188,66,128
189,66,128
190,66,128
191,66,128
192,66,128
193,66,128
194,66,128
195,66,128
196,66,128
197,66,128
198,66,128
199,66,128
200,66,128
201,66,128
202,66,128
203,66,128
204,66,128
205,66,128
206,66,128
207,66,128
208,66,128
209,66,128
210,66,128
211,66,128
212,66,128
213,66,128
214,66,128
215,66,128
216,66,128
217,66,128
218,66,128
219,66,128
220,66,128
221,66,128
222,66,128
223,66,128
224,66,128
225,66,128
226,66,128
227,66,128
228,66,128
229,66,128
230,66,128
231,66,128
232,66,128
233,66,128
234,66,128
235,66,128
236,66,128
237,66,128
238,66,128
239,66,128
240,66,128
241,66,128
242,66,128
243,66,128
244,66,128
245,66,128
246,66,128
247,66,128
248,66,128
249,66,128
250,66,128
251,66,128
252,66,128
253,66,128
254,66,128
255,66,128
0,67,1
1,67,1
2,67,1
3,67,1
4,67,1
5,67,1
6,67,1
7,67,1
8,67,2
9,67,2
10,67,2
11,67,2
12,67,2
13,67,3
14,67,3
15,67,3
16,67,3
17,67,3
18,67,3
19,67,3
20,67,3
21,67,3
22,67,3
23,67,3
24,67,3
25,67,3
26,67,3
27,67,3
28,67,3
29,67,3
30,67,3
31,67,3
32,67,3
33,67,3
34,67,3
35,67,3
36,67,3
37,67,3
38,67,3
39,67,3
40,67,3
41,67,3
42,67,3
43,67,3
44,67,3
45,67,3
46,67,3
47,67,3
48,67,3
49,67,3
50,67,3
51,67,3
52,67,3
53,67,3
54,67,3
55,67,3
56,67,3
57,67,3
58,67,3
59,67,3
60,67,3
61,67,3
62,67,3
63,67,3
64,67,3
65,67,3
66,67,3
67,67,3
68,67,3
69,67,3
70,67,3
71,67,3
72,67,3
73,67,3
74,67,3
75,67,3
76,67,3
77,67,3
78,67,3
79,67,4
80,67,4
81,67,4
82,67,4
83,67,4
84,67,4
85,67,4
86,67,4
87,67,4
88,67,4
89,67,4
90,67,4
91,67,4
92,67,4
93,67,5
94,67,5
95,67,5
96,67,5
97,67,5
98,67,5
99,67,5
100,67,5
101,67,5
102,67,5
103,67,5
104,67,5
105,67,5
106,67,5
107,67,5
108,67,5
109,67,5
110,67,5
111,67,5
112,67,5
113,67,5
114,67,5
115,67,5
116,67,5
117,67,5
118,67,5
119,67,5
120,67,5
121,67,5
122,67,5
123,67,5
124,67,5
125,67,5
126,67,5
127,67,5
128,67,5
129,67,5
130,67,5
131,67,5
132,67,5
133,67,5
134,67,5
135,67,5
136,67,5
137,67,5
138,67,5
139,67,5
140,67,5
141,67,6
142,67,6
143,67,6
144,67,6
145,67,6
146,67,6
147,67,6
148,67,6
149,67,6
150,67,6
151,67,6
152,67,6
153,67,6
154,67,6
155,67,6
156,67,6
157,67,6
158,67,6
159,67,7
160,67,7
161,67,7
162,67,7
163,67,8
164,67,8
165,67,11
166,67,13
167,67,28
168,67,13
169,67,13
170,67,21
171,67,18
172,67,48
173,67,43
174,67,18
175,67,16
176,67,15
177,67,14
178,67,14
179,67,15
180,67,16
181,67,55
182,67,36
183,67,128
184,67,128
185,67,128
186,67,128
187,67,128
188,67,128
189,67,128
190,67,128
191,67,128
192,67,128
193,67,128
194,67,128
195,67,128
196,67,128
197,67,128
198,67,128
199,67,128
200,67,128
201,67,128
202,67,128
203,67,128
204,67,128
205,67,128
206,67,128
207,67,128
208,67,128
209,67,128
210,67,128
211,67,128
212,67,128
213,67,128
214,67,128
215,67,128
216,67,128
217,67,128
218,67,128
219,67,128
220,67,128
221,67,128
222,67,128
223,67,128
224,67,128
225,67,128
226,67,128
227,67,128
228,67,128
229,67,128
230,67,128
231,67,128
232,67,128
233,67,128
234,67,128
235,67,128
236,67,128
237,67,128
238,67,128
239,67,128
240,67,128
241,67,128
242,67,128
243,67,128
244,67,128
245,67,128
246,67,128
247,67,128
248,67,128
249,67,128
250,67,128
251,67,128
252,67,128
253,67,128
254,67,128
255,67,128
0,68,1
1,68,1
2,68,1
3,68,1
4,68,1
5,68,1
6,68,1
7,68,1
8,68,2
9,68,2
10,68,2
11,68,2
12,68,2
13,68,3
14,68,3
15,68,3
16,68,3
17,68,3
18,68,3
19,68,3
20,68,3
21,68,3
22,68,3
23,68,3
24,68,3
25,68,3
26,68,3
27,68,3
28,68,3
29,68,3
30,68,3
31,68,3
32,68,3
33,68,3
34,68,3
35,68,3
36,68,3
37,68,3
38,68,3
39,68,3
40,68,3
41,68,3
42,68,3
43,68,3
44,68,3
45,68,3
46,68,3
47,68,3
48,68,3
49,68,3
50,68,3
51,68,3
52,68,3
53,68,3
54,68,3
55,68,3
56,68,3
57,68,3
58,68,3
59,68,3
60,68,3
61,68,3
62,68,3
63,68,3
64,68,3
65,68,3
66,68,3
67,68,3
68,68,3
69,68,3
70,68,3
71,68,3
72,68,3
73,68,3
74,68,3
75,68,3
76,68,3
77,68,4
78,68,4
79,68,4
80,68,4
81,68,4
82,68,4
83,68,4
84,68,4
85,68,4
86,68,4
87,68,4
88,68,4
89,68,4
90,68,4
91,68,5
92,68,5
93,68,5
94,68,5
95,68,5
96,68,5
97,68,5
98,68,5
99,68,5
100,68,5
101,68,5
102,68,5
103,68,5
104,68,5
105,68,5
106,68,5
107,68,5
108,68,5
109,68,5
110,68,5
111,68,5
112,68,5
113,68,5
114,68,5
115,68,5
116,68,5
117,68,5
118,68,5
119,68,5
120,68,5
121,68,5
122,68,5
123,68,5
124,68,5
125,68,5
126,68,5
127,68,5
128,68,5
129,68,5
130,68,5
131,68,5
132,68,5
133,68,5
134,68,5
135,68,5
136,68,5
137,68,5
138,68,5
139,68,6
140,68,6
141,68,6
142,68,6
143,68,6
144,68,6
145,68,6
146,68,6
147,68,6
148,68,6
149,68,6
150,68,6
151,68,6
152,68,6
153,68,6
154,68,6
155,68,6
156,68,6
157,68,7
158,68,7
159,68,7
160,68,7
161,68,7
162,68,7
163,68,8
164,68,9
165,68,11
166,68,26
167,68,26
168,68,17
169,68,21
170,68,24
171,68,25
172,68,48
173,68,22
174,68,19
175,68,18
176,68,23
177,68,19
178,68,17
179,68,16
180,68,18
181,68,21
182,68,111
183,68,128
184,68,128
185,68,128
186,68,128
187,68,128
188,68,128
189,68,128
190,68,128
191,68,128
192,68,128
193,68,128
194,68,128
195,68,128
196,68,128
197,68,128
198,68,128
199,68,128
200,68,128
201,68,128
202,68,128
203,68,128
204,68,128
205,68,128
206,68,128
207,68,128
208,68,128
209,68,128
210,68,128
211,68,128
212,68,128
213,68,128
214,68,128
215,68,128
216,68,128
217,68,128
218,68,128
219,68,128
220,68,128
221,68,128
222,68,128
223,68,128
224,68,128
225,68,128
226,68,128
227,68,128
228,68,128
229,68,128
230,68,128
231,68,128
232,68,128
233,68,128
234,68,128
235,68,128
236,68,128
237,68,128
238,68,128
239,68,128
240,68,128
241,68,128
242,68,128
243,68,128
244,68,128
245,68,128
246,68,128
247,68,128
248,68,128
249,68,128
250,68,128
251,68,128
252,68,128
253,68,128
254,68,128
255,68,128
0,69,1
1,69,1
2,69,1
3,69,1
4,69,1
5,69,1
6,69,1
7,69,2
8,69,2
9,69,2
10,69,2
11,69,2
12,69,3
13,69,3
14,69,3
15,69,3
16,69,3
17,69,3
18,69,3
19,69,3
20,69,3
21,69,3
22,69,3
23,69,3
24,69,3
25,69,3
26,69,3
27,69,3
28,69,3
29,69,3
30,69,3
31,69,3
32,69,3
33,69,3
34,69,3
35,69,3
36,69,3
37,69,3
38,69,3
39,69,3
40,69,3
41,69,3
42,69,3
43,69,3
44,69,3
45,69,3
46,69,3
47,69,3
48,69,3
49,69,3
50,69,3
51,69,3
52,69,3
53,69,3
54,69,3
55,69,3
56,69,3
57,69,3
58,69,3
59,69,3
60,69,3
61,69,3
62,69,3
63,69,3
64,69,3
65,69,3
66,69,3
67,69,3
68,69,3
69,69,3
70,69,3
71,69,3
72,69,3
73,69,3
74,69,3
75,69,4
76,69,4
77,69,4
78,69,4
79,69,4
80,69,4
81,69,4
82,69,4
83,69,4
84,69,4
85,69,4
86,69,4
87,69,4
88,69,4
89,69,5
90,69,5
91,69,5
92,69,5
93,69,5
94,69,6
95,69,6
96,69,6
97,69,6
98,69,6
99,69,6
100,69,6
101,69,6
102,69,6
103,69,6
104,69,6
105,69,6
106,69,6
107,69,5
108,69,5
109,69,5
110,69,5
111,69,5
112,69,5
113,69,5
114,69,5
115,69,5
116,69,5
117,69,5
118,69,5
119,69,5
120,69,5
121,69,5
122,69,5
123,69,5
124,69,5
125,69,5
126,69,5
127,69,5
128,69,5
129,69,5
130,69,5
131,69,5
132,69,5
133,69,5
134,69,5
135,69,5
136,69,5
137,69,6
138,69,6
139,69,6
140,69,6
141,69,6
142,69,6
143,69,6
144,69,6
145,69,6
146,69,6
147,69,6
148,69,6
149,69,6
150,69,6
151,69,6
152,69,6
153,69,6
154,69,6
155,69,6
156,69,7
157,69,7
158,69,7
159,69,7
160,69,7
161,69,7
162,69,8
163,69,8
164,69,9
165,69,10
166,69,12
167,69,15
168,69,44
169,69,51
170,69,80
171,69,55
172,69,28
173,69,24
174,69,22
175,69,27
176,69,47
177,69,41
178,69,114
179,69,19
180,69,19
181,69,70
182,69,30
183,69,46
184,69,128
185,69,128
186,69,128
187,69,128
188,69,128
189,69,128
190,69,128
191,69,128
192,69,128
193,69,128
194,69,128
195,69,128
196,69,128
197,69,128
198,69,128
199,69,128
200,69,128
201,69,128
202,69,128
203,69,128
204,69,128
205,69,128
206,69,128
207,69,128
208,69,128
209,69,128
210,69,128
211,69,128
212,69,128
213,69,128
214,69,128
215,69,128
216,69,128
217,69,128
218,69,128
219,69,128
220,69,128
221,69,128
222,69,128
223,69,128
224,69,128
225,69,128
226,69,128
227,69,128
228,69,128
229,69,128
230,69,128
231,69,128
232,69,128
233,69,128
234,69,128
235,69,128
236,69,128
237,69,128
238,69,128
239,69,128
240,69,128
241,69,128
242,69,128
243,69,128
244,69,128
245,69,128
246,69,128
247,69,128
248,69,128
249,69,128
250,69,128
251,69,128
252,69,128
253,69,128
254,69,128
255,69,128
0,70,1
1,70,1
2,70,1
3,70,1
4,70,1
5,70,1
6,70,1
7,70,2
8,70,2
9,70,2
10,70,2
11,70,2
12,70,3
13,70,3
14,70,3
15,70,3
16,70,3
17,70,3
18,70,3
19,70,3
20,70,3
21,70,3
22,70,3
23,70,3
24,70,3
25,70,3
26,70,3
27,70,3
28,70,3
29,70,3
30,70,3
31,70,3
32,70,3
33,70,3
34,70,3
35,70,3
36,70,3
37,70,3
38,70,3
39,70,3
40,70,3
41,70,3
42,70,3
43,70,3
44,70,3
45,70,3
46,70,3
47,70,3
48,70,3
49,70,3
50,70,3
51,70,3
52,70,3
53,70,3
54,70,3
55,70,3
56,70,3
57,70,3
58,70,3
59,70,3
60,70,3
61,70,3
62,70,3
63,70,3
64,70,3
65,70,3
66,70,3
67,70,3
68,70,3
69,70,3
70,70,3
71,70,3
72,70,4
73,70,4
74,70,4
75,70,4
76,70,4
77,70,4
78,70,4
79,70,4
80,70,4
81,70,4
82,70,4
83,70,4
84,70,4
85,70,4
86,70,4
87,70,5
88,70,5
89,70,5
90,70,5
91,70,6
92,70,6
93,70,6
94,70,6
95,70,6
96,70,6
97,70,6
98,70,6
99,70,6
100,70,6
101,70,6
102,70,6
103,70,6
104,70,6
105,70,6
106,70,6
107,70,6
108,70,6
109,70,6
110,70,6
111,70,5
112,70,5
113,70,5
114,70,5
115,70,5
116,70,5
117,70,5
118,70,5
119,70,5
120,70,5
121,70,5
122,70,5
123,70,5
124,70,5
125,70,5
126,70,5
127,70,5
128,70,5
129,70,5
130,70,5
131,70,5
132,70,5
133,70,5
134,70,5
135,70,6
136,70,6
137,70,6
138,70,6
139,70,6
140,70,6
141,70,6
142,70,6
143,70,6
144,70,6
145,70,6
146,70,6
147,70,6
148,70,6
149,70,6
150,70,6
151,70,6
152,70,6
153,70,6
154,70,7
155,70,7
156,70,7
157,70,7
158,70,7
159,70,7
160,70,7
161,70,8
162,70,8
163,70,8
164,70,9
165,70,10
166,70,11
167,70,16
168,70,23
169,70,79
170,70,43
171,70,67
172,70,128
173,70,38
174,70,45
175,70,128
176,70,115
177,70,128
178,70,76
179,70,22
180,70,23
181,70,115
182,70,128
183,70,128
184,70,128
185,70,128
186,70,128
187,70,128
188,70,128
189,70,128
190,70,128
191,70,128
192,70,128
193,70,128
194,70,128
195,70,128
196,70,128
197,70,128
198,70,128
199,70,128
200,70,128
201,70,128
202,70,128
203,70,128
204,70,128
205,70,128
206,70,128
207,70,128
208,70,128
209,70,128
210,70,128
211,70,128
212,70,128
213,70,128
214,70,128
215,70,128
216,70,128
217,70,128
218,70,128
219,70,128
220,70,128
221,70,128
222,70,128
223,70,128
224,70,128
225,70,128
226,70,128
227,70,128
228,70,128
229,70,128
230,70,128
231,70,128
232,70,128
233,70,128
234,70,128
235,70,128
236,70,128
237,70,128
238,70,128
239,70,128
240,70,128
241,70,128
242,70,128
243,70,128
244,70,128
245,70,128
246,70,128
247,70,128
248,70,128
249,70,128
250,70,128
251,70,128
252,70,128
253,70,128
254,70,128
255,70,128
0,71,1
1,71,1
2,71,1
3,71,1
4,71,1
5,71,1
6,71,1
7,71,2
8,71,2
9,71,2
10,71,2
11,71,3
12,71,3
13,71,3
14,71,3
15,71,3
16,71,3
17,71,3
18,71,3
19,71,3
20,71,3
21,71,3
22,71,3
23,71,3
24,71,3
25,71,3
26,71,3
27,71,3
28,71,3
29,71,3
30,71,3
31,71,3
32,71,3
33,71,3
34,71,3
35,71,3
36,71,3
37,71,3
38,71,3
39,71,3
40,71,3
41,71,3
42,71,3
43,71,3
44,71,3
45,71,3
46,71,3
47,71,3
48,71,3
49,71,3
50,71,3
51,71,3
52,71,3
53,71,3
54,71,3
55,71,3
56,71,3
57,71,3
58,71,3
59,71,3
60,71,3
61,71,3
62,71,3
63,71,3
64,71,3
65,71,3
66,71,3
67,71,3
68,71,3
69,71,3
70,71,4
71,71,4
72,71,4
73,71,4
74,71,4
75,71,4
76,71,4
77,71,4
78,71,4
79,71,4
80,71,4
81,71,4
82,71,4
83,71,4
84,71,4
85,71,4
86,71,5
87,71,5
88,71,5
89,71,5
90,71,6
91,71,7
92,71,7
93,71,7
94,71,7
95,71,6
96,71,6
97,71,6
98,71,6
99,71,6
100,71,6
101,71,6
102,71,6
103,71,6
104,71,6
105,71,6
106,71,6
107,71,6
108,71,6
109,71,6
110,71,6
111,71,6
112,71,6
113,71,6
114,71,6
115,71,5
116,71,5
117,71,5
118,71,5
119,71,5
120,71,5
121,71,5
122,71,5
123,71,5
124,71,5
125,71,5
126,71,5
127,71,5
128,71,5
129,71,5
130,71,5
131,71,5
132,71,6
133,71,6
134,71,6
135,71,6
136,71,6
137,71,6
138,71,6
139,71,6
140,71,6
141,71,6
142,71,6
143,71,6
144,71,6
145,71,6
146,71,6
147,71,6
148,71,6
149,71,6
150,71,6
151,71,6
152,71,7
153,71,7
154,71,7
155,71,7
156,71,7
157,71,7
158,71,7
159,71,7
160,71,8
161,71,8
162,71,8
163,71,9
164,71,9
165,71,9
166,71,12
167,71,34
168,71,35
169,71,24
170,71,74
171,71,30
172,71,44
173,71,128
174,71,128
175,71,128
176,71,128
177,71,128
178,71,119
179,71,31
180,71,26
181,71,48
182,71,128
183,71,128
184,71,128
185,71,128
186,71,128
187,71,128
188,71,128
189,71,128
190,71,128
191,71,128
192,71,128
193,71,128
194,71,128
195,71,128
196,71,128
197,71,128
198,71,128
199,71,128
200,71,128
201,71,128
202,71,128
203,71,128
204,71,128
205,71,128
206,71,128
207,71,128
208,71,128
209,71,128
210,71,128
211,71,128
212,71,128
213,71,128
214,71,128
215,71,128
216,71,128
217,71,128
218,71,128
219,71,128
220,71,128
221,71,128
222,71,128
223,71,128
224,71,128
225,71,128
226,71,128
227,71,128
228,71,128
229,71,128
230,71,128
231,71,128
232,71,128
233,71,128
234,71,128
235,71,128
236,71,128
237,71,128
238,71,128
239,71,128
240,71,128
241,71,128
242,71,128
243,71,128
244,71,128
245,71,128
246,71,128
247,71,128
248,71,128
249,71,128
250,71,128
251,71,128
252,71,128
253,71,128
254,71,128
255,71,128
0,72,1
1,72,1
2,72,1
3,72,1
4,72,1
5,72,1
6,72,1
7,72,2
8,72,2
9,72,2
10,72,2
11,72,3
12,72,3
13,72,3
14,72,3
15,72,3
16,72,3
17,72,3
18,72,3
19,72,3
20,72,3
21,72,3
22,72,3
23,72,3
24,72,3
25,72,3
26,72,3
27,72,3
28,72,3
29,72,3
30,72,3
31,72,3
32,72,3
33,72,3
34,72,3
35,72,3
36,72,3
37,72,3
38,72,3
39,72,3
40,72,3
41,72,3
42,72,3
43,72,3
44,72,3
45,72,3
46,72,3
47,72,3
48,72,3
49,72,3
50,72,3
51,72,3
52,72,3
53,72,3
54,72,3
55,72,3
56,72,3
57,72,3
58,72,3
59,72,3
60,72,3
61,72,3
62,72,3
63,72,3
64,72,3
65,72,3
66,72,3
67,72,4
68,72,4
69,72,4
70,72,4
71,72,4
72,72,4
73,72,4
74,72,4
75,72,4
76,72,4
77,72,4
78,72,4
79,72,4
80,72,4
81,72,4
82,72,4
83,72,4
84,72,5
85,72,5
86,72,5
87,72,5
88,72,6
89,72,6
90,72,8
91,72,10
92,72,9
93,72,7
94,72,7
95,72,7
96,72,7
97,72,6
98,72,6
99,72,6
100,72,6
101,72,6
102,72,6
103,72,6
104,72,6
105,72,6
106,72,6
107,72,6
108,72,6
109,72,6
110,72,6
111,72,6
112,72,6
113,72,6
114,72,6
115,72,6
116,72,6
117,72,6
118,72,6
119,72,6
120,72,5
121,72,5
122,72,5
123,72,5
124,72,5
125,72,5
126,72,5
127,72,6
128,72,6
129,72,6
130,72,6
131,72,6
132,72,6
133,72,6
134,72,6
135,72,6
136,72,6
137,72,6
138,72,6
139,72,6
140,72,6
141,72,6
142,72,6
143,72,6
144,72,6
145,72,6
146,72,6
147,72,6
148,72,6
149,72,7
150,72,7
151,72,7
152,72,7
153,72,7
154,72,7
155,72,7
156,72,7
157,72,7
158,72,7
159,72,8
160,72,8
161,72,8
162,72,8
163,72,9
164,72,9
165,72,9
166,72,11
167,72,14
168,72,16
169,72,23
170,72,55
171,72,25
172,72,46
173,72,128
174,72,128
175,72,128
176,72,128
177,72,128
178,72,128
179,72,128
180,72,35
181,72,128
182,72,128
183,72,128
184,72,128
185,72,128
186,72,128
187,72,128
188,72,128
189,72,128
190,72,128
191,72,128
192,72,128
193,72,128
194,72,128
195,72,128
196,72,128
197,72,128
198,72,128
199,72,128
200,72,128
201,72,128
202,72,128
203,72,128
204,72,128
205,72,128
206,72,128
207,72,128
208,72,128
209,72,128
210,72,128
211,72,128
212,72,128
213,72,128
214,72,128
215,72,128
216,72,128
217,72,128
218,72,128
219,72,128
220,72,128
221,72,128
222,72,128
223,72,128
224,72,128
225,72,128
226,72,128
227,72,128
228,72,128
229,72,128
230,72,128
231,72,128
232,72,128
233,72,128
234,72,128
235,72,128
236,72,128
237,72,128
238,72,128
239,72,128
240,72,128
241,72,128
242,72,128
243,72,128
244,72,128
245,72,128
246,72,128
247,72,128
248,72,128
249,72,128
250,72,128
251,72,128
252,72,128
253,72,128
254,72,128
255,72,128
0,73,1
1,73,1
2,73,1
3,73,1
4,73,1
5,73,1
6,73,2
7,73,2
8,73,2
9,73,2
10,73,2
11,73,3
12,73,3
13,73,3
14,73,3
15,73,3
16,73,3
17,73,3
18,73,3
19,73,3
20,73,3
21,73,3
22,73,3
23,73,3
24,73,3
25,73,3
26,73,3
27,73,3
28,73,3
29,73,3
30,73,3
31,73,3
32,73,3
33,73,3
34,73,3
35,73,3
36,73,3
37,73,3
38,73,3
39,73,3
40,73,3
41,73,3
42,73,3
43,73,3
44,73,3
45,73,3
46,73,3
47,73,3
48,73,3
49,73,3
50,73,3
51,73,3
52,73,3
53,73,3
54,73,3
55,73,3
56,73,3
57,73,3
58,73,3
59,73,3
60,73,3
61,73,3
62,73,3
63,73,3
64,73,4
65,73,4
66,73,4
67,73,4
68,73,4
69,73,4
70,73,4
71,73,4
72,73,4
73,73,4
74,73,4
75,73,4
76,73,4
77,73,4
78,73,4
79,73,4
80,73,4
81,73,4
82,73,5
83,73,5
84,73,5
85,73,5
86,73,5
87,73,6
88,73,6
89,73,7
90,73,8
91,73,9
92,73,10
93,73,9
94,73,8
95,73,8
96,73,7
97,73,7
98,73,6
99,73,6
100,73,6
101,73,6
102,73,6
103,73,6
104,73,6
105,73,6
106,73,6
107,73,6
108,73,6
109,73,6
110,73,6
111,73,6
112,73,6
113,73,6
114,73,6
115,73,6
116,73,6
117,73,6
118,73,6
119,73,6
120,73,6
121,73,6
122,73,6
123,73,6
124,73,6
125,73,6
126,73,6
127,73,6
128,73,6
129,73,6
130,73,6
131,73,6
132,73,6
133,73,6
134,73,6
135,73,6
136,73,6
137,73,6
138,73,6
139,73,6
140,73,6
141,73,6
142,73,6
143,73,6
144,73,6
145,73,6
146,73,7
147,73,7
148,73,7
149,73,7
150,73,7
151,73,7
152,73,7
153,73,7
154,73,7
155,73,7
156,73,7
157,73,7
158,73,7
159,73,8
160,73,8
161,73,8
162,73,8
163,73,9
164,73,9
165,73,9
166,73,11
167,73,11
168,73,14
169,73,47
170,73,19
171,73,20
172,73,28
173,73,41
174,73,128
175,73,128
176,73,128
177,73,128
178,73,128
179,73,128
180,73,128
181,73,128
182,73,128
183,73,128
184,73,128
185,73,128
186,73,128
187,73,128
188,73,128
189,73,128
190,73,128
191,73,128
192,73,128
193,73,128
194,73,128
195,73,128
196,73,128
197,73,128
198,73,128
199,73,128
200,73,128
201,73,128
202,73,128
203,73,128
204,73,128
205,73,128
206,73,128
207,73,128
208,73,128
209,73,128
210,73,128
211,73,128
212,73,128
213,73,128
214,73,128
215,73,128
216,73,128
217,73,128
218,73,128
219,73,128
220,73,128
221,73,128
222,73,128
223,73,128
224,73,128
225,73,128
226,73,128
227,73,128
228,73,128
229,73,128
230,73,128
231,73,128
232,73,128
233,73,128
234,73,128
235,73,128
236,73,128
237,73,128
238,73,128
239,73,128
240,73,128
241,73,128
242,73,128
243,73,128
244,73,128
245,73,128
246,73,128
247,73,128
248,73,128
249,73,128
250,73,128
251,73,128
252,73,128
253,73,128
254,73,128
255,73,128
0,74,1
1,74,1
2,74,1
3,74,1
4,74,1
5,74,1
6,74,2
7,74,2
8,74,2
9,74,2
10,74,3
11,74,3
12,74,3
13,74,3
14,74,3
15,74,3
16,74,3
17,74,3
18,74,3
19,74,3
20,74,3
21,74,3
22,74,3
23,74,3
24,74,3
25,74,3
26,74,3
27,74,3
28,74,3
29,74,3
30,74,3
31,74,3
32,74,3
33,74,3
34,74,3
35,74,3
36,74,3
37,74,3
38,74,3
39,74,3
40,74,3
41,74,3
42,74,3
43,74,3
44,74,3
45,74,3
46,74,3
47,74,3
48,74,3
49,74,3
50,74,3
51,74,3
52,74,3
53,74,3
54,74,3
55,74,3
56,74,3
57,74,3
58,74,3
59,74,3
60,74,3
61,74,4
62,74,4
63,74,4
64,74,4
65,74,4
66,74,4
67,74,4
68,74,4
69,74,4
70,74,4
71,74,4
72,74,4
73,74,4
74,74,4
75,74,4
76,74,4
77,74,4
78,74,4
79,74,4
80,74,4
81,74,5
82,74,5
83,74,5
84,74,5
85,74,5
86,74,6
87,74,6
88,74,6
89,74,7
90,74,7
91,74,10
92,74,12
93,74,10
94,74,9
95,74,8
96,74,8
97,74,8
98,74,7
99,74,6
100,74,6
101,74,6
102,74,6
103,74,6
104,74,6
105,74,6
106,74,6
107,74,6
108,74,6
109,74,6
110,74,6
111,74,6
112,74,6
113,74,6
114,74,6
115,74,6
116,74,6
117,74,6
118,74,6
119,74,6
120,74,6
121,74,6
122,74,6
123,74,6
124,74,6
125,74,6
126,74,6
127,74,6
128,74,6
129,74,6
130,74,6
131,74,6
132,74,6
133,74,6
134,74,6
135,74,6
136,74,6
137,74,6
138,74,6
139,74,6
140,74,6
141,74,6
142,74,7
143,74,7
144,74,7
145,74,7
146,74,7
147,74,7
148,74,7
149,74,7
150,74,7
151,74,7
152,74,7
153,74,7
154,74,7
155,74,7
156,74,7
157,74,7
158,74,8
159,74,8
160,74,8
161,74,8
162,74,8
163,74,9
164,74,9
165,74,10
166,74,10
167,74,11
168,74,12
169,74,14
170,74,16
171,74,51
172,74,32
173,74,41
174,74,128
175,74,128
176,74,128
177,74,128
178,74,128
179,74,128
180,74,128
181,74,128
182,74,128
183,74,128
184,74,128
185,74,128
186,74,128
187,74,128
188,74,128
189,74,128
190,74,128
191,74,128
192,74,128
193,74,128
194,74,128
195,74,128
196,74,128
197,74,128
198,74,128
199,74,128
200,74,128
201,74,128
202,74,128
203,74,128
204,74,128
205,74,128
206,74,128
207,74,128
208,74,128
209,74,128
210,74,128
211,74,128
212,74,128
213,74,128
214,74,128
215,74,128
216,74,128
217,74,128
218,74,128
219,74,128
220,74,128
221,74,128
222,74,128
223,74,128
224,74,128
225,74,128
226,74,128
227,74,128
228,74,128
229,74,128
230,74,128
231,74,128
232,74,128
233,74,128
234,74,128
235,74,128
236,74,128
237,74,128
238,74,128
239,74,128
240,74,128
241,74,128
242,74,128
243,74,128
244,74,128
245,74,128
246,74,128
247,74,128
248,74,128
249,74,128
250,74,128
251,74,128
252,74,128
253,74,128
254,74,128
255,74,128
0,75,1
1,75,1
2,75,1
3,75,1
4,75,1
5,75,1
6,75,2
7,75,2
8,75,2
9,75,2
10,75,3
11,75,3
12,75,3
13,75,3
14,75,3
15,75,3
16,75,3
17,75,3
18,75,3
19,75,3
20,75,3
21,75,3
22,75,3
23,75,3
24,75,3
25,75,3
26,75,3
27,75,3
28,75,3
29,75,3
30,75,3
31,75,3
32,75,3
33,75,3
34,75,3
35,75,3
36,75,3
37,75,3
38,75,3
39,75,3
40,75,3
41,75,3
42,75,3
43,75,3
44,75,3
45,75,3
46,75,3
47,75,3
48,75,3
49,75,3
50,75,3
51,75,3
52,75,3
53,75,3
54,75,3
55,75,3
56,75,3
57,75,3
58,75,4
59,75,4
60,75,4
61,75,4
62,75,4
63,75,4
64,75,4
65,75,4
66,75,4
67,75,4
68,75,4
69,75,4
70,75,4
71,75,4
72,75,4
73,75,4
74,75,4
75,75,4
76,75,4
77,75,4
78,75,4
79,75,5
80,75,5
81,75,5
82,75,5
83,75,5
84,75,5
85,75,5
86,75,6
87,75,6
88,75,6
89,75,7
90,75,7
91,75,9
92,75,14
93,75,14
94,75,18
95,75,10
96,75,11
97,75,14
98,75,9
99,75,7
100,75,7
101,75,6
102,75,6
103,75,6
104,75,6
105,75,6
106,75,6
107,75,6
108,75,6
109,75,6
110,75,6
111,75,6
112,75,6
113,75,6
114,75,6
115,75,6
116,75,6
117,75,6
118,75,6
119,75,6
120,75,6
121,75,6
122,75,6
123,75,6
124,75,6
125,75,6
126,75,6
127,75,6
128,75,6
129,75,6
130,75,6
131,75,6
132,75,6
133,75,6
134,75,6
135,75,7
136,75,7
137,75,7
138,75,7
139,75,7
140,75,7
141,75,7
142,75,7
143,75,7
144,75,7
145,75,7
146,75,7
147,75,7
148,75,7
149,75,7
150,75,7
151,75,7
152,75,7
153,75,7
154,75,7
155,75,7
156,75,7
157,75,8
158,75,8
159,75,8
160,75,8
161,75,8
162,75,8
163,75,9
164,75,9
165,75,10
166,75,10
167,75,11
168,75,12
169,75,13
170,75,14
171,75,18
172,75,111
173,75,62
174,75,128
175,75,128
176,75,128
177,75,128
178,75,128
179,75,128
180,75,128
181,75,128
182,75,128
183,75,128
184,75,128
185,75,128
186,75,128
187,75,128
188,75,128
189,75,128
190,75,128
191,75,128
192,75,128
193,75,128
194,75,128
195,75,128
196,75,128
197,75,128
198,75,128
199,75,128
200,75,128
201,75,128
202,75,128
203,75,128
204,75,128
205,75,128
206,75,128
207,75,128
208,75,128
209,75,128
210,75,128
211,75,128
212,75,128
213,75,128
214,75,128
215,75,128
216,75,128
217,75,128
218,75,128
219,75,128
220,75,128
221,75,128
222,75,128
223,75,128
224,75,128
225,75,128
226,75,128
227,75,128
228,75,128
229,75,128
230,75,128
231,75,128
232,75,128
233,75,128
234,75,128
235,75,128
236,75,128
237,75,128
238,75,128
239,75,128
240,75,128
241,75,128
242,75,128
243,75,128
244,75,128
245,75,128
246,75,128
247,75,128
248,75,128
249,75,128
250,75,128
251,75,128
252,75,128
253,75,128
254,75,128
255,75,128
0,76,1
1,76,1
2,76,1
3,76,1
4,76,1
5,76,1
6,76,2
7,76,2
8,76,2
9,76,2
10,76,3
11,76,3
12,76,3
13,76,3
14,76,3
15,76,3
16,76,3
17,76,3
18,76,3
19,76,3
20,76,3
21,76,3
22,76,3
23,76,3
24,76,3
25,76,3
26,76,3
27,76,3
28,76,3
29,76,3
30,76,3
31,76,3
32,76,3
33,76,3
34,76,3
35,76,3
36,76,3
37,76,3
38,76,3
39,76,3
40,76,3
41,76,3
42,76,3
43,76,3
44,76,3
45,76,3
46,76,3
47,76,3
48,76,3
49,76,3
50,76,3
51,76,3
52,76,3
53,76,3
54,76,3
55,76,4
56,76,4
57,76,4
58,76,4
59,76,4
60,76,4
61,76,4
62,76,4
63,76,4
64,76,4
65,76,4
66,76,4
67,76,4
68,76,4
69,76,4
70,76,4
71,76,4
72,76,4
73,76,4
74,76,4
75,76,4
76,76,4
77,76,5
78,76,5
79,76,5
80,76,5
81,76,5
82,76,5
83,76,5
84,76,5
85,76,6
86,76,6
87,76,6
88,76,6
89,76,7
90,76,7
91,76,8
92,76,9
93,76,10
94,76,13
95,76,14
96,76,15
97,76,11
98,76,9
99,76,8
100,76,7
101,76,7
102,76,7
103,76,7
104,76,7
105,76,7
106,76,7
107,76,7
108,76,7
109,76,7
110,76,7
111,76,7
112,76,7
113,76,7
114,76,7
115,76,7
116,76,7
117,76,7
118,76,7
119,76,7
120,76,7
121,76,7
122,76,7
123,76,7
124,76,7
125,76,7
126,76,7
127,76,7
128,76,7
129,76,7
130,76,7
131,76,7
132,76,7
133,76,7
134,76,7
135,76,7
136,76,7
137,76,7
138,76,7
139,76,7
140,76,7
141,76,7
142,76,7
143,76,7
144,76,7
145,76,7
146,76,7
147,76,7
148,76,7
149,76,7
150,76,7
151,76,7
152,76,7
153,76,7
154,76,7
155,76,7
156,76,8
157,76,8
158,76,8
159,76,8
160,76,8
161,76,8
162,76,8
163,76,9
164,76,9
165,76,10
166,76,10
167,76,11
168,76,12
169,76,13
170,76,14
171,76,20
172,76,29
173,76,27
174,76,57
175,76,102
176,76,128
177,76,128
178,76,128
179,76,128
180,76,128
181,76,128
182,76,128
183,76,128
184,76,128
185,76,128
186,76,128
187,76,128
188,76,128
189,76,128
190,76,128
191,76,128
192,76,128
193,76,128
194,76,128
195,76,128
196,76,128
197,76,128
198,76,128
199,76,128
200,76,128
201,76,128
202,76,128
203,76,128
204,76,128
205,76,128
206,76,128
207,76,128
208,76,128
209,76,128
210,76,128
211,76,128
212,76,128
213,76,128
214,76,128
215,76,128
216,76,128
217,76,128
218,76,128
219,76,128
220,76,128
221,76,128
222,76,128
223,76,128
224,76,128
225,76,128
226,76,128
227,76,128
228,76,128
229,76,128
230,76,128
231,76,128
232,76,128
233,76,128
234,76,128
235,76,128
236,76,128
237,76,128
238,76,128
239,76,128
240,76,128
241,76,128
242,76,128
243,76,128
244,76,128
245,76,128
246,76,128
247,76,128
248,76,128
249,76,128
250,76,128
251,76,128
252,76,128
253,76,128
254,76,128
255,76,128
0,77,1
1,77,1
2,77,1
3,77,1
4,77,1
5,77,1
6,77,2
7,77,2
8,77,2
9,77,3
10,77,3
11,77,3
12,77,3
13,77,3
14,77,3
15,77,3
16,77,3
17,77,3
18,77,3
19,77,3
20,77,3
21,77,3
22,77,3
23,77,3
24,77,3
25,77,3
26,77,3
27,77,3
28,77,3
29,77,3
30,77,3
31,77,3
32,77,3
33,77,3
34,77,3
35,77,3
36,77,3
37,77,3
38,77,3
39,77,3
40,77,3
41,77,3
42,77,3
43,77,3
44,77,3
45,77,3
46,77,3
47,77,3
48,77,3
49,77,3
50,77,3
51,77,3
52,77,4
53,77,4
54,77,4
55,77,4
56,77,4
57,77,4
58,77,4
59,77,4
60,77,4
61,77,4
62,77,4
63,77,4
64,77,4
65,77,4
66,77,4
67,77,4
68,77,4
69,77,4
70,77,4
71,77,4
72,77,4
73,77,4
74,77,4
75,77,4
76,77,5
77,77,5
78,77,5
79,77,5
80,77,5
81,77,5
82,77,5
83,77,5
84,77,6
85,77,6
86,77,6
87,77,6
88,77,6
89,77,7
90,77,7
91,77,8
92,77,8
93,77,10
94,77,11
95,77,16
96,77,12
97,77,10
98,77,9
99,77,8
100,77,8
101,77,7
102,77,7
103,77,7
104,77,7
105,77,7
106,77,7
107,77,7
108,77,7
109,77,7
110,77,7
111,77,7
112,77,7
113,77,7
114,77,7
115,77,7
116,77,7
117,77,7
118,77,7
119,77,7
120,77,7
121,77,7
122,77,7
123,77,8
124,77,8
125,77,8
126,77,8
127,77,7
128,77,7
129,77,7
130,77,7
131,77,7
132,77,7
133,77,7
134,77,7
135,77,7
136,77,7
137,77,7
138,77,7
139,77,7
140,77,7
141,77,7
142,77,7
143,77,7
144,77,7
145,77,7
146,77,7
147,77,7
148,77,7
149,77,7
150,77,7
151,77,7
152,77,7
153,77,7
154,77,7
155,77,8
156,77,8
157,77,8
158,77,8
159,77,8
160,77,8
161,77,8
162,77,9
163,77,9
164,77,10
165,77,10
166,77,10
167,77,11
168,77,12
169,77,13
170,77,14
171,77,15
172,77,18
173,77,20
174,77,28
175,77,30
176,77,37
177,77,128
178,77,128
179,77,128
180,77,128
181,77,128
182,77,128
183,77,128
184,77,128
185,77,128
186,77,128
187,77,128
188,77,128
189,77,128
190,77,128
191,77,128
192,77,128
193,77,128
194,77,128
195,77,128
196,77,128
197,77,128
198,77,128
199,77,128
200,77,128
201,77,128
202,77,128
203,77,128
204,77,128
205,77,128
206,77,128
207,77,128
208,77,128
209,77,128
210,77,128
211,77,128
212,77,128
213,77,128
214,77,128
215,77,128
216,77,128
217,77,128
218,77,128
219,77,128
220,77,128
221,77,128
222,77,128
223,77,128
224,77,128
225,77,128
226,77,128
227,77,128
228,77,128
229,77,128
230,77,128
231,77,128
232,77,128
233,77,128
234,77,128
235,77,128
236,77,128
237,77,128
238,77,128
239,77,128
240,77,128
241,77,128
242,77,128
243,77,128
244,77,128
245,77,128
246,77,128
247,77,128
248,77,128
249,77,128
250,77,128
251,77,128
252,77,128
253,77,128
254,77,128
255,77,128
0,78,1
1,78,1
2,78,1
3,78,1
4,78,1
5,78,2
6,78,2
7,78,2
8,78,2
9,78,3
10,78,3
11,78,3
12,78,3
13,78,3
14,78,3
15,78,3
16,78,3
17,78,3
18,78,3
19,78,3
20,78,3
21,78,3
22,78,3
23,78,3
24,78,3
25,78,3
26,78,3
27,78,3
28,78,3
29,78,3
30,78,3
31,78,3
32,78,3
33,78,3
34,78,3
35,78,3
36,78,3
37,78,3
38,78,3
39,78,3
40,78,3
41,78,3
42,78,3
43,78,3
44,78,3
45,78,3
46,78,3
47,78,3
48,78,3
49,78,4
50,78,4
51,78,4
52,78,4
53,78,4
54,78,4
55,78,4
56,78,4
57,78,4
58,78,4
59,78,4
60,78,4
61,78,4
62,78,4
63,78,4
64,78,4
65,78,4
66,78,4
67,78,4
68,78,4
69,78,4
70,78,4
71,78,4
72,78,4
73,78,4
74,78,4
75,78,5
76,78,5
77,78,5
78,78,5
79,78,5
80,78,5
81,78,5
82,78,5
83,78,5
84,78,6
85,78,6
86,78,6
87,78,6
88,78,6
89,78,7
90,78,7
91,78,8
92,78,8
93,78,9
94,78,11
95,78,14
96,78,17
97,78,11
98,78,9
99,78,8
100,78,8
101,78,8
102,78,8
103,78,7
104,78,7
105,78,7
106,78,7
107,78,7
108,78,7
109,78,7
110,78,7
111,78,7
112,78,7
113,78,7
114,78,7
115,78,7
116,78,7
117,78,7
118,78,7
119,78,7
120,78,7
121,78,8
122,78,8
123,78,9
124,78,13
125,78,9
126,78,9
127,78,8
128,78,8
129,78,8
130,78,7
131,78,7
132,78,7
133,78,7
134,78,7
135,78,7
136,78,7
137,78,7
138,78,7
139,78,7
140,78,7
141,78,7
142,78,7
143,78,7
144,78,7
145,78,7
146,78,7
147,78,7
148,78,7
149,78,7
150,78,7
151,78,7
152,78,7
153,78,7
154,78,8
155,78,8
156,78,8
157,78,8
158,78,8
159,78,8
160,78,8
161,78,8
162,78,9
163,78,9
164,78,10
165,78,10
166,78,11
167,78,12
168,78,13
169,78,14
170,78,15
171,78,15
172,78,17
173,78,21
174,78,24
175,78,128
176,78,128
177,78,128
178,78,128
179,78,128
180,78,128
181,78,128
182,78,128
183,78,128
184,78,128
185,78,128
186,78,128
187,78,128
188,78,128
189,78,128
190,78,128
191,78,128
192,78,128
193,78,128
194,78,128
195,78,128
196,78,128
197,78,128
198,78,128
199,78,128
200,78,128
201,78,128
202,78,128
203,78,128
204,78,128
205,78,128
206,78,128
207,78,128
208,78,128
209,78,128
210,78,128
211,78,128
212,78,128
213,78,128
214,78,128
215,78,128
216,78,128
217,78,128
218,78,128
219,78,128
220,78,128
221,78,128
222,78,128
223,78,128
224,78,128
225,78,128
226,78,128
227,78,128
228,78,128
229,78,128
230,78,128
231,78,128
232,78,128
233,78,128
234,78,128
235,78,128
236,78,128
237,78,128
238,78,128
239,78,128
240,78,128
241,78,128
242,78,128
243,78,128
244,78,128
245,78,128
246,78,128
247,78,128
248,78,128
249,78,128
250,78,128
251,78,128
252,78,128
253,78,128
254,78,128
255,78,128
0,79,1
1,79,1
2,79,1
3,79,1
4,79,1
5,79,2
6,79,2
7,79,2
8,79,3
9,79,3
10,79,3
11,79,3
12,79,3
13,79,3
14,79,3
15,79,3
16,79,3
17,79,3
18,79,3
19,79,3
20,79,3
21,79,3
22,79,3
23,79,3
24,79,3
25,79,3
26,79,3
27,79,3
28,79,3
29,79,3
30,79,3
31,79,3
32,79,3
33,79,3
34,79,3
35,79,3
36,79,3
37,79,3
38,79,3
39,79,3
40,79,3
41,79,3
42,79,3
43,79,3
44,79,3
45,79,3
46,79,4
47,79,4
48,79,4
49,79,4
50,79,4
51,79,4
52,79,4
53,79,4
54,79,4
55,79,4
56,79,4
57,79,4
58,79,4
59,79,4
60,79,4
61,79,4
62,79,4
63,79,4
64,79,4
65,79,4
66,79,4
67,79,4
68,79,4
69,79,4
70,79,4
71,79,4
72,79,4
73,79,5
74,79,5
75,79,5
76,79,5
77,79,5
78,79,5
79,79,5
80,79,5
81,79,5
82,79,5
83,79,6
84,79,6
85,79,6
86,79,6
87,79,6
88,79,6
89,79,7
90,79,7
91,79,8
92,79,8
93,79,9
94,79,28
95,79,33
96,79,16
97,79,16
98,79,9
99,79,8
100,79,8
101,79,8
102,79,8
103,79,8
104,79,7
105,79,7
106,79,7
107,79,7
108,79,7
109,79,7
110,79,7
111,79,7
112,79,7
113,79,7
114,79,7
115,79,7
116,79,7
117,79,7
118,79,7
119,79,8
120,79,8
121,79,8
122,79,9
123,79,9
124,79,23
125,79,12
126,79,10
127,79,8
128,79,8
129,79,8
130,79,8
131,79,8
132,79,7
133,79,7
134,79,7
135,79,7
136,79,7
137,79,7
138,79,7
139,79,7
140,79,7
141,79,7
142,79,7
143,79,7
144,79,7
145,79,7
146,79,7
147,79,7
148,79,7
149,79,7
150,79,7
151,79,7
152,79,7
153,79,8
154,79,8
155,79,8
156,79,8
157,79,8
158,79,8
159,79,8
160,79,8
161,79,9
162,79,9
163,79,10
164,79,10
165,79,11
166,79,35
167,79,41
168,79,41
169,79,16
170,79,15
171,79,17
172,79,24
173,79,49
174,79,30
175,79,128
176,79,128
177,79,128
178,79,128
179,79,128
180,79,128
181,79,128
182,79,128
183,79,128
184,79,128
185,79,128
186,79,128
187,79,128
188,79,128
189,79,128
190,79,128
191,79,128
192,79,128
193,79,128
194,79,128
195,79,128
196,79,128
197,79,128
198,79,128
199,79,128
200,79,128
201,79,128
202,79,128
203,79,128
204,79,128
205,79,128
206,79,128
207,79,128
208,79,128
209,79,128
210,79,128
211,79,128
212,79,128
213,79,128
214,79,128
215,79,128
216,79,128
217,79,128
218,79,128
219,79,128
220,79,128
221,79,128
222,79,128
223,79,128
224,79,128
225,79,128
226,79,128
227,79,128
228,79,128
229,79,128
230,79,128
231,79,128
232,79,128
233,79,128
234,79,128
235,79,128
236,79,128
237,79,128
238,79,128
239,79,128
240,79,128
241,79,128
242,79,128
243,79,128
244,79,128
245,79,128
246,79,128
247,79,128
248,79,128
249,79,128
250,79,128
251,79,128
252,79,128
253,79,128
254,79,128
255,79,128
0,80,1
1,80,1
2,80,1
3,80,1
4,80,1
5,80,2
6,80,2
7,80,2
8,80,3
9,80,3
10,80,3
11,80,3
12,80,3
13,80,3
14,80,3
15,80,3
16,80,3
17,80,3
18,80,3
19,80,3
20,80,3
21,80,3
22,80,3
23,80,3
24,80,3
25,80,3
26,80,3
27,80,3
28,80,3
29,80,3
30,80,3
31,80,3
32,80,3
33,80,3
34,80,3
35,80,3
36,80,3
37,80,3
38,80,3
39,80,3
40,80,3
41,80,3
42,80,3
43,80,4
44,80,4
45,80,4
46,80,4
47,80,4
48,80,4
49,80,4
50,80,4
51,80,4
52,80,4
53,80,4
54,80,4
55,80,4
56,80,4
57,80,4
58,80,4
59,80,4
60,80,4
61,80,4
62,80,4
63,80,4
64,80,4
65,80,4
66,80,4
67,80,4
68,80,4
69,80,4
70,80,4
71,80,4
72,80,5
73,80,5
74,80,5
75,80,5
76,80,5
77,80,5
78,80,5
79,80,5
80,80,5
81,80,5
82,80,5
83,80,6
84,80,6
85,80,6
86,80,6
87,80,6
88,80,6
89,80,6
90,80,7
91,80,8
92,80,8
93,80,10
94,80,12
95,80,25
96,80,14
97,80,11
98,80,9
99,80,8
100,80,8
101,80,8
102,80,8
103,80,8
104,80,8
105,80,7
106,80,7
107,80,7
108,80,7
109,80,7
110,80,7
111,80,7
112,80,7
113,80,7
114,80,7
115,80,7
116,80,7
117,80,8
118,80,8
119,80,8
120,80,8
121,80,8
122,80,9
123,80,10
124,80,13
125,80,18
126,80,13
127,80,10
128,80,8
129,80,8
130,80,8
131,80,8
132,80,8
133,80,7
134,80,7
135,80,7
136,80,7
137,80,7
138,80,7
139,80,7
140,80,7
141,80,7
142,80,7
143,80,7
144,80,7
145,80,7
146,80,7
147,80,7
148,80,7
149,80,7
150,80,7
151,80,8
152,80,8
153,80,8
154,80,8
155,80,8
156,80,8
157,80,8
158,80,8
159,80,8
160,80,8
161,80,9
162,80,10
163,80,10
164,80,11
165,80,12
166,80,17
167,80,128
168,80,21
169,80,18
170,80,17
171,80,19
172,80,62
173,80,128
174,80,128
175,80,128
176,80,128
177,80,128
178,80,128
179,80,128
180,80,128
181,80,128
182,80,128
183,80,128
184,80,128
185,80,128
186,80,128
187,80,128
188,80,128
189,80,128
190,80,128
191,80,128
192,80,128
193,80,128
194,80,128
195,80,128
196,80,128
197,80,128
198,80,128
199,80,128
200,80,128
201,80,128
202,80,128
203,80,128
204,80,128
205,80,128
206,80,128
207,80,128
208,80,128
209,80,128
210,80,128
211,80,128
212,80,128
213,80,128
214,80,128
215,80,128
216,80,128
217,80,128
218,80,128
219,80,128
220,80,128
221,80,128
222,80,128
223,80,128
224,80,128
225,80,128
226,80,128
227,80,128
228,80,128
229,80,128
230,80,128
231,80,128
232,80,128
233,80,128
234,80,128
235,80,128
236,80,128
237,80,128
238,80,128
239,80,128
240,80,128
241,80,128
242,80,128
243,80,128
244,80,128
245,80,128
246,80,128
247,80,128
248,80,128
249,80,128
250,80,128
251,80,128
252,80,128
253,80,128
254,80,128
255,80,128
0,81,1
1,81,1
2,81,1
3,81,1
4,81,1
5,81,2
6,81,2
7,81,2
8,81,3
9,81,3
10,81,3
11,81,3
12,81,3
13,81,3
14,81,3
15,81,3
16,81,3
17,81,3
18,81,3
19,81,3
20,81,3
21,81,3
22,81,3
23,81,3
24,81,3
25,81,3
26,81,3
27,81,3
28,81,3
29,81,3
30,81,3
31,81,3
32,81,3
33,81,3
34,81,3
35,81,3
36,81,3
37,81,3
38,81,3
39,81,3
40,81,4
41,81,4
42,81,4
43,81,4
44,81,4
45,81,4
46,81,4
47,81,4
48,81,4
49,81,4
50,81,4
51,81,4
52,81,4
53,81,4
54,81,4
55,81,4
56,81,4
57,81,4
58,81,4
59,81,4
60,81,4
61,81,4
62,81,4
63,81,4
64,81,4
65,81,4
66,81,4
67,81,4
68,81,4
69,81,4
70,81,5
71,81,5
72,81,5
73,81,5
74,81,5
75,81,5
76,81,5
77,81,5
78,81,5
79,81,5
80,81,5
81,81,5
82,81,6
83,81,6
84,81,6
85,81,6
86,81,6
87,81,6
88,81,6
89,81,6
90,81,7
91,81,8
92,81,9
93,81,10
94,81,12
95,81,20
96,81,13
97,81,11
98,81,10
99,81,9
100,81,9
101,81,8
102,81,8
103,81,8
104,81,8
105,81,8
106,81,8
107,81,7
108,81,7
109,81,7
110,81,7
111,81,7
112,81,7
113,81,7
114,81,7
115,81,7
116,81,8
117,81,8
118,81,8
119,81,8
120,81,8
121,81,9
122,81,10
123,81,12
124,81,13
125,81,23
126,81,16
127,81,10
128,81,9
129,81,8
130,81,8
131,81,8
132,81,8
133,81,8
134,81,8
135,81,7
136,81,7
137,81,7
138,81,7
139,81,7
140,81,7
141,81,7
142,81,7
143,81,7
144,81,7
145,81,7
146,81,7
147,81,7
148,81,7
149,81,7
150,81,8
151,81,8
152,81,8
153,81,8
154,81,8
155,81,8
156,81,8
157,81,8
158,81,8
159,81,8
160,81,9
161,81,9
162,81,10
163,81,12
164,81,13
165,81,17
166,81,21
167,81,120
168,81,23
169,81,22
170,81,20
171,81,21
172,81,78
173,81,128
174,81,128
175,81,128
176,81,128
177,81,128
178,81,128
179,81,128
180,81,128
181,81,128
182,81,128
183,81,128
184,81,128
185,81,128
186,81,128
187,81,128
188,81,128
189,81,128
190,81,128
191,81,128
192,81,128
193,81,128
194,81,128
195,81,128
196,81,128
197,81,128
198,81,128
199,81,128
200,81,128
201,81,128
202,81,128
203,81,128
204,81,128
205,81,128
206,81,128
207,81,128
208,81,128
209,81,128
210,81,128
211,81,128
212,81,128
213,81,128
214,81,128
215,81,128
216,81,128
217,81,128
218,81,128
219,81,128
220,81,128
221,81,128
222,81,128
223,81,128
224,81,128
225,81,128
226,81,128
227,81,128
228,81,128
229,81,128
230,81,128
231,81,128
232,81,128
233,81,128
234,81,128
235,81,128
236,81,128
237,81,128
238,81,128
239,81,128
240,81,128
241,81,128
242,81,128
243,81,128
244,81,128
245,81,128
246,81,128
247,81,128
248,81,128
249,81,128
250,81,128
251,81,128
252,81,128
253,81,128
254,81,128
255,81,128
0,82,1
1,82,1
2,82,1
3,82,1
4,82,1
5,82,2
6,82,2
7,82,2
8,82,3
9,82,3
10,82,3
11,82,3
12,82,3
13,82,3
14,82,3
15,82,3
16,82,3
17,82,3
18,82,3
19,82,3
20,82,3
21,82,3
22,82,3
23,82,3
24,82,3
25,82,3
26,82,3
27,82,3
28,82,3
29,82,3
30,82,3
31,82,3
32,82,3
33,82,3
34,82,3
35,82,3
36,82,3
37,82,3
38,82,4
39,82,4
40,82,4
41,82,4
42,82,4
43,82,4
44,82,4
45,82,4
46,82,4
47,82,4
48,82,4
49,82,4
50,82,4
51,82,4
52,82,4
53,82,4
54,82,4
55,82,4
56,82,4
57,82,4
58,82,4
59,82,4
60,82,4
61,82,4
62,82,4
63,82,4
64,82,4
65,82,4
66,82,4
67,82,4
68,82,4
69,82,5
70,82,5
71,82,5
72,82,5
73,82,5
74,82,5
75,82,5
76,82,5
77,82,5
78,82,5
79,82,5
80,82,5
81,82,5
82,82,6
83,82,6
84,82,6
85,82,6
86,82,6
87,82,6
88,82,6
89,82,6
90,82,8
91,82,9
92,82,11
93,82,17
94,82,15
95,82,30
96,82,13
97,82,11
98,82,10
99,82,10
100,82,9
101,82,9
102,82,9
103,82,9
104,82,8
105,82,8
106,82,8
107,82,8
108,82,8
109,82,8
110,82,7
111,82,7
112,82,7
113,82,8
114,82,8
115,82,8
116,82,8
117,82,8
118,82,8
119,82,8
120,82,9
121,82,12
122,82,18
123,82,22
124,82,21
125,82,17
126,82,13
127,82,10
128,82,10
129,82,9
130,82,9
131,82,8
132,82,8
133,82,8
134,82,8
135,82,8
136,82,8
137,82,7
138,82,7
139,82,7
140,82,7
141,82,7
142,82,7
143,82,7
144,82,7
145,82,7
146,82,7
147,82,7
148,82,8
149,82,8
150,82,8
151,82,8
152,82,8
153,82,8
154,82,8
155,82,8
156,82,8
157,82,8
158,82,8
159,82,9
160,82,9
161,82,10
162,82,15
163,82,39
164,82,18
165,82,37
166,82,36
167,82,33
168,82,26
169,82,128
170,82,48
171,82,27
172,82,71
173,82,128
174,82,128
175,82,128
176,82,128
177,82,128
178,82,128
179,82,128
180,82,128
181,82,128
182,82,128
183,82,128
184,82,128
185,82,128
186,82,128
187,82,128
188,82,128
189,82,128
190,82,128
191,82,128
192,82,128
193,82,128
194,82,128
195,82,128
196,82,128
197,82,128
198,82,128
199,82,128
200,82,128
201,82,128
202,82,128
203,82,128
204,82,128
205,82,128
206,82,128
207,82,128
208,82,128
209,82,128
210,82,128
211,82,128
212,82,128
213,82,128
214,82,128
215,82,128
216,82,128
217,82,128
218,82,128
219,82,128
220,82,128
221,82,128
222,82,128
223,82,128
224,82,128
225,82,128
226,82,128
227,82,128
228,82,128
229,82,128
230,82,128
231,82,128
232,82,128
233,82,128
234,82,128
235,82,128
236,82,128
237,82,128
238,82,128
239,82,128
240,82,128
241,82,128
242,82,128
243,82,128
244,82,128
245,82,128
246,82,128
247,82,128
248,82,128
249,82,128
250,82,128
251,82,128
252,82,128
253,82,128
254,82,128
255,82,128
0,83,1
1,83,1
2,83,1
3,83,1
4,83,2
5,83,2
6,83,2
7,83,3
8,83,3
9,83,3
10,83,3
11,83,3
12,83,3
13,83,3
14,83,3
15,83,3
16,83,3
17,83,3
18,83,3
19,83,3
20,83,3
21,83,3
22,83,3
23,83,3
24,83,3
25,83,3
26,83,3
27,83,3
28,83,3
29,83,3
30,83,3
31,83,3
32,83,3
33,83,3
34,83,3
35,83,4
36,83,4
37,83,4
38,83,4
39,83,4
40,83,4
41,83,4
42,83,4
43,83,4
44,83,4
45,83,4
46,83,4
47,83,4
48,83,4
49,83,4
50,83,4
51,83,4
52,83,4
53,83,4
54,83,4
55,83,4
56,83,4
57,83,4
58,83,4
59,83,4
60,83,4
61,83,4
62,83,4
63,83,4
64,83,4
65,83,4
66,83,4
67,83,4
68,83,5
69,83,5
70,83,5
71,83,5
72,83,5
73,83,5
74,83,5
75,83,5
76,83,5
77,83,5
78,83,5
79,83,5
80,83,5
81,83,5
82,83,6
83,83,6
84,83,6
85,83,6
86,83,6
87,83,6
88,83,6
89,83,7
90,83,8
91,83,12
92,83,18
93,83,14
94,83,15
95,83,18
96,83,14
97,83,12
98,83,10
99,83,10
100,83,10
101,83,9
102,83,9
103,83,9
104,83,9
105,83,9
106,83,9
107,83,9
108,83,9
109,83,8
110,83,8
111,83,8
112,83,8
113,83,8
114,83,8
115,83,8
116,83,8
117,83,9
118,83,9
119,83,9
120,83,10
121,83,11
122,83,14
123,83,26
124,83,16
125,83,13
126,83,12
127,83,10
128,83,10
129,83,9
130,83,9
131,83,9
132,83,9
133,83,8
134,83,8
135,83,8
136,83,8
137,83,8
138,83,8
139,83,8
140,83,8
141,83,7
142,83,7
143,83,8
144,83,8
145,83,8
146,83,8
147,83,8
148,83,8
149,83,8
150,83,8
151,83,8
152,83,8
153,83,8
154,83,8
155,83,8
156,83,8
157,83,9
158,83,9
159,83,9
160,83,10
161,83,10
162,83,12
163,83,16
164,83,24
165,83,79
166,83,70
167,83,48
168,83,90
169,83,128
170,83,128
171,83,128
172,83,72
173,83,128
174,83,128
175,83,128
176,83,128
177,83,128
178,83,128
179,83,128
180,83,128
181,83,128
182,83,128
183,83,128
184,83,128
185,83,128
186,83,128
187,83,128
188,83,128
189,83,128
190,83,128
191,83,128
192,83,128
193,83,128
194,83,128
195,83,128
196,83,128
197,83,128
198,83,128
199,83,128
200,83,128
201,83,128
202,83,128
203,83,128
204,83,128
205,83,128
206,83,128
207,83,128
208,83,128
209,83,128
210,83,128
211,83,128
212,83,128
213,83,128
214,83,128
215,83,128
216,83,128
217,83,128
218,83,128
219,83,128
220,83,128
221,83,128
222,83,128
223,83,128
224,83,128
225,83,128
226,83,128
227,83,128
228,83,128
229,83,128
230,83,128
231,83,128
232,83,128
233,83,128
234,83,128
235,83,128
236,83,128
237,83,128
238,83,128
239,83,128
240,83,128
241,83,128
242,83,128
243,83,128
244,83,128
245,83,128
246,83,128
247,83,128
248,83,128
249,83,128
250,83,128
251,83,128
252,83,128
253,83,128
254,83,128
255,83,128
0,84,1
1,84,1
2,84,1
3,84,1
4,84,2
5,84,2
6,84,2
7,84,3
8,84,3
9,84,3
10,84,3
11,84,3
12,84,3
13,84,3
14,84,3
15,84,3
16,84,3
17,84,3
18,84,3
19,84,3
20,84,3
21,84,3
22,84,3
23,84,3
24,84,3
25,84,3
26,84,3
27,84,3
28,84,3
29,84,3
30,84,3
31,84,3
32,84,3
33,84,4
34,84,4
35,84,4
36,84,4
37,84,4
38,84,4
39,84,4
40,84,4
41,84,4
42,84,4
43,84,4
44,84,4
45,84,4
46,84,4
47,84,4
48,84,4
49,84,4
50,84,4
51,84,4
52,84,4
53,84,4
54,84,4
55,84,4
56,84,4
57,84,4
58,84,4
59,84,4
60,84,4
61,84,4
62,84,4
63,84,4
64,84,4
65,84,4
66,84,5
67,84,5
68,84,5
69,84,5
70,84,5
71,84,5
72,84,5
73,84,5
74,84,5
75,84,5
76,84,5
77,84,5
78,84,5
79,84,5
80,84,5
81,84,6
82,84,6
83,84,6
84,84,6
85,84,6
86,84,6
87,84,6
88,84,6
89,84,7
90,84,8
91,84,9
92,84,10
93,84,11
94,84,12
95,84,18
96,84,24
97,84,16
98,84,11
99,84,10
100,84,10
101,84,10
102,84,10
103,84,9
104,84,9
105,84,9
106,84,9
107,84,10
108,84,10
109,84,14
110,84,10
111,84,9
112,84,9
113,84,9
114,84,9
115,84,9
116,84,9
117,84,9
118,84,9
119,84,10
120,84,10
121,84,12
122,84,19
123,84,25
124,84,15
125,84,13
126,84,12
127,84,11
128,84,10
129,84,10
130,84,9
131,84,9
132,84,9
133,84,9
134,84,9
135,84,9
136,84,9
137,84,8
138,84,8
139,84,8
140,84,8
141,84,8
142,84,8
143,84,8
144,84,8
145,84,8
146,84,8
147,84,8
148,84,8
149,84,8
150,84,8
151,84,8
152,84,8
153,84,8
154,84,8
155,84,9
156,84,9
157,84,9
158,84,9
159,84,9
160,84,10
161,84,10
162,84,11
163,84,19
164,84,22
165,84,122
166,84,39
167,84,48
168,84,128
169,84,128
170,84,128
171,84,128
172,84,128
173,84,128
174,84,128
175,84,128
176,84,128
177,84,128
178,84,128
179,84,128
180,84,128
181,84,128
182,84,128
183,84,128
184,84,128
185,84,128
186,84,128
187,84,128
188,84,128
189,84,128
190,84,128
191,84,128
192,84,128
193,84,128
194,84,128
195,84,128
196,84,128
197,84,128
198,84,128
199,84,128
200,84,128
201,84,128
202,84,128
203,84,128
204,84,128
205,84,128
206,84,128
207,84,128
208,84,128
209,84,128
210,84,128
211,84,128
212,84,128
213,84,128
214,84,128
215,84,128
216,84,128
217,84,128
218,84,128
219,84,128
220,84,128
221,84,128
222,84,128
223,84,128
224,84,128
225,84,128
226,84,128
227,84,128
228,84,128
229,84,128
230,84,128
231,84,128
232,84,128
233,84,128
234,84,128
235,84,128
236,84,128
237,84,128
238,84,128
239,84,128
240,84,128
241,84,128
242,84,128
243,84,128
244,84,128
245,84,128
246,84,128
247,84,128
248,84,128
249,84,128
250,84,128
251,84,128
252,84,128
253,84,128
254,84,128
255,84,128
0,85,1
1,85,1
2,85,1
3,85,1
4,85,2
5,85,2
6,85,2
7,85,3
8,85,3
9,85,3
10,85,3
11,85,3
12,85,3
13,85,3
14,85,3
15,85,3
16,85,3
17,85,3
18,85,3
19,85,3
20,85,3
21,85,3
22,85,3
23,85,3
24,85,3
25,85,3
26,85,3
27,85,3
28,85,3
29,85,3
30,85,3
31,85,4
32,85,4
33,85,4
34,85,4
35,85,4
36,85,4
37,85,4
38,85,4
39,85,4
40,85,4
41,85,4
42,85,4
43,85,4
44,85,4
45,85,4
46,85,4
47,85,4
48,85,4
49,85,4
50,85,4
51,85,4
52,85,4
53,85,4
54,85,4
55,85,4
56,85,4
57,85,4
58,85,4
59,85,4
60,85,4
61,85,4
62,85,4
63,85,4
64,85,4
65,85,5
66,85,5
67,85,5
68,85,5
69,85,5
70,85,5
71,85,5
72,85,5
73,85,5
74,85,5
75,85,5
76,85,5
77,85,5
78,85,5
79,85,5
80,85,5
81,85,6
82,85,6
83,85,6
84,85,6
85,85,6
86,85,6
87,85,6
88,85,6
89,85,7
90,85,8
91,85,8
92,85,9
93,85,10
94,85,10
95,85,13
96,85,19
97,85,14
98,85,12
99,85,12
100,85,11
101,85,11
102,85,11
103,85,11
104,85,10
105,85,10
106,85,10
107,85,11
108,85,18
109,85,21
110,85,10
111,85,10
112,85,9
113,85,9
114,85,9
115,85,9
116,85,9
117,85,9
118,85,9
119,85,10
120,85,10
121,85,13
122,85,16
123,85,25
124,85,16
125,85,15
126,85,13
127,85,12
128,85,11
129,85,11
130,85,10
131,85,9
132,85,9
133,85,9
134,85,9
135,85,9
136,85,9
137,85,9
138,85,9
139,85,9
140,85,8
141,85,8
142,85,8
143,85,8
144,85,8
145,85,8
146,85,8
147,85,8
148,85,8
149,85,8
150,85,8
151,85,8
152,85,8
153,85,9
154,85,9
155,85,9
156,85,9
157,85,9
158,85,9
159,85,10
160,85,10
161,85,11
162,85,11
163,85,13
164,85,16
165,85,21
166,85,55
167,85,29
168,85,128
169,85,128
170,85,128
171,85,128
172,85,128
173,85,128
174,85,128
175,85,128
176,85,128
177,85,128
178,85,128
179,85,128
180,85,128
181,85,128
182,85,128
183,85,128
184,85,128
185,85,128
186,85,128
187,85,128
188,85,128
189,85,128
190,85,128
191,85,128
192,85,128
193,85,128
194,85,128
195,85,128
196,85,128
197,85,128
198,85,128
199,85,128
200,85,128
201,85,128
202,85,128
203,85,128
204,85,128
205,85,128
206,85,128
207,85,128
208,85,128
209,85,128
210,85,128
211,85,128
212,85,128
213,85,128
214,85,128
215,85,128
216,85,128
217,85,128
218,85,128
219,85,128
220,85,128
221,85,128
222,85,128
223,85,128
224,85,128
225,85,128
226,85,128
227,85,128
228,85,128
229,85,128
230,85,128
231,85,128
232,85,128
233,85,128
234,85,128
235,85,128
236,85,128
237,85,128
238,85,128
239,85,128
240,85,128
241,85,128
242,85,128
243,85,128
244,85,128
245,85,128
246,85,128
247,85,128
248,85,128
249,85,128
250,85,128
251,85,128
252,85,128
253,85,128
254,85,128
255,85,128
0,86,1
1,86,1
2,86,1
3,86,1
4,86,2
5,86,2
6,86,3
7,86,3
8,86,3
9,86,3
10,86,3
11,86,3
12,86,3
13,86,3
14,86,3
15,86,3
16,86,3
17,86,3
18,86,3
19,86,3
20,86,3
21,86,3
22,86,3
23,86,3
24,86,3
25,86,3
26,86,3
27,86,3
28,86,3
29,86,4
30,86,4
31,86,4
32,86,4
33,86,4
34,86,4
35,86,4
36,86,4
37,86,4
38,86,4
39,86,4
40,86,4
41,86,4
42,86,4
43,86,4
44,86,4
45,86,4
46,86,4
47,86,4
48,86,4
49,86,4
50,86,4
51,86,4
52,86,4
53,86,4
54,86,4
55,86,4
56,86,4
57,86,4
58,86,4
59,86,4
60,86,4
61,86,4
62,86,4
63,86,4
64,86,5
65,86,5
66,86,5
67,86,5
68,86,5
69,86,5
70,86,5
71,86,5
72,86,5
73,86,5
74,86,5
75,86,5
76,86,5
77,86,5
78,86,5
79,86,5
80,86,5
81,86,6
82,86,6
83,86,6
84,86,6
85,86,6
86,86,6
87,86,6
88,86,6
89,86,7
90,86,8
91,86,8
92,86,8
93,86,9
94,86,11
95,86,14
96,86,24
97,86,17
98,86,14
99,86,13
100,86,13
101,86,13
102,86,13
103,86,24
104,86,12
105,86,11
106,86,11
107,86,12
108,86,24
109,86,14
110,86,11
111,86,10
112,86,10
113,86,9
114,86,9
115,86,9
116,86,9
117,86,9
118,86,10
119,86,10
120,86,11
121,86,12
122,86,15
123,86,27
124,86,21
125,86,44
126,86,18
127,86,17
128,86,13
129,86,12
130,86,25
131,86,10
132,86,10
133,86,10
134,86,10
135,86,10
136,86,10
137,86,10
138,86,11
139,86,11
140,86,10
141,86,9
142,86,9
143,86,9
144,86,9
145,86,9
146,86,9
147,86,9
148,86,9
149,86,9
150,86,9
151,86,9
152,86,9
153,86,9
154,86,9
155,86,9
156,86,9
157,86,9
158,86,10
159,86,10
160,86,10
161,86,11
162,86,11
163,86,12
164,86,13
165,86,15
166,86,18
167,86,37
168,86,128
169,86,128
170,86,128
171,86,128
172,86,128
173,86,128
174,86,128
175,86,128
176,86,128
177,86,128
178,86,128
179,86,128
180,86,128
181,86,128
182,86,128
183,86,128
184,86,128
185,86,128
186,86,128
187,86,128
188,86,128
189,86,128
190,86,128
191,86,128
192,86,128
193,86,128
194,86,128
195,86,128
196,86,128
197,86,128
198,86,128
199,86,128
200,86,128
201,86,128
202,86,128
203,86,128
204,86,128
205,86,128
206,86,128
207,86,128
208,86,128
209,86,128
210,86,128
211,86,128
212,86,128
213,86,128
214,86,128
215,86,128
216,86,128
217,86,128
218,86,128
219,86,128
220,86,128
221,86,128
222,86,128
223,86,128
224,86,128
225,86,128
226,86,128
227,86,128
228,86,128
229,86,128
230,86,128
231,86,128
232,86,128
233,86,128
234,86,128
235,86,128
236,86,128
237,86,128
238,86,128
239,86,128
240,86,128
241,86,128
242,86,128
243,86,128
244,86,128
245,86,128
246,86,128
247,86,128
248,86,128
249,86,128
250,86,128
251,86,128
252,86,128
253,86,128
254,86,128
255,86,128
0,87,1
1,87,1
2,87,1
3,87,1
4,87,2
5,87,2
6,87,3
7,87,3
8,87,3
9,87,3
10,87,3
11,87,3
12,87,3
13,87,3
14,87,3
15,87,3
16,87,3
17,87,3
18,87,3
19,87,3
20,87,3
21,87,3
22,87,3
23,87,3
24,87,3
25,87,3
26,87,3
27,87,4
28,87,4
29,87,4
30,87,4
31,87,4
32,87,4
33,87,4
34,87,4
35,87,4
36,87,4
37,87,4
38,87,4
39,87,4
40,87,4
41,87,4
42,87,4
43,87,4
44,87,4
45,87,4
46,87,4
47,87,4
48,87,4
49,87,4
50,87,4
51,87,4
52,87,4
53,87,4
54,87,4
55,87,4
56,87,4
57,87,4
58,87,4
59,87,4
60,87,4
61,87,4
62,87,4
63,87,5
64,87,5
65,87,5
66,87,5
67,87,5
68,87,5
69,87,5
70,87,5
71,87,5
72,87,5
73,87,5
74,87,5
75,87,5
76,87,5
77,87,5
78,87,5
79,87,5
80,87,5
81,87,6
82,87,6
83,87,6
84,87,6
85,87,6
86,87,6
87,87,6
88,87,7
89,87,7
90,87,8
91,87,8
92,87,8
93,87,8
94,87,11
95,87,19
96,87,14
97,87,17
98,87,18
99,87,15
100,87,43
101,87,21
102,87,17
103,87,35
104,87,14
105,87,15
106,87,13
107,87,13
108,87,15
109,87,28
110,87,13
111,87,11
112,87,11
113,87,10
114,87,10
115,87,10
116,87,10
117,87,10
118,87,10
119,87,11
120,87,11
121,87,12
122,87,13
123,87,15
124,87,17
125,87,18
126,87,26
127,87,27
128,87,15
129,87,23
130,87,14
131,87,12
132,87,11
133,87,11
134,87,10
135,87,10
136,87,11
137,87,12
138,87,32
139,87,13
140,87,10
141,87,10
142,87,9
143,87,9
144,87,9
145,87,9
146,87,9
147,87,9
148,87,9
149,87,9
150,87,9
151,87,9
152,87,9
153,87,9
154,87,9
155,87,9
156,87,9
157,87,10
158,87,10
159,87,10
160,87,10
161,87,11
162,87,12
163,87,12
164,87,14
165,87,15
166,87,17
167,87,20
168,87,25
169,87,36
170,87,48
171,87,128
172,87,128
173,87,128
174,87,128
175,87,128
176,87,128
177,87,128
178,87,128
179,87,128
180,87,128
181,87,128
182,87,128
183,87,128
184,87,128
185,87,128
186,87,128
187,87,128
188,87,128
189,87,128
190,87,128
191,87,128
192,87,128
193,87,128
194,87,128
195,87,128
196,87,128
197,87,128
198,87,128
199,87,128
200,87,128
201,87,128
202,87,128
203,87,128
204,87,128
205,87,128
206,87,128
207,87,128
208,87,128
209,87,128
210,87,128
211,87,128
212,87,128
213,87,128
214,87,128
215,87,128
216,87,128
217,87,128
218,87,128
219,87,128
220,87,128
221,87,128
222,87,128
223,87,128
224,87,128
225,87,128
226,87,128
227,87,128
228,87,128
229,87,128
230,87,128
231,87,128
232,87,128
233,87,128
234,87,128
235,87,128
236,87,128
237,87,128
238,87,128
239,87,128
240,87,128
241,87,128
242,87,128
243,87,128
244,87,128
245,87,128
246,87,128
247,87,128
248,87,128
249,87,128
250,87,128
251,87,128
252,87,128
253,87,128
254,87,128
255,87,128
0,88,1
1,88,1
2,88,1
3,88,1
4,88,2
5,88,2
6,88,3
7,88,3
8,88,3
9,88,3
10,88,3
11,88,3
12,88,3
13,88,3
14,88,3
15,88,3
16,88,3
17,88,3
18,88,3
19,88,3
20,88,3
21,88,3
22,88,3
23,88,3
24,88,3
25,88,3
26,88,4
27,88,4
28,88,4
29,88,4
30,88,4
31,88,4
32,88,4
33,88,4
34,88,4
35,88,4
36,88,4
37,88,4
38,88,4
39,88,4
40,88,4
41,88,4
42,88,4
43,88,4
44,88,4
45,88,4
46,88,4
47,88,4
48,88,4
49,88,4
50,88,4
51,88,4
52,88,4
53,88,4
54,88,4
55,88,4
56,88,4
57,88,4
58,88,4
59,88,4
60,88,4
61,88,4
62,88,5
63,88,5
64,88,5
65,88,5
66,88,5
67,88,5
68,88,5
69,88,5
70,88,5
71,88,5
72,88,5
73,88,5
74,88,5
75,88,5
76,88,5
77,88,5
78,88,5
79,88,5
80,88,6
81,88,6
82,88,6
83,88,6
84,88,6
85,88,6
86,88,6
87,88,6
88,88,7
89,88,7
90,88,8
91,88,8
92,88,8
93,88,8
94,88,9
95,88,11
96,88,11
97,88,15
98,88,15
99,88,16
100,88,15
101,88,17
102,88,20
103,88,30
104,88,19
105,88,17
106,88,15
107,88,20
108,88,18
109,88,30
110,88,14
111,88,13
112,88,12
113,88,12
114,88,12
115,88,11
116,88,11
117,88,11
118,88,11
119,88,11
120,88,11
121,88,12
122,88,13
123,88,14
124,88,15
125,88,17
126,88,24
127,88,68
128,88,20
129,88,21
130,88,29
131,88,13
132,88,11
133,88,11
134,88,11
135,88,12
136,88,15
137,88,39
138,88,24
139,88,23
140,88,11
141,88,10
142,88,10
143,88,9
144,88,9
145,88,9
146,88,9
147,88,9
148,88,9
149,88,9
150,88,9
151,88,9
152,88,9
153,88,9
154,88,9
155,88,9
156,88,10
157,88,10
158,88,10
159,88,10
160,88,10
161,88,11
162,88,12
163,88,13
164,88,15
165,88,21
166,88,18
167,88,20
168,88,84
169,88,128
170,88,128
171,88,128
172,88,128
173,88,128
174,88,128
175,88,128
176,88,128
177,88,128
178,88,128
179,88,128
180,88,128
181,88,128
182,88,128
183,88,128
184,88,128
185,88,128
186,88,128
187,88,128
188,88,128
189,88,128
190,88,128
191,88,128
192,88,128
193,88,128
194,88,128
195,88,128
196,88,128
197,88,128
198,88,128
199,88,128
200,88,128
201,88,128
202,88,128
203,88,128
204,88,128
205,88,128
206,88,128
207,88,128
208,88,128
209,88,128
210,88,128
211,88,128
212,88,128
213,88,128
214,88,128
215,88,128
216,88,128
217,88,128
218,88,128
219,88,128
220,88,128
221,88,128
222,88,128
223,88,128
224,88,128
225,88,128
226,88,128
227,88,128
228,88,128
229,88,128
230,88,128
231,88,128
232,88,128
233,88,128
234,88,128
235,88,128
236,88,128
237,88,128
238,88,128
239,88,128
240,88,128
241,88,128
242,88,128
243,88,128
244,88,128
245,88,128
246,88,128
247,88,128
248,88,128
249,88,128
250,88,128
251,88,128
252,88,128
253,88,128
254,88,128
255,88,128
0,89,1
1,89,1
2,89,1
3,89,2
4,89,2
5,89,2
6,89,3
7,89,3
8,89,3
9,89,3
10,89,3
11,89,3
12,89,3
13,89,3
14,89,3
15,89,3
16,89,3
17,89,3
18,89,3
19,89,3
20,89,3
21,89,3
22,89,3
23,89,3
24,89,4
25,89,4
26,89,4
27,89,4
28,89,4
29,89,4
30,89,4
31,89,4
32,89,4
33,89,4
34,89,4
35,89,4
36,89,4
37,89,4
38,89,4
39,89,4
40,89,4
41,89,4
42,89,4
43,89,4
44,89,4
45,89,4
46,89,4
47,89,4
48,89,4
49,89,4
50,89,4
51,89,4
52,89,4
53,89,4
54,89,4
55,89,4
56,89,4
57,89,4
58,89,4
59,89,4
60,89,5
61,89,5
62,89,5
63,89,5
64,89,5
65,89,5
66,89,5
67,89,5
68,89,5
69,89,5
70,89,5
71,89,5
72,89,5
73,89,5
74,89,5
75,89,5
76,89,5
77,89,5
78,89,5
79,89,5
80,89,6
81,89,6
82,89,6
83,89,6
84,89,6
85,89,6
86,89,6
87,89,7
88,89,7
89,89,7
90,89,7
91,89,8
92,89,8
93,89,8
94,89,9
95,89,10
96,89,10
97,89,11
98,89,12
99,89,12
100,89,13
101,89,13
102,89,15
103,89,26
104,89,68
105,89,23
106,89,18
107,89,20
108,89,48
109,89,32
110,89,16
111,89,14
112,89,14
113,89,30
114,89,15
115,89,12
116,89,11
117,89,11
118,89,11
119,89,11
120,89,12
121,89,13
122,89,13
123,89,14
124,89,15
125,89,19
126,89,26
127,89,29
128,89,40
129,89,99
130,89,21
131,89,18
132,89,13
133,89,12
134,89,12
135,89,13
136,89,28
137,89,24
138,89,16
139,89,14
140,89,12
141,89,11
142,89,10
143,89,10
144,89,9
145,89,9
146,89,9
147,89,9
148,89,9
149,89,9
150,89,9
151,89,9
152,89,9
153,89,9
154,89,9
155,89,10
156,89,10
157,89,10
158,89,10
159,89,10
160,89,11
161,89,11
162,89,12
163,89,14
164,89,64
165,89,26
166,89,21
167,89,23
168,89,92
169,89,128
170,89,128
171,89,128
172,89,128
173,89,128
174,89,128
175,89,128
176,89,128
177,89,128
178,89,128
179,89,128
180,89,128
181,89,128
182,89,128
183,89,128
184,89,128
185,89,128
186,89,128
187,89,128
188,89,128
189,89,128
190,89,128
191,89,128
192,89,128
193,89,128
194,89,128
195,89,128
196,89,128
197,89,128
198,89,128
199,89,128
200,89,128
201,89,128
202,89,128
203,89,128
204,89,128
205,89,128
206,89,128
207,89,128
208,89,128
209,89,128
210,89,128
211,89,128
212,89,128
213,89,128
214,89,128
215,89,128
216,89,128
217,89,128
218,89,128
219,89,128
220,89,128
221,89,128
222,89,128
223,89,128
224,89,128
225,89,128
226,89,128
227,89,128
228,89,128
229,89,128
230,89,128
231,89,128
232,89,128
233,89,128
234,89,128
235,89,128
236,89,128
237,89,128
238,89,128
239,89,128
240,89,128
241,89,128
242,89,128
243,89,128
244,89,128
245,89,128
246,89,128
247,89,128
248,89,128
249,89,128
250,89,128
251,89,128
252,89,128
253,89,128
254,89,128
255,89,128
0,90,1
1,90,1
2,90,1
3,90,2
4,90,2
5,90,3
6,90,3
7,90,3
8,90,3
9,90,3
10,90,3
11,90,3
12,90,3
13,90,3
14,90,3
15,90,3
16,90,3
17,90,3
18,90,3
19,90,3
20,90,3
21,90,3
22,90,4
23,90,4
24,90,4
25,90,4
26,90,4
27,90,4
28,90,4
29,90,4
30,90,4
31,90,4
32,90,4
33,90,4
34,90,4
35,90,4
36,90,4
37,90,4
38,90,4
39,90,4
40,90,4
41,90,4
42,90,4
43,90,4
44,90,4
45,90,4
46,90,4
47,90,4
48,90,4
49,90,4
50,90,4
51,90,4
52,90,4
53,90,4
54,90,4
55,90,4
56,90,4
57,90,4
58,90,4
59,90,5
60,90,5
61,90,5
62,90,5
63,90,5
64,90,5
65,90,5
66,90,5
67,90,5
68,90,5
69,90,5
70,90,5
71,90,5
72,90,5
73,90,5
74,90,5
75,90,5
76,90,5
77,90,5
78,90,5
79,90,5
80,90,6
81,90,6
82,90,6
83,90,6
84,90,6
85,90,6
86,90,6
87,90,7
88,90,7
89,90,7
90,90,7
91,90,8
92,90,8
93,90,8
94,90,9
95,90,9
96,90,10
97,90,10
98,90,11
99,90,11
100,90,12
101,90,13
102,90,15
103,90,19
104,90,25
105,90,25
106,90,42
107,90,26
108,90,29
109,90,19
110,90,17
111,90,16
112,90,18
113,90,17
114,90,14
115,90,13
116,90,12
117,90,12
118,90,12
119,90,12
120,90,13
121,90,13
122,90,13
123,90,15
124,90,16
125,90,17
126,90,21
127,90,24
128,90,32
129,90,39
130,90,29
131,90,17
132,90,14
133,90,13
134,90,13
135,90,14
136,90,58
137,90,21
138,90,17
139,90,14
140,90,12
141,90,11
142,90,11
143,90,10
144,90,10
145,90,10
146,90,9
147,90,9
148,90,9
149,90,9
150,90,9
151,90,9
152,90,9
153,90,9
154,90,10
155,90,10
156,90,10
157,90,10
158,90,10
159,90,10
160,90,11
161,90,12
162,90,14
163,90,19
164,90,128
165,90,69
166,90,88
167,90,50
168,90,128
169,90,128
170,90,128
171,90,128
172,90,128
173,90,128
174,90,128
175,90,128
176,90,128
177,90,128
178,90,128
179,90,128
180,90,128
181,90,128
182,90,128
183,90,128
184,90,128
185,90,128
186,90,128
187,90,128
188,90,128
189,90,128
190,90,128
191,90,128
192,90,128
193,90,128
194,90,128
195,90,128
196,90,128
197,90,128
198,90,128
199,90,128
200,90,128
201,90,128
202,90,128
203,90,128
204,90,128
205,90,128
206,90,128
207,90,128
208,90,128
209,90,128
210,90,128
211,90,128
212,90,128
213,90,128
214,90,128
215,90,128
216,90,128
217,90,128
218,90,128
219,90,128
220,90,128
221,90,128
222,90,128
223,90,128
224,90,128
225,90,128
226,90,128
227,90,128
228,90,128
229,90,128
230,90,128
231,90,128
232,90,128
233,90,128
234,90,128
235,90,128
236,90,128
237,90,128
238,90,128
239,90,128
240,90,128
241,90,128
242,90,128
243,90,128
244,90,128
245,90,128
246,90,128
247,90,128
248,90,128
249,90,128
250,90,128
251,90,128
252,90,128
253,90,128
254,90,128
255,90,128
0,91,1
1,91,1
2,91,1
3,91,2
4,91,2
5,91,3
6,91,3
7,91,3
8,91,3
9,91,3
10,91,3
11,91,3
12,91,3
13,91,3
14,91,3
15,91,3
16,91,3
17,91,3
18,91,3
19,91,3
20,91,3
21,91,4
22,91,4
23,91,4
24,91,4
25,91,4
26,91,4
27,91,4
28,91,4
29,91,4
30,91,4
31,91,4
32,91,4
33,91,4
34,91,4
35,91,4
36,91,4
37,91,4
38,91,4
39,91,4
40,91,4
41,91,4
42,91,4
43,91,4
44,91,4
45,91,4
46,91,4
47,91,4
48,91,4
49,91,4
50,91,4
51,91,4
52,91,4
53,91,4
54,91,4
55,91,4
56,91,4
57,91,4
58,91,5
59,91,5
60,91,5
61,91,5
62,91,5
63,91,5
64,91,5
65,91,5
66,91,5
67,91,5
68,91,5
69,91,5
70,91,5
71,91,5
72,91,5
73,91,5
74,91,5
75,91,5
76,91,5
77,91,5
78,91,5
79,91,5
80,91,6
81,91,6
82,91,6
83,91,6
84,91,6
85,91,6
86,91,7
87,91,7
88,91,7
89,91,7
90,91,7
91,91,8
92,91,8
93,91,8
94,91,9
95,91,9
96,91,9
97,91,10
98,91,10
99,91,11
100,91,11
101,91,12
102,91,30
103,91,51
104,91,19
105,91,20
106,91,25
107,91,30
108,91,41
109,91,23
110,91,21
111,91,18
112,91,21
113,91,33
114,91,15
115,91,13
116,91,13
117,91,13
118,91,14
119,91,14
120,91,14
121,91,14
122,91,15
123,91,40
124,91,18
125,91,29
126,91,32
127,91,39
128,91,59
129,91,45
130,91,25
131,91,30
132,91,17
133,91,15
134,91,15
135,91,16
136,91,19
137,91,26
138,91,32
139,91,24
140,91,14
141,91,12
142,91,11
143,91,11
144,91,11
145,91,10
146,91,10
147,91,10
148,91,10
149,91,9
150,91,10
151,91,10
152,91,10
153,91,10
154,91,10
155,91,10
156,91,10
157,91,10
158,91,10
159,91,11
160,91,11
161,91,15
162,91,53
163,91,50
164,91,90
165,91,128
166,91,81
167,91,128
168,91,128
169,91,128
170,91,128
171,91,128
172,91,128
173,91,128
174,91,128
175,91,128
176,91,128
177,91,128
178,91,128
179,91,128
180,91,128
181,91,128
182,91,128
183,91,128
184,91,128
185,91,128
186,91,128
187,91,128
188,91,128
189,91,128
190,91,128
191,91,128
192,91,128
193,91,128
194,91,128
195,91,128
196,91,128
197,91,128
198,91,128
199,91,128
200,91,128
201,91,128
202,91,128
203,91,128
204,91,128
205,91,128
206,91,128
207,91,128
208,91,128
209,91,128
210,91,128
211,91,128
212,91,128
213,91,128
214,91,128
215,91,128
216,91,128
217,91,128
218,91,128
219,91,128
220,91,128
221,91,128
222,91,128
223,91,128
224,91,128
225,91,128
226,91,128
227,91,128
228,91,128
229,91,128
230,91,128
231,91,128
232,91,128
233,91,128
234,91,128
235,91,128
236,91,128
237,91,128
238,91,128
239,91,128
240,91,128
241,91,128
242,91,128
243,91,128
244,91,128
245,91,128
246,91,128
247,91,128
248,91,128
249,91,128
250,91,128
251,91,128
252,91,128
253,91,128
254,91,128
255,91,128
0,92,1
1,92,1
2,92,1
3,92,2
4,92,2
5,92,3
6,92,3
7,92,3
8,92,3
9,92,3
10,92,3
11,92,3
12,92,3
13,92,3
14,92,3
15,92,3
16,92,3
17,92,3
18,92,3
19,92,3
20,92,4
21,92,4
22,92,4
23,92,4
24,92,4
25,92,4
26,92,4
27,92,4
28,92,4
29,92,4
30,92,4
31,92,4
32,92,4
33,92,4
34,92,4
35,92,4
36,92,4
37,92,4
38,92,4
39,92,4
40,92,4
41,92,4
42,92,4
43,92,4
44,92,4
45,92,4
46,92,4
47,92,4
48,92,4
49,92,4
50,92,4
51,92,4
52,92,4
53,92,4
54,92,4
55,92,4
56,92,4
57,92,5
58,92,5
59,92,5
60,92,5
61,92,5
62,92,5
63,92,5
64,92,5
65,92,5
66,92,5
67,92,5
68,92,5
69,92,5
70,92,5
71,92,5
72,92,5
73,92,5
74,92,5
75,92,5
76,92,5
77,92,5
78,92,5
79,92,6
80,92,6
81,92,6
82,92,6
83,92,6
84,92,6
85,92,7
86,92,7
87,92,7
88,92,7
89,92,7
90,92,7
91,92,8
92,92,8
93,92,8
94,92,9
95,92,9
96,92,9
97,92,10
98,92,10
99,92,11
100,92,11
101,92,12
102,92,14
103,92,15
104,92,16
105,92,18
106,92,21
107,92,31
108,92,51
109,92,36
110,92,39
111,92,22
112,92,30
113,92,28
114,92,36
115,92,15
116,92,14
117,92,15
118,92,26
119,92,19
120,92,15
121,92,15
122,92,16
123,92,23
124,92,71
125,92,128
126,92,51
127,92,128
128,92,128
129,92,61
130,92,34
131,92,31
132,92,17
133,92,16
134,92,15
135,92,16
136,92,18
137,92,20
138,92,24
139,92,29
140,92,26
141,92,14
142,92,12
143,92,12
144,92,12
145,92,12
146,92,11
147,92,10
148,92,10
149,92,10
150,92,10
151,92,10
152,92,10
153,92,10
154,92,10
155,92,10
156,92,10
157,92,11
158,92,11
159,92,11
160,92,12
161,92,13
162,92,47
163,92,43
164,92,46
165,92,128
166,92,128
167,92,128
168,92,128
169,92,128
170,92,128
171,92,128
172,92,128
173,92,128
174,92,128
175,92,128
176,92,128
177,92,128
178,92,128
179,92,128
180,92,128
181,92,128
182,92,128
183,92,128
184,92,128
185,92,128
186,92,128
187,92,128
188,92,128
189,92,128
190,92,128
191,92,128
192,92,128
193,92,128
194,92,128
195,92,128
196,92,128
197,92,128
198,92,128
199,92,128
200,92,128
201,92,128
202,92,128
203,92,128
204,92,128
205,92,128
206,92,128
207,92,128
208,92,128
209,92,128
210,92,128
211,92,128
212,92,128
213,92,128
214,92,128
215,92,128
216,92,128
217,92,128
218,92,128
219,92,128
220,92,128
221,92,128
222,92,128
223,92,128
224,92,128
225,92,128
226,92,128
227,92,128
228,92,128
229,92,128
230,92,128
231,92,128
232,92,128
233,92,128
234,92,128
235,92,128
236,92,128
237,92,128
238,92,128
239,92,128
240,92,128
241,92,128
242,92,128
243,92,128
244,92,128
245,92,128
246,92,128
247,92,128
248,92,128
249,92,128
250,92,128
251,92,128
252,92,128
253,92,128
254,92,128
255,92,128
0,93,1
1,93,1
2,93,1
3,93,2
4,93,2
5,93,3
6,93,3
7,93,3
8,93,3
9,93,3
10,93,3
11,93,3
12,93,3
13,93,3
14,93,3
15,93,3
16,93,3
17,93,3
18,93,4
19,93,4
20,93,4
21,93,4
22,93,4
23,93,4
24,93,4
25,93,4
26,93,4
27,93,4
28,93,4
29,93,4
30,93,4
31,93,4
32,93,4
33,93,4
34,93,4
35,93,4
36,93,4
37,93,4
38,93,4
39,93,4
40,93,4
41,93,4
42,93,4
43,93,4
44,93,4
45,93,4
46,93,4
47,93,4
48,93,4
49,93,4
50,93,4
51,93,4
52,93,4
53,93,4
54,93,4
55,93,4
56,93,5
57,93,5
58,93,5
59,93,5
60,93,5
61,93,5
62,93,5
63,93,5
64,93,5
65,93,5
66,93,5
67,93,5
68,93,5
69,93,5
70,93,5
71,93,5
72,93,5
73,93,5
74,93,5
75,93,5
76,93,5
77,93,5
78,93,5
79,93,6
80,93,6
81,93,6
82,93,6
83,93,6
84,93,6
85,93,7
86,93,7
87,93,7
88,93,7
89,93,7
90,93,7
91,93,8
92,93,8
93,93,8
94,93,9
95,93,9
96,93,9
97,93,9
98,93,10
99,93,11
100,93,11
101,93,12
102,93,13
103,93,14
104,93,15
105,93,19
106,93,23
107,93,39
108,93,128
109,93,128
110,93,36
111,93,128
112,93,33
113,93,59
114,93,21
115,93,18
116,93,15
117,93,16
118,93,21
119,93,24
120,93,19
121,93,18
122,93,17
123,93,19
124,93,22
125,93,28
126,93,128
127,93,128
128,93,128
129,93,128
130,93,128
131,93,92
132,93,20
133,93,25
134,93,18
135,93,17
136,93,19
137,93,21
138,93,61
139,93,104
140,93,97
141,93,50
142,93,13
143,93,13
144,93,15
145,93,15
146,93,14
147,93,12
148,93,11
149,93,11
150,93,10
151,93,10
152,93,10
153,93,10
154,93,10
155,93,11
156,93,11
157,93,11
158,93,11
159,93,12
160,93,12
161,93,13
162,93,15
163,93,20
164,93,74
165,93,70
166,93,128
167,93,128
168,93,128
169,93,128
170,93,128
171,93,128
172,93,128
173,93,128
174,93,128
175,93,128
176,93,128
177,93,128
178,93,128
179,93,128
180,93,128
181,93,128
182,93,128
183,93,128
184,93,128
185,93,128
186,93,128
187,93,128
188,93,128
189,93,128
190,93,128
191,93,128
192,93,128
193,93,128
194,93,128
195,93,128
196,93,128
197,93,128
198,93,128
199,93,128
200,93,128
201,93,128
202,93,128
203,93,128
204,93,128
205,93,128
206,93,128
207,93,128
208,93,128
209,93,128
210,93,128
211,93,128
212,93,128
213,93,128
214,93,128
215,93,128
216,93,128
217,93,128
218,93,128
219,93,128
220,93,128
221,93,128
222,93,128
223,93,128
224,93,128
225,93,128
226,93,128
227,93,128
228,93,128
229,93,128
230,93,128
231,93,128
232,93,128
233,93,128
234,93,128
235,93,128
236,93,128
237,93,128
238,93,128
239,93,128
240,93,128
241,93,128
242,93,128
243,93,128
244,93,128
245,93,128
246,93,128
247,93,128
248,93,128
249,93,128
250,93,128
251,93,128
252,93,128
253,93,128
254,93,128
255,93,128
0,94,1
1,94,1
2,94,1
3,94,2
4,94,3
5,94,3
6,94,3
7,94,3
8,94,3
9,94,3
10,94,3
11,94,3
12,94,3
13,94,3
14,94,3
15,94,3
16,94,3
17,94,4
18,94,4
19,94,4
20,94,4
21,94,4
22,94,4
23,94,4
24,94,4
25,94,4
26,94,4
27,94,4
28,94,4
29,94,4
30,94,4
31,94,4
32,94,4
33,94,4
34,94,4
35,94,4
36,94,4
37,94,4
38,94,4
39,94,4
40,94,4
41,94,4
42,94,4
43,94,4
44,94,4
45,94,4
46,94,4
47,94,4
48,94,4
49,94,4
50,94,4
51,94,4
52,94,4
53,94,4
54,94,4
55,94,5
56,94,5
57,94,5
58,94,5
59,94,5
60,94,5
61,94,5
62,94,5
63,94,5
64,94,5
65,94,5
66,94,5
67,94,5
68,94,5
69,94,5
70,94,5
71,94,5
72,94,5
73,94,5
74,94,5
75,94,5
76,94,5
77,94,5
78,94,5
79,94,6
80,94,6
81,94,6
82,94,6
83,94,6
84,94,7
85,94,7
86,94,7
87,94,7
88,94,7
89,94,7
90,94,7
91,94,8
92,94,8
93,94,8
94,94,9
95,94,9
96,94,9
97,94,9
98,94,10
99,94,11
100,94,11
101,94,12
102,94,13
103,94,14
104,94,16
105,94,19
106,94,25
107,94,35
108,94,128
109,94,128
110,94,128
111,94,128
112,94,128
113,94,82
114,94,30
115,94,20
116,94,17
117,94,17
118,94,19
119,94,25
120,94,57
121,94,47
122,94,22
123,94,22
124,94,24
125,94,88
126,94,128
127,94,128
128,94,128
129,94,128
130,94,128
131,94,31
132,94,23
133,94,30
134,94,23
135,94,21
136,94,26
137,94,128
138,94,30
139,94,39
140,94,65
141,94,28
142,94,15
143,94,16
144,94,39
145,94,41
146,94,28
147,94,12
148,94,12
149,94,11
150,94,11
151,94,11
152,94,11
153,94,11
154,94,11
155,94,11
156,94,11
157,94,11
158,94,12
159,94,12
160,94,12
161,94,13
162,94,15
163,94,17
164,94,20
165,94,26
166,94,34
167,94,128
168,94,128
169,94,128
170,94,128
171,94,128
172,94,128
173,94,128
174,94,128
175,94,128
176,94,128
177,94,128
178,94,128
179,94,128
180,94,128
181,94,128
182,94,128
183,94,128
184,94,128
185,94,128
186,94,128
187,94,128
188,94,128
189,94,128
190,94,128
191,94,128
192,94,128
193,94,128
194,94,128
195,94,128
196,94,128
197,94,128
198,94,128
199,94,128
200,94,128
201,94,128
202,94,128
203,94,128
204,94,128
205,94,128
206,94,128
207,94,128
208,94,128
209,94,128
210,94,128
211,94,128
212,94,128
213,94,128
214,94,128
215,94,128
216,94,128
217,94,128
218,94,128
219,94,128
220,94,128
221,94,128
222,94,128
223,94,128
224,94,128
225,94,128
226,94,128
227,94,128
228,94,128
229,94,128
230,94,128
231,94,128
232,94,128
233,94,128
234,94,128
235,94,128
236,94,128
237,94,128
238,94,128
239,94,128
240,94,128
241,94,128
242,94,128
243,94,128
244,94,128
245,94,128
246,94,128
247,94,128
248,94,128
249,94,128
250,94,128
251,94,128
252,94,128
253,94,128
254,94,128
255,94,128
0,95,1
1,95,1
2,95,1
3,95,2
4,95,3
5,95,3
6,95,3
7,95,3
8,95,3
9,95,3
10,95,3
11,95,3
12,95,3
13,95,3
14,95,3
15,95,3
16,95,4
17,95,4
18,95,4
19,95,4
20,95,4
21,95,4
22,95,4
23,95,4
24,95,4
25,95,4
26,95,4
27,95,4
28,95,4
29,95,4
30,95,4
31,95,4
32,95,4
33,95,4
34,95,4
35,95,4
36,95,4
37,95,4
38,95,4
39,95,4
40,95,4
41,95,4
42,95,4
43,95,4
44,95,4
45,95,4
46,95,4
47,95,4
48,95,4
49,95,4
50,95,4
51,95,4
52,95,4
53,95,4
54,95,5
55,95,5
56,95,5
57,95,5
58,95,5
59,95,5
60,95,5
61,95,5
62,95,5
63,95,5
64,95,5
65,95,5
66,95,5
67,95,5
68,95,5
69,95,5
70,95,5
71,95,5
72,95,5
73,95,5
74,95,5
75,95,5
76,95,5
77,95,5
78,95,6
79,95,6
80,95,6
81,95,6
82,95,6
83,95,6
84,95,7
85,95,7
86,95,7
87,95,7
88,95,7
89,95,7
90,95,7
91,95,7
92,95,8
93,95,8
94,95,9
95,95,9
96,95,9
97,95,9
98,95,10
99,95,11
100,95,12
101,95,12
102,95,13
103,95,16
104,95,54
105,95,25
106,95,32
107,95,52
108,95,128
109,95,128
110,95,128
111,95,128
112,95,128
113,95,128
114,95,120
115,95,23
116,95,20
117,95,22
118,95,21
119,95,29
120,95,48
121,95,128
122,95,29
123,95,47
124,95,31
125,95,33
126,95,128
127,95,128
128,95,128
129,95,128
130,95,128
131,95,32
132,95,39
133,95,128
134,95,107
135,95,25
136,95,28
137,95,119
138,95,124
139,95,128
140,95,34
141,95,51
142,95,17
143,95,19
144,95,27
145,95,19
146,95,15
147,95,13
148,95,12
149,95,11
150,95,11
151,95,11
152,95,11
153,95,11
154,95,11
155,95,11
156,95,11
157,95,12
158,95,12
159,95,12
160,95,12
161,95,14
162,95,16
163,95,37
164,95,25
165,95,36
166,95,87
167,95,128
168,95,128
169,95,128
170,95,128
171,95,128
172,95,128
173,95,128
174,95,128
175,95,128
176,95,128
177,95,128
178,95,128
179,95,128
180,95,128
181,95,128
182,95,128
183,95,128
184,95,128
185,95,128
186,95,128
187,95,128
188,95,128
189,95,128
190,95,128
191,95,128
192,95,128
193,95,128
194,95,128
195,95,128
196,95,128
197,95,128
198,95,128
199,95,128
200,95,128
201,95,128
202,95,128
203,95,128
204,95,128
205,95,128
206,95,128
207,95,128
208,95,128
209,95,128
210,95,128
211,95,128
212,95,128
213,95,128
214,95,128
215,95,128
216,95,128
217,95,128
218,95,128
219,95,128
220,95,128
221,95,128
222,95,128
223,95,128
224,95,128
225,95,128
226,95,128
227,95,128
228,95,128
229,95,128
230,95,128
231,95,128
232,95,128
233,95,128
234,95,128
235,95,128
236,95,128
237,95,128
238,95,128
239,95,128
240,95,128
241,95,128
242,95,128
243,95,128
244,95,128
245,95,128
246,95,128
247,95,128
248,95,128
249,95,128
250,95,128
251,95,128
252,95,128
253,95,128
254,95,128
255,95,128
0,96,1
1,96,1
2,96,1
3,96,2
4,96,3
5,96,3
6,96,3
7,96,3
8,96,3
9,96,3
10,96,3
11,96,3
12,96,3
13,96,3
14,96,3
15,96,4
16,96,4
17,96,4
18,96,4
19,96,4
20,96,4
21,96,4
22,96,4
23,96,4
24,96,4
25,96,4
26,96,4
27,96,4
28,96,4
29,96,4
30,96,4
31,96,4
32,96,4
33,96,4
34,96,4
35,96,4
36,96,4
37,96,4
38,96,4
39,96,4
40,96,4
41,96,4
42,96,4
43,96,4
44,96,4
45,96,4
46,96,4
47,96,4
48,96,4
49,96,4
50,96,4
51,96,4
52,96,4
53,96,5
54,96,5
55,96,5
56,96,5
57,96,5
58,96,5
59,96,5
60,96,5
61,96,5
62,96,5
63,96,5
64,96,5
65,96,5
66,96,5
67,96,5
68,96,5
69,96,5
70,96,5
71,96,5
72,96,5
73,96,5
74,96,5
75,96,5
76,96,5
77,96,5
78,96,6
79,96,6
80,96,6
81,96,6
82,96,6
83,96,7
84,96,7
85,96,7
86,96,7
87,96,7
88,96,7
89,96,7
90,96,7
91,96,7
92,96,8
93,96,8
94,96,9
95,96,9
96,96,9
97,96,9
98,96,10
99,96,11
100,96,13
101,96,14
102,96,15
103,96,17
104,96,25
105,96,45
106,96,98
107,96,128
108,96,128
109,96,128
110,96,128
111,96,128
112,96,128
113,96,128
114,96,128
115,96,25
116,96,23
117,96,38
118,96,38
119,96,32
120,96,128
121,96,128
122,96,60
123,96,128
124,96,128
125,96,128
126,96,128
127,96,128
128,96,128
129,96,128
130,96,128
131,96,128
132,96,128
133,96,82
134,96,128
135,96,93
136,96,35
137,96,128
138,96,128
139,96,128
140,96,61
141,96,23
142,96,19
143,96,20
144,96,24
145,96,40
146,96,17
147,96,14
148,96,13
149,96,12
150,96,12
151,96,11
152,96,11
153,96,11
154,96,11
155,96,11
156,96,12
157,96,12
158,96,12
159,96,12
160,96,13
161,96,15
162,96,50
163,96,65
164,96,64
165,96,41
166,96,128
167,96,128
168,96,128
169,96,128
170,96,128
171,96,128
172,96,128
173,96,128
174,96,128
175,96,128
176,96,128
177,96,128
178,96,128
179,96,128
180,96,128
181,96,128
182,96,128
183,96,128
184,96,128
185,96,128
186,96,128
187,96,128
188,96,128
189,96,128
190,96,128
191,96,128
192,96,128
193,96,128
194,96,128
195,96,128
196,96,128
197,96,128
198,96,128
199,96,128
200,96,128
201,96,128
202,96,128
203,96,128
204,96,128
205,96,128
206,96,128
207,96,128
208,96,128
209,96,128
210,96,128
211,96,128
212,96,128
213,96,128
214,96,128
215,96,128
216,96,128
217,96,128
218,96,128
219,96,128
220,96,128
221,96,128
222,96,128
223,96,128
224,96,128
225,96,128
226,96,128
227,96,128
228,96,128
229,96,128
230,96,128
231,96,128
232,96,128
233,96,128
234,96,128
235,96,128
236,96,128
237,96,128
238,96,128
239,96,128
240,96,128
241,96,128
242,96,128
243,96,128
244,96,128
245,96,128
246,96,128
247,96,128
248,96,128
249,96,128
250,96,128
251,96,128
252,96,128
253,96,128
254,96,128
255,96,128
0,97,1
1,97,1
2,97,2
3,97,2
4,97,3
5,97,3
6,97,3
7,97,3
8,97,3
9,97,3
10,97,3
11,97,3
12,97,3
13,97,3
14,97,4
15,97,4
16,97,4
17,97,4
18,97,4
19,97,4
20,97,4
21,97,4
22,97,4
23,97,4
24,97,4
25,97,4
26,97,4
27,97,4
28,97,4
29,97,4
30,97,4
31,97,4
32,97,4
33,97,4
34,97,4
35,97,4
36,97,4
37,97,4
38,97,4
39,97,4
40,97,4
41,97,4
42,97,4
43,97,4
44,97,4
45,97,4
46,97,4
47,97,4
48,97,4
49,97,4
50,97,4
51,97,4
52,97,5
53,97,5
54,97,5
55,97,5
56,97,5
57,97,5
58,97,5
59,97,5
60,97,5
61,97,5
62,97,5
63,97,5
64,97,5
65,97,5
66,97,5
67,97,5
68,97,5
69,97,5
70,97,5
71,97,5
72,97,5
73,97,5
74,97,5
75,97,5
76,97,5
77,97,5
78,97,6
79,97,6
80,97,6
81,97,6
82,97,7
83,97,7
84,97,7
85,97,7
86,97,7
87,97,7
88,97,7
89,97,7
90,97,7
91,97,8
92,97,8
93,97,9
94,97,9
95,97,9
96,97,9
97,97,9
98,97,10
99,97,12
100,97,16
101,97,33
102,97,18
103,97,33
104,97,45
105,97,31
106,97,128
107,97,128
108,97,128
109,97,128
110,97,128
111,97,128
112,97,128
113,97,128
114,97,66
115,97,29
116,97,64
117,97,37
118,97,128
119,97,128
120,97,128
121,97,128
122,97,128
123,97,128
124,97,128
125,97,128
126,97,128
127,97,128
128,97,128
129,97,128
130,97,128
131,97,128
132,97,128
133,97,128
134,97,128
135,97,128
136,97,128
137,97,81
138,97,128
139,97,128
140,97,128
141,97,31
142,97,23
143,97,22
144,97,24
145,97,59
146,97,28
147,97,16
148,97,14
149,97,14
150,97,13
151,97,12
152,97,12
153,97,12
154,97,12
155,97,12
156,97,12
157,97,12
158,97,12
159,97,13
160,97,14
161,97,53
162,97,128
163,97,75
164,97,105
165,97,128
166,97,128
167,97,128
168,97,128
169,97,128
170,97,128
171,97,128
172,97,128
173,97,128
174,97,128
175,97,128
176,97,128
177,97,128
178,97,128
179,97,128
180,97,128
181,97,128
182,97,128
183,97,128
184,97,128
185,97,128
186,97,128
187,97,128
188,97,128
189,97,128
190,97,128
191,97,128
192,97,128
193,97,128
194,97,128
195,97,128
196,97,128
197,97,128
198,97,128
199,97,128
200,97,128
201,97,128
202,97,128
203,97,128
204,97,128
205,97,128
206,97,128
207,97,128
208,97,128
209,97,128
210,97,128
211,97,128
212,97,128
213,97,128
214,97,128
215,97,128
216,97,128
217,97,128
218,97,128
219,97,128
220,97,128
221,97,128
222,97,128
223,97,128
224,97,128
225,97,128
226,97,128
227,97,128
228,97,128
229,97,128
230,97,128
231,97,128
232,97,128
233,97,128
234,97,128
235,97,128
236,97,128
237,97,128
238,97,128
239,97,128
240,97,128
241,97,128
242,97,128
243,97,128
244,97,128
245,97,128
246,97,128
247,97,128
248,97,128
249,97,128
250,97,128
251,97,128
252,97,128
253,97,128
254,97,128
255,97,128
0,98,1
1,98,1
2,98,2
3,98,3
4,98,3
5,98,3
6,98,3
7,98,3
8,98,3
9,98,3
10,98,3
11,98,3
12,98,3
13,98,4
14,98,4
15,98,4
16,98,4
17,98,4
18,98,4
19,98,4
20,98,4
21,98,4
22,98,4
23,98,4
24,98,4
25,98,4
26,98,4
27,98,4
28,98,4
29,98,4
30,98,4
31,98,4
32,98,4
33,98,4
34,98,4
35,98,4
36,98,4
37,98,4
38,98,4
39,98,4
40,98,4
41,98,4
42,98,4
43,98,4
44,98,4
45,98,4
46,98,4
47,98,4
48,98,4
49,98,4
50,98,4
51,98,5
52,98,5
53,98,5
54,98,5
55,98,5
56,98,5
57,98,5
58,98,5
59,98,5
60,98,5
61,98,5
62,98,5
63,98,5
64,98,5
65,98,5
66,98,5
67,98,5
68,98,5
69,98,5
70,98,5
71,98,5
72,98,5
73,98,5
74,98,5
75,98,5
76,98,5
77,98,6
78,98,6
79,98,6
80,98,6
81,98,7
82,98,7
83,98,7
84,98,7
85,98,7
86,98,7
87,98,7
88,98,7
89,98,7
90,98,7
91,98,8
92,98,8
93,98,9
94,98,9
95,98,9
96,98,9
97,98,10
98,98,10
99,98,12
100,98,13
101,98,16
102,98,21
103,98,18
104,98,22
105,98,24
106,98,35
107,98,128
108,98,128
109,98,128
110,98,128
111,98,128
112,98,128
113,98,128
114,98,98
115,98,40
116,98,124
117,98,128
118,98,128
119,98,128
120,98,128
121,98,128
122,98,128
123,98,128
124,98,128
125,98,128
126,98,128
127,98,128
128,98,128
129,98,128
130,98,128
131,98,128
132,98,128
133,98,128
134,98,128
135,98,128
136,98,128
137,98,128
138,98,128
139,98,128
140,98,77
141,98,44
142,98,128
143,98,43
144,98,128
145,98,51
146,98,102
147,98,18
148,98,17
149,98,32
150,98,16
151,98,13
152,98,13
153,98,12
154,98,12
155,98,12
156,98,12
157,98,12
158,98,13
159,98,13
160,98,14
161,98,17
162,98,39
163,98,122
164,98,128
165,98,128
166,98,128
167,98,128
168,98,128
169,98,128
170,98,128
171,98,128
172,98,128
173,98,128
174,98,128
175,98,128
176,98,128
177,98,128
178,98,128
179,98,128
180,98,128
181,98,128
182,98,128
183,98,128
184,98,128
185,98,128
186,98,128
187,98,128
188,98,128
189,98,128
190,98,128
191,98,128
192,98,128
193,98,128
194,98,128
195,98,128
196,98,128
197,98,128
198,98,128
199,98,128
200,98,128
201,98,128
202,98,128
203,98,128
204,98,128
205,98,128
206,98,128
207,98,128
208,98,128
209,98,128
210,98,128
211,98,128
212,98,128
213,98,128
214,98,128
215,98,128
216,98,128
217,98,128
218,98,128
219,98,128
220,98,128
221,98,128
222,98,128
223,98,128
224,98,128
225,98,128
226,98,128
227,98,128
228,98,128
229,98,128
230,98,128
231,98,128
232,98,128
233,98,128
234,98,128
235,98,128
236,98,128
237,98,128
238,98,128
239,98,128
240,98,128
241,98,128
242,98,128
243,98,128
244,98,128
245,98,128
246,98,128
247,98,128
248,98,128
249,98,128
250,98,128
251,98,128
252,98,128
253,98,128
254,98,128
255,98,128
0,99,1
1,99,1
2,99,2
3,99,3
4,99,3
5,99,3
6,99,3
7,99,3
8,99,3
9,99,3
10,99,3
11,99,3
12,99,4
13,99,4
14,99,4
15,99,4
16,99,4
17,99,4
18,99,4
19,99,4
20,99,4
21,99,4
22,99,4
23,99,4
24,99,4
25,99,4
26,99,4
27,99,4
28,99,4
29,99,4
30,99,4
31,99,4
32,99,4
33,99,4
34,99,4
35,99,4
36,99,4
37,99,4
38,99,4
39,99,4
40,99,4
41,99,4
42,99,4
43,99,4
44,99,4
45,99,4
46,99,4
47,99,4
48,99,4
49,99,4
50,99,5
51,99,5
52,99,5
53,99,5
54,99,5
55,99,5
56,99,5
57,99,5
58,99,5
59,99,5
60,99,5
61,99,5
62,99,5
63,99,5
64,99,5
65,99,5
66,99,5
67,99,5
68,99,5
69,99,5
70,99,5
71,99,5
72,99,5
73,99,5
74,99,5
75,99,5
76,99,6
77,99,6
78,99,6
79,99,6
80,99,6
81,99,7
82,99,7
83,99,7
84,99,7
85,99,7
86,99,7
87,99,7
88,99,7
89,99,7
90,99,7
91,99,8
92,99,8
93,99,9
94,99,9
95,99,9
96,99,10
97,99,10
98,99,11
99,99,12
100,99,12
101,99,14
102,99,15
103,99,16
104,99,18
105,99,22
106,99,128
107,99,128
108,99,128
109,99,128
110,99,128
111,99,128
112,99,128
113,99,128
114,99,128
115,99,128
116,99,128
117,99,128
118,99,128
119,99,128
120,99,128
121,99,128
122,99,128
123,99,128
124,99,128
125,99,128
126,99,128
127,99,128
128,99,128
129,99,128
130,99,128
131,99,128
132,99,128
133,99,128
134,99,128
135,99,128
136,99,128
137,99,128
138,99,128
139,99,128
140,99,128
141,99,128
142,99,128
143,99,45
144,99,128
145,99,128
146,99,37
147,99,21
148,99,47
149,99,24
150,99,16
151,99,14
152,99,13
153,99,13
154,99,13
155,99,13
156,99,13
157,99,13
158,99,13
159,99,14
160,99,14
161,99,16
162,99,19
163,99,25
164,99,34
165,99,128
166,99,128
167,99,128
168,99,128
169,99,128
170,99,128
171,99,128
172,99,128
173,99,128
174,99,128
175,99,128
176,99,128
177,99,128
178,99,128
179,99,128
180,99,128
181,99,128
182,99,128
183,99,128
184,99,128
185,99,128
186,99,128
187,99,128
188,99,128
189,99,128
190,99,128
191,99,128
192,99,128
193,99,128
194,99,128
195,99,128
196,99,128
197,99,128
198,99,128
199,99,128
200,99,128
201,99,128
202,99,128
203,99,128
204,99,128
205,99,128
206,99,128
207,99,128
208,99,128
209,99,128
210,99,128
211,99,128
212,99,128
213,99,128
214,99,128
215,99,128
216,99,128
217,99,128
218,99,128
219,99,128
220,99,128
221,99,128
222,99,128
223,99,128
224,99,128
225,99,128
226,99,128
227,99,128
228,99,128
229,99,128
230,99,128
231,99,128
232,99,128
233,99,128
234,99,128
235,99,128
236,99,128
237,99,128
238,99,128
239,99,128
240,99,128
241,99,128
242,99,128
243,99,128
244,99,128
245,99,128
246,99,128
247,99,128
248,99,128
249,99,128
250,99,128
251,99,128
252,99,128
253,99,128
254,99,128
255,99,128
0,100,1
1,100,1
2,100,2
3,100,3
4,100,3
5,100,3
6,100,3
7,100,3
8,100,3
9,100,3
10,100,3
11,100,4
12,100,4
13,100,4
14,100,4
15,100,4
16,100,4
17,100,4
18,100,4
19,100,4
20,100,4
21,100,4
22,100,4
23,100,4
24,100,4
25,100,4
26,100,4
27,100,4
28,100,4
29,100,4
30,100,4
31,100,4
32,100,4
33,100,4
34,100,4
35,100,4
36,100,4
37,100,4
38,100,4
39,100,4
40,100,4
41,100,4
42,100,4
43,100,4
44,100,4
45,100,4
46,100,4
47,100,4
48,100,4
49,100,5
50,100,5
51,100,5
52,100,5
53,100,5
54,100,5
55,100,5
56,100,5
57,100,5
58,100,5
59,100,5
60,100,5
61,100,5
62,100,5
63,100,5
64,100,5
65,100,5
66,100,5
67,100,5
68,100,5
69,100,5
70,100,5
71,100,5
72,100,5
73,100,5
74,100,5
75,100,5
76,100,6
77,100,6
78,100,6
79,100,6
80,100,7
81,100,7
82,100,7
83,100,7
84,100,7
85,100,7
86,100,7
87,100,7
88,100,7
89,100,7
90,100,8
91,100,8
92,100,9
93,100,9
94,100,10
95,100,10
96,100,10
97,100,11
98,100,11
99,100,12
100,100,12
101,100,13
102,100,14
103,100,15
104,100,23
105,100,35
106,100,26
107,100,121
108,100,128
109,100,128
110,100,128
111,100,128
112,100,128
113,100,128
114,100,128
115,100,128
116,100,128
117,100,128
118,100,128
119,100,128
120,100,128
121,100,128
122,100,128
123,100,128
124,100,128
125,100,128
126,100,128
127,100,128
128,100,128
129,100,128
130,100,128
131,100,128
132,100,128
133,100,128
134,100,128
135,100,128
136,100,128
137,100,128
138,100,128
139,100,128
140,100,128
141,100,128
142,100,128
143,100,128
144,100,128
145,100,128
146,100,33
147,100,25
148,100,26
149,100,43
150,100,18
151,100,15
152,100,14
153,100,13
154,100,13
155,100,13
156,100,13
157,100,13
158,100,14
159,100,14
160,100,15
161,100,17
162,100,58
163,100,31
164,100,46
165,100,128
166,100,128
167,100,128
168,100,128
169,100,128
170,100,128
171,100,128
172,100,128
173,100,128
174,100,128
175,100,128
176,100,128
177,100,128
178,100,128
179,100,128
180,100,128
181,100,128
182,100,128
183,100,128
184,100,128
185,100,128
186,100,128
187,100,128
188,100,128
189,100,128
190,100,128
191,100,128
192,100,128
193,100,128
194,100,128
195,100,128
196,100,128
197,100,128
198,100,128
199,100,128
200,100,128
201,100,128
202,100,128
203,100,128
204,100,128
205,100,128
206,100,128
207,100,128
208,100,128
209,100,128
210,100,128
211,100,128
212,100,128
213,100,128
214,100,128
215,100,128
216,100,128
217,100,128
218,100,128
219,100,128
220,100,128
221,100,128
222,100,128
223,100,128
224,100,128
225,100,128
226,100,128
227,100,128
228,100,128
229,100,128
230,100,128
231,100,128
232,100,128
233,100,128
234,100,128
235,100,128
236,100,128
237,100,128
238,100,128
239,100,128
240,100,128
241,100,128
242,100,128
243,100,128
244,100,128
245,100,128
246,100,128
247,100,128
248,100,128
249,100,128
250,100,128
251,100,128
252,100,128
253,100,128
254,100,128
255,100,128
0,101,1
1,101,1
2,101,2
3,101,3
4,101,3
5,101,3
6,101,3
7,101,3
8,101,3
9,101,3
10,101,4
11,101,4
12,101,4
13,101,4
14,101,4
15,101,4
16,101,4
17,101,4
18,101,4
19,101,4
20,101,4
21,101,4
22,101,4
23,101,4
24,101,4
25,101,4
26,101,4
27,101,4
28,101,4
29,101,4
30,101,4
31,101,4
32,101,4
33,101,4
34,101,4
35,101,4
36,101,4
37,101,4
38,101,4
39,101,4
40,101,4
41,101,4
42,101,4
43,101,4
44,101,4
45,101,4
46,101,4
47,101,4
48,101,5
49,101,5
50,101,5
51,101,5
52,101,5
53,101,5
54,101,5
55,101,5
56,101,5
57,101,5
58,101,5
59,101,5
60,101,5
61,101,5
62,101,5
63,101,5
64,101,5
65,101,5
66,101,5
67,101,5
68,101,5
69,101,5
70,101,5
71,101,5
72,101,5
73,101,5
74,101,5
75,101,6
76,101,6
77,101,6
78,101,6
79,101,7
80,101,7
81,101,7
82,101,7
83,101,7
84,101,7
85,101,7
86,101,7
87,101,7
88,101,7
89,101,7
90,101,8
91,101,9
92,101,10
93,101,10
94,101,10
95,101,10
96,101,11
97,101,11
98,101,11
99,101,12
100,101,13
101,101,13
102,101,15
103,101,16
104,101,18
105,101,20
106,101,22
107,101,28
108,101,35
109,101,128
110,101,65
111,101,128
112,101,128
113,101,128
114,101,128
115,101,128
116,101,128
117,101,128
118,101,128
119,101,128
120,101,128
121,101,128
122,101,128
123,101,128
124,101,128
125,101,128
126,101,128
127,101,128
128,101,128
129,101,128
130,101,128
131,101,128
132,101,128
133,101,128
134,101,128
135,101,128
136,101,128
137,101,128
138,101,128
139,101,128
140,101,128
141,101,128
142,101,128
143,101,128
144,101,128
145,101,128
146,101,53
147,101,34
148,101,37
149,101,43
150,101,33
151,101,17
152,101,16
153,101,14
154,101,14
155,101,14
156,101,14
157,101,14
158,101,14
159,101,14
160,101,16
161,101,32
162,101,128
163,101,121
164,101,128
165,101,128
166,101,128
167,101,128
168,101,128
169,101,128
170,101,128
171,101,128
172,101,128
173,101,128
174,101,128
175,101,128
176,101,128
177,101,128
178,101,128
179,101,128
180,101,128
181,101,128
182,101,128
183,101,128
184,101,128
185,101,128
186,101,128
187,101,128
188,101,128
189,101,128
190,101,128
191,101,128
192,101,128
193,101,128
194,101,128
195,101,128
196,101,128
197,101,128
198,101,128
199,101,128
200,101,128
201,101,128
202,101,128
203,101,128
204,101,128
205,101,128
206,101,128
207,101,128
208,101,128
209,101,128
210,101,128
211,101,128
212,101,128
213,101,128
214,101,128
215,101,128
216,101,128
217,101,128
218,101,128
219,101,128
220,101,128
221,101,128
222,101,128
223,101,128
224,101,128
225,101,128
226,101,128
227,101,128
228,101,128
229,101,128
230,101,128
231,101,128
232,101,128
233,101,128
234,101,128
235,101,128
236,101,128
237,101,128
238,101,128
239,101,128
240,101,128
241,101,128
242,101,128
243,101,128
244,101,128
245,101,128
246,101,128
247,101,128
248,101,128
249,101,128
250,101,128
251,101,128
252,101,128
253,101,128
254,101,128
255,101,128
0,102,1
1,102,1
2,102,2
3,102,3
4,102,3
5,102,3
6,102,3
7,102,3
8,102,3
9,102,3
10,102,4
11,102,4
12,102,4
13,102,4
14,102,4
15,102,4
16,102,4
17,102,4
18,102,4
19,102,4
20,102,4
21,102,4
22,102,4
23,102,4
24,102,4
25,102,4
26,102,4
27,102,4
28,102,4
29,102,4
30,102,4
31,102,4
32,102,4
33,102,4
34,102,4
35,102,4
36,102,4
37,102,4
38,102,4
39,102,4
40,102,4
41,102,4
42,102,4
43,102,4
44,102,4
45,102,4
46,102,4
47,102,5
48,102,5
49,102,5
50,102,5
51,102,5
52,102,5
53,102,5
54,102,5
55,102,5
56,102,5
57,102,5
58,102,5
59,102,5
60,102,5
61,102,5
62,102,5
63,102,5
64,102,5
65,102,5
66,102,5
67,102,5
68,102,5
69,102,5
70,102,5
71,102,5
72,102,5
73,102,5
74,102,6
75,102,6
76,102,6
77,102,6
78,102,7
79,102,7
80,102,7
81,102,7
82,102,7
83,102,7
84,102,7
85,102,7
86,102,7
87,102,7
88,102,7
89,102,8
90,102,8
91,102,10
92,102,11
93,102,10
94,102,11
95,102,11
96,102,11
97,102,11
98,102,11
99,102,13
100,102,13
101,102,14
102,102,16
103,102,17
104,102,18
105,102,20
106,102,23
107,102,32
108,102,37
109,102,128
110,102,128
111,102,128
112,102,128
113,102,128
114,102,128
115,102,128
116,102,128
117,102,128
118,102,128
119,102,128
120,102,128
121,102,128
122,102,128
123,102,128
124,102,128
125,102,128
126,102,128
127,102,128
128,102,128
129,102,128
130,102,128
131,102,128
132,102,128
133,102,128
134,102,128
135,102,128
136,102,128
137,102,128
138,102,128
139,102,128
140,102,128
141,102,128
142,102,128
143,102,128
144,102,128
145,102,128
146,102,128
147,102,128
148,102,128
149,102,128
150,102,55
151,102,50
152,102,43
153,102,16
154,102,15
155,102,14
156,102,14
157,102,14
158,102,15
159,102,15
160,102,16
161,102,25
162,102,41
163,102,128
164,102,128
165,102,128
166,102,128
167,102,128
168,102,128
169,102,128
170,102,128
171,102,128
172,102,128
173,102,128
174,102,128
175,102,128
176,102,128
177,102,128
178,102,128
179,102,128
180,102,128
181,102,128
182,102,128
183,102,128
184,102,128
185,102,128
186,102,128
187,102,128
188,102,128
189,102,128
190,102,128
191,102,128
192,102,128
193,102,128
194,102,128
195,102,128
196,102,128
197,102,128
198,102,128
199,102,128
200,102,128
201,102,128
202,102,128
203,102,128
204,102,128
205,102,128
206,102,128
207,102,128
208,102,128
209,102,128
210,102,128
211,102,128
212,102,128
213,102,128
214,102,128
215,102,128
216,102,128
217,102,128
218,102,128
219,102,128
220,102,128
221,102,128
222,102,128
223,102,128
224,102,128
225,102,128
226,102,128
227,102,128
228,102,128
229,102,128
230,102,128
231,102,128
232,102,128
233,102,128
234,102,128
235,102,128
236,102,128
237,102,128
238,102,128
239,102,128
240,102,128
241,102,128
242,102,128
243,102,128
244,102,128
245,102,128
246,102,128
247,102,128
248,102,128
249,102,128
250,102,128
251,102,128
252,102,128
253,102,128
254,102,128
255,102,128
0,103,1
1,103,1
2,103,2
3,103,3
4,103,3
5,103,3
6,103,3
7,103,3
8,103,3
9,103,4
10,103,4
11,103,4
12,103,4
13,103,4
14,103,4
15,103,4
16,103,4
17,103,4
18,103,4
19,103,4
20,103,4
21,103,4
22,103,4
23,103,4
24,103,4
25,103,4
26,103,4
27,103,4
28,103,4
29,103,4
30,103,4
31,103,4
32,103,4
33,103,4
34,103,4
35,103,4
36,103,4
37,103,4
38,103,4
39,103,4
40,103,4
41,103,4
42,103,4
43,103,4
44,103,4
45,103,4
46,103,5
47,103,5
48,103,5
49,103,5
50,103,5
51,103,5
52,103,5
53,103,5
54,103,5
55,103,5
56,103,5
57,103,5
58,103,5
59,103,5
60,103,5
61,103,5
62,103,5
63,103,5
64,103,5
65,103,5
66,103,5
67,103,5
68,103,5
69,103,5
70,103,5
71,103,5
72,103,5
73,103,6
74,103,6
75,103,6
76,103,6
77,103,7
78,103,7
79,103,7
80,103,7
81,103,7
82,103,7
83,103,7
84,103,7
85,103,7
86,103,7
87,103,8
88,103,8
89,103,8
90,103,9
91,103,12
92,103,21
93,103,17
94,103,12
95,103,12
96,103,12
97,103,12
98,103,15
99,103,15
100,103,15
101,103,16
102,103,30
103,103,21
104,103,26
105,103,25
106,103,128
107,103,128
108,103,128
109,103,128
110,103,128
111,103,128
112,103,128
113,103,128
114,103,128
115,103,128
116,103,128
117,103,128
118,103,128
119,103,128
120,103,128
121,103,128
122,103,128
123,103,128
124,103,128
125,103,128
126,103,128
127,103,128
128,103,128
129,103,128
130,103,128
131,103,128
132,103,128
133,103,128
134,103,128
135,103,128
136,103,128
137,103,128
138,103,128
139,103,128
140,103,128
141,103,128
142,103,128
143,103,128
144,103,128
145,103,128
146,103,128
147,103,128
148,103,128
149,103,128
150,103,32
151,103,31
152,103,28
153,103,17
154,103,15
155,103,15
156,103,15
157,103,15
158,103,15
159,103,16
160,103,17
161,103,19
162,103,39
163,103,103
164,103,128
165,103,128
166,103,128
167,103,128
168,103,128
169,103,128
170,103,128
171,103,128
172,103,128
173,103,128
174,103,128
175,103,128
176,103,128
177,103,128
178,103,128
179,103,128
180,103,128
181,103,128
182,103,128
183,103,128
184,103,128
185,103,128
186,103,128
187,103,128
188,103,128
189,103,128
190,103,128
191,103,128
192,103,128
193,103,128
194,103,128
195,103,128
196,103,128
197,103,128
198,103,128
199,103,128
200,103,128
201,103,128
202,103,128
203,103,128
204,103,128
205,103,128
206,103,128
207,103,128
208,103,128
209,103,128
210,103,128
211,103,128
212,103,128
213,103,128
214,103,128
215,103,128
216,103,128
217,103,128
218,103,128
219,103,128
220,103,128
221,103,128
222,103,128
223,103,128
224,103,128
225,103,128
226,103,128
227,103,128
228,103,128
229,103,128
230,103,128
231,103,128
232,103,128
233,103,128
234,103,128
235,103,128
236,103,128
237,103,128
238,103,128
239,103,128
240,103,128
241,103,128
242,103,128
243,103,128
244,103,128
245,103,128
246,103,128
247,103,128
248,103,128
249,103,128
250,103,128
251,103,128
252,103,128
253,103,128
254,103,128
255,103,128
0,104,1
1,104,1
2,104,3
3,104,3
4,104,3
5,104,3
6,104,3
7,104,3
8,104,4
9,104,4
10,104,4
11,104,4
12,104,4
13,104,4
14,104,4
15,104,4
16,104,4
17,104,4
18,104,4
19,104,4
20,104,4
21,104,4
22,104,4
23,104,4
24,104,4
25,104,4
26,104,4
27,104,4
28,104,4
29,104,4
30,104,4
31,104,4
32,104,4
33,104,4
34,104,4
35,104,4
36,104,4
37,104,4
38,104,4
39,104,4
40,104,4
41,104,4
42,104,4
43,104,4
44,104,4
45,104,4
46,104,5
47,104,5
48,104,5
49,104,5
50,104,5
51,104,5
52,104,5
53,104,5
54,104,5
55,104,5
56,104,5
57,104,5
58,104,5
59,104,5
60,104,5
61,104,5
62,104,5
63,104,5
64,104,5
65,104,5
66,104,5
67,104,5
68,104,5
69,104,5
70,104,5
71,104,5
72,104,6
73,104,6
74,104,6
75,104,6
76,104,7
77,104,7
78,104,7
79,104,7
80,104,7
81,104,7
82,104,7
83,104,7
84,104,7
85,104,8
86,104,8
87,104,8
88,104,8
89,104,9
90,104,10
91,104,11
92,104,15
93,104,21
94,104,15
95,104,13
96,104,13
97,104,14
98,104,16
99,104,21
100,104,20
101,104,17
102,104,19
103,104,25
104,104,99
105,104,90
106,104,55
107,104,128
108,104,128
109,104,128
110,104,128
111,104,128
112,104,128
113,104,128
114,104,128
115,104,128
116,104,128
117,104,128
118,104,128
119,104,128
120,104,128
121,104,128
122,104,128
123,104,128
124,104,128
125,104,128
126,104,128
127,104,128
128,104,128
129,104,128
130,104,128
131,104,128
132,104,128
133,104,128
134,104,128
135,104,128
136,104,128
137,104,128
138,104,128
139,104,128
140,104,128
141,104,128
142,104,128
143,104,128
144,104,128
145,104,128
146,104,128
147,104,128
148,104,128
149,104,128
150,104,70
151,104,69
152,104,50
153,104,19
154,104,17
155,104,16
156,104,15
157,104,16
158,104,16
159,104,16
160,104,17
161,104,25
162,104,51
163,104,128
164,104,128
165,104,128
166,104,128
167,104,128
168,104,128
169,104,128
170,104,128
171,104,128
172,104,128
173,104,128
174,104,128
175,104,128
176,104,128
177,104,128
178,104,128
179,104,128
180,104,128
181,104,128
182,104,128
183,104,128
184,104,128
185,104,128
186,104,128
187,104,128
188,104,128
189,104,128
190,104,128
191,104,128
192,104,128
193,104,128
194,104,128
195,104,128
196,104,128
197,104,128
198,104,128
199,104,128
200,104,128
201,104,128
202,104,128
203,104,128
204,104,128
205,104,128
206,104,128
207,104,128
208,104,128
209,104,128
210,104,128
211,104,128
212,104,128
213,104,128
214,104,128
215,104,128
216,104,128
217,104,128
218,104,128
219,104,128
220,104,128
221,104,128
222,104,128
223,104,128
224,104,128
225,104,128
226,104,128
227,104,128
228,104,128
229,104,128
230,104,128
231,104,128
232,104,128
233,104,128
234,104,128
235,104,128
236,104,128
237,104,128
238,104,128
239,104,128
240,104,128
241,104,128
242,104,128
243,104,128
244,104,128
245,104,128
246,104,128
247,104,128
248,104,128
249,104,128
250,104,128
251,104,128
252,104,128
253,104,128
254,104,128
255,104,128
0,105,1
1,105,1
2,105,3
3,105,3
4,105,3
5,105,3
6,105,3
7,105,4
8,105,4
9,105,4
10,105,4
11,105,4
12,105,4
13,105,4
14,105,4
15,105,4
16,105,4
17,105,4
18,105,4
19,105,4
20,105,4
21,105,4
22,105,4
23,105,4
24,105,4
25,105,4
26,105,4
27,105,4
28,105,4
29,105,4
30,105,4
31,105,4
32,105,4
33,105,4
34,105,4
35,105,4
36,105,4
37,105,4
38,105,4
39,105,4
40,105,4
41,105,4
42,105,4
43,105,4
44,105,4
45,105,5
46,105,5
47,105,5
48,105,5
49,105,5
50,105,5
51,105,5
52,105,5
53,105,5
54,105,5
55,105,5
56,105,5
57,105,5
58,105,5
59,105,5
60,105,5
61,105,5
62,105,5
63,105,5
64,105,5
65,105,5
66,105,5
67,105,5
68,105,5
69,105,5
70,105,5
71,105,6
72,105,6
73,105,6
74,105,6
75,105,7
76,105,7
77,105,7
78,105,8
79,105,8
80,105,8
81,105,8
82,105,8
83,105,8
84,105,8
85,105,8
86,105,8
87,105,8
88,105,9
89,105,9
90,105,10
91,105,10
92,105,24
93,105,23
94,105,25
95,105,16
96,105,16
97,105,17
98,105,19
99,105,31
100,105,24
101,105,36
102,105,21
103,105,27
104,105,73
105,105,128
106,105,128
107,105,128
108,105,128
109,105,128
110,105,128
111,105,128
112,105,128
113,105,128
114,105,128
115,105,128
116,105,128
117,105,128
118,105,128
119,105,128
120,105,128
121,105,128
122,105,128
123,105,128
124,105,128
125,105,128
126,105,128
127,105,128
128,105,128
129,105,128
130,105,128
131,105,128
132,105,128
133,105,128
134,105,128
135,105,128
136,105,128
137,105,128
138,105,128
139,105,128
140,105,128
141,105,128
142,105,128
143,105,128
144,105,128
145,105,128
146,105,128
147,105,128
148,105,128
149,105,128
150,105,128
151,105,128
152,105,50
153,105,42
154,105,46
155,105,17
156,105,16
157,105,16
158,105,16
159,105,17
160,105,19
161,105,111
162,105,54
163,105,128
164,105,128
165,105,128
166,105,128
167,105,128
168,105,128
169,105,128
170,105,128
171,105,128
172,105,128
173,105,128
174,105,128
175,105,128
176,105,128
177,105,128
178,105,128
179,105,128
180,105,128
181,105,128
182,105,128
183,105,128
184,105,128
185,105,128
186,105,128
187,105,128
188,105,128
189,105,128
190,105,128
191,105,128
192,105,128
193,105,128
194,105,128
195,105,128
196,105,128
197,105,128
198,105,128
199,105,128
200,105,128
201,105,128
202,105,128
203,105,128
204,105,128
205,105,128
206,105,128
207,105,128
208,105,128
209,105,128
210,105,128
211,105,128
212,105,128
213,105,128
214,105,128
215,105,128
216,105,128
217,105,128
218,105,128
219,105,128
220,105,128
221,105,128
222,105,128
223,105,128
224,105,128
225,105,128
226,105,128
227,105,128
228,105,128
229,105,128
230,105,128
231,105,128
232,105,128
233,105,128
234,105,128
235,105,128
236,105,128
237,105,128
238,105,128
239,105,128
240,105,128
241,105,128
242,105,128
243,105,128
244,105,128
245,105,128
246,105,128
247,105,128
248,105,128
249,105,128
250,105,128
251,105,128
252,105,128
253,105,128
254,105,128
255,105,128
0,106,1
1,106,2
2,106,3
3,106,3
4,106,3
5,106,3
6,106,3
7,106,4
8,106,4
9,106,4
10,106,4
11,106,4
12,106,4
13,106,4
14,106,4
15,106,4
16,106,4
17,106,4
18,106,4
19,106,4
20,106,4
21,106,4
22,106,4
23,106,4
24,106,4
25,106,4
26,106,4
27,106,4
28,106,4
29,106,4
30,106,4
31,106,4
32,106,4
33,106,4
34,106,4
35,106,4
36,106,4
37,106,4
38,106,4
39,106,4
40,106,4
41,106,4
42,106,4
43,106,4
44,106,5
45,106,5
46,106,5
47,106,5
48,106,5
49,106,5
50,106,5
51,106,5
52,106,5
53,106,5
54,106,5
55,106,5
56,106,5
57,106,5
58,106,5
59,106,5
60,106,5
61,106,5
62,106,5
63,106,5
64,106,5
65,106,5
66,106,5
67,106,5
68,106,5
69,106,5
70,106,6
71,106,6
72,106,6
73,106,6
74,106,7
75,106,8
76,106,8
77,106,8
78,106,8
79,106,8
80,106,8
81,106,8
82,106,8
83,106,8
84,106,8
85,106,8
86,106,9
87,106,9
88,106,9
89,106,9
90,106,10
91,106,10
92,106,12
93,106,14
94,106,17
95,106,18
96,106,26
97,106,36
98,106,39
99,106,54
100,106,29
101,106,55
102,106,119
103,106,42
104,106,47
105,106,128
106,106,128
107,106,128
108,106,128
109,106,128
110,106,128
111,106,128
112,106,128
113,106,128
114,106,128
115,106,128
116,106,128
117,106,128
118,106,128
119,106,128
120,106,128
121,106,128
122,106,128
123,106,128
124,106,128
125,106,128
126,106,128
127,106,128
128,106,128
129,106,128
130,106,128
131,106,128
132,106,128
133,106,128
134,106,128
135,106,128
136,106,128
137,106,128
138,106,128
139,106,128
140,106,128
141,106,128
142,106,128
143,106,128
144,106,128
145,106,128
146,106,128
147,106,128
148,106,128
149,106,128
150,106,128
151,106,128
152,106,128
153,106,36
154,106,87
155,106,18
156,106,17
157,106,17
158,106,17
159,106,18
160,106,19
161,106,69
162,106,38
163,106,128
164,106,128
165,106,128
166,106,128
167,106,128
168,106,128
169,106,128
170,106,128
171,106,128
172,106,128
173,106,128
174,106,128
175,106,128
176,106,128
177,106,128
178,106,128
179,106,128
180,106,128
181,106,128
182,106,128
183,106,128
184,106,128
185,106,128
186,106,128
187,106,128
188,106,128
189,106,128
190,106,128
191,106,128
192,106,128
193,106,128
194,106,128
195,106,128
196,106,128
197,106,128
198,106,128
199,106,128
200,106,128
201,106,128
202,106,128
203,106,128
204,106,128
205,106,128
206,106,128
207,106,128
208,106,128
209,106,128
210,106,128
211,106,128
212,106,128
213,106,128
214,106,128
215,106,128
216,106,128
217,106,128
218,106,128
219,106,128
220,106,128
221,106,128
222,106,128
223,106,128
224,106,128
225,106,128
226,106,128
227,106,128
228,106,128
229,106,128
230,106,128
231,106,128
232,106,128
233,106,128
234,106,128
235,106,128
236,106,128
237,106,128
238,106,128
239,106,128
240,106,128
241,106,128
242,106,128
243,106,128
244,106,128
245,106,128
246,106,128
247,106,128
248,106,128
249,106,128
250,106,128
251,106,128
252,106,128
253,106,128
254,106,128
255,106,128
0,107,1
1,107,2
2,107,3
3,107,3
4,107,3
5,107,3
6,107,4
7,107,4
8,107,4
9,107,4
10,107,4
11,107,4
12,107,4
13,107,4
14,107,4
15,107,4
16,107,4
17,107,4
18,107,4
19,107,4
20,107,4
21,107,4
22,107,4
23,107,4
24,107,4
25,107,4
26,107,4
27,107,4
28,107,4
29,107,4
30,107,4
31,107,4
32,107,4
33,107,4
34,107,4
35,107,4
36,107,4
37,107,4
38,107,4
39,107,4
40,107,4
41,107,4
42,107,4
43,107,5
44,107,5
45,107,5
46,107,5
47,107,5
48,107,5
49,107,5
50,107,5
51,107,5
52,107,5
53,107,5
54,107,5
55,107,5
56,107,5
57,107,5
58,107,5
59,107,5
60,107,5
61,107,5
62,107,5
63,107,5
64,107,5
65,107,5
66,107,5
67,107,5
68,107,6
69,107,6
70,107,6
71,107,6
72,107,7
73,107,8
74,107,9
75,107,9
76,107,8
77,107,8
78,107,8
79,107,8
80,107,8
81,107,8
82,107,8
83,107,8
84,107,9
85,107,9
86,107,9
87,107,9
88,107,9
89,107,10
90,107,10
91,107,10
92,107,11
93,107,12
94,107,14
95,107,15
96,107,18
97,107,23
98,107,65
99,107,84
100,107,89
101,107,128
102,107,97
103,107,128
104,107,128
105,107,128
106,107,128
107,107,128
108,107,128
109,107,128
110,107,128
111,107,128
112,107,128
113,107,128
114,107,128
115,107,128
116,107,128
117,107,128
118,107,128
119,107,128
120,107,128
121,107,128
122,107,128
123,107,128
124,107,128
125,107,128
126,107,128
127,107,128
128,107,128
129,107,128
130,107,128
131,107,128
132,107,128
133,107,128
134,107,128
135,107,128
136,107,128
137,107,128
138,107,128
139,107,128
140,107,128
141,107,128
142,107,128
143,107,128
144,107,128
145,107,128
146,107,128
147,107,128
148,107,128
149,107,128
150,107,128
151,107,128
152,107,128
153,107,128
154,107,33
155,107,60
156,107,19
157,107,18
158,107,18
159,107,18
160,107,20
161,107,128
162,107,128
163,107,128
164,107,128
165,107,128
166,107,128
167,107,128
168,107,128
169,107,128
170,107,128
171,107,128
172,107,128
173,107,128
174,107,128
175,107,128
176,107,128
177,107,128
178,107,128
179,107,128
180,107,128
181,107,128
182,107,128
183,107,128
184,107,128
185,107,128
186,107,128
187,107,128
188,107,128
189,107,128
190,107,128
191,107,128
192,107,128
193,107,128
194,107,128
195,107,128
196,107,128
197,107,128
198,107,128
199,107,128
200,107,128
201,107,128
202,107,128
203,107,128
204,107,128
205,107,128
206,107,128
207,107,128
208,107,128
209,107,128
210,107,128
211,107,128
212,107,128
213,107,128
214,107,128
215,107,128
216,107,128
217,107,128
218,107,128
219,107,128
220,107,128
221,107,128
222,107,128
223,107,128
224,107,128
225,107,128
226,107,128
227,107,128
228,107,128
229,107,128
230,107,128
231,107,128
232,107,128
233,107,128
234,107,128
235,107,128
236,107,128
237,107,128
238,107,128
239,107,128
240,107,128
241,107,128
242,107,128
243,107,128
244,107,128
245,107,128
246,107,128
247,107,128
248,107,128
249,107,128
250,107,128
251,107,128
252,107,128
253,107,128
254,107,128
255,107,128
0,108,1
1,108,2
2,108,3
3,108,3
4,108,3
5,108,3
6,108,4
7,108,4
8,108,4
9,108,4
10,108,4
11,108,4
12,108,4
13,108,4
14,108,4
15,108,4
16,108,4
17,108,4
18,108,4
19,108,4
20,108,4
21,108,4
22,108,4
23,108,4
24,108,4
25,108,4
26,108,4
27,108,4
28,108,4
29,108,4
30,108,4
31,108,4
32,108,4
33,108,4
34,108,4
35,108,4
36,108,4
37,108,4
38,108,4
39,108,4
40,108,4
41,108,4
42,108,5
43,108,5
44,108,5
45,108,5
46,108,5
47,108,5
48,108,5
49,108,5
50,108,5
51,108,5
52,108,5
53,108,5
54,108,5
55,108,5
56,108,5
57,108,5
58,108,5
59,108,5
60,108,5
61,108,5
62,108,5
63,108,5
64,108,5
65,108,6
66,108,6
67,108,6
68,108,6
69,108,6
70,108,6
71,108,7
72,108,8
73,108,9
74,108,13
75,108,10
76,108,10
77,108,8
78,108,8
79,108,8
80,108,8
81,108,8
82,108,9
83,108,9
84,108,9
85,108,9
86,108,9
87,108,9
88,108,9
89,108,10
90,108,10
91,108,11
92,108,11
93,108,12
94,108,13
95,108,14
96,108,17
97,108,63
98,108,30
99,108,65
100,108,128
101,108,128
102,108,128
103,108,128
104,108,128
105,108,128
106,108,128
107,108,128
108,108,128
109,108,128
110,108,128
111,108,128
112,108,128
113,108,128
114,108,128
115,108,128
116,108,128
117,108,128
118,108,128
119,108,128
120,108,128
121,108,128
122,108,128
123,108,128
124,108,128
125,108,128
126,108,128
127,108,128
128,108,128
129,108,128
130,108,128
131,108,128
132,108,128
133,108,128
134,108,128
135,108,128
136,108,128
137,108,128
138,108,128
139,108,128
140,108,128
141,108,128
142,108,128
143,108,128
144,108,128
145,108,128
146,108,128
147,108,128
148,108,128
149,108,128
150,108,128
151,108,128
152,108,128
153,108,128
154,108,40
155,108,56
156,108,20
157,108,19
158,108,19
159,108,19
160,108,21
161,108,72
162,108,128
163,108,128
164,108,128
165,108,128
166,108,128
167,108,128
168,108,128
169,108,128
170,108,128
171,108,128
172,108,128
173,108,128
174,108,128
175,108,128
176,108,128
177,108,128
178,108,128
179,108,128
180,108,128
181,108,128
182,108,128
183,108,128
184,108,128
185,108,128
186,108,128
187,108,128
188,108,128
189,108,128
190,108,128
191,108,128
192,108,128
193,108,128
194,108,128
195,108,128
196,108,128
197,108,128
198,108,128
199,108,128
200,108,128
201,108,128
202,108,128
203,108,128
204,108,128
205,108,128
206,108,128
207,108,128
208,108,128
209,108,128
210,108,128
211,108,128
212,108,128
213,108,128
214,108,128
215,108,128
216,108,128
217,108,128
218,108,128
219,108,128
220,108,128
221,108,128
222,108,128
223,108,128
224,108,128
225,108,128
226,108,128
227,108,128
228,108,128
229,108,128
230,108,128
231,108,128
232,108,128
233,108,128
234,108,128
235,108,128
236,108,128
237,108,128
238,108,128
239,108,128
240,108,128
241,108,128
242,108,128
243,108,128
244,108,128
245,108,128
246,108,128
247,108,128
248,108,128
249,108,128
250,108,128
251,108,128
252,108,128
253,108,128
254,108,128
255,108,128
0,109,1
1,109,2
2,109,3
3,109,3
4,109,3
5,109,4
6,109,4
7,109,4
8,109,4
9,109,4
10,109,4
11,109,4
12,109,4
13,109,4
14,109,4
15,109,4
16,109,4
17,109,4
18,109,4
19,109,4
20,109,4
21,109,4
22,109,4
23,109,4
24,109,4
25,109,4
26,109,4
27,109,4
28,109,4
29,109,4
30,109,4
31,109,4
32,109,4
33,109,4
34,109,4
35,109,4
36,109,4
37,109,4
38,109,4
39,109,4
40,109,4
41,109,5
42,109,5
43,109,5
44,109,5
45,109,5
46,109,5
47,109,5
48,109,5
49,109,5
50,109,5
51,109,5
52,109,5
53,109,5
54,109,5
55,109,5
56,109,5
57,109,5
58,109,5
59,109,5
60,109,5
61,109,6
62,109,6
63,109,6
64,109,6
65,109,6
66,109,6
67,109,6
68,109,6
69,109,7
70,109,7
71,109,7
72,109,8
73,109,9
74,109,11
75,109,17
76,109,12
77,109,11
78,109,10
79,109,9
80,109,9
81,109,9
82,109,9
83,109,9
84,109,9
85,109,9
86,109,9
87,109,9
88,109,9
89,109,10
90,109,10
91,109,11
92,109,11
93,109,12
94,109,13
95,109,13
96,109,16
97,109,19
98,109,22
99,109,77
100,109,128
101,109,128
102,109,128
103,109,128
104,109,128
105,109,128
106,109,128
107,109,128
108,109,128
109,109,128
110,109,128
111,109,128
112,109,128
113,109,128
114,109,128
115,109,128
116,109,128
117,109,128
118,109,128
119,109,128
120,109,128
121,109,128
122,109,128
123,109,128
124,109,128
125,109,128
126,109,128
127,109,128
128,109,128
129,109,128
130,109,128
131,109,128
132,109,128
133,109,128
134,109,128
135,109,128
136,109,128
137,109,128
138,109,128
139,109,128
140,109,128
141,109,128
142,109,128
143,109,128
144,109,128
145,109,128
146,109,128
147,109,128
148,109,128
149,109,128
150,109,128
151,109,128
152,109,128
153,109,128
154,109,128
155,109,58
156,109,42
157,109,20
158,109,20
159,109,20
160,109,23
161,109,128
162,109,128
163,109,128
164,109,128
165,109,128
166,109,128
167,109,128
168,109,128
169,109,128
170,109,128
171,109,128
172,109,128
173,109,128
174,109,128
175,109,128
176,109,128
177,109,128
178,109,128
179,109,128
180,109,128
181,109,128
182,109,128
183,109,128
184,109,128
185,109,128
186,109,128
187,109,128
188,109,128
189,109,128
190,109,128
191,109,128
192,109,128
193,109,128
194,109,128
195,109,128
196,109,128
197,109,128
198,109,128
199,109,128
200,109,128
201,109,128
202,109,128
203,109,128
204,109,128
205,109,128
206,109,128
207,109,128
208,109,128
209,109,128
210,109,128
211,109,128
212,109,128
213,109,128
214,109,128
215,109,128
216,109,128
217,109,128
218,109,128
219,109,128
220,109,128
221,109,128
222,109,128
223,109,128
224,109,128
225,109,128
226,109,128
227,109,128
228,109,128
229,109,128
230,109,128
231,109,128
232,109,128
233,109,128
234,109,128
235,109,128
236,109,128
237,109,128
238,109,128
239,109,128
240,109,128
241,109,128
242,109,128
243,109,128
244,109,128
245,109,128
246,109,128
247,109,128
248,109,128
249,109,128
250,109,128
251,109,128
252,109,128
253,109,128
254,109,128
255,109,128
0,110,1
1,110,2
2,110,3
3,110,3
4,110,3
5,110,4
6,110,4
7,110,4
8,110,4
9,110,4
10,110,4
11,110,4
12,110,4
13,110,4
14,110,4
15,110,4
16,110,4
17,110,4
18,110,4
19,110,4
20,110,4
21,110,4
22,110,4
23,110,4
24,110,4
25,110,4
26,110,4
27,110,4
28,110,4
29,110,4
30,110,4
31,110,4
32,110,4
33,110,4
34,110,4
35,110,4
36,110,4
37,110,4
38,110,4
39,110,4
40,110,5
41,110,5
42,110,5
43,110,5
44,110,5
45,110,5
46,110,5
47,110,5
48,110,5
49,110,5
50,110,5
51,110,5
52,110,5
53,110,5
54,110,5
55,110,6
56,110,6
57,110,6
58,110,6
59,110,6
60,110,6
61,110,6
62,110,6
63,110,6
64,110,6
65,110,6
66,110,6
67,110,6
68,110,7
69,110,7
70,110,7
71,110,8
72,110,8
73,110,9
74,110,10
75,110,14
76,110,16
77,110,12
78,110,10
79,110,10
80,110,10
81,110,9
82,110,9
83,110,9
84,110,9
85,110,9
86,110,9
87,110,9
88,110,10
89,110,10
90,110,11
91,110,11
92,110,11
93,110,12
94,110,13
95,110,14
96,110,15
97,110,17
98,110,24
99,110,80
100,110,75
101,110,60
102,110,128
103,110,128
104,110,128
105,110,128
106,110,128
107,110,128
108,110,128
109,110,128
110,110,128
111,110,128
112,110,128
113,110,128
114,110,128
115,110,128
116,110,128
117,110,128
118,110,128
119,110,128
120,110,128
121,110,128
122,110,128
123,110,128
124,110,128
125,110,128
126,110,128
127,110,128
128,110,128
129,110,128
130,110,128
131,110,128
132,110,128
133,110,128
134,110,128
135,110,128
136,110,128
137,110,128
138,110,128
139,110,128
140,110,128
141,110,128
142,110,128
143,110,128
144,110,128
145,110,128
146,110,128
147,110,128
148,110,128
149,110,128
150,110,128
151,110,128
152,110,128
153,110,128
154,110,128
155,110,67
156,110,57
157,110,22
158,110,21
159,110,21
160,110,23
161,110,49
162,110,128
163,110,128
164,110,128
165,110,128
166,110,128
167,110,128
168,110,128
169,110,128
170,110,128
171,110,128
172,110,128
173,110,128
174,110,128
175,110,128
176,110,128
177,110,128
178,110,128
179,110,128
180,110,128
181,110,128
182,110,128
183,110,128
184,110,128
185,110,128
186,110,128
187,110,128
188,110,128
189,110,128
190,110,128
191,110,128
192,110,128
193,110,128
194,110,128
195,110,128
196,110,128
197,110,128
198,110,128
199,110,128
200,110,128
201,110,128
202,110,128
203,110,128
204,110,128
205,110,128
206,110,128
207,110,128
208,110,128
209,110,128
210,110,128
211,110,128
212,110,128
213,110,128
214,110,128
215,110,128
216,110,128
217,110,128
218,110,128
219,110,128
220,110,128
221,110,128
222,110,128
223,110,128
224,110,128
225,110,128
226,110,128
227,110,128
228,110,128
229,110,128
230,110,128
231,110,128
232,110,128
233,110,128
234,110,128
235,110,128
236,110,128
237,110,128
238,110,128
239,110,128
240,110,128
241,110,128
242,110,128
243,110,128
244,110,128
245,110,128
246,110,128
247,110,128
248,110,128
249,110,128
250,110,128
251,110,128
252,110,128
253,110,128
254,110,128
255,110,128
0,111,1
1,111,3
2,111,3
3,111,3
4,111,4
5,111,4
6,111,4
7,111,4
8,111,4
9,111,4
10,111,4
11,111,4
12,111,4
13,111,4
14,111,4
15,111,4
16,111,4
17,111,4
18,111,4
19,111,4
20,111,4
21,111,4
22,111,4
23,111,4
24,111,4
25,111,4
26,111,4
27,111,4
28,111,4
29,111,4
30,111,4
31,111,4
32,111,4
33,111,4
34,111,4
35,111,4
36,111,4
37,111,4
38,111,4
39,111,5
40,111,5
41,111,5
42,111,5
43,111,5
44,111,5
45,111,5
46,111,5
47,111,5
48,111,5
49,111,5
50,111,6
51,111,6
52,111,6
53,111,6
54,111,6
55,111,6
56,111,6
57,111,6
58,111,6
59,111,6
60,111,6
61,111,6
62,111,6
63,111,6
64,111,6
65,111,6
66,111,7
67,111,7
68,111,7
69,111,7
70,111,7
71,111,8
72,111,8
73,111,8
74,111,11
75,111,14
76,111,17
77,111,13
78,111,11
79,111,10
80,111,10
81,111,10
82,111,10
83,111,9
84,111,9
85,111,9
86,111,9
87,111,10
88,111,10
89,111,11
90,111,11
91,111,11
92,111,11
93,111,13
94,111,14
95,111,15
96,111,16
97,111,19
98,111,21
99,111,27
100,111,39
101,111,128
102,111,128
103,111,128
104,111,128
105,111,128
106,111,128
107,111,128
108,111,128
109,111,128
110,111,128
111,111,128
112,111,128
113,111,128
114,111,128
115,111,128
116,111,128
117,111,128
118,111,128
119,111,128
120,111,128
121,111,128
122,111,128
123,111,128
124,111,128
125,111,128
126,111,128
127,111,128
128,111,128
129,111,128
130,111,128
131,111,128
132,111,128
133,111,128
134,111,128
135,111,128
136,111,128
137,111,128
138,111,128
139,111,128
140,111,128
141,111,128
142,111,128
143,111,128
144,111,128
145,111,128
146,111,128
147,111,128
148,111,128
149,111,128
150,111,128
151,111,128
152,111,128
153,111,128
154,111,128
155,111,128
156,111,45
157,111,24
158,111,23
159,111,23
160,111,25
161,111,44
162,111,128
163,111,128
164,111,128
165,111,128
166,111,128
167,111,128
168,111,128
169,111,128
170,111,128
171,111,128
172,111,128
173,111,128
174,111,128
175,111,128
176,111,128
177,111,128
178,111,128
179,111,128
180,111,128
181,111,128
182,111,128
183,111,128
184,111,128
185,111,128
186,111,128
187,111,128
188,111,128
189,111,128
190,111,128
191,111,128
192,111,128
193,111,128
194,111,128
195,111,128
196,111,128
197,111,128
198,111,128
199,111,128
200,111,128
201,111,128
202,111,128
203,111,128
204,111,128
205,111,128
206,111,128
207,111,128
208,111,128
209,111,128
210,111,128
211,111,128
212,111,128
213,111,128
214,111,128
215,111,128
216,111,128
217,111,128
218,111,128
219,111,128
220,111,128
221,111,128
222,111,128
223,111,128
224,111,128
225,111,128
226,111,128
227,111,128
228,111,128
229,111,128
230,111,128
231,111,128
232,111,128
233,111,128
234,111,128
235,111,128
236,111,128
237,111,128
238,111,128
239,111,128
240,111,128
241,111,128
242,111,128
243,111,128
244,111,128
245,111,128
246,111,128
247,111,128
248,111,128
249,111,128
250,111,128
251,111,128
252,111,128
253,111,128
254,111,128
255,111,128
0,112,1
1,112,3
2,112,3
3,112,3
4,112,4
5,112,4
6,112,4
7,112,4
8,112,4
9,112,4
10,112,4
11,112,4
12,112,4
13,112,4
14,112,4
15,112,4
16,112,4
17,112,4
18,112,4
19,112,4
20,112,4
21,112,4
22,112,4
23,112,4
24,112,4
25,112,4
26,112,4
27,112,4
28,112,4
29,112,4
30,112,4
31,112,4
32,112,4
33,112,4
34,112,4
35,112,4
36,112,4
37,112,4
38,112,5
39,112,5
40,112,5
41,112,5
42,112,5
43,112,5
44,112,5
45,112,5
46,112,6
47,112,6
48,112,6
49,112,6
50,112,6
51,112,6
52,112,6
53,112,6
54,112,6
55,112,6
56,112,6
57,112,6
58,112,6
59,112,6
60,112,6
61,112,6
62,112,6
63,112,6
64,112,7
65,112,7
66,112,7
67,112,7
68,112,7
69,112,7
70,112,8
71,112,8
72,112,8
73,112,8
74,112,11
75,112,14
76,112,23
77,112,29
78,112,13
79,112,11
80,112,11
81,112,10
82,112,10
83,112,10
84,112,10
85,112,10
86,112,11
87,112,11
88,112,11
89,112,11
90,112,11
91,112,12
92,112,12
93,112,15
94,112,22
95,112,17
96,112,19
97,112,40
98,112,29
99,112,34
100,112,128
101,112,128
102,112,128
103,112,128
104,112,128
105,112,128
106,112,128
107,112,128
108,112,128
109,112,128
110,112,128
111,112,128
112,112,128
113,112,128
114,112,128
115,112,128
116,112,128
117,112,128
118,112,128
119,112,128
120,112,128
121,112,128
122,112,128
123,112,128
124,112,128
125,112,128
126,112,128
127,112,128
128,112,128
129,112,128
130,112,128
131,112,128
132,112,128
133,112,128
134,112,128
135,112,128
136,112,128
137,112,128
138,112,128
139,112,128
140,112,128
141,112,128
142,112,128
143,112,128
144,112,128
145,112,128
146,112,128
147,112,128
148,112,128
149,112,128
150,112,128
151,112,128
152,112,128
153,112,128
154,112,128
155,112,128
156,112,128
157,112,48
158,112,24
159,112,24
160,112,26
161,112,128
162,112,128
163,112,128
164,112,128
165,112,128
166,112,128
167,112,128
168,112,128
169,112,128
170,112,128
171,112,128
172,112,128
173,112,128
174,112,128
175,112,128
176,112,128
177,112,128
178,112,128
179,112,128
180,112,128
181,112,128
182,112,128
183,112,128
184,112,128
185,112,128
186,112,128
187,112,128
188,112,128
189,112,128
190,112,128
191,112,128
192,112,128
193,112,128
194,112,128
195,112,128
196,112,128
197,112,128
198,112,128
199,112,128
200,112,128
201,112,128
202,112,128
203,112,128
204,112,128
205,112,128
206,112,128
207,112,128
208,112,128
209,112,128
210,112,128
211,112,128
212,112,128
213,112,128
214,112,128
215,112,128
216,112,128
217,112,128
218,112,128
219,112,128
220,112,128
221,112,128
222,112,128
223,112,128
224,112,128
225,112,128
226,112,128
227,112,128
228,112,128
229,112,128
230,112,128
231,112,128
232,112,128
233,112,128
234,112,128
235,112,128
236,112,128
237,112,128
238,112,128
239,112,128
240,112,128
241,112,128
242,112,128
243,112,128
244,112,128
245,112,128
246,112,128
247,112,128
248,112,128
249,112,128
250,112,128
251,112,128
252,112,128
253,112,128
254,112,128
255,112,128
0,113,1
1,113,3
2,113,3
3,113,4
4,113,4
5,113,4
6,113,4
7,113,4
8,113,4
9,113,4
10,113,4
11,113,4
12,113,4
13,113,4
14,113,4
15,113,4
16,113,4
17,113,4
18,113,4
19,113,4
20,113,4
21,113,4
22,113,4
23,113,4
24,113,4
25,113,4
26,113,4
27,113,4
28,113,4
29,113,4
30,113,4
31,113,4
32,113,4
33,113,4
34,113,4
35,113,4
36,113,4
37,113,5
38,113,5
39,113,5
40,113,5
41,113,5
42,113,5
43,113,6
44,113,6
45,113,6
46,113,6
47,113,6
48,113,6
49,113,6
50,113,6
51,113,6
52,113,6
53,113,6
54,113,6
55,113,6
56,113,6
57,113,6
58,113,6
59,113,6
60,113,6
61,113,6
62,113,6
63,113,7
64,113,7
65,113,7
66,113,7
67,113,7
68,113,7
69,113,7
70,113,8
71,113,8
72,113,8
73,113,9
74,113,10
75,113,11
76,113,14
77,113,20
78,113,14
79,113,12
80,113,11
81,113,11
82,113,11
83,113,11
84,113,11
85,113,12
86,113,15
87,113,13
88,113,12
89,113,12
90,113,12
91,113,13
92,113,13
93,113,14
94,113,19
95,113,22
96,113,65
97,113,86
98,113,67
99,113,89
100,113,128
101,113,128
102,113,128
103,113,128
104,113,128
105,113,128
106,113,128
107,113,128
108,113,128
109,113,128
110,113,128
111,113,128
112,113,128
113,113,128
114,113,128
115,113,128
116,113,128
117,113,128
118,113,128
119,113,128
120,113,128
121,113,128
122,113,128
123,113,128
124,113,128
125,113,128
126,113,128
127,113,128
128,113,128
129,113,128
130,113,128
131,113,128
132,113,128
133,113,128
134,113,128
135,113,128
136,113,128
137,113,128
138,113,128
139,113,128
140,113,128
141,113,128
142,113,128
143,113,128
144,113,128
145,113,128
146,113,128
147,113,128
148,113,128
149,113,128
150,113,128
151,113,128
152,113,128
153,113,128
154,113,128
155,113,128
156,113,128
157,113,128
158,113,26
159,113,26
160,113,27
161,113,128
162,113,128
163,113,128
164,113,128
165,113,128
166,113,128
167,113,128
168,113,128
169,113,128
170,113,128
171,113,128
172,113,128
173,113,128
174,113,128
175,113,128
176,113,128
177,113,128
178,113,128
179,113,128
180,113,128
181,113,128
182,113,128
183,113,128
184,113,128
185,113,128
186,113,128
187,113,128
188,113,128
189,113,128
190,113,128
191,113,128
192,113,128
193,113,128
194,113,128
195,113,128
196,113,128
197,113,128
198,113,128
199,113,128
200,113,128
201,113,128
202,113,128
203,113,128
204,113,128
205,113,128
206,113,128
207,113,128
208,113,128
209,113,128
210,113,128
211,113,128
212,113,128
213,113,128
214,113,128
215,113,128
216,113,128
217,113,128
218,113,128
219,113,128
220,113,128
221,113,128
222,113,128
223,113,128
224,113,128
225,113,128
226,113,128
227,113,128
228,113,128
229,113,128
230,113,128
231,113,128
232,113,128
233,113,128
234,113,128
235,113,128
236,113,128
237,113,128
238,113,128
239,113,128
240,113,128
241,113,128
242,113,128
243,113,128
244,113,128
245,113,128
246,113,128
247,113,128
248,113,128
249,113,128
250,113,128
251,113,128
252,113,128
253,113,128
254,113,128
255,113,128
0,114,1
1,114,3
2,114,3
3,114,4
4,114,4
5,114,4
6,114,4
7,114,4
8,114,4
9,114,4
10,114,4
11,114,4
12,114,4
13,114,4
14,114,4
15,114,4
16,114,4
17,114,4
18,114,4
19,114,4
20,114,4
21,114,4
22,114,4
23,114,4
24,114,4
25,114,4
26,114,4
27,114,4
28,114,4
29,114,4
30,114,4
31,114,4
32,114,4
33,114,4
34,114,4
35,114,4
36,114,5
37,114,5
38,114,5
39,114,5
40,114,5
41,114,6
42,114,6
43,114,6
44,114,6
45,114,6
46,114,6
47,114,6
48,114,6
49,114,6
50,114,6
51,114,6
52,114,6
53,114,6
54,114,6
55,114,6
56,114,6
57,114,6
58,114,6
59,114,6
60,114,6
61,114,7
62,114,7
63,114,7
64,114,7
65,114,7
66,114,7
67,114,7
68,114,7
69,114,8
70,114,8
71,114,8
72,114,8
73,114,9
74,114,10
75,114,10
76,114,13
77,114,16
78,114,17
79,114,13
80,114,12
81,114,11
82,114,11
83,114,11
84,114,12
85,114,12
86,114,29
87,114,16
88,114,14
89,114,13
90,114,13
91,114,13
92,114,14
93,114,15
94,114,16
95,114,18
96,114,32
97,114,44
98,114,128
99,114,128
100,114,128
101,114,128
102,114,128
103,114,128
104,114,128
105,114,128
106,114,128
107,114,128
108,114,128
109,114,128
110,114,128
111,114,128
112,114,128
113,114,128
114,114,128
115,114,128
116,114,128
117,114,128
118,114,128
119,114,128
120,114,128
121,114,128
122,114,128
123,114,128
124,114,128
125,114,128
126,114,128
127,114,128
128,114,128
129,114,128
130,114,128
131,114,128
132,114,128
133,114,128
134,114,128
135,114,128
136,114,128
137,114,128
138,114,128
139,114,128
140,114,128
141,114,128
142,114,128
143,114,128
144,114,128
145,114,128
146,114,128
147,114,128
148,114,128
149,114,128
150,114,128
151,114,128
152,114,128
153,114,128
154,114,128
155,114,128
156,114,128
157,114,128
158,114,31
159,114,27
160,114,29
161,114,128
162,114,128
163,114,128
164,114,128
165,114,128
166,114,128
167,114,128
168,114,128
169,114,128
170,114,128
171,114,128
172,114,128
173,114,128
174,114,128
175,114,128
176,114,128
177,114,128
178,114,128
179,114,128
180,114,128
181,114,128
182,114,128
183,114,128
184,114,128
185,114,128
186,114,128
187,114,128
188,114,128
189,114,128
190,114,128
191,114,128
192,114,128
193,114,128
194,114,128
195,114,128
196,114,128
197,114,128
198,114,128
199,114,128
200,114,128
201,114,128
202,114,128
203,114,128
204,114,128
205,114,128
206,114,128
207,114,128
208,114,128
209,114,128
210,114,128
211,114,128
212,114,128
213,114,128
214,114,128
215,114,128
216,114,128
217,114,128
218,114,128
219,114,128
220,114,128
221,114,128
222,114,128
223,114,128
224,114,128
225,114,128
226,114,128
227,114,128
228,114,128
229,114,128
230,114,128
231,114,128
232,114,128
233,114,128
234,114,128
235,114,128
236,114,128
237,114,128
238,114,128
239,114,128
240,114,128
241,114,128
242,114,128
243,114,128
244,114,128
245,114,128
246,114,128
247,114,128
248,114,128
249,114,128
250,114,128
251,114,128
252,114,128
253,114,128
254,114,128
255,114,128
0,115,1
1,115,3
2,115,3
3,115,4
4,115,4
5,115,4
6,115,4
7,115,4
8,115,4
9,115,4
10,115,4
11,115,4
12,115,4
13,115,4
14,115,4
15,115,4
16,115,4
17,115,4
18,115,4
19,115,4
20,115,4
21,115,4
22,115,4
23,115,4
24,115,4
25,115,4
26,115,4
27,115,4
28,115,4
29,115,4
30,115,4
31,115,4
32,115,4
33,115,4
34,115,4
35,115,5
36,115,5
37,115,5
38,115,5
39,115,6
40,115,6
41,115,6
42,115,6
43,115,6
44,115,6
45,115,6
46,115,6
47,115,6
48,115,6
49,115,6
50,115,6
51,115,6
52,115,6
53,115,6
54,115,6
55,115,6
56,115,6
57,115,6
58,115,6
59,115,6
60,115,7
61,115,7
62,115,7
63,115,7
64,115,7
65,115,7
66,115,7
67,115,7
68,115,7
69,115,8
70,115,8
71,115,8
72,115,9
73,115,9
74,115,10
75,115,10
76,115,11
77,115,12
78,115,16
79,115,17
80,115,15
81,115,16
82,115,13
83,115,13
84,115,13
85,115,14
86,115,18
87,115,18
88,115,15
89,115,14
90,115,13
91,115,13
92,115,14
93,115,15
94,115,16
95,115,18
96,115,21
97,115,28
98,115,41
99,115,128
100,115,128
101,115,128
102,115,128
103,115,128
104,115,128
105,115,128
106,115,128
107,115,128
108,115,128
109,115,128
110,115,128
111,115,128
112,115,128
113,115,128
114,115,128
115,115,128
116,115,128
117,115,128
118,115,128
119,115,128
120,115,128
121,115,128
122,115,128
123,115,128
124,115,128
125,115,128
126,115,128
127,115,128
128,115,128
129,115,128
130,115,128
131,115,128
132,115,128
133,115,128
134,115,128
135,115,128
136,115,128
137,115,128
138,115,128
139,115,128
140,115,128
141,115,128
142,115,128
143,115,128
144,115,128
145,115,128
146,115,128
147,115,128
148,115,128
149,115,128
150,115,128
151,115,128
152,115,128
153,115,128
154,115,128
155,115,128
156,115,128
157,115,128
158,115,66
159,115,30
160,115,32
161,115,128
162,115,128
163,115,128
164,115,128
165,115,128
166,115,128
167,115,128
168,115,128
169,115,128
170,115,128
171,115,128
172,115,128
173,115,128
174,115,128
175,115,128
176,115,128
177,115,128
178,115,128
179,115,128
180,115,128
181,115,128
182,115,128
183,115,128
184,115,128
185,115,128
186,115,128
187,115,128
188,115,128
189,115,128
190,115,128
191,115,128
192,115,128
193,115,128
194,115,128
195,115,128
196,115,128
197,115,128
198,115,128
199,115,128
200,115,128
201,115,128
202,115,128
203,115,128
204,115,128
205,115,128
206,115,128
207,115,128
208,115,128
209,115,128
210,115,128
211,115,128
212,115,128
213,115,128
214,115,128
215,115,128
216,115,128
217,115,128
218,115,128
219,115,128
220,115,128
221,115,128
222,115,128
223,115,128
224,115,128
225,115,128
226,115,128
227,115,128
228,115,128
229,115,128
230,115,128
231,115,128
232,115,128
233,115,128
234,115,128
235,115,128
236,115,128
237,115,128
238,115,128
239,115,128
240,115,128
241,115,128
242,115,128
243,115,128
244,115,128
245,115,128
246,115,128
247,115,128
248,115,128
249,115,128
250,115,128
251,115,128
252,115,128
253,115,128
254,115,128
255,115,128
0,116,1
1,116,3
2,116,4
3,116,4
4,116,4
5,116,4
6,116,4
7,116,4
8,116,4
9,116,4
10,116,4
11,116,4
12,116,4
13,116,4
14,116,4
15,116,4
16,116,4
17,116,4
18,116,4
19,116,4
20,116,4
21,116,4
22,116,4
23,116,4
24,116,4
25,116,4
26,116,4
27,116,4
28,116,4
29,116,4
30,116,4
31,116,4
32,116,4
33,116,5
34,116,5
35,116,5
36,116,5
37,116,6
38,116,6
39,116,6
40,116,6
41,116,6
42,116,6
43,116,6
44,116,6
45,116,6
46,116,6
47,116,6
48,116,6
49,116,6
50,116,6
51,116,6
52,116,6
53,116,6
54,116,6
55,116,6
56,116,6
57,116,6
58,116,7
59,116,7
60,116,7
61,116,7
62,116,7
63,116,7
64,116,7
65,116,7
66,116,7
67,116,7
68,116,7
69,116,8
70,116,8
71,116,8
72,116,9
73,116,9
74,116,10
75,116,10
76,116,11
77,116,12
78,116,13
79,116,26
80,116,25
81,116,18
82,116,15
83,116,13
84,116,13
85,116,15
86,116,17
87,116,21
88,116,16
89,116,15
90,116,16
91,116,16
92,116,15
93,116,15
94,116,19
95,116,21
96,116,27
97,116,42
98,116,128
99,116,128
100,116,128
101,116,128
102,116,128
103,116,128
104,116,128
105,116,128
106,116,128
107,116,128
108,116,128
109,116,128
110,116,128
111,116,128
112,116,128
113,116,128
114,116,128
115,116,128
116,116,128
117,116,128
118,116,128
119,116,128
120,116,128
121,116,128
122,116,128
123,116,128
124,116,128
125,116,128
126,116,128
127,116,128
128,116,128
129,116,128
130,116,128
131,116,128
132,116,128
133,116,128
134,116,128
135,116,128
136,116,128
137,116,128
138,116,128
139,116,128
140,116,128
141,116,128
142,116,128
143,116,128
144,116,128
145,116,128
146,116,128
147,116,128
148,116,128
149,116,128
150,116,128
151,116,128
152,116,128
153,116,128
154,116,128
155,116,128
156,116,128
157,116,128
158,116,65
159,116,32
160,116,35
161,116,128
162,116,128
163,116,128
164,116,128
165,116,128
166,116,128
167,116,128
168,116,128
169,116,128
170,116,128
171,116,128
172,116,128
173,116,128
174,116,128
175,116,128
176,116,128
177,116,128
178,116,128
179,116,128
180,116,128
181,116,128
182,116,128
183,116,128
184,116,128
185,116,128
186,116,128
187,116,128
188,116,128
189,116,128
190,116,128
191,116,128
192,116,128
193,116,128
194,116,128
195,116,128
196,116,128
197,116,128
198,116,128
199,116,128
200,116,128
201,116,128
202,116,128
203,116,128
204,116,128
205,116,128
206,116,128
207,116,128
208,116,128
209,116,128
210,116,128
211,116,128
212,116,128
213,116,128
214,116,128
215,116,128
216,116,128
217,116,128
218,116,128
219,116,128
220,116,128
221,116,128
222,116,128
223,116,128
224,116,128
225,116,128
226,116,128
227,116,128
228,116,128
229,116,128
230,116,128
231,116,128
232,116,128
233,116,128
234,116,128
235,116,128
236,116,128
237,116,128
238,116,128
239,116,128
240,116,128
241,116,128
242,116,128
243,116,128
244,116,128
245,116,128
246,116,128
247,116,128
248,116,128
249,116,128
250,116,128
251,116,128
252,116,128
253,116,128
254,116,128
255,116,128
0,117,1
1,117,3
2,117,4
3,117,4
4,117,4
5,117,4
6,117,4
7,117,4
8,117,4
9,117,4
10,117,4
11,117,4
12,117,4
13,117,4
14,117,4
15,117,4
16,117,4
17,117,4
18,117,4
19,117,4
20,117,4
21,117,4
22,117,4
23,117,4
24,117,4
25,117,4
26,117,4
27,117,4
28,117,4
29,117,4
30,117,4
31,117,5
32,117,5
33,117,5
34,117,5
35,117,6
36,117,6
37,117,6
38,117,6
39,117,6
40,117,6
41,117,6
42,117,6
43,117,6
44,117,6
45,117,6
46,117,6
47,117,6
48,117,6
49,117,6
50,117,6
51,117,6
52,117,6
53,117,6
54,117,6
55,117,6
56,117,6
57,117,7
58,117,7
59,117,7
60,117,7
61,117,7
62,117,7
63,117,7
64,117,7
65,117,7
66,117,7
67,117,7
68,117,8
69,117,8
70,117,8
71,117,9
72,117,9
73,117,9
74,117,10
75,117,10
76,117,11
77,117,11
78,117,13
79,117,15
80,117,43
81,117,29
82,117,16
83,117,16
84,117,16
85,117,16
86,117,21
87,117,35
88,117,19
89,117,17
90,117,19
91,117,18
92,117,17
93,117,17
94,117,18
95,117,21
96,117,49
97,117,109
98,117,128
99,117,128
100,117,128
101,117,128
102,117,128
103,117,128
104,117,128
105,117,128
106,117,128
107,117,128
108,117,128
109,117,128
110,117,128
111,117,128
112,117,128
113,117,128
114,117,128
115,117,128
116,117,128
117,117,128
118,117,128
119,117,128
120,117,128
121,117,128
122,117,128
123,117,128
124,117,128
125,117,128
126,117,128
127,117,128
128,117,128
129,117,128
130,117,128
131,117,128
132,117,128
133,117,128
134,117,128
135,117,128
136,117,128
137,117,128
138,117,128
139,117,128
140,117,128
141,117,128
142,117,128
143,117,128
144,117,128
145,117,128
146,117,128
147,117,128
148,117,128
149,117,128
150,117,128
151,117,128
152,117,128
153,117,128
154,117,128
155,117,128
156,117,128
157,117,128
158,117,128
159,117,35
160,117,37
161,117,128
162,117,128
163,117,128
164,117,128
165,117,128
166,117,128
167,117,128
168,117,128
169,117,128
170,117,128
171,117,128
172,117,128
173,117,128
174,117,128
175,117,128
176,117,128
177,117,128
178,117,128
179,117,128
180,117,128
181,117,128
182,117,128
183,117,128
184,117,128
185,117,128
186,117,128
187,117,128
188,117,128
189,117,128
190,117,128
191,117,128
192,117,128
193,117,128
194,117,128
195,117,128
196,117,128
197,117,128
198,117,128
199,117,128
200,117,128
201,117,128
202,117,128
203,117,128
204,117,128
205,117,128
206,117,128
207,117,128
208,117,128
209,117,128
210,117,128
211,117,128
212,117,128
213,117,128
214,117,128
215,117,128
216,117,128
217,117,128
218,117,128
219,117,128
220,117,128
221,117,128
222,117,128
223,117,128
224,117,128
225,117,128
226,117,128
227,117,128
228,117,128
229,117,128
230,117,128
231,117,128
232,117,128
233,117,128
234,117,128
235,117,128
236,117,128
237,117,128
238,117,128
239,117,128
240,117,128
241,117,128
242,117,128
243,117,128
244,117,128
245,117,128
246,117,128
247,117,128
248,117,128
249,117,128
250,117,128
251,117,128
252,117,128
253,117,128
254,117,128
255,117,128
0,118,1
1,118,3
2,118,4
3,118,4
4,118,4
5,118,4
6,118,4
7,118,4
8,118,5
9,118,5
10,118,5
11,118,5
12,118,5
13,118,5
14,118,5
15,118,5
16,118,5
17,118,5
18,118,5
19,118,5
20,118,5
21,118,5
22,118,5
23,118,4
24,118,4
25,118,4
26,118,4
27,118,4
28,118,5
29,118,5
30,118,5
31,118,5
32,118,5
33,118,6
34,118,6
35,118,6
36,118,6
37,118,6
38,118,6
39,118,6
40,118,6
41,118,6
42,118,6
43,118,6
44,118,6
45,118,6
46,118,6
47,118,6
48,118,6
49,118,6
50,118,6
51,118,6
52,118,6
53,118,6
54,118,6
55,118,7
56,118,7
57,118,7
58,118,7
59,118,7
60,118,7
61,118,7
62,118,7
63,118,7
64,118,7
65,118,7
66,118,7
67,118,7
68,118,8
69,118,8
70,118,9
71,118,9
72,118,9
73,118,9
74,118,10
75,118,11
76,118,11
77,118,11
78,118,17
79,118,19
80,118,42
81,118,55
82,118,22
83,118,22
84,118,19
85,118,19
86,118,44
87,118,33
88,118,25
89,118,21
90,118,23
91,118,20
92,118,19
93,118,19
94,118,19
95,118,22
96,118,30
97,118,51
98,118,128
99,118,128
100,118,128
101,118,128
102,118,128
103,118,128
104,118,128
105,118,128
106,118,128
107,118,128
108,118,128
109,118,128
110,118,128
111,118,128
112,118,128
113,118,128
114,118,128
115,118,128
116,118,128
117,118,128
118,118,128
119,118,128
120,118,128
121,118,128
122,118,128
123,118,128
124,118,128
125,118,128
126,118,128
127,118,128
128,118,128
129,118,128
130,118,128
131,118,128
132,118,128
133,118,128
134,118,128
135,118,128
136,118,128
137,118,128
138,118,128
139,118,128
140,118,128
141,118,128
142,118,128
143,118,128
144,118,128
145,118,128
146,118,128
147,118,128
148,118,128
149,118,128
150,118,128
151,118,128
152,118,128
153,118,128
154,118,128
155,118,128
156,118,128
157,118,128
158,118,128
159,118,41
160,118,41
161,118,128
162,118,128
163,118,128
164,118,128
165,118,128
166,118,128
167,118,128
168,118,128
169,118,128
170,118,128
171,118,128
172,118,128
173,118,128
174,118,128
175,118,128
176,118,128
177,118,128
178,118,128
179,118,128
180,118,128
181,118,128
182,118,128
183,118,128
184,118,128
185,118,128
186,118,128
187,118,128
188,118,128
189,118,128
190,118,128
191,118,128
192,118,128
193,118,128
194,118,128
195,118,128
196,118,128
197,118,128
198,118,128
199,118,128
200,118,128
201,118,128
202,118,128
203,118,128
204,118,128
205,118,128
206,118,128
207,118,128
208,118,128
209,118,128
210,118,128
211,118,128
212,118,128
213,118,128
214,118,128
215,118,128
216,118,128
217,118,128
218,118,128
219,118,128
220,118,128
221,118,128
222,118,128
223,118,128
224,118,128
225,118,128
226,118,128
227,118,128
228,118,128
229,118,128
230,118,128
231,118,128
232,118,128
233,118,128
234,118,128
235,118,128
236,118,128
237,118,128
238,118,128
239,118,128
240,118,128
241,118,128
242,118,128
243,118,128
244,118,128
245,118,128
246,118,128
247,118,128
248,118,128
249,118,128
250,118,128
251,118,128
252,118,128
253,118,128
254,118,128
255,118,128
0,119,1
1,119,3
2,119,4
3,119,4
4,119,4
5,119,4
6,119,5
7,119,5
8,119,5
9,119,5
10,119,5
11,119,5
12,119,5
13,119,5
14,119,5
15,119,5
16,119,5
17,119,5
18,119,5
19,119,5
20,119,5
21,119,5
22,119,5
23,119,5
24,119,5
25,119,5
26,119,5
27,119,5
28,119,5
29,119,5
30,119,6
31,119,6
32,119,6
33,119,6
34,119,6
35,119,6
36,119,6
37,119,6
38,119,6
39,119,6
40,119,6
41,119,6
42,119,6
43,119,6
44,119,6
45,119,6
46,119,6
47,119,6
48,119,6
49,119,6
50,119,6
51,119,6
52,119,6
53,119,6
54,119,7
55,119,7
56,119,7
57,119,7
58,119,7
59,119,7
60,119,7
61,119,7
62,119,7
63,119,7
64,119,7
65,119,7
66,119,7
67,119,8
68,119,8
69,119,9
70,119,9
71,119,9
72,119,9
73,119,9
74,119,10
75,119,11
76,119,11
77,119,12
78,119,14
79,119,16
80,119,21
81,119,59
82,119,45
83,119,37
84,119,28
85,119,25
86,119,25
87,119,33
88,119,79
89,119,77
90,119,50
91,119,28
92,119,24
93,119,21
94,119,21
95,119,24
96,119,86
97,119,128
98,119,128
99,119,128
100,119,128
101,119,128
102,119,128
103,119,128
104,119,128
105,119,128
106,119,128
107,119,128
108,119,128
109,119,128
110,119,128
111,119,128
112,119,128
113,119,128
114,119,128
115,119,128
116,119,128
117,119,128
118,119,128
119,119,128
120,119,128
121,119,128
122,119,128
123,119,128
124,119,128
125,119,128
126,119,128
127,119,128
128,119,128
129,119,128
130,119,128
131,119,128
132,119,128
133,119,128
134,119,128
135,119,128
136,119,128
137,119,128
138,119,128
139,119,128
140,119,128
141,119,128
142,119,128
143,119,128
144,119,128
145,119,128
146,119,128
147,119,128
148,119,128
149,119,128
150,119,128
151,119,128
152,119,128
153,119,128
154,119,128
155,119,128
156,119,128
157,119,128
158,119,128
159,119,65
160,119,45
161,119,128
162,119,128
163,119,128
164,119,128
165,119,128
166,119,128
167,119,128
168,119,128
169,119,128
170,119,128
171,119,128
172,119,128
173,119,128
174,119,128
175,119,128
176,119,128
177,119,128
178,119,128
179,119,128
180,119,128
181,119,128
182,119,128
183,119,128
184,119,128
185,119,128
186,119,128
187,119,128
188,119,128
189,119,128
190,119,128
191,119,128
192,119,128
193,119,128
194,119,128
195,119,128
196,119,128
197,119,128
198,119,128
199,119,128
200,119,128
201,119,128
202,119,128
203,119,128
204,119,128
205,119,128
206,119,128
207,119,128
208,119,128
209,119,128
210,119,128
211,119,128
212,119,128
213,119,128
214,119,128
215,119,128
216,119,128
217,119,128
218,119,128
219,119,128
220,119,128
221,119,128
222,119,128
223,119,128
224,119,128
225,119,128
226,119,128
227,119,128
228,119,128
229,119,128
230,119,128
231,119,128
232,119,128
233,119,128
234,119,128
235,119,128
236,119,128
237,119,128
238,119,128
239,119,128
240,119,128
241,119,128
242,119,128
243,119,128
244,119,128
245,119,128
246,119,128
247,119,128
248,119,128
249,119,128
250,119,128
251,119,128
252,119,128
253,119,128
254,119,128
255,119,128
0,120,1
1,120,4
2,120,4
3,120,4
4,120,4
5,120,5
6,120,5
7,120,5
8,120,5
9,120,5
10,120,5
11,120,5
12,120,5
13,120,5
14,120,5
15,120,5
16,120,5
17,120,5
18,120,5
19,120,6
20,120,6
21,120,6
22,120,6
23,120,6
24,120,6
25,120,6
26,120,6
27,120,6
28,120,7
29,120,9
30,120,8
31,120,8
32,120,7
33,120,7
34,120,7
35,120,7
36,120,7
37,120,7
38,120,7
39,120,6
40,120,6
41,120,6
42,120,6
43,120,6
44,120,6
45,120,6
46,120,6
47,120,6
48,120,6
49,120,6
50,120,6
51,120,6
52,120,7
53,120,7
54,120,7
55,120,7
56,120,7
57,120,7
58,120,7
59,120,7
60,120,7
61,120,7
62,120,7
63,120,7
64,120,7
65,120,7
66,120,8
67,120,8
68,120,9
69,120,9
70,120,9
71,120,9
72,120,9
73,120,9
74,120,11
75,120,11
76,120,12
77,120,13
78,120,13
79,120,15
80,120,17
81,120,21
82,120,27
83,120,106
84,120,128
85,120,50
86,120,128
87,120,47
88,120,128
89,120,50
90,120,88
91,120,52
92,120,51
93,120,25
94,120,24
95,120,27
96,120,73
97,120,128
98,120,128
99,120,128
100,120,128
101,120,128
102,120,128
103,120,128
104,120,128
105,120,128
106,120,128
107,120,128
108,120,128
109,120,128
110,120,128
111,120,128
112,120,128
113,120,128
114,120,128
115,120,128
116,120,128
117,120,128
118,120,128
119,120,128
120,120,128
121,120,128
122,120,128
123,120,128
124,120,128
125,120,128
126,120,128
127,120,128
128,120,128
129,120,128
130,120,128
131,120,128
132,120,128
133,120,128
134,120,128
135,120,128
136,120,128
137,120,128
138,120,128
139,120,128
140,120,128
141,120,128
142,120,128
143,120,128
144,120,128
145,120,128
146,120,128
147,120,128
148,120,128
149,120,128
150,120,128
151,120,128
152,120,128
153,120,128
154,120,128
155,120,128
156,120,128
157,120,128
158,120,128
159,120,128
160,120,51
161,120,128
162,120,128
163,120,128
164,120,128
165,120,128
166,120,128
167,120,128
168,120,128
169,120,128
170,120,128
171,120,128
172,120,128
173,120,128
174,120,128
175,120,128
176,120,128
177,120,128
178,120,128
179,120,128
180,120,128
181,120,128
182,120,128
183,120,128
184,120,128
185,120,128
186,120,128
187,120,128
188,120,128
189,120,128
190,120,128
191,120,128
192,120,128
193,120,128
194,120,128
195,120,128
196,120,128
197,120,128
198,120,128
199,120,128
200,120,128
201,120,128
202,120,128
203,120,128
204,120,128
205,120,128
206,120,128
207,120,128
208,120,128
209,120,128
210,120,128
211,120,128
212,120,128
213,120,128
214,120,128
215,120,128
216,120,128
217,120,128
218,120,128
219,120,128
220,120,128
221,120,128
222,120,128
223,120,128
224,120,128
225,120,128
226,120,128
227,120,128
228,120,128
229,120,128
230,120,128
231,120,128
232,120,128
233,120,128
234,120,128
235,120,128
236,120,128
237,120,128
238,120,128
239,120,128
240,120,128
241,120,128
242,120,128
243,120,128
244,120,128
245,120,128
246,120,128
247,120,128
248,120,128
249,120,128
250,120,128
251,120,128
252,120,128
253,120,128
254,120,128
255,120,128
0,121,1
1,121,4
2,121,4
3,121,5
4,121,5
5,121,5
6,121,5
7,121,5
8,121,5
9,121,5
10,121,5
11,121,5
12,121,5
13,121,5
14,121,5
15,121,5
16,121,6
17,121,6
18,121,6
19,121,6
20,121,6
21,121,6
22,121,6
23,121,6
24,121,6
25,121,6
26,121,7
27,121,7
28,121,8
29,121,8
30,121,10
31,121,8
32,121,7
33,121,7
34,121,7
35,121,7
36,121,7
37,121,7
38,121,7
39,121,7
40,121,7
41,121,7
42,121,6
43,121,6
44,121,6
45,121,6
46,121,6
47,121,6
48,121,6
49,121,6
50,121,6
51,121,7
52,121,7
53,121,7
54,121,7
55,121,7
56,121,7
57,121,7
58,121,7
59,121,7
60,121,7
61,121,7
62,121,7
63,121,7
64,121,8
65,121,8
66,121,9
67,121,9
68,121,9
69,121,9
70,121,9
71,121,9
72,121,10
73,121,10
74,121,13
75,121,12
76,121,13
77,121,13
78,121,14
79,121,16
80,121,17
81,121,26
82,121,38
83,121,128
84,121,128
85,121,72
86,121,128
87,121,128
88,121,128
89,121,128
90,121,128
91,121,128
92,121,128
93,121,80
94,121,29
95,121,27
96,121,46
97,121,128
98,121,128
99,121,128
100,121,128
101,121,128
102,121,128
103,121,128
104,121,128
105,121,128
106,121,128
107,121,128
108,121,128
109,121,128
110,121,128
111,121,128
112,121,128
113,121,128
114,121,128
115,121,128
116,121,128
117,121,128
118,121,128
119,121,128
120,121,128
121,121,128
122,121,128
123,121,128
124,121,128
125,121,128
126,121,128
127,121,128
128,121,128
129,121,128
130,121,128
131,121,128
132,121,128
133,121,128
134,121,128
135,121,128
136,121,128
137,121,128
138,121,128
139,121,128
140,121,128
141,121,128
142,121,128
143,121,128
144,121,128
145,121,128
146,121,128
147,121,128
148,121,128
149,121,128
150,121,128
151,121,128
152,121,128
153,121,128
154,121,128
155,121,128
156,121,128
157,121,128
158,121,128
159,121,128
160,121,59
161,121,128
162,121,128
163,121,128
164,121,128
165,121,128
166,121,128
167,121,128
168,121,128
169,121,128
170,121,128
171,121,128
172,121,128
173,121,128
174,121,128
175,121,128
176,121,128
177,121,128
178,121,128
179,121,128
180,121,128
181,121,128
182,121,128
183,121,128
184,121,128
185,121,128
186,121,128
187,121,128
188,121,128
189,121,128
190,121,128
191,121,128
192,121,128
193,121,128
194,121,128
195,121,128
196,121,128
197,121,128
198,121,128
199,121,128
200,121,128
201,121,128
202,121,128
203,121,128
204,121,128
205,121,128
206,121,128
207,121,128
208,121,128
209,121,128
210,121,128
211,121,128
212,121,128
213,121,128
214,121,128
215,121,128
216,121,128
217,121,128
218,121,128
219,121,128
220,121,128
221,121,128
222,121,128
223,121,128
224,121,128
225,121,128
226,121,128
227,121,128
228,121,128
229,121,128
230,121,128
231,121,128
232,121,128
233,121,128
234,121,128
235,121,128
236,121,128
237,121,128
238,121,128
239,121,128
240,121,128
241,121,128
242,121,128
243,121,128
244,121,128
245,121,128
246,121,128
247,121,128
248,121,128
249,121,128
250,121,128
251,121,128
252,121,128
253,121,128
254,121,128
255,121,128
0,122,1
1,122,4
2,122,4
3,122,5
4,122,5
5,122,5
6,122,5
7,122,5
8,122,5
9,122,5
10,122,5
11,122,5
12,122,5
13,122,5
14,122,6
15,122,6
16,122,6
17,122,6
18,122,6
19,122,6
20,122,6
21,122,6
22,122,6
23,122,6
24,122,7
25,122,7
26,122,7
27,122,7
28,122,8
29,122,9
30,122,11
31,122,9
32,122,8
33,122,7
34,122,7
35,122,7
36,122,7
37,122,7
38,122,7
39,122,7
40,122,7
41,122,7
42,122,7
43,122,7
44,122,7
45,122,7
46,122,7
47,122,7
48,122,7
49,122,7
50,122,7
51,122,8
52,122,8
53,122,8
54,122,8
55,122,8
56,122,8
57,122,8
58,122,8
59,122,8
60,122,8
61,122,8
62,122,8
63,122,8
64,122,9
65,122,11
66,122,11
67,122,10
68,122,10
69,122,10
70,122,10
71,122,10
72,122,11
73,122,12
74,122,17
75,122,16
76,122,14
77,122,15
78,122,16
79,122,38
80,122,22
81,122,29
82,122,31
83,122,46
84,122,128
85,122,128
86,122,128
87,122,128
88,122,128
89,122,128
90,122,128
91,122,128
92,122,128
93,122,128
94,122,51
95,122,32
96,122,128
97,122,128
98,122,128
99,122,128
100,122,128
101,122,128
102,122,128
103,122,128
104,122,128
105,122,128
106,122,128
107,122,128
108,122,128
109,122,128
110,122,128
111,122,128
112,122,128
113,122,128
114,122,128
115,122,128
116,122,128
117,122,128
118,122,128
119,122,128
120,122,128
121,122,128
122,122,128
123,122,128
124,122,128
125,122,128
126,122,128
127,122,128
128,122,128
129,122,128
130,122,128
131,122,128
132,122,128
133,122,128
134,122,128
135,122,128
136,122,128
137,122,128
138,122,128
139,122,128
140,122,128
141,122,128
142,122,128
143,122,128
144,122,128
145,122,128
146,122,128
147,122,128
148,122,128
149,122,128
150,122,128
151,122,128
152,122,128
153,122,128
154,122,128
155,122,128
156,122,128
157,122,128
158,122,128
159,122,128
160,122,68
161,122,128
162,122,128
163,122,128
164,122,128
165,122,128
166,122,128
167,122,128
168,122,128
169,122,128
170,122,128
171,122,128
172,122,128
173,122,128
174,122,128
175,122,128
176,122,128
177,122,128
178,122,128
179,122,128
180,122,128
181,122,128
182,122,128
183,122,128
184,122,128
185,122,128
186,122,128
187,122,128
188,122,128
189,122,128
190,122,128
191,122,128
192,122,128
193,122,128
194,122,128
195,122,128
196,122,128
197,122,128
198,122,128
199,122,128
200,122,128
201,122,128
202,122,128
203,122,128
204,122,128
205,122,128
206,122,128
207,122,128
208,122,128
209,122,128
210,122,128
211,122,128
212,122,128
213,122,128
214,122,128
215,122,128
216,122,128
217,122,128
218,122,128
219,122,128
220,122,128
221,122,128
222,122,128
223,122,128
224,122,128
225,122,128
226,122,128
227,122,128
228,122,128
229,122,128
230,122,128
231,122,128
232,122,128
233,122,128
234,122,128
235,122,128
236,122,128
237,122,128
238,122,128
239,122,128
240,122,128
241,122,128
242,122,128
243,122,128
244,122,128
245,122,128
246,122,128
247,122,128
248,122,128
249,122,128
250,122,128
251,122,128
252,122,128
253,122,128
254,122,128
255,122,128
0,123,1
1,123,4
2,123,5
3,123,5
4,123,5
5,123,5
6,123,5
7,123,5
8,123,5
9,123,5
10,123,5
11,123,5
12,123,5
13,123,6
14,123,6
15,123,6
16,123,6
17,123,6
18,123,6
19,123,6
20,123,6
21,123,6
22,123,6
23,123,7
24,123,7
25,123,7
26,123,7
27,123,7
28,123,8
29,123,9
30,123,14
31,123,9
32,123,9
33,123,7
34,123,7
35,123,7
36,123,7
37,123,7
38,123,7
39,123,7
40,123,7
41,123,8
42,123,8
43,123,8
44,123,8
45,123,8
46,123,8
47,123,8
48,123,9
49,123,8
50,123,8
51,123,8
52,123,8
53,123,8
54,123,8
55,123,8
56,123,8
57,123,8
58,123,8
59,123,8
60,123,8
61,123,9
62,123,9
63,123,9
64,123,10
65,123,12
66,123,20
67,123,12
68,123,11
69,123,11
70,123,11
71,123,11
72,123,11
73,123,12
74,123,14
75,123,20
76,123,17
77,123,16
78,123,17
79,123,19
80,123,30
81,123,49
82,123,60
83,123,128
84,123,128
85,123,128
86,123,128
87,123,128
88,123,128
89,123,128
90,123,128
91,123,128
92,123,128
93,123,128
94,123,128
95,123,40
96,123,53
97,123,128
98,123,128
99,123,128
100,123,128
101,123,128
102,123,128
103,123,128
104,123,128
105,123,128
106,123,128
107,123,128
108,123,128
109,123,128
110,123,128
111,123,128
112,123,128
113,123,128
114,123,128
115,123,128
116,123,128
117,123,128
118,123,128
119,123,128
120,123,128
121,123,128
122,123,128
123,123,128
124,123,128
125,123,128
126,123,128
127,123,128
128,123,128
129,123,128
130,123,128
131,123,128
132,123,128
133,123,128
134,123,128
135,123,128
136,123,128
137,123,128
138,123,128
139,123,128
140,123,128
141,123,128
142,123,128
143,123,128
144,123,128
145,123,128
146,123,128
147,123,128
148,123,128
149,123,128
150,123,128
151,123,128
152,123,128
153,123,128
154,123,128
155,123,128
156,123,128
157,123,128
158,123,128
159,123,128
160,123,81
161,123,128
162,123,128
163,123,128
164,123,128
165,123,128
166,123,128
167,123,128
168,123,128
169,123,128
170,123,128
171,123,128
172,123,128
173,123,128
174,123,128
175,123,128
176,123,128
177,123,128
178,123,128
179,123,128
180,123,128
181,123,128
182,123,128
183,123,128
184,123,128
185,123,128
186,123,128
187,123,128
188,123,128
189,123,128
190,123,128
191,123,128
192,123,128
193,123,128
194,123,128
195,123,128
196,123,128
197,123,128
198,123,128
199,123,128
200,123,128
201,123,128
202,123,128
203,123,128
204,123,128
205,123,128
206,123,128
207,123,128
208,123,128
209,123,128
210,123,128
211,123,128
212,123,128
213,123,128
214,123,128
215,123,128
216,123,128
217,123,128
218,123,128
219,123,128
220,123,128
221,123,128
222,123,128
223,123,128
224,123,128
225,123,128
226,123,128
227,123,128
228,123,128
229,123,128
230,123,128
231,123,128
232,123,128
233,123,128
234,123,128
235,123,128
236,123,128
237,123,128
238,123,128
239,123,128
240,123,128
241,123,128
242,123,128
243,123,128
244,123,128
245,123,128
246,123,128
247,123,128
248,123,128
249,123,128
250,123,128
251,123,128
252,123,128
253,123,128
254,123,128
255,123,128
0,124,1
1,124,5
2,124,5
3,124,5
4,124,5
5,124,5
6,124,5
7,124,5
8,124,5
9,124,5
10,124,5
11,124,6
12,124,6
13,124,6
14,124,6
15,124,6
16,124,6
17,124,6
18,124,6
19,124,6
20,124,6
21,124,6
22,124,7
23,124,7
24,124,7
25,124,7
26,124,7
27,124,7
28,124,9
29,124,10
30,124,13
31,124,11
32,124,10
33,124,9
34,124,7
35,124,7
36,124,7
37,124,8
38,124,8
39,124,8
40,124,8
41,124,8
42,124,8
43,124,8
44,124,8
45,124,8
46,124,9
47,124,10
48,124,11
49,124,9
50,124,9
51,124,9
52,124,8
53,124,8
54,124,8
55,124,8
56,124,8
57,124,8
58,124,9
59,124,9
60,124,9
61,124,9
62,124,9
63,124,10
64,124,10
65,124,12
66,124,22
67,124,12
68,124,12
69,124,11
70,124,11
71,124,11
72,124,12
73,124,13
74,124,14
75,124,16
76,124,27
77,124,21
78,124,20
79,124,22
80,124,26
81,124,36
82,124,128
83,124,128
84,124,128
85,124,128
86,124,128
87,124,128
88,124,128
89,124,128
90,124,128
91,124,128
92,124,128
93,124,128
94,124,128
95,124,128
96,124,128
97,124,128
98,124,128
99,124,128
100,124,128
101,124,128
102,124,128
103,124,128
104,124,128
105,124,128
106,124,128
107,124,128
108,124,128
109,124,128
110,124,128
111,124,128
112,124,128
113,124,128
114,124,128
115,124,128
116,124,128
117,124,128
118,124,128
119,124,128
120,124,128
121,124,128
122,124,128
123,124,128
124,124,128
125,124,128
126,124,128
127,124,128
128,124,128
129,124,128
130,124,128
131,124,128
132,124,128
133,124,128
134,124,128
135,124,128
136,124,128
137,124,128
138,124,128
139,124,128
140,124,128
141,124,128
142,124,128
143,124,128
144,124,128
145,124,128
146,124,128
147,124,128
148,124,128
149,124,128
150,124,128
151,124,128
152,124,128
153,124,128
154,124,128
155,124,128
156,124,128
157,124,128
158,124,128
159,124,128
160,124,101
161,124,128
162,124,128
163,124,128
164,124,128
165,124,128
166,124,128
167,124,128
168,124,128
169,124,128
170,124,128
171,124,128
172,124,128
173,124,128
174,124,128
175,124,128
176,124,128
177,124,128
178,124,128
179,124,128
180,124,128
181,124,128
182,124,128
183,124,128
184,124,128
185,124,128
186,124,128
187,124,128
188,124,128
189,124,128
190,124,128
191,124,128
192,124,128
193,124,128
194,124,128
195,124,128
196,124,128
197,124,128
198,124,128
199,124,128
200,124,128
201,124,128
202,124,128
203,124,128
204,124,128
205,124,128
206,124,128
207,124,128
208,124,128
209,124,128
210,124,128
211,124,128
212,124,128
213,124,128
214,124,128
215,124,128
216,124,128
217,124,128
218,124,128
219,124,128
220,124,128
221,124,128
222,124,128
223,124,128
224,124,128
225,124,128
226,124,128
227,124,128
228,124,128
229,124,128
230,124,128
231,124,128
232,124,128
233,124,128
234,124,128
235,124,128
236,124,128
237,124,128
238,124,128
239,124,128
240,124,128
241,124,128
242,124,128
243,124,128
244,124,128
245,124,128
246,124,128
247,124,128
248,124,128
249,124,128
250,124,128
251,124,128
252,124,128
253,124,128
254,124,128
255,124,128
0,125,1
1,125,5
2,125,5
3,125,5
4,125,5
5,125,5
6,125,5
7,125,5
8,125,5
9,125,5
10,125,6
11,125,6
12,125,7
13,125,7
14,125,6
15,125,6
16,125,6
17,125,6
18,125,6
19,125,6
20,125,7
21,125,7
22,125,7
23,125,7
24,125,7
25,125,7
26,125,7
27,125,8
28,125,10
29,125,10
30,125,13
31,125,13
32,125,12
33,125,13
34,125,10
35,125,9
36,125,9
37,125,9
38,125,8
39,125,8
40,125,8
41,125,8
42,125,8
43,125,8
44,125,9
45,125,9
46,125,9
47,125,14
48,125,20
49,125,10
50,125,9
51,125,9
52,125,9
53,125,8
54,125,8
55,125,8
56,125,9
57,125,9
58,125,9
59,125,9
60,125,9
61,125,9
62,125,10
63,125,10
64,125,11
65,125,12
66,125,16
67,125,14
68,125,13
69,125,13
70,125,12
71,125,13
72,125,13
73,125,13
74,125,15
75,125,16
76,125,21
77,125,31
78,125,25
79,125,35
80,125,29
81,125,54
82,125,128
83,125,128
84,125,128
85,125,128
86,125,128
87,125,128
88,125,128
89,125,128
90,125,128
91,125,128
92,125,128
93,125,128
94,125,128
95,125,128
96,125,128
97,125,128
98,125,128
99,125,128
100,125,128
101,125,128
102,125,128
103,125,128
104,125,128
105,125,128
106,125,128
107,125,128
108,125,128
109,125,128
110,125,128
111,125,128
112,125,128
113,125,128
114,125,128
115,125,128
116,125,128
117,125,128
118,125,128
119,125,128
120,125,128
121,125,128
122,125,128
123,125,128
124,125,128
125,125,128
126,125,128
127,125,128
128,125,128
129,125,128
130,125,128
131,125,128
132,125,128
133,125,128
134,125,128
135,125,128
136,125,128
137,125,128
138,125,128
139,125,128
140,125,128
141,125,128
142,125,128
143,125,128
144,125,128
145,125,128
146,125,128
147,125,128
148,125,128
149,125,128
150,125,128
151,125,128
152,125,128
153,125,128
154,125,128
155,125,128
156,125,128
157,125,128
158,125,128
159,125,128
160,125,128
161,125,128
162,125,128
163,125,128
164,125,128
165,125,128
166,125,128
167,125,128
168,125,128
169,125,128
170,125,128
171,125,128
172,125,128
173,125,128
174,125,128
175,125,128
176,125,128
177,125,128
178,125,128
179,125,128
180,125,128
181,125,128
182,125,128
183,125,128
184,125,128
185,125,128
186,125,128
187,125,128
188,125,128
189,125,128
190,125,128
191,125,128
192,125,128
193,125,128
194,125,128
195,125,128
196,125,128
197,125,128
198,125,128
199,125,128
200,125,128
201,125,128
202,125,128
203,125,128
204,125,128
205,125,128
206,125,128
207,125,128
208,125,128
209,125,128
210,125,128
211,125,128
212,125,128
213,125,128
214,125,128
215,125,128
216,125,128
217,125,128
218,125,128
219,125,128
220,125,128
221,125,128
222,125,128
223,125,128
224,125,128
225,125,128
226,125,128
227,125,128
228,125,128
229,125,128
230,125,128
231,125,128
232,125,128
233,125,128
234,125,128
235,125,128
236,125,128
237,125,128
238,125,128
239,125,128
240,125,128
241,125,128
242,125,128
243,125,128
244,125,128
245,125,128
246,125,128
247,125,128
248,125,128
249,125,128
250,125,128
251,125,128
252,125,128
253,125,128
254,125,128
255,125,128
0,126,1
1,126,5
2,126,6
3,126,6
4,126,6
5,126,6
6,126,5
7,126,5
8,126,5
9,126,6
10,126,7
11,126,7
12,126,7
13,126,7
14,126,7
15,126,7
16,126,7
17,126,6
18,126,6
19,126,7
20,126,8
21,126,8
22,126,8
23,126,8
24,126,8
25,126,9
26,126,9
27,126,11
28,126,13
29,126,14
30,126,16
31,126,128
32,126,19
33,126,13
34,126,10
35,126,10
36,126,9
37,126,9
38,126,9
39,126,9
40,126,9
41,126,8
42,126,8
43,126,9
44,126,10
45,126,10
46,126,11
47,126,13
48,126,13
49,126,11
50,126,10
51,126,10
52,126,10
53,126,10
54,126,11
55,126,11
56,126,10
57,126,10
58,126,10
59,126,10
60,126,10
61,126,11
62,126,11
63,126,11
64,126,12
65,126,13
66,126,15
67,126,17
68,126,14
69,126,14
70,126,15
71,126,16
72,126,15
73,126,15
74,126,20
75,126,18
76,126,22
77,126,33
78,126,71
79,126,106
80,126,53
81,126,128
82,126,128
83,126,128
84,126,128
85,126,128
86,126,128
87,126,128
88,126,128
89,126,128
90,126,128
91,126,128
92,126,128
93,126,128
94,126,128
95,126,128
96,126,128
97,126,128
98,126,128
99,126,128
100,126,128
101,126,128
102,126,128
103,126,128
104,126,128
105,126,128
106,126,128
107,126,128
108,126,128
109,126,128
110,126,128
111,126,128
112,126,128
113,126,128
114,126,128
115,126,128
116,126,128
117,126,128
118,126,128
119,126,128
120,126,128
121,126,128
122,126,128
123,126,128
124,126,128
125,126,128
126,126,128
127,126,128
128,126,128
129,126,128
130,126,128
131,126,128
132,126,128
133,126,128
134,126,128
135,126,128
136,126,128
137,126,128
138,126,128
139,126,128
140,126,128
141,126,128
142,126,128
143,126,128
144,126,128
145,126,128
146,126,128
147,126,128
148,126,128
149,126,128
150,126,128
151,126,128
152,126,128
153,126,128
154,126,128
155,126,128
156,126,128
157,126,128
158,126,128
159,126,128
160,126,128
161,126,128
162,126,128
163,126,128
164,126,128
165,126,128
166,126,128
167,126,128
168,126,128
169,126,128
170,126,128
171,126,128
172,126,128
173,126,128
174,126,128
175,126,128
176,126,128
177,126,128
178,126,128
179,126,128
180,126,128
181,126,128
182,126,128
183,126,128
184,126,128
185,126,128
186,126,128
187,126,128
188,126,128
189,126,128
190,126,128
191,126,128
192,126,128
193,126,128
194,126,128
195,126,128
196,126,128
197,126,128
198,126,128
199,126,128
200,126,128
201,126,128
202,126,128
203,126,128
204,126,128
205,126,128
206,126,128
207,126,128
208,126,128
209,126,128
210,126,128
211,126,128
212,126,128
213,126,128
214,126,128
215,126,128
216,126,128
217,126,128
218,126,128
219,126,128
220,126,128
221,126,128
222,126,128
223,126,128
224,126,128
225,126,128
226,126,128
227,126,128
228,126,128
229,126,128
230,126,128
231,126,128
232,126,128
233,126,128
234,126,128
235,126,128
236,126,128
237,126,128
238,126,128
239,126,128
240,126,128
241,126,128
242,126,128
243,126,128
244,126,128
245,126,128
246,126,128
247,126,128
248,126,128
249,126,128
250,126,128
251,126,128
252,126,128
253,126,128
254,126,128
255,126,128
0,127,1
1,127,6
2,127,6
3,127,7
4,127,7
5,127,7
6,127,8
7,127,8
8,127,8
9,127,8
10,127,8
11,127,7
12,127,7
13,127,8
14,127,8
15,127,8
16,127,9
17,127,9
18,127,10
19,127,9
20,127,9
21,127,8
22,127,8
23,127,9
24,127,9
25,127,9
26,127,10
27,127,11
28,127,16
29,127,24
30,127,128
31,127,128
32,127,128
33,127,15
34,127,12
35,127,11
36,127,11
37,127,10
38,127,10
39,127,10
40,127,10
41,127,11
42,127,12
43,127,11
44,127,10
45,127,11
46,127,11
47,127,15
48,127,16
49,127,13
50,127,12
51,127,12
52,127,11
53,127,12
54,127,13
55,127,13
56,127,12
57,127,11
58,127,11
59,127,11
60,127,12
61,127,18
62,127,13
63,127,13
64,127,15
65,127,15
66,127,19
67,127,23
68,127,19
69,127,16
70,127,17
71,127,20
72,127,18
73,127,17
74,127,29
75,127,23
76,127,27
77,127,40
78,127,128
79,127,128
80,127,128
81,127,128
82,127,128
83,127,128
84,127,128
85,127,128
86,127,128
87,127,128
88,127,128
89,127,128
90,127,128
91,127,128
92,127,128
93,127,128
94,127,128
95,127,128
96,127,128
97,127,128
98,127,128
99,127,128
100,127,128
101,127,128
102,127,128
103,127,128
104,127,128
105,127,128
106,127,128
107,127,128
108,127,128
109,127,128
110,127,128
111,127,128
112,127,128
113,127,128
114,127,128
115,127,128
116,127,128
117,127,128
118,127,128
119,127,128
120,127,128
121,127,128
122,127,128
123,127,128
124,127,128
125,127,128
126,127,128
127,127,128
128,127,128
129,127,128
130,127,128
131,127,128
132,127,128
133,127,128
134,127,128
135,127,128
136,127,128
137,127,128
138,127,128
139,127,128
140,127,128
141,127,128
142,127,128
143,127,128
144,127,128
145,127,128
146,127,128
147,127,128
148,127,128
149,127,128
150,127,128
151,127,128
152,127,128
153,127,128
154,127,128
155,127,128
156,127,128
157,127,128
158,127,128
159,127,128
160,127,128
161,127,128
162,127,128
163,127,128
164,127,128
165,127,128
166,127,128
167,127,128
168,127,128
169,127,128
170,127,128
171,127,128
172,127,128
173,127,128
174,127,128
175,127,128
176,127,128
177,127,128
178,127,128
179,127,128
180,127,128
181,127,128
182,127,128
183,127,128
184,127,128
185,127,128
186,127,128
187,127,128
188,127,128
189,127,128
190,127,128
191,127,128
192,127,128
193,127,128
194,127,128
195,127,128
196,127,128
197,127,128
198,127,128
199,127,128
200,127,128
201,127,128
202,127,128
203,127,128
204,127,128
205,127,128
206,127,128
207,127,128
208,127,128
209,127,128
210,127,128
211,127,128
212,127,128
213,127,128
214,127,128
215,127,128
216,127,128
217,127,128
218,127,128
219,127,128
220,127,128
221,127,128
222,127,128
223,127,128
224,127,128
225,127,128
226,127,128
227,127,128
228,127,128
229,127,128
230,127,128
231,127,128
232,127,128
233,127,128
234,127,128
235,127,128
236,127,128
237,127,128
238,127,128
239,127,128
240,127,128
241,127,128
242,127,128
243,127,128
244,127,128
245,127,128
246,127,128
247,127,128
248,127,128
249,127,128
250,127,128
251,127,128
252,127,128
253,127,128
254,127,128
255,127,128
0,128,1
1,128,128
2,128,128
3,128,128
4,128,128
5,128,128
6,128,128
7,128,128
8,128,128
9,128,128
10,128,128
11,128,128
12,128,128
13,128,128
14,128,128
15,128,128
16,128,128
17,128,128
18,128,128
19,128,128
20,128,128
21,128,128
22,128,128
23,128,128
24,128,128
25,128,128
26,128,128
27,128,128
28,128,128
29,128,128
30,128,128
31,128,128
32,128,128
33,128,128
34,128,128
35,128,128
36,128,128
37,128,128
38,128,128
39,128,128
40,128,128
41,128,128
42,128,128
43,128,128
44,128,128
45,128,128
46,128,128
47,128,128
48,128,128
49,128,128
50,128,128
51,128,128
52,128,128
53,128,128
54,128,128
55,128,128
56,128,128
57,128,128
58,128,128
59,128,128
60,128,128
61,128,128
62,128,128
63,128,128
64,128,128
65,128,128
66,128,128
67,128,128
68,128,128
69,128,128
70,128,128
71,128,128
72,128,128
73,128,128
74,128,128
75,128,128
76,128,128
77,128,128
78,128,128
79,128,128
80,128,128
81,128,128
82,128,128
83,128,128
84,128,128
85,128,128
86,128,128
87,128,128
88,128,128
89,128,128
90,128,128
91,128,128
92,128,128
93,128,128
94,128,128
95,128,128
96,128,128
97,128,128
98,128,128
99,128,128
100,128,128
101,128,128
102,128,128
103,128,128
104,128,128
105,128,128
106,128,128
107,128,128
108,128,128
109,128,128
110,128,128
111,128,128
112,128,128
113,128,128
114,128,128
115,128,128
116,128,128
117,128,128
118,128,128
119,128,128
120,128,128
121,128,128
122,128,128
123,128,128
124,128,128
125,128,128
126,128,128
127,128,128
128,128,128
129,128,128
130,128,128
131,128,128
132,128,128
133,128,128
134,128,128
135,128,128
136,128,128
137,128,128
138,128,128
139,128,128
140,128,128
141,128,128
142,128,128
143,128,128
144,128,128
145,128,128
146,128,128
147,128,128
148,128,128
149,128,128
150,128,128
151,128,128
152,128,128
153,128,128
154,128,128
155,128,128
156,128,128
157,128,128
158,128,128
159,128,128
160,128,128
161,128,128
162,128,128
163,128,128
164,128,128
165,128,128
166,128,128
167,128,128
168,128,128
169,128,128
170,128,128
171,128,128
172,128,128
173,128,128
174,128,128
175,128,128
176,128,128
177,128,128
178,128,128
179,128,128
180,128,128
181,128,128
182,128,128
183,128,128
184,128,128
185,128,128
186,128,128
187,128,128
188,128,128
189,128,128
190,128,128
191,128,128
192,128,128
193,128,128
194,128,128
195,128,128
196,128,128
197,128,128
198,128,128
199,128,128
200,128,128
201,128,128
202,128,128
203,128,128
204,128,128
205,128,128
206,128,128
207,128,128
208,128,128
209,128,128
210,128,128
211,128,128
212,128,128
213,128,128
214,128,128
215,128,128
216,128,128
217,128,128
218,128,128
219,128,128
220,128,128
221,128,128
222,128,128
223,128,128
224,128,128
225,128,128
226,128,128
227,128,128
228,128,128
229,128,128
230,128,128
231,128,128
232,128,128
233,128,128
234,128,128
235,128,128
236,128,128
237,128,128
238,128,128
239,128,128
240,128,128
241,128,128
242,128,128
243,128,128
244,128,128
245,128,128
246,128,128
247,128,128
248,128,128
249,128,128
250,128,128
251,128,128
252,128,128
253,128,128
254,128,128
255,128,128
0,129,1
1,129,6
2,129,6
3,129,7
4,129,7
5,129,7
6,129,8
7,129,8
8,129,8
9,129,8
10,129,8
11,129,7
12,129,7
13,129,8
14,129,8
15,129,8
16,129,9
17,129,9
18,129,10
19,129,9
20,129,9
21,129,8
22,129,8
23,129,9
24,129,9
25,129,9
26,129,10
27,129,11
28,129,16
29,129,24
30,129,128
31,129,128
32,129,128
33,129,15
34,129,12
35,129,11
36,129,11
37,129,10
38,129,10
39,129,10
40,129,10
41,129,11
42,129,12
43,129,11
44,129,10
45,129,11
46,129,11
47,129,15
48,129,16
49,129,13
50,129,12
51,129,12
52,129,11
53,129,12
54,129,13
55,129,13
56,129,12
57,129,11
58,129,11
59,129,11
60,129,12
61,129,18
62,129,13
63,129,13
64,129,15
65,129,15
66,129,19
67,129,23
68,129,19
69,129,16
70,129,17
71,129,20
72,129,18
73,129,17
74,129,29
75,129,23
76,129,27
77,129,40
78,129,128
79,129,128
80,129,128
81,129,128
82,129,128
83,129,128
84,129,128
85,129,128
86,129,128
87,129,128
88,129,128
89,129,128
90,129,128
91,129,128
92,129,128
93,129,128
94,129,128
95,129,128
96,129,128
97,129,128
98,129,128
99,129,128
100,129,128
101,129,128
102,129,128
103,129,128
104,129,128
105,129,128
106,129,128
107,129,128
108,129,128
109,129,128
110,129,128
111,129,128
112,129,128
113,129,128
114,129,128
115,129,128
116,129,128
117,129,128
118,129,128
119,129,128
120,129,128
121,129,128
122,129,128
123,129,128
124,129,128
125,129,128
126,129,128
127,129,128
128,129,128
129,129,128
130,129,128
131,129,128
132,129,128
133,129,128
134,129,128
135,129,128
136,129,128
137,129,128
138,129,128
139,129,128
140,129,128
141,129,128
142,129,128
143,129,128
144,129,128
145,129,128
146,129,128
147,129,128
148,129,128
149,129,128
150,129,128
151,129,128
152,129,128
153,129,128
154,129,128
155,129,128
156,129,128
157,129,128
158,129,128
159,129,128
160,129,128
161,129,128
162,129,128
163,129,128
164,129,128
165,129,128
166,129,128
167,129,128
168,129,128
169,129,128
170,129,128
171,129,128
172,129,128
173,129,128
174,129,128
175,129,128
176,129,128
177,129,128
178,129,128
179,129,128
180,129,128
181,129,128
182,129,128
183,129,128
184,129,128
185,129,128
186,129,128
187,129,128
188,129,128
189,129,128
190,129,128
191,129,128
192,129,128
193,129,128
194,129,128
195,129,128
196,129,128
197,129,128
198,129,128
199,129,128
200,129,128
201,129,128
202,129,128
203,129,128
204,129,128
205,129,128
206,129,128
207,129,128
208,129,128
209,129,128
210,129,128
211,129,128
212,129,128
213,129,128
214,129,128
215,129,128
216,129,128
217,129,128
218,129,128
219,129,128
220,129,128
221,129,128
222,129,128
223,129,128
224,129,128
225,129,128
226,129,128
227,129,128
228,129,128
229,129,128
230,129,128
231,129,128
232,129,128
233,129,128
234,129,128
235,129,128
236,129,128
237,129,128
238,129,128
239,129,128
240,129,128
241,129,128
242,129,128
243,129,128
244,129,128
245,129,128
246,129,128
247,129,128
248,129,128
249,129,128
250,129,128
251,129,128
252,129,128
253,129,128
254,129,128
255,129,128
0,130,1
1,130,5
2,130,6
3,130,6
4,130,6
5,130,6
6,130,5
7,130,5
8,130,5
9,130,6
10,130,7
11,130,7
12,130,7
13,130,7
14,130,7
15,130,7
16,130,7
17,130,6
18,130,6
19,130,7
20,130,8
21,130,8
22,130,8
23,130,8
24,130,8
25,130,9
26,130,9
27,130,11
28,130,13
29,130,14
30,130,16
31,130,128
32,130,19
33,130,13
34,130,10
35,130,10
36,130,9
37,130,9
38,130,9
39,130,9
40,130,9
41,130,8
42,130,8
43,130,9
44,130,10
45,130,10
46,130,11
47,130,13
48,130,13
49,130,11
50,130,10
51,130,10
52,130,10
53,130,10
54,130,11
55,130,11
56,130,10
57,130,10
58,130,10
59,130,10
60,130,10
61,130,11
62,130,11
63,130,11
64,130,12
65,130,13
66,130,15
67,130,17
68,130,14
69,130,14
70,130,15
71,130,16
72,130,15
73,130,15
74,130,20
75,130,18
76,130,22
77,130,33
78,130,72
79,130,105
80,130,53
81,130,128
82,130,128
83,130,128
84,130,128
85,130,128
86,130,128
87,130,128
88,130,128
89,130,128
90,130,128
91,130,128
92,130,128
93,130,128
94,130,128
95,130,128
96,130,117
97,130,128
98,130,128
99,130,128
100,130,128
101,130,128
102,130,128
103,130,128
104,130,128
105,130,128
106,130,128
107,130,128
108,130,128
109,130,128
110,130,128
111,130,128
112,130,128
113,130,128
114,130,128
115,130,128
116,130,128
117,130,128
118,130,128
119,130,128
120,130,128
121,130,128
122,130,128
123,130,128
124,130,128
125,130,128
126,130,128
127,130,128
128,130,128
129,130,128
130,130,128
131,130,128
132,130,128
133,130,128
134,130,128
135,130,128
136,130,128
137,130,128
138,130,128
139,130,128
140,130,128
141,130,128
142,130,128
143,130,128
144,130,128
145,130,128
146,130,128
147,130,128
148,130,128
149,130,128
150,130,128
151,130,128
152,130,128
153,130,128
154,130,128
155,130,128
156,130,128
157,130,128
158,130,128
159,130,128
160,130,128
161,130,128
162,130,128
163,130,128
164,130,128
165,130,128
166,130,128
167,130,128
168,130,128
169,130,128
170,130,128
171,130,128
172,130,128
173,130,128
174,130,128
175,130,128
176,130,128
177,130,128
178,130,128
179,130,128
180,130,128
181,130,128
182,130,128
183,130,128
184,130,128
185,130,128
186,130,128
187,130,128
188,130,128
189,130,128
190,130,128
191,130,128
192,130,128
193,130,128
194,130,128
195,130,128
196,130,128
197,130,128
198,130,128
199,130,128
200,130,128
201,130,128
202,130,128
203,130,128
204,130,128
205,130,128
206,130,128
207,130,128
208,130,128
209,130,128
210,130,128
211,130,128
212,130,128
213,130,128
214,130,128
215,130,128
216,130,128
217,130,128
218,130,128
219,130,128
220,130,128
221,130,128
222,130,128
223,130,128
224,130,128
225,130,128
226,130,128
227,130,128
228,130,128
229,130,128
230,130,128
231,130,128
232,130,128
233,130,128
234,130,128
235,130,128
236,130,128
237,130,128
238,130,128
239,130,128
240,130,128
241,130,128
242,130,128
243,130,128
244,130,128
245,130,128
246,130,128
247,130,128
248,130,128
249,130,128
250,130,128
251,130,128
252,130,128
253,130,128
254,130,128
255,130,128
0,131,1
1,131,5
2,131,5
3,131,5
4,131,5
5,131,5
6,131,5
7,131,5
8,131,5
9,131,5
10,131,6
11,131,6
12,131,7
13,131,7
14,131,6
15,131,6
16,131,6
17,131,6
18,131,6
19,131,6
20,131,7
21,131,7
22,131,7
23,131,7
24,131,7
25,131,7
26,131,7
27,131,8
28,131,10
29,131,10
30,131,13
31,131,13
32,131,12
33,131,13
34,131,10
35,131,9
36,131,9
37,131,9
38,131,8
39,131,8
40,131,8
41,131,8
42,131,8
43,131,8
44,131,9
45,131,9
46,131,9
47,131,14
48,131,20
49,131,10
50,131,9
51,131,9
52,131,9
53,131,8
54,131,8
55,131,8
56,131,9
57,131,9
58,131,9
59,131,9
60,131,9
61,131,9
62,131,10
63,131,10
64,131,11
65,131,12
66,131,17
67,131,14
68,131,13
69,131,13
70,131,12
71,131,13
72,131,13
73,131,13
74,131,15
75,131,16
76,131,21
77,131,31
78,131,25
79,131,35
80,131,29
81,131,53
82,131,128
83,131,128
84,131,128
85,131,128
86,131,128
87,131,128
88,131,128
89,131,128
90,131,128
91,131,128
92,131,128
93,131,128
94,131,128
95,131,128
96,131,128
97,131,128
98,131,128
99,131,128
100,131,128
101,131,128
102,131,128
103,131,128
104,131,128
105,131,128
106,131,128
107,131,128
108,131,128
109,131,128
110,131,128
111,131,128
112,131,128
113,131,128
114,131,128
115,131,128
116,131,128
117,131,128
118,131,128
119,131,128
120,131,128
121,131,128
122,131,128
123,131,128
124,131,128
125,131,128
126,131,128
127,131,128
128,131,128
129,131,128
130,131,128
131,131,128
132,131,128
133,131,128
134,131,128
135,131,128
136,131,128
137,131,128
138,131,128
139,131,128
140,131,128
141,131,128
142,131,128
143,131,128
144,131,128
145,131,128
146,131,128
147,131,128
148,131,128
149,131,128
150,131,128
151,131,128
152,131,128
153,131,128
154,131,128
155,131,128
156,131,128
157,131,128
158,131,128
159,131,128
160,131,128
161,131,128
162,131,128
163,131,128
164,131,128
165,131,128
166,131,128
167,131,128
168,131,128
169,131,128
170,131,128
171,131,128
172,131,128
173,131,128
174,131,128
175,131,128
176,131,128
177,131,128
178,131,128
179,131,128
180,131,128
181,131,128
182,131,128
183,131,128
184,131,128
185,131,128
186,131,128
187,131,128
188,131,128
189,131,128
190,131,128
191,131,128
192,131,128
193,131,128
194,131,128
195,131,128
196,131,128
197,131,128
198,131,128
199,131,128
200,131,128
201,131,128
202,131,128
203,131,128
204,131,128
205,131,128
206,131,128
207,131,128
208,131,128
209,131,128
210,131,128
211,131,128
212,131,128
213,131,128
214,131,128
215,131,128
216,131,128
217,131,128
218,131,128
219,131,128
220,131,128
221,131,128
222,131,128
223,131,128
224,131,128
225,131,128
226,131,128
227,131,128
228,131,128
229,131,128
230,131,128
231,131,128
232,131,128
233,131,128
234,131,128
235,131,128
236,131,128
237,131,128
238,131,128
239,131,128
240,131,128
241,131,128
242,131,128
243,131,128
244,131,128
245,131,128
246,131,128
247,131,128
248,131,128
249,131,128
250,131,128
251,131,128
252,131,128
253,131,128
254,131,128
255,131,128
0,132,1
1,132,5
2,132,5
3,132,5
4,132,5
5,132,5
6,132,5
7,132,5
8,132,5
9,132,5
10,132,5
11,132,6
12,132,6
13,132,6
14,132,6
15,132,6
16,132,6
17,132,6
18,132,6
19,132,6
20,132,6
21,132,6
22,132,7
23,132,7
24,132,7
25,132,7
26,132,7
27,132,7
28,132,9
29,132,10
30,132,14
31,132,11
32,132,10
33,132,9
34,132,7
35,132,7
36,132,7
37,132,8
38,132,8
39,132,8
40,132,8
41,132,8
42,132,8
43,132,8
44,132,8
45,132,8
46,132,9
47,132,10
48,132,11
49,132,9
50,132,9
51,132,9
52,132,8
53,132,8
54,132,8
55,132,8
56,132,8
57,132,8
58,132,9
59,132,9
60,132,9
61,132,9
62,132,9
63,132,10
64,132,10
65,132,12
66,132,22
67,132,12
68,132,12
69,132,11
70,132,11
71,132,11
72,132,12
73,132,13
74,132,14
75,132,16
76,132,27
77,132,21
78,132,20
79,132,22
80,132,26
81,132,36
82,132,128
83,132,128
84,132,128
85,132,128
86,132,128
87,132,128
88,132,128
89,132,128
90,132,128
91,132,128
92,132,128
93,132,128
94,132,128
95,132,128
96,132,128
97,132,128
98,132,128
99,132,128
100,132,128
101,132,128
102,132,128
103,132,128
104,132,128
105,132,128
106,132,128
107,132,128
108,132,128
109,132,128
110,132,128
111,132,128
112,132,128
113,132,128
114,132,128
115,132,128
116,132,128
117,132,128
118,132,128
119,132,128
120,132,128
121,132,128
122,132,128
123,132,128
124,132,128
125,132,128
126,132,128
127,132,128
128,132,128
129,132,128
130,132,128
131,132,128
132,132,128
133,132,128
134,132,128
135,132,128
136,132,128
137,132,128
138,132,128
139,132,128
140,132,128
141,132,128
142,132,128
143,132,128
144,132,128
145,132,128
146,132,128
147,132,128
148,132,128
149,132,128
150,132,128
151,132,128
152,132,128
153,132,128
154,132,128
155,132,128
156,132,128
157,132,128
158,132,128
159,132,128
160,132,101
161,132,128
162,132,128
163,132,128
164,132,128
165,132,128
166,132,128
167,132,128
168,132,128
169,132,128
170,132,128
171,132,128
172,132,128
173,132,128
174,132,128
175,132,128
176,132,128
177,132,128
178,132,128
179,132,128
180,132,128
181,132,128
182,132,128
183,132,128
184,132,128
185,132,128
186,132,128
187,132,128
188,132,128
189,132,128
190,132,128
191,132,128
192,132,128
193,132,128
194,132,128
195,132,128
196,132,128
197,132,128
198,132,128
199,132,128
200,132,128
201,132,128
202,132,128
203,132,128
204,132,128
205,132,128
206,132,128
207,132,128
208,132,128
209,132,128
210,132,128
211,132,128
212,132,128
213,132,128
214,132,128
215,132,128
216,132,128
217,132,128
218,132,128
219,132,128
220,132,128
221,132,128
222,132,128
223,132,128
224,132,128
225,132,128
226,132,128
227,132,128
228,132,128
229,132,128
230,132,128
231,132,128
232,132,128
233,132,128
234,132,128
235,132,128
236,132,128
237,132,128
238,132,128
239,132,128
240,132,128
241,132,128
242,132,128
243,132,128
244,132,128
245,132,128
246,132,128
247,132,128
248,132,128
249,132,128
250,132,128
251,132,128
252,132,128
253,132,128
254,132,128
255,132,128
0,133,1
1,133,4
2,133,5
3,133,5
4,133,5
5,133,5
6,133,5
7,133,5
8,133,5
9,133,5
10,133,5
11,133,5
12,133,5
13,133,6
14,133,6
15,133,6
16,133,6
17,133,6
18,133,6
19,133,6
20,133,6
21,133,6
22,133,6
23,133,7
24,133,7
25,133,7
26,133,7
27,133,7
28,133,8
29,133,9
30,133,14
31,133,9
32,133,9
33,133,7
34,133,7
35,133,7
36,133,7
37,133,7
38,133,7
39,133,7
40,133,7
41,133,8
42,133,8
43,133,8
44,133,8
45,133,8
46,133,8
47,133,8
48,133,9
49,133,8
50,133,8
51,133,8
52,133,8
53,133,8
54,133,8
55,133,8
56,133,8
57,133,8
58,133,8
59,133,8
60,133,8
61,133,9
62,133,9
63,133,9
64,133,10
65,133,12
66,133,20
67,133,12
68,133,11
69,133,11
70,133,11
71,133,11
72,133,11
73,133,12
74,133,14
75,133,20
76,133,17
77,133,16
78,133,17
79,133,19
80,133,30
81,133,49
82,133,59
83,133,128
84,133,128
85,133,128
86,133,128
87,133,128
88,133,128
89,133,128
90,133,128
91,133,128
92,133,128
93,133,128
94,133,128
95,133,40
96,133,53
97,133,128
98,133,128
99,133,128
100,133,128
101,133,128
102,133,128
103,133,128
104,133,128
105,133,128
106,133,128
107,133,128
108,133,128
109,133,128
110,133,128
111,133,128
112,133,128
113,133,128
114,133,128
115,133,128
116,133,128
117,133,128
118,133,128
119,133,128
120,133,128
121,133,128
122,133,128
123,133,128
124,133,128
125,133,128
126,133,128
127,133,128
128,133,128
129,133,128
130,133,128
131,133,128
132,133,128
133,133,128
134,133,128
135,133,128
136,133,128
137,133,128
138,133,128
139,133,128
140,133,128
141,133,128
142,133,128
143,133,128
144,133,128
145,133,128
146,133,128
147,133,128
148,133,128
149,133,128
150,133,128
151,133,128
152,133,128
153,133,128
154,133,128
155,133,128
156,133,128
157,133,128
158,133,128
159,133,128
160,133,81
161,133,128
162,133,128
163,133,128
164,133,128
165,133,128
166,133,128
167,133,128
168,133,128
169,133,128
170,133,128
171,133,128
172,133,128
173,133,128
174,133,128
175,133,128
176,133,128
177,133,128
178,133,128
179,133,128
180,133,128
181,133,128
182,133,128
183,133,128
184,133,128
185,133,128
186,133,128
187,133,128
188,133,128
189,133,128
190,133,128
191,133,128
192,133,128
193,133,128
194,133,128
195,133,128
196,133,128
197,133,128
198,133,128
199,133,128
200,133,128
201,133,128
202,133,128
203,133,128
204,133,128
205,133,128
206,133,128
207,133,128
208,133,128
209,133,128
210,133,128
211,133,128
212,133,128
213,133,128
214,133,128
215,133,128
216,133,128
217,133,128
218,133,128
219,133,128
220,133,128
221,133,128
222,133,128
223,133,128
224,133,128
225,133,128
226,133,128
227,133,128
228,133,128
229,133,128
230,133,128
231,133,128
232,133,128
233,133,128
234,133,128
235,133,128
236,133,128
237,133,128
238,133,128
239,133,128
240,133,128
241,133,128
242,133,128
243,133,128
244,133,128
245,133,128
246,133,128
247,133,128
248,133,128
249,133,128
250,133,128
251,133,128
252,133,128
253,133,128
254,133,128
255,133,128
0,134,1
1,134,4
2,134,4
3,134,5
4,134,5
5,134,5
6,134,5
7,134,5
8,134,5
9,134,5
10,134,5
11,134,5
12,134,5
13,134,5
14,134,6
15,134,6
16,134,6
17,134,6
18,134,6
19,134,6
20,134,6
21,134,6
22,134,6
23,134,6
24,134,7
25,134,7
26,134,7
27,134,7
28,134,8
29,134,9
30,134,11
31,134,9
32,134,8
33,134,7
34,134,7
35,134,7
36,134,7
37,134,7
38,134,7
39,134,7
40,134,7
41,134,7
42,134,7
43,134,7
44,134,7
45,134,7
46,134,7
47,134,7
48,134,7
49,134,7
50,134,7
51,134,8
52,134,8
53,134,8
54,134,8
55,134,8
56,134,8
57,134,8
58,134,8
59,134,8
60,134,8
61,134,8
62,134,8
63,134,8
64,134,9
65,134,11
66,134,11
67,134,10
68,134,10
69,134,10
70,134,10
71,134,10
72,134,11
73,134,12
74,134,17
75,134,16
76,134,14
77,134,15
78,134,16
79,134,38
80,134,22
81,134,29
82,134,31
83,134,46
84,134,128
85,134,128
86,134,128
87,134,128
88,134,128
89,134,128
90,134,128
91,134,128
92,134,128
93,134,128
94,134,49
95,134,32
96,134,82
97,134,128
98,134,128
99,134,128
100,134,128
101,134,128
102,134,128
103,134,128
104,134,128
105,134,128
106,134,128
107,134,128
108,134,128
109,134,128
110,134,128
111,134,128
112,134,128
113,134,128
114,134,128
115,134,128
116,134,128
117,134,128
118,134,128
119,134,128
120,134,128
121,134,128
122,134,128
123,134,128
124,134,128
125,134,128
126,134,128
127,134,128
128,134,128
129,134,128
130,134,128
131,134,128
132,134,128
133,134,128
134,134,128
135,134,128
136,134,128
137,134,128
138,134,128
139,134,128
140,134,128
141,134,128
142,134,128
143,134,128
144,134,128
145,134,128
146,134,128
147,134,128
148,134,128
149,134,128
150,134,128
151,134,128
152,134,128
153,134,128
154,134,128
155,134,128
156,134,128
157,134,128
158,134,128
159,134,128
160,134,68
161,134,128
162,134,128
163,134,128
164,134,128
165,134,128
166,134,128
167,134,128
168,134,128
169,134,128
170,134,128
171,134,128
172,134,128
173,134,128
174,134,128
175,134,128
176,134,128
177,134,128
178,134,128
179,134,128
180,134,128
181,134,128
182,134,128
183,134,128
184,134,128
185,134,128
186,134,128
187,134,128
188,134,128
189,134,128
190,134,128
191,134,128
192,134,128
193,134,128
194,134,128
195,134,128
196,134,128
197,134,128
198,134,128
199,134,128
200,134,128
201,134,128
202,134,128
203,134,128
204,134,128
205,134,128
206,134,128
207,134,128
208,134,128
209,134,128
210,134,128
211,134,128
212,134,128
213,134,128
214,134,128
215,134,128
216,134,128
217,134,128
218,134,128
219,134,128
220,134,128
221,134,128
222,134,128
223,134,128
224,134,128
225,134,128
226,134,128
227,134,128
228,134,128
229,134,128
230,134,128
231,134,128
232,134,128
233,134,128
234,134,128
235,134,128
236,134,128
237,134,128
238,134,128
239,134,128
240,134,128
241,134,128
242,134,128
243,134,128
244,134,128
245,134,128
246,134,128
247,134,128
248,134,128
249,134,128
250,134,128
251,134,128
252,134,128
253,134,128
254,134,128
255,134,128
0,135,1
1,135,4
2,135,4
3,135,5
4,135,5
5,135,5
6,135,5
7,135,5
8,135,5
9,135,5
10,135,5
11,135,5
12,135,5
13,135,5
14,135,5
15,135,5
16,135,6
17,135,6
18,135,6
19,135,6
20,135,6
21,135,6
22,135,6
23,135,6
24,135,6
25,135,6
26,135,7
27,135,7
28,135,8
29,135,8
30,135,10
31,135,8
32,135,7
33,135,7
34,135,7
35,135,7
36,135,7
37,135,7
38,135,7
39,135,7
40,135,7
41,135,7
42,135,6
43,135,6
44,135,6
45,135,6
46,135,6
47,135,6
48,135,6
49,135,6
50,135,6
51,135,7
52,135,7
53,135,7
54,135,7
55,135,7
56,135,7
57,135,7
58,135,7
59,135,7
60,135,7
61,135,7
62,135,7
63,135,7
64,135,8
65,135,8
66,135,9
67,135,9
68,135,9
69,135,9
70,135,9
71,135,9
72,135,10
73,135,10
74,135,13
75,135,12
76,135,13
77,135,13
78,135,14
79,135,16
80,135,18
81,135,26
82,135,38
83,135,128
84,135,128
85,135,72
86,135,128
87,135,128
88,135,128
89,135,128
90,135,128
91,135,128
92,135,128
93,135,78
94,135,29
95,135,27
96,135,48
97,135,128
98,135,128
99,135,128
100,135,128
101,135,128
102,135,128
103,135,128
104,135,128
105,135,128
106,135,128
107,135,128
108,135,128
109,135,128
110,135,128
111,135,128
112,135,128
113,135,128
114,135,128
115,135,128
116,135,128
117,135,128
118,135,128
119,135,128
120,135,128
121,135,128
122,135,128
123,135,128
124,135,128
125,135,128
126,135,128
127,135,128
128,135,128
129,135,128
130,135,128
131,135,128
132,135,128
133,135,128
134,135,128
135,135,128
136,135,128
137,135,128
138,135,128
139,135,128
140,135,128
141,135,128
142,135,128
143,135,128
144,135,128
145,135,128
146,135,128
147,135,128
148,135,128
149,135,128
150,135,128
151,135,128
152,135,128
153,135,128
154,135,128
155,135,128
156,135,128
157,135,128
158,135,128
159,135,128
160,135,59
161,135,128
162,135,128
163,135,128
164,135,128
165,135,128
166,135,128
167,135,128
168,135,128
169,135,128
170,135,128
171,135,128
172,135,128
173,135,128
174,135,128
175,135,128
176,135,128
177,135,128
178,135,128
179,135,128
180,135,128
181,135,128
182,135,128
183,135,128
184,135,128
185,135,128
186,135,128
187,135,128
188,135,128
189,135,128
190,135,128
191,135,128
192,135,128
193,135,128
194,135,128
195,135,128
196,135,128
197,135,128
198,135,128
199,135,128
200,135,128
201,135,128
202,135,128
203,135,128
204,135,128
205,135,128
206,135,128
207,135,128
208,135,128
209,135,128
210,135,128
211,135,128
212,135,128
213,135,128
214,135,128
215,135,128
216,135,128
217,135,128
218,135,128
219,135,128
220,135,128
221,135,128
222,135,128
223,135,128
224,135,128
225,135,128
226,135,128
227,135,128
228,135,128
229,135,128
230,135,128
231,135,128
232,135,128
233,135,128
234,135,128
235,135,128
236,135,128
237,135,128
238,135,128
239,135,128
240,135,128
241,135,128
242,135,128
243,135,128
244,135,128
245,135,128
246,135,128
247,135,128
248,135,128
249,135,128
250,135,128
251,135,128
252,135,128
253,135,128
254,135,128
255,135,128
0,136,1
1,136,4
2,136,4
3,136,4
4,136,4
5,136,5
6,136,5
7,136,5
8,136,5
9,136,5
10,136,5
11,136,5
12,136,5
13,136,5
14,136,5
15,136,5
16,136,5
17,136,5
18,136,5
19,136,6
20,136,6
21,136,6
22,136,6
23,136,6
24,136,6
25,136,6
26,136,6
27,136,6
28,136,7
29,136,9
30,136,8
31,136,8
32,136,7
33,136,7
34,136,7
35,136,7
36,136,7
37,136,7
38,136,7
39,136,6
40,136,6
41,136,6
42,136,6
43,136,6
44,136,6
45,136,6
46,136,6
47,136,6
48,136,6
49,136,6
50,136,6
51,136,6
52,136,7
53,136,7
54,136,7
55,136,7
56,136,7
57,136,7
58,136,7
59,136,7
60,136,7
61,136,7
62,136,7
63,136,7
64,136,7
65,136,7
66,136,8
67,136,8
68,136,9
69,136,9
70,136,9
71,136,9
72,136,9
73,136,9
74,136,11
75,136,11
76,136,12
77,136,13
78,136,13
79,136,15
80,136,17
81,136,21
82,136,27
83,136,87
84,136,93
85,136,48
86,136,128
87,136,47
88,136,128
89,136,50
90,136,87
91,136,52
92,136,51
93,136,25
94,136,24
95,136,27
96,136,75
97,136,128
98,136,128
99,136,128
100,136,128
101,136,128
102,136,128
103,136,128
104,136,128
105,136,128
106,136,128
107,136,128
108,136,128
109,136,128
110,136,128
111,136,128
112,136,128
113,136,128
114,136,128
115,136,128
116,136,128
117,136,128
118,136,128
119,136,128
120,136,128
121,136,128
122,136,128
123,136,128
124,136,128
125,136,128
126,136,128
127,136,128
128,136,128
129,136,128
130,136,128
131,136,128
132,136,128
133,136,128
134,136,128
135,136,128
136,136,128
137,136,128
138,136,128
139,136,128
140,136,128
141,136,128
142,136,128
143,136,128
144,136,128
145,136,128
146,136,128
147,136,128
148,136,128
149,136,128
150,136,128
151,136,128
152,136,128
153,136,128
154,136,128
155,136,128
156,136,128
157,136,128
158,136,128
159,136,128
160,136,51
161,136,128
162,136,128
163,136,128
164,136,128
165,136,128
166,136,128
167,136,128
168,136,128
169,136,128
170,136,128
171,136,128
172,136,128
173,136,128
174,136,128
175,136,128
176,136,128
177,136,128
178,136,128
179,136,128
180,136,128
181,136,128
182,136,128
183,136,128
184,136,128
185,136,128
186,136,128
187,136,128
188,136,128
189,136,128
190,136,128
191,136,128
192,136,128
193,136,128
194,136,128
195,136,128
196,136,128
197,136,128
198,136,128
199,136,128
200,136,128
201,136,128
202,136,128
203,136,128
204,136,128
205,136,128
206,136,128
207,136,128
208,136,128
209,136,128
210,136,128
211,136,128
212,136,128
213,136,128
214,136,128
215,136,128
216,136,128
217,136,128
218,136,128
219,136,128
220,136,128
221,136,128
222,136,128
223,136,128
224,136,128
225,136,128
226,136,128
227,136,128
228,136,128
229,136,128
230,136,128
231,136,128
232,136,128
233,136,128
234,136,128
235,136,128
236,136,128
237,136,128
238,136,128
239,136,128
240,136,128
241,136,128
242,136,128
243,136,128
244,136,128
245,136,128
246,136,128
247,136,128
248,136,128
249,136,128
250,136,128
251,136,128
252,136,128
253,136,128
254,136,128
255,136,128
0,137,1
1,137,3
2,137,4
3,137,4
4,137,4
5,137,4
6,137,5
7,137,5
8,137,5
9,137,5
10,137,5
11,137,5
12,137,5
13,137,5
14,137,5
15,137,5
16,137,5
17,137,5
18,137,5
19,137,5
20,137,5
21,137,5
22,137,5
23,137,5
24,137,5
25,137,5
26,137,5
27,137,5
28,137,5
29,137,5
30,137,6
31,137,6
32,137,6
33,137,6
34,137,6
35,137,6
36,137,6
37,137,6
38,137,6
39,137,6
40,137,6
41,137,6
42,137,6
43,137,6
44,137,6
45,137,6
46,137,6
47,137,6
48,137,6
49,137,6
50,137,6
51,137,6
52,137,6
53,137,6
54,137,7
55,137,7
56,137,7
57,137,7
58,137,7
59,137,7
60,137,7
61,137,7
62,137,7
63,137,7
64,137,7
65,137,7
66,137,7
67,137,8
68,137,8
69,137,9
70,137,9
71,137,9
72,137,9
73,137,9
74,137,10
75,137,11
76,137,11
77,137,12
78,137,14
79,137,16
80,137,21
81,137,62
82,137,45
83,137,37
84,137,28
85,137,25
86,137,25
87,137,33
88,137,79
89,137,52
90,137,50
91,137,28
92,137,24
93,137,21
94,137,21
95,137,24
96,137,87
97,137,128
98,137,128
99,137,128
100,137,128
101,137,128
102,137,128
103,137,128
104,137,128
105,137,128
106,137,128
107,137,128
108,137,128
109,137,128
110,137,128
111,137,128
112,137,128
113,137,128
114,137,128
115,137,128
116,137,128
117,137,128
118,137,128
119,137,128
120,137,128
121,137,128
122,137,128
123,137,128
124,137,128
125,137,128
126,137,128
127,137,128
128,137,128
129,137,128
130,137,128
131,137,128
132,137,128
133,137,128
134,137,128
135,137,128
136,137,128
137,137,128
138,137,128
139,137,128
140,137,128
141,137,128
142,137,128
143,137,128
144,137,128
145,137,128
146,137,128
147,137,128
148,137,128
149,137,128
150,137,128
151,137,128
152,137,128
153,137,128
154,137,128
155,137,128
156,137,128
157,137,128
158,137,128
159,137,66
160,137,45
161,137,128
162,137,128
163,137,128
164,137,128
165,137,128
166,137,128
167,137,128
168,137,128
169,137,128
170,137,128
171,137,128
172,137,128
173,137,128
174,137,128
175,137,128
176,137,128
177,137,128
178,137,128
179,137,128
180,137,128
181,137,128
182,137,128
183,137,128
184,137,128
185,137,128
186,137,128
187,137,128
188,137,128
189,137,128
190,137,128
191,137,128
192,137,128
193,137,128
194,137,128
195,137,128
196,137,128
197,137,128
198,137,128
199,137,128
200,137,128
201,137,128
202,137,128
203,137,128
204,137,128
205,137,128
206,137,128
207,137,128
208,137,128
209,137,128
210,137,128
211,137,128
212,137,128
213,137,128
214,137,128
215,137,128
216,137,128
217,137,128
218,137,128
219,137,128
220,137,128
221,137,128
222,137,128
223,137,128
224,137,128
225,137,128
226,137,128
227,137,128
228,137,128
229,137,128
230,137,128
231,137,128
232,137,128
233,137,128
234,137,128
235,137,128
236,137,128
237,137,128
238,137,128
239,137,128
240,137,128
241,137,128
242,137,128
243,137,128
244,137,128
245,137,128
246,137,128
247,137,128
248,137,128
249,137,128
250,137,128
251,137,128
252,137,128
253,137,128
254,137,128
255,137,128
0,138,1
1,138,3
2,138,4
3,138,4
4,138,4
5,138,4
6,138,4
7,138,4
8,138,5
9,138,5
10,138,5
11,138,5
12,138,5
13,138,5
14,138,5
15,138,5
16,138,5
17,138,5
18,138,5
19,138,5
20,138,5
21,138,5
22,138,5
23,138,4
24,138,4
25,138,4
26,138,4
27,138,4
28,138,5
29,138,5
30,138,5
31,138,5
32,138,5
33,138,6
34,138,6
35,138,6
36,138,6
37,138,6
38,138,6
39,138,6
40,138,6
41,138,6
42,138,6
43,138,6
44,138,6
45,138,6
46,138,6
47,138,6
48,138,6
49,138,6
50,138,6
51,138,6
52,138,6
53,138,6
54,138,6
55,138,7
56,138,7
57,138,7
58,138,7
59,138,7
60,138,7
61,138,7
62,138,7
63,138,7
64,138,7
65,138,7
66,138,7
67,138,7
68,138,8
69,138,8
70,138,9
71,138,9
72,138,9
73,138,9
74,138,10
75,138,11
76,138,11
77,138,11
78,138,17
79,138,19
80,138,43
81,138,37
82,138,22
83,138,22
84,138,19
85,138,19
86,138,39
87,138,34
88,138,25
89,138,21
90,138,23
91,138,20
92,138,19
93,138,19
94,138,19
95,138,22
96,138,30
97,138,51
98,138,128
99,138,128
100,138,128
101,138,128
102,138,128
103,138,128
104,138,128
105,138,128
106,138,128
107,138,128
108,138,128
109,138,128
110,138,128
111,138,128
112,138,128
113,138,128
114,138,128
115,138,128
116,138,128
117,138,128
118,138,128
119,138,128
120,138,128
121,138,128
122,138,128
123,138,128
124,138,128
125,138,128
126,138,128
127,138,128
128,138,128
129,138,128
130,138,128
131,138,128
132,138,128
133,138,128
134,138,128
135,138,128
136,138,128
137,138,128
138,138,128
139,138,128
140,138,128
141,138,128
142,138,128
143,138,128
144,138,128
145,138,128
146,138,128
147,138,128
148,138,128
149,138,128
150,138,128
151,138,128
152,138,128
153,138,128
154,138,128
155,138,128
156,138,128
157,138,128
158,138,128
159,138,41
160,138,41
161,138,128
162,138,128
163,138,128
164,138,128
165,138,128
166,138,128
167,138,128
168,138,128
169,138,128
170,138,128
171,138,128
172,138,128
173,138,128
174,138,128
175,138,128
176,138,128
177,138,128
178,138,128
179,138,128
180,138,128
181,138,128
182,138,128
183,138,128
184,138,128
185,138,128
186,138,128
187,138,128
188,138,128
189,138,128
190,138,128
191,138,128
192,138,128
193,138,128
194,138,128
195,138,128
196,138,128
197,138,128
198,138,128
199,138,128
200,138,128
201,138,128
202,138,128
203,138,128
204,138,128
205,138,128
206,138,128
207,138,128
208,138,128
209,138,128
210,138,128
211,138,128
212,138,128
213,138,128
214,138,128
215,138,128
216,138,128
217,138,128
218,138,128
219,138,128
220,138,128
221,138,128
222,138,128
223,138,128
224,138,128
225,138,128
226,138,128
227,138,128
228,138,128
229,138,128
230,138,128
231,138,128
232,138,128
233,138,128
234,138,128
235,138,128
236,138,128
237,138,128
238,138,128
239,138,128
240,138,128
241,138,128
242,138,128
243,138,128
244,138,128
245,138,128
246,138,128
247,138,128
248,138,128
249,138,128
250,138,128
251,138,128
252,138,128
253,138,128
254,138,128
255,138,128
0,139,1
1,139,3
2,139,4
3,139,4
4,139,4
5,139,4
6,139,4
7,139,4
8,139,4
9,139,4
10,139,4
11,139,4
12,139,4
13,139,4
14,139,4
15,139,4
16,139,4
17,139,4
18,139,4
19,139,4
20,139,4
21,139,4
22,139,4
23,139,4
24,139,4
25,139,4
26,139,4
27,139,4
28,139,4
29,139,4
30,139,4
31,139,5
32,139,5
33,139,5
34,139,5
35,139,6
36,139,6
37,139,6
38,139,6
39,139,6
40,139,6
41,139,6
42,139,6
43,139,6
44,139,6
45,139,6
46,139,6
47,139,6
48,139,6
49,139,6
50,139,6
51,139,6
52,139,6
53,139,6
54,139,6
55,139,6
56,139,6
57,139,7
58,139,7
59,139,7
60,139,7
61,139,7
62,139,7
63,139,7
64,139,7
65,139,7
66,139,7
67,139,7
68,139,8
69,139,8
70,139,8
71,139,9
72,139,9
73,139,9
74,139,10
75,139,10
76,139,11
77,139,11
78,139,13
79,139,15
80,139,43
81,139,28
82,139,16
83,139,16
84,139,16
85,139,16
86,139,21
87,139,35
88,139,19
89,139,17
90,139,19
91,139,18
92,139,17
93,139,17
94,139,18
95,139,21
96,139,49
97,139,111
98,139,128
99,139,128
100,139,128
101,139,128
102,139,128
103,139,128
104,139,128
105,139,128
106,139,128
107,139,128
108,139,128
109,139,128
110,139,128
111,139,128
112,139,128
113,139,128
114,139,128
115,139,128
116,139,128
117,139,128
118,139,128
119,139,128
120,139,128
121,139,128
122,139,128
123,139,128
124,139,128
125,139,128
126,139,128
127,139,128
128,139,128
129,139,128
130,139,128
131,139,128
132,139,128
133,139,128
134,139,128
135,139,128
136,139,128
137,139,128
138,139,128
139,139,128
140,139,128
141,139,128
142,139,128
143,139,128
144,139,128
145,139,128
146,139,128
147,139,128
148,139,128
149,139,128
150,139,128
151,139,128
152,139,128
153,139,128
154,139,128
155,139,128
156,139,128
157,139,128
158,139,128
159,139,35
160,139,37
161,139,128
162,139,128
163,139,128
164,139,128
165,139,128
166,139,128
167,139,128
168,139,128
169,139,128
170,139,128
171,139,128
172,139,128
173,139,128
174,139,128
175,139,128
176,139,128
177,139,128
178,139,128
179,139,128
180,139,128
181,139,128
182,139,128
183,139,128
184,139,128
185,139,128
186,139,128
187,139,128
188,139,128
189,139,128
190,139,128
191,139,128
192,139,128
193,139,128
194,139,128
195,139,128
196,139,128
197,139,128
198,139,128
199,139,128
200,139,128
201,139,128
202,139,128
203,139,128
204,139,128
205,139,128
206,139,128
207,139,128
208,139,128
209,139,128
210,139,128
211,139,128
212,139,128
213,139,128
214,139,128
215,139,128
216,139,128
217,139,128
218,139,128
219,139,128
220,139,128
221,139,128
222,139,128
223,139,128
224,139,128
225,139,128
226,139,128
227,139,128
228,139,128
229,139,128
230,139,128
231,139,128
232,139,128
233,139,128
234,139,128
235,139,128
236,139,128
237,139,128
238,139,128
239,139,128
240,139,128
241,139,128
242,139,128
243,139,128
244,139,128
245,139,128
246,139,128
247,139,128
248,139,128
249,139,128
250,139,128
251,139,128
252,139,128
253,139,128
254,139,128
255,139,128
0,140,1
1,140,3
2,140,4
3,140,4
4,140,4
5,140,4
6,140,4
7,140,4
8,140,4
9,140,4
10,140,4
11,140,4
12,140,4
13,140,4
14,140,4
15,140,4
16,140,4
17,140,4
18,140,4
19,140,4
20,140,4
21,140,4
22,140,4
23,140,4
24,140,4
25,140,4
26,140,4
27,140,4
28,140,4
29,140,4
30,140,4
31,140,4
32,140,4
33,140,5
34,140,5
35,140,5
36,140,5
37,140,6
38,140,6
39,140,6
40,140,6
41,140,6
42,140,6
43,140,6
44,140,6
45,140,6
46,140,6
47,140,6
48,140,6
49,140,6
50,140,6
51,140,6
52,140,6
53,140,6
54,140,6
55,140,6
56,140,6
57,140,6
58,140,7
59,140,7
60,140,7
61,140,7
62,140,7
63,140,7
64,140,7
65,140,7
66,140,7
67,140,7
68,140,7
69,140,8
70,140,8
71,140,8
72,140,9
73,140,9
74,140,10
75,140,10
76,140,11
77,140,12
78,140,13
79,140,26
80,140,25
81,140,18
82,140,15
83,140,13
84,140,13
85,140,15
86,140,17
87,140,21
88,140,16
89,140,15
90,140,16
91,140,16
92,140,15
93,140,15
94,140,19
95,140,21
96,140,27
97,140,42
98,140,128
99,140,128
100,140,128
101,140,128
102,140,128
103,140,128
104,140,128
105,140,128
106,140,128
107,140,128
108,140,128
109,140,128
110,140,128
111,140,128
112,140,128
113,140,128
114,140,128
115,140,128
116,140,128
117,140,128
118,140,128
119,140,128
120,140,128
121,140,128
122,140,128
123,140,128
124,140,128
125,140,128
126,140,128
127,140,128
128,140,128
129,140,128
130,140,128
131,140,128
132,140,128
133,140,128
134,140,128
135,140,128
136,140,128
137,140,128
138,140,128
139,140,128
140,140,128
141,140,128
142,140,128
143,140,128
144,140,128
145,140,128
146,140,128
147,140,128
148,140,128
149,140,128
150,140,128
151,140,128
152,140,128
153,140,128
154,140,128
155,140,128
156,140,128
157,140,128
158,140,65
159,140,32
160,140,35
161,140,128
162,140,128
163,140,128
164,140,128
165,140,128
166,140,128
167,140,128
168,140,128
169,140,128
170,140,128
171,140,128
172,140,128
173,140,128
174,140,128
175,140,128
176,140,128
177,140,128
178,140,128
179,140,128
180,140,128
181,140,128
182,140,128
183,140,128
184,140,128
185,140,128
186,140,128
187,140,128
188,140,128
189,140,128
190,140,128
191,140,128
192,140,128
193,140,128
194,140,128
195,140,128
196,140,128
197,140,128
198,140,128
199,140,128
200,140,128
201,140,128
202,140,128
203,140,128
204,140,128
205,140,128
206,140,128
207,140,128
208,140,128
209,140,128
210,140,128
211,140,128
212,140,128
213,140,128
214,140,128
215,140,128
216,140,128
217,140,128
218,140,128
219,140,128
220,140,128
221,140,128
222,140,128
223,140,128
224,140,128
225,140,128
226,140,128
227,140,128
228,140,128
229,140,128
230,140,128
231,140,128
232,140,128
233,140,128
234,140,128
235,140,128
236,140,128
237,140,128
238,140,128
239,140,128
240,140,128
241,140,128
242,140,128
243,140,128
244,140,128
245,140,128
246,140,128
247,140,128
248,140,128
249,140,128
250,140,128
251,140,128
252,140,128
253,140,128
254,140,128
255,140,128
0,141,1
1,141,3
2,141,3
3,141,4
4,141,4
5,141,4
6,141,4
7,141,4
8,141,4
9,141,4
10,141,4
11,141,4
12,141,4
13,141,4
14,141,4
15,141,4
16,141,4
17,141,4
18,141,4
19,141,4
20,141,4
21,141,4
22,141,4
23,141,4
24,141,4
25,141,4
26,141,4
27,141,4
28,141,4
29,141,4
30,141,4
31,141,4
32,141,4
33,141,4
34,141,4
35,141,5
36,141,5
37,141,5
38,141,5
39,141,6
40,141,6
41,141,6
42,141,6
43,141,6
44,141,6
45,141,6
46,141,6
47,141,6
48,141,6
49,141,6
50,141,6
51,141,6
52,141,6
53,141,6
54,141,6
55,141,6
56,141,6
57,141,6
58,141,6
59,141,6
60,141,7
61,141,7
62,141,7
63,141,7
64,141,7
65,141,7
66,141,7
67,141,7
68,141,7
69,141,8
70,141,8
71,141,8
72,141,9
73,141,9
74,141,10
75,141,10
76,141,11
77,141,12
78,141,16
79,141,17
80,141,15
81,141,16
82,141,13
83,141,13
84,141,13
85,141,14
86,141,18
87,141,18
88,141,15
89,141,14
90,141,13
91,141,13
92,141,14
93,141,15
94,141,16
95,141,18
96,141,21
97,141,28
98,141,41
99,141,128
100,141,128
101,141,128
102,141,128
103,141,128
104,141,128
105,141,128
106,141,128
107,141,128
108,141,128
109,141,128
110,141,128
111,141,128
112,141,128
113,141,128
114,141,128
115,141,128
116,141,128
117,141,128
118,141,128
119,141,128
120,141,128
121,141,128
122,141,128
123,141,128
124,141,128
125,141,128
126,141,128
127,141,128
128,141,128
129,141,128
130,141,128
131,141,128
132,141,128
133,141,128
134,141,128
135,141,128
136,141,128
137,141,128
138,141,128
139,141,128
140,141,128
141,141,128
142,141,128
143,141,128
144,141,128
145,141,128
146,141,128
147,141,128
148,141,128
149,141,128
150,141,128
151,141,128
152,141,128
153,141,128
154,141,128
155,141,128
156,141,128
157,141,128
158,141,65
159,141,30
160,141,32
161,141,128
162,141,128
163,141,128
164,141,128
165,141,128
166,141,128
167,141,128
168,141,128
169,141,128
170,141,128
171,141,128
172,141,128
173,141,128
174,141,128
175,141,128
176,141,128
177,141,128
178,141,128
179,141,128
180,141,128
181,141,128
182,141,128
183,141,128
184,141,128
185,141,128
186,141,128
187,141,128
188,141,128
189,141,128
190,141,128
191,141,128
192,141,128
193,141,128
194,141,128
195,141,128
196,141,128
197,141,128
198,141,128
199,141,128
200,141,128
201,141,128
202,141,128
203,141,128
204,141,128
205,141,128
206,141,128
207,141,128
208,141,128
209,141,128
210,141,128
211,141,128
212,141,128
213,141,128
214,141,128
215,141,128
216,141,128
217,141,128
218,141,128
219,141,128
220,141,128
221,141,128
222,141,128
223,141,128
224,141,128
225,141,128
226,141,128
227,141,128
228,141,128
229,141,128
230,141,128
231,141,128
232,141,128
233,141,128
234,141,128
235,141,128
236,141,128
237,141,128
238,141,128
239,141,128
240,141,128
241,141,128
242,141,128
243,141,128
244,141,128
245,141,128
246,141,128
247,141,128
248,141,128
249,141,128
250,141,128
251,141,128
252,141,128
253,141,128
254,141,128
255,141,128
0,142,1
1,142,3
2,142,3
3,142,4
4,142,4
5,142,4
6,142,4
7,142,4
8,142,4
9,142,4
10,142,4
11,142,4
12,142,4
13,142,4
14,142,4
15,142,4
16,142,4
17,142,4
18,142,4
19,142,4
20,142,4
21,142,4
22,142,4
23,142,4
24,142,4
25,142,4
26,142,4
27,142,4
28,142,4
29,142,4
30,142,4
31,142,4
32,142,4
33,142,4
34,142,4
35,142,4
36,142,5
37,142,5
38,142,5
39,142,5
40,142,5
41,142,6
42,142,6
43,142,6
44,142,6
45,142,6
46,142,6
47,142,6
48,142,6
49,142,6
50,142,6
51,142,6
52,142,6
53,142,6
54,142,6
55,142,6
56,142,6
57,142,6
58,142,6
59,142,6
60,142,6
61,142,7
62,142,7
63,142,7
64,142,7
65,142,7
66,142,7
67,142,7
68,142,7
69,142,8
70,142,8
71,142,8
72,142,8
73,142,9
74,142,10
75,142,10
76,142,13
77,142,16
78,142,17
79,142,13
80,142,12
81,142,11
82,142,11
83,142,11
84,142,12
85,142,12
86,142,29
87,142,16
88,142,14
89,142,13
90,142,13
91,142,13
92,142,14
93,142,15
94,142,16
95,142,18
96,142,32
97,142,44
98,142,128
99,142,128
100,142,128
101,142,128
102,142,128
103,142,128
104,142,128
105,142,128
106,142,128
107,142,128
108,142,128
109,142,128
110,142,128
111,142,128
112,142,128
113,142,128
114,142,128
115,142,128
116,142,128
117,142,128
118,142,128
119,142,128
120,142,128
121,142,128
122,142,128
123,142,128
124,142,128
125,142,128
126,142,128
127,142,128
128,142,128
129,142,128
130,142,128
131,142,128
132,142,128
133,142,128
134,142,128
135,142,128
136,142,128
137,142,128
138,142,128
139,142,128
140,142,128
141,142,128
142,142,128
143,142,128
144,142,128
145,142,128
146,142,128
147,142,128
148,142,128
149,142,128
150,142,128
151,142,128
152,142,128
153,142,128
154,142,128
155,142,128
156,142,128
157,142,128
158,142,31
159,142,27
160,142,29
161,142,128
162,142,128
163,142,128
164,142,128
165,142,128
166,142,128
167,142,128
168,142,128
169,142,128
170,142,128
171,142,128
172,142,128
173,142,128
174,142,128
175,142,128
176,142,128
177,142,128
178,142,128
179,142,128
180,142,128
181,142,128
182,142,128
183,142,128
184,142,128
185,142,128
186,142,128
187,142,128
188,142,128
189,142,128
190,142,128
191,142,128
192,142,128
193,142,128
194,142,128
195,142,128
196,142,128
197,142,128
198,142,128
199,142,128
200,142,128
201,142,128
202,142,128
203,142,128
204,142,128
205,142,128
206,142,128
207,142,128
208,142,128
209,142,128
210,142,128
211,142,128
212,142,128
213,142,128
214,142,128
215,142,128
216,142,128
217,142,128
218,142,128
219,142,128
220,142,128
221,142,128
222,142,128
223,142,128
224,142,128
225,142,128
226,142,128
227,142,128
228,142,128
229,142,128
230,142,128
231,142,128
232,142,128
233,142,128
234,142,128
235,142,128
236,142,128
237,142,128
238,142,128
239,142,128
240,142,128
241,142,128
242,142,128
243,142,128
244,142,128
245,142,128
246,142,128
247,142,128
248,142,128
249,142,128
250,142,128
251,142,128
252,142,128
253,142,128
254,142,128
255,142,128
0,143,1
1,143,3
2,143,3
3,143,4
4,143,4
5,143,4
6,143,4
7,143,4
8,143,4
9,143,4
10,143,4
11,143,4
12,143,4
13,143,4
14,143,4
15,143,4
16,143,4
17,143,4
18,143,4
19,143,4
20,143,4
21,143,4
22,143,4
23,143,4
24,143,4
25,143,4
26,143,4
27,143,4
28,143,4
29,143,4
30,143,4
31,143,4
32,143,4
33,143,4
34,143,4
35,143,4
36,143,4
37,143,5
38,143,5
39,143,5
40,143,5
41,143,5
42,143,5
43,143,6
44,143,6
45,143,6
46,143,6
47,143,6
48,143,6
49,143,6
50,143,6
51,143,6
52,143,6
53,143,6
54,143,6
55,143,6
56,143,6
57,143,6
58,143,6
59,143,6
60,143,6
61,143,6
62,143,6
63,143,7
64,143,7
65,143,7
66,143,7
67,143,7
68,143,7
69,143,7
70,143,8
71,143,8
72,143,8
73,143,9
74,143,10
75,143,11
76,143,14
77,143,20
78,143,14
79,143,12
80,143,11
81,143,11
82,143,11
83,143,11
84,143,11
85,143,12
86,143,15
87,143,13
88,143,12
89,143,12
90,143,12
91,143,13
92,143,13
93,143,14
94,143,19
95,143,22
96,143,65
97,143,85
98,143,128
99,143,86
100,143,128
101,143,128
102,143,128
103,143,128
104,143,128
105,143,128
106,143,128
107,143,128
108,143,128
109,143,128
110,143,128
111,143,128
112,143,128
113,143,128
114,143,128
115,143,128
116,143,128
117,143,128
118,143,128
119,143,128
120,143,128
121,143,128
122,143,128
123,143,128
124,143,128
125,143,128
126,143,128
127,143,128
128,143,128
129,143,128
130,143,128
131,143,128
132,143,128
133,143,128
134,143,128
135,143,128
136,143,128
137,143,128
138,143,128
139,143,128
140,143,128
141,143,128
142,143,128
143,143,128
144,143,128
145,143,128
146,143,128
147,143,128
148,143,128
149,143,128
150,143,128
151,143,128
152,143,128
153,143,128
154,143,128
155,143,128
156,143,128
157,143,128
158,143,26
159,143,26
160,143,27
161,143,128
162,143,128
163,143,128
164,143,128
165,143,128
166,143,128
167,143,128
168,143,128
169,143,128
170,143,128
171,143,128
172,143,128
173,143,128
174,143,128
175,143,128
176,143,128
177,143,128
178,143,128
179,143,128
180,143,128
181,143,128
182,143,128
183,143,128
184,143,128
185,143,128
186,143,128
187,143,128
188,143,128
189,143,128
190,143,128
191,143,128
192,143,128
193,143,128
194,143,128
195,143,128
196,143,128
197,143,128
198,143,128
199,143,128
200,143,128
201,143,128
202,143,128
203,143,128
204,143,128
205,143,128
206,143,128
207,143,128
208,143,128
209,143,128
210,143,128
211,143,128
212,143,128
213,143,128
214,143,128
215,143,128
216,143,128
217,143,128
218,143,128
219,143,128
220,143,128
221,143,128
222,143,128
223,143,128
224,143,128
225,143,128
226,143,128
227,143,128
228,143,128
229,143,128
230,143,128
231,143,128
232,143,128
233,143,128
234,143,128
235,143,128
236,143,128
237,143,128
238,143,128
239,143,128
240,143,128
241,143,128
242,143,128
243,143,128
244,143,128
245,143,128
246,143,128
247,143,128
248,143,128
249,143,128
250,143,128
251,143,128
252,143,128
253,143,128
254,143,128
255,143,128
0,144,1
1,144,3
2,144,3
3,144,3
4,144,4
5,144,4
6,144,4
7,144,4
8,144,4
9,144,4
10,144,4
11,144,4
12,144,4
13,144,4
14,144,4
15,144,4
16,144,4
17,144,4
18,144,4
19,144,4
20,144,4
21,144,4
22,144,4
23,144,4
24,144,4
25,144,4
26,144,4
27,144,4
28,144,4
29,144,4
30,144,4
31,144,4
32,144,4
33,144,4
34,144,4
35,144,4
36,144,4
37,144,4
38,144,5
39,144,5
40,144,5
41,144,5
42,144,5
43,144,5
44,144,5
45,144,5
46,144,6
47,144,6
48,144,6
49,144,6
50,144,6
51,144,6
52,144,6
53,144,6
54,144,6
55,144,6
56,144,6
57,144,6
58,144,6
59,144,6
60,144,6
61,144,6
62,144,6
63,144,6
64,144,7
65,144,7
66,144,7
67,144,7
68,144,7
69,144,7
70,144,8
71,144,8
72,144,8
73,144,8
74,144,11
75,144,14
76,144,23
77,144,29
78,144,13
79,144,11
80,144,11
81,144,10
82,144,10
83,144,10
84,144,10
85,144,10
86,144,11
87,144,11
88,144,11
89,144,11
90,144,11
91,144,12
92,144,12
93,144,15
94,144,22
95,144,17
96,144,19
97,144,41
98,144,29
99,144,34
100,144,128
101,144,128
102,144,128
103,144,128
104,144,128
105,144,128
106,144,128
107,144,128
108,144,128
109,144,128
110,144,128
111,144,128
112,144,128
113,144,128
114,144,128
115,144,128
116,144,128
117,144,128
118,144,128
119,144,128
120,144,128
121,144,128
122,144,128
123,144,128
124,144,128
125,144,128
126,144,128
127,144,128
128,144,128
129,144,128
130,144,128
131,144,128
132,144,128
133,144,128
134,144,128
135,144,128
136,144,128
137,144,128
138,144,128
139,144,128
140,144,128
141,144,128
142,144,128
143,144,128
144,144,128
145,144,128
146,144,128
147,144,128
148,144,128
149,144,128
150,144,128
151,144,128
152,144,128
153,144,128
154,144,128
155,144,128
156,144,128
157,144,48
158,144,24
159,144,24
160,144,26
161,144,128
162,144,128
163,144,128
164,144,128
165,144,128
166,144,128
167,144,128
168,144,128
169,144,128
170,144,128
171,144,128
172,144,128
173,144,128
174,144,128
175,144,128
176,144,128
177,144,128
178,144,128
179,144,128
180,144,128
181,144,128
182,144,128
183,144,128
184,144,128
185,144,128
186,144,128
187,144,128
188,144,128
189,144,128
190,144,128
191,144,128
192,144,128
193,144,128
194,144,128
195,144,128
196,144,128
197,144,128
198,144,128
199,144,128
200,144,128
201,144,128
202,144,128
203,144,128
204,144,128
205,144,128
206,144,128
207,144,128
208,144,128
209,144,128
210,144,128
211,144,128
212,144,128
213,144,128
214,144,128
215,144,128
216,144,128
217,144,128
218,144,128
219,144,128
220,144,128
221,144,128
222,144,128
223,144,128
224,144,128
225,144,128
226,144,128
227,144,128
228,144,128
229,144,128
230,144,128
231,144,128
232,144,128
233,144,128
234,144,128
235,144,128
236,144,128
237,144,128
238,144,128
239,144,128
240,144,128
241,144,128
242,144,128
243,144,128
244,144,128
245,144,128
246,144,128
247,144,128
248,144,128
249,144,128
250,144,128
251,144,128
252,144,128
253,144,128
254,144,128
255,144,128
0,145,1
1,145,3
2,145,3
3,145,3
4,145,4
5,145,4
6,145,4
7,145,4
8,145,4
9,145,4
10,145,4
11,145,4
12,145,4
13,145,4
14,145,4
15,145,4
16,145,4
17,145,4
18,145,4
19,145,4
20,145,4
21,145,4
22,145,4
23,145,4
24,145,4
25,145,4
26,145,4
27,145,4
28,145,4
29,145,4
30,145,4
31,145,4
32,145,4
33,145,4
34,145,4
35,145,4
36,145,4
37,145,4
38,145,4
39,145,5
40,145,5
41,145,5
42,145,5
43,145,5
44,145,5
45,145,5
46,145,5
47,145,5
48,145,5
49,145,5
50,145,6
51,145,6
52,145,6
53,145,6
54,145,6
55,145,6
56,145,6
57,145,6
58,145,6
59,145,6
60,145,6
61,145,6
62,145,6
63,145,6
64,145,6
65,145,6
66,145,7
67,145,7
68,145,7
69,145,7
70,145,7
71,145,8
72,145,8
73,145,8
74,145,11
75,145,14
76,145,17
77,145,13
78,145,11
79,145,10
80,145,10
81,145,10
82,145,10
83,145,9
84,145,9
85,145,9
86,145,9
87,145,10
88,145,10
89,145,11
90,145,11
91,145,11
92,145,11
93,145,13
94,145,14
95,145,15
96,145,16
97,145,19
98,145,21
99,145,27
100,145,39
101,145,128
102,145,128
103,145,128
104,145,128
105,145,128
106,145,128
107,145,128
108,145,128
109,145,128
110,145,128
111,145,128
112,145,128
113,145,128
114,145,128
115,145,128
116,145,128
117,145,128
118,145,128
119,145,128
120,145,128
121,145,128
122,145,128
123,145,128
124,145,128
125,145,128
126,145,128
127,145,128
128,145,128
129,145,128
130,145,128
131,145,128
132,145,128
133,145,128
134,145,128
135,145,128
136,145,128
137,145,128
138,145,128
139,145,128
140,145,128
141,145,128
142,145,128
143,145,128
144,145,128
145,145,128
146,145,128
147,145,128
148,145,128
149,145,128
150,145,128
151,145,128
152,145,128
153,145,128
154,145,128
155,145,128
156,145,45
157,145,24
158,145,23
159,145,23
160,145,25
161,145,44
162,145,128
163,145,128
164,145,128
165,145,128
166,145,128
167,145,128
168,145,128
169,145,128
170,145,128
171,145,128
172,145,128
173,145,128
174,145,128
175,145,128
176,145,128
177,145,128
178,145,128
179,145,128
180,145,128
181,145,128
182,145,128
183,145,128
184,145,128
185,145,128
186,145,128
187,145,128
188,145,128
189,145,128
190,145,128
191,145,128
192,145,128
193,145,128
194,145,128
195,145,128
196,145,128
197,145,128
198,145,128
199,145,128
200,145,128
201,145,128
202,145,128
203,145,128
204,145,128
205,145,128
206,145,128
207,145,128
208,145,128
209,145,128
210,145,128
211,145,128
212,145,128
213,145,128
214,145,128
215,145,128
216,145,128
217,145,128
218,145,128
219,145,128
220,145,128
221,145,128
222,145,128
223,145,128
224,145,128
225,145,128
226,145,128
227,145,128
228,145,128
229,145,128
230,145,128
231,145,128
232,145,128
233,145,128
234,145,128
235,145,128
236,145,128
237,145,128
238,145,128
239,145,128
240,145,128
241,145,128
242,145,128
243,145,128
244,145,128
245,145,128
246,145,128
247,145,128
248,145,128
249,145,128
250,145,128
251,145,128
252,145,128
253,145,128
254,145,128
255,145,128
0,146,1
1,146,2
2,146,3
3,146,3
4,146,3
5,146,4
6,146,4
7,146,4
8,146,4
9,146,4
10,146,4
11,146,4
12,146,4
13,146,4
14,146,4
15,146,4
16,146,4
17,146,4
18,146,4
19,146,4
20,146,4
21,146,4
22,146,4
23,146,4
24,146,4
25,146,4
26,146,4
27,146,4
28,146,4
29,146,4
30,146,4
31,146,4
32,146,4
33,146,4
34,146,4
35,146,4
36,146,4
37,146,4
38,146,4
39,146,4
40,146,5
41,146,5
42,146,5
43,146,5
44,146,5
45,146,5
46,146,5
47,146,5
48,146,5
49,146,5
50,146,5
51,146,5
52,146,5
53,146,5
54,146,5
55,146,6
56,146,6
57,146,6
58,146,6
59,146,6
60,146,6
61,146,6
62,146,6
63,146,6
64,146,6
65,146,6
66,146,6
67,146,6
68,146,7
69,146,7
70,146,7
71,146,8
72,146,8
73,146,9
74,146,10
75,146,14
76,146,16
77,146,12
78,146,10
79,146,10
80,146,10
81,146,9
82,146,9
83,146,9
84,146,9
85,146,9
86,146,9
87,146,9
88,146,10
89,146,10
90,146,11
91,146,11
92,146,11
93,146,12
94,146,13
95,146,14
96,146,15
97,146,17
98,146,24
99,146,76
100,146,78
101,146,60
102,146,128
103,146,128
104,146,128
105,146,128
106,146,128
107,146,128
108,146,128
109,146,128
110,146,128
111,146,128
112,146,128
113,146,128
114,146,128
115,146,128
116,146,128
117,146,128
118,146,128
119,146,128
120,146,128
121,146,128
122,146,128
123,146,128
124,146,128
125,146,128
126,146,128
127,146,128
128,146,128
129,146,128
130,146,128
131,146,128
132,146,128
133,146,128
134,146,128
135,146,128
136,146,128
137,146,128
138,146,128
139,146,128
140,146,128
141,146,128
142,146,128
143,146,128
144,146,128
145,146,128
146,146,128
147,146,128
148,146,128
149,146,128
150,146,128
151,146,128
152,146,128
153,146,128
154,146,128
155,146,67
156,146,58
157,146,22
158,146,21
159,146,21
160,146,23
161,146,49
162,146,128
163,146,128
164,146,128
165,146,128
166,146,128
167,146,128
168,146,128
169,146,128
170,146,128
171,146,128
172,146,128
173,146,128
174,146,128
175,146,128
176,146,128
177,146,128
178,146,128
179,146,128
180,146,128
181,146,128
182,146,128
183,146,128
184,146,128
185,146,128
186,146,128
187,146,128
188,146,128
189,146,128
190,146,128
191,146,128
192,146,128
193,146,128
194,146,128
195,146,128
196,146,128
197,146,128
198,146,128
199,146,128
200,146,128
201,146,128
202,146,128
203,146,128
204,146,128
205,146,128
206,146,128
207,146,128
208,146,128
209,146,128
210,146,128
211,146,128
212,146,128
213,146,128
214,146,128
215,146,128
216,146,128
217,146,128
218,146,128
219,146,128
220,146,128
221,146,128
222,146,128
223,146,128
224,146,128
225,146,128
226,146,128
227,146,128
228,146,128
229,146,128
230,146,128
231,146,128
232,146,128
233,146,128
234,146,128
235,146,128
236,146,128
237,146,128
238,146,128
239,146,128
240,146,128
241,146,128
242,146,128
243,146,128
244,146,128
245,146,128
246,146,128
247,146,128
248,146,128
249,146,128
250,146,128
251,146,128
252,146,128
253,146,128
254,146,128
255,146,128
0,147,1
1,147,2
2,147,3
3,147,3
4,147,3
5,147,4
6,147,4
7,147,4
8,147,4
9,147,4
10,147,4
11,147,4
12,147,4
13,147,4
14,147,4
15,147,4
16,147,4
17,147,4
18,147,4
19,147,4
20,147,4
21,147,4
22,147,4
23,147,4
24,147,4
25,147,4
26,147,4
27,147,4
28,147,4
29,147,4
30,147,4
31,147,4
32,147,4
33,147,4
34,147,4
35,147,4
36,147,4
37,147,4
38,147,4
39,147,4
40,147,4
41,147,5
42,147,5
43,147,5
44,147,5
45,147,5
46,147,5
47,147,5
48,147,5
49,147,5
50,147,5
51,147,5
52,147,5
53,147,5
54,147,5
55,147,5
56,147,5
57,147,5
58,147,5
59,147,5
60,147,5
61,147,6
62,147,6
63,147,6
64,147,6
65,147,6
66,147,6
67,147,6
68,147,6
69,147,7
70,147,7
71,147,7
72,147,8
73,147,9
74,147,11
75,147,17
76,147,12
77,147,11
78,147,10
79,147,9
80,147,9
81,147,9
82,147,9
83,147,9
84,147,9
85,147,9
86,147,9
87,147,9
88,147,9
89,147,10
90,147,10
91,147,11
92,147,11
93,147,12
94,147,13
95,147,13
96,147,16
97,147,19
98,147,22
99,147,78
100,147,128
101,147,128
102,147,128
103,147,128
104,147,128
105,147,128
106,147,128
107,147,128
108,147,128
109,147,128
110,147,128
111,147,128
112,147,128
113,147,128
114,147,128
115,147,128
116,147,128
117,147,128
118,147,128
119,147,128
120,147,128
121,147,128
122,147,128
123,147,128
124,147,128
125,147,128
126,147,128
127,147,128
128,147,128
129,147,128
130,147,128
131,147,128
132,147,128
133,147,128
134,147,128
135,147,128
136,147,128
137,147,128
138,147,128
139,147,128
140,147,128
141,147,128
142,147,128
143,147,128
144,147,128
145,147,128
146,147,128
147,147,128
148,147,128
149,147,128
150,147,128
151,147,128
152,147,128
153,147,128
154,147,128
155,147,58
156,147,42
157,147,20
158,147,20
159,147,20
160,147,23
161,147,128
162,147,128
163,147,128
164,147,128
165,147,128
166,147,128
167,147,128
168,147,128
169,147,128
170,147,128
171,147,128
172,147,128
173,147,128
174,147,128
175,147,128
176,147,128
177,147,128
178,147,128
179,147,128
180,147,128
181,147,128
182,147,128
183,147,128
184,147,128
185,147,128
186,147,128
187,147,128
188,147,128
189,147,128
190,147,128
191,147,128
192,147,128
193,147,128
194,147,128
195,147,128
196,147,128
197,147,128
198,147,128
199,147,128
200,147,128
201,147,128
202,147,128
203,147,128
204,147,128
205,147,128
206,147,128
207,147,128
208,147,128
209,147,128
210,147,128
211,147,128
212,147,128
213,147,128
214,147,128
215,147,128
216,147,128
217,147,128
218,147,128
219,147,128
220,147,128
221,147,128
222,147,128
223,147,128
224,147,128
225,147,128
226,147,128
227,147,128
228,147,128
229,147,128
230,147,128
231,147,128
232,147,128
233,147,128
234,147,128
235,147,128
236,147,128
237,147,128
238,147,128
239,147,128
240,147,128
241,147,128
242,147,128
243,147,128
244,147,128
245,147,128
246,147,128
247,147,128
248,147,128
249,147,128
250,147,128
251,147,128
252,147,128
253,147,128
254,147,128
255,147,128
0,148,1
1,148,2
2,148,3
3,148,3
4,148,3
5,148,3
6,148,4
7,148,4
8,148,4
9,148,4
10,148,4
11,148,4
12,148,4
13,148,4
14,148,4
15,148,4
16,148,4
17,148,4
18,148,4
19,148,4
20,148,4
21,148,4
22,148,4
23,148,4
24,148,4
25,148,4
26,148,4
27,148,4
28,148,4
29,148,4
30,148,4
31,148,4
32,148,4
33,148,4
34,148,4
35,148,4
36,148,4
37,148,4
38,148,4
39,148,4
40,148,4
41,148,4
42,148,5
43,148,5
44,148,5
45,148,5
46,148,5
47,148,5
48,148,5
49,148,5
50,148,5
51,148,5
52,148,5
53,148,5
54,148,5
55,148,5
56,148,5
57,148,5
58,148,5
59,148,5
60,148,5
61,148,5
62,148,5
63,148,5
64,148,5
65,148,6
66,148,6
67,148,6
68,148,6
69,148,6
70,148,6
71,148,7
72,148,8
73,148,9
74,148,13
75,148,10
76,148,10
77,148,8
78,148,8
79,148,8
80,148,8
81,148,8
82,148,9
83,148,9
84,148,9
85,148,9
86,148,9
87,148,9
88,148,9
89,148,10
90,148,10
91,148,11
92,148,11
93,148,12
94,148,13
95,148,14
96,148,17
97,148,63
98,148,30
99,148,65
100,148,128
101,148,128
102,148,128
103,148,128
104,148,128
105,148,128
106,148,128
107,148,128
108,148,128
109,148,128
110,148,128
111,148,128
112,148,128
113,148,128
114,148,128
115,148,128
116,148,128
117,148,128
118,148,128
119,148,128
120,148,128
121,148,128
122,148,128
123,148,128
124,148,128
125,148,128
126,148,128
127,148,128
128,148,128
129,148,128
130,148,128
131,148,128
132,148,128
133,148,128
134,148,128
135,148,128
136,148,128
137,148,128
138,148,128
139,148,128
140,148,128
141,148,128
142,148,128
143,148,128
144,148,128
145,148,128
146,148,128
147,148,128
148,148,128
149,148,128
150,148,128
151,148,128
152,148,128
153,148,128
154,148,39
155,148,58
156,148,20
157,148,19
158,148,19
159,148,19
160,148,21
161,148,72
162,148,128
163,148,128
164,148,128
165,148,128
166,148,128
167,148,128
168,148,128
169,148,128
170,148,128
171,148,128
172,148,128
173,148,128
174,148,128
175,148,128
176,148,128
177,148,128
178,148,128
179,148,128
180,148,128
181,148,128
182,148,128
183,148,128
184,148,128
185,148,128
186,148,128
187,148,128
188,148,128
189,148,128
190,148,128
191,148,128
192,148,128
193,148,128
194,148,128
195,148,128
196,148,128
197,148,128
198,148,128
199,148,128
200,148,128
201,148,128
202,148,128
203,148,128
204,148,128
205,148,128
206,148,128
207,148,128
208,148,128
209,148,128
210,148,128
211,148,128
212,148,128
213,148,128
214,148,128
215,148,128
216,148,128
217,148,128
218,148,128
219,148,128
220,148,128
221,148,128
222,148,128
223,148,128
224,148,128
225,148,128
226,148,128
227,148,128
228,148,128
229,148,128
230,148,128
231,148,128
232,148,128
233,148,128
234,148,128
235,148,128
236,148,128
237,148,128
238,148,128
239,148,128
240,148,128
241,148,128
242,148,128
243,148,128
244,148,128
245,148,128
246,148,128
247,148,128
248,148,128
249,148,128
250,148,128
251,148,128
252,148,128
253,148,128
254,148,128
255,148,128
0,149,1
1,149,2
2,149,3
3,149,3
4,149,3
5,149,3
6,149,4
7,149,4
8,149,4
9,149,4
10,149,4
11,149,4
12,149,4
13,149,4
14,149,4
15,149,4
16,149,4
17,149,4
18,149,4
19,149,4
20,149,4
21,149,4
22,149,4
23,149,4
24,149,4
25,149,4
26,149,4
27,149,4
28,149,4
29,149,4
30,149,4
31,149,4
32,149,4
33,149,4
34,149,4
35,149,4
36,149,4
37,149,4
38,149,4
39,149,4
40,149,4
41,149,4
42,149,4
43,149,5
44,149,5
45,149,5
46,149,5
47,149,5
48,149,5
49,149,5
50,149,5
51,149,5
52,149,5
53,149,5
54,149,5
55,149,5
56,149,5
57,149,5
58,149,5
59,149,5
60,149,5
61,149,5
62,149,5
63,149,5
64,149,5
65,149,5
66,149,5
67,149,5
68,149,6
69,149,6
70,149,6
71,149,6
72,149,7
73,149,8
74,149,9
75,149,9
76,149,8
77,149,8
78,149,8
79,149,8
80,149,8
81,149,8
82,149,8
83,149,8
84,149,9
85,149,9
86,149,9
87,149,9
88,149,9
89,149,10
90,149,10
91,149,10
92,149,11
93,149,12
94,149,14
95,149,15
96,149,18
97,149,23
98,149,63
99,149,84
100,149,90
101,149,127
102,149,96
103,149,128
104,149,128
105,149,128
106,149,128
107,149,128
108,149,128
109,149,128
110,149,128
111,149,128
112,149,128
113,149,128
114,149,128
115,149,128
116,149,128
117,149,128
118,149,128
119,149,128
120,149,128
121,149,128
122,149,128
123,149,128
124,149,128
125,149,128
126,149,128
127,149,128
128,149,128
129,149,128
130,149,128
131,149,128
132,149,128
133,149,128
134,149,128
135,149,128
136,149,128
137,149,128
138,149,128
139,149,128
140,149,128
141,149,128
142,149,128
143,149,128
144,149,128
145,149,128
146,149,128
147,149,128
148,149,128
149,149,128
150,149,128
151,149,128
152,149,128
153,149,128
154,149,33
155,149,52
156,149,19
157,149,18
158,149,18
159,149,18
160,149,20
161,149,128
162,149,128
163,149,128
164,149,128
165,149,128
166,149,128
167,149,128
168,149,128
169,149,128
170,149,128
171,149,128
172,149,128
173,149,128
174,149,128
175,149,128
176,149,128
177,149,128
178,149,128
179,149,128
180,149,128
181,149,128
182,149,128
183,149,128
184,149,128
185,149,128
186,149,128
187,149,128
188,149,128
189,149,128
190,149,128
191,149,128
192,149,128
193,149,128
194,149,128
195,149,128
196,149,128
197,149,128
198,149,128
199,149,128
200,149,128
201,149,128
202,149,128
203,149,128
204,149,128
205,149,128
206,149,128
207,149,128
208,149,128
209,149,128
210,149,128
211,149,128
212,149,128
213,149,128
214,149,128
215,149,128
216,149,128
217,149,128
218,149,128
219,149,128
220,149,128
221,149,128
222,149,128
223,149,128
224,149,128
225,149,128
226,149,128
227,149,128
228,149,128
229,149,128
230,149,128
231,149,128
232,149,128
233,149,128
234,149,128
235,149,128
236,149,128
237,149,128
238,149,128
239,149,128
240,149,128
241,149,128
242,149,128
243,149,128
244,149,128
245,149,128
246,149,128
247,149,128
248,149,128
249,149,128
250,149,128
251,149,128
252,149,128
253,149,128
254,149,128
255,149,128
0,150,1
1,150,2
2,150,3
3,150,3
4,150,3
5,150,3
6,150,3
7,150,4
8,150,4
9,150,4
10,150,4
11,150,4
12,150,4
13,150,4
14,150,4
15,150,4
16,150,4
17,150,4
18,150,4
19,150,4
20,150,4
21,150,4
22,150,4
23,150,4
24,150,4
25,150,4
26,150,4
27,150,4
28,150,4
29,150,4
30,150,4
31,150,4
32,150,4
33,150,4
34,150,4
35,150,4
36,150,4
37,150,4
38,150,4
39,150,4
40,150,4
41,150,4
42,150,4
43,150,4
44,150,5
45,150,5
46,150,5
47,150,5
48,150,5
49,150,5
50,150,5
51,150,5
52,150,5
53,150,5
54,150,5
55,150,5
56,150,5
57,150,5
58,150,5
59,150,5
60,150,5
61,150,5
62,150,5
63,150,5
64,150,5
65,150,5
66,150,5
67,150,5
68,150,5
69,150,5
70,150,6
71,150,6
72,150,6
73,150,6
74,150,7
75,150,8
76,150,8
77,150,8
78,150,8
79,150,8
80,150,8
81,150,8
82,150,8
83,150,8
84,150,8
85,150,8
86,150,9
87,150,9
88,150,9
89,150,9
90,150,10
91,150,10
92,150,12
93,150,14
94,150,17
95,150,18
96,150,26
97,150,36
98,150,39
99,150,54
100,150,29
101,150,55
102,150,77
103,150,42
104,150,47
105,150,128
106,150,128
107,150,128
108,150,128
109,150,128
110,150,128
111,150,128
112,150,128
113,150,128
114,150,128
115,150,128
116,150,128
117,150,128
118,150,128
119,150,128
120,150,128
121,150,128
122,150,128
123,150,128
124,150,128
125,150,128
126,150,128
127,150,128
128,150,128
129,150,128
130,150,128
131,150,128
132,150,128
133,150,128
134,150,128
135,150,128
136,150,128
137,150,128
138,150,128
139,150,128
140,150,128
141,150,128
142,150,128
143,150,128
144,150,128
145,150,128
146,150,128
147,150,128
148,150,128
149,150,128
150,150,128
151,150,128
152,150,128
153,150,36
154,150,85
155,150,18
156,150,17
157,150,17
158,150,17
159,150,18
160,150,19
161,150,92
162,150,38
163,150,128
164,150,128
165,150,128
166,150,128
167,150,128
168,150,128
169,150,128
170,150,128
171,150,128
172,150,128
173,150,128
174,150,128
175,150,128
176,150,128
177,150,128
178,150,128
179,150,128
180,150,128
181,150,128
182,150,128
183,150,128
184,150,128
185,150,128
186,150,128
187,150,128
188,150,128
189,150,128
190,150,128
191,150,128
192,150,128
193,150,128
194,150,128
195,150,128
196,150,128
197,150,128
198,150,128
199,150,128
200,150,128
201,150,128
202,150,128
203,150,128
204,150,128
205,150,128
206,150,128
207,150,128
208,150,128
209,150,128
210,150,128
211,150,128
212,150,128
213,150,128
214,150,128
215,150,128
216,150,128
217,150,128
218,150,128
219,150,128
220,150,128
221,150,128
222,150,128
223,150,128
224,150,128
225,150,128
226,150,128
227,150,128
228,150,128
229,150,128
230,150,128
231,150,128
232,150,128
233,150,128
234,150,128
235,150,128
236,150,128
237,150,128
238,150,128
239,150,128
240,150,128
241,150,128
242,150,128
243,150,128
244,150,128
245,150,128
246,150,128
247,150,128
248,150,128
249,150,128
250,150,128
251,150,128
252,150,128
253,150,128
254,150,128
255,150,128
0,151,1
1,151,1
2,151,3
3,151,3
4,151,3
5,151,3
6,151,3
7,151,4
8,151,4
9,151,4
10,151,4
11,151,4
12,151,4
13,151,4
14,151,4
15,151,4
16,151,4
17,151,4
18,151,4
19,151,4
20,151,4
21,151,4
22,151,4
23,151,4
24,151,4
25,151,4
26,151,4
27,151,4
28,151,4
29,151,4
30,151,4
31,151,4
32,151,4
33,151,4
34,151,4
35,151,4
36,151,4
37,151,4
38,151,4
39,151,4
40,151,4
41,151,4
42,151,4
43,151,4
44,151,4
45,151,5
46,151,5
47,151,5
48,151,5
49,151,5
50,151,5
51,151,5
52,151,5
53,151,5
54,151,5
55,151,5
56,151,5
57,151,5
58,151,5
59,151,5
60,151,5
61,151,5
62,151,5
63,151,5
64,151,5
65,151,5
66,151,5
67,151,5
68,151,5
69,151,5
70,151,5
71,151,6
72,151,6
73,151,6
74,151,6
75,151,7
76,151,7
77,151,7
78,151,8
79,151,8
80,151,8
81,151,8
82,151,8
83,151,8
84,151,8
85,151,8
86,151,8
87,151,8
88,151,9
89,151,9
90,151,10
91,151,10
92,151,24
93,151,23
94,151,25
95,151,16
96,151,16
97,151,17
98,151,19
99,151,31
100,151,24
101,151,36
102,151,21
103,151,27
104,151,72
105,151,128
106,151,128
107,151,128
108,151,128
109,151,128
110,151,128
111,151,128
112,151,128
113,151,128
114,151,128
115,151,128
116,151,128
117,151,128
118,151,128
119,151,128
120,151,128
121,151,128
122,151,128
123,151,128
124,151,128
125,151,128
126,151,128
127,151,128
128,151,128
129,151,128
130,151,128
131,151,128
132,151,128
133,151,128
134,151,128
135,151,128
136,151,128
137,151,128
138,151,128
139,151,128
140,151,128
141,151,128
142,151,128
143,151,128
144,151,128
145,151,128
146,151,128
147,151,128
148,151,128
149,151,128
150,151,128
151,151,128
152,151,50
153,151,42
154,151,43
155,151,17
156,151,16
157,151,16
158,151,16
159,151,17
160,151,19
161,151,66
162,151,54
163,151,128
164,151,128
165,151,128
166,151,128
167,151,128
168,151,128
169,151,128
170,151,128
171,151,128
172,151,128
173,151,128
174,151,128
175,151,128
176,151,128
177,151,128
178,151,128
179,151,128
180,151,128
181,151,128
182,151,128
183,151,128
184,151,128
185,151,128
186,151,128
187,151,128
188,151,128
189,151,128
190,151,128
191,151,128
192,151,128
193,151,128
194,151,128
195,151,128
196,151,128
197,151,128
198,151,128
199,151,128
200,151,128
201,151,128
202,151,128
203,151,128
204,151,128
205,151,128
206,151,128
207,151,128
208,151,128
209,151,128
210,151,128
211,151,128
212,151,128
213,151,128
214,151,128
215,151,128
216,151,128
217,151,128
218,151,128
219,151,128
220,151,128
221,151,128
222,151,128
223,151,128
224,151,128
225,151,128
226,151,128
227,151,128
228,151,128
229,151,128
230,151,128
231,151,128
232,151,128
233,151,128
234,151,128
235,151,128
236,151,128
237,151,128
238,151,128
239,151,128
240,151,128
241,151,128
242,151,128
243,151,128
244,151,128
245,151,128
246,151,128
247,151,128
248,151,128
249,151,128
250,151,128
251,151,128
252,151,128
253,151,128
254,151,128
255,151,128
0,152,1
1,152,1
2,152,3
3,152,3
4,152,3
5,152,3
6,152,3
7,152,3
8,152,4
9,152,4
10,152,4
11,152,4
12,152,4
13,152,4
14,152,4
15,152,4
16,152,4
17,152,4
18,152,4
19,152,4
20,152,4
21,152,4
22,152,4
23,152,4
24,152,4
25,152,4
26,152,4
27,152,4
28,152,4
29,152,4
30,152,4
31,152,4
32,152,4
33,152,4
34,152,4
35,152,4
36,152,4
37,152,4
38,152,4
39,152,4
40,152,4
41,152,4
42,152,4
43,152,4
44,152,4
45,152,4
46,152,5
47,152,5
48,152,5
49,152,5
50,152,5
51,152,5
52,152,5
53,152,5
54,152,5
55,152,5
56,152,5
57,152,5
58,152,5
59,152,5
60,152,5
61,152,5
62,152,5
63,152,5
64,152,5
65,152,5
66,152,5
67,152,5
68,152,5
69,152,5
70,152,5
71,152,5
72,152,6
73,152,6
74,152,6
75,152,6
76,152,7
77,152,7
78,152,7
79,152,7
80,152,7
81,152,7
82,152,7
83,152,7
84,152,7
85,152,8
86,152,8
87,152,8
88,152,8
89,152,9
90,152,10
91,152,11
92,152,15
93,152,21
94,152,15
95,152,13
96,152,13
97,152,14
98,152,16
99,152,21
100,152,20
101,152,17
102,152,19
103,152,25
104,152,97
105,152,91
106,152,54
107,152,128
108,152,128
109,152,128
110,152,128
111,152,128
112,152,128
113,152,128
114,152,128
115,152,128
116,152,128
117,152,128
118,152,128
119,152,128
120,152,128
121,152,128
122,152,128
123,152,128
124,152,128
125,152,128
126,152,128
127,152,128
128,152,128
129,152,128
130,152,128
131,152,128
132,152,128
133,152,128
134,152,128
135,152,128
136,152,128
137,152,128
138,152,128
139,152,128
140,152,128
141,152,128
142,152,128
143,152,128
144,152,128
145,152,128
146,152,128
147,152,128
148,152,128
149,152,128
150,152,67
151,152,69
152,152,50
153,152,19
154,152,17
155,152,16
156,152,15
157,152,16
158,152,16
159,152,16
160,152,17
161,152,24
162,152,51
163,152,128
164,152,128
165,152,128
166,152,128
167,152,128
168,152,128
169,152,128
170,152,128
171,152,128
172,152,128
173,152,128
174,152,128
175,152,128
176,152,128
177,152,128
178,152,128
179,152,128
180,152,128
181,152,128
182,152,128
183,152,128
184,152,128
185,152,128
186,152,128
187,152,128
188,152,128
189,152,128
190,152,128
191,152,128
192,152,128
193,152,128
194,152,128
195,152,128
196,152,128
197,152,128
198,152,128
199,152,128
200,152,128
201,152,128
202,152,128
203,152,128
204,152,128
205,152,128
206,152,128
207,152,128
208,152,128
209,152,128
210,152,128
211,152,128
212,152,128
213,152,128
214,152,128
215,152,128
216,152,128
217,152,128
218,152,128
219,152,128
220,152,128
221,152,128
222,152,128
223,152,128
224,152,128
225,152,128
226,152,128
227,152,128
228,152,128
229,152,128
230,152,128
231,152,128
232,152,128
233,152,128
234,152,128
235,152,128
236,152,128
237,152,128
238,152,128
239,152,128
240,152,128
241,152,128
242,152,128
243,152,128
244,152,128
245,152,128
246,152,128
247,152,128
248,152,128
249,152,128
250,152,128
251,152,128
252,152,128
253,152,128
254,152,128
255,152,128
0,153,1
1,153,1
2,153,2
3,153,3
4,153,3
5,153,3
6,153,3
7,153,3
8,153,3
9,153,4
10,153,4
11,153,4
12,153,4
13,153,4
14,153,4
15,153,4
16,153,4
17,153,4
18,153,4
19,153,4
20,153,4
21,153,4
22,153,4
23,153,4
24,153,4
25,153,4
26,153,4
27,153,4
28,153,4
29,153,4
30,153,4
31,153,4
32,153,4
33,153,4
34,153,4
35,153,4
36,153,4
37,153,4
38,153,4
39,153,4
40,153,4
41,153,4
42,153,4
43,153,4
44,153,4
45,153,4
46,153,5
47,153,5
48,153,5
49,153,5
50,153,5
51,153,5
52,153,5
53,153,5
54,153,5
55,153,5
56,153,5
57,153,5
58,153,5
59,153,5
60,153,5
61,153,5
62,153,5
63,153,5
64,153,5
65,153,5
66,153,5
67,153,5
68,153,5
69,153,5
70,153,5
71,153,5
72,153,5
73,153,6
74,153,6
75,153,6
76,153,6
77,153,7
78,153,7
79,153,7
80,153,7
81,153,7
82,153,7
83,153,7
84,153,7
85,153,7
86,153,7
87,153,8
88,153,8
89,153,8
90,153,9
91,153,12
92,153,20
93,153,17
94,153,12
95,153,12
96,153,12
97,153,12
98,153,15
99,153,15
100,153,15
101,153,16
102,153,31
103,153,21
104,153,26
105,153,25
106,153,128
107,153,64
108,153,128
109,153,128
110,153,128
111,153,128
112,153,128
113,153,128
114,153,128
115,153,128
116,153,128
117,153,128
118,153,128
119,153,128
120,153,128
121,153,128
122,153,128
123,153,128
124,153,128
125,153,128
126,153,128
127,153,128
128,153,128
129,153,128
130,153,128
131,153,128
132,153,128
133,153,128
134,153,128
135,153,128
136,153,128
137,153,128
138,153,128
139,153,128
140,153,128
141,153,128
142,153,128
143,153,128
144,153,128
145,153,128
146,153,128
147,153,128
148,153,128
149,153,128
150,153,32
151,153,31
152,153,28
153,153,17
154,153,15
155,153,15
156,153,15
157,153,15
158,153,15
159,153,16
160,153,17
161,153,19
162,153,39
163,153,101
164,153,128
165,153,128
166,153,128
167,153,128
168,153,128
169,153,128
170,153,128
171,153,128
172,153,128
173,153,128
174,153,128
175,153,128
176,153,128
177,153,128
178,153,128
179,153,128
180,153,128
181,153,128
182,153,128
183,153,128
184,153,128
185,153,128
186,153,128
187,153,128
188,153,128
189,153,128
190,153,128
191,153,128
192,153,128
193,153,128
194,153,128
195,153,128
196,153,128
197,153,128
198,153,128
199,153,128
200,153,128
201,153,128
202,153,128
203,153,128
204,153,128
205,153,128
206,153,128
207,153,128
208,153,128
209,153,128
210,153,128
211,153,128
212,153,128
213,153,128
214,153,128
215,153,128
216,153,128
217,153,128
218,153,128
219,153,128
220,153,128
221,153,128
222,153,128
223,153,128
224,153,128
225,153,128
226,153,128
227,153,128
228,153,128
229,153,128
230,153,128
231,153,128
232,153,128
233,153,128
234,153,128
235,153,128
236,153,128
237,153,128
238,153,128
239,153,128
240,153,128
241,153,128
242,153,128
243,153,128
244,153,128
245,153,128
246,153,128
247,153,128
248,153,128
249,153,128
250,153,128
251,153,128
252,153,128
253,153,128
254,153,128
255,153,128
0,154,1
1,154,1
2,154,2
3,154,3
4,154,3
5,154,3
6,154,3
7,154,3
8,154,3
9,154,3
10,154,4
11,154,4
12,154,4
13,154,4
14,154,4
15,154,4
16,154,4
17,154,4
18,154,4
19,154,4
20,154,4
21,154,4
22,154,4
23,154,4
24,154,4
25,154,4
26,154,4
27,154,4
28,154,4
29,154,4
30,154,4
31,154,4
32,154,4
33,154,4
34,154,4
35,154,4
36,154,4
37,154,4
38,154,4
39,154,4
40,154,4
41,154,4
42,154,4
43,154,4
44,154,4
45,154,4
46,154,4
47,154,5
48,154,5
49,154,5
50,154,5
51,154,5
52,154,5
53,154,5
54,154,5
55,154,5
56,154,5
57,154,5
58,154,5
59,154,5
60,154,5
61,154,5
62,154,5
63,154,5
64,154,5
65,154,5
66,154,5
67,154,5
68,154,5
69,154,5
70,154,5
71,154,5
72,154,5
73,154,5
74,154,6
75,154,6
76,154,6
77,154,6
78,154,7
79,154,7
80,154,7
81,154,7
82,154,7
83,154,7
84,154,7
85,154,7
86,154,7
87,154,7
88,154,7
89,154,8
90,154,8
91,154,10
92,154,11
93,154,10
94,154,11
95,154,11
96,154,11
97,154,11
98,154,11
99,154,13
100,154,13
101,154,14
102,154,16
103,154,17
104,154,18
105,154,20
106,154,23
107,154,32
108,154,37
109,154,128
110,154,128
111,154,128
112,154,128
113,154,128
114,154,128
115,154,128
116,154,128
117,154,128
118,154,128
119,154,128
120,154,128
121,154,128
122,154,128
123,154,128
124,154,128
125,154,128
126,154,128
127,154,128
128,154,128
129,154,128
130,154,128
131,154,128
132,154,128
133,154,128
134,154,128
135,154,128
136,154,128
137,154,128
138,154,128
139,154,128
140,154,128
141,154,128
142,154,128
143,154,128
144,154,128
145,154,128
146,154,128
147,154,128
148,154,128
149,154,128
150,154,48
151,154,49
152,154,65
153,154,16
154,154,15
155,154,14
156,154,14
157,154,14
158,154,15
159,154,15
160,154,16
161,154,25
162,154,41
163,154,128
164,154,128
165,154,128
166,154,128
167,154,128
168,154,128
169,154,128
170,154,128
171,154,128
172,154,128
173,154,128
174,154,128
175,154,128
176,154,128
177,154,128
178,154,128
179,154,128
180,154,128
181,154,128
182,154,128
183,154,128
184,154,128
185,154,128
186,154,128
187,154,128
188,154,128
189,154,128
190,154,128
191,154,128
192,154,128
193,154,128
194,154,128
195,154,128
196,154,128
197,154,128
198,154,128
199,154,128
200,154,128
201,154,128
202,154,128
203,154,128
204,154,128
205,154,128
206,154,128
207,154,128
208,154,128
209,154,128
210,154,128
211,154,128
212,154,128
213,154,128
214,154,128
215,154,128
216,154,128
217,154,128
218,154,128
219,154,128
220,154,128
221,154,128
222,154,128
223,154,128
224,154,128
225,154,128
226,154,128
227,154,128
228,154,128
229,154,128
230,154,128
231,154,128
232,154,128
233,154,128
234,154,128
235,154,128
236,154,128
237,154,128
238,154,128
239,154,128
240,154,128
241,154,128
242,154,128
243,154,128
244,154,128
245,154,128
246,154,128
247,154,128
248,154,128
249,154,128
250,154,128
251,154,128
252,154,128
253,154,128
254,154,128
255,154,128
0,155,1
1,155,1
2,155,2
3,155,3
4,155,3
5,155,3
6,155,3
7,155,3
8,155,3
9,155,3
10,155,4
11,155,4
12,155,4
13,155,4
14,155,4
15,155,4
16,155,4
17,155,4
18,155,4
19,155,4
20,155,4
21,155,4
22,155,4
23,155,4
24,155,4
25,155,4
26,155,4
27,155,4
28,155,4
29,155,4
30,155,4
31,155,4
32,155,4
33,155,4
34,155,4
35,155,4
36,155,4
37,155,4
38,155,4
39,155,4
40,155,4
41,155,4
42,155,4
43,155,4
44,155,4
45,155,4
46,155,4
47,155,4
48,155,5
49,155,5
50,155,5
51,155,5
52,155,5
53,155,5
54,155,5
55,155,5
56,155,5
57,155,5
58,155,5
59,155,5
60,155,5
61,155,5
62,155,5
63,155,5
64,155,5
65,155,5
66,155,5
67,155,5
68,155,5
69,155,5
70,155,5
71,155,5
72,155,5
73,155,5
74,155,5
75,155,6
76,155,6
77,155,6
78,155,6
79,155,7
80,155,7
81,155,7
82,155,7
83,155,7
84,155,7
85,155,7
86,155,7
87,155,7
88,155,7
89,155,7
90,155,8
91,155,9
92,155,10
93,155,10
94,155,10
95,155,10
96,155,11
97,155,11
98,155,11
99,155,12
100,155,13
101,155,13
102,155,15
103,155,16
104,155,18
105,155,20
106,155,22
107,155,28
108,155,35
109,155,76
110,155,65
111,155,128
112,155,128
113,155,128
114,155,128
115,155,128
116,155,128
117,155,128
118,155,128
119,155,128
120,155,128
121,155,128
122,155,128
123,155,128
124,155,128
125,155,128
126,155,128
127,155,128
128,155,128
129,155,128
130,155,128
131,155,128
132,155,128
133,155,128
134,155,128
135,155,128
136,155,128
137,155,128
138,155,128
139,155,128
140,155,128
141,155,128
142,155,128
143,155,128
144,155,128
145,155,128
146,155,53
147,155,34
148,155,36
149,155,43
150,155,33
151,155,17
152,155,16
153,155,14
154,155,14
155,155,14
156,155,14
157,155,14
158,155,14
159,155,14
160,155,16
161,155,33
162,155,128
163,155,126
164,155,128
165,155,128
166,155,128
167,155,128
168,155,128
169,155,128
170,155,128
171,155,128
172,155,128
173,155,128
174,155,128
175,155,128
176,155,128
177,155,128
178,155,128
179,155,128
180,155,128
181,155,128
182,155,128
183,155,128
184,155,128
185,155,128
186,155,128
187,155,128
188,155,128
189,155,128
190,155,128
191,155,128
192,155,128
193,155,128
194,155,128
195,155,128
196,155,128
197,155,128
198,155,128
199,155,128
200,155,128
201,155,128
202,155,128
203,155,128
204,155,128
205,155,128
206,155,128
207,155,128
208,155,128
209,155,128
210,155,128
211,155,128
212,155,128
213,155,128
214,155,128
215,155,128
216,155,128
217,155,128
218,155,128
219,155,128
220,155,128
221,155,128
222,155,128
223,155,128
224,155,128
225,155,128
226,155,128
227,155,128
228,155,128
229,155,128
230,155,128
231,155,128
232,155,128
233,155,128
234,155,128
235,155,128
236,155,128
237,155,128
238,155,128
239,155,128
240,155,128
241,155,128
242,155,128
243,155,128
244,155,128
245,155,128
246,155,128
247,155,128
248,155,128
249,155,128
250,155,128
251,155,128
252,155,128
253,155,128
254,155,128
255,155,128
0,156,1
1,156,1
2,156,2
3,156,3
4,156,3
5,156,3
6,156,3
7,156,3
8,156,3
9,156,3
10,156,3
11,156,4
12,156,4
13,156,4
14,156,4
15,156,4
16,156,4
17,156,4
18,156,4
19,156,4
20,156,4
21,156,4
22,156,4
23,156,4
24,156,4
25,156,4
26,156,4
27,156,4
28,156,4
29,156,4
30,156,4
31,156,4
32,156,4
33,156,4
34,156,4
35,156,4
36,156,4
37,156,4
38,156,4
39,156,4
40,156,4
41,156,4
42,156,4
43,156,4
44,156,4
45,156,4
46,156,4
47,156,4
48,156,4
49,156,5
50,156,5
51,156,5
52,156,5
53,156,5
54,156,5
55,156,5
56,156,5
57,156,5
58,156,5
59,156,5
60,156,5
61,156,5
62,156,5
63,156,5
64,156,5
65,156,5
66,156,5
67,156,5
68,156,5
69,156,5
70,156,5
71,156,5
72,156,5
73,156,5
74,156,5
75,156,5
76,156,6
77,156,6
78,156,6
79,156,6
80,156,7
81,156,7
82,156,7
83,156,7
84,156,7
85,156,7
86,156,7
87,156,7
88,156,7
89,156,7
90,156,8
91,156,8
92,156,9
93,156,9
94,156,10
95,156,10
96,156,10
97,156,11
98,156,11
99,156,12
100,156,12
101,156,13
102,156,14
103,156,15
104,156,23
105,156,35
106,156,26
107,156,125
108,156,128
109,156,128
110,156,128
111,156,128
112,156,128
113,156,128
114,156,128
115,156,128
116,156,128
117,156,128
118,156,128
119,156,128
120,156,128
121,156,128
122,156,128
123,156,128
124,156,128
125,156,128
126,156,128
127,156,128
128,156,128
129,156,128
130,156,128
131,156,128
132,156,128
133,156,128
134,156,128
135,156,128
136,156,128
137,156,128
138,156,128
139,156,128
140,156,128
141,156,128
142,156,128
143,156,128
144,156,128
145,156,128
146,156,33
147,156,25
148,156,26
149,156,42
150,156,18
151,156,15
152,156,14
153,156,13
154,156,13
155,156,13
156,156,13
157,156,13
158,156,14
159,156,14
160,156,15
161,156,17
162,156,58
163,156,31
164,156,46
165,156,128
166,156,128
167,156,128
168,156,128
169,156,128
170,156,128
171,156,128
172,156,128
173,156,128
174,156,128
175,156,128
176,156,128
177,156,128
178,156,128
179,156,128
180,156,128
181,156,128
182,156,128
183,156,128
184,156,128
185,156,128
186,156,128
187,156,128
188,156,128
189,156,128
190,156,128
191,156,128
192,156,128
193,156,128
194,156,128
195,156,128
196,156,128
197,156,128
198,156,128
199,156,128
200,156,128
201,156,128
202,156,128
203,156,128
204,156,128
205,156,128
206,156,128
207,156,128
208,156,128
209,156,128
210,156,128
211,156,128
212,156,128
213,156,128
214,156,128
215,156,128
216,156,128
217,156,128
218,156,128
219,156,128
220,156,128
221,156,128
222,156,128
223,156,128
224,156,128
225,156,128
226,156,128
227,156,128
228,156,128
229,156,128
230,156,128
231,156,128
232,156,128
233,156,128
234,156,128
235,156,128
236,156,128
237,156,128
238,156,128
239,156,128
240,156,128
241,156,128
242,156,128
243,156,128
244,156,128
245,156,128
246,156,128
247,156,128
248,156,128
249,156,128
250,156,128
251,156,128
252,156,128
253,156,128
254,156,128
255,156,128
0,157,1
1,157,1
2,157,2
3,157,3
4,157,3
5,157,3
6,157,3
7,157,3
8,157,3
9,157,3
10,157,3
11,157,3
12,157,4
13,157,4
14,157,4
15,157,4
16,157,4
17,157,4
18,157,4
19,157,4
20,157,4
21,157,4
22,157,4
23,157,4
24,157,4
25,157,4
26,157,4
27,157,4
28,157,4
29,157,4
30,157,4
31,157,4
32,157,4
33,157,4
34,157,4
35,157,4
36,157,4
37,157,4
38,157,4
39,157,4
40,157,4
41,157,4
42,157,4
43,157,4
44,157,4
45,157,4
46,157,4
47,157,4
48,157,4
49,157,4
50,157,5
51,157,5
52,157,5
53,157,5
54,157,5
55,157,5
56,157,5
57,157,5
58,157,5
59,157,5
60,157,5
61,157,5
62,157,5
63,157,5
64,157,5
65,157,5
66,157,5
67,157,5
68,157,5
69,157,5
70,157,5
71,157,5
72,157,5
73,157,5
74,157,5
75,157,5
76,157,6
77,157,6
78,157,6
79,157,6
80,157,6
81,157,7
82,157,7
83,157,7
84,157,7
85,157,7
86,157,7
87,157,7
88,157,7
89,157,7
90,157,7
91,157,8
92,157,8
93,157,9
94,157,9
95,157,9
96,157,10
97,157,10
98,157,11
99,157,12
100,157,12
101,157,14
102,157,15
103,157,16
104,157,18
105,157,22
106,157,128
107,157,128
108,157,128
109,157,128
110,157,128
111,157,128
112,157,128
113,157,128
114,157,128
115,157,128
116,157,128
117,157,128
118,157,128
119,157,128
120,157,128
121,157,128
122,157,128
123,157,128
124,157,128
125,157,128
126,157,128
127,157,128
128,157,128
129,157,128
130,157,128
131,157,128
132,157,128
133,157,128
134,157,128
135,157,128
136,157,128
137,157,128
138,157,128
139,157,128
140,157,128
141,157,128
142,157,128
143,157,45
144,157,128
145,157,128
146,157,37
147,157,21
148,157,47
149,157,24
150,157,16
151,157,14
152,157,13
153,157,13
154,157,13
155,157,13
156,157,13
157,157,13
158,157,13
159,157,14
160,157,14
161,157,16
162,157,19
163,157,25
164,157,34
165,157,128
166,157,128
167,157,128
168,157,128
169,157,128
170,157,128
171,157,128
172,157,128
173,157,128
174,157,128
175,157,128
176,157,128
177,157,128
178,157,128
179,157,128
180,157,128
181,157,128
182,157,128
183,157,128
184,157,128
185,157,128
186,157,128
187,157,128
188,157,128
189,157,128
190,157,128
191,157,128
192,157,128
193,157,128
194,157,128
195,157,128
196,157,128
197,157,128
198,157,128
199,157,128
200,157,128
201,157,128
202,157,128
203,157,128
204,157,128
205,157,128
206,157,128
207,157,128
208,157,128
209,157,128
210,157,128
211,157,128
212,157,128
213,157,128
214,157,128
215,157,128
216,157,128
217,157,128
218,157,128
219,157,128
220,157,128
221,157,128
222,157,128
223,157,128
224,157,128
225,157,128
226,157,128
227,157,128
228,157,128
229,157,128
230,157,128
231,157,128
232,157,128
233,157,128
234,157,128
235,157,128
236,157,128
237,157,128
238,157,128
239,157,128
240,157,128
241,157,128
242,157,128
243,157,128
244,157,128
245,157,128
246,157,128
247,157,128
248,157,128
249,157,128
250,157,128
251,157,128
252,157,128
253,157,128
254,157,128
255,157,128
0,158,1
1,158,1
2,158,2
3,158,3
4,158,3
5,158,3
6,158,3
7,158,3
8,158,3
9,158,3
10,158,3
11,158,3
12,158,3
13,158,4
14,158,4
15,158,4
16,158,4
17,158,4
18,158,4
19,158,4
20,158,4
21,158,4
22,158,4
23,158,4
24,158,4
25,158,4
26,158,4
27,158,4
28,158,4
29,158,4
30,158,4
31,158,4
32,158,4
33,158,4
34,158,4
35,158,4
36,158,4
37,158,4
38,158,4
39,158,4
40,158,4
41,158,4
42,158,4
43,158,4
44,158,4
45,158,4
46,158,4
47,158,4
48,158,4
49,158,4
50,158,4
51,158,5
52,158,5
53,158,5
54,158,5
55,158,5
56,158,5
57,158,5
58,158,5
59,158,5
60,158,5
61,158,5
62,158,5
63,158,5
64,158,5
65,158,5
66,158,5
67,158,5
68,158,5
69,158,5
70,158,5
71,158,5
72,158,5
73,158,5
74,158,5
75,158,5
76,158,5
77,158,6
78,158,6
79,158,6
80,158,6
81,158,7
82,158,7
83,158,7
84,158,7
85,158,7
86,158,7
87,158,7
88,158,7
89,158,7
90,158,7
91,158,8
92,158,8
93,158,9
94,158,9
95,158,9
96,158,9
97,158,10
98,158,10
99,158,12
100,158,13
101,158,16
102,158,21
103,158,18
104,158,22
105,158,24
106,158,35
107,158,128
108,158,128
109,158,128
110,158,128
111,158,128
112,158,128
113,158,128
114,158,97
115,158,40
116,158,80
117,158,128
118,158,128
119,158,128
120,158,128
121,158,128
122,158,128
123,158,128
124,158,128
125,158,128
126,158,128
127,158,128
128,158,128
129,158,128
130,158,128
131,158,128
132,158,128
133,158,128
134,158,128
135,158,128
136,158,128
137,158,128
138,158,128
139,158,128
140,158,69
141,158,44
142,158,128
143,158,43
144,158,128
145,158,46
146,158,118
147,158,18
148,158,17
149,158,32
150,158,16
151,158,13
152,158,13
153,158,12
154,158,12
155,158,12
156,158,12
157,158,12
158,158,13
159,158,13
160,158,14
161,158,17
162,158,39
163,158,119
164,158,128
165,158,128
166,158,128
167,158,128
168,158,128
169,158,128
170,158,128
171,158,128
172,158,128
173,158,128
174,158,128
175,158,128
176,158,128
177,158,128
178,158,128
179,158,128
180,158,128
181,158,128
182,158,128
183,158,128
184,158,128
185,158,128
186,158,128
187,158,128
188,158,128
189,158,128
190,158,128
191,158,128
192,158,128
193,158,128
194,158,128
195,158,128
196,158,128
197,158,128
198,158,128
199,158,128
200,158,128
201,158,128
202,158,128
203,158,128
204,158,128
205,158,128
206,158,128
207,158,128
208,158,128
209,158,128
210,158,128
211,158,128
212,158,128
213,158,128
214,158,128
215,158,128
216,158,128
217,158,128
218,158,128
219,158,128
220,158,128
221,158,128
222,158,128
223,158,128
224,158,128
225,158,128
226,158,128
227,158,128
228,158,128
229,158,128
230,158,128
231,158,128
232,158,128
233,158,128
234,158,128
235,158,128
236,158,128
237,158,128
238,158,128
239,158,128
240,158,128
241,158,128
242,158,128
243,158,128
244,158,128
245,158,128
246,158,128
247,158,128
248,158,128
249,158,128
250,158,128
251,158,128
252,158,128
253,158,128
254,158,128
255,158,128
0,159,1
1,159,1
2,159,2
3,159,2
4,159,3
5,159,3
6,159,3
7,159,3
8,159,3
9,159,3
10,159,3
11,159,3
12,159,3
13,159,3
14,159,4
15,159,4
16,159,4
17,159,4
18,159,4
19,159,4
20,159,4
21,159,4
22,159,4
23,159,4
24,159,4
25,159,4
26,159,4
27,159,4
28,159,4
29,159,4
30,159,4
31,159,4
32,159,4
33,159,4
34,159,4
35,159,4
36,159,4
37,159,4
38,159,4
39,159,4
40,159,4
41,159,4
42,159,4
43,159,4
44,159,4
45,159,4
46,159,4
47,159,4
48,159,4
49,159,4
50,159,4
51,159,4
52,159,5
53,159,5
54,159,5
55,159,5
56,159,5
57,159,5
58,159,5
59,159,5
60,159,5
61,159,5
62,159,5
63,159,5
64,159,5
65,159,5
66,159,5
67,159,5
68,159,5
69,159,5
70,159,5
71,159,5
72,159,5
73,159,5
74,159,5
75,159,5
76,159,5
77,159,5
78,159,6
79,159,6
80,159,6
81,159,6
82,159,7
83,159,7
84,159,7
85,159,7
86,159,7
87,159,7
88,159,7
89,159,7
90,159,7
91,159,8
92,159,8
93,159,9
94,159,9
95,159,9
96,159,9
97,159,9
98,159,10
99,159,12
100,159,16
101,159,36
102,159,18
103,159,33
104,159,45
105,159,31
106,159,128
107,159,128
108,159,128
109,159,128
110,159,128
111,159,128
112,159,128
113,159,128
114,159,66
115,159,29
116,159,63
117,159,37
118,159,128
119,159,128
120,159,128
121,159,128
122,159,128
123,159,128
124,159,128
125,159,128
126,159,128
127,159,128
128,159,128
129,159,128
130,159,128
131,159,128
132,159,128
133,159,128
134,159,128
135,159,128
136,159,128
137,159,82
138,159,128
139,159,128
140,159,128
141,159,31
142,159,23
143,159,22
144,159,24
145,159,59
146,159,28
147,159,16
148,159,14
149,159,14
150,159,13
151,159,12
152,159,12
153,159,12
154,159,12
155,159,12
156,159,12
157,159,12
158,159,12
159,159,13
160,159,14
161,159,52
162,159,99
163,159,75
164,159,107
165,159,128
166,159,128
167,159,128
168,159,128
169,159,128
170,159,128
171,159,128
172,159,128
173,159,128
174,159,128
175,159,128
176,159,128
177,159,128
178,159,128
179,159,128
180,159,128
181,159,128
182,159,128
183,159,128
184,159,128
185,159,128
186,159,128
187,159,128
188,159,128
189,159,128
190,159,128
191,159,128
192,159,128
193,159,128
194,159,128
195,159,128
196,159,128
197,159,128
198,159,128
199,159,128
200,159,128
201,159,128
202,159,128
203,159,128
204,159,128
205,159,128
206,159,128
207,159,128
208,159,128
209,159,128
210,159,128
211,159,128
212,159,128
213,159,128
214,159,128
215,159,128
216,159,128
217,159,128
218,159,128
219,159,128
220,159,128
221,159,128
222,159,128
223,159,128
224,159,128
225,159,128
226,159,128
227,159,128
228,159,128
229,159,128
230,159,128
231,159,128
232,159,128
233,159,128
234,159,128
235,159,128
236,159,128
237,159,128
238,159,128
239,159,128
240,159,128
241,159,128
242,159,128
243,159,128
244,159,128
245,159,128
246,159,128
247,159,128
248,159,128
249,159,128
250,159,128
251,159,128
252,159,128
253,159,128
254,159,128
255,159,128
0,160,1
1,160,1
2,160,1
3,160,2
4,160,3
5,160,3
6,160,3
7,160,3
8,160,3
9,160,3
10,160,3
11,160,3
12,160,3
13,160,3
14,160,3
15,160,4
16,160,4
17,160,4
18,160,4
19,160,4
20,160,4
21,160,4
22,160,4
23,160,4
24,160,4
25,160,4
26,160,4
27,160,4
28,160,4
29,160,4
30,160,4
31,160,4
32,160,4
33,160,4
34,160,4
35,160,4
36,160,4
37,160,4
38,160,4
39,160,4
40,160,4
41,160,4
42,160,4
43,160,4
44,160,4
45,160,4
46,160,4
47,160,4
48,160,4
49,160,4
50,160,4
51,160,4
52,160,4
53,160,5
54,160,5
55,160,5
56,160,5
57,160,5
58,160,5
59,160,5
60,160,5
61,160,5
62,160,5
63,160,5
64,160,5
65,160,5
66,160,5
67,160,5
68,160,5
69,160,5
70,160,5
71,160,5
72,160,5
73,160,5
74,160,5
75,160,5
76,160,5
77,160,5
78,160,6
79,160,6
80,160,6
81,160,6
82,160,6
83,160,7
84,160,7
85,160,7
86,160,7
87,160,7
88,160,7
89,160,7
90,160,7
91,160,7
92,160,8
93,160,8
94,160,9
95,160,9
96,160,9
97,160,9
98,160,10
99,160,11
100,160,13
101,160,14
102,160,15
103,160,17
104,160,24
105,160,45
106,160,128
107,160,128
108,160,128
109,160,128
110,160,128
111,160,128
112,160,128
113,160,128
114,160,99
115,160,25
116,160,23
117,160,39
118,160,38
119,160,32
120,160,128
121,160,128
122,160,56
123,160,110
124,160,128
125,160,128
126,160,128
127,160,128
128,160,128
129,160,128
130,160,128
131,160,128
132,160,128
133,160,87
134,160,128
135,160,104
136,160,35
137,160,128
138,160,128
139,160,128
140,160,62
141,160,23
142,160,19
143,160,20
144,160,24
145,160,40
146,160,17
147,160,14
148,160,13
149,160,12
150,160,12
151,160,11
152,160,11
153,160,11
154,160,11
155,160,11
156,160,12
157,160,12
158,160,12
159,160,12
160,160,13
161,160,15
162,160,43
163,160,66
164,160,70
165,160,41
166,160,128
167,160,128
168,160,128
169,160,128
170,160,128
171,160,128
172,160,128
173,160,128
174,160,128
175,160,128
176,160,128
177,160,128
178,160,128
179,160,128
180,160,128
181,160,128
182,160,128
183,160,128
184,160,128
185,160,128
186,160,128
187,160,128
188,160,128
189,160,128
190,160,128
191,160,128
192,160,128
193,160,128
194,160,128
195,160,128
196,160,128
197,160,128
198,160,128
199,160,128
200,160,128
201,160,128
202,160,128
203,160,128
204,160,128
205,160,128
206,160,128
207,160,128
208,160,128
209,160,128
210,160,128
211,160,128
212,160,128
213,160,128
214,160,128
215,160,128
216,160,128
217,160,128
218,160,128
219,160,128
220,160,128
221,160,128
222,160,128
223,160,128
224,160,128
225,160,128
226,160,128
227,160,128
228,160,128
229,160,128
230,160,128
231,160,128
232,160,128
233,160,128
234,160,128
235,160,128
236,160,128
237,160,128
238,160,128
239,160,128
240,160,128
241,160,128
242,160,128
243,160,128
244,160,128
245,160,128
246,160,128
247,160,128
248,160,128
249,160,128
250,160,128
251,160,128
252,160,128
253,160,128
254,160,128
255,160,128
0,161,1
1,161,1
2,161,1
3,161,2
4,161,3
5,161,3
6,161,3
7,161,3
8,161,3
9,161,3
10,161,3
11,161,3
12,161,3
13,161,3
14,161,3
15,161,3
16,161,4
17,161,4
18,161,4
19,161,4
20,161,4
21,161,4
22,161,4
23,161,4
24,161,4
25,161,4
26,161,4
27,161,4
28,161,4
29,161,4
30,161,4
31,161,4
32,161,4
33,161,4
34,161,4
35,161,4
36,161,4
37,161,4
38,161,4
39,161,4
40,161,4
41,161,4
42,161,4
43,161,4
44,161,4
45,161,4
46,161,4
47,161,4
48,161,4
49,161,4
50,161,4
51,161,4
52,161,4
53,161,4
54,161,5
55,161,5
56,161,5
57,161,5
58,161,5
59,161,5
60,161,5
61,161,5
62,161,5
63,161,5
64,161,5
65,161,5
66,161,5
67,161,5
68,161,5
69,161,5
70,161,5
71,161,5
72,161,5
73,161,5
74,161,5
75,161,5
76,161,5
77,161,5
78,161,6
79,161,6
80,161,6
81,161,6
82,161,6
83,161,6
84,161,7
85,161,7
86,161,7
87,161,7
88,161,7
89,161,7
90,161,7
91,161,7
92,161,8
93,161,8
94,161,9
95,161,9
96,161,9
97,161,9
98,161,10
99,161,11
100,161,12
101,161,12
102,161,13
103,161,16
104,161,45
105,161,25
106,161,32
107,161,52
108,161,128
109,161,128
110,161,128
111,161,128
112,161,128
113,161,128
114,161,128
115,161,23
116,161,20
117,161,22
118,161,21
119,161,29
120,161,48
121,161,98
122,161,29
123,161,47
124,161,31
125,161,33
126,161,128
127,161,128
128,161,128
129,161,128
130,161,128
131,161,32
132,161,39
133,161,128
134,161,109
135,161,25
136,161,28
137,161,128
138,161,122
139,161,128
140,161,33
141,161,52
142,161,17
143,161,19
144,161,27
145,161,19
146,161,15
147,161,13
148,161,12
149,161,11
150,161,11
151,161,11
152,161,11
153,161,11
154,161,11
155,161,11
156,161,11
157,161,12
158,161,12
159,161,12
160,161,12
161,161,14
162,161,16
163,161,37
164,161,25
165,161,37
166,161,86
167,161,128
168,161,128
169,161,128
170,161,128
171,161,128
172,161,128
173,161,128
174,161,128
175,161,128
176,161,128
177,161,128
178,161,128
179,161,128
180,161,128
181,161,128
182,161,128
183,161,128
184,161,128
185,161,128
186,161,128
187,161,128
188,161,128
189,161,128
190,161,128
191,161,128
192,161,128
193,161,128
194,161,128
195,161,128
196,161,128
197,161,128
198,161,128
199,161,128
200,161,128
201,161,128
202,161,128
203,161,128
204,161,128
205,161,128
206,161,128
207,161,128
208,161,128
209,161,128
210,161,128
211,161,128
212,161,128
213,161,128
214,161,128
215,161,128
216,161,128
217,161,128
218,161,128
219,161,128
220,161,128
221,161,128
222,161,128
223,161,128
224,161,128
225,161,128
226,161,128
227,161,128
228,161,128
229,161,128
230,161,128
231,161,128
232,161,128
233,161,128
234,161,128
235,161,128
236,161,128
237,161,128
238,161,128
239,161,128
240,161,128
241,161,128
242,161,128
243,161,128
244,161,128
245,161,128
246,161,128
247,161,128
248,161,128
249,161,128
250,161,128
251,161,128
252,161,128
253,161,128
254,161,128
255,161,128
0,162,1
1,162,1
2,162,1
3,162,2
4,162,3
5,162,3
6,162,3
7,162,3
8,162,3
9,162,3
10,162,3
11,162,3
12,162,3
13,162,3
14,162,3
15,162,3
16,162,3
17,162,4
18,162,4
19,162,4
20,162,4
21,162,4
22,162,4
23,162,4
24,162,4
25,162,4
26,162,4
27,162,4
28,162,4
29,162,4
30,162,4
31,162,4
32,162,4
33,162,4
34,162,4
35,162,4
36,162,4
37,162,4
38,162,4
39,162,4
40,162,4
41,162,4
42,162,4
43,162,4
44,162,4
45,162,4
46,162,4
47,162,4
48,162,4
49,162,4
50,162,4
51,162,4
52,162,4
53,162,4
54,162,4
55,162,5
56,162,5
57,162,5
58,162,5
59,162,5
60,162,5
61,162,5
62,162,5
63,162,5
64,162,5
65,162,5
66,162,5
67,162,5
68,162,5
69,162,5
70,162,5
71,162,5
72,162,5
73,162,5
74,162,5
75,162,5
76,162,5
77,162,5
78,162,5
79,162,6
80,162,6
81,162,6
82,162,6
83,162,6
84,162,7
85,162,7
86,162,7
87,162,7
88,162,7
89,162,7
90,162,7
91,162,8
92,162,8
93,162,8
94,162,9
95,162,9
96,162,9
97,162,9
98,162,10
99,162,11
100,162,11
101,162,12
102,162,13
103,162,14
104,162,16
105,162,19
106,162,25
107,162,35
108,162,128
109,162,128
110,162,128
111,162,128
112,162,128
113,162,128
114,162,30
115,162,20
116,162,17
117,162,17
118,162,19
119,162,25
120,162,57
121,162,54
122,162,22
123,162,22
124,162,24
125,162,118
126,162,128
127,162,128
128,162,128
129,162,128
130,162,128
131,162,31
132,162,23
133,162,30
134,162,23
135,162,21
136,162,26
137,162,85
138,162,30
139,162,39
140,162,65
141,162,28
142,162,15
143,162,16
144,162,38
145,162,41
146,162,28
147,162,12
148,162,12
149,162,11
150,162,11
151,162,11
152,162,11
153,162,11
154,162,11
155,162,11
156,162,11
157,162,11
158,162,12
159,162,12
160,162,12
161,162,13
162,162,15
163,162,17
164,162,20
165,162,26
166,162,34
167,162,128
168,162,128
169,162,128
170,162,128
171,162,128
172,162,128
173,162,128
174,162,128
175,162,128
176,162,128
177,162,128
178,162,128
179,162,128
180,162,128
181,162,128
182,162,128
183,162,128
184,162,128
185,162,128
186,162,128
187,162,128
188,162,128
189,162,128
190,162,128
191,162,128
192,162,128
193,162,128
194,162,128
195,162,128
196,162,128
197,162,128
198,162,128
199,162,128
200,162,128
201,162,128
202,162,128
203,162,128
204,162,128
205,162,128
206,162,128
207,162,128
208,162,128
209,162,128
210,162,128
211,162,128
212,162,128
213,162,128
214,162,128
215,162,128
216,162,128
217,162,128
218,162,128
219,162,128
220,162,128
221,162,128
222,162,128
223,162,128
224,162,128
225,162,128
226,162,128
227,162,128
228,162,128
229,162,128
230,162,128
231,162,128
232,162,128
233,162,128
234,162,128
235,162,128
236,162,128
237,162,128
238,162,128
239,162,128
240,162,128
241,162,128
242,162,128
243,162,128
244,162,128
245,162,128
246,162,128
247,162,128
248,162,128
249,162,128
250,162,128
251,162,128
252,162,128
253,162,128
254,162,128
255,162,128
0,163,1
1,163,1
2,163,1
3,163,2
4,163,2
5,163,3
6,163,3
7,163,3
8,163,3
9,163,3
10,163,3
11,163,3
12,163,3
13,163,3
14,163,3
15,163,3
16,163,3
17,163,3
18,163,4
19,163,4
20,163,4
21,163,4
22,163,4
23,163,4
24,163,4
25,163,4
26,163,4
27,163,4
28,163,4
29,163,4
30,163,4
31,163,4
32,163,4
33,163,4
34,163,4
35,163,4
36,163,4
37,163,4
38,163,4
39,163,4
40,163,4
41,163,4
42,163,4
43,163,4
44,163,4
45,163,4
46,163,4
47,163,4
48,163,4
49,163,4
50,163,4
51,163,4
52,163,4
53,163,4
54,163,4
55,163,4
56,163,5
57,163,5
58,163,5
59,163,5
60,163,5
61,163,5
62,163,5
63,163,5
64,163,5
65,163,5
66,163,5
67,163,5
68,163,5
69,163,5
70,163,5
71,163,5
72,163,5
73,163,5
74,163,5
75,163,5
76,163,5
77,163,5
78,163,5
79,163,6
80,163,6
81,163,6
82,163,6
83,163,6
84,163,6
85,163,7
86,163,7
87,163,7
88,163,7
89,163,7
90,163,7
91,163,8
92,163,8
93,163,8
94,163,9
95,163,9
96,163,9
97,163,9
98,163,10
99,163,11
100,163,11
101,163,12
102,163,13
103,163,14
104,163,15
105,163,19
106,163,23
107,163,39
108,163,128
109,163,128
110,163,36
111,163,128
112,163,33
113,163,59
114,163,21
115,163,18
116,163,15
117,163,16
118,163,22
119,163,24
120,163,19
121,163,18
122,163,17
123,163,19
124,163,22
125,163,28
126,163,126
127,163,128
128,163,128
129,163,128
130,163,128
131,163,79
132,163,20
133,163,25
134,163,18
135,163,17
136,163,19
137,163,21
138,163,59
139,163,71
140,163,67
141,163,52
142,163,13
143,163,13
144,163,15
145,163,15
146,163,14
147,163,12
148,163,11
149,163,11
150,163,10
151,163,10
152,163,10
153,163,10
154,163,10
155,163,11
156,163,11
157,163,11
158,163,11
159,163,12
160,163,12
161,163,13
162,163,15
163,163,20
164,163,75
165,163,69
166,163,128
167,163,128
168,163,128
169,163,128
170,163,128
171,163,128
172,163,128
173,163,128
174,163,128
175,163,128
176,163,128
177,163,128
178,163,128
179,163,128
180,163,128
181,163,128
182,163,128
183,163,128
184,163,128
185,163,128
186,163,128
187,163,128
188,163,128
189,163,128
190,163,128
191,163,128
192,163,128
193,163,128
194,163,128
195,163,128
196,163,128
197,163,128
198,163,128
199,163,128
200,163,128
201,163,128
202,163,128
203,163,128
204,163,128
205,163,128
206,163,128
207,163,128
208,163,128
209,163,128
210,163,128
211,163,128
212,163,128
213,163,128
214,163,128
215,163,128
216,163,128
217,163,128
218,163,128
219,163,128
220,163,128
221,163,128
222,163,128
223,163,128
224,163,128
225,163,128
226,163,128
227,163,128
228,163,128
229,163,128
230,163,128
231,163,128
232,163,128
233,163,128
234,163,128
235,163,128
236,163,128
237,163,128
238,163,128
239,163,128
240,163,128
241,163,128
242,163,128
243,163,128
244,163,128
245,163,128
246,163,128
247,163,128
248,163,128
249,163,128
250,163,128
251,163,128
252,163,128
253,163,128
254,163,128
255,163,128
0,164,1
1,164,1
2,164,1
3,164,2
4,164,2
5,164,3
6,164,3
7,164,3
8,164,3
9,164,3
10,164,3
11,164,3
12,164,3
13,164,3
14,164,3
15,164,3
16,164,3
17,164,3
18,164,3
19,164,3
20,164,4
21,164,4
22,164,4
23,164,4
24,164,4
25,164,4
26,164,4
27,164,4
28,164,4
29,164,4
30,164,4
31,164,4
32,164,4
33,164,4
34,164,4
35,164,4
36,164,4
37,164,4
38,164,4
39,164,4
40,164,4
41,164,4
42,164,4
43,164,4
44,164,4
45,164,4
46,164,4
47,164,4
48,164,4
49,164,4
50,164,4
51,164,4
52,164,4
53,164,4
54,164,4
55,164,4
56,164,4
57,164,5
58,164,5
59,164,5
60,164,5
61,164,5
62,164,5
63,164,5
64,164,5
65,164,5
66,164,5
67,164,5
68,164,5
69,164,5
70,164,5
71,164,5
72,164,5
73,164,5
74,164,5
75,164,5
76,164,5
77,164,5
78,164,5
79,164,6
80,164,6
81,164,6
82,164,6
83,164,6
84,164,6
85,164,7
86,164,7
87,164,7
88,164,7
89,164,7
90,164,7
91,164,8
92,164,8
93,164,8
94,164,9
95,164,9
96,164,9
97,164,10
98,164,10
99,164,11
100,164,11
101,164,12
102,164,14
103,164,15
104,164,16
105,164,18
106,164,21
107,164,31
108,164,51
109,164,36
110,164,39
111,164,22
112,164,30
113,164,28
114,164,36
115,164,15
116,164,14
117,164,15
118,164,26
119,164,19
120,164,15
121,164,15
122,164,16
123,164,23
124,164,71
125,164,115
126,164,51
127,164,128
128,164,128
129,164,61
130,164,34
131,164,31
132,164,17
133,164,16
134,164,15
135,164,16
136,164,18
137,164,20
138,164,24
139,164,29
140,164,27
141,164,14
142,164,12
143,164,12
144,164,12
145,164,12
146,164,11
147,164,10
148,164,10
149,164,10
150,164,10
151,164,10
152,164,10
153,164,10
154,164,10
155,164,10
156,164,10
157,164,11
158,164,11
159,164,11
160,164,12
161,164,13
162,164,46
163,164,43
164,164,46
165,164,128
166,164,128
167,164,128
168,164,128
169,164,128
170,164,128
171,164,128
172,164,128
173,164,128
174,164,128
175,164,128
176,164,128
177,164,128
178,164,128
179,164,128
180,164,128
181,164,128
182,164,128
183,164,128
184,164,128
185,164,128
186,164,128
187,164,128
188,164,128
189,164,128
190,164,128
191,164,128
192,164,128
193,164,128
194,164,128
195,164,128
196,164,128
197,164,128
198,164,128
199,164,128
200,164,128
201,164,128
202,164,128
203,164,128
204,164,128
205,164,128
206,164,128
207,164,128
208,164,128
209,164,128
210,164,128
211,164,128
212,164,128
213,164,128
214,164,128
215,164,128
216,164,128
217,164,128
218,164,128
219,164,128
220,164,128
221,164,128
222,164,128
223,164,128
224,164,128
225,164,128
226,164,128
227,164,128
228,164,128
229,164,128
230,164,128
231,164,128
232,164,128
233,164,128
234,164,128
235,164,128
236,164,128
237,164,128
238,164,128
239,164,128
240,164,128
241,164,128
242,164,128
243,164,128
244,164,128
245,164,128
246,164,128
247,164,128
248,164,128
249,164,128
250,164,128
251,164,128
252,164,128
253,164,128
254,164,128
255,164,128
0,165,1
1,165,1
2,165,1
3,165,2
4,165,2
5,165,3
6,165,3
7,165,3
8,165,3
9,165,3
10,165,3
11,165,3
12,165,3
13,165,3
14,165,3
15,165,3
16,165,3
17,165,3
18,165,3
19,165,3
20,165,3
21,165,4
22,165,4
23,165,4
24,165,4
25,165,4
26,165,4
27,165,4
28,165,4
29,165,4
30,165,4
31,165,4
32,165,4
33,165,4
34,165,4
35,165,4
36,165,4
37,165,4
38,165,4
39,165,4
40,165,4
41,165,4
42,165,4
43,165,4
44,165,4
45,165,4
46,165,4
47,165,4
48,165,4
49,165,4
50,165,4
51,165,4
52,165,4
53,165,4
54,165,4
55,165,4
56,165,4
57,165,4
58,165,5
59,165,5
60,165,5
61,165,5
62,165,5
63,165,5
64,165,5
65,165,5
66,165,5
67,165,5
68,165,5
69,165,5
70,165,5
71,165,5
72,165,5
73,165,5
74,165,5
75,165,5
76,165,5
77,165,5
78,165,5
79,165,5
80,165,6
81,165,6
82,165,6
83,165,6
84,165,6
85,165,6
86,165,7
87,165,7
88,165,7
89,165,7
90,165,7
91,165,8
92,165,8
93,165,8
94,165,9
95,165,9
96,165,9
97,165,10
98,165,10
99,165,11
100,165,11
101,165,12
102,165,31
103,165,50
104,165,19
105,165,20
106,165,25
107,165,30
108,165,40
109,165,23
110,165,21
111,165,18
112,165,21
113,165,33
114,165,15
115,165,13
116,165,13
117,165,13
118,165,14
119,165,14
120,165,14
121,165,14
122,165,15
123,165,39
124,165,18
125,165,29
126,165,32
127,165,39
128,165,59
129,165,45
130,165,25
131,165,30
132,165,17
133,165,15
134,165,15
135,165,16
136,165,19
137,165,26
138,165,32
139,165,24
140,165,14
141,165,12
142,165,11
143,165,11
144,165,11
145,165,10
146,165,10
147,165,10
148,165,10
149,165,9
150,165,10
151,165,10
152,165,10
153,165,10
154,165,10
155,165,10
156,165,10
157,165,10
158,165,10
159,165,11
160,165,11
161,165,15
162,165,55
163,165,50
164,165,90
165,165,128
166,165,79
167,165,128
168,165,128
169,165,128
170,165,128
171,165,128
172,165,128
173,165,128
174,165,128
175,165,128
176,165,128
177,165,128
178,165,128
179,165,128
180,165,128
181,165,128
182,165,128
183,165,128
184,165,128
185,165,128
186,165,128
187,165,128
188,165,128
189,165,128
190,165,128
191,165,128
192,165,128
193,165,128
194,165,128
195,165,128
196,165,128
197,165,128
198,165,128
199,165,128
200,165,128
201,165,128
202,165,128
203,165,128
204,165,128
205,165,128
206,165,128
207,165,128
208,165,128
209,165,128
210,165,128
211,165,128
212,165,128
213,165,128
214,165,128
215,165,128
216,165,128
217,165,128
218,165,128
219,165,128
220,165,128
221,165,128
222,165,128
223,165,128
224,165,128
225,165,128
226,165,128
227,165,128
228,165,128
229,165,128
230,165,128
231,165,128
232,165,128
233,165,128
234,165,128
235,165,128
236,165,128
237,165,128
238,165,128
239,165,128
240,165,128
241,165,128
242,165,128
243,165,128
244,165,128
245,165,128
246,165,128
247,165,128
248,165,128
249,165,128
250,165,128
251,165,128
252,165,128
253,165,128
254,165,128
255,165,128
0,166,1
1,166,1
2,166,1
3,166,2
4,166,2
5,166,3
6,166,3
7,166,3
8,166,3
9,166,3
10,166,3
11,166,3
12,166,3
13,166,3
14,166,3
15,166,3
16,166,3
17,166,3
18,166,3
19,166,3
20,166,3
21,166,3
22,166,4
23,166,4
24,166,4
25,166,4
26,166,4
27,166,4
28,166,4
29,166,4
30,166,4
31,166,4
32,166,4
33,166,4
34,166,4
35,166,4
36,166,4
37,166,4
38,166,4
39,166,4
40,166,4
41,166,4
42,166,4
43,166,4
44,166,4
45,166,4
46,166,4
47,166,4
48,166,4
49,166,4
50,166,4
51,166,4
52,166,4
53,166,4
54,166,4
55,166,4
56,166,4
57,166,4
58,166,4
59,166,5
60,166,5
61,166,5
62,166,5
63,166,5
64,166,5
65,166,5
66,166,5
67,166,5
68,166,5
69,166,5
70,166,5
71,166,5
72,166,5
73,166,5
74,166,5
75,166,5
76,166,5
77,166,5
78,166,5
79,166,5
80,166,6
81,166,6
82,166,6
83,166,6
84,166,6
85,166,6
86,166,6
87,166,7
88,166,7
89,166,7
90,166,7
91,166,8
92,166,8
93,166,8
94,166,9
95,166,9
96,166,10
97,166,10
98,166,11
99,166,11
100,166,12
101,166,13
102,166,15
103,166,19
104,166,25
105,166,25
106,166,42
107,166,26
108,166,29
109,166,19
110,166,17
111,166,16
112,166,18
113,166,17
114,166,14
115,166,13
116,166,12
117,166,12
118,166,12
119,166,12
120,166,13
121,166,13
122,166,13
123,166,15
124,166,16
125,166,17
126,166,21
127,166,24
128,166,32
129,166,39
130,166,29
131,166,17
132,166,14
133,166,13
134,166,13
135,166,14
136,166,72
137,166,21
138,166,17
139,166,14
140,166,12
141,166,11
142,166,11
143,166,10
144,166,10
145,166,10
146,166,9
147,166,9
148,166,9
149,166,9
150,166,9
151,166,9
152,166,9
153,166,9
154,166,10
155,166,10
156,166,10
157,166,10
158,166,10
159,166,10
160,166,11
161,166,12
162,166,14
163,166,19
164,166,78
165,166,70
166,166,88
167,166,51
168,166,128
169,166,128
170,166,128
171,166,128
172,166,128
173,166,128
174,166,128
175,166,128
176,166,128
177,166,128
178,166,128
179,166,128
180,166,128
181,166,128
182,166,128
183,166,128
184,166,128
185,166,128
186,166,128
187,166,128
188,166,128
189,166,128
190,166,128
191,166,128
192,166,128
193,166,128
194,166,128
195,166,128
196,166,128
197,166,128
198,166,128
199,166,128
200,166,128
201,166,128
202,166,128
203,166,128
204,166,128
205,166,128
206,166,128
207,166,128
208,166,128
209,166,128
210,166,128
211,166,128
212,166,128
213,166,128
214,166,128
215,166,128
216,166,128
217,166,128
218,166,128
219,166,128
220,166,128
221,166,128
222,166,128
223,166,128
224,166,128
225,166,128
226,166,128
227,166,128
228,166,128
229,166,128
230,166,128
231,166,128
232,166,128
233,166,128
234,166,128
235,166,128
236,166,128
237,166,128
238,166,128
239,166,128
240,166,128
241,166,128
242,166,128
243,166,128
244,166,128
245,166,128
246,166,128
247,166,128
248,166,128
249,166,128
250,166,128
251,166,128
252,166,128
253,166,128
254,166,128
255,166,128
0,167,1
1,167,1
2,167,1
3,167,2
4,167,2
5,167,2
6,167,3
7,167,3
8,167,3
9,167,3
10,167,3
11,167,3
12,167,3
13,167,3
14,167,3
15,167,3
16,167,3
17,167,3
18,167,3
19,167,3
20,167,3
21,167,3
22,167,3
23,167,3
24,167,4
25,167,4
26,167,4
27,167,4
28,167,4
29,167,4
30,167,4
31,167,4
32,167,4
33,167,4
34,167,4
35,167,4
36,167,4
37,167,4
38,167,4
39,167,4
40,167,4
41,167,4
42,167,4
43,167,4
44,167,4
45,167,4
46,167,4
47,167,4
48,167,4
49,167,4
50,167,4
51,167,4
52,167,4
53,167,4
54,167,4
55,167,4
56,167,4
57,167,4
58,167,4
59,167,4
60,167,5
61,167,5
62,167,5
63,167,5
64,167,5
65,167,5
66,167,5
67,167,5
68,167,5
69,167,5
70,167,5
71,167,5
72,167,5
73,167,5
74,167,5
75,167,5
76,167,5
77,167,5
78,167,5
79,167,5
80,167,6
81,167,6
82,167,6
83,167,6
84,167,6
85,167,6
86,167,6
87,167,7
88,167,7
89,167,7
90,167,7
91,167,8
92,167,8
93,167,8
94,167,9
95,167,10
96,167,10
97,167,11
98,167,12
99,167,12
100,167,13
101,167,13
102,167,15
103,167,26
104,167,68
105,167,23
106,167,18
107,167,20
108,167,47
109,167,33
110,167,16
111,167,14
112,167,14
113,167,30
114,167,15
115,167,12
116,167,11
117,167,11
118,167,11
119,167,11
120,167,12
121,167,13
122,167,13
123,167,14
124,167,15
125,167,19
126,167,26
127,167,29
128,167,40
129,167,128
130,167,21
131,167,18
132,167,13
133,167,12
134,167,12
135,167,13
136,167,28
137,167,24
138,167,16
139,167,14
140,167,12
141,167,11
142,167,10
143,167,10
144,167,9
145,167,9
146,167,9
147,167,9
148,167,9
149,167,9
150,167,9
151,167,9
152,167,9
153,167,9
154,167,9
155,167,10
156,167,10
157,167,10
158,167,10
159,167,10
160,167,11
161,167,11
162,167,12
163,167,14
164,167,64
165,167,26
166,167,21
167,167,23
168,167,93
169,167,128
170,167,128
171,167,128
172,167,128
173,167,128
174,167,128
175,167,128
176,167,128
177,167,128
178,167,128
179,167,128
180,167,128
181,167,128
182,167,128
183,167,128
184,167,128
185,167,128
186,167,128
187,167,128
188,167,128
189,167,128
190,167,128
191,167,128
192,167,128
193,167,128
194,167,128
195,167,128
196,167,128
197,167,128
198,167,128
199,167,128
200,167,128
201,167,128
202,167,128
203,167,128
204,167,128
205,167,128
206,167,128
207,167,128
208,167,128
209,167,128
210,167,128
211,167,128
212,167,128
213,167,128
214,167,128
215,167,128
216,167,128
217,167,128
218,167,128
219,167,128
220,167,128
221,167,128
222,167,128
223,167,128
224,167,128
225,167,128
226,167,128
227,167,128
228,167,128
229,167,128
230,167,128
231,167,128
232,167,128
233,167,128
234,167,128
235,167,128
236,167,128
237,167,128
238,167,128
239,167,128
240,167,128
241,167,128
242,167,128
243,167,128
244,167,128
245,167,128
246,167,128
247,167,128
248,167,128
249,167,128
250,167,128
251,167,128
252,167,128
253,167,128
254,167,128
255,167,128
0,168,1
1,168,1
2,168,1
3,168,1
4,168,2
5,168,2
6,168,3
7,168,3
8,168,3
9,168,3
10,168,3
11,168,3
12,168,3
13,168,3
14,168,3
15,168,3
16,168,3
17,168,3
18,168,3
19,168,3
20,168,3
21,168,3
22,168,3
23,168,3
24,168,3
25,168,4
26,168,4
27,168,4
28,168,4
29,168,4
30,168,4
31,168,4
32,168,4
33,168,4
34,168,4
35,168,4
36,168,4
37,168,4
38,168,4
39,168,4
40,168,4
41,168,4
42,168,4
43,168,4
44,168,4
45,168,4
46,168,4
47,168,4
48,168,4
49,168,4
50,168,4
51,168,4
52,168,4
53,168,4
54,168,4
55,168,4
56,168,4
57,168,4
58,168,4
59,168,4
60,168,4
61,168,4
62,168,5
63,168,5
64,168,5
65,168,5
66,168,5
67,168,5
68,168,5
69,168,5
70,168,5
71,168,5
72,168,5
73,168,5
74,168,5
75,168,5
76,168,5
77,168,5
78,168,5
79,168,5
80,168,6
81,168,6
82,168,6
83,168,6
84,168,6
85,168,6
86,168,6
87,168,6
88,168,7
89,168,7
90,168,8
91,168,8
92,168,8
93,168,8
94,168,9
95,168,11
96,168,11
97,168,15
98,168,15
99,168,16
100,168,15
101,168,17
102,168,20
103,168,30
104,168,19
105,168,17
106,168,15
107,168,20
108,168,18
109,168,30
110,168,14
111,168,13
112,168,12
113,168,12
114,168,12
115,168,11
116,168,11
117,168,11
118,168,11
119,168,11
120,168,11
121,168,12
122,168,13
123,168,14
124,168,15
125,168,17
126,168,24
127,168,68
128,168,20
129,168,21
130,168,29
131,168,13
132,168,11
133,168,11
134,168,11
135,168,12
136,168,15
137,168,39
138,168,24
139,168,23
140,168,11
141,168,10
142,168,10
143,168,9
144,168,9
145,168,9
146,168,9
147,168,9
148,168,9
149,168,9
150,168,9
151,168,9
152,168,9
153,168,9
154,168,9
155,168,9
156,168,10
157,168,10
158,168,10
159,168,10
160,168,10
161,168,11
162,168,12
163,168,13
164,168,15
165,168,20
166,168,18
167,168,20
168,168,84
169,168,96
170,168,128
171,168,128
172,168,128
173,168,128
174,168,128
175,168,128
176,168,128
177,168,128
178,168,128
179,168,128
180,168,128
181,168,128
182,168,128
183,168,128
184,168,128
185,168,128
186,168,128
187,168,128
188,168,128
189,168,128
190,168,128
191,168,128
192,168,128
193,168,128
194,168,128
195,168,128
196,168,128
197,168,128
198,168,128
199,168,128
200,168,128
201,168,128
202,168,128
203,168,128
204,168,128
205,168,128
206,168,128
207,168,128
208,168,128
209,168,128
210,168,128
211,168,128
212,168,128
213,168,128
214,168,128
215,168,128
216,168,128
217,168,128
218,168,128
219,168,128
220,168,128
221,168,128
222,168,128
223,168,128
224,168,128
225,168,128
226,168,128
227,168,128
228,168,128
229,168,128
230,168,128
231,168,128
232,168,128
233,168,128
234,168,128
235,168,128
236,168,128
237,168,128
238,168,128
239,168,128
240,168,128
241,168,128
242,168,128
243,168,128
244,168,128
245,168,128
246,168,128
247,168,128
248,168,128
249,168,128
250,168,128
251,168,128
252,168,128
253,168,128
254,168,128
255,168,128
0,169,1
1,169,1
2,169,1
3,169,1
4,169,2
5,169,2
6,169,3
7,169,3
8,169,3
9,169,3
10,169,3
11,169,3
12,169,3
13,169,3
14,169,3
15,169,3
16,169,3
17,169,3
18,169,3
19,169,3
20,169,3
21,169,3
22,169,3
23,169,3
24,169,3
25,169,3
26,169,3
27,169,4
28,169,4
29,169,4
30,169,4
31,169,4
32,169,4
33,169,4
34,169,4
35,169,4
36,169,4
37,169,4
38,169,4
39,169,4
40,169,4
41,169,4
42,169,4
43,169,4
44,169,4
45,169,4
46,169,4
47,169,4
48,169,4
49,169,4
50,169,4
51,169,4
52,169,4
53,169,4
54,169,4
55,169,4
56,169,4
57,169,4
58,169,4
59,169,4
60,169,4
61,169,4
62,169,4
63,169,5
64,169,5
65,169,5
66,169,5
67,169,5
68,169,5
69,169,5
70,169,5
71,169,5
72,169,5
73,169,5
74,169,5
75,169,5
76,169,5
77,169,5
78,169,5
79,169,5
80,169,5
81,169,6
82,169,6
83,169,6
84,169,6
85,169,6
86,169,6
87,169,6
88,169,7
89,169,7
90,169,8
91,169,8
92,169,8
93,169,8
94,169,11
95,169,19
96,169,14
97,169,17
98,169,18
99,169,15
100,169,50
101,169,21
102,169,17
103,169,35
104,169,14
105,169,15
106,169,13
107,169,13
108,169,15
109,169,29
110,169,13
111,169,11
112,169,11
113,169,10
114,169,10
115,169,10
116,169,10
117,169,10
118,169,10
119,169,11
120,169,11
121,169,12
122,169,13
123,169,15
124,169,17
125,169,18
126,169,26
127,169,27
128,169,15
129,169,23
130,169,14
131,169,12
132,169,11
133,169,11
134,169,10
135,169,10
136,169,11
137,169,12
138,169,32
139,169,13
140,169,10
141,169,10
142,169,9
143,169,9
144,169,9
145,169,9
146,169,9
147,169,9
148,169,9
149,169,9
150,169,9
151,169,9
152,169,9
153,169,9
154,169,9
155,169,9
156,169,9
157,169,10
158,169,10
159,169,10
160,169,10
161,169,11
162,169,12
163,169,12
164,169,14
165,169,15
166,169,17
167,169,20
168,169,25
169,169,36
170,169,48
171,169,128
172,169,128
173,169,128
174,169,128
175,169,128
176,169,128
177,169,128
178,169,128
179,169,128
180,169,128
181,169,128
182,169,128
183,169,128
184,169,128
185,169,128
186,169,128
187,169,128
188,169,128
189,169,128
190,169,128
191,169,128
192,169,128
193,169,128
194,169,128
195,169,128
196,169,128
197,169,128
198,169,128
199,169,128
200,169,128
201,169,128
202,169,128
203,169,128
204,169,128
205,169,128
206,169,128
207,169,128
208,169,128
209,169,128
210,169,128
211,169,128
212,169,128
213,169,128
214,169,128
215,169,128
216,169,128
217,169,128
218,169,128
219,169,128
220,169,128
221,169,128
222,169,128
223,169,128
224,169,128
225,169,128
226,169,128
227,169,128
228,169,128
229,169,128
230,169,128
231,169,128
232,169,128
233,169,128
234,169,128
235,169,128
236,169,128
237,169,128
238,169,128
239,169,128
240,169,128
241,169,128
242,169,128
243,169,128
244,169,128
245,169,128
246,169,128
247,169,128
248,169,128
249,169,128
250,169,128
251,169,128
252,169,128
253,169,128
254,169,128
255,169,128
0,170,1
1,170,1
2,170,1
3,170,1
4,170,2
5,170,2
6,170,3
7,170,3
8,170,3
9,170,3
10,170,3
11,170,3
12,170,3
13,170,3
14,170,3
15,170,3
16,170,3
17,170,3
18,170,3
19,170,3
20,170,3
21,170,3
22,170,3
23,170,3
24,170,3
25,170,3
26,170,3
27,170,3
28,170,3
29,170,4
30,170,4
31,170,4
32,170,4
33,170,4
34,170,4
35,170,4
36,170,4
37,170,4
38,170,4
39,170,4
40,170,4
41,170,4
42,170,4
43,170,4
44,170,4
45,170,4
46,170,4
47,170,4
48,170,4
49,170,4
50,170,4
51,170,4
52,170,4
53,170,4
54,170,4
55,170,4
56,170,4
57,170,4
58,170,4
59,170,4
60,170,4
61,170,4
62,170,4
63,170,4
64,170,5
65,170,5
66,170,5
67,170,5
68,170,5
69,170,5
70,170,5
71,170,5
72,170,5
73,170,5
74,170,5
75,170,5
76,170,5
77,170,5
78,170,5
79,170,5
80,170,5
81,170,6
82,170,6
83,170,6
84,170,6
85,170,6
86,170,6
87,170,6
88,170,6
89,170,7
90,170,8
91,170,8
92,170,8
93,170,9
94,170,11
95,170,14
96,170,24
97,170,17
98,170,14
99,170,12
100,170,13
101,170,13
102,170,13
103,170,23
104,170,12
105,170,11
106,170,11
107,170,12
108,170,24
109,170,14
110,170,11
111,170,10
112,170,10
113,170,9
114,170,9
115,170,9
116,170,9
117,170,9
118,170,10
119,170,10
120,170,11
121,170,12
122,170,15
123,170,27
124,170,21
125,170,43
126,170,18
127,170,17
128,170,13
129,170,12
130,170,25
131,170,10
132,170,10
133,170,10
134,170,10
135,170,10
136,170,10
137,170,10
138,170,11
139,170,11
140,170,10
141,170,9
142,170,9
143,170,9
144,170,9
145,170,9
146,170,9
147,170,9
148,170,9
149,170,9
150,170,9
151,170,9
152,170,9
153,170,9
154,170,9
155,170,9
156,170,9
157,170,9
158,170,10
159,170,10
160,170,10
161,170,11
162,170,11
163,170,12
164,170,13
165,170,15
166,170,18
167,170,37
168,170,128
169,170,128
170,170,128
171,170,128
172,170,128
173,170,128
174,170,128
175,170,128
176,170,128
177,170,128
178,170,128
179,170,128
180,170,128
181,170,128
182,170,128
183,170,128
184,170,128
185,170,128
186,170,128
187,170,128
188,170,128
189,170,128
190,170,128
191,170,128
192,170,128
193,170,128
194,170,128
195,170,128
196,170,128
197,170,128
198,170,128
199,170,128
200,170,128
201,170,128
202,170,128
203,170,128
204,170,128
205,170,128
206,170,128
207,170,128
208,170,128
209,170,128
210,170,128
211,170,128
212,170,128
213,170,128
214,170,128
215,170,128
216,170,128
217,170,128
218,170,128
219,170,128
220,170,128
221,170,128
222,170,128
223,170,128
224,170,128
225,170,128
226,170,128
227,170,128
228,170,128
229,170,128
230,170,128
231,170,128
232,170,128
233,170,128
234,170,128
235,170,128
236,170,128
237,170,128
238,170,128
239,170,128
240,170,128
241,170,128
242,170,128
243,170,128
244,170,128
245,170,128
246,170,128
247,170,128
248,170,128
249,170,128
250,170,128
251,170,128
252,170,128
253,170,128
254,170,128
255,170,128
0,171,1
1,171,1
2,171,1
3,171,1
4,171,2
5,171,2
6,171,2
7,171,3
8,171,3
9,171,3
10,171,3
11,171,3
12,171,3
13,171,3
14,171,3
15,171,3
16,171,3
17,171,3
18,171,3
19,171,3
20,171,3
21,171,3
22,171,3
23,171,3
24,171,3
25,171,3
26,171,3
27,171,3
28,171,3
29,171,3
30,171,3
31,171,4
32,171,4
33,171,4
34,171,4
35,171,4
36,171,4
37,171,4
38,171,4
39,171,4
40,171,4
41,171,4
42,171,4
43,171,4
44,171,4
45,171,4
46,171,4
47,171,4
48,171,4
49,171,4
50,171,4
51,171,4
52,171,4
53,171,4
54,171,4
55,171,4
56,171,4
57,171,4
58,171,4
59,171,4
60,171,4
61,171,4
62,171,4
63,171,4
64,171,4
65,171,5
66,171,5
67,171,5
68,171,5
69,171,5
70,171,5
71,171,5
72,171,5
73,171,5
74,171,5
75,171,5
76,171,5
77,171,5
78,171,5
79,171,5
80,171,5
81,171,6
82,171,6
83,171,6
84,171,6
85,171,6
86,171,6
87,171,6
88,171,6
89,171,7
90,171,8
91,171,8
92,171,9
93,171,10
94,171,10
95,171,13
96,171,19
97,171,14
98,171,12
99,171,12
100,171,11
101,171,11
102,171,11
103,171,11
104,171,10
105,171,10
106,171,10
107,171,11
108,171,18
109,171,21
110,171,10
111,171,10
112,171,9
113,171,9
114,171,9
115,171,9
116,171,9
117,171,9
118,171,9
119,171,10
120,171,10
121,171,13
122,171,16
123,171,25
124,171,16
125,171,15
126,171,13
127,171,12
128,171,11
129,171,11
130,171,10
131,171,9
132,171,9
133,171,9
134,171,9
135,171,9
136,171,9
137,171,9
138,171,9
139,171,9
140,171,8
141,171,8
142,171,8
143,171,8
144,171,8
145,171,8
146,171,8
147,171,8
148,171,8
149,171,8
150,171,8
151,171,8
152,171,8
153,171,9
154,171,9
155,171,9
156,171,9
157,171,9
158,171,9
159,171,10
160,171,10
161,171,11
162,171,11
163,171,13
164,171,16
165,171,21
166,171,55
167,171,29
168,171,128
169,171,128
170,171,128
171,171,128
172,171,128
173,171,128
174,171,128
175,171,128
176,171,128
177,171,128
178,171,128
179,171,128
180,171,128
181,171,128
182,171,128
183,171,128
184,171,128
185,171,128
186,171,128
187,171,128
188,171,128
189,171,128
190,171,128
191,171,128
192,171,128
193,171,128
194,171,128
195,171,128
196,171,128
197,171,128
198,171,128
199,171,128
200,171,128
201,171,128
202,171,128
203,171,128
204,171,128
205,171,128
206,171,128
207,171,128
208,171,128
209,171,128
210,171,128
211,171,128
212,171,128
213,171,128
214,171,128
215,171,128
216,171,128
217,171,128
218,171,128
219,171,128
220,171,128
221,171,128
222,171,128
223,171,128
224,171,128
225,171,128
226,171,128
227,171,128
228,171,128
229,171,128
230,171,128
231,171,128
232,171,128
233,171,128
234,171,128
235,171,128
236,171,128
237,171,128
238,171,128
239,171,128
240,171,128
241,171,128
242,171,128
243,171,128
244,171,128
245,171,128
246,171,128
247,171,128
248,171,128
249,171,128
250,171,128
251,171,128
252,171,128
253,171,128
254,171,128
255,171,128
0,172,1
1,172,1
2,172,1
3,172,1
4,172,2
5,172,2
6,172,2
7,172,3
8,172,3
9,172,3
10,172,3
11,172,3
12,172,3
13,172,3
14,172,3
15,172,3
16,172,3
17,172,3
18,172,3
19,172,3
20,172,3
21,172,3
22,172,3
23,172,3
24,172,3
25,172,3
26,172,3
27,172,3
28,172,3
29,172,3
30,172,3
31,172,3
32,172,3
33,172,4
34,172,4
35,172,4
36,172,4
37,172,4
38,172,4
39,172,4
40,172,4
41,172,4
42,172,4
43,172,4
44,172,4
45,172,4
46,172,4
47,172,4
48,172,4
49,172,4
50,172,4
51,172,4
52,172,4
53,172,4
54,172,4
55,172,4
56,172,4
57,172,4
58,172,4
59,172,4
60,172,4
61,172,4
62,172,4
63,172,4
64,172,4
65,172,4
66,172,5
67,172,5
68,172,5
69,172,5
70,172,5
71,172,5
72,172,5
73,172,5
74,172,5
75,172,5
76,172,5
77,172,5
78,172,5
79,172,5
80,172,5
81,172,6
82,172,6
83,172,6
84,172,6
85,172,6
86,172,6
87,172,6
88,172,6
89,172,7
90,172,8
91,172,9
92,172,10
93,172,11
94,172,12
95,172,18
96,172,24
97,172,16
98,172,11
99,172,10
100,172,10
101,172,10
102,172,10
103,172,9
104,172,9
105,172,9
106,172,9
107,172,10
108,172,10
109,172,14
110,172,10
111,172,9
112,172,9
113,172,9
114,172,9
115,172,9
116,172,9
117,172,9
118,172,9
119,172,10
120,172,10
121,172,12
122,172,19
123,172,25
124,172,15
125,172,13
126,172,12
127,172,11
128,172,10
129,172,10
130,172,9
131,172,9
132,172,9
133,172,9
134,172,9
135,172,9
136,172,9
137,172,8
138,172,8
139,172,8
140,172,8
141,172,8
142,172,8
143,172,8
144,172,8
145,172,8
146,172,8
147,172,8
148,172,8
149,172,8
150,172,8
151,172,8
152,172,8
153,172,8
154,172,8
155,172,8
156,172,9
157,172,9
158,172,9
159,172,9
160,172,10
161,172,10
162,172,11
163,172,19
164,172,22
165,172,65
166,172,39
167,172,48
168,172,128
169,172,128
170,172,128
171,172,128
172,172,128
173,172,128
174,172,128
175,172,128
176,172,128
177,172,128
178,172,128
179,172,128
180,172,128
181,172,128
182,172,128
183,172,128
184,172,128
185,172,128
186,172,128
187,172,128
188,172,128
189,172,128
190,172,128
191,172,128
192,172,128
193,172,128
194,172,128
195,172,128
196,172,128
197,172,128
198,172,128
199,172,128
200,172,128
201,172,128
202,172,128
203,172,128
204,172,128
205,172,128
206,172,128
207,172,128
208,172,128
209,172,128
210,172,128
211,172,128
212,172,128
213,172,128
214,172,128
215,172,128
216,172,128
217,172,128
218,172,128
219,172,128
220,172,128
221,172,128
222,172,128
223,172,128
224,172,128
225,172,128
226,172,128
227,172,128
228,172,128
229,172,128
230,172,128
231,172,128
232,172,128
233,172,128
234,172,128
235,172,128
236,172,128
237,172,128
238,172,128
239,172,128
240,172,128
241,172,128
242,172,128
243,172,128
244,172,128
245,172,128
246,172,128
247,172,128
248,172,128
249,172,128
250,172,128
251,172,128
252,172,128
253,172,128
254,172,128
255,172,128
0,173,1
1,173,1
2,173,1
3,173,1
4,173,2
5,173,2
6,173,2
7,173,3
8,173,3
9,173,3
10,173,3
11,173,3
12,173,3
13,173,3
14,173,3
15,173,3
16,173,3
17,173,3
18,173,3
19,173,3
20,173,3
21,173,3
22,173,3
23,173,3
24,173,3
25,173,3
26,173,3
27,173,3
28,173,3
29,173,3
30,173,3
31,173,3
32,173,3
33,173,3
34,173,3
35,173,4
36,173,4
37,173,4
38,173,4
39,173,4
40,173,4
41,173,4
42,173,4
43,173,4
44,173,4
45,173,4
46,173,4
47,173,4
48,173,4
49,173,4
50,173,4
51,173,4
52,173,4
53,173,4
54,173,4
55,173,4
56,173,4
57,173,4
58,173,4
59,173,4
60,173,4
61,173,4
62,173,4
63,173,4
64,173,4
65,173,4
66,173,4
67,173,4
68,173,5
69,173,5
70,173,5
71,173,5
72,173,5
73,173,5
74,173,5
75,173,5
76,173,5
77,173,5
78,173,5
79,173,5
80,173,5
81,173,5
82,173,6
83,173,6
84,173,6
85,173,6
86,173,6
87,173,6
88,173,6
89,173,7
90,173,8
91,173,12
92,173,18
93,173,14
94,173,15
95,173,18
96,173,14
97,173,12
98,173,10
99,173,10
100,173,10
101,173,9
102,173,9
103,173,9
104,173,9
105,173,9
106,173,9
107,173,9
108,173,9
109,173,8
110,173,8
111,173,8
112,173,8
113,173,8
114,173,8
115,173,8
116,173,8
117,173,9
118,173,9
119,173,9
120,173,10
121,173,11
122,173,14
123,173,26
124,173,16
125,173,13
126,173,12
127,173,10
128,173,10
129,173,9
130,173,9
131,173,9
132,173,9
133,173,8
134,173,8
135,173,8
136,173,8
137,173,8
138,173,8
139,173,8
140,173,8
141,173,7
142,173,7
143,173,7
144,173,8
145,173,8
146,173,8
147,173,8
148,173,8
149,173,8
150,173,8
151,173,8
152,173,8
153,173,8
154,173,8
155,173,8
156,173,8
157,173,9
158,173,9
159,173,9
160,173,10
161,173,10
162,173,12
163,173,16
164,173,24
165,173,128
166,173,69
167,173,48
168,173,92
169,173,128
170,173,128
171,173,128
172,173,71
173,173,128
174,173,128
175,173,128
176,173,128
177,173,128
178,173,128
179,173,128
180,173,128
181,173,128
182,173,128
183,173,128
184,173,128
185,173,128
186,173,128
187,173,128
188,173,128
189,173,128
190,173,128
191,173,128
192,173,128
193,173,128
194,173,128
195,173,128
196,173,128
197,173,128
198,173,128
199,173,128
200,173,128
201,173,128
202,173,128
203,173,128
204,173,128
205,173,128
206,173,128
207,173,128
208,173,128
209,173,128
210,173,128
211,173,128
212,173,128
213,173,128
214,173,128
215,173,128
216,173,128
217,173,128
218,173,128
219,173,128
220,173,128
221,173,128
222,173,128
223,173,128
224,173,128
225,173,128
226,173,128
227,173,128
228,173,128
229,173,128
230,173,128
231,173,128
232,173,128
233,173,128
234,173,128
235,173,128
236,173,128
237,173,128
238,173,128
239,173,128
240,173,128
241,173,128
242,173,128
243,173,128
244,173,128
245,173,128
246,173,128
247,173,128
248,173,128
249,173,128
250,173,128
251,173,128
252,173,128
253,173,128
254,173,128
255,173,128
0,174,1
1,174,1
2,174,1
3,174,1
4,174,1
5,174,2
6,174,2
7,174,2
8,174,3
9,174,3
10,174,3
11,174,3
12,174,3
13,174,3
14,174,3
15,174,3
16,174,3
17,174,3
18,174,3
19,174,3
20,174,3
21,174,3
22,174,3
23,174,3
24,174,3
25,174,3
26,174,3
27,174,3
28,174,3
29,174,3
30,174,3
31,174,3
32,174,3
33,174,3
34,174,3
35,174,3
36,174,3
37,174,3
38,174,4
39,174,4
40,174,4
41,174,4
42,174,4
43,174,4
44,174,4
45,174,4
46,174,4
47,174,4
48,174,4
49,174,4
50,174,4
51,174,4
52,174,4
53,174,4
54,174,4
55,174,4
56,174,4
57,174,4
58,174,4
59,174,4
60,174,4
61,174,4
62,174,4
63,174,4
64,174,4
65,174,4
66,174,4
67,174,4
68,174,4
69,174,5
70,174,5
71,174,5
72,174,5
73,174,5
74,174,5
75,174,5
76,174,5
77,174,5
78,174,5
79,174,5
80,174,5
81,174,5
82,174,6
83,174,6
84,174,6
85,174,6
86,174,6
87,174,6
88,174,6
89,174,6
90,174,8
91,174,9
92,174,11
93,174,17
94,174,15
95,174,30
96,174,13
97,174,11
98,174,10
99,174,10
100,174,9
101,174,9
102,174,9
103,174,9
104,174,8
105,174,8
106,174,8
107,174,8
108,174,8
109,174,8
110,174,7
111,174,7
112,174,7
113,174,8
114,174,8
115,174,8
116,174,8
117,174,8
118,174,8
119,174,8
120,174,9
121,174,12
122,174,18
123,174,22
124,174,21
125,174,17
126,174,13
127,174,10
128,174,10
129,174,9
130,174,9
131,174,8
132,174,8
133,174,8
134,174,8
135,174,8
136,174,8
137,174,7
138,174,7
139,174,7
140,174,7
141,174,7
142,174,7
143,174,7
144,174,7
145,174,7
146,174,7
147,174,7
148,174,8
149,174,8
150,174,8
151,174,8
152,174,8
153,174,8
154,174,8
155,174,8
156,174,8
157,174,8
158,174,8
159,174,9
160,174,9
161,174,10
162,174,15
163,174,39
164,174,18
165,174,37
166,174,36
167,174,33
168,174,26
169,174,84
170,174,48
171,174,27
172,174,71
173,174,128
174,174,128
175,174,128
176,174,128
177,174,128
178,174,128
179,174,128
180,174,128
181,174,128
182,174,128
183,174,128
184,174,128
185,174,128
186,174,128
187,174,128
188,174,128
189,174,128
190,174,128
191,174,128
192,174,128
193,174,128
194,174,128
195,174,128
196,174,128
197,174,128
198,174,128
199,174,128
200,174,128
201,174,128
202,174,128
203,174,128
204,174,128
205,174,128
206,174,128
207,174,128
208,174,128
209,174,128
210,174,128
211,174,128
212,174,128
213,174,128
214,174,128
215,174,128
216,174,128
217,174,128
218,174,128
219,174,128
220,174,128
221,174,128
222,174,128
223,174,128
224,174,128
225,174,128
226,174,128
227,174,128
228,174,128
229,174,128
230,174,128
231,174,128
232,174,128
233,174,128
234,174,128
235,174,128
236,174,128
237,174,128
238,174,128
239,174,128
240,174,128
241,174,128
242,174,128
243,174,128
244,174,128
245,174,128
246,174,128
247,174,128
248,174,128
249,174,128
250,174,128
251,174,128
252,174,128
253,174,128
254,174,128
255,174,128
0,175,1
1,175,1
2,175,1
3,175,1
4,175,1
5,175,2
6,175,2
7,175,2
8,175,3
9,175,3
10,175,3
11,175,3
12,175,3
13,175,3
14,175,3
15,175,3
16,175,3
17,175,3
18,175,3
19,175,3
20,175,3
21,175,3
22,175,3
23,175,3
24,175,3
25,175,3
26,175,3
27,175,3
28,175,3
29,175,3
30,175,3
31,175,3
32,175,3
33,175,3
34,175,3
35,175,3
36,175,3
37,175,3
38,175,3
39,175,3
40,175,4
41,175,4
42,175,4
43,175,4
44,175,4
45,175,4
46,175,4
47,175,4
48,175,4
49,175,4
50,175,4
51,175,4
52,175,4
53,175,4
54,175,4
55,175,4
56,175,4
57,175,4
58,175,4
59,175,4
60,175,4
61,175,4
62,175,4
63,175,4
64,175,4
65,175,4
66,175,4
67,175,4
68,175,4
69,175,4
70,175,5
71,175,5
72,175,5
73,175,5
74,175,5
75,175,5
76,175,5
77,175,5
78,175,5
79,175,5
80,175,5
81,175,5
82,175,6
83,175,6
84,175,6
85,175,6
86,175,6
87,175,6
88,175,6
89,175,6
90,175,7
91,175,8
92,175,9
93,175,10
94,175,12
95,175,20
96,175,13
97,175,11
98,175,10
99,175,9
100,175,9
101,175,8
102,175,8
103,175,8
104,175,8
105,175,8
106,175,8
107,175,7
108,175,7
109,175,7
110,175,7
111,175,7
112,175,7
113,175,7
114,175,7
115,175,7
116,175,8
117,175,8
118,175,8
119,175,8
120,175,8
121,175,9
122,175,10
123,175,12
124,175,13
125,175,23
126,175,16
127,175,10
128,175,9
129,175,8
130,175,8
131,175,8
132,175,8
133,175,8
134,175,8
135,175,7
136,175,7
137,175,7
138,175,7
139,175,7
140,175,7
141,175,7
142,175,7
143,175,7
144,175,7
145,175,7
146,175,7
147,175,7
148,175,7
149,175,7
150,175,8
151,175,8
152,175,8
153,175,8
154,175,8
155,175,8
156,175,8
157,175,8
158,175,8
159,175,8
160,175,9
161,175,9
162,175,10
163,175,12
164,175,13
165,175,17
166,175,21
167,175,128
168,175,23
169,175,22
170,175,20
171,175,21
172,175,73
173,175,128
174,175,128
175,175,128
176,175,128
177,175,128
178,175,128
179,175,128
180,175,128
181,175,128
182,175,128
183,175,128
184,175,128
185,175,128
186,175,128
187,175,128
188,175,128
189,175,128
190,175,128
191,175,128
192,175,128
193,175,128
194,175,128
195,175,128
196,175,128
197,175,128
198,175,128
199,175,128
200,175,128
201,175,128
202,175,128
203,175,128
204,175,128
205,175,128
206,175,128
207,175,128
208,175,128
209,175,128
210,175,128
211,175,128
212,175,128
213,175,128
214,175,128
215,175,128
216,175,128
217,175,128
218,175,128
219,175,128
220,175,128
221,175,128
222,175,128
223,175,128
224,175,128
225,175,128
226,175,128
227,175,128
228,175,128
229,175,128
230,175,128
231,175,128
232,175,128
233,175,128
234,175,128
235,175,128
236,175,128
237,175,128
238,175,128
239,175,128
240,175,128
241,175,128
242,175,128
243,175,128
244,175,128
245,175,128
246,175,128
247,175,128
248,175,128
249,175,128
250,175,128
251,175,128
252,175,128
253,175,128
254,175,128
255,175,128
0,176,1
1,176,1
2,176,1
3,176,1
4,176,1
5,176,2
6,176,2
7,176,2
8,176,3
9,176,3
10,176,3
11,176,3
12,176,3
13,176,3
14,176,3
15,176,3
16,176,3
17,176,3
18,176,3
19,176,3
20,176,3
21,176,3
22,176,3
23,176,3
24,176,3
25,176,3
26,176,3
27,176,3
28,176,3
29,176,3
30,176,3
31,176,3
32,176,3
33,176,3
34,176,3
35,176,3
36,176,3
37,176,3
38,176,3
39,176,3
40,176,3
41,176,3
42,176,3
43,176,4
44,176,4
45,176,4
46,176,4
47,176,4
48,176,4
49,176,4
50,176,4
51,176,4
52,176,4
53,176,4
54,176,4
55,176,4
56,176,4
57,176,4
58,176,4
59,176,4
60,176,4
61,176,4
62,176,4
63,176,4
64,176,4
65,176,4
66,176,4
67,176,4
68,176,4
69,176,4
70,176,4
71,176,4
72,176,5
73,176,5
74,176,5
75,176,5
76,176,5
77,176,5
78,176,5
79,176,5
80,176,5
81,176,5
82,176,5
83,176,6
84,176,6
85,176,6
86,176,6
87,176,6
88,176,6
89,176,6
90,176,7
91,176,8
92,176,8
93,176,10
94,176,12
95,176,25
96,176,14
97,176,11
98,176,9
99,176,8
100,176,8
101,176,8
102,176,8
103,176,8
104,176,8
105,176,7
106,176,7
107,176,7
108,176,7
109,176,7
110,176,7
111,176,7
112,176,7
113,176,7
114,176,7
115,176,7
116,176,7
117,176,8
118,176,8
119,176,8
120,176,8
121,176,8
122,176,9
123,176,10
124,176,13
125,176,18
126,176,13
127,176,10
128,176,8
129,176,8
130,176,8
131,176,8
132,176,8
133,176,7
134,176,7
135,176,7
136,176,7
137,176,7
138,176,7
139,176,7
140,176,7
141,176,7
142,176,7
143,176,7
144,176,7
145,176,7
146,176,7
147,176,7
148,176,7
149,176,7
150,176,7
151,176,8
152,176,8
153,176,8
154,176,8
155,176,8
156,176,8
157,176,8
158,176,8
159,176,8
160,176,8
161,176,9
162,176,10
163,176,10
164,176,11
165,176,12
166,176,17
167,176,74
168,176,21
169,176,18
170,176,17
171,176,19
172,176,62
173,176,128
174,176,128
175,176,128
176,176,128
177,176,128
178,176,128
179,176,128
180,176,128
181,176,128
182,176,128
183,176,128
184,176,128
185,176,128
186,176,128
187,176,128
188,176,128
189,176,128
190,176,128
191,176,128
192,176,128
193,176,128
194,176,128
195,176,128
196,176,128
197,176,128
198,176,128
199,176,128
200,176,128
201,176,128
202,176,128
203,176,128
204,176,128
205,176,128
206,176,128
207,176,128
208,176,128
209,176,128
210,176,128
211,176,128
212,176,128
213,176,128
214,176,128
215,176,128
216,176,128
217,176,128
218,176,128
219,176,128
220,176,128
221,176,128
222,176,128
223,176,128
224,176,128
225,176,128
226,176,128
227,176,128
228,176,128
229,176,128
230,176,128
231,176,128
232,176,128
233,176,128
234,176,128
235,176,128
236,176,128
237,176,128
238,176,128
239,176,128
240,176,128
241,176,128
242,176,128
243,176,128
244,176,128
245,176,128
246,176,128
247,176,128
248,176,128
249,176,128
250,176,128
251,176,128
252,176,128
253,176,128
254,176,128
255,176,128
0,177,1
1,177,1
2,177,1
3,177,1
4,177,1
5,177,2
6,177,2
7,177,2
8,177,3
9,177,3
10,177,3
11,177,3
12,177,3
13,177,3
14,177,3
15,177,3
16,177,3
17,177,3
18,177,3
19,177,3
20,177,3
21,177,3
22,177,3
23,177,3
24,177,3
25,177,3
26,177,3
27,177,3
28,177,3
29,177,3
30,177,3
31,177,3
32,177,3
33,177,3
34,177,3
35,177,3
36,177,3
37,177,3
38,177,3
39,177,3
40,177,3
41,177,3
42,177,3
43,177,3
44,177,3
45,177,3
46,177,4
47,177,4
48,177,4
49,177,4
50,177,4
51,177,4
52,177,4
53,177,4
54,177,4
55,177,4
56,177,4
57,177,4
58,177,4
59,177,4
60,177,4
61,177,4
62,177,4
63,177,4
64,177,4
65,177,4
66,177,4
67,177,4
68,177,4
69,177,4
70,177,4
71,177,4
72,177,4
73,177,5
74,177,5
75,177,5
76,177,5
77,177,5
78,177,5
79,177,5
80,177,5
81,177,5
82,177,5
83,177,6
84,177,6
85,177,6
86,177,6
87,177,6
88,177,6
89,177,7
90,177,7
91,177,8
92,177,8
93,177,9
94,177,28
95,177,33
96,177,16
97,177,16
98,177,9
99,177,8
100,177,8
101,177,8
102,177,8
103,177,8
104,177,7
105,177,7
106,177,7
107,177,7
108,177,7
109,177,7
110,177,7
111,177,7
112,177,7
113,177,7
114,177,7
115,177,7
116,177,7
117,177,7
118,177,7
119,177,8
120,177,8
121,177,8
122,177,9
123,177,9
124,177,23
125,177,12
126,177,10
127,177,8
128,177,8
129,177,8
130,177,8
131,177,8
132,177,7
133,177,7
134,177,7
135,177,7
136,177,7
137,177,7
138,177,7
139,177,7
140,177,7
141,177,7
142,177,7
143,177,7
144,177,7
145,177,7
146,177,7
147,177,7
148,177,7
149,177,7
150,177,7
151,177,7
152,177,7
153,177,8
154,177,8
155,177,8
156,177,8
157,177,8
158,177,8
159,177,8
160,177,8
161,177,9
162,177,9
163,177,10
164,177,10
165,177,11
166,177,34
167,177,80
168,177,40
169,177,16
170,177,15
171,177,17
172,177,24
173,177,72
174,177,30
175,177,128
176,177,128
177,177,128
178,177,128
179,177,128
180,177,128
181,177,128
182,177,128
183,177,128
184,177,128
185,177,128
186,177,128
187,177,128
188,177,128
189,177,128
190,177,128
191,177,128
192,177,128
193,177,128
194,177,128
195,177,128
196,177,128
197,177,128
198,177,128
199,177,128
200,177,128
201,177,128
202,177,128
203,177,128
204,177,128
205,177,128
206,177,128
207,177,128
208,177,128
209,177,128
210,177,128
211,177,128
212,177,128
213,177,128
214,177,128
215,177,128
216,177,128
217,177,128
218,177,128
219,177,128
220,177,128
221,177,128
222,177,128
223,177,128
224,177,128
225,177,128
226,177,128
227,177,128
228,177,128
229,177,128
230,177,128
231,177,128
232,177,128
233,177,128
234,177,128
235,177,128
236,177,128
237,177,128
238,177,128
239,177,128
240,177,128
241,177,128
242,177,128
243,177,128
244,177,128
245,177,128
246,177,128
247,177,128
248,177,128
249,177,128
250,177,128
251,177,128
252,177,128
253,177,128
254,177,128
255,177,128
0,178,1
1,178,1
2,178,1
3,178,1
4,178,1
5,178,2
6,178,2
7,178,2
8,178,2
9,178,3
10,178,3
11,178,3
12,178,3
13,178,3
14,178,3
15,178,3
16,178,3
17,178,3
18,178,3
19,178,3
20,178,3
21,178,3
22,178,3
23,178,3
24,178,3
25,178,3
26,178,3
27,178,3
28,178,3
29,178,3
30,178,3
31,178,3
32,178,3
33,178,3
34,178,3
35,178,3
36,178,3
37,178,3
38,178,3
39,178,3
40,178,3
41,178,3
42,178,3
43,178,3
44,178,3
45,178,3
46,178,3
47,178,3
48,178,3
49,178,4
50,178,4
51,178,4
52,178,4
53,178,4
54,178,4
55,178,4
56,178,4
57,178,4
58,178,4
59,178,4
60,178,4
61,178,4
62,178,4
63,178,4
64,178,4
65,178,4
66,178,4
67,178,4
68,178,4
69,178,4
70,178,4
71,178,4
72,178,4
73,178,4
74,178,4
75,178,5
76,178,5
77,178,5
78,178,5
79,178,5
80,178,5
81,178,5
82,178,5
83,178,5
84,178,6
85,178,6
86,178,6
87,178,6
88,178,6
89,178,7
90,178,7
91,178,8
92,178,8
93,178,9
94,178,11
95,178,14
96,178,17
97,178,11
98,178,9
99,178,8
100,178,8
101,178,8
102,178,8
103,178,7
104,178,7
105,178,7
106,178,7
107,178,7
108,178,7
109,178,7
110,178,7
111,178,7
112,178,7
113,178,7
114,178,7
115,178,7
116,178,7
117,178,7
118,178,7
119,178,7
120,178,7
121,178,8
122,178,8
123,178,9
124,178,13
125,178,9
126,178,9
127,178,8
128,178,8
129,178,8
130,178,7
131,178,7
132,178,7
133,178,7
134,178,7
135,178,7
136,178,7
137,178,7
138,178,7
139,178,7
140,178,7
141,178,7
142,178,7
143,178,7
144,178,7
145,178,7
146,178,7
147,178,7
148,178,7
149,178,7
150,178,7
151,178,7
152,178,7
153,178,7
154,178,8
155,178,8
156,178,8
157,178,8
158,178,8
159,178,8
160,178,8
161,178,8
162,178,9
163,178,9
164,178,10
165,178,10
166,178,11
167,178,12
168,178,13
169,178,14
170,178,15
171,178,15
172,178,17
173,178,21
174,178,24
175,178,128
176,178,128
177,178,128
178,178,128
179,178,128
180,178,128
181,178,128
182,178,128
183,178,128
184,178,128
185,178,128
186,178,128
187,178,128
188,178,128
189,178,128
190,178,128
191,178,128
192,178,128
193,178,128
194,178,128
195,178,128
196,178,128
197,178,128
198,178,128
199,178,128
200,178,128
201,178,128
202,178,128
203,178,128
204,178,128
205,178,128
206,178,128
207,178,128
208,178,128
209,178,128
210,178,128
211,178,128
212,178,128
213,178,128
214,178,128
215,178,128
216,178,128
217,178,128
218,178,128
219,178,128
220,178,128
221,178,128
222,178,128
223,178,128
224,178,128
225,178,128
226,178,128
227,178,128
228,178,128
229,178,128
230,178,128
231,178,128
232,178,128
233,178,128
234,178,128
235,178,128
236,178,128
237,178,128
238,178,128
239,178,128
240,178,128
241,178,128
242,178,128
243,178,128
244,178,128
245,178,128
246,178,128
247,178,128
248,178,128
249,178,128
250,178,128
251,178,128
252,178,128
253,178,128
254,178,128
255,178,128
0,179,1
1,179,1
2,179,1
3,179,1
4,179,1
5,179,1
6,179,2
7,179,2
8,179,2
9,179,3
10,179,3
11,179,3
12,179,3
13,179,3
14,179,3
15,179,3
16,179,3
17,179,3
18,179,3
19,179,3
20,179,3
21,179,3
22,179,3
23,179,3
24,179,3
25,179,3
26,179,3
27,179,3
28,179,3
29,179,3
30,179,3
31,179,3
32,179,3
33,179,3
34,179,3
35,179,3
36,179,3
37,179,3
38,179,3
39,179,3
40,179,3
41,179,3
42,179,3
43,179,3
44,179,3
45,179,3
46,179,3
47,179,3
48,179,3
49,179,3
50,179,3
51,179,3
52,179,4
53,179,4
54,179,4
55,179,4
56,179,4
57,179,4
58,179,4
59,179,4
60,179,4
61,179,4
62,179,4
63,179,4
64,179,4
65,179,4
66,179,4
67,179,4
68,179,4
69,179,4
70,179,4
71,179,4
72,179,4
73,179,4
74,179,4
75,179,4
76,179,5
77,179,5
78,179,5
79,179,5
80,179,5
81,179,5
82,179,5
83,179,5
84,179,6
85,179,6
86,179,6
87,179,6
88,179,6
89,179,7
90,179,7
91,179,8
92,179,8
93,179,10
94,179,11
95,179,16
96,179,12
97,179,10
98,179,9
99,179,8
100,179,8
101,179,7
102,179,7
103,179,7
104,179,7
105,179,7
106,179,7
107,179,7
108,179,7
109,179,7
110,179,7
111,179,7
112,179,7
113,179,7
114,179,7
115,179,7
116,179,7
117,179,7
118,179,7
119,179,7
120,179,7
121,179,7
122,179,7
123,179,8
124,179,8
125,179,8
126,179,8
127,179,7
128,179,7
129,179,7
130,179,7
131,179,7
132,179,7
133,179,7
134,179,7
135,179,7
136,179,7
137,179,7
138,179,7
139,179,7
140,179,7
141,179,7
142,179,7
143,179,7
144,179,7
145,179,7
146,179,7
147,179,7
148,179,7
149,179,7
150,179,7
151,179,7
152,179,7
153,179,7
154,179,7
155,179,8
156,179,8
157,179,8
158,179,8
159,179,8
160,179,8
161,179,8
162,179,9
163,179,9
164,179,10
165,179,10
166,179,10
167,179,11
168,179,12
169,179,13
170,179,14
171,179,15
172,179,18
173,179,20
174,179,28
175,179,30
176,179,37
177,179,128
178,179,128
179,179,128
180,179,128
181,179,128
182,179,128
183,179,128
184,179,128
185,179,128
186,179,128
187,179,128
188,179,128
189,179,128
190,179,128
191,179,128
192,179,128
193,179,128
194,179,128
195,179,128
196,179,128
197,179,128
198,179,128
199,179,128
200,179,128
201,179,128
202,179,128
203,179,128
204,179,128
205,179,128
206,179,128
207,179,128
208,179,128
209,179,128
210,179,128
211,179,128
212,179,128
213,179,128
214,179,128
215,179,128
216,179,128
217,179,128
218,179,128
219,179,128
220,179,128
221,179,128
222,179,128
223,179,128
224,179,128
225,179,128
226,179,128
227,179,128
228,179,128
229,179,128
230,179,128
231,179,128
232,179,128
233,179,128
234,179,128
235,179,128
236,179,128
237,179,128
238,179,128
239,179,128
240,179,128
241,179,128
242,179,128
243,179,128
244,179,128
245,179,128
246,179,128
247,179,128
248,179,128
249,179,128
250,179,128
251,179,128
252,179,128
253,179,128
254,179,128
255,179,128
0,180,1
1,180,1
2,180,1
3,180,1
4,180,1
5,180,1
6,180,2
7,180,2
8,180,2
9,180,2
10,180,3
11,180,3
12,180,3
13,180,3
14,180,3
15,180,3
16,180,3
17,180,3
18,180,3
19,180,3
20,180,3
21,180,3
22,180,3
23,180,3
24,180,3
25,180,3
26,180,3
27,180,3
28,180,3
29,180,3
30,180,3
31,180,3
32,180,3
33,180,3
34,180,3
35,180,3
36,180,3
37,180,3
38,180,3
39,180,3
40,180,3
41,180,3
42,180,3
43,180,3
44,180,3
45,180,3
46,180,3
47,180,3
48,180,3
49,180,3
50,180,3
51,180,3
52,180,3
53,180,3
54,180,3
55,180,4
56,180,4
57,180,4
58,180,4
59,180,4
60,180,4
61,180,4
62,180,4
63,180,4
64,180,4
65,180,4
66,180,4
67,180,4
68,180,4
69,180,4
70,180,4
71,180,4
72,180,4
73,180,4
74,180,4
75,180,4
76,180,4
77,180,5
78,180,5
79,180,5
80,180,5
81,180,5
82,180,5
83,180,5
84,180,5
85,180,6
86,180,6
87,180,6
88,180,6
89,180,7
90,180,7
91,180,8
92,180,9
93,180,10
94,180,13
95,180,14
96,180,15
97,180,11
98,180,9
99,180,8
100,180,7
101,180,7
102,180,7
103,180,7
104,180,7
105,180,7
106,180,7
107,180,7
108,180,7
109,180,7
110,180,7
111,180,7
112,180,7
113,180,7
114,180,7
115,180,7
116,180,7
117,180,7
118,180,7
119,180,7
120,180,7
121,180,7
122,180,7
123,180,7
124,180,7
125,180,7
126,180,7
127,180,7
128,180,7
129,180,7
130,180,7
131,180,7
132,180,7
133,180,7
134,180,7
135,180,7
136,180,7
137,180,7
138,180,7
139,180,7
140,180,7
141,180,7
142,180,7
143,180,7
144,180,7
145,180,7
146,180,7
147,180,7
148,180,7
149,180,7
150,180,7
151,180,7
152,180,7
153,180,7
154,180,7
155,180,7
156,180,8
157,180,8
158,180,8
159,180,8
160,180,8
161,180,8
162,180,8
163,180,9
164,180,9
165,180,10
166,180,10
167,180,11
168,180,12
169,180,13
170,180,14
171,180,20
172,180,29
173,180,27
174,180,57
175,180,103
176,180,128
177,180,128
178,180,128
179,180,128
180,180,128
181,180,128
182,180,128
183,180,128
184,180,128
185,180,128
186,180,128
187,180,128
188,180,128
189,180,128
190,180,128
191,180,128
192,180,128
193,180,128
194,180,128
195,180,128
196,180,128
197,180,128
198,180,128
199,180,128
200,180,128
201,180,128
202,180,128
203,180,128
204,180,128
205,180,128
206,180,128
207,180,128
208,180,128
209,180,128
210,180,128
211,180,128
212,180,128
213,180,128
214,180,128
215,180,128
216,180,128
217,180,128
218,180,128
219,180,128
220,180,128
221,180,128
222,180,128
223,180,128
224,180,128
225,180,128
226,180,128
227,180,128
228,180,128
229,180,128
230,180,128
231,180,128
232,180,128
233,180,128
234,180,128
235,180,128
236,180,128
237,180,128
238,180,128
239,180,128
240,180,128
241,180,128
242,180,128
243,180,128
244,180,128
245,180,128
246,180,128
247,180,128
248,180,128
249,180,128
250,180,128
251,180,128
252,180,128
253,180,128
254,180,128
255,180,128
0,181,1
1,181,1
2,181,1
3,181,1
4,181,1
5,181,1
6,181,2
7,181,2
8,181,2
9,181,2
10,181,3
11,181,3
12,181,3
13,181,3
14,181,3
15,181,3
16,181,3
17,181,3
18,181,3
19,181,3
20,181,3
21,181,3
22,181,3
23,181,3
24,181,3
25,181,3
26,181,3
27,181,3
28,181,3
29,181,3
30,181,3
31,181,3
32,181,3
33,181,3
34,181,3
35,181,3
36,181,3
37,181,3
38,181,3
39,181,3
40,181,3
41,181,3
42,181,3
43,181,3
44,181,3
45,181,3
46,181,3
47,181,3
48,181,3
49,181,3
50,181,3
51,181,3
52,181,3
53,181,3
54,181,3
55,181,3
56,181,3
57,181,3
58,181,4
59,181,4
60,181,4
61,181,4
62,181,4
63,181,4
64,181,4
65,181,4
66,181,4
67,181,4
68,181,4
69,181,4
70,181,4
71,181,4
72,181,4
73,181,4
74,181,4
75,181,4
76,181,4
77,181,4
78,181,4
79,181,5
80,181,5
81,181,5
82,181,5
83,181,5
84,181,5
85,181,5
86,181,6
87,181,6
88,181,6
89,181,7
90,181,7
91,181,9
92,181,14
93,181,14
94,181,18
95,181,10
96,181,11
97,181,14
98,181,9
99,181,7
100,181,7
101,181,6
102,181,6
103,181,6
104,181,6
105,181,6
106,181,6
107,181,6
108,181,6
109,181,6
110,181,6
111,181,6
112,181,6
113,181,6
114,181,6
115,181,6
116,181,6
117,181,6
118,181,6
119,181,6
120,181,6
121,181,6
122,181,6
123,181,6
124,181,6
125,181,6
126,181,6
127,181,6
128,181,6
129,181,6
130,181,6
131,181,6
132,181,6
133,181,6
134,181,6
135,181,7
136,181,7
137,181,7
138,181,7
139,181,7
140,181,7
141,181,7
142,181,7
143,181,7
144,181,7
145,181,7
146,181,7
147,181,7
148,181,7
149,181,7
150,181,7
151,181,7
152,181,7
153,181,7
154,181,7
155,181,7
156,181,7
157,181,8
158,181,8
159,181,8
160,181,8
161,181,8
162,181,8
163,181,9
164,181,9
165,181,10
166,181,10
167,181,11
168,181,12
169,181,13
170,181,14
171,181,18
172,181,112
173,181,62
174,181,128
175,181,128
176,181,128
177,181,128
178,181,128
179,181,128
180,181,128
181,181,128
182,181,128
183,181,128
184,181,128
185,181,128
186,181,128
187,181,128
188,181,128
189,181,128
190,181,128
191,181,128
192,181,128
193,181,128
194,181,128
195,181,128
196,181,128
197,181,128
198,181,128
199,181,128
200,181,128
201,181,128
202,181,128
203,181,128
204,181,128
205,181,128
206,181,128
207,181,128
208,181,128
209,181,128
210,181,128
211,181,128
212,181,128
213,181,128
214,181,128
215,181,128
216,181,128
217,181,128
218,181,128
219,181,128
220,181,128
221,181,128
222,181,128
223,181,128
224,181,128
225,181,128
226,181,128
227,181,128
228,181,128
229,181,128
230,181,128
231,181,128
232,181,128
233,181,128
234,181,128
235,181,128
236,181,128
237,181,128
238,181,128
239,181,128
240,181,128
241,181,128
242,181,128
243,181,128
244,181,128
245,181,128
246,181,128
247,181,128
248,181,128
249,181,128
250,181,128
251,181,128
252,181,128
253,181,128
254,181,128
255,181,128
0,182,1
1,182,1
2,182,1
3,182,1
4,182,1
5,182,1
6,182,2
7,182,2
8,182,2
9,182,2
10,182,3
11,182,3
12,182,3
13,182,3
14,182,3
15,182,3
16,182,3
17,182,3
18,182,3
19,182,3
20,182,3
21,182,3
22,182,3
23,182,3
24,182,3
25,182,3
26,182,3
27,182,3
28,182,3
29,182,3
30,182,3
31,182,3
32,182,3
33,182,3
34,182,3
35,182,3
36,182,3
37,182,3
38,182,3
39,182,3
40,182,3
41,182,3
42,182,3
43,182,3
44,182,3
45,182,3
46,182,3
47,182,3
48,182,3
49,182,3
50,182,3
51,182,3
52,182,3
53,182,3
54,182,3
55,182,3
56,182,3
57,182,3
58,182,3
59,182,3
60,182,3
61,182,4
62,182,4
63,182,4
64,182,4
65,182,4
66,182,4
67,182,4
68,182,4
69,182,4
70,182,4
71,182,4
72,182,4
73,182,4
74,182,4
75,182,4
76,182,4
77,182,4
78,182,4
79,182,4
80,182,4
81,182,5
82,182,5
83,182,5
84,182,5
85,182,5
86,182,6
87,182,6
88,182,6
89,182,7
90,182,7
91,182,10
92,182,12
93,182,10
94,182,9
95,182,8
96,182,8
97,182,8
98,182,7
99,182,6
100,182,6
101,182,6
102,182,6
103,182,6
104,182,6
105,182,6
106,182,6
107,182,6
108,182,6
109,182,6
110,182,6
111,182,6
112,182,6
113,182,6
114,182,6
115,182,6
116,182,6
117,182,6
118,182,6
119,182,6
120,182,6
121,182,6
122,182,6
123,182,6
124,182,6
125,182,6
126,182,6
127,182,6
128,182,6
129,182,6
130,182,6
131,182,6
132,182,6
133,182,6
134,182,6
135,182,6
136,182,6
137,182,6
138,182,6
139,182,6
140,182,6
141,182,6
142,182,7
143,182,7
144,182,7
145,182,7
146,182,7
147,182,7
148,182,7
149,182,7
150,182,7
151,182,7
152,182,7
153,182,7
154,182,7
155,182,7
156,182,7
157,182,7
158,182,8
159,182,8
160,182,8
161,182,8
162,182,8
163,182,9
164,182,9
165,182,10
166,182,10
167,182,11
168,182,12
169,182,14
170,182,16
171,182,55
172,182,32
173,182,41
174,182,128
175,182,128
176,182,128
177,182,128
178,182,128
179,182,128
180,182,128
181,182,128
182,182,128
183,182,128
184,182,128
185,182,128
186,182,128
187,182,128
188,182,128
189,182,128
190,182,128
191,182,128
192,182,128
193,182,128
194,182,128
195,182,128
196,182,128
197,182,128
198,182,128
199,182,128
200,182,128
201,182,128
202,182,128
203,182,128
204,182,128
205,182,128
206,182,128
207,182,128
208,182,128
209,182,128
210,182,128
211,182,128
212,182,128
213,182,128
214,182,128
215,182,128
216,182,128
217,182,128
218,182,128
219,182,128
220,182,128
221,182,128
222,182,128
223,182,128
224,182,128
225,182,128
226,182,128
227,182,128
228,182,128
229,182,128
230,182,128
231,182,128
232,182,128
233,182,128
234,182,128
235,182,128
236,182,128
237,182,128
238,182,128
239,182,128
240,182,128
241,182,128
242,182,128
243,182,128
244,182,128
245,182,128
246,182,128
247,182,128
248,182,128
249,182,128
250,182,128
251,182,128
252,182,128
253,182,128
254,182,128
255,182,128
0,183,1
1,183,1
2,183,1
3,183,1
4,183,1
5,183,1
6,183,2
7,183,2
8,183,2
9,183,2
10,183,2
11,183,3
12,183,3
13,183,3
14,183,3
15,183,3
16,183,3
17,183,3
18,183,3
19,183,3
20,183,3
21,183,3
22,183,3
23,183,3
24,183,3
25,183,3
26,183,3
27,183,3
28,183,3
29,183,3
30,183,3
31,183,3
32,183,3
33,183,3
34,183,3
35,183,3
36,183,3
37,183,3
38,183,3
39,183,3
40,183,3
41,183,3
42,183,3
43,183,3
44,183,3
45,183,3
46,183,3
47,183,3
48,183,3
49,183,3
50,183,3
51,183,3
52,183,3
53,183,3
54,183,3
55,183,3
56,183,3
57,183,3
58,183,3
59,183,3
60,183,3
61,183,3
62,183,3
63,183,3
64,183,4
65,183,4
66,183,4
67,183,4
68,183,4
69,183,4
70,183,4
71,183,4
72,183,4
73,183,4
74,183,4
75,183,4
76,183,4
77,183,4
78,183,4
79,183,4
80,183,4
81,183,4
82,183,5
83,183,5
84,183,5
85,183,5
86,183,5
87,183,6
88,183,6
89,183,7
90,183,8
91,183,9
92,183,10
93,183,9
94,183,8
95,183,8
96,183,7
97,183,7
98,183,6
99,183,6
100,183,6
101,183,6
102,183,6
103,183,6
104,183,6
105,183,6
106,183,6
107,183,6
108,183,6
109,183,6
110,183,6
111,183,6
112,183,6
113,183,6
114,183,6
115,183,6
116,183,6
117,183,6
118,183,6
119,183,6
120,183,6
121,183,6
122,183,6
123,183,6
124,183,6
125,183,6
126,183,6
127,183,6
128,183,6
129,183,6
130,183,6
131,183,6
132,183,6
133,183,6
134,183,6
135,183,6
136,183,6
137,183,6
138,183,6
139,183,6
140,183,6
141,183,6
142,183,6
143,183,6
144,183,6
145,183,6
146,183,7
147,183,7
148,183,7
149,183,7
150,183,7
151,183,7
152,183,7
153,183,7
154,183,7
155,183,7
156,183,7
157,183,7
158,183,7
159,183,8
160,183,8
161,183,8
162,183,8
163,183,9
164,183,9
165,183,9
166,183,11
167,183,11
168,183,14
169,183,47
170,183,19
171,183,20
172,183,28
173,183,41
174,183,128
175,183,128
176,183,128
177,183,128
178,183,128
179,183,128
180,183,128
181,183,128
182,183,128
183,183,128
184,183,128
185,183,128
186,183,128
187,183,128
188,183,128
189,183,128
190,183,128
191,183,128
192,183,128
193,183,128
194,183,128
195,183,128
196,183,128
197,183,128
198,183,128
199,183,128
200,183,128
201,183,128
202,183,128
203,183,128
204,183,128
205,183,128
206,183,128
207,183,128
208,183,128
209,183,128
210,183,128
211,183,128
212,183,128
213,183,128
214,183,128
215,183,128
216,183,128
217,183,128
218,183,128
219,183,128
220,183,128
221,183,128
222,183,128
223,183,128
224,183,128
225,183,128
226,183,128
227,183,128
228,183,128
229,183,128
230,183,128
231,183,128
232,183,128
233,183,128
234,183,128
235,183,128
236,183,128
237,183,128
238,183,128
239,183,128
240,183,128
241,183,128
242,183,128
243,183,128
244,183,128
245,183,128
246,183,128
247,183,128
248,183,128
249,183,128
250,183,128
251,183,128
252,183,128
253,183,128
254,183,128
255,183,128
0,184,1
1,184,1
2,184,1
3,184,1
4,184,1
5,184,1
6,184,1
7,184,2
8,184,2
9,184,2
10,184,2
11,184,3
12,184,3
13,184,3
14,184,3
15,184,3
16,184,3
17,184,3
18,184,3
19,184,3
20,184,3
21,184,3
22,184,3
23,184,3
24,184,3
25,184,3
26,184,3
27,184,3
28,184,3
29,184,3
30,184,3
31,184,3
32,184,3
33,184,3
34,184,3
35,184,3
36,184,3
37,184,3
38,184,3
39,184,3
40,184,3
41,184,3
42,184,3
43,184,3
44,184,3
45,184,3
46,184,3
47,184,3
48,184,3
49,184,3
50,184,3
51,184,3
52,184,3
53,184,3
54,184,3
55,184,3
56,184,3
57,184,3
58,184,3
59,184,3
60,184,3
61,184,3
62,184,3
63,184,3
64,184,3
65,184,3
66,184,3
67,184,4
68,184,4
69,184,4
70,184,4
71,184,4
72,184,4
73,184,4
74,184,4
75,184,4
76,184,4
77,184,4
78,184,4
79,184,4
80,184,4
81,184,4
82,184,4
83,184,4
84,184,5
85,184,5
86,184,5
87,184,5
88,184,6
89,184,6
90,184,8
91,184,10
92,184,9
93,184,7
94,184,7
95,184,7
96,184,7
97,184,6
98,184,6
99,184,6
100,184,6
101,184,6
102,184,6
103,184,6
104,184,6
105,184,6
106,184,6
107,184,6
108,184,6
109,184,6
110,184,6
111,184,6
112,184,6
113,184,6
114,184,6
115,184,6
116,184,6
117,184,6
118,184,6
119,184,6
120,184,5
121,184,5
122,184,5
123,184,5
124,184,5
125,184,5
126,184,5
127,184,6
128,184,6
129,184,6
130,184,6
131,184,6
132,184,6
133,184,6
134,184,6
135,184,6
136,184,6
137,184,6
138,184,6
139,184,6
140,184,6
141,184,6
142,184,6
143,184,6
144,184,6
145,184,6
146,184,6
147,184,6
148,184,6
149,184,7
150,184,7
151,184,7
152,184,7
153,184,7
154,184,7
155,184,7
156,184,7
157,184,7
158,184,7
159,184,8
160,184,8
161,184,8
162,184,8
163,184,9
164,184,9
165,184,9
166,184,11
167,184,14
168,184,16
169,184,23
170,184,58
171,184,25
172,184,46
173,184,128
174,184,128
175,184,128
176,184,128
177,184,128
178,184,128
179,184,128
180,184,35
181,184,128
182,184,128
183,184,128
184,184,128
185,184,128
186,184,128
187,184,128
188,184,128
189,184,128
190,184,128
191,184,128
192,184,128
193,184,128
194,184,128
195,184,128
196,184,128
197,184,128
198,184,128
199,184,128
200,184,128
201,184,128
202,184,128
203,184,128
204,184,128
205,184,128
206,184,128
207,184,128
208,184,128
209,184,128
210,184,128
211,184,128
212,184,128
213,184,128
214,184,128
215,184,128
216,184,128
217,184,128
218,184,128
219,184,128
220,184,128
221,184,128
222,184,128
223,184,128
224,184,128
225,184,128
226,184,128
227,184,128
228,184,128
229,184,128
230,184,128
231,184,128
232,184,128
233,184,128
234,184,128
235,184,128
236,184,128
237,184,128
238,184,128
239,184,128
240,184,128
241,184,128
242,184,128
243,184,128
244,184,128
245,184,128
246,184,128
247,184,128
248,184,128
249,184,128
250,184,128
251,184,128
252,184,128
253,184,128
254,184,128
255,184,128
0,185,1
1,185,1
2,185,1
3,185,1
4,185,1
5,185,1
6,185,1
7,185,2
8,185,2
9,185,2
10,185,2
11,185,3
12,185,3
13,185,3
14,185,3
15,185,3
16,185,3
17,185,3
18,185,3
19,185,3
20,185,3
21,185,3
22,185,3
23,185,3
24,185,3
25,185,3
26,185,3
27,185,3
28,185,3
29,185,3
30,185,3
31,185,3
32,185,3
33,185,3
34,185,3
35,185,3
36,185,3
37,185,3
38,185,3
39,185,3
40,185,3
41,185,3
42,185,3
43,185,3
44,185,3
45,185,3
46,185,3
47,185,3
48,185,3
49,185,3
50,185,3
51,185,3
52,185,3
53,185,3
54,185,3
55,185,3
56,185,3
57,185,3
58,185,3
59,185,3
60,185,3
61,185,3
62,185,3
63,185,3
64,185,3
65,185,3
66,185,3
67,185,3
68,185,3
69,185,3
70,185,4
71,185,4
72,185,4
73,185,4
74,185,4
75,185,4
76,185,4
77,185,4
78,185,4
79,185,4
80,185,4
81,185,4
82,185,4
83,185,4
84,185,4
85,185,4
86,185,5
87,185,5
88,185,5
89,185,5
90,185,6
91,185,7
92,185,7
93,185,7
94,185,7
95,185,6
96,185,6
97,185,6
98,185,6
99,185,6
100,185,6
101,185,6
102,185,6
103,185,6
104,185,6
105,185,6
106,185,6
107,185,6
108,185,6
109,185,6
110,185,6
111,185,6
112,185,6
113,185,6
114,185,6
115,185,5
116,185,5
117,185,5
118,185,5
119,185,5
120,185,5
121,185,5
122,185,5
123,185,5
124,185,5
125,185,5
126,185,5
127,185,5
128,185,5
129,185,5
130,185,5
131,185,5
132,185,6
133,185,6
134,185,6
135,185,6
136,185,6
137,185,6
138,185,6
139,185,6
140,185,6
141,185,6
142,185,6
143,185,6
144,185,6
145,185,6
146,185,6
147,185,6
148,185,6
149,185,6
150,185,6
151,185,6
152,185,7
153,185,7
154,185,7
155,185,7
156,185,7
157,185,7
158,185,7
159,185,7
160,185,8
161,185,8
162,185,8
163,185,9
164,185,9
165,185,9
166,185,12
167,185,34
168,185,35
169,185,24
170,185,78
171,185,30
172,185,44
173,185,128
174,185,128
175,185,128
176,185,128
177,185,128
178,185,120
179,185,31
180,185,26
181,185,47
182,185,128
183,185,128
184,185,128
185,185,128
186,185,128
187,185,128
188,185,128
189,185,128
190,185,128
191,185,128
192,185,128
193,185,128
194,185,128
195,185,128
196,185,128
197,185,128
198,185,128
199,185,128
200,185,128
201,185,128
202,185,128
203,185,128
204,185,128
205,185,128
206,185,128
207,185,128
208,185,128
209,185,128
210,185,128
211,185,128
212,185,128
213,185,128
214,185,128
215,185,128
216,185,128
217,185,128
218,185,128
219,185,128
220,185,128
221,185,128
222,185,128
223,185,128
224,185,128
225,185,128
226,185,128
227,185,128
228,185,128
229,185,128
230,185,128
231,185,128
232,185,128
233,185,128
234,185,128
235,185,128
236,185,128
237,185,128
238,185,128
239,185,128
240,185,128
241,185,128
242,185,128
243,185,128
244,185,128
245,185,128
246,185,128
247,185,128
248,185,128
249,185,128
250,185,128
251,185,128
252,185,128
253,185,128
254,185,128
255,185,128
0,186,1
1,186,1
2,186,1
3,186,1
4,186,1
5,186,1
6,186,1
7,186,2
8,186,2
9,186,2
10,186,2
11,186,2
12,186,3
13,186,3
14,186,3
15,186,3
16,186,3
17,186,3
18,186,3
19,186,3
20,186,3
21,186,3
22,186,3
23,186,3
24,186,3
25,186,3
26,186,3
27,186,3
28,186,3
29,186,3
30,186,3
31,186,3
32,186,3
33,186,3
34,186,3
35,186,3
36,186,3
37,186,3
38,186,3
39,186,3
40,186,3
41,186,3
42,186,3
43,186,3
44,186,3
45,186,3
46,186,3
47,186,3
48,186,3
49,186,3
50,186,3
51,186,3
52,186,3
53,186,3
54,186,3
55,186,3
56,186,3
57,186,3
58,186,3
59,186,3
60,186,3
61,186,3
62,186,3
63,186,3
64,186,3
65,186,3
66,186,3
67,186,3
68,186,3
69,186,3
70,186,3
71,186,3
72,186,4
73,186,4
74,186,4
75,186,4
76,186,4
77,186,4
78,186,4
79,186,4
80,186,4
81,186,4
82,186,4
83,186,4
84,186,4
85,186,4
86,186,4
87,186,5
88,186,5
89,186,5
90,186,5
91,186,6
92,186,6
93,186,6
94,186,6
95,186,6
96,186,6
97,186,6
98,186,6
99,186,6
100,186,6
101,186,6
102,186,6
103,186,6
104,186,6
105,186,6
106,186,6
107,186,6
108,186,6
109,186,6
110,186,6
111,186,5
112,186,5
113,186,5
114,186,5
115,186,5
116,186,5
117,186,5
118,186,5
119,186,5
120,186,5
121,186,5
122,186,5
123,186,5
124,186,5
125,186,5
126,186,5
127,186,5
128,186,5
129,186,5
130,186,5
131,186,5
132,186,5
133,186,5
134,186,5
135,186,6
136,186,6
137,186,6
138,186,6
139,186,6
140,186,6
141,186,6
142,186,6
143,186,6
144,186,6
145,186,6
146,186,6
147,186,6
148,186,6
149,186,6
150,186,6
151,186,6
152,186,6
153,186,6
154,186,7
155,186,7
156,186,7
157,186,7
158,186,7
159,186,7
160,186,7
161,186,8
162,186,8
163,186,8
164,186,9
165,186,10
166,186,11
167,186,16
168,186,23
169,186,68
170,186,43
171,186,67
172,186,68
173,186,38
174,186,45
175,186,112
176,186,128
177,186,128
178,186,69
179,186,22
180,186,23
181,186,128
182,186,128
183,186,128
184,186,128
185,186,128
186,186,128
187,186,128
188,186,128
189,186,128
190,186,128
191,186,128
192,186,128
193,186,128
194,186,128
195,186,128
196,186,128
197,186,128
198,186,128
199,186,128
200,186,128
201,186,128
202,186,128
203,186,128
204,186,128
205,186,128
206,186,128
207,186,128
208,186,128
209,186,128
210,186,128
211,186,128
212,186,128
213,186,128
214,186,128
215,186,128
216,186,128
217,186,128
218,186,128
219,186,128
220,186,128
221,186,128
222,186,128
223,186,128
224,186,128
225,186,128
226,186,128
227,186,128
228,186,128
229,186,128
230,186,128
231,186,128
232,186,128
233,186,128
234,186,128
235,186,128
236,186,128
237,186,128
238,186,128
239,186,128
240,186,128
241,186,128
242,186,128
243,186,128
244,186,128
245,186,128
246,186,128
247,186,128
248,186,128
249,186,128
250,186,128
251,186,128
252,186,128
253,186,128
254,186,128
255,186,128
0,187,1
1,187,1
2,187,1
3,187,1
4,187,1
5,187,1
6,187,1
7,187,2
8,187,2
9,187,2
10,187,2
11,187,2
12,187,3
13,187,3
14,187,3
15,187,3
16,187,3
17,187,3
18,187,3
19,187,3
20,187,3
21,187,3
22,187,3
23,187,3
24,187,3
25,187,3
26,187,3
27,187,3
28,187,3
29,187,3
30,187,3
31,187,3
32,187,3
33,187,3
34,187,3
35,187,3
36,187,3
37,187,3
38,187,3
39,187,3
40,187,3
41,187,3
42,187,3
43,187,3
44,187,3
45,187,3
46,187,3
47,187,3
48,187,3
49,187,3
50,187,3
51,187,3
52,187,3
53,187,3
54,187,3
55,187,3
56,187,3
57,187,3
58,187,3
59,187,3
60,187,3
61,187,3
62,187,3
63,187,3
64,187,3
65,187,3
66,187,3
67,187,3
68,187,3
69,187,3
70,187,3
71,187,3
72,187,3
73,187,3
74,187,3
75,187,4
76,187,4
77,187,4
78,187,4
79,187,4
80,187,4
81,187,4
82,187,4
83,187,4
84,187,4
85,187,4
86,187,4
87,187,4
88,187,4
89,187,5
90,187,5
91,187,5
92,187,5
93,187,5
94,187,6
95,187,6
96,187,6
97,187,6
98,187,6
99,187,6
100,187,6
101,187,6
102,187,6
103,187,6
104,187,6
105,187,6
106,187,6
107,187,5
108,187,5
109,187,5
110,187,5
111,187,5
112,187,5
113,187,5
114,187,5
115,187,5
116,187,5
117,187,5
118,187,5
119,187,5
120,187,5
121,187,5
122,187,5
123,187,5
124,187,5
125,187,5
126,187,5
127,187,5
128,187,5
129,187,5
130,187,5
131,187,5
132,187,5
133,187,5
134,187,5
135,187,5
136,187,5
137,187,6
138,187,6
139,187,6
140,187,6
141,187,6
142,187,6
143,187,6
144,187,6
145,187,6
146,187,6
147,187,6
148,187,6
149,187,6
150,187,6
151,187,6
152,187,6
153,187,6
154,187,6
155,187,6
156,187,7
157,187,7
158,187,7
159,187,7
160,187,7
161,187,7
162,187,8
163,187,8
164,187,9
165,187,10
166,187,12
167,187,15
168,187,32
169,187,51
170,187,76
171,187,55
172,187,28
173,187,24
174,187,22
175,187,27
176,187,46
177,187,41
178,187,70
179,187,19
180,187,19
181,187,57
182,187,30
183,187,45
184,187,128
185,187,128
186,187,128
187,187,128
188,187,128
189,187,128
190,187,128
191,187,128
192,187,128
193,187,128
194,187,128
195,187,128
196,187,128
197,187,128
198,187,128
199,187,128
200,187,128
201,187,128
202,187,128
203,187,128
204,187,128
205,187,128
206,187,128
207,187,128
208,187,128
209,187,128
210,187,128
211,187,128
212,187,128
213,187,128
214,187,128
215,187,128
216,187,128
217,187,128
218,187,128
219,187,128
220,187,128
221,187,128
222,187,128
223,187,128
224,187,128
225,187,128
226,187,128
227,187,128
228,187,128
229,187,128
230,187,128
231,187,128
232,187,128
233,187,128
234,187,128
235,187,128
236,187,128
237,187,128
238,187,128
239,187,128
240,187,128
241,187,128
242,187,128
243,187,128
244,187,128
245,187,128
246,187,128
247,187,128
248,187,128
249,187,128
250,187,128
251,187,128
252,187,128
253,187,128
254,187,128
255,187,128
0,188,1
1,188,1
2,188,1
3,188,1
4,188,1
5,188,1
6,188,1
7,188,1
8,188,2
9,188,2
10,188,2
11,188,2
12,188,2
13,188,3
14,188,3
15,188,3
16,188,3
17,188,3
18,188,3
19,188,3
20,188,3
21,188,3
22,188,3
23,188,3
24,188,3
25,188,3
26,188,3
27,188,3
28,188,3
29,188,3
30,188,3
31,188,3
32,188,3
33,188,3
34,188,3
35,188,3
36,188,3
37,188,3
38,188,3
39,188,3
40,188,3
41,188,3
42,188,3
43,188,3
44,188,3
45,188,3
46,188,3
47,188,3
48,188,3
49,188,3
50,188,3
51,188,3
52,188,3
53,188,3
54,188,3
55,188,3
56,188,3
57,188,3
58,188,3
59,188,3
60,188,3
61,188,3
62,188,3
63,188,3
64,188,3
65,188,3
66,188,3
67,188,3
68,188,3
69,188,3
70,188,3
71,188,3
72,188,3
73,188,3
74,188,3
75,188,3
76,188,3
77,188,4
78,188,4
79,188,4
80,188,4
81,188,4
82,188,4
83,188,4
84,188,4
85,188,4
86,188,4
87,188,4
88,188,4
89,188,4
90,188,4
91,188,5
92,188,5
93,188,5
94,188,5
95,188,5
96,188,5
97,188,5
98,188,5
99,188,5
100,188,5
101,188,5
102,188,5
103,188,5
104,188,5
105,188,5
106,188,5
107,188,5
108,188,5
109,188,5
110,188,5
111,188,5
112,188,5
113,188,5
114,188,5
115,188,5
116,188,5
117,188,5
118,188,5
119,188,5
120,188,5
121,188,5
122,188,5
123,188,5
124,188,5
125,188,5
126,188,5
127,188,5
128,188,5
129,188,5
130,188,5
131,188,5
132,188,5
133,188,5
134,188,5
135,188,5
136,188,5
137,188,5
138,188,5
139,188,6
140,188,6
141,188,6
142,188,6
143,188,6
144,188,6
145,188,6
146,188,6
147,188,6
148,188,6
149,188,6
150,188,6
151,188,6
152,188,6
153,188,6
154,188,6
155,188,6
156,188,6
157,188,7
158,188,7
159,188,7
160,188,7
161,188,7
162,188,7
163,188,8
164,188,9
165,188,11
166,188,26
167,188,26
168,188,17
169,188,21
170,188,24
171,188,25
172,188,48
173,188,22
174,188,19
175,188,18
176,188,23
177,188,19
178,188,17
179,188,16
180,188,18
181,188,21
182,188,110
183,188,128
184,188,128
185,188,128
186,188,128
187,188,128
188,188,128
189,188,128
190,188,128
191,188,128
192,188,128
193,188,128
194,188,128
195,188,128
196,188,128
197,188,128
198,188,128
199,188,128
200,188,128
201,188,128
202,188,128
203,188,128
204,188,128
205,188,128
206,188,128
207,188,128
208,188,128
209,188,128
210,188,128
211,188,128
212,188,128
213,188,128
214,188,128
215,188,128
216,188,128
217,188,128
218,188,128
219,188,128
220,188,128
221,188,128
222,188,128
223,188,128
224,188,128
225,188,128
226,188,128
227,188,128
228,188,128
229,188,128
230,188,128
231,188,128
232,188,128
233,188,128
234,188,128
235,188,128
236,188,128
237,188,128
238,188,128
239,188,128
240,188,128
241,188,128
242,188,128
243,188,128
244,188,128
245,188,128
246,188,128
247,188,128
248,188,128
249,188,128
250,188,128
251,188,128
252,188,128
253,188,128
254,188,128
255,188,128
0,189,1
1,189,1
2,189,1
3,189,1
4,189,1
5,189,1
6,189,1
7,189,1
8,189,2
9,189,2
10,189,2
11,189,2
12,189,2
13,189,3
14,189,3
15,189,3
16,189,3
17,189,3
18,189,3
19,189,3
20,189,3
21,189,3
22,189,3
23,189,3
24,189,3
25,189,3
26,189,3
27,189,3
28,189,3
29,189,3
30,189,3
31,189,3
32,189,3
33,189,3
34,189,3
35,189,3
36,189,3
37,189,3
38,189,3
39,189,3
40,189,3
41,189,3
42,189,3
43,189,3
44,189,3
45,189,3
46,189,3
47,189,3
48,189,3
49,189,3
50,189,3
51,189,3
52,189,3
53,189,3
54,189,3
55,189,3
56,189,3
57,189,3
58,189,3
59,189,3
60,189,3
61,189,3
62,189,3
63,189,3
64,189,3
65,189,3
66,189,3
67,189,3
68,189,3
69,189,3
70,189,3
71,189,3
72,189,3
73,189,3
74,189,3
75,189,3
76,189,3
77,189,3
78,189,3
79,189,4
80,189,4
81,189,4
82,189,4
83,189,4
84,189,4
85,189,4
86,189,4
87,189,4
88,189,4
89,189,4
90,189,4
91,189,4
92,189,4
93,189,5
94,189,5
95,189,5
96,189,5
97,189,5
98,189,5
99,189,5
100,189,5
101,189,5
102,189,5
103,189,5
104,189,5
105,189,5
106,189,5
107,189,5
108,189,5
109,189,5
110,189,5
111,189,5
112,189,5
113,189,5
114,189,5
115,189,5
116,189,5
117,189,5
118,189,5
119,189,5
120,189,5
121,189,5
122,189,5
123,189,5
124,189,5
125,189,5
126,189,5
127,189,5
128,189,5
129,189,5
130,189,5
131,189,5
132,189,5
133,189,5
134,189,5
135,189,5
136,189,5
137,189,5
138,189,5
139,189,5
140,189,5
141,189,6
142,189,6
143,189,6
144,189,6
145,189,6
146,189,6
147,189,6
148,189,6
149,189,6
150,189,6
151,189,6
152,189,6
153,189,6
154,189,6
155,189,6
156,189,6
157,189,6
158,189,6
159,189,7
160,189,7
161,189,7
162,189,7
163,189,8
164,189,8
165,189,11
166,189,13
167,189,28
168,189,13
169,189,13
170,189,21
171,189,18
172,189,48
173,189,43
174,189,18
175,189,16
176,189,15
177,189,14
178,189,14
179,189,15
180,189,16
181,189,56
182,189,36
183,189,128
184,189,128
185,189,56
186,189,128
187,189,128
188,189,128
189,189,128
190,189,128
191,189,128
192,189,128
193,189,128
194,189,128
195,189,128
196,189,128
197,189,128
198,189,128
199,189,128
200,189,128
201,189,128
202,189,128
203,189,128
204,189,128
205,189,128
206,189,128
207,189,128
208,189,128
209,189,128
210,189,128
211,189,128
212,189,128
213,189,128
214,189,128
215,189,128
216,189,128
217,189,128
218,189,128
219,189,128
220,189,128
221,189,128
222,189,128
223,189,128
224,189,128
225,189,128
226,189,128
227,189,128
228,189,128
229,189,128
230,189,128
231,189,128
232,189,128
233,189,128
234,189,128
235,189,128
236,189,128
237,189,128
238,189,128
239,189,128
240,189,128
241,189,128
242,189,128
243,189,128
244,189,128
245,189,128
246,189,128
247,189,128
248,189,128
249,189,128
250,189,128
251,189,128
252,189,128
253,189,128
254,189,128
255,189,128
0,190,1
1,190,1
2,190,1
3,190,1
4,190,1
5,190,1
6,190,1
7,190,1
8,190,2
9,190,2
10,190,2
11,190,2
12,190,2
13,190,3
14,190,3
15,190,3
16,190,3
17,190,3
18,190,3
19,190,3
20,190,3
21,190,3
22,190,3
23,190,3
24,190,3
25,190,3
26,190,3
27,190,3
28,190,3
29,190,3
30,190,3
31,190,3
32,190,3
33,190,3
34,190,3
35,190,3
36,190,3
37,190,3
38,190,3
39,190,3
40,190,3
41,190,3
42,190,3
43,190,3
44,190,3
45,190,3
46,190,3
47,190,3
48,190,3
49,190,3
50,190,3
51,190,3
52,190,3
53,190,3
54,190,3
55,190,3
56,190,3
57,190,3
58,190,3
59,190,3
60,190,3
61,190,3
62,190,3
63,190,3
64,190,3
65,190,3
66,190,3
67,190,3
68,190,3
69,190,3
70,190,3
71,190,3
72,190,3
73,190,3
74,190,3
75,190,3
76,190,3
77,190,3
78,190,3
79,190,3
80,190,3
81,190,3
82,190,4
83,190,4
84,190,4
85,190,4
86,190,4
87,190,4
88,190,4
89,190,4
90,190,4
91,190,4
92,190,4
93,190,4
94,190,4
95,190,5
96,190,5
97,190,5
98,190,5
99,190,5
100,190,5
101,190,5
102,190,5
103,190,5
104,190,5
105,190,5
106,190,5
107,190,5
108,190,5
109,190,5
110,190,5
111,190,5
112,190,5
113,190,5
114,190,5
115,190,5
116,190,5
117,190,5
118,190,5
119,190,5
120,190,5
121,190,5
122,190,5
123,190,5
124,190,5
125,190,5
126,190,5
127,190,5
128,190,5
129,190,5
130,190,5
131,190,5
132,190,5
133,190,5
134,190,5
135,190,5
136,190,5
137,190,5
138,190,5
139,190,5
140,190,5
141,190,5
142,190,6
143,190,6
144,190,6
145,190,6
146,190,6
147,190,6
148,190,6
149,190,6
150,190,6
151,190,6
152,190,6
153,190,6
154,190,6
155,190,6
156,190,6
157,190,6
158,190,6
159,190,6
160,190,7
161,190,7
162,190,7
163,190,7
164,190,8
165,190,9
166,190,9
167,190,10
168,190,10
169,190,11
170,190,13
171,190,14
172,190,18
173,190,35
174,190,19
175,190,15
176,190,13
177,190,13
178,190,13
179,190,14
180,190,23
181,190,35
182,190,59
183,190,128
184,190,90
185,190,30
186,190,49
187,190,128
188,190,128
189,190,128
190,190,128
191,190,128
192,190,128
193,190,128
194,190,128
195,190,128
196,190,128
197,190,128
198,190,128
199,190,128
200,190,128
201,190,128
202,190,128
203,190,128
204,190,128
205,190,128
206,190,128
207,190,128
208,190,128
209,190,128
210,190,128
211,190,128
212,190,128
213,190,128
214,190,128
215,190,128
216,190,128
217,190,128
218,190,128
219,190,128
220,190,128
221,190,128
222,190,128
223,190,128
224,190,128
225,190,128
226,190,128
227,190,128
228,190,128
229,190,128
230,190,128
231,190,128
232,190,128
233,190,128
234,190,128
235,190,128
236,190,128
237,190,128
238,190,128
239,190,128
240,190,128
241,190,128
242,190,128
243,190,128
244,190,128
245,190,128
246,190,128
247,190,128
248,190,128
249,190,128
250,190,128
251,190,128
252,190,128
253,190,128
254,190,128
255,190,128
0,191,1
1,191,1
2,191,1
3,191,1
4,191,1
5,191,1
6,191,1
7,191,1
8,191,2
9,191,2
10,191,2
11,191,2
12,191,2
13,191,2
14,191,3
15,191,3
16,191,3
17,191,3
18,191,3
19,191,3
20,191,3
21,191,3
22,191,3
23,191,3
24,191,3
25,191,3
26,191,3
27,191,3
28,191,3
29,191,3
30,191,3
31,191,3
32,191,3
33,191,3
34,191,3
35,191,3
36,191,3
37,191,3
38,191,3
39,191,3
40,191,3
41,191,3
42,191,3
43,191,3
44,191,3
45,191,3
46,191,3
47,191,3
48,191,3
49,191,3
50,191,3
51,191,3
52,191,3
53,191,3
54,191,3
55,191,3
56,191,3
57,191,3
58,191,3
59,191,3
60,191,3
61,191,3
62,191,3
63,191,3
64,191,3
65,191,3
66,191,3
67,191,3
68,191,3
69,191,3
70,191,3
71,191,3
72,191,3
73,191,3
74,191,3
75,191,3
76,191,3
77,191,3
78,191,3
79,191,3
80,191,3
81,191,3
82,191,3
83,191,3
84,191,4
85,191,4
86,191,4
87,191,4
88,191,4
89,191,4
90,191,4
91,191,4
92,191,4
93,191,4
94,191,4
95,191,4
96,191,4
97,191,5
98,191,5
99,191,5
100,191,5
101,191,5
102,191,5
103,191,5
104,191,5
105,191,5
106,191,5
107,191,5
108,191,5
109,191,5
110,191,5
111,191,5
112,191,5
113,191,5
114,191,5
115,191,5
116,191,5
117,191,5
118,191,5
119,191,5
120,191,5
121,191,5
122,191,5
123,191,5
124,191,5
125,191,5
126,191,5
127,191,5
128,191,5
129,191,5
130,191,5
131,191,5
132,191,5
133,191,5
134,191,5
135,191,5
136,191,5
137,191,5
138,191,5
139,191,5
140,191,5
141,191,5
142,191,5
143,191,5
144,191,6
145,191,6
146,191,6
147,191,6
148,191,6
149,191,6
150,191,6
151,191,6
152,191,6
153,191,6
154,191,6
155,191,6
156,191,6
157,191,6
158,191,6
159,191,6
160,191,6
161,191,7
162,191,7
163,191,7
164,191,7
165,191,8
166,191,8
167,191,9
168,191,9
169,191,10
170,191,10
171,191,11
172,191,48
173,191,30
174,191,47
175,191,14
176,191,12
177,191,12
178,191,12
179,191,13
180,191,15
181,191,56
182,191,128
183,191,96
184,191,29
185,191,24
186,191,48
187,191,128
188,191,128
189,191,128
190,191,128
191,191,128
192,191,128
193,191,128
194,191,128
195,191,128
196,191,128
197,191,128
198,191,128
199,191,128
200,191,128
201,191,128
202,191,128
203,191,128
204,191,128
205,191,128
206,191,128
207,191,128
208,191,128
209,191,128
210,191,128
211,191,128
212,191,128
213,191,128
214,191,128
215,191,128
216,191,128
217,191,128
218,191,128
219,191,128
220,191,128
221,191,128
222,191,128
223,191,128
224,191,128
225,191,128
226,191,128
227,191,128
228,191,128
229,191,128
230,191,128
231,191,128
232,191,128
233,191,128
234,191,128
235,191,128
236,191,128
237,191,128
238,191,128
239,191,128
240,191,128
241,191,128
242,191,128
243,191,128
244,191,128
245,191,128
246,191,128
247,191,128
248,191,128
249,191,128
250,191,128
251,191,128
252,191,128
253,191,128
254,191,128
255,191,128
0,192,1
1,192,1
2,192,1
3,192,1
4,192,1
5,192,1
6,192,1
7,192,1
8,192,1
9,192,2
10,192,2
11,192,2
12,192,2
13,192,2
14,192,3
15,192,3
16,192,3
17,192,3
18,192,3
19,192,3
20,192,3
21,192,3
22,192,3
23,192,3
24,192,3
25,192,3
26,192,3
27,192,3
28,192,3
29,192,3
30,192,3
31,192,3
32,192,3
33,192,3
34,192,3
35,192,3
36,192,3
37,192,3
38,192,3
39,192,3
40,192,3
41,192,3
42,192,3
43,192,3
44,192,3
45,192,3
46,192,3
47,192,3
48,192,3
49,192,3
50,192,3
51,192,3
52,192,3
53,192,3
54,192,3
55,192,3
56,192,3
57,192,3
58,192,3
59,192,3
60,192,3
61,192,3
62,192,3
63,192,3
64,192,3
65,192,3
66,192,3
67,192,3
68,192,3
69,192,3
70,192,3
71,192,3
72,192,3
73,192,3
74,192,3
75,192,3
76,192,3
77,192,3
78,192,3
79,192,3
80,192,3
81,192,3
82,192,3
83,192,3
84,192,3
85,192,3
86,192,4
87,192,4
88,192,4
89,192,4
90,192,4
91,192,4
92,192,4
93,192,4
94,192,4
95,192,4
96,192,4
97,192,4
98,192,4
99,192,5
100,192,5
101,192,5
102,192,5
103,192,5
104,192,5
105,192,5
106,192,5
107,192,5
108,192,5
109,192,5
110,192,5
111,192,5
112,192,5
113,192,5
114,192,5
115,192,5
116,192,5
117,192,5
118,192,5
119,192,5
120,192,5
121,192,5
122,192,5
123,192,5
124,192,5
125,192,5
126,192,5
127,192,5
128,192,5
129,192,5
130,192,5
131,192,5
132,192,5
133,192,5
134,192,5
135,192,5
136,192,5
137,192,5
138,192,5
139,192,5
140,192,5
141,192,5
142,192,5
143,192,5
144,192,5
145,192,6
146,192,6
147,192,6
148,192,6
149,192,6
150,192,6
151,192,6
152,192,6
153,192,6
154,192,6
155,192,6
156,192,6
157,192,6
158,192,6
159,192,6
160,192,6
161,192,6
162,192,7
163,192,7
164,192,7
165,192,7
166,192,8
167,192,8
168,192,9
169,192,9
170,192,9
171,192,10
172,192,46
173,192,13
174,192,15
175,192,12
176,192,12
177,192,11
178,192,11
179,192,12
180,192,13
181,192,14
182,192,17
183,192,67
184,192,18
185,192,19
186,192,128
187,192,128
188,192,52
189,192,128
190,192,128
191,192,128
192,192,128
193,192,128
194,192,128
195,192,128
196,192,128
197,192,128
198,192,128
199,192,128
200,192,128
201,192,128
202,192,128
203,192,128
204,192,128
205,192,128
206,192,128
207,192,128
208,192,128
209,192,128
210,192,128
211,192,128
212,192,128
213,192,128
214,192,128
215,192,128
216,192,128
217,192,128
218,192,128
219,192,128
220,192,128
221,192,128
222,192,128
223,192,128
224,192,128
225,192,128
226,192,128
227,192,128
228,192,128
229,192,128
230,192,128
231,192,128
232,192,128
233,192,128
234,192,128
235,192,128
236,192,128
237,192,128
238,192,128
239,192,128
240,192,128
241,192,128
242,192,128
243,192,128
244,192,128
245,192,128
246,192,128
247,192,128
248,192,128
249,192,128
250,192,128
251,192,128
252,192,128
253,192,128
254,192,128
255,192,128
0,193,1
1,193,1
2,193,1
3,193,1
4,193,1
5,193,1
6,193,1
7,193,1
8,193,1
9,193,2
10,193,2
11,193,2
12,193,2
13,193,2
14,193,2
15,193,3
16,193,3
17,193,3
18,193,3
19,193,3
20,193,3
21,193,3
22,193,3
23,193,3
24,193,3
25,193,3
26,193,3
27,193,3
28,193,3
29,193,3
30,193,3
31,193,3
32,193,3
33,193,3
34,193,3
35,193,3
36,193,3
37,193,3
38,193,3
39,193,3
40,193,3
41,193,3
42,193,3
43,193,3
44,193,3
45,193,3
46,193,3
47,193,3
48,193,3
49,193,3
50,193,3
51,193,3
52,193,3
53,193,3
54,193,3
55,193,3
56,193,3
57,193,3
58,193,3
59,193,3
60,193,3
61,193,3
62,193,3
63,193,3
64,193,3
65,193,3
66,193,3
67,193,3
68,193,3
69,193,3
70,193,3
71,193,3
72,193,3
73,193,3
74,193,3
75,193,3
76,193,3
77,193,3
78,193,3
79,193,3
80,193,3
81,193,3
82,193,3
83,193,3
84,193,3
85,193,3
86,193,3
87,193,3
88,193,4
89,193,4
90,193,4
91,193,4
92,193,4
93,193,4
94,193,4
95,193,4
96,193,4
97,193,4
98,193,4
99,193,4
100,193,4
101,193,5
102,193,5
103,193,5
104,193,5
105,193,5
106,193,5
107,193,5
108,193,5
109,193,5
110,193,5
111,193,5
112,193,5
113,193,5
114,193,5
115,193,5
116,193,5
117,193,5
118,193,5
119,193,5
120,193,5
121,193,5
122,193,5
123,193,5
124,193,5
125,193,5
126,193,5
127,193,5
128,193,5
129,193,5
130,193,5
131,193,5
132,193,5
133,193,5
134,193,5
135,193,5
136,193,5
137,193,5
138,193,5
139,193,5
140,193,5
141,193,5
142,193,5
143,193,5
144,193,5
145,193,5
146,193,5
147,193,6
148,193,6
149,193,6
150,193,6
151,193,6
152,193,6
153,193,6
154,193,6
155,193,6
156,193,6
157,193,6
158,193,6
159,193,6
160,193,6
161,193,6
162,193,6
163,193,7
164,193,7
165,193,7
166,193,7
167,193,8
168,193,8
169,193,8
170,193,9
171,193,9
172,193,10
173,193,10
174,193,10
175,193,10
176,193,10
177,193,11
178,193,11
179,193,11
180,193,12
181,193,13
182,193,14
183,193,15
184,193,16
185,193,17
186,193,19
187,193,22
188,193,58
189,193,104
190,193,64
191,193,128
192,193,128
193,193,128
194,193,128
195,193,128
196,193,128
197,193,128
198,193,128
199,193,128
200,193,128
201,193,128
202,193,128
203,193,128
204,193,128
205,193,128
206,193,128
207,193,128
208,193,128
209,193,128
210,193,128
211,193,128
212,193,128
213,193,128
214,193,128
215,193,128
216,193,128
217,193,128
218,193,128
219,193,128
220,193,128
221,193,128
222,193,128
223,193,128
224,193,128
225,193,128
226,193,128
227,193,128
228,193,128
229,193,128
230,193,128
231,193,128
232,193,128
233,193,128
234,193,128
235,193,128
236,193,128
237,193,128
238,193,128
239,193,128
240,193,128
241,193,128
242,193,128
243,193,128
244,193,128
245,193,128
246,193,128
247,193,128
248,193,128
249,193,128
250,193,128
251,193,128
252,193,128
253,193,128
254,193,128
255,193,128
0,194,1
1,194,1
2,194,1
3,194,1
4,194,1
5,194,1
6,194,1
7,194,1
8,194,1
9,194,2
10,194,2
11,194,2
12,194,2
13,194,2
14,194,2
15,194,3
16,194,3
17,194,3
18,194,3
19,194,3
20,194,3
21,194,3
22,194,3
23,194,3
24,194,3
25,194,3
26,194,3
27,194,3
28,194,3
29,194,3
30,194,3
31,194,3
32,194,3
33,194,3
34,194,3
35,194,3
36,194,3
37,194,3
38,194,3
39,194,3
40,194,3
41,194,3
42,194,3
43,194,3
44,194,3
45,194,3
46,194,3
47,194,3
48,194,3
49,194,3
50,194,3
51,194,3
52,194,3
53,194,3
54,194,3
55,194,3
56,194,3
57,194,3
58,194,3
59,194,3
60,194,3
61,194,3
62,194,3
63,194,3
64,194,3
65,194,3
66,194,3
67,194,3
68,194,3
69,194,3
70,194,3
71,194,3
72,194,3
73,194,3
74,194,3
75,194,3
76,194,3
77,194,3
78,194,3
79,194,3
80,194,3
81,194,3
82,194,3
83,194,3
84,194,3
85,194,3
86,194,3
87,194,3
88,194,3
89,194,4
90,194,4
91,194,4
92,194,4
93,194,4
94,194,4
95,194,4
96,194,4
97,194,4
98,194,4
99,194,4
100,194,4
101,194,4
102,194,4
103,194,5
104,194,5
105,194,5
106,194,5
107,194,5
108,194,5
109,194,5
110,194,5
111,194,5
112,194,5
113,194,5
114,194,5
115,194,5
116,194,5
117,194,5
118,194,5
119,194,5
120,194,5
121,194,5
122,194,5
123,194,5
124,194,5
125,194,5
126,194,5
127,194,5
128,194,5
129,194,5
130,194,5
131,194,5
132,194,5
133,194,5
134,194,5
135,194,5
136,194,5
137,194,5
138,194,5
139,194,5
140,194,5
141,194,5
142,194,5
143,194,5
144,194,5
145,194,5
146,194,5
147,194,5
148,194,6
149,194,6
150,194,6
151,194,6
152,194,6
153,194,6
154,194,6
155,194,6
156,194,6
157,194,6
158,194,6
159,194,6
160,194,6
161,194,6
162,194,6
163,194,6
164,194,7
165,194,7
166,194,7
167,194,8
168,194,8
169,194,8
170,194,8
171,194,8
172,194,9
173,194,9
174,194,10
175,194,10
176,194,10
177,194,10
178,194,11
179,194,11
180,194,11
181,194,12
182,194,13
183,194,14
184,194,15
185,194,16
186,194,18
187,194,20
188,194,23
189,194,26
190,194,32
191,194,58
192,194,128
193,194,128
194,194,128
195,194,128
196,194,128
197,194,128
198,194,128
199,194,128
200,194,128
201,194,128
202,194,128
203,194,128
204,194,128
205,194,128
206,194,128
207,194,128
208,194,128
209,194,128
210,194,128
211,194,128
212,194,128
213,194,128
214,194,128
215,194,128
216,194,128
217,194,128
218,194,128
219,194,128
220,194,128
221,194,128
222,194,128
223,194,128
224,194,128
225,194,128
226,194,128
227,194,128
228,194,128
229,194,128
230,194,128
231,194,128
232,194,128
233,194,128
234,194,128
235,194,128
236,194,128
237,194,128
238,194,128
239,194,128
240,194,128
241,194,128
242,194,128
243,194,128
244,194,128
245,194,128
246,194,128
247,194,128
248,194,128
249,194,128
250,194,128
251,194,128
252,194,128
253,194,128
254,194,128
255,194,128
0,195,1
1,195,1
2,195,1
3,195,1
4,195,1
5,195,1
6,195,1
7,195,1
8,195,1
9,195,2
10,195,2
11,195,2
12,195,2
13,195,2
14,195,2
15,195,2
16,195,3
17,195,3
18,195,3
19,195,3
20,195,3
21,195,3
22,195,3
23,195,3
24,195,3
25,195,3
26,195,3
27,195,3
28,195,3
29,195,3
30,195,3
31,195,3
32,195,3
33,195,3
34,195,3
35,195,3
36,195,3
37,195,3
38,195,3
39,195,3
40,195,3
41,195,3
42,195,3
43,195,3
44,195,3
45,195,3
46,195,3
47,195,3
48,195,3
49,195,3
50,195,3
51,195,3
52,195,3
53,195,3
54,195,3
55,195,3
56,195,3
57,195,3
58,195,3
59,195,3
60,195,3
61,195,3
62,195,3
63,195,3
64,195,3
65,195,3
66,195,3
67,195,3
68,195,3
69,195,3
70,195,3
71,195,3
72,195,3
73,195,3
74,195,3
75,195,3
76,195,3
77,195,3
78,195,3
79,195,3
80,195,3
81,195,3
82,195,3
83,195,3
84,195,3
85,195,3
86,195,3
87,195,3
88,195,3
89,195,3
90,195,3
91,195,4
92,195,4
93,195,4
94,195,4
95,195,4
96,195,4
97,195,4
98,195,4
99,195,4
100,195,4
101,195,4
102,195,4
103,195,4
104,195,4
105,195,5
106,195,5
107,195,5
108,195,5
109,195,5
110,195,5
111,195,5
112,195,5
113,195,5
114,195,5
115,195,5
116,195,5
117,195,5
118,195,5
119,195,5
120,195,5
121,195,5
122,195,5
123,195,5
124,195,5
125,195,5
126,195,5
127,195,5
128,195,5
129,195,5
130,195,5
131,195,5
132,195,5
133,195,5
134,195,5
135,195,5
136,195,5
137,195,5
138,195,5
139,195,5
140,195,5
141,195,5
142,195,5
143,195,5
144,195,5
145,195,5
146,195,5
147,195,5
148,195,5
149,195,6
150,195,6
151,195,6
152,195,6
153,195,6
154,195,6
155,195,6
156,195,6
157,195,6
158,195,6
159,195,6
160,195,6
161,195,6
162,195,6
163,195,6
164,195,6
165,195,7
166,195,7
167,195,7
168,195,8
169,195,8
170,195,8
171,195,8
172,195,8
173,195,9
174,195,9
175,195,9
176,195,10
177,195,10
178,195,10
179,195,11
180,195,11
181,195,12
182,195,13
183,195,14
184,195,14
185,195,17
186,195,20
187,195,23
188,195,32
189,195,66
190,195,128
191,195,128
192,195,128
193,195,128
194,195,128
195,195,128
196,195,128
197,195,128
198,195,128
199,195,128
200,195,128
201,195,128
202,195,128
203,195,128
204,195,128
205,195,128
206,195,128
207,195,128
208,195,128
209,195,128
210,195,128
211,195,128
212,195,128
213,195,128
214,195,128
215,195,128
216,195,128
217,195,128
218,195,128
219,195,128
220,195,128
221,195,128
222,195,128
223,195,128
224,195,128
225,195,128
226,195,128
227,195,128
228,195,128
229,195,128
230,195,128
231,195,128
232,195,128
233,195,128
234,195,128
235,195,128
236,195,128
237,195,128
238,195,128
239,195,128
240,195,128
241,195,128
242,195,128
243,195,128
244,195,128
245,195,128
246,195,128
247,195,128
248,195,128
249,195,128
250,195,128
251,195,128
252,195,128
253,195,128
254,195,128
255,195,128
0,196,1
1,196,1
2,196,1
3,196,1
4,196,1
5,196,1
6,196,1
7,196,1
8,196,1
9,196,1
10,196,2
11,196,2
12,196,2
13,196,2
14,196,2
15,196,2
16,196,3
17,196,3
18,196,3
19,196,3
20,196,3
21,196,3
22,196,3
23,196,3
24,196,3
25,196,3
26,196,3
27,196,3
28,196,3
29,196,3
30,196,3
31,196,3
32,196,3
33,196,3
34,196,3
35,196,3
36,196,3
37,196,3
38,196,3
39,196,3
40,196,3
41,196,3
42,196,3
43,196,3
44,196,3
45,196,3
46,196,3
47,196,3
48,196,3
49,196,3
50,196,3
51,196,3
52,196,3
53,196,3
54,196,3
55,196,3
56,196,3
57,196,3
58,196,3
59,196,3
60,196,3
61,196,3
62,196,3
63,196,3
64,196,3
65,196,3
66,196,3
67,196,3
68,196,3
69,196,3
70,196,3
71,196,3
72,196,3
73,196,3
74,196,3
75,196,3
76,196,3
77,196,3
78,196,3
79,196,3
80,196,3
81,196,3
82,196,3
83,196,3
84,196,3
85,196,3
86,196,3
87,196,3
88,196,3
89,196,3
90,196,3
91,196,3
92,196,3
93,196,4
94,196,4
95,196,4
96,196,4
97,196,4
98,196,4
99,196,4
100,196,4
101,196,4
102,196,4
103,196,4
104,196,4
105,196,4
106,196,4
107,196,4
108,196,5
109,196,5
110,196,5
111,196,5
112,196,5
113,196,5
114,196,5
115,196,5
116,196,5
117,196,5
118,196,5
119,196,5
120,196,5
121,196,5
122,196,5
123,196,5
124,196,5
125,196,5
126,196,5
127,196,5
128,196,5
129,196,5
130,196,5
131,196,5
132,196,5
133,196,5
134,196,5
135,196,5
136,196,5
137,196,5
138,196,5
139,196,5
140,196,5
141,196,5
142,196,5
143,196,5
144,196,5
145,196,5
146,196,5
147,196,5
148,196,5
149,196,5
150,196,6
151,196,6
152,196,6
153,196,6
154,196,6
155,196,6
156,196,6
157,196,6
158,196,6
159,196,6
160,196,6
161,196,6
162,196,6
163,196,6
164,196,6
165,196,6
166,196,7
167,196,7
168,196,7
169,196,8
170,196,8
171,196,8
172,196,8
173,196,8
174,196,9
175,196,9
176,196,9
177,196,10
178,196,10
179,196,11
180,196,11
181,196,12
182,196,13
183,196,14
184,196,15
185,196,34
186,196,33
187,196,34
188,196,128
189,196,128
190,196,128
191,196,128
192,196,128
193,196,128
194,196,128
195,196,128
196,196,128
197,196,128
198,196,128
199,196,128
200,196,128
201,196,128
202,196,128
203,196,128
204,196,128
205,196,128
206,196,128
207,196,128
208,196,128
209,196,128
210,196,128
211,196,128
212,196,128
213,196,128
214,196,128
215,196,128
216,196,128
217,196,128
218,196,128
219,196,128
220,196,128
221,196,128
222,196,128
223,196,128
224,196,128
225,196,128
226,196,128
227,196,128
228,196,128
229,196,128
230,196,128
231,196,128
232,196,128
233,196,128
234,196,128
235,196,128
236,196,128
237,196,128
238,196,128
239,196,128
240,196,128
241,196,128
242,196,128
243,196,128
244,196,128
245,196,128
246,196,128
247,196,128
248,196,128
249,196,128
250,196,128
251,196,128
252,196,128
253,196,128
254,196,128
255,196,128
0,197,1
1,197,1
2,197,1
3,197,1
4,197,1
5,197,1
6,197,1
7,197,1
8,197,1
9,197,1
10,197,2
11,197,2
12,197,2
13,197,2
14,197,2
15,197,2
16,197,2
17,197,3
18,197,3
19,197,3
20,197,3
21,197,3
22,197,3
23,197,3
24,197,3
25,197,3
26,197,3
27,197,3
28,197,3
29,197,3
30,197,3
31,197,3
32,197,3
33,197,3
34,197,3
35,197,3
36,197,3
37,197,3
38,197,3
39,197,3
40,197,3
41,197,3
42,197,3
43,197,3
44,197,3
45,197,3
46,197,3
47,197,3
48,197,3
49,197,3
50,197,3
51,197,3
52,197,3
53,197,3
54,197,3
55,197,3
56,197,3
57,197,3
58,197,3
59,197,3
60,197,3
61,197,3
62,197,3
63,197,3
64,197,3
65,197,3
66,197,3
67,197,3
68,197,3
69,197,3
70,197,3
71,197,3
72,197,3
73,197,3
74,197,3
75,197,3
76,197,3
77,197,3
78,197,3
79,197,3
80,197,3
81,197,3
82,197,3
83,197,3
84,197,3
85,197,3
86,197,3
87,197,3
88,197,3
89,197,3
90,197,3
91,197,3
92,197,3
93,197,3
94,197,4
95,197,4
96,197,4
97,197,4
98,197,4
99,197,4
100,197,4
101,197,4
102,197,4
103,197,4
104,197,4
105,197,4
106,197,4
107,197,4
108,197,4
109,197,4
110,197,5
111,197,5
112,197,5
113,197,5
114,197,5
115,197,5
116,197,5
117,197,5
118,197,5
119,197,5
120,197,5
121,197,5
122,197,5
123,197,5
124,197,5
125,197,5
126,197,5
127,197,5
128,197,5
129,197,5
130,197,5
131,197,5
132,197,5
133,197,5
134,197,5
135,197,5
136,197,5
137,197,5
138,197,5
139,197,5
140,197,5
141,197,5
142,197,5
143,197,5
144,197,5
145,197,5
146,197,5
147,197,5
148,197,5
149,197,5
150,197,5
151,197,6
152,197,6
153,197,6
154,197,6
155,197,6
156,197,6
157,197,6
158,197,6
159,197,6
160,197,6
161,197,6
162,197,6
163,197,6
164,197,6
165,197,6
166,197,7
167,197,7
168,197,7
169,197,7
170,197,8
171,197,8
172,197,8
173,197,8
174,197,8
175,197,9
176,197,9
177,197,9
178,197,10
179,197,10
180,197,11
181,197,12
182,197,14
183,197,16
184,197,17
185,197,101
186,197,37
187,197,128
188,197,128
189,197,128
190,197,128
191,197,128
192,197,128
193,197,128
194,197,128
195,197,128
196,197,128
197,197,128
198,197,128
199,197,128
200,197,128
201,197,128
202,197,128
203,197,128
204,197,128
205,197,128
206,197,128
207,197,128
208,197,128
209,197,128
210,197,128
211,197,128
212,197,128
213,197,128
214,197,128
215,197,128
216,197,128
217,197,128
218,197,128
219,197,128
220,197,128
221,197,128
222,197,128
223,197,128
224,197,128
225,197,128
226,197,128
227,197,128
228,197,128
229,197,128
230,197,128
231,197,128
232,197,128
233,197,128
234,197,128
235,197,128
236,197,128
237,197,128
238,197,128
239,197,128
240,197,128
241,197,128
242,197,128
243,197,128
244,197,128
245,197,128
246,197,128
247,197,128
248,197,128
249,197,128
250,197,128
251,197,128
252,197,128
253,197,128
254,197,128
255,197,128
0,198,1
1,198,1
2,198,1
3,198,1
4,198,1
5,198,1
6,198,1
7,198,1
8,198,1
9,198,1
10,198,2
11,198,2
12,198,2
13,198,2
14,198,2
15,198,2
16,198,2
17,198,3
18,198,3
19,198,3
20,198,3
21,198,3
22,198,3
23,198,3
24,198,3
25,198,3
26,198,3
27,198,3
28,198,3
29,198,3
30,198,3
31,198,3
32,198,3
33,198,3
34,198,3
35,198,3
36,198,3
37,198,3
38,198,3
39,198,3
40,198,3
41,198,3
42,198,3
43,198,3
44,198,3
45,198,3
46,198,3
47,198,3
48,198,3
49,198,3
50,198,3
51,198,3
52,198,3
53,198,3
54,198,3
55,198,3
56,198,3
57,198,3
58,198,3
59,198,3
60,198,3
61,198,3
62,198,3
63,198,3
64,198,3
65,198,3
66,198,3
67,198,3
68,198,3
69,198,3
70,198,3
71,198,3
72,198,3
73,198,3
74,198,3
75,198,3
76,198,3
77,198,3
78,198,3
79,198,3
80,198,3
81,198,3
82,198,3
83,198,3
84,198,3
85,198,3
86,198,3
87,198,3
88,198,3
89,198,3
90,198,3
91,198,3
92,198,3
93,198,3
94,198,3
95,198,3
96,198,4
97,198,4
98,198,4
99,198,4
100,198,4
101,198,4
102,198,4
103,198,4
104,198,4
105,198,4
106,198,4
107,198,4
108,198,4
109,198,4
110,198,4
111,198,4
112,198,5
113,198,5
114,198,5
115,198,5
116,198,5
117,198,5
118,198,5
119,198,5
120,198,5
121,198,5
122,198,5
123,198,5
124,198,5
125,198,5
126,198,5
127,198,5
128,198,5
129,198,5
130,198,5
131,198,5
132,198,5
133,198,5
134,198,5
135,198,5
136,198,5
137,198,5
138,198,5
139,198,5
140,198,5
141,198,5
142,198,5
143,198,5
144,198,5
145,198,5
146,198,5
147,198,5
148,198,5
149,198,5
150,198,5
151,198,5
152,198,6
153,198,6
154,198,6
155,198,6
156,198,6
157,198,6
158,198,6
159,198,6
160,198,6
161,198,6
162,198,6
163,198,6
164,198,6
165,198,6
166,198,6
167,198,7
168,198,7
169,198,7
170,198,7
171,198,8
172,198,8
173,198,8
174,198,8
175,198,9
176,198,9
177,198,9
178,198,9
179,198,10
180,198,11
181,198,13
182,198,18
183,198,73
184,198,20
185,198,24
186,198,128
187,198,128
188,198,128
189,198,128
190,198,128
191,198,128
192,198,128
193,198,128
194,198,128
195,198,128
196,198,128
197,198,128
198,198,128
199,198,128
200,198,128
201,198,128
202,198,128
203,198,128
204,198,128
205,198,128
206,198,128
207,198,128
208,198,128
209,198,128
210,198,128
211,198,128
212,198,128
213,198,128
214,198,128
215,198,128
216,198,128
217,198,128
218,198,128
219,198,128
220,198,128
221,198,128
222,198,128
223,198,128
224,198,128
225,198,128
226,198,128
227,198,128
228,198,128
229,198,128
230,198,128
231,198,128
232,198,128
233,198,128
234,198,128
235,198,128
236,198,128
237,198,128
238,198,128
239,198,128
240,198,128
241,198,128
242,198,128
243,198,128
244,198,128
245,198,128
246,198,128
247,198,128
248,198,128
249,198,128
250,198,128
251,198,128
252,198,128
253,198,128
254,198,128
255,198,128
0,199,1
1,199,1
2,199,1
3,199,1
4,199,1
5,199,1
6,199,1
7,199,1
8,199,1
9,199,1
10,199,1
11,199,2
12,199,2
13,199,2
14,199,2
15,199,2
16,199,2
17,199,2
18,199,3
19,199,3
20,199,3
21,199,3
22,199,3
23,199,3
24,199,3
25,199,3
26,199,3
27,199,3
28,199,3
29,199,3
30,199,3
31,199,3
32,199,3
33,199,3
34,199,3
35,199,3
36,199,3
37,199,3
38,199,3
39,199,3
40,199,3
41,199,3
42,199,3
43,199,3
44,199,3
45,199,3
46,199,3
47,199,3
48,199,3
49,199,3
50,199,3
51,199,3
52,199,3
53,199,3
54,199,3
55,199,3
56,199,3
57,199,3
58,199,3
59,199,3
60,199,3
61,199,3
62,199,3
63,199,3
64,199,3
65,199,3
66,199,3
67,199,3
68,199,3
69,199,3
70,199,3
71,199,3
72,199,3
73,199,3
74,199,3
75,199,3
76,199,3
77,199,3
78,199,3
79,199,3
80,199,3
81,199,3
82,199,3
83,199,3
84,199,3
85,199,3
86,199,3
87,199,3
88,199,3
89,199,3
90,199,3
91,199,3
92,199,3
93,199,3
94,199,3
95,199,3
96,199,3
97,199,3
98,199,4
99,199,4
100,199,4
101,199,4
102,199,4
103,199,4
104,199,4
105,199,4
106,199,4
107,199,4
108,199,4
109,199,4
110,199,4
111,199,4
112,199,4
113,199,4
114,199,4
115,199,5
116,199,5
117,199,5
118,199,5
119,199,5
120,199,5
121,199,5
122,199,5
123,199,5
124,199,5
125,199,5
126,199,5
127,199,5
128,199,5
129,199,5
130,199,5
131,199,5
132,199,5
133,199,5
134,199,5
135,199,5
136,199,5
137,199,5
138,199,5
139,199,5
140,199,5
141,199,5
142,199,5
143,199,5
144,199,5
145,199,5
146,199,5
147,199,5
148,199,5
149,199,5
150,199,5
151,199,5
152,199,5
153,199,6
154,199,6
155,199,6
156,199,6
157,199,6
158,199,6
159,199,6
160,199,6
161,199,6
162,199,6
163,199,6
164,199,6
165,199,6
166,199,6
167,199,7
168,199,7
169,199,7
170,199,7
171,199,8
172,199,8
173,199,8
174,199,8
175,199,8
176,199,9
177,199,9
178,199,9
179,199,10
180,199,11
181,199,48
182,199,21
183,199,30
184,199,37
185,199,65
186,199,128
187,199,128
188,199,128
189,199,128
190,199,128
191,199,128
192,199,128
193,199,128
194,199,128
195,199,128
196,199,128
197,199,38
198,199,128
199,199,128
200,199,128
201,199,128
202,199,128
203,199,128
204,199,128
205,199,128
206,199,128
207,199,128
208,199,128
209,199,128
210,199,128
211,199,128
212,199,128
213,199,128
214,199,128
215,199,128
216,199,128
217,199,128
218,199,128
219,199,128
220,199,128
221,199,128
222,199,128
223,199,128
224,199,128
225,199,128
226,199,128
227,199,128
228,199,128
229,199,128
230,199,128
231,199,128
232,199,128
233,199,128
234,199,128
235,199,128
236,199,128
237,199,128
238,199,128
239,199,128
240,199,128
241,199,128
242,199,128
243,199,128
244,199,128
245,199,128
246,199,128
247,199,128
248,199,128
249,199,128
250,199,128
251,199,128
252,199,128
253,199,128
254,199,128
255,199,128
0,200,1
1,200,1
2,200,1
3,200,1
4,200,1
5,200,1
6,200,1
7,200,1
8,200,1
9,200,1
10,200,1
11,200,2
12,200,2
13,200,2
14,200,2
15,200,2
16,200,2
17,200,2
18,200,3
19,200,3
20,200,3
21,200,3
22,200,3
23,200,3
24,200,3
25,200,3
26,200,3
27,200,3
28,200,3
29,200,3
30,200,3
31,200,3
32,200,3
33,200,3
34,200,3
35,200,3
36,200,3
37,200,3
38,200,3
39,200,3
40,200,3
41,200,3
42,200,3
43,200,3
44,200,3
45,200,3
46,200,3
47,200,3
48,200,3
49,200,3
50,200,3
51,200,3
52,200,3
53,200,3
54,200,3
55,200,3
56,200,3
57,200,3
58,200,3
59,200,3
60,200,3
61,200,3
62,200,3
63,200,3
64,200,3
65,200,3
66,200,3
67,200,3
68,200,3
69,200,3
70,200,3
71,200,3
72,200,3
73,200,3
74,200,3
75,200,3
76,200,3
77,200,3
78,200,3
79,200,3
80,200,3
81,200,3
82,200,3
83,200,3
84,200,3
85,200,3
86,200,3
87,200,3
88,200,3
89,200,3
90,200,3
91,200,3
92,200,3
93,200,3
94,200,3
95,200,3
96,200,3
97,200,3
98,200,3
99,200,4
100,200,4
101,200,4
102,200,4
103,200,4
104,200,4
105,200,4
106,200,4
107,200,4
108,200,4
109,200,4
110,200,4
111,200,4
112,200,4
113,200,4
114,200,4
115,200,4
116,200,4
117,200,5
118,200,5
119,200,5
120,200,5
121,200,5
122,200,5
123,200,5
124,200,5
125,200,5
126,200,5
127,200,5
128,200,5
129,200,5
130,200,5
131,200,5
132,200,5
133,200,5
134,200,5
135,200,5
136,200,5
137,200,5
138,200,5
139,200,5
140,200,5
141,200,5
142,200,5
143,200,5
144,200,5
145,200,5
146,200,5
147,200,5
148,200,5
149,200,5
150,200,5
151,200,5
152,200,5
153,200,5
154,200,6
155,200,6
156,200,6
157,200,6
158,200,6
159,200,6
160,200,6
161,200,6
162,200,6
163,200,6
164,200,6
165,200,6
166,200,6
167,200,6
168,200,7
169,200,7
170,200,7
171,200,7
172,200,8
173,200,8
174,200,8
175,200,8
176,200,9
177,200,9
178,200,9
179,200,10
180,200,11
181,200,14
182,200,24
183,200,66
184,200,32
185,200,59
186,200,128
187,200,128
188,200,128
189,200,128
190,200,128
191,200,128
192,200,128
193,200,128
194,200,128
195,200,128
196,200,128
197,200,128
198,200,29
199,200,41
200,200,128
201,200,128
202,200,128
203,200,128
204,200,128
205,200,128
206,200,128
207,200,128
208,200,128
209,200,128
210,200,128
211,200,128
212,200,128
213,200,128
214,200,128
215,200,128
216,200,128
217,200,128
218,200,128
219,200,128
220,200,128
221,200,128
222,200,128
223,200,128
224,200,128
225,200,128
226,200,128
227,200,128
228,200,128
229,200,128
230,200,128
231,200,128
232,200,128
233,200,128
234,200,128
235,200,128
236,200,128
237,200,128
238,200,128
239,200,128
240,200,128
241,200,128
242,200,128
243,200,128
244,200,128
245,200,128
246,200,128
247,200,128
248,200,128
249,200,128
250,200,128
251,200,128
252,200,128
253,200,128
254,200,128
255,200,128
0,201,1
1,201,1
2,201,1
3,201,1
4,201,1
5,201,1
6,201,1
7,201,1
8,201,1
9,201,1
10,201,1
11,201,2
12,201,2
13,201,2
14,201,2
15,201,2
16,201,2
17,201,2
18,201,2
19,201,3
20,201,3
21,201,3
22,201,3
23,201,3
24,201,3
25,201,3
26,201,3
27,201,3
28,201,3
29,201,3
30,201,3
31,201,3
32,201,3
33,201,3
34,201,3
35,201,3
36,201,3
37,201,3
38,201,3
39,201,3
40,201,3
41,201,3
42,201,3
43,201,3
44,201,3
45,201,3
46,201,3
47,201,3
48,201,3
49,201,3
50,201,3
51,201,3
52,201,3
53,201,3
54,201,3
55,201,3
56,201,3
57,201,3
58,201,3
59,201,3
60,201,3
61,201,3
62,201,3
63,201,3
64,201,3
65,201,3
66,201,3
67,201,3
68,201,3
69,201,3
70,201,3
71,201,3
72,201,3
73,201,3
74,201,3
75,201,3
76,201,3
77,201,3
78,201,3
79,201,3
80,201,3
81,201,3
82,201,3
83,201,3
84,201,3
85,201,3
86,201,3
87,201,3
88,201,3
89,201,3
90,201,3
91,201,3
92,201,3
93,201,3
94,201,3
95,201,3
96,201,3
97,201,3
98,201,3
99,201,3
100,201,3
101,201,4
102,201,4
103,201,4
104,201,4
105,201,4
106,201,4
107,201,4
108,201,4
109,201,4
110,201,4
111,201,4
112,201,4
113,201,4
114,201,4
115,201,4
116,201,4
117,201,4
118,201,4
119,201,4
120,201,5
121,201,5
122,201,5
123,201,5
124,201,5
125,201,5
126,201,5
127,201,5
128,201,5
129,201,5
130,201,5
131,201,5
132,201,5
133,201,5
134,201,5
135,201,5
136,201,5
137,201,5
138,201,5
139,201,5
140,201,5
141,201,5
142,201,5
143,201,5
144,201,5
145,201,5
146,201,5
147,201,5
148,201,5
149,201,5
150,201,5
151,201,5
152,201,5
153,201,5
154,201,5
155,201,6
156,201,6
157,201,6
158,201,6
159,201,6
160,201,6
161,201,6
162,201,6
163,201,6
164,201,6
165,201,6
166,201,6
167,201,6
168,201,7
169,201,7
170,201,7
171,201,7
172,201,7
173,201,8
174,201,8
175,201,8
176,201,9
177,201,9
178,201,9
179,201,10
180,201,11
181,201,13
182,201,18
183,201,40
184,201,26
185,201,28
186,201,73
187,201,128
188,201,128
189,201,128
190,201,128
191,201,128
192,201,128
193,201,128
194,201,128
195,201,128
196,201,128
197,201,81
198,201,24
199,201,27
200,201,33
201,201,128
202,201,128
203,201,128
204,201,128
205,201,128
206,201,128
207,201,128
208,201,128
209,201,128
210,201,128
211,201,128
212,201,128
213,201,128
214,201,128
215,201,128
216,201,128
217,201,128
218,201,128
219,201,128
220,201,128
221,201,128
222,201,128
223,201,128
224,201,128
225,201,128
226,201,128
227,201,128
228,201,128
229,201,128
230,201,128
231,201,128
232,201,128
233,201,128
234,201,128
235,201,128
236,201,128
237,201,128
238,201,128
239,201,128
240,201,128
241,201,128
242,201,128
243,201,128
244,201,128
245,201,128
246,201,128
247,201,128
248,201,128
249,201,128
250,201,128
251,201,128
252,201,128
253,201,128
254,201,128
255,201,128
0,202,1
1,202,1
2,202,1
3,202,1
4,202,1
5,202,1
6,202,1
7,202,1
8,202,1
9,202,1
10,202,1
11,202,2
12,202,2
13,202,2
14,202,2
15,202,2
16,202,2
17,202,2
18,202,2
19,202,3
20,202,3
21,202,3
22,202,3
23,202,3
24,202,3
25,202,3
26,202,3
27,202,3
28,202,3
29,202,3
30,202,3
31,202,3
32,202,3
33,202,3
34,202,3
35,202,3
36,202,3
37,202,3
38,202,3
39,202,3
40,202,3
41,202,3
42,202,3
43,202,3
44,202,3
45,202,3
46,202,3
47,202,3
48,202,3
49,202,3
50,202,3
51,202,3
52,202,3
53,202,3
54,202,3
55,202,3
56,202,3
57,202,3
58,202,3
59,202,3
60,202,3
61,202,3
62,202,3
63,202,3
64,202,3
65,202,3
66,202,3
67,202,3
68,202,3
69,202,3
70,202,3
71,202,3
72,202,3
73,202,3
74,202,3
75,202,3
76,202,3
77,202,3
78,202,3
79,202,3
80,202,3
81,202,3
82,202,3
83,202,3
84,202,3
85,202,3
86,202,3
87,202,3
88,202,3
89,202,3
90,202,3
91,202,3
92,202,3
93,202,3
94,202,3
95,202,3
96,202,3
97,202,3
98,202,3
99,202,3
100,202,3
101,202,3
102,202,4
103,202,4
104,202,4
105,202,4
106,202,4
107,202,4
108,202,4
109,202,4
110,202,4
111,202,4
112,202,4
113,202,4
114,202,4
115,202,4
116,202,4
117,202,4
118,202,4
119,202,4
120,202,4
121,202,4
122,202,5
123,202,5
124,202,5
125,202,5
126,202,5
127,202,5
128,202,5
129,202,5
130,202,5
131,202,5
132,202,5
133,202,5
134,202,5
135,202,5
136,202,5
137,202,5
138,202,5
139,202,5
140,202,5
141,202,5
142,202,5
143,202,5
144,202,5
145,202,5
146,202,5
147,202,5
148,202,5
149,202,5
150,202,5
151,202,5
152,202,5
153,202,5
154,202,5
155,202,5
156,202,6
157,202,6
158,202,6
159,202,6
160,202,6
161,202,6
162,202,6
163,202,6
164,202,6
165,202,6
166,202,6
167,202,6
168,202,6
169,202,7
170,202,7
171,202,7
172,202,7
173,202,8
174,202,8
175,202,8
176,202,9
177,202,9
178,202,9
179,202,10
180,202,11
181,202,13
182,202,29
183,202,40
184,202,20
185,202,28
186,202,80
187,202,128
188,202,128
189,202,128
190,202,128
191,202,128
192,202,128
193,202,128
194,202,128
195,202,128
196,202,128
197,202,128
198,202,22
199,202,21
200,202,128
201,202,65
202,202,35
203,202,52
204,202,128
205,202,128
206,202,128
207,202,128
208,202,128
209,202,128
210,202,128
211,202,128
212,202,128
213,202,128
214,202,128
215,202,128
216,202,128
217,202,128
218,202,128
219,202,128
220,202,128
221,202,128
222,202,128
223,202,128
224,202,128
225,202,128
226,202,128
227,202,128
228,202,128
229,202,128
230,202,128
231,202,128
232,202,128
233,202,128
234,202,128
235,202,128
236,202,128
237,202,128
238,202,128
239,202,128
240,202,128
241,202,128
242,202,128
243,202,128
244,202,128
245,202,128
246,202,128
247,202,128
248,202,128
249,202,128
250,202,128
251,202,128
252,202,128
253,202,128
254,202,128
255,202,128
0,203,1
1,203,1
2,203,1
3,203,1
4,203,1
5,203,1
6,203,1
7,203,1
8,203,1
9,203,1
10,203,1
11,203,1
12,203,2
13,203,2
14,203,2
15,203,2
16,203,2
17,203,2
18,203,2
19,203,2
20,203,3
21,203,3
22,203,3
23,203,3
24,203,3
25,203,3
26,203,3
27,203,3
28,203,3
29,203,3
30,203,3
31,203,3
32,203,3
33,203,3
34,203,3
35,203,3
36,203,3
37,203,3
38,203,3
39,203,3
40,203,3
41,203,3
42,203,3
43,203,3
44,203,3
45,203,3
46,203,3
47,203,3
48,203,3
49,203,3
50,203,3
51,203,3
52,203,3
53,203,3
54,203,3
55,203,3
56,203,3
57,203,3
58,203,3
59,203,3
60,203,3
61,203,3
62,203,3
63,203,3
64,203,3
65,203,3
66,203,3
67,203,3
68,203,3
69,203,3
70,203,3
71,203,3
72,203,3
73,203,3
74,203,3
75,203,3
76,203,3
77,203,3
78,203,3
79,203,3
80,203,3
81,203,3
82,203,3
83,203,3
84,203,3
85,203,3
86,203,3
87,203,3
88,203,3
89,203,3
90,203,3
91,203,3
92,203,3
93,203,3
94,203,3
95,203,3
96,203,3
97,203,3
98,203,3
99,203,3
100,203,3
101,203,3
102,203,3
103,203,4
104,203,4
105,203,4
106,203,4
107,203,4
108,203,4
109,203,4
110,203,4
111,203,4
112,203,4
113,203,4
114,203,4
115,203,4
116,203,4
117,203,4
118,203,4
119,203,4
120,203,4
121,203,4
122,203,4
123,203,4
124,203,4
125,203,5
126,203,5
127,203,5
128,203,5
129,203,5
130,203,5
131,203,5
132,203,5
133,203,5
134,203,5
135,203,5
136,203,5
137,203,5
138,203,5
139,203,5
140,203,5
141,203,5
142,203,5
143,203,5
144,203,5
145,203,5
146,203,5
147,203,5
148,203,5
149,203,5
150,203,5
151,203,5
152,203,5
153,203,5
154,203,5
155,203,5
156,203,5
157,203,6
158,203,6
159,203,6
160,203,6
161,203,6
162,203,6
163,203,6
164,203,6
165,203,6
166,203,6
167,203,6
168,203,6
169,203,7
170,203,7
171,203,7
172,203,7
173,203,7
174,203,8
175,203,8
176,203,9
177,203,9
178,203,10
179,203,11
180,203,11
181,203,13
182,203,15
183,203,16
184,203,18
185,203,22
186,203,29
187,203,69
188,203,128
189,203,128
190,203,128
191,203,128
192,203,128
193,203,128
194,203,128
195,203,128
196,203,128
197,203,28
198,203,19
199,203,18
200,203,19
201,203,21
202,203,26
203,203,128
204,203,128
205,203,54
206,203,128
207,203,128
208,203,128
209,203,128
210,203,128
211,203,128
212,203,128
213,203,128
214,203,128
215,203,128
216,203,128
217,203,128
218,203,128
219,203,128
220,203,128
221,203,128
222,203,128
223,203,128
224,203,128
225,203,128
226,203,128
227,203,128
228,203,128
229,203,128
230,203,128
231,203,128
232,203,128
233,203,128
234,203,128
235,203,128
236,203,128
237,203,128
238,203,128
239,203,128
240,203,128
241,203,128
242,203,128
243,203,128
244,203,128
245,203,128
246,203,128
247,203,128
248,203,128
249,203,128
250,203,128
251,203,128
252,203,128
253,203,128
254,203,128
255,203,128
0,204,1
1,204,1
2,204,1
3,204,1
4,204,1
5,204,1
6,204,1
7,204,1
8,204,1
9,204,1
10,204,1
11,204,1
12,204,2
13,204,2
14,204,2
15,204,2
16,204,2
17,204,2
18,204,2
19,204,2
20,204,3
21,204,3
22,204,3
23,204,3
24,204,3
25,204,3
26,204,3
27,204,3
28,204,3
29,204,3
30,204,3
31,204,3
32,204,3
33,204,3
34,204,3
35,204,3
36,204,3
37,204,3
38,204,3
39,204,3
40,204,3
41,204,3
42,204,3
43,204,3
44,204,3
45,204,3
46,204,3
47,204,3
48,204,3
49,204,3
50,204,3
51,204,3
52,204,3
53,204,3
54,204,3
55,204,3
56,204,3
57,204,3
58,204,3
59,204,3
60,204,3
61,204,3
62,204,3
63,204,3
64,204,3
65,204,3
66,204,3
67,204,3
68,204,3
69,204,3
70,204,3
71,204,3
72,204,3
73,204,3
74,204,3
75,204,3
76,204,3
77,204,3
78,204,3
79,204,3
80,204,3
81,204,3
82,204,3
83,204,3
84,204,3
85,204,3
86,204,3
87,204,3
88,204,3
89,204,3
90,204,3
91,204,3
92,204,3
93,204,3
94,204,3
95,204,3
96,204,3
97,204,3
98,204,3
99,204,3
100,204,3
101,204,3
102,204,3
103,204,3
104,204,3
105,204,4
106,204,4
107,204,4
108,204,4
109,204,4
110,204,4
111,204,4
112,204,4
113,204,4
114,204,4
115,204,4
116,204,4
117,204,4
118,204,4
119,204,4
120,204,4
121,204,4
122,204,4
123,204,4
124,204,4
125,204,4
126,204,4
127,204,5
128,204,5
129,204,5
130,204,5
131,204,5
132,204,5
133,204,5
134,204,5
135,204,5
136,204,5
137,204,5
138,204,5
139,204,5
140,204,5
141,204,5
142,204,5
143,204,5
144,204,5
145,204,5
146,204,5
147,204,5
148,204,5
149,204,5
150,204,5
151,204,5
152,204,5
153,204,5
154,204,5
155,204,5
156,204,5
157,204,5
158,204,6
159,204,6
160,204,6
161,204,6
162,204,6
163,204,6
164,204,6
165,204,6
166,204,6
167,204,6
168,204,6
169,204,7
170,204,7
171,204,7
172,204,7
173,204,7
174,204,8
175,204,8
176,204,9
177,204,10
178,204,10
179,204,11
180,204,12
181,204,13
182,204,14
183,204,15
184,204,20
185,204,27
186,204,98
187,204,128
188,204,128
189,204,128
190,204,128
191,204,128
192,204,128
193,204,128
194,204,128
195,204,128
196,204,40
197,204,33
198,204,19
199,204,16
200,204,17
201,204,20
202,204,128
203,204,128
204,204,128
205,204,33
206,204,124
207,204,128
208,204,128
209,204,128
210,204,128
211,204,128
212,204,128
213,204,128
214,204,128
215,204,128
216,204,128
217,204,128
218,204,128
219,204,128
220,204,128
221,204,128
222,204,128
223,204,128
224,204,128
225,204,128
226,204,128
227,204,128
228,204,128
229,204,128
230,204,128
231,204,128
232,204,128
233,204,128
234,204,128
235,204,128
236,204,128
237,204,128
238,204,128
239,204,128
240,204,128
241,204,128
242,204,128
243,204,128
244,204,128
245,204,128
246,204,128
247,204,128
248,204,128
249,204,128
250,204,128
251,204,128
252,204,128
253,204,128
254,204,128
255,204,128
0,205,1
1,205,1
2,205,1
3,205,1
4,205,1
5,205,1
6,205,1
7,205,1
8,205,1
9,205,1
10,205,1
11,205,1
12,205,2
13,205,2
14,205,2
15,205,2
16,205,2
17,205,2
18,205,2
19,205,2
20,205,2
21,205,3
22,205,3
23,205,3
24,205,3
25,205,3
26,205,3
27,205,3
28,205,3
29,205,3
30,205,3
31,205,3
32,205,3
33,205,3
34,205,3
35,205,3
36,205,3
37,205,3
38,205,3
39,205,3
40,205,3
41,205,3
42,205,3
43,205,3
44,205,3
45,205,3
46,205,3
47,205,3
48,205,3
49,205,3
50,205,3
51,205,3
52,205,3
53,205,3
54,205,3
55,205,3
56,205,3
57,205,3
58,205,3
59,205,3
60,205,3
61,205,3
62,205,3
63,205,3
64,205,3
65,205,3
66,205,3
67,205,3
68,205,3
69,205,3
70,205,3
71,205,3
72,205,3
73,205,3
74,205,3
75,205,3
76,205,3
77,205,3
78,205,3
79,205,3
80,205,3
81,205,3
82,205,3
83,205,3
84,205,3
85,205,3
86,205,3
87,205,3
88,205,3
89,205,3
90,205,3
91,205,3
92,205,3
93,205,3
94,205,3
95,205,3
96,205,3
97,205,3
98,205,3
99,205,3
100,205,3
101,205,3
102,205,3
103,205,3
104,205,3
105,205,3
106,205,4
107,205,4
108,205,4
109,205,4
110,205,4
111,205,4
112,205,4
113,205,4
114,205,4
115,205,4
116,205,4
117,205,4
118,205,4
119,205,4
120,205,4
121,205,4
122,205,4
123,205,4
124,205,4
125,205,4
126,205,4
127,205,4
128,205,4
129,205,4
130,205,5
131,205,5
132,205,5
133,205,5
134,205,5
135,205,5
136,205,5
137,205,5
138,205,5
139,205,5
140,205,5
141,205,5
142,205,5
143,205,5
144,205,5
145,205,5
146,205,5
147,205,5
148,205,5
149,205,5
150,205,5
151,205,5
152,205,5
153,205,5
154,205,5
155,205,5
156,205,5
157,205,5
158,205,5
159,205,6
160,205,6
161,205,6
162,205,6
163,205,6
164,205,6
165,205,6
166,205,6
167,205,6
168,205,6
169,205,6
170,205,7
171,205,7
172,205,7
173,205,7
174,205,8
175,205,8
176,205,9
177,205,10
178,205,13
179,205,12
180,205,12
181,205,13
182,205,14
183,205,16
184,205,24
185,205,123
186,205,120
187,205,128
188,205,128
189,205,128
190,205,128
191,205,128
192,205,128
193,205,85
194,205,128
195,205,35
196,205,51
197,205,31
198,205,16
199,205,15
200,205,15
201,205,18
202,205,92
203,205,128
204,205,128
205,205,23
206,205,42
207,205,29
208,205,35
209,205,54
210,205,128
211,205,128
212,205,128
213,205,128
214,205,128
215,205,128
216,205,128
217,205,128
218,205,128
219,205,128
220,205,128
221,205,128
222,205,128
223,205,128
224,205,128
225,205,128
226,205,128
227,205,128
228,205,128
229,205,128
230,205,128
231,205,128
232,205,128
233,205,128
234,205,128
235,205,128
236,205,128
237,205,128
238,205,128
239,205,128
240,205,128
241,205,128
242,205,128
243,205,128
244,205,128
245,205,128
246,205,128
247,205,128
248,205,128
249,205,128
250,205,128
251,205,128
252,205,128
253,205,128
254,205,128
255,205,128
0,206,1
1,206,1
2,206,1
3,206,1
4,206,1
5,206,1
6,206,1
7,206,1
8,206,1
9,206,1
10,206,1
11,206,1
12,206,1
13,206,2
14,206,2
15,206,2
16,206,2
17,206,2
18,206,2
19,206,2
20,206,2
21,206,2
22,206,3
23,206,3
24,206,3
25,206,3
26,206,3
27,206,3
28,206,3
29,206,3
30,206,3
31,206,3
32,206,3
33,206,3
34,206,3
35,206,3
36,206,3
37,206,3
38,206,3
39,206,3
40,206,3
41,206,3
42,206,3
43,206,3
44,206,3
45,206,3
46,206,3
47,206,3
48,206,3
49,206,3
50,206,3
51,206,3
52,206,3
53,206,3
54,206,3
55,206,3
56,206,3
57,206,3
58,206,3
59,206,3
60,206,3
61,206,3
62,206,3
63,206,3
64,206,3
65,206,3
66,206,3
67,206,3
68,206,3
69,206,3
70,206,3
71,206,3
72,206,3
73,206,3
74,206,3
75,206,3
76,206,3
77,206,3
78,206,3
79,206,3
80,206,3
81,206,3
82,206,3
83,206,3
84,206,3
85,206,3
86,206,3
87,206,3
88,206,3
89,206,3
90,206,3
91,206,3
92,206,3
93,206,3
94,206,3
95,206,3
96,206,3
97,206,3
98,206,3
99,206,3
100,206,3
101,206,3
102,206,3
103,206,3
104,206,3
105,206,3
106,206,3
107,206,3
108,206,4
109,206,4
110,206,4
111,206,4
112,206,4
113,206,4
114,206,4
115,206,4
116,206,4
117,206,4
118,206,4
119,206,4
120,206,4
121,206,4
122,206,4
123,206,4
124,206,4
125,206,4
126,206,4
127,206,4
128,206,4
129,206,4
130,206,4
131,206,4
132,206,5
133,206,5
134,206,5
135,206,5
136,206,5
137,206,5
138,206,5
139,206,5
140,206,5
141,206,5
142,206,5
143,206,5
144,206,5
145,206,5
146,206,5
147,206,5
148,206,5
149,206,5
150,206,5
151,206,5
152,206,5
153,206,5
154,206,5
155,206,5
156,206,5
157,206,5
158,206,5
159,206,5
160,206,6
161,206,6
162,206,6
163,206,6
164,206,6
165,206,6
166,206,6
167,206,6
168,206,6
169,206,6
170,206,7
171,206,7
172,206,7
173,206,7
174,206,7
175,206,8
176,206,12
177,206,15
178,206,47
179,206,16
180,206,38
181,206,15
182,206,15
183,206,16
184,206,28
185,206,27
186,206,43
187,206,128
188,206,128
189,206,128
190,206,32
191,206,72
192,206,39
193,206,50
194,206,83
195,206,92
196,206,20
197,206,17
198,206,14
199,206,14
200,206,14
201,206,15
202,206,54
203,206,24
204,206,19
205,206,19
206,206,20
207,206,28
208,206,102
209,206,128
210,206,128
211,206,128
212,206,128
213,206,128
214,206,128
215,206,128
216,206,128
217,206,128
218,206,128
219,206,128
220,206,128
221,206,128
222,206,128
223,206,128
224,206,128
225,206,128
226,206,128
227,206,128
228,206,128
229,206,128
230,206,128
231,206,128
232,206,128
233,206,128
234,206,128
235,206,128
236,206,128
237,206,128
238,206,128
239,206,128
240,206,128
241,206,128
242,206,128
243,206,128
244,206,128
245,206,128
246,206,128
247,206,128
248,206,128
249,206,128
250,206,128
251,206,128
252,206,128
253,206,128
254,206,128
255,206,128
0,207,1
1,207,1
2,207,1
3,207,1
4,207,1
5,207,1
6,207,1
7,207,1
8,207,1
9,207,1
10,207,1
11,207,1
12,207,1
13,207,2
14,207,2
15,207,2
16,207,2
17,207,2
18,207,2
19,207,2
20,207,2
21,207,2
22,207,3
23,207,3
24,207,3
25,207,3
26,207,3
27,207,3
28,207,3
29,207,3
30,207,3
31,207,3
32,207,3
33,207,3
34,207,3
35,207,3
36,207,3
37,207,3
38,207,3
39,207,3
40,207,3
41,207,3
42,207,3
43,207,3
44,207,3
45,207,3
46,207,3
47,207,3
48,207,3
49,207,3
50,207,3
51,207,3
52,207,3
53,207,3
54,207,3
55,207,3
56,207,3
57,207,3
58,207,3
59,207,3
60,207,3
61,207,3
62,207,3
63,207,3
64,207,3
65,207,3
66,207,3
67,207,3
68,207,3
69,207,3
70,207,3
71,207,3
72,207,3
73,207,3
74,207,3
75,207,3
76,207,3
77,207,3
78,207,3
79,207,3
80,207,3
81,207,3
82,207,3
83,207,3
84,207,3
85,207,3
86,207,3
87,207,3
88,207,3
89,207,3
90,207,3
91,207,3
92,207,3
93,207,3
94,207,3
95,207,3
96,207,3
97,207,3
98,207,3
99,207,3
100,207,3
101,207,3
102,207,3
103,207,3
104,207,3
105,207,3
106,207,3
107,207,3
108,207,3
109,207,4
110,207,4
111,207,4
112,207,4
113,207,4
114,207,4
115,207,4
116,207,4
117,207,4
118,207,4
119,207,4
120,207,4
121,207,4
122,207,4
123,207,4
124,207,4
125,207,4
126,207,4
127,207,4
128,207,4
129,207,4
130,207,4
131,207,4
132,207,4
133,207,4
134,207,4
135,207,5
136,207,5
137,207,5
138,207,5
139,207,5
140,207,5
141,207,5
142,207,5
143,207,5
144,207,5
145,207,5
146,207,5
147,207,5
148,207,5
149,207,5
150,207,5
151,207,5
152,207,5
153,207,5
154,207,5
155,207,5
156,207,5
157,207,5
158,207,5
159,207,5
160,207,5
161,207,6
162,207,6
163,207,6
164,207,6
165,207,6
166,207,6
167,207,6
168,207,6
169,207,6
170,207,7
171,207,7
172,207,7
173,207,7
174,207,7
175,207,8
176,207,10
177,207,13
178,207,33
179,207,35
180,207,32
181,207,29
182,207,17
183,207,18
184,207,20
185,207,27
186,207,43
187,207,96
188,207,43
189,207,34
190,207,24
191,207,32
192,207,23
193,207,26
194,207,95
195,207,28
196,207,21
197,207,16
198,207,14
199,207,13
200,207,13
201,207,13
202,207,14
203,207,14
204,207,15
205,207,17
206,207,22
207,207,128
208,207,128
209,207,128
210,207,128
211,207,128
212,207,128
213,207,35
214,207,128
215,207,128
216,207,128
217,207,128
218,207,128
219,207,128
220,207,128
221,207,128
222,207,128
223,207,128
224,207,128
225,207,128
226,207,128
227,207,128
228,207,128
229,207,128
230,207,128
231,207,128
232,207,128
233,207,128
234,207,128
235,207,128
236,207,128
237,207,128
238,207,128
239,207,128
240,207,128
241,207,128
242,207,128
243,207,128
244,207,128
245,207,128
246,207,128
247,207,128
248,207,128
249,207,128
250,207,128
251,207,128
252,207,128
253,207,128
254,207,128
255,207,128
0,208,1
1,208,1
2,208,1
3,208,1
4,208,1
5,208,1
6,208,1
7,208,1
8,208,1
9,208,1
10,208,1
11,208,1
12,208,1
13,208,2
14,208,2
15,208,2
16,208,2
17,208,2
18,208,2
19,208,2
20,208,2
21,208,2
22,208,2
23,208,3
24,208,3
25,208,3
26,208,3
27,208,3
28,208,3
29,208,3
30,208,3
31,208,3
32,208,3
33,208,3
34,208,3
35,208,3
36,208,3
37,208,3
38,208,3
39,208,3
40,208,3
41,208,3
42,208,3
43,208,3
44,208,3
45,208,3
46,208,3
47,208,3
48,208,3
49,208,3
50,208,3
51,208,3
52,208,3
53,208,3
54,208,3
55,208,3
56,208,3
57,208,3
58,208,3
59,208,3
60,208,3
61,208,3
62,208,3
63,208,3
64,208,3
65,208,3
66,208,3
67,208,3
68,208,3
69,208,3
70,208,3
71,208,3
72,208,3
73,208,3
74,208,3
75,208,3
76,208,3
77,208,3
78,208,3
79,208,3
80,208,3
81,208,3
82,208,3
83,208,3
84,208,3
85,208,3
86,208,3
87,208,3
88,208,3
89,208,3
90,208,3
91,208,3
92,208,3
93,208,3
94,208,3
95,208,3
96,208,3
97,208,3
98,208,3
99,208,3
100,208,3
101,208,3
102,208,3
103,208,3
104,208,3
105,208,3
106,208,3
107,208,3
108,208,3
109,208,3
110,208,4
111,208,4
112,208,4
113,208,4
114,208,4
115,208,4
116,208,4
117,208,4
118,208,4
119,208,4
120,208,4
121,208,4
122,208,4
123,208,4
124,208,4
125,208,4
126,208,4
127,208,4
128,208,4
129,208,4
130,208,4
131,208,4
132,208,4
133,208,4
134,208,4
135,208,4
136,208,4
137,208,5
138,208,5
139,208,5
140,208,5
141,208,5
142,208,5
143,208,5
144,208,5
145,208,5
146,208,5
147,208,5
148,208,5
149,208,5
150,208,5
151,208,5
152,208,5
153,208,5
154,208,5
155,208,5
156,208,5
157,208,5
158,208,5
159,208,5
160,208,5
161,208,5
162,208,6
163,208,6
164,208,6
165,208,6
166,208,6
167,208,6
168,208,6
169,208,6
170,208,7
171,208,7
172,208,7
173,208,7
174,208,7
175,208,8
176,208,9
177,208,12
178,208,18
179,208,15
180,208,25
181,208,24
182,208,25
183,208,20
184,208,22
185,208,103
186,208,38
187,208,27
188,208,29
189,208,82
190,208,73
191,208,18
192,208,20
193,208,87
194,208,80
195,208,57
196,208,22
197,208,18
198,208,13
199,208,12
200,208,12
201,208,12
202,208,12
203,208,13
204,208,14
205,208,16
206,208,87
207,208,128
208,208,128
209,208,128
210,208,128
211,208,128
212,208,128
213,208,27
214,208,32
215,208,128
216,208,128
217,208,128
218,208,128
219,208,128
220,208,128
221,208,128
222,208,128
223,208,128
224,208,128
225,208,128
226,208,128
227,208,128
228,208,128
229,208,128
230,208,128
231,208,128
232,208,128
233,208,128
234,208,128
235,208,128
236,208,128
237,208,128
238,208,128
239,208,128
240,208,128
241,208,128
242,208,128
243,208,128
244,208,128
245,208,128
246,208,128
247,208,128
248,208,128
249,208,128
250,208,128
251,208,128
252,208,128
253,208,128
254,208,128
255,208,128
0,209,1
1,209,1
2,209,1
3,209,1
4,209,1
5,209,1
6,209,1
7,209,1
8,209,1
9,209,1
10,209,1
11,209,1
12,209,1
13,209,1
14,209,2
15,209,2
16,209,2
17,209,2
18,209,2
19,209,2
20,209,2
21,209,2
22,209,2
23,209,3
24,209,3
25,209,3
26,209,3
27,209,3
28,209,3
29,209,3
30,209,3
31,209,3
32,209,3
33,209,3
34,209,3
35,209,3
36,209,3
37,209,3
38,209,3
39,209,3
40,209,3
41,209,3
42,209,3
43,209,3
44,209,3
45,209,3
46,209,3
47,209,3
48,209,3
49,209,3
50,209,3
51,209,3
52,209,3
53,209,3
54,209,3
55,209,3
56,209,3
57,209,3
58,209,3
59,209,3
60,209,3
61,209,3
62,209,3
63,209,3
64,209,3
65,209,3
66,209,3
67,209,3
68,209,3
69,209,3
70,209,3
71,209,3
72,209,3
73,209,3
74,209,3
75,209,3
76,209,3
77,209,3
78,209,3
79,209,3
80,209,3
81,209,3
82,209,3
83,209,3
84,209,3
85,209,3
86,209,3
87,209,3
88,209,3
89,209,3
90,209,3
91,209,3
92,209,3
93,209,3
94,209,3
95,209,3
96,209,3
97,209,3
98,209,3
99,209,3
100,209,3
101,209,3
102,209,3
103,209,3
104,209,3
105,209,3
106,209,3
107,209,3
108,209,3
109,209,3
110,209,3
111,209,4
112,209,4
113,209,4
114,209,4
115,209,4
116,209,4
117,209,4
118,209,4
119,209,4
120,209,4
121,209,4
122,209,4
123,209,4
124,209,4
125,209,4
126,209,4
127,209,4
128,209,4
129,209,4
130,209,4
131,209,4
132,209,4
133,209,4
134,209,4
135,209,4
136,209,4
137,209,4
138,209,4
139,209,4
140,209,5
141,209,5
142,209,5
143,209,5
144,209,5
145,209,5
146,209,5
147,209,5
148,209,5
149,209,5
150,209,5
151,209,5
152,209,5
153,209,5
154,209,5
155,209,5
156,209,5
157,209,5
158,209,5
159,209,5
160,209,5
161,209,5
162,209,5
163,209,6
164,209,6
165,209,6
166,209,6
167,209,6
168,209,6
169,209,6
170,209,6
171,209,7
172,209,7
173,209,7
174,209,7
175,209,8
176,209,9
177,209,10
178,209,12
179,209,13
180,209,16
181,209,21
182,209,32
183,209,31
184,209,25
185,209,41
186,209,34
187,209,21
188,209,42
189,209,53
190,209,16
191,209,16
192,209,19
193,209,25
194,209,41
195,209,21
196,209,14
197,209,12
198,209,11
199,209,11
200,209,11
201,209,12
202,209,12
203,209,13
204,209,14
205,209,16
206,209,19
207,209,28
208,209,39
209,209,128
210,209,128
211,209,84
212,209,128
213,209,25
214,209,21
215,209,80
216,209,26
217,209,61
218,209,128
219,209,128
220,209,73
221,209,128
222,209,128
223,209,128
224,209,128
225,209,128
226,209,128
227,209,128
228,209,128
229,209,128
230,209,128
231,209,128
232,209,128
233,209,128
234,209,128
235,209,128
236,209,128
237,209,128
238,209,128
239,209,128
240,209,128
241,209,128
242,209,128
243,209,128
244,209,128
245,209,128
246,209,128
247,209,128
248,209,128
249,209,128
250,209,128
251,209,128
252,209,128
253,209,128
254,209,128
255,209,128
0,210,1
1,210,1
2,210,1
3,210,1
4,210,1
5,210,1
6,210,1
7,210,1
8,210,1
9,210,1
10,210,1
11,210,1
12,210,1
13,210,1
14,210,2
15,210,2
16,210,2
17,210,2
18,210,2
19,210,2
20,210,2
21,210,2
22,210,2
23,210,2
24,210,3
25,210,3
26,210,3
27,210,3
28,210,3
29,210,3
30,210,3
31,210,3
32,210,3
33,210,3
34,210,3
35,210,3
36,210,3
37,210,3
38,210,3
39,210,3
40,210,3
41,210,3
42,210,3
43,210,3
44,210,3
45,210,3
46,210,3
47,210,3
48,210,3
49,210,3
50,210,3
51,210,3
52,210,3
53,210,3
54,210,3
55,210,3
56,210,3
57,210,3
58,210,3
59,210,3
60,210,3
61,210,3
62,210,3
63,210,3
64,210,3
65,210,3
66,210,3
67,210,3
68,210,3
69,210,3
70,210,3
71,210,3
72,210,3
73,210,3
74,210,3
75,210,3
76,210,3
77,210,3
78,210,3
79,210,3
80,210,3
81,210,3
82,210,3
83,210,3
84,210,3
85,210,3
86,210,3
87,210,3
88,210,3
89,210,3
90,210,3
91,210,3
92,210,3
93,210,3
94,210,3
95,210,3
96,210,3
97,210,3
98,210,3
99,210,3
100,210,3
101,210,3
102,210,3
103,210,3
104,210,3
105,210,3
106,210,3
107,210,3
108,210,3
109,210,3
110,210,3
111,210,3
112,210,3
113,210,4
114,210,4
115,210,4
116,210,4
117,210,4
118,210,4
119,210,4
120,210,4
121,210,4
122,210,4
123,210,4
124,210,4
125,210,4
126,210,4
127,210,4
128,210,4
129,210,4
130,210,4
131,210,4
132,210,4
133,210,4
134,210,4
135,210,4
136,210,4
137,210,4
138,210,4
139,210,4
140,210,4
141,210,4
142,210,5
143,210,5
144,210,5
145,210,5
146,210,5
147,210,5
148,210,5
149,210,5
150,210,5
151,210,5
152,210,5
153,210,5
154,210,5
155,210,5
156,210,5
157,210,5
158,210,5
159,210,5
160,210,5
161,210,5
162,210,5
163,210,5
164,210,6
165,210,6
166,210,6
167,210,6
168,210,6
169,210,6
170,210,6
171,210,7
172,210,7
173,210,7
174,210,7
175,210,8
176,210,9
177,210,9
178,210,11
179,210,12
180,210,14
181,210,16
182,210,19
183,210,24
184,210,35
185,210,26
186,210,21
187,210,19
188,210,17
189,210,16
190,210,14
191,210,14
192,210,16
193,210,14
194,210,18
195,210,23
196,210,12
197,210,11
198,210,11
199,210,11
200,210,11
201,210,11
202,210,11
203,210,12
204,210,15
205,210,21
206,210,22
207,210,24
208,210,70
209,210,128
210,210,50
211,210,33
212,210,77
213,210,35
214,210,17
215,210,19
216,210,23
217,210,60
218,210,128
219,210,128
220,210,35
221,210,30
222,210,62
223,210,128
224,210,128
225,210,81
226,210,128
227,210,128
228,210,128
229,210,128
230,210,128
231,210,128
232,210,128
233,210,128
234,210,128
235,210,128
236,210,128
237,210,128
238,210,128
239,210,128
240,210,128
241,210,128
242,210,128
243,210,128
244,210,128
245,210,128
246,210,128
247,210,128
248,210,128
249,210,128
250,210,128
251,210,128
252,210,128
253,210,128
254,210,128
255,210,49
0,211,1
1,211,1
2,211,1
3,211,1
4,211,1
5,211,1
6,211,1
7,211,1
8,211,1
9,211,1
10,211,1
11,211,1
12,211,1
13,211,1
14,211,2
15,211,2
16,211,2
17,211,2
18,211,2
19,211,2
20,211,2
21,211,2
22,211,2
23,211,2
24,211,2
25,211,3
26,211,3
27,211,3
28,211,3
29,211,3
30,211,3
31,211,3
32,211,3
33,211,3
34,211,3
35,211,3
36,211,3
37,211,3
38,211,3
39,211,3
40,211,3
41,211,3
42,211,3
43,211,3
44,211,3
45,211,3
46,211,3
47,211,3
48,211,3
49,211,3
50,211,3
51,211,3
52,211,3
53,211,3
54,211,3
55,211,3
56,211,3
57,211,3
58,211,3
59,211,3
60,211,3
61,211,3
62,211,3
63,211,3
64,211,3
65,211,3
66,211,3
67,211,3
68,211,3
69,211,3
70,211,3
71,211,3
72,211,3
73,211,3
74,211,3
75,211,3
76,211,3
77,211,3
78,211,3
79,211,3
80,211,3
81,211,3
82,211,3
83,211,3
84,211,3
85,211,3
86,211,3
87,211,3
88,211,3
89,211,3
90,211,3
91,211,3
92,211,3
93,211,3
94,211,3
95,211,3
96,211,3
97,211,3
98,211,3
99,211,3
100,211,3
101,211,3
102,211,3
103,211,3
104,211,3
105,211,3
106,211,3
107,211,3
108,211,3
109,211,3
110,211,3
111,211,3
112,211,3
113,211,3
114,211,4
115,211,4
116,211,4
117,211,4
118,211,4
119,211,4
120,211,4
121,211,4
122,211,4
123,211,4
124,211,4
125,211,4
126,211,4
127,211,4
128,211,4
129,211,4
130,211,4
131,211,4
132,211,4
133,211,4
134,211,4
135,211,4
136,211,4
137,211,4
138,211,4
139,211,4
140,211,4
141,211,4
142,211,4
143,211,4
144,211,4
145,211,5
146,211,5
147,211,5
148,211,5
149,211,5
150,211,5
151,211,5
152,211,5
153,211,5
154,211,5
155,211,5
156,211,5
157,211,5
158,211,5
159,211,5
160,211,5
161,211,5
162,211,5
163,211,5
164,211,5
165,211,6
166,211,6
167,211,6
168,211,6
169,211,6
170,211,6
171,211,7
172,211,7
173,211,7
174,211,7
175,211,8
176,211,9
177,211,10
178,211,10
179,211,12
180,211,14
181,211,17
182,211,33
183,211,31
184,211,51
185,211,67
186,211,25
187,211,20
188,211,16
189,211,15
190,211,14
191,211,13
192,211,12
193,211,12
194,211,12
195,211,11
196,211,10
197,211,10
198,211,10
199,211,10
200,211,10
201,211,10
202,211,11
203,211,12
204,211,22
205,211,35
206,211,60
207,211,47
208,211,36
209,211,108
210,211,30
211,211,22
212,211,18
213,211,15
214,211,16
215,211,21
216,211,128
217,211,35
218,211,128
219,211,32
220,211,21
221,211,69
222,211,42
223,211,128
224,211,29
225,211,36
226,211,128
227,211,33
228,211,124
229,211,42
230,211,76
231,211,128
232,211,128
233,211,128
234,211,128
235,211,128
236,211,128
237,211,128
238,211,128
239,211,128
240,211,128
241,211,128
242,211,128
243,211,128
244,211,128
245,211,128
246,211,128
247,211,71
248,211,128
249,211,128
250,211,45
251,211,44
252,211,128
253,211,128
254,211,128
255,211,42
0,212,1
1,212,1
2,212,1
3,212,1
4,212,1
5,212,1
6,212,1
7,212,1
8,212,1
9,212,1
10,212,1
11,212,1
12,212,1
13,212,1
14,212,1
15,212,2
16,212,2
17,212,2
18,212,2
19,212,2
20,212,2
21,212,2
22,212,2
23,212,2
24,212,2
25,212,3
26,212,3
27,212,3
28,212,3
29,212,3
30,212,3
31,212,3
32,212,3
33,212,3
34,212,3
35,212,3
36,212,3
37,212,3
38,212,3
39,212,3
40,212,3
41,212,3
42,212,3
43,212,3
44,212,3
45,212,3
46,212,3
47,212,3
48,212,3
49,212,3
50,212,3
51,212,3
52,212,3
53,212,3
54,212,3
55,212,3
56,212,3
57,212,3
58,212,3
59,212,3
60,212,3
61,212,3
62,212,3
63,212,3
64,212,3
65,212,3
66,212,3
67,212,3
68,212,3
69,212,3
70,212,3
71,212,3
72,212,3
73,212,3
74,212,3
75,212,3
76,212,3
77,212,3
78,212,3
79,212,3
80,212,3
81,212,3
82,212,3
83,212,3
84,212,3
85,212,3
86,212,3
87,212,3
88,212,3
89,212,3
90,212,3
91,212,3
92,212,3
93,212,3
94,212,3
95,212,3
96,212,3
97,212,3
98,212,3
99,212,3
100,212,3
101,212,3
102,212,3
103,212,3
104,212,3
105,212,3
106,212,3
107,212,3
108,212,3
109,212,3
110,212,3
111,212,3
112,212,3
113,212,3
114,212,3
115,212,4
116,212,4
117,212,4
118,212,4
119,212,4
120,212,4
121,212,4
122,212,4
123,212,4
124,212,4
125,212,4
126,212,4
127,212,4
128,212,4
129,212,4
130,212,4
131,212,4
132,212,4
133,212,4
134,212,4
135,212,4
136,212,4
137,212,4
138,212,4
139,212,4
140,212,4
141,212,4
142,212,4
143,212,4
144,212,4
145,212,4
146,212,4
147,212,5
148,212,5
149,212,5
150,212,5
151,212,5
152,212,5
153,212,5
154,212,5
155,212,5
156,212,5
157,212,5
158,212,5
159,212,5
160,212,5
161,212,5
162,212,5
163,212,5
164,212,5
165,212,5
166,212,6
167,212,6
168,212,6
169,212,6
170,212,6
171,212,6
172,212,7
173,212,7
174,212,8
175,212,8
176,212,9
177,212,10
178,212,11
179,212,18
180,212,18
181,212,52
182,212,22
183,212,18
184,212,41
185,212,19
186,212,30
187,212,37
188,212,18
189,212,15
190,212,13
191,212,12
192,212,11
193,212,11
194,212,10
195,212,10
196,212,10
197,212,9
198,212,9
199,212,9
200,212,10
201,212,10
202,212,10
203,212,11
204,212,12
205,212,15
206,212,20
207,212,30
208,212,56
209,212,39
210,212,34
211,212,75
212,212,17
213,212,14
214,212,14
215,212,16
216,212,20
217,212,113
218,212,67
219,212,34
220,212,18
221,212,18
222,212,79
223,212,128
224,212,25
225,212,20
226,212,75
227,212,23
228,212,128
229,212,23
230,212,25
231,212,26
232,212,28
233,212,32
234,212,38
235,212,128
236,212,128
237,212,128
238,212,128
239,212,128
240,212,128
241,212,128
242,212,128
243,212,128
244,212,128
245,212,128
246,212,37
247,212,32
248,212,28
249,212,26
250,212,26
251,212,23
252,212,26
253,212,21
254,212,52
255,212,20
0,213,1
1,213,1
2,213,1
3,213,1
4,213,1
5,213,1
6,213,1
7,213,1
8,213,1
9,213,1
10,213,1
11,213,1
12,213,1
13,213,1
14,213,1
15,213,2
16,213,2
17,213,2
18,213,2
19,213,2
20,213,2
21,213,2
22,213,2
23,213,2
24,213,2
25,213,2
26,213,3
27,213,3
28,213,3
29,213,3
30,213,3
31,213,3
32,213,3
33,213,3
34,213,3
35,213,3
36,213,3
37,213,3
38,213,3
39,213,3
40,213,3
41,213,3
42,213,3
43,213,3
44,213,3
45,213,3
46,213,3
47,213,3
48,213,3
49,213,3
50,213,3
51,213,3
52,213,3
53,213,3
54,213,3
55,213,3
56,213,3
57,213,3
58,213,3
59,213,3
60,213,3
61,213,3
62,213,3
63,213,3
64,213,3
65,213,3
66,213,3
67,213,3
68,213,3
69,213,3
70,213,3
71,213,3
72,213,3
73,213,3
74,213,3
75,213,3
76,213,3
77,213,3
78,213,3
79,213,3
80,213,3
81,213,3
82,213,3
83,213,3
84,213,3
85,213,3
86,213,3
87,213,3
88,213,3
89,213,3
90,213,3
91,213,3
92,213,3
93,213,3
94,213,3
95,213,3
96,213,3
97,213,3
98,213,3
99,213,3
100,213,3
101,213,3
102,213,3
103,213,3
104,213,3
105,213,3
106,213,3
107,213,3
108,213,3
109,213,3
110,213,3
111,213,3
112,213,3
113,213,3
114,213,3
115,213,3
116,213,4
117,213,4
118,213,4
119,213,4
120,213,4
121,213,4
122,213,4
123,213,4
124,213,4
125,213,4
126,213,4
127,213,4
128,213,4
129,213,4
130,213,4
131,213,4
132,213,4
133,213,4
134,213,4
135,213,4
136,213,4
137,213,4
138,213,4
139,213,4
140,213,4
141,213,4
142,213,4
143,213,4
144,213,4
145,213,4
146,213,4
147,213,4
148,213,4
149,213,5
150,213,5
151,213,5
152,213,5
153,213,5
154,213,5
155,213,5
156,213,5
157,213,5
158,213,5
159,213,5
160,213,5
161,213,5
162,213,5
163,213,5
164,213,5
165,213,5
166,213,5
167,213,6
168,213,6
169,213,6
170,213,6
171,213,6
172,213,7
173,213,7
174,213,8
175,213,8
176,213,17
177,213,12
178,213,15
179,213,22
180,213,23
181,213,17
182,213,14
183,213,16
184,213,29
185,213,15
186,213,17
187,213,42
188,213,30
189,213,30
190,213,13
191,213,11
192,213,11
193,213,10
194,213,10
195,213,9
196,213,9
197,213,9
198,213,9
199,213,9
200,213,9
201,213,9
202,213,10
203,213,10
204,213,11
205,213,13
206,213,19
207,213,27
208,213,58
209,213,46
210,213,23
211,213,32
212,213,15
213,213,13
214,213,13
215,213,13
216,213,15
217,213,34
218,213,30
219,213,23
220,213,15
221,213,15
222,213,20
223,213,17
224,213,17
225,213,17
226,213,17
227,213,18
228,213,19
229,213,21
230,213,22
231,213,25
232,213,128
233,213,123
234,213,128
235,213,128
236,213,128
237,213,128
238,213,128
239,213,128
240,213,128
241,213,128
242,213,128
243,213,128
244,213,128
245,213,128
246,213,128
247,213,62
248,213,36
249,213,24
250,213,22
251,213,20
252,213,18
253,213,18
254,213,17
255,213,16
0,214,1
1,214,1
2,214,1
3,214,1
4,214,1
5,214,1
6,214,1
7,214,1
8,214,1
9,214,1
10,214,1
11,214,1
12,214,1
13,214,1
14,214,1
15,214,2
16,214,2
17,214,2
18,214,2
19,214,2
20,214,2
21,214,2
22,214,2
23,214,2
24,214,2
25,214,2
26,214,3
27,214,3
28,214,3
29,214,3
30,214,3
31,214,3
32,214,3
33,214,3
34,214,3
35,214,3
36,214,3
37,214,3
38,214,3
39,214,3
40,214,3
41,214,3
42,214,3
43,214,3
44,214,3
45,214,3
46,214,3
47,214,3
48,214,3
49,214,3
50,214,3
51,214,3
52,214,3
53,214,3
54,214,3
55,214,3
56,214,3
57,214,3
58,214,3
59,214,3
60,214,3
61,214,3
62,214,3
63,214,3
64,214,3
65,214,3
66,214,3
67,214,3
68,214,3
69,214,3
70,214,3
71,214,3
72,214,3
73,214,3
74,214,3
75,214,3
76,214,3
77,214,3
78,214,3
79,214,3
80,214,3
81,214,3
82,214,3
83,214,3
84,214,3
85,214,3
86,214,3
87,214,3
88,214,3
89,214,3
90,214,3
91,214,3
92,214,3
93,214,3
94,214,3
95,214,3
96,214,3
97,214,3
98,214,3
99,214,3
100,214,3
101,214,3
102,214,3
103,214,3
104,214,3
105,214,3
106,214,3
107,214,3
108,214,3
109,214,3
110,214,3
111,214,3
112,214,3
113,214,3
114,214,3
115,214,3
116,214,3
117,214,3
118,214,4
119,214,4
120,214,4
121,214,4
122,214,4
123,214,4
124,214,4
125,214,4
126,214,4
127,214,4
128,214,4
129,214,4
130,214,4
131,214,4
132,214,4
133,214,4
134,214,4
135,214,4
136,214,4
137,214,4
138,214,4
139,214,4
140,214,4
141,214,4
142,214,4
143,214,4
144,214,4
145,214,4
146,214,4
147,214,4
148,214,4
149,214,4
150,214,4
151,214,4
152,214,5
153,214,5
154,214,5
155,214,5
156,214,5
157,214,5
158,214,5
159,214,5
160,214,5
161,214,5
162,214,5
163,214,5
164,214,5
165,214,5
166,214,5
167,214,5
168,214,6
169,214,6
170,214,6
171,214,6
172,214,6
173,214,7
174,214,8
175,214,9
176,214,12
177,214,19
178,214,30
179,214,24
180,214,14
181,214,11
182,214,12
183,214,14
184,214,33
185,214,13
186,214,13
187,214,15
188,214,30
189,214,32
190,214,27
191,214,11
192,214,10
193,214,10
194,214,9
195,214,9
196,214,9
197,214,9
198,214,9
199,214,9
200,214,9
201,214,9
202,214,9
203,214,10
204,214,11
205,214,16
206,214,48
207,214,19
208,214,22
209,214,18
210,214,38
211,214,15
212,214,12
213,214,12
214,214,12
215,214,12
216,214,13
217,214,16
218,214,14
219,214,15
220,214,14
221,214,13
222,214,14
223,214,14
224,214,15
225,214,15
226,214,16
227,214,17
228,214,18
229,214,20
230,214,26
231,214,66
232,214,128
233,214,128
234,214,128
235,214,128
236,214,128
237,214,128
238,214,128
239,214,128
240,214,128
241,214,128
242,214,128
243,214,128
244,214,128
245,214,128
246,214,128
247,214,128
248,214,128
249,214,58
250,214,24
251,214,19
252,214,17
253,214,16
254,214,15
255,214,15
0,215,1
1,215,1
2,215,1
3,215,1
4,215,1
5,215,1
6,215,1
7,215,1
8,215,1
9,215,1
10,215,1
11,215,1
12,215,1
13,215,1
14,215,1
15,215,1
16,215,2
17,215,2
18,215,2
19,215,2
20,215,2
21,215,2
22,215,2
23,215,2
24,215,2
25,215,2
26,215,2
27,215,3
28,215,3
29,215,3
30,215,3
31,215,3
32,215,3
33,215,3
34,215,3
35,215,3
36,215,3
37,215,3
38,215,3
39,215,3
40,215,3
41,215,3
42,215,3
43,215,3
44,215,3
45,215,3
46,215,3
47,215,3
48,215,3
49,215,3
50,215,3
51,215,3
52,215,3
53,215,3
54,215,3
55,215,3
56,215,3
57,215,3
58,215,3
59,215,3
60,215,3
61,215,3
62,215,3
63,215,3
64,215,3
65,215,3
66,215,3
67,215,3
68,215,3
69,215,3
70,215,3
71,215,3
72,215,3
73,215,3
74,215,3
75,215,3
76,215,3
77,215,3
78,215,3
79,215,3
80,215,3
81,215,3
82,215,3
83,215,3
84,215,3
85,215,3
86,215,3
87,215,3
88,215,3
89,215,3
90,215,3
91,215,3
92,215,3
93,215,3
94,215,3
95,215,3
96,215,3
97,215,3
98,215,3
99,215,3
100,215,3
101,215,3
102,215,3
103,215,3
104,215,3
105,215,3
106,215,3
107,215,3
108,215,3
109,215,3
110,215,3
111,215,3
112,215,3
113,215,3
114,215,3
115,215,3
116,215,3
117,215,3
118,215,3
119,215,4
120,215,4
121,215,4
122,215,4
123,215,4
124,215,4
125,215,4
126,215,4
127,215,4
128,215,4
129,215,4
130,215,4
131,215,4
132,215,4
133,215,4
134,215,4
135,215,4
136,215,4
137,215,4
138,215,4
139,215,4
140,215,4
141,215,4
142,215,4
143,215,4
144,215,4
145,215,4
146,215,4
147,215,4
148,215,4
149,215,4
150,215,4
151,215,4
152,215,4
153,215,4
154,215,5
155,215,5
156,215,5
157,215,5
158,215,5
159,215,5
160,215,5
161,215,5
162,215,5
163,215,5
164,215,5
165,215,5
166,215,5
167,215,5
168,215,5
169,215,6
170,215,6
171,215,6
172,215,6
173,215,7
174,215,8
175,215,10
176,215,14
177,215,19
178,215,35
179,215,12
180,215,10
181,215,10
182,215,10
183,215,12
184,215,13
185,215,11
186,215,11
187,215,12
188,215,15
189,215,59
190,215,15
191,215,12
192,215,10
193,215,9
194,215,9
195,215,9
196,215,9
197,215,9
198,215,9
199,215,9
200,215,9
201,215,9
202,215,9
203,215,9
204,215,10
205,215,25
206,215,29
207,215,13
208,215,12
209,215,12
210,215,28
211,215,35
212,215,11
213,215,11
214,215,11
215,215,11
216,215,11
217,215,11
218,215,12
219,215,12
220,215,12
221,215,13
222,215,13
223,215,13
224,215,14
225,215,15
226,215,16
227,215,17
228,215,19
229,215,23
230,215,77
231,215,128
232,215,128
233,215,128
234,215,128
235,215,128
236,215,128
237,215,128
238,215,128
239,215,128
240,215,128
241,215,128
242,215,128
243,215,128
244,215,128
245,215,128
246,215,128
247,215,128
248,215,128
249,215,128
250,215,128
251,215,51
252,215,18
253,215,16
254,215,15
255,215,14
0,216,1
1,216,1
2,216,1
3,216,1
4,216,1
5,216,1
6,216,1
7,216,1
8,216,1
9,216,1
10,216,1
11,216,1
12,216,1
13,216,1
14,216,1
15,216,1
16,216,2
17,216,2
18,216,2
19,216,2
20,216,2
21,216,2
22,216,2
23,216,2
24,216,2
25,216,2
26,216,2
27,216,2
28,216,3
29,216,3
30,216,3
31,216,3
32,216,3
33,216,3
34,216,3
35,216,3
36,216,3
37,216,3
38,216,3
39,216,3
40,216,3
41,216,3
42,216,3
43,216,3
44,216,3
45,216,3
46,216,3
47,216,3
48,216,3
49,216,3
50,216,3
51,216,3
52,216,3
53,216,3
54,216,3
55,216,3
56,216,3
57,216,3
58,216,3
59,216,3
60,216,3
61,216,3
62,216,3
63,216,3
64,216,3
65,216,3
66,216,3
67,216,3
68,216,3
69,216,3
70,216,3
71,216,3
72,216,3
73,216,3
74,216,3
75,216,3
76,216,3
77,216,3
78,216,3
79,216,3
80,216,3
81,216,3
82,216,3
83,216,3
84,216,3
85,216,3
86,216,3
87,216,3
88,216,3
89,216,3
90,216,3
91,216,3
92,216,3
93,216,3
94,216,3
95,216,3
96,216,3
97,216,3
98,216,3
99,216,3
100,216,3
101,216,3
102,216,3
103,216,3
104,216,3
105,216,3
106,216,3
107,216,3
108,216,3
109,216,3
110,216,3
111,216,3
112,216,3
113,216,3
114,216,3
115,216,3
116,216,3
117,216,3
118,216,3
119,216,3
120,216,4
121,216,4
122,216,4
123,216,4
124,216,4
125,216,4
126,216,4
127,216,4
128,216,4
129,216,4
130,216,4
131,216,4
132,216,4
133,216,4
134,216,4
135,216,4
136,216,4
137,216,4
138,216,4
139,216,4
140,216,4
141,216,4
142,216,4
143,216,4
144,216,4
145,216,4
146,216,4
147,216,4
148,216,4
149,216,4
150,216,4
151,216,4
152,216,4
153,216,4
154,216,4
155,216,4
156,216,5
157,216,5
158,216,5
159,216,5
160,216,5
161,216,5
162,216,5
163,216,5
164,216,5
165,216,5
166,216,5
167,216,5
168,216,5
169,216,5
170,216,6
171,216,6
172,216,6
173,216,6
174,216,7
175,216,10
176,216,12
177,216,11
178,216,12
179,216,15
180,216,9
181,216,9
182,216,9
183,216,9
184,216,9
185,216,9
186,216,10
187,216,12
188,216,24
189,216,39
190,216,35
191,216,24
192,216,10
193,216,9
194,216,8
195,216,8
196,216,8
197,216,8
198,216,8
199,216,8
200,216,8
201,216,8
202,216,8
203,216,9
204,216,9
205,216,10
206,216,10
207,216,10
208,216,10
209,216,10
210,216,11
211,216,11
212,216,10
213,216,10
214,216,10
215,216,10
216,216,10
217,216,10
218,216,11
219,216,11
220,216,12
221,216,12
222,216,12
223,216,13
224,216,14
225,216,14
226,216,16
227,216,18
228,216,22
229,216,43
230,216,128
231,216,128
232,216,128
233,216,128
234,216,128
235,216,128
236,216,128
237,216,128
238,216,128
239,216,128
240,216,128
241,216,128
242,216,128
243,216,128
244,216,128
245,216,128
246,216,128
247,216,128
248,216,128
249,216,128
250,216,128
251,216,31
252,216,21
253,216,17
254,216,15
255,216,14
0,217,1
1,217,1
2,217,1
3,217,1
4,217,1
5,217,1
6,217,1
7,217,1
8,217,1
9,217,1
10,217,1
11,217,1
12,217,1
13,217,1
14,217,1
15,217,1
16,217,2
17,217,2
18,217,2
19,217,2
20,217,2
21,217,2
22,217,2
23,217,2
24,217,2
25,217,2
26,217,2
27,217,2
28,217,3
29,217,3
30,217,3
31,217,3
32,217,3
33,217,3
34,217,3
35,217,3
36,217,3
37,217,3
38,217,3
39,217,3
40,217,3
41,217,3
42,217,3
43,217,3
44,217,3
45,217,3
46,217,3
47,217,3
48,217,3
49,217,3
50,217,3
51,217,3
52,217,3
53,217,3
54,217,3
55,217,3
56,217,3
57,217,3
58,217,3
59,217,3
60,217,3
61,217,3
62,217,3
63,217,3
64,217,3
65,217,3
66,217,3
67,217,3
68,217,3
69,217,3
70,217,3
71,217,3
72,217,3
73,217,3
74,217,3
75,217,3
76,217,3
77,217,3
78,217,3
79,217,3
80,217,3
81,217,3
82,217,3
83,217,3
84,217,3
85,217,3
86,217,3
87,217,3
88,217,3
89,217,3
90,217,3
91,217,3
92,217,3
93,217,3
94,217,3
95,217,3
96,217,3
97,217,3
98,217,3
99,217,3
100,217,3
101,217,3
102,217,3
103,217,3
104,217,3
105,217,3
106,217,3
107,217,3
108,217,3
109,217,3
110,217,3
111,217,3
112,217,3
113,217,3
114,217,3
115,217,3
116,217,3
117,217,3
118,217,3
119,217,3
120,217,3
121,217,4
122,217,4
123,217,4
124,217,4
125,217,4
126,217,4
127,217,4
128,217,4
129,217,4
130,217,4
131,217,4
132,217,4
133,217,4
134,217,4
135,217,4
136,217,4
137,217,4
138,217,4
139,217,4
140,217,4
141,217,4
142,217,4
143,217,4
144,217,4
145,217,4
146,217,4
147,217,4
148,217,4
149,217,4
150,217,4
151,217,4
152,217,4
153,217,4
154,217,4
155,217,4
156,217,4
157,217,4
158,217,5
159,217,5
160,217,5
161,217,5
162,217,5
163,217,5
164,217,5
165,217,5
166,217,5
167,217,5
168,217,5
169,217,5
170,217,5
171,217,5
172,217,6
173,217,6
174,217,6
175,217,7
176,217,8
177,217,8
178,217,9
179,217,9
180,217,8
181,217,8
182,217,8
183,217,8
184,217,8
185,217,8
186,217,9
187,217,9
188,217,12
189,217,15
190,217,12
191,217,10
192,217,9
193,217,8
194,217,8
195,217,8
196,217,8
197,217,8
198,217,8
199,217,8
200,217,8
201,217,8
202,217,8
203,217,8
204,217,8
205,217,8
206,217,9
207,217,9
208,217,9
209,217,9
210,217,9
211,217,9
212,217,9
213,217,9
214,217,10
215,217,10
216,217,10
217,217,10
218,217,10
219,217,11
220,217,11
221,217,12
222,217,12
223,217,13
224,217,14
225,217,14
226,217,17
227,217,30
228,217,47
229,217,128
230,217,128
231,217,128
232,217,128
233,217,128
234,217,128
235,217,128
236,217,128
237,217,128
238,217,128
239,217,128
240,217,128
241,217,128
242,217,128
243,217,128
244,217,128
245,217,128
246,217,128
247,217,128
248,217,128
249,217,128
250,217,128
251,217,128
252,217,38
253,217,78
254,217,15
255,217,14
0,218,1
1,218,1
2,218,1
3,218,1
4,218,1
5,218,1
6,218,1
7,218,1
8,218,1
9,218,1
10,218,1
11,218,1
12,218,1
13,218,1
14,218,1
15,218,1
16,218,1
17,218,2
18,218,2
19,218,2
20,218,2
21,218,2
22,218,2
23,218,2
24,218,2
25,218,2
26,218,2
27,218,2
28,218,2
29,218,3
30,218,3
31,218,3
32,218,3
33,218,3
34,218,3
35,218,3
36,218,3
37,218,3
38,218,3
39,218,3
40,218,3
41,218,3
42,218,3
43,218,3
44,218,3
45,218,3
46,218,3
47,218,3
48,218,3
49,218,3
50,218,3
51,218,3
52,218,3
53,218,3
54,218,3
55,218,3
56,218,3
57,218,3
58,218,3
59,218,3
60,218,3
61,218,3
62,218,3
63,218,3
64,218,3
65,218,3
66,218,3
67,218,3
68,218,3
69,218,3
70,218,3
71,218,3
72,218,3
73,218,3
74,218,3
75,218,3
76,218,3
77,218,3
78,218,3
79,218,3
80,218,3
81,218,3
82,218,3
83,218,3
84,218,3
85,218,3
86,218,3
87,218,3
88,218,3
89,218,3
90,218,3
91,218,3
92,218,3
93,218,3
94,218,3
95,218,3
96,218,3
97,218,3
98,218,3
99,218,3
100,218,3
101,218,3
102,218,3
103,218,3
104,218,3
105,218,3
106,218,3
107,218,3
108,218,3
109,218,3
110,218,3
111,218,3
112,218,3
113,218,3
114,218,3
115,218,3
116,218,3
117,218,3
118,218,3
119,218,3
120,218,3
121,218,3
122,218,3
123,218,4
124,218,4
125,218,4
126,218,4
127,218,4
128,218,4
129,218,4
130,218,4
131,218,4
132,218,4
133,218,4
134,218,4
135,218,4
136,218,4
137,218,4
138,218,4
139,218,4
140,218,4
141,218,4
142,218,4
143,218,4
144,218,4
145,218,4
146,218,4
147,218,4
148,218,4
149,218,4
150,218,4
151,218,4
152,218,4
153,218,4
154,218,4
155,218,4
156,218,4
157,218,4
158,218,4
159,218,4
160,218,5
161,218,5
162,218,5
163,218,5
164,218,5
165,218,5
166,218,5
167,218,5
168,218,5
169,218,5
170,218,5
171,218,5
172,218,5
173,218,6
174,218,6
175,218,6
176,218,7
177,218,7
178,218,7
179,218,7
180,218,7
181,218,7
182,218,7
183,218,8
184,218,8
185,218,8
186,218,8
187,218,9
188,218,11
189,218,36
190,218,9
191,218,8
192,218,8
193,218,8
194,218,8
195,218,8
196,218,8
197,218,8
198,218,8
199,218,8
200,218,8
201,218,8
202,218,8
203,218,8
204,218,8
205,218,8
206,218,8
207,218,8
208,218,9
209,218,9
210,218,9
211,218,9
212,218,9
213,218,9
214,218,9
215,218,9
216,218,10
217,218,10
218,218,10
219,218,10
220,218,11
221,218,11
222,218,12
223,218,13
224,218,14
225,218,15
226,218,18
227,218,40
228,218,71
229,218,128
230,218,128
231,218,128
232,218,128
233,218,128
234,218,128
235,218,128
236,218,128
237,218,128
238,218,128
239,218,128
240,218,128
241,218,128
242,218,128
243,218,128
244,218,128
245,218,128
246,218,128
247,218,128
248,218,128
249,218,128
250,218,128
251,218,128
252,218,31
253,218,22
254,218,17
255,218,15
0,219,1
1,219,1
2,219,1
3,219,1
4,219,1
5,219,1
6,219,1
7,219,1
8,219,1
9,219,1
10,219,1
11,219,1
12,219,1
13,219,1
14,219,1
15,219,1
16,219,1
17,219,2
18,219,2
19,219,2
20,219,2
21,219,2
22,219,2
23,219,2
24,219,2
25,219,2
26,219,2
27,219,2
28,219,2
29,219,2
30,219,3
31,219,3
32,219,3
33,219,3
34,219,3
35,219,3
36,219,3
37,219,3
38,219,3
39,219,3
40,219,3
41,219,3
42,219,3
43,219,3
44,219,3
45,219,3
46,219,3
47,219,3
48,219,3
49,219,3
50,219,3
51,219,3
52,219,3
53,219,3
54,219,3
55,219,3
56,219,3
57,219,3
58,219,3
59,219,3
60,219,3
61,219,3
62,219,3
63,219,3
64,219,3
65,219,3
66,219,3
67,219,3
68,219,3
69,219,3
70,219,3
71,219,3
72,219,3
73,219,3
74,219,3
75,219,3
76,219,3
77,219,3
78,219,3
79,219,3
80,219,3
81,219,3
82,219,3
83,219,3
84,219,3
85,219,3
86,219,3
87,219,3
88,219,3
89,219,3
90,219,3
91,219,3
92,219,3
93,219,3
94,219,3
95,219,3
96,219,3
97,219,3
98,219,3
99,219,3
100,219,3
101,219,3
102,219,3
103,219,3
104,219,3
105,219,3
106,219,3
107,219,3
108,219,3
109,219,3
110,219,3
111,219,3
112,219,3
113,219,3
114,219,3
115,219,3
116,219,3
117,219,3
118,219,3
119,219,3
120,219,3
121,219,3
122,219,3
123,219,3
124,219,4
125,219,4
126,219,4
127,219,4
128,219,4
129,219,4
130,219,4
131,219,4
132,219,4
133,219,4
134,219,4
135,219,4
136,219,4
137,219,4
138,219,4
139,219,4
140,219,4
141,219,4
142,219,4
143,219,4
144,219,4
145,219,4
146,219,4
147,219,4
148,219,4
149,219,4
150,219,4
151,219,4
152,219,4
153,219,4
154,219,4
155,219,4
156,219,4
157,219,4
158,219,4
159,219,4
160,219,4
161,219,4
162,219,5
163,219,5
164,219,5
165,219,5
166,219,5
167,219,5
168,219,5
169,219,5
170,219,5
171,219,5
172,219,5
173,219,5
174,219,6
175,219,6
176,219,6
177,219,7
178,219,7
179,219,7
180,219,7
181,219,7
182,219,7
183,219,7
184,219,7
185,219,7
186,219,7
187,219,8
188,219,8
189,219,8
190,219,8
191,219,8
192,219,8
193,219,8
194,219,7
195,219,7
196,219,7
197,219,7
198,219,7
199,219,7
200,219,7
201,219,7
202,219,7
203,219,7
204,219,7
205,219,7
206,219,8
207,219,8
208,219,8
209,219,8
210,219,9
211,219,9
212,219,9
213,219,9
214,219,9
215,219,9
216,219,9
217,219,10
218,219,10
219,219,10
220,219,11
221,219,11
222,219,11
223,219,12
224,219,17
225,219,18
226,219,48
227,219,50
228,219,44
229,219,128
230,219,128
231,219,128
232,219,128
233,219,128
234,219,128
235,219,128
236,219,128
237,219,128
238,219,128
239,219,128
240,219,128
241,219,128
242,219,128
243,219,128
244,219,128
245,219,128
246,219,128
247,219,128
248,219,128
249,219,128
250,219,128
251,219,128
252,219,128
253,219,47
254,219,42
255,219,45
0,220,1
1,220,1
2,220,1
3,220,1
4,220,1
5,220,1
6,220,1
7,220,1
8,220,1
9,220,1
10,220,1
11,220,1
12,220,1
13,220,1
14,220,1
15,220,1
16,220,1
17,220,1
18,220,2
19,220,2
20,220,2
21,220,2
22,220,2
23,220,2
24,220,2
25,220,2
26,220,2
27,220,2
28,220,2
29,220,2
30,220,2
31,220,3
32,220,3
33,220,3
34,220,3
35,220,3
36,220,3
37,220,3
38,220,3
39,220,3
40,220,3
41,220,3
42,220,3
43,220,3
44,220,3
45,220,3
46,220,3
47,220,3
48,220,3
49,220,3
50,220,3
51,220,3
52,220,3
53,220,3
54,220,3
55,220,3
56,220,3
57,220,3
58,220,3
59,220,3
60,220,3
61,220,3
62,220,3
63,220,3
64,220,3
65,220,3
66,220,3
67,220,3
68,220,3
69,220,3
70,220,3
71,220,3
72,220,3
73,220,3
74,220,3
75,220,3
76,220,3
77,220,3
78,220,3
79,220,3
80,220,3
81,220,3
82,220,3
83,220,3
84,220,3
85,220,3
86,220,3
87,220,3
88,220,3
89,220,3
90,220,3
91,220,3
92,220,3
93,220,3
94,220,3
95,220,3
96,220,3
97,220,3
98,220,3
99,220,3
100,220,3
101,220,3
102,220,3
103,220,3
104,220,3
105,220,3
106,220,3
107,220,3
108,220,3
109,220,3
110,220,3
111,220,3
112,220,3
113,220,3
114,220,3
115,220,3
116,220,3
117,220,3
118,220,3
119,220,3
120,220,3
121,220,3
122,220,3
123,220,3
124,220,3
125,220,4
126,220,4
127,220,4
128,220,4
129,220,4
130,220,4
131,220,4
132,220,4
133,220,4
134,220,4
135,220,4
136,220,4
137,220,4
138,220,4
139,220,4
140,220,4
141,220,4
142,220,4
143,220,4
144,220,4
145,220,4
146,220,4
147,220,4
148,220,4
149,220,4
150,220,4
151,220,4
152,220,4
153,220,4
154,220,4
155,220,4
156,220,4
157,220,4
158,220,4
159,220,4
160,220,4
161,220,4
162,220,4
163,220,4
164,220,5
165,220,5
166,220,5
167,220,5
168,220,5
169,220,5
170,220,5
171,220,5
172,220,5
173,220,5
174,220,5
175,220,6
176,220,6
177,220,6
178,220,6
179,220,6
180,220,7
181,220,7
182,220,7
183,220,7
184,220,7
185,220,7
186,220,7
187,220,7
188,220,7
189,220,7
190,220,7
191,220,7
192,220,7
193,220,7
194,220,7
195,220,7
196,220,7
197,220,7
198,220,7
199,220,7
200,220,7
201,220,7
202,220,7
203,220,7
204,220,7
205,220,7
206,220,7
207,220,7
208,220,8
209,220,8
210,220,8
211,220,8
212,220,9
213,220,9
214,220,9
215,220,9
216,220,9
217,220,9
218,220,10
219,220,10
220,220,10
221,220,11
222,220,11
223,220,12
224,220,17
225,220,26
226,220,104
227,220,128
228,220,128
229,220,128
230,220,128
231,220,128
232,220,128
233,220,128
234,220,128
235,220,128
236,220,128
237,220,128
238,220,128
239,220,128
240,220,128
241,220,128
242,220,128
243,220,128
244,220,128
245,220,128
246,220,128
247,220,128
248,220,128
249,220,128
250,220,128
251,220,128
252,220,54
253,220,30
254,220,48
255,220,35
0,221,1
1,221,1
2,221,1
3,221,1
4,221,1
5,221,1
6,221,1
7,221,1
8,221,1
9,221,1
10,221,1
11,221,1
12,221,1
13,221,1
14,221,1
15,221,1
16,221,1
17,221,1
18,221,2
19,221,2
20,221,2
21,221,2
22,221,2
23,221,2
24,221,2
25,221,2
26,221,2
27,221,2
28,221,2
29,221,2
30,221,2
31,221,3
32,221,3
33,221,3
34,221,3
35,221,3
36,221,3
37,221,3
38,221,3
39,221,3
40,221,3
41,221,3
42,221,3
43,221,3
44,221,3
45,221,3
46,221,3
47,221,3
48,221,3
49,221,3
50,221,3
51,221,3
52,221,3
53,221,3
54,221,3
55,221,3
56,221,3
57,221,3
58,221,3
59,221,3
60,221,3
61,221,3
62,221,3
63,221,3
64,221,3
65,221,3
66,221,3
67,221,3
68,221,3
69,221,3
70,221,3
71,221,3
72,221,3
73,221,3
74,221,3
75,221,3
76,221,3
77,221,3
78,221,3
79,221,3
80,221,3
81,221,3
82,221,3
83,221,3
84,221,3
85,221,3
86,221,3
87,221,3
88,221,3
89,221,3
90,221,3
91,221,3
92,221,3
93,221,3
94,221,3
95,221,3
96,221,3
97,221,3
98,221,3
99,221,3
100,221,3
101,221,3
102,221,3
103,221,3
104,221,3
105,221,3
106,221,3
107,221,3
108,221,3
109,221,3
110,221,3
111,221,3
112,221,3
113,221,3
114,221,3
115,221,3
116,221,3
117,221,3
118,221,3
119,221,3
120,221,3
121,221,3
122,221,3
123,221,3
124,221,3
125,221,3
126,221,4
127,221,4
128,221,4
129,221,4
130,221,4
131,221,4
132,221,4
133,221,4
134,221,4
135,221,4
136,221,4
137,221,4
138,221,4
139,221,4
140,221,4
141,221,4
142,221,4
143,221,4
144,221,4
145,221,4
146,221,4
147,221,4
148,221,4
149,221,4
150,221,4
151,221,4
152,221,4
153,221,4
154,221,4
155,221,4
156,221,4
157,221,4
158,221,4
159,221,4
160,221,4
161,221,4
162,221,4
163,221,4
164,221,4
165,221,4
166,221,5
167,221,5
168,221,5
169,221,5
170,221,5
171,221,5
172,221,5
173,221,5
174,221,5
175,221,5
176,221,5
177,221,6
178,221,6
179,221,6
180,221,6
181,221,6
182,221,6
183,221,6
184,221,6
185,221,6
186,221,6
187,221,6
188,221,6
189,221,6
190,221,6
191,221,6
192,221,7
193,221,7
194,221,7
195,221,7
196,221,7
197,221,7
198,221,7
199,221,7
200,221,7
201,221,7
202,221,7
203,221,7
204,221,7
205,221,7
206,221,7
207,221,7
208,221,7
209,221,8
210,221,8
211,221,8
212,221,8
213,221,8
214,221,9
215,221,9
216,221,9
217,221,9
218,221,10
219,221,10
220,221,10
221,221,11
222,221,11
223,221,13
224,221,17
225,221,31
226,221,28
227,221,85
228,221,128
229,221,128
230,221,128
231,221,128
232,221,128
233,221,128
234,221,128
235,221,128
236,221,128
237,221,128
238,221,128
239,221,128
240,221,128
241,221,128
242,221,128
243,221,128
244,221,128
245,221,128
246,221,128
247,221,128
248,221,128
249,221,128
250,221,128
251,221,128
252,221,128
253,221,57
254,221,21
255,221,17
0,222,1
1,222,1
2,222,1
3,222,1
4,222,1
5,222,1
6,222,1
7,222,1
8,222,1
9,222,1
10,222,1
11,222,1
12,222,1
13,222,1
14,222,1
15,222,1
16,222,1
17,222,1
18,222,2
19,222,2
20,222,2
21,222,2
22,222,2
23,222,2
24,222,2
25,222,2
26,222,2
27,222,2
28,222,2
29,222,2
30,222,2
31,222,2
32,222,3
33,222,3
34,222,3
35,222,3
36,222,3
37,222,3
38,222,3
39,222,3
40,222,3
41,222,3
42,222,3
43,222,3
44,222,3
45,222,3
46,222,3
47,222,3
48,222,3
49,222,3
50,222,3
51,222,3
52,222,3
53,222,3
54,222,3
55,222,3
56,222,3
57,222,3
58,222,3
59,222,3
60,222,3
61,222,3
62,222,3
63,222,3
64,222,3
65,222,3
66,222,3
67,222,3
68,222,3
69,222,3
70,222,3
71,222,3
72,222,3
73,222,3
74,222,3
75,222,3
76,222,3
77,222,3
78,222,3
79,222,3
80,222,3
81,222,3
82,222,3
83,222,3
84,222,3
85,222,3
86,222,3
87,222,3
88,222,3
89,222,3
90,222,3
91,222,3
92,222,3
93,222,3
94,222,3
95,222,3
96,222,3
97,222,3
98,222,3
99,222,3
100,222,3
101,222,3
102,222,3
103,222,3
104,222,3
105,222,3
106,222,3
107,222,3
108,222,3
109,222,3
110,222,3
111,222,3
112,222,3
113,222,3
114,222,3
115,222,3
116,222,3
117,222,3
118,222,3
119,222,3
120,222,3
121,222,3
122,222,3
123,222,3
124,222,3
125,222,3
126,222,3
127,222,4
128,222,4
129,222,4
130,222,4
131,222,4
132,222,4
133,222,4
134,222,4
135,222,4
136,222,4
137,222,4
138,222,4
139,222,4
140,222,4
141,222,4
142,222,4
143,222,4
144,222,4
145,222,4
146,222,4
147,222,4
148,222,4
149,222,4
150,222,4
151,222,4
152,222,4
153,222,4
154,222,4
155,222,4
156,222,4
157,222,4
158,222,4
159,222,4
160,222,4
161,222,4
162,222,4
163,222,4
164,222,4
165,222,4
166,222,4
167,222,4
168,222,5
169,222,5
170,222,5
171,222,5
172,222,5
173,222,5
174,222,5
175,222,5
176,222,5
177,222,5
178,222,6
179,222,6
180,222,6
181,222,6
182,222,6
183,222,6
184,222,6
185,222,6
186,222,6
187,222,6
188,222,6
189,222,6
190,222,6
191,222,6
192,222,6
193,222,6
194,222,6
195,222,6
196,222,6
197,222,7
198,222,7
199,222,7
200,222,7
201,222,7
202,222,7
203,222,7
204,222,7
205,222,7
206,222,7
207,222,7
208,222,7
209,222,7
210,222,7
211,222,8
212,222,8
213,222,8
214,222,8
215,222,9
216,222,9
217,222,9
218,222,9
219,222,10
220,222,10
221,222,11
222,222,12
223,222,13
224,222,15
225,222,19
226,222,23
227,222,68
228,222,128
229,222,128
230,222,128
231,222,128
232,222,128
233,222,128
234,222,128
235,222,128
236,222,128
237,222,128
238,222,128
239,222,128
240,222,128
241,222,128
242,222,128
243,222,128
244,222,128
245,222,128
246,222,128
247,222,128
248,222,128
249,222,128
250,222,128
251,222,128
252,222,128
253,222,76
254,222,34
255,222,64
0,223,1
1,223,1
2,223,1
3,223,1
4,223,1
5,223,1
6,223,1
7,223,1
8,223,1
9,223,1
10,223,1
11,223,1
12,223,1
13,223,1
14,223,1
15,223,1
16,223,1
17,223,1
18,223,1
19,223,2
20,223,2
21,223,2
22,223,2
23,223,2
24,223,2
25,223,2
26,223,2
27,223,2
28,223,2
29,223,2
30,223,2
31,223,2
32,223,2
33,223,3
34,223,3
35,223,3
36,223,3
37,223,3
38,223,3
39,223,3
40,223,3
41,223,3
42,223,3
43,223,3
44,223,3
45,223,3
46,223,3
47,223,3
48,223,3
49,223,3
50,223,3
51,223,3
52,223,3
53,223,3
54,223,3
55,223,3
56,223,3
57,223,3
58,223,3
59,223,3
60,223,3
61,223,3
62,223,3
63,223,3
64,223,3
65,223,3
66,223,3
67,223,3
68,223,3
69,223,3
70,223,3
71,223,3
72,223,3
73,223,3
74,223,3
75,223,3
76,223,3
77,223,3
78,223,3
79,223,3
80,223,3
81,223,3
82,223,3
83,223,3
84,223,3
85,223,3
86,223,3
87,223,3
88,223,3
89,223,3
90,223,3
91,223,3
92,223,3
93,223,3
94,223,3
95,223,3
96,223,3
97,223,3
98,223,3
99,223,3
100,223,3
101,223,3
102,223,3
103,223,3
104,223,3
105,223,3
106,223,3
107,223,3
108,223,3
109,223,3
110,223,3
111,223,3
112,223,3
113,223,3
114,223,3
115,223,3
116,223,3
117,223,3
118,223,3
119,223,3
120,223,3
121,223,3
122,223,3
123,223,3
124,223,3
125,223,3
126,223,3
127,223,3
128,223,4
129,223,4
130,223,4
131,223,4
132,223,4
133,223,4
134,223,4
135,223,4
136,223,4
137,223,4
138,223,4
139,223,4
140,223,4
141,223,4
142,223,4
143,223,4
144,223,4
145,223,4
146,223,4
147,223,4
148,223,4
149,223,4
150,223,4
151,223,4
152,223,4
153,223,4
154,223,4
155,223,4
156,223,4
157,223,4
158,223,4
159,223,4
160,223,4
161,223,4
162,223,4
163,223,4
164,223,4
165,223,4
166,223,4
167,223,4
168,223,4
169,223,4
170,223,5
171,223,5
172,223,5
173,223,5
174,223,5
175,223,5
176,223,5
177,223,5
178,223,5
179,223,5
180,223,6
181,223,6
182,223,6
183,223,6
184,223,6
185,223,6
186,223,6
187,223,6
188,223,6
189,223,6
190,223,6
191,223,6
192,223,6
193,223,6
194,223,6
195,223,6
196,223,6
197,223,6
198,223,6
199,223,7
200,223,7
201,223,7
202,223,7
203,223,7
204,223,7
205,223,7
206,223,7
207,223,7
208,223,7
209,223,7
210,223,7
211,223,7
212,223,8
213,223,8
214,223,8
215,223,8
216,223,8
217,223,9
218,223,9
219,223,10
220,223,11
221,223,12
222,223,13
223,223,14
224,223,16
225,223,27
226,223,50
227,223,50
228,223,128
229,223,128
230,223,128
231,223,128
232,223,128
233,223,128
234,223,128
235,223,128
236,223,128
237,223,128
238,223,128
239,223,128
240,223,128
241,223,128
242,223,128
243,223,128
244,223,128
245,223,128
246,223,128
247,223,128
248,223,128
249,223,128
250,223,128
251,223,128
252,223,128
253,223,128
254,223,64
255,223,128
0,224,1
1,224,1
2,224,1
3,224,1
4,224,1
5,224,1
6,224,1
7,224,1
8,224,1
9,224,1
10,224,1
11,224,1
12,224,1
13,224,1
14,224,1
15,224,1
16,224,1
17,224,1
18,224,1
19,224,2
20,224,2
21,224,2
22,224,2
23,224,2
24,224,2
25,224,2
26,224,2
27,224,2
28,224,2
29,224,2
30,224,2
31,224,2
32,224,2
33,224,2
34,224,3
35,224,3
36,224,3
37,224,3
38,224,3
39,224,3
40,224,3
41,224,3
42,224,3
43,224,3
44,224,3
45,224,3
46,224,3
47,224,3
48,224,3
49,224,3
50,224,3
51,224,3
52,224,3
53,224,3
54,224,3
55,224,3
56,224,3
57,224,3
58,224,3
59,224,3
60,224,3
61,224,3
62,224,3
63,224,3
64,224,3
65,224,3
66,224,3
67,224,3
68,224,3
69,224,3
70,224,3
71,224,3
72,224,3
73,224,3
74,224,3
75,224,3
76,224,3
77,224,3
78,224,3
79,224,3
80,224,3
81,224,3
82,224,3
83,224,3
84,224,3
85,224,3
86,224,3
87,224,3
88,224,3
89,224,3
90,224,3
91,224,3
92,224,3
93,224,3
94,224,3
95,224,3
96,224,3
97,224,3
98,224,3
99,224,3
100,224,3
101,224,3
102,224,3
103,224,3
104,224,3
105,224,3
106,224,3
107,224,3
108,224,3
109,224,3
110,224,3
111,224,3
112,224,3
113,224,3
114,224,3
115,224,3
116,224,3
117,224,3
118,224,3
119,224,3
120,224,3
121,224,3
122,224,3
123,224,3
124,224,3
125,224,3
126,224,3
127,224,3
128,224,3
129,224,3
130,224,4
131,224,4
132,224,4
133,224,4
134,224,4
135,224,4
136,224,4
137,224,4
138,224,4
139,224,4
140,224,4
141,224,4
142,224,4
143,224,4
144,224,4
145,224,4
146,224,4
147,224,4
148,224,4
149,224,4
150,224,4
151,224,4
152,224,4
153,224,4
154,224,4
155,224,4
156,224,4
157,224,4
158,224,4
159,224,4
160,224,4
161,224,4
162,224,4
163,224,4
164,224,4
165,224,4
166,224,4
167,224,4
168,224,4
169,224,4
170,224,4
171,224,4
172,224,5
173,224,5
174,224,5
175,224,5
176,224,5
177,224,5
178,224,5
179,224,5
180,224,5
181,224,5
182,224,6
183,224,6
184,224,6
185,224,6
186,224,6
187,224,6
188,224,6
189,224,6
190,224,6
191,224,6
192,224,6
193,224,6
194,224,6
195,224,6
196,224,6
197,224,6
198,224,6
199,224,6
200,224,6
201,224,7
202,224,7
203,224,7
204,224,7
205,224,7
206,224,7
207,224,7
208,224,7
209,224,7
210,224,7
211,224,7
212,224,8
213,224,8
214,224,8
215,224,8
216,224,8
217,224,9
218,224,9
219,224,9
220,224,11
221,224,14
222,224,24
223,224,16
224,224,22
225,224,42
226,224,128
227,224,128
228,224,128
229,224,128
230,224,128
231,224,128
232,224,128
233,224,128
234,224,128
235,224,128
236,224,128
237,224,128
238,224,128
239,224,128
240,224,128
241,224,128
242,224,128
243,224,128
244,224,128
245,224,128
246,224,128
247,224,128
248,224,128
249,224,128
250,224,128
251,224,128
252,224,128
253,224,51
254,224,29
255,224,24
0,225,1
1,225,1
2,225,1
3,225,1
4,225,1
5,225,1
6,225,1
7,225,1
8,225,1
9,225,1
10,225,1
11,225,1
12,225,1
13,225,1
14,225,1
15,225,1
16,225,1
17,225,1
18,225,1
19,225,1
20,225,2
21,225,2
22,225,2
23,225,2
24,225,2
25,225,2
26,225,2
27,225,2
28,225,2
29,225,2
30,225,2
31,225,2
32,225,2
33,225,2
34,225,3
35,225,3
36,225,3
37,225,3
38,225,3
39,225,3
40,225,3
41,225,3
42,225,3
43,225,3
44,225,3
45,225,3
46,225,3
47,225,3
48,225,3
49,225,3
50,225,3
51,225,3
52,225,3
53,225,3
54,225,3
55,225,3
56,225,3
57,225,3
58,225,3
59,225,3
60,225,3
61,225,3
62,225,3
63,225,3
64,225,3
65,225,3
66,225,3
67,225,3
68,225,3
69,225,3
70,225,3
71,225,3
72,225,3
73,225,3
74,225,3
75,225,3
76,225,3
77,225,3
78,225,3
79,225,3
80,225,3
81,225,3
82,225,3
83,225,3
84,225,3
85,225,3
86,225,3
87,225,3
88,225,3
89,225,3
90,225,3
91,225,3
92,225,3
93,225,3
94,225,3
95,225,3
96,225,3
97,225,3
98,225,3
99,225,3
100,225,3
101,225,3
102,225,3
103,225,3
104,225,3
105,225,3
106,225,3
107,225,3
108,225,3
109,225,3
110,225,3
111,225,3
112,225,3
113,225,3
114,225,3
115,225,3
116,225,3
117,225,3
118,225,3
119,225,3
120,225,3
121,225,3
122,225,3
123,225,3
124,225,3
125,225,3
126,225,3
127,225,3
128,225,3
129,225,3
130,225,3
131,225,4
132,225,4
133,225,4
134,225,4
135,225,4
136,225,4
137,225,4
138,225,4
139,225,4
140,225,4
141,225,4
142,225,4
143,225,4
144,225,4
145,225,4
146,225,4
147,225,4
148,225,4
149,225,4
150,225,4
151,225,4
152,225,4
153,225,4
154,225,4
155,225,4
156,225,4
157,225,4
158,225,4
159,225,4
160,225,4
161,225,4
162,225,4
163,225,4
164,225,4
165,225,4
166,225,4
167,225,4
168,225,4
169,225,4
170,225,4
171,225,4
172,225,4
173,225,4
174,225,5
175,225,5
176,225,5
177,225,5
178,225,5
179,225,5
180,225,5
181,225,5
182,225,5
183,225,6
184,225,6
185,225,6
186,225,6
187,225,6
188,225,6
189,225,6
190,225,6
191,225,6
192,225,6
193,225,6
194,225,6
195,225,6
196,225,6
197,225,6
198,225,6
199,225,6
200,225,6
201,225,6
202,225,6
203,225,7
204,225,7
205,225,7
206,225,7
207,225,7
208,225,7
209,225,7
210,225,7
211,225,7
212,225,7
213,225,8
214,225,8
215,225,8
216,225,8
217,225,8
218,225,9
219,225,9
220,225,11
221,225,20
222,225,40
223,225,20
224,225,33
225,225,71
226,225,61
227,225,128
228,225,128
229,225,128
230,225,128
231,225,128
232,225,128
233,225,128
234,225,128
235,225,128
236,225,128
237,225,128
238,225,128
239,225,128
240,225,128
241,225,128
242,225,128
243,225,128
244,225,128
245,225,128
246,225,128
247,225,128
248,225,128
249,225,128
250,225,128
251,225,128
252,225,128
253,225,31
254,225,22
255,225,20
0,226,1
1,226,1
2,226,1
3,226,1
4,226,1
5,226,1
6,226,1
7,226,1
8,226,1
9,226,1
10,226,1
11,226,1
12,226,1
13,226,1
14,226,1
15,226,1
16,226,1
17,226,1
18,226,1
19,226,1
20,226,2
21,226,2
22,226,2
23,226,2
24,226,2
25,226,2
26,226,2
27,226,2
28,226,2
29,226,2
30,226,2
31,226,2
32,226,2
33,226,2
34,226,2
35,226,3
36,226,3
37,226,3
38,226,3
39,226,3
40,226,3
41,226,3
42,226,3
43,226,3
44,226,3
45,226,3
46,226,3
47,226,3
48,226,3
49,226,3
50,226,3
51,226,3
52,226,3
53,226,3
54,226,3
55,226,3
56,226,3
57,226,3
58,226,3
59,226,3
60,226,3
61,226,3
62,226,3
63,226,3
64,226,3
65,226,3
66,226,3
67,226,3
68,226,3
69,226,3
70,226,3
71,226,3
72,226,3
73,226,3
74,226,3
75,226,3
76,226,3
77,226,3
78,226,3
79,226,3
80,226,3
81,226,3
82,226,3
83,226,3
84,226,3
85,226,3
86,226,3
87,226,3
88,226,3
89,226,3
90,226,3
91,226,3
92,226,3
93,226,3
94,226,3
95,226,3
96,226,3
97,226,3
98,226,3
99,226,3
100,226,3
101,226,3
102,226,3
103,226,3
104,226,3
105,226,3
106,226,3
107,226,3
108,226,3
109,226,3
110,226,3
111,226,3
112,226,3
113,226,3
114,226,3
115,226,3
116,226,3
117,226,3
118,226,3
119,226,3
120,226,3
121,226,3
122,226,3
123,226,3
124,226,3
125,226,3
126,226,3
127,226,3
128,226,3
129,226,3
130,226,3
131,226,3
132,226,4
133,226,4
134,226,4
135,226,4
136,226,4
137,226,4
138,226,4
139,226,4
140,226,4
141,226,4
142,226,4
143,226,4
144,226,4
145,226,4
146,226,4
147,226,4
148,226,4
149,226,4
150,226,4
151,226,4
152,226,4
153,226,4
154,226,4
155,226,4
156,226,4
157,226,4
158,226,4
159,226,4
160,226,4
161,226,4
162,226,4
163,226,4
164,226,4
165,226,4
166,226,4
167,226,4
168,226,4
169,226,4
170,226,4
171,226,4
172,226,4
173,226,4
174,226,4
175,226,5
176,226,5
177,226,5
178,226,5
179,226,5
180,226,5
181,226,5
182,226,5
183,226,5
184,226,5
185,226,6
186,226,6
187,226,6
188,226,6
189,226,6
190,226,6
191,226,6
192,226,6
193,226,6
194,226,6
195,226,6
196,226,6
197,226,6
198,226,6
199,226,6
200,226,6
201,226,6
202,226,6
203,226,6
204,226,7
205,226,7
206,226,7
207,226,7
208,226,7
209,226,7
210,226,7
211,226,7
212,226,7
213,226,7
214,226,8
215,226,8
216,226,8
217,226,8
218,226,9
219,226,9
220,226,10
221,226,12
222,226,24
223,226,65
224,226,36
225,226,23
226,226,44
227,226,32
228,226,128
229,226,128
230,226,128
231,226,128
232,226,128
233,226,128
234,226,128
235,226,128
236,226,128
237,226,128
238,226,128
239,226,128
240,226,128
241,226,128
242,226,128
243,226,128
244,226,128
245,226,128
246,226,128
247,226,128
248,226,128
249,226,128
250,226,128
251,226,128
252,226,128
253,226,43
254,226,25
255,226,17
0,227,1
1,227,1
2,227,1
3,227,1
4,227,1
5,227,1
6,227,1
7,227,1
8,227,1
9,227,1
10,227,1
11,227,1
12,227,1
13,227,1
14,227,1
15,227,1
16,227,1
17,227,1
18,227,1
19,227,1
20,227,2
21,227,2
22,227,2
23,227,2
24,227,2
25,227,2
26,227,2
27,227,2
28,227,2
29,227,2
30,227,2
31,227,2
32,227,2
33,227,2
34,227,2
35,227,2
36,227,3
37,227,3
38,227,3
39,227,3
40,227,3
41,227,3
42,227,3
43,227,3
44,227,3
45,227,3
46,227,3
47,227,3
48,227,3
49,227,3
50,227,3
51,227,3
52,227,3
53,227,3
54,227,3
55,227,3
56,227,3
57,227,3
58,227,3
59,227,3
60,227,3
61,227,3
62,227,3
63,227,3
64,227,3
65,227,3
66,227,3
67,227,3
68,227,3
69,227,3
70,227,3
71,227,3
72,227,3
73,227,3
74,227,3
75,227,3
76,227,3
77,227,3
78,227,3
79,227,3
80,227,3
81,227,3
82,227,3
83,227,3
84,227,3
85,227,3
86,227,3
87,227,3
88,227,3
89,227,3
90,227,3
91,227,3
92,227,3
93,227,3
94,227,3
95,227,3
96,227,3
97,227,3
98,227,3
99,227,3
100,227,3
101,227,3
102,227,3
103,227,3
104,227,3
105,227,3
106,227,3
107,227,3
108,227,3
109,227,3
110,227,3
111,227,3
112,227,3
113,227,3
114,227,3
115,227,3
116,227,3
117,227,3
118,227,3
119,227,3
120,227,3
121,227,3
122,227,3
123,227,3
124,227,3
125,227,3
126,227,3
127,227,3
128,227,3
129,227,3
130,227,3
131,227,3
132,227,3
133,227,4
134,227,4
135,227,4
136,227,4
137,227,4
138,227,4
139,227,4
140,227,4
141,227,4
142,227,4
143,227,4
144,227,4
145,227,4
146,227,4
147,227,4
148,227,4
149,227,4
150,227,4
151,227,4
152,227,4
153,227,4
154,227,4
155,227,4
156,227,4
157,227,4
158,227,4
159,227,4
160,227,4
161,227,4
162,227,4
163,227,4
164,227,4
165,227,4
166,227,4
167,227,4
168,227,4
169,227,4
170,227,4
171,227,4
172,227,4
173,227,4
174,227,4
175,227,4
176,227,4
177,227,5
178,227,5
179,227,5
180,227,5
181,227,5
182,227,5
183,227,5
184,227,5
185,227,5
186,227,5
187,227,6
188,227,6
189,227,6
190,227,6
191,227,6
192,227,6
193,227,6
194,227,6
195,227,6
196,227,6
197,227,6
198,227,6
199,227,6
200,227,6
201,227,6
202,227,6
203,227,6
204,227,6
205,227,6
206,227,7
207,227,7
208,227,7
209,227,7
210,227,7
211,227,7
212,227,7
213,227,7
214,227,8
215,227,8
216,227,8
217,227,8
218,227,8
219,227,9
220,227,10
221,227,11
222,227,13
223,227,20
224,227,48
225,227,20
226,227,20
227,227,37
228,227,128
229,227,128
230,227,128
231,227,128
232,227,128
233,227,128
234,227,128
235,227,128
236,227,128
237,227,128
238,227,128
239,227,128
240,227,128
241,227,128
242,227,128
243,227,128
244,227,128
245,227,128
246,227,128
247,227,128
248,227,128
249,227,128
250,227,128
251,227,128
252,227,44
253,227,26
254,227,20
255,227,16
0,228,1
1,228,1
2,228,1
3,228,1
4,228,1
5,228,1
6,228,1
7,228,1
8,228,1
9,228,1
10,228,1
11,228,1
12,228,1
13,228,1
14,228,1
15,228,1
16,228,1
17,228,1
18,228,1
19,228,1
20,228,1
21,228,2
22,228,2
23,228,2
24,228,2
25,228,2
26,228,2
27,228,2
28,228,2
29,228,2
30,228,2
31,228,2
32,228,2
33,228,2
34,228,2
35,228,2
36,228,2
37,228,3
38,228,3
39,228,3
40,228,3
41,228,3
42,228,3
43,228,3
44,228,3
45,228,3
46,228,3
47,228,3
48,228,3
49,228,3
50,228,3
51,228,3
52,228,3
53,228,3
54,228,3
55,228,3
56,228,3
57,228,3
58,228,3
59,228,3
60,228,3
61,228,3
62,228,3
63,228,3
64,228,3
65,228,3
66,228,3
67,228,3
68,228,3
69,228,3
70,228,3
71,228,3
72,228,3
73,228,3
74,228,3
75,228,3
76,228,3
77,228,3
78,228,3
79,228,3
80,228,3
81,228,3
82,228,3
83,228,3
84,228,3
85,228,3
86,228,3
87,228,3
88,228,3
89,228,3
90,228,3
91,228,3
92,228,3
93,228,3
94,228,3
95,228,3
96,228,3
97,228,3
98,228,3
99,228,3
100,228,3
101,228,3
102,228,3
103,228,3
104,228,3
105,228,3
106,228,3
107,228,3
108,228,3
109,228,3
110,228,3
111,228,3
112,228,3
113,228,3
114,228,3
115,228,3
116,228,3
117,228,3
118,228,3
119,228,3
120,228,3
121,228,3
122,228,3
123,228,3
124,228,3
125,228,3
126,228,3
127,228,3
128,228,3
129,228,3
130,228,3
131,228,3
132,228,3
133,228,3
134,228,4
135,228,4
136,228,4
137,228,4
138,228,4
139,228,4
140,228,4
141,228,4
142,228,4
143,228,4
144,228,4
145,228,4
146,228,4
147,228,4
148,228,4
149,228,4
150,228,4
151,228,4
152,228,4
153,228,4
154,228,4
155,228,4
156,228,4
157,228,4
158,228,4
159,228,4
160,228,4
161,228,4
162,228,4
163,228,4
164,228,4
165,228,4
166,228,4
167,228,4
168,228,4
169,228,4
170,228,4
171,228,4
172,228,4
173,228,4
174,228,4
175,228,4
176,228,4
177,228,4
178,228,5
179,228,5
180,228,5
181,228,5
182,228,5
183,228,5
184,228,5
185,228,5
186,228,5
187,228,5
188,228,5
189,228,6
190,228,6
191,228,6
192,228,6
193,228,6
194,228,6
195,228,6
196,228,6
197,228,6
198,228,6
199,228,6
200,228,6
201,228,6
202,228,6
203,228,6
204,228,6
205,228,6
206,228,6
207,228,7
208,228,7
209,228,7
210,228,7
211,228,7
212,228,7
213,228,7
214,228,8
215,228,8
216,228,8
217,228,8
218,228,8
219,228,9
220,228,10
221,228,10
222,228,17
223,228,17
224,228,17
225,228,17
226,228,19
227,228,128
228,228,35
229,228,128
230,228,128
231,228,128
232,228,128
233,228,128
234,228,128
235,228,128
236,228,128
237,228,128
238,228,128
239,228,128
240,228,128
241,228,128
242,228,128
243,228,128
244,228,128
245,228,128
246,228,128
247,228,128
248,228,128
249,228,128
250,228,128
251,228,128
252,228,128
253,228,46
254,228,38
255,228,20
0,229,1
1,229,1
2,229,1
3,229,1
4,229,1
5,229,1
6,229,1
7,229,1
8,229,1
9,229,1
10,229,1
11,229,1
12,229,1
13,229,1
14,229,1
15,229,1
16,229,1
17,229,1
18,229,1
19,229,1
20,229,1
21,229,2
22,229,2
23,229,2
24,229,2
25,229,2
26,229,2
27,229,2
28,229,2
29,229,2
30,229,2
31,229,2
32,229,2
33,229,2
34,229,2
35,229,2
36,229,2
37,229,2
38,229,3
39,229,3
40,229,3
41,229,3
42,229,3
43,229,3
44,229,3
45,229,3
46,229,3
47,229,3
48,229,3
49,229,3
50,229,3
51,229,3
52,229,3
53,229,3
54,229,3
55,229,3
56,229,3
57,229,3
58,229,3
59,229,3
60,229,3
61,229,3
62,229,3
63,229,3
64,229,3
65,229,3
66,229,3
67,229,3
68,229,3
69,229,3
70,229,3
71,229,3
72,229,3
73,229,3
74,229,3
75,229,3
76,229,3
77,229,3
78,229,3
79,229,3
80,229,3
81,229,3
82,229,3
83,229,3
84,229,3
85,229,3
86,229,3
87,229,3
88,229,3
89,229,3
90,229,3
91,229,3
92,229,3
93,229,3
94,229,3
95,229,3
96,229,3
97,229,3
98,229,3
99,229,3
100,229,3
101,229,3
102,229,3
103,229,3
104,229,3
105,229,3
106,229,3
107,229,3
108,229,3
109,229,3
110,229,3
111,229,3
112,229,3
113,229,3
114,229,3
115,229,3
116,229,3
117,229,3
118,229,3
119,229,3
120,229,3
121,229,3
122,229,3
123,229,3
124,229,3
125,229,3
126,229,3
127,229,3
128,229,3
129,229,3
130,229,3
131,229,3
132,229,3
133,229,3
134,229,3
135,229,4
136,229,4
137,229,4
138,229,4
139,229,4
140,229,4
141,229,4
142,229,4
143,229,4
144,229,4
145,229,4
146,229,4
147,229,4
148,229,4
149,229,4
150,229,4
151,229,4
152,229,4
153,229,4
154,229,4
155,229,4
156,229,4
157,229,4
158,229,4
159,229,4
160,229,4
161,229,4
162,229,4
163,229,4
164,229,4
165,229,4
166,229,4
167,229,4
168,229,4
169,229,4
170,229,4
171,229,4
172,229,4
173,229,4
174,229,4
175,229,4
176,229,4
177,229,4
178,229,4
179,229,4
180,229,5
181,229,5
182,229,5
183,229,5
184,229,5
185,229,5
186,229,5
187,229,5
188,229,5
189,229,5
190,229,5
191,229,6
192,229,6
193,229,6
194,229,6
195,229,6
196,229,6
197,229,6
198,229,6
199,229,6
200,229,6
201,229,6
202,229,6
203,229,6
204,229,6
205,229,6
206,229,6
207,229,6
208,229,7
209,229,7
210,229,7
211,229,7
212,229,7
213,229,7
214,229,7
215,229,8
216,229,8
217,229,8
218,229,8
219,229,9
220,229,10
221,229,10
222,229,12
223,229,13
224,229,14
225,229,16
226,229,19
227,229,23
228,229,31
229,229,83
230,229,128
231,229,128
232,229,128
233,229,128
234,229,128
235,229,128
236,229,128
237,229,128
238,229,128
239,229,128
240,229,128
241,229,128
242,229,128
243,229,128
244,229,128
245,229,128
246,229,128
247,229,128
248,229,128
249,229,128
250,229,128
251,229,128
252,229,128
253,229,128
254,229,31
255,229,22
0,230,1
1,230,1
2,230,1
3,230,1
4,230,1
5,230,1
6,230,1
7,230,1
8,230,1
9,230,1
10,230,1
11,230,1
12,230,1
13,230,1
14,230,1
15,230,1
16,230,1
17,230,1
18,230,1
19,230,1
20,230,1
21,230,1
22,230,2
23,230,2
24,230,2
25,230,2
26,230,2
27,230,2
28,230,2
29,230,2
30,230,2
31,230,2
32,230,2
33,230,2
34,230,2
35,230,2
36,230,2
37,230,2
38,230,3
39,230,3
40,230,3
41,230,3
42,230,3
43,230,3
44,230,3
45,230,3
46,230,3
47,230,3
48,230,3
49,230,3
50,230,3
51,230,3
52,230,3
53,230,3
54,230,3
55,230,3
56,230,3
57,230,3
58,230,3
59,230,3
60,230,3
61,230,3
62,230,3
63,230,3
64,230,3
65,230,3
66,230,3
67,230,3
68,230,3
69,230,3
70,230,3
71,230,3
72,230,3
73,230,3
74,230,3
75,230,3
76,230,3
77,230,3
78,230,3
79,230,3
80,230,3
81,230,3
82,230,3
83,230,3
84,230,3
85,230,3
86,230,3
87,230,3
88,230,3
89,230,3
90,230,3
91,230,3
92,230,3
93,230,3
94,230,3
95,230,3
96,230,3
97,230,3
98,230,3
99,230,3
100,230,3
101,230,3
102,230,3
103,230,3
104,230,3
105,230,3
106,230,3
107,230,3
108,230,3
109,230,3
110,230,3
111,230,3
112,230,3
113,230,3
114,230,3
115,230,3
116,230,3
117,230,3
118,230,3
119,230,3
120,230,3
121,230,3
122,230,3
123,230,3
124,230,3
125,230,3
126,230,3
127,230,3
128,230,3
129,230,3
130,230,3
131,230,3
132,230,3
133,230,3
134,230,3
135,230,3
136,230,3
137,230,4
138,230,4
139,230,4
140,230,4
141,230,4
142,230,4
143,230,4
144,230,4
145,230,4
146,230,4
147,230,4
148,230,4
149,230,4
150,230,4
151,230,4
152,230,4
153,230,4
154,230,4
155,230,4
156,230,4
157,230,4
158,230,4
159,230,4
160,230,4
161,230,4
162,230,4
163,230,4
164,230,4
165,230,4
166,230,4
167,230,4
168,230,4
169,230,4
170,230,4
171,230,4
172,230,4
173,230,4
174,230,4
175,230,4
176,230,4
177,230,4
178,230,4
179,230,4
180,230,4
181,230,5
182,230,5
183,230,5
184,230,5
185,230,5
186,230,5
187,230,5
188,230,5
189,230,5
190,230,5
191,230,5
192,230,5
193,230,5
194,230,6
195,230,6
196,230,6
197,230,6
198,230,6
199,230,6
200,230,6
201,230,6
202,230,6
203,230,6
204,230,6
205,230,6
206,230,6
207,230,6
208,230,6
209,230,7
210,230,7
211,230,7
212,230,7
213,230,7
214,230,7
215,230,8
216,230,8
217,230,8
218,230,8
219,230,9
220,230,10
221,230,10
222,230,11
223,230,12
224,230,14
225,230,15
226,230,27
227,230,72
228,230,128
229,230,128
230,230,128
231,230,128
232,230,128
233,230,128
234,230,128
235,230,128
236,230,128
237,230,128
238,230,128
239,230,128
240,230,128
241,230,128
242,230,128
243,230,128
244,230,128
245,230,128
246,230,128
247,230,128
248,230,128
249,230,128
250,230,128
251,230,128
252,230,128
253,230,106
254,230,94
255,230,59
0,231,1
1,231,1
2,231,1
3,231,1
4,231,1
5,231,1
6,231,1
7,231,1
8,231,1
9,231,1
10,231,1
11,231,1
12,231,1
13,231,1
14,231,1
15,231,1
16,231,1
17,231,1
18,231,1
19,231,1
20,231,1
21,231,1
22,231,2
23,231,2
24,231,2
25,231,2
26,231,2
27,231,2
28,231,2
29,231,2
30,231,2
31,231,2
32,231,2
33,231,2
34,231,2
35,231,2
36,231,2
37,231,2
38,231,2
39,231,3
40,231,3
41,231,3
42,231,3
43,231,3
44,231,3
45,231,3
46,231,3
47,231,3
48,231,3
49,231,3
50,231,3
51,231,3
52,231,3
53,231,3
54,231,3
55,231,3
56,231,3
57,231,3
58,231,3
59,231,3
60,231,3
61,231,3
62,231,3
63,231,3
64,231,3
65,231,3
66,231,3
67,231,3
68,231,3
69,231,3
70,231,3
71,231,3
72,231,3
73,231,3
74,231,3
75,231,3
76,231,3
77,231,3
78,231,3
79,231,3
80,231,3
81,231,3
82,231,3
83,231,3
84,231,3
85,231,3
86,231,3
87,231,3
88,231,3
89,231,3
90,231,3
91,231,3
92,231,3
93,231,3
94,231,3
95,231,3
96,231,3
97,231,3
98,231,3
99,231,3
100,231,3
101,231,3
102,231,3
103,231,3
104,231,3
105,231,3
106,231,3
107,231,3
108,231,3
109,231,3
110,231,3
111,231,3
112,231,3
113,231,3
114,231,3
115,231,3
116,231,3
117,231,3
118,231,3
119,231,3
120,231,3
121,231,3
122,231,3
123,231,3
124,231,3
125,231,3
126,231,3
127,231,3
128,231,3
129,231,3
130,231,3
131,231,3
132,231,3
133,231,3
134,231,3
135,231,3
136,231,3
137,231,3
138,231,4
139,231,4
140,231,4
141,231,4
142,231,4
143,231,4
144,231,4
145,231,4
146,231,4
147,231,4
148,231,4
149,231,4
150,231,4
151,231,4
152,231,4
153,231,4
154,231,4
155,231,4
156,231,4
157,231,4
158,231,4
159,231,4
160,231,4
161,231,4
162,231,4
163,231,4
164,231,4
165,231,4
166,231,4
167,231,4
168,231,4
169,231,4
170,231,4
171,231,4
172,231,4
173,231,4
174,231,4
175,231,4
176,231,4
177,231,4
178,231,4
179,231,4
180,231,4
181,231,4
182,231,4
183,231,5
184,231,5
185,231,5
186,231,5
187,231,5
188,231,5
189,231,5
190,231,5
191,231,5
192,231,5
193,231,5
194,231,5
195,231,5
196,231,6
197,231,6
198,231,6
199,231,6
200,231,6
201,231,6
202,231,6
203,231,6
204,231,6
205,231,6
206,231,6
207,231,6
208,231,6
209,231,6
210,231,7
211,231,7
212,231,7
213,231,7
214,231,7
215,231,8
216,231,8
217,231,8
218,231,8
219,231,9
220,231,10
221,231,10
222,231,11
223,231,12
224,231,15
225,231,17
226,231,23
227,231,36
228,231,128
229,231,128
230,231,128
231,231,128
232,231,128
233,231,128
234,231,128
235,231,128
236,231,128
237,231,128
238,231,128
239,231,128
240,231,128
241,231,128
242,231,128
243,231,128
244,231,128
245,231,128
246,231,128
247,231,128
248,231,128
249,231,128
250,231,45
251,231,36
252,231,53
253,231,33
254,231,27
255,231,67
0,232,1
1,232,1
2,232,1
3,232,1
4,232,1
5,232,1
6,232,1
7,232,1
8,232,1
9,232,1
10,232,1
11,232,1
12,232,1
13,232,1
14,232,1
15,232,1
16,232,1
17,232,1
18,232,1
19,232,1
20,232,1
21,232,1
22,232,1
23,232,2
24,232,2
25,232,2
26,232,2
27,232,2
28,232,2
29,232,2
30,232,2
31,232,2
32,232,2
33,232,2
34,232,2
35,232,2
36,232,2
37,232,2
38,232,2
39,232,2
40,232,3
41,232,3
42,232,3
43,232,3
44,232,3
45,232,3
46,232,3
47,232,3
48,232,3
49,232,3
50,232,3
51,232,3
52,232,3
53,232,3
54,232,3
55,232,3
56,232,3
57,232,3
58,232,3
59,232,3
60,232,3
61,232,3
62,232,3
63,232,3
64,232,3
65,232,3
66,232,3
67,232,3
68,232,3
69,232,3
70,232,3
71,232,3
72,232,3
73,232,3
74,232,3
75,232,3
76,232,3
77,232,3
78,232,3
79,232,3
80,232,3
81,232,3
82,232,3
83,232,3
84,232,3
85,232,3
86,232,3
87,232,3
88,232,3
89,232,3
90,232,3
91,232,3
92,232,3
93,232,3
94,232,3
95,232,3
96,232,3
97,232,3
98,232,3
99,232,3
100,232,3
101,232,3
102,232,3
103,232,3
104,232,3
105,232,3
106,232,3
107,232,3
108,232,3
109,232,3
110,232,3
111,232,3
112,232,3
113,232,3
114,232,3
115,232,3
116,232,3
117,232,3
118,232,3
119,232,3
120,232,3
121,232,3
122,232,3
123,232,3
124,232,3
125,232,3
126,232,3
127,232,3
128,232,3
129,232,3
130,232,3
131,232,3
132,232,3
133,232,3
134,232,3
135,232,3
136,232,3
137,232,3
138,232,3
139,232,4
140,232,4
141,232,4
142,232,4
143,232,4
144,232,4
145,232,4
146,232,4
147,232,4
148,232,4
149,232,4
150,232,4
151,232,4
152,232,4
153,232,4
154,232,4
155,232,4
156,232,4
157,232,4
158,232,4
159,232,4
160,232,4
161,232,4
162,232,4
163,232,4
164,232,4
165,232,4
166,232,4
167,232,4
168,232,4
169,232,4
170,232,4
171,232,4
172,232,4
173,232,4
174,232,4
175,232,4
176,232,4
177,232,4
178,232,4
179,232,4
180,232,4
181,232,4
182,232,4
183,232,4
184,232,5
185,232,5
186,232,5
187,232,5
188,232,5
189,232,5
190,232,5
191,232,5
192,232,5
193,232,5
194,232,5
195,232,5
196,232,5
197,232,5
198,232,6
199,232,6
200,232,6
201,232,6
202,232,6
203,232,6
204,232,6
205,232,6
206,232,6
207,232,6
208,232,6
209,232,6
210,232,6
211,232,7
212,232,7
213,232,7
214,232,7
215,232,8
216,232,8
217,232,8
218,232,9
219,232,9
220,232,10
221,232,11
222,232,11
223,232,12
224,232,17
225,232,29
226,232,39
227,232,62
228,232,112
229,232,128
230,232,128
231,232,51
232,232,128
233,232,128
234,232,128
235,232,128
236,232,128
237,232,128
238,232,128
239,232,128
240,232,128
241,232,128
242,232,128
243,232,128
244,232,128
245,232,128
246,232,128
247,232,128
248,232,128
249,232,50
250,232,40
251,232,23
252,232,30
253,232,22
254,232,23
255,232,24
0,233,1
1,233,1
2,233,1
3,233,1
4,233,1
5,233,1
6,233,1
7,233,1
8,233,1
9,233,1
10,233,1
11,233,1
12,233,1
13,233,1
14,233,1
15,233,1
16,233,1
17,233,1
18,233,1
19,233,1
20,233,1
21,233,1
22,233,1
23,233,2
24,233,2
25,233,2
26,233,2
27,233,2
28,233,2
29,233,2
30,233,2
31,233,2
32,233,2
33,233,2
34,233,2
35,233,2
36,233,2
37,233,2
38,233,2
39,233,2
40,233,2
41,233,3
42,233,3
43,233,3
44,233,3
45,233,3
46,233,3
47,233,3
48,233,3
49,233,3
50,233,3
51,233,3
52,233,3
53,233,3
54,233,3
55,233,3
56,233,3
57,233,3
58,233,3
59,233,3
60,233,3
61,233,3
62,233,3
63,233,3
64,233,3
65,233,3
66,233,3
67,233,3
68,233,3
69,233,3
70,233,3
71,233,3
72,233,3
73,233,3
74,233,3
75,233,3
76,233,3
77,233,3
78,233,3
79,233,3
80,233,3
81,233,3
82,233,3
83,233,3
84,233,3
85,233,3
86,233,3
87,233,3
88,233,3
89,233,3
90,233,3
91,233,3
92,233,3
93,233,3
94,233,3
95,233,3
96,233,3
97,233,3
98,233,3
99,233,3
100,233,3
101,233,3
102,233,3
103,233,3
104,233,3
105,233,3
106,233,3
107,233,3
108,233,3
109,233,3
110,233,3
111,233,3
112,233,3
113,233,3
114,233,3
115,233,3
116,233,3
117,233,3
118,233,3
119,233,3
120,233,3
121,233,3
122,233,3
123,233,3
124,233,3
125,233,3
126,233,3
127,233,3
128,233,3
129,233,3
130,233,3
131,233,3
132,233,3
133,233,3
134,233,3
135,233,3
136,233,3
137,233,3
138,233,3
139,233,3
140,233,4
141,233,4
142,233,4
143,233,4
144,233,4
145,233,4
146,233,4
147,233,4
148,233,4
149,233,4
150,233,4
151,233,4
152,233,4
153,233,4
154,233,4
155,233,4
156,233,4
157,233,4
158,233,4
159,233,4
160,233,4
161,233,4
162,233,4
163,233,4
164,233,4
165,233,4
166,233,4
167,233,4
168,233,4
169,233,4
170,233,4
171,233,4
172,233,4
173,233,4
174,233,4
175,233,4
176,233,4
177,233,4
178,233,4
179,233,4
180,233,4
181,233,4
182,233,4
183,233,4
184,233,4
185,233,5
186,233,5
187,233,5
188,233,5
189,233,5
190,233,5
191,233,5
192,233,5
193,233,5
194,233,5
195,233,5
196,233,5
197,233,5
198,233,5
199,233,5
200,233,6
201,233,6
202,233,6
203,233,6
204,233,6
205,233,6
206,233,6
207,233,6
208,233,6
209,233,6
210,233,6
211,233,6
212,233,7
213,233,7
214,233,7
215,233,8
216,233,8
217,233,8
218,233,9
219,233,9
220,233,10
221,233,11
222,233,12
223,233,13
224,233,15
225,233,19
226,233,35
227,233,31
228,233,33
229,233,94
230,233,35
231,233,29
232,233,128
233,233,128
234,233,128
235,233,128
236,233,128
237,233,128
238,233,128
239,233,128
240,233,128
241,233,128
242,233,128
243,233,128
244,233,128
245,233,128
246,233,128
247,233,128
248,233,128
249,233,54
250,233,23
251,233,19
252,233,31
253,233,17
254,233,17
255,233,19
0,234,1
1,234,1
2,234,1
3,234,1
4,234,1
5,234,1
6,234,1
7,234,1
8,234,1
9,234,1
10,234,1
11,234,1
12,234,1
13,234,1
14,234,1
15,234,1
16,234,1
17,234,1
18,234,1
19,234,1
20,234,1
21,234,1
22,234,1
23,234,2
24,234,2
25,234,2
26,234,2
27,234,2
28,234,2
29,234,2
30,234,2
31,234,2
32,234,2
33,234,2
34,234,2
35,234,2
36,234,2
37,234,2
38,234,2
39,234,2
40,234,2
41,234,2
42,234,3
43,234,3
44,234,3
45,234,3
46,234,3
47,234,3
48,234,3
49,234,3
50,234,3
51,234,3
52,234,3
53,234,3
54,234,3
55,234,3
56,234,3
57,234,3
58,234,3
59,234,3
60,234,3
61,234,3
62,234,3
63,234,3
64,234,3
65,234,3
66,234,3
67,234,3
68,234,3
69,234,3
70,234,3
71,234,3
72,234,3
73,234,3
74,234,3
75,234,3
76,234,3
77,234,3
78,234,3
79,234,3
80,234,3
81,234,3
82,234,3
83,234,3
84,234,3
85,234,3
86,234,3
87,234,3
88,234,3
89,234,3
90,234,3
91,234,3
92,234,3
93,234,3
94,234,3
95,234,3
96,234,3
97,234,3
98,234,3
99,234,3
100,234,3
101,234,3
102,234,3
103,234,3
104,234,3
105,234,3
106,234,3
107,234,3
108,234,3
109,234,3
110,234,3
111,234,3
112,234,3
113,234,3
114,234,3
115,234,3
116,234,3
117,234,3
118,234,3
119,234,3
120,234,3
121,234,3
122,234,3
123,234,3
124,234,3
125,234,3
126,234,3
127,234,3
128,234,3
129,234,3
130,234,3
131,234,3
132,234,3
133,234,3
134,234,3
135,234,3
136,234,3
137,234,3
138,234,3
139,234,3
140,234,3
141,234,4
142,234,4
143,234,4
144,234,4
145,234,4
146,234,4
147,234,4
148,234,4
149,234,4
150,234,4
151,234,4
152,234,4
153,234,4
154,234,4
155,234,4
156,234,4
157,234,4
158,234,4
159,234,4
160,234,4
161,234,4
162,234,4
163,234,4
164,234,4
165,234,4
166,234,4
167,234,4
168,234,4
169,234,4
170,234,4
171,234,4
172,234,4
173,234,4
174,234,4
175,234,4
176,234,4
177,234,4
178,234,4
179,234,4
180,234,4
181,234,4
182,234,4
183,234,4
184,234,4
185,234,4
186,234,4
187,234,5
188,234,5
189,234,5
190,234,5
191,234,5
192,234,5
193,234,5
194,234,5
195,234,5
196,234,5
197,234,5
198,234,5
199,234,5
200,234,5
201,234,5
202,234,6
203,234,6
204,234,6
205,234,6
206,234,6
207,234,6
208,234,6
209,234,6
210,234,6
211,234,6
212,234,7
213,234,7
214,234,7
215,234,7
216,234,8
217,234,9
218,234,9
219,234,10
220,234,13
221,234,12
222,234,13
223,234,13
224,234,15
225,234,22
226,234,64
227,234,59
228,234,22
229,234,37
230,234,25
231,234,24
232,234,28
233,234,106
234,234,128
235,234,128
236,234,128
237,234,128
238,234,128
239,234,128
240,234,128
241,234,128
242,234,128
243,234,128
244,234,128
245,234,128
246,234,128
247,234,41
248,234,32
249,234,128
250,234,21
251,234,17
252,234,15
253,234,14
254,234,15
255,234,22
0,235,1
1,235,1
2,235,1
3,235,1
4,235,1
5,235,1
6,235,1
7,235,1
8,235,1
9,235,1
10,235,1
11,235,1
12,235,1
13,235,1
14,235,1
15,235,1
16,235,1
17,235,1
18,235,1
19,235,1
20,235,1
21,235,1
22,235,1
23,235,1
24,235,2
25,235,2
26,235,2
27,235,2
28,235,2
29,235,2
30,235,2
31,235,2
32,235,2
33,235,2
34,235,2
35,235,2
36,235,2
37,235,2
38,235,2
39,235,2
40,235,2
41,235,2
42,235,2
43,235,3
44,235,3
45,235,3
46,235,3
47,235,3
48,235,3
49,235,3
50,235,3
51,235,3
52,235,3
53,235,3
54,235,3
55,235,3
56,235,3
57,235,3
58,235,3
59,235,3
60,235,3
61,235,3
62,235,3
63,235,3
64,235,3
65,235,3
66,235,3
67,235,3
68,235,3
69,235,3
70,235,3
71,235,3
72,235,3
73,235,3
74,235,3
75,235,3
76,235,3
77,235,3
78,235,3
79,235,3
80,235,3
81,235,3
82,235,3
83,235,3
84,235,3
85,235,3
86,235,3
87,235,3
88,235,3
89,235,3
90,235,3
91,235,3
92,235,3
93,235,3
94,235,3
95,235,3
96,235,3
97,235,3
98,235,3
99,235,3
100,235,3
101,235,3
102,235,3
103,235,3
104,235,3
105,235,3
106,235,3
107,235,3
108,235,3
109,235,3
110,235,3
111,235,3
112,235,3
113,235,3
114,235,3
115,235,3
116,235,3
117,235,3
118,235,3
119,235,3
120,235,3
121,235,3
122,235,3
123,235,3
124,235,3
125,235,3
126,235,3
127,235,3
128,235,3
129,235,3
130,235,3
131,235,3
132,235,3
133,235,3
134,235,3
135,235,3
136,235,3
137,235,3
138,235,3
139,235,3
140,235,3
141,235,3
142,235,4
143,235,4
144,235,4
145,235,4
146,235,4
147,235,4
148,235,4
149,235,4
150,235,4
151,235,4
152,235,4
153,235,4
154,235,4
155,235,4
156,235,4
157,235,4
158,235,4
159,235,4
160,235,4
161,235,4
162,235,4
163,235,4
164,235,4
165,235,4
166,235,4
167,235,4
168,235,4
169,235,4
170,235,4
171,235,4
172,235,4
173,235,4
174,235,4
175,235,4
176,235,4
177,235,4
178,235,4
179,235,4
180,235,4
181,235,4
182,235,4
183,235,4
184,235,4
185,235,4
186,235,4
187,235,4
188,235,5
189,235,5
190,235,5
191,235,5
192,235,5
193,235,5
194,235,5
195,235,5
196,235,5
197,235,5
198,235,5
199,235,5
200,235,5
201,235,5
202,235,5
203,235,5
204,235,6
205,235,6
206,235,6
207,235,6
208,235,6
209,235,6
210,235,6
211,235,6
212,235,6
213,235,7
214,235,7
215,235,7
216,235,8
217,235,9
218,235,10
219,235,13
220,235,40
221,235,16
222,235,15
223,235,15
224,235,16
225,235,27
226,235,22
227,235,19
228,235,18
229,235,49
230,235,28
231,235,19
232,235,28
233,235,65
234,235,67
235,235,39
236,235,128
237,235,128
238,235,128
239,235,128
240,235,128
241,235,128
242,235,128
243,235,128
244,235,128
245,235,38
246,235,29
247,235,28
248,235,21
249,235,25
250,235,28
251,235,16
252,235,14
253,235,13
254,235,14
255,235,18
0,236,1
1,236,1
2,236,1
3,236,1
4,236,1
5,236,1
6,236,1
7,236,1
8,236,1
9,236,1
10,236,1
11,236,1
12,236,1
13,236,1
14,236,1
15,236,1
16,236,1
17,236,1
18,236,1
19,236,1
20,236,1
21,236,1
22,236,1
23,236,1
24,236,2
25,236,2
26,236,2
27,236,2
28,236,2
29,236,2
30,236,2
31,236,2
32,236,2
33,236,2
34,236,2
35,236,2
36,236,2
37,236,2
38,236,2
39,236,2
40,236,2
41,236,2
42,236,2
43,236,2
44,236,3
45,236,3
46,236,3
47,236,3
48,236,3
49,236,3
50,236,3
51,236,3
52,236,3
53,236,3
54,236,3
55,236,3
56,236,3
57,236,3
58,236,3
59,236,3
60,236,3
61,236,3
62,236,3
63,236,3
64,236,3
65,236,3
66,236,3
67,236,3
68,236,3
69,236,3
70,236,3
71,236,3
72,236,3
73,236,3
74,236,3
75,236,3
76,236,3
77,236,3
78,236,3
79,236,3
80,236,3
81,236,3
82,236,3
83,236,3
84,236,3
85,236,3
86,236,3
87,236,3
88,236,3
89,236,3
90,236,3
91,236,3
92,236,3
93,236,3
94,236,3
95,236,3
96,236,3
97,236,3
98,236,3
99,236,3
100,236,3
101,236,3
102,236,3
103,236,3
104,236,3
105,236,3
106,236,3
107,236,3
108,236,3
109,236,3
110,236,3
111,236,3
112,236,3
113,236,3
114,236,3
115,236,3
116,236,3
117,236,3
118,236,3
119,236,3
120,236,3
121,236,3
122,236,3
123,236,3
124,236,3
125,236,3
126,236,3
127,236,3
128,236,3
129,236,3
130,236,3
131,236,3
132,236,3
133,236,3
134,236,3
135,236,3
136,236,3
137,236,3
138,236,3
139,236,3
140,236,3
141,236,3
142,236,3
143,236,3
144,236,4
145,236,4
146,236,4
147,236,4
148,236,4
149,236,4
150,236,4
151,236,4
152,236,4
153,236,4
154,236,4
155,236,4
156,236,4
157,236,4
158,236,4
159,236,4
160,236,4
161,236,4
162,236,4
163,236,4
164,236,4
165,236,4
166,236,4
167,236,4
168,236,4
169,236,4
170,236,4
171,236,4
172,236,4
173,236,4
174,236,4
175,236,4
176,236,4
177,236,4
178,236,4
179,236,4
180,236,4
181,236,4
182,236,4
183,236,4
184,236,4
185,236,4
186,236,4
187,236,4
188,236,4
189,236,5
190,236,5
191,236,5
192,236,5
193,236,5
194,236,5
195,236,5
196,236,5
197,236,5
198,236,5
199,236,5
200,236,5
201,236,5
202,236,5
203,236,5
204,236,5
205,236,5
206,236,6
207,236,6
208,236,6
209,236,6
210,236,6
211,236,6
212,236,6
213,236,6
214,236,7
215,236,7
216,236,8
217,236,18
218,236,18
219,236,20
220,236,16
221,236,26
222,236,19
223,236,20
224,236,18
225,236,26
226,236,21
227,236,17
228,236,16
229,236,15
230,236,15
231,236,17
232,236,20
233,236,44
234,236,27
235,236,25
236,236,39
237,236,41
238,236,36
239,236,54
240,236,128
241,236,128
242,236,128
243,236,128
244,236,67
245,236,27
246,236,23
247,236,23
248,236,18
249,236,22
250,236,17
251,236,13
252,236,13
253,236,12
254,236,13
255,236,15
0,237,1
1,237,1
2,237,1
3,237,1
4,237,1
5,237,1
6,237,1
7,237,1
8,237,1
9,237,1
10,237,1
11,237,1
12,237,1
13,237,1
14,237,1
15,237,1
16,237,1
17,237,1
18,237,1
19,237,1
20,237,1
21,237,1
22,237,1
23,237,1
24,237,1
25,237,2
26,237,2
27,237,2
28,237,2
29,237,2
30,237,2
31,237,2
32,237,2
33,237,2
34,237,2
35,237,2
36,237,2
37,237,2
38,237,2
39,237,2
40,237,2
41,237,2
42,237,2
43,237,2
44,237,2
45,237,3
46,237,3
47,237,3
48,237,3
49,237,3
50,237,3
51,237,3
52,237,3
53,237,3
54,237,3
55,237,3
56,237,3
57,237,3
58,237,3
59,237,3
60,237,3
61,237,3
62,237,3
63,237,3
64,237,3
65,237,3
66,237,3
67,237,3
68,237,3
69,237,3
70,237,3
71,237,3
72,237,3
73,237,3
74,237,3
75,237,3
76,237,3
77,237,3
78,237,3
79,237,3
80,237,3
81,237,3
82,237,3
83,237,3
84,237,3
85,237,3
86,237,3
87,237,3
88,237,3
89,237,3
90,237,3
91,237,3
92,237,3
93,237,3
94,237,3
95,237,3
96,237,3
97,237,3
98,237,3
99,237,3
100,237,3
101,237,3
102,237,3
103,237,3
104,237,3
105,237,3
106,237,3
107,237,3
108,237,3
109,237,3
110,237,3
111,237,3
112,237,3
113,237,3
114,237,3
115,237,3
116,237,3
117,237,3
118,237,3
119,237,3
120,237,3
121,237,3
122,237,3
123,237,3
124,237,3
125,237,3
126,237,3
127,237,3
128,237,3
129,237,3
130,237,3
131,237,3
132,237,3
133,237,3
134,237,3
135,237,3
136,237,3
137,237,3
138,237,3
139,237,3
140,237,3
141,237,3
142,237,3
143,237,3
144,237,3
145,237,4
146,237,4
147,237,4
148,237,4
149,237,4
150,237,4
151,237,4
152,237,4
153,237,4
154,237,4
155,237,4
156,237,4
157,237,4
158,237,4
159,237,4
160,237,4
161,237,4
162,237,4
163,237,4
164,237,4
165,237,4
166,237,4
167,237,4
168,237,4
169,237,4
170,237,4
171,237,4
172,237,4
173,237,4
174,237,4
175,237,4
176,237,4
177,237,4
178,237,4
179,237,4
180,237,4
181,237,4
182,237,4
183,237,4
184,237,4
185,237,4
186,237,4
187,237,4
188,237,4
189,237,4
190,237,5
191,237,5
192,237,5
193,237,5
194,237,5
195,237,5
196,237,5
197,237,5
198,237,5
199,237,5
200,237,5
201,237,5
202,237,5
203,237,5
204,237,5
205,237,5
206,237,5
207,237,5
208,237,6
209,237,6
210,237,6
211,237,6
212,237,6
213,237,6
214,237,6
215,237,7
216,237,7
217,237,9
218,237,10
219,237,16
220,237,13
221,237,12
222,237,32
223,237,18
224,237,21
225,237,20
226,237,49
227,237,17
228,237,14
229,237,14
230,237,14
231,237,16
232,237,35
233,237,28
234,237,19
235,237,20
236,237,22
237,237,24
238,237,41
239,237,128
240,237,128
241,237,128
242,237,128
243,237,128
244,237,128
245,237,53
246,237,22
247,237,18
248,237,16
249,237,15
250,237,15
251,237,12
252,237,11
253,237,11
254,237,11
255,237,12
0,238,1
1,238,1
2,238,1
3,238,1
4,238,1
5,238,1
6,238,1
7,238,1
8,238,1
9,238,1
10,238,1
11,238,1
12,238,1
13,238,1
14,238,1
15,238,1
16,238,1
17,238,1
18,238,1
19,238,1
20,238,1
21,238,1
22,238,1
23,238,1
24,238,1
25,238,2
26,238,2
27,238,2
28,238,2
29,238,2
30,238,2
31,238,2
32,238,2
33,238,2
34,238,2
35,238,2
36,238,2
37,238,2
38,238,2
39,238,2
40,238,2
41,238,2
42,238,2
43,238,2
44,238,2
45,238,2
46,238,3
47,238,3
48,238,3
49,238,3
50,238,3
51,238,3
52,238,3
53,238,3
54,238,3
55,238,3
56,238,3
57,238,3
58,238,3
59,238,3
60,238,3
61,238,3
62,238,3
63,238,3
64,238,3
65,238,3
66,238,3
67,238,3
68,238,3
69,238,3
70,238,3
71,238,3
72,238,3
73,238,3
74,238,3
75,238,3
76,238,3
77,238,3
78,238,3
79,238,3
80,238,3
81,238,3
82,238,3
83,238,3
84,238,3
85,238,3
86,238,3
87,238,3
88,238,3
89,238,3
90,238,3
91,238,3
92,238,3
93,238,3
94,238,3
95,238,3
96,238,3
97,238,3
98,238,3
99,238,3
100,238,3
101,238,3
102,238,3
103,238,3
104,238,3
105,238,3
106,238,3
107,238,3
108,238,3
109,238,3
110,238,3
111,238,3
112,238,3
113,238,3
114,238,3
115,238,3
116,238,3
117,238,3
118,238,3
119,238,3
120,238,3
121,238,3
122,238,3
123,238,3
124,238,3
125,238,3
126,238,3
127,238,3
128,238,3
129,238,3
130,238,3
131,238,3
132,238,3
133,238,3
134,238,3
135,238,3
136,238,3
137,238,3
138,238,3
139,238,3
140,238,3
141,238,3
142,238,3
143,238,3
144,238,3
145,238,3
146,238,4
147,238,4
148,238,4
149,238,4
150,238,4
151,238,4
152,238,4
153,238,4
154,238,4
155,238,4
156,238,4
157,238,4
158,238,4
159,238,4
160,238,4
161,238,4
162,238,4
163,238,4
164,238,4
165,238,4
166,238,4
167,238,4
168,238,4
169,238,4
170,238,4
171,238,4
172,238,4
173,238,4
174,238,4
175,238,4
176,238,4
177,238,4
178,238,4
179,238,4
180,238,4
181,238,4
182,238,4
183,238,4
184,238,4
185,238,4
186,238,4
187,238,4
188,238,4
189,238,4
190,238,4
191,238,4
192,238,5
193,238,5
194,238,5
195,238,5
196,238,5
197,238,5
198,238,5
199,238,5
200,238,5
201,238,5
202,238,5
203,238,5
204,238,5
205,238,5
206,238,5
207,238,5
208,238,5
209,238,6
210,238,6
211,238,6
212,238,6
213,238,6
214,238,6
215,238,6
216,238,7
217,238,8
218,238,9
219,238,11
220,238,10
221,238,10
222,238,12
223,238,12
224,238,14
225,238,16
226,238,38
227,238,21
228,238,13
229,238,13
230,238,13
231,238,14
232,238,15
233,238,22
234,238,16
235,238,17
236,238,19
237,238,27
238,238,117
239,238,128
240,238,128
241,238,128
242,238,128
243,238,128
244,238,128
245,238,78
246,238,38
247,238,19
248,238,15
249,238,14
250,238,12
251,238,11
252,238,11
253,238,11
254,238,11
255,238,11
0,239,1
1,239,1
2,239,1
3,239,1
4,239,1
5,239,1
6,239,1
7,239,1
8,239,1
9,239,1
10,239,1
11,239,1
12,239,1
13,239,1
14,239,1
15,239,1
16,239,1
17,239,1
18,239,1
19,239,1
20,239,1
21,239,1
22,239,1
23,239,1
24,239,1
25,239,1
26,239,2
27,239,2
28,239,2
29,239,2
30,239,2
31,239,2
32,239,2
33,239,2
34,239,2
35,239,2
36,239,2
37,239,2
38,239,2
39,239,2
40,239,2
41,239,2
42,239,2
43,239,2
44,239,2
45,239,2
46,239,2
47,239,3
48,239,3
49,239,3
50,239,3
51,239,3
52,239,3
53,239,3
54,239,3
55,239,3
56,239,3
57,239,3
58,239,3
59,239,3
60,239,3
61,239,3
62,239,3
63,239,3
64,239,3
65,239,3
66,239,3
67,239,3
68,239,3
69,239,3
70,239,3
71,239,3
72,239,3
73,239,3
74,239,3
75,239,3
76,239,3
77,239,3
78,239,3
79,239,3
80,239,3
81,239,3
82,239,3
83,239,3
84,239,3
85,239,3
86,239,3
87,239,3
88,239,3
89,239,3
90,239,3
91,239,3
92,239,3
93,239,3
94,239,3
95,239,3
96,239,3
97,239,3
98,239,3
99,239,3
100,239,3
101,239,3
102,239,3
103,239,3
104,239,3
105,239,3
106,239,3
107,239,3
108,239,3
109,239,3
110,239,3
111,239,3
112,239,3
113,239,3
114,239,3
115,239,3
116,239,3
117,239,3
118,239,3
119,239,3
120,239,3
121,239,3
122,239,3
123,239,3
124,239,3
125,239,3
126,239,3
127,239,3
128,239,3
129,239,3
130,239,3
131,239,3
132,239,3
133,239,3
134,239,3
135,239,3
136,239,3
137,239,3
138,239,3
139,239,3
140,239,3
141,239,3
142,239,3
143,239,3
144,239,3
145,239,3
146,239,3
147,239,4
148,239,4
149,239,4
150,239,4
151,239,4
152,239,4
153,239,4
154,239,4
155,239,4
156,239,4
157,239,4
158,239,4
159,239,4
160,239,4
161,239,4
162,239,4
163,239,4
164,239,4
165,239,4
166,239,4
167,239,4
168,239,4
169,239,4
170,239,4
171,239,4
172,239,4
173,239,4
174,239,4
175,239,4
176,239,4
177,239,4
178,239,4
179,239,4
180,239,4
181,239,4
182,239,4
183,239,4
184,239,4
185,239,4
186,239,4
187,239,4
188,239,4
189,239,4
190,239,4
191,239,4
192,239,4
193,239,5
194,239,5
195,239,5
196,239,5
197,239,5
198,239,5
199,239,5
200,239,5
201,239,5
202,239,5
203,239,5
204,239,5
205,239,5
206,239,5
207,239,5
208,239,5
209,239,5
210,239,5
211,239,6
212,239,6
213,239,6
214,239,6
215,239,6
216,239,7
217,239,7
218,239,8
219,239,8
220,239,8
221,239,9
222,239,9
223,239,11
224,239,13
225,239,18
226,239,30
227,239,16
228,239,12
229,239,12
230,239,11
231,239,12
232,239,12
233,239,13
234,239,14
235,239,15
236,239,46
237,239,33
238,239,48
239,239,128
240,239,128
241,239,128
242,239,128
243,239,128
244,239,128
245,239,45
246,239,22
247,239,18
248,239,15
249,239,13
250,239,12
251,239,11
252,239,10
253,239,10
254,239,10
255,239,10
0,240,1
1,240,1
2,240,1
3,240,1
4,240,1
5,240,1
6,240,1
7,240,1
8,240,1
9,240,1
10,240,1
11,240,1
12,240,1
13,240,1
14,240,1
15,240,1
16,240,1
17,240,1
18,240,1
19,240,1
20,240,1
21,240,1
22,240,1
23,240,1
24,240,1
25,240,1
26,240,2
27,240,2
28,240,2
29,240,2
30,240,2
31,240,2
32,240,2
33,240,2
34,240,2
35,240,2
36,240,2
37,240,2
38,240,2
39,240,2
40,240,2
41,240,2
42,240,2
43,240,2
44,240,2
45,240,2
46,240,2
47,240,2
48,240,3
49,240,3
50,240,3
51,240,3
52,240,3
53,240,3
54,240,3
55,240,3
56,240,3
57,240,3
58,240,3
59,240,3
60,240,3
61,240,3
62,240,3
63,240,3
64,240,3
65,240,3
66,240,3
67,240,3
68,240,3
69,240,3
70,240,3
71,240,3
72,240,3
73,240,3
74,240,3
75,240,3
76,240,3
77,240,3
78,240,3
79,240,3
80,240,3
81,240,3
82,240,3
83,240,3
84,240,3
85,240,3
86,240,3
87,240,3
88,240,3
89,240,3
90,240,3
91,240,3
92,240,3
93,240,3
94,240,3
95,240,3
96,240,3
97,240,3
98,240,3
99,240,3
100,240,3
101,240,3
102,240,3
103,240,3
104,240,3
105,240,3
106,240,3
107,240,3
108,240,3
109,240,3
110,240,3
111,240,3
112,240,3
113,240,3
114,240,3
115,240,3
116,240,3
117,240,3
118,240,3
119,240,3
120,240,3
121,240,3
122,240,3
123,240,3
124,240,3
125,240,3
126,240,3
127,240,3
128,240,3
129,240,3
130,240,3
131,240,3
132,240,3
133,240,3
134,240,3
135,240,3
136,240,3
137,240,3
138,240,3
139,240,3
140,240,3
141,240,3
142,240,3
143,240,3
144,240,3
145,240,3
146,240,3
147,240,3
148,240,4
149,240,4
150,240,4
151,240,4
152,240,4
153,240,4
154,240,4
155,240,4
156,240,4
157,240,4
158,240,4
159,240,4
160,240,4
161,240,4
162,240,4
163,240,4
164,240,4
165,240,4
166,240,4
167,240,4
168,240,4
169,240,4
170,240,4
171,240,4
172,240,4
173,240,4
174,240,4
175,240,4
176,240,4
177,240,4
178,240,4
179,240,4
180,240,4
181,240,4
182,240,4
183,240,4
184,240,4
185,240,4
186,240,4
187,240,4
188,240,4
189,240,4
190,240,4
191,240,4
192,240,4
193,240,4
194,240,5
195,240,5
196,240,5
197,240,5
198,240,5
199,240,5
200,240,5
201,240,5
202,240,5
203,240,5
204,240,5
205,240,5
206,240,5
207,240,5
208,240,5
209,240,5
210,240,5
211,240,5
212,240,6
213,240,6
214,240,6
215,240,6
216,240,6
217,240,7
218,240,7
219,240,8
220,240,8
221,240,8
222,240,9
223,240,10
224,240,13
225,240,22
226,240,14
227,240,12
228,240,11
229,240,11
230,240,11
231,240,11
232,240,11
233,240,13
234,240,13
235,240,14
236,240,18
237,240,22
238,240,50
239,240,128
240,240,128
241,240,128
242,240,128
243,240,128
244,240,56
245,240,88
246,240,24
247,240,18
248,240,16
249,240,16
250,240,12
251,240,10
252,240,10
253,240,10
254,240,9
255,240,9
0,241,1
1,241,1
2,241,1
3,241,1
4,241,1
5,241,1
6,241,1
7,241,1
8,241,1
9,241,1
10,241,1
11,241,1
12,241,1
13,241,1
14,241,1
15,241,1
16,241,1
17,241,1
18,241,1
19,241,1
20,241,1
21,241,1
22,241,1
23,241,1
24,241,1
25,241,1
26,241,1
27,241,2
28,241,2
29,241,2
30,241,2
31,241,2
32,241,2
33,241,2
34,241,2
35,241,2
36,241,2
37,241,2
38,241,2
39,241,2
40,241,2
41,241,2
42,241,2
43,241,2
44,241,2
45,241,2
46,241,2
47,241,2
48,241,2
49,241,3
50,241,3
51,241,3
52,241,3
53,241,3
54,241,3
55,241,3
56,241,3
57,241,3
58,241,3
59,241,3
60,241,3
61,241,3
62,241,3
63,241,3
64,241,3
65,241,3
66,241,3
67,241,3
68,241,3
69,241,3
70,241,3
71,241,3
72,241,3
73,241,3
74,241,3
75,241,3
76,241,3
77,241,3
78,241,3
79,241,3
80,241,3
81,241,3
82,241,3
83,241,3
84,241,3
85,241,3
86,241,3
87,241,3
88,241,3
89,241,3
90,241,3
91,241,3
92,241,3
93,241,3
94,241,3
95,241,3
96,241,3
97,241,3
98,241,3
99,241,3
100,241,3
101,241,3
102,241,3
103,241,3
104,241,3
105,241,3
106,241,3
107,241,3
108,241,3
109,241,3
110,241,3
111,241,3
112,241,3
113,241,3
114,241,3
115,241,3
116,241,3
117,241,3
118,241,3
119,241,3
120,241,3
121,241,3
122,241,3
123,241,3
124,241,3
125,241,3
126,241,3
127,241,3
128,241,3
129,241,3
130,241,3
131,241,3
132,241,3
133,241,3
134,241,3
135,241,3
136,241,3
137,241,3
138,241,3
139,241,3
140,241,3
141,241,3
142,241,3
143,241,3
144,241,3
145,241,3
146,241,3
147,241,3
148,241,3
149,241,3
150,241,4
151,241,4
152,241,4
153,241,4
154,241,4
155,241,4
156,241,4
157,241,4
158,241,4
159,241,4
160,241,4
161,241,4
162,241,4
163,241,4
164,241,4
165,241,4
166,241,4
167,241,4
168,241,4
169,241,4
170,241,4
171,241,4
172,241,4
173,241,4
174,241,4
175,241,4
176,241,4
177,241,4
178,241,4
179,241,4
180,241,4
181,241,4
182,241,4
183,241,4
184,241,4
185,241,4
186,241,4
187,241,4
188,241,4
189,241,4
190,241,4
191,241,4
192,241,4
193,241,4
194,241,4
195,241,5
196,241,5
197,241,5
198,241,5
199,241,5
200,241,5
201,241,5
202,241,5
203,241,5
204,241,5
205,241,5
206,241,5
207,241,5
208,241,5
209,241,5
210,241,5
211,241,5
212,241,5
213,241,6
214,241,6
215,241,6
216,241,6
217,241,6
218,241,7
219,241,7
220,241,8
221,241,8
222,241,8
223,241,9
224,241,18
225,241,21
226,241,11
227,241,10
228,241,10
229,241,10
230,241,10
231,241,11
232,241,11
233,241,12
234,241,14
235,241,15
236,241,17
237,241,23
238,241,34
239,241,43
240,241,128
241,241,128
242,241,128
243,241,48
244,241,46
245,241,28
246,241,48
247,241,26
248,241,33
249,241,17
250,241,12
251,241,10
252,241,10
253,241,9
254,241,9
255,241,8
0,242,1
1,242,1
2,242,1
3,242,1
4,242,1
5,242,1
6,242,1
7,242,1
8,242,1
9,242,1
10,242,1
11,242,1
12,242,1
13,242,1
14,242,1
15,242,1
16,242,1
17,242,1
18,242,1
19,242,1
20,242,1
21,242,1
22,242,1
23,242,1
24,242,1
25,242,1
26,242,1
27,242,2
28,242,2
29,242,2
30,242,2
31,242,2
32,242,2
33,242,2
34,242,2
35,242,2
36,242,2
37,242,2
38,242,2
39,242,2
40,242,2
41,242,2
42,242,2
43,242,2
44,242,2
45,242,2
46,242,2
47,242,2
48,242,2
49,242,2
50,242,3
51,242,3
52,242,3
53,242,3
54,242,3
55,242,3
56,242,3
57,242,3
58,242,3
59,242,3
60,242,3
61,242,3
62,242,3
63,242,3
64,242,3
65,242,3
66,242,3
67,242,3
68,242,3
69,242,3
70,242,3
71,242,3
72,242,3
73,242,3
74,242,3
75,242,3
76,242,3
77,242,3
78,242,3
79,242,3
80,242,3
81,242,3
82,242,3
83,242,3
84,242,3
85,242,3
86,242,3
87,242,3
88,242,3
89,242,3
90,242,3
91,242,3
92,242,3
93,242,3
94,242,3
95,242,3
96,242,3
97,242,3
98,242,3
99,242,3
100,242,3
101,242,3
102,242,3
103,242,3
104,242,3
105,242,3
106,242,3
107,242,3
108,242,3
109,242,3
110,242,3
111,242,3
112,242,3
113,242,3
114,242,3
115,242,3
116,242,3
117,242,3
118,242,3
119,242,3
120,242,3
121,242,3
122,242,3
123,242,3
124,242,3
125,242,3
126,242,3
127,242,3
128,242,3
129,242,3
130,242,3
131,242,3
132,242,3
133,242,3
134,242,3
135,242,3
136,242,3
137,242,3
138,242,3
139,242,3
140,242,3
141,242,3
142,242,3
143,242,3
144,242,3
145,242,3
146,242,3
147,242,3
148,242,3
149,242,3
150,242,3
151,242,4
152,242,4
153,242,4
154,242,4
155,242,4
156,242,4
157,242,4
158,242,4
159,242,4
160,242,4
161,242,4
162,242,4
163,242,4
164,242,4
165,242,4
166,242,4
167,242,4
168,242,4
169,242,4
170,242,4
171,242,4
172,242,4
173,242,4
174,242,4
175,242,4
176,242,4
177,242,4
178,242,4
179,242,4
180,242,4
181,242,4
182,242,4
183,242,4
184,242,4
185,242,4
186,242,4
187,242,4
188,242,4
189,242,4
190,242,4
191,242,4
192,242,4
193,242,4
194,242,4
195,242,4
196,242,5
197,242,5
198,242,5
199,242,5
200,242,5
201,242,5
202,242,5
203,242,5
204,242,5
205,242,5
206,242,5
207,242,5
208,242,5
209,242,5
210,242,5
211,242,5
212,242,5
213,242,5
214,242,6
215,242,6
216,242,6
217,242,6
218,242,6
219,242,7
220,242,7
221,242,7
222,242,8
223,242,8
224,242,10
225,242,10
226,242,9
227,242,9
228,242,9
229,242,10
230,242,10
231,242,10
232,242,11
233,242,12
234,242,32
235,242,19
236,242,19
237,242,29
238,242,35
239,242,24
240,242,28
241,242,51
242,242,128
243,242,43
244,242,24
245,242,19
246,242,18
247,242,34
248,242,17
249,242,13
250,242,11
251,242,10
252,242,9
253,242,8
254,242,8
255,242,8
0,243,1
1,243,1
2,243,1
3,243,1
4,243,1
5,243,1
6,243,1
7,243,1
8,243,1
9,243,1
10,243,1
11,243,1
12,243,1
13,243,1
14,243,1
15,243,1
16,243,1
17,243,1
18,243,1
19,243,1
20,243,1
21,243,1
22,243,1
23,243,1
24,243,1
25,243,1
26,243,1
27,243,1
28,243,2
29,243,2
30,243,2
31,243,2
32,243,2
33,243,2
34,243,2
35,243,2
36,243,2
37,243,2
38,243,2
39,243,2
40,243,2
41,243,2
42,243,2
43,243,2
44,243,2
45,243,2
46,243,2
47,243,2
48,243,2
49,243,2
50,243,2
51,243,3
52,243,3
53,243,3
54,243,3
55,243,3
56,243,3
57,243,3
58,243,3
59,243,3
60,243,3
61,243,3
62,243,3
63,243,3
64,243,3
65,243,3
66,243,3
67,243,3
68,243,3
69,243,3
70,243,3
71,243,3
72,243,3
73,243,3
74,243,3
75,243,3
76,243,3
77,243,3
78,243,3
79,243,3
80,243,3
81,243,3
82,243,3
83,243,3
84,243,3
85,243,3
86,243,3
87,243,3
88,243,3
89,243,3
90,243,3
91,243,3
92,243,3
93,243,3
94,243,3
95,243,3
96,243,3
97,243,3
98,243,3
99,243,3
100,243,3
101,243,3
102,243,3
103,243,3
104,243,3
105,243,3
106,243,3
107,243,3
108,243,3
109,243,3
110,243,3
111,243,3
112,243,3
113,243,3
114,243,3
115,243,3
116,243,3
117,243,3
118,243,3
119,243,3
120,243,3
121,243,3
122,243,3
123,243,3
124,243,3
125,243,3
126,243,3
127,243,3
128,243,3
129,243,3
130,243,3
131,243,3
132,243,3
133,243,3
134,243,3
135,243,3
136,243,3
137,243,3
138,243,3
139,243,3
140,243,3
141,243,3
142,243,3
143,243,3
144,243,3
145,243,3
146,243,3
147,243,3
148,243,3
149,243,3
150,243,3
151,243,3
152,243,4
153,243,4
154,243,4
155,243,4
156,243,4
157,243,4
158,243,4
159,243,4
160,243,4
161,243,4
162,243,4
163,243,4
164,243,4
165,243,4
166,243,4
167,243,4
168,243,4
169,243,4
170,243,4
171,243,4
172,243,4
173,243,4
174,243,4
175,243,4
176,243,4
177,243,4
178,243,4
179,243,4
180,243,4
181,243,4
182,243,4
183,243,4
184,243,4
185,243,4
186,243,4
187,243,4
188,243,4
189,243,4
190,243,4
191,243,4
192,243,4
193,243,4
194,243,4
195,243,4
196,243,4
197,243,5
198,243,5
199,243,5
200,243,5
201,243,5
202,243,5
203,243,5
204,243,5
205,243,5
206,243,5
207,243,5
208,243,5
209,243,5
210,243,5
211,243,5
212,243,5
213,243,5
214,243,5
215,243,6
216,243,6
217,243,6
218,243,6
219,243,7
220,243,7
221,243,7
222,243,7
223,243,7
224,243,8
225,243,8
226,243,9
227,243,9
228,243,9
229,243,9
230,243,9
231,243,10
232,243,10
233,243,28
234,243,30
235,243,45
236,243,19
237,243,25
238,243,18
239,243,19
240,243,25
241,243,29
242,243,68
243,243,26
244,243,30
245,243,17
246,243,16
247,243,16
248,243,31
249,243,14
250,243,11
251,243,9
252,243,9
253,243,8
254,243,8
255,243,8
0,244,1
1,244,1
2,244,1
3,244,1
4,244,1
5,244,1
6,244,1
7,244,1
8,244,1
9,244,1
10,244,1
11,244,1
12,244,1
13,244,1
14,244,1
15,244,1
16,244,1
17,244,1
18,244,1
19,244,1
20,244,1
21,244,1
22,244,1
23,244,1
24,244,1
25,244,1
26,244,1
27,244,1
28,244,2
29,244,2
30,244,2
31,244,2
32,244,2
33,244,2
34,244,2
35,244,2
36,244,2
37,244,2
38,244,2
39,244,2
40,244,2
41,244,2
42,244,2
43,244,2
44,244,2
45,244,2
46,244,2
47,244,2
48,244,2
49,244,2
50,244,2
51,244,2
52,244,3
53,244,3
54,244,3
55,244,3
56,244,3
57,244,3
58,244,3
59,244,3
60,244,3
61,244,3
62,244,3
63,244,3
64,244,3
65,244,3
66,244,3
67,244,3
68,244,3
69,244,3
70,244,3
71,244,3
72,244,3
73,244,3
74,244,3
75,244,3
76,244,3
77,244,3
78,244,3
79,244,3
80,244,3
81,244,3
82,244,3
83,244,3
84,244,3
85,244,3
86,244,3
87,244,3
88,244,3
89,244,3
90,244,3
91,244,3
92,244,3
93,244,3
94,244,3
95,244,3
96,244,3
97,244,3
98,244,3
99,244,3
100,244,3
101,244,3
102,244,3
103,244,3
104,244,3
105,244,3
106,244,3
107,244,3
108,244,3
109,244,3
110,244,3
111,244,3
112,244,3
113,244,3
114,244,3
115,244,3
116,244,3
117,244,3
118,244,3
119,244,3
120,244,3
121,244,3
122,244,3
123,244,3
124,244,3
125,244,3
126,244,3
127,244,3
128,244,3
129,244,3
130,244,3
131,244,3
132,244,3
133,244,3
134,244,3
135,244,3
136,244,3
137,244,3
138,244,3
139,244,3
140,244,3
141,244,3
142,244,3
143,244,3
144,244,3
145,244,3
146,244,3
147,244,3
148,244,3
149,244,3
150,244,3
151,244,3
152,244,3
153,244,4
154,244,4
155,244,4
156,244,4
157,244,4
158,244,4
159,244,4
160,244,4
161,244,4
162,244,4
163,244,4
164,244,4
165,244,4
166,244,4
167,244,4
168,244,4
169,244,4
170,244,4
171,244,4
172,244,4
173,244,4
174,244,4
175,244,4
176,244,4
177,244,4
178,244,4
179,244,4
180,244,4
181,244,4
182,244,4
183,244,4
184,244,4
185,244,4
186,244,4
187,244,4
188,244,4
189,244,4
190,244,4
191,244,4
192,244,4
193,244,4
194,244,4
195,244,4
196,244,4
197,244,4
198,244,5
199,244,5
200,244,5
201,244,5
202,244,5
203,244,5
204,244,5
205,244,5
206,244,5
207,244,5
208,244,5
209,244,5
210,244,5
211,244,5
212,244,5
213,244,5
214,244,5
215,244,5
216,244,6
217,244,6
218,244,6
219,244,6
220,244,7
221,244,7
222,244,7
223,244,7
224,244,7
225,244,7
226,244,8
227,244,8
228,244,8
229,244,9
230,244,9
231,244,9
232,244,9
233,244,11
234,244,12
235,244,13
236,244,17
237,244,19
238,244,15
239,244,16
240,244,20
241,244,20
242,244,30
243,244,22
244,244,18
245,244,15
246,244,14
247,244,14
248,244,13
249,244,19
250,244,10
251,244,9
252,244,8
253,244,8
254,244,8
255,244,8
0,245,1
1,245,1
2,245,1
3,245,1
4,245,1
5,245,1
6,245,1
7,245,1
8,245,1
9,245,1
10,245,1
11,245,1
12,245,1
13,245,1
14,245,1
15,245,1
16,245,1
17,245,1
18,245,1
19,245,1
20,245,1
21,245,1
22,245,1
23,245,1
24,245,1
25,245,1
26,245,1
27,245,1
28,245,1
29,245,2
30,245,2
31,245,2
32,245,2
33,245,2
34,245,2
35,245,2
36,245,2
37,245,2
38,245,2
39,245,2
40,245,2
41,245,2
42,245,2
43,245,2
44,245,2
45,245,2
46,245,2
47,245,2
48,245,2
49,245,2
50,245,2
51,245,2
52,245,2
53,245,3
54,245,3
55,245,3
56,245,3
57,245,3
58,245,3
59,245,3
60,245,3
61,245,3
62,245,3
63,245,3
64,245,3
65,245,3
66,245,3
67,245,3
68,245,3
69,245,3
70,245,3
71,245,3
72,245,3
73,245,3
74,245,3
75,245,3
76,245,3
77,245,3
78,245,3
79,245,3
80,245,3
81,245,3
82,245,3
83,245,3
84,245,3
85,245,3
86,245,3
87,245,3
88,245,3
89,245,3
90,245,3
91,245,3
92,245,3
93,245,3
94,245,3
95,245,3
96,245,3
97,245,3
98,245,3
99,245,3
100,245,3
101,245,3
102,245,3
103,245,3
104,245,3
105,245,3
106,245,3
107,245,3
108,245,3
109,245,3
110,245,3
111,245,3
112,245,3
113,245,3
114,245,3
115,245,3
116,245,3
117,245,3
118,245,3
119,245,3
120,245,3
121,245,3
122,245,3
123,245,3
124,245,3
125,245,3
126,245,3
127,245,3
128,245,3
129,245,3
130,245,3
131,245,3
132,245,3
133,245,3
134,245,3
135,245,3
136,245,3
137,245,3
138,245,3
139,245,3
140,245,3
141,245,3
142,245,3
143,245,3
144,245,3
145,245,3
146,245,3
147,245,3
148,245,3
149,245,3
150,245,3
151,245,3
152,245,3
153,245,3
154,245,4
155,245,4
156,245,4
157,245,4
158,245,4
159,245,4
160,245,4
161,245,4
162,245,4
163,245,4
164,245,4
165,245,4
166,245,4
167,245,4
168,245,4
169,245,4
170,245,4
171,245,4
172,245,4
173,245,4
174,245,4
175,245,4
176,245,4
177,245,4
178,245,4
179,245,4
180,245,4
181,245,4
182,245,4
183,245,4
184,245,4
185,245,4
186,245,4
187,245,4
188,245,4
189,245,4
190,245,4
191,245,4
192,245,4
193,245,4
194,245,4
195,245,4
196,245,4
197,245,4
198,245,4
199,245,5
200,245,5
201,245,5
202,245,5
203,245,5
204,245,5
205,245,5
206,245,5
207,245,5
208,245,5
209,245,5
210,245,5
211,245,5
212,245,5
213,245,5
214,245,5
215,245,5
216,245,5
217,245,6
218,245,6
219,245,6
220,245,6
221,245,7
222,245,7
223,245,7
224,245,7
225,245,7
226,245,7
227,245,8
228,245,8
229,245,8
230,245,8
231,245,8
232,245,9
233,245,9
234,245,10
235,245,11
236,245,30
237,245,14
238,245,13
239,245,14
240,245,16
241,245,18
242,245,33
243,245,26
244,245,17
245,245,15
246,245,13
247,245,12
248,245,11
249,245,11
250,245,9
251,245,9
252,245,8
253,245,8
254,245,8
255,245,7
0,246,1
1,246,1
2,246,1
3,246,1
4,246,1
5,246,1
6,246,1
7,246,1
8,246,1
9,246,1
10,246,1
11,246,1
12,246,1
13,246,1
14,246,1
15,246,1
16,246,1
17,246,1
18,246,1
19,246,1
20,246,1
21,246,1
22,246,1
23,246,1
24,246,1
25,246,1
26,246,1
27,246,1
28,246,1
29,246,2
30,246,2
31,246,2
32,246,2
33,246,2
34,246,2
35,246,2
36,246,2
37,246,2
38,246,2
39,246,2
40,246,2
41,246,2
42,246,2
43,246,2
44,246,2
45,246,2
46,246,2
47,246,2
48,246,2
49,246,2
50,246,2
51,246,2
52,246,2
53,246,2
54,246,3
55,246,3
56,246,3
57,246,3
58,246,3
59,246,3
60,246,3
61,246,3
62,246,3
63,246,3
64,246,3
65,246,3
66,246,3
67,246,3
68,246,3
69,246,3
70,246,3
71,246,3
72,246,3
73,246,3
74,246,3
75,246,3
76,246,3
77,246,3
78,246,3
79,246,3
80,246,3
81,246,3
82,246,3
83,246,3
84,246,3
85,246,3
86,246,3
87,246,3
88,246,3
89,246,3
90,246,3
91,246,3
92,246,3
93,246,3
94,246,3
95,246,3
96,246,3
97,246,3
98,246,3
99,246,3
100,246,3
101,246,3
102,246,3
103,246,3
104,246,3
105,246,3
106,246,3
107,246,3
108,246,3
109,246,3
110,246,3
111,246,3
112,246,3
113,246,3
114,246,3
115,246,3
116,246,3
117,246,3
118,246,3
119,246,3
120,246,3
121,246,3
122,246,3
123,246,3
124,246,3
125,246,3
126,246,3
127,246,3
128,246,3
129,246,3
130,246,3
131,246,3
132,246,3
133,246,3
134,246,3
135,246,3
136,246,3
137,246,3
138,246,3
139,246,3
140,246,3
141,246,3
142,246,3
143,246,3
144,246,3
145,246,3
146,246,3
147,246,3
148,246,3
149,246,3
150,246,3
151,246,3
152,246,3
153,246,3
154,246,3
155,246,3
156,246,4
157,246,4
158,246,4
159,246,4
160,246,4
161,246,4
162,246,4
163,246,4
164,246,4
165,246,4
166,246,4
167,246,4
168,246,4
169,246,4
170,246,4
171,246,4
172,246,4
173,246,4
174,246,4
175,246,4
176,246,4
177,246,4
178,246,4
179,246,4
180,246,4
181,246,4
182,246,4
183,246,4
184,246,4
185,246,4
186,246,4
187,246,4
188,246,4
189,246,4
190,246,4
191,246,4
192,246,4
193,246,4
194,246,4
195,246,4
196,246,4
197,246,4
198,246,4
199,246,4
200,246,5
201,246,5
202,246,5
203,246,5
204,246,5
205,246,5
206,246,5
207,246,5
208,246,5
209,246,5
210,246,5
211,246,5
212,246,5
213,246,5
214,246,5
215,246,5
216,246,5
217,246,5
218,246,6
219,246,6
220,246,6
221,246,6
222,246,7
223,246,7
224,246,7
225,246,7
226,246,7
227,246,7
228,246,8
229,246,8
230,246,8
231,246,8
232,246,8
233,246,9
234,246,10
235,246,10
236,246,11
237,246,12
238,246,12
239,246,13
240,246,16
241,246,20
242,246,38
243,246,34
244,246,29
245,246,15
246,246,12
247,246,11
248,246,11
249,246,10
250,246,9
251,246,9
252,246,8
253,246,8
254,246,8
255,246,7
0,247,1
1,247,1
2,247,1
3,247,1
4,247,1
5,247,1
6,247,1
7,247,1
8,247,1
9,247,1
10,247,1
11,247,1
12,247,1
13,247,1
14,247,1
15,247,1
16,247,1
17,247,1
18,247,1
19,247,1
20,247,1
21,247,1
22,247,1
23,247,1
24,247,1
25,247,1
26,247,1
27,247,1
28,247,1
29,247,1
30,247,2
31,247,2
32,247,2
33,247,2
34,247,2
35,247,2
36,247,2
37,247,2
38,247,2
39,247,2
40,247,2
41,247,2
42,247,2
43,247,2
44,247,2
45,247,2
46,247,2
47,247,2
48,247,2
49,247,2
50,247,2
51,247,2
52,247,2
53,247,2
54,247,2
55,247,3
56,247,3
57,247,3
58,247,3
59,247,3
60,247,3
61,247,3
62,247,3
63,247,3
64,247,3
65,247,3
66,247,3
67,247,3
68,247,3
69,247,3
70,247,3
71,247,3
72,247,3
73,247,3
74,247,3
75,247,3
76,247,3
77,247,3
78,247,3
79,247,3
80,247,3
81,247,3
82,247,3
83,247,3
84,247,3
85,247,3
86,247,3
87,247,3
88,247,3
89,247,3
90,247,3
91,247,3
92,247,3
93,247,3
94,247,3
95,247,3
96,247,3
97,247,3
98,247,3
99,247,3
100,247,3
101,247,3
102,247,3
103,247,3
104,247,3
105,247,3
106,247,3
107,247,3
108,247,3
109,247,3
110,247,3
111,247,3
112,247,3
113,247,3
114,247,3
115,247,3
116,247,3
117,247,3
118,247,3
119,247,3
120,247,3
121,247,3
122,247,3
123,247,3
124,247,3
125,247,3
126,247,3
127,247,3
128,247,3
129,247,3
130,247,3
131,247,3
132,247,3
133,247,3
134,247,3
135,247,3
136,247,3
137,247,3
138,247,3
139,247,3
140,247,3
141,247,3
142,247,3
143,247,3
144,247,3
145,247,3
146,247,3
147,247,3
148,247,3
149,247,3
150,247,3
151,247,3
152,247,3
153,247,3
154,247,3
155,247,3
156,247,3
157,247,4
158,247,4
159,247,4
160,247,4
161,247,4
162,247,4
163,247,4
164,247,4
165,247,4
166,247,4
167,247,4
168,247,4
169,247,4
170,247,4
171,247,4
172,247,4
173,247,4
174,247,4
175,247,4
176,247,4
177,247,4
178,247,4
179,247,4
180,247,4
181,247,4
182,247,4
183,247,4
184,247,4
185,247,4
186,247,4
187,247,4
188,247,4
189,247,4
190,247,4
191,247,4
192,247,4
193,247,4
194,247,4
195,247,4
196,247,4
197,247,4
198,247,4
199,247,4
200,247,5
201,247,5
202,247,5
203,247,5
204,247,5
205,247,5
206,247,5
207,247,5
208,247,5
209,247,5
210,247,5
211,247,5
212,247,5
213,247,5
214,247,5
215,247,5
216,247,5
217,247,5
218,247,5
219,247,6
220,247,6
221,247,6
222,247,7
223,247,7
224,247,7
225,247,7
226,247,7
227,247,7
228,247,7
229,247,8
230,247,8
231,247,8
232,247,8
233,247,8
234,247,9
235,247,10
236,247,10
237,247,11
238,247,11
239,247,12
240,247,15
241,247,20
242,247,60
243,247,34
244,247,25
245,247,17
246,247,12
247,247,11
248,247,10
249,247,10
250,247,9
251,247,9
252,247,8
253,247,8
254,247,7
255,247,7
0,248,1
1,248,1
2,248,1
3,248,1
4,248,1
5,248,1
6,248,1
7,248,1
8,248,1
9,248,1
10,248,1
11,248,1
12,248,1
13,248,1
14,248,1
15,248,1
16,248,1
17,248,1
18,248,1
19,248,1
20,248,1
21,248,1
22,248,1
23,248,1
24,248,1
25,248,1
26,248,1
27,248,1
28,248,1
29,248,1
30,248,2
31,248,2
32,248,2
33,248,2
34,248,2
35,248,2
36,248,2
37,248,2
38,248,2
39,248,2
40,248,2
41,248,2
42,248,2
43,248,2
44,248,2
45,248,2
46,248,2
47,248,2
48,248,2
49,248,2
50,248,2
51,248,2
52,248,2
53,248,2
54,248,2
55,248,2
56,248,3
57,248,3
58,248,3
59,248,3
60,248,3
61,248,3
62,248,3
63,248,3
64,248,3
65,248,3
66,248,3
67,248,3
68,248,3
69,248,3
70,248,3
71,248,3
72,248,3
73,248,3
74,248,3
75,248,3
76,248,3
77,248,3
78,248,3
79,248,3
80,248,3
81,248,3
82,248,3
83,248,3
84,248,3
85,248,3
86,248,3
87,248,3
88,248,3
89,248,3
90,248,3
91,248,3
92,248,3
93,248,3
94,248,3
95,248,3
96,248,3
97,248,3
98,248,3
99,248,3
100,248,3
101,248,3
102,248,3
103,248,3
104,248,3
105,248,3
106,248,3
107,248,3
108,248,3
109,248,3
110,248,3
111,248,3
112,248,3
113,248,3
114,248,3
115,248,3
116,248,3
117,248,3
118,248,3
119,248,3
120,248,3
121,248,3
122,248,3
123,248,3
124,248,3
125,248,3
126,248,3
127,248,3
128,248,3
129,248,3
130,248,3
131,248,3
132,248,3
133,248,3
134,248,3
135,248,3
136,248,3
137,248,3
138,248,3
139,248,3
140,248,3
141,248,3
142,248,3
143,248,3
144,248,3
145,248,3
146,248,3
147,248,3
148,248,3
149,248,3
150,248,3
151,248,3
152,248,3
153,248,3
154,248,3
155,248,3
156,248,3
157,248,3
158,248,4
159,248,4
160,248,4
161,248,4
162,248,4
163,248,4
164,248,4
165,248,4
166,248,4
167,248,4
168,248,4
169,248,4
170,248,4
171,248,4
172,248,4
173,248,4
174,248,4
175,248,4
176,248,4
177,248,4
178,248,4
179,248,4
180,248,4
181,248,4
182,248,4
183,248,4
184,248,4
185,248,4
186,248,4
187,248,4
188,248,4
189,248,4
190,248,4
191,248,4
192,248,4
193,248,4
194,248,4
195,248,4
196,248,4
197,248,4
198,248,4
199,248,4
200,248,4
201,248,5
202,248,5
203,248,5
204,248,5
205,248,5
206,248,5
207,248,5
208,248,5
209,248,5
210,248,5
211,248,5
212,248,5
213,248,5
214,248,5
215,248,5
216,248,5
217,248,5
218,248,5
219,248,6
220,248,6
221,248,6
222,248,6
223,248,7
224,248,7
225,248,7
226,248,7
227,248,7
228,248,7
229,248,8
230,248,8
231,248,8
232,248,8
233,248,8
234,248,9
235,248,10
236,248,10
237,248,10
238,248,11
239,248,11
240,248,13
241,248,16
242,248,18
243,248,23
244,248,16
245,248,14
246,248,12
247,248,11
248,248,10
249,248,10
250,248,9
251,248,9
252,248,8
253,248,8
254,248,7
255,248,7
0,249,1
1,249,1
2,249,1
3,249,1
4,249,1
5,249,1
6,249,1
7,249,1
8,249,1
9,249,1
10,249,1
11,249,1
12,249,1
13,249,1
14,249,1
15,249,1
16,249,1
17,249,1
18,249,1
19,249,1
20,249,1
21,249,1
22,249,1
23,249,1
24,249,1
25,249,1
26,249,1
27,249,1
28,249,1
29,249,1
30,249,1
31,249,2
32,249,2
33,249,2
34,249,2
35,249,2
36,249,2
37,249,2
38,249,2
39,249,2
40,249,2
41,249,2
42,249,2
43,249,2
44,249,2
45,249,2
46,249,2
47,249,2
48,249,2
49,249,2
50,249,2
51,249,2
52,249,2
53,249,2
54,249,2
55,249,2
56,249,2
57,249,3
58,249,3
59,249,3
60,249,3
61,249,3
62,249,3
63,249,3
64,249,3
65,249,3
66,249,3
67,249,3
68,249,3
69,249,3
70,249,3
71,249,3
72,249,3
73,249,3
74,249,3
75,249,3
76,249,3
77,249,3
78,249,3
79,249,3
80,249,3
81,249,3
82,249,3
83,249,3
84,249,3
85,249,3
86,249,3
87,249,3
88,249,3
89,249,3
90,249,3
91,249,3
92,249,3
93,249,3
94,249,3
95,249,3
96,249,3
97,249,3
98,249,3
99,249,3
100,249,3
101,249,3
102,249,3
103,249,3
104,249,3
105,249,3
106,249,3
107,249,3
108,249,3
109,249,3
110,249,3
111,249,3
112,249,3
113,249,3
114,249,3
115,249,3
116,249,3
117,249,3
118,249,3
119,249,3
120,249,3
121,249,3
122,249,3
123,249,3
124,249,3
125,249,3
126,249,3
127,249,3
128,249,3
129,249,3
130,249,3
131,249,3
132,249,3
133,249,3
134,249,3
135,249,3
136,249,3
137,249,3
138,249,3
139,249,3
140,249,3
141,249,3
142,249,3
143,249,3
144,249,3
145,249,3
146,249,3
147,249,3
148,249,3
149,249,3
150,249,3
151,249,3
152,249,3
153,249,3
154,249,3
155,249,3
156,249,3
157,249,3
158,249,3
159,249,3
160,249,4
161,249,4
162,249,4
163,249,4
164,249,4
165,249,4
166,249,4
167,249,4
168,249,4
169,249,4
170,249,4
171,249,4
172,249,4
173,249,4
174,249,4
175,249,4
176,249,4
177,249,4
178,249,4
179,249,4
180,249,4
181,249,4
182,249,4
183,249,4
184,249,4
185,249,4
186,249,4
187,249,4
188,249,4
189,249,4
190,249,4
191,249,4
192,249,4
193,249,4
194,249,4
195,249,4
196,249,4
197,249,4
198,249,4
199,249,4
200,249,4
201,249,4
202,249,5
203,249,5
204,249,5
205,249,5
206,249,5
207,249,5
208,249,5
209,249,5
210,249,5
211,249,5
212,249,5
213,249,5
214,249,5
215,249,5
216,249,5
217,249,5
218,249,5
219,249,5
220,249,6
221,249,6
222,249,6
223,249,6
224,249,7
225,249,7
226,249,7
227,249,7
228,249,7
229,249,7
230,249,8
231,249,8
232,249,8
233,249,8
234,249,9
235,249,9
236,249,10
237,249,10
238,249,11
239,249,11
240,249,13
241,249,14
242,249,17
243,249,27
244,249,15
245,249,13
246,249,12
247,249,11
248,249,10
249,249,10
250,249,9
251,249,9
252,249,8
253,249,8
254,249,7
255,249,7
0,250,1
1,250,1
2,250,1
3,250,1
4,250,1
5,250,1
6,250,1
7,250,1
8,250,1
9,250,1
10,250,1
11,250,1
12,250,1
13,250,1
14,250,1
15,250,1
16,250,1
17,250,1
18,250,1
19,250,1
20,250,1
21,250,1
22,250,1
23,250,1
24,250,1
25,250,1
26,250,1
27,250,1
28,250,1
29,250,1
30,250,1
31,250,2
32,250,2
33,250,2
34,250,2
35,250,2
36,250,2
37,250,2
38,250,2
39,250,2
40,250,2
41,250,2
42,250,2
43,250,2
44,250,2
45,250,2
46,250,2
47,250,2
48,250,2
49,250,2
50,250,2
51,250,2
52,250,2
53,250,2
54,250,2
55,250,2
56,250,2
57,250,2
58,250,3
59,250,3
60,250,3
61,250,3
62,250,3
63,250,3
64,250,3
65,250,3
66,250,3
67,250,3
68,250,3
69,250,3
70,250,3
71,250,3
72,250,3
73,250,3
74,250,3
75,250,3
76,250,3
77,250,3
78,250,3
79,250,3
80,250,3
81,250,3
82,250,3
83,250,3
84,250,3
85,250,3
86,250,3
87,250,3
88,250,3
89,250,3
90,250,3
91,250,3
92,250,3
93,250,3
94,250,3
95,250,3
96,250,3
97,250,3
98,250,3
99,250,3
100,250,3
101,250,3
102,250,3
103,250,3
104,250,3
105,250,3
106,250,3
107,250,3
108,250,3
109,250,3
110,250,3
111,250,3
112,250,3
113,250,3
114,250,3
115,250,3
116,250,3
117,250,3
118,250,3
119,250,3
120,250,3
121,250,3
122,250,3
123,250,3
124,250,3
125,250,3
126,250,3
127,250,3
128,250,3
129,250,3
130,250,3
131,250,3
132,250,3
133,250,3
134,250,3
135,250,3
136,250,3
137,250,3
138,250,3
139,250,3
140,250,3
141,250,3
142,250,3
143,250,3
144,250,3
145,250,3
146,250,3
147,250,3
148,250,3
149,250,3
150,250,3
151,250,3
152,250,3
153,250,3
154,250,3
155,250,3
156,250,3
157,250,3
158,250,3
159,250,3
160,250,3
161,250,4
162,250,4
163,250,4
164,250,4
165,250,4
166,250,4
167,250,4
168,250,4
169,250,4
170,250,4
171,250,4
172,250,4
173,250,4
174,250,4
175,250,4
176,250,4
177,250,4
178,250,4
179,250,4
180,250,4
181,250,4
182,250,4
183,250,4
184,250,4
185,250,4
186,250,4
187,250,4
188,250,4
189,250,4
190,250,4
191,250,4
192,250,4
193,250,4
194,250,4
195,250,4
196,250,4
197,250,4
198,250,4
199,250,4
200,250,4
201,250,4
202,250,4
203,250,5
204,250,5
205,250,5
206,250,5
207,250,5
208,250,5
209,250,5
210,250,5
211,250,5
212,250,5
213,250,5
214,250,5
215,250,5
216,250,5
217,250,5
218,250,5
219,250,5
220,250,6
221,250,6
222,250,6
223,250,6
224,250,6
225,250,7
226,250,7
227,250,7
228,250,7
229,250,7
230,250,8
231,250,8
232,250,8
233,250,8
234,250,9
235,250,9
236,250,10
237,250,10
238,250,11
239,250,11
240,250,12
241,250,14
242,250,16
243,250,36
244,250,16
245,250,14
246,250,13
247,250,12
248,250,10
249,250,10
250,250,9
251,250,9
252,250,9
253,250,8
254,250,7
255,250,7
0,251,1
1,251,1
2,251,1
3,251,1
4,251,1
5,251,1
6,251,1
7,251,1
8,251,1
9,251,1
10,251,1
11,251,1
12,251,1
13,251,1
14,251,1
15,251,1
16,251,1
17,251,1
18,251,1
19,251,1
20,251,1
21,251,1
22,251,1
23,251,1
24,251,1
25,251,1
26,251,1
27,251,1
28,251,1
29,251,1
30,251,1
31,251,1
32,251,2
33,251,2
34,251,2
35,251,2
36,251,2
37,251,2
38,251,2
39,251,2
40,251,2
41,251,2
42,251,2
43,251,2
44,251,2
45,251,2
46,251,2
47,251,2
48,251,2
49,251,2
50,251,2
51,251,2
52,251,2
53,251,2
54,251,2
55,251,2
56,251,2
57,251,2
58,251,2
59,251,3
60,251,3
61,251,3
62,251,3
63,251,3
64,251,3
65,251,3
66,251,3
67,251,3
68,251,3
69,251,3
70,251,3
71,251,3
72,251,3
73,251,3
74,251,3
75,251,3
76,251,3
77,251,3
78,251,3
79,251,3
80,251,3
81,251,3
82,251,3
83,251,3
84,251,3
85,251,3
86,251,3
87,251,3
88,251,3
89,251,3
90,251,3
91,251,3
92,251,3
93,251,3
94,251,3
95,251,3
96,251,3
97,251,3
98,251,3
99,251,3
100,251,3
101,251,3
102,251,3
103,251,3
104,251,3
105,251,3
106,251,3
107,251,3
108,251,3
109,251,3
110,251,3
111,251,3
112,251,3
113,251,3
114,251,3
115,251,3
116,251,3
117,251,3
118,251,3
119,251,3
120,251,3
121,251,3
122,251,3
123,251,3
124,251,3
125,251,3
126,251,3
127,251,3
128,251,3
129,251,3
130,251,3
131,251,3
132,251,3
133,251,3
134,251,3
135,251,3
136,251,3
137,251,3
138,251,3
139,251,3
140,251,3
141,251,3
142,251,3
143,251,3
144,251,3
145,251,3
146,251,3
147,251,3
148,251,3
149,251,3
150,251,3
151,251,3
152,251,3
153,251,3
154,251,3
155,251,3
156,251,3
157,251,3
158,251,3
159,251,3
160,251,3
161,251,3
162,251,4
163,251,4
164,251,4
165,251,4
166,251,4
167,251,4
168,251,4
169,251,4
170,251,4
171,251,4
172,251,4
173,251,4
174,251,4
175,251,4
176,251,4
177,251,4
178,251,4
179,251,4
180,251,4
181,251,4
182,251,4
183,251,4
184,251,4
185,251,4
186,251,4
187,251,4
188,251,4
189,251,4
190,251,4
191,251,4
192,251,4
193,251,4
194,251,4
195,251,4
196,251,4
197,251,4
198,251,4
199,251,4
200,251,4
201,251,4
202,251,4
203,251,4
204,251,5
205,251,5
206,251,5
207,251,5
208,251,5
209,251,5
210,251,5
211,251,5
212,251,5
213,251,5
214,251,5
215,251,5
216,251,5
217,251,5
218,251,5
219,251,5
220,251,5
221,251,6
222,251,6
223,251,6
224,251,6
225,251,7
226,251,7
227,251,7
228,251,7
229,251,7
230,251,8
231,251,8
232,251,8
233,251,8
234,251,9
235,251,9
236,251,9
237,251,10
238,251,11
239,251,12
240,251,12
241,251,16
242,251,27
243,251,18
244,251,25
245,251,29
246,251,15
247,251,19
248,251,12
249,251,11
250,251,10
251,251,9
252,251,9
253,251,8
254,251,7
255,251,7
0,252,1
1,252,1
2,252,1
3,252,1
4,252,1
5,252,1
6,252,1
7,252,1
8,252,1
9,252,1
10,252,1
11,252,1
12,252,1
13,252,1
14,252,1
15,252,1
16,252,1
17,252,1
18,252,1
19,252,1
20,252,1
21,252,1
22,252,1
23,252,1
24,252,1
25,252,1
26,252,1
27,252,1
28,252,1
29,252,1
30,252,1
31,252,1
32,252,1
33,252,2
34,252,2
35,252,2
36,252,2
37,252,2
38,252,2
39,252,2
40,252,2
41,252,2
42,252,2
43,252,2
44,252,2
45,252,2
46,252,2
47,252,2
48,252,2
49,252,2
50,252,2
51,252,2
52,252,2
53,252,2
54,252,2
55,252,2
56,252,2
57,252,2
58,252,2
59,252,2
60,252,2
61,252,3
62,252,3
63,252,3
64,252,3
65,252,3
66,252,3
67,252,3
68,252,3
69,252,3
70,252,3
71,252,3
72,252,3
73,252,3
74,252,3
75,252,3
76,252,3
77,252,3
78,252,3
79,252,3
80,252,3
81,252,3
82,252,3
83,252,3
84,252,3
85,252,3
86,252,3
87,252,3
88,252,3
89,252,3
90,252,3
91,252,3
92,252,3
93,252,3
94,252,3
95,252,3
96,252,3
97,252,3
98,252,3
99,252,3
100,252,3
101,252,3
102,252,3
103,252,3
104,252,3
105,252,3
106,252,3
107,252,3
108,252,3
109,252,3
110,252,3
111,252,3
112,252,3
113,252,3
114,252,3
115,252,3
116,252,3
117,252,3
118,252,3
119,252,3
120,252,3
121,252,3
122,252,3
123,252,3
124,252,3
125,252,3
126,252,3
127,252,3
128,252,3
129,252,3
130,252,3
131,252,3
132,252,3
133,252,3
134,252,3
135,252,3
136,252,3
137,252,3
138,252,3
139,252,3
140,252,3
141,252,3
142,252,3
143,252,3
144,252,3
145,252,3
146,252,3
147,252,3
148,252,3
149,252,3
150,252,3
151,252,3
152,252,3
153,252,3
154,252,3
155,252,3
156,252,3
157,252,3
158,252,3
159,252,3
160,252,3
161,252,3
162,252,3
163,252,3
164,252,4
165,252,4
166,252,4
167,252,4
168,252,4
169,252,4
170,252,4
171,252,4
172,252,4
173,252,4
174,252,4
175,252,4
176,252,4
177,252,4
178,252,4
179,252,4
180,252,4
181,252,4
182,252,4
183,252,4
184,252,4
185,252,4
186,252,4
187,252,4
188,252,4
189,252,4
190,252,4
191,252,4
192,252,4
193,252,4
194,252,4
195,252,4
196,252,4
197,252,4
198,252,4
199,252,4
200,252,4
201,252,4
202,252,4
203,252,4
204,252,4
205,252,5
206,252,5
207,252,5
208,252,5
209,252,5
210,252,5
211,252,5
212,252,5
213,252,5
214,252,5
215,252,5
216,252,5
217,252,5
218,252,5
219,252,5
220,252,5
221,252,6
222,252,6
223,252,6
224,252,6
225,252,6
226,252,7
227,252,7
228,252,7
229,252,7
230,252,7
231,252,8
232,252,8
233,252,8
234,252,9
235,252,9
236,252,9
237,252,10
238,252,11
239,252,12
240,252,14
241,252,22
242,252,23
243,252,14
244,252,14
245,252,16
246,252,21
247,252,20
248,252,15
249,252,12
250,252,11
251,252,10
252,252,9
253,252,9
254,252,8
255,252,7
0,253,1
1,253,1
2,253,1
3,253,1
4,253,1
5,253,1
6,253,1
7,253,1
8,253,1
9,253,1
10,253,1
11,253,1
12,253,1
13,253,1
14,253,1
15,253,1
16,253,1
17,253,1
18,253,1
19,253,1
20,253,1
21,253,1
22,253,1
23,253,1
24,253,1
25,253,1
26,253,1
27,253,1
28,253,1
29,253,1
30,253,1
31,253,1
32,253,1
33,253,2
34,253,2
35,253,2
36,253,2
37,253,2
38,253,2
39,253,2
40,253,2
41,253,2
42,253,2
43,253,2
44,253,2
45,253,2
46,253,2
47,253,2
48,253,2
49,253,2
50,253,2
51,253,2
52,253,2
53,253,2
54,253,2
55,253,2
56,253,2
57,253,2
58,253,2
59,253,2
60,253,2
61,253,2
62,253,3
63,253,3
64,253,3
65,253,3
66,253,3
67,253,3
68,253,3
69,253,3
70,253,3
71,253,3
72,253,3
73,253,3
74,253,3
75,253,3
76,253,3
77,253,3
78,253,3
79,253,3
80,253,3
81,253,3
82,253,3
83,253,3
84,253,3
85,253,3
86,253,3
87,253,3
88,253,3
89,253,3
90,253,3
91,253,3
92,253,3
93,253,3
94,253,3
95,253,3
96,253,3
97,253,3
98,253,3
99,253,3
100,253,3
101,253,3
102,253,3
103,253,3
104,253,3
105,253,3
106,253,3
107,253,3
108,253,3
109,253,3
110,253,3
111,253,3
112,253,3
113,253,3
114,253,3
115,253,3
116,253,3
117,253,3
118,253,3
119,253,3
120,253,3
121,253,3
122,253,3
123,253,3
124,253,3
125,253,3
126,253,3
127,253,3
128,253,3
129,253,3
130,253,3
131,253,3
132,253,3
133,253,3
134,253,3
135,253,3
136,253,3
137,253,3
138,253,3
139,253,3
140,253,3
141,253,3
142,253,3
143,253,3
144,253,3
145,253,3
146,253,3
147,253,3
148,253,3
149,253,3
150,253,3
151,253,3
152,253,3
153,253,3
154,253,3
155,253,3
156,253,3
157,253,3
158,253,3
159,253,3
160,253,3
161,253,3
162,253,3
163,253,3
164,253,3
165,253,4
166,253,4
167,253,4
168,253,4
169,253,4
170,253,4
171,253,4
172,253,4
173,253,4
174,253,4
175,253,4
176,253,4
177,253,4
178,253,4
179,253,4
180,253,4
181,253,4
182,253,4
183,253,4
184,253,4
185,253,4
186,253,4
187,253,4
188,253,4
189,253,4
190,253,4
191,253,4
192,253,4
193,253,4
194,253,4
195,253,4
196,253,4
197,253,4
198,253,4
199,253,4
200,253,4
201,253,4
202,253,4
203,253,4
204,253,4
205,253,5
206,253,5
207,253,5
208,253,5
209,253,5
210,253,5
211,253,5
212,253,5
213,253,5
214,253,5
215,253,5
216,253,5
217,253,5
218,253,5
219,253,5
220,253,5
221,253,5
222,253,6
223,253,6
224,253,6
225,253,6
226,253,6
227,253,7
228,253,7
229,253,7
230,253,7
231,253,8
232,253,8
233,253,8
234,253,9
235,253,9
236,253,9
237,253,10
238,253,19
239,253,17
240,253,15
241,253,32
242,253,14
243,253,12
244,253,12
245,253,14
246,253,15
247,253,16
248,253,29
249,253,13
250,253,13
251,253,18
252,253,11
253,253,10
254,253,8
255,253,7
0,254,1
1,254,1
2,254,1
3,254,1
4,254,1
5,254,1
6,254,1
7,254,1
8,254,1
9,254,1
10,254,1
11,254,1
12,254,1
13,254,1
14,254,1
15,254,1
16,254,1
17,254,1
18,254,1
19,254,1
20,254,1
21,254,1
22,254,1
23,254,1
24,254,1
25,254,1
26,254,1
27,254,1
28,254,1
29,254,1
30,254,1
31,254,1
32,254,1
33,254,1
34,254,2
35,254,2
36,254,2
37,254,2
38,254,2
39,254,2
40,254,2
41,254,2
42,254,2
43,254,2
44,254,2
45,254,2
46,254,2
47,254,2
48,254,2
49,254,2
50,254,2
51,254,2
52,254,2
53,254,2
54,254,2
55,254,2
56,254,2
57,254,2
58,254,2
59,254,2
60,254,2
61,254,2
62,254,2
63,254,3
64,254,3
65,254,3
66,254,3
67,254,3
68,254,3
69,254,3
70,254,3
71,254,3
72,254,3
73,254,3
74,254,3
75,254,3
76,254,3
77,254,3
78,254,3
79,254,3
80,254,3
81,254,3
82,254,3
83,254,3
84,254,3
85,254,3
86,254,3
87,254,3
88,254,3
89,254,3
90,254,3
91,254,3
92,254,3
93,254,3
94,254,3
95,254,3
96,254,3
97,254,3
98,254,3
99,254,3
100,254,3
101,254,3
102,254,3
103,254,3
104,254,3
105,254,3
106,254,3
107,254,3
108,254,3
109,254,3
110,254,3
111,254,3
112,254,3
113,254,3
114,254,3
115,254,3
116,254,3
117,254,3
118,254,3
119,254,3
120,254,3
121,254,3
122,254,3
123,254,3
124,254,3
125,254,3
126,254,3
127,254,3
128,254,3
129,254,3
130,254,3
131,254,3
132,254,3
133,254,3
134,254,3
135,254,3
136,254,3
137,254,3
138,254,3
139,254,3
140,254,3
141,254,3
142,254,3
143,254,3
144,254,3
145,254,3
146,254,3
147,254,3
148,254,3
149,254,3
150,254,3
151,254,3
152,254,3
153,254,3
154,254,3
155,254,3
156,254,3
157,254,3
158,254,3
159,254,3
160,254,3
161,254,3
162,254,3
163,254,3
164,254,3
165,254,3
166,254,4
167,254,4
168,254,4
169,254,4
170,254,4
171,254,4
172,254,4
173,254,4
174,254,4
175,254,4
176,254,4
177,254,4
178,254,4
179,254,4
180,254,4
181,254,4
182,254,4
183,254,4
184,254,4
185,254,4
186,254,4
187,254,4
188,254,4
189,254,4
190,254,4
191,254,4
192,254,4
193,254,4
194,254,4
195,254,4
196,254,4
197,254,4
198,254,4
199,254,4
200,254,4
201,254,4
202,254,4
203,254,4
204,254,4
205,254,4
206,254,5
207,254,5
208,254,5
209,254,5
210,254,5
211,254,5
212,254,5
213,254,5
214,254,5
215,254,5
216,254,5
217,254,5
218,254,5
219,254,5
220,254,5
221,254,5
222,254,6
223,254,6
224,254,6
225,254,6
226,254,6
227,254,7
228,254,7
229,254,7
230,254,7
231,254,8
232,254,8
233,254,8
234,254,9
235,254,9
236,254,9
237,254,11
238,254,13
239,254,23
240,254,23
241,254,21
242,254,12
243,254,11
244,254,11
245,254,11
246,254,11
247,254,12
248,254,16
249,254,22
250,254,24
251,254,27
252,254,14
253,254,17
254,254,9
255,254,8
0,255,1
1,255,1
2,255,1
3,255,1
4,255,1
5,255,1
6,255,1
7,255,1
8,255,1
9,255,1
10,255,1
11,255,1
12,255,1
13,255,1
14,255,1
15,255,1
16,255,1
17,255,1
18,255,1
19,255,1
20,255,1
21,255,1
22,255,1
23,255,1
24,255,1
25,255,1
26,255,1
27,255,1
28,255,1
29,255,1
30,255,1
31,255,1
32,255,1
33,255,1
34,255,2
35,255,2
36,255,2
37,255,2
38,255,2
39,255,2
40,255,2
41,255,2
42,255,2
43,255,2
44,255,2
45,255,2
46,255,2
47,255,2
48,255,2
49,255,2
50,255,2
51,255,2
52,255,2
53,255,2
54,255,2
55,255,2
56,255,2
57,255,2
58,255,2
59,255,2
60,255,2
61,255,2
62,255,2
63,255,2
64,255,3
65,255,3
66,255,3
67,255,3
68,255,3
69,255,3
70,255,3
71,255,3
72,255,3
73,255,3
74,255,3
75,255,3
76,255,3
77,255,3
78,255,3
79,255,3
80,255,3
81,255,3
82,255,3
83,255,3
84,255,3
85,255,3
86,255,3
87,255,3
88,255,3
89,255,3
90,255,3
91,255,3
92,255,3
93,255,3
94,255,3
95,255,3
96,255,3
97,255,3
98,255,3
99,255,3
100,255,3
101,255,3
102,255,3
103,255,3
104,255,3
105,255,3
106,255,3
107,255,3
108,255,3
109,255,3
110,255,3
111,255,3
112,255,3
113,255,3
114,255,3
115,255,3
116,255,3
117,255,3
118,255,3
119,255,3
120,255,3
121,255,3
122,255,3
123,255,3
124,255,3
125,255,3
126,255,3
127,255,3
128,255,3
129,255,3
130,255,3
131,255,3
132,255,3
133,255,3
134,255,3
135,255,3
136,255,3
137,255,3
138,255,3
139,255,3
140,255,3
141,255,3
142,255,3
143,255,3
144,255,3
145,255,3
146,255,3
147,255,3
148,255,3
149,255,3
150,255,3
151,255,3
152,255,3
153,255,3
154,255,3
155,255,3
156,255,3
157,255,3
158,255,3
159,255,3
160,255,3
161,255,3
162,255,3
163,255,3
164,255,3
165,255,3
166,255,3
167,255,3
168,255,4
169,255,4
170,255,4
171,255,4
172,255,4
173,255,4
174,255,4
175,255,4
176,255,4
177,255,4
178,255,4
179,255,4
180,255,4
181,255,4
182,255,4
183,255,4
184,255,4
185,255,4
186,255,4
187,255,4
188,255,4
189,255,4
190,255,4
191,255,4
192,255,4
193,255,4
194,255,4
195,255,4
196,255,4
197,255,4
198,255,4
199,255,4
200,255,4
201,255,4
202,255,4
203,255,4
204,255,4
205,255,4
206,255,4
207,255,5
208,255,5
209,255,5
210,255,5
211,255,5
212,255,5
213,255,5
214,255,5
215,255,5
216,255,5
217,255,5
218,255,5
219,255,5
220,255,5
221,255,5
222,255,6
223,255,6
224,255,6
225,255,6
226,255,6
227,255,6
228,255,7
229,255,7
230,255,7
231,255,8
232,255,8
233,255,9
234,255,9
235,255,9
236,255,10
237,255,11
238,255,21
239,255,25
240,255,25
241,255,13
242,255,11
243,255,10
244,255,10
245,255,10
246,255,10
247,255,11
248,255,24
249,255,13
250,255,15
251,255,15
252,255,16
253,255,12
254,255,10
255,255,9
